x,y,xhat,yhat,belief_id,uncertainty
0,0,0,0,0,0
0,0,1,0,1,586
1,0,1,0,1,586
0,1,1,0,1,586
0,0,2,0,2,1134
1,0,2,0,2,1134
0,1,2,0,2,1134
2,0,2,0,2,1134
1,1,2,0,2,1134
0,2,2,0,2,1134
0,0,3,0,3,1644
1,0,3,0,3,1644
0,1,3,0,3,1644
1,0,1,0,0,0
2,0,3,0,3,1644
1,1,3,0,3,1644
0,1,0,1,0,0
0,2,3,0,3,1644
2,0,2,0,0,0
3,0,3,0,3,1644
2,1,3,0,3,1644
1,1,1,1,0,0
1,2,3,0,3,1644
0,2,0,2,0,0
0,3,3,0,3,1644
0,0,4,0,4,2120
1,0,4,0,4,2120
0,1,4,0,4,2120
2,0,4,0,4,2120
1,1,4,0,4,2120
0,2,4,0,4,2120
0,0,2,0,5,588
2,0,2,0,5,588
1,0,2,0,5,588
1,1,2,0,5,588
3,0,4,0,4,2120
2,1,4,0,4,2120
1,2,4,0,4,2120
0,3,4,0,4,2120
1,0,3,0,5,588
3,0,3,0,5,588
2,0,3,0,5,588
2,1,3,0,5,588
3,0,3,0,0,0
4,0,4,0,4,2120
3,1,4,0,4,2120
2,1,2,1,0,0
2,2,4,0,4,2120
0,1,1,0,6,588
2,1,1,0,6,588
1,0,1,0,6,588
1,2,1,0,6,588
1,2,1,2,0,0
1,3,4,0,4,2120
0,2,0,3,7,588
1,2,0,3,7,588
0,1,0,3,7,588
0,3,0,3,7,588
0,3,0,3,0,0
0,4,4,0,4,2120
0,0,4,1,8,2577
1,0,4,1,8,2577
0,1,4,1,8,2577
2,0,4,1,8,2577
1,1,4,1,8,2577
0,2,4,1,8,2577
3,0,4,1,8,2577
2,1,4,1,8,2577
1,2,4,1,8,2577
0,3,4,1,8,2577
0,0,3,0,9,1136
1,0,3,0,9,1136
0,1,3,0,9,1136
3,0,3,0,9,1136
2,0,3,0,9,1136
2,1,3,0,9,1136
1,1,3,0,9,1136
1,2,3,0,9,1136
4,0,4,1,8,2577
3,1,4,1,8,2577
2,2,4,1,8,2577
1,3,4,1,8,2577
0,4,4,1,8,2577
0,0,4,0,10,1136
2,0,4,0,10,1136
1,0,4,0,10,1136
1,1,4,0,10,1136
4,0,4,0,10,1136
3,0,4,0,10,1136
3,1,4,0,10,1136
2,1,4,0,10,1136
2,2,4,0,10,1136
2,0,4,0,5,588
4,0,4,0,5,588
3,0,4,0,5,588
3,1,4,0,5,588
4,0,4,0,0,0
5,0,4,1,8,2577
4,1,4,1,8,2577
3,1,3,1,0,0
3,2,4,1,8,2577
1,1,2,0,6,588
3,1,2,0,6,588
2,0,2,0,6,588
2,2,2,0,6,588
2,2,2,2,0,0
2,3,4,1,8,2577
0,1,2,0,11,1138
1,1,2,0,11,1138
0,0,2,0,11,1138
0,2,2,0,11,1138
3,1,2,0,11,1138
2,0,2,0,11,1138
2,2,2,0,11,1138
1,0,2,0,11,1138
1,3,2,0,11,1138
1,3,1,3,0,0
1,4,4,1,8,2577
0,2,1,3,12,1139
1,2,1,3,12,1139
0,1,1,3,12,1139
0,3,1,3,12,1139
2,2,1,3,12,1139
1,1,1,3,12,1139
1,3,1,3,12,1139
0,0,1,3,12,1139
0,4,1,3,12,1139
0,3,1,3,13,588
1,3,1,3,13,588
0,2,1,3,13,588
0,4,1,3,13,588
0,4,0,4,0,0
0,5,4,1,8,2577
0,0,4,2,14,3003
1,0,4,2,14,3003
0,1,4,2,14,3003
2,0,4,2,14,3003
1,1,4,2,14,3003
0,2,4,2,14,3003
3,0,4,2,14,3003
2,1,4,2,14,3003
1,2,4,2,14,3003
0,3,4,2,14,3003
4,0,4,2,14,3003
3,1,4,2,14,3003
2,2,4,2,14,3003
1,3,4,2,14,3003
0,4,4,2,14,3003
0,0,4,0,15,1646
1,0,4,0,15,1646
0,1,4,0,15,1646
2,0,4,0,15,1646
1,1,4,0,15,1646
0,2,4,0,15,1646
4,0,4,0,15,1646
3,0,4,0,15,1646
3,1,4,0,15,1646
2,1,4,0,15,1646
2,2,4,0,15,1646
1,2,4,0,15,1646
1,3,4,0,15,1646
5,0,4,2,14,3003
4,1,4,2,14,3003
3,2,4,2,14,3003
2,3,4,2,14,3003
1,4,4,2,14,3003
0,5,4,2,14,3003
0,0,4,1,16,1653
1,0,4,1,16,1653
0,1,4,1,16,1653
3,0,4,1,16,1653
2,0,4,1,16,1653
2,1,4,1,16,1653
1,1,4,1,16,1653
1,2,4,1,16,1653
5,0,4,1,16,1653
4,0,4,1,16,1653
4,1,4,1,16,1653
3,1,4,1,16,1653
3,2,4,1,16,1653
2,2,4,1,16,1653
2,3,4,1,16,1653
1,0,4,1,17,1139
3,0,4,1,17,1139
2,0,4,1,17,1139
2,1,4,1,17,1139
5,0,4,1,17,1139
4,0,4,1,17,1139
4,1,4,1,17,1139
3,1,4,1,17,1139
3,2,4,1,17,1139
3,0,4,1,18,588
5,0,4,1,18,588
4,0,4,1,18,588
4,1,4,1,18,588
5,0,5,0,0,0
6,0,4,2,14,3003
5,1,4,2,14,3003
4,1,4,1,0,0
4,2,4,2,14,3003
3,2,3,2,0,0
3,3,4,2,14,3003
0,1,3,0,19,1138
2,1,3,0,19,1138
1,0,3,0,19,1138
1,2,3,0,19,1138
4,1,3,0,19,1138
3,0,3,0,19,1138
3,2,3,0,19,1138
2,0,3,0,19,1138
2,3,3,0,19,1138
1,2,3,2,20,588
3,2,3,2,20,588
2,1,3,2,20,588
2,3,3,2,20,588
2,3,2,3,0,0
2,4,4,2,14,3003
0,1,3,0,21,1650
1,1,3,0,21,1650
0,0,3,0,21,1650
0,2,3,0,21,1650
2,1,3,0,21,1650
1,0,3,0,21,1650
1,2,3,0,21,1650
0,3,3,0,21,1650
4,1,3,0,21,1650
3,0,3,0,21,1650
3,2,3,0,21,1650
2,0,3,0,21,1650
2,3,3,0,21,1650
1,4,3,0,21,1650
0,3,1,4,22,588
2,3,1,4,22,588
1,2,1,4,22,588
1,4,1,4,22,588
1,4,1,4,0,0
1,5,4,2,14,3003
0,2,1,4,23,1653
1,2,1,4,23,1653
0,1,1,4,23,1653
0,3,1,4,23,1653
2,2,1,4,23,1653
1,1,1,4,23,1653
1,3,1,4,23,1653
0,0,1,4,23,1653
0,4,1,4,23,1653
3,2,1,4,23,1653
2,1,1,4,23,1653
2,3,1,4,23,1653
1,0,1,4,23,1653
1,4,1,4,23,1653
0,5,1,4,23,1653
0,3,1,4,24,1138
1,3,1,4,24,1138
0,2,1,4,24,1138
0,4,1,4,24,1138
2,3,1,4,24,1138
1,2,1,4,24,1138
1,4,1,4,24,1138
0,1,1,4,24,1138
0,5,1,4,24,1138
0,5,0,5,0,0
0,6,4,2,14,3003
0,0,4,3,25,3401
1,0,4,3,25,3401
0,1,4,3,25,3401
2,0,4,3,25,3401
1,1,4,3,25,3401
0,2,4,3,25,3401
3,0,4,3,25,3401
2,1,4,3,25,3401
1,2,4,3,25,3401
0,3,4,3,25,3401
4,0,4,3,25,3401
3,1,4,3,25,3401
2,2,4,3,25,3401
1,3,4,3,25,3401
0,4,4,3,25,3401
5,0,4,3,25,3401
4,1,4,3,25,3401
3,2,4,3,25,3401
2,3,4,3,25,3401
1,4,4,3,25,3401
0,5,4,3,25,3401
0,0,4,1,26,2132
1,0,4,1,26,2132
0,1,4,1,26,2132
2,0,4,1,26,2132
1,1,4,1,26,2132
0,2,4,1,26,2132
3,0,4,1,26,2132
2,1,4,1,26,2132
1,2,4,1,26,2132
0,3,4,1,26,2132
5,0,4,1,26,2132
4,0,4,1,26,2132
4,1,4,1,26,2132
3,1,4,1,26,2132
3,2,4,1,26,2132
2,2,4,1,26,2132
2,3,4,1,26,2132
1,3,4,1,26,2132
1,4,4,1,26,2132
6,0,4,3,25,3401
5,1,4,3,25,3401
4,2,4,3,25,3401
3,3,4,3,25,3401
2,4,4,3,25,3401
1,5,4,3,25,3401
0,6,4,3,25,3401
0,0,4,2,27,2137
1,0,4,2,27,2137
0,1,4,2,27,2137
2,0,4,2,27,2137
1,1,4,2,27,2137
0,2,4,2,27,2137
4,0,4,2,27,2137
3,0,4,2,27,2137
3,1,4,2,27,2137
2,1,4,2,27,2137
2,2,4,2,27,2137
1,2,4,2,27,2137
1,3,4,2,27,2137
6,0,4,2,27,2137
5,0,4,2,27,2137
5,1,4,2,27,2137
4,1,4,2,27,2137
4,2,4,2,27,2137
3,2,4,2,27,2137
3,3,4,2,27,2137
2,3,4,2,27,2137
2,4,4,2,27,2137
0,0,4,2,28,1655
2,0,4,2,28,1655
1,0,4,2,28,1655
1,1,4,2,28,1655
4,0,4,2,28,1655
3,0,4,2,28,1655
3,1,4,2,28,1655
2,1,4,2,28,1655
2,2,4,2,28,1655
6,0,4,2,28,1655
5,0,4,2,28,1655
5,1,4,2,28,1655
4,1,4,2,28,1655
4,2,4,2,28,1655
3,2,4,2,28,1655
3,3,4,2,28,1655
2,0,4,2,29,1138
4,0,4,2,29,1138
3,0,4,2,29,1138
3,1,4,2,29,1138
6,0,4,2,29,1138
5,0,4,2,29,1138
5,1,4,2,29,1138
4,1,4,2,29,1138
4,2,4,2,29,1138
4,0,4,0,30,588
6,0,4,0,30,588
5,0,4,0,30,588
5,1,4,0,30,588
6,0,6,0,0,0
7,0,4,3,25,3401
6,1,4,3,25,3401
5,1,5,1,0,0
5,2,4,3,25,3401
3,1,4,2,22,588
5,1,4,2,22,588
4,0,4,2,22,588
4,2,4,2,22,588
4,2,4,2,0,0
4,3,4,3,25,3401
2,2,4,2,20,588
4,2,4,2,20,588
3,1,4,2,20,588
3,3,4,2,20,588
3,3,3,3,0,0
3,4,4,3,25,3401
0,1,4,0,31,1650
1,1,4,0,31,1650
0,0,4,0,31,1650
0,2,4,0,31,1650
3,1,4,0,31,1650
2,0,4,0,31,1650
2,2,4,0,31,1650
1,0,4,0,31,1650
1,3,4,0,31,1650
5,1,4,0,31,1650
4,0,4,0,31,1650
4,2,4,0,31,1650
3,0,4,0,31,1650
3,3,4,0,31,1650
2,1,4,0,31,1650
2,4,4,0,31,1650
0,2,4,2,32,1136
2,2,4,2,32,1136
1,1,4,2,32,1136
1,3,4,2,32,1136
4,2,4,2,32,1136
3,1,4,2,32,1136
3,3,4,2,32,1136
2,0,4,2,32,1136
2,4,4,2,32,1136
2,4,2,4,0,0
2,5,4,3,25,3401
0,1,4,0,33,2127
1,1,4,0,33,2127
0,0,4,0,33,2127
0,2,4,0,33,2127
2,1,4,0,33,2127
1,0,4,0,33,2127
1,2,4,0,33,2127
0,3,4,0,33,2127
3,1,4,0,33,2127
2,0,4,0,33,2127
2,2,4,0,33,2127
1,3,4,0,33,2127
0,4,4,0,33,2127
5,1,4,0,33,2127
4,0,4,0,33,2127
4,2,4,0,33,2127
3,0,4,0,33,2127
3,3,4,0,33,2127
2,4,4,0,33,2127
1,5,4,0,33,2127
0,3,2,4,34,1138
1,3,2,4,34,1138
0,2,2,4,34,1138
0,4,2,4,34,1138
3,3,2,4,34,1138
2,2,2,4,34,1138
2,4,2,4,34,1138
1,1,2,4,34,1138
1,5,2,4,34,1138
0,4,2,4,20,588
2,4,2,4,20,588
1,3,2,4,20,588
1,5,2,4,20,588
1,5,1,5,0,0
1,6,4,3,25,3401
0,2,2,4,35,2135
1,2,2,4,35,2135
0,1,2,4,35,2135
0,3,2,4,35,2135
2,2,2,4,35,2135
1,1,2,4,35,2135
1,3,2,4,35,2135
0,0,2,4,35,2135
0,4,2,4,35,2135
3,2,2,4,35,2135
2,1,2,4,35,2135
2,3,2,4,35,2135
1,0,2,4,35,2135
1,4,2,4,35,2135
0,5,2,4,35,2135
4,2,2,4,35,2135
3,1,2,4,35,2135
3,3,2,4,35,2135
2,0,2,4,35,2135
2,4,2,4,35,2135
1,5,2,4,35,2135
0,6,2,4,35,2135
0,3,2,4,36,1651
1,3,2,4,36,1651
0,2,2,4,36,1651
0,4,2,4,36,1651
2,3,2,4,36,1651
1,2,2,4,36,1651
1,4,2,4,36,1651
0,1,2,4,36,1651
0,5,2,4,36,1651
3,3,2,4,36,1651
2,2,2,4,36,1651
2,4,2,4,36,1651
1,1,2,4,36,1651
1,5,2,4,36,1651
0,0,2,4,36,1651
0,6,2,4,36,1651
0,5,0,6,7,588
1,5,0,6,7,588
0,4,0,6,7,588
0,6,0,6,7,588
0,6,0,6,0,0
0,7,4,3,25,3401
0,0,4,4,37,3772
1,0,4,4,37,3772
0,1,4,4,37,3772
2,0,4,4,37,3772
1,1,4,4,37,3772
0,2,4,4,37,3772
3,0,4,4,37,3772
2,1,4,4,37,3772
1,2,4,4,37,3772
0,3,4,4,37,3772
4,0,4,4,37,3772
3,1,4,4,37,3772
2,2,4,4,37,3772
1,3,4,4,37,3772
0,4,4,4,37,3772
5,0,4,4,37,3772
4,1,4,4,37,3772
3,2,4,4,37,3772
2,3,4,4,37,3772
1,4,4,4,37,3772
0,5,4,4,37,3772
6,0,4,4,37,3772
5,1,4,4,37,3772
4,2,4,4,37,3772
3,3,4,4,37,3772
2,4,4,4,37,3772
1,5,4,4,37,3772
0,6,4,4,37,3772
0,0,4,2,38,2586
1,0,4,2,38,2586
0,1,4,2,38,2586
2,0,4,2,38,2586
1,1,4,2,38,2586
0,2,4,2,38,2586
3,0,4,2,38,2586
2,1,4,2,38,2586
1,2,4,2,38,2586
0,3,4,2,38,2586
4,0,4,2,38,2586
3,1,4,2,38,2586
2,2,4,2,38,2586
1,3,4,2,38,2586
0,4,4,2,38,2586
6,0,4,2,38,2586
5,0,4,2,38,2586
5,1,4,2,38,2586
4,1,4,2,38,2586
4,2,4,2,38,2586
3,2,4,2,38,2586
3,3,4,2,38,2586
2,3,4,2,38,2586
2,4,4,2,38,2586
1,4,4,2,38,2586
1,5,4,2,38,2586
7,0,4,4,37,3772
6,1,4,4,37,3772
5,2,4,4,37,3772
4,3,4,4,37,3772
3,4,4,4,37,3772
2,5,4,4,37,3772
1,6,4,4,37,3772
0,7,4,4,37,3772
0,0,4,3,39,2588
1,0,4,3,39,2588
0,1,4,3,39,2588
2,0,4,3,39,2588
1,1,4,3,39,2588
0,2,4,3,39,2588
3,0,4,3,39,2588
2,1,4,3,39,2588
1,2,4,3,39,2588
0,3,4,3,39,2588
5,0,4,3,39,2588
4,0,4,3,39,2588
4,1,4,3,39,2588
3,1,4,3,39,2588
3,2,4,3,39,2588
2,2,4,3,39,2588
2,3,4,3,39,2588
1,3,4,3,39,2588
1,4,4,3,39,2588
7,0,4,3,39,2588
6,0,4,3,39,2588
6,1,4,3,39,2588
5,1,4,3,39,2588
5,2,4,3,39,2588
4,2,4,3,39,2588
4,3,4,3,39,2588
3,3,4,3,39,2588
3,4,4,3,39,2588
2,4,4,3,39,2588
2,5,4,3,39,2588
0,0,4,3,40,2135
1,0,4,3,40,2135
0,1,4,3,40,2135
3,0,4,3,40,2135
2,0,4,3,40,2135
2,1,4,3,40,2135
1,1,4,3,40,2135
1,2,4,3,40,2135
5,0,4,3,40,2135
4,0,4,3,40,2135
4,1,4,3,40,2135
3,1,4,3,40,2135
3,2,4,3,40,2135
2,2,4,3,40,2135
2,3,4,3,40,2135
7,0,4,3,40,2135
6,0,4,3,40,2135
6,1,4,3,40,2135
5,1,4,3,40,2135
5,2,4,3,40,2135
4,2,4,3,40,2135
4,3,4,3,40,2135
3,3,4,3,40,2135
3,4,4,3,40,2135
1,0,4,3,41,1650
3,0,4,3,41,1650
2,0,4,3,41,1650
2,1,4,3,41,1650
5,0,4,3,41,1650
4,0,4,3,41,1650
4,1,4,3,41,1650
3,1,4,3,41,1650
3,2,4,3,41,1650
7,0,4,3,41,1650
6,0,4,3,41,1650
6,1,4,3,41,1650
5,1,4,3,41,1650
5,2,4,3,41,1650
4,2,4,3,41,1650
4,3,4,3,41,1650
3,0,4,1,42,1139
5,0,4,1,42,1139
4,0,4,1,42,1139
4,1,4,1,42,1139
7,0,4,1,42,1139
6,0,4,1,42,1139
6,1,4,1,42,1139
5,1,4,1,42,1139
5,2,4,1,42,1139
5,0,5,0,30,588
7,0,5,0,30,588
6,0,5,0,30,588
6,1,5,0,30,588
7,0,7,0,0,0
8,0,4,4,37,3772
7,1,4,4,37,3772
6,1,6,1,0,0
6,2,4,4,37,3772
4,1,4,1,43,588
6,1,4,1,43,588
5,0,4,1,43,588
5,2,4,1,43,588
5,2,5,2,0,0
5,3,4,4,37,3772
2,1,4,3,44,1136
4,1,4,3,44,1136
3,0,4,3,44,1136
3,2,4,3,44,1136
6,1,4,3,44,1136
5,0,4,3,44,1136
5,2,4,3,44,1136
4,0,4,3,44,1136
4,3,4,3,44,1136
3,2,4,3,22,588
5,2,4,3,22,588
4,1,4,3,22,588
4,3,4,3,22,588
4,3,4,3,0,0
4,4,4,4,37,3772
1,2,4,3,45,1138
3,2,4,3,45,1138
2,1,4,3,45,1138
2,3,4,3,45,1138
5,2,4,3,45,1138
4,1,4,3,45,1138
4,3,4,3,45,1138
3,0,4,3,45,1138
3,4,4,3,45,1138
3,4,3,4,0,0
3,5,4,4,37,3772
0,1,4,1,46,2132
1,1,4,1,46,2132
0,0,4,1,46,2132
0,2,4,1,46,2132
2,1,4,1,46,2132
1,0,4,1,46,2132
1,2,4,1,46,2132
0,3,4,1,46,2132
4,1,4,1,46,2132
3,0,4,1,46,2132
3,2,4,1,46,2132
2,0,4,1,46,2132
2,3,4,1,46,2132
1,4,4,1,46,2132
6,1,4,1,46,2132
5,0,4,1,46,2132
5,2,4,1,46,2132
4,0,4,1,46,2132
4,3,4,1,46,2132
3,1,4,1,46,2132
3,4,4,1,46,2132
2,2,4,1,46,2132
2,5,4,1,46,2132
0,2,4,3,47,1650
1,2,4,3,47,1650
0,1,4,3,47,1650
0,3,4,3,47,1650
3,2,4,3,47,1650
2,1,4,3,47,1650
2,3,4,3,47,1650
1,0,4,3,47,1650
1,4,4,3,47,1650
5,2,4,3,47,1650
4,1,4,3,47,1650
4,3,4,3,47,1650
3,0,4,3,47,1650
3,4,4,3,47,1650
2,0,4,3,47,1650
2,5,4,3,47,1650
1,4,3,4,20,588
3,4,3,4,20,588
2,3,3,4,20,588
2,5,3,4,20,588
2,5,2,5,0,0
2,6,4,4,37,3772
0,1,4,1,48,2579
1,1,4,1,48,2579
0,0,4,1,48,2579
0,2,4,1,48,2579
2,1,4,1,48,2579
1,0,4,1,48,2579
1,2,4,1,48,2579
0,3,4,1,48,2579
3,1,4,1,48,2579
2,0,4,1,48,2579
2,2,4,1,48,2579
1,3,4,1,48,2579
0,4,4,1,48,2579
4,1,4,1,48,2579
3,0,4,1,48,2579
3,2,4,1,48,2579
2,3,4,1,48,2579
1,4,4,1,48,2579
0,5,4,1,48,2579
6,1,4,1,48,2579
5,0,4,1,48,2579
5,2,4,1,48,2579
4,0,4,1,48,2579
4,3,4,1,48,2579
3,4,4,1,48,2579
2,5,4,1,48,2579
1,6,4,1,48,2579
0,3,3,4,49,1650
1,3,3,4,49,1650
0,2,3,4,49,1650
0,4,3,4,49,1650
2,3,3,4,49,1650
1,2,3,4,49,1650
1,4,3,4,49,1650
0,1,3,4,49,1650
0,5,3,4,49,1650
4,3,3,4,49,1650
3,2,3,4,49,1650
3,4,3,4,49,1650
2,1,3,4,49,1650
2,5,3,4,49,1650
1,0,3,4,49,1650
1,6,3,4,49,1650
0,4,3,4,50,1136
1,4,3,4,50,1136
0,3,3,4,50,1136
0,5,3,4,50,1136
3,4,3,4,50,1136
2,3,3,4,50,1136
2,5,3,4,50,1136
1,2,3,4,50,1136
1,6,3,4,50,1136
1,6,1,6,0,0
1,7,4,4,37,3772
0,2,3,4,51,2584
1,2,3,4,51,2584
0,1,3,4,51,2584
0,3,3,4,51,2584
2,2,3,4,51,2584
1,1,3,4,51,2584
1,3,3,4,51,2584
0,0,3,4,51,2584
0,4,3,4,51,2584
3,2,3,4,51,2584
2,1,3,4,51,2584
2,3,3,4,51,2584
1,0,3,4,51,2584
1,4,3,4,51,2584
0,5,3,4,51,2584
4,2,3,4,51,2584
3,1,3,4,51,2584
3,3,3,4,51,2584
2,0,3,4,51,2584
2,4,3,4,51,2584
1,5,3,4,51,2584
0,6,3,4,51,2584
5,2,3,4,51,2584
4,1,3,4,51,2584
4,3,3,4,51,2584
3,0,3,4,51,2584
3,4,3,4,51,2584
2,5,3,4,51,2584
1,6,3,4,51,2584
0,7,3,4,51,2584
0,3,3,4,52,2130
1,3,3,4,52,2130
0,2,3,4,52,2130
0,4,3,4,52,2130
2,3,3,4,52,2130
1,2,3,4,52,2130
1,4,3,4,52,2130
0,1,3,4,52,2130
0,5,3,4,52,2130
3,3,3,4,52,2130
2,2,3,4,52,2130
2,4,3,4,52,2130
1,1,3,4,52,2130
1,5,3,4,52,2130
0,0,3,4,52,2130
0,6,3,4,52,2130
4,3,3,4,52,2130
3,2,3,4,52,2130
3,4,3,4,52,2130
2,1,3,4,52,2130
2,5,3,4,52,2130
1,0,3,4,52,2130
1,6,3,4,52,2130
0,7,3,4,52,2130
0,5,1,6,12,1139
1,5,1,6,12,1139
0,4,1,6,12,1139
0,6,1,6,12,1139
2,5,1,6,12,1139
1,4,1,6,12,1139
1,6,1,6,12,1139
0,3,1,6,12,1139
0,7,1,6,12,1139
0,6,1,6,13,588
1,6,1,6,13,588
0,5,1,6,13,588
0,7,1,6,13,588
0,7,0,7,0,0
0,8,4,4,37,3772
0,0,4,5,53,4118
1,0,4,5,53,4118
0,1,4,5,53,4118
2,0,4,5,53,4118
1,1,4,5,53,4118
0,2,4,5,53,4118
3,0,4,5,53,4118
2,1,4,5,53,4118
1,2,4,5,53,4118
0,3,4,5,53,4118
4,0,4,5,53,4118
3,1,4,5,53,4118
2,2,4,5,53,4118
1,3,4,5,53,4118
0,4,4,5,53,4118
5,0,4,5,53,4118
4,1,4,5,53,4118
3,2,4,5,53,4118
2,3,4,5,53,4118
1,4,4,5,53,4118
0,5,4,5,53,4118
6,0,4,5,53,4118
5,1,4,5,53,4118
4,2,4,5,53,4118
3,3,4,5,53,4118
2,4,4,5,53,4118
1,5,4,5,53,4118
0,6,4,5,53,4118
7,0,4,5,53,4118
6,1,4,5,53,4118
5,2,4,5,53,4118
4,3,4,5,53,4118
3,4,4,5,53,4118
2,5,4,5,53,4118
1,6,4,5,53,4118
0,7,4,5,53,4118
0,0,4,3,54,3009
1,0,4,3,54,3009
0,1,4,3,54,3009
2,0,4,3,54,3009
1,1,4,3,54,3009
0,2,4,3,54,3009
3,0,4,3,54,3009
2,1,4,3,54,3009
1,2,4,3,54,3009
0,3,4,3,54,3009
4,0,4,3,54,3009
3,1,4,3,54,3009
2,2,4,3,54,3009
1,3,4,3,54,3009
0,4,4,3,54,3009
5,0,4,3,54,3009
4,1,4,3,54,3009
3,2,4,3,54,3009
2,3,4,3,54,3009
1,4,4,3,54,3009
0,5,4,3,54,3009
7,0,4,3,54,3009
6,0,4,3,54,3009
6,1,4,3,54,3009
5,1,4,3,54,3009
5,2,4,3,54,3009
4,2,4,3,54,3009
4,3,4,3,54,3009
3,3,4,3,54,3009
3,4,4,3,54,3009
2,4,4,3,54,3009
2,5,4,3,54,3009
1,5,4,3,54,3009
1,6,4,3,54,3009
8,0,4,5,53,4118
7,1,4,5,53,4118
6,2,4,5,53,4118
5,3,4,5,53,4118
4,4,4,5,53,4118
3,5,4,5,53,4118
2,6,4,5,53,4118
1,7,4,5,53,4118
0,8,4,5,53,4118
0,0,4,4,55,3008
1,0,4,4,55,3008
0,1,4,4,55,3008
2,0,4,4,55,3008
1,1,4,4,55,3008
0,2,4,4,55,3008
3,0,4,4,55,3008
2,1,4,4,55,3008
1,2,4,4,55,3008
0,3,4,4,55,3008
4,0,4,4,55,3008
3,1,4,4,55,3008
2,2,4,4,55,3008
1,3,4,4,55,3008
0,4,4,4,55,3008
6,0,4,4,55,3008
5,0,4,4,55,3008
5,1,4,4,55,3008
4,1,4,4,55,3008
4,2,4,4,55,3008
3,2,4,4,55,3008
3,3,4,4,55,3008
2,3,4,4,55,3008
2,4,4,4,55,3008
1,4,4,4,55,3008
1,5,4,4,55,3008
8,0,4,4,55,3008
7,0,4,4,55,3008
7,1,4,4,55,3008
6,1,4,4,55,3008
6,2,4,4,55,3008
5,2,4,4,55,3008
5,3,4,4,55,3008
4,3,4,4,55,3008
4,4,4,4,55,3008
3,4,4,4,55,3008
3,5,4,4,55,3008
2,5,4,4,55,3008
2,6,4,4,55,3008
0,0,4,4,56,2583
1,0,4,4,56,2583
0,1,4,4,56,2583
2,0,4,4,56,2583
1,1,4,4,56,2583
0,2,4,4,56,2583
4,0,4,4,56,2583
3,0,4,4,56,2583
3,1,4,4,56,2583
2,1,4,4,56,2583
2,2,4,4,56,2583
1,2,4,4,56,2583
1,3,4,4,56,2583
6,0,4,4,56,2583
5,0,4,4,56,2583
5,1,4,4,56,2583
4,1,4,4,56,2583
4,2,4,4,56,2583
3,2,4,4,56,2583
3,3,4,4,56,2583
2,3,4,4,56,2583
2,4,4,4,56,2583
8,0,4,4,56,2583
7,0,4,4,56,2583
7,1,4,4,56,2583
6,1,4,4,56,2583
6,2,4,4,56,2583
5,2,4,4,56,2583
5,3,4,4,56,2583
4,3,4,4,56,2583
4,4,4,4,56,2583
3,4,4,4,56,2583
3,5,4,4,56,2583
0,0,4,4,57,2127
2,0,4,4,57,2127
1,0,4,4,57,2127
1,1,4,4,57,2127
4,0,4,4,57,2127
3,0,4,4,57,2127
3,1,4,4,57,2127
2,1,4,4,57,2127
2,2,4,4,57,2127
6,0,4,4,57,2127
5,0,4,4,57,2127
5,1,4,4,57,2127
4,1,4,4,57,2127
4,2,4,4,57,2127
3,2,4,4,57,2127
3,3,4,4,57,2127
8,0,4,4,57,2127
7,0,4,4,57,2127
7,1,4,4,57,2127
6,1,4,4,57,2127
6,2,4,4,57,2127
5,2,4,4,57,2127
5,3,4,4,57,2127
4,3,4,4,57,2127
4,4,4,4,57,2127
2,0,4,2,58,1655
4,0,4,2,58,1655
3,0,4,2,58,1655
3,1,4,2,58,1655
6,0,4,2,58,1655
5,0,4,2,58,1655
5,1,4,2,58,1655
4,1,4,2,58,1655
4,2,4,2,58,1655
8,0,4,2,58,1655
7,0,4,2,58,1655
7,1,4,2,58,1655
6,1,4,2,58,1655
6,2,4,2,58,1655
5,2,4,2,58,1655
5,3,4,2,58,1655
4,0,4,0,59,1136
6,0,4,0,59,1136
5,0,4,0,59,1136
5,1,4,0,59,1136
8,0,4,0,59,1136
7,0,4,0,59,1136
7,1,4,0,59,1136
6,1,4,0,59,1136
6,2,4,0,59,1136
6,0,8,0,5,588
8,0,8,0,5,588
7,0,8,0,5,588
7,1,8,0,5,588
8,0,8,0,0,0
9,0,4,5,53,4118
8,1,4,5,53,4118
7,1,7,1,0,0
7,2,4,5,53,4118
5,1,6,0,6,588
7,1,6,0,6,588
6,0,6,0,6,588
6,2,6,0,6,588
6,2,6,2,0,0
6,3,4,5,53,4118
3,1,4,2,60,1138
5,1,4,2,60,1138
4,0,4,2,60,1138
4,2,4,2,60,1138
7,1,4,2,60,1138
6,0,4,2,60,1138
6,2,4,2,60,1138
5,0,4,2,60,1138
5,3,4,2,60,1138
5,3,5,3,0,0
5,4,4,5,53,4118
1,1,4,4,61,1646
3,1,4,4,61,1646
2,0,4,4,61,1646
2,2,4,4,61,1646
5,1,4,4,61,1646
4,0,4,4,61,1646
4,2,4,4,61,1646
3,0,4,4,61,1646
3,3,4,4,61,1646
7,1,4,4,61,1646
6,0,4,4,61,1646
6,2,4,4,61,1646
5,0,4,4,61,1646
5,3,4,4,61,1646
4,1,4,4,61,1646
4,4,4,4,61,1646
2,2,4,4,62,1136
4,2,4,4,62,1136
3,1,4,4,62,1136
3,3,4,4,62,1136
6,2,4,4,62,1136
5,1,4,4,62,1136
5,3,4,4,62,1136
4,0,4,4,62,1136
4,4,4,4,62,1136
3,3,4,4,22,588
5,3,4,4,22,588
4,2,4,4,22,588
4,4,4,4,22,588
4,4,4,4,0,0
4,5,4,5,53,4118
0,2,4,4,63,1650
2,2,4,4,63,1650
1,1,4,4,63,1650
1,3,4,4,63,1650
4,2,4,4,63,1650
3,1,4,4,63,1650
3,3,4,4,63,1650
2,0,4,4,63,1650
2,4,4,4,63,1650
6,2,4,4,63,1650
5,1,4,4,63,1650
5,3,4,4,63,1650
4,0,4,4,63,1650
4,4,4,4,63,1650
3,0,4,4,63,1650
3,5,4,4,63,1650
2,4,4,4,20,588
4,4,4,4,20,588
3,3,4,4,20,588
3,5,4,4,20,588
3,5,3,5,0,0
3,6,4,5,53,4118
0,1,4,2,64,2583
1,1,4,2,64,2583
0,0,4,2,64,2583
0,2,4,2,64,2583
2,1,4,2,64,2583
1,0,4,2,64,2583
1,2,4,2,64,2583
0,3,4,2,64,2583
3,1,4,2,64,2583
2,0,4,2,64,2583
2,2,4,2,64,2583
1,3,4,2,64,2583
0,4,4,2,64,2583
5,1,4,2,64,2583
4,0,4,2,64,2583
4,2,4,2,64,2583
3,0,4,2,64,2583
3,3,4,2,64,2583
2,4,4,2,64,2583
1,5,4,2,64,2583
7,1,4,2,64,2583
6,0,4,2,64,2583
6,2,4,2,64,2583
5,0,4,2,64,2583
5,3,4,2,64,2583
4,1,4,2,64,2583
4,4,4,2,64,2583
3,2,4,2,64,2583
3,5,4,2,64,2583
2,3,4,2,64,2583
2,6,4,2,64,2583
0,2,4,4,65,2128
1,2,4,4,65,2128
0,1,4,4,65,2128
0,3,4,4,65,2128
2,2,4,4,65,2128
1,1,4,4,65,2128
1,3,4,4,65,2128
0,0,4,4,65,2128
0,4,4,4,65,2128
4,2,4,4,65,2128
3,1,4,4,65,2128
3,3,4,4,65,2128
2,0,4,4,65,2128
2,4,4,4,65,2128
1,0,4,4,65,2128
1,5,4,4,65,2128
6,2,4,4,65,2128
5,1,4,4,65,2128
5,3,4,4,65,2128
4,0,4,4,65,2128
4,4,4,4,65,2128
3,0,4,4,65,2128
3,5,4,4,65,2128
2,1,4,4,65,2128
2,6,4,4,65,2128
0,4,4,4,32,1136
2,4,4,4,32,1136
1,3,4,4,32,1136
1,5,4,4,32,1136
4,4,4,4,32,1136
3,3,4,4,32,1136
3,5,4,4,32,1136
2,2,4,4,32,1136
2,6,4,4,32,1136
2,6,2,6,0,0
2,7,4,5,53,4118
0,1,4,2,66,3003
1,1,4,2,66,3003
0,0,4,2,66,3003
0,2,4,2,66,3003
2,1,4,2,66,3003
1,0,4,2,66,3003
1,2,4,2,66,3003
0,3,4,2,66,3003
3,1,4,2,66,3003
2,0,4,2,66,3003
2,2,4,2,66,3003
1,3,4,2,66,3003
0,4,4,2,66,3003
4,1,4,2,66,3003
3,0,4,2,66,3003
3,2,4,2,66,3003
2,3,4,2,66,3003
1,4,4,2,66,3003
0,5,4,2,66,3003
5,1,4,2,66,3003
4,0,4,2,66,3003
4,2,4,2,66,3003
3,3,4,2,66,3003
2,4,4,2,66,3003
1,5,4,2,66,3003
0,6,4,2,66,3003
7,1,4,2,66,3003
6,0,4,2,66,3003
6,2,4,2,66,3003
5,0,4,2,66,3003
5,3,4,2,66,3003
4,4,4,2,66,3003
3,5,4,2,66,3003
2,6,4,2,66,3003
1,7,4,2,66,3003
0,3,4,4,67,2127
1,3,4,4,67,2127
0,2,4,4,67,2127
0,4,4,4,67,2127
2,3,4,4,67,2127
1,2,4,4,67,2127
1,4,4,4,67,2127
0,1,4,4,67,2127
0,5,4,4,67,2127
3,3,4,4,67,2127
2,2,4,4,67,2127
2,4,4,4,67,2127
1,1,4,4,67,2127
1,5,4,4,67,2127
0,0,4,4,67,2127
0,6,4,4,67,2127
5,3,4,4,67,2127
4,2,4,4,67,2127
4,4,4,4,67,2127
3,1,4,4,67,2127
3,5,4,4,67,2127
2,0,4,4,67,2127
2,6,4,4,67,2127
1,0,4,4,67,2127
1,7,4,4,67,2127
0,4,4,4,68,1646
1,4,4,4,68,1646
0,3,4,4,68,1646
0,5,4,4,68,1646
2,4,4,4,68,1646
1,3,4,4,68,1646
1,5,4,4,68,1646
0,2,4,4,68,1646
0,6,4,4,68,1646
4,4,4,4,68,1646
3,3,4,4,68,1646
3,5,4,4,68,1646
2,2,4,4,68,1646
2,6,4,4,68,1646
1,1,4,4,68,1646
1,7,4,4,68,1646
0,6,2,6,20,588
2,6,2,6,20,588
1,5,2,6,20,588
1,7,2,6,20,588
1,7,1,7,0,0
1,8,4,5,53,4118
0,2,4,4,69,3003
1,2,4,4,69,3003
0,1,4,4,69,3003
0,3,4,4,69,3003
2,2,4,4,69,3003
1,1,4,4,69,3003
1,3,4,4,69,3003
0,0,4,4,69,3003
0,4,4,4,69,3003
3,2,4,4,69,3003
2,1,4,4,69,3003
2,3,4,4,69,3003
1,0,4,4,69,3003
1,4,4,4,69,3003
0,5,4,4,69,3003
4,2,4,4,69,3003
3,1,4,4,69,3003
3,3,4,4,69,3003
2,0,4,4,69,3003
2,4,4,4,69,3003
1,5,4,4,69,3003
0,6,4,4,69,3003
5,2,4,4,69,3003
4,1,4,4,69,3003
4,3,4,4,69,3003
3,0,4,4,69,3003
3,4,4,4,69,3003
2,5,4,4,69,3003
1,6,4,4,69,3003
0,7,4,4,69,3003
6,2,4,4,69,3003
5,1,4,4,69,3003
5,3,4,4,69,3003
4,0,4,4,69,3003
4,4,4,4,69,3003
3,5,4,4,69,3003
2,6,4,4,69,3003
1,7,4,4,69,3003
0,8,4,4,69,3003
0,3,4,4,70,2576
1,3,4,4,70,2576
0,2,4,4,70,2576
0,4,4,4,70,2576
2,3,4,4,70,2576
1,2,4,4,70,2576
1,4,4,4,70,2576
0,1,4,4,70,2576
0,5,4,4,70,2576
3,3,4,4,70,2576
2,2,4,4,70,2576
2,4,4,4,70,2576
1,1,4,4,70,2576
1,5,4,4,70,2576
0,0,4,4,70,2576
0,6,4,4,70,2576
4,3,4,4,70,2576
3,2,4,4,70,2576
3,4,4,4,70,2576
2,1,4,4,70,2576
2,5,4,4,70,2576
1,0,4,4,70,2576
1,6,4,4,70,2576
0,7,4,4,70,2576
5,3,4,4,70,2576
4,2,4,4,70,2576
4,4,4,4,70,2576
3,1,4,4,70,2576
3,5,4,4,70,2576
2,0,4,4,70,2576
2,6,4,4,70,2576
1,7,4,4,70,2576
0,8,4,4,70,2576
0,5,2,6,71,1655
1,5,2,6,71,1655
0,4,2,6,71,1655
0,6,2,6,71,1655
2,5,2,6,71,1655
1,4,2,6,71,1655
1,6,2,6,71,1655
0,3,2,6,71,1655
0,7,2,6,71,1655
3,5,2,6,71,1655
2,4,2,6,71,1655
2,6,2,6,71,1655
1,3,2,6,71,1655
1,7,2,6,71,1655
0,2,2,6,71,1655
0,8,2,6,71,1655
0,6,2,6,72,1138
1,6,2,6,72,1138
0,5,2,6,72,1138
0,7,2,6,72,1138
2,6,2,6,72,1138
1,5,2,6,72,1138
1,7,2,6,72,1138
0,4,2,6,72,1138
0,8,2,6,72,1138
0,7,0,6,73,588
1,7,0,6,73,588
0,6,0,6,73,588
0,8,0,6,73,588
0,8,0,8,0,0
0,9,4,5,53,4118
0,0,4,6,74,4441
1,0,4,6,74,4441
0,1,4,6,74,4441
2,0,4,6,74,4441
1,1,4,6,74,4441
0,2,4,6,74,4441
3,0,4,6,74,4441
2,1,4,6,74,4441
1,2,4,6,74,4441
0,3,4,6,74,4441
4,0,4,6,74,4441
3,1,4,6,74,4441
2,2,4,6,74,4441
1,3,4,6,74,4441
0,4,4,6,74,4441
5,0,4,6,74,4441
4,1,4,6,74,4441
3,2,4,6,74,4441
2,3,4,6,74,4441
1,4,4,6,74,4441
0,5,4,6,74,4441
6,0,4,6,74,4441
5,1,4,6,74,4441
4,2,4,6,74,4441
3,3,4,6,74,4441
2,4,4,6,74,4441
1,5,4,6,74,4441
0,6,4,6,74,4441
7,0,4,6,74,4441
6,1,4,6,74,4441
5,2,4,6,74,4441
4,3,4,6,74,4441
3,4,4,6,74,4441
2,5,4,6,74,4441
1,6,4,6,74,4441
0,7,4,6,74,4441
8,0,4,6,74,4441
7,1,4,6,74,4441
6,2,4,6,74,4441
5,3,4,6,74,4441
4,4,4,6,74,4441
3,5,4,6,74,4441
2,6,4,6,74,4441
1,7,4,6,74,4441
0,8,4,6,74,4441
0,0,4,4,75,3404
1,0,4,4,75,3404
0,1,4,4,75,3404
2,0,4,4,75,3404
1,1,4,4,75,3404
0,2,4,4,75,3404
3,0,4,4,75,3404
2,1,4,4,75,3404
1,2,4,4,75,3404
0,3,4,4,75,3404
4,0,4,4,75,3404
3,1,4,4,75,3404
2,2,4,4,75,3404
1,3,4,4,75,3404
0,4,4,4,75,3404
5,0,4,4,75,3404
4,1,4,4,75,3404
3,2,4,4,75,3404
2,3,4,4,75,3404
1,4,4,4,75,3404
0,5,4,4,75,3404
6,0,4,4,75,3404
5,1,4,4,75,3404
4,2,4,4,75,3404
3,3,4,4,75,3404
2,4,4,4,75,3404
1,5,4,4,75,3404
0,6,4,4,75,3404
8,0,4,4,75,3404
7,0,4,4,75,3404
7,1,4,4,75,3404
6,1,4,4,75,3404
6,2,4,4,75,3404
5,2,4,4,75,3404
5,3,4,4,75,3404
4,3,4,4,75,3404
4,4,4,4,75,3404
3,4,4,4,75,3404
3,5,4,4,75,3404
2,5,4,4,75,3404
2,6,4,4,75,3404
1,6,4,4,75,3404
1,7,4,4,75,3404
9,0,4,6,74,4441
8,1,4,6,74,4441
7,2,4,6,74,4441
6,3,4,6,74,4441
5,4,4,6,74,4441
4,5,4,6,74,4441
3,6,4,6,74,4441
2,7,4,6,74,4441
1,8,4,6,74,4441
0,9,4,6,74,4441
0,0,4,5,76,3399
1,0,4,5,76,3399
0,1,4,5,76,3399
2,0,4,5,76,3399
1,1,4,5,76,3399
0,2,4,5,76,3399
3,0,4,5,76,3399
2,1,4,5,76,3399
1,2,4,5,76,3399
0,3,4,5,76,3399
4,0,4,5,76,3399
3,1,4,5,76,3399
2,2,4,5,76,3399
1,3,4,5,76,3399
0,4,4,5,76,3399
5,0,4,5,76,3399
4,1,4,5,76,3399
3,2,4,5,76,3399
2,3,4,5,76,3399
1,4,4,5,76,3399
0,5,4,5,76,3399
7,0,4,5,76,3399
6,0,4,5,76,3399
6,1,4,5,76,3399
5,1,4,5,76,3399
5,2,4,5,76,3399
4,2,4,5,76,3399
4,3,4,5,76,3399
3,3,4,5,76,3399
3,4,4,5,76,3399
2,4,4,5,76,3399
2,5,4,5,76,3399
1,5,4,5,76,3399
1,6,4,5,76,3399
9,0,4,5,76,3399
8,0,4,5,76,3399
8,1,4,5,76,3399
7,1,4,5,76,3399
7,2,4,5,76,3399
6,2,4,5,76,3399
6,3,4,5,76,3399
5,3,4,5,76,3399
5,4,4,5,76,3399
4,4,4,5,76,3399
4,5,4,5,76,3399
3,5,4,5,76,3399
3,6,4,5,76,3399
2,6,4,5,76,3399
2,7,4,5,76,3399
0,0,4,5,77,3000
1,0,4,5,77,3000
0,1,4,5,77,3000
2,0,4,5,77,3000
1,1,4,5,77,3000
0,2,4,5,77,3000
3,0,4,5,77,3000
2,1,4,5,77,3000
1,2,4,5,77,3000
0,3,4,5,77,3000
5,0,4,5,77,3000
4,0,4,5,77,3000
4,1,4,5,77,3000
3,1,4,5,77,3000
3,2,4,5,77,3000
2,2,4,5,77,3000
2,3,4,5,77,3000
1,3,4,5,77,3000
1,4,4,5,77,3000
7,0,4,5,77,3000
6,0,4,5,77,3000
6,1,4,5,77,3000
5,1,4,5,77,3000
5,2,4,5,77,3000
4,2,4,5,77,3000
4,3,4,5,77,3000
3,3,4,5,77,3000
3,4,4,5,77,3000
2,4,4,5,77,3000
2,5,4,5,77,3000
9,0,4,5,77,3000
8,0,4,5,77,3000
8,1,4,5,77,3000
7,1,4,5,77,3000
7,2,4,5,77,3000
6,2,4,5,77,3000
6,3,4,5,77,3000
5,3,4,5,77,3000
5,4,4,5,77,3000
4,4,4,5,77,3000
4,5,4,5,77,3000
3,5,4,5,77,3000
3,6,4,5,77,3000
0,0,4,5,78,2572
1,0,4,5,78,2572
0,1,4,5,78,2572
3,0,4,5,78,2572
2,0,4,5,78,2572
2,1,4,5,78,2572
1,1,4,5,78,2572
1,2,4,5,78,2572
5,0,4,5,78,2572
4,0,4,5,78,2572
4,1,4,5,78,2572
3,1,4,5,78,2572
3,2,4,5,78,2572
2,2,4,5,78,2572
2,3,4,5,78,2572
7,0,4,5,78,2572
6,0,4,5,78,2572
6,1,4,5,78,2572
5,1,4,5,78,2572
5,2,4,5,78,2572
4,2,4,5,78,2572
4,3,4,5,78,2572
3,3,4,5,78,2572
3,4,4,5,78,2572
9,0,4,5,78,2572
8,0,4,5,78,2572
8,1,4,5,78,2572
7,1,4,5,78,2572
7,2,4,5,78,2572
6,2,4,5,78,2572
6,3,4,5,78,2572
5,3,4,5,78,2572
5,4,4,5,78,2572
4,4,4,5,78,2572
4,5,4,5,78,2572
1,0,4,3,79,2135
3,0,4,3,79,2135
2,0,4,3,79,2135
2,1,4,3,79,2135
5,0,4,3,79,2135
4,0,4,3,79,2135
4,1,4,3,79,2135
3,1,4,3,79,2135
3,2,4,3,79,2135
7,0,4,3,79,2135
6,0,4,3,79,2135
6,1,4,3,79,2135
5,1,4,3,79,2135
5,2,4,3,79,2135
4,2,4,3,79,2135
4,3,4,3,79,2135
9,0,4,3,79,2135
8,0,4,3,79,2135
8,1,4,3,79,2135
7,1,4,3,79,2135
7,2,4,3,79,2135
6,2,4,3,79,2135
6,3,4,3,79,2135
5,3,4,3,79,2135
5,4,4,3,79,2135
3,0,4,1,80,1653
5,0,4,1,80,1653
4,0,4,1,80,1653
4,1,4,1,80,1653
7,0,4,1,80,1653
6,0,4,1,80,1653
6,1,4,1,80,1653
5,1,4,1,80,1653
5,2,4,1,80,1653
9,0,4,1,80,1653
8,0,4,1,80,1653
8,1,4,1,80,1653
7,1,4,1,80,1653
7,2,4,1,80,1653
6,2,4,1,80,1653
6,3,4,1,80,1653
5,0,9,0,10,1136
7,0,9,0,10,1136
6,0,9,0,10,1136
6,1,9,0,10,1136
9,0,9,0,10,1136
8,0,9,0,10,1136
8,1,9,0,10,1136
7,1,9,0,10,1136
7,2,9,0,10,1136
7,0,9,0,5,588
9,0,9,0,5,588
8,0,9,0,5,588
8,1,9,0,5,588
9,0,9,0,0,0
9,1,4,6,74,4441
8,1,8,1,0,0
8,2,4,6,74,4441
7,2,7,2,0,0
7,3,4,6,74,4441
4,1,5,0,81,1138
6,1,5,0,81,1138
5,0,5,0,81,1138
5,2,5,0,81,1138
8,1,5,0,81,1138
7,0,5,0,81,1138
7,2,5,0,81,1138
6,0,5,0,81,1138
6,3,5,0,81,1138
6,3,6,3,0,0
6,4,4,6,74,4441
2,1,4,3,82,1650
4,1,4,3,82,1650
3,0,4,3,82,1650
3,2,4,3,82,1650
6,1,4,3,82,1650
5,0,4,3,82,1650
5,2,4,3,82,1650
4,0,4,3,82,1650
4,3,4,3,82,1650
8,1,4,3,82,1650
7,0,4,3,82,1650
7,2,4,3,82,1650
6,0,4,3,82,1650
6,3,4,3,82,1650
5,1,4,3,82,1650
5,4,4,3,82,1650
4,3,5,4,22,588
6,3,5,4,22,588
5,2,5,4,22,588
5,4,5,4,22,588
5,4,5,4,0,0
5,5,4,6,74,4441
0,1,4,5,83,2122
2,1,4,5,83,2122
1,0,4,5,83,2122
1,2,4,5,83,2122
4,1,4,5,83,2122
3,0,4,5,83,2122
3,2,4,5,83,2122
2,0,4,5,83,2122
2,3,4,5,83,2122
6,1,4,5,83,2122
5,0,4,5,83,2122
5,2,4,5,83,2122
4,0,4,5,83,2122
4,3,4,5,83,2122
3,1,4,5,83,2122
3,4,4,5,83,2122
8,1,4,5,83,2122
7,0,4,5,83,2122
7,2,4,5,83,2122
6,0,4,5,83,2122
6,3,4,5,83,2122
5,1,4,5,83,2122
5,4,4,5,83,2122
4,2,4,5,83,2122
4,5,4,5,83,2122
1,2,4,5,84,1646
3,2,4,5,84,1646
2,1,4,5,84,1646
2,3,4,5,84,1646
5,2,4,5,84,1646
4,1,4,5,84,1646
4,3,4,5,84,1646
3,0,4,5,84,1646
3,4,4,5,84,1646
7,2,4,5,84,1646
6,1,4,5,84,1646
6,3,4,5,84,1646
5,0,4,5,84,1646
5,4,4,5,84,1646
4,0,4,5,84,1646
4,5,4,5,84,1646
2,3,4,5,62,1136
4,3,4,5,62,1136
3,2,4,5,62,1136
3,4,4,5,62,1136
6,3,4,5,62,1136
5,2,4,5,62,1136
5,4,4,5,62,1136
4,1,4,5,62,1136
4,5,4,5,62,1136
3,4,4,5,22,588
5,4,4,5,22,588
4,3,4,5,22,588
4,5,4,5,22,588
4,5,4,5,0,0
4,6,4,6,74,4441
0,2,4,5,85,2127
1,2,4,5,85,2127
0,1,4,5,85,2127
0,3,4,5,85,2127
3,2,4,5,85,2127
2,1,4,5,85,2127
2,3,4,5,85,2127
1,0,4,5,85,2127
1,4,4,5,85,2127
5,2,4,5,85,2127
4,1,4,5,85,2127
4,3,4,5,85,2127
3,0,4,5,85,2127
3,4,4,5,85,2127
2,0,4,5,85,2127
2,5,4,5,85,2127
7,2,4,5,85,2127
6,1,4,5,85,2127
6,3,4,5,85,2127
5,0,4,5,85,2127
5,4,4,5,85,2127
4,0,4,5,85,2127
4,5,4,5,85,2127
3,1,4,5,85,2127
3,6,4,5,85,2127
1,4,4,5,45,1138
3,4,4,5,45,1138
2,3,4,5,45,1138
2,5,4,5,45,1138
5,4,4,5,45,1138
4,3,4,5,45,1138
4,5,4,5,45,1138
3,2,4,5,45,1138
3,6,4,5,45,1138
2,5,3,6,22,588
4,5,3,6,22,588
3,4,3,6,22,588
3,6,3,6,22,588
3,6,3,6,0,0
3,7,4,6,74,4441
0,1,4,3,86,3003
1,1,4,3,86,3003
0,0,4,3,86,3003
0,2,4,3,86,3003
2,1,4,3,86,3003
1,0,4,3,86,3003
1,2,4,3,86,3003
0,3,4,3,86,3003
3,1,4,3,86,3003
2,0,4,3,86,3003
2,2,4,3,86,3003
1,3,4,3,86,3003
0,4,4,3,86,3003
4,1,4,3,86,3003
3,0,4,3,86,3003
3,2,4,3,86,3003
2,3,4,3,86,3003
1,4,4,3,86,3003
0,5,4,3,86,3003
6,1,4,3,86,3003
5,0,4,3,86,3003
5,2,4,3,86,3003
4,0,4,3,86,3003
4,3,4,3,86,3003
3,4,4,3,86,3003
2,5,4,3,86,3003
1,6,4,3,86,3003
8,1,4,3,86,3003
7,0,4,3,86,3003
7,2,4,3,86,3003
6,0,4,3,86,3003
6,3,4,3,86,3003
5,1,4,3,86,3003
5,4,4,3,86,3003
4,2,4,3,86,3003
4,5,4,3,86,3003
3,3,4,3,86,3003
3,6,4,3,86,3003
2,4,4,3,86,3003
2,7,4,3,86,3003
0,2,4,5,87,2574
1,2,4,5,87,2574
0,1,4,5,87,2574
0,3,4,5,87,2574
2,2,4,5,87,2574
1,1,4,5,87,2574
1,3,4,5,87,2574
0,0,4,5,87,2574
0,4,4,5,87,2574
3,2,4,5,87,2574
2,1,4,5,87,2574
2,3,4,5,87,2574
1,0,4,5,87,2574
1,4,4,5,87,2574
0,5,4,5,87,2574
5,2,4,5,87,2574
4,1,4,5,87,2574
4,3,4,5,87,2574
3,0,4,5,87,2574
3,4,4,5,87,2574
2,0,4,5,87,2574
2,5,4,5,87,2574
1,6,4,5,87,2574
7,2,4,5,87,2574
6,1,4,5,87,2574
6,3,4,5,87,2574
5,0,4,5,87,2574
5,4,4,5,87,2574
4,0,4,5,87,2574
4,5,4,5,87,2574
3,1,4,5,87,2574
3,6,4,5,87,2574
2,7,4,5,87,2574
0,4,4,5,88,1650
1,4,4,5,88,1650
0,3,4,5,88,1650
0,5,4,5,88,1650
3,4,4,5,88,1650
2,3,4,5,88,1650
2,5,4,5,88,1650
1,2,4,5,88,1650
1,6,4,5,88,1650
5,4,4,5,88,1650
4,3,4,5,88,1650
4,5,4,5,88,1650
3,2,4,5,88,1650
3,6,4,5,88,1650
2,1,4,5,88,1650
2,7,4,5,88,1650
1,6,3,6,20,588
3,6,3,6,20,588
2,5,3,6,20,588
2,7,3,6,20,588
2,7,2,7,0,0
2,8,4,6,74,4441
0,1,4,3,89,3398
1,1,4,3,89,3398
0,0,4,3,89,3398
0,2,4,3,89,3398
2,1,4,3,89,3398
1,0,4,3,89,3398
1,2,4,3,89,3398
0,3,4,3,89,3398
3,1,4,3,89,3398
2,0,4,3,89,3398
2,2,4,3,89,3398
1,3,4,3,89,3398
0,4,4,3,89,3398
4,1,4,3,89,3398
3,0,4,3,89,3398
3,2,4,3,89,3398
2,3,4,3,89,3398
1,4,4,3,89,3398
0,5,4,3,89,3398
5,1,4,3,89,3398
4,0,4,3,89,3398
4,2,4,3,89,3398
3,3,4,3,89,3398
2,4,4,3,89,3398
1,5,4,3,89,3398
0,6,4,3,89,3398
6,1,4,3,89,3398
5,0,4,3,89,3398
5,2,4,3,89,3398
4,3,4,3,89,3398
3,4,4,3,89,3398
2,5,4,3,89,3398
1,6,4,3,89,3398
0,7,4,3,89,3398
8,1,4,3,89,3398
7,0,4,3,89,3398
7,2,4,3,89,3398
6,0,4,3,89,3398
6,3,4,3,89,3398
5,4,4,3,89,3398
4,5,4,3,89,3398
3,6,4,3,89,3398
2,7,4,3,89,3398
1,8,4,3,89,3398
0,3,4,5,90,2574
1,3,4,5,90,2574
0,2,4,5,90,2574
0,4,4,5,90,2574
2,3,4,5,90,2574
1,2,4,5,90,2574
1,4,4,5,90,2574
0,1,4,5,90,2574
0,5,4,5,90,2574
3,3,4,5,90,2574
2,2,4,5,90,2574
2,4,4,5,90,2574
1,1,4,5,90,2574
1,5,4,5,90,2574
0,0,4,5,90,2574
0,6,4,5,90,2574
4,3,4,5,90,2574
3,2,4,5,90,2574
3,4,4,5,90,2574
2,1,4,5,90,2574
2,5,4,5,90,2574
1,0,4,5,90,2574
1,6,4,5,90,2574
0,7,4,5,90,2574
6,3,4,5,90,2574
5,2,4,5,90,2574
5,4,4,5,90,2574
4,1,4,5,90,2574
4,5,4,5,90,2574
3,0,4,5,90,2574
3,6,4,5,90,2574
2,0,4,5,90,2574
2,7,4,5,90,2574
1,8,4,5,90,2574
0,4,4,5,91,2127
1,4,4,5,91,2127
0,3,4,5,91,2127
0,5,4,5,91,2127
2,4,4,5,91,2127
1,3,4,5,91,2127
1,5,4,5,91,2127
0,2,4,5,91,2127
0,6,4,5,91,2127
3,4,4,5,91,2127
2,3,4,5,91,2127
2,5,4,5,91,2127
1,2,4,5,91,2127
1,6,4,5,91,2127
0,1,4,5,91,2127
0,7,4,5,91,2127
5,4,4,5,91,2127
4,3,4,5,91,2127
4,5,4,5,91,2127
3,2,4,5,91,2127
3,6,4,5,91,2127
2,1,4,5,91,2127
2,7,4,5,91,2127
1,0,4,5,91,2127
1,8,4,5,91,2127
0,6,3,6,50,1136
1,6,3,6,50,1136
0,5,3,6,50,1136
0,7,3,6,50,1136
3,6,3,6,50,1136
2,5,3,6,50,1136
2,7,3,6,50,1136
1,4,3,6,50,1136
1,8,3,6,50,1136
0,7,1,6,6,588
2,7,1,6,6,588
1,6,1,6,6,588
1,8,1,6,6,588
1,8,1,8,0,0
1,9,4,6,74,4441
0,2,4,5,92,3395
1,2,4,5,92,3395
0,1,4,5,92,3395
0,3,4,5,92,3395
2,2,4,5,92,3395
1,1,4,5,92,3395
1,3,4,5,92,3395
0,0,4,5,92,3395
0,4,4,5,92,3395
3,2,4,5,92,3395
2,1,4,5,92,3395
2,3,4,5,92,3395
1,0,4,5,92,3395
1,4,4,5,92,3395
0,5,4,5,92,3395
4,2,4,5,92,3395
3,1,4,5,92,3395
3,3,4,5,92,3395
2,0,4,5,92,3395
2,4,4,5,92,3395
1,5,4,5,92,3395
0,6,4,5,92,3395
5,2,4,5,92,3395
4,1,4,5,92,3395
4,3,4,5,92,3395
3,0,4,5,92,3395
3,4,4,5,92,3395
2,5,4,5,92,3395
1,6,4,5,92,3395
0,7,4,5,92,3395
6,2,4,5,92,3395
5,1,4,5,92,3395
5,3,4,5,92,3395
4,0,4,5,92,3395
4,4,4,5,92,3395
3,5,4,5,92,3395
2,6,4,5,92,3395
1,7,4,5,92,3395
0,8,4,5,92,3395
7,2,4,5,92,3395
6,1,4,5,92,3395
6,3,4,5,92,3395
5,0,4,5,92,3395
5,4,4,5,92,3395
4,5,4,5,92,3395
3,6,4,5,92,3395
2,7,4,5,92,3395
1,8,4,5,92,3395
0,9,4,5,92,3395
0,3,4,5,93,2995
1,3,4,5,93,2995
0,2,4,5,93,2995
0,4,4,5,93,2995
2,3,4,5,93,2995
1,2,4,5,93,2995
1,4,4,5,93,2995
0,1,4,5,93,2995
0,5,4,5,93,2995
3,3,4,5,93,2995
2,2,4,5,93,2995
2,4,4,5,93,2995
1,1,4,5,93,2995
1,5,4,5,93,2995
0,0,4,5,93,2995
0,6,4,5,93,2995
4,3,4,5,93,2995
3,2,4,5,93,2995
3,4,4,5,93,2995
2,1,4,5,93,2995
2,5,4,5,93,2995
1,0,4,5,93,2995
1,6,4,5,93,2995
0,7,4,5,93,2995
5,3,4,5,93,2995
4,2,4,5,93,2995
4,4,4,5,93,2995
3,1,4,5,93,2995
3,5,4,5,93,2995
2,0,4,5,93,2995
2,6,4,5,93,2995
1,7,4,5,93,2995
0,8,4,5,93,2995
6,3,4,5,93,2995
5,2,4,5,93,2995
5,4,4,5,93,2995
4,1,4,5,93,2995
4,5,4,5,93,2995
3,0,4,5,93,2995
3,6,4,5,93,2995
2,7,4,5,93,2995
1,8,4,5,93,2995
0,9,4,5,93,2995
0,5,3,6,94,2135
1,5,3,6,94,2135
0,4,3,6,94,2135
0,6,3,6,94,2135
2,5,3,6,94,2135
1,4,3,6,94,2135
1,6,3,6,94,2135
0,3,3,6,94,2135
0,7,3,6,94,2135
3,5,3,6,94,2135
2,4,3,6,94,2135
2,6,3,6,94,2135
1,3,3,6,94,2135
1,7,3,6,94,2135
0,2,3,6,94,2135
0,8,3,6,94,2135
4,5,3,6,94,2135
3,4,3,6,94,2135
3,6,3,6,94,2135
2,3,3,6,94,2135
2,7,3,6,94,2135
1,2,3,6,94,2135
1,8,3,6,94,2135
0,1,3,6,94,2135
0,9,3,6,94,2135
0,6,3,6,95,1650
1,6,3,6,95,1650
0,5,3,6,95,1650
0,7,3,6,95,1650
2,6,3,6,95,1650
1,5,3,6,95,1650
1,7,3,6,95,1650
0,4,3,6,95,1650
0,8,3,6,95,1650
3,6,3,6,95,1650
2,5,3,6,95,1650
2,7,3,6,95,1650
1,4,3,6,95,1650
1,8,3,6,95,1650
0,3,3,6,95,1650
0,9,3,6,95,1650
0,7,1,6,96,1139
1,7,1,6,96,1139
0,6,1,6,96,1139
0,8,1,6,96,1139
2,7,1,6,96,1139
1,6,1,6,96,1139
1,8,1,6,96,1139
0,5,1,6,96,1139
0,9,1,6,96,1139
0,8,0,7,73,588
1,8,0,7,73,588
0,7,0,7,73,588
0,9,0,7,73,588
0,9,0,9,0,0
0,0,4,5,97,3772
1,0,4,5,97,3772
0,1,4,5,97,3772
2,0,4,5,97,3772
1,1,4,5,97,3772
0,2,4,5,97,3772
3,0,4,5,97,3772
2,1,4,5,97,3772
1,2,4,5,97,3772
0,3,4,5,97,3772
4,0,4,5,97,3772
3,1,4,5,97,3772
2,2,4,5,97,3772
1,3,4,5,97,3772
0,4,4,5,97,3772
5,0,4,5,97,3772
4,1,4,5,97,3772
3,2,4,5,97,3772
2,3,4,5,97,3772
1,4,4,5,97,3772
0,5,4,5,97,3772
6,0,4,5,97,3772
5,1,4,5,97,3772
4,2,4,5,97,3772
3,3,4,5,97,3772
2,4,4,5,97,3772
1,5,4,5,97,3772
0,6,4,5,97,3772
7,0,4,5,97,3772
6,1,4,5,97,3772
5,2,4,5,97,3772
4,3,4,5,97,3772
3,4,4,5,97,3772
2,5,4,5,97,3772
1,6,4,5,97,3772
0,7,4,5,97,3772
9,0,4,5,97,3772
8,0,4,5,97,3772
8,1,4,5,97,3772
7,1,4,5,97,3772
7,2,4,5,97,3772
6,2,4,5,97,3772
6,3,4,5,97,3772
5,3,4,5,97,3772
5,4,4,5,97,3772
4,4,4,5,97,3772
4,5,4,5,97,3772
3,5,4,5,97,3772
3,6,4,5,97,3772
2,6,4,5,97,3772
2,7,4,5,97,3772
1,7,4,5,97,3772
1,8,4,5,97,3772
0,0,4,6,98,3765
1,0,4,6,98,3765
0,1,4,6,98,3765
2,0,4,6,98,3765
1,1,4,6,98,3765
0,2,4,6,98,3765
3,0,4,6,98,3765
2,1,4,6,98,3765
1,2,4,6,98,3765
0,3,4,6,98,3765
4,0,4,6,98,3765
3,1,4,6,98,3765
2,2,4,6,98,3765
1,3,4,6,98,3765
0,4,4,6,98,3765
5,0,4,6,98,3765
4,1,4,6,98,3765
3,2,4,6,98,3765
2,3,4,6,98,3765
1,4,4,6,98,3765
0,5,4,6,98,3765
6,0,4,6,98,3765
5,1,4,6,98,3765
4,2,4,6,98,3765
3,3,4,6,98,3765
2,4,4,6,98,3765
1,5,4,6,98,3765
0,6,4,6,98,3765
8,0,4,6,98,3765
7,0,4,6,98,3765
7,1,4,6,98,3765
6,1,4,6,98,3765
6,2,4,6,98,3765
5,2,4,6,98,3765
5,3,4,6,98,3765
4,3,4,6,98,3765
4,4,4,6,98,3765
3,4,4,6,98,3765
3,5,4,6,98,3765
2,5,4,6,98,3765
2,6,4,6,98,3765
1,6,4,6,98,3765
1,7,4,6,98,3765
9,0,4,6,98,3765
9,1,4,6,98,3765
8,1,4,6,98,3765
8,2,4,6,98,3765
7,2,4,6,98,3765
7,3,4,6,98,3765
6,3,4,6,98,3765
6,4,4,6,98,3765
5,4,4,6,98,3765
5,5,4,6,98,3765
4,5,4,6,98,3765
4,6,4,6,98,3765
3,6,4,6,98,3765
3,7,4,6,98,3765
2,7,4,6,98,3765
2,8,4,6,98,3765
0,0,4,6,99,3389
1,0,4,6,99,3389
0,1,4,6,99,3389
2,0,4,6,99,3389
1,1,4,6,99,3389
0,2,4,6,99,3389
3,0,4,6,99,3389
2,1,4,6,99,3389
1,2,4,6,99,3389
0,3,4,6,99,3389
4,0,4,6,99,3389
3,1,4,6,99,3389
2,2,4,6,99,3389
1,3,4,6,99,3389
0,4,4,6,99,3389
6,0,4,6,99,3389
5,0,4,6,99,3389
5,1,4,6,99,3389
4,1,4,6,99,3389
4,2,4,6,99,3389
3,2,4,6,99,3389
3,3,4,6,99,3389
2,3,4,6,99,3389
2,4,4,6,99,3389
1,4,4,6,99,3389
1,5,4,6,99,3389
8,0,4,6,99,3389
7,0,4,6,99,3389
7,1,4,6,99,3389
6,1,4,6,99,3389
6,2,4,6,99,3389
5,2,4,6,99,3389
5,3,4,6,99,3389
4,3,4,6,99,3389
4,4,4,6,99,3389
3,4,4,6,99,3389
3,5,4,6,99,3389
2,5,4,6,99,3389
2,6,4,6,99,3389
9,0,4,6,99,3389
9,1,4,6,99,3389
8,1,4,6,99,3389
8,2,4,6,99,3389
7,2,4,6,99,3389
7,3,4,6,99,3389
6,3,4,6,99,3389
6,4,4,6,99,3389
5,4,4,6,99,3389
5,5,4,6,99,3389
4,5,4,6,99,3389
4,6,4,6,99,3389
3,6,4,6,99,3389
3,7,4,6,99,3389
0,0,4,6,100,2987
1,0,4,6,100,2987
0,1,4,6,100,2987
2,0,4,6,100,2987
1,1,4,6,100,2987
0,2,4,6,100,2987
4,0,4,6,100,2987
3,0,4,6,100,2987
3,1,4,6,100,2987
2,1,4,6,100,2987
2,2,4,6,100,2987
1,2,4,6,100,2987
1,3,4,6,100,2987
6,0,4,6,100,2987
5,0,4,6,100,2987
5,1,4,6,100,2987
4,1,4,6,100,2987
4,2,4,6,100,2987
3,2,4,6,100,2987
3,3,4,6,100,2987
2,3,4,6,100,2987
2,4,4,6,100,2987
8,0,4,6,100,2987
7,0,4,6,100,2987
7,1,4,6,100,2987
6,1,4,6,100,2987
6,2,4,6,100,2987
5,2,4,6,100,2987
5,3,4,6,100,2987
4,3,4,6,100,2987
4,4,4,6,100,2987
3,4,4,6,100,2987
3,5,4,6,100,2987
9,0,4,6,100,2987
9,1,4,6,100,2987
8,1,4,6,100,2987
8,2,4,6,100,2987
7,2,4,6,100,2987
7,3,4,6,100,2987
6,3,4,6,100,2987
6,4,4,6,100,2987
5,4,4,6,100,2987
5,5,4,6,100,2987
4,5,4,6,100,2987
4,6,4,6,100,2987
0,0,4,4,101,2583
2,0,4,4,101,2583
1,0,4,4,101,2583
1,1,4,4,101,2583
4,0,4,4,101,2583
3,0,4,4,101,2583
3,1,4,4,101,2583
2,1,4,4,101,2583
2,2,4,4,101,2583
6,0,4,4,101,2583
5,0,4,4,101,2583
5,1,4,4,101,2583
4,1,4,4,101,2583
4,2,4,4,101,2583
3,2,4,4,101,2583
3,3,4,4,101,2583
8,0,4,4,101,2583
7,0,4,4,101,2583
7,1,4,4,101,2583
6,1,4,4,101,2583
6,2,4,4,101,2583
5,2,4,4,101,2583
5,3,4,4,101,2583
4,3,4,4,101,2583
4,4,4,4,101,2583
9,0,4,4,101,2583
9,1,4,4,101,2583
8,1,4,4,101,2583
8,2,4,4,101,2583
7,2,4,4,101,2583
7,3,4,4,101,2583
6,3,4,4,101,2583
6,4,4,4,101,2583
5,4,4,4,101,2583
5,5,4,4,101,2583
2,0,4,2,102,2137
4,0,4,2,102,2137
3,0,4,2,102,2137
3,1,4,2,102,2137
6,0,4,2,102,2137
5,0,4,2,102,2137
5,1,4,2,102,2137
4,1,4,2,102,2137
4,2,4,2,102,2137
8,0,4,2,102,2137
7,0,4,2,102,2137
7,1,4,2,102,2137
6,1,4,2,102,2137
6,2,4,2,102,2137
5,2,4,2,102,2137
5,3,4,2,102,2137
9,0,4,2,102,2137
9,1,4,2,102,2137
8,1,4,2,102,2137
8,2,4,2,102,2137
7,2,4,2,102,2137
7,3,4,2,102,2137
6,3,4,2,102,2137
6,4,4,2,102,2137
4,0,9,1,103,1651
6,0,9,1,103,1651
5,0,9,1,103,1651
5,1,9,1,103,1651
8,0,9,1,103,1651
7,0,9,1,103,1651
7,1,9,1,103,1651
6,1,9,1,103,1651
6,2,9,1,103,1651
9,0,9,1,103,1651
9,1,9,1,103,1651
8,1,9,1,103,1651
8,2,9,1,103,1651
7,2,9,1,103,1651
7,3,9,1,103,1651
6,0,9,1,104,1138
8,0,9,1,104,1138
7,0,9,1,104,1138
7,1,9,1,104,1138
9,0,9,1,104,1138
9,1,9,1,104,1138
8,1,9,1,104,1138
8,2,9,1,104,1138
8,0,9,1,105,586
9,0,9,1,105,586
9,1,9,1,105,586
9,1,9,1,0,0
7,1,9,1,20,588
9,1,9,1,20,588
8,0,9,1,20,588
8,2,9,1,20,588
8,2,8,2,0,0
7,3,7,3,0,0
3,1,4,0,106,1650
5,1,4,0,106,1650
4,0,4,0,106,1650
4,2,4,0,106,1650
7,1,4,0,106,1650
6,0,4,0,106,1650
6,2,4,0,106,1650
5,0,4,0,106,1650
5,3,4,0,106,1650
9,1,4,0,106,1650
8,0,4,0,106,1650
8,2,4,0,106,1650
7,0,4,0,106,1650
7,3,4,0,106,1650
6,1,4,0,106,1650
6,4,4,0,106,1650
5,3,6,4,22,588
7,3,6,4,22,588
6,2,6,4,22,588
6,4,6,4,22,588
6,4,6,4,0,0
1,1,4,4,107,2127
3,1,4,4,107,2127
2,0,4,4,107,2127
2,2,4,4,107,2127
5,1,4,4,107,2127
4,0,4,4,107,2127
4,2,4,4,107,2127
3,0,4,4,107,2127
3,3,4,4,107,2127
7,1,4,4,107,2127
6,0,4,4,107,2127
6,2,4,4,107,2127
5,0,4,4,107,2127
5,3,4,4,107,2127
4,1,4,4,107,2127
4,4,4,4,107,2127
9,1,4,4,107,2127
8,0,4,4,107,2127
8,2,4,4,107,2127
7,0,4,4,107,2127
7,3,4,4,107,2127
6,1,4,4,107,2127
6,4,4,4,107,2127
5,2,4,4,107,2127
5,5,4,4,107,2127
3,3,6,4,45,1138
5,3,6,4,45,1138
4,2,6,4,45,1138
4,4,6,4,45,1138
7,3,6,4,45,1138
6,2,6,4,45,1138
6,4,6,4,45,1138
5,1,6,4,45,1138
5,5,6,4,45,1138
4,4,6,4,20,588
6,4,6,4,20,588
5,3,6,4,20,588
5,5,6,4,20,588
5,5,5,5,0,0
0,1,4,6,108,2565
1,1,4,6,108,2565
0,0,4,6,108,2565
0,2,4,6,108,2565
3,1,4,6,108,2565
2,0,4,6,108,2565
2,2,4,6,108,2565
1,0,4,6,108,2565
1,3,4,6,108,2565
5,1,4,6,108,2565
4,0,4,6,108,2565
4,2,4,6,108,2565
3,0,4,6,108,2565
3,3,4,6,108,2565
2,1,4,6,108,2565
2,4,4,6,108,2565
7,1,4,6,108,2565
6,0,4,6,108,2565
6,2,4,6,108,2565
5,0,4,6,108,2565
5,3,4,6,108,2565
4,1,4,6,108,2565
4,4,4,6,108,2565
3,2,4,6,108,2565
3,5,4,6,108,2565
9,1,4,6,108,2565
8,0,4,6,108,2565
8,2,4,6,108,2565
7,0,4,6,108,2565
7,3,4,6,108,2565
6,1,4,6,108,2565
6,4,4,6,108,2565
5,2,4,6,108,2565
5,5,4,6,108,2565
4,3,4,6,108,2565
4,6,4,6,108,2565
0,2,4,6,109,2122
2,2,4,6,109,2122
1,1,4,6,109,2122
1,3,4,6,109,2122
4,2,4,6,109,2122
3,1,4,6,109,2122
3,3,4,6,109,2122
2,0,4,6,109,2122
2,4,4,6,109,2122
6,2,4,6,109,2122
5,1,4,6,109,2122
5,3,4,6,109,2122
4,0,4,6,109,2122
4,4,4,6,109,2122
3,0,4,6,109,2122
3,5,4,6,109,2122
8,2,4,6,109,2122
7,1,4,6,109,2122
7,3,4,6,109,2122
6,0,4,6,109,2122
6,4,4,6,109,2122
5,0,4,6,109,2122
5,5,4,6,109,2122
4,1,4,6,109,2122
4,6,4,6,109,2122
1,3,4,6,110,1646
3,3,4,6,110,1646
2,2,4,6,110,1646
2,4,4,6,110,1646
5,3,4,6,110,1646
4,2,4,6,110,1646
4,4,4,6,110,1646
3,1,4,6,110,1646
3,5,4,6,110,1646
7,3,4,6,110,1646
6,2,4,6,110,1646
6,4,4,6,110,1646
5,1,4,6,110,1646
5,5,4,6,110,1646
4,0,4,6,110,1646
4,6,4,6,110,1646
2,4,4,6,62,1136
4,4,4,6,62,1136
3,3,4,6,62,1136
3,5,4,6,62,1136
6,4,4,6,62,1136
5,3,4,6,62,1136
5,5,4,6,62,1136
4,2,4,6,62,1136
4,6,4,6,62,1136
3,5,4,6,22,588
5,5,4,6,22,588
4,4,4,6,22,588
4,6,4,6,22,588
4,6,4,6,0,0
0,2,4,6,111,2571
1,2,4,6,111,2571
0,1,4,6,111,2571
0,3,4,6,111,2571
2,2,4,6,111,2571
1,1,4,6,111,2571
1,3,4,6,111,2571
0,0,4,6,111,2571
0,4,4,6,111,2571
4,2,4,6,111,2571
3,1,4,6,111,2571
3,3,4,6,111,2571
2,0,4,6,111,2571
2,4,4,6,111,2571
1,0,4,6,111,2571
1,5,4,6,111,2571
6,2,4,6,111,2571
5,1,4,6,111,2571
5,3,4,6,111,2571
4,0,4,6,111,2571
4,4,4,6,111,2571
3,0,4,6,111,2571
3,5,4,6,111,2571
2,1,4,6,111,2571
2,6,4,6,111,2571
8,2,4,6,111,2571
7,1,4,6,111,2571
7,3,4,6,111,2571
6,0,4,6,111,2571
6,4,4,6,111,2571
5,0,4,6,111,2571
5,5,4,6,111,2571
4,1,4,6,111,2571
4,6,4,6,111,2571
3,2,4,6,111,2571
3,7,4,6,111,2571
0,4,4,6,112,1650
2,4,4,6,112,1650
1,3,4,6,112,1650
1,5,4,6,112,1650
4,4,4,6,112,1650
3,3,4,6,112,1650
3,5,4,6,112,1650
2,2,4,6,112,1650
2,6,4,6,112,1650
6,4,4,6,112,1650
5,3,4,6,112,1650
5,5,4,6,112,1650
4,2,4,6,112,1650
4,6,4,6,112,1650
3,1,4,6,112,1650
3,7,4,6,112,1650
1,5,4,6,45,1138
3,5,4,6,45,1138
2,4,4,6,45,1138
2,6,4,6,45,1138
5,5,4,6,45,1138
4,4,4,6,45,1138
4,6,4,6,45,1138
3,3,4,6,45,1138
3,7,4,6,45,1138
2,6,4,6,20,588
4,6,4,6,20,588
3,5,4,6,20,588
3,7,4,6,20,588
3,7,3,7,0,0
0,1,4,4,113,3395
1,1,4,4,113,3395
0,0,4,4,113,3395
0,2,4,4,113,3395
2,1,4,4,113,3395
1,0,4,4,113,3395
1,2,4,4,113,3395
0,3,4,4,113,3395
3,1,4,4,113,3395
2,0,4,4,113,3395
2,2,4,4,113,3395
1,3,4,4,113,3395
0,4,4,4,113,3395
4,1,4,4,113,3395
3,0,4,4,113,3395
3,2,4,4,113,3395
2,3,4,4,113,3395
1,4,4,4,113,3395
0,5,4,4,113,3395
5,1,4,4,113,3395
4,0,4,4,113,3395
4,2,4,4,113,3395
3,3,4,4,113,3395
2,4,4,4,113,3395
1,5,4,4,113,3395
0,6,4,4,113,3395
7,1,4,4,113,3395
6,0,4,4,113,3395
6,2,4,4,113,3395
5,0,4,4,113,3395
5,3,4,4,113,3395
4,4,4,4,113,3395
3,5,4,4,113,3395
2,6,4,4,113,3395
1,7,4,4,113,3395
9,1,4,4,113,3395
8,0,4,4,113,3395
8,2,4,4,113,3395
7,0,4,4,113,3395
7,3,4,4,113,3395
6,1,4,4,113,3395
6,4,4,4,113,3395
5,2,4,4,113,3395
5,5,4,4,113,3395
4,3,4,4,113,3395
4,6,4,4,113,3395
3,4,4,4,113,3395
3,7,4,4,113,3395
2,5,4,4,113,3395
2,8,4,4,113,3395
0,2,4,6,114,2991
1,2,4,6,114,2991
0,1,4,6,114,2991
0,3,4,6,114,2991
2,2,4,6,114,2991
1,1,4,6,114,2991
1,3,4,6,114,2991
0,0,4,6,114,2991
0,4,4,6,114,2991
3,2,4,6,114,2991
2,1,4,6,114,2991
2,3,4,6,114,2991
1,0,4,6,114,2991
1,4,4,6,114,2991
0,5,4,6,114,2991
4,2,4,6,114,2991
3,1,4,6,114,2991
3,3,4,6,114,2991
2,0,4,6,114,2991
2,4,4,6,114,2991
1,5,4,6,114,2991
0,6,4,6,114,2991
6,2,4,6,114,2991
5,1,4,6,114,2991
5,3,4,6,114,2991
4,0,4,6,114,2991
4,4,4,6,114,2991
3,0,4,6,114,2991
3,5,4,6,114,2991
2,6,4,6,114,2991
1,7,4,6,114,2991
8,2,4,6,114,2991
7,1,4,6,114,2991
7,3,4,6,114,2991
6,0,4,6,114,2991
6,4,4,6,114,2991
5,0,4,6,114,2991
5,5,4,6,114,2991
4,1,4,6,114,2991
4,6,4,6,114,2991
3,7,4,6,114,2991
2,8,4,6,114,2991
0,4,4,6,115,2128
1,4,4,6,115,2128
0,3,4,6,115,2128
0,5,4,6,115,2128
2,4,4,6,115,2128
1,3,4,6,115,2128
1,5,4,6,115,2128
0,2,4,6,115,2128
0,6,4,6,115,2128
4,4,4,6,115,2128
3,3,4,6,115,2128
3,5,4,6,115,2128
2,2,4,6,115,2128
2,6,4,6,115,2128
1,1,4,6,115,2128
1,7,4,6,115,2128
6,4,4,6,115,2128
5,3,4,6,115,2128
5,5,4,6,115,2128
4,2,4,6,115,2128
4,6,4,6,115,2128
3,1,4,6,115,2128
3,7,4,6,115,2128
2,0,4,6,115,2128
2,8,4,6,115,2128
0,6,4,6,32,1136
2,6,4,6,32,1136
1,5,4,6,32,1136
1,7,4,6,32,1136
4,6,4,6,32,1136
3,5,4,6,32,1136
3,7,4,6,32,1136
2,4,4,6,32,1136
2,8,4,6,32,1136
1,7,2,6,6,588
3,7,2,6,6,588
2,6,2,6,6,588
2,8,2,6,6,588
2,8,2,8,0,0
0,1,4,4,116,3766
1,1,4,4,116,3766
0,0,4,4,116,3766
0,2,4,4,116,3766
2,1,4,4,116,3766
1,0,4,4,116,3766
1,2,4,4,116,3766
0,3,4,4,116,3766
3,1,4,4,116,3766
2,0,4,4,116,3766
2,2,4,4,116,3766
1,3,4,4,116,3766
0,4,4,4,116,3766
4,1,4,4,116,3766
3,0,4,4,116,3766
3,2,4,4,116,3766
2,3,4,4,116,3766
1,4,4,4,116,3766
0,5,4,4,116,3766
5,1,4,4,116,3766
4,0,4,4,116,3766
4,2,4,4,116,3766
3,3,4,4,116,3766
2,4,4,4,116,3766
1,5,4,4,116,3766
0,6,4,4,116,3766
6,1,4,4,116,3766
5,0,4,4,116,3766
5,2,4,4,116,3766
4,3,4,4,116,3766
3,4,4,4,116,3766
2,5,4,4,116,3766
1,6,4,4,116,3766
0,7,4,4,116,3766
7,1,4,4,116,3766
6,0,4,4,116,3766
6,2,4,4,116,3766
5,3,4,4,116,3766
4,4,4,4,116,3766
3,5,4,4,116,3766
2,6,4,4,116,3766
1,7,4,4,116,3766
0,8,4,4,116,3766
9,1,4,4,116,3766
8,0,4,4,116,3766
8,2,4,4,116,3766
7,0,4,4,116,3766
7,3,4,4,116,3766
6,4,4,4,116,3766
5,5,4,4,116,3766
4,6,4,4,116,3766
3,7,4,4,116,3766
2,8,4,4,116,3766
1,9,4,4,116,3766
0,3,4,6,117,2992
1,3,4,6,117,2992
0,2,4,6,117,2992
0,4,4,6,117,2992
2,3,4,6,117,2992
1,2,4,6,117,2992
1,4,4,6,117,2992
0,1,4,6,117,2992
0,5,4,6,117,2992
3,3,4,6,117,2992
2,2,4,6,117,2992
2,4,4,6,117,2992
1,1,4,6,117,2992
1,5,4,6,117,2992
0,0,4,6,117,2992
0,6,4,6,117,2992
4,3,4,6,117,2992
3,2,4,6,117,2992
3,4,4,6,117,2992
2,1,4,6,117,2992
2,5,4,6,117,2992
1,0,4,6,117,2992
1,6,4,6,117,2992
0,7,4,6,117,2992
5,3,4,6,117,2992
4,2,4,6,117,2992
4,4,4,6,117,2992
3,1,4,6,117,2992
3,5,4,6,117,2992
2,0,4,6,117,2992
2,6,4,6,117,2992
1,7,4,6,117,2992
0,8,4,6,117,2992
7,3,4,6,117,2992
6,2,4,6,117,2992
6,4,4,6,117,2992
5,1,4,6,117,2992
5,5,4,6,117,2992
4,0,4,6,117,2992
4,6,4,6,117,2992
3,0,4,6,117,2992
3,7,4,6,117,2992
2,8,4,6,117,2992
1,9,4,6,117,2992
0,4,4,6,118,2574
1,4,4,6,118,2574
0,3,4,6,118,2574
0,5,4,6,118,2574
2,4,4,6,118,2574
1,3,4,6,118,2574
1,5,4,6,118,2574
0,2,4,6,118,2574
0,6,4,6,118,2574
3,4,4,6,118,2574
2,3,4,6,118,2574
2,5,4,6,118,2574
1,2,4,6,118,2574
1,6,4,6,118,2574
0,1,4,6,118,2574
0,7,4,6,118,2574
4,4,4,6,118,2574
3,3,4,6,118,2574
3,5,4,6,118,2574
2,2,4,6,118,2574
2,6,4,6,118,2574
1,1,4,6,118,2574
1,7,4,6,118,2574
0,0,4,6,118,2574
0,8,4,6,118,2574
6,4,4,6,118,2574
5,3,4,6,118,2574
5,5,4,6,118,2574
4,2,4,6,118,2574
4,6,4,6,118,2574
3,1,4,6,118,2574
3,7,4,6,118,2574
2,0,4,6,118,2574
2,8,4,6,118,2574
1,0,4,6,118,2574
1,9,4,6,118,2574
0,6,4,6,68,1646
1,6,4,6,68,1646
0,5,4,6,68,1646
0,7,4,6,68,1646
2,6,4,6,68,1646
1,5,4,6,68,1646
1,7,4,6,68,1646
0,4,4,6,68,1646
0,8,4,6,68,1646
4,6,4,6,68,1646
3,5,4,6,68,1646
3,7,4,6,68,1646
2,4,4,6,68,1646
2,8,4,6,68,1646
1,3,4,6,68,1646
1,9,4,6,68,1646
0,7,2,6,119,1138
1,7,2,6,119,1138
0,6,2,6,119,1138
0,8,2,6,119,1138
3,7,2,6,119,1138
2,6,2,6,119,1138
2,8,2,6,119,1138
1,5,2,6,119,1138
1,9,2,6,119,1138
1,9,1,9,0,0
0,2,4,6,120,3760
1,2,4,6,120,3760
0,1,4,6,120,3760
0,3,4,6,120,3760
2,2,4,6,120,3760
1,1,4,6,120,3760
1,3,4,6,120,3760
0,0,4,6,120,3760
0,4,4,6,120,3760
3,2,4,6,120,3760
2,1,4,6,120,3760
2,3,4,6,120,3760
1,0,4,6,120,3760
1,4,4,6,120,3760
0,5,4,6,120,3760
4,2,4,6,120,3760
3,1,4,6,120,3760
3,3,4,6,120,3760
2,0,4,6,120,3760
2,4,4,6,120,3760
1,5,4,6,120,3760
0,6,4,6,120,3760
5,2,4,6,120,3760
4,1,4,6,120,3760
4,3,4,6,120,3760
3,0,4,6,120,3760
3,4,4,6,120,3760
2,5,4,6,120,3760
1,6,4,6,120,3760
0,7,4,6,120,3760
6,2,4,6,120,3760
5,1,4,6,120,3760
5,3,4,6,120,3760
4,0,4,6,120,3760
4,4,4,6,120,3760
3,5,4,6,120,3760
2,6,4,6,120,3760
1,7,4,6,120,3760
0,8,4,6,120,3760
7,2,4,6,120,3760
6,1,4,6,120,3760
6,3,4,6,120,3760
5,0,4,6,120,3760
5,4,4,6,120,3760
4,5,4,6,120,3760
3,6,4,6,120,3760
2,7,4,6,120,3760
1,8,4,6,120,3760
0,9,4,6,120,3760
8,2,4,6,120,3760
7,1,4,6,120,3760
7,3,4,6,120,3760
6,0,4,6,120,3760
6,4,4,6,120,3760
5,5,4,6,120,3760
4,6,4,6,120,3760
3,7,4,6,120,3760
2,8,4,6,120,3760
1,9,4,6,120,3760
0,3,4,6,121,3386
1,3,4,6,121,3386
0,2,4,6,121,3386
0,4,4,6,121,3386
2,3,4,6,121,3386
1,2,4,6,121,3386
1,4,4,6,121,3386
0,1,4,6,121,3386
0,5,4,6,121,3386
3,3,4,6,121,3386
2,2,4,6,121,3386
2,4,4,6,121,3386
1,1,4,6,121,3386
1,5,4,6,121,3386
0,0,4,6,121,3386
0,6,4,6,121,3386
4,3,4,6,121,3386
3,2,4,6,121,3386
3,4,4,6,121,3386
2,1,4,6,121,3386
2,5,4,6,121,3386
1,0,4,6,121,3386
1,6,4,6,121,3386
0,7,4,6,121,3386
5,3,4,6,121,3386
4,2,4,6,121,3386
4,4,4,6,121,3386
3,1,4,6,121,3386
3,5,4,6,121,3386
2,0,4,6,121,3386
2,6,4,6,121,3386
1,7,4,6,121,3386
0,8,4,6,121,3386
6,3,4,6,121,3386
5,2,4,6,121,3386
5,4,4,6,121,3386
4,1,4,6,121,3386
4,5,4,6,121,3386
3,0,4,6,121,3386
3,6,4,6,121,3386
2,7,4,6,121,3386
1,8,4,6,121,3386
0,9,4,6,121,3386
7,3,4,6,121,3386
6,2,4,6,121,3386
6,4,4,6,121,3386
5,1,4,6,121,3386
5,5,4,6,121,3386
4,0,4,6,121,3386
4,6,4,6,121,3386
3,7,4,6,121,3386
2,8,4,6,121,3386
1,9,4,6,121,3386
0,5,4,6,122,2583
1,5,4,6,122,2583
0,4,4,6,122,2583
0,6,4,6,122,2583
2,5,4,6,122,2583
1,4,4,6,122,2583
1,6,4,6,122,2583
0,3,4,6,122,2583
0,7,4,6,122,2583
3,5,4,6,122,2583
2,4,4,6,122,2583
2,6,4,6,122,2583
1,3,4,6,122,2583
1,7,4,6,122,2583
0,2,4,6,122,2583
0,8,4,6,122,2583
4,5,4,6,122,2583
3,4,4,6,122,2583
3,6,4,6,122,2583
2,3,4,6,122,2583
2,7,4,6,122,2583
1,2,4,6,122,2583
1,8,4,6,122,2583
0,1,4,6,122,2583
0,9,4,6,122,2583
5,5,4,6,122,2583
4,4,4,6,122,2583
4,6,4,6,122,2583
3,3,4,6,122,2583
3,7,4,6,122,2583
2,2,4,6,122,2583
2,8,4,6,122,2583
1,1,4,6,122,2583
1,9,4,6,122,2583
0,0,4,6,122,2583
0,6,4,6,123,2127
1,6,4,6,123,2127
0,5,4,6,123,2127
0,7,4,6,123,2127
2,6,4,6,123,2127
1,5,4,6,123,2127
1,7,4,6,123,2127
0,4,4,6,123,2127
0,8,4,6,123,2127
3,6,4,6,123,2127
2,5,4,6,123,2127
2,7,4,6,123,2127
1,4,4,6,123,2127
1,8,4,6,123,2127
0,3,4,6,123,2127
0,9,4,6,123,2127
4,6,4,6,123,2127
3,5,4,6,123,2127
3,7,4,6,123,2127
2,4,4,6,123,2127
2,8,4,6,123,2127
1,3,4,6,123,2127
1,9,4,6,123,2127
0,2,4,6,123,2127
0,7,2,6,124,1655
1,7,2,6,124,1655
0,6,2,6,124,1655
0,8,2,6,124,1655
2,7,2,6,124,1655
1,6,2,6,124,1655
1,8,2,6,124,1655
0,5,2,6,124,1655
0,9,2,6,124,1655
3,7,2,6,124,1655
2,6,2,6,124,1655
2,8,2,6,124,1655
1,5,2,6,124,1655
1,9,2,6,124,1655
0,4,2,6,124,1655
0,8,0,6,125,1136
1,8,0,6,125,1136
0,7,0,6,125,1136
0,9,0,6,125,1136
2,8,0,6,125,1136
1,7,0,6,125,1136
1,9,0,6,125,1136
0,6,0,6,125,1136
0,9,0,8,126,586
1,9,0,8,126,586
0,8,0,8,126,586
0,0,4,6,127,4115
1,0,4,6,127,4115
0,1,4,6,127,4115
2,0,4,6,127,4115
1,1,4,6,127,4115
0,2,4,6,127,4115
3,0,4,6,127,4115
2,1,4,6,127,4115
1,2,4,6,127,4115
0,3,4,6,127,4115
4,0,4,6,127,4115
3,1,4,6,127,4115
2,2,4,6,127,4115
1,3,4,6,127,4115
0,4,4,6,127,4115
5,0,4,6,127,4115
4,1,4,6,127,4115
3,2,4,6,127,4115
2,3,4,6,127,4115
1,4,4,6,127,4115
0,5,4,6,127,4115
6,0,4,6,127,4115
5,1,4,6,127,4115
4,2,4,6,127,4115
3,3,4,6,127,4115
2,4,4,6,127,4115
1,5,4,6,127,4115
0,6,4,6,127,4115
7,0,4,6,127,4115
6,1,4,6,127,4115
5,2,4,6,127,4115
4,3,4,6,127,4115
3,4,4,6,127,4115
2,5,4,6,127,4115
1,6,4,6,127,4115
0,7,4,6,127,4115
8,0,4,6,127,4115
7,1,4,6,127,4115
6,2,4,6,127,4115
5,3,4,6,127,4115
4,4,4,6,127,4115
3,5,4,6,127,4115
2,6,4,6,127,4115
1,7,4,6,127,4115
0,8,4,6,127,4115
9,0,4,6,127,4115
9,1,4,6,127,4115
8,1,4,6,127,4115
8,2,4,6,127,4115
7,2,4,6,127,4115
7,3,4,6,127,4115
6,3,4,6,127,4115
6,4,4,6,127,4115
5,4,4,6,127,4115
5,5,4,6,127,4115
4,5,4,6,127,4115
4,6,4,6,127,4115
3,6,4,6,127,4115
3,7,4,6,127,4115
2,7,4,6,127,4115
2,8,4,6,127,4115
1,8,4,6,127,4115
1,9,4,6,127,4115
0,0,5,6,128,4109
1,0,5,6,128,4109
0,1,5,6,128,4109
2,0,5,6,128,4109
1,1,5,6,128,4109
0,2,5,6,128,4109
3,0,5,6,128,4109
2,1,5,6,128,4109
1,2,5,6,128,4109
0,3,5,6,128,4109
4,0,5,6,128,4109
3,1,5,6,128,4109
2,2,5,6,128,4109
1,3,5,6,128,4109
0,4,5,6,128,4109
5,0,5,6,128,4109
4,1,5,6,128,4109
3,2,5,6,128,4109
2,3,5,6,128,4109
1,4,5,6,128,4109
0,5,5,6,128,4109
6,0,5,6,128,4109
5,1,5,6,128,4109
4,2,5,6,128,4109
3,3,5,6,128,4109
2,4,5,6,128,4109
1,5,5,6,128,4109
0,6,5,6,128,4109
7,0,5,6,128,4109
6,1,5,6,128,4109
5,2,5,6,128,4109
4,3,5,6,128,4109
3,4,5,6,128,4109
2,5,5,6,128,4109
1,6,5,6,128,4109
0,7,5,6,128,4109
9,0,5,6,128,4109
8,0,5,6,128,4109
8,1,5,6,128,4109
7,1,5,6,128,4109
7,2,5,6,128,4109
6,2,5,6,128,4109
6,3,5,6,128,4109
5,3,5,6,128,4109
5,4,5,6,128,4109
4,4,5,6,128,4109
4,5,5,6,128,4109
3,5,5,6,128,4109
3,6,5,6,128,4109
2,6,5,6,128,4109
2,7,5,6,128,4109
1,7,5,6,128,4109
1,8,5,6,128,4109
9,1,5,6,128,4109
9,2,5,6,128,4109
8,2,5,6,128,4109
8,3,5,6,128,4109
7,3,5,6,128,4109
7,4,5,6,128,4109
6,4,5,6,128,4109
6,5,5,6,128,4109
5,5,5,6,128,4109
5,6,5,6,128,4109
4,6,5,6,128,4109
4,7,5,6,128,4109
3,7,5,6,128,4109
3,8,5,6,128,4109
2,8,5,6,128,4109
2,9,5,6,128,4109
0,0,5,6,129,3758
1,0,5,6,129,3758
0,1,5,6,129,3758
2,0,5,6,129,3758
1,1,5,6,129,3758
0,2,5,6,129,3758
3,0,5,6,129,3758
2,1,5,6,129,3758
1,2,5,6,129,3758
0,3,5,6,129,3758
4,0,5,6,129,3758
3,1,5,6,129,3758
2,2,5,6,129,3758
1,3,5,6,129,3758
0,4,5,6,129,3758
5,0,5,6,129,3758
4,1,5,6,129,3758
3,2,5,6,129,3758
2,3,5,6,129,3758
1,4,5,6,129,3758
0,5,5,6,129,3758
7,0,5,6,129,3758
6,0,5,6,129,3758
6,1,5,6,129,3758
5,1,5,6,129,3758
5,2,5,6,129,3758
4,2,5,6,129,3758
4,3,5,6,129,3758
3,3,5,6,129,3758
3,4,5,6,129,3758
2,4,5,6,129,3758
2,5,5,6,129,3758
1,5,5,6,129,3758
1,6,5,6,129,3758
9,0,5,6,129,3758
8,0,5,6,129,3758
8,1,5,6,129,3758
7,1,5,6,129,3758
7,2,5,6,129,3758
6,2,5,6,129,3758
6,3,5,6,129,3758
5,3,5,6,129,3758
5,4,5,6,129,3758
4,4,5,6,129,3758
4,5,5,6,129,3758
3,5,5,6,129,3758
3,6,5,6,129,3758
2,6,5,6,129,3758
2,7,5,6,129,3758
9,1,5,6,129,3758
9,2,5,6,129,3758
8,2,5,6,129,3758
8,3,5,6,129,3758
7,3,5,6,129,3758
7,4,5,6,129,3758
6,4,5,6,129,3758
6,5,5,6,129,3758
5,5,5,6,129,3758
5,6,5,6,129,3758
4,6,5,6,129,3758
4,7,5,6,129,3758
3,7,5,6,129,3758
3,8,5,6,129,3758
0,0,5,6,130,3381
1,0,5,6,130,3381
0,1,5,6,130,3381
2,0,5,6,130,3381
1,1,5,6,130,3381
0,2,5,6,130,3381
3,0,5,6,130,3381
2,1,5,6,130,3381
1,2,5,6,130,3381
0,3,5,6,130,3381
5,0,5,6,130,3381
4,0,5,6,130,3381
4,1,5,6,130,3381
3,1,5,6,130,3381
3,2,5,6,130,3381
2,2,5,6,130,3381
2,3,5,6,130,3381
1,3,5,6,130,3381
1,4,5,6,130,3381
7,0,5,6,130,3381
6,0,5,6,130,3381
6,1,5,6,130,3381
5,1,5,6,130,3381
5,2,5,6,130,3381
4,2,5,6,130,3381
4,3,5,6,130,3381
3,3,5,6,130,3381
3,4,5,6,130,3381
2,4,5,6,130,3381
2,5,5,6,130,3381
9,0,5,6,130,3381
8,0,5,6,130,3381
8,1,5,6,130,3381
7,1,5,6,130,3381
7,2,5,6,130,3381
6,2,5,6,130,3381
6,3,5,6,130,3381
5,3,5,6,130,3381
5,4,5,6,130,3381
4,4,5,6,130,3381
4,5,5,6,130,3381
3,5,5,6,130,3381
3,6,5,6,130,3381
9,1,5,6,130,3381
9,2,5,6,130,3381
8,2,5,6,130,3381
8,3,5,6,130,3381
7,3,5,6,130,3381
7,4,5,6,130,3381
6,4,5,6,130,3381
6,5,5,6,130,3381
5,5,5,6,130,3381
5,6,5,6,130,3381
4,6,5,6,130,3381
4,7,5,6,130,3381
0,0,4,5,131,3000
1,0,4,5,131,3000
0,1,4,5,131,3000
3,0,4,5,131,3000
2,0,4,5,131,3000
2,1,4,5,131,3000
1,1,4,5,131,3000
1,2,4,5,131,3000
5,0,4,5,131,3000
4,0,4,5,131,3000
4,1,4,5,131,3000
3,1,4,5,131,3000
3,2,4,5,131,3000
2,2,4,5,131,3000
2,3,4,5,131,3000
7,0,4,5,131,3000
6,0,4,5,131,3000
6,1,4,5,131,3000
5,1,4,5,131,3000
5,2,4,5,131,3000
4,2,4,5,131,3000
4,3,4,5,131,3000
3,3,4,5,131,3000
3,4,4,5,131,3000
9,0,4,5,131,3000
8,0,4,5,131,3000
8,1,4,5,131,3000
7,1,4,5,131,3000
7,2,4,5,131,3000
6,2,4,5,131,3000
6,3,4,5,131,3000
5,3,4,5,131,3000
5,4,4,5,131,3000
4,4,4,5,131,3000
4,5,4,5,131,3000
9,1,4,5,131,3000
9,2,4,5,131,3000
8,2,4,5,131,3000
8,3,4,5,131,3000
7,3,4,5,131,3000
7,4,4,5,131,3000
6,4,4,5,131,3000
6,5,4,5,131,3000
5,5,4,5,131,3000
5,6,4,5,131,3000
1,0,4,3,132,2588
3,0,4,3,132,2588
2,0,4,3,132,2588
2,1,4,3,132,2588
5,0,4,3,132,2588
4,0,4,3,132,2588
4,1,4,3,132,2588
3,1,4,3,132,2588
3,2,4,3,132,2588
7,0,4,3,132,2588
6,0,4,3,132,2588
6,1,4,3,132,2588
5,1,4,3,132,2588
5,2,4,3,132,2588
4,2,4,3,132,2588
4,3,4,3,132,2588
9,0,4,3,132,2588
8,0,4,3,132,2588
8,1,4,3,132,2588
7,1,4,3,132,2588
7,2,4,3,132,2588
6,2,4,3,132,2588
6,3,4,3,132,2588
5,3,4,3,132,2588
5,4,4,3,132,2588
9,1,4,3,132,2588
9,2,4,3,132,2588
8,2,4,3,132,2588
8,3,4,3,132,2588
7,3,4,3,132,2588
7,4,4,3,132,2588
6,4,4,3,132,2588
6,5,4,3,132,2588
3,0,9,2,133,2133
5,0,9,2,133,2133
4,0,9,2,133,2133
4,1,9,2,133,2133
7,0,9,2,133,2133
6,0,9,2,133,2133
6,1,9,2,133,2133
5,1,9,2,133,2133
5,2,9,2,133,2133
9,0,9,2,133,2133
8,0,9,2,133,2133
8,1,9,2,133,2133
7,1,9,2,133,2133
7,2,9,2,133,2133
6,2,9,2,133,2133
6,3,9,2,133,2133
9,1,9,2,133,2133
9,2,9,2,133,2133
8,2,9,2,133,2133
8,3,9,2,133,2133
7,3,9,2,133,2133
7,4,9,2,133,2133
5,0,9,2,134,1651
7,0,9,2,134,1651
6,0,9,2,134,1651
6,1,9,2,134,1651
9,0,9,2,134,1651
8,0,9,2,134,1651
8,1,9,2,134,1651
7,1,9,2,134,1651
7,2,9,2,134,1651
9,1,9,2,134,1651
9,2,9,2,134,1651
8,2,9,2,134,1651
8,3,9,2,134,1651
7,0,9,2,135,1134
9,0,9,2,135,1134
8,0,9,2,135,1134
8,1,9,2,135,1134
9,1,9,2,135,1134
9,2,9,2,135,1134
8,1,9,2,136,588
9,1,9,2,136,588
9,0,9,2,136,588
9,2,9,2,136,588
6,1,9,2,137,1138
8,1,9,2,137,1138
7,0,9,2,137,1138
7,2,9,2,137,1138
9,1,9,2,137,1138
9,0,9,2,137,1138
9,2,9,2,137,1138
8,0,9,2,137,1138
8,3,9,2,137,1138
7,2,9,2,20,588
9,2,9,2,20,588
8,1,9,2,20,588
8,3,9,2,20,588
6,3,6,3,43,588
8,3,6,3,43,588
7,2,6,3,43,588
7,4,6,3,43,588
2,1,4,1,138,2132
4,1,4,1,138,2132
3,0,4,1,138,2132
3,2,4,1,138,2132
6,1,4,1,138,2132
5,0,4,1,138,2132
5,2,4,1,138,2132
4,0,4,1,138,2132
4,3,4,1,138,2132
8,1,4,1,138,2132
7,0,4,1,138,2132
7,2,4,1,138,2132
6,0,4,1,138,2132
6,3,4,1,138,2132
5,1,4,1,138,2132
5,4,4,1,138,2132
9,1,4,1,138,2132
9,0,4,1,138,2132
9,2,4,1,138,2132
8,0,4,1,138,2132
8,3,4,1,138,2132
7,1,4,1,138,2132
7,4,4,1,138,2132
6,2,4,1,138,2132
6,5,4,1,138,2132
4,3,6,5,62,1136
6,3,6,5,62,1136
5,2,6,5,62,1136
5,4,6,5,62,1136
8,3,6,5,62,1136
7,2,6,5,62,1136
7,4,6,5,62,1136
6,1,6,5,62,1136
6,5,6,5,62,1136
5,4,6,5,22,588
7,4,6,5,22,588
6,3,6,5,22,588
6,5,6,5,22,588
0,1,4,5,139,2571
2,1,4,5,139,2571
1,0,4,5,139,2571
1,2,4,5,139,2571
4,1,4,5,139,2571
3,0,4,5,139,2571
3,2,4,5,139,2571
2,0,4,5,139,2571
2,3,4,5,139,2571
6,1,4,5,139,2571
5,0,4,5,139,2571
5,2,4,5,139,2571
4,0,4,5,139,2571
4,3,4,5,139,2571
3,1,4,5,139,2571
3,4,4,5,139,2571
8,1,4,5,139,2571
7,0,4,5,139,2571
7,2,4,5,139,2571
6,0,4,5,139,2571
6,3,4,5,139,2571
5,1,4,5,139,2571
5,4,4,5,139,2571
4,2,4,5,139,2571
4,5,4,5,139,2571
9,1,4,5,139,2571
9,0,4,5,139,2571
9,2,4,5,139,2571
8,0,4,5,139,2571
8,3,4,5,139,2571
7,1,4,5,139,2571
7,4,4,5,139,2571
6,2,4,5,139,2571
6,5,4,5,139,2571
5,3,4,5,139,2571
5,6,4,5,139,2571
2,3,6,5,112,1650
4,3,6,5,112,1650
3,2,6,5,112,1650
3,4,6,5,112,1650
6,3,6,5,112,1650
5,2,6,5,112,1650
5,4,6,5,112,1650
4,1,6,5,112,1650
4,5,6,5,112,1650
8,3,6,5,112,1650
7,2,6,5,112,1650
7,4,6,5,112,1650
6,1,6,5,112,1650
6,5,6,5,112,1650
5,0,6,5,112,1650
5,6,6,5,112,1650
3,4,6,5,45,1138
5,4,6,5,45,1138
4,3,6,5,45,1138
4,5,6,5,45,1138
7,4,6,5,45,1138
6,3,6,5,45,1138
6,5,6,5,45,1138
5,2,6,5,45,1138
5,6,6,5,45,1138
0,1,5,6,140,2986
1,1,5,6,140,2986
0,0,5,6,140,2986
0,2,5,6,140,2986
2,1,5,6,140,2986
1,0,5,6,140,2986
1,2,5,6,140,2986
0,3,5,6,140,2986
4,1,5,6,140,2986
3,0,5,6,140,2986
3,2,5,6,140,2986
2,0,5,6,140,2986
2,3,5,6,140,2986
1,4,5,6,140,2986
6,1,5,6,140,2986
5,0,5,6,140,2986
5,2,5,6,140,2986
4,0,5,6,140,2986
4,3,5,6,140,2986
3,1,5,6,140,2986
3,4,5,6,140,2986
2,2,5,6,140,2986
2,5,5,6,140,2986
8,1,5,6,140,2986
7,0,5,6,140,2986
7,2,5,6,140,2986
6,0,5,6,140,2986
6,3,5,6,140,2986
5,1,5,6,140,2986
5,4,5,6,140,2986
4,2,5,6,140,2986
4,5,5,6,140,2986
3,3,5,6,140,2986
3,6,5,6,140,2986
9,1,5,6,140,2986
9,0,5,6,140,2986
9,2,5,6,140,2986
8,0,5,6,140,2986
8,3,5,6,140,2986
7,1,5,6,140,2986
7,4,5,6,140,2986
6,2,5,6,140,2986
6,5,5,6,140,2986
5,3,5,6,140,2986
5,6,5,6,140,2986
4,4,5,6,140,2986
4,7,5,6,140,2986
0,2,5,6,141,2571
1,2,5,6,141,2571
0,1,5,6,141,2571
0,3,5,6,141,2571
3,2,5,6,141,2571
2,1,5,6,141,2571
2,3,5,6,141,2571
1,0,5,6,141,2571
1,4,5,6,141,2571
5,2,5,6,141,2571
4,1,5,6,141,2571
4,3,5,6,141,2571
3,0,5,6,141,2571
3,4,5,6,141,2571
2,0,5,6,141,2571
2,5,5,6,141,2571
7,2,5,6,141,2571
6,1,5,6,141,2571
6,3,5,6,141,2571
5,0,5,6,141,2571
5,4,5,6,141,2571
4,0,5,6,141,2571
4,5,5,6,141,2571
3,1,5,6,141,2571
3,6,5,6,141,2571
9,2,5,6,141,2571
8,1,5,6,141,2571
8,3,5,6,141,2571
7,0,5,6,141,2571
7,4,5,6,141,2571
6,0,5,6,141,2571
6,5,5,6,141,2571
5,1,5,6,141,2571
5,6,5,6,141,2571
4,2,5,6,141,2571
4,7,5,6,141,2571
0,3,5,6,142,2127
2,3,5,6,142,2127
1,2,5,6,142,2127
1,4,5,6,142,2127
4,3,5,6,142,2127
3,2,5,6,142,2127
3,4,5,6,142,2127
2,1,5,6,142,2127
2,5,5,6,142,2127
6,3,5,6,142,2127
5,2,5,6,142,2127
5,4,5,6,142,2127
4,1,5,6,142,2127
4,5,5,6,142,2127
3,0,5,6,142,2127
3,6,5,6,142,2127
8,3,5,6,142,2127
7,2,5,6,142,2127
7,4,5,6,142,2127
6,1,5,6,142,2127
6,5,5,6,142,2127
5,0,5,6,142,2127
5,6,5,6,142,2127
4,0,5,6,142,2127
4,7,5,6,142,2127
1,4,5,6,112,1650
3,4,5,6,112,1650
2,3,5,6,112,1650
2,5,5,6,112,1650
5,4,5,6,112,1650
4,3,5,6,112,1650
4,5,5,6,112,1650
3,2,5,6,112,1650
3,6,5,6,112,1650
7,4,5,6,112,1650
6,3,5,6,112,1650
6,5,5,6,112,1650
5,2,5,6,112,1650
5,6,5,6,112,1650
4,1,5,6,112,1650
4,7,5,6,112,1650
2,5,5,6,45,1138
4,5,5,6,45,1138
3,4,5,6,45,1138
3,6,5,6,45,1138
6,5,5,6,45,1138
5,4,5,6,45,1138
5,6,5,6,45,1138
4,3,5,6,45,1138
4,7,5,6,45,1138
3,6,5,6,20,588
5,6,5,6,20,588
4,5,5,6,20,588
4,7,5,6,20,588
0,2,5,6,143,2991
1,2,5,6,143,2991
0,1,5,6,143,2991
0,3,5,6,143,2991
2,2,5,6,143,2991
1,1,5,6,143,2991
1,3,5,6,143,2991
0,0,5,6,143,2991
0,4,5,6,143,2991
3,2,5,6,143,2991
2,1,5,6,143,2991
2,3,5,6,143,2991
1,0,5,6,143,2991
1,4,5,6,143,2991
0,5,5,6,143,2991
5,2,5,6,143,2991
4,1,5,6,143,2991
4,3,5,6,143,2991
3,0,5,6,143,2991
3,4,5,6,143,2991
2,0,5,6,143,2991
2,5,5,6,143,2991
1,6,5,6,143,2991
7,2,5,6,143,2991
6,1,5,6,143,2991
6,3,5,6,143,2991
5,0,5,6,143,2991
5,4,5,6,143,2991
4,0,5,6,143,2991
4,5,5,6,143,2991
3,1,5,6,143,2991
3,6,5,6,143,2991
2,7,5,6,143,2991
9,2,5,6,143,2991
8,1,5,6,143,2991
8,3,5,6,143,2991
7,0,5,6,143,2991
7,4,5,6,143,2991
6,0,5,6,143,2991
6,5,5,6,143,2991
5,1,5,6,143,2991
5,6,5,6,143,2991
4,2,5,6,143,2991
4,7,5,6,143,2991
3,3,5,6,143,2991
3,8,5,6,143,2991
0,4,5,6,144,2128
1,4,5,6,144,2128
0,3,5,6,144,2128
0,5,5,6,144,2128
3,4,5,6,144,2128
2,3,5,6,144,2128
2,5,5,6,144,2128
1,2,5,6,144,2128
1,6,5,6,144,2128
5,4,5,6,144,2128
4,3,5,6,144,2128
4,5,5,6,144,2128
3,2,5,6,144,2128
3,6,5,6,144,2128
2,1,5,6,144,2128
2,7,5,6,144,2128
7,4,5,6,144,2128
6,3,5,6,144,2128
6,5,5,6,144,2128
5,2,5,6,144,2128
5,6,5,6,144,2128
4,1,5,6,144,2128
4,7,5,6,144,2128
3,0,5,6,144,2128
3,8,5,6,144,2128
0,5,5,6,145,1650
2,5,5,6,145,1650
1,4,5,6,145,1650
1,6,5,6,145,1650
4,5,5,6,145,1650
3,4,5,6,145,1650
3,6,5,6,145,1650
2,3,5,6,145,1650
2,7,5,6,145,1650
6,5,5,6,145,1650
5,4,5,6,145,1650
5,6,5,6,145,1650
4,3,5,6,145,1650
4,7,5,6,145,1650
3,2,5,6,145,1650
3,8,5,6,145,1650
1,6,5,6,32,1136
3,6,5,6,32,1136
2,5,5,6,32,1136
2,7,5,6,32,1136
5,6,5,6,32,1136
4,5,5,6,32,1136
4,7,5,6,32,1136
3,4,5,6,32,1136
3,8,5,6,32,1136
0,1,4,5,146,3760
1,1,4,5,146,3760
0,0,4,5,146,3760
0,2,4,5,146,3760
2,1,4,5,146,3760
1,0,4,5,146,3760
1,2,4,5,146,3760
0,3,4,5,146,3760
3,1,4,5,146,3760
2,0,4,5,146,3760
2,2,4,5,146,3760
1,3,4,5,146,3760
0,4,4,5,146,3760
4,1,4,5,146,3760
3,0,4,5,146,3760
3,2,4,5,146,3760
2,3,4,5,146,3760
1,4,4,5,146,3760
0,5,4,5,146,3760
5,1,4,5,146,3760
4,0,4,5,146,3760
4,2,4,5,146,3760
3,3,4,5,146,3760
2,4,4,5,146,3760
1,5,4,5,146,3760
0,6,4,5,146,3760
6,1,4,5,146,3760
5,0,4,5,146,3760
5,2,4,5,146,3760
4,3,4,5,146,3760
3,4,4,5,146,3760
2,5,4,5,146,3760
1,6,4,5,146,3760
0,7,4,5,146,3760
8,1,4,5,146,3760
7,0,4,5,146,3760
7,2,4,5,146,3760
6,0,4,5,146,3760
6,3,4,5,146,3760
5,4,4,5,146,3760
4,5,4,5,146,3760
3,6,4,5,146,3760
2,7,4,5,146,3760
1,8,4,5,146,3760
9,1,4,5,146,3760
9,0,4,5,146,3760
9,2,4,5,146,3760
8,0,4,5,146,3760
8,3,4,5,146,3760
7,1,4,5,146,3760
7,4,4,5,146,3760
6,2,4,5,146,3760
6,5,4,5,146,3760
5,3,4,5,146,3760
5,6,4,5,146,3760
4,4,4,5,146,3760
4,7,4,5,146,3760
3,5,4,5,146,3760
3,8,4,5,146,3760
2,6,4,5,146,3760
2,9,4,5,146,3760
0,2,5,6,147,3381
1,2,5,6,147,3381
0,1,5,6,147,3381
0,3,5,6,147,3381
2,2,5,6,147,3381
1,1,5,6,147,3381
1,3,5,6,147,3381
0,0,5,6,147,3381
0,4,5,6,147,3381
3,2,5,6,147,3381
2,1,5,6,147,3381
2,3,5,6,147,3381
1,0,5,6,147,3381
1,4,5,6,147,3381
0,5,5,6,147,3381
4,2,5,6,147,3381
3,1,5,6,147,3381
3,3,5,6,147,3381
2,0,5,6,147,3381
2,4,5,6,147,3381
1,5,5,6,147,3381
0,6,5,6,147,3381
5,2,5,6,147,3381
4,1,5,6,147,3381
4,3,5,6,147,3381
3,0,5,6,147,3381
3,4,5,6,147,3381
2,5,5,6,147,3381
1,6,5,6,147,3381
0,7,5,6,147,3381
7,2,5,6,147,3381
6,1,5,6,147,3381
6,3,5,6,147,3381
5,0,5,6,147,3381
5,4,5,6,147,3381
4,0,5,6,147,3381
4,5,5,6,147,3381
3,6,5,6,147,3381
2,7,5,6,147,3381
1,8,5,6,147,3381
9,2,5,6,147,3381
8,1,5,6,147,3381
8,3,5,6,147,3381
7,0,5,6,147,3381
7,4,5,6,147,3381
6,0,5,6,147,3381
6,5,5,6,147,3381
5,1,5,6,147,3381
5,6,5,6,147,3381
4,7,5,6,147,3381
3,8,5,6,147,3381
2,9,5,6,147,3381
0,4,5,6,148,2574
1,4,5,6,148,2574
0,3,5,6,148,2574
0,5,5,6,148,2574
2,4,5,6,148,2574
1,3,5,6,148,2574
1,5,5,6,148,2574
0,2,5,6,148,2574
0,6,5,6,148,2574
3,4,5,6,148,2574
2,3,5,6,148,2574
2,5,5,6,148,2574
1,2,5,6,148,2574
1,6,5,6,148,2574
0,1,5,6,148,2574
0,7,5,6,148,2574
5,4,5,6,148,2574
4,3,5,6,148,2574
4,5,5,6,148,2574
3,2,5,6,148,2574
3,6,5,6,148,2574
2,1,5,6,148,2574
2,7,5,6,148,2574
1,0,5,6,148,2574
1,8,5,6,148,2574
7,4,5,6,148,2574
6,3,5,6,148,2574
6,5,5,6,148,2574
5,2,5,6,148,2574
5,6,5,6,148,2574
4,1,5,6,148,2574
4,7,5,6,148,2574
3,0,5,6,148,2574
3,8,5,6,148,2574
2,0,5,6,148,2574
2,9,5,6,148,2574
0,6,5,6,149,1646
1,6,5,6,149,1646
0,5,5,6,149,1646
0,7,5,6,149,1646
3,6,5,6,149,1646
2,5,5,6,149,1646
2,7,5,6,149,1646
1,4,5,6,149,1646
1,8,5,6,149,1646
5,6,5,6,149,1646
4,5,5,6,149,1646
4,7,5,6,149,1646
3,4,5,6,149,1646
3,8,5,6,149,1646
2,3,5,6,149,1646
2,9,5,6,149,1646
0,7,3,6,150,1138
2,7,3,6,150,1138
1,6,3,6,150,1138
1,8,3,6,150,1138
4,7,3,6,150,1138
3,6,3,6,150,1138
3,8,3,6,150,1138
2,5,3,6,150,1138
2,9,3,6,150,1138
1,8,2,7,6,588
3,8,2,7,6,588
2,7,2,7,6,588
2,9,2,7,6,588
0,1,4,5,151,4109
1,1,4,5,151,4109
0,0,4,5,151,4109
0,2,4,5,151,4109
2,1,4,5,151,4109
1,0,4,5,151,4109
1,2,4,5,151,4109
0,3,4,5,151,4109
3,1,4,5,151,4109
2,0,4,5,151,4109
2,2,4,5,151,4109
1,3,4,5,151,4109
0,4,4,5,151,4109
4,1,4,5,151,4109
3,0,4,5,151,4109
3,2,4,5,151,4109
2,3,4,5,151,4109
1,4,4,5,151,4109
0,5,4,5,151,4109
5,1,4,5,151,4109
4,0,4,5,151,4109
4,2,4,5,151,4109
3,3,4,5,151,4109
2,4,4,5,151,4109
1,5,4,5,151,4109
0,6,4,5,151,4109
6,1,4,5,151,4109
5,0,4,5,151,4109
5,2,4,5,151,4109
4,3,4,5,151,4109
3,4,4,5,151,4109
2,5,4,5,151,4109
1,6,4,5,151,4109
0,7,4,5,151,4109
7,1,4,5,151,4109
6,0,4,5,151,4109
6,2,4,5,151,4109
5,3,4,5,151,4109
4,4,4,5,151,4109
3,5,4,5,151,4109
2,6,4,5,151,4109
1,7,4,5,151,4109
0,8,4,5,151,4109
8,1,4,5,151,4109
7,0,4,5,151,4109
7,2,4,5,151,4109
6,3,4,5,151,4109
5,4,4,5,151,4109
4,5,4,5,151,4109
3,6,4,5,151,4109
2,7,4,5,151,4109
1,8,4,5,151,4109
0,9,4,5,151,4109
9,1,4,5,151,4109
9,0,4,5,151,4109
9,2,4,5,151,4109
8,0,4,5,151,4109
8,3,4,5,151,4109
7,4,4,5,151,4109
6,5,4,5,151,4109
5,6,4,5,151,4109
4,7,4,5,151,4109
3,8,4,5,151,4109
2,9,4,5,151,4109
1,9,4,5,151,4109
0,3,5,6,152,3381
1,3,5,6,152,3381
0,2,5,6,152,3381
0,4,5,6,152,3381
2,3,5,6,152,3381
1,2,5,6,152,3381
1,4,5,6,152,3381
0,1,5,6,152,3381
0,5,5,6,152,3381
3,3,5,6,152,3381
2,2,5,6,152,3381
2,4,5,6,152,3381
1,1,5,6,152,3381
1,5,5,6,152,3381
0,0,5,6,152,3381
0,6,5,6,152,3381
4,3,5,6,152,3381
3,2,5,6,152,3381
3,4,5,6,152,3381
2,1,5,6,152,3381
2,5,5,6,152,3381
1,0,5,6,152,3381
1,6,5,6,152,3381
0,7,5,6,152,3381
5,3,5,6,152,3381
4,2,5,6,152,3381
4,4,5,6,152,3381
3,1,5,6,152,3381
3,5,5,6,152,3381
2,0,5,6,152,3381
2,6,5,6,152,3381
1,7,5,6,152,3381
0,8,5,6,152,3381
6,3,5,6,152,3381
5,2,5,6,152,3381
5,4,5,6,152,3381
4,1,5,6,152,3381
4,5,5,6,152,3381
3,0,5,6,152,3381
3,6,5,6,152,3381
2,7,5,6,152,3381
1,8,5,6,152,3381
0,9,5,6,152,3381
8,3,5,6,152,3381
7,2,5,6,152,3381
7,4,5,6,152,3381
6,1,5,6,152,3381
6,5,5,6,152,3381
5,0,5,6,152,3381
5,6,5,6,152,3381
4,0,5,6,152,3381
4,7,5,6,152,3381
3,8,5,6,152,3381
2,9,5,6,152,3381
1,9,5,6,152,3381
0,4,5,6,153,2991
1,4,5,6,153,2991
0,3,5,6,153,2991
0,5,5,6,153,2991
2,4,5,6,153,2991
1,3,5,6,153,2991
1,5,5,6,153,2991
0,2,5,6,153,2991
0,6,5,6,153,2991
3,4,5,6,153,2991
2,3,5,6,153,2991
2,5,5,6,153,2991
1,2,5,6,153,2991
1,6,5,6,153,2991
0,1,5,6,153,2991
0,7,5,6,153,2991
4,4,5,6,153,2991
3,3,5,6,153,2991
3,5,5,6,153,2991
2,2,5,6,153,2991
2,6,5,6,153,2991
1,1,5,6,153,2991
1,7,5,6,153,2991
0,0,5,6,153,2991
0,8,5,6,153,2991
5,4,5,6,153,2991
4,3,5,6,153,2991
4,5,5,6,153,2991
3,2,5,6,153,2991
3,6,5,6,153,2991
2,1,5,6,153,2991
2,7,5,6,153,2991
1,0,5,6,153,2991
1,8,5,6,153,2991
0,9,5,6,153,2991
7,4,5,6,153,2991
6,3,5,6,153,2991
6,5,5,6,153,2991
5,2,5,6,153,2991
5,6,5,6,153,2991
4,1,5,6,153,2991
4,7,5,6,153,2991
3,0,5,6,153,2991
3,8,5,6,153,2991
2,0,5,6,153,2991
2,9,5,6,153,2991
1,9,5,6,153,2991
0,6,5,6,154,2122
1,6,5,6,154,2122
0,5,5,6,154,2122
0,7,5,6,154,2122
2,6,5,6,154,2122
1,5,5,6,154,2122
1,7,5,6,154,2122
0,4,5,6,154,2122
0,8,5,6,154,2122
3,6,5,6,154,2122
2,5,5,6,154,2122
2,7,5,6,154,2122
1,4,5,6,154,2122
1,8,5,6,154,2122
0,3,5,6,154,2122
0,9,5,6,154,2122
5,6,5,6,154,2122
4,5,5,6,154,2122
4,7,5,6,154,2122
3,4,5,6,154,2122
3,8,5,6,154,2122
2,3,5,6,154,2122
2,9,5,6,154,2122
1,2,5,6,154,2122
1,9,5,6,154,2122
0,7,3,6,155,1650
1,7,3,6,155,1650
0,6,3,6,155,1650
0,8,3,6,155,1650
2,7,3,6,155,1650
1,6,3,6,155,1650
1,8,3,6,155,1650
0,5,3,6,155,1650
0,9,3,6,155,1650
4,7,3,6,155,1650
3,6,3,6,155,1650
3,8,3,6,155,1650
2,5,3,6,155,1650
2,9,3,6,155,1650
1,4,3,6,155,1650
1,9,3,6,155,1650
0,9,0,9,156,588
2,9,0,9,156,588
1,8,0,9,156,588
1,9,0,9,156,588
0,2,5,6,157,4102
1,2,5,6,157,4102
0,1,5,6,157,4102
0,3,5,6,157,4102
2,2,5,6,157,4102
1,1,5,6,157,4102
1,3,5,6,157,4102
0,0,5,6,157,4102
0,4,5,6,157,4102
3,2,5,6,157,4102
2,1,5,6,157,4102
2,3,5,6,157,4102
1,0,5,6,157,4102
1,4,5,6,157,4102
0,5,5,6,157,4102
4,2,5,6,157,4102
3,1,5,6,157,4102
3,3,5,6,157,4102
2,0,5,6,157,4102
2,4,5,6,157,4102
1,5,5,6,157,4102
0,6,5,6,157,4102
5,2,5,6,157,4102
4,1,5,6,157,4102
4,3,5,6,157,4102
3,0,5,6,157,4102
3,4,5,6,157,4102
2,5,5,6,157,4102
1,6,5,6,157,4102
0,7,5,6,157,4102
6,2,5,6,157,4102
5,1,5,6,157,4102
5,3,5,6,157,4102
4,0,5,6,157,4102
4,4,5,6,157,4102
3,5,5,6,157,4102
2,6,5,6,157,4102
1,7,5,6,157,4102
0,8,5,6,157,4102
7,2,5,6,157,4102
6,1,5,6,157,4102
6,3,5,6,157,4102
5,0,5,6,157,4102
5,4,5,6,157,4102
4,5,5,6,157,4102
3,6,5,6,157,4102
2,7,5,6,157,4102
1,8,5,6,157,4102
0,9,5,6,157,4102
8,2,5,6,157,4102
7,1,5,6,157,4102
7,3,5,6,157,4102
6,0,5,6,157,4102
6,4,5,6,157,4102
5,5,5,6,157,4102
4,6,5,6,157,4102
3,7,5,6,157,4102
2,8,5,6,157,4102
1,9,5,6,157,4102
9,2,5,6,157,4102
8,1,5,6,157,4102
8,3,5,6,157,4102
7,0,5,6,157,4102
7,4,5,6,157,4102
6,5,5,6,157,4102
5,6,5,6,157,4102
4,7,5,6,157,4102
3,8,5,6,157,4102
2,9,5,6,157,4102
0,3,5,6,158,3751
1,3,5,6,158,3751
0,2,5,6,158,3751
0,4,5,6,158,3751
2,3,5,6,158,3751
1,2,5,6,158,3751
1,4,5,6,158,3751
0,1,5,6,158,3751
0,5,5,6,158,3751
3,3,5,6,158,3751
2,2,5,6,158,3751
2,4,5,6,158,3751
1,1,5,6,158,3751
1,5,5,6,158,3751
0,0,5,6,158,3751
0,6,5,6,158,3751
4,3,5,6,158,3751
3,2,5,6,158,3751
3,4,5,6,158,3751
2,1,5,6,158,3751
2,5,5,6,158,3751
1,0,5,6,158,3751
1,6,5,6,158,3751
0,7,5,6,158,3751
5,3,5,6,158,3751
4,2,5,6,158,3751
4,4,5,6,158,3751
3,1,5,6,158,3751
3,5,5,6,158,3751
2,0,5,6,158,3751
2,6,5,6,158,3751
1,7,5,6,158,3751
0,8,5,6,158,3751
6,3,5,6,158,3751
5,2,5,6,158,3751
5,4,5,6,158,3751
4,1,5,6,158,3751
4,5,5,6,158,3751
3,0,5,6,158,3751
3,6,5,6,158,3751
2,7,5,6,158,3751
1,8,5,6,158,3751
0,9,5,6,158,3751
7,3,5,6,158,3751
6,2,5,6,158,3751
6,4,5,6,158,3751
5,1,5,6,158,3751
5,5,5,6,158,3751
4,0,5,6,158,3751
4,6,5,6,158,3751
3,7,5,6,158,3751
2,8,5,6,158,3751
1,9,5,6,158,3751
8,3,5,6,158,3751
7,2,5,6,158,3751
7,4,5,6,158,3751
6,1,5,6,158,3751
6,5,5,6,158,3751
5,0,5,6,158,3751
5,6,5,6,158,3751
4,7,5,6,158,3751
3,8,5,6,158,3751
2,9,5,6,158,3751
0,5,5,6,159,3000
1,5,5,6,159,3000
0,4,5,6,159,3000
0,6,5,6,159,3000
2,5,5,6,159,3000
1,4,5,6,159,3000
1,6,5,6,159,3000
0,3,5,6,159,3000
0,7,5,6,159,3000
3,5,5,6,159,3000
2,4,5,6,159,3000
2,6,5,6,159,3000
1,3,5,6,159,3000
1,7,5,6,159,3000
0,2,5,6,159,3000
0,8,5,6,159,3000
4,5,5,6,159,3000
3,4,5,6,159,3000
3,6,5,6,159,3000
2,3,5,6,159,3000
2,7,5,6,159,3000
1,2,5,6,159,3000
1,8,5,6,159,3000
0,1,5,6,159,3000
0,9,5,6,159,3000
5,5,5,6,159,3000
4,4,5,6,159,3000
4,6,5,6,159,3000
3,3,5,6,159,3000
3,7,5,6,159,3000
2,2,5,6,159,3000
2,8,5,6,159,3000
1,1,5,6,159,3000
1,9,5,6,159,3000
0,0,5,6,159,3000
6,5,5,6,159,3000
5,4,5,6,159,3000
5,6,5,6,159,3000
4,3,5,6,159,3000
4,7,5,6,159,3000
3,2,5,6,159,3000
3,8,5,6,159,3000
2,1,5,6,159,3000
2,9,5,6,159,3000
1,0,5,6,159,3000
0,6,5,6,160,2572
1,6,5,6,160,2572
0,5,5,6,160,2572
0,7,5,6,160,2572
2,6,5,6,160,2572
1,5,5,6,160,2572
1,7,5,6,160,2572
0,4,5,6,160,2572
0,8,5,6,160,2572
3,6,5,6,160,2572
2,5,5,6,160,2572
2,7,5,6,160,2572
1,4,5,6,160,2572
1,8,5,6,160,2572
0,3,5,6,160,2572
0,9,5,6,160,2572
4,6,5,6,160,2572
3,5,5,6,160,2572
3,7,5,6,160,2572
2,4,5,6,160,2572
2,8,5,6,160,2572
1,3,5,6,160,2572
1,9,5,6,160,2572
0,2,5,6,160,2572
5,6,5,6,160,2572
4,5,5,6,160,2572
4,7,5,6,160,2572
3,4,5,6,160,2572
3,8,5,6,160,2572
2,3,5,6,160,2572
2,9,5,6,160,2572
1,2,5,6,160,2572
0,1,5,6,160,2572
0,7,3,6,161,2135
1,7,3,6,161,2135
0,6,3,6,161,2135
0,8,3,6,161,2135
2,7,3,6,161,2135
1,6,3,6,161,2135
1,8,3,6,161,2135
0,5,3,6,161,2135
0,9,3,6,161,2135
3,7,3,6,161,2135
2,6,3,6,161,2135
2,8,3,6,161,2135
1,5,3,6,161,2135
1,9,3,6,161,2135
0,4,3,6,161,2135
4,7,3,6,161,2135
3,6,3,6,161,2135
3,8,3,6,161,2135
2,5,3,6,161,2135
2,9,3,6,161,2135
1,4,3,6,161,2135
0,3,3,6,161,2135
0,8,1,6,162,1653
1,8,1,6,162,1653
0,7,1,6,162,1653
0,9,1,6,162,1653
2,8,1,6,162,1653
1,7,1,6,162,1653
1,9,1,6,162,1653
0,6,1,6,162,1653
3,8,1,6,162,1653
2,7,1,6,162,1653
2,9,1,6,162,1653
1,6,1,6,162,1653
0,5,1,6,162,1653
0,9,0,7,163,1134
1,9,0,7,163,1134
0,8,0,7,163,1134
2,9,0,7,163,1134
1,8,0,7,163,1134
0,7,0,7,163,1134
0,0,5,6,164,4437
1,0,5,6,164,4437
0,1,5,6,164,4437
2,0,5,6,164,4437
1,1,5,6,164,4437
0,2,5,6,164,4437
3,0,5,6,164,4437
2,1,5,6,164,4437
1,2,5,6,164,4437
0,3,5,6,164,4437
4,0,5,6,164,4437
3,1,5,6,164,4437
2,2,5,6,164,4437
1,3,5,6,164,4437
0,4,5,6,164,4437
5,0,5,6,164,4437
4,1,5,6,164,4437
3,2,5,6,164,4437
2,3,5,6,164,4437
1,4,5,6,164,4437
0,5,5,6,164,4437
6,0,5,6,164,4437
5,1,5,6,164,4437
4,2,5,6,164,4437
3,3,5,6,164,4437
2,4,5,6,164,4437
1,5,5,6,164,4437
0,6,5,6,164,4437
7,0,5,6,164,4437
6,1,5,6,164,4437
5,2,5,6,164,4437
4,3,5,6,164,4437
3,4,5,6,164,4437
2,5,5,6,164,4437
1,6,5,6,164,4437
0,7,5,6,164,4437
8,0,5,6,164,4437
7,1,5,6,164,4437
6,2,5,6,164,4437
5,3,5,6,164,4437
4,4,5,6,164,4437
3,5,5,6,164,4437
2,6,5,6,164,4437
1,7,5,6,164,4437
0,8,5,6,164,4437
9,0,5,6,164,4437
8,1,5,6,164,4437
7,2,5,6,164,4437
6,3,5,6,164,4437
5,4,5,6,164,4437
4,5,5,6,164,4437
3,6,5,6,164,4437
2,7,5,6,164,4437
1,8,5,6,164,4437
0,9,5,6,164,4437
9,1,5,6,164,4437
9,2,5,6,164,4437
8,2,5,6,164,4437
8,3,5,6,164,4437
7,3,5,6,164,4437
7,4,5,6,164,4437
6,4,5,6,164,4437
6,5,5,6,164,4437
5,5,5,6,164,4437
5,6,5,6,164,4437
4,6,5,6,164,4437
4,7,5,6,164,4437
3,7,5,6,164,4437
3,8,5,6,164,4437
2,8,5,6,164,4437
2,9,5,6,164,4437
1,9,5,6,164,4437
0,0,6,6,165,4431
1,0,6,6,165,4431
0,1,6,6,165,4431
2,0,6,6,165,4431
1,1,6,6,165,4431
0,2,6,6,165,4431
3,0,6,6,165,4431
2,1,6,6,165,4431
1,2,6,6,165,4431
0,3,6,6,165,4431
4,0,6,6,165,4431
3,1,6,6,165,4431
2,2,6,6,165,4431
1,3,6,6,165,4431
0,4,6,6,165,4431
5,0,6,6,165,4431
4,1,6,6,165,4431
3,2,6,6,165,4431
2,3,6,6,165,4431
1,4,6,6,165,4431
0,5,6,6,165,4431
6,0,6,6,165,4431
5,1,6,6,165,4431
4,2,6,6,165,4431
3,3,6,6,165,4431
2,4,6,6,165,4431
1,5,6,6,165,4431
0,6,6,6,165,4431
7,0,6,6,165,4431
6,1,6,6,165,4431
5,2,6,6,165,4431
4,3,6,6,165,4431
3,4,6,6,165,4431
2,5,6,6,165,4431
1,6,6,6,165,4431
0,7,6,6,165,4431
8,0,6,6,165,4431
7,1,6,6,165,4431
6,2,6,6,165,4431
5,3,6,6,165,4431
4,4,6,6,165,4431
3,5,6,6,165,4431
2,6,6,6,165,4431
1,7,6,6,165,4431
0,8,6,6,165,4431
9,0,6,6,165,4431
9,1,6,6,165,4431
8,1,6,6,165,4431
8,2,6,6,165,4431
7,2,6,6,165,4431
7,3,6,6,165,4431
6,3,6,6,165,4431
6,4,6,6,165,4431
5,4,6,6,165,4431
5,5,6,6,165,4431
4,5,6,6,165,4431
4,6,6,6,165,4431
3,6,6,6,165,4431
3,7,6,6,165,4431
2,7,6,6,165,4431
2,8,6,6,165,4431
1,8,6,6,165,4431
1,9,6,6,165,4431
9,2,6,6,165,4431
9,2,9,2,0,0
9,3,6,6,165,4431
8,3,6,6,165,4431
8,3,8,3,0,0
8,4,6,6,165,4431
7,4,6,6,165,4431
7,4,7,4,0,0
7,5,6,6,165,4431
6,5,6,6,165,4431
6,5,6,5,0,0
6,6,6,6,165,4431
5,6,6,6,165,4431
5,6,5,6,0,0
5,7,6,6,165,4431
4,7,6,6,165,4431
4,7,4,7,0,0
4,8,6,6,165,4431
3,8,6,6,165,4431
3,8,3,8,0,0
3,9,6,6,165,4431
2,9,6,6,165,4431
2,9,2,9,0,0
0,0,6,6,166,4101
1,0,6,6,166,4101
0,1,6,6,166,4101
2,0,6,6,166,4101
1,1,6,6,166,4101
0,2,6,6,166,4101
3,0,6,6,166,4101
2,1,6,6,166,4101
1,2,6,6,166,4101
0,3,6,6,166,4101
4,0,6,6,166,4101
3,1,6,6,166,4101
2,2,6,6,166,4101
1,3,6,6,166,4101
0,4,6,6,166,4101
5,0,6,6,166,4101
4,1,6,6,166,4101
3,2,6,6,166,4101
2,3,6,6,166,4101
1,4,6,6,166,4101
0,5,6,6,166,4101
6,0,6,6,166,4101
5,1,6,6,166,4101
4,2,6,6,166,4101
3,3,6,6,166,4101
2,4,6,6,166,4101
1,5,6,6,166,4101
0,6,6,6,166,4101
8,0,6,6,166,4101
7,0,6,6,166,4101
7,1,6,6,166,4101
6,1,6,6,166,4101
6,2,6,6,166,4101
5,2,6,6,166,4101
5,3,6,6,166,4101
4,3,6,6,166,4101
4,4,6,6,166,4101
3,4,6,6,166,4101
3,5,6,6,166,4101
2,5,6,6,166,4101
2,6,6,6,166,4101
1,6,6,6,166,4101
1,7,6,6,166,4101
9,0,6,6,166,4101
9,1,6,6,166,4101
8,1,6,6,166,4101
8,2,6,6,166,4101
7,2,6,6,166,4101
7,3,6,6,166,4101
6,3,6,6,166,4101
6,4,6,6,166,4101
5,4,6,6,166,4101
5,5,6,6,166,4101
4,5,6,6,166,4101
4,6,6,6,166,4101
3,6,6,6,166,4101
3,7,6,6,166,4101
2,7,6,6,166,4101
2,8,6,6,166,4101
9,2,6,6,166,4101
9,3,6,6,166,4101
8,3,6,6,166,4101
8,4,6,6,166,4101
7,4,6,6,166,4101
7,5,6,6,166,4101
6,5,6,6,166,4101
6,6,6,6,166,4101
5,6,6,6,166,4101
5,7,6,6,166,4101
4,7,6,6,166,4101
4,8,6,6,166,4101
3,8,6,6,166,4101
3,9,6,6,166,4101
0,0,6,6,167,3748
1,0,6,6,167,3748
0,1,6,6,167,3748
2,0,6,6,167,3748
1,1,6,6,167,3748
0,2,6,6,167,3748
3,0,6,6,167,3748
2,1,6,6,167,3748
1,2,6,6,167,3748
0,3,6,6,167,3748
4,0,6,6,167,3748
3,1,6,6,167,3748
2,2,6,6,167,3748
1,3,6,6,167,3748
0,4,6,6,167,3748
6,0,6,6,167,3748
5,0,6,6,167,3748
5,1,6,6,167,3748
4,1,6,6,167,3748
4,2,6,6,167,3748
3,2,6,6,167,3748
3,3,6,6,167,3748
2,3,6,6,167,3748
2,4,6,6,167,3748
1,4,6,6,167,3748
1,5,6,6,167,3748
8,0,6,6,167,3748
7,0,6,6,167,3748
7,1,6,6,167,3748
6,1,6,6,167,3748
6,2,6,6,167,3748
5,2,6,6,167,3748
5,3,6,6,167,3748
4,3,6,6,167,3748
4,4,6,6,167,3748
3,4,6,6,167,3748
3,5,6,6,167,3748
2,5,6,6,167,3748
2,6,6,6,167,3748
9,0,6,6,167,3748
9,1,6,6,167,3748
8,1,6,6,167,3748
8,2,6,6,167,3748
7,2,6,6,167,3748
7,3,6,6,167,3748
6,3,6,6,167,3748
6,4,6,6,167,3748
5,4,6,6,167,3748
5,5,6,6,167,3748
4,5,6,6,167,3748
4,6,6,6,167,3748
3,6,6,6,167,3748
3,7,6,6,167,3748
9,2,6,6,167,3748
9,3,6,6,167,3748
8,3,6,6,167,3748
8,4,6,6,167,3748
7,4,6,6,167,3748
7,5,6,6,167,3748
6,5,6,6,167,3748
6,6,6,6,167,3748
5,6,6,6,167,3748
5,7,6,6,167,3748
4,7,6,6,167,3748
4,8,6,6,167,3748
0,0,4,6,168,3389
1,0,4,6,168,3389
0,1,4,6,168,3389
2,0,4,6,168,3389
1,1,4,6,168,3389
0,2,4,6,168,3389
4,0,4,6,168,3389
3,0,4,6,168,3389
3,1,4,6,168,3389
2,1,4,6,168,3389
2,2,4,6,168,3389
1,2,4,6,168,3389
1,3,4,6,168,3389
6,0,4,6,168,3389
5,0,4,6,168,3389
5,1,4,6,168,3389
4,1,4,6,168,3389
4,2,4,6,168,3389
3,2,4,6,168,3389
3,3,4,6,168,3389
2,3,4,6,168,3389
2,4,4,6,168,3389
8,0,4,6,168,3389
7,0,4,6,168,3389
7,1,4,6,168,3389
6,1,4,6,168,3389
6,2,4,6,168,3389
5,2,4,6,168,3389
5,3,4,6,168,3389
4,3,4,6,168,3389
4,4,4,6,168,3389
3,4,4,6,168,3389
3,5,4,6,168,3389
9,0,4,6,168,3389
9,1,4,6,168,3389
8,1,4,6,168,3389
8,2,4,6,168,3389
7,2,4,6,168,3389
7,3,4,6,168,3389
6,3,4,6,168,3389
6,4,4,6,168,3389
5,4,4,6,168,3389
5,5,4,6,168,3389
4,5,4,6,168,3389
4,6,4,6,168,3389
9,2,4,6,168,3389
9,3,4,6,168,3389
8,3,4,6,168,3389
8,4,4,6,168,3389
7,4,4,6,168,3389
7,5,4,6,168,3389
6,5,4,6,168,3389
6,6,4,6,168,3389
5,6,4,6,168,3389
5,7,4,6,168,3389
0,0,4,4,169,3008
2,0,4,4,169,3008
1,0,4,4,169,3008
1,1,4,4,169,3008
4,0,4,4,169,3008
3,0,4,4,169,3008
3,1,4,4,169,3008
2,1,4,4,169,3008
2,2,4,4,169,3008
6,0,4,4,169,3008
5,0,4,4,169,3008
5,1,4,4,169,3008
4,1,4,4,169,3008
4,2,4,4,169,3008
3,2,4,4,169,3008
3,3,4,4,169,3008
8,0,4,4,169,3008
7,0,4,4,169,3008
7,1,4,4,169,3008
6,1,4,4,169,3008
6,2,4,4,169,3008
5,2,4,4,169,3008
5,3,4,4,169,3008
4,3,4,4,169,3008
4,4,4,4,169,3008
9,0,4,4,169,3008
9,1,4,4,169,3008
8,1,4,4,169,3008
8,2,4,4,169,3008
7,2,4,4,169,3008
7,3,4,4,169,3008
6,3,4,4,169,3008
6,4,4,4,169,3008
5,4,4,4,169,3008
5,5,4,4,169,3008
9,2,4,4,169,3008
9,3,4,4,169,3008
8,3,4,4,169,3008
8,4,4,4,169,3008
7,4,4,4,169,3008
7,5,4,4,169,3008
6,5,4,4,169,3008
6,6,4,4,169,3008
2,0,9,3,170,2582
4,0,9,3,170,2582
3,0,9,3,170,2582
3,1,9,3,170,2582
6,0,9,3,170,2582
5,0,9,3,170,2582
5,1,9,3,170,2582
4,1,9,3,170,2582
4,2,9,3,170,2582
8,0,9,3,170,2582
7,0,9,3,170,2582
7,1,9,3,170,2582
6,1,9,3,170,2582
6,2,9,3,170,2582
5,2,9,3,170,2582
5,3,9,3,170,2582
9,0,9,3,170,2582
9,1,9,3,170,2582
8,1,9,3,170,2582
8,2,9,3,170,2582
7,2,9,3,170,2582
7,3,9,3,170,2582
6,3,9,3,170,2582
6,4,9,3,170,2582
9,2,9,3,170,2582
9,3,9,3,170,2582
8,3,9,3,170,2582
8,4,9,3,170,2582
7,4,9,3,170,2582
7,5,9,3,170,2582
4,0,9,3,171,2130
6,0,9,3,171,2130
5,0,9,3,171,2130
5,1,9,3,171,2130
8,0,9,3,171,2130
7,0,9,3,171,2130
7,1,9,3,171,2130
6,1,9,3,171,2130
6,2,9,3,171,2130
9,0,9,3,171,2130
9,1,9,3,171,2130
8,1,9,3,171,2130
8,2,9,3,171,2130
7,2,9,3,171,2130
7,3,9,3,171,2130
9,2,9,3,171,2130
9,3,9,3,171,2130
8,3,9,3,171,2130
8,4,9,3,171,2130
6,0,9,3,172,1644
8,0,9,3,172,1644
7,0,9,3,172,1644
7,1,9,3,172,1644
9,0,9,3,172,1644
9,1,9,3,172,1644
8,1,9,3,172,1644
8,2,9,3,172,1644
9,2,9,3,172,1644
9,3,9,3,172,1644
7,1,9,3,173,1136
9,1,9,3,173,1136
8,0,9,3,173,1136
8,2,9,3,173,1136
8,1,9,3,173,1136
9,0,9,3,173,1136
9,2,9,3,173,1136
9,3,9,3,173,1136
5,1,9,3,174,1650
7,1,9,3,174,1650
6,0,9,3,174,1650
6,2,9,3,174,1650
9,1,9,3,174,1650
8,0,9,3,174,1650
8,2,9,3,174,1650
7,0,9,3,174,1650
7,3,9,3,174,1650
8,1,9,3,174,1650
9,0,9,3,174,1650
9,2,9,3,174,1650
9,3,9,3,174,1650
8,4,9,3,174,1650
6,2,9,3,175,1138
8,2,9,3,175,1138
7,1,9,3,175,1138
7,3,9,3,175,1138
9,2,9,3,175,1138
9,1,9,3,175,1138
9,3,9,3,175,1138
8,0,9,3,175,1138
8,4,9,3,175,1138
5,3,6,4,176,1138
7,3,6,4,176,1138
6,2,6,4,176,1138
6,4,6,4,176,1138
9,3,6,4,176,1138
8,2,6,4,176,1138
8,4,6,4,176,1138
7,1,6,4,176,1138
7,5,6,4,176,1138
1,1,4,2,177,2583
3,1,4,2,177,2583
2,0,4,2,177,2583
2,2,4,2,177,2583
5,1,4,2,177,2583
4,0,4,2,177,2583
4,2,4,2,177,2583
3,0,4,2,177,2583
3,3,4,2,177,2583
7,1,4,2,177,2583
6,0,4,2,177,2583
6,2,4,2,177,2583
5,0,4,2,177,2583
5,3,4,2,177,2583
4,1,4,2,177,2583
4,4,4,2,177,2583
9,1,4,2,177,2583
8,0,4,2,177,2583
8,2,4,2,177,2583
7,0,4,2,177,2583
7,3,4,2,177,2583
6,1,4,2,177,2583
6,4,4,2,177,2583
5,2,4,2,177,2583
5,5,4,2,177,2583
8,1,4,2,177,2583
9,0,4,2,177,2583
9,2,4,2,177,2583
9,3,4,2,177,2583
8,4,4,2,177,2583
7,2,4,2,177,2583
7,5,4,2,177,2583
6,3,4,2,177,2583
6,6,4,2,177,2583
3,3,6,6,110,1646
5,3,6,6,110,1646
4,2,6,6,110,1646
4,4,6,6,110,1646
7,3,6,6,110,1646
6,2,6,6,110,1646
6,4,6,6,110,1646
5,1,6,6,110,1646
5,5,6,6,110,1646
9,3,6,6,110,1646
8,2,6,6,110,1646
8,4,6,6,110,1646
7,1,6,6,110,1646
7,5,6,6,110,1646
6,0,6,6,110,1646
6,6,6,6,110,1646
4,4,6,6,62,1136
6,4,6,6,62,1136
5,3,6,6,62,1136
5,5,6,6,62,1136
8,4,6,6,62,1136
7,3,6,6,62,1136
7,5,6,6,62,1136
6,2,6,6,62,1136
6,6,6,6,62,1136
0,1,4,6,178,2986
1,1,4,6,178,2986
0,0,4,6,178,2986
0,2,4,6,178,2986
3,1,4,6,178,2986
2,0,4,6,178,2986
2,2,4,6,178,2986
1,0,4,6,178,2986
1,3,4,6,178,2986
5,1,4,6,178,2986
4,0,4,6,178,2986
4,2,4,6,178,2986
3,0,4,6,178,2986
3,3,4,6,178,2986
2,1,4,6,178,2986
2,4,4,6,178,2986
7,1,4,6,178,2986
6,0,4,6,178,2986
6,2,4,6,178,2986
5,0,4,6,178,2986
5,3,4,6,178,2986
4,1,4,6,178,2986
4,4,4,6,178,2986
3,2,4,6,178,2986
3,5,4,6,178,2986
9,1,4,6,178,2986
8,0,4,6,178,2986
8,2,4,6,178,2986
7,0,4,6,178,2986
7,3,4,6,178,2986
6,1,4,6,178,2986
6,4,4,6,178,2986
5,2,4,6,178,2986
5,5,4,6,178,2986
4,3,4,6,178,2986
4,6,4,6,178,2986
8,1,4,6,178,2986
9,0,4,6,178,2986
9,2,4,6,178,2986
9,3,4,6,178,2986
8,4,4,6,178,2986
7,2,4,6,178,2986
7,5,4,6,178,2986
6,3,4,6,178,2986
6,6,4,6,178,2986
5,4,4,6,178,2986
5,7,4,6,178,2986
1,3,6,6,142,2127
3,3,6,6,142,2127
2,2,6,6,142,2127
2,4,6,6,142,2127
5,3,6,6,142,2127
4,2,6,6,142,2127
4,4,6,6,142,2127
3,1,6,6,142,2127
3,5,6,6,142,2127
7,3,6,6,142,2127
6,2,6,6,142,2127
6,4,6,6,142,2127
5,1,6,6,142,2127
5,5,6,6,142,2127
4,0,6,6,142,2127
4,6,6,6,142,2127
9,3,6,6,142,2127
8,2,6,6,142,2127
8,4,6,6,142,2127
7,1,6,6,142,2127
7,5,6,6,142,2127
6,0,6,6,142,2127
6,6,6,6,142,2127
5,0,6,6,142,2127
5,7,6,6,142,2127
2,4,6,6,112,1650
4,4,6,6,112,1650
3,3,6,6,112,1650
3,5,6,6,112,1650
6,4,6,6,112,1650
5,3,6,6,112,1650
5,5,6,6,112,1650
4,2,6,6,112,1650
4,6,6,6,112,1650
8,4,6,6,112,1650
7,3,6,6,112,1650
7,5,6,6,112,1650
6,2,6,6,112,1650
6,6,6,6,112,1650
5,1,6,6,112,1650
5,7,6,6,112,1650
0,1,6,6,179,3379
1,1,6,6,179,3379
0,0,6,6,179,3379
0,2,6,6,179,3379
2,1,6,6,179,3379
1,0,6,6,179,3379
1,2,6,6,179,3379
0,3,6,6,179,3379
3,1,6,6,179,3379
2,0,6,6,179,3379
2,2,6,6,179,3379
1,3,6,6,179,3379
0,4,6,6,179,3379
5,1,6,6,179,3379
4,0,6,6,179,3379
4,2,6,6,179,3379
3,0,6,6,179,3379
3,3,6,6,179,3379
2,4,6,6,179,3379
1,5,6,6,179,3379
7,1,6,6,179,3379
6,0,6,6,179,3379
6,2,6,6,179,3379
5,0,6,6,179,3379
5,3,6,6,179,3379
4,1,6,6,179,3379
4,4,6,6,179,3379
3,2,6,6,179,3379
3,5,6,6,179,3379
2,3,6,6,179,3379
2,6,6,6,179,3379
9,1,6,6,179,3379
8,0,6,6,179,3379
8,2,6,6,179,3379
7,0,6,6,179,3379
7,3,6,6,179,3379
6,1,6,6,179,3379
6,4,6,6,179,3379
5,2,6,6,179,3379
5,5,6,6,179,3379
4,3,6,6,179,3379
4,6,6,6,179,3379
3,4,6,6,179,3379
3,7,6,6,179,3379
8,1,6,6,179,3379
9,0,6,6,179,3379
9,2,6,6,179,3379
9,3,6,6,179,3379
8,4,6,6,179,3379
7,2,6,6,179,3379
7,5,6,6,179,3379
6,3,6,6,179,3379
6,6,6,6,179,3379
5,4,6,6,179,3379
5,7,6,6,179,3379
4,5,6,6,179,3379
4,8,6,6,179,3379
0,2,6,6,180,2991
1,2,6,6,180,2991
0,1,6,6,180,2991
0,3,6,6,180,2991
2,2,6,6,180,2991
1,1,6,6,180,2991
1,3,6,6,180,2991
0,0,6,6,180,2991
0,4,6,6,180,2991
4,2,6,6,180,2991
3,1,6,6,180,2991
3,3,6,6,180,2991
2,0,6,6,180,2991
2,4,6,6,180,2991
1,0,6,6,180,2991
1,5,6,6,180,2991
6,2,6,6,180,2991
5,1,6,6,180,2991
5,3,6,6,180,2991
4,0,6,6,180,2991
4,4,6,6,180,2991
3,0,6,6,180,2991
3,5,6,6,180,2991
2,1,6,6,180,2991
2,6,6,6,180,2991
8,2,6,6,180,2991
7,1,6,6,180,2991
7,3,6,6,180,2991
6,0,6,6,180,2991
6,4,6,6,180,2991
5,0,6,6,180,2991
5,5,6,6,180,2991
4,1,6,6,180,2991
4,6,6,6,180,2991
3,2,6,6,180,2991
3,7,6,6,180,2991
9,2,6,6,180,2991
9,1,6,6,180,2991
9,3,6,6,180,2991
8,0,6,6,180,2991
8,4,6,6,180,2991
7,0,6,6,180,2991
7,5,6,6,180,2991
6,1,6,6,180,2991
6,6,6,6,180,2991
5,2,6,6,180,2991
5,7,6,6,180,2991
4,3,6,6,180,2991
4,8,6,6,180,2991
0,3,6,6,181,2574
1,3,6,6,181,2574
0,2,6,6,181,2574
0,4,6,6,181,2574
3,3,6,6,181,2574
2,2,6,6,181,2574
2,4,6,6,181,2574
1,1,6,6,181,2574
1,5,6,6,181,2574
5,3,6,6,181,2574
4,2,6,6,181,2574
4,4,6,6,181,2574
3,1,6,6,181,2574
3,5,6,6,181,2574
2,0,6,6,181,2574
2,6,6,6,181,2574
7,3,6,6,181,2574
6,2,6,6,181,2574
6,4,6,6,181,2574
5,1,6,6,181,2574
5,5,6,6,181,2574
4,0,6,6,181,2574
4,6,6,6,181,2574
3,0,6,6,181,2574
3,7,6,6,181,2574
9,3,6,6,181,2574
8,2,6,6,181,2574
8,4,6,6,181,2574
7,1,6,6,181,2574
7,5,6,6,181,2574
6,0,6,6,181,2574
6,6,6,6,181,2574
5,0,6,6,181,2574
5,7,6,6,181,2574
4,1,6,6,181,2574
4,8,6,6,181,2574
0,4,6,6,182,2128
2,4,6,6,182,2128
1,3,6,6,182,2128
1,5,6,6,182,2128
4,4,6,6,182,2128
3,3,6,6,182,2128
3,5,6,6,182,2128
2,2,6,6,182,2128
2,6,6,6,182,2128
6,4,6,6,182,2128
5,3,6,6,182,2128
5,5,6,6,182,2128
4,2,6,6,182,2128
4,6,6,6,182,2128
3,1,6,6,182,2128
3,7,6,6,182,2128
8,4,6,6,182,2128
7,3,6,6,182,2128
7,5,6,6,182,2128
6,2,6,6,182,2128
6,6,6,6,182,2128
5,1,6,6,182,2128
5,7,6,6,182,2128
4,0,6,6,182,2128
4,8,6,6,182,2128
1,5,6,6,145,1650
3,5,6,6,145,1650
2,4,6,6,145,1650
2,6,6,6,145,1650
5,5,6,6,145,1650
4,4,6,6,145,1650
4,6,6,6,145,1650
3,3,6,6,145,1650
3,7,6,6,145,1650
7,5,6,6,145,1650
6,4,6,6,145,1650
6,6,6,6,145,1650
5,3,6,6,145,1650
5,7,6,6,145,1650
4,2,6,6,145,1650
4,8,6,6,145,1650
2,6,6,6,32,1136
4,6,6,6,32,1136
3,5,6,6,32,1136
3,7,6,6,32,1136
6,6,6,6,32,1136
5,5,6,6,32,1136
5,7,6,6,32,1136
4,4,6,6,32,1136
4,8,6,6,32,1136
0,2,6,6,183,3381
1,2,6,6,183,3381
0,1,6,6,183,3381
0,3,6,6,183,3381
2,2,6,6,183,3381
1,1,6,6,183,3381
1,3,6,6,183,3381
0,0,6,6,183,3381
0,4,6,6,183,3381
3,2,6,6,183,3381
2,1,6,6,183,3381
2,3,6,6,183,3381
1,0,6,6,183,3381
1,4,6,6,183,3381
0,5,6,6,183,3381
4,2,6,6,183,3381
3,1,6,6,183,3381
3,3,6,6,183,3381
2,0,6,6,183,3381
2,4,6,6,183,3381
1,5,6,6,183,3381
0,6,6,6,183,3381
6,2,6,6,183,3381
5,1,6,6,183,3381
5,3,6,6,183,3381
4,0,6,6,183,3381
4,4,6,6,183,3381
3,0,6,6,183,3381
3,5,6,6,183,3381
2,6,6,6,183,3381
1,7,6,6,183,3381
8,2,6,6,183,3381
7,1,6,6,183,3381
7,3,6,6,183,3381
6,0,6,6,183,3381
6,4,6,6,183,3381
5,0,6,6,183,3381
5,5,6,6,183,3381
4,1,6,6,183,3381
4,6,6,6,183,3381
3,7,6,6,183,3381
2,8,6,6,183,3381
9,2,6,6,183,3381
9,1,6,6,183,3381
9,3,6,6,183,3381
8,0,6,6,183,3381
8,4,6,6,183,3381
7,0,6,6,183,3381
7,5,6,6,183,3381
6,1,6,6,183,3381
6,6,6,6,183,3381
5,2,6,6,183,3381
5,7,6,6,183,3381
4,3,6,6,183,3381
4,8,6,6,183,3381
3,4,6,6,183,3381
3,9,6,6,183,3381
0,4,6,6,184,2574
1,4,6,6,184,2574
0,3,6,6,184,2574
0,5,6,6,184,2574
2,4,6,6,184,2574
1,3,6,6,184,2574
1,5,6,6,184,2574
0,2,6,6,184,2574
0,6,6,6,184,2574
4,4,6,6,184,2574
3,3,6,6,184,2574
3,5,6,6,184,2574
2,2,6,6,184,2574
2,6,6,6,184,2574
1,1,6,6,184,2574
1,7,6,6,184,2574
6,4,6,6,184,2574
5,3,6,6,184,2574
5,5,6,6,184,2574
4,2,6,6,184,2574
4,6,6,6,184,2574
3,1,6,6,184,2574
3,7,6,6,184,2574
2,0,6,6,184,2574
2,8,6,6,184,2574
8,4,6,6,184,2574
7,3,6,6,184,2574
7,5,6,6,184,2574
6,2,6,6,184,2574
6,6,6,6,184,2574
5,1,6,6,184,2574
5,7,6,6,184,2574
4,0,6,6,184,2574
4,8,6,6,184,2574
3,0,6,6,184,2574
3,9,6,6,184,2574
0,5,6,6,185,2127
1,5,6,6,185,2127
0,4,6,6,185,2127
0,6,6,6,185,2127
3,5,6,6,185,2127
2,4,6,6,185,2127
2,6,6,6,185,2127
1,3,6,6,185,2127
1,7,6,6,185,2127
5,5,6,6,185,2127
4,4,6,6,185,2127
4,6,6,6,185,2127
3,3,6,6,185,2127
3,7,6,6,185,2127
2,2,6,6,185,2127
2,8,6,6,185,2127
7,5,6,6,185,2127
6,4,6,6,185,2127
6,6,6,6,185,2127
5,3,6,6,185,2127
5,7,6,6,185,2127
4,2,6,6,185,2127
4,8,6,6,185,2127
3,1,6,6,185,2127
3,9,6,6,185,2127
0,6,6,6,186,1646
2,6,6,6,186,1646
1,5,6,6,186,1646
1,7,6,6,186,1646
4,6,6,6,186,1646
3,5,6,6,186,1646
3,7,6,6,186,1646
2,4,6,6,186,1646
2,8,6,6,186,1646
6,6,6,6,186,1646
5,5,6,6,186,1646
5,7,6,6,186,1646
4,4,6,6,186,1646
4,8,6,6,186,1646
3,3,6,6,186,1646
3,9,6,6,186,1646
0,1,4,6,187,4101
1,1,4,6,187,4101
0,0,4,6,187,4101
0,2,4,6,187,4101
2,1,4,6,187,4101
1,0,4,6,187,4101
1,2,4,6,187,4101
0,3,4,6,187,4101
3,1,4,6,187,4101
2,0,4,6,187,4101
2,2,4,6,187,4101
1,3,4,6,187,4101
0,4,4,6,187,4101
4,1,4,6,187,4101
3,0,4,6,187,4101
3,2,4,6,187,4101
2,3,4,6,187,4101
1,4,4,6,187,4101
0,5,4,6,187,4101
5,1,4,6,187,4101
4,0,4,6,187,4101
4,2,4,6,187,4101
3,3,4,6,187,4101
2,4,4,6,187,4101
1,5,4,6,187,4101
0,6,4,6,187,4101
6,1,4,6,187,4101
5,0,4,6,187,4101
5,2,4,6,187,4101
4,3,4,6,187,4101
3,4,4,6,187,4101
2,5,4,6,187,4101
1,6,4,6,187,4101
0,7,4,6,187,4101
7,1,4,6,187,4101
6,0,4,6,187,4101
6,2,4,6,187,4101
5,3,4,6,187,4101
4,4,4,6,187,4101
3,5,4,6,187,4101
2,6,4,6,187,4101
1,7,4,6,187,4101
0,8,4,6,187,4101
9,1,4,6,187,4101
8,0,4,6,187,4101
8,2,4,6,187,4101
7,0,4,6,187,4101
7,3,4,6,187,4101
6,4,4,6,187,4101
5,5,4,6,187,4101
4,6,4,6,187,4101
3,7,4,6,187,4101
2,8,4,6,187,4101
1,9,4,6,187,4101
8,1,4,6,187,4101
9,0,4,6,187,4101
9,2,4,6,187,4101
9,3,4,6,187,4101
8,4,4,6,187,4101
7,2,4,6,187,4101
7,5,4,6,187,4101
6,3,4,6,187,4101
6,6,4,6,187,4101
5,4,4,6,187,4101
5,7,4,6,187,4101
4,5,4,6,187,4101
4,8,4,6,187,4101
3,6,4,6,187,4101
3,9,4,6,187,4101
2,7,4,6,187,4101
2,9,4,6,187,4101
0,2,6,6,188,3746
1,2,6,6,188,3746
0,1,6,6,188,3746
0,3,6,6,188,3746
2,2,6,6,188,3746
1,1,6,6,188,3746
1,3,6,6,188,3746
0,0,6,6,188,3746
0,4,6,6,188,3746
3,2,6,6,188,3746
2,1,6,6,188,3746
2,3,6,6,188,3746
1,0,6,6,188,3746
1,4,6,6,188,3746
0,5,6,6,188,3746
4,2,6,6,188,3746
3,1,6,6,188,3746
3,3,6,6,188,3746
2,0,6,6,188,3746
2,4,6,6,188,3746
1,5,6,6,188,3746
0,6,6,6,188,3746
5,2,6,6,188,3746
4,1,6,6,188,3746
4,3,6,6,188,3746
3,0,6,6,188,3746
3,4,6,6,188,3746
2,5,6,6,188,3746
1,6,6,6,188,3746
0,7,6,6,188,3746
6,2,6,6,188,3746
5,1,6,6,188,3746
5,3,6,6,188,3746
4,0,6,6,188,3746
4,4,6,6,188,3746
3,5,6,6,188,3746
2,6,6,6,188,3746
1,7,6,6,188,3746
0,8,6,6,188,3746
8,2,6,6,188,3746
7,1,6,6,188,3746
7,3,6,6,188,3746
6,0,6,6,188,3746
6,4,6,6,188,3746
5,0,6,6,188,3746
5,5,6,6,188,3746
4,6,6,6,188,3746
3,7,6,6,188,3746
2,8,6,6,188,3746
1,9,6,6,188,3746
9,2,6,6,188,3746
9,1,6,6,188,3746
9,3,6,6,188,3746
8,0,6,6,188,3746
8,4,6,6,188,3746
7,0,6,6,188,3746
7,5,6,6,188,3746
6,1,6,6,188,3746
6,6,6,6,188,3746
5,7,6,6,188,3746
4,8,6,6,188,3746
3,9,6,6,188,3746
2,9,6,6,188,3746
0,4,6,6,189,2991
1,4,6,6,189,2991
0,3,6,6,189,2991
0,5,6,6,189,2991
2,4,6,6,189,2991
1,3,6,6,189,2991
1,5,6,6,189,2991
0,2,6,6,189,2991
0,6,6,6,189,2991
3,4,6,6,189,2991
2,3,6,6,189,2991
2,5,6,6,189,2991
1,2,6,6,189,2991
1,6,6,6,189,2991
0,1,6,6,189,2991
0,7,6,6,189,2991
4,4,6,6,189,2991
3,3,6,6,189,2991
3,5,6,6,189,2991
2,2,6,6,189,2991
2,6,6,6,189,2991
1,1,6,6,189,2991
1,7,6,6,189,2991
0,0,6,6,189,2991
0,8,6,6,189,2991
6,4,6,6,189,2991
5,3,6,6,189,2991
5,5,6,6,189,2991
4,2,6,6,189,2991
4,6,6,6,189,2991
3,1,6,6,189,2991
3,7,6,6,189,2991
2,0,6,6,189,2991
2,8,6,6,189,2991
1,0,6,6,189,2991
1,9,6,6,189,2991
8,4,6,6,189,2991
7,3,6,6,189,2991
7,5,6,6,189,2991
6,2,6,6,189,2991
6,6,6,6,189,2991
5,1,6,6,189,2991
5,7,6,6,189,2991
4,0,6,6,189,2991
4,8,6,6,189,2991
3,0,6,6,189,2991
3,9,6,6,189,2991
2,1,6,6,189,2991
2,9,6,6,189,2991
0,6,6,6,190,2122
1,6,6,6,190,2122
0,5,6,6,190,2122
0,7,6,6,190,2122
2,6,6,6,190,2122
1,5,6,6,190,2122
1,7,6,6,190,2122
0,4,6,6,190,2122
0,8,6,6,190,2122
4,6,6,6,190,2122
3,5,6,6,190,2122
3,7,6,6,190,2122
2,4,6,6,190,2122
2,8,6,6,190,2122
1,3,6,6,190,2122
1,9,6,6,190,2122
6,6,6,6,190,2122
5,5,6,6,190,2122
5,7,6,6,190,2122
4,4,6,6,190,2122
4,8,6,6,190,2122
3,3,6,6,190,2122
3,9,6,6,190,2122
2,2,6,6,190,2122
2,9,6,6,190,2122
0,7,4,6,191,1650
1,7,4,6,191,1650
0,6,4,6,191,1650
0,8,4,6,191,1650
3,7,4,6,191,1650
2,6,4,6,191,1650
2,8,4,6,191,1650
1,5,4,6,191,1650
1,9,4,6,191,1650
5,7,4,6,191,1650
4,6,4,6,191,1650
4,8,4,6,191,1650
3,5,4,6,191,1650
3,9,4,6,191,1650
2,4,4,6,191,1650
2,9,4,6,191,1650
0,8,2,6,192,1136
2,8,2,6,192,1136
1,7,2,6,192,1136
1,9,2,6,192,1136
4,8,2,6,192,1136
3,7,2,6,192,1136
3,9,2,6,192,1136
2,6,2,6,192,1136
2,9,2,6,192,1136
0,1,4,6,193,4430
1,1,4,6,193,4430
0,0,4,6,193,4430
0,2,4,6,193,4430
2,1,4,6,193,4430
1,0,4,6,193,4430
1,2,4,6,193,4430
0,3,4,6,193,4430
3,1,4,6,193,4430
2,0,4,6,193,4430
2,2,4,6,193,4430
1,3,4,6,193,4430
0,4,4,6,193,4430
4,1,4,6,193,4430
3,0,4,6,193,4430
3,2,4,6,193,4430
2,3,4,6,193,4430
1,4,4,6,193,4430
0,5,4,6,193,4430
5,1,4,6,193,4430
4,0,4,6,193,4430
4,2,4,6,193,4430
3,3,4,6,193,4430
2,4,4,6,193,4430
1,5,4,6,193,4430
0,6,4,6,193,4430
6,1,4,6,193,4430
5,0,4,6,193,4430
5,2,4,6,193,4430
4,3,4,6,193,4430
3,4,4,6,193,4430
2,5,4,6,193,4430
1,6,4,6,193,4430
0,7,4,6,193,4430
7,1,4,6,193,4430
6,0,4,6,193,4430
6,2,4,6,193,4430
5,3,4,6,193,4430
4,4,4,6,193,4430
3,5,4,6,193,4430
2,6,4,6,193,4430
1,7,4,6,193,4430
0,8,4,6,193,4430
8,1,4,6,193,4430
7,0,4,6,193,4430
7,2,4,6,193,4430
6,3,4,6,193,4430
5,4,4,6,193,4430
4,5,4,6,193,4430
3,6,4,6,193,4430
2,7,4,6,193,4430
1,8,4,6,193,4430
0,9,4,6,193,4430
9,1,4,6,193,4430
8,0,4,6,193,4430
8,2,4,6,193,4430
7,3,4,6,193,4430
6,4,4,6,193,4430
5,5,4,6,193,4430
4,6,4,6,193,4430
3,7,4,6,193,4430
2,8,4,6,193,4430
1,9,4,6,193,4430
9,0,4,6,193,4430
9,2,4,6,193,4430
9,3,4,6,193,4430
8,4,4,6,193,4430
7,5,4,6,193,4430
6,6,4,6,193,4430
5,7,4,6,193,4430
4,8,4,6,193,4430
3,9,4,6,193,4430
2,9,4,6,193,4430
0,3,6,6,194,3745
1,3,6,6,194,3745
0,2,6,6,194,3745
0,4,6,6,194,3745
2,3,6,6,194,3745
1,2,6,6,194,3745
1,4,6,6,194,3745
0,1,6,6,194,3745
0,5,6,6,194,3745
3,3,6,6,194,3745
2,2,6,6,194,3745
2,4,6,6,194,3745
1,1,6,6,194,3745
1,5,6,6,194,3745
0,0,6,6,194,3745
0,6,6,6,194,3745
4,3,6,6,194,3745
3,2,6,6,194,3745
3,4,6,6,194,3745
2,1,6,6,194,3745
2,5,6,6,194,3745
1,0,6,6,194,3745
1,6,6,6,194,3745
0,7,6,6,194,3745
5,3,6,6,194,3745
4,2,6,6,194,3745
4,4,6,6,194,3745
3,1,6,6,194,3745
3,5,6,6,194,3745
2,0,6,6,194,3745
2,6,6,6,194,3745
1,7,6,6,194,3745
0,8,6,6,194,3745
6,3,6,6,194,3745
5,2,6,6,194,3745
5,4,6,6,194,3745
4,1,6,6,194,3745
4,5,6,6,194,3745
3,0,6,6,194,3745
3,6,6,6,194,3745
2,7,6,6,194,3745
1,8,6,6,194,3745
0,9,6,6,194,3745
7,3,6,6,194,3745
6,2,6,6,194,3745
6,4,6,6,194,3745
5,1,6,6,194,3745
5,5,6,6,194,3745
4,0,6,6,194,3745
4,6,6,6,194,3745
3,7,6,6,194,3745
2,8,6,6,194,3745
1,9,6,6,194,3745
9,3,6,6,194,3745
8,2,6,6,194,3745
8,4,6,6,194,3745
7,1,6,6,194,3745
7,5,6,6,194,3745
6,0,6,6,194,3745
6,6,6,6,194,3745
5,0,6,6,194,3745
5,7,6,6,194,3745
4,8,6,6,194,3745
3,9,6,6,194,3745
2,9,6,6,194,3745
0,4,6,6,195,3379
1,4,6,6,195,3379
0,3,6,6,195,3379
0,5,6,6,195,3379
2,4,6,6,195,3379
1,3,6,6,195,3379
1,5,6,6,195,3379
0,2,6,6,195,3379
0,6,6,6,195,3379
3,4,6,6,195,3379
2,3,6,6,195,3379
2,5,6,6,195,3379
1,2,6,6,195,3379
1,6,6,6,195,3379
0,1,6,6,195,3379
0,7,6,6,195,3379
4,4,6,6,195,3379
3,3,6,6,195,3379
3,5,6,6,195,3379
2,2,6,6,195,3379
2,6,6,6,195,3379
1,1,6,6,195,3379
1,7,6,6,195,3379
0,0,6,6,195,3379
0,8,6,6,195,3379
5,4,6,6,195,3379
4,3,6,6,195,3379
4,5,6,6,195,3379
3,2,6,6,195,3379
3,6,6,6,195,3379
2,1,6,6,195,3379
2,7,6,6,195,3379
1,0,6,6,195,3379
1,8,6,6,195,3379
0,9,6,6,195,3379
6,4,6,6,195,3379
5,3,6,6,195,3379
5,5,6,6,195,3379
4,2,6,6,195,3379
4,6,6,6,195,3379
3,1,6,6,195,3379
3,7,6,6,195,3379
2,0,6,6,195,3379
2,8,6,6,195,3379
1,9,6,6,195,3379
8,4,6,6,195,3379
7,3,6,6,195,3379
7,5,6,6,195,3379
6,2,6,6,195,3379
6,6,6,6,195,3379
5,1,6,6,195,3379
5,7,6,6,195,3379
4,0,6,6,195,3379
4,8,6,6,195,3379
3,0,6,6,195,3379
3,9,6,6,195,3379
2,9,6,6,195,3379
0,6,6,6,196,2565
1,6,6,6,196,2565
0,5,6,6,196,2565
0,7,6,6,196,2565
2,6,6,6,196,2565
1,5,6,6,196,2565
1,7,6,6,196,2565
0,4,6,6,196,2565
0,8,6,6,196,2565
3,6,6,6,196,2565
2,5,6,6,196,2565
2,7,6,6,196,2565
1,4,6,6,196,2565
1,8,6,6,196,2565
0,3,6,6,196,2565
0,9,6,6,196,2565
4,6,6,6,196,2565
3,5,6,6,196,2565
3,7,6,6,196,2565
2,4,6,6,196,2565
2,8,6,6,196,2565
1,3,6,6,196,2565
1,9,6,6,196,2565
0,2,6,6,196,2565
6,6,6,6,196,2565
5,5,6,6,196,2565
5,7,6,6,196,2565
4,4,6,6,196,2565
4,8,6,6,196,2565
3,3,6,6,196,2565
3,9,6,6,196,2565
2,2,6,6,196,2565
2,9,6,6,196,2565
1,1,6,6,196,2565
0,7,4,6,197,2127
1,7,4,6,197,2127
0,6,4,6,197,2127
0,8,4,6,197,2127
2,7,4,6,197,2127
1,6,4,6,197,2127
1,8,4,6,197,2127
0,5,4,6,197,2127
0,9,4,6,197,2127
3,7,4,6,197,2127
2,6,4,6,197,2127
2,8,4,6,197,2127
1,5,4,6,197,2127
1,9,4,6,197,2127
0,4,4,6,197,2127
5,7,4,6,197,2127
4,6,4,6,197,2127
4,8,4,6,197,2127
3,5,4,6,197,2127
3,9,4,6,197,2127
2,4,4,6,197,2127
2,9,4,6,197,2127
1,3,4,6,197,2127
0,9,0,8,198,1138
1,9,0,8,198,1138
0,8,0,8,198,1138
3,9,0,8,198,1138
2,8,0,8,198,1138
2,9,0,8,198,1138
1,7,0,8,198,1138
1,8,0,8,198,1138
0,2,6,6,199,4422
1,2,6,6,199,4422
0,1,6,6,199,4422
0,3,6,6,199,4422
2,2,6,6,199,4422
1,1,6,6,199,4422
1,3,6,6,199,4422
0,0,6,6,199,4422
0,4,6,6,199,4422
3,2,6,6,199,4422
2,1,6,6,199,4422
2,3,6,6,199,4422
1,0,6,6,199,4422
1,4,6,6,199,4422
0,5,6,6,199,4422
4,2,6,6,199,4422
3,1,6,6,199,4422
3,3,6,6,199,4422
2,0,6,6,199,4422
2,4,6,6,199,4422
1,5,6,6,199,4422
0,6,6,6,199,4422
5,2,6,6,199,4422
4,1,6,6,199,4422
4,3,6,6,199,4422
3,0,6,6,199,4422
3,4,6,6,199,4422
2,5,6,6,199,4422
1,6,6,6,199,4422
0,7,6,6,199,4422
6,2,6,6,199,4422
5,1,6,6,199,4422
5,3,6,6,199,4422
4,0,6,6,199,4422
4,4,6,6,199,4422
3,5,6,6,199,4422
2,6,6,6,199,4422
1,7,6,6,199,4422
0,8,6,6,199,4422
7,2,6,6,199,4422
6,1,6,6,199,4422
6,3,6,6,199,4422
5,0,6,6,199,4422
5,4,6,6,199,4422
4,5,6,6,199,4422
3,6,6,6,199,4422
2,7,6,6,199,4422
1,8,6,6,199,4422
0,9,6,6,199,4422
8,2,6,6,199,4422
7,1,6,6,199,4422
7,3,6,6,199,4422
6,0,6,6,199,4422
6,4,6,6,199,4422
5,5,6,6,199,4422
4,6,6,6,199,4422
3,7,6,6,199,4422
2,8,6,6,199,4422
1,9,6,6,199,4422
9,2,6,6,199,4422
8,1,6,6,199,4422
8,3,6,6,199,4422
7,0,6,6,199,4422
7,4,6,6,199,4422
6,5,6,6,199,4422
5,6,6,6,199,4422
4,7,6,6,199,4422
3,8,6,6,199,4422
2,9,6,6,199,4422
9,1,6,6,199,4422
9,3,6,6,199,4422
8,0,6,6,199,4422
8,4,6,6,199,4422
7,5,6,6,199,4422
6,6,6,6,199,4422
5,7,6,6,199,4422
4,8,6,6,199,4422
3,9,6,6,199,4422
0,3,6,6,200,4091
1,3,6,6,200,4091
0,2,6,6,200,4091
0,4,6,6,200,4091
2,3,6,6,200,4091
1,2,6,6,200,4091
1,4,6,6,200,4091
0,1,6,6,200,4091
0,5,6,6,200,4091
3,3,6,6,200,4091
2,2,6,6,200,4091
2,4,6,6,200,4091
1,1,6,6,200,4091
1,5,6,6,200,4091
0,0,6,6,200,4091
0,6,6,6,200,4091
4,3,6,6,200,4091
3,2,6,6,200,4091
3,4,6,6,200,4091
2,1,6,6,200,4091
2,5,6,6,200,4091
1,0,6,6,200,4091
1,6,6,6,200,4091
0,7,6,6,200,4091
5,3,6,6,200,4091
4,2,6,6,200,4091
4,4,6,6,200,4091
3,1,6,6,200,4091
3,5,6,6,200,4091
2,0,6,6,200,4091
2,6,6,6,200,4091
1,7,6,6,200,4091
0,8,6,6,200,4091
6,3,6,6,200,4091
5,2,6,6,200,4091
5,4,6,6,200,4091
4,1,6,6,200,4091
4,5,6,6,200,4091
3,0,6,6,200,4091
3,6,6,6,200,4091
2,7,6,6,200,4091
1,8,6,6,200,4091
0,9,6,6,200,4091
7,3,6,6,200,4091
6,2,6,6,200,4091
6,4,6,6,200,4091
5,1,6,6,200,4091
5,5,6,6,200,4091
4,0,6,6,200,4091
4,6,6,6,200,4091
3,7,6,6,200,4091
2,8,6,6,200,4091
1,9,6,6,200,4091
8,3,6,6,200,4091
7,2,6,6,200,4091
7,4,6,6,200,4091
6,1,6,6,200,4091
6,5,6,6,200,4091
5,0,6,6,200,4091
5,6,6,6,200,4091
4,7,6,6,200,4091
3,8,6,6,200,4091
2,9,6,6,200,4091
9,3,6,6,200,4091
8,2,6,6,200,4091
8,4,6,6,200,4091
7,1,6,6,200,4091
7,5,6,6,200,4091
6,0,6,6,200,4091
6,6,6,6,200,4091
5,7,6,6,200,4091
4,8,6,6,200,4091
3,9,6,6,200,4091
0,5,6,6,201,3389
1,5,6,6,201,3389
0,4,6,6,201,3389
0,6,6,6,201,3389
2,5,6,6,201,3389
1,4,6,6,201,3389
1,6,6,6,201,3389
0,3,6,6,201,3389
0,7,6,6,201,3389
3,5,6,6,201,3389
2,4,6,6,201,3389
2,6,6,6,201,3389
1,3,6,6,201,3389
1,7,6,6,201,3389
0,2,6,6,201,3389
0,8,6,6,201,3389
4,5,6,6,201,3389
3,4,6,6,201,3389
3,6,6,6,201,3389
2,3,6,6,201,3389
2,7,6,6,201,3389
1,2,6,6,201,3389
1,8,6,6,201,3389
0,1,6,6,201,3389
0,9,6,6,201,3389
5,5,6,6,201,3389
4,4,6,6,201,3389
4,6,6,6,201,3389
3,3,6,6,201,3389
3,7,6,6,201,3389
2,2,6,6,201,3389
2,8,6,6,201,3389
1,1,6,6,201,3389
1,9,6,6,201,3389
0,0,6,6,201,3389
6,5,6,6,201,3389
5,4,6,6,201,3389
5,6,6,6,201,3389
4,3,6,6,201,3389
4,7,6,6,201,3389
3,2,6,6,201,3389
3,8,6,6,201,3389
2,1,6,6,201,3389
2,9,6,6,201,3389
1,0,6,6,201,3389
7,5,6,6,201,3389
6,4,6,6,201,3389
6,6,6,6,201,3389
5,3,6,6,201,3389
5,7,6,6,201,3389
4,2,6,6,201,3389
4,8,6,6,201,3389
3,1,6,6,201,3389
3,9,6,6,201,3389
2,0,6,6,201,3389
0,6,6,6,202,2987
1,6,6,6,202,2987
0,5,6,6,202,2987
0,7,6,6,202,2987
2,6,6,6,202,2987
1,5,6,6,202,2987
1,7,6,6,202,2987
0,4,6,6,202,2987
0,8,6,6,202,2987
3,6,6,6,202,2987
2,5,6,6,202,2987
2,7,6,6,202,2987
1,4,6,6,202,2987
1,8,6,6,202,2987
0,3,6,6,202,2987
0,9,6,6,202,2987
4,6,6,6,202,2987
3,5,6,6,202,2987
3,7,6,6,202,2987
2,4,6,6,202,2987
2,8,6,6,202,2987
1,3,6,6,202,2987
1,9,6,6,202,2987
0,2,6,6,202,2987
5,6,6,6,202,2987
4,5,6,6,202,2987
4,7,6,6,202,2987
3,4,6,6,202,2987
3,8,6,6,202,2987
2,3,6,6,202,2987
2,9,6,6,202,2987
1,2,6,6,202,2987
0,1,6,6,202,2987
6,6,6,6,202,2987
5,5,6,6,202,2987
5,7,6,6,202,2987
4,4,6,6,202,2987
4,8,6,6,202,2987
3,3,6,6,202,2987
3,9,6,6,202,2987
2,2,6,6,202,2987
1,1,6,6,202,2987
0,0,6,6,202,2987
0,7,4,6,203,2583
1,7,4,6,203,2583
0,6,4,6,203,2583
0,8,4,6,203,2583
2,7,4,6,203,2583
1,6,4,6,203,2583
1,8,4,6,203,2583
0,5,4,6,203,2583
0,9,4,6,203,2583
3,7,4,6,203,2583
2,6,4,6,203,2583
2,8,4,6,203,2583
1,5,4,6,203,2583
1,9,4,6,203,2583
0,4,4,6,203,2583
4,7,4,6,203,2583
3,6,4,6,203,2583
3,8,4,6,203,2583
2,5,4,6,203,2583
2,9,4,6,203,2583
1,4,4,6,203,2583
0,3,4,6,203,2583
5,7,4,6,203,2583
4,6,4,6,203,2583
4,8,4,6,203,2583
3,5,4,6,203,2583
3,9,4,6,203,2583
2,4,4,6,203,2583
1,3,4,6,203,2583
0,2,4,6,203,2583
0,8,2,6,204,2137
1,8,2,6,204,2137
0,7,2,6,204,2137
0,9,2,6,204,2137
2,8,2,6,204,2137
1,7,2,6,204,2137
1,9,2,6,204,2137
0,6,2,6,204,2137
3,8,2,6,204,2137
2,7,2,6,204,2137
2,9,2,6,204,2137
1,6,2,6,204,2137
0,5,2,6,204,2137
4,8,2,6,204,2137
3,7,2,6,204,2137
3,9,2,6,204,2137
2,6,2,6,204,2137
1,5,2,6,204,2137
0,4,2,6,204,2137
0,9,0,6,205,1644
1,9,0,6,205,1644
0,8,0,6,205,1644
2,9,0,6,205,1644
1,8,0,6,205,1644
0,7,0,6,205,1644
3,9,0,6,205,1644
2,8,0,6,205,1644
1,7,0,6,205,1644
0,6,0,6,205,1644
8,2,9,3,136,588
9,2,9,3,136,588
9,1,9,3,136,588
9,3,9,3,136,588
9,3,9,3,0,0
8,4,8,4,0,0
7,5,7,5,0,0
5,5,6,6,22,588
7,5,6,6,22,588
6,4,6,6,22,588
6,6,6,6,22,588
6,6,6,6,0,0
4,6,6,6,20,588
6,6,6,6,20,588
5,5,6,6,20,588
5,7,6,6,20,588
5,7,5,7,0,0
4,8,4,8,0,0
2,8,4,8,20,588
4,8,4,8,20,588
3,7,4,8,20,588
3,9,4,8,20,588
3,9,3,9,0,0
0,0,6,7,206,4419
1,0,6,7,206,4419
0,1,6,7,206,4419
2,0,6,7,206,4419
1,1,6,7,206,4419
0,2,6,7,206,4419
3,0,6,7,206,4419
2,1,6,7,206,4419
1,2,6,7,206,4419
0,3,6,7,206,4419
4,0,6,7,206,4419
3,1,6,7,206,4419
2,2,6,7,206,4419
1,3,6,7,206,4419
0,4,6,7,206,4419
5,0,6,7,206,4419
4,1,6,7,206,4419
3,2,6,7,206,4419
2,3,6,7,206,4419
1,4,6,7,206,4419
0,5,6,7,206,4419
6,0,6,7,206,4419
5,1,6,7,206,4419
4,2,6,7,206,4419
3,3,6,7,206,4419
2,4,6,7,206,4419
1,5,6,7,206,4419
0,6,6,7,206,4419
7,0,6,7,206,4419
6,1,6,7,206,4419
5,2,6,7,206,4419
4,3,6,7,206,4419
3,4,6,7,206,4419
2,5,6,7,206,4419
1,6,6,7,206,4419
0,7,6,7,206,4419
9,0,6,7,206,4419
8,0,6,7,206,4419
8,1,6,7,206,4419
7,1,6,7,206,4419
7,2,6,7,206,4419
6,2,6,7,206,4419
6,3,6,7,206,4419
5,3,6,7,206,4419
5,4,6,7,206,4419
4,4,6,7,206,4419
4,5,6,7,206,4419
3,5,6,7,206,4419
3,6,6,7,206,4419
2,6,6,7,206,4419
2,7,6,7,206,4419
1,7,6,7,206,4419
1,8,6,7,206,4419
9,1,6,7,206,4419
9,2,6,7,206,4419
8,2,6,7,206,4419
8,3,6,7,206,4419
7,3,6,7,206,4419
7,4,6,7,206,4419
6,4,6,7,206,4419
6,5,6,7,206,4419
5,5,6,7,206,4419
5,6,6,7,206,4419
4,6,6,7,206,4419
4,7,6,7,206,4419
3,7,6,7,206,4419
3,8,6,7,206,4419
2,8,6,7,206,4419
2,9,6,7,206,4419
9,3,6,7,206,4419
9,4,6,7,206,4419
8,4,6,7,206,4419
8,5,6,7,206,4419
7,5,6,7,206,4419
7,6,6,7,206,4419
6,6,6,7,206,4419
6,7,6,7,206,4419
5,7,6,7,206,4419
5,8,6,7,206,4419
4,8,6,7,206,4419
4,9,6,7,206,4419
3,9,6,7,206,4419
0,0,6,7,207,4087
1,0,6,7,207,4087
0,1,6,7,207,4087
2,0,6,7,207,4087
1,1,6,7,207,4087
0,2,6,7,207,4087
3,0,6,7,207,4087
2,1,6,7,207,4087
1,2,6,7,207,4087
0,3,6,7,207,4087
4,0,6,7,207,4087
3,1,6,7,207,4087
2,2,6,7,207,4087
1,3,6,7,207,4087
0,4,6,7,207,4087
5,0,6,7,207,4087
4,1,6,7,207,4087
3,2,6,7,207,4087
2,3,6,7,207,4087
1,4,6,7,207,4087
0,5,6,7,207,4087
7,0,6,7,207,4087
6,0,6,7,207,4087
6,1,6,7,207,4087
5,1,6,7,207,4087
5,2,6,7,207,4087
4,2,6,7,207,4087
4,3,6,7,207,4087
3,3,6,7,207,4087
3,4,6,7,207,4087
2,4,6,7,207,4087
2,5,6,7,207,4087
1,5,6,7,207,4087
1,6,6,7,207,4087
9,0,6,7,207,4087
8,0,6,7,207,4087
8,1,6,7,207,4087
7,1,6,7,207,4087
7,2,6,7,207,4087
6,2,6,7,207,4087
6,3,6,7,207,4087
5,3,6,7,207,4087
5,4,6,7,207,4087
4,4,6,7,207,4087
4,5,6,7,207,4087
3,5,6,7,207,4087
3,6,6,7,207,4087
2,6,6,7,207,4087
2,7,6,7,207,4087
9,1,6,7,207,4087
9,2,6,7,207,4087
8,2,6,7,207,4087
8,3,6,7,207,4087
7,3,6,7,207,4087
7,4,6,7,207,4087
6,4,6,7,207,4087
6,5,6,7,207,4087
5,5,6,7,207,4087
5,6,6,7,207,4087
4,6,6,7,207,4087
4,7,6,7,207,4087
3,7,6,7,207,4087
3,8,6,7,207,4087
9,3,6,7,207,4087
9,4,6,7,207,4087
8,4,6,7,207,4087
8,5,6,7,207,4087
7,5,6,7,207,4087
7,6,6,7,207,4087
6,6,6,7,207,4087
6,7,6,7,207,4087
5,7,6,7,207,4087
5,8,6,7,207,4087
4,8,6,7,207,4087
4,9,6,7,207,4087
0,0,5,6,208,3758
1,0,5,6,208,3758
0,1,5,6,208,3758
2,0,5,6,208,3758
1,1,5,6,208,3758
0,2,5,6,208,3758
3,0,5,6,208,3758
2,1,5,6,208,3758
1,2,5,6,208,3758
0,3,5,6,208,3758
5,0,5,6,208,3758
4,0,5,6,208,3758
4,1,5,6,208,3758
3,1,5,6,208,3758
3,2,5,6,208,3758
2,2,5,6,208,3758
2,3,5,6,208,3758
1,3,5,6,208,3758
1,4,5,6,208,3758
7,0,5,6,208,3758
6,0,5,6,208,3758
6,1,5,6,208,3758
5,1,5,6,208,3758
5,2,5,6,208,3758
4,2,5,6,208,3758
4,3,5,6,208,3758
3,3,5,6,208,3758
3,4,5,6,208,3758
2,4,5,6,208,3758
2,5,5,6,208,3758
9,0,5,6,208,3758
8,0,5,6,208,3758
8,1,5,6,208,3758
7,1,5,6,208,3758
7,2,5,6,208,3758
6,2,5,6,208,3758
6,3,5,6,208,3758
5,3,5,6,208,3758
5,4,5,6,208,3758
4,4,5,6,208,3758
4,5,5,6,208,3758
3,5,5,6,208,3758
3,6,5,6,208,3758
9,1,5,6,208,3758
9,2,5,6,208,3758
8,2,5,6,208,3758
8,3,5,6,208,3758
7,3,5,6,208,3758
7,4,5,6,208,3758
6,4,5,6,208,3758
6,5,5,6,208,3758
5,5,5,6,208,3758
5,6,5,6,208,3758
4,6,5,6,208,3758
4,7,5,6,208,3758
9,3,5,6,208,3758
9,4,5,6,208,3758
8,4,5,6,208,3758
8,5,5,6,208,3758
7,5,5,6,208,3758
7,6,5,6,208,3758
6,6,5,6,208,3758
6,7,5,6,208,3758
5,7,5,6,208,3758
5,8,5,6,208,3758
0,0,4,5,209,3399
1,0,4,5,209,3399
0,1,4,5,209,3399
3,0,4,5,209,3399
2,0,4,5,209,3399
2,1,4,5,209,3399
1,1,4,5,209,3399
1,2,4,5,209,3399
5,0,4,5,209,3399
4,0,4,5,209,3399
4,1,4,5,209,3399
3,1,4,5,209,3399
3,2,4,5,209,3399
2,2,4,5,209,3399
2,3,4,5,209,3399
7,0,4,5,209,3399
6,0,4,5,209,3399
6,1,4,5,209,3399
5,1,4,5,209,3399
5,2,4,5,209,3399
4,2,4,5,209,3399
4,3,4,5,209,3399
3,3,4,5,209,3399
3,4,4,5,209,3399
9,0,4,5,209,3399
8,0,4,5,209,3399
8,1,4,5,209,3399
7,1,4,5,209,3399
7,2,4,5,209,3399
6,2,4,5,209,3399
6,3,4,5,209,3399
5,3,4,5,209,3399
5,4,4,5,209,3399
4,4,4,5,209,3399
4,5,4,5,209,3399
9,1,4,5,209,3399
9,2,4,5,209,3399
8,2,4,5,209,3399
8,3,4,5,209,3399
7,3,4,5,209,3399
7,4,4,5,209,3399
6,4,4,5,209,3399
6,5,4,5,209,3399
5,5,4,5,209,3399
5,6,4,5,209,3399
9,3,4,5,209,3399
9,4,4,5,209,3399
8,4,4,5,209,3399
8,5,4,5,209,3399
7,5,4,5,209,3399
7,6,4,5,209,3399
6,6,4,5,209,3399
6,7,4,5,209,3399
1,0,9,4,210,3001
3,0,9,4,210,3001
2,0,9,4,210,3001
2,1,9,4,210,3001
5,0,9,4,210,3001
4,0,9,4,210,3001
4,1,9,4,210,3001
3,1,9,4,210,3001
3,2,9,4,210,3001
7,0,9,4,210,3001
6,0,9,4,210,3001
6,1,9,4,210,3001
5,1,9,4,210,3001
5,2,9,4,210,3001
4,2,9,4,210,3001
4,3,9,4,210,3001
9,0,9,4,210,3001
8,0,9,4,210,3001
8,1,9,4,210,3001
7,1,9,4,210,3001
7,2,9,4,210,3001
6,2,9,4,210,3001
6,3,9,4,210,3001
5,3,9,4,210,3001
5,4,9,4,210,3001
9,1,9,4,210,3001
9,2,9,4,210,3001
8,2,9,4,210,3001
8,3,9,4,210,3001
7,3,9,4,210,3001
7,4,9,4,210,3001
6,4,9,4,210,3001
6,5,9,4,210,3001
9,3,9,4,210,3001
9,4,9,4,210,3001
8,4,9,4,210,3001
8,5,9,4,210,3001
7,5,9,4,210,3001
7,6,9,4,210,3001
3,0,9,4,211,2576
5,0,9,4,211,2576
4,0,9,4,211,2576
4,1,9,4,211,2576
7,0,9,4,211,2576
6,0,9,4,211,2576
6,1,9,4,211,2576
5,1,9,4,211,2576
5,2,9,4,211,2576
9,0,9,4,211,2576
8,0,9,4,211,2576
8,1,9,4,211,2576
7,1,9,4,211,2576
7,2,9,4,211,2576
6,2,9,4,211,2576
6,3,9,4,211,2576
9,1,9,4,211,2576
9,2,9,4,211,2576
8,2,9,4,211,2576
8,3,9,4,211,2576
7,3,9,4,211,2576
7,4,9,4,211,2576
9,3,9,4,211,2576
9,4,9,4,211,2576
8,4,9,4,211,2576
8,5,9,4,211,2576
5,0,9,4,212,2120
7,0,9,4,212,2120
6,0,9,4,212,2120
6,1,9,4,212,2120
9,0,9,4,212,2120
8,0,9,4,212,2120
8,1,9,4,212,2120
7,1,9,4,212,2120
7,2,9,4,212,2120
9,1,9,4,212,2120
9,2,9,4,212,2120
8,2,9,4,212,2120
8,3,9,4,212,2120
9,3,9,4,212,2120
9,4,9,4,212,2120
6,1,9,4,213,1646
8,1,9,4,213,1646
7,0,9,4,213,1646
7,2,9,4,213,1646
9,1,9,4,213,1646
9,0,9,4,213,1646
9,2,9,4,213,1646
8,0,9,4,213,1646
8,3,9,4,213,1646
7,1,9,4,213,1646
8,2,9,4,213,1646
9,3,9,4,213,1646
9,4,9,4,213,1646
4,1,9,4,214,2127
6,1,9,4,214,2127
5,0,9,4,214,2127
5,2,9,4,214,2127
8,1,9,4,214,2127
7,0,9,4,214,2127
7,2,9,4,214,2127
6,0,9,4,214,2127
6,3,9,4,214,2127
9,1,9,4,214,2127
9,0,9,4,214,2127
9,2,9,4,214,2127
8,0,9,4,214,2127
8,3,9,4,214,2127
7,1,9,4,214,2127
7,4,9,4,214,2127
8,2,9,4,214,2127
9,3,9,4,214,2127
9,4,9,4,214,2127
8,5,9,4,214,2127
5,2,9,4,215,1650
7,2,9,4,215,1650
6,1,9,4,215,1650
6,3,9,4,215,1650
9,2,9,4,215,1650
8,1,9,4,215,1650
8,3,9,4,215,1650
7,0,9,4,215,1650
7,4,9,4,215,1650
8,2,9,4,215,1650
9,1,9,4,215,1650
9,3,9,4,215,1650
9,0,9,4,215,1650
9,4,9,4,215,1650
8,0,9,4,215,1650
8,5,9,4,215,1650
4,3,6,5,216,1650
6,3,6,5,216,1650
5,2,6,5,216,1650
5,4,6,5,216,1650
8,3,6,5,216,1650
7,2,6,5,216,1650
7,4,6,5,216,1650
6,1,6,5,216,1650
6,5,6,5,216,1650
9,3,6,5,216,1650
9,2,6,5,216,1650
9,4,6,5,216,1650
8,1,6,5,216,1650
8,5,6,5,216,1650
7,0,6,5,216,1650
7,6,6,5,216,1650
0,1,4,3,217,3003
2,1,4,3,217,3003
1,0,4,3,217,3003
1,2,4,3,217,3003
4,1,4,3,217,3003
3,0,4,3,217,3003
3,2,4,3,217,3003
2,0,4,3,217,3003
2,3,4,3,217,3003
6,1,4,3,217,3003
5,0,4,3,217,3003
5,2,4,3,217,3003
4,0,4,3,217,3003
4,3,4,3,217,3003
3,1,4,3,217,3003
3,4,4,3,217,3003
8,1,4,3,217,3003
7,0,4,3,217,3003
7,2,4,3,217,3003
6,0,4,3,217,3003
6,3,4,3,217,3003
5,1,4,3,217,3003
5,4,4,3,217,3003
4,2,4,3,217,3003
4,5,4,3,217,3003
9,1,4,3,217,3003
9,0,4,3,217,3003
9,2,4,3,217,3003
8,0,4,3,217,3003
8,3,4,3,217,3003
7,1,4,3,217,3003
7,4,4,3,217,3003
6,2,4,3,217,3003
6,5,4,3,217,3003
5,3,4,3,217,3003
5,6,4,3,217,3003
8,2,4,3,217,3003
9,3,4,3,217,3003
9,4,4,3,217,3003
8,5,4,3,217,3003
7,3,4,3,217,3003
7,6,4,3,217,3003
6,4,4,3,217,3003
6,7,4,3,217,3003
2,3,6,7,218,2122
4,3,6,7,218,2122
3,2,6,7,218,2122
3,4,6,7,218,2122
6,3,6,7,218,2122
5,2,6,7,218,2122
5,4,6,7,218,2122
4,1,6,7,218,2122
4,5,6,7,218,2122
8,3,6,7,218,2122
7,2,6,7,218,2122
7,4,6,7,218,2122
6,1,6,7,218,2122
6,5,6,7,218,2122
5,0,6,7,218,2122
5,6,6,7,218,2122
9,3,6,7,218,2122
9,2,6,7,218,2122
9,4,6,7,218,2122
8,1,6,7,218,2122
8,5,6,7,218,2122
7,0,6,7,218,2122
7,6,6,7,218,2122
6,0,6,7,218,2122
6,7,6,7,218,2122
3,4,6,7,110,1646
5,4,6,7,110,1646
4,3,6,7,110,1646
4,5,6,7,110,1646
7,4,6,7,110,1646
6,3,6,7,110,1646
6,5,6,7,110,1646
5,2,6,7,110,1646
5,6,6,7,110,1646
9,4,6,7,110,1646
8,3,6,7,110,1646
8,5,6,7,110,1646
7,2,6,7,110,1646
7,6,6,7,110,1646
6,1,6,7,110,1646
6,7,6,7,110,1646
0,1,5,6,219,3379
1,1,5,6,219,3379
0,0,5,6,219,3379
0,2,5,6,219,3379
2,1,5,6,219,3379
1,0,5,6,219,3379
1,2,5,6,219,3379
0,3,5,6,219,3379
4,1,5,6,219,3379
3,0,5,6,219,3379
3,2,5,6,219,3379
2,0,5,6,219,3379
2,3,5,6,219,3379
1,4,5,6,219,3379
6,1,5,6,219,3379
5,0,5,6,219,3379
5,2,5,6,219,3379
4,0,5,6,219,3379
4,3,5,6,219,3379
3,1,5,6,219,3379
3,4,5,6,219,3379
2,2,5,6,219,3379
2,5,5,6,219,3379
8,1,5,6,219,3379
7,0,5,6,219,3379
7,2,5,6,219,3379
6,0,5,6,219,3379
6,3,5,6,219,3379
5,1,5,6,219,3379
5,4,5,6,219,3379
4,2,5,6,219,3379
4,5,5,6,219,3379
3,3,5,6,219,3379
3,6,5,6,219,3379
9,1,5,6,219,3379
9,0,5,6,219,3379
9,2,5,6,219,3379
8,0,5,6,219,3379
8,3,5,6,219,3379
7,1,5,6,219,3379
7,4,5,6,219,3379
6,2,5,6,219,3379
6,5,5,6,219,3379
5,3,5,6,219,3379
5,6,5,6,219,3379
4,4,5,6,219,3379
4,7,5,6,219,3379
8,2,5,6,219,3379
9,3,5,6,219,3379
9,4,5,6,219,3379
8,5,5,6,219,3379
7,3,5,6,219,3379
7,6,5,6,219,3379
6,4,5,6,219,3379
6,7,5,6,219,3379
5,5,5,6,219,3379
5,8,5,6,219,3379
0,3,6,7,220,2571
2,3,6,7,220,2571
1,2,6,7,220,2571
1,4,6,7,220,2571
4,3,6,7,220,2571
3,2,6,7,220,2571
3,4,6,7,220,2571
2,1,6,7,220,2571
2,5,6,7,220,2571
6,3,6,7,220,2571
5,2,6,7,220,2571
5,4,6,7,220,2571
4,1,6,7,220,2571
4,5,6,7,220,2571
3,0,6,7,220,2571
3,6,6,7,220,2571
8,3,6,7,220,2571
7,2,6,7,220,2571
7,4,6,7,220,2571
6,1,6,7,220,2571
6,5,6,7,220,2571
5,0,6,7,220,2571
5,6,6,7,220,2571
4,0,6,7,220,2571
4,7,6,7,220,2571
9,3,6,7,220,2571
9,2,6,7,220,2571
9,4,6,7,220,2571
8,1,6,7,220,2571
8,5,6,7,220,2571
7,0,6,7,220,2571
7,6,6,7,220,2571
6,0,6,7,220,2571
6,7,6,7,220,2571
5,1,6,7,220,2571
5,8,6,7,220,2571
1,4,6,7,221,2127
3,4,6,7,221,2127
2,3,6,7,221,2127
2,5,6,7,221,2127
5,4,6,7,221,2127
4,3,6,7,221,2127
4,5,6,7,221,2127
3,2,6,7,221,2127
3,6,6,7,221,2127
7,4,6,7,221,2127
6,3,6,7,221,2127
6,5,6,7,221,2127
5,2,6,7,221,2127
5,6,6,7,221,2127
4,1,6,7,221,2127
4,7,6,7,221,2127
9,4,6,7,221,2127
8,3,6,7,221,2127
8,5,6,7,221,2127
7,2,6,7,221,2127
7,6,6,7,221,2127
6,1,6,7,221,2127
6,7,6,7,221,2127
5,0,6,7,221,2127
5,8,6,7,221,2127
0,1,6,7,222,3741
1,1,6,7,222,3741
0,0,6,7,222,3741
0,2,6,7,222,3741
2,1,6,7,222,3741
1,0,6,7,222,3741
1,2,6,7,222,3741
0,3,6,7,222,3741
3,1,6,7,222,3741
2,0,6,7,222,3741
2,2,6,7,222,3741
1,3,6,7,222,3741
0,4,6,7,222,3741
4,1,6,7,222,3741
3,0,6,7,222,3741
3,2,6,7,222,3741
2,3,6,7,222,3741
1,4,6,7,222,3741
0,5,6,7,222,3741
6,1,6,7,222,3741
5,0,6,7,222,3741
5,2,6,7,222,3741
4,0,6,7,222,3741
4,3,6,7,222,3741
3,4,6,7,222,3741
2,5,6,7,222,3741
1,6,6,7,222,3741
8,1,6,7,222,3741
7,0,6,7,222,3741
7,2,6,7,222,3741
6,0,6,7,222,3741
6,3,6,7,222,3741
5,1,6,7,222,3741
5,4,6,7,222,3741
4,2,6,7,222,3741
4,5,6,7,222,3741
3,3,6,7,222,3741
3,6,6,7,222,3741
2,4,6,7,222,3741
2,7,6,7,222,3741
9,1,6,7,222,3741
9,0,6,7,222,3741
9,2,6,7,222,3741
8,0,6,7,222,3741
8,3,6,7,222,3741
7,1,6,7,222,3741
7,4,6,7,222,3741
6,2,6,7,222,3741
6,5,6,7,222,3741
5,3,6,7,222,3741
5,6,6,7,222,3741
4,4,6,7,222,3741
4,7,6,7,222,3741
3,5,6,7,222,3741
3,8,6,7,222,3741
8,2,6,7,222,3741
9,3,6,7,222,3741
9,4,6,7,222,3741
8,5,6,7,222,3741
7,3,6,7,222,3741
7,6,6,7,222,3741
6,4,6,7,222,3741
6,7,6,7,222,3741
5,5,6,7,222,3741
5,8,6,7,222,3741
4,6,6,7,222,3741
4,9,6,7,222,3741
0,2,6,7,223,3379
1,2,6,7,223,3379
0,1,6,7,223,3379
0,3,6,7,223,3379
2,2,6,7,223,3379
1,1,6,7,223,3379
1,3,6,7,223,3379
0,0,6,7,223,3379
0,4,6,7,223,3379
3,2,6,7,223,3379
2,1,6,7,223,3379
2,3,6,7,223,3379
1,0,6,7,223,3379
1,4,6,7,223,3379
0,5,6,7,223,3379
5,2,6,7,223,3379
4,1,6,7,223,3379
4,3,6,7,223,3379
3,0,6,7,223,3379
3,4,6,7,223,3379
2,0,6,7,223,3379
2,5,6,7,223,3379
1,6,6,7,223,3379
7,2,6,7,223,3379
6,1,6,7,223,3379
6,3,6,7,223,3379
5,0,6,7,223,3379
5,4,6,7,223,3379
4,0,6,7,223,3379
4,5,6,7,223,3379
3,1,6,7,223,3379
3,6,6,7,223,3379
2,7,6,7,223,3379
9,2,6,7,223,3379
8,1,6,7,223,3379
8,3,6,7,223,3379
7,0,6,7,223,3379
7,4,6,7,223,3379
6,0,6,7,223,3379
6,5,6,7,223,3379
5,1,6,7,223,3379
5,6,6,7,223,3379
4,2,6,7,223,3379
4,7,6,7,223,3379
3,3,6,7,223,3379
3,8,6,7,223,3379
8,2,6,7,223,3379
9,1,6,7,223,3379
9,3,6,7,223,3379
9,0,6,7,223,3379
9,4,6,7,223,3379
8,0,6,7,223,3379
8,5,6,7,223,3379
7,1,6,7,223,3379
7,6,6,7,223,3379
6,2,6,7,223,3379
6,7,6,7,223,3379
5,3,6,7,223,3379
5,8,6,7,223,3379
4,4,6,7,223,3379
4,9,6,7,223,3379
0,3,6,7,224,2991
1,3,6,7,224,2991
0,2,6,7,224,2991
0,4,6,7,224,2991
2,3,6,7,224,2991
1,2,6,7,224,2991
1,4,6,7,224,2991
0,1,6,7,224,2991
0,5,6,7,224,2991
4,3,6,7,224,2991
3,2,6,7,224,2991
3,4,6,7,224,2991
2,1,6,7,224,2991
2,5,6,7,224,2991
1,0,6,7,224,2991
1,6,6,7,224,2991
6,3,6,7,224,2991
5,2,6,7,224,2991
5,4,6,7,224,2991
4,1,6,7,224,2991
4,5,6,7,224,2991
3,0,6,7,224,2991
3,6,6,7,224,2991
2,0,6,7,224,2991
2,7,6,7,224,2991
8,3,6,7,224,2991
7,2,6,7,224,2991
7,4,6,7,224,2991
6,1,6,7,224,2991
6,5,6,7,224,2991
5,0,6,7,224,2991
5,6,6,7,224,2991
4,0,6,7,224,2991
4,7,6,7,224,2991
3,1,6,7,224,2991
3,8,6,7,224,2991
9,3,6,7,224,2991
9,2,6,7,224,2991
9,4,6,7,224,2991
8,1,6,7,224,2991
8,5,6,7,224,2991
7,0,6,7,224,2991
7,6,6,7,224,2991
6,0,6,7,224,2991
6,7,6,7,224,2991
5,1,6,7,224,2991
5,8,6,7,224,2991
4,2,6,7,224,2991
4,9,6,7,224,2991
0,4,6,7,225,2574
1,4,6,7,225,2574
0,3,6,7,225,2574
0,5,6,7,225,2574
3,4,6,7,225,2574
2,3,6,7,225,2574
2,5,6,7,225,2574
1,2,6,7,225,2574
1,6,6,7,225,2574
5,4,6,7,225,2574
4,3,6,7,225,2574
4,5,6,7,225,2574
3,2,6,7,225,2574
3,6,6,7,225,2574
2,1,6,7,225,2574
2,7,6,7,225,2574
7,4,6,7,225,2574
6,3,6,7,225,2574
6,5,6,7,225,2574
5,2,6,7,225,2574
5,6,6,7,225,2574
4,1,6,7,225,2574
4,7,6,7,225,2574
3,0,6,7,225,2574
3,8,6,7,225,2574
9,4,6,7,225,2574
8,3,6,7,225,2574
8,5,6,7,225,2574
7,2,6,7,225,2574
7,6,6,7,225,2574
6,1,6,7,225,2574
6,7,6,7,225,2574
5,0,6,7,225,2574
5,8,6,7,225,2574
4,0,6,7,225,2574
4,9,6,7,225,2574
0,5,6,7,182,2128
2,5,6,7,182,2128
1,4,6,7,182,2128
1,6,6,7,182,2128
4,5,6,7,182,2128
3,4,6,7,182,2128
3,6,6,7,182,2128
2,3,6,7,182,2128
2,7,6,7,182,2128
6,5,6,7,182,2128
5,4,6,7,182,2128
5,6,6,7,182,2128
4,3,6,7,182,2128
4,7,6,7,182,2128
3,2,6,7,182,2128
3,8,6,7,182,2128
8,5,6,7,182,2128
7,4,6,7,182,2128
7,6,6,7,182,2128
6,3,6,7,182,2128
6,7,6,7,182,2128
5,2,6,7,182,2128
5,8,6,7,182,2128
4,1,6,7,182,2128
4,9,6,7,182,2128
1,6,6,7,145,1650
3,6,6,7,145,1650
2,5,6,7,145,1650
2,7,6,7,145,1650
5,6,6,7,145,1650
4,5,6,7,145,1650
4,7,6,7,145,1650
3,4,6,7,145,1650
3,8,6,7,145,1650
7,6,6,7,145,1650
6,5,6,7,145,1650
6,7,6,7,145,1650
5,4,6,7,145,1650
5,8,6,7,145,1650
4,3,6,7,145,1650
4,9,6,7,145,1650
0,2,6,7,226,3745
1,2,6,7,226,3745
0,1,6,7,226,3745
0,3,6,7,226,3745
2,2,6,7,226,3745
1,1,6,7,226,3745
1,3,6,7,226,3745
0,0,6,7,226,3745
0,4,6,7,226,3745
3,2,6,7,226,3745
2,1,6,7,226,3745
2,3,6,7,226,3745
1,0,6,7,226,3745
1,4,6,7,226,3745
0,5,6,7,226,3745
4,2,6,7,226,3745
3,1,6,7,226,3745
3,3,6,7,226,3745
2,0,6,7,226,3745
2,4,6,7,226,3745
1,5,6,7,226,3745
0,6,6,7,226,3745
5,2,6,7,226,3745
4,1,6,7,226,3745
4,3,6,7,226,3745
3,0,6,7,226,3745
3,4,6,7,226,3745
2,5,6,7,226,3745
1,6,6,7,226,3745
0,7,6,7,226,3745
7,2,6,7,226,3745
6,1,6,7,226,3745
6,3,6,7,226,3745
5,0,6,7,226,3745
5,4,6,7,226,3745
4,0,6,7,226,3745
4,5,6,7,226,3745
3,6,6,7,226,3745
2,7,6,7,226,3745
1,8,6,7,226,3745
9,2,6,7,226,3745
8,1,6,7,226,3745
8,3,6,7,226,3745
7,0,6,7,226,3745
7,4,6,7,226,3745
6,0,6,7,226,3745
6,5,6,7,226,3745
5,1,6,7,226,3745
5,6,6,7,226,3745
4,7,6,7,226,3745
3,8,6,7,226,3745
2,9,6,7,226,3745
8,2,6,7,226,3745
9,1,6,7,226,3745
9,3,6,7,226,3745
9,0,6,7,226,3745
9,4,6,7,226,3745
8,0,6,7,226,3745
8,5,6,7,226,3745
7,1,6,7,226,3745
7,6,6,7,226,3745
6,2,6,7,226,3745
6,7,6,7,226,3745
5,3,6,7,226,3745
5,8,6,7,226,3745
4,4,6,7,226,3745
4,9,6,7,226,3745
3,5,6,7,226,3745
3,9,6,7,226,3745
0,4,6,7,227,2992
1,4,6,7,227,2992
0,3,6,7,227,2992
0,5,6,7,227,2992
2,4,6,7,227,2992
1,3,6,7,227,2992
1,5,6,7,227,2992
0,2,6,7,227,2992
0,6,6,7,227,2992
3,4,6,7,227,2992
2,3,6,7,227,2992
2,5,6,7,227,2992
1,2,6,7,227,2992
1,6,6,7,227,2992
0,1,6,7,227,2992
0,7,6,7,227,2992
5,4,6,7,227,2992
4,3,6,7,227,2992
4,5,6,7,227,2992
3,2,6,7,227,2992
3,6,6,7,227,2992
2,1,6,7,227,2992
2,7,6,7,227,2992
1,0,6,7,227,2992
1,8,6,7,227,2992
7,4,6,7,227,2992
6,3,6,7,227,2992
6,5,6,7,227,2992
5,2,6,7,227,2992
5,6,6,7,227,2992
4,1,6,7,227,2992
4,7,6,7,227,2992
3,0,6,7,227,2992
3,8,6,7,227,2992
2,0,6,7,227,2992
2,9,6,7,227,2992
9,4,6,7,227,2992
8,3,6,7,227,2992
8,5,6,7,227,2992
7,2,6,7,227,2992
7,6,6,7,227,2992
6,1,6,7,227,2992
6,7,6,7,227,2992
5,0,6,7,227,2992
5,8,6,7,227,2992
4,0,6,7,227,2992
4,9,6,7,227,2992
3,1,6,7,227,2992
3,9,6,7,227,2992
0,5,6,7,228,2574
1,5,6,7,228,2574
0,4,6,7,228,2574
0,6,6,7,228,2574
2,5,6,7,228,2574
1,4,6,7,228,2574
1,6,6,7,228,2574
0,3,6,7,228,2574
0,7,6,7,228,2574
4,5,6,7,228,2574
3,4,6,7,228,2574
3,6,6,7,228,2574
2,3,6,7,228,2574
2,7,6,7,228,2574
1,2,6,7,228,2574
1,8,6,7,228,2574
6,5,6,7,228,2574
5,4,6,7,228,2574
5,6,6,7,228,2574
4,3,6,7,228,2574
4,7,6,7,228,2574
3,2,6,7,228,2574
3,8,6,7,228,2574
2,1,6,7,228,2574
2,9,6,7,228,2574
8,5,6,7,228,2574
7,4,6,7,228,2574
7,6,6,7,228,2574
6,3,6,7,228,2574
6,7,6,7,228,2574
5,2,6,7,228,2574
5,8,6,7,228,2574
4,1,6,7,228,2574
4,9,6,7,228,2574
3,0,6,7,228,2574
3,9,6,7,228,2574
0,6,6,7,229,2127
1,6,6,7,229,2127
0,5,6,7,229,2127
0,7,6,7,229,2127
3,6,6,7,229,2127
2,5,6,7,229,2127
2,7,6,7,229,2127
1,4,6,7,229,2127
1,8,6,7,229,2127
5,6,6,7,229,2127
4,5,6,7,229,2127
4,7,6,7,229,2127
3,4,6,7,229,2127
3,8,6,7,229,2127
2,3,6,7,229,2127
2,9,6,7,229,2127
7,6,6,7,229,2127
6,5,6,7,229,2127
6,7,6,7,229,2127
5,4,6,7,229,2127
5,8,6,7,229,2127
4,3,6,7,229,2127
4,9,6,7,229,2127
3,2,6,7,229,2127
3,9,6,7,229,2127
0,1,5,6,230,4424
1,1,5,6,230,4424
0,0,5,6,230,4424
0,2,5,6,230,4424
2,1,5,6,230,4424
1,0,5,6,230,4424
1,2,5,6,230,4424
0,3,5,6,230,4424
3,1,5,6,230,4424
2,0,5,6,230,4424
2,2,5,6,230,4424
1,3,5,6,230,4424
0,4,5,6,230,4424
4,1,5,6,230,4424
3,0,5,6,230,4424
3,2,5,6,230,4424
2,3,5,6,230,4424
1,4,5,6,230,4424
0,5,5,6,230,4424
5,1,5,6,230,4424
4,0,5,6,230,4424
4,2,5,6,230,4424
3,3,5,6,230,4424
2,4,5,6,230,4424
1,5,5,6,230,4424
0,6,5,6,230,4424
6,1,5,6,230,4424
5,0,5,6,230,4424
5,2,5,6,230,4424
4,3,5,6,230,4424
3,4,5,6,230,4424
2,5,5,6,230,4424
1,6,5,6,230,4424
0,7,5,6,230,4424
7,1,5,6,230,4424
6,0,5,6,230,4424
6,2,5,6,230,4424
5,3,5,6,230,4424
4,4,5,6,230,4424
3,5,5,6,230,4424
2,6,5,6,230,4424
1,7,5,6,230,4424
0,8,5,6,230,4424
8,1,5,6,230,4424
7,0,5,6,230,4424
7,2,5,6,230,4424
6,3,5,6,230,4424
5,4,5,6,230,4424
4,5,5,6,230,4424
3,6,5,6,230,4424
2,7,5,6,230,4424
1,8,5,6,230,4424
0,9,5,6,230,4424
9,1,5,6,230,4424
9,0,5,6,230,4424
9,2,5,6,230,4424
8,0,5,6,230,4424
8,3,5,6,230,4424
7,4,5,6,230,4424
6,5,5,6,230,4424
5,6,5,6,230,4424
4,7,5,6,230,4424
3,8,5,6,230,4424
2,9,5,6,230,4424
1,9,5,6,230,4424
8,2,5,6,230,4424
9,3,5,6,230,4424
9,4,5,6,230,4424
8,5,5,6,230,4424
7,3,5,6,230,4424
7,6,5,6,230,4424
6,4,5,6,230,4424
6,7,5,6,230,4424
5,5,5,6,230,4424
5,8,5,6,230,4424
4,6,5,6,230,4424
4,9,5,6,230,4424
3,7,5,6,230,4424
3,9,5,6,230,4424
2,8,5,6,230,4424
0,2,6,7,231,4086
1,2,6,7,231,4086
0,1,6,7,231,4086
0,3,6,7,231,4086
2,2,6,7,231,4086
1,1,6,7,231,4086
1,3,6,7,231,4086
0,0,6,7,231,4086
0,4,6,7,231,4086
3,2,6,7,231,4086
2,1,6,7,231,4086
2,3,6,7,231,4086
1,0,6,7,231,4086
1,4,6,7,231,4086
0,5,6,7,231,4086
4,2,6,7,231,4086
3,1,6,7,231,4086
3,3,6,7,231,4086
2,0,6,7,231,4086
2,4,6,7,231,4086
1,5,6,7,231,4086
0,6,6,7,231,4086
5,2,6,7,231,4086
4,1,6,7,231,4086
4,3,6,7,231,4086
3,0,6,7,231,4086
3,4,6,7,231,4086
2,5,6,7,231,4086
1,6,6,7,231,4086
0,7,6,7,231,4086
6,2,6,7,231,4086
5,1,6,7,231,4086
5,3,6,7,231,4086
4,0,6,7,231,4086
4,4,6,7,231,4086
3,5,6,7,231,4086
2,6,6,7,231,4086
1,7,6,7,231,4086
0,8,6,7,231,4086
7,2,6,7,231,4086
6,1,6,7,231,4086
6,3,6,7,231,4086
5,0,6,7,231,4086
5,4,6,7,231,4086
4,5,6,7,231,4086
3,6,6,7,231,4086
2,7,6,7,231,4086
1,8,6,7,231,4086
0,9,6,7,231,4086
9,2,6,7,231,4086
8,1,6,7,231,4086
8,3,6,7,231,4086
7,0,6,7,231,4086
7,4,6,7,231,4086
6,0,6,7,231,4086
6,5,6,7,231,4086
5,6,6,7,231,4086
4,7,6,7,231,4086
3,8,6,7,231,4086
2,9,6,7,231,4086
1,9,6,7,231,4086
8,2,6,7,231,4086
9,1,6,7,231,4086
9,3,6,7,231,4086
9,0,6,7,231,4086
9,4,6,7,231,4086
8,0,6,7,231,4086
8,5,6,7,231,4086
7,1,6,7,231,4086
7,6,6,7,231,4086
6,7,6,7,231,4086
5,8,6,7,231,4086
4,9,6,7,231,4086
3,9,6,7,231,4086
2,8,6,7,231,4086
0,4,6,7,232,3381
1,4,6,7,232,3381
0,3,6,7,232,3381
0,5,6,7,232,3381
2,4,6,7,232,3381
1,3,6,7,232,3381
1,5,6,7,232,3381
0,2,6,7,232,3381
0,6,6,7,232,3381
3,4,6,7,232,3381
2,3,6,7,232,3381
2,5,6,7,232,3381
1,2,6,7,232,3381
1,6,6,7,232,3381
0,1,6,7,232,3381
0,7,6,7,232,3381
4,4,6,7,232,3381
3,3,6,7,232,3381
3,5,6,7,232,3381
2,2,6,7,232,3381
2,6,6,7,232,3381
1,1,6,7,232,3381
1,7,6,7,232,3381
0,0,6,7,232,3381
0,8,6,7,232,3381
5,4,6,7,232,3381
4,3,6,7,232,3381
4,5,6,7,232,3381
3,2,6,7,232,3381
3,6,6,7,232,3381
2,1,6,7,232,3381
2,7,6,7,232,3381
1,0,6,7,232,3381
1,8,6,7,232,3381
0,9,6,7,232,3381
7,4,6,7,232,3381
6,3,6,7,232,3381
6,5,6,7,232,3381
5,2,6,7,232,3381
5,6,6,7,232,3381
4,1,6,7,232,3381
4,7,6,7,232,3381
3,0,6,7,232,3381
3,8,6,7,232,3381
2,0,6,7,232,3381
2,9,6,7,232,3381
1,9,6,7,232,3381
9,4,6,7,232,3381
8,3,6,7,232,3381
8,5,6,7,232,3381
7,2,6,7,232,3381
7,6,6,7,232,3381
6,1,6,7,232,3381
6,7,6,7,232,3381
5,0,6,7,232,3381
5,8,6,7,232,3381
4,0,6,7,232,3381
4,9,6,7,232,3381
3,1,6,7,232,3381
3,9,6,7,232,3381
2,8,6,7,232,3381
0,6,6,7,233,2571
1,6,6,7,233,2571
0,5,6,7,233,2571
0,7,6,7,233,2571
2,6,6,7,233,2571
1,5,6,7,233,2571
1,7,6,7,233,2571
0,4,6,7,233,2571
0,8,6,7,233,2571
3,6,6,7,233,2571
2,5,6,7,233,2571
2,7,6,7,233,2571
1,4,6,7,233,2571
1,8,6,7,233,2571
0,3,6,7,233,2571
0,9,6,7,233,2571
5,6,6,7,233,2571
4,5,6,7,233,2571
4,7,6,7,233,2571
3,4,6,7,233,2571
3,8,6,7,233,2571
2,3,6,7,233,2571
2,9,6,7,233,2571
1,2,6,7,233,2571
1,9,6,7,233,2571
7,6,6,7,233,2571
6,5,6,7,233,2571
6,7,6,7,233,2571
5,4,6,7,233,2571
5,8,6,7,233,2571
4,3,6,7,233,2571
4,9,6,7,233,2571
3,2,6,7,233,2571
3,9,6,7,233,2571
2,1,6,7,233,2571
2,8,6,7,233,2571
0,7,5,6,234,2127
1,7,5,6,234,2127
0,6,5,6,234,2127
0,8,5,6,234,2127
2,7,5,6,234,2127
1,6,5,6,234,2127
1,8,5,6,234,2127
0,5,5,6,234,2127
0,9,5,6,234,2127
4,7,5,6,234,2127
3,6,5,6,234,2127
3,8,5,6,234,2127
2,5,5,6,234,2127
2,9,5,6,234,2127
1,4,5,6,234,2127
1,9,5,6,234,2127
6,7,5,6,234,2127
5,6,5,6,234,2127
5,8,5,6,234,2127
4,5,5,6,234,2127
4,9,5,6,234,2127
3,4,5,6,234,2127
3,9,5,6,234,2127
2,3,5,6,234,2127
2,8,5,6,234,2127
0,8,3,6,235,1650
1,8,3,6,235,1650
0,7,3,6,235,1650
0,9,3,6,235,1650
3,8,3,6,235,1650
2,7,3,6,235,1650
2,9,3,6,235,1650
1,6,3,6,235,1650
1,9,3,6,235,1650
5,8,3,6,235,1650
4,7,3,6,235,1650
4,9,3,6,235,1650
3,6,3,6,235,1650
3,9,3,6,235,1650
2,5,3,6,235,1650
2,8,3,6,235,1650
0,3,6,7,236,4086
1,3,6,7,236,4086
0,2,6,7,236,4086
0,4,6,7,236,4086
2,3,6,7,236,4086
1,2,6,7,236,4086
1,4,6,7,236,4086
0,1,6,7,236,4086
0,5,6,7,236,4086
3,3,6,7,236,4086
2,2,6,7,236,4086
2,4,6,7,236,4086
1,1,6,7,236,4086
1,5,6,7,236,4086
0,0,6,7,236,4086
0,6,6,7,236,4086
4,3,6,7,236,4086
3,2,6,7,236,4086
3,4,6,7,236,4086
2,1,6,7,236,4086
2,5,6,7,236,4086
1,0,6,7,236,4086
1,6,6,7,236,4086
0,7,6,7,236,4086
5,3,6,7,236,4086
4,2,6,7,236,4086
4,4,6,7,236,4086
3,1,6,7,236,4086
3,5,6,7,236,4086
2,0,6,7,236,4086
2,6,6,7,236,4086
1,7,6,7,236,4086
0,8,6,7,236,4086
6,3,6,7,236,4086
5,2,6,7,236,4086
5,4,6,7,236,4086
4,1,6,7,236,4086
4,5,6,7,236,4086
3,0,6,7,236,4086
3,6,6,7,236,4086
2,7,6,7,236,4086
1,8,6,7,236,4086
0,9,6,7,236,4086
7,3,6,7,236,4086
6,2,6,7,236,4086
6,4,6,7,236,4086
5,1,6,7,236,4086
5,5,6,7,236,4086
4,0,6,7,236,4086
4,6,6,7,236,4086
3,7,6,7,236,4086
2,8,6,7,236,4086
1,9,6,7,236,4086
8,3,6,7,236,4086
7,2,6,7,236,4086
7,4,6,7,236,4086
6,1,6,7,236,4086
6,5,6,7,236,4086
5,0,6,7,236,4086
5,6,6,7,236,4086
4,7,6,7,236,4086
3,8,6,7,236,4086
2,9,6,7,236,4086
9,3,6,7,236,4086
9,2,6,7,236,4086
9,4,6,7,236,4086
8,1,6,7,236,4086
8,5,6,7,236,4086
7,0,6,7,236,4086
7,6,6,7,236,4086
6,0,6,7,236,4086
6,7,6,7,236,4086
5,8,6,7,236,4086
4,9,6,7,236,4086
3,9,6,7,236,4086
0,4,6,7,237,3745
1,4,6,7,237,3745
0,3,6,7,237,3745
0,5,6,7,237,3745
2,4,6,7,237,3745
1,3,6,7,237,3745
1,5,6,7,237,3745
0,2,6,7,237,3745
0,6,6,7,237,3745
3,4,6,7,237,3745
2,3,6,7,237,3745
2,5,6,7,237,3745
1,2,6,7,237,3745
1,6,6,7,237,3745
0,1,6,7,237,3745
0,7,6,7,237,3745
4,4,6,7,237,3745
3,3,6,7,237,3745
3,5,6,7,237,3745
2,2,6,7,237,3745
2,6,6,7,237,3745
1,1,6,7,237,3745
1,7,6,7,237,3745
0,0,6,7,237,3745
0,8,6,7,237,3745
5,4,6,7,237,3745
4,3,6,7,237,3745
4,5,6,7,237,3745
3,2,6,7,237,3745
3,6,6,7,237,3745
2,1,6,7,237,3745
2,7,6,7,237,3745
1,0,6,7,237,3745
1,8,6,7,237,3745
0,9,6,7,237,3745
6,4,6,7,237,3745
5,3,6,7,237,3745
5,5,6,7,237,3745
4,2,6,7,237,3745
4,6,6,7,237,3745
3,1,6,7,237,3745
3,7,6,7,237,3745
2,0,6,7,237,3745
2,8,6,7,237,3745
1,9,6,7,237,3745
7,4,6,7,237,3745
6,3,6,7,237,3745
6,5,6,7,237,3745
5,2,6,7,237,3745
5,6,6,7,237,3745
4,1,6,7,237,3745
4,7,6,7,237,3745
3,0,6,7,237,3745
3,8,6,7,237,3745
2,9,6,7,237,3745
9,4,6,7,237,3745
8,3,6,7,237,3745
8,5,6,7,237,3745
7,2,6,7,237,3745
7,6,6,7,237,3745
6,1,6,7,237,3745
6,7,6,7,237,3745
5,0,6,7,237,3745
5,8,6,7,237,3745
4,0,6,7,237,3745
4,9,6,7,237,3745
3,9,6,7,237,3745
0,6,6,7,238,2986
1,6,6,7,238,2986
0,5,6,7,238,2986
0,7,6,7,238,2986
2,6,6,7,238,2986
1,5,6,7,238,2986
1,7,6,7,238,2986
0,4,6,7,238,2986
0,8,6,7,238,2986
3,6,6,7,238,2986
2,5,6,7,238,2986
2,7,6,7,238,2986
1,4,6,7,238,2986
1,8,6,7,238,2986
0,3,6,7,238,2986
0,9,6,7,238,2986
4,6,6,7,238,2986
3,5,6,7,238,2986
3,7,6,7,238,2986
2,4,6,7,238,2986
2,8,6,7,238,2986
1,3,6,7,238,2986
1,9,6,7,238,2986
0,2,6,7,238,2986
5,6,6,7,238,2986
4,5,6,7,238,2986
4,7,6,7,238,2986
3,4,6,7,238,2986
3,8,6,7,238,2986
2,3,6,7,238,2986
2,9,6,7,238,2986
1,2,6,7,238,2986
0,1,6,7,238,2986
7,6,6,7,238,2986
6,5,6,7,238,2986
6,7,6,7,238,2986
5,4,6,7,238,2986
5,8,6,7,238,2986
4,3,6,7,238,2986
4,9,6,7,238,2986
3,2,6,7,238,2986
3,9,6,7,238,2986
2,1,6,7,238,2986
1,0,6,7,238,2986
0,7,5,6,239,2571
1,7,5,6,239,2571
0,6,5,6,239,2571
0,8,5,6,239,2571
2,7,5,6,239,2571
1,6,5,6,239,2571
1,8,5,6,239,2571
0,5,5,6,239,2571
0,9,5,6,239,2571
3,7,5,6,239,2571
2,6,5,6,239,2571
2,8,5,6,239,2571
1,5,5,6,239,2571
1,9,5,6,239,2571
0,4,5,6,239,2571
4,7,5,6,239,2571
3,6,5,6,239,2571
3,8,5,6,239,2571
2,5,5,6,239,2571
2,9,5,6,239,2571
1,4,5,6,239,2571
0,3,5,6,239,2571
6,7,5,6,239,2571
5,6,5,6,239,2571
5,8,5,6,239,2571
4,5,5,6,239,2571
4,9,5,6,239,2571
3,4,5,6,239,2571
3,9,5,6,239,2571
2,3,5,6,239,2571
1,2,5,6,239,2571
0,9,0,7,240,1651
1,9,0,7,240,1651
0,8,0,7,240,1651
2,9,0,7,240,1651
1,8,0,7,240,1651
0,7,0,7,240,1651
4,9,0,7,240,1651
3,8,0,7,240,1651
3,9,0,7,240,1651
2,7,0,7,240,1651
2,8,0,7,240,1651
1,6,0,7,240,1651
1,7,0,7,240,1651
0,3,6,7,241,4410
1,3,6,7,241,4410
0,2,6,7,241,4410
0,4,6,7,241,4410
2,3,6,7,241,4410
1,2,6,7,241,4410
1,4,6,7,241,4410
0,1,6,7,241,4410
0,5,6,7,241,4410
3,3,6,7,241,4410
2,2,6,7,241,4410
2,4,6,7,241,4410
1,1,6,7,241,4410
1,5,6,7,241,4410
0,0,6,7,241,4410
0,6,6,7,241,4410
4,3,6,7,241,4410
3,2,6,7,241,4410
3,4,6,7,241,4410
2,1,6,7,241,4410
2,5,6,7,241,4410
1,0,6,7,241,4410
1,6,6,7,241,4410
0,7,6,7,241,4410
5,3,6,7,241,4410
4,2,6,7,241,4410
4,4,6,7,241,4410
3,1,6,7,241,4410
3,5,6,7,241,4410
2,0,6,7,241,4410
2,6,6,7,241,4410
1,7,6,7,241,4410
0,8,6,7,241,4410
6,3,6,7,241,4410
5,2,6,7,241,4410
5,4,6,7,241,4410
4,1,6,7,241,4410
4,5,6,7,241,4410
3,0,6,7,241,4410
3,6,6,7,241,4410
2,7,6,7,241,4410
1,8,6,7,241,4410
0,9,6,7,241,4410
7,3,6,7,241,4410
6,2,6,7,241,4410
6,4,6,7,241,4410
5,1,6,7,241,4410
5,5,6,7,241,4410
4,0,6,7,241,4410
4,6,6,7,241,4410
3,7,6,7,241,4410
2,8,6,7,241,4410
1,9,6,7,241,4410
8,3,6,7,241,4410
7,2,6,7,241,4410
7,4,6,7,241,4410
6,1,6,7,241,4410
6,5,6,7,241,4410
5,0,6,7,241,4410
5,6,6,7,241,4410
4,7,6,7,241,4410
3,8,6,7,241,4410
2,9,6,7,241,4410
9,3,6,7,241,4410
8,2,6,7,241,4410
8,4,6,7,241,4410
7,1,6,7,241,4410
7,5,6,7,241,4410
6,0,6,7,241,4410
6,6,6,7,241,4410
5,7,6,7,241,4410
4,8,6,7,241,4410
3,9,6,7,241,4410
9,2,6,7,241,4410
9,4,6,7,241,4410
8,1,6,7,241,4410
8,5,6,7,241,4410
7,0,6,7,241,4410
7,6,6,7,241,4410
6,7,6,7,241,4410
5,8,6,7,241,4410
4,9,6,7,241,4410
0,5,6,7,242,3758
1,5,6,7,242,3758
0,4,6,7,242,3758
0,6,6,7,242,3758
2,5,6,7,242,3758
1,4,6,7,242,3758
1,6,6,7,242,3758
0,3,6,7,242,3758
0,7,6,7,242,3758
3,5,6,7,242,3758
2,4,6,7,242,3758
2,6,6,7,242,3758
1,3,6,7,242,3758
1,7,6,7,242,3758
0,2,6,7,242,3758
0,8,6,7,242,3758
4,5,6,7,242,3758
3,4,6,7,242,3758
3,6,6,7,242,3758
2,3,6,7,242,3758
2,7,6,7,242,3758
1,2,6,7,242,3758
1,8,6,7,242,3758
0,1,6,7,242,3758
0,9,6,7,242,3758
5,5,6,7,242,3758
4,4,6,7,242,3758
4,6,6,7,242,3758
3,3,6,7,242,3758
3,7,6,7,242,3758
2,2,6,7,242,3758
2,8,6,7,242,3758
1,1,6,7,242,3758
1,9,6,7,242,3758
0,0,6,7,242,3758
6,5,6,7,242,3758
5,4,6,7,242,3758
5,6,6,7,242,3758
4,3,6,7,242,3758
4,7,6,7,242,3758
3,2,6,7,242,3758
3,8,6,7,242,3758
2,1,6,7,242,3758
2,9,6,7,242,3758
1,0,6,7,242,3758
7,5,6,7,242,3758
6,4,6,7,242,3758
6,6,6,7,242,3758
5,3,6,7,242,3758
5,7,6,7,242,3758
4,2,6,7,242,3758
4,8,6,7,242,3758
3,1,6,7,242,3758
3,9,6,7,242,3758
2,0,6,7,242,3758
8,5,6,7,242,3758
7,4,6,7,242,3758
7,6,6,7,242,3758
6,3,6,7,242,3758
6,7,6,7,242,3758
5,2,6,7,242,3758
5,8,6,7,242,3758
4,1,6,7,242,3758
4,9,6,7,242,3758
3,0,6,7,242,3758
0,6,6,7,243,3381
1,6,6,7,243,3381
0,5,6,7,243,3381
0,7,6,7,243,3381
2,6,6,7,243,3381
1,5,6,7,243,3381
1,7,6,7,243,3381
0,4,6,7,243,3381
0,8,6,7,243,3381
3,6,6,7,243,3381
2,5,6,7,243,3381
2,7,6,7,243,3381
1,4,6,7,243,3381
1,8,6,7,243,3381
0,3,6,7,243,3381
0,9,6,7,243,3381
4,6,6,7,243,3381
3,5,6,7,243,3381
3,7,6,7,243,3381
2,4,6,7,243,3381
2,8,6,7,243,3381
1,3,6,7,243,3381
1,9,6,7,243,3381
0,2,6,7,243,3381
5,6,6,7,243,3381
4,5,6,7,243,3381
4,7,6,7,243,3381
3,4,6,7,243,3381
3,8,6,7,243,3381
2,3,6,7,243,3381
2,9,6,7,243,3381
1,2,6,7,243,3381
0,1,6,7,243,3381
6,6,6,7,243,3381
5,5,6,7,243,3381
5,7,6,7,243,3381
4,4,6,7,243,3381
4,8,6,7,243,3381
3,3,6,7,243,3381
3,9,6,7,243,3381
2,2,6,7,243,3381
1,1,6,7,243,3381
0,0,6,7,243,3381
7,6,6,7,243,3381
6,5,6,7,243,3381
6,7,6,7,243,3381
5,4,6,7,243,3381
5,8,6,7,243,3381
4,3,6,7,243,3381
4,9,6,7,243,3381
3,2,6,7,243,3381
2,1,6,7,243,3381
1,0,6,7,243,3381
0,7,5,6,244,3000
1,7,5,6,244,3000
0,6,5,6,244,3000
0,8,5,6,244,3000
2,7,5,6,244,3000
1,6,5,6,244,3000
1,8,5,6,244,3000
0,5,5,6,244,3000
0,9,5,6,244,3000
3,7,5,6,244,3000
2,6,5,6,244,3000
2,8,5,6,244,3000
1,5,5,6,244,3000
1,9,5,6,244,3000
0,4,5,6,244,3000
4,7,5,6,244,3000
3,6,5,6,244,3000
3,8,5,6,244,3000
2,5,5,6,244,3000
2,9,5,6,244,3000
1,4,5,6,244,3000
0,3,5,6,244,3000
5,7,5,6,244,3000
4,6,5,6,244,3000
4,8,5,6,244,3000
3,5,5,6,244,3000
3,9,5,6,244,3000
2,4,5,6,244,3000
1,3,5,6,244,3000
0,2,5,6,244,3000
6,7,5,6,244,3000
5,6,5,6,244,3000
5,8,5,6,244,3000
4,5,5,6,244,3000
4,9,5,6,244,3000
3,4,5,6,244,3000
2,3,5,6,244,3000
1,2,5,6,244,3000
0,1,5,6,244,3000
0,8,3,6,245,2588
1,8,3,6,245,2588
0,7,3,6,245,2588
0,9,3,6,245,2588
2,8,3,6,245,2588
1,7,3,6,245,2588
1,9,3,6,245,2588
0,6,3,6,245,2588
3,8,3,6,245,2588
2,7,3,6,245,2588
2,9,3,6,245,2588
1,6,3,6,245,2588
0,5,3,6,245,2588
4,8,3,6,245,2588
3,7,3,6,245,2588
3,9,3,6,245,2588
2,6,3,6,245,2588
1,5,3,6,245,2588
0,4,3,6,245,2588
5,8,3,6,245,2588
4,7,3,6,245,2588
4,9,3,6,245,2588
3,6,3,6,245,2588
2,5,3,6,245,2588
1,4,3,6,245,2588
0,3,3,6,245,2588
0,9,1,6,246,2130
1,9,1,6,246,2130
0,8,1,6,246,2130
2,9,1,6,246,2130
1,8,1,6,246,2130
0,7,1,6,246,2130
3,9,1,6,246,2130
2,8,1,6,246,2130
1,7,1,6,246,2130
0,6,1,6,246,2130
4,9,1,6,246,2130
3,8,1,6,246,2130
2,7,1,6,246,2130
1,6,1,6,246,2130
0,5,1,6,246,2130
7,2,9,4,247,1136
9,2,9,4,247,1136
8,1,9,4,247,1136
8,3,9,4,247,1136
8,2,9,4,247,1136
9,1,9,4,247,1136
9,3,9,4,247,1136
9,0,9,4,247,1136
9,4,9,4,247,1136
8,3,9,4,136,588
9,3,9,4,136,588
9,2,9,4,136,588
9,4,9,4,136,588
6,5,7,6,22,588
8,5,7,6,22,588
7,4,7,6,22,588
7,6,7,6,22,588
4,5,6,7,62,1136
6,5,6,7,62,1136
5,4,6,7,62,1136
5,6,6,7,62,1136
8,5,6,7,62,1136
7,4,6,7,62,1136
7,6,6,7,62,1136
6,3,6,7,62,1136
6,7,6,7,62,1136
5,6,6,7,22,588
7,6,6,7,22,588
6,5,6,7,22,588
6,7,6,7,22,588
3,6,6,7,45,1138
5,6,6,7,45,1138
4,5,6,7,45,1138
4,7,6,7,45,1138
7,6,6,7,45,1138
6,5,6,7,45,1138
6,7,6,7,45,1138
5,4,6,7,45,1138
5,8,6,7,45,1138
4,7,6,7,20,588
6,7,6,7,20,588
5,6,6,7,20,588
5,8,6,7,20,588
3,8,5,8,20,588
5,8,5,8,20,588
4,7,5,8,20,588
4,9,5,8,20,588
1,8,5,8,248,1136
3,8,5,8,248,1136
2,7,5,8,248,1136
2,9,5,8,248,1136
5,8,5,8,248,1136
4,7,5,8,248,1136
4,9,5,8,248,1136
3,6,5,8,248,1136
3,9,5,8,248,1136
2,9,3,8,249,588
4,9,3,8,249,588
3,8,3,8,249,588
3,9,3,8,249,588
9,4,9,4,0,0
8,5,8,5,0,0
7,6,7,6,0,0
6,7,6,7,0,0
5,8,5,8,0,0
4,9,4,9,0,0
0,0,7,7,250,4408
1,0,7,7,250,4408
0,1,7,7,250,4408
2,0,7,7,250,4408
1,1,7,7,250,4408
0,2,7,7,250,4408
3,0,7,7,250,4408
2,1,7,7,250,4408
1,2,7,7,250,4408
0,3,7,7,250,4408
4,0,7,7,250,4408
3,1,7,7,250,4408
2,2,7,7,250,4408
1,3,7,7,250,4408
0,4,7,7,250,4408
5,0,7,7,250,4408
4,1,7,7,250,4408
3,2,7,7,250,4408
2,3,7,7,250,4408
1,4,7,7,250,4408
0,5,7,7,250,4408
6,0,7,7,250,4408
5,1,7,7,250,4408
4,2,7,7,250,4408
3,3,7,7,250,4408
2,4,7,7,250,4408
1,5,7,7,250,4408
0,6,7,7,250,4408
8,0,7,7,250,4408
7,0,7,7,250,4408
7,1,7,7,250,4408
6,1,7,7,250,4408
6,2,7,7,250,4408
5,2,7,7,250,4408
5,3,7,7,250,4408
4,3,7,7,250,4408
4,4,7,7,250,4408
3,4,7,7,250,4408
3,5,7,7,250,4408
2,5,7,7,250,4408
2,6,7,7,250,4408
1,6,7,7,250,4408
1,7,7,7,250,4408
9,0,7,7,250,4408
9,1,7,7,250,4408
8,1,7,7,250,4408
8,2,7,7,250,4408
7,2,7,7,250,4408
7,3,7,7,250,4408
6,3,7,7,250,4408
6,4,7,7,250,4408
5,4,7,7,250,4408
5,5,7,7,250,4408
4,5,7,7,250,4408
4,6,7,7,250,4408
3,6,7,7,250,4408
3,7,7,7,250,4408
2,7,7,7,250,4408
2,8,7,7,250,4408
9,2,7,7,250,4408
9,3,7,7,250,4408
8,3,7,7,250,4408
8,4,7,7,250,4408
7,4,7,7,250,4408
7,5,7,7,250,4408
6,5,7,7,250,4408
6,6,7,7,250,4408
5,6,7,7,250,4408
5,7,7,7,250,4408
4,7,7,7,250,4408
4,8,7,7,250,4408
3,8,7,7,250,4408
3,9,7,7,250,4408
9,4,7,7,250,4408
9,5,7,7,250,4408
8,5,7,7,250,4408
8,6,7,7,250,4408
7,6,7,7,250,4408
7,7,7,7,250,4408
6,7,7,7,250,4408
6,8,7,7,250,4408
5,8,7,7,250,4408
5,9,7,7,250,4408
4,9,7,7,250,4408
0,0,6,6,251,4101
1,0,6,6,251,4101
0,1,6,6,251,4101
2,0,6,6,251,4101
1,1,6,6,251,4101
0,2,6,6,251,4101
3,0,6,6,251,4101
2,1,6,6,251,4101
1,2,6,6,251,4101
0,3,6,6,251,4101
4,0,6,6,251,4101
3,1,6,6,251,4101
2,2,6,6,251,4101
1,3,6,6,251,4101
0,4,6,6,251,4101
6,0,6,6,251,4101
5,0,6,6,251,4101
5,1,6,6,251,4101
4,1,6,6,251,4101
4,2,6,6,251,4101
3,2,6,6,251,4101
3,3,6,6,251,4101
2,3,6,6,251,4101
2,4,6,6,251,4101
1,4,6,6,251,4101
1,5,6,6,251,4101
8,0,6,6,251,4101
7,0,6,6,251,4101
7,1,6,6,251,4101
6,1,6,6,251,4101
6,2,6,6,251,4101
5,2,6,6,251,4101
5,3,6,6,251,4101
4,3,6,6,251,4101
4,4,6,6,251,4101
3,4,6,6,251,4101
3,5,6,6,251,4101
2,5,6,6,251,4101
2,6,6,6,251,4101
9,0,6,6,251,4101
9,1,6,6,251,4101
8,1,6,6,251,4101
8,2,6,6,251,4101
7,2,6,6,251,4101
7,3,6,6,251,4101
6,3,6,6,251,4101
6,4,6,6,251,4101
5,4,6,6,251,4101
5,5,6,6,251,4101
4,5,6,6,251,4101
4,6,6,6,251,4101
3,6,6,6,251,4101
3,7,6,6,251,4101
9,2,6,6,251,4101
9,3,6,6,251,4101
8,3,6,6,251,4101
8,4,6,6,251,4101
7,4,6,6,251,4101
7,5,6,6,251,4101
6,5,6,6,251,4101
6,6,6,6,251,4101
5,6,6,6,251,4101
5,7,6,6,251,4101
4,7,6,6,251,4101
4,8,6,6,251,4101
9,4,6,6,251,4101
9,5,6,6,251,4101
8,5,6,6,251,4101
8,6,6,6,251,4101
7,6,6,6,251,4101
7,7,6,6,251,4101
6,7,6,6,251,4101
6,8,6,6,251,4101
5,8,6,6,251,4101
5,9,6,6,251,4101
0,0,4,6,252,3765
1,0,4,6,252,3765
0,1,4,6,252,3765
2,0,4,6,252,3765
1,1,4,6,252,3765
0,2,4,6,252,3765
4,0,4,6,252,3765
3,0,4,6,252,3765
3,1,4,6,252,3765
2,1,4,6,252,3765
2,2,4,6,252,3765
1,2,4,6,252,3765
1,3,4,6,252,3765
6,0,4,6,252,3765
5,0,4,6,252,3765
5,1,4,6,252,3765
4,1,4,6,252,3765
4,2,4,6,252,3765
3,2,4,6,252,3765
3,3,4,6,252,3765
2,3,4,6,252,3765
2,4,4,6,252,3765
8,0,4,6,252,3765
7,0,4,6,252,3765
7,1,4,6,252,3765
6,1,4,6,252,3765
6,2,4,6,252,3765
5,2,4,6,252,3765
5,3,4,6,252,3765
4,3,4,6,252,3765
4,4,4,6,252,3765
3,4,4,6,252,3765
3,5,4,6,252,3765
9,0,4,6,252,3765
9,1,4,6,252,3765
8,1,4,6,252,3765
8,2,4,6,252,3765
7,2,4,6,252,3765
7,3,4,6,252,3765
6,3,4,6,252,3765
6,4,4,6,252,3765
5,4,4,6,252,3765
5,5,4,6,252,3765
4,5,4,6,252,3765
4,6,4,6,252,3765
9,2,4,6,252,3765
9,3,4,6,252,3765
8,3,4,6,252,3765
8,4,4,6,252,3765
7,4,4,6,252,3765
7,5,4,6,252,3765
6,5,4,6,252,3765
6,6,4,6,252,3765
5,6,4,6,252,3765
5,7,4,6,252,3765
9,4,4,6,252,3765
9,5,4,6,252,3765
8,5,4,6,252,3765
8,6,4,6,252,3765
7,6,4,6,252,3765
7,7,4,6,252,3765
6,7,4,6,252,3765
6,8,4,6,252,3765
0,0,9,5,253,3391
2,0,9,5,253,3391
1,0,9,5,253,3391
1,1,9,5,253,3391
4,0,9,5,253,3391
3,0,9,5,253,3391
3,1,9,5,253,3391
2,1,9,5,253,3391
2,2,9,5,253,3391
6,0,9,5,253,3391
5,0,9,5,253,3391
5,1,9,5,253,3391
4,1,9,5,253,3391
4,2,9,5,253,3391
3,2,9,5,253,3391
3,3,9,5,253,3391
8,0,9,5,253,3391
7,0,9,5,253,3391
7,1,9,5,253,3391
6,1,9,5,253,3391
6,2,9,5,253,3391
5,2,9,5,253,3391
5,3,9,5,253,3391
4,3,9,5,253,3391
4,4,9,5,253,3391
9,0,9,5,253,3391
9,1,9,5,253,3391
8,1,9,5,253,3391
8,2,9,5,253,3391
7,2,9,5,253,3391
7,3,9,5,253,3391
6,3,9,5,253,3391
6,4,9,5,253,3391
5,4,9,5,253,3391
5,5,9,5,253,3391
9,2,9,5,253,3391
9,3,9,5,253,3391
8,3,9,5,253,3391
8,4,9,5,253,3391
7,4,9,5,253,3391
7,5,9,5,253,3391
6,5,9,5,253,3391
6,6,9,5,253,3391
9,4,9,5,253,3391
9,5,9,5,253,3391
8,5,9,5,253,3391
8,6,9,5,253,3391
7,6,9,5,253,3391
7,7,9,5,253,3391
2,0,9,5,254,2992
4,0,9,5,254,2992
3,0,9,5,254,2992
3,1,9,5,254,2992
6,0,9,5,254,2992
5,0,9,5,254,2992
5,1,9,5,254,2992
4,1,9,5,254,2992
4,2,9,5,254,2992
8,0,9,5,254,2992
7,0,9,5,254,2992
7,1,9,5,254,2992
6,1,9,5,254,2992
6,2,9,5,254,2992
5,2,9,5,254,2992
5,3,9,5,254,2992
9,0,9,5,254,2992
9,1,9,5,254,2992
8,1,9,5,254,2992
8,2,9,5,254,2992
7,2,9,5,254,2992
7,3,9,5,254,2992
6,3,9,5,254,2992
6,4,9,5,254,2992
9,2,9,5,254,2992
9,3,9,5,254,2992
8,3,9,5,254,2992
8,4,9,5,254,2992
7,4,9,5,254,2992
7,5,9,5,254,2992
9,4,9,5,254,2992
9,5,9,5,254,2992
8,5,9,5,254,2992
8,6,9,5,254,2992
4,0,9,5,255,2564
6,0,9,5,255,2564
5,0,9,5,255,2564
5,1,9,5,255,2564
8,0,9,5,255,2564
7,0,9,5,255,2564
7,1,9,5,255,2564
6,1,9,5,255,2564
6,2,9,5,255,2564
9,0,9,5,255,2564
9,1,9,5,255,2564
8,1,9,5,255,2564
8,2,9,5,255,2564
7,2,9,5,255,2564
7,3,9,5,255,2564
9,2,9,5,255,2564
9,3,9,5,255,2564
8,3,9,5,255,2564
8,4,9,5,255,2564
9,4,9,5,255,2564
9,5,9,5,255,2564
5,1,9,5,256,2122
7,1,9,5,256,2122
6,0,9,5,256,2122
6,2,9,5,256,2122
9,1,9,5,256,2122
8,0,9,5,256,2122
8,2,9,5,256,2122
7,0,9,5,256,2122
7,3,9,5,256,2122
8,1,9,5,256,2122
9,0,9,5,256,2122
9,2,9,5,256,2122
9,3,9,5,256,2122
8,4,9,5,256,2122
6,1,9,5,256,2122
7,2,9,5,256,2122
8,3,9,5,256,2122
9,4,9,5,256,2122
9,5,9,5,256,2122
3,1,9,5,257,2571
5,1,9,5,257,2571
4,0,9,5,257,2571
4,2,9,5,257,2571
7,1,9,5,257,2571
6,0,9,5,257,2571
6,2,9,5,257,2571
5,0,9,5,257,2571
5,3,9,5,257,2571
9,1,9,5,257,2571
8,0,9,5,257,2571
8,2,9,5,257,2571
7,0,9,5,257,2571
7,3,9,5,257,2571
6,1,9,5,257,2571
6,4,9,5,257,2571
8,1,9,5,257,2571
9,0,9,5,257,2571
9,2,9,5,257,2571
9,3,9,5,257,2571
8,4,9,5,257,2571
7,2,9,5,257,2571
7,5,9,5,257,2571
8,3,9,5,257,2571
9,4,9,5,257,2571
9,5,9,5,257,2571
8,6,9,5,257,2571
4,2,9,5,258,2127
6,2,9,5,258,2127
5,1,9,5,258,2127
5,3,9,5,258,2127
8,2,9,5,258,2127
7,1,9,5,258,2127
7,3,9,5,258,2127
6,0,9,5,258,2127
6,4,9,5,258,2127
9,2,9,5,258,2127
9,1,9,5,258,2127
9,3,9,5,258,2127
8,0,9,5,258,2127
8,4,9,5,258,2127
7,0,9,5,258,2127
7,5,9,5,258,2127
7,2,9,5,258,2127
8,1,9,5,258,2127
8,3,9,5,258,2127
9,0,9,5,258,2127
9,4,9,5,258,2127
9,5,9,5,258,2127
8,6,9,5,258,2127
3,3,6,6,259,2127
5,3,6,6,259,2127
4,2,6,6,259,2127
4,4,6,6,259,2127
7,3,6,6,259,2127
6,2,6,6,259,2127
6,4,6,6,259,2127
5,1,6,6,259,2127
5,5,6,6,259,2127
9,3,6,6,259,2127
8,2,6,6,259,2127
8,4,6,6,259,2127
7,1,6,6,259,2127
7,5,6,6,259,2127
6,0,6,6,259,2127
6,6,6,6,259,2127
8,3,6,6,259,2127
9,2,6,6,259,2127
9,4,6,6,259,2127
9,1,6,6,259,2127
9,5,6,6,259,2127
8,0,6,6,259,2127
8,6,6,6,259,2127
7,0,6,6,259,2127
7,7,6,6,259,2127
0,1,4,4,260,3395
1,1,4,4,260,3395
0,0,4,4,260,3395
0,2,4,4,260,3395
3,1,4,4,260,3395
2,0,4,4,260,3395
2,2,4,4,260,3395
1,0,4,4,260,3395
1,3,4,4,260,3395
5,1,4,4,260,3395
4,0,4,4,260,3395
4,2,4,4,260,3395
3,0,4,4,260,3395
3,3,4,4,260,3395
2,1,4,4,260,3395
2,4,4,4,260,3395
7,1,4,4,260,3395
6,0,4,4,260,3395
6,2,4,4,260,3395
5,0,4,4,260,3395
5,3,4,4,260,3395
4,1,4,4,260,3395
4,4,4,4,260,3395
3,2,4,4,260,3395
3,5,4,4,260,3395
9,1,4,4,260,3395
8,0,4,4,260,3395
8,2,4,4,260,3395
7,0,4,4,260,3395
7,3,4,4,260,3395
6,1,4,4,260,3395
6,4,4,4,260,3395
5,2,4,4,260,3395
5,5,4,4,260,3395
4,3,4,4,260,3395
4,6,4,4,260,3395
8,1,4,4,260,3395
9,0,4,4,260,3395
9,2,4,4,260,3395
9,3,4,4,260,3395
8,4,4,4,260,3395
7,2,4,4,260,3395
7,5,4,4,260,3395
6,3,4,4,260,3395
6,6,4,4,260,3395
5,4,4,4,260,3395
5,7,4,4,260,3395
8,3,4,4,260,3395
9,4,4,4,260,3395
9,5,4,4,260,3395
8,6,4,4,260,3395
7,4,4,4,260,3395
7,7,4,4,260,3395
6,5,4,4,260,3395
6,8,4,4,260,3395
1,3,7,7,261,2571
3,3,7,7,261,2571
2,2,7,7,261,2571
2,4,7,7,261,2571
5,3,7,7,261,2571
4,2,7,7,261,2571
4,4,7,7,261,2571
3,1,7,7,261,2571
3,5,7,7,261,2571
7,3,7,7,261,2571
6,2,7,7,261,2571
6,4,7,7,261,2571
5,1,7,7,261,2571
5,5,7,7,261,2571
4,0,7,7,261,2571
4,6,7,7,261,2571
9,3,7,7,261,2571
8,2,7,7,261,2571
8,4,7,7,261,2571
7,1,7,7,261,2571
7,5,7,7,261,2571
6,0,7,7,261,2571
6,6,7,7,261,2571
5,0,7,7,261,2571
5,7,7,7,261,2571
8,3,7,7,261,2571
9,2,7,7,261,2571
9,4,7,7,261,2571
9,1,7,7,261,2571
9,5,7,7,261,2571
8,0,7,7,261,2571
8,6,7,7,261,2571
7,0,7,7,261,2571
7,7,7,7,261,2571
6,1,7,7,261,2571
6,8,7,7,261,2571
2,4,7,7,262,2127
4,4,7,7,262,2127
3,3,7,7,262,2127
3,5,7,7,262,2127
6,4,7,7,262,2127
5,3,7,7,262,2127
5,5,7,7,262,2127
4,2,7,7,262,2127
4,6,7,7,262,2127
8,4,7,7,262,2127
7,3,7,7,262,2127
7,5,7,7,262,2127
6,2,7,7,262,2127
6,6,7,7,262,2127
5,1,7,7,262,2127
5,7,7,7,262,2127
9,4,7,7,262,2127
9,3,7,7,262,2127
9,5,7,7,262,2127
8,2,7,7,262,2127
8,6,7,7,262,2127
7,1,7,7,262,2127
7,7,7,7,262,2127
6,0,7,7,262,2127
6,8,7,7,262,2127
0,1,6,6,263,3745
1,1,6,6,263,3745
0,0,6,6,263,3745
0,2,6,6,263,3745
2,1,6,6,263,3745
1,0,6,6,263,3745
1,2,6,6,263,3745
0,3,6,6,263,3745
3,1,6,6,263,3745
2,0,6,6,263,3745
2,2,6,6,263,3745
1,3,6,6,263,3745
0,4,6,6,263,3745
5,1,6,6,263,3745
4,0,6,6,263,3745
4,2,6,6,263,3745
3,0,6,6,263,3745
3,3,6,6,263,3745
2,4,6,6,263,3745
1,5,6,6,263,3745
7,1,6,6,263,3745
6,0,6,6,263,3745
6,2,6,6,263,3745
5,0,6,6,263,3745
5,3,6,6,263,3745
4,1,6,6,263,3745
4,4,6,6,263,3745
3,2,6,6,263,3745
3,5,6,6,263,3745
2,3,6,6,263,3745
2,6,6,6,263,3745
9,1,6,6,263,3745
8,0,6,6,263,3745
8,2,6,6,263,3745
7,0,6,6,263,3745
7,3,6,6,263,3745
6,1,6,6,263,3745
6,4,6,6,263,3745
5,2,6,6,263,3745
5,5,6,6,263,3745
4,3,6,6,263,3745
4,6,6,6,263,3745
3,4,6,6,263,3745
3,7,6,6,263,3745
8,1,6,6,263,3745
9,0,6,6,263,3745
9,2,6,6,263,3745
9,3,6,6,263,3745
8,4,6,6,263,3745
7,2,6,6,263,3745
7,5,6,6,263,3745
6,3,6,6,263,3745
6,6,6,6,263,3745
5,4,6,6,263,3745
5,7,6,6,263,3745
4,5,6,6,263,3745
4,8,6,6,263,3745
8,3,6,6,263,3745
9,4,6,6,263,3745
9,5,6,6,263,3745
8,6,6,6,263,3745
7,4,6,6,263,3745
7,7,6,6,263,3745
6,5,6,6,263,3745
6,8,6,6,263,3745
5,6,6,6,263,3745
5,9,6,6,263,3745
0,3,7,7,264,2991
1,3,7,7,264,2991
0,2,7,7,264,2991
0,4,7,7,264,2991
3,3,7,7,264,2991
2,2,7,7,264,2991
2,4,7,7,264,2991
1,1,7,7,264,2991
1,5,7,7,264,2991
5,3,7,7,264,2991
4,2,7,7,264,2991
4,4,7,7,264,2991
3,1,7,7,264,2991
3,5,7,7,264,2991
2,0,7,7,264,2991
2,6,7,7,264,2991
7,3,7,7,264,2991
6,2,7,7,264,2991
6,4,7,7,264,2991
5,1,7,7,264,2991
5,5,7,7,264,2991
4,0,7,7,264,2991
4,6,7,7,264,2991
3,0,7,7,264,2991
3,7,7,7,264,2991
9,3,7,7,264,2991
8,2,7,7,264,2991
8,4,7,7,264,2991
7,1,7,7,264,2991
7,5,7,7,264,2991
6,0,7,7,264,2991
6,6,7,7,264,2991
5,0,7,7,264,2991
5,7,7,7,264,2991
4,1,7,7,264,2991
4,8,7,7,264,2991
8,3,7,7,264,2991
9,2,7,7,264,2991
9,4,7,7,264,2991
9,1,7,7,264,2991
9,5,7,7,264,2991
8,0,7,7,264,2991
8,6,7,7,264,2991
7,0,7,7,264,2991
7,7,7,7,264,2991
6,1,7,7,264,2991
6,8,7,7,264,2991
5,2,7,7,264,2991
5,9,7,7,264,2991
0,4,7,7,265,2574
2,4,7,7,265,2574
1,3,7,7,265,2574
1,5,7,7,265,2574
4,4,7,7,265,2574
3,3,7,7,265,2574
3,5,7,7,265,2574
2,2,7,7,265,2574
2,6,7,7,265,2574
6,4,7,7,265,2574
5,3,7,7,265,2574
5,5,7,7,265,2574
4,2,7,7,265,2574
4,6,7,7,265,2574
3,1,7,7,265,2574
3,7,7,7,265,2574
8,4,7,7,265,2574
7,3,7,7,265,2574
7,5,7,7,265,2574
6,2,7,7,265,2574
6,6,7,7,265,2574
5,1,7,7,265,2574
5,7,7,7,265,2574
4,0,7,7,265,2574
4,8,7,7,265,2574
9,4,7,7,265,2574
9,3,7,7,265,2574
9,5,7,7,265,2574
8,2,7,7,265,2574
8,6,7,7,265,2574
7,1,7,7,265,2574
7,7,7,7,265,2574
6,0,7,7,265,2574
6,8,7,7,265,2574
5,0,7,7,265,2574
5,9,7,7,265,2574
0,1,7,7,266,4084
1,1,7,7,266,4084
0,0,7,7,266,4084
0,2,7,7,266,4084
2,1,7,7,266,4084
1,0,7,7,266,4084
1,2,7,7,266,4084
0,3,7,7,266,4084
3,1,7,7,266,4084
2,0,7,7,266,4084
2,2,7,7,266,4084
1,3,7,7,266,4084
0,4,7,7,266,4084
4,1,7,7,266,4084
3,0,7,7,266,4084
3,2,7,7,266,4084
2,3,7,7,266,4084
1,4,7,7,266,4084
0,5,7,7,266,4084
5,1,7,7,266,4084
4,0,7,7,266,4084
4,2,7,7,266,4084
3,3,7,7,266,4084
2,4,7,7,266,4084
1,5,7,7,266,4084
0,6,7,7,266,4084
7,1,7,7,266,4084
6,0,7,7,266,4084
6,2,7,7,266,4084
5,0,7,7,266,4084
5,3,7,7,266,4084
4,4,7,7,266,4084
3,5,7,7,266,4084
2,6,7,7,266,4084
1,7,7,7,266,4084
9,1,7,7,266,4084
8,0,7,7,266,4084
8,2,7,7,266,4084
7,0,7,7,266,4084
7,3,7,7,266,4084
6,1,7,7,266,4084
6,4,7,7,266,4084
5,2,7,7,266,4084
5,5,7,7,266,4084
4,3,7,7,266,4084
4,6,7,7,266,4084
3,4,7,7,266,4084
3,7,7,7,266,4084
2,5,7,7,266,4084
2,8,7,7,266,4084
8,1,7,7,266,4084
9,0,7,7,266,4084
9,2,7,7,266,4084
9,3,7,7,266,4084
8,4,7,7,266,4084
7,2,7,7,266,4084
7,5,7,7,266,4084
6,3,7,7,266,4084
6,6,7,7,266,4084
5,4,7,7,266,4084
5,7,7,7,266,4084
4,5,7,7,266,4084
4,8,7,7,266,4084
3,6,7,7,266,4084
3,9,7,7,266,4084
8,3,7,7,266,4084
9,4,7,7,266,4084
9,5,7,7,266,4084
8,6,7,7,266,4084
7,4,7,7,266,4084
7,7,7,7,266,4084
6,5,7,7,266,4084
6,8,7,7,266,4084
5,6,7,7,266,4084
5,9,7,7,266,4084
4,7,7,7,266,4084
4,9,7,7,266,4084
0,2,7,7,267,3745
1,2,7,7,267,3745
0,1,7,7,267,3745
0,3,7,7,267,3745
2,2,7,7,267,3745
1,1,7,7,267,3745
1,3,7,7,267,3745
0,0,7,7,267,3745
0,4,7,7,267,3745
3,2,7,7,267,3745
2,1,7,7,267,3745
2,3,7,7,267,3745
1,0,7,7,267,3745
1,4,7,7,267,3745
0,5,7,7,267,3745
4,2,7,7,267,3745
3,1,7,7,267,3745
3,3,7,7,267,3745
2,0,7,7,267,3745
2,4,7,7,267,3745
1,5,7,7,267,3745
0,6,7,7,267,3745
6,2,7,7,267,3745
5,1,7,7,267,3745
5,3,7,7,267,3745
4,0,7,7,267,3745
4,4,7,7,267,3745
3,0,7,7,267,3745
3,5,7,7,267,3745
2,6,7,7,267,3745
1,7,7,7,267,3745
8,2,7,7,267,3745
7,1,7,7,267,3745
7,3,7,7,267,3745
6,0,7,7,267,3745
6,4,7,7,267,3745
5,0,7,7,267,3745
5,5,7,7,267,3745
4,1,7,7,267,3745
4,6,7,7,267,3745
3,7,7,7,267,3745
2,8,7,7,267,3745
9,2,7,7,267,3745
9,1,7,7,267,3745
9,3,7,7,267,3745
8,0,7,7,267,3745
8,4,7,7,267,3745
7,0,7,7,267,3745
7,5,7,7,267,3745
6,1,7,7,267,3745
6,6,7,7,267,3745
5,2,7,7,267,3745
5,7,7,7,267,3745
4,3,7,7,267,3745
4,8,7,7,267,3745
3,4,7,7,267,3745
3,9,7,7,267,3745
7,2,7,7,267,3745
8,1,7,7,267,3745
8,3,7,7,267,3745
9,0,7,7,267,3745
9,4,7,7,267,3745
9,5,7,7,267,3745
8,6,7,7,267,3745
7,7,7,7,267,3745
6,3,7,7,267,3745
6,8,7,7,267,3745
5,4,7,7,267,3745
5,9,7,7,267,3745
4,5,7,7,267,3745
4,9,7,7,267,3745
0,3,7,7,268,3381
1,3,7,7,268,3381
0,2,7,7,268,3381
0,4,7,7,268,3381
2,3,7,7,268,3381
1,2,7,7,268,3381
1,4,7,7,268,3381
0,1,7,7,268,3381
0,5,7,7,268,3381
3,3,7,7,268,3381
2,2,7,7,268,3381
2,4,7,7,268,3381
1,1,7,7,268,3381
1,5,7,7,268,3381
0,0,7,7,268,3381
0,6,7,7,268,3381
5,3,7,7,268,3381
4,2,7,7,268,3381
4,4,7,7,268,3381
3,1,7,7,268,3381
3,5,7,7,268,3381
2,0,7,7,268,3381
2,6,7,7,268,3381
1,0,7,7,268,3381
1,7,7,7,268,3381
7,3,7,7,268,3381
6,2,7,7,268,3381
6,4,7,7,268,3381
5,1,7,7,268,3381
5,5,7,7,268,3381
4,0,7,7,268,3381
4,6,7,7,268,3381
3,0,7,7,268,3381
3,7,7,7,268,3381
2,1,7,7,268,3381
2,8,7,7,268,3381
9,3,7,7,268,3381
8,2,7,7,268,3381
8,4,7,7,268,3381
7,1,7,7,268,3381
7,5,7,7,268,3381
6,0,7,7,268,3381
6,6,7,7,268,3381
5,0,7,7,268,3381
5,7,7,7,268,3381
4,1,7,7,268,3381
4,8,7,7,268,3381
3,2,7,7,268,3381
3,9,7,7,268,3381
8,3,7,7,268,3381
9,2,7,7,268,3381
9,4,7,7,268,3381
9,1,7,7,268,3381
9,5,7,7,268,3381
8,0,7,7,268,3381
8,6,7,7,268,3381
7,0,7,7,268,3381
7,7,7,7,268,3381
6,1,7,7,268,3381
6,8,7,7,268,3381
5,2,7,7,268,3381
5,9,7,7,268,3381
4,3,7,7,268,3381
4,9,7,7,268,3381
0,4,7,7,269,2992
1,4,7,7,269,2992
0,3,7,7,269,2992
0,5,7,7,269,2992
2,4,7,7,269,2992
1,3,7,7,269,2992
1,5,7,7,269,2992
0,2,7,7,269,2992
0,6,7,7,269,2992
4,4,7,7,269,2992
3,3,7,7,269,2992
3,5,7,7,269,2992
2,2,7,7,269,2992
2,6,7,7,269,2992
1,1,7,7,269,2992
1,7,7,7,269,2992
6,4,7,7,269,2992
5,3,7,7,269,2992
5,5,7,7,269,2992
4,2,7,7,269,2992
4,6,7,7,269,2992
3,1,7,7,269,2992
3,7,7,7,269,2992
2,0,7,7,269,2992
2,8,7,7,269,2992
8,4,7,7,269,2992
7,3,7,7,269,2992
7,5,7,7,269,2992
6,2,7,7,269,2992
6,6,7,7,269,2992
5,1,7,7,269,2992
5,7,7,7,269,2992
4,0,7,7,269,2992
4,8,7,7,269,2992
3,0,7,7,269,2992
3,9,7,7,269,2992
9,4,7,7,269,2992
9,3,7,7,269,2992
9,5,7,7,269,2992
8,2,7,7,269,2992
8,6,7,7,269,2992
7,1,7,7,269,2992
7,7,7,7,269,2992
6,0,7,7,269,2992
6,8,7,7,269,2992
5,0,7,7,269,2992
5,9,7,7,269,2992
4,1,7,7,269,2992
4,9,7,7,269,2992
0,5,7,7,270,2574
1,5,7,7,270,2574
0,4,7,7,270,2574
0,6,7,7,270,2574
3,5,7,7,270,2574
2,4,7,7,270,2574
2,6,7,7,270,2574
1,3,7,7,270,2574
1,7,7,7,270,2574
5,5,7,7,270,2574
4,4,7,7,270,2574
4,6,7,7,270,2574
3,3,7,7,270,2574
3,7,7,7,270,2574
2,2,7,7,270,2574
2,8,7,7,270,2574
7,5,7,7,270,2574
6,4,7,7,270,2574
6,6,7,7,270,2574
5,3,7,7,270,2574
5,7,7,7,270,2574
4,2,7,7,270,2574
4,8,7,7,270,2574
3,1,7,7,270,2574
3,9,7,7,270,2574
9,5,7,7,270,2574
8,4,7,7,270,2574
8,6,7,7,270,2574
7,3,7,7,270,2574
7,7,7,7,270,2574
6,2,7,7,270,2574
6,8,7,7,270,2574
5,1,7,7,270,2574
5,9,7,7,270,2574
4,0,7,7,270,2574
4,9,7,7,270,2574
0,6,7,7,271,2127
2,6,7,7,271,2127
1,5,7,7,271,2127
1,7,7,7,271,2127
4,6,7,7,271,2127
3,5,7,7,271,2127
3,7,7,7,271,2127
2,4,7,7,271,2127
2,8,7,7,271,2127
6,6,7,7,271,2127
5,5,7,7,271,2127
5,7,7,7,271,2127
4,4,7,7,271,2127
4,8,7,7,271,2127
3,3,7,7,271,2127
3,9,7,7,271,2127
8,6,7,7,271,2127
7,5,7,7,271,2127
7,7,7,7,271,2127
6,4,7,7,271,2127
6,8,7,7,271,2127
5,3,7,7,271,2127
5,9,7,7,271,2127
4,2,7,7,271,2127
4,9,7,7,271,2127
0,2,7,7,272,4086
1,2,7,7,272,4086
0,1,7,7,272,4086
0,3,7,7,272,4086
2,2,7,7,272,4086
1,1,7,7,272,4086
1,3,7,7,272,4086
0,0,7,7,272,4086
0,4,7,7,272,4086
3,2,7,7,272,4086
2,1,7,7,272,4086
2,3,7,7,272,4086
1,0,7,7,272,4086
1,4,7,7,272,4086
0,5,7,7,272,4086
4,2,7,7,272,4086
3,1,7,7,272,4086
3,3,7,7,272,4086
2,0,7,7,272,4086
2,4,7,7,272,4086
1,5,7,7,272,4086
0,6,7,7,272,4086
5,2,7,7,272,4086
4,1,7,7,272,4086
4,3,7,7,272,4086
3,0,7,7,272,4086
3,4,7,7,272,4086
2,5,7,7,272,4086
1,6,7,7,272,4086
0,7,7,7,272,4086
6,2,7,7,272,4086
5,1,7,7,272,4086
5,3,7,7,272,4086
4,0,7,7,272,4086
4,4,7,7,272,4086
3,5,7,7,272,4086
2,6,7,7,272,4086
1,7,7,7,272,4086
0,8,7,7,272,4086
8,2,7,7,272,4086
7,1,7,7,272,4086
7,3,7,7,272,4086
6,0,7,7,272,4086
6,4,7,7,272,4086
5,0,7,7,272,4086
5,5,7,7,272,4086
4,6,7,7,272,4086
3,7,7,7,272,4086
2,8,7,7,272,4086
1,9,7,7,272,4086
9,2,7,7,272,4086
9,1,7,7,272,4086
9,3,7,7,272,4086
8,0,7,7,272,4086
8,4,7,7,272,4086
7,0,7,7,272,4086
7,5,7,7,272,4086
6,1,7,7,272,4086
6,6,7,7,272,4086
5,7,7,7,272,4086
4,8,7,7,272,4086
3,9,7,7,272,4086
2,9,7,7,272,4086
7,2,7,7,272,4086
8,1,7,7,272,4086
8,3,7,7,272,4086
9,0,7,7,272,4086
9,4,7,7,272,4086
9,5,7,7,272,4086
8,6,7,7,272,4086
7,7,7,7,272,4086
6,3,7,7,272,4086
6,8,7,7,272,4086
5,4,7,7,272,4086
5,9,7,7,272,4086
4,5,7,7,272,4086
4,9,7,7,272,4086
3,6,7,7,272,4086
3,8,7,7,272,4086
0,4,7,7,273,3381
1,4,7,7,273,3381
0,3,7,7,273,3381
0,5,7,7,273,3381
2,4,7,7,273,3381
1,3,7,7,273,3381
1,5,7,7,273,3381
0,2,7,7,273,3381
0,6,7,7,273,3381
3,4,7,7,273,3381
2,3,7,7,273,3381
2,5,7,7,273,3381
1,2,7,7,273,3381
1,6,7,7,273,3381
0,1,7,7,273,3381
0,7,7,7,273,3381
4,4,7,7,273,3381
3,3,7,7,273,3381
3,5,7,7,273,3381
2,2,7,7,273,3381
2,6,7,7,273,3381
1,1,7,7,273,3381
1,7,7,7,273,3381
0,0,7,7,273,3381
0,8,7,7,273,3381
6,4,7,7,273,3381
5,3,7,7,273,3381
5,5,7,7,273,3381
4,2,7,7,273,3381
4,6,7,7,273,3381
3,1,7,7,273,3381
3,7,7,7,273,3381
2,0,7,7,273,3381
2,8,7,7,273,3381
1,0,7,7,273,3381
1,9,7,7,273,3381
8,4,7,7,273,3381
7,3,7,7,273,3381
7,5,7,7,273,3381
6,2,7,7,273,3381
6,6,7,7,273,3381
5,1,7,7,273,3381
5,7,7,7,273,3381
4,0,7,7,273,3381
4,8,7,7,273,3381
3,0,7,7,273,3381
3,9,7,7,273,3381
2,1,7,7,273,3381
2,9,7,7,273,3381
9,4,7,7,273,3381
9,3,7,7,273,3381
9,5,7,7,273,3381
8,2,7,7,273,3381
8,6,7,7,273,3381
7,1,7,7,273,3381
7,7,7,7,273,3381
6,0,7,7,273,3381
6,8,7,7,273,3381
5,0,7,7,273,3381
5,9,7,7,273,3381
4,1,7,7,273,3381
4,9,7,7,273,3381
3,2,7,7,273,3381
3,8,7,7,273,3381
0,5,7,7,274,2991
1,5,7,7,274,2991
0,4,7,7,274,2991
0,6,7,7,274,2991
2,5,7,7,274,2991
1,4,7,7,274,2991
1,6,7,7,274,2991
0,3,7,7,274,2991
0,7,7,7,274,2991
3,5,7,7,274,2991
2,4,7,7,274,2991
2,6,7,7,274,2991
1,3,7,7,274,2991
1,7,7,7,274,2991
0,2,7,7,274,2991
0,8,7,7,274,2991
5,5,7,7,274,2991
4,4,7,7,274,2991
4,6,7,7,274,2991
3,3,7,7,274,2991
3,7,7,7,274,2991
2,2,7,7,274,2991
2,8,7,7,274,2991
1,1,7,7,274,2991
1,9,7,7,274,2991
7,5,7,7,274,2991
6,4,7,7,274,2991
6,6,7,7,274,2991
5,3,7,7,274,2991
5,7,7,7,274,2991
4,2,7,7,274,2991
4,8,7,7,274,2991
3,1,7,7,274,2991
3,9,7,7,274,2991
2,0,7,7,274,2991
2,9,7,7,274,2991
9,5,7,7,274,2991
8,4,7,7,274,2991
8,6,7,7,274,2991
7,3,7,7,274,2991
7,7,7,7,274,2991
6,2,7,7,274,2991
6,8,7,7,274,2991
5,1,7,7,274,2991
5,9,7,7,274,2991
4,0,7,7,274,2991
4,9,7,7,274,2991
3,0,7,7,274,2991
3,8,7,7,274,2991
0,6,7,7,275,2571
1,6,7,7,275,2571
0,5,7,7,275,2571
0,7,7,7,275,2571
2,6,7,7,275,2571
1,5,7,7,275,2571
1,7,7,7,275,2571
0,4,7,7,275,2571
0,8,7,7,275,2571
4,6,7,7,275,2571
3,5,7,7,275,2571
3,7,7,7,275,2571
2,4,7,7,275,2571
2,8,7,7,275,2571
1,3,7,7,275,2571
1,9,7,7,275,2571
6,6,7,7,275,2571
5,5,7,7,275,2571
5,7,7,7,275,2571
4,4,7,7,275,2571
4,8,7,7,275,2571
3,3,7,7,275,2571
3,9,7,7,275,2571
2,2,7,7,275,2571
2,9,7,7,275,2571
8,6,7,7,275,2571
7,5,7,7,275,2571
7,7,7,7,275,2571
6,4,7,7,275,2571
6,8,7,7,275,2571
5,3,7,7,275,2571
5,9,7,7,275,2571
4,2,7,7,275,2571
4,9,7,7,275,2571
3,1,7,7,275,2571
3,8,7,7,275,2571
0,2,7,7,276,4405
1,2,7,7,276,4405
0,1,7,7,276,4405
0,3,7,7,276,4405
2,2,7,7,276,4405
1,1,7,7,276,4405
1,3,7,7,276,4405
0,0,7,7,276,4405
0,4,7,7,276,4405
3,2,7,7,276,4405
2,1,7,7,276,4405
2,3,7,7,276,4405
1,0,7,7,276,4405
1,4,7,7,276,4405
0,5,7,7,276,4405
4,2,7,7,276,4405
3,1,7,7,276,4405
3,3,7,7,276,4405
2,0,7,7,276,4405
2,4,7,7,276,4405
1,5,7,7,276,4405
0,6,7,7,276,4405
5,2,7,7,276,4405
4,1,7,7,276,4405
4,3,7,7,276,4405
3,0,7,7,276,4405
3,4,7,7,276,4405
2,5,7,7,276,4405
1,6,7,7,276,4405
0,7,7,7,276,4405
6,2,7,7,276,4405
5,1,7,7,276,4405
5,3,7,7,276,4405
4,0,7,7,276,4405
4,4,7,7,276,4405
3,5,7,7,276,4405
2,6,7,7,276,4405
1,7,7,7,276,4405
0,8,7,7,276,4405
7,2,7,7,276,4405
6,1,7,7,276,4405
6,3,7,7,276,4405
5,0,7,7,276,4405
5,4,7,7,276,4405
4,5,7,7,276,4405
3,6,7,7,276,4405
2,7,7,7,276,4405
1,8,7,7,276,4405
0,9,7,7,276,4405
8,2,7,7,276,4405
7,1,7,7,276,4405
7,3,7,7,276,4405
6,0,7,7,276,4405
6,4,7,7,276,4405
5,5,7,7,276,4405
4,6,7,7,276,4405
3,7,7,7,276,4405
2,8,7,7,276,4405
1,9,7,7,276,4405
9,2,7,7,276,4405
9,1,7,7,276,4405
9,3,7,7,276,4405
8,0,7,7,276,4405
8,4,7,7,276,4405
7,0,7,7,276,4405
7,5,7,7,276,4405
6,6,7,7,276,4405
5,7,7,7,276,4405
4,8,7,7,276,4405
3,9,7,7,276,4405
2,9,7,7,276,4405
8,1,7,7,276,4405
8,3,7,7,276,4405
9,0,7,7,276,4405
9,4,7,7,276,4405
9,5,7,7,276,4405
8,6,7,7,276,4405
7,7,7,7,276,4405
6,8,7,7,276,4405
5,9,7,7,276,4405
4,9,7,7,276,4405
3,8,7,7,276,4405
0,4,7,7,277,3745
1,4,7,7,277,3745
0,3,7,7,277,3745
0,5,7,7,277,3745
2,4,7,7,277,3745
1,3,7,7,277,3745
1,5,7,7,277,3745
0,2,7,7,277,3745
0,6,7,7,277,3745
3,4,7,7,277,3745
2,3,7,7,277,3745
2,5,7,7,277,3745
1,2,7,7,277,3745
1,6,7,7,277,3745
0,1,7,7,277,3745
0,7,7,7,277,3745
4,4,7,7,277,3745
3,3,7,7,277,3745
3,5,7,7,277,3745
2,2,7,7,277,3745
2,6,7,7,277,3745
1,1,7,7,277,3745
1,7,7,7,277,3745
0,0,7,7,277,3745
0,8,7,7,277,3745
5,4,7,7,277,3745
4,3,7,7,277,3745
4,5,7,7,277,3745
3,2,7,7,277,3745
3,6,7,7,277,3745
2,1,7,7,277,3745
2,7,7,7,277,3745
1,0,7,7,277,3745
1,8,7,7,277,3745
0,9,7,7,277,3745
6,4,7,7,277,3745
5,3,7,7,277,3745
5,5,7,7,277,3745
4,2,7,7,277,3745
4,6,7,7,277,3745
3,1,7,7,277,3745
3,7,7,7,277,3745
2,0,7,7,277,3745
2,8,7,7,277,3745
1,9,7,7,277,3745
8,4,7,7,277,3745
7,3,7,7,277,3745
7,5,7,7,277,3745
6,2,7,7,277,3745
6,6,7,7,277,3745
5,1,7,7,277,3745
5,7,7,7,277,3745
4,0,7,7,277,3745
4,8,7,7,277,3745
3,0,7,7,277,3745
3,9,7,7,277,3745
2,9,7,7,277,3745
9,4,7,7,277,3745
9,3,7,7,277,3745
9,5,7,7,277,3745
8,2,7,7,277,3745
8,6,7,7,277,3745
7,1,7,7,277,3745
7,7,7,7,277,3745
6,0,7,7,277,3745
6,8,7,7,277,3745
5,0,7,7,277,3745
5,9,7,7,277,3745
4,1,7,7,277,3745
4,9,7,7,277,3745
3,8,7,7,277,3745
0,6,7,7,278,2986
1,6,7,7,278,2986
0,5,7,7,278,2986
0,7,7,7,278,2986
2,6,7,7,278,2986
1,5,7,7,278,2986
1,7,7,7,278,2986
0,4,7,7,278,2986
0,8,7,7,278,2986
3,6,7,7,278,2986
2,5,7,7,278,2986
2,7,7,7,278,2986
1,4,7,7,278,2986
1,8,7,7,278,2986
0,3,7,7,278,2986
0,9,7,7,278,2986
4,6,7,7,278,2986
3,5,7,7,278,2986
3,7,7,7,278,2986
2,4,7,7,278,2986
2,8,7,7,278,2986
1,3,7,7,278,2986
1,9,7,7,278,2986
0,2,7,7,278,2986
6,6,7,7,278,2986
5,5,7,7,278,2986
5,7,7,7,278,2986
4,4,7,7,278,2986
4,8,7,7,278,2986
3,3,7,7,278,2986
3,9,7,7,278,2986
2,2,7,7,278,2986
2,9,7,7,278,2986
1,1,7,7,278,2986
8,6,7,7,278,2986
7,5,7,7,278,2986
7,7,7,7,278,2986
6,4,7,7,278,2986
6,8,7,7,278,2986
5,3,7,7,278,2986
5,9,7,7,278,2986
4,2,7,7,278,2986
4,9,7,7,278,2986
3,1,7,7,278,2986
3,8,7,7,278,2986
2,0,7,7,278,2986
0,7,6,6,279,2571
1,7,6,6,279,2571
0,6,6,6,279,2571
0,8,6,6,279,2571
2,7,6,6,279,2571
1,6,6,6,279,2571
1,8,6,6,279,2571
0,5,6,6,279,2571
0,9,6,6,279,2571
3,7,6,6,279,2571
2,6,6,6,279,2571
2,8,6,6,279,2571
1,5,6,6,279,2571
1,9,6,6,279,2571
0,4,6,6,279,2571
5,7,6,6,279,2571
4,6,6,6,279,2571
4,8,6,6,279,2571
3,5,6,6,279,2571
3,9,6,6,279,2571
2,4,6,6,279,2571
2,9,6,6,279,2571
1,3,6,6,279,2571
7,7,6,6,279,2571
6,6,6,6,279,2571
6,8,6,6,279,2571
5,5,6,6,279,2571
5,9,6,6,279,2571
4,4,6,6,279,2571
4,9,6,6,279,2571
3,3,6,6,279,2571
3,8,6,6,279,2571
2,2,6,6,279,2571
0,8,4,6,280,2128
1,8,4,6,280,2128
0,7,4,6,280,2128
0,9,4,6,280,2128
2,8,4,6,280,2128
1,7,4,6,280,2128
1,9,4,6,280,2128
0,6,4,6,280,2128
4,8,4,6,280,2128
3,7,4,6,280,2128
3,9,4,6,280,2128
2,6,4,6,280,2128
2,9,4,6,280,2128
1,5,4,6,280,2128
6,8,4,6,280,2128
5,7,4,6,280,2128
5,9,4,6,280,2128
4,6,4,6,280,2128
4,9,4,6,280,2128
3,5,4,6,280,2128
3,8,4,6,280,2128
2,4,4,6,280,2128
2,7,4,6,280,2128
0,3,7,7,281,4403
1,3,7,7,281,4403
0,2,7,7,281,4403
0,4,7,7,281,4403
2,3,7,7,281,4403
1,2,7,7,281,4403
1,4,7,7,281,4403
0,1,7,7,281,4403
0,5,7,7,281,4403
3,3,7,7,281,4403
2,2,7,7,281,4403
2,4,7,7,281,4403
1,1,7,7,281,4403
1,5,7,7,281,4403
0,0,7,7,281,4403
0,6,7,7,281,4403
4,3,7,7,281,4403
3,2,7,7,281,4403
3,4,7,7,281,4403
2,1,7,7,281,4403
2,5,7,7,281,4403
1,0,7,7,281,4403
1,6,7,7,281,4403
0,7,7,7,281,4403
5,3,7,7,281,4403
4,2,7,7,281,4403
4,4,7,7,281,4403
3,1,7,7,281,4403
3,5,7,7,281,4403
2,0,7,7,281,4403
2,6,7,7,281,4403
1,7,7,7,281,4403
0,8,7,7,281,4403
6,3,7,7,281,4403
5,2,7,7,281,4403
5,4,7,7,281,4403
4,1,7,7,281,4403
4,5,7,7,281,4403
3,0,7,7,281,4403
3,6,7,7,281,4403
2,7,7,7,281,4403
1,8,7,7,281,4403
0,9,7,7,281,4403
7,3,7,7,281,4403
6,2,7,7,281,4403
6,4,7,7,281,4403
5,1,7,7,281,4403
5,5,7,7,281,4403
4,0,7,7,281,4403
4,6,7,7,281,4403
3,7,7,7,281,4403
2,8,7,7,281,4403
1,9,7,7,281,4403
8,3,7,7,281,4403
7,2,7,7,281,4403
7,4,7,7,281,4403
6,1,7,7,281,4403
6,5,7,7,281,4403
5,0,7,7,281,4403
5,6,7,7,281,4403
4,7,7,7,281,4403
3,8,7,7,281,4403
2,9,7,7,281,4403
9,3,7,7,281,4403
8,2,7,7,281,4403
8,4,7,7,281,4403
7,1,7,7,281,4403
7,5,7,7,281,4403
6,0,7,7,281,4403
6,6,7,7,281,4403
5,7,7,7,281,4403
4,8,7,7,281,4403
3,9,7,7,281,4403
9,2,7,7,281,4403
9,4,7,7,281,4403
9,1,7,7,281,4403
9,5,7,7,281,4403
8,0,7,7,281,4403
8,6,7,7,281,4403
7,0,7,7,281,4403
7,7,7,7,281,4403
6,8,7,7,281,4403
5,9,7,7,281,4403
4,9,7,7,281,4403
0,4,7,7,282,4084
1,4,7,7,282,4084
0,3,7,7,282,4084
0,5,7,7,282,4084
2,4,7,7,282,4084
1,3,7,7,282,4084
1,5,7,7,282,4084
0,2,7,7,282,4084
0,6,7,7,282,4084
3,4,7,7,282,4084
2,3,7,7,282,4084
2,5,7,7,282,4084
1,2,7,7,282,4084
1,6,7,7,282,4084
0,1,7,7,282,4084
0,7,7,7,282,4084
4,4,7,7,282,4084
3,3,7,7,282,4084
3,5,7,7,282,4084
2,2,7,7,282,4084
2,6,7,7,282,4084
1,1,7,7,282,4084
1,7,7,7,282,4084
0,0,7,7,282,4084
0,8,7,7,282,4084
5,4,7,7,282,4084
4,3,7,7,282,4084
4,5,7,7,282,4084
3,2,7,7,282,4084
3,6,7,7,282,4084
2,1,7,7,282,4084
2,7,7,7,282,4084
1,0,7,7,282,4084
1,8,7,7,282,4084
0,9,7,7,282,4084
6,4,7,7,282,4084
5,3,7,7,282,4084
5,5,7,7,282,4084
4,2,7,7,282,4084
4,6,7,7,282,4084
3,1,7,7,282,4084
3,7,7,7,282,4084
2,0,7,7,282,4084
2,8,7,7,282,4084
1,9,7,7,282,4084
7,4,7,7,282,4084
6,3,7,7,282,4084
6,5,7,7,282,4084
5,2,7,7,282,4084
5,6,7,7,282,4084
4,1,7,7,282,4084
4,7,7,7,282,4084
3,0,7,7,282,4084
3,8,7,7,282,4084
2,9,7,7,282,4084
8,4,7,7,282,4084
7,3,7,7,282,4084
7,5,7,7,282,4084
6,2,7,7,282,4084
6,6,7,7,282,4084
5,1,7,7,282,4084
5,7,7,7,282,4084
4,0,7,7,282,4084
4,8,7,7,282,4084
3,9,7,7,282,4084
9,4,7,7,282,4084
9,3,7,7,282,4084
9,5,7,7,282,4084
8,2,7,7,282,4084
8,6,7,7,282,4084
7,1,7,7,282,4084
7,7,7,7,282,4084
6,0,7,7,282,4084
6,8,7,7,282,4084
5,0,7,7,282,4084
5,9,7,7,282,4084
4,9,7,7,282,4084
0,6,7,7,283,3373
1,6,7,7,283,3373
0,5,7,7,283,3373
0,7,7,7,283,3373
2,6,7,7,283,3373
1,5,7,7,283,3373
1,7,7,7,283,3373
0,4,7,7,283,3373
0,8,7,7,283,3373
3,6,7,7,283,3373
2,5,7,7,283,3373
2,7,7,7,283,3373
1,4,7,7,283,3373
1,8,7,7,283,3373
0,3,7,7,283,3373
0,9,7,7,283,3373
4,6,7,7,283,3373
3,5,7,7,283,3373
3,7,7,7,283,3373
2,4,7,7,283,3373
2,8,7,7,283,3373
1,3,7,7,283,3373
1,9,7,7,283,3373
0,2,7,7,283,3373
5,6,7,7,283,3373
4,5,7,7,283,3373
4,7,7,7,283,3373
3,4,7,7,283,3373
3,8,7,7,283,3373
2,3,7,7,283,3373
2,9,7,7,283,3373
1,2,7,7,283,3373
0,1,7,7,283,3373
6,6,7,7,283,3373
5,5,7,7,283,3373
5,7,7,7,283,3373
4,4,7,7,283,3373
4,8,7,7,283,3373
3,3,7,7,283,3373
3,9,7,7,283,3373
2,2,7,7,283,3373
1,1,7,7,283,3373
0,0,7,7,283,3373
8,6,7,7,283,3373
7,5,7,7,283,3373
7,7,7,7,283,3373
6,4,7,7,283,3373
6,8,7,7,283,3373
5,3,7,7,283,3373
5,9,7,7,283,3373
4,2,7,7,283,3373
4,9,7,7,283,3373
3,1,7,7,283,3373
2,0,7,7,283,3373
1,0,7,7,283,3373
0,7,6,6,284,2986
1,7,6,6,284,2986
0,6,6,6,284,2986
0,8,6,6,284,2986
2,7,6,6,284,2986
1,6,6,6,284,2986
1,8,6,6,284,2986
0,5,6,6,284,2986
0,9,6,6,284,2986
3,7,6,6,284,2986
2,6,6,6,284,2986
2,8,6,6,284,2986
1,5,6,6,284,2986
1,9,6,6,284,2986
0,4,6,6,284,2986
4,7,6,6,284,2986
3,6,6,6,284,2986
3,8,6,6,284,2986
2,5,6,6,284,2986
2,9,6,6,284,2986
1,4,6,6,284,2986
0,3,6,6,284,2986
5,7,6,6,284,2986
4,6,6,6,284,2986
4,8,6,6,284,2986
3,5,6,6,284,2986
3,9,6,6,284,2986
2,4,6,6,284,2986
1,3,6,6,284,2986
0,2,6,6,284,2986
7,7,6,6,284,2986
6,6,6,6,284,2986
6,8,6,6,284,2986
5,5,6,6,284,2986
5,9,6,6,284,2986
4,4,6,6,284,2986
4,9,6,6,284,2986
3,3,6,6,284,2986
2,2,6,6,284,2986
1,1,6,6,284,2986
0,9,0,6,285,2130
1,9,0,6,285,2130
0,8,0,6,285,2130
2,9,0,6,285,2130
1,8,0,6,285,2130
0,7,0,6,285,2130
3,9,0,6,285,2130
2,8,0,6,285,2130
1,7,0,6,285,2130
0,6,0,6,285,2130
5,9,0,6,285,2130
4,8,0,6,285,2130
4,9,0,6,285,2130
3,7,0,6,285,2130
3,8,0,6,285,2130
2,6,0,6,285,2130
2,7,0,6,285,2130
1,5,0,6,285,2130
1,6,0,6,285,2130
0,5,7,7,286,4098
1,5,7,7,286,4098
0,4,7,7,286,4098
0,6,7,7,286,4098
2,5,7,7,286,4098
1,4,7,7,286,4098
1,6,7,7,286,4098
0,3,7,7,286,4098
0,7,7,7,286,4098
3,5,7,7,286,4098
2,4,7,7,286,4098
2,6,7,7,286,4098
1,3,7,7,286,4098
1,7,7,7,286,4098
0,2,7,7,286,4098
0,8,7,7,286,4098
4,5,7,7,286,4098
3,4,7,7,286,4098
3,6,7,7,286,4098
2,3,7,7,286,4098
2,7,7,7,286,4098
1,2,7,7,286,4098
1,8,7,7,286,4098
0,1,7,7,286,4098
0,9,7,7,286,4098
5,5,7,7,286,4098
4,4,7,7,286,4098
4,6,7,7,286,4098
3,3,7,7,286,4098
3,7,7,7,286,4098
2,2,7,7,286,4098
2,8,7,7,286,4098
1,1,7,7,286,4098
1,9,7,7,286,4098
0,0,7,7,286,4098
6,5,7,7,286,4098
5,4,7,7,286,4098
5,6,7,7,286,4098
4,3,7,7,286,4098
4,7,7,7,286,4098
3,2,7,7,286,4098
3,8,7,7,286,4098
2,1,7,7,286,4098
2,9,7,7,286,4098
1,0,7,7,286,4098
7,5,7,7,286,4098
6,4,7,7,286,4098
6,6,7,7,286,4098
5,3,7,7,286,4098
5,7,7,7,286,4098
4,2,7,7,286,4098
4,8,7,7,286,4098
3,1,7,7,286,4098
3,9,7,7,286,4098
2,0,7,7,286,4098
8,5,7,7,286,4098
7,4,7,7,286,4098
7,6,7,7,286,4098
6,3,7,7,286,4098
6,7,7,7,286,4098
5,2,7,7,286,4098
5,8,7,7,286,4098
4,1,7,7,286,4098
4,9,7,7,286,4098
3,0,7,7,286,4098
9,5,7,7,286,4098
8,4,7,7,286,4098
8,6,7,7,286,4098
7,3,7,7,286,4098
7,7,7,7,286,4098
6,2,7,7,286,4098
6,8,7,7,286,4098
5,1,7,7,286,4098
5,9,7,7,286,4098
4,0,7,7,286,4098
0,6,7,7,287,3743
1,6,7,7,287,3743
0,5,7,7,287,3743
0,7,7,7,287,3743
2,6,7,7,287,3743
1,5,7,7,287,3743
1,7,7,7,287,3743
0,4,7,7,287,3743
0,8,7,7,287,3743
3,6,7,7,287,3743
2,5,7,7,287,3743
2,7,7,7,287,3743
1,4,7,7,287,3743
1,8,7,7,287,3743
0,3,7,7,287,3743
0,9,7,7,287,3743
4,6,7,7,287,3743
3,5,7,7,287,3743
3,7,7,7,287,3743
2,4,7,7,287,3743
2,8,7,7,287,3743
1,3,7,7,287,3743
1,9,7,7,287,3743
0,2,7,7,287,3743
5,6,7,7,287,3743
4,5,7,7,287,3743
4,7,7,7,287,3743
3,4,7,7,287,3743
3,8,7,7,287,3743
2,3,7,7,287,3743
2,9,7,7,287,3743
1,2,7,7,287,3743
0,1,7,7,287,3743
6,6,7,7,287,3743
5,5,7,7,287,3743
5,7,7,7,287,3743
4,4,7,7,287,3743
4,8,7,7,287,3743
3,3,7,7,287,3743
3,9,7,7,287,3743
2,2,7,7,287,3743
1,1,7,7,287,3743
0,0,7,7,287,3743
7,6,7,7,287,3743
6,5,7,7,287,3743
6,7,7,7,287,3743
5,4,7,7,287,3743
5,8,7,7,287,3743
4,3,7,7,287,3743
4,9,7,7,287,3743
3,2,7,7,287,3743
2,1,7,7,287,3743
1,0,7,7,287,3743
8,6,7,7,287,3743
7,5,7,7,287,3743
7,7,7,7,287,3743
6,4,7,7,287,3743
6,8,7,7,287,3743
5,3,7,7,287,3743
5,9,7,7,287,3743
4,2,7,7,287,3743
3,1,7,7,287,3743
2,0,7,7,287,3743
0,7,6,6,288,3389
1,7,6,6,288,3389
0,6,6,6,288,3389
0,8,6,6,288,3389
2,7,6,6,288,3389
1,6,6,6,288,3389
1,8,6,6,288,3389
0,5,6,6,288,3389
0,9,6,6,288,3389
3,7,6,6,288,3389
2,6,6,6,288,3389
2,8,6,6,288,3389
1,5,6,6,288,3389
1,9,6,6,288,3389
0,4,6,6,288,3389
4,7,6,6,288,3389
3,6,6,6,288,3389
3,8,6,6,288,3389
2,5,6,6,288,3389
2,9,6,6,288,3389
1,4,6,6,288,3389
0,3,6,6,288,3389
5,7,6,6,288,3389
4,6,6,6,288,3389
4,8,6,6,288,3389
3,5,6,6,288,3389
3,9,6,6,288,3389
2,4,6,6,288,3389
1,3,6,6,288,3389
0,2,6,6,288,3389
6,7,6,6,288,3389
5,6,6,6,288,3389
5,8,6,6,288,3389
4,5,6,6,288,3389
4,9,6,6,288,3389
3,4,6,6,288,3389
2,3,6,6,288,3389
1,2,6,6,288,3389
0,1,6,6,288,3389
7,7,6,6,288,3389
6,6,6,6,288,3389
6,8,6,6,288,3389
5,5,6,6,288,3389
5,9,6,6,288,3389
4,4,6,6,288,3389
3,3,6,6,288,3389
2,2,6,6,288,3389
1,1,6,6,288,3389
0,0,6,6,288,3389
0,8,4,6,289,3008
1,8,4,6,289,3008
0,7,4,6,289,3008
0,9,4,6,289,3008
2,8,4,6,289,3008
1,7,4,6,289,3008
1,9,4,6,289,3008
0,6,4,6,289,3008
3,8,4,6,289,3008
2,7,4,6,289,3008
2,9,4,6,289,3008
1,6,4,6,289,3008
0,5,4,6,289,3008
4,8,4,6,289,3008
3,7,4,6,289,3008
3,9,4,6,289,3008
2,6,4,6,289,3008
1,5,4,6,289,3008
0,4,4,6,289,3008
5,8,4,6,289,3008
4,7,4,6,289,3008
4,9,4,6,289,3008
3,6,4,6,289,3008
2,5,4,6,289,3008
1,4,4,6,289,3008
0,3,4,6,289,3008
6,8,4,6,289,3008
5,7,4,6,289,3008
5,9,4,6,289,3008
4,6,4,6,289,3008
3,5,4,6,289,3008
2,4,4,6,289,3008
1,3,4,6,289,3008
0,2,4,6,289,3008
0,9,2,6,290,2585
1,9,2,6,290,2585
0,8,2,6,290,2585
2,9,2,6,290,2585
1,8,2,6,290,2585
0,7,2,6,290,2585
3,9,2,6,290,2585
2,8,2,6,290,2585
1,7,2,6,290,2585
0,6,2,6,290,2585
4,9,2,6,290,2585
3,8,2,6,290,2585
2,7,2,6,290,2585
1,6,2,6,290,2585
0,5,2,6,290,2585
5,9,2,6,290,2585
4,8,2,6,290,2585
3,7,2,6,290,2585
2,6,2,6,290,2585
1,5,2,6,290,2585
0,4,2,6,290,2585
6,2,9,5,291,1646
8,2,9,5,291,1646
7,1,9,5,291,1646
7,3,9,5,291,1646
9,2,9,5,291,1646
9,1,9,5,291,1646
9,3,9,5,291,1646
8,0,9,5,291,1646
8,4,9,5,291,1646
7,2,9,5,291,1646
8,1,9,5,291,1646
8,3,9,5,291,1646
9,0,9,5,291,1646
9,4,9,5,291,1646
9,5,9,5,291,1646
7,3,9,5,247,1136
9,3,9,5,247,1136
8,2,9,5,247,1136
8,4,9,5,247,1136
8,3,9,5,247,1136
9,2,9,5,247,1136
9,4,9,5,247,1136
9,1,9,5,247,1136
9,5,9,5,247,1136
5,5,7,7,62,1136
7,5,7,7,62,1136
6,4,7,7,62,1136
6,6,7,7,62,1136
9,5,7,7,62,1136
8,4,7,7,62,1136
8,6,7,7,62,1136
7,3,7,7,62,1136
7,7,7,7,62,1136
3,5,7,7,112,1650
5,5,7,7,112,1650
4,4,7,7,112,1650
4,6,7,7,112,1650
7,5,7,7,112,1650
6,4,7,7,112,1650
6,6,7,7,112,1650
5,3,7,7,112,1650
5,7,7,7,112,1650
9,5,7,7,112,1650
8,4,7,7,112,1650
8,6,7,7,112,1650
7,3,7,7,112,1650
7,7,7,7,112,1650
6,2,7,7,112,1650
6,8,7,7,112,1650
4,6,7,7,45,1138
6,6,7,7,45,1138
5,5,7,7,45,1138
5,7,7,7,45,1138
8,6,7,7,45,1138
7,5,7,7,45,1138
7,7,7,7,45,1138
6,4,7,7,45,1138
6,8,7,7,45,1138
2,6,7,7,145,1650
4,6,7,7,145,1650
3,5,7,7,145,1650
3,7,7,7,145,1650
6,6,7,7,145,1650
5,5,7,7,145,1650
5,7,7,7,145,1650
4,4,7,7,145,1650
4,8,7,7,145,1650
8,6,7,7,145,1650
7,5,7,7,145,1650
7,7,7,7,145,1650
6,4,7,7,145,1650
6,8,7,7,145,1650
5,3,7,7,145,1650
5,9,7,7,145,1650
3,7,7,7,32,1136
5,7,7,7,32,1136
4,6,7,7,32,1136
4,8,7,7,32,1136
7,7,7,7,32,1136
6,6,7,7,32,1136
6,8,7,7,32,1136
5,5,7,7,32,1136
5,9,7,7,32,1136
2,8,5,7,292,1138
4,8,5,7,292,1138
3,7,5,7,292,1138
3,9,5,7,292,1138
6,8,5,7,292,1138
5,7,5,7,292,1138
5,9,5,7,292,1138
4,6,5,7,292,1138
4,9,5,7,292,1138
0,8,5,7,293,1650
2,8,5,7,293,1650
1,7,5,7,293,1650
1,9,5,7,293,1650
4,8,5,7,293,1650
3,7,5,7,293,1650
3,9,5,7,293,1650
2,6,5,7,293,1650
2,9,5,7,293,1650
6,8,5,7,293,1650
5,7,5,7,293,1650
5,9,5,7,293,1650
4,6,5,7,293,1650
4,9,5,7,293,1650
3,5,5,7,293,1650
3,8,5,7,293,1650
1,9,4,8,294,1138
3,9,4,8,294,1138
2,8,4,8,294,1138
2,9,4,8,294,1138
5,9,4,8,294,1138
4,8,4,8,294,1138
4,9,4,8,294,1138
3,7,4,8,294,1138
3,8,4,8,294,1138
8,4,9,5,136,588
9,4,9,5,136,588
9,3,9,5,136,588
9,5,9,5,136,588
6,6,7,7,22,588
8,6,7,7,22,588
7,5,7,7,22,588
7,7,7,7,22,588
5,7,7,7,20,588
7,7,7,7,20,588
6,6,7,7,20,588
6,8,7,7,20,588
4,8,5,7,6,588
6,8,5,7,6,588
5,7,5,7,6,588
5,9,5,7,6,588
0,0,7,8,295,4705
1,0,7,8,295,4705
0,1,7,8,295,4705
2,0,7,8,295,4705
1,1,7,8,295,4705
0,2,7,8,295,4705
3,0,7,8,295,4705
2,1,7,8,295,4705
1,2,7,8,295,4705
0,3,7,8,295,4705
4,0,7,8,295,4705
3,1,7,8,295,4705
2,2,7,8,295,4705
1,3,7,8,295,4705
0,4,7,8,295,4705
5,0,7,8,295,4705
4,1,7,8,295,4705
3,2,7,8,295,4705
2,3,7,8,295,4705
1,4,7,8,295,4705
0,5,7,8,295,4705
6,0,7,8,295,4705
5,1,7,8,295,4705
4,2,7,8,295,4705
3,3,7,8,295,4705
2,4,7,8,295,4705
1,5,7,8,295,4705
0,6,7,8,295,4705
7,0,7,8,295,4705
6,1,7,8,295,4705
5,2,7,8,295,4705
4,3,7,8,295,4705
3,4,7,8,295,4705
2,5,7,8,295,4705
1,6,7,8,295,4705
0,7,7,8,295,4705
9,0,7,8,295,4705
8,0,7,8,295,4705
8,1,7,8,295,4705
7,1,7,8,295,4705
7,2,7,8,295,4705
6,2,7,8,295,4705
6,3,7,8,295,4705
5,3,7,8,295,4705
5,4,7,8,295,4705
4,4,7,8,295,4705
4,5,7,8,295,4705
3,5,7,8,295,4705
3,6,7,8,295,4705
2,6,7,8,295,4705
2,7,7,8,295,4705
1,7,7,8,295,4705
1,8,7,8,295,4705
9,1,7,8,295,4705
9,2,7,8,295,4705
8,2,7,8,295,4705
8,3,7,8,295,4705
7,3,7,8,295,4705
7,4,7,8,295,4705
6,4,7,8,295,4705
6,5,7,8,295,4705
5,5,7,8,295,4705
5,6,7,8,295,4705
4,6,7,8,295,4705
4,7,7,8,295,4705
3,7,7,8,295,4705
3,8,7,8,295,4705
2,8,7,8,295,4705
2,9,7,8,295,4705
9,3,7,8,295,4705
9,4,7,8,295,4705
8,4,7,8,295,4705
8,5,7,8,295,4705
7,5,7,8,295,4705
7,6,7,8,295,4705
6,6,7,8,295,4705
6,7,7,8,295,4705
5,7,7,8,295,4705
5,8,7,8,295,4705
4,8,7,8,295,4705
4,9,7,8,295,4705
3,9,7,8,295,4705
9,5,7,8,295,4705
9,5,9,5,0,0
9,6,7,8,295,4705
8,6,7,8,295,4705
8,6,8,6,0,0
8,7,7,8,295,4705
7,7,7,8,295,4705
7,7,7,7,0,0
7,8,7,8,295,4705
6,8,7,8,295,4705
6,8,6,8,0,0
6,9,7,8,295,4705
5,9,7,8,295,4705
5,9,5,9,0,0
0,0,6,7,296,4419
1,0,6,7,296,4419
0,1,6,7,296,4419
2,0,6,7,296,4419
1,1,6,7,296,4419
0,2,6,7,296,4419
3,0,6,7,296,4419
2,1,6,7,296,4419
1,2,6,7,296,4419
0,3,6,7,296,4419
4,0,6,7,296,4419
3,1,6,7,296,4419
2,2,6,7,296,4419
1,3,6,7,296,4419
0,4,6,7,296,4419
5,0,6,7,296,4419
4,1,6,7,296,4419
3,2,6,7,296,4419
2,3,6,7,296,4419
1,4,6,7,296,4419
0,5,6,7,296,4419
7,0,6,7,296,4419
6,0,6,7,296,4419
6,1,6,7,296,4419
5,1,6,7,296,4419
5,2,6,7,296,4419
4,2,6,7,296,4419
4,3,6,7,296,4419
3,3,6,7,296,4419
3,4,6,7,296,4419
2,4,6,7,296,4419
2,5,6,7,296,4419
1,5,6,7,296,4419
1,6,6,7,296,4419
9,0,6,7,296,4419
8,0,6,7,296,4419
8,1,6,7,296,4419
7,1,6,7,296,4419
7,2,6,7,296,4419
6,2,6,7,296,4419
6,3,6,7,296,4419
5,3,6,7,296,4419
5,4,6,7,296,4419
4,4,6,7,296,4419
4,5,6,7,296,4419
3,5,6,7,296,4419
3,6,6,7,296,4419
2,6,6,7,296,4419
2,7,6,7,296,4419
9,1,6,7,296,4419
9,2,6,7,296,4419
8,2,6,7,296,4419
8,3,6,7,296,4419
7,3,6,7,296,4419
7,4,6,7,296,4419
6,4,6,7,296,4419
6,5,6,7,296,4419
5,5,6,7,296,4419
5,6,6,7,296,4419
4,6,6,7,296,4419
4,7,6,7,296,4419
3,7,6,7,296,4419
3,8,6,7,296,4419
9,3,6,7,296,4419
9,4,6,7,296,4419
8,4,6,7,296,4419
8,5,6,7,296,4419
7,5,6,7,296,4419
7,6,6,7,296,4419
6,6,6,7,296,4419
6,7,6,7,296,4419
5,7,6,7,296,4419
5,8,6,7,296,4419
4,8,6,7,296,4419
4,9,6,7,296,4419
9,5,6,7,296,4419
9,6,6,7,296,4419
8,6,6,7,296,4419
8,7,6,7,296,4419
7,7,6,7,296,4419
7,8,6,7,296,4419
6,8,6,7,296,4419
6,9,6,7,296,4419
5,9,6,7,296,4419
0,0,5,6,297,4109
1,0,5,6,297,4109
0,1,5,6,297,4109
2,0,5,6,297,4109
1,1,5,6,297,4109
0,2,5,6,297,4109
3,0,5,6,297,4109
2,1,5,6,297,4109
1,2,5,6,297,4109
0,3,5,6,297,4109
5,0,5,6,297,4109
4,0,5,6,297,4109
4,1,5,6,297,4109
3,1,5,6,297,4109
3,2,5,6,297,4109
2,2,5,6,297,4109
2,3,5,6,297,4109
1,3,5,6,297,4109
1,4,5,6,297,4109
7,0,5,6,297,4109
6,0,5,6,297,4109
6,1,5,6,297,4109
5,1,5,6,297,4109
5,2,5,6,297,4109
4,2,5,6,297,4109
4,3,5,6,297,4109
3,3,5,6,297,4109
3,4,5,6,297,4109
2,4,5,6,297,4109
2,5,5,6,297,4109
9,0,5,6,297,4109
8,0,5,6,297,4109
8,1,5,6,297,4109
7,1,5,6,297,4109
7,2,5,6,297,4109
6,2,5,6,297,4109
6,3,5,6,297,4109
5,3,5,6,297,4109
5,4,5,6,297,4109
4,4,5,6,297,4109
4,5,5,6,297,4109
3,5,5,6,297,4109
3,6,5,6,297,4109
9,1,5,6,297,4109
9,2,5,6,297,4109
8,2,5,6,297,4109
8,3,5,6,297,4109
7,3,5,6,297,4109
7,4,5,6,297,4109
6,4,5,6,297,4109
6,5,5,6,297,4109
5,5,5,6,297,4109
5,6,5,6,297,4109
4,6,5,6,297,4109
4,7,5,6,297,4109
9,3,5,6,297,4109
9,4,5,6,297,4109
8,4,5,6,297,4109
8,5,5,6,297,4109
7,5,5,6,297,4109
7,6,5,6,297,4109
6,6,5,6,297,4109
6,7,5,6,297,4109
5,7,5,6,297,4109
5,8,5,6,297,4109
9,5,5,6,297,4109
9,6,5,6,297,4109
8,6,5,6,297,4109
8,7,5,6,297,4109
7,7,5,6,297,4109
7,8,5,6,297,4109
6,8,5,6,297,4109
6,9,5,6,297,4109
0,0,9,6,298,3755
1,0,9,6,298,3755
0,1,9,6,298,3755
3,0,9,6,298,3755
2,0,9,6,298,3755
2,1,9,6,298,3755
1,1,9,6,298,3755
1,2,9,6,298,3755
5,0,9,6,298,3755
4,0,9,6,298,3755
4,1,9,6,298,3755
3,1,9,6,298,3755
3,2,9,6,298,3755
2,2,9,6,298,3755
2,3,9,6,298,3755
7,0,9,6,298,3755
6,0,9,6,298,3755
6,1,9,6,298,3755
5,1,9,6,298,3755
5,2,9,6,298,3755
4,2,9,6,298,3755
4,3,9,6,298,3755
3,3,9,6,298,3755
3,4,9,6,298,3755
9,0,9,6,298,3755
8,0,9,6,298,3755
8,1,9,6,298,3755
7,1,9,6,298,3755
7,2,9,6,298,3755
6,2,9,6,298,3755
6,3,9,6,298,3755
5,3,9,6,298,3755
5,4,9,6,298,3755
4,4,9,6,298,3755
4,5,9,6,298,3755
9,1,9,6,298,3755
9,2,9,6,298,3755
8,2,9,6,298,3755
8,3,9,6,298,3755
7,3,9,6,298,3755
7,4,9,6,298,3755
6,4,9,6,298,3755
6,5,9,6,298,3755
5,5,9,6,298,3755
5,6,9,6,298,3755
9,3,9,6,298,3755
9,4,9,6,298,3755
8,4,9,6,298,3755
8,5,9,6,298,3755
7,5,9,6,298,3755
7,6,9,6,298,3755
6,6,9,6,298,3755
6,7,9,6,298,3755
9,5,9,6,298,3755
9,6,9,6,298,3755
8,6,9,6,298,3755
8,7,9,6,298,3755
7,7,9,6,298,3755
7,8,9,6,298,3755
1,0,9,6,299,3380
3,0,9,6,299,3380
2,0,9,6,299,3380
2,1,9,6,299,3380
5,0,9,6,299,3380
4,0,9,6,299,3380
4,1,9,6,299,3380
3,1,9,6,299,3380
3,2,9,6,299,3380
7,0,9,6,299,3380
6,0,9,6,299,3380
6,1,9,6,299,3380
5,1,9,6,299,3380
5,2,9,6,299,3380
4,2,9,6,299,3380
4,3,9,6,299,3380
9,0,9,6,299,3380
8,0,9,6,299,3380
8,1,9,6,299,3380
7,1,9,6,299,3380
7,2,9,6,299,3380
6,2,9,6,299,3380
6,3,9,6,299,3380
5,3,9,6,299,3380
5,4,9,6,299,3380
9,1,9,6,299,3380
9,2,9,6,299,3380
8,2,9,6,299,3380
8,3,9,6,299,3380
7,3,9,6,299,3380
7,4,9,6,299,3380
6,4,9,6,299,3380
6,5,9,6,299,3380
9,3,9,6,299,3380
9,4,9,6,299,3380
8,4,9,6,299,3380
8,5,9,6,299,3380
7,5,9,6,299,3380
7,6,9,6,299,3380
9,5,9,6,299,3380
9,6,9,6,299,3380
8,6,9,6,299,3380
8,7,9,6,299,3380
3,0,9,6,300,2977
5,0,9,6,300,2977
4,0,9,6,300,2977
4,1,9,6,300,2977
7,0,9,6,300,2977
6,0,9,6,300,2977
6,1,9,6,300,2977
5,1,9,6,300,2977
5,2,9,6,300,2977
9,0,9,6,300,2977
8,0,9,6,300,2977
8,1,9,6,300,2977
7,1,9,6,300,2977
7,2,9,6,300,2977
6,2,9,6,300,2977
6,3,9,6,300,2977
9,1,9,6,300,2977
9,2,9,6,300,2977
8,2,9,6,300,2977
8,3,9,6,300,2977
7,3,9,6,300,2977
7,4,9,6,300,2977
9,3,9,6,300,2977
9,4,9,6,300,2977
8,4,9,6,300,2977
8,5,9,6,300,2977
9,5,9,6,300,2977
9,6,9,6,300,2977
4,1,9,6,301,2565
6,1,9,6,301,2565
5,0,9,6,301,2565
5,2,9,6,301,2565
8,1,9,6,301,2565
7,0,9,6,301,2565
7,2,9,6,301,2565
6,0,9,6,301,2565
6,3,9,6,301,2565
9,1,9,6,301,2565
9,0,9,6,301,2565
9,2,9,6,301,2565
8,0,9,6,301,2565
8,3,9,6,301,2565
7,1,9,6,301,2565
7,4,9,6,301,2565
8,2,9,6,301,2565
9,3,9,6,301,2565
9,4,9,6,301,2565
8,5,9,6,301,2565
5,1,9,6,301,2565
6,2,9,6,301,2565
7,3,9,6,301,2565
8,4,9,6,301,2565
9,5,9,6,301,2565
9,6,9,6,301,2565
2,1,9,6,302,2986
4,1,9,6,302,2986
3,0,9,6,302,2986
3,2,9,6,302,2986
6,1,9,6,302,2986
5,0,9,6,302,2986
5,2,9,6,302,2986
4,0,9,6,302,2986
4,3,9,6,302,2986
8,1,9,6,302,2986
7,0,9,6,302,2986
7,2,9,6,302,2986
6,0,9,6,302,2986
6,3,9,6,302,2986
5,1,9,6,302,2986
5,4,9,6,302,2986
9,1,9,6,302,2986
9,0,9,6,302,2986
9,2,9,6,302,2986
8,0,9,6,302,2986
8,3,9,6,302,2986
7,1,9,6,302,2986
7,4,9,6,302,2986
6,2,9,6,302,2986
6,5,9,6,302,2986
8,2,9,6,302,2986
9,3,9,6,302,2986
9,4,9,6,302,2986
8,5,9,6,302,2986
7,3,9,6,302,2986
7,6,9,6,302,2986
8,4,9,6,302,2986
9,5,9,6,302,2986
9,6,9,6,302,2986
8,7,9,6,302,2986
3,2,9,6,303,2571
5,2,9,6,303,2571
4,1,9,6,303,2571
4,3,9,6,303,2571
7,2,9,6,303,2571
6,1,9,6,303,2571
6,3,9,6,303,2571
5,0,9,6,303,2571
5,4,9,6,303,2571
9,2,9,6,303,2571
8,1,9,6,303,2571
8,3,9,6,303,2571
7,0,9,6,303,2571
7,4,9,6,303,2571
6,0,9,6,303,2571
6,5,9,6,303,2571
8,2,9,6,303,2571
9,1,9,6,303,2571
9,3,9,6,303,2571
9,0,9,6,303,2571
9,4,9,6,303,2571
8,0,9,6,303,2571
8,5,9,6,303,2571
7,1,9,6,303,2571
7,6,9,6,303,2571
6,2,9,6,303,2571
7,3,9,6,303,2571
8,4,9,6,303,2571
9,5,9,6,303,2571
9,6,9,6,303,2571
8,7,9,6,303,2571
2,3,6,7,304,2571
4,3,6,7,304,2571
3,2,6,7,304,2571
3,4,6,7,304,2571
6,3,6,7,304,2571
5,2,6,7,304,2571
5,4,6,7,304,2571
4,1,6,7,304,2571
4,5,6,7,304,2571
8,3,6,7,304,2571
7,2,6,7,304,2571
7,4,6,7,304,2571
6,1,6,7,304,2571
6,5,6,7,304,2571
5,0,6,7,304,2571
5,6,6,7,304,2571
9,3,6,7,304,2571
9,2,6,7,304,2571
9,4,6,7,304,2571
8,1,6,7,304,2571
8,5,6,7,304,2571
7,0,6,7,304,2571
7,6,6,7,304,2571
6,0,6,7,304,2571
6,7,6,7,304,2571
7,3,6,7,304,2571
8,2,6,7,304,2571
8,4,6,7,304,2571
9,1,6,7,304,2571
9,5,6,7,304,2571
9,0,6,7,304,2571
9,6,6,7,304,2571
8,0,6,7,304,2571
8,7,6,7,304,2571
7,1,6,7,304,2571
7,8,6,7,304,2571
0,1,4,5,305,3760
1,1,4,5,305,3760
0,0,4,5,305,3760
0,2,4,5,305,3760
2,1,4,5,305,3760
1,0,4,5,305,3760
1,2,4,5,305,3760
0,3,4,5,305,3760
4,1,4,5,305,3760
3,0,4,5,305,3760
3,2,4,5,305,3760
2,0,4,5,305,3760
2,3,4,5,305,3760
1,4,4,5,305,3760
6,1,4,5,305,3760
5,0,4,5,305,3760
5,2,4,5,305,3760
4,0,4,5,305,3760
4,3,4,5,305,3760
3,1,4,5,305,3760
3,4,4,5,305,3760
2,2,4,5,305,3760
2,5,4,5,305,3760
8,1,4,5,305,3760
7,0,4,5,305,3760
7,2,4,5,305,3760
6,0,4,5,305,3760
6,3,4,5,305,3760
5,1,4,5,305,3760
5,4,4,5,305,3760
4,2,4,5,305,3760
4,5,4,5,305,3760
3,3,4,5,305,3760
3,6,4,5,305,3760
9,1,4,5,305,3760
9,0,4,5,305,3760
9,2,4,5,305,3760
8,0,4,5,305,3760
8,3,4,5,305,3760
7,1,4,5,305,3760
7,4,4,5,305,3760
6,2,4,5,305,3760
6,5,4,5,305,3760
5,3,4,5,305,3760
5,6,4,5,305,3760
4,4,4,5,305,3760
4,7,4,5,305,3760
8,2,4,5,305,3760
9,3,4,5,305,3760
9,4,4,5,305,3760
8,5,4,5,305,3760
7,3,4,5,305,3760
7,6,4,5,305,3760
6,4,4,5,305,3760
6,7,4,5,305,3760
5,5,4,5,305,3760
5,8,4,5,305,3760
8,4,4,5,305,3760
9,5,4,5,305,3760
9,6,4,5,305,3760
8,7,4,5,305,3760
7,5,4,5,305,3760
7,8,4,5,305,3760
6,6,4,5,305,3760
6,9,4,5,305,3760
0,3,7,8,306,2986
2,3,7,8,306,2986
1,2,7,8,306,2986
1,4,7,8,306,2986
4,3,7,8,306,2986
3,2,7,8,306,2986
3,4,7,8,306,2986
2,1,7,8,306,2986
2,5,7,8,306,2986
6,3,7,8,306,2986
5,2,7,8,306,2986
5,4,7,8,306,2986
4,1,7,8,306,2986
4,5,7,8,306,2986
3,0,7,8,306,2986
3,6,7,8,306,2986
8,3,7,8,306,2986
7,2,7,8,306,2986
7,4,7,8,306,2986
6,1,7,8,306,2986
6,5,7,8,306,2986
5,0,7,8,306,2986
5,6,7,8,306,2986
4,0,7,8,306,2986
4,7,7,8,306,2986
9,3,7,8,306,2986
9,2,7,8,306,2986
9,4,7,8,306,2986
8,1,7,8,306,2986
8,5,7,8,306,2986
7,0,7,8,306,2986
7,6,7,8,306,2986
6,0,7,8,306,2986
6,7,7,8,306,2986
5,1,7,8,306,2986
5,8,7,8,306,2986
7,3,7,8,306,2986
8,2,7,8,306,2986
8,4,7,8,306,2986
9,1,7,8,306,2986
9,5,7,8,306,2986
9,0,7,8,306,2986
9,6,7,8,306,2986
8,0,7,8,306,2986
8,7,7,8,306,2986
7,1,7,8,306,2986
7,8,7,8,306,2986
6,2,7,8,306,2986
6,9,7,8,306,2986
1,4,7,8,307,2571
3,4,7,8,307,2571
2,3,7,8,307,2571
2,5,7,8,307,2571
5,4,7,8,307,2571
4,3,7,8,307,2571
4,5,7,8,307,2571
3,2,7,8,307,2571
3,6,7,8,307,2571
7,4,7,8,307,2571
6,3,7,8,307,2571
6,5,7,8,307,2571
5,2,7,8,307,2571
5,6,7,8,307,2571
4,1,7,8,307,2571
4,7,7,8,307,2571
9,4,7,8,307,2571
8,3,7,8,307,2571
8,5,7,8,307,2571
7,2,7,8,307,2571
7,6,7,8,307,2571
6,1,7,8,307,2571
6,7,7,8,307,2571
5,0,7,8,307,2571
5,8,7,8,307,2571
8,4,7,8,307,2571
9,3,7,8,307,2571
9,5,7,8,307,2571
9,2,7,8,307,2571
9,6,7,8,307,2571
8,1,7,8,307,2571
8,7,7,8,307,2571
7,0,7,8,307,2571
7,8,7,8,307,2571
6,0,7,8,307,2571
6,9,7,8,307,2571
0,1,6,7,308,4084
1,1,6,7,308,4084
0,0,6,7,308,4084
0,2,6,7,308,4084
2,1,6,7,308,4084
1,0,6,7,308,4084
1,2,6,7,308,4084
0,3,6,7,308,4084
3,1,6,7,308,4084
2,0,6,7,308,4084
2,2,6,7,308,4084
1,3,6,7,308,4084
0,4,6,7,308,4084
4,1,6,7,308,4084
3,0,6,7,308,4084
3,2,6,7,308,4084
2,3,6,7,308,4084
1,4,6,7,308,4084
0,5,6,7,308,4084
6,1,6,7,308,4084
5,0,6,7,308,4084
5,2,6,7,308,4084
4,0,6,7,308,4084
4,3,6,7,308,4084
3,4,6,7,308,4084
2,5,6,7,308,4084
1,6,6,7,308,4084
8,1,6,7,308,4084
7,0,6,7,308,4084
7,2,6,7,308,4084
6,0,6,7,308,4084
6,3,6,7,308,4084
5,1,6,7,308,4084
5,4,6,7,308,4084
4,2,6,7,308,4084
4,5,6,7,308,4084
3,3,6,7,308,4084
3,6,6,7,308,4084
2,4,6,7,308,4084
2,7,6,7,308,4084
9,1,6,7,308,4084
9,0,6,7,308,4084
9,2,6,7,308,4084
8,0,6,7,308,4084
8,3,6,7,308,4084
7,1,6,7,308,4084
7,4,6,7,308,4084
6,2,6,7,308,4084
6,5,6,7,308,4084
5,3,6,7,308,4084
5,6,6,7,308,4084
4,4,6,7,308,4084
4,7,6,7,308,4084
3,5,6,7,308,4084
3,8,6,7,308,4084
8,2,6,7,308,4084
9,3,6,7,308,4084
9,4,6,7,308,4084
8,5,6,7,308,4084
7,3,6,7,308,4084
7,6,6,7,308,4084
6,4,6,7,308,4084
6,7,6,7,308,4084
5,5,6,7,308,4084
5,8,6,7,308,4084
4,6,6,7,308,4084
4,9,6,7,308,4084
8,4,6,7,308,4084
9,5,6,7,308,4084
9,6,6,7,308,4084
8,7,6,7,308,4084
7,5,6,7,308,4084
7,8,6,7,308,4084
6,6,6,7,308,4084
6,9,6,7,308,4084
5,7,6,7,308,4084
5,9,6,7,308,4084
0,3,7,8,309,3379
1,3,7,8,309,3379
0,2,7,8,309,3379
0,4,7,8,309,3379
2,3,7,8,309,3379
1,2,7,8,309,3379
1,4,7,8,309,3379
0,1,7,8,309,3379
0,5,7,8,309,3379
4,3,7,8,309,3379
3,2,7,8,309,3379
3,4,7,8,309,3379
2,1,7,8,309,3379
2,5,7,8,309,3379
1,0,7,8,309,3379
1,6,7,8,309,3379
6,3,7,8,309,3379
5,2,7,8,309,3379
5,4,7,8,309,3379
4,1,7,8,309,3379
4,5,7,8,309,3379
3,0,7,8,309,3379
3,6,7,8,309,3379
2,0,7,8,309,3379
2,7,7,8,309,3379
8,3,7,8,309,3379
7,2,7,8,309,3379
7,4,7,8,309,3379
6,1,7,8,309,3379
6,5,7,8,309,3379
5,0,7,8,309,3379
5,6,7,8,309,3379
4,0,7,8,309,3379
4,7,7,8,309,3379
3,1,7,8,309,3379
3,8,7,8,309,3379
9,3,7,8,309,3379
9,2,7,8,309,3379
9,4,7,8,309,3379
8,1,7,8,309,3379
8,5,7,8,309,3379
7,0,7,8,309,3379
7,6,7,8,309,3379
6,0,7,8,309,3379
6,7,7,8,309,3379
5,1,7,8,309,3379
5,8,7,8,309,3379
4,2,7,8,309,3379
4,9,7,8,309,3379
7,3,7,8,309,3379
8,2,7,8,309,3379
8,4,7,8,309,3379
9,1,7,8,309,3379
9,5,7,8,309,3379
9,0,7,8,309,3379
9,6,7,8,309,3379
8,0,7,8,309,3379
8,7,7,8,309,3379
7,1,7,8,309,3379
7,8,7,8,309,3379
6,2,7,8,309,3379
6,9,7,8,309,3379
5,3,7,8,309,3379
5,9,7,8,309,3379
0,4,7,8,310,2991
1,4,7,8,310,2991
0,3,7,8,310,2991
0,5,7,8,310,2991
3,4,7,8,310,2991
2,3,7,8,310,2991
2,5,7,8,310,2991
1,2,7,8,310,2991
1,6,7,8,310,2991
5,4,7,8,310,2991
4,3,7,8,310,2991
4,5,7,8,310,2991
3,2,7,8,310,2991
3,6,7,8,310,2991
2,1,7,8,310,2991
2,7,7,8,310,2991
7,4,7,8,310,2991
6,3,7,8,310,2991
6,5,7,8,310,2991
5,2,7,8,310,2991
5,6,7,8,310,2991
4,1,7,8,310,2991
4,7,7,8,310,2991
3,0,7,8,310,2991
3,8,7,8,310,2991
9,4,7,8,310,2991
8,3,7,8,310,2991
8,5,7,8,310,2991
7,2,7,8,310,2991
7,6,7,8,310,2991
6,1,7,8,310,2991
6,7,7,8,310,2991
5,0,7,8,310,2991
5,8,7,8,310,2991
4,0,7,8,310,2991
4,9,7,8,310,2991
8,4,7,8,310,2991
9,3,7,8,310,2991
9,5,7,8,310,2991
9,2,7,8,310,2991
9,6,7,8,310,2991
8,1,7,8,310,2991
8,7,7,8,310,2991
7,0,7,8,310,2991
7,8,7,8,310,2991
6,0,7,8,310,2991
6,9,7,8,310,2991
5,1,7,8,310,2991
5,9,7,8,310,2991
0,1,7,8,311,4400
1,1,7,8,311,4400
0,0,7,8,311,4400
0,2,7,8,311,4400
2,1,7,8,311,4400
1,0,7,8,311,4400
1,2,7,8,311,4400
0,3,7,8,311,4400
3,1,7,8,311,4400
2,0,7,8,311,4400
2,2,7,8,311,4400
1,3,7,8,311,4400
0,4,7,8,311,4400
4,1,7,8,311,4400
3,0,7,8,311,4400
3,2,7,8,311,4400
2,3,7,8,311,4400
1,4,7,8,311,4400
0,5,7,8,311,4400
5,1,7,8,311,4400
4,0,7,8,311,4400
4,2,7,8,311,4400
3,3,7,8,311,4400
2,4,7,8,311,4400
1,5,7,8,311,4400
0,6,7,8,311,4400
6,1,7,8,311,4400
5,0,7,8,311,4400
5,2,7,8,311,4400
4,3,7,8,311,4400
3,4,7,8,311,4400
2,5,7,8,311,4400
1,6,7,8,311,4400
0,7,7,8,311,4400
8,1,7,8,311,4400
7,0,7,8,311,4400
7,2,7,8,311,4400
6,0,7,8,311,4400
6,3,7,8,311,4400
5,4,7,8,311,4400
4,5,7,8,311,4400
3,6,7,8,311,4400
2,7,7,8,311,4400
1,8,7,8,311,4400
9,1,7,8,311,4400
9,0,7,8,311,4400
9,2,7,8,311,4400
8,0,7,8,311,4400
8,3,7,8,311,4400
7,1,7,8,311,4400
7,4,7,8,311,4400
6,2,7,8,311,4400
6,5,7,8,311,4400
5,3,7,8,311,4400
5,6,7,8,311,4400
4,4,7,8,311,4400
4,7,7,8,311,4400
3,5,7,8,311,4400
3,8,7,8,311,4400
2,6,7,8,311,4400
2,9,7,8,311,4400
8,2,7,8,311,4400
9,3,7,8,311,4400
9,4,7,8,311,4400
8,5,7,8,311,4400
7,3,7,8,311,4400
7,6,7,8,311,4400
6,4,7,8,311,4400
6,7,7,8,311,4400
5,5,7,8,311,4400
5,8,7,8,311,4400
4,6,7,8,311,4400
4,9,7,8,311,4400
3,7,7,8,311,4400
3,9,7,8,311,4400
8,4,7,8,311,4400
9,5,7,8,311,4400
9,6,7,8,311,4400
8,7,7,8,311,4400
7,5,7,8,311,4400
7,8,7,8,311,4400
6,6,7,8,311,4400
6,9,7,8,311,4400
5,7,7,8,311,4400
5,9,7,8,311,4400
4,8,7,8,311,4400
0,2,7,8,312,4084
1,2,7,8,312,4084
0,1,7,8,312,4084
0,3,7,8,312,4084
2,2,7,8,312,4084
1,1,7,8,312,4084
1,3,7,8,312,4084
0,0,7,8,312,4084
0,4,7,8,312,4084
3,2,7,8,312,4084
2,1,7,8,312,4084
2,3,7,8,312,4084
1,0,7,8,312,4084
1,4,7,8,312,4084
0,5,7,8,312,4084
4,2,7,8,312,4084
3,1,7,8,312,4084
3,3,7,8,312,4084
2,0,7,8,312,4084
2,4,7,8,312,4084
1,5,7,8,312,4084
0,6,7,8,312,4084
5,2,7,8,312,4084
4,1,7,8,312,4084
4,3,7,8,312,4084
3,0,7,8,312,4084
3,4,7,8,312,4084
2,5,7,8,312,4084
1,6,7,8,312,4084
0,7,7,8,312,4084
7,2,7,8,312,4084
6,1,7,8,312,4084
6,3,7,8,312,4084
5,0,7,8,312,4084
5,4,7,8,312,4084
4,0,7,8,312,4084
4,5,7,8,312,4084
3,6,7,8,312,4084
2,7,7,8,312,4084
1,8,7,8,312,4084
9,2,7,8,312,4084
8,1,7,8,312,4084
8,3,7,8,312,4084
7,0,7,8,312,4084
7,4,7,8,312,4084
6,0,7,8,312,4084
6,5,7,8,312,4084
5,1,7,8,312,4084
5,6,7,8,312,4084
4,7,7,8,312,4084
3,8,7,8,312,4084
2,9,7,8,312,4084
8,2,7,8,312,4084
9,1,7,8,312,4084
9,3,7,8,312,4084
9,0,7,8,312,4084
9,4,7,8,312,4084
8,0,7,8,312,4084
8,5,7,8,312,4084
7,1,7,8,312,4084
7,6,7,8,312,4084
6,2,7,8,312,4084
6,7,7,8,312,4084
5,3,7,8,312,4084
5,8,7,8,312,4084
4,4,7,8,312,4084
4,9,7,8,312,4084
3,5,7,8,312,4084
3,9,7,8,312,4084
7,3,7,8,312,4084
8,4,7,8,312,4084
9,5,7,8,312,4084
9,6,7,8,312,4084
8,7,7,8,312,4084
7,8,7,8,312,4084
6,4,7,8,312,4084
6,9,7,8,312,4084
5,5,7,8,312,4084
5,9,7,8,312,4084
4,6,7,8,312,4084
4,8,7,8,312,4084
0,3,7,8,313,3745
1,3,7,8,313,3745
0,2,7,8,313,3745
0,4,7,8,313,3745
2,3,7,8,313,3745
1,2,7,8,313,3745
1,4,7,8,313,3745
0,1,7,8,313,3745
0,5,7,8,313,3745
3,3,7,8,313,3745
2,2,7,8,313,3745
2,4,7,8,313,3745
1,1,7,8,313,3745
1,5,7,8,313,3745
0,0,7,8,313,3745
0,6,7,8,313,3745
4,3,7,8,313,3745
3,2,7,8,313,3745
3,4,7,8,313,3745
2,1,7,8,313,3745
2,5,7,8,313,3745
1,0,7,8,313,3745
1,6,7,8,313,3745
0,7,7,8,313,3745
6,3,7,8,313,3745
5,2,7,8,313,3745
5,4,7,8,313,3745
4,1,7,8,313,3745
4,5,7,8,313,3745
3,0,7,8,313,3745
3,6,7,8,313,3745
2,0,7,8,313,3745
2,7,7,8,313,3745
1,8,7,8,313,3745
8,3,7,8,313,3745
7,2,7,8,313,3745
7,4,7,8,313,3745
6,1,7,8,313,3745
6,5,7,8,313,3745
5,0,7,8,313,3745
5,6,7,8,313,3745
4,0,7,8,313,3745
4,7,7,8,313,3745
3,1,7,8,313,3745
3,8,7,8,313,3745
2,9,7,8,313,3745
9,3,7,8,313,3745
9,2,7,8,313,3745
9,4,7,8,313,3745
8,1,7,8,313,3745
8,5,7,8,313,3745
7,0,7,8,313,3745
7,6,7,8,313,3745
6,0,7,8,313,3745
6,7,7,8,313,3745
5,1,7,8,313,3745
5,8,7,8,313,3745
4,2,7,8,313,3745
4,9,7,8,313,3745
3,9,7,8,313,3745
7,3,7,8,313,3745
8,2,7,8,313,3745
8,4,7,8,313,3745
9,1,7,8,313,3745
9,5,7,8,313,3745
9,0,7,8,313,3745
9,6,7,8,313,3745
8,0,7,8,313,3745
8,7,7,8,313,3745
7,1,7,8,313,3745
7,8,7,8,313,3745
6,2,7,8,313,3745
6,9,7,8,313,3745
5,3,7,8,313,3745
5,9,7,8,313,3745
4,4,7,8,313,3745
4,8,7,8,313,3745
0,4,7,8,314,3381
1,4,7,8,314,3381
0,3,7,8,314,3381
0,5,7,8,314,3381
2,4,7,8,314,3381
1,3,7,8,314,3381
1,5,7,8,314,3381
0,2,7,8,314,3381
0,6,7,8,314,3381
3,4,7,8,314,3381
2,3,7,8,314,3381
2,5,7,8,314,3381
1,2,7,8,314,3381
1,6,7,8,314,3381
0,1,7,8,314,3381
0,7,7,8,314,3381
5,4,7,8,314,3381
4,3,7,8,314,3381
4,5,7,8,314,3381
3,2,7,8,314,3381
3,6,7,8,314,3381
2,1,7,8,314,3381
2,7,7,8,314,3381
1,0,7,8,314,3381
1,8,7,8,314,3381
7,4,7,8,314,3381
6,3,7,8,314,3381
6,5,7,8,314,3381
5,2,7,8,314,3381
5,6,7,8,314,3381
4,1,7,8,314,3381
4,7,7,8,314,3381
3,0,7,8,314,3381
3,8,7,8,314,3381
2,0,7,8,314,3381
2,9,7,8,314,3381
9,4,7,8,314,3381
8,3,7,8,314,3381
8,5,7,8,314,3381
7,2,7,8,314,3381
7,6,7,8,314,3381
6,1,7,8,314,3381
6,7,7,8,314,3381
5,0,7,8,314,3381
5,8,7,8,314,3381
4,0,7,8,314,3381
4,9,7,8,314,3381
3,1,7,8,314,3381
3,9,7,8,314,3381
8,4,7,8,314,3381
9,3,7,8,314,3381
9,5,7,8,314,3381
9,2,7,8,314,3381
9,6,7,8,314,3381
8,1,7,8,314,3381
8,7,7,8,314,3381
7,0,7,8,314,3381
7,8,7,8,314,3381
6,0,7,8,314,3381
6,9,7,8,314,3381
5,1,7,8,314,3381
5,9,7,8,314,3381
4,2,7,8,314,3381
4,8,7,8,314,3381
0,5,7,8,315,2992
1,5,7,8,315,2992
0,4,7,8,315,2992
0,6,7,8,315,2992
2,5,7,8,315,2992
1,4,7,8,315,2992
1,6,7,8,315,2992
0,3,7,8,315,2992
0,7,7,8,315,2992
4,5,7,8,315,2992
3,4,7,8,315,2992
3,6,7,8,315,2992
2,3,7,8,315,2992
2,7,7,8,315,2992
1,2,7,8,315,2992
1,8,7,8,315,2992
6,5,7,8,315,2992
5,4,7,8,315,2992
5,6,7,8,315,2992
4,3,7,8,315,2992
4,7,7,8,315,2992
3,2,7,8,315,2992
3,8,7,8,315,2992
2,1,7,8,315,2992
2,9,7,8,315,2992
8,5,7,8,315,2992
7,4,7,8,315,2992
7,6,7,8,315,2992
6,3,7,8,315,2992
6,7,7,8,315,2992
5,2,7,8,315,2992
5,8,7,8,315,2992
4,1,7,8,315,2992
4,9,7,8,315,2992
3,0,7,8,315,2992
3,9,7,8,315,2992
9,5,7,8,315,2992
9,4,7,8,315,2992
9,6,7,8,315,2992
8,3,7,8,315,2992
8,7,7,8,315,2992
7,2,7,8,315,2992
7,8,7,8,315,2992
6,1,7,8,315,2992
6,9,7,8,315,2992
5,0,7,8,315,2992
5,9,7,8,315,2992
4,0,7,8,315,2992
4,8,7,8,315,2992
0,6,7,8,316,2574
1,6,7,8,316,2574
0,5,7,8,316,2574
0,7,7,8,316,2574
3,6,7,8,316,2574
2,5,7,8,316,2574
2,7,7,8,316,2574
1,4,7,8,316,2574
1,8,7,8,316,2574
5,6,7,8,316,2574
4,5,7,8,316,2574
4,7,7,8,316,2574
3,4,7,8,316,2574
3,8,7,8,316,2574
2,3,7,8,316,2574
2,9,7,8,316,2574
7,6,7,8,316,2574
6,5,7,8,316,2574
6,7,7,8,316,2574
5,4,7,8,316,2574
5,8,7,8,316,2574
4,3,7,8,316,2574
4,9,7,8,316,2574
3,2,7,8,316,2574
3,9,7,8,316,2574
9,6,7,8,316,2574
8,5,7,8,316,2574
8,7,7,8,316,2574
7,4,7,8,316,2574
7,8,7,8,316,2574
6,3,7,8,316,2574
6,9,7,8,316,2574
5,2,7,8,316,2574
5,9,7,8,316,2574
4,1,7,8,316,2574
4,8,7,8,316,2574
0,2,7,8,317,4403
1,2,7,8,317,4403
0,1,7,8,317,4403
0,3,7,8,317,4403
2,2,7,8,317,4403
1,1,7,8,317,4403
1,3,7,8,317,4403
0,0,7,8,317,4403
0,4,7,8,317,4403
3,2,7,8,317,4403
2,1,7,8,317,4403
2,3,7,8,317,4403
1,0,7,8,317,4403
1,4,7,8,317,4403
0,5,7,8,317,4403
4,2,7,8,317,4403
3,1,7,8,317,4403
3,3,7,8,317,4403
2,0,7,8,317,4403
2,4,7,8,317,4403
1,5,7,8,317,4403
0,6,7,8,317,4403
5,2,7,8,317,4403
4,1,7,8,317,4403
4,3,7,8,317,4403
3,0,7,8,317,4403
3,4,7,8,317,4403
2,5,7,8,317,4403
1,6,7,8,317,4403
0,7,7,8,317,4403
6,2,7,8,317,4403
5,1,7,8,317,4403
5,3,7,8,317,4403
4,0,7,8,317,4403
4,4,7,8,317,4403
3,5,7,8,317,4403
2,6,7,8,317,4403
1,7,7,8,317,4403
0,8,7,8,317,4403
7,2,7,8,317,4403
6,1,7,8,317,4403
6,3,7,8,317,4403
5,0,7,8,317,4403
5,4,7,8,317,4403
4,5,7,8,317,4403
3,6,7,8,317,4403
2,7,7,8,317,4403
1,8,7,8,317,4403
0,9,7,8,317,4403
9,2,7,8,317,4403
8,1,7,8,317,4403
8,3,7,8,317,4403
7,0,7,8,317,4403
7,4,7,8,317,4403
6,0,7,8,317,4403
6,5,7,8,317,4403
5,6,7,8,317,4403
4,7,7,8,317,4403
3,8,7,8,317,4403
2,9,7,8,317,4403
1,9,7,8,317,4403
8,2,7,8,317,4403
9,1,7,8,317,4403
9,3,7,8,317,4403
9,0,7,8,317,4403
9,4,7,8,317,4403
8,0,7,8,317,4403
8,5,7,8,317,4403
7,1,7,8,317,4403
7,6,7,8,317,4403
6,7,7,8,317,4403
5,8,7,8,317,4403
4,9,7,8,317,4403
3,9,7,8,317,4403
2,8,7,8,317,4403
7,3,7,8,317,4403
8,4,7,8,317,4403
9,5,7,8,317,4403
9,6,7,8,317,4403
8,7,7,8,317,4403
7,8,7,8,317,4403
6,4,7,8,317,4403
6,9,7,8,317,4403
5,5,7,8,317,4403
5,9,7,8,317,4403
4,6,7,8,317,4403
4,8,7,8,317,4403
3,7,7,8,317,4403
0,4,7,8,318,3746
1,4,7,8,318,3746
0,3,7,8,318,3746
0,5,7,8,318,3746
2,4,7,8,318,3746
1,3,7,8,318,3746
1,5,7,8,318,3746
0,2,7,8,318,3746
0,6,7,8,318,3746
3,4,7,8,318,3746
2,3,7,8,318,3746
2,5,7,8,318,3746
1,2,7,8,318,3746
1,6,7,8,318,3746
0,1,7,8,318,3746
0,7,7,8,318,3746
4,4,7,8,318,3746
3,3,7,8,318,3746
3,5,7,8,318,3746
2,2,7,8,318,3746
2,6,7,8,318,3746
1,1,7,8,318,3746
1,7,7,8,318,3746
0,0,7,8,318,3746
0,8,7,8,318,3746
5,4,7,8,318,3746
4,3,7,8,318,3746
4,5,7,8,318,3746
3,2,7,8,318,3746
3,6,7,8,318,3746
2,1,7,8,318,3746
2,7,7,8,318,3746
1,0,7,8,318,3746
1,8,7,8,318,3746
0,9,7,8,318,3746
7,4,7,8,318,3746
6,3,7,8,318,3746
6,5,7,8,318,3746
5,2,7,8,318,3746
5,6,7,8,318,3746
4,1,7,8,318,3746
4,7,7,8,318,3746
3,0,7,8,318,3746
3,8,7,8,318,3746
2,0,7,8,318,3746
2,9,7,8,318,3746
1,9,7,8,318,3746
9,4,7,8,318,3746
8,3,7,8,318,3746
8,5,7,8,318,3746
7,2,7,8,318,3746
7,6,7,8,318,3746
6,1,7,8,318,3746
6,7,7,8,318,3746
5,0,7,8,318,3746
5,8,7,8,318,3746
4,0,7,8,318,3746
4,9,7,8,318,3746
3,1,7,8,318,3746
3,9,7,8,318,3746
2,8,7,8,318,3746
8,4,7,8,318,3746
9,3,7,8,318,3746
9,5,7,8,318,3746
9,2,7,8,318,3746
9,6,7,8,318,3746
8,1,7,8,318,3746
8,7,7,8,318,3746
7,0,7,8,318,3746
7,8,7,8,318,3746
6,0,7,8,318,3746
6,9,7,8,318,3746
5,1,7,8,318,3746
5,9,7,8,318,3746
4,2,7,8,318,3746
4,8,7,8,318,3746
3,7,7,8,318,3746
0,5,7,8,319,3381
1,5,7,8,319,3381
0,4,7,8,319,3381
0,6,7,8,319,3381
2,5,7,8,319,3381
1,4,7,8,319,3381
1,6,7,8,319,3381
0,3,7,8,319,3381
0,7,7,8,319,3381
3,5,7,8,319,3381
2,4,7,8,319,3381
2,6,7,8,319,3381
1,3,7,8,319,3381
1,7,7,8,319,3381
0,2,7,8,319,3381
0,8,7,8,319,3381
4,5,7,8,319,3381
3,4,7,8,319,3381
3,6,7,8,319,3381
2,3,7,8,319,3381
2,7,7,8,319,3381
1,2,7,8,319,3381
1,8,7,8,319,3381
0,1,7,8,319,3381
0,9,7,8,319,3381
6,5,7,8,319,3381
5,4,7,8,319,3381
5,6,7,8,319,3381
4,3,7,8,319,3381
4,7,7,8,319,3381
3,2,7,8,319,3381
3,8,7,8,319,3381
2,1,7,8,319,3381
2,9,7,8,319,3381
1,0,7,8,319,3381
1,9,7,8,319,3381
8,5,7,8,319,3381
7,4,7,8,319,3381
7,6,7,8,319,3381
6,3,7,8,319,3381
6,7,7,8,319,3381
5,2,7,8,319,3381
5,8,7,8,319,3381
4,1,7,8,319,3381
4,9,7,8,319,3381
3,0,7,8,319,3381
3,9,7,8,319,3381
2,0,7,8,319,3381
2,8,7,8,319,3381
9,5,7,8,319,3381
9,4,7,8,319,3381
9,6,7,8,319,3381
8,3,7,8,319,3381
8,7,7,8,319,3381
7,2,7,8,319,3381
7,8,7,8,319,3381
6,1,7,8,319,3381
6,9,7,8,319,3381
5,0,7,8,319,3381
5,9,7,8,319,3381
4,0,7,8,319,3381
4,8,7,8,319,3381
3,1,7,8,319,3381
3,7,7,8,319,3381
0,6,7,8,320,2991
1,6,7,8,320,2991
0,5,7,8,320,2991
0,7,7,8,320,2991
2,6,7,8,320,2991
1,5,7,8,320,2991
1,7,7,8,320,2991
0,4,7,8,320,2991
0,8,7,8,320,2991
3,6,7,8,320,2991
2,5,7,8,320,2991
2,7,7,8,320,2991
1,4,7,8,320,2991
1,8,7,8,320,2991
0,3,7,8,320,2991
0,9,7,8,320,2991
5,6,7,8,320,2991
4,5,7,8,320,2991
4,7,7,8,320,2991
3,4,7,8,320,2991
3,8,7,8,320,2991
2,3,7,8,320,2991
2,9,7,8,320,2991
1,2,7,8,320,2991
1,9,7,8,320,2991
7,6,7,8,320,2991
6,5,7,8,320,2991
6,7,7,8,320,2991
5,4,7,8,320,2991
5,8,7,8,320,2991
4,3,7,8,320,2991
4,9,7,8,320,2991
3,2,7,8,320,2991
3,9,7,8,320,2991
2,1,7,8,320,2991
2,8,7,8,320,2991
9,6,7,8,320,2991
8,5,7,8,320,2991
8,7,7,8,320,2991
7,4,7,8,320,2991
7,8,7,8,320,2991
6,3,7,8,320,2991
6,9,7,8,320,2991
5,2,7,8,320,2991
5,9,7,8,320,2991
4,1,7,8,320,2991
4,8,7,8,320,2991
3,0,7,8,320,2991
3,7,7,8,320,2991
0,2,7,8,321,4702
1,2,7,8,321,4702
0,1,7,8,321,4702
0,3,7,8,321,4702
2,2,7,8,321,4702
1,1,7,8,321,4702
1,3,7,8,321,4702
0,0,7,8,321,4702
0,4,7,8,321,4702
3,2,7,8,321,4702
2,1,7,8,321,4702
2,3,7,8,321,4702
1,0,7,8,321,4702
1,4,7,8,321,4702
0,5,7,8,321,4702
4,2,7,8,321,4702
3,1,7,8,321,4702
3,3,7,8,321,4702
2,0,7,8,321,4702
2,4,7,8,321,4702
1,5,7,8,321,4702
0,6,7,8,321,4702
5,2,7,8,321,4702
4,1,7,8,321,4702
4,3,7,8,321,4702
3,0,7,8,321,4702
3,4,7,8,321,4702
2,5,7,8,321,4702
1,6,7,8,321,4702
0,7,7,8,321,4702
6,2,7,8,321,4702
5,1,7,8,321,4702
5,3,7,8,321,4702
4,0,7,8,321,4702
4,4,7,8,321,4702
3,5,7,8,321,4702
2,6,7,8,321,4702
1,7,7,8,321,4702
0,8,7,8,321,4702
7,2,7,8,321,4702
6,1,7,8,321,4702
6,3,7,8,321,4702
5,0,7,8,321,4702
5,4,7,8,321,4702
4,5,7,8,321,4702
3,6,7,8,321,4702
2,7,7,8,321,4702
1,8,7,8,321,4702
0,9,7,8,321,4702
8,2,7,8,321,4702
7,1,7,8,321,4702
7,3,7,8,321,4702
6,0,7,8,321,4702
6,4,7,8,321,4702
5,5,7,8,321,4702
4,6,7,8,321,4702
3,7,7,8,321,4702
2,8,7,8,321,4702
1,9,7,8,321,4702
9,2,7,8,321,4702
8,1,7,8,321,4702
8,3,7,8,321,4702
7,0,7,8,321,4702
7,4,7,8,321,4702
6,5,7,8,321,4702
5,6,7,8,321,4702
4,7,7,8,321,4702
3,8,7,8,321,4702
2,9,7,8,321,4702
9,1,7,8,321,4702
9,3,7,8,321,4702
9,0,7,8,321,4702
9,4,7,8,321,4702
8,0,7,8,321,4702
8,5,7,8,321,4702
7,6,7,8,321,4702
6,7,7,8,321,4702
5,8,7,8,321,4702
4,9,7,8,321,4702
3,9,7,8,321,4702
8,4,7,8,321,4702
9,5,7,8,321,4702
9,6,7,8,321,4702
8,7,7,8,321,4702
7,8,7,8,321,4702
6,9,7,8,321,4702
5,9,7,8,321,4702
4,8,7,8,321,4702
0,4,7,8,322,4086
1,4,7,8,322,4086
0,3,7,8,322,4086
0,5,7,8,322,4086
2,4,7,8,322,4086
1,3,7,8,322,4086
1,5,7,8,322,4086
0,2,7,8,322,4086
0,6,7,8,322,4086
3,4,7,8,322,4086
2,3,7,8,322,4086
2,5,7,8,322,4086
1,2,7,8,322,4086
1,6,7,8,322,4086
0,1,7,8,322,4086
0,7,7,8,322,4086
4,4,7,8,322,4086
3,3,7,8,322,4086
3,5,7,8,322,4086
2,2,7,8,322,4086
2,6,7,8,322,4086
1,1,7,8,322,4086
1,7,7,8,322,4086
0,0,7,8,322,4086
0,8,7,8,322,4086
5,4,7,8,322,4086
4,3,7,8,322,4086
4,5,7,8,322,4086
3,2,7,8,322,4086
3,6,7,8,322,4086
2,1,7,8,322,4086
2,7,7,8,322,4086
1,0,7,8,322,4086
1,8,7,8,322,4086
0,9,7,8,322,4086
6,4,7,8,322,4086
5,3,7,8,322,4086
5,5,7,8,322,4086
4,2,7,8,322,4086
4,6,7,8,322,4086
3,1,7,8,322,4086
3,7,7,8,322,4086
2,0,7,8,322,4086
2,8,7,8,322,4086
1,9,7,8,322,4086
7,4,7,8,322,4086
6,3,7,8,322,4086
6,5,7,8,322,4086
5,2,7,8,322,4086
5,6,7,8,322,4086
4,1,7,8,322,4086
4,7,7,8,322,4086
3,0,7,8,322,4086
3,8,7,8,322,4086
2,9,7,8,322,4086
9,4,7,8,322,4086
8,3,7,8,322,4086
8,5,7,8,322,4086
7,2,7,8,322,4086
7,6,7,8,322,4086
6,1,7,8,322,4086
6,7,7,8,322,4086
5,0,7,8,322,4086
5,8,7,8,322,4086
4,0,7,8,322,4086
4,9,7,8,322,4086
3,9,7,8,322,4086
8,4,7,8,322,4086
9,3,7,8,322,4086
9,5,7,8,322,4086
9,2,7,8,322,4086
9,6,7,8,322,4086
8,1,7,8,322,4086
8,7,7,8,322,4086
7,0,7,8,322,4086
7,8,7,8,322,4086
6,0,7,8,322,4086
6,9,7,8,322,4086
5,1,7,8,322,4086
5,9,7,8,322,4086
4,8,7,8,322,4086
0,6,7,8,323,3379
1,6,7,8,323,3379
0,5,7,8,323,3379
0,7,7,8,323,3379
2,6,7,8,323,3379
1,5,7,8,323,3379
1,7,7,8,323,3379
0,4,7,8,323,3379
0,8,7,8,323,3379
3,6,7,8,323,3379
2,5,7,8,323,3379
2,7,7,8,323,3379
1,4,7,8,323,3379
1,8,7,8,323,3379
0,3,7,8,323,3379
0,9,7,8,323,3379
4,6,7,8,323,3379
3,5,7,8,323,3379
3,7,7,8,323,3379
2,4,7,8,323,3379
2,8,7,8,323,3379
1,3,7,8,323,3379
1,9,7,8,323,3379
0,2,7,8,323,3379
5,6,7,8,323,3379
4,5,7,8,323,3379
4,7,7,8,323,3379
3,4,7,8,323,3379
3,8,7,8,323,3379
2,3,7,8,323,3379
2,9,7,8,323,3379
1,2,7,8,323,3379
0,1,7,8,323,3379
7,6,7,8,323,3379
6,5,7,8,323,3379
6,7,7,8,323,3379
5,4,7,8,323,3379
5,8,7,8,323,3379
4,3,7,8,323,3379
4,9,7,8,323,3379
3,2,7,8,323,3379
3,9,7,8,323,3379
2,1,7,8,323,3379
1,0,7,8,323,3379
9,6,7,8,323,3379
8,5,7,8,323,3379
8,7,7,8,323,3379
7,4,7,8,323,3379
7,8,7,8,323,3379
6,3,7,8,323,3379
6,9,7,8,323,3379
5,2,7,8,323,3379
5,9,7,8,323,3379
4,1,7,8,323,3379
4,8,7,8,323,3379
3,0,7,8,323,3379
2,0,7,8,323,3379
0,7,6,7,324,2991
1,7,6,7,324,2991
0,6,6,7,324,2991
0,8,6,7,324,2991
2,7,6,7,324,2991
1,6,6,7,324,2991
1,8,6,7,324,2991
0,5,6,7,324,2991
0,9,6,7,324,2991
3,7,6,7,324,2991
2,6,6,7,324,2991
2,8,6,7,324,2991
1,5,6,7,324,2991
1,9,6,7,324,2991
0,4,6,7,324,2991
4,7,6,7,324,2991
3,6,6,7,324,2991
3,8,6,7,324,2991
2,5,6,7,324,2991
2,9,6,7,324,2991
1,4,6,7,324,2991
0,3,6,7,324,2991
6,7,6,7,324,2991
5,6,6,7,324,2991
5,8,6,7,324,2991
4,5,6,7,324,2991
4,9,6,7,324,2991
3,4,6,7,324,2991
3,9,6,7,324,2991
2,3,6,7,324,2991
1,2,6,7,324,2991
8,7,6,7,324,2991
7,6,6,7,324,2991
7,8,6,7,324,2991
6,5,6,7,324,2991
6,9,6,7,324,2991
5,4,6,7,324,2991
5,9,6,7,324,2991
4,3,6,7,324,2991
4,8,6,7,324,2991
3,2,6,7,324,2991
2,1,6,7,324,2991
0,8,5,6,325,2574
1,8,5,6,325,2574
0,7,5,6,325,2574
0,9,5,6,325,2574
2,8,5,6,325,2574
1,7,5,6,325,2574
1,9,5,6,325,2574
0,6,5,6,325,2574
3,8,5,6,325,2574
2,7,5,6,325,2574
2,9,5,6,325,2574
1,6,5,6,325,2574
0,5,5,6,325,2574
5,8,5,6,325,2574
4,7,5,6,325,2574
4,9,5,6,325,2574
3,6,5,6,325,2574
3,9,5,6,325,2574
2,5,5,6,325,2574
1,4,5,6,325,2574
7,8,5,6,325,2574
6,7,5,6,325,2574
6,9,5,6,325,2574
5,6,5,6,325,2574
5,9,5,6,325,2574
4,5,5,6,325,2574
4,8,5,6,325,2574
3,4,5,6,325,2574
3,7,5,6,325,2574
2,3,5,6,325,2574
2,6,5,6,325,2574
0,3,7,8,326,4702
1,3,7,8,326,4702
0,2,7,8,326,4702
0,4,7,8,326,4702
2,3,7,8,326,4702
1,2,7,8,326,4702
1,4,7,8,326,4702
0,1,7,8,326,4702
0,5,7,8,326,4702
3,3,7,8,326,4702
2,2,7,8,326,4702
2,4,7,8,326,4702
1,1,7,8,326,4702
1,5,7,8,326,4702
0,0,7,8,326,4702
0,6,7,8,326,4702
4,3,7,8,326,4702
3,2,7,8,326,4702
3,4,7,8,326,4702
2,1,7,8,326,4702
2,5,7,8,326,4702
1,0,7,8,326,4702
1,6,7,8,326,4702
0,7,7,8,326,4702
5,3,7,8,326,4702
4,2,7,8,326,4702
4,4,7,8,326,4702
3,1,7,8,326,4702
3,5,7,8,326,4702
2,0,7,8,326,4702
2,6,7,8,326,4702
1,7,7,8,326,4702
0,8,7,8,326,4702
6,3,7,8,326,4702
5,2,7,8,326,4702
5,4,7,8,326,4702
4,1,7,8,326,4702
4,5,7,8,326,4702
3,0,7,8,326,4702
3,6,7,8,326,4702
2,7,7,8,326,4702
1,8,7,8,326,4702
0,9,7,8,326,4702
7,3,7,8,326,4702
6,2,7,8,326,4702
6,4,7,8,326,4702
5,1,7,8,326,4702
5,5,7,8,326,4702
4,0,7,8,326,4702
4,6,7,8,326,4702
3,7,7,8,326,4702
2,8,7,8,326,4702
1,9,7,8,326,4702
8,3,7,8,326,4702
7,2,7,8,326,4702
7,4,7,8,326,4702
6,1,7,8,326,4702
6,5,7,8,326,4702
5,0,7,8,326,4702
5,6,7,8,326,4702
4,7,7,8,326,4702
3,8,7,8,326,4702
2,9,7,8,326,4702
9,3,7,8,326,4702
8,2,7,8,326,4702
8,4,7,8,326,4702
7,1,7,8,326,4702
7,5,7,8,326,4702
6,0,7,8,326,4702
6,6,7,8,326,4702
5,7,7,8,326,4702
4,8,7,8,326,4702
3,9,7,8,326,4702
9,2,7,8,326,4702
9,4,7,8,326,4702
8,1,7,8,326,4702
8,5,7,8,326,4702
7,0,7,8,326,4702
7,6,7,8,326,4702
6,7,7,8,326,4702
5,8,7,8,326,4702
4,9,7,8,326,4702
9,1,7,8,326,4702
9,5,7,8,326,4702
9,0,7,8,326,4702
9,6,7,8,326,4702
8,0,7,8,326,4702
8,7,7,8,326,4702
7,8,7,8,326,4702
6,9,7,8,326,4702
5,9,7,8,326,4702
0,4,7,8,327,4403
1,4,7,8,327,4403
0,3,7,8,327,4403
0,5,7,8,327,4403
2,4,7,8,327,4403
1,3,7,8,327,4403
1,5,7,8,327,4403
0,2,7,8,327,4403
0,6,7,8,327,4403
3,4,7,8,327,4403
2,3,7,8,327,4403
2,5,7,8,327,4403
1,2,7,8,327,4403
1,6,7,8,327,4403
0,1,7,8,327,4403
0,7,7,8,327,4403
4,4,7,8,327,4403
3,3,7,8,327,4403
3,5,7,8,327,4403
2,2,7,8,327,4403
2,6,7,8,327,4403
1,1,7,8,327,4403
1,7,7,8,327,4403
0,0,7,8,327,4403
0,8,7,8,327,4403
5,4,7,8,327,4403
4,3,7,8,327,4403
4,5,7,8,327,4403
3,2,7,8,327,4403
3,6,7,8,327,4403
2,1,7,8,327,4403
2,7,7,8,327,4403
1,0,7,8,327,4403
1,8,7,8,327,4403
0,9,7,8,327,4403
6,4,7,8,327,4403
5,3,7,8,327,4403
5,5,7,8,327,4403
4,2,7,8,327,4403
4,6,7,8,327,4403
3,1,7,8,327,4403
3,7,7,8,327,4403
2,0,7,8,327,4403
2,8,7,8,327,4403
1,9,7,8,327,4403
7,4,7,8,327,4403
6,3,7,8,327,4403
6,5,7,8,327,4403
5,2,7,8,327,4403
5,6,7,8,327,4403
4,1,7,8,327,4403
4,7,7,8,327,4403
3,0,7,8,327,4403
3,8,7,8,327,4403
2,9,7,8,327,4403
8,4,7,8,327,4403
7,3,7,8,327,4403
7,5,7,8,327,4403
6,2,7,8,327,4403
6,6,7,8,327,4403
5,1,7,8,327,4403
5,7,7,8,327,4403
4,0,7,8,327,4403
4,8,7,8,327,4403
3,9,7,8,327,4403
9,4,7,8,327,4403
8,3,7,8,327,4403
8,5,7,8,327,4403
7,2,7,8,327,4403
7,6,7,8,327,4403
6,1,7,8,327,4403
6,7,7,8,327,4403
5,0,7,8,327,4403
5,8,7,8,327,4403
4,9,7,8,327,4403
9,3,7,8,327,4403
9,5,7,8,327,4403
9,2,7,8,327,4403
9,6,7,8,327,4403
8,1,7,8,327,4403
8,7,7,8,327,4403
7,0,7,8,327,4403
7,8,7,8,327,4403
6,0,7,8,327,4403
6,9,7,8,327,4403
5,9,7,8,327,4403
0,6,7,8,328,3741
1,6,7,8,328,3741
0,5,7,8,328,3741
0,7,7,8,328,3741
2,6,7,8,328,3741
1,5,7,8,328,3741
1,7,7,8,328,3741
0,4,7,8,328,3741
0,8,7,8,328,3741
3,6,7,8,328,3741
2,5,7,8,328,3741
2,7,7,8,328,3741
1,4,7,8,328,3741
1,8,7,8,328,3741
0,3,7,8,328,3741
0,9,7,8,328,3741
4,6,7,8,328,3741
3,5,7,8,328,3741
3,7,7,8,328,3741
2,4,7,8,328,3741
2,8,7,8,328,3741
1,3,7,8,328,3741
1,9,7,8,328,3741
0,2,7,8,328,3741
5,6,7,8,328,3741
4,5,7,8,328,3741
4,7,7,8,328,3741
3,4,7,8,328,3741
3,8,7,8,328,3741
2,3,7,8,328,3741
2,9,7,8,328,3741
1,2,7,8,328,3741
0,1,7,8,328,3741
6,6,7,8,328,3741
5,5,7,8,328,3741
5,7,7,8,328,3741
4,4,7,8,328,3741
4,8,7,8,328,3741
3,3,7,8,328,3741
3,9,7,8,328,3741
2,2,7,8,328,3741
1,1,7,8,328,3741
0,0,7,8,328,3741
7,6,7,8,328,3741
6,5,7,8,328,3741
6,7,7,8,328,3741
5,4,7,8,328,3741
5,8,7,8,328,3741
4,3,7,8,328,3741
4,9,7,8,328,3741
3,2,7,8,328,3741
2,1,7,8,328,3741
1,0,7,8,328,3741
9,6,7,8,328,3741
8,5,7,8,328,3741
8,7,7,8,328,3741
7,4,7,8,328,3741
7,8,7,8,328,3741
6,3,7,8,328,3741
6,9,7,8,328,3741
5,2,7,8,328,3741
5,9,7,8,328,3741
4,1,7,8,328,3741
3,0,7,8,328,3741
2,0,7,8,328,3741
0,7,6,7,329,3379
1,7,6,7,329,3379
0,6,6,7,329,3379
0,8,6,7,329,3379
2,7,6,7,329,3379
1,6,6,7,329,3379
1,8,6,7,329,3379
0,5,6,7,329,3379
0,9,6,7,329,3379
3,7,6,7,329,3379
2,6,6,7,329,3379
2,8,6,7,329,3379
1,5,6,7,329,3379
1,9,6,7,329,3379
0,4,6,7,329,3379
4,7,6,7,329,3379
3,6,6,7,329,3379
3,8,6,7,329,3379
2,5,6,7,329,3379
2,9,6,7,329,3379
1,4,6,7,329,3379
0,3,6,7,329,3379
5,7,6,7,329,3379
4,6,6,7,329,3379
4,8,6,7,329,3379
3,5,6,7,329,3379
3,9,6,7,329,3379
2,4,6,7,329,3379
1,3,6,7,329,3379
0,2,6,7,329,3379
6,7,6,7,329,3379
5,6,6,7,329,3379
5,8,6,7,329,3379
4,5,6,7,329,3379
4,9,6,7,329,3379
3,4,6,7,329,3379
2,3,6,7,329,3379
1,2,6,7,329,3379
0,1,6,7,329,3379
8,7,6,7,329,3379
7,6,6,7,329,3379
7,8,6,7,329,3379
6,5,6,7,329,3379
6,9,6,7,329,3379
5,4,6,7,329,3379
5,9,6,7,329,3379
4,3,6,7,329,3379
3,2,6,7,329,3379
2,1,6,7,329,3379
1,0,6,7,329,3379
0,9,1,6,330,2584
1,9,1,6,330,2584
0,8,1,6,330,2584
2,9,1,6,330,2584
1,8,1,6,330,2584
0,7,1,6,330,2584
3,9,1,6,330,2584
2,8,1,6,330,2584
1,7,1,6,330,2584
0,6,1,6,330,2584
4,9,1,6,330,2584
3,8,1,6,330,2584
2,7,1,6,330,2584
1,6,1,6,330,2584
0,5,1,6,330,2584
6,9,1,6,330,2584
5,8,1,6,330,2584
5,9,1,6,330,2584
4,7,1,6,330,2584
4,8,1,6,330,2584
3,6,1,6,330,2584
3,7,1,6,330,2584
2,5,1,6,330,2584
2,6,1,6,330,2584
1,4,1,6,330,2584
1,5,1,6,330,2584
0,5,7,8,331,4419
1,5,7,8,331,4419
0,4,7,8,331,4419
0,6,7,8,331,4419
2,5,7,8,331,4419
1,4,7,8,331,4419
1,6,7,8,331,4419
0,3,7,8,331,4419
0,7,7,8,331,4419
3,5,7,8,331,4419
2,4,7,8,331,4419
2,6,7,8,331,4419
1,3,7,8,331,4419
1,7,7,8,331,4419
0,2,7,8,331,4419
0,8,7,8,331,4419
4,5,7,8,331,4419
3,4,7,8,331,4419
3,6,7,8,331,4419
2,3,7,8,331,4419
2,7,7,8,331,4419
1,2,7,8,331,4419
1,8,7,8,331,4419
0,1,7,8,331,4419
0,9,7,8,331,4419
5,5,7,8,331,4419
4,4,7,8,331,4419
4,6,7,8,331,4419
3,3,7,8,331,4419
3,7,7,8,331,4419
2,2,7,8,331,4419
2,8,7,8,331,4419
1,1,7,8,331,4419
1,9,7,8,331,4419
0,0,7,8,331,4419
6,5,7,8,331,4419
5,4,7,8,331,4419
5,6,7,8,331,4419
4,3,7,8,331,4419
4,7,7,8,331,4419
3,2,7,8,331,4419
3,8,7,8,331,4419
2,1,7,8,331,4419
2,9,7,8,331,4419
1,0,7,8,331,4419
7,5,7,8,331,4419
6,4,7,8,331,4419
6,6,7,8,331,4419
5,3,7,8,331,4419
5,7,7,8,331,4419
4,2,7,8,331,4419
4,8,7,8,331,4419
3,1,7,8,331,4419
3,9,7,8,331,4419
2,0,7,8,331,4419
8,5,7,8,331,4419
7,4,7,8,331,4419
7,6,7,8,331,4419
6,3,7,8,331,4419
6,7,7,8,331,4419
5,2,7,8,331,4419
5,8,7,8,331,4419
4,1,7,8,331,4419
4,9,7,8,331,4419
3,0,7,8,331,4419
9,5,7,8,331,4419
8,4,7,8,331,4419
8,6,7,8,331,4419
7,3,7,8,331,4419
7,7,7,8,331,4419
6,2,7,8,331,4419
6,8,7,8,331,4419
5,1,7,8,331,4419
5,9,7,8,331,4419
4,0,7,8,331,4419
9,4,7,8,331,4419
9,6,7,8,331,4419
8,3,7,8,331,4419
8,7,7,8,331,4419
7,2,7,8,331,4419
7,8,7,8,331,4419
6,1,7,8,331,4419
6,9,7,8,331,4419
5,0,7,8,331,4419
0,6,7,8,332,4087
1,6,7,8,332,4087
0,5,7,8,332,4087
0,7,7,8,332,4087
2,6,7,8,332,4087
1,5,7,8,332,4087
1,7,7,8,332,4087
0,4,7,8,332,4087
0,8,7,8,332,4087
3,6,7,8,332,4087
2,5,7,8,332,4087
2,7,7,8,332,4087
1,4,7,8,332,4087
1,8,7,8,332,4087
0,3,7,8,332,4087
0,9,7,8,332,4087
4,6,7,8,332,4087
3,5,7,8,332,4087
3,7,7,8,332,4087
2,4,7,8,332,4087
2,8,7,8,332,4087
1,3,7,8,332,4087
1,9,7,8,332,4087
0,2,7,8,332,4087
5,6,7,8,332,4087
4,5,7,8,332,4087
4,7,7,8,332,4087
3,4,7,8,332,4087
3,8,7,8,332,4087
2,3,7,8,332,4087
2,9,7,8,332,4087
1,2,7,8,332,4087
0,1,7,8,332,4087
6,6,7,8,332,4087
5,5,7,8,332,4087
5,7,7,8,332,4087
4,4,7,8,332,4087
4,8,7,8,332,4087
3,3,7,8,332,4087
3,9,7,8,332,4087
2,2,7,8,332,4087
1,1,7,8,332,4087
0,0,7,8,332,4087
7,6,7,8,332,4087
6,5,7,8,332,4087
6,7,7,8,332,4087
5,4,7,8,332,4087
5,8,7,8,332,4087
4,3,7,8,332,4087
4,9,7,8,332,4087
3,2,7,8,332,4087
2,1,7,8,332,4087
1,0,7,8,332,4087
8,6,7,8,332,4087
7,5,7,8,332,4087
7,7,7,8,332,4087
6,4,7,8,332,4087
6,8,7,8,332,4087
5,3,7,8,332,4087
5,9,7,8,332,4087
4,2,7,8,332,4087
3,1,7,8,332,4087
2,0,7,8,332,4087
9,6,7,8,332,4087
8,5,7,8,332,4087
8,7,7,8,332,4087
7,4,7,8,332,4087
7,8,7,8,332,4087
6,3,7,8,332,4087
6,9,7,8,332,4087
5,2,7,8,332,4087
4,1,7,8,332,4087
3,0,7,8,332,4087
0,7,6,7,333,3758
1,7,6,7,333,3758
0,6,6,7,333,3758
0,8,6,7,333,3758
2,7,6,7,333,3758
1,6,6,7,333,3758
1,8,6,7,333,3758
0,5,6,7,333,3758
0,9,6,7,333,3758
3,7,6,7,333,3758
2,6,6,7,333,3758
2,8,6,7,333,3758
1,5,6,7,333,3758
1,9,6,7,333,3758
0,4,6,7,333,3758
4,7,6,7,333,3758
3,6,6,7,333,3758
3,8,6,7,333,3758
2,5,6,7,333,3758
2,9,6,7,333,3758
1,4,6,7,333,3758
0,3,6,7,333,3758
5,7,6,7,333,3758
4,6,6,7,333,3758
4,8,6,7,333,3758
3,5,6,7,333,3758
3,9,6,7,333,3758
2,4,6,7,333,3758
1,3,6,7,333,3758
0,2,6,7,333,3758
6,7,6,7,333,3758
5,6,6,7,333,3758
5,8,6,7,333,3758
4,5,6,7,333,3758
4,9,6,7,333,3758
3,4,6,7,333,3758
2,3,6,7,333,3758
1,2,6,7,333,3758
0,1,6,7,333,3758
7,7,6,7,333,3758
6,6,6,7,333,3758
6,8,6,7,333,3758
5,5,6,7,333,3758
5,9,6,7,333,3758
4,4,6,7,333,3758
3,3,6,7,333,3758
2,2,6,7,333,3758
1,1,6,7,333,3758
0,0,6,7,333,3758
8,7,6,7,333,3758
7,6,6,7,333,3758
7,8,6,7,333,3758
6,5,6,7,333,3758
6,9,6,7,333,3758
5,4,6,7,333,3758
4,3,6,7,333,3758
3,2,6,7,333,3758
2,1,6,7,333,3758
1,0,6,7,333,3758
0,8,5,6,334,3399
1,8,5,6,334,3399
0,7,5,6,334,3399
0,9,5,6,334,3399
2,8,5,6,334,3399
1,7,5,6,334,3399
1,9,5,6,334,3399
0,6,5,6,334,3399
3,8,5,6,334,3399
2,7,5,6,334,3399
2,9,5,6,334,3399
1,6,5,6,334,3399
0,5,5,6,334,3399
4,8,5,6,334,3399
3,7,5,6,334,3399
3,9,5,6,334,3399
2,6,5,6,334,3399
1,5,5,6,334,3399
0,4,5,6,334,3399
5,8,5,6,334,3399
4,7,5,6,334,3399
4,9,5,6,334,3399
3,6,5,6,334,3399
2,5,5,6,334,3399
1,4,5,6,334,3399
0,3,5,6,334,3399
6,8,5,6,334,3399
5,7,5,6,334,3399
5,9,5,6,334,3399
4,6,5,6,334,3399
3,5,5,6,334,3399
2,4,5,6,334,3399
1,3,5,6,334,3399
0,2,5,6,334,3399
7,8,5,6,334,3399
6,7,5,6,334,3399
6,9,5,6,334,3399
5,6,5,6,334,3399
4,5,5,6,334,3399
3,4,5,6,334,3399
2,3,5,6,334,3399
1,2,5,6,334,3399
0,1,5,6,334,3399
0,9,3,6,335,3008
1,9,3,6,335,3008
0,8,3,6,335,3008
2,9,3,6,335,3008
1,8,3,6,335,3008
0,7,3,6,335,3008
3,9,3,6,335,3008
2,8,3,6,335,3008
1,7,3,6,335,3008
0,6,3,6,335,3008
4,9,3,6,335,3008
3,8,3,6,335,3008
2,7,3,6,335,3008
1,6,3,6,335,3008
0,5,3,6,335,3008
5,9,3,6,335,3008
4,8,3,6,335,3008
3,7,3,6,335,3008
2,6,3,6,335,3008
1,5,3,6,335,3008
0,4,3,6,335,3008
6,9,3,6,335,3008
5,8,3,6,335,3008
4,7,3,6,335,3008
3,6,3,6,335,3008
2,5,3,6,335,3008
1,4,3,6,335,3008
0,3,3,6,335,3008
5,2,9,6,336,2122
7,2,9,6,336,2122
6,1,9,6,336,2122
6,3,9,6,336,2122
9,2,9,6,336,2122
8,1,9,6,336,2122
8,3,9,6,336,2122
7,0,9,6,336,2122
7,4,9,6,336,2122
8,2,9,6,336,2122
9,1,9,6,336,2122
9,3,9,6,336,2122
9,0,9,6,336,2122
9,4,9,6,336,2122
8,0,9,6,336,2122
8,5,9,6,336,2122
6,2,9,6,336,2122
7,1,9,6,336,2122
7,3,9,6,336,2122
8,4,9,6,336,2122
9,5,9,6,336,2122
9,6,9,6,336,2122
6,3,9,6,337,1646
8,3,9,6,337,1646
7,2,9,6,337,1646
7,4,9,6,337,1646
9,3,9,6,337,1646
9,2,9,6,337,1646
9,4,9,6,337,1646
8,1,9,6,337,1646
8,5,9,6,337,1646
7,3,9,6,337,1646
8,2,9,6,337,1646
8,4,9,6,337,1646
9,1,9,6,337,1646
9,5,9,6,337,1646
9,0,9,6,337,1646
9,6,9,6,337,1646
4,5,7,8,338,1646
6,5,7,8,338,1646
5,4,7,8,338,1646
5,6,7,8,338,1646
8,5,7,8,338,1646
7,4,7,8,338,1646
7,6,7,8,338,1646
6,3,7,8,338,1646
6,7,7,8,338,1646
9,5,7,8,338,1646
9,4,7,8,338,1646
9,6,7,8,338,1646
8,3,7,8,338,1646
8,7,7,8,338,1646
7,2,7,8,338,1646
7,8,7,8,338,1646
2,5,7,8,262,2127
4,5,7,8,262,2127
3,4,7,8,262,2127
3,6,7,8,262,2127
6,5,7,8,262,2127
5,4,7,8,262,2127
5,6,7,8,262,2127
4,3,7,8,262,2127
4,7,7,8,262,2127
8,5,7,8,262,2127
7,4,7,8,262,2127
7,6,7,8,262,2127
6,3,7,8,262,2127
6,7,7,8,262,2127
5,2,7,8,262,2127
5,8,7,8,262,2127
9,5,7,8,262,2127
9,4,7,8,262,2127
9,6,7,8,262,2127
8,3,7,8,262,2127
8,7,7,8,262,2127
7,2,7,8,262,2127
7,8,7,8,262,2127
6,1,7,8,262,2127
6,9,7,8,262,2127
3,6,7,8,112,1650
5,6,7,8,112,1650
4,5,7,8,112,1650
4,7,7,8,112,1650
7,6,7,8,112,1650
6,5,7,8,112,1650
6,7,7,8,112,1650
5,4,7,8,112,1650
5,8,7,8,112,1650
9,6,7,8,112,1650
8,5,7,8,112,1650
8,7,7,8,112,1650
7,4,7,8,112,1650
7,8,7,8,112,1650
6,3,7,8,112,1650
6,9,7,8,112,1650
1,6,7,8,339,2128
3,6,7,8,339,2128
2,5,7,8,339,2128
2,7,7,8,339,2128
5,6,7,8,339,2128
4,5,7,8,339,2128
4,7,7,8,339,2128
3,4,7,8,339,2128
3,8,7,8,339,2128
7,6,7,8,339,2128
6,5,7,8,339,2128
6,7,7,8,339,2128
5,4,7,8,339,2128
5,8,7,8,339,2128
4,3,7,8,339,2128
4,9,7,8,339,2128
9,6,7,8,339,2128
8,5,7,8,339,2128
8,7,7,8,339,2128
7,4,7,8,339,2128
7,8,7,8,339,2128
6,3,7,8,339,2128
6,9,7,8,339,2128
5,2,7,8,339,2128
5,9,7,8,339,2128
2,7,7,8,340,1650
4,7,7,8,340,1650
3,6,7,8,340,1650
3,8,7,8,340,1650
6,7,7,8,340,1650
5,6,7,8,340,1650
5,8,7,8,340,1650
4,5,7,8,340,1650
4,9,7,8,340,1650
8,7,7,8,340,1650
7,6,7,8,340,1650
7,8,7,8,340,1650
6,5,7,8,340,1650
6,9,7,8,340,1650
5,4,7,8,340,1650
5,9,7,8,340,1650
1,8,6,7,341,1650
3,8,6,7,341,1650
2,7,6,7,341,1650
2,9,6,7,341,1650
5,8,6,7,341,1650
4,7,6,7,341,1650
4,9,6,7,341,1650
3,6,6,7,341,1650
3,9,6,7,341,1650
7,8,6,7,341,1650
6,7,6,7,341,1650
6,9,6,7,341,1650
5,6,6,7,341,1650
5,9,6,7,341,1650
4,5,6,7,341,1650
4,8,6,7,341,1650
0,8,6,7,342,2127
1,8,6,7,342,2127
0,7,6,7,342,2127
0,9,6,7,342,2127
3,8,6,7,342,2127
2,7,6,7,342,2127
2,9,6,7,342,2127
1,6,6,7,342,2127
1,9,6,7,342,2127
5,8,6,7,342,2127
4,7,6,7,342,2127
4,9,6,7,342,2127
3,6,6,7,342,2127
3,9,6,7,342,2127
2,5,6,7,342,2127
2,8,6,7,342,2127
7,8,6,7,342,2127
6,7,6,7,342,2127
6,9,6,7,342,2127
5,6,6,7,342,2127
5,9,6,7,342,2127
4,5,6,7,342,2127
4,8,6,7,342,2127
3,4,6,7,342,2127
3,7,6,7,342,2127
0,9,5,8,343,1650
2,9,5,8,343,1650
1,8,5,8,343,1650
1,9,5,8,343,1650
4,9,5,8,343,1650
3,8,5,8,343,1650
3,9,5,8,343,1650
2,7,5,8,343,1650
2,8,5,8,343,1650
6,9,5,8,343,1650
5,8,5,8,343,1650
5,9,5,8,343,1650
4,7,5,8,343,1650
4,8,5,8,343,1650
3,6,5,8,343,1650
3,7,5,8,343,1650
7,4,9,6,247,1136
9,4,9,6,247,1136
8,3,9,6,247,1136
8,5,9,6,247,1136
8,4,9,6,247,1136
9,3,9,6,247,1136
9,5,9,6,247,1136
9,2,9,6,247,1136
9,6,9,6,247,1136
5,6,7,8,62,1136
7,6,7,8,62,1136
6,5,7,8,62,1136
6,7,7,8,62,1136
9,6,7,8,62,1136
8,5,7,8,62,1136
8,7,7,8,62,1136
7,4,7,8,62,1136
7,8,7,8,62,1136
4,7,7,8,45,1138
6,7,7,8,45,1138
5,6,7,8,45,1138
5,8,7,8,45,1138
8,7,7,8,45,1138
7,6,7,8,45,1138
7,8,7,8,45,1138
6,5,7,8,45,1138
6,9,7,8,45,1138
3,8,6,7,292,1138
5,8,6,7,292,1138
4,7,6,7,292,1138
4,9,6,7,292,1138
7,8,6,7,292,1138
6,7,6,7,292,1138
6,9,6,7,292,1138
5,6,6,7,292,1138
5,9,6,7,292,1138
8,5,9,6,136,588
9,5,9,6,136,588
9,4,9,6,136,588
9,6,9,6,136,588
9,6,9,6,0,0
8,7,8,7,0,0
6,7,7,8,22,588
8,7,7,8,22,588
7,6,7,8,22,588
7,8,7,8,22,588
7,8,7,8,0,0
6,9,6,9,0,0
0,0,6,6,344,4431
1,0,6,6,344,4431
0,1,6,6,344,4431
2,0,6,6,344,4431
1,1,6,6,344,4431
0,2,6,6,344,4431
3,0,6,6,344,4431
2,1,6,6,344,4431
1,2,6,6,344,4431
0,3,6,6,344,4431
4,0,6,6,344,4431
3,1,6,6,344,4431
2,2,6,6,344,4431
1,3,6,6,344,4431
0,4,6,6,344,4431
6,0,6,6,344,4431
5,0,6,6,344,4431
5,1,6,6,344,4431
4,1,6,6,344,4431
4,2,6,6,344,4431
3,2,6,6,344,4431
3,3,6,6,344,4431
2,3,6,6,344,4431
2,4,6,6,344,4431
1,4,6,6,344,4431
1,5,6,6,344,4431
8,0,6,6,344,4431
7,0,6,6,344,4431
7,1,6,6,344,4431
6,1,6,6,344,4431
6,2,6,6,344,4431
5,2,6,6,344,4431
5,3,6,6,344,4431
4,3,6,6,344,4431
4,4,6,6,344,4431
3,4,6,6,344,4431
3,5,6,6,344,4431
2,5,6,6,344,4431
2,6,6,6,344,4431
9,0,6,6,344,4431
9,1,6,6,344,4431
8,1,6,6,344,4431
8,2,6,6,344,4431
7,2,6,6,344,4431
7,3,6,6,344,4431
6,3,6,6,344,4431
6,4,6,6,344,4431
5,4,6,6,344,4431
5,5,6,6,344,4431
4,5,6,6,344,4431
4,6,6,6,344,4431
3,6,6,6,344,4431
3,7,6,6,344,4431
9,2,6,6,344,4431
9,3,6,6,344,4431
8,3,6,6,344,4431
8,4,6,6,344,4431
7,4,6,6,344,4431
7,5,6,6,344,4431
6,5,6,6,344,4431
6,6,6,6,344,4431
5,6,6,6,344,4431
5,7,6,6,344,4431
4,7,6,6,344,4431
4,8,6,6,344,4431
9,4,6,6,344,4431
9,5,6,6,344,4431
8,5,6,6,344,4431
8,6,6,6,344,4431
7,6,6,6,344,4431
7,7,6,6,344,4431
6,7,6,6,344,4431
6,8,6,6,344,4431
5,8,6,6,344,4431
5,9,6,6,344,4431
9,6,6,6,344,4431
9,7,6,6,344,4431
8,7,6,6,344,4431
8,8,6,6,344,4431
7,8,6,6,344,4431
7,9,6,6,344,4431
6,9,6,6,344,4431
0,0,9,7,345,4095
1,0,9,7,345,4095
0,1,9,7,345,4095
2,0,9,7,345,4095
1,1,9,7,345,4095
0,2,9,7,345,4095
4,0,9,7,345,4095
3,0,9,7,345,4095
3,1,9,7,345,4095
2,1,9,7,345,4095
2,2,9,7,345,4095
1,2,9,7,345,4095
1,3,9,7,345,4095
6,0,9,7,345,4095
5,0,9,7,345,4095
5,1,9,7,345,4095
4,1,9,7,345,4095
4,2,9,7,345,4095
3,2,9,7,345,4095
3,3,9,7,345,4095
2,3,9,7,345,4095
2,4,9,7,345,4095
8,0,9,7,345,4095
7,0,9,7,345,4095
7,1,9,7,345,4095
6,1,9,7,345,4095
6,2,9,7,345,4095
5,2,9,7,345,4095
5,3,9,7,345,4095
4,3,9,7,345,4095
4,4,9,7,345,4095
3,4,9,7,345,4095
3,5,9,7,345,4095
9,0,9,7,345,4095
9,1,9,7,345,4095
8,1,9,7,345,4095
8,2,9,7,345,4095
7,2,9,7,345,4095
7,3,9,7,345,4095
6,3,9,7,345,4095
6,4,9,7,345,4095
5,4,9,7,345,4095
5,5,9,7,345,4095
4,5,9,7,345,4095
4,6,9,7,345,4095
9,2,9,7,345,4095
9,3,9,7,345,4095
8,3,9,7,345,4095
8,4,9,7,345,4095
7,4,9,7,345,4095
7,5,9,7,345,4095
6,5,9,7,345,4095
6,6,9,7,345,4095
5,6,9,7,345,4095
5,7,9,7,345,4095
9,4,9,7,345,4095
9,5,9,7,345,4095
8,5,9,7,345,4095
8,6,9,7,345,4095
7,6,9,7,345,4095
7,7,9,7,345,4095
6,7,9,7,345,4095
6,8,9,7,345,4095
9,6,9,7,345,4095
9,7,9,7,345,4095
8,7,9,7,345,4095
8,8,9,7,345,4095
7,8,9,7,345,4095
7,9,9,7,345,4095
0,0,9,7,346,3742
2,0,9,7,346,3742
1,0,9,7,346,3742
1,1,9,7,346,3742
4,0,9,7,346,3742
3,0,9,7,346,3742
3,1,9,7,346,3742
2,1,9,7,346,3742
2,2,9,7,346,3742
6,0,9,7,346,3742
5,0,9,7,346,3742
5,1,9,7,346,3742
4,1,9,7,346,3742
4,2,9,7,346,3742
3,2,9,7,346,3742
3,3,9,7,346,3742
8,0,9,7,346,3742
7,0,9,7,346,3742
7,1,9,7,346,3742
6,1,9,7,346,3742
6,2,9,7,346,3742
5,2,9,7,346,3742
5,3,9,7,346,3742
4,3,9,7,346,3742
4,4,9,7,346,3742
9,0,9,7,346,3742
9,1,9,7,346,3742
8,1,9,7,346,3742
8,2,9,7,346,3742
7,2,9,7,346,3742
7,3,9,7,346,3742
6,3,9,7,346,3742
6,4,9,7,346,3742
5,4,9,7,346,3742
5,5,9,7,346,3742
9,2,9,7,346,3742
9,3,9,7,346,3742
8,3,9,7,346,3742
8,4,9,7,346,3742
7,4,9,7,346,3742
7,5,9,7,346,3742
6,5,9,7,346,3742
6,6,9,7,346,3742
9,4,9,7,346,3742
9,5,9,7,346,3742
8,5,9,7,346,3742
8,6,9,7,346,3742
7,6,9,7,346,3742
7,7,9,7,346,3742
9,6,9,7,346,3742
9,7,9,7,346,3742
8,7,9,7,346,3742
8,8,9,7,346,3742
2,0,9,7,347,3363
4,0,9,7,347,3363
3,0,9,7,347,3363
3,1,9,7,347,3363
6,0,9,7,347,3363
5,0,9,7,347,3363
5,1,9,7,347,3363
4,1,9,7,347,3363
4,2,9,7,347,3363
8,0,9,7,347,3363
7,0,9,7,347,3363
7,1,9,7,347,3363
6,1,9,7,347,3363
6,2,9,7,347,3363
5,2,9,7,347,3363
5,3,9,7,347,3363
9,0,9,7,347,3363
9,1,9,7,347,3363
8,1,9,7,347,3363
8,2,9,7,347,3363
7,2,9,7,347,3363
7,3,9,7,347,3363
6,3,9,7,347,3363
6,4,9,7,347,3363
9,2,9,7,347,3363
9,3,9,7,347,3363
8,3,9,7,347,3363
8,4,9,7,347,3363
7,4,9,7,347,3363
7,5,9,7,347,3363
9,4,9,7,347,3363
9,5,9,7,347,3363
8,5,9,7,347,3363
8,6,9,7,347,3363
9,6,9,7,347,3363
9,7,9,7,347,3363
3,1,9,7,348,2979
5,1,9,7,348,2979
4,0,9,7,348,2979
4,2,9,7,348,2979
7,1,9,7,348,2979
6,0,9,7,348,2979
6,2,9,7,348,2979
5,0,9,7,348,2979
5,3,9,7,348,2979
9,1,9,7,348,2979
8,0,9,7,348,2979
8,2,9,7,348,2979
7,0,9,7,348,2979
7,3,9,7,348,2979
6,1,9,7,348,2979
6,4,9,7,348,2979
8,1,9,7,348,2979
9,0,9,7,348,2979
9,2,9,7,348,2979
9,3,9,7,348,2979
8,4,9,7,348,2979
7,2,9,7,348,2979
7,5,9,7,348,2979
8,3,9,7,348,2979
9,4,9,7,348,2979
9,5,9,7,348,2979
8,6,9,7,348,2979
4,1,9,7,348,2979
5,2,9,7,348,2979
6,3,9,7,348,2979
7,4,9,7,348,2979
8,5,9,7,348,2979
9,6,9,7,348,2979
9,7,9,7,348,2979
1,1,9,7,349,3373
3,1,9,7,349,3373
2,0,9,7,349,3373
2,2,9,7,349,3373
5,1,9,7,349,3373
4,0,9,7,349,3373
4,2,9,7,349,3373
3,0,9,7,349,3373
3,3,9,7,349,3373
7,1,9,7,349,3373
6,0,9,7,349,3373
6,2,9,7,349,3373
5,0,9,7,349,3373
5,3,9,7,349,3373
4,1,9,7,349,3373
4,4,9,7,349,3373
9,1,9,7,349,3373
8,0,9,7,349,3373
8,2,9,7,349,3373
7,0,9,7,349,3373
7,3,9,7,349,3373
6,1,9,7,349,3373
6,4,9,7,349,3373
5,2,9,7,349,3373
5,5,9,7,349,3373
8,1,9,7,349,3373
9,0,9,7,349,3373
9,2,9,7,349,3373
9,3,9,7,349,3373
8,4,9,7,349,3373
7,2,9,7,349,3373
7,5,9,7,349,3373
6,3,9,7,349,3373
6,6,9,7,349,3373
8,3,9,7,349,3373
9,4,9,7,349,3373
9,5,9,7,349,3373
8,6,9,7,349,3373
7,4,9,7,349,3373
7,7,9,7,349,3373
8,5,9,7,349,3373
9,6,9,7,349,3373
9,7,9,7,349,3373
8,8,9,7,349,3373
2,2,9,7,350,2986
4,2,9,7,350,2986
3,1,9,7,350,2986
3,3,9,7,350,2986
6,2,9,7,350,2986
5,1,9,7,350,2986
5,3,9,7,350,2986
4,0,9,7,350,2986
4,4,9,7,350,2986
8,2,9,7,350,2986
7,1,9,7,350,2986
7,3,9,7,350,2986
6,0,9,7,350,2986
6,4,9,7,350,2986
5,0,9,7,350,2986
5,5,9,7,350,2986
9,2,9,7,350,2986
9,1,9,7,350,2986
9,3,9,7,350,2986
8,0,9,7,350,2986
8,4,9,7,350,2986
7,0,9,7,350,2986
7,5,9,7,350,2986
6,1,9,7,350,2986
6,6,9,7,350,2986
7,2,9,7,350,2986
8,1,9,7,350,2986
8,3,9,7,350,2986
9,0,9,7,350,2986
9,4,9,7,350,2986
9,5,9,7,350,2986
8,6,9,7,350,2986
7,7,9,7,350,2986
5,2,9,7,350,2986
6,3,9,7,350,2986
7,4,9,7,350,2986
8,5,9,7,350,2986
9,6,9,7,350,2986
9,7,9,7,350,2986
8,8,9,7,350,2986
1,3,7,7,351,2991
3,3,7,7,351,2991
2,2,7,7,351,2991
2,4,7,7,351,2991
5,3,7,7,351,2991
4,2,7,7,351,2991
4,4,7,7,351,2991
3,1,7,7,351,2991
3,5,7,7,351,2991
7,3,7,7,351,2991
6,2,7,7,351,2991
6,4,7,7,351,2991
5,1,7,7,351,2991
5,5,7,7,351,2991
4,0,7,7,351,2991
4,6,7,7,351,2991
9,3,7,7,351,2991
8,2,7,7,351,2991
8,4,7,7,351,2991
7,1,7,7,351,2991
7,5,7,7,351,2991
6,0,7,7,351,2991
6,6,7,7,351,2991
5,0,7,7,351,2991
5,7,7,7,351,2991
8,3,7,7,351,2991
9,2,7,7,351,2991
9,4,7,7,351,2991
9,1,7,7,351,2991
9,5,7,7,351,2991
8,0,7,7,351,2991
8,6,7,7,351,2991
7,0,7,7,351,2991
7,7,7,7,351,2991
6,1,7,7,351,2991
6,8,7,7,351,2991
6,3,7,7,351,2991
7,2,7,7,351,2991
7,4,7,7,351,2991
8,1,7,7,351,2991
8,5,7,7,351,2991
9,0,7,7,351,2991
9,6,7,7,351,2991
9,7,7,7,351,2991
8,8,7,7,351,2991
7,9,7,7,351,2991
0,1,4,6,352,4101
1,1,4,6,352,4101
0,0,4,6,352,4101
0,2,4,6,352,4101
2,1,4,6,352,4101
1,0,4,6,352,4101
1,2,4,6,352,4101
0,3,4,6,352,4101
3,1,4,6,352,4101
2,0,4,6,352,4101
2,2,4,6,352,4101
1,3,4,6,352,4101
0,4,4,6,352,4101
5,1,4,6,352,4101
4,0,4,6,352,4101
4,2,4,6,352,4101
3,0,4,6,352,4101
3,3,4,6,352,4101
2,4,4,6,352,4101
1,5,4,6,352,4101
7,1,4,6,352,4101
6,0,4,6,352,4101
6,2,4,6,352,4101
5,0,4,6,352,4101
5,3,4,6,352,4101
4,1,4,6,352,4101
4,4,4,6,352,4101
3,2,4,6,352,4101
3,5,4,6,352,4101
2,3,4,6,352,4101
2,6,4,6,352,4101
9,1,4,6,352,4101
8,0,4,6,352,4101
8,2,4,6,352,4101
7,0,4,6,352,4101
7,3,4,6,352,4101
6,1,4,6,352,4101
6,4,4,6,352,4101
5,2,4,6,352,4101
5,5,4,6,352,4101
4,3,4,6,352,4101
4,6,4,6,352,4101
3,4,4,6,352,4101
3,7,4,6,352,4101
8,1,4,6,352,4101
9,0,4,6,352,4101
9,2,4,6,352,4101
9,3,4,6,352,4101
8,4,4,6,352,4101
7,2,4,6,352,4101
7,5,4,6,352,4101
6,3,4,6,352,4101
6,6,4,6,352,4101
5,4,4,6,352,4101
5,7,4,6,352,4101
4,5,4,6,352,4101
4,8,4,6,352,4101
8,3,4,6,352,4101
9,4,4,6,352,4101
9,5,4,6,352,4101
8,6,4,6,352,4101
7,4,4,6,352,4101
7,7,4,6,352,4101
6,5,4,6,352,4101
6,8,4,6,352,4101
5,6,4,6,352,4101
5,9,4,6,352,4101
8,5,4,6,352,4101
9,6,4,6,352,4101
9,7,4,6,352,4101
8,8,4,6,352,4101
7,6,4,6,352,4101
7,9,4,6,352,4101
6,7,4,6,352,4101
6,9,4,6,352,4101
0,3,7,9,353,3373
1,3,7,9,353,3373
0,2,7,9,353,3373
0,4,7,9,353,3373
3,3,7,9,353,3373
2,2,7,9,353,3373
2,4,7,9,353,3373
1,1,7,9,353,3373
1,5,7,9,353,3373
5,3,7,9,353,3373
4,2,7,9,353,3373
4,4,7,9,353,3373
3,1,7,9,353,3373
3,5,7,9,353,3373
2,0,7,9,353,3373
2,6,7,9,353,3373
7,3,7,9,353,3373
6,2,7,9,353,3373
6,4,7,9,353,3373
5,1,7,9,353,3373
5,5,7,9,353,3373
4,0,7,9,353,3373
4,6,7,9,353,3373
3,0,7,9,353,3373
3,7,7,9,353,3373
9,3,7,9,353,3373
8,2,7,9,353,3373
8,4,7,9,353,3373
7,1,7,9,353,3373
7,5,7,9,353,3373
6,0,7,9,353,3373
6,6,7,9,353,3373
5,0,7,9,353,3373
5,7,7,9,353,3373
4,1,7,9,353,3373
4,8,7,9,353,3373
8,3,7,9,353,3373
9,2,7,9,353,3373
9,4,7,9,353,3373
9,1,7,9,353,3373
9,5,7,9,353,3373
8,0,7,9,353,3373
8,6,7,9,353,3373
7,0,7,9,353,3373
7,7,7,9,353,3373
6,1,7,9,353,3373
6,8,7,9,353,3373
5,2,7,9,353,3373
5,9,7,9,353,3373
6,3,7,9,353,3373
7,2,7,9,353,3373
7,4,7,9,353,3373
8,1,7,9,353,3373
8,5,7,9,353,3373
9,0,7,9,353,3373
9,6,7,9,353,3373
9,7,7,9,353,3373
8,8,7,9,353,3373
7,9,7,9,353,3373
6,9,7,9,353,3373
0,4,7,9,354,2986
2,4,7,9,354,2986
1,3,7,9,354,2986
1,5,7,9,354,2986
4,4,7,9,354,2986
3,3,7,9,354,2986
3,5,7,9,354,2986
2,2,7,9,354,2986
2,6,7,9,354,2986
6,4,7,9,354,2986
5,3,7,9,354,2986
5,5,7,9,354,2986
4,2,7,9,354,2986
4,6,7,9,354,2986
3,1,7,9,354,2986
3,7,7,9,354,2986
8,4,7,9,354,2986
7,3,7,9,354,2986
7,5,7,9,354,2986
6,2,7,9,354,2986
6,6,7,9,354,2986
5,1,7,9,354,2986
5,7,7,9,354,2986
4,0,7,9,354,2986
4,8,7,9,354,2986
9,4,7,9,354,2986
9,3,7,9,354,2986
9,5,7,9,354,2986
8,2,7,9,354,2986
8,6,7,9,354,2986
7,1,7,9,354,2986
7,7,7,9,354,2986
6,0,7,9,354,2986
6,8,7,9,354,2986
5,0,7,9,354,2986
5,9,7,9,354,2986
7,4,7,9,354,2986
8,3,7,9,354,2986
8,5,7,9,354,2986
9,2,7,9,354,2986
9,6,7,9,354,2986
9,1,7,9,354,2986
9,7,7,9,354,2986
8,0,7,9,354,2986
8,8,7,9,354,2986
7,0,7,9,354,2986
7,9,7,9,354,2986
6,1,7,9,354,2986
6,9,7,9,354,2986
0,1,7,7,355,4403
1,1,7,7,355,4403
0,0,7,7,355,4403
0,2,7,7,355,4403
2,1,7,7,355,4403
1,0,7,7,355,4403
1,2,7,7,355,4403
0,3,7,7,355,4403
3,1,7,7,355,4403
2,0,7,7,355,4403
2,2,7,7,355,4403
1,3,7,7,355,4403
0,4,7,7,355,4403
4,1,7,7,355,4403
3,0,7,7,355,4403
3,2,7,7,355,4403
2,3,7,7,355,4403
1,4,7,7,355,4403
0,5,7,7,355,4403
5,1,7,7,355,4403
4,0,7,7,355,4403
4,2,7,7,355,4403
3,3,7,7,355,4403
2,4,7,7,355,4403
1,5,7,7,355,4403
0,6,7,7,355,4403
7,1,7,7,355,4403
6,0,7,7,355,4403
6,2,7,7,355,4403
5,0,7,7,355,4403
5,3,7,7,355,4403
4,4,7,7,355,4403
3,5,7,7,355,4403
2,6,7,7,355,4403
1,7,7,7,355,4403
9,1,7,7,355,4403
8,0,7,7,355,4403
8,2,7,7,355,4403
7,0,7,7,355,4403
7,3,7,7,355,4403
6,1,7,7,355,4403
6,4,7,7,355,4403
5,2,7,7,355,4403
5,5,7,7,355,4403
4,3,7,7,355,4403
4,6,7,7,355,4403
3,4,7,7,355,4403
3,7,7,7,355,4403
2,5,7,7,355,4403
2,8,7,7,355,4403
8,1,7,7,355,4403
9,0,7,7,355,4403
9,2,7,7,355,4403
9,3,7,7,355,4403
8,4,7,7,355,4403
7,2,7,7,355,4403
7,5,7,7,355,4403
6,3,7,7,355,4403
6,6,7,7,355,4403
5,4,7,7,355,4403
5,7,7,7,355,4403
4,5,7,7,355,4403
4,8,7,7,355,4403
3,6,7,7,355,4403
3,9,7,7,355,4403
8,3,7,7,355,4403
9,4,7,7,355,4403
9,5,7,7,355,4403
8,6,7,7,355,4403
7,4,7,7,355,4403
7,7,7,7,355,4403
6,5,7,7,355,4403
6,8,7,7,355,4403
5,6,7,7,355,4403
5,9,7,7,355,4403
4,7,7,7,355,4403
4,9,7,7,355,4403
8,5,7,7,355,4403
9,6,7,7,355,4403
9,7,7,7,355,4403
8,8,7,7,355,4403
7,6,7,7,355,4403
7,9,7,7,355,4403
6,7,7,7,355,4403
6,9,7,7,355,4403
5,8,7,7,355,4403
0,3,7,9,356,3741
1,3,7,9,356,3741
0,2,7,9,356,3741
0,4,7,9,356,3741
2,3,7,9,356,3741
1,2,7,9,356,3741
1,4,7,9,356,3741
0,1,7,9,356,3741
0,5,7,9,356,3741
3,3,7,9,356,3741
2,2,7,9,356,3741
2,4,7,9,356,3741
1,1,7,9,356,3741
1,5,7,9,356,3741
0,0,7,9,356,3741
0,6,7,9,356,3741
5,3,7,9,356,3741
4,2,7,9,356,3741
4,4,7,9,356,3741
3,1,7,9,356,3741
3,5,7,9,356,3741
2,0,7,9,356,3741
2,6,7,9,356,3741
1,0,7,9,356,3741
1,7,7,9,356,3741
7,3,7,9,356,3741
6,2,7,9,356,3741
6,4,7,9,356,3741
5,1,7,9,356,3741
5,5,7,9,356,3741
4,0,7,9,356,3741
4,6,7,9,356,3741
3,0,7,9,356,3741
3,7,7,9,356,3741
2,1,7,9,356,3741
2,8,7,9,356,3741
9,3,7,9,356,3741
8,2,7,9,356,3741
8,4,7,9,356,3741
7,1,7,9,356,3741
7,5,7,9,356,3741
6,0,7,9,356,3741
6,6,7,9,356,3741
5,0,7,9,356,3741
5,7,7,9,356,3741
4,1,7,9,356,3741
4,8,7,9,356,3741
3,2,7,9,356,3741
3,9,7,9,356,3741
8,3,7,9,356,3741
9,2,7,9,356,3741
9,4,7,9,356,3741
9,1,7,9,356,3741
9,5,7,9,356,3741
8,0,7,9,356,3741
8,6,7,9,356,3741
7,0,7,9,356,3741
7,7,7,9,356,3741
6,1,7,9,356,3741
6,8,7,9,356,3741
5,2,7,9,356,3741
5,9,7,9,356,3741
4,3,7,9,356,3741
4,9,7,9,356,3741
6,3,7,9,356,3741
7,2,7,9,356,3741
7,4,7,9,356,3741
8,1,7,9,356,3741
8,5,7,9,356,3741
9,0,7,9,356,3741
9,6,7,9,356,3741
9,7,7,9,356,3741
8,8,7,9,356,3741
7,9,7,9,356,3741
6,9,7,9,356,3741
5,4,7,9,356,3741
5,8,7,9,356,3741
0,4,7,9,357,3379
1,4,7,9,357,3379
0,3,7,9,357,3379
0,5,7,9,357,3379
2,4,7,9,357,3379
1,3,7,9,357,3379
1,5,7,9,357,3379
0,2,7,9,357,3379
0,6,7,9,357,3379
4,4,7,9,357,3379
3,3,7,9,357,3379
3,5,7,9,357,3379
2,2,7,9,357,3379
2,6,7,9,357,3379
1,1,7,9,357,3379
1,7,7,9,357,3379
6,4,7,9,357,3379
5,3,7,9,357,3379
5,5,7,9,357,3379
4,2,7,9,357,3379
4,6,7,9,357,3379
3,1,7,9,357,3379
3,7,7,9,357,3379
2,0,7,9,357,3379
2,8,7,9,357,3379
8,4,7,9,357,3379
7,3,7,9,357,3379
7,5,7,9,357,3379
6,2,7,9,357,3379
6,6,7,9,357,3379
5,1,7,9,357,3379
5,7,7,9,357,3379
4,0,7,9,357,3379
4,8,7,9,357,3379
3,0,7,9,357,3379
3,9,7,9,357,3379
9,4,7,9,357,3379
9,3,7,9,357,3379
9,5,7,9,357,3379
8,2,7,9,357,3379
8,6,7,9,357,3379
7,1,7,9,357,3379
7,7,7,9,357,3379
6,0,7,9,357,3379
6,8,7,9,357,3379
5,0,7,9,357,3379
5,9,7,9,357,3379
4,1,7,9,357,3379
4,9,7,9,357,3379
7,4,7,9,357,3379
8,3,7,9,357,3379
8,5,7,9,357,3379
9,2,7,9,357,3379
9,6,7,9,357,3379
9,1,7,9,357,3379
9,7,7,9,357,3379
8,0,7,9,357,3379
8,8,7,9,357,3379
7,0,7,9,357,3379
7,9,7,9,357,3379
6,1,7,9,357,3379
6,9,7,9,357,3379
5,2,7,9,357,3379
5,8,7,9,357,3379
0,1,7,9,358,4695
1,1,7,9,358,4695
0,0,7,9,358,4695
0,2,7,9,358,4695
2,1,7,9,358,4695
1,0,7,9,358,4695
1,2,7,9,358,4695
0,3,7,9,358,4695
3,1,7,9,358,4695
2,0,7,9,358,4695
2,2,7,9,358,4695
1,3,7,9,358,4695
0,4,7,9,358,4695
4,1,7,9,358,4695
3,0,7,9,358,4695
3,2,7,9,358,4695
2,3,7,9,358,4695
1,4,7,9,358,4695
0,5,7,9,358,4695
5,1,7,9,358,4695
4,0,7,9,358,4695
4,2,7,9,358,4695
3,3,7,9,358,4695
2,4,7,9,358,4695
1,5,7,9,358,4695
0,6,7,9,358,4695
6,1,7,9,358,4695
5,0,7,9,358,4695
5,2,7,9,358,4695
4,3,7,9,358,4695
3,4,7,9,358,4695
2,5,7,9,358,4695
1,6,7,9,358,4695
0,7,7,9,358,4695
7,1,7,9,358,4695
6,0,7,9,358,4695
6,2,7,9,358,4695
5,3,7,9,358,4695
4,4,7,9,358,4695
3,5,7,9,358,4695
2,6,7,9,358,4695
1,7,7,9,358,4695
0,8,7,9,358,4695
9,1,7,9,358,4695
8,0,7,9,358,4695
8,2,7,9,358,4695
7,0,7,9,358,4695
7,3,7,9,358,4695
6,4,7,9,358,4695
5,5,7,9,358,4695
4,6,7,9,358,4695
3,7,7,9,358,4695
2,8,7,9,358,4695
1,9,7,9,358,4695
8,1,7,9,358,4695
9,0,7,9,358,4695
9,2,7,9,358,4695
9,3,7,9,358,4695
8,4,7,9,358,4695
7,2,7,9,358,4695
7,5,7,9,358,4695
6,3,7,9,358,4695
6,6,7,9,358,4695
5,4,7,9,358,4695
5,7,7,9,358,4695
4,5,7,9,358,4695
4,8,7,9,358,4695
3,6,7,9,358,4695
3,9,7,9,358,4695
2,7,7,9,358,4695
2,9,7,9,358,4695
8,3,7,9,358,4695
9,4,7,9,358,4695
9,5,7,9,358,4695
8,6,7,9,358,4695
7,4,7,9,358,4695
7,7,7,9,358,4695
6,5,7,9,358,4695
6,8,7,9,358,4695
5,6,7,9,358,4695
5,9,7,9,358,4695
4,7,7,9,358,4695
4,9,7,9,358,4695
3,8,7,9,358,4695
8,5,7,9,358,4695
9,6,7,9,358,4695
9,7,7,9,358,4695
8,8,7,9,358,4695
7,6,7,9,358,4695
7,9,7,9,358,4695
6,7,7,9,358,4695
6,9,7,9,358,4695
5,8,7,9,358,4695
0,2,7,9,359,4400
1,2,7,9,359,4400
0,1,7,9,359,4400
0,3,7,9,359,4400
2,2,7,9,359,4400
1,1,7,9,359,4400
1,3,7,9,359,4400
0,0,7,9,359,4400
0,4,7,9,359,4400
3,2,7,9,359,4400
2,1,7,9,359,4400
2,3,7,9,359,4400
1,0,7,9,359,4400
1,4,7,9,359,4400
0,5,7,9,359,4400
4,2,7,9,359,4400
3,1,7,9,359,4400
3,3,7,9,359,4400
2,0,7,9,359,4400
2,4,7,9,359,4400
1,5,7,9,359,4400
0,6,7,9,359,4400
5,2,7,9,359,4400
4,1,7,9,359,4400
4,3,7,9,359,4400
3,0,7,9,359,4400
3,4,7,9,359,4400
2,5,7,9,359,4400
1,6,7,9,359,4400
0,7,7,9,359,4400
6,2,7,9,359,4400
5,1,7,9,359,4400
5,3,7,9,359,4400
4,0,7,9,359,4400
4,4,7,9,359,4400
3,5,7,9,359,4400
2,6,7,9,359,4400
1,7,7,9,359,4400
0,8,7,9,359,4400
8,2,7,9,359,4400
7,1,7,9,359,4400
7,3,7,9,359,4400
6,0,7,9,359,4400
6,4,7,9,359,4400
5,0,7,9,359,4400
5,5,7,9,359,4400
4,6,7,9,359,4400
3,7,7,9,359,4400
2,8,7,9,359,4400
1,9,7,9,359,4400
9,2,7,9,359,4400
9,1,7,9,359,4400
9,3,7,9,359,4400
8,0,7,9,359,4400
8,4,7,9,359,4400
7,0,7,9,359,4400
7,5,7,9,359,4400
6,1,7,9,359,4400
6,6,7,9,359,4400
5,7,7,9,359,4400
4,8,7,9,359,4400
3,9,7,9,359,4400
2,9,7,9,359,4400
7,2,7,9,359,4400
8,1,7,9,359,4400
8,3,7,9,359,4400
9,0,7,9,359,4400
9,4,7,9,359,4400
9,5,7,9,359,4400
8,6,7,9,359,4400
7,7,7,9,359,4400
6,3,7,9,359,4400
6,8,7,9,359,4400
5,4,7,9,359,4400
5,9,7,9,359,4400
4,5,7,9,359,4400
4,9,7,9,359,4400
3,6,7,9,359,4400
3,8,7,9,359,4400
7,4,7,9,359,4400
8,5,7,9,359,4400
9,6,7,9,359,4400
9,7,7,9,359,4400
8,8,7,9,359,4400
7,9,7,9,359,4400
6,5,7,9,359,4400
6,9,7,9,359,4400
5,6,7,9,359,4400
5,8,7,9,359,4400
4,7,7,9,359,4400
0,3,7,9,360,4083
1,3,7,9,360,4083
0,2,7,9,360,4083
0,4,7,9,360,4083
2,3,7,9,360,4083
1,2,7,9,360,4083
1,4,7,9,360,4083
0,1,7,9,360,4083
0,5,7,9,360,4083
3,3,7,9,360,4083
2,2,7,9,360,4083
2,4,7,9,360,4083
1,1,7,9,360,4083
1,5,7,9,360,4083
0,0,7,9,360,4083
0,6,7,9,360,4083
4,3,7,9,360,4083
3,2,7,9,360,4083
3,4,7,9,360,4083
2,1,7,9,360,4083
2,5,7,9,360,4083
1,0,7,9,360,4083
1,6,7,9,360,4083
0,7,7,9,360,4083
5,3,7,9,360,4083
4,2,7,9,360,4083
4,4,7,9,360,4083
3,1,7,9,360,4083
3,5,7,9,360,4083
2,0,7,9,360,4083
2,6,7,9,360,4083
1,7,7,9,360,4083
0,8,7,9,360,4083
7,3,7,9,360,4083
6,2,7,9,360,4083
6,4,7,9,360,4083
5,1,7,9,360,4083
5,5,7,9,360,4083
4,0,7,9,360,4083
4,6,7,9,360,4083
3,0,7,9,360,4083
3,7,7,9,360,4083
2,8,7,9,360,4083
1,9,7,9,360,4083
9,3,7,9,360,4083
8,2,7,9,360,4083
8,4,7,9,360,4083
7,1,7,9,360,4083
7,5,7,9,360,4083
6,0,7,9,360,4083
6,6,7,9,360,4083
5,0,7,9,360,4083
5,7,7,9,360,4083
4,1,7,9,360,4083
4,8,7,9,360,4083
3,9,7,9,360,4083
2,9,7,9,360,4083
8,3,7,9,360,4083
9,2,7,9,360,4083
9,4,7,9,360,4083
9,1,7,9,360,4083
9,5,7,9,360,4083
8,0,7,9,360,4083
8,6,7,9,360,4083
7,0,7,9,360,4083
7,7,7,9,360,4083
6,1,7,9,360,4083
6,8,7,9,360,4083
5,2,7,9,360,4083
5,9,7,9,360,4083
4,9,7,9,360,4083
3,8,7,9,360,4083
6,3,7,9,360,4083
7,2,7,9,360,4083
7,4,7,9,360,4083
8,1,7,9,360,4083
8,5,7,9,360,4083
9,0,7,9,360,4083
9,6,7,9,360,4083
9,7,7,9,360,4083
8,8,7,9,360,4083
7,9,7,9,360,4083
6,9,7,9,360,4083
5,4,7,9,360,4083
5,8,7,9,360,4083
4,5,7,9,360,4083
4,7,7,9,360,4083
0,4,7,9,361,3744
1,4,7,9,361,3744
0,3,7,9,361,3744
0,5,7,9,361,3744
2,4,7,9,361,3744
1,3,7,9,361,3744
1,5,7,9,361,3744
0,2,7,9,361,3744
0,6,7,9,361,3744
3,4,7,9,361,3744
2,3,7,9,361,3744
2,5,7,9,361,3744
1,2,7,9,361,3744
1,6,7,9,361,3744
0,1,7,9,361,3744
0,7,7,9,361,3744
4,4,7,9,361,3744
3,3,7,9,361,3744
3,5,7,9,361,3744
2,2,7,9,361,3744
2,6,7,9,361,3744
1,1,7,9,361,3744
1,7,7,9,361,3744
0,0,7,9,361,3744
0,8,7,9,361,3744
6,4,7,9,361,3744
5,3,7,9,361,3744
5,5,7,9,361,3744
4,2,7,9,361,3744
4,6,7,9,361,3744
3,1,7,9,361,3744
3,7,7,9,361,3744
2,0,7,9,361,3744
2,8,7,9,361,3744
1,0,7,9,361,3744
1,9,7,9,361,3744
8,4,7,9,361,3744
7,3,7,9,361,3744
7,5,7,9,361,3744
6,2,7,9,361,3744
6,6,7,9,361,3744
5,1,7,9,361,3744
5,7,7,9,361,3744
4,0,7,9,361,3744
4,8,7,9,361,3744
3,0,7,9,361,3744
3,9,7,9,361,3744
2,1,7,9,361,3744
2,9,7,9,361,3744
9,4,7,9,361,3744
9,3,7,9,361,3744
9,5,7,9,361,3744
8,2,7,9,361,3744
8,6,7,9,361,3744
7,1,7,9,361,3744
7,7,7,9,361,3744
6,0,7,9,361,3744
6,8,7,9,361,3744
5,0,7,9,361,3744
5,9,7,9,361,3744
4,1,7,9,361,3744
4,9,7,9,361,3744
3,2,7,9,361,3744
3,8,7,9,361,3744
7,4,7,9,361,3744
8,3,7,9,361,3744
8,5,7,9,361,3744
9,2,7,9,361,3744
9,6,7,9,361,3744
9,1,7,9,361,3744
9,7,7,9,361,3744
8,0,7,9,361,3744
8,8,7,9,361,3744
7,0,7,9,361,3744
7,9,7,9,361,3744
6,1,7,9,361,3744
6,9,7,9,361,3744
5,2,7,9,361,3744
5,8,7,9,361,3744
4,3,7,9,361,3744
4,7,7,9,361,3744
0,5,7,9,362,3381
1,5,7,9,362,3381
0,4,7,9,362,3381
0,6,7,9,362,3381
2,5,7,9,362,3381
1,4,7,9,362,3381
1,6,7,9,362,3381
0,3,7,9,362,3381
0,7,7,9,362,3381
3,5,7,9,362,3381
2,4,7,9,362,3381
2,6,7,9,362,3381
1,3,7,9,362,3381
1,7,7,9,362,3381
0,2,7,9,362,3381
0,8,7,9,362,3381
5,5,7,9,362,3381
4,4,7,9,362,3381
4,6,7,9,362,3381
3,3,7,9,362,3381
3,7,7,9,362,3381
2,2,7,9,362,3381
2,8,7,9,362,3381
1,1,7,9,362,3381
1,9,7,9,362,3381
7,5,7,9,362,3381
6,4,7,9,362,3381
6,6,7,9,362,3381
5,3,7,9,362,3381
5,7,7,9,362,3381
4,2,7,9,362,3381
4,8,7,9,362,3381
3,1,7,9,362,3381
3,9,7,9,362,3381
2,0,7,9,362,3381
2,9,7,9,362,3381
9,5,7,9,362,3381
8,4,7,9,362,3381
8,6,7,9,362,3381
7,3,7,9,362,3381
7,7,7,9,362,3381
6,2,7,9,362,3381
6,8,7,9,362,3381
5,1,7,9,362,3381
5,9,7,9,362,3381
4,0,7,9,362,3381
4,9,7,9,362,3381
3,0,7,9,362,3381
3,8,7,9,362,3381
8,5,7,9,362,3381
9,4,7,9,362,3381
9,6,7,9,362,3381
9,3,7,9,362,3381
9,7,7,9,362,3381
8,2,7,9,362,3381
8,8,7,9,362,3381
7,1,7,9,362,3381
7,9,7,9,362,3381
6,0,7,9,362,3381
6,9,7,9,362,3381
5,0,7,9,362,3381
5,8,7,9,362,3381
4,1,7,9,362,3381
4,7,7,9,362,3381
0,6,7,9,363,2992
1,6,7,9,363,2992
0,5,7,9,363,2992
0,7,7,9,363,2992
2,6,7,9,363,2992
1,5,7,9,363,2992
1,7,7,9,363,2992
0,4,7,9,363,2992
0,8,7,9,363,2992
4,6,7,9,363,2992
3,5,7,9,363,2992
3,7,7,9,363,2992
2,4,7,9,363,2992
2,8,7,9,363,2992
1,3,7,9,363,2992
1,9,7,9,363,2992
6,6,7,9,363,2992
5,5,7,9,363,2992
5,7,7,9,363,2992
4,4,7,9,363,2992
4,8,7,9,363,2992
3,3,7,9,363,2992
3,9,7,9,363,2992
2,2,7,9,363,2992
2,9,7,9,363,2992
8,6,7,9,363,2992
7,5,7,9,363,2992
7,7,7,9,363,2992
6,4,7,9,363,2992
6,8,7,9,363,2992
5,3,7,9,363,2992
5,9,7,9,363,2992
4,2,7,9,363,2992
4,9,7,9,363,2992
3,1,7,9,363,2992
3,8,7,9,363,2992
9,6,7,9,363,2992
9,5,7,9,363,2992
9,7,7,9,363,2992
8,4,7,9,363,2992
8,8,7,9,363,2992
7,3,7,9,363,2992
7,9,7,9,363,2992
6,2,7,9,363,2992
6,9,7,9,363,2992
5,1,7,9,363,2992
5,8,7,9,363,2992
4,0,7,9,363,2992
4,7,7,9,363,2992
0,2,7,9,364,4700
1,2,7,9,364,4700
0,1,7,9,364,4700
0,3,7,9,364,4700
2,2,7,9,364,4700
1,1,7,9,364,4700
1,3,7,9,364,4700
0,0,7,9,364,4700
0,4,7,9,364,4700
3,2,7,9,364,4700
2,1,7,9,364,4700
2,3,7,9,364,4700
1,0,7,9,364,4700
1,4,7,9,364,4700
0,5,7,9,364,4700
4,2,7,9,364,4700
3,1,7,9,364,4700
3,3,7,9,364,4700
2,0,7,9,364,4700
2,4,7,9,364,4700
1,5,7,9,364,4700
0,6,7,9,364,4700
5,2,7,9,364,4700
4,1,7,9,364,4700
4,3,7,9,364,4700
3,0,7,9,364,4700
3,4,7,9,364,4700
2,5,7,9,364,4700
1,6,7,9,364,4700
0,7,7,9,364,4700
6,2,7,9,364,4700
5,1,7,9,364,4700
5,3,7,9,364,4700
4,0,7,9,364,4700
4,4,7,9,364,4700
3,5,7,9,364,4700
2,6,7,9,364,4700
1,7,7,9,364,4700
0,8,7,9,364,4700
7,2,7,9,364,4700
6,1,7,9,364,4700
6,3,7,9,364,4700
5,0,7,9,364,4700
5,4,7,9,364,4700
4,5,7,9,364,4700
3,6,7,9,364,4700
2,7,7,9,364,4700
1,8,7,9,364,4700
0,9,7,9,364,4700
8,2,7,9,364,4700
7,1,7,9,364,4700
7,3,7,9,364,4700
6,0,7,9,364,4700
6,4,7,9,364,4700
5,5,7,9,364,4700
4,6,7,9,364,4700
3,7,7,9,364,4700
2,8,7,9,364,4700
1,9,7,9,364,4700
9,2,7,9,364,4700
9,1,7,9,364,4700
9,3,7,9,364,4700
8,0,7,9,364,4700
8,4,7,9,364,4700
7,0,7,9,364,4700
7,5,7,9,364,4700
6,6,7,9,364,4700
5,7,7,9,364,4700
4,8,7,9,364,4700
3,9,7,9,364,4700
2,9,7,9,364,4700
8,1,7,9,364,4700
8,3,7,9,364,4700
9,0,7,9,364,4700
9,4,7,9,364,4700
9,5,7,9,364,4700
8,6,7,9,364,4700
7,7,7,9,364,4700
6,8,7,9,364,4700
5,9,7,9,364,4700
4,9,7,9,364,4700
3,8,7,9,364,4700
7,4,7,9,364,4700
8,5,7,9,364,4700
9,6,7,9,364,4700
9,7,7,9,364,4700
8,8,7,9,364,4700
7,9,7,9,364,4700
6,5,7,9,364,4700
6,9,7,9,364,4700
5,6,7,9,364,4700
5,8,7,9,364,4700
4,7,7,9,364,4700
0,4,7,9,365,4086
1,4,7,9,365,4086
0,3,7,9,365,4086
0,5,7,9,365,4086
2,4,7,9,365,4086
1,3,7,9,365,4086
1,5,7,9,365,4086
0,2,7,9,365,4086
0,6,7,9,365,4086
3,4,7,9,365,4086
2,3,7,9,365,4086
2,5,7,9,365,4086
1,2,7,9,365,4086
1,6,7,9,365,4086
0,1,7,9,365,4086
0,7,7,9,365,4086
4,4,7,9,365,4086
3,3,7,9,365,4086
3,5,7,9,365,4086
2,2,7,9,365,4086
2,6,7,9,365,4086
1,1,7,9,365,4086
1,7,7,9,365,4086
0,0,7,9,365,4086
0,8,7,9,365,4086
5,4,7,9,365,4086
4,3,7,9,365,4086
4,5,7,9,365,4086
3,2,7,9,365,4086
3,6,7,9,365,4086
2,1,7,9,365,4086
2,7,7,9,365,4086
1,0,7,9,365,4086
1,8,7,9,365,4086
0,9,7,9,365,4086
6,4,7,9,365,4086
5,3,7,9,365,4086
5,5,7,9,365,4086
4,2,7,9,365,4086
4,6,7,9,365,4086
3,1,7,9,365,4086
3,7,7,9,365,4086
2,0,7,9,365,4086
2,8,7,9,365,4086
1,9,7,9,365,4086
8,4,7,9,365,4086
7,3,7,9,365,4086
7,5,7,9,365,4086
6,2,7,9,365,4086
6,6,7,9,365,4086
5,1,7,9,365,4086
5,7,7,9,365,4086
4,0,7,9,365,4086
4,8,7,9,365,4086
3,0,7,9,365,4086
3,9,7,9,365,4086
2,9,7,9,365,4086
9,4,7,9,365,4086
9,3,7,9,365,4086
9,5,7,9,365,4086
8,2,7,9,365,4086
8,6,7,9,365,4086
7,1,7,9,365,4086
7,7,7,9,365,4086
6,0,7,9,365,4086
6,8,7,9,365,4086
5,0,7,9,365,4086
5,9,7,9,365,4086
4,1,7,9,365,4086
4,9,7,9,365,4086
3,8,7,9,365,4086
7,4,7,9,365,4086
8,3,7,9,365,4086
8,5,7,9,365,4086
9,2,7,9,365,4086
9,6,7,9,365,4086
9,1,7,9,365,4086
9,7,7,9,365,4086
8,0,7,9,365,4086
8,8,7,9,365,4086
7,0,7,9,365,4086
7,9,7,9,365,4086
6,1,7,9,365,4086
6,9,7,9,365,4086
5,2,7,9,365,4086
5,8,7,9,365,4086
4,7,7,9,365,4086
0,5,7,9,366,3745
1,5,7,9,366,3745
0,4,7,9,366,3745
0,6,7,9,366,3745
2,5,7,9,366,3745
1,4,7,9,366,3745
1,6,7,9,366,3745
0,3,7,9,366,3745
0,7,7,9,366,3745
3,5,7,9,366,3745
2,4,7,9,366,3745
2,6,7,9,366,3745
1,3,7,9,366,3745
1,7,7,9,366,3745
0,2,7,9,366,3745
0,8,7,9,366,3745
4,5,7,9,366,3745
3,4,7,9,366,3745
3,6,7,9,366,3745
2,3,7,9,366,3745
2,7,7,9,366,3745
1,2,7,9,366,3745
1,8,7,9,366,3745
0,1,7,9,366,3745
0,9,7,9,366,3745
5,5,7,9,366,3745
4,4,7,9,366,3745
4,6,7,9,366,3745
3,3,7,9,366,3745
3,7,7,9,366,3745
2,2,7,9,366,3745
2,8,7,9,366,3745
1,1,7,9,366,3745
1,9,7,9,366,3745
0,0,7,9,366,3745
7,5,7,9,366,3745
6,4,7,9,366,3745
6,6,7,9,366,3745
5,3,7,9,366,3745
5,7,7,9,366,3745
4,2,7,9,366,3745
4,8,7,9,366,3745
3,1,7,9,366,3745
3,9,7,9,366,3745
2,0,7,9,366,3745
2,9,7,9,366,3745
1,0,7,9,366,3745
9,5,7,9,366,3745
8,4,7,9,366,3745
8,6,7,9,366,3745
7,3,7,9,366,3745
7,7,7,9,366,3745
6,2,7,9,366,3745
6,8,7,9,366,3745
5,1,7,9,366,3745
5,9,7,9,366,3745
4,0,7,9,366,3745
4,9,7,9,366,3745
3,0,7,9,366,3745
3,8,7,9,366,3745
2,1,7,9,366,3745
8,5,7,9,366,3745
9,4,7,9,366,3745
9,6,7,9,366,3745
9,3,7,9,366,3745
9,7,7,9,366,3745
8,2,7,9,366,3745
8,8,7,9,366,3745
7,1,7,9,366,3745
7,9,7,9,366,3745
6,0,7,9,366,3745
6,9,7,9,366,3745
5,0,7,9,366,3745
5,8,7,9,366,3745
4,1,7,9,366,3745
4,7,7,9,366,3745
3,2,7,9,366,3745
0,6,7,9,367,3381
1,6,7,9,367,3381
0,5,7,9,367,3381
0,7,7,9,367,3381
2,6,7,9,367,3381
1,5,7,9,367,3381
1,7,7,9,367,3381
0,4,7,9,367,3381
0,8,7,9,367,3381
3,6,7,9,367,3381
2,5,7,9,367,3381
2,7,7,9,367,3381
1,4,7,9,367,3381
1,8,7,9,367,3381
0,3,7,9,367,3381
0,9,7,9,367,3381
4,6,7,9,367,3381
3,5,7,9,367,3381
3,7,7,9,367,3381
2,4,7,9,367,3381
2,8,7,9,367,3381
1,3,7,9,367,3381
1,9,7,9,367,3381
0,2,7,9,367,3381
6,6,7,9,367,3381
5,5,7,9,367,3381
5,7,7,9,367,3381
4,4,7,9,367,3381
4,8,7,9,367,3381
3,3,7,9,367,3381
3,9,7,9,367,3381
2,2,7,9,367,3381
2,9,7,9,367,3381
1,1,7,9,367,3381
8,6,7,9,367,3381
7,5,7,9,367,3381
7,7,7,9,367,3381
6,4,7,9,367,3381
6,8,7,9,367,3381
5,3,7,9,367,3381
5,9,7,9,367,3381
4,2,7,9,367,3381
4,9,7,9,367,3381
3,1,7,9,367,3381
3,8,7,9,367,3381
2,0,7,9,367,3381
9,6,7,9,367,3381
9,5,7,9,367,3381
9,7,7,9,367,3381
8,4,7,9,367,3381
8,8,7,9,367,3381
7,3,7,9,367,3381
7,9,7,9,367,3381
6,2,7,9,367,3381
6,9,7,9,367,3381
5,1,7,9,367,3381
5,8,7,9,367,3381
4,0,7,9,367,3381
4,7,7,9,367,3381
3,0,7,9,367,3381
0,4,7,9,368,4404
1,4,7,9,368,4404
0,3,7,9,368,4404
0,5,7,9,368,4404
2,4,7,9,368,4404
1,3,7,9,368,4404
1,5,7,9,368,4404
0,2,7,9,368,4404
0,6,7,9,368,4404
3,4,7,9,368,4404
2,3,7,9,368,4404
2,5,7,9,368,4404
1,2,7,9,368,4404
1,6,7,9,368,4404
0,1,7,9,368,4404
0,7,7,9,368,4404
4,4,7,9,368,4404
3,3,7,9,368,4404
3,5,7,9,368,4404
2,2,7,9,368,4404
2,6,7,9,368,4404
1,1,7,9,368,4404
1,7,7,9,368,4404
0,0,7,9,368,4404
0,8,7,9,368,4404
5,4,7,9,368,4404
4,3,7,9,368,4404
4,5,7,9,368,4404
3,2,7,9,368,4404
3,6,7,9,368,4404
2,1,7,9,368,4404
2,7,7,9,368,4404
1,0,7,9,368,4404
1,8,7,9,368,4404
0,9,7,9,368,4404
6,4,7,9,368,4404
5,3,7,9,368,4404
5,5,7,9,368,4404
4,2,7,9,368,4404
4,6,7,9,368,4404
3,1,7,9,368,4404
3,7,7,9,368,4404
2,0,7,9,368,4404
2,8,7,9,368,4404
1,9,7,9,368,4404
7,4,7,9,368,4404
6,3,7,9,368,4404
6,5,7,9,368,4404
5,2,7,9,368,4404
5,6,7,9,368,4404
4,1,7,9,368,4404
4,7,7,9,368,4404
3,0,7,9,368,4404
3,8,7,9,368,4404
2,9,7,9,368,4404
8,4,7,9,368,4404
7,3,7,9,368,4404
7,5,7,9,368,4404
6,2,7,9,368,4404
6,6,7,9,368,4404
5,1,7,9,368,4404
5,7,7,9,368,4404
4,0,7,9,368,4404
4,8,7,9,368,4404
3,9,7,9,368,4404
9,4,7,9,368,4404
9,3,7,9,368,4404
9,5,7,9,368,4404
8,2,7,9,368,4404
8,6,7,9,368,4404
7,1,7,9,368,4404
7,7,7,9,368,4404
6,0,7,9,368,4404
6,8,7,9,368,4404
5,0,7,9,368,4404
5,9,7,9,368,4404
4,9,7,9,368,4404
8,3,7,9,368,4404
8,5,7,9,368,4404
9,2,7,9,368,4404
9,6,7,9,368,4404
9,1,7,9,368,4404
9,7,7,9,368,4404
8,0,7,9,368,4404
8,8,7,9,368,4404
7,0,7,9,368,4404
7,9,7,9,368,4404
6,1,7,9,368,4404
6,9,7,9,368,4404
5,8,7,9,368,4404
0,6,7,9,369,3744
1,6,7,9,369,3744
0,5,7,9,369,3744
0,7,7,9,369,3744
2,6,7,9,369,3744
1,5,7,9,369,3744
1,7,7,9,369,3744
0,4,7,9,369,3744
0,8,7,9,369,3744
3,6,7,9,369,3744
2,5,7,9,369,3744
2,7,7,9,369,3744
1,4,7,9,369,3744
1,8,7,9,369,3744
0,3,7,9,369,3744
0,9,7,9,369,3744
4,6,7,9,369,3744
3,5,7,9,369,3744
3,7,7,9,369,3744
2,4,7,9,369,3744
2,8,7,9,369,3744
1,3,7,9,369,3744
1,9,7,9,369,3744
0,2,7,9,369,3744
5,6,7,9,369,3744
4,5,7,9,369,3744
4,7,7,9,369,3744
3,4,7,9,369,3744
3,8,7,9,369,3744
2,3,7,9,369,3744
2,9,7,9,369,3744
1,2,7,9,369,3744
0,1,7,9,369,3744
6,6,7,9,369,3744
5,5,7,9,369,3744
5,7,7,9,369,3744
4,4,7,9,369,3744
4,8,7,9,369,3744
3,3,7,9,369,3744
3,9,7,9,369,3744
2,2,7,9,369,3744
1,1,7,9,369,3744
0,0,7,9,369,3744
8,6,7,9,369,3744
7,5,7,9,369,3744
7,7,7,9,369,3744
6,4,7,9,369,3744
6,8,7,9,369,3744
5,3,7,9,369,3744
5,9,7,9,369,3744
4,2,7,9,369,3744
4,9,7,9,369,3744
3,1,7,9,369,3744
2,0,7,9,369,3744
1,0,7,9,369,3744
9,6,7,9,369,3744
9,5,7,9,369,3744
9,7,7,9,369,3744
8,4,7,9,369,3744
8,8,7,9,369,3744
7,3,7,9,369,3744
7,9,7,9,369,3744
6,2,7,9,369,3744
6,9,7,9,369,3744
5,1,7,9,369,3744
5,8,7,9,369,3744
4,0,7,9,369,3744
3,0,7,9,369,3744
2,1,7,9,369,3744
0,7,7,7,370,3379
1,7,7,7,370,3379
0,6,7,7,370,3379
0,8,7,7,370,3379
2,7,7,7,370,3379
1,6,7,7,370,3379
1,8,7,7,370,3379
0,5,7,7,370,3379
0,9,7,7,370,3379
3,7,7,7,370,3379
2,6,7,7,370,3379
2,8,7,7,370,3379
1,5,7,7,370,3379
1,9,7,7,370,3379
0,4,7,7,370,3379
4,7,7,7,370,3379
3,6,7,7,370,3379
3,8,7,7,370,3379
2,5,7,7,370,3379
2,9,7,7,370,3379
1,4,7,7,370,3379
0,3,7,7,370,3379
5,7,7,7,370,3379
4,6,7,7,370,3379
4,8,7,7,370,3379
3,5,7,7,370,3379
3,9,7,7,370,3379
2,4,7,7,370,3379
1,3,7,7,370,3379
0,2,7,7,370,3379
7,7,7,7,370,3379
6,6,7,7,370,3379
6,8,7,7,370,3379
5,5,7,7,370,3379
5,9,7,7,370,3379
4,4,7,7,370,3379
4,9,7,7,370,3379
3,3,7,7,370,3379
2,2,7,7,370,3379
1,1,7,7,370,3379
9,7,7,7,370,3379
8,6,7,7,370,3379
8,8,7,7,370,3379
7,5,7,7,370,3379
7,9,7,7,370,3379
6,4,7,7,370,3379
6,9,7,7,370,3379
5,3,7,7,370,3379
5,8,7,7,370,3379
4,2,7,7,370,3379
3,1,7,7,370,3379
2,0,7,7,370,3379
0,8,6,6,371,2991
1,8,6,6,371,2991
0,7,6,6,371,2991
0,9,6,6,371,2991
2,8,6,6,371,2991
1,7,6,6,371,2991
1,9,6,6,371,2991
0,6,6,6,371,2991
3,8,6,6,371,2991
2,7,6,6,371,2991
2,9,6,6,371,2991
1,6,6,6,371,2991
0,5,6,6,371,2991
4,8,6,6,371,2991
3,7,6,6,371,2991
3,9,6,6,371,2991
2,6,6,6,371,2991
1,5,6,6,371,2991
0,4,6,6,371,2991
6,8,6,6,371,2991
5,7,6,6,371,2991
5,9,6,6,371,2991
4,6,6,6,371,2991
4,9,6,6,371,2991
3,5,6,6,371,2991
2,4,6,6,371,2991
1,3,6,6,371,2991
8,8,6,6,371,2991
7,7,6,6,371,2991
7,9,6,6,371,2991
6,6,6,6,371,2991
6,9,6,6,371,2991
5,5,6,6,371,2991
5,8,6,6,371,2991
4,4,6,6,371,2991
4,7,6,6,371,2991
3,3,6,6,371,2991
3,6,6,6,371,2991
2,2,6,6,371,2991
2,5,6,6,371,2991
0,4,7,9,372,4701
1,4,7,9,372,4701
0,3,7,9,372,4701
0,5,7,9,372,4701
2,4,7,9,372,4701
1,3,7,9,372,4701
1,5,7,9,372,4701
0,2,7,9,372,4701
0,6,7,9,372,4701
3,4,7,9,372,4701
2,3,7,9,372,4701
2,5,7,9,372,4701
1,2,7,9,372,4701
1,6,7,9,372,4701
0,1,7,9,372,4701
0,7,7,9,372,4701
4,4,7,9,372,4701
3,3,7,9,372,4701
3,5,7,9,372,4701
2,2,7,9,372,4701
2,6,7,9,372,4701
1,1,7,9,372,4701
1,7,7,9,372,4701
0,0,7,9,372,4701
0,8,7,9,372,4701
5,4,7,9,372,4701
4,3,7,9,372,4701
4,5,7,9,372,4701
3,2,7,9,372,4701
3,6,7,9,372,4701
2,1,7,9,372,4701
2,7,7,9,372,4701
1,0,7,9,372,4701
1,8,7,9,372,4701
0,9,7,9,372,4701
6,4,7,9,372,4701
5,3,7,9,372,4701
5,5,7,9,372,4701
4,2,7,9,372,4701
4,6,7,9,372,4701
3,1,7,9,372,4701
3,7,7,9,372,4701
2,0,7,9,372,4701
2,8,7,9,372,4701
1,9,7,9,372,4701
7,4,7,9,372,4701
6,3,7,9,372,4701
6,5,7,9,372,4701
5,2,7,9,372,4701
5,6,7,9,372,4701
4,1,7,9,372,4701
4,7,7,9,372,4701
3,0,7,9,372,4701
3,8,7,9,372,4701
2,9,7,9,372,4701
8,4,7,9,372,4701
7,3,7,9,372,4701
7,5,7,9,372,4701
6,2,7,9,372,4701
6,6,7,9,372,4701
5,1,7,9,372,4701
5,7,7,9,372,4701
4,0,7,9,372,4701
4,8,7,9,372,4701
3,9,7,9,372,4701
9,4,7,9,372,4701
8,3,7,9,372,4701
8,5,7,9,372,4701
7,2,7,9,372,4701
7,6,7,9,372,4701
6,1,7,9,372,4701
6,7,7,9,372,4701
5,0,7,9,372,4701
5,8,7,9,372,4701
4,9,7,9,372,4701
9,3,7,9,372,4701
9,5,7,9,372,4701
8,2,7,9,372,4701
8,6,7,9,372,4701
7,1,7,9,372,4701
7,7,7,9,372,4701
6,0,7,9,372,4701
6,8,7,9,372,4701
5,9,7,9,372,4701
9,2,7,9,372,4701
9,6,7,9,372,4701
9,1,7,9,372,4701
9,7,7,9,372,4701
8,0,7,9,372,4701
8,8,7,9,372,4701
7,0,7,9,372,4701
7,9,7,9,372,4701
6,9,7,9,372,4701
0,6,7,9,373,4082
1,6,7,9,373,4082
0,5,7,9,373,4082
0,7,7,9,373,4082
2,6,7,9,373,4082
1,5,7,9,373,4082
1,7,7,9,373,4082
0,4,7,9,373,4082
0,8,7,9,373,4082
3,6,7,9,373,4082
2,5,7,9,373,4082
2,7,7,9,373,4082
1,4,7,9,373,4082
1,8,7,9,373,4082
0,3,7,9,373,4082
0,9,7,9,373,4082
4,6,7,9,373,4082
3,5,7,9,373,4082
3,7,7,9,373,4082
2,4,7,9,373,4082
2,8,7,9,373,4082
1,3,7,9,373,4082
1,9,7,9,373,4082
0,2,7,9,373,4082
5,6,7,9,373,4082
4,5,7,9,373,4082
4,7,7,9,373,4082
3,4,7,9,373,4082
3,8,7,9,373,4082
2,3,7,9,373,4082
2,9,7,9,373,4082
1,2,7,9,373,4082
0,1,7,9,373,4082
6,6,7,9,373,4082
5,5,7,9,373,4082
5,7,7,9,373,4082
4,4,7,9,373,4082
4,8,7,9,373,4082
3,3,7,9,373,4082
3,9,7,9,373,4082
2,2,7,9,373,4082
1,1,7,9,373,4082
0,0,7,9,373,4082
7,6,7,9,373,4082
6,5,7,9,373,4082
6,7,7,9,373,4082
5,4,7,9,373,4082
5,8,7,9,373,4082
4,3,7,9,373,4082
4,9,7,9,373,4082
3,2,7,9,373,4082
2,1,7,9,373,4082
1,0,7,9,373,4082
8,6,7,9,373,4082
7,5,7,9,373,4082
7,7,7,9,373,4082
6,4,7,9,373,4082
6,8,7,9,373,4082
5,3,7,9,373,4082
5,9,7,9,373,4082
4,2,7,9,373,4082
3,1,7,9,373,4082
2,0,7,9,373,4082
9,6,7,9,373,4082
9,5,7,9,373,4082
9,7,7,9,373,4082
8,4,7,9,373,4082
8,8,7,9,373,4082
7,3,7,9,373,4082
7,9,7,9,373,4082
6,2,7,9,373,4082
6,9,7,9,373,4082
5,1,7,9,373,4082
4,0,7,9,373,4082
3,0,7,9,373,4082
0,7,7,7,374,3741
1,7,7,7,374,3741
0,6,7,7,374,3741
0,8,7,7,374,3741
2,7,7,7,374,3741
1,6,7,7,374,3741
1,8,7,7,374,3741
0,5,7,7,374,3741
0,9,7,7,374,3741
3,7,7,7,374,3741
2,6,7,7,374,3741
2,8,7,7,374,3741
1,5,7,7,374,3741
1,9,7,7,374,3741
0,4,7,7,374,3741
4,7,7,7,374,3741
3,6,7,7,374,3741
3,8,7,7,374,3741
2,5,7,7,374,3741
2,9,7,7,374,3741
1,4,7,7,374,3741
0,3,7,7,374,3741
5,7,7,7,374,3741
4,6,7,7,374,3741
4,8,7,7,374,3741
3,5,7,7,374,3741
3,9,7,7,374,3741
2,4,7,7,374,3741
1,3,7,7,374,3741
0,2,7,7,374,3741
6,7,7,7,374,3741
5,6,7,7,374,3741
5,8,7,7,374,3741
4,5,7,7,374,3741
4,9,7,7,374,3741
3,4,7,7,374,3741
2,3,7,7,374,3741
1,2,7,7,374,3741
0,1,7,7,374,3741
7,7,7,7,374,3741
6,6,7,7,374,3741
6,8,7,7,374,3741
5,5,7,7,374,3741
5,9,7,7,374,3741
4,4,7,7,374,3741
3,3,7,7,374,3741
2,2,7,7,374,3741
1,1,7,7,374,3741
0,0,7,7,374,3741
9,7,7,7,374,3741
8,6,7,7,374,3741
8,8,7,7,374,3741
7,5,7,7,374,3741
7,9,7,7,374,3741
6,4,7,7,374,3741
6,9,7,7,374,3741
5,3,7,7,374,3741
4,2,7,7,374,3741
3,1,7,7,374,3741
2,0,7,7,374,3741
1,0,7,7,374,3741
0,9,2,6,375,3009
1,9,2,6,375,3009
0,8,2,6,375,3009
2,9,2,6,375,3009
1,8,2,6,375,3009
0,7,2,6,375,3009
3,9,2,6,375,3009
2,8,2,6,375,3009
1,7,2,6,375,3009
0,6,2,6,375,3009
4,9,2,6,375,3009
3,8,2,6,375,3009
2,7,2,6,375,3009
1,6,2,6,375,3009
0,5,2,6,375,3009
5,9,2,6,375,3009
4,8,2,6,375,3009
3,7,2,6,375,3009
2,6,2,6,375,3009
1,5,2,6,375,3009
0,4,2,6,375,3009
7,9,2,6,375,3009
6,8,2,6,375,3009
6,9,2,6,375,3009
5,7,2,6,375,3009
5,8,2,6,375,3009
4,6,2,6,375,3009
4,7,2,6,375,3009
3,5,2,6,375,3009
3,6,2,6,375,3009
2,4,2,6,375,3009
2,5,2,6,375,3009
1,3,2,6,375,3009
1,4,2,6,375,3009
0,6,7,9,376,4398
1,6,7,9,376,4398
0,5,7,9,376,4398
0,7,7,9,376,4398
2,6,7,9,376,4398
1,5,7,9,376,4398
1,7,7,9,376,4398
0,4,7,9,376,4398
0,8,7,9,376,4398
3,6,7,9,376,4398
2,5,7,9,376,4398
2,7,7,9,376,4398
1,4,7,9,376,4398
1,8,7,9,376,4398
0,3,7,9,376,4398
0,9,7,9,376,4398
4,6,7,9,376,4398
3,5,7,9,376,4398
3,7,7,9,376,4398
2,4,7,9,376,4398
2,8,7,9,376,4398
1,3,7,9,376,4398
1,9,7,9,376,4398
0,2,7,9,376,4398
5,6,7,9,376,4398
4,5,7,9,376,4398
4,7,7,9,376,4398
3,4,7,9,376,4398
3,8,7,9,376,4398
2,3,7,9,376,4398
2,9,7,9,376,4398
1,2,7,9,376,4398
0,1,7,9,376,4398
6,6,7,9,376,4398
5,5,7,9,376,4398
5,7,7,9,376,4398
4,4,7,9,376,4398
4,8,7,9,376,4398
3,3,7,9,376,4398
3,9,7,9,376,4398
2,2,7,9,376,4398
1,1,7,9,376,4398
0,0,7,9,376,4398
7,6,7,9,376,4398
6,5,7,9,376,4398
6,7,7,9,376,4398
5,4,7,9,376,4398
5,8,7,9,376,4398
4,3,7,9,376,4398
4,9,7,9,376,4398
3,2,7,9,376,4398
2,1,7,9,376,4398
1,0,7,9,376,4398
8,6,7,9,376,4398
7,5,7,9,376,4398
7,7,7,9,376,4398
6,4,7,9,376,4398
6,8,7,9,376,4398
5,3,7,9,376,4398
5,9,7,9,376,4398
4,2,7,9,376,4398
3,1,7,9,376,4398
2,0,7,9,376,4398
9,6,7,9,376,4398
8,5,7,9,376,4398
8,7,7,9,376,4398
7,4,7,9,376,4398
7,8,7,9,376,4398
6,3,7,9,376,4398
6,9,7,9,376,4398
5,2,7,9,376,4398
4,1,7,9,376,4398
3,0,7,9,376,4398
9,5,7,9,376,4398
9,7,7,9,376,4398
8,4,7,9,376,4398
8,8,7,9,376,4398
7,3,7,9,376,4398
7,9,7,9,376,4398
6,2,7,9,376,4398
5,1,7,9,376,4398
4,0,7,9,376,4398
0,7,7,7,377,4098
1,7,7,7,377,4098
0,6,7,7,377,4098
0,8,7,7,377,4098
2,7,7,7,377,4098
1,6,7,7,377,4098
1,8,7,7,377,4098
0,5,7,7,377,4098
0,9,7,7,377,4098
3,7,7,7,377,4098
2,6,7,7,377,4098
2,8,7,7,377,4098
1,5,7,7,377,4098
1,9,7,7,377,4098
0,4,7,7,377,4098
4,7,7,7,377,4098
3,6,7,7,377,4098
3,8,7,7,377,4098
2,5,7,7,377,4098
2,9,7,7,377,4098
1,4,7,7,377,4098
0,3,7,7,377,4098
5,7,7,7,377,4098
4,6,7,7,377,4098
4,8,7,7,377,4098
3,5,7,7,377,4098
3,9,7,7,377,4098
2,4,7,7,377,4098
1,3,7,7,377,4098
0,2,7,7,377,4098
6,7,7,7,377,4098
5,6,7,7,377,4098
5,8,7,7,377,4098
4,5,7,7,377,4098
4,9,7,7,377,4098
3,4,7,7,377,4098
2,3,7,7,377,4098
1,2,7,7,377,4098
0,1,7,7,377,4098
7,7,7,7,377,4098
6,6,7,7,377,4098
6,8,7,7,377,4098
5,5,7,7,377,4098
5,9,7,7,377,4098
4,4,7,7,377,4098
3,3,7,7,377,4098
2,2,7,7,377,4098
1,1,7,7,377,4098
0,0,7,7,377,4098
8,7,7,7,377,4098
7,6,7,7,377,4098
7,8,7,7,377,4098
6,5,7,7,377,4098
6,9,7,7,377,4098
5,4,7,7,377,4098
4,3,7,7,377,4098
3,2,7,7,377,4098
2,1,7,7,377,4098
1,0,7,7,377,4098
9,7,7,7,377,4098
8,6,7,7,377,4098
8,8,7,7,377,4098
7,5,7,7,377,4098
7,9,7,7,377,4098
6,4,7,7,377,4098
5,3,7,7,377,4098
4,2,7,7,377,4098
3,1,7,7,377,4098
2,0,7,7,377,4098
0,8,6,6,378,3765
1,8,6,6,378,3765
0,7,6,6,378,3765
0,9,6,6,378,3765
2,8,6,6,378,3765
1,7,6,6,378,3765
1,9,6,6,378,3765
0,6,6,6,378,3765
3,8,6,6,378,3765
2,7,6,6,378,3765
2,9,6,6,378,3765
1,6,6,6,378,3765
0,5,6,6,378,3765
4,8,6,6,378,3765
3,7,6,6,378,3765
3,9,6,6,378,3765
2,6,6,6,378,3765
1,5,6,6,378,3765
0,4,6,6,378,3765
5,8,6,6,378,3765
4,7,6,6,378,3765
4,9,6,6,378,3765
3,6,6,6,378,3765
2,5,6,6,378,3765
1,4,6,6,378,3765
0,3,6,6,378,3765
6,8,6,6,378,3765
5,7,6,6,378,3765
5,9,6,6,378,3765
4,6,6,6,378,3765
3,5,6,6,378,3765
2,4,6,6,378,3765
1,3,6,6,378,3765
0,2,6,6,378,3765
7,8,6,6,378,3765
6,7,6,6,378,3765
6,9,6,6,378,3765
5,6,6,6,378,3765
4,5,6,6,378,3765
3,4,6,6,378,3765
2,3,6,6,378,3765
1,2,6,6,378,3765
0,1,6,6,378,3765
8,8,6,6,378,3765
7,7,6,6,378,3765
7,9,6,6,378,3765
6,6,6,6,378,3765
5,5,6,6,378,3765
4,4,6,6,378,3765
3,3,6,6,378,3765
2,2,6,6,378,3765
1,1,6,6,378,3765
0,0,6,6,378,3765
0,9,4,6,379,3403
1,9,4,6,379,3403
0,8,4,6,379,3403
2,9,4,6,379,3403
1,8,4,6,379,3403
0,7,4,6,379,3403
3,9,4,6,379,3403
2,8,4,6,379,3403
1,7,4,6,379,3403
0,6,4,6,379,3403
4,9,4,6,379,3403
3,8,4,6,379,3403
2,7,4,6,379,3403
1,6,4,6,379,3403
0,5,4,6,379,3403
5,9,4,6,379,3403
4,8,4,6,379,3403
3,7,4,6,379,3403
2,6,4,6,379,3403
1,5,4,6,379,3403
0,4,4,6,379,3403
6,9,4,6,379,3403
5,8,4,6,379,3403
4,7,4,6,379,3403
3,6,4,6,379,3403
2,5,4,6,379,3403
1,4,4,6,379,3403
0,3,4,6,379,3403
7,9,4,6,379,3403
6,8,4,6,379,3403
5,7,4,6,379,3403
4,6,4,6,379,3403
3,5,4,6,379,3403
2,4,4,6,379,3403
1,3,4,6,379,3403
0,2,4,6,379,3403
4,2,9,7,380,2565
6,2,9,7,380,2565
5,1,9,7,380,2565
5,3,9,7,380,2565
8,2,9,7,380,2565
7,1,9,7,380,2565
7,3,9,7,380,2565
6,0,9,7,380,2565
6,4,9,7,380,2565
9,2,9,7,380,2565
9,1,9,7,380,2565
9,3,9,7,380,2565
8,0,9,7,380,2565
8,4,9,7,380,2565
7,0,9,7,380,2565
7,5,9,7,380,2565
7,2,9,7,380,2565
8,1,9,7,380,2565
8,3,9,7,380,2565
9,0,9,7,380,2565
9,4,9,7,380,2565
9,5,9,7,380,2565
8,6,9,7,380,2565
5,2,9,7,380,2565
6,1,9,7,380,2565
6,3,9,7,380,2565
7,4,9,7,380,2565
8,5,9,7,380,2565
9,6,9,7,380,2565
9,7,9,7,380,2565
5,3,9,7,381,2122
7,3,9,7,381,2122
6,2,9,7,381,2122
6,4,9,7,381,2122
9,3,9,7,381,2122
8,2,9,7,381,2122
8,4,9,7,381,2122
7,1,9,7,381,2122
7,5,9,7,381,2122
8,3,9,7,381,2122
9,2,9,7,381,2122
9,4,9,7,381,2122
9,1,9,7,381,2122
9,5,9,7,381,2122
8,0,9,7,381,2122
8,6,9,7,381,2122
6,3,9,7,381,2122
7,2,9,7,381,2122
7,4,9,7,381,2122
8,1,9,7,381,2122
8,5,9,7,381,2122
9,0,9,7,381,2122
9,6,9,7,381,2122
9,7,9,7,381,2122
3,5,7,9,382,2122
5,5,7,9,382,2122
4,4,7,9,382,2122
4,6,7,9,382,2122
7,5,7,9,382,2122
6,4,7,9,382,2122
6,6,7,9,382,2122
5,3,7,9,382,2122
5,7,7,9,382,2122
9,5,7,9,382,2122
8,4,7,9,382,2122
8,6,7,9,382,2122
7,3,7,9,382,2122
7,7,7,9,382,2122
6,2,7,9,382,2122
6,8,7,9,382,2122
8,5,7,9,382,2122
9,4,7,9,382,2122
9,6,7,9,382,2122
9,3,7,9,382,2122
9,7,7,9,382,2122
8,2,7,9,382,2122
8,8,7,9,382,2122
7,1,7,9,382,2122
7,9,7,9,382,2122
1,5,7,9,383,2571
3,5,7,9,383,2571
2,4,7,9,383,2571
2,6,7,9,383,2571
5,5,7,9,383,2571
4,4,7,9,383,2571
4,6,7,9,383,2571
3,3,7,9,383,2571
3,7,7,9,383,2571
7,5,7,9,383,2571
6,4,7,9,383,2571
6,6,7,9,383,2571
5,3,7,9,383,2571
5,7,7,9,383,2571
4,2,7,9,383,2571
4,8,7,9,383,2571
9,5,7,9,383,2571
8,4,7,9,383,2571
8,6,7,9,383,2571
7,3,7,9,383,2571
7,7,7,9,383,2571
6,2,7,9,383,2571
6,8,7,9,383,2571
5,1,7,9,383,2571
5,9,7,9,383,2571
8,5,7,9,383,2571
9,4,7,9,383,2571
9,6,7,9,383,2571
9,3,7,9,383,2571
9,7,7,9,383,2571
8,2,7,9,383,2571
8,8,7,9,383,2571
7,1,7,9,383,2571
7,9,7,9,383,2571
6,0,7,9,383,2571
6,9,7,9,383,2571
2,6,7,9,384,2127
4,6,7,9,384,2127
3,5,7,9,384,2127
3,7,7,9,384,2127
6,6,7,9,384,2127
5,5,7,9,384,2127
5,7,7,9,384,2127
4,4,7,9,384,2127
4,8,7,9,384,2127
8,6,7,9,384,2127
7,5,7,9,384,2127
7,7,7,9,384,2127
6,4,7,9,384,2127
6,8,7,9,384,2127
5,3,7,9,384,2127
5,9,7,9,384,2127
9,6,7,9,384,2127
9,5,7,9,384,2127
9,7,7,9,384,2127
8,4,7,9,384,2127
8,8,7,9,384,2127
7,3,7,9,384,2127
7,9,7,9,384,2127
6,2,7,9,384,2127
6,9,7,9,384,2127
0,6,7,9,385,2574
2,6,7,9,385,2574
1,5,7,9,385,2574
1,7,7,9,385,2574
4,6,7,9,385,2574
3,5,7,9,385,2574
3,7,7,9,385,2574
2,4,7,9,385,2574
2,8,7,9,385,2574
6,6,7,9,385,2574
5,5,7,9,385,2574
5,7,7,9,385,2574
4,4,7,9,385,2574
4,8,7,9,385,2574
3,3,7,9,385,2574
3,9,7,9,385,2574
8,6,7,9,385,2574
7,5,7,9,385,2574
7,7,7,9,385,2574
6,4,7,9,385,2574
6,8,7,9,385,2574
5,3,7,9,385,2574
5,9,7,9,385,2574
4,2,7,9,385,2574
4,9,7,9,385,2574
9,6,7,9,385,2574
9,5,7,9,385,2574
9,7,7,9,385,2574
8,4,7,9,385,2574
8,8,7,9,385,2574
7,3,7,9,385,2574
7,9,7,9,385,2574
6,2,7,9,385,2574
6,9,7,9,385,2574
5,1,7,9,385,2574
5,8,7,9,385,2574
1,7,7,9,386,2128
3,7,7,9,386,2128
2,6,7,9,386,2128
2,8,7,9,386,2128
5,7,7,9,386,2128
4,6,7,9,386,2128
4,8,7,9,386,2128
3,5,7,9,386,2128
3,9,7,9,386,2128
7,7,7,9,386,2128
6,6,7,9,386,2128
6,8,7,9,386,2128
5,5,7,9,386,2128
5,9,7,9,386,2128
4,4,7,9,386,2128
4,9,7,9,386,2128
9,7,7,9,386,2128
8,6,7,9,386,2128
8,8,7,9,386,2128
7,5,7,9,386,2128
7,9,7,9,386,2128
6,4,7,9,386,2128
6,9,7,9,386,2128
5,3,7,9,386,2128
5,8,7,9,386,2128
0,8,7,7,387,2127
2,8,7,7,387,2127
1,7,7,7,387,2127
1,9,7,7,387,2127
4,8,7,7,387,2127
3,7,7,7,387,2127
3,9,7,7,387,2127
2,6,7,7,387,2127
2,9,7,7,387,2127
6,8,7,7,387,2127
5,7,7,7,387,2127
5,9,7,7,387,2127
4,6,7,7,387,2127
4,9,7,7,387,2127
3,5,7,7,387,2127
3,8,7,7,387,2127
8,8,7,7,387,2127
7,7,7,7,387,2127
7,9,7,7,387,2127
6,6,7,7,387,2127
6,9,7,7,387,2127
5,5,7,7,387,2127
5,8,7,7,387,2127
4,4,7,7,387,2127
4,7,7,7,387,2127
0,8,7,7,388,2571
1,8,7,7,388,2571
0,7,7,7,388,2571
0,9,7,7,388,2571
2,8,7,7,388,2571
1,7,7,7,388,2571
1,9,7,7,388,2571
0,6,7,7,388,2571
4,8,7,7,388,2571
3,7,7,7,388,2571
3,9,7,7,388,2571
2,6,7,7,388,2571
2,9,7,7,388,2571
1,5,7,7,388,2571
6,8,7,7,388,2571
5,7,7,7,388,2571
5,9,7,7,388,2571
4,6,7,7,388,2571
4,9,7,7,388,2571
3,5,7,7,388,2571
3,8,7,7,388,2571
2,4,7,7,388,2571
2,7,7,7,388,2571
8,8,7,7,388,2571
7,7,7,7,388,2571
7,9,7,7,388,2571
6,6,7,7,388,2571
6,9,7,7,388,2571
5,5,7,7,388,2571
5,8,7,7,388,2571
4,4,7,7,388,2571
4,7,7,7,388,2571
3,3,7,7,388,2571
3,6,7,7,388,2571
0,9,5,7,389,2130
1,9,5,7,389,2130
0,8,5,7,389,2130
3,9,5,7,389,2130
2,8,5,7,389,2130
2,9,5,7,389,2130
1,7,5,7,389,2130
1,8,5,7,389,2130
5,9,5,7,389,2130
4,8,5,7,389,2130
4,9,5,7,389,2130
3,7,5,7,389,2130
3,8,5,7,389,2130
2,6,5,7,389,2130
2,7,5,7,389,2130
7,9,5,7,389,2130
6,8,5,7,389,2130
6,9,5,7,389,2130
5,7,5,7,389,2130
5,8,5,7,389,2130
4,6,5,7,389,2130
4,7,5,7,389,2130
3,5,5,7,389,2130
3,6,5,7,389,2130
6,4,9,7,337,1646
8,4,9,7,337,1646
7,3,9,7,337,1646
7,5,9,7,337,1646
9,4,9,7,337,1646
9,3,9,7,337,1646
9,5,9,7,337,1646
8,2,9,7,337,1646
8,6,9,7,337,1646
7,4,9,7,337,1646
8,3,9,7,337,1646
8,5,9,7,337,1646
9,2,9,7,337,1646
9,6,9,7,337,1646
9,1,9,7,337,1646
9,7,9,7,337,1646
4,6,7,9,338,1646
6,6,7,9,338,1646
5,5,7,9,338,1646
5,7,7,9,338,1646
8,6,7,9,338,1646
7,5,7,9,338,1646
7,7,7,9,338,1646
6,4,7,9,338,1646
6,8,7,9,338,1646
9,6,7,9,338,1646
9,5,7,9,338,1646
9,7,7,9,338,1646
8,4,7,9,338,1646
8,8,7,9,338,1646
7,3,7,9,338,1646
7,9,7,9,338,1646
3,7,7,9,390,1650
5,7,7,9,390,1650
4,6,7,9,390,1650
4,8,7,9,390,1650
7,7,7,9,390,1650
6,6,7,9,390,1650
6,8,7,9,390,1650
5,5,7,9,390,1650
5,9,7,9,390,1650
9,7,7,9,390,1650
8,6,7,9,390,1650
8,8,7,9,390,1650
7,5,7,9,390,1650
7,9,7,9,390,1650
6,4,7,9,390,1650
6,9,7,9,390,1650
2,8,7,7,341,1650
4,8,7,7,341,1650
3,7,7,7,341,1650
3,9,7,7,341,1650
6,8,7,7,341,1650
5,7,7,7,341,1650
5,9,7,7,341,1650
4,6,7,7,341,1650
4,9,7,7,341,1650
8,8,7,7,341,1650
7,7,7,7,341,1650
7,9,7,7,341,1650
6,6,7,7,341,1650
6,9,7,7,341,1650
5,5,7,7,341,1650
5,8,7,7,341,1650
7,5,9,7,247,1136
9,5,9,7,247,1136
8,4,9,7,247,1136
8,6,9,7,247,1136
8,5,9,7,247,1136
9,4,9,7,247,1136
9,6,9,7,247,1136
9,3,9,7,247,1136
9,7,9,7,247,1136
8,6,9,7,136,588
9,6,9,7,136,588
9,5,9,7,136,588
9,7,9,7,136,588
7,7,7,7,43,588
9,7,7,7,43,588
8,6,7,7,43,588
8,8,7,7,43,588
5,7,7,9,62,1136
7,7,7,9,62,1136
6,6,7,9,62,1136
6,8,7,9,62,1136
9,7,7,9,62,1136
8,6,7,9,62,1136
8,8,7,9,62,1136
7,5,7,9,62,1136
7,9,7,9,62,1136
6,8,7,9,22,588
8,8,7,9,22,588
7,7,7,9,22,588
7,9,7,9,22,588
5,9,7,9,391,588
7,9,7,9,391,588
6,8,7,9,391,588
6,9,7,9,391,588
9,7,9,7,0,0
8,8,8,8,0,0
7,9,7,9,0,0
0,0,8,7,392,4427
1,0,8,7,392,4427
0,1,8,7,392,4427
2,0,8,7,392,4427
1,1,8,7,392,4427
0,2,8,7,392,4427
3,0,8,7,392,4427
2,1,8,7,392,4427
1,2,8,7,392,4427
0,3,8,7,392,4427
5,0,8,7,392,4427
4,0,8,7,392,4427
4,1,8,7,392,4427
3,1,8,7,392,4427
3,2,8,7,392,4427
2,2,8,7,392,4427
2,3,8,7,392,4427
1,3,8,7,392,4427
1,4,8,7,392,4427
7,0,8,7,392,4427
6,0,8,7,392,4427
6,1,8,7,392,4427
5,1,8,7,392,4427
5,2,8,7,392,4427
4,2,8,7,392,4427
4,3,8,7,392,4427
3,3,8,7,392,4427
3,4,8,7,392,4427
2,4,8,7,392,4427
2,5,8,7,392,4427
9,0,8,7,392,4427
8,0,8,7,392,4427
8,1,8,7,392,4427
7,1,8,7,392,4427
7,2,8,7,392,4427
6,2,8,7,392,4427
6,3,8,7,392,4427
5,3,8,7,392,4427
5,4,8,7,392,4427
4,4,8,7,392,4427
4,5,8,7,392,4427
3,5,8,7,392,4427
3,6,8,7,392,4427
9,1,8,7,392,4427
9,2,8,7,392,4427
8,2,8,7,392,4427
8,3,8,7,392,4427
7,3,8,7,392,4427
7,4,8,7,392,4427
6,4,8,7,392,4427
6,5,8,7,392,4427
5,5,8,7,392,4427
5,6,8,7,392,4427
4,6,8,7,392,4427
4,7,8,7,392,4427
9,3,8,7,392,4427
9,4,8,7,392,4427
8,4,8,7,392,4427
8,5,8,7,392,4427
7,5,8,7,392,4427
7,6,8,7,392,4427
6,6,8,7,392,4427
6,7,8,7,392,4427
5,7,8,7,392,4427
5,8,8,7,392,4427
9,5,8,7,392,4427
9,6,8,7,392,4427
8,6,8,7,392,4427
8,7,8,7,392,4427
7,7,8,7,392,4427
7,8,8,7,392,4427
6,8,8,7,392,4427
6,9,8,7,392,4427
9,7,8,7,392,4427
9,8,8,7,392,4427
8,8,8,7,392,4427
8,9,8,7,392,4427
7,9,8,7,392,4427
0,0,8,7,393,4097
1,0,8,7,393,4097
0,1,8,7,393,4097
3,0,8,7,393,4097
2,0,8,7,393,4097
2,1,8,7,393,4097
1,1,8,7,393,4097
1,2,8,7,393,4097
5,0,8,7,393,4097
4,0,8,7,393,4097
4,1,8,7,393,4097
3,1,8,7,393,4097
3,2,8,7,393,4097
2,2,8,7,393,4097
2,3,8,7,393,4097
7,0,8,7,393,4097
6,0,8,7,393,4097
6,1,8,7,393,4097
5,1,8,7,393,4097
5,2,8,7,393,4097
4,2,8,7,393,4097
4,3,8,7,393,4097
3,3,8,7,393,4097
3,4,8,7,393,4097
9,0,8,7,393,4097
8,0,8,7,393,4097
8,1,8,7,393,4097
7,1,8,7,393,4097
7,2,8,7,393,4097
6,2,8,7,393,4097
6,3,8,7,393,4097
5,3,8,7,393,4097
5,4,8,7,393,4097
4,4,8,7,393,4097
4,5,8,7,393,4097
9,1,8,7,393,4097
9,2,8,7,393,4097
8,2,8,7,393,4097
8,3,8,7,393,4097
7,3,8,7,393,4097
7,4,8,7,393,4097
6,4,8,7,393,4097
6,5,8,7,393,4097
5,5,8,7,393,4097
5,6,8,7,393,4097
9,3,8,7,393,4097
9,4,8,7,393,4097
8,4,8,7,393,4097
8,5,8,7,393,4097
7,5,8,7,393,4097
7,6,8,7,393,4097
6,6,8,7,393,4097
6,7,8,7,393,4097
9,5,8,7,393,4097
9,6,8,7,393,4097
8,6,8,7,393,4097
8,7,8,7,393,4097
7,7,8,7,393,4097
7,8,8,7,393,4097
9,7,8,7,393,4097
9,8,8,7,393,4097
8,8,8,7,393,4097
8,9,8,7,393,4097
1,0,8,7,394,3743
3,0,8,7,394,3743
2,0,8,7,394,3743
2,1,8,7,394,3743
5,0,8,7,394,3743
4,0,8,7,394,3743
4,1,8,7,394,3743
3,1,8,7,394,3743
3,2,8,7,394,3743
7,0,8,7,394,3743
6,0,8,7,394,3743
6,1,8,7,394,3743
5,1,8,7,394,3743
5,2,8,7,394,3743
4,2,8,7,394,3743
4,3,8,7,394,3743
9,0,8,7,394,3743
8,0,8,7,394,3743
8,1,8,7,394,3743
7,1,8,7,394,3743
7,2,8,7,394,3743
6,2,8,7,394,3743
6,3,8,7,394,3743
5,3,8,7,394,3743
5,4,8,7,394,3743
9,1,8,7,394,3743
9,2,8,7,394,3743
8,2,8,7,394,3743
8,3,8,7,394,3743
7,3,8,7,394,3743
7,4,8,7,394,3743
6,4,8,7,394,3743
6,5,8,7,394,3743
9,3,8,7,394,3743
9,4,8,7,394,3743
8,4,8,7,394,3743
8,5,8,7,394,3743
7,5,8,7,394,3743
7,6,8,7,394,3743
9,5,8,7,394,3743
9,6,8,7,394,3743
8,6,8,7,394,3743
8,7,8,7,394,3743
9,7,8,7,394,3743
9,8,8,7,394,3743
2,1,8,7,395,3382
4,1,8,7,395,3382
3,0,8,7,395,3382
3,2,8,7,395,3382
6,1,8,7,395,3382
5,0,8,7,395,3382
5,2,8,7,395,3382
4,0,8,7,395,3382
4,3,8,7,395,3382
8,1,8,7,395,3382
7,0,8,7,395,3382
7,2,8,7,395,3382
6,0,8,7,395,3382
6,3,8,7,395,3382
5,1,8,7,395,3382
5,4,8,7,395,3382
9,1,8,7,395,3382
9,0,8,7,395,3382
9,2,8,7,395,3382
8,0,8,7,395,3382
8,3,8,7,395,3382
7,1,8,7,395,3382
7,4,8,7,395,3382
6,2,8,7,395,3382
6,5,8,7,395,3382
8,2,8,7,395,3382
9,3,8,7,395,3382
9,4,8,7,395,3382
8,5,8,7,395,3382
7,3,8,7,395,3382
7,6,8,7,395,3382
8,4,8,7,395,3382
9,5,8,7,395,3382
9,6,8,7,395,3382
8,7,8,7,395,3382
3,1,8,7,395,3382
4,2,8,7,395,3382
5,3,8,7,395,3382
6,4,8,7,395,3382
7,5,8,7,395,3382
8,6,8,7,395,3382
9,7,8,7,395,3382
9,8,8,7,395,3382
0,1,8,7,396,3750
2,1,8,7,396,3750
1,0,8,7,396,3750
1,2,8,7,396,3750
4,1,8,7,396,3750
3,0,8,7,396,3750
3,2,8,7,396,3750
2,0,8,7,396,3750
2,3,8,7,396,3750
6,1,8,7,396,3750
5,0,8,7,396,3750
5,2,8,7,396,3750
4,0,8,7,396,3750
4,3,8,7,396,3750
3,1,8,7,396,3750
3,4,8,7,396,3750
8,1,8,7,396,3750
7,0,8,7,396,3750
7,2,8,7,396,3750
6,0,8,7,396,3750
6,3,8,7,396,3750
5,1,8,7,396,3750
5,4,8,7,396,3750
4,2,8,7,396,3750
4,5,8,7,396,3750
9,1,8,7,396,3750
9,0,8,7,396,3750
9,2,8,7,396,3750
8,0,8,7,396,3750
8,3,8,7,396,3750
7,1,8,7,396,3750
7,4,8,7,396,3750
6,2,8,7,396,3750
6,5,8,7,396,3750
5,3,8,7,396,3750
5,6,8,7,396,3750
8,2,8,7,396,3750
9,3,8,7,396,3750
9,4,8,7,396,3750
8,5,8,7,396,3750
7,3,8,7,396,3750
7,6,8,7,396,3750
6,4,8,7,396,3750
6,7,8,7,396,3750
8,4,8,7,396,3750
9,5,8,7,396,3750
9,6,8,7,396,3750
8,7,8,7,396,3750
7,5,8,7,396,3750
7,8,8,7,396,3750
8,6,8,7,396,3750
9,7,8,7,396,3750
9,8,8,7,396,3750
8,9,8,7,396,3750
1,2,8,7,397,3386
3,2,8,7,397,3386
2,1,8,7,397,3386
2,3,8,7,397,3386
5,2,8,7,397,3386
4,1,8,7,397,3386
4,3,8,7,397,3386
3,0,8,7,397,3386
3,4,8,7,397,3386
7,2,8,7,397,3386
6,1,8,7,397,3386
6,3,8,7,397,3386
5,0,8,7,397,3386
5,4,8,7,397,3386
4,0,8,7,397,3386
4,5,8,7,397,3386
9,2,8,7,397,3386
8,1,8,7,397,3386
8,3,8,7,397,3386
7,0,8,7,397,3386
7,4,8,7,397,3386
6,0,8,7,397,3386
6,5,8,7,397,3386
5,1,8,7,397,3386
5,6,8,7,397,3386
8,2,8,7,397,3386
9,1,8,7,397,3386
9,3,8,7,397,3386
9,0,8,7,397,3386
9,4,8,7,397,3386
8,0,8,7,397,3386
8,5,8,7,397,3386
7,1,8,7,397,3386
7,6,8,7,397,3386
6,2,8,7,397,3386
6,7,8,7,397,3386
7,3,8,7,397,3386
8,4,8,7,397,3386
9,5,8,7,397,3386
9,6,8,7,397,3386
8,7,8,7,397,3386
7,8,8,7,397,3386
4,2,8,7,397,3386
5,3,8,7,397,3386
6,4,8,7,397,3386
7,5,8,7,397,3386
8,6,8,7,397,3386
9,7,8,7,397,3386
9,8,8,7,397,3386
8,9,8,7,397,3386
0,3,7,8,398,3379
2,3,7,8,398,3379
1,2,7,8,398,3379
1,4,7,8,398,3379
4,3,7,8,398,3379
3,2,7,8,398,3379
3,4,7,8,398,3379
2,1,7,8,398,3379
2,5,7,8,398,3379
6,3,7,8,398,3379
5,2,7,8,398,3379
5,4,7,8,398,3379
4,1,7,8,398,3379
4,5,7,8,398,3379
3,0,7,8,398,3379
3,6,7,8,398,3379
8,3,7,8,398,3379
7,2,7,8,398,3379
7,4,7,8,398,3379
6,1,7,8,398,3379
6,5,7,8,398,3379
5,0,7,8,398,3379
5,6,7,8,398,3379
4,0,7,8,398,3379
4,7,7,8,398,3379
9,3,7,8,398,3379
9,2,7,8,398,3379
9,4,7,8,398,3379
8,1,7,8,398,3379
8,5,7,8,398,3379
7,0,7,8,398,3379
7,6,7,8,398,3379
6,0,7,8,398,3379
6,7,7,8,398,3379
5,1,7,8,398,3379
5,8,7,8,398,3379
7,3,7,8,398,3379
8,2,7,8,398,3379
8,4,7,8,398,3379
9,1,7,8,398,3379
9,5,7,8,398,3379
9,0,7,8,398,3379
9,6,7,8,398,3379
8,0,7,8,398,3379
8,7,7,8,398,3379
7,1,7,8,398,3379
7,8,7,8,398,3379
6,2,7,8,398,3379
6,9,7,8,398,3379
5,3,7,8,398,3379
6,4,7,8,398,3379
7,5,7,8,398,3379
8,6,7,8,398,3379
9,7,7,8,398,3379
9,8,7,8,398,3379
8,9,7,8,398,3379
7,9,7,8,398,3379
0,1,5,6,399,4424
1,1,5,6,399,4424
0,0,5,6,399,4424
0,2,5,6,399,4424
2,1,5,6,399,4424
1,0,5,6,399,4424
1,2,5,6,399,4424
0,3,5,6,399,4424
3,1,5,6,399,4424
2,0,5,6,399,4424
2,2,5,6,399,4424
1,3,5,6,399,4424
0,4,5,6,399,4424
4,1,5,6,399,4424
3,0,5,6,399,4424
3,2,5,6,399,4424
2,3,5,6,399,4424
1,4,5,6,399,4424
0,5,5,6,399,4424
6,1,5,6,399,4424
5,0,5,6,399,4424
5,2,5,6,399,4424
4,0,5,6,399,4424
4,3,5,6,399,4424
3,4,5,6,399,4424
2,5,5,6,399,4424
1,6,5,6,399,4424
8,1,5,6,399,4424
7,0,5,6,399,4424
7,2,5,6,399,4424
6,0,5,6,399,4424
6,3,5,6,399,4424
5,1,5,6,399,4424
5,4,5,6,399,4424
4,2,5,6,399,4424
4,5,5,6,399,4424
3,3,5,6,399,4424
3,6,5,6,399,4424
2,4,5,6,399,4424
2,7,5,6,399,4424
9,1,5,6,399,4424
9,0,5,6,399,4424
9,2,5,6,399,4424
8,0,5,6,399,4424
8,3,5,6,399,4424
7,1,5,6,399,4424
7,4,5,6,399,4424
6,2,5,6,399,4424
6,5,5,6,399,4424
5,3,5,6,399,4424
5,6,5,6,399,4424
4,4,5,6,399,4424
4,7,5,6,399,4424
3,5,5,6,399,4424
3,8,5,6,399,4424
8,2,5,6,399,4424
9,3,5,6,399,4424
9,4,5,6,399,4424
8,5,5,6,399,4424
7,3,5,6,399,4424
7,6,5,6,399,4424
6,4,5,6,399,4424
6,7,5,6,399,4424
5,5,5,6,399,4424
5,8,5,6,399,4424
4,6,5,6,399,4424
4,9,5,6,399,4424
8,4,5,6,399,4424
9,5,5,6,399,4424
9,6,5,6,399,4424
8,7,5,6,399,4424
7,5,5,6,399,4424
7,8,5,6,399,4424
6,6,5,6,399,4424
6,9,5,6,399,4424
5,7,5,6,399,4424
5,9,5,6,399,4424
8,6,5,6,399,4424
9,7,5,6,399,4424
9,8,5,6,399,4424
8,9,5,6,399,4424
7,7,5,6,399,4424
7,9,5,6,399,4424
6,8,5,6,399,4424
0,3,8,9,400,3741
1,3,8,9,400,3741
0,2,8,9,400,3741
0,4,8,9,400,3741
2,3,8,9,400,3741
1,2,8,9,400,3741
1,4,8,9,400,3741
0,1,8,9,400,3741
0,5,8,9,400,3741
4,3,8,9,400,3741
3,2,8,9,400,3741
3,4,8,9,400,3741
2,1,8,9,400,3741
2,5,8,9,400,3741
1,0,8,9,400,3741
1,6,8,9,400,3741
6,3,8,9,400,3741
5,2,8,9,400,3741
5,4,8,9,400,3741
4,1,8,9,400,3741
4,5,8,9,400,3741
3,0,8,9,400,3741
3,6,8,9,400,3741
2,0,8,9,400,3741
2,7,8,9,400,3741
8,3,8,9,400,3741
7,2,8,9,400,3741
7,4,8,9,400,3741
6,1,8,9,400,3741
6,5,8,9,400,3741
5,0,8,9,400,3741
5,6,8,9,400,3741
4,0,8,9,400,3741
4,7,8,9,400,3741
3,1,8,9,400,3741
3,8,8,9,400,3741
9,3,8,9,400,3741
9,2,8,9,400,3741
9,4,8,9,400,3741
8,1,8,9,400,3741
8,5,8,9,400,3741
7,0,8,9,400,3741
7,6,8,9,400,3741
6,0,8,9,400,3741
6,7,8,9,400,3741
5,1,8,9,400,3741
5,8,8,9,400,3741
4,2,8,9,400,3741
4,9,8,9,400,3741
7,3,8,9,400,3741
8,2,8,9,400,3741
8,4,8,9,400,3741
9,1,8,9,400,3741
9,5,8,9,400,3741
9,0,8,9,400,3741
9,6,8,9,400,3741
8,0,8,9,400,3741
8,7,8,9,400,3741
7,1,8,9,400,3741
7,8,8,9,400,3741
6,2,8,9,400,3741
6,9,8,9,400,3741
5,3,8,9,400,3741
5,9,8,9,400,3741
6,4,8,9,400,3741
7,5,8,9,400,3741
8,6,8,9,400,3741
9,7,8,9,400,3741
9,8,8,9,400,3741
8,9,8,9,400,3741
7,9,8,9,400,3741
6,8,8,9,400,3741
0,4,8,9,401,3379
1,4,8,9,401,3379
0,3,8,9,401,3379
0,5,8,9,401,3379
3,4,8,9,401,3379
2,3,8,9,401,3379
2,5,8,9,401,3379
1,2,8,9,401,3379
1,6,8,9,401,3379
5,4,8,9,401,3379
4,3,8,9,401,3379
4,5,8,9,401,3379
3,2,8,9,401,3379
3,6,8,9,401,3379
2,1,8,9,401,3379
2,7,8,9,401,3379
7,4,8,9,401,3379
6,3,8,9,401,3379
6,5,8,9,401,3379
5,2,8,9,401,3379
5,6,8,9,401,3379
4,1,8,9,401,3379
4,7,8,9,401,3379
3,0,8,9,401,3379
3,8,8,9,401,3379
9,4,8,9,401,3379
8,3,8,9,401,3379
8,5,8,9,401,3379
7,2,8,9,401,3379
7,6,8,9,401,3379
6,1,8,9,401,3379
6,7,8,9,401,3379
5,0,8,9,401,3379
5,8,8,9,401,3379
4,0,8,9,401,3379
4,9,8,9,401,3379
8,4,8,9,401,3379
9,3,8,9,401,3379
9,5,8,9,401,3379
9,2,8,9,401,3379
9,6,8,9,401,3379
8,1,8,9,401,3379
8,7,8,9,401,3379
7,0,8,9,401,3379
7,8,8,9,401,3379
6,0,8,9,401,3379
6,9,8,9,401,3379
5,1,8,9,401,3379
5,9,8,9,401,3379
6,4,8,9,401,3379
7,3,8,9,401,3379
7,5,8,9,401,3379
8,2,8,9,401,3379
8,6,8,9,401,3379
9,1,8,9,401,3379
9,7,8,9,401,3379
9,0,8,9,401,3379
9,8,8,9,401,3379
8,0,8,9,401,3379
8,9,8,9,401,3379
7,1,8,9,401,3379
7,9,8,9,401,3379
6,2,8,9,401,3379
6,8,8,9,401,3379
0,1,7,8,402,4700
1,1,7,8,402,4700
0,0,7,8,402,4700
0,2,7,8,402,4700
2,1,7,8,402,4700
1,0,7,8,402,4700
1,2,7,8,402,4700
0,3,7,8,402,4700
3,1,7,8,402,4700
2,0,7,8,402,4700
2,2,7,8,402,4700
1,3,7,8,402,4700
0,4,7,8,402,4700
4,1,7,8,402,4700
3,0,7,8,402,4700
3,2,7,8,402,4700
2,3,7,8,402,4700
1,4,7,8,402,4700
0,5,7,8,402,4700
5,1,7,8,402,4700
4,0,7,8,402,4700
4,2,7,8,402,4700
3,3,7,8,402,4700
2,4,7,8,402,4700
1,5,7,8,402,4700
0,6,7,8,402,4700
6,1,7,8,402,4700
5,0,7,8,402,4700
5,2,7,8,402,4700
4,3,7,8,402,4700
3,4,7,8,402,4700
2,5,7,8,402,4700
1,6,7,8,402,4700
0,7,7,8,402,4700
8,1,7,8,402,4700
7,0,7,8,402,4700
7,2,7,8,402,4700
6,0,7,8,402,4700
6,3,7,8,402,4700
5,4,7,8,402,4700
4,5,7,8,402,4700
3,6,7,8,402,4700
2,7,7,8,402,4700
1,8,7,8,402,4700
9,1,7,8,402,4700
9,0,7,8,402,4700
9,2,7,8,402,4700
8,0,7,8,402,4700
8,3,7,8,402,4700
7,1,7,8,402,4700
7,4,7,8,402,4700
6,2,7,8,402,4700
6,5,7,8,402,4700
5,3,7,8,402,4700
5,6,7,8,402,4700
4,4,7,8,402,4700
4,7,7,8,402,4700
3,5,7,8,402,4700
3,8,7,8,402,4700
2,6,7,8,402,4700
2,9,7,8,402,4700
8,2,7,8,402,4700
9,3,7,8,402,4700
9,4,7,8,402,4700
8,5,7,8,402,4700
7,3,7,8,402,4700
7,6,7,8,402,4700
6,4,7,8,402,4700
6,7,7,8,402,4700
5,5,7,8,402,4700
5,8,7,8,402,4700
4,6,7,8,402,4700
4,9,7,8,402,4700
3,7,7,8,402,4700
3,9,7,8,402,4700
8,4,7,8,402,4700
9,5,7,8,402,4700
9,6,7,8,402,4700
8,7,7,8,402,4700
7,5,7,8,402,4700
7,8,7,8,402,4700
6,6,7,8,402,4700
6,9,7,8,402,4700
5,7,7,8,402,4700
5,9,7,8,402,4700
4,8,7,8,402,4700
8,6,7,8,402,4700
9,7,7,8,402,4700
9,8,7,8,402,4700
8,9,7,8,402,4700
7,7,7,8,402,4700
7,9,7,8,402,4700
6,8,7,8,402,4700
0,3,8,9,403,4083
1,3,8,9,403,4083
0,2,8,9,403,4083
0,4,8,9,403,4083
2,3,8,9,403,4083
1,2,8,9,403,4083
1,4,8,9,403,4083
0,1,8,9,403,4083
0,5,8,9,403,4083
3,3,8,9,403,4083
2,2,8,9,403,4083
2,4,8,9,403,4083
1,1,8,9,403,4083
1,5,8,9,403,4083
0,0,8,9,403,4083
0,6,8,9,403,4083
4,3,8,9,403,4083
3,2,8,9,403,4083
3,4,8,9,403,4083
2,1,8,9,403,4083
2,5,8,9,403,4083
1,0,8,9,403,4083
1,6,8,9,403,4083
0,7,8,9,403,4083
6,3,8,9,403,4083
5,2,8,9,403,4083
5,4,8,9,403,4083
4,1,8,9,403,4083
4,5,8,9,403,4083
3,0,8,9,403,4083
3,6,8,9,403,4083
2,0,8,9,403,4083
2,7,8,9,403,4083
1,8,8,9,403,4083
8,3,8,9,403,4083
7,2,8,9,403,4083
7,4,8,9,403,4083
6,1,8,9,403,4083
6,5,8,9,403,4083
5,0,8,9,403,4083
5,6,8,9,403,4083
4,0,8,9,403,4083
4,7,8,9,403,4083
3,1,8,9,403,4083
3,8,8,9,403,4083
2,9,8,9,403,4083
9,3,8,9,403,4083
9,2,8,9,403,4083
9,4,8,9,403,4083
8,1,8,9,403,4083
8,5,8,9,403,4083
7,0,8,9,403,4083
7,6,8,9,403,4083
6,0,8,9,403,4083
6,7,8,9,403,4083
5,1,8,9,403,4083
5,8,8,9,403,4083
4,2,8,9,403,4083
4,9,8,9,403,4083
3,9,8,9,403,4083
7,3,8,9,403,4083
8,2,8,9,403,4083
8,4,8,9,403,4083
9,1,8,9,403,4083
9,5,8,9,403,4083
9,0,8,9,403,4083
9,6,8,9,403,4083
8,0,8,9,403,4083
8,7,8,9,403,4083
7,1,8,9,403,4083
7,8,8,9,403,4083
6,2,8,9,403,4083
6,9,8,9,403,4083
5,3,8,9,403,4083
5,9,8,9,403,4083
4,4,8,9,403,4083
4,8,8,9,403,4083
6,4,8,9,403,4083
7,5,8,9,403,4083
8,6,8,9,403,4083
9,7,8,9,403,4083
9,8,8,9,403,4083
8,9,8,9,403,4083
7,9,8,9,403,4083
6,8,8,9,403,4083
5,5,8,9,403,4083
5,7,8,9,403,4083
0,4,8,9,404,3744
1,4,8,9,404,3744
0,3,8,9,404,3744
0,5,8,9,404,3744
2,4,8,9,404,3744
1,3,8,9,404,3744
1,5,8,9,404,3744
0,2,8,9,404,3744
0,6,8,9,404,3744
3,4,8,9,404,3744
2,3,8,9,404,3744
2,5,8,9,404,3744
1,2,8,9,404,3744
1,6,8,9,404,3744
0,1,8,9,404,3744
0,7,8,9,404,3744
5,4,8,9,404,3744
4,3,8,9,404,3744
4,5,8,9,404,3744
3,2,8,9,404,3744
3,6,8,9,404,3744
2,1,8,9,404,3744
2,7,8,9,404,3744
1,0,8,9,404,3744
1,8,8,9,404,3744
7,4,8,9,404,3744
6,3,8,9,404,3744
6,5,8,9,404,3744
5,2,8,9,404,3744
5,6,8,9,404,3744
4,1,8,9,404,3744
4,7,8,9,404,3744
3,0,8,9,404,3744
3,8,8,9,404,3744
2,0,8,9,404,3744
2,9,8,9,404,3744
9,4,8,9,404,3744
8,3,8,9,404,3744
8,5,8,9,404,3744
7,2,8,9,404,3744
7,6,8,9,404,3744
6,1,8,9,404,3744
6,7,8,9,404,3744
5,0,8,9,404,3744
5,8,8,9,404,3744
4,0,8,9,404,3744
4,9,8,9,404,3744
3,1,8,9,404,3744
3,9,8,9,404,3744
8,4,8,9,404,3744
9,3,8,9,404,3744
9,5,8,9,404,3744
9,2,8,9,404,3744
9,6,8,9,404,3744
8,1,8,9,404,3744
8,7,8,9,404,3744
7,0,8,9,404,3744
7,8,8,9,404,3744
6,0,8,9,404,3744
6,9,8,9,404,3744
5,1,8,9,404,3744
5,9,8,9,404,3744
4,2,8,9,404,3744
4,8,8,9,404,3744
6,4,8,9,404,3744
7,3,8,9,404,3744
7,5,8,9,404,3744
8,2,8,9,404,3744
8,6,8,9,404,3744
9,1,8,9,404,3744
9,7,8,9,404,3744
9,0,8,9,404,3744
9,8,8,9,404,3744
8,0,8,9,404,3744
8,9,8,9,404,3744
7,1,8,9,404,3744
7,9,8,9,404,3744
6,2,8,9,404,3744
6,8,8,9,404,3744
5,3,8,9,404,3744
5,7,8,9,404,3744
0,2,8,9,405,4700
1,2,8,9,405,4700
0,1,8,9,405,4700
0,3,8,9,405,4700
2,2,8,9,405,4700
1,1,8,9,405,4700
1,3,8,9,405,4700
0,0,8,9,405,4700
0,4,8,9,405,4700
3,2,8,9,405,4700
2,1,8,9,405,4700
2,3,8,9,405,4700
1,0,8,9,405,4700
1,4,8,9,405,4700
0,5,8,9,405,4700
4,2,8,9,405,4700
3,1,8,9,405,4700
3,3,8,9,405,4700
2,0,8,9,405,4700
2,4,8,9,405,4700
1,5,8,9,405,4700
0,6,8,9,405,4700
5,2,8,9,405,4700
4,1,8,9,405,4700
4,3,8,9,405,4700
3,0,8,9,405,4700
3,4,8,9,405,4700
2,5,8,9,405,4700
1,6,8,9,405,4700
0,7,8,9,405,4700
6,2,8,9,405,4700
5,1,8,9,405,4700
5,3,8,9,405,4700
4,0,8,9,405,4700
4,4,8,9,405,4700
3,5,8,9,405,4700
2,6,8,9,405,4700
1,7,8,9,405,4700
0,8,8,9,405,4700
7,2,8,9,405,4700
6,1,8,9,405,4700
6,3,8,9,405,4700
5,0,8,9,405,4700
5,4,8,9,405,4700
4,5,8,9,405,4700
3,6,8,9,405,4700
2,7,8,9,405,4700
1,8,8,9,405,4700
0,9,8,9,405,4700
9,2,8,9,405,4700
8,1,8,9,405,4700
8,3,8,9,405,4700
7,0,8,9,405,4700
7,4,8,9,405,4700
6,0,8,9,405,4700
6,5,8,9,405,4700
5,6,8,9,405,4700
4,7,8,9,405,4700
3,8,8,9,405,4700
2,9,8,9,405,4700
1,9,8,9,405,4700
8,2,8,9,405,4700
9,1,8,9,405,4700
9,3,8,9,405,4700
9,0,8,9,405,4700
9,4,8,9,405,4700
8,0,8,9,405,4700
8,5,8,9,405,4700
7,1,8,9,405,4700
7,6,8,9,405,4700
6,7,8,9,405,4700
5,8,8,9,405,4700
4,9,8,9,405,4700
3,9,8,9,405,4700
2,8,8,9,405,4700
7,3,8,9,405,4700
8,4,8,9,405,4700
9,5,8,9,405,4700
9,6,8,9,405,4700
8,7,8,9,405,4700
7,8,8,9,405,4700
6,4,8,9,405,4700
6,9,8,9,405,4700
5,5,8,9,405,4700
5,9,8,9,405,4700
4,6,8,9,405,4700
4,8,8,9,405,4700
3,7,8,9,405,4700
7,5,8,9,405,4700
8,6,8,9,405,4700
9,7,8,9,405,4700
9,8,8,9,405,4700
8,9,8,9,405,4700
7,9,8,9,405,4700
6,6,8,9,405,4700
6,8,8,9,405,4700
5,7,8,9,405,4700
0,3,8,9,406,4403
1,3,8,9,406,4403
0,2,8,9,406,4403
0,4,8,9,406,4403
2,3,8,9,406,4403
1,2,8,9,406,4403
1,4,8,9,406,4403
0,1,8,9,406,4403
0,5,8,9,406,4403
3,3,8,9,406,4403
2,2,8,9,406,4403
2,4,8,9,406,4403
1,1,8,9,406,4403
1,5,8,9,406,4403
0,0,8,9,406,4403
0,6,8,9,406,4403
4,3,8,9,406,4403
3,2,8,9,406,4403
3,4,8,9,406,4403
2,1,8,9,406,4403
2,5,8,9,406,4403
1,0,8,9,406,4403
1,6,8,9,406,4403
0,7,8,9,406,4403
5,3,8,9,406,4403
4,2,8,9,406,4403
4,4,8,9,406,4403
3,1,8,9,406,4403
3,5,8,9,406,4403
2,0,8,9,406,4403
2,6,8,9,406,4403
1,7,8,9,406,4403
0,8,8,9,406,4403
6,3,8,9,406,4403
5,2,8,9,406,4403
5,4,8,9,406,4403
4,1,8,9,406,4403
4,5,8,9,406,4403
3,0,8,9,406,4403
3,6,8,9,406,4403
2,7,8,9,406,4403
1,8,8,9,406,4403
0,9,8,9,406,4403
8,3,8,9,406,4403
7,2,8,9,406,4403
7,4,8,9,406,4403
6,1,8,9,406,4403
6,5,8,9,406,4403
5,0,8,9,406,4403
5,6,8,9,406,4403
4,0,8,9,406,4403
4,7,8,9,406,4403
3,8,8,9,406,4403
2,9,8,9,406,4403
1,9,8,9,406,4403
9,3,8,9,406,4403
9,2,8,9,406,4403
9,4,8,9,406,4403
8,1,8,9,406,4403
8,5,8,9,406,4403
7,0,8,9,406,4403
7,6,8,9,406,4403
6,0,8,9,406,4403
6,7,8,9,406,4403
5,1,8,9,406,4403
5,8,8,9,406,4403
4,9,8,9,406,4403
3,9,8,9,406,4403
2,8,8,9,406,4403
7,3,8,9,406,4403
8,2,8,9,406,4403
8,4,8,9,406,4403
9,1,8,9,406,4403
9,5,8,9,406,4403
9,0,8,9,406,4403
9,6,8,9,406,4403
8,0,8,9,406,4403
8,7,8,9,406,4403
7,1,8,9,406,4403
7,8,8,9,406,4403
6,2,8,9,406,4403
6,9,8,9,406,4403
5,9,8,9,406,4403
4,8,8,9,406,4403
3,7,8,9,406,4403
6,4,8,9,406,4403
7,5,8,9,406,4403
8,6,8,9,406,4403
9,7,8,9,406,4403
9,8,8,9,406,4403
8,9,8,9,406,4403
7,9,8,9,406,4403
6,8,8,9,406,4403
5,5,8,9,406,4403
5,7,8,9,406,4403
4,6,8,9,406,4403
0,4,8,9,407,4086
1,4,8,9,407,4086
0,3,8,9,407,4086
0,5,8,9,407,4086
2,4,8,9,407,4086
1,3,8,9,407,4086
1,5,8,9,407,4086
0,2,8,9,407,4086
0,6,8,9,407,4086
3,4,8,9,407,4086
2,3,8,9,407,4086
2,5,8,9,407,4086
1,2,8,9,407,4086
1,6,8,9,407,4086
0,1,8,9,407,4086
0,7,8,9,407,4086
4,4,8,9,407,4086
3,3,8,9,407,4086
3,5,8,9,407,4086
2,2,8,9,407,4086
2,6,8,9,407,4086
1,1,8,9,407,4086
1,7,8,9,407,4086
0,0,8,9,407,4086
0,8,8,9,407,4086
5,4,8,9,407,4086
4,3,8,9,407,4086
4,5,8,9,407,4086
3,2,8,9,407,4086
3,6,8,9,407,4086
2,1,8,9,407,4086
2,7,8,9,407,4086
1,0,8,9,407,4086
1,8,8,9,407,4086
0,9,8,9,407,4086
7,4,8,9,407,4086
6,3,8,9,407,4086
6,5,8,9,407,4086
5,2,8,9,407,4086
5,6,8,9,407,4086
4,1,8,9,407,4086
4,7,8,9,407,4086
3,0,8,9,407,4086
3,8,8,9,407,4086
2,0,8,9,407,4086
2,9,8,9,407,4086
1,9,8,9,407,4086
9,4,8,9,407,4086
8,3,8,9,407,4086
8,5,8,9,407,4086
7,2,8,9,407,4086
7,6,8,9,407,4086
6,1,8,9,407,4086
6,7,8,9,407,4086
5,0,8,9,407,4086
5,8,8,9,407,4086
4,0,8,9,407,4086
4,9,8,9,407,4086
3,1,8,9,407,4086
3,9,8,9,407,4086
2,8,8,9,407,4086
8,4,8,9,407,4086
9,3,8,9,407,4086
9,5,8,9,407,4086
9,2,8,9,407,4086
9,6,8,9,407,4086
8,1,8,9,407,4086
8,7,8,9,407,4086
7,0,8,9,407,4086
7,8,8,9,407,4086
6,0,8,9,407,4086
6,9,8,9,407,4086
5,1,8,9,407,4086
5,9,8,9,407,4086
4,2,8,9,407,4086
4,8,8,9,407,4086
3,7,8,9,407,4086
6,4,8,9,407,4086
7,3,8,9,407,4086
7,5,8,9,407,4086
8,2,8,9,407,4086
8,6,8,9,407,4086
9,1,8,9,407,4086
9,7,8,9,407,4086
9,0,8,9,407,4086
9,8,8,9,407,4086
8,0,8,9,407,4086
8,9,8,9,407,4086
7,1,8,9,407,4086
7,9,8,9,407,4086
6,2,8,9,407,4086
6,8,8,9,407,4086
5,3,8,9,407,4086
5,7,8,9,407,4086
4,6,8,9,407,4086
0,5,8,9,408,3746
1,5,8,9,408,3746
0,4,8,9,408,3746
0,6,8,9,408,3746
2,5,8,9,408,3746
1,4,8,9,408,3746
1,6,8,9,408,3746
0,3,8,9,408,3746
0,7,8,9,408,3746
3,5,8,9,408,3746
2,4,8,9,408,3746
2,6,8,9,408,3746
1,3,8,9,408,3746
1,7,8,9,408,3746
0,2,8,9,408,3746
0,8,8,9,408,3746
4,5,8,9,408,3746
3,4,8,9,408,3746
3,6,8,9,408,3746
2,3,8,9,408,3746
2,7,8,9,408,3746
1,2,8,9,408,3746
1,8,8,9,408,3746
0,1,8,9,408,3746
0,9,8,9,408,3746
6,5,8,9,408,3746
5,4,8,9,408,3746
5,6,8,9,408,3746
4,3,8,9,408,3746
4,7,8,9,408,3746
3,2,8,9,408,3746
3,8,8,9,408,3746
2,1,8,9,408,3746
2,9,8,9,408,3746
1,0,8,9,408,3746
1,9,8,9,408,3746
8,5,8,9,408,3746
7,4,8,9,408,3746
7,6,8,9,408,3746
6,3,8,9,408,3746
6,7,8,9,408,3746
5,2,8,9,408,3746
5,8,8,9,408,3746
4,1,8,9,408,3746
4,9,8,9,408,3746
3,0,8,9,408,3746
3,9,8,9,408,3746
2,0,8,9,408,3746
2,8,8,9,408,3746
9,5,8,9,408,3746
9,4,8,9,408,3746
9,6,8,9,408,3746
8,3,8,9,408,3746
8,7,8,9,408,3746
7,2,8,9,408,3746
7,8,8,9,408,3746
6,1,8,9,408,3746
6,9,8,9,408,3746
5,0,8,9,408,3746
5,9,8,9,408,3746
4,0,8,9,408,3746
4,8,8,9,408,3746
3,1,8,9,408,3746
3,7,8,9,408,3746
7,5,8,9,408,3746
8,4,8,9,408,3746
8,6,8,9,408,3746
9,3,8,9,408,3746
9,7,8,9,408,3746
9,2,8,9,408,3746
9,8,8,9,408,3746
8,1,8,9,408,3746
8,9,8,9,408,3746
7,0,8,9,408,3746
7,9,8,9,408,3746
6,0,8,9,408,3746
6,8,8,9,408,3746
5,1,8,9,408,3746
5,7,8,9,408,3746
4,2,8,9,408,3746
4,6,8,9,408,3746
0,6,8,9,409,3381
1,6,8,9,409,3381
0,5,8,9,409,3381
0,7,8,9,409,3381
2,6,8,9,409,3381
1,5,8,9,409,3381
1,7,8,9,409,3381
0,4,8,9,409,3381
0,8,8,9,409,3381
3,6,8,9,409,3381
2,5,8,9,409,3381
2,7,8,9,409,3381
1,4,8,9,409,3381
1,8,8,9,409,3381
0,3,8,9,409,3381
0,9,8,9,409,3381
5,6,8,9,409,3381
4,5,8,9,409,3381
4,7,8,9,409,3381
3,4,8,9,409,3381
3,8,8,9,409,3381
2,3,8,9,409,3381
2,9,8,9,409,3381
1,2,8,9,409,3381
1,9,8,9,409,3381
7,6,8,9,409,3381
6,5,8,9,409,3381
6,7,8,9,409,3381
5,4,8,9,409,3381
5,8,8,9,409,3381
4,3,8,9,409,3381
4,9,8,9,409,3381
3,2,8,9,409,3381
3,9,8,9,409,3381
2,1,8,9,409,3381
2,8,8,9,409,3381
9,6,8,9,409,3381
8,5,8,9,409,3381
8,7,8,9,409,3381
7,4,8,9,409,3381
7,8,8,9,409,3381
6,3,8,9,409,3381
6,9,8,9,409,3381
5,2,8,9,409,3381
5,9,8,9,409,3381
4,1,8,9,409,3381
4,8,8,9,409,3381
3,0,8,9,409,3381
3,7,8,9,409,3381
8,6,8,9,409,3381
9,5,8,9,409,3381
9,7,8,9,409,3381
9,4,8,9,409,3381
9,8,8,9,409,3381
8,3,8,9,409,3381
8,9,8,9,409,3381
7,2,8,9,409,3381
7,9,8,9,409,3381
6,1,8,9,409,3381
6,8,8,9,409,3381
5,0,8,9,409,3381
5,7,8,9,409,3381
4,0,8,9,409,3381
4,6,8,9,409,3381
0,4,8,9,410,4404
1,4,8,9,410,4404
0,3,8,9,410,4404
0,5,8,9,410,4404
2,4,8,9,410,4404
1,3,8,9,410,4404
1,5,8,9,410,4404
0,2,8,9,410,4404
0,6,8,9,410,4404
3,4,8,9,410,4404
2,3,8,9,410,4404
2,5,8,9,410,4404
1,2,8,9,410,4404
1,6,8,9,410,4404
0,1,8,9,410,4404
0,7,8,9,410,4404
4,4,8,9,410,4404
3,3,8,9,410,4404
3,5,8,9,410,4404
2,2,8,9,410,4404
2,6,8,9,410,4404
1,1,8,9,410,4404
1,7,8,9,410,4404
0,0,8,9,410,4404
0,8,8,9,410,4404
5,4,8,9,410,4404
4,3,8,9,410,4404
4,5,8,9,410,4404
3,2,8,9,410,4404
3,6,8,9,410,4404
2,1,8,9,410,4404
2,7,8,9,410,4404
1,0,8,9,410,4404
1,8,8,9,410,4404
0,9,8,9,410,4404
6,4,8,9,410,4404
5,3,8,9,410,4404
5,5,8,9,410,4404
4,2,8,9,410,4404
4,6,8,9,410,4404
3,1,8,9,410,4404
3,7,8,9,410,4404
2,0,8,9,410,4404
2,8,8,9,410,4404
1,9,8,9,410,4404
7,4,8,9,410,4404
6,3,8,9,410,4404
6,5,8,9,410,4404
5,2,8,9,410,4404
5,6,8,9,410,4404
4,1,8,9,410,4404
4,7,8,9,410,4404
3,0,8,9,410,4404
3,8,8,9,410,4404
2,9,8,9,410,4404
9,4,8,9,410,4404
8,3,8,9,410,4404
8,5,8,9,410,4404
7,2,8,9,410,4404
7,6,8,9,410,4404
6,1,8,9,410,4404
6,7,8,9,410,4404
5,0,8,9,410,4404
5,8,8,9,410,4404
4,0,8,9,410,4404
4,9,8,9,410,4404
3,9,8,9,410,4404
8,4,8,9,410,4404
9,3,8,9,410,4404
9,5,8,9,410,4404
9,2,8,9,410,4404
9,6,8,9,410,4404
8,1,8,9,410,4404
8,7,8,9,410,4404
7,0,8,9,410,4404
7,8,8,9,410,4404
6,0,8,9,410,4404
6,9,8,9,410,4404
5,1,8,9,410,4404
5,9,8,9,410,4404
4,8,8,9,410,4404
7,3,8,9,410,4404
7,5,8,9,410,4404
8,2,8,9,410,4404
8,6,8,9,410,4404
9,1,8,9,410,4404
9,7,8,9,410,4404
9,0,8,9,410,4404
9,8,8,9,410,4404
8,0,8,9,410,4404
8,9,8,9,410,4404
7,1,8,9,410,4404
7,9,8,9,410,4404
6,2,8,9,410,4404
6,8,8,9,410,4404
5,7,8,9,410,4404
0,5,8,9,411,4086
1,5,8,9,411,4086
0,4,8,9,411,4086
0,6,8,9,411,4086
2,5,8,9,411,4086
1,4,8,9,411,4086
1,6,8,9,411,4086
0,3,8,9,411,4086
0,7,8,9,411,4086
3,5,8,9,411,4086
2,4,8,9,411,4086
2,6,8,9,411,4086
1,3,8,9,411,4086
1,7,8,9,411,4086
0,2,8,9,411,4086
0,8,8,9,411,4086
4,5,8,9,411,4086
3,4,8,9,411,4086
3,6,8,9,411,4086
2,3,8,9,411,4086
2,7,8,9,411,4086
1,2,8,9,411,4086
1,8,8,9,411,4086
0,1,8,9,411,4086
0,9,8,9,411,4086
5,5,8,9,411,4086
4,4,8,9,411,4086
4,6,8,9,411,4086
3,3,8,9,411,4086
3,7,8,9,411,4086
2,2,8,9,411,4086
2,8,8,9,411,4086
1,1,8,9,411,4086
1,9,8,9,411,4086
0,0,8,9,411,4086
6,5,8,9,411,4086
5,4,8,9,411,4086
5,6,8,9,411,4086
4,3,8,9,411,4086
4,7,8,9,411,4086
3,2,8,9,411,4086
3,8,8,9,411,4086
2,1,8,9,411,4086
2,9,8,9,411,4086
1,0,8,9,411,4086
8,5,8,9,411,4086
7,4,8,9,411,4086
7,6,8,9,411,4086
6,3,8,9,411,4086
6,7,8,9,411,4086
5,2,8,9,411,4086
5,8,8,9,411,4086
4,1,8,9,411,4086
4,9,8,9,411,4086
3,0,8,9,411,4086
3,9,8,9,411,4086
2,0,8,9,411,4086
9,5,8,9,411,4086
9,4,8,9,411,4086
9,6,8,9,411,4086
8,3,8,9,411,4086
8,7,8,9,411,4086
7,2,8,9,411,4086
7,8,8,9,411,4086
6,1,8,9,411,4086
6,9,8,9,411,4086
5,0,8,9,411,4086
5,9,8,9,411,4086
4,0,8,9,411,4086
4,8,8,9,411,4086
3,1,8,9,411,4086
7,5,8,9,411,4086
8,4,8,9,411,4086
8,6,8,9,411,4086
9,3,8,9,411,4086
9,7,8,9,411,4086
9,2,8,9,411,4086
9,8,8,9,411,4086
8,1,8,9,411,4086
8,9,8,9,411,4086
7,0,8,9,411,4086
7,9,8,9,411,4086
6,0,8,9,411,4086
6,8,8,9,411,4086
5,1,8,9,411,4086
5,7,8,9,411,4086
4,2,8,9,411,4086
0,6,8,9,412,3744
1,6,8,9,412,3744
0,5,8,9,412,3744
0,7,8,9,412,3744
2,6,8,9,412,3744
1,5,8,9,412,3744
1,7,8,9,412,3744
0,4,8,9,412,3744
0,8,8,9,412,3744
3,6,8,9,412,3744
2,5,8,9,412,3744
2,7,8,9,412,3744
1,4,8,9,412,3744
1,8,8,9,412,3744
0,3,8,9,412,3744
0,9,8,9,412,3744
4,6,8,9,412,3744
3,5,8,9,412,3744
3,7,8,9,412,3744
2,4,8,9,412,3744
2,8,8,9,412,3744
1,3,8,9,412,3744
1,9,8,9,412,3744
0,2,8,9,412,3744
5,6,8,9,412,3744
4,5,8,9,412,3744
4,7,8,9,412,3744
3,4,8,9,412,3744
3,8,8,9,412,3744
2,3,8,9,412,3744
2,9,8,9,412,3744
1,2,8,9,412,3744
0,1,8,9,412,3744
7,6,8,9,412,3744
6,5,8,9,412,3744
6,7,8,9,412,3744
5,4,8,9,412,3744
5,8,8,9,412,3744
4,3,8,9,412,3744
4,9,8,9,412,3744
3,2,8,9,412,3744
3,9,8,9,412,3744
2,1,8,9,412,3744
1,0,8,9,412,3744
9,6,8,9,412,3744
8,5,8,9,412,3744
8,7,8,9,412,3744
7,4,8,9,412,3744
7,8,8,9,412,3744
6,3,8,9,412,3744
6,9,8,9,412,3744
5,2,8,9,412,3744
5,9,8,9,412,3744
4,1,8,9,412,3744
4,8,8,9,412,3744
3,0,8,9,412,3744
2,0,8,9,412,3744
8,6,8,9,412,3744
9,5,8,9,412,3744
9,7,8,9,412,3744
9,4,8,9,412,3744
9,8,8,9,412,3744
8,3,8,9,412,3744
8,9,8,9,412,3744
7,2,8,9,412,3744
7,9,8,9,412,3744
6,1,8,9,412,3744
6,8,8,9,412,3744
5,0,8,9,412,3744
5,7,8,9,412,3744
4,0,8,9,412,3744
3,1,8,9,412,3744
0,4,8,9,413,4701
1,4,8,9,413,4701
0,3,8,9,413,4701
0,5,8,9,413,4701
2,4,8,9,413,4701
1,3,8,9,413,4701
1,5,8,9,413,4701
0,2,8,9,413,4701
0,6,8,9,413,4701
3,4,8,9,413,4701
2,3,8,9,413,4701
2,5,8,9,413,4701
1,2,8,9,413,4701
1,6,8,9,413,4701
0,1,8,9,413,4701
0,7,8,9,413,4701
4,4,8,9,413,4701
3,3,8,9,413,4701
3,5,8,9,413,4701
2,2,8,9,413,4701
2,6,8,9,413,4701
1,1,8,9,413,4701
1,7,8,9,413,4701
0,0,8,9,413,4701
0,8,8,9,413,4701
5,4,8,9,413,4701
4,3,8,9,413,4701
4,5,8,9,413,4701
3,2,8,9,413,4701
3,6,8,9,413,4701
2,1,8,9,413,4701
2,7,8,9,413,4701
1,0,8,9,413,4701
1,8,8,9,413,4701
0,9,8,9,413,4701
6,4,8,9,413,4701
5,3,8,9,413,4701
5,5,8,9,413,4701
4,2,8,9,413,4701
4,6,8,9,413,4701
3,1,8,9,413,4701
3,7,8,9,413,4701
2,0,8,9,413,4701
2,8,8,9,413,4701
1,9,8,9,413,4701
7,4,8,9,413,4701
6,3,8,9,413,4701
6,5,8,9,413,4701
5,2,8,9,413,4701
5,6,8,9,413,4701
4,1,8,9,413,4701
4,7,8,9,413,4701
3,0,8,9,413,4701
3,8,8,9,413,4701
2,9,8,9,413,4701
8,4,8,9,413,4701
7,3,8,9,413,4701
7,5,8,9,413,4701
6,2,8,9,413,4701
6,6,8,9,413,4701
5,1,8,9,413,4701
5,7,8,9,413,4701
4,0,8,9,413,4701
4,8,8,9,413,4701
3,9,8,9,413,4701
9,4,8,9,413,4701
8,3,8,9,413,4701
8,5,8,9,413,4701
7,2,8,9,413,4701
7,6,8,9,413,4701
6,1,8,9,413,4701
6,7,8,9,413,4701
5,0,8,9,413,4701
5,8,8,9,413,4701
4,9,8,9,413,4701
9,3,8,9,413,4701
9,5,8,9,413,4701
9,2,8,9,413,4701
9,6,8,9,413,4701
8,1,8,9,413,4701
8,7,8,9,413,4701
7,0,8,9,413,4701
7,8,8,9,413,4701
6,0,8,9,413,4701
6,9,8,9,413,4701
5,9,8,9,413,4701
8,2,8,9,413,4701
8,6,8,9,413,4701
9,1,8,9,413,4701
9,7,8,9,413,4701
9,0,8,9,413,4701
9,8,8,9,413,4701
8,0,8,9,413,4701
8,9,8,9,413,4701
7,1,8,9,413,4701
7,9,8,9,413,4701
6,8,8,9,413,4701
0,6,8,9,414,4083
1,6,8,9,414,4083
0,5,8,9,414,4083
0,7,8,9,414,4083
2,6,8,9,414,4083
1,5,8,9,414,4083
1,7,8,9,414,4083
0,4,8,9,414,4083
0,8,8,9,414,4083
3,6,8,9,414,4083
2,5,8,9,414,4083
2,7,8,9,414,4083
1,4,8,9,414,4083
1,8,8,9,414,4083
0,3,8,9,414,4083
0,9,8,9,414,4083
4,6,8,9,414,4083
3,5,8,9,414,4083
3,7,8,9,414,4083
2,4,8,9,414,4083
2,8,8,9,414,4083
1,3,8,9,414,4083
1,9,8,9,414,4083
0,2,8,9,414,4083
5,6,8,9,414,4083
4,5,8,9,414,4083
4,7,8,9,414,4083
3,4,8,9,414,4083
3,8,8,9,414,4083
2,3,8,9,414,4083
2,9,8,9,414,4083
1,2,8,9,414,4083
0,1,8,9,414,4083
6,6,8,9,414,4083
5,5,8,9,414,4083
5,7,8,9,414,4083
4,4,8,9,414,4083
4,8,8,9,414,4083
3,3,8,9,414,4083
3,9,8,9,414,4083
2,2,8,9,414,4083
1,1,8,9,414,4083
0,0,8,9,414,4083
7,6,8,9,414,4083
6,5,8,9,414,4083
6,7,8,9,414,4083
5,4,8,9,414,4083
5,8,8,9,414,4083
4,3,8,9,414,4083
4,9,8,9,414,4083
3,2,8,9,414,4083
2,1,8,9,414,4083
1,0,8,9,414,4083
9,6,8,9,414,4083
8,5,8,9,414,4083
8,7,8,9,414,4083
7,4,8,9,414,4083
7,8,8,9,414,4083
6,3,8,9,414,4083
6,9,8,9,414,4083
5,2,8,9,414,4083
5,9,8,9,414,4083
4,1,8,9,414,4083
3,0,8,9,414,4083
2,0,8,9,414,4083
8,6,8,9,414,4083
9,5,8,9,414,4083
9,7,8,9,414,4083
9,4,8,9,414,4083
9,8,8,9,414,4083
8,3,8,9,414,4083
8,9,8,9,414,4083
7,2,8,9,414,4083
7,9,8,9,414,4083
6,1,8,9,414,4083
6,8,8,9,414,4083
5,0,8,9,414,4083
4,0,8,9,414,4083
3,1,8,9,414,4083
0,7,7,8,415,3744
1,7,7,8,415,3744
0,6,7,8,415,3744
0,8,7,8,415,3744
2,7,7,8,415,3744
1,6,7,8,415,3744
1,8,7,8,415,3744
0,5,7,8,415,3744
0,9,7,8,415,3744
3,7,7,8,415,3744
2,6,7,8,415,3744
2,8,7,8,415,3744
1,5,7,8,415,3744
1,9,7,8,415,3744
0,4,7,8,415,3744
4,7,7,8,415,3744
3,6,7,8,415,3744
3,8,7,8,415,3744
2,5,7,8,415,3744
2,9,7,8,415,3744
1,4,7,8,415,3744
0,3,7,8,415,3744
5,7,7,8,415,3744
4,6,7,8,415,3744
4,8,7,8,415,3744
3,5,7,8,415,3744
3,9,7,8,415,3744
2,4,7,8,415,3744
1,3,7,8,415,3744
0,2,7,8,415,3744
6,7,7,8,415,3744
5,6,7,8,415,3744
5,8,7,8,415,3744
4,5,7,8,415,3744
4,9,7,8,415,3744
3,4,7,8,415,3744
2,3,7,8,415,3744
1,2,7,8,415,3744
0,1,7,8,415,3744
8,7,7,8,415,3744
7,6,7,8,415,3744
7,8,7,8,415,3744
6,5,7,8,415,3744
6,9,7,8,415,3744
5,4,7,8,415,3744
5,9,7,8,415,3744
4,3,7,8,415,3744
3,2,7,8,415,3744
2,1,7,8,415,3744
1,0,7,8,415,3744
9,7,7,8,415,3744
9,6,7,8,415,3744
9,8,7,8,415,3744
8,5,7,8,415,3744
8,9,7,8,415,3744
7,4,7,8,415,3744
7,9,7,8,415,3744
6,3,7,8,415,3744
6,8,7,8,415,3744
5,2,7,8,415,3744
4,1,7,8,415,3744
3,0,7,8,415,3744
2,0,7,8,415,3744
0,8,6,7,416,3381
1,8,6,7,416,3381
0,7,6,7,416,3381
0,9,6,7,416,3381
2,8,6,7,416,3381
1,7,6,7,416,3381
1,9,6,7,416,3381
0,6,6,7,416,3381
3,8,6,7,416,3381
2,7,6,7,416,3381
2,9,6,7,416,3381
1,6,6,7,416,3381
0,5,6,7,416,3381
4,8,6,7,416,3381
3,7,6,7,416,3381
3,9,6,7,416,3381
2,6,6,7,416,3381
1,5,6,7,416,3381
0,4,6,7,416,3381
5,8,6,7,416,3381
4,7,6,7,416,3381
4,9,6,7,416,3381
3,6,6,7,416,3381
2,5,6,7,416,3381
1,4,6,7,416,3381
0,3,6,7,416,3381
7,8,6,7,416,3381
6,7,6,7,416,3381
6,9,6,7,416,3381
5,6,6,7,416,3381
5,9,6,7,416,3381
4,5,6,7,416,3381
3,4,6,7,416,3381
2,3,6,7,416,3381
1,2,6,7,416,3381
9,8,6,7,416,3381
8,7,6,7,416,3381
8,9,6,7,416,3381
7,6,6,7,416,3381
7,9,6,7,416,3381
6,5,6,7,416,3381
6,8,6,7,416,3381
5,4,6,7,416,3381
5,7,6,7,416,3381
4,3,6,7,416,3381
4,6,6,7,416,3381
3,2,6,7,416,3381
3,5,6,7,416,3381
2,1,6,7,416,3381
2,4,6,7,416,3381
0,6,8,9,417,4399
1,6,8,9,417,4399
0,5,8,9,417,4399
0,7,8,9,417,4399
2,6,8,9,417,4399
1,5,8,9,417,4399
1,7,8,9,417,4399
0,4,8,9,417,4399
0,8,8,9,417,4399
3,6,8,9,417,4399
2,5,8,9,417,4399
2,7,8,9,417,4399
1,4,8,9,417,4399
1,8,8,9,417,4399
0,3,8,9,417,4399
0,9,8,9,417,4399
4,6,8,9,417,4399
3,5,8,9,417,4399
3,7,8,9,417,4399
2,4,8,9,417,4399
2,8,8,9,417,4399
1,3,8,9,417,4399
1,9,8,9,417,4399
0,2,8,9,417,4399
5,6,8,9,417,4399
4,5,8,9,417,4399
4,7,8,9,417,4399
3,4,8,9,417,4399
3,8,8,9,417,4399
2,3,8,9,417,4399
2,9,8,9,417,4399
1,2,8,9,417,4399
0,1,8,9,417,4399
6,6,8,9,417,4399
5,5,8,9,417,4399
5,7,8,9,417,4399
4,4,8,9,417,4399
4,8,8,9,417,4399
3,3,8,9,417,4399
3,9,8,9,417,4399
2,2,8,9,417,4399
1,1,8,9,417,4399
0,0,8,9,417,4399
7,6,8,9,417,4399
6,5,8,9,417,4399
6,7,8,9,417,4399
5,4,8,9,417,4399
5,8,8,9,417,4399
4,3,8,9,417,4399
4,9,8,9,417,4399
3,2,8,9,417,4399
2,1,8,9,417,4399
1,0,8,9,417,4399
8,6,8,9,417,4399
7,5,8,9,417,4399
7,7,8,9,417,4399
6,4,8,9,417,4399
6,8,8,9,417,4399
5,3,8,9,417,4399
5,9,8,9,417,4399
4,2,8,9,417,4399
3,1,8,9,417,4399
2,0,8,9,417,4399
9,6,8,9,417,4399
8,5,8,9,417,4399
8,7,8,9,417,4399
7,4,8,9,417,4399
7,8,8,9,417,4399
6,3,8,9,417,4399
6,9,8,9,417,4399
5,2,8,9,417,4399
4,1,8,9,417,4399
3,0,8,9,417,4399
9,5,8,9,417,4399
9,7,8,9,417,4399
9,4,8,9,417,4399
9,8,8,9,417,4399
8,3,8,9,417,4399
8,9,8,9,417,4399
7,2,8,9,417,4399
7,9,8,9,417,4399
6,1,8,9,417,4399
5,0,8,9,417,4399
4,0,8,9,417,4399
0,7,7,8,418,4083
1,7,7,8,418,4083
0,6,7,8,418,4083
0,8,7,8,418,4083
2,7,7,8,418,4083
1,6,7,8,418,4083
1,8,7,8,418,4083
0,5,7,8,418,4083
0,9,7,8,418,4083
3,7,7,8,418,4083
2,6,7,8,418,4083
2,8,7,8,418,4083
1,5,7,8,418,4083
1,9,7,8,418,4083
0,4,7,8,418,4083
4,7,7,8,418,4083
3,6,7,8,418,4083
3,8,7,8,418,4083
2,5,7,8,418,4083
2,9,7,8,418,4083
1,4,7,8,418,4083
0,3,7,8,418,4083
5,7,7,8,418,4083
4,6,7,8,418,4083
4,8,7,8,418,4083
3,5,7,8,418,4083
3,9,7,8,418,4083
2,4,7,8,418,4083
1,3,7,8,418,4083
0,2,7,8,418,4083
6,7,7,8,418,4083
5,6,7,8,418,4083
5,8,7,8,418,4083
4,5,7,8,418,4083
4,9,7,8,418,4083
3,4,7,8,418,4083
2,3,7,8,418,4083
1,2,7,8,418,4083
0,1,7,8,418,4083
7,7,7,8,418,4083
6,6,7,8,418,4083
6,8,7,8,418,4083
5,5,7,8,418,4083
5,9,7,8,418,4083
4,4,7,8,418,4083
3,3,7,8,418,4083
2,2,7,8,418,4083
1,1,7,8,418,4083
0,0,7,8,418,4083
8,7,7,8,418,4083
7,6,7,8,418,4083
7,8,7,8,418,4083
6,5,7,8,418,4083
6,9,7,8,418,4083
5,4,7,8,418,4083
4,3,7,8,418,4083
3,2,7,8,418,4083
2,1,7,8,418,4083
1,0,7,8,418,4083
9,7,7,8,418,4083
9,6,7,8,418,4083
9,8,7,8,418,4083
8,5,7,8,418,4083
8,9,7,8,418,4083
7,4,7,8,418,4083
7,9,7,8,418,4083
6,3,7,8,418,4083
5,2,7,8,418,4083
4,1,7,8,418,4083
3,0,7,8,418,4083
2,0,7,8,418,4083
0,9,3,6,419,3405
1,9,3,6,419,3405
0,8,3,6,419,3405
2,9,3,6,419,3405
1,8,3,6,419,3405
0,7,3,6,419,3405
3,9,3,6,419,3405
2,8,3,6,419,3405
1,7,3,6,419,3405
0,6,3,6,419,3405
4,9,3,6,419,3405
3,8,3,6,419,3405
2,7,3,6,419,3405
1,6,3,6,419,3405
0,5,3,6,419,3405
5,9,3,6,419,3405
4,8,3,6,419,3405
3,7,3,6,419,3405
2,6,3,6,419,3405
1,5,3,6,419,3405
0,4,3,6,419,3405
6,9,3,6,419,3405
5,8,3,6,419,3405
4,7,3,6,419,3405
3,6,3,6,419,3405
2,5,3,6,419,3405
1,4,3,6,419,3405
0,3,3,6,419,3405
8,9,3,6,419,3405
7,8,3,6,419,3405
7,9,3,6,419,3405
6,7,3,6,419,3405
6,8,3,6,419,3405
5,6,3,6,419,3405
5,7,3,6,419,3405
4,5,3,6,419,3405
4,6,3,6,419,3405
3,4,3,6,419,3405
3,5,3,6,419,3405
2,3,3,6,419,3405
2,4,3,6,419,3405
1,2,3,6,419,3405
1,3,3,6,419,3405
0,6,8,9,420,4693
1,6,8,9,420,4693
0,5,8,9,420,4693
0,7,8,9,420,4693
2,6,8,9,420,4693
1,5,8,9,420,4693
1,7,8,9,420,4693
0,4,8,9,420,4693
0,8,8,9,420,4693
3,6,8,9,420,4693
2,5,8,9,420,4693
2,7,8,9,420,4693
1,4,8,9,420,4693
1,8,8,9,420,4693
0,3,8,9,420,4693
0,9,8,9,420,4693
4,6,8,9,420,4693
3,5,8,9,420,4693
3,7,8,9,420,4693
2,4,8,9,420,4693
2,8,8,9,420,4693
1,3,8,9,420,4693
1,9,8,9,420,4693
0,2,8,9,420,4693
5,6,8,9,420,4693
4,5,8,9,420,4693
4,7,8,9,420,4693
3,4,8,9,420,4693
3,8,8,9,420,4693
2,3,8,9,420,4693
2,9,8,9,420,4693
1,2,8,9,420,4693
0,1,8,9,420,4693
6,6,8,9,420,4693
5,5,8,9,420,4693
5,7,8,9,420,4693
4,4,8,9,420,4693
4,8,8,9,420,4693
3,3,8,9,420,4693
3,9,8,9,420,4693
2,2,8,9,420,4693
1,1,8,9,420,4693
0,0,8,9,420,4693
7,6,8,9,420,4693
6,5,8,9,420,4693
6,7,8,9,420,4693
5,4,8,9,420,4693
5,8,8,9,420,4693
4,3,8,9,420,4693
4,9,8,9,420,4693
3,2,8,9,420,4693
2,1,8,9,420,4693
1,0,8,9,420,4693
8,6,8,9,420,4693
7,5,8,9,420,4693
7,7,8,9,420,4693
6,4,8,9,420,4693
6,8,8,9,420,4693
5,3,8,9,420,4693
5,9,8,9,420,4693
4,2,8,9,420,4693
3,1,8,9,420,4693
2,0,8,9,420,4693
9,6,8,9,420,4693
8,5,8,9,420,4693
8,7,8,9,420,4693
7,4,8,9,420,4693
7,8,8,9,420,4693
6,3,8,9,420,4693
6,9,8,9,420,4693
5,2,8,9,420,4693
4,1,8,9,420,4693
3,0,8,9,420,4693
9,5,8,9,420,4693
9,7,8,9,420,4693
8,4,8,9,420,4693
8,8,8,9,420,4693
7,3,8,9,420,4693
7,9,8,9,420,4693
6,2,8,9,420,4693
5,1,8,9,420,4693
4,0,8,9,420,4693
9,4,8,9,420,4693
9,8,8,9,420,4693
8,3,8,9,420,4693
8,9,8,9,420,4693
7,2,8,9,420,4693
6,1,8,9,420,4693
5,0,8,9,420,4693
0,7,7,8,421,4417
1,7,7,8,421,4417
0,6,7,8,421,4417
0,8,7,8,421,4417
2,7,7,8,421,4417
1,6,7,8,421,4417
1,8,7,8,421,4417
0,5,7,8,421,4417
0,9,7,8,421,4417
3,7,7,8,421,4417
2,6,7,8,421,4417
2,8,7,8,421,4417
1,5,7,8,421,4417
1,9,7,8,421,4417
0,4,7,8,421,4417
4,7,7,8,421,4417
3,6,7,8,421,4417
3,8,7,8,421,4417
2,5,7,8,421,4417
2,9,7,8,421,4417
1,4,7,8,421,4417
0,3,7,8,421,4417
5,7,7,8,421,4417
4,6,7,8,421,4417
4,8,7,8,421,4417
3,5,7,8,421,4417
3,9,7,8,421,4417
2,4,7,8,421,4417
1,3,7,8,421,4417
0,2,7,8,421,4417
6,7,7,8,421,4417
5,6,7,8,421,4417
5,8,7,8,421,4417
4,5,7,8,421,4417
4,9,7,8,421,4417
3,4,7,8,421,4417
2,3,7,8,421,4417
1,2,7,8,421,4417
0,1,7,8,421,4417
7,7,7,8,421,4417
6,6,7,8,421,4417
6,8,7,8,421,4417
5,5,7,8,421,4417
5,9,7,8,421,4417
4,4,7,8,421,4417
3,3,7,8,421,4417
2,2,7,8,421,4417
1,1,7,8,421,4417
0,0,7,8,421,4417
8,7,7,8,421,4417
7,6,7,8,421,4417
7,8,7,8,421,4417
6,5,7,8,421,4417
6,9,7,8,421,4417
5,4,7,8,421,4417
4,3,7,8,421,4417
3,2,7,8,421,4417
2,1,7,8,421,4417
1,0,7,8,421,4417
9,7,7,8,421,4417
8,6,7,8,421,4417
8,8,7,8,421,4417
7,5,7,8,421,4417
7,9,7,8,421,4417
6,4,7,8,421,4417
5,3,7,8,421,4417
4,2,7,8,421,4417
3,1,7,8,421,4417
2,0,7,8,421,4417
9,6,7,8,421,4417
9,8,7,8,421,4417
8,5,7,8,421,4417
8,9,7,8,421,4417
7,4,7,8,421,4417
6,3,7,8,421,4417
5,2,7,8,421,4417
4,1,7,8,421,4417
3,0,7,8,421,4417
0,8,6,7,422,4109
1,8,6,7,422,4109
0,7,6,7,422,4109
0,9,6,7,422,4109
2,8,6,7,422,4109
1,7,6,7,422,4109
1,9,6,7,422,4109
0,6,6,7,422,4109
3,8,6,7,422,4109
2,7,6,7,422,4109
2,9,6,7,422,4109
1,6,6,7,422,4109
0,5,6,7,422,4109
4,8,6,7,422,4109
3,7,6,7,422,4109
3,9,6,7,422,4109
2,6,6,7,422,4109
1,5,6,7,422,4109
0,4,6,7,422,4109
5,8,6,7,422,4109
4,7,6,7,422,4109
4,9,6,7,422,4109
3,6,6,7,422,4109
2,5,6,7,422,4109
1,4,6,7,422,4109
0,3,6,7,422,4109
6,8,6,7,422,4109
5,7,6,7,422,4109
5,9,6,7,422,4109
4,6,6,7,422,4109
3,5,6,7,422,4109
2,4,6,7,422,4109
1,3,6,7,422,4109
0,2,6,7,422,4109
7,8,6,7,422,4109
6,7,6,7,422,4109
6,9,6,7,422,4109
5,6,6,7,422,4109
4,5,6,7,422,4109
3,4,6,7,422,4109
2,3,6,7,422,4109
1,2,6,7,422,4109
0,1,6,7,422,4109
8,8,6,7,422,4109
7,7,6,7,422,4109
7,9,6,7,422,4109
6,6,6,7,422,4109
5,5,6,7,422,4109
4,4,6,7,422,4109
3,3,6,7,422,4109
2,2,6,7,422,4109
1,1,6,7,422,4109
0,0,6,7,422,4109
9,8,6,7,422,4109
8,7,6,7,422,4109
8,9,6,7,422,4109
7,6,6,7,422,4109
6,5,6,7,422,4109
5,4,6,7,422,4109
4,3,6,7,422,4109
3,2,6,7,422,4109
2,1,6,7,422,4109
1,0,6,7,422,4109
0,9,5,6,423,3771
1,9,5,6,423,3771
0,8,5,6,423,3771
2,9,5,6,423,3771
1,8,5,6,423,3771
0,7,5,6,423,3771
3,9,5,6,423,3771
2,8,5,6,423,3771
1,7,5,6,423,3771
0,6,5,6,423,3771
4,9,5,6,423,3771
3,8,5,6,423,3771
2,7,5,6,423,3771
1,6,5,6,423,3771
0,5,5,6,423,3771
5,9,5,6,423,3771
4,8,5,6,423,3771
3,7,5,6,423,3771
2,6,5,6,423,3771
1,5,5,6,423,3771
0,4,5,6,423,3771
6,9,5,6,423,3771
5,8,5,6,423,3771
4,7,5,6,423,3771
3,6,5,6,423,3771
2,5,5,6,423,3771
1,4,5,6,423,3771
0,3,5,6,423,3771
7,9,5,6,423,3771
6,8,5,6,423,3771
5,7,5,6,423,3771
4,6,5,6,423,3771
3,5,5,6,423,3771
2,4,5,6,423,3771
1,3,5,6,423,3771
0,2,5,6,423,3771
8,9,5,6,423,3771
7,8,5,6,423,3771
6,7,5,6,423,3771
5,6,5,6,423,3771
4,5,5,6,423,3771
3,4,5,6,423,3771
2,3,5,6,423,3771
1,2,5,6,423,3771
0,1,5,6,423,3771
3,2,8,7,424,2994
5,2,8,7,424,2994
4,1,8,7,424,2994
4,3,8,7,424,2994
7,2,8,7,424,2994
6,1,8,7,424,2994
6,3,8,7,424,2994
5,0,8,7,424,2994
5,4,8,7,424,2994
9,2,8,7,424,2994
8,1,8,7,424,2994
8,3,8,7,424,2994
7,0,8,7,424,2994
7,4,8,7,424,2994
6,0,8,7,424,2994
6,5,8,7,424,2994
8,2,8,7,424,2994
9,1,8,7,424,2994
9,3,8,7,424,2994
9,0,8,7,424,2994
9,4,8,7,424,2994
8,0,8,7,424,2994
8,5,8,7,424,2994
7,1,8,7,424,2994
7,6,8,7,424,2994
6,2,8,7,424,2994
7,3,8,7,424,2994
8,4,8,7,424,2994
9,5,8,7,424,2994
9,6,8,7,424,2994
8,7,8,7,424,2994
4,2,8,7,424,2994
5,1,8,7,424,2994
5,3,8,7,424,2994
6,4,8,7,424,2994
7,5,8,7,424,2994
8,6,8,7,424,2994
9,7,8,7,424,2994
9,8,8,7,424,2994
4,3,8,7,425,2578
6,3,8,7,425,2578
5,2,8,7,425,2578
5,4,8,7,425,2578
8,3,8,7,425,2578
7,2,8,7,425,2578
7,4,8,7,425,2578
6,1,8,7,425,2578
6,5,8,7,425,2578
9,3,8,7,425,2578
9,2,8,7,425,2578
9,4,8,7,425,2578
8,1,8,7,425,2578
8,5,8,7,425,2578
7,0,8,7,425,2578
7,6,8,7,425,2578
7,3,8,7,425,2578
8,2,8,7,425,2578
8,4,8,7,425,2578
9,1,8,7,425,2578
9,5,8,7,425,2578
9,0,8,7,425,2578
9,6,8,7,425,2578
8,0,8,7,425,2578
8,7,8,7,425,2578
5,3,8,7,425,2578
6,2,8,7,425,2578
6,4,8,7,425,2578
7,1,8,7,425,2578
7,5,8,7,425,2578
8,6,8,7,425,2578
9,7,8,7,425,2578
9,8,8,7,425,2578
2,5,8,9,426,2571
4,5,8,9,426,2571
3,4,8,9,426,2571
3,6,8,9,426,2571
6,5,8,9,426,2571
5,4,8,9,426,2571
5,6,8,9,426,2571
4,3,8,9,426,2571
4,7,8,9,426,2571
8,5,8,9,426,2571
7,4,8,9,426,2571
7,6,8,9,426,2571
6,3,8,9,426,2571
6,7,8,9,426,2571
5,2,8,9,426,2571
5,8,8,9,426,2571
9,5,8,9,426,2571
9,4,8,9,426,2571
9,6,8,9,426,2571
8,3,8,9,426,2571
8,7,8,9,426,2571
7,2,8,9,426,2571
7,8,8,9,426,2571
6,1,8,9,426,2571
6,9,8,9,426,2571
7,5,8,9,426,2571
8,4,8,9,426,2571
8,6,8,9,426,2571
9,3,8,9,426,2571
9,7,8,9,426,2571
9,2,8,9,426,2571
9,8,8,9,426,2571
8,1,8,9,426,2571
8,9,8,9,426,2571
7,0,8,9,426,2571
7,9,8,9,426,2571
0,5,8,9,427,2991
2,5,8,9,427,2991
1,4,8,9,427,2991
1,6,8,9,427,2991
4,5,8,9,427,2991
3,4,8,9,427,2991
3,6,8,9,427,2991
2,3,8,9,427,2991
2,7,8,9,427,2991
6,5,8,9,427,2991
5,4,8,9,427,2991
5,6,8,9,427,2991
4,3,8,9,427,2991
4,7,8,9,427,2991
3,2,8,9,427,2991
3,8,8,9,427,2991
8,5,8,9,427,2991
7,4,8,9,427,2991
7,6,8,9,427,2991
6,3,8,9,427,2991
6,7,8,9,427,2991
5,2,8,9,427,2991
5,8,8,9,427,2991
4,1,8,9,427,2991
4,9,8,9,427,2991
9,5,8,9,427,2991
9,4,8,9,427,2991
9,6,8,9,427,2991
8,3,8,9,427,2991
8,7,8,9,427,2991
7,2,8,9,427,2991
7,8,8,9,427,2991
6,1,8,9,427,2991
6,9,8,9,427,2991
5,0,8,9,427,2991
5,9,8,9,427,2991
7,5,8,9,427,2991
8,4,8,9,427,2991
8,6,8,9,427,2991
9,3,8,9,427,2991
9,7,8,9,427,2991
9,2,8,9,427,2991
9,8,8,9,427,2991
8,1,8,9,427,2991
8,9,8,9,427,2991
7,0,8,9,427,2991
7,9,8,9,427,2991
6,0,8,9,427,2991
6,8,8,9,427,2991
1,6,8,9,428,2574
3,6,8,9,428,2574
2,5,8,9,428,2574
2,7,8,9,428,2574
5,6,8,9,428,2574
4,5,8,9,428,2574
4,7,8,9,428,2574
3,4,8,9,428,2574
3,8,8,9,428,2574
7,6,8,9,428,2574
6,5,8,9,428,2574
6,7,8,9,428,2574
5,4,8,9,428,2574
5,8,8,9,428,2574
4,3,8,9,428,2574
4,9,8,9,428,2574
9,6,8,9,428,2574
8,5,8,9,428,2574
8,7,8,9,428,2574
7,4,8,9,428,2574
7,8,8,9,428,2574
6,3,8,9,428,2574
6,9,8,9,428,2574
5,2,8,9,428,2574
5,9,8,9,428,2574
8,6,8,9,428,2574
9,5,8,9,428,2574
9,7,8,9,428,2574
9,4,8,9,428,2574
9,8,8,9,428,2574
8,3,8,9,428,2574
8,9,8,9,428,2574
7,2,8,9,428,2574
7,9,8,9,428,2574
6,1,8,9,428,2574
6,8,8,9,428,2574
0,6,8,9,429,2992
1,6,8,9,429,2992
0,5,8,9,429,2992
0,7,8,9,429,2992
3,6,8,9,429,2992
2,5,8,9,429,2992
2,7,8,9,429,2992
1,4,8,9,429,2992
1,8,8,9,429,2992
5,6,8,9,429,2992
4,5,8,9,429,2992
4,7,8,9,429,2992
3,4,8,9,429,2992
3,8,8,9,429,2992
2,3,8,9,429,2992
2,9,8,9,429,2992
7,6,8,9,429,2992
6,5,8,9,429,2992
6,7,8,9,429,2992
5,4,8,9,429,2992
5,8,8,9,429,2992
4,3,8,9,429,2992
4,9,8,9,429,2992
3,2,8,9,429,2992
3,9,8,9,429,2992
9,6,8,9,429,2992
8,5,8,9,429,2992
8,7,8,9,429,2992
7,4,8,9,429,2992
7,8,8,9,429,2992
6,3,8,9,429,2992
6,9,8,9,429,2992
5,2,8,9,429,2992
5,9,8,9,429,2992
4,1,8,9,429,2992
4,8,8,9,429,2992
8,6,8,9,429,2992
9,5,8,9,429,2992
9,7,8,9,429,2992
9,4,8,9,429,2992
9,8,8,9,429,2992
8,3,8,9,429,2992
8,9,8,9,429,2992
7,2,8,9,429,2992
7,9,8,9,429,2992
6,1,8,9,429,2992
6,8,8,9,429,2992
5,0,8,9,429,2992
5,7,8,9,429,2992
0,7,8,9,430,2574
2,7,8,9,430,2574
1,6,8,9,430,2574
1,8,8,9,430,2574
4,7,8,9,430,2574
3,6,8,9,430,2574
3,8,8,9,430,2574
2,5,8,9,430,2574
2,9,8,9,430,2574
6,7,8,9,430,2574
5,6,8,9,430,2574
5,8,8,9,430,2574
4,5,8,9,430,2574
4,9,8,9,430,2574
3,4,8,9,430,2574
3,9,8,9,430,2574
8,7,8,9,430,2574
7,6,8,9,430,2574
7,8,8,9,430,2574
6,5,8,9,430,2574
6,9,8,9,430,2574
5,4,8,9,430,2574
5,9,8,9,430,2574
4,3,8,9,430,2574
4,8,8,9,430,2574
9,7,8,9,430,2574
9,6,8,9,430,2574
9,8,8,9,430,2574
8,5,8,9,430,2574
8,9,8,9,430,2574
7,4,8,9,430,2574
7,9,8,9,430,2574
6,3,8,9,430,2574
6,8,8,9,430,2574
5,2,8,9,430,2574
5,7,8,9,430,2574
0,8,7,8,431,2574
1,8,7,8,431,2574
0,7,7,8,431,2574
0,9,7,8,431,2574
3,8,7,8,431,2574
2,7,7,8,431,2574
2,9,7,8,431,2574
1,6,7,8,431,2574
1,9,7,8,431,2574
5,8,7,8,431,2574
4,7,7,8,431,2574
4,9,7,8,431,2574
3,6,7,8,431,2574
3,9,7,8,431,2574
2,5,7,8,431,2574
2,8,7,8,431,2574
7,8,7,8,431,2574
6,7,7,8,431,2574
6,9,7,8,431,2574
5,6,7,8,431,2574
5,9,7,8,431,2574
4,5,7,8,431,2574
4,8,7,8,431,2574
3,4,7,8,431,2574
3,7,7,8,431,2574
9,8,7,8,431,2574
8,7,7,8,431,2574
8,9,7,8,431,2574
7,6,7,8,431,2574
7,9,7,8,431,2574
6,5,7,8,431,2574
6,8,7,8,431,2574
5,4,7,8,431,2574
5,7,7,8,431,2574
4,3,7,8,431,2574
4,6,7,8,431,2574
0,8,7,8,432,2990
1,8,7,8,432,2990
0,7,7,8,432,2990
0,9,7,8,432,2990
2,8,7,8,432,2990
1,7,7,8,432,2990
1,9,7,8,432,2990
0,6,7,8,432,2990
3,8,7,8,432,2990
2,7,7,8,432,2990
2,9,7,8,432,2990
1,6,7,8,432,2990
0,5,7,8,432,2990
5,8,7,8,432,2990
4,7,7,8,432,2990
4,9,7,8,432,2990
3,6,7,8,432,2990
3,9,7,8,432,2990
2,5,7,8,432,2990
1,4,7,8,432,2990
7,8,7,8,432,2990
6,7,7,8,432,2990
6,9,7,8,432,2990
5,6,7,8,432,2990
5,9,7,8,432,2990
4,5,7,8,432,2990
4,8,7,8,432,2990
3,4,7,8,432,2990
3,7,7,8,432,2990
2,3,7,8,432,2990
2,6,7,8,432,2990
9,8,7,8,432,2990
8,7,7,8,432,2990
8,9,7,8,432,2990
7,6,7,8,432,2990
7,9,7,8,432,2990
6,5,7,8,432,2990
6,8,7,8,432,2990
5,4,7,8,432,2990
5,7,7,8,432,2990
4,3,7,8,432,2990
4,6,7,8,432,2990
3,2,7,8,432,2990
3,5,7,8,432,2990
0,9,6,7,433,2576
1,9,6,7,433,2576
0,8,6,7,433,2576
2,9,6,7,433,2576
1,8,6,7,433,2576
0,7,6,7,433,2576
4,9,6,7,433,2576
3,8,6,7,433,2576
3,9,6,7,433,2576
2,7,6,7,433,2576
2,8,6,7,433,2576
1,6,6,7,433,2576
1,7,6,7,433,2576
6,9,6,7,433,2576
5,8,6,7,433,2576
5,9,6,7,433,2576
4,7,6,7,433,2576
4,8,6,7,433,2576
3,6,6,7,433,2576
3,7,6,7,433,2576
2,5,6,7,433,2576
2,6,6,7,433,2576
8,9,6,7,433,2576
7,8,6,7,433,2576
7,9,6,7,433,2576
6,7,6,7,433,2576
6,8,6,7,433,2576
5,6,6,7,433,2576
5,7,6,7,433,2576
4,5,6,7,433,2576
4,6,6,7,433,2576
3,4,6,7,433,2576
3,5,6,7,433,2576
5,4,8,7,434,2132
7,4,8,7,434,2132
6,3,8,7,434,2132
6,5,8,7,434,2132
9,4,8,7,434,2132
8,3,8,7,434,2132
8,5,8,7,434,2132
7,2,8,7,434,2132
7,6,8,7,434,2132
8,4,8,7,434,2132
9,3,8,7,434,2132
9,5,8,7,434,2132
9,2,8,7,434,2132
9,6,8,7,434,2132
8,1,8,7,434,2132
8,7,8,7,434,2132
6,4,8,7,434,2132
7,3,8,7,434,2132
7,5,8,7,434,2132
8,2,8,7,434,2132
8,6,8,7,434,2132
9,1,8,7,434,2132
9,7,8,7,434,2132
9,0,8,7,434,2132
9,8,8,7,434,2132
3,6,8,9,435,2127
5,6,8,9,435,2127
4,5,8,9,435,2127
4,7,8,9,435,2127
7,6,8,9,435,2127
6,5,8,9,435,2127
6,7,8,9,435,2127
5,4,8,9,435,2127
5,8,8,9,435,2127
9,6,8,9,435,2127
8,5,8,9,435,2127
8,7,8,9,435,2127
7,4,8,9,435,2127
7,8,8,9,435,2127
6,3,8,9,435,2127
6,9,8,9,435,2127
8,6,8,9,435,2127
9,5,8,9,435,2127
9,7,8,9,435,2127
9,4,8,9,435,2127
9,8,8,9,435,2127
8,3,8,9,435,2127
8,9,8,9,435,2127
7,2,8,9,435,2127
7,9,8,9,435,2127
2,7,8,9,436,2128
4,7,8,9,436,2128
3,6,8,9,436,2128
3,8,8,9,436,2128
6,7,8,9,436,2128
5,6,8,9,436,2128
5,8,8,9,436,2128
4,5,8,9,436,2128
4,9,8,9,436,2128
8,7,8,9,436,2128
7,6,8,9,436,2128
7,8,8,9,436,2128
6,5,8,9,436,2128
6,9,8,9,436,2128
5,4,8,9,436,2128
5,9,8,9,436,2128
9,7,8,9,436,2128
9,6,8,9,436,2128
9,8,8,9,436,2128
8,5,8,9,436,2128
8,9,8,9,436,2128
7,4,8,9,436,2128
7,9,8,9,436,2128
6,3,8,9,436,2128
6,8,8,9,436,2128
1,8,7,8,437,2128
3,8,7,8,437,2128
2,7,7,8,437,2128
2,9,7,8,437,2128
5,8,7,8,437,2128
4,7,7,8,437,2128
4,9,7,8,437,2128
3,6,7,8,437,2128
3,9,7,8,437,2128
7,8,7,8,437,2128
6,7,7,8,437,2128
6,9,7,8,437,2128
5,6,7,8,437,2128
5,9,7,8,437,2128
4,5,7,8,437,2128
4,8,7,8,437,2128
9,8,7,8,437,2128
8,7,7,8,437,2128
8,9,7,8,437,2128
7,6,7,8,437,2128
7,9,7,8,437,2128
6,5,7,8,437,2128
6,8,7,8,437,2128
5,4,7,8,437,2128
5,7,7,8,437,2128
6,5,8,7,438,1653
8,5,8,7,438,1653
7,4,8,7,438,1653
7,6,8,7,438,1653
9,5,8,7,438,1653
9,4,8,7,438,1653
9,6,8,7,438,1653
8,3,8,7,438,1653
8,7,8,7,438,1653
7,5,8,7,438,1653
8,4,8,7,438,1653
8,6,8,7,438,1653
9,3,8,7,438,1653
9,7,8,7,438,1653
9,2,8,7,438,1653
9,8,8,7,438,1653
7,6,8,7,439,1139
9,6,8,7,439,1139
8,5,8,7,439,1139
8,7,8,7,439,1139
8,6,8,7,439,1139
9,5,8,7,439,1139
9,7,8,7,439,1139
9,4,8,7,439,1139
9,8,8,7,439,1139
6,7,7,8,440,1138
8,7,7,8,440,1138
7,6,7,8,440,1138
7,8,7,8,440,1138
9,7,7,8,440,1138
9,6,7,8,440,1138
9,8,7,8,440,1138
8,5,7,8,440,1138
8,9,7,8,440,1138
4,7,8,9,441,1650
6,7,8,9,441,1650
5,6,8,9,441,1650
5,8,8,9,441,1650
8,7,8,9,441,1650
7,6,8,9,441,1650
7,8,8,9,441,1650
6,5,8,9,441,1650
6,9,8,9,441,1650
9,7,8,9,441,1650
9,6,8,9,441,1650
9,8,8,9,441,1650
8,5,8,9,441,1650
8,9,8,9,441,1650
7,4,8,9,441,1650
7,9,8,9,441,1650
5,8,8,9,442,1138
7,8,8,9,442,1138
6,7,8,9,442,1138
6,9,8,9,442,1138
9,8,8,9,442,1138
8,7,8,9,442,1138
8,9,8,9,442,1138
7,6,8,9,442,1138
7,9,8,9,442,1138
4,9,8,9,443,1136
6,9,8,9,443,1136
5,8,8,9,443,1136
5,9,8,9,443,1136
8,9,8,9,443,1136
7,8,8,9,443,1136
7,9,8,9,443,1136
6,7,8,9,443,1136
6,8,8,9,443,1136
8,7,8,7,444,588
9,7,8,7,444,588
9,6,8,7,444,588
9,8,8,7,444,588
7,8,8,9,22,588
9,8,8,9,22,588
8,7,8,9,22,588
8,9,8,9,22,588
6,9,8,9,391,588
8,9,8,9,391,588
7,8,8,9,391,588
7,9,8,9,391,588
9,8,9,8,0,0
8,9,8,9,0,0
0,0,7,7,445,4430
1,0,7,7,445,4430
0,1,7,7,445,4430
2,0,7,7,445,4430
1,1,7,7,445,4430
0,2,7,7,445,4430
4,0,7,7,445,4430
3,0,7,7,445,4430
3,1,7,7,445,4430
2,1,7,7,445,4430
2,2,7,7,445,4430
1,2,7,7,445,4430
1,3,7,7,445,4430
6,0,7,7,445,4430
5,0,7,7,445,4430
5,1,7,7,445,4430
4,1,7,7,445,4430
4,2,7,7,445,4430
3,2,7,7,445,4430
3,3,7,7,445,4430
2,3,7,7,445,4430
2,4,7,7,445,4430
8,0,7,7,445,4430
7,0,7,7,445,4430
7,1,7,7,445,4430
6,1,7,7,445,4430
6,2,7,7,445,4430
5,2,7,7,445,4430
5,3,7,7,445,4430
4,3,7,7,445,4430
4,4,7,7,445,4430
3,4,7,7,445,4430
3,5,7,7,445,4430
9,0,7,7,445,4430
9,1,7,7,445,4430
8,1,7,7,445,4430
8,2,7,7,445,4430
7,2,7,7,445,4430
7,3,7,7,445,4430
6,3,7,7,445,4430
6,4,7,7,445,4430
5,4,7,7,445,4430
5,5,7,7,445,4430
4,5,7,7,445,4430
4,6,7,7,445,4430
9,2,7,7,445,4430
9,3,7,7,445,4430
8,3,7,7,445,4430
8,4,7,7,445,4430
7,4,7,7,445,4430
7,5,7,7,445,4430
6,5,7,7,445,4430
6,6,7,7,445,4430
5,6,7,7,445,4430
5,7,7,7,445,4430
9,4,7,7,445,4430
9,5,7,7,445,4430
8,5,7,7,445,4430
8,6,7,7,445,4430
7,6,7,7,445,4430
7,7,7,7,445,4430
6,7,7,7,445,4430
6,8,7,7,445,4430
9,6,7,7,445,4430
9,7,7,7,445,4430
8,7,7,7,445,4430
8,8,7,7,445,4430
7,8,7,7,445,4430
7,9,7,7,445,4430
9,8,7,7,445,4430
9,9,7,7,445,4430
8,9,7,7,445,4430
0,0,7,7,446,4099
2,0,7,7,446,4099
1,0,7,7,446,4099
1,1,7,7,446,4099
4,0,7,7,446,4099
3,0,7,7,446,4099
3,1,7,7,446,4099
2,1,7,7,446,4099
2,2,7,7,446,4099
6,0,7,7,446,4099
5,0,7,7,446,4099
5,1,7,7,446,4099
4,1,7,7,446,4099
4,2,7,7,446,4099
3,2,7,7,446,4099
3,3,7,7,446,4099
8,0,7,7,446,4099
7,0,7,7,446,4099
7,1,7,7,446,4099
6,1,7,7,446,4099
6,2,7,7,446,4099
5,2,7,7,446,4099
5,3,7,7,446,4099
4,3,7,7,446,4099
4,4,7,7,446,4099
9,0,7,7,446,4099
9,1,7,7,446,4099
8,1,7,7,446,4099
8,2,7,7,446,4099
7,2,7,7,446,4099
7,3,7,7,446,4099
6,3,7,7,446,4099
6,4,7,7,446,4099
5,4,7,7,446,4099
5,5,7,7,446,4099
9,2,7,7,446,4099
9,3,7,7,446,4099
8,3,7,7,446,4099
8,4,7,7,446,4099
7,4,7,7,446,4099
7,5,7,7,446,4099
6,5,7,7,446,4099
6,6,7,7,446,4099
9,4,7,7,446,4099
9,5,7,7,446,4099
8,5,7,7,446,4099
8,6,7,7,446,4099
7,6,7,7,446,4099
7,7,7,7,446,4099
9,6,7,7,446,4099
9,7,7,7,446,4099
8,7,7,7,446,4099
8,8,7,7,446,4099
9,8,7,7,446,4099
9,9,7,7,446,4099
1,1,7,7,447,3760
3,1,7,7,447,3760
2,0,7,7,447,3760
2,2,7,7,447,3760
5,1,7,7,447,3760
4,0,7,7,447,3760
4,2,7,7,447,3760
3,0,7,7,447,3760
3,3,7,7,447,3760
7,1,7,7,447,3760
6,0,7,7,447,3760
6,2,7,7,447,3760
5,0,7,7,447,3760
5,3,7,7,447,3760
4,1,7,7,447,3760
4,4,7,7,447,3760
9,1,7,7,447,3760
8,0,7,7,447,3760
8,2,7,7,447,3760
7,0,7,7,447,3760
7,3,7,7,447,3760
6,1,7,7,447,3760
6,4,7,7,447,3760
5,2,7,7,447,3760
5,5,7,7,447,3760
8,1,7,7,447,3760
9,0,7,7,447,3760
9,2,7,7,447,3760
9,3,7,7,447,3760
8,4,7,7,447,3760
7,2,7,7,447,3760
7,5,7,7,447,3760
6,3,7,7,447,3760
6,6,7,7,447,3760
8,3,7,7,447,3760
9,4,7,7,447,3760
9,5,7,7,447,3760
8,6,7,7,447,3760
7,4,7,7,447,3760
7,7,7,7,447,3760
8,5,7,7,447,3760
9,6,7,7,447,3760
9,7,7,7,447,3760
8,8,7,7,447,3760
2,1,7,7,447,3760
3,2,7,7,447,3760
4,3,7,7,447,3760
5,4,7,7,447,3760
6,5,7,7,447,3760
7,6,7,7,447,3760
8,7,7,7,447,3760
9,8,7,7,447,3760
9,9,7,7,447,3760
0,1,7,7,448,4102
1,1,7,7,448,4102
0,0,7,7,448,4102
0,2,7,7,448,4102
3,1,7,7,448,4102
2,0,7,7,448,4102
2,2,7,7,448,4102
1,0,7,7,448,4102
1,3,7,7,448,4102
5,1,7,7,448,4102
4,0,7,7,448,4102
4,2,7,7,448,4102
3,0,7,7,448,4102
3,3,7,7,448,4102
2,1,7,7,448,4102
2,4,7,7,448,4102
7,1,7,7,448,4102
6,0,7,7,448,4102
6,2,7,7,448,4102
5,0,7,7,448,4102
5,3,7,7,448,4102
4,1,7,7,448,4102
4,4,7,7,448,4102
3,2,7,7,448,4102
3,5,7,7,448,4102
9,1,7,7,448,4102
8,0,7,7,448,4102
8,2,7,7,448,4102
7,0,7,7,448,4102
7,3,7,7,448,4102
6,1,7,7,448,4102
6,4,7,7,448,4102
5,2,7,7,448,4102
5,5,7,7,448,4102
4,3,7,7,448,4102
4,6,7,7,448,4102
8,1,7,7,448,4102
9,0,7,7,448,4102
9,2,7,7,448,4102
9,3,7,7,448,4102
8,4,7,7,448,4102
7,2,7,7,448,4102
7,5,7,7,448,4102
6,3,7,7,448,4102
6,6,7,7,448,4102
5,4,7,7,448,4102
5,7,7,7,448,4102
8,3,7,7,448,4102
9,4,7,7,448,4102
9,5,7,7,448,4102
8,6,7,7,448,4102
7,4,7,7,448,4102
7,7,7,7,448,4102
6,5,7,7,448,4102
6,8,7,7,448,4102
8,5,7,7,448,4102
9,6,7,7,448,4102
9,7,7,7,448,4102
8,8,7,7,448,4102
7,6,7,7,448,4102
7,9,7,7,448,4102
8,7,7,7,448,4102
9,8,7,7,448,4102
9,9,7,7,448,4102
8,9,7,7,448,4102
0,2,7,7,449,3761
2,2,7,7,449,3761
1,1,7,7,449,3761
1,3,7,7,449,3761
4,2,7,7,449,3761
3,1,7,7,449,3761
3,3,7,7,449,3761
2,0,7,7,449,3761
2,4,7,7,449,3761
6,2,7,7,449,3761
5,1,7,7,449,3761
5,3,7,7,449,3761
4,0,7,7,449,3761
4,4,7,7,449,3761
3,0,7,7,449,3761
3,5,7,7,449,3761
8,2,7,7,449,3761
7,1,7,7,449,3761
7,3,7,7,449,3761
6,0,7,7,449,3761
6,4,7,7,449,3761
5,0,7,7,449,3761
5,5,7,7,449,3761
4,1,7,7,449,3761
4,6,7,7,449,3761
9,2,7,7,449,3761
9,1,7,7,449,3761
9,3,7,7,449,3761
8,0,7,7,449,3761
8,4,7,7,449,3761
7,0,7,7,449,3761
7,5,7,7,449,3761
6,1,7,7,449,3761
6,6,7,7,449,3761
5,2,7,7,449,3761
5,7,7,7,449,3761
7,2,7,7,449,3761
8,1,7,7,449,3761
8,3,7,7,449,3761
9,0,7,7,449,3761
9,4,7,7,449,3761
9,5,7,7,449,3761
8,6,7,7,449,3761
7,7,7,7,449,3761
6,3,7,7,449,3761
6,8,7,7,449,3761
7,4,7,7,449,3761
8,5,7,7,449,3761
9,6,7,7,449,3761
9,7,7,7,449,3761
8,8,7,7,449,3761
7,9,7,7,449,3761
3,2,7,7,449,3761
4,3,7,7,449,3761
5,4,7,7,449,3761
6,5,7,7,449,3761
7,6,7,7,449,3761
8,7,7,7,449,3761
9,8,7,7,449,3761
9,9,7,7,449,3761
8,9,7,7,449,3761
0,3,7,9,450,3739
1,3,7,9,450,3739
0,2,7,9,450,3739
0,4,7,9,450,3739
3,3,7,9,450,3739
2,2,7,9,450,3739
2,4,7,9,450,3739
1,1,7,9,450,3739
1,5,7,9,450,3739
5,3,7,9,450,3739
4,2,7,9,450,3739
4,4,7,9,450,3739
3,1,7,9,450,3739
3,5,7,9,450,3739
2,0,7,9,450,3739
2,6,7,9,450,3739
7,3,7,9,450,3739
6,2,7,9,450,3739
6,4,7,9,450,3739
5,1,7,9,450,3739
5,5,7,9,450,3739
4,0,7,9,450,3739
4,6,7,9,450,3739
3,0,7,9,450,3739
3,7,7,9,450,3739
9,3,7,9,450,3739
8,2,7,9,450,3739
8,4,7,9,450,3739
7,1,7,9,450,3739
7,5,7,9,450,3739
6,0,7,9,450,3739
6,6,7,9,450,3739
5,0,7,9,450,3739
5,7,7,9,450,3739
4,1,7,9,450,3739
4,8,7,9,450,3739
8,3,7,9,450,3739
9,2,7,9,450,3739
9,4,7,9,450,3739
9,1,7,9,450,3739
9,5,7,9,450,3739
8,0,7,9,450,3739
8,6,7,9,450,3739
7,0,7,9,450,3739
7,7,7,9,450,3739
6,1,7,9,450,3739
6,8,7,9,450,3739
5,2,7,9,450,3739
5,9,7,9,450,3739
6,3,7,9,450,3739
7,2,7,9,450,3739
7,4,7,9,450,3739
8,1,7,9,450,3739
8,5,7,9,450,3739
9,0,7,9,450,3739
9,6,7,9,450,3739
9,7,7,9,450,3739
8,8,7,9,450,3739
7,9,7,9,450,3739
6,9,7,9,450,3739
4,3,7,9,450,3739
5,4,7,9,450,3739
6,5,7,9,450,3739
7,6,7,9,450,3739
8,7,7,9,450,3739
9,8,7,9,450,3739
9,9,7,9,450,3739
8,9,7,9,450,3739
7,8,7,9,450,3739
0,3,9,9,451,4082
1,3,9,9,451,4082
0,2,9,9,451,4082
0,4,9,9,451,4082
2,3,9,9,451,4082
1,2,9,9,451,4082
1,4,9,9,451,4082
0,1,9,9,451,4082
0,5,9,9,451,4082
3,3,9,9,451,4082
2,2,9,9,451,4082
2,4,9,9,451,4082
1,1,9,9,451,4082
1,5,9,9,451,4082
0,0,9,9,451,4082
0,6,9,9,451,4082
5,3,9,9,451,4082
4,2,9,9,451,4082
4,4,9,9,451,4082
3,1,9,9,451,4082
3,5,9,9,451,4082
2,0,9,9,451,4082
2,6,9,9,451,4082
1,0,9,9,451,4082
1,7,9,9,451,4082
7,3,9,9,451,4082
6,2,9,9,451,4082
6,4,9,9,451,4082
5,1,9,9,451,4082
5,5,9,9,451,4082
4,0,9,9,451,4082
4,6,9,9,451,4082
3,0,9,9,451,4082
3,7,9,9,451,4082
2,1,9,9,451,4082
2,8,9,9,451,4082
9,3,9,9,451,4082
8,2,9,9,451,4082
8,4,9,9,451,4082
7,1,9,9,451,4082
7,5,9,9,451,4082
6,0,9,9,451,4082
6,6,9,9,451,4082
5,0,9,9,451,4082
5,7,9,9,451,4082
4,1,9,9,451,4082
4,8,9,9,451,4082
3,2,9,9,451,4082
3,9,9,9,451,4082
8,3,9,9,451,4082
9,2,9,9,451,4082
9,4,9,9,451,4082
9,1,9,9,451,4082
9,5,9,9,451,4082
8,0,9,9,451,4082
8,6,9,9,451,4082
7,0,9,9,451,4082
7,7,9,9,451,4082
6,1,9,9,451,4082
6,8,9,9,451,4082
5,2,9,9,451,4082
5,9,9,9,451,4082
4,3,9,9,451,4082
4,9,9,9,451,4082
6,3,9,9,451,4082
7,2,9,9,451,4082
7,4,9,9,451,4082
8,1,9,9,451,4082
8,5,9,9,451,4082
9,0,9,9,451,4082
9,6,9,9,451,4082
9,7,9,9,451,4082
8,8,9,9,451,4082
7,9,9,9,451,4082
6,9,9,9,451,4082
5,4,9,9,451,4082
5,8,9,9,451,4082
6,5,9,9,451,4082
7,6,9,9,451,4082
8,7,9,9,451,4082
9,8,9,9,451,4082
9,9,9,9,451,4082
8,9,9,9,451,4082
7,8,9,9,451,4082
6,7,9,9,451,4082
0,4,9,9,452,3744
1,4,9,9,452,3744
0,3,9,9,452,3744
0,5,9,9,452,3744
2,4,9,9,452,3744
1,3,9,9,452,3744
1,5,9,9,452,3744
0,2,9,9,452,3744
0,6,9,9,452,3744
4,4,9,9,452,3744
3,3,9,9,452,3744
3,5,9,9,452,3744
2,2,9,9,452,3744
2,6,9,9,452,3744
1,1,9,9,452,3744
1,7,9,9,452,3744
6,4,9,9,452,3744
5,3,9,9,452,3744
5,5,9,9,452,3744
4,2,9,9,452,3744
4,6,9,9,452,3744
3,1,9,9,452,3744
3,7,9,9,452,3744
2,0,9,9,452,3744
2,8,9,9,452,3744
8,4,9,9,452,3744
7,3,9,9,452,3744
7,5,9,9,452,3744
6,2,9,9,452,3744
6,6,9,9,452,3744
5,1,9,9,452,3744
5,7,9,9,452,3744
4,0,9,9,452,3744
4,8,9,9,452,3744
3,0,9,9,452,3744
3,9,9,9,452,3744
9,4,9,9,452,3744
9,3,9,9,452,3744
9,5,9,9,452,3744
8,2,9,9,452,3744
8,6,9,9,452,3744
7,1,9,9,452,3744
7,7,9,9,452,3744
6,0,9,9,452,3744
6,8,9,9,452,3744
5,0,9,9,452,3744
5,9,9,9,452,3744
4,1,9,9,452,3744
4,9,9,9,452,3744
7,4,9,9,452,3744
8,3,9,9,452,3744
8,5,9,9,452,3744
9,2,9,9,452,3744
9,6,9,9,452,3744
9,1,9,9,452,3744
9,7,9,9,452,3744
8,0,9,9,452,3744
8,8,9,9,452,3744
7,0,9,9,452,3744
7,9,9,9,452,3744
6,1,9,9,452,3744
6,9,9,9,452,3744
5,2,9,9,452,3744
5,8,9,9,452,3744
5,4,9,9,452,3744
6,3,9,9,452,3744
6,5,9,9,452,3744
7,2,9,9,452,3744
7,6,9,9,452,3744
8,1,9,9,452,3744
8,7,9,9,452,3744
9,0,9,9,452,3744
9,8,9,9,452,3744
9,9,9,9,452,3744
8,9,9,9,452,3744
7,8,9,9,452,3744
6,7,9,9,452,3744
0,3,9,9,453,4402
1,3,9,9,453,4402
0,2,9,9,453,4402
0,4,9,9,453,4402
2,3,9,9,453,4402
1,2,9,9,453,4402
1,4,9,9,453,4402
0,1,9,9,453,4402
0,5,9,9,453,4402
3,3,9,9,453,4402
2,2,9,9,453,4402
2,4,9,9,453,4402
1,1,9,9,453,4402
1,5,9,9,453,4402
0,0,9,9,453,4402
0,6,9,9,453,4402
4,3,9,9,453,4402
3,2,9,9,453,4402
3,4,9,9,453,4402
2,1,9,9,453,4402
2,5,9,9,453,4402
1,0,9,9,453,4402
1,6,9,9,453,4402
0,7,9,9,453,4402
5,3,9,9,453,4402
4,2,9,9,453,4402
4,4,9,9,453,4402
3,1,9,9,453,4402
3,5,9,9,453,4402
2,0,9,9,453,4402
2,6,9,9,453,4402
1,7,9,9,453,4402
0,8,9,9,453,4402
7,3,9,9,453,4402
6,2,9,9,453,4402
6,4,9,9,453,4402
5,1,9,9,453,4402
5,5,9,9,453,4402
4,0,9,9,453,4402
4,6,9,9,453,4402
3,0,9,9,453,4402
3,7,9,9,453,4402
2,8,9,9,453,4402
1,9,9,9,453,4402
9,3,9,9,453,4402
8,2,9,9,453,4402
8,4,9,9,453,4402
7,1,9,9,453,4402
7,5,9,9,453,4402
6,0,9,9,453,4402
6,6,9,9,453,4402
5,0,9,9,453,4402
5,7,9,9,453,4402
4,1,9,9,453,4402
4,8,9,9,453,4402
3,9,9,9,453,4402
2,9,9,9,453,4402
8,3,9,9,453,4402
9,2,9,9,453,4402
9,4,9,9,453,4402
9,1,9,9,453,4402
9,5,9,9,453,4402
8,0,9,9,453,4402
8,6,9,9,453,4402
7,0,9,9,453,4402
7,7,9,9,453,4402
6,1,9,9,453,4402
6,8,9,9,453,4402
5,2,9,9,453,4402
5,9,9,9,453,4402
4,9,9,9,453,4402
3,8,9,9,453,4402
6,3,9,9,453,4402
7,2,9,9,453,4402
7,4,9,9,453,4402
8,1,9,9,453,4402
8,5,9,9,453,4402
9,0,9,9,453,4402
9,6,9,9,453,4402
9,7,9,9,453,4402
8,8,9,9,453,4402
7,9,9,9,453,4402
6,9,9,9,453,4402
5,4,9,9,453,4402
5,8,9,9,453,4402
4,5,9,9,453,4402
4,7,9,9,453,4402
6,5,9,9,453,4402
7,6,9,9,453,4402
8,7,9,9,453,4402
9,8,9,9,453,4402
9,9,9,9,453,4402
8,9,9,9,453,4402
7,8,9,9,453,4402
6,7,9,9,453,4402
5,6,9,9,453,4402
0,4,9,9,454,4085
1,4,9,9,454,4085
0,3,9,9,454,4085
0,5,9,9,454,4085
2,4,9,9,454,4085
1,3,9,9,454,4085
1,5,9,9,454,4085
0,2,9,9,454,4085
0,6,9,9,454,4085
3,4,9,9,454,4085
2,3,9,9,454,4085
2,5,9,9,454,4085
1,2,9,9,454,4085
1,6,9,9,454,4085
0,1,9,9,454,4085
0,7,9,9,454,4085
4,4,9,9,454,4085
3,3,9,9,454,4085
3,5,9,9,454,4085
2,2,9,9,454,4085
2,6,9,9,454,4085
1,1,9,9,454,4085
1,7,9,9,454,4085
0,0,9,9,454,4085
0,8,9,9,454,4085
6,4,9,9,454,4085
5,3,9,9,454,4085
5,5,9,9,454,4085
4,2,9,9,454,4085
4,6,9,9,454,4085
3,1,9,9,454,4085
3,7,9,9,454,4085
2,0,9,9,454,4085
2,8,9,9,454,4085
1,0,9,9,454,4085
1,9,9,9,454,4085
8,4,9,9,454,4085
7,3,9,9,454,4085
7,5,9,9,454,4085
6,2,9,9,454,4085
6,6,9,9,454,4085
5,1,9,9,454,4085
5,7,9,9,454,4085
4,0,9,9,454,4085
4,8,9,9,454,4085
3,0,9,9,454,4085
3,9,9,9,454,4085
2,1,9,9,454,4085
2,9,9,9,454,4085
9,4,9,9,454,4085
9,3,9,9,454,4085
9,5,9,9,454,4085
8,2,9,9,454,4085
8,6,9,9,454,4085
7,1,9,9,454,4085
7,7,9,9,454,4085
6,0,9,9,454,4085
6,8,9,9,454,4085
5,0,9,9,454,4085
5,9,9,9,454,4085
4,1,9,9,454,4085
4,9,9,9,454,4085
3,2,9,9,454,4085
3,8,9,9,454,4085
7,4,9,9,454,4085
8,3,9,9,454,4085
8,5,9,9,454,4085
9,2,9,9,454,4085
9,6,9,9,454,4085
9,1,9,9,454,4085
9,7,9,9,454,4085
8,0,9,9,454,4085
8,8,9,9,454,4085
7,0,9,9,454,4085
7,9,9,9,454,4085
6,1,9,9,454,4085
6,9,9,9,454,4085
5,2,9,9,454,4085
5,8,9,9,454,4085
4,3,9,9,454,4085
4,7,9,9,454,4085
5,4,9,9,454,4085
6,3,9,9,454,4085
6,5,9,9,454,4085
7,2,9,9,454,4085
7,6,9,9,454,4085
8,1,9,9,454,4085
8,7,9,9,454,4085
9,0,9,9,454,4085
9,8,9,9,454,4085
9,9,9,9,454,4085
8,9,9,9,454,4085
7,8,9,9,454,4085
6,7,9,9,454,4085
5,6,9,9,454,4085
0,3,9,9,455,4701
1,3,9,9,455,4701
0,2,9,9,455,4701
0,4,9,9,455,4701
2,3,9,9,455,4701
1,2,9,9,455,4701
1,4,9,9,455,4701
0,1,9,9,455,4701
0,5,9,9,455,4701
3,3,9,9,455,4701
2,2,9,9,455,4701
2,4,9,9,455,4701
1,1,9,9,455,4701
1,5,9,9,455,4701
0,0,9,9,455,4701
0,6,9,9,455,4701
4,3,9,9,455,4701
3,2,9,9,455,4701
3,4,9,9,455,4701
2,1,9,9,455,4701
2,5,9,9,455,4701
1,0,9,9,455,4701
1,6,9,9,455,4701
0,7,9,9,455,4701
5,3,9,9,455,4701
4,2,9,9,455,4701
4,4,9,9,455,4701
3,1,9,9,455,4701
3,5,9,9,455,4701
2,0,9,9,455,4701
2,6,9,9,455,4701
1,7,9,9,455,4701
0,8,9,9,455,4701
6,3,9,9,455,4701
5,2,9,9,455,4701
5,4,9,9,455,4701
4,1,9,9,455,4701
4,5,9,9,455,4701
3,0,9,9,455,4701
3,6,9,9,455,4701
2,7,9,9,455,4701
1,8,9,9,455,4701
0,9,9,9,455,4701
7,3,9,9,455,4701
6,2,9,9,455,4701
6,4,9,9,455,4701
5,1,9,9,455,4701
5,5,9,9,455,4701
4,0,9,9,455,4701
4,6,9,9,455,4701
3,7,9,9,455,4701
2,8,9,9,455,4701
1,9,9,9,455,4701
9,3,9,9,455,4701
8,2,9,9,455,4701
8,4,9,9,455,4701
7,1,9,9,455,4701
7,5,9,9,455,4701
6,0,9,9,455,4701
6,6,9,9,455,4701
5,0,9,9,455,4701
5,7,9,9,455,4701
4,8,9,9,455,4701
3,9,9,9,455,4701
2,9,9,9,455,4701
8,3,9,9,455,4701
9,2,9,9,455,4701
9,4,9,9,455,4701
9,1,9,9,455,4701
9,5,9,9,455,4701
8,0,9,9,455,4701
8,6,9,9,455,4701
7,0,9,9,455,4701
7,7,9,9,455,4701
6,1,9,9,455,4701
6,8,9,9,455,4701
5,9,9,9,455,4701
4,9,9,9,455,4701
3,8,9,9,455,4701
7,2,9,9,455,4701
7,4,9,9,455,4701
8,1,9,9,455,4701
8,5,9,9,455,4701
9,0,9,9,455,4701
9,6,9,9,455,4701
9,7,9,9,455,4701
8,8,9,9,455,4701
7,9,9,9,455,4701
6,9,9,9,455,4701
5,8,9,9,455,4701
4,7,9,9,455,4701
6,5,9,9,455,4701
7,6,9,9,455,4701
8,7,9,9,455,4701
9,8,9,9,455,4701
9,9,9,9,455,4701
8,9,9,9,455,4701
7,8,9,9,455,4701
6,7,9,9,455,4701
5,6,9,9,455,4701
0,4,9,9,456,4404
1,4,9,9,456,4404
0,3,9,9,456,4404
0,5,9,9,456,4404
2,4,9,9,456,4404
1,3,9,9,456,4404
1,5,9,9,456,4404
0,2,9,9,456,4404
0,6,9,9,456,4404
3,4,9,9,456,4404
2,3,9,9,456,4404
2,5,9,9,456,4404
1,2,9,9,456,4404
1,6,9,9,456,4404
0,1,9,9,456,4404
0,7,9,9,456,4404
4,4,9,9,456,4404
3,3,9,9,456,4404
3,5,9,9,456,4404
2,2,9,9,456,4404
2,6,9,9,456,4404
1,1,9,9,456,4404
1,7,9,9,456,4404
0,0,9,9,456,4404
0,8,9,9,456,4404
5,4,9,9,456,4404
4,3,9,9,456,4404
4,5,9,9,456,4404
3,2,9,9,456,4404
3,6,9,9,456,4404
2,1,9,9,456,4404
2,7,9,9,456,4404
1,0,9,9,456,4404
1,8,9,9,456,4404
0,9,9,9,456,4404
6,4,9,9,456,4404
5,3,9,9,456,4404
5,5,9,9,456,4404
4,2,9,9,456,4404
4,6,9,9,456,4404
3,1,9,9,456,4404
3,7,9,9,456,4404
2,0,9,9,456,4404
2,8,9,9,456,4404
1,9,9,9,456,4404
8,4,9,9,456,4404
7,3,9,9,456,4404
7,5,9,9,456,4404
6,2,9,9,456,4404
6,6,9,9,456,4404
5,1,9,9,456,4404
5,7,9,9,456,4404
4,0,9,9,456,4404
4,8,9,9,456,4404
3,0,9,9,456,4404
3,9,9,9,456,4404
2,9,9,9,456,4404
9,4,9,9,456,4404
9,3,9,9,456,4404
9,5,9,9,456,4404
8,2,9,9,456,4404
8,6,9,9,456,4404
7,1,9,9,456,4404
7,7,9,9,456,4404
6,0,9,9,456,4404
6,8,9,9,456,4404
5,0,9,9,456,4404
5,9,9,9,456,4404
4,1,9,9,456,4404
4,9,9,9,456,4404
3,8,9,9,456,4404
7,4,9,9,456,4404
8,3,9,9,456,4404
8,5,9,9,456,4404
9,2,9,9,456,4404
9,6,9,9,456,4404
9,1,9,9,456,4404
9,7,9,9,456,4404
8,0,9,9,456,4404
8,8,9,9,456,4404
7,0,9,9,456,4404
7,9,9,9,456,4404
6,1,9,9,456,4404
6,9,9,9,456,4404
5,2,9,9,456,4404
5,8,9,9,456,4404
4,7,9,9,456,4404
6,3,9,9,456,4404
6,5,9,9,456,4404
7,2,9,9,456,4404
7,6,9,9,456,4404
8,1,9,9,456,4404
8,7,9,9,456,4404
9,0,9,9,456,4404
9,8,9,9,456,4404
9,9,9,9,456,4404
8,9,9,9,456,4404
7,8,9,9,456,4404
6,7,9,9,456,4404
5,6,9,9,456,4404
0,5,9,9,457,4085
1,5,9,9,457,4085
0,4,9,9,457,4085
0,6,9,9,457,4085
2,5,9,9,457,4085
1,4,9,9,457,4085
1,6,9,9,457,4085
0,3,9,9,457,4085
0,7,9,9,457,4085
3,5,9,9,457,4085
2,4,9,9,457,4085
2,6,9,9,457,4085
1,3,9,9,457,4085
1,7,9,9,457,4085
0,2,9,9,457,4085
0,8,9,9,457,4085
4,5,9,9,457,4085
3,4,9,9,457,4085
3,6,9,9,457,4085
2,3,9,9,457,4085
2,7,9,9,457,4085
1,2,9,9,457,4085
1,8,9,9,457,4085
0,1,9,9,457,4085
0,9,9,9,457,4085
5,5,9,9,457,4085
4,4,9,9,457,4085
4,6,9,9,457,4085
3,3,9,9,457,4085
3,7,9,9,457,4085
2,2,9,9,457,4085
2,8,9,9,457,4085
1,1,9,9,457,4085
1,9,9,9,457,4085
0,0,9,9,457,4085
7,5,9,9,457,4085
6,4,9,9,457,4085
6,6,9,9,457,4085
5,3,9,9,457,4085
5,7,9,9,457,4085
4,2,9,9,457,4085
4,8,9,9,457,4085
3,1,9,9,457,4085
3,9,9,9,457,4085
2,0,9,9,457,4085
2,9,9,9,457,4085
1,0,9,9,457,4085
9,5,9,9,457,4085
8,4,9,9,457,4085
8,6,9,9,457,4085
7,3,9,9,457,4085
7,7,9,9,457,4085
6,2,9,9,457,4085
6,8,9,9,457,4085
5,1,9,9,457,4085
5,9,9,9,457,4085
4,0,9,9,457,4085
4,9,9,9,457,4085
3,0,9,9,457,4085
3,8,9,9,457,4085
2,1,9,9,457,4085
8,5,9,9,457,4085
9,4,9,9,457,4085
9,6,9,9,457,4085
9,3,9,9,457,4085
9,7,9,9,457,4085
8,2,9,9,457,4085
8,8,9,9,457,4085
7,1,9,9,457,4085
7,9,9,9,457,4085
6,0,9,9,457,4085
6,9,9,9,457,4085
5,0,9,9,457,4085
5,8,9,9,457,4085
4,1,9,9,457,4085
4,7,9,9,457,4085
3,2,9,9,457,4085
6,5,9,9,457,4085
7,4,9,9,457,4085
7,6,9,9,457,4085
8,3,9,9,457,4085
8,7,9,9,457,4085
9,2,9,9,457,4085
9,8,9,9,457,4085
9,1,9,9,457,4085
9,9,9,9,457,4085
8,0,9,9,457,4085
8,9,9,9,457,4085
7,0,9,9,457,4085
7,8,9,9,457,4085
6,1,9,9,457,4085
6,7,9,9,457,4085
5,2,9,9,457,4085
5,6,9,9,457,4085
4,3,9,9,457,4085
0,6,9,9,458,3744
1,6,9,9,458,3744
0,5,9,9,458,3744
0,7,9,9,458,3744
2,6,9,9,458,3744
1,5,9,9,458,3744
1,7,9,9,458,3744
0,4,9,9,458,3744
0,8,9,9,458,3744
3,6,9,9,458,3744
2,5,9,9,458,3744
2,7,9,9,458,3744
1,4,9,9,458,3744
1,8,9,9,458,3744
0,3,9,9,458,3744
0,9,9,9,458,3744
4,6,9,9,458,3744
3,5,9,9,458,3744
3,7,9,9,458,3744
2,4,9,9,458,3744
2,8,9,9,458,3744
1,3,9,9,458,3744
1,9,9,9,458,3744
0,2,9,9,458,3744
6,6,9,9,458,3744
5,5,9,9,458,3744
5,7,9,9,458,3744
4,4,9,9,458,3744
4,8,9,9,458,3744
3,3,9,9,458,3744
3,9,9,9,458,3744
2,2,9,9,458,3744
2,9,9,9,458,3744
1,1,9,9,458,3744
8,6,9,9,458,3744
7,5,9,9,458,3744
7,7,9,9,458,3744
6,4,9,9,458,3744
6,8,9,9,458,3744
5,3,9,9,458,3744
5,9,9,9,458,3744
4,2,9,9,458,3744
4,9,9,9,458,3744
3,1,9,9,458,3744
3,8,9,9,458,3744
2,0,9,9,458,3744
9,6,9,9,458,3744
9,5,9,9,458,3744
9,7,9,9,458,3744
8,4,9,9,458,3744
8,8,9,9,458,3744
7,3,9,9,458,3744
7,9,9,9,458,3744
6,2,9,9,458,3744
6,9,9,9,458,3744
5,1,9,9,458,3744
5,8,9,9,458,3744
4,0,9,9,458,3744
4,7,9,9,458,3744
3,0,9,9,458,3744
7,6,9,9,458,3744
8,5,9,9,458,3744
8,7,9,9,458,3744
9,4,9,9,458,3744
9,8,9,9,458,3744
9,3,9,9,458,3744
9,9,9,9,458,3744
8,2,9,9,458,3744
8,9,9,9,458,3744
7,1,9,9,458,3744
7,8,9,9,458,3744
6,0,9,9,458,3744
6,7,9,9,458,3744
5,0,9,9,458,3744
5,6,9,9,458,3744
4,1,9,9,458,3744
4,5,9,9,458,3744
0,4,9,9,459,4701
1,4,9,9,459,4701
0,3,9,9,459,4701
0,5,9,9,459,4701
2,4,9,9,459,4701
1,3,9,9,459,4701
1,5,9,9,459,4701
0,2,9,9,459,4701
0,6,9,9,459,4701
3,4,9,9,459,4701
2,3,9,9,459,4701
2,5,9,9,459,4701
1,2,9,9,459,4701
1,6,9,9,459,4701
0,1,9,9,459,4701
0,7,9,9,459,4701
4,4,9,9,459,4701
3,3,9,9,459,4701
3,5,9,9,459,4701
2,2,9,9,459,4701
2,6,9,9,459,4701
1,1,9,9,459,4701
1,7,9,9,459,4701
0,0,9,9,459,4701
0,8,9,9,459,4701
5,4,9,9,459,4701
4,3,9,9,459,4701
4,5,9,9,459,4701
3,2,9,9,459,4701
3,6,9,9,459,4701
2,1,9,9,459,4701
2,7,9,9,459,4701
1,0,9,9,459,4701
1,8,9,9,459,4701
0,9,9,9,459,4701
6,4,9,9,459,4701
5,3,9,9,459,4701
5,5,9,9,459,4701
4,2,9,9,459,4701
4,6,9,9,459,4701
3,1,9,9,459,4701
3,7,9,9,459,4701
2,0,9,9,459,4701
2,8,9,9,459,4701
1,9,9,9,459,4701
7,4,9,9,459,4701
6,3,9,9,459,4701
6,5,9,9,459,4701
5,2,9,9,459,4701
5,6,9,9,459,4701
4,1,9,9,459,4701
4,7,9,9,459,4701
3,0,9,9,459,4701
3,8,9,9,459,4701
2,9,9,9,459,4701
8,4,9,9,459,4701
7,3,9,9,459,4701
7,5,9,9,459,4701
6,2,9,9,459,4701
6,6,9,9,459,4701
5,1,9,9,459,4701
5,7,9,9,459,4701
4,0,9,9,459,4701
4,8,9,9,459,4701
3,9,9,9,459,4701
9,4,9,9,459,4701
9,3,9,9,459,4701
9,5,9,9,459,4701
8,2,9,9,459,4701
8,6,9,9,459,4701
7,1,9,9,459,4701
7,7,9,9,459,4701
6,0,9,9,459,4701
6,8,9,9,459,4701
5,0,9,9,459,4701
5,9,9,9,459,4701
4,9,9,9,459,4701
8,3,9,9,459,4701
8,5,9,9,459,4701
9,2,9,9,459,4701
9,6,9,9,459,4701
9,1,9,9,459,4701
9,7,9,9,459,4701
8,0,9,9,459,4701
8,8,9,9,459,4701
7,0,9,9,459,4701
7,9,9,9,459,4701
6,1,9,9,459,4701
6,9,9,9,459,4701
5,8,9,9,459,4701
7,2,9,9,459,4701
7,6,9,9,459,4701
8,1,9,9,459,4701
8,7,9,9,459,4701
9,0,9,9,459,4701
9,8,9,9,459,4701
9,9,9,9,459,4701
8,9,9,9,459,4701
7,8,9,9,459,4701
6,7,9,9,459,4701
0,5,9,9,460,4403
1,5,9,9,460,4403
0,4,9,9,460,4403
0,6,9,9,460,4403
2,5,9,9,460,4403
1,4,9,9,460,4403
1,6,9,9,460,4403
0,3,9,9,460,4403
0,7,9,9,460,4403
3,5,9,9,460,4403
2,4,9,9,460,4403
2,6,9,9,460,4403
1,3,9,9,460,4403
1,7,9,9,460,4403
0,2,9,9,460,4403
0,8,9,9,460,4403
4,5,9,9,460,4403
3,4,9,9,460,4403
3,6,9,9,460,4403
2,3,9,9,460,4403
2,7,9,9,460,4403
1,2,9,9,460,4403
1,8,9,9,460,4403
0,1,9,9,460,4403
0,9,9,9,460,4403
5,5,9,9,460,4403
4,4,9,9,460,4403
4,6,9,9,460,4403
3,3,9,9,460,4403
3,7,9,9,460,4403
2,2,9,9,460,4403
2,8,9,9,460,4403
1,1,9,9,460,4403
1,9,9,9,460,4403
0,0,9,9,460,4403
6,5,9,9,460,4403
5,4,9,9,460,4403
5,6,9,9,460,4403
4,3,9,9,460,4403
4,7,9,9,460,4403
3,2,9,9,460,4403
3,8,9,9,460,4403
2,1,9,9,460,4403
2,9,9,9,460,4403
1,0,9,9,460,4403
7,5,9,9,460,4403
6,4,9,9,460,4403
6,6,9,9,460,4403
5,3,9,9,460,4403
5,7,9,9,460,4403
4,2,9,9,460,4403
4,8,9,9,460,4403
3,1,9,9,460,4403
3,9,9,9,460,4403
2,0,9,9,460,4403
9,5,9,9,460,4403
8,4,9,9,460,4403
8,6,9,9,460,4403
7,3,9,9,460,4403
7,7,9,9,460,4403
6,2,9,9,460,4403
6,8,9,9,460,4403
5,1,9,9,460,4403
5,9,9,9,460,4403
4,0,9,9,460,4403
4,9,9,9,460,4403
3,0,9,9,460,4403
8,5,9,9,460,4403
9,4,9,9,460,4403
9,6,9,9,460,4403
9,3,9,9,460,4403
9,7,9,9,460,4403
8,2,9,9,460,4403
8,8,9,9,460,4403
7,1,9,9,460,4403
7,9,9,9,460,4403
6,0,9,9,460,4403
6,9,9,9,460,4403
5,0,9,9,460,4403
5,8,9,9,460,4403
4,1,9,9,460,4403
7,4,9,9,460,4403
7,6,9,9,460,4403
8,3,9,9,460,4403
8,7,9,9,460,4403
9,2,9,9,460,4403
9,8,9,9,460,4403
9,1,9,9,460,4403
9,9,9,9,460,4403
8,0,9,9,460,4403
8,9,9,9,460,4403
7,0,9,9,460,4403
7,8,9,9,460,4403
6,1,9,9,460,4403
6,7,9,9,460,4403
5,2,9,9,460,4403
0,6,9,9,461,4083
1,6,9,9,461,4083
0,5,9,9,461,4083
0,7,9,9,461,4083
2,6,9,9,461,4083
1,5,9,9,461,4083
1,7,9,9,461,4083
0,4,9,9,461,4083
0,8,9,9,461,4083
3,6,9,9,461,4083
2,5,9,9,461,4083
2,7,9,9,461,4083
1,4,9,9,461,4083
1,8,9,9,461,4083
0,3,9,9,461,4083
0,9,9,9,461,4083
4,6,9,9,461,4083
3,5,9,9,461,4083
3,7,9,9,461,4083
2,4,9,9,461,4083
2,8,9,9,461,4083
1,3,9,9,461,4083
1,9,9,9,461,4083
0,2,9,9,461,4083
5,6,9,9,461,4083
4,5,9,9,461,4083
4,7,9,9,461,4083
3,4,9,9,461,4083
3,8,9,9,461,4083
2,3,9,9,461,4083
2,9,9,9,461,4083
1,2,9,9,461,4083
0,1,9,9,461,4083
6,6,9,9,461,4083
5,5,9,9,461,4083
5,7,9,9,461,4083
4,4,9,9,461,4083
4,8,9,9,461,4083
3,3,9,9,461,4083
3,9,9,9,461,4083
2,2,9,9,461,4083
1,1,9,9,461,4083
0,0,9,9,461,4083
8,6,9,9,461,4083
7,5,9,9,461,4083
7,7,9,9,461,4083
6,4,9,9,461,4083
6,8,9,9,461,4083
5,3,9,9,461,4083
5,9,9,9,461,4083
4,2,9,9,461,4083
4,9,9,9,461,4083
3,1,9,9,461,4083
2,0,9,9,461,4083
1,0,9,9,461,4083
9,6,9,9,461,4083
9,5,9,9,461,4083
9,7,9,9,461,4083
8,4,9,9,461,4083
8,8,9,9,461,4083
7,3,9,9,461,4083
7,9,9,9,461,4083
6,2,9,9,461,4083
6,9,9,9,461,4083
5,1,9,9,461,4083
5,8,9,9,461,4083
4,0,9,9,461,4083
3,0,9,9,461,4083
2,1,9,9,461,4083
7,6,9,9,461,4083
8,5,9,9,461,4083
8,7,9,9,461,4083
9,4,9,9,461,4083
9,8,9,9,461,4083
9,3,9,9,461,4083
9,9,9,9,461,4083
8,2,9,9,461,4083
8,9,9,9,461,4083
7,1,9,9,461,4083
7,8,9,9,461,4083
6,0,9,9,461,4083
6,7,9,9,461,4083
5,0,9,9,461,4083
4,1,9,9,461,4083
3,2,9,9,461,4083
0,6,9,9,462,4399
1,6,9,9,462,4399
0,5,9,9,462,4399
0,7,9,9,462,4399
2,6,9,9,462,4399
1,5,9,9,462,4399
1,7,9,9,462,4399
0,4,9,9,462,4399
0,8,9,9,462,4399
3,6,9,9,462,4399
2,5,9,9,462,4399
2,7,9,9,462,4399
1,4,9,9,462,4399
1,8,9,9,462,4399
0,3,9,9,462,4399
0,9,9,9,462,4399
4,6,9,9,462,4399
3,5,9,9,462,4399
3,7,9,9,462,4399
2,4,9,9,462,4399
2,8,9,9,462,4399
1,3,9,9,462,4399
1,9,9,9,462,4399
0,2,9,9,462,4399
5,6,9,9,462,4399
4,5,9,9,462,4399
4,7,9,9,462,4399
3,4,9,9,462,4399
3,8,9,9,462,4399
2,3,9,9,462,4399
2,9,9,9,462,4399
1,2,9,9,462,4399
0,1,9,9,462,4399
6,6,9,9,462,4399
5,5,9,9,462,4399
5,7,9,9,462,4399
4,4,9,9,462,4399
4,8,9,9,462,4399
3,3,9,9,462,4399
3,9,9,9,462,4399
2,2,9,9,462,4399
1,1,9,9,462,4399
0,0,9,9,462,4399
7,6,9,9,462,4399
6,5,9,9,462,4399
6,7,9,9,462,4399
5,4,9,9,462,4399
5,8,9,9,462,4399
4,3,9,9,462,4399
4,9,9,9,462,4399
3,2,9,9,462,4399
2,1,9,9,462,4399
1,0,9,9,462,4399
8,6,9,9,462,4399
7,5,9,9,462,4399
7,7,9,9,462,4399
6,4,9,9,462,4399
6,8,9,9,462,4399
5,3,9,9,462,4399
5,9,9,9,462,4399
4,2,9,9,462,4399
3,1,9,9,462,4399
2,0,9,9,462,4399
9,6,9,9,462,4399
9,5,9,9,462,4399
9,7,9,9,462,4399
8,4,9,9,462,4399
8,8,9,9,462,4399
7,3,9,9,462,4399
7,9,9,9,462,4399
6,2,9,9,462,4399
6,9,9,9,462,4399
5,1,9,9,462,4399
4,0,9,9,462,4399
3,0,9,9,462,4399
8,5,9,9,462,4399
8,7,9,9,462,4399
9,4,9,9,462,4399
9,8,9,9,462,4399
9,3,9,9,462,4399
9,9,9,9,462,4399
8,2,9,9,462,4399
8,9,9,9,462,4399
7,1,9,9,462,4399
7,8,9,9,462,4399
6,0,9,9,462,4399
5,0,9,9,462,4399
4,1,9,9,462,4399
0,7,7,9,463,3960
1,7,7,9,463,3960
0,6,7,9,463,3960
0,8,7,9,463,3960
2,7,7,9,463,3960
1,6,7,9,463,3960
1,8,7,9,463,3960
0,5,7,9,463,3960
0,9,7,9,463,3960
3,7,7,9,463,3960
2,6,7,9,463,3960
2,8,7,9,463,3960
1,5,7,9,463,3960
1,9,7,9,463,3960
0,4,7,9,463,3960
4,7,7,9,463,3960
3,6,7,9,463,3960
3,8,7,9,463,3960
2,5,7,9,463,3960
2,9,7,9,463,3960
1,4,7,9,463,3960
0,3,7,9,463,3960
5,7,7,9,463,3960
4,6,7,9,463,3960
4,8,7,9,463,3960
3,5,7,9,463,3960
3,9,7,9,463,3960
2,4,7,9,463,3960
1,3,7,9,463,3960
0,2,7,9,463,3960
6,7,7,9,463,3960
5,6,7,9,463,3960
5,8,7,9,463,3960
4,5,7,9,463,3960
4,9,7,9,463,3960
3,4,7,9,463,3960
2,3,7,9,463,3960
1,2,7,9,463,3960
0,1,7,9,463,3960
7,7,7,9,463,3960
6,6,7,9,463,3960
6,8,7,9,463,3960
5,5,7,9,463,3960
5,9,7,9,463,3960
4,4,7,9,463,3960
3,3,7,9,463,3960
2,2,7,9,463,3960
1,1,7,9,463,3960
0,0,7,9,463,3960
9,7,7,9,463,3960
8,6,7,9,463,3960
8,8,7,9,463,3960
7,5,7,9,463,3960
7,9,7,9,463,3960
6,4,7,9,463,3960
6,9,7,9,463,3960
5,3,7,9,463,3960
4,2,7,9,463,3960
3,1,7,9,463,3960
2,0,7,9,463,3960
1,0,7,9,463,3960
8,7,7,9,463,3960
9,6,7,9,463,3960
9,8,7,9,463,3960
9,5,7,9,463,3960
9,9,7,9,463,3960
8,4,7,9,463,3960
8,9,7,9,463,3960
7,3,7,9,463,3960
7,8,7,9,463,3960
6,2,7,9,463,3960
5,1,7,9,463,3960
4,0,7,9,463,3960
3,0,7,9,463,3960
2,1,7,9,463,3960
0,8,7,7,464,3744
1,8,7,7,464,3744
0,7,7,7,464,3744
0,9,7,7,464,3744
2,8,7,7,464,3744
1,7,7,7,464,3744
1,9,7,7,464,3744
0,6,7,7,464,3744
3,8,7,7,464,3744
2,7,7,7,464,3744
2,9,7,7,464,3744
1,6,7,7,464,3744
0,5,7,7,464,3744
4,8,7,7,464,3744
3,7,7,7,464,3744
3,9,7,7,464,3744
2,6,7,7,464,3744
1,5,7,7,464,3744
0,4,7,7,464,3744
5,8,7,7,464,3744
4,7,7,7,464,3744
4,9,7,7,464,3744
3,6,7,7,464,3744
2,5,7,7,464,3744
1,4,7,7,464,3744
0,3,7,7,464,3744
6,8,7,7,464,3744
5,7,7,7,464,3744
5,9,7,7,464,3744
4,6,7,7,464,3744
3,5,7,7,464,3744
2,4,7,7,464,3744
1,3,7,7,464,3744
0,2,7,7,464,3744
8,8,7,7,464,3744
7,7,7,7,464,3744
7,9,7,7,464,3744
6,6,7,7,464,3744
6,9,7,7,464,3744
5,5,7,7,464,3744
4,4,7,7,464,3744
3,3,7,7,464,3744
2,2,7,7,464,3744
1,1,7,7,464,3744
9,8,7,7,464,3744
9,7,7,7,464,3744
9,9,7,7,464,3744
8,6,7,7,464,3744
8,9,7,7,464,3744
7,5,7,7,464,3744
7,8,7,7,464,3744
6,4,7,7,464,3744
6,7,7,7,464,3744
5,3,7,7,464,3744
5,6,7,7,464,3744
4,2,7,7,464,3744
4,5,7,7,464,3744
3,1,7,7,464,3744
3,4,7,7,464,3744
2,0,7,7,464,3744
2,3,7,7,464,3744
0,6,9,9,465,4694
1,6,9,9,465,4694
0,5,9,9,465,4694
0,7,9,9,465,4694
2,6,9,9,465,4694
1,5,9,9,465,4694
1,7,9,9,465,4694
0,4,9,9,465,4694
0,8,9,9,465,4694
3,6,9,9,465,4694
2,5,9,9,465,4694
2,7,9,9,465,4694
1,4,9,9,465,4694
1,8,9,9,465,4694
0,3,9,9,465,4694
0,9,9,9,465,4694
4,6,9,9,465,4694
3,5,9,9,465,4694
3,7,9,9,465,4694
2,4,9,9,465,4694
2,8,9,9,465,4694
1,3,9,9,465,4694
1,9,9,9,465,4694
0,2,9,9,465,4694
5,6,9,9,465,4694
4,5,9,9,465,4694
4,7,9,9,465,4694
3,4,9,9,465,4694
3,8,9,9,465,4694
2,3,9,9,465,4694
2,9,9,9,465,4694
1,2,9,9,465,4694
0,1,9,9,465,4694
6,6,9,9,465,4694
5,5,9,9,465,4694
5,7,9,9,465,4694
4,4,9,9,465,4694
4,8,9,9,465,4694
3,3,9,9,465,4694
3,9,9,9,465,4694
2,2,9,9,465,4694
1,1,9,9,465,4694
0,0,9,9,465,4694
7,6,9,9,465,4694
6,5,9,9,465,4694
6,7,9,9,465,4694
5,4,9,9,465,4694
5,8,9,9,465,4694
4,3,9,9,465,4694
4,9,9,9,465,4694
3,2,9,9,465,4694
2,1,9,9,465,4694
1,0,9,9,465,4694
8,6,9,9,465,4694
7,5,9,9,465,4694
7,7,9,9,465,4694
6,4,9,9,465,4694
6,8,9,9,465,4694
5,3,9,9,465,4694
5,9,9,9,465,4694
4,2,9,9,465,4694
3,1,9,9,465,4694
2,0,9,9,465,4694
9,6,9,9,465,4694
8,5,9,9,465,4694
8,7,9,9,465,4694
7,4,9,9,465,4694
7,8,9,9,465,4694
6,3,9,9,465,4694
6,9,9,9,465,4694
5,2,9,9,465,4694
4,1,9,9,465,4694
3,0,9,9,465,4694
9,5,9,9,465,4694
9,7,9,9,465,4694
8,4,9,9,465,4694
8,8,9,9,465,4694
7,3,9,9,465,4694
7,9,9,9,465,4694
6,2,9,9,465,4694
5,1,9,9,465,4694
4,0,9,9,465,4694
9,4,9,9,465,4694
9,8,9,9,465,4694
9,3,9,9,465,4694
9,9,9,9,465,4694
8,2,9,9,465,4694
8,9,9,9,465,4694
7,1,9,9,465,4694
6,0,9,9,465,4694
5,0,9,9,465,4694
0,7,7,9,466,4282
1,7,7,9,466,4282
0,6,7,9,466,4282
0,8,7,9,466,4282
2,7,7,9,466,4282
1,6,7,9,466,4282
1,8,7,9,466,4282
0,5,7,9,466,4282
0,9,7,9,466,4282
3,7,7,9,466,4282
2,6,7,9,466,4282
2,8,7,9,466,4282
1,5,7,9,466,4282
1,9,7,9,466,4282
0,4,7,9,466,4282
4,7,7,9,466,4282
3,6,7,9,466,4282
3,8,7,9,466,4282
2,5,7,9,466,4282
2,9,7,9,466,4282
1,4,7,9,466,4282
0,3,7,9,466,4282
5,7,7,9,466,4282
4,6,7,9,466,4282
4,8,7,9,466,4282
3,5,7,9,466,4282
3,9,7,9,466,4282
2,4,7,9,466,4282
1,3,7,9,466,4282
0,2,7,9,466,4282
6,7,7,9,466,4282
5,6,7,9,466,4282
5,8,7,9,466,4282
4,5,7,9,466,4282
4,9,7,9,466,4282
3,4,7,9,466,4282
2,3,7,9,466,4282
1,2,7,9,466,4282
0,1,7,9,466,4282
7,7,7,9,466,4282
6,6,7,9,466,4282
6,8,7,9,466,4282
5,5,7,9,466,4282
5,9,7,9,466,4282
4,4,7,9,466,4282
3,3,7,9,466,4282
2,2,7,9,466,4282
1,1,7,9,466,4282
0,0,7,9,466,4282
8,7,7,9,466,4282
7,6,7,9,466,4282
7,8,7,9,466,4282
6,5,7,9,466,4282
6,9,7,9,466,4282
5,4,7,9,466,4282
4,3,7,9,466,4282
3,2,7,9,466,4282
2,1,7,9,466,4282
1,0,7,9,466,4282
9,7,7,9,466,4282
8,6,7,9,466,4282
8,8,7,9,466,4282
7,5,7,9,466,4282
7,9,7,9,466,4282
6,4,7,9,466,4282
5,3,7,9,466,4282
4,2,7,9,466,4282
3,1,7,9,466,4282
2,0,7,9,466,4282
9,6,7,9,466,4282
9,8,7,9,466,4282
9,5,7,9,466,4282
9,9,7,9,466,4282
8,4,7,9,466,4282
8,9,7,9,466,4282
7,3,7,9,466,4282
6,2,7,9,466,4282
5,1,7,9,466,4282
4,0,7,9,466,4282
3,0,7,9,466,4282
0,9,4,6,467,3774
1,9,4,6,467,3774
0,8,4,6,467,3774
2,9,4,6,467,3774
1,8,4,6,467,3774
0,7,4,6,467,3774
3,9,4,6,467,3774
2,8,4,6,467,3774
1,7,4,6,467,3774
0,6,4,6,467,3774
4,9,4,6,467,3774
3,8,4,6,467,3774
2,7,4,6,467,3774
1,6,4,6,467,3774
0,5,4,6,467,3774
5,9,4,6,467,3774
4,8,4,6,467,3774
3,7,4,6,467,3774
2,6,4,6,467,3774
1,5,4,6,467,3774
0,4,4,6,467,3774
6,9,4,6,467,3774
5,8,4,6,467,3774
4,7,4,6,467,3774
3,6,4,6,467,3774
2,5,4,6,467,3774
1,4,4,6,467,3774
0,3,4,6,467,3774
7,9,4,6,467,3774
6,8,4,6,467,3774
5,7,4,6,467,3774
4,6,4,6,467,3774
3,5,4,6,467,3774
2,4,4,6,467,3774
1,3,4,6,467,3774
0,2,4,6,467,3774
9,9,4,6,467,3774
8,8,4,6,467,3774
8,9,4,6,467,3774
7,7,4,6,467,3774
7,8,4,6,467,3774
6,6,4,6,467,3774
6,7,4,6,467,3774
5,5,4,6,467,3774
5,6,4,6,467,3774
4,4,4,6,467,3774
4,5,4,6,467,3774
3,3,4,6,467,3774
3,4,4,6,467,3774
2,2,4,6,467,3774
2,3,4,6,467,3774
1,1,4,6,467,3774
1,2,4,6,467,3774
0,8,7,7,468,4428
1,8,7,7,468,4428
0,7,7,7,468,4428
0,9,7,7,468,4428
2,8,7,7,468,4428
1,7,7,7,468,4428
1,9,7,7,468,4428
0,6,7,7,468,4428
3,8,7,7,468,4428
2,7,7,7,468,4428
2,9,7,7,468,4428
1,6,7,7,468,4428
0,5,7,7,468,4428
4,8,7,7,468,4428
3,7,7,7,468,4428
3,9,7,7,468,4428
2,6,7,7,468,4428
1,5,7,7,468,4428
0,4,7,7,468,4428
5,8,7,7,468,4428
4,7,7,7,468,4428
4,9,7,7,468,4428
3,6,7,7,468,4428
2,5,7,7,468,4428
1,4,7,7,468,4428
0,3,7,7,468,4428
6,8,7,7,468,4428
5,7,7,7,468,4428
5,9,7,7,468,4428
4,6,7,7,468,4428
3,5,7,7,468,4428
2,4,7,7,468,4428
1,3,7,7,468,4428
0,2,7,7,468,4428
7,8,7,7,468,4428
6,7,7,7,468,4428
6,9,7,7,468,4428
5,6,7,7,468,4428
4,5,7,7,468,4428
3,4,7,7,468,4428
2,3,7,7,468,4428
1,2,7,7,468,4428
0,1,7,7,468,4428
8,8,7,7,468,4428
7,7,7,7,468,4428
7,9,7,7,468,4428
6,6,7,7,468,4428
5,5,7,7,468,4428
4,4,7,7,468,4428
3,3,7,7,468,4428
2,2,7,7,468,4428
1,1,7,7,468,4428
0,0,7,7,468,4428
9,8,7,7,468,4428
8,7,7,7,468,4428
8,9,7,7,468,4428
7,6,7,7,468,4428
6,5,7,7,468,4428
5,4,7,7,468,4428
4,3,7,7,468,4428
3,2,7,7,468,4428
2,1,7,7,468,4428
1,0,7,7,468,4428
9,7,7,7,468,4428
9,9,7,7,468,4428
8,6,7,7,468,4428
7,5,7,7,468,4428
6,4,7,7,468,4428
5,3,7,7,468,4428
4,2,7,7,468,4428
3,1,7,7,468,4428
2,0,7,7,468,4428
0,9,6,6,469,4114
1,9,6,6,469,4114
0,8,6,6,469,4114
2,9,6,6,469,4114
1,8,6,6,469,4114
0,7,6,6,469,4114
3,9,6,6,469,4114
2,8,6,6,469,4114
1,7,6,6,469,4114
0,6,6,6,469,4114
4,9,6,6,469,4114
3,8,6,6,469,4114
2,7,6,6,469,4114
1,6,6,6,469,4114
0,5,6,6,469,4114
5,9,6,6,469,4114
4,8,6,6,469,4114
3,7,6,6,469,4114
2,6,6,6,469,4114
1,5,6,6,469,4114
0,4,6,6,469,4114
6,9,6,6,469,4114
5,8,6,6,469,4114
4,7,6,6,469,4114
3,6,6,6,469,4114
2,5,6,6,469,4114
1,4,6,6,469,4114
0,3,6,6,469,4114
7,9,6,6,469,4114
6,8,6,6,469,4114
5,7,6,6,469,4114
4,6,6,6,469,4114
3,5,6,6,469,4114
2,4,6,6,469,4114
1,3,6,6,469,4114
0,2,6,6,469,4114
8,9,6,6,469,4114
7,8,6,6,469,4114
6,7,6,6,469,4114
5,6,6,6,469,4114
4,5,6,6,469,4114
3,4,6,6,469,4114
2,3,6,6,469,4114
1,2,6,6,469,4114
0,1,6,6,469,4114
9,9,6,6,469,4114
8,8,6,6,469,4114
7,7,6,6,469,4114
6,6,6,6,469,4114
5,5,6,6,469,4114
4,4,6,6,469,4114
3,3,6,6,469,4114
2,2,6,6,469,4114
1,1,6,6,469,4114
0,0,6,6,469,4114
2,2,7,7,470,3395
4,2,7,7,470,3395
3,1,7,7,470,3395
3,3,7,7,470,3395
6,2,7,7,470,3395
5,1,7,7,470,3395
5,3,7,7,470,3395
4,0,7,7,470,3395
4,4,7,7,470,3395
8,2,7,7,470,3395
7,1,7,7,470,3395
7,3,7,7,470,3395
6,0,7,7,470,3395
6,4,7,7,470,3395
5,0,7,7,470,3395
5,5,7,7,470,3395
9,2,7,7,470,3395
9,1,7,7,470,3395
9,3,7,7,470,3395
8,0,7,7,470,3395
8,4,7,7,470,3395
7,0,7,7,470,3395
7,5,7,7,470,3395
6,1,7,7,470,3395
6,6,7,7,470,3395
7,2,7,7,470,3395
8,1,7,7,470,3395
8,3,7,7,470,3395
9,0,7,7,470,3395
9,4,7,7,470,3395
9,5,7,7,470,3395
8,6,7,7,470,3395
7,7,7,7,470,3395
5,2,7,7,470,3395
6,3,7,7,470,3395
7,4,7,7,470,3395
8,5,7,7,470,3395
9,6,7,7,470,3395
9,7,7,7,470,3395
8,8,7,7,470,3395
3,2,7,7,470,3395
4,1,7,7,470,3395
4,3,7,7,470,3395
5,4,7,7,470,3395
6,5,7,7,470,3395
7,6,7,7,470,3395
8,7,7,7,470,3395
9,8,7,7,470,3395
9,9,7,7,470,3395
3,3,7,7,471,3005
5,3,7,7,471,3005
4,2,7,7,471,3005
4,4,7,7,471,3005
7,3,7,7,471,3005
6,2,7,7,471,3005
6,4,7,7,471,3005
5,1,7,7,471,3005
5,5,7,7,471,3005
9,3,7,7,471,3005
8,2,7,7,471,3005
8,4,7,7,471,3005
7,1,7,7,471,3005
7,5,7,7,471,3005
6,0,7,7,471,3005
6,6,7,7,471,3005
8,3,7,7,471,3005
9,2,7,7,471,3005
9,4,7,7,471,3005
9,1,7,7,471,3005
9,5,7,7,471,3005
8,0,7,7,471,3005
8,6,7,7,471,3005
7,0,7,7,471,3005
7,7,7,7,471,3005
6,3,7,7,471,3005
7,2,7,7,471,3005
7,4,7,7,471,3005
8,1,7,7,471,3005
8,5,7,7,471,3005
9,0,7,7,471,3005
9,6,7,7,471,3005
9,7,7,7,471,3005
8,8,7,7,471,3005
4,3,7,7,471,3005
5,2,7,7,471,3005
5,4,7,7,471,3005
6,1,7,7,471,3005
6,5,7,7,471,3005
7,6,7,7,471,3005
8,7,7,7,471,3005
9,8,7,7,471,3005
9,9,7,7,471,3005
1,5,9,9,472,2990
3,5,9,9,472,2990
2,4,9,9,472,2990
2,6,9,9,472,2990
5,5,9,9,472,2990
4,4,9,9,472,2990
4,6,9,9,472,2990
3,3,9,9,472,2990
3,7,9,9,472,2990
7,5,9,9,472,2990
6,4,9,9,472,2990
6,6,9,9,472,2990
5,3,9,9,472,2990
5,7,9,9,472,2990
4,2,9,9,472,2990
4,8,9,9,472,2990
9,5,9,9,472,2990
8,4,9,9,472,2990
8,6,9,9,472,2990
7,3,9,9,472,2990
7,7,9,9,472,2990
6,2,9,9,472,2990
6,8,9,9,472,2990
5,1,9,9,472,2990
5,9,9,9,472,2990
8,5,9,9,472,2990
9,4,9,9,472,2990
9,6,9,9,472,2990
9,3,9,9,472,2990
9,7,9,9,472,2990
8,2,9,9,472,2990
8,8,9,9,472,2990
7,1,9,9,472,2990
7,9,9,9,472,2990
6,0,9,9,472,2990
6,9,9,9,472,2990
6,5,9,9,472,2990
7,4,9,9,472,2990
7,6,9,9,472,2990
8,3,9,9,472,2990
8,7,9,9,472,2990
9,2,9,9,472,2990
9,8,9,9,472,2990
9,1,9,9,472,2990
9,9,9,9,472,2990
8,0,9,9,472,2990
8,9,9,9,472,2990
7,0,9,9,472,2990
7,8,9,9,472,2990
0,5,9,9,473,3381
1,5,9,9,473,3381
0,4,9,9,473,3381
0,6,9,9,473,3381
3,5,9,9,473,3381
2,4,9,9,473,3381
2,6,9,9,473,3381
1,3,9,9,473,3381
1,7,9,9,473,3381
5,5,9,9,473,3381
4,4,9,9,473,3381
4,6,9,9,473,3381
3,3,9,9,473,3381
3,7,9,9,473,3381
2,2,9,9,473,3381
2,8,9,9,473,3381
7,5,9,9,473,3381
6,4,9,9,473,3381
6,6,9,9,473,3381
5,3,9,9,473,3381
5,7,9,9,473,3381
4,2,9,9,473,3381
4,8,9,9,473,3381
3,1,9,9,473,3381
3,9,9,9,473,3381
9,5,9,9,473,3381
8,4,9,9,473,3381
8,6,9,9,473,3381
7,3,9,9,473,3381
7,7,9,9,473,3381
6,2,9,9,473,3381
6,8,9,9,473,3381
5,1,9,9,473,3381
5,9,9,9,473,3381
4,0,9,9,473,3381
4,9,9,9,473,3381
8,5,9,9,473,3381
9,4,9,9,473,3381
9,6,9,9,473,3381
9,3,9,9,473,3381
9,7,9,9,473,3381
8,2,9,9,473,3381
8,8,9,9,473,3381
7,1,9,9,473,3381
7,9,9,9,473,3381
6,0,9,9,473,3381
6,9,9,9,473,3381
5,0,9,9,473,3381
5,8,9,9,473,3381
6,5,9,9,473,3381
7,4,9,9,473,3381
7,6,9,9,473,3381
8,3,9,9,473,3381
8,7,9,9,473,3381
9,2,9,9,473,3381
9,8,9,9,473,3381
9,1,9,9,473,3381
9,9,9,9,473,3381
8,0,9,9,473,3381
8,9,9,9,473,3381
7,0,9,9,473,3381
7,8,9,9,473,3381
6,1,9,9,473,3381
6,7,9,9,473,3381
0,6,9,9,474,2992
2,6,9,9,474,2992
1,5,9,9,474,2992
1,7,9,9,474,2992
4,6,9,9,474,2992
3,5,9,9,474,2992
3,7,9,9,474,2992
2,4,9,9,474,2992
2,8,9,9,474,2992
6,6,9,9,474,2992
5,5,9,9,474,2992
5,7,9,9,474,2992
4,4,9,9,474,2992
4,8,9,9,474,2992
3,3,9,9,474,2992
3,9,9,9,474,2992
8,6,9,9,474,2992
7,5,9,9,474,2992
7,7,9,9,474,2992
6,4,9,9,474,2992
6,8,9,9,474,2992
5,3,9,9,474,2992
5,9,9,9,474,2992
4,2,9,9,474,2992
4,9,9,9,474,2992
9,6,9,9,474,2992
9,5,9,9,474,2992
9,7,9,9,474,2992
8,4,9,9,474,2992
8,8,9,9,474,2992
7,3,9,9,474,2992
7,9,9,9,474,2992
6,2,9,9,474,2992
6,9,9,9,474,2992
5,1,9,9,474,2992
5,8,9,9,474,2992
7,6,9,9,474,2992
8,5,9,9,474,2992
8,7,9,9,474,2992
9,4,9,9,474,2992
9,8,9,9,474,2992
9,3,9,9,474,2992
9,9,9,9,474,2992
8,2,9,9,474,2992
8,9,9,9,474,2992
7,1,9,9,474,2992
7,8,9,9,474,2992
6,0,9,9,474,2992
6,7,9,9,474,2992
0,6,9,9,475,3381
1,6,9,9,475,3381
0,5,9,9,475,3381
0,7,9,9,475,3381
2,6,9,9,475,3381
1,5,9,9,475,3381
1,7,9,9,475,3381
0,4,9,9,475,3381
0,8,9,9,475,3381
4,6,9,9,475,3381
3,5,9,9,475,3381
3,7,9,9,475,3381
2,4,9,9,475,3381
2,8,9,9,475,3381
1,3,9,9,475,3381
1,9,9,9,475,3381
6,6,9,9,475,3381
5,5,9,9,475,3381
5,7,9,9,475,3381
4,4,9,9,475,3381
4,8,9,9,475,3381
3,3,9,9,475,3381
3,9,9,9,475,3381
2,2,9,9,475,3381
2,9,9,9,475,3381
8,6,9,9,475,3381
7,5,9,9,475,3381
7,7,9,9,475,3381
6,4,9,9,475,3381
6,8,9,9,475,3381
5,3,9,9,475,3381
5,9,9,9,475,3381
4,2,9,9,475,3381
4,9,9,9,475,3381
3,1,9,9,475,3381
3,8,9,9,475,3381
9,6,9,9,475,3381
9,5,9,9,475,3381
9,7,9,9,475,3381
8,4,9,9,475,3381
8,8,9,9,475,3381
7,3,9,9,475,3381
7,9,9,9,475,3381
6,2,9,9,475,3381
6,9,9,9,475,3381
5,1,9,9,475,3381
5,8,9,9,475,3381
4,0,9,9,475,3381
4,7,9,9,475,3381
7,6,9,9,475,3381
8,5,9,9,475,3381
8,7,9,9,475,3381
9,4,9,9,475,3381
9,8,9,9,475,3381
9,3,9,9,475,3381
9,9,9,9,475,3381
8,2,9,9,475,3381
8,9,9,9,475,3381
7,1,9,9,475,3381
7,8,9,9,475,3381
6,0,9,9,475,3381
6,7,9,9,475,3381
5,0,9,9,475,3381
5,6,9,9,475,3381
0,7,9,9,476,2990
1,7,9,9,476,2990
0,6,9,9,476,2990
0,8,9,9,476,2990
3,7,9,9,476,2990
2,6,9,9,476,2990
2,8,9,9,476,2990
1,5,9,9,476,2990
1,9,9,9,476,2990
5,7,9,9,476,2990
4,6,9,9,476,2990
4,8,9,9,476,2990
3,5,9,9,476,2990
3,9,9,9,476,2990
2,4,9,9,476,2990
2,9,9,9,476,2990
7,7,9,9,476,2990
6,6,9,9,476,2990
6,8,9,9,476,2990
5,5,9,9,476,2990
5,9,9,9,476,2990
4,4,9,9,476,2990
4,9,9,9,476,2990
3,3,9,9,476,2990
3,8,9,9,476,2990
9,7,9,9,476,2990
8,6,9,9,476,2990
8,8,9,9,476,2990
7,5,9,9,476,2990
7,9,9,9,476,2990
6,4,9,9,476,2990
6,9,9,9,476,2990
5,3,9,9,476,2990
5,8,9,9,476,2990
4,2,9,9,476,2990
4,7,9,9,476,2990
8,7,9,9,476,2990
9,6,9,9,476,2990
9,8,9,9,476,2990
9,5,9,9,476,2990
9,9,9,9,476,2990
8,4,9,9,476,2990
8,9,9,9,476,2990
7,3,9,9,476,2990
7,8,9,9,476,2990
6,2,9,9,476,2990
6,7,9,9,476,2990
5,1,9,9,476,2990
5,6,9,9,476,2990
0,8,7,9,477,2845
1,8,7,9,477,2845
0,7,7,9,477,2845
0,9,7,9,477,2845
2,8,7,9,477,2845
1,7,7,9,477,2845
1,9,7,9,477,2845
0,6,7,9,477,2845
4,8,7,9,477,2845
3,7,7,9,477,2845
3,9,7,9,477,2845
2,6,7,9,477,2845
2,9,7,9,477,2845
1,5,7,9,477,2845
6,8,7,9,477,2845
5,7,7,9,477,2845
5,9,7,9,477,2845
4,6,7,9,477,2845
4,9,7,9,477,2845
3,5,7,9,477,2845
3,8,7,9,477,2845
2,4,7,9,477,2845
2,7,7,9,477,2845
8,8,7,9,477,2845
7,7,7,9,477,2845
7,9,7,9,477,2845
6,6,7,9,477,2845
6,9,7,9,477,2845
5,5,7,9,477,2845
5,8,7,9,477,2845
4,4,7,9,477,2845
4,7,7,9,477,2845
3,3,7,9,477,2845
3,6,7,9,477,2845
9,8,7,9,477,2845
9,7,7,9,477,2845
9,9,7,9,477,2845
8,6,7,9,477,2845
8,9,7,9,477,2845
7,5,7,9,477,2845
7,8,7,9,477,2845
6,4,7,9,477,2845
6,7,7,9,477,2845
5,3,7,9,477,2845
5,6,7,9,477,2845
4,2,7,9,477,2845
4,5,7,9,477,2845
0,8,7,9,478,3241
1,8,7,9,478,3241
0,7,7,9,478,3241
0,9,7,9,478,3241
2,8,7,9,478,3241
1,7,7,9,478,3241
1,9,7,9,478,3241
0,6,7,9,478,3241
3,8,7,9,478,3241
2,7,7,9,478,3241
2,9,7,9,478,3241
1,6,7,9,478,3241
0,5,7,9,478,3241
4,8,7,9,478,3241
3,7,7,9,478,3241
3,9,7,9,478,3241
2,6,7,9,478,3241
1,5,7,9,478,3241
0,4,7,9,478,3241
6,8,7,9,478,3241
5,7,7,9,478,3241
5,9,7,9,478,3241
4,6,7,9,478,3241
4,9,7,9,478,3241
3,5,7,9,478,3241
2,4,7,9,478,3241
1,3,7,9,478,3241
8,8,7,9,478,3241
7,7,7,9,478,3241
7,9,7,9,478,3241
6,6,7,9,478,3241
6,9,7,9,478,3241
5,5,7,9,478,3241
5,8,7,9,478,3241
4,4,7,9,478,3241
4,7,7,9,478,3241
3,3,7,9,478,3241
3,6,7,9,478,3241
2,2,7,9,478,3241
2,5,7,9,478,3241
9,8,7,9,478,3241
9,7,7,9,478,3241
9,9,7,9,478,3241
8,6,7,9,478,3241
8,9,7,9,478,3241
7,5,7,9,478,3241
7,8,7,9,478,3241
6,4,7,9,478,3241
6,7,7,9,478,3241
5,3,7,9,478,3241
5,6,7,9,478,3241
4,2,7,9,478,3241
4,5,7,9,478,3241
3,1,7,9,478,3241
3,4,7,9,478,3241
0,9,7,7,479,2992
1,9,7,7,479,2992
0,8,7,7,479,2992
2,9,7,7,479,2992
1,8,7,7,479,2992
0,7,7,7,479,2992
3,9,7,7,479,2992
2,8,7,7,479,2992
1,7,7,7,479,2992
0,6,7,7,479,2992
5,9,7,7,479,2992
4,8,7,7,479,2992
4,9,7,7,479,2992
3,7,7,7,479,2992
3,8,7,7,479,2992
2,6,7,7,479,2992
2,7,7,7,479,2992
1,5,7,7,479,2992
1,6,7,7,479,2992
7,9,7,7,479,2992
6,8,7,7,479,2992
6,9,7,7,479,2992
5,7,7,7,479,2992
5,8,7,7,479,2992
4,6,7,7,479,2992
4,7,7,7,479,2992
3,5,7,7,479,2992
3,6,7,7,479,2992
2,4,7,7,479,2992
2,5,7,7,479,2992
9,9,7,7,479,2992
8,8,7,7,479,2992
8,9,7,7,479,2992
7,7,7,7,479,2992
7,8,7,7,479,2992
6,6,7,7,479,2992
6,7,7,7,479,2992
5,5,7,7,479,2992
5,6,7,7,479,2992
4,4,7,7,479,2992
4,5,7,7,479,2992
3,3,7,7,479,2992
3,4,7,7,479,2992
4,4,7,7,480,2586
6,4,7,7,480,2586
5,3,7,7,480,2586
5,5,7,7,480,2586
8,4,7,7,480,2586
7,3,7,7,480,2586
7,5,7,7,480,2586
6,2,7,7,480,2586
6,6,7,7,480,2586
9,4,7,7,480,2586
9,3,7,7,480,2586
9,5,7,7,480,2586
8,2,7,7,480,2586
8,6,7,7,480,2586
7,1,7,7,480,2586
7,7,7,7,480,2586
7,4,7,7,480,2586
8,3,7,7,480,2586
8,5,7,7,480,2586
9,2,7,7,480,2586
9,6,7,7,480,2586
9,1,7,7,480,2586
9,7,7,7,480,2586
8,0,7,7,480,2586
8,8,7,7,480,2586
5,4,7,7,480,2586
6,3,7,7,480,2586
6,5,7,7,480,2586
7,2,7,7,480,2586
7,6,7,7,480,2586
8,1,7,7,480,2586
8,7,7,7,480,2586
9,0,7,7,480,2586
9,8,7,7,480,2586
9,9,7,7,480,2586
2,6,9,9,481,2574
4,6,9,9,481,2574
3,5,9,9,481,2574
3,7,9,9,481,2574
6,6,9,9,481,2574
5,5,9,9,481,2574
5,7,9,9,481,2574
4,4,9,9,481,2574
4,8,9,9,481,2574
8,6,9,9,481,2574
7,5,9,9,481,2574
7,7,9,9,481,2574
6,4,9,9,481,2574
6,8,9,9,481,2574
5,3,9,9,481,2574
5,9,9,9,481,2574
9,6,9,9,481,2574
9,5,9,9,481,2574
9,7,9,9,481,2574
8,4,9,9,481,2574
8,8,9,9,481,2574
7,3,9,9,481,2574
7,9,9,9,481,2574
6,2,9,9,481,2574
6,9,9,9,481,2574
7,6,9,9,481,2574
8,5,9,9,481,2574
8,7,9,9,481,2574
9,4,9,9,481,2574
9,8,9,9,481,2574
9,3,9,9,481,2574
9,9,9,9,481,2574
8,2,9,9,481,2574
8,9,9,9,481,2574
7,1,9,9,481,2574
7,8,9,9,481,2574
1,7,9,9,482,2574
3,7,9,9,482,2574
2,6,9,9,482,2574
2,8,9,9,482,2574
5,7,9,9,482,2574
4,6,9,9,482,2574
4,8,9,9,482,2574
3,5,9,9,482,2574
3,9,9,9,482,2574
7,7,9,9,482,2574
6,6,9,9,482,2574
6,8,9,9,482,2574
5,5,9,9,482,2574
5,9,9,9,482,2574
4,4,9,9,482,2574
4,9,9,9,482,2574
9,7,9,9,482,2574
8,6,9,9,482,2574
8,8,9,9,482,2574
7,5,9,9,482,2574
7,9,9,9,482,2574
6,4,9,9,482,2574
6,9,9,9,482,2574
5,3,9,9,482,2574
5,8,9,9,482,2574
8,7,9,9,482,2574
9,6,9,9,482,2574
9,8,9,9,482,2574
9,5,9,9,482,2574
9,9,9,9,482,2574
8,4,9,9,482,2574
8,9,9,9,482,2574
7,3,9,9,482,2574
7,8,9,9,482,2574
6,2,9,9,482,2574
6,7,9,9,482,2574
0,8,7,9,483,2420
2,8,7,9,483,2420
1,7,7,9,483,2420
1,9,7,9,483,2420
4,8,7,9,483,2420
3,7,7,9,483,2420
3,9,7,9,483,2420
2,6,7,9,483,2420
2,9,7,9,483,2420
6,8,7,9,483,2420
5,7,7,9,483,2420
5,9,7,9,483,2420
4,6,7,9,483,2420
4,9,7,9,483,2420
3,5,7,9,483,2420
3,8,7,9,483,2420
8,8,7,9,483,2420
7,7,7,9,483,2420
7,9,7,9,483,2420
6,6,7,9,483,2420
6,9,7,9,483,2420
5,5,7,9,483,2420
5,8,7,9,483,2420
4,4,7,9,483,2420
4,7,7,9,483,2420
9,8,7,9,483,2420
9,7,7,9,483,2420
9,9,7,9,483,2420
8,6,7,9,483,2420
8,9,7,9,483,2420
7,5,7,9,483,2420
7,8,7,9,483,2420
6,4,7,9,483,2420
6,7,7,9,483,2420
5,3,7,9,483,2420
5,6,7,9,483,2420
5,5,7,7,484,2137
7,5,7,7,484,2137
6,4,7,7,484,2137
6,6,7,7,484,2137
9,5,7,7,484,2137
8,4,7,7,484,2137
8,6,7,7,484,2137
7,3,7,7,484,2137
7,7,7,7,484,2137
8,5,7,7,484,2137
9,4,7,7,484,2137
9,6,7,7,484,2137
9,3,7,7,484,2137
9,7,7,7,484,2137
8,2,7,7,484,2137
8,8,7,7,484,2137
6,5,7,7,484,2137
7,4,7,7,484,2137
7,6,7,7,484,2137
8,3,7,7,484,2137
8,7,7,7,484,2137
9,2,7,7,484,2137
9,8,7,7,484,2137
9,1,7,7,484,2137
9,9,7,7,484,2137
6,6,7,7,485,1655
8,6,7,7,485,1655
7,5,7,7,485,1655
7,7,7,7,485,1655
9,6,7,7,485,1655
9,5,7,7,485,1655
9,7,7,7,485,1655
8,4,7,7,485,1655
8,8,7,7,485,1655
7,6,7,7,485,1655
8,5,7,7,485,1655
8,7,7,7,485,1655
9,4,7,7,485,1655
9,8,7,7,485,1655
9,3,7,7,485,1655
9,9,7,7,485,1655
5,7,7,9,486,1650
7,7,7,9,486,1650
6,6,7,9,486,1650
6,8,7,9,486,1650
9,7,7,9,486,1650
8,6,7,9,486,1650
8,8,7,9,486,1650
7,5,7,9,486,1650
7,9,7,9,486,1650
8,7,7,9,486,1650
9,6,7,9,486,1650
9,8,7,9,486,1650
9,5,7,9,486,1650
9,9,7,9,486,1650
8,4,7,9,486,1650
8,9,7,9,486,1650
3,7,9,9,487,2128
5,7,9,9,487,2128
4,6,9,9,487,2128
4,8,9,9,487,2128
7,7,9,9,487,2128
6,6,9,9,487,2128
6,8,9,9,487,2128
5,5,9,9,487,2128
5,9,9,9,487,2128
9,7,9,9,487,2128
8,6,9,9,487,2128
8,8,9,9,487,2128
7,5,9,9,487,2128
7,9,9,9,487,2128
6,4,9,9,487,2128
6,9,9,9,487,2128
8,7,9,9,487,2128
9,6,9,9,487,2128
9,8,9,9,487,2128
9,5,9,9,487,2128
9,9,9,9,487,2128
8,4,9,9,487,2128
8,9,9,9,487,2128
7,3,9,9,487,2128
7,8,9,9,487,2128
4,8,9,9,488,1650
6,8,9,9,488,1650
5,7,9,9,488,1650
5,9,9,9,488,1650
8,8,9,9,488,1650
7,7,9,9,488,1650
7,9,9,9,488,1650
6,6,9,9,488,1650
6,9,9,9,488,1650
9,8,9,9,488,1650
9,7,9,9,488,1650
9,9,9,9,488,1650
8,6,9,9,488,1650
8,9,9,9,488,1650
7,5,9,9,488,1650
7,8,9,9,488,1650
3,9,9,9,489,1646
5,9,9,9,489,1646
4,8,9,9,489,1646
4,9,9,9,489,1646
7,9,9,9,489,1646
6,8,9,9,489,1646
6,9,9,9,489,1646
5,7,9,9,489,1646
5,8,9,9,489,1646
9,9,9,9,489,1646
8,8,9,9,489,1646
8,9,9,9,489,1646
7,7,9,9,489,1646
7,8,9,9,489,1646
6,6,9,9,489,1646
6,7,9,9,489,1646
7,7,7,7,490,1138
9,7,7,7,490,1138
8,6,7,7,490,1138
8,8,7,7,490,1138
8,7,7,7,490,1138
9,6,7,7,490,1138
9,8,7,7,490,1138
9,5,7,7,490,1138
9,9,7,7,490,1138
6,8,9,9,491,1138
8,8,9,9,491,1138
7,7,9,9,491,1138
7,9,9,9,491,1138
9,8,9,9,491,1138
9,7,9,9,491,1138
9,9,9,9,491,1138
8,6,9,9,491,1138
8,9,9,9,491,1138
5,9,9,9,443,1136
7,9,9,9,443,1136
6,8,9,9,443,1136
6,9,9,9,443,1136
9,9,9,9,443,1136
8,8,9,9,443,1136
8,9,9,9,443,1136
7,7,9,9,443,1136
7,8,9,9,443,1136
7,9,9,9,391,588
9,9,9,9,391,588
8,8,9,9,391,588
8,9,9,9,391,588
9,9,9,9,0,0
0,0,7,8,492,4423
1,0,7,8,492,4423
0,1,7,8,492,4423
3,0,7,8,492,4423
2,0,7,8,492,4423
2,1,7,8,492,4423
1,1,7,8,492,4423
1,2,7,8,492,4423
5,0,7,8,492,4423
4,0,7,8,492,4423
4,1,7,8,492,4423
3,1,7,8,492,4423
3,2,7,8,492,4423
2,2,7,8,492,4423
2,3,7,8,492,4423
7,0,7,8,492,4423
6,0,7,8,492,4423
6,1,7,8,492,4423
5,1,7,8,492,4423
5,2,7,8,492,4423
4,2,7,8,492,4423
4,3,7,8,492,4423
3,3,7,8,492,4423
3,4,7,8,492,4423
9,0,7,8,492,4423
8,0,7,8,492,4423
8,1,7,8,492,4423
7,1,7,8,492,4423
7,2,7,8,492,4423
6,2,7,8,492,4423
6,3,7,8,492,4423
5,3,7,8,492,4423
5,4,7,8,492,4423
4,4,7,8,492,4423
4,5,7,8,492,4423
9,1,7,8,492,4423
9,2,7,8,492,4423
8,2,7,8,492,4423
8,3,7,8,492,4423
7,3,7,8,492,4423
7,4,7,8,492,4423
6,4,7,8,492,4423
6,5,7,8,492,4423
5,5,7,8,492,4423
5,6,7,8,492,4423
9,3,7,8,492,4423
9,4,7,8,492,4423
8,4,7,8,492,4423
8,5,7,8,492,4423
7,5,7,8,492,4423
7,6,7,8,492,4423
6,6,7,8,492,4423
6,7,7,8,492,4423
9,5,7,8,492,4423
9,6,7,8,492,4423
8,6,7,8,492,4423
8,7,7,8,492,4423
7,7,7,8,492,4423
7,8,7,8,492,4423
9,7,7,8,492,4423
9,8,7,8,492,4423
8,8,7,8,492,4423
8,9,7,8,492,4423
9,9,7,8,492,4423
0,1,7,8,493,4105
2,1,7,8,493,4105
1,0,7,8,493,4105
1,2,7,8,493,4105
4,1,7,8,493,4105
3,0,7,8,493,4105
3,2,7,8,493,4105
2,0,7,8,493,4105
2,3,7,8,493,4105
6,1,7,8,493,4105
5,0,7,8,493,4105
5,2,7,8,493,4105
4,0,7,8,493,4105
4,3,7,8,493,4105
3,1,7,8,493,4105
3,4,7,8,493,4105
8,1,7,8,493,4105
7,0,7,8,493,4105
7,2,7,8,493,4105
6,0,7,8,493,4105
6,3,7,8,493,4105
5,1,7,8,493,4105
5,4,7,8,493,4105
4,2,7,8,493,4105
4,5,7,8,493,4105
9,1,7,8,493,4105
9,0,7,8,493,4105
9,2,7,8,493,4105
8,0,7,8,493,4105
8,3,7,8,493,4105
7,1,7,8,493,4105
7,4,7,8,493,4105
6,2,7,8,493,4105
6,5,7,8,493,4105
5,3,7,8,493,4105
5,6,7,8,493,4105
8,2,7,8,493,4105
9,3,7,8,493,4105
9,4,7,8,493,4105
8,5,7,8,493,4105
7,3,7,8,493,4105
7,6,7,8,493,4105
6,4,7,8,493,4105
6,7,7,8,493,4105
8,4,7,8,493,4105
9,5,7,8,493,4105
9,6,7,8,493,4105
8,7,7,8,493,4105
7,5,7,8,493,4105
7,8,7,8,493,4105
8,6,7,8,493,4105
9,7,7,8,493,4105
9,8,7,8,493,4105
8,9,7,8,493,4105
1,1,7,8,493,4105
2,2,7,8,493,4105
3,3,7,8,493,4105
4,4,7,8,493,4105
5,5,7,8,493,4105
6,6,7,8,493,4105
7,7,7,8,493,4105
8,8,7,8,493,4105
9,9,7,8,493,4105
0,1,7,8,494,4425
1,1,7,8,494,4425
0,0,7,8,494,4425
0,2,7,8,494,4425
2,1,7,8,494,4425
1,0,7,8,494,4425
1,2,7,8,494,4425
0,3,7,8,494,4425
4,1,7,8,494,4425
3,0,7,8,494,4425
3,2,7,8,494,4425
2,0,7,8,494,4425
2,3,7,8,494,4425
1,4,7,8,494,4425
6,1,7,8,494,4425
5,0,7,8,494,4425
5,2,7,8,494,4425
4,0,7,8,494,4425
4,3,7,8,494,4425
3,1,7,8,494,4425
3,4,7,8,494,4425
2,2,7,8,494,4425
2,5,7,8,494,4425
8,1,7,8,494,4425
7,0,7,8,494,4425
7,2,7,8,494,4425
6,0,7,8,494,4425
6,3,7,8,494,4425
5,1,7,8,494,4425
5,4,7,8,494,4425
4,2,7,8,494,4425
4,5,7,8,494,4425
3,3,7,8,494,4425
3,6,7,8,494,4425
9,1,7,8,494,4425
9,0,7,8,494,4425
9,2,7,8,494,4425
8,0,7,8,494,4425
8,3,7,8,494,4425
7,1,7,8,494,4425
7,4,7,8,494,4425
6,2,7,8,494,4425
6,5,7,8,494,4425
5,3,7,8,494,4425
5,6,7,8,494,4425
4,4,7,8,494,4425
4,7,7,8,494,4425
8,2,7,8,494,4425
9,3,7,8,494,4425
9,4,7,8,494,4425
8,5,7,8,494,4425
7,3,7,8,494,4425
7,6,7,8,494,4425
6,4,7,8,494,4425
6,7,7,8,494,4425
5,5,7,8,494,4425
5,8,7,8,494,4425
8,4,7,8,494,4425
9,5,7,8,494,4425
9,6,7,8,494,4425
8,7,7,8,494,4425
7,5,7,8,494,4425
7,8,7,8,494,4425
6,6,7,8,494,4425
6,9,7,8,494,4425
8,6,7,8,494,4425
9,7,7,8,494,4425
9,8,7,8,494,4425
8,9,7,8,494,4425
7,7,7,8,494,4425
7,9,7,8,494,4425
8,8,7,8,494,4425
9,9,7,8,494,4425
0,2,7,8,495,4105
1,2,7,8,495,4105
0,1,7,8,495,4105
0,3,7,8,495,4105
3,2,7,8,495,4105
2,1,7,8,495,4105
2,3,7,8,495,4105
1,0,7,8,495,4105
1,4,7,8,495,4105
5,2,7,8,495,4105
4,1,7,8,495,4105
4,3,7,8,495,4105
3,0,7,8,495,4105
3,4,7,8,495,4105
2,0,7,8,495,4105
2,5,7,8,495,4105
7,2,7,8,495,4105
6,1,7,8,495,4105
6,3,7,8,495,4105
5,0,7,8,495,4105
5,4,7,8,495,4105
4,0,7,8,495,4105
4,5,7,8,495,4105
3,1,7,8,495,4105
3,6,7,8,495,4105
9,2,7,8,495,4105
8,1,7,8,495,4105
8,3,7,8,495,4105
7,0,7,8,495,4105
7,4,7,8,495,4105
6,0,7,8,495,4105
6,5,7,8,495,4105
5,1,7,8,495,4105
5,6,7,8,495,4105
4,2,7,8,495,4105
4,7,7,8,495,4105
8,2,7,8,495,4105
9,1,7,8,495,4105
9,3,7,8,495,4105
9,0,7,8,495,4105
9,4,7,8,495,4105
8,0,7,8,495,4105
8,5,7,8,495,4105
7,1,7,8,495,4105
7,6,7,8,495,4105
6,2,7,8,495,4105
6,7,7,8,495,4105
5,3,7,8,495,4105
5,8,7,8,495,4105
7,3,7,8,495,4105
8,4,7,8,495,4105
9,5,7,8,495,4105
9,6,7,8,495,4105
8,7,7,8,495,4105
7,8,7,8,495,4105
6,4,7,8,495,4105
6,9,7,8,495,4105
7,5,7,8,495,4105
8,6,7,8,495,4105
9,7,7,8,495,4105
9,8,7,8,495,4105
8,9,7,8,495,4105
7,9,7,8,495,4105
2,2,7,8,495,4105
3,3,7,8,495,4105
4,4,7,8,495,4105
5,5,7,8,495,4105
6,6,7,8,495,4105
7,7,7,8,495,4105
8,8,7,8,495,4105
9,9,7,8,495,4105
0,3,8,9,496,4080
1,3,8,9,496,4080
0,2,8,9,496,4080
0,4,8,9,496,4080
2,3,8,9,496,4080
1,2,8,9,496,4080
1,4,8,9,496,4080
0,1,8,9,496,4080
0,5,8,9,496,4080
4,3,8,9,496,4080
3,2,8,9,496,4080
3,4,8,9,496,4080
2,1,8,9,496,4080
2,5,8,9,496,4080
1,0,8,9,496,4080
1,6,8,9,496,4080
6,3,8,9,496,4080
5,2,8,9,496,4080
5,4,8,9,496,4080
4,1,8,9,496,4080
4,5,8,9,496,4080
3,0,8,9,496,4080
3,6,8,9,496,4080
2,0,8,9,496,4080
2,7,8,9,496,4080
8,3,8,9,496,4080
7,2,8,9,496,4080
7,4,8,9,496,4080
6,1,8,9,496,4080
6,5,8,9,496,4080
5,0,8,9,496,4080
5,6,8,9,496,4080
4,0,8,9,496,4080
4,7,8,9,496,4080
3,1,8,9,496,4080
3,8,8,9,496,4080
9,3,8,9,496,4080
9,2,8,9,496,4080
9,4,8,9,496,4080
8,1,8,9,496,4080
8,5,8,9,496,4080
7,0,8,9,496,4080
7,6,8,9,496,4080
6,0,8,9,496,4080
6,7,8,9,496,4080
5,1,8,9,496,4080
5,8,8,9,496,4080
4,2,8,9,496,4080
4,9,8,9,496,4080
7,3,8,9,496,4080
8,2,8,9,496,4080
8,4,8,9,496,4080
9,1,8,9,496,4080
9,5,8,9,496,4080
9,0,8,9,496,4080
9,6,8,9,496,4080
8,0,8,9,496,4080
8,7,8,9,496,4080
7,1,8,9,496,4080
7,8,8,9,496,4080
6,2,8,9,496,4080
6,9,8,9,496,4080
5,3,8,9,496,4080
5,9,8,9,496,4080
6,4,8,9,496,4080
7,5,8,9,496,4080
8,6,8,9,496,4080
9,7,8,9,496,4080
9,8,8,9,496,4080
8,9,8,9,496,4080
7,9,8,9,496,4080
6,8,8,9,496,4080
3,3,8,9,496,4080
4,4,8,9,496,4080
5,5,8,9,496,4080
6,6,8,9,496,4080
7,7,8,9,496,4080
8,8,8,9,496,4080
9,9,8,9,496,4080
0,7,8,9,497,4284
1,7,8,9,497,4284
0,6,8,9,497,4284
0,8,8,9,497,4284
2,7,8,9,497,4284
1,6,8,9,497,4284
1,8,8,9,497,4284
0,5,8,9,497,4284
0,9,8,9,497,4284
3,7,8,9,497,4284
2,6,8,9,497,4284
2,8,8,9,497,4284
1,5,8,9,497,4284
1,9,8,9,497,4284
0,4,8,9,497,4284
4,7,8,9,497,4284
3,6,8,9,497,4284
3,8,8,9,497,4284
2,5,8,9,497,4284
2,9,8,9,497,4284
1,4,8,9,497,4284
0,3,8,9,497,4284
5,7,8,9,497,4284
4,6,8,9,497,4284
4,8,8,9,497,4284
3,5,8,9,497,4284
3,9,8,9,497,4284
2,4,8,9,497,4284
1,3,8,9,497,4284
0,2,8,9,497,4284
6,7,8,9,497,4284
5,6,8,9,497,4284
5,8,8,9,497,4284
4,5,8,9,497,4284
4,9,8,9,497,4284
3,4,8,9,497,4284
2,3,8,9,497,4284
1,2,8,9,497,4284
0,1,8,9,497,4284
7,7,8,9,497,4284
6,6,8,9,497,4284
6,8,8,9,497,4284
5,5,8,9,497,4284
5,9,8,9,497,4284
4,4,8,9,497,4284
3,3,8,9,497,4284
2,2,8,9,497,4284
1,1,8,9,497,4284
0,0,8,9,497,4284
8,7,8,9,497,4284
7,6,8,9,497,4284
7,8,8,9,497,4284
6,5,8,9,497,4284
6,9,8,9,497,4284
5,4,8,9,497,4284
4,3,8,9,497,4284
3,2,8,9,497,4284
2,1,8,9,497,4284
1,0,8,9,497,4284
9,7,8,9,497,4284
9,6,8,9,497,4284
9,8,8,9,497,4284
8,5,8,9,497,4284
8,9,8,9,497,4284
7,4,8,9,497,4284
7,9,8,9,497,4284
6,3,8,9,497,4284
5,2,8,9,497,4284
4,1,8,9,497,4284
3,0,8,9,497,4284
2,0,8,9,497,4284
8,6,8,9,497,4284
8,8,8,9,497,4284
9,5,8,9,497,4284
9,9,8,9,497,4284
9,4,8,9,497,4284
8,3,8,9,497,4284
7,2,8,9,497,4284
6,1,8,9,497,4284
5,0,8,9,497,4284
4,0,8,9,497,4284
3,1,8,9,497,4284
0,8,7,8,498,4085
1,8,7,8,498,4085
0,7,7,8,498,4085
0,9,7,8,498,4085
2,8,7,8,498,4085
1,7,7,8,498,4085
1,9,7,8,498,4085
0,6,7,8,498,4085
3,8,7,8,498,4085
2,7,7,8,498,4085
2,9,7,8,498,4085
1,6,7,8,498,4085
0,5,7,8,498,4085
4,8,7,8,498,4085
3,7,7,8,498,4085
3,9,7,8,498,4085
2,6,7,8,498,4085
1,5,7,8,498,4085
0,4,7,8,498,4085
5,8,7,8,498,4085
4,7,7,8,498,4085
4,9,7,8,498,4085
3,6,7,8,498,4085
2,5,7,8,498,4085
1,4,7,8,498,4085
0,3,7,8,498,4085
6,8,7,8,498,4085
5,7,7,8,498,4085
5,9,7,8,498,4085
4,6,7,8,498,4085
3,5,7,8,498,4085
2,4,7,8,498,4085
1,3,7,8,498,4085
0,2,7,8,498,4085
7,8,7,8,498,4085
6,7,7,8,498,4085
6,9,7,8,498,4085
5,6,7,8,498,4085
4,5,7,8,498,4085
3,4,7,8,498,4085
2,3,7,8,498,4085
1,2,7,8,498,4085
0,1,7,8,498,4085
9,8,7,8,498,4085
8,7,7,8,498,4085
8,9,7,8,498,4085
7,6,7,8,498,4085
7,9,7,8,498,4085
6,5,7,8,498,4085
5,4,7,8,498,4085
4,3,7,8,498,4085
3,2,7,8,498,4085
2,1,7,8,498,4085
1,0,7,8,498,4085
8,8,7,8,498,4085
9,7,7,8,498,4085
9,9,7,8,498,4085
9,6,7,8,498,4085
8,5,7,8,498,4085
7,4,7,8,498,4085
7,7,7,8,498,4085
6,3,7,8,498,4085
6,6,7,8,498,4085
5,2,7,8,498,4085
5,5,7,8,498,4085
4,1,7,8,498,4085
4,4,7,8,498,4085
3,0,7,8,498,4085
3,3,7,8,498,4085
2,0,7,8,498,4085
2,2,7,8,498,4085
0,7,8,9,499,4585
1,7,8,9,499,4585
0,6,8,9,499,4585
0,8,8,9,499,4585
2,7,8,9,499,4585
1,6,8,9,499,4585
1,8,8,9,499,4585
0,5,8,9,499,4585
0,9,8,9,499,4585
3,7,8,9,499,4585
2,6,8,9,499,4585
2,8,8,9,499,4585
1,5,8,9,499,4585
1,9,8,9,499,4585
0,4,8,9,499,4585
4,7,8,9,499,4585
3,6,8,9,499,4585
3,8,8,9,499,4585
2,5,8,9,499,4585
2,9,8,9,499,4585
1,4,8,9,499,4585
0,3,8,9,499,4585
5,7,8,9,499,4585
4,6,8,9,499,4585
4,8,8,9,499,4585
3,5,8,9,499,4585
3,9,8,9,499,4585
2,4,8,9,499,4585
1,3,8,9,499,4585
0,2,8,9,499,4585
6,7,8,9,499,4585
5,6,8,9,499,4585
5,8,8,9,499,4585
4,5,8,9,499,4585
4,9,8,9,499,4585
3,4,8,9,499,4585
2,3,8,9,499,4585
1,2,8,9,499,4585
0,1,8,9,499,4585
7,7,8,9,499,4585
6,6,8,9,499,4585
6,8,8,9,499,4585
5,5,8,9,499,4585
5,9,8,9,499,4585
4,4,8,9,499,4585
3,3,8,9,499,4585
2,2,8,9,499,4585
1,1,8,9,499,4585
0,0,8,9,499,4585
8,7,8,9,499,4585
7,6,8,9,499,4585
7,8,8,9,499,4585
6,5,8,9,499,4585
6,9,8,9,499,4585
5,4,8,9,499,4585
4,3,8,9,499,4585
3,2,8,9,499,4585
2,1,8,9,499,4585
1,0,8,9,499,4585
9,7,8,9,499,4585
8,6,8,9,499,4585
8,8,8,9,499,4585
7,5,8,9,499,4585
7,9,8,9,499,4585
6,4,8,9,499,4585
5,3,8,9,499,4585
4,2,8,9,499,4585
3,1,8,9,499,4585
2,0,8,9,499,4585
9,6,8,9,499,4585
9,8,8,9,499,4585
8,5,8,9,499,4585
8,9,8,9,499,4585
7,4,8,9,499,4585
6,3,8,9,499,4585
5,2,8,9,499,4585
4,1,8,9,499,4585
3,0,8,9,499,4585
9,5,8,9,499,4585
9,9,8,9,499,4585
9,4,8,9,499,4585
8,3,8,9,499,4585
7,2,8,9,499,4585
6,1,8,9,499,4585
5,0,8,9,499,4585
4,0,8,9,499,4585
0,9,5,6,500,4118
1,9,5,6,500,4118
0,8,5,6,500,4118
2,9,5,6,500,4118
1,8,5,6,500,4118
0,7,5,6,500,4118
3,9,5,6,500,4118
2,8,5,6,500,4118
1,7,5,6,500,4118
0,6,5,6,500,4118
4,9,5,6,500,4118
3,8,5,6,500,4118
2,7,5,6,500,4118
1,6,5,6,500,4118
0,5,5,6,500,4118
5,9,5,6,500,4118
4,8,5,6,500,4118
3,7,5,6,500,4118
2,6,5,6,500,4118
1,5,5,6,500,4118
0,4,5,6,500,4118
6,9,5,6,500,4118
5,8,5,6,500,4118
4,7,5,6,500,4118
3,6,5,6,500,4118
2,5,5,6,500,4118
1,4,5,6,500,4118
0,3,5,6,500,4118
7,9,5,6,500,4118
6,8,5,6,500,4118
5,7,5,6,500,4118
4,6,5,6,500,4118
3,5,5,6,500,4118
2,4,5,6,500,4118
1,3,5,6,500,4118
0,2,5,6,500,4118
8,9,5,6,500,4118
7,8,5,6,500,4118
6,7,5,6,500,4118
5,6,5,6,500,4118
4,5,5,6,500,4118
3,4,5,6,500,4118
2,3,5,6,500,4118
1,2,5,6,500,4118
0,1,5,6,500,4118
9,9,5,6,500,4118
9,8,5,6,500,4118
8,7,5,6,500,4118
8,8,5,6,500,4118
7,6,5,6,500,4118
7,7,5,6,500,4118
6,5,5,6,500,4118
6,6,5,6,500,4118
5,4,5,6,500,4118
5,5,5,6,500,4118
4,3,5,6,500,4118
4,4,5,6,500,4118
3,2,5,6,500,4118
3,3,5,6,500,4118
2,1,5,6,500,4118
2,2,5,6,500,4118
1,0,5,6,500,4118
1,1,5,6,500,4118
0,9,6,7,501,4437
1,9,6,7,501,4437
0,8,6,7,501,4437
2,9,6,7,501,4437
1,8,6,7,501,4437
0,7,6,7,501,4437
3,9,6,7,501,4437
2,8,6,7,501,4437
1,7,6,7,501,4437
0,6,6,7,501,4437
4,9,6,7,501,4437
3,8,6,7,501,4437
2,7,6,7,501,4437
1,6,6,7,501,4437
0,5,6,7,501,4437
5,9,6,7,501,4437
4,8,6,7,501,4437
3,7,6,7,501,4437
2,6,6,7,501,4437
1,5,6,7,501,4437
0,4,6,7,501,4437
6,9,6,7,501,4437
5,8,6,7,501,4437
4,7,6,7,501,4437
3,6,6,7,501,4437
2,5,6,7,501,4437
1,4,6,7,501,4437
0,3,6,7,501,4437
7,9,6,7,501,4437
6,8,6,7,501,4437
5,7,6,7,501,4437
4,6,6,7,501,4437
3,5,6,7,501,4437
2,4,6,7,501,4437
1,3,6,7,501,4437
0,2,6,7,501,4437
8,9,6,7,501,4437
7,8,6,7,501,4437
6,7,6,7,501,4437
5,6,6,7,501,4437
4,5,6,7,501,4437
3,4,6,7,501,4437
2,3,6,7,501,4437
1,2,6,7,501,4437
0,1,6,7,501,4437
9,9,6,7,501,4437
8,8,6,7,501,4437
7,7,6,7,501,4437
6,6,6,7,501,4437
5,5,6,7,501,4437
4,4,6,7,501,4437
3,3,6,7,501,4437
2,2,6,7,501,4437
1,1,6,7,501,4437
0,0,6,7,501,4437
9,8,6,7,501,4437
8,7,6,7,501,4437
7,6,6,7,501,4437
6,5,6,7,501,4437
5,4,6,7,501,4437
4,3,6,7,501,4437
3,2,6,7,501,4437
2,1,6,7,501,4437
1,0,6,7,501,4437
1,2,7,8,502,3764
3,2,7,8,502,3764
2,1,7,8,502,3764
2,3,7,8,502,3764
5,2,7,8,502,3764
4,1,7,8,502,3764
4,3,7,8,502,3764
3,0,7,8,502,3764
3,4,7,8,502,3764
7,2,7,8,502,3764
6,1,7,8,502,3764
6,3,7,8,502,3764
5,0,7,8,502,3764
5,4,7,8,502,3764
4,0,7,8,502,3764
4,5,7,8,502,3764
9,2,7,8,502,3764
8,1,7,8,502,3764
8,3,7,8,502,3764
7,0,7,8,502,3764
7,4,7,8,502,3764
6,0,7,8,502,3764
6,5,7,8,502,3764
5,1,7,8,502,3764
5,6,7,8,502,3764
8,2,7,8,502,3764
9,1,7,8,502,3764
9,3,7,8,502,3764
9,0,7,8,502,3764
9,4,7,8,502,3764
8,0,7,8,502,3764
8,5,7,8,502,3764
7,1,7,8,502,3764
7,6,7,8,502,3764
6,2,7,8,502,3764
6,7,7,8,502,3764
7,3,7,8,502,3764
8,4,7,8,502,3764
9,5,7,8,502,3764
9,6,7,8,502,3764
8,7,7,8,502,3764
7,8,7,8,502,3764
4,2,7,8,502,3764
5,3,7,8,502,3764
6,4,7,8,502,3764
7,5,7,8,502,3764
8,6,7,8,502,3764
9,7,7,8,502,3764
9,8,7,8,502,3764
8,9,7,8,502,3764
2,2,7,8,502,3764
3,1,7,8,502,3764
3,3,7,8,502,3764
4,4,7,8,502,3764
5,5,7,8,502,3764
6,6,7,8,502,3764
7,7,7,8,502,3764
8,8,7,8,502,3764
9,9,7,8,502,3764
2,3,7,8,503,3398
4,3,7,8,503,3398
3,2,7,8,503,3398
3,4,7,8,503,3398
6,3,7,8,503,3398
5,2,7,8,503,3398
5,4,7,8,503,3398
4,1,7,8,503,3398
4,5,7,8,503,3398
8,3,7,8,503,3398
7,2,7,8,503,3398
7,4,7,8,503,3398
6,1,7,8,503,3398
6,5,7,8,503,3398
5,0,7,8,503,3398
5,6,7,8,503,3398
9,3,7,8,503,3398
9,2,7,8,503,3398
9,4,7,8,503,3398
8,1,7,8,503,3398
8,5,7,8,503,3398
7,0,7,8,503,3398
7,6,7,8,503,3398
6,0,7,8,503,3398
6,7,7,8,503,3398
7,3,7,8,503,3398
8,2,7,8,503,3398
8,4,7,8,503,3398
9,1,7,8,503,3398
9,5,7,8,503,3398
9,0,7,8,503,3398
9,6,7,8,503,3398
8,0,7,8,503,3398
8,7,7,8,503,3398
7,1,7,8,503,3398
7,8,7,8,503,3398
5,3,7,8,503,3398
6,2,7,8,503,3398
6,4,7,8,503,3398
7,5,7,8,503,3398
8,6,7,8,503,3398
9,7,7,8,503,3398
9,8,7,8,503,3398
8,9,7,8,503,3398
3,3,7,8,503,3398
4,2,7,8,503,3398
4,4,7,8,503,3398
5,1,7,8,503,3398
5,5,7,8,503,3398
6,6,7,8,503,3398
7,7,7,8,503,3398
8,8,7,8,503,3398
9,9,7,8,503,3398
0,8,8,9,504,3243
1,8,8,9,504,3243
0,7,8,9,504,3243
0,9,8,9,504,3243
2,8,8,9,504,3243
1,7,8,9,504,3243
1,9,8,9,504,3243
0,6,8,9,504,3243
3,8,8,9,504,3243
2,7,8,9,504,3243
2,9,8,9,504,3243
1,6,8,9,504,3243
0,5,8,9,504,3243
5,8,8,9,504,3243
4,7,8,9,504,3243
4,9,8,9,504,3243
3,6,8,9,504,3243
3,9,8,9,504,3243
2,5,8,9,504,3243
1,4,8,9,504,3243
7,8,8,9,504,3243
6,7,8,9,504,3243
6,9,8,9,504,3243
5,6,8,9,504,3243
5,9,8,9,504,3243
4,5,8,9,504,3243
4,8,8,9,504,3243
3,4,8,9,504,3243
3,7,8,9,504,3243
2,3,8,9,504,3243
2,6,8,9,504,3243
9,8,8,9,504,3243
8,7,8,9,504,3243
8,9,8,9,504,3243
7,6,8,9,504,3243
7,9,8,9,504,3243
6,5,8,9,504,3243
6,8,8,9,504,3243
5,4,8,9,504,3243
5,7,8,9,504,3243
4,3,8,9,504,3243
4,6,8,9,504,3243
3,2,8,9,504,3243
3,5,8,9,504,3243
8,8,8,9,504,3243
9,7,8,9,504,3243
9,9,8,9,504,3243
9,6,8,9,504,3243
8,5,8,9,504,3243
7,4,8,9,504,3243
7,7,8,9,504,3243
6,3,8,9,504,3243
6,6,8,9,504,3243
5,2,8,9,504,3243
5,5,8,9,504,3243
4,1,8,9,504,3243
4,4,8,9,504,3243
0,8,8,9,505,3612
1,8,8,9,505,3612
0,7,8,9,505,3612
0,9,8,9,505,3612
2,8,8,9,505,3612
1,7,8,9,505,3612
1,9,8,9,505,3612
0,6,8,9,505,3612
3,8,8,9,505,3612
2,7,8,9,505,3612
2,9,8,9,505,3612
1,6,8,9,505,3612
0,5,8,9,505,3612
4,8,8,9,505,3612
3,7,8,9,505,3612
3,9,8,9,505,3612
2,6,8,9,505,3612
1,5,8,9,505,3612
0,4,8,9,505,3612
5,8,8,9,505,3612
4,7,8,9,505,3612
4,9,8,9,505,3612
3,6,8,9,505,3612
2,5,8,9,505,3612
1,4,8,9,505,3612
0,3,8,9,505,3612
7,8,8,9,505,3612
6,7,8,9,505,3612
6,9,8,9,505,3612
5,6,8,9,505,3612
5,9,8,9,505,3612
4,5,8,9,505,3612
3,4,8,9,505,3612
2,3,8,9,505,3612
1,2,8,9,505,3612
9,8,8,9,505,3612
8,7,8,9,505,3612
8,9,8,9,505,3612
7,6,8,9,505,3612
7,9,8,9,505,3612
6,5,8,9,505,3612
6,8,8,9,505,3612
5,4,8,9,505,3612
5,7,8,9,505,3612
4,3,8,9,505,3612
4,6,8,9,505,3612
3,2,8,9,505,3612
3,5,8,9,505,3612
2,1,8,9,505,3612
2,4,8,9,505,3612
8,8,8,9,505,3612
9,7,8,9,505,3612
9,9,8,9,505,3612
9,6,8,9,505,3612
8,5,8,9,505,3612
7,4,8,9,505,3612
7,7,8,9,505,3612
6,3,8,9,505,3612
6,6,8,9,505,3612
5,2,8,9,505,3612
5,5,8,9,505,3612
4,1,8,9,505,3612
4,4,8,9,505,3612
3,0,8,9,505,3612
3,3,8,9,505,3612
0,9,7,8,506,3382
1,9,7,8,506,3382
0,8,7,8,506,3382
2,9,7,8,506,3382
1,8,7,8,506,3382
0,7,7,8,506,3382
3,9,7,8,506,3382
2,8,7,8,506,3382
1,7,7,8,506,3382
0,6,7,8,506,3382
4,9,7,8,506,3382
3,8,7,8,506,3382
2,7,7,8,506,3382
1,6,7,8,506,3382
0,5,7,8,506,3382
6,9,7,8,506,3382
5,8,7,8,506,3382
5,9,7,8,506,3382
4,7,7,8,506,3382
4,8,7,8,506,3382
3,6,7,8,506,3382
3,7,7,8,506,3382
2,5,7,8,506,3382
2,6,7,8,506,3382
1,4,7,8,506,3382
1,5,7,8,506,3382
8,9,7,8,506,3382
7,8,7,8,506,3382
7,9,7,8,506,3382
6,7,7,8,506,3382
6,8,7,8,506,3382
5,6,7,8,506,3382
5,7,7,8,506,3382
4,5,7,8,506,3382
4,6,7,8,506,3382
3,4,7,8,506,3382
3,5,7,8,506,3382
2,3,7,8,506,3382
2,4,7,8,506,3382
9,9,7,8,506,3382
9,8,7,8,506,3382
8,7,7,8,506,3382
8,8,7,8,506,3382
7,6,7,8,506,3382
7,7,7,8,506,3382
6,5,7,8,506,3382
6,6,7,8,506,3382
5,4,7,8,506,3382
5,5,7,8,506,3382
4,3,7,8,506,3382
4,4,7,8,506,3382
3,2,7,8,506,3382
3,3,7,8,506,3382
3,4,7,8,507,3006
5,4,7,8,507,3006
4,3,7,8,507,3006
4,5,7,8,507,3006
7,4,7,8,507,3006
6,3,7,8,507,3006
6,5,7,8,507,3006
5,2,7,8,507,3006
5,6,7,8,507,3006
9,4,7,8,507,3006
8,3,7,8,507,3006
8,5,7,8,507,3006
7,2,7,8,507,3006
7,6,7,8,507,3006
6,1,7,8,507,3006
6,7,7,8,507,3006
8,4,7,8,507,3006
9,3,7,8,507,3006
9,5,7,8,507,3006
9,2,7,8,507,3006
9,6,7,8,507,3006
8,1,7,8,507,3006
8,7,7,8,507,3006
7,0,7,8,507,3006
7,8,7,8,507,3006
6,4,7,8,507,3006
7,3,7,8,507,3006
7,5,7,8,507,3006
8,2,7,8,507,3006
8,6,7,8,507,3006
9,1,7,8,507,3006
9,7,7,8,507,3006
9,0,7,8,507,3006
9,8,7,8,507,3006
8,0,7,8,507,3006
8,9,7,8,507,3006
4,4,7,8,507,3006
5,3,7,8,507,3006
5,5,7,8,507,3006
6,2,7,8,507,3006
6,6,7,8,507,3006
7,1,7,8,507,3006
7,7,7,8,507,3006
8,8,7,8,507,3006
9,9,7,8,507,3006
0,8,8,9,508,2847
1,8,8,9,508,2847
0,7,8,9,508,2847
0,9,8,9,508,2847
3,8,8,9,508,2847
2,7,8,9,508,2847
2,9,8,9,508,2847
1,6,8,9,508,2847
1,9,8,9,508,2847
5,8,8,9,508,2847
4,7,8,9,508,2847
4,9,8,9,508,2847
3,6,8,9,508,2847
3,9,8,9,508,2847
2,5,8,9,508,2847
2,8,8,9,508,2847
7,8,8,9,508,2847
6,7,8,9,508,2847
6,9,8,9,508,2847
5,6,8,9,508,2847
5,9,8,9,508,2847
4,5,8,9,508,2847
4,8,8,9,508,2847
3,4,8,9,508,2847
3,7,8,9,508,2847
9,8,8,9,508,2847
8,7,8,9,508,2847
8,9,8,9,508,2847
7,6,8,9,508,2847
7,9,8,9,508,2847
6,5,8,9,508,2847
6,8,8,9,508,2847
5,4,8,9,508,2847
5,7,8,9,508,2847
4,3,8,9,508,2847
4,6,8,9,508,2847
8,8,8,9,508,2847
9,7,8,9,508,2847
9,9,8,9,508,2847
9,6,8,9,508,2847
8,5,8,9,508,2847
7,4,8,9,508,2847
7,7,8,9,508,2847
6,3,8,9,508,2847
6,6,8,9,508,2847
5,2,8,9,508,2847
5,5,8,9,508,2847
4,5,7,8,509,2586
6,5,7,8,509,2586
5,4,7,8,509,2586
5,6,7,8,509,2586
8,5,7,8,509,2586
7,4,7,8,509,2586
7,6,7,8,509,2586
6,3,7,8,509,2586
6,7,7,8,509,2586
9,5,7,8,509,2586
9,4,7,8,509,2586
9,6,7,8,509,2586
8,3,7,8,509,2586
8,7,7,8,509,2586
7,2,7,8,509,2586
7,8,7,8,509,2586
7,5,7,8,509,2586
8,4,7,8,509,2586
8,6,7,8,509,2586
9,3,7,8,509,2586
9,7,7,8,509,2586
9,2,7,8,509,2586
9,8,7,8,509,2586
8,1,7,8,509,2586
8,9,7,8,509,2586
5,5,7,8,509,2586
6,4,7,8,509,2586
6,6,7,8,509,2586
7,3,7,8,509,2586
7,7,7,8,509,2586
8,2,7,8,509,2586
8,8,7,8,509,2586
9,1,7,8,509,2586
9,9,7,8,509,2586
9,0,7,8,509,2586
5,6,7,8,510,2135
7,6,7,8,510,2135
6,5,7,8,510,2135
6,7,7,8,510,2135
9,6,7,8,510,2135
8,5,7,8,510,2135
8,7,7,8,510,2135
7,4,7,8,510,2135
7,8,7,8,510,2135
8,6,7,8,510,2135
9,5,7,8,510,2135
9,7,7,8,510,2135
9,4,7,8,510,2135
9,8,7,8,510,2135
8,3,7,8,510,2135
8,9,7,8,510,2135
6,6,7,8,510,2135
7,5,7,8,510,2135
7,7,7,8,510,2135
8,4,7,8,510,2135
8,8,7,8,510,2135
9,3,7,8,510,2135
9,9,7,8,510,2135
9,2,7,8,510,2135
4,7,8,9,511,2126
6,7,8,9,511,2126
5,6,8,9,511,2126
5,8,8,9,511,2126
8,7,8,9,511,2126
7,6,8,9,511,2126
7,8,8,9,511,2126
6,5,8,9,511,2126
6,9,8,9,511,2126
9,7,8,9,511,2126
9,6,8,9,511,2126
9,8,8,9,511,2126
8,5,8,9,511,2126
8,9,8,9,511,2126
7,4,8,9,511,2126
7,9,8,9,511,2126
7,7,8,9,511,2126
8,6,8,9,511,2126
8,8,8,9,511,2126
9,5,8,9,511,2126
9,9,8,9,511,2126
9,4,8,9,511,2126
8,3,8,9,511,2126
6,7,7,8,512,1651
8,7,7,8,512,1651
7,6,7,8,512,1651
7,8,7,8,512,1651
9,7,7,8,512,1651
9,6,7,8,512,1651
9,8,7,8,512,1651
8,5,7,8,512,1651
8,9,7,8,512,1651
7,7,7,8,512,1651
8,6,7,8,512,1651
8,8,7,8,512,1651
9,5,7,8,512,1651
9,9,7,8,512,1651
9,4,7,8,512,1651
0,1,7,9,513,4424
1,1,7,9,513,4424
0,0,7,9,513,4424
0,2,7,9,513,4424
3,1,7,9,513,4424
2,0,7,9,513,4424
2,2,7,9,513,4424
1,0,7,9,513,4424
1,3,7,9,513,4424
5,1,7,9,513,4424
4,0,7,9,513,4424
4,2,7,9,513,4424
3,0,7,9,513,4424
3,3,7,9,513,4424
2,1,7,9,513,4424
2,4,7,9,513,4424
7,1,7,9,513,4424
6,0,7,9,513,4424
6,2,7,9,513,4424
5,0,7,9,513,4424
5,3,7,9,513,4424
4,1,7,9,513,4424
4,4,7,9,513,4424
3,2,7,9,513,4424
3,5,7,9,513,4424
9,1,7,9,513,4424
8,0,7,9,513,4424
8,2,7,9,513,4424
7,0,7,9,513,4424
7,3,7,9,513,4424
6,1,7,9,513,4424
6,4,7,9,513,4424
5,2,7,9,513,4424
5,5,7,9,513,4424
4,3,7,9,513,4424
4,6,7,9,513,4424
8,1,7,9,513,4424
9,0,7,9,513,4424
9,2,7,9,513,4424
9,3,7,9,513,4424
8,4,7,9,513,4424
7,2,7,9,513,4424
7,5,7,9,513,4424
6,3,7,9,513,4424
6,6,7,9,513,4424
5,4,7,9,513,4424
5,7,7,9,513,4424
8,3,7,9,513,4424
9,4,7,9,513,4424
9,5,7,9,513,4424
8,6,7,9,513,4424
7,4,7,9,513,4424
7,7,7,9,513,4424
6,5,7,9,513,4424
6,8,7,9,513,4424
8,5,7,9,513,4424
9,6,7,9,513,4424
9,7,7,9,513,4424
8,8,7,9,513,4424
7,6,7,9,513,4424
7,9,7,9,513,4424
8,7,7,9,513,4424
9,8,7,9,513,4424
9,9,7,9,513,4424
8,9,7,9,513,4424
1,2,7,9,513,4424
2,3,7,9,513,4424
3,4,7,9,513,4424
4,5,7,9,513,4424
5,6,7,9,513,4424
6,7,7,9,513,4424
7,8,7,9,513,4424
0,2,7,9,514,4422
1,2,7,9,514,4422
0,1,7,9,514,4422
0,3,7,9,514,4422
2,2,7,9,514,4422
1,1,7,9,514,4422
1,3,7,9,514,4422
0,0,7,9,514,4422
0,4,7,9,514,4422
4,2,7,9,514,4422
3,1,7,9,514,4422
3,3,7,9,514,4422
2,0,7,9,514,4422
2,4,7,9,514,4422
1,0,7,9,514,4422
1,5,7,9,514,4422
6,2,7,9,514,4422
5,1,7,9,514,4422
5,3,7,9,514,4422
4,0,7,9,514,4422
4,4,7,9,514,4422
3,0,7,9,514,4422
3,5,7,9,514,4422
2,1,7,9,514,4422
2,6,7,9,514,4422
8,2,7,9,514,4422
7,1,7,9,514,4422
7,3,7,9,514,4422
6,0,7,9,514,4422
6,4,7,9,514,4422
5,0,7,9,514,4422
5,5,7,9,514,4422
4,1,7,9,514,4422
4,6,7,9,514,4422
3,2,7,9,514,4422
3,7,7,9,514,4422
9,2,7,9,514,4422
9,1,7,9,514,4422
9,3,7,9,514,4422
8,0,7,9,514,4422
8,4,7,9,514,4422
7,0,7,9,514,4422
7,5,7,9,514,4422
6,1,7,9,514,4422
6,6,7,9,514,4422
5,2,7,9,514,4422
5,7,7,9,514,4422
4,3,7,9,514,4422
4,8,7,9,514,4422
7,2,7,9,514,4422
8,1,7,9,514,4422
8,3,7,9,514,4422
9,0,7,9,514,4422
9,4,7,9,514,4422
9,5,7,9,514,4422
8,6,7,9,514,4422
7,7,7,9,514,4422
6,3,7,9,514,4422
6,8,7,9,514,4422
5,4,7,9,514,4422
5,9,7,9,514,4422
7,4,7,9,514,4422
8,5,7,9,514,4422
9,6,7,9,514,4422
9,7,7,9,514,4422
8,8,7,9,514,4422
7,9,7,9,514,4422
6,5,7,9,514,4422
6,9,7,9,514,4422
7,6,7,9,514,4422
8,7,7,9,514,4422
9,8,7,9,514,4422
9,9,7,9,514,4422
8,9,7,9,514,4422
7,8,7,9,514,4422
2,3,7,9,514,4422
3,4,7,9,514,4422
4,5,7,9,514,4422
5,6,7,9,514,4422
6,7,7,9,514,4422
0,3,9,9,515,4163
1,3,9,9,515,4163
0,2,9,9,515,4163
0,4,9,9,515,4163
2,3,9,9,515,4163
1,2,9,9,515,4163
1,4,9,9,515,4163
0,1,9,9,515,4163
0,5,9,9,515,4163
3,3,9,9,515,4163
2,2,9,9,515,4163
2,4,9,9,515,4163
1,1,9,9,515,4163
1,5,9,9,515,4163
0,0,9,9,515,4163
0,6,9,9,515,4163
5,3,9,9,515,4163
4,2,9,9,515,4163
4,4,9,9,515,4163
3,1,9,9,515,4163
3,5,9,9,515,4163
2,0,9,9,515,4163
2,6,9,9,515,4163
1,0,9,9,515,4163
1,7,9,9,515,4163
7,3,9,9,515,4163
6,2,9,9,515,4163
6,4,9,9,515,4163
5,1,9,9,515,4163
5,5,9,9,515,4163
4,0,9,9,515,4163
4,6,9,9,515,4163
3,0,9,9,515,4163
3,7,9,9,515,4163
2,1,9,9,515,4163
2,8,9,9,515,4163
9,3,9,9,515,4163
8,2,9,9,515,4163
8,4,9,9,515,4163
7,1,9,9,515,4163
7,5,9,9,515,4163
6,0,9,9,515,4163
6,6,9,9,515,4163
5,0,9,9,515,4163
5,7,9,9,515,4163
4,1,9,9,515,4163
4,8,9,9,515,4163
3,2,9,9,515,4163
3,9,9,9,515,4163
8,3,9,9,515,4163
9,2,9,9,515,4163
9,4,9,9,515,4163
9,1,9,9,515,4163
9,5,9,9,515,4163
8,0,9,9,515,4163
8,6,9,9,515,4163
7,0,9,9,515,4163
7,7,9,9,515,4163
6,1,9,9,515,4163
6,8,9,9,515,4163
5,2,9,9,515,4163
5,9,9,9,515,4163
4,3,9,9,515,4163
4,9,9,9,515,4163
6,3,9,9,515,4163
7,2,9,9,515,4163
7,4,9,9,515,4163
8,1,9,9,515,4163
8,5,9,9,515,4163
9,0,9,9,515,4163
9,6,9,9,515,4163
9,7,9,9,515,4163
8,8,9,9,515,4163
7,9,9,9,515,4163
6,9,9,9,515,4163
5,4,9,9,515,4163
5,8,9,9,515,4163
6,5,9,9,515,4163
7,6,9,9,515,4163
8,7,9,9,515,4163
9,8,9,9,515,4163
9,9,9,9,515,4163
8,9,9,9,515,4163
7,8,9,9,515,4163
6,7,9,9,515,4163
3,4,9,9,515,4163
4,5,9,9,515,4163
5,6,9,9,515,4163
0,7,9,9,516,4473
1,7,9,9,516,4473
0,6,9,9,516,4473
0,8,9,9,516,4473
2,7,9,9,516,4473
1,6,9,9,516,4473
1,8,9,9,516,4473
0,5,9,9,516,4473
0,9,9,9,516,4473
3,7,9,9,516,4473
2,6,9,9,516,4473
2,8,9,9,516,4473
1,5,9,9,516,4473
1,9,9,9,516,4473
0,4,9,9,516,4473
4,7,9,9,516,4473
3,6,9,9,516,4473
3,8,9,9,516,4473
2,5,9,9,516,4473
2,9,9,9,516,4473
1,4,9,9,516,4473
0,3,9,9,516,4473
5,7,9,9,516,4473
4,6,9,9,516,4473
4,8,9,9,516,4473
3,5,9,9,516,4473
3,9,9,9,516,4473
2,4,9,9,516,4473
1,3,9,9,516,4473
0,2,9,9,516,4473
6,7,9,9,516,4473
5,6,9,9,516,4473
5,8,9,9,516,4473
4,5,9,9,516,4473
4,9,9,9,516,4473
3,4,9,9,516,4473
2,3,9,9,516,4473
1,2,9,9,516,4473
0,1,9,9,516,4473
7,7,9,9,516,4473
6,6,9,9,516,4473
6,8,9,9,516,4473
5,5,9,9,516,4473
5,9,9,9,516,4473
4,4,9,9,516,4473
3,3,9,9,516,4473
2,2,9,9,516,4473
1,1,9,9,516,4473
0,0,9,9,516,4473
8,7,9,9,516,4473
7,6,9,9,516,4473
7,8,9,9,516,4473
6,5,9,9,516,4473
6,9,9,9,516,4473
5,4,9,9,516,4473
4,3,9,9,516,4473
3,2,9,9,516,4473
2,1,9,9,516,4473
1,0,9,9,516,4473
9,7,9,9,516,4473
8,6,9,9,516,4473
8,8,9,9,516,4473
7,5,9,9,516,4473
7,9,9,9,516,4473
6,4,9,9,516,4473
5,3,9,9,516,4473
4,2,9,9,516,4473
3,1,9,9,516,4473
2,0,9,9,516,4473
9,6,9,9,516,4473
9,8,9,9,516,4473
9,5,9,9,516,4473
9,9,9,9,516,4473
8,4,9,9,516,4473
8,9,9,9,516,4473
7,3,9,9,516,4473
6,2,9,9,516,4473
5,1,9,9,516,4473
4,0,9,9,516,4473
3,0,9,9,516,4473
8,5,9,9,516,4473
9,4,9,9,516,4473
9,3,9,9,516,4473
8,2,9,9,516,4473
7,1,9,9,516,4473
6,0,9,9,516,4473
5,0,9,9,516,4473
4,1,9,9,516,4473
0,8,7,9,517,4162
1,8,7,9,517,4162
0,7,7,9,517,4162
0,9,7,9,517,4162
2,8,7,9,517,4162
1,7,7,9,517,4162
1,9,7,9,517,4162
0,6,7,9,517,4162
3,8,7,9,517,4162
2,7,7,9,517,4162
2,9,7,9,517,4162
1,6,7,9,517,4162
0,5,7,9,517,4162
4,8,7,9,517,4162
3,7,7,9,517,4162
3,9,7,9,517,4162
2,6,7,9,517,4162
1,5,7,9,517,4162
0,4,7,9,517,4162
5,8,7,9,517,4162
4,7,7,9,517,4162
4,9,7,9,517,4162
3,6,7,9,517,4162
2,5,7,9,517,4162
1,4,7,9,517,4162
0,3,7,9,517,4162
6,8,7,9,517,4162
5,7,7,9,517,4162
5,9,7,9,517,4162
4,6,7,9,517,4162
3,5,7,9,517,4162
2,4,7,9,517,4162
1,3,7,9,517,4162
0,2,7,9,517,4162
7,8,7,9,517,4162
6,7,7,9,517,4162
6,9,7,9,517,4162
5,6,7,9,517,4162
4,5,7,9,517,4162
3,4,7,9,517,4162
2,3,7,9,517,4162
1,2,7,9,517,4162
0,1,7,9,517,4162
8,8,7,9,517,4162
7,7,7,9,517,4162
7,9,7,9,517,4162
6,6,7,9,517,4162
5,5,7,9,517,4162
4,4,7,9,517,4162
3,3,7,9,517,4162
2,2,7,9,517,4162
1,1,7,9,517,4162
0,0,7,9,517,4162
9,8,7,9,517,4162
9,7,7,9,517,4162
9,9,7,9,517,4162
8,6,7,9,517,4162
8,9,7,9,517,4162
7,5,7,9,517,4162
6,4,7,9,517,4162
5,3,7,9,517,4162
4,2,7,9,517,4162
3,1,7,9,517,4162
2,0,7,9,517,4162
1,0,7,9,517,4162
8,7,7,9,517,4162
9,6,7,9,517,4162
9,5,7,9,517,4162
8,4,7,9,517,4162
7,3,7,9,517,4162
7,6,7,9,517,4162
6,2,7,9,517,4162
6,5,7,9,517,4162
5,1,7,9,517,4162
5,4,7,9,517,4162
4,0,7,9,517,4162
4,3,7,9,517,4162
3,0,7,9,517,4162
3,2,7,9,517,4162
2,1,7,9,517,4162
0,9,6,6,518,4440
1,9,6,6,518,4440
0,8,6,6,518,4440
2,9,6,6,518,4440
1,8,6,6,518,4440
0,7,6,6,518,4440
3,9,6,6,518,4440
2,8,6,6,518,4440
1,7,6,6,518,4440
0,6,6,6,518,4440
4,9,6,6,518,4440
3,8,6,6,518,4440
2,7,6,6,518,4440
1,6,6,6,518,4440
0,5,6,6,518,4440
5,9,6,6,518,4440
4,8,6,6,518,4440
3,7,6,6,518,4440
2,6,6,6,518,4440
1,5,6,6,518,4440
0,4,6,6,518,4440
6,9,6,6,518,4440
5,8,6,6,518,4440
4,7,6,6,518,4440
3,6,6,6,518,4440
2,5,6,6,518,4440
1,4,6,6,518,4440
0,3,6,6,518,4440
7,9,6,6,518,4440
6,8,6,6,518,4440
5,7,6,6,518,4440
4,6,6,6,518,4440
3,5,6,6,518,4440
2,4,6,6,518,4440
1,3,6,6,518,4440
0,2,6,6,518,4440
8,9,6,6,518,4440
7,8,6,6,518,4440
6,7,6,6,518,4440
5,6,6,6,518,4440
4,5,6,6,518,4440
3,4,6,6,518,4440
2,3,6,6,518,4440
1,2,6,6,518,4440
0,1,6,6,518,4440
9,9,6,6,518,4440
8,8,6,6,518,4440
7,7,6,6,518,4440
6,6,6,6,518,4440
5,5,6,6,518,4440
4,4,6,6,518,4440
3,3,6,6,518,4440
2,2,6,6,518,4440
1,1,6,6,518,4440
0,0,6,6,518,4440
9,8,6,6,518,4440
9,7,6,6,518,4440
8,6,6,6,518,4440
8,7,6,6,518,4440
7,5,6,6,518,4440
7,6,6,6,518,4440
6,4,6,6,518,4440
6,5,6,6,518,4440
5,3,6,6,518,4440
5,4,6,6,518,4440
4,2,6,6,518,4440
4,3,6,6,518,4440
3,1,6,6,518,4440
3,2,6,6,518,4440
2,0,6,6,518,4440
2,1,6,6,518,4440
1,0,6,6,518,4440
0,2,7,9,519,4105
2,2,7,9,519,4105
1,1,7,9,519,4105
1,3,7,9,519,4105
4,2,7,9,519,4105
3,1,7,9,519,4105
3,3,7,9,519,4105
2,0,7,9,519,4105
2,4,7,9,519,4105
6,2,7,9,519,4105
5,1,7,9,519,4105
5,3,7,9,519,4105
4,0,7,9,519,4105
4,4,7,9,519,4105
3,0,7,9,519,4105
3,5,7,9,519,4105
8,2,7,9,519,4105
7,1,7,9,519,4105
7,3,7,9,519,4105
6,0,7,9,519,4105
6,4,7,9,519,4105
5,0,7,9,519,4105
5,5,7,9,519,4105
4,1,7,9,519,4105
4,6,7,9,519,4105
9,2,7,9,519,4105
9,1,7,9,519,4105
9,3,7,9,519,4105
8,0,7,9,519,4105
8,4,7,9,519,4105
7,0,7,9,519,4105
7,5,7,9,519,4105
6,1,7,9,519,4105
6,6,7,9,519,4105
5,2,7,9,519,4105
5,7,7,9,519,4105
7,2,7,9,519,4105
8,1,7,9,519,4105
8,3,7,9,519,4105
9,0,7,9,519,4105
9,4,7,9,519,4105
9,5,7,9,519,4105
8,6,7,9,519,4105
7,7,7,9,519,4105
6,3,7,9,519,4105
6,8,7,9,519,4105
7,4,7,9,519,4105
8,5,7,9,519,4105
9,6,7,9,519,4105
9,7,7,9,519,4105
8,8,7,9,519,4105
7,9,7,9,519,4105
3,2,7,9,519,4105
4,3,7,9,519,4105
5,4,7,9,519,4105
6,5,7,9,519,4105
7,6,7,9,519,4105
8,7,7,9,519,4105
9,8,7,9,519,4105
9,9,7,9,519,4105
8,9,7,9,519,4105
1,2,7,9,519,4105
2,1,7,9,519,4105
2,3,7,9,519,4105
3,4,7,9,519,4105
4,5,7,9,519,4105
5,6,7,9,519,4105
6,7,7,9,519,4105
7,8,7,9,519,4105
1,3,7,9,520,3762
3,3,7,9,520,3762
2,2,7,9,520,3762
2,4,7,9,520,3762
5,3,7,9,520,3762
4,2,7,9,520,3762
4,4,7,9,520,3762
3,1,7,9,520,3762
3,5,7,9,520,3762
7,3,7,9,520,3762
6,2,7,9,520,3762
6,4,7,9,520,3762
5,1,7,9,520,3762
5,5,7,9,520,3762
4,0,7,9,520,3762
4,6,7,9,520,3762
9,3,7,9,520,3762
8,2,7,9,520,3762
8,4,7,9,520,3762
7,1,7,9,520,3762
7,5,7,9,520,3762
6,0,7,9,520,3762
6,6,7,9,520,3762
5,0,7,9,520,3762
5,7,7,9,520,3762
8,3,7,9,520,3762
9,2,7,9,520,3762
9,4,7,9,520,3762
9,1,7,9,520,3762
9,5,7,9,520,3762
8,0,7,9,520,3762
8,6,7,9,520,3762
7,0,7,9,520,3762
7,7,7,9,520,3762
6,1,7,9,520,3762
6,8,7,9,520,3762
6,3,7,9,520,3762
7,2,7,9,520,3762
7,4,7,9,520,3762
8,1,7,9,520,3762
8,5,7,9,520,3762
9,0,7,9,520,3762
9,6,7,9,520,3762
9,7,7,9,520,3762
8,8,7,9,520,3762
7,9,7,9,520,3762
4,3,7,9,520,3762
5,2,7,9,520,3762
5,4,7,9,520,3762
6,5,7,9,520,3762
7,6,7,9,520,3762
8,7,7,9,520,3762
9,8,7,9,520,3762
9,9,7,9,520,3762
8,9,7,9,520,3762
2,3,7,9,520,3762
3,2,7,9,520,3762
3,4,7,9,520,3762
4,1,7,9,520,3762
4,5,7,9,520,3762
5,6,7,9,520,3762
6,7,7,9,520,3762
7,8,7,9,520,3762
0,8,9,9,521,3480
1,8,9,9,521,3480
0,7,9,9,521,3480
0,9,9,9,521,3480
2,8,9,9,521,3480
1,7,9,9,521,3480
1,9,9,9,521,3480
0,6,9,9,521,3480
3,8,9,9,521,3480
2,7,9,9,521,3480
2,9,9,9,521,3480
1,6,9,9,521,3480
0,5,9,9,521,3480
4,8,9,9,521,3480
3,7,9,9,521,3480
3,9,9,9,521,3480
2,6,9,9,521,3480
1,5,9,9,521,3480
0,4,9,9,521,3480
6,8,9,9,521,3480
5,7,9,9,521,3480
5,9,9,9,521,3480
4,6,9,9,521,3480
4,9,9,9,521,3480
3,5,9,9,521,3480
2,4,9,9,521,3480
1,3,9,9,521,3480
8,8,9,9,521,3480
7,7,9,9,521,3480
7,9,9,9,521,3480
6,6,9,9,521,3480
6,9,9,9,521,3480
5,5,9,9,521,3480
5,8,9,9,521,3480
4,4,9,9,521,3480
4,7,9,9,521,3480
3,3,9,9,521,3480
3,6,9,9,521,3480
2,2,9,9,521,3480
2,5,9,9,521,3480
9,8,9,9,521,3480
9,7,9,9,521,3480
9,9,9,9,521,3480
8,6,9,9,521,3480
8,9,9,9,521,3480
7,5,9,9,521,3480
7,8,9,9,521,3480
6,4,9,9,521,3480
6,7,9,9,521,3480
5,3,9,9,521,3480
5,6,9,9,521,3480
4,2,9,9,521,3480
4,5,9,9,521,3480
3,1,9,9,521,3480
3,4,9,9,521,3480
8,7,9,9,521,3480
9,6,9,9,521,3480
9,5,9,9,521,3480
8,4,9,9,521,3480
7,3,9,9,521,3480
7,6,9,9,521,3480
6,2,9,9,521,3480
6,5,9,9,521,3480
5,1,9,9,521,3480
5,4,9,9,521,3480
4,0,9,9,521,3480
4,3,9,9,521,3480
0,8,9,9,522,3832
1,8,9,9,522,3832
0,7,9,9,522,3832
0,9,9,9,522,3832
2,8,9,9,522,3832
1,7,9,9,522,3832
1,9,9,9,522,3832
0,6,9,9,522,3832
3,8,9,9,522,3832
2,7,9,9,522,3832
2,9,9,9,522,3832
1,6,9,9,522,3832
0,5,9,9,522,3832
4,8,9,9,522,3832
3,7,9,9,522,3832
3,9,9,9,522,3832
2,6,9,9,522,3832
1,5,9,9,522,3832
0,4,9,9,522,3832
5,8,9,9,522,3832
4,7,9,9,522,3832
4,9,9,9,522,3832
3,6,9,9,522,3832
2,5,9,9,522,3832
1,4,9,9,522,3832
0,3,9,9,522,3832
6,8,9,9,522,3832
5,7,9,9,522,3832
5,9,9,9,522,3832
4,6,9,9,522,3832
3,5,9,9,522,3832
2,4,9,9,522,3832
1,3,9,9,522,3832
0,2,9,9,522,3832
8,8,9,9,522,3832
7,7,9,9,522,3832
7,9,9,9,522,3832
6,6,9,9,522,3832
6,9,9,9,522,3832
5,5,9,9,522,3832
4,4,9,9,522,3832
3,3,9,9,522,3832
2,2,9,9,522,3832
1,1,9,9,522,3832
9,8,9,9,522,3832
9,7,9,9,522,3832
9,9,9,9,522,3832
8,6,9,9,522,3832
8,9,9,9,522,3832
7,5,9,9,522,3832
7,8,9,9,522,3832
6,4,9,9,522,3832
6,7,9,9,522,3832
5,3,9,9,522,3832
5,6,9,9,522,3832
4,2,9,9,522,3832
4,5,9,9,522,3832
3,1,9,9,522,3832
3,4,9,9,522,3832
2,0,9,9,522,3832
2,3,9,9,522,3832
8,7,9,9,522,3832
9,6,9,9,522,3832
9,5,9,9,522,3832
8,4,9,9,522,3832
7,3,9,9,522,3832
7,6,9,9,522,3832
6,2,9,9,522,3832
6,5,9,9,522,3832
5,1,9,9,522,3832
5,4,9,9,522,3832
4,0,9,9,522,3832
4,3,9,9,522,3832
3,0,9,9,522,3832
3,2,9,9,522,3832
0,9,7,9,523,3479
1,9,7,9,523,3479
0,8,7,9,523,3479
2,9,7,9,523,3479
1,8,7,9,523,3479
0,7,7,9,523,3479
3,9,7,9,523,3479
2,8,7,9,523,3479
1,7,7,9,523,3479
0,6,7,9,523,3479
4,9,7,9,523,3479
3,8,7,9,523,3479
2,7,7,9,523,3479
1,6,7,9,523,3479
0,5,7,9,523,3479
5,9,7,9,523,3479
4,8,7,9,523,3479
3,7,7,9,523,3479
2,6,7,9,523,3479
1,5,7,9,523,3479
0,4,7,9,523,3479
7,9,7,9,523,3479
6,8,7,9,523,3479
6,9,7,9,523,3479
5,7,7,9,523,3479
5,8,7,9,523,3479
4,6,7,9,523,3479
4,7,7,9,523,3479
3,5,7,9,523,3479
3,6,7,9,523,3479
2,4,7,9,523,3479
2,5,7,9,523,3479
1,3,7,9,523,3479
1,4,7,9,523,3479
9,9,7,9,523,3479
8,8,7,9,523,3479
8,9,7,9,523,3479
7,7,7,9,523,3479
7,8,7,9,523,3479
6,6,7,9,523,3479
6,7,7,9,523,3479
5,5,7,9,523,3479
5,6,7,9,523,3479
4,4,7,9,523,3479
4,5,7,9,523,3479
3,3,7,9,523,3479
3,4,7,9,523,3479
2,2,7,9,523,3479
2,3,7,9,523,3479
9,8,7,9,523,3479
9,7,7,9,523,3479
8,6,7,9,523,3479
8,7,7,9,523,3479
7,5,7,9,523,3479
7,6,7,9,523,3479
6,4,7,9,523,3479
6,5,7,9,523,3479
5,3,7,9,523,3479
5,4,7,9,523,3479
4,2,7,9,523,3479
4,3,7,9,523,3479
3,1,7,9,523,3479
3,2,7,9,523,3479
2,4,7,9,524,3395
4,4,7,9,524,3395
3,3,7,9,524,3395
3,5,7,9,524,3395
6,4,7,9,524,3395
5,3,7,9,524,3395
5,5,7,9,524,3395
4,2,7,9,524,3395
4,6,7,9,524,3395
8,4,7,9,524,3395
7,3,7,9,524,3395
7,5,7,9,524,3395
6,2,7,9,524,3395
6,6,7,9,524,3395
5,1,7,9,524,3395
5,7,7,9,524,3395
9,4,7,9,524,3395
9,3,7,9,524,3395
9,5,7,9,524,3395
8,2,7,9,524,3395
8,6,7,9,524,3395
7,1,7,9,524,3395
7,7,7,9,524,3395
6,0,7,9,524,3395
6,8,7,9,524,3395
7,4,7,9,524,3395
8,3,7,9,524,3395
8,5,7,9,524,3395
9,2,7,9,524,3395
9,6,7,9,524,3395
9,1,7,9,524,3395
9,7,7,9,524,3395
8,0,7,9,524,3395
8,8,7,9,524,3395
7,0,7,9,524,3395
7,9,7,9,524,3395
5,4,7,9,524,3395
6,3,7,9,524,3395
6,5,7,9,524,3395
7,2,7,9,524,3395
7,6,7,9,524,3395
8,1,7,9,524,3395
8,7,7,9,524,3395
9,0,7,9,524,3395
9,8,7,9,524,3395
9,9,7,9,524,3395
8,9,7,9,524,3395
3,4,7,9,524,3395
4,3,7,9,524,3395
4,5,7,9,524,3395
5,2,7,9,524,3395
5,6,7,9,524,3395
6,1,7,9,524,3395
6,7,7,9,524,3395
7,8,7,9,524,3395
0,8,9,9,525,3102
1,8,9,9,525,3102
0,7,9,9,525,3102
0,9,9,9,525,3102
2,8,9,9,525,3102
1,7,9,9,525,3102
1,9,9,9,525,3102
0,6,9,9,525,3102
4,8,9,9,525,3102
3,7,9,9,525,3102
3,9,9,9,525,3102
2,6,9,9,525,3102
2,9,9,9,525,3102
1,5,9,9,525,3102
6,8,9,9,525,3102
5,7,9,9,525,3102
5,9,9,9,525,3102
4,6,9,9,525,3102
4,9,9,9,525,3102
3,5,9,9,525,3102
3,8,9,9,525,3102
2,4,9,9,525,3102
2,7,9,9,525,3102
8,8,9,9,525,3102
7,7,9,9,525,3102
7,9,9,9,525,3102
6,6,9,9,525,3102
6,9,9,9,525,3102
5,5,9,9,525,3102
5,8,9,9,525,3102
4,4,9,9,525,3102
4,7,9,9,525,3102
3,3,9,9,525,3102
3,6,9,9,525,3102
9,8,9,9,525,3102
9,7,9,9,525,3102
9,9,9,9,525,3102
8,6,9,9,525,3102
8,9,9,9,525,3102
7,5,9,9,525,3102
7,8,9,9,525,3102
6,4,9,9,525,3102
6,7,9,9,525,3102
5,3,9,9,525,3102
5,6,9,9,525,3102
4,2,9,9,525,3102
4,5,9,9,525,3102
8,7,9,9,525,3102
9,6,9,9,525,3102
9,5,9,9,525,3102
8,4,9,9,525,3102
7,3,9,9,525,3102
7,6,9,9,525,3102
6,2,9,9,525,3102
6,5,9,9,525,3102
5,1,9,9,525,3102
5,4,9,9,525,3102
3,5,7,9,526,3002
5,5,7,9,526,3002
4,4,7,9,526,3002
4,6,7,9,526,3002
7,5,7,9,526,3002
6,4,7,9,526,3002
6,6,7,9,526,3002
5,3,7,9,526,3002
5,7,7,9,526,3002
9,5,7,9,526,3002
8,4,7,9,526,3002
8,6,7,9,526,3002
7,3,7,9,526,3002
7,7,7,9,526,3002
6,2,7,9,526,3002
6,8,7,9,526,3002
8,5,7,9,526,3002
9,4,7,9,526,3002
9,6,7,9,526,3002
9,3,7,9,526,3002
9,7,7,9,526,3002
8,2,7,9,526,3002
8,8,7,9,526,3002
7,1,7,9,526,3002
7,9,7,9,526,3002
6,5,7,9,526,3002
7,4,7,9,526,3002
7,6,7,9,526,3002
8,3,7,9,526,3002
8,7,7,9,526,3002
9,2,7,9,526,3002
9,8,7,9,526,3002
9,1,7,9,526,3002
9,9,7,9,526,3002
8,0,7,9,526,3002
8,9,7,9,526,3002
4,5,7,9,526,3002
5,4,7,9,526,3002
5,6,7,9,526,3002
6,3,7,9,526,3002
6,7,7,9,526,3002
7,2,7,9,526,3002
7,8,7,9,526,3002
8,1,7,9,526,3002
9,0,7,9,526,3002
4,6,7,9,527,2580
6,6,7,9,527,2580
5,5,7,9,527,2580
5,7,7,9,527,2580
8,6,7,9,527,2580
7,5,7,9,527,2580
7,7,7,9,527,2580
6,4,7,9,527,2580
6,8,7,9,527,2580
9,6,7,9,527,2580
9,5,7,9,527,2580
9,7,7,9,527,2580
8,4,7,9,527,2580
8,8,7,9,527,2580
7,3,7,9,527,2580
7,9,7,9,527,2580
7,6,7,9,527,2580
8,5,7,9,527,2580
8,7,7,9,527,2580
9,4,7,9,527,2580
9,8,7,9,527,2580
9,3,7,9,527,2580
9,9,7,9,527,2580
8,2,7,9,527,2580
8,9,7,9,527,2580
5,6,7,9,527,2580
6,5,7,9,527,2580
6,7,7,9,527,2580
7,4,7,9,527,2580
7,8,7,9,527,2580
8,3,7,9,527,2580
9,2,7,9,527,2580
9,1,7,9,527,2580
3,7,9,9,528,2263
5,7,9,9,528,2263
4,6,9,9,528,2263
4,8,9,9,528,2263
7,7,9,9,528,2263
6,6,9,9,528,2263
6,8,9,9,528,2263
5,5,9,9,528,2263
5,9,9,9,528,2263
9,7,9,9,528,2263
8,6,9,9,528,2263
8,8,9,9,528,2263
7,5,9,9,528,2263
7,9,9,9,528,2263
6,4,9,9,528,2263
6,9,9,9,528,2263
8,7,9,9,528,2263
9,6,9,9,528,2263
9,8,9,9,528,2263
9,5,9,9,528,2263
9,9,9,9,528,2263
8,4,9,9,528,2263
8,9,9,9,528,2263
7,3,9,9,528,2263
7,8,9,9,528,2263
6,7,9,9,528,2263
7,6,9,9,528,2263
8,5,9,9,528,2263
9,4,9,9,528,2263
9,3,9,9,528,2263
8,2,9,9,528,2263
5,7,7,9,529,2127
7,7,7,9,529,2127
6,6,7,9,529,2127
6,8,7,9,529,2127
9,7,7,9,529,2127
8,6,7,9,529,2127
8,8,7,9,529,2127
7,5,7,9,529,2127
7,9,7,9,529,2127
8,7,7,9,529,2127
9,6,7,9,529,2127
9,8,7,9,529,2127
9,5,7,9,529,2127
9,9,7,9,529,2127
8,4,7,9,529,2127
8,9,7,9,529,2127
6,7,7,9,529,2127
7,6,7,9,529,2127
7,8,7,9,529,2127
8,5,7,9,529,2127
9,4,7,9,529,2127
9,3,7,9,529,2127
0,8,8,9,530,4473
1,8,8,9,530,4473
0,7,8,9,530,4473
0,9,8,9,530,4473
2,8,8,9,530,4473
1,7,8,9,530,4473
1,9,8,9,530,4473
0,6,8,9,530,4473
3,8,8,9,530,4473
2,7,8,9,530,4473
2,9,8,9,530,4473
1,6,8,9,530,4473
0,5,8,9,530,4473
4,8,8,9,530,4473
3,7,8,9,530,4473
3,9,8,9,530,4473
2,6,8,9,530,4473
1,5,8,9,530,4473
0,4,8,9,530,4473
5,8,8,9,530,4473
4,7,8,9,530,4473
4,9,8,9,530,4473
3,6,8,9,530,4473
2,5,8,9,530,4473
1,4,8,9,530,4473
0,3,8,9,530,4473
6,8,8,9,530,4473
5,7,8,9,530,4473
5,9,8,9,530,4473
4,6,8,9,530,4473
3,5,8,9,530,4473
2,4,8,9,530,4473
1,3,8,9,530,4473
0,2,8,9,530,4473
7,8,8,9,530,4473
6,7,8,9,530,4473
6,9,8,9,530,4473
5,6,8,9,530,4473
4,5,8,9,530,4473
3,4,8,9,530,4473
2,3,8,9,530,4473
1,2,8,9,530,4473
0,1,8,9,530,4473
8,8,8,9,530,4473
7,7,8,9,530,4473
7,9,8,9,530,4473
6,6,8,9,530,4473
5,5,8,9,530,4473
4,4,8,9,530,4473
3,3,8,9,530,4473
2,2,8,9,530,4473
1,1,8,9,530,4473
0,0,8,9,530,4473
9,8,8,9,530,4473
8,7,8,9,530,4473
8,9,8,9,530,4473
7,6,8,9,530,4473
6,5,8,9,530,4473
5,4,8,9,530,4473
4,3,8,9,530,4473
3,2,8,9,530,4473
2,1,8,9,530,4473
1,0,8,9,530,4473
9,7,8,9,530,4473
9,9,8,9,530,4473
9,6,8,9,530,4473
8,5,8,9,530,4473
7,4,8,9,530,4473
6,3,8,9,530,4473
5,2,8,9,530,4473
4,1,8,9,530,4473
3,0,8,9,530,4473
2,0,8,9,530,4473
8,6,8,9,530,4473
9,5,8,9,530,4473
9,4,8,9,530,4473
8,3,8,9,530,4473
7,2,8,9,530,4473
7,5,8,9,530,4473
6,1,8,9,530,4473
6,4,8,9,530,4473
5,0,8,9,530,4473
5,3,8,9,530,4473
4,0,8,9,530,4473
4,2,8,9,530,4473
3,1,8,9,530,4473
0,2,8,9,531,4426
1,2,8,9,531,4426
0,1,8,9,531,4426
0,3,8,9,531,4426
3,2,8,9,531,4426
2,1,8,9,531,4426
2,3,8,9,531,4426
1,0,8,9,531,4426
1,4,8,9,531,4426
5,2,8,9,531,4426
4,1,8,9,531,4426
4,3,8,9,531,4426
3,0,8,9,531,4426
3,4,8,9,531,4426
2,0,8,9,531,4426
2,5,8,9,531,4426
7,2,8,9,531,4426
6,1,8,9,531,4426
6,3,8,9,531,4426
5,0,8,9,531,4426
5,4,8,9,531,4426
4,0,8,9,531,4426
4,5,8,9,531,4426
3,1,8,9,531,4426
3,6,8,9,531,4426
9,2,8,9,531,4426
8,1,8,9,531,4426
8,3,8,9,531,4426
7,0,8,9,531,4426
7,4,8,9,531,4426
6,0,8,9,531,4426
6,5,8,9,531,4426
5,1,8,9,531,4426
5,6,8,9,531,4426
4,2,8,9,531,4426
4,7,8,9,531,4426
8,2,8,9,531,4426
9,1,8,9,531,4426
9,3,8,9,531,4426
9,0,8,9,531,4426
9,4,8,9,531,4426
8,0,8,9,531,4426
8,5,8,9,531,4426
7,1,8,9,531,4426
7,6,8,9,531,4426
6,2,8,9,531,4426
6,7,8,9,531,4426
5,3,8,9,531,4426
5,8,8,9,531,4426
7,3,8,9,531,4426
8,4,8,9,531,4426
9,5,8,9,531,4426
9,6,8,9,531,4426
8,7,8,9,531,4426
7,8,8,9,531,4426
6,4,8,9,531,4426
6,9,8,9,531,4426
7,5,8,9,531,4426
8,6,8,9,531,4426
9,7,8,9,531,4426
9,8,8,9,531,4426
8,9,8,9,531,4426
7,9,8,9,531,4426
2,2,8,9,531,4426
3,3,8,9,531,4426
4,4,8,9,531,4426
5,5,8,9,531,4426
6,6,8,9,531,4426
7,7,8,9,531,4426
8,8,8,9,531,4426
9,9,8,9,531,4426
1,1,8,9,531,4426
1,3,8,9,531,4426
2,4,8,9,531,4426
3,5,8,9,531,4426
4,6,8,9,531,4426
5,7,8,9,531,4426
6,8,8,9,531,4426
0,3,8,9,532,4104
2,3,8,9,532,4104
1,2,8,9,532,4104
1,4,8,9,532,4104
4,3,8,9,532,4104
3,2,8,9,532,4104
3,4,8,9,532,4104
2,1,8,9,532,4104
2,5,8,9,532,4104
6,3,8,9,532,4104
5,2,8,9,532,4104
5,4,8,9,532,4104
4,1,8,9,532,4104
4,5,8,9,532,4104
3,0,8,9,532,4104
3,6,8,9,532,4104
8,3,8,9,532,4104
7,2,8,9,532,4104
7,4,8,9,532,4104
6,1,8,9,532,4104
6,5,8,9,532,4104
5,0,8,9,532,4104
5,6,8,9,532,4104
4,0,8,9,532,4104
4,7,8,9,532,4104
9,3,8,9,532,4104
9,2,8,9,532,4104
9,4,8,9,532,4104
8,1,8,9,532,4104
8,5,8,9,532,4104
7,0,8,9,532,4104
7,6,8,9,532,4104
6,0,8,9,532,4104
6,7,8,9,532,4104
5,1,8,9,532,4104
5,8,8,9,532,4104
7,3,8,9,532,4104
8,2,8,9,532,4104
8,4,8,9,532,4104
9,1,8,9,532,4104
9,5,8,9,532,4104
9,0,8,9,532,4104
9,6,8,9,532,4104
8,0,8,9,532,4104
8,7,8,9,532,4104
7,1,8,9,532,4104
7,8,8,9,532,4104
6,2,8,9,532,4104
6,9,8,9,532,4104
5,3,8,9,532,4104
6,4,8,9,532,4104
7,5,8,9,532,4104
8,6,8,9,532,4104
9,7,8,9,532,4104
9,8,8,9,532,4104
8,9,8,9,532,4104
7,9,8,9,532,4104
3,3,8,9,532,4104
4,2,8,9,532,4104
4,4,8,9,532,4104
5,5,8,9,532,4104
6,6,8,9,532,4104
7,7,8,9,532,4104
8,8,8,9,532,4104
9,9,8,9,532,4104
1,3,8,9,532,4104
2,2,8,9,532,4104
2,4,8,9,532,4104
3,1,8,9,532,4104
3,5,8,9,532,4104
4,6,8,9,532,4104
5,7,8,9,532,4104
6,8,8,9,532,4104
0,9,8,9,533,3834
1,9,8,9,533,3834
0,8,8,9,533,3834
2,9,8,9,533,3834
1,8,8,9,533,3834
0,7,8,9,533,3834
3,9,8,9,533,3834
2,8,8,9,533,3834
1,7,8,9,533,3834
0,6,8,9,533,3834
4,9,8,9,533,3834
3,8,8,9,533,3834
2,7,8,9,533,3834
1,6,8,9,533,3834
0,5,8,9,533,3834
5,9,8,9,533,3834
4,8,8,9,533,3834
3,7,8,9,533,3834
2,6,8,9,533,3834
1,5,8,9,533,3834
0,4,8,9,533,3834
6,9,8,9,533,3834
5,8,8,9,533,3834
4,7,8,9,533,3834
3,6,8,9,533,3834
2,5,8,9,533,3834
1,4,8,9,533,3834
0,3,8,9,533,3834
8,9,8,9,533,3834
7,8,8,9,533,3834
7,9,8,9,533,3834
6,7,8,9,533,3834
6,8,8,9,533,3834
5,6,8,9,533,3834
5,7,8,9,533,3834
4,5,8,9,533,3834
4,6,8,9,533,3834
3,4,8,9,533,3834
3,5,8,9,533,3834
2,3,8,9,533,3834
2,4,8,9,533,3834
1,2,8,9,533,3834
1,3,8,9,533,3834
9,9,8,9,533,3834
9,8,8,9,533,3834
8,7,8,9,533,3834
8,8,8,9,533,3834
7,6,8,9,533,3834
7,7,8,9,533,3834
6,5,8,9,533,3834
6,6,8,9,533,3834
5,4,8,9,533,3834
5,5,8,9,533,3834
4,3,8,9,533,3834
4,4,8,9,533,3834
3,2,8,9,533,3834
3,3,8,9,533,3834
2,1,8,9,533,3834
2,2,8,9,533,3834
9,7,8,9,533,3834
9,6,8,9,533,3834
8,5,8,9,533,3834
8,6,8,9,533,3834
7,4,8,9,533,3834
7,5,8,9,533,3834
6,3,8,9,533,3834
6,4,8,9,533,3834
5,2,8,9,533,3834
5,3,8,9,533,3834
4,1,8,9,533,3834
4,2,8,9,533,3834
3,0,8,9,533,3834
3,1,8,9,533,3834
1,4,8,9,534,3759
3,4,8,9,534,3759
2,3,8,9,534,3759
2,5,8,9,534,3759
5,4,8,9,534,3759
4,3,8,9,534,3759
4,5,8,9,534,3759
3,2,8,9,534,3759
3,6,8,9,534,3759
7,4,8,9,534,3759
6,3,8,9,534,3759
6,5,8,9,534,3759
5,2,8,9,534,3759
5,6,8,9,534,3759
4,1,8,9,534,3759
4,7,8,9,534,3759
9,4,8,9,534,3759
8,3,8,9,534,3759
8,5,8,9,534,3759
7,2,8,9,534,3759
7,6,8,9,534,3759
6,1,8,9,534,3759
6,7,8,9,534,3759
5,0,8,9,534,3759
5,8,8,9,534,3759
8,4,8,9,534,3759
9,3,8,9,534,3759
9,5,8,9,534,3759
9,2,8,9,534,3759
9,6,8,9,534,3759
8,1,8,9,534,3759
8,7,8,9,534,3759
7,0,8,9,534,3759
7,8,8,9,534,3759
6,0,8,9,534,3759
6,9,8,9,534,3759
6,4,8,9,534,3759
7,3,8,9,534,3759
7,5,8,9,534,3759
8,2,8,9,534,3759
8,6,8,9,534,3759
9,1,8,9,534,3759
9,7,8,9,534,3759
9,0,8,9,534,3759
9,8,8,9,534,3759
8,0,8,9,534,3759
8,9,8,9,534,3759
7,1,8,9,534,3759
7,9,8,9,534,3759
4,4,8,9,534,3759
5,3,8,9,534,3759
5,5,8,9,534,3759
6,2,8,9,534,3759
6,6,8,9,534,3759
7,7,8,9,534,3759
8,8,8,9,534,3759
9,9,8,9,534,3759
2,4,8,9,534,3759
3,3,8,9,534,3759
3,5,8,9,534,3759
4,2,8,9,534,3759
4,6,8,9,534,3759
5,1,8,9,534,3759
5,7,8,9,534,3759
6,8,8,9,534,3759
2,5,8,9,535,3389
4,5,8,9,535,3389
3,4,8,9,535,3389
3,6,8,9,535,3389
6,5,8,9,535,3389
5,4,8,9,535,3389
5,6,8,9,535,3389
4,3,8,9,535,3389
4,7,8,9,535,3389
8,5,8,9,535,3389
7,4,8,9,535,3389
7,6,8,9,535,3389
6,3,8,9,535,3389
6,7,8,9,535,3389
5,2,8,9,535,3389
5,8,8,9,535,3389
9,5,8,9,535,3389
9,4,8,9,535,3389
9,6,8,9,535,3389
8,3,8,9,535,3389
8,7,8,9,535,3389
7,2,8,9,535,3389
7,8,8,9,535,3389
6,1,8,9,535,3389
6,9,8,9,535,3389
7,5,8,9,535,3389
8,4,8,9,535,3389
8,6,8,9,535,3389
9,3,8,9,535,3389
9,7,8,9,535,3389
9,2,8,9,535,3389
9,8,8,9,535,3389
8,1,8,9,535,3389
8,9,8,9,535,3389
7,0,8,9,535,3389
7,9,8,9,535,3389
5,5,8,9,535,3389
6,4,8,9,535,3389
6,6,8,9,535,3389
7,3,8,9,535,3389
7,7,8,9,535,3389
8,2,8,9,535,3389
8,8,8,9,535,3389
9,1,8,9,535,3389
9,9,8,9,535,3389
9,0,8,9,535,3389
8,0,8,9,535,3389
3,5,8,9,535,3389
4,4,8,9,535,3389
4,6,8,9,535,3389
5,3,8,9,535,3389
5,7,8,9,535,3389
6,2,8,9,535,3389
6,8,8,9,535,3389
7,1,8,9,535,3389
3,6,8,9,536,2993
5,6,8,9,536,2993
4,5,8,9,536,2993
4,7,8,9,536,2993
7,6,8,9,536,2993
6,5,8,9,536,2993
6,7,8,9,536,2993
5,4,8,9,536,2993
5,8,8,9,536,2993
9,6,8,9,536,2993
8,5,8,9,536,2993
8,7,8,9,536,2993
7,4,8,9,536,2993
7,8,8,9,536,2993
6,3,8,9,536,2993
6,9,8,9,536,2993
8,6,8,9,536,2993
9,5,8,9,536,2993
9,7,8,9,536,2993
9,4,8,9,536,2993
9,8,8,9,536,2993
8,3,8,9,536,2993
8,9,8,9,536,2993
7,2,8,9,536,2993
7,9,8,9,536,2993
6,6,8,9,536,2993
7,5,8,9,536,2993
7,7,8,9,536,2993
8,4,8,9,536,2993
8,8,8,9,536,2993
9,3,8,9,536,2993
9,9,8,9,536,2993
9,2,8,9,536,2993
8,1,8,9,536,2993
4,6,8,9,536,2993
5,5,8,9,536,2993
5,7,8,9,536,2993
6,4,8,9,536,2993
6,8,8,9,536,2993
7,3,8,9,536,2993
8,2,8,9,536,2993
9,1,8,9,536,2993
9,0,8,9,536,2993
4,7,8,9,537,2567
6,7,8,9,537,2567
5,6,8,9,537,2567
5,8,8,9,537,2567
8,7,8,9,537,2567
7,6,8,9,537,2567
7,8,8,9,537,2567
6,5,8,9,537,2567
6,9,8,9,537,2567
9,7,8,9,537,2567
9,6,8,9,537,2567
9,8,8,9,537,2567
8,5,8,9,537,2567
8,9,8,9,537,2567
7,4,8,9,537,2567
7,9,8,9,537,2567
7,7,8,9,537,2567
8,6,8,9,537,2567
8,8,8,9,537,2567
9,5,8,9,537,2567
9,9,8,9,537,2567
9,4,8,9,537,2567
8,3,8,9,537,2567
5,7,8,9,537,2567
6,6,8,9,537,2567
6,8,8,9,537,2567
7,5,8,9,537,2567
8,4,8,9,537,2567
9,3,8,9,537,2567
9,2,8,9,537,2567
0,3,9,9,538,3932
1,3,9,9,538,3932
0,2,9,9,538,3932
0,4,9,9,538,3932
3,3,9,9,538,3932
2,2,9,9,538,3932
2,4,9,9,538,3932
1,1,9,9,538,3932
1,5,9,9,538,3932
5,3,9,9,538,3932
4,2,9,9,538,3932
4,4,9,9,538,3932
3,1,9,9,538,3932
3,5,9,9,538,3932
2,0,9,9,538,3932
2,6,9,9,538,3932
7,3,9,9,538,3932
6,2,9,9,538,3932
6,4,9,9,538,3932
5,1,9,9,538,3932
5,5,9,9,538,3932
4,0,9,9,538,3932
4,6,9,9,538,3932
3,0,9,9,538,3932
3,7,9,9,538,3932
9,3,9,9,538,3932
8,2,9,9,538,3932
8,4,9,9,538,3932
7,1,9,9,538,3932
7,5,9,9,538,3932
6,0,9,9,538,3932
6,6,9,9,538,3932
5,0,9,9,538,3932
5,7,9,9,538,3932
4,1,9,9,538,3932
4,8,9,9,538,3932
8,3,9,9,538,3932
9,2,9,9,538,3932
9,4,9,9,538,3932
9,1,9,9,538,3932
9,5,9,9,538,3932
8,0,9,9,538,3932
8,6,9,9,538,3932
7,0,9,9,538,3932
7,7,9,9,538,3932
6,1,9,9,538,3932
6,8,9,9,538,3932
5,2,9,9,538,3932
5,9,9,9,538,3932
6,3,9,9,538,3932
7,2,9,9,538,3932
7,4,9,9,538,3932
8,1,9,9,538,3932
8,5,9,9,538,3932
9,0,9,9,538,3932
9,6,9,9,538,3932
9,7,9,9,538,3932
8,8,9,9,538,3932
7,9,9,9,538,3932
6,9,9,9,538,3932
4,3,9,9,538,3932
5,4,9,9,538,3932
6,5,9,9,538,3932
7,6,9,9,538,3932
8,7,9,9,538,3932
9,8,9,9,538,3932
9,9,9,9,538,3932
8,9,9,9,538,3932
7,8,9,9,538,3932
2,3,9,9,538,3932
3,2,9,9,538,3932
3,4,9,9,538,3932
4,5,9,9,538,3932
5,6,9,9,538,3932
6,7,9,9,538,3932
1,2,9,9,538,3932
1,4,9,9,538,3932
2,1,9,9,538,3932
2,5,9,9,538,3932
3,6,9,9,538,3932
4,7,9,9,538,3932
5,8,9,9,538,3932
0,9,9,9,539,3921
1,9,9,9,539,3921
0,8,9,9,539,3921
2,9,9,9,539,3921
1,8,9,9,539,3921
0,7,9,9,539,3921
3,9,9,9,539,3921
2,8,9,9,539,3921
1,7,9,9,539,3921
0,6,9,9,539,3921
4,9,9,9,539,3921
3,8,9,9,539,3921
2,7,9,9,539,3921
1,6,9,9,539,3921
0,5,9,9,539,3921
5,9,9,9,539,3921
4,8,9,9,539,3921
3,7,9,9,539,3921
2,6,9,9,539,3921
1,5,9,9,539,3921
0,4,9,9,539,3921
6,9,9,9,539,3921
5,8,9,9,539,3921
4,7,9,9,539,3921
3,6,9,9,539,3921
2,5,9,9,539,3921
1,4,9,9,539,3921
0,3,9,9,539,3921
7,9,9,9,539,3921
6,8,9,9,539,3921
5,7,9,9,539,3921
4,6,9,9,539,3921
3,5,9,9,539,3921
2,4,9,9,539,3921
1,3,9,9,539,3921
0,2,9,9,539,3921
9,9,9,9,539,3921
8,8,9,9,539,3921
8,9,9,9,539,3921
7,7,9,9,539,3921
7,8,9,9,539,3921
6,6,9,9,539,3921
6,7,9,9,539,3921
5,5,9,9,539,3921
5,6,9,9,539,3921
4,4,9,9,539,3921
4,5,9,9,539,3921
3,3,9,9,539,3921
3,4,9,9,539,3921
2,2,9,9,539,3921
2,3,9,9,539,3921
1,1,9,9,539,3921
1,2,9,9,539,3921
9,8,9,9,539,3921
9,7,9,9,539,3921
8,6,9,9,539,3921
8,7,9,9,539,3921
7,5,9,9,539,3921
7,6,9,9,539,3921
6,4,9,9,539,3921
6,5,9,9,539,3921
5,3,9,9,539,3921
5,4,9,9,539,3921
4,2,9,9,539,3921
4,3,9,9,539,3921
3,1,9,9,539,3921
3,2,9,9,539,3921
2,0,9,9,539,3921
2,1,9,9,539,3921
9,6,9,9,539,3921
9,5,9,9,539,3921
8,4,9,9,539,3921
8,5,9,9,539,3921
7,3,9,9,539,3921
7,4,9,9,539,3921
6,2,9,9,539,3921
6,3,9,9,539,3921
5,1,9,9,539,3921
5,2,9,9,539,3921
4,0,9,9,539,3921
4,1,9,9,539,3921
3,0,9,9,539,3921
0,4,9,9,540,3586
2,4,9,9,540,3586
1,3,9,9,540,3586
1,5,9,9,540,3586
4,4,9,9,540,3586
3,3,9,9,540,3586
3,5,9,9,540,3586
2,2,9,9,540,3586
2,6,9,9,540,3586
6,4,9,9,540,3586
5,3,9,9,540,3586
5,5,9,9,540,3586
4,2,9,9,540,3586
4,6,9,9,540,3586
3,1,9,9,540,3586
3,7,9,9,540,3586
8,4,9,9,540,3586
7,3,9,9,540,3586
7,5,9,9,540,3586
6,2,9,9,540,3586
6,6,9,9,540,3586
5,1,9,9,540,3586
5,7,9,9,540,3586
4,0,9,9,540,3586
4,8,9,9,540,3586
9,4,9,9,540,3586
9,3,9,9,540,3586
9,5,9,9,540,3586
8,2,9,9,540,3586
8,6,9,9,540,3586
7,1,9,9,540,3586
7,7,9,9,540,3586
6,0,9,9,540,3586
6,8,9,9,540,3586
5,0,9,9,540,3586
5,9,9,9,540,3586
7,4,9,9,540,3586
8,3,9,9,540,3586
8,5,9,9,540,3586
9,2,9,9,540,3586
9,6,9,9,540,3586
9,1,9,9,540,3586
9,7,9,9,540,3586
8,0,9,9,540,3586
8,8,9,9,540,3586
7,0,9,9,540,3586
7,9,9,9,540,3586
6,1,9,9,540,3586
6,9,9,9,540,3586
5,4,9,9,540,3586
6,3,9,9,540,3586
6,5,9,9,540,3586
7,2,9,9,540,3586
7,6,9,9,540,3586
8,1,9,9,540,3586
8,7,9,9,540,3586
9,0,9,9,540,3586
9,8,9,9,540,3586
9,9,9,9,540,3586
8,9,9,9,540,3586
7,8,9,9,540,3586
3,4,9,9,540,3586
4,3,9,9,540,3586
4,5,9,9,540,3586
5,2,9,9,540,3586
5,6,9,9,540,3586
6,7,9,9,540,3586
1,4,9,9,540,3586
2,3,9,9,540,3586
2,5,9,9,540,3586
3,2,9,9,540,3586
3,6,9,9,540,3586
4,1,9,9,540,3586
4,7,9,9,540,3586
5,8,9,9,540,3586
1,5,9,9,541,3215
3,5,9,9,541,3215
2,4,9,9,541,3215
2,6,9,9,541,3215
5,5,9,9,541,3215
4,4,9,9,541,3215
4,6,9,9,541,3215
3,3,9,9,541,3215
3,7,9,9,541,3215
7,5,9,9,541,3215
6,4,9,9,541,3215
6,6,9,9,541,3215
5,3,9,9,541,3215
5,7,9,9,541,3215
4,2,9,9,541,3215
4,8,9,9,541,3215
9,5,9,9,541,3215
8,4,9,9,541,3215
8,6,9,9,541,3215
7,3,9,9,541,3215
7,7,9,9,541,3215
6,2,9,9,541,3215
6,8,9,9,541,3215
5,1,9,9,541,3215
5,9,9,9,541,3215
8,5,9,9,541,3215
9,4,9,9,541,3215
9,6,9,9,541,3215
9,3,9,9,541,3215
9,7,9,9,541,3215
8,2,9,9,541,3215
8,8,9,9,541,3215
7,1,9,9,541,3215
7,9,9,9,541,3215
6,0,9,9,541,3215
6,9,9,9,541,3215
6,5,9,9,541,3215
7,4,9,9,541,3215
7,6,9,9,541,3215
8,3,9,9,541,3215
8,7,9,9,541,3215
9,2,9,9,541,3215
9,8,9,9,541,3215
9,1,9,9,541,3215
9,9,9,9,541,3215
8,0,9,9,541,3215
8,9,9,9,541,3215
7,0,9,9,541,3215
7,8,9,9,541,3215
4,5,9,9,541,3215
5,4,9,9,541,3215
5,6,9,9,541,3215
6,3,9,9,541,3215
6,7,9,9,541,3215
7,2,9,9,541,3215
8,1,9,9,541,3215
9,0,9,9,541,3215
2,5,9,9,541,3215
3,4,9,9,541,3215
3,6,9,9,541,3215
4,3,9,9,541,3215
4,7,9,9,541,3215
5,2,9,9,541,3215
5,8,9,9,541,3215
6,1,9,9,541,3215
2,6,9,9,542,2818
4,6,9,9,542,2818
3,5,9,9,542,2818
3,7,9,9,542,2818
6,6,9,9,542,2818
5,5,9,9,542,2818
5,7,9,9,542,2818
4,4,9,9,542,2818
4,8,9,9,542,2818
8,6,9,9,542,2818
7,5,9,9,542,2818
7,7,9,9,542,2818
6,4,9,9,542,2818
6,8,9,9,542,2818
5,3,9,9,542,2818
5,9,9,9,542,2818
9,6,9,9,542,2818
9,5,9,9,542,2818
9,7,9,9,542,2818
8,4,9,9,542,2818
8,8,9,9,542,2818
7,3,9,9,542,2818
7,9,9,9,542,2818
6,2,9,9,542,2818
6,9,9,9,542,2818
7,6,9,9,542,2818
8,5,9,9,542,2818
8,7,9,9,542,2818
9,4,9,9,542,2818
9,8,9,9,542,2818
9,3,9,9,542,2818
9,9,9,9,542,2818
8,2,9,9,542,2818
8,9,9,9,542,2818
7,1,9,9,542,2818
7,8,9,9,542,2818
5,6,9,9,542,2818
6,5,9,9,542,2818
6,7,9,9,542,2818
7,4,9,9,542,2818
8,3,9,9,542,2818
9,2,9,9,542,2818
9,1,9,9,542,2818
8,0,9,9,542,2818
3,6,9,9,542,2818
4,5,9,9,542,2818
4,7,9,9,542,2818
5,4,9,9,542,2818
5,8,9,9,542,2818
6,3,9,9,542,2818
7,2,9,9,542,2818
8,1,9,9,542,2818
9,0,9,9,542,2818
3,7,9,9,543,2393
5,7,9,9,543,2393
4,6,9,9,543,2393
4,8,9,9,543,2393
7,7,9,9,543,2393
6,6,9,9,543,2393
6,8,9,9,543,2393
5,5,9,9,543,2393
5,9,9,9,543,2393
9,7,9,9,543,2393
8,6,9,9,543,2393
8,8,9,9,543,2393
7,5,9,9,543,2393
7,9,9,9,543,2393
6,4,9,9,543,2393
6,9,9,9,543,2393
8,7,9,9,543,2393
9,6,9,9,543,2393
9,8,9,9,543,2393
9,5,9,9,543,2393
9,9,9,9,543,2393
8,4,9,9,543,2393
8,9,9,9,543,2393
7,3,9,9,543,2393
7,8,9,9,543,2393
6,7,9,9,543,2393
7,6,9,9,543,2393
8,5,9,9,543,2393
9,4,9,9,543,2393
9,3,9,9,543,2393
8,2,9,9,543,2393
4,7,9,9,543,2393
5,6,9,9,543,2393
5,8,9,9,543,2393
6,5,9,9,543,2393
7,4,9,9,543,2393
8,3,9,9,543,2393
9,2,9,9,543,2393
9,1,9,9,543,2393
