belief_state,source_record,p_0_0,p_1_0,p_2_0,p_3_0,p_4_0,p_5_0,p_6_0,p_7_0,p_8_0,p_9_0,p_0_1,p_1_1,p_2_1,p_3_1,p_4_1,p_5_1,p_6_1,p_7_1,p_8_1,p_9_1,p_0_2,p_1_2,p_2_2,p_3_2,p_4_2,p_5_2,p_6_2,p_7_2,p_8_2,p_9_2,p_0_3,p_1_3,p_2_3,p_3_3,p_4_3,p_5_3,p_6_3,p_7_3,p_8_3,p_9_3,p_0_4,p_1_4,p_2_4,p_3_4,p_4_4,p_5_4,p_6_4,p_7_4,p_8_4,p_9_4,p_0_5,p_1_5,p_2_5,p_3_5,p_4_5,p_5_5,p_6_5,p_7_5,p_8_5,p_9_5,p_0_6,p_1_6,p_2_6,p_3_6,p_4_6,p_5_6,p_6_6,p_7_6,p_8_6,p_9_6,p_0_7,p_1_7,p_2_7,p_3_7,p_4_7,p_5_7,p_6_7,p_7_7,p_8_7,p_9_7,p_0_8,p_1_8,p_2_8,p_3_8,p_4_8,p_5_8,p_6_8,p_7_8,p_8_8,p_9_8,p_0_9,p_1_9,p_2_9,p_3_9,p_4_9,p_5_9,p_6_9,p_7_9,p_8_9,p_9_9
0,0,1.0,0.0,0.0,0.0,0.0,0.0,0.0,0.0,0.0,0.0,0.0,0.0,0.0,0.0,0.0,0.0,0.0,0.0,0.0,0.0,0.0,0.0,0.0,0.0,0.0,0.0,0.0,0.0,0.0,0.0,0.0,0.0,0.0,0.0,0.0,0.0,0.0,0.0,0.0,0.0,0.0,0.0,0.0,0.0,0.0,0.0,0.0,0.0,0.0,0.0,0.0,0.0,0.0,0.0,0.0,0.0,0.0,0.0,0.0,0.0,0.0,0.0,0.0,0.0,0.0,0.0,0.0,0.0,0.0,0.0,0.0,0.0,0.0,0.0,0.0,0.0,0.0,0.0,0.0,0.0,0.0,0.0,0.0,0.0,0.0,0.0,0.0,0.0,0.0,0.0,0.0,0.0,0.0,0.0,0.0,0.0,0.0,0.0,0.0,0.0
1,1,0.02,0.01,0.0,0.0,0.0,0.0,0.0,0.0,0.0,0.0,0.97,0.0,0.0,0.0,0.0,0.0,0.0,0.0,0.0,0.0,0.0,0.0,0.0,0.0,0.0,0.0,0.0,0.0,0.0,0.0,0.0,0.0,0.0,0.0,0.0,0.0,0.0,0.0,0.0,0.0,0.0,0.0,0.0,0.0,0.0,0.0,0.0,0.0,0.0,0.0,0.0,0.0,0.0,0.0,0.0,0.0,0.0,0.0,0.0,0.0,0.0,0.0,0.0,0.0,0.0,0.0,0.0,0.0,0.0,0.0,0.0,0.0,0.0,0.0,0.0,0.0,0.0,0.0,0.0,0.0,0.0,0.0,0.0,0.0,0.0,0.0,0.0,0.0,0.0,0.0,0.0,0.0,0.0,0.0,0.0,0.0,0.0,0.0,0.0,0.0
2,2,0.0102,0.00030000000000000003,0.0001,0.0,0.0,0.0,0.0,0.0,0.0,0.0,0.0291,0.0194,0.0,0.0,0.0,0.0,0.0,0.0,0.0,0.0,0.9409,0.0,0.0,0.0,0.0,0.0,0.0,0.0,0.0,0.0,0.0,0.0,0.0,0.0,0.0,0.0,0.0,0.0,0.0,0.0,0.0,0.0,0.0,0.0,0.0,0.0,0.0,0.0,0.0,0.0,0.0,0.0,0.0,0.0,0.0,0.0,0.0,0.0,0.0,0.0,0.0,0.0,0.0,0.0,0.0,0.0,0.0,0.0,0.0,0.0,0.0,0.0,0.0,0.0,0.0,0.0,0.0,0.0,0.0,0.0,0.0,0.0,0.0,0.0,0.0,0.0,0.0,0.0,0.0,0.0,0.0,0.0,0.0,0.0,0.0,0.0,0.0,0.0,0.0,0.0
3,3,0.0004980000000000001,0.00030000000000000003,4.000000000000001e-06,1.0000000000000002e-06,0.0,0.0,0.0,0.0,0.0,0.0,0.019788,0.000582,0.000291,0.0,0.0,0.0,0.0,0.0,0.0,0.0,0.037635999999999996,0.028227000000000002,0.0,0.0,0.0,0.0,0.0,0.0,0.0,0.0,0.912673,0.0,0.0,0.0,0.0,0.0,0.0,0.0,0.0,0.0,0.0,0.0,0.0,0.0,0.0,0.0,0.0,0.0,0.0,0.0,0.0,0.0,0.0,0.0,0.0,0.0,0.0,0.0,0.0,0.0,0.0,0.0,0.0,0.0,0.0,0.0,0.0,0.0,0.0,0.0,0.0,0.0,0.0,0.0,0.0,0.0,0.0,0.0,0.0,0.0,0.0,0.0,0.0,0.0,0.0,0.0,0.0,0.0,0.0,0.0,0.0,0.0,0.0,0.0,0.0,0.0,0.0,0.0,0.0,0.0
4,4,0.00021084,1.3840000000000003e-05,5.9600000000000005e-06,5.000000000000001e-08,1.0000000000000002e-08,0.0,0.0,0.0,0.0,0.0,0.00106312,0.00077406,9.700000000000002e-06,3.88e-06,0.0,0.0,0.0,0.0,0.0,0.0,0.02897972,0.0009408999999999999,0.0005645400000000001,0.0,0.0,0.0,0.0,0.0,0.0,0.0,0.04563365,0.03650692,0.0,0.0,0.0,0.0,0.0,0.0,0.0,0.0,0.8852928099999999,0.0,0.0,0.0,0.0,0.0,0.0,0.0,0.0,0.0,0.0,0.0,0.0,0.0,0.0,0.0,0.0,0.0,0.0,0.0,0.0,0.0,0.0,0.0,0.0,0.0,0.0,0.0,0.0,0.0,0.0,0.0,0.0,0.0,0.0,0.0,0.0,0.0,0.0,0.0,0.0,0.0,0.0,0.0,0.0,0.0,0.0,0.0,0.0,0.0,0.0,0.0,0.0,0.0,0.0,0.0,0.0,0.0,0.0,0.0
5,5,1.4986400000000001e-05,1.0047e-05,2.9550000000000007e-07,9.9e-08,6.000000000000002e-10,1.0000000000000002e-10,0.0,0.0,0.0,0.0,0.0005126837999999999,3.3562e-05,1.9206000000000002e-05,1.4550000000000003e-07,4.8500000000000004e-08,0.0,0.0,0.0,0.0,0.0,0.0017867691,0.00141135,1.8818000000000002e-05,9.409000000000001e-06,0.0,0.0,0.0,0.0,0.0,0.0,0.0377846622,0.0013690095,0.0009126730000000001,0.0,0.0,0.0,0.0,0.0,0.0,0.0,0.05311756859999999,0.044264640499999994,0.0,0.0,0.0,0.0,0.0,0.0,0.0,0.0,0.8587340256999999,0.0,0.0,0.0,0.0,0.0,0.0,0.0,0.0,0.0,0.0,0.0,0.0,0.0,0.0,0.0,0.0,0.0,0.0,0.0,0.0,0.0,0.0,0.0,0.0,0.0,0.0,0.0,0.0,0.0,0.0,0.0,0.0,0.0,0.0,0.0,0.0,0.0,0.0,0.0,0.0,0.0,0.0,0.0,0.0,0.0,0.0,0.0,0.0,0.0
6,6,5.527036e-06,5.88909e-07,2.9647500000000004e-07,5.406000000000001e-09,1.4820000000000003e-09,7.000000000000002e-12,1.0000000000000002e-12,0.0,0.0,0.0,3.7866957000000004e-05,2.9177987999999998e-05,8.118900000000002e-07,3.82665e-07,2.0370000000000003e-09,5.820000000000001e-10,0.0,0.0,0.0,0.0,0.0009071310989999999,6.430110599999999e-05,4.196414000000001e-05,3.2931500000000006e-07,1.4113500000000003e-07,0.0,0.0,0.0,0.0,0.0,0.0026558784299999996,0.002198629257,3.1943555e-05,1.825346e-05,0.0,0.0,0.0,0.0,0.0,0.0,0.04621228468199999,0.001859114901,0.001327939215,0.0,0.0,0.0,0.0,0.0,0.0,0.0,0.060111381799,0.05152404154199999,0.0,0.0,0.0,0.0,0.0,0.0,0.0,0.0,0.8329720049289999,0.0,0.0,0.0,0.0,0.0,0.0,0.0,0.0,0.0,0.0,0.0,0.0,0.0,0.0,0.0,0.0,0.0,0.0,0.0,0.0,0.0,0.0,0.0,0.0,0.0,0.0,0.0,0.0,0.0,0.0,0.0,0.0,0.0,0.0,0.0,0.0,0.0,0.0,0.0
7,7,4.950993800000001e-07,5.66185864e-06,5.823794400000001e-07,2.9147628000000007e-07,5.279080000000001e-09,1.4434400000000003e-09,6.800000000000002e-12,9.700000000000001e-13,0.0,0.0,9.7970308e-06,3.738796734e-05,2.8729081159999998e-05,7.909008800000001e-07,3.7261703999999997e-07,1.9759600000000003e-09,5.6455e-10,0.0,0.0,0.0,3.6651775919999996e-05,0.00090261487988,6.270292041999999e-05,4.08929884e-05,3.1945592000000005e-07,1.3690677e-07,0.0,0.0,0.0,0.0,0.0005197392346799999,0.00259575567272,0.00214655194744,3.09885415e-05,1.7707267550000003e-05,0.0,0.0,0.0,0.0,0.0,0.00110838659812,0.04537642224167998,0.0018036608895199999,0.00128828357315,0.0,0.0,0.0,0.0,0.0,0.0,0.00990819712952,0.05832663149403999,0.04999159968788999,0.0,0.0,0.0,0.0,0.0,0.0,0.0,0.00893083386728,0.8084980851965499,0.0,0.0,0.0,0.0,0.0,0.0,0.0,0.0,0.00832972004929,0.0,0.0,0.0,0.0,0.0,0.0,0.0,0.0,0.0,0.0,0.0,0.0,0.0,0.0,0.0,0.0,0.0,0.0,0.0,0.0,0.0,0.0,0.0,0.0,0.0,0.0,0.0,0.0,0.0
8,8,1.64490882e-07,9.165684528000001e-07,5.788032249599999e-06,5.757846192000001e-07,2.865253872e-07,5.154969600000001e-09,1.4058600000000004e-09,6.605700000000001e-12,9.409000000000002e-13,0.0,8.433187344e-07,1.8873178072799996e-05,3.69070903272e-05,2.8282779542399996e-05,7.704409632000002e-07,3.6282767639999994e-07,1.9167492e-09,5.476232e-10,0.0,0.0,1.4688029212799998e-05,6.251068824719999e-05,0.0008976981736536,6.11428217904e-05,3.98483666616e-05,3.0989200200000004e-07,1.3280521239999999e-07,0.0,0.0,0.0,4.26053328144e-05,0.0009884029483295997,0.0025368565260527995,0.0020956242273078,3.00620798142e-05,1.7177418591200003e-05,0.0,0.0,0.0,0.0,0.0005691274520399998,0.0017023954807392,0.04454939392651438,0.0017498609482493998,0.001249812138631,0.0,0.0,0.0,0.0,0.0,0.0007827404908895999,0.018649612286895597,0.056594869158113986,0.04850473453298479,0.0,0.0,0.0,0.0,0.0,0.0,0.008356668362426397,0.009246175166201999,0.7847430586375322,0.0,0.0,0.0,0.0,0.0,0.0,0.0,0.0001726055391657,0.016164809299776796,0.0,0.0,0.0,0.0,0.0,0.0,0.0,0.0,8.32972004929e-05,0.0,0.0,0.0,0.0,0.0,0.0,0.0,0.0,0.0,0.0,0.0,0.0,0.0,0.0,0.0,0.0,0.0,0.0,0.0
9,10,8.02801491336e-09,5.584679939772e-08,7.513968773317199e-07,1.7111244826660801e-06,6.015567203850479e-06,5.624298699574501e-07,2.7677173814090993e-07,4.914953937340001e-09,1.3335441563000003e-09,7.118849400000001e-12,3.3944151912599995e-08,9.486908426027998e-07,3.0140315687985594e-06,3.605743138462073e-05,3.594142095767681e-05,2.7398740753981193e-05,7.310575237153801e-07,3.4399898979278996e-07,1.8035975669500002e-09,5.152769223399999e-10,5.099753282005199e-07,2.9017854234302394e-06,5.584029217605323e-05,0.00011012696120329683,0.00088675756670631,5.813350670775492e-05,3.7836212201764564e-05,2.9161457027685003e-07,1.2496704833132999e-07,0.0,1.32668198659248e-06,4.2277819241125366e-05,0.00013007730982087347,0.0018578491072559823,0.0024226511342887056,0.0019971289895247832,2.8291422993694498e-05,1.6164809628342965e-05,0.0,0.0,1.5246261312075113e-05,6.783139650423713e-05,0.0018784467647945263,0.002783248787384179,0.04292267544364461,0.0016470274015454559,0.001176281496439098,0.0,0.0,0.0,1.9348247432876487e-05,0.0007187097075763494,0.0020587458917699732,0.034586846102179526,0.053284062699473465,0.04566235279531669,0.0,0.0,0.0,0.0,0.00017018480299323626,0.00029230764273586475,0.023933308876583327,0.009797841661641696,0.7393058607032077,0.0,0.0,0.0,0.0,0.0,6.958038516547898e-06,0.0006410534408823629,0.0003474398369411373,0.03043833488118141,0.0,0.0,0.0,0.0,0.0,0.0,4.9361218089601385e-06,5.08114782121591e-06,0.00047044594222319264,0.0,0.0,0.0,0.0,0.0,0.0,0.0,4.224971406444001e-08,3.23244661953994e-06,0.0,0.0,0.0,0.0,0.0,0.0,0.0,0.0
10,11,0.0,0.0,0.0,0.0,0.0,0.0,0.0,0.0,0.0,0.0,1.0,0.0,0.0,0.0,0.0,0.0,0.0,0.0,0.0,0.0,0.0,0.0,0.0,0.0,0.0,0.0,0.0,0.0,0.0,0.0,0.0,0.0,0.0,0.0,0.0,0.0,0.0,0.0,0.0,0.0,0.0,0.0,0.0,0.0,0.0,0.0,0.0,0.0,0.0,0.0,0.0,0.0,0.0,0.0,0.0,0.0,0.0,0.0,0.0,0.0,0.0,0.0,0.0,0.0,0.0,0.0,0.0,0.0,0.0,0.0,0.0,0.0,0.0,0.0,0.0,0.0,0.0,0.0,0.0,0.0,0.0,0.0,0.0,0.0,0.0,0.0,0.0,0.0,0.0,0.0,0.0,0.0,0.0,0.0,0.0,0.0,0.0,0.0,0.0,0.0
11,12,0.01,0.0,0.0,0.0,0.0,0.0,0.0,0.0,0.0,0.0,0.01,0.01,0.0,0.0,0.0,0.0,0.0,0.0,0.0,0.0,0.97,0.0,0.0,0.0,0.0,0.0,0.0,0.0,0.0,0.0,0.0,0.0,0.0,0.0,0.0,0.0,0.0,0.0,0.0,0.0,0.0,0.0,0.0,0.0,0.0,0.0,0.0,0.0,0.0,0.0,0.0,0.0,0.0,0.0,0.0,0.0,0.0,0.0,0.0,0.0,0.0,0.0,0.0,0.0,0.0,0.0,0.0,0.0,0.0,0.0,0.0,0.0,0.0,0.0,0.0,0.0,0.0,0.0,0.0,0.0,0.0,0.0,0.0,0.0,0.0,0.0,0.0,0.0,0.0,0.0,0.0,0.0,0.0,0.0,0.0,0.0,0.0,0.0,0.0,0.0
12,13,0.00030000000000000003,0.0002,0.0,0.0,0.0,0.0,0.0,0.0,0.0,0.0,0.0196,0.0001,0.0001,0.0,0.0,0.0,0.0,0.0,0.0,0.0,0.0194,0.0194,0.0,0.0,0.0,0.0,0.0,0.0,0.0,0.0,0.9409,0.0,0.0,0.0,0.0,0.0,0.0,0.0,0.0,0.0,0.0,0.0,0.0,0.0,0.0,0.0,0.0,0.0,0.0,0.0,0.0,0.0,0.0,0.0,0.0,0.0,0.0,0.0,0.0,0.0,0.0,0.0,0.0,0.0,0.0,0.0,0.0,0.0,0.0,0.0,0.0,0.0,0.0,0.0,0.0,0.0,0.0,0.0,0.0,0.0,0.0,0.0,0.0,0.0,0.0,0.0,0.0,0.0,0.0,0.0,0.0,0.0,0.0,0.0,0.0,0.0,0.0,0.0,0.0,0.0
13,14,0.00020399999999999997,6.000000000000001e-06,3.0000000000000005e-06,0.0,0.0,0.0,0.0,0.0,0.0,0.0,0.0006820000000000001,0.000585,1.0000000000000002e-06,1.0000000000000002e-06,0.0,0.0,0.0,0.0,0.0,0.0,0.028808999999999994,0.000291,0.000291,0.0,0.0,0.0,0.0,0.0,0.0,0.0,0.028227000000000002,0.028227000000000002,0.0,0.0,0.0,0.0,0.0,0.0,0.0,0.0,0.912673,0.0,0.0,0.0,0.0,0.0,0.0,0.0,0.0,0.0,0.0,0.0,0.0,0.0,0.0,0.0,0.0,0.0,0.0,0.0,0.0,0.0,0.0,0.0,0.0,0.0,0.0,0.0,0.0,0.0,0.0,0.0,0.0,0.0,0.0,0.0,0.0,0.0,0.0,0.0,0.0,0.0,0.0,0.0,0.0,0.0,0.0,0.0,0.0,0.0,0.0,0.0,0.0,0.0,0.0,0.0,0.0,0.0,0.0,0.0
14,15,1.096e-05,7.98e-06,1.0000000000000001e-07,4.000000000000001e-08,0.0,0.0,0.0,0.0,0.0,0.0,0.00049864,1.5560000000000003e-05,1.1680000000000002e-05,1.0000000000000002e-08,1.0000000000000002e-08,0.0,0.0,0.0,0.0,0.0,0.00123481,0.00114072,3.88e-06,3.88e-06,0.0,0.0,0.0,0.0,0.0,0.0,0.037635999999999996,0.0005645400000000001,0.0005645400000000001,0.0,0.0,0.0,0.0,0.0,0.0,0.0,0.03650692,0.03650692,0.0,0.0,0.0,0.0,0.0,0.0,0.0,0.0,0.8852928099999999,0.0,0.0,0.0,0.0,0.0,0.0,0.0,0.0,0.0,0.0,0.0,0.0,0.0,0.0,0.0,0.0,0.0,0.0,0.0,0.0,0.0,0.0,0.0,0.0,0.0,0.0,0.0,0.0,0.0,0.0,0.0,0.0,0.0,0.0,0.0,0.0,0.0,0.0,0.0,0.0,0.0,0.0,0.0,0.0,0.0,0.0,0.0,0.0,0.0
15,16,5.2853999999999986e-06,3.4600000000000005e-07,1.98e-07,1.5000000000000002e-09,5.000000000000001e-10,0.0,0.0,0.0,0.0,0.0,2.81213e-05,2.4251000000000002e-05,2.9150000000000004e-07,1.945e-07,1.0000000000000002e-10,1.0000000000000002e-10,0.0,0.0,0.0,0.0,0.0008837960999999999,3.312550000000001e-05,2.8421000000000005e-05,4.8500000000000004e-08,4.8500000000000004e-08,0.0,0.0,0.0,0.0,0.0,0.0019448402999999999,0.0018535729999999999,9.409000000000001e-06,9.409000000000001e-06,0.0,0.0,0.0,0.0,0.0,0.0,0.04608998649999999,0.0009126730000000001,0.0009126730000000001,0.0,0.0,0.0,0.0,0.0,0.0,0.0,0.044264640499999994,0.044264640499999994,0.0,0.0,0.0,0.0,0.0,0.0,0.0,0.0,0.8587340256999999,0.0,0.0,0.0,0.0,0.0,0.0,0.0,0.0,0.0,0.0,0.0,0.0,0.0,0.0,0.0,0.0,0.0,0.0,0.0,0.0,0.0,0.0,0.0,0.0,0.0,0.0,0.0,0.0,0.0,0.0,0.0,0.0,0.0,0.0,0.0,0.0,0.0,0.0,0.0
16,17,3.9038100000000006e-07,5.374787999999998e-06,3.4053000000000005e-07,1.94025e-07,1.4610000000000004e-09,4.860000000000001e-10,0.0,0.0,0.0,0.0,9.414537999999998e-06,2.7615291000000005e-05,2.3811605e-05,2.83256e-07,1.89156e-07,9.700000000000001e-11,9.700000000000001e-11,0.0,0.0,0.0,2.8898832e-05,0.0008763446669999999,3.222922500000001e-05,2.7664890000000003e-05,4.7046e-08,4.7046e-08,0.0,0.0,0.0,0.0,0.0005077219589999999,0.0018960471659999999,0.00180747084,9.127215e-06,9.127215e-06,0.0,0.0,0.0,0.0,0.0,0.0009321214029999999,0.04517759576999999,0.0008853869000000001,0.0008853869000000001,0.0,0.0,0.0,0.0,0.0,0.0,0.009933532932,0.04294582801499999,0.04294582801499999,0.0,0.0,0.0,0.0,0.0,0.0,0.0,0.009029986662,0.833414651334,0.0,0.0,0.0,0.0,0.0,0.0,0.0,0.0,0.008587340257,0.0,0.0,0.0,0.0,0.0,0.0,0.0,0.0,0.0,0.0,0.0,0.0,0.0,0.0,0.0,0.0,0.0,0.0,0.0,0.0,0.0,0.0,0.0,0.0,0.0,0.0,0.0,0.0,0.0
17,18,1.5570088e-07,7.1197566e-07,5.4570059599999975e-06,3.3510152000000004e-07,1.9011528e-07,1.4230000000000004e-09,4.723900000000002e-10,0.0,0.0,0.0,6.6319042e-07,1.8187412459999996e-05,2.7115362380000004e-05,2.337773756e-05,2.7524436e-07,1.8395761e-07,9.409000000000001e-11,9.409000000000001e-11,0.0,0.0,1.4223799959999998e-05,4.759078385999999e-05,0.0008686438003399999,3.135692342e-05,2.6928577470000004e-05,4.563559e-08,4.563559e-08,0.0,0.0,0.0,3.36478936e-05,0.0009711044129999997,0.0018484331844200001,0.00176246850485,8.85386901e-06,8.85386901e-06,0.0,0.0,0.0,0.0,0.0005655097206399999,0.0013614303817199996,0.04427865475444999,0.0008589165651500002,0.0008589165651500002,0.0,0.0,0.0,0.0,0.0,0.00062841469012,0.01885090769523,0.04166630704354999,0.04166630704354999,0.0,0.0,0.0,0.0,0.0,0.0,0.00860965511185,0.00918854534229,0.8088416700741299,0.0,0.0,0.0,0.0,0.0,0.0,0.0,0.00017617326919,0.016663866562629998,0.0,0.0,0.0,0.0,0.0,0.0,0.0,0.0,8.587340257e-05,0.0,0.0,0.0,0.0,0.0,0.0,0.0,0.0,0.0,0.0,0.0,0.0,0.0,0.0,0.0,0.0,0.0,0.0,0.0
18,20,7.606261883999999e-09,4.4477316144e-08,7.14441899952e-07,1.3139365144080002e-06,5.601009750947997e-06,3.2437596060000003e-07,1.8248970141599995e-07,1.3498998210000004e-09,4.462970970000001e-10,0.0,2.7078993204e-08,9.162081214679998e-07,2.284285451976e-06,3.471001817695799e-05,2.6133978356190003e-05,2.2526716238916003e-05,2.59892246373e-07,1.7398205422499994e-07,8.8529281e-11,8.8529281e-11,4.95148582068e-07,2.250844890696e-06,5.4389126565221984e-05,8.1866161593726e-05,0.0008525678917579978,2.9681728663937998e-05,2.5513326901572002e-05,4.2940351977e-08,4.2940351977e-08,0.0,1.0790914210320001e-06,4.169947743457199e-05,9.957188644033198e-05,0.0018284611397432213,0.001756635661383186,0.0016756655753356678,8.331490691363998e-06,8.331490691363998e-06,0.0,0.0,1.5178308549587999e-05,5.472594721081199e-05,0.0018742394423906996,0.0021419954777260495,0.042521143732409436,0.0008083263657719882,0.0008083263657719882,0.0,0.0,0.0,1.6301878602657e-05,0.000730125803838612,0.0016129611556647539,0.03510436100033345,0.039220492164026996,0.039220492164026996,0.0,0.0,0.0,0.0,0.000175228583415897,0.000287687554151325,0.024655868975679254,0.009453914560862047,0.7618475396210501,0.0,0.0,0.0,0.0,0.0,7.0677755885169996e-06,0.000660667343302788,0.00034818583932565204,0.03137472707892104,0.0,0.0,0.0,0.0,0.0,0.0,5.087707503249e-06,5.1695879614440006e-06,0.00048496146280054795,0.0,0.0,0.0,0.0,0.0,0.0,0.0,4.337934769e-08,3.332330666121e-06,0.0,0.0,0.0,0.0,0.0,0.0,0.0,0.0
19,21,8.6768833116e-10,1.682733599448e-08,4.35714118248e-08,4.2339406342265986e-07,3.3373300582145997e-07,2.863459165188e-07,7.681078082099998e-09,3.5826795255899987e-09,1.8847261990000005e-11,5.348263780000001e-12,2.1762430994879995e-08,8.876509001844e-08,1.5931621715899198e-06,2.37736267299468e-06,1.4531025720158276e-05,8.7540067444701e-07,6.591552623206499e-07,4.33861410268e-09,2.6030175389199997e-09,1.7705856199999999e-12,6.451747234584e-08,1.8545594036425793e-06,4.05264581766426e-06,6.102289921231366e-05,4.4031794521912806e-05,4.73883826917009e-05,6.326570760546e-07,5.076401720473799e-07,5.1527692234e-10,5.1527692234e-10,1.05986289865788e-06,3.7370887946968794e-06,9.020145336395025e-05,0.0001193922070014099,0.001287243559480141,5.452421198248524e-05,4.967116141251504e-05,1.2496704833132999e-07,1.2496704833132999e-07,0.0,1.90878002203161e-06,6.664392865932383e-05,0.00013468155565313819,0.0025686047473022604,0.0021256447316169405,0.002450895230697682,1.616480962834296e-05,1.616480962834296e-05,0.0,0.0,2.393952195167202e-05,7.225367467867499e-05,0.002422915816917492,0.002580609292199806,0.04960723334829126,0.0011762814964390985,0.0011762814964390985,0.0,0.0,0.0,2.051266137613468e-05,0.0009631396787474332,0.0016654702005382013,0.042230011527079954,0.0381384165447148,0.045662352795316684,0.0,0.0,0.0,0.0,0.00017669995417736567,0.0002826611595555414,0.024241396465259118,0.009173778982429442,0.7393058607032078,0.0,0.0,0.0,0.0,0.0,6.95874906898532e-06,0.0006457811380134037,0.0003377919600254969,0.030438334881181417,0.0,0.0,0.0,0.0,0.0,0.0,5.01091134554894e-06,8.24729486221495e-06,0.0004704459422231927,0.0,0.0,0.0,0.0,0.0,0.0,0.0
20,22,0.0,0.0,0.0,0.0,0.0,0.0,0.0,0.0,0.0,0.0,0.0,0.0,0.0,0.0,0.0,0.0,0.0,0.0,0.0,0.0,1.0,0.0,0.0,0.0,0.0,0.0,0.0,0.0,0.0,0.0,0.0,0.0,0.0,0.0,0.0,0.0,0.0,0.0,0.0,0.0,0.0,0.0,0.0,0.0,0.0,0.0,0.0,0.0,0.0,0.0,0.0,0.0,0.0,0.0,0.0,0.0,0.0,0.0,0.0,0.0,0.0,0.0,0.0,0.0,0.0,0.0,0.0,0.0,0.0,0.0,0.0,0.0,0.0,0.0,0.0,0.0,0.0,0.0,0.0,0.0,0.0,0.0,0.0,0.0,0.0,0.0,0.0,0.0,0.0,0.0,0.0,0.0,0.0,0.0,0.0,0.0,0.0,0.0,0.0,0.0
21,23,0.0,0.0,0.0,0.0,0.0,0.0,0.0,0.0,0.0,0.0,0.01,0.0,0.0,0.0,0.0,0.0,0.0,0.0,0.0,0.0,0.01,0.01,0.0,0.0,0.0,0.0,0.0,0.0,0.0,0.0,0.97,0.0,0.0,0.0,0.0,0.0,0.0,0.0,0.0,0.0,0.0,0.0,0.0,0.0,0.0,0.0,0.0,0.0,0.0,0.0,0.0,0.0,0.0,0.0,0.0,0.0,0.0,0.0,0.0,0.0,0.0,0.0,0.0,0.0,0.0,0.0,0.0,0.0,0.0,0.0,0.0,0.0,0.0,0.0,0.0,0.0,0.0,0.0,0.0,0.0,0.0,0.0,0.0,0.0,0.0,0.0,0.0,0.0,0.0,0.0,0.0,0.0,0.0,0.0,0.0,0.0,0.0,0.0,0.0,0.0
22,24,0.0001,0.0,0.0,0.0,0.0,0.0,0.0,0.0,0.0,0.0,0.0002,0.0002,0.0,0.0,0.0,0.0,0.0,0.0,0.0,0.0,0.0196,0.0001,0.0001,0.0,0.0,0.0,0.0,0.0,0.0,0.0,0.0194,0.0194,0.0,0.0,0.0,0.0,0.0,0.0,0.0,0.0,0.9409,0.0,0.0,0.0,0.0,0.0,0.0,0.0,0.0,0.0,0.0,0.0,0.0,0.0,0.0,0.0,0.0,0.0,0.0,0.0,0.0,0.0,0.0,0.0,0.0,0.0,0.0,0.0,0.0,0.0,0.0,0.0,0.0,0.0,0.0,0.0,0.0,0.0,0.0,0.0,0.0,0.0,0.0,0.0,0.0,0.0,0.0,0.0,0.0,0.0,0.0,0.0,0.0,0.0,0.0,0.0,0.0,0.0,0.0,0.0
23,25,4.000000000000001e-06,3.0000000000000005e-06,0.0,0.0,0.0,0.0,0.0,0.0,0.0,0.0,0.00029699999999999996,3.0000000000000005e-06,3.0000000000000005e-06,0.0,0.0,0.0,0.0,0.0,0.0,0.0,0.000585,0.000585,1.0000000000000002e-06,1.0000000000000002e-06,0.0,0.0,0.0,0.0,0.0,0.0,0.028808999999999994,0.000291,0.000291,0.0,0.0,0.0,0.0,0.0,0.0,0.0,0.028227000000000002,0.028227000000000002,0.0,0.0,0.0,0.0,0.0,0.0,0.0,0.0,0.912673,0.0,0.0,0.0,0.0,0.0,0.0,0.0,0.0,0.0,0.0,0.0,0.0,0.0,0.0,0.0,0.0,0.0,0.0,0.0,0.0,0.0,0.0,0.0,0.0,0.0,0.0,0.0,0.0,0.0,0.0,0.0,0.0,0.0,0.0,0.0,0.0,0.0,0.0,0.0,0.0,0.0,0.0,0.0,0.0,0.0,0.0,0.0,0.0,0.0
24,27,1.899e-07,3.1067999999999996e-06,9.800000000000003e-08,5.86e-08,0.0,0.0,0.0,0.0,0.0,0.0,6.154499999999999e-06,1.24663e-05,1.1524999999999999e-05,3.8900000000000004e-08,3.8900000000000004e-08,0.0,0.0,0.0,0.0,0.0,1.75301e-05,0.0005818851999999999,1.13689e-05,1.13689e-05,9.700000000000001e-09,9.700000000000001e-09,0.0,0.0,0.0,0.0,0.00040505319999999996,0.0011122993999999999,0.0011122993999999999,3.7636999999999996e-06,3.7636999999999996e-06,0.0,0.0,0.0,0.0,0.0,0.0007584817999999999,0.036889041799999994,0.0005476426000000001,0.0005476426000000001,0.0,0.0,0.0,0.0,0.0,0.0,0.009959426499999998,0.03541735779999999,0.03541735779999999,0.0,0.0,0.0,0.0,0.0,0.0,0.0,0.0092179973,0.8590990948999999,0.0,0.0,0.0,0.0,0.0,0.0,0.0,0.0,0.008852928099999999,0.0,0.0,0.0,0.0,0.0,0.0,0.0,0.0,0.0,0.0,0.0,0.0,0.0,0.0,0.0,0.0,0.0,0.0,0.0,0.0,0.0,0.0,0.0,0.0,0.0,0.0,0.0,0.0,0.0
25,29,8.97144e-09,2.4758227999999996e-07,4.850247400000001e-07,3.1509714399999997e-06,9.410456000000003e-08,5.589237e-08,0.0,0.0,0.0,0.0,2.2501084e-07,7.6164402e-07,1.7479032979999997e-05,1.1953146140000003e-05,1.1066706749999999e-05,3.678919000000001e-08,3.678919000000001e-08,0.0,0.0,0.0,6.1768826e-07,2.3467537899999997e-05,3.859289166e-05,0.0005695763400899999,1.0770958570000003e-05,1.0770958570000003e-05,9.12673e-09,9.12673e-09,0.0,0.0,1.2918937759999997e-05,4.443987622e-05,0.00113350667487,0.0010574811029099998,0.0010574811029099998,3.5414535099999996e-06,3.5414535099999996e-06,0.0,0.0,0.0,2.1630866559999997e-05,0.0010247821926299997,0.0014330665598899996,0.03542831046389001,0.0005153499390899999,0.0005153499390899999,0.0,0.0,0.0,0.0,0.00028879645784999996,0.00098455110293,0.02744739521717,0.03333481659682999,0.03333481659682999,0.0,0.0,0.0,0.0,0.0,0.00018901167314999996,0.01730348888883,0.009360365165149999,0.80901348989699,0.0,0.0,0.0,0.0,0.0,0.0,0.00026318864208999996,0.00026824428596999996,0.02499978422613,0.0,0.0,0.0,0.0,0.0,0.0,0.0,2.6923853500000003e-06,0.00025765671463,0.0,0.0,0.0,0.0,0.0,0.0,0.0,0.0,8.8529281e-07,0.0,0.0,0.0,0.0,0.0,0.0,0.0,0.0,0.0
26,32,2.7036815219999995e-10,1.32625565328e-09,2.44225575486e-08,3.918015138293999e-08,3.556411238585399e-07,1.5574324361028004e-07,1.4003284217927998e-07,1.7844135568500003e-09,8.809576132500001e-10,0.0,1.0710304322400002e-09,3.890598903426e-08,8.477511485082e-08,1.5610844747047197e-06,1.40638788923952e-06,9.041194841124899e-06,3.0408486275892004e-07,2.603303017389e-07,4.3379347690000003e-10,4.3379347690000003e-10,2.2622337675599997e-08,9.029540723772e-08,2.4581433979778402e-06,3.3070044590734797e-06,5.1098124643762194e-05,2.1842688382173806e-05,2.6028785845057046e-05,1.6919734438180005e-07,1.6919734438180005e-07,1.7174680513999997e-10,4.942473660128999e-08,2.1088352019741596e-06,4.222947478199999e-06,9.909914242009985e-05,8.685753687672904e-05,0.0009082614756038248,2.48334112255005e-05,2.48334112255005e-05,4.1653026710499995e-08,4.1653026710499995e-08,8.194087955693397e-07,3.08547707494914e-06,9.959933599693654e-05,0.00013060750487365312,0.002527108734667782,0.0013139560700165106,0.0016338173199092467,8.081975374142848e-06,8.081975374142848e-06,0.0,1.04326749176404e-06,5.4096553600438046e-05,9.611926620336246e-05,0.0030056041370262144,0.00239109467510905,0.041352288849092554,0.0007841598897057417,0.0007841598897057417,0.0,0.0,1.20189600193825e-05,3.6597834067857155e-05,0.0016484108796982668,0.0018384845828245179,0.049917498760506565,0.030528024412162017,0.038051960662763895,0.0,0.0,0.0,4.92703744191962e-06,0.00044266779007028,0.00038524106839592047,0.03258296292941734,0.009174670280181511,0.7393843183540588,0.0,0.0,0.0,0.0,8.598117977955069e-06,1.3268244755787456e-05,0.0012139135914341734,0.00042428287850718437,0.03805196066276391,0.0,0.0,0.0,0.0,0.0,2.5918168451494e-07,1.6599950186029588e-05,1.649589562353285e-05,0.000784159889705742,0.0,0.0,0.0,0.0,0.0,0.0
27,33,0.0,0.0,0.0,0.0,0.0,0.0,0.0,0.0,0.0,0.0,0.0,0.0,0.0,0.0,0.0,0.0,0.0,0.0,0.0,0.0,0.0,0.0,0.0,0.0,0.0,0.0,0.0,0.0,0.0,0.0,1.0,0.0,0.0,0.0,0.0,0.0,0.0,0.0,0.0,0.0,0.0,0.0,0.0,0.0,0.0,0.0,0.0,0.0,0.0,0.0,0.0,0.0,0.0,0.0,0.0,0.0,0.0,0.0,0.0,0.0,0.0,0.0,0.0,0.0,0.0,0.0,0.0,0.0,0.0,0.0,0.0,0.0,0.0,0.0,0.0,0.0,0.0,0.0,0.0,0.0,0.0,0.0,0.0,0.0,0.0,0.0,0.0,0.0,0.0,0.0,0.0,0.0,0.0,0.0,0.0,0.0,0.0,0.0,0.0,0.0
28,34,0.0,0.0,0.0,0.0,0.0,0.0,0.0,0.0,0.0,0.0,0.0,0.0,0.0,0.0,0.0,0.0,0.0,0.0,0.0,0.0,0.01,0.0,0.0,0.0,0.0,0.0,0.0,0.0,0.0,0.0,0.01,0.01,0.0,0.0,0.0,0.0,0.0,0.0,0.0,0.0,0.97,0.0,0.0,0.0,0.0,0.0,0.0,0.0,0.0,0.0,0.0,0.0,0.0,0.0,0.0,0.0,0.0,0.0,0.0,0.0,0.0,0.0,0.0,0.0,0.0,0.0,0.0,0.0,0.0,0.0,0.0,0.0,0.0,0.0,0.0,0.0,0.0,0.0,0.0,0.0,0.0,0.0,0.0,0.0,0.0,0.0,0.0,0.0,0.0,0.0,0.0,0.0,0.0,0.0,0.0,0.0,0.0,0.0,0.0,0.0
29,35,0.0,0.0,0.0,0.0,0.0,0.0,0.0,0.0,0.0,0.0,0.0001,0.0,0.0,0.0,0.0,0.0,0.0,0.0,0.0,0.0,0.0002,0.0002,0.0,0.0,0.0,0.0,0.0,0.0,0.0,0.0,0.0196,0.0001,0.0001,0.0,0.0,0.0,0.0,0.0,0.0,0.0,0.0194,0.0194,0.0,0.0,0.0,0.0,0.0,0.0,0.0,0.0,0.9409,0.0,0.0,0.0,0.0,0.0,0.0,0.0,0.0,0.0,0.0,0.0,0.0,0.0,0.0,0.0,0.0,0.0,0.0,0.0,0.0,0.0,0.0,0.0,0.0,0.0,0.0,0.0,0.0,0.0,0.0,0.0,0.0,0.0,0.0,0.0,0.0,0.0,0.0,0.0,0.0,0.0,0.0,0.0,0.0,0.0,0.0,0.0,0.0,0.0
30,36,1.0000000000000002e-06,0.0,0.0,0.0,0.0,0.0,0.0,0.0,0.0,0.0,3.0000000000000005e-06,3.0000000000000005e-06,0.0,0.0,0.0,0.0,0.0,0.0,0.0,0.0,0.00029699999999999996,3.0000000000000005e-06,3.0000000000000005e-06,0.0,0.0,0.0,0.0,0.0,0.0,0.0,0.000585,0.000585,1.0000000000000002e-06,1.0000000000000002e-06,0.0,0.0,0.0,0.0,0.0,0.0,0.028808999999999994,0.000291,0.000291,0.0,0.0,0.0,0.0,0.0,0.0,0.0,0.028227000000000002,0.028227000000000002,0.0,0.0,0.0,0.0,0.0,0.0,0.0,0.0,0.912673,0.0,0.0,0.0,0.0,0.0,0.0,0.0,0.0,0.0,0.0,0.0,0.0,0.0,0.0,0.0,0.0,0.0,0.0,0.0,0.0,0.0,0.0,0.0,0.0,0.0,0.0,0.0,0.0,0.0,0.0,0.0,0.0,0.0,0.0,0.0,0.0,0.0,0.0,0.0
31,37,5.000000000000001e-08,1e-06,0.0,0.0,0.0,0.0,0.0,0.0,0.0,0.0,3.0399999999999997e-06,2.9400000000000007e-06,2.9400000000000007e-06,0.0,0.0,0.0,0.0,0.0,0.0,0.0,8.88e-06,0.00029399999999999994,2.9200000000000004e-06,2.9200000000000004e-06,0.0,0.0,0.0,0.0,0.0,0.0,0.00030275999999999995,0.0005704000000000001,0.0005704000000000001,9.7e-07,9.7e-07,0.0,0.0,0.0,0.0,0.0,0.00057912,0.028235759999999995,0.00028228,0.00028228,0.0,0.0,0.0,0.0,0.0,0.0,0.00997936,0.0273831,0.0273831,0.0,0.0,0.0,0.0,0.0,0.0,0.0,0.009408999999999999,0.88557508,0.0,0.0,0.0,0.0,0.0,0.0,0.0,0.0,0.00912673,0.0,0.0,0.0,0.0,0.0,0.0,0.0,0.0,0.0,0.0,0.0,0.0,0.0,0.0,0.0,0.0,0.0,0.0,0.0,0.0,0.0,0.0,0.0,0.0,0.0,0.0,0.0,0.0,0.0
32,38,4.139999999999999e-08,8.790000000000001e-08,9.994000000000001e-07,0.0,0.0,0.0,0.0,0.0,0.0,0.0,1.491e-07,5.9281999999999986e-06,2.8810000000000005e-06,2.8810000000000005e-06,0.0,0.0,0.0,0.0,0.0,0.0,6.086799999999998e-06,1.43762e-05,0.0002909425999999999,2.8421000000000003e-06,2.8421000000000003e-06,0.0,0.0,0.0,0.0,0.0,1.46116e-05,0.0005846787999999999,0.0005561497,0.0005561497,9.409e-07,9.409e-07,0.0,0.0,0.0,0.0,0.0003909699999999999,0.0008441042000000001,0.02767104499999999,0.0002738213,0.0002738213,0.0,0.0,0.0,0.0,0.0,0.0004735058,0.0190919186,0.0265644298,0.0265644298,0.0,0.0,0.0,0.0,0.0,0.0,0.009140901699999999,0.009400561,0.8592816585999999,0.0,0.0,0.0,0.0,0.0,0.0,0.0,0.00018535729999999997,0.017708678899999997,0.0,0.0,0.0,0.0,0.0,0.0,0.0,0.0,9.12673e-05,0.0,0.0,0.0,0.0,0.0,0.0,0.0,0.0,0.0,0.0,0.0,0.0,0.0,0.0,0.0,0.0,0.0,0.0,0.0
33,40,2.3876399999999994e-09,8.62664e-09,2.0521239999999991e-07,1.5855718000000003e-07,9.9651107e-07,0.0,0.0,0.0,0.0,0.0,7.955679999999999e-09,3.5367923999999986e-07,5.3364266e-07,1.1354169169999996e-05,2.7659637300000002e-06,2.7659637300000002e-06,0.0,0.0,0.0,0.0,2.5157455999999994e-07,8.2368262e-07,2.5766615669999994e-05,2.4455037630000003e-05,0.0002846763633899999,2.69238535e-06,2.69238535e-06,0.0,0.0,0.0,5.5867178e-07,2.6862136089999995e-05,4.401526617e-05,0.0011061995343299997,0.0005286669643300001,0.0005286669643300001,8.8529281e-07,8.8529281e-07,0.0,0.0,1.170885673e-05,3.6199320630000005e-05,0.0013833509027099998,0.0013257242539500003,0.02656719285266999,0.00025765671463,0.00025765671463,0.0,0.0,0.0,1.327599711e-05,0.00074558924127,0.0011650413154099999,0.03569124186389,0.02499978422613,0.02499978422613,0.0,0.0,0.0,0.0,0.00018581735481,0.00029109698260999995,0.026164606500049994,0.009360365165149999,0.80901348989699,0.0,0.0,0.0,0.0,0.0,7.3983374700000006e-06,0.0007017576744299999,0.00035943000994999996,0.03333481659682999,0.0,0.0,0.0,0.0,0.0,0.0,5.4055704099999996e-06,5.4212805299999996e-06,0.0005153499390899999,0.0,0.0,0.0,0.0,0.0,0.0,0.0,4.591592e-08,3.54145351e-06,0.0,0.0,0.0,0.0,0.0,0.0,0.0,0.0
34,41,2.1357599999999997e-10,5.699059199999998e-09,9.0603888e-09,1.2714449819999996e-07,3.9210319800000004e-08,3.762474800000001e-08,0.0,0.0,0.0,0.0,8.448105599999998e-09,2.2020650400000003e-08,5.738006687999999e-07,4.3134690480000007e-07,3.954580700799999e-06,5.45834908e-08,5.45834908e-08,0.0,0.0,0.0,2.4056299199999997e-08,8.718721259999998e-07,1.2105732444000001e-06,2.5179969228799992e-05,8.241128691200001e-06,1.08433419488e-05,3.57767816e-08,3.57767816e-08,0.0,0.0,6.353239691999998e-07,1.6067047272e-06,5.0157742931199986e-05,4.2705451345600006e-05,0.0005581566660015998,1.04837035072e-05,1.04837035072e-05,8.8529281e-09,8.8529281e-09,0.0,1.1537533713e-06,4.74627620144e-05,6.79644570848e-05,0.0017094314044927995,0.0007786386073472,0.0010310532933344,3.435301172e-06,3.435301172e-06,0.0,0.0,2.080441696e-05,4.98074839624e-05,0.0019678647516808,0.0016412044333984001,0.03446722222695999,0.0004999248554524,0.0004999248554524,0.0,0.0,0.0,1.77208439456e-05,0.0009937433793248,0.0012301989975247996,0.043305633737912,0.0243433943509976,0.032339925598316,0.0,0.0,0.0,0.0,0.00018738844998880002,0.0002860865694111999,0.025725187547151994,0.009083148510294998,0.7850764333660485,0.0,0.0,0.0,0.0,0.0,7.2851150145e-06,0.0006859479138271999,0.00034870132245679996,0.032339925598315986,0.0,0.0,0.0,0.0,0.0,0.0,5.323815434399999e-06,8.694311177999999e-06,0.0004999248554523999,0.0,0.0,0.0,0.0,0.0,0.0,0.0
35,43,1.413842352e-11,5.004858095399999e-10,1.21035634902e-09,2.2525433775719993e-08,2.1366187895159997e-08,1.9894795845893997e-07,3.869086575978e-08,3.646362279288001e-08,0.0,0.0,3.879851545199999e-10,1.4326887468e-09,4.669375780787999e-08,5.877930751518001e-08,1.1663580766339795e-06,5.686220041412399e-07,3.93408109742736e-06,5.205256134956999e-08,5.205256134956999e-08,0.0,1.01870371425e-09,4.722236977319998e-08,9.420790409952001e-08,2.582526264512339e-06,2.2173873909057e-06,3.491454106248694e-05,7.95956727893346e-06,1.0407989733009301e-05,3.3834120612579994e-08,3.3834120612579994e-08,2.351345972658e-08,8.359206442374e-08,3.1181417829749997e-06,4.01335880817144e-06,9.544129700596988e-05,5.570319968373898e-05,0.0005456385753989182,9.931629059615081e-06,9.931629059615081e-06,1.665944009858e-08,3.9425531571160005e-08,2.03140168172709e-06,3.9528919612569295e-06,0.00012875346718152044,0.00011441451492900504,0.0023114425056960193,0.0007425903289480318,0.0009800873069933883,3.2324466195399394e-06,3.2324466195399394e-06,6.406299182913399e-07,1.9967191797984997e-06,9.337169397277342e-05,0.0001102028240476353,0.0034857014115346136,0.002041376953373896,0.03308740664644212,0.00047044594222319275,0.00047044594222319275,0.0,5.0926394804402e-07,3.363071894098703e-05,5.192266365714155e-05,0.0024915964408458494,0.001842855061990114,0.057279483334533185,0.022914398630579532,0.030438334881181417,0.0,0.0,4.818564185206179e-06,9.140025423716679e-06,0.0008069970137703535,0.00048287202948196236,0.04106976561555504,0.009018646276231463,0.7393058607032078,0.0,0.0,0.0,2.7611916891388e-07,2.5833121485266608e-05,2.139750180808353e-05,0.0019493839645045319,0.0005067404948344258,0.04566235279531668,0.0,0.0,0.0,0.0,2.6501765859818997e-07,7.335914434168199e-07,3.7359138280818944e-05,2.8786132649679772e-05,0.001176281496439098,0.0,0.0,0.0,0.0,0.0
36,44,0.0,0.0,0.0,0.0,0.0,0.0,0.0,0.0,0.0,0.0,0.0,0.0,0.0,0.0,0.0,0.0,0.0,0.0,0.0,0.0,0.0,0.0,0.0,0.0,0.0,0.0,0.0,0.0,0.0,0.0,0.0,0.0,0.0,0.0,0.0,0.0,0.0,0.0,0.0,0.0,1.0,0.0,0.0,0.0,0.0,0.0,0.0,0.0,0.0,0.0,0.0,0.0,0.0,0.0,0.0,0.0,0.0,0.0,0.0,0.0,0.0,0.0,0.0,0.0,0.0,0.0,0.0,0.0,0.0,0.0,0.0,0.0,0.0,0.0,0.0,0.0,0.0,0.0,0.0,0.0,0.0,0.0,0.0,0.0,0.0,0.0,0.0,0.0,0.0,0.0,0.0,0.0,0.0,0.0,0.0,0.0,0.0,0.0,0.0,0.0
37,45,0.0,0.0,0.0,0.0,0.0,0.0,0.0,0.0,0.0,0.0,0.0,0.0,0.0,0.0,0.0,0.0,0.0,0.0,0.0,0.0,0.0,0.0,0.0,0.0,0.0,0.0,0.0,0.0,0.0,0.0,0.01,0.0,0.0,0.0,0.0,0.0,0.0,0.0,0.0,0.0,0.01,0.01,0.0,0.0,0.0,0.0,0.0,0.0,0.0,0.0,0.97,0.0,0.0,0.0,0.0,0.0,0.0,0.0,0.0,0.0,0.0,0.0,0.0,0.0,0.0,0.0,0.0,0.0,0.0,0.0,0.0,0.0,0.0,0.0,0.0,0.0,0.0,0.0,0.0,0.0,0.0,0.0,0.0,0.0,0.0,0.0,0.0,0.0,0.0,0.0,0.0,0.0,0.0,0.0,0.0,0.0,0.0,0.0,0.0,0.0
38,46,0.0,0.0,0.0,0.0,0.0,0.0,0.0,0.0,0.0,0.0,0.0,0.0,0.0,0.0,0.0,0.0,0.0,0.0,0.0,0.0,0.0001,0.0,0.0,0.0,0.0,0.0,0.0,0.0,0.0,0.0,0.0002,0.0002,0.0,0.0,0.0,0.0,0.0,0.0,0.0,0.0,0.0196,0.0001,0.0001,0.0,0.0,0.0,0.0,0.0,0.0,0.0,0.0194,0.0194,0.0,0.0,0.0,0.0,0.0,0.0,0.0,0.0,0.9409,0.0,0.0,0.0,0.0,0.0,0.0,0.0,0.0,0.0,0.0,0.0,0.0,0.0,0.0,0.0,0.0,0.0,0.0,0.0,0.0,0.0,0.0,0.0,0.0,0.0,0.0,0.0,0.0,0.0,0.0,0.0,0.0,0.0,0.0,0.0,0.0,0.0,0.0,0.0
39,47,0.0,0.0,0.0,0.0,0.0,0.0,0.0,0.0,0.0,0.0,1.0000000000000002e-06,0.0,0.0,0.0,0.0,0.0,0.0,0.0,0.0,0.0,3.0000000000000005e-06,9.9e-05,0.0,0.0,0.0,0.0,0.0,0.0,0.0,0.0,0.00020099999999999998,0.000195,0.000195,0.0,0.0,0.0,0.0,0.0,0.0,0.0,0.000393,0.019208999999999997,9.7e-05,9.7e-05,0.0,0.0,0.0,0.0,0.0,0.0,0.009992999999999998,0.018819000000000002,0.018819000000000002,0.0,0.0,0.0,0.0,0.0,0.0,0.0,0.009602999999999999,0.912867,0.0,0.0,0.0,0.0,0.0,0.0,0.0,0.0,0.009408999999999999,0.0,0.0,0.0,0.0,0.0,0.0,0.0,0.0,0.0,0.0,0.0,0.0,0.0,0.0,0.0,0.0,0.0,0.0,0.0,0.0,0.0,0.0,0.0,0.0,0.0,0.0,0.0,0.0,0.0
40,48,1.0000000000000002e-08,0.0,0.0,0.0,0.0,0.0,0.0,0.0,0.0,0.0,4.000000000000001e-08,1.96e-06,0.0,0.0,0.0,0.0,0.0,0.0,0.0,0.0,3.0399999999999997e-06,4.860000000000001e-06,9.797999999999998e-05,0.0,0.0,0.0,0.0,0.0,0.0,0.0,7.92e-06,0.00038999999999999994,0.00019012,0.00019012,0.0,0.0,0.0,0.0,0.0,0.0,0.00029795999999999995,0.0005723200000000001,0.018823839999999998,9.409e-05,9.409e-05,0.0,0.0,0.0,0.0,0.0,0.00038808,0.01920216,0.0182554,0.0182554,0.0,0.0,0.0,0.0,0.0,0.0,0.00941872,0.009503099999999999,0.88566918,0.0,0.0,0.0,0.0,0.0,0.0,0.0,0.00019011999999999998,0.018255399999999998,0.0,0.0,0.0,0.0,0.0,0.0,0.0,0.0,9.408999999999999e-05,0.0,0.0,0.0,0.0,0.0,0.0,0.0,0.0,0.0,0.0,0.0,0.0,0.0,0.0,0.0,0.0,0.0,0.0,0.0
41,49,6.000000000000002e-10,2.93e-08,0.0,0.0,0.0,0.0,0.0,0.0,0.0,0.0,5.049999999999999e-08,8.740000000000001e-08,2.881e-06,0.0,0.0,0.0,0.0,0.0,0.0,0.0,1.5860000000000003e-07,7.848199999999999e-06,6.615400000000001e-06,9.694179999999997e-05,0.0,0.0,0.0,0.0,0.0,0.0,6.989199999999998e-06,1.5355400000000002e-05,0.0005694193999999999,0.0001853573,0.0001853573,0.0,0.0,0.0,0.0,0.0,1.26628e-05,0.0006731812,0.0007405465000000001,0.0184445209,9.12673e-05,9.12673e-05,0.0,0.0,0.0,0.0,0.0002930692,0.0006597458,0.027853579399999998,0.0177086789,0.0177086789,0.0,0.0,0.0,0.0,0.0,0.00019500019999999998,0.018367425800000003,0.009400560999999998,0.8592816585999999,0.0,0.0,0.0,0.0,0.0,0.0,0.00027958329999999996,0.00027944739999999997,0.026564429799999997,0.0,0.0,0.0,0.0,0.0,0.0,0.0,2.8421e-06,0.00027382129999999993,0.0,0.0,0.0,0.0,0.0,0.0,0.0,0.0,9.408999999999999e-07,0.0,0.0,0.0,0.0,0.0,0.0,0.0,0.0,0.0
42,50,8.099999999999999e-10,1.7490000000000005e-09,5.7231000000000005e-08,0.0,0.0,0.0,0.0,0.0,0.0,0.0,2.9710000000000006e-09,1.5656999999999998e-07,1.5093200000000002e-07,3.7639879999999995e-06,0.0,0.0,0.0,0.0,0.0,0.0,1.5046499999999996e-07,3.7442400000000004e-07,1.4305175999999997e-05,8.270511000000002e-06,9.588711899999996e-05,0.0,0.0,0.0,0.0,0.0,3.5166000000000007e-07,1.9284012e-05,2.4219930000000004e-05,0.0007396050179999999,0.000180709254,0.000180709254,0.0,0.0,0.0,0.0,9.859023999999999e-06,2.6439393e-05,0.001121660961,0.0008981831400000001,0.018071038308000005,8.8529281e-05,8.8529281e-05,0.0,0.0,0.0,1.1604780000000001e-05,0.000753218988,0.00091845129,0.035972320602,0.017178331206,0.017178331206,0.0,0.0,0.0,0.0,0.00019135078500000005,0.0002925477359999999,0.026953399704000004,0.009295630958999998,0.8336802956309999,0.0,0.0,0.0,0.0,0.0,7.5687300000000005e-06,0.00072325257,0.00036506958799999997,0.034360313492,0.0,0.0,0.0,0.0,0.0,0.0,5.571875999999999e-06,5.551311e-06,0.0005312509589999999,0.0,0.0,0.0,0.0,0.0,0.0,0.0,4.7239000000000004e-08,3.6508859999999993e-06,0.0,0.0,0.0,0.0,0.0,0.0,0.0,0.0
43,52,6.17616e-11,1.7392320000000002e-10,4.8795191999999995e-09,3.2604126000000003e-09,4.703093499999998e-08,0.0,0.0,0.0,0.0,0.0,2.2576320000000004e-10,1.1061231599999998e-08,1.23840684e-08,3.6247591519999994e-07,1.005859736e-07,9.942753751999994e-07,0.0,0.0,0.0,0.0,9.4570056e-09,2.4851275200000004e-08,9.252746823999999e-07,6.710764192e-07,1.4651435305599996e-05,1.860027574e-06,2.7099086715999995e-06,0.0,0.0,0.0,2.1459886500000003e-08,1.1349077839999998e-06,1.4616284960000004e-06,4.734247639999999e-05,2.20971192992e-05,0.0002797775634272,2.6204667176e-06,2.6204667176e-06,0.0,0.0,5.793892035999999e-07,1.6022341120000002e-06,6.6691786048e-05,5.58778853392e-05,0.001503083130472,0.0003488426041984,0.000515419299328,8.587340257e-07,8.587340257e-07,0.0,7.398869936000001e-07,4.62678074e-05,5.851124264e-05,0.0023881502570720003,0.0012845122540064004,0.025863161213206403,0.0002499358661192,0.0002499358661192,0.0,0.0,1.2375729500800002e-05,2.8844726672799998e-05,0.0016997117502856002,0.0012299324479648,0.051131903247606386,0.016255836019174,0.024252367266492398,0.0,0.0,0.0,5.041520748900001e-06,0.0004693570480352,0.0003825767639408,0.034567831482257595,0.0089173597201208,0.7849930830423415,0.0,0.0,0.0,0.0,9.1287481848e-06,1.37362993608e-05,0.0012892620623968,0.00043375195032699994,0.04042490699789499,0.0,0.0,0.0,0.0,0.0,2.7355021439999997e-07,1.7635259842799993e-05,1.7354034901199996e-05,0.0008332376068855997,0.0,0.0,0.0,0.0,0.0,0.0
44,54,4.3957730400000004e-12,1.695597282e-11,5.433283030199999e-10,6.9534064044e-10,1.4282287903559994e-08,6.216920537099999e-09,6.381133988753997e-08,0.0,0.0,0.0,1.3663119930000001e-11,7.394407286399999e-10,1.23221394972e-09,4.333072672829999e-08,2.9292210115259998e-08,6.742113691102798e-07,1.309879241676e-07,9.883479754264792e-07,0.0,0.0,4.8105868134e-10,1.5216705107400003e-09,6.694107979703999e-08,7.534516478850001e-08,2.28997353034314e-06,1.13391617933136e-06,1.9337689385045273e-05,1.80102287210061e-06,2.6006759968324493e-06,0.0,9.9145008796e-10,5.676151657317e-08,9.977684919357002e-08,3.877894192372319e-06,3.10426350528792e-06,8.216253030114839e-05,2.7671337086083862e-05,0.00027337094254492665,2.48225657468842e-06,2.48225657468842e-06,2.349462511546e-08,7.226331389998e-08,3.57938954501604e-06,4.18548881618688e-06,0.00014985407503272194,8.64374059447153e-05,0.0019340022528521118,0.0003331424303342122,0.0004898744427816528,1.6159656895622599e-06,2.7063488901380003e-08,1.8045001602991204e-06,2.85766819855248e-06,0.00014118418441894513,0.00010941426383982745,0.003858553109352965,0.00153562752185746,0.024820042621652237,0.00023518131587165386,0.00023518131587165386,4.0186500907822004e-07,1.0103052286090599e-06,6.76017784458144e-05,6.351870761452458e-05,0.0034871794198303957,0.0016738590139976023,0.06431606683175689,0.015299964952116928,0.02282390120271881,0.0,1.4852703315124001e-07,1.3726455977341409e-05,1.430020273035609e-05,0.0012742664446543375,0.0005704018234623626,0.04969437597762341,0.008705731973020246,0.7390705127530957,0.0,0.0,3.2131372176353996e-07,5.8890205500492e-07,5.4600837459025615e-05,3.117446874202992e-05,0.002854287398930498,0.0005827395722349351,0.053267086042067466,0.0,0.0,0.0,1.580623003233e-08,9.236654338307998e-07,1.6267125234185997e-06,6.985796511146693e-05,4.584223552026509e-05,0.0016467357683820577,0.0,0.0,0.0,0.0
45,55,0.0,0.0,0.0,0.0,0.0,0.0,0.0,0.0,0.0,0.0,0.0,0.0,0.0,0.0,0.0,0.0,0.0,0.0,0.0,0.0,0.0,0.0,0.0,0.0,0.0,0.0,0.0,0.0,0.0,0.0,0.0,0.0,0.0,0.0,0.0,0.0,0.0,0.0,0.0,0.0,0.0,0.0,0.0,0.0,0.0,0.0,0.0,0.0,0.0,0.0,1.0,0.0,0.0,0.0,0.0,0.0,0.0,0.0,0.0,0.0,0.0,0.0,0.0,0.0,0.0,0.0,0.0,0.0,0.0,0.0,0.0,0.0,0.0,0.0,0.0,0.0,0.0,0.0,0.0,0.0,0.0,0.0,0.0,0.0,0.0,0.0,0.0,0.0,0.0,0.0,0.0,0.0,0.0,0.0,0.0,0.0,0.0,0.0,0.0,0.0
46,56,0.0,0.0,0.0,0.0,0.0,0.0,0.0,0.0,0.0,0.0,0.0,0.0,0.0,0.0,0.0,0.0,0.0,0.0,0.0,0.0,0.0,0.0,0.0,0.0,0.0,0.0,0.0,0.0,0.0,0.0,0.0,0.0,0.0,0.0,0.0,0.0,0.0,0.0,0.0,0.0,0.01,0.0,0.0,0.0,0.0,0.0,0.0,0.0,0.0,0.0,0.01,0.01,0.0,0.0,0.0,0.0,0.0,0.0,0.0,0.0,0.97,0.0,0.0,0.0,0.0,0.0,0.0,0.0,0.0,0.0,0.0,0.0,0.0,0.0,0.0,0.0,0.0,0.0,0.0,0.0,0.0,0.0,0.0,0.0,0.0,0.0,0.0,0.0,0.0,0.0,0.0,0.0,0.0,0.0,0.0,0.0,0.0,0.0,0.0,0.0
47,57,0.0,0.0,0.0,0.0,0.0,0.0,0.0,0.0,0.0,0.0,0.0,0.0,0.0,0.0,0.0,0.0,0.0,0.0,0.0,0.0,0.0,0.0,0.0,0.0,0.0,0.0,0.0,0.0,0.0,0.0,0.0001,0.0,0.0,0.0,0.0,0.0,0.0,0.0,0.0,0.0,0.0002,0.0098,0.0,0.0,0.0,0.0,0.0,0.0,0.0,0.0,0.01,0.0097,0.0097,0.0,0.0,0.0,0.0,0.0,0.0,0.0,0.0098,0.941,0.0,0.0,0.0,0.0,0.0,0.0,0.0,0.0,0.0097,0.0,0.0,0.0,0.0,0.0,0.0,0.0,0.0,0.0,0.0,0.0,0.0,0.0,0.0,0.0,0.0,0.0,0.0,0.0,0.0,0.0,0.0,0.0,0.0,0.0,0.0,0.0,0.0,0.0
48,58,0.0,0.0,0.0,0.0,0.0,0.0,0.0,0.0,0.0,0.0,0.0,0.0,0.0,0.0,0.0,0.0,0.0,0.0,0.0,0.0,1.0000000000000002e-06,0.0,0.0,0.0,0.0,0.0,0.0,0.0,0.0,0.0,3.0000000000000005e-06,0.000195,0.0,0.0,0.0,0.0,0.0,0.0,0.0,0.0,0.00020099999999999998,0.000291,0.009602999999999999,0.0,0.0,0.0,0.0,0.0,0.0,0.0,0.000297,0.019305000000000003,0.009409,0.009409,0.0,0.0,0.0,0.0,0.0,0.0,0.009705,0.009602999999999999,0.912867,0.0,0.0,0.0,0.0,0.0,0.0,0.0,0.000195,0.018819000000000002,0.0,0.0,0.0,0.0,0.0,0.0,0.0,0.0,9.7e-05,0.0,0.0,0.0,0.0,0.0,0.0,0.0,0.0,0.0,0.0,0.0,0.0,0.0,0.0,0.0,0.0,0.0,0.0,0.0
49,59,0.0,0.0,0.0,0.0,0.0,0.0,0.0,0.0,0.0,0.0,1.0000000000000002e-08,0.0,0.0,0.0,0.0,0.0,0.0,0.0,0.0,0.0,4.000000000000001e-08,2.92e-06,0.0,0.0,0.0,0.0,0.0,0.0,0.0,0.0,4e-06,5.820000000000001e-06,0.00028518,0.0,0.0,0.0,0.0,0.0,0.0,0.0,7.92e-06,0.000486,0.00037636,0.009408999999999999,0.0,0.0,0.0,0.0,0.0,0.0,0.00029508000000000003,0.00048112000000000003,0.028044640000000003,0.00912673,0.00912673,0.0,0.0,0.0,0.0,0.0,0.000198,0.01892376,0.009408999999999999,0.88557508,0.0,0.0,0.0,0.0,0.0,0.0,0.00028816,0.00028518,0.0273831,0.0,0.0,0.0,0.0,0.0,0.0,0.0,2.92e-06,0.00028228000000000004,0.0,0.0,0.0,0.0,0.0,0.0,0.0,0.0,9.7e-07,0.0,0.0,0.0,0.0,0.0,0.0,0.0,0.0,0.0
50,60,1.0000000000000002e-10,0.0,0.0,0.0,0.0,0.0,0.0,0.0,0.0,0.0,5.000000000000001e-10,3.89e-08,0.0,0.0,0.0,0.0,0.0,0.0,0.0,0.0,6.97e-08,9.700000000000001e-08,5.6842e-06,0.0,0.0,0.0,0.0,0.0,0.0,0.0,1.7780000000000002e-07,1.1621000000000001e-05,9.409000000000001e-06,0.00037071459999999995,0.0,0.0,0.0,0.0,0.0,0.0,7.93e-06,1.63154e-05,0.0008488082,0.0004563365,0.0092179973,0.0,0.0,0.0,0.0,0.0,9.8212e-06,0.0007607716000000001,0.0006558073000000001,0.036244408900000004,0.008852928099999999,0.008852928099999999,0.0,0.0,0.0,0.0,0.00019705000000000002,0.000293813,0.027766075399999996,0.0092179973,0.8590990948999999,0.0,0.0,0.0,0.0,0.0,7.7426e-06,0.0007454066000000001,0.00037071459999999995,0.0354173578,0.0,0.0,0.0,0.0,0.0,0.0,5.7433000000000006e-06,5.6842e-06,0.0005476426000000001,0.0,0.0,0.0,0.0,0.0,0.0,0.0,4.86e-08,3.7637e-06,0.0,0.0,0.0,0.0,0.0,0.0,0.0,0.0
51,61,7.000000000000002e-12,3.9e-10,0.0,0.0,0.0,0.0,0.0,0.0,0.0,0.0,1.188e-09,9.750000000000003e-10,5.7231e-08,0.0,0.0,0.0,0.0,0.0,0.0,0.0,3.93e-09,2.11482e-07,9.506000000000002e-08,3.7639879999999995e-06,0.0,0.0,0.0,0.0,0.0,0.0,2.64897e-07,3.5311200000000007e-07,1.7825112e-05,4.657455e-06,9.588711899999998e-05,0.0,0.0,0.0,0.0,0.0,5.13132e-07,2.7447468000000004e-05,2.0411322000000002e-05,0.000822705306,9.309264599999999e-05,0.000180709254,0.0,0.0,0.0,0.0,1.7368528e-05,2.5420353e-05,0.001471056513,0.000629913732,0.0179834217,8.8529281e-05,8.8529281e-05,0.0,0.0,0.0,1.451262e-05,0.001025033772,0.0007349583300000001,0.04437990191400001,0.008679520229999998,0.017178331206,0.0,0.0,0.0,0.0,0.00019872742500000003,0.00028884002399999996,0.027300197207999997,0.008945164527,0.833680295631,0.0,0.0,0.0,0.0,0.0,7.625082999999999e-06,0.000728615898,0.00035965000399999997,0.034360313492,0.0,0.0,0.0,0.0,0.0,0.0,5.656266000000001e-06,9.164949e-06,0.000531250959,0.0,0.0,0.0,0.0,0.0,0.0,0.0
52,62,1.592e-11,2.0440000000000006e-11,9.506099999999999e-10,0.0,0.0,0.0,0.0,0.0,0.0,0.0,6.100000000000001e-11,3.8433899999999995e-09,1.8963500000000004e-09,9.315394999999999e-08,0.0,0.0,0.0,0.0,0.0,0.0,4.814970000000001e-09,8.30357e-09,4.2160085e-07,1.3878275e-07,4.609939549999999e-06,0.0,0.0,0.0,0.0,0.0,1.135071e-08,7.1179071e-07,5.941570100000002e-07,2.6513922769999997e-05,5.44865781e-06,9.481759796999998e-05,0.0,0.0,0.0,0.0,4.5594025000000005e-07,9.5958591e-07,4.973991327e-05,2.7075620670000002e-05,0.00098062432755,9.118515942999999e-05,0.00017617326918999997,0.0,0.0,0.0,5.781463300000001e-07,4.208284969e-05,3.851057625e-05,0.0020587851068099997,0.00069962774161,0.01761839474641,8.587340257e-05,8.587340257e-05,0.0,0.0,1.2556423449999999e-05,2.456942847e-05,0.0017257943151899999,0.00089545556499,0.05173692534195,0.008420019915909996,0.01666386656263,0.0,0.0,0.0,5.09705152e-06,0.00048330407103,0.00038057255189,0.03560539640212999,0.008763604793489999,0.80884167007413,0.0,0.0,0.0,0.0,9.406246720000002e-06,1.3972880279999998e-05,0.00132867503765,0.0004383121491499999,0.04166630704355,0.0,0.0,0.0,0.0,0.0,2.8102564e-07,1.817689608e-05,1.779901016e-05,0.00085891656515,0.0,0.0,0.0,0.0,0.0,0.0
53,63,1.1328000000000002e-12,6.358679999999999e-11,4.8296400000000007e-11,1.8536312e-09,0.0,0.0,0.0,0.0,0.0,0.0,8.73528e-11,1.613736e-10,8.885142399999999e-09,3.2272870000000002e-09,1.3645872699999998e-07,0.0,0.0,0.0,0.0,0.0,2.4530250000000004e-10,1.6042870400000002e-08,1.5402824000000002e-08,7.211229871999999e-07,1.891058456e-07,5.419817343199999e-06,0.0,0.0,0.0,0.0,1.18389664e-08,2.66306536e-08,1.4571913576000001e-06,9.029629120000002e-07,3.65190237376e-05,6.197049669999999e-06,9.373480272279998e-05,0.0,0.0,0.0,2.0050232000000002e-08,1.3676075792e-06,1.592601872e-06,7.89069494432e-05,3.42259676384e-05,0.0011300994538591999,8.930833867279999e-05,0.00017174680513999996,0.0,0.0,5.567335972e-07,1.2011978464e-06,7.9163557552e-05,5.357684823519999e-05,0.0027003809977647997,0.0007646096941407999,0.0172591020363616,8.329720049289999e-05,8.329720049289999e-05,0.0,4.280104977e-07,3.46915431056e-05,3.69777325472e-05,0.0025680315542431996,0.0010474244225504,0.0586160568955232,0.008168278052458396,0.016164809299776803,0.0,0.0,5.1036379272e-06,9.1352885808e-06,0.0008554036064488001,0.00047012910040959997,0.04355968353466239,0.008584896848844399,0.7847430586375324,0.0,0.0,0.0,2.8757204160000004e-07,2.7425619366e-05,2.1920530983599995e-05,0.0020701209866288,0.0005127988326103999,0.048504734532984796,0.0,0.0,0.0,0.0,2.8145194080000003e-07,7.72082736e-07,3.9685495327199996e-05,3.0237326998199997e-05,0.001249812138631,0.0,0.0,0.0,0.0,0.0
54,65,1.1847105e-13,6.56638536e-12,9.821673000000001e-12,3.6919547717999995e-10,1.765683531e-10,4.933362634199999e-09,0.0,0.0,0.0,0.0,6.23276802e-12,1.487346636e-11,8.727694720200001e-10,6.431458046400002e-10,2.9796233772719996e-08,7.324912709939999e-09,2.4291195296465997e-07,0.0,0.0,0.0,1.53464002e-11,1.0502850018900001e-09,1.4118794415299999e-09,7.343458994316e-08,4.044108823380001e-08,1.62760630432692e-06,3.0708328759032e-07,6.935135991553198e-06,0.0,0.0,6.0324315694e-10,1.56256530634e-09,9.403781394624001e-08,8.681087336586001e-08,4.1381578989345e-06,1.7330350401710401e-06,5.9987284994065436e-05,7.571715524804609e-06,9.153529362164779e-05,0.0,8.986290578600001e-10,6.55155068604e-08,9.19180054104e-08,5.314665926611681e-06,3.4940699388021603e-06,0.00015883924816351128,4.974079446423138e-05,0.0014049549885651786,8.564618154679977e-05,0.00016321253464578824,2.14168014841e-08,5.162411546926e-08,3.6600957732042e-06,3.2684720206041597e-06,0.00019679782755773566,8.889978046744903e-05,0.004119901634172664,0.0008812510623346847,0.016557650919577678,0.0001567486718875392,1.4677166359960001e-08,1.2405130651898102e-06,1.5398414171682898e-06,0.00011643381574248624,6.822319423322518e-05,0.00462956125293221,0.0013270259062137348,0.07102755394646755,0.007687148785247668,0.015211085035849557,1.5014063633094003e-07,3.0142913614530004e-07,2.806848033097656e-05,2.0131465459640338e-05,0.0018488926933430698,0.0006425868965427681,0.05844937241283613,0.008236002369015437,0.7386783495021899,0.0,1.0939773931770002e-08,1.0343786134185599e-06,1.05144143629596e-06,9.781606464992957e-05,4.232969643923141e-05,0.00393058406664449,0.0006498562482759524,0.060863736540583496,0.0,0.0,1.315274342808e-08,4.7902999466580004e-08,2.22247455062238e-06,3.1208083688487597e-06,0.0001166915468982181,6.835391695287245e-05,0.002195414397041566,0.0,0.0,0.0
55,66,0.0,0.0,0.0,0.0,0.0,0.0,0.0,0.0,0.0,0.0,0.0,0.0,0.0,0.0,0.0,0.0,0.0,0.0,0.0,0.0,0.0,0.0,0.0,0.0,0.0,0.0,0.0,0.0,0.0,0.0,0.0,0.0,0.0,0.0,0.0,0.0,0.0,0.0,0.0,0.0,0.0,0.0,0.0,0.0,0.0,0.0,0.0,0.0,0.0,0.0,0.0,0.0,0.0,0.0,0.0,0.0,0.0,0.0,0.0,0.0,1.0,0.0,0.0,0.0,0.0,0.0,0.0,0.0,0.0,0.0,0.0,0.0,0.0,0.0,0.0,0.0,0.0,0.0,0.0,0.0,0.0,0.0,0.0,0.0,0.0,0.0,0.0,0.0,0.0,0.0,0.0,0.0,0.0,0.0,0.0,0.0,0.0,0.0,0.0,0.0
56,67,0.0,0.0,0.0,0.0,0.0,0.0,0.0,0.0,0.0,0.0,0.0,0.0,0.0,0.0,0.0,0.0,0.0,0.0,0.0,0.0,0.0,0.0,0.0,0.0,0.0,0.0,0.0,0.0,0.0,0.0,0.0,0.0,0.0,0.0,0.0,0.0,0.0,0.0,0.0,0.0,0.0,0.0,0.0,0.0,0.0,0.0,0.0,0.0,0.0,0.0,0.01,0.0,0.0,0.0,0.0,0.0,0.0,0.0,0.0,0.0,0.01,0.97,0.0,0.0,0.0,0.0,0.0,0.0,0.0,0.0,0.01,0.0,0.0,0.0,0.0,0.0,0.0,0.0,0.0,0.0,0.0,0.0,0.0,0.0,0.0,0.0,0.0,0.0,0.0,0.0,0.0,0.0,0.0,0.0,0.0,0.0,0.0,0.0,0.0,0.0
57,68,0.0,0.0,0.0,0.0,0.0,0.0,0.0,0.0,0.0,0.0,0.0,0.0,0.0,0.0,0.0,0.0,0.0,0.0,0.0,0.0,0.0,0.0,0.0,0.0,0.0,0.0,0.0,0.0,0.0,0.0,0.0,0.0,0.0,0.0,0.0,0.0,0.0,0.0,0.0,0.0,0.0001,0.0,0.0,0.0,0.0,0.0,0.0,0.0,0.0,0.0,0.0002,0.0194,0.0,0.0,0.0,0.0,0.0,0.0,0.0,0.0,0.009999999999999998,0.0097,0.9409,0.0,0.0,0.0,0.0,0.0,0.0,0.0,0.0002,0.0194,0.0,0.0,0.0,0.0,0.0,0.0,0.0,0.0,0.0001,0.0,0.0,0.0,0.0,0.0,0.0,0.0,0.0,0.0,0.0,0.0,0.0,0.0,0.0,0.0,0.0,0.0,0.0,0.0
58,69,0.0,0.0,0.0,0.0,0.0,0.0,0.0,0.0,0.0,0.0,0.0,0.0,0.0,0.0,0.0,0.0,0.0,0.0,0.0,0.0,0.0,0.0,0.0,0.0,0.0,0.0,0.0,0.0,0.0,0.0,1.0000000000000002e-06,0.0,0.0,0.0,0.0,0.0,0.0,0.0,0.0,0.0,3.0000000000000005e-06,0.000291,0.0,0.0,0.0,0.0,0.0,0.0,0.0,0.0,0.000297,0.000291,0.028227000000000002,0.0,0.0,0.0,0.0,0.0,0.0,0.0,0.00020099999999999998,0.019496999999999997,0.009409,0.912673,0.0,0.0,0.0,0.0,0.0,0.0,0.000297,0.000291,0.028227000000000002,0.0,0.0,0.0,0.0,0.0,0.0,0.0,3.0000000000000005e-06,0.000291,0.0,0.0,0.0,0.0,0.0,0.0,0.0,0.0,1.0000000000000002e-06,0.0,0.0,0.0,0.0,0.0,0.0,0.0,0.0,0.0
59,70,0.0,0.0,0.0,0.0,0.0,0.0,0.0,0.0,0.0,0.0,0.0,0.0,0.0,0.0,0.0,0.0,0.0,0.0,0.0,0.0,1.0000000000000002e-08,0.0,0.0,0.0,0.0,0.0,0.0,0.0,0.0,0.0,4.000000000000001e-08,3.88e-06,0.0,0.0,0.0,0.0,0.0,0.0,0.0,0.0,5.920000000000001e-06,5.820000000000001e-06,0.0005645400000000001,0.0,0.0,0.0,0.0,0.0,0.0,0.0,7.92e-06,0.00076824,0.00037636,0.03650692,0.0,0.0,0.0,0.0,0.0,0.0,0.00020292,0.00029488,0.028603359999999998,0.00912673,0.8852928099999999,0.0,0.0,0.0,0.0,0.0,7.92e-06,0.00076824,0.00037636,0.03650692,0.0,0.0,0.0,0.0,0.0,0.0,5.920000000000001e-06,5.820000000000001e-06,0.0005645400000000001,0.0,0.0,0.0,0.0,0.0,0.0,0.0,5.000000000000001e-08,3.88e-06,0.0,0.0,0.0,0.0,0.0,0.0,0.0,0.0
60,72,1.0000000000000002e-12,0.0,0.0,0.0,0.0,0.0,0.0,0.0,0.0,0.0,6.000000000000002e-12,4.860000000000001e-10,0.0,0.0,0.0,0.0,0.0,0.0,0.0,0.0,1.4760000000000003e-09,1.0710000000000001e-09,9.457500000000001e-08,0.0,0.0,0.0,0.0,0.0,0.0,0.0,4.026000000000001e-09,3.33594e-07,9.506e-08,9.220820000000001e-06,0.0,0.0,0.0,0.0,0.0,0.0,3.30273e-07,3.91512e-07,3.246396e-05,4.657455e-06,0.000451773135,0.0,0.0,0.0,0.0,0.0,4.0945200000000006e-07,3.771198e-05,1.7682906000000006e-05,0.0017152418819999999,9.3092646e-05,0.009029986661999998,0.0,0.0,0.0,0.0,1.273864e-05,2.0011617e-05,0.0017521677449999998,0.000539587332,0.05233997120399998,8.8529281e-05,0.008587340256999998,0.0,0.0,0.0,5.151277e-06,0.000497668908,0.000378085242,0.036674268473999995,0.008591903621999998,0.833414651334,0.0,0.0,0.0,0.0,9.692198999999999e-06,1.4211005999999998e-05,0.00136929468,0.00044274049500000003,0.04294582801499999,0.0,0.0,0.0,0.0,0.0,2.8870200000000004e-07,1.8735177e-05,1.8254915000000005e-05,0.0008853869,0.0,0.0,0.0,0.0,0.0,0.0
61,73,8.000000000000004e-14,5.830000000000001e-12,0.0,0.0,0.0,0.0,0.0,0.0,0.0,0.0,1.9690000000000002e-11,1.6530000000000003e-11,1.4171700000000004e-09,0.0,0.0,0.0,0.0,0.0,0.0,0.0,6.579000000000001e-11,5.718270000000001e-09,1.98947e-09,1.8394595000000003e-07,0.0,0.0,0.0,0.0,0.0,0.0,6.693690000000001e-09,8.78165e-09,7.4137973e-07,1.3878275e-07,1.3461926750000002e-05,0.0,0.0,0.0,0.0,0.0,1.135263e-08,1.0254601499999998e-06,6.041208500000001e-07,5.3252399569999996e-05,5.44865781e-06,0.00052851980757,0.0,0.0,0.0,0.0,5.119034499999999e-07,7.780287900000001e-07,7.157935647e-05,2.352579315000001e-05,0.0022820019355499995,9.118515943e-05,0.008844960464709999,0.0,0.0,0.0,3.8310986e-07,3.5231967129999995e-05,2.876482329e-05,0.0026068975282499992,0.0006111349675300001,0.059280091850409986,8.587340257e-05,0.008329720049289998,0.0,0.0,5.252510240000001e-06,9.11981734e-06,0.00088069614975,0.00046248499923,0.04486104492530999,0.008335031806149997,0.80849808519655,0.0,0.0,0.0,2.9343183999999995e-07,2.8258420679999997e-05,2.217548234e-05,0.00213327067349,0.00051537731637,0.04999159968788999,0.0,0.0,0.0,0.0,2.900478e-07,7.9205192e-07,4.090248664e-05,3.098854150000001e-05,0.00128828357315,0.0,0.0,0.0,0.0,0.0
62,76,3.559851000000001e-14,7.055346000000002e-14,4.51983528e-12,2.0182305000000003e-12,1.1231353938e-10,0.0,0.0,0.0,0.0,0.0,1.0921756000000002e-13,9.923506290000001e-12,7.263671370000001e-12,6.373600146e-10,1.1707769244000002e-10,1.093159561788e-08,0.0,0.0,0.0,0.0,9.21955018e-12,1.583916532e-11,1.4141563050599997e-09,6.6256446744e-10,5.8724374387439994e-08,7.409900819700001e-09,7.1051653286418e-07,0.0,0.0,0.0,1.6546858100000003e-11,1.53082550064e-09,1.3761716036400003e-09,1.2370155429707997e-07,4.0039804169160014e-08,3.63187125897012e-06,3.0708328759032e-07,2.9787078896261043e-05,0.0,0.0,7.4771699278e-10,1.3947984010600004e-09,1.2878235301248e-07,7.637727090186001e-08,7.019169244567138e-06,1.6160914011412801e-06,0.0001518805086958459,7.571715524804609e-06,0.0007344564059060471,0.0,7.118729100400001e-10,6.710595956228999e-08,6.854062372413002e-08,6.368236912124638e-06,2.76502265762712e-06,0.00025933273936869136,4.3978345658174106e-05,0.004265899528842887,8.564618154679978e-05,0.008307679610039576,1.4481906486899997e-08,2.9124829907580003e-08,2.7284763188175592e-06,1.957136715102e-06,0.0001825716256103193,6.268409316655017e-05,0.005913072901000122,0.0007980871373625734,0.0774144523241696,0.007680684922489419,4.78366145409e-09,4.618525017962401e-07,5.107850644828799e-07,4.923451204759073e-05,2.6237236112793054e-05,0.002535129044662214,0.0006940963360651598,0.06732734459832052,0.007609582432148679,0.7381294959184223,1.2445936632600001e-08,2.4889278749039998e-08,2.3529541074373204e-06,1.6813255410291e-06,0.00015848067615482407,5.44948115421745e-05,0.005180099357009655,0.0007056688934157007,0.06844988266132297,0.0,8.7348001008e-10,4.7192145615300006e-08,1.1310614991414e-07,4.46370717871044e-06,5.427093719959799e-06,0.0001804780355785805,9.697597478827527e-05,0.0028221757904598457,0.0,0.0
63,77,0.0,0.0,0.0,0.0,0.0,0.0,0.0,0.0,0.0,0.0,0.0,0.0,0.0,0.0,0.0,0.0,0.0,0.0,0.0,0.0,0.0,0.0,0.0,0.0,0.0,0.0,0.0,0.0,0.0,0.0,0.0,0.0,0.0,0.0,0.0,0.0,0.0,0.0,0.0,0.0,0.0,0.0,0.0,0.0,0.0,0.0,0.0,0.0,0.0,0.0,0.0,0.0,0.0,0.0,0.0,0.0,0.0,0.0,0.0,0.0,0.0,0.0,0.0,0.0,0.0,0.0,0.0,0.0,0.0,0.0,0.0,0.0,0.0,0.0,0.0,0.0,0.0,0.0,0.0,0.0,0.0,0.0,0.0,0.0,0.0,0.0,0.0,0.0,0.0,0.0,1.0,0.0,0.0,0.0,0.0,0.0,0.0,0.0,0.0,0.0
64,78,0.0,1.0,0.0,0.0,0.0,0.0,0.0,0.0,0.0,0.0,0.0,0.0,0.0,0.0,0.0,0.0,0.0,0.0,0.0,0.0,0.0,0.0,0.0,0.0,0.0,0.0,0.0,0.0,0.0,0.0,0.0,0.0,0.0,0.0,0.0,0.0,0.0,0.0,0.0,0.0,0.0,0.0,0.0,0.0,0.0,0.0,0.0,0.0,0.0,0.0,0.0,0.0,0.0,0.0,0.0,0.0,0.0,0.0,0.0,0.0,0.0,0.0,0.0,0.0,0.0,0.0,0.0,0.0,0.0,0.0,0.0,0.0,0.0,0.0,0.0,0.0,0.0,0.0,0.0,0.0,0.0,0.0,0.0,0.0,0.0,0.0,0.0,0.0,0.0,0.0,0.0,0.0,0.0,0.0,0.0,0.0,0.0,0.0,0.0,0.0
65,79,0.97,0.01,0.01,0.0,0.0,0.0,0.0,0.0,0.0,0.0,0.0,0.01,0.0,0.0,0.0,0.0,0.0,0.0,0.0,0.0,0.0,0.0,0.0,0.0,0.0,0.0,0.0,0.0,0.0,0.0,0.0,0.0,0.0,0.0,0.0,0.0,0.0,0.0,0.0,0.0,0.0,0.0,0.0,0.0,0.0,0.0,0.0,0.0,0.0,0.0,0.0,0.0,0.0,0.0,0.0,0.0,0.0,0.0,0.0,0.0,0.0,0.0,0.0,0.0,0.0,0.0,0.0,0.0,0.0,0.0,0.0,0.0,0.0,0.0,0.0,0.0,0.0,0.0,0.0,0.0,0.0,0.0,0.0,0.0,0.0,0.0,0.0,0.0,0.0,0.0,0.0,0.0,0.0,0.0,0.0,0.0,0.0,0.0,0.0,0.0
66,80,0.0195,0.009999999999999998,0.0002,0.0001,0.0,0.0,0.0,0.0,0.0,0.0,0.941,0.0097,0.0098,0.0,0.0,0.0,0.0,0.0,0.0,0.0,0.0,0.0097,0.0,0.0,0.0,0.0,0.0,0.0,0.0,0.0,0.0,0.0,0.0,0.0,0.0,0.0,0.0,0.0,0.0,0.0,0.0,0.0,0.0,0.0,0.0,0.0,0.0,0.0,0.0,0.0,0.0,0.0,0.0,0.0,0.0,0.0,0.0,0.0,0.0,0.0,0.0,0.0,0.0,0.0,0.0,0.0,0.0,0.0,0.0,0.0,0.0,0.0,0.0,0.0,0.0,0.0,0.0,0.0,0.0,0.0,0.0,0.0,0.0,0.0,0.0,0.0,0.0,0.0,0.0,0.0,0.0,0.0,0.0,0.0,0.0,0.0,0.0,0.0,0.0,0.0
67,81,0.009899999999999999,0.00039400000000000004,0.00020099999999999998,3.0000000000000005e-06,1.0000000000000002e-06,0.0,0.0,0.0,0.0,0.0,0.028421999999999996,0.019305,0.000291,0.000195,0.0,0.0,0.0,0.0,0.0,0.0,0.912867,0.009409,0.009602999999999999,0.0,0.0,0.0,0.0,0.0,0.0,0.0,0.0,0.009409,0.0,0.0,0.0,0.0,0.0,0.0,0.0,0.0,0.0,0.0,0.0,0.0,0.0,0.0,0.0,0.0,0.0,0.0,0.0,0.0,0.0,0.0,0.0,0.0,0.0,0.0,0.0,0.0,0.0,0.0,0.0,0.0,0.0,0.0,0.0,0.0,0.0,0.0,0.0,0.0,0.0,0.0,0.0,0.0,0.0,0.0,0.0,0.0,0.0,0.0,0.0,0.0,0.0,0.0,0.0,0.0,0.0,0.0,0.0,0.0,0.0,0.0,0.0,0.0,0.0,0.0,0.0,0.0
68,82,0.0004861599999999999,0.000298,8.890000000000001e-06,4e-06,4.000000000000001e-08,1.0000000000000002e-08,0.0,0.0,0.0,0.0,0.01920894,0.0007633999999999999,0.000486,5.820000000000001e-06,2.92e-06,0.0,0.0,0.0,0.0,0.0,0.036792099999999994,0.028044640000000003,0.00037636,0.00028518,0.0,0.0,0.0,0.0,0.0,0.0,0.88557508,0.00912673,0.009408999999999999,0.0,0.0,0.0,0.0,0.0,0.0,0.0,0.0,0.00912673,0.0,0.0,0.0,0.0,0.0,0.0,0.0,0.0,0.0,0.0,0.0,0.0,0.0,0.0,0.0,0.0,0.0,0.0,0.0,0.0,0.0,0.0,0.0,0.0,0.0,0.0,0.0,0.0,0.0,0.0,0.0,0.0,0.0,0.0,0.0,0.0,0.0,0.0,0.0,0.0,0.0,0.0,0.0,0.0,0.0,0.0,0.0,0.0,0.0,0.0,0.0,0.0,0.0,0.0,0.0,0.0,0.0,0.0
69,83,0.00020479260000000002,1.5564499999999996e-05,7.968900000000001e-06,1.875e-07,6.97e-08,5.000000000000001e-10,1.0000000000000002e-10,0.0,0.0,0.0,0.0010392195999999999,0.0007664557999999999,2.0079099999999996e-05,1.1621000000000001e-05,9.700000000000001e-08,3.89e-08,0.0,0.0,0.0,0.0,0.02813679,0.0012034498999999998,0.0008488082,9.409000000000001e-06,5.6842e-06,0.0,0.0,0.0,0.0,0.0,0.044635355099999996,0.036244408900000004,0.0004563365,0.00037071459999999995,0.0,0.0,0.0,0.0,0.0,0.0,0.8590990948999999,0.008852928099999999,0.0092179973,0.0,0.0,0.0,0.0,0.0,0.0,0.0,0.0,0.008852928099999999,0.0,0.0,0.0,0.0,0.0,0.0,0.0,0.0,0.0,0.0,0.0,0.0,0.0,0.0,0.0,0.0,0.0,0.0,0.0,0.0,0.0,0.0,0.0,0.0,0.0,0.0,0.0,0.0,0.0,0.0,0.0,0.0,0.0,0.0,0.0,0.0,0.0,0.0,0.0,0.0,0.0,0.0,0.0,0.0,0.0,0.0,0.0,0.0
70,84,1.4643693e-05,9.947817999999999e-06,4.38e-07,1.9847100000000003e-07,3.5470000000000003e-09,1.092e-09,6.000000000000002e-12,1.0000000000000002e-12,0.0,0.0,0.000498073476,3.7725050999999995e-05,2.3998682999999998e-05,4.77726e-07,2.4105e-07,1.4550000000000002e-09,4.86e-10,0.0,0.0,0.0,0.0017477989619999997,0.001395762197,3.6168681e-05,2.352444e-05,1.8818000000000003e-07,9.4575e-08,0.0,0.0,0.0,0.0,0.036692474889,0.0017067925999999997,0.001281675162,1.3690095000000001e-05,9.22082e-06,0.0,0.0,0.0,0.0,0.0,0.051975814676999986,0.043928776836,0.000531175686,0.00045177313499999993,0.0,0.0,0.0,0.0,0.0,0.0,0.833414651334,0.008587340256999998,0.009029986661999998,0.0,0.0,0.0,0.0,0.0,0.0,0.0,0.0,0.008587340256999998,0.0,0.0,0.0,0.0,0.0,0.0,0.0,0.0,0.0,0.0,0.0,0.0,0.0,0.0,0.0,0.0,0.0,0.0,0.0,0.0,0.0,0.0,0.0,0.0,0.0,0.0,0.0,0.0,0.0,0.0,0.0,0.0,0.0,0.0,0.0,0.0,0.0,0.0
71,85,5.3730868e-06,6.275456199999999e-07,3.4582972e-07,1.117744e-08,4.441600000000001e-09,6.1e-11,1.585e-11,7.000000000000003e-14,1.0000000000000002e-14,0.0,3.704035709999999e-05,2.8827727019999995e-05,1.16857458e-06,6.701586000000001e-07,1.01142e-08,4.42035e-09,2.0370000000000003e-11,5.83e-12,0.0,0.0,0.0008814916321999999,7.150090189999999e-05,5.028834049999999e-05,9.6386378e-07,5.6221685e-07,3.2931500000000008e-09,1.41717e-09,0.0,0.0,0.0,0.0025991158147999995,0.00217291859996,5.760020438e-05,4.024539797e-05,3.1943555000000006e-07,1.8394594999999998e-07,0.0,0.0,0.0,0.0,0.0448848930708,0.0022665321281999996,0.0017773302734699998,1.8591149010000003e-05,1.3461926749999999e-05,0.0,0.0,0.0,0.0,0.0,0.05883656015259998,0.05112123331345,0.00060111381799,0.0005285198075699999,0.0,0.0,0.0,0.0,0.0,0.0,0.80849808519655,0.008329720049289998,0.008844960464709999,0.0,0.0,0.0,0.0,0.0,0.0,0.0,0.0,0.008329720049289998,0.0,0.0,0.0,0.0,0.0,0.0,0.0,0.0,0.0,0.0,0.0,0.0,0.0,0.0,0.0,0.0,0.0,0.0,0.0,0.0,0.0,0.0,0.0,0.0,0.0,0.0,0.0,0.0
72,86,4.841407631999999e-07,5.509905219599999e-06,6.239750687999999e-07,3.4231260480000004e-07,1.0988284799999999e-08,4.353324000000001e-09,5.953290000000001e-11,1.5433599999999996e-11,6.800000000000003e-14,9.7e-15,9.5273280312e-06,3.6662116607999985e-05,2.8475938497599995e-05,1.1433688968e-06,6.557646300000001e-07,9.8445192e-09,4.3021280000000005e-09,1.9759600000000003e-11,5.6552e-12,0.0,3.589148706e-05,0.0008775672299087999,6.995320127039998e-05,4.919446801919999e-05,9.382762955999999e-07,5.472481792e-07,3.1945592000000008e-09,1.3747131999999999e-09,0.0,0.0,0.0005053841911776,0.0025450986727007996,0.0021264096820806,5.6070942732000005e-05,3.91801169264e-05,3.09885415e-07,1.7844174319999996e-07,0.0,0.0,0.0,0.0010858710116639998,0.0440890611005448,0.0022053092160678,0.0017298326365887998,1.8036608895200002e-05,1.3059908406999999e-05,0.0,0.0,0.0,0.0,0.009633407717334,0.057183437007976776,0.049699104419503995,0.0005832663149404,0.0005127988326103999,0.0,0.0,0.0,0.0,0.0,0.0087566436539844,0.7849261017789279,0.008085839585991197,0.008584896848844399,0.0,0.0,0.0,0.0,0.0,0.0,0.0081682780524584,8.329720049289998e-05,0.008168278052458398,0.0,0.0,0.0,0.0,0.0,0.0,0.0,0.0,8.329720049289998e-05,0.0,0.0,0.0,0.0,0.0,0.0,0.0,0.0,0.0,0.0,0.0,0.0,0.0,0.0,0.0,0.0,0.0,0.0
73,87,1.60055147772e-07,8.975765092679999e-07,5.639030324723999e-06,6.202225145999999e-07,3.3875428904400006e-07,1.0801210016999999e-08,4.266495225e-09,5.8099525e-11,1.5027921e-11,7.546600000000003e-14,8.256507246239998e-07,1.8357038926524e-05,3.627945856211999e-05,2.8123585795211992e-05,1.1186589208919996e-06,6.416507274119999e-07,9.581922141e-09,4.18702218e-09,1.9167492000000003e-11,5.485641e-12,1.4283702361775999e-05,6.1331882353992e-05,0.0008732810138975099,6.843613111153196e-05,4.8122465275979987e-05,9.133572516659998e-07,5.32671919668e-07,3.0989200200000004e-09,1.3335283559999998e-09,0.0,4.1722453626023996e-05,0.0009611530455676141,0.0024920590461204777,0.002080799463833526,5.4581662156098e-05,3.8142569401901993e-05,3.0062079814200003e-07,1.7310223803599996e-07,0.0,0.0,0.000553137240207204,0.0016726333302815337,0.043301942734910184,0.002145723678251442,0.0016835880460705738,1.7498609482494002e-05,1.2669895572222e-05,0.0,0.0,0.0,0.0007665935939095916,0.018131548158803745,0.05557667804890746,0.0483164065700993,0.0005659486915811399,0.0004975454667161579,0.0,0.0,0.0,0.0,0.008114844312027046,0.009147470082309475,0.762042841518768,0.007849097061560865,0.008332477931705171,0.0,0.0,0.0,0.0,0.0,0.000170082189069357,0.015855006481203443,0.00016165668033802494,0.00800907867937309,0.0,0.0,0.0,0.0,0.0,0.0,8.251575252951299e-05,8.329720049289998e-07,0.00016248106500269696,0.0,0.0,0.0,0.0,0.0,0.0,0.0,0.0,8.329720049289998e-07,0.0,0.0,0.0,0.0,0.0,0.0,0.0,0.0
74,88,2.0433375294359995e-08,4.0418995094399995e-07,1.2960363280043995e-06,5.760685040970838e-06,6.162979833615298e-07,3.3515884469922007e-07,1.0616238885399998e-08,4.181101864509999e-09,5.6699248040000006e-11,1.470589646e-11,3.3626447160696e-07,1.7859703771390798e-06,2.6876764058902734e-05,3.589282493072662e-05,2.7770906924279992e-05,1.0944365571034797e-06,6.278124599603699e-07,9.326226347139999e-09,4.074951933779999e-09,2.3914293670000003e-11,1.18163689066416e-06,3.23831022748392e-05,8.545967224131353e-05,0.0008686530386296318,6.694918396147256e-05,4.70719602381904e-05,8.890895505190498e-07,5.184779899636801e-07,3.0061440943200003e-09,1.2935773617299997e-09,1.5702964417626183e-05,8.273102260480331e-05,0.0013948786863269978,0.002439984689452054,0.002036074010726005,5.3131338166738085e-05,3.713204901714419e-05,2.9163316339794006e-07,1.6792250617847995e-07,0.0,3.034086618024353e-05,0.0011604895623938034,0.0022245989381058815,0.04252369239366291,0.002087732257536096,0.0016385639840053592,1.6976657406000603e-05,1.22915297274357e-05,0.0,0.0,0.0002756612330494759,0.0014075636007072885,0.026124213622277407,0.054014985401754166,0.046972050487441235,0.0005491452169285307,0.00048274580167039535,0.0,0.0,0.0,0.0001819899017731547,0.01583169294425399,0.009508920297748254,0.7398281359050167,0.0076192836366298505,0.008087479048421178,0.0,0.0,0.0,0.0,0.0002422244873482936,0.00025807932074380053,0.02308150029939878,0.00023529795054349286,0.007852131098308948,0.0,0.0,0.0,0.0,0.0,2.5343091360379896e-06,0.0002402234851357383,2.424549648161379e-06,0.00023769741984634696,0.0,0.0,0.0,0.0,0.0,0.0,8.3348724534442e-07,1.6659440098579996e-08,2.4327934948080992e-06,0.0,0.0,0.0,0.0,0.0,0.0,0.0
75,89,0.0,0.0,0.0,0.0,0.0,0.0,0.0,0.0,0.0,0.0,0.0,1.0,0.0,0.0,0.0,0.0,0.0,0.0,0.0,0.0,0.0,0.0,0.0,0.0,0.0,0.0,0.0,0.0,0.0,0.0,0.0,0.0,0.0,0.0,0.0,0.0,0.0,0.0,0.0,0.0,0.0,0.0,0.0,0.0,0.0,0.0,0.0,0.0,0.0,0.0,0.0,0.0,0.0,0.0,0.0,0.0,0.0,0.0,0.0,0.0,0.0,0.0,0.0,0.0,0.0,0.0,0.0,0.0,0.0,0.0,0.0,0.0,0.0,0.0,0.0,0.0,0.0,0.0,0.0,0.0,0.0,0.0,0.0,0.0,0.0,0.0,0.0,0.0,0.0,0.0,0.0,0.0,0.0,0.0,0.0,0.0,0.0,0.0,0.0,0.0
76,98,1.664300232e-08,3.9295371097200005e-07,1.007167489128e-06,5.624221685292e-06,3.7911972092400004e-07,3.3141420728399987e-07,4.651881693000001e-09,3.2209308839999995e-09,1.3859748000000001e-11,5.504265000000001e-12,3.29662108188e-07,1.3737009529919998e-06,2.652349278328199e-05,2.625654876573599e-05,2.778940065517199e-05,4.32581258079e-07,5.819725596000001e-07,1.8595400529999998e-09,2.3248045289999996e-09,9.126730000000001e-13,9.434021631119998e-07,3.2090147990417995e-05,6.396452271705599e-05,0.0008607287697609176,3.340844271275399e-05,4.732135857873599e-05,1.7180522058300005e-07,3.927310889639999e-07,0.0,4.4358730499999995e-10,1.562919443694e-05,6.3769550360808e-05,0.0013974614308643097,0.001763524587789288,0.002061057384246072,1.3333307103138e-05,3.411095403147599e-05,0.0,8.6329767588e-08,0.0,2.5264560439547994e-05,0.0011692807190481957,0.0017190317013926577,0.042829329925500204,0.0008892792634469517,0.0016636066833857095,0.0,8.418263161812e-06,0.0,0.0,0.000280186773693396,0.0010991935136165426,0.026724100219102414,0.03922299267370997,0.04816818136890793,0.0,0.0004125814460478059,0.0,0.0,0.0,0.000180603685708797,0.01631311398926222,0.009054113765992933,0.7626182536353946,0.0,0.008254179900402364,0.0,0.0,0.0,0.0,0.00024960859464109197,0.00025585484541166897,0.023792730181613504,0.0,0.008092454503088337,0.0,0.0,0.0,0.0,0.0,2.5689518027879996e-06,0.000247626775136337,0.0,0.0002450230313261159,0.0,0.0,0.0,0.0,0.0,0.0,8.591766721049999e-07,8.587340256999999e-09,2.5079460014489995e-06,0.0,0.0,0.0,0.0,0.0,0.0,0.0
77,100,0.0,0.0,0.0,0.0,0.0,0.0,0.0,0.0,0.0,0.0,0.0,0.0,0.0,0.0,0.0,0.0,0.0,0.0,0.0,0.0,0.0,1.0,0.0,0.0,0.0,0.0,0.0,0.0,0.0,0.0,0.0,0.0,0.0,0.0,0.0,0.0,0.0,0.0,0.0,0.0,0.0,0.0,0.0,0.0,0.0,0.0,0.0,0.0,0.0,0.0,0.0,0.0,0.0,0.0,0.0,0.0,0.0,0.0,0.0,0.0,0.0,0.0,0.0,0.0,0.0,0.0,0.0,0.0,0.0,0.0,0.0,0.0,0.0,0.0,0.0,0.0,0.0,0.0,0.0,0.0,0.0,0.0,0.0,0.0,0.0,0.0,0.0,0.0,0.0,0.0,0.0,0.0,0.0,0.0,0.0,0.0,0.0,0.0,0.0,0.0
78,111,0.0,0.0,0.0,0.0,0.0,0.0,0.0,0.0,0.0,0.0,0.0,0.0,0.0,0.0,0.0,0.0,0.0,0.0,0.0,0.0,0.0,0.0,0.0,0.0,0.0,0.0,0.0,0.0,0.0,0.0,0.0,0.0,0.0,0.0,0.0,0.0,0.0,0.0,0.0,0.0,0.0,0.0,0.0,0.0,0.0,0.0,0.0,0.0,0.0,0.0,0.0,1.0,0.0,0.0,0.0,0.0,0.0,0.0,0.0,0.0,0.0,0.0,0.0,0.0,0.0,0.0,0.0,0.0,0.0,0.0,0.0,0.0,0.0,0.0,0.0,0.0,0.0,0.0,0.0,0.0,0.0,0.0,0.0,0.0,0.0,0.0,0.0,0.0,0.0,0.0,0.0,0.0,0.0,0.0,0.0,0.0,0.0,0.0,0.0,0.0
79,114,0.0,0.0,0.0,0.0,0.0,0.0,0.0,0.0,0.0,0.0,0.0,0.0,0.0,0.0,0.0,0.0,0.0,0.0,0.0,0.0,0.0,1.0000000000000002e-06,0.0,0.0,0.0,0.0,0.0,0.0,0.0,0.0,3.0000000000000005e-06,0.0,0.000195,0.0,0.0,0.0,0.0,0.0,0.0,0.0,3.0000000000000005e-06,0.000489,0.0,0.009602999999999999,0.0,0.0,0.0,0.0,0.0,0.0,0.00029699999999999996,9.7e-05,0.028616999999999997,0.0,0.009409,0.0,0.0,0.0,0.0,0.0,9.9e-05,0.019208999999999997,0.0,0.912867,0.0,0.0,0.0,0.0,0.0,0.0,0.000195,0.0,0.018819000000000002,0.0,0.0,0.0,0.0,0.0,0.0,0.0,0.0,9.7e-05,0.0,0.0,0.0,0.0,0.0,0.0,0.0,0.0,0.0,0.0,0.0,0.0,0.0,0.0,0.0,0.0,0.0,0.0
80,115,0.0,0.0,0.0,0.0,0.0,0.0,0.0,0.0,0.0,0.0,0.0,1.0000000000000002e-08,0.0,0.0,0.0,0.0,0.0,0.0,0.0,0.0,4.000000000000001e-08,0.0,2.92e-06,0.0,0.0,0.0,0.0,0.0,0.0,0.0,6.000000000000001e-08,9.76e-06,0.0,0.00028518,0.0,0.0,0.0,0.0,0.0,0.0,7.919999999999999e-06,3.88e-06,0.0008584799999999999,0.0,0.009408999999999999,0.0,0.0,0.0,0.0,0.0,4.959999999999999e-06,0.00077124,9.409e-05,0.03707728,0.0,0.00912673,0.0,0.0,0.0,0.0,0.000198,9.699999999999999e-05,0.028235759999999995,0.0,0.88557508,0.0,0.0,0.0,0.0,0.0,2.94e-06,0.0005704,0.0,0.0273831,0.0,0.0,0.0,0.0,0.0,0.0,2.92e-06,0.0,0.00028228000000000004,0.0,0.0,0.0,0.0,0.0,0.0,0.0,0.0,9.7e-07,0.0,0.0,0.0,0.0,0.0,0.0,0.0,0.0
81,116,0.0,1.0000000000000002e-10,0.0,0.0,0.0,0.0,0.0,0.0,0.0,0.0,5.000000000000001e-10,0.0,2.93e-08,0.0,0.0,0.0,0.0,0.0,0.0,0.0,1.0000000000000003e-09,1.3690000000000001e-07,0.0,2.881e-06,0.0,0.0,0.0,0.0,0.0,0.0,2.162e-07,3.94e-08,1.43666e-05,0.0,9.69418e-05,0.0,0.0,0.0,0.0,0.0,2.258e-07,2.5843599999999998e-05,9.797000000000001e-07,0.0007500721999999999,0.0,0.00018535729999999997,0.0,0.0,0.0,0.0,1.74244e-05,5.7241e-06,0.0014935683999999997,9.409000000000001e-07,0.018444520899999997,0.0,9.12673e-05,0.0,0.0,0.0,7.790599999999998e-06,0.0010381443999999999,9.22373e-05,0.045376901,0.0,0.017708678899999997,0.0,0.0,0.0,0.0,0.0001978226,9.411939999999999e-05,0.02767104499999999,0.0,0.8592816585999999,0.0,0.0,0.0,0.0,0.0,2.8809999999999996e-06,0.0005561496999999999,0.0,0.0265644298,0.0,0.0,0.0,0.0,0.0,0.0,2.8421e-06,9.409e-07,0.00027382130000000004,0.0,0.0,0.0,0.0,0.0,0.0,0.0
82,117,6.000000000000002e-12,1.0000000000000002e-12,3.9000000000000005e-10,0.0,0.0,0.0,0.0,0.0,0.0,0.0,1.5000000000000003e-11,2.148e-09,0.0,5.7231000000000005e-08,0.0,0.0,0.0,0.0,0.0,0.0,3.546e-09,1.3640000000000003e-09,3.0556200000000005e-07,0.0,3.763988e-06,0.0,0.0,0.0,0.0,0.0,4.823999999999999e-09,6.13185e-07,4.8015e-08,2.2434552e-05,0.0,9.588711899999998e-05,0.0,0.0,0.0,0.0,4.3709999999999996e-07,2.8645800000000004e-07,4.764836399999999e-05,9.59718e-07,0.0009148382339999999,0.0,0.00018070925399999997,0.0,0.0,0.0,3.11649e-07,4.2477232e-05,6.493956e-06,0.0020944762889999998,9.126730000000001e-07,0.018071038308,0.0,8.8529281e-05,0.0,0.0,1.261182e-05,9.477689999999998e-06,0.0017524152119999998,8.947958999999999e-05,0.052969942554,0.0,0.017178331205999996,0.0,0.0,0.0,3.0261359999999994e-06,0.0004845413129999999,9.221819099999999e-05,0.036153143543999997,0.0,0.8336802956309999,0.0,0.0,0.0,0.0,7.5969539999999994e-06,3.745172999999999e-06,0.00108455817,0.0,0.034360313492,0.0,0.0,0.0,0.0,0.0,9.506100000000001e-08,1.1065956e-05,3.6508860000000005e-06,0.000531250959,0.0,0.0,0.0,0.0,0.0,0.0
83,119,8.892000000000003e-13,9.144000000000002e-13,9.698240000000001e-11,1.4230000000000002e-11,1.8536312000000003e-09,0.0,0.0,0.0,0.0,0.0,1.8312e-12,2.393872e-10,4.543500000000001e-11,1.2074502399999999e-08,0.0,1.36458727e-07,0.0,0.0,0.0,0.0,2.3389759999999995e-10,1.9325609999999996e-10,3.09025376e-08,2.3108504000000003e-09,9.082792880000001e-07,0.0,5.4198173432e-06,0.0,0.0,0.0,2.9122e-10,3.66959296e-08,1.19050816e-08,2.3497316584e-06,6.388711e-08,4.2652186297600005e-05,0.0,9.373480272279998e-05,0.0,0.0,1.9107396799999998e-08,1.8346294400000002e-08,2.8712674832e-06,4.24383536e-07,0.00011278007205439999,9.207045223999999e-07,0.0012184870880096,0.0,0.00017174680513999994,0.0,1.28793184e-08,1.7067015844e-06,6.373423023999999e-07,0.0001321414140256,7.8825741664e-06,0.0034571081177392,8.587340257e-07,0.017341540502828805,0.0,8.329720049289999e-05,4.091821616e-07,4.019439584999999e-07,6.94976982416e-05,1.2586652643199998e-05,0.003604657786870399,8.420905208719998e-05,0.06670012589589439,0.0,0.0161648092997768,0.0,9.466430879999999e-08,1.4106476819199997e-05,4.930201850399998e-06,0.001320640471972,8.850409122519997e-05,0.052056076292281594,0.0,0.7847430586375322,0.0,0.0,2.8581625560000004e-07,2.2887524639999996e-07,4.89686120288e-05,5.445766424399998e-06,0.0025776332333360004,0.0,0.048504734532984796,0.0,0.0,0.0,7.985232e-09,6.86635476e-07,6.722639909999999e-07,5.2423109536e-05,1.71774185912e-05,0.001249812138631,0.0,0.0,0.0,0.0
84,122,0.0,0.0,0.0,0.0,0.0,0.0,0.0,0.0,0.0,0.0,0.0,0.0,0.0,0.0,0.0,0.0,0.0,0.0,0.0,0.0,0.0,0.0,0.0,0.0,0.0,0.0,0.0,0.0,0.0,0.0,0.0,0.0,0.0,0.0,0.0,0.0,0.0,0.0,0.0,0.0,0.0,0.0,0.0,0.0,0.0,0.0,0.0,0.0,0.0,0.0,0.0,0.0,0.0,0.0,0.0,0.0,0.0,0.0,0.0,0.0,0.0,1.0,0.0,0.0,0.0,0.0,0.0,0.0,0.0,0.0,0.0,0.0,0.0,0.0,0.0,0.0,0.0,0.0,0.0,0.0,0.0,0.0,0.0,0.0,0.0,0.0,0.0,0.0,0.0,0.0,0.0,0.0,0.0,0.0,0.0,0.0,0.0,0.0,0.0,0.0
85,123,0.0,0.0,0.0,0.0,0.0,0.0,0.0,0.0,0.0,0.0,0.0,0.0,0.0,0.0,0.0,0.0,0.0,0.0,0.0,0.0,0.0,0.0,0.0,0.0,0.0,0.0,0.0,0.0,0.0,0.0,0.0,0.0,0.0,0.0,0.0,0.0,0.0,0.0,0.0,0.0,0.0,0.0,0.0,0.0,0.0,0.0,0.0,0.0,0.0,0.0,0.0,0.01,0.0,0.0,0.0,0.0,0.0,0.0,0.0,0.0,0.01,0.0,0.97,0.0,0.0,0.0,0.0,0.0,0.0,0.0,0.0,0.01,0.0,0.0,0.0,0.0,0.0,0.0,0.0,0.0,0.0,0.0,0.0,0.0,0.0,0.0,0.0,0.0,0.0,0.0,0.0,0.0,0.0,0.0,0.0,0.0,0.0,0.0,0.0,0.0
86,125,0.0,0.0,0.0,0.0,0.0,0.0,0.0,0.0,0.0,0.0,0.0,0.0,0.0,0.0,0.0,0.0,0.0,0.0,0.0,0.0,0.0,0.0,0.0,0.0,0.0,0.0,0.0,0.0,0.0,0.0,0.0,1.0000000000000002e-06,0.0,0.0,0.0,0.0,0.0,0.0,0.0,0.0,3.0000000000000005e-06,0.0,0.000291,0.0,0.0,0.0,0.0,0.0,0.0,0.0,3.0000000000000005e-06,0.000585,0.0,0.028227000000000002,0.0,0.0,0.0,0.0,0.0,0.0,0.00020099999999999998,9.7e-05,0.028808999999999994,0.0,0.912673,0.0,0.0,0.0,0.0,0.0,3.0000000000000005e-06,0.000585,0.0,0.028227000000000002,0.0,0.0,0.0,0.0,0.0,0.0,3.0000000000000005e-06,0.0,0.000291,0.0,0.0,0.0,0.0,0.0,0.0,0.0,0.0,1.0000000000000002e-06,0.0,0.0,0.0,0.0,0.0,0.0,0.0,0.0
87,126,0.0,0.0,0.0,0.0,0.0,0.0,0.0,0.0,0.0,0.0,0.0,0.0,0.0,0.0,0.0,0.0,0.0,0.0,0.0,0.0,0.0,1.0000000000000002e-08,0.0,0.0,0.0,0.0,0.0,0.0,0.0,0.0,4.000000000000001e-08,0.0,2.9200000000000004e-06,0.0,0.0,0.0,0.0,0.0,0.0,0.0,6.000000000000001e-08,9.760000000000001e-06,0.0,0.00028518000000000006,0.0,0.0,0.0,0.0,0.0,0.0,1.0800000000000002e-05,1e-06,0.00085848,0.0,0.009408999999999999,0.0,0.0,0.0,0.0,0.0,5.92e-06,0.0008634,9.7e-07,0.037077280000000004,0.0,0.00912673,0.0,0.0,0.0,0.0,0.00020088000000000001,9.412e-05,0.028235759999999995,0.0,0.88557508,0.0,0.0,0.0,0.0,0.0,2.9400000000000007e-06,0.0005704000000000001,0.0,0.0273831,0.0,0.0,0.0,0.0,0.0,0.0,2.9200000000000004e-06,9.7e-07,0.00028228,0.0,0.0,0.0,0.0,0.0,0.0,0.0
88,127,0.0,0.0,0.0,0.0,0.0,0.0,0.0,0.0,0.0,0.0,0.0,1.0000000000000002e-10,0.0,0.0,0.0,0.0,0.0,0.0,0.0,0.0,5.000000000000001e-10,0.0,3.8900000000000004e-08,0.0,0.0,0.0,0.0,0.0,0.0,0.0,1.0000000000000003e-09,1.6570000000000003e-07,0.0,5.6842000000000006e-06,0.0,0.0,0.0,0.0,0.0,0.0,2.0660000000000004e-07,6.82e-08,2.0933000000000004e-05,0.0,0.00037071460000000006,0.0,0.0,0.0,0.0,0.0,1.7780000000000002e-07,2.77924e-05,9.797000000000001e-07,0.0013004402,0.0,0.0092179973,0.0,0.0,0.0,0.0,1.0809999999999998e-05,6.703300000000001e-06,0.0014992131999999997,9.409e-07,0.045006069700000005,0.0,0.008852928099999999,0.0,0.0,0.0,3.0386000000000004e-06,0.0004915491999999999,9.13061e-05,0.036889041799999994,0.0,0.8590990948999999,0.0,0.0,0.0,0.0,7.771400000000002e-06,3.8027000000000005e-06,0.0011122994,0.0,0.0354173578,0.0,0.0,0.0,0.0,0.0,9.75e-08,1.13689e-05,3.7637e-06,0.0005476426,0.0,0.0,0.0,0.0,0.0,0.0
89,130,3.600000000000001e-15,4.864e-13,6.800000000000001e-14,1.9826800000000005e-11,0.0,0.0,0.0,0.0,0.0,0.0,9.920000000000002e-13,5.145000000000001e-13,1.2595520000000004e-10,0.0,3.2141144000000008e-09,0.0,0.0,0.0,0.0,0.0,1.9360000000000006e-12,2.863504000000001e-10,5.37574e-11,1.8086387200000005e-08,0.0,3.1304683900000004e-07,0.0,0.0,0.0,0.0,2.585408e-10,1.971152e-10,3.9185936000000004e-08,3.123788e-09,1.5749160560000002e-06,0.0,1.8343267023200003e-05,0.0,0.0,0.0,2.716648e-10,3.9083564799999995e-08,1.1573574400000002e-08,3.0908189415999997e-06,9.017209239999998e-08,8.60278268416e-05,0.0,0.00060111381799,0.0,0.0,1.6268148799999998e-08,1.47856257e-08,2.789059908799999e-06,4.0875706880000003e-07,0.00014839772430079998,9.207045223999999e-07,0.0029884652328608,0.0,0.008662908851261598,0.0,7.8461256e-09,1.1267372643999997e-06,4.4101281839999994e-07,0.00010647542559999998,8.749978585599998e-06,0.0042638549269359985,8.587340257e-07,0.06584085521847038,0.0,0.008079828447811297,1.4989584119999998e-07,1.4570356800000001e-07,2.8315242814399998e-05,5.7027168732e-06,0.0018878677662463998,8.33591709896e-05,0.06069539175990081,0.0,0.7843264398411464,0.0,6.2589672e-09,9.328024823999999e-07,3.348296544000001e-07,8.8903247428e-05,6.349212018e-06,0.0036079350952960003,0.0,0.05657683254921879,0.0,0.0,1.0119254400000001e-08,2.41845024e-08,1.7287633446e-06,1.4394249816000003e-06,9.173240568800001e-05,3.0058885255000004e-05,0.0017495510628343998,0.0,0.0,0.0
90,132,0.0,7.049505000000002e-14,3.2460360000000006e-14,3.889475040000001e-12,5.163736800000001e-13,6.299532498e-11,0.0,0.0,0.0,0.0,1.2043845000000003e-13,6.839128000000001e-14,1.3794525360000003e-11,1.10049993e-12,4.802229944400001e-10,0.0,4.933362634200001e-09,0.0,0.0,0.0,2.0505268000000002e-13,2.3873094720000003e-11,5.27107234e-12,1.5468772343400002e-09,4.015177841999999e-11,3.704125108824e-08,0.0,2.4291195296466e-07,0.0,0.0,2.133839472e-11,1.301087246e-11,2.6560565976e-09,2.8605513012e-10,1.1553647469228001e-07,1.0060577013599997e-09,1.93152378482868e-06,0.0,6.9351359915532e-06,0.0,2.186991946e-11,2.5351471616399998e-09,7.258662158799999e-10,1.8970540012512e-07,9.884079227999999e-09,5.919410548903139e-06,9.98344701837e-09,6.748094159593392e-05,0.0,9.153529362164779e-05,1.22933562789e-09,8.829353601999999e-10,1.7227954596215997e-07,2.6694043354289997e-08,9.086322746425438e-06,2.0112014519777996e-07,0.00020892418604294516,1.734642731914e-08,0.0014897182197867536,0.00016321253464578824,6.772669872599999e-10,8.297791131527997e-08,3.022823455362e-08,7.296970459553637e-06,6.435946341324899e-07,0.0002919531174582892,1.7850088104605198e-06,0.004992859043287138,7.838266566381889e-05,0.01663521727267666,1.7249595606479996e-08,1.5420323843129997e-08,2.9030873333898595e-06,6.309254037587999e-07,0.0001883670290334321,1.0005460547736839e-05,0.006019738705507324,1.6166526767828198e-06,0.07863545377516626,0.015211085035849552,3.23029327608e-09,4.570919367218399e-07,2.0522757104802001e-07,4.832633687349562e-05,6.425035031299559e-06,0.002491145266375779,7.898042915961992e-05,0.06660046754093389,0.0,0.7386783495021899,1.152445767738e-08,4.694776849836e-08,2.1235399322570394e-06,3.8659904069609395e-06,0.00014190901079281376,0.00014613763893186096,0.004618527290121811,0.0021954143970415656,0.06086373654058349,0.0
91,133,0.0,0.0,0.0,0.0,0.0,0.0,0.0,0.0,0.0,0.0,0.0,0.0,0.0,0.0,0.0,0.0,0.0,0.0,0.0,0.0,0.0,0.0,0.0,0.0,0.0,0.0,0.0,0.0,0.0,0.0,0.0,0.0,0.0,0.0,0.0,0.0,0.0,0.0,0.0,0.0,0.0,0.0,0.0,0.0,0.0,0.0,0.0,0.0,0.0,0.0,0.0,0.0,0.0,0.0,0.0,0.0,0.0,0.0,0.0,0.0,0.0,0.0,0.0,0.0,0.0,0.0,0.0,0.0,0.0,0.0,0.0,1.0,0.0,0.0,0.0,0.0,0.0,0.0,0.0,0.0,0.0,0.0,0.0,0.0,0.0,0.0,0.0,0.0,0.0,0.0,0.0,0.0,0.0,0.0,0.0,0.0,0.0,0.0,0.0,0.0
92,138,0.0,0.0,0.0,0.0,0.0,0.0,0.0,0.0,0.0,0.0,0.0,0.0,0.0,0.0,0.0,0.0,0.0,0.0,0.0,0.0,0.0,9.700000000000001e-09,0.0,0.0,0.0,0.0,0.0,0.0,0.0,0.0,3.89e-08,0.0,2.8325000000000004e-06,0.0,0.0,0.0,0.0,0.0,0.0,0.0,5.8599999999999995e-08,9.4969e-06,0.0,0.00027665379999999997,0.0,0.0,0.0,0.0,0.0,0.0,1.05458e-05,9.994e-07,0.0008357041999999999,0.0,0.0091295818,0.0,0.0,0.0,0.0,0.0,5.8513999999999996e-06,0.000845338,1.9108999999999998e-06,0.0360704882,0.0,0.008947018099999999,0.0,0.0,0.0,0.0,0.00019990119999999998,9.511939999999998e-05,0.027775757199999994,9.409000000000001e-07,0.8595639576999999,0.0,9.12673e-05,0.0,0.0,0.0,4.930299999999999e-06,0.0007568644,9.133539999999999e-05,0.0360704882,0.0,0.008947018099999999,0.0,0.0,0.0,0.0,7.878e-06,1.32707e-05,0.0008385073999999998,0.00027665379999999997,0.0091295818,0.0,0.0,0.0,0.0,0.0
93,141,6.8e-14,9.7e-15,5.655200000000001e-12,0.0,0.0,0.0,0.0,0.0,0.0,0.0,2.0440000000000002e-13,3.4988800000000005e-11,0.0,1.3747132000000003e-09,0.0,0.0,0.0,0.0,0.0,0.0,6.12128e-11,3.0312800000000004e-11,7.463753600000002e-09,0.0,1.7844174320000001e-07,0.0,0.0,0.0,0.0,0.0,9.70624e-11,1.44293392e-08,2.3128486e-09,8.539388992e-07,0.0,1.3059908406999997e-05,0.0,0.0,0.0,0.0,1.0613072e-08,7.5321297e-09,1.5550041823999995e-06,8.224971439999999e-08,5.703078139999999e-05,0.0,0.0005127988326103999,0.0,0.0,0.0,8.371905599999998e-09,1.2161569983999998e-06,3.237304968e-07,9.252983082639998e-05,9.663381723999998e-07,0.0023070858967359996,0.0,0.008584896848844399,0.0,0.0,3.5810893559999994e-07,3.158615135999999e-07,6.074724718879999e-05,8.136016959599997e-06,0.003139743831708799,1.7705856199999998e-06,0.0577015848345056,0.0,0.008168278052458396,0.0,9.547036799999997e-08,1.4182919660399998e-05,4.986149831999999e-06,0.0013259508506079996,8.956171369199998e-05,0.05216549358339038,8.587340257e-07,0.7850085402453951,0.0,8.329720049289999e-05,3.3979343519999996e-07,3.286476336e-07,5.814301019099999e-05,1.0660974441599994e-05,0.0030590754917024,9.386067444299998e-05,0.0577015848345056,0.0,0.008168278052458396,0.0,1.7646247199999997e-08,1.12049628e-06,1.8554117856e-06,8.781069321599998e-05,6.305259785399998e-05,0.0023096443016896,0.0005127988326103999,0.008584896848844399,0.0,0.0
94,142,3.5010000000000003e-15,4.72497e-13,6.596100000000001e-14,1.9232676000000005e-11,0.0,0.0,0.0,0.0,0.0,0.0,9.6474e-13,5.01493e-13,1.2238035600000005e-10,0.0,3.1178892360000004e-09,0.0,0.0,0.0,0.0,0.0,1.887924e-12,2.78657232e-10,5.2531902000000004e-11,1.7577394548000005e-08,0.0,3.03687574974e-07,0.0,0.0,0.0,0.0,2.52006864e-10,1.92903439e-10,3.8160527375999995e-08,3.0659602859999997e-09,1.531012047726e-06,0.0,1.7796099480893995e-05,0.0,0.0,0.0,2.6614169699999996e-10,3.815058503999999e-08,1.1389096407e-08,3.0124995681839994e-06,8.944560469199999e-08,8.3649304335534e-05,0.0,0.0005832638361205318,0.0,0.0,1.5932509116e-08,1.4591989832999998e-08,2.7279931104239995e-06,4.0586463036e-07,0.00014479254100005596,9.55053883428e-07,0.0029058661249935233,0.0,0.008409032723903651,0.0,7.778127227999999e-09,1.108828906008e-06,4.4084464107599984e-07,0.00010450707490456798,8.814922825655997e-06,0.004167293159903855,1.7260553916569998e-06,0.0639881544409374,0.0,0.007924062682889574,1.4976292399199996e-07,1.4891284675199996e-07,2.8205843150465992e-05,5.920152387971998e-06,0.0018698154541577753,8.783976222212698e-05,0.059604645875032725,8.32972004929e-07,0.7616224825710873,8.079828447811299e-05,7.81557684e-09,1.0640638934579997e-06,4.938135651839999e-07,0.00010112709024053398,1.2805895068241992e-05,0.004089070454147184,9.618142987607098e-05,0.0639881544409374,0.0,0.007924062682889574,1.4955822096e-08,5.016241677599999e-08,2.5649725435259995e-06,3.4149920871479992e-06,0.00013949409633197998,9.032405800580999e-05,0.0029083477777985156,0.0005832638361205318,0.008409032723903651,0.0
95,144,0.0,0.0,0.0,0.0,0.0,0.0,0.0,0.0,0.0,0.0,0.0,0.0,0.0,0.0,0.0,0.0,0.0,0.0,0.0,0.0,0.0,0.0,0.0,0.0,0.0,0.0,0.0,0.0,0.0,0.0,0.0,0.0,0.0,0.0,0.0,0.0,0.0,0.0,0.0,0.0,0.0,0.0,0.0,0.0,0.0,0.0,0.0,0.0,0.0,0.0,0.0,0.0,0.0,0.0,0.0,0.0,0.0,0.0,0.0,0.0,0.0,0.0,0.0,0.0,0.0,0.0,0.0,0.0,0.0,0.0,0.0,0.0,0.0,0.0,0.0,0.0,0.0,0.0,0.0,0.0,0.0,1.0,0.0,0.0,0.0,0.0,0.0,0.0,0.0,0.0,0.0,0.0,0.0,0.0,0.0,0.0,0.0,0.0,0.0,0.0
96,145,0.0,0.0,0.0,0.0,0.0,0.0,0.0,0.0,0.0,0.0,0.0,0.0,0.0,0.0,0.0,0.0,0.0,0.0,0.0,0.0,0.0,0.0,0.0,0.0,0.0,0.0,0.0,0.0,0.0,0.0,0.0,0.0,0.0,0.0,0.0,0.0,0.0,0.0,0.0,0.0,0.0,0.0,0.0,0.0,0.0,0.0,0.0,0.0,0.0,0.0,0.0,0.0,0.0,0.0,0.0,0.0,0.0,0.0,0.0,0.0,0.0,0.0,0.0,0.0,0.0,0.0,0.0,0.0,0.0,0.0,0.0,0.97,0.0,0.0,0.0,0.0,0.0,0.0,0.0,0.0,0.01,0.0,0.01,0.0,0.0,0.0,0.0,0.0,0.0,0.0,0.0,0.01,0.0,0.0,0.0,0.0,0.0,0.0,0.0,0.0
97,146,0.0,0.0,0.0,0.0,0.0,0.0,0.0,0.0,0.0,0.0,0.0,0.0,0.0,0.0,0.0,0.0,0.0,0.0,0.0,0.0,0.0,0.0,0.0,0.0,0.0,0.0,0.0,0.0,0.0,0.0,0.0,0.0,0.0,0.0,0.0,0.0,0.0,0.0,0.0,0.0,0.0,0.0,0.0,0.0,0.0,0.0,0.0,0.0,0.0,0.0,0.0,0.0,0.0,0.0,0.0,0.0,0.0,0.0,0.0,0.0,0.0,0.9409,0.0,0.0,0.0,0.0,0.0,0.0,0.0,0.0,0.0194,0.0,0.0194,0.0,0.0,0.0,0.0,0.0,0.0,0.0,0.0001,0.0196,0.0,0.0001,0.0,0.0,0.0,0.0,0.0,0.0,0.0002,0.0001,0.0002,0.0,0.0,0.0,0.0,0.0,0.0,0.0
98,147,0.0,0.0,0.0,0.0,0.0,0.0,0.0,0.0,0.0,0.0,0.0,0.0,0.0,0.0,0.0,0.0,0.0,0.0,0.0,0.0,0.0,0.0,0.0,0.0,0.0,0.0,0.0,0.0,0.0,0.0,0.0,0.0,0.0,0.0,0.0,0.0,0.0,0.0,0.0,0.0,0.0,0.0,0.0,0.0,0.0,0.0,0.0,0.0,0.0,0.0,0.0,0.009408999999999999,0.0,0.0,0.0,0.0,0.0,0.0,0.0,0.0,0.009602999999999999,0.0,0.912867,0.0,0.0,0.0,0.0,0.0,0.0,0.0,0.000195,0.028617000000000004,0.0,0.018819000000000002,0.0,0.0,0.0,0.0,0.0,0.0,0.00039299999999999996,9.8e-05,0.019208999999999997,0.0,9.7e-05,0.0,0.0,0.0,0.0,0.0,6.000000000000002e-06,0.000393,9.9e-05,0.000195,0.0,0.0,0.0,0.0,0.0,0.0
99,148,0.0,0.0,0.0,0.0,0.0,0.0,0.0,0.0,0.0,0.0,0.0,0.0,0.0,0.0,0.0,0.0,0.0,0.0,0.0,0.0,0.0,0.0,0.0,0.0,0.0,0.0,0.0,0.0,0.0,0.0,0.0,0.0,0.0,0.0,0.0,0.0,0.0,0.0,0.0,0.0,0.0,9.408999999999999e-05,0.0,0.0,0.0,0.0,0.0,0.0,0.0,0.0,0.00019011999999999998,0.0,0.018255399999999998,0.0,0.0,0.0,0.0,0.0,0.0,0.0,9.797999999999998e-05,0.01882384,0.0,0.88566918,0.0,0.0,0.0,0.0,0.0,0.0,0.00038808,0.00019013,0.037267440000000006,0.0,0.0182554,0.0,0.0,0.0,0.0,0.0,6.92e-06,0.0008634,9.604999999999999e-05,0.018823839999999998,0.0,9.409e-05,0.0,0.0,0.0,0.0,7.980000000000002e-06,1.1720000000000003e-05,0.00057624,9.797999999999998e-05,0.00019012,0.0,0.0,0.0,0.0,0.0
100,149,0.0,0.0,0.0,0.0,0.0,0.0,0.0,0.0,0.0,0.0,0.0,0.0,0.0,0.0,0.0,0.0,0.0,0.0,0.0,0.0,0.0,0.0,0.0,0.0,0.0,0.0,0.0,0.0,0.0,0.0,0.0,9.408999999999999e-07,0.0,0.0,0.0,0.0,0.0,0.0,0.0,0.0,2.8421e-06,0.0,0.00027382129999999993,0.0,0.0,0.0,0.0,0.0,0.0,0.0,2.881e-06,0.0005561497,0.0,0.026564429799999997,0.0,0.0,0.0,0.0,0.0,0.0,0.0001950002,9.694189999999997e-05,0.027671045000000002,0.0,0.8592816585999999,0.0,0.0,0.0,0.0,0.0,6.8311e-06,0.0009459844000000001,0.0001853866,0.04537690100000001,0.0,0.0177086789,0.0,0.0,0.0,0.0,1.2663799999999999e-05,9.691399999999998e-06,0.0014041732,9.414829999999999e-05,0.0184445209,0.0,9.12673e-05,0.0,0.0,0.0,3.4600000000000005e-07,2.22542e-05,1.9071100000000004e-05,0.0007500721999999999,9.694179999999997e-05,0.0001853573,0.0,0.0,0.0,0.0
101,150,0.0,0.0,0.0,0.0,0.0,0.0,0.0,0.0,0.0,0.0,0.0,0.0,0.0,0.0,0.0,0.0,0.0,0.0,0.0,0.0,0.0,9.408999999999998e-09,0.0,0.0,0.0,0.0,0.0,0.0,0.0,0.0,3.783e-08,0.0,2.747621999999999e-06,0.0,0.0,0.0,0.0,0.0,0.0,0.0,5.7231000000000005e-08,9.240804e-06,0.0,0.00026838251099999997,0.0,0.0,0.0,0.0,0.0,0.0,1.0297146000000001e-05,9.982289999999996e-07,0.000813522906,0.0,0.008858460884,0.0,0.0,0.0,0.0,0.0,5.782301999999999e-06,0.0008275855050000002,2.8232849999999995e-06,0.035090792952,0.0,0.008769903375,0.0,0.0,0.0,0.0,0.000198804987,9.605273399999998e-05,0.027318184236,2.7953489999999996e-06,0.8343185098499999,0.0,0.000177999462,0.0,0.0,0.0,6.853179e-06,0.00093199578,0.00018105410999999999,0.04422158163300001,1.9109009999999996e-06,0.017364629988,0.0,9.126730000000001e-07,0.0,0.0,1.2845508e-05,3.1181403e-05,0.0013882702350000002,0.0008200540139999999,0.017994573114,0.00018076599900000001,9.038285399999999e-05,0.0,0.0,0.0
102,151,0.0,0.0,0.0,0.0,0.0,0.0,0.0,0.0,0.0,0.0,0.0,9.408999999999998e-11,0.0,0.0,0.0,0.0,0.0,0.0,0.0,0.0,4.723900000000001e-10,0.0,3.660294999999999e-08,0.0,0.0,0.0,0.0,0.0,0.0,0.0,9.5061e-10,1.5667345e-07,0.0,5.349018449999999e-06,0.0,0.0,0.0,0.0,0.0,0.0,1.9633011000000001e-07,6.549636e-08,1.9810110269999998e-05,0.0,0.00034891564451,0.0,0.0,0.0,0.0,0.0,1.7134907999999998e-07,2.6491723770000002e-05,9.965149799999994e-07,0.00123129358229,0.0,0.00868040609123,0.0,0.0,0.0,0.0,1.0424699400000002e-05,6.607575419999999e-06,0.0014349829407900002,2.7665399399999993e-06,0.042557537904530006,0.0,0.00850858626837,0.0,0.0,0.0,3.07493202e-06,0.0004836184926,9.503787941999998e-05,0.03563494755327,2.7305975399999993e-06,0.80955207988275,0.0,0.00017266860487000002,0.0,0.0,1.150499454e-05,9.7304661e-06,0.0016333162676400001,0.00018387008933999998,0.051591711313530006,3.6612339599999997e-06,0.016846384038250003,0.0,8.8529281e-07,0.0,6.3725598e-07,3.597461694000001e-05,5.4139744500000005e-05,0.00197698421556,0.00097722489372,0.01763109370899,0.00017624684757000002,8.768049510999998e-05,0.0,0.0
103,152,0.0,9.408999999999998e-13,0.0,0.0,0.0,0.0,0.0,0.0,0.0,0.0,5.664800000000001e-12,0.0,4.5729679999999987e-10,0.0,0.0,0.0,0.0,0.0,0.0,0.0,1.4230000000000002e-11,2.3919232000000003e-09,0.0,8.899504599999999e-08,0.0,0.0,0.0,0.0,0.0,0.0,3.5442656e-09,1.5770553e-09,4.039305632e-07,0.0,8.6777043416e-06,0.0,0.0,0.0,0.0,0.0,4.3412616000000005e-09,6.550252816e-07,7.3496619e-08,3.5071389414399994e-05,0.0,0.000425252236087,0.0,0.0,0.0,0.0,3.728410236e-07,2.4290447519999996e-07,5.2557838390400004e-05,9.942849299999995e-07,0.0017102233712239998,0.0,0.008505079771176798,0.0,0.0,0.0,2.027855592e-07,2.9562889989600005e-05,7.397357500799999e-06,0.0021861712429672004,2.7108497171999995e-06,0.049548222489817606,0.0,0.008255055366367598,0.0,0.0,5.0862311856e-06,4.0964432688e-06,0.000856142405439,9.408041530559998e-05,0.043602912417679995,2.6852919533999993e-06,0.7855207938753824,0.0,0.000167497399652,0.0,2.494764864e-07,3.2688938475599996e-05,1.2769029249599998e-05,0.0024763532104344,0.00018819015391199998,0.058484255550424004,5.3138654169e-06,0.0163436048610304,0.0,8.587340257e-07,4.875412344000002e-07,1.616586576e-06,7.153978070880001e-05,8.38963441512e-05,0.0026196749882556004,0.0011260181648136,0.0172732640115296,0.00017183624709400002,8.505893318479998e-05,0.0
104,155,0.0,0.0,1.0,0.0,0.0,0.0,0.0,0.0,0.0,0.0,0.0,0.0,0.0,0.0,0.0,0.0,0.0,0.0,0.0,0.0,0.0,0.0,0.0,0.0,0.0,0.0,0.0,0.0,0.0,0.0,0.0,0.0,0.0,0.0,0.0,0.0,0.0,0.0,0.0,0.0,0.0,0.0,0.0,0.0,0.0,0.0,0.0,0.0,0.0,0.0,0.0,0.0,0.0,0.0,0.0,0.0,0.0,0.0,0.0,0.0,0.0,0.0,0.0,0.0,0.0,0.0,0.0,0.0,0.0,0.0,0.0,0.0,0.0,0.0,0.0,0.0,0.0,0.0,0.0,0.0,0.0,0.0,0.0,0.0,0.0,0.0,0.0,0.0,0.0,0.0,0.0,0.0,0.0,0.0,0.0,0.0,0.0,0.0,0.0,0.0
105,156,0.0,0.97,0.01,0.01,0.0,0.0,0.0,0.0,0.0,0.0,0.0,0.0,0.01,0.0,0.0,0.0,0.0,0.0,0.0,0.0,0.0,0.0,0.0,0.0,0.0,0.0,0.0,0.0,0.0,0.0,0.0,0.0,0.0,0.0,0.0,0.0,0.0,0.0,0.0,0.0,0.0,0.0,0.0,0.0,0.0,0.0,0.0,0.0,0.0,0.0,0.0,0.0,0.0,0.0,0.0,0.0,0.0,0.0,0.0,0.0,0.0,0.0,0.0,0.0,0.0,0.0,0.0,0.0,0.0,0.0,0.0,0.0,0.0,0.0,0.0,0.0,0.0,0.0,0.0,0.0,0.0,0.0,0.0,0.0,0.0,0.0,0.0,0.0,0.0,0.0,0.0,0.0,0.0,0.0,0.0,0.0,0.0,0.0,0.0,0.0
106,157,0.9409,0.0194,0.0196,0.0002,0.0001,0.0,0.0,0.0,0.0,0.0,0.0,0.0194,0.0001,0.0002,0.0,0.0,0.0,0.0,0.0,0.0,0.0,0.0,0.0001,0.0,0.0,0.0,0.0,0.0,0.0,0.0,0.0,0.0,0.0,0.0,0.0,0.0,0.0,0.0,0.0,0.0,0.0,0.0,0.0,0.0,0.0,0.0,0.0,0.0,0.0,0.0,0.0,0.0,0.0,0.0,0.0,0.0,0.0,0.0,0.0,0.0,0.0,0.0,0.0,0.0,0.0,0.0,0.0,0.0,0.0,0.0,0.0,0.0,0.0,0.0,0.0,0.0,0.0,0.0,0.0,0.0,0.0,0.0,0.0,0.0,0.0,0.0,0.0,0.0,0.0,0.0,0.0,0.0,0.0,0.0,0.0,0.0,0.0,0.0,0.0,0.0
107,158,0.019011999999999998,0.009992999999999998,0.000393,0.00020099999999999998,3.0000000000000005e-06,1.0000000000000002e-06,0.0,0.0,0.0,0.0,0.912867,0.018819000000000002,0.019208999999999997,0.000195,9.9e-05,0.0,0.0,0.0,0.0,0.0,0.0,0.018819000000000002,9.7e-05,0.000195,0.0,0.0,0.0,0.0,0.0,0.0,0.0,0.0,9.7e-05,0.0,0.0,0.0,0.0,0.0,0.0,0.0,0.0,0.0,0.0,0.0,0.0,0.0,0.0,0.0,0.0,0.0,0.0,0.0,0.0,0.0,0.0,0.0,0.0,0.0,0.0,0.0,0.0,0.0,0.0,0.0,0.0,0.0,0.0,0.0,0.0,0.0,0.0,0.0,0.0,0.0,0.0,0.0,0.0,0.0,0.0,0.0,0.0,0.0,0.0,0.0,0.0,0.0,0.0,0.0,0.0,0.0,0.0,0.0,0.0,0.0,0.0,0.0,0.0,0.0,0.0,0.0
108,159,0.00960884,0.00048217,0.00029796,7.92e-06,3.0399999999999997e-06,4.000000000000001e-08,1.0000000000000002e-08,0.0,0.0,0.0,0.027758500000000002,0.01920216,0.0005723200000000001,0.00038999999999999994,4.860000000000001e-06,1.96e-06,0.0,0.0,0.0,0.0,0.88566918,0.0182554,0.018823839999999998,0.00019012,9.797999999999998e-05,0.0,0.0,0.0,0.0,0.0,0.0,0.0182554,9.409e-05,0.00019012,0.0,0.0,0.0,0.0,0.0,0.0,0.0,0.0,9.409e-05,0.0,0.0,0.0,0.0,0.0,0.0,0.0,0.0,0.0,0.0,0.0,0.0,0.0,0.0,0.0,0.0,0.0,0.0,0.0,0.0,0.0,0.0,0.0,0.0,0.0,0.0,0.0,0.0,0.0,0.0,0.0,0.0,0.0,0.0,0.0,0.0,0.0,0.0,0.0,0.0,0.0,0.0,0.0,0.0,0.0,0.0,0.0,0.0,0.0,0.0,0.0,0.0,0.0,0.0,0.0,0.0,0.0
109,160,0.00047458350000000005,0.0002959113,1.36037e-05,6.989199999999999e-06,1.586e-07,5.0499999999999996e-08,5.000000000000001e-10,1.0000000000000002e-10,0.0,0.0,0.0186468732,0.0009335671,0.0006731812,1.53554e-05,7.848199999999999e-06,8.740000000000001e-08,2.93e-08,0.0,0.0,0.0,0.0359649908,0.027853579399999998,0.0007405465000000001,0.0005694193999999999,6.615400000000001e-06,2.881e-06,0.0,0.0,0.0,0.0,0.8592816585999999,0.0177086789,0.0184445209,0.0001853573,9.694179999999997e-05,0.0,0.0,0.0,0.0,0.0,0.0,0.0177086789,9.12673e-05,0.0001853573,0.0,0.0,0.0,0.0,0.0,0.0,0.0,0.0,9.12673e-05,0.0,0.0,0.0,0.0,0.0,0.0,0.0,0.0,0.0,0.0,0.0,0.0,0.0,0.0,0.0,0.0,0.0,0.0,0.0,0.0,0.0,0.0,0.0,0.0,0.0,0.0,0.0,0.0,0.0,0.0,0.0,0.0,0.0,0.0,0.0,0.0,0.0,0.0,0.0,0.0,0.0,0.0,0.0,0.0,0.0,0.0,0.0
110,161,0.000198919515,1.7176656e-05,9.896854000000001e-06,3.6106899999999996e-07,1.5046499999999996e-07,2.9700000000000003e-09,8.04e-10,6.000000000000002e-12,1.0000000000000002e-12,0.0,0.001015800306,0.000758770299,3.0090278999999998e-05,1.9284012e-05,3.74424e-07,1.5656999999999998e-07,1.3590000000000004e-09,3.9000000000000005e-10,0.0,0.0,0.027318469292000006,0.0014497022489999999,0.001121660961,2.421993e-05,1.4305175999999997e-05,1.5093200000000002e-07,5.7231000000000005e-08,0.0,0.0,0.0,0.043655944450999996,0.035972320602,0.0008981831400000001,0.0007396050179999999,8.270511000000002e-06,3.7639879999999995e-06,0.0,0.0,0.0,0.0,0.8336802956309999,0.017178331206,0.018071038308000005,0.000180709254,9.588711899999996e-05,0.0,0.0,0.0,0.0,0.0,0.0,0.017178331206,8.8529281e-05,0.000180709254,0.0,0.0,0.0,0.0,0.0,0.0,0.0,0.0,8.8529281e-05,0.0,0.0,0.0,0.0,0.0,0.0,0.0,0.0,0.0,0.0,0.0,0.0,0.0,0.0,0.0,0.0,0.0,0.0,0.0,0.0,0.0,0.0,0.0,0.0,0.0,0.0,0.0,0.0,0.0,0.0,0.0,0.0,0.0,0.0,0.0,0.0,0.0
111,162,1.4308159919999998e-05,9.84763324e-06,5.752485800000001e-07,2.9692400000000005e-07,8.889279999999998e-09,3.1080899999999993e-09,5.139e-11,1.201e-11,7.000000000000003e-14,1.0000000000000002e-14,0.0004838823285200001,4.161728466e-05,2.8597101100000002e-05,8.9708326e-07,4.8340863e-07,8.14805e-09,2.92179e-09,1.9410000000000004e-11,4.870000000000001e-12,0.0,0.00170956745674,0.00138013169858,5.290862382e-05,3.746120319e-05,6.8960501e-07,3.3313685e-07,2.8275500000000002e-09,9.5061e-10,0.0,0.0,0.03563200082008,0.0020235357694999997,0.0016358407714500002,3.436496115e-05,2.2268581969999997e-05,2.2910915e-07,9.315394999999999e-08,0.0,0.0,0.0,0.05085485238583999,0.043582447635389994,0.00104571334321,0.00090089321427,9.829488210000002e-06,4.609939549999999e-06,0.0,0.0,0.0,0.0,0.8088416700741299,0.01666386656263,0.017703382856170007,0.00017617326918999997,9.481759796999996e-05,0.0,0.0,0.0,0.0,0.0,0.0,0.01666386656263,8.587340257e-05,0.00017617326918999997,0.0,0.0,0.0,0.0,0.0,0.0,0.0,0.0,8.587340257e-05,0.0,0.0,0.0,0.0,0.0,0.0,0.0,0.0,0.0,0.0,0.0,0.0,0.0,0.0,0.0,0.0,0.0,0.0,0.0,0.0,0.0,0.0,0.0,0.0,0.0,0.0,0.0
112,163,5.2234628160000015e-06,6.634832639999999e-07,3.931690692e-07,1.7781451200000004e-08,7.9233e-09,2.019681e-10,6.09328e-11,8.288000000000002e-13,1.6960000000000003e-13,0.0,3.62295858216e-05,2.84783155248e-05,1.5122210399999998e-06,9.534334092000002e-07,2.4570964799999998e-08,1.1209519999999998e-08,1.597984e-10,5.04224e-11,2.620000000000001e-13,5.840000000000001e-14,0.0008565828584184002,7.822888462079999e-05,5.82735247992e-05,1.749802662e-06,1.0695355911999999e-06,1.71190256e-08,7.1065504e-09,4.710320000000001e-11,1.4230000000000002e-11,0.0,0.002543384322792,0.0021472306398918,8.2357505844e-05,6.19273927712e-05,1.1131524448000002e-06,5.928594991999998e-07,5.033815e-09,1.8536312e-09,0.0,0.0,0.0435958304964312,0.0026484740193317997,0.0022086327853648,4.56511733216e-05,3.16037320288e-05,3.2053075760000004e-07,1.3645872699999998e-07,0.0,0.0,0.0,0.05758426218063239,0.05070706340125759,0.0011836010752576,0.0010536101550752,1.12963362556e-05,5.419817343199999e-06,0.0,0.0,0.0,0.0,0.7847430586375322,0.016164809299776803,0.017341540502828805,0.00017174680513999996,9.373480272279995e-05,0.0,0.0,0.0,0.0,0.0,0.0,0.016164809299776803,8.329720049289999e-05,0.00017174680513999996,0.0,0.0,0.0,0.0,0.0,0.0,0.0,0.0,8.329720049289999e-05,0.0,0.0,0.0,0.0,0.0,0.0,0.0,0.0,0.0,0.0,0.0,0.0,0.0,0.0,0.0,0.0,0.0
113,164,4.73399947176e-07,5.362108610100001e-06,6.62810481684e-07,3.91165378728e-07,1.7574969993e-08,7.800325209000001e-09,1.98124657e-10,5.961902399999999e-11,8.082520000000002e-13,1.65096e-13,9.265142225808003e-06,3.5946744136200004e-05,2.8220167331832e-05,1.48477595958e-06,9.357170910360001e-07,2.4008643776999997e-08,1.0945413455999998e-08,1.5548638799999998e-10,4.9054308000000007e-11,3.107880000000001e-13,3.5144256516528004e-05,0.0008532251974680062,7.673821337763598e-05,5.716482267294e-05,1.7088570064919999e-06,1.04356127916e-06,1.6657861998e-08,6.9125367239999994e-09,4.569272400000001e-11,1.3803684e-11,0.0004914302831753339,0.002495173397206206,0.002106102057724398,8.037192195296398e-05,6.0402232259256e-05,1.0831847074380003e-06,5.765279033099999e-07,4.883271582e-09,1.798164564e-09,0.0,0.0010637195101918739,0.04283858484980339,0.0025821358962960774,0.002153845214602608,4.4408938316532e-05,3.071711142363e-05,3.1096517302200004e-07,1.32383501502e-07,0.0,0.0,0.009366302147158534,0.056056703159157076,0.049391889333652544,0.0011503799861470438,0.0010233094339438921,1.0960651475508e-05,5.258587410173999e-06,0.0,0.0,0.0,0.008584921301179414,0.7620429010104448,0.015694251471592407,0.016834485205373322,0.00016670736434835594,9.097695681454797e-05,0.0,0.0,0.0,0.0,0.00800907867937309,0.00016248106500269704,0.015855830865868118,8.251575252951299e-05,0.00016753174901302796,0.0,0.0,0.0,0.0,0.0,0.0,0.00016248106500269704,8.329720049289999e-07,8.251575252951299e-05,0.0,0.0,0.0,0.0,0.0,0.0,0.0,0.0,8.329720049289999e-07,0.0,0.0,0.0,0.0,0.0,0.0,0.0
114,166,0.0,0.0,0.0,0.0,0.0,0.0,0.0,0.0,0.0,0.0,0.0,0.0,0.0,0.0,0.0,0.0,0.0,0.0,0.0,0.0,0.0,0.0,0.0,0.0,0.0,0.0,0.0,0.0,0.0,0.0,0.0,0.0,0.0,0.0,0.0,0.0,0.0,0.0,0.0,0.0,0.0,0.0,1.0,0.0,0.0,0.0,0.0,0.0,0.0,0.0,0.0,0.0,0.0,0.0,0.0,0.0,0.0,0.0,0.0,0.0,0.0,0.0,0.0,0.0,0.0,0.0,0.0,0.0,0.0,0.0,0.0,0.0,0.0,0.0,0.0,0.0,0.0,0.0,0.0,0.0,0.0,0.0,0.0,0.0,0.0,0.0,0.0,0.0,0.0,0.0,0.0,0.0,0.0,0.0,0.0,0.0,0.0,0.0,0.0,0.0
115,167,0.0,0.0,0.0,0.0,0.0,0.0,0.0,0.0,0.0,0.0,0.0,0.0,0.0,0.0,0.0,0.0,0.0,0.0,0.0,0.0,0.0,0.0,0.0,0.0,0.0,0.0,0.0,0.0,0.0,0.0,0.0,0.0,0.01,0.0,0.0,0.0,0.0,0.0,0.0,0.0,0.0,0.01,0.0,0.01,0.0,0.0,0.0,0.0,0.0,0.0,0.0,0.0,0.97,0.0,0.0,0.0,0.0,0.0,0.0,0.0,0.0,0.0,0.0,0.0,0.0,0.0,0.0,0.0,0.0,0.0,0.0,0.0,0.0,0.0,0.0,0.0,0.0,0.0,0.0,0.0,0.0,0.0,0.0,0.0,0.0,0.0,0.0,0.0,0.0,0.0,0.0,0.0,0.0,0.0,0.0,0.0,0.0,0.0,0.0,0.0
116,168,0.0,0.0,0.0,0.0,0.0,0.0,0.0,0.0,0.0,0.0,0.0,0.0,0.0,0.0,0.0,0.0,0.0,0.0,0.0,0.0,0.0,0.0,0.0001,0.0,0.0,0.0,0.0,0.0,0.0,0.0,0.0,0.0002,0.0,0.0002,0.0,0.0,0.0,0.0,0.0,0.0,0.0001,0.0,0.0196,0.0,0.0001,0.0,0.0,0.0,0.0,0.0,0.0,0.0194,0.0,0.0194,0.0,0.0,0.0,0.0,0.0,0.0,0.0,0.0,0.9409,0.0,0.0,0.0,0.0,0.0,0.0,0.0,0.0,0.0,0.0,0.0,0.0,0.0,0.0,0.0,0.0,0.0,0.0,0.0,0.0,0.0,0.0,0.0,0.0,0.0,0.0,0.0,0.0,0.0,0.0,0.0,0.0,0.0,0.0,0.0,0.0,0.0
117,175,7.494600000000001e-14,7.837902e-12,5.267886000000001e-12,5.493872159999999e-10,1.5405426000000003e-10,1.2366147438000003e-08,1.383123582e-09,5.556276070199999e-08,0.0,0.0,6.813516000000001e-12,4.187058e-12,1.057652496e-09,5.254620000000002e-11,4.5250970039999996e-08,1.8678612e-11,6.221677944779999e-07,0.0,9.915462006599996e-07,0.0,6.9843480000000015e-12,1.1257662960000002e-09,2.35988517e-10,8.8555105752e-08,1.2596316240000003e-09,2.468589801912e-06,0.0,1.8805963593203995e-05,0.0,2.654816078627999e-06,5.838602160000002e-10,4.111636410000001e-10,9.763860022800001e-08,8.203782956999999e-09,4.900165109879999e-06,9.295574505e-09,8.9273984424912e-05,0.0,0.0002782405026008999,2.5504400563289997e-06,3.6328200000000003e-10,5.9922751716e-08,1.4326395601e-08,5.296986933924e-06,1.5699527144100004e-07,0.000183130681298736,8.587340256999999e-09,0.002056928719344912,8.587340257e-09,0.000503315255681457,1.727705676e-08,1.178532504e-08,3.1325652937319996e-06,2.689616469479999e-07,0.00018667481699724,8.506778611289998e-07,0.0045786612677974564,0.0,0.02549737422607597,0.000242446377475881,5.0115073199999994e-09,9.1210406364e-07,1.9569614869299994e-07,9.2583678610392e-05,2.585598958307999e-06,0.004137777894463416,0.0,0.07355216081364556,0.0,0.023527295607158816,9.446625381600001e-08,5.241559775099999e-08,1.8892165461263998e-05,9.910115530529995e-07,0.0013928022493262641,0.0,0.05101771580256267,0.0,0.7616858142237362,0.0,2.3262803699999997e-09,5.00981199504e-07,5.8233431534999983e-08,5.313698727623999e-05,1.2882653225999998e-07,0.0025134983630035017,0.0,0.04706209061838155,0.0,0.0,4.1833273680000005e-09,6.805317954000001e-09,7.99805792016e-07,5.219791905960001e-07,5.102888568498e-05,1.6663424085587996e-05,0.0012124895486579816,0.0,0.0,0.0
118,177,0.0,0.0,0.0,0.0,0.0,0.0,0.0,0.0,0.0,0.0,0.0,0.0,0.0,0.0,0.0,0.0,0.0,0.0,0.0,0.0,0.0,0.0,0.0,0.0,0.0,0.0,0.0,0.0,0.0,0.0,0.0,0.0,0.0,0.0,0.0,0.0,0.0,0.0,0.0,0.0,0.0,0.0,0.0,0.0,0.0,0.0,0.0,0.0,0.0,0.0,0.0,0.0,1.0,0.0,0.0,0.0,0.0,0.0,0.0,0.0,0.0,0.0,0.0,0.0,0.0,0.0,0.0,0.0,0.0,0.0,0.0,0.0,0.0,0.0,0.0,0.0,0.0,0.0,0.0,0.0,0.0,0.0,0.0,0.0,0.0,0.0,0.0,0.0,0.0,0.0,0.0,0.0,0.0,0.0,0.0,0.0,0.0,0.0,0.0,0.0
119,179,0.0,0.0,0.0,0.0,0.0,0.0,0.0,0.0,0.0,0.0,0.0,0.0,0.0,0.0,0.0,0.0,0.0,0.0,0.0,0.0,0.0,0.0,0.0,0.0,0.0,0.0,0.0,0.0,0.0,0.0,0.0,0.0,0.0001,0.0,0.0,0.0,0.0,0.0,0.0,0.0,0.0,0.0002,0.0,0.0098,0.0,0.0,0.0,0.0,0.0,0.0,0.0001,0.0,0.0196,0.0,0.0097,0.0,0.0,0.0,0.0,0.0,0.0,0.0098,0.0,0.941,0.0,0.0,0.0,0.0,0.0,0.0,0.0,0.0,0.0097,0.0,0.0,0.0,0.0,0.0,0.0,0.0,0.0,0.0,0.0,0.0,0.0,0.0,0.0,0.0,0.0,0.0,0.0,0.0,0.0,0.0,0.0,0.0,0.0,0.0,0.0,0.0
120,180,0.0,0.0,0.0,0.0,0.0,0.0,0.0,0.0,0.0,0.0,0.0,0.0,0.0,0.0,0.0,0.0,0.0,0.0,0.0,0.0,0.0,0.0,1.0000000000000002e-06,0.0,0.0,0.0,0.0,0.0,0.0,0.0,0.0,3.0000000000000005e-06,0.0,0.000195,0.0,0.0,0.0,0.0,0.0,0.0,3.0000000000000005e-06,0.0,0.000489,0.0,0.009602999999999999,0.0,0.0,0.0,0.0,0.0,1.0000000000000002e-06,0.00039299999999999996,0.0,0.028616999999999997,0.0,0.009409,0.0,0.0,0.0,0.0,9.9e-05,0.0,0.019208999999999997,0.0,0.912867,0.0,0.0,0.0,0.0,0.0,0.0,0.000195,0.0,0.018819000000000002,0.0,0.0,0.0,0.0,0.0,0.0,0.0,0.0,9.7e-05,0.0,0.0,0.0,0.0,0.0,0.0,0.0,0.0,0.0,0.0,0.0,0.0,0.0,0.0,0.0,0.0,0.0
121,182,0.0,0.0,1.0000000000000002e-10,0.0,0.0,0.0,0.0,0.0,0.0,0.0,0.0,5.000000000000001e-10,0.0,2.93e-08,0.0,0.0,0.0,0.0,0.0,0.0,1.0000000000000003e-09,0.0,1.3690000000000001e-07,0.0,2.881e-06,0.0,0.0,0.0,0.0,0.0,1.0000000000000003e-09,2.5459999999999996e-07,0.0,1.43666e-05,0.0,9.694179999999997e-05,0.0,0.0,0.0,0.0,1.97e-07,3.8900000000000004e-08,2.6813199999999996e-05,0.0,0.0007500721999999999,0.0,0.0001853573,0.0,0.0,0.0,9.850000000000002e-08,2.3049999999999998e-05,9.700000000000001e-09,0.0014944996,0.0,0.018444520900000004,0.0,9.126730000000001e-05,0.0,0.0,6.840199999999999e-06,1.9013e-06,0.0011294307999999997,0.0,0.045376901,0.0,0.017708678899999997,0.0,0.0,0.0,9.994e-07,0.0002909426,0.0,0.027671045,0.0,0.8592816585999999,0.0,0.0,0.0,0.0,2.881e-06,0.0,0.0005561497,0.0,0.0265644298,0.0,0.0,0.0,0.0,0.0,0.0,2.8421000000000003e-06,9.409000000000001e-07,0.00027382130000000004,0.0,0.0,0.0,0.0,0.0,0.0
122,183,0.0,6.000000000000002e-12,1.0000000000000002e-12,3.9000000000000005e-10,0.0,0.0,0.0,0.0,0.0,0.0,1.5000000000000003e-11,0.0,2.148e-09,0.0,5.7231000000000005e-08,0.0,0.0,0.0,0.0,0.0,2.0000000000000005e-11,4.89e-09,0.0,3.0556200000000005e-07,0.0,3.7639879999999995e-06,0.0,0.0,0.0,0.0,4.536e-09,1.3590000000000002e-09,6.601289999999999e-07,0.0,2.2434552e-05,0.0,9.588711899999996e-05,0.0,0.0,0.0,3.3540000000000006e-09,6.922679999999999e-07,3.783e-08,4.859818799999999e-05,0.0,0.000914838234,0.0,0.000180709254,0.0,0.0,3.01857e-07,1.1504400000000002e-07,4.886593599999999e-05,9.409e-09,0.002095379553,0.0,0.01807103830800001,0.0,8.852928100000001e-05,0.0,9.8394e-08,2.1069227999999995e-05,1.8443579999999998e-06,0.0018409723319999995,0.0,0.052969942554,0.0,0.017178331205999996,0.0,0.0,3.016632e-06,9.88431e-07,0.000575780577,0.0,0.036153143544,0.0,0.8336802956309999,0.0,0.0,0.0,3.8804e-08,1.1293914000000002e-05,9.409e-09,0.00108455817,0.0,0.034360313492,0.0,0.0,0.0,0.0,5.7231000000000005e-08,3.783e-08,1.1065956000000002e-05,3.6508860000000005e-06,0.000531250959,0.0,0.0,0.0,0.0,0.0
123,186,3.1848000000000005e-14,3.280200000000001e-14,5.1407520000000014e-12,1.5286440000000005e-12,2.3349656400000003e-10,3.2339412e-11,3.1626095339999996e-09,0.0,0.0,0.0,4.6866e-14,8.768112000000001e-12,1.1446230000000001e-12,7.29042384e-10,1.9894800000000003e-13,2.217818379e-08,0.0,1.8656313862199998e-07,0.0,0.0,7.023768e-12,4.188183000000001e-12,1.215061968e-09,6.763257300000001e-11,6.550533880799999e-08,0.0,1.363115533038e-06,0.0,6.194570850131998e-06,0.0,6.401208000000001e-12,1.1181118320000002e-09,2.34549493e-10,1.0330756495199999e-07,2.3108880360000003e-09,3.912563138232e-06,0.0,5.454903778942801e-05,0.0,9.264022669251596e-05,4.94916408e-10,3.3622276800000005e-10,9.153053696399999e-08,7.978869636e-09,5.726047627223998e-06,3.4792007433000004e-08,0.000157471518965712,0.0,0.0013580026964762283,0.00016742737299072896,2.4589435199999994e-10,4.355360393999999e-08,1.0418428656999999e-08,4.482344937155999e-06,1.58397137169e-07,0.00020830596365812795,8.587340256999999e-09,0.004206820793739023,8.329720049290001e-07,0.01706545813327123,8.996496695999997e-09,6.133567544999999e-09,1.7883818462759994e-06,1.7410634730899997e-07,0.00013101380348565597,1.6835613367769996e-06,0.004799500345138127,0.0,0.07288161620341893,0.015680697992788425,1.5257932439999999e-09,2.9410510140000003e-07,6.188291181299999e-08,3.3824337990551996e-05,9.560369639759996e-07,0.001949176508406456,0.0,0.059493873194177274,0.0,0.761362414971404,6.1031283000000005e-09,3.4561019699999996e-09,1.234054800336e-06,7.322568636e-08,9.2981819120568e-05,3.0059524194000003e-07,0.003518410465974894,0.0,0.05489702308337058,0.0,1.7869619400000003e-10,1.7497545294e-08,2.0901727278e-08,1.866213514704e-06,1.217951444724e-06,8.929664415550199e-05,2.9160217419773996e-05,0.001697365119801918,0.0,0.0
124,187,1.4336400000000002e-15,1.3973514000000004e-13,7.846821000000002e-14,9.692083440000002e-12,2.6756356800000003e-12,2.5606629299999997e-10,3.194948946e-11,1.89725748156e-09,0.0,0.0,1.8928002000000002e-13,8.561466000000002e-14,2.4515254080000004e-11,2.1725461200000004e-12,1.1106173169e-09,3.137121912e-11,1.878629980248e-08,0.0,6.381133988753998e-08,0.0,2.2159161000000002e-13,3.1907044320000005e-11,4.1739868e-12,2.4074507697599997e-09,2.3978185650000002e-11,7.492467837708e-08,0.0,8.020334861893199e-07,0.0,9.883479754264796e-07,2.3007349440000003e-11,9.8342722e-12,3.13817224644e-09,1.7084666746e-10,1.6095936194783997e-07,3.7102895469000006e-10,3.4815532659805804e-06,0.0,2.1060653334209763e-05,2.6006759968324493e-06,1.697950704e-11,2.44035905016e-09,4.1484821882e-10,2.0320756901687996e-07,4.2532415373e-09,7.510221546595679e-06,4.3379347690000003e-10,0.0001101355167475548,1.6826034499565794e-06,0.0002757699019191224,1.0080288656399999e-09,4.941149905e-10,1.5192742472879997e-07,1.1168722678269998e-08,8.992287319216677e-06,5.2253705352039997e-08,0.0002448936444220934,8.415593451860001e-09,0.0022588015668862332,0.000489874442781653,4.050760962899999e-10,6.316183026551999e-08,1.2527104063959998e-08,6.0141398222661585e-06,1.8178226953454998e-07,0.00027085369131868653,2.5165333417059996e-08,0.005452366067354195,0.0001576149627726654,0.025052741680949203,1.1743942024559997e-08,6.618208588919999e-09,2.0882553698105993e-06,1.7979461251121996e-07,0.00014784321603626203,1.6456208187328494e-06,0.00530512993646957,0.0,0.07945270082980589,0.02282390120271881,1.57739871132e-09,2.978585030973e-07,6.100225961468999e-08,3.3770428725191514e-05,9.432735787869597e-07,0.001927708102446772,2.9460812661714e-07,0.05831018498504343,0.0,0.7390705127530955,6.2701321740600015e-09,2.05358420808e-08,1.23614494238556e-06,1.8936445567520998e-06,9.228540602503529e-05,8.721310390416371e-05,0.003459010180532402,0.0016467357683820581,0.05326708604206748,0.0
125,188,0.0,0.0,0.0,0.0,0.0,0.0,0.0,0.0,0.0,0.0,0.0,0.0,0.0,0.0,0.0,0.0,0.0,0.0,0.0,0.0,0.0,0.0,0.0,0.0,0.0,0.0,0.0,0.0,0.0,0.0,0.0,0.0,0.0,0.0,0.0,0.0,0.0,0.0,0.0,0.0,0.0,0.0,0.0,0.0,0.0,0.0,0.0,0.0,0.0,0.0,0.0,0.0,0.0,0.0,0.0,0.0,0.0,0.0,0.0,0.0,0.0,0.0,1.0,0.0,0.0,0.0,0.0,0.0,0.0,0.0,0.0,0.0,0.0,0.0,0.0,0.0,0.0,0.0,0.0,0.0,0.0,0.0,0.0,0.0,0.0,0.0,0.0,0.0,0.0,0.0,0.0,0.0,0.0,0.0,0.0,0.0,0.0,0.0,0.0,0.0
126,189,0.0,0.0,0.0,0.0,0.0,0.0,0.0,0.0,0.0,0.0,0.0,0.0,0.0,0.0,0.0,0.0,0.0,0.0,0.0,0.0,0.0,0.0,0.0,0.0,0.0,0.0,0.0,0.0,0.0,0.0,0.0,0.0,0.0,0.0,0.0,0.0,0.0,0.0,0.0,0.0,0.0,0.0,0.0,0.0,0.0,0.0,0.0,0.0,0.0,0.0,0.0,0.0,0.01,0.0,0.0,0.0,0.0,0.0,0.0,0.0,0.0,0.01,0.0,0.97,0.0,0.0,0.0,0.0,0.0,0.0,0.0,0.0,0.01,0.0,0.0,0.0,0.0,0.0,0.0,0.0,0.0,0.0,0.0,0.0,0.0,0.0,0.0,0.0,0.0,0.0,0.0,0.0,0.0,0.0,0.0,0.0,0.0,0.0,0.0,0.0
127,190,0.0,0.0,0.0,0.0,0.0,0.0,0.0,0.0,0.0,0.0,0.0,0.0,0.0,0.0,0.0,0.0,0.0,0.0,0.0,0.0,0.0,0.0,0.0,0.0,0.0,0.0,0.0,0.0,0.0,0.0,0.0,0.0,0.0,0.0,0.0,0.0,0.0,0.0,0.0,0.0,0.0,0.0,0.0001,0.0,0.0,0.0,0.0,0.0,0.0,0.0,0.0,0.0002,0.0,0.0194,0.0,0.0,0.0,0.0,0.0,0.0,0.0001,0.0,0.0196,0.0,0.9409,0.0,0.0,0.0,0.0,0.0,0.0,0.0002,0.0,0.0194,0.0,0.0,0.0,0.0,0.0,0.0,0.0,0.0,0.0001,0.0,0.0,0.0,0.0,0.0,0.0,0.0,0.0,0.0,0.0,0.0,0.0,0.0,0.0,0.0,0.0,0.0
128,191,0.0,0.0,0.0,0.0,0.0,0.0,0.0,0.0,0.0,0.0,0.0,0.0,0.0,0.0,0.0,0.0,0.0,0.0,0.0,0.0,0.0,0.0,0.0,0.0,0.0,0.0,0.0,0.0,0.0,0.0,0.0,0.0,1.0000000000000002e-06,0.0,0.0,0.0,0.0,0.0,0.0,0.0,0.0,3.0000000000000005e-06,0.0,0.000195,0.0,0.0,0.0,0.0,0.0,0.0,3.0000000000000005e-06,0.0,0.000489,0.0,0.009602999999999999,0.0,0.0,0.0,0.0,0.0,1.0000000000000002e-06,0.00039299999999999996,0.0,0.028617,0.0,0.009408999999999999,0.0,0.0,0.0,0.0,9.9e-05,0.0,0.019208999999999997,0.0,0.912867,0.0,0.0,0.0,0.0,0.0,0.0,0.000195,0.0,0.018819000000000002,0.0,0.0,0.0,0.0,0.0,0.0,0.0,0.0,9.7e-05,0.0,0.0,0.0,0.0,0.0,0.0,0.0
129,192,0.0,0.0,0.0,0.0,0.0,0.0,0.0,0.0,0.0,0.0,0.0,0.0,0.0,0.0,0.0,0.0,0.0,0.0,0.0,0.0,0.0,0.0,1.0000000000000002e-08,0.0,0.0,0.0,0.0,0.0,0.0,0.0,0.0,4.000000000000001e-08,0.0,2.92e-06,0.0,0.0,0.0,0.0,0.0,0.0,6.000000000000001e-08,0.0,9.76e-06,0.0,0.00028518,0.0,0.0,0.0,0.0,0.0,4.000000000000001e-08,1.1760000000000001e-05,0.0,0.00085848,0.0,0.009408999999999999,0.0,0.0,0.0,0.0,4.959999999999999e-06,9.7e-07,0.00086436,0.0,0.037077280000000004,0.0,0.00912673,0.0,0.0,0.0,1e-06,0.000294,0.0,0.028235759999999995,0.0,0.88557508,0.0,0.0,0.0,0.0,2.94e-06,0.0,0.0005704,0.0,0.0273831,0.0,0.0,0.0,0.0,0.0,0.0,2.92e-06,9.7e-07,0.00028228000000000004,0.0,0.0,0.0,0.0,0.0,0.0
130,193,0.0,0.0,0.0,0.0,0.0,0.0,0.0,0.0,0.0,0.0,0.0,0.0,1.0000000000000002e-10,0.0,0.0,0.0,0.0,0.0,0.0,0.0,0.0,5.000000000000001e-10,0.0,3.89e-08,0.0,0.0,0.0,0.0,0.0,0.0,1.0000000000000003e-09,0.0,1.657e-07,0.0,5.6842e-06,0.0,0.0,0.0,0.0,0.0,1.0000000000000003e-09,2.738e-07,0.0,2.0932999999999998e-05,0.0,0.00037071459999999995,0.0,0.0,0.0,0.0,1.6819999999999998e-07,4.8500000000000004e-08,2.87332e-05,0.0,0.0013004402,0.0,0.0092179973,0.0,0.0,0.0,6.97e-08,1.6512399999999998e-05,9.409e-07,0.0015001443999999998,0.0,0.045006069700000005,0.0,0.008852928099999999,0.0,0.0,3.0289999999999997e-06,9.797000000000001e-07,0.0005818851999999999,0.0,0.036889041799999994,0.0,0.8590990948999999,0.0,0.0,0.0,3.9399999999999995e-08,1.1524999999999999e-05,9.700000000000001e-09,0.0011122993999999999,0.0,0.0354173578,0.0,0.0,0.0,0.0,5.8599999999999995e-08,3.89e-08,1.13689e-05,3.7637e-06,0.0005476426000000001,0.0,0.0,0.0,0.0,0.0
131,194,0.0,0.0,1.0000000000000002e-12,0.0,0.0,0.0,0.0,0.0,0.0,0.0,0.0,6.000000000000002e-12,0.0,4.86e-10,0.0,0.0,0.0,0.0,0.0,0.0,1.5000000000000003e-11,0.0,2.5320000000000004e-09,0.0,9.4575e-08,0.0,0.0,0.0,0.0,0.0,2.0000000000000005e-11,5.37e-09,0.0,4.2729e-07,0.0,9.22082e-06,0.0,0.0,0.0,0.0,4.4399999999999996e-09,1.4550000000000002e-09,7.639049999999999e-07,0.0,3.707339999999999e-05,0.0,0.00045177313499999993,0.0,0.0,0.0,2.8740000000000002e-09,6.183479999999999e-07,5.6454000000000004e-08,5.608638e-05,0.0,0.0018073748099999998,0.0,0.009029986661999998,0.0,0.0,1.9779299999999998e-07,8.73e-08,3.7124656e-05,9.12673e-07,0.0022870955849999997,0.0,0.05242758781199999,0.0,0.008587340256999998,0.0,4.1178e-08,9.037356e-06,9.598149999999999e-07,0.0009594434999999998,0.0,0.04517759577,0.0,0.833414651334,0.0,0.0,1.4652e-07,4.850099999999999e-08,2.8234784999999995e-05,4.7046e-08,0.00180747084,0.0,0.04294582801499999,0.0,0.0,0.0,1.955e-09,2.8617e-07,1.8915600000000003e-07,2.766489e-05,9.127215e-06,0.0008853869,0.0,0.0,0.0,0.0
132,195,0.0,7.000000000000003e-14,1.0000000000000002e-14,5.83e-12,0.0,0.0,0.0,0.0,0.0,0.0,2.1000000000000006e-13,0.0,3.6010000000000007e-11,0.0,1.41717e-09,0.0,0.0,0.0,0.0,0.0,3.500000000000001e-13,9.363000000000002e-11,0.0,7.67955e-09,0.0,1.8394594999999998e-07,0.0,0.0,0.0,0.0,9.845e-11,3.395000000000001e-11,1.714617e-08,0.0,8.783592499999999e-07,0.0,1.3461926749999999e-05,0.0,0.0,0.0,8.788999999999999e-11,1.8183029999999994e-08,1.9758900000000003e-09,1.6768585499999998e-06,0.0,5.864488564999999e-05,0.0,0.0005285198075699999,0.0,0.0,8.23455e-09,4.23987e-09,1.5395469699999997e-06,6.388711e-08,9.571922655e-05,0.0,0.00237224704179,0.0,0.008844960464709999,0.0,3.2914499999999994e-09,6.5966281e-07,1.0397041999999999e-07,6.903717097e-05,8.8529281e-07,0.0032126083013699993,0.0,0.059365079960169986,0.0,0.008329720049289998,9.422847000000001e-08,5.0898819999999994e-08,1.9014264729999997e-05,9.406177399999999e-07,0.0014233818169499999,0.0,0.053110148568510006,0.0,0.80849808519655,0.0,2.38154e-09,5.1770751e-07,5.900613999999999e-08,5.533353374999999e-05,1.3690677e-07,0.0026433348216500004,0.0,0.04999159968788999,0.0,0.0,4.365999999999999e-09,7.13462e-09,8.384732099999999e-07,5.518728300000001e-07,5.385479285e-05,1.7707267550000003e-05,0.00128828357315,0.0,0.0,0.0
133,198,0.0,0.0,6.62956e-14,1.7338159999999995e-14,2.67498288e-12,3.253836e-13,3.1949489460000004e-11,0.0,0.0,0.0,0.0,1.6474768e-13,1.1442680000000002e-14,1.1096260080000001e-11,1.9363915999999997e-13,2.8711212852e-10,0.0,1.89725748156e-09,0.0,0.0,2.2061802e-13,3.9364080000000006e-14,2.49315264e-11,3.3013562e-13,1.1106173169e-09,0.0,1.878629980248e-08,0.0,6.381133988753998e-08,0.0,2.4791243999999997e-13,3.41394456e-11,2.1678728500000006e-12,2.423379132e-09,7.5987084e-12,7.492467837708e-08,0.0,8.020334861893199e-07,0.0,9.883479754264798e-07,2.7635877119999995e-11,6.554218120000001e-12,3.2365064048399993e-09,7.842627802e-11,1.6122283502400001e-07,1.0029363597000001e-10,3.4815532659805796e-06,0.0,2.106065333420976e-05,2.6006759968324493e-06,1.944649629e-11,2.6427531141599995e-09,2.5396050364e-10,2.0578277766072e-07,1.7262554065500003e-09,7.51038451348656e-06,1.7882914762000002e-10,0.0001101355167475548,2.4822565746884194e-06,0.0002749702487943904,1.2021861989999996e-09,3.7406152577999996e-10,1.5736278910415997e-07,6.52855981227e-09,9.02535687107556e-06,1.84326477382e-08,0.00024489355943398366,8.080687181836998e-07,0.0022580019137615004,0.0004898744427816529,4.5734579808000004e-10,6.771672787721998e-08,9.177468567689998e-09,6.09930062306616e-06,1.039116640389e-07,0.00027085377017363373,1.981956519292e-08,0.005452366067354196,0.0002351813158716538,0.0249751753278502,1.3173829111559999e-08,5.95607157666e-09,2.1434439251318395e-06,1.5200412370151995e-07,0.00014866313846326076,1.72802911856289e-06,0.005305418501768017,1.697668807376892e-05,0.07945270082980588,0.022823901202718808,7.95523361526e-09,3.2130517184712e-07,1.2961574045662799e-06,3.570137821108098e-05,9.315778867317472e-05,0.002014022021307266,0.003459013155305929,0.05993994406535172,0.05326708604206747,0.7390705127530957
134,199,0.0,0.0,0.0,0.0,0.0,0.0,0.0,0.0,0.0,0.0,0.0,0.0,0.0,0.0,0.0,0.0,0.0,0.0,0.0,0.0,0.0,0.0,0.0,0.0,0.0,0.0,0.0,0.0,0.0,0.0,0.0,0.0,0.0,0.0,0.0,0.0,0.0,0.0,0.0,0.0,0.0,0.0,0.0,0.0,0.0,0.0,0.0,0.0,0.0,0.0,0.0,0.0,0.0,0.0,0.0,0.0,0.0,0.0,0.0,0.0,0.0,0.0,0.0,0.0,0.0,0.0,0.0,0.0,0.0,0.0,0.0,0.0,0.0,0.0,0.0,0.0,0.0,0.0,0.0,0.0,0.0,0.0,0.0,0.0,0.0,0.0,0.0,0.0,0.0,0.0,0.0,0.0,1.0,0.0,0.0,0.0,0.0,0.0,0.0,0.0
135,200,0.0,0.0,0.0,0.0,0.0,0.0,0.0,0.0,0.0,0.0,0.0,0.0,0.0,0.0,0.0,0.0,0.0,0.0,0.0,0.0,0.0,0.0,0.0,0.0,0.0,0.0,0.0,0.0,0.0,0.0,0.0,0.0,0.0,0.0,0.0,0.0,0.0,0.0,0.0,0.0,0.0,0.0,0.0,0.0,0.0,0.0,0.0,0.0,0.0,0.0,0.0,0.0,0.0,0.0,0.0,0.0,0.0,0.0,0.0,0.0,0.0,0.0,0.0,0.0,0.0,0.0,0.0,0.0,0.0,0.0,0.0,0.0,0.0,0.0,0.0,0.0,0.0,0.0,0.0,0.0,0.0,0.0,0.01,0.0,0.0,0.0,0.0,0.0,0.0,0.0,0.0,0.01,0.01,0.97,0.0,0.0,0.0,0.0,0.0,0.0
136,201,0.0,0.0,0.0,0.0,0.0,0.0,0.0,0.0,0.0,0.0,0.0,0.0,0.0,0.0,0.0,0.0,0.0,0.0,0.0,0.0,0.0,0.0,0.0,0.0,0.0,0.0,0.0,0.0,0.0,0.0,0.0,0.0,0.0,0.0,0.0,0.0,0.0,0.0,0.0,0.0,0.0,0.0,0.0,0.0,0.0,0.0,0.0,0.0,0.0,0.0,0.0,0.0,0.0,0.0,0.0,0.0,0.0,0.0,0.0,0.0,0.0,0.0,0.0,0.0,0.0,0.0,0.0,0.0,0.0,0.0,0.0,0.0,0.0001,0.0,0.0,0.0,0.0,0.0,0.0,0.0,0.0,0.0002,0.0001,0.0194,0.0,0.0,0.0,0.0,0.0,0.0,0.0001,0.0002,0.0196,0.0194,0.9409,0.0,0.0,0.0,0.0,0.0
137,202,0.0,0.0,0.0,0.0,0.0,0.0,0.0,0.0,0.0,0.0,0.0,0.0,0.0,0.0,0.0,0.0,0.0,0.0,0.0,0.0,0.0,0.0,0.0,0.0,0.0,0.0,0.0,0.0,0.0,0.0,0.0,0.0,0.0,0.0,0.0,0.0,0.0,0.0,0.0,0.0,0.0,0.0,0.0,0.0,0.0,0.0,0.0,0.0,0.0,0.0,0.0,0.0,0.0,0.0,0.0,0.0,0.0,0.0,0.0,0.0,0.0,0.0,9.7e-05,0.0,0.0,0.0,0.0,0.0,0.0,0.0,0.0,0.000195,9.7e-05,0.018819000000000002,0.0,0.0,0.0,0.0,0.0,0.0,9.9e-05,0.000195,0.019208999999999997,0.018819000000000002,0.912867,0.0,0.0,0.0,0.0,0.0,4.000000000000001e-06,0.00020099999999999998,0.000393,0.009992999999999998,0.009602999999999999,0.009408999999999999,0.0,0.0,0.0,0.0
138,203,0.0,0.0,0.0,0.0,0.0,0.0,0.0,0.0,0.0,0.0,0.0,0.0,0.0,0.0,0.0,0.0,0.0,0.0,0.0,0.0,0.0,0.0,0.0,0.0,0.0,0.0,0.0,0.0,0.0,0.0,0.0,0.0,0.0,0.0,0.0,0.0,0.0,0.0,0.0,0.0,0.0,0.0,0.0,0.0,0.0,0.0,0.0,0.0,0.0,0.0,0.0,0.0,9.409e-05,0.0,0.0,0.0,0.0,0.0,0.0,0.0,0.0,0.00019012,9.409e-05,0.0182554,0.0,0.0,0.0,0.0,0.0,0.0,9.797999999999998e-05,0.00019012,0.018823839999999998,0.0182554,0.88566918,0.0,0.0,0.0,0.0,0.0,6.82e-06,0.00039,0.00057232,0.01920216,0.009503099999999999,0.018255399999999998,0.0,0.0,0.0,0.0,3.08e-06,7.93e-06,0.00029796,0.00038808,0.00941872,0.00019011999999999998,9.408999999999999e-05,0.0,0.0,0.0
139,204,0.0,0.0,0.0,0.0,0.0,0.0,0.0,0.0,0.0,0.0,0.0,0.0,0.0,0.0,0.0,0.0,0.0,0.0,0.0,0.0,0.0,0.0,0.0,0.0,0.0,0.0,0.0,0.0,0.0,0.0,0.0,0.0,0.0,0.0,0.0,0.0,0.0,0.0,0.0,0.0,0.0,0.0,9.409000000000001e-07,0.0,0.0,0.0,0.0,0.0,0.0,0.0,0.0,2.8421000000000003e-06,9.409000000000001e-07,0.00027382130000000004,0.0,0.0,0.0,0.0,0.0,0.0,2.881e-06,2.8421000000000003e-06,0.0005561497,0.00027382130000000004,0.0265644298,0.0,0.0,0.0,0.0,0.0,2.9492e-06,0.0002890802,0.0003736345,0.0274903922,0.017802769,0.8592816585999999,0.0,0.0,0.0,0.0,4.9788000000000005e-06,1.4319099999999998e-05,0.0007615396,0.0008366162,0.0277595282,0.009219908199999998,0.017708678899999997,0.0,0.0,0.0,2.0909999999999999e-07,9.9465e-06,2.02757e-05,0.0005791107999999999,0.000567557,0.009321554499999999,0.00018535729999999997,9.126729999999999e-05,0.0,0.0
140,205,0.0,0.0,0.0,0.0,0.0,0.0,0.0,0.0,0.0,0.0,0.0,0.0,0.0,0.0,0.0,0.0,0.0,0.0,0.0,0.0,0.0,0.0,0.0,0.0,0.0,0.0,0.0,0.0,0.0,0.0,0.0,0.0,9.409e-09,0.0,0.0,0.0,0.0,0.0,0.0,0.0,0.0,3.783e-08,9.409e-09,3.6508860000000005e-06,0.0,0.0,0.0,0.0,0.0,0.0,5.7231000000000005e-08,3.783e-08,1.1065956000000002e-05,3.6508860000000005e-06,0.000531250959,0.0,0.0,0.0,0.0,0.0,8.6723e-08,1.1275290000000001e-05,9.240804e-06,0.0010827516419999999,0.000443634351,0.034360313492,0.0,0.0,0.0,0.0,2.998892e-06,6.768681e-06,0.000568488609,0.0005515575299999999,0.0358017366,0.017360885012,0.8336802956309999,0.0,0.0,0.0,2.24562e-07,1.5435099e-05,2.6194790999999997e-05,0.001296983724,0.001087420056,0.035789861274,0.008945164526999998,0.017178331205999996,0.0,0.0,1.5343500000000002e-07,6.4824e-07,2.3257366000000002e-05,3.9500269e-05,0.000938223873,0.0007377984899999999,0.009221760899999999,0.00018070925399999997,8.852928099999998e-05,0.0
141,206,0.0,0.0,0.0,0.0,0.0,0.0,0.0,0.0,0.0,0.0,0.0,0.0,0.0,0.0,0.0,0.0,0.0,0.0,0.0,0.0,0.0,0.0,9.409000000000001e-11,0.0,0.0,0.0,0.0,0.0,0.0,0.0,0.0,4.723900000000001e-10,9.409000000000001e-11,4.563559000000001e-08,0.0,0.0,0.0,0.0,0.0,0.0,9.5061e-10,4.723900000000001e-10,1.8395761000000003e-07,4.563559000000001e-08,8.85386901e-06,0.0,0.0,0.0,0.0,0.0,1.8178400000000002e-09,2.7930483e-07,1.6570609000000002e-07,2.691051219e-05,7.97770293e-06,0.00085891656515,0.0,0.0,0.0,0.0,1.4418136e-07,2.4459446e-07,2.7560093370000002e-05,1.8952007549999997e-05,0.00175720210325,0.00060393417059,0.04166630704355,0.0,0.0,0.0,1.0078858e-07,8.860915219999999e-06,1.2435551819999998e-05,0.00093324867039,0.0007239301982899999,0.043765989205969996,0.016929510106910003,0.8088416700741299,0.0,0.0,1.8811988e-07,5.5394226e-07,3.385934302e-05,4.2193725819999996e-05,0.00198337242975,0.0013252359346099998,0.04331696931315,0.008678616683729996,0.016663866562629998,0.0,1.1796720000000001e-08,5.422390000000001e-07,1.51831706e-06,4.530672368e-05,6.594968512e-05,0.0013675713634499998,0.0008991408821099999,0.009119583770409997,0.00017617326918999994,8.587340256999998e-05
142,207,0.0,0.0,0.0,0.0,0.0,0.0,0.0,0.0,0.0,0.0,0.0,0.0,9.409000000000002e-13,0.0,0.0,0.0,0.0,0.0,0.0,0.0,0.0,5.6648000000000015e-12,9.409000000000002e-13,5.476232000000001e-10,0.0,0.0,0.0,0.0,0.0,0.0,1.4230000000000002e-11,5.6648000000000015e-12,2.7550912000000006e-09,5.476232000000001e-10,1.328052124e-07,0.0,0.0,0.0,0.0,0.0,3.24084e-11,5.559440000000002e-09,2.5725760000000006e-09,5.365390496e-07,1.240435516e-07,1.71774185912e-05,0.0,0.0,0.0,0.0,4.2625464e-09,5.871034200000001e-09,8.174713168e-07,4.3048836799999994e-07,5.23529221984e-05,1.3777713548e-05,0.001249812138631,0.0,0.0,0.0,4.9138224e-09,5.068590534000001e-07,5.527892808e-07,5.39069034272e-05,3.17418680416e-05,0.0025673981682992,0.0007551112465414,0.048504734532984796,0.0,0.0,9.29400504e-08,2.3010580799999997e-07,1.85417688312e-05,1.9913244582e-05,0.001380316847668,0.0008907990944623999,0.0513912589940992,0.016508410970540004,0.7847430586375322,0.0,8.5464744e-09,6.151012559999999e-07,1.0987999392e-06,6.24628409676e-05,6.207907222559999e-05,0.0028083765556832,0.0015505515332991998,0.050363711437827204,0.008420019915909996,0.0161648092997768,7.5395232e-09,3.7587801599999995e-08,1.3328156676000002e-06,3.0072688944e-06,7.81164567528e-05,9.989067636809999e-05,0.0018599011622032,0.0010519103928799997,0.009015255389641598,0.0002550440056328999
143,209,0.0,0.0,0.0,6.398314000000001e-14,0.0,0.0,0.0,0.0,0.0,0.0,2.6500500000000005e-15,0.0,4.589904400000001e-13,6.398314000000001e-14,1.8656355330000002e-11,0.0,0.0,0.0,0.0,0.0,7.880370000000001e-15,1.4214294600000005e-12,4.4073892000000014e-13,1.1888859138000004e-10,1.778018925e-11,3.0245448856800005e-09,0.0,0.0,0.0,0.0,2.1551229600000004e-12,1.5956571600000003e-12,3.2166220425000005e-10,1.047425421e-10,1.7073878603039997e-08,2.59871010552e-09,2.9460812661714e-07,0.0,0.0,0.0,4.1614736400000004e-12,4.5902056554000007e-10,2.7276035397000005e-10,4.005967133208e-08,1.3120036549919999e-08,1.4866124201374798e-06,2.1173593987506e-07,1.726525337221692e-05,0.0,0.0,3.3246687006000007e-10,3.9603375600000005e-10,4.94180931318e-08,2.727105818442e-08,3.0133370911655395e-06,9.421163703282e-07,8.116866701215031e-05,9.18457513457532e-06,0.000565943882031725,0.0,3.6736302294000005e-10,3.20824971924e-08,3.017246978964e-08,3.06975422043138e-06,1.6238456868208198e-06,0.000141459448784354,4.02594734740524e-05,0.0028172891025442363,0.0001699490085943346,0.008162594380547747,8.88101683308e-09,1.691615737914e-08,1.5341772090252e-06,1.34051706753984e-06,0.00010994953558931159,5.7634967967736886e-05,0.004040304130757477,0.001059749889283129,0.06202011321656671,0.008013096085912594,3.5621939246399995e-09,2.9272978739298e-07,4.459718008892399e-07,3.30378679730484e-05,2.9215814741872974e-05,0.0018892502057990762,0.001040559234359909,0.057556274364273435,0.015882547369901127,0.7394211250727989,7.89560925588e-09,4.856430985752e-08,1.4931039934663201e-06,4.55928042084705e-06,0.00010657955164259046,0.00020427960228852241,0.0038100564905227683,0.004060471499256755,0.05652045699256243,0.032119573466177345
144,210,0.0,0.0,0.0,1.0,0.0,0.0,0.0,0.0,0.0,0.0,0.0,0.0,0.0,0.0,0.0,0.0,0.0,0.0,0.0,0.0,0.0,0.0,0.0,0.0,0.0,0.0,0.0,0.0,0.0,0.0,0.0,0.0,0.0,0.0,0.0,0.0,0.0,0.0,0.0,0.0,0.0,0.0,0.0,0.0,0.0,0.0,0.0,0.0,0.0,0.0,0.0,0.0,0.0,0.0,0.0,0.0,0.0,0.0,0.0,0.0,0.0,0.0,0.0,0.0,0.0,0.0,0.0,0.0,0.0,0.0,0.0,0.0,0.0,0.0,0.0,0.0,0.0,0.0,0.0,0.0,0.0,0.0,0.0,0.0,0.0,0.0,0.0,0.0,0.0,0.0,0.0,0.0,0.0,0.0,0.0,0.0,0.0,0.0,0.0,0.0
145,211,0.0,0.0,0.97,0.01,0.01,0.0,0.0,0.0,0.0,0.0,0.0,0.0,0.0,0.01,0.0,0.0,0.0,0.0,0.0,0.0,0.0,0.0,0.0,0.0,0.0,0.0,0.0,0.0,0.0,0.0,0.0,0.0,0.0,0.0,0.0,0.0,0.0,0.0,0.0,0.0,0.0,0.0,0.0,0.0,0.0,0.0,0.0,0.0,0.0,0.0,0.0,0.0,0.0,0.0,0.0,0.0,0.0,0.0,0.0,0.0,0.0,0.0,0.0,0.0,0.0,0.0,0.0,0.0,0.0,0.0,0.0,0.0,0.0,0.0,0.0,0.0,0.0,0.0,0.0,0.0,0.0,0.0,0.0,0.0,0.0,0.0,0.0,0.0,0.0,0.0,0.0,0.0,0.0,0.0,0.0,0.0,0.0,0.0,0.0,0.0
146,212,0.0,0.9409,0.0194,0.0196,0.0002,0.0001,0.0,0.0,0.0,0.0,0.0,0.0,0.0194,0.0001,0.0002,0.0,0.0,0.0,0.0,0.0,0.0,0.0,0.0,0.0001,0.0,0.0,0.0,0.0,0.0,0.0,0.0,0.0,0.0,0.0,0.0,0.0,0.0,0.0,0.0,0.0,0.0,0.0,0.0,0.0,0.0,0.0,0.0,0.0,0.0,0.0,0.0,0.0,0.0,0.0,0.0,0.0,0.0,0.0,0.0,0.0,0.0,0.0,0.0,0.0,0.0,0.0,0.0,0.0,0.0,0.0,0.0,0.0,0.0,0.0,0.0,0.0,0.0,0.0,0.0,0.0,0.0,0.0,0.0,0.0,0.0,0.0,0.0,0.0,0.0,0.0,0.0,0.0,0.0,0.0,0.0,0.0,0.0,0.0,0.0,0.0
147,213,0.912673,0.028227000000000002,0.028808999999999994,0.000585,0.00029699999999999996,3.0000000000000005e-06,1.0000000000000002e-06,0.0,0.0,0.0,0.0,0.028227000000000002,0.000291,0.000585,3.0000000000000005e-06,3.0000000000000005e-06,0.0,0.0,0.0,0.0,0.0,0.0,0.000291,1.0000000000000002e-06,3.0000000000000005e-06,0.0,0.0,0.0,0.0,0.0,0.0,0.0,0.0,1.0000000000000002e-06,0.0,0.0,0.0,0.0,0.0,0.0,0.0,0.0,0.0,0.0,0.0,0.0,0.0,0.0,0.0,0.0,0.0,0.0,0.0,0.0,0.0,0.0,0.0,0.0,0.0,0.0,0.0,0.0,0.0,0.0,0.0,0.0,0.0,0.0,0.0,0.0,0.0,0.0,0.0,0.0,0.0,0.0,0.0,0.0,0.0,0.0,0.0,0.0,0.0,0.0,0.0,0.0,0.0,0.0,0.0,0.0,0.0,0.0,0.0,0.0,0.0,0.0,0.0,0.0,0.0,0.0
148,214,0.01853573,0.009979359999999998,0.0005791199999999999,0.00030275999999999995,8.88e-06,3.0399999999999997e-06,4.000000000000001e-08,1.0000000000000002e-08,0.0,0.0,0.88557508,0.0273831,0.028235759999999995,0.0005704000000000001,0.00029399999999999994,2.9400000000000007e-06,1e-06,0.0,0.0,0.0,0.0,0.0273831,0.00028228,0.0005704000000000001,2.9200000000000004e-06,2.9400000000000007e-06,0.0,0.0,0.0,0.0,0.0,0.0,0.00028228,9.7e-07,2.9200000000000004e-06,0.0,0.0,0.0,0.0,0.0,0.0,0.0,0.0,9.7e-07,0.0,0.0,0.0,0.0,0.0,0.0,0.0,0.0,0.0,0.0,0.0,0.0,0.0,0.0,0.0,0.0,0.0,0.0,0.0,0.0,0.0,0.0,0.0,0.0,0.0,0.0,0.0,0.0,0.0,0.0,0.0,0.0,0.0,0.0,0.0,0.0,0.0,0.0,0.0,0.0,0.0,0.0,0.0,0.0,0.0,0.0,0.0,0.0,0.0,0.0,0.0,0.0,0.0,0.0,0.0,0.0
149,215,0.009326259,0.0005647731,0.0003909699999999999,1.46116e-05,6.086799999999999e-06,1.49e-07,4.089999999999999e-08,5.000000000000001e-10,1.0000000000000002e-10,0.0,0.0271092399,0.019091918599999997,0.0008441042,0.0005846787999999999,1.43762e-05,5.9281999999999986e-06,6.820000000000002e-08,1.97e-08,0.0,0.0,0.8592816585999999,0.0265644298,0.02767104499999999,0.0005561497,0.0002909425999999999,2.8810000000000005e-06,9.994000000000001e-07,0.0,0.0,0.0,0.0,0.0265644298,0.0002738213,0.0005561497,2.8421000000000003e-06,2.8810000000000005e-06,0.0,0.0,0.0,0.0,0.0,0.0,0.0002738213,9.409e-07,2.8421000000000003e-06,0.0,0.0,0.0,0.0,0.0,0.0,0.0,0.0,9.409e-07,0.0,0.0,0.0,0.0,0.0,0.0,0.0,0.0,0.0,0.0,0.0,0.0,0.0,0.0,0.0,0.0,0.0,0.0,0.0,0.0,0.0,0.0,0.0,0.0,0.0,0.0,0.0,0.0,0.0,0.0,0.0,0.0,0.0,0.0,0.0,0.0,0.0,0.0,0.0,0.0,0.0,0.0,0.0,0.0,0.0,0.0
150,221,0.0,0.0,0.0,0.0,0.0,0.0,0.0,0.0,0.0,0.0,0.0,0.0,0.0,1.0,0.0,0.0,0.0,0.0,0.0,0.0,0.0,0.0,0.0,0.0,0.0,0.0,0.0,0.0,0.0,0.0,0.0,0.0,0.0,0.0,0.0,0.0,0.0,0.0,0.0,0.0,0.0,0.0,0.0,0.0,0.0,0.0,0.0,0.0,0.0,0.0,0.0,0.0,0.0,0.0,0.0,0.0,0.0,0.0,0.0,0.0,0.0,0.0,0.0,0.0,0.0,0.0,0.0,0.0,0.0,0.0,0.0,0.0,0.0,0.0,0.0,0.0,0.0,0.0,0.0,0.0,0.0,0.0,0.0,0.0,0.0,0.0,0.0,0.0,0.0,0.0,0.0,0.0,0.0,0.0,0.0,0.0,0.0,0.0,0.0,0.0
151,222,0.0,0.0,0.0,0.97,0.0,0.0,0.0,0.0,0.0,0.0,0.0,0.0,0.01,0.0,0.01,0.0,0.0,0.0,0.0,0.0,0.0,0.0,0.0,0.01,0.0,0.0,0.0,0.0,0.0,0.0,0.0,0.0,0.0,0.0,0.0,0.0,0.0,0.0,0.0,0.0,0.0,0.0,0.0,0.0,0.0,0.0,0.0,0.0,0.0,0.0,0.0,0.0,0.0,0.0,0.0,0.0,0.0,0.0,0.0,0.0,0.0,0.0,0.0,0.0,0.0,0.0,0.0,0.0,0.0,0.0,0.0,0.0,0.0,0.0,0.0,0.0,0.0,0.0,0.0,0.0,0.0,0.0,0.0,0.0,0.0,0.0,0.0,0.0,0.0,0.0,0.0,0.0,0.0,0.0,0.0,0.0,0.0,0.0,0.0,0.0
152,223,0.0,0.0,0.941,0.0097,0.0098,0.0,0.0,0.0,0.0,0.0,0.0,0.0097,0.0,0.0196,0.0,0.0001,0.0,0.0,0.0,0.0,0.0,0.0,0.0098,0.0,0.0002,0.0,0.0,0.0,0.0,0.0,0.0,0.0,0.0,0.0001,0.0,0.0,0.0,0.0,0.0,0.0,0.0,0.0,0.0,0.0,0.0,0.0,0.0,0.0,0.0,0.0,0.0,0.0,0.0,0.0,0.0,0.0,0.0,0.0,0.0,0.0,0.0,0.0,0.0,0.0,0.0,0.0,0.0,0.0,0.0,0.0,0.0,0.0,0.0,0.0,0.0,0.0,0.0,0.0,0.0,0.0,0.0,0.0,0.0,0.0,0.0,0.0,0.0,0.0,0.0,0.0,0.0,0.0,0.0,0.0,0.0,0.0,0.0,0.0,0.0,0.0
153,224,0.0,0.912867,0.018819000000000002,0.019208999999999997,0.000195,9.9e-05,0.0,0.0,0.0,0.0,0.009409,0.0,0.028616999999999997,9.7e-05,0.00039299999999999996,0.0,1.0000000000000002e-06,0.0,0.0,0.0,0.0,0.009602999999999999,0.0,0.000489,0.0,3.0000000000000005e-06,0.0,0.0,0.0,0.0,0.0,0.0,0.000195,0.0,3.0000000000000005e-06,0.0,0.0,0.0,0.0,0.0,0.0,0.0,0.0,1.0000000000000002e-06,0.0,0.0,0.0,0.0,0.0,0.0,0.0,0.0,0.0,0.0,0.0,0.0,0.0,0.0,0.0,0.0,0.0,0.0,0.0,0.0,0.0,0.0,0.0,0.0,0.0,0.0,0.0,0.0,0.0,0.0,0.0,0.0,0.0,0.0,0.0,0.0,0.0,0.0,0.0,0.0,0.0,0.0,0.0,0.0,0.0,0.0,0.0,0.0,0.0,0.0,0.0,0.0,0.0,0.0,0.0,0.0
154,225,0.88557508,0.0273831,0.02823576,0.0005704,0.000294,2.94e-06,1e-06,0.0,0.0,0.0,0.00912673,0.03707728,0.00028228000000000004,0.00086436,2.92e-06,5.919999999999999e-06,0.0,1.0000000000000002e-08,0.0,0.0,0.009408999999999999,0.0,0.0008584799999999999,9.7e-07,1.1760000000000001e-05,0.0,4.000000000000001e-08,0.0,0.0,0.0,0.0,0.00028518,0.0,9.76e-06,0.0,6.000000000000001e-08,0.0,0.0,0.0,0.0,0.0,0.0,2.92e-06,0.0,4.000000000000001e-08,0.0,0.0,0.0,0.0,0.0,0.0,0.0,0.0,1.0000000000000002e-08,0.0,0.0,0.0,0.0,0.0,0.0,0.0,0.0,0.0,0.0,0.0,0.0,0.0,0.0,0.0,0.0,0.0,0.0,0.0,0.0,0.0,0.0,0.0,0.0,0.0,0.0,0.0,0.0,0.0,0.0,0.0,0.0,0.0,0.0,0.0,0.0,0.0,0.0,0.0,0.0,0.0,0.0,0.0,0.0,0.0,0.0
155,226,0.018076599899999997,0.0097827122,0.0005647154000000001,0.0002996452,8.7026e-06,3.0385999999999996e-06,3.9399999999999995e-08,1.01e-08,0.0,0.0,0.8595639576999999,0.0266556971,0.027776688399999996,0.0005561496999999999,0.00029400039999999996,2.8809999999999996e-06,1.0297e-06,0.0,1.0000000000000002e-10,0.0,0.008947018099999999,0.0360704882,0.00027382130000000004,0.0008472292,2.8421e-06,5.8609999999999994e-06,0.0,1.0100000000000001e-08,0.0,0.0,0.0091295818,0.0,0.0008357041999999998,9.409e-07,1.15058e-05,0.0,3.94e-08,0.0,0.0,0.0,0.0,0.00027665379999999997,0.0,9.496899999999999e-06,0.0,5.86e-08,0.0,0.0,0.0,0.0,0.0,0.0,2.8324999999999996e-06,0.0,3.8900000000000004e-08,0.0,0.0,0.0,0.0,0.0,0.0,0.0,0.0,9.700000000000001e-09,0.0,0.0,0.0,0.0,0.0,0.0,0.0,0.0,0.0,0.0,0.0,0.0,0.0,0.0,0.0,0.0,0.0,0.0,0.0,0.0,0.0,0.0,0.0,0.0,0.0,0.0,0.0,0.0,0.0,0.0,0.0,0.0,0.0,0.0,0.0,0.0
156,227,0.009054998697000001,0.000550797246,0.00038423761199999994,1.4292129000000001e-05,6.053867999999999e-06,1.46616e-07,4.1178e-08,4.949999999999999e-10,1.02e-10,0.0,0.026485968632,0.018723342177,0.0008226306190000001,0.0005798350239999998,1.406025e-05,5.956352999999998e-06,6.702799999999998e-08,2.0196e-08,0.0,1.0000000000000002e-12,0.83431850985,0.025948234581000002,0.027320921963999996,0.0005422412519999999,0.000293826348,2.8229909999999994e-06,1.0579140000000002e-06,0.0,1.9800000000000004e-10,0.0,0.008769903374999997,0.035090792952,0.00026561607000000003,0.000830379393,2.766246e-06,5.801207999999999e-06,0.0,1.0191e-08,0.0,0.0,0.008858460884,0.0,0.0008135229059999997,9.12673e-07,1.125657e-05,0.0,3.8804e-08,0.0,0.0,0.0,0.0,0.00026838251099999997,0.0,9.240803999999999e-06,0.0,5.7231e-08,0.0,0.0,0.0,0.0,0.0,0.0,2.7476219999999995e-06,0.0,3.783e-08,0.0,0.0,0.0,0.0,0.0,0.0,0.0,0.0,9.409e-09,0.0,0.0,0.0,0.0,0.0,0.0,0.0,0.0,0.0,0.0,0.0,0.0,0.0,0.0,0.0,0.0,0.0,0.0,0.0,0.0,0.0,0.0,0.0,0.0,0.0,0.0
157,230,1.3618013959848003e-05,9.514400463084e-06,6.91117945596e-07,3.88958832552e-07,1.6192131489e-08,6.139265495999999e-09,1.67532696e-10,4.4167439999999997e-11,6.996450000000001e-13,1.35144e-13,0.00045672352504966203,4.417362193917601e-05,3.2418061655159995e-05,1.3644521991690002e-06,7.685863926120001e-07,2.0929689433000003e-08,7.903133039999998e-09,1.28028367e-10,3.5150255999999995e-11,2.91909e-13,0.0016310846477935023,0.001333466048583894,6.7413201801684e-05,5.0649268698083995e-05,1.4554220346810003e-06,7.178351022959998e-07,1.2764478125999998e-08,4.4183622239999985e-09,3.7260711e-11,9.989316000000002e-12,0.033620053128761526,0.0022693722251264396,0.0019468064302034158,6.0000544014516e-05,3.900594274485599e-05,7.735895007240001e-07,3.2653858072799993e-07,3.168029117999999e-09,9.88629876e-10,9.6036e-14,0.048723902524883206,0.04242924732030732,0.001508753788867608,0.0013433116929923996,2.8375459906500004e-05,1.4176137145463998e-05,1.4166510305999994e-07,5.031554398199999e-08,0.0,9.506004e-12,0.7629536303715767,0.02393987705320662,0.0259751958384921,0.0005024908710167848,0.00029233700855495995,2.6548160786279988e-06,1.1340043044299999e-06,0.0,4.79719806e-10,0.0,0.00825417990040236,0.03230716649057932,0.000242446377475881,0.0007814918685877919,2.5504400563289992e-06,5.6178031791239984e-06,0.0,1.0413063102e-08,0.0,0.0,0.008092454503088337,0.0,0.0007503960372552356,8.32972004929e-07,1.0537918052292e-05,0.0,3.7041840468e-08,0.0,0.0,0.0,0.0,0.000245023031326116,0.0,8.512728326576999e-06,0.0,5.3303753892e-08,0.0,0.0,0.0,0.0,0.0,0.0,2.507946001448999e-06,8.587340256999999e-09,3.4792007433000004e-08,0.0,0.0,0.0,0.0,0.0
158,231,4.93473953432442e-06,6.799715430770401e-07,4.3012538896392e-07,2.4607211088060005e-08,1.179876622149e-08,4.3428619114000005e-10,1.4254098672000002e-10,3.4042814799999996e-12,8.015248500000001e-13,1.2618420000000001e-14,3.4529291488875965e-05,2.745504480207864e-05,1.7998971666284104e-06,1.215649235034e-06,4.4114406777160006e-08,2.08983338106e-08,5.0072867438e-10,1.6640887199999997e-10,2.33446552e-12,5.8540449e-13,0.0008088678575495613,8.252711402821698e-05,6.475473728035913e-05,2.61221031170274e-06,1.6492592662859997e-06,4.271955888532e-08,1.8153959501279996e-08,2.8388519554e-10,8.826556247999998e-11,7.566123600000001e-13,0.0024282853871474093,0.0020734231359190998,0.00010377207132771912,8.242103129654819e-05,2.30325530785797e-06,1.2313862339375995e-06,2.156577011124e-08,8.064238903139998e-09,6.782414120999998e-11,1.967195568e-11,0.04115251933706635,0.0029430163920422204,0.0025858797858152316,7.859672889198944e-05,5.433401284943855e-05,1.06210122658416e-06,4.7034699324491987e-07,4.489639275059998e-09,1.4670186776399998e-09,1.8821496e-13,0.05521366232238856,0.04936872982770458,0.0017103393182185725,0.0015735025893589762,3.2601157380822426e-05,1.674174119148522e-05,1.6396331075447994e-07,6.025504853592e-08,0.0,1.401802194e-11,0.74055155946937,0.023306647004389208,0.025534330507301563,0.0004898744427816525,0.0002915433741965033,2.600675996832449e-06,1.15663675612404e-06,0.0,5.6945884284e-10,0.0,0.008087479048421173,0.031428830231578636,0.00023518131587165386,0.0007657415793664992,2.482256574688419e-06,5.555551720216799e-06,0.0,1.0471089613619999e-08,0.0,0.0,0.007852131098308948,0.0,0.00073044459319412,8.080687181836999e-07,1.030778875160226e-05,0.0,3.646362279288e-08,0.0,0.0,0.0,0.0,0.000237697419846347,2.432793494808099e-06,8.2911035769178e-06,3.383412061258e-08,5.205256134956999e-08,0.0,0.0,0.0,0.0
159,232,0.0,0.0,0.0,0.0,0.0,0.0,0.0,0.0,0.0,0.0,0.0,0.0,0.0,0.0,0.0,0.0,0.0,0.0,0.0,0.0,0.0,0.0,0.0,1.0,0.0,0.0,0.0,0.0,0.0,0.0,0.0,0.0,0.0,0.0,0.0,0.0,0.0,0.0,0.0,0.0,0.0,0.0,0.0,0.0,0.0,0.0,0.0,0.0,0.0,0.0,0.0,0.0,0.0,0.0,0.0,0.0,0.0,0.0,0.0,0.0,0.0,0.0,0.0,0.0,0.0,0.0,0.0,0.0,0.0,0.0,0.0,0.0,0.0,0.0,0.0,0.0,0.0,0.0,0.0,0.0,0.0,0.0,0.0,0.0,0.0,0.0,0.0,0.0,0.0,0.0,0.0,0.0,0.0,0.0,0.0,0.0,0.0,0.0,0.0,0.0
160,233,0.0,0.0,0.0,0.0,0.0,0.0,0.0,0.0,0.0,0.0,0.0,0.0,0.0,0.97,0.0,0.0,0.0,0.0,0.0,0.0,0.0,0.0,0.01,0.0,0.01,0.0,0.0,0.0,0.0,0.0,0.0,0.0,0.0,0.01,0.0,0.0,0.0,0.0,0.0,0.0,0.0,0.0,0.0,0.0,0.0,0.0,0.0,0.0,0.0,0.0,0.0,0.0,0.0,0.0,0.0,0.0,0.0,0.0,0.0,0.0,0.0,0.0,0.0,0.0,0.0,0.0,0.0,0.0,0.0,0.0,0.0,0.0,0.0,0.0,0.0,0.0,0.0,0.0,0.0,0.0,0.0,0.0,0.0,0.0,0.0,0.0,0.0,0.0,0.0,0.0,0.0,0.0,0.0,0.0,0.0,0.0,0.0,0.0,0.0,0.0
161,234,0.0,0.0,0.0,0.9409,0.0,0.0,0.0,0.0,0.0,0.0,0.0,0.0,0.0194,0.0,0.0194,0.0,0.0,0.0,0.0,0.0,0.0,0.0001,0.0,0.0196,0.0,0.0001,0.0,0.0,0.0,0.0,0.0,0.0,0.0002,0.0,0.0002,0.0,0.0,0.0,0.0,0.0,0.0,0.0,0.0,0.0001,0.0,0.0,0.0,0.0,0.0,0.0,0.0,0.0,0.0,0.0,0.0,0.0,0.0,0.0,0.0,0.0,0.0,0.0,0.0,0.0,0.0,0.0,0.0,0.0,0.0,0.0,0.0,0.0,0.0,0.0,0.0,0.0,0.0,0.0,0.0,0.0,0.0,0.0,0.0,0.0,0.0,0.0,0.0,0.0,0.0,0.0,0.0,0.0,0.0,0.0,0.0,0.0,0.0,0.0,0.0,0.0
162,235,0.0,0.0,0.912867,0.009408999999999999,0.009602999999999999,0.0,0.0,0.0,0.0,0.0,0.0,0.018819000000000002,0.0,0.028617000000000004,0.0,0.000195,0.0,0.0,0.0,0.0,9.7e-05,0.0,0.019208999999999997,0.0,0.000489,0.0,1.0000000000000002e-06,0.0,0.0,0.0,0.0,0.000195,0.0,0.000393,0.0,3.0000000000000005e-06,0.0,0.0,0.0,0.0,0.0,0.0,9.9e-05,0.0,3.0000000000000005e-06,0.0,0.0,0.0,0.0,0.0,0.0,0.0,0.0,1.0000000000000002e-06,0.0,0.0,0.0,0.0,0.0,0.0,0.0,0.0,0.0,0.0,0.0,0.0,0.0,0.0,0.0,0.0,0.0,0.0,0.0,0.0,0.0,0.0,0.0,0.0,0.0,0.0,0.0,0.0,0.0,0.0,0.0,0.0,0.0,0.0,0.0,0.0,0.0,0.0,0.0,0.0,0.0,0.0,0.0,0.0,0.0,0.0
163,236,0.0,0.88566918,0.018255399999999998,0.01882384,0.00019011999999999998,9.797999999999998e-05,0.0,0.0,0.0,0.0,0.0182554,0.0,0.037267440000000006,9.408999999999999e-05,0.00057624,0.0,1.96e-06,0.0,0.0,0.0,9.409e-05,0.018823839999999998,0.0,0.0009565199999999999,0.0,7.84e-06,0.0,1.0000000000000002e-08,0.0,0.0,0.00019012,0.0,0.00057624,0.0,1.1760000000000001e-05,0.0,4.000000000000001e-08,0.0,0.0,0.0,0.0,9.797999999999998e-05,0.0,7.840000000000001e-06,0.0,6.000000000000001e-08,0.0,0.0,0.0,0.0,0.0,0.0,1.96e-06,0.0,4.000000000000001e-08,0.0,0.0,0.0,0.0,0.0,0.0,0.0,0.0,1.0000000000000002e-08,0.0,0.0,0.0,0.0,0.0,0.0,0.0,0.0,0.0,0.0,0.0,0.0,0.0,0.0,0.0,0.0,0.0,0.0,0.0,0.0,0.0,0.0,0.0,0.0,0.0,0.0,0.0,0.0,0.0,0.0,0.0,0.0,0.0,0.0,0.0,0.0
164,237,0.8592816585999999,0.026564429799999997,0.027671045000000005,0.0005561497,0.0002909426,2.881e-06,9.994e-07,0.0,0.0,0.0,0.0177086789,0.04537690100000001,0.00027382129999999993,0.0011294308000000001,2.8421e-06,8.7218e-06,0.0,1.97e-08,0.0,0.0,0.0185348473,9.409000000000001e-07,0.0014944996,9.408999999999999e-07,2.305e-05,0.0,1.0810000000000001e-07,0.0,1.0000000000000002e-10,0.0,0.0001853573,0.0007500721999999999,0.0,2.68132e-05,0.0,2.354e-07,0.0,5.000000000000001e-10,0.0,0.0,9.694179999999997e-05,0.0,1.43666e-05,0.0,2.546e-07,0.0,1.0000000000000003e-09,0.0,0.0,0.0,0.0,2.881e-06,0.0,1.3690000000000001e-07,0.0,1.0000000000000003e-09,0.0,0.0,0.0,0.0,0.0,0.0,2.93e-08,0.0,5.000000000000001e-10,0.0,0.0,0.0,0.0,0.0,0.0,0.0,0.0,1.0000000000000002e-10,0.0,0.0,0.0,0.0,0.0,0.0,0.0,0.0,0.0,0.0,0.0,0.0,0.0,0.0,0.0,0.0,0.0,0.0,0.0,0.0,0.0,0.0,0.0,0.0,0.0,0.0
165,238,0.017628364259,0.009588940344000001,0.000550654458,0.00029647568099999997,8.528154000000002e-06,3.0354480000000002e-06,3.8804e-08,1.0191e-08,0.0,0.0,0.8343194131139999,0.025947331317,0.027320921964000003,0.000542241252,0.000293826348,2.822991e-06,1.0579139999999998e-06,0.0,1.9800000000000001e-10,0.0,0.017364629988,0.044223388161000014,0.000265625479,0.0011109915040000001,2.766246e-06,8.694080999999998e-06,0.0,2.0195999999999998e-08,0.0,1.0000000000000002e-12,0.017989125594,2.766246e-06,0.001457577132,9.126729999999999e-07,2.2631532e-05,0.0,1.0722600000000001e-07,0.0,1.0200000000000001e-10,0.0,0.00018076599900000001,0.000728711928,0.0,2.6156385e-05,0.0,2.3090400000000001e-07,0.0,4.95e-10,0.0,0.0,9.406235599999995e-05,0.0,1.3966073999999999e-05,0.0,2.4834599999999997e-07,0.0,9.800000000000001e-10,0.0,0.0,0.0,0.0,2.7948629999999997e-06,0.0,1.33092e-07,0.0,9.750000000000003e-10,0.0,0.0,0.0,0.0,0.0,0.0,2.8422e-08,0.0,4.860000000000001e-10,0.0,0.0,0.0,0.0,0.0,0.0,0.0,0.0,9.700000000000001e-11,0.0,0.0,0.0,0.0,0.0,0.0,0.0,0.0,0.0,0.0,0.0,0.0,0.0,0.0,0.0,0.0
166,239,0.00879165081976,0.00053715290378,0.00037756992447,1.3978995450000001e-05,6.01865631e-06,1.4425397000000004e-07,4.142357e-08,4.8995e-10,1.0389e-10,0.0,0.02587582707542,0.01835990936607,0.00080168680474,0.00057483880873,1.375061427e-05,5.98016799e-06,6.586979e-08,2.0668349999999996e-08,0.0,1.9900000000000002e-12,0.8100856021580098,0.02534524159462,0.026969213873050003,0.0005286670584200001,0.00029643472873,2.76596373e-06,1.1143916099999997e-06,0.0,3.9505000000000005e-10,1.0000000000000002e-14,0.01702541766675,0.04309844066271001,0.00025769350382,0.00109272540937,2.6923853499999994e-06,8.662955189999998e-06,0.0,2.066835e-08,0.0,1.9900000000000002e-12,0.01745948722901,4.49091861e-06,0.00142153816191,8.852928099999999e-07,2.2218942389999996e-05,0.0,1.0633301e-07,0.0,1.0389000000000002e-10,0.0,0.00017628364259000002,0.00070795880309,0.0,2.551516857e-05,0.0,2.2647989000000002e-07,0.0,4.8995e-10,0.0,0.0,9.126843394999995e-05,0.0,1.3576655549999999e-05,0.0,2.4224114999999997e-07,0.0,9.6035e-10,0.0,0.0,0.0,0.0,2.7113013299999997e-06,0.0,1.2938929000000001e-07,0.0,9.5061e-10,0.0,0.0,0.0,0.0,0.0,0.0,2.757031e-08,0.0,4.723900000000002e-10,0.0,0.0,0.0,0.0,0.0,0.0,0.0,0.0,9.409000000000001e-11,0.0,0.0,0.0,0.0,0.0,0.0
167,240,0.00043996281618720003,0.0002806628301408,1.7303886284400003e-05,9.7240638496e-06,3.3892520000000004e-07,1.2184501839999998e-07,2.5203728000000005e-09,6.268576e-10,5.938400000000001e-12,1.0588e-12,0.017071114681162198,0.0010412658714144,0.0008252824472144002,2.7000670360800005e-05,1.46106336752e-05,3.057508288e-07,1.113331424e-07,1.1339494e-09,3.1142719999999996e-10,2.0000000000000003e-14,0.0336241148773512,0.0266106446520256,0.0010389522221664002,0.0008411773845796,1.8679349916900002e-05,8.8628837056e-06,9.15533336e-08,3.140284959999999e-08,0.0,5.900800000000001e-12,0.7865588675488543,0.0247577603676732,0.0266162644991984,0.0005154197584872001,0.00029877775993759995,2.7099086715999995e-06,1.1688594271999996e-06,0.0,5.909408000000001e-10,2.96e-14,0.0166910577546496,0.04200137728476881,0.0002500164608196,0.0010746363698176,2.620466717599999e-06,8.628584087199997e-06,0.0,2.1117567999999996e-08,0.0,2.9692e-12,0.016945457720936,6.1190274776e-06,0.0013863625233247997,8.587340256999999e-07,2.1812213014399997e-05,0.0,1.054223216e-07,0.0,1.0567280000000001e-10,0.0,0.0001719078176518,0.0006877956029056,0.0,2.4889196372799994e-05,0.0,2.2212701440000002e-07,0.0,4.848550000000001e-10,0.0,0.0,8.855749394479995e-05,0.0,1.31980384928e-05,0.0,2.3628203839999993e-07,0.0,9.410456000000002e-10,0.0,0.0,0.0,0.0,2.6302379931999996e-06,0.0,1.257889792e-07,0.0,9.268156000000001e-10,0.0,0.0,0.0,0.0,0.0,0.0,2.67441416e-08,9.12673e-11,4.591592000000001e-10,0.0,0.0,0.0,0.0,0.0
168,243,0.0,0.0,0.0,0.0,0.0,0.0,0.0,0.0,0.0,0.0,0.0,0.0,0.0,0.0,0.0,0.0,0.0,0.0,0.0,0.0,0.0,0.0,0.0,0.0,0.0,0.0,0.0,0.0,0.0,0.0,0.0,0.0,0.0,0.0,0.0,0.0,0.0,0.0,0.0,0.0,0.0,0.0,0.0,1.0,0.0,0.0,0.0,0.0,0.0,0.0,0.0,0.0,0.0,0.0,0.0,0.0,0.0,0.0,0.0,0.0,0.0,0.0,0.0,0.0,0.0,0.0,0.0,0.0,0.0,0.0,0.0,0.0,0.0,0.0,0.0,0.0,0.0,0.0,0.0,0.0,0.0,0.0,0.0,0.0,0.0,0.0,0.0,0.0,0.0,0.0,0.0,0.0,0.0,0.0,0.0,0.0,0.0,0.0,0.0,0.0
169,244,0.0,0.0,0.0,0.0,0.0,0.0,0.0,0.0,0.0,0.0,0.0,0.0,0.0,0.0,0.0,0.0,0.0,0.0,0.0,0.0,0.0,0.0,0.0,0.0,0.0,0.0,0.0,0.0,0.0,0.0,0.0,0.0,0.0,0.01,0.0,0.0,0.0,0.0,0.0,0.0,0.0,0.0,0.01,0.0,0.01,0.0,0.0,0.0,0.0,0.0,0.0,0.0,0.0,0.97,0.0,0.0,0.0,0.0,0.0,0.0,0.0,0.0,0.0,0.0,0.0,0.0,0.0,0.0,0.0,0.0,0.0,0.0,0.0,0.0,0.0,0.0,0.0,0.0,0.0,0.0,0.0,0.0,0.0,0.0,0.0,0.0,0.0,0.0,0.0,0.0,0.0,0.0,0.0,0.0,0.0,0.0,0.0,0.0,0.0,0.0
170,247,0.0,0.0,0.0,1.0000000000000002e-08,0.0,0.0,0.0,0.0,0.0,0.0,0.0,0.0,4.000000000000001e-08,0.0,1e-06,0.0,0.0,0.0,0.0,0.0,0.0,6.000000000000001e-08,0.0,5.92e-06,0.0,2.94e-06,0.0,0.0,0.0,0.0,4.000000000000001e-08,0.0,1.1760000000000001e-05,0.0,0.000294,0.0,2.92e-06,0.0,0.0,0.0,1.0000000000000002e-08,9.76e-06,0.0,0.00086436,0.0,0.0005704,0.0,9.7e-07,0.0,0.0,2.92e-06,0.0,0.00085848,0.0,0.02823576,0.0,0.00028228000000000004,0.0,0.0,0.0,0.0,0.00028518,0.0,0.037077280000000004,0.0,0.0273831,0.0,0.0,0.0,0.0,0.0,0.0,0.009408999999999999,0.0,0.88557508,0.0,0.0,0.0,0.0,0.0,0.0,0.0,0.0,0.00912673,0.0,0.0,0.0,0.0,0.0,0.0,0.0,0.0,0.0,0.0,0.0,0.0,0.0,0.0,0.0,0.0
171,252,4.5612e-14,5.329800000000002e-14,8.841168000000001e-12,4.2406559999999995e-12,5.493872159999999e-10,1.5405426e-10,1.2366147438000001e-08,1.383123582e-09,5.5562760702e-08,0.0,4.557e-14,1.0899e-11,8.091120000000001e-13,1.108272528e-09,1.17306e-12,4.525097003999999e-08,1.8678612e-11,6.221677944779999e-07,0.0,9.915462006599999e-07,6.928056e-12,2.866968e-12,1.353519576e-09,3.2861204999999995e-11,8.9787157848e-08,1.42884e-13,2.468589801912e-06,0.0,1.8805963593203995e-05,2.6548160786279988e-06,4.431600000000001e-12,9.83254392e-10,1.1414999700000002e-10,1.0538510403599998e-07,7.96764114e-10,4.909014387287999e-06,0.0,8.9273984424912e-05,2.6293196456999993e-08,0.0002807646494607719,3.6136315200000004e-10,1.64743248e-10,7.3812633924e-08,2.6148081460000005e-09,5.443142275236e-06,8.587340256999999e-09,0.000183139180109712,8.852928100000001e-11,0.002056937218155888,0.0005033152556814569,1.2537777600000005e-10,2.8929666168000006e-08,3.3333828839999997e-09,3.3978504292200005e-06,2.6293196457000003e-08,0.000187499552128344,0.0,0.004578661267797456,2.499447190473e-06,0.025737321156361376,5.011451064000001e-09,2.0323614600000005e-09,1.1057615748720003e-06,2.7370150597000002e-08,9.514191375036002e-05,0.0,0.004137777894463416,0.0,0.07355216081364555,0.023527295607158816,5.40423918e-10,1.4633588613600004e-07,1.0227630045e-08,1.9872423721872e-05,5.31203913e-10,0.0013928022493262641,0.0,0.05101771580256267,0.0,0.7616858142237362,2.3124205260000005e-09,5.86671714e-10,5.55963838416e-07,2.6779807529999997e-09,5.313698727623999e-05,1.2882653225999998e-07,0.0025134983630035017,0.0,0.04706209061838155,0.0,3.2937618e-11,5.533494516e-09,5.422213188e-09,7.998057920159999e-07,5.21979190596e-07,5.102888568498e-05,1.6663424085587996e-05,0.0012124895486579816,0.0,0.0
172,254,0.0,0.0,0.0,0.0,0.0,0.0,0.0,0.0,0.0,0.0,0.0,0.0,0.0,0.0,0.0,0.0,0.0,0.0,0.0,0.0,0.0,0.0,0.0,0.0,0.0,0.0,0.0,0.0,0.0,0.0,0.0,0.0,0.0,0.0,0.0,0.0,0.0,0.0,0.0,0.0,0.0,0.0,0.0,0.0,0.0,0.0,0.0,0.0,0.0,0.0,0.0,0.0,0.0,1.0,0.0,0.0,0.0,0.0,0.0,0.0,0.0,0.0,0.0,0.0,0.0,0.0,0.0,0.0,0.0,0.0,0.0,0.0,0.0,0.0,0.0,0.0,0.0,0.0,0.0,0.0,0.0,0.0,0.0,0.0,0.0,0.0,0.0,0.0,0.0,0.0,0.0,0.0,0.0,0.0,0.0,0.0,0.0,0.0,0.0,0.0
173,265,0.0,0.0,0.0,0.0,0.0,0.0,0.0,0.0,0.0,0.0,0.0,0.0,0.0,0.0,0.0,0.0,0.0,0.0,0.0,0.0,0.0,0.0,0.0,0.0,0.0,0.0,0.0,0.0,0.0,0.0,0.0,0.0,0.0,0.0,0.0,0.0,0.0,0.0,0.0,0.0,0.0,0.0,0.0,0.0,0.0,0.0,0.0,0.0,0.0,0.0,0.0,0.0,0.0,0.0,0.0,0.0,0.0,0.0,0.0,0.0,0.0,0.0,0.0,1.0,0.0,0.0,0.0,0.0,0.0,0.0,0.0,0.0,0.0,0.0,0.0,0.0,0.0,0.0,0.0,0.0,0.0,0.0,0.0,0.0,0.0,0.0,0.0,0.0,0.0,0.0,0.0,0.0,0.0,0.0,0.0,0.0,0.0,0.0,0.0,0.0
174,266,0.0,0.0,0.0,0.0,0.0,0.0,0.0,0.0,0.0,0.0,0.0,0.0,0.0,0.0,0.0,0.0,0.0,0.0,0.0,0.0,0.0,0.0,0.0,0.0,0.0,0.0,0.0,0.0,0.0,0.0,0.0,0.0,0.0,0.0,0.0,0.0,0.0,0.0,0.0,0.0,0.0,0.0,0.0,0.0,0.0,0.0,0.0,0.0,0.0,0.0,0.0,0.0,0.0,0.01,0.0,0.0,0.0,0.0,0.0,0.0,0.0,0.0,0.01,0.0,0.97,0.0,0.0,0.0,0.0,0.0,0.0,0.0,0.0,0.01,0.0,0.0,0.0,0.0,0.0,0.0,0.0,0.0,0.0,0.0,0.0,0.0,0.0,0.0,0.0,0.0,0.0,0.0,0.0,0.0,0.0,0.0,0.0,0.0,0.0,0.0
175,267,0.0,0.0,0.0,0.0,0.0,0.0,0.0,0.0,0.0,0.0,0.0,0.0,0.0,0.0,0.0,0.0,0.0,0.0,0.0,0.0,0.0,0.0,0.0,0.0,0.0,0.0,0.0,0.0,0.0,0.0,0.0,0.0,0.0,0.0,0.0,0.0,0.0,0.0,0.0,0.0,0.0,0.0,0.0,0.0001,0.0,0.0,0.0,0.0,0.0,0.0,0.0,0.0,0.0002,0.0,0.0098,0.0,0.0,0.0,0.0,0.0,0.0,0.0001,0.0,0.0196,0.0,0.0097,0.0,0.0,0.0,0.0,0.0,0.0,0.0098,0.0,0.941,0.0,0.0,0.0,0.0,0.0,0.0,0.0,0.0,0.0097,0.0,0.0,0.0,0.0,0.0,0.0,0.0,0.0,0.0,0.0,0.0,0.0,0.0,0.0,0.0,0.0
176,268,0.0,0.0,0.0,0.0,0.0,0.0,0.0,0.0,0.0,0.0,0.0,0.0,0.0,0.0,0.0,0.0,0.0,0.0,0.0,0.0,0.0,0.0,0.0,0.0,0.0,0.0,0.0,0.0,0.0,0.0,0.0,0.0,0.0,1.0000000000000002e-06,0.0,0.0,0.0,0.0,0.0,0.0,0.0,0.0,3.0000000000000005e-06,0.0,0.000195,0.0,0.0,0.0,0.0,0.0,0.0,3.0000000000000005e-06,0.0,0.000489,0.0,0.009602999999999999,0.0,0.0,0.0,0.0,1.0000000000000002e-06,0.0,0.00039299999999999996,0.0,0.028616999999999997,0.0,0.009409,0.0,0.0,0.0,0.0,9.9e-05,0.0,0.019208999999999997,0.0,0.912867,0.0,0.0,0.0,0.0,0.0,0.0,0.000195,0.0,0.018819000000000002,0.0,0.0,0.0,0.0,0.0,0.0,0.0,0.0,9.7e-05,0.0,0.0,0.0,0.0,0.0,0.0
177,269,0.0,0.0,0.0,0.0,0.0,0.0,0.0,0.0,0.0,0.0,0.0,0.0,0.0,0.0,0.0,0.0,0.0,0.0,0.0,0.0,0.0,0.0,0.0,1.0000000000000002e-08,0.0,0.0,0.0,0.0,0.0,0.0,0.0,0.0,4.000000000000001e-08,0.0,2.92e-06,0.0,0.0,0.0,0.0,0.0,0.0,6.000000000000001e-08,0.0,9.76e-06,0.0,0.00028518,0.0,0.0,0.0,0.0,4.000000000000001e-08,0.0,1.1760000000000001e-05,0.0,0.0008584799999999999,0.0,0.009408999999999999,0.0,0.0,0.0,1.0000000000000002e-08,5.919999999999999e-06,0.0,0.00086436,0.0,0.03707728,0.0,0.00912673,0.0,0.0,1e-06,0.0,0.000294,0.0,0.028235759999999995,0.0,0.88557508,0.0,0.0,0.0,0.0,2.94e-06,0.0,0.0005704,0.0,0.0273831,0.0,0.0,0.0,0.0,0.0,0.0,2.92e-06,9.7e-07,0.00028228000000000004,0.0,0.0,0.0,0.0,0.0
178,270,0.0,0.0,0.0,0.0,0.0,0.0,0.0,0.0,0.0,0.0,0.0,0.0,0.0,1.0000000000000002e-10,0.0,0.0,0.0,0.0,0.0,0.0,0.0,0.0,5.000000000000001e-10,0.0,3.89e-08,0.0,0.0,0.0,0.0,0.0,0.0,1.0000000000000003e-09,0.0,1.657e-07,0.0,5.6842e-06,0.0,0.0,0.0,0.0,1.0000000000000003e-09,0.0,2.738e-07,0.0,2.0932999999999998e-05,0.0,0.00037071459999999995,0.0,0.0,0.0,5.000000000000001e-10,2.162e-07,0.0,2.87332e-05,0.0,0.0013004401999999998,0.0,0.0092179973,0.0,0.0,6.97e-08,9.700000000000001e-09,1.74436e-05,0.0,0.0015001443999999998,0.0,0.0450060697,0.0,0.008852928099999999,0.0,1.01e-08,3.9986e-06,0.0,0.0005818851999999999,0.0,0.036889041799999994,0.0,0.8590990948999999,0.0,0.0,3.9399999999999995e-08,0.0,1.1524999999999999e-05,9.700000000000001e-09,0.0011122993999999999,0.0,0.0354173578,0.0,0.0,0.0,0.0,5.8599999999999995e-08,3.89e-08,1.13689e-05,3.7637e-06,0.0005476426000000001,0.0,0.0,0.0,0.0
179,271,0.0,0.0,0.0,1.0000000000000002e-12,0.0,0.0,0.0,0.0,0.0,0.0,0.0,0.0,6.000000000000002e-12,0.0,4.86e-10,0.0,0.0,0.0,0.0,0.0,0.0,1.5000000000000003e-11,0.0,2.5320000000000004e-09,0.0,9.4575e-08,0.0,0.0,0.0,0.0,2.0000000000000005e-11,0.0,5.37e-09,0.0,4.2729e-07,0.0,9.22082e-06,0.0,0.0,0.0,1.5000000000000003e-11,5.8799999999999995e-09,0.0,7.639049999999999e-07,0.0,3.707339999999999e-05,0.0,0.00045177313499999993,0.0,0.0,2.874e-09,5.820000000000001e-10,6.7422e-07,0.0,5.608638e-05,0.0,0.0018073748099999996,0.0,0.009029986661999998,0.0,8.999999999999999e-10,2.8419300000000004e-07,9.409e-09,3.802792e-05,0.0,0.0022870955849999997,0.0,0.05242758781199999,0.0,0.008587340256999998,4.1178e-08,9.894e-09,9.98718e-06,9.700000000000001e-11,0.0009594434999999998,0.0,0.04517759577,0.0,0.833414651334,0.0,4.949999999999999e-10,1.9403999999999998e-07,4.86e-10,2.8234784999999995e-05,4.7046e-08,0.00180747084,0.0,0.04294582801499999,0.0,0.0,9.8e-10,9.75e-10,2.8617e-07,1.8915600000000003e-07,2.766489e-05,9.127215e-06,0.0008853869,0.0,0.0,0.0
180,272,0.0,0.0,7.000000000000003e-14,1.0000000000000002e-14,5.83e-12,0.0,0.0,0.0,0.0,0.0,0.0,2.1000000000000006e-13,0.0,3.6010000000000007e-11,0.0,1.41717e-09,0.0,0.0,0.0,0.0,3.500000000000001e-13,0.0,9.363000000000002e-11,0.0,7.67955e-09,0.0,1.8394594999999998e-07,0.0,0.0,0.0,3.500000000000001e-13,1.3205e-10,0.0,1.714617e-08,0.0,8.783592499999999e-07,0.0,1.3461926749999999e-05,0.0,0.0,8.788999999999999e-11,2.0370000000000003e-11,2.0138549999999995e-08,0.0,1.6768585499999998e-06,0.0,5.864488564999998e-05,0.0,0.0005285198075699999,0.0,4.371e-11,1.2430709999999999e-08,6.5863e-10,1.6027754499999998e-06,0.0,9.571922655e-05,0.0,0.0023722470417899995,0.0,0.008844960464709999,3.2914500000000003e-09,1.07185e-09,7.625604099999999e-07,9.1277e-09,6.991333704999999e-05,0.0,0.0032126083013699993,0.0,0.059365079960169986,0.008329720049289998,5.2467e-10,1.4459679e-07,9.697100000000001e-09,1.9944626649999995e-05,5.645500000000001e-10,0.0014233818169499999,0.0,0.053110148568510006,0.0,0.80849808519655,2.3669300000000002e-09,5.936999999999999e-10,5.7330015e-07,2.8344100000000003e-09,5.533353374999999e-05,1.3690677e-07,0.0026433348216500004,0.0,0.04999159968788999,0.0,3.43e-11,5.76245e-09,5.70387e-09,8.384732099999999e-07,5.518728300000001e-07,5.385479285e-05,1.7707267550000003e-05,0.00128828357315,0.0,0.0
181,273,0.0,2.800000000000001e-15,0.0,4.1920000000000007e-13,5.84e-14,1.423e-11,0.0,0.0,0.0,0.0,5.600000000000002e-15,0.0,1.3664000000000001e-12,9.7e-15,9.698240000000001e-11,0.0,1.8536312e-09,0.0,0.0,0.0,7.0000000000000025e-15,2.464e-12,0.0,2.8412320000000003e-10,0.0,1.2074502399999999e-08,0.0,1.3645872699999998e-07,0.0,0.0,2.5424e-12,2.0720000000000004e-13,4.649888e-10,0.0,3.317280319999999e-08,0.0,9.082792879999998e-07,0.0,5.419817343199999e-06,0.0,1.8592e-12,4.5465999999999996e-10,6.790000000000001e-12,4.9629510400000004e-08,0.0,2.41241818e-06,0.0,4.265218629759999e-05,0.0,9.373480272279998e-05,2.42912e-10,3.75008e-11,4.331205919999999e-08,9.786329999999999e-11,3.2989061839999994e-06,0.0,0.00011369128477759997,0.0,0.0012184870880095997,0.00017174680513999996,9.127840000000001e-11,2.1162275199999996e-08,8.378376e-10,2.4608974275999993e-06,9.69225e-11,0.0001399066843072,0.0,0.0034579579988367995,8.329720049289998e-05,0.0173415405028288,4.6675904e-09,1.1478491999999999e-09,9.463088335999998e-07,8.9848296e-09,8.280253671199998e-05,1.3747132000000003e-09,0.0036879987043999993,0.0,0.06670012589589439,0.016164809299776796,5.388792e-10,1.4607318159999998e-07,9.497506800000002e-09,1.9913740921599993e-05,7.4637536e-09,0.0014082055939239999,1.7844174320000001e-07,0.0520560762922816,0.0,0.7847430586375324,2.3871606000000005e-09,6.2228472e-09,5.700762559999999e-07,8.216441583999999e-07,5.475577704319999e-05,5.2554540035199995e-05,0.0025946322101840003,0.001249812138631,0.04850473453298479,0.0
182,275,0.0,0.0,0.0,0.0,0.0,0.0,0.0,0.0,0.0,0.0,0.0,0.0,0.0,0.0,0.0,0.0,0.0,0.0,0.0,0.0,0.0,0.0,0.0,0.0,0.0,0.0,0.0,0.0,0.0,0.0,0.0,0.0,0.0,0.0,0.0,0.0,0.0,0.0,0.0,0.0,0.0,0.0,0.0,0.0,0.0,0.0,0.0,0.0,0.0,0.0,0.0,0.0,0.0,0.0,0.0,0.0,0.0,0.0,0.0,0.0,0.0,0.0,0.0,0.0,0.0,0.0,0.0,0.0,0.0,0.0,0.0,0.0,0.0,0.0,0.0,0.0,0.0,0.0,0.0,0.0,0.0,0.0,0.0,0.0,0.0,0.0,0.0,0.0,0.0,0.0,0.0,0.0,0.0,1.0,0.0,0.0,0.0,0.0,0.0,0.0
183,276,0.0,0.0,0.0,0.0,0.0,0.0,0.0,0.0,0.0,0.0,0.0,0.0,0.0,0.0,0.0,0.0,0.0,0.0,0.0,0.0,0.0,0.0,0.0,0.0,0.0,0.0,0.0,0.0,0.0,0.0,0.0,0.0,0.0,0.0,0.0,0.0,0.0,0.0,0.0,0.0,0.0,0.0,0.0,0.0,0.0,0.0,0.0,0.0,0.0,0.0,0.0,0.0,0.0,0.0,0.0,0.0,0.0,0.0,0.0,0.0,0.0,0.0,0.0,0.0,0.0,0.0,0.0,0.0,0.0,0.0,0.0,0.0,0.0,0.0,0.0,0.0,0.0,0.0,0.0,0.0,0.0,0.0,0.0,0.01,0.0,0.0,0.0,0.0,0.0,0.0,0.0,0.0,0.01,0.01,0.97,0.0,0.0,0.0,0.0,0.0
184,277,0.0,0.0,0.0,0.0,0.0,0.0,0.0,0.0,0.0,0.0,0.0,0.0,0.0,0.0,0.0,0.0,0.0,0.0,0.0,0.0,0.0,0.0,0.0,0.0,0.0,0.0,0.0,0.0,0.0,0.0,0.0,0.0,0.0,0.0,0.0,0.0,0.0,0.0,0.0,0.0,0.0,0.0,0.0,0.0,0.0,0.0,0.0,0.0,0.0,0.0,0.0,0.0,0.0,0.0,0.0,0.0,0.0,0.0,0.0,0.0,0.0,0.0,0.0,0.0,0.0,0.0,0.0,0.0,0.0,0.0,0.0,0.0,0.0,0.0097,0.0,0.0,0.0,0.0,0.0,0.0,0.0,0.0,0.0098,0.0097,0.941,0.0,0.0,0.0,0.0,0.0,0.0,0.0001,0.0002,0.009999999999999998,0.0098,0.0097,0.0,0.0,0.0,0.0
185,278,0.0,0.0,0.0,0.0,0.0,0.0,0.0,0.0,0.0,0.0,0.0,0.0,0.0,0.0,0.0,0.0,0.0,0.0,0.0,0.0,0.0,0.0,0.0,0.0,0.0,0.0,0.0,0.0,0.0,0.0,0.0,0.0,0.0,0.0,0.0,0.0,0.0,0.0,0.0,0.0,0.0,0.0,0.0,0.0,0.0,0.0,0.0,0.0,0.0,0.0,0.0,0.0,0.0,0.0,0.0,0.0,0.0,0.0,0.0,0.0,0.0,0.0,0.0,0.009409,0.0,0.0,0.0,0.0,0.0,0.0,0.0,0.0,0.009602999999999999,0.009409,0.912867,0.0,0.0,0.0,0.0,0.0,0.0,0.000195,0.000291,0.019304999999999996,0.009602999999999999,0.018819000000000002,0.0,0.0,0.0,0.0,1.0000000000000002e-06,3.0000000000000005e-06,0.00020099999999999998,0.00029699999999999996,0.009704999999999998,0.000195,9.7e-05,0.0,0.0,0.0
186,279,0.0,0.0,0.0,0.0,0.0,0.0,0.0,0.0,0.0,0.0,0.0,0.0,0.0,0.0,0.0,0.0,0.0,0.0,0.0,0.0,0.0,0.0,0.0,0.0,0.0,0.0,0.0,0.0,0.0,0.0,0.0,0.0,0.0,0.0,0.0,0.0,0.0,0.0,0.0,0.0,0.0,0.0,0.0,0.0,0.0,0.0,0.0,0.0,0.0,0.0,0.0,0.0,0.0,9.409000000000002e-05,0.0,0.0,0.0,0.0,0.0,0.0,0.0,0.0,0.00019012,9.409000000000002e-05,0.018255399999999998,0.0,0.0,0.0,0.0,0.0,0.0,9.797999999999998e-05,9.700000000000001e-05,0.018730720000000003,0.00922276,0.88566918,0.0,0.0,0.0,0.0,1.96e-06,2.9400000000000007e-06,0.00048023999999999994,0.00047536,0.02813976,0.00931686,0.0182554,0.0,0.0,0.0,5.000000000000001e-08,4.96e-06,1.0800000000000002e-05,0.0004880399999999999,0.00048311999999999997,0.009604959999999997,0.00019012,9.409e-05,0.0,0.0
187,280,0.0,0.0,0.0,0.0,0.0,0.0,0.0,0.0,0.0,0.0,0.0,0.0,0.0,0.0,0.0,0.0,0.0,0.0,0.0,0.0,0.0,0.0,0.0,0.0,0.0,0.0,0.0,0.0,0.0,0.0,0.0,0.0,0.0,0.0,0.0,0.0,0.0,0.0,0.0,0.0,0.0,0.0,0.0,9.409000000000002e-07,0.0,0.0,0.0,0.0,0.0,0.0,0.0,0.0,2.8421000000000003e-06,9.409000000000002e-07,0.0002738213,0.0,0.0,0.0,0.0,0.0,0.0,2.881e-06,1.9109000000000006e-06,0.0005552185,0.0001834949,0.026564429799999997,0.0,0.0,0.0,0.0,9.994e-07,9.994000000000003e-07,0.00028905140000000005,0.00019201210000000004,0.027489441800000004,0.0090392458,0.8592816585999999,0.0,0.0,0.0,4.950000000000001e-08,7.732999999999999e-06,8.6834e-06,0.0009394179999999999,0.0006513266,0.0364308626,0.0090392554,0.0177086789,0.0,0.0,7.02e-08,2.3550000000000004e-07,1.4601999999999997e-05,2.4941199999999998e-05,0.0008556772,0.0006597457999999999,0.009502207299999996,0.0001853573,9.12673e-05,0.0
188,281,0.0,0.0,0.0,0.0,0.0,0.0,0.0,0.0,0.0,0.0,0.0,0.0,0.0,0.0,0.0,0.0,0.0,0.0,0.0,0.0,0.0,0.0,0.0,0.0,0.0,0.0,0.0,0.0,0.0,0.0,0.0,0.0,0.0,9.409000000000002e-09,0.0,0.0,0.0,0.0,0.0,0.0,0.0,0.0,3.783e-08,9.409000000000002e-09,3.650886e-06,0.0,0.0,0.0,0.0,0.0,0.0,5.7231000000000005e-08,2.8518000000000008e-08,1.1056644e-05,2.7476220000000004e-06,0.000531250959,0.0,0.0,0.0,0.0,3.8804e-08,2.910300000000001e-08,1.126569e-05,5.618052000000001e-06,0.0010818388739999999,0.00026838251099999997,0.034360313492,0.0,0.0,0.0,2.0483000000000005e-08,3.966072000000001e-06,2.9954820000000007e-06,0.0005702206410000001,0.00028499241,0.035887528056000005,0.00885846098,0.8336802956309999,0.0,0.0,8.852099999999999e-08,1.4719800000000002e-07,1.9931723999999997e-05,1.7105697e-05,0.0015589952759999999,0.000819169272,0.04420286217,0.008769931310999998,0.017178331206,0.0,4.254000000000001e-09,2.9379899999999997e-07,7.107010000000001e-07,3.236430399999999e-05,4.586045999999999e-05,0.001295935041,0.0008272216259999998,0.009396994115999995,0.000180709254,8.8529281e-05
189,283,0.0,0.0,0.0,0.0,0.0,0.0,0.0,0.0,0.0,0.0,0.0,0.0,0.0,9.409000000000002e-13,0.0,0.0,0.0,0.0,0.0,0.0,0.0,0.0,5.6648000000000015e-12,9.409000000000002e-13,5.476232e-10,0.0,0.0,0.0,0.0,0.0,0.0,1.4230000000000002e-11,4.7336000000000016e-12,2.7541600000000003e-09,4.572968000000001e-10,1.328052124e-07,0.0,0.0,0.0,0.0,1.91096e-11,9.554800000000004e-12,5.556617600000001e-09,1.8489952000000005e-09,5.3626712e-07,8.8995046e-08,1.71774185912e-05,0.0,0.0,0.0,2.4204600000000004e-11,5.637500800000001e-09,2.823353600000001e-09,8.170932112e-07,2.7203446400000003e-07,5.233503198399999e-05,8.6777043512e-06,0.001249812138631,0.0,0.0,2.3351286000000004e-09,2.5255128000000004e-09,5.618065856e-07,2.822602e-07,5.3956760748800004e-05,1.79820880864e-05,0.0025690449992240003,0.00042525224074299996,0.048504734532984796,0.0,9.621360000000003e-10,1.4370045120000003e-07,1.1452205400000002e-07,1.9634493270400006e-05,9.9533582432e-06,0.0013904117168200003,0.000464710406792,0.0516352099157536,0.008505080674440798,0.7847430586375322,3.7543296e-09,6.707728800000001e-09,8.342068523999999e-07,6.975559463999999e-07,7.296996322399999e-05,4.1539575123999995e-05,0.0032284459823839996,0.0011315251055391998,0.058282903505264,0.0244199522827524,2.606448e-10,1.5375801599999995e-08,4.32604368e-08,1.8205361675999998e-06,3.217423400099999e-06,0.00010060248761919999,0.00010935426268159998,0.0023648356741071998,0.0011369073555680996,0.009434317594183195
190,285,0.0,0.0,0.0,0.0,5.49505e-14,0.0,0.0,0.0,0.0,0.0,0.0,2.6500500000000005e-15,0.0,4.0451524000000013e-13,4.591786000000001e-14,1.339013997e-11,0.0,0.0,0.0,0.0,5.32344e-15,1.9962900000000007e-15,1.2933856200000003e-12,2.9574724000000007e-13,9.149082113999998e-11,8.991058050000001e-12,1.7443576639200001e-09,0.0,0.0,0.0,1.0049700000000002e-14,2.3431166400000006e-12,8.108070600000003e-13,2.6895662889e-10,5.435399874e-11,1.1390121809759999e-08,8.856151740000001e-10,1.2842997810258e-07,0.0,0.0,2.5730813400000005e-12,1.2879793200000003e-12,4.423019052e-10,1.3818703209000003e-10,3.140034468024e-08,5.34151593072e-09,8.5664138626548e-07,4.426966444914e-08,5.1021536228838e-06,0.0,2.9449268400000006e-12,4.409632599e-10,1.9146265962000004e-10,4.7219026335359994e-08,1.304077870488e-08,2.28307300089162e-06,3.0695461906739995e-07,4.02130702390524e-05,9.364262860277998e-07,8.830023398421329e-05,2.5932698820000004e-10,1.6595993502000002e-10,4.16355754077e-08,1.648605417912e-08,3.1395443915928e-06,7.5144945890346e-07,0.00010756100830130796,1.0412200318585199e-05,0.0011483000008970495,0.00016598462176804264,1.6386914358000002e-10,2.1197877958920004e-08,1.1566579305600001e-08,2.36529770616444e-06,8.606230669391701e-07,0.00013321616326567585,2.6968973742126838e-05,0.003269981779011905,0.00025869423780710144,0.016345453831211578,5.166908553540001e-09,4.976100283440001e-09,9.367354092832802e-07,4.970335623735e-07,7.992764557415206e-05,2.805358012787818e-05,0.0035165784520237216,0.0006219459799078507,0.0630223407125515,0.015967213535908832,5.197718175840001e-09,1.7342120431836003e-07,9.8339222724705e-07,2.2366510848501303e-05,8.389902609384505e-05,0.0015094438414942526,0.003649565847153618,0.053115157887938115,0.06464734243028178,0.7721214934840608
191,286,0.0,0.0,0.0,0.0,1.0,0.0,0.0,0.0,0.0,0.0,0.0,0.0,0.0,0.0,0.0,0.0,0.0,0.0,0.0,0.0,0.0,0.0,0.0,0.0,0.0,0.0,0.0,0.0,0.0,0.0,0.0,0.0,0.0,0.0,0.0,0.0,0.0,0.0,0.0,0.0,0.0,0.0,0.0,0.0,0.0,0.0,0.0,0.0,0.0,0.0,0.0,0.0,0.0,0.0,0.0,0.0,0.0,0.0,0.0,0.0,0.0,0.0,0.0,0.0,0.0,0.0,0.0,0.0,0.0,0.0,0.0,0.0,0.0,0.0,0.0,0.0,0.0,0.0,0.0,0.0,0.0,0.0,0.0,0.0,0.0,0.0,0.0,0.0,0.0,0.0,0.0,0.0,0.0,0.0,0.0,0.0,0.0,0.0,0.0,0.0
192,293,0.00045220031523999994,0.00029148884319999996,2.2516158399999998e-05,1.2918935769999998e-05,6.173997699999998e-07,2.2506696999999996e-07,7.295669999999999e-09,1.8658499999999997e-09,3.796e-11,7.28e-12,0.0175717331748,0.00124220781756,0.00102478219263,4.4439593909999996e-05,2.3467523289999993e-05,7.420796699999998e-07,2.6060030999999995e-07,5.41973e-09,1.4059499999999995e-09,1.7560000000000002e-11,0.034360149391279994,0.02744739521717,0.0014330665598899998,0.00113350667487,3.856549976999999e-05,1.749585759e-05,3.7586933e-07,1.1818804999999997e-07,1.2406700000000002e-09,2.9397e-10,0.80901348989699,0.03333481659682999,0.03542831046389001,0.0010574811029099998,0.0005695763400899998,1.1066706749999999e-05,3.98892533e-06,3.821219e-08,1.027331e-08,0.0,0.0,0.03333481659682999,0.0005153499390899999,0.0010574811029099998,1.0770958570000003e-05,1.1066706749999999e-05,5.589237e-08,3.821219e-08,0.0,0.0,0.0,0.0,0.0005153499390899999,3.5414535099999996e-06,1.0770958570000003e-05,3.678919000000001e-08,5.589237e-08,0.0,0.0,0.0,0.0,0.0,0.0,3.5414535099999996e-06,9.12673e-09,3.678919000000001e-08,0.0,0.0,0.0,0.0,0.0,0.0,0.0,0.0,9.12673e-09,0.0,0.0,0.0,0.0,0.0,0.0,0.0,0.0,0.0,0.0,0.0,0.0,0.0,0.0,0.0,0.0,0.0,0.0,0.0,0.0,0.0,0.0,0.0,0.0,0.0
193,294,0.0001876762264848,2.0084131344e-05,1.35170613e-05,8.049208785e-07,3.722892579999999e-07,1.5918420799999996e-08,4.948287999999999e-09,1.4619209999999999e-10,3.317039999999999e-11,7.008e-13,0.0009703752096191999,0.00074318328375,4.9037813361599994e-05,3.4348931604799994e-05,1.4363495103999998e-06,6.305547728e-07,1.8310487199999996e-08,5.611817599999999e-09,1.036008e-10,2.4236399999999995e-11,0.025752791524610394,0.0018962219085131996,0.0016341308504104002,6.839753771839999e-05,3.996928631679999e-05,1.2198980384e-06,4.6881201039999994e-07,9.410359999999999e-09,2.651324799999999e-09,3.2379600000000004e-11,0.04175282797447979,0.035401739530232,0.0017391510394815996,0.0014700551536928,4.820172245919998e-05,2.2817301583999996e-05,4.7620136319999995e-07,1.5501651679999997e-07,1.5855718e-09,3.8788400000000004e-10,0.7850764333660485,0.032339925598315986,0.0347145376263616,0.0010310532933343998,0.0005632822375695998,1.0843341948799999e-05,3.9808656832e-06,3.7624748e-08,1.03472326e-08,0.0,0.0,0.032339925598315986,0.0004999248554523999,0.0010310532933343998,1.0483703507200002e-05,1.0843341948799999e-05,5.45834908e-08,3.7624748e-08,0.0,0.0,0.0,0.0,0.0004999248554523999,3.4353011719999995e-06,1.0483703507200002e-05,3.5776781600000006e-08,5.45834908e-08,0.0,0.0,0.0,0.0,0.0,0.0,3.4353011719999995e-06,8.852928099999999e-09,3.5776781600000006e-08,0.0,0.0,0.0,0.0,0.0,0.0,0.0,0.0,8.852928099999999e-09,0.0,0.0,0.0,0.0,0.0,0.0,0.0,0.0,0.0,0.0,0.0,0.0,0.0,0.0,0.0
194,297,0.0,0.0,0.0,0.0,0.0,0.0,0.0,0.0,0.0,0.0,0.0,0.0,0.0,0.0,1.0,0.0,0.0,0.0,0.0,0.0,0.0,0.0,0.0,0.0,0.0,0.0,0.0,0.0,0.0,0.0,0.0,0.0,0.0,0.0,0.0,0.0,0.0,0.0,0.0,0.0,0.0,0.0,0.0,0.0,0.0,0.0,0.0,0.0,0.0,0.0,0.0,0.0,0.0,0.0,0.0,0.0,0.0,0.0,0.0,0.0,0.0,0.0,0.0,0.0,0.0,0.0,0.0,0.0,0.0,0.0,0.0,0.0,0.0,0.0,0.0,0.0,0.0,0.0,0.0,0.0,0.0,0.0,0.0,0.0,0.0,0.0,0.0,0.0,0.0,0.0,0.0,0.0,0.0,0.0,0.0,0.0,0.0,0.0,0.0,0.0
195,298,0.0,0.0,0.0,0.0,0.97,0.0,0.0,0.0,0.0,0.0,0.0,0.0,0.0,0.01,0.0,0.01,0.0,0.0,0.0,0.0,0.0,0.0,0.0,0.0,0.01,0.0,0.0,0.0,0.0,0.0,0.0,0.0,0.0,0.0,0.0,0.0,0.0,0.0,0.0,0.0,0.0,0.0,0.0,0.0,0.0,0.0,0.0,0.0,0.0,0.0,0.0,0.0,0.0,0.0,0.0,0.0,0.0,0.0,0.0,0.0,0.0,0.0,0.0,0.0,0.0,0.0,0.0,0.0,0.0,0.0,0.0,0.0,0.0,0.0,0.0,0.0,0.0,0.0,0.0,0.0,0.0,0.0,0.0,0.0,0.0,0.0,0.0,0.0,0.0,0.0,0.0,0.0,0.0,0.0,0.0,0.0,0.0,0.0,0.0,0.0
196,306,0.000182327325108516,1.9592047321115998e-05,1.3274274024828003e-05,7.872797983050001e-07,3.6944467702800003e-07,1.5650592696000003e-08,4.963229784000001e-09,1.4458803299999998e-10,3.3658548000000005e-11,7.012079999999999e-13,0.000946341278785566,0.0007264736930969641,4.7835132226569e-05,3.3940629163811995e-05,1.4051615873770002e-06,6.301434616680002e-07,1.8001759416999998e-08,5.677975920000001e-09,1.0238521499999997e-10,2.4880451999999998e-11,0.025018318333957422,0.0018511337168397298,0.0016082367913666802,6.673455887324101e-05,3.983370872058e-05,1.194985339152e-06,4.73523538968e-07,9.260921846999996e-09,2.72247576e-09,3.241293e-11,0.04086623629908731,0.034744922002752504,0.0016959169877458799,0.001461545488990872,4.7079499136400005e-05,2.3035922435736e-05,4.6735752709199995e-07,1.5989977701599996e-07,1.5638440979999998e-09,4.1867518800000004e-10,0.762868563642509,0.03170312558345871,0.03441001573291769,0.0010052601331356841,0.0005723827164696479,1.0623782328132e-05,4.204394442167999e-06,3.7041840467999994e-08,1.1983194798000001e-08,3.936852e-12,0.008174163589643641,0.04024151618548567,0.0004849614628005479,0.0013775950464183842,1.0203991710801002e-05,1.6521882869712003e-05,5.330375389199999e-08,7.830876631799999e-08,0.0,1.0735116600000001e-10,0.008174163589643645,0.0,0.0011657822749689475,3.332330666121e-06,2.6220981130511995e-05,3.4792007433e-08,2.01564309876e-07,0.0,4.797198060000001e-10,0.0,0.0,0.0003283985045376839,0.0,1.8746860659779996e-05,8.587340256999999e-09,2.4851976762e-07,0.0,9.220823880000002e-10,0.0,0.0,0.0,0.0,5.033601566243999e-06,0.0,1.4813515486499997e-07,0.0,9.036027240000001e-10,0.0,0.0,0.0,0.0,0.0,0.0,3.4441541000999996e-08,8.8529281e-11,4.462970970000001e-10,0.0,0.0,0.0,0.0
197,307,1.330587976323714e-05,9.416673395514242e-06,8.1488733370818e-07,4.837162766397301e-07,2.5775366554060002e-08,1.0202019611760003e-08,3.876016993e-10,1.0819452285000002e-10,2.8133300399999996e-12,5.9941416e-13,0.00044376883841366004,4.745738718000117e-05,3.656255694035773e-05,1.9234099312277204e-06,1.10240615017776e-06,4.1362561774580006e-08,1.5907782656040004e-08,4.1390105679999995e-10,1.1690211288e-10,2.2769577299999998e-12,0.0015953079239208437,0.0013183942535848212,8.253793089436044e-05,6.401857017967895e-05,2.51309717324362e-06,1.2446707047708004e-06,3.4177744515399995e-08,1.186909455984e-08,2.078854472999999e-10,5.5869677220000004e-11,0.032652566003382184,0.002538252494037457,0.0022661545198722904,9.221508830722342e-05,5.920833873792516e-05,1.7408421688936799e-06,7.3331999934816e-07,1.4042726308169994e-08,4.36381795722e-09,5.1305103479999997e-11,0.0476677077382708,0.04207777529827905,0.0019769729499074526,0.001781299059279203,5.5927993234054175e-05,2.8275934700479196e-05,5.604780805041599e-07,1.9804964773835996e-07,1.8873865482599997e-09,5.2705976052e-10,0.7405484051668816,0.03083862306647939,0.03380556419599889,0.000980087306993388,0.0005694146140797446,1.04079897330093e-05,4.246280168362018e-06,3.6463622792879994e-08,1.2412657326960002e-08,4.8922581e-12,0.008010680317850767,0.039130954143612603,0.00047044594222319264,0.001348374696193425,9.931629059615083e-06,1.6292937035700723e-05,5.2052561349569986e-08,7.798916444916e-08,0.0,1.0892782908e-10,0.007932222666999712,0.0,0.0011343305963875162,3.2324466195399394e-06,2.5625786852419284e-05,3.3834120612579994e-08,1.9802083510703998e-07,0.0,4.745490357000001e-10,0.0,0.0,0.0003185968854172158,0.0,1.8236616622607693e-05,8.3306053421e-09,2.4255902513826e-07,0.0,9.034559436000002e-10,0.0,0.0,0.0,0.0,4.8829379346666895e-06,3.3409180063779995e-08,1.4412585200259996e-07,4.3379347690000003e-10,8.8095761325e-10,0.0,0.0,0.0
198,308,0.0,0.0,0.0,0.0,0.0,0.0,0.0,0.0,0.0,0.0,0.0,0.0,0.0,0.0,0.0,0.0,0.0,0.0,0.0,0.0,0.0,0.0,0.0,0.0,1.0,0.0,0.0,0.0,0.0,0.0,0.0,0.0,0.0,0.0,0.0,0.0,0.0,0.0,0.0,0.0,0.0,0.0,0.0,0.0,0.0,0.0,0.0,0.0,0.0,0.0,0.0,0.0,0.0,0.0,0.0,0.0,0.0,0.0,0.0,0.0,0.0,0.0,0.0,0.0,0.0,0.0,0.0,0.0,0.0,0.0,0.0,0.0,0.0,0.0,0.0,0.0,0.0,0.0,0.0,0.0,0.0,0.0,0.0,0.0,0.0,0.0,0.0,0.0,0.0,0.0,0.0,0.0,0.0,0.0,0.0,0.0,0.0,0.0,0.0,0.0
199,309,0.0,0.0,0.0,0.0,0.0,0.0,0.0,0.0,0.0,0.0,0.0,0.0,0.0,0.0,0.97,0.0,0.0,0.0,0.0,0.0,0.0,0.0,0.0,0.01,0.0,0.01,0.0,0.0,0.0,0.0,0.0,0.0,0.0,0.0,0.01,0.0,0.0,0.0,0.0,0.0,0.0,0.0,0.0,0.0,0.0,0.0,0.0,0.0,0.0,0.0,0.0,0.0,0.0,0.0,0.0,0.0,0.0,0.0,0.0,0.0,0.0,0.0,0.0,0.0,0.0,0.0,0.0,0.0,0.0,0.0,0.0,0.0,0.0,0.0,0.0,0.0,0.0,0.0,0.0,0.0,0.0,0.0,0.0,0.0,0.0,0.0,0.0,0.0,0.0,0.0,0.0,0.0,0.0,0.0,0.0,0.0,0.0,0.0,0.0,0.0
200,310,0.0,0.0,0.0,0.0,0.9409,0.0,0.0,0.0,0.0,0.0,0.0,0.0,0.0,0.0194,0.0,0.0194,0.0,0.0,0.0,0.0,0.0,0.0,0.0001,0.0,0.0196,0.0,0.0001,0.0,0.0,0.0,0.0,0.0,0.0,0.0002,0.0,0.0002,0.0,0.0,0.0,0.0,0.0,0.0,0.0,0.0,0.0001,0.0,0.0,0.0,0.0,0.0,0.0,0.0,0.0,0.0,0.0,0.0,0.0,0.0,0.0,0.0,0.0,0.0,0.0,0.0,0.0,0.0,0.0,0.0,0.0,0.0,0.0,0.0,0.0,0.0,0.0,0.0,0.0,0.0,0.0,0.0,0.0,0.0,0.0,0.0,0.0,0.0,0.0,0.0,0.0,0.0,0.0,0.0,0.0,0.0,0.0,0.0,0.0,0.0,0.0,0.0
201,311,0.0,0.0,0.0,0.912867,0.009408999999999999,0.009602999999999999,0.0,0.0,0.0,0.0,0.0,0.0,0.018819000000000002,0.0,0.028617000000000004,0.0,0.000195,0.0,0.0,0.0,0.0,9.7e-05,0.0,0.019208999999999997,0.0,0.000489,0.0,1.0000000000000002e-06,0.0,0.0,0.0,0.0,0.000195,0.0,0.000393,0.0,3.0000000000000005e-06,0.0,0.0,0.0,0.0,0.0,0.0,9.9e-05,0.0,3.0000000000000005e-06,0.0,0.0,0.0,0.0,0.0,0.0,0.0,0.0,1.0000000000000002e-06,0.0,0.0,0.0,0.0,0.0,0.0,0.0,0.0,0.0,0.0,0.0,0.0,0.0,0.0,0.0,0.0,0.0,0.0,0.0,0.0,0.0,0.0,0.0,0.0,0.0,0.0,0.0,0.0,0.0,0.0,0.0,0.0,0.0,0.0,0.0,0.0,0.0,0.0,0.0,0.0,0.0,0.0,0.0,0.0,0.0
202,312,0.0,0.0,0.88566918,0.018255399999999998,0.01882384,0.00019011999999999998,9.797999999999998e-05,0.0,0.0,0.0,0.0,0.0182554,0.0,0.037267440000000006,9.408999999999999e-05,0.00057624,0.0,1.96e-06,0.0,0.0,9.409e-05,0.0,0.018823839999999998,0.0,0.0009565199999999999,0.0,7.84e-06,0.0,1.0000000000000002e-08,0.0,0.0,0.00019012,0.0,0.00057624,0.0,1.1760000000000001e-05,0.0,4.000000000000001e-08,0.0,0.0,0.0,0.0,9.797999999999998e-05,0.0,7.840000000000001e-06,0.0,6.000000000000001e-08,0.0,0.0,0.0,0.0,0.0,0.0,1.96e-06,0.0,4.000000000000001e-08,0.0,0.0,0.0,0.0,0.0,0.0,0.0,0.0,1.0000000000000002e-08,0.0,0.0,0.0,0.0,0.0,0.0,0.0,0.0,0.0,0.0,0.0,0.0,0.0,0.0,0.0,0.0,0.0,0.0,0.0,0.0,0.0,0.0,0.0,0.0,0.0,0.0,0.0,0.0,0.0,0.0,0.0,0.0,0.0,0.0,0.0
203,319,0.0,0.0,0.0,0.0,0.0,0.0,0.0,0.0,0.0,0.0,0.0,0.0,0.0,0.0,0.0,0.0,0.0,0.0,0.0,0.0,0.0,0.0,0.0,0.0,0.0,0.0,0.0,0.0,0.0,0.0,0.0,0.0,0.0,0.0,0.0,0.0,0.0,0.0,0.0,0.0,0.0,0.0,0.0,0.0,1.0,0.0,0.0,0.0,0.0,0.0,0.0,0.0,0.0,0.0,0.0,0.0,0.0,0.0,0.0,0.0,0.0,0.0,0.0,0.0,0.0,0.0,0.0,0.0,0.0,0.0,0.0,0.0,0.0,0.0,0.0,0.0,0.0,0.0,0.0,0.0,0.0,0.0,0.0,0.0,0.0,0.0,0.0,0.0,0.0,0.0,0.0,0.0,0.0,0.0,0.0,0.0,0.0,0.0,0.0,0.0
204,320,0.0,0.0,0.0,0.0,0.0,0.0,0.0,0.0,0.0,0.0,0.0,0.0,0.0,0.0,0.0,0.0,0.0,0.0,0.0,0.0,0.0,0.0,0.0,0.0,0.0,0.0,0.0,0.0,0.0,0.0,0.0,0.0,0.0,0.0,0.01,0.0,0.0,0.0,0.0,0.0,0.0,0.0,0.0,0.97,0.0,0.01,0.0,0.0,0.0,0.0,0.0,0.0,0.0,0.0,0.01,0.0,0.0,0.0,0.0,0.0,0.0,0.0,0.0,0.0,0.0,0.0,0.0,0.0,0.0,0.0,0.0,0.0,0.0,0.0,0.0,0.0,0.0,0.0,0.0,0.0,0.0,0.0,0.0,0.0,0.0,0.0,0.0,0.0,0.0,0.0,0.0,0.0,0.0,0.0,0.0,0.0,0.0,0.0,0.0,0.0
205,321,0.0,0.0,0.0,0.0,0.0,0.0,0.0,0.0,0.0,0.0,0.0,0.0,0.0,0.0,0.0,0.0,0.0,0.0,0.0,0.0,0.0,0.0,0.0,0.0,0.0001,0.0,0.0,0.0,0.0,0.0,0.0,0.0,0.0,0.0098,0.0,0.0002,0.0,0.0,0.0,0.0,0.0,0.0,0.0097,0.0,0.0196,0.0,0.0001,0.0,0.0,0.0,0.0,0.0,0.0,0.941,0.0,0.0098,0.0,0.0,0.0,0.0,0.0,0.0,0.0,0.0,0.0097,0.0,0.0,0.0,0.0,0.0,0.0,0.0,0.0,0.0,0.0,0.0,0.0,0.0,0.0,0.0,0.0,0.0,0.0,0.0,0.0,0.0,0.0,0.0,0.0,0.0,0.0,0.0,0.0,0.0,0.0,0.0,0.0,0.0,0.0,0.0
206,322,0.0,0.0,0.0,0.0,0.0,0.0,0.0,0.0,0.0,0.0,0.0,0.0,0.0,0.0,1.0000000000000002e-06,0.0,0.0,0.0,0.0,0.0,0.0,0.0,0.0,9.9e-05,0.0,3.0000000000000005e-06,0.0,0.0,0.0,0.0,0.0,0.0,0.000195,0.0,0.000393,0.0,3.0000000000000005e-06,0.0,0.0,0.0,0.0,9.7e-05,0.0,0.019208999999999997,0.0,0.000489,0.0,1.0000000000000002e-06,0.0,0.0,0.0,0.0,0.018819000000000002,0.0,0.028616999999999997,0.0,0.000195,0.0,0.0,0.0,0.0,0.0,0.0,0.912867,0.0,0.009602999999999999,0.0,0.0,0.0,0.0,0.0,0.0,0.0,0.0,0.009409,0.0,0.0,0.0,0.0,0.0,0.0,0.0,0.0,0.0,0.0,0.0,0.0,0.0,0.0,0.0,0.0,0.0,0.0,0.0,0.0,0.0,0.0,0.0,0.0,0.0
207,323,0.0,0.0,0.0,0.0,1.0000000000000002e-08,0.0,0.0,0.0,0.0,0.0,0.0,0.0,0.0,1e-06,0.0,1e-06,0.0,0.0,0.0,0.0,0.0,0.0,2.94e-06,0.0,9.999999999999998e-05,0.0,2.9400000000000007e-06,0.0,0.0,0.0,0.0,2.92e-06,0.0,0.00038616,0.0,0.00038616,0.0,2.9200000000000004e-06,0.0,0.0,9.7e-07,0.0,0.00047632,0.0,0.018927719999999995,0.0,0.00047631999999999997,0.0,9.7e-07,0.0,0.0,0.00018916000000000004,0.0,0.02786136,0.0,0.027861359999999998,0.0,0.00018915999999999998,0.0,0.0,0.0,0.0,0.00931686,0.0,0.88595728,0.0,0.00931686,0.0,0.0,0.0,0.0,0.0,0.0,0.00922276,0.0,0.00922276,0.0,0.0,0.0,0.0,0.0,0.0,0.0,0.0,9.409000000000002e-05,0.0,0.0,0.0,0.0,0.0,0.0,0.0,0.0,0.0,0.0,0.0,0.0,0.0,0.0,0.0
208,324,0.0,0.0,0.0,1.01e-08,1.0000000000000002e-10,1.01e-08,0.0,0.0,0.0,0.0,0.0,0.0,3.9399999999999995e-08,0.0,1.0296999999999996e-06,0.0,3.940000000000001e-08,0.0,0.0,0.0,0.0,5.8599999999999995e-08,0.0,5.8609999999999994e-06,0.0,5.8609999999999994e-06,0.0,5.860000000000001e-08,0.0,0.0,3.89e-08,0.0,1.1505799999999997e-05,0.0,0.0002940003999999999,0.0,1.15058e-05,0.0,3.8900000000000004e-08,0.0,9.700000000000001e-09,9.4969e-06,0.0,0.0008472292,0.0,0.0008472292,0.0,9.4969e-06,0.0,9.700000000000001e-09,2.8325000000000004e-06,0.0,0.0008357042000000001,0.0,0.0277766884,0.0,0.0008357041999999999,0.0,2.8324999999999996e-06,0.0,0.0,0.0002766538,0.0,0.0360704882,0.0,0.036070488199999994,0.0,0.00027665379999999997,0.0,0.0,0.0,0.0,0.0091295818,0.0,0.8595639577,0.0,0.0091295818,0.0,0.0,0.0,0.0,0.0,0.0,0.008947018099999999,0.0,0.008947018099999999,0.0,0.0,0.0,0.0,0.0,0.0,0.0,0.0,9.126730000000001e-05,0.0,0.0,0.0,0.0,0.0
209,325,0.0,0.0,4.949999999999999e-10,1.02e-10,2.0195999999999994e-08,1.9800000000000001e-10,1.0191e-08,0.0,0.0,0.0,0.0,9.8e-10,0.0,1.0722599999999997e-07,1.0000000000000002e-12,1.0579139999999998e-06,0.0,3.880400000000001e-08,0.0,0.0,9.75e-10,0.0,2.3090399999999996e-07,0.0,8.694081e-06,0.0,5.801207999999999e-06,0.0,5.7231000000000005e-08,0.0,4.86e-10,2.4834599999999997e-07,0.0,2.2631531999999996e-05,0.0,0.0002938263479999999,0.0,1.125657e-05,0.0,3.783e-08,1.2378000000000001e-07,9.409e-09,2.6156385000000005e-05,0.0,0.001110991504,0.0,0.000830379393,0.0,9.240804e-06,9.409e-09,2.8422000000000005e-08,1.3966074000000002e-05,0.0,0.001457577132,0.0,0.027320921964,0.0,0.0008135229059999999,0.0,2.7476219999999995e-06,2.794863e-06,0.0,0.000728711928,0.0,0.044222484896999995,0.0,0.035090792951999995,0.0,0.00026838251099999997,0.0,0.0,9.4062356e-05,0.0,0.017901508986,0.0,0.8343185098500001,0.0,0.008858460884,0.0,0.0,0.0,0.0,0.000180765999,0.0,0.017364629988,0.0,0.008769903374999997,0.0,0.0,0.0,0.0,0.0,0.0,9.038285399999999e-05,9.126730000000002e-07,0.000177999462,0.0,0.0,0.0,0.0
210,326,0.0,1.475e-11,5.97e-12,1.7553899999999997e-09,3.028899999999999e-10,3.027315e-08,2.9397e-10,1.027331e-08,0.0,0.0,1.955e-11,0.0,4.336849999999999e-09,1.0299999999999999e-12,2.0173112999999996e-07,2.95e-12,1.0846786099999997e-06,0.0,3.8212190000000006e-08,0.0,1.4610000000000002e-11,5.748049999999999e-09,0.0,5.3830527e-07,1.0000000000000002e-14,1.1440113269999998e-05,0.0,5.7406978099999986e-06,0.0,5.589237000000001e-08,3.73587e-09,5.6551e-10,7.3108383e-07,0.0,3.6087705369999994e-05,0.0,0.00029348592926999994,0.0,1.101223155e-05,3.678919000000001e-08,1.6209700000000002e-09,5.237746500000001e-07,9.12673e-09,5.128369513e-05,0.0,0.0013621130359299997,0.0,0.00081380821401,9.409000000000001e-11,9.000561130000001e-06,1.6913139000000005e-07,2.7663430000000002e-08,3.5671546230000004e-05,0.0,0.00214039380169,0.0,0.026868641257589997,0.0,0.0007919209281899999,2.6652874299999996e-06,2.823285e-08,1.1078420690000002e-05,0.0,0.0013426662803099998,0.0,0.05186311259774999,0.0,0.034137472826449994,0.0,0.00026035851189,9.6857219e-07,0.0,0.00027935035445,0.0,0.02632351996377,0.0,0.8098161461266101,0.0,0.008595390882589999,0.0,0.0,2.74828355e-06,0.0,0.00052890823731,9.126730000000001e-09,0.025276355215230004,0.0,0.008595390882589997,0.0,0.0,0.0,0.0,2.71148853e-06,9.129552699999999e-07,0.00026310678961000004,2.66528743e-06,0.00026035851189,0.0,0.0,0.0
211,327,3.43e-13,2.0720000000000002e-13,7.528959999999998e-11,2.6383999999999996e-11,4.025799999999999e-09,5.995039999999999e-10,4.031741439999999e-08,3.8788400000000004e-10,1.03472326e-08,0.0,3.4160000000000003e-13,1.1996e-10,7e-14,1.1624662399999998e-08,4.0576e-12,3.212298463999999e-07,5.8012e-12,1.1100300847999996e-06,0.0,3.762474800000001e-08,9.51808e-11,1.9826800000000002e-11,1.8312867999999998e-08,1.0399999999999999e-14,9.994516095999996e-07,3.92e-14,1.4100022928799998e-05,0.0,5.679540236799998e-06,5.4583490800000004e-08,5.936960000000001e-11,1.6229859200000002e-08,6.39812e-10,1.5882483728e-06,0.0,5.167546499359999e-05,0.0,0.0002929869628255999,3.6883280000000007e-10,1.0808114652799999e-05,6.982628800000001e-09,1.9458976e-09,1.3849246624000003e-06,8.852928099999999e-09,8.513112970599999e-05,0.0,0.0016010089988607997,9.409000000000002e-13,0.0007975133047983999,8.7576563296e-06,2.2664864000000006e-09,6.367948640000001e-07,2.6924794400000002e-08,6.994483761439999e-05,0.0,0.0028771206565519998,0.0,0.026420014039548797,2.66538152e-08,0.0007734422198815997,1.2244357120000003e-07,2.76624988e-08,2.7322949879200002e-05,0.0,0.0021056565555328,0.0,0.059015441821923996,0.0,0.0332098253448832,0.0002525744094076,9.9680504e-09,3.8712856112e-06,0.0,0.0005529207886304001,9.126730000000002e-11,0.0344033705042528,0.0,0.7860349442887281,0.0,0.008340132741231198,3.7168557399999995e-08,0.0,1.07755358464e-05,9.22082e-09,0.0010316708098768003,3.5505802400000004e-08,0.03270478351398401,0.0,0.008423483064938196,0.0,0.0,5.45977208e-08,3.6244438e-08,1.0559423696e-05,3.5433786496000002e-06,0.0005106073760672,5.188913926e-06,0.0003385016653592,0.0,0.0
212,328,1.2348000000000001e-14,2.287278e-12,1.21842e-12,2.2979937599999997e-10,7.188609599999999e-11,7.526493647999998e-09,9.886298759999998e-10,5.0315543981999986e-08,4.79719806e-10,1.0413063102e-08,2.158254e-12,5.323920000000001e-13,4.1648939999999994e-10,3.7242e-13,2.452299508799999e-08,9.989315999999999e-12,4.640966552879999e-07,9.506004e-12,1.1340043044299995e-06,3.704184046800001e-08,1.747188e-12,4.3895224799999997e-10,2.5630919999999998e-11,4.3756728407999993e-08,5.1056e-14,1.6304352389999995e-06,9.6036e-14,1.6674787572408e-05,5.495232360000001e-10,5.670557409779998e-06,2.33670384e-10,8.364387600000002e-11,4.565782245600001e-08,7.09147025e-10,2.918661384708e-06,0.0,6.920616088994399e-05,3.697737000000001e-12,0.0002923373635377119,1.0572351379236e-05,1.1254382400000002e-10,2.7152643792000003e-08,2.2516960170000004e-09,2.9100190794600002e-06,8.587340256999999e-09,0.00012787524701888398,9.409000000000001e-15,0.0018280838719667036,8.7847702449e-08,0.0007899253356395038,7.684875504000001e-09,2.7638237160000007e-09,1.60421813964e-06,2.6205579849e-08,0.00011852557590387599,0.0,0.0036611716854587756,2.66547561e-10,0.02597522142705796,0.0007528781281432677,1.6234060680000003e-09,4.370805676080001e-07,2.710187178e-08,5.378848320060001e-05,9.126730000000001e-13,0.0030054461886941035,0.0,0.06570162640399788,2.5260106322279997e-06,0.0325496635112732,4.0408657902e-08,9.945633875999999e-09,9.665339786424e-06,9.312087299999999e-11,0.0009117401436681121,4.4358730500000006e-10,0.04214882108537159,0.0,0.7629536303715768,0.008092454503088337,4.71366078e-10,1.83067692462e-07,4.5465257999999994e-10,2.6403779993040003e-05,4.4733952593000004e-08,0.0016769082995235366,8.632976758800001e-08,0.03967160929875474,0.0,0.00825417990040236,9.17662782e-10,9.08421588e-10,2.6667182897999997e-07,1.7627733651600002e-07,2.5700856631056005e-05,8.595395248067999e-06,0.0008257738957178761,8.418263161812e-06,0.000412581446047806,0.0
213,330,0.0,0.0,0.0,0.0,0.0,0.0,0.0,0.0,0.0,0.0,0.0,0.0,0.0,0.0,0.0,0.0,0.0,0.0,0.0,0.0,0.0,0.0,0.0,0.0,0.0,0.0,0.0,0.0,0.0,0.0,0.0,0.0,0.0,0.0,0.0,0.0,0.0,0.0,0.0,0.0,0.0,0.0,0.0,0.0,0.0,0.0,0.0,0.0,0.0,0.0,0.0,0.0,0.0,0.0,0.0,0.0,0.0,0.0,0.0,0.0,0.0,0.0,0.0,0.0,1.0,0.0,0.0,0.0,0.0,0.0,0.0,0.0,0.0,0.0,0.0,0.0,0.0,0.0,0.0,0.0,0.0,0.0,0.0,0.0,0.0,0.0,0.0,0.0,0.0,0.0,0.0,0.0,0.0,0.0,0.0,0.0,0.0,0.0,0.0,0.0
214,331,0.0,0.0,0.0,0.0,0.0,0.0,0.0,0.0,0.0,0.0,0.0,0.0,0.0,0.0,0.0,0.0,0.0,0.0,0.0,0.0,0.0,0.0,0.0,0.0,0.0,0.0,0.0,0.0,0.0,0.0,0.0,0.0,0.0,0.0,0.0,0.0,0.0,0.0,0.0,0.0,0.0,0.0,0.0,0.0,0.0,0.0,0.0,0.0,0.0,0.0,0.0,0.0,0.0,0.0,0.01,0.0,0.0,0.0,0.0,0.0,0.0,0.0,0.0,0.01,0.0,0.01,0.0,0.0,0.0,0.0,0.0,0.0,0.0,0.0,0.97,0.0,0.0,0.0,0.0,0.0,0.0,0.0,0.0,0.0,0.0,0.0,0.0,0.0,0.0,0.0,0.0,0.0,0.0,0.0,0.0,0.0,0.0,0.0,0.0,0.0
215,332,0.0,0.0,0.0,0.0,0.0,0.0,0.0,0.0,0.0,0.0,0.0,0.0,0.0,0.0,0.0,0.0,0.0,0.0,0.0,0.0,0.0,0.0,0.0,0.0,0.0,0.0,0.0,0.0,0.0,0.0,0.0,0.0,0.0,0.0,0.0,0.0,0.0,0.0,0.0,0.0,0.0,0.0,0.0,0.0,0.0001,0.0,0.0,0.0,0.0,0.0,0.0,0.0,0.0,0.0002,0.0,0.0098,0.0,0.0,0.0,0.0,0.0,0.0,0.0001,0.0,0.0196,0.0,0.0097,0.0,0.0,0.0,0.0,0.0,0.0,0.0098,0.0,0.941,0.0,0.0,0.0,0.0,0.0,0.0,0.0,0.0,0.0097,0.0,0.0,0.0,0.0,0.0,0.0,0.0,0.0,0.0,0.0,0.0,0.0,0.0,0.0,0.0
216,333,0.0,0.0,0.0,0.0,0.0,0.0,0.0,0.0,0.0,0.0,0.0,0.0,0.0,0.0,0.0,0.0,0.0,0.0,0.0,0.0,0.0,0.0,0.0,0.0,0.0,0.0,0.0,0.0,0.0,0.0,0.0,0.0,0.0,0.0,1.0000000000000002e-06,0.0,0.0,0.0,0.0,0.0,0.0,0.0,0.0,3.0000000000000005e-06,0.0,0.000195,0.0,0.0,0.0,0.0,0.0,0.0,3.0000000000000005e-06,0.0,0.000489,0.0,0.009602999999999999,0.0,0.0,0.0,0.0,1.0000000000000002e-06,0.0,0.00039299999999999996,0.0,0.028616999999999997,0.0,0.009409,0.0,0.0,0.0,0.0,9.9e-05,0.0,0.019208999999999997,0.0,0.912867,0.0,0.0,0.0,0.0,0.0,0.0,0.000195,0.0,0.018819000000000002,0.0,0.0,0.0,0.0,0.0,0.0,0.0,0.0,9.7e-05,0.0,0.0,0.0,0.0,0.0
217,334,0.0,0.0,0.0,0.0,0.0,0.0,0.0,0.0,0.0,0.0,0.0,0.0,0.0,0.0,0.0,0.0,0.0,0.0,0.0,0.0,0.0,0.0,0.0,0.0,1.0000000000000002e-08,0.0,0.0,0.0,0.0,0.0,0.0,0.0,0.0,4.000000000000001e-08,0.0,2.92e-06,0.0,0.0,0.0,0.0,0.0,0.0,6.000000000000001e-08,0.0,9.76e-06,0.0,0.00028518,0.0,0.0,0.0,0.0,4.000000000000001e-08,0.0,1.1760000000000001e-05,0.0,0.0008584799999999999,0.0,0.009408999999999999,0.0,0.0,1.0000000000000002e-08,0.0,5.919999999999999e-06,0.0,0.00086436,0.0,0.03707728,0.0,0.00912673,0.0,0.0,1e-06,0.0,0.000294,0.0,0.028235759999999995,0.0,0.88557508,0.0,0.0,0.0,0.0,2.94e-06,0.0,0.0005704,0.0,0.0273831,0.0,0.0,0.0,0.0,0.0,0.0,2.92e-06,9.7e-07,0.00028228000000000004,0.0,0.0,0.0,0.0
218,339,0.0,0.0,0.0,0.0,0.0,0.0,0.0,0.0,0.0,0.0,0.0,0.0,0.0,0.0,0.0,0.0,0.0,0.0,0.0,0.0,0.0,0.0,0.0,0.0,0.0,0.0,0.0,0.0,0.0,0.0,0.0,0.0,0.0,0.0,0.0,0.0,0.0,0.0,0.0,0.0,0.0,0.0,0.0,0.0,0.0,0.0,0.0,0.0,0.0,0.0,0.0,0.0,0.0,0.0,0.0,0.0,0.0,0.0,0.0,0.0,0.0,0.0,0.0,0.0,0.0,0.0,0.0,0.0,0.0,0.0,0.0,0.0,0.0,0.0,1.0,0.0,0.0,0.0,0.0,0.0,0.0,0.0,0.0,0.0,0.0,0.0,0.0,0.0,0.0,0.0,0.0,0.0,0.0,0.0,0.0,0.0,0.0,0.0,0.0,0.0
219,340,0.0,0.0,0.0,0.0,0.0,0.0,0.0,0.0,0.0,0.0,0.0,0.0,0.0,0.0,0.0,0.0,0.0,0.0,0.0,0.0,0.0,0.0,0.0,0.0,0.0,0.0,0.0,0.0,0.0,0.0,0.0,0.0,0.0,0.0,0.0,0.0,0.0,0.0,0.0,0.0,0.0,0.0,0.0,0.0,0.0,0.0,0.0,0.0,0.0,0.0,0.0,0.0,0.0,0.0,0.0,0.0,0.0,0.0,0.0,0.0,0.0,0.0,0.0,0.0,0.01,0.0,0.0,0.0,0.0,0.0,0.0,0.0,0.0,0.01,0.0,0.97,0.0,0.0,0.0,0.0,0.0,0.0,0.0,0.0,0.01,0.0,0.0,0.0,0.0,0.0,0.0,0.0,0.0,0.0,0.0,0.0,0.0,0.0,0.0,0.0
220,341,0.0,0.0,0.0,0.0,0.0,0.0,0.0,0.0,0.0,0.0,0.0,0.0,0.0,0.0,0.0,0.0,0.0,0.0,0.0,0.0,0.0,0.0,0.0,0.0,0.0,0.0,0.0,0.0,0.0,0.0,0.0,0.0,0.0,0.0,0.0,0.0,0.0,0.0,0.0,0.0,0.0,0.0,0.0,0.0,0.0,0.0,0.0,0.0,0.0,0.0,0.0,0.0,0.0,0.0,0.0001,0.0,0.0,0.0,0.0,0.0,0.0,0.0,0.0,0.0002,0.0,0.0194,0.0,0.0,0.0,0.0,0.0,0.0,0.0001,0.0,0.0196,0.0,0.9409,0.0,0.0,0.0,0.0,0.0,0.0,0.0002,0.0,0.0194,0.0,0.0,0.0,0.0,0.0,0.0,0.0,0.0,0.0001,0.0,0.0,0.0,0.0,0.0
221,342,0.0,0.0,0.0,0.0,0.0,0.0,0.0,0.0,0.0,0.0,0.0,0.0,0.0,0.0,0.0,0.0,0.0,0.0,0.0,0.0,0.0,0.0,0.0,0.0,0.0,0.0,0.0,0.0,0.0,0.0,0.0,0.0,0.0,0.0,0.0,0.0,0.0,0.0,0.0,0.0,0.0,0.0,0.0,0.0,1.0000000000000002e-06,0.0,0.0,0.0,0.0,0.0,0.0,0.0,0.0,3.0000000000000005e-06,0.0,0.000291,0.0,0.0,0.0,0.0,0.0,0.0,3.0000000000000005e-06,0.0,0.000585,0.0,0.028227000000000002,0.0,0.0,0.0,0.0,1.0000000000000002e-06,0.0,0.00029699999999999996,0.0,0.028808999999999994,0.0,0.912673,0.0,0.0,0.0,0.0,3.0000000000000005e-06,0.0,0.000585,0.0,0.028227000000000002,0.0,0.0,0.0,0.0,0.0,0.0,3.0000000000000005e-06,1.0000000000000002e-06,0.000291,0.0,0.0,0.0,0.0
222,343,0.0,0.0,0.0,0.0,0.0,0.0,0.0,0.0,0.0,0.0,0.0,0.0,0.0,0.0,0.0,0.0,0.0,0.0,0.0,0.0,0.0,0.0,0.0,0.0,0.0,0.0,0.0,0.0,0.0,0.0,0.0,0.0,0.0,0.0,1.0000000000000002e-08,0.0,0.0,0.0,0.0,0.0,0.0,0.0,0.0,4.000000000000001e-08,0.0,3.88e-06,0.0,0.0,0.0,0.0,0.0,0.0,6.000000000000001e-08,0.0,1.1680000000000002e-05,0.0,0.0005645400000000001,0.0,0.0,0.0,0.0,4.000000000000001e-08,0.0,1.176e-05,0.0,0.00114072,0.0,0.03650692,0.0,0.0,1.0000000000000002e-08,0.0,3.999999999999999e-06,0.0,0.0005878799999999998,0.0,0.037635999999999996,0.0,0.8852928099999999,0.0,0.0,4.000000000000001e-08,0.0,1.176e-05,1.0000000000000002e-08,0.00114072,0.0,0.03650692,0.0,0.0,0.0,0.0,6.000000000000001e-08,4.000000000000001e-08,1.1680000000000002e-05,3.88e-06,0.0005645400000000001,0.0,0.0,0.0
223,344,0.0,0.0,0.0,0.0,0.0,0.0,0.0,0.0,0.0,0.0,0.0,0.0,0.0,0.0,0.0,0.0,0.0,0.0,0.0,0.0,0.0,0.0,0.0,0.0,1.0000000000000002e-10,0.0,0.0,0.0,0.0,0.0,0.0,0.0,0.0,5.000000000000001e-10,0.0,4.8500000000000004e-08,0.0,0.0,0.0,0.0,0.0,0.0,1.0000000000000003e-09,0.0,1.9450000000000003e-07,0.0,9.409000000000001e-06,0.0,0.0,0.0,0.0,1.0000000000000003e-09,0.0,2.93e-07,0.0,2.8421000000000005e-05,0.0,0.0009126730000000001,0.0,0.0,5.000000000000001e-10,0.0,1.9699999999999998e-07,0.0,2.8809999999999997e-05,0.0,0.0018535729999999999,0.0,0.044264640499999994,0.0,1.0000000000000002e-10,5.049999999999998e-08,0.0,9.994e-06,1.0000000000000002e-10,0.0009694179999999998,0.0,0.04608998649999999,0.0,0.8587340256999999,5.000000000000001e-10,0.0,1.9699999999999998e-07,5.000000000000001e-10,2.8809999999999997e-05,4.8500000000000004e-08,0.0018535729999999999,0.0,0.044264640499999994,0.0,0.0,1.0000000000000003e-09,1.0000000000000003e-09,2.93e-07,1.9450000000000003e-07,2.8421000000000005e-05,9.409000000000001e-06,0.0009126730000000001,0.0,0.0
224,345,0.0,0.0,0.0,0.0,0.0,0.0,0.0,0.0,0.0,0.0,0.0,0.0,0.0,0.0,1.0000000000000002e-12,0.0,0.0,0.0,0.0,0.0,0.0,0.0,0.0,6.000000000000002e-12,0.0,4.860000000000001e-10,0.0,0.0,0.0,0.0,0.0,0.0,1.5000000000000003e-11,0.0,2.532e-09,0.0,9.457500000000001e-08,0.0,0.0,0.0,0.0,2.0000000000000005e-11,0.0,5.37e-09,0.0,4.2729000000000006e-07,0.0,9.220820000000003e-06,0.0,0.0,1.5000000000000003e-11,0.0,5.88e-09,0.0,7.639050000000001e-07,0.0,3.70734e-05,0.0,0.00045177313499999993,0.0,6.000000000000002e-12,3.4499999999999995e-09,0.0,6.7422e-07,1.0000000000000002e-12,5.608638e-05,0.0,0.0018073748099999998,0.0,0.009029986662,9.96e-10,1.0000000000000002e-12,2.93505e-07,6.000000000000002e-12,3.802792e-05,4.860000000000001e-10,0.002287095585,0.0,0.052427587811999986,0.008587340257,1.0200000000000001e-10,5.096999999999997e-08,1.5000000000000003e-11,9.98718e-06,2.532e-09,0.0009594434999999997,9.457500000000001e-08,0.04517759576999999,0.0,0.833414651334,4.95e-10,9.800000000000001e-10,1.9499999999999996e-07,2.8665e-07,2.8421505e-05,2.7711450000000004e-05,0.00181650348,0.0008853869000000001,0.04294582801499999,0.0
225,346,0.0,0.0,0.0,0.0,1.0000000000000002e-14,0.0,0.0,0.0,0.0,0.0,0.0,0.0,0.0,7.000000000000003e-14,0.0,4.870000000000001e-12,0.0,0.0,0.0,0.0,0.0,0.0,2.1000000000000006e-13,0.0,3.121e-11,0.0,9.5061e-10,0.0,0.0,0.0,0.0,3.500000000000001e-13,0.0,8.499000000000001e-11,0.0,5.715390000000001e-09,0.0,9.315395000000003e-08,0.0,0.0,3.500000000000001e-13,0.0,1.2725e-10,0.0,1.4421690000000002e-08,0.0,5.589528500000001e-07,0.0,4.609939549999999e-06,0.0,2.1000000000000006e-13,1.1285e-10,0.0,1.964895e-08,1.0000000000000002e-14,1.3537081500000002e-06,0.0,3.190640885e-05,0.0,9.481759797e-05,5.907e-11,7.000000000000003e-14,1.541535e-08,7.000000000000003e-14,1.6888730500000001e-06,4.870000000000001e-12,7.746676575e-05,0.0,0.0010708694337899997,0.00017617326919,1.681e-11,6.801209999999999e-09,2.2000000000000007e-13,1.13707945e-06,3.121e-11,8.724945865e-05,9.5061e-10,0.0027520763573699995,8.587340257e-05,0.01770338285617,1.4817899999999997e-09,1.1940000000000003e-11,3.8703135e-07,2.8977899999999998e-09,4.686560425e-05,2.7855699000000007e-07,0.0026980181449499994,8.854814750000002e-06,0.060070140928829986,0.016663866562629998,5.938400000000001e-10,5.2346449999999976e-08,1.9204084999999995e-07,1.0251780149999998e-05,2.7851296890000003e-05,0.0009759895513499996,0.0017712310968499999,0.04512871650484999,0.04166630704354999,0.8088416700741299
226,347,0.0,0.0,0.0,0.0,0.0,0.0,0.0,0.0,0.0,0.0,0.0,0.0,0.0,0.0,0.0,0.0,0.0,0.0,0.0,0.0,0.0,0.0,0.0,0.0,0.0,0.0,0.0,0.0,0.0,0.0,0.0,0.0,0.0,0.0,0.0,0.0,0.0,0.0,0.0,0.0,0.0,0.0,0.0,0.0,0.0,0.0,0.0,0.0,0.0,0.0,0.0,0.0,0.0,0.0,0.0,0.0,0.0,0.0,0.0,0.0,0.0,0.0,0.0,0.0,0.0,0.0,0.0,0.0,0.0,0.0,0.0,0.0,0.0,0.0,0.0,0.0,0.0,0.0,0.0,0.0,0.0,0.0,0.0,0.0,1.0,0.0,0.0,0.0,0.0,0.0,0.0,0.0,0.0,0.0,0.0,0.0,0.0,0.0,0.0,0.0
227,348,0.0,0.0,0.0,0.0,0.0,0.0,0.0,0.0,0.0,0.0,0.0,0.0,0.0,0.0,0.0,0.0,0.0,0.0,0.0,0.0,0.0,0.0,0.0,0.0,0.0,0.0,0.0,0.0,0.0,0.0,0.0,0.0,0.0,0.0,0.0,0.0,0.0,0.0,0.0,0.0,0.0,0.0,0.0,0.0,0.0,0.0,0.0,0.0,0.0,0.0,0.0,0.0,0.0,0.0,0.0,0.0,0.0,0.0,0.0,0.0,0.0,0.0,0.0,0.0,0.0,0.0,0.0,0.0,0.0,0.0,0.0,0.0,0.0,0.0,0.97,0.0,0.0,0.0,0.0,0.0,0.0,0.0,0.0,0.01,0.0,0.01,0.0,0.0,0.0,0.0,0.0,0.0,0.0,0.0,0.01,0.0,0.0,0.0,0.0,0.0
228,349,0.0,0.0,0.0,0.0,0.0,0.0,0.0,0.0,0.0,0.0,0.0,0.0,0.0,0.0,0.0,0.0,0.0,0.0,0.0,0.0,0.0,0.0,0.0,0.0,0.0,0.0,0.0,0.0,0.0,0.0,0.0,0.0,0.0,0.0,0.0,0.0,0.0,0.0,0.0,0.0,0.0,0.0,0.0,0.0,0.0,0.0,0.0,0.0,0.0,0.0,0.0,0.0,0.0,0.0,0.0,0.0,0.0,0.0,0.0,0.0,0.0,0.0,0.0,0.0,0.0097,0.0,0.0,0.0,0.0,0.0,0.0,0.0,0.0,0.0098,0.0,0.941,0.0,0.0,0.0,0.0,0.0,0.0,0.0001,0.0,0.0196,0.0,0.0097,0.0,0.0,0.0,0.0,0.0,0.0,0.0002,0.0001,0.0098,0.0,0.0,0.0,0.0
229,350,0.0,0.0,0.0,0.0,0.0,0.0,0.0,0.0,0.0,0.0,0.0,0.0,0.0,0.0,0.0,0.0,0.0,0.0,0.0,0.0,0.0,0.0,0.0,0.0,0.0,0.0,0.0,0.0,0.0,0.0,0.0,0.0,0.0,0.0,0.0,0.0,0.0,0.0,0.0,0.0,0.0,0.0,0.0,0.0,0.0,0.0,0.0,0.0,0.0,0.0,0.0,0.0,0.0,0.0,9.7e-05,0.0,0.0,0.0,0.0,0.0,0.0,0.0,0.0,0.000195,0.0,0.018819000000000002,0.0,0.0,0.0,0.0,0.0,0.0,9.9e-05,0.0,0.019208999999999997,0.0,0.912867,0.0,0.0,0.0,0.0,1.0000000000000002e-06,0.0,0.00039299999999999996,1.0000000000000002e-06,0.028616999999999997,0.0,0.009409,0.0,0.0,0.0,0.0,3.0000000000000005e-06,3.0000000000000005e-06,0.000489,0.000195,0.009602999999999999,0.0,0.0,0.0
230,351,0.0,0.0,0.0,0.0,0.0,0.0,0.0,0.0,0.0,0.0,0.0,0.0,0.0,0.0,0.0,0.0,0.0,0.0,0.0,0.0,0.0,0.0,0.0,0.0,0.0,0.0,0.0,0.0,0.0,0.0,0.0,0.0,0.0,0.0,0.0,0.0,0.0,0.0,0.0,0.0,0.0,0.0,0.0,0.0,9.7e-07,0.0,0.0,0.0,0.0,0.0,0.0,0.0,0.0,2.92e-06,0.0,0.00028228000000000004,0.0,0.0,0.0,0.0,0.0,0.0,2.94e-06,0.0,0.0005704,0.0,0.0273831,0.0,0.0,0.0,0.0,1e-06,0.0,0.000294,1.0000000000000002e-08,0.028235759999999995,0.0,0.88557508,0.0,0.0,1.0000000000000002e-08,0.0,5.919999999999999e-06,4.000000000000001e-08,0.00086436,2.92e-06,0.03707728,0.0,0.00912673,0.0,0.0,4.000000000000001e-08,6.000000000000001e-08,1.1760000000000001e-05,9.76e-06,0.0008584799999999999,0.00028518,0.009408999999999999,0.0,0.0
231,352,0.0,0.0,0.0,0.0,0.0,0.0,0.0,0.0,0.0,0.0,0.0,0.0,0.0,0.0,0.0,0.0,0.0,0.0,0.0,0.0,0.0,0.0,0.0,0.0,0.0,0.0,0.0,0.0,0.0,0.0,0.0,0.0,0.0,0.0,9.700000000000001e-09,0.0,0.0,0.0,0.0,0.0,0.0,0.0,0.0,3.89e-08,0.0,3.7637e-06,0.0,0.0,0.0,0.0,0.0,0.0,5.8599999999999995e-08,0.0,1.13689e-05,0.0,0.0005476426000000001,0.0,0.0,0.0,0.0,3.9399999999999995e-08,0.0,1.1524999999999999e-05,1.0000000000000002e-10,0.0011122993999999999,0.0,0.0354173578,0.0,0.0,1.01e-08,0.0,3.9986e-06,5.000000000000001e-10,0.0005818851999999999,3.89e-08,0.036889041799999994,0.0,0.8590990948999999,0.0,1.0000000000000002e-10,7.929999999999999e-08,1.0000000000000003e-09,1.74436e-05,1.657e-07,0.0015001443999999998,5.6842e-06,0.0450060697,0.0,0.008852928099999999,5.000000000000001e-10,1.0000000000000003e-09,2.162e-07,2.738e-07,2.87332e-05,2.0932999999999998e-05,0.0013004401999999998,0.00037071459999999995,0.0092179973,0.0
232,353,0.0,0.0,0.0,0.0,0.0,0.0,0.0,0.0,0.0,0.0,0.0,0.0,0.0,0.0,0.0,0.0,0.0,0.0,0.0,0.0,0.0,0.0,0.0,0.0,9.700000000000001e-11,0.0,0.0,0.0,0.0,0.0,0.0,0.0,0.0,4.86e-10,0.0,4.7046e-08,0.0,0.0,0.0,0.0,0.0,0.0,9.75e-10,0.0,1.8915600000000003e-07,0.0,9.127215e-06,0.0,0.0,0.0,0.0,9.8e-10,0.0,2.8617e-07,1.0000000000000002e-12,2.766489e-05,0.0,0.0008853869,0.0,0.0,4.949999999999999e-10,0.0,1.9403999999999998e-07,6.000000000000002e-12,2.8234784999999995e-05,4.86e-10,0.00180747084,0.0,0.04294582801499999,0.0,1.02e-10,5.097e-08,1.5000000000000003e-11,9.98718e-06,2.5320000000000004e-09,0.0009594434999999998,9.4575e-08,0.04517759577,0.0,0.833414651334,8.999999999999999e-10,1.17e-10,2.9350500000000006e-07,5.37e-09,3.802792e-05,4.2729e-07,0.002287095585,9.22082e-06,0.05242758781199999,0.008587340256999998,2.1000000000000005e-11,3.45e-09,5.8799999999999995e-09,6.7422e-07,7.639049999999999e-07,5.608638e-05,3.707339999999999e-05,0.0018073748099999996,0.00045177313499999993,0.009029986661999998
233,354,0.0,0.0,0.0,0.0,0.0,0.0,0.0,0.0,0.0,0.0,0.0,0.0,0.0,0.0,9.700000000000001e-13,0.0,0.0,0.0,0.0,0.0,0.0,0.0,0.0,5.83e-12,0.0,4.714300000000001e-10,0.0,0.0,0.0,0.0,0.0,0.0,1.4610000000000002e-11,0.0,2.4609700000000004e-09,0.0,9.174261000000002e-08,0.0,0.0,0.0,0.0,1.955e-11,0.0,5.2344300000000005e-09,1.0000000000000002e-14,4.1544723000000004e-07,0.0,8.94514115e-06,0.0,0.0,1.475e-11,0.0,5.75765e-09,7.000000000000003e-14,7.453397699999999e-07,4.87e-12,3.605862485e-05,0.0,0.00043831214914999997,0.0,5.97e-12,3.40565e-09,2.1000000000000006e-13,6.6174495e-07,3.121e-11,5.478643455e-05,9.506099999999999e-10,0.00175813423925,0.0,0.008763604793489999,9.9987e-10,2.34e-12,2.9153535e-07,8.499000000000001e-11,3.746232744999999e-05,5.715389999999999e-09,0.00223748806335,9.315394999999999e-08,0.05096765152370999,0.00842001991591,1.0932e-10,5.241945e-08,1.2822e-10,1.007752105e-05,1.442169e-08,0.0009544722938499998,5.589528499999999e-07,0.044387488478970005,9.048334211999998e-05,0.80911266094129,9.2808e-10,3.519e-09,2.9718015000000003e-07,6.669001499999999e-07,3.819567625e-05,5.519663295e-05,0.0022730785273499996,0.0017669862264499997,0.05140135373330999,0.017183624709399995
234,356,0.0,0.0,0.0,0.0,0.0,0.0,0.0,0.0,0.0,0.0,0.0,0.0,0.0,0.0,0.0,0.0,0.0,0.0,0.0,0.0,0.0,0.0,0.0,0.0,0.0,0.0,0.0,0.0,0.0,0.0,0.0,0.0,0.0,0.0,0.0,0.0,0.0,0.0,0.0,0.0,0.0,0.0,0.0,0.0,0.0,0.0,0.0,0.0,0.0,0.0,0.0,0.0,0.0,0.0,0.0,0.0,0.0,0.0,0.0,0.0,0.0,0.0,0.0,0.0,0.0,0.0,0.0,0.0,0.0,0.0,0.0,0.0,0.0,0.0,0.0,0.0,0.0,0.0,0.0,0.0,0.0,0.0,0.0,0.0,0.0,0.0,0.0,0.0,0.0,0.0,0.0,0.0,0.0,0.0,1.0,0.0,0.0,0.0,0.0,0.0
235,357,0.0,0.0,0.0,0.0,0.0,0.0,0.0,0.0,0.0,0.0,0.0,0.0,0.0,0.0,0.0,0.0,0.0,0.0,0.0,0.0,0.0,0.0,0.0,0.0,0.0,0.0,0.0,0.0,0.0,0.0,0.0,0.0,0.0,0.0,0.0,0.0,0.0,0.0,0.0,0.0,0.0,0.0,0.0,0.0,0.0,0.0,0.0,0.0,0.0,0.0,0.0,0.0,0.0,0.0,0.0,0.0,0.0,0.0,0.0,0.0,0.0,0.0,0.0,0.0,0.0,0.0,0.0,0.0,0.0,0.0,0.0,0.0,0.0,0.0,0.0,0.0,0.0,0.0,0.0,0.0,0.0,0.0,0.0,0.0,0.97,0.0,0.0,0.0,0.0,0.0,0.0,0.0,0.0,0.01,0.01,0.01,0.0,0.0,0.0,0.0
236,358,0.0,0.0,0.0,0.0,0.0,0.0,0.0,0.0,0.0,0.0,0.0,0.0,0.0,0.0,0.0,0.0,0.0,0.0,0.0,0.0,0.0,0.0,0.0,0.0,0.0,0.0,0.0,0.0,0.0,0.0,0.0,0.0,0.0,0.0,0.0,0.0,0.0,0.0,0.0,0.0,0.0,0.0,0.0,0.0,0.0,0.0,0.0,0.0,0.0,0.0,0.0,0.0,0.0,0.0,0.0,0.0,0.0,0.0,0.0,0.0,0.0,0.0,0.0,0.0,0.0,0.0,0.0,0.0,0.0,0.0,0.0,0.0,0.0,0.0,0.9409,0.0,0.0,0.0,0.0,0.0,0.0,0.0,0.0,0.0194,0.0097,0.0194,0.0,0.0,0.0,0.0,0.0,0.0,0.0001,0.0002,0.01,0.0002,0.0001,0.0,0.0,0.0
237,359,0.0,0.0,0.0,0.0,0.0,0.0,0.0,0.0,0.0,0.0,0.0,0.0,0.0,0.0,0.0,0.0,0.0,0.0,0.0,0.0,0.0,0.0,0.0,0.0,0.0,0.0,0.0,0.0,0.0,0.0,0.0,0.0,0.0,0.0,0.0,0.0,0.0,0.0,0.0,0.0,0.0,0.0,0.0,0.0,0.0,0.0,0.0,0.0,0.0,0.0,0.0,0.0,0.0,0.0,0.0,0.0,0.0,0.0,0.0,0.0,0.0,0.0,0.0,0.0,0.009408999999999999,0.0,0.0,0.0,0.0,0.0,0.0,0.0,0.0,0.009602999999999999,9.7e-05,0.912867,0.0,0.0,0.0,0.0,0.0,0.0,0.000195,9.9e-05,0.028520999999999998,0.009411000000000001,0.018819000000000002,0.0,0.0,0.0,0.0,1.0000000000000002e-06,3.0000000000000005e-06,0.000393,0.000393,0.009897,0.000195,9.7e-05,0.0,0.0
238,360,0.0,0.0,0.0,0.0,0.0,0.0,0.0,0.0,0.0,0.0,0.0,0.0,0.0,0.0,0.0,0.0,0.0,0.0,0.0,0.0,0.0,0.0,0.0,0.0,0.0,0.0,0.0,0.0,0.0,0.0,0.0,0.0,0.0,0.0,0.0,0.0,0.0,0.0,0.0,0.0,0.0,0.0,0.0,0.0,0.0,0.0,0.0,0.0,0.0,0.0,0.0,0.0,0.0,0.0,9.408999999999999e-05,0.0,0.0,0.0,0.0,0.0,0.0,0.0,0.0,0.00019011999999999998,9.7e-07,0.018255399999999998,0.0,0.0,0.0,0.0,0.0,0.0,9.797999999999998e-05,1.96e-06,0.01882288,0.00018820000000000002,0.88566918,0.0,0.0,0.0,0.0,1.96e-06,1.02e-06,0.0005743199999999999,0.00019504,0.0370812,0.00913062,0.0182554,0.0,0.0,1.0000000000000002e-08,4.000000000000001e-08,6.88e-06,1.1760000000000001e-05,0.0007693199999999999,0.00057624,0.009791199999999998,0.00019012,9.409e-05,0.0
239,361,0.0,0.0,0.0,0.0,0.0,0.0,0.0,0.0,0.0,0.0,0.0,0.0,0.0,0.0,0.0,0.0,0.0,0.0,0.0,0.0,0.0,0.0,0.0,0.0,0.0,0.0,0.0,0.0,0.0,0.0,0.0,0.0,0.0,0.0,0.0,0.0,0.0,0.0,0.0,0.0,0.0,0.0,0.0,0.0,9.408999999999999e-07,0.0,0.0,0.0,0.0,0.0,0.0,0.0,0.0,2.8421e-06,9.700000000000001e-09,0.00027382129999999993,0.0,0.0,0.0,0.0,0.0,0.0,2.881e-06,2.93e-08,0.0005561401,2.8229e-06,0.026564429799999997,0.0,0.0,0.0,0.0,9.994e-07,2.9800000000000002e-08,0.0002909138,5.7433e-06,0.027668251400000003,0.0002738602,0.8592816585999999,0.0,0.0,1.97e-08,1.06e-08,8.693e-06,3.077e-06,0.0011238244,0.0002881394,0.045105921800000004,0.0088586026,0.0177086789,0.0,6.000000000000001e-10,9.850000000000002e-08,2.3540000000000003e-07,2.02276e-05,2.68132e-05,0.0012207268,0.0007500722,0.009682860099999996,0.0001853573,9.12673e-05
240,362,0.0,0.0,0.0,0.0,0.0,0.0,0.0,0.0,0.0,0.0,0.0,0.0,0.0,0.0,0.0,0.0,0.0,0.0,0.0,0.0,0.0,0.0,0.0,0.0,0.0,0.0,0.0,0.0,0.0,0.0,0.0,0.0,0.0,0.0,9.408999999999998e-09,0.0,0.0,0.0,0.0,0.0,0.0,0.0,0.0,3.783e-08,9.700000000000001e-11,3.6508859999999993e-06,0.0,0.0,0.0,0.0,0.0,0.0,5.7231000000000005e-08,3.9000000000000005e-10,1.1065859999999999e-05,3.7638e-08,0.0005312509589999999,0.0,0.0,0.0,0.0,3.8804e-08,5.91e-10,1.129353e-05,1.1418000000000001e-07,0.001084520922,5.476815000000001e-06,0.034360313492,0.0,0.0,1.0191e-08,4.04e-10,3.994296e-06,1.17402e-07,0.0005756685450000001,1.1219226e-05,0.03614772396,0.00035423042,0.8336802956309999,0.0,3.09e-10,1.17018e-07,4.3704e-08,2.2781868e-05,6.191649e-06,0.0018300586679999998,0.000378320568,0.052619476122,0.008594698094999999,0.017178331206,1.1940000000000002e-09,4.027000000000001e-09,3.8710500000000005e-07,7.29516e-07,4.3334416e-05,4.8598188e-05,0.0017394935370000002,0.000914838234,0.009572227331999996,0.000269238535
241,366,0.0,0.0,0.0,0.0,0.0,1.0,0.0,0.0,0.0,0.0,0.0,0.0,0.0,0.0,0.0,0.0,0.0,0.0,0.0,0.0,0.0,0.0,0.0,0.0,0.0,0.0,0.0,0.0,0.0,0.0,0.0,0.0,0.0,0.0,0.0,0.0,0.0,0.0,0.0,0.0,0.0,0.0,0.0,0.0,0.0,0.0,0.0,0.0,0.0,0.0,0.0,0.0,0.0,0.0,0.0,0.0,0.0,0.0,0.0,0.0,0.0,0.0,0.0,0.0,0.0,0.0,0.0,0.0,0.0,0.0,0.0,0.0,0.0,0.0,0.0,0.0,0.0,0.0,0.0,0.0,0.0,0.0,0.0,0.0,0.0,0.0,0.0,0.0,0.0,0.0,0.0,0.0,0.0,0.0,0.0,0.0,0.0,0.0,0.0,0.0
242,368,0.0,0.0,0.0,0.9409,0.0194,0.0196,0.0002,0.0001,0.0,0.0,0.0,0.0,0.0,0.0,0.0194,0.0001,0.0002,0.0,0.0,0.0,0.0,0.0,0.0,0.0,0.0,0.0001,0.0,0.0,0.0,0.0,0.0,0.0,0.0,0.0,0.0,0.0,0.0,0.0,0.0,0.0,0.0,0.0,0.0,0.0,0.0,0.0,0.0,0.0,0.0,0.0,0.0,0.0,0.0,0.0,0.0,0.0,0.0,0.0,0.0,0.0,0.0,0.0,0.0,0.0,0.0,0.0,0.0,0.0,0.0,0.0,0.0,0.0,0.0,0.0,0.0,0.0,0.0,0.0,0.0,0.0,0.0,0.0,0.0,0.0,0.0,0.0,0.0,0.0,0.0,0.0,0.0,0.0,0.0,0.0,0.0,0.0,0.0,0.0,0.0,0.0
243,369,0.0,0.0,0.912673,0.028227000000000002,0.028808999999999994,0.000585,0.00029699999999999996,3.0000000000000005e-06,1.0000000000000002e-06,0.0,0.0,0.0,0.0,0.028227000000000002,0.000291,0.000585,3.0000000000000005e-06,3.0000000000000005e-06,0.0,0.0,0.0,0.0,0.0,0.0,0.000291,1.0000000000000002e-06,3.0000000000000005e-06,0.0,0.0,0.0,0.0,0.0,0.0,0.0,0.0,1.0000000000000002e-06,0.0,0.0,0.0,0.0,0.0,0.0,0.0,0.0,0.0,0.0,0.0,0.0,0.0,0.0,0.0,0.0,0.0,0.0,0.0,0.0,0.0,0.0,0.0,0.0,0.0,0.0,0.0,0.0,0.0,0.0,0.0,0.0,0.0,0.0,0.0,0.0,0.0,0.0,0.0,0.0,0.0,0.0,0.0,0.0,0.0,0.0,0.0,0.0,0.0,0.0,0.0,0.0,0.0,0.0,0.0,0.0,0.0,0.0,0.0,0.0,0.0,0.0,0.0,0.0
244,370,0.0,0.8852928099999999,0.03650692,0.037635999999999996,0.00114072,0.0005878799999999998,1.1760000000000001e-05,3.999999999999999e-06,4.000000000000001e-08,1.0000000000000002e-08,0.0,0.0,0.03650692,0.0005645400000000001,0.00114072,1.1680000000000002e-05,1.1760000000000001e-05,6.000000000000001e-08,4.000000000000001e-08,0.0,0.0,0.0,0.0,0.0005645400000000001,3.88e-06,1.1680000000000002e-05,4.000000000000001e-08,6.000000000000001e-08,0.0,0.0,0.0,0.0,0.0,0.0,3.88e-06,1.0000000000000002e-08,4.000000000000001e-08,0.0,0.0,0.0,0.0,0.0,0.0,0.0,0.0,1.0000000000000002e-08,0.0,0.0,0.0,0.0,0.0,0.0,0.0,0.0,0.0,0.0,0.0,0.0,0.0,0.0,0.0,0.0,0.0,0.0,0.0,0.0,0.0,0.0,0.0,0.0,0.0,0.0,0.0,0.0,0.0,0.0,0.0,0.0,0.0,0.0,0.0,0.0,0.0,0.0,0.0,0.0,0.0,0.0,0.0,0.0,0.0,0.0,0.0,0.0,0.0,0.0,0.0,0.0,0.0,0.0
245,371,0.8587340256999999,0.044264640499999994,0.04608998649999999,0.0018535729999999999,0.0009694179999999998,2.8809999999999997e-05,9.994e-06,1.9699999999999998e-07,5.049999999999998e-08,6.000000000000001e-10,0.0,0.044264640499999994,0.0009126730000000001,0.0018535729999999999,2.8421e-05,2.8809999999999997e-05,2.9300000000000004e-07,1.9699999999999998e-07,1.0000000000000003e-09,5.000000000000001e-10,0.0,0.0,0.0009126730000000001,9.409000000000001e-06,2.8421e-05,1.9450000000000003e-07,2.9300000000000004e-07,1.0000000000000003e-09,1.0000000000000003e-09,0.0,0.0,0.0,0.0,9.409000000000001e-06,4.8500000000000004e-08,1.9450000000000003e-07,5.000000000000001e-10,1.0000000000000003e-09,0.0,0.0,0.0,0.0,0.0,0.0,4.8500000000000004e-08,1.0000000000000002e-10,5.000000000000001e-10,0.0,0.0,0.0,0.0,0.0,0.0,0.0,0.0,1.0000000000000002e-10,0.0,0.0,0.0,0.0,0.0,0.0,0.0,0.0,0.0,0.0,0.0,0.0,0.0,0.0,0.0,0.0,0.0,0.0,0.0,0.0,0.0,0.0,0.0,0.0,0.0,0.0,0.0,0.0,0.0,0.0,0.0,0.0,0.0,0.0,0.0,0.0,0.0,0.0,0.0,0.0,0.0,0.0,0.0,0.0
246,372,0.017617326919,0.009933532932,0.0009312087299999999,0.000507665505,2.8802219999999998e-05,1.0370319999999998e-05,3.9293999999999997e-07,1.0438499999999999e-07,2.4909999999999998e-09,5.219999999999997e-10,0.833414651334,0.04294582801499999,0.04517759576999999,0.00180747084,0.0009594434999999997,2.8234785e-05,9.98718e-06,1.9404e-07,5.096999999999997e-08,5.97e-10,0.0,0.04294582801499999,0.0008853869000000001,0.00180747084,2.766489e-05,2.8234785e-05,2.8617000000000003e-07,1.9404e-07,9.800000000000001e-10,4.95e-10,0.0,0.0,0.0008853869000000001,9.127215e-06,2.766489e-05,1.8915600000000003e-07,2.8617000000000003e-07,9.750000000000003e-10,9.800000000000001e-10,0.0,0.0,0.0,0.0,9.127215e-06,4.7046e-08,1.8915600000000003e-07,4.860000000000001e-10,9.750000000000003e-10,0.0,0.0,0.0,0.0,0.0,0.0,4.7046e-08,9.700000000000001e-11,4.860000000000001e-10,0.0,0.0,0.0,0.0,0.0,0.0,0.0,0.0,9.700000000000001e-11,0.0,0.0,0.0,0.0,0.0,0.0,0.0,0.0,0.0,0.0,0.0,0.0,0.0,0.0,0.0,0.0,0.0,0.0,0.0,0.0,0.0,0.0,0.0,0.0,0.0,0.0,0.0,0.0,0.0,0.0,0.0,0.0,0.0,0.0
247,373,0.008785828381039999,0.00071427896596,0.00056550002937,3.275147295e-05,1.5062815449999996e-05,6.7800265e-07,2.0854825e-07,6.938559999999999e-09,1.5836799999999996e-09,4.131999999999999e-11,0.02585241190492,0.018850907695230002,0.0013596593256499998,0.0009718806409499998,4.657185854999999e-05,2.0035865049999992e-05,6.683017499999999e-07,2.0357534999999997e-07,4.372439999999999e-09,1.0269599999999993e-09,0.8088416700741299,0.04166630704354999,0.04427865475444999,0.00176246850485,0.0009492939001499997,2.7669143609999996e-05,9.97471455e-06,1.9110005000000003e-07,5.1396049999999975e-08,5.9384e-10,0.0,0.04166630704354999,0.0008589165651500002,0.00176246850485,2.692857747e-05,2.7669143609999996e-05,2.7949107000000004e-07,1.9110005000000003e-07,9.6035e-10,4.8995e-10,0.0,0.0,0.0008589165651500002,8.85386901e-06,2.692857747e-05,1.8395761000000003e-07,2.7949107000000004e-07,9.5061e-10,9.6035e-10,0.0,0.0,0.0,0.0,8.85386901e-06,4.563559e-08,1.8395761000000003e-07,4.723900000000002e-10,9.5061e-10,0.0,0.0,0.0,0.0,0.0,0.0,4.563559e-08,9.409000000000001e-11,4.723900000000002e-10,0.0,0.0,0.0,0.0,0.0,0.0,0.0,0.0,9.409000000000001e-11,0.0,0.0,0.0,0.0,0.0,0.0,0.0,0.0,0.0,0.0,0.0,0.0,0.0,0.0,0.0,0.0,0.0,0.0,0.0,0.0,0.0,0.0,0.0,0.0
248,375,0.000182296355297268,2.1389049047072998e-05,1.5212884576376999e-05,1.069804146745e-06,5.118547844519999e-07,2.7328673316999997e-08,8.841100364999998e-09,3.5321876099999995e-10,8.4589044e-11,2.8323839999999996e-12,0.0009483545432899441,0.000735295192882932,5.798860872502499e-05,4.173839997717599e-05,2.2042027142639993e-06,9.873730953959997e-07,3.866711273699999e-08,1.216196166e-08,3.41838876e-10,8.329597199999999e-11,0.025004054815004905,0.00209787107616933,0.0018742534477069676,9.6988580601336e-05,5.681152705058398e-05,2.2784329879199997e-06,8.849071248239998e-07,2.6147090459999997e-08,7.50267678e-09,1.7980528199999998e-10,0.040828641639783086,0.03510436100033345,0.002138660933451533,0.0018307565336982959,7.916366394273598e-05,3.818559773543999e-05,1.1775018512159997e-06,3.9261930213599997e-07,7.879901345999999e-09,2.0038716599999987e-09,0.7618475396210501,0.039220492164026996,0.042521143732409436,0.0016756655753356678,0.0009285348328841758,2.6566234034448e-05,9.933905654735999e-06,1.85283916788e-07,5.212235153399997e-08,5.87070972e-10,0.0,0.039220492164026996,0.0008083263657719882,0.0016756655753356678,2.5513326901572e-05,2.6566234034448e-05,2.66574208452e-07,1.85283916788e-07,9.220823880000002e-10,4.797198060000001e-10,0.0,0.0,0.0008083263657719882,8.331490691363998e-06,2.5513326901572e-05,1.7398205422499997e-07,2.66574208452e-07,9.036027240000001e-10,9.220823880000002e-10,0.0,0.0,0.0,0.0,8.331490691363998e-06,4.2940351977e-08,1.7398205422499997e-07,4.462970970000001e-10,9.036027240000001e-10,0.0,0.0,0.0,0.0,0.0,0.0,4.2940351977e-08,8.8529281e-11,4.462970970000001e-10,0.0,0.0,0.0,0.0,0.0,0.0,0.0,0.0,8.8529281e-11,0.0,0.0,0.0,0.0
249,377,0.0,0.0,0.0,0.0,0.0,0.0,0.0,0.0,0.0,0.0,0.0,0.0,0.0,0.0,0.0,0.0,0.0,0.0,0.0,0.0,0.0,0.0,0.0,0.0,0.0,1.0,0.0,0.0,0.0,0.0,0.0,0.0,0.0,0.0,0.0,0.0,0.0,0.0,0.0,0.0,0.0,0.0,0.0,0.0,0.0,0.0,0.0,0.0,0.0,0.0,0.0,0.0,0.0,0.0,0.0,0.0,0.0,0.0,0.0,0.0,0.0,0.0,0.0,0.0,0.0,0.0,0.0,0.0,0.0,0.0,0.0,0.0,0.0,0.0,0.0,0.0,0.0,0.0,0.0,0.0,0.0,0.0,0.0,0.0,0.0,0.0,0.0,0.0,0.0,0.0,0.0,0.0,0.0,0.0,0.0,0.0,0.0,0.0,0.0,0.0
250,378,0.0,0.0,0.0,0.0,0.0,0.0,0.0,0.0,0.0,0.0,0.0,0.0,0.0,0.0,0.0,0.01,0.0,0.0,0.0,0.0,0.0,0.0,0.0,0.0,0.97,0.0,0.01,0.0,0.0,0.0,0.0,0.0,0.0,0.0,0.0,0.01,0.0,0.0,0.0,0.0,0.0,0.0,0.0,0.0,0.0,0.0,0.0,0.0,0.0,0.0,0.0,0.0,0.0,0.0,0.0,0.0,0.0,0.0,0.0,0.0,0.0,0.0,0.0,0.0,0.0,0.0,0.0,0.0,0.0,0.0,0.0,0.0,0.0,0.0,0.0,0.0,0.0,0.0,0.0,0.0,0.0,0.0,0.0,0.0,0.0,0.0,0.0,0.0,0.0,0.0,0.0,0.0,0.0,0.0,0.0,0.0,0.0,0.0,0.0,0.0
251,379,0.0,0.0,0.0,0.0,0.0,0.0097,0.0,0.0,0.0,0.0,0.0,0.0,0.0,0.0,0.941,0.0,0.0098,0.0,0.0,0.0,0.0,0.0,0.0,0.0097,0.0,0.0196,0.0,0.0001,0.0,0.0,0.0,0.0,0.0,0.0,0.0098,0.0,0.0002,0.0,0.0,0.0,0.0,0.0,0.0,0.0,0.0,0.0001,0.0,0.0,0.0,0.0,0.0,0.0,0.0,0.0,0.0,0.0,0.0,0.0,0.0,0.0,0.0,0.0,0.0,0.0,0.0,0.0,0.0,0.0,0.0,0.0,0.0,0.0,0.0,0.0,0.0,0.0,0.0,0.0,0.0,0.0,0.0,0.0,0.0,0.0,0.0,0.0,0.0,0.0,0.0,0.0,0.0,0.0,0.0,0.0,0.0,0.0,0.0,0.0,0.0,0.0
252,380,0.0,0.0,0.0,0.0,0.912867,0.009409,0.009602999999999999,0.0,0.0,0.0,0.0,0.0,0.0,0.018819000000000002,0.0,0.028616999999999997,0.0,0.000195,0.0,0.0,0.0,0.0,9.7e-05,0.0,0.019208999999999997,0.0,0.0004890000000000001,0.0,1.0000000000000002e-06,0.0,0.0,0.0,0.0,0.000195,0.0,0.000393,0.0,3.0000000000000005e-06,0.0,0.0,0.0,0.0,0.0,0.0,9.9e-05,0.0,3.0000000000000005e-06,0.0,0.0,0.0,0.0,0.0,0.0,0.0,0.0,1.0000000000000002e-06,0.0,0.0,0.0,0.0,0.0,0.0,0.0,0.0,0.0,0.0,0.0,0.0,0.0,0.0,0.0,0.0,0.0,0.0,0.0,0.0,0.0,0.0,0.0,0.0,0.0,0.0,0.0,0.0,0.0,0.0,0.0,0.0,0.0,0.0,0.0,0.0,0.0,0.0,0.0,0.0,0.0,0.0,0.0,0.0
253,382,0.0,0.0,0.8592816585999999,0.026564429799999997,0.027671045000000005,0.0005561497,0.0002909426,2.881e-06,9.994e-07,0.0,0.0,0.0177086789,0.0,0.045376901,0.0002738213,0.0011294308000000001,2.8421000000000003e-06,8.7218e-06,0.0,1.97e-08,9.12673e-05,0.0,0.0184445209,0.0,0.0014944996,9.409000000000002e-07,2.305e-05,0.0,1.0810000000000002e-07,1.0000000000000002e-10,0.0,0.0001853573,0.0,0.0007500721999999999,0.0,2.68132e-05,0.0,2.354e-07,0.0,5.000000000000001e-10,0.0,0.0,9.694179999999997e-05,0.0,1.43666e-05,0.0,2.546e-07,0.0,1.0000000000000003e-09,0.0,0.0,0.0,0.0,2.881e-06,0.0,1.3690000000000001e-07,0.0,1.0000000000000003e-09,0.0,0.0,0.0,0.0,0.0,0.0,2.93e-08,0.0,5.000000000000001e-10,0.0,0.0,0.0,0.0,0.0,0.0,0.0,0.0,1.0000000000000002e-10,0.0,0.0,0.0,0.0,0.0,0.0,0.0,0.0,0.0,0.0,0.0,0.0,0.0,0.0,0.0,0.0,0.0,0.0,0.0,0.0,0.0,0.0,0.0,0.0
254,383,0.0,0.8336802956309999,0.034360313492,0.036153143544,0.00108455817,0.000575780577,1.1293914000000002e-05,3.9948720000000006e-06,3.8804e-08,1.0191e-08,0.017178331206,0.0,0.052969942554,0.000531250959,0.0018409723320000002,1.1065956000000002e-05,2.289438e-05,5.7231000000000005e-08,1.1740200000000001e-07,1.9800000000000001e-10,8.8529281e-05,0.018071038308000005,0.0,0.002095379553,3.650886e-06,4.8865936e-05,3.783e-08,4.2492900000000006e-07,9.700000000000001e-11,1.2840000000000005e-09,0.000180709254,0.0,0.000914838234,0.0,4.859818799999999e-05,9.409000000000002e-09,7.29516e-07,0.0,3.93e-09,6.000000000000002e-12,0.0,9.588711899999996e-05,0.0,2.2434551999999996e-05,0.0,6.60129e-07,0.0,5.88e-09,0.0,1.5000000000000003e-11,0.0,0.0,3.7639879999999995e-06,0.0,3.0556200000000005e-07,0.0,4.89e-09,0.0,2.0000000000000005e-11,0.0,0.0,0.0,0.0,5.7231000000000005e-08,0.0,2.148e-09,0.0,1.5000000000000003e-11,0.0,0.0,0.0,0.0,0.0,0.0,3.9000000000000005e-10,0.0,6.000000000000002e-12,0.0,0.0,0.0,0.0,0.0,0.0,0.0,0.0,1.0000000000000002e-12,0.0,0.0,0.0,0.0,0.0,0.0,0.0,0.0,0.0,0.0,0.0,0.0,0.0,0.0
255,385,0.0167601351375444,0.0095485677280096,0.00088566346868,0.00049688344978,2.76636012608e-05,1.0338014953600002e-05,3.8114449280000004e-07,1.06042324e-07,2.4424332e-09,5.387448000000001e-10,0.7855216437564798,0.0405915545164494,0.043605496562864,0.0017185414398207999,0.000949135493288,2.71129895632e-05,1.0159351495999999e-05,1.8818394000000003e-07,5.380437440000001e-08,6.006246000000001e-10,0.0163436048610304,0.058484149868536,0.0008332464598137,0.0026461579098112,2.6211554767999995e-05,4.635857905e-05,2.7296108490000003e-07,3.870031264e-07,1.1294519999999999e-09,1.3197904e-09,0.017268138439961604,2.6204667175999996e-06,0.0026813164927328003,8.588709295599998e-06,8.543706835999998e-05,1.789009024e-07,1.12020644e-06,1.0181507999999999e-09,6.662652800000001e-09,1.5968000000000003e-11,0.00017183624709399996,0.00104005669024,0.0,7.548095347599999e-05,4.42674632e-08,1.6520846464000001e-06,4.591592e-10,1.5151779999999998e-08,6.588400000000001e-12,5.19136e-11,9.201916942639995e-05,0.0,3.1001837047999995e-05,0.0,1.3188878047999998e-06,9.126730000000002e-11,1.92058208e-08,0.0,1.10744e-10,2.0720000000000007e-13,0.0,4.472572902999999e-06,0.0,5.43182464e-07,0.0,1.4047355199999999e-08,0.0,1.24288e-10,0.0,3.430000000000001e-13,0.0,0.0,9.03688376e-08,0.0,5.5537952000000005e-09,0.0,8.27552e-11,0.0,3.4160000000000013e-13,0.0,0.0,0.0,0.0,9.221404000000001e-10,0.0,3.03232e-11,0.0,2.0440000000000007e-13,0.0,0.0,0.0,0.0,0.0,0.0,4.724000000000001e-12,9.7e-15,6.800000000000003e-14,0.0,0.0,0.0
256,387,0.00041931567958456063,0.00027647353736244063,2.545039828976025e-05,1.545478683227808e-05,9.133503575543999e-07,3.5789417371524e-07,1.517032671165e-08,4.271145875760001e-09,1.2715916508000003e-10,2.7905200620000008e-11,0.01609429843395077,0.0013127037192753256,0.001149281692257368,6.045634406465236e-05,3.3620101612550635e-05,1.35294916374538e-06,5.0981516893272e-07,1.4924881072440003e-08,4.240256135700001e-09,9.952319664000001e-11,0.032125944927725435,0.026221596107835456,0.0016721074733217847,0.001390156144471975,6.04932347206649e-05,2.9528117562750238e-05,8.962689546502e-07,3.103585866954e-07,6.0102787804500016e-09,1.6283840281200003e-09,0.740887948539849,0.03852763796126363,0.042268855055419524,0.0016338177537027238,0.0009472347742247646,2.602878587244403e-05,1.0496633904001197e-05,1.8241756615410002e-07,5.8403662507680006e-08,6.137357629800001e-10,0.015716240936479033,0.05543519093130714,0.000784236240104822,0.0025450351124553937,2.48334112255005e-05,4.5338197652320684e-05,2.6033295959342995e-07,3.864585663158401e-07,1.0829435728799999e-09,1.37391159882e-09,0.016272909751563196,5.808422245156079e-06,0.0025451101003002028,8.081975374142848e-06,8.191318286610285e-05,1.6919734438179998e-07,1.0868578026148798e-06,9.670227386099997e-10,6.567957820919999e-09,1.6174434120000004e-11,0.000163466344034907,0.000981063682193332,0.0,7.165816550277351e-05,4.1653026710499995e-08,1.5807362493139198e-06,4.337934769e-10,1.4634908613539996e-08,6.203079540000001e-12,5.101717944e-11,8.666761346450168e-05,0.0,2.926870610160755e-05,0.0,1.2518698845391196e-06,8.587340257000001e-11,1.8347870196720002e-08,0.0,1.0663188275999999e-10,2.0164284000000003e-13,0.0,4.2099970920961784e-06,0.0,5.1295935738288e-07,4.5823770000000016e-14,1.3327193207129999e-08,0.0,1.1856170927999997e-10,0.0,3.293761800000001e-13,0.0,0.0,8.5045929294e-08,8.677335489300002e-10,5.248535471700001e-09,2.863319235e-11,7.852191810000002e-11,1.9364013000000006e-13,3.2538360000000013e-13,0.0
257,388,0.0,0.0,0.0,0.0,0.0,0.0,0.0,0.0,0.0,0.0,0.0,0.0,0.0,0.0,0.0,0.0,0.0,0.0,0.0,0.0,0.0,0.0,0.0,0.0,0.0,0.0,0.0,0.0,0.0,0.0,0.0,0.0,0.0,0.0,0.0,0.0,0.0,0.0,0.0,0.0,0.0,0.0,0.0,0.0,0.0,1.0,0.0,0.0,0.0,0.0,0.0,0.0,0.0,0.0,0.0,0.0,0.0,0.0,0.0,0.0,0.0,0.0,0.0,0.0,0.0,0.0,0.0,0.0,0.0,0.0,0.0,0.0,0.0,0.0,0.0,0.0,0.0,0.0,0.0,0.0,0.0,0.0,0.0,0.0,0.0,0.0,0.0,0.0,0.0,0.0,0.0,0.0,0.0,0.0,0.0,0.0,0.0,0.0,0.0,0.0
258,389,0.0,0.0,0.0,0.0,0.0,0.0,0.0,0.0,0.0,0.0,0.0,0.0,0.0,0.0,0.0,0.0,0.0,0.0,0.0,0.0,0.0,0.0,0.0,0.0,0.0,0.0,0.0,0.0,0.0,0.0,0.0,0.0,0.0,0.0,0.0,0.01,0.0,0.0,0.0,0.0,0.0,0.0,0.0,0.0,0.97,0.0,0.01,0.0,0.0,0.0,0.0,0.0,0.0,0.0,0.0,0.01,0.0,0.0,0.0,0.0,0.0,0.0,0.0,0.0,0.0,0.0,0.0,0.0,0.0,0.0,0.0,0.0,0.0,0.0,0.0,0.0,0.0,0.0,0.0,0.0,0.0,0.0,0.0,0.0,0.0,0.0,0.0,0.0,0.0,0.0,0.0,0.0,0.0,0.0,0.0,0.0,0.0,0.0,0.0,0.0
259,390,0.0,0.0,0.0,0.0,0.0,0.0,0.0,0.0,0.0,0.0,0.0,0.0,0.0,0.0,0.0,0.0,0.0,0.0,0.0,0.0,0.0,0.0,0.0,0.0,0.0,0.0001,0.0,0.0,0.0,0.0,0.0,0.0,0.0,0.0,0.0194,0.0,0.0002,0.0,0.0,0.0,0.0,0.0,0.0,0.9409,0.0,0.0196,0.0,0.0001,0.0,0.0,0.0,0.0,0.0,0.0,0.0194,0.0,0.0002,0.0,0.0,0.0,0.0,0.0,0.0,0.0,0.0,0.0001,0.0,0.0,0.0,0.0,0.0,0.0,0.0,0.0,0.0,0.0,0.0,0.0,0.0,0.0,0.0,0.0,0.0,0.0,0.0,0.0,0.0,0.0,0.0,0.0,0.0,0.0,0.0,0.0,0.0,0.0,0.0,0.0,0.0,0.0
260,391,0.0,0.0,0.0,0.0,0.0,0.0,0.0,0.0,0.0,0.0,0.0,0.0,0.0,0.0,0.0,1.0000000000000002e-06,0.0,0.0,0.0,0.0,0.0,0.0,0.0,0.0,0.000195,0.0,3.0000000000000005e-06,0.0,0.0,0.0,0.0,0.0,0.0,0.009602999999999999,0.0,0.000489,0.0,3.0000000000000005e-06,0.0,0.0,0.0,0.0,0.009408999999999999,0.0,0.028617,0.0,0.00039299999999999996,0.0,1.0000000000000002e-06,0.0,0.0,0.0,0.0,0.912867,0.0,0.019208999999999997,0.0,9.9e-05,0.0,0.0,0.0,0.0,0.0,0.0,0.018819000000000002,0.0,0.000195,0.0,0.0,0.0,0.0,0.0,0.0,0.0,0.0,9.7e-05,0.0,0.0,0.0,0.0,0.0,0.0,0.0,0.0,0.0,0.0,0.0,0.0,0.0,0.0,0.0,0.0,0.0,0.0,0.0,0.0,0.0,0.0,0.0,0.0
261,392,0.0,0.0,0.0,0.0,0.0,1.0000000000000002e-08,0.0,0.0,0.0,0.0,0.0,0.0,0.0,0.0,1.96e-06,0.0,4.000000000000001e-08,0.0,0.0,0.0,0.0,0.0,0.0,9.797999999999998e-05,0.0,7.84e-06,0.0,6.000000000000001e-08,0.0,0.0,0.0,0.0,0.00019011999999999998,0.0,0.00057624,0.0,1.1760000000000001e-05,0.0,4.000000000000001e-08,0.0,0.0,9.408999999999999e-05,0.0,0.01882384,0.0,0.00095652,0.0,7.840000000000001e-06,0.0,1.0000000000000002e-08,0.0,0.0,0.018255399999999998,0.0,0.03726744,0.0,0.0005762399999999999,0.0,1.96e-06,0.0,0.0,0.0,0.0,0.88566918,0.0,0.018823839999999998,0.0,9.797999999999998e-05,0.0,0.0,0.0,0.0,0.0,0.0,0.0182554,0.0,0.00019012,0.0,0.0,0.0,0.0,0.0,0.0,0.0,0.0,9.409e-05,0.0,0.0,0.0,0.0,0.0,0.0,0.0,0.0,0.0,0.0,0.0,0.0,0.0,0.0
262,393,0.0,0.0,0.0,0.0,1.97e-08,1.0000000000000002e-10,1.0100000000000001e-08,0.0,0.0,0.0,0.0,0.0,0.0,9.994e-07,0.0,1.9801e-06,0.0,3.94e-08,0.0,0.0,0.0,0.0,2.881e-06,0.0,0.00010090099999999997,0.0,7.723399999999998e-06,0.0,5.86e-08,0.0,0.0,2.8421e-06,0.0,0.000379397,0.0,0.0005687139999999999,0.0,1.14866e-05,0.0,3.8900000000000004e-08,9.408999999999999e-07,0.0,0.0004639609,0.0,0.0186471268,0.0,0.0009337827999999999,0.0,7.624900000000001e-06,9.700000000000001e-09,0.0,0.00018349489999999998,0.0,0.027125342599999994,0.0,0.036352982799999996,0.0,0.0005600305999999998,0.0,1.9013e-06,0.0,0.0,0.0090392458,0.0,0.8598425714,0.0,0.0182677682,0.0,9.506019999999997e-05,0.0,0.0,0.0,0.0,0.0090392458,0.0,0.0178988185,0.0,0.00018539619999999999,0.0,0.0,0.0,0.0,0.0,0.0,0.00018349490000000004,0.0,9.31685e-05,0.0,0.0,0.0,0.0,0.0,0.0,0.0,0.0,9.409000000000001e-07,0.0,0.0,0.0,0.0
263,394,0.0,0.0,0.0,1.0191e-08,1.9800000000000001e-10,2.0099999999999998e-08,1.0200000000000001e-10,4.95e-10,0.0,0.0,0.0,0.0,3.8804e-08,0.0,1.0579139999999998e-06,9.700000000000001e-11,1.0722599999999997e-07,0.0,9.800000000000001e-10,0.0,0.0,5.7231000000000005e-08,0.0,5.801208e-06,0.0,8.694080999999998e-06,0.0,2.30904e-07,0.0,9.75e-10,3.783e-08,0.0,1.1256570000000001e-05,0.0,0.000293826348,0.0,2.2631531999999996e-05,0.0,2.48346e-07,4.860000000000001e-10,9.408999999999998e-09,9.240803999999999e-06,0.0,0.000830379393,0.0,0.0011109915039999997,0.0,2.6156384999999998e-05,9.700000000000001e-11,1.3309200000000004e-07,2.747622e-06,0.0,0.000813522906,0.0,0.027320921963999996,0.0,0.0014575771319999997,0.0,1.3966073999999997e-05,2.8422e-08,0.0,0.00026838251099999997,0.0,0.035090792951999995,0.0,0.04422248489699999,0.0,0.0007287119279999997,0.0,2.7948629999999997e-06,0.0,0.0,0.008858460884,0.0,0.8343185098499999,0.0,0.017901508986,0.0,9.406235599999998e-05,0.0,0.0,0.0,0.0,0.008769903374999999,0.0,0.017364629987999997,0.0,0.000180765999,0.0,0.0,0.0,0.0,0.0,0.0,0.00017799946200000003,9.126730000000001e-07,9.038285399999999e-05,0.0,0.0,0.0
264,395,0.0,0.0,4.8995e-10,1.0389e-10,2.0667389999999998e-08,3.9505e-10,2.057523e-08,1.0389000000000002e-10,4.8995e-10,0.0,0.0,9.6035e-10,0.0,1.0633301e-07,2.95e-12,1.1143906499999998e-06,9.511000000000001e-11,1.0633300999999996e-07,0.0,9.6035e-10,9.5061e-10,0.0,2.2647989000000002e-07,0.0,8.662955189999998e-06,9.700000000000001e-13,8.662955189999998e-06,0.0,2.2647989e-07,9.506099999999999e-10,4.723900000000001e-10,2.4224115e-07,0.0,2.221894239e-05,0.0,0.00029643472873,0.0,2.2218942389999993e-05,5.830000000000001e-12,2.4270771e-07,1.2035664999999997e-07,9.126729999999998e-09,2.5515168569999995e-05,0.0,0.00109272540937,0.0,0.0010927254093699996,9.700000000000001e-13,2.5515168569999995e-05,1.2948241000000005e-07,2.757031e-08,1.3576655549999999e-05,0.0,0.00142153816191,0.0,0.026969204840409995,0.0,0.0014215381619099997,2.8519e-10,1.3603940669999998e-05,2.7113013299999997e-06,0.0,0.00070795880309,0.0,0.043096688330549984,0.0,0.04309668833054998,0.0,0.0007079588030899996,2.7113013299999997e-06,0.0,9.126843395e-05,0.0,0.01737449911925,0.0,0.8100838407932099,0.0,0.01737449911925,0.0,9.126843394999998e-05,0.0,0.0,0.00017628364259,0.0,0.017025417666749997,9.126730000000001e-09,0.017025417666749997,0.0,0.00017628364259,0.0,0.0,0.0,0.0,8.947902837e-05,1.7891213500000003e-06,0.00034721873329,1.7891213499999999e-06,8.947902836999998e-05,0.0,0.0
265,399,0.0,0.0,0.0,0.0,0.0,0.0,0.0,0.0,0.0,0.0,0.0,0.0,0.0,0.0,0.0,0.0,0.0,0.0,0.0,0.0,0.0,0.0,0.0,0.0,0.0,0.0,0.0,0.0,0.0,0.0,0.0,0.0,0.0,0.0,0.0,0.0,0.0,0.0,0.0,0.0,0.0,0.0,0.0,0.0,0.0,0.0,0.0,0.0,0.0,0.0,0.0,0.0,0.0,0.0,0.0,0.0,0.0,0.0,0.0,0.0,0.0,0.0,0.0,0.0,0.0,1.0,0.0,0.0,0.0,0.0,0.0,0.0,0.0,0.0,0.0,0.0,0.0,0.0,0.0,0.0,0.0,0.0,0.0,0.0,0.0,0.0,0.0,0.0,0.0,0.0,0.0,0.0,0.0,0.0,0.0,0.0,0.0,0.0,0.0,0.0
266,407,0.0,0.0,0.0,0.0,0.0,0.0,0.0,0.0,0.0,0.0,0.0,0.0,0.0,0.0,0.0,0.0,0.0,0.0,0.0,0.0,0.0,0.0,0.0,0.0,0.0,0.0,0.0,0.0,0.0,0.0,0.0,0.0,0.0,0.0,0.0,0.0,0.0,0.0,0.0,0.0,0.0,0.0,0.0,0.0,0.0,0.0,0.0,0.0,0.0,0.0,0.0,0.0,0.0,0.0,0.0,0.0,0.0,0.0,0.0,0.0,0.0,0.0,0.0,0.0,0.0,0.0,0.0,0.0,0.0,0.0,0.0,0.0,0.0,0.0,0.0,1.0,0.0,0.0,0.0,0.0,0.0,0.0,0.0,0.0,0.0,0.0,0.0,0.0,0.0,0.0,0.0,0.0,0.0,0.0,0.0,0.0,0.0,0.0,0.0,0.0
267,408,0.0,0.0,0.0,0.0,0.0,0.0,0.0,0.0,0.0,0.0,0.0,0.0,0.0,0.0,0.0,0.0,0.0,0.0,0.0,0.0,0.0,0.0,0.0,0.0,0.0,0.0,0.0,0.0,0.0,0.0,0.0,0.0,0.0,0.0,0.0,0.0,0.0,0.0,0.0,0.0,0.0,0.0,0.0,0.0,0.0,0.0,0.0,0.0,0.0,0.0,0.0,0.0,0.0,0.0,0.0,0.0,0.0,0.0,0.0,0.0,0.0,0.0,0.0,0.0,0.0,0.01,0.0,0.0,0.0,0.0,0.0,0.0,0.0,0.0,0.01,0.0,0.97,0.0,0.0,0.0,0.0,0.0,0.0,0.0,0.0,0.01,0.0,0.0,0.0,0.0,0.0,0.0,0.0,0.0,0.0,0.0,0.0,0.0,0.0,0.0
268,409,0.0,0.0,0.0,0.0,0.0,0.0,0.0,0.0,0.0,0.0,0.0,0.0,0.0,0.0,0.0,0.0,0.0,0.0,0.0,0.0,0.0,0.0,0.0,0.0,0.0,0.0,0.0,0.0,0.0,0.0,0.0,0.0,0.0,0.0,0.0,0.0,0.0,0.0,0.0,0.0,0.0,0.0,0.0,0.0,0.0,0.0,0.0,0.0,0.0,0.0,0.0,0.0,0.0,0.0,0.0,0.0001,0.0,0.0,0.0,0.0,0.0,0.0,0.0,0.0,0.0002,0.0,0.0194,0.0,0.0,0.0,0.0,0.0,0.0,0.0001,0.0,0.0196,0.0,0.9409,0.0,0.0,0.0,0.0,0.0,0.0,0.0002,0.0,0.0194,0.0,0.0,0.0,0.0,0.0,0.0,0.0,0.0,0.0001,0.0,0.0,0.0,0.0
269,410,0.0,0.0,0.0,0.0,0.0,0.0,0.0,0.0,0.0,0.0,0.0,0.0,0.0,0.0,0.0,0.0,0.0,0.0,0.0,0.0,0.0,0.0,0.0,0.0,0.0,0.0,0.0,0.0,0.0,0.0,0.0,0.0,0.0,0.0,0.0,0.0,0.0,0.0,0.0,0.0,0.0,0.0,0.0,0.0,0.0,1.0000000000000002e-06,0.0,0.0,0.0,0.0,0.0,0.0,0.0,0.0,3.0000000000000005e-06,0.0,0.000291,0.0,0.0,0.0,0.0,0.0,0.0,3.0000000000000005e-06,0.0,0.000585,0.0,0.028227000000000002,0.0,0.0,0.0,0.0,1.0000000000000002e-06,0.0,0.00029699999999999996,0.0,0.028808999999999994,0.0,0.912673,0.0,0.0,0.0,0.0,3.0000000000000005e-06,0.0,0.000585,0.0,0.028227000000000002,0.0,0.0,0.0,0.0,0.0,0.0,3.0000000000000005e-06,1.0000000000000002e-06,0.000291,0.0,0.0,0.0
270,411,0.0,0.0,0.0,0.0,0.0,0.0,0.0,0.0,0.0,0.0,0.0,0.0,0.0,0.0,0.0,0.0,0.0,0.0,0.0,0.0,0.0,0.0,0.0,0.0,0.0,0.0,0.0,0.0,0.0,0.0,0.0,0.0,0.0,0.0,0.0,1.0000000000000002e-08,0.0,0.0,0.0,0.0,0.0,0.0,0.0,0.0,4.000000000000001e-08,0.0,3.88e-06,0.0,0.0,0.0,0.0,0.0,0.0,6.000000000000001e-08,0.0,1.1680000000000002e-05,0.0,0.0005645400000000001,0.0,0.0,0.0,0.0,4.000000000000001e-08,0.0,1.176e-05,0.0,0.00114072,0.0,0.03650692,0.0,0.0,1.0000000000000002e-08,0.0,3.999999999999999e-06,0.0,0.0005878799999999998,0.0,0.037635999999999996,0.0,0.8852928099999999,0.0,0.0,4.000000000000001e-08,0.0,1.176e-05,1.0000000000000002e-08,0.00114072,0.0,0.03650692,0.0,0.0,0.0,0.0,6.000000000000001e-08,4.000000000000001e-08,1.1680000000000002e-05,3.88e-06,0.0005645400000000001,0.0,0.0
271,412,0.0,0.0,0.0,0.0,0.0,0.0,0.0,0.0,0.0,0.0,0.0,0.0,0.0,0.0,0.0,0.0,0.0,0.0,0.0,0.0,0.0,0.0,0.0,0.0,0.0,1.0000000000000002e-10,0.0,0.0,0.0,0.0,0.0,0.0,0.0,0.0,5.000000000000001e-10,0.0,3.8900000000000004e-08,0.0,0.0,0.0,0.0,0.0,0.0,1.0000000000000003e-09,0.0,1.657e-07,0.0,5.684200000000001e-06,0.0,0.0,0.0,0.0,1.0000000000000003e-09,0.0,2.7380000000000003e-07,0.0,2.0933e-05,0.0,0.0003707146,0.0,0.0,5.000000000000001e-10,0.0,2.162e-07,0.0,2.8733199999999998e-05,0.0,0.0013004402,0.0,0.0092179973,1.0000000000000002e-10,0.0,7.93e-08,0.0,1.7443599999999997e-05,1.0000000000000002e-10,0.0015001444,0.0,0.04500606969999999,0.008852928099999999,0.0,1.0100000000000001e-08,0.0,3.998599999999999e-06,5.000000000000001e-10,0.0005818851999999998,3.8900000000000004e-08,0.036889041799999994,0.0,0.8590990948999999,0.0,0.0,3.94e-08,5.86e-08,1.1563399999999998e-05,1.13785e-05,0.0011160241999999998,0.0005476426000000001,0.03541735779999999,0.0
272,413,0.0,0.0,0.0,0.0,0.0,0.0,0.0,0.0,0.0,0.0,0.0,0.0,0.0,0.0,0.0,1.0000000000000002e-12,0.0,0.0,0.0,0.0,0.0,0.0,0.0,0.0,6.000000000000002e-12,0.0,3.9000000000000005e-10,0.0,0.0,0.0,0.0,0.0,0.0,1.5000000000000003e-11,0.0,2.1480000000000004e-09,0.0,5.723100000000001e-08,0.0,0.0,0.0,0.0,2.0000000000000005e-11,0.0,4.89e-09,0.0,3.05562e-07,0.0,3.763988e-06,0.0,0.0,1.5000000000000003e-11,0.0,5.88e-09,0.0,6.60129e-07,0.0,2.2434552000000002e-05,0.0,9.588711899999998e-05,6.000000000000002e-12,0.0,3.9299999999999995e-09,0.0,7.29516e-07,1.0000000000000002e-12,4.8598188000000006e-05,0.0,0.000914838234,0.000180709254,1.0000000000000002e-12,1.3800000000000002e-09,0.0,4.249289999999999e-07,6.000000000000002e-12,4.8865936e-05,3.9000000000000005e-10,0.0020953795529999996,8.8529281e-05,0.018071038307999998,1.9800000000000004e-10,0.0,1.1740199999999998e-07,5.91e-10,2.2894763999999995e-05,1.1427600000000001e-07,0.00184100958,5.476815000000001e-06,0.052969942554,0.017178331206,0.0,1.0191e-08,3.8804e-08,4.0515119999999996e-06,1.1331353999999997e-05,0.0005867416649999997,0.0010881714179999998,0.036678917687999996,0.03436031349199999,0.833680295631
273,414,0.0,0.0,0.0,0.0,0.0,0.0,1.0,0.0,0.0,0.0,0.0,0.0,0.0,0.0,0.0,0.0,0.0,0.0,0.0,0.0,0.0,0.0,0.0,0.0,0.0,0.0,0.0,0.0,0.0,0.0,0.0,0.0,0.0,0.0,0.0,0.0,0.0,0.0,0.0,0.0,0.0,0.0,0.0,0.0,0.0,0.0,0.0,0.0,0.0,0.0,0.0,0.0,0.0,0.0,0.0,0.0,0.0,0.0,0.0,0.0,0.0,0.0,0.0,0.0,0.0,0.0,0.0,0.0,0.0,0.0,0.0,0.0,0.0,0.0,0.0,0.0,0.0,0.0,0.0,0.0,0.0,0.0,0.0,0.0,0.0,0.0,0.0,0.0,0.0,0.0,0.0,0.0,0.0,0.0,0.0,0.0,0.0,0.0,0.0,0.0
274,415,0.0,0.0,0.0,0.0,0.0,0.97,0.01,0.01,0.0,0.0,0.0,0.0,0.0,0.0,0.0,0.0,0.01,0.0,0.0,0.0,0.0,0.0,0.0,0.0,0.0,0.0,0.0,0.0,0.0,0.0,0.0,0.0,0.0,0.0,0.0,0.0,0.0,0.0,0.0,0.0,0.0,0.0,0.0,0.0,0.0,0.0,0.0,0.0,0.0,0.0,0.0,0.0,0.0,0.0,0.0,0.0,0.0,0.0,0.0,0.0,0.0,0.0,0.0,0.0,0.0,0.0,0.0,0.0,0.0,0.0,0.0,0.0,0.0,0.0,0.0,0.0,0.0,0.0,0.0,0.0,0.0,0.0,0.0,0.0,0.0,0.0,0.0,0.0,0.0,0.0,0.0,0.0,0.0,0.0,0.0,0.0,0.0,0.0,0.0,0.0
275,416,0.0,0.0,0.0,0.0,0.9409,0.0194,0.0196,0.0002,0.0001,0.0,0.0,0.0,0.0,0.0,0.0,0.0194,0.0001,0.0002,0.0,0.0,0.0,0.0,0.0,0.0,0.0,0.0,0.0001,0.0,0.0,0.0,0.0,0.0,0.0,0.0,0.0,0.0,0.0,0.0,0.0,0.0,0.0,0.0,0.0,0.0,0.0,0.0,0.0,0.0,0.0,0.0,0.0,0.0,0.0,0.0,0.0,0.0,0.0,0.0,0.0,0.0,0.0,0.0,0.0,0.0,0.0,0.0,0.0,0.0,0.0,0.0,0.0,0.0,0.0,0.0,0.0,0.0,0.0,0.0,0.0,0.0,0.0,0.0,0.0,0.0,0.0,0.0,0.0,0.0,0.0,0.0,0.0,0.0,0.0,0.0,0.0,0.0,0.0,0.0,0.0,0.0
276,417,0.0,0.0,0.0,0.912673,0.028227000000000002,0.028808999999999994,0.000585,0.00029699999999999996,3.0000000000000005e-06,1.0000000000000002e-06,0.0,0.0,0.0,0.0,0.028227000000000002,0.000291,0.000585,3.0000000000000005e-06,3.0000000000000005e-06,0.0,0.0,0.0,0.0,0.0,0.0,0.000291,1.0000000000000002e-06,3.0000000000000005e-06,0.0,0.0,0.0,0.0,0.0,0.0,0.0,0.0,1.0000000000000002e-06,0.0,0.0,0.0,0.0,0.0,0.0,0.0,0.0,0.0,0.0,0.0,0.0,0.0,0.0,0.0,0.0,0.0,0.0,0.0,0.0,0.0,0.0,0.0,0.0,0.0,0.0,0.0,0.0,0.0,0.0,0.0,0.0,0.0,0.0,0.0,0.0,0.0,0.0,0.0,0.0,0.0,0.0,0.0,0.0,0.0,0.0,0.0,0.0,0.0,0.0,0.0,0.0,0.0,0.0,0.0,0.0,0.0,0.0,0.0,0.0,0.0,0.0,0.0
277,418,0.0,0.0,0.8852928099999999,0.03650692,0.037635999999999996,0.00114072,0.0005878799999999998,1.1760000000000001e-05,3.999999999999999e-06,5.000000000000001e-08,0.0,0.0,0.0,0.03650692,0.0005645400000000001,0.00114072,1.1680000000000002e-05,1.1760000000000001e-05,6.000000000000001e-08,4.000000000000001e-08,0.0,0.0,0.0,0.0,0.0005645400000000001,3.88e-06,1.1680000000000002e-05,4.000000000000001e-08,6.000000000000001e-08,0.0,0.0,0.0,0.0,0.0,0.0,3.88e-06,1.0000000000000002e-08,4.000000000000001e-08,0.0,0.0,0.0,0.0,0.0,0.0,0.0,0.0,1.0000000000000002e-08,0.0,0.0,0.0,0.0,0.0,0.0,0.0,0.0,0.0,0.0,0.0,0.0,0.0,0.0,0.0,0.0,0.0,0.0,0.0,0.0,0.0,0.0,0.0,0.0,0.0,0.0,0.0,0.0,0.0,0.0,0.0,0.0,0.0,0.0,0.0,0.0,0.0,0.0,0.0,0.0,0.0,0.0,0.0,0.0,0.0,0.0,0.0,0.0,0.0,0.0,0.0,0.0,0.0
278,423,0.000430809829302837,0.0002867728962267449,3.0765291876433e-05,1.875910121784e-05,1.3485721701369997e-06,5.265890898689999e-07,2.8495356404999995e-08,7.990445831999999e-09,3.2766650399999996e-10,6.931430400000001e-11,0.016558752969122084,0.001511735408015805,0.0013471923656368798,8.512172050658399e-05,4.6316177824823987e-05,2.3540176548809995e-06,8.610262605839997e-07,3.443537391599999e-08,9.197045099999999e-09,3.2049655199999995e-10,0.03281948477070684,0.02701234895425246,0.0020789445689740615,0.0016893554403875756,9.363150948002399e-05,4.4143790897879984e-05,1.8394211552519996e-06,6.069367562039999e-07,1.8574409675999998e-08,4.4230283580000004e-09,0.761685814223736,0.047062090618381555,0.05101771580256265,0.0025134983630035017,0.0013928022493262637,5.313698727623999e-05,1.9872423721871994e-05,5.645676111719998e-07,1.48469164374e-07,2.9107311959999997e-09,0.0,0.047062090618381555,0.0012124895486579819,0.0025134983630035017,5.102888568498e-05,5.313698727623999e-05,7.99805792016e-07,5.559638384159999e-07,6.065099442000001e-09,2.367886571999999e-09,0.0,0.0,0.0012124895486579819,1.6663424085588003e-05,5.102888568498e-05,5.219791905960002e-07,7.99805792016e-07,5.422213188000001e-09,5.533494516e-09,3.293761800000001e-11,0.0,0.0,0.0,1.6663424085588003e-05,1.2882653225999998e-07,5.219791905960002e-07,2.677980753e-09,5.422213188000001e-09,1.3859748000000001e-11,1.8678612000000007e-11,0.0,0.0,0.0,0.0,1.2882653225999998e-07,5.31203913e-10,2.677980753e-09,5.504265000000001e-12,1.3859748000000001e-11,0.0,0.0,0.0,0.0,0.0,0.0,5.31203913e-10,9.126730000000001e-13,5.504265000000001e-12,0.0,0.0,0.0,0.0,0.0,0.0,0.0,0.0,9.126730000000001e-13,0.0,0.0,0.0
279,425,0.0,0.0,0.0,0.0,0.0,0.0,0.0,0.0,0.0,0.0,0.0,0.0,0.0,0.0,0.0,0.0,1.0,0.0,0.0,0.0,0.0,0.0,0.0,0.0,0.0,0.0,0.0,0.0,0.0,0.0,0.0,0.0,0.0,0.0,0.0,0.0,0.0,0.0,0.0,0.0,0.0,0.0,0.0,0.0,0.0,0.0,0.0,0.0,0.0,0.0,0.0,0.0,0.0,0.0,0.0,0.0,0.0,0.0,0.0,0.0,0.0,0.0,0.0,0.0,0.0,0.0,0.0,0.0,0.0,0.0,0.0,0.0,0.0,0.0,0.0,0.0,0.0,0.0,0.0,0.0,0.0,0.0,0.0,0.0,0.0,0.0,0.0,0.0,0.0,0.0,0.0,0.0,0.0,0.0,0.0,0.0,0.0,0.0,0.0,0.0
280,426,0.0,0.0,0.0,0.0,0.0,0.0,0.97,0.0,0.0,0.0,0.0,0.0,0.0,0.0,0.0,0.01,0.0,0.01,0.0,0.0,0.0,0.0,0.0,0.0,0.0,0.0,0.01,0.0,0.0,0.0,0.0,0.0,0.0,0.0,0.0,0.0,0.0,0.0,0.0,0.0,0.0,0.0,0.0,0.0,0.0,0.0,0.0,0.0,0.0,0.0,0.0,0.0,0.0,0.0,0.0,0.0,0.0,0.0,0.0,0.0,0.0,0.0,0.0,0.0,0.0,0.0,0.0,0.0,0.0,0.0,0.0,0.0,0.0,0.0,0.0,0.0,0.0,0.0,0.0,0.0,0.0,0.0,0.0,0.0,0.0,0.0,0.0,0.0,0.0,0.0,0.0,0.0,0.0,0.0,0.0,0.0,0.0,0.0,0.0,0.0
281,427,0.0,0.0,0.0,0.0,0.0,0.941,0.0097,0.0098,0.0,0.0,0.0,0.0,0.0,0.0,0.0097,0.0,0.0196,0.0,0.0001,0.0,0.0,0.0,0.0,0.0,0.0,0.0098,0.0,0.0002,0.0,0.0,0.0,0.0,0.0,0.0,0.0,0.0,0.0001,0.0,0.0,0.0,0.0,0.0,0.0,0.0,0.0,0.0,0.0,0.0,0.0,0.0,0.0,0.0,0.0,0.0,0.0,0.0,0.0,0.0,0.0,0.0,0.0,0.0,0.0,0.0,0.0,0.0,0.0,0.0,0.0,0.0,0.0,0.0,0.0,0.0,0.0,0.0,0.0,0.0,0.0,0.0,0.0,0.0,0.0,0.0,0.0,0.0,0.0,0.0,0.0,0.0,0.0,0.0,0.0,0.0,0.0,0.0,0.0,0.0,0.0,0.0
282,429,0.0,0.0,0.0,0.88557508,0.0273831,0.02823576,0.0005704,0.000294,2.94e-06,1e-06,0.0,0.0,0.00912673,0.0,0.03707728,0.00028228000000000004,0.00086436,2.92e-06,5.919999999999999e-06,1.0000000000000002e-08,0.0,0.0,0.0,0.009408999999999999,0.0,0.0008584799999999999,9.7e-07,1.1760000000000001e-05,0.0,4.000000000000001e-08,0.0,0.0,0.0,0.0,0.00028518,0.0,9.76e-06,0.0,6.000000000000001e-08,0.0,0.0,0.0,0.0,0.0,0.0,2.92e-06,0.0,4.000000000000001e-08,0.0,0.0,0.0,0.0,0.0,0.0,0.0,0.0,1.0000000000000002e-08,0.0,0.0,0.0,0.0,0.0,0.0,0.0,0.0,0.0,0.0,0.0,0.0,0.0,0.0,0.0,0.0,0.0,0.0,0.0,0.0,0.0,0.0,0.0,0.0,0.0,0.0,0.0,0.0,0.0,0.0,0.0,0.0,0.0,0.0,0.0,0.0,0.0,0.0,0.0,0.0,0.0,0.0,0.0
283,432,0.80849808519655,0.04999159968788999,0.053110148568510006,0.0026433348216500004,0.00142338181695,5.533353375e-05,1.994462665e-05,5.8299142e-07,1.4517588e-07,2.8915999999999994e-09,0.008329720049289998,0.059365079960169986,0.00128828357315,0.00321260830137,5.3854792850000005e-05,6.991333705e-05,8.475999399999999e-07,7.625604099999999e-07,6.8343e-09,3.3062e-09,0.008844960464709999,0.0,0.0023722470417899995,1.7707267550000003e-05,9.571922655e-05,5.518728300000001e-07,1.6027754499999998e-06,6.362499999999999e-09,1.2430709999999999e-08,6.326e-11,0.0,0.0005285198075699999,0.0,5.864488564999998e-05,1.3690677e-07,1.67685855e-06,2.83441e-09,2.0138549999999998e-08,3.4980000000000005e-11,8.788999999999998e-11,0.0,0.0,1.3461926749999999e-05,0.0,8.783592499999999e-07,5.645500000000001e-10,1.7146170000000005e-08,5.83e-12,1.3205e-10,3.500000000000001e-13,0.0,0.0,0.0,1.8394594999999998e-07,0.0,7.67955e-09,9.700000000000001e-13,9.363e-11,0.0,3.500000000000001e-13,0.0,0.0,0.0,0.0,1.41717e-09,0.0,3.6010000000000007e-11,0.0,2.1000000000000006e-13,0.0,0.0,0.0,0.0,0.0,0.0,5.83e-12,0.0,7.000000000000003e-14,0.0,0.0,0.0,0.0,0.0,0.0,0.0,0.0,1.0000000000000002e-14,0.0,0.0,0.0,0.0,0.0,0.0,0.0,0.0,0.0,0.0,0.0,0.0,0.0
284,434,0.008282245391821317,0.000761211894354237,0.0006355022100021601,4.2936206845848e-05,2.075802288972e-05,1.1243794070730002e-06,3.67362487848e-07,1.562929638e-08,3.7187870519999995e-09,1.33711272e-10,0.02466822815457703,0.018367124345551152,0.0015623784275710867,0.0011530009170267362,6.734910229509702e-05,3.0248538861828005e-05,1.3003545188490002e-06,4.1766008930399986e-07,1.2994668167999999e-08,3.044806206e-09,0.7622028316353912,0.04722457168338425,0.051232854829504466,0.002513498363003502,0.0014050665053604717,5.313716440066501e-05,2.0178340304291998e-05,5.652931244039999e-07,1.51861782006e-07,2.920575965999999e-09,0.00800907867937309,0.05608458510525233,0.0012124895486579819,0.0030718270422419765,5.102888568498e-05,6.770841846818398e-05,8.084059117319999e-07,7.493939645039998e-07,6.556031688e-09,3.3569531099999997e-09,0.008332477931705171,0.0,0.002243702215058094,1.6663424085588003e-05,9.125106431378398e-05,5.219791905960001e-07,1.5413986369439997e-06,6.042313368e-09,1.2092769623999997e-08,6.192573000000002e-11,0.0,0.0004975454667161579,0.0,5.546078084849398e-05,1.2882653225999998e-07,1.5952982291999998e-06,2.6779807530000006e-09,1.9286169551999992e-08,3.3032706000000006e-11,8.528052599999998e-11,0.0,0.0,1.2669895572222e-05,0.0,8.301935343239999e-07,5.31203913e-10,1.6284479760000003e-08,5.5042649999999995e-12,1.2607678800000003e-10,3.361260000000001e-13,0.0,0.0,0.0,1.7310223803599996e-07,0.0,7.253994564e-09,9.126730000000001e-13,8.880109200000002e-11,0.0,3.3339600000000014e-13,0.0,0.0,0.0,0.0,1.3335283559999998e-09,0.0,3.3996464999999994e-11,0.0,1.9894800000000006e-13,0.0,0.0,0.0,0.0,0.0,0.0,5.485641e-12,9.409e-15,6.605700000000003e-14,0.0,0.0
285,436,0.0,0.0,0.0,0.0,0.0,0.0,0.0,0.0,0.0,0.0,0.0,0.0,0.0,0.0,0.0,0.0,0.0,0.0,0.0,0.0,0.0,0.0,0.0,0.0,0.0,0.0,1.0,0.0,0.0,0.0,0.0,0.0,0.0,0.0,0.0,0.0,0.0,0.0,0.0,0.0,0.0,0.0,0.0,0.0,0.0,0.0,0.0,0.0,0.0,0.0,0.0,0.0,0.0,0.0,0.0,0.0,0.0,0.0,0.0,0.0,0.0,0.0,0.0,0.0,0.0,0.0,0.0,0.0,0.0,0.0,0.0,0.0,0.0,0.0,0.0,0.0,0.0,0.0,0.0,0.0,0.0,0.0,0.0,0.0,0.0,0.0,0.0,0.0,0.0,0.0,0.0,0.0,0.0,0.0,0.0,0.0,0.0,0.0,0.0,0.0
286,437,0.0,0.0,0.0,0.0,0.0,0.0,0.0,0.0,0.0,0.0,0.0,0.0,0.0,0.0,0.0,0.0,0.97,0.0,0.0,0.0,0.0,0.0,0.0,0.0,0.0,0.01,0.0,0.01,0.0,0.0,0.0,0.0,0.0,0.0,0.0,0.0,0.01,0.0,0.0,0.0,0.0,0.0,0.0,0.0,0.0,0.0,0.0,0.0,0.0,0.0,0.0,0.0,0.0,0.0,0.0,0.0,0.0,0.0,0.0,0.0,0.0,0.0,0.0,0.0,0.0,0.0,0.0,0.0,0.0,0.0,0.0,0.0,0.0,0.0,0.0,0.0,0.0,0.0,0.0,0.0,0.0,0.0,0.0,0.0,0.0,0.0,0.0,0.0,0.0,0.0,0.0,0.0,0.0,0.0,0.0,0.0,0.0,0.0,0.0,0.0
287,438,0.0,0.0,0.0,0.0,0.0,0.0,0.9409,0.0,0.0,0.0,0.0,0.0,0.0,0.0,0.0,0.0194,0.0,0.0194,0.0,0.0,0.0,0.0,0.0,0.0,0.0001,0.0,0.0196,0.0,0.0001,0.0,0.0,0.0,0.0,0.0,0.0,0.0002,0.0,0.0002,0.0,0.0,0.0,0.0,0.0,0.0,0.0,0.0,0.0001,0.0,0.0,0.0,0.0,0.0,0.0,0.0,0.0,0.0,0.0,0.0,0.0,0.0,0.0,0.0,0.0,0.0,0.0,0.0,0.0,0.0,0.0,0.0,0.0,0.0,0.0,0.0,0.0,0.0,0.0,0.0,0.0,0.0,0.0,0.0,0.0,0.0,0.0,0.0,0.0,0.0,0.0,0.0,0.0,0.0,0.0,0.0,0.0,0.0,0.0,0.0,0.0,0.0
288,439,0.0,0.0,0.0,0.0,0.0,0.912867,0.009408999999999999,0.009602999999999999,0.0,0.0,0.0,0.0,0.0,0.0,0.018819000000000002,0.0,0.028617000000000004,0.0,0.000195,0.0,0.0,0.0,0.0,9.7e-05,0.0,0.019208999999999997,0.0,0.000489,0.0,1.0000000000000002e-06,0.0,0.0,0.0,0.0,0.000195,0.0,0.000393,0.0,3.0000000000000005e-06,0.0,0.0,0.0,0.0,0.0,0.0,9.9e-05,0.0,3.0000000000000005e-06,0.0,0.0,0.0,0.0,0.0,0.0,0.0,0.0,1.0000000000000002e-06,0.0,0.0,0.0,0.0,0.0,0.0,0.0,0.0,0.0,0.0,0.0,0.0,0.0,0.0,0.0,0.0,0.0,0.0,0.0,0.0,0.0,0.0,0.0,0.0,0.0,0.0,0.0,0.0,0.0,0.0,0.0,0.0,0.0,0.0,0.0,0.0,0.0,0.0,0.0,0.0,0.0,0.0,0.0
289,440,0.0,0.0,0.0,0.0,0.88566918,0.018255399999999998,0.01882384,0.00019011999999999998,9.797999999999998e-05,0.0,0.0,0.0,0.0,0.0182554,0.0,0.037267440000000006,9.408999999999999e-05,0.00057624,0.0,1.96e-06,0.0,0.0,9.409e-05,0.0,0.018823839999999998,0.0,0.0009565199999999999,0.0,7.84e-06,1.0000000000000002e-08,0.0,0.0,0.0,0.00019012,0.0,0.00057624,0.0,1.1760000000000001e-05,0.0,4.000000000000001e-08,0.0,0.0,0.0,0.0,9.797999999999998e-05,0.0,7.840000000000001e-06,0.0,6.000000000000001e-08,0.0,0.0,0.0,0.0,0.0,0.0,1.96e-06,0.0,4.000000000000001e-08,0.0,0.0,0.0,0.0,0.0,0.0,0.0,0.0,1.0000000000000002e-08,0.0,0.0,0.0,0.0,0.0,0.0,0.0,0.0,0.0,0.0,0.0,0.0,0.0,0.0,0.0,0.0,0.0,0.0,0.0,0.0,0.0,0.0,0.0,0.0,0.0,0.0,0.0,0.0,0.0,0.0,0.0,0.0,0.0
290,441,0.0,0.0,0.0,0.8592816585999999,0.026564429799999997,0.027671045000000005,0.0005561497,0.0002909426,2.881e-06,9.994e-07,0.0,0.0,0.0177086789,0.0,0.04537690100000001,0.00027382129999999993,0.0011294308000000001,2.8421e-06,8.7218e-06,1.97e-08,0.0,9.12673e-05,0.0,0.0184445209,0.0,0.0014944996,9.408999999999999e-07,2.305e-05,9.700000000000001e-09,9.85e-08,0.0,0.0,0.0001853573,0.0,0.0007500721999999999,0.0,2.68132e-05,0.0,2.354e-07,5.000000000000001e-10,0.0,0.0,0.0,9.694179999999997e-05,0.0,1.43666e-05,0.0,2.546e-07,0.0,1.0000000000000003e-09,0.0,0.0,0.0,0.0,2.881e-06,0.0,1.3690000000000001e-07,0.0,1.0000000000000003e-09,0.0,0.0,0.0,0.0,0.0,0.0,2.93e-08,0.0,5.000000000000001e-10,0.0,0.0,0.0,0.0,0.0,0.0,0.0,0.0,1.0000000000000002e-10,0.0,0.0,0.0,0.0,0.0,0.0,0.0,0.0,0.0,0.0,0.0,0.0,0.0,0.0,0.0,0.0,0.0,0.0,0.0,0.0,0.0,0.0,0.0
291,447,0.0,0.0,0.0,0.0,0.0,0.0,0.0,0.0,0.0,0.0,0.0,0.0,0.0,0.0,0.0,0.0,0.0,0.0,0.0,0.0,0.0,0.0,0.0,0.0,0.0,0.0,0.0,0.0,0.0,0.0,0.0,0.0,0.0,0.0,0.0,0.0,1.0,0.0,0.0,0.0,0.0,0.0,0.0,0.0,0.0,0.0,0.0,0.0,0.0,0.0,0.0,0.0,0.0,0.0,0.0,0.0,0.0,0.0,0.0,0.0,0.0,0.0,0.0,0.0,0.0,0.0,0.0,0.0,0.0,0.0,0.0,0.0,0.0,0.0,0.0,0.0,0.0,0.0,0.0,0.0,0.0,0.0,0.0,0.0,0.0,0.0,0.0,0.0,0.0,0.0,0.0,0.0,0.0,0.0,0.0,0.0,0.0,0.0,0.0,0.0
292,448,0.0,0.0,0.0,0.0,0.0,0.0,0.0,0.0,0.0,0.0,0.0,0.0,0.0,0.0,0.0,0.0,0.0,0.0,0.0,0.0,0.0,0.0,0.0,0.0,0.0,0.0,0.97,0.0,0.0,0.0,0.0,0.0,0.0,0.0,0.0,0.01,0.0,0.01,0.0,0.0,0.0,0.0,0.0,0.0,0.0,0.0,0.01,0.0,0.0,0.0,0.0,0.0,0.0,0.0,0.0,0.0,0.0,0.0,0.0,0.0,0.0,0.0,0.0,0.0,0.0,0.0,0.0,0.0,0.0,0.0,0.0,0.0,0.0,0.0,0.0,0.0,0.0,0.0,0.0,0.0,0.0,0.0,0.0,0.0,0.0,0.0,0.0,0.0,0.0,0.0,0.0,0.0,0.0,0.0,0.0,0.0,0.0,0.0,0.0,0.0
293,449,0.0,0.0,0.0,0.0,0.0,0.0,0.0,0.0,0.0,0.0,0.0,0.0,0.0,0.0,0.0,0.0,0.9409,0.0,0.0,0.0,0.0,0.0,0.0,0.0,0.0,0.0194,0.0,0.0194,0.0,0.0,0.0,0.0,0.0,0.0,0.0001,0.0,0.0196,0.0,0.0001,0.0,0.0,0.0,0.0,0.0,0.0,0.0002,0.0,0.0002,0.0,0.0,0.0,0.0,0.0,0.0,0.0,0.0,0.0001,0.0,0.0,0.0,0.0,0.0,0.0,0.0,0.0,0.0,0.0,0.0,0.0,0.0,0.0,0.0,0.0,0.0,0.0,0.0,0.0,0.0,0.0,0.0,0.0,0.0,0.0,0.0,0.0,0.0,0.0,0.0,0.0,0.0,0.0,0.0,0.0,0.0,0.0,0.0,0.0,0.0,0.0,0.0
294,450,0.0,0.0,0.0,0.0,0.0,0.0,0.912673,0.0,0.0,0.0,0.0,0.0,0.0,0.0,0.0,0.028227000000000002,0.0,0.028227000000000002,0.0,0.0,0.0,0.0,0.0,0.0,0.000291,0.0,0.028808999999999994,0.0,0.000291,0.0,0.0,0.0,0.0,1.0000000000000002e-06,0.0,0.000585,0.0,0.000585,0.0,1.0000000000000002e-06,0.0,0.0,0.0,0.0,3.0000000000000005e-06,0.0,0.00029699999999999996,0.0,3.0000000000000005e-06,0.0,0.0,0.0,0.0,0.0,0.0,3.0000000000000005e-06,0.0,3.0000000000000005e-06,0.0,0.0,0.0,0.0,0.0,0.0,0.0,0.0,1.0000000000000002e-06,0.0,0.0,0.0,0.0,0.0,0.0,0.0,0.0,0.0,0.0,0.0,0.0,0.0,0.0,0.0,0.0,0.0,0.0,0.0,0.0,0.0,0.0,0.0,0.0,0.0,0.0,0.0,0.0,0.0,0.0,0.0,0.0,0.0
295,451,0.0,0.0,0.0,0.0,0.0,0.88557508,0.00912673,0.009408999999999999,0.0,0.0,0.0,0.0,0.0,0.0,0.0273831,0.0,0.037077280000000004,0.0,0.00028518000000000006,0.0,0.0,0.0,0.0,0.00028228,0.0,0.028235759999999995,0.0,0.00085848,0.0,2.9200000000000004e-06,0.0,0.0,9.7e-07,0.0,0.0005704000000000001,0.0,0.00086436,0.0,9.76e-06,1.0000000000000002e-08,0.0,0.0,0.0,2.9200000000000004e-06,0.0,0.00029399999999999994,0.0,1.1760000000000001e-05,0.0,4.000000000000001e-08,0.0,0.0,0.0,0.0,2.9400000000000007e-06,0.0,5.92e-06,0.0,6.000000000000001e-08,0.0,0.0,0.0,0.0,0.0,0.0,1e-06,0.0,4.000000000000001e-08,0.0,0.0,0.0,0.0,0.0,0.0,0.0,0.0,1.0000000000000002e-08,0.0,0.0,0.0,0.0,0.0,0.0,0.0,0.0,0.0,0.0,0.0,0.0,0.0,0.0,0.0,0.0,0.0,0.0,0.0,0.0,0.0,0.0,0.0
296,452,0.0,0.0,0.0,0.0,0.8592816585999999,0.017708678899999997,0.0184445209,0.00018535729999999997,9.69418e-05,0.0,0.0,0.0,0.0,0.0265644298,0.0,0.045376901000000004,9.12673e-05,0.0007500722000000001,0.0,2.881000000000001e-06,0.0,0.0,0.0002738213,0.0,0.02767104499999999,0.0,0.0014944996,0.0,1.43666e-05,2.9300000000000004e-08,0.0,9.409e-07,0.0,0.0005561497,0.0,0.0011294308000000001,0.0,2.68132e-05,9.700000000000001e-09,1.273e-07,0.0,0.0,2.8421000000000003e-06,0.0,0.00029094259999999997,0.0,2.3049999999999998e-05,0.0,2.546e-07,5.000000000000001e-10,0.0,0.0,0.0,2.8810000000000005e-06,0.0,8.7218e-06,0.0,2.354e-07,0.0,1.0000000000000003e-09,0.0,0.0,0.0,0.0,9.994000000000001e-07,0.0,1.081e-07,0.0,1.0000000000000003e-09,0.0,0.0,0.0,0.0,0.0,0.0,1.97e-08,0.0,5.000000000000001e-10,0.0,0.0,0.0,0.0,0.0,0.0,0.0,0.0,1.0000000000000002e-10,0.0,0.0,0.0,0.0,0.0,0.0,0.0,0.0,0.0,0.0,0.0,0.0,0.0
297,453,0.0,0.0,0.0,0.8337688531399999,0.025770235118999993,0.027114857658000004,0.000542241252,0.00028783305,2.822991e-06,9.982280000000002e-07,0.0,0.0,0.025770235119000003,0.0,0.053150765304,0.00026561607,0.0013807292490000001,2.766246e-06,1.1408376000000002e-05,2.910300000000001e-08,0.0,0.00026561607000000003,0.0,0.02711485765799999,0.0,0.0021914383799999998,9.126730000000001e-07,3.6649452000000004e-05,2.8518000000000004e-08,1.74042e-07,9.12673e-07,0.0,0.000542241252,0.0,0.001380729249,0.0,5.2478608e-05,9.409e-09,5.37825e-07,1.6680000000000002e-09,0.0,2.7662460000000003e-06,0.0,0.00028783304999999994,0.0,3.664945199999999e-05,0.0,7.479479999999999e-07,5.820000000000001e-10,3.834e-09,0.0,0.0,2.8229910000000003e-06,0.0,1.1408376e-05,0.0,5.47137e-07,0.0,5.88e-09,1.5000000000000003e-11,0.0,0.0,0.0,9.98228e-07,0.0,2.0226600000000002e-07,0.0,4.41e-09,0.0,2.0000000000000005e-11,0.0,0.0,0.0,0.0,2.9103e-08,0.0,1.7640000000000001e-09,0.0,1.5000000000000003e-11,0.0,0.0,0.0,0.0,0.0,0.0,2.94e-10,0.0,6.000000000000002e-12,0.0,0.0,0.0,0.0,0.0,0.0,0.0,0.0,1.0000000000000002e-12,0.0,0.0,0.0
298,454,0.0,0.0,0.80901348989699,0.03333481659682999,0.03542831046389,0.0010574811029099998,0.00056957634009,1.106670675e-05,3.98892533e-06,4.84855e-08,0.0,0.02499978422613,0.0,0.06042278180405,0.0005153499390899999,0.00216387798495,1.077095857e-05,2.8118242230000002e-05,8.440746000000001e-08,1.2609749000000002e-07,0.00025765671463,0.0,0.02656719285266999,0.0,0.0029421587507099996,3.54145351e-06,7.179643081000001e-05,6.454574000000001e-08,6.547772700000001e-07,2.33331e-09,8.8529281e-07,0.0005286669643300001,0.0,0.0016187566911299996,0.0,8.699242056999998e-05,1.825346e-08,1.42045033e-06,2.00305e-09,7.173690000000001e-09,2.69238535e-06,0.0,0.00028467636339,0.0,5.234967518999999e-05,0.0,1.6222615299999997e-06,6.5863e-10,1.663551e-08,6.099e-11,0.0,2.7659637300000002e-06,0.0,1.398266741e-05,0.0,1.0133238299999997e-06,0.0,1.869855e-08,2.0370000000000003e-11,9.749e-11,0.0,0.0,9.9651107e-07,0.0,3.2055509e-07,0.0,1.1789370000000001e-08,0.0,1.2245e-10,3.500000000000001e-13,0.0,0.0,0.0,3.821219e-08,0.0,4.02771e-09,0.0,7.635e-11,0.0,3.500000000000001e-13,0.0,0.0,0.0,0.0,5.7621e-10,0.0,2.6410000000000002e-11,0.0,2.1000000000000006e-13,0.0,0.0,0.0,0.0,0.0,0.0,3.910000000000001e-12,1.0000000000000002e-14,7.000000000000003e-14,0.0,0.0
299,455,0.0,0.7849930830423415,0.040424906997894985,0.043393172032951996,0.0017185414398207999,0.0009389857454048,2.71129895632e-05,9.956870460800002e-06,1.984313304e-07,4.21199382e-08,0.024252367266492398,0.0,0.0672159030196864,0.0008332376068855998,0.003086894155588,2.6211554767999995e-05,5.5327202521599995e-05,3.008973468e-07,4.499340136000001e-07,2.6132376000000004e-09,0.0002499358661192,0.02602803814614079,0.0,0.0037399813016671993,8.5887092956e-06,0.000121572829448,2.059160232e-07,1.6484851856000004e-06,3.7728732e-09,7.903817600000002e-09,0.0005162691804256,8.8529281e-09,0.0018439993521999994,0.0,0.00013051529912319997,5.3120391299999996e-08,2.9819479492e-06,2.7775368000000005e-09,2.78771104e-08,1.1571040000000002e-10,2.6204667175999996e-06,0.0002814773256224,0.0,6.99533421536e-05,0.0,2.9771478799999995e-06,8.214057e-10,4.67505488e-08,8.598079999999999e-11,2.396768e-10,2.7099086716e-06,0.0,1.6447575769599997e-05,0.0,1.6494530919999997e-06,0.0,4.461134079999999e-08,2.6345200000000003e-11,4.4913040000000005e-10,1.792e-12,0.0,9.942753752e-07,0.0,4.6111234399999996e-07,0.0,2.4814755199999996e-08,0.0,4.244192e-10,5.432000000000001e-13,2.2064000000000004e-12,0.0,0.0,4.7030934999999995e-08,0.0,7.5003136e-09,0.0,2.324944e-10,0.0,2.3296000000000005e-12,7.0000000000000025e-15,0.0,0.0,0.0,9.410456e-10,0.0,7.169600000000001e-11,0.0,1.232e-12,0.0,5.600000000000002e-15,0.0,0.0,0.0,0.0,9.5548e-12,4.880000000000001e-14,3.7120000000000007e-13,0.0,2.800000000000001e-15,0.0
300,457,0.015939610146730128,0.009333177814583258,0.001018057943326057,0.0005906179430935585,4.010466485290986e-05,1.560953574074736e-05,7.440277199224799e-07,2.1691279959042002e-07,7.235133627179999e-09,1.5764009706000005e-09,0.7400634075727957,0.04589765074586018,0.05030987032824484,0.002450895230697682,0.0013952223754498973,5.2066920988972524e-05,2.0272706267760362e-05,5.576353500899999e-07,1.5389860667004003e-07,2.8946153350199997e-09,0.023083908097536385,0.07166932518565934,0.0011763064917962953,0.004063137557629868,4.967151021788217e-05,9.425106178617718e-05,8.079829867620298e-07,1.10759465491896e-06,7.429662851280001e-09,5.16928962498e-09,0.02499361169290351,7.457880148830759e-06,0.004464594933590437,1.6164896387038336e-05,0.000183809478932216,5.3326456172998e-07,3.3521383164753605e-06,8.54883865131e-09,2.8813348697640006e-08,1.4517867384e-10,0.0004910502555983718,0.0019991175475859995,3.4880536714e-10,0.00017861152059256172,1.3330473601590996e-07,5.330889873470639e-06,5.14881913702e-09,7.267547368632e-08,1.7451443396999998e-10,3.6046839792e-10,0.0002725662332356737,5.205256134957e-08,8.681473210406057e-05,0.0,4.787780234967359e-06,1.28846610775e-09,1.0314604041443999e-07,1.164388873e-10,9.6747022656e-10,4.39705674e-12,2.5850870582757595e-06,1.8258477452966273e-05,0.0,2.4013299569741993e-06,0.0,8.756262941039999e-08,3.276373753e-11,1.3241941156799997e-09,2.78940468e-12,6.83011404e-12,9.623554422472197e-07,0.0,6.0419588096088e-07,0.0,4.402413682793999e-08,0.0,1.0806490425599998e-09,7.667675400000002e-13,1.06613073e-11,4.469850000000001e-14,0.0,5.390970911676e-08,0.0,1.2010721579399998e-08,1.4288400000000002e-15,5.345002792799999e-10,0.0,8.61893776e-12,1.1855340000000002e-14,4.4532180000000006e-14,0.0,0.0,1.34181666066e-09,1.811968248e-11,1.497697464e-10,1.13933904e-12,4.129428399999999e-12,1.822756e-14,4.0031200000000006e-14,0.0
301,458,0.0,0.0,0.0,0.0,0.0,0.0,0.0,0.0,0.0,0.0,0.0,0.0,0.0,0.0,0.0,0.0,0.0,0.0,0.0,0.0,0.0,0.0,0.0,0.0,0.0,0.0,0.0,0.0,0.0,0.0,0.0,0.0,0.0,0.0,0.0,0.0,0.0,0.0,0.0,0.0,0.0,0.0,0.0,0.0,0.0,0.0,0.0,0.0,0.0,0.0,0.0,0.0,0.0,0.0,0.0,0.0,0.0,0.0,0.0,0.0,0.0,0.0,0.0,0.0,0.0,0.0,1.0,0.0,0.0,0.0,0.0,0.0,0.0,0.0,0.0,0.0,0.0,0.0,0.0,0.0,0.0,0.0,0.0,0.0,0.0,0.0,0.0,0.0,0.0,0.0,0.0,0.0,0.0,0.0,0.0,0.0,0.0,0.0,0.0,0.0
302,465,0.0,0.0,0.0,0.0,0.0,0.0,0.0,0.0,0.0,0.0,0.0,0.0,0.0,0.0,0.0,0.0,0.0,0.0,0.0,0.0,0.0,0.0,0.0,0.0,0.0,0.0,0.0,0.0,0.0,0.0,0.0,0.0,0.0,0.0,0.0,0.0,0.0,0.0,0.0,0.0,0.0,0.0,0.0,0.0,0.0,0.0,0.0,0.0,0.0,0.0,0.0,0.0,0.0,0.0,0.0,0.0,0.0,0.0,0.0,0.0,0.0,0.0,0.0,0.0,0.0,0.0,0.0,0.0,0.0,0.0,0.0,0.0,0.0,0.0,0.0,0.0,1.0,0.0,0.0,0.0,0.0,0.0,0.0,0.0,0.0,0.0,0.0,0.0,0.0,0.0,0.0,0.0,0.0,0.0,0.0,0.0,0.0,0.0,0.0,0.0
303,466,0.0,0.0,0.0,0.0,0.0,0.0,0.0,0.0,0.0,0.0,0.0,0.0,0.0,0.0,0.0,0.0,0.0,0.0,0.0,0.0,0.0,0.0,0.0,0.0,0.0,0.0,0.0,0.0,0.0,0.0,0.0,0.0,0.0,0.0,0.0,0.0,0.0,0.0,0.0,0.0,0.0,0.0,0.0,0.0,0.0,0.0,0.0,0.0,0.0,0.0,0.0,0.0,0.0,0.0,0.0,0.0,0.0,0.0,0.0,0.0,0.0,0.0,0.0,0.0,0.0,0.0,0.01,0.0,0.0,0.0,0.0,0.0,0.0,0.0,0.0,0.01,0.0,0.97,0.0,0.0,0.0,0.0,0.0,0.0,0.0,0.0,0.01,0.0,0.0,0.0,0.0,0.0,0.0,0.0,0.0,0.0,0.0,0.0,0.0,0.0
304,467,0.0,0.0,0.0,0.0,0.0,0.0,0.0,0.0,0.0,0.0,0.0,0.0,0.0,0.0,0.0,0.0,0.0,0.0,0.0,0.0,0.0,0.0,0.0,0.0,0.0,0.0,0.0,0.0,0.0,0.0,0.0,0.0,0.0,0.0,0.0,0.0,0.0,0.0,0.0,0.0,0.0,0.0,0.0,0.0,0.0,0.0,0.0,0.0,0.0,0.0,0.0,0.0,0.0,0.0,0.0,0.0,0.0001,0.0,0.0,0.0,0.0,0.0,0.0,0.0,0.0,0.0002,0.0,0.0194,0.0,0.0,0.0,0.0,0.0,0.0,0.0001,0.0,0.0196,0.0,0.9409,0.0,0.0,0.0,0.0,0.0,0.0,0.0002,0.0,0.0194,0.0,0.0,0.0,0.0,0.0,0.0,0.0,0.0,0.0001,0.0,0.0,0.0
305,468,0.0,0.0,0.0,0.0,0.0,0.0,0.0,0.0,0.0,0.0,0.0,0.0,0.0,0.0,0.0,0.0,0.0,0.0,0.0,0.0,0.0,0.0,0.0,0.0,0.0,0.0,0.0,0.0,0.0,0.0,0.0,0.0,0.0,0.0,0.0,0.0,0.0,0.0,0.0,0.0,0.0,0.0,0.0,0.0,0.0,0.0,1.0000000000000002e-06,0.0,0.0,0.0,0.0,0.0,0.0,0.0,0.0,3.0000000000000005e-06,0.0,0.000291,0.0,0.0,0.0,0.0,0.0,0.0,3.0000000000000005e-06,0.0,0.000585,0.0,0.028227000000000002,0.0,0.0,0.0,0.0,1.0000000000000002e-06,0.0,0.00029699999999999996,0.0,0.028808999999999994,0.0,0.912673,0.0,0.0,0.0,0.0,3.0000000000000005e-06,0.0,0.000585,0.0,0.028227000000000002,0.0,0.0,0.0,0.0,0.0,0.0,3.0000000000000005e-06,1.0000000000000002e-06,0.000291,0.0,0.0
306,469,0.0,0.0,0.0,0.0,0.0,0.0,0.0,0.0,0.0,0.0,0.0,0.0,0.0,0.0,0.0,0.0,0.0,0.0,0.0,0.0,0.0,0.0,0.0,0.0,0.0,0.0,0.0,0.0,0.0,0.0,0.0,0.0,0.0,0.0,0.0,0.0,1.0000000000000002e-08,0.0,0.0,0.0,0.0,0.0,0.0,0.0,0.0,4.000000000000001e-08,0.0,2.9200000000000004e-06,0.0,0.0,0.0,0.0,0.0,0.0,6.000000000000001e-08,0.0,9.760000000000001e-06,0.0,0.00028518000000000006,0.0,0.0,0.0,0.0,4.000000000000001e-08,0.0,1.1760000000000001e-05,0.0,0.00085848,0.0,0.009408999999999999,0.0,0.0,1.0000000000000002e-08,0.0,5.919999999999999e-06,0.0,0.00086436,0.0,0.037077280000000004,0.00912673,0.0,0.0,0.0,1e-06,0.0,0.00029399999999999994,1.0000000000000002e-08,0.028235759999999995,0.0,0.88557508,0.0,0.0,0.0,0.0,2.9400000000000007e-06,2.9200000000000004e-06,0.00057136,0.00028228,0.0273831,0.0
307,471,0.0,0.0,0.0,0.0,0.0,0.0,0.0,1.0,0.0,0.0,0.0,0.0,0.0,0.0,0.0,0.0,0.0,0.0,0.0,0.0,0.0,0.0,0.0,0.0,0.0,0.0,0.0,0.0,0.0,0.0,0.0,0.0,0.0,0.0,0.0,0.0,0.0,0.0,0.0,0.0,0.0,0.0,0.0,0.0,0.0,0.0,0.0,0.0,0.0,0.0,0.0,0.0,0.0,0.0,0.0,0.0,0.0,0.0,0.0,0.0,0.0,0.0,0.0,0.0,0.0,0.0,0.0,0.0,0.0,0.0,0.0,0.0,0.0,0.0,0.0,0.0,0.0,0.0,0.0,0.0,0.0,0.0,0.0,0.0,0.0,0.0,0.0,0.0,0.0,0.0,0.0,0.0,0.0,0.0,0.0,0.0,0.0,0.0,0.0,0.0
308,474,0.0,0.0,0.0,0.0,0.912673,0.028227000000000002,0.028808999999999994,0.000585,0.00029699999999999996,4.000000000000001e-06,0.0,0.0,0.0,0.0,0.0,0.028227000000000002,0.000291,0.000585,3.0000000000000005e-06,3.0000000000000005e-06,0.0,0.0,0.0,0.0,0.0,0.0,0.000291,1.0000000000000002e-06,3.0000000000000005e-06,0.0,0.0,0.0,0.0,0.0,0.0,0.0,0.0,1.0000000000000002e-06,0.0,0.0,0.0,0.0,0.0,0.0,0.0,0.0,0.0,0.0,0.0,0.0,0.0,0.0,0.0,0.0,0.0,0.0,0.0,0.0,0.0,0.0,0.0,0.0,0.0,0.0,0.0,0.0,0.0,0.0,0.0,0.0,0.0,0.0,0.0,0.0,0.0,0.0,0.0,0.0,0.0,0.0,0.0,0.0,0.0,0.0,0.0,0.0,0.0,0.0,0.0,0.0,0.0,0.0,0.0,0.0,0.0,0.0,0.0,0.0,0.0,0.0
309,482,0.0,0.0,0.0,0.0,0.0,0.0,0.0,0.0,0.0,0.0,0.0,0.0,0.0,0.0,0.0,0.0,0.0,1.0,0.0,0.0,0.0,0.0,0.0,0.0,0.0,0.0,0.0,0.0,0.0,0.0,0.0,0.0,0.0,0.0,0.0,0.0,0.0,0.0,0.0,0.0,0.0,0.0,0.0,0.0,0.0,0.0,0.0,0.0,0.0,0.0,0.0,0.0,0.0,0.0,0.0,0.0,0.0,0.0,0.0,0.0,0.0,0.0,0.0,0.0,0.0,0.0,0.0,0.0,0.0,0.0,0.0,0.0,0.0,0.0,0.0,0.0,0.0,0.0,0.0,0.0,0.0,0.0,0.0,0.0,0.0,0.0,0.0,0.0,0.0,0.0,0.0,0.0,0.0,0.0,0.0,0.0,0.0,0.0,0.0,0.0
310,483,0.0,0.0,0.0,0.0,0.0,0.0,0.0,0.97,0.0,0.0,0.0,0.0,0.0,0.0,0.0,0.0,0.01,0.0,0.01,0.0,0.0,0.0,0.0,0.0,0.0,0.0,0.0,0.01,0.0,0.0,0.0,0.0,0.0,0.0,0.0,0.0,0.0,0.0,0.0,0.0,0.0,0.0,0.0,0.0,0.0,0.0,0.0,0.0,0.0,0.0,0.0,0.0,0.0,0.0,0.0,0.0,0.0,0.0,0.0,0.0,0.0,0.0,0.0,0.0,0.0,0.0,0.0,0.0,0.0,0.0,0.0,0.0,0.0,0.0,0.0,0.0,0.0,0.0,0.0,0.0,0.0,0.0,0.0,0.0,0.0,0.0,0.0,0.0,0.0,0.0,0.0,0.0,0.0,0.0,0.0,0.0,0.0,0.0,0.0,0.0
311,488,0.0,0.0,0.833414651334,0.04294582801499999,0.04517759577,0.0018074708400000002,0.0009594435,2.9194503000000005e-05,9.085371e-06,1.8769800000000002e-07,0.0,0.008587340256999998,0.0,0.05242758781199999,0.0008853869,0.002287095585,2.8577563000000004e-05,3.7124656e-05,3.7347e-07,1.98773e-07,0.0,0.0,0.009029986661999998,0.0,0.0018073748099999996,9.127215e-06,5.608638e-05,2.4561e-07,6.18348e-07,3.849e-09,0.0,0.0,0.0,0.00045177313499999993,0.0,3.707339999999999e-05,4.7046e-08,7.63905e-07,1.9410000000000002e-09,4.4399999999999996e-09,0.0,0.0,0.0,0.0,9.22082e-06,0.0,4.2729e-07,9.700000000000001e-11,5.37e-09,2.0000000000000005e-11,0.0,0.0,0.0,0.0,0.0,9.4575e-08,0.0,2.5320000000000004e-09,0.0,1.5000000000000003e-11,0.0,0.0,0.0,0.0,0.0,0.0,4.86e-10,0.0,6.000000000000002e-12,0.0,0.0,0.0,0.0,0.0,0.0,0.0,0.0,1.0000000000000002e-12,0.0,0.0,0.0,0.0,0.0,0.0,0.0,0.0,0.0,0.0,0.0,0.0,0.0,0.0,0.0,0.0,0.0,0.0,0.0,0.0,0.0,0.0
312,491,0.016333095406793226,0.009674395193687364,0.0012262971046725002,0.0007053837294258721,5.7666674609409004e-05,2.2144096243356004e-05,1.331300665404e-06,3.7134087400800005e-07,1.6414189128000004e-08,3.1982323680000006e-09,0.7616224825710874,0.054977821367848685,0.05960547025969743,0.0035184190533151514,0.001956513747069744,9.388539550877699e-05,3.415547738844e-05,1.2957585101760003e-06,3.0355450609800005e-07,7.76960148e-09,0.007924062682889574,0.06398815444093739,0.0016973651198019177,0.004169001420910032,9.0130324394679e-05,0.000112410848037624,1.9831558304520005e-06,1.5239789371859998e-06,2.2197896064e-08,7.810940070000001e-09,0.00840903272390365,0.0,0.0029058661249935233,2.9160217419774003e-05,0.000145711989684408,1.2866757216239997e-06,3.0956744411759997e-06,2.4642670212e-08,2.9795762837999997e-08,2.5676247600000006e-10,0.0,0.0005832638361205318,0.0,8.364930433553396e-05,3.0059524194000003e-07,3.099960814776e-06,1.1852510616000002e-08,4.8904363536e-08,2.4089732999999996e-10,2.6292999600000007e-10,0.0,0.0,1.7796099480893995e-05,0.0,1.5310120477259998e-06,1.859246628e-09,4.1178453456e-08,8.9647887e-11,4.3966171200000007e-10,2.365266e-12,0.0,0.0,0.0,3.03687574974e-07,0.0,1.7577394547999998e-08,6.388905000000001e-12,3.3053467200000006e-10,7.247430000000001e-13,1.8836999999999997e-12,0.0,0.0,0.0,0.0,3.117889236e-09,0.0,1.22380356e-10,9.409e-15,1.460668e-12,5.460000000000001e-15,0.0,0.0,0.0,0.0,0.0,1.9232676e-11,0.0,4.72488e-13,0.0,2.7160000000000007e-15,0.0,0.0,0.0,0.0,0.0,0.0,6.596e-14,0.0,0.0,0.0
313,492,0.008039630685783611,0.0008221160907300178,0.0007121154628748317,5.5077665620229325e-05,2.7417082473483814e-05,1.75027467026946e-06,5.8002215171208e-07,3.0148142387160005e-08,6.94507801602e-09,3.0580255344000005e-10,0.024088346210807687,0.018236324410593967,0.0017914442469419826,0.0013415320718198679,9.296102210331281e-05,4.2510574081013404e-05,2.2630047439359296e-06,7.200307561050001e-07,2.9179023531360007e-08,6.293635873440001e-09,0.739577020592432,0.05342470100484014,0.05852793637177492,0.0034310330383318603,0.0019420895772439724,9.200283520298123e-05,3.430111808094666e-05,1.2771857188380003e-06,3.10063727316e-07,7.839169421699999e-09,0.007770431129641923,0.06218749143455945,0.001646735768382058,0.0040752836524728655,8.773388954667201e-05,0.00011055759884589887,1.93689286456296e-06,1.51000331474592e-06,2.178336248226e-08,7.879766421e-09,0.008162594380547745,0.0,0.0028255372336430874,2.8288416849600184e-05,0.0001422234327658561,1.2512185199671197e-06,3.034704644258399e-06,2.4025220663969995e-08,2.9397959505299996e-08,2.5412152764000004e-10,0.0,0.0005659438820317249,0.0,8.133613319650387e-05,2.9159597714808e-07,3.0228596692900194e-06,1.1516488131720001e-08,4.7856719128319995e-08,2.3459778906e-10,2.5948120290000004e-10,0.0,0.0,1.7265253372216916e-05,0.0,1.4883255148817999e-06,1.80353311821e-09,4.012340294808e-08,8.702968096e-11,4.2981065104000006e-10,2.3204470499999998e-12,0.0,0.0,0.0,2.9460812661713994e-07,0.0,1.7082667734239996e-08,6.197331940000001e-12,3.218617669600001e-10,7.031494000000001e-13,1.84187744e-12,0.0,0.0,0.0,0.0,3.02454488568e-09,0.0,1.1890665656e-10,9.12673e-15,1.4216e-12,5.323360000000001e-15,0.0,0.0,0.0,0.0,0.0,1.865635532e-11,6.398120000000001e-14,4.5897296e-13,0.0,2.6345200000000005e-15
314,493,0.0,0.0,0.0,0.0,0.0,0.0,0.0,0.0,0.0,0.0,0.0,0.0,0.0,0.0,0.0,0.0,0.0,0.0,0.0,0.0,0.0,0.0,0.0,0.0,0.0,0.0,0.0,1.0,0.0,0.0,0.0,0.0,0.0,0.0,0.0,0.0,0.0,0.0,0.0,0.0,0.0,0.0,0.0,0.0,0.0,0.0,0.0,0.0,0.0,0.0,0.0,0.0,0.0,0.0,0.0,0.0,0.0,0.0,0.0,0.0,0.0,0.0,0.0,0.0,0.0,0.0,0.0,0.0,0.0,0.0,0.0,0.0,0.0,0.0,0.0,0.0,0.0,0.0,0.0,0.0,0.0,0.0,0.0,0.0,0.0,0.0,0.0,0.0,0.0,0.0,0.0,0.0,0.0,0.0,0.0,0.0,0.0,0.0,0.0,0.0
315,502,0.761362414971404,0.05489702308337058,0.05949387319417727,0.003518410465974894,0.001949176508406456,9.3936873003996e-05,3.3887323379628e-05,1.29590839962e-06,2.9744602176600003e-07,7.628295599999999e-09,0.015680697992788428,0.07288161620341896,0.001697365119801918,0.004799500345138127,9.102269954715901e-05,0.000130971309430776,2.0416548201480002e-06,1.788963830562e-06,2.3607709056e-08,9.067386725999999e-09,0.017065458133271226,8.329720049289999e-07,0.004206820793739023,2.9993189424702997e-05,0.000207481578993456,1.412096157957e-06,4.446597361092e-06,2.9871354720000005e-08,4.311171520199999e-08,3.4438746e-10,0.00016742737299072896,0.0013580026964762283,0.0,0.000157471518965712,3.77881304253e-07,5.683553572343999e-06,1.869338052e-08,9.0189189924e-08,4.4255941200000007e-10,4.85936844e-10,9.264022669251596e-05,0.0,5.4549037789428e-05,0.0,3.912563138231999e-06,5.046300744e-09,1.02431398872e-07,2.9133242100000004e-10,1.0998603120000002e-09,6.600156000000002e-12,0.0,6.194570850131998e-06,0.0,1.3631155330379998e-06,0.0,6.550533880799999e-08,8.305343700000001e-11,1.206029328e-09,4.3478310000000014e-12,6.9301680000000014e-12,0.0,0.0,1.8656313862199998e-07,0.0,2.217818379e-08,0.0,7.29042384e-10,1.1949430000000003e-12,8.721552000000002e-12,4.6830000000000014e-14,0.0,0.0,0.0,3.1626095339999996e-09,0.0,2.3349656400000003e-10,0.0,5.140752000000001e-12,1.2222000000000003e-14,3.1668000000000006e-14,0.0,0.0,0.0,0.0,3.2339412e-11,0.0,1.5286440000000003e-12,0.0,2.0668000000000002e-14,0.0,0.0,0.0,0.0,0.0,0.0,1.9894800000000003e-13,0.0,4.872000000000001e-15,0.0,0.0
316,504,0.0,0.0,0.0,0.0,0.0,0.0,0.0,0.0,0.0,0.0,0.0,0.0,0.0,0.0,0.0,0.0,0.0,0.0,0.0,0.0,0.0,0.0,0.0,0.0,0.0,0.0,0.0,0.0,0.0,0.0,0.0,0.0,0.0,0.0,0.0,0.0,0.0,0.0,0.0,0.0,0.0,0.0,0.0,0.0,0.0,0.0,0.0,0.0,0.0,0.0,0.0,0.0,0.0,0.0,0.0,0.0,0.0,0.0,0.0,0.0,0.0,0.0,0.0,0.0,0.0,0.0,0.0,0.0,0.0,0.0,0.0,0.0,0.0,0.0,0.0,0.0,0.0,1.0,0.0,0.0,0.0,0.0,0.0,0.0,0.0,0.0,0.0,0.0,0.0,0.0,0.0,0.0,0.0,0.0,0.0,0.0,0.0,0.0,0.0,0.0
317,505,0.0,0.0,0.0,0.0,0.0,0.0,0.0,0.0,0.0,0.0,0.0,0.0,0.0,0.0,0.0,0.0,0.0,0.0,0.0,0.0,0.0,0.0,0.0,0.0,0.0,0.0,0.0,0.0,0.0,0.0,0.0,0.0,0.0,0.0,0.0,0.0,0.0,0.0,0.0,0.0,0.0,0.0,0.0,0.0,0.0,0.0,0.0,0.0,0.0,0.0,0.0,0.0,0.0,0.0,0.0,0.0,0.0,0.0,0.0,0.0,0.0,0.0,0.0,0.0,0.0,0.0,0.0,0.01,0.0,0.0,0.0,0.0,0.0,0.0,0.0,0.0,0.01,0.0,0.97,0.0,0.0,0.0,0.0,0.0,0.0,0.0,0.0,0.01,0.0,0.0,0.0,0.0,0.0,0.0,0.0,0.0,0.0,0.0,0.0,0.0
318,506,0.0,0.0,0.0,0.0,0.0,0.0,0.0,0.0,0.0,0.0,0.0,0.0,0.0,0.0,0.0,0.0,0.0,0.0,0.0,0.0,0.0,0.0,0.0,0.0,0.0,0.0,0.0,0.0,0.0,0.0,0.0,0.0,0.0,0.0,0.0,0.0,0.0,0.0,0.0,0.0,0.0,0.0,0.0,0.0,0.0,0.0,0.0,0.0,0.0,0.0,0.0,0.0,0.0,0.0,0.0,0.0,0.0,0.0001,0.0,0.0,0.0,0.0,0.0,0.0,0.0,0.0,0.0002,0.0,0.0194,0.0,0.0,0.0,0.0,0.0,0.0,0.0001,0.0,0.0196,0.0,0.9409,0.0,0.0,0.0,0.0,0.0,0.0,0.0002,0.0,0.0194,0.0,0.0,0.0,0.0,0.0,0.0,0.0,0.0,0.0001,0.0,0.0
319,507,0.0,0.0,0.0,0.0,0.0,0.0,0.0,0.0,0.0,0.0,0.0,0.0,0.0,0.0,0.0,0.0,0.0,0.0,0.0,0.0,0.0,0.0,0.0,0.0,0.0,0.0,0.0,0.0,0.0,0.0,0.0,0.0,0.0,0.0,0.0,0.0,0.0,0.0,0.0,0.0,0.0,0.0,0.0,0.0,0.0,0.0,0.0,1.0000000000000002e-06,0.0,0.0,0.0,0.0,0.0,0.0,0.0,0.0,3.0000000000000005e-06,0.0,0.000195,0.0,0.0,0.0,0.0,0.0,0.0,3.0000000000000005e-06,0.0,0.000489,0.0,0.009602999999999999,0.0,0.0,0.0,0.0,1.0000000000000002e-06,0.0,0.00039299999999999996,0.0,0.028617,0.009408999999999999,0.0,0.0,0.0,0.0,0.0,9.9e-05,0.0,0.019208999999999997,0.0,0.912867,0.0,0.0,0.0,0.0,0.0,0.0,0.000195,9.7e-05,0.018819000000000002,0.0
320,509,0.0,0.0,0.0,0.0,0.0,0.0,0.0,0.0,0.0,0.0,0.0,0.0,0.0,0.0,0.0,0.0,0.0,0.0,0.0,0.0,0.0,0.0,0.0,0.0,0.0,0.0,0.0,0.0,0.0,0.0,0.0,0.0,0.0,0.0,0.0,0.0,0.0,0.0,0.0,0.0,0.0,0.0,0.0,0.0,0.0,0.0,0.0,0.0,0.0,0.0,0.0,0.0,0.0,0.0,0.0,0.0,0.0,0.0,0.0,0.0,0.0,0.0,0.0,0.0,0.0,0.0,0.0,0.0,0.0,0.0,0.0,0.0,0.0,0.0,0.0,0.0,0.0,0.0,0.0,0.0,0.0,0.0,0.0,0.0,0.0,0.0,0.0,1.0,0.0,0.0,0.0,0.0,0.0,0.0,0.0,0.0,0.0,0.0,0.0,0.0
321,514,0.0,0.0,0.0,0.0,0.0,0.0,0.0,0.0,0.0,0.0,0.0,0.0,0.0,0.0,0.0,0.0,0.0,0.0,0.0,0.0,0.0,0.0,0.0,0.0,0.0,0.0,0.0,0.0,0.0,0.0,0.0,0.0,0.0,0.0,0.0,0.0,0.0,9.700000000000001e-09,0.0,0.0,0.0,0.0,0.0,0.0,0.0,0.0,3.89e-08,0.0,1.9013000000000005e-06,0.0,0.0,0.0,0.0,0.0,0.0,5.8599999999999995e-08,0.0,7.6249000000000005e-06,0.0,9.50602e-05,0.0,0.0,0.0,0.0,3.9399999999999995e-08,0.0,1.14866e-05,1.0000000000000002e-10,0.0005600306000000001,0.0001853962,0.0,0.0,0.0,1.01e-08,0.0,7.723399999999998e-06,5.000000000000001e-10,0.0009337828,9.318819999999999e-05,0.0182677682,0.0,0.0,1.0000000000000002e-10,0.0,1.9801e-06,2.980000000000001e-08,0.0005687428,5.743399999999999e-06,0.036354854799999996,0.0179920067,0.0,0.0,0.0,1.97e-08,9.994000000000001e-07,0.00010375219999999997,0.00038220979999999995,0.019107226,0.027490440699999997,0.8778278748
322,515,0.0,0.0,0.0,0.0,0.0,0.0,0.0,0.0,1.0,0.0,0.0,0.0,0.0,0.0,0.0,0.0,0.0,0.0,0.0,0.0,0.0,0.0,0.0,0.0,0.0,0.0,0.0,0.0,0.0,0.0,0.0,0.0,0.0,0.0,0.0,0.0,0.0,0.0,0.0,0.0,0.0,0.0,0.0,0.0,0.0,0.0,0.0,0.0,0.0,0.0,0.0,0.0,0.0,0.0,0.0,0.0,0.0,0.0,0.0,0.0,0.0,0.0,0.0,0.0,0.0,0.0,0.0,0.0,0.0,0.0,0.0,0.0,0.0,0.0,0.0,0.0,0.0,0.0,0.0,0.0,0.0,0.0,0.0,0.0,0.0,0.0,0.0,0.0,0.0,0.0,0.0,0.0,0.0,0.0,0.0,0.0,0.0,0.0,0.0,0.0
323,517,0.0,0.0,0.0,0.0,0.0,0.0,0.9409,0.0194,0.0196,0.00030000000000000003,0.0,0.0,0.0,0.0,0.0,0.0,0.0,0.0194,0.0001,0.0002,0.0,0.0,0.0,0.0,0.0,0.0,0.0,0.0,0.0001,0.0,0.0,0.0,0.0,0.0,0.0,0.0,0.0,0.0,0.0,0.0,0.0,0.0,0.0,0.0,0.0,0.0,0.0,0.0,0.0,0.0,0.0,0.0,0.0,0.0,0.0,0.0,0.0,0.0,0.0,0.0,0.0,0.0,0.0,0.0,0.0,0.0,0.0,0.0,0.0,0.0,0.0,0.0,0.0,0.0,0.0,0.0,0.0,0.0,0.0,0.0,0.0,0.0,0.0,0.0,0.0,0.0,0.0,0.0,0.0,0.0,0.0,0.0,0.0,0.0,0.0,0.0,0.0,0.0,0.0,0.0
324,518,0.0,0.0,0.0,0.0,0.0,0.912673,0.028227000000000002,0.028808999999999994,0.000682,0.00020399999999999997,0.0,0.0,0.0,0.0,0.0,0.0,0.028227000000000002,0.000291,0.000585,6.000000000000002e-06,0.0,0.0,0.0,0.0,0.0,0.0,0.0,0.000291,1.0000000000000002e-06,3.0000000000000005e-06,0.0,0.0,0.0,0.0,0.0,0.0,0.0,0.0,1.0000000000000002e-06,0.0,0.0,0.0,0.0,0.0,0.0,0.0,0.0,0.0,0.0,0.0,0.0,0.0,0.0,0.0,0.0,0.0,0.0,0.0,0.0,0.0,0.0,0.0,0.0,0.0,0.0,0.0,0.0,0.0,0.0,0.0,0.0,0.0,0.0,0.0,0.0,0.0,0.0,0.0,0.0,0.0,0.0,0.0,0.0,0.0,0.0,0.0,0.0,0.0,0.0,0.0,0.0,0.0,0.0,0.0,0.0,0.0,0.0,0.0,0.0,0.0
325,519,0.0,0.0,0.0,0.0,0.8852928099999999,0.03650692,0.037635999999999996,0.00123481,0.00049864,1.096e-05,0.0,0.0,0.0,0.0,0.0,0.03650692,0.0005645400000000001,0.00114072,1.5560000000000003e-05,7.98e-06,0.0,0.0,0.0,0.0,0.0,0.0,0.0005645400000000001,3.88e-06,1.1680000000000002e-05,1.0000000000000002e-07,0.0,0.0,0.0,0.0,0.0,0.0,0.0,3.88e-06,1.0000000000000002e-08,4.000000000000001e-08,0.0,0.0,0.0,0.0,0.0,0.0,0.0,0.0,1.0000000000000002e-08,0.0,0.0,0.0,0.0,0.0,0.0,0.0,0.0,0.0,0.0,0.0,0.0,0.0,0.0,0.0,0.0,0.0,0.0,0.0,0.0,0.0,0.0,0.0,0.0,0.0,0.0,0.0,0.0,0.0,0.0,0.0,0.0,0.0,0.0,0.0,0.0,0.0,0.0,0.0,0.0,0.0,0.0,0.0,0.0,0.0,0.0,0.0,0.0,0.0,0.0,0.0
326,520,0.0,0.0,0.0,0.8587340256999999,0.044264640499999994,0.04608998649999999,0.0019448402999999999,0.0008837960999999999,2.81213e-05,5.2853999999999986e-06,0.0,0.0,0.0,0.0,0.044264640499999994,0.0009126730000000001,0.0018535729999999999,3.312550000000001e-05,2.4250999999999995e-05,3.4600000000000005e-07,0.0,0.0,0.0,0.0,0.0,0.0009126730000000001,9.409000000000001e-06,2.8421e-05,2.915000000000001e-07,1.98e-07,0.0,0.0,0.0,0.0,0.0,0.0,9.409000000000001e-06,4.8500000000000004e-08,1.9450000000000003e-07,1.5000000000000004e-09,0.0,0.0,0.0,0.0,0.0,0.0,0.0,4.8500000000000004e-08,1.0000000000000002e-10,5.000000000000001e-10,0.0,0.0,0.0,0.0,0.0,0.0,0.0,0.0,1.0000000000000002e-10,0.0,0.0,0.0,0.0,0.0,0.0,0.0,0.0,0.0,0.0,0.0,0.0,0.0,0.0,0.0,0.0,0.0,0.0,0.0,0.0,0.0,0.0,0.0,0.0,0.0,0.0,0.0,0.0,0.0,0.0,0.0,0.0,0.0,0.0,0.0,0.0,0.0,0.0,0.0,0.0,0.0
327,522,0.0,0.8079828447811299,0.058308040345029996,0.06191472325296998,0.0037855120555599997,0.0019123784972799997,9.637977424e-05,2.8686295e-05,1.09201762e-06,1.5570088000000001e-07,0.0,0.0,0.058308040345029996,0.00180334145397,0.0036996386529899996,0.00010043053692000001,9.086722931999998e-05,2.09652114e-06,9.556860599999998e-07,1.650558e-08,0.0,0.0,0.0,0.00180334145397,3.0985248350000005e-05,9.423348725000001e-05,1.4792829800000003e-06,1.7698406599999999e-06,2.476334000000001e-08,1.033844e-08,0.0,0.0,0.0,0.0,3.0985248350000005e-05,3.1943555000000006e-07,1.2876216500000001e-06,1.3213340000000006e-08,1.6737560000000003e-08,1.7192e-10,0.0,0.0,0.0,0.0,0.0,3.1943555000000006e-07,1.9758900000000003e-09,9.920190000000003e-09,7.476000000000002e-11,6.888e-11,0.0,0.0,0.0,0.0,0.0,0.0,1.9758900000000003e-09,6.790000000000001e-12,4.081e-11,2.8000000000000007e-13,0.0,0.0,0.0,0.0,0.0,0.0,0.0,6.790000000000001e-12,1.0000000000000002e-14,7.000000000000003e-14,0.0,0.0,0.0,0.0,0.0,0.0,0.0,0.0,1.0000000000000002e-14,0.0,0.0,0.0,0.0,0.0,0.0,0.0,0.0,0.0,0.0,0.0,0.0,0.0,0.0,0.0,0.0,0.0,0.0,0.0,0.0,0.0
328,523,0.783743359437696,0.0646386275824904,0.06930327081009278,0.004892207744412899,0.0025490058819767998,0.0001514715919104,4.8821961158399994e-05,2.3308829952e-06,4.5836984040000003e-07,1.41992496e-08,0.0,0.0646386275824904,0.0023323216138012,0.004808910543919999,0.0001536160083912,0.00014520371881559998,4.0165214472000006e-06,2.1402491279999998e-06,4.8143433600000016e-08,1.1382309599999998e-08,0.0,0.0,0.0023323216138012,4.808910543920001e-05,0.00014674613618560002,2.7522566988000003e-06,3.5806288224e-06,5.991061440000002e-08,3.745092959999999e-08,5.177928000000002e-10,0.0,0.0,0.0,4.808910543920001e-05,6.197049670000001e-07,2.5043747120000003e-06,3.082388400000001e-08,4.69092582e-08,5.472768000000001e-10,2.7316800000000003e-10,0.0,0.0,0.0,0.0,6.197049670000001e-07,5.110968800000001e-09,2.5712915200000006e-08,2.244774000000001e-10,3.337992000000001e-10,3.1584000000000004e-12,0.0,0.0,0.0,0.0,0.0,5.110968800000001e-09,2.6345200000000003e-11,1.5861440000000002e-10,1.0872000000000005e-12,1.1004e-12,0.0,0.0,0.0,0.0,0.0,0.0,2.6345200000000003e-11,7.76e-14,5.44e-13,3.600000000000001e-15,0.0,0.0,0.0,0.0,0.0,0.0,0.0,7.76e-14,0.0,0.0,0.0,0.0,0.0,0.0,0.0,0.0,0.0,0.0,0.0,0.0,0.0,0.0,0.0,0.0,0.0,0.0,0.0,0.0,0.0,0.0
329,526,0.0,0.0,0.0,0.0,0.0,0.0,0.0,0.0,0.0,0.0,0.0,0.0,0.0,0.0,0.0,0.0,0.0,0.0,0.0,0.0,0.0,0.0,0.0,0.0,0.0,0.0,0.0,0.0,1.0,0.0,0.0,0.0,0.0,0.0,0.0,0.0,0.0,0.0,0.0,0.0,0.0,0.0,0.0,0.0,0.0,0.0,0.0,0.0,0.0,0.0,0.0,0.0,0.0,0.0,0.0,0.0,0.0,0.0,0.0,0.0,0.0,0.0,0.0,0.0,0.0,0.0,0.0,0.0,0.0,0.0,0.0,0.0,0.0,0.0,0.0,0.0,0.0,0.0,0.0,0.0,0.0,0.0,0.0,0.0,0.0,0.0,0.0,0.0,0.0,0.0,0.0,0.0,0.0,0.0,0.0,0.0,0.0,0.0,0.0,0.0
330,527,0.0,0.0,0.0,0.0,0.0,0.0,0.0,0.0,0.0,0.0,0.0,0.0,0.0,0.0,0.0,0.0,0.0,0.0,0.01,0.0,0.0,0.0,0.0,0.0,0.0,0.0,0.0,0.97,0.0,0.01,0.0,0.0,0.0,0.0,0.0,0.0,0.0,0.0,0.01,0.0,0.0,0.0,0.0,0.0,0.0,0.0,0.0,0.0,0.0,0.0,0.0,0.0,0.0,0.0,0.0,0.0,0.0,0.0,0.0,0.0,0.0,0.0,0.0,0.0,0.0,0.0,0.0,0.0,0.0,0.0,0.0,0.0,0.0,0.0,0.0,0.0,0.0,0.0,0.0,0.0,0.0,0.0,0.0,0.0,0.0,0.0,0.0,0.0,0.0,0.0,0.0,0.0,0.0,0.0,0.0,0.0,0.0,0.0,0.0,0.0
331,528,0.0,0.0,0.0,0.0,0.0,0.0,0.0,0.0,0.0001,0.0,0.0,0.0,0.0,0.0,0.0,0.0,0.0,0.0194,0.0,0.0002,0.0,0.0,0.0,0.0,0.0,0.0,0.9409,0.0,0.0196,0.0001,0.0,0.0,0.0,0.0,0.0,0.0,0.0,0.0194,0.0,0.0002,0.0,0.0,0.0,0.0,0.0,0.0,0.0,0.0,0.0001,0.0,0.0,0.0,0.0,0.0,0.0,0.0,0.0,0.0,0.0,0.0,0.0,0.0,0.0,0.0,0.0,0.0,0.0,0.0,0.0,0.0,0.0,0.0,0.0,0.0,0.0,0.0,0.0,0.0,0.0,0.0,0.0,0.0,0.0,0.0,0.0,0.0,0.0,0.0,0.0,0.0,0.0,0.0,0.0,0.0,0.0,0.0,0.0,0.0,0.0,0.0
332,529,0.0,0.0,0.0,0.0,0.0,0.0,0.0,0.018819000000000002,9.7e-05,0.000195,0.0,0.0,0.0,0.0,0.0,0.0,0.912867,0.0,0.019208999999999997,9.9e-05,0.0,0.0,0.0,0.0,0.0,0.009408999999999999,0.0,0.028617,1.0000000000000002e-06,0.000393,0.0,0.0,0.0,0.0,0.0,0.0,0.009602999999999999,0.0,0.000489,3.0000000000000005e-06,0.0,0.0,0.0,0.0,0.0,0.0,0.0,0.000195,0.0,3.0000000000000005e-06,0.0,0.0,0.0,0.0,0.0,0.0,0.0,0.0,1.0000000000000002e-06,0.0,0.0,0.0,0.0,0.0,0.0,0.0,0.0,0.0,0.0,0.0,0.0,0.0,0.0,0.0,0.0,0.0,0.0,0.0,0.0,0.0,0.0,0.0,0.0,0.0,0.0,0.0,0.0,0.0,0.0,0.0,0.0,0.0,0.0,0.0,0.0,0.0,0.0,0.0,0.0,0.0
333,530,0.0,0.0,0.0,0.0,0.0,0.0,0.88566918,0.0182554,0.01891696,0.00028809999999999996,0.0,0.0,0.0,0.0,0.0,0.018255399999999998,0.0,0.03726744,2.93e-06,0.00057624,0.0,0.0,0.0,0.0,9.408999999999999e-05,0.0,0.01882384,1.0000000000000002e-08,0.00095652,7.840000000000001e-06,0.0,0.0,0.0,0.0,0.0,0.00019011999999999998,0.0,0.00057624,4.000000000000001e-08,1.1760000000000001e-05,0.0,0.0,0.0,0.0,0.0,0.0,9.797999999999998e-05,0.0,7.84e-06,6.000000000000001e-08,0.0,0.0,0.0,0.0,0.0,0.0,0.0,1.96e-06,0.0,4.000000000000001e-08,0.0,0.0,0.0,0.0,0.0,0.0,0.0,0.0,1.0000000000000002e-08,0.0,0.0,0.0,0.0,0.0,0.0,0.0,0.0,0.0,0.0,0.0,0.0,0.0,0.0,0.0,0.0,0.0,0.0,0.0,0.0,0.0,0.0,0.0,0.0,0.0,0.0,0.0,0.0,0.0,0.0,0.0
334,531,0.0,0.0,0.0,0.0,0.0,0.8592816585999999,0.0265644298,0.0277613714,0.0006512098999999999,0.00020069399999999999,0.0,0.0,0.0,0.0,0.017708678899999997,0.0,0.045376901,0.00018539620000000004,0.001130362,8.7511e-06,0.0,0.0,0.0,9.126729999999999e-05,0.0,0.018444520900000004,9.700000000000001e-09,0.0014944996,7.634600000000001e-06,1.55236e-05,0.0,0.0,0.0,0.0,0.00018535729999999997,0.0,0.0007500721999999999,3.8900000000000004e-08,2.68132e-05,1.97e-07,0.0,0.0,0.0,0.0,0.0,9.694179999999997e-05,0.0,1.43666e-05,5.86e-08,1.97e-07,0.0,0.0,0.0,0.0,0.0,0.0,2.881e-06,0.0,1.3690000000000001e-07,1.0000000000000003e-09,0.0,0.0,0.0,0.0,0.0,0.0,0.0,2.93e-08,0.0,5.000000000000001e-10,0.0,0.0,0.0,0.0,0.0,0.0,0.0,0.0,1.0000000000000002e-10,0.0,0.0,0.0,0.0,0.0,0.0,0.0,0.0,0.0,0.0,0.0,0.0,0.0,0.0,0.0,0.0,0.0,0.0,0.0,0.0,0.0
335,532,0.0,0.0,0.0,0.0,0.8336802956309999,0.034360313492,0.036240760152,0.001176785577,0.000490102613,1.0613489999999999e-05,0.0,0.0,0.0,0.017178331205999996,0.0,0.052969942554,0.00044547870900000006,0.0018427788599999998,1.6930974e-05,1.3553307e-05,0.0,0.0,8.852928099999998e-05,0.0,0.01807103830800001,9.409e-09,0.002095379553,9.260010000000002e-06,4.157464e-05,3.210630000000001e-07,0.0,0.0,0.0,0.00018070925399999997,0.0,0.000914838234,3.783e-08,4.859818799999999e-05,2.68411e-07,4.2730800000000003e-07,0.0,0.0,0.0,0.0,9.588711899999996e-05,0.0,2.2434551999999996e-05,5.7231e-08,6.042570000000001e-07,4.536e-09,0.0,0.0,0.0,0.0,0.0,3.7639879999999995e-06,0.0,3.0556200000000005e-07,1.5560000000000002e-09,3.354e-09,0.0,0.0,0.0,0.0,0.0,0.0,5.7231000000000005e-08,0.0,2.148e-09,1.5000000000000003e-11,0.0,0.0,0.0,0.0,0.0,0.0,0.0,3.9000000000000005e-10,0.0,6.000000000000002e-12,0.0,0.0,0.0,0.0,0.0,0.0,0.0,0.0,1.0000000000000002e-12,0.0,0.0,0.0,0.0,0.0,0.0,0.0,0.0,0.0,0.0,0.0
336,533,0.0,0.0,0.0,0.8088416700741299,0.04166630704355,0.04436364286421,0.0018519475332200001,0.0008680027805,2.7133276939999998e-05,5.248828999999999e-06,0.0,0.0,0.016663866562629998,0.0,0.06007014092883,0.00077571757674,0.00270055631679,3.2738287739999996e-05,3.689126892e-05,4.1418834000000005e-07,0.0,8.587340256999998e-05,0.0,0.01770338285617001,9.12673e-09,0.0027520763573700003,1.3437469180000003e-05,8.019496681e-05,5.7602506e-07,5.5876318e-07,0.0,0.0,0.00017617326918999994,0.0,0.0010708694337900001,3.678919000000001e-08,7.746676574999998e-05,3.5390938e-07,1.3222596099999998e-06,1.0213180000000001e-08,0.0,0.0,0.0,9.481759796999996e-05,0.0,3.1906408849999994e-05,5.589237e-08,1.29951231e-06,7.6719e-09,1.0394550000000002e-08,0.0,0.0,0.0,0.0,4.609939549999999e-06,0.0,5.589528499999999e-07,2.08163e-09,1.237305e-08,9.461e-11,0.0,0.0,0.0,0.0,0.0,9.315394999999999e-08,0.0,5.7153900000000005e-09,3.0110000000000006e-11,5.523e-11,0.0,0.0,0.0,0.0,0.0,0.0,9.5061e-10,0.0,3.121e-11,2.1000000000000006e-13,0.0,0.0,0.0,0.0,0.0,0.0,0.0,4.870000000000001e-12,0.0,7.000000000000003e-14,0.0,0.0,0.0,0.0,0.0,0.0,0.0,0.0,1.0000000000000002e-14,0.0
337,534,0.0,0.0,0.7847430586375322,0.048504734532984796,0.0521385147587488,0.0026644457820683997,0.0013311241642272,5.3846164646399995e-05,1.4411637393599997e-05,3.804512328e-07,0.0,0.0161648092997768,0.0,0.0667001258958944,0.0011691092111406,0.0036913982287904,5.816716489920001e-05,7.22720714934e-05,1.0062385872e-06,4.311304944e-07,8.329720049289998e-05,0.0,0.01734154050282881,8.852928099999999e-09,0.0034579579988368004,2.07919800312e-05,0.0001330901122048,1.0240409712e-06,1.7260852380000001e-06,1.5591897600000002e-08,0.0,0.00017174680513999994,0.0,0.0012184870880096001,3.5776781600000006e-08,0.00011369128477759999,4.78593606e-07,2.8722042703999997e-06,1.9282848000000003e-08,1.9016305199999998e-08,0.0,0.0,9.373480272279995e-05,0.0,4.26521862976e-05,5.45834908e-08,2.3598482151999997e-06,1.1560576800000001e-08,3.6424163199999995e-08,2.8374240000000004e-10,0.0,0.0,0.0,5.419817343199999e-06,0.0,9.082792879999999e-07,2.5781048e-09,3.0643664e-08,1.896081e-10,2.2917440000000003e-10,0.0,0.0,0.0,0.0,1.3645872699999998e-07,0.0,1.2074502399999999e-08,5.0023e-11,2.3476960000000003e-10,1.8016e-12,0.0,0.0,0.0,0.0,0.0,1.8536312e-09,0.0,9.698240000000001e-11,5.048000000000001e-13,8.672e-13,0.0,0.0,0.0,0.0,0.0,0.0,1.4230000000000002e-11,0.0,4.288000000000001e-13,2.800000000000001e-15,0.0,0.0,0.0,0.0,0.0,0.0,0.0,5.840000000000001e-14,0.0,0.0
338,535,0.0,0.761362414971404,0.05489702308337058,0.05957383850665045,0.0036026359936350894,0.0018761340269964598,9.276815081895599e-05,2.8551712275462e-05,1.061678102088e-06,1.56036703536e-07,0.015680697992788425,0.0,0.07288161620341896,0.001619083368665511,0.004803622268461488,9.4965619684626e-05,0.00012166003440082199,2.106425134752e-06,1.302294520818e-06,1.833412212e-08,8.079828447811298e-05,0.016985492820798045,8.587340256999999e-09,0.004206820793739023,3.1859759038766994e-05,0.000201727883962704,1.7876971274280001e-06,3.756646560546e-06,3.5619764736e-08,2.1918239352e-08,0.00016742737299072893,0.0,0.0013580026964762283,3.4792007433000004e-08,0.000157471518965712,6.730592008559999e-07,5.277450594264e-06,3.38463141e-08,6.479295276e-08,5.41747932e-10,0.0,9.264022669251596e-05,0.0,5.4549037789428e-05,5.3303753892e-08,3.861570272376e-06,1.6571311512e-08,8.795839979999999e-08,5.855604570000001e-10,5.595338519999999e-10,0.0,0.0,6.194570850131998e-06,0.0,1.3631155330379998e-06,3.046596564e-09,6.252637413599999e-08,3.2580690299999996e-10,8.953251359999999e-10,7.043265e-12,0.0,0.0,0.0,1.8656313862199998e-07,0.0,2.217818379e-08,7.4303358e-11,6.558780000000001e-10,4.1489110000000005e-12,4.666128000000001e-12,0.0,0.0,0.0,0.0,3.1626095339999996e-09,0.0,2.3349656400000003e-10,9.89886e-13,4.162992e-12,3.1764e-14,0.0,0.0,0.0,0.0,0.0,3.2339412e-11,0.0,1.5286440000000003e-12,7.764000000000002e-15,1.2988000000000002e-14,0.0,0.0,0.0,0.0,0.0,0.0,1.9894800000000003e-13,0.0,4.872000000000001e-15,0.0
339,536,0.7386783495021898,0.060863736540583496,0.06667803389403287,0.004655456363412903,0.002499650973874036,0.00014572246269754907,4.860078302936052e-05,2.26409064131706e-06,4.605124514135999e-07,1.3920856312800001e-08,0.015211085035849553,0.0786354537751663,0.002119481184312654,0.006026136355445728,0.0001446524423074809,0.00018682507516300386,3.9384470570195395e-06,2.8029096175617602e-06,4.9821328472160006e-08,1.498583585826e-08,0.016712783625775662,8.163125648304198e-07,0.004992867287133784,4.709523374773599e-05,0.0002873551932554851,3.00905059284765e-06,6.930600853307519e-06,7.383085755671999e-08,7.249803251268001e-08,7.641387414e-10,0.0001632125346457882,0.0014897182197867542,3.383412061258e-08,0.00020894109867678745,9.7234597283124e-07,8.749736808444e-06,5.760420107495999e-08,1.5406971972329998e-07,1.2260118869700001e-09,8.7812473896e-10,9.153529362164776e-05,0.0,6.748094159593392e-05,5.205256134956999e-08,5.879559887086499e-06,2.3368267679759998e-08,1.7733512021375997e-07,1.0754279684400002e-09,2.0792146134e-09,1.693885506e-11,0.0,6.935135991553198e-06,0.0,1.93152378482868e-06,3.4882362059999996e-09,1.1311922280395998e-07,5.1295481025e-10,2.3798719012799997e-09,1.598712976e-11,1.466568381e-11,0.0,0.0,2.4291195296465997e-07,0.0,3.704125108824e-08,1.0254022290000001e-10,1.4855822049e-09,8.035445139999998e-12,2.0079805440000003e-11,1.5890068e-13,0.0,0.0,0.0,4.933362634199999e-09,0.0,4.8022299444e-10,1.7032230000000002e-12,1.2947134320000002e-11,8.227669000000001e-14,8.873872000000001e-14,0.0,0.0,0.0,0.0,6.299532497999999e-11,0.0,4.14313392e-12,1.7429940000000003e-14,6.956344000000001e-14,0.0,0.0,0.0,0.0,0.0,0.0,5.1637368e-13,1.9894800000000005e-15,2.2001760000000006e-14,0.0,0.0
340,537,0.0,0.0,0.0,0.0,0.0,0.0,0.0,0.0,0.0,0.0,0.0,0.0,0.0,0.0,0.0,0.0,0.0,0.0,0.0,0.0,0.0,0.0,0.0,0.0,0.0,0.0,0.0,0.0,0.0,0.0,0.0,0.0,0.0,0.0,0.0,0.0,0.0,0.0,1.0,0.0,0.0,0.0,0.0,0.0,0.0,0.0,0.0,0.0,0.0,0.0,0.0,0.0,0.0,0.0,0.0,0.0,0.0,0.0,0.0,0.0,0.0,0.0,0.0,0.0,0.0,0.0,0.0,0.0,0.0,0.0,0.0,0.0,0.0,0.0,0.0,0.0,0.0,0.0,0.0,0.0,0.0,0.0,0.0,0.0,0.0,0.0,0.0,0.0,0.0,0.0,0.0,0.0,0.0,0.0,0.0,0.0,0.0,0.0,0.0,0.0
341,538,0.0,0.0,0.0,0.0,0.0,0.0,0.0,0.0,0.0,0.0,0.0,0.0,0.0,0.0,0.0,0.0,0.0,0.0,0.0,0.0,0.0,0.0,0.0,0.0,0.0,0.0,0.0,0.0,0.01,0.0,0.0,0.0,0.0,0.0,0.0,0.0,0.0,0.01,0.0,0.97,0.0,0.0,0.0,0.0,0.0,0.0,0.0,0.0,0.01,0.0,0.0,0.0,0.0,0.0,0.0,0.0,0.0,0.0,0.0,0.0,0.0,0.0,0.0,0.0,0.0,0.0,0.0,0.0,0.0,0.0,0.0,0.0,0.0,0.0,0.0,0.0,0.0,0.0,0.0,0.0,0.0,0.0,0.0,0.0,0.0,0.0,0.0,0.0,0.0,0.0,0.0,0.0,0.0,0.0,0.0,0.0,0.0,0.0,0.0,0.0
342,539,0.0,0.0,0.0,0.0,0.0,0.0,0.0,0.0,0.0,0.0,0.0,0.0,0.0,0.0,0.0,0.0,0.0,0.0,0.0097,0.0,0.0,0.0,0.0,0.0,0.0,0.0,0.0,0.0098,0.0,0.941,0.0,0.0,0.0,0.0,0.0,0.0,0.0001,0.0,0.0196,0.0097,0.0,0.0,0.0,0.0,0.0,0.0,0.0,0.0002,0.0,0.0098,0.0,0.0,0.0,0.0,0.0,0.0,0.0,0.0,0.0001,0.0,0.0,0.0,0.0,0.0,0.0,0.0,0.0,0.0,0.0,0.0,0.0,0.0,0.0,0.0,0.0,0.0,0.0,0.0,0.0,0.0,0.0,0.0,0.0,0.0,0.0,0.0,0.0,0.0,0.0,0.0,0.0,0.0,0.0,0.0,0.0,0.0,0.0,0.0,0.0,0.0
343,540,0.0,0.0,0.0,0.0,0.0,0.0,0.0,0.0,0.009409,0.0,0.0,0.0,0.0,0.0,0.0,0.0,0.0,0.009602999999999999,0.0,0.912867,0.0,0.0,0.0,0.0,0.0,0.0,0.000195,0.0,0.028616999999999997,0.018819000000000002,0.0,0.0,0.0,0.0,0.0,1.0000000000000002e-06,0.0,0.0004890000000000001,9.7e-05,0.019208999999999997,0.0,0.0,0.0,0.0,0.0,0.0,3.0000000000000005e-06,0.0,0.000393,0.000195,0.0,0.0,0.0,0.0,0.0,0.0,0.0,3.0000000000000005e-06,0.0,9.9e-05,0.0,0.0,0.0,0.0,0.0,0.0,0.0,0.0,1.0000000000000002e-06,0.0,0.0,0.0,0.0,0.0,0.0,0.0,0.0,0.0,0.0,0.0,0.0,0.0,0.0,0.0,0.0,0.0,0.0,0.0,0.0,0.0,0.0,0.0,0.0,0.0,0.0,0.0,0.0,0.0,0.0,0.0
344,541,0.0,0.0,0.0,0.0,0.0,0.0,0.0,0.009408999999999999,0.00912673,0.88557508,0.0,0.0,0.0,0.0,0.0,0.0,0.00028518,0.0,0.03707728,0.0273831,0.0,0.0,0.0,0.0,0.0,2.92e-06,0.0,0.00085848,0.00028228000000000004,0.02823576,0.0,0.0,0.0,0.0,1.0000000000000002e-08,0.0,9.760000000000001e-06,9.7e-07,0.00086436,0.0005704,0.0,0.0,0.0,0.0,0.0,4.000000000000001e-08,0.0,1.1760000000000003e-05,2.92e-06,0.000294,0.0,0.0,0.0,0.0,0.0,0.0,6.000000000000001e-08,0.0,5.92e-06,2.94e-06,0.0,0.0,0.0,0.0,0.0,0.0,0.0,4.000000000000001e-08,0.0,1e-06,0.0,0.0,0.0,0.0,0.0,0.0,0.0,0.0,1.0000000000000002e-08,0.0,0.0,0.0,0.0,0.0,0.0,0.0,0.0,0.0,0.0,0.0,0.0,0.0,0.0,0.0,0.0,0.0,0.0,0.0,0.0,0.0
345,542,0.0,0.0,0.0,0.0,0.0,0.0,0.0091295818,0.008947018099999999,0.8595639576999999,0.0180765999,0.0,0.0,0.0,0.0,0.0,0.00027665379999999997,0.0,0.036070488199999994,0.0266556971,0.0097827122,0.0,0.0,0.0,0.0,2.8324999999999996e-06,0.0,0.0008357041999999999,0.00027382130000000004,0.027776688399999996,0.0005647154,0.0,0.0,0.0,9.700000000000001e-09,0.0,9.4969e-06,9.409e-07,0.0008472292,0.0005561496999999999,0.0002996452,0.0,0.0,0.0,0.0,3.8900000000000004e-08,0.0,1.1505800000000001e-05,2.8421e-06,0.0002940004,8.7026e-06,0.0,0.0,0.0,0.0,0.0,5.86e-08,0.0,5.861e-06,2.8809999999999996e-06,3.0386e-06,0.0,0.0,0.0,0.0,0.0,0.0,3.94e-08,0.0,1.0297e-06,3.9399999999999995e-08,0.0,0.0,0.0,0.0,0.0,0.0,0.0,1.0100000000000001e-08,0.0,1.01e-08,0.0,0.0,0.0,0.0,0.0,0.0,0.0,0.0,1.0000000000000002e-10,0.0,0.0,0.0,0.0,0.0,0.0,0.0,0.0,0.0,0.0,0.0
346,543,0.0,0.0,0.0,0.0,0.0,0.008858460884,0.008769903374999997,0.8343185098499999,0.026485968632,0.009054998697000001,0.0,0.0,0.0,0.0,0.00026838251099999997,0.0,0.035090792951999995,0.025948234581,0.018723342177,0.0005507972460000001,0.0,0.0,0.0,2.7476219999999995e-06,0.0,0.0008135229059999999,0.00026561607000000003,0.027320921963999996,0.0008226306189999999,0.00038423761199999994,0.0,0.0,9.409e-09,0.0,9.240804e-06,9.12673e-07,0.000830379393,0.0005422412519999999,0.0005798350239999999,1.4292129e-05,0.0,0.0,0.0,3.783e-08,0.0,1.125657e-05,2.766246e-06,0.00029382634800000003,1.406025e-05,6.053868e-06,0.0,0.0,0.0,0.0,5.7231e-08,0.0,5.801208e-06,2.8229909999999994e-06,5.956353e-06,1.46616e-07,0.0,0.0,0.0,0.0,0.0,3.8804e-08,0.0,1.0579140000000002e-06,6.702799999999998e-08,4.1178e-08,0.0,0.0,0.0,0.0,0.0,0.0,1.0191e-08,0.0,2.0196000000000004e-08,4.949999999999999e-10,0.0,0.0,0.0,0.0,0.0,0.0,0.0,1.9800000000000004e-10,0.0,1.02e-10,0.0,0.0,0.0,0.0,0.0,0.0,0.0,0.0,1.0000000000000002e-12,0.0
347,546,0.0,0.0,0.008092454503088337,0.00825417990040236,0.7629536303715766,0.0487239025248832,0.03362005312876152,0.001631084647793502,0.00045672352504966203,1.3618013959848e-05,0.0,0.000245023031326116,0.0,0.03230716649057931,0.023939877053206618,0.04242924732030731,0.0022693722251264396,0.001333466048583894,4.4173621939175994e-05,9.514400463084e-06,2.507946001448999e-06,0.0,0.0007503960372552358,0.000242446377475881,0.0259751958384921,0.0015087537888676076,0.0019468064302034158,6.741320180168399e-05,3.2418061655159995e-05,6.911179455959999e-07,8.587340256999999e-09,8.512728326577e-06,8.32972004929e-07,0.0007814918685877919,0.0005024908710167848,0.0013433116929923996,6.0000544014516e-05,5.0649268698083995e-05,1.364452199169e-06,3.8895883255199995e-07,3.4792007433000004e-08,0.0,1.0537918052291998e-05,2.5504400563289992e-06,0.00029233700855496,2.8375459906500004e-05,3.9005942744856e-05,1.4554220346810003e-06,7.68586392612e-07,1.6192131489e-08,0.0,5.3303753892e-08,0.0,5.617803179123999e-06,2.6548160786279988e-06,1.4176137145464001e-05,7.735895007240001e-07,7.17835102296e-07,2.0929689433000003e-08,6.139265496e-09,0.0,0.0,3.7041840468e-08,0.0,1.13400430443e-06,1.4166510305999994e-07,3.2653858072800004e-07,1.2764478125999998e-08,7.903133040000002e-09,1.67532696e-10,0.0,0.0,0.0,1.0413063102e-08,0.0,5.0315543982000006e-08,3.168029117999999e-09,4.418362224e-09,1.28028367e-10,4.416744000000001e-11,0.0,0.0,0.0,0.0,4.79719806e-10,0.0,9.886298760000002e-10,3.726071099999999e-11,3.5150256e-11,6.996450000000001e-13,0.0,0.0,0.0,0.0,0.0,9.506004e-12,9.6036e-14,9.989316000000002e-12,2.9190899999999994e-13,1.35144e-13
348,547,0.0,0.007852131098308948,0.008087479048421173,0.74055155946937,0.05521366232238855,0.041152519337066346,0.0024282853871474084,0.0008088678575495612,3.452929148887596e-05,4.93473953432442e-06,0.000237697419846347,0.0,0.03142883023157863,0.023306647004389204,0.04936872982770457,0.0029430163920422204,0.0020734231359190998,8.252711402821697e-05,2.745504480207864e-05,6.7997154307704e-07,2.432793494808099e-06,0.0007304445931941201,0.00023518131587165386,0.025534330507301563,0.0017103393182185721,0.0025858797858152316,0.0001037720713277191,6.475473728035913e-05,1.79989716662841e-06,4.3012538896392e-07,8.2911035769178e-06,8.080687181836999e-07,0.0007657415793664992,0.0004898744427816527,0.0015735025893589762,7.859672889198943e-05,8.242103129654819e-05,2.6122103117027396e-06,1.215649235034e-06,2.4607211088059998e-08,3.383412061258e-08,1.0307788751602257e-05,2.482256574688419e-06,0.0002915433741965033,3.2601157380822426e-05,5.433401284943856e-05,2.30325530785797e-06,1.649259266286e-06,4.4114406777160006e-08,1.1798766221489999e-08,5.205256134956999e-08,0.0,5.5555517202168e-06,2.600675996832449e-06,1.6741741191485223e-05,1.06210122658416e-06,1.2313862339376002e-06,4.271955888532e-08,2.08983338106e-08,4.3428619114000005e-10,0.0,3.646362279288e-08,0.0,1.1566367561240401e-06,1.6396331075447994e-07,4.703469932449201e-07,2.156577011124e-08,1.8153959501280003e-08,5.0072867438e-10,1.4254098672000002e-10,0.0,0.0,1.0471089613619999e-08,0.0,6.025504853592e-08,4.489639275059998e-09,8.064238903140001e-09,2.8388519554e-10,1.6640887200000002e-10,3.4042814799999996e-12,0.0,0.0,0.0,5.6945884284e-10,0.0,1.4670186776400004e-09,6.782414120999997e-11,8.826556248e-11,2.33446552e-12,8.015248500000002e-13,0.0,0.0,0.0,0.0,1.401802194e-11,1.8821496e-13,1.9671955680000004e-11,7.5661236e-13,5.8540449e-13,1.2618420000000001e-14
349,548,0.0,0.0,0.0,0.0,0.0,0.0,0.0,0.0,0.0,0.0,0.0,0.0,0.0,0.0,0.0,0.0,0.0,0.0,0.0,0.0,0.0,0.0,0.0,0.0,0.0,0.0,0.0,0.0,0.0,0.0,0.0,0.0,0.0,0.0,0.0,0.0,0.0,0.0,0.0,0.0,0.0,0.0,0.0,0.0,0.0,0.0,0.0,0.0,0.0,0.0,0.0,0.0,0.0,0.0,0.0,0.0,0.0,0.0,0.0,0.0,0.0,0.0,0.0,0.0,0.0,0.0,0.0,0.0,1.0,0.0,0.0,0.0,0.0,0.0,0.0,0.0,0.0,0.0,0.0,0.0,0.0,0.0,0.0,0.0,0.0,0.0,0.0,0.0,0.0,0.0,0.0,0.0,0.0,0.0,0.0,0.0,0.0,0.0,0.0,0.0
350,552,0.0,0.0,0.0,0.0,0.0,0.0,0.0,0.0,0.0,0.0,0.0,0.0,0.0,0.0,0.0,0.0,0.0,0.0,0.0,0.0,0.0,0.0,0.0,0.0,0.0,0.0,0.0,0.0,1.0000000000000002e-08,0.0,0.0,0.0,0.0,0.0,0.0,0.0,0.0,4.000000000000001e-08,0.0,1e-06,0.0,0.0,0.0,0.0,0.0,0.0,6.000000000000001e-08,0.0,5.92e-06,2.94e-06,0.0,0.0,0.0,0.0,0.0,4.000000000000001e-08,0.0,1.1760000000000001e-05,2.92e-06,0.000294,0.0,0.0,0.0,0.0,1.0000000000000002e-08,0.0,9.76e-06,9.7e-07,0.0008643599999999999,0.0005704,0.0,0.0,0.0,0.0,0.0,2.92e-06,0.0,0.00085848,0.00028228000000000004,0.02823576,0.0,0.0,0.0,0.0,0.0,0.0,0.00028518,0.0,0.03707728,0.0273831,0.0,0.0,0.0,0.0,0.0,0.0,0.0,0.009408999999999999,0.00912673,0.88557508
351,553,0.0,0.0,0.0,0.0,0.0,0.0,0.0,0.0,0.0,0.0,0.0,0.0,0.0,0.0,0.0,0.0,0.0,0.0,0.0,0.0,0.0,0.0,0.0,0.0,0.0,0.0,0.0,0.0,0.0,0.0,0.0,0.0,0.0,0.0,0.0,0.0,0.0,0.0,0.0,0.0,0.0,0.0,0.0,0.0,0.0,0.0,0.0,0.0,0.0,0.0,0.0,0.0,0.0,0.0,0.0,0.0,0.0,0.0,0.0,0.0,0.0,0.0,0.0,0.0,0.0,0.0,0.0,0.0,0.0,0.0,0.0,0.0,0.0,0.0,0.0,0.0,0.0,0.0,1.0,0.0,0.0,0.0,0.0,0.0,0.0,0.0,0.0,0.0,0.0,0.0,0.0,0.0,0.0,0.0,0.0,0.0,0.0,0.0,0.0,0.0
352,554,0.0,0.0,0.0,0.0,0.0,0.0,0.0,0.0,0.0,0.0,0.0,0.0,0.0,0.0,0.0,0.0,0.0,0.0,0.0,0.0,0.0,0.0,0.0,0.0,0.0,0.0,0.0,0.0,0.0,0.0,0.0,0.0,0.0,0.0,0.0,0.0,0.0,0.0,0.0,0.0,0.0,0.0,0.0,0.0,0.0,0.0,0.0,0.0,0.0,0.0,0.0,0.0,0.0,0.0,0.0,0.0,0.0,0.0,0.0,0.0,0.0,0.0,0.0,0.0,0.0,0.0,0.0,0.0,0.01,0.0,0.0,0.0,0.0,0.0,0.0,0.0,0.0,0.01,0.0,0.97,0.0,0.0,0.0,0.0,0.0,0.0,0.0,0.0,0.01,0.0,0.0,0.0,0.0,0.0,0.0,0.0,0.0,0.0,0.0,0.0
353,555,0.0,0.0,0.0,0.0,0.0,0.0,0.0,0.0,0.0,0.0,0.0,0.0,0.0,0.0,0.0,0.0,0.0,0.0,0.0,0.0,0.0,0.0,0.0,0.0,0.0,0.0,0.0,0.0,0.0,0.0,0.0,0.0,0.0,0.0,0.0,0.0,0.0,0.0,0.0,0.0,0.0,0.0,0.0,0.0,0.0,0.0,0.0,0.0,0.0,0.0,0.0,0.0,0.0,0.0,0.0,0.0,0.0,0.0,0.0001,0.0,0.0,0.0,0.0,0.0,0.0,0.0,0.0,0.0002,0.0,0.0098,0.0,0.0,0.0,0.0,0.0,0.0,0.0001,0.0,0.0196,0.0097,0.0,0.0,0.0,0.0,0.0,0.0,0.0,0.0098,0.0,0.941,0.0,0.0,0.0,0.0,0.0,0.0,0.0,0.0,0.0097,0.0
354,556,0.0,0.0,0.0,0.0,0.0,0.0,0.0,0.0,0.0,0.0,0.0,0.0,0.0,0.0,0.0,0.0,0.0,0.0,0.0,0.0,0.0,0.0,0.0,0.0,0.0,0.0,0.0,0.0,0.0,0.0,0.0,0.0,0.0,0.0,0.0,0.0,0.0,0.0,0.0,0.0,0.0,0.0,0.0,0.0,0.0,0.0,0.0,0.0,1.0000000000000002e-06,0.0,0.0,0.0,0.0,0.0,0.0,0.0,0.0,3.0000000000000005e-06,0.0,9.9e-05,0.0,0.0,0.0,0.0,0.0,0.0,3.0000000000000005e-06,0.0,0.000393,0.000195,0.0,0.0,0.0,0.0,0.0,1.0000000000000002e-06,0.0,0.000489,9.7e-05,0.019208999999999997,0.0,0.0,0.0,0.0,0.0,0.0,0.000195,0.0,0.028616999999999997,0.018819000000000002,0.0,0.0,0.0,0.0,0.0,0.0,0.0,0.009602999999999999,0.009409,0.912867
355,557,0.0,0.0,0.0,0.0,0.0,0.0,0.0,0.0,0.0,0.0,0.0,0.0,0.0,0.0,0.0,0.0,0.0,0.0,0.0,0.0,0.0,0.0,0.0,0.0,0.0,0.0,0.0,0.0,0.0,0.0,0.0,0.0,0.0,0.0,0.0,0.0,0.0,0.0,0.0,0.0,0.0,0.0,0.0,0.0,0.0,0.0,0.0,0.0,0.0,0.0,0.0,0.0,0.0,0.0,0.0,0.0,0.0,0.0,0.0,0.0,0.0,0.0,0.0,0.0,0.0,0.0,0.0,0.0,0.0,0.0,0.0,0.0,0.0,0.0,0.0,0.0,0.0,0.0,0.0,0.0,0.0,0.0,0.0,0.0,0.0,0.0,0.0,0.0,0.0,0.0,0.0,0.0,0.0,0.0,0.0,0.0,0.0,0.0,1.0,0.0
356,558,0.0,0.0,0.0,0.0,0.0,0.0,0.0,0.0,0.0,0.0,0.0,0.0,0.0,0.0,0.0,0.0,0.0,0.0,0.0,0.0,0.0,0.0,0.0,0.0,0.0,0.0,0.0,0.0,0.0,0.0,0.0,0.0,0.0,0.0,0.0,0.0,0.0,0.0,0.0,0.0,0.0,0.0,0.0,0.0,0.0,0.0,0.0,0.0,0.0,0.0,0.0,0.0,0.0,0.0,0.0,0.0,0.0,0.0,0.0,0.0,0.0,0.0,0.0,0.0,0.0,0.0,0.0,0.0,0.0,0.0,0.0,0.0,0.0,0.0,0.0,0.0,0.0,0.0,0.0,0.0,0.0,0.0,0.0,0.0,0.0,0.0,0.0,0.0,0.01,0.0,0.0,0.0,0.0,0.0,0.0,0.0,0.0,0.01,0.01,0.97
357,559,0.0,0.0,0.0,0.0,0.0,0.0,0.0,0.0,0.0,1.0,0.0,0.0,0.0,0.0,0.0,0.0,0.0,0.0,0.0,0.0,0.0,0.0,0.0,0.0,0.0,0.0,0.0,0.0,0.0,0.0,0.0,0.0,0.0,0.0,0.0,0.0,0.0,0.0,0.0,0.0,0.0,0.0,0.0,0.0,0.0,0.0,0.0,0.0,0.0,0.0,0.0,0.0,0.0,0.0,0.0,0.0,0.0,0.0,0.0,0.0,0.0,0.0,0.0,0.0,0.0,0.0,0.0,0.0,0.0,0.0,0.0,0.0,0.0,0.0,0.0,0.0,0.0,0.0,0.0,0.0,0.0,0.0,0.0,0.0,0.0,0.0,0.0,0.0,0.0,0.0,0.0,0.0,0.0,0.0,0.0,0.0,0.0,0.0,0.0,0.0
358,560,0.0,0.0,0.0,0.0,0.0,0.0,0.0,0.0,0.97,0.02,0.0,0.0,0.0,0.0,0.0,0.0,0.0,0.0,0.0,0.01,0.0,0.0,0.0,0.0,0.0,0.0,0.0,0.0,0.0,0.0,0.0,0.0,0.0,0.0,0.0,0.0,0.0,0.0,0.0,0.0,0.0,0.0,0.0,0.0,0.0,0.0,0.0,0.0,0.0,0.0,0.0,0.0,0.0,0.0,0.0,0.0,0.0,0.0,0.0,0.0,0.0,0.0,0.0,0.0,0.0,0.0,0.0,0.0,0.0,0.0,0.0,0.0,0.0,0.0,0.0,0.0,0.0,0.0,0.0,0.0,0.0,0.0,0.0,0.0,0.0,0.0,0.0,0.0,0.0,0.0,0.0,0.0,0.0,0.0,0.0,0.0,0.0,0.0,0.0,0.0
359,561,0.0,0.0,0.0,0.0,0.0,0.0,0.0,0.9409,0.0291,0.0102,0.0,0.0,0.0,0.0,0.0,0.0,0.0,0.0,0.0194,0.00030000000000000003,0.0,0.0,0.0,0.0,0.0,0.0,0.0,0.0,0.0,0.0001,0.0,0.0,0.0,0.0,0.0,0.0,0.0,0.0,0.0,0.0,0.0,0.0,0.0,0.0,0.0,0.0,0.0,0.0,0.0,0.0,0.0,0.0,0.0,0.0,0.0,0.0,0.0,0.0,0.0,0.0,0.0,0.0,0.0,0.0,0.0,0.0,0.0,0.0,0.0,0.0,0.0,0.0,0.0,0.0,0.0,0.0,0.0,0.0,0.0,0.0,0.0,0.0,0.0,0.0,0.0,0.0,0.0,0.0,0.0,0.0,0.0,0.0,0.0,0.0,0.0,0.0,0.0,0.0,0.0,0.0
360,562,0.0,0.0,0.0,0.0,0.0,0.0,0.912673,0.037635999999999996,0.019788,0.000498,0.0,0.0,0.0,0.0,0.0,0.0,0.0,0.028227000000000002,0.000582,0.0003000000000000001,0.0,0.0,0.0,0.0,0.0,0.0,0.0,0.0,0.000291,4.000000000000001e-06,0.0,0.0,0.0,0.0,0.0,0.0,0.0,0.0,0.0,1.0000000000000002e-06,0.0,0.0,0.0,0.0,0.0,0.0,0.0,0.0,0.0,0.0,0.0,0.0,0.0,0.0,0.0,0.0,0.0,0.0,0.0,0.0,0.0,0.0,0.0,0.0,0.0,0.0,0.0,0.0,0.0,0.0,0.0,0.0,0.0,0.0,0.0,0.0,0.0,0.0,0.0,0.0,0.0,0.0,0.0,0.0,0.0,0.0,0.0,0.0,0.0,0.0,0.0,0.0,0.0,0.0,0.0,0.0,0.0,0.0,0.0,0.0
361,563,0.0,0.0,0.0,0.0,0.0,0.8852928099999999,0.04563365,0.02897972,0.0010631199999999999,0.00021083999999999998,0.0,0.0,0.0,0.0,0.0,0.0,0.03650692,0.0009408999999999999,0.0007740600000000001,1.3840000000000003e-05,0.0,0.0,0.0,0.0,0.0,0.0,0.0,0.0005645400000000001,9.700000000000002e-06,5.9600000000000005e-06,0.0,0.0,0.0,0.0,0.0,0.0,0.0,0.0,3.88e-06,5.000000000000001e-08,0.0,0.0,0.0,0.0,0.0,0.0,0.0,0.0,0.0,1.0000000000000002e-08,0.0,0.0,0.0,0.0,0.0,0.0,0.0,0.0,0.0,0.0,0.0,0.0,0.0,0.0,0.0,0.0,0.0,0.0,0.0,0.0,0.0,0.0,0.0,0.0,0.0,0.0,0.0,0.0,0.0,0.0,0.0,0.0,0.0,0.0,0.0,0.0,0.0,0.0,0.0,0.0,0.0,0.0,0.0,0.0,0.0,0.0,0.0,0.0,0.0,0.0
362,564,0.0,0.0,0.0,0.0,0.8587340256999999,0.05311756859999999,0.0377846622,0.0017867690999999997,0.0005126837999999999,1.49864e-05,0.0,0.0,0.0,0.0,0.0,0.044264640499999994,0.0013690095,0.00141135,3.3562e-05,1.0047000000000002e-05,0.0,0.0,0.0,0.0,0.0,0.0,0.0009126730000000001,1.8818000000000002e-05,1.9206000000000006e-05,2.955e-07,0.0,0.0,0.0,0.0,0.0,0.0,0.0,9.409000000000001e-06,1.4550000000000003e-07,9.9e-08,0.0,0.0,0.0,0.0,0.0,0.0,0.0,0.0,4.8500000000000004e-08,6.000000000000002e-10,0.0,0.0,0.0,0.0,0.0,0.0,0.0,0.0,0.0,1.0000000000000002e-10,0.0,0.0,0.0,0.0,0.0,0.0,0.0,0.0,0.0,0.0,0.0,0.0,0.0,0.0,0.0,0.0,0.0,0.0,0.0,0.0,0.0,0.0,0.0,0.0,0.0,0.0,0.0,0.0,0.0,0.0,0.0,0.0,0.0,0.0,0.0,0.0,0.0,0.0,0.0,0.0
363,566,0.0,0.0,0.8079828447811299,0.06663776039432,0.05427199042423999,0.0036580298909199994,0.0013905850897199998,7.300405464e-05,1.5102985359999999e-05,4.9509938e-07,0.0,0.0,0.0,0.058308040345029996,0.00240445527196,0.0031233130336799997,0.00010784144168,5.977989332e-05,1.60104126e-06,3.5590408e-07,0.0,0.0,0.0,0.0,0.00180334145397,4.9576397359999994e-05,7.615343512000001e-05,1.75327306e-06,1.0028286800000002e-06,1.7026800000000007e-08,0.0,0.0,0.0,0.0,0.0,3.0985248350000005e-05,6.388711000000001e-07,9.747724000000002e-07,1.667624e-08,6.860280000000002e-09,0.0,0.0,0.0,0.0,0.0,0.0,3.1943555000000006e-07,5.269040000000001e-09,6.681360000000001e-09,8.932000000000002e-11,0.0,0.0,0.0,0.0,0.0,0.0,0.0,1.9758900000000003e-09,2.7160000000000006e-11,2.0720000000000004e-11,0.0,0.0,0.0,0.0,0.0,0.0,0.0,0.0,6.790000000000001e-12,8.000000000000001e-14,0.0,0.0,0.0,0.0,0.0,0.0,0.0,0.0,0.0,1.0000000000000002e-14,0.0,0.0,0.0,0.0,0.0,0.0,0.0,0.0,0.0,0.0,0.0,0.0,0.0,0.0,0.0,0.0,0.0,0.0,0.0,0.0
364,569,0.015988364532528998,0.009784672250299484,0.0015735007767509793,0.0008328740233766673,9.051840026485566e-05,3.0118486087522794e-05,2.4770038361572797e-06,5.6651452466292e-07,3.464949834684e-08,5.308970417999999e-09,0.738129495918422,0.07605946509347165,0.06803301349173621,0.005874195693074814,0.0025884648202340226,0.00018464996487622815,5.102173527485754e-05,2.8694379782539205e-06,4.9364286716856e-07,1.7650476134039998e-08,0.0,0.06844988266132299,0.003527844683875547,0.005209193952787591,0.00023317264491508932,0.0001603686022440742,6.063461665595101e-06,2.4059506214573993e-06,7.103419366896e-08,1.317314704788e-08,0.0,0.0,0.0028221757904598457,9.697597478827531e-05,0.00018046936679138502,5.4244739833805995e-06,4.46609951857764e-06,1.1310276462966001e-07,4.7396586897540004e-08,8.819318865600002e-10,0.0,0.0,0.0,6.788137901033875e-05,1.7494643041390202e-06,3.582000761862601e-06,8.077001253132e-08,6.789318209310002e-08,1.2704010841800002e-09,4.024438754400002e-10,0.0,0.0,0.0,0.0,1.0496562731046e-06,2.1642014060940004e-08,4.4065283172540015e-08,7.9200779748e-10,5.786364007200001e-10,8.329155120000001e-12,0.0,0.0,0.0,0.0,0.0,1.0820815369140001e-08,1.8592278090000003e-10,3.3964325736000016e-10,5.0449641600000004e-12,2.3918011999999994e-12,0.0,0.0,0.0,0.0,0.0,0.0,7.436798328000002e-11,1.0952425199999999e-12,1.5547785200000005e-12,1.9450880000000007e-14,0.0,0.0,0.0,0.0,0.0,0.0,0.0,3.2856228e-13,3.3872400000000006e-15,3.429920000000001e-15,0.0,0.0,0.0,0.0,0.0,0.0,0.0,0.0,0.0,0.0
365,570,0.0,0.0,0.0,0.0,0.0,0.0,0.0,0.0,0.0,0.0,0.0,0.0,0.0,0.0,0.0,0.0,0.0,0.0,0.0,1.0,0.0,0.0,0.0,0.0,0.0,0.0,0.0,0.0,0.0,0.0,0.0,0.0,0.0,0.0,0.0,0.0,0.0,0.0,0.0,0.0,0.0,0.0,0.0,0.0,0.0,0.0,0.0,0.0,0.0,0.0,0.0,0.0,0.0,0.0,0.0,0.0,0.0,0.0,0.0,0.0,0.0,0.0,0.0,0.0,0.0,0.0,0.0,0.0,0.0,0.0,0.0,0.0,0.0,0.0,0.0,0.0,0.0,0.0,0.0,0.0,0.0,0.0,0.0,0.0,0.0,0.0,0.0,0.0,0.0,0.0,0.0,0.0,0.0,0.0,0.0,0.0,0.0,0.0,0.0,0.0
366,571,0.0,0.0,0.0,0.0,0.0,0.0,0.0,0.0,0.0,0.97,0.0,0.0,0.0,0.0,0.0,0.0,0.0,0.0,0.01,0.01,0.0,0.0,0.0,0.0,0.0,0.0,0.0,0.0,0.0,0.01,0.0,0.0,0.0,0.0,0.0,0.0,0.0,0.0,0.0,0.0,0.0,0.0,0.0,0.0,0.0,0.0,0.0,0.0,0.0,0.0,0.0,0.0,0.0,0.0,0.0,0.0,0.0,0.0,0.0,0.0,0.0,0.0,0.0,0.0,0.0,0.0,0.0,0.0,0.0,0.0,0.0,0.0,0.0,0.0,0.0,0.0,0.0,0.0,0.0,0.0,0.0,0.0,0.0,0.0,0.0,0.0,0.0,0.0,0.0,0.0,0.0,0.0,0.0,0.0,0.0,0.0,0.0,0.0,0.0,0.0
367,572,0.0,0.0,0.0,0.0,0.0,0.0,0.0,0.0,0.941,0.0195,0.0,0.0,0.0,0.0,0.0,0.0,0.0,0.0097,0.0097,0.01,0.0,0.0,0.0,0.0,0.0,0.0,0.0,0.0,0.0098,0.0002,0.0,0.0,0.0,0.0,0.0,0.0,0.0,0.0,0.0,0.0001,0.0,0.0,0.0,0.0,0.0,0.0,0.0,0.0,0.0,0.0,0.0,0.0,0.0,0.0,0.0,0.0,0.0,0.0,0.0,0.0,0.0,0.0,0.0,0.0,0.0,0.0,0.0,0.0,0.0,0.0,0.0,0.0,0.0,0.0,0.0,0.0,0.0,0.0,0.0,0.0,0.0,0.0,0.0,0.0,0.0,0.0,0.0,0.0,0.0,0.0,0.0,0.0,0.0,0.0,0.0,0.0,0.0,0.0,0.0,0.0
368,573,0.0,0.0,0.0,0.0,0.0,0.0,0.0,0.912867,0.028421999999999996,0.0099,0.0,0.0,0.0,0.0,0.0,0.0,0.009409,0.009409,0.019305000000000003,0.000394,0.0,0.0,0.0,0.0,0.0,0.0,0.0,0.009602999999999999,0.000291,0.00020099999999999998,0.0,0.0,0.0,0.0,0.0,0.0,0.0,0.0,0.000195,3.0000000000000005e-06,0.0,0.0,0.0,0.0,0.0,0.0,0.0,0.0,0.0,1.0000000000000002e-06,0.0,0.0,0.0,0.0,0.0,0.0,0.0,0.0,0.0,0.0,0.0,0.0,0.0,0.0,0.0,0.0,0.0,0.0,0.0,0.0,0.0,0.0,0.0,0.0,0.0,0.0,0.0,0.0,0.0,0.0,0.0,0.0,0.0,0.0,0.0,0.0,0.0,0.0,0.0,0.0,0.0,0.0,0.0,0.0,0.0,0.0,0.0,0.0,0.0,0.0
369,574,0.0,0.0,0.0,0.0,0.0,0.0,0.88557508,0.036792099999999994,0.01920894,0.00048615999999999997,0.0,0.0,0.0,0.0,0.0,0.00912673,0.00912673,0.028044640000000006,0.0007633999999999999,0.00029800000000000003,0.0,0.0,0.0,0.0,0.0,0.0,0.009408999999999999,0.00037636,0.00048600000000000005,8.89e-06,0.0,0.0,0.0,0.0,0.0,0.0,0.0,0.00028518,5.820000000000001e-06,3.999999999999999e-06,0.0,0.0,0.0,0.0,0.0,0.0,0.0,0.0,2.92e-06,4.000000000000001e-08,0.0,0.0,0.0,0.0,0.0,0.0,0.0,0.0,0.0,1.0000000000000002e-08,0.0,0.0,0.0,0.0,0.0,0.0,0.0,0.0,0.0,0.0,0.0,0.0,0.0,0.0,0.0,0.0,0.0,0.0,0.0,0.0,0.0,0.0,0.0,0.0,0.0,0.0,0.0,0.0,0.0,0.0,0.0,0.0,0.0,0.0,0.0,0.0,0.0,0.0,0.0,0.0
370,575,0.0,0.0,0.0,0.0,0.0,0.8590990948999999,0.044635355099999996,0.028136790000000002,0.0010392195999999999,0.00020479260000000004,0.0,0.0,0.0,0.0,0.008852928099999999,0.008852928099999999,0.036244408900000004,0.0012034498999999998,0.0007664558000000001,1.5564499999999996e-05,0.0,0.0,0.0,0.0,0.0,0.0092179973,0.0004563365,0.0008488082,2.0079099999999996e-05,7.968900000000001e-06,0.0,0.0,0.0,0.0,0.0,0.0,0.00037071459999999995,9.409000000000001e-06,1.1621e-05,1.875e-07,0.0,0.0,0.0,0.0,0.0,0.0,0.0,5.6842e-06,9.700000000000001e-08,6.969999999999998e-08,0.0,0.0,0.0,0.0,0.0,0.0,0.0,0.0,3.89e-08,5.000000000000001e-10,0.0,0.0,0.0,0.0,0.0,0.0,0.0,0.0,0.0,1.0000000000000002e-10,0.0,0.0,0.0,0.0,0.0,0.0,0.0,0.0,0.0,0.0,0.0,0.0,0.0,0.0,0.0,0.0,0.0,0.0,0.0,0.0,0.0,0.0,0.0,0.0,0.0,0.0,0.0,0.0,0.0,0.0
371,576,0.0,0.0,0.0,0.0,0.833414651334,0.051975814676999986,0.036692474889,0.0017477989619999997,0.0004980734760000001,1.4643693000000001e-05,0.0,0.0,0.0,0.008587340256999998,0.008587340256999998,0.043928776835999994,0.0017067925999999997,0.0013957621970000003,3.7725050999999995e-05,9.947818000000002e-06,0.0,0.0,0.0,0.0,0.009029986661999998,0.000531175686,0.001281675162,3.6168681e-05,2.3998683e-05,4.379999999999999e-07,0.0,0.0,0.0,0.0,0.0,0.00045177313499999993,1.3690095000000001e-05,2.352444e-05,4.77726e-07,1.98471e-07,0.0,0.0,0.0,0.0,0.0,0.0,9.22082e-06,1.8818000000000003e-07,2.4104999999999995e-07,3.5470000000000003e-09,0.0,0.0,0.0,0.0,0.0,0.0,0.0,9.4575e-08,1.4550000000000002e-09,1.092e-09,0.0,0.0,0.0,0.0,0.0,0.0,0.0,0.0,4.86e-10,6.000000000000002e-12,0.0,0.0,0.0,0.0,0.0,0.0,0.0,0.0,0.0,1.0000000000000002e-12,0.0,0.0,0.0,0.0,0.0,0.0,0.0,0.0,0.0,0.0,0.0,0.0,0.0,0.0,0.0,0.0,0.0,0.0,0.0,0.0
372,577,0.0,0.0,0.0,0.80849808519655,0.05883656015259998,0.0448848930708,0.0025991158147999995,0.0008814916322000001,3.70403571e-05,5.373086800000001e-06,0.0,0.0,0.008329720049289998,0.008329720049289998,0.05112123331344999,0.0022665321281999996,0.0021729185999600003,7.15009019e-05,2.8827727020000005e-05,6.2754562e-07,0.0,0.0,0.0,0.008844960464709999,0.00060111381799,0.0017773302734699998,5.760020438e-05,5.0288340500000005e-05,1.16857458e-06,3.4582972e-07,0.0,0.0,0.0,0.0,0.0005285198075699999,1.8591149010000003e-05,4.024539797e-05,9.6386378e-07,6.701586e-07,1.1177439999999998e-08,0.0,0.0,0.0,0.0,0.0,1.3461926749999999e-05,3.1943555000000006e-07,5.622168499999999e-07,1.01142e-08,4.4416e-09,0.0,0.0,0.0,0.0,0.0,0.0,1.8394594999999998e-07,3.2931500000000008e-09,4.420349999999999e-09,6.1e-11,0.0,0.0,0.0,0.0,0.0,0.0,0.0,1.41717e-09,2.0370000000000003e-11,1.585e-11,0.0,0.0,0.0,0.0,0.0,0.0,0.0,0.0,5.83e-12,7.000000000000003e-14,0.0,0.0,0.0,0.0,0.0,0.0,0.0,0.0,0.0,1.0000000000000002e-14,0.0,0.0,0.0,0.0,0.0,0.0,0.0,0.0,0.0,0.0
373,578,0.0,0.0,0.7843264398411464,0.06523974140048037,0.052722905065302,0.0035810221938719993,0.0013516161580896002,7.1450229876e-05,1.4685491359200002e-05,4.841407632e-07,0.0,0.008079828447811297,0.008079828447811297,0.057844323971151995,0.0028762101045527997,0.003085565608538401,0.00011858835631679998,5.9009880936000014e-05,1.7058175872000001e-06,3.517418916000001e-07,0.0,0.0,0.008662908851261598,0.0006663776039432,0.0023289575011231998,8.47345692006e-05,8.8684632999e-05,2.4341670432e-06,1.1333170895999999e-06,2.15312736e-08,0.0,0.0,0.0,0.0006011138179899999,2.4044552719600004e-05,6.22311561088e-05,1.7000557559999998e-06,1.5610133952e-06,3.22676424e-08,1.0316073600000001e-08,0.0,0.0,0.0,0.0,1.8343267023199996e-05,4.957639736000001e-07,1.0842630512e-06,2.2676698800000002e-08,1.667631e-08,2.579424e-10,0.0,0.0,0.0,0.0,0.0,3.13046839e-07,6.3887110000000015e-09,1.1763539199999997e-08,1.9344720000000003e-10,8.9388e-11,0.0,0.0,0.0,0.0,0.0,0.0,3.2141144e-09,5.269040000000001e-11,7.380799999999998e-11,9.728999999999998e-13,0.0,0.0,0.0,0.0,0.0,0.0,0.0,1.98268e-11,2.7160000000000007e-13,2.176e-13,0.0,0.0,0.0,0.0,0.0,0.0,0.0,0.0,6.8e-14,0.0,0.0,0.0,0.0,0.0,0.0,0.0,0.0,0.0,0.0,0.0
374,579,0.0,0.7608774449303901,0.07120661184135553,0.060215322965470726,0.004681980093759191,0.0019049626020240362,0.000119818990062504,2.9065689307440005e-05,1.3480319285280001e-06,1.6005514777200006e-07,0.007837433594376959,0.007837433594376959,0.06411968602341964,0.0035297832759385644,0.004121960505658021,0.00018045037430354998,0.00010249824850419001,3.579370591944e-06,1.0894765287000002e-06,2.5632315156e-08,0.0,0.008483819870201862,0.000727184560303017,0.0029301722424935396,0.00011785885473673801,0.000140791636666734,4.411371844637999e-06,2.591872850214e-06,6.260785811999999e-08,1.5169063284e-08,0.0,0.0,0.0006697094919629158,2.9986992177444005e-05,8.984836728689999e-05,2.741802942258e-06,3.034183514934e-06,7.2868608108e-08,3.711665934e-08,6.4372932e-10,0.0,0.0,0.0,2.3804107192403992e-05,7.213365815880001e-07,1.8606098593739999e-06,4.4018482242e-08,4.2746420555999996e-08,8.01582012e-10,2.7339714e-10,0.0,0.0,0.0,0.0,4.87088104062e-07,1.1154689406000002e-08,2.5415873069999997e-08,4.788247860000001e-10,3.71842932e-10,5.417504999999999e-12,0.0,0.0,0.0,0.0,0.0,6.248159358e-09,1.1499679800000002e-10,2.2156856399999994e-10,3.4078049999999997e-12,1.6438649999999999e-12,0.0,0.0,0.0,0.0,0.0,0.0,5.137314e-11,7.903560000000002e-13,1.1480999999999997e-12,1.4621e-14,0.0,0.0,0.0,0.0,0.0,0.0,0.0,2.64228e-13,2.7160000000000007e-15,2.8560000000000003e-15,0.0,0.0,0.0,0.0,0.0,0.0,0.0,0.0,0.0,0.0
375,581,0.0,0.0,0.0,0.0,0.0,0.0,0.0,0.0,0.0,0.0,0.0,0.0,0.0,0.0,0.0,0.0,0.0,0.0,0.0,0.0,0.0,0.0,0.0,0.0,0.0,0.0,0.0,0.0,0.0,1.0,0.0,0.0,0.0,0.0,0.0,0.0,0.0,0.0,0.0,0.0,0.0,0.0,0.0,0.0,0.0,0.0,0.0,0.0,0.0,0.0,0.0,0.0,0.0,0.0,0.0,0.0,0.0,0.0,0.0,0.0,0.0,0.0,0.0,0.0,0.0,0.0,0.0,0.0,0.0,0.0,0.0,0.0,0.0,0.0,0.0,0.0,0.0,0.0,0.0,0.0,0.0,0.0,0.0,0.0,0.0,0.0,0.0,0.0,0.0,0.0,0.0,0.0,0.0,0.0,0.0,0.0,0.0,0.0,0.0,0.0
376,582,0.0,0.0,0.0,0.0,0.0,0.0,0.0,0.0,0.0,0.0,0.0,0.0,0.0,0.0,0.0,0.0,0.0,0.0,0.0,0.97,0.0,0.0,0.0,0.0,0.0,0.0,0.0,0.0,0.01,0.01,0.0,0.0,0.0,0.0,0.0,0.0,0.0,0.0,0.0,0.01,0.0,0.0,0.0,0.0,0.0,0.0,0.0,0.0,0.0,0.0,0.0,0.0,0.0,0.0,0.0,0.0,0.0,0.0,0.0,0.0,0.0,0.0,0.0,0.0,0.0,0.0,0.0,0.0,0.0,0.0,0.0,0.0,0.0,0.0,0.0,0.0,0.0,0.0,0.0,0.0,0.0,0.0,0.0,0.0,0.0,0.0,0.0,0.0,0.0,0.0,0.0,0.0,0.0,0.0,0.0,0.0,0.0,0.0,0.0,0.0
377,583,0.0,0.0,0.0,0.0,0.0,0.0,0.0,0.0,0.0,0.9409,0.0,0.0,0.0,0.0,0.0,0.0,0.0,0.0,0.0194,0.0194,0.0,0.0,0.0,0.0,0.0,0.0,0.0,0.0001,0.0001,0.0196,0.0,0.0,0.0,0.0,0.0,0.0,0.0,0.0,0.0002,0.0002,0.0,0.0,0.0,0.0,0.0,0.0,0.0,0.0,0.0,0.0001,0.0,0.0,0.0,0.0,0.0,0.0,0.0,0.0,0.0,0.0,0.0,0.0,0.0,0.0,0.0,0.0,0.0,0.0,0.0,0.0,0.0,0.0,0.0,0.0,0.0,0.0,0.0,0.0,0.0,0.0,0.0,0.0,0.0,0.0,0.0,0.0,0.0,0.0,0.0,0.0,0.0,0.0,0.0,0.0,0.0,0.0,0.0,0.0,0.0,0.0
378,584,0.0,0.0,0.0,0.0,0.0,0.0,0.0,0.0,0.912867,0.019011999999999998,0.0,0.0,0.0,0.0,0.0,0.0,0.0,0.018819000000000002,0.018819000000000002,0.009992999999999998,0.0,0.0,0.0,0.0,0.0,0.0,9.7e-05,9.7e-05,0.019208999999999997,0.00039299999999999996,0.0,0.0,0.0,0.0,0.0,0.0,0.0,0.000195,0.000195,0.00020099999999999998,0.0,0.0,0.0,0.0,0.0,0.0,0.0,0.0,9.9e-05,3.0000000000000005e-06,0.0,0.0,0.0,0.0,0.0,0.0,0.0,0.0,0.0,1.0000000000000002e-06,0.0,0.0,0.0,0.0,0.0,0.0,0.0,0.0,0.0,0.0,0.0,0.0,0.0,0.0,0.0,0.0,0.0,0.0,0.0,0.0,0.0,0.0,0.0,0.0,0.0,0.0,0.0,0.0,0.0,0.0,0.0,0.0,0.0,0.0,0.0,0.0,0.0,0.0,0.0,0.0
379,585,0.0,0.0,0.0,0.0,0.0,0.0,0.0,0.88566918,0.0277585,0.00960884,0.0,0.0,0.0,0.0,0.0,0.0,0.0182554,0.0182554,0.01920216,0.00048216999999999997,0.0,0.0,0.0,0.0,0.0,9.409e-05,9.409e-05,0.018823839999999998,0.00057232,0.00029795999999999995,0.0,0.0,0.0,0.0,0.0,0.0,0.00019012,0.00019012,0.00038999999999999994,7.919999999999999e-06,0.0,0.0,0.0,0.0,0.0,0.0,0.0,9.797999999999998e-05,4.860000000000001e-06,3.04e-06,0.0,0.0,0.0,0.0,0.0,0.0,0.0,0.0,1.96e-06,4.000000000000001e-08,0.0,0.0,0.0,0.0,0.0,0.0,0.0,0.0,0.0,1.0000000000000002e-08,0.0,0.0,0.0,0.0,0.0,0.0,0.0,0.0,0.0,0.0,0.0,0.0,0.0,0.0,0.0,0.0,0.0,0.0,0.0,0.0,0.0,0.0,0.0,0.0,0.0,0.0,0.0,0.0,0.0,0.0
380,586,0.0,0.0,0.0,0.0,0.0,0.0,0.8592816585999999,0.0359649908,0.0186468732,0.0004745835,0.0,0.0,0.0,0.0,0.0,0.0177086789,0.0177086789,0.027853579399999998,0.0009335671,0.00029591130000000004,0.0,0.0,0.0,0.0,9.12673e-05,9.12673e-05,0.0184445209,0.0007405465,0.0006731812,1.3603699999999998e-05,0.0,0.0,0.0,0.0,0.0,0.0001853573,0.0001853573,0.0005694193999999999,1.53554e-05,6.989199999999998e-06,0.0,0.0,0.0,0.0,0.0,0.0,9.694179999999997e-05,6.615400000000001e-06,7.848199999999999e-06,1.5860000000000003e-07,0.0,0.0,0.0,0.0,0.0,0.0,0.0,2.881e-06,8.740000000000001e-08,5.0499999999999996e-08,0.0,0.0,0.0,0.0,0.0,0.0,0.0,0.0,2.93e-08,5.000000000000001e-10,0.0,0.0,0.0,0.0,0.0,0.0,0.0,0.0,0.0,1.0000000000000002e-10,0.0,0.0,0.0,0.0,0.0,0.0,0.0,0.0,0.0,0.0,0.0,0.0,0.0,0.0,0.0,0.0,0.0,0.0,0.0,0.0
381,587,0.0,0.0,0.0,0.0,0.0,0.8336802956309999,0.043655944450999996,0.027318469292000002,0.001015800306,0.00019891951500000004,0.0,0.0,0.0,0.0,0.017178331206,0.017178331206,0.035972320602,0.0014497022489999999,0.0007587702990000001,1.7176656e-05,0.0,0.0,0.0,8.8529281e-05,8.8529281e-05,0.018071038308000005,0.00089818314,0.0011216609609999999,3.0090278999999995e-05,9.896854000000001e-06,0.0,0.0,0.0,0.0,0.000180709254,0.000180709254,0.0007396050179999999,2.421993e-05,1.9284011999999996e-05,3.6106899999999996e-07,0.0,0.0,0.0,0.0,0.0,9.588711899999996e-05,8.270511000000002e-06,1.4305175999999997e-05,3.74424e-07,1.5046499999999996e-07,0.0,0.0,0.0,0.0,0.0,0.0,3.7639879999999995e-06,1.5093200000000002e-07,1.5656999999999998e-07,2.9700000000000003e-09,0.0,0.0,0.0,0.0,0.0,0.0,0.0,5.7231000000000005e-08,1.3590000000000004e-09,8.04e-10,0.0,0.0,0.0,0.0,0.0,0.0,0.0,0.0,3.9000000000000005e-10,6.000000000000002e-12,0.0,0.0,0.0,0.0,0.0,0.0,0.0,0.0,0.0,1.0000000000000002e-12,0.0,0.0,0.0,0.0,0.0,0.0,0.0,0.0,0.0,0.0
382,588,0.0,0.0,0.0,0.0,0.8088416700741299,0.05085485238583999,0.03563200082008,0.00170956745674,0.00048388232852000004,1.430815992e-05,0.0,0.0,0.0,0.01666386656263,0.01666386656263,0.04358244763539,0.0020235357694999997,0.00138013169858,4.1617284660000004e-05,9.84763324e-06,0.0,0.0,8.587340257e-05,8.587340257e-05,0.017703382856170007,0.00104571334321,0.0016358407714499998,5.290862382e-05,2.8597101100000002e-05,5.7524858e-07,0.0,0.0,0.0,0.00017617326918999997,0.00017617326918999997,0.00090089321427,3.436496115e-05,3.7461203189999995e-05,8.970832599999999e-07,2.9692399999999994e-07,0.0,0.0,0.0,0.0,9.481759796999996e-05,9.829488210000002e-06,2.2268581969999993e-05,6.8960501e-07,4.834086299999999e-07,8.88928e-09,0.0,0.0,0.0,0.0,0.0,4.609939549999999e-06,2.2910915e-07,3.3313685e-07,8.148049999999999e-09,3.1080899999999993e-09,0.0,0.0,0.0,0.0,0.0,0.0,9.315394999999999e-08,2.8275500000000002e-09,2.9217899999999997e-09,5.139e-11,0.0,0.0,0.0,0.0,0.0,0.0,0.0,9.5061e-10,1.9410000000000004e-11,1.201e-11,0.0,0.0,0.0,0.0,0.0,0.0,0.0,0.0,4.870000000000001e-12,7.000000000000003e-14,0.0,0.0,0.0,0.0,0.0,0.0,0.0,0.0,0.0,1.0000000000000002e-14
383,589,0.0,0.0,0.0,0.7847430586375322,0.05758426218063239,0.0435958304964312,0.002543384322792,0.0008565828584184001,3.62295858216e-05,5.223462816000001e-06,0.0,0.0,0.016164809299776803,0.016164809299776803,0.0507070634012576,0.0026484740193317997,0.0021472306398918,7.82288846208e-05,2.84783155248e-05,6.634832639999999e-07,0.0,8.329720049289999e-05,8.329720049289999e-05,0.017341540502828805,0.0011836010752576,0.0022086327853647995,8.2357505844e-05,5.82735247992e-05,1.5122210399999998e-06,3.9316906919999997e-07,0.0,0.0,0.00017174680513999996,0.00017174680513999996,0.0010536101550752,4.56511733216e-05,6.19273927712e-05,1.749802662e-06,9.534334092000001e-07,1.7781451199999997e-08,0.0,0.0,0.0,9.373480272279995e-05,1.12963362556e-05,3.160373202879999e-05,1.1131524448000002e-06,1.0695355911999999e-06,2.45709648e-08,7.923299999999999e-09,0.0,0.0,0.0,0.0,5.419817343199999e-06,3.2053075760000004e-07,5.928594991999998e-07,1.7119025599999998e-08,1.1209519999999997e-08,2.019681e-10,0.0,0.0,0.0,0.0,0.0,1.3645872699999998e-07,5.033815e-09,7.106550399999999e-09,1.5979839999999996e-10,6.093279999999999e-11,0.0,0.0,0.0,0.0,0.0,0.0,1.8536312e-09,4.710320000000001e-11,5.04224e-11,8.288000000000002e-13,0.0,0.0,0.0,0.0,0.0,0.0,0.0,1.4230000000000002e-11,2.620000000000001e-13,1.6960000000000003e-13,0.0,0.0,0.0,0.0,0.0,0.0,0.0,0.0,5.840000000000001e-14,0.0
384,590,0.0,0.0,0.761362414971404,0.0638658129945865,0.051218299423732475,0.0035053684600721935,0.001313749827256998,6.9924658905264e-05,1.4279666529168e-05,4.73399947176e-07,0.0,0.015680697992788428,0.015680697992788428,0.05736834558362125,0.003318346524308513,0.003047928987525582,0.00012862417656185398,5.8244836290150005e-05,1.803285680904e-06,3.4758430674e-07,8.079828447811299e-05,8.079828447811299e-05,0.016985492820798042,0.0013122915760539688,0.0028333959423954714,0.00011866404334778999,0.00010070322723550201,3.090216340068e-06,1.2584267344559999e-06,2.5866548243999997e-08,0.0,0.00016742737299072896,0.00016742737299072896,0.0011980720715298603,5.7948080288484e-05,9.300803771275199e-05,2.9885268982440003e-06,2.1375349385399998e-06,5.0113954331999996e-08,1.3723072296e-08,0.0,0.0,9.264022669251596e-05,1.2674914219332e-05,4.218326781934799e-05,1.6524382748040003e-06,1.9786893664559997e-06,5.263457718000001e-08,2.8027386203999995e-08,5.04776841e-10,0.0,0.0,0.0,6.194570850131998e-06,4.23878197428e-07,9.466737952139997e-07,3.0992625006e-08,2.7568250807999994e-08,6.14406945e-10,1.9395720899999998e-10,0.0,0.0,0.0,0.0,1.8656313862199998e-07,8.088108126e-09,1.4205072461999996e-08,3.7700388599999987e-10,2.4276974399999994e-10,4.2352809999999995e-12,0.0,0.0,0.0,0.0,0.0,3.1626095339999996e-09,9.602825400000002e-11,1.3865384399999998e-10,2.875572e-12,1.123536e-12,0.0,0.0,0.0,0.0,0.0,0.0,3.2339412e-11,7.251720000000002e-13,8.1162e-13,1.2604000000000004e-14,0.0,0.0,0.0,0.0,0.0,0.0,0.0,1.9894800000000003e-13,3.204000000000001e-15,2.2800000000000004e-15
385,592,0.0,0.0,0.0,0.0,0.0,0.0,0.0,0.0,0.0,0.0,0.0,0.0,0.0,0.0,0.0,0.0,0.0,0.0,0.0,0.0,0.0,0.0,0.0,0.0,0.0,0.0,0.0,0.0,0.0,0.0,0.0,0.0,0.0,0.0,0.0,0.0,0.0,0.0,0.0,1.0,0.0,0.0,0.0,0.0,0.0,0.0,0.0,0.0,0.0,0.0,0.0,0.0,0.0,0.0,0.0,0.0,0.0,0.0,0.0,0.0,0.0,0.0,0.0,0.0,0.0,0.0,0.0,0.0,0.0,0.0,0.0,0.0,0.0,0.0,0.0,0.0,0.0,0.0,0.0,0.0,0.0,0.0,0.0,0.0,0.0,0.0,0.0,0.0,0.0,0.0,0.0,0.0,0.0,0.0,0.0,0.0,0.0,0.0,0.0,0.0
386,593,0.0,0.0,0.0,0.0,0.0,0.0,0.0,0.0,0.0,0.0,0.0,0.0,0.0,0.0,0.0,0.0,0.0,0.0,0.0,0.0,0.0,0.0,0.0,0.0,0.0,0.0,0.0,0.0,0.0,0.97,0.0,0.0,0.0,0.0,0.0,0.0,0.0,0.0,0.01,0.01,0.0,0.0,0.0,0.0,0.0,0.0,0.0,0.0,0.0,0.01,0.0,0.0,0.0,0.0,0.0,0.0,0.0,0.0,0.0,0.0,0.0,0.0,0.0,0.0,0.0,0.0,0.0,0.0,0.0,0.0,0.0,0.0,0.0,0.0,0.0,0.0,0.0,0.0,0.0,0.0,0.0,0.0,0.0,0.0,0.0,0.0,0.0,0.0,0.0,0.0,0.0,0.0,0.0,0.0,0.0,0.0,0.0,0.0,0.0,0.0
387,594,0.0,0.0,0.0,0.0,0.0,0.0,0.0,0.0,0.0,0.0,0.0,0.0,0.0,0.0,0.0,0.0,0.0,0.0,0.0,0.9409,0.0,0.0,0.0,0.0,0.0,0.0,0.0,0.0,0.0194,0.0194,0.0,0.0,0.0,0.0,0.0,0.0,0.0,0.0001,0.0001,0.0196,0.0,0.0,0.0,0.0,0.0,0.0,0.0,0.0,0.0002,0.0002,0.0,0.0,0.0,0.0,0.0,0.0,0.0,0.0,0.0,0.0001,0.0,0.0,0.0,0.0,0.0,0.0,0.0,0.0,0.0,0.0,0.0,0.0,0.0,0.0,0.0,0.0,0.0,0.0,0.0,0.0,0.0,0.0,0.0,0.0,0.0,0.0,0.0,0.0,0.0,0.0,0.0,0.0,0.0,0.0,0.0,0.0,0.0,0.0,0.0,0.0
388,595,0.0,0.0,0.0,0.0,0.0,0.0,0.0,0.0,0.0,0.912673,0.0,0.0,0.0,0.0,0.0,0.0,0.0,0.0,0.028227000000000002,0.028227000000000002,0.0,0.0,0.0,0.0,0.0,0.0,0.0,0.000291,0.000291,0.028808999999999994,0.0,0.0,0.0,0.0,0.0,0.0,1.0000000000000002e-06,1.0000000000000002e-06,0.000585,0.000585,0.0,0.0,0.0,0.0,0.0,0.0,0.0,3.0000000000000005e-06,3.0000000000000005e-06,0.00029699999999999996,0.0,0.0,0.0,0.0,0.0,0.0,0.0,0.0,3.0000000000000005e-06,3.0000000000000005e-06,0.0,0.0,0.0,0.0,0.0,0.0,0.0,0.0,0.0,1.0000000000000002e-06,0.0,0.0,0.0,0.0,0.0,0.0,0.0,0.0,0.0,0.0,0.0,0.0,0.0,0.0,0.0,0.0,0.0,0.0,0.0,0.0,0.0,0.0,0.0,0.0,0.0,0.0,0.0,0.0,0.0,0.0
389,596,0.0,0.0,0.0,0.0,0.0,0.0,0.0,0.0,0.88557508,0.01853573,0.0,0.0,0.0,0.0,0.0,0.0,0.0,0.0273831,0.0273831,0.00997936,0.0,0.0,0.0,0.0,0.0,0.0,0.00028228,0.00028228,0.028235759999999995,0.00057912,0.0,0.0,0.0,0.0,0.0,9.7e-07,9.7e-07,0.0005704000000000001,0.0005704000000000001,0.00030275999999999995,0.0,0.0,0.0,0.0,0.0,0.0,2.9200000000000004e-06,2.9200000000000004e-06,0.00029399999999999994,8.88e-06,0.0,0.0,0.0,0.0,0.0,0.0,0.0,2.9400000000000007e-06,2.9400000000000007e-06,3.0399999999999997e-06,0.0,0.0,0.0,0.0,0.0,0.0,0.0,0.0,1e-06,4.000000000000001e-08,0.0,0.0,0.0,0.0,0.0,0.0,0.0,0.0,0.0,1.0000000000000002e-08,0.0,0.0,0.0,0.0,0.0,0.0,0.0,0.0,0.0,0.0,0.0,0.0,0.0,0.0,0.0,0.0,0.0,0.0,0.0,0.0
390,597,0.0,0.0,0.0,0.0,0.0,0.0,0.0,0.8592816585999999,0.0271092399,0.009326258999999998,0.0,0.0,0.0,0.0,0.0,0.0,0.0265644298,0.0265644298,0.0190919186,0.0005647731,0.0,0.0,0.0,0.0,0.0,0.0002738213,0.0002738213,0.02767104499999999,0.0008441042000000001,0.0003909699999999999,0.0,0.0,0.0,0.0,9.409e-07,9.409e-07,0.0005561497,0.0005561497,0.0005846787999999999,1.4611599999999999e-05,0.0,0.0,0.0,0.0,0.0,2.8421000000000003e-06,2.8421000000000003e-06,0.00029094259999999997,1.43762e-05,6.086799999999998e-06,0.0,0.0,0.0,0.0,0.0,0.0,2.8810000000000005e-06,2.8810000000000005e-06,5.9281999999999986e-06,1.49e-07,0.0,0.0,0.0,0.0,0.0,0.0,0.0,9.994000000000001e-07,6.820000000000002e-08,4.089999999999999e-08,0.0,0.0,0.0,0.0,0.0,0.0,0.0,0.0,1.97e-08,5.000000000000001e-10,0.0,0.0,0.0,0.0,0.0,0.0,0.0,0.0,0.0,1.0000000000000002e-10,0.0,0.0,0.0,0.0,0.0,0.0,0.0,0.0,0.0,0.0
391,603,0.0,0.0,0.0,0.0,0.0,0.0,0.0,0.0,0.0,0.0,0.0,0.0,0.0,0.0,0.0,0.0,0.0,0.0,0.0,0.0,0.0,0.0,0.0,0.0,0.0,0.0,0.0,0.0,0.0,0.0,0.0,0.0,0.0,0.0,0.0,0.0,0.0,0.0,0.0,0.0,0.0,0.0,0.0,0.0,0.0,0.0,0.0,0.0,0.0,1.0,0.0,0.0,0.0,0.0,0.0,0.0,0.0,0.0,0.0,0.0,0.0,0.0,0.0,0.0,0.0,0.0,0.0,0.0,0.0,0.0,0.0,0.0,0.0,0.0,0.0,0.0,0.0,0.0,0.0,0.0,0.0,0.0,0.0,0.0,0.0,0.0,0.0,0.0,0.0,0.0,0.0,0.0,0.0,0.0,0.0,0.0,0.0,0.0,0.0,0.0
392,610,0.0,0.0,0.0,0.0,0.0,0.0,0.80901348989699,0.034360149391279994,0.0175717331748,0.00045220031523999994,0.0,0.0,0.0,0.0,0.0,0.03333481659682999,0.03333481659682999,0.027447395217169997,0.00124220781756,0.00029148884319999996,0.0,0.0,0.0,0.0,0.0005153499390899999,0.0005153499390899999,0.03542831046388999,0.0014330665598899996,0.0010247821926299997,2.2516158399999994e-05,0.0,0.0,0.0,3.5414535099999996e-06,3.5414535099999996e-06,0.0010574811029099998,0.0010574811029099998,0.0011335066748699998,4.4439593909999996e-05,1.2918935769999998e-05,0.0,0.0,9.12673e-09,9.12673e-09,1.0770958570000003e-05,1.0770958570000003e-05,0.0005695763400899999,3.8565499769999996e-05,2.346752329e-05,6.173997699999999e-07,0.0,0.0,0.0,3.678919000000001e-08,3.678919000000001e-08,1.1066706749999995e-05,1.1066706749999999e-05,1.7495857590000002e-05,7.420796699999999e-07,2.2506697e-07,0.0,0.0,0.0,0.0,5.589237e-08,5.589237e-08,3.98892533e-06,3.7586933e-07,2.6060030999999995e-07,7.2956699999999995e-09,0.0,0.0,0.0,0.0,0.0,3.821219e-08,3.821219e-08,1.1818805e-07,5.41973e-09,1.8658499999999997e-09,0.0,0.0,0.0,0.0,0.0,0.0,1.027331e-08,1.2406700000000002e-09,1.4059499999999999e-09,3.7960000000000004e-11,0.0,0.0,0.0,0.0,0.0,0.0,0.0,2.9397e-10,1.7560000000000002e-11,7.280000000000001e-12
393,611,0.0,0.0,0.0,0.0,0.0,0.7850764333660485,0.04175282797447979,0.025752791524610394,0.0009703752096191999,0.0001876762264848,0.0,0.0,0.0,0.0,0.032339925598315986,0.032339925598315986,0.035401739530232,0.0018962219085131996,0.0007431832837499999,2.0084131344e-05,0.0,0.0,0.0,0.0004999248554523999,0.0004999248554523999,0.03471453762636159,0.0017391510394815994,0.0016341308504103996,4.903781336159999e-05,1.3517061299999998e-05,0.0,0.0,3.4353011719999995e-06,3.4353011719999995e-06,0.0010310532933343998,0.0010310532933343998,0.0014700551536927996,6.839753771839999e-05,3.4348931604799994e-05,8.049208785e-07,0.0,8.852928099999999e-09,8.852928099999999e-09,1.0483703507200002e-05,1.0483703507200002e-05,0.0005632822375695999,4.820172245919999e-05,3.99692863168e-05,1.4363495103999998e-06,3.72289258e-07,0.0,0.0,3.5776781600000006e-08,3.5776781600000006e-08,1.0843341948799996e-05,1.0843341948799999e-05,2.2817301584e-05,1.2198980384000001e-06,6.305547728000001e-07,1.59184208e-08,0.0,0.0,0.0,5.45834908e-08,5.45834908e-08,3.9808656832e-06,4.7620136319999995e-07,4.6881201039999994e-07,1.83104872e-08,4.948288000000001e-09,0.0,0.0,0.0,0.0,3.7624748e-08,3.7624748e-08,1.550165168e-07,9.410359999999999e-09,5.6118176e-09,1.4619209999999999e-10,0.0,0.0,0.0,0.0,0.0,1.03472326e-08,1.5855718e-09,2.6513247999999998e-09,1.036008e-10,3.317039999999999e-11,0.0,0.0,0.0,0.0,0.0,0.0,3.8788400000000004e-10,3.2379600000000004e-11,2.42364e-11,7.008000000000002e-13
394,614,0.0,0.0,0.0,0.0,0.0,0.0,0.0,0.0,0.0,0.0,0.0,0.0,0.0,0.0,0.0,0.0,0.0,0.0,0.0,0.0,0.0,0.0,0.0,0.0,0.0,0.0,0.0,0.0,0.0,0.0,0.0,0.0,0.0,0.0,0.0,0.0,0.0,0.0,0.0,0.0,0.0,0.0,0.0,0.0,0.0,0.0,0.0,0.0,0.0,0.0,0.0,0.0,0.0,0.0,0.0,0.0,0.0,0.0,0.0,0.0,0.0,0.0,0.0,0.0,0.0,0.0,0.0,0.0,0.0,1.0,0.0,0.0,0.0,0.0,0.0,0.0,0.0,0.0,0.0,0.0,0.0,0.0,0.0,0.0,0.0,0.0,0.0,0.0,0.0,0.0,0.0,0.0,0.0,0.0,0.0,0.0,0.0,0.0,0.0,0.0
395,618,0.0,0.0,0.0,0.0,0.0,0.0,0.0,0.0,0.0,0.0,0.0,0.0,0.0,0.0,0.0,0.0,0.0,0.0,0.0,0.0,0.0,0.0,0.0,0.0,0.0,0.0,0.0,0.0,0.0,0.0,0.0,0.0,0.0,0.0,0.0,0.0,0.0,0.0,0.0,0.0,0.0,0.0,0.0,0.0,0.0,0.0,0.0,0.0,0.0,0.0,0.0,0.0,0.0,0.0,0.0,0.0,0.0,0.0,0.0,0.0,0.0,0.0,0.0,0.0,0.0,0.0,0.0,0.0,0.0,0.0,0.0,0.0,0.0,0.0,0.0,0.0,0.0,0.0,0.0,1.0,0.0,0.0,0.0,0.0,0.0,0.0,0.0,0.0,0.0,0.0,0.0,0.0,0.0,0.0,0.0,0.0,0.0,0.0,0.0,0.0
396,619,0.0,0.0,0.0,0.0,0.0,0.0,0.0,0.0,0.0,0.0,0.0,0.0,0.0,0.0,0.0,0.0,0.0,0.0,0.0,0.0,0.0,0.0,0.0,0.0,0.0,0.0,0.0,0.0,0.0,0.0,0.0,0.0,0.0,0.0,0.0,0.0,0.0,0.0,0.0,0.0,0.0,0.0,0.0,0.0,0.0,0.0,0.0,0.0,0.0,0.0,0.0,0.0,0.0,0.0,0.0,0.0,0.0,0.0,0.0,0.0,0.0,0.0,0.0,0.0,0.0,0.0,0.0,0.0,0.0,0.01,0.0,0.0,0.0,0.0,0.0,0.0,0.0,0.0,0.01,0.01,0.0,0.0,0.0,0.0,0.0,0.0,0.0,0.0,0.0,0.97,0.0,0.0,0.0,0.0,0.0,0.0,0.0,0.0,0.0,0.0
397,620,0.0,0.0,0.0,0.0,0.0,0.0,0.0,0.0,0.0,0.0,0.0,0.0,0.0,0.0,0.0,0.0,0.0,0.0,0.0,0.0,0.0,0.0,0.0,0.0,0.0,0.0,0.0,0.0,0.0,0.0,0.0,0.0,0.0,0.0,0.0,0.0,0.0,0.0,0.0,0.0,0.0,0.0,0.0,0.0,0.0,0.0,0.0,0.0,0.0,0.0,0.0,0.0,0.0,0.0,0.0,0.0,0.0,0.0,0.0,0.0001,0.0,0.0,0.0,0.0,0.0,0.0,0.0,0.0,0.0002,0.0002,0.0,0.0,0.0,0.0,0.0,0.0,0.0,0.0001,0.0001,0.0196,0.0,0.0,0.0,0.0,0.0,0.0,0.0,0.0,0.0194,0.0194,0.0,0.0,0.0,0.0,0.0,0.0,0.0,0.0,0.0,0.9409
398,621,0.0,0.0,0.0,0.0,0.0,0.0,0.0,0.0,0.0,0.0,0.0,0.0,0.0,0.0,0.0,0.0,0.0,0.0,0.0,0.0,0.0,0.0,0.0,0.0,0.0,0.0,0.0,0.0,0.0,0.0,0.0,0.0,0.0,0.0,0.0,0.0,0.0,0.0,0.0,0.0,0.0,0.0,0.0,0.0,0.0,0.0,0.0,0.0,0.0,0.0,0.0,0.0,0.0,0.0,0.0,0.0,0.0,0.0,0.0,0.0,0.0,0.0,0.0,0.0,0.0,0.0,0.0,0.0,0.0,0.0,0.0,0.0,0.0,0.0,0.0,0.0,0.0,0.0,0.0,0.0,0.0,0.0,0.0,0.0,0.0,0.0,0.0,0.0,0.0,1.0,0.0,0.0,0.0,0.0,0.0,0.0,0.0,0.0,0.0,0.0
399,623,0.0,0.0,0.0,0.0,0.0,0.0,0.0,0.0,0.0,0.0,0.0,0.0,0.0,0.0,0.0,0.0,0.0,0.0,0.0,0.0,0.0,0.0,0.0,0.0,0.0,0.0,0.0,0.0,0.0,0.0,0.0,0.0,0.0,0.0,0.0,0.0,0.0,0.0,0.0,0.0,0.0,0.0,0.0,0.0,0.0,0.0,0.0,0.0,0.0,0.0,0.0,0.0,0.0,0.0,0.0,0.0,0.0,0.0,0.0,0.0,0.0,0.0,0.0,0.0,0.0,0.0,0.0,0.0,0.0,0.0,0.0,0.0,0.0,0.0,0.0,0.0,0.0,0.0,0.0,0.0,0.0,0.0,0.0,0.0,0.0,0.0,0.0,0.0,0.0,0.0,0.0,0.0,0.0,0.0,0.0,0.0,0.0,0.0,0.0,1.0
