belief_state,source_record,p_0_0,p_1_0,p_2_0,p_3_0,p_4_0,p_5_0,p_6_0,p_7_0,p_8_0,p_9_0,p_0_1,p_1_1,p_2_1,p_3_1,p_4_1,p_5_1,p_6_1,p_7_1,p_8_1,p_9_1,p_0_2,p_1_2,p_2_2,p_3_2,p_4_2,p_5_2,p_6_2,p_7_2,p_8_2,p_9_2,p_0_3,p_1_3,p_2_3,p_3_3,p_4_3,p_5_3,p_6_3,p_7_3,p_8_3,p_9_3,p_0_4,p_1_4,p_2_4,p_3_4,p_4_4,p_5_4,p_6_4,p_7_4,p_8_4,p_9_4,p_0_5,p_1_5,p_2_5,p_3_5,p_4_5,p_5_5,p_6_5,p_7_5,p_8_5,p_9_5,p_0_6,p_1_6,p_2_6,p_3_6,p_4_6,p_5_6,p_6_6,p_7_6,p_8_6,p_9_6,p_0_7,p_1_7,p_2_7,p_3_7,p_4_7,p_5_7,p_6_7,p_7_7,p_8_7,p_9_7,p_0_8,p_1_8,p_2_8,p_3_8,p_4_8,p_5_8,p_6_8,p_7_8,p_8_8,p_9_8,p_0_9,p_1_9,p_2_9,p_3_9,p_4_9,p_5_9,p_6_9,p_7_9,p_8_9,p_9_9
0,0,1.0,0.0,0.0,0.0,0.0,0.0,0.0,0.0,0.0,0.0,0.0,0.0,0.0,0.0,0.0,0.0,0.0,0.0,0.0,0.0,0.0,0.0,0.0,0.0,0.0,0.0,0.0,0.0,0.0,0.0,0.0,0.0,0.0,0.0,0.0,0.0,0.0,0.0,0.0,0.0,0.0,0.0,0.0,0.0,0.0,0.0,0.0,0.0,0.0,0.0,0.0,0.0,0.0,0.0,0.0,0.0,0.0,0.0,0.0,0.0,0.0,0.0,0.0,0.0,0.0,0.0,0.0,0.0,0.0,0.0,0.0,0.0,0.0,0.0,0.0,0.0,0.0,0.0,0.0,0.0,0.0,0.0,0.0,0.0,0.0,0.0,0.0,0.0,0.0,0.0,0.0,0.0,0.0,0.0,0.0,0.0,0.0,0.0,0.0,0.0
1,1,0.02,0.97,0.0,0.0,0.0,0.0,0.0,0.0,0.0,0.0,0.01,0.0,0.0,0.0,0.0,0.0,0.0,0.0,0.0,0.0,0.0,0.0,0.0,0.0,0.0,0.0,0.0,0.0,0.0,0.0,0.0,0.0,0.0,0.0,0.0,0.0,0.0,0.0,0.0,0.0,0.0,0.0,0.0,0.0,0.0,0.0,0.0,0.0,0.0,0.0,0.0,0.0,0.0,0.0,0.0,0.0,0.0,0.0,0.0,0.0,0.0,0.0,0.0,0.0,0.0,0.0,0.0,0.0,0.0,0.0,0.0,0.0,0.0,0.0,0.0,0.0,0.0,0.0,0.0,0.0,0.0,0.0,0.0,0.0,0.0,0.0,0.0,0.0,0.0,0.0,0.0,0.0,0.0,0.0,0.0,0.0,0.0,0.0,0.0,0.0
2,2,0.010199999999999999,0.0291,0.9409,0.0,0.0,0.0,0.0,0.0,0.0,0.0,0.00030000000000000003,0.0194,0.0,0.0,0.0,0.0,0.0,0.0,0.0,0.0,0.0001,0.0,0.0,0.0,0.0,0.0,0.0,0.0,0.0,0.0,0.0,0.0,0.0,0.0,0.0,0.0,0.0,0.0,0.0,0.0,0.0,0.0,0.0,0.0,0.0,0.0,0.0,0.0,0.0,0.0,0.0,0.0,0.0,0.0,0.0,0.0,0.0,0.0,0.0,0.0,0.0,0.0,0.0,0.0,0.0,0.0,0.0,0.0,0.0,0.0,0.0,0.0,0.0,0.0,0.0,0.0,0.0,0.0,0.0,0.0,0.0,0.0,0.0,0.0,0.0,0.0,0.0,0.0,0.0,0.0,0.0,0.0,0.0,0.0,0.0,0.0,0.0,0.0,0.0,0.0
3,3,0.000498,0.019787999999999997,0.037635999999999996,0.912673,0.0,0.0,0.0,0.0,0.0,0.0,0.00030000000000000003,0.000582,0.028227000000000002,0.0,0.0,0.0,0.0,0.0,0.0,0.0,4.000000000000001e-06,0.000291,0.0,0.0,0.0,0.0,0.0,0.0,0.0,0.0,1.0000000000000002e-06,0.0,0.0,0.0,0.0,0.0,0.0,0.0,0.0,0.0,0.0,0.0,0.0,0.0,0.0,0.0,0.0,0.0,0.0,0.0,0.0,0.0,0.0,0.0,0.0,0.0,0.0,0.0,0.0,0.0,0.0,0.0,0.0,0.0,0.0,0.0,0.0,0.0,0.0,0.0,0.0,0.0,0.0,0.0,0.0,0.0,0.0,0.0,0.0,0.0,0.0,0.0,0.0,0.0,0.0,0.0,0.0,0.0,0.0,0.0,0.0,0.0,0.0,0.0,0.0,0.0,0.0,0.0,0.0,0.0
4,4,0.00021083999999999995,0.0010631199999999996,0.028979719999999997,0.04563365,0.8852928099999999,0.0,0.0,0.0,0.0,0.0,1.384e-05,0.00077406,0.0009408999999999999,0.03650692,0.0,0.0,0.0,0.0,0.0,0.0,5.9600000000000005e-06,9.700000000000002e-06,0.0005645400000000001,0.0,0.0,0.0,0.0,0.0,0.0,0.0,5.000000000000001e-08,3.88e-06,0.0,0.0,0.0,0.0,0.0,0.0,0.0,0.0,1.0000000000000002e-08,0.0,0.0,0.0,0.0,0.0,0.0,0.0,0.0,0.0,0.0,0.0,0.0,0.0,0.0,0.0,0.0,0.0,0.0,0.0,0.0,0.0,0.0,0.0,0.0,0.0,0.0,0.0,0.0,0.0,0.0,0.0,0.0,0.0,0.0,0.0,0.0,0.0,0.0,0.0,0.0,0.0,0.0,0.0,0.0,0.0,0.0,0.0,0.0,0.0,0.0,0.0,0.0,0.0,0.0,0.0,0.0,0.0,0.0,0.0
5,5,1.4986399999999998e-05,0.0005126837999999999,0.0017867690999999995,0.03778466219999999,0.05311756859999999,0.8587340256999999,0.0,0.0,0.0,0.0,1.0046999999999999e-05,3.3561999999999995e-05,0.00141135,0.0013690095,0.044264640499999994,0.0,0.0,0.0,0.0,0.0,2.955e-07,1.9206000000000002e-05,1.8818000000000002e-05,0.0009126730000000001,0.0,0.0,0.0,0.0,0.0,0.0,9.9e-08,1.4550000000000003e-07,9.409000000000001e-06,0.0,0.0,0.0,0.0,0.0,0.0,0.0,6.000000000000002e-10,4.8500000000000004e-08,0.0,0.0,0.0,0.0,0.0,0.0,0.0,0.0,1.0000000000000002e-10,0.0,0.0,0.0,0.0,0.0,0.0,0.0,0.0,0.0,0.0,0.0,0.0,0.0,0.0,0.0,0.0,0.0,0.0,0.0,0.0,0.0,0.0,0.0,0.0,0.0,0.0,0.0,0.0,0.0,0.0,0.0,0.0,0.0,0.0,0.0,0.0,0.0,0.0,0.0,0.0,0.0,0.0,0.0,0.0,0.0,0.0,0.0,0.0,0.0
6,6,5.527035999999999e-06,3.7866957e-05,0.0009071310989999999,0.002655878429999999,0.04621228468199999,0.060111381799,0.8329720049289999,0.0,0.0,0.0,5.889089999999999e-07,2.9177987999999998e-05,6.430110599999999e-05,0.002198629257,0.001859114901,0.05152404154199999,0.0,0.0,0.0,0.0,2.96475e-07,8.1189e-07,4.196414000000001e-05,3.1943555e-05,0.001327939215,0.0,0.0,0.0,0.0,0.0,5.4060000000000006e-09,3.82665e-07,3.2931500000000006e-07,1.825346e-05,0.0,0.0,0.0,0.0,0.0,0.0,1.4820000000000003e-09,2.0370000000000003e-09,1.4113500000000003e-07,0.0,0.0,0.0,0.0,0.0,0.0,0.0,7.000000000000002e-12,5.820000000000001e-10,0.0,0.0,0.0,0.0,0.0,0.0,0.0,0.0,1.0000000000000002e-12,0.0,0.0,0.0,0.0,0.0,0.0,0.0,0.0,0.0,0.0,0.0,0.0,0.0,0.0,0.0,0.0,0.0,0.0,0.0,0.0,0.0,0.0,0.0,0.0,0.0,0.0,0.0,0.0,0.0,0.0,0.0,0.0,0.0,0.0,0.0,0.0,0.0,0.0,0.0
7,7,4.9509938e-07,9.7970308e-06,3.6651775919999996e-05,0.0005197392346799999,0.0011083865981199998,0.00990819712952,0.00893083386728,0.00832972004929,0.0,0.0,5.66185864e-06,3.738796733999999e-05,0.00090261487988,0.0025957556727199994,0.04537642224167998,0.05832663149403999,0.8084980851965499,0.0,0.0,0.0,5.8237944e-07,2.8729081159999998e-05,6.270292041999999e-05,0.00214655194744,0.0018036608895199999,0.04999159968788999,0.0,0.0,0.0,0.0,2.9147628e-07,7.9090088e-07,4.08929884e-05,3.09885415e-05,0.00128828357315,0.0,0.0,0.0,0.0,0.0,5.27908e-09,3.7261703999999997e-07,3.1945592000000005e-07,1.7707267550000003e-05,0.0,0.0,0.0,0.0,0.0,0.0,1.4434400000000003e-09,1.9759600000000003e-09,1.3690677e-07,0.0,0.0,0.0,0.0,0.0,0.0,0.0,6.800000000000002e-12,5.6455e-10,0.0,0.0,0.0,0.0,0.0,0.0,0.0,0.0,9.700000000000001e-13,0.0,0.0,0.0,0.0,0.0,0.0,0.0,0.0,0.0,0.0,0.0,0.0,0.0,0.0,0.0,0.0,0.0,0.0,0.0,0.0,0.0,0.0,0.0,0.0,0.0,0.0,0.0,0.0,0.0
8,8,1.64490882e-07,8.433187343999999e-07,1.4688029212799998e-05,4.260533281439999e-05,0.0005691274520399998,0.0007827404908896,0.008356668362426399,0.0001726055391657,8.32972004929e-05,0.0,9.165684527999999e-07,1.8873178072799996e-05,6.251068824719999e-05,0.0009884029483295995,0.0017023954807391997,0.018649612286895597,0.009246175166201999,0.016164809299776796,0.0,0.0,5.788032249599999e-06,3.6907090327199995e-05,0.0008976981736536,0.002536856526052799,0.04454939392651438,0.056594869158113986,0.7847430586375322,0.0,0.0,0.0,5.757846192e-07,2.8282779542399996e-05,6.11428217904e-05,0.0020956242273078,0.0017498609482493998,0.04850473453298479,0.0,0.0,0.0,0.0,2.8652538719999994e-07,7.704409632e-07,3.98483666616e-05,3.00620798142e-05,0.001249812138631,0.0,0.0,0.0,0.0,0.0,5.1549696e-09,3.6282767639999994e-07,3.0989200200000004e-07,1.7177418591200003e-05,0.0,0.0,0.0,0.0,0.0,0.0,1.4058600000000004e-09,1.9167492e-09,1.3280521239999999e-07,0.0,0.0,0.0,0.0,0.0,0.0,0.0,6.605700000000001e-12,5.476232e-10,0.0,0.0,0.0,0.0,0.0,0.0,0.0,0.0,9.409000000000002e-13,0.0,0.0,0.0,0.0,0.0,0.0,0.0,0.0,0.0,0.0,0.0,0.0,0.0,0.0,0.0,0.0,0.0,0.0,0.0
9,9,2.0888689511999996e-08,3.4569016901999993e-07,1.2064736900879998e-06,1.6148237623967993e-05,3.096868756483199e-05,0.00028358148592251596,0.000185581895586837,0.0002477738040186179,2.5590273965860005e-06,8.329720049290001e-07,4.1533394329199995e-07,1.8213626426399997e-06,3.329713133697599e-05,8.434479978035997e-05,0.0011939277200961956,0.0014346926742134637,0.016301543113795655,0.00025988912465274897,0.00024244637747588096,0.0,1.3217804711759999e-06,2.7624672585071993e-05,8.698443198148798e-05,0.0014341780231544694,0.0022601394826411857,0.02686809578925904,0.009534738602797079,0.023527295607158813,0.0,0.0,5.9058421775999995e-06,3.642476809111199e-05,0.00089240478217911,0.002479161488769755,0.04373141381770818,0.05491452169285306,0.761685814223736,0.0,0.0,0.0,5.69132293824e-07,2.7839273353379997e-05,5.9619961264482e-05,0.002045823879727404,0.0016976657406000597,0.047062090618381555,0.0,0.0,0.0,0.0,2.816235106439999e-07,7.50497371512e-07,3.882964617655201e-05,2.9163316339794e-05,0.0012124895486579819,0.0,0.0,0.0,0.0,0.0,5.0336126609999995e-09,3.5329043306399995e-07,3.0061440943200003e-07,1.6663424085588003e-05,0.0,0.0,0.0,0.0,0.0,0.0,1.3692358980000002e-09,1.8593127810000002e-09,1.2882653225999998e-07,0.0,0.0,0.0,0.0,0.0,0.0,0.0,6.416938000000001e-12,5.31203913e-10,0.0,0.0,0.0,0.0,0.0,0.0,0.0,0.0,9.126730000000001e-13,0.0,0.0,0.0,0.0,0.0,0.0,0.0,0.0,0.0
10,10,8.02801491336e-09,3.3944151912599995e-08,5.099753282005199e-07,1.3266819865924797e-06,1.5246261312075117e-05,1.9348247432876487e-05,0.00017018480299323626,6.958038516547899e-06,4.9361218089601385e-06,4.224971406444001e-08,5.584679939771999e-08,9.486908426027998e-07,2.9017854234302394e-06,4.227781924112536e-05,6.783139650423713e-05,0.0007187097075763494,0.00029230764273586475,0.0006410534408823629,5.08114782121591e-06,3.23244661953994e-06,7.513968773317198e-07,3.0140315687985594e-06,5.584029217605322e-05,0.00013007730982087347,0.0018784467647945265,0.0020587458917699732,0.023933308876583327,0.0003474398369411373,0.00047044594222319264,0.0,1.7111244826660797e-06,3.605743138462073e-05,0.00011012696120329683,0.001857849107255982,0.002783248787384179,0.034586846102179526,0.009797841661641696,0.03043833488118141,0.0,0.0,6.015567203850479e-06,3.5941420957676805e-05,0.00088675756670631,0.002422651134288705,0.04292267544364461,0.053284062699473465,0.7393058607032077,0.0,0.0,0.0,5.6242986995745e-07,2.7398740753981193e-05,5.813350670775492e-05,0.0019971289895247832,0.0016470274015454559,0.04566235279531669,0.0,0.0,0.0,0.0,2.767717381409099e-07,7.3105752371538e-07,3.7836212201764564e-05,2.8291422993694498e-05,0.001176281496439098,0.0,0.0,0.0,0.0,0.0,4.91495393734e-09,3.4399898979278996e-07,2.9161457027685003e-07,1.6164809628342965e-05,0.0,0.0,0.0,0.0,0.0,0.0,1.3335441563000003e-09,1.8035975669500002e-09,1.2496704833132999e-07,0.0,0.0,0.0,0.0,0.0,0.0,0.0,7.118849400000001e-12,5.152769223399999e-10,0.0,0.0,0.0,0.0,0.0,0.0,0.0,0.0
11,11,0.0,0.0,0.0,0.0,0.0,0.0,0.0,0.0,0.0,0.0,0.0,0.0,0.0,0.0,0.0,0.0,0.0,0.0,0.0,0.0,0.0,0.0,0.0,0.0,0.0,0.0,0.0,0.0,0.0,0.0,0.0,0.0,0.0,0.0,0.0,0.0,0.0,0.0,0.0,0.0,0.0,0.0,0.0,0.0,0.0,0.0,0.0,0.0,0.0,0.0,1.0,0.0,0.0,0.0,0.0,0.0,0.0,0.0,0.0,0.0,0.0,0.0,0.0,0.0,0.0,0.0,0.0,0.0,0.0,0.0,0.0,0.0,0.0,0.0,0.0,0.0,0.0,0.0,0.0,0.0,0.0,0.0,0.0,0.0,0.0,0.0,0.0,0.0,0.0,0.0,0.0,0.0,0.0,0.0,0.0,0.0,0.0,0.0,0.0,0.0
12,12,0.0,0.0,0.0,0.0,0.0,0.0,0.0,0.0,0.0,0.0,0.0,0.0,0.0,0.0,0.0,0.0,0.0,0.0,0.0,0.0,0.0,0.0,0.0,0.0,0.0,0.0,0.0,0.0,0.0,0.0,0.0,0.0,0.0,0.0,0.0,0.0,0.0,0.0,0.0,0.0,0.0,0.0,0.0,0.0,0.0,0.0,0.0,0.0,0.0,0.0,0.0,0.0,0.0,0.0,0.0,0.0,0.0,0.0,0.0,0.0,0.0,0.0,0.0,0.0,0.0,0.0,0.0,0.0,0.0,0.0,1.0,0.0,0.0,0.0,0.0,0.0,0.0,0.0,0.0,0.0,0.0,0.0,0.0,0.0,0.0,0.0,0.0,0.0,0.0,0.0,0.0,0.0,0.0,0.0,0.0,0.0,0.0,0.0,0.0,0.0
13,13,0.0,0.0,0.0,0.0,0.0,0.0,0.0,0.0,0.0,0.0,0.0,0.0,0.0,0.0,0.0,0.0,0.0,0.0,0.0,0.0,0.0,0.0,0.0,0.0,0.0,0.0,0.0,0.0,0.0,0.0,0.0,0.0,0.0,0.0,0.0,0.0,0.0,0.0,0.0,0.0,0.0,0.0,0.0,0.0,0.0,0.0,0.0,0.0,0.0,0.0,0.0,0.0,0.0,0.0,0.0,0.0,0.0,0.0,0.0,0.0,0.01,0.0,0.0,0.0,0.0,0.0,0.0,0.0,0.0,0.0,0.01,0.01,0.0,0.0,0.0,0.0,0.0,0.0,0.0,0.0,0.97,0.0,0.0,0.0,0.0,0.0,0.0,0.0,0.0,0.0,0.0,0.0,0.0,0.0,0.0,0.0,0.0,0.0,0.0,0.0
14,14,0.0,0.0,0.0,0.0,0.0,0.0,0.0,0.0,0.0,0.0,0.0,0.0,0.0,0.0,0.0,0.0,0.0,0.0,0.0,0.0,0.0,0.0,0.0,0.0,0.0,0.0,0.0,0.0,0.0,0.0,0.0,0.0,0.0,0.0,0.0,0.0,0.0,0.0,0.0,0.0,0.0,0.0,0.0,0.0,0.0,0.0,0.0,0.0,0.0,0.0,0.0001,0.0,0.0,0.0,0.0,0.0,0.0,0.0,0.0,0.0,0.0002,0.0098,0.0,0.0,0.0,0.0,0.0,0.0,0.0,0.0,0.01,0.0097,0.0097,0.0,0.0,0.0,0.0,0.0,0.0,0.0,0.0098,0.941,0.0,0.0,0.0,0.0,0.0,0.0,0.0,0.0,0.0097,0.0,0.0,0.0,0.0,0.0,0.0,0.0,0.0,0.0
15,15,0.0,0.0,0.0,0.0,0.0,0.0,0.0,0.0,0.0,0.0,0.0,0.0,0.0,0.0,0.0,0.0,0.0,0.0,0.0,0.0,0.0,0.0,0.0,0.0,0.0,0.0,0.0,0.0,0.0,0.0,0.0,0.0,0.0,0.0,0.0,0.0,0.0,0.0,0.0,0.0,1.0000000000000002e-06,0.0,0.0,0.0,0.0,0.0,0.0,0.0,0.0,0.0,3.0000000000000005e-06,0.000195,0.0,0.0,0.0,0.0,0.0,0.0,0.0,0.0,0.00020099999999999998,0.000291,0.009602999999999999,0.0,0.0,0.0,0.0,0.0,0.0,0.0,0.000297,0.019305000000000003,0.009409,0.009409,0.0,0.0,0.0,0.0,0.0,0.0,0.009705,0.009602999999999999,0.912867,0.0,0.0,0.0,0.0,0.0,0.0,0.0,0.000292,0.018819000000000002,0.0,0.0,0.0,0.0,0.0,0.0,0.0,0.0
16,16,0.0,0.0,0.0,0.0,0.0,0.0,0.0,0.0,0.0,0.0,0.0,0.0,0.0,0.0,0.0,0.0,0.0,0.0,0.0,0.0,0.0,0.0,0.0,0.0,0.0,0.0,0.0,0.0,0.0,0.0,9.7e-07,0.0,0.0,0.0,0.0,0.0,0.0,0.0,0.0,0.0,2.9200000000000004e-06,0.00018915999999999998,0.0,0.0,0.0,0.0,0.0,0.0,0.0,0.0,0.00019695999999999998,0.0002823,0.00931686,0.0,0.0,0.0,0.0,0.0,0.0,0.0,0.00029304,0.018825840000000003,0.00912964,0.00922276,0.0,0.0,0.0,0.0,0.0,0.0,0.00961188,0.009414879999999999,0.8858641599999999,9.409000000000002e-05,9.409000000000002e-05,0.0,0.0,0.0,0.0,0.0,0.00047928999999999995,0.027673200000000002,0.00019012,0.00922276,0.0,0.0,0.0,0.0,0.0,0.0,0.00029108000000000004,0.00028714,0.00931686,0.0,0.0,0.0,0.0,0.0,0.0,0.0
17,17,0.0,0.0,0.0,0.0,0.0,0.0,0.0,0.0,0.0,0.0,0.0,0.0,0.0,0.0,0.0,0.0,0.0,0.0,0.0,0.0,9.409e-07,0.0,0.0,0.0,0.0,0.0,0.0,0.0,0.0,0.0,2.8421000000000003e-06,0.00018349489999999998,0.0,0.0,0.0,0.0,0.0,0.0,0.0,0.0,0.0001929817,0.00027386019999999997,0.0090392458,0.0,0.0,0.0,0.0,0.0,0.0,0.0,0.00028907059999999993,0.018358094600000003,0.0088585738,0.0090392458,0.0,0.0,0.0,0.0,0.0,0.0,0.009516682,0.009229483399999999,0.8596618897999999,0.00018256370000000003,0.0001834949,0.0,0.0,0.0,0.0,0.0,0.0006581092999999999,0.0359860228,0.0003708025,0.0178978873,9.409000000000002e-07,9.409000000000002e-07,0.0,0.0,0.0,0.0,0.0006599913000000001,0.0003793687,0.018264955399999998,2.8421000000000003e-06,9.31685e-05,0.0,0.0,0.0,0.0,0.0,1.3485900000000002e-05,0.00037568280000000007,9.79412e-05,0.0001853962,0.0,0.0,0.0,0.0,0.0,0.0
18,18,0.0,0.0,0.0,0.0,0.0,0.0,0.0,0.0,0.0,0.0,9.409e-09,0.0,0.0,0.0,0.0,0.0,0.0,0.0,0.0,0.0,3.783e-08,2.747622e-06,0.0,0.0,0.0,0.0,0.0,0.0,0.0,0.0,3.8025959999999997e-06,5.495439e-06,0.00026838251099999997,0.0,0.0,0.0,0.0,0.0,0.0,0.0,7.587545999999999e-06,0.000463000602,0.000354230132,0.008858460884,0.0,0.0,0.0,0.0,0.0,0.0,0.00028356828900000003,0.0004640176559999999,0.026584755576000006,0.008594642223,0.008769903374999999,0.0,0.0,0.0,0.0,0.0,0.000196933453,0.018371241612,0.009046718297999998,0.8341432393859999,0.000177096198,0.000177999462,0.0,0.0,0.0,0.0,0.00046820805400000007,0.0007381625669999998,0.043864689441000006,0.000361541892,0.017363726724,9.126730000000002e-07,9.126730000000002e-07,0.0,0.0,0.0,1.7109551999999998e-05,0.0011864581710000002,0.000372703497,0.017898771257999997,2.7662460000000003e-06,9.038285399999999e-05,0.0,0.0,0.0,0.0,1.0626459000000002e-05,2.1611250000000004e-05,0.000549895244,9.688534700000001e-05,0.00018076599900000001,0.0,0.0,0.0,0.0,0.0
19,19,9.409000000000001e-11,0.0,0.0,0.0,0.0,0.0,0.0,0.0,0.0,0.0,4.723900000000001e-10,3.6602950000000004e-08,0.0,0.0,0.0,0.0,0.0,0.0,0.0,0.0,6.597457e-08,9.164949e-08,5.34901845e-06,0.0,0.0,0.0,0.0,0.0,0.0,0.0,1.6923411e-07,1.102982547e-05,8.87287715e-06,0.00034891564451,0.0,0.0,0.0,0.0,0.0,0.0,7.57959033e-06,1.5597351889999998e-05,0.0008062265736500001,0.00042954965026999995,0.00868040609123,0.0,0.0,0.0,0.0,0.0,9.52106944e-06,0.0007292512182300001,0.00063005303285,0.03430492894517,0.00833857391829,0.008508586268369998,0.0,0.0,0.0,0.0,0.00019319951408,0.00029351443461999996,0.02686603120767,0.008866649552189998,0.8093820585000299,0.00017179243879,0.00017266860487000002,0.0,0.0,0.0,1.4204136259999999e-05,0.00108838570462,0.0008138273268599998,0.051242806131450006,0.00035250338641,0.01684550787217,8.852928100000001e-07,8.852928100000001e-07,0.0,0.0,1.6824022360000004e-05,2.7921038579999996e-05,0.0017739979853000003,0.00036613432694,0.017538156876029994,2.69238535e-06,8.768049510999998e-05,0.0,0.0,0.0,5.997372000000001e-07,2.7887311880000005e-05,3.115775338e-05,0.0007151626127199999,9.581410904000001e-05,0.00017624684757000002,0.0,0.0,0.0,0.0
20,20,6.605700000000001e-12,4.572968000000001e-10,0.0,0.0,0.0,0.0,0.0,0.0,0.0,0.0,1.0314400000000001e-09,1.3747132e-09,8.899504599999999e-08,0.0,0.0,0.0,0.0,0.0,0.0,0.0,3.2733056e-09,2.2814980159999998e-07,1.776287768e-07,8.6777043416e-06,0.0,0.0,0.0,0.0,0.0,0.0,1.884462448e-07,4.09775872e-07,2.2303843072000002e-05,1.29021873382e-05,0.000425252236087,0.0,0.0,0.0,0.0,0.0,3.286724577e-07,2.2817278793600004e-05,2.5814186935999995e-05,0.0012153822832495999,0.0005000488999448,0.008505079771176798,0.0,0.0,0.0,0.0,9.395513920800002e-06,1.86270855504e-05,0.0013271455489480002,0.0007874991730720001,0.0415414915854112,0.008090134625129199,0.008255055366367597,0.0,0.0,0.0,5.104391543999999e-06,0.00047424020996280003,0.00038781430070039996,0.035009348207206394,0.008689278763059197,0.7853558643724831,0.0001666475185544,0.000167497399652,0.0,0.0,1.3126133773200002e-05,2.5130640172799996e-05,0.0018545624867256,0.0008852653797095998,0.058143179179988805,0.0003436819859872,0.016342754979932796,8.587340257000001e-07,8.587340257000001e-07,0.0,5.954893439999999e-07,4.52220117072e-05,3.919460149439999e-05,0.002415739301943,0.00035966039593979997,0.017183106521897595,2.6204667175999996e-06,8.505893318479998e-05,0.0,0.0,4.5910808640000006e-07,1.4514061224e-06,5.225387603760001e-05,4.19941312656e-05,0.0008718099126647998,9.472907809800001e-05,0.00017183624709400002,0.0,0.0,0.0
21,21,1.5019482000000002e-11,2.4727629000000003e-11,1.333528356e-09,0.0,0.0,0.0,0.0,0.0,0.0,0.0,5.6860645e-11,4.176518243999999e-09,3.109759572e-09,1.73102238036e-07,0.0,0.0,0.0,0.0,0.0,0.0,4.2090079199999995e-09,9.062900051999999e-09,5.32010732148e-07,3.0132178687799996e-07,1.2669895572222e-05,0.0,0.0,0.0,0.0,0.0,9.301678801000002e-09,6.36285574128e-07,7.8642262635e-07,3.8127850016622e-05,1.7515610717502e-05,0.000497545466716158,0.0,0.0,0.0,0.0,3.272991141690001e-07,7.67322767553e-07,4.7781077182488e-05,3.804426393147e-05,0.001683639050678862,0.0005659487791977479,0.008332477931705171,0.0,0.0,0.0,3.34556634729e-07,2.7355678880220003e-05,3.0079549590971997e-05,0.0020649934032382325,0.0009366688207611721,0.04831640683294913,0.007849097061560867,0.00800907867937309,0.0,0.0,5.018662492008e-06,9.266980061916e-06,0.0008419235660927161,0.0004798003048377959,0.04280947311236904,0.00851460504146413,0.7620428415187681,0.00016165668033802497,0.00016248106500269698,0.0,4.3956654833999996e-07,3.647259684396e-05,3.749946378665999e-05,0.0027546082790152137,0.0009526336297681738,0.06458770106333228,0.00033507279360056103,0.015855006481203433,8.329720049290001e-07,8.329720049290001e-07,5.940274291080001e-07,1.2353911415759998e-06,8.7090908003046e-05,5.088796251871799e-05,0.003105248079030222,0.000353280899369634,0.016833609827842783,2.5504400563289997e-06,8.251575252951298e-05,0.0,2.9651116392e-08,1.4346077824800003e-06,2.7422900267039996e-06,8.3981693215206e-05,5.3996301194657996e-05,0.0010201523337557518,9.363177289317601e-05,0.000167531749013028,0.0,0.0
22,22,1.11627238e-12,5.549793711e-11,4.468015557e-11,1.7443576639200001e-09,0.0,0.0,0.0,0.0,0.0,0.0,9.899276562999999e-11,1.4628100282e-10,8.386417389600001e-09,3.0443154645e-09,1.2842997810258e-07,0.0,0.0,0.0,0.0,0.0,2.8089069338e-10,1.577627583864e-08,1.398453991764e-08,6.812067341048399e-07,1.781693250438e-07,5.1021536228838e-06,0.0,0.0,0.0,0.0,1.3811601353380002e-08,2.442148377748e-08,1.3815025379159402e-06,8.5574510602488e-07,3.448292237917176e-05,5.834643899152499e-06,8.830023398421329e-05,0.0,0.0,0.0,2.3314413601480004e-08,1.3718375586729302e-06,1.4517413104594499e-06,7.494814982711916e-05,3.239676103488084e-05,0.001065944340868005,8.415045840758615e-05,0.0001634155661107826,0.0,0.0,6.445691208135001e-07,1.14111394740258e-06,7.569037134912505e-05,5.13684227654253e-05,0.00256503861264406,0.0007219740250596772,0.01626618686406492,8.010753741898892e-05,8.171559744375788e-05,0.0,4.7177202670977e-07,3.5369156768100244e-05,3.4442830590106554e-05,0.0024671036507158553,0.001008039145899038,0.05556131478490535,0.007703737494868068,0.01554940960964164,1.6248965234295396e-06,1.6331403700762598e-06,5.2431645254618405e-06,9.38071487482428e-06,0.0008454475769485567,0.0004758165062533975,0.04222966449321174,0.00827557676344759,0.7401543194469288,0.00016019154198450243,0.00031699018510999484,1.6659440098580002e-08,4.4497024876056e-07,3.626961437078755e-05,3.6923136309930166e-05,0.002704733237447242,0.0009286362725059588,0.0628596601338386,0.00032951524091573555,0.015550192860061183,8.334872453444201e-07,1.6331403700762598e-06,6.196107781237201e-07,2.61761836776528e-06,8.799236509883435e-05,0.0001313909519741199,0.003075508389087843,0.0013337065168725025,0.01643130119354157,0.00016591604112620807,8.171559744375788e-05,0.0
23,23,0.0,0.0,0.0,0.0,0.0,0.0,0.0,0.0,0.0,0.0,0.0,0.0,0.0,0.0,0.0,0.0,0.0,0.0,0.0,0.0,0.0,0.0,0.0,0.0,0.0,0.0,0.0,0.0,0.0,0.0,0.0,0.0,0.0,0.0,0.0,0.0,0.0,0.0,0.0,0.0,0.0,0.0,0.0,0.0,0.0,0.0,0.0,0.0,0.0,0.0,0.0,0.0,0.0,0.0,0.0,0.0,0.0,0.0,0.0,0.0,0.0,0.0,0.0,0.0,0.0,0.0,0.0,0.0,0.0,0.0,0.0,0.0,0.0,0.0,0.0,0.0,0.0,0.0,0.0,0.0,1.0,0.0,0.0,0.0,0.0,0.0,0.0,0.0,0.0,0.0,0.0,0.0,0.0,0.0,0.0,0.0,0.0,0.0,0.0,0.0
24,24,0.0,0.0,0.0,0.0,0.0,0.0,0.0,0.0,0.0,0.0,0.0,0.0,0.0,0.0,0.0,0.0,0.0,0.0,0.0,0.0,0.0,0.0,0.0,0.0,0.0,0.0,0.0,0.0,0.0,0.0,0.0,0.0,0.0,0.0,0.0,0.0,0.0,0.0,0.0,0.0,0.0,0.0,0.0,0.0,0.0,0.0,0.0,0.0,0.0,0.0,0.0,0.0,0.0,0.0,0.0,0.0,0.0,0.0,0.0,0.0,0.0,0.0,0.0,0.0,0.0,0.0,0.0,0.0,0.0,0.0,0.01,0.0,0.0,0.0,0.0,0.0,0.0,0.0,0.0,0.0,0.01,0.97,0.0,0.0,0.0,0.0,0.0,0.0,0.0,0.0,0.01,0.0,0.0,0.0,0.0,0.0,0.0,0.0,0.0,0.0
25,25,0.0,0.0,0.0,0.0,0.0,0.0,0.0,0.0,0.0,0.0,0.0,0.0,0.0,0.0,0.0,0.0,0.0,0.0,0.0,0.0,0.0,0.0,0.0,0.0,0.0,0.0,0.0,0.0,0.0,0.0,0.0,0.0,0.0,0.0,0.0,0.0,0.0,0.0,0.0,0.0,0.0,0.0,0.0,0.0,0.0,0.0,0.0,0.0,0.0,0.0,0.0,0.0,0.0,0.0,0.0,0.0,0.0,0.0,0.0,0.0,0.0001,0.0,0.0,0.0,0.0,0.0,0.0,0.0,0.0,0.0,0.0002,0.0194,0.0,0.0,0.0,0.0,0.0,0.0,0.0,0.0,0.009999999999999998,0.0097,0.9409,0.0,0.0,0.0,0.0,0.0,0.0,0.0,0.00030000000000000003,0.0194,0.0,0.0,0.0,0.0,0.0,0.0,0.0,0.0
26,26,0.0,0.0,0.0,0.0,0.0,0.0,0.0,0.0,0.0,0.0,0.0,0.0,0.0,0.0,0.0,0.0,0.0,0.0,0.0,0.0,0.0,0.0,0.0,0.0,0.0,0.0,0.0,0.0,0.0,0.0,0.0,0.0,0.0,0.0,0.0,0.0,0.0,0.0,0.0,0.0,0.0,0.0,0.0,0.0,0.0,0.0,0.0,0.0,0.0,0.0,9.7e-05,0.0,0.0,0.0,0.0,0.0,0.0,0.0,0.0,0.0,0.000195,0.018819000000000002,0.0,0.0,0.0,0.0,0.0,0.0,0.0,0.0,0.009896999999999998,0.009411000000000001,0.912867,0.0,0.0,0.0,0.0,0.0,0.0,0.0,0.00049,0.028520999999999998,9.7e-05,0.009408999999999999,0.0,0.0,0.0,0.0,0.0,0.0,0.00030000000000000003,0.000294,0.009602999999999999,0.0,0.0,0.0,0.0,0.0,0.0,0.0
27,27,0.0,0.0,0.0,0.0,0.0,0.0,0.0,0.0,0.0,0.0,0.0,0.0,0.0,0.0,0.0,0.0,0.0,0.0,0.0,0.0,0.0,0.0,0.0,0.0,0.0,0.0,0.0,0.0,0.0,0.0,0.0,0.0,0.0,0.0,0.0,0.0,0.0,0.0,0.0,0.0,9.409e-05,0.0,0.0,0.0,0.0,0.0,0.0,0.0,0.0,0.0,0.00019012,0.0182554,0.0,0.0,0.0,0.0,0.0,0.0,0.0,0.0,0.009791199999999996,0.00913062,0.88566918,0.0,0.0,0.0,0.0,0.0,0.0,0.0,0.00067033,0.037081199999999995,0.00018820000000000002,0.018255399999999998,0.0,0.0,0.0,0.0,0.0,0.0,0.00068008,0.00038516,0.01882288,9.7e-07,9.408999999999999e-05,0.0,0.0,0.0,0.0,0.0,1.384e-05,0.00038718,9.993999999999998e-05,0.00019011999999999998,0.0,0.0,0.0,0.0,0.0,0.0
28,28,0.0,0.0,0.0,0.0,0.0,0.0,0.0,0.0,0.0,0.0,0.0,0.0,0.0,0.0,0.0,0.0,0.0,0.0,0.0,0.0,0.0,0.0,0.0,0.0,0.0,0.0,0.0,0.0,0.0,0.0,9.409000000000001e-07,0.0,0.0,0.0,0.0,0.0,0.0,0.0,0.0,0.0,2.8421000000000003e-06,0.00027382130000000004,0.0,0.0,0.0,0.0,0.0,0.0,0.0,0.0,0.0002833081,0.0002757226,0.0265644298,0.0,0.0,0.0,0.0,0.0,0.0,0.0,0.00019782269999999997,0.0189075218,0.0088585834,0.8592816585999999,0.0,0.0,0.0,0.0,0.0,0.0,0.0004822280999999999,0.0007472599000000001,0.045196238599999994,0.00018256370000000003,0.017708678899999997,0.0,0.0,0.0,0.0,0.0,1.74941e-05,0.0012225901999999998,0.0003764963,0.018443589700000002,9.409e-07,9.126729999999999e-05,0.0,0.0,0.0,0.0,1.09494e-05,2.2147599999999998e-05,0.000566694,9.885269999999998e-05,0.00018535729999999997,0.0,0.0,0.0,0.0,0.0
29,29,0.0,0.0,0.0,0.0,0.0,0.0,0.0,0.0,0.0,0.0,0.0,0.0,0.0,0.0,0.0,0.0,0.0,0.0,0.0,0.0,9.409e-09,0.0,0.0,0.0,0.0,0.0,0.0,0.0,0.0,0.0,3.783e-08,3.6508860000000005e-06,0.0,0.0,0.0,0.0,0.0,0.0,0.0,0.0,5.609124000000001e-06,5.514063000000001e-06,0.000531250959,0.0,0.0,0.0,0.0,0.0,0.0,0.0,7.596955e-06,0.0007322665859999999,0.00035603675599999997,0.034360313492,0.0,0.0,0.0,0.0,0.0,0.0,0.000198708807,0.00029070367799999996,0.027650719416,0.008594651535,0.8336802956309999,0.0,0.0,0.0,0.0,0.0,1.4448048000000001e-05,0.0011210247629999997,0.000819018537,0.05279469071399999,0.000177096198,0.017178331205999996,0.0,0.0,0.0,0.0,1.7332617999999997e-05,2.8428314999999998e-05,0.001827977717,0.000368024984,0.018070135044000006,9.12673e-07,8.852928099999998e-05,0.0,0.0,0.0,6.15405e-07,2.8735235999999997e-05,3.1903601999999996e-05,0.0007369711769999999,9.775010099999997e-05,0.00018070925399999997,0.0,0.0,0.0,0.0
30,30,0.0,0.0,0.0,0.0,0.0,0.0,0.0,0.0,0.0,0.0,9.409000000000001e-11,0.0,0.0,0.0,0.0,0.0,0.0,0.0,0.0,0.0,4.723900000000001e-10,4.563559000000001e-08,0.0,0.0,0.0,0.0,0.0,0.0,0.0,0.0,9.307249000000002e-08,9.183573000000002e-08,8.85386901e-06,0.0,0.0,0.0,0.0,0.0,0.0,0.0,1.8757972000000003e-07,1.811253459e-05,8.90900867e-06,0.00085891656515,0.0,0.0,0.0,0.0,0.0,0.0,9.44181472e-06,1.389159132e-05,0.0013357214270899999,0.00043130216867,0.04166630704355,0.0,0.0,0.0,0.0,0.0,5.114574879999999e-06,0.00048778765044,0.00037967963593999994,0.036029550831889995,0.00833858295093,0.8088416700741299,0.0,0.0,0.0,0.0,1.3515142359999997e-05,2.5396111859999998e-05,0.0019101278985799997,0.0008858457080600001,0.059900137611389986,0.00017179243879,0.016663866562629998,0.0,0.0,0.0,6.082438599999999e-07,4.659001662e-05,3.9764936779999994e-05,0.0024891563548399996,0.00035974182420000003,0.017702506690090006,8.8529281e-07,8.587340256999998e-05,0.0,0.0,4.7298664e-07,1.48761438e-06,5.384170387999999e-05,4.2973956559999995e-05,0.0008983479856799999,9.663381723999996e-05,0.00017617326918999994,0.0,0.0,0.0
31,31,9.409000000000002e-13,0.0,0.0,0.0,0.0,0.0,0.0,0.0,0.0,0.0,5.6648000000000015e-12,5.476232000000001e-10,0.0,0.0,0.0,0.0,0.0,0.0,0.0,0.0,1.3927456000000004e-09,1.3765756000000003e-09,1.328052124e-07,0.0,0.0,0.0,0.0,0.0,0.0,0.0,3.729603300000001e-09,3.604007072e-07,1.7817074480000003e-07,1.71774185912e-05,0.0,0.0,0.0,0.0,0.0,0.0,2.783500152e-07,4.1087668560000005e-07,3.96040771648e-05,1.2954760096599998e-05,0.001249812138631,0.0,0.0,0.0,0.0,0.0,2.863556064e-07,2.75747763996e-05,2.1673751713200002e-05,0.0020811975286832,0.0005017489331192,0.048504734532984796,0.0,0.0,0.0,0.0,5.158591824e-06,9.150811024799999e-06,0.0008659080225023999,0.0004648465551383999,0.044052745454223996,0.00809014338679,0.7847430586375322,0.0,0.0,0.0,4.463407296e-07,3.755474374559999e-05,3.7687131312e-05,0.0028370125096037996,0.0009479715089574,0.06653521391631678,0.0001666475185544,0.0161648092997768,0.0,0.0,6.118638948e-07,1.2564831743999998e-06,8.972357569439998e-05,5.14576035648e-05,0.0031994915870663995,0.0003516426849624,0.017340690621731207,8.587340257e-07,8.329720049289998e-05,0.0,3.0418315199999996e-08,1.4779903895999999e-06,2.8087919208e-06,8.653123573439998e-05,5.523197413439999e-05,0.0010511506838748001,9.550538834279998e-05,0.00017174680513999994,0.0,0.0
32,33,2.6009582000000004e-13,2.662824700000001e-13,1.8656355330000002e-11,0.0,0.0,0.0,0.0,0.0,0.0,0.0,1.0475498000000002e-12,8.792377025999999e-11,3.1362463920000005e-11,3.02454488568e-09,0.0,0.0,0.0,0.0,0.0,0.0,1.3343804754999999e-10,1.5909302074000004e-10,1.4059623591840001e-08,3.05490209202e-09,2.9460812661714e-07,0.0,0.0,0.0,0.0,0.0,2.8482837532000003e-10,2.484127273029e-08,1.3608600099210002e-08,1.3113451329253198e-06,1.7885979848315996e-07,1.726525337221692e-05,0.0,0.0,0.0,0.0,1.645506779586e-08,2.537375337036e-08,2.18574821637282e-06,7.847946815275199e-07,7.554638559310008e-05,5.851815056184179e-06,0.000565943882031725,0.0,0.0,0.0,1.7485522337849998e-08,1.63239750581088e-06,1.17949391479548e-06,0.00011317178583988925,2.8503265800265015e-05,0.002742272673897033,8.416703459365369e-05,0.008162594380547747,0.0,0.0,4.2249229368348e-07,7.7376500228472e-07,6.909928139697683e-05,3.6010644714964144e-05,0.003437613589779767,0.0006445801825910833,0.06210824290304233,8.01076224070987e-05,0.0077704311296419235,0.0,1.5537410334744e-07,1.4655801371781779e-05,1.4237325171013379e-05,0.0013308750607313707,0.0005411135859775204,0.05098276533782147,0.007628742362568214,0.7395754126173952,1.6248965234295398e-06,0.0001576149627726654,4.382623527830399e-07,9.290076553582798e-07,7.368454643369328e-05,5.11965696646494e-05,0.003815893908072038,0.0009902966837736248,0.0707622420578064,0.00016284497700634683,0.015382605993940793,8.163125648304198e-07,4.4089652824919995e-08,1.92559045623e-06,5.222184683536799e-06,0.00014880287271896726,0.00018494460734008286,0.003903831182092169,0.0014939489300810221,0.016578646136986685,0.00016415619746662993,8.004860967367689e-05
33,34,0.0,1.0,0.0,0.0,0.0,0.0,0.0,0.0,0.0,0.0,0.0,0.0,0.0,0.0,0.0,0.0,0.0,0.0,0.0,0.0,0.0,0.0,0.0,0.0,0.0,0.0,0.0,0.0,0.0,0.0,0.0,0.0,0.0,0.0,0.0,0.0,0.0,0.0,0.0,0.0,0.0,0.0,0.0,0.0,0.0,0.0,0.0,0.0,0.0,0.0,0.0,0.0,0.0,0.0,0.0,0.0,0.0,0.0,0.0,0.0,0.0,0.0,0.0,0.0,0.0,0.0,0.0,0.0,0.0,0.0,0.0,0.0,0.0,0.0,0.0,0.0,0.0,0.0,0.0,0.0,0.0,0.0,0.0,0.0,0.0,0.0,0.0,0.0,0.0,0.0,0.0,0.0,0.0,0.0,0.0,0.0,0.0,0.0,0.0,0.0
34,35,0.01,0.01,0.97,0.0,0.0,0.0,0.0,0.0,0.0,0.0,0.0,0.01,0.0,0.0,0.0,0.0,0.0,0.0,0.0,0.0,0.0,0.0,0.0,0.0,0.0,0.0,0.0,0.0,0.0,0.0,0.0,0.0,0.0,0.0,0.0,0.0,0.0,0.0,0.0,0.0,0.0,0.0,0.0,0.0,0.0,0.0,0.0,0.0,0.0,0.0,0.0,0.0,0.0,0.0,0.0,0.0,0.0,0.0,0.0,0.0,0.0,0.0,0.0,0.0,0.0,0.0,0.0,0.0,0.0,0.0,0.0,0.0,0.0,0.0,0.0,0.0,0.0,0.0,0.0,0.0,0.0,0.0,0.0,0.0,0.0,0.0,0.0,0.0,0.0,0.0,0.0,0.0,0.0,0.0,0.0,0.0,0.0,0.0,0.0,0.0
35,36,0.00030000000000000003,0.0196,0.0194,0.9409,0.0,0.0,0.0,0.0,0.0,0.0,0.0002,0.0001,0.0194,0.0,0.0,0.0,0.0,0.0,0.0,0.0,0.0,0.0001,0.0,0.0,0.0,0.0,0.0,0.0,0.0,0.0,0.0,0.0,0.0,0.0,0.0,0.0,0.0,0.0,0.0,0.0,0.0,0.0,0.0,0.0,0.0,0.0,0.0,0.0,0.0,0.0,0.0,0.0,0.0,0.0,0.0,0.0,0.0,0.0,0.0,0.0,0.0,0.0,0.0,0.0,0.0,0.0,0.0,0.0,0.0,0.0,0.0,0.0,0.0,0.0,0.0,0.0,0.0,0.0,0.0,0.0,0.0,0.0,0.0,0.0,0.0,0.0,0.0,0.0,0.0,0.0,0.0,0.0,0.0,0.0,0.0,0.0,0.0,0.0,0.0,0.0
36,37,0.000204,0.000682,0.028808999999999994,0.028227000000000002,0.912673,0.0,0.0,0.0,0.0,0.0,6.000000000000002e-06,0.000585,0.000291,0.028227000000000002,0.0,0.0,0.0,0.0,0.0,0.0,3.0000000000000005e-06,1.0000000000000002e-06,0.000291,0.0,0.0,0.0,0.0,0.0,0.0,0.0,0.0,1.0000000000000002e-06,0.0,0.0,0.0,0.0,0.0,0.0,0.0,0.0,0.0,0.0,0.0,0.0,0.0,0.0,0.0,0.0,0.0,0.0,0.0,0.0,0.0,0.0,0.0,0.0,0.0,0.0,0.0,0.0,0.0,0.0,0.0,0.0,0.0,0.0,0.0,0.0,0.0,0.0,0.0,0.0,0.0,0.0,0.0,0.0,0.0,0.0,0.0,0.0,0.0,0.0,0.0,0.0,0.0,0.0,0.0,0.0,0.0,0.0,0.0,0.0,0.0,0.0,0.0,0.0,0.0,0.0,0.0,0.0
37,38,1.096e-05,0.0004986399999999998,0.00123481,0.037635999999999996,0.03650692,0.8852928099999999,0.0,0.0,0.0,0.0,7.98e-06,1.5560000000000003e-05,0.00114072,0.0005645400000000001,0.03650692,0.0,0.0,0.0,0.0,0.0,1.0000000000000002e-07,1.1680000000000002e-05,3.88e-06,0.0005645400000000001,0.0,0.0,0.0,0.0,0.0,0.0,4.000000000000001e-08,1.0000000000000002e-08,3.88e-06,0.0,0.0,0.0,0.0,0.0,0.0,0.0,0.0,1.0000000000000002e-08,0.0,0.0,0.0,0.0,0.0,0.0,0.0,0.0,0.0,0.0,0.0,0.0,0.0,0.0,0.0,0.0,0.0,0.0,0.0,0.0,0.0,0.0,0.0,0.0,0.0,0.0,0.0,0.0,0.0,0.0,0.0,0.0,0.0,0.0,0.0,0.0,0.0,0.0,0.0,0.0,0.0,0.0,0.0,0.0,0.0,0.0,0.0,0.0,0.0,0.0,0.0,0.0,0.0,0.0,0.0,0.0,0.0,0.0
38,39,5.2853999999999986e-06,2.8121299999999998e-05,0.0008837960999999998,0.0019448402999999999,0.04608998649999999,0.044264640499999994,0.8587340256999999,0.0,0.0,0.0,3.4600000000000005e-07,2.4250999999999995e-05,3.31255e-05,0.0018535729999999999,0.0009126730000000001,0.044264640499999994,0.0,0.0,0.0,0.0,1.9800000000000003e-07,2.915000000000001e-07,2.8421000000000005e-05,9.409000000000001e-06,0.0009126730000000001,0.0,0.0,0.0,0.0,0.0,1.5000000000000004e-09,1.9450000000000003e-07,4.8500000000000004e-08,9.409000000000001e-06,0.0,0.0,0.0,0.0,0.0,0.0,5.000000000000001e-10,1.0000000000000002e-10,4.8500000000000004e-08,0.0,0.0,0.0,0.0,0.0,0.0,0.0,0.0,1.0000000000000002e-10,0.0,0.0,0.0,0.0,0.0,0.0,0.0,0.0,0.0,0.0,0.0,0.0,0.0,0.0,0.0,0.0,0.0,0.0,0.0,0.0,0.0,0.0,0.0,0.0,0.0,0.0,0.0,0.0,0.0,0.0,0.0,0.0,0.0,0.0,0.0,0.0,0.0,0.0,0.0,0.0,0.0,0.0,0.0,0.0,0.0,0.0,0.0,0.0
39,42,1.68656784e-08,3.3230103719999987e-07,9.612566783999999e-07,1.5844858271999996e-05,2.58900268608e-05,0.0002865448721784,0.0001860278841345,0.0002553556834624,2.6204667176e-06,8.587340257e-07,3.9459379439999986e-07,1.3974759264e-06,3.237644221919999e-05,6.5213000292e-05,0.0011895510976475997,0.001131725077092,0.0167949299018144,0.0002627735245372,0.00024993586611919997,0.0,1.0196910888e-06,2.661657552479999e-05,6.52321150464e-05,0.0014110689512063998,0.0017643240381995996,0.027233246783094398,0.0093295520524568,0.024252367266492398,0.0,0.0,5.5323253247999975e-06,2.66215742016e-05,0.0008607122345285997,0.0018019714624632,0.04339317203295199,0.04042490699789499,0.7849930830423415,0.0,0.0,0.0,3.297163008e-07,2.2949431936799994e-05,3.050796320699999e-05,0.0017185414398207999,0.0008332376068856002,0.04042490699789499,0.0,0.0,0.0,0.0,1.8627035159999999e-07,2.6745855600000004e-07,2.6211554768000002e-05,8.588709295599998e-06,0.0008332376068856002,0.0,0.0,0.0,0.0,0.0,1.3859748000000004e-09,1.789009024e-07,4.42674632e-08,8.588709295599998e-06,0.0,0.0,0.0,0.0,0.0,0.0,4.591592000000001e-10,9.12673e-11,4.42674632e-08,0.0,0.0,0.0,0.0,0.0,0.0,0.0,0.0,9.12673e-11,0.0,0.0,0.0,0.0,0.0,0.0,0.0,0.0,0.0,0.0,0.0,0.0,0.0,0.0,0.0,0.0,0.0,0.0
40,44,8.6768833116e-10,1.4460419586239996e-08,3.852163887e-08,5.845202598726e-07,8.7285225784089e-07,9.36834574406754e-06,4.86285791758396e-06,8.480514098104509e-06,1.73684504009e-07,8.50679686475e-08,2.4129347403119992e-08,7.206269999603999e-08,1.4503422458185798e-06,2.61220546381944e-06,4.1183606529739196e-05,3.53665688148462e-05,0.00043043834714162664,1.3266172135245698e-05,1.6424687645846098e-05,1.2709715353495e-07,8.626963532303999e-08,1.7868577442452792e-06,4.02054287883546e-06,7.801939019852627e-05,9.1629453992799e-05,0.0013245667239074879,0.00039320754308530976,0.0012060028981777128,8.4963587158572e-06,8.081975374142848e-06,1.1092582873765797e-06,3.30889765305996e-06,7.99148432650471e-05,0.00013638970285415167,0.00261255191784384,0.0020727363430209623,0.032199459183411924,0.00043227940975450294,0.0007841598897057419,0.0,1.5951120596531401e-06,4.247567380912786e-05,9.753469042994735e-05,0.002224101077545956,0.00249559015530609,0.04248712192549831,0.009562502045676454,0.03805196066276391,0.0,0.0,5.663315277428877e-06,2.5652618974213404e-05,0.0008442279111900194,0.001712399987392963,0.041662554261488495,0.0380519606627639,0.7393843183540588,0.0,0.0,0.0,3.190820002581e-07,2.2109612738320645e-05,2.887762003691699e-05,0.0016338173199092467,0.0007841598897057421,0.0380519606627639,0.0,0.0,0.0,0.0,1.7877279288494998e-07,2.525392667926e-07,2.4833411225500505e-05,8.081975374142848e-06,0.0007841598897057421,0.0,0.0,0.0,0.0,0.0,1.3147510901500004e-09,1.6919734438179998e-07,4.1653026710499995e-08,8.081975374142848e-06,0.0,0.0,0.0,0.0,0.0,0.0,4.3379347690000003e-10,1.7174680514e-10,4.1653026710499995e-08,0.0,0.0,0.0,0.0,0.0,0.0,0.0
41,45,0.0,0.0,0.0,0.0,0.0,0.0,0.0,0.0,0.0,0.0,0.0,1.0,0.0,0.0,0.0,0.0,0.0,0.0,0.0,0.0,0.0,0.0,0.0,0.0,0.0,0.0,0.0,0.0,0.0,0.0,0.0,0.0,0.0,0.0,0.0,0.0,0.0,0.0,0.0,0.0,0.0,0.0,0.0,0.0,0.0,0.0,0.0,0.0,0.0,0.0,0.0,0.0,0.0,0.0,0.0,0.0,0.0,0.0,0.0,0.0,0.0,0.0,0.0,0.0,0.0,0.0,0.0,0.0,0.0,0.0,0.0,0.0,0.0,0.0,0.0,0.0,0.0,0.0,0.0,0.0,0.0,0.0,0.0,0.0,0.0,0.0,0.0,0.0,0.0,0.0,0.0,0.0,0.0,0.0,0.0,0.0,0.0,0.0,0.0,0.0
42,56,0.0,0.0,0.0,0.0,0.0,0.0,0.0,0.0,0.0,0.0,0.0,0.0,0.0,0.0,0.0,0.0,0.0,0.0,0.0,0.0,0.0,0.0,0.0,0.0,0.0,0.0,0.0,0.0,0.0,0.0,0.0,1.0,0.0,0.0,0.0,0.0,0.0,0.0,0.0,0.0,0.0,0.0,0.0,0.0,0.0,0.0,0.0,0.0,0.0,0.0,0.0,0.0,0.0,0.0,0.0,0.0,0.0,0.0,0.0,0.0,0.0,0.0,0.0,0.0,0.0,0.0,0.0,0.0,0.0,0.0,0.0,0.0,0.0,0.0,0.0,0.0,0.0,0.0,0.0,0.0,0.0,0.0,0.0,0.0,0.0,0.0,0.0,0.0,0.0,0.0,0.0,0.0,0.0,0.0,0.0,0.0,0.0,0.0,0.0,0.0
43,57,0.0,0.0,0.0,0.0,0.0,0.0,0.0,0.0,0.0,0.0,0.0,0.0,0.0,0.0,0.0,0.0,0.0,0.0,0.0,0.0,0.0,0.01,0.0,0.0,0.0,0.0,0.0,0.0,0.0,0.0,0.01,0.0,0.97,0.0,0.0,0.0,0.0,0.0,0.0,0.0,0.0,0.01,0.0,0.0,0.0,0.0,0.0,0.0,0.0,0.0,0.0,0.0,0.0,0.0,0.0,0.0,0.0,0.0,0.0,0.0,0.0,0.0,0.0,0.0,0.0,0.0,0.0,0.0,0.0,0.0,0.0,0.0,0.0,0.0,0.0,0.0,0.0,0.0,0.0,0.0,0.0,0.0,0.0,0.0,0.0,0.0,0.0,0.0,0.0,0.0,0.0,0.0,0.0,0.0,0.0,0.0,0.0,0.0,0.0,0.0
44,58,0.0,0.0,0.0,0.0,0.0,0.0,0.0,0.0,0.0,0.0,0.0,0.0001,0.0,0.0,0.0,0.0,0.0,0.0,0.0,0.0,0.0002,0.0,0.0194,0.0,0.0,0.0,0.0,0.0,0.0,0.0,0.0001,0.0196,0.0,0.9409,0.0,0.0,0.0,0.0,0.0,0.0,0.0002,0.0,0.0194,0.0,0.0,0.0,0.0,0.0,0.0,0.0,0.0,0.0001,0.0,0.0,0.0,0.0,0.0,0.0,0.0,0.0,0.0,0.0,0.0,0.0,0.0,0.0,0.0,0.0,0.0,0.0,0.0,0.0,0.0,0.0,0.0,0.0,0.0,0.0,0.0,0.0,0.0,0.0,0.0,0.0,0.0,0.0,0.0,0.0,0.0,0.0,0.0,0.0,0.0,0.0,0.0,0.0,0.0,0.0,0.0,0.0
45,59,0.0,1.0000000000000002e-06,0.0,0.0,0.0,0.0,0.0,0.0,0.0,0.0,3.0000000000000005e-06,0.0,0.000291,0.0,0.0,0.0,0.0,0.0,0.0,0.0,3.0000000000000005e-06,0.000585,0.0,0.028227000000000002,0.0,0.0,0.0,0.0,0.0,0.0,0.00020099999999999998,9.7e-05,0.028808999999999994,0.0,0.912673,0.0,0.0,0.0,0.0,0.0,3.0000000000000005e-06,0.000585,0.0,0.028227000000000002,0.0,0.0,0.0,0.0,0.0,0.0,3.0000000000000005e-06,0.0,0.000291,0.0,0.0,0.0,0.0,0.0,0.0,0.0,0.0,1.0000000000000002e-06,0.0,0.0,0.0,0.0,0.0,0.0,0.0,0.0,0.0,0.0,0.0,0.0,0.0,0.0,0.0,0.0,0.0,0.0,0.0,0.0,0.0,0.0,0.0,0.0,0.0,0.0,0.0,0.0,0.0,0.0,0.0,0.0,0.0,0.0,0.0,0.0,0.0,0.0
46,60,4.000000000000001e-08,1.0000000000000002e-08,3.88e-06,0.0,0.0,0.0,0.0,0.0,0.0,0.0,6.000000000000001e-08,1.1680000000000002e-05,0.0,0.0005645400000000001,0.0,0.0,0.0,0.0,0.0,0.0,7.92e-06,3.88e-06,0.00114072,0.0,0.03650692,0.0,0.0,0.0,0.0,0.0,3.04e-06,0.0004947599999999999,9.409e-05,0.037635999999999996,0.0,0.8852928099999999,0.0,0.0,0.0,0.0,7.92e-06,3.88e-06,0.00114072,0.0,0.03650692,0.0,0.0,0.0,0.0,0.0,6.000000000000001e-08,1.1680000000000002e-05,0.0,0.0005645400000000001,0.0,0.0,0.0,0.0,0.0,0.0,4.000000000000001e-08,0.0,3.88e-06,0.0,0.0,0.0,0.0,0.0,0.0,0.0,0.0,1.0000000000000002e-08,0.0,0.0,0.0,0.0,0.0,0.0,0.0,0.0,0.0,0.0,0.0,0.0,0.0,0.0,0.0,0.0,0.0,0.0,0.0,0.0,0.0,0.0,0.0,0.0,0.0,0.0,0.0,0.0
47,61,1.5000000000000004e-09,1.5610000000000003e-07,3.8900000000000004e-08,5.684200000000001e-06,0.0,0.0,0.0,0.0,0.0,0.0,2.3540000000000003e-07,4.91e-08,2.0933e-05,0.0,0.0003707146,0.0,0.0,0.0,0.0,0.0,2.066e-07,2.77636e-05,9.797000000000001e-07,0.0013004402,0.0,0.0092179973,0.0,0.0,0.0,0.0,1.2739599999999997e-05,4.7737000000000006e-06,0.0014992132,9.409000000000001e-07,0.04500606969999999,0.0,0.008852928099999999,0.0,0.0,0.0,3.0674e-06,0.0004915204,9.13061e-05,0.036889041799999994,0.0,0.8590990948999999,0.0,0.0,0.0,0.0,7.800199999999999e-06,3.7642e-06,0.0011122993999999999,0.0,0.03541735779999999,0.0,0.0,0.0,0.0,0.0,5.86e-08,1.13689e-05,0.0,0.0005476426000000001,0.0,0.0,0.0,0.0,0.0,0.0,3.8900000000000004e-08,0.0,3.7636999999999996e-06,0.0,0.0,0.0,0.0,0.0,0.0,0.0,0.0,9.700000000000001e-09,0.0,0.0,0.0,0.0,0.0,0.0,0.0,0.0,0.0,0.0,0.0,0.0,0.0,0.0,0.0,0.0,0.0,0.0
48,62,3.945000000000001e-09,3.896000000000001e-09,4.1797800000000004e-07,9.457500000000001e-08,9.220820000000001e-06,0.0,0.0,0.0,0.0,0.0,4.9260000000000006e-09,7.168650000000001e-07,5.7812999999999996e-08,3.70734e-05,0.0,0.000451773135,0.0,0.0,0.0,0.0,4.09452e-07,2.5842700000000004e-07,5.5136555999999996e-05,9.59718e-07,0.0018073748099999998,0.0,0.009029986661999998,0.0,0.0,0.0,2.07873e-07,3.2542384e-05,5.562756e-06,0.002286192321,9.126730000000001e-07,0.05242758781199999,0.0,0.008587340256999998,0.0,0.0,5.151276e-06,3.973818e-06,0.0008717803319999998,8.8576326e-05,0.04517759577,0.0,0.833414651334,0.0,0.0,0.0,1.46904e-07,2.3718080999999997e-05,4.5643349999999996e-06,0.00180747084,0.0,0.04294582801499999,0.0,0.0,0.0,0.0,1.9266599999999999e-07,9.4484e-08,2.766489e-05,0.0,0.0008853869,0.0,0.0,0.0,0.0,0.0,9.75e-10,1.89156e-07,0.0,9.127215e-06,0.0,0.0,0.0,0.0,0.0,0.0,4.860000000000001e-10,0.0,4.7045999999999997e-08,0.0,0.0,0.0,0.0,0.0,0.0,0.0,0.0,9.700000000000001e-11,0.0,0.0,0.0,0.0,0.0,0.0,0.0,0.0
49,64,2.690016e-10,2.4327360000000004e-10,1.81994406e-08,6.6887736e-09,3.707757008e-07,4.7030935e-08,9.942753751999998e-07,0.0,0.0,0.0,5.187624e-10,4.0344924000000004e-08,7.898256e-09,1.560919204e-06,9.15657012e-08,1.64475757696e-05,0.0,2.7099086715999995e-06,0.0,0.0,3.83445324e-08,1.1636476799999999e-08,2.9387865392e-06,1.190962236e-07,6.99530665184e-05,2.7850640000000004e-10,0.00028147732562239995,0.0,2.6204667175999996e-06,0.0,2.7316259999999998e-08,2.7963197092e-06,2.0613679919999996e-07,0.000130461087376,5.4778460800000004e-08,0.0018439992618735999,9.126730000000002e-11,0.0005154192993279999,0.0,8.587340256999999e-07,1.2139410607999998e-06,4.4331545610000003e-07,0.00011883561230239998,2.7660282271999996e-06,0.0037399550120287995,2.65634888e-08,0.0260280381461408,0.0,0.00024993586611919997,0.0,3.7837961680000003e-07,4.8282828889600006e-05,7.1189644672e-06,0.0030843431573608,2.5775711836e-06,0.06721590301968638,0.0,0.024252367266492398,0.0,0.0,5.3164065632e-06,3.8322347408e-06,0.0008564158372255998,8.343002268079999e-05,0.043393172032952,0.0,0.7849930830423415,0.0,0.0,0.0,1.4383080639999998e-07,2.2861408791999997e-05,4.2964158886e-06,0.0017185414398207999,0.0,0.04042490699789499,0.0,0.0,0.0,0.0,1.8498223039999995e-07,8.891990010000001e-08,2.6211554768e-05,0.0,0.0008332376068856001,0.0,0.0,0.0,0.0,0.0,1.3859748e-09,1.7899122879999996e-07,4.426746319999999e-08,8.588709295599998e-06,0.0,0.0,0.0,0.0,0.0,0.0
50,67,0.0,0.0,0.0,0.0,0.0,0.0,0.0,0.0,0.0,0.0,0.0,0.0,0.0,0.0,0.0,0.0,0.0,0.0,0.0,0.0,0.0,0.0,0.0,0.0,0.0,0.0,0.0,0.0,0.0,0.0,0.0,0.0,0.0,0.0,0.0,0.0,0.0,0.0,0.0,0.0,0.0,1.0,0.0,0.0,0.0,0.0,0.0,0.0,0.0,0.0,0.0,0.0,0.0,0.0,0.0,0.0,0.0,0.0,0.0,0.0,0.0,0.0,0.0,0.0,0.0,0.0,0.0,0.0,0.0,0.0,0.0,0.0,0.0,0.0,0.0,0.0,0.0,0.0,0.0,0.0,0.0,0.0,0.0,0.0,0.0,0.0,0.0,0.0,0.0,0.0,0.0,0.0,0.0,0.0,0.0,0.0,0.0,0.0,0.0,0.0
51,68,0.0,0.0,0.0,0.0,0.0,0.0,0.0,0.0,0.0,0.0,0.0,0.0,0.0,0.0,0.0,0.0,0.0,0.0,0.0,0.0,0.0,0.0,0.0,0.0,0.0,0.0,0.0,0.0,0.0,0.0,0.0,0.01,0.0,0.0,0.0,0.0,0.0,0.0,0.0,0.0,0.01,0.0,0.97,0.0,0.0,0.0,0.0,0.0,0.0,0.0,0.0,0.01,0.0,0.0,0.0,0.0,0.0,0.0,0.0,0.0,0.0,0.0,0.0,0.0,0.0,0.0,0.0,0.0,0.0,0.0,0.0,0.0,0.0,0.0,0.0,0.0,0.0,0.0,0.0,0.0,0.0,0.0,0.0,0.0,0.0,0.0,0.0,0.0,0.0,0.0,0.0,0.0,0.0,0.0,0.0,0.0,0.0,0.0,0.0,0.0
52,69,0.0,0.0,0.0,0.0,0.0,0.0,0.0,0.0,0.0,0.0,0.0,0.0,0.0,0.0,0.0,0.0,0.0,0.0,0.0,0.0,0.0,0.0097,0.0,0.0,0.0,0.0,0.0,0.0,0.0,0.0,0.0098,0.0,0.941,0.0,0.0,0.0,0.0,0.0,0.0,0.0,0.0001,0.0196,0.0,0.0097,0.0,0.0,0.0,0.0,0.0,0.0,0.0002,0.0,0.0098,0.0,0.0,0.0,0.0,0.0,0.0,0.0,0.0,0.0001,0.0,0.0,0.0,0.0,0.0,0.0,0.0,0.0,0.0,0.0,0.0,0.0,0.0,0.0,0.0,0.0,0.0,0.0,0.0,0.0,0.0,0.0,0.0,0.0,0.0,0.0,0.0,0.0,0.0,0.0,0.0,0.0,0.0,0.0,0.0,0.0,0.0,0.0
53,70,0.0,0.0,0.0,0.0,0.0,0.0,0.0,0.0,0.0,0.0,0.0,9.7e-05,0.0,0.0,0.0,0.0,0.0,0.0,0.0,0.0,0.000195,0.0,0.018819000000000002,0.0,0.0,0.0,0.0,0.0,0.0,0.0,9.9e-05,0.019208999999999997,0.0,0.912867,0.0,0.0,0.0,0.0,0.0,0.0,0.000297,9.7e-05,0.028616999999999997,0.0,0.009409,0.0,0.0,0.0,0.0,0.0,3.0000000000000005e-06,0.000489,0.0,0.009602999999999999,0.0,0.0,0.0,0.0,0.0,0.0,3.0000000000000005e-06,0.0,0.000195,0.0,0.0,0.0,0.0,0.0,0.0,0.0,0.0,1.0000000000000002e-06,0.0,0.0,0.0,0.0,0.0,0.0,0.0,0.0,0.0,0.0,0.0,0.0,0.0,0.0,0.0,0.0,0.0,0.0,0.0,0.0,0.0,0.0,0.0,0.0,0.0,0.0,0.0,0.0
54,71,0.0,9.7e-07,0.0,0.0,0.0,0.0,0.0,0.0,0.0,0.0,2.92e-06,0.0,0.00028228000000000004,0.0,0.0,0.0,0.0,0.0,0.0,0.0,2.94e-06,0.0005704,0.0,0.0273831,0.0,0.0,0.0,0.0,0.0,0.0,0.000198,9.699999999999999e-05,0.028235759999999995,0.0,0.88557508,0.0,0.0,0.0,0.0,0.0,4.96e-06,0.0007712400000000001,9.409e-05,0.03707728,0.0,0.00912673,0.0,0.0,0.0,0.0,7.92e-06,3.88e-06,0.0008584799999999999,0.0,0.009408999999999999,0.0,0.0,0.0,0.0,0.0,6.000000000000001e-08,9.76e-06,0.0,0.00028518,0.0,0.0,0.0,0.0,0.0,0.0,4.000000000000001e-08,0.0,2.92e-06,0.0,0.0,0.0,0.0,0.0,0.0,0.0,0.0,1.0000000000000002e-08,0.0,0.0,0.0,0.0,0.0,0.0,0.0,0.0,0.0,0.0,0.0,0.0,0.0,0.0,0.0,0.0,0.0,0.0
55,72,3.89e-08,9.700000000000001e-09,3.7637e-06,0.0,0.0,0.0,0.0,0.0,0.0,0.0,5.8599999999999995e-08,1.13689e-05,0.0,0.0005476426000000001,0.0,0.0,0.0,0.0,0.0,0.0,7.7426e-06,3.8217999999999996e-06,0.0011122993999999999,0.0,0.0354173578,0.0,0.0,0.0,0.0,0.0,3.029e-06,0.00048783399999999987,9.503089999999998e-05,0.036889041799999994,0.0,0.8590990948999999,0.0,0.0,0.0,0.0,9.8212e-06,6.7609e-06,0.0014098179999999997,9.12673e-05,0.0450060697,0.0,0.008852928099999999,0.0,0.0,0.0,1.682e-07,2.40772e-05,4.7045e-06,0.0013004401999999998,0.0,0.0092179973,0.0,0.0,0.0,0.0,1.7780000000000002e-07,9.700000000000001e-08,2.0932999999999998e-05,0.0,0.00037071459999999995,0.0,0.0,0.0,0.0,0.0,1.0000000000000003e-09,1.657e-07,0.0,5.6842e-06,0.0,0.0,0.0,0.0,0.0,0.0,5.000000000000001e-10,0.0,3.89e-08,0.0,0.0,0.0,0.0,0.0,0.0,0.0,0.0,1.0000000000000002e-10,0.0,0.0,0.0,0.0,0.0,0.0,0.0,0.0
56,73,1.461e-09,1.51812e-07,3.7734e-08,5.514063000000001e-06,0.0,0.0,0.0,0.0,0.0,0.0,2.2943400000000001e-07,4.8213e-08,2.0363897999999998e-05,0.0,0.000359650004,0.0,0.0,0.0,0.0,0.0,2.02776e-07,2.7106592999999996e-05,9.885269999999998e-07,0.001265400312,0.0,0.008945164527,0.0,0.0,0.0,0.0,1.2517163999999998e-05,4.755353999999999e-06,0.0014667973559999998,1.862982e-06,0.043764779129999994,0.0,0.00867952023,0.0,0.0,0.0,3.105633e-06,0.00048763614399999986,9.32073e-05,0.036259533824999995,9.126730000000001e-07,0.833956892004,0.0,8.8529281e-05,0.0,0.0,9.770795999999999e-06,6.60777e-06,0.0013809779639999996,8.8576326e-05,0.043764779129999994,0.0,0.008679520229999998,0.0,0.0,0.0,1.65912e-07,2.3567649e-05,4.5643349999999996e-06,0.0012654003119999995,0.0,0.008945164527,0.0,0.0,0.0,0.0,1.7413800000000002e-07,9.41e-08,2.0363897999999998e-05,0.0,0.00035965000399999997,0.0,0.0,0.0,0.0,0.0,9.750000000000003e-10,1.61124e-07,0.0,5.514063e-06,0.0,0.0,0.0,0.0,0.0,0.0,4.860000000000001e-10,9.700000000000001e-11,3.7734e-08,0.0,0.0,0.0,0.0,0.0,0.0,0.0
57,74,3.8416799999999995e-09,3.79476e-09,4.0641459e-07,9.174261000000002e-08,8.94514115e-06,0.0,0.0,0.0,0.0,0.0,4.81884e-09,6.987740099999999e-07,5.702922e-08,3.6058624849999995e-05,0.0,0.00043831214915,0.0,0.0,0.0,0.0,4.0055966999999995e-07,2.5461365999999996e-07,5.3819010869999996e-05,9.775010099999998e-07,0.0017581342392499998,0.0,0.008763604793489999,0.0,0.0,0.0,2.0580926999999996e-07,3.195705001e-05,5.5732814699999996e-06,0.0022356905679899995,1.8162192699999999e-06,0.050967651523709995,0.0,0.008420019915909998,0.0,0.0,5.1302973699999985e-06,4.058168249999999e-06,0.0008640801511299998,9.132460081e-05,0.04438661231288999,8.8529281e-07,0.8091126609412901,0.0,8.587340257e-05,0.0,1.9650110999999997e-07,2.8399489689999996e-05,8.27301651e-06,0.0021524457577499993,8.592816294999999e-05,0.050967651523709995,0.0,0.008420019915909996,0.0,0.0,3.3678495e-07,2.7359668999999997e-07,4.952804126999999e-05,5.31316821e-06,0.0017581342392499993,0.0,0.008763604793489999,0.0,0.0,0.0,4.351250000000001e-09,6.098405700000001e-07,1.3692035e-07,3.605862484999999e-05,0.0,0.0004383121491499999,0.0,0.0,0.0,0.0,3.36723e-09,1.88772e-09,4.1544723e-07,0.0,8.94514115e-06,0.0,0.0,0.0,0.0,0.0,2.0440000000000006e-11,2.46097e-09,4.7143e-10,9.174260999999999e-08,0.0,0.0,0.0,0.0,0.0,0.0
58,75,1.6296959999999998e-10,1.11282504e-08,5.5898118e-09,4.550192319999999e-07,9.03688376e-08,4.472572903000001e-06,0.0,0.0,0.0,0.0,1.4767954799999997e-08,6.845534399999999e-09,1.2999862496e-06,9.933563400000002e-08,3.1001837048e-05,0.0,9.201916942639998e-05,0.0,0.0,0.0,1.32841008e-08,1.5395769951999999e-06,1.233723048e-07,7.545330428559998e-05,2.7937202799999996e-08,0.0010400566902399998,0.0,0.00017183624709399996,0.0,0.0,7.614744464e-07,3.453478401e-07,8.35217182352e-05,1.9353169951999996e-06,0.0026812897561183996,2.70151208e-08,0.017185699973494402,0.0,8.505893318479998e-05,0.0,2.934846591999999e-07,3.99744378916e-05,6.442640881599999e-06,0.0026426512331679994,3.5431132575999997e-06,0.05848329122577759,8.8529281e-09,0.016343604861030397,0.0,8.587340257e-07,5.2657162063999986e-06,4.0238543456e-06,0.0008604614794831998,8.95800062624e-05,0.04360379625871039,1.7180156551999998e-06,0.7855207938753825,0.0,0.00016749739965199996,0.0,1.9675340559999995e-07,2.8052251667199994e-05,8.0820628672e-06,0.002106309594071199,8.34034497436e-05,0.04954822248981759,0.0,0.008255055366367595,0.0,0.0,3.3285699199999997e-07,2.6682038249999996e-07,4.841303915839998e-05,5.1551423672e-06,0.0017102233712239993,0.0,0.008505079771176798,0.0,0.0,0.0,4.2734664e-09,5.957581072000001e-07,1.32836331e-07,3.507138941439999e-05,0.0,0.0004252522360869999,0.0,0.0,0.0,0.0,3.310854e-09,4.223148e-09,4.0438313599999997e-07,8.899504599999999e-08,8.6777043416e-06,0.0,0.0,0.0,0.0,0.0
59,76,2.62221444e-10,2.37265662e-10,1.7717235438e-08,6.503135153999999e-09,3.60197980206e-07,4.562941740600001e-08,9.649174232939997e-07,0.0,0.0,0.0,5.070564119999999e-10,3.9337714884e-08,7.717652178e-09,1.5189199308719997e-06,8.893050083999998e-08,1.5969172683054e-05,0.0,2.6385541652039995e-06,0.0,0.0,3.746827157999999e-08,1.1460210825e-08,2.866132657272e-06,1.1722183000800002e-07,6.803977944299999e-05,5.49523236e-10,0.000273234523451892,0.0,2.5689518027879996e-06,0.0,2.6888647233e-08,2.7359659910759997e-06,2.0690419282499997e-07,0.00012726433223224796,8.215354045199999e-08,0.0017923577990867038,3.58680489e-10,0.000502824797358276,0.0,8.591766721049998e-07,1.19396660058e-06,4.4258720376099993e-07,0.00011644693819357199,2.87291508936e-06,0.0036481484506114075,7.890448558499999e-08,0.025273605873911476,8.852928100000001e-11,0.00024762677513633693,8.587340257e-09,3.7954335899999987e-07,4.771299922842e-05,7.266220889903999e-06,0.003029077369495607,5.183834576484e-06,0.06551552061524336,2.5767496808999998e-08,0.023792730181613507,0.0,2.5079460014489995e-06,5.393563340855998e-06,3.988595081785e-06,0.0008564753839476717,8.7859012624308e-05,0.042829329925500204,2.5005096829799995e-06,0.7626182536353947,0.0,0.0002450230313261159,0.0,1.9689031184099996e-07,2.770410065975999e-05,7.895148971991e-06,0.002061057384247031,8.0952897674964e-05,0.04816818136890794,0.0,0.008092454503088336,0.0,0.0,3.28904706516e-07,2.6022910047899995e-07,4.732136329022397e-05,5.002706409954e-06,0.0016636066833857093,0.0,0.008254179900402364,0.0,0.0,0.0,7.432130808e-09,5.860587574439999e-07,5.2203506493e-07,3.4196393801363984e-05,8.418263161812e-06,0.0004125814460478059,0.0,0.0,0.0,0.0
60,77,1.268764962e-11,5.7554437428e-10,3.2175288432e-10,1.9033382816699994e-08,5.01261033606e-09,1.7339917503959998e-07,1.0105468406999997e-08,3.6034715884979993e-08,0.0,0.0,1.0274852294399997e-09,4.2699688628999996e-10,6.142962140514e-08,8.44674092964e-09,1.20467076136908e-06,4.515533512458001e-08,3.854392403596679e-06,0.0,5.207505967991999e-08,0.0,1.2500160160199998e-09,9.455325263676e-08,1.084198494924e-08,3.455054776271039e-06,8.826183475175998e-08,3.682641852237834e-05,9.08203725e-12,1.0345680266377439e-05,0.0,3.4281284748929994e-08,7.591243582149e-08,1.7880204938439996e-08,5.2446210417228e-06,1.4532490333413002e-07,0.00012167629187901359,2.14720460418e-09,0.0005407253724518998,4.4720977e-12,1.0004990740371539e-05,8.677640123619998e-09,4.6242959449419995e-08,4.30742605156944e-06,3.065142988705e-07,0.00019138312984828636,1.6104547575273e-07,0.0026829598145117653,1.39552519108e-09,0.0009808796817441408,8.675869538000001e-11,3.3348344567222793e-06,1.6930086618453602e-06,5.456531809550598e-07,0.00015228618757448184,3.78981831758616e-06,0.004652443276195456,1.5363846858017997e-07,0.03303466274201664,3.4354837065999996e-10,0.00048060058347165757,3.3409180063779995e-08,4.639475455748199e-07,5.517733973105027e-05,8.045661829987719e-06,0.003395673675347688,6.741443739012e-06,0.0720862126460841,4.999956873452999e-08,0.030788505587863193,0.0,4.882937934666688e-06,5.514055397411487e-06,3.9524599131745595e-06,0.0008521419509112116,8.616174977614784e-05,0.04206337848210061,3.2350233692402396e-06,0.7403848541840569,0.0,0.00031859688541721577,0.0,1.9694926186379996e-07,2.7355340907509028e-05,7.7161442085849e-06,0.002016676907124393,7.865852044043274e-05,0.046826439608139064,0.0,0.007932222666999708,0.0,0.0,3.321816410868e-07,8.261938941426898e-07,4.6755920930087433e-05,3.811253018724587e-05,0.0016263319765495875,0.00040028818529798984,0.008010680317850773,0.0,0.0,0.0
61,78,0.0,0.0,0.0,0.0,0.0,0.0,0.0,0.0,0.0,0.0,0.0,0.0,0.0,0.0,0.0,0.0,0.0,0.0,0.0,0.0,0.0,0.0,0.0,0.0,0.0,0.0,0.0,0.0,0.0,0.0,0.0,0.0,0.0,0.0,0.0,0.0,0.0,0.0,0.0,0.0,0.0,0.0,0.0,0.0,0.0,0.0,0.0,0.0,0.0,0.0,0.0,0.0,0.0,0.0,0.0,0.0,0.0,0.0,0.0,0.0,0.0,0.0,0.0,0.0,0.0,0.0,0.0,0.0,0.0,0.0,0.0,0.0,0.0,0.0,0.0,0.0,0.0,0.0,0.0,0.0,0.0,1.0,0.0,0.0,0.0,0.0,0.0,0.0,0.0,0.0,0.0,0.0,0.0,0.0,0.0,0.0,0.0,0.0,0.0,0.0
62,79,0.0,0.0,0.0,0.0,0.0,0.0,0.0,0.0,0.0,0.0,0.0,0.0,0.0,0.0,0.0,0.0,0.0,0.0,0.0,0.0,0.0,0.0,0.0,0.0,0.0,0.0,0.0,0.0,0.0,0.0,0.0,0.0,0.0,0.0,0.0,0.0,0.0,0.0,0.0,0.0,0.0,0.0,0.0,0.0,0.0,0.0,0.0,0.0,0.0,0.0,0.0,0.0,0.0,0.0,0.0,0.0,0.0,0.0,0.0,0.0,0.0,0.0,0.0,0.0,0.0,0.0,0.0,0.0,0.0,0.0,0.0,0.01,0.0,0.0,0.0,0.0,0.0,0.0,0.0,0.0,0.01,0.0,0.97,0.0,0.0,0.0,0.0,0.0,0.0,0.0,0.0,0.01,0.0,0.0,0.0,0.0,0.0,0.0,0.0,0.0
63,81,0.0,0.0,0.0,0.0,0.0,0.0,0.0,0.0,0.0,0.0,0.0,0.0,0.0,0.0,0.0,0.0,0.0,0.0,0.0,0.0,0.0,0.0,0.0,0.0,0.0,0.0,0.0,0.0,0.0,0.0,0.0,0.0,0.0,0.0,0.0,0.0,0.0,0.0,0.0,0.0,0.0,0.0,0.0,0.0,0.0,0.0,0.0,0.0,0.0,0.0,0.0,0.009409,0.0,0.0,0.0,0.0,0.0,0.0,0.0,0.0,0.009602999999999999,0.0,0.912867,0.0,0.0,0.0,0.0,0.0,0.0,0.0,0.000195,0.028616999999999997,0.0,0.018819000000000002,0.0,0.0,0.0,0.0,0.0,0.0,0.0004890000000000001,9.8e-05,0.019208999999999997,0.0,9.7e-05,0.0,0.0,0.0,0.0,0.0,6.000000000000002e-06,0.000297,9.9e-05,0.000195,0.0,0.0,0.0,0.0,0.0,0.0
64,82,0.0,0.0,0.0,0.0,0.0,0.0,0.0,0.0,0.0,0.0,0.0,0.0,0.0,0.0,0.0,0.0,0.0,0.0,0.0,0.0,0.0,0.0,0.0,0.0,0.0,0.0,0.0,0.0,0.0,0.0,0.0,0.0,0.0,0.0,0.0,0.0,0.0,0.0,0.0,0.0,0.0,9.409000000000002e-05,0.0,0.0,0.0,0.0,0.0,0.0,0.0,0.0,0.00019012,0.0,0.018255399999999998,0.0,0.0,0.0,0.0,0.0,0.0,0.0,9.797999999999998e-05,0.01882384,0.0,0.88566918,0.0,0.0,0.0,0.0,0.0,0.0,0.00038903999999999995,0.00019013,0.03726744,0.0,0.0182554,0.0,0.0,0.0,0.0,0.0,7.879999999999999e-06,0.00095556,9.604999999999999e-05,0.018823839999999998,0.0,9.409e-05,0.0,0.0,0.0,0.0,7.980000000000002e-06,1.0760000000000004e-05,0.00048311999999999997,9.797999999999998e-05,0.00019012,0.0,0.0,0.0,0.0,0.0
65,85,0.0,0.0,0.0,0.0,0.0,0.0,0.0,0.0,0.0,0.0,0.0,9.409000000000002e-11,0.0,0.0,0.0,0.0,0.0,0.0,0.0,0.0,4.723900000000001e-10,0.0,4.563559e-08,0.0,0.0,0.0,0.0,0.0,0.0,0.0,9.5061e-10,1.8395761000000003e-07,0.0,8.85386901e-06,0.0,0.0,0.0,0.0,0.0,0.0,1.8729843000000004e-07,9.315396e-08,2.6928577469999997e-05,0.0,0.00085891656515,0.0,0.0,0.0,0.0,0.0,1.4406876000000002e-07,2.3107100730000002e-05,4.6099444199999995e-06,0.00176246850485,0.0,0.04166630704355,0.0,0.0,0.0,0.0,5.031285e-06,4.01858214e-06,0.0008555076265500001,9.481854857999997e-05,0.04427865475445,0.0,0.8088416700741299,0.0,0.0,0.0,2.4538194e-07,3.31194414e-05,1.2186140219999997e-05,0.00252702123711,0.00017626642314,0.06007014092882999,0.0,0.01666386656263,0.0,0.0,5.013603e-07,5.4143922e-07,7.469626476e-05,1.584679014e-05,0.0027485716930500006,9.048334211999997e-05,0.017703382856170007,0.0,8.587340257e-05,0.0,1.8809580000000003e-08,1.17359262e-06,1.6283685000000002e-06,7.141687284e-05,3.45987942e-05,0.00098588132403,9.481759796999996e-05,0.00017617326918999997,0.0,0.0
66,88,3.404710000000001e-15,4.589904400000001e-13,6.398314e-14,1.8656355330000002e-11,0.0,0.0,0.0,0.0,0.0,0.0,1.0018249800000004e-12,4.252092200000001e-13,1.1890665666000003e-10,0.0,3.02454488568e-09,0.0,0.0,0.0,0.0,0.0,1.9236217000000004e-12,2.8607118345e-10,3.634839196e-11,1.7082667734240003e-08,0.0,2.9460812661714e-07,0.0,0.0,0.0,0.0,2.6638939845000003e-10,1.8672972856e-10,3.825469239096e-08,1.89725947785e-09,1.4883255148818e-06,0.0,1.726525337221692e-05,0.0,0.0,0.0,2.7725646636e-10,3.971322575736e-08,1.0013878726979998e-08,2.95972370103018e-06,6.381166527113999e-08,8.133613319650392e-05,0.0,0.000565943882031725,0.0,0.0,1.6892124128640002e-08,1.4238850695570001e-08,2.7890117183949e-06,3.061931563817999e-07,0.00014124654863097229,9.883799249159397e-07,0.002825537233643088,0.0,0.008162594380547748,0.0,8.023477649520001e-09,1.13070867358104e-06,4.304228927228999e-07,0.00010424565488917116,7.166113335267238e-06,0.004072759233125342,2.6025732543140096e-06,0.06218749143455945,0.0,0.007770431129641925,1.5125430976098003e-07,1.5201031073328e-07,2.824453796704464e-05,6.017436079891862e-06,0.0018513511513867478,9.20146843970111e-05,0.05852628718626668,2.5629805484181997e-06,0.739577020592432,0.00015761496277266537,9.33897456948e-09,1.1958251073442803e-06,6.409657991390399e-07,0.00011295550619518584,1.8624452128795405e-05,0.004545580147192161,0.0001843297657299887,0.07092158764716651,5.093955352298178e-06,0.01538341389091217,2.0422687375919998e-08,8.2327245117e-08,3.4928037411481797e-06,5.86857379042584e-06,0.0001912382717332176,0.0001657176384237582,0.004125382674607897,0.0013237939336182974,0.01657695440882373,0.00024337956374160917
67,89,0.0,0.0,0.0,0.0,0.0,0.0,0.0,0.0,0.0,0.0,0.0,0.0,0.0,0.0,0.0,0.0,0.0,0.0,0.0,0.0,0.0,0.0,0.0,0.0,0.0,0.0,0.0,0.0,0.0,0.0,0.0,0.0,0.0,0.0,0.0,0.0,0.0,0.0,0.0,0.0,0.0,0.0,0.0,0.0,0.0,0.0,0.0,0.0,0.0,0.0,0.0,0.0,0.0,0.0,0.0,0.0,0.0,0.0,0.0,0.0,0.0,0.0,0.0,0.0,0.0,0.0,0.0,0.0,0.0,0.0,0.0,0.0,0.0,0.0,0.0,0.0,0.0,0.0,0.0,0.0,0.0,0.0,0.0,0.0,0.0,0.0,0.0,0.0,0.0,0.0,0.0,1.0,0.0,0.0,0.0,0.0,0.0,0.0,0.0,0.0
68,100,0.0,0.0,1.0,0.0,0.0,0.0,0.0,0.0,0.0,0.0,0.0,0.0,0.0,0.0,0.0,0.0,0.0,0.0,0.0,0.0,0.0,0.0,0.0,0.0,0.0,0.0,0.0,0.0,0.0,0.0,0.0,0.0,0.0,0.0,0.0,0.0,0.0,0.0,0.0,0.0,0.0,0.0,0.0,0.0,0.0,0.0,0.0,0.0,0.0,0.0,0.0,0.0,0.0,0.0,0.0,0.0,0.0,0.0,0.0,0.0,0.0,0.0,0.0,0.0,0.0,0.0,0.0,0.0,0.0,0.0,0.0,0.0,0.0,0.0,0.0,0.0,0.0,0.0,0.0,0.0,0.0,0.0,0.0,0.0,0.0,0.0,0.0,0.0,0.0,0.0,0.0,0.0,0.0,0.0,0.0,0.0,0.0,0.0,0.0,0.0
69,101,0.0,0.01,0.01,0.97,0.0,0.0,0.0,0.0,0.0,0.0,0.0,0.0,0.01,0.0,0.0,0.0,0.0,0.0,0.0,0.0,0.0,0.0,0.0,0.0,0.0,0.0,0.0,0.0,0.0,0.0,0.0,0.0,0.0,0.0,0.0,0.0,0.0,0.0,0.0,0.0,0.0,0.0,0.0,0.0,0.0,0.0,0.0,0.0,0.0,0.0,0.0,0.0,0.0,0.0,0.0,0.0,0.0,0.0,0.0,0.0,0.0,0.0,0.0,0.0,0.0,0.0,0.0,0.0,0.0,0.0,0.0,0.0,0.0,0.0,0.0,0.0,0.0,0.0,0.0,0.0,0.0,0.0,0.0,0.0,0.0,0.0,0.0,0.0,0.0,0.0,0.0,0.0,0.0,0.0,0.0,0.0,0.0,0.0,0.0,0.0
70,102,0.0001,0.0002,0.0196,0.0194,0.9409,0.0,0.0,0.0,0.0,0.0,0.0,0.0002,0.0001,0.0194,0.0,0.0,0.0,0.0,0.0,0.0,0.0,0.0,0.0001,0.0,0.0,0.0,0.0,0.0,0.0,0.0,0.0,0.0,0.0,0.0,0.0,0.0,0.0,0.0,0.0,0.0,0.0,0.0,0.0,0.0,0.0,0.0,0.0,0.0,0.0,0.0,0.0,0.0,0.0,0.0,0.0,0.0,0.0,0.0,0.0,0.0,0.0,0.0,0.0,0.0,0.0,0.0,0.0,0.0,0.0,0.0,0.0,0.0,0.0,0.0,0.0,0.0,0.0,0.0,0.0,0.0,0.0,0.0,0.0,0.0,0.0,0.0,0.0,0.0,0.0,0.0,0.0,0.0,0.0,0.0,0.0,0.0,0.0,0.0,0.0,0.0
71,103,4.000000000000001e-06,0.00029699999999999996,0.000585,0.028808999999999994,0.028227000000000002,0.912673,0.0,0.0,0.0,0.0,3.0000000000000005e-06,3.0000000000000005e-06,0.000585,0.000291,0.028227000000000002,0.0,0.0,0.0,0.0,0.0,0.0,3.0000000000000005e-06,1.0000000000000002e-06,0.000291,0.0,0.0,0.0,0.0,0.0,0.0,0.0,0.0,1.0000000000000002e-06,0.0,0.0,0.0,0.0,0.0,0.0,0.0,0.0,0.0,0.0,0.0,0.0,0.0,0.0,0.0,0.0,0.0,0.0,0.0,0.0,0.0,0.0,0.0,0.0,0.0,0.0,0.0,0.0,0.0,0.0,0.0,0.0,0.0,0.0,0.0,0.0,0.0,0.0,0.0,0.0,0.0,0.0,0.0,0.0,0.0,0.0,0.0,0.0,0.0,0.0,0.0,0.0,0.0,0.0,0.0,0.0,0.0,0.0,0.0,0.0,0.0,0.0,0.0,0.0,0.0,0.0,0.0
72,104,3.0799999999999997e-06,1.273e-05,0.0005878799999999998,0.00114072,0.037635999999999996,0.03650692,0.8852928099999999,0.0,0.0,0.0,1.0000000000000002e-07,1.176e-05,1.1680000000000002e-05,0.00114072,0.0005645400000000001,0.03650692,0.0,0.0,0.0,0.0,6.000000000000001e-08,4.000000000000001e-08,1.1680000000000002e-05,3.88e-06,0.0005645400000000001,0.0,0.0,0.0,0.0,0.0,0.0,4.000000000000001e-08,1.0000000000000002e-08,3.88e-06,0.0,0.0,0.0,0.0,0.0,0.0,0.0,0.0,1.0000000000000002e-08,0.0,0.0,0.0,0.0,0.0,0.0,0.0,0.0,0.0,0.0,0.0,0.0,0.0,0.0,0.0,0.0,0.0,0.0,0.0,0.0,0.0,0.0,0.0,0.0,0.0,0.0,0.0,0.0,0.0,0.0,0.0,0.0,0.0,0.0,0.0,0.0,0.0,0.0,0.0,0.0,0.0,0.0,0.0,0.0,0.0,0.0,0.0,0.0,0.0,0.0,0.0,0.0,0.0,0.0,0.0,0.0,0.0
73,107,8.97144e-09,2.2501083999999995e-07,6.1768826e-07,1.2918937759999999e-05,2.1630866559999994e-05,0.00028879645784999996,0.00018901167314999998,0.00026318864209,2.6923853500000003e-06,8.8529281e-07,2.4758227999999996e-07,7.6164402e-07,2.3467537899999997e-05,4.443987622e-05,0.0010247821926299997,0.0009845511029299998,0.01730348888883,0.00026824428596999996,0.00025765671463,0.0,4.8502474e-07,1.7479032979999997e-05,3.859289165999999e-05,0.00113350667487,0.0014330665598899996,0.02744739521717,0.009360365165149999,0.02499978422613,0.0,0.0,3.1509714399999997e-06,1.1953146140000003e-05,0.0005695763400899998,0.0010574811029099998,0.03542831046389001,0.03333481659682999,0.80901348989699,0.0,0.0,0.0,9.410456000000003e-08,1.1066706749999997e-05,1.0770958570000003e-05,0.0010574811029099998,0.0005153499390899999,0.03333481659682999,0.0,0.0,0.0,0.0,5.589237e-08,3.678919000000001e-08,1.0770958570000003e-05,3.5414535099999996e-06,0.0005153499390899999,0.0,0.0,0.0,0.0,0.0,0.0,3.678919000000001e-08,9.12673e-09,3.5414535099999996e-06,0.0,0.0,0.0,0.0,0.0,0.0,0.0,0.0,9.12673e-09,0.0,0.0,0.0,0.0,0.0,0.0,0.0,0.0,0.0,0.0,0.0,0.0,0.0,0.0,0.0,0.0,0.0,0.0,0.0,0.0,0.0,0.0,0.0,0.0,0.0,0.0,0.0
74,109,4.958867280000001e-10,1.0235322995999998e-08,2.6216003123999998e-08,4.899858366479999e-07,7.471977519449998e-07,9.466552692729e-06,4.919890559857e-06,8.738227379568e-06,1.78142865733e-07,8.7687909402e-08,1.5809718768e-08,4.2747669864e-08,1.110605674872e-06,1.9265685089879996e-06,3.7140536123484e-05,3.1708428949856993e-05,0.000443209335158544,1.3500104711507998e-05,1.6929527815812e-05,1.3058439662100002e-07,4.6164129455999996e-08,1.2434263801979999e-06,2.5728321571559996e-06,6.476001703421999e-05,7.627290225519598e-05,0.00134010116324988,0.0003924187410237899,0.0012428636263828678,8.673241040147999e-06,8.331490691364e-06,7.036026273659999e-07,1.8172639999019996e-06,5.9331358209486004e-05,9.453055781168399e-05,0.0023009702480009516,0.0017893279316085894,0.03316520217304693,0.0004373156145327659,0.0008083263657719881,0.0,7.534264111379999e-07,2.7881765996717993e-05,5.7322447948013986e-05,0.001789042230654672,0.0020256855457681795,0.0428609963102323,0.009453914560862045,0.039220492164027,0.0,0.0,3.1834523903759996e-06,1.1458580055906002e-05,0.0005569075738304157,0.001005260133135684,0.03401181053504178,0.03137472707892103,0.7618475396210501,0.0,0.0,0.0,9.034559436000003e-08,1.0623782328131997e-05,1.0203991710801002e-05,0.001005260133135684,0.0004849614628005479,0.03137472707892103,0.0,0.0,0.0,0.0,5.3303753892e-08,3.4792007433000004e-08,1.0203991710801002e-05,3.3323306661209994e-06,0.0004849614628005479,0.0,0.0,0.0,0.0,0.0,0.0,3.4792007433000004e-08,8.587340256999999e-09,3.3323306661209994e-06,0.0,0.0,0.0,0.0,0.0,0.0,0.0,0.0,8.587340256999999e-09,0.0,0.0,0.0,0.0,0.0,0.0,0.0
75,111,0.0,0.0,0.0,0.0,0.0,0.0,0.0,0.0,0.0,0.0,0.0,0.0,1.0,0.0,0.0,0.0,0.0,0.0,0.0,0.0,0.0,0.0,0.0,0.0,0.0,0.0,0.0,0.0,0.0,0.0,0.0,0.0,0.0,0.0,0.0,0.0,0.0,0.0,0.0,0.0,0.0,0.0,0.0,0.0,0.0,0.0,0.0,0.0,0.0,0.0,0.0,0.0,0.0,0.0,0.0,0.0,0.0,0.0,0.0,0.0,0.0,0.0,0.0,0.0,0.0,0.0,0.0,0.0,0.0,0.0,0.0,0.0,0.0,0.0,0.0,0.0,0.0,0.0,0.0,0.0,0.0,0.0,0.0,0.0,0.0,0.0,0.0,0.0,0.0,0.0,0.0,0.0,0.0,0.0,0.0,0.0,0.0,0.0,0.0,0.0
76,122,0.0,0.0,0.0,0.0,0.0,0.0,0.0,0.0,0.0,0.0,0.0,0.0,0.0,0.0,0.0,0.0,0.0,0.0,0.0,0.0,0.0,0.0,0.0,0.0,0.0,0.0,0.0,0.0,0.0,0.0,0.0,0.0,1.0,0.0,0.0,0.0,0.0,0.0,0.0,0.0,0.0,0.0,0.0,0.0,0.0,0.0,0.0,0.0,0.0,0.0,0.0,0.0,0.0,0.0,0.0,0.0,0.0,0.0,0.0,0.0,0.0,0.0,0.0,0.0,0.0,0.0,0.0,0.0,0.0,0.0,0.0,0.0,0.0,0.0,0.0,0.0,0.0,0.0,0.0,0.0,0.0,0.0,0.0,0.0,0.0,0.0,0.0,0.0,0.0,0.0,0.0,0.0,0.0,0.0,0.0,0.0,0.0,0.0,0.0,0.0
77,123,0.0,0.0,0.0,0.0,0.0,0.0,0.0,0.0,0.0,0.0,0.0,0.0,0.0,0.0,0.0,0.0,0.0,0.0,0.0,0.0,0.0,0.0,0.01,0.0,0.0,0.0,0.0,0.0,0.0,0.0,0.0,0.01,0.0,0.97,0.0,0.0,0.0,0.0,0.0,0.0,0.0,0.0,0.01,0.0,0.0,0.0,0.0,0.0,0.0,0.0,0.0,0.0,0.0,0.0,0.0,0.0,0.0,0.0,0.0,0.0,0.0,0.0,0.0,0.0,0.0,0.0,0.0,0.0,0.0,0.0,0.0,0.0,0.0,0.0,0.0,0.0,0.0,0.0,0.0,0.0,0.0,0.0,0.0,0.0,0.0,0.0,0.0,0.0,0.0,0.0,0.0,0.0,0.0,0.0,0.0,0.0,0.0,0.0,0.0,0.0
78,124,0.0,0.0,0.0,0.0,0.0,0.0,0.0,0.0,0.0,0.0,0.0,0.0,0.0001,0.0,0.0,0.0,0.0,0.0,0.0,0.0,0.0,0.0002,0.0,0.0194,0.0,0.0,0.0,0.0,0.0,0.0,0.0001,0.0,0.0196,0.0,0.9409,0.0,0.0,0.0,0.0,0.0,0.0,0.0002,0.0,0.0194,0.0,0.0,0.0,0.0,0.0,0.0,0.0,0.0,0.0001,0.0,0.0,0.0,0.0,0.0,0.0,0.0,0.0,0.0,0.0,0.0,0.0,0.0,0.0,0.0,0.0,0.0,0.0,0.0,0.0,0.0,0.0,0.0,0.0,0.0,0.0,0.0,0.0,0.0,0.0,0.0,0.0,0.0,0.0,0.0,0.0,0.0,0.0,0.0,0.0,0.0,0.0,0.0,0.0,0.0,0.0,0.0
79,125,0.0,0.0,1.0000000000000002e-06,0.0,0.0,0.0,0.0,0.0,0.0,0.0,0.0,3.0000000000000005e-06,0.0,0.000291,0.0,0.0,0.0,0.0,0.0,0.0,3.0000000000000005e-06,0.0,0.000585,0.0,0.028227000000000002,0.0,0.0,0.0,0.0,0.0,1.0000000000000002e-06,0.00029699999999999996,0.0,0.028808999999999994,0.0,0.912673,0.0,0.0,0.0,0.0,3.0000000000000005e-06,0.0,0.000585,0.0,0.028227000000000002,0.0,0.0,0.0,0.0,0.0,0.0,3.0000000000000005e-06,0.0,0.000291,0.0,0.0,0.0,0.0,0.0,0.0,0.0,0.0,1.0000000000000002e-06,0.0,0.0,0.0,0.0,0.0,0.0,0.0,0.0,0.0,0.0,0.0,0.0,0.0,0.0,0.0,0.0,0.0,0.0,0.0,0.0,0.0,0.0,0.0,0.0,0.0,0.0,0.0,0.0,0.0,0.0,0.0,0.0,0.0,0.0,0.0,0.0,0.0
80,126,0.0,4.000000000000001e-08,1.0000000000000002e-08,2.9200000000000004e-06,0.0,0.0,0.0,0.0,0.0,0.0,6.000000000000001e-08,0.0,9.760000000000001e-06,0.0,0.00028518000000000006,0.0,0.0,0.0,0.0,0.0,4.000000000000001e-08,1.1760000000000001e-05,0.0,0.00085848,0.0,0.009408999999999999,0.0,0.0,0.0,0.0,5.919999999999999e-06,1.0000000000000002e-08,0.00086436,0.0,0.037077280000000004,0.0,0.00912673,0.0,0.0,0.0,1e-06,0.00029399999999999994,0.0,0.028235759999999995,0.0,0.88557508,0.0,0.0,0.0,0.0,2.9400000000000007e-06,0.0,0.0005704000000000001,0.0,0.0273831,0.0,0.0,0.0,0.0,0.0,0.0,2.9200000000000004e-06,0.0,0.00028228,0.0,0.0,0.0,0.0,0.0,0.0,0.0,0.0,9.7e-07,0.0,0.0,0.0,0.0,0.0,0.0,0.0,0.0,0.0,0.0,0.0,0.0,0.0,0.0,0.0,0.0,0.0,0.0,0.0,0.0,0.0,0.0,0.0,0.0,0.0,0.0,0.0
81,127,1.0000000000000003e-09,5.000000000000001e-10,1.6570000000000003e-07,3.8900000000000004e-08,5.6842000000000006e-06,0.0,0.0,0.0,0.0,0.0,1.0000000000000003e-09,2.7380000000000003e-07,1.0000000000000002e-10,2.0933000000000004e-05,0.0,0.00037071460000000006,0.0,0.0,0.0,0.0,1.778e-07,3.8900000000000004e-08,2.87332e-05,0.0,0.0013004402,0.0,0.0092179973,0.0,0.0,0.0,6.97e-08,1.74436e-05,9.700000000000001e-09,0.0015001443999999998,0.0,0.045006069700000005,0.0,0.008852928099999999,0.0,0.0,3.0385999999999996e-06,9.701e-07,0.0005818851999999999,0.0,0.036889041799999994,0.0,0.8590990948999999,0.0,0.0,0.0,3.940000000000001e-08,1.1524999999999999e-05,0.0,0.0011122994,0.0,0.0354173578,0.0,0.0,0.0,0.0,5.860000000000001e-08,0.0,1.13689e-05,0.0,0.0005476426,0.0,0.0,0.0,0.0,0.0,0.0,3.8900000000000004e-08,0.0,3.7637e-06,0.0,0.0,0.0,0.0,0.0,0.0,0.0,0.0,9.700000000000001e-09,0.0,0.0,0.0,0.0,0.0,0.0,0.0,0.0,0.0,0.0,0.0,0.0,0.0,0.0,0.0,0.0,0.0
82,128,3.500000000000001e-11,4.41e-09,2.0520000000000004e-09,2.6821800000000005e-07,5.7231000000000005e-08,3.7639880000000004e-06,0.0,0.0,0.0,0.0,5.496e-09,8.850000000000001e-10,6.601290000000001e-07,3.7734000000000006e-08,2.2434552000000002e-05,0.0,9.588711899999998e-05,0.0,0.0,0.0,3.834e-09,7.291320000000001e-07,5.830000000000001e-10,4.8598188000000006e-05,0.0,0.0009148382340000001,0.0,0.000180709254,0.0,0.0,3.77985e-07,4.822800000000001e-08,4.8865936e-05,9.700000000000001e-11,0.002095379553,0.0,0.018071038307999998,0.0,8.8529281e-05,0.0,1.0809e-07,2.288478e-05,1.911e-08,0.0018409723319999997,0.0,0.052969942554,0.0,0.017178331206,0.0,0.0,3.0636719999999992e-06,9.41391e-07,0.0005757805769999999,0.0,0.036153143544,0.0,0.833680295631,0.0,0.0,0.0,3.880400000000001e-08,1.1293913999999999e-05,0.0,0.0010845581700000002,0.0,0.034360313492,0.0,0.0,0.0,0.0,5.7231000000000005e-08,0.0,1.1065956000000002e-05,0.0,0.000531250959,0.0,0.0,0.0,0.0,0.0,0.0,3.783e-08,0.0,3.650886e-06,0.0,0.0,0.0,0.0,0.0,0.0,0.0,0.0,9.409e-09,0.0,0.0,0.0,0.0,0.0,0.0,0.0
83,129,9.976e-11,7.382000000000001e-11,9.348090000000001e-09,3.652350000000001e-09,2.6523989000000004e-07,3.8212190000000006e-08,9.9651107e-07,0.0,0.0,0.0,1.3610000000000003e-10,1.8225270000000003e-08,2.3824600000000005e-09,9.771001500000003e-07,5.5891410000000006e-08,1.398266741e-05,0.0,2.76596373e-06,0.0,0.0,1.6440630000000003e-08,1.3849e-09,1.6222576900000002e-06,3.660878e-08,5.234967519e-05,0.0,0.00028467636338999993,0.0,2.6923853500000003e-06,0.0,9.062009999999999e-09,1.4285450500000001e-06,1.2398600000000003e-09,8.699242057e-05,9.700000000000001e-13,0.00161875669113,0.0,0.00052866696433,0.0,8.8529281e-07,6.272108699999999e-07,5.7467070000000003e-08,7.179633481e-05,2.8519e-10,0.0029421587507099996,0.0,0.02656719285267,0.0,0.00025765671463,0.0,1.4528597e-07,2.8099618229999996e-05,2.7950609999999998e-08,0.00216387798495,0.0,0.060422781804049995,0.0,0.02499978422613,0.0,0.0,3.0856613299999992e-06,9.135373099999998e-07,0.0005695763400899999,0.0,0.03542831046389001,0.0,0.80901348989699,0.0,0.0,0.0,3.8212190000000006e-08,1.1066706749999999e-05,0.0,0.00105748110291,0.0,0.03333481659683,0.0,0.0,0.0,0.0,5.589237000000001e-08,0.0,1.0770958570000003e-05,0.0,0.0005153499390899999,0.0,0.0,0.0,0.0,0.0,0.0,3.678919000000001e-08,9.12673e-09,3.54145351e-06,0.0,0.0,0.0,0.0,0.0,0.0
84,132,3.361138200000001e-13,2.7367527120000005e-11,2.1977938440000005e-11,1.6321160521800003e-09,6.848733933000002e-10,3.704450050284e-08,7.71859538904e-09,2.230564974594e-07,1.047108961362e-08,3.646362279288e-08,2.144993268e-11,1.55903133e-11,2.93728998624e-09,2.6779223304000003e-10,1.1415271575744e-07,6.11023707393e-09,1.65744022573386e-06,3.56056151478e-08,3.958812637367521e-06,5.205256134957e-08,1.865815104e-11,2.7872146525800005e-09,4.852223801700002e-10,1.905597538284e-07,4.397563842420001e-09,5.133641813733599e-06,5.208599681308001e-08,4.248621674911511e-05,3.4880536714000004e-10,1.0441475048254742e-05,1.26730119612e-09,7.450861974599998e-10,1.9115843897903999e-07,2.7017281879500007e-09,8.521947377717159e-06,3.448890648028001e-08,0.00015478305656468544,8.944195400000001e-13,0.0005504613106753594,9.939872906261802e-06,6.337516559699999e-10,1.0263582195575998e-07,1.7462721784599994e-08,8.147186021096879e-06,2.643486660630001e-09,0.00026668439094704876,3.5688337000000008e-12,0.003031502820839754,3.332419195402e-08,0.0009832864294209741,2.6400236688959997e-08,1.41914250178e-08,4.4230754772531594e-06,6.343171125658001e-08,0.00023813152327144602,5.2334608365e-10,0.005728377974870248,0.0,0.033320105705739095,0.00047044594222319275,6.127407650999999e-09,1.1088945523281599e-06,1.8978796495381996e-07,0.00010692027108848493,3.4116029133359996e-08,0.004562884721778436,0.0,0.07994325219568299,0.0,0.030438334881181417,9.639273648137996e-08,5.175592277793998e-08,1.8996269063192634e-05,8.351689329593198e-07,0.001377194824206123,0.0,0.049995065113786215,0.0,0.7393058607032078,0.0,2.30049393825e-09,4.953577935112799e-07,5.503527355744001e-08,5.206655434084823e-05,1.1672320168460999e-07,0.002450895230697682,0.0,0.045662352795316684,0.0,0.0,4.107156931919999e-09,6.63455154324e-09,7.8128326448649e-07,5.0764017204738e-07,4.967940525916176e-05,1.6164809628342958e-05,0.001176281496439098,0.0,0.0,0.0
85,133,0.0,0.0,0.0,0.0,0.0,0.0,0.0,0.0,0.0,0.0,0.0,0.0,0.0,0.0,0.0,0.0,0.0,0.0,0.0,0.0,0.0,0.0,0.0,0.0,0.0,0.0,0.0,0.0,0.0,0.0,0.0,0.0,0.0,0.0,0.0,0.0,0.0,0.0,0.0,0.0,0.0,0.0,1.0,0.0,0.0,0.0,0.0,0.0,0.0,0.0,0.0,0.0,0.0,0.0,0.0,0.0,0.0,0.0,0.0,0.0,0.0,0.0,0.0,0.0,0.0,0.0,0.0,0.0,0.0,0.0,0.0,0.0,0.0,0.0,0.0,0.0,0.0,0.0,0.0,0.0,0.0,0.0,0.0,0.0,0.0,0.0,0.0,0.0,0.0,0.0,0.0,0.0,0.0,0.0,0.0,0.0,0.0,0.0,0.0,0.0
86,143,7.13637918e-12,9.170851680000002e-12,7.298593254e-10,3.4694036394e-10,2.2413545836259997e-08,5.36897088372e-09,1.8303821453112e-07,1.0105468407000002e-08,3.6034715884979993e-08,0.0,9.40534044e-12,1.2410409069000002e-09,1.7613842589e-10,6.546980839919999e-08,5.1617147028e-09,1.23935237118924e-06,3.550698165425999e-08,3.854392403596681e-06,0.0,5.207505967991998e-08,8.4059434584e-10,4.2936171372e-10,1.0023245504292e-07,3.46936953618e-09,3.5060811579292793e-06,5.172369291429001e-08,3.6826427510786343e-05,0.0,1.0345680266377439e-05,3.4281284748929994e-08,5.5301813565e-10,8.990655798744e-08,2.3490461983599998e-09,5.313184306748399e-06,3.396802642287e-08,0.00012167841692772143,4.610410000000001e-14,0.0005407253768778933,9.033637354e-11,1.0013578044121618e-05,3.31929473754e-08,1.7167638605859998e-08,4.60034037375792e-06,2.8992651093099994e-09,0.00019154250925924928,1.4433045159999997e-11,0.0026829611956500988,8.944195400000001e-13,0.0009808796826203067,3.334919444832039e-06,1.1855383715039999e-08,2.1995111231733598e-06,6.683950356218e-08,0.00015603636329358165,1.59734570658e-09,0.004652595330761057,3.541735780000001e-12,0.03303466308202327,3.4530070281999995e-10,0.00048063364735101844,3.743755163443201e-07,1.9063678210804e-07,6.312063244728899e-05,7.080417917914001e-08,0.0034023456193046173,5.1546003021e-10,0.07208626213019335,0.0,0.030788505587863182,4.882937934666689e-06,4.470777406041e-08,9.379577179645918e-06,9.305460643189597e-07,0.0009374153946548622,3.387339765764999e-08,0.04206658015471345,0.0,0.7403848541840566,0.0,0.0003185968854172158,1.9192329492738e-07,8.816823702138e-08,3.4988319888798716e-05,9.998710679710798e-07,0.0020944904949119574,3.334321061039279e-06,0.04682643960813907,0.0,0.007932222666999708,0.0,6.8265159238799996e-09,5.7911232029514e-07,7.4353622347173e-07,5.1248049720318955e-05,3.320966253007631e-05,0.0016230818470201437,0.00040028818529798984,0.008010680317850771,0.0,0.0
87,144,0.0,0.0,0.0,0.0,0.0,0.0,0.0,0.0,0.0,0.0,0.0,0.0,0.0,0.0,0.0,0.0,0.0,0.0,0.0,0.0,0.0,0.0,0.0,0.0,0.0,0.0,0.0,0.0,0.0,0.0,0.0,0.0,0.0,0.0,0.0,0.0,0.0,0.0,0.0,0.0,0.0,0.0,0.0,0.0,0.0,0.0,0.0,0.0,0.0,0.0,0.0,0.0,1.0,0.0,0.0,0.0,0.0,0.0,0.0,0.0,0.0,0.0,0.0,0.0,0.0,0.0,0.0,0.0,0.0,0.0,0.0,0.0,0.0,0.0,0.0,0.0,0.0,0.0,0.0,0.0,0.0,0.0,0.0,0.0,0.0,0.0,0.0,0.0,0.0,0.0,0.0,0.0,0.0,0.0,0.0,0.0,0.0,0.0,0.0,0.0
88,155,0.0,0.0,0.0,0.0,0.0,0.0,0.0,0.0,0.0,0.0,0.0,0.0,0.0,0.0,0.0,0.0,0.0,0.0,0.0,0.0,0.0,0.0,0.0,0.0,0.0,0.0,0.0,0.0,0.0,0.0,0.0,0.0,0.0,0.0,0.0,0.0,0.0,0.0,0.0,0.0,0.0,0.0,0.0,0.0,0.0,0.0,0.0,0.0,0.0,0.0,0.0,0.0,0.0,0.0,0.0,0.0,0.0,0.0,0.0,0.0,0.0,0.0,1.0,0.0,0.0,0.0,0.0,0.0,0.0,0.0,0.0,0.0,0.0,0.0,0.0,0.0,0.0,0.0,0.0,0.0,0.0,0.0,0.0,0.0,0.0,0.0,0.0,0.0,0.0,0.0,0.0,0.0,0.0,0.0,0.0,0.0,0.0,0.0,0.0,0.0
89,156,0.0,0.0,0.0,0.0,0.0,0.0,0.0,0.0,0.0,0.0,0.0,0.0,0.0,0.0,0.0,0.0,0.0,0.0,0.0,0.0,0.0,0.0,0.0,0.0,0.0,0.0,0.0,0.0,0.0,0.0,0.0,0.0,0.0,0.0,0.0,0.0,0.0,0.0,0.0,0.0,0.0,0.0,0.0,0.0,0.0,0.0,0.0,0.0,0.0,0.0,0.0,0.0,0.01,0.0,0.0,0.0,0.0,0.0,0.0,0.0,0.0,0.01,0.0,0.97,0.0,0.0,0.0,0.0,0.0,0.0,0.0,0.0,0.01,0.0,0.0,0.0,0.0,0.0,0.0,0.0,0.0,0.0,0.0,0.0,0.0,0.0,0.0,0.0,0.0,0.0,0.0,0.0,0.0,0.0,0.0,0.0,0.0,0.0,0.0,0.0
90,157,0.0,0.0,0.0,0.0,0.0,0.0,0.0,0.0,0.0,0.0,0.0,0.0,0.0,0.0,0.0,0.0,0.0,0.0,0.0,0.0,0.0,0.0,0.0,0.0,0.0,0.0,0.0,0.0,0.0,0.0,0.0,0.0,0.0,0.0,0.0,0.0,0.0,0.0,0.0,0.0,0.0,0.0,0.0001,0.0,0.0,0.0,0.0,0.0,0.0,0.0,0.0,0.0002,0.0,0.0194,0.0,0.0,0.0,0.0,0.0,0.0,0.0001,0.0,0.0196,0.0,0.9409,0.0,0.0,0.0,0.0,0.0,0.0,0.0002,0.0,0.0194,0.0,0.0,0.0,0.0,0.0,0.0,0.0,0.0,0.0001,0.0,0.0,0.0,0.0,0.0,0.0,0.0,0.0,0.0,0.0,0.0,0.0,0.0,0.0,0.0,0.0,0.0
91,158,0.0,0.0,0.0,0.0,0.0,0.0,0.0,0.0,0.0,0.0,0.0,0.0,0.0,0.0,0.0,0.0,0.0,0.0,0.0,0.0,0.0,0.0,0.0,0.0,0.0,0.0,0.0,0.0,0.0,0.0,0.0,0.0,1.0000000000000002e-06,0.0,0.0,0.0,0.0,0.0,0.0,0.0,0.0,3.0000000000000005e-06,0.0,0.000291,0.0,0.0,0.0,0.0,0.0,0.0,3.0000000000000005e-06,0.0,0.000585,0.0,0.028227000000000002,0.0,0.0,0.0,0.0,0.0,1.0000000000000002e-06,0.00029699999999999996,0.0,0.028808999999999994,0.0,0.912673,0.0,0.0,0.0,0.0,3.0000000000000005e-06,0.0,0.000585,0.0,0.028227000000000002,0.0,0.0,0.0,0.0,0.0,0.0,3.0000000000000005e-06,0.0,0.000291,0.0,0.0,0.0,0.0,0.0,0.0,0.0,0.0,1.0000000000000002e-06,0.0,0.0,0.0,0.0,0.0,0.0,0.0
92,159,0.0,0.0,0.0,0.0,0.0,0.0,0.0,0.0,0.0,0.0,0.0,0.0,0.0,0.0,0.0,0.0,0.0,0.0,0.0,0.0,0.0,0.0,1.0000000000000002e-08,0.0,0.0,0.0,0.0,0.0,0.0,0.0,0.0,4.000000000000001e-08,0.0,3.88e-06,0.0,0.0,0.0,0.0,0.0,0.0,6.000000000000001e-08,0.0,1.1680000000000002e-05,0.0,0.0005645400000000001,0.0,0.0,0.0,0.0,0.0,4.000000000000001e-08,1.176e-05,0.0,0.00114072,0.0,0.03650692,0.0,0.0,0.0,0.0,3.0399999999999997e-06,9.7e-07,0.0005878799999999998,0.0,0.037635999999999996,0.0,0.8852928099999999,0.0,0.0,0.0,4.000000000000001e-08,1.176e-05,0.0,0.00114072,0.0,0.03650692,0.0,0.0,0.0,0.0,6.000000000000001e-08,0.0,1.1680000000000002e-05,0.0,0.0005645400000000001,0.0,0.0,0.0,0.0,0.0,0.0,4.000000000000001e-08,1.0000000000000002e-08,3.88e-06,0.0,0.0,0.0,0.0,0.0,0.0
93,160,0.0,0.0,0.0,0.0,0.0,0.0,0.0,0.0,0.0,0.0,0.0,0.0,1.0000000000000002e-10,0.0,0.0,0.0,0.0,0.0,0.0,0.0,0.0,5.000000000000001e-10,0.0,3.8900000000000004e-08,0.0,0.0,0.0,0.0,0.0,0.0,1.0000000000000003e-09,0.0,1.657e-07,0.0,5.684200000000001e-06,0.0,0.0,0.0,0.0,0.0,1.0000000000000003e-09,2.7380000000000003e-07,0.0,2.0933e-05,0.0,0.0003707146,0.0,0.0,0.0,0.0,2.0659999999999998e-07,1.0100000000000001e-08,2.8733199999999998e-05,0.0,0.0013004402,0.0,0.0092179973,0.0,0.0,0.0,7.93e-08,1.7433999999999996e-05,9.700000000000001e-09,0.0015001444,0.0,0.04500606969999999,0.0,0.008852928099999999,0.0,0.0,3.0673999999999996e-06,9.413e-07,0.0005818851999999998,0.0,0.036889041799999994,0.0,0.8590990948999999,0.0,0.0,0.0,3.94e-08,1.1524999999999997e-05,1.0000000000000002e-10,0.0011122993999999999,0.0,0.03541735779999999,0.0,0.0,0.0,0.0,5.86e-08,3.8900000000000004e-08,1.13785e-05,3.7636999999999996e-06,0.0005476426000000001,0.0,0.0,0.0,0.0,0.0
94,161,0.0,0.0,1.0000000000000002e-12,0.0,0.0,0.0,0.0,0.0,0.0,0.0,0.0,6.000000000000002e-12,0.0,4.860000000000001e-10,0.0,0.0,0.0,0.0,0.0,0.0,1.5000000000000003e-11,0.0,2.5320000000000004e-09,0.0,9.457500000000001e-08,0.0,0.0,0.0,0.0,0.0,2.0000000000000005e-11,5.37e-09,0.0,4.2729e-07,0.0,9.220820000000001e-06,0.0,0.0,0.0,0.0,4.824e-09,1.0710000000000001e-09,7.63905e-07,0.0,3.70734e-05,0.0,0.000451773135,0.0,0.0,0.0,2.97e-09,6.648119999999999e-07,9.894e-09,5.608638e-05,0.0,0.0018073748099999998,0.0,0.009029986661999998,0.0,0.0,2.0787299999999995e-07,8.6532e-08,3.8018608e-05,9.409e-09,0.002287095585,0.0,0.05242758781199999,0.0,0.008587340256999998,0.0,4.127399999999999e-08,9.083819999999999e-06,9.13159e-07,0.0009594434999999997,0.0,0.04517759577,0.0,0.833414651334,0.0,0.0,1.4690399999999998e-07,4.8021e-08,2.8234880999999994e-05,3.773399999999999e-08,0.00180747084,0.0,0.04294582801499999,0.0,0.0,0.0,1.9550000000000004e-09,2.86266e-07,1.89156e-07,2.7674202e-05,9.127215e-06,0.0008853869,0.0,0.0,0.0,0.0
95,162,0.0,7.000000000000003e-14,1.0000000000000002e-14,5.830000000000001e-12,0.0,0.0,0.0,0.0,0.0,0.0,2.1000000000000006e-13,0.0,3.6010000000000007e-11,0.0,1.4171700000000004e-09,0.0,0.0,0.0,0.0,0.0,3.500000000000001e-13,9.363000000000002e-11,0.0,7.67955e-09,0.0,1.8394595000000003e-07,0.0,0.0,0.0,0.0,1.0229e-10,3.0110000000000006e-11,1.714617e-08,0.0,8.783592500000001e-07,0.0,1.3461926750000002e-05,0.0,0.0,0.0,8.885e-11,1.9020149999999996e-08,1.1378100000000002e-09,1.67685855e-06,0.0,5.864488565e-05,0.0,0.00052851980757,0.0,0.0,8.80479e-09,3.85587e-09,1.5935565699999999e-06,9.69127e-09,9.571922655e-05,0.0,0.00237224704179,0.0,0.008844960464709999,0.0,3.3864899999999995e-09,6.7930921e-07,9.326065999999999e-08,6.990430441e-05,9.12673e-09,0.00321260830137,0.0,0.059365079960169986,0.0,0.008329720049289998,9.479871e-08,5.051289999999999e-08,1.9068275289999995e-05,8.8623566e-07,0.0014233818169499997,0.0,0.053110148568510006,0.0,0.80849808519655,0.0,2.3815399999999996e-09,5.185465499999999e-07,5.7980859999999997e-08,5.533371998999999e-05,1.2787413e-07,0.0026433348216500004,0.0,0.04999159968788999,0.0,0.0,4.370799999999999e-09,7.1307800000000005e-09,8.386604099999999e-07,5.518728300000001e-07,5.386382549e-05,1.7707267550000003e-05,0.00128828357315,0.0,0.0,0.0
96,163,2.800000000000001e-15,0.0,4.1920000000000007e-13,5.840000000000001e-14,1.4230000000000004e-11,0.0,0.0,0.0,0.0,0.0,5.600000000000002e-15,1.3664000000000001e-12,9.7e-15,9.698240000000001e-11,0.0,1.8536312000000003e-09,0.0,0.0,0.0,0.0,2.1664e-12,3.0460000000000003e-13,2.8412320000000003e-10,0.0,1.2074502400000002e-08,0.0,1.36458727e-07,0.0,0.0,0.0,2.5520000000000004e-12,4.5350720000000006e-10,1.1679200000000002e-11,3.3172803200000005e-08,0.0,9.082792880000001e-07,0.0,5.419817343200001e-06,0.0,0.0,3.783592e-10,8.003200000000001e-11,4.952613760000001e-08,1.0829080000000002e-10,2.4124181800000003e-06,0.0,4.2652186297600005e-05,0.0,9.373480272279998e-05,0.0,2.46656e-10,4.1266251199999994e-08,2.1717537e-09,3.2987236688e-06,1.8818000000000002e-10,0.00011369128477760001,0.0,0.0012184870880096,0.0,0.00017174680513999996,1.63155904e-08,5.2117944e-09,2.442268762e-06,1.92867624e-08,0.0001399065939808,9.12673e-11,0.0034579579988368,0.0,0.0173415405028288,8.329720049289998e-05,4.761826799999999e-09,8.557461391999999e-07,1.0041013439999997e-07,8.27850134e-05,1.8994026e-08,0.0036879987044,0.0,0.06670012589589439,0.0,0.016164809299776796,9.720773759999999e-08,4.967244479999999e-08,1.9063136300799996e-05,8.670258683999998e-07,0.0014082056861127997,1.7835141680000002e-07,0.0520560762922816,0.0,0.7847430586375324,0.0,6.664785599999998e-09,5.183373221999999e-07,8.753320679999998e-07,5.4756049894399995e-05,5.25545400352e-05,0.0025946323005104003,0.001249812138631,0.04850473453298479,0.0,0.0
97,164,0.0,1.7884e-14,4.873000000000001e-15,1.1169000000000002e-12,1.4288400000000003e-13,1.8678612000000004e-11,0.0,0.0,0.0,0.0,3.81e-14,3.199000000000001e-15,4.231344000000001e-12,5.6745e-14,1.5405426000000003e-10,0.0,1.3831235820000002e-09,0.0,0.0,0.0,5.5662000000000006e-14,8.723376000000002e-12,1.2924700000000004e-13,5.49387216e-10,0.0,1.2366147438000003e-08,0.0,5.556276070200001e-08,0.0,0.0,1.0445592e-11,1.2380940000000001e-12,1.1071239840000001e-09,1.1997000000000002e-12,4.525097004000001e-08,0.0,6.221677944780001e-07,0.0,9.915462006599999e-07,0.0,9.525912e-12,1.351609464e-09,3.4929589000000004e-11,8.9784298968e-08,2.9647080000000007e-12,2.468589801912e-06,0.0,1.8805963593204e-05,0.0,2.6548160786279996e-06,9.452934e-10,1.5393308100000002e-10,1.0586294029200002e-07,3.21509037e-10,4.909011658872e-06,2.7944730000000004e-12,8.927398442491201e-05,0.0,0.00027824050260089994,2.5504400563289997e-06,5.021484360000001e-10,7.317156857999998e-08,3.355688001e-09,5.451100720163999e-06,5.66255157e-10,0.00018313917920644802,9.126730000000001e-13,0.002056928719344912,8.329720049289998e-07,0.0005024908710167849,2.5403279724e-08,6.603884628e-09,3.39603965754e-06,2.8572459816e-08,0.000187499290200504,2.0619837090000004e-09,0.004578661267797456,0.0,0.025497374226075974,0.00024244637747588093,6.154421675999999e-09,1.02686056863e-06,1.1531813417999996e-07,9.512171172107999e-05,5.544233784240001e-07,0.004137947886057048,1.2499904900478e-05,0.07355216081364555,0.0,0.023527295607158813,1.0600636858199998e-07,5.597894425259998e-07,1.9893058189901994e-05,5.4488682210948e-05,0.0014434313028676075,0.002529989999156046,0.05221770544632017,0.047062090618381555,0.7616858142237362,0.0
98,165,0.0,0.0,7.087865000000001e-14,1.7892100000000004e-14,2.8121505600000007e-12,3.253836000000001e-13,3.1949489460000004e-11,0.0,0.0,0.0,0.0,1.6668304000000006e-13,5.011680000000002e-15,1.1149987440000001e-11,5.647149e-14,2.871121285200001e-10,0.0,1.8972574815600003e-09,0.0,0.0,1.9262730000000004e-13,6.769753999999999e-14,2.5069100160000006e-11,1.3793404000000005e-13,1.1106173169000001e-09,0.0,1.878629980248e-08,0.0,6.381133988754001e-08,0.0,2.1265260000000002e-13,3.480679248e-11,1.5635365400000004e-12,2.4297568267200004e-09,1.19335608e-12,7.492467837708002e-08,0.0,8.0203348618932e-07,0.0,9.883479754264798e-07,2.3168743680000005e-11,1.114114228e-11,3.2786048125200003e-09,3.713843578e-11,1.6131929430720003e-07,2.9037114900000007e-12,3.48155326598058e-06,0.0,2.106065333420976e-05,2.6006759968324493e-06,1.6109008290000003e-11,2.72079578136e-09,1.8643635484000003e-10,2.0718601886328e-07,3.1758390927000003e-10,7.51055884343856e-06,2.7197655400000004e-12,0.00011013551674755482,3.3834120612579994e-08,0.00027741867124846613,1.0002229013999999e-09,5.8821904002e-10,1.6050645470256e-07,3.54961960107e-09,9.04304250921732e-06,5.699244108399999e-10,0.00024489364354592736,8.330605342099998e-09,0.0022580019137615017,0.0004906740959063846,3.8663734464e-10,6.960189927977999e-08,7.87823090913e-09,6.17487949423128e-06,3.3285802194419996e-08,0.00027087179482509837,1.2699918232924e-07,0.005452366067354197,2.4327934948080992e-06,0.025207923850227056,1.1644246386120001e-08,1.2786903639059998e-08,2.1801628472563197e-06,6.6257537064648e-07,0.0001499568451606992,2.596271033747361e-05,0.005317294724752968,0.00048274581393727926,0.07945270082980589,0.022823901202718808,7.779566013659998e-09,3.176232595351199e-07,1.2879663446005198e-06,3.522668341220129e-05,9.259377899864033e-05,0.001988984797096912,0.0034470132588773866,0.0594741749394882,0.053267086042067466,0.7390705127530957
99,166,0.0,0.0,0.0,0.0,0.0,0.0,0.0,0.0,0.0,0.0,0.0,0.0,0.0,0.0,0.0,0.0,0.0,0.0,0.0,0.0,0.0,0.0,0.0,0.0,0.0,0.0,0.0,0.0,0.0,0.0,0.0,0.0,0.0,0.0,0.0,0.0,0.0,0.0,0.0,0.0,0.0,0.0,0.0,0.0,0.0,0.0,0.0,0.0,0.0,0.0,0.0,0.0,0.0,0.0,0.0,0.0,0.0,0.0,0.0,0.0,0.0,0.0,0.0,0.0,0.0,0.0,0.0,0.0,0.0,0.0,0.0,0.0,1.0,0.0,0.0,0.0,0.0,0.0,0.0,0.0,0.0,0.0,0.0,0.0,0.0,0.0,0.0,0.0,0.0,0.0,0.0,0.0,0.0,0.0,0.0,0.0,0.0,0.0,0.0,0.0
100,167,0.0,0.0,0.0,0.0,0.0,0.0,0.0,0.0,0.0,0.0,0.0,0.0,0.0,0.0,0.0,0.0,0.0,0.0,0.0,0.0,0.0,0.0,0.0,0.0,0.0,0.0,0.0,0.0,0.0,0.0,0.0,0.0,0.0,0.0,0.0,0.0,0.0,0.0,0.0,0.0,0.0,0.0,0.0,0.0,0.0,0.0,0.0,0.0,0.0,0.0,0.0,0.0,0.0,0.0,0.0,0.0,0.0,0.0,0.0,0.0,0.0,0.0,0.97,0.0,0.0,0.0,0.0,0.0,0.0,0.0,0.0,0.01,0.0,0.01,0.0,0.0,0.0,0.0,0.0,0.0,0.0,0.0,0.01,0.0,0.0,0.0,0.0,0.0,0.0,0.0,0.0,0.0,0.0,0.0,0.0,0.0,0.0,0.0,0.0,0.0
101,168,0.0,0.0,0.0,0.0,0.0,0.0,0.0,0.0,0.0,0.0,0.0,0.0,0.0,0.0,0.0,0.0,0.0,0.0,0.0,0.0,0.0,0.0,0.0,0.0,0.0,0.0,0.0,0.0,0.0,0.0,0.0,0.0,0.0,0.0,0.0,0.0,0.0,0.0,0.0,0.0,0.0,0.0,0.0,0.0,0.0,0.0,0.0,0.0,0.0,0.0,0.0,0.0,0.0097,0.0,0.0,0.0,0.0,0.0,0.0,0.0,0.0,0.0098,0.0,0.941,0.0,0.0,0.0,0.0,0.0,0.0,0.0001,0.0,0.0196,0.0,0.0097,0.0,0.0,0.0,0.0,0.0,0.0,0.0002,0.0,0.0098,0.0,0.0,0.0,0.0,0.0,0.0,0.0,0.0,0.0001,0.0,0.0,0.0,0.0,0.0,0.0,0.0
102,169,0.0,0.0,0.0,0.0,0.0,0.0,0.0,0.0,0.0,0.0,0.0,0.0,0.0,0.0,0.0,0.0,0.0,0.0,0.0,0.0,0.0,0.0,0.0,0.0,0.0,0.0,0.0,0.0,0.0,0.0,0.0,0.0,0.0,0.0,0.0,0.0,0.0,0.0,0.0,0.0,0.0,0.0,9.7e-05,0.0,0.0,0.0,0.0,0.0,0.0,0.0,0.0,0.000195,0.0,0.018819000000000002,0.0,0.0,0.0,0.0,0.0,0.0,9.9e-05,0.0,0.019208999999999997,0.0,0.912867,0.0,0.0,0.0,0.0,0.0,1.0000000000000002e-06,0.00039299999999999996,0.0,0.028616999999999997,0.0,0.009409,0.0,0.0,0.0,0.0,3.0000000000000005e-06,0.0,0.000489,0.0,0.009602999999999999,0.0,0.0,0.0,0.0,0.0,0.0,3.0000000000000005e-06,1.0000000000000002e-06,0.000195,0.0,0.0,0.0,0.0,0.0,0.0
103,170,0.0,0.0,0.0,0.0,0.0,0.0,0.0,0.0,0.0,0.0,0.0,0.0,0.0,0.0,0.0,0.0,0.0,0.0,0.0,0.0,0.0,0.0,0.0,0.0,0.0,0.0,0.0,0.0,0.0,0.0,0.0,0.0,9.7e-07,0.0,0.0,0.0,0.0,0.0,0.0,0.0,0.0,2.92e-06,0.0,0.00028228000000000004,0.0,0.0,0.0,0.0,0.0,0.0,2.94e-06,0.0,0.0005704,0.0,0.0273831,0.0,0.0,0.0,0.0,0.0,1e-06,0.000294,0.0,0.028235759999999995,0.0,0.88557508,0.0,0.0,0.0,0.0,4.959999999999999e-06,9.7e-07,0.00086436,0.0,0.03707728,0.0,0.00912673,0.0,0.0,0.0,4.000000000000001e-08,1.1760000000000001e-05,1.0000000000000002e-08,0.0008584799999999999,0.0,0.009408999999999999,0.0,0.0,0.0,0.0,6.000000000000001e-08,4.000000000000001e-08,9.76e-06,2.92e-06,0.00028518,0.0,0.0,0.0,0.0,0.0
104,171,0.0,0.0,0.0,0.0,0.0,0.0,0.0,0.0,0.0,0.0,0.0,0.0,0.0,0.0,0.0,0.0,0.0,0.0,0.0,0.0,0.0,0.0,9.700000000000001e-09,0.0,0.0,0.0,0.0,0.0,0.0,0.0,0.0,3.89e-08,0.0,3.7637e-06,0.0,0.0,0.0,0.0,0.0,0.0,5.8599999999999995e-08,0.0,1.13689e-05,0.0,0.0005476426000000001,0.0,0.0,0.0,0.0,0.0,3.9399999999999995e-08,1.1524999999999999e-05,0.0,0.0011122993999999999,0.0,0.0354173578,0.0,0.0,0.0,0.0,3.0289999999999997e-06,9.797000000000001e-07,0.0005818851999999999,0.0,0.036889041799999994,0.0,0.8590990948999999,0.0,0.0,0.0,6.97e-08,1.6512399999999998e-05,9.41e-07,0.0015001443999999998,0.0,0.0450060697,0.0,0.008852928099999999,0.0,0.0,1.6819999999999998e-07,4.9e-08,2.87332e-05,3.89e-08,0.0013004401999999998,0.0,0.0092179973,0.0,0.0,0.0,2.0000000000000005e-09,2.738e-07,1.657e-07,2.0932999999999998e-05,5.6842e-06,0.00037071459999999995,0.0,0.0,0.0,0.0
105,172,0.0,0.0,0.0,0.0,0.0,0.0,0.0,0.0,0.0,0.0,0.0,0.0,9.700000000000001e-11,0.0,0.0,0.0,0.0,0.0,0.0,0.0,0.0,4.86e-10,0.0,3.7734e-08,0.0,0.0,0.0,0.0,0.0,0.0,9.75e-10,0.0,1.61124e-07,0.0,5.514063000000001e-06,0.0,0.0,0.0,0.0,0.0,9.8e-10,2.6725799999999997e-07,0.0,2.0363897999999998e-05,0.0,0.000359650004,0.0,0.0,0.0,0.0,2.02776e-07,1.0191000000000002e-08,2.8084929e-05,0.0,0.001265400312,0.0,0.008945164527,0.0,0.0,0.0,7.9002e-08,1.7193515999999998e-05,1.9207e-08,0.0014686411319999998,0.0,0.043764779129999994,0.0,0.00867952023,0.0,0.0,3.1056329999999994e-06,9.609060000000001e-07,0.0005798825439999999,9.798999999999999e-09,0.036260437088999994,0.0,0.833956892004,0.0,8.8529281e-05,0.0,6.980099999999999e-08,1.630878e-05,9.15306e-07,0.0014686411319999998,5.7231e-08,0.043764779129999994,0.0,0.008679520229999998,0.0,0.0,1.6785199999999999e-07,3.14793e-07,2.8244001e-05,2.0401242e-05,0.0012708571439999997,0.00035965000399999997,0.008945164527,0.0,0.0,0.0
106,173,0.0,0.0,9.700000000000001e-13,0.0,0.0,0.0,0.0,0.0,0.0,0.0,0.0,5.83e-12,0.0,4.7143e-10,0.0,0.0,0.0,0.0,0.0,0.0,1.4610000000000002e-11,0.0,2.46097e-09,0.0,9.174261000000002e-08,0.0,0.0,0.0,0.0,0.0,1.955e-11,5.23443e-09,0.0,4.1544723e-07,0.0,8.94514115e-06,0.0,0.0,0.0,0.0,4.719890000000001e-09,1.0525099999999997e-09,7.453397699999999e-07,0.0,3.6058624849999995e-05,0.0,0.00043831214915,0.0,0.0,0.0,2.9294900000000004e-09,6.5214975e-07,1.0077340000000002e-08,5.4786434549999995e-05,0.0,0.0017581342392499998,0.0,0.008763604793489999,0.0,0.0,2.0580927e-07,8.653497999999998e-08,3.744379656999999e-05,1.8728779999999998e-08,0.00223748806335,0.0,0.050967651523709995,0.0,0.008420019915909998,0.0,4.215342e-08,9.146312409999998e-06,9.415219400000002e-07,0.0009544632612099998,1.0077339999999999e-08,0.04438748847896999,0.0,0.8091126609412901,0.0,8.587340257e-05,1.9652066e-07,8.961702e-08,3.658719337e-05,1.09252954e-06,0.00223754263167,3.65201411e-06,0.050967651523709995,0.0,0.008420019915909996,0.0,7.20298e-09,6.1149218e-07,8.009547e-07,5.499567614999999e-05,3.609484853e-05,0.0017634273662899996,0.0004383121491499999,0.008763604793489999,0.0,0.0
107,175,2.724e-15,0.0,4.0721700000000004e-13,5.6648999999999994e-14,1.3803684000000002e-11,0.0,0.0,0.0,0.0,0.0,5.46e-15,1.3297320000000002e-12,9.409e-15,9.422010000000003e-11,0.0,1.7981645640000002e-09,0.0,0.0,0.0,0.0,2.1123720000000006e-12,2.98302e-13,2.7658728e-10,0.0,1.1731915764e-08,0.0,1.32383501502e-07,0.0,0.0,0.0,2.4972300000000003e-12,4.42601424e-10,1.1511966999999999e-11,3.2302175184e-08,0.0,8.82534777966e-07,0.0,5.258587410174e-06,0.0,0.0,3.7037656800000005e-10,7.887570300000001e-11,4.837389192e-08,1.1084015700000001e-10,2.349580900536e-06,0.0,4.1437266262254e-05,0.0,9.097695681454799e-05,0.0,2.4308406e-10,4.0477913112000006e-08,2.1622845809999996e-09,3.2246156240879995e-06,2.82299976e-10,0.00011074027507192798,0.0,0.0011833505434329478,0.0,0.00016753174901302798,1.6109799564e-08,5.194526388e-09,2.401638571332e-06,2.0027433768000002e-08,0.00013690324705682396,6.456285089999999e-10,0.0033679675644625435,0.0,0.01683613397470266,8.251575252951298e-05,4.786328004e-09,8.509643370899997e-07,1.0175128252799997e-07,8.173993459529999e-05,4.200073782899999e-08,0.003614475279412847,7.9718703391e-08,0.06491930197491431,8.329720049289999e-07,0.01585583086586811,9.968726035799997e-08,5.1910000512e-08,1.928346612208199e-05,9.294685315080002e-07,0.001405053699200184,7.09394472087e-07,0.051232907231462135,5.207244077885999e-06,0.7622028316353914,0.00016248106500269696,1.1534072112000003e-08,6.710521713659999e-07,1.6005039424679995e-06,6.852093376445999e-05,9.290621081218797e-05,0.003126767273278775,0.0022562400784985094,0.0565769233278906,0.008332477931705171,0.008009078679373088
108,177,0.0,0.0,0.0,0.0,0.0,0.0,0.0,0.0,0.0,0.0,0.0,0.0,0.0,0.0,0.0,0.0,0.0,0.0,0.0,0.0,0.0,0.0,0.0,0.0,0.0,0.0,0.0,0.0,0.0,0.0,0.0,0.0,0.0,0.0,0.0,0.0,0.0,0.0,0.0,0.0,0.0,0.0,0.0,0.0,0.0,0.0,0.0,0.0,0.0,0.0,0.0,0.0,0.0,0.0,0.0,0.0,0.0,0.0,0.0,0.0,0.0,0.0,0.0,0.0,0.0,0.0,0.0,0.0,0.0,0.0,0.0,0.0,0.0,0.0,0.0,0.0,0.0,0.0,0.0,0.0,0.0,0.0,1.0,0.0,0.0,0.0,0.0,0.0,0.0,0.0,0.0,0.0,0.0,0.0,0.0,0.0,0.0,0.0,0.0,0.0
109,178,0.0,0.0,0.0,0.0,0.0,0.0,0.0,0.0,0.0,0.0,0.0,0.0,0.0,0.0,0.0,0.0,0.0,0.0,0.0,0.0,0.0,0.0,0.0,0.0,0.0,0.0,0.0,0.0,0.0,0.0,0.0,0.0,0.0,0.0,0.0,0.0,0.0,0.0,0.0,0.0,0.0,0.0,0.0,0.0,0.0,0.0,0.0,0.0,0.0,0.0,0.0,0.0,0.0,0.0,0.0,0.0,0.0,0.0,0.0,0.0,0.0,0.0,0.0,0.0,0.0,0.0,0.0,0.0,0.0,0.0,0.0,0.0,0.97,0.0,0.0,0.0,0.0,0.0,0.0,0.0,0.0,0.01,0.0,0.01,0.0,0.0,0.0,0.0,0.0,0.0,0.0,0.0,0.01,0.0,0.0,0.0,0.0,0.0,0.0,0.0
110,179,0.0,0.0,0.0,0.0,0.0,0.0,0.0,0.0,0.0,0.0,0.0,0.0,0.0,0.0,0.0,0.0,0.0,0.0,0.0,0.0,0.0,0.0,0.0,0.0,0.0,0.0,0.0,0.0,0.0,0.0,0.0,0.0,0.0,0.0,0.0,0.0,0.0,0.0,0.0,0.0,0.0,0.0,0.0,0.0,0.0,0.0,0.0,0.0,0.0,0.0,0.0,0.0,0.0,0.0,0.0,0.0,0.0,0.0,0.0,0.0,0.0,0.0,0.9409,0.0,0.0,0.0,0.0,0.0,0.0,0.0,0.0,0.0194,0.0,0.0194,0.0,0.0,0.0,0.0,0.0,0.0,0.0001,0.0,0.0196,0.0,0.0001,0.0,0.0,0.0,0.0,0.0,0.0,0.0002,0.0001,0.0002,0.0,0.0,0.0,0.0,0.0,0.0
111,180,0.0,0.0,0.0,0.0,0.0,0.0,0.0,0.0,0.0,0.0,0.0,0.0,0.0,0.0,0.0,0.0,0.0,0.0,0.0,0.0,0.0,0.0,0.0,0.0,0.0,0.0,0.0,0.0,0.0,0.0,0.0,0.0,0.0,0.0,0.0,0.0,0.0,0.0,0.0,0.0,0.0,0.0,0.0,0.0,0.0,0.0,0.0,0.0,0.0,0.0,0.0,0.0,0.009408999999999999,0.0,0.0,0.0,0.0,0.0,0.0,0.0,0.0,0.009602999999999999,0.0,0.912867,0.0,0.0,0.0,0.0,0.0,0.0,0.000195,0.0,0.028617000000000004,0.0,0.018819000000000002,0.0,0.0,0.0,0.0,0.0,1.0000000000000002e-06,0.000489,1.0000000000000002e-06,0.019208999999999997,0.0,9.7e-05,0.0,0.0,0.0,0.0,3.0000000000000005e-06,3.0000000000000005e-06,0.000393,9.9e-05,0.000195,0.0,0.0,0.0,0.0,0.0
112,181,0.0,0.0,0.0,0.0,0.0,0.0,0.0,0.0,0.0,0.0,0.0,0.0,0.0,0.0,0.0,0.0,0.0,0.0,0.0,0.0,0.0,0.0,0.0,0.0,0.0,0.0,0.0,0.0,0.0,0.0,0.0,0.0,0.0,0.0,0.0,0.0,0.0,0.0,0.0,0.0,0.0,0.0,9.408999999999999e-05,0.0,0.0,0.0,0.0,0.0,0.0,0.0,0.0,0.00019011999999999998,0.0,0.018255399999999998,0.0,0.0,0.0,0.0,0.0,0.0,9.797999999999998e-05,0.0,0.01882384,0.0,0.88566918,0.0,0.0,0.0,0.0,0.0,1.96e-06,0.00057624,1.0000000000000002e-08,0.037267440000000006,0.0,0.0182554,0.0,0.0,0.0,0.0,6.879999999999999e-06,1.0099999999999999e-06,0.0009565199999999999,1.96e-06,0.018823839999999998,0.0,9.409e-05,0.0,0.0,0.0,1.0000000000000002e-07,1.1760000000000001e-05,7.840000000000001e-06,0.00057624,9.797999999999998e-05,0.00019012,0.0,0.0,0.0,0.0
113,182,0.0,0.0,0.0,0.0,0.0,0.0,0.0,0.0,0.0,0.0,0.0,0.0,0.0,0.0,0.0,0.0,0.0,0.0,0.0,0.0,0.0,0.0,0.0,0.0,0.0,0.0,0.0,0.0,0.0,0.0,0.0,0.0,9.408999999999999e-07,0.0,0.0,0.0,0.0,0.0,0.0,0.0,0.0,2.8421e-06,0.0,0.00027382129999999993,0.0,0.0,0.0,0.0,0.0,0.0,2.881e-06,0.0,0.0005561497,0.0,0.026564429799999997,0.0,0.0,0.0,0.0,0.0,9.994e-07,0.0002909426,1.0000000000000002e-10,0.027671045000000002,0.0,0.8592816585999999,0.0,0.0,0.0,0.0,6.8306e-06,1.9113999999999996e-06,0.0011294308000000001,2.93e-08,0.04537690100000001,0.0,0.0177086789,0.0,0.0,0.0,9.95e-08,2.21188e-05,1.0777999999999999e-06,0.0014944996,2.881e-06,0.0184445209,0.0,9.12673e-05,0.0,0.0,1.884e-07,3.0310000000000006e-07,2.68132e-05,1.4366600000000002e-05,0.0007500721999999999,9.694179999999997e-05,0.0001853573,0.0,0.0,0.0
114,188,0.0,0.0,0.0,0.0,0.0,0.0,0.0,0.0,0.0,0.0,0.0,0.0,0.0,0.0,0.0,0.0,0.0,0.0,0.0,0.0,0.0,0.0,0.0,0.0,0.0,0.0,0.0,0.0,0.0,0.0,0.0,0.0,0.0,0.0,0.0,0.0,0.0,0.0,0.0,0.0,0.0,0.0,0.0,0.0,0.0,0.0,0.0,0.0,0.0,0.0,0.0,0.0,0.0,0.0,0.0,0.0,0.0,0.0,0.0,0.0,0.0,0.0,0.0,0.0,0.0,0.0,0.0,0.0,0.0,0.0,0.0,0.0,0.0,0.0,0.0,0.0,0.0,0.0,0.0,0.0,0.0,0.0,0.0,0.0,0.0,0.0,0.0,0.0,0.0,0.0,0.0,0.0,1.0,0.0,0.0,0.0,0.0,0.0,0.0,0.0
115,190,0.0,0.0,0.0,0.0,0.0,0.0,0.0,0.0,0.0,0.0,0.0,0.0,0.0,0.0,0.0,0.0,0.0,0.0,0.0,0.0,0.0,0.0,0.0,0.0,0.0,0.0,0.0,0.0,0.0,0.0,0.0,0.0,0.0,0.0,0.0,0.0,0.0,0.0,0.0,0.0,0.0,0.0,0.0,0.0,0.0,0.0,0.0,0.0,0.0,0.0,0.0,0.0,0.0,0.0,0.0,0.0,0.0,0.0,0.0,0.0,0.0,0.0,0.0,0.0,0.0,0.0,0.0,0.0,0.0,0.0,0.0,0.0,0.9409,0.0,0.0,0.0,0.0,0.0,0.0,0.0,0.0,0.0194,0.0097,0.0194,0.0,0.0,0.0,0.0,0.0,0.0,0.0001,0.0002,0.01,0.0002,0.0001,0.0,0.0,0.0,0.0,0.0
116,193,0.0,0.0,0.0,0.0,0.0,0.0,0.0,0.0,0.0,0.0,0.0,0.0,0.0,0.0,0.0,0.0,0.0,0.0,0.0,0.0,0.0,0.0,0.0,0.0,0.0,0.0,0.0,0.0,0.0,0.0,0.0,0.0,0.0,0.0,0.0,0.0,0.0,0.0,0.0,0.0,0.0,0.0,9.12673e-05,0.0,0.0,0.0,0.0,0.0,0.0,0.0,0.0,0.00018535729999999997,9.409000000000002e-07,0.017708678899999997,0.0,0.0,0.0,0.0,0.0,0.0,9.69418e-05,1.9109000000000006e-06,0.0184435897,0.00018256370000000003,0.8592816585999999,0.0,0.0,0.0,0.0,0.0,3.880400000000001e-06,0.0007481810000000001,0.00019014010000000003,0.0451962194,0.0088585738,0.0265644298,0.0,0.0,0.0,0.0,1.0594800000000002e-05,1.0584700000000002e-05,0.00130633,0.0004659698,0.018903797,0.00027386019999999997,0.0002738213,0.0,0.0,0.0,2.955e-07,1.8404100000000002e-05,2.2118900000000003e-05,0.0006703204,0.00020061620000000005,0.00028517049999999996,2.8421000000000003e-06,9.409e-07,0.0,0.0
117,194,0.0,0.0,0.0,0.0,0.0,0.0,0.0,0.0,0.0,0.0,0.0,0.0,0.0,0.0,0.0,0.0,0.0,0.0,0.0,0.0,0.0,0.0,0.0,0.0,0.0,0.0,0.0,0.0,0.0,0.0,0.0,0.0,9.126730000000001e-07,0.0,0.0,0.0,0.0,0.0,0.0,0.0,0.0,2.766246e-06,9.409000000000002e-09,0.00026561607,0.0,0.0,0.0,0.0,0.0,0.0,2.822991e-06,2.8518000000000008e-08,0.0005422319399999999,2.7383100000000004e-06,0.025770235118999993,0.0,0.0,0.0,0.0,0.0,1.0273310000000001e-06,0.00028780482599999996,5.590020000000001e-06,0.027112147578,0.000265672527,0.8337688531399999,0.0,0.0,0.0,0.0,8.595980000000002e-06,5.790345000000001e-06,0.001375196961,0.00027950697000000003,0.052887831672,0.008595555188,0.025770235119000003,0.0,0.0,0.0,2.5355400000000005e-07,3.100610700000001e-05,1.7049447000000002e-05,0.0019148434680000001,0.0005453212079999999,0.018607917306,0.000265672815,0.00026561607000000003,0.0,0.0,2.958990000000001e-07,7.977120000000001e-07,3.783967e-05,3.4824397e-05,0.0008441066250000001,0.00020021644200000005,0.00027939142799999995,2.7662460000000003e-06,9.12673e-07,0.0
118,195,0.0,0.0,0.0,0.0,0.0,0.0,0.0,0.0,0.0,0.0,0.0,0.0,0.0,0.0,0.0,0.0,0.0,0.0,0.0,0.0,0.0,0.0,9.126730000000001e-09,0.0,0.0,0.0,0.0,0.0,0.0,0.0,0.0,3.678919e-08,9.409000000000002e-11,3.54145351e-06,0.0,0.0,0.0,0.0,0.0,0.0,5.589237e-08,3.7927000000000013e-10,1.0770865449999999e-05,3.6509830000000006e-08,0.0005153499390899999,0.0,0.0,0.0,0.0,0.0,3.8788400000000005e-08,1.1066331389999999e-05,1.1103985000000003e-07,0.0010574449694699998,5.31288597e-06,0.03333481659682999,0.0,0.0,0.0,0.0,3.0025112799999995e-06,1.1105999e-06,0.0005694664460099999,1.0901497470000001e-05,0.03542305234997,0.00034365790307,0.80901348989699,0.0,0.0,0.0,1.5667210000000003e-07,2.527817954e-05,8.638099020000001e-06,0.00215308927935,0.00036518725013,0.060082666777489996,0.008340345260510001,0.02499978422613,0.0,0.0,4.015154000000001e-07,4.8232242e-07,6.335472478000002e-05,2.513448934e-05,0.00258079671999,0.00061957601621,0.01831283221299,0.00025773029300999996,0.00025765671463,0.0,1.643064e-08,9.8345692e-07,1.67091578e-06,6.464222480000001e-05,4.967610784000001e-05,0.00100965867801,0.00019968825363000003,0.0002737026350499999,2.69238535e-06,8.8529281e-07
119,196,0.0,0.0,0.0,0.0,0.0,0.0,0.0,0.0,0.0,0.0,0.0,0.0,9.126730000000002e-11,0.0,0.0,0.0,0.0,0.0,0.0,0.0,0.0,4.591592e-10,9.409000000000002e-13,3.55058024e-08,0.0,0.0,0.0,0.0,0.0,0.0,9.268156e-10,4.7336000000000016e-12,1.523440096e-07,3.6603920000000007e-10,5.1889139259999995e-06,0.0,0.0,0.0,0.0,0.0,9.506004000000001e-10,2.546164064e-07,1.5705568000000004e-09,1.9270867644799994e-05,5.3493958e-08,0.0003385016653591999,0.0,0.0,0.0,0.0,1.9529190959999998e-07,1.2972173400000003e-08,2.6827516955199997e-05,1.9866876800000002e-07,0.00119804258008,3.4897078904e-06,0.0084234830649382,0.0,0.0,0.0,8.032258080000001e-08,1.67118128166e-05,3.1421061840000006e-07,0.0014071777011391998,1.23509658976e-05,0.04137996418916959,8.684003163580002e-05,0.0083401327412312,0.0,0.0,3.1707996119999992e-06,1.1700528384e-06,0.0005747996744663999,1.4564050930800001e-05,0.0350085263072392,0.00042659925124640004,0.7857770380322463,8.598075553520002e-05,0.0002525744094076,0.0,1.6097462160000002e-07,2.5167231124799998e-05,8.651833324800002e-06,0.0021155845376652,0.00036117549875999997,0.05849921965027519,0.0081009048483232,0.0244382326149728,2.6042267835999994e-06,2.5854200744e-06,4.154065344000001e-07,1.438679424e-06,6.373112816040002e-05,8.7596882952e-05,0.0025623016520232,0.0015828512970081,0.017969978465751997,0.0005175137466079999,0.00025528450625919997,8.945108073e-07
120,197,0.0,0.0,9.126730000000001e-13,0.0,0.0,0.0,0.0,0.0,0.0,0.0,0.0,5.504265e-12,9.409000000000001e-15,4.4358730499999995e-10,0.0,0.0,0.0,0.0,0.0,0.0,1.3859748e-11,5.6745000000000015e-14,2.324795217e-09,4.573065000000001e-12,8.632976758799998e-08,0.0,0.0,0.0,0.0,0.0,1.8821496e-11,4.973206884e-09,2.3966961000000006e-11,3.9272656304399994e-07,8.899976040000001e-10,8.418263161811998e-06,0.0,0.0,0.0,0.0,4.51785732e-09,1.067557026e-09,7.09485200304e-07,4.048727748000001e-09,3.411007320910799e-05,8.6786218164e-08,0.0004125814460478059,0.0,0.0,0.0,2.895372642e-09,6.27372614094e-07,1.772750763e-08,5.226760293518399e-05,3.5165038242e-07,0.00166352079187227,4.253416970046e-06,0.008254179900402366,0.0,0.0,2.0158226918999998e-07,9.288525967800002e-08,3.629850735770999e-05,5.75921155812e-07,0.0021408277008699117,1.7149726828398e-05,0.048163971801878654,8.509463824207803e-05,0.008092454503088339,0.0,4.5821496527999996e-08,9.242462807717999e-06,1.370252201988e-06,0.0009428685696928438,2.2128386561916e-05,0.04281483273673893,0.00049653853006395,0.7625340362889351,8.342737513698002e-05,0.000245023031326116,2.8914411892799994e-07,2.6875103882400003e-07,5.195336759397599e-05,1.3025642651484001e-05,0.0030128174776306196,0.000451443787762977,0.06502609555189665,0.007863938690162772,0.023710190079881028,5.042902560332999e-06,2.4304671144e-08,1.3063147254600001e-06,2.9953174856520004e-06,0.00010947402504199203,0.000130032260941353,0.0032659530965928572,0.0018012497287046888,0.017682989420457835,0.0005045761666482609,0.000248528445863322
121,199,0.0,0.0,0.0,1.0,0.0,0.0,0.0,0.0,0.0,0.0,0.0,0.0,0.0,0.0,0.0,0.0,0.0,0.0,0.0,0.0,0.0,0.0,0.0,0.0,0.0,0.0,0.0,0.0,0.0,0.0,0.0,0.0,0.0,0.0,0.0,0.0,0.0,0.0,0.0,0.0,0.0,0.0,0.0,0.0,0.0,0.0,0.0,0.0,0.0,0.0,0.0,0.0,0.0,0.0,0.0,0.0,0.0,0.0,0.0,0.0,0.0,0.0,0.0,0.0,0.0,0.0,0.0,0.0,0.0,0.0,0.0,0.0,0.0,0.0,0.0,0.0,0.0,0.0,0.0,0.0,0.0,0.0,0.0,0.0,0.0,0.0,0.0,0.0,0.0,0.0,0.0,0.0,0.0,0.0,0.0,0.0,0.0,0.0,0.0,0.0
122,200,0.0,0.0,0.01,0.01,0.97,0.0,0.0,0.0,0.0,0.0,0.0,0.0,0.0,0.01,0.0,0.0,0.0,0.0,0.0,0.0,0.0,0.0,0.0,0.0,0.0,0.0,0.0,0.0,0.0,0.0,0.0,0.0,0.0,0.0,0.0,0.0,0.0,0.0,0.0,0.0,0.0,0.0,0.0,0.0,0.0,0.0,0.0,0.0,0.0,0.0,0.0,0.0,0.0,0.0,0.0,0.0,0.0,0.0,0.0,0.0,0.0,0.0,0.0,0.0,0.0,0.0,0.0,0.0,0.0,0.0,0.0,0.0,0.0,0.0,0.0,0.0,0.0,0.0,0.0,0.0,0.0,0.0,0.0,0.0,0.0,0.0,0.0,0.0,0.0,0.0,0.0,0.0,0.0,0.0,0.0,0.0,0.0,0.0,0.0,0.0
123,201,0.0,0.0001,0.0002,0.0196,0.0194,0.9409,0.0,0.0,0.0,0.0,0.0,0.0,0.0002,0.0001,0.0194,0.0,0.0,0.0,0.0,0.0,0.0,0.0,0.0,0.0001,0.0,0.0,0.0,0.0,0.0,0.0,0.0,0.0,0.0,0.0,0.0,0.0,0.0,0.0,0.0,0.0,0.0,0.0,0.0,0.0,0.0,0.0,0.0,0.0,0.0,0.0,0.0,0.0,0.0,0.0,0.0,0.0,0.0,0.0,0.0,0.0,0.0,0.0,0.0,0.0,0.0,0.0,0.0,0.0,0.0,0.0,0.0,0.0,0.0,0.0,0.0,0.0,0.0,0.0,0.0,0.0,0.0,0.0,0.0,0.0,0.0,0.0,0.0,0.0,0.0,0.0,0.0,0.0,0.0,0.0,0.0,0.0,0.0,0.0,0.0,0.0
124,202,1.0000000000000002e-06,3.0000000000000005e-06,0.00029699999999999996,0.000585,0.028808999999999994,0.028227000000000002,0.912673,0.0,0.0,0.0,0.0,3.0000000000000005e-06,3.0000000000000005e-06,0.000585,0.000291,0.028227000000000002,0.0,0.0,0.0,0.0,0.0,0.0,3.0000000000000005e-06,1.0000000000000002e-06,0.000291,0.0,0.0,0.0,0.0,0.0,0.0,0.0,0.0,1.0000000000000002e-06,0.0,0.0,0.0,0.0,0.0,0.0,0.0,0.0,0.0,0.0,0.0,0.0,0.0,0.0,0.0,0.0,0.0,0.0,0.0,0.0,0.0,0.0,0.0,0.0,0.0,0.0,0.0,0.0,0.0,0.0,0.0,0.0,0.0,0.0,0.0,0.0,0.0,0.0,0.0,0.0,0.0,0.0,0.0,0.0,0.0,0.0,0.0,0.0,0.0,0.0,0.0,0.0,0.0,0.0,0.0,0.0,0.0,0.0,0.0,0.0,0.0,0.0,0.0,0.0,0.0,0.0
125,203,5.000000000000001e-08,3.0399999999999997e-06,8.88e-06,0.00030275999999999995,0.0005791199999999999,0.009979359999999998,0.009408999999999999,0.00912673,0.0,0.0,1e-06,2.9400000000000007e-06,0.00029399999999999994,0.0005704000000000001,0.028235759999999995,0.0273831,0.88557508,0.0,0.0,0.0,0.0,2.9400000000000007e-06,2.9200000000000004e-06,0.0005704000000000001,0.00028228,0.0273831,0.0,0.0,0.0,0.0,0.0,0.0,2.9200000000000004e-06,9.7e-07,0.00028228,0.0,0.0,0.0,0.0,0.0,0.0,0.0,0.0,9.7e-07,0.0,0.0,0.0,0.0,0.0,0.0,0.0,0.0,0.0,0.0,0.0,0.0,0.0,0.0,0.0,0.0,0.0,0.0,0.0,0.0,0.0,0.0,0.0,0.0,0.0,0.0,0.0,0.0,0.0,0.0,0.0,0.0,0.0,0.0,0.0,0.0,0.0,0.0,0.0,0.0,0.0,0.0,0.0,0.0,0.0,0.0,0.0,0.0,0.0,0.0,0.0,0.0,0.0,0.0,0.0,0.0
126,204,4.14e-08,1.491e-07,6.086799999999999e-06,1.46116e-05,0.0003909699999999999,0.0004735058,0.009140901699999999,0.00018535729999999997,9.12673e-05,0.0,8.790000000000003e-08,5.9281999999999986e-06,1.43762e-05,0.0005846788,0.0008441042,0.019091918599999997,0.009400561,0.017708678899999997,0.0,0.0,9.994000000000001e-07,2.8810000000000005e-06,0.0002909425999999999,0.0005561497,0.02767104499999999,0.0265644298,0.8592816585999999,0.0,0.0,0.0,0.0,2.8810000000000005e-06,2.8421000000000003e-06,0.0005561497,0.0002738213,0.0265644298,0.0,0.0,0.0,0.0,0.0,0.0,2.8421000000000003e-06,9.409e-07,0.0002738213,0.0,0.0,0.0,0.0,0.0,0.0,0.0,0.0,9.409e-07,0.0,0.0,0.0,0.0,0.0,0.0,0.0,0.0,0.0,0.0,0.0,0.0,0.0,0.0,0.0,0.0,0.0,0.0,0.0,0.0,0.0,0.0,0.0,0.0,0.0,0.0,0.0,0.0,0.0,0.0,0.0,0.0,0.0,0.0,0.0,0.0,0.0,0.0,0.0,0.0,0.0,0.0,0.0,0.0,0.0,0.0
127,206,2.38764e-09,7.955679999999999e-09,2.5157456e-07,5.586717800000001e-07,1.170885673e-05,1.327599711e-05,0.00018581735481000002,7.39833747e-06,5.4055704099999996e-06,4.591592e-08,8.626640000000001e-09,3.5367923999999997e-07,8.236826199999999e-07,2.686213609e-05,3.6199320630000005e-05,0.0007455892412699999,0.00029109698261,0.0007017576744299999,5.4212805299999996e-06,3.54145351e-06,2.0521239999999997e-07,5.3364266e-07,2.5766615669999998e-05,4.4015266170000006e-05,0.0013833509027099998,0.00116504131541,0.026164606500049998,0.00035943000994999996,0.0005153499390899999,0.0,1.5855718000000005e-07,1.1354169169999998e-05,2.4455037630000003e-05,0.00110619953433,0.00132572425395,0.03569124186388999,0.009360365165149999,0.03333481659682999,0.0,0.0,9.9651107e-07,2.7659637300000002e-06,0.0002846763633899999,0.0005286669643300001,0.02656719285266999,0.02499978422613,0.80901348989699,0.0,0.0,0.0,0.0,2.7659637300000002e-06,2.69238535e-06,0.0005286669643300001,0.00025765671463,0.02499978422613,0.0,0.0,0.0,0.0,0.0,0.0,2.69238535e-06,8.8529281e-07,0.00025765671463,0.0,0.0,0.0,0.0,0.0,0.0,0.0,0.0,8.8529281e-07,0.0,0.0,0.0,0.0,0.0,0.0,0.0,0.0,0.0,0.0,0.0,0.0,0.0,0.0,0.0,0.0,0.0,0.0,0.0,0.0,0.0,0.0,0.0,0.0,0.0,0.0
128,209,1.407401136e-11,3.34427895e-10,8.0696683425e-10,1.701596720274e-08,2.3833414420120003e-08,3.3389462964334e-07,1.4661729525265998e-07,3.1625635049194e-07,9.556864336600001e-09,6.26625499563e-09,5.409401135399999e-10,1.3178040415200002e-09,4.066524762215999e-08,6.394219293894e-08,1.36894288246821e-06,9.867201306538599e-07,1.3301518151297759e-05,5.836682851109199e-07,9.0707896158117e-07,1.541145731538e-08,1.5733819906200002e-09,4.9380434263559995e-08,9.2691387576e-08,2.7010361896585198e-06,2.8348906115366103e-06,5.67436549581696e-05,1.448111922063756e-05,5.394590693461577e-05,7.4293945069761e-07,8.901341382592799e-07,3.5003469989159993e-08,7.715098866750001e-08,2.9980621442089796e-06,4.19417015896056e-06,0.00011191974033496175,6.871499634433673e-05,0.001245586472490573,3.1368068745389035e-05,6.926621295462706e-05,5.9215346113386e-07,4.6748082297720007e-08,1.9010569078406996e-06,3.4370563226327402e-06,0.00012329962600248574,0.00012310063688631963,0.002992568964727407,0.0005933823297206533,0.0028376737532583934,1.784235330330012e-05,2.8288416849600174e-05,6.267732733219798e-07,1.4174640325575602e-06,7.133173058144376e-05,0.00010094173172068618,0.003317119103540602,0.002085461358875648,0.04915735531936277,0.0005995322878543038,0.0016467357683820575,0.0,2.5250619058218e-07,1.8661693960014232e-05,3.747327074903394e-05,0.0017902048357933745,0.001937968457450629,0.05688089207800025,0.009248696444713166,0.053267086042067466,0.0,0.0,9.883479754264798e-07,2.6006759968324493e-06,0.0002749702487943902,0.0004898744427816527,0.0249751753278502,0.02282390120271881,0.7390705127530957,0.0,0.0,0.0,0.0,2.6006759968324493e-06,2.4822565746884194e-06,0.0004898744427816527,0.00023518131587165386,0.02282390120271881,0.0,0.0,0.0,0.0,0.0,0.0,2.4822565746884194e-06,1.6159656895622599e-06,0.00023518131587165386,0.0,0.0,0.0,0.0,0.0
129,210,0.0,0.0,0.0,0.0,0.0,0.0,0.0,0.0,0.0,0.0,0.0,0.0,0.0,1.0,0.0,0.0,0.0,0.0,0.0,0.0,0.0,0.0,0.0,0.0,0.0,0.0,0.0,0.0,0.0,0.0,0.0,0.0,0.0,0.0,0.0,0.0,0.0,0.0,0.0,0.0,0.0,0.0,0.0,0.0,0.0,0.0,0.0,0.0,0.0,0.0,0.0,0.0,0.0,0.0,0.0,0.0,0.0,0.0,0.0,0.0,0.0,0.0,0.0,0.0,0.0,0.0,0.0,0.0,0.0,0.0,0.0,0.0,0.0,0.0,0.0,0.0,0.0,0.0,0.0,0.0,0.0,0.0,0.0,0.0,0.0,0.0,0.0,0.0,0.0,0.0,0.0,0.0,0.0,0.0,0.0,0.0,0.0,0.0,0.0,0.0
130,215,4.95e-08,3.0386e-06,8.7026e-06,0.00029964519999999993,0.0005647154,0.0097827122,0.0091295818,0.008947018099999999,0.0,0.0,1.0297e-06,2.8810999999999994e-06,0.00029400039999999996,0.0005561496999999999,0.027776688399999992,0.0265644298,0.8595639576999999,0.0,9.12673e-05,0.0,1.0100000000000001e-08,5.8609999999999994e-06,2.8421e-06,0.0008472292,0.00027382130000000004,0.0360704882,0.0,0.008947018099999999,0.0,0.0,3.94e-08,0.0,1.15058e-05,9.409e-07,0.0008357041999999998,0.0,0.0091295818,0.0,0.0,0.0,0.0,5.86e-08,0.0,9.496899999999999e-06,0.0,0.00027665379999999997,0.0,0.0,0.0,0.0,0.0,0.0,3.8900000000000004e-08,0.0,2.8324999999999996e-06,0.0,0.0,0.0,0.0,0.0,0.0,0.0,0.0,9.700000000000001e-09,0.0,0.0,0.0,0.0,0.0,0.0,0.0,0.0,0.0,0.0,0.0,0.0,0.0,0.0,0.0,0.0,0.0,0.0,0.0,0.0,0.0,0.0,0.0,0.0,0.0,0.0,0.0,0.0,0.0,0.0,0.0,0.0,0.0,0.0,0.0,0.0
131,216,4.1673e-08,1.4671799999999998e-07,6.053868e-06,1.4292129e-05,0.0003842376119999999,0.000460414392,0.008874232697999999,0.000180765999,9.038285399999999e-05,0.0,8.722399999999999e-08,5.956352999999999e-06,1.4060251000000001e-05,0.0005798350239999998,0.0008217179459999999,0.018723342177,0.009121338644,0.017364629988,0.0,9.126730000000001e-07,1.0579140000000002e-06,2.8231889999999994e-06,0.000293826348,0.0005422412519999999,0.027320921963999992,0.025770235119000003,0.83431850985,0.0,0.00017799946199999997,0.0,1.0191e-08,5.801207999999999e-06,2.766246e-06,0.000830379393,0.00026561607000000003,0.035090792952,0.0,0.008769903374999997,0.0,0.0,3.8804e-08,0.0,1.125657e-05,9.12673e-07,0.0008135229059999997,0.0,0.008858460884,0.0,0.0,0.0,0.0,5.7231e-08,0.0,9.240803999999999e-06,0.0,0.00026838251099999997,0.0,0.0,0.0,0.0,0.0,0.0,3.783e-08,0.0,2.7476219999999995e-06,0.0,0.0,0.0,0.0,0.0,0.0,0.0,0.0,9.409e-09,0.0,0.0,0.0,0.0,0.0,0.0,0.0,0.0,0.0,0.0,0.0,0.0,0.0,0.0,0.0,0.0,0.0,0.0,0.0,0.0,0.0,0.0,0.0,0.0,0.0,0.0
132,218,2.397696e-09,7.8271176e-09,2.4980131319999996e-07,5.46398964e-07,1.1500245511999997e-05,1.29133128424e-05,0.00018047960438719997,7.207355267200001e-06,5.318313488000001e-06,4.5465258e-08,8.547503999999999e-09,3.539703768e-07,8.058871008e-07,2.6553972288399997e-05,3.52446798561e-05,0.0007286892624448,0.00028253341299679997,0.0006856624373488,5.2957991961e-06,3.5433786496000002e-06,2.0802174779999998e-07,5.227276896e-07,2.5719993300799996e-05,4.29205632984e-05,0.0013622276977039998,0.0011313031549504001,0.025414922876105597,0.0003496137216646,0.0005106073760672,3.55058024e-08,1.584267096e-07,1.1524094653599998e-05,2.3884503903600006e-05,0.0011012438668287997,0.0012888229911199999,0.035023298436676,0.0090822366530552,0.03270478351398401,0.0,5.188913925999999e-06,1.1100300848e-06,2.7102965555999996e-06,0.00029298696282559997,0.0005154192993279999,0.02642001403954879,0.024252367266492398,0.786034944288728,0.0,0.00033850166535919987,0.0,1.03472326e-08,5.679540236799998e-06,2.620466717599999e-06,0.0007975132144719999,0.0002499358661192,0.033209825344883204,0.0,0.008423483064938196,0.0,0.0,3.7624748e-08,0.0,1.0772706703999998e-05,8.587340257e-07,0.0007708834536223996,0.0,0.008340132741231198,0.0,0.0,0.0,0.0,5.45834908e-08,0.0,8.7488946688e-06,0.0,0.0002525744094076,0.0,0.0,0.0,0.0,0.0,0.0,3.5776781600000006e-08,0.0,2.5854200743999995e-06,0.0,0.0,0.0,0.0,0.0,0.0,0.0,0.0,8.852928099999999e-09,0.0,0.0,0.0,0.0,0.0,0.0
133,220,1.4594526714e-10,4.3414737144e-10,1.1793299242319997e-08,2.32636799511e-08,4.2656322275396993e-07,4.1785933413706e-07,4.663118002262879e-06,2.7162247239699996e-07,2.6211768667557e-07,4.90569921906e-09,6.6712841964e-10,2.0900667658799998e-08,4.3572877220729996e-08,1.2143270833783197e-06,1.45552748846164e-06,2.7060959365927075e-05,8.887109107153098e-06,2.56421823908496e-05,3.9462754792408e-07,3.4569183362817006e-07,1.8437844690959996e-08,4.280250328194001e-08,1.6492598725146595e-06,2.48199684204162e-06,6.458293678265974e-05,4.502727497576884e-05,0.0007877205654419639,2.114729742876322e-05,3.7499839052454e-05,3.0201411774419997e-07,2.963000901438e-08,1.23145405664412e-06,2.3019814024519203e-06,8.242103129654817e-05,8.709175305205509e-05,0.0020607496744632927,0.0004775566698473124,0.0019507287173000962,1.2674755033168409e-05,1.668031827709872e-05,4.7483663251997997e-07,1.0635682452618e-06,5.433401284943855e-05,7.842880657402591e-05,0.002585879785815231,0.0017410896231162378,0.04064494715855621,0.0005075721785101423,0.0012019267689259835,1.6792250617847995e-07,2.242183592904e-07,1.674174119148522e-05,3.2601171398844365e-05,0.001573502589358976,0.0016980477884911368,0.04936872982770458,0.009015997385416202,0.04619766493697236,0.0,1.2291529727435695e-05,1.15663675612404e-06,2.601245455675289e-06,0.0002915433741965033,0.0004898744427816525,0.02553433050730156,0.02282390120271881,0.74055155946937,0.0,0.00048274580167039524,0.0,1.0471089613619999e-08,5.555551720216799e-06,2.482256574688419e-06,0.0007657415793664992,0.00023518131587165386,0.031428830231578636,0.0,0.008087479048421173,0.0,0.0,3.646362279288e-08,0.0,1.030778875160226e-05,8.080687181836999e-07,0.00073044459319412,0.0,0.007852131098308948,0.0,0.0,0.0,0.0,5.205256134956999e-08,3.383412061258e-08,8.2911035769178e-06,2.432793494808099e-06,0.000237697419846347,0.0,0.0,0.0,0.0
134,221,0.0,0.0,0.0,0.0,0.0,0.0,0.0,0.0,0.0,0.0,0.0,0.0,0.0,0.0,0.0,0.0,0.0,0.0,0.0,0.0,0.0,0.0,0.0,1.0,0.0,0.0,0.0,0.0,0.0,0.0,0.0,0.0,0.0,0.0,0.0,0.0,0.0,0.0,0.0,0.0,0.0,0.0,0.0,0.0,0.0,0.0,0.0,0.0,0.0,0.0,0.0,0.0,0.0,0.0,0.0,0.0,0.0,0.0,0.0,0.0,0.0,0.0,0.0,0.0,0.0,0.0,0.0,0.0,0.0,0.0,0.0,0.0,0.0,0.0,0.0,0.0,0.0,0.0,0.0,0.0,0.0,0.0,0.0,0.0,0.0,0.0,0.0,0.0,0.0,0.0,0.0,0.0,0.0,0.0,0.0,0.0,0.0,0.0,0.0,0.0
135,224,0.0,0.0,3.0000000000000005e-06,1.0000000000000002e-06,0.000195,0.0,0.0,0.0,0.0,0.0,0.0,3.0000000000000005e-06,0.0,0.000489,0.0,0.009602999999999999,0.0,0.0,0.0,0.0,1.0000000000000002e-06,0.0,0.00039299999999999996,0.0,0.028616999999999997,0.0,0.009409,0.0,0.0,0.0,0.0,9.9e-05,0.0,0.019208999999999997,0.0,0.912867,0.0,0.0,0.0,0.0,0.0,0.0,0.000195,0.0,0.018819000000000002,0.0,0.0,0.0,0.0,0.0,0.0,0.0,0.0,9.7e-05,0.0,0.0,0.0,0.0,0.0,0.0,0.0,0.0,0.0,0.0,0.0,0.0,0.0,0.0,0.0,0.0,0.0,0.0,0.0,0.0,0.0,0.0,0.0,0.0,0.0,0.0,0.0,0.0,0.0,0.0,0.0,0.0,0.0,0.0,0.0,0.0,0.0,0.0,0.0,0.0,0.0,0.0,0.0,0.0,0.0,0.0
136,228,9.208e-11,9.962000000000001e-11,1.1535029999999998e-08,7.26873e-09,4.4959742999999994e-07,1.2609844999999999e-07,3.00287573e-06,3.821218999999999e-08,5.589237e-08,0.0,1.0646000000000001e-10,1.757823e-08,5.349700000000001e-09,1.28356201e-06,2.0769939e-07,2.541738879e-05,9.963229099999996e-07,1.106670675e-05,0.0,3.678919000000001e-08,1.160217e-08,1.3514200000000003e-09,1.6130416899999999e-06,1.4782994000000007e-07,7.092007849e-05,2.7293675699999995e-06,0.00056957634009,0.0,1.0770958570000001e-05,9.126730000000001e-09,4.02771e-09,1.0131375899999999e-06,9.88142e-09,8.698338792999999e-05,9.039226299999999e-07,0.0021638779849500003,0.0,0.00105748110291,0.0,3.54145351e-06,3.1152245e-07,9.60885e-09,5.234967518999999e-05,9.12673e-09,0.0029421587507099996,0.0,0.03542831046389001,0.0,0.0005153499390899999,0.0,3.821219e-08,1.3982667409999998e-05,0.0,0.0016187566911299996,0.0,0.060422781804049995,0.0,0.03333481659682999,0.0,0.0,9.965110699999998e-07,0.0,0.00028467636339,0.0,0.026567192852669997,0.0,0.80901348989699,0.0,0.0,0.0,0.0,2.76596373e-06,0.0,0.0005286669643300001,0.0,0.02499978422613,0.0,0.0,0.0,0.0,0.0,0.0,2.69238535e-06,0.0,0.00025765671463,0.0,0.0,0.0,0.0,0.0,0.0,0.0,0.0,8.8529281e-07,0.0,0.0,0.0,0.0,0.0,0.0
137,229,3.9024e-12,2.930496e-10,2.425308e-10,1.7519632e-08,7.906639999999999e-09,2.8995960400000003e-07,4.163509279999999e-08,1.416368704e-07,9.410456e-10,9.268156000000002e-10,3.8218620000000003e-10,1.6470720000000003e-10,4.0330798399999994e-08,1.06594584e-08,1.4123198e-06,1.616493952e-07,8.9733938144e-06,4.702905339999999e-08,2.72960144e-07,4.591592000000001e-10,2.730792e-10,4.34286976e-08,6.779836800000001e-09,2.8402202308e-06,2.3927960969999996e-07,5.26986111616e-05,9.937268983999995e-07,2.7112989563200005e-05,9.126730000000002e-11,1.7890090240000002e-07,2.4540982399999996e-08,1.5460572000000005e-09,2.9681124464e-06,1.5262434960000005e-07,0.00012072267737120001,2.6565257691999994e-06,0.0009389857454048,0.0,2.6211554768000002e-05,4.42674632e-08,7.5003136e-09,1.6491821127999997e-06,9.7723332e-09,0.00013050653746239998,8.768962183999998e-07,0.003086894155588,0.0,0.0017185414398208,0.0,8.5887092956e-06,4.5235068320000003e-07,9.7027064e-09,6.99533421536e-05,8.852928099999999e-09,0.0037399813016671993,0.0,0.043393172032952,0.0,0.0008332376068855998,0.0,4.7030934999999995e-08,1.64475757696e-05,0.0,0.0018439993521999997,0.0,0.0672159030196864,0.0,0.040424906997894985,0.0,0.0,9.942753751999998e-07,0.0,0.0002814773256224,0.0,0.026028038146140797,0.0,0.7849930830423415,0.0,0.0,0.0,0.0,2.7099086715999995e-06,0.0,0.000515419299328,0.0,0.024252367266492398,0.0,0.0,0.0,0.0,0.0,0.0,2.6204667175999996e-06,8.587340257e-07,0.0002499358661192,0.0,0.0,0.0,0.0,0.0
138,232,0.0,0.0,0.0,0.0,0.0,0.0,0.0,0.0,0.0,0.0,0.0,0.0,0.0,0.0,0.0,0.0,0.0,0.0,0.0,0.0,0.0,0.0,0.0,0.0,0.0,0.0,0.0,0.0,0.0,0.0,0.0,0.0,0.0,1.0,0.0,0.0,0.0,0.0,0.0,0.0,0.0,0.0,0.0,0.0,0.0,0.0,0.0,0.0,0.0,0.0,0.0,0.0,0.0,0.0,0.0,0.0,0.0,0.0,0.0,0.0,0.0,0.0,0.0,0.0,0.0,0.0,0.0,0.0,0.0,0.0,0.0,0.0,0.0,0.0,0.0,0.0,0.0,0.0,0.0,0.0,0.0,0.0,0.0,0.0,0.0,0.0,0.0,0.0,0.0,0.0,0.0,0.0,0.0,0.0,0.0,0.0,0.0,0.0,0.0,0.0
139,233,0.0,0.0,0.0,0.0,0.0,0.0,0.0,0.0,0.0,0.0,0.0,0.0,0.0,0.0,0.0,0.0,0.0,0.0,0.0,0.0,0.0,0.0,0.0,0.01,0.0,0.0,0.0,0.0,0.0,0.0,0.0,0.0,0.01,0.0,0.97,0.0,0.0,0.0,0.0,0.0,0.0,0.0,0.0,0.01,0.0,0.0,0.0,0.0,0.0,0.0,0.0,0.0,0.0,0.0,0.0,0.0,0.0,0.0,0.0,0.0,0.0,0.0,0.0,0.0,0.0,0.0,0.0,0.0,0.0,0.0,0.0,0.0,0.0,0.0,0.0,0.0,0.0,0.0,0.0,0.0,0.0,0.0,0.0,0.0,0.0,0.0,0.0,0.0,0.0,0.0,0.0,0.0,0.0,0.0,0.0,0.0,0.0,0.0,0.0,0.0
140,234,0.0,0.0,0.0,0.0,0.0,0.0,0.0,0.0,0.0,0.0,0.0,0.0,0.0,0.0001,0.0,0.0,0.0,0.0,0.0,0.0,0.0,0.0,0.0002,0.0,0.0194,0.0,0.0,0.0,0.0,0.0,0.0,0.0001,0.0,0.0196,0.0,0.9409,0.0,0.0,0.0,0.0,0.0,0.0,0.0002,0.0,0.0194,0.0,0.0,0.0,0.0,0.0,0.0,0.0,0.0,0.0001,0.0,0.0,0.0,0.0,0.0,0.0,0.0,0.0,0.0,0.0,0.0,0.0,0.0,0.0,0.0,0.0,0.0,0.0,0.0,0.0,0.0,0.0,0.0,0.0,0.0,0.0,0.0,0.0,0.0,0.0,0.0,0.0,0.0,0.0,0.0,0.0,0.0,0.0,0.0,0.0,0.0,0.0,0.0,0.0,0.0,0.0
141,235,0.0,0.0,0.0,1.0000000000000002e-06,0.0,0.0,0.0,0.0,0.0,0.0,0.0,0.0,3.0000000000000005e-06,0.0,0.000195,0.0,0.0,0.0,0.0,0.0,0.0,3.0000000000000005e-06,0.0,0.000489,0.0,0.009602999999999999,0.0,0.0,0.0,0.0,1.0000000000000002e-06,0.0,0.00039299999999999996,0.0,0.028617,0.0,0.009408999999999999,0.0,0.0,0.0,0.0,9.9e-05,0.0,0.019208999999999997,0.0,0.912867,0.0,0.0,0.0,0.0,0.0,0.0,0.000195,0.0,0.018819000000000002,0.0,0.0,0.0,0.0,0.0,0.0,0.0,0.0,9.7e-05,0.0,0.0,0.0,0.0,0.0,0.0,0.0,0.0,0.0,0.0,0.0,0.0,0.0,0.0,0.0,0.0,0.0,0.0,0.0,0.0,0.0,0.0,0.0,0.0,0.0,0.0,0.0,0.0,0.0,0.0,0.0,0.0,0.0,0.0,0.0,0.0
142,236,0.0,0.0,4.000000000000001e-08,1.0000000000000002e-08,2.92e-06,0.0,0.0,0.0,0.0,0.0,0.0,6.000000000000001e-08,0.0,9.76e-06,0.0,0.00028518,0.0,0.0,0.0,0.0,4.000000000000001e-08,0.0,1.1760000000000001e-05,0.0,0.00085848,0.0,0.009408999999999999,0.0,0.0,0.0,1.0000000000000002e-08,5.919999999999999e-06,0.0,0.00086436,0.0,0.037077280000000004,0.0,0.00912673,0.0,0.0,1e-06,0.0,0.000294,0.0,0.028235759999999995,0.0,0.88557508,0.0,0.0,0.0,0.0,2.94e-06,0.0,0.0005704,0.0,0.0273831,0.0,0.0,0.0,0.0,0.0,0.0,2.92e-06,0.0,0.00028228000000000004,0.0,0.0,0.0,0.0,0.0,0.0,0.0,0.0,9.7e-07,0.0,0.0,0.0,0.0,0.0,0.0,0.0,0.0,0.0,0.0,0.0,0.0,0.0,0.0,0.0,0.0,0.0,0.0,0.0,0.0,0.0,0.0,0.0,0.0,0.0,0.0
143,240,2.2134000000000002e-12,2.4696000000000003e-12,3.3326719999999996e-10,1.7426080000000002e-10,1.479056e-08,3.9121696e-09,1.6268867359999998e-07,1.03472326e-08,3.7624748e-08,0.0,2.2008e-12,4.73092e-10,4.719e-11,3.69604576e-08,2.529008e-09,9.574666024e-07,2.7762370400000003e-08,3.980865683199999e-06,0.0,5.45834908e-08,3.0686720000000003e-10,8.111639999999999e-11,4.87310672e-08,1.0278024e-09,2.3835313231999997e-06,2.72090044e-08,3.3121014684800004e-05,0.0,1.0843341948799999e-05,3.57767816e-08,1.5919839999999998e-10,3.7978528e-08,1.235112e-10,3.1756867012e-06,9.1305033e-09,9.725826355840001e-05,0.0,0.0005632822375696,9.126730000000002e-11,1.0492465167999999e-05,1.349696e-08,3.9129439999999996e-09,2.392567688e-06,9.50601e-11,0.0001361609796176,0.0,0.0024695153244704,0.0,0.0010310532933343998,3.435301172e-06,3.6337119999999997e-09,9.843951015999998e-07,5.589628e-10,9.725826355839998e-05,0.0,0.0038340436907176,0.0,0.03471453762636159,0.0,0.0004999248554523999,1.5337945759999997e-07,3.7071586399999997e-08,3.312101468479999e-05,0.0,0.0024695153244703996,0.0,0.06738786451950561,0.0,0.032339925598315986,0.0,1.0347232600000001e-08,3.980865683199999e-06,0.0,0.0005632822375695999,0.0,0.034714537626361584,0.0,0.7850764333660485,0.0,0.0,3.7624747999999994e-08,0.0,1.0843341948799999e-05,8.8529281e-09,0.0010310532933343998,0.0,0.032339925598316,0.0,0.0,0.0,0.0,5.4583490799999984e-08,3.577678159999999e-08,1.0483703507199999e-05,3.435301172e-06,0.0004999248554524,0.0,0.0,0.0,0.0
144,243,0.0,0.0,0.0,0.0,0.0,0.0,0.0,0.0,0.0,0.0,0.0,0.0,0.0,0.0,0.0,0.0,0.0,0.0,0.0,0.0,0.0,0.0,0.0,0.0,0.0,0.0,0.0,0.0,0.0,0.0,0.0,0.0,0.0,0.0,0.0,0.0,0.0,0.0,0.0,0.0,0.0,0.0,0.0,1.0,0.0,0.0,0.0,0.0,0.0,0.0,0.0,0.0,0.0,0.0,0.0,0.0,0.0,0.0,0.0,0.0,0.0,0.0,0.0,0.0,0.0,0.0,0.0,0.0,0.0,0.0,0.0,0.0,0.0,0.0,0.0,0.0,0.0,0.0,0.0,0.0,0.0,0.0,0.0,0.0,0.0,0.0,0.0,0.0,0.0,0.0,0.0,0.0,0.0,0.0,0.0,0.0,0.0,0.0,0.0,0.0
145,244,0.0,0.0,0.0,0.0,0.0,0.0,0.0,0.0,0.0,0.0,0.0,0.0,0.0,0.0,0.0,0.0,0.0,0.0,0.0,0.0,0.0,0.0,0.0,0.0,0.0,0.0,0.0,0.0,0.0,0.0,0.0,0.0,0.0,0.97,0.0,0.0,0.0,0.0,0.0,0.0,0.0,0.0,0.01,0.0,0.01,0.0,0.0,0.0,0.0,0.0,0.0,0.0,0.0,0.01,0.0,0.0,0.0,0.0,0.0,0.0,0.0,0.0,0.0,0.0,0.0,0.0,0.0,0.0,0.0,0.0,0.0,0.0,0.0,0.0,0.0,0.0,0.0,0.0,0.0,0.0,0.0,0.0,0.0,0.0,0.0,0.0,0.0,0.0,0.0,0.0,0.0,0.0,0.0,0.0,0.0,0.0,0.0,0.0,0.0,0.0
146,245,0.0,0.0,0.0,0.0,0.0,0.0,0.0,0.0,0.0,0.0,0.0,0.0,0.0,0.0,0.0,0.0,0.0,0.0,0.0,0.0,0.0,0.0,0.0,0.0097,0.0,0.0,0.0,0.0,0.0,0.0,0.0,0.0,0.0098,0.0,0.941,0.0,0.0,0.0,0.0,0.0,0.0,0.0001,0.0,0.0196,0.0,0.0097,0.0,0.0,0.0,0.0,0.0,0.0,0.0002,0.0,0.0098,0.0,0.0,0.0,0.0,0.0,0.0,0.0,0.0,0.0001,0.0,0.0,0.0,0.0,0.0,0.0,0.0,0.0,0.0,0.0,0.0,0.0,0.0,0.0,0.0,0.0,0.0,0.0,0.0,0.0,0.0,0.0,0.0,0.0,0.0,0.0,0.0,0.0,0.0,0.0,0.0,0.0,0.0,0.0,0.0,0.0
147,247,0.0,0.0,0.0,9.7e-07,0.0,0.0,0.0,0.0,0.0,0.0,0.0,0.0,2.92e-06,0.0,0.00018916000000000004,0.0,0.0,0.0,0.0,0.0,0.0,2.94e-06,0.0,0.00047632,0.0,0.00931686,0.0,0.0,0.0,0.0,1e-06,0.0,0.00038616,0.0,0.02786136,0.0,0.00922276,0.0,0.0,0.0,1.0000000000000002e-08,9.999999999999998e-05,0.0,0.01892772,0.0,0.88595728,0.0,9.409000000000002e-05,0.0,0.0,1e-06,0.0,0.0003861599999999999,0.0,0.027861359999999998,0.0,0.00922276,0.0,0.0,0.0,0.0,2.9400000000000007e-06,0.0,0.00047631999999999997,0.0,0.00931686,0.0,0.0,0.0,0.0,0.0,0.0,2.9200000000000004e-06,0.0,0.00018915999999999998,0.0,0.0,0.0,0.0,0.0,0.0,0.0,0.0,9.7e-07,0.0,0.0,0.0,0.0,0.0,0.0,0.0,0.0,0.0,0.0,0.0,0.0,0.0,0.0,0.0,0.0
148,251,6.846e-13,9.518080000000001e-11,5.936960000000001e-11,6.9826288e-09,2.2664863999999998e-09,1.224435712e-07,9.9680504e-09,3.7168557399999995e-08,0.0,0.0,1.199504e-10,2.0043600000000003e-11,1.62298592e-08,1.9458976e-09,6.36794864e-07,2.76624988e-08,3.8712856112e-06,0.0,5.45977208e-08,0.0,7.52896e-11,1.83128392e-08,6.399108e-10,1.3849246623999998e-06,2.6924794400000002e-08,2.7322949879200002e-05,0.0,1.07755358464e-05,0.0,3.6244438e-08,1.162184e-08,2.92064e-11,1.588248344e-06,8.852967299999998e-09,6.994483761439999e-05,0.0,0.0005529207886304,0.0,1.0559423696e-05,9.22082e-09,4.0258e-09,9.994460032e-07,9.663999999999998e-12,8.513112969639999e-05,9.7e-15,0.0021056565555328003,0.0,0.0010316708098768001,9.126730000000002e-11,3.5433786496000002e-06,3.209560736e-07,8.732767999999998e-10,5.1675462199999996e-05,2.8328000000000002e-12,0.0028771206565519998,0.0,0.034403370504252795,0.0,0.0005106073760672,3.5505802400000004e-08,4.031741439999998e-08,1.40997519496e-05,2.767804e-10,0.0016010089988608,0.0,0.059015441821924,0.0,0.03270478351398401,0.0,5.188913926e-06,1.1012684239999995e-06,9.1495448e-09,0.0002929869628256,9.409000000000002e-13,0.0264200140395488,0.0,0.7860349442887281,0.0,0.0003385016653592,0.0,1.03472326e-08,5.679540236799998e-06,3.6883280000000007e-10,0.0007975133047983998,2.66538152e-08,0.0332098253448832,0.0,0.008423483064938196,0.0,0.0,3.762474800000001e-08,5.4583490800000004e-08,1.0808114652799999e-05,8.757656329599999e-06,0.0007734422198815997,0.0002525744094076,0.008340132741231198,0.0,0.0,0.0
149,253,8.899692000000001e-14,1.000190022e-11,7.742468580000001e-12,8.211698611199999e-10,3.7088738712e-10,2.4882668457060003e-08,5.634530872199999e-09,1.9232045403095998e-07,1.0105468407e-08,3.603471588497999e-08,7.68354558e-12,3.3771574799999997e-12,1.28897387568e-09,8.075272161e-11,6.762577296624e-08,2.95362884304e-09,1.2649391947757998e-06,2.622474215442e-08,3.854392403596679e-06,5.2075059679919994e-08,5.409027539999999e-12,1.14679491648e-09,8.91968421e-11,1.0086438364452e-07,1.34507517039e-09,3.5309029709088e-06,2.5871188332720002e-08,3.682642751078634e-05,3.5342433933e-10,1.0379608126787039e-05,5.1152574384e-10,1.9396997540999998e-10,9.127604218008002e-08,2.1918004581999997e-10,5.3133768637596e-06,8.854864381989999e-09,0.00012167841696403824,9.403354599999999e-13,0.0005407254653977652,1.00135789202877e-05,2.1093891648e-10,4.665786500388e-08,3.80743563859e-09,4.6024830177528e-06,1.8358804909999997e-10,0.0001915425208233584,1.825346e-14,0.002682961195659131,3.438150706468e-08,0.0009841802214342406,1.151719154352e-08,3.99162394584e-09,2.2621486815381596e-06,8.281640781199997e-10,0.00015603767836004182,2.6655696999999997e-12,0.004652595334265908,3.5688337000000004e-12,0.03303466342287898,0.0004806336482271846,2.1010637840999994e-09,5.3403865590048e-07,3.813456144825998e-08,6.3181919597409e-05,2.6316127063e-10,0.003402346129342229,0.0,0.07208626213019338,5.033957536941e-08,0.030793338186222496,4.4314144925880004e-08,1.1850203836169993e-08,1.029040042231152e-05,9.502446719319999e-09,0.0009374486453386297,2.577541024845e-08,0.042066580154713464,0.0,0.7403848541840569,0.0003185968854172159,9.197826907199999e-10,2.7543966385385996e-07,1.38143971458e-08,3.578941513782815e-05,2.9862710447681994e-07,0.0020944900620130935,5.75903539135224e-06,0.04682643960813907,0.0,0.007932222666999708,2.73009800166e-09,5.97178420716e-09,6.263793202831199e-07,6.923947964285699e-07,5.1138976526699744e-05,3.3184842497362076e-05,0.0016206571326898304,0.0004002881852979899,0.00801068031785077,0.0
150,254,0.0,0.0,0.0,0.0,0.0,0.0,0.0,0.0,0.0,0.0,0.0,0.0,0.0,0.0,0.0,0.0,0.0,0.0,0.0,0.0,0.0,0.0,0.0,0.0,0.0,0.0,0.0,0.0,0.0,0.0,0.0,0.0,0.0,0.0,0.0,0.0,0.0,0.0,0.0,0.0,0.0,0.0,0.0,0.0,0.0,0.0,0.0,0.0,0.0,0.0,0.0,0.0,0.0,0.0,0.0,0.0,0.0,0.0,0.0,0.0,0.0,0.0,0.0,1.0,0.0,0.0,0.0,0.0,0.0,0.0,0.0,0.0,0.0,0.0,0.0,0.0,0.0,0.0,0.0,0.0,0.0,0.0,0.0,0.0,0.0,0.0,0.0,0.0,0.0,0.0,0.0,0.0,0.0,0.0,0.0,0.0,0.0,0.0,0.0,0.0
151,255,0.0,0.0,0.0,0.0,0.0,0.0,0.0,0.0,0.0,0.0,0.0,0.0,0.0,0.0,0.0,0.0,0.0,0.0,0.0,0.0,0.0,0.0,0.0,0.0,0.0,0.0,0.0,0.0,0.0,0.0,0.0,0.0,0.0,0.0,0.0,0.0,0.0,0.0,0.0,0.0,0.0,0.0,0.0,0.0,0.0,0.0,0.0,0.0,0.0,0.0,0.0,0.0,0.0,0.01,0.0,0.0,0.0,0.0,0.0,0.0,0.0,0.0,0.01,0.0,0.97,0.0,0.0,0.0,0.0,0.0,0.0,0.0,0.0,0.01,0.0,0.0,0.0,0.0,0.0,0.0,0.0,0.0,0.0,0.0,0.0,0.0,0.0,0.0,0.0,0.0,0.0,0.0,0.0,0.0,0.0,0.0,0.0,0.0,0.0,0.0
152,256,0.0,0.0,0.0,0.0,0.0,0.0,0.0,0.0,0.0,0.0,0.0,0.0,0.0,0.0,0.0,0.0,0.0,0.0,0.0,0.0,0.0,0.0,0.0,0.0,0.0,0.0,0.0,0.0,0.0,0.0,0.0,0.0,0.0,0.0,0.0,0.0,0.0,0.0,0.0,0.0,0.0,0.0,0.0,0.0001,0.0,0.0,0.0,0.0,0.0,0.0,0.0,0.0,0.0002,0.0,0.0194,0.0,0.0,0.0,0.0,0.0,0.0,0.0001,0.0,0.0196,0.0,0.9409,0.0,0.0,0.0,0.0,0.0,0.0,0.0002,0.0,0.0194,0.0,0.0,0.0,0.0,0.0,0.0,0.0,0.0,0.0001,0.0,0.0,0.0,0.0,0.0,0.0,0.0,0.0,0.0,0.0,0.0,0.0,0.0,0.0,0.0,0.0
153,257,0.0,0.0,0.0,0.0,0.0,0.0,0.0,0.0,0.0,0.0,0.0,0.0,0.0,0.0,0.0,0.0,0.0,0.0,0.0,0.0,0.0,0.0,0.0,0.0,0.0,0.0,0.0,0.0,0.0,0.0,0.0,0.0,0.0,1.0000000000000002e-06,0.0,0.0,0.0,0.0,0.0,0.0,0.0,0.0,3.0000000000000005e-06,0.0,0.000291,0.0,0.0,0.0,0.0,0.0,0.0,3.0000000000000005e-06,0.0,0.000585,0.0,0.028227000000000002,0.0,0.0,0.0,0.0,1.0000000000000002e-06,0.0,0.00029699999999999996,0.0,0.028808999999999994,0.0,0.912673,0.0,0.0,0.0,0.0,3.0000000000000005e-06,0.0,0.000585,0.0,0.028227000000000002,0.0,0.0,0.0,0.0,0.0,0.0,3.0000000000000005e-06,0.0,0.000291,0.0,0.0,0.0,0.0,0.0,0.0,0.0,0.0,1.0000000000000002e-06,0.0,0.0,0.0,0.0,0.0,0.0
154,258,0.0,0.0,0.0,0.0,0.0,0.0,0.0,0.0,0.0,0.0,0.0,0.0,0.0,0.0,0.0,0.0,0.0,0.0,0.0,0.0,0.0,0.0,0.0,1.0000000000000002e-08,0.0,0.0,0.0,0.0,0.0,0.0,0.0,0.0,4.000000000000001e-08,0.0,2.9200000000000004e-06,0.0,0.0,0.0,0.0,0.0,0.0,6.000000000000001e-08,0.0,9.760000000000001e-06,0.0,0.00028518000000000006,0.0,0.0,0.0,0.0,4.000000000000001e-08,0.0,1.1760000000000001e-05,0.0,0.00085848,0.0,0.009408999999999999,0.0,0.0,0.0,1.0000000000000002e-08,5.919999999999999e-06,0.0,0.00086436,0.0,0.037077280000000004,0.0,0.00912673,0.0,0.0,1e-06,0.0,0.00029399999999999994,0.0,0.028235759999999995,0.0,0.88557508,0.0,0.0,0.0,0.0,2.9400000000000007e-06,0.0,0.0005704000000000001,0.0,0.0273831,0.0,0.0,0.0,0.0,0.0,0.0,2.9200000000000004e-06,9.7e-07,0.00028228,0.0,0.0,0.0,0.0,0.0
155,262,0.0,2.800000000000001e-15,0.0,3.6160000000000004e-13,4.880000000000001e-14,9.5548e-12,0.0,0.0,0.0,0.0,5.600000000000002e-15,0.0,1.232e-12,9.7e-15,7.169600000000003e-11,0.0,9.410456000000002e-10,0.0,0.0,0.0,7.0000000000000025e-15,2.3296e-12,0.0,2.3249440000000007e-10,0.0,7.500313600000002e-09,0.0,4.7030935e-08,0.0,0.0,2.6864000000000003e-12,6.320000000000001e-14,4.244192000000001e-10,0.0,2.4814755200000006e-08,0.0,4.61112344e-07,0.0,9.942753751999998e-07,0.0,2.0512000000000004e-12,4.741576e-10,1.0588e-12,4.4611340800000004e-08,0.0,1.6494530920000001e-06,0.0,1.64475757696e-05,0.0,2.7099086715999995e-06,3.1812800000000005e-10,1.50368e-11,4.747124e-08,1.9497e-12,2.9771478800000003e-06,0.0,6.995334215360001e-05,0.0,0.00028147732562239995,2.6204667175999996e-06,1.3842399999999998e-10,3.0066256e-08,1.97844e-10,2.9907086788e-06,5.664900000000001e-12,0.0001305152991232,0.0,0.0018439993521999999,8.587340256999999e-07,0.0005154192993279999,1.0080751999999998e-08,9.45942e-10,1.675040168e-06,2.1384720000000003e-10,0.000121572829448,9.221404000000002e-10,0.0037399813016671998,0.0,0.0260280381461408,0.00024993586611919997,1.8766584e-09,4.6864093839999993e-07,1.1874908400000001e-08,5.53290184192e-05,2.7113673920000005e-07,0.0030869817768519998,8.590083077600001e-06,0.06721590301968638,0.0,0.024252367266492398,4.398253019999999e-08,1.984172856e-07,1.0227459708799997e-05,2.7290135502399995e-05,0.0009649704261727998,0.0017270416057119998,0.044217819556760005,0.04042490699789499,0.7849930830423415,0.0
156,264,0.0,0.0,0.0,0.0,0.0,0.0,0.0,0.0,0.0,0.0,0.0,0.0,0.0,0.0,0.0,0.0,0.0,0.0,0.0,0.0,0.0,0.0,0.0,0.0,0.0,0.0,0.0,0.0,0.0,0.0,0.0,0.0,0.0,0.0,0.0,0.0,0.0,0.0,0.0,0.0,0.0,0.0,0.0,0.0,0.0,0.0,0.0,0.0,0.0,0.0,0.0,0.0,0.0,0.0,0.0,0.0,0.0,0.0,0.0,0.0,0.0,0.0,0.0,0.0,0.0,0.0,0.0,0.0,0.0,0.0,0.0,0.0,0.0,0.0,0.0,0.0,0.0,0.0,0.0,0.0,0.0,0.0,0.0,1.0,0.0,0.0,0.0,0.0,0.0,0.0,0.0,0.0,0.0,0.0,0.0,0.0,0.0,0.0,0.0,0.0
157,265,0.0,0.0,0.0,0.0,0.0,0.0,0.0,0.0,0.0,0.0,0.0,0.0,0.0,0.0,0.0,0.0,0.0,0.0,0.0,0.0,0.0,0.0,0.0,0.0,0.0,0.0,0.0,0.0,0.0,0.0,0.0,0.0,0.0,0.0,0.0,0.0,0.0,0.0,0.0,0.0,0.0,0.0,0.0,0.0,0.0,0.0,0.0,0.0,0.0,0.0,0.0,0.0,0.0,0.0,0.0,0.0,0.0,0.0,0.0,0.0,0.0,0.0,0.0,0.0,0.0,0.0,0.0,0.0,0.0,0.0,0.0,0.0,0.0,0.01,0.0,0.0,0.0,0.0,0.0,0.0,0.0,0.0,0.97,0.0,0.01,0.0,0.0,0.0,0.0,0.0,0.0,0.0,0.0,0.01,0.0,0.0,0.0,0.0,0.0,0.0
158,267,0.0,0.0,0.0,0.0,0.0,0.0,0.0,0.0,0.0,0.0,0.0,0.0,0.0,0.0,0.0,0.0,0.0,0.0,0.0,0.0,0.0,0.0,0.0,0.0,0.0,0.0,0.0,0.0,0.0,0.0,0.0,0.0,0.0,0.0,0.0,0.0,0.0,0.0,0.0,0.0,0.0,0.0,0.0,0.0,0.0,0.0,0.0,0.0,0.0,0.0,0.0,0.0,0.0,0.009409,0.0,0.0,0.0,0.0,0.0,0.0,0.0,0.0,0.912867,0.0,0.009602999999999999,0.0,0.0,0.0,0.0,0.0,0.0,0.018819000000000002,0.0,0.028616999999999997,0.0,0.000195,0.0,0.0,0.0,0.0,9.7e-05,0.0,0.019208999999999997,9.7e-05,0.0004890000000000001,0.0,1.0000000000000002e-06,0.0,0.0,0.0,0.0,0.000195,9.9e-05,0.000297,3.0000000000000005e-06,3.0000000000000005e-06,0.0,0.0,0.0,0.0
159,268,0.0,0.0,0.0,0.0,0.0,0.0,0.0,0.0,0.0,0.0,0.0,0.0,0.0,0.0,0.0,0.0,0.0,0.0,0.0,0.0,0.0,0.0,0.0,0.0,0.0,0.0,0.0,0.0,0.0,0.0,0.0,0.0,0.0,0.0,0.0,0.0,0.0,0.0,0.0,0.0,0.0,0.0,0.0,9.409000000000002e-05,0.0,0.0,0.0,0.0,0.0,0.0,0.0,0.0,0.00922276,0.0,0.00922276,0.0,0.0,0.0,0.0,0.0,0.0,0.00931686,0.0,0.88595728,0.0,0.00931686,0.0,0.0,0.0,0.0,0.00018916000000000004,0.0,0.02786136,9.7e-07,0.027861359999999998,0.0,0.00018915999999999998,0.0,0.0,0.0,9.7e-07,0.00047632,1.96e-06,0.018926759999999997,9.412e-05,0.0004763200000000001,0.0,9.7e-07,0.0,0.0,2.92e-06,2.94e-06,0.00038519999999999993,9.999999999999999e-05,0.00029304,2.9400000000000007e-06,2.9200000000000004e-06,0.0,0.0,0.0
160,274,0.0,6.606477000000001e-14,9.787299999999999e-15,5.6617910799999995e-12,5.495050000000001e-14,1.3390139970000003e-11,0.0,0.0,0.0,0.0,1.9631352000000005e-13,0.0,3.386723202e-11,0.0,1.36645727202e-09,0.0,1.7443576639200001e-09,0.0,0.0,0.0,3.267553800000001e-13,8.740315056e-11,0.0,7.200447499290001e-09,0.0,1.7629698146736e-07,0.0,1.2842997810258e-07,0.0,0.0,9.547059156000001e-11,2.820118752000001e-11,1.59909558348e-08,3.411780000000001e-15,8.214760947698401e-07,1.3748301e-13,1.2854439471263884e-05,0.0,5.1021536228838e-06,0.0,8.346974352000001e-11,1.7778062601060004e-08,1.0772558733900005e-09,1.5632089717305604e-06,8.870608200000003e-13,5.4733722847763944e-05,1.784702616e-11,0.0005057374316294613,0.0,8.830023398421328e-05,8.288700687660002e-09,3.6771420339600003e-09,1.49359106786832e-06,9.92110666497e-09,8.922198280103664e-05,1.0385839536000003e-10,0.0022085765198215828,1.30636298994e-09,0.008670761921624281,0.0001634155661107826,3.2662729586999997e-09,6.4646156411676e-07,9.127752607175999e-08,6.587566531709028e-05,2.6866093250610004e-08,0.0029953124066697014,7.079268888840001e-09,0.054967530100617834,8.937370761620099e-07,0.01611587843344335,9.409442735976002e-08,5.200379263362e-08,1.86724247890449e-05,9.349829711046598e-07,0.0013645878649051547,1.3399255782292e-07,0.049776787083278436,3.138610243731399e-07,0.7410590802942316,0.008020760194493576,4.227508423800001e-09,7.6328628107448e-07,1.7357315921433005e-07,7.791521708911752e-05,2.98517653902676e-06,0.0035226950727917385,1.9594031342846537e-05,0.06355556571119556,1.3751633162399919e-05,0.023979983565488753,1.2241689847620002e-08,4.193227560600001e-08,2.21400864206952e-06,3.2620161111946198e-06,0.00013395015380440005,0.00010999907669025224,0.003327423981005945,0.001186574733696825,0.01711430837180216,0.000758144102694267
161,275,0.0,0.0,0.0,0.0,1.0,0.0,0.0,0.0,0.0,0.0,0.0,0.0,0.0,0.0,0.0,0.0,0.0,0.0,0.0,0.0,0.0,0.0,0.0,0.0,0.0,0.0,0.0,0.0,0.0,0.0,0.0,0.0,0.0,0.0,0.0,0.0,0.0,0.0,0.0,0.0,0.0,0.0,0.0,0.0,0.0,0.0,0.0,0.0,0.0,0.0,0.0,0.0,0.0,0.0,0.0,0.0,0.0,0.0,0.0,0.0,0.0,0.0,0.0,0.0,0.0,0.0,0.0,0.0,0.0,0.0,0.0,0.0,0.0,0.0,0.0,0.0,0.0,0.0,0.0,0.0,0.0,0.0,0.0,0.0,0.0,0.0,0.0,0.0,0.0,0.0,0.0,0.0,0.0,0.0,0.0,0.0,0.0,0.0,0.0,0.0
162,276,0.0,0.0,0.0,0.01,0.01,0.97,0.0,0.0,0.0,0.0,0.0,0.0,0.0,0.0,0.01,0.0,0.0,0.0,0.0,0.0,0.0,0.0,0.0,0.0,0.0,0.0,0.0,0.0,0.0,0.0,0.0,0.0,0.0,0.0,0.0,0.0,0.0,0.0,0.0,0.0,0.0,0.0,0.0,0.0,0.0,0.0,0.0,0.0,0.0,0.0,0.0,0.0,0.0,0.0,0.0,0.0,0.0,0.0,0.0,0.0,0.0,0.0,0.0,0.0,0.0,0.0,0.0,0.0,0.0,0.0,0.0,0.0,0.0,0.0,0.0,0.0,0.0,0.0,0.0,0.0,0.0,0.0,0.0,0.0,0.0,0.0,0.0,0.0,0.0,0.0,0.0,0.0,0.0,0.0,0.0,0.0,0.0,0.0,0.0,0.0
163,277,0.0,0.0,0.0001,0.0002,0.0196,0.0194,0.9409,0.0,0.0,0.0,0.0,0.0,0.0,0.0002,0.0001,0.0194,0.0,0.0,0.0,0.0,0.0,0.0,0.0,0.0,0.0001,0.0,0.0,0.0,0.0,0.0,0.0,0.0,0.0,0.0,0.0,0.0,0.0,0.0,0.0,0.0,0.0,0.0,0.0,0.0,0.0,0.0,0.0,0.0,0.0,0.0,0.0,0.0,0.0,0.0,0.0,0.0,0.0,0.0,0.0,0.0,0.0,0.0,0.0,0.0,0.0,0.0,0.0,0.0,0.0,0.0,0.0,0.0,0.0,0.0,0.0,0.0,0.0,0.0,0.0,0.0,0.0,0.0,0.0,0.0,0.0,0.0,0.0,0.0,0.0,0.0,0.0,0.0,0.0,0.0,0.0,0.0,0.0,0.0,0.0,0.0
164,278,0.0,1.0000000000000002e-06,3.0000000000000005e-06,0.00020099999999999998,0.000393,0.009992999999999998,0.009602999999999999,0.009408999999999999,0.0,0.0,0.0,0.0,9.9e-05,0.000195,0.019208999999999997,0.018819000000000002,0.912867,0.0,0.0,0.0,0.0,0.0,0.0,0.000195,9.7e-05,0.018819000000000002,0.0,0.0,0.0,0.0,0.0,0.0,0.0,0.0,9.7e-05,0.0,0.0,0.0,0.0,0.0,0.0,0.0,0.0,0.0,0.0,0.0,0.0,0.0,0.0,0.0,0.0,0.0,0.0,0.0,0.0,0.0,0.0,0.0,0.0,0.0,0.0,0.0,0.0,0.0,0.0,0.0,0.0,0.0,0.0,0.0,0.0,0.0,0.0,0.0,0.0,0.0,0.0,0.0,0.0,0.0,0.0,0.0,0.0,0.0,0.0,0.0,0.0,0.0,0.0,0.0,0.0,0.0,0.0,0.0,0.0,0.0,0.0,0.0,0.0,0.0
165,279,1.0000000000000002e-08,4.000000000000001e-08,3.0399999999999997e-06,7.92e-06,0.00029796,0.00038808,0.00941872,0.00019011999999999998,9.408999999999999e-05,0.0,0.0,1.96e-06,4.860000000000001e-06,0.00039,0.00057232,0.01920216,0.009503099999999999,0.018255399999999998,0.0,0.0,0.0,0.0,9.797999999999998e-05,0.00019012,0.018823839999999998,0.0182554,0.88566918,0.0,0.0,0.0,0.0,0.0,0.0,0.00019012,9.409e-05,0.0182554,0.0,0.0,0.0,0.0,0.0,0.0,0.0,0.0,9.409e-05,0.0,0.0,0.0,0.0,0.0,0.0,0.0,0.0,0.0,0.0,0.0,0.0,0.0,0.0,0.0,0.0,0.0,0.0,0.0,0.0,0.0,0.0,0.0,0.0,0.0,0.0,0.0,0.0,0.0,0.0,0.0,0.0,0.0,0.0,0.0,0.0,0.0,0.0,0.0,0.0,0.0,0.0,0.0,0.0,0.0,0.0,0.0,0.0,0.0,0.0,0.0,0.0,0.0,0.0,0.0
166,280,6.000000000000001e-10,5.0499999999999996e-08,1.586e-07,6.989200000000001e-06,1.26628e-05,0.0002930692,0.00019500019999999998,0.00027958329999999996,2.8421e-06,9.408999999999999e-07,2.93e-08,8.740000000000001e-08,7.8482e-06,1.53554e-05,0.0006731812,0.0006597458,0.0183674258,0.00027944739999999997,0.00027382129999999993,0.0,0.0,2.881e-06,6.615400000000001e-06,0.0005694194,0.0007405465,0.027853579399999998,0.009400560999999998,0.026564429799999997,0.0,0.0,0.0,0.0,9.694179999999997e-05,0.0001853573,0.0184445209,0.0177086789,0.8592816585999999,0.0,0.0,0.0,0.0,0.0,0.0,0.0001853573,9.12673e-05,0.0177086789,0.0,0.0,0.0,0.0,0.0,0.0,0.0,0.0,9.12673e-05,0.0,0.0,0.0,0.0,0.0,0.0,0.0,0.0,0.0,0.0,0.0,0.0,0.0,0.0,0.0,0.0,0.0,0.0,0.0,0.0,0.0,0.0,0.0,0.0,0.0,0.0,0.0,0.0,0.0,0.0,0.0,0.0,0.0,0.0,0.0,0.0,0.0,0.0,0.0,0.0,0.0,0.0,0.0,0.0,0.0
167,281,8.1e-10,2.971e-09,1.5046500000000002e-07,3.5166e-07,9.859024e-06,1.1604780000000001e-05,0.00019135078500000002,7.5687300000000005e-06,5.571875999999999e-06,4.7239e-08,1.7490000000000003e-09,1.5657e-07,3.74424e-07,1.9284012e-05,2.6439393e-05,0.000753218988,0.000292547736,0.00072325257,5.551311e-06,3.6508859999999993e-06,5.7231000000000005e-08,1.5093200000000002e-07,1.4305176000000001e-05,2.421993e-05,0.001121660961,0.00091845129,0.026953399704,0.00036506958799999997,0.0005312509589999999,0.0,0.0,3.7639879999999995e-06,8.270511000000002e-06,0.000739605018,0.00089818314,0.035972320601999994,0.009295630958999998,0.034360313492,0.0,0.0,0.0,0.0,9.588711899999996e-05,0.000180709254,0.018071038308000005,0.017178331206,0.8336802956309999,0.0,0.0,0.0,0.0,0.0,0.0,0.000180709254,8.8529281e-05,0.017178331206,0.0,0.0,0.0,0.0,0.0,0.0,0.0,0.0,8.8529281e-05,0.0,0.0,0.0,0.0,0.0,0.0,0.0,0.0,0.0,0.0,0.0,0.0,0.0,0.0,0.0,0.0,0.0,0.0,0.0,0.0,0.0,0.0,0.0,0.0,0.0,0.0,0.0,0.0,0.0,0.0,0.0,0.0,0.0,0.0,0.0
168,282,6.340000000000001e-11,3.10816e-09,8.795200000000001e-09,2.9645161e-07,4.8254857e-07,9.66033577e-06,5.03072031e-06,9.27743961e-06,1.8739156e-07,9.317239999999998e-08,2.9412e-09,8.15292e-09,4.8340863e-07,8.514476699999999e-07,2.850489289e-05,2.3631020790000002e-05,0.00046990897407,1.397335445e-05,1.7986263869999998e-05,1.378438e-07,3.7781600000000005e-09,3.3313685e-07,6.896050099999999e-07,3.746120319e-05,4.405475481e-05,0.0013710962310299999,0.00038956282228999996,0.00132000463445,9.035467549999999e-06,8.853869009999998e-06,9.315394999999999e-08,2.2910915e-07,2.226858197e-05,3.436496115e-05,0.0016358407714500002,0.00116461920435,0.03518492701013,0.00044707380994999995,0.0008589165651499999,0.0,0.0,4.609939549999999e-06,9.829488210000002e-06,0.0009008932142700001,0.00104571334321,0.04358244763538999,0.009188545342289998,0.04166630704355,0.0,0.0,0.0,0.0,9.481759796999996e-05,0.00017617326918999997,0.017703382856170007,0.01666386656263,0.8088416700741299,0.0,0.0,0.0,0.0,0.0,0.0,0.00017617326918999997,8.587340257e-05,0.01666386656263,0.0,0.0,0.0,0.0,0.0,0.0,0.0,0.0,8.587340257e-05,0.0,0.0,0.0,0.0,0.0,0.0,0.0,0.0,0.0,0.0,0.0,0.0,0.0,0.0,0.0,0.0,0.0,0.0,0.0,0.0,0.0,0.0,0.0,0.0,0.0
169,283,6.176160000000001e-11,2.011968e-10,7.917636e-09,1.63924305e-08,3.8944228840000005e-07,3.8804625440000003e-07,4.9387746976e-06,2.8468905930000003e-07,2.754426744e-07,5.115801599999999e-09,2.1022079999999997e-10,1.1209782e-08,2.40234e-08,9.520531088000001e-07,1.1534443456e-06,2.80656266768e-05,9.151470676e-06,2.7078115145600002e-05,4.1323647119999996e-07,3.601569947999999e-07,7.1536535999999995e-09,1.7133255599999997e-08,1.0695355912e-06,1.6169974496000001e-06,5.809372816e-05,3.8904457980800004e-05,0.000834571983604,2.20108748144e-05,3.932442663999999e-05,3.1260185159999994e-07,6.887446200000001e-09,5.928594992e-07,1.1131524447999998e-06,6.192739277120001e-05,6.51800872528e-05,0.0021339954982687996,0.0004858783211871999,0.0020575060016048,1.3235141622999999e-05,1.7177418591199997e-05,1.3645872699999998e-07,3.2053075760000004e-07,3.1603732028800006e-05,4.5651173321600006e-05,0.0022086327853648004,0.0013986618807007999,0.0430702834473568,0.0005255470490743999,0.0012498121386309998,0.0,0.0,5.419817343199999e-06,1.12963362556e-05,0.0010536101550752003,0.0011836010752576,0.050707063401257586,0.0090795276476476,0.048504734532984796,0.0,0.0,0.0,0.0,9.373480272279995e-05,0.00017174680513999996,0.017341540502828805,0.016164809299776803,0.7847430586375322,0.0,0.0,0.0,0.0,0.0,0.0,0.00017174680513999996,8.329720049289999e-05,0.016164809299776803,0.0,0.0,0.0,0.0,0.0,0.0,0.0,0.0,8.329720049289999e-05,0.0,0.0,0.0,0.0,0.0,0.0,0.0,0.0,0.0,0.0,0.0,0.0,0.0,0.0,0.0
170,285,4.50247896e-12,1.806972633e-11,6.0960158118e-10,1.2405524076400002e-09,2.9309965513540003e-08,3.24285286217e-08,4.692960195326201e-07,1.5247550529652e-07,3.2550760464353995e-07,1.597866413985e-08,1.375482114e-11,7.9598567136e-10,1.5416266269000003e-09,6.113714133381e-08,7.316823317134e-08,1.9265654820972003e-06,9.9328760998378e-07,1.3845539373682532e-05,5.8196740773036e-07,9.313493535040799e-07,4.2631379742e-10,1.32428123388e-09,6.815286209016e-08,9.832859769405e-08,3.6617222998899607e-06,2.8350596370532794e-06,6.927976425840767e-05,1.424397203723673e-05,5.4644821461096655e-05,1.6299363630550797e-06,5.709244052399999e-10,4.340138907102e-08,7.400567009154e-08,3.874717774189921e-06,4.096435801643521e-06,0.00014107936261892592,6.179030485990218e-05,0.00127419807904099,3.084381240638159e-05,7.013786600420164e-05,1.158788752212e-08,3.19866104967e-08,2.2899735303431403e-06,3.1042635052879198e-06,0.00014985407503272192,0.00010941426383982745,0.0034871794198303952,0.0005704018234623626,0.0028542873989304968,4.584223552026509e-05,6.2169205371e-09,6.742113691102802e-07,1.1339161793313601e-06,8.21625303011484e-05,8.64374059447153e-05,0.0038585531093529636,0.0016738590139976019,0.04969437597762342,0.0005827395722349352,0.001646735768382058,6.381133988753998e-08,1.309879241676e-07,1.9337689385045284e-05,2.767133708608386e-05,0.0019340022528521118,0.0015356275218574595,0.06431606683175688,0.008705731973020247,0.05326708604206748,0.0,0.0,9.883479754264796e-07,1.8010228721006095e-06,0.0002733709425449268,0.00033314243033421214,0.024820042621652234,0.015299964952116935,0.7390705127530955,0.0,0.0,0.0,0.0,2.6006759968324493e-06,2.4822565746884194e-06,0.000489874442781653,0.00023518131587165386,0.022823901202718815,0.0,0.0,0.0,0.0,0.0,0.0,2.4822565746884194e-06,1.6159656895622599e-06,0.00023518131587165386,0.0,0.0,0.0,0.0
171,286,0.0,0.0,0.0,0.0,0.0,0.0,0.0,0.0,0.0,0.0,0.0,0.0,0.0,0.0,0.0,0.0,0.0,0.0,0.0,0.0,0.0,0.0,0.0,0.0,0.0,0.0,0.0,0.0,0.0,0.0,0.0,0.0,0.0,0.0,1.0,0.0,0.0,0.0,0.0,0.0,0.0,0.0,0.0,0.0,0.0,0.0,0.0,0.0,0.0,0.0,0.0,0.0,0.0,0.0,0.0,0.0,0.0,0.0,0.0,0.0,0.0,0.0,0.0,0.0,0.0,0.0,0.0,0.0,0.0,0.0,0.0,0.0,0.0,0.0,0.0,0.0,0.0,0.0,0.0,0.0,0.0,0.0,0.0,0.0,0.0,0.0,0.0,0.0,0.0,0.0,0.0,0.0,0.0,0.0,0.0,0.0,0.0,0.0,0.0,0.0
172,287,0.0,0.0,0.0,0.0,0.0,0.0,0.0,0.0,0.0,0.0,0.0,0.0,0.0,0.0,0.0,0.0,0.0,0.0,0.0,0.0,0.0,0.0,0.0,0.0,0.01,0.0,0.0,0.0,0.0,0.0,0.0,0.0,0.0,0.01,0.0,0.97,0.0,0.0,0.0,0.0,0.0,0.0,0.0,0.0,0.01,0.0,0.0,0.0,0.0,0.0,0.0,0.0,0.0,0.0,0.0,0.0,0.0,0.0,0.0,0.0,0.0,0.0,0.0,0.0,0.0,0.0,0.0,0.0,0.0,0.0,0.0,0.0,0.0,0.0,0.0,0.0,0.0,0.0,0.0,0.0,0.0,0.0,0.0,0.0,0.0,0.0,0.0,0.0,0.0,0.0,0.0,0.0,0.0,0.0,0.0,0.0,0.0,0.0,0.0,0.0
173,288,0.0,0.0,0.0,0.0,0.0,0.0,0.0,0.0,0.0,0.0,0.0,0.0,0.0,0.0,0.0001,0.0,0.0,0.0,0.0,0.0,0.0,0.0,0.0,0.0002,0.0,0.0098,0.0,0.0,0.0,0.0,0.0,0.0,0.0001,0.0,0.0196,0.0,0.0097,0.0,0.0,0.0,0.0,0.0,0.0,0.0098,0.0,0.941,0.0,0.0,0.0,0.0,0.0,0.0,0.0,0.0,0.0097,0.0,0.0,0.0,0.0,0.0,0.0,0.0,0.0,0.0,0.0,0.0,0.0,0.0,0.0,0.0,0.0,0.0,0.0,0.0,0.0,0.0,0.0,0.0,0.0,0.0,0.0,0.0,0.0,0.0,0.0,0.0,0.0,0.0,0.0,0.0,0.0,0.0,0.0,0.0,0.0,0.0,0.0,0.0,0.0,0.0
174,289,0.0,0.0,0.0,0.0,1.0000000000000002e-06,0.0,0.0,0.0,0.0,0.0,0.0,0.0,0.0,3.0000000000000005e-06,0.0,0.000195,0.0,0.0,0.0,0.0,0.0,0.0,3.0000000000000005e-06,0.0,0.000489,0.0,0.009602999999999999,0.0,0.0,0.0,0.0,1.0000000000000002e-06,0.0,0.00039299999999999996,0.0,0.028616999999999997,0.0,0.009409,0.0,0.0,0.0,0.0,9.9e-05,0.0,0.019208999999999997,0.0,0.912867,0.0,0.0,0.0,0.0,0.0,0.0,0.000195,0.0,0.018819000000000002,0.0,0.0,0.0,0.0,0.0,0.0,0.0,0.0,9.7e-05,0.0,0.0,0.0,0.0,0.0,0.0,0.0,0.0,0.0,0.0,0.0,0.0,0.0,0.0,0.0,0.0,0.0,0.0,0.0,0.0,0.0,0.0,0.0,0.0,0.0,0.0,0.0,0.0,0.0,0.0,0.0,0.0,0.0,0.0,0.0
175,290,0.0,0.0,0.0,4.000000000000001e-08,1.0000000000000002e-08,1.96e-06,0.0,0.0,0.0,0.0,0.0,0.0,6.000000000000001e-08,0.0,7.84e-06,0.0,9.797999999999998e-05,0.0,0.0,0.0,0.0,4.000000000000001e-08,0.0,1.176e-05,0.0,0.00057624,0.0,0.00019012,0.0,0.0,1.0000000000000002e-08,0.0,7.840000000000001e-06,0.0,0.00095652,0.0,0.01882384,0.0,9.409000000000002e-05,0.0,0.0,1.96e-06,0.0,0.0005762399999999999,0.0,0.03726743999999999,0.0,0.018255399999999998,0.0,0.0,0.0,0.0,9.797999999999998e-05,0.0,0.018823839999999998,0.0,0.88566918,0.0,0.0,0.0,0.0,0.0,0.0,0.00019012,0.0,0.0182554,0.0,0.0,0.0,0.0,0.0,0.0,0.0,0.0,9.409e-05,0.0,0.0,0.0,0.0,0.0,0.0,0.0,0.0,0.0,0.0,0.0,0.0,0.0,0.0,0.0,0.0,0.0,0.0,0.0,0.0,0.0,0.0,0.0,0.0,0.0
176,291,0.0,0.0,1.0000000000000003e-09,5.000000000000001e-10,9.85e-08,1.97e-08,9.994e-07,0.0,0.0,0.0,0.0,1.0000000000000003e-09,0.0,2.354e-07,9.700000000000001e-09,8.7218e-06,0.0,2.881e-06,0.0,0.0,5.000000000000001e-10,0.0,2.546e-07,0.0,2.3049999999999998e-05,0.0,0.00029094259999999997,0.0,2.8421000000000003e-06,0.0,1.0000000000000002e-10,1.3690000000000001e-07,0.0,2.6813199999999996e-05,0.0,0.0011294308000000001,0.0,0.0005561496999999999,0.0,9.409000000000002e-07,2.93e-08,0.0,1.43666e-05,0.0,0.0014944996,0.0,0.027671045000000002,0.0,0.0002738213,0.0,0.0,2.881e-06,0.0,0.0007500721999999998,0.0,0.045376901,0.0,0.026564429799999997,0.0,0.0,0.0,0.0,9.694179999999997e-05,0.0,0.0184445209,0.0,0.8592816585999999,0.0,0.0,0.0,0.0,0.0,0.0,0.0001853573,0.0,0.0177086789,0.0,0.0,0.0,0.0,0.0,0.0,0.0,0.0,9.12673e-05,0.0,0.0,0.0,0.0,0.0,0.0,0.0,0.0,0.0,0.0,0.0,0.0,0.0,0.0,0.0
177,292,0.0,2.0000000000000005e-11,1.5000000000000003e-11,3.3539999999999998e-09,1.2840000000000001e-09,9.839400000000001e-08,1.0191e-08,3.8804e-08,0.0,0.0,1.5000000000000003e-11,0.0,5.88e-09,5.820000000000001e-10,4.15617e-07,1.9206e-08,3.994872e-06,0.0,5.7231000000000005e-08,0.0,6.000000000000002e-12,4.890000000000001e-09,0.0,7.295159999999999e-07,9.409e-09,2.289438e-05,0.0,1.1293914e-05,0.0,3.783e-08,2.1480000000000004e-09,1.0000000000000002e-12,6.601289999999999e-07,0.0,4.8865936e-05,0.0,0.000575780577,0.0,1.1065955999999998e-05,9.409000000000002e-09,3.9000000000000005e-10,3.05562e-07,0.0,4.8598188e-05,0.0,0.0018409723320000002,0.0,0.00108455817,0.0,3.650886e-06,5.7231000000000005e-08,0.0,2.2434552e-05,0.0,0.002095379553,0.0,0.036153143543999997,0.0,0.000531250959,0.0,0.0,3.7639879999999995e-06,0.0,0.0009148382339999999,0.0,0.052969942554,0.0,0.034360313492,0.0,0.0,0.0,0.0,9.588711899999996e-05,0.0,0.018071038308000005,0.0,0.8336802956309999,0.0,0.0,0.0,0.0,0.0,0.0,0.000180709254,0.0,0.017178331206,0.0,0.0,0.0,0.0,0.0,0.0,0.0,0.0,8.8529281e-05,0.0,0.0,0.0,0.0,0.0
178,295,4.647600000000001e-14,5.209800000000002e-14,8.487864000000001e-12,5.6610720000000006e-12,5.4597288e-10,2.16910224e-10,1.1678081976e-08,2.048948238e-09,4.2010161966e-08,1.4018021939999999e-09,4.504200000000001e-14,1.1158584e-11,2.351448e-12,1.225052184e-09,1.9079092800000001e-10,4.9834687512e-08,4.260074964e-09,5.477846273520001e-07,1.076906397e-08,1.8563799627600002e-07,7.187760000000001e-12,6.782640000000001e-13,1.3361935919999999e-09,1.7702829000000002e-11,9.2817468612e-08,1.20516906e-09,2.273723378808e-06,1.7820299037e-08,9.934260637487999e-06,2.6666182506e-07,3.292752e-12,9.146818080000001e-10,1.0505781e-11,1.0342443536399998e-07,1.95569266e-10,4.686563773092e-06,8.951601253e-09,6.3427943403504e-05,1.05636583665e-07,2.6634667121616e-05,3.57492528e-10,3.7441572e-11,7.0778803992e-08,6.473586e-12,5.4386209221480006e-06,1.7893095300000002e-10,0.00015873771559970397,3.5506743299999995e-10,0.0009285689193577439,2.5521825712547993e-05,9.074840399999998e-11,2.8271264087999997e-08,3.61588356e-10,3.634427390807999e-06,9.126730000000001e-13,0.00019608432301653598,0.0,0.0034547943231021355,5.033601566243999e-06,0.0016789634644607874,5.529051725999999e-09,5.49704436e-10,1.3277826838319998e-06,0.0,0.000124999701418896,0.0,0.004764741554699447,0.0,0.04252114373240944,0.0008083263657719878,4.797198059999999e-10,2.2464964183799993e-07,0.0,3.7908448696271995e-05,8.852928100000001e-11,0.0027585185963089434,0.0,0.07388753754982767,0.0,0.039220492164026996,1.0413063101999994e-08,0.0,3.97079521458e-06,4.462970970000001e-10,0.0005569075738304161,3.4441541000999996e-08,0.03401181053504178,0.0,0.7618475396210501,0.0,0.0,3.7041840467999994e-08,5.3303753892000003e-08,1.0658128038468002e-05,1.0212490521777002e-05,0.0010085580222608042,0.000484961462800548,0.03137472707892104,0.0,0.0
179,297,0.0,0.0,0.0,0.0,0.0,0.0,0.0,0.0,0.0,0.0,0.0,0.0,0.0,0.0,0.0,0.0,0.0,0.0,0.0,0.0,0.0,0.0,0.0,0.0,0.0,0.0,0.0,0.0,0.0,0.0,0.0,0.0,0.0,0.0,0.0,0.0,0.0,0.0,0.0,0.0,0.0,0.0,0.0,0.0,1.0,0.0,0.0,0.0,0.0,0.0,0.0,0.0,0.0,0.0,0.0,0.0,0.0,0.0,0.0,0.0,0.0,0.0,0.0,0.0,0.0,0.0,0.0,0.0,0.0,0.0,0.0,0.0,0.0,0.0,0.0,0.0,0.0,0.0,0.0,0.0,0.0,0.0,0.0,0.0,0.0,0.0,0.0,0.0,0.0,0.0,0.0,0.0,0.0,0.0,0.0,0.0,0.0,0.0,0.0,0.0
180,298,0.0,0.0,0.0,0.0,0.0,0.0,0.0,0.0,0.0,0.0,0.0,0.0,0.0,0.0,0.0,0.0,0.0,0.0,0.0,0.0,0.0,0.0,0.0,0.0,0.0,0.0,0.0,0.0,0.0,0.0,0.0,0.0,0.0,0.0,0.01,0.0,0.0,0.0,0.0,0.0,0.0,0.0,0.0,0.01,0.0,0.97,0.0,0.0,0.0,0.0,0.0,0.0,0.0,0.0,0.01,0.0,0.0,0.0,0.0,0.0,0.0,0.0,0.0,0.0,0.0,0.0,0.0,0.0,0.0,0.0,0.0,0.0,0.0,0.0,0.0,0.0,0.0,0.0,0.0,0.0,0.0,0.0,0.0,0.0,0.0,0.0,0.0,0.0,0.0,0.0,0.0,0.0,0.0,0.0,0.0,0.0,0.0,0.0,0.0,0.0
181,299,0.0,0.0,0.0,0.0,0.0,0.0,0.0,0.0,0.0,0.0,0.0,0.0,0.0,0.0,0.0,0.0,0.0,0.0,0.0,0.0,0.0,0.0,0.0,0.0,0.0001,0.0,0.0,0.0,0.0,0.0,0.0,0.0,0.0,0.0002,0.0,0.0194,0.0,0.0,0.0,0.0,0.0,0.0,0.0001,0.0,0.0196,0.0,0.9409,0.0,0.0,0.0,0.0,0.0,0.0,0.0002,0.0,0.0194,0.0,0.0,0.0,0.0,0.0,0.0,0.0,0.0,0.0001,0.0,0.0,0.0,0.0,0.0,0.0,0.0,0.0,0.0,0.0,0.0,0.0,0.0,0.0,0.0,0.0,0.0,0.0,0.0,0.0,0.0,0.0,0.0,0.0,0.0,0.0,0.0,0.0,0.0,0.0,0.0,0.0,0.0,0.0,0.0
182,300,0.0,0.0,0.0,0.0,0.0,0.0,0.0,0.0,0.0,0.0,0.0,0.0,0.0,0.0,1.0000000000000002e-06,0.0,0.0,0.0,0.0,0.0,0.0,0.0,0.0,3.0000000000000005e-06,0.0,0.000195,0.0,0.0,0.0,0.0,0.0,0.0,3.0000000000000005e-06,0.0,0.000489,0.0,0.009602999999999999,0.0,0.0,0.0,0.0,1.0000000000000002e-06,0.0,0.00039299999999999996,0.0,0.028617,0.0,0.009408999999999999,0.0,0.0,0.0,0.0,9.9e-05,0.0,0.019208999999999997,0.0,0.912867,0.0,0.0,0.0,0.0,0.0,0.0,0.000195,0.0,0.018819000000000002,0.0,0.0,0.0,0.0,0.0,0.0,0.0,0.0,9.7e-05,0.0,0.0,0.0,0.0,0.0,0.0,0.0,0.0,0.0,0.0,0.0,0.0,0.0,0.0,0.0,0.0,0.0,0.0,0.0,0.0,0.0,0.0,0.0,0.0,0.0
183,301,0.0,0.0,0.0,0.0,1.0000000000000002e-08,0.0,0.0,0.0,0.0,0.0,0.0,0.0,0.0,4.000000000000001e-08,0.0,1.96e-06,0.0,0.0,0.0,0.0,0.0,0.0,6.000000000000001e-08,0.0,7.84e-06,0.0,9.797999999999998e-05,0.0,0.0,0.0,0.0,4.000000000000001e-08,0.0,1.176e-05,0.0,0.00057624,0.0,0.00019011999999999998,0.0,0.0,1.0000000000000002e-08,0.0,7.840000000000001e-06,0.0,0.00095652,0.0,0.01882384,0.0,9.408999999999999e-05,0.0,0.0,1.96e-06,0.0,0.0005762399999999999,0.0,0.03726744,0.0,0.018255399999999998,0.0,0.0,0.0,0.0,9.797999999999998e-05,0.0,0.018823839999999998,0.0,0.88566918,0.0,0.0,0.0,0.0,0.0,0.0,0.00019012,0.0,0.0182554,0.0,0.0,0.0,0.0,0.0,0.0,0.0,0.0,9.409e-05,0.0,0.0,0.0,0.0,0.0,0.0,0.0,0.0,0.0,0.0,0.0,0.0,0.0,0.0,0.0
184,308,0.0,0.0,0.0,0.0,0.0,0.0,0.0,0.0,0.0,0.0,0.0,0.0,0.0,0.0,0.0,0.0,0.0,0.0,0.0,0.0,0.0,0.0,0.0,0.0,0.0,0.0,0.0,0.0,0.0,0.0,0.0,0.0,0.0,0.0,0.0,0.0,0.0,0.0,0.0,0.0,0.0,0.0,0.0,0.0,0.0,0.0,0.0,0.0,0.0,0.0,0.0,0.0,0.0,0.0,0.0,0.0,0.0,0.0,0.0,0.0,0.0,0.0,0.0,0.0,1.0,0.0,0.0,0.0,0.0,0.0,0.0,0.0,0.0,0.0,0.0,0.0,0.0,0.0,0.0,0.0,0.0,0.0,0.0,0.0,0.0,0.0,0.0,0.0,0.0,0.0,0.0,0.0,0.0,0.0,0.0,0.0,0.0,0.0,0.0,0.0
185,309,0.0,0.0,0.0,0.0,0.0,0.0,0.0,0.0,0.0,0.0,0.0,0.0,0.0,0.0,0.0,0.0,0.0,0.0,0.0,0.0,0.0,0.0,0.0,0.0,0.0,0.0,0.0,0.0,0.0,0.0,0.0,0.0,0.0,0.0,0.0,0.0,0.0,0.0,0.0,0.0,0.0,0.0,0.0,0.0,0.0,0.0,0.0,0.0,0.0,0.0,0.0,0.0,0.0,0.0,0.01,0.0,0.0,0.0,0.0,0.0,0.0,0.0,0.0,0.01,0.0,0.97,0.0,0.0,0.0,0.0,0.0,0.0,0.0,0.0,0.01,0.0,0.0,0.0,0.0,0.0,0.0,0.0,0.0,0.0,0.0,0.0,0.0,0.0,0.0,0.0,0.0,0.0,0.0,0.0,0.0,0.0,0.0,0.0,0.0,0.0
186,310,0.0,0.0,0.0,0.0,0.0,0.0,0.0,0.0,0.0,0.0,0.0,0.0,0.0,0.0,0.0,0.0,0.0,0.0,0.0,0.0,0.0,0.0,0.0,0.0,0.0,0.0,0.0,0.0,0.0,0.0,0.0,0.0,0.0,0.0,0.0,0.0,0.0,0.0,0.0,0.0,0.0,0.0,0.0,0.0,0.0001,0.0,0.0,0.0,0.0,0.0,0.0,0.0,0.0,0.0002,0.0,0.0194,0.0,0.0,0.0,0.0,0.0,0.0,0.0001,0.0,0.0196,0.0,0.9409,0.0,0.0,0.0,0.0,0.0,0.0,0.0002,0.0,0.0194,0.0,0.0,0.0,0.0,0.0,0.0,0.0,0.0,0.0001,0.0,0.0,0.0,0.0,0.0,0.0,0.0,0.0,0.0,0.0,0.0,0.0,0.0,0.0,0.0
187,311,0.0,0.0,0.0,0.0,0.0,0.0,0.0,0.0,0.0,0.0,0.0,0.0,0.0,0.0,0.0,0.0,0.0,0.0,0.0,0.0,0.0,0.0,0.0,0.0,0.0,0.0,0.0,0.0,0.0,0.0,0.0,0.0,0.0,0.0,1.0000000000000002e-06,0.0,0.0,0.0,0.0,0.0,0.0,0.0,0.0,3.0000000000000005e-06,0.0,0.000195,0.0,0.0,0.0,0.0,0.0,0.0,3.0000000000000005e-06,0.0,0.000489,0.0,0.009602999999999999,0.0,0.0,0.0,0.0,1.0000000000000002e-06,0.0,0.00039299999999999996,0.0,0.028617,0.0,0.009408999999999999,0.0,0.0,0.0,0.0,9.9e-05,0.0,0.019208999999999997,0.0,0.912867,0.0,0.0,0.0,0.0,0.0,0.0,0.000195,0.0,0.018819000000000002,0.0,0.0,0.0,0.0,0.0,0.0,0.0,0.0,9.7e-05,0.0,0.0,0.0,0.0,0.0
188,312,0.0,0.0,0.0,0.0,0.0,0.0,0.0,0.0,0.0,0.0,0.0,0.0,0.0,0.0,0.0,0.0,0.0,0.0,0.0,0.0,0.0,0.0,0.0,0.0,1.0000000000000002e-08,0.0,0.0,0.0,0.0,0.0,0.0,0.0,0.0,4.000000000000001e-08,0.0,2.92e-06,0.0,0.0,0.0,0.0,0.0,0.0,6.000000000000001e-08,0.0,9.76e-06,0.0,0.00028518,0.0,0.0,0.0,0.0,4.000000000000001e-08,0.0,1.1760000000000001e-05,0.0,0.00085848,0.0,0.009408999999999999,0.0,0.0,1.0000000000000002e-08,0.0,5.919999999999999e-06,0.0,0.00086436,0.0,0.037077280000000004,0.0,0.00912673,0.0,0.0,1e-06,0.0,0.000294,0.0,0.028235759999999995,0.0,0.88557508,0.0,0.0,0.0,0.0,2.94e-06,0.0,0.0005704,0.0,0.0273831,0.0,0.0,0.0,0.0,0.0,0.0,2.92e-06,9.7e-07,0.00028228000000000004,0.0,0.0,0.0,0.0
189,313,0.0,0.0,0.0,0.0,0.0,0.0,0.0,0.0,0.0,0.0,0.0,0.0,0.0,0.0,1.0000000000000002e-10,0.0,0.0,0.0,0.0,0.0,0.0,0.0,0.0,5.000000000000001e-10,0.0,3.89e-08,0.0,0.0,0.0,0.0,0.0,0.0,1.0000000000000003e-09,0.0,1.657e-07,0.0,5.6842e-06,0.0,0.0,0.0,0.0,1.0000000000000003e-09,0.0,2.738e-07,0.0,2.0932999999999998e-05,0.0,0.00037071459999999995,0.0,0.0,5.000000000000001e-10,0.0,2.162e-07,0.0,2.87332e-05,0.0,0.0013004402,0.0,0.0092179973,0.0,1.0000000000000002e-10,7.929999999999999e-08,0.0,1.74436e-05,0.0,0.0015001443999999998,0.0,0.045006069700000005,0.0,0.008852928099999999,1.01e-08,0.0,3.9986e-06,0.0,0.0005818851999999999,0.0,0.036889041799999994,0.0,0.8590990948999999,0.0,0.0,3.9399999999999995e-08,0.0,1.1524999999999999e-05,9.700000000000001e-09,0.0011122993999999999,0.0,0.0354173578,0.0,0.0,0.0,0.0,5.8599999999999995e-08,3.89e-08,1.13689e-05,3.7637e-06,0.0005476426000000001,0.0,0.0,0.0
190,314,0.0,0.0,0.0,0.0,1.0000000000000002e-12,0.0,0.0,0.0,0.0,0.0,0.0,0.0,0.0,6.000000000000002e-12,0.0,3.9e-10,0.0,0.0,0.0,0.0,0.0,0.0,1.5000000000000003e-11,0.0,2.1480000000000004e-09,0.0,5.7231e-08,0.0,0.0,0.0,0.0,2.0000000000000005e-11,0.0,4.89e-09,0.0,3.0556199999999994e-07,0.0,3.7639879999999995e-06,0.0,0.0,1.5000000000000003e-11,0.0,5.88e-09,0.0,6.60129e-07,0.0,2.2434552000000002e-05,0.0,9.588711899999998e-05,0.0,6.000000000000002e-12,3.9299999999999995e-09,0.0,7.29516e-07,0.0,4.8598188e-05,0.0,0.000914838234,0.0,0.000180709254,1.38e-09,1.0000000000000002e-12,4.2492900000000006e-07,0.0,4.8865936e-05,0.0,0.002095379553,0.0,0.018071038307999998,8.8529281e-05,1.9800000000000001e-10,1.1740199999999998e-07,0.0,2.289438e-05,9.700000000000001e-11,0.0018409723319999997,0.0,0.052969942554,0.0,0.017178331206,1.0191e-08,0.0,3.9948720000000006e-06,4.86e-10,0.0005757805769999999,3.7734e-08,0.036153143544,0.0,0.833680295631,0.0,0.0,3.8803999999999995e-08,5.723099999999999e-08,1.1331257999999998e-05,1.1075268000000001e-05,0.001088171322,0.000531250959,0.034360313492,0.0,0.0
191,317,0.0,0.0,0.0,0.0,0.0,0.0,0.0,0.0,0.0,0.0,0.0,0.0,0.0,0.0,0.0,0.0,0.0,0.0,0.0,0.0,0.0,0.0,0.0,0.0,0.0,0.0,0.0,0.0,0.0,0.0,0.0,0.0,0.0,0.0,0.0,0.0,0.0,0.0,0.0,0.0,0.0,0.0,0.0,0.0,0.0,0.0,0.0,0.0,0.0,0.0,0.0,0.0,0.0,0.0,0.0,0.0,0.0,0.0,0.0,0.0,0.0,0.0,0.0,0.0,0.0,0.0,0.0,0.0,0.0,0.0,0.0,0.0,0.0,0.0,1.0,0.0,0.0,0.0,0.0,0.0,0.0,0.0,0.0,0.0,0.0,0.0,0.0,0.0,0.0,0.0,0.0,0.0,0.0,0.0,0.0,0.0,0.0,0.0,0.0,0.0
192,318,0.0,0.0,0.0,0.0,0.0,0.0,0.0,0.0,0.0,0.0,0.0,0.0,0.0,0.0,0.0,0.0,0.0,0.0,0.0,0.0,0.0,0.0,0.0,0.0,0.0,0.0,0.0,0.0,0.0,0.0,0.0,0.0,0.0,0.0,0.0,0.0,0.0,0.0,0.0,0.0,0.0,0.0,0.0,0.0,0.0,0.0,0.0,0.0,0.0,0.0,0.0,0.0,0.0,0.0,0.0,0.0,0.0,0.0,0.0,0.0,0.0,0.0,0.0,0.0,0.01,0.0,0.0,0.0,0.0,0.0,0.0,0.0,0.0,0.01,0.0,0.97,0.0,0.0,0.0,0.0,0.0,0.0,0.0,0.0,0.01,0.0,0.0,0.0,0.0,0.0,0.0,0.0,0.0,0.0,0.0,0.0,0.0,0.0,0.0,0.0
193,319,0.0,0.0,0.0,0.0,0.0,0.0,0.0,0.0,0.0,0.0,0.0,0.0,0.0,0.0,0.0,0.0,0.0,0.0,0.0,0.0,0.0,0.0,0.0,0.0,0.0,0.0,0.0,0.0,0.0,0.0,0.0,0.0,0.0,0.0,0.0,0.0,0.0,0.0,0.0,0.0,0.0,0.0,0.0,0.0,0.0,0.0,0.0,0.0,0.0,0.0,0.0,0.0,0.0,0.0,0.0001,0.0,0.0,0.0,0.0,0.0,0.0,0.0,0.0,0.0002,0.0,0.0194,0.0,0.0,0.0,0.0,0.0,0.0,0.0001,0.0,0.0196,0.0,0.9409,0.0,0.0,0.0,0.0,0.0,0.0,0.0002,0.0,0.0194,0.0,0.0,0.0,0.0,0.0,0.0,0.0,0.0,0.0001,0.0,0.0,0.0,0.0,0.0
194,320,0.0,0.0,0.0,0.0,0.0,0.0,0.0,0.0,0.0,0.0,0.0,0.0,0.0,0.0,0.0,0.0,0.0,0.0,0.0,0.0,0.0,0.0,0.0,0.0,0.0,0.0,0.0,0.0,0.0,0.0,0.0,0.0,0.0,0.0,0.0,0.0,0.0,0.0,0.0,0.0,0.0,0.0,0.0,0.0,1.0000000000000002e-06,0.0,0.0,0.0,0.0,0.0,0.0,0.0,0.0,3.0000000000000005e-06,0.0,0.000291,0.0,0.0,0.0,0.0,0.0,0.0,3.0000000000000005e-06,0.0,0.000585,0.0,0.028227000000000002,0.0,0.0,0.0,0.0,1.0000000000000002e-06,0.0,0.00029699999999999996,0.0,0.028808999999999994,0.0,0.912673,0.0,0.0,0.0,0.0,3.0000000000000005e-06,0.0,0.000585,0.0,0.028227000000000002,0.0,0.0,0.0,0.0,0.0,0.0,3.0000000000000005e-06,1.0000000000000002e-06,0.000291,0.0,0.0,0.0,0.0
195,321,0.0,0.0,0.0,0.0,0.0,0.0,0.0,0.0,0.0,0.0,0.0,0.0,0.0,0.0,0.0,0.0,0.0,0.0,0.0,0.0,0.0,0.0,0.0,0.0,0.0,0.0,0.0,0.0,0.0,0.0,0.0,0.0,0.0,0.0,1.0000000000000002e-08,0.0,0.0,0.0,0.0,0.0,0.0,0.0,0.0,4.000000000000001e-08,0.0,3.88e-06,0.0,0.0,0.0,0.0,0.0,0.0,6.000000000000001e-08,0.0,1.1680000000000002e-05,0.0,0.0005645400000000001,0.0,0.0,0.0,0.0,4.000000000000001e-08,0.0,1.176e-05,0.0,0.00114072,0.0,0.03650692,0.0,0.0,1.0000000000000002e-08,0.0,3.999999999999999e-06,0.0,0.0005878799999999998,0.0,0.037635999999999996,0.0,0.8852928099999999,0.0,0.0,4.000000000000001e-08,0.0,1.176e-05,1.0000000000000002e-08,0.00114072,0.0,0.03650692,0.0,0.0,0.0,0.0,6.000000000000001e-08,4.000000000000001e-08,1.1680000000000002e-05,3.88e-06,0.0005645400000000001,0.0,0.0,0.0
196,322,0.0,0.0,0.0,0.0,0.0,0.0,0.0,0.0,0.0,0.0,0.0,0.0,0.0,0.0,0.0,0.0,0.0,0.0,0.0,0.0,0.0,0.0,0.0,0.0,1.0000000000000002e-10,0.0,0.0,0.0,0.0,0.0,0.0,0.0,0.0,5.000000000000001e-10,0.0,3.8900000000000004e-08,0.0,0.0,0.0,0.0,0.0,0.0,1.0000000000000003e-09,0.0,1.657e-07,0.0,5.684200000000001e-06,0.0,0.0,0.0,0.0,1.0000000000000003e-09,0.0,2.7380000000000003e-07,0.0,2.0933e-05,0.0,0.0003707146,0.0,0.0,5.000000000000001e-10,0.0,2.162e-07,0.0,2.8733199999999998e-05,0.0,0.0013004402,0.0,0.0092179973,0.0,1.0000000000000002e-10,7.93e-08,0.0,1.7443599999999997e-05,1.0000000000000002e-10,0.0015001444,0.0,0.04500606969999999,0.0,0.008852928099999999,1.0100000000000001e-08,0.0,3.998599999999999e-06,5.000000000000001e-10,0.0005818851999999998,3.8900000000000004e-08,0.036889041799999994,0.0,0.8590990948999999,0.0,0.0,3.94e-08,5.86e-08,1.1563399999999998e-05,1.13785e-05,0.0011160241999999998,0.0005476426000000001,0.03541735779999999,0.0,0.0
197,325,0.0,0.0,0.0,0.0,0.0,0.0,0.0,0.0,0.0,0.0,0.0,0.0,0.0,0.0,0.0,0.0,0.0,0.0,0.0,0.0,0.0,0.0,0.0,0.0,0.0,0.0,0.0,0.0,0.0,0.0,0.0,0.0,0.0,0.0,0.0,0.0,0.0,0.0,0.0,0.0,0.0,0.0,0.0,0.0,0.0,0.0,0.0,0.0,0.0,0.0,0.0,0.0,0.0,0.0,0.0,0.0,0.0,0.0,0.0,0.0,0.0,0.0,0.0,0.0,0.0,0.0,0.0,0.0,0.0,0.0,0.0,0.0,0.0,0.0,0.0,0.0,0.0,0.0,0.0,0.0,0.0,0.0,0.0,0.0,0.0,0.0,0.0,0.0,0.0,0.0,0.0,0.0,0.0,0.0,1.0,0.0,0.0,0.0,0.0,0.0
198,326,0.0,0.0,0.0,0.0,0.0,1.0,0.0,0.0,0.0,0.0,0.0,0.0,0.0,0.0,0.0,0.0,0.0,0.0,0.0,0.0,0.0,0.0,0.0,0.0,0.0,0.0,0.0,0.0,0.0,0.0,0.0,0.0,0.0,0.0,0.0,0.0,0.0,0.0,0.0,0.0,0.0,0.0,0.0,0.0,0.0,0.0,0.0,0.0,0.0,0.0,0.0,0.0,0.0,0.0,0.0,0.0,0.0,0.0,0.0,0.0,0.0,0.0,0.0,0.0,0.0,0.0,0.0,0.0,0.0,0.0,0.0,0.0,0.0,0.0,0.0,0.0,0.0,0.0,0.0,0.0,0.0,0.0,0.0,0.0,0.0,0.0,0.0,0.0,0.0,0.0,0.0,0.0,0.0,0.0,0.0,0.0,0.0,0.0,0.0,0.0
199,327,0.0,0.0,0.0,0.0,0.01,0.01,0.97,0.0,0.0,0.0,0.0,0.0,0.0,0.0,0.0,0.01,0.0,0.0,0.0,0.0,0.0,0.0,0.0,0.0,0.0,0.0,0.0,0.0,0.0,0.0,0.0,0.0,0.0,0.0,0.0,0.0,0.0,0.0,0.0,0.0,0.0,0.0,0.0,0.0,0.0,0.0,0.0,0.0,0.0,0.0,0.0,0.0,0.0,0.0,0.0,0.0,0.0,0.0,0.0,0.0,0.0,0.0,0.0,0.0,0.0,0.0,0.0,0.0,0.0,0.0,0.0,0.0,0.0,0.0,0.0,0.0,0.0,0.0,0.0,0.0,0.0,0.0,0.0,0.0,0.0,0.0,0.0,0.0,0.0,0.0,0.0,0.0,0.0,0.0,0.0,0.0,0.0,0.0,0.0,0.0
200,328,0.0,0.0,0.0,0.0001,0.0002,0.009999999999999998,0.0098,0.0097,0.0,0.0,0.0,0.0,0.0,0.0,0.0098,0.0097,0.941,0.0,0.0,0.0,0.0,0.0,0.0,0.0,0.0,0.0097,0.0,0.0,0.0,0.0,0.0,0.0,0.0,0.0,0.0,0.0,0.0,0.0,0.0,0.0,0.0,0.0,0.0,0.0,0.0,0.0,0.0,0.0,0.0,0.0,0.0,0.0,0.0,0.0,0.0,0.0,0.0,0.0,0.0,0.0,0.0,0.0,0.0,0.0,0.0,0.0,0.0,0.0,0.0,0.0,0.0,0.0,0.0,0.0,0.0,0.0,0.0,0.0,0.0,0.0,0.0,0.0,0.0,0.0,0.0,0.0,0.0,0.0,0.0,0.0,0.0,0.0,0.0,0.0,0.0,0.0,0.0,0.0,0.0,0.0
201,329,0.0,0.0,1.0000000000000002e-06,3.0000000000000005e-06,0.00020099999999999998,0.00029699999999999996,0.009705,0.000195,9.7e-05,0.0,0.0,0.0,0.0,0.000195,0.000291,0.019304999999999996,0.009602999999999999,0.018819000000000002,0.0,0.0,0.0,0.0,0.0,0.0,0.009602999999999999,0.009409,0.912867,0.0,0.0,0.0,0.0,0.0,0.0,0.0,0.0,0.009409,0.0,0.0,0.0,0.0,0.0,0.0,0.0,0.0,0.0,0.0,0.0,0.0,0.0,0.0,0.0,0.0,0.0,0.0,0.0,0.0,0.0,0.0,0.0,0.0,0.0,0.0,0.0,0.0,0.0,0.0,0.0,0.0,0.0,0.0,0.0,0.0,0.0,0.0,0.0,0.0,0.0,0.0,0.0,0.0,0.0,0.0,0.0,0.0,0.0,0.0,0.0,0.0,0.0,0.0,0.0,0.0,0.0,0.0,0.0,0.0,0.0,0.0,0.0,0.0
202,330,0.0,1.0000000000000002e-08,4.000000000000001e-08,4e-06,7.92e-06,0.00029508,0.000198,0.00028816000000000003,2.92e-06,9.7e-07,0.0,0.0,2.92e-06,5.820000000000001e-06,0.0004859999999999999,0.00048112,0.018923759999999998,0.00028518,0.00028228000000000004,0.0,0.0,0.0,0.0,0.00028518,0.00037636,0.02804464,0.009408999999999999,0.0273831,0.0,0.0,0.0,0.0,0.0,0.0,0.009408999999999999,0.00912673,0.88557508,0.0,0.0,0.0,0.0,0.0,0.0,0.0,0.0,0.00912673,0.0,0.0,0.0,0.0,0.0,0.0,0.0,0.0,0.0,0.0,0.0,0.0,0.0,0.0,0.0,0.0,0.0,0.0,0.0,0.0,0.0,0.0,0.0,0.0,0.0,0.0,0.0,0.0,0.0,0.0,0.0,0.0,0.0,0.0,0.0,0.0,0.0,0.0,0.0,0.0,0.0,0.0,0.0,0.0,0.0,0.0,0.0,0.0,0.0,0.0,0.0,0.0,0.0,0.0
203,331,1.0000000000000002e-10,5.000000000000001e-10,6.97e-08,1.7780000000000002e-07,7.929999999999999e-06,9.8212e-06,0.00019705,7.742600000000001e-06,5.743300000000001e-06,4.86e-08,0.0,3.89e-08,9.700000000000001e-08,1.1621e-05,1.63154e-05,0.0007607715999999999,0.000293813,0.0007454066000000001,5.6842e-06,3.7637e-06,0.0,0.0,5.6842e-06,9.409000000000001e-06,0.0008488081999999999,0.0006558073,0.027766075399999993,0.00037071459999999995,0.0005476426000000001,0.0,0.0,0.0,0.0,0.00037071459999999995,0.0004563365,0.036244408900000004,0.0092179973,0.0354173578,0.0,0.0,0.0,0.0,0.0,0.0,0.0092179973,0.008852928099999999,0.8590990948999999,0.0,0.0,0.0,0.0,0.0,0.0,0.0,0.0,0.008852928099999999,0.0,0.0,0.0,0.0,0.0,0.0,0.0,0.0,0.0,0.0,0.0,0.0,0.0,0.0,0.0,0.0,0.0,0.0,0.0,0.0,0.0,0.0,0.0,0.0,0.0,0.0,0.0,0.0,0.0,0.0,0.0,0.0,0.0,0.0,0.0,0.0,0.0,0.0,0.0,0.0,0.0,0.0,0.0,0.0
204,332,7.000000000000002e-12,1.092e-09,3.4500000000000003e-09,1.9798499999999998e-07,3.4244400000000005e-07,9.755727999999999e-06,5.0842680000000006e-06,9.559425000000002e-06,1.9218700000000003e-07,9.604200000000002e-08,4.86e-10,1.4550000000000002e-09,2.4105e-07,4.3068000000000004e-07,2.3904107999999996e-05,1.9185921e-05,0.0004838610359999999,1.421244e-05,1.8539130000000006e-05,1.41621e-07,0.0,9.4575e-08,1.8818000000000003e-07,2.352444e-05,2.7041465999999995e-05,0.0013865413769999998,0.00038744380199999995,0.00136035516,9.22082e-06,9.127215e-06,0.0,0.0,9.22082e-06,1.3690095000000001e-05,0.001281675162,0.0008214057,0.03624070175399999,0.00045177313499999993,0.0008853869,0.0,0.0,0.0,0.0,0.00045177313499999993,0.000531175686,0.043928776836,0.009029986661999998,0.04294582801499999,0.0,0.0,0.0,0.0,0.0,0.0,0.009029986661999998,0.008587340256999998,0.833414651334,0.0,0.0,0.0,0.0,0.0,0.0,0.0,0.0,0.008587340256999998,0.0,0.0,0.0,0.0,0.0,0.0,0.0,0.0,0.0,0.0,0.0,0.0,0.0,0.0,0.0,0.0,0.0,0.0,0.0,0.0,0.0,0.0,0.0,0.0,0.0,0.0,0.0,0.0,0.0,0.0,0.0,0.0,0.0,0.0
205,333,1.5920000000000002e-11,6.004000000000001e-11,4.4357699999999995e-09,9.745590000000002e-09,3.4200264999999994e-07,3.4368361e-07,5.082604569999999e-06,2.904832e-07,2.8386784000000007e-07,5.25892e-09,2.6200000000000004e-11,4.42035e-09,9.549650000000002e-09,6.6874143e-07,7.9875135e-07,2.8406121369999993e-05,9.14016159e-06,2.7900195510000002e-05,4.2217019999999996e-07,3.7124040000000006e-07,1.41717e-09,3.2931500000000008e-09,5.6221685e-07,8.2695701e-07,5.010439454999999e-05,3.096925305e-05,0.0008592211878299998,2.227044437e-05,4.053164885000001e-05,3.2085272e-07,0.0,1.8394594999999998e-07,3.1943555000000006e-07,4.0245397970000004e-05,3.989293683e-05,0.00215945667321,0.0004788521429099999,0.00212026367189,1.3461926749999999e-05,1.7707267550000003e-05,0.0,0.0,1.3461926749999999e-05,1.8591149010000003e-05,0.0017773302734699998,0.00097824855505,0.044356373263229984,0.0005285198075699999,0.00128828357315,0.0,0.0,0.0,0.0,0.0005285198075699999,0.00060111381799,0.05112123331345,0.008844960464709999,0.04999159968788999,0.0,0.0,0.0,0.0,0.0,0.0,0.008844960464709999,0.008329720049289998,0.80849808519655,0.0,0.0,0.0,0.0,0.0,0.0,0.0,0.0,0.008329720049289998,0.0,0.0,0.0,0.0,0.0,0.0,0.0,0.0,0.0,0.0,0.0,0.0,0.0,0.0,0.0,0.0,0.0,0.0,0.0,0.0,0.0,0.0,0.0,0.0
206,334,1.1808000000000002e-12,8.932079999999999e-11,2.379105e-10,1.02492544e-08,1.4941832000000002e-08,3.4174412199999996e-07,1.485693297e-07,3.355715112e-07,1.00178016e-08,6.656260800000001e-09,7.407959999999999e-11,1.8692880000000003e-10,1.66564832e-08,2.5805802400000003e-08,1.123535144e-06,7.424547616e-07,1.4085401479999997e-05,6.000964656e-07,9.633826524e-07,1.62437856e-08,7.251720000000001e-11,1.17635392e-08,2.0760017600000004e-08,1.5577992808e-06,1.4916802784e-06,5.8241760284799994e-05,1.41868751456e-05,5.72633547304e-05,7.700373323999999e-07,9.457008792000001e-07,3.2141144e-09,6.3887110000000015e-09,1.0842630512e-06,1.3901835136e-06,8.837158616e-05,4.5010111806400006e-05,0.0013198054882783998,3.1810669811199996e-05,7.357824451040001e-05,6.229190814000001e-07,0.0,3.13046839e-07,4.957639736000001e-07,6.22311561088e-05,5.46756839456e-05,0.0030672223415152003,0.0005680038668959998,0.0030130183269759998,1.8343267023199996e-05,3.0058885255000004e-05,0.0,0.0,1.8343267023199996e-05,2.4044552719600004e-05,0.0023289575011231998,0.0011266590417184001,0.05212179124731199,0.0006011138179899999,0.0017495510628343998,0.0,0.0,0.0,0.0,0.0006011138179899999,0.0006663776039432,0.057844323971152,0.008662908851261598,0.05657683254921879,0.0,0.0,0.0,0.0,0.0,0.0,0.008662908851261598,0.008079828447811297,0.7843264398411464,0.0,0.0,0.0,0.0,0.0,0.0,0.0,0.0,0.008079828447811297,0.0,0.0,0.0,0.0,0.0,0.0,0.0,0.0,0.0,0.0,0.0,0.0,0.0,0.0
207,336,1.2949281000000002e-13,8.821044179999999e-12,2.3580147400000002e-11,1.03290888046e-09,1.7093962505e-09,4.720693440826e-08,4.101954997083999e-08,6.102449705539798e-07,1.5837967771352998e-07,3.509181813563999e-07,5.131978319999999e-12,1.3240086840000003e-11,1.16052736797e-09,1.60464801514e-09,9.007740927672e-08,7.552354588174e-08,2.6133396007638896e-06,9.9181745827362e-07,1.4396962583985597e-05,1.5201938491244998e-06,5.950412520000001e-12,7.023371996999999e-10,1.0846612700100001e-09,9.290635972992e-08,9.227849015280001e-08,4.92273812017284e-06,2.63255891883069e-06,8.21158555513663e-05,1.4003428881564118e-05,5.696430486856159e-05,2.0619030726e-10,4.0014432144000004e-10,5.400797942412e-08,6.142082035338001e-08,4.97985340098288e-06,3.5122280903347204e-06,0.00017548601838879215,5.433206006677314e-05,0.001302997876815519,0.00010072498964766923,8.280889806e-11,1.6307869843439996e-08,2.039750651892e-08,2.74162572732618e-06,2.3894627568348e-06,0.0001823469147227213,8.630373719086104e-05,0.003987802678351224,0.0005473648742339672,0.002916168999657057,1.89725748156e-09,2.5042469377799998e-09,7.312743135685198e-07,7.379066344929599e-07,9.404525589266712e-05,6.14132484379873e-05,0.004485244769534343,0.00125094187963809,0.050231741062027095,0.0022126796504137827,0.0,6.381133988753998e-08,7.149624733560002e-08,2.012671899605712e-05,1.624052131147362e-05,0.0020866409829691816,0.0009755705814820478,0.07176237723758297,0.008162594380547745,0.05326708604206747,0.0,0.0,9.883479754264798e-07,9.436628208417299e-07,0.0002733049917717529,0.00017313761076802366,0.02481918526160097,0.007770431129641923,0.7390705127530957,0.0,0.0,0.0,0.0,2.6006759968324493e-06,1.6826034499565796e-06,0.000489074789656921,0.00015761496277266532,0.022823901202718808,0.0,0.0,0.0,0.0,0.0,0.0,2.4822565746884194e-06,1.6159656895622596e-06,0.0002351813158716538,0.0,0.0,0.0
208,337,0.0,0.0,0.0,0.0,0.0,0.0,0.0,0.0,0.0,0.0,0.0,0.0,0.0,0.0,0.0,1.0,0.0,0.0,0.0,0.0,0.0,0.0,0.0,0.0,0.0,0.0,0.0,0.0,0.0,0.0,0.0,0.0,0.0,0.0,0.0,0.0,0.0,0.0,0.0,0.0,0.0,0.0,0.0,0.0,0.0,0.0,0.0,0.0,0.0,0.0,0.0,0.0,0.0,0.0,0.0,0.0,0.0,0.0,0.0,0.0,0.0,0.0,0.0,0.0,0.0,0.0,0.0,0.0,0.0,0.0,0.0,0.0,0.0,0.0,0.0,0.0,0.0,0.0,0.0,0.0,0.0,0.0,0.0,0.0,0.0,0.0,0.0,0.0,0.0,0.0,0.0,0.0,0.0,0.0,0.0,0.0,0.0,0.0,0.0,0.0
209,338,0.0,0.0,0.0,0.0,0.0,0.01,0.0,0.0,0.0,0.0,0.0,0.0,0.0,0.0,0.01,0.0,0.97,0.0,0.0,0.0,0.0,0.0,0.0,0.0,0.0,0.01,0.0,0.0,0.0,0.0,0.0,0.0,0.0,0.0,0.0,0.0,0.0,0.0,0.0,0.0,0.0,0.0,0.0,0.0,0.0,0.0,0.0,0.0,0.0,0.0,0.0,0.0,0.0,0.0,0.0,0.0,0.0,0.0,0.0,0.0,0.0,0.0,0.0,0.0,0.0,0.0,0.0,0.0,0.0,0.0,0.0,0.0,0.0,0.0,0.0,0.0,0.0,0.0,0.0,0.0,0.0,0.0,0.0,0.0,0.0,0.0,0.0,0.0,0.0,0.0,0.0,0.0,0.0,0.0,0.0,0.0,0.0,0.0,0.0,0.0
210,340,0.0,0.0,0.0,3.0000000000000005e-06,3.0000000000000005e-06,0.000297,9.9e-05,0.000195,0.0,0.0,0.0,0.0,1.0000000000000002e-06,0.0,0.000489,9.7e-05,0.019208999999999997,0.0,9.7e-05,0.0,0.0,0.0,0.0,0.000195,0.0,0.028616999999999997,0.0,0.018819000000000002,0.0,0.0,0.0,0.0,0.0,0.0,0.009602999999999999,0.0,0.912867,0.0,0.0,0.0,0.0,0.0,0.0,0.0,0.0,0.009409,0.0,0.0,0.0,0.0,0.0,0.0,0.0,0.0,0.0,0.0,0.0,0.0,0.0,0.0,0.0,0.0,0.0,0.0,0.0,0.0,0.0,0.0,0.0,0.0,0.0,0.0,0.0,0.0,0.0,0.0,0.0,0.0,0.0,0.0,0.0,0.0,0.0,0.0,0.0,0.0,0.0,0.0,0.0,0.0,0.0,0.0,0.0,0.0,0.0,0.0,0.0,0.0,0.0,0.0
211,341,0.0,0.0,4.000000000000001e-08,6.000000000000001e-08,7.92e-06,4.960000000000001e-06,0.000198,2.94e-06,2.92e-06,0.0,0.0,1.0000000000000002e-08,0.0,9.76e-06,3.88e-06,0.00077124,9.699999999999999e-05,0.0005704,0.0,9.7e-07,0.0,0.0,2.92e-06,0.0,0.00085848,9.409e-05,0.02823576,0.0,0.00028228000000000004,0.0,0.0,0.0,0.0,0.00028518,0.0,0.03707728,0.0,0.0273831,0.0,0.0,0.0,0.0,0.0,0.0,0.009408999999999999,0.0,0.88557508,0.0,0.0,0.0,0.0,0.0,0.0,0.0,0.0,0.00912673,0.0,0.0,0.0,0.0,0.0,0.0,0.0,0.0,0.0,0.0,0.0,0.0,0.0,0.0,0.0,0.0,0.0,0.0,0.0,0.0,0.0,0.0,0.0,0.0,0.0,0.0,0.0,0.0,0.0,0.0,0.0,0.0,0.0,0.0,0.0,0.0,0.0,0.0,0.0,0.0,0.0,0.0,0.0,0.0
212,342,0.0,5.000000000000001e-10,1.0000000000000003e-09,1.7780000000000002e-07,1.6820000000000004e-07,9.821199999999998e-06,3.029e-06,7.7426e-06,5.8599999999999995e-08,3.89e-08,1.0000000000000002e-10,0.0,1.6569999999999998e-07,9.700000000000001e-08,2.40772e-05,6.760900000000001e-06,0.000487834,3.8217999999999996e-06,1.1368899999999999e-05,9.700000000000001e-09,0.0,3.89e-08,0.0,2.0932999999999998e-05,4.7045e-06,0.001409818,9.503089999999998e-05,0.0011122993999999999,0.0,3.7637e-06,0.0,0.0,5.6842e-06,0.0,0.0013004401999999998,9.12673e-05,0.036889041799999994,0.0,0.0005476426000000001,0.0,0.0,0.0,0.0,0.00037071459999999995,0.0,0.0450060697,0.0,0.0354173578,0.0,0.0,0.0,0.0,0.0,0.0,0.0092179973,0.0,0.8590990948999999,0.0,0.0,0.0,0.0,0.0,0.0,0.0,0.0,0.008852928099999999,0.0,0.0,0.0,0.0,0.0,0.0,0.0,0.0,0.0,0.0,0.0,0.0,0.0,0.0,0.0,0.0,0.0,0.0,0.0,0.0,0.0,0.0,0.0,0.0,0.0,0.0,0.0,0.0,0.0,0.0,0.0,0.0,0.0,0.0
213,348,0.0,0.0,0.0,0.0,0.0,0.0,0.0,0.0,0.0,0.0,0.0,0.0,0.0,0.0,0.0,0.0,0.0,0.0,0.0,0.0,0.0,0.0,0.0,0.0,0.0,1.0,0.0,0.0,0.0,0.0,0.0,0.0,0.0,0.0,0.0,0.0,0.0,0.0,0.0,0.0,0.0,0.0,0.0,0.0,0.0,0.0,0.0,0.0,0.0,0.0,0.0,0.0,0.0,0.0,0.0,0.0,0.0,0.0,0.0,0.0,0.0,0.0,0.0,0.0,0.0,0.0,0.0,0.0,0.0,0.0,0.0,0.0,0.0,0.0,0.0,0.0,0.0,0.0,0.0,0.0,0.0,0.0,0.0,0.0,0.0,0.0,0.0,0.0,0.0,0.0,0.0,0.0,0.0,0.0,0.0,0.0,0.0,0.0,0.0,0.0
214,359,0.0,0.0,0.0,0.0,0.0,0.0,0.0,0.0,0.0,0.0,0.0,0.0,0.0,0.0,0.0,0.0,0.0,0.0,0.0,0.0,0.0,0.0,0.0,0.0,0.0,0.0,0.0,0.0,0.0,0.0,0.0,0.0,0.0,0.0,0.0,1.0,0.0,0.0,0.0,0.0,0.0,0.0,0.0,0.0,0.0,0.0,0.0,0.0,0.0,0.0,0.0,0.0,0.0,0.0,0.0,0.0,0.0,0.0,0.0,0.0,0.0,0.0,0.0,0.0,0.0,0.0,0.0,0.0,0.0,0.0,0.0,0.0,0.0,0.0,0.0,0.0,0.0,0.0,0.0,0.0,0.0,0.0,0.0,0.0,0.0,0.0,0.0,0.0,0.0,0.0,0.0,0.0,0.0,0.0,0.0,0.0,0.0,0.0,0.0,0.0
215,364,0.0,0.0,0.0,1.0000000000000003e-09,5.000000000000001e-10,6.97e-08,1.01e-08,3.9399999999999995e-08,0.0,0.0,0.0,0.0,1.0000000000000003e-09,0.0,2.1620000000000002e-07,9.700000000000001e-09,3.9986e-06,0.0,5.8599999999999995e-08,0.0,0.0,5.000000000000001e-10,0.0,2.7380000000000003e-07,0.0,1.74436e-05,0.0,1.1524999999999999e-05,0.0,3.89e-08,1.0000000000000002e-10,0.0,1.6569999999999998e-07,0.0,2.8733199999999998e-05,0.0,0.0005818851999999999,0.0,1.1368899999999999e-05,9.700000000000001e-09,0.0,3.89e-08,0.0,2.0932999999999998e-05,0.0,0.0015001443999999998,0.0,0.0011122993999999999,0.0,3.7637e-06,0.0,0.0,5.6842e-06,0.0,0.0013004401999999998,0.0,0.036889041799999994,0.0,0.0005476426000000001,0.0,0.0,0.0,0.0,0.00037071459999999995,0.0,0.0450060697,0.0,0.0354173578,0.0,0.0,0.0,0.0,0.0,0.0,0.0092179973,0.0,0.8590990948999999,0.0,0.0,0.0,0.0,0.0,0.0,0.0,0.0,0.008852928099999999,0.0,0.0,0.0,0.0,0.0,0.0,0.0,0.0,0.0,0.0,0.0,0.0,0.0,0.0
216,365,0.0,0.0,2.0000000000000005e-11,1.5000000000000003e-11,3.834000000000001e-09,1.38e-09,1.0809e-07,1.0191e-08,3.8803999999999995e-08,0.0,0.0,1.5000000000000003e-11,0.0,5.88e-09,1.0200000000000001e-10,4.248330000000001e-07,9.51e-09,3.9948720000000006e-06,0.0,5.723099999999999e-08,6.000000000000002e-12,0.0,4.8899999999999995e-09,0.0,7.29516e-07,9.700000000000001e-11,2.289438e-05,0.0,1.1293913999999999e-05,3.7829999999999995e-08,1.0000000000000002e-12,2.1479999999999996e-09,0.0,6.60129e-07,0.0,4.8865936e-05,0.0,0.0005757805769999999,9.700000000000001e-11,1.1075268e-05,3.9e-10,0.0,3.05562e-07,0.0,4.8598188e-05,0.0,0.0018409723319999997,0.0,0.00108455817,3.650886e-06,0.0,5.7231e-08,0.0,2.2434551999999996e-05,0.0,0.0020953795529999996,0.0,0.036153143544,0.0,0.000531250959,0.0,0.0,3.7639879999999995e-06,0.0,0.000914838234,0.0,0.05296994255399999,0.0,0.034360313492,0.0,0.0,0.0,0.0,9.588711899999998e-05,0.0,0.018071038308,0.0,0.833680295631,0.0,0.0,0.0,0.0,0.0,0.0,0.000180709254,0.0,0.017178331206,0.0,0.0,0.0,0.0,0.0,0.0,0.0,0.0,8.8529281e-05,0.0,0.0,0.0,0.0
217,366,0.0,3.500000000000001e-13,3.500000000000001e-13,1.1669e-10,6.771e-11,9.06201e-09,2.6165099999999997e-09,1.4528597e-07,1.027331e-08,3.821218999999999e-08,2.1000000000000006e-13,0.0,1.2245000000000003e-10,1.17e-12,1.728543e-08,2.0881000000000003e-10,6.820614300000002e-07,9.32661e-09,3.988925330000001e-06,5.5892369999999994e-08,7.000000000000003e-14,7.634999999999999e-11,0.0,1.869855e-08,1.9900000000000002e-12,1.4294820100000002e-06,1.8919000000000002e-10,2.8118242230000002e-05,3.7926999999999997e-10,1.1103116669999998e-05,2.5449999999999997e-11,9.700000000000001e-13,1.178937e-08,0.0,1.62226153e-06,9.700000000000001e-13,7.179643081e-05,9.700000000000001e-13,0.0005695764332099999,1.0779991210000002e-05,3.91e-12,4.02771e-09,0.0,1.01332383e-06,0.0,8.699242056999998e-05,0.0,0.00216387798495,3.650983e-08,0.0010609860465899997,5.762099999999999e-10,0.0,3.2055509e-07,0.0,5.2349675189999996e-05,0.0,0.0029421587507099996,0.0,0.03542831046389001,0.0005153499390899999,0.0,3.821218999999999e-08,0.0,1.398266741e-05,0.0,0.00161875669113,0.0,0.06042278180404999,0.0,0.03333481659683,0.0,0.0,9.965110699999998e-07,0.0,0.00028467636339000004,0.0,0.026567192852670004,0.0,0.80901348989699,0.0,0.0,0.0,0.0,2.76596373e-06,0.0,0.0005286669643300001,0.0,0.02499978422613,0.0,0.0,0.0,0.0,0.0,0.0,2.6923853500000003e-06,8.8529281e-07,0.00025765671463,0.0,0.0,0.0
218,367,5.600000000000002e-15,7.0000000000000025e-15,2.3984000000000008e-12,1.8592e-12,2.6531840000000003e-10,1.195504e-10,8.390259200000001e-09,1.6750240000000001e-09,4.182696800000001e-08,1.4259005999999998e-09,2.800000000000001e-15,2.3296e-12,3.512000000000001e-13,4.742536e-10,6.77984e-11,3.00784384e-08,2.6352607999999997e-09,4.6881968080000006e-07,1.06210932e-08,1.8854516799999997e-07,1.2224e-12,1.0400000000000002e-14,4.244192e-10,1.1547999999999999e-12,4.7471288e-08,2.044672e-10,1.6750411376000001e-06,9.052505999999998e-09,9.9572354912e-06,2.730504704e-07,3.712e-13,2.3248479999999999e-10,9.7e-15,4.4611340800000004e-08,1.94e-12,2.9907086788e-06,1.835337e-10,5.53272034528e-05,1.0853291200000002e-07,2.7183447879999995e-05,7.07648e-11,9.8e-13,2.48147552e-08,0.0,2.9771478799999995e-06,9.409000000000002e-13,0.000121572829448,3.6603919999999996e-10,0.0009390208851679999,2.62203164288e-05,9.5548e-12,7.5003136e-09,0.0,1.649453092e-06,0.0,0.00013051529912319997,0.0,0.0030868941555879997,5.1889139259999995e-06,0.0017219412351904,9.410455999999998e-10,0.0,4.6111234399999996e-07,0.0,6.99533421536e-05,0.0,0.0037399813016671998,0.0,0.043393172032952,0.0008332376068855998,0.0,4.703093499999999e-08,0.0,1.64475757696e-05,0.0,0.0018439993522,0.0,0.0672159030196864,0.0,0.04042490699789499,0.0,0.0,9.942753751999998e-07,0.0,0.00028147732562240006,8.8529281e-09,0.026028038146140804,0.0,0.7849930830423415,0.0,0.0,0.0,0.0,2.7099086715999995e-06,2.6204667176e-06,0.0005162691804256,0.0002499358661192,0.024252367266492398,0.0,0.0
219,368,0.0,4.7406000000000004e-14,4.615800000000001e-14,7.438296000000001e-12,4.545264e-12,3.88535664e-10,1.28200944e-10,5.207119320000001e-09,5.554898580000001e-10,2.332239372e-09,4.098e-14,1.0434000000000002e-14,1.1336472000000002e-11,2.496468e-12,1.0375986480000001e-09,1.45039152e-10,2.9877943992000005e-08,1.8478618800000002e-09,1.4671816236000002e-07,6.1052908980000005e-09,1.8756e-14,8.840976e-12,3.524130000000001e-13,1.385096472e-09,6.7840068e-11,7.630829629200001e-08,2.6506080449999997e-09,1.1243498911920001e-06,1.4208819287999999e-08,5.57026151376e-07,4.221936e-12,2.3697000000000003e-14,1.108272432e-09,1.139653e-12,1.06171828356e-07,2.0019733000000001e-10,3.423697319268e-06,9.871755668999998e-09,1.9873833791472e-05,7.99981928496e-07,1.17306e-12,5.49368592e-10,1.9209e-14,8.978715784799999e-08,1.891209e-12,5.451640182948e-06,1.8169749000000001e-10,9.5142266051256e-05,4.1937288858000006e-07,5.323976881147199e-05,1.53150996e-10,1.046148e-12,4.525097004e-08,0.0,4.909014387287999e-06,9.126730000000001e-13,0.00018749955212834398,5.2244197284e-08,0.0013928703328502639,5.1037384495955995e-05,1.8678612e-11,1.2366147438e-08,0.0,2.468589801912e-06,0.0,0.00018313918010971197,0.0,0.004137777894463415,1.3365622577075998e-05,0.002516796164512014,1.3831235819999998e-09,0.0,6.22167794478e-07,0.0,8.927398442491199e-05,8.852928100000001e-11,0.0045786612677974564,0.0,0.05101771580256267,0.0012124895486579816,0.0,5.556276070199999e-08,0.0,1.8805963593203998e-05,2.6293196457000003e-08,0.0020569372181558883,2.499447190473e-06,0.07355216081364555,0.0,0.047062090618381555,0.0,0.0,9.915462006599996e-07,2.654816078627999e-06,0.000280764649460772,0.000503315255681457,0.025737321156361386,0.023527295607158816,0.7616858142237362,0.0
220,369,0.0,1.0399800000000002e-15,2.3419308000000004e-13,1.8957354000000001e-13,2.152194288e-11,1.1026663679999999e-11,7.290122366400002e-10,2.0045962626e-10,6.546964656300002e-09,2.8854726557999998e-09,0.0,2.4199914e-13,3.9071370000000004e-14,3.5297712e-11,4.5958188e-12,2.07221844804e-09,1.8695468613e-10,4.1744357400960004e-08,2.0011220240400003e-09,1.5383233356774002e-07,1.3122648000000001e-13,2.2058760000000002e-14,3.362280048e-11,1.0566025e-12,3.1787208108000003e-09,9.576331122999999e-11,1.1979829894776e-07,2.8303741720199996e-09,1.29639517550832e-06,5.6215879373802e-07,5.437449e-14,2.0760097920000002e-11,3.8098840000000004e-14,3.0484650858e-09,3.804749480000001e-12,1.9250313149039998e-07,3.2123202214e-10,4.48239089702916e-06,2.1911239362569998e-08,2.0591569197997438e-05,7.07914584e-12,1.14875874e-12,1.89435153744e-09,4.894135e-14,1.9176180709847998e-07,5.66254766e-12,8.148746132448241e-06,4.991134980630001e-09,0.00010694783742425039,5.256774111329495e-05,1.7404881599999998e-12,7.3022132682e-10,1.0149556499999999e-12,1.1856735440928001e-07,2.8038819999999998e-14,8.522647679879398e-06,5.251442405500001e-10,0.000238132470498143,6.989006709815999e-07,0.0014262908451590681,1.3921100628e-10,1.812871512e-11,4.3355248679160003e-08,0.0,5.1677538970737595e-06,8.944195400000001e-13,0.0002666843918503127,1.3417866774359996e-07,0.004562918380628763,0.0024668922028079567,1.4018021939999998e-11,8.24259690072e-09,0.0,1.70898813884394e-06,2.6381725738000004e-10,0.0001547831415527952,2.5080345307300004e-08,0.005728377974870249,1.2258551712350578e-05,0.05115908805851296,5.6945884284e-10,0.0,2.5809265376436e-07,2.681109275084999e-08,4.2511543205823604e-05,5.083652314575399e-06,0.0030339105339892555,0.00023769741984634696,0.07994325219568298,0.04566235279531669,0.0,1.0471089613619996e-08,3.646362279287999e-08,3.9840541059662405e-06,1.0416233579656019e-05,0.0005553174462789362,0.00098088696011812,0.03355285422811595,0.030438334881181413,0.7393058607032078
221,370,0.0,0.0,0.0,0.0,0.0,0.0,0.0,0.0,0.0,0.0,0.0,0.0,0.0,0.0,0.0,0.0,0.0,0.0,0.0,0.0,0.0,0.0,0.0,0.0,0.0,0.0,0.0,0.0,0.0,0.0,0.0,0.0,0.0,0.0,0.0,0.0,0.0,0.0,0.0,0.0,0.0,0.0,0.0,0.0,0.0,1.0,0.0,0.0,0.0,0.0,0.0,0.0,0.0,0.0,0.0,0.0,0.0,0.0,0.0,0.0,0.0,0.0,0.0,0.0,0.0,0.0,0.0,0.0,0.0,0.0,0.0,0.0,0.0,0.0,0.0,0.0,0.0,0.0,0.0,0.0,0.0,0.0,0.0,0.0,0.0,0.0,0.0,0.0,0.0,0.0,0.0,0.0,0.0,0.0,0.0,0.0,0.0,0.0,0.0,0.0
222,372,0.0,0.0,0.0,0.0,0.0,0.0,0.0,0.0,0.0,0.0,0.0,0.0,0.0,0.0,0.0,0.0,0.0,0.0,0.0,0.0,0.0,0.0,0.0,0.0,0.0,0.0001,0.0,0.0,0.0,0.0,0.0,0.0,0.0,0.0,0.0002,0.0,0.0098,0.0,0.0,0.0,0.0,0.0,0.0,0.0001,0.0,0.0196,0.0,0.0097,0.0,0.0,0.0,0.0,0.0,0.0,0.0098,0.0,0.941,0.0,0.0,0.0,0.0,0.0,0.0,0.0,0.0,0.0097,0.0,0.0,0.0,0.0,0.0,0.0,0.0,0.0,0.0,0.0,0.0,0.0,0.0,0.0,0.0,0.0,0.0,0.0,0.0,0.0,0.0,0.0,0.0,0.0,0.0,0.0,0.0,0.0,0.0,0.0,0.0,0.0,0.0,0.0
223,373,0.0,0.0,0.0,0.0,0.0,0.0,0.0,0.0,0.0,0.0,0.0,0.0,0.0,0.0,0.0,1.0000000000000002e-06,0.0,0.0,0.0,0.0,0.0,0.0,0.0,0.0,3.0000000000000005e-06,0.0,9.9e-05,0.0,0.0,0.0,0.0,0.0,0.0,3.0000000000000005e-06,0.0,0.000393,0.0,0.000195,0.0,0.0,0.0,0.0,1.0000000000000002e-06,0.0,0.000489,0.0,0.019208999999999997,0.0,9.7e-05,0.0,0.0,0.0,0.0,0.000195,0.0,0.028616999999999997,0.0,0.018819000000000002,0.0,0.0,0.0,0.0,0.0,0.0,0.009602999999999999,0.0,0.912867,0.0,0.0,0.0,0.0,0.0,0.0,0.0,0.0,0.009409,0.0,0.0,0.0,0.0,0.0,0.0,0.0,0.0,0.0,0.0,0.0,0.0,0.0,0.0,0.0,0.0,0.0,0.0,0.0,0.0,0.0,0.0,0.0,0.0
224,374,0.0,0.0,0.0,0.0,0.0,1.0000000000000002e-08,0.0,0.0,0.0,0.0,0.0,0.0,0.0,0.0,4.000000000000001e-08,0.0,1e-06,0.0,0.0,0.0,0.0,0.0,0.0,6.000000000000001e-08,0.0,5.92e-06,0.0,2.94e-06,0.0,0.0,0.0,0.0,4.000000000000001e-08,0.0,1.1760000000000001e-05,0.0,0.000294,0.0,2.92e-06,0.0,0.0,1.0000000000000002e-08,0.0,9.76e-06,0.0,0.0008643599999999999,0.0,0.0005704,0.0,9.7e-07,0.0,0.0,2.92e-06,0.0,0.00085848,0.0,0.02823576,0.0,0.00028228000000000004,0.0,0.0,0.0,0.0,0.00028518,0.0,0.03707728,0.0,0.0273831,0.0,0.0,0.0,0.0,0.0,0.0,0.009408999999999999,0.0,0.88557508,0.0,0.0,0.0,0.0,0.0,0.0,0.0,0.0,0.00912673,0.0,0.0,0.0,0.0,0.0,0.0,0.0,0.0,0.0,0.0,0.0,0.0,0.0,0.0
225,380,0.0,0.0,0.0,0.0,0.0,0.0,0.0,0.0,0.0,0.0,0.0,0.0,0.0,0.0,0.0,0.0,0.0,0.0,0.0,0.0,0.0,0.0,0.0,0.0,0.0,0.0,0.0,0.0,0.0,0.0,0.0,0.0,0.0,0.0,0.0,0.0,0.0,0.0,0.0,0.0,0.0,0.0,0.0,0.0,0.0,0.0,0.0,0.0,0.0,0.0,0.0,0.0,0.0,0.0,0.0,0.0,0.0,0.0,0.0,0.0,0.0,0.0,0.0,0.0,0.0,1.0,0.0,0.0,0.0,0.0,0.0,0.0,0.0,0.0,0.0,0.0,0.0,0.0,0.0,0.0,0.0,0.0,0.0,0.0,0.0,0.0,0.0,0.0,0.0,0.0,0.0,0.0,0.0,0.0,0.0,0.0,0.0,0.0,0.0,0.0
226,381,0.0,0.0,0.0,0.0,0.0,0.0,0.0,0.0,0.0,0.0,0.0,0.0,0.0,0.0,0.0,0.0,0.0,0.0,0.0,0.0,0.0,0.0,0.0,0.0,0.0,0.0,0.0,0.0,0.0,0.0,0.0,0.0,0.0,0.0,0.0,0.0,0.0,0.0,0.0,0.0,0.0,0.0,0.0,0.0,0.0,0.0,0.0,0.0,0.0,0.0,0.0,0.0,0.0,0.0,0.0,0.01,0.0,0.0,0.0,0.0,0.0,0.0,0.0,0.0,0.01,0.0,0.97,0.0,0.0,0.0,0.0,0.0,0.0,0.0,0.0,0.01,0.0,0.0,0.0,0.0,0.0,0.0,0.0,0.0,0.0,0.0,0.0,0.0,0.0,0.0,0.0,0.0,0.0,0.0,0.0,0.0,0.0,0.0,0.0,0.0
227,383,0.0,0.0,0.0,0.0,0.0,0.0,0.0,0.0,0.0,0.0,0.0,0.0,0.0,0.0,0.0,0.0,0.0,0.0,0.0,0.0,0.0,0.0,0.0,0.0,0.0,0.0,0.0,0.0,0.0,0.0,0.0,0.0,0.0,0.0,0.0,1.0000000000000002e-06,0.0,0.0,0.0,0.0,0.0,0.0,0.0,0.0,3.0000000000000005e-06,0.0,0.000195,0.0,0.0,0.0,0.0,0.0,0.0,3.0000000000000005e-06,0.0,0.000489,0.0,0.009602999999999999,0.0,0.0,0.0,0.0,1.0000000000000002e-06,0.0,0.00039299999999999996,0.0,0.028616999999999997,0.0,0.009409,0.0,0.0,0.0,0.0,9.9e-05,0.0,0.019208999999999997,0.0,0.912867,0.0,0.0,0.0,0.0,0.0,0.0,0.000195,0.0,0.018819000000000002,0.0,0.0,0.0,0.0,0.0,0.0,0.0,0.0,9.7e-05,0.0,0.0,0.0,0.0
228,384,0.0,0.0,0.0,0.0,0.0,0.0,0.0,0.0,0.0,0.0,0.0,0.0,0.0,0.0,0.0,0.0,0.0,0.0,0.0,0.0,0.0,0.0,0.0,0.0,0.0,1.0000000000000002e-08,0.0,0.0,0.0,0.0,0.0,0.0,0.0,0.0,4.000000000000001e-08,0.0,2.92e-06,0.0,0.0,0.0,0.0,0.0,0.0,6.000000000000001e-08,0.0,9.76e-06,0.0,0.00028518,0.0,0.0,0.0,0.0,4.000000000000001e-08,0.0,1.1760000000000001e-05,0.0,0.0008584799999999999,0.0,0.009408999999999999,0.0,0.0,1.0000000000000002e-08,0.0,5.919999999999999e-06,0.0,0.00086436,0.0,0.03707728,0.0,0.00912673,0.0,0.0,1e-06,0.0,0.000294,0.0,0.028235759999999995,0.0,0.88557508,0.0,0.0,0.0,0.0,2.94e-06,0.0,0.0005704,0.0,0.0273831,0.0,0.0,0.0,0.0,0.0,0.0,2.92e-06,9.7e-07,0.00028228000000000004,0.0,0.0,0.0
229,385,0.0,0.0,0.0,0.0,0.0,0.0,0.0,0.0,0.0,0.0,0.0,0.0,0.0,0.0,0.0,1.0000000000000002e-10,0.0,0.0,0.0,0.0,0.0,0.0,0.0,0.0,5.000000000000001e-10,0.0,2.93e-08,0.0,0.0,0.0,0.0,0.0,0.0,1.0000000000000003e-09,0.0,1.3690000000000001e-07,0.0,2.881e-06,0.0,0.0,0.0,0.0,1.0000000000000003e-09,0.0,2.546e-07,0.0,1.43666e-05,0.0,9.69418e-05,0.0,0.0,5.000000000000001e-10,0.0,2.354e-07,0.0,2.68132e-05,0.0,0.0007500721999999999,0.0,0.00018535729999999997,1.0000000000000002e-10,0.0,1.081e-07,0.0,2.3049999999999998e-05,0.0,0.0014944995999999998,0.0,0.018444520899999997,9.12673e-05,0.0,1.97e-08,0.0,8.721799999999998e-06,0.0,0.0011294308,0.0,0.045376901,0.0,0.017708678899999997,0.0,0.0,9.994000000000001e-07,0.0,0.00029094259999999997,9.700000000000001e-09,0.02767104499999999,0.0,0.8592816585999999,0.0,0.0,0.0,0.0,2.8809999999999996e-06,2.8421e-06,0.0005570809,0.00027382130000000004,0.0265644298,0.0,0.0
230,386,0.0,0.0,0.0,0.0,0.0,1.0000000000000002e-12,0.0,0.0,0.0,0.0,0.0,0.0,0.0,0.0,6.000000000000002e-12,0.0,2.94e-10,0.0,0.0,0.0,0.0,0.0,0.0,1.5000000000000003e-11,0.0,1.7640000000000001e-09,0.0,2.9103000000000003e-08,0.0,0.0,0.0,0.0,2.0000000000000005e-11,0.0,4.41e-09,0.0,2.0226600000000002e-07,0.0,9.98228e-07,0.0,0.0,1.5000000000000003e-11,0.0,5.88e-09,0.0,5.47137e-07,0.0,1.1408376e-05,0.0,2.822991e-06,6.000000000000002e-12,0.0,4.4099999999999995e-09,0.0,7.479479999999999e-07,0.0,3.6649452e-05,0.0,0.00028783304999999994,2.766246e-06,1.0000000000000002e-12,1.7640000000000001e-09,0.0,5.47137e-07,0.0,5.2478608e-05,0.0,0.001380729249,9.126730000000001e-07,0.0005422412519999999,2.94e-10,0.0,2.0226599999999997e-07,0.0,3.6649452e-05,9.700000000000001e-11,0.0021914383799999998,0.0,0.027114857658,0.00026561607,0.0,2.9103e-08,0.0,1.1408375999999998e-05,2.8518e-08,0.0013807385609999996,2.7383100000000004e-06,0.053150765304,0.0,0.025770235118999993,0.0,0.0,9.98228e-07,2.8229909999999994e-06,0.00029057077799999996,0.000543144516,0.02737773541799999,0.025770235119000003,0.8337688531399999,0.0
231,387,0.0,0.0,0.0,0.0,7.000000000000003e-14,1.0000000000000002e-14,3.910000000000001e-12,0.0,0.0,0.0,0.0,0.0,0.0,2.1000000000000006e-13,0.0,2.6410000000000002e-11,0.0,5.7621e-10,0.0,0.0,0.0,0.0,3.500000000000001e-13,0.0,7.635e-11,0.0,4.027710000000001e-09,0.0,3.821219e-08,0.0,0.0,3.500000000000001e-13,0.0,1.2245e-10,0.0,1.178937e-08,0.0,3.2055509e-07,0.0,9.9651107e-07,2.1000000000000006e-13,0.0,1.1765e-10,0.0,1.869855e-08,0.0,1.01332383e-06,0.0,1.398266741e-05,2.76596373e-06,7.000000000000003e-14,6.770999999999999e-11,0.0,1.7287349999999997e-08,0.0,1.62226153e-06,0.0,5.234967518999999e-05,3.678919e-08,0.00028733195954999994,2.065e-11,9.700000000000001e-13,9.24921e-09,0.0,1.42948297e-06,9.700000000000001e-13,8.699242056999998e-05,9.126730000000001e-09,0.0016187566911299999,0.00052954313041,2.9500000000000006e-12,2.6165099999999997e-09,0.0,6.822476699999999e-07,2.8615e-10,7.179652392999999e-05,2.7477190000000003e-08,0.0029421587507099996,2.6652874299999996e-06,0.026822184279869998,2.9396999999999997e-10,0.0,1.5431860999999998e-07,2.8515089999999996e-08,2.8145712629999996e-05,5.48649169e-06,0.0021665157951899993,0.00026035851189000004,0.06042278180405,0.02499978422612999,0.0,1.027331e-08,3.821219e-08,4.01630261e-06,1.107573939e-05,0.0005748698396099998,0.0010583572689899998,0.03568330189108999,0.033334816596830005,0.80901348989699
232,388,0.0,0.0,0.0,0.0,0.0,0.0,0.0,0.0,0.0,0.0,0.0,0.0,0.0,0.0,0.0,0.0,0.0,0.0,0.0,0.0,0.0,0.0,0.0,0.0,0.0,0.0,0.0,0.0,0.0,0.0,0.0,0.0,0.0,0.0,0.0,0.0,0.0,0.0,0.0,0.0,0.0,0.0,0.0,0.0,0.0,0.0,0.0,0.0,0.0,0.0,0.0,0.0,0.0,0.0,0.0,0.0,0.0,0.0,0.0,0.0,0.0,0.0,0.0,0.0,0.0,0.0,0.0,0.0,0.0,0.0,0.0,0.0,0.0,0.0,0.0,1.0,0.0,0.0,0.0,0.0,0.0,0.0,0.0,0.0,0.0,0.0,0.0,0.0,0.0,0.0,0.0,0.0,0.0,0.0,0.0,0.0,0.0,0.0,0.0,0.0
233,389,0.0,0.0,0.0,0.0,0.0,0.0,0.0,0.0,0.0,0.0,0.0,0.0,0.0,0.0,0.0,0.0,0.0,0.0,0.0,0.0,0.0,0.0,0.0,0.0,0.0,0.0,0.0,0.0,0.0,0.0,0.0,0.0,0.0,0.0,0.0,0.0,0.0,0.0,0.0,0.0,0.0,0.0,0.0,0.0,0.0,0.0,0.0,0.0,0.0,0.0,0.0,0.0,0.0,0.0,0.0,0.0,0.0,0.0,0.0,0.0,0.0,0.0,0.0,0.0,0.0,0.01,0.0,0.0,0.0,0.0,0.0,0.0,0.0,0.0,0.01,0.0,0.97,0.0,0.0,0.0,0.0,0.0,0.0,0.0,0.0,0.01,0.0,0.0,0.0,0.0,0.0,0.0,0.0,0.0,0.0,0.0,0.0,0.0,0.0,0.0
234,390,0.0,0.0,0.0,0.0,0.0,0.0,0.0,0.0,0.0,0.0,0.0,0.0,0.0,0.0,0.0,0.0,0.0,0.0,0.0,0.0,0.0,0.0,0.0,0.0,0.0,0.0,0.0,0.0,0.0,0.0,0.0,0.0,0.0,0.0,0.0,0.0,0.0,0.0,0.0,0.0,0.0,0.0,0.0,0.0,0.0,0.0,0.0,0.0,0.0,0.0,0.0,0.0,0.0,0.0,0.0,0.0001,0.0,0.0,0.0,0.0,0.0,0.0,0.0,0.0,0.0002,0.0,0.0194,0.0,0.0,0.0,0.0,0.0,0.0,0.0001,0.0,0.0196,0.0,0.9409,0.0,0.0,0.0,0.0,0.0,0.0,0.0002,0.0,0.0194,0.0,0.0,0.0,0.0,0.0,0.0,0.0,0.0,0.0001,0.0,0.0,0.0,0.0
235,391,0.0,0.0,0.0,0.0,0.0,0.0,0.0,0.0,0.0,0.0,0.0,0.0,0.0,0.0,0.0,0.0,0.0,0.0,0.0,0.0,0.0,0.0,0.0,0.0,0.0,0.0,0.0,0.0,0.0,0.0,0.0,0.0,0.0,0.0,0.0,0.0,0.0,0.0,0.0,0.0,0.0,0.0,0.0,0.0,0.0,1.0000000000000002e-06,0.0,0.0,0.0,0.0,0.0,0.0,0.0,0.0,3.0000000000000005e-06,0.0,0.000291,0.0,0.0,0.0,0.0,0.0,0.0,3.0000000000000005e-06,0.0,0.000585,0.0,0.028227000000000002,0.0,0.0,0.0,0.0,1.0000000000000002e-06,0.0,0.00029699999999999996,0.0,0.028808999999999994,0.0,0.912673,0.0,0.0,0.0,0.0,3.0000000000000005e-06,0.0,0.000585,0.0,0.028227000000000002,0.0,0.0,0.0,0.0,0.0,0.0,3.0000000000000005e-06,1.0000000000000002e-06,0.000291,0.0,0.0,0.0
236,392,0.0,0.0,0.0,0.0,0.0,0.0,0.0,0.0,0.0,0.0,0.0,0.0,0.0,0.0,0.0,0.0,0.0,0.0,0.0,0.0,0.0,0.0,0.0,0.0,0.0,0.0,0.0,0.0,0.0,0.0,0.0,0.0,0.0,0.0,0.0,1.0000000000000002e-08,0.0,0.0,0.0,0.0,0.0,0.0,0.0,0.0,4.000000000000001e-08,0.0,2.9200000000000004e-06,0.0,0.0,0.0,0.0,0.0,0.0,6.000000000000001e-08,0.0,9.760000000000001e-06,0.0,0.00028518000000000006,0.0,0.0,0.0,0.0,4.000000000000001e-08,0.0,1.1760000000000001e-05,0.0,0.00085848,0.0,0.009408999999999999,0.0,0.0,1.0000000000000002e-08,0.0,5.919999999999999e-06,0.0,0.00086436,0.0,0.037077280000000004,0.0,0.00912673,0.0,0.0,1e-06,0.0,0.00029399999999999994,1.0000000000000002e-08,0.028235759999999995,0.0,0.88557508,0.0,0.0,0.0,0.0,2.9400000000000007e-06,2.9200000000000004e-06,0.00057136,0.00028228,0.0273831,0.0,0.0
237,393,0.0,0.0,0.0,0.0,0.0,0.0,0.0,0.0,0.0,0.0,0.0,0.0,0.0,0.0,0.0,0.0,0.0,0.0,0.0,0.0,0.0,0.0,0.0,0.0,0.0,1.0000000000000002e-10,0.0,0.0,0.0,0.0,0.0,0.0,0.0,0.0,5.000000000000001e-10,0.0,2.9300000000000004e-08,0.0,0.0,0.0,0.0,0.0,0.0,1.0000000000000003e-09,0.0,1.3690000000000001e-07,0.0,2.881000000000001e-06,0.0,0.0,0.0,0.0,1.0000000000000003e-09,0.0,2.546e-07,0.0,1.43666e-05,0.0,9.69418e-05,0.0,0.0,5.000000000000001e-10,0.0,2.354e-07,0.0,2.6813200000000003e-05,0.0,0.0007500722000000001,0.0,0.00018535729999999997,1.0000000000000002e-10,0.0,1.081e-07,0.0,2.3049999999999998e-05,1.0000000000000002e-10,0.0014944996,0.0,0.018444520899999997,9.12673e-05,0.0,1.97e-08,0.0,8.721799999999998e-06,2.9300000000000004e-08,0.0011294404,2.8228999999999997e-06,0.045376901000000004,0.0,0.017708678899999997,0.0,0.0,9.994000000000001e-07,2.8810000000000005e-06,0.00029375539999999996,0.0005570809,0.02794204339999999,0.0265644298,0.8592816585999999,0.0
238,395,0.0,0.0,0.0,0.0,0.0,0.0,0.0,0.0,0.0,0.0,0.0,0.0,0.0,0.0,0.0,0.0,0.0,0.0,0.0,0.0,0.0,0.0,0.0,0.0,0.0,0.0,0.0,0.0,0.0,0.0,0.0,0.0,0.0,0.0,0.0,0.0,0.0,0.0,0.0,0.0,0.0,0.0,0.0,0.0,0.0,0.0,0.0,0.0,0.0,0.0,0.0,0.0,0.0,0.0,0.0,0.0,0.0,0.0,0.0,0.0,0.0,0.0,0.0,0.0,0.0,0.0,0.0,0.0,0.0,0.0,0.0,0.0,0.0,0.0,0.0,0.0,0.0,0.0,0.0,0.0,0.0,0.0,0.0,0.0,0.0,0.0,0.0,0.0,0.0,0.0,0.0,0.0,0.0,0.0,0.0,1.0,0.0,0.0,0.0,0.0
239,396,0.0,0.0,0.0,0.0,0.0,0.0,1.0,0.0,0.0,0.0,0.0,0.0,0.0,0.0,0.0,0.0,0.0,0.0,0.0,0.0,0.0,0.0,0.0,0.0,0.0,0.0,0.0,0.0,0.0,0.0,0.0,0.0,0.0,0.0,0.0,0.0,0.0,0.0,0.0,0.0,0.0,0.0,0.0,0.0,0.0,0.0,0.0,0.0,0.0,0.0,0.0,0.0,0.0,0.0,0.0,0.0,0.0,0.0,0.0,0.0,0.0,0.0,0.0,0.0,0.0,0.0,0.0,0.0,0.0,0.0,0.0,0.0,0.0,0.0,0.0,0.0,0.0,0.0,0.0,0.0,0.0,0.0,0.0,0.0,0.0,0.0,0.0,0.0,0.0,0.0,0.0,0.0,0.0,0.0,0.0,0.0,0.0,0.0,0.0,0.0
240,398,0.0,0.0,0.0,0.0,0.0001,0.0002,0.01,0.0002,0.0001,0.0,0.0,0.0,0.0,0.0,0.0,0.0194,0.0097,0.0194,0.0,0.0,0.0,0.0,0.0,0.0,0.0,0.0,0.9409,0.0,0.0,0.0,0.0,0.0,0.0,0.0,0.0,0.0,0.0,0.0,0.0,0.0,0.0,0.0,0.0,0.0,0.0,0.0,0.0,0.0,0.0,0.0,0.0,0.0,0.0,0.0,0.0,0.0,0.0,0.0,0.0,0.0,0.0,0.0,0.0,0.0,0.0,0.0,0.0,0.0,0.0,0.0,0.0,0.0,0.0,0.0,0.0,0.0,0.0,0.0,0.0,0.0,0.0,0.0,0.0,0.0,0.0,0.0,0.0,0.0,0.0,0.0,0.0,0.0,0.0,0.0,0.0,0.0,0.0,0.0,0.0,0.0
241,402,1.0000000000000002e-12,6.000000000000002e-12,1.4760000000000005e-09,3.930000000000001e-09,2.9254500000000003e-07,2.963640000000001e-07,5.230672000000001e-06,2.9636500000000007e-07,2.9255100000000004e-07,5.4060000000000006e-09,0.0,5.820000000000001e-10,1.4550000000000002e-09,3.8121000000000006e-07,4.3068000000000004e-07,2.8747308000000004e-05,9.119649e-06,2.8747308000000004e-05,4.3126200000000007e-07,3.8266500000000005e-07,0.0,0.0,1.4113500000000003e-07,1.8818000000000003e-07,4.1775960000000005e-05,2.2525146000000005e-05,0.000884605953,2.2525146000000005e-05,4.1775960000000005e-05,3.2931500000000006e-07,0.0,0.0,0.0,1.825346e-05,1.3690095000000001e-05,0.0021849391619999997,0.0004709392680000001,0.0021849391619999997,1.3690095000000001e-05,1.825346e-05,0.0,0.0,0.0,0.0,0.001327939215,0.000531175686,0.04568110899599999,0.000531175686,0.001327939215,0.0,0.0,0.0,0.0,0.0,0.0,0.05152404154199999,0.008587340256999998,0.05152404154199999,0.0,0.0,0.0,0.0,0.0,0.0,0.0,0.0,0.8329720049289999,0.0,0.0,0.0,0.0,0.0,0.0,0.0,0.0,0.0,0.0,0.0,0.0,0.0,0.0,0.0,0.0,0.0,0.0,0.0,0.0,0.0,0.0,0.0,0.0,0.0,0.0,0.0,0.0,0.0,0.0,0.0,0.0,0.0
242,403,8.000000000000003e-14,2.0650000000000008e-11,6.867000000000002e-11,6.791610000000002e-09,1.0235190000000003e-08,3.4566889000000005e-07,1.4943050000000002e-07,3.4566896000000004e-07,1.0255840000000001e-08,6.8602800000000015e-09,6.790000000000001e-12,2.0370000000000003e-11,6.660990000000002e-09,1.0015250000000003e-08,9.9281343e-07,6.082278300000001e-07,1.449475753e-05,6.082346200000001e-07,9.928338e-07,1.667624e-08,0.0,1.9758900000000003e-09,3.2931500000000008e-09,9.7147925e-07,7.817938100000001e-07,5.899809950999999e-05,1.4005955130000002e-05,5.899809950999999e-05,7.837697e-07,9.747724e-07,0.0,0.0,3.1943555000000006e-07,3.1943555000000006e-07,7.583399957e-05,3.200744211e-05,0.0013585776476099998,3.2007442110000004e-05,7.583399957e-05,6.388711000000001e-07,0.0,0.0,0.0,3.0985248350000005e-05,1.8591149010000003e-05,0.00310472188467,0.00055330800625,0.00310472188467,1.8591149010000003e-05,3.0985248350000005e-05,0.0,0.0,0.0,0.0,0.00180334145397,0.00060111381799,0.05367087660624999,0.00060111381799,0.00180334145397,0.0,0.0,0.0,0.0,0.0,0.0,0.058308040345029996,0.008329720049289998,0.058308040345029996,0.0,0.0,0.0,0.0,0.0,0.0,0.0,0.0,0.8079828447811299,0.0,0.0,0.0,0.0,0.0,0.0,0.0,0.0,0.0,0.0,0.0,0.0,0.0,0.0,0.0,0.0,0.0,0.0,0.0,0.0,0.0,0.0,0.0
243,406,3.938859000000001e-14,1.2523420000000004e-13,1.1293503460000003e-11,2.1310170740000002e-11,1.0874697700600001e-09,1.19466764572e-09,3.21527452965e-08,1.6781487999690002e-08,1.5960045582396002e-07,2.439224383536e-08,5.749266e-14,9.729875250000002e-12,1.4806333960000003e-11,1.7749427784000003e-09,1.7248900138600001e-09,1.0765047733317e-07,5.9181885810300013e-08,1.6132597568714398e-06,3.173359928796e-07,1.10113958463066e-06,3.442309200000001e-12,4.499881290000001e-12,1.2081527073000003e-09,9.986302954800004e-10,1.3923313459488002e-07,7.375175554941001e-08,4.97330991753276e-06,1.40990386780896e-06,2.920882812446964e-05,3.2660183671838993e-06,1.16581002e-12,4.2988790964000014e-10,3.5631774360000007e-10,9.680389518924001e-08,5.4024905709540013e-08,7.15070116253424e-06,2.5024176473176803e-06,0.0001367481016704851,2.02070201244963e-05,0.00010141204776933059,6.299532498000001e-11,5.085940860000001e-11,3.45628211292e-08,1.918314033204e-08,5.24041585382538e-06,1.9973333089653597e-06,0.00024273446170156797,5.380720905110921e-05,0.0018889632236687103,0.0001579944452872513,0.0,4.9333626342e-09,2.50424693778e-09,1.8607646122078799e-06,6.860516212142401e-07,0.00019374133096963992,4.9723073485039774e-05,0.005219004632778436,0.0006261697325378737,0.004003375183346848,0.0,0.0,2.4291195296465997e-07,7.14962473356e-08,6.654700725778127e-05,1.53407521934445e-05,0.0048231381280488565,0.0008090747950329395,0.059063734460669204,0.0028228755984908804,0.0,0.0,0.0,6.9351359915532e-06,9.436628208417297e-07,0.0014880529627641166,0.00017148884143867966,0.07848025511819512,0.00761524071651742,0.060863736540583496,0.0,0.0,0.0,0.0,9.153529362164781e-05,1.6826034499565794e-06,0.01663441761955193,0.0001568153096479335,0.7386783495021899,0.0,0.0,0.0,0.0,0.0,0.0,0.00016321253464578826,7.918231878855072e-05,0.015211085035849553,0.0,0.0
244,407,0.0,0.0,0.0,0.0,0.0,0.0,0.0,0.0,0.0,0.0,0.0,0.0,0.0,0.0,0.0,0.0,1.0,0.0,0.0,0.0,0.0,0.0,0.0,0.0,0.0,0.0,0.0,0.0,0.0,0.0,0.0,0.0,0.0,0.0,0.0,0.0,0.0,0.0,0.0,0.0,0.0,0.0,0.0,0.0,0.0,0.0,0.0,0.0,0.0,0.0,0.0,0.0,0.0,0.0,0.0,0.0,0.0,0.0,0.0,0.0,0.0,0.0,0.0,0.0,0.0,0.0,0.0,0.0,0.0,0.0,0.0,0.0,0.0,0.0,0.0,0.0,0.0,0.0,0.0,0.0,0.0,0.0,0.0,0.0,0.0,0.0,0.0,0.0,0.0,0.0,0.0,0.0,0.0,0.0,0.0,0.0,0.0,0.0,0.0,0.0
245,408,0.0,0.0,0.0,0.0,0.0,0.0,0.01,0.0,0.0,0.0,0.0,0.0,0.0,0.0,0.0,0.01,0.0,0.01,0.0,0.0,0.0,0.0,0.0,0.0,0.0,0.0,0.97,0.0,0.0,0.0,0.0,0.0,0.0,0.0,0.0,0.0,0.0,0.0,0.0,0.0,0.0,0.0,0.0,0.0,0.0,0.0,0.0,0.0,0.0,0.0,0.0,0.0,0.0,0.0,0.0,0.0,0.0,0.0,0.0,0.0,0.0,0.0,0.0,0.0,0.0,0.0,0.0,0.0,0.0,0.0,0.0,0.0,0.0,0.0,0.0,0.0,0.0,0.0,0.0,0.0,0.0,0.0,0.0,0.0,0.0,0.0,0.0,0.0,0.0,0.0,0.0,0.0,0.0,0.0,0.0,0.0,0.0,0.0,0.0,0.0
246,409,0.0,0.0,0.0,0.0,0.0,0.0002,0.0001,0.0002,0.0,0.0,0.0,0.0,0.0,0.0,0.0001,0.0,0.0196,0.0,0.0001,0.0,0.0,0.0,0.0,0.0,0.0,0.0194,0.0,0.0194,0.0,0.0,0.0,0.0,0.0,0.0,0.0,0.0,0.9409,0.0,0.0,0.0,0.0,0.0,0.0,0.0,0.0,0.0,0.0,0.0,0.0,0.0,0.0,0.0,0.0,0.0,0.0,0.0,0.0,0.0,0.0,0.0,0.0,0.0,0.0,0.0,0.0,0.0,0.0,0.0,0.0,0.0,0.0,0.0,0.0,0.0,0.0,0.0,0.0,0.0,0.0,0.0,0.0,0.0,0.0,0.0,0.0,0.0,0.0,0.0,0.0,0.0,0.0,0.0,0.0,0.0,0.0,0.0,0.0,0.0,0.0,0.0
247,410,0.0,0.0,0.0,0.0,3.0000000000000005e-06,3.0000000000000005e-06,0.00020099999999999998,3.0000000000000005e-06,3.0000000000000005e-06,0.0,0.0,0.0,0.0,1.0000000000000002e-06,0.0,0.000585,9.7e-05,0.000585,0.0,1.0000000000000002e-06,0.0,0.0,0.0,0.0,0.000291,0.0,0.028808999999999994,0.0,0.000291,0.0,0.0,0.0,0.0,0.0,0.0,0.028227000000000002,0.0,0.028227000000000002,0.0,0.0,0.0,0.0,0.0,0.0,0.0,0.0,0.912673,0.0,0.0,0.0,0.0,0.0,0.0,0.0,0.0,0.0,0.0,0.0,0.0,0.0,0.0,0.0,0.0,0.0,0.0,0.0,0.0,0.0,0.0,0.0,0.0,0.0,0.0,0.0,0.0,0.0,0.0,0.0,0.0,0.0,0.0,0.0,0.0,0.0,0.0,0.0,0.0,0.0,0.0,0.0,0.0,0.0,0.0,0.0,0.0,0.0,0.0,0.0,0.0,0.0
248,411,0.0,0.0,0.0,4.000000000000001e-08,6.000000000000001e-08,7.919999999999999e-06,3.04e-06,7.919999999999999e-06,6.000000000000001e-08,4.000000000000001e-08,0.0,0.0,1.0000000000000002e-08,0.0,1.1680000000000002e-05,3.88e-06,0.0004947599999999999,3.88e-06,1.1680000000000002e-05,1.0000000000000002e-08,0.0,0.0,0.0,3.88e-06,0.0,0.00114072,9.409e-05,0.00114072,0.0,3.88e-06,0.0,0.0,0.0,0.0,0.0005645400000000001,0.0,0.037635999999999996,0.0,0.0005645400000000001,0.0,0.0,0.0,0.0,0.0,0.0,0.03650692,0.0,0.03650692,0.0,0.0,0.0,0.0,0.0,0.0,0.0,0.0,0.8852928099999999,0.0,0.0,0.0,0.0,0.0,0.0,0.0,0.0,0.0,0.0,0.0,0.0,0.0,0.0,0.0,0.0,0.0,0.0,0.0,0.0,0.0,0.0,0.0,0.0,0.0,0.0,0.0,0.0,0.0,0.0,0.0,0.0,0.0,0.0,0.0,0.0,0.0,0.0,0.0,0.0,0.0,0.0,0.0
249,412,0.0,0.0,5.000000000000001e-10,1.0000000000000003e-09,1.97e-07,1.49e-07,5.136399999999999e-06,1.4900000000000002e-07,1.97e-07,1.5000000000000002e-09,0.0,1.0000000000000002e-10,0.0,1.945e-07,9.700000000000001e-08,2.4154e-05,3.9673e-06,2.4154e-05,9.710000000000002e-08,1.945e-07,0.0,0.0,4.8500000000000004e-08,0.0,2.8421e-05,4.7045e-06,0.0008790915999999999,4.7045e-06,2.8421000000000005e-05,4.8500000000000004e-08,0.0,0.0,0.0,9.409000000000001e-06,0.0,0.0018535729999999999,9.12673e-05,0.0018535729999999999,0.0,9.409000000000001e-06,0.0,0.0,0.0,0.0,0.0009126730000000001,0.0,0.04608998649999999,0.0,0.0009126730000000001,0.0,0.0,0.0,0.0,0.0,0.0,0.044264640499999994,0.0,0.044264640499999994,0.0,0.0,0.0,0.0,0.0,0.0,0.0,0.0,0.8587340256999999,0.0,0.0,0.0,0.0,0.0,0.0,0.0,0.0,0.0,0.0,0.0,0.0,0.0,0.0,0.0,0.0,0.0,0.0,0.0,0.0,0.0,0.0,0.0,0.0,0.0,0.0,0.0,0.0,0.0,0.0,0.0,0.0,0.0
250,413,0.0,6.000000000000002e-12,1.5000000000000003e-11,3.9299999999999995e-09,4.44e-09,2.96364e-07,9.401699999999999e-08,2.96364e-07,4.446e-09,3.945e-09,1.0000000000000002e-12,0.0,2.9160000000000003e-09,1.9400000000000003e-09,7.18785e-07,2.32218e-07,1.4256303999999999e-05,2.3221899999999997e-07,7.18785e-07,4.856000000000001e-09,0.0,5.820000000000001e-10,0.0,5.674500000000001e-07,1.41135e-07,5.104023599999999e-05,4.8550440000000005e-06,5.104023599999999e-05,1.41717e-07,5.6745e-07,0.0,0.0,1.4113500000000003e-07,0.0,5.532492e-05,5.4760379999999995e-06,0.0013506901769999998,5.4760379999999995e-06,5.5324920000000004e-05,1.4113500000000003e-07,0.0,0.0,0.0,1.825346e-05,0.0,0.00271063881,8.8529281e-05,0.00271063881,0.0,1.825346e-05,0.0,0.0,0.0,0.0,0.001327939215,0.0,0.05417991997199999,0.0,0.001327939215,0.0,0.0,0.0,0.0,0.0,0.0,0.05152404154199999,0.0,0.05152404154199999,0.0,0.0,0.0,0.0,0.0,0.0,0.0,0.0,0.8329720049289999,0.0,0.0,0.0,0.0,0.0,0.0,0.0,0.0,0.0,0.0,0.0,0.0,0.0,0.0,0.0,0.0,0.0,0.0,0.0,0.0,0.0,0.0,0.0
251,414,7.000000000000003e-14,2.1000000000000006e-13,7.443e-11,1.1765e-10,1.400799e-08,1.053279e-08,4.3393992999999994e-07,9.652677999999998e-08,2.9474484e-07,8.22728e-09,1.0000000000000002e-14,3.601e-11,1.9550000000000003e-11,1.573017e-08,5.65973e-09,1.3531504899999998e-06,2.7706425999999996e-07,1.4349168729999998e-05,2.2676261999999995e-07,7.076457199999999e-07,5.830000000000001e-12,0.0,7.67955e-09,1.43075e-09,1.62126591e-06,2.4253395e-07,6.366889608999999e-05,4.767892420000001e-06,5.007514046999999e-05,6.893518999999999e-07,0.0,1.4171700000000004e-09,0.0,8.7835925e-07,5.6171729999999995e-08,9.478886462999999e-05,6.300360489999999e-06,0.0013383395113499997,5.31458538e-06,5.399028245000001e-05,0.0,0.0,1.8394595000000003e-07,0.0,5.864488565e-05,9.400531899999999e-07,0.00321173213529,8.592816294999999e-05,0.00264333482165,1.7707267550000003e-05,0.0,0.0,0.0,1.346192675e-05,0.0,0.0023722470417900004,8.8529281e-07,0.053110148568509985,0.0,0.00128828357315,0.0,0.0,0.0,0.0,0.00052851980757,0.0,0.05936507996016999,0.0,0.04999159968788999,0.0,0.0,0.0,0.0,0.0,0.0,0.00884496046471,0.0,0.8084980851965499,0.0,0.0,0.0,0.0,0.0,0.0,0.0,0.0,0.00832972004929,0.0,0.0,0.0,0.0,0.0,0.0,0.0,0.0,0.0,0.0,0.0,0.0,0.0
252,415,3.600000000000002e-15,1.1744e-12,2.3200000000000002e-12,3.7075520000000004e-10,4.1612560000000003e-10,3.156398239999999e-08,1.8292115999999997e-08,5.683261356e-07,9.892832399999997e-08,3.0104168639999996e-07,4.192e-13,2.0730000000000004e-13,2.697712e-10,9.104480000000001e-11,4.51425088e-08,1.0791248100000002e-08,2.0970760227999996e-06,3.1966415039999994e-07,1.4429468978399997e-05,9.133518815999999e-07,5.840000000000001e-14,9.698240000000001e-11,1.4503000000000002e-11,3.26027168e-08,4.4314816e-09,3.1707370448e-06,3.487111032e-07,7.578646741279998e-05,4.687162646400001e-06,4.978853688059999e-05,1.4230000000000004e-11,0.0,1.20745024e-08,5.760247999999999e-10,2.4025586344e-06,1.2931605439999998e-07,0.00013808260411839998,7.0714560827999994e-06,0.0013256633284551998,5.770968798960001e-05,0.0,1.8536312000000003e-09,0.0,9.082792880000001e-07,9.962249199999999e-09,0.00011367321949760001,1.8429897567999998e-06,0.0036862984002463996,8.35805365908e-05,0.00259463356508,0.0,0.0,1.36458727e-07,0.0,4.2652186297600005e-05,1.825346e-08,0.0034579492371760003,1.7180156551999998e-06,0.05205607629228158,0.001249812138631,0.0,0.0,0.0,5.419817343200001e-06,0.0,0.0012184870880096001,8.8529281e-09,0.0667001258958944,0.0,0.04850473453298479,0.0,0.0,0.0,0.0,9.37348027228e-05,0.0,0.0173415405028288,0.0,0.7847430586375322,0.0,0.0,0.0,0.0,0.0,0.0,0.00017174680514,0.0,0.016164809299776796,0.0,0.0,0.0,0.0,0.0,0.0,0.0,0.0,8.32972004929e-05,0.0,0.0,0.0
253,417,0.0,1.1304165000000001e-13,1.8587668000000003e-13,1.9299588960000004e-11,1.951150474e-11,1.1228476970099997e-09,6.235034208599999e-10,1.6655888167439995e-08,3.3533565535199995e-09,1.1295889360259997e-08,7.893345000000001e-14,7.259128e-14,2.478713664e-11,1.55245931e-11,2.5990218954e-09,9.96154621e-10,8.396515431335997e-08,1.585899207033e-08,4.5862530896087994e-07,4.6722241456439996e-08,3.068052000000001e-14,1.411092888e-11,4.7957965e-12,2.75969300784e-09,7.5135330004e-10,1.8045029814455996e-07,3.2550237113939997e-08,3.007442749232099e-06,2.3519856621377997e-07,2.1009414930803997e-06,4.134101280000001e-12,5.3656521e-13,1.5607918765800003e-09,1.9813029492e-10,1.9270051338815997e-07,2.0618665106610002e-08,7.449923473425958e-06,5.601088963159199e-07,4.847721693429467e-05,3.841208753468459e-06,5.163736800000001e-13,4.802229944400001e-10,2.5816978739999997e-11,1.1578927118796001e-07,7.07269712592e-09,9.12744340645872e-06,5.1262704469569e-07,0.00018999925529939945,7.81503773252292e-06,0.00014042692777871835,6.299532498000001e-11,0.0,3.7041251088240006e-08,7.370747147999999e-10,5.919394777913699e-06,1.581520844685e-07,0.00029194492618160736,8.469407356086598e-06,0.0024914518552866583,0.0001456594432563864,0.0,4.933362634200001e-09,0.0,1.9315237848286802e-06,9.728482689089998e-09,0.00020892393107861592,1.7679262003987598e-06,0.006019738450542993,0.00010777108621002727,0.004589736378107073,0.0,0.0,2.4291195296466e-07,0.0,6.748094159593392e-05,1.734642731914e-08,0.004992859043287139,1.6166526767828198e-06,0.06660046754093388,0.002195414397041566,0.0,0.0,0.0,6.9351359915532e-06,0.0,0.001489718219786754,8.163125648304201e-07,0.07863545377516629,0.0,0.06086373654058348,0.0,0.0,0.0,0.0,9.15352936216478e-05,0.00016321253464578826,0.016712783625775652,0.01521108503584955,0.7386783495021898,0.0
254,418,0.0,0.0,0.0,0.0,0.0,0.0,0.0,0.0,0.0,0.0,0.0,0.0,0.0,0.0,0.0,0.0,0.0,0.0,0.0,0.0,0.0,0.0,0.0,0.0,0.0,0.0,1.0,0.0,0.0,0.0,0.0,0.0,0.0,0.0,0.0,0.0,0.0,0.0,0.0,0.0,0.0,0.0,0.0,0.0,0.0,0.0,0.0,0.0,0.0,0.0,0.0,0.0,0.0,0.0,0.0,0.0,0.0,0.0,0.0,0.0,0.0,0.0,0.0,0.0,0.0,0.0,0.0,0.0,0.0,0.0,0.0,0.0,0.0,0.0,0.0,0.0,0.0,0.0,0.0,0.0,0.0,0.0,0.0,0.0,0.0,0.0,0.0,0.0,0.0,0.0,0.0,0.0,0.0,0.0,0.0,0.0,0.0,0.0,0.0,0.0
255,419,0.0,0.0,0.0,0.0,0.0,0.0,0.0,0.0,0.0,0.0,0.0,0.0,0.0,0.0,0.0,0.0,0.01,0.0,0.0,0.0,0.0,0.0,0.0,0.0,0.0,0.01,0.0,0.01,0.0,0.0,0.0,0.0,0.0,0.0,0.0,0.0,0.97,0.0,0.0,0.0,0.0,0.0,0.0,0.0,0.0,0.0,0.0,0.0,0.0,0.0,0.0,0.0,0.0,0.0,0.0,0.0,0.0,0.0,0.0,0.0,0.0,0.0,0.0,0.0,0.0,0.0,0.0,0.0,0.0,0.0,0.0,0.0,0.0,0.0,0.0,0.0,0.0,0.0,0.0,0.0,0.0,0.0,0.0,0.0,0.0,0.0,0.0,0.0,0.0,0.0,0.0,0.0,0.0,0.0,0.0,0.0,0.0,0.0,0.0,0.0
256,420,0.0,0.0,0.0,0.0,0.0,0.0,0.0001,0.0,0.0,0.0,0.0,0.0,0.0,0.0,0.0,0.0002,0.0,0.0002,0.0,0.0,0.0,0.0,0.0,0.0,0.0001,0.0,0.0196,0.0,0.0001,0.0,0.0,0.0,0.0,0.0,0.0,0.0194,0.0,0.0194,0.0,0.0,0.0,0.0,0.0,0.0,0.0,0.0,0.9409,0.0,0.0,0.0,0.0,0.0,0.0,0.0,0.0,0.0,0.0,0.0,0.0,0.0,0.0,0.0,0.0,0.0,0.0,0.0,0.0,0.0,0.0,0.0,0.0,0.0,0.0,0.0,0.0,0.0,0.0,0.0,0.0,0.0,0.0,0.0,0.0,0.0,0.0,0.0,0.0,0.0,0.0,0.0,0.0,0.0,0.0,0.0,0.0,0.0,0.0,0.0,0.0,0.0
257,421,0.0,0.0,0.0,0.0,0.0,3.0000000000000005e-06,1.0000000000000002e-06,3.0000000000000005e-06,0.0,0.0,0.0,0.0,0.0,0.0,3.0000000000000005e-06,0.0,0.00029699999999999996,0.0,3.0000000000000005e-06,0.0,0.0,0.0,0.0,1.0000000000000002e-06,0.0,0.000585,0.0,0.000585,0.0,1.0000000000000002e-06,0.0,0.0,0.0,0.0,0.000291,0.0,0.028808999999999994,0.0,0.000291,0.0,0.0,0.0,0.0,0.0,0.0,0.028227000000000002,0.0,0.028227000000000002,0.0,0.0,0.0,0.0,0.0,0.0,0.0,0.0,0.912673,0.0,0.0,0.0,0.0,0.0,0.0,0.0,0.0,0.0,0.0,0.0,0.0,0.0,0.0,0.0,0.0,0.0,0.0,0.0,0.0,0.0,0.0,0.0,0.0,0.0,0.0,0.0,0.0,0.0,0.0,0.0,0.0,0.0,0.0,0.0,0.0,0.0,0.0,0.0,0.0,0.0,0.0,0.0
258,422,0.0,0.0,0.0,0.0,6.000000000000001e-08,4.000000000000001e-08,3.0399999999999997e-06,4.000000000000001e-08,6.000000000000001e-08,0.0,0.0,0.0,0.0,4.000000000000001e-08,0.0,1.176e-05,9.7e-07,1.1760000000000001e-05,0.0,4.000000000000001e-08,0.0,0.0,1.0000000000000002e-08,0.0,1.1680000000000002e-05,0.0,0.0005878799999999999,0.0,1.1680000000000002e-05,1.0000000000000002e-08,0.0,0.0,0.0,3.88e-06,0.0,0.00114072,0.0,0.00114072,0.0,3.88e-06,0.0,0.0,0.0,0.0,0.0005645400000000001,0.0,0.037635999999999996,0.0,0.0005645400000000001,0.0,0.0,0.0,0.0,0.0,0.0,0.03650692,0.0,0.03650692,0.0,0.0,0.0,0.0,0.0,0.0,0.0,0.0,0.8852928099999999,0.0,0.0,0.0,0.0,0.0,0.0,0.0,0.0,0.0,0.0,0.0,0.0,0.0,0.0,0.0,0.0,0.0,0.0,0.0,0.0,0.0,0.0,0.0,0.0,0.0,0.0,0.0,0.0,0.0,0.0,0.0,0.0,0.0
259,429,0.0,0.0,0.0,0.0,0.0,0.0,0.0,0.0,0.0,0.0,0.0,0.0,0.0,0.0,0.0,0.0,0.0,0.0,0.0,0.0,0.0,0.0,0.0,0.0,0.0,0.0,0.0,0.0,0.0,0.0,0.0,0.0,0.0,0.0,0.0,0.0,1.0,0.0,0.0,0.0,0.0,0.0,0.0,0.0,0.0,0.0,0.0,0.0,0.0,0.0,0.0,0.0,0.0,0.0,0.0,0.0,0.0,0.0,0.0,0.0,0.0,0.0,0.0,0.0,0.0,0.0,0.0,0.0,0.0,0.0,0.0,0.0,0.0,0.0,0.0,0.0,0.0,0.0,0.0,0.0,0.0,0.0,0.0,0.0,0.0,0.0,0.0,0.0,0.0,0.0,0.0,0.0,0.0,0.0,0.0,0.0,0.0,0.0,0.0,0.0
260,430,0.0,0.0,0.0,0.0,0.0,0.0,0.0,0.0,0.0,0.0,0.0,0.0,0.0,0.0,0.0,0.0,0.0,0.0,0.0,0.0,0.0,0.0,0.0,0.0,0.0,0.0,0.01,0.0,0.0,0.0,0.0,0.0,0.0,0.0,0.0,0.01,0.0,0.01,0.0,0.0,0.0,0.0,0.0,0.0,0.0,0.0,0.97,0.0,0.0,0.0,0.0,0.0,0.0,0.0,0.0,0.0,0.0,0.0,0.0,0.0,0.0,0.0,0.0,0.0,0.0,0.0,0.0,0.0,0.0,0.0,0.0,0.0,0.0,0.0,0.0,0.0,0.0,0.0,0.0,0.0,0.0,0.0,0.0,0.0,0.0,0.0,0.0,0.0,0.0,0.0,0.0,0.0,0.0,0.0,0.0,0.0,0.0,0.0,0.0,0.0
261,433,0.0,0.0,0.0,0.0,0.0,4.000000000000001e-08,1.0000000000000002e-08,4.000000000000001e-08,0.0,0.0,0.0,0.0,0.0,0.0,6.000000000000001e-08,0.0,4e-06,0.0,6.000000000000001e-08,0.0,0.0,0.0,0.0,4.000000000000001e-08,0.0,1.176e-05,0.0,1.1760000000000001e-05,0.0,4.000000000000001e-08,0.0,0.0,1.0000000000000002e-08,0.0,1.1680000000000002e-05,0.0,0.0005878799999999999,0.0,1.1680000000000002e-05,1.0000000000000002e-08,0.0,0.0,0.0,3.88e-06,0.0,0.00114072,0.0,0.00114072,0.0,3.88e-06,0.0,0.0,0.0,0.0,0.0005645400000000001,0.0,0.037635999999999996,0.0,0.0005645400000000001,0.0,0.0,0.0,0.0,0.0,0.0,0.03650692,0.0,0.03650692,0.0,0.0,0.0,0.0,0.0,0.0,0.0,0.0,0.8852928099999999,0.0,0.0,0.0,0.0,0.0,0.0,0.0,0.0,0.0,0.0,0.0,0.0,0.0,0.0,0.0,0.0,0.0,0.0,0.0,0.0,0.0,0.0,0.0
262,434,0.0,0.0,0.0,0.0,1.0000000000000003e-09,5.000000000000001e-10,7.93e-08,1.0100000000000001e-08,3.94e-08,0.0,0.0,0.0,0.0,1.0000000000000003e-09,0.0,2.1620000000000002e-07,1.0000000000000002e-10,3.9986e-06,0.0,5.86e-08,0.0,0.0,5.000000000000001e-10,0.0,2.738e-07,0.0,1.7443599999999997e-05,0.0,1.1524999999999999e-05,3.8900000000000004e-08,0.0,1.0000000000000002e-10,0.0,1.6570000000000003e-07,0.0,2.8733199999999998e-05,0.0,0.0005818851999999999,1.0000000000000002e-10,1.13785e-05,0.0,0.0,3.8900000000000004e-08,0.0,2.0933e-05,0.0,0.0015001443999999998,0.0,0.0011122993999999999,3.7636999999999996e-06,0.0,0.0,0.0,5.684200000000001e-06,0.0,0.0013004402,0.0,0.036889041799999994,0.0,0.0005476426000000001,0.0,0.0,0.0,0.0,0.0003707146,0.0,0.04500606969999999,0.0,0.03541735779999999,0.0,0.0,0.0,0.0,0.0,0.0,0.0092179973,0.0,0.8590990948999999,0.0,0.0,0.0,0.0,0.0,0.0,0.0,0.0,0.008852928099999999,0.0,0.0,0.0,0.0,0.0,0.0,0.0,0.0,0.0,0.0,0.0,0.0,0.0
263,435,0.0,0.0,0.0,2.0000000000000005e-11,1.5000000000000003e-11,3.93e-09,1.3800000000000002e-09,1.17402e-07,1.0191e-08,3.8804e-08,0.0,0.0,1.5000000000000003e-11,0.0,5.88e-09,6.000000000000002e-12,4.24929e-07,1.9800000000000004e-10,3.9948720000000006e-06,5.7231e-08,0.0,6.000000000000002e-12,0.0,4.8899999999999995e-09,0.0,7.295159999999998e-07,1.0000000000000002e-12,2.2894379999999994e-05,3.9000000000000005e-10,1.1331353999999997e-05,1.0000000000000002e-12,0.0,2.1480000000000004e-09,0.0,6.60129e-07,0.0,4.8865936e-05,1.0000000000000002e-12,0.0005757806729999999,1.1075268000000001e-05,0.0,3.9000000000000005e-10,0.0,3.0556200000000005e-07,0.0,4.8598188e-05,0.0,0.0018409723319999997,3.7637999999999996e-08,0.001088171418,0.0,0.0,5.723100000000001e-08,0.0,2.2434552000000002e-05,0.0,0.0020953795529999996,0.0,0.036153143544,0.000531250959,0.0,0.0,0.0,3.763988e-06,0.0,0.000914838234,0.0,0.05296994255399999,0.0,0.03436031349199999,0.0,0.0,0.0,0.0,9.588711899999998e-05,0.0,0.018071038308,0.0,0.833680295631,0.0,0.0,0.0,0.0,0.0,0.0,0.000180709254,0.0,0.017178331206,0.0,0.0,0.0,0.0,0.0,0.0,0.0,0.0,8.8529281e-05,0.0,0.0,0.0
264,436,0.0,0.0,3.500000000000001e-13,3.500000000000001e-13,9.845e-11,5.331e-11,5.4764100000000005e-09,1.29171e-09,4.161269000000001e-08,1.4502999999999998e-09,0.0,2.1000000000000006e-13,0.0,1.2725e-10,1.4610000000000002e-11,1.541535e-08,1.3406500000000003e-09,3.8702175e-07,1.046346e-08,1.9147444999999998e-07,7.000000000000003e-14,0.0,8.499000000000001e-11,0.0,1.964895e-08,5.830000000000002e-12,1.13707945e-06,1.9598000000000003e-10,9.97508991e-06,2.7958419e-07,1.0000000000000002e-14,3.121000000000001e-11,0.0,1.442169e-08,0.0,1.68887305e-06,9.8e-13,4.686373801e-05,1.1150737000000001e-07,2.774168697e-05,4.870000000000001e-12,0.0,5.715390000000001e-09,0.0,1.35370815e-06,0.0,8.724945865e-05,3.7734999999999994e-10,0.0009493301257499999,2.693761011e-05,0.0,9.506100000000003e-10,0.0,5.5895285e-07,0.0,7.746676575e-05,0.0,0.0026979278185499996,5.34901845e-06,0.00176597335541,0.0,0.0,9.315395000000002e-08,0.0,3.190640885000001e-05,0.0,0.0027520763573699995,0.0,0.04427865475445,0.0008589165651499999,0.0,0.0,0.0,4.60993955e-06,0.0,0.00107086943379,0.0,0.060070140928829986,0.0,0.04166630704354999,0.0,0.0,0.0,0.0,9.481759796999998e-05,0.0,0.017703382856170003,0.0,0.80884167007413,0.0,0.0,0.0,0.0,0.0,0.0,0.00017617326918999997,8.587340257e-05,0.01666386656263,0.0,0.0
265,437,0.0,5.600000000000002e-15,7.0000000000000025e-15,2.264e-12,1.6672e-12,2.104352e-10,8.162080000000002e-11,4.3540256e-09,5.481816000000002e-10,2.3598774e-09,2.800000000000001e-15,0.0,2.464e-12,4.856000000000002e-13,4.47412e-10,6.53216e-11,2.0707283200000002e-08,1.3729596e-09,1.4590017040000002e-07,6.222012e-09,0.0,1.3664000000000003e-12,0.0,4.649888e-10,1.4230000000000002e-11,4.3408904e-08,1.3024584000000002e-09,9.551701712e-07,1.4062431600000002e-08,5.656938271999999e-07,4.2880000000000015e-13,0.0,2.8412320000000003e-10,0.0,4.96295104e-08,5.664900000000002e-12,2.4609877636e-06,1.3089576e-09,1.9915192719999998e-05,8.191047088e-07,5.840000000000001e-14,9.698240000000003e-11,0.0,3.31728032e-08,0.0,3.298906184e-06,4.724099999999999e-12,8.280289989919998e-05,4.3103220800000003e-07,5.433184727359999e-05,1.4230000000000005e-11,0.0,1.2074502400000002e-08,0.0,2.41241818e-06,0.0,0.0001399066843072,5.3856214e-08,0.0014082757812616,5.24318711968e-05,0.0,1.8536312000000003e-09,0.0,9.082792880000001e-07,0.0,0.00011369128477759999,0.0,0.0036879987043999993,1.3777713547999999e-05,0.0025810329383792,0.0,0.0,1.3645872700000003e-07,0.0,4.265218629760001e-05,0.0,0.0034579579988367995,0.0,0.0520560762922816,0.0012498121386309998,0.0,0.0,0.0,5.4198173432e-06,0.0,0.0012184870880096,8.587340257e-07,0.06670012589589439,0.0,0.04850473453298479,0.0,0.0,0.0,0.0,9.373480272279998e-05,0.00017174680513999996,0.017423978969296004,0.016164809299776803,0.7847430586375324,0.0
266,439,0.0,0.0,0.0,0.0,0.0,0.0,0.0,0.0,0.0,0.0,0.0,0.0,0.0,0.0,0.0,0.0,0.0,0.0,0.0,0.0,0.0,0.0,0.0,0.0,0.0,0.0,0.0,0.0,0.0,0.0,0.0,0.0,0.0,0.0,0.0,0.0,0.0,0.0,0.0,0.0,0.0,0.0,0.0,0.0,0.0,0.0,1.0,0.0,0.0,0.0,0.0,0.0,0.0,0.0,0.0,0.0,0.0,0.0,0.0,0.0,0.0,0.0,0.0,0.0,0.0,0.0,0.0,0.0,0.0,0.0,0.0,0.0,0.0,0.0,0.0,0.0,0.0,0.0,0.0,0.0,0.0,0.0,0.0,0.0,0.0,0.0,0.0,0.0,0.0,0.0,0.0,0.0,0.0,0.0,0.0,0.0,0.0,0.0,0.0,0.0
267,440,0.0,0.0,0.0,0.0,0.0,0.0,0.0,0.0,0.0,0.0,0.0,0.0,0.0,0.0,0.0,0.0,0.0,0.0,0.0,0.0,0.0,0.0,0.0,0.0,0.0,0.0,0.0,0.0,0.0,0.0,0.0,0.0,0.0,0.0,0.0,0.0,0.01,0.0,0.0,0.0,0.0,0.0,0.0,0.0,0.0,0.01,0.0,0.01,0.0,0.0,0.0,0.0,0.0,0.0,0.0,0.0,0.97,0.0,0.0,0.0,0.0,0.0,0.0,0.0,0.0,0.0,0.0,0.0,0.0,0.0,0.0,0.0,0.0,0.0,0.0,0.0,0.0,0.0,0.0,0.0,0.0,0.0,0.0,0.0,0.0,0.0,0.0,0.0,0.0,0.0,0.0,0.0,0.0,0.0,0.0,0.0,0.0,0.0,0.0,0.0
268,441,0.0,0.0,0.0,0.0,0.0,0.0,0.0,0.0,0.0,0.0,0.0,0.0,0.0,0.0,0.0,0.0,0.0,0.0,0.0,0.0,0.0,0.0,0.0,0.0,0.0,0.0,0.0001,0.0,0.0,0.0,0.0,0.0,0.0,0.0,0.0,0.0002,0.0,0.0002,0.0,0.0,0.0,0.0,0.0,0.0,0.0001,0.0,0.0196,0.0,0.0001,0.0,0.0,0.0,0.0,0.0,0.0,0.0194,0.0,0.0194,0.0,0.0,0.0,0.0,0.0,0.0,0.0,0.0,0.9409,0.0,0.0,0.0,0.0,0.0,0.0,0.0,0.0,0.0,0.0,0.0,0.0,0.0,0.0,0.0,0.0,0.0,0.0,0.0,0.0,0.0,0.0,0.0,0.0,0.0,0.0,0.0,0.0,0.0,0.0,0.0,0.0,0.0
269,442,0.0,0.0,0.0,0.0,0.0,0.0,0.0,0.0,0.0,0.0,0.0,0.0,0.0,0.0,0.0,0.0,1.0000000000000002e-06,0.0,0.0,0.0,0.0,0.0,0.0,0.0,0.0,3.0000000000000005e-06,0.0,3.0000000000000005e-06,0.0,0.0,0.0,0.0,0.0,0.0,3.0000000000000005e-06,0.0,0.00029699999999999996,0.0,3.0000000000000005e-06,0.0,0.0,0.0,0.0,1.0000000000000002e-06,0.0,0.000585,0.0,0.000585,0.0,1.0000000000000002e-06,0.0,0.0,0.0,0.0,0.000291,0.0,0.028808999999999994,0.0,0.000291,0.0,0.0,0.0,0.0,0.0,0.0,0.028227000000000002,0.0,0.028227000000000002,0.0,0.0,0.0,0.0,0.0,0.0,0.0,0.0,0.912673,0.0,0.0,0.0,0.0,0.0,0.0,0.0,0.0,0.0,0.0,0.0,0.0,0.0,0.0,0.0,0.0,0.0,0.0,0.0,0.0,0.0,0.0,0.0
270,443,0.0,0.0,0.0,0.0,0.0,0.0,1.0000000000000002e-08,0.0,0.0,0.0,0.0,0.0,0.0,0.0,0.0,4.000000000000001e-08,0.0,1e-06,0.0,0.0,0.0,0.0,0.0,0.0,6.000000000000001e-08,0.0,5.919999999999999e-06,0.0,2.9400000000000007e-06,0.0,0.0,0.0,0.0,4.000000000000001e-08,0.0,1.1760000000000001e-05,0.0,0.00029399999999999994,0.0,2.9200000000000004e-06,0.0,0.0,1.0000000000000002e-08,0.0,9.76e-06,0.0,0.00086436,0.0,0.0005704000000000001,9.7e-07,0.0,0.0,0.0,2.9200000000000004e-06,0.0,0.00085848,0.0,0.028235759999999995,0.0,0.00028228,0.0,0.0,0.0,0.0,0.00028518000000000006,0.0,0.037077280000000004,0.0,0.0273831,0.0,0.0,0.0,0.0,0.0,0.0,0.009408999999999999,0.0,0.88557508,0.0,0.0,0.0,0.0,0.0,0.0,0.0,0.0,0.00912673,0.0,0.0,0.0,0.0,0.0,0.0,0.0,0.0,0.0,0.0,0.0,0.0,0.0
271,444,0.0,0.0,0.0,0.0,0.0,5.000000000000001e-10,1.0000000000000002e-10,1.97e-08,0.0,0.0,0.0,0.0,0.0,0.0,1.0000000000000003e-09,0.0,1.081e-07,0.0,9.994000000000001e-07,0.0,0.0,0.0,0.0,1.0000000000000003e-09,0.0,2.3540000000000003e-07,0.0,8.721799999999998e-06,0.0,2.8810000000000005e-06,0.0,0.0,5.000000000000001e-10,0.0,2.546e-07,0.0,2.305e-05,0.0,0.0002909425999999999,2.8421000000000003e-06,0.0,1.0000000000000002e-10,0.0,1.3690000000000001e-07,0.0,2.68132e-05,0.0,0.0011294308,9.700000000000001e-09,0.0005570809000000001,0.0,0.0,2.9300000000000004e-08,0.0,1.43666e-05,0.0,0.0014944996,0.0,0.02767104499999999,0.0002738213,0.0,0.0,0.0,2.881000000000001e-06,0.0,0.0007500722000000001,0.0,0.045376901000000004,0.0,0.0265644298,0.0,0.0,0.0,0.0,9.69418e-05,0.0,0.0184445209,0.0,0.8592816585999999,0.0,0.0,0.0,0.0,0.0,0.0,0.00018535729999999997,0.0,0.017708678899999997,0.0,0.0,0.0,0.0,0.0,0.0,0.0,0.0,9.12673e-05,0.0,0.0,0.0
272,448,0.0,0.0,0.0,0.0,0.0,0.0,0.0,0.0,0.0,0.0,0.0,0.0,0.0,0.0,0.0,0.0,0.0,0.0,0.0,0.0,0.0,0.0,0.0,0.0,0.0,0.0,0.0,0.0,0.0,0.0,0.0,0.0,0.0,0.0,0.0,0.0,0.0,0.0,0.0,0.0,0.0,0.0,0.0,0.0,0.0,0.0,0.0,0.0,0.0,0.0,0.0,0.0,0.0,0.0,0.0,0.0,1.0,0.0,0.0,0.0,0.0,0.0,0.0,0.0,0.0,0.0,0.0,0.0,0.0,0.0,0.0,0.0,0.0,0.0,0.0,0.0,0.0,0.0,0.0,0.0,0.0,0.0,0.0,0.0,0.0,0.0,0.0,0.0,0.0,0.0,0.0,0.0,0.0,0.0,0.0,0.0,0.0,0.0,0.0,0.0
273,450,0.0,0.0,0.0,0.0,0.0,0.0,0.0,0.0,0.0,0.0,0.0,0.0,0.0,0.0,0.0,0.0,0.0,0.0,0.0,0.0,0.0,0.0,0.0,0.0,0.0,0.0,0.0,0.0,0.0,0.0,0.0,0.0,0.0,0.0,0.0,0.0,0.0001,0.0,0.0,0.0,0.0,0.0,0.0,0.0,0.0,0.0002,0.0,0.0002,0.0,0.0,0.0,0.0,0.0,0.0,0.0001,0.0,0.0196,0.0,0.0001,0.0,0.0,0.0,0.0,0.0,0.0,0.0194,0.0,0.0194,0.0,0.0,0.0,0.0,0.0,0.0,0.0,0.0,0.9409,0.0,0.0,0.0,0.0,0.0,0.0,0.0,0.0,0.0,0.0,0.0,0.0,0.0,0.0,0.0,0.0,0.0,0.0,0.0,0.0,0.0,0.0,0.0
274,456,0.0,0.0,0.0,0.0,0.0,0.0,0.0,0.0,0.0,0.0,0.0,0.0,0.0,0.0,0.0,0.0,0.0,0.0,0.0,0.0,0.0,0.0,0.0,0.0,0.0,0.0,0.0,0.0,0.0,0.0,0.0,0.0,0.0,0.0,0.0,0.0,0.0,0.0,0.0,0.0,0.0,0.0,0.0,0.0,0.0,0.0,0.0,0.0,0.0,0.0,0.0,0.0,0.0,0.0,0.0,0.0,0.0,0.0,0.0,0.0,0.0,0.0,0.0,0.0,0.0,0.0,1.0,0.0,0.0,0.0,0.0,0.0,0.0,0.0,0.0,0.0,0.0,0.0,0.0,0.0,0.0,0.0,0.0,0.0,0.0,0.0,0.0,0.0,0.0,0.0,0.0,0.0,0.0,0.0,0.0,0.0,0.0,0.0,0.0,0.0
275,458,0.0,0.0,0.0,0.0,0.0,0.0,0.0,0.0,0.0,0.0,0.0,0.0,0.0,0.0,0.0,0.0,0.0,0.0,0.0,0.0,0.0,0.0,0.0,0.0,0.0,0.0,0.0,0.0,0.0,0.0,0.0,0.0,0.0,0.0,0.0,0.0,0.0,0.0,0.0,0.0,0.0,0.0,0.0,0.0,0.0,0.0,0.0001,0.0,0.0,0.0,0.0,0.0,0.0,0.0,0.0,0.0002,0.0,0.0098,0.0,0.0,0.0,0.0,0.0,0.0,0.0001,0.0,0.0196,0.0,0.0097,0.0,0.0,0.0,0.0,0.0,0.0,0.0098,0.0,0.941,0.0,0.0,0.0,0.0,0.0,0.0,0.0,0.0,0.0097,0.0,0.0,0.0,0.0,0.0,0.0,0.0,0.0,0.0,0.0,0.0,0.0,0.0
276,459,0.0,0.0,0.0,0.0,0.0,0.0,0.0,0.0,0.0,0.0,0.0,0.0,0.0,0.0,0.0,0.0,0.0,0.0,0.0,0.0,0.0,0.0,0.0,0.0,0.0,0.0,0.0,0.0,0.0,0.0,0.0,0.0,0.0,0.0,0.0,0.0,1.0000000000000002e-06,0.0,0.0,0.0,0.0,0.0,0.0,0.0,0.0,3.0000000000000005e-06,0.0,0.000195,0.0,0.0,0.0,0.0,0.0,0.0,3.0000000000000005e-06,0.0,0.000489,0.0,0.009602999999999999,0.0,0.0,0.0,0.0,1.0000000000000002e-06,0.0,0.00039299999999999996,0.0,0.028616999999999997,0.0,0.009409,0.0,0.0,0.0,0.0,9.9e-05,0.0,0.019208999999999997,0.0,0.912867,0.0,0.0,0.0,0.0,0.0,0.0,0.000195,0.0,0.018819000000000002,0.0,0.0,0.0,0.0,0.0,0.0,0.0,0.0,9.7e-05,0.0,0.0,0.0
277,460,0.0,0.0,0.0,0.0,0.0,0.0,0.0,0.0,0.0,0.0,0.0,0.0,0.0,0.0,0.0,0.0,0.0,0.0,0.0,0.0,0.0,0.0,0.0,0.0,0.0,0.0,1.0000000000000002e-08,0.0,0.0,0.0,0.0,0.0,0.0,0.0,0.0,4.000000000000001e-08,0.0,1.96e-06,0.0,0.0,0.0,0.0,0.0,0.0,6.000000000000001e-08,0.0,7.84e-06,0.0,9.797999999999998e-05,0.0,0.0,0.0,0.0,4.000000000000001e-08,0.0,1.176e-05,0.0,0.00057624,0.0,0.00019012,0.0,0.0,1.0000000000000002e-08,0.0,7.840000000000001e-06,0.0,0.00095652,0.0,0.01882384,9.409000000000002e-05,0.0,0.0,0.0,1.96e-06,0.0,0.0005762399999999999,0.0,0.03726743999999999,0.0,0.018255399999999998,0.0,0.0,0.0,0.0,9.797999999999998e-05,0.0,0.018823839999999998,0.0,0.88566918,0.0,0.0,0.0,0.0,0.0,0.0,0.00019012,9.409e-05,0.0182554,0.0,0.0
278,462,0.0,0.0,0.0,0.0,0.0,0.0,1.0000000000000002e-12,0.0,0.0,0.0,0.0,0.0,0.0,0.0,0.0,6.000000000000002e-12,0.0,2.94e-10,0.0,0.0,0.0,0.0,0.0,0.0,1.5000000000000003e-11,0.0,1.7640000000000003e-09,0.0,2.9103e-08,0.0,0.0,0.0,0.0,2.0000000000000005e-11,0.0,4.41e-09,0.0,2.0226600000000005e-07,0.0,9.982279999999997e-07,0.0,0.0,1.5000000000000003e-11,0.0,5.88e-09,0.0,5.47137e-07,0.0,1.1408376e-05,2.822991e-06,0.0,6.000000000000002e-12,0.0,4.41e-09,0.0,7.479479999999999e-07,0.0,3.6649452e-05,3.783e-08,0.0002905614659999999,1.0000000000000002e-12,0.0,1.7640000000000001e-09,0.0,5.47137e-07,0.0,5.2478608e-05,9.409000000000002e-09,0.0013807292490000001,0.0005431445159999999,0.0,2.94e-10,0.0,2.0226600000000002e-07,0.0,3.6649452e-05,9.409e-09,0.00219143838,2.747622e-06,0.027377726106,0.0,0.0,2.9103000000000003e-08,0.0,1.1408375999999998e-05,1.862982e-06,0.0013816325129999997,0.000177999462,0.053150765304,0.025770235119,0.0,0.0,0.0,9.982279999999995e-07,2.8229909999999994e-06,0.000288736314,0.000542241252,0.027202474266,0.025770235119,0.8337688531399999
279,463,0.0,0.0,0.0,0.0,0.0,0.0,0.0,0.0,0.0,0.0,0.0,0.0,0.0,0.0,0.0,0.0,0.0,0.0,0.0,0.0,0.0,0.0,0.0,0.0,0.0,0.0,0.0,0.0,0.0,0.0,0.0,0.0,0.0,0.0,0.0,0.0,0.0,0.0,0.0,0.0,0.0,0.0,0.0,0.0,0.0,0.0,0.0,0.0,0.0,0.0,0.0,0.0,0.0,0.0,0.0,0.0,0.0,0.0,0.0,0.0,0.0,0.0,0.0,0.0,0.0,0.0,0.0,0.0,0.0,0.0,0.0,0.0,0.0,0.0,0.0,0.0,1.0,0.0,0.0,0.0,0.0,0.0,0.0,0.0,0.0,0.0,0.0,0.0,0.0,0.0,0.0,0.0,0.0,0.0,0.0,0.0,0.0,0.0,0.0,0.0
280,464,0.0,0.0,0.0,0.0,0.0,0.0,0.0,0.0,0.0,0.0,0.0,0.0,0.0,0.0,0.0,0.0,0.0,0.0,0.0,0.0,0.0,0.0,0.0,0.0,0.0,0.0,0.0,0.0,0.0,0.0,0.0,0.0,0.0,0.0,0.0,0.0,0.0,0.0,0.0,0.0,0.0,0.0,0.0,0.0,0.0,0.0,0.0,0.0,0.0,0.0,0.0,0.0,0.0,0.0,0.0,0.0,0.0,0.0,0.0,0.0,0.0,0.0,0.0,0.0,0.0,0.0,0.01,0.0,0.0,0.0,0.0,0.0,0.0,0.0,0.0,0.01,0.0,0.97,0.0,0.0,0.0,0.0,0.0,0.0,0.0,0.0,0.01,0.0,0.0,0.0,0.0,0.0,0.0,0.0,0.0,0.0,0.0,0.0,0.0,0.0
281,465,0.0,0.0,0.0,0.0,0.0,0.0,0.0,0.0,0.0,0.0,0.0,0.0,0.0,0.0,0.0,0.0,0.0,0.0,0.0,0.0,0.0,0.0,0.0,0.0,0.0,0.0,0.0,0.0,0.0,0.0,0.0,0.0,0.0,0.0,0.0,0.0,0.0,0.0,0.0,0.0,0.0,0.0,0.0,0.0,0.0,0.0,0.0,0.0,0.0,0.0,0.0,0.0,0.0,0.0,0.0,0.0,0.0001,0.0,0.0,0.0,0.0,0.0,0.0,0.0,0.0,0.0002,0.0,0.0194,0.0,0.0,0.0,0.0,0.0,0.0,0.0001,0.0,0.0196,0.0,0.9409,0.0,0.0,0.0,0.0,0.0,0.0,0.0002,0.0,0.0194,0.0,0.0,0.0,0.0,0.0,0.0,0.0,0.0,0.0001,0.0,0.0,0.0
282,466,0.0,0.0,0.0,0.0,0.0,0.0,0.0,0.0,0.0,0.0,0.0,0.0,0.0,0.0,0.0,0.0,0.0,0.0,0.0,0.0,0.0,0.0,0.0,0.0,0.0,0.0,0.0,0.0,0.0,0.0,0.0,0.0,0.0,0.0,0.0,0.0,0.0,0.0,0.0,0.0,0.0,0.0,0.0,0.0,0.0,0.0,1.0000000000000002e-06,0.0,0.0,0.0,0.0,0.0,0.0,0.0,0.0,3.0000000000000005e-06,0.0,0.000195,0.0,0.0,0.0,0.0,0.0,0.0,3.0000000000000005e-06,0.0,0.000489,0.0,0.009602999999999999,0.0,0.0,0.0,0.0,1.0000000000000002e-06,0.0,0.00039299999999999996,0.0,0.028617,0.0,0.009408999999999999,0.0,0.0,0.0,0.0,9.9e-05,0.0,0.019208999999999997,0.0,0.912867,0.0,0.0,0.0,0.0,0.0,0.0,0.000195,9.7e-05,0.018819000000000002,0.0,0.0
283,467,0.0,0.0,0.0,0.0,0.0,0.0,0.0,0.0,0.0,0.0,0.0,0.0,0.0,0.0,0.0,0.0,0.0,0.0,0.0,0.0,0.0,0.0,0.0,0.0,0.0,0.0,0.0,0.0,0.0,0.0,0.0,0.0,0.0,0.0,0.0,0.0,1.0000000000000002e-08,0.0,0.0,0.0,0.0,0.0,0.0,0.0,0.0,4.000000000000001e-08,0.0,1.96e-06,0.0,0.0,0.0,0.0,0.0,0.0,6.000000000000001e-08,0.0,7.84e-06,0.0,9.797999999999998e-05,0.0,0.0,0.0,0.0,4.000000000000001e-08,0.0,1.176e-05,0.0,0.00057624,0.0,0.00019011999999999998,0.0,0.0,1.0000000000000002e-08,0.0,7.840000000000001e-06,0.0,0.00095652,0.0,0.01882384,9.408999999999999e-05,0.0,0.0,0.0,1.96e-06,0.0,0.0005762399999999999,9.7e-07,0.03726744,0.0,0.018255399999999998,0.0,0.0,0.0,0.0,9.797999999999998e-05,0.00019012,0.01891696,0.0182554,0.88566918,0.0
284,468,0.0,0.0,0.0,0.0,0.0,0.0,0.0,0.0,0.0,0.0,0.0,0.0,0.0,0.0,0.0,0.0,0.0,0.0,0.0,0.0,0.0,0.0,0.0,0.0,0.0,0.0,1.0000000000000002e-10,0.0,0.0,0.0,0.0,0.0,0.0,0.0,0.0,5.000000000000001e-10,0.0,2.93e-08,0.0,0.0,0.0,0.0,0.0,0.0,1.0000000000000003e-09,0.0,1.3690000000000001e-07,0.0,2.881e-06,0.0,0.0,0.0,0.0,1.0000000000000003e-09,0.0,2.5459999999999996e-07,0.0,1.43666e-05,0.0,9.694179999999997e-05,0.0,0.0,5.000000000000001e-10,0.0,2.354e-07,0.0,2.6813199999999996e-05,0.0,0.0007500721999999999,0.00018535729999999997,0.0,1.0000000000000002e-10,0.0,1.0810000000000002e-07,0.0,2.3049999999999998e-05,9.700000000000001e-09,0.0014944996,9.408999999999999e-07,0.018534847300000004,0.0,0.0,1.97e-08,0.0,8.7218e-06,1.9109e-06,0.001130362,0.00018349490000000004,0.045376901,0.017708678899999997,0.0,0.0,0.0,9.994e-07,2.881e-06,0.0002918738,0.0005561496999999999,0.0277613714,0.0265644298,0.8592816585999999
285,469,0.0,0.0,0.0,0.0,0.0,0.0,0.0,0.0,0.0,0.0,0.0,0.0,0.0,0.0,0.0,0.0,0.0,0.0,0.0,0.0,0.0,0.0,0.0,0.0,0.0,0.0,0.0,0.0,0.0,0.0,0.0,0.0,0.0,0.0,0.0,0.0,0.0,0.0,0.0,0.0,0.0,0.0,0.0,0.0,0.0,0.0,0.0,0.0,0.0,0.0,0.0,0.0,0.0,0.0,0.0,0.0,0.0,0.0,0.0,0.0,0.0,0.0,0.0,0.0,0.0,0.0,0.0,0.0,0.0,0.0,0.0,0.0,0.0,0.0,0.0,0.0,0.0,0.0,0.0,0.0,0.0,0.0,0.0,0.0,0.0,0.0,1.0,0.0,0.0,0.0,0.0,0.0,0.0,0.0,0.0,0.0,0.0,0.0,0.0,0.0
286,470,0.0,0.0,0.0,0.0,0.0,0.0,0.0,0.0,0.0,0.0,0.0,0.0,0.0,0.0,0.0,0.0,0.0,0.0,0.0,0.0,0.0,0.0,0.0,0.0,0.0,0.0,0.0,0.0,0.0,0.0,0.0,0.0,0.0,0.0,0.0,0.0,0.0,0.0,0.0,0.0,0.0,0.0,0.0,0.0,0.0,0.0,0.0,0.0,0.0,0.0,0.0,0.0,0.0,0.0,0.0,0.0,0.0,0.0,0.0,0.0,0.0,0.0,0.0,0.0,0.0,0.0,0.0,0.0,0.0,0.0,0.0,0.0,0.0,0.0,0.0,0.0,0.97,0.0,0.0,0.0,0.0,0.0,0.0,0.0,0.0,0.01,0.0,0.01,0.0,0.0,0.0,0.0,0.0,0.0,0.0,0.0,0.01,0.0,0.0,0.0
287,476,0.0,0.0,0.0,0.0,0.0,0.0,0.0,1.0,0.0,0.0,0.0,0.0,0.0,0.0,0.0,0.0,0.0,0.0,0.0,0.0,0.0,0.0,0.0,0.0,0.0,0.0,0.0,0.0,0.0,0.0,0.0,0.0,0.0,0.0,0.0,0.0,0.0,0.0,0.0,0.0,0.0,0.0,0.0,0.0,0.0,0.0,0.0,0.0,0.0,0.0,0.0,0.0,0.0,0.0,0.0,0.0,0.0,0.0,0.0,0.0,0.0,0.0,0.0,0.0,0.0,0.0,0.0,0.0,0.0,0.0,0.0,0.0,0.0,0.0,0.0,0.0,0.0,0.0,0.0,0.0,0.0,0.0,0.0,0.0,0.0,0.0,0.0,0.0,0.0,0.0,0.0,0.0,0.0,0.0,0.0,0.0,0.0,0.0,0.0,0.0
288,477,0.0,0.0,0.0,0.0,0.0,0.0,0.97,0.01,0.01,0.0,0.0,0.0,0.0,0.0,0.0,0.0,0.0,0.01,0.0,0.0,0.0,0.0,0.0,0.0,0.0,0.0,0.0,0.0,0.0,0.0,0.0,0.0,0.0,0.0,0.0,0.0,0.0,0.0,0.0,0.0,0.0,0.0,0.0,0.0,0.0,0.0,0.0,0.0,0.0,0.0,0.0,0.0,0.0,0.0,0.0,0.0,0.0,0.0,0.0,0.0,0.0,0.0,0.0,0.0,0.0,0.0,0.0,0.0,0.0,0.0,0.0,0.0,0.0,0.0,0.0,0.0,0.0,0.0,0.0,0.0,0.0,0.0,0.0,0.0,0.0,0.0,0.0,0.0,0.0,0.0,0.0,0.0,0.0,0.0,0.0,0.0,0.0,0.0,0.0,0.0
289,478,0.0,0.0,0.0,0.0,0.0,0.0097,0.0098,0.009999999999999998,0.0002,0.0001,0.0,0.0,0.0,0.0,0.0,0.0,0.941,0.0097,0.0098,0.0,0.0,0.0,0.0,0.0,0.0,0.0,0.0,0.0097,0.0,0.0,0.0,0.0,0.0,0.0,0.0,0.0,0.0,0.0,0.0,0.0,0.0,0.0,0.0,0.0,0.0,0.0,0.0,0.0,0.0,0.0,0.0,0.0,0.0,0.0,0.0,0.0,0.0,0.0,0.0,0.0,0.0,0.0,0.0,0.0,0.0,0.0,0.0,0.0,0.0,0.0,0.0,0.0,0.0,0.0,0.0,0.0,0.0,0.0,0.0,0.0,0.0,0.0,0.0,0.0,0.0,0.0,0.0,0.0,0.0,0.0,0.0,0.0,0.0,0.0,0.0,0.0,0.0,0.0,0.0,0.0
290,479,0.0,0.0,0.0,0.0,9.7e-05,0.000195,0.009705,0.00029699999999999996,0.00020099999999999998,4.000000000000001e-06,0.0,0.0,0.0,0.0,0.0,0.018819000000000002,0.009602999999999999,0.019305,0.000291,0.000195,0.0,0.0,0.0,0.0,0.0,0.0,0.912867,0.009409,0.009602999999999999,0.0,0.0,0.0,0.0,0.0,0.0,0.0,0.0,0.009409,0.0,0.0,0.0,0.0,0.0,0.0,0.0,0.0,0.0,0.0,0.0,0.0,0.0,0.0,0.0,0.0,0.0,0.0,0.0,0.0,0.0,0.0,0.0,0.0,0.0,0.0,0.0,0.0,0.0,0.0,0.0,0.0,0.0,0.0,0.0,0.0,0.0,0.0,0.0,0.0,0.0,0.0,0.0,0.0,0.0,0.0,0.0,0.0,0.0,0.0,0.0,0.0,0.0,0.0,0.0,0.0,0.0,0.0,0.0,0.0,0.0,0.0
291,480,0.0,0.0,0.0,9.7e-07,2.92e-06,0.00028816000000000003,0.000198,0.00029508,7.93e-06,4.04e-06,0.0,0.0,0.0,0.0,0.00028228000000000004,0.00028518,0.018923759999999998,0.00048112,0.000486,8.740000000000001e-06,0.0,0.0,0.0,0.0,0.0,0.0273831,0.009408999999999999,0.028044640000000003,0.00037636,0.00028518,0.0,0.0,0.0,0.0,0.0,0.0,0.88557508,0.00912673,0.009408999999999999,0.0,0.0,0.0,0.0,0.0,0.0,0.0,0.0,0.00912673,0.0,0.0,0.0,0.0,0.0,0.0,0.0,0.0,0.0,0.0,0.0,0.0,0.0,0.0,0.0,0.0,0.0,0.0,0.0,0.0,0.0,0.0,0.0,0.0,0.0,0.0,0.0,0.0,0.0,0.0,0.0,0.0,0.0,0.0,0.0,0.0,0.0,0.0,0.0,0.0,0.0,0.0,0.0,0.0,0.0,0.0,0.0,0.0,0.0,0.0,0.0,0.0
292,481,0.0,0.0,9.700000000000001e-09,3.89e-08,5.743300000000001e-06,7.742600000000001e-06,0.00019705,9.8213e-06,7.9305e-06,2.475e-07,0.0,0.0,0.0,3.7637e-06,5.6842e-06,0.0007454066,0.000293813,0.0007607715999999999,1.63543e-05,1.1718000000000002e-05,0.0,0.0,0.0,0.0,0.0005476426000000001,0.00037071459999999995,0.027766075399999993,0.0006558073,0.0008488082,1.5093200000000001e-05,0.0,0.0,0.0,0.0,0.0,0.0354173578,0.0092179973,0.036244408900000004,0.0004563365,0.00037071459999999995,0.0,0.0,0.0,0.0,0.0,0.0,0.8590990948999999,0.008852928099999999,0.0092179973,0.0,0.0,0.0,0.0,0.0,0.0,0.0,0.0,0.008852928099999999,0.0,0.0,0.0,0.0,0.0,0.0,0.0,0.0,0.0,0.0,0.0,0.0,0.0,0.0,0.0,0.0,0.0,0.0,0.0,0.0,0.0,0.0,0.0,0.0,0.0,0.0,0.0,0.0,0.0,0.0,0.0,0.0,0.0,0.0,0.0,0.0,0.0,0.0,0.0,0.0,0.0,0.0
293,482,0.0,9.700000000000001e-11,4.86e-10,9.555600000000001e-08,1.9209000000000002e-07,9.559425e-06,5.084269e-06,9.755734e-06,3.43536e-07,2.01435e-07,0.0,0.0,4.7046e-08,9.4575e-08,1.8539130000000002e-05,1.421244e-05,0.0004838610359999999,1.9186407000000002e-05,2.3905563000000002e-05,6.7173e-07,0.0,0.0,0.0,9.127215e-06,9.22082e-06,0.00136035516,0.00038744380199999995,0.0013865413769999998,2.7136040999999998e-05,2.371262e-05,0.0,0.0,0.0,0.0,0.0008853869,0.00045177313499999993,0.03624070175399999,0.0008214057,0.001281675162,2.2910915e-05,0.0,0.0,0.0,0.0,0.0,0.04294582801499999,0.009029986661999998,0.043928776836,0.000531175686,0.00045177313499999993,0.0,0.0,0.0,0.0,0.0,0.0,0.833414651334,0.008587340256999998,0.009029986661999998,0.0,0.0,0.0,0.0,0.0,0.0,0.0,0.0,0.008587340256999998,0.0,0.0,0.0,0.0,0.0,0.0,0.0,0.0,0.0,0.0,0.0,0.0,0.0,0.0,0.0,0.0,0.0,0.0,0.0,0.0,0.0,0.0,0.0,0.0,0.0,0.0,0.0,0.0,0.0,0.0,0.0,0.0
294,483,9.700000000000001e-13,5.83e-12,1.4318500000000002e-09,3.827070000000001e-09,2.8386201000000004e-07,2.9048224e-07,5.082604639999999e-06,3.4369946000000004e-07,3.4206268000000007e-07,1.4181360000000002e-08,0.0,5.645500000000001e-10,1.41717e-09,3.698232300000001e-07,4.2160565e-07,2.7900195510000002e-05,9.14016742e-06,2.840614174e-05,8.031717e-07,6.7829108e-07,0.0,0.0,1.3690677e-07,1.8394594999999998e-07,4.053164885e-05,2.227044437e-05,0.0008592211878299998,3.0970670220000006e-05,5.0107687699999994e-05,1.38917386e-06,0.0,0.0,0.0,1.7707267550000003e-05,1.3461926749999999e-05,0.00212026367189,0.0004788521429099999,0.0021594566732099996,4.007688277999999e-05,4.0564833519999996e-05,0.0,0.0,0.0,0.0,0.00128828357315,0.0005285198075699999,0.044356373263229984,0.00097824855505,0.0017773302734699998,3.205307576e-05,0.0,0.0,0.0,0.0,0.0,0.04999159968788999,0.008844960464709999,0.05112123331345,0.00060111381799,0.0005285198075699999,0.0,0.0,0.0,0.0,0.0,0.0,0.80849808519655,0.008329720049289998,0.008844960464709999,0.0,0.0,0.0,0.0,0.0,0.0,0.0,0.0,0.008329720049289998,0.0,0.0,0.0,0.0,0.0,0.0,0.0,0.0,0.0,0.0,0.0,0.0,0.0,0.0,0.0,0.0,0.0,0.0,0.0,0.0,0.0,0.0
295,484,7.77e-14,2.0032000000000005e-11,6.681920000000001e-11,6.589441600000001e-09,9.9977697e-09,3.3557144400000003e-07,1.485695376e-07,3.417450852e-07,1.5031152000000003e-08,1.04871648e-08,6.586400000000001e-12,1.98268e-11,6.461840000000002e-09,9.7819456e-09,9.633628256000001e-07,6.000899472e-07,1.4085401751599997e-05,7.425285696000001e-07,1.1237220047999999e-06,4.2462285600000005e-08,0.0,1.9166812e-09,3.2141144e-09,9.424867648000001e-07,7.681206512000001e-07,5.72633547304e-05,1.4186894972399998e-05,5.824181297519999e-05,1.5034438176e-06,1.5785592983999998e-06,0.0,0.0,3.098722424e-07,3.13046839e-07,7.35782445104e-05,3.1810669811199996e-05,0.0013198054882783998,4.50133259208e-05,8.837797487099999e-05,2.4744465647999997e-06,0.0,0.0,0.0,3.0058885255000004e-05,1.8343267023199996e-05,0.0030130183269759998,0.0005680038668959998,0.0030672223415152,5.498873078459999e-05,6.27269200824e-05,0.0,0.0,0.0,0.0,0.0017495510628343998,0.0006011138179899999,0.05212179124731199,0.0011266590417184001,0.0023289575011232,4.238781974279999e-05,0.0,0.0,0.0,0.0,0.0,0.05657683254921879,0.008662908851261598,0.057844323971152,0.0006663776039432,0.0006011138179899999,0.0,0.0,0.0,0.0,0.0,0.0,0.7843264398411464,0.008079828447811297,0.008662908851261598,0.0,0.0,0.0,0.0,0.0,0.0,0.0,0.0,0.008079828447811297,0.0,0.0,0.0,0.0,0.0,0.0,0.0,0.0,0.0,0.0,0.0,0.0
296,485,2.6773800000000004e-13,1.1421490000000002e-12,1.5061204800000006e-10,3.2850619300000006e-10,1.9481078745000003e-08,2.0540145897e-08,4.7126146442399993e-07,1.5510549954000002e-07,3.4298513585999997e-07,2.5282261800000002e-08,2.6490899999999996e-13,9.037434000000003e-11,1.49860788e-10,2.5392375120000005e-08,2.3270570913e-08,1.6513052200920001e-06,7.3286717958e-07,1.4259912499703996e-05,7.35862085064e-07,1.14708922632e-06,1.9232676e-11,3.2339412e-11,1.4447389236e-08,1.4027185326e-08,2.23226178252e-06,1.211053578972e-06,6.946678111854001e-05,1.4233881106307999e-05,5.740536114768599e-05,3.0147121110239995e-06,0.0,3.1178892360000004e-09,3.162609534e-09,1.3463722404300001e-06,8.128760086859998e-07,0.00011527176887493598,3.7128390594756e-05,0.0013123497449236618,4.4252592354846e-05,8.876990358653398e-05,0.0,0.0,3.0368757497400004e-07,1.8656313862199996e-07,7.7518595040558e-05,2.980225255947599e-05,0.0034877159679377757,0.0005632303618733577,0.0030000062952305097,0.00011463280400406598,0.0,0.0,0.0,1.7796099480894e-05,6.194570850131998e-06,0.0028141809521844354,0.0006866561210490598,0.05119054254803053,0.0011004968120115542,0.002306843368620744,0.0,0.0,0.0,0.0,0.000583263836120532,9.264022669251598e-05,0.06382245312333833,0.008501750236658476,0.05622492405372119,0.0012298905574726318,0.0,0.0,0.0,0.0,0.0,0.008409032723903653,0.00016742737299072896,0.7615425172586143,0.00784409737041639,0.00840903272390365,0.0,0.0,0.0,0.0,0.0,0.0,0.007924062682889577,8.079828447811298e-05,0.007924062682889574,0.0,0.0,0.0,0.0,0.0,0.0,0.0,0.0,8.079828447811298e-05,0.0,0.0
297,487,0.0,0.0,0.0,0.0,0.0,0.0,0.0,0.0,0.0,0.0,0.0,0.0,0.0,0.0,0.0,0.0,0.0,1.0,0.0,0.0,0.0,0.0,0.0,0.0,0.0,0.0,0.0,0.0,0.0,0.0,0.0,0.0,0.0,0.0,0.0,0.0,0.0,0.0,0.0,0.0,0.0,0.0,0.0,0.0,0.0,0.0,0.0,0.0,0.0,0.0,0.0,0.0,0.0,0.0,0.0,0.0,0.0,0.0,0.0,0.0,0.0,0.0,0.0,0.0,0.0,0.0,0.0,0.0,0.0,0.0,0.0,0.0,0.0,0.0,0.0,0.0,0.0,0.0,0.0,0.0,0.0,0.0,0.0,0.0,0.0,0.0,0.0,0.0,0.0,0.0,0.0,0.0,0.0,0.0,0.0,0.0,0.0,0.0,0.0,0.0
298,488,0.0,0.0,0.0,0.0,0.0,0.0,0.0,0.01,0.0,0.0,0.0,0.0,0.0,0.0,0.0,0.0,0.97,0.0,0.01,0.0,0.0,0.0,0.0,0.0,0.0,0.0,0.0,0.01,0.0,0.0,0.0,0.0,0.0,0.0,0.0,0.0,0.0,0.0,0.0,0.0,0.0,0.0,0.0,0.0,0.0,0.0,0.0,0.0,0.0,0.0,0.0,0.0,0.0,0.0,0.0,0.0,0.0,0.0,0.0,0.0,0.0,0.0,0.0,0.0,0.0,0.0,0.0,0.0,0.0,0.0,0.0,0.0,0.0,0.0,0.0,0.0,0.0,0.0,0.0,0.0,0.0,0.0,0.0,0.0,0.0,0.0,0.0,0.0,0.0,0.0,0.0,0.0,0.0,0.0,0.0,0.0,0.0,0.0,0.0,0.0
299,490,0.0,0.0,0.0,0.0,0.0,0.000195,9.9e-05,0.000297,3.0000000000000005e-06,3.0000000000000005e-06,0.0,0.0,0.0,0.0,9.7e-05,0.0,0.019208999999999997,9.7e-05,0.000489,1.0000000000000002e-06,0.0,0.0,0.0,0.0,0.0,0.018819000000000002,0.0,0.028616999999999997,0.0,0.000195,0.0,0.0,0.0,0.0,0.0,0.0,0.912867,0.0,0.009602999999999999,0.0,0.0,0.0,0.0,0.0,0.0,0.0,0.0,0.009409,0.0,0.0,0.0,0.0,0.0,0.0,0.0,0.0,0.0,0.0,0.0,0.0,0.0,0.0,0.0,0.0,0.0,0.0,0.0,0.0,0.0,0.0,0.0,0.0,0.0,0.0,0.0,0.0,0.0,0.0,0.0,0.0,0.0,0.0,0.0,0.0,0.0,0.0,0.0,0.0,0.0,0.0,0.0,0.0,0.0,0.0,0.0,0.0,0.0,0.0,0.0,0.0
300,491,0.0,0.0,0.0,0.0,2.92e-06,2.94e-06,0.000198,4.96e-06,7.919999999999999e-06,1.0000000000000002e-07,0.0,0.0,0.0,9.7e-07,0.0,0.0005704,9.699999999999999e-05,0.00077124,3.89e-06,9.76e-06,0.0,0.0,0.0,0.0,0.00028228000000000004,0.0,0.02823576,9.409e-05,0.0008584799999999999,2.92e-06,0.0,0.0,0.0,0.0,0.0,0.0273831,0.0,0.03707727999999999,0.0,0.00028518,0.0,0.0,0.0,0.0,0.0,0.0,0.88557508,0.0,0.009408999999999999,0.0,0.0,0.0,0.0,0.0,0.0,0.0,0.0,0.00912673,0.0,0.0,0.0,0.0,0.0,0.0,0.0,0.0,0.0,0.0,0.0,0.0,0.0,0.0,0.0,0.0,0.0,0.0,0.0,0.0,0.0,0.0,0.0,0.0,0.0,0.0,0.0,0.0,0.0,0.0,0.0,0.0,0.0,0.0,0.0,0.0,0.0,0.0,0.0,0.0,0.0,0.0
301,492,0.0,0.0,0.0,3.89e-08,5.8599999999999995e-08,7.7426e-06,3.029e-06,9.821199999999998e-06,1.687e-07,1.7879999999999999e-07,0.0,0.0,9.700000000000001e-09,0.0,1.1368899999999999e-05,3.8217999999999996e-06,0.000487834,6.760999999999999e-06,2.4077199999999997e-05,2.6270000000000004e-07,0.0,0.0,0.0,3.7637e-06,0.0,0.0011122993999999999,9.503089999999998e-05,0.001409818,4.7434e-06,2.0932999999999998e-05,0.0,0.0,0.0,0.0,0.0005476426000000001,0.0,0.036889041799999994,9.12673e-05,0.0013004401999999998,5.6842e-06,0.0,0.0,0.0,0.0,0.0,0.0354173578,0.0,0.04500606969999999,0.0,0.00037071459999999995,0.0,0.0,0.0,0.0,0.0,0.0,0.8590990948999999,0.0,0.0092179973,0.0,0.0,0.0,0.0,0.0,0.0,0.0,0.0,0.008852928099999999,0.0,0.0,0.0,0.0,0.0,0.0,0.0,0.0,0.0,0.0,0.0,0.0,0.0,0.0,0.0,0.0,0.0,0.0,0.0,0.0,0.0,0.0,0.0,0.0,0.0,0.0,0.0,0.0,0.0,0.0,0.0,0.0
302,498,0.0,0.0,0.0,0.0,0.0,0.0,0.0,0.0,0.0,0.0,0.0,0.0,0.0,0.0,0.0,0.0,0.0,0.0,0.0,0.0,0.0,0.0,0.0,0.0,0.0,0.0,0.0,1.0,0.0,0.0,0.0,0.0,0.0,0.0,0.0,0.0,0.0,0.0,0.0,0.0,0.0,0.0,0.0,0.0,0.0,0.0,0.0,0.0,0.0,0.0,0.0,0.0,0.0,0.0,0.0,0.0,0.0,0.0,0.0,0.0,0.0,0.0,0.0,0.0,0.0,0.0,0.0,0.0,0.0,0.0,0.0,0.0,0.0,0.0,0.0,0.0,0.0,0.0,0.0,0.0,0.0,0.0,0.0,0.0,0.0,0.0,0.0,0.0,0.0,0.0,0.0,0.0,0.0,0.0,0.0,0.0,0.0,0.0,0.0,0.0
303,507,2.724e-15,5.46e-15,2.0283719999999997e-12,2.3473739999999994e-12,3.33542808e-10,2.1877244399999997e-10,1.4427523115999998e-08,4.391422692e-09,9.816814493400003e-08,1.1418545904e-08,0.0,1.329732e-12,3.8230200000000004e-13,4.48264368e-10,1.1941621499999998e-10,4.131656200799999e-08,7.239019283999998e-09,8.787370699859999e-07,5.995272383999999e-08,6.6681247431e-07,4.1652900000000007e-13,0.0,2.7658728e-10,5.998878999999999e-12,4.8375641999999994e-08,1.3516162290000002e-09,2.4015579915239998e-06,7.431338294399998e-08,1.929058567917e-05,1.5912988360679997e-06,5.664900000000001e-14,9.422010000000002e-11,0.0,3.2302175184e-08,1.05383325e-10,3.22461195516e-06,1.9725277607999997e-08,8.173992169779599e-05,1.4550670078919995e-06,6.7995345941772e-05,1.3803684000000004e-11,0.0,1.1731915764000001e-08,0.0,2.349580900536e-06,2.8229997600000003e-10,0.00013690324159999198,3.9325045989e-08,0.0014054023352383916,9.256025592265198e-05,0.0,1.7981645640000002e-09,0.0,8.825347779660001e-07,0.0,0.000110740275071928,2.8974249300000004e-10,0.0036144751005293273,1.7601649961462994e-05,0.003109875552558935,0.0,0.0,1.3238350150199997e-07,0.0,4.1437266262254e-05,0.0,0.003367967564462543,4.484187382299999e-08,0.05123714937561086,0.0022520328111793734,0.0,0.0,0.0,5.258587410173999e-06,0.0,0.0011833505434329476,0.0,0.06491930197491429,8.930332915183798e-05,0.05649282724281664,0.0,0.0,0.0,0.0,9.097695681454798e-05,0.0,0.01683613397470265,8.587340256999999e-09,0.7622028316353915,0.008332477931705171,0.0,0.0,0.0,0.0,0.0,0.00016753174901302796,8.251575252951299e-05,0.015856655250532783,0.00016248106500269693,0.00800907867937309
304,509,0.0,0.0,0.0,0.0,0.0,0.0,0.0,0.0,0.0,0.0,0.0,0.0,0.0,0.0,0.0,0.0,0.0,0.0,0.0,0.0,0.0,0.0,0.0,0.0,0.0,0.0,0.0,0.0,0.0,0.0,0.0,0.0,0.0,0.0,0.0,0.0,0.0,0.0,0.0,0.0,0.0,0.0,0.0,0.0,0.0,0.0,0.0,1.0,0.0,0.0,0.0,0.0,0.0,0.0,0.0,0.0,0.0,0.0,0.0,0.0,0.0,0.0,0.0,0.0,0.0,0.0,0.0,0.0,0.0,0.0,0.0,0.0,0.0,0.0,0.0,0.0,0.0,0.0,0.0,0.0,0.0,0.0,0.0,0.0,0.0,0.0,0.0,0.0,0.0,0.0,0.0,0.0,0.0,0.0,0.0,0.0,0.0,0.0,0.0,0.0
305,511,0.0,0.0,0.0,0.0,0.0,0.0,0.0,0.0,0.0,0.0,0.0,0.0,0.0,0.0,0.0,0.0,0.0,0.0,0.0,0.0,0.0,0.0,0.0,0.0,0.0,0.0,0.0,0.0001,0.0,0.0,0.0,0.0,0.0,0.0,0.0,0.0,0.0098,0.0,0.0002,0.0,0.0,0.0,0.0,0.0,0.0,0.0097,0.0,0.0196,0.0,0.0001,0.0,0.0,0.0,0.0,0.0,0.0,0.941,0.0,0.0098,0.0,0.0,0.0,0.0,0.0,0.0,0.0,0.0,0.0097,0.0,0.0,0.0,0.0,0.0,0.0,0.0,0.0,0.0,0.0,0.0,0.0,0.0,0.0,0.0,0.0,0.0,0.0,0.0,0.0,0.0,0.0,0.0,0.0,0.0,0.0,0.0,0.0,0.0,0.0,0.0,0.0
306,512,0.0,0.0,0.0,0.0,0.0,0.0,0.0,0.0,0.0,0.0,0.0,0.0,0.0,0.0,0.0,0.0,0.0,1.0000000000000002e-06,0.0,0.0,0.0,0.0,0.0,0.0,0.0,0.0,9.9e-05,0.0,3.0000000000000005e-06,0.0,0.0,0.0,0.0,0.0,0.0,0.000195,0.0,0.000393,0.0,3.0000000000000005e-06,0.0,0.0,0.0,0.0,9.7e-05,0.0,0.019208999999999997,0.0,0.000489,1.0000000000000002e-06,0.0,0.0,0.0,0.0,0.0,0.018819000000000002,0.0,0.028616999999999997,0.0,0.000195,0.0,0.0,0.0,0.0,0.0,0.0,0.912867,0.0,0.009602999999999999,0.0,0.0,0.0,0.0,0.0,0.0,0.0,0.0,0.009409,0.0,0.0,0.0,0.0,0.0,0.0,0.0,0.0,0.0,0.0,0.0,0.0,0.0,0.0,0.0,0.0,0.0,0.0,0.0,0.0,0.0,0.0
307,516,0.0,0.0,0.0,0.0,1.475e-11,5.97e-12,1.28019e-09,2.0497000000000002e-10,1.0884990000000001e-08,5.938400000000001e-10,0.0,0.0,0.0,1.955e-11,0.0,3.87125e-09,9.894999999999999e-11,1.1818233000000001e-07,5.8602e-10,7.943093e-08,0.0,0.0,1.4610000000000002e-11,0.0,5.7528500000000005e-09,0.0,4.1957439e-07,6.940000000000001e-12,4.10996319e-06,2.0916437e-07,0.0,5.83e-12,0.0,4.76499e-09,0.0,7.1433951e-07,7.000000000000003e-14,2.2707756249999998e-05,1.1446803e-07,1.712866143e-05,9.700000000000001e-13,0.0,2.08753e-09,0.0,6.4345113e-07,1.0000000000000002e-14,4.7899836249999996e-05,9.633700000000002e-10,0.00057772668649,2.7513907769999997e-05,0.0,3.7831e-10,0.0,2.9699283e-07,0.0,4.737424479e-05,3.910000000000001e-12,0.0018076718791299998,8.282689469999998e-06,0.0014492841289499999,0.0,0.0,5.5517970000000005e-08,0.0,2.180278325e-05,0.0,0.00204237687615,2.7953489999999996e-08,0.03564029552990999,0.0012339312994099998,0.0,0.0,0.0,3.6516406699999994e-06,0.0,0.00088861394357,0.0,0.051591656838329995,9.126843491e-05,0.042815185114129996,0.0,0.0,0.0,0.0,9.304814530999999e-05,0.0,0.01754082150483,9.126730000000001e-09,0.8095520798827501,0.00868040609123,0.0,0.0,0.0,0.0,0.0,0.00017624684757,8.768049510999998e-05,0.016847260204330004,0.00017266860487,0.008508586268369997
308,518,0.0,0.0,6.8460000000000004e-15,5.502e-15,1.959438e-12,9.45012e-13,1.29964848e-10,3.1763406000000004e-11,1.8130784460000003e-09,1.050430914e-09,0.0,5.46e-15,0.0,2.6851020000000007e-12,6.9876e-14,3.26037336e-10,9.753912e-12,1.0877817359999999e-08,2.7352149e-10,5.8313390796000006e-08,2.724e-15,0.0,2.2721160000000003e-12,0.0,4.6524280800000006e-10,1.02832e-12,2.9835970008e-08,1.44886245e-10,4.80474058776e-07,2.9301007954800006e-07,0.0,1.1987879999999998e-12,0.0,4.1404718400000006e-10,0.0,4.6504075224000005e-08,1.2668389000000002e-11,1.655688411204e-06,1.2358957497e-08,1.0862888239895998e-05,3.51249e-13,9.409e-15,2.2625255999999997e-10,0.0,4.3527717264e-08,9.789600000000002e-14,2.931689959236e-06,5.551564369e-09,5.4935619808068e-05,3.7042725977232e-05,4.7336999999999994e-14,6.964486800000001e-11,0.0,2.4148357583999998e-08,0.0,2.905022263512e-06,8.433873959999998e-10,0.000119293078268868,8.35109379216e-07,0.00099528034453404,9.268644000000001e-12,0.0,7.285527156e-09,0.0,1.604903773368e-06,2.8337639999999997e-12,0.00012734591066268,2.2337899880499994e-07,0.0030344268948255594,0.0021749304781600557,0.0,9.1290978e-10,0.0,4.47833696622e-07,0.0,6.804032330104801e-05,1.8170700476999998e-08,0.0036482786944174563,2.0022990412502996e-05,0.04448376250409579,0.0,0.0,4.562941740599999e-08,0.0,1.5969172683054e-05,1.7271314331239998e-06,0.001793200062055728,0.000166075147859055,0.06551976329325834,0.04866067462906772,0.0,0.0,0.0,9.64917423294e-07,2.638554165204e-06,0.00027407634382155597,0.0005028332961692519,0.025356928830036436,0.023880358708417697,0.7790388814004118
309,519,0.0,0.0,0.0,0.0,0.0,0.0,0.0,0.0,0.0,0.0,0.0,0.0,0.0,0.0,0.0,0.0,0.0,0.0,0.0,0.0,0.0,0.0,0.0,0.0,0.0,0.0,0.0,0.0,0.0,0.0,0.0,0.0,0.0,0.0,0.0,0.0,0.0,0.0,0.0,0.0,0.0,0.0,0.0,0.0,0.0,0.0,0.0,0.0,0.0,0.0,0.0,0.0,0.0,0.0,0.0,0.0,0.0,1.0,0.0,0.0,0.0,0.0,0.0,0.0,0.0,0.0,0.0,0.0,0.0,0.0,0.0,0.0,0.0,0.0,0.0,0.0,0.0,0.0,0.0,0.0,0.0,0.0,0.0,0.0,0.0,0.0,0.0,0.0,0.0,0.0,0.0,0.0,0.0,0.0,0.0,0.0,0.0,0.0,0.0,0.0
310,520,0.0,0.0,0.0,0.0,0.0,0.0,0.0,0.0,0.0,0.0,0.0,0.0,0.0,0.0,0.0,0.0,0.0,0.0,0.0,0.0,0.0,0.0,0.0,0.0,0.0,0.0,0.0,0.0,0.0,0.0,0.0,0.0,0.0,0.0,0.0,0.0,0.0,0.0,0.0,0.0,0.0,0.0,0.0,0.0,0.0,0.0,0.0,0.01,0.0,0.0,0.0,0.0,0.0,0.0,0.0,0.0,0.01,0.0,0.01,0.0,0.0,0.0,0.0,0.0,0.0,0.0,0.0,0.97,0.0,0.0,0.0,0.0,0.0,0.0,0.0,0.0,0.0,0.0,0.0,0.0,0.0,0.0,0.0,0.0,0.0,0.0,0.0,0.0,0.0,0.0,0.0,0.0,0.0,0.0,0.0,0.0,0.0,0.0,0.0,0.0
311,524,0.0,0.0,0.0,0.0,0.0,0.0,0.0,1.0000000000000002e-10,0.0,0.0,0.0,0.0,0.0,0.0,0.0,0.0,5.000000000000001e-10,0.0,1.01e-08,0.0,0.0,0.0,0.0,0.0,0.0,1.0000000000000003e-09,0.0,7.93e-08,0.0,3.9399999999999995e-08,0.0,0.0,0.0,0.0,1.0000000000000003e-09,0.0,2.1620000000000002e-07,0.0,3.9986e-06,5.8599999999999995e-08,0.0,0.0,0.0,5.000000000000001e-10,0.0,2.7380000000000003e-07,0.0,1.74436e-05,3.89e-08,1.1524999999999999e-05,0.0,0.0,1.0000000000000002e-10,0.0,1.6569999999999998e-07,0.0,2.8733199999999998e-05,9.700000000000001e-09,0.0005818851999999999,1.1368899999999999e-05,0.0,0.0,0.0,3.89e-08,0.0,2.0932999999999998e-05,0.0,0.0015001443999999998,3.7637e-06,0.0011122993999999999,0.0,0.0,0.0,0.0,5.6842e-06,0.0,0.0013004402,0.0,0.036889041799999994,0.0005476426000000001,0.0,0.0,0.0,0.0,0.0,0.00037071459999999995,0.0,0.045006069700000005,0.0,0.0354173578,0.0,0.0,0.0,0.0,0.0,0.0,0.0092179973,0.008852928099999999,0.8590990948999999,0.0
312,526,0.0,0.0,0.0,0.0,0.0,0.0,0.0,0.0,0.0,0.0,0.0,0.0,0.0,0.0,0.0,0.0,0.0,0.0,0.0,0.0,0.0,0.0,0.0,0.0,0.0,0.0,0.0,0.0,0.0,0.0,0.0,0.0,0.0,0.0,0.0,0.0,0.0,0.0,0.0,0.0,0.0,0.0,0.0,0.0,0.0,0.0,0.0,0.0,0.0,0.0,0.0,0.0,0.0,0.0,0.0,0.0,0.0,0.0,0.0,0.0,0.0,0.0,0.0,0.0,0.0,0.0,0.0,1.0,0.0,0.0,0.0,0.0,0.0,0.0,0.0,0.0,0.0,0.0,0.0,0.0,0.0,0.0,0.0,0.0,0.0,0.0,0.0,0.0,0.0,0.0,0.0,0.0,0.0,0.0,0.0,0.0,0.0,0.0,0.0,0.0
313,531,0.0,0.0,0.0,0.0,0.0,0.0,0.0,0.0,0.0,0.0,0.0,0.0,0.0,0.0,0.0,0.0,0.0,1.0000000000000002e-10,0.0,0.0,0.0,0.0,0.0,0.0,0.0,0.0,5.000000000000001e-10,0.0,1.97e-08,0.0,0.0,0.0,0.0,0.0,0.0,1.0000000000000003e-09,0.0,1.081e-07,0.0,9.994000000000001e-07,0.0,0.0,0.0,0.0,1.0000000000000003e-09,0.0,2.3540000000000003e-07,0.0,8.7218e-06,2.8809999999999996e-06,0.0,0.0,0.0,5.000000000000001e-10,0.0,2.546e-07,0.0,2.305e-05,3.89e-08,0.0002937458,0.0,0.0,1.0000000000000002e-10,0.0,1.3690000000000001e-07,0.0,2.68132e-05,9.700000000000001e-09,0.0011294308,0.0005570809,0.0,0.0,0.0,2.93e-08,0.0,1.43666e-05,0.0,0.0014944996,2.8325000000000004e-06,0.027942033799999995,0.0,0.0,0.0,0.0,2.881e-06,0.0,0.0007500721999999999,9.12673e-05,0.045376901,0.0265644298,0.0,0.0,0.0,0.0,0.0,9.69418e-05,0.00018535729999999997,0.0184445209,0.017708678899999997,0.8592816585999999
314,532,0.0,0.0,0.0,0.0,0.0,0.0,0.0,0.0,0.0,0.0,0.0,0.0,0.0,0.0,0.0,0.0,0.0,0.0,0.0,0.0,0.0,0.0,0.0,0.0,0.0,0.0,0.0,0.0,0.0,0.0,0.0,0.0,0.0,0.0,0.0,0.0,0.0,0.0,0.0,0.0,0.0,0.0,0.0,0.0,0.0,0.0,0.0,0.0,0.0,0.0,0.0,0.0,0.0,0.0,0.0,0.0,0.0,0.0,0.0,0.0,0.0,0.0,0.0,0.0,0.0,0.0,0.0,0.0,0.0,0.0,0.0,0.0,0.0,0.0,0.0,0.0,0.0,1.0,0.0,0.0,0.0,0.0,0.0,0.0,0.0,0.0,0.0,0.0,0.0,0.0,0.0,0.0,0.0,0.0,0.0,0.0,0.0,0.0,0.0,0.0
315,533,0.0,0.0,0.0,0.0,0.0,0.0,0.0,0.0,0.0,0.0,0.0,0.0,0.0,0.0,0.0,0.0,0.0,0.0,0.0,0.0,0.0,0.0,0.0,0.0,0.0,0.0,0.0,0.0,0.0,0.0,0.0,0.0,0.0,0.0,0.0,0.0,0.0,0.0,0.0,0.0,0.0,0.0,0.0,0.0,0.0,0.0,0.0,0.0,0.0,0.0,0.0,0.0,0.0,0.0,0.0,0.0,0.0,0.0,0.0,0.0,0.0,0.0,0.0,0.0,0.0,0.0,0.0,0.01,0.0,0.0,0.0,0.0,0.0,0.0,0.0,0.0,0.01,0.0,0.97,0.0,0.0,0.0,0.0,0.0,0.0,0.0,0.0,0.01,0.0,0.0,0.0,0.0,0.0,0.0,0.0,0.0,0.0,0.0,0.0,0.0
316,534,0.0,0.0,0.0,0.0,0.0,0.0,0.0,0.0,0.0,0.0,0.0,0.0,0.0,0.0,0.0,0.0,0.0,0.0,0.0,0.0,0.0,0.0,0.0,0.0,0.0,0.0,0.0,0.0,0.0,0.0,0.0,0.0,0.0,0.0,0.0,0.0,0.0,0.0,0.0,0.0,0.0,0.0,0.0,0.0,0.0,0.0,0.0,0.0,0.0,0.0,0.0,0.0,0.0,0.0,0.0,0.0,0.0,0.0001,0.0,0.0,0.0,0.0,0.0,0.0,0.0,0.0,0.0002,0.0,0.0098,0.0,0.0,0.0,0.0,0.0,0.0,0.0001,0.0,0.0196,0.0,0.0097,0.0,0.0,0.0,0.0,0.0,0.0,0.0098,0.0,0.941,0.0,0.0,0.0,0.0,0.0,0.0,0.0,0.0,0.0097,0.0,0.0
317,535,0.0,0.0,0.0,0.0,0.0,0.0,0.0,0.0,0.0,0.0,0.0,0.0,0.0,0.0,0.0,0.0,0.0,0.0,0.0,0.0,0.0,0.0,0.0,0.0,0.0,0.0,0.0,0.0,0.0,0.0,0.0,0.0,0.0,0.0,0.0,0.0,0.0,0.0,0.0,0.0,0.0,0.0,0.0,0.0,0.0,0.0,0.0,1.0000000000000002e-06,0.0,0.0,0.0,0.0,0.0,0.0,0.0,0.0,3.0000000000000005e-06,0.0,9.9e-05,0.0,0.0,0.0,0.0,0.0,0.0,3.0000000000000005e-06,0.0,0.000393,0.0,0.000195,0.0,0.0,0.0,0.0,1.0000000000000002e-06,0.0,0.000489,0.0,0.019208999999999997,9.7e-05,0.0,0.0,0.0,0.0,0.0,0.000195,0.0,0.028616999999999997,0.0,0.018819000000000002,0.0,0.0,0.0,0.0,0.0,0.0,0.009602999999999999,0.009409,0.912867,0.0
318,536,0.0,0.0,0.0,0.0,0.0,0.0,0.0,0.0,0.0,0.0,0.0,0.0,0.0,0.0,0.0,0.0,0.0,0.0,0.0,0.0,0.0,0.0,0.0,0.0,0.0,0.0,0.0,0.0,0.0,0.0,0.0,0.0,0.0,0.0,0.0,0.0,0.0,1.0000000000000002e-08,0.0,0.0,0.0,0.0,0.0,0.0,0.0,0.0,4.000000000000001e-08,0.0,1.96e-06,0.0,0.0,0.0,0.0,0.0,0.0,6.000000000000001e-08,0.0,7.840000000000001e-06,0.0,9.797999999999998e-05,0.0,0.0,0.0,0.0,4.000000000000001e-08,0.0,1.1760000000000001e-05,0.0,0.00057624,0.00019012,0.0,0.0,0.0,1.0000000000000002e-08,0.0,7.84e-06,0.0,0.0009565199999999999,9.7e-07,0.01891696,0.0,0.0,0.0,0.0,1.96e-06,0.0,0.00057624,9.409000000000002e-05,0.03726744,0.0182554,0.0,0.0,0.0,0.0,0.0,9.797999999999998e-05,0.00019012,0.01882384,0.018255399999999998,0.88566918
319,537,0.0,0.0,0.0,0.0,0.0,0.0,0.0,0.0,0.0,0.0,0.0,0.0,0.0,0.0,0.0,0.0,0.0,0.0,0.0,0.0,0.0,0.0,0.0,0.0,0.0,0.0,0.0,0.0,0.0,0.0,0.0,0.0,0.0,0.0,0.0,0.0,0.0,0.0,0.0,0.0,0.0,0.0,0.0,0.0,0.0,0.0,0.0,0.0,0.0,0.0,0.0,0.0,0.0,0.0,0.0,0.0,0.0,0.0,0.0,0.0,0.0,0.0,0.0,0.0,0.0,0.0,0.0,0.0,0.0,0.0,0.0,0.0,0.0,0.0,0.0,0.0,0.0,0.0,0.0,0.0,0.0,0.0,0.0,0.0,0.0,0.0,0.0,0.0,0.0,0.0,0.0,0.0,0.0,0.0,0.0,0.0,0.0,1.0,0.0,0.0
320,538,0.0,0.0,0.0,0.0,0.0,0.0,0.0,0.0,0.0,0.0,0.0,0.0,0.0,0.0,0.0,0.0,0.0,0.0,0.0,0.0,0.0,0.0,0.0,0.0,0.0,0.0,0.0,0.0,0.0,0.0,0.0,0.0,0.0,0.0,0.0,0.0,0.0,0.0,0.0,0.0,0.0,0.0,0.0,0.0,0.0,0.0,0.0,0.0,0.0,0.0,0.0,0.0,0.0,0.0,0.0,0.0,0.0,0.0,0.0,0.0,0.0,0.0,0.0,0.0,0.0,0.0,0.0,0.0,0.0,0.0,0.0,0.0,0.0,0.0,0.0,0.0,0.0,0.0,0.0,0.0,0.0,0.0,0.0,0.0,0.0,0.0,0.0,0.01,0.0,0.0,0.0,0.0,0.0,0.0,0.0,0.0,0.01,0.01,0.97,0.0
321,539,0.0,0.0,0.0,0.0,0.0,0.0,0.0,0.0,0.0,0.0,0.0,0.0,0.0,0.0,0.0,0.0,0.0,0.0,0.0,0.0,0.0,0.0,0.0,0.0,0.0,0.0,0.0,0.0,0.0,0.0,0.0,0.0,0.0,0.0,0.0,0.0,0.0,0.0,0.0,0.0,0.0,0.0,0.0,0.0,0.0,0.0,0.0,0.0,0.0,0.0,0.0,0.0,0.0,0.0,0.0,0.0,0.0,0.0,0.0,0.0,0.0,0.0,0.0,0.0,0.0,0.0,0.0,0.0,0.0,0.0,0.0,0.0,0.0,0.0,0.0,0.0,0.0,0.0001,0.0,0.0,0.0,0.0,0.0,0.0,0.0,0.0,0.0002,0.0001,0.0194,0.0,0.0,0.0,0.0,0.0,0.0,0.0001,0.0002,0.0196,0.0194,0.9409
322,540,0.0,0.0,0.0,0.0,0.0,0.0,0.0,0.0,1.0,0.0,0.0,0.0,0.0,0.0,0.0,0.0,0.0,0.0,0.0,0.0,0.0,0.0,0.0,0.0,0.0,0.0,0.0,0.0,0.0,0.0,0.0,0.0,0.0,0.0,0.0,0.0,0.0,0.0,0.0,0.0,0.0,0.0,0.0,0.0,0.0,0.0,0.0,0.0,0.0,0.0,0.0,0.0,0.0,0.0,0.0,0.0,0.0,0.0,0.0,0.0,0.0,0.0,0.0,0.0,0.0,0.0,0.0,0.0,0.0,0.0,0.0,0.0,0.0,0.0,0.0,0.0,0.0,0.0,0.0,0.0,0.0,0.0,0.0,0.0,0.0,0.0,0.0,0.0,0.0,0.0,0.0,0.0,0.0,0.0,0.0,0.0,0.0,0.0,0.0,0.0
323,541,0.0,0.0,0.0,0.0,0.0,0.0,0.0,0.97,0.01,0.01,0.0,0.0,0.0,0.0,0.0,0.0,0.0,0.0,0.01,0.0,0.0,0.0,0.0,0.0,0.0,0.0,0.0,0.0,0.0,0.0,0.0,0.0,0.0,0.0,0.0,0.0,0.0,0.0,0.0,0.0,0.0,0.0,0.0,0.0,0.0,0.0,0.0,0.0,0.0,0.0,0.0,0.0,0.0,0.0,0.0,0.0,0.0,0.0,0.0,0.0,0.0,0.0,0.0,0.0,0.0,0.0,0.0,0.0,0.0,0.0,0.0,0.0,0.0,0.0,0.0,0.0,0.0,0.0,0.0,0.0,0.0,0.0,0.0,0.0,0.0,0.0,0.0,0.0,0.0,0.0,0.0,0.0,0.0,0.0,0.0,0.0,0.0,0.0,0.0,0.0
324,542,0.0,0.0,0.0,0.0,0.0,0.0,0.9409,0.0194,0.0196,0.00030000000000000003,0.0,0.0,0.0,0.0,0.0,0.0,0.0,0.0194,0.0001,0.0002,0.0,0.0,0.0,0.0,0.0,0.0,0.0,0.0,0.0001,0.0,0.0,0.0,0.0,0.0,0.0,0.0,0.0,0.0,0.0,0.0,0.0,0.0,0.0,0.0,0.0,0.0,0.0,0.0,0.0,0.0,0.0,0.0,0.0,0.0,0.0,0.0,0.0,0.0,0.0,0.0,0.0,0.0,0.0,0.0,0.0,0.0,0.0,0.0,0.0,0.0,0.0,0.0,0.0,0.0,0.0,0.0,0.0,0.0,0.0,0.0,0.0,0.0,0.0,0.0,0.0,0.0,0.0,0.0,0.0,0.0,0.0,0.0,0.0,0.0,0.0,0.0,0.0,0.0,0.0,0.0
325,543,0.0,0.0,0.0,0.0,0.0,0.009408999999999999,0.009602999999999999,0.009992999999999998,0.00039400000000000004,0.00020399999999999997,0.0,0.0,0.0,0.0,0.0,0.0,0.912867,0.018819000000000002,0.019208999999999997,0.00029400000000000004,0.0,0.0,0.0,0.0,0.0,0.0,0.0,0.018819000000000002,9.7e-05,0.000195,0.0,0.0,0.0,0.0,0.0,0.0,0.0,0.0,9.7e-05,0.0,0.0,0.0,0.0,0.0,0.0,0.0,0.0,0.0,0.0,0.0,0.0,0.0,0.0,0.0,0.0,0.0,0.0,0.0,0.0,0.0,0.0,0.0,0.0,0.0,0.0,0.0,0.0,0.0,0.0,0.0,0.0,0.0,0.0,0.0,0.0,0.0,0.0,0.0,0.0,0.0,0.0,0.0,0.0,0.0,0.0,0.0,0.0,0.0,0.0,0.0,0.0,0.0,0.0,0.0,0.0,0.0,0.0,0.0,0.0,0.0
326,544,0.0,0.0,0.0,0.0,9.408999999999999e-05,0.00019011999999999998,0.00941872,0.00038809,0.000298,1.0960000000000002e-05,0.0,0.0,0.0,0.0,0.0,0.018255399999999998,0.009503099999999999,0.01920216,0.00057428,0.00039485999999999997,0.0,0.0,0.0,0.0,0.0,0.0,0.88566918,0.0182554,0.018823839999999998,0.00028810000000000006,0.0,0.0,0.0,0.0,0.0,0.0,0.0,0.0182554,9.409e-05,0.00019012,0.0,0.0,0.0,0.0,0.0,0.0,0.0,0.0,9.409e-05,0.0,0.0,0.0,0.0,0.0,0.0,0.0,0.0,0.0,0.0,0.0,0.0,0.0,0.0,0.0,0.0,0.0,0.0,0.0,0.0,0.0,0.0,0.0,0.0,0.0,0.0,0.0,0.0,0.0,0.0,0.0,0.0,0.0,0.0,0.0,0.0,0.0,0.0,0.0,0.0,0.0,0.0,0.0,0.0,0.0,0.0,0.0,0.0,0.0,0.0,0.0
327,545,0.0,0.0,0.0,9.408999999999999e-07,2.8421e-06,0.00027958329999999996,0.0001950003,0.0002930697,1.27133e-05,7.1477999999999996e-06,0.0,0.0,0.0,0.0,0.00027382129999999993,0.00027944739999999997,0.0183674258,0.0006597751000000001,0.0006732686,2.3203600000000003e-05,0.0,0.0,0.0,0.0,0.0,0.026564429799999997,0.009400560999999998,0.027853579399999998,0.0007434275000000001,0.0005760348,0.0,0.0,0.0,0.0,0.0,0.0,0.8592816585999999,0.0177086789,0.0184445209,0.00028229910000000005,0.0,0.0,0.0,0.0,0.0,0.0,0.0,0.0177086789,9.12673e-05,0.0001853573,0.0,0.0,0.0,0.0,0.0,0.0,0.0,0.0,9.12673e-05,0.0,0.0,0.0,0.0,0.0,0.0,0.0,0.0,0.0,0.0,0.0,0.0,0.0,0.0,0.0,0.0,0.0,0.0,0.0,0.0,0.0,0.0,0.0,0.0,0.0,0.0,0.0,0.0,0.0,0.0,0.0,0.0,0.0,0.0,0.0,0.0,0.0,0.0,0.0,0.0,0.0
328,546,0.0,0.0,9.408999999999998e-09,3.783e-08,5.571875999999999e-06,7.568731e-06,0.00019135079100000003,1.1605584e-05,9.861994e-06,5.02125e-07,0.0,0.0,0.0,3.6508859999999993e-06,5.551311e-06,0.00072325257,0.000292548126,0.0007532203469999999,2.6595963000000003e-05,1.9658436e-05,0.0,0.0,0.0,0.0,0.0005312509589999999,0.00036506958799999997,0.026953399704,0.0009185085210000001,0.0011218118929999998,3.8525106000000005e-05,0.0,0.0,0.0,0.0,0.0,0.034360313492,0.009295630958999998,0.035972320602,0.0009019471280000001,0.000747875529,0.0,0.0,0.0,0.0,0.0,0.0,0.8336802956309999,0.017178331206,0.018071038308000005,0.0002765963730000001,0.0,0.0,0.0,0.0,0.0,0.0,0.0,0.017178331206,8.8529281e-05,0.000180709254,0.0,0.0,0.0,0.0,0.0,0.0,0.0,0.0,8.8529281e-05,0.0,0.0,0.0,0.0,0.0,0.0,0.0,0.0,0.0,0.0,0.0,0.0,0.0,0.0,0.0,0.0,0.0,0.0,0.0,0.0,0.0,0.0,0.0,0.0,0.0,0.0,0.0,0.0,0.0,0.0,0.0
329,547,0.0,9.408999999999998e-11,4.723900000000001e-10,9.270000999999999e-08,1.8729748e-07,9.27743968e-06,5.03073232e-06,9.66038716e-06,4.8565666e-07,3.052468e-07,0.0,0.0,4.5635589999999994e-08,9.220821e-08,1.7986263869999998e-05,1.397335932e-05,0.00046990899348000004,2.3633942580000002e-05,2.8513040939999996e-05,1.3348563e-06,0.0,0.0,0.0,8.853869009999998e-06,9.035467549999999e-06,0.00132000463445,0.00038956377289999997,0.00137109905858,4.4387891660000006e-05,3.8150808200000006e-05,0.0,0.0,0.0,0.0,0.0008589165651499999,0.00044707380994999995,0.03518492701013,0.0011647123583000002,0.0016360698806,5.663354312000001e-05,0.0,0.0,0.0,0.0,0.0,0.04166630704355,0.009188545342289998,0.043582447635389994,0.0010503232827599998,0.0009107227024800002,0.0,0.0,0.0,0.0,0.0,0.0,0.8088416700741299,0.01666386656263,0.017703382856170007,0.0002709908671600001,0.0,0.0,0.0,0.0,0.0,0.0,0.0,0.01666386656263,8.587340257e-05,0.00017617326918999997,0.0,0.0,0.0,0.0,0.0,0.0,0.0,0.0,8.587340257e-05,0.0,0.0,0.0,0.0,0.0,0.0,0.0,0.0,0.0,0.0,0.0,0.0,0.0,0.0,0.0,0.0,0.0,0.0,0.0,0.0,0.0
330,548,9.408999999999998e-13,5.664800000000001e-12,1.3890207999999999e-09,3.7267809e-09,2.7543701039999997e-07,2.84688288e-07,4.938775526400001e-06,3.8810718720000006e-07,3.8964331559999997e-07,2.43100656e-08,0.0,5.476231999999999e-10,1.3803004e-09,3.587766944e-07,4.1268890639999995e-07,2.70781154076e-05,9.1515210984e-06,2.8065786475199998e-05,1.1646538656000001e-06,9.760764504e-07,0.0,0.0,1.3280521239999999e-07,1.7979663919999998e-07,3.932442664e-05,2.20108890444e-05,0.0008345720307072,3.8911564531200006e-05,5.811084718559999e-05,2.6865330407999998e-06,0.0,0.0,0.0,1.7177418591199997e-05,1.3235141622999999e-05,0.0020575060016048,0.00048588017481839994,0.0021340005320838002,6.5772946752e-05,6.304054521600001e-05,0.0,0.0,0.0,0.0,0.0012498121386309998,0.0005255470490743999,0.0430702834473568,0.0013987983394278,0.0022089533161224,7.72549053504e-05,0.0,0.0,0.0,0.0,0.0,0.048504734532984796,0.0090795276476476,0.05070706340125759,0.0011890208926007997,0.0010649064913308003,0.0,0.0,0.0,0.0,0.0,0.0,0.7847430586375322,0.016164809299776803,0.017341540502828805,0.0002654816078628001,0.0,0.0,0.0,0.0,0.0,0.0,0.0,0.016164809299776803,8.329720049289999e-05,0.00017174680513999996,0.0,0.0,0.0,0.0,0.0,0.0,0.0,0.0,8.329720049289999e-05,0.0,0.0,0.0,0.0,0.0,0.0,0.0,0.0,0.0,0.0,0.0
331,549,7.5466e-14,1.9432496999999998e-11,6.501766899999999e-11,6.393295064999999e-09,9.765409857e-09,3.2577016232400005e-07,1.47630921e-07,3.3782312504399997e-07,1.9667144340000004e-08,1.4143398972e-08,6.388905e-12,1.929786e-11,6.268645476e-09,9.553635932999999e-09,9.34787087508e-07,5.918986298520001e-07,1.3687771586508e-05,8.687413665360001e-07,1.2494811172439998e-06,7.18533972e-08,0.0,1.8592466279999997e-09,3.13685778e-09,9.14359898004e-07,7.545665122739999e-07,5.5579796534892e-05,1.4345001749388e-05,5.749064698071e-05,2.2034246928720002e-06,2.185173411312e-06,0.0,0.0,3.005952419399999e-07,3.06754156254e-07,7.138964942907e-05,3.1597186028225995e-05,0.001282152769596438,5.724873220524601e-05,0.000100427465704254,4.66662102276e-06,0.0,0.0,0.0,2.9160217419773993e-05,1.8093557865053998e-05,0.0029240291227463815,0.0005813424999353459,0.0030298435177686543,9.045049972322999e-05,9.466047598755602e-05,0.0,0.0,0.0,0.0,0.0016973651198019177,0.0006005759140786439,0.050617723509653836,0.001621167967645218,0.0028338198205929,0.00010013134810783201,0.0,0.0,0.0,0.0,0.0,0.05489702308337058,0.008968789911215939,0.05736834558362124,0.0013184861469041007,0.0012107469857491923,0.0,0.0,0.0,0.0,0.0,0.0,0.761362414971404,0.015680697992788428,0.016985492820798042,0.00026006759968324507,0.0,0.0,0.0,0.0,0.0,0.0,0.0,0.015680697992788428,8.079828447811299e-05,0.00016742737299072896,0.0,0.0,0.0,0.0,0.0,0.0,0.0,0.0,8.079828447811299e-05,0.0
332,551,0.0,0.0,0.0,0.0,0.0,0.0,0.0,0.0,0.0,0.0,0.0,0.0,0.0,0.0,0.0,0.0,0.0,0.0,1.0,0.0,0.0,0.0,0.0,0.0,0.0,0.0,0.0,0.0,0.0,0.0,0.0,0.0,0.0,0.0,0.0,0.0,0.0,0.0,0.0,0.0,0.0,0.0,0.0,0.0,0.0,0.0,0.0,0.0,0.0,0.0,0.0,0.0,0.0,0.0,0.0,0.0,0.0,0.0,0.0,0.0,0.0,0.0,0.0,0.0,0.0,0.0,0.0,0.0,0.0,0.0,0.0,0.0,0.0,0.0,0.0,0.0,0.0,0.0,0.0,0.0,0.0,0.0,0.0,0.0,0.0,0.0,0.0,0.0,0.0,0.0,0.0,0.0,0.0,0.0,0.0,0.0,0.0,0.0,0.0,0.0
333,552,0.0,0.0,0.0,0.0,0.0,0.0,0.0,0.0,0.01,0.0,0.0,0.0,0.0,0.0,0.0,0.0,0.0,0.97,0.0,0.01,0.0,0.0,0.0,0.0,0.0,0.0,0.0,0.0,0.01,0.0,0.0,0.0,0.0,0.0,0.0,0.0,0.0,0.0,0.0,0.0,0.0,0.0,0.0,0.0,0.0,0.0,0.0,0.0,0.0,0.0,0.0,0.0,0.0,0.0,0.0,0.0,0.0,0.0,0.0,0.0,0.0,0.0,0.0,0.0,0.0,0.0,0.0,0.0,0.0,0.0,0.0,0.0,0.0,0.0,0.0,0.0,0.0,0.0,0.0,0.0,0.0,0.0,0.0,0.0,0.0,0.0,0.0,0.0,0.0,0.0,0.0,0.0,0.0,0.0,0.0,0.0,0.0,0.0,0.0,0.0
334,553,0.0,0.0,0.0,0.0,0.0,0.0,0.0,0.0194,0.0001,0.0002,0.0,0.0,0.0,0.0,0.0,0.0,0.9409,0.0,0.0196,0.0001,0.0,0.0,0.0,0.0,0.0,0.0,0.0,0.0194,0.0,0.0002,0.0,0.0,0.0,0.0,0.0,0.0,0.0,0.0,0.0001,0.0,0.0,0.0,0.0,0.0,0.0,0.0,0.0,0.0,0.0,0.0,0.0,0.0,0.0,0.0,0.0,0.0,0.0,0.0,0.0,0.0,0.0,0.0,0.0,0.0,0.0,0.0,0.0,0.0,0.0,0.0,0.0,0.0,0.0,0.0,0.0,0.0,0.0,0.0,0.0,0.0,0.0,0.0,0.0,0.0,0.0,0.0,0.0,0.0,0.0,0.0,0.0,0.0,0.0,0.0,0.0,0.0,0.0,0.0,0.0,0.0
335,554,0.0,0.0,0.0,0.0,0.0,0.0,0.009602999999999999,0.000195,0.000393,6.000000000000002e-06,0.0,0.0,0.0,0.0,0.0,0.009408999999999999,0.0,0.028617,9.8e-05,0.00039299999999999996,0.0,0.0,0.0,0.0,0.0,0.0,0.912867,0.0,0.019208999999999997,9.9e-05,0.0,0.0,0.0,0.0,0.0,0.0,0.0,0.018819000000000002,0.0,0.000195,0.0,0.0,0.0,0.0,0.0,0.0,0.0,0.0,9.7e-05,0.0,0.0,0.0,0.0,0.0,0.0,0.0,0.0,0.0,0.0,0.0,0.0,0.0,0.0,0.0,0.0,0.0,0.0,0.0,0.0,0.0,0.0,0.0,0.0,0.0,0.0,0.0,0.0,0.0,0.0,0.0,0.0,0.0,0.0,0.0,0.0,0.0,0.0,0.0,0.0,0.0,0.0,0.0,0.0,0.0,0.0,0.0,0.0,0.0,0.0,0.0
336,555,0.0,0.0,0.0,0.0,0.0,0.00019011999999999998,9.797999999999998e-05,0.00038808000000000007,6.920000000000001e-06,7.979999999999998e-06,0.0,0.0,0.0,0.0,9.408999999999999e-05,0.0,0.01882384,0.00019013,0.0008634000000000001,1.1720000000000001e-05,0.0,0.0,0.0,0.0,0.0,0.018255399999999998,0.0,0.03726744,9.604999999999999e-05,0.0005762399999999999,0.0,0.0,0.0,0.0,0.0,0.0,0.88566918,0.0,0.018823839999999998,9.797999999999998e-05,0.0,0.0,0.0,0.0,0.0,0.0,0.0,0.0182554,0.0,0.00019012,0.0,0.0,0.0,0.0,0.0,0.0,0.0,0.0,9.409e-05,0.0,0.0,0.0,0.0,0.0,0.0,0.0,0.0,0.0,0.0,0.0,0.0,0.0,0.0,0.0,0.0,0.0,0.0,0.0,0.0,0.0,0.0,0.0,0.0,0.0,0.0,0.0,0.0,0.0,0.0,0.0,0.0,0.0,0.0,0.0,0.0,0.0,0.0,0.0,0.0,0.0
337,559,0.0,5.664800000000001e-12,1.4230000000000002e-11,3.7267808e-09,4.2546696e-09,2.8468812120000005e-07,9.43744008e-08,3.880480464e-07,1.2600576e-08,1.6668607200000002e-08,9.408999999999998e-13,0.0,2.7550912e-09,1.8536313e-09,6.838711888e-07,2.269542e-07,1.39958723448e-05,4.0411793760000005e-07,1.530701106e-06,5.1156988799999996e-08,0.0,5.476231999999999e-10,0.0,5.367197023999999e-07,1.364587854e-07,4.88620361888e-05,5.0132724e-06,6.656625152220001e-05,7.871423184e-07,2.5651547279999997e-06,0.0,0.0,1.3280521239999999e-07,0.0,5.2423109536e-05,5.419831573199999e-06,0.0013154371293736,1.4646968592e-05,0.000122519898588,2.8534217735999994e-06,0.0,0.0,0.0,1.7177418591199997e-05,0.0,0.002577633233336,9.373665635399997e-05,0.0035180224848799994,1.7622607540800002e-05,0.00010714011798359999,0.0,0.0,0.0,0.0,0.0012498121386309998,0.0,0.052056076292281594,0.00017188326386699998,0.0033755195323696,4.952205850319999e-05,0.0,0.0,0.0,0.0,0.0,0.048504734532984796,0.0,0.0667001258958944,8.871701783609997e-05,0.0012184870880096,0.0,0.0,0.0,0.0,0.0,0.0,0.7847430586375322,0.0,0.017341540502828805,9.373480272279995e-05,0.0,0.0,0.0,0.0,0.0,0.0,0.0,0.016164809299776803,0.0,0.00017174680513999996,0.0,0.0,0.0,0.0,0.0,0.0,0.0,0.0,8.329720049289999e-05,0.0
338,561,3.404710000000001e-15,1.11058818e-12,2.20586362e-12,3.5205106244999995e-10,3.9883942764e-10,3.020181007584e-08,1.783942564248e-08,5.5582694595426e-07,1.048189000434e-07,4.243363009068e-07,3.9557572e-13,1.9790233999999998e-13,2.5537722728999994e-10,8.781802455999999e-11,4.295247090167999e-08,1.055461816053e-08,2.0163170315157598e-06,3.2221883223407997e-07,1.451089727990556e-05,1.9350006969665998e-06,5.4950499999999994e-14,9.153626561999998e-11,1.4018027800000001e-11,3.08905490268e-08,4.34166250266e-09,3.02330592099138e-06,3.4867388883618e-07,7.344689630191823e-05,5.05163350670064e-06,6.828540352071618e-05,1.3390139969999998e-11,0.0,1.1399020174559999e-08,5.694602775299999e-10,2.2779960219729e-06,1.3011337730147998e-07,0.00013199765668052795,7.323544759784339e-06,0.0013100245307952417,0.0001342637275114236,0.0,1.74435766392e-09,0.0,8.575178704453199e-07,1.0471277828579998e-08,0.00010782867293002186,1.9819528315443596e-06,0.003537042701442332,9.321959423749455e-05,0.0034975574461397576,0.0,0.0,1.2842997810257997e-07,0.0,4.025688333128279e-05,3.6477640814819995e-08,0.0032802323024393324,5.215087932845699e-06,0.050410446340278046,0.0034126266795548887,0.0,0.0,0.0,5.1021536228838e-06,0.0,0.0011492267552348293,5.262202019240999e-08,0.06318556395117762,1.692312725529976e-05,0.0644048778572915,0.0,0.0,0.0,0.0,8.830023398421329e-05,0.0,0.016345468547954184,4.430521022619998e-08,0.7403137509647437,0.016434475109419436,0.0,0.0,0.0,0.0,0.0,0.0001634155661107826,0.0,0.015551017754654518,1.7018923922354596e-06,0.01571274808781317,0.0,0.0,0.0,0.0,0.0,0.0,8.171559744375788e-05,1.6331403700762603e-06,0.0003169984289566418,8.334873781383415e-05
339,562,0.0,0.0,0.0,0.0,0.0,0.0,0.0,0.0,0.0,0.0,0.0,0.0,0.0,0.0,0.0,0.0,0.0,0.0,0.0,0.0,0.0,0.0,0.0,0.0,0.0,0.0,0.0,0.0,1.0,0.0,0.0,0.0,0.0,0.0,0.0,0.0,0.0,0.0,0.0,0.0,0.0,0.0,0.0,0.0,0.0,0.0,0.0,0.0,0.0,0.0,0.0,0.0,0.0,0.0,0.0,0.0,0.0,0.0,0.0,0.0,0.0,0.0,0.0,0.0,0.0,0.0,0.0,0.0,0.0,0.0,0.0,0.0,0.0,0.0,0.0,0.0,0.0,0.0,0.0,0.0,0.0,0.0,0.0,0.0,0.0,0.0,0.0,0.0,0.0,0.0,0.0,0.0,0.0,0.0,0.0,0.0,0.0,0.0,0.0,0.0
340,563,0.0,0.0,0.0,0.0,0.0,0.0,0.0,0.0,0.0,0.0,0.0,0.0,0.0,0.0,0.0,0.0,0.0,0.0,0.01,0.0,0.0,0.0,0.0,0.0,0.0,0.0,0.0,0.97,0.0,0.01,0.0,0.0,0.0,0.0,0.0,0.0,0.0,0.0,0.01,0.0,0.0,0.0,0.0,0.0,0.0,0.0,0.0,0.0,0.0,0.0,0.0,0.0,0.0,0.0,0.0,0.0,0.0,0.0,0.0,0.0,0.0,0.0,0.0,0.0,0.0,0.0,0.0,0.0,0.0,0.0,0.0,0.0,0.0,0.0,0.0,0.0,0.0,0.0,0.0,0.0,0.0,0.0,0.0,0.0,0.0,0.0,0.0,0.0,0.0,0.0,0.0,0.0,0.0,0.0,0.0,0.0,0.0,0.0,0.0,0.0
341,564,0.0,0.0,0.0,0.0,0.0,0.0,0.0,0.0,0.0001,0.0,0.0,0.0,0.0,0.0,0.0,0.0,0.0,0.0194,0.0,0.0002,0.0,0.0,0.0,0.0,0.0,0.0,0.9409,0.0,0.0196,0.0001,0.0,0.0,0.0,0.0,0.0,0.0,0.0,0.0194,0.0,0.0002,0.0,0.0,0.0,0.0,0.0,0.0,0.0,0.0,0.0001,0.0,0.0,0.0,0.0,0.0,0.0,0.0,0.0,0.0,0.0,0.0,0.0,0.0,0.0,0.0,0.0,0.0,0.0,0.0,0.0,0.0,0.0,0.0,0.0,0.0,0.0,0.0,0.0,0.0,0.0,0.0,0.0,0.0,0.0,0.0,0.0,0.0,0.0,0.0,0.0,0.0,0.0,0.0,0.0,0.0,0.0,0.0,0.0,0.0,0.0,0.0
342,573,0.0,0.0,0.0,0.0,0.0,0.0,0.0,0.0,0.0,0.0,0.0,0.0,0.0,0.0,0.0,0.0,0.0,0.0,0.0,0.0,0.0,0.0,0.0,0.0,0.0,0.0,0.0,0.0,0.0,0.0,0.0,0.0,0.0,0.0,0.0,0.0,0.0,0.0,1.0,0.0,0.0,0.0,0.0,0.0,0.0,0.0,0.0,0.0,0.0,0.0,0.0,0.0,0.0,0.0,0.0,0.0,0.0,0.0,0.0,0.0,0.0,0.0,0.0,0.0,0.0,0.0,0.0,0.0,0.0,0.0,0.0,0.0,0.0,0.0,0.0,0.0,0.0,0.0,0.0,0.0,0.0,0.0,0.0,0.0,0.0,0.0,0.0,0.0,0.0,0.0,0.0,0.0,0.0,0.0,0.0,0.0,0.0,0.0,0.0,0.0
343,574,0.0,0.0,0.0,0.0,0.0,0.0,0.0,0.0,0.0,0.0,0.0,0.0,0.0,0.0,0.0,0.0,0.0,0.0,0.0,0.0,0.0,0.0,0.0,0.0,0.0,0.0,0.0,0.0,0.97,0.0,0.0,0.0,0.0,0.0,0.0,0.0,0.0,0.01,0.0,0.01,0.0,0.0,0.0,0.0,0.0,0.0,0.0,0.0,0.01,0.0,0.0,0.0,0.0,0.0,0.0,0.0,0.0,0.0,0.0,0.0,0.0,0.0,0.0,0.0,0.0,0.0,0.0,0.0,0.0,0.0,0.0,0.0,0.0,0.0,0.0,0.0,0.0,0.0,0.0,0.0,0.0,0.0,0.0,0.0,0.0,0.0,0.0,0.0,0.0,0.0,0.0,0.0,0.0,0.0,0.0,0.0,0.0,0.0,0.0,0.0
344,575,0.0,0.0,0.0,0.0,0.0,0.0,0.0,0.0,0.0,0.0,0.0,0.0,0.0,0.0,0.0,0.0,0.0,0.0,0.0097,0.0,0.0,0.0,0.0,0.0,0.0,0.0,0.0,0.941,0.0,0.0098,0.0,0.0,0.0,0.0,0.0,0.0,0.0097,0.0,0.0196,0.0001,0.0,0.0,0.0,0.0,0.0,0.0,0.0,0.0098,0.0,0.0002,0.0,0.0,0.0,0.0,0.0,0.0,0.0,0.0,0.0001,0.0,0.0,0.0,0.0,0.0,0.0,0.0,0.0,0.0,0.0,0.0,0.0,0.0,0.0,0.0,0.0,0.0,0.0,0.0,0.0,0.0,0.0,0.0,0.0,0.0,0.0,0.0,0.0,0.0,0.0,0.0,0.0,0.0,0.0,0.0,0.0,0.0,0.0,0.0,0.0,0.0
345,576,0.0,0.0,0.0,0.0,0.0,0.0,0.0,0.0,9.7e-05,0.0,0.0,0.0,0.0,0.0,0.0,0.0,0.0,0.018819000000000002,0.0,0.000195,0.0,0.0,0.0,0.0,0.0,0.0,0.912867,0.0,0.019208999999999997,9.9e-05,0.0,0.0,0.0,0.0,0.0,0.009409,0.0,0.028616999999999997,9.7e-05,0.000297,0.0,0.0,0.0,0.0,0.0,0.0,0.009602999999999999,0.0,0.000489,3.0000000000000005e-06,0.0,0.0,0.0,0.0,0.0,0.0,0.0,0.000195,0.0,3.0000000000000005e-06,0.0,0.0,0.0,0.0,0.0,0.0,0.0,0.0,1.0000000000000002e-06,0.0,0.0,0.0,0.0,0.0,0.0,0.0,0.0,0.0,0.0,0.0,0.0,0.0,0.0,0.0,0.0,0.0,0.0,0.0,0.0,0.0,0.0,0.0,0.0,0.0,0.0,0.0,0.0,0.0,0.0,0.0
346,577,0.0,0.0,0.0,0.0,0.0,0.0,0.0,0.00018916000000000004,9.7e-07,2.92e-06,0.0,0.0,0.0,0.0,0.0,0.0,0.00931686,0.0,0.00047632,2.94e-06,0.0,0.0,0.0,0.0,0.0,0.00922276,0.0,0.02786136,1.96e-06,0.0003852,0.0,0.0,0.0,0.0,9.409000000000002e-05,0.0,0.88595728,9.7e-07,0.018926759999999997,9.999999999999999e-05,0.0,0.0,0.0,0.0,0.0,0.00922276,0.0,0.027861359999999998,9.412e-05,0.00029304,0.0,0.0,0.0,0.0,0.0,0.0,0.00931686,0.0,0.00047631999999999997,2.9400000000000007e-06,0.0,0.0,0.0,0.0,0.0,0.0,0.0,0.00018915999999999998,0.0,2.9200000000000004e-06,0.0,0.0,0.0,0.0,0.0,0.0,0.0,0.0,9.7e-07,0.0,0.0,0.0,0.0,0.0,0.0,0.0,0.0,0.0,0.0,0.0,0.0,0.0,0.0,0.0,0.0,0.0,0.0,0.0,0.0,0.0
347,581,0.0,0.0,0.0,9.316952000000001e-10,9.364390000000002e-10,1.401716336e-07,4.01990808e-08,2.3772079739999997e-07,5.140041600000002e-09,9.585696000000001e-09,0.0,0.0,4.677244000000001e-10,0.0,2.73036448e-07,4.62003348e-08,8.7431819176e-06,1.2166728e-07,9.549529368e-07,2.22529896e-08,0.0,9.599119999999999e-11,0.0,1.8124802240000002e-07,5.840000000000001e-14,2.69435223104e-05,9.484224251999999e-07,4.38291241904e-05,1.59972384e-07,1.5894982476000001e-06,9.409000000000002e-13,0.0,4.6111763199999994e-08,9.7e-15,2.64020460592e-05,2.3699200000000003e-11,0.0009216601404352001,1.7702603544000003e-06,8.42762436004e-05,1.3923881064e-06,0.0,4.572968000000001e-10,0.0,8.8598346464e-06,4.704800000000001e-12,0.0017196333612608,3.7033664e-09,0.002627821331192,1.5049924544999997e-06,7.595534746400001e-05,0.0,0.0,8.8995046e-08,0.0,0.0008511315777088002,9.128188000000001e-10,0.04300439111078801,2.7305526399999996e-07,0.0026979634673344,3.174301085199999e-05,0.0,0.0,0.0,8.677704341600001e-06,0.0,0.04088531823048801,8.85576536e-08,0.0587652356736608,9.134248615999997e-06,0.0010630208239999998,0.0,0.0,0.0,0.0,0.000425252236087,0.0,0.7860365709991745,4.296436423e-06,0.017806962832196797,0.00010304692785279998,0.0,0.0,0.0,0.0,0.0,0.008505079771176798,0.0,0.025030102504342396,8.34415947705e-05,0.0002771403035263999,0.0,0.0,0.0,0.0,0.0,0.0,0.008255055366367597,0.00016749739965199998,0.00042958130847039995,5.3303753892e-06
348,583,0.0,1.9631352000000005e-13,3.267553800000001e-13,1.1427162228000001e-10,1.0502704368000001e-10,1.341849058398e-08,6.32616567966e-09,3.1153246536456005e-07,4.510703016204e-08,2.5702649257721997e-07,6.606477000000001e-14,0.0,7.938039216000002e-11,4.900496639999999e-12,1.825723802058e-08,1.14760517412e-09,1.0547689202646e-06,6.526987681698e-08,9.109037545746482e-06,1.06851571144152e-06,9.787299999999999e-15,2.938611042e-11,0.0,1.3461866785200004e-08,1.0418183594999998e-10,1.5785668323787203e-06,1.9884653752079996e-08,4.454004652396266e-05,9.480615891749698e-07,4.4589161644071124e-05,4.731242919999998e-12,9.126730000000001e-15,5.372777055450001e-09,3.4117800000000004e-15,1.2628855167033603e-06,3.727285462500001e-10,8.163388657561957e-05,5.370234591330001e-08,0.0009209707663202677,8.382488503369253e-05,4.591786000000001e-14,9.2199569634e-10,0.0,5.250600578431201e-07,6.5004834e-13,7.220440315925232e-05,7.580415539700001e-10,0.0025281186719320983,8.169460448434001e-07,0.002600876220451916,8.991058050000001e-12,0.0,9.037845120432003e-08,9.222381e-14,2.9972737475884265e-05,6.374262192e-11,0.0025614960589792467,1.3909437148359999e-08,0.041709061812341464,0.0025912649817656816,0.0,8.856151730400002e-10,0.0,4.5165040782603615e-06,9.038799599999999e-12,0.0010069861226228174,3.5811322309199996e-09,0.05571116228692905,1.0697757947137099e-05,0.05671197066391631,0.0,0.0,4.4269663981620005e-08,0.0,9.707014114955353e-05,4.474464549e-10,0.01678827605031691,1.3152507932481999e-07,0.7415580360271908,0.01688438966942114,0.0,0.0,0.0,9.364261947692399e-07,0.0,0.00034039932424174453,8.682173190941698e-07,0.02391184541344269,7.722063637919919e-06,0.024248836954579998,0.0,0.0,0.0,0.0,2.5690467144808197e-06,2.5182687903563995e-06,0.00041048376795319816,0.00016603760065297423,0.00826633206521854,0.0005823300716093914
349,584,0.0,0.0,0.0,0.0,0.0,0.0,0.0,0.0,0.0,0.0,0.0,0.0,0.0,0.0,0.0,0.0,0.0,0.0,0.0,0.0,0.0,0.0,0.0,0.0,0.0,0.0,0.0,0.0,0.0,0.0,0.0,0.0,0.0,0.0,0.0,0.0,0.0,0.0,0.0,0.0,0.0,0.0,0.0,0.0,0.0,0.0,0.0,0.0,1.0,0.0,0.0,0.0,0.0,0.0,0.0,0.0,0.0,0.0,0.0,0.0,0.0,0.0,0.0,0.0,0.0,0.0,0.0,0.0,0.0,0.0,0.0,0.0,0.0,0.0,0.0,0.0,0.0,0.0,0.0,0.0,0.0,0.0,0.0,0.0,0.0,0.0,0.0,0.0,0.0,0.0,0.0,0.0,0.0,0.0,0.0,0.0,0.0,0.0,0.0,0.0
350,585,0.0,0.0,0.0,0.0,0.0,0.0,0.0,0.0,0.0,0.0,0.0,0.0,0.0,0.0,0.0,0.0,0.0,0.0,0.0,0.0,0.0,0.0,0.0,0.0,0.0,0.0,0.0,0.0,0.0,0.0,0.0,0.0,0.0,0.0,0.0,0.0,0.0,0.0,0.01,0.0,0.0,0.0,0.0,0.0,0.0,0.0,0.0,0.97,0.0,0.01,0.0,0.0,0.0,0.0,0.0,0.0,0.0,0.0,0.01,0.0,0.0,0.0,0.0,0.0,0.0,0.0,0.0,0.0,0.0,0.0,0.0,0.0,0.0,0.0,0.0,0.0,0.0,0.0,0.0,0.0,0.0,0.0,0.0,0.0,0.0,0.0,0.0,0.0,0.0,0.0,0.0,0.0,0.0,0.0,0.0,0.0,0.0,0.0,0.0,0.0
351,586,0.0,0.0,0.0,0.0,0.0,0.0,0.0,0.0,0.0,0.0,0.0,0.0,0.0,0.0,0.0,0.0,0.0,0.0,0.0,0.0,0.0,0.0,0.0,0.0,0.0,0.0,0.0,0.0,0.0001,0.0,0.0,0.0,0.0,0.0,0.0,0.0,0.0,0.0194,0.0,0.0002,0.0,0.0,0.0,0.0,0.0,0.0,0.9409,0.0,0.0196,0.0001,0.0,0.0,0.0,0.0,0.0,0.0,0.0,0.0194,0.0,0.0002,0.0,0.0,0.0,0.0,0.0,0.0,0.0,0.0,0.0001,0.0,0.0,0.0,0.0,0.0,0.0,0.0,0.0,0.0,0.0,0.0,0.0,0.0,0.0,0.0,0.0,0.0,0.0,0.0,0.0,0.0,0.0,0.0,0.0,0.0,0.0,0.0,0.0,0.0,0.0,0.0
352,587,0.0,0.0,0.0,0.0,0.0,0.0,0.0,0.0,0.0,0.0,0.0,0.0,0.0,0.0,0.0,0.0,0.0,0.0,1.0000000000000002e-06,0.0,0.0,0.0,0.0,0.0,0.0,0.0,0.0,0.000195,0.0,3.0000000000000005e-06,0.0,0.0,0.0,0.0,0.0,0.0,0.009602999999999999,0.0,0.000489,3.0000000000000005e-06,0.0,0.0,0.0,0.0,0.0,0.009408999999999999,0.0,0.028617,1.0000000000000002e-06,0.00039299999999999996,0.0,0.0,0.0,0.0,0.0,0.0,0.912867,0.0,0.019208999999999997,9.9e-05,0.0,0.0,0.0,0.0,0.0,0.0,0.0,0.018819000000000002,0.0,0.000195,0.0,0.0,0.0,0.0,0.0,0.0,0.0,0.0,9.7e-05,0.0,0.0,0.0,0.0,0.0,0.0,0.0,0.0,0.0,0.0,0.0,0.0,0.0,0.0,0.0,0.0,0.0,0.0,0.0,0.0,0.0
353,588,0.0,0.0,0.0,0.0,0.0,0.0,0.0,0.0,1.0000000000000002e-08,0.0,0.0,0.0,0.0,0.0,0.0,0.0,0.0,1.96e-06,0.0,4.000000000000001e-08,0.0,0.0,0.0,0.0,0.0,0.0,9.797999999999998e-05,0.0,7.84e-06,6.000000000000001e-08,0.0,0.0,0.0,0.0,0.0,0.00019011999999999998,0.0,0.00057624,4.000000000000001e-08,1.1760000000000001e-05,0.0,0.0,0.0,0.0,9.408999999999999e-05,0.0,0.01882384,1.0000000000000002e-08,0.00095652,7.840000000000001e-06,0.0,0.0,0.0,0.0,0.0,0.018255399999999998,0.0,0.03726744,1.96e-06,0.0005762399999999999,0.0,0.0,0.0,0.0,0.0,0.0,0.88566918,0.0,0.018823839999999998,9.797999999999998e-05,0.0,0.0,0.0,0.0,0.0,0.0,0.0,0.0182554,0.0,0.00019012,0.0,0.0,0.0,0.0,0.0,0.0,0.0,0.0,9.409e-05,0.0,0.0,0.0,0.0,0.0,0.0,0.0,0.0,0.0,0.0,0.0
354,589,0.0,0.0,0.0,0.0,0.0,0.0,0.0,1.97e-08,1.0000000000000002e-10,5.000000000000001e-10,0.0,0.0,0.0,0.0,0.0,0.0,9.994e-07,0.0,1.0810000000000001e-07,1.0000000000000003e-09,0.0,0.0,0.0,0.0,0.0,2.881e-06,0.0,8.7218e-06,1.0000000000000003e-09,2.354e-07,0.0,0.0,0.0,0.0,2.8421e-06,0.0,0.00029094259999999997,5.000000000000001e-10,2.3049999999999998e-05,2.546e-07,0.0,0.0,0.0,9.408999999999999e-07,0.0,0.0005561496999999999,1.0000000000000002e-10,0.0011294308000000001,1.3690000000000001e-07,2.6813199999999996e-05,0.0,0.0,0.0,0.0,0.00027382129999999993,0.0,0.027671045000000002,2.93e-08,0.0014944996,1.43666e-05,0.0,0.0,0.0,0.0,0.0,0.026564429799999997,0.0,0.045376901,2.881e-06,0.0007500721999999998,0.0,0.0,0.0,0.0,0.0,0.0,0.8592816585999999,0.0,0.0184445209,9.694179999999997e-05,0.0,0.0,0.0,0.0,0.0,0.0,0.0,0.0177086789,0.0,0.0001853573,0.0,0.0,0.0,0.0,0.0,0.0,0.0,0.0,9.12673e-05,0.0
355,590,0.0,0.0,0.0,0.0,0.0,0.0,1.0191e-08,1.9800000000000001e-10,2.0196e-08,5.97e-10,0.0,0.0,0.0,0.0,0.0,3.8804e-08,0.0,1.0579139999999998e-06,2.1000000000000005e-11,1.0818600000000001e-07,0.0,0.0,0.0,0.0,5.7231000000000005e-08,0.0,5.801208e-06,1.5000000000000003e-11,8.694081e-06,2.31864e-07,0.0,0.0,0.0,3.783e-08,0.0,1.1256569999999998e-05,6.000000000000002e-12,0.0002938263479999999,4.41e-09,2.2875947999999994e-05,0.0,0.0,9.408999999999998e-09,0.0,9.240803999999999e-06,1.0000000000000002e-12,0.000830379393,1.7640000000000001e-09,0.0011109915040000001,2.6287808999999997e-05,0.0,0.0,0.0,2.747621999999999e-06,0.0,0.000813522906,2.94e-10,0.027320921964,2.0226600000000002e-07,0.001471369068,0.0,0.0,0.0,0.0,0.00026838251099999997,0.0,0.035090792951999995,2.9103000000000003e-08,0.044222484897,0.0007314776879999999,0.0,0.0,0.0,0.0,0.0,0.008858460884,0.0,0.8343185098499999,9.982279999999995e-07,0.017994573114,0.0,0.0,0.0,0.0,0.0,0.0,0.008769903375,0.0,0.017364629988,0.00018076599900000001,0.0,0.0,0.0,0.0,0.0,0.0,0.0,0.000177999462,9.126730000000001e-07,9.038285399999999e-05
356,593,0.0,0.0,0.0,3.36126e-13,2.0441400000000002e-13,5.1093774e-11,1.5944370000000004e-11,1.319401614e-09,1.4765858999999996e-10,1.3628753640000001e-09,0.0,0.0,3.3339600000000004e-13,0.0,1.08671406e-10,6.768264000000001e-12,6.60692316e-09,2.21519058e-10,5.583476998799999e-08,6.864569435999999e-09,0.0,1.9894800000000003e-13,0.0,1.21392372e-10,0.0,1.4891635128e-08,9.805308e-11,3.86838228888e-07,7.911838089e-09,3.9436256079599997e-07,6.605700000000001e-14,0.0,8.057850000000001e-11,0.0,1.877219016e-08,1.6828000000000003e-14,1.103464913688e-06,2.3491679609999994e-09,1.0342765216067998e-05,1.110435450465e-06,9.408999999999998e-15,2.9461520999999994e-11,0.0,1.3682603279999999e-08,3.528000000000001e-15,1.616043516816e-06,2.915495999999999e-11,4.585252807098e-05,8.427188877609999e-07,4.6634310028355996e-05,4.5823769999999976e-12,0.0,5.396753219999999e-09,0.0,1.2849490067999998e-06,8.635560000000001e-13,8.365848936040801e-05,1.5026080987200003e-07,0.0009490804020871078,8.415911241948001e-05,0.0,8.945234279999997e-10,0.0,5.27855437812e-07,9.6036e-14,7.354516394488798e-05,8.1446802e-10,0.0025952687109062635,3.6107291825977004e-05,0.002633088132847608,0.0,0.0,8.766699387599998e-08,0.0,3.0122843178605994e-05,9.506003999999998e-12,0.0026123424858225837,1.8923830915109998e-06,0.042949275651819975,0.002626824536802177,0.0,0.0,0.0,4.339299404285999e-06,0.0,0.0010101299253265738,8.68962974946e-07,0.056937924395985745,0.000350880592834239,0.05760567858969531,0.0,0.0,0.0,0.0,8.9303320072638e-05,0.00016760135137544398,0.01676652531770524,0.016029442748091812,0.7632064100529286,0.0330450584121437
357,595,0.0,0.0,0.0,0.0,0.0,0.0,0.0,0.0,0.0,0.0,0.0,0.0,0.0,0.0,0.0,0.0,0.0,0.0,0.0,0.0,0.0,0.0,0.0,0.0,0.0,0.0,0.0,0.0,0.0,0.0,0.0,0.0,0.0,0.0,0.0,0.0,0.0,0.0,0.0,0.0,0.0,0.0,0.0,0.0,0.0,0.0,0.0,0.0,0.0,0.0,0.0,0.0,0.0,0.0,0.0,0.0,0.0,0.0,0.0,0.0,0.0,0.0,0.0,0.0,0.0,0.0,0.0,0.0,1.0,0.0,0.0,0.0,0.0,0.0,0.0,0.0,0.0,0.0,0.0,0.0,0.0,0.0,0.0,0.0,0.0,0.0,0.0,0.0,0.0,0.0,0.0,0.0,0.0,0.0,0.0,0.0,0.0,0.0,0.0,0.0
358,600,0.0,0.0,0.0,0.0,0.0,0.0,0.0,0.0,0.0,0.0,0.0,0.0,0.0,0.0,0.0,0.0,0.0,0.0,0.0,0.0,0.0,0.0,0.0,0.0,0.0,0.0,0.0,0.0,0.0,0.0,0.0,0.0,0.0,0.0,0.0,0.0,0.0,0.0,0.0,0.0,0.0,0.0,0.0,0.0,0.0,0.0,0.0,0.0,0.0,0.0,0.0,0.0,0.0,0.0,0.0,0.0,0.0,0.0,0.0,0.0,0.0,0.0,0.0,0.0,0.0,0.0,0.0,0.0,0.0,0.0,0.0,0.0,0.0,0.0,0.0,0.0,0.0,0.0,1.0,0.0,0.0,0.0,0.0,0.0,0.0,0.0,0.0,0.0,0.0,0.0,0.0,0.0,0.0,0.0,0.0,0.0,0.0,0.0,0.0,0.0
359,601,0.0,0.0,0.0,0.0,0.0,0.0,0.0,0.0,0.0,0.0,0.0,0.0,0.0,0.0,0.0,0.0,0.0,0.0,0.0,0.0,0.0,0.0,0.0,0.0,0.0,0.0,0.0,0.0,0.0,0.0,0.0,0.0,0.0,0.0,0.0,0.0,0.0,0.0,0.0,0.0,0.0,0.0,0.0,0.0,0.0,0.0,0.0,0.0,0.0,0.0,0.0,0.0,0.0,0.0,0.0,0.0,0.0,0.0,0.0,0.0,0.0,0.0,0.0,0.0,0.0,0.0,0.0,0.0,0.01,0.0,0.0,0.0,0.0,0.0,0.0,0.0,0.0,0.01,0.0,0.01,0.0,0.0,0.0,0.0,0.0,0.0,0.0,0.0,0.97,0.0,0.0,0.0,0.0,0.0,0.0,0.0,0.0,0.0,0.0,0.0
360,602,0.0,0.0,0.0,0.0,0.0,0.0,0.0,0.0,0.0,0.0,0.0,0.0,0.0,0.0,0.0,0.0,0.0,0.0,0.0,0.0,0.0,0.0,0.0,0.0,0.0,0.0,0.0,0.0,0.0,0.0,0.0,0.0,0.0,0.0,0.0,0.0,0.0,0.0,0.0,0.0,0.0,0.0,0.0,0.0,0.0,0.0,0.0,0.0,0.0,0.0,0.0,0.0,0.0,0.0,0.0,0.0,0.0,0.0,0.0001,0.0,0.0,0.0,0.0,0.0,0.0,0.0,0.0,0.0002,0.0,0.0002,0.0,0.0,0.0,0.0,0.0,0.0,0.0001,0.0,0.0196,0.0001,0.0,0.0,0.0,0.0,0.0,0.0,0.0,0.0194,0.0,0.0194,0.0,0.0,0.0,0.0,0.0,0.0,0.0,0.0,0.9409,0.0
361,603,0.0,0.0,0.0,0.0,0.0,0.0,0.0,0.0,0.0,0.0,0.0,0.0,0.0,0.0,0.0,0.0,0.0,0.0,0.0,0.0,0.0,0.0,0.0,0.0,0.0,0.0,0.0,0.0,0.0,0.0,0.0,0.0,0.0,0.0,0.0,0.0,0.0,0.0,0.0,0.0,0.0,0.0,0.0,0.0,0.0,0.0,0.0,0.0,1.0000000000000002e-06,0.0,0.0,0.0,0.0,0.0,0.0,0.0,0.0,3.0000000000000005e-06,0.0,9.9e-05,0.0,0.0,0.0,0.0,0.0,0.0,3.0000000000000005e-06,0.0,0.000393,0.000195,0.0,0.0,0.0,0.0,0.0,1.0000000000000002e-06,0.0,0.000489,1.0000000000000002e-06,0.019304999999999996,0.0,0.0,0.0,0.0,0.0,0.0,0.000195,0.0,0.028617000000000004,0.018819000000000002,0.0,0.0,0.0,0.0,0.0,0.0,0.0,0.009602999999999999,0.009408999999999999,0.912867
362,604,0.0,0.0,0.0,0.0,0.0,0.0,0.0,0.0,0.0,0.0,0.0,0.0,0.0,0.0,0.0,0.0,0.0,0.0,0.0,0.0,0.0,0.0,0.0,0.0,0.0,0.0,0.0,0.0,0.0,0.0,0.0,0.0,0.0,0.0,0.0,0.0,0.0,0.0,0.0,0.0,0.0,0.0,0.0,0.0,0.0,0.0,0.0,0.0,0.0,0.0,0.0,0.0,0.0,0.0,0.0,0.0,0.0,0.0,0.0,0.0,0.0,0.0,0.0,0.0,0.0,0.0,0.0,0.0,0.0,0.0,0.0,0.0,0.0,0.0,0.0,0.0,0.0,0.0,0.0,0.0,0.0,0.0,0.0,0.0,0.0,0.0,0.0,0.0,1.0,0.0,0.0,0.0,0.0,0.0,0.0,0.0,0.0,0.0,0.0,0.0
363,607,0.0,0.0,0.0,0.0,0.0,0.0,0.0,0.0,0.0,0.0,0.0,0.0,0.0,0.0,0.0,0.0,0.0,0.0,0.0,0.0,0.0,0.0,0.0,0.0,0.0,0.0,0.0,0.0,0.0,0.0,0.0,0.0,0.0,0.0,0.0,0.0,0.0,0.0,0.0,0.0,0.0,0.0,0.0,0.0,0.0,0.0,0.0,0.0,0.0,0.0,0.0,0.0,0.0,0.0,0.0,0.0,0.0,0.0,0.0,0.0,0.0,0.0,0.0,0.0,0.0,0.0,0.0,0.0,0.0,0.0,0.0,0.0,0.0,0.0,0.0,0.0,0.0,0.0,0.0,0.0,0.0,0.0,0.0,0.0,0.0,0.0,0.0,0.0,0.0,0.0,0.0,0.0,0.0,0.0,0.0,0.0,0.0,0.0,1.0,0.0
364,608,0.0,0.0,0.0,0.0,0.0,0.0,0.0,0.0,0.0,0.0,0.0,0.0,0.0,0.0,0.0,0.0,0.0,0.0,0.0,0.0,0.0,0.0,0.0,0.0,0.0,0.0,0.0,0.0,0.0,0.0,0.0,0.0,0.0,0.0,0.0,0.0,0.0,0.0,0.0,0.0,0.0,0.0,0.0,0.0,0.0,0.0,0.0,0.0,0.0,0.0,0.0,0.0,0.0,0.0,0.0,0.0,0.0,0.0,0.0,0.0,0.0,0.0,0.0,0.0,0.0,0.0,0.0,0.0,0.0,0.0,0.0,0.0,0.0,0.0,0.0,0.0,0.0,0.0,0.0,0.0,0.0,0.0,0.0,0.0,0.0,0.0,0.0,0.0,0.01,0.0,0.0,0.0,0.0,0.0,0.0,0.0,0.0,0.01,0.01,0.97
365,609,0.0,0.0,0.0,0.0,0.0,0.0,0.0,0.0,0.0,1.0,0.0,0.0,0.0,0.0,0.0,0.0,0.0,0.0,0.0,0.0,0.0,0.0,0.0,0.0,0.0,0.0,0.0,0.0,0.0,0.0,0.0,0.0,0.0,0.0,0.0,0.0,0.0,0.0,0.0,0.0,0.0,0.0,0.0,0.0,0.0,0.0,0.0,0.0,0.0,0.0,0.0,0.0,0.0,0.0,0.0,0.0,0.0,0.0,0.0,0.0,0.0,0.0,0.0,0.0,0.0,0.0,0.0,0.0,0.0,0.0,0.0,0.0,0.0,0.0,0.0,0.0,0.0,0.0,0.0,0.0,0.0,0.0,0.0,0.0,0.0,0.0,0.0,0.0,0.0,0.0,0.0,0.0,0.0,0.0,0.0,0.0,0.0,0.0,0.0,0.0
366,610,0.0,0.0,0.0,0.0,0.0,0.0,0.0,0.0,0.97,0.02,0.0,0.0,0.0,0.0,0.0,0.0,0.0,0.0,0.0,0.01,0.0,0.0,0.0,0.0,0.0,0.0,0.0,0.0,0.0,0.0,0.0,0.0,0.0,0.0,0.0,0.0,0.0,0.0,0.0,0.0,0.0,0.0,0.0,0.0,0.0,0.0,0.0,0.0,0.0,0.0,0.0,0.0,0.0,0.0,0.0,0.0,0.0,0.0,0.0,0.0,0.0,0.0,0.0,0.0,0.0,0.0,0.0,0.0,0.0,0.0,0.0,0.0,0.0,0.0,0.0,0.0,0.0,0.0,0.0,0.0,0.0,0.0,0.0,0.0,0.0,0.0,0.0,0.0,0.0,0.0,0.0,0.0,0.0,0.0,0.0,0.0,0.0,0.0,0.0,0.0
367,611,0.0,0.0,0.0,0.0,0.0,0.0,0.0,0.9409,0.0291,0.0102,0.0,0.0,0.0,0.0,0.0,0.0,0.0,0.0,0.0194,0.00030000000000000003,0.0,0.0,0.0,0.0,0.0,0.0,0.0,0.0,0.0,0.0001,0.0,0.0,0.0,0.0,0.0,0.0,0.0,0.0,0.0,0.0,0.0,0.0,0.0,0.0,0.0,0.0,0.0,0.0,0.0,0.0,0.0,0.0,0.0,0.0,0.0,0.0,0.0,0.0,0.0,0.0,0.0,0.0,0.0,0.0,0.0,0.0,0.0,0.0,0.0,0.0,0.0,0.0,0.0,0.0,0.0,0.0,0.0,0.0,0.0,0.0,0.0,0.0,0.0,0.0,0.0,0.0,0.0,0.0,0.0,0.0,0.0,0.0,0.0,0.0,0.0,0.0,0.0,0.0,0.0,0.0
368,612,0.0,0.0,0.0,0.0,0.0,0.0,0.912673,0.037635999999999996,0.019788,0.000498,0.0,0.0,0.0,0.0,0.0,0.0,0.0,0.028227000000000002,0.000582,0.0003000000000000001,0.0,0.0,0.0,0.0,0.0,0.0,0.0,0.0,0.000291,4.000000000000001e-06,0.0,0.0,0.0,0.0,0.0,0.0,0.0,0.0,0.0,1.0000000000000002e-06,0.0,0.0,0.0,0.0,0.0,0.0,0.0,0.0,0.0,0.0,0.0,0.0,0.0,0.0,0.0,0.0,0.0,0.0,0.0,0.0,0.0,0.0,0.0,0.0,0.0,0.0,0.0,0.0,0.0,0.0,0.0,0.0,0.0,0.0,0.0,0.0,0.0,0.0,0.0,0.0,0.0,0.0,0.0,0.0,0.0,0.0,0.0,0.0,0.0,0.0,0.0,0.0,0.0,0.0,0.0,0.0,0.0,0.0,0.0,0.0
369,613,0.0,0.0,0.0,0.0,0.0,0.00912673,0.009503089999999999,0.009983239999999997,0.00058504,0.00021083999999999998,0.0,0.0,0.0,0.0,0.0,0.0,0.88557508,0.036512739999999995,0.01948254,0.00049192,0.0,0.0,0.0,0.0,0.0,0.0,0.0,0.0273831,0.00056458,0.00029396000000000007,0.0,0.0,0.0,0.0,0.0,0.0,0.0,0.0,0.00028228,3.89e-06,0.0,0.0,0.0,0.0,0.0,0.0,0.0,0.0,0.0,9.7e-07,0.0,0.0,0.0,0.0,0.0,0.0,0.0,0.0,0.0,0.0,0.0,0.0,0.0,0.0,0.0,0.0,0.0,0.0,0.0,0.0,0.0,0.0,0.0,0.0,0.0,0.0,0.0,0.0,0.0,0.0,0.0,0.0,0.0,0.0,0.0,0.0,0.0,0.0,0.0,0.0,0.0,0.0,0.0,0.0,0.0,0.0,0.0,0.0,0.0,0.0
370,614,0.0,0.0,0.0,0.0,9.12673e-05,0.00018629819999999998,0.0091418814,0.0005658410999999999,0.0003026166,1.49864e-05,0.0,0.0,0.0,0.0,0.0,0.017708678899999997,0.009583124699999999,0.019008149999999998,0.0009431811999999999,0.000407199,0.0,0.0,0.0,0.0,0.0,0.0,0.8592816585999999,0.035423003599999996,0.0191776572,0.00048578669999999995,0.0,0.0,0.0,0.0,0.0,0.0,0.0,0.0265644298,0.0005476815,0.0002880126,0.0,0.0,0.0,0.0,0.0,0.0,0.0,0.0,0.0002738213,3.783e-06,0.0,0.0,0.0,0.0,0.0,0.0,0.0,0.0,0.0,9.409e-07,0.0,0.0,0.0,0.0,0.0,0.0,0.0,0.0,0.0,0.0,0.0,0.0,0.0,0.0,0.0,0.0,0.0,0.0,0.0,0.0,0.0,0.0,0.0,0.0,0.0,0.0,0.0,0.0,0.0,0.0,0.0,0.0,0.0,0.0,0.0,0.0,0.0,0.0,0.0,0.0
371,615,0.0,0.0,0.0,9.126730000000001e-07,2.7756549999999998e-06,0.000271281258,0.00019477145399999997,0.000290184891,1.8266252999999996e-05,7.397884e-06,0.0,0.0,0.0,0.0,0.00026561607,0.000276540501,0.017827609833,0.0010083589619999996,0.000679468164,3.2898477e-05,0.0,0.0,0.0,0.0,0.0,0.025770235118999993,0.009649860994999999,0.027488142955999998,0.0012794504819999997,0.000594497595,0.0,0.0,0.0,0.0,0.0,0.0,0.8337688531399999,0.034365790306999995,0.018873590120999997,0.00047960786999999994,0.0,0.0,0.0,0.0,0.0,0.0,0.0,0.025770235119000003,0.0005312888849999999,0.00028215767399999997,0.0,0.0,0.0,0.0,0.0,0.0,0.0,0.0,0.00026561607000000003,3.678919e-06,0.0,0.0,0.0,0.0,0.0,0.0,0.0,0.0,0.0,9.12673e-07,0.0,0.0,0.0,0.0,0.0,0.0,0.0,0.0,0.0,0.0,0.0,0.0,0.0,0.0,0.0,0.0,0.0,0.0,0.0,0.0,0.0,0.0,0.0,0.0,0.0,0.0,0.0,0.0,0.0,0.0
372,616,0.0,0.0,9.126730000000001e-09,3.688328e-08,5.40585656e-06,7.45368868e-06,0.00018583847436,1.5115815599999996e-05,9.95317192e-06,6.596049800000001e-07,0.0,0.0,0.0,3.54145351e-06,5.45779036e-06,0.00070177743048,0.00029827591495999994,0.0007414315538,4.0925344619999996e-05,2.024458984e-05,0.0,0.0,0.0,0.0,0.0005153499390899999,0.00036474289591999996,0.02616305385016,0.0014310592109799995,0.0011286464258,5.544708216e-05,0.0,0.0,0.0,0.0,0.0,0.03333481659682999,0.009704023068219998,0.03544762545112,0.0015948338381599994,0.0007730162238,0.0,0.0,0.0,0.0,0.0,0.0,0.80901348989699,0.033340129486639995,0.018570562505999994,0.00047339088867999994,0.0,0.0,0.0,0.0,0.0,0.0,0.0,0.02499978422613,0.0005153870076399999,0.00027639502039999997,0.0,0.0,0.0,0.0,0.0,0.0,0.0,0.0,0.00025765671463,3.5776781599999996e-06,0.0,0.0,0.0,0.0,0.0,0.0,0.0,0.0,0.0,8.8529281e-07,0.0,0.0,0.0,0.0,0.0,0.0,0.0,0.0,0.0,0.0,0.0,0.0,0.0,0.0,0.0,0.0,0.0,0.0,0.0,0.0
373,617,0.0,9.126730000000002e-11,4.6010009999999997e-10,8.99332008e-08,1.8354218880000002e-07,9.0047545008e-06,5.066838935999999e-06,9.5233901568e-06,6.665393711999999e-07,3.151697172e-07,0.0,0.0,4.42674632e-08,9.03546852e-08,1.7450369093999996e-05,1.3914844031999998e-05,0.00045632594847360005,3.236494583759999e-05,2.8557802456799995e-05,1.8059869968000002e-06,0.0,0.0,0.0,8.5887092956e-06,8.9414856084e-06,0.0012808563114263998,0.0004043258892623999,0.0013465818644567999,7.051098559439999e-05,3.92083494624e-05,0.0,0.0,0.0,0.0,0.0008332376068855998,0.0004508408397245999,0.0341561215541046,0.0018345172985807993,0.0016426990748351997,8.219607920159999e-05,0.0,0.0,0.0,0.0,0.0,0.040424906997894985,0.009746303671039798,0.04291003505387759,0.0018902778968447995,0.0009430292212367999,0.0,0.0,0.0,0.0,0.0,0.0,0.7849930830423415,0.0323450794721172,0.018268783990431595,0.0004671427590815999,0.0,0.0,0.0,0.0,0.0,0.0,0.0,0.024252367266492398,0.0004999611741923999,0.00027072436664399996,0.0,0.0,0.0,0.0,0.0,0.0,0.0,0.0,0.0002499358661192,3.4792007432999995e-06,0.0,0.0,0.0,0.0,0.0,0.0,0.0,0.0,0.0,8.587340257e-07,0.0,0.0,0.0,0.0,0.0,0.0,0.0,0.0,0.0,0.0
374,618,9.126730000000001e-13,5.513674e-12,1.347520314e-09,3.6429017490000003e-09,2.67285989844e-07,2.8169979657599997e-07,4.799209320672001e-06,4.762171430159999e-07,3.9062901701999996e-07,3.1028658024e-08,0.0,5.31203913e-10,1.349843949e-09,3.4806866330399995e-07,4.0750276639199996e-07,2.6280938155715998e-05,9.420890559239998e-06,2.7552344605967998e-05,1.6933623743519996e-06,1.001436014844e-06,0.0,0.0,1.2882653225999998e-07,1.77058900728e-07,3.8153684297256e-05,2.2138480856993997e-05,0.0008104717673192701,5.448753919684799e-05,5.798596127063999e-05,3.67096152948e-06,0.0,0.0,0.0,1.6663424085587996e-05,1.3181649437393997e-05,0.0019965732836724594,0.0005125127306779798,0.0020932729653512696,0.00010646556877283997,6.4711342731264e-05,0.0,0.0,0.0,0.0,0.0012124895486579816,0.0005347786512432599,0.041814718158422595,0.0022192983900233935,0.0022146365852456036,0.00011273469559718397,0.0,0.0,0.0,0.0,0.0,0.04706209061838155,0.009777365355629775,0.049897876345253916,0.002166691393993367,0.0011048048557612677,0.0,0.0,0.0,0.0,0.0,0.0,0.7616858142237362,0.03137972669969561,0.0179684507457112,0.0004608701237249489,0.0,0.0,0.0,0.0,0.0,0.0,0.0,0.023527295607158816,0.0004849971309740609,0.00026514537365356197,0.0,0.0,0.0,0.0,0.0,0.0,0.0,0.0,0.000242446377475881,3.3834120612579996e-06,0.0,0.0,0.0,0.0,0.0,0.0,0.0,0.0,0.0,8.32972004929e-07
375,620,0.0,0.0,0.0,0.0,0.0,0.0,0.0,0.0,0.0,0.0,0.0,0.0,0.0,0.0,0.0,0.0,0.0,0.0,0.0,0.0,0.0,0.0,0.0,0.0,0.0,0.0,0.0,0.0,0.0,1.0,0.0,0.0,0.0,0.0,0.0,0.0,0.0,0.0,0.0,0.0,0.0,0.0,0.0,0.0,0.0,0.0,0.0,0.0,0.0,0.0,0.0,0.0,0.0,0.0,0.0,0.0,0.0,0.0,0.0,0.0,0.0,0.0,0.0,0.0,0.0,0.0,0.0,0.0,0.0,0.0,0.0,0.0,0.0,0.0,0.0,0.0,0.0,0.0,0.0,0.0,0.0,0.0,0.0,0.0,0.0,0.0,0.0,0.0,0.0,0.0,0.0,0.0,0.0,0.0,0.0,0.0,0.0,0.0,0.0,0.0
376,625,0.0,0.0,0.0,0.0,0.0,0.0,9.69418e-05,3.880400000000001e-06,1.0594800000000002e-05,2.9550000000000007e-07,0.0,0.0,0.0,0.0,0.0,0.00018535729999999997,1.9109000000000006e-06,0.0007481810000000001,1.0584700000000002e-05,1.8404100000000002e-05,0.0,0.0,0.0,0.0,9.12673e-05,9.409000000000002e-07,0.0184435897,0.00019014010000000003,0.00130633,2.2118900000000003e-05,0.0,0.0,0.0,0.0,0.0,0.017708678899999997,0.00018256370000000003,0.0451962194,0.0004659698,0.0006703203999999999,0.0,0.0,0.0,0.0,0.0,0.0,0.8592816585999999,0.0088585738,0.018903796999999996,0.00020061620000000002,0.0,0.0,0.0,0.0,0.0,0.0,0.0,0.0265644298,0.00027386019999999997,0.00028517049999999996,0.0,0.0,0.0,0.0,0.0,0.0,0.0,0.0,0.0002738213,2.8421000000000003e-06,0.0,0.0,0.0,0.0,0.0,0.0,0.0,0.0,0.0,9.409e-07,0.0,0.0,0.0,0.0,0.0,0.0,0.0,0.0,0.0,0.0,0.0,0.0,0.0,0.0,0.0,0.0,0.0,0.0,0.0,0.0
377,626,0.0,0.0,0.0,0.0,0.0,2.822991e-06,1.0273310000000001e-06,8.59598e-06,2.5355400000000005e-07,2.95899e-07,0.0,0.0,0.0,0.0,2.766246e-06,2.8518000000000008e-08,0.00028780482599999996,5.790345000000002e-06,3.1006107e-05,7.977120000000001e-07,0.0,0.0,0.0,9.126730000000001e-07,9.409000000000002e-09,0.0005422319399999999,5.590020000000001e-06,0.001375196961,1.7049447000000002e-05,3.783967e-05,0.0,0.0,0.0,0.0,0.00026561607,2.7383100000000004e-06,0.027112147577999998,0.00027950697000000003,0.0019148434680000001,3.4824396999999997e-05,0.0,0.0,0.0,0.0,0.0,0.025770235118999993,0.000265672527,0.052887831672,0.000545321208,0.000844106625,0.0,0.0,0.0,0.0,0.0,0.0,0.8337688531399999,0.008595555188,0.018607917305999998,0.00020021644200000002,0.0,0.0,0.0,0.0,0.0,0.0,0.0,0.025770235119000003,0.000265672815,0.00027939142799999995,0.0,0.0,0.0,0.0,0.0,0.0,0.0,0.0,0.00026561607000000003,2.7662460000000003e-06,0.0,0.0,0.0,0.0,0.0,0.0,0.0,0.0,0.0,9.12673e-07,0.0,0.0,0.0,0.0,0.0,0.0,0.0,0.0,0.0,0.0
378,627,0.0,0.0,0.0,0.0,5.589237e-08,3.8788400000000005e-08,3.0025112799999995e-06,1.5667210000000003e-07,4.0151540000000005e-07,1.643064e-08,0.0,0.0,0.0,3.678919e-08,3.7927000000000013e-10,1.1066331389999999e-05,1.1105999e-06,2.527817954e-05,4.8232242e-07,9.8345692e-07,0.0,0.0,9.126730000000001e-09,9.409000000000002e-11,1.077086545e-05,1.1103985000000003e-07,0.00056946644601,8.638099020000001e-06,6.335472478e-05,1.67091578e-06,0.0,0.0,0.0,3.54145351e-06,3.6509830000000006e-08,0.0010574449694699998,1.0901497470000001e-05,0.00215308927935,2.513448934e-05,6.464222480000001e-05,0.0,0.0,0.0,0.0,0.0005153499390899999,5.31288597e-06,0.035423052349969994,0.00036518725013,0.0025807967199899997,4.967610784e-05,0.0,0.0,0.0,0.0,0.0,0.03333481659682999,0.00034365790307,0.06008266677749,0.0006195760162100001,0.00100965867801,0.0,0.0,0.0,0.0,0.0,0.0,0.80901348989699,0.008340345260510001,0.018312832212989995,0.00019968825363,0.0,0.0,0.0,0.0,0.0,0.0,0.0,0.02499978422613,0.00025773029300999996,0.0002737026350499999,0.0,0.0,0.0,0.0,0.0,0.0,0.0,0.0,0.00025765671463,2.69238535e-06,0.0,0.0,0.0,0.0,0.0,0.0,0.0,0.0,0.0,8.8529281e-07
379,629,0.0,0.0,1.3859748e-11,1.8821496e-11,5.0544240720000004e-09,3.2677412820000003e-09,2.3040637747799999e-07,4.7325548687999995e-08,2.9284093262400003e-07,2.4620139432000004e-08,0.0,5.504265e-12,5.6745000000000015e-14,4.973206884e-09,5.309902740000002e-10,6.27000245454e-07,6.406115139e-08,9.240958755557999e-06,2.55455304552e-07,1.3155981777480002e-06,9.126730000000001e-13,9.409000000000001e-15,2.3247952170000003e-09,2.3966961000000006e-11,7.09485200304e-07,1.772750763e-08,3.629850735771e-05,1.3702522019879997e-06,5.1937326802488e-05,3.01135827714e-06,0.0,4.4358730499999995e-10,4.573065000000001e-12,3.92726563044e-07,4.048727748e-09,5.2267602935184004e-05,5.75921155812e-07,0.0009428685696928439,1.2405077293404e-05,0.00011009459040007198,0.0,0.0,8.6329767588e-08,8.899976040000002e-10,3.4110073209108e-05,3.5165038242000003e-07,0.0021408277008699117,2.2128386561915997e-05,0.0030123405869953556,0.00013050915157661701,0.0,0.0,0.0,8.418263161812e-06,8.6786218164e-08,0.0016635207918722695,1.7149726828398e-05,0.04281483273673892,0.000441751064454081,0.0032756458199017526,0.0,0.0,0.0,0.0,0.00041258144604780587,4.253416970046e-06,0.04816397180187865,0.00049653853006395,0.06502417854466182,0.001803166735939537,0.0,0.0,0.0,0.0,0.0,0.008254179900402366,8.509463824207801e-05,0.762534036288935,0.007861311144866294,0.017685616965754315,0.0,0.0,0.0,0.0,0.0,0.0,0.008092454503088339,8.342737513698e-05,0.023710164232981664,0.000504610512358597,0.0,0.0,0.0,0.0,0.0,0.0,0.0,0.000245023031326116,5.034403749357001e-06,0.00024852844586332204
380,631,0.0,0.0,0.0,0.0,0.0,0.0,0.0,0.0,0.0,0.0,0.0,0.0,0.0,0.0,0.0,0.0,0.0,0.0,0.0,0.0,0.0,0.0,0.0,0.0,0.0,0.0,0.0,0.0,0.0,0.0,0.0,0.0,0.0,0.0,0.0,0.0,0.0,0.0,0.0,0.0,0.0,0.0,0.0,0.0,0.0,0.0,0.0,0.0,0.0,1.0,0.0,0.0,0.0,0.0,0.0,0.0,0.0,0.0,0.0,0.0,0.0,0.0,0.0,0.0,0.0,0.0,0.0,0.0,0.0,0.0,0.0,0.0,0.0,0.0,0.0,0.0,0.0,0.0,0.0,0.0,0.0,0.0,0.0,0.0,0.0,0.0,0.0,0.0,0.0,0.0,0.0,0.0,0.0,0.0,0.0,0.0,0.0,0.0,0.0,0.0
381,632,0.0,0.0,0.0,0.0,0.0,0.0,0.0,0.0,0.0,0.0,0.0,0.0,0.0,0.0,0.0,0.0,0.0,0.0,0.0,0.0,0.0,0.0,0.0,0.0,0.0,0.0,0.0,0.0,0.0,0.0,0.0,0.0,0.0,0.0,0.0,0.0,0.0,0.0,0.0,0.01,0.0,0.0,0.0,0.0,0.0,0.0,0.0,0.0,0.97,0.01,0.0,0.0,0.0,0.0,0.0,0.0,0.0,0.0,0.0,0.01,0.0,0.0,0.0,0.0,0.0,0.0,0.0,0.0,0.0,0.0,0.0,0.0,0.0,0.0,0.0,0.0,0.0,0.0,0.0,0.0,0.0,0.0,0.0,0.0,0.0,0.0,0.0,0.0,0.0,0.0,0.0,0.0,0.0,0.0,0.0,0.0,0.0,0.0,0.0,0.0
382,633,0.0,0.0,0.0,0.0,0.0,0.0,0.0,0.0,0.0,0.0,0.0,0.0,0.0,0.0,0.0,0.0,0.0,0.0,0.0,0.0,0.0,0.0,0.0,0.0,0.0,0.0,0.0,0.0,0.0,0.0001,0.0,0.0,0.0,0.0,0.0,0.0,0.0,0.0,0.0194,0.0002,0.0,0.0,0.0,0.0,0.0,0.0,0.0,0.9409,0.0097,0.009999999999999998,0.0,0.0,0.0,0.0,0.0,0.0,0.0,0.0,0.0194,0.0002,0.0,0.0,0.0,0.0,0.0,0.0,0.0,0.0,0.0,0.0001,0.0,0.0,0.0,0.0,0.0,0.0,0.0,0.0,0.0,0.0,0.0,0.0,0.0,0.0,0.0,0.0,0.0,0.0,0.0,0.0,0.0,0.0,0.0,0.0,0.0,0.0,0.0,0.0,0.0,0.0
383,634,0.0,0.0,0.0,0.0,0.0,0.0,0.0,0.0,0.0,0.0,0.0,0.0,0.0,0.0,0.0,0.0,0.0,0.0,0.0,1.0000000000000002e-06,0.0,0.0,0.0,0.0,0.0,0.0,0.0,0.0,0.000291,3.0000000000000005e-06,0.0,0.0,0.0,0.0,0.0,0.0,0.0,0.028227000000000002,0.000291,0.000297,0.0,0.0,0.0,0.0,0.0,0.0,0.912673,0.009409,0.019496999999999997,0.00020099999999999998,0.0,0.0,0.0,0.0,0.0,0.0,0.0,0.028227000000000002,0.000291,0.000297,0.0,0.0,0.0,0.0,0.0,0.0,0.0,0.0,0.000291,3.0000000000000005e-06,0.0,0.0,0.0,0.0,0.0,0.0,0.0,0.0,0.0,1.0000000000000002e-06,0.0,0.0,0.0,0.0,0.0,0.0,0.0,0.0,0.0,0.0,0.0,0.0,0.0,0.0,0.0,0.0,0.0,0.0,0.0,0.0
384,635,0.0,0.0,0.0,0.0,0.0,0.0,0.0,0.0,0.0,1.0000000000000002e-08,0.0,0.0,0.0,0.0,0.0,0.0,0.0,0.0,2.9200000000000004e-06,4.000000000000001e-08,0.0,0.0,0.0,0.0,0.0,0.0,0.0,0.00028518000000000006,2.9400000000000007e-06,6.880000000000001e-06,0.0,0.0,0.0,0.0,0.0,0.0,0.009408999999999999,9.700000000000001e-05,0.0007624800000000001,1.0800000000000002e-05,0.0,0.0,0.0,0.0,0.0,0.00912673,9.409000000000002e-05,0.03698416,0.00038128,0.00048803999999999997,0.0,0.0,0.0,0.0,0.0,0.0,0.88557508,0.00912964,0.019200239999999997,0.00020088000000000001,0.0,0.0,0.0,0.0,0.0,0.0,0.0,0.0273831,0.0002823,0.00029104,0.0,0.0,0.0,0.0,0.0,0.0,0.0,0.0,0.00028228,2.9200000000000004e-06,0.0,0.0,0.0,0.0,0.0,0.0,0.0,0.0,0.0,9.7e-07,0.0,0.0,0.0,0.0,0.0,0.0,0.0,0.0,0.0,0.0
385,636,0.0,0.0,0.0,0.0,0.0,0.0,0.0,0.0,2.9300000000000004e-08,6.000000000000002e-10,0.0,0.0,0.0,0.0,0.0,0.0,0.0,2.881000000000001e-06,2.980000000000001e-08,1.0810000000000001e-07,0.0,0.0,0.0,0.0,0.0,0.0,9.69418e-05,9.994000000000003e-07,1.3377800000000003e-05,2.4500000000000004e-07,0.0,0.0,0.0,0.0,0.0,0.00018535729999999997,1.9109000000000006e-06,0.0007481810000000001,7.7426e-06,1.92868e-05,0.0,0.0,0.0,0.0,9.12673e-05,9.409000000000002e-07,0.0184435897,0.00019014010000000003,0.00130633,2.1178e-05,0.0,0.0,0.0,0.0,0.0,0.017708678899999997,0.00018256370000000003,0.0451962194,0.0004659698,0.0006703203999999999,0.0,0.0,0.0,0.0,0.0,0.0,0.8592816585999999,0.0088585738,0.018903796999999996,0.00020061620000000002,0.0,0.0,0.0,0.0,0.0,0.0,0.0,0.0265644298,0.00027386019999999997,0.00028517049999999996,0.0,0.0,0.0,0.0,0.0,0.0,0.0,0.0,0.0002738213,2.8421000000000003e-06,0.0,0.0,0.0,0.0,0.0,0.0,0.0,0.0,0.0,9.409e-07
386,637,0.0,0.0,0.0,0.0,0.0,0.0,0.0,2.910300000000001e-08,5.970000000000001e-10,1.3860000000000002e-09,0.0,0.0,0.0,0.0,0.0,0.0,9.982280000000002e-07,1.0292000000000004e-08,1.9209000000000005e-07,4.411000000000001e-09,0.0,0.0,0.0,0.0,0.0,2.822991e-06,2.910300000000001e-08,1.1379576000000003e-05,1.18776e-07,4.339530000000001e-07,0.0,0.0,0.0,0.0,2.766246e-06,2.8518000000000008e-08,0.00028780482599999996,2.9673540000000006e-06,3.3714444000000004e-05,7.197240000000001e-07,0.0,0.0,0.0,9.126730000000001e-07,9.409000000000002e-09,0.0005422319399999999,5.590020000000001e-06,0.001375196961,1.4283201e-05,3.868648e-05,0.0,0.0,0.0,0.0,0.00026561607,2.7383100000000004e-06,0.027112147577999998,0.00027950697000000003,0.0019148434680000001,3.3911723999999995e-05,0.0,0.0,0.0,0.0,0.0,0.025770235118999993,0.000265672527,0.052887831672,0.000545321208,0.000844106625,0.0,0.0,0.0,0.0,0.0,0.0,0.8337688531399999,0.008595555188,0.018607917305999998,0.00020021644200000002,0.0,0.0,0.0,0.0,0.0,0.0,0.0,0.025770235119000003,0.000265672815,0.00027939142799999995,0.0,0.0,0.0,0.0,0.0,0.0,0.0,0.0,0.00026561607000000003,3.6789190000000004e-06
387,639,0.0,0.0,0.0,0.0,0.0,4.84855e-10,1.1067180000000002e-10,2.1113704800000005e-08,8.216544000000001e-10,3.31569648e-08,0.0,0.0,0.0,0.0,9.410456e-10,9.701600000000004e-12,1.054127216e-07,1.0902828000000004e-09,1.1678274204e-06,2.054487264000001e-07,0.0,0.0,0.0,9.268156e-10,9.554800000000004e-12,2.221175584e-07,2.290076800000001e-09,8.6263184776e-06,9.325990560000003e-08,1.1907105674400003e-05,0.0,0.0,4.591592e-10,4.7336000000000016e-12,2.362773536e-07,2.4358784000000012e-09,2.1809802444799997e-05,2.2490780480000006e-07,0.0002985622576687999,3.623994368490001e-05,0.0,9.126730000000002e-11,9.409000000000002e-13,1.25788048e-07,1.2967840000000004e-09,2.4887912968e-05,2.5658713120000006e-07,0.0010743824707744,1.14563315872e-05,0.0013827033172516,0.0,0.0,2.67441416e-08,2.757128e-10,1.3197765622399998e-05,1.360594688e-07,0.0013862278696064,1.4292470211199998e-05,0.026602423009112,0.0021249101996815996,0.0,0.0,0.0,2.630237993199999e-06,2.7115855600000003e-08,0.0006877687665951998,7.090408297600001e-06,0.041991810644192794,0.0004410984376936,0.0514805455770688,0.0,0.0,0.0,0.0,8.855749394479999e-05,9.129638552000002e-07,0.016862115702699198,0.0001738370998544,0.7863861804394208,0.025823645967996894,0.0,0.0,0.0,0.0,0.0,0.00017190781765179998,1.7722455718000002e-06,0.0166893037882336,0.0001747929274728,0.025133018040895197,0.0,0.0,0.0,0.0,0.0,0.0,8.855749394479999e-05,3.5432046996000005e-06,0.0005071282948764,0.0002692626063359999
388,640,0.0,0.0,0.0,0.0,1.4259005999999999e-11,6.052284e-12,1.271219532e-09,2.3136313800000006e-10,1.2229197444000002e-08,2.725843104000001e-09,0.0,0.0,0.0,1.8678612e-11,1.9256400000000008e-13,3.755022605999999e-09,1.4125225800000003e-10,1.19475879852e-07,3.7949939160000015e-09,1.6496607406800002e-07,0.0,0.0,1.3859748e-11,1.4288400000000006e-13,5.5060315079999995e-09,5.676565200000003e-11,4.0883272475999996e-07,4.262152188000001e-09,4.323749415996e-06,6.816883572570003e-07,0.0,5.504265e-12,5.6745000000000015e-14,4.52425674e-09,4.6642116000000026e-11,6.847939593119999e-07,7.060682640000003e-09,2.2315074232152e-05,5.696739392010001e-07,2.8724947690221008e-05,9.126730000000001e-13,9.409000000000001e-15,1.971618993e-09,2.0325969000000008e-11,6.11303699376e-07,6.302235888000002e-09,4.6010490904943996e-05,4.782144599520001e-07,0.0005802004779101159,7.0343443859557e-05,0.0,3.55970697e-10,3.669801e-12,2.8056188413199994e-07,2.8923908520000003e-09,4.501321959719999e-05,4.640788970400001e-07,0.00174195561188028,3.6915652715448003e-05,0.002143301005592676,0.0,0.0,5.224419728399999e-08,5.38599972e-10,2.0591397639059995e-05,2.1228256482e-07,0.0019400579846530798,2.0083955563319997e-05,0.034602935685445466,0.0028386157935187443,0.0,0.0,0.0,3.436905792851999e-06,3.5432018484e-08,0.0008383615137403017,8.642919141486e-06,0.04893143232417055,0.000689588244516033,0.05830955765423986,0.0,0.0,0.0,0.0,8.761984730297399e-05,9.032973952620002e-07,0.016525749922616528,0.00017042307063621,0.7632178895274782,0.025304707324704023,0.0,0.0,0.0,0.0,0.0,0.00016763615806169397,8.765527937809798e-05,0.016198018441033416,0.0006641916437890799,0.024647976136826382
389,642,0.0,0.0,0.0,0.0,0.0,0.0,0.0,0.0,0.0,0.0,0.0,0.0,0.0,0.0,0.0,0.0,0.0,0.0,0.0,0.0,0.0,0.0,0.0,0.0,0.0,0.0,0.0,0.0,0.0,0.0,0.0,0.0,0.0,0.0,0.0,0.0,0.0,0.0,0.0,0.0,0.0,0.0,0.0,0.0,0.0,0.0,0.0,0.0,0.0,0.0,0.0,0.0,0.0,0.0,0.0,0.0,0.0,0.0,0.0,1.0,0.0,0.0,0.0,0.0,0.0,0.0,0.0,0.0,0.0,0.0,0.0,0.0,0.0,0.0,0.0,0.0,0.0,0.0,0.0,0.0,0.0,0.0,0.0,0.0,0.0,0.0,0.0,0.0,0.0,0.0,0.0,0.0,0.0,0.0,0.0,0.0,0.0,0.0,0.0,0.0
390,643,0.0,0.0,0.0,0.0,0.0,0.0,0.0,0.0,0.0,0.0,0.0,0.0,0.0,0.0,0.0,0.0,0.0,0.0,0.0,0.0,0.0,0.0,0.0,0.0,0.0,0.0,0.0,0.0,0.0,0.0,0.0,0.0,0.0,0.0,0.0,0.0,0.0,0.0,0.0,0.0,0.0,0.0,0.0,0.0,0.0,0.0,0.0,0.0,0.0,0.97,0.0,0.0,0.0,0.0,0.0,0.0,0.0,0.0,0.01,0.01,0.0,0.0,0.0,0.0,0.0,0.0,0.0,0.0,0.0,0.01,0.0,0.0,0.0,0.0,0.0,0.0,0.0,0.0,0.0,0.0,0.0,0.0,0.0,0.0,0.0,0.0,0.0,0.0,0.0,0.0,0.0,0.0,0.0,0.0,0.0,0.0,0.0,0.0,0.0,0.0
391,644,0.0,0.0,0.0,0.0,0.0,0.0,0.0,0.0,0.0,0.0,0.0,0.0,0.0,0.0,0.0,0.0,0.0,0.0,0.0,0.0,0.0,0.0,0.0,0.0,0.0,0.0,0.0,0.0,0.0,0.0,0.0,0.0,0.0,0.0,0.0,0.0,0.0,0.0,0.0,0.0097,0.0,0.0,0.0,0.0,0.0,0.0,0.0,0.0,0.941,0.0098,0.0,0.0,0.0,0.0,0.0,0.0,0.0,0.0097,0.0097,0.01,0.0,0.0,0.0,0.0,0.0,0.0,0.0,0.0,0.0098,0.0002,0.0,0.0,0.0,0.0,0.0,0.0,0.0,0.0,0.0,0.0001,0.0,0.0,0.0,0.0,0.0,0.0,0.0,0.0,0.0,0.0,0.0,0.0,0.0,0.0,0.0,0.0,0.0,0.0,0.0,0.0
392,645,0.0,0.0,0.0,0.0,0.0,0.0,0.0,0.0,0.0,0.0,0.0,0.0,0.0,0.0,0.0,0.0,0.0,0.0,0.0,0.0,0.0,0.0,0.0,0.0,0.0,0.0,0.0,0.0,0.0,9.7e-05,0.0,0.0,0.0,0.0,0.0,0.0,0.0,0.0,0.018819000000000002,0.000195,0.0,0.0,0.0,0.0,0.0,0.0,0.0,0.912867,0.009602999999999999,0.009704999999999998,0.0,0.0,0.0,0.0,0.0,0.0,0.009409,0.009409,0.019305000000000003,0.000297,0.0,0.0,0.0,0.0,0.0,0.0,0.0,0.009602999999999999,0.000291,0.00020099999999999998,0.0,0.0,0.0,0.0,0.0,0.0,0.0,0.0,0.000195,3.0000000000000005e-06,0.0,0.0,0.0,0.0,0.0,0.0,0.0,0.0,0.0,1.0000000000000002e-06,0.0,0.0,0.0,0.0,0.0,0.0,0.0,0.0,0.0,0.0
393,646,0.0,0.0,0.0,0.0,0.0,0.0,0.0,0.0,0.0,0.0,0.0,0.0,0.0,0.0,0.0,0.0,0.0,0.0,0.0,9.7e-07,0.0,0.0,0.0,0.0,0.0,0.0,0.0,0.0,0.00028228000000000004,2.92e-06,0.0,0.0,0.0,0.0,0.0,0.0,0.0,0.0273831,0.00028518,0.00028816000000000003,0.0,0.0,0.0,0.0,0.0,0.0,0.88557508,0.009408999999999999,0.01892376,0.00019799999999999996,0.0,0.0,0.0,0.0,0.0,0.00912673,0.00912673,0.028044640000000006,0.00048112000000000003,0.00029508000000000003,0.0,0.0,0.0,0.0,0.0,0.0,0.009408999999999999,0.00037636,0.00048600000000000005,7.92e-06,0.0,0.0,0.0,0.0,0.0,0.0,0.0,0.00028518,5.820000000000001e-06,3.999999999999999e-06,0.0,0.0,0.0,0.0,0.0,0.0,0.0,0.0,2.92e-06,4.000000000000001e-08,0.0,0.0,0.0,0.0,0.0,0.0,0.0,0.0,0.0,1.0000000000000002e-08
394,647,0.0,0.0,0.0,0.0,0.0,0.0,0.0,0.0,0.0,9.700000000000001e-09,0.0,0.0,0.0,0.0,0.0,0.0,0.0,0.0,2.8325000000000004e-06,3.89e-08,0.0,0.0,0.0,0.0,0.0,0.0,0.0,0.00027665379999999997,2.881e-06,6.6745e-06,0.0,0.0,0.0,0.0,0.0,0.0,0.0091295818,9.69418e-05,0.0007397618000000001,1.05458e-05,0.0,0.0,0.0,0.0,0.0,0.008947018099999999,0.00018535729999999997,0.0358870418,0.0003775058,0.00047368360000000007,0.0,0.0,0.0,0.0,9.12673e-05,9.12673e-05,0.8594736313,0.009226572099999998,0.0186443044,0.00019990119999999996,0.0,0.0,0.0,0.0,0.0,0.008947018099999999,0.008856691699999999,0.027305102600000002,0.00047058740000000004,0.00029120679999999996,0.0,0.0,0.0,0.0,0.0,0.0,0.0091295818,0.0003651274,0.000474341,7.780999999999999e-06,0.0,0.0,0.0,0.0,0.0,0.0,0.0,0.00027665379999999997,5.645800000000001e-06,3.909699999999999e-06,0.0,0.0,0.0,0.0,0.0,0.0,0.0,0.0,2.8324999999999996e-06,4.8600000000000005e-08
395,648,0.0,0.0,0.0,0.0,0.0,0.0,0.0,0.0,2.8422000000000005e-08,5.83e-10,0.0,0.0,0.0,0.0,0.0,0.0,0.0,2.7948629999999997e-06,2.9199000000000002e-08,1.0486800000000002e-07,0.0,0.0,0.0,0.0,0.0,0.0,9.4062356e-05,9.98228e-07,1.2978426000000002e-05,2.38746e-07,0.0,0.0,0.0,0.0,0.0,0.000180765999,2.822991e-06,0.0007259180399999999,7.644504e-06,1.8714177e-05,0.0,0.0,0.0,0.0,9.038285399999999e-05,2.766246e-06,0.017898771257999997,0.00019192789799999998,0.001267619244,2.0740332000000003e-05,0.0,0.0,0.0,9.126730000000001e-07,9.126730000000001e-07,0.017363726724,0.00036154189199999996,0.043864660928999995,0.00046515123299999996,0.0006508272160000001,0.0,0.0,0.0,0.0,0.00017799946199999997,0.00017709619799999998,0.834143239386,0.009046699002,0.018365681771999997,0.00020159991599999995,0.0,0.0,0.0,0.0,0.0,0.008769903374999997,0.008594642222999998,0.026584755288,0.00046025532,0.00028733091299999996,0.0,0.0,0.0,0.0,0.0,0.0,0.008858460884,0.000354230036,0.00046294473,7.643610999999998e-06,0.0,0.0,0.0,0.0,0.0,0.0,0.0,0.00026838251099999997,8.224437e-06,3.8683619999999995e-06
396,649,0.0,0.0,0.0,0.0,0.0,0.0,0.0,2.8232849999999997e-08,5.8204e-10,1.3445600000000004e-09,0.0,0.0,0.0,0.0,0.0,0.0,9.6857219e-07,1.027427e-08,1.8635091000000004e-07,4.2936400000000005e-09,0.0,0.0,0.0,0.0,0.0,2.74828355e-06,3.821219e-08,1.1040605329999999e-05,1.1713781e-07,4.210354500000001e-07,0.0,0.0,0.0,0.0,2.71148853e-06,5.589237e-08,0.00027929503828999996,2.99223509e-06,3.271158783e-05,7.025737500000001e-07,0.0,0.0,0.0,9.129552699999999e-07,3.678919e-08,0.0005288718273899999,8.300661629999999e-06,0.00133445101311,1.419336351e-05,3.7544619610000004e-05,0.0,0.0,9.126730000000001e-09,9.126730000000001e-09,0.00026309775697,8.078766249999999e-06,0.026315524390649995,0.00028490398233,0.00185840236585,3.329390569e-05,0.0,0.0,0.0,2.6652874299999996e-06,2.65625479e-06,0.025273726344509997,0.0005288800094699999,0.051339657865589985,0.0005482822383899999,0.0008198485255300002,0.0,0.0,0.0,0.0,0.00026035851188999993,0.00025772973428999995,0.8095610733998899,0.008869389307729998,0.018088061628149996,0.00020310421695999995,0.0,0.0,0.0,0.0,0.0,0.008595390882589997,0.008340345256669997,0.02588311051061,0.00045014864123999994,0.00028345555264,0.0,0.0,0.0,0.0,0.0,0.0,0.008595390882589999,0.0006040164149599999,0.00045975660071999997,1.1287541799999997e-05
397,650,0.0,0.0,0.0,0.0,0.0,0.0,9.9680504e-09,3.9089159999999997e-10,2.9268639599999997e-08,1.925184e-09,0.0,0.0,0.0,0.0,0.0,3.7168557399999995e-08,4.848646e-10,1.0520669152000002e-06,1.11861768e-08,1.8914901360000004e-07,0.0,0.0,0.0,0.0,5.45977208e-08,9.410456e-10,5.578877201599999e-06,6.8262296e-08,1.1042576911999998e-05,5.290967361e-07,0.0,0.0,0.0,3.6244438e-08,9.268156e-10,1.0739295366399999e-05,1.67526688e-07,0.00028469821920399995,3.0525987879999996e-06,3.2791393283200004e-05,0.0,0.0,9.22082e-09,4.591592e-10,8.832377340799999e-06,2.000387168e-07,0.0007922983769888,1.1072537590399998e-05,0.0013137040684496,5.052580842080001e-05,0.0,9.126730000000002e-11,9.126730000000002e-11,2.6756129248e-06,1.165710304e-07,0.0007763860498863999,1.6057249796799997e-05,0.026071383771375994,0.000282314557936,0.0018435193148451999,0.0,0.0,2.67441416e-08,2.6653815200000002e-08,0.0002605571549408,1.0523452246399998e-05,0.033387677110735994,0.0006100393644703999,0.05000713125481759,0.0013294508222289,0.0,0.0,0.0,2.630237993199999e-06,2.6038598907999995e-06,0.0086868496628032,0.0004273839879999999,0.7862273494979367,0.008615322979464,0.017753463910538392,0.0,0.0,0.0,0.0,8.855749394479998e-05,8.598074990959997e-05,0.016777924904043194,0.008189370442609197,0.025294929933106797,0.0007137399856511998,0.0,0.0,0.0,0.0,0.0,0.00017190781765179995,0.00017539752554219997,0.008606997991375199,0.0005951078503487999,0.0004598602491888
398,653,0.0,0.0,0.0,0.0,0.0,0.0,0.0,0.0,0.0,0.0,0.0,0.0,0.0,0.0,0.0,0.0,0.0,0.0,0.0,0.0,0.0,0.0,0.0,0.0,0.0,0.0,0.0,0.0,0.0,0.0,0.0,0.0,0.0,0.0,0.0,0.0,0.0,0.0,0.0,0.0,0.0,0.0,0.0,0.0,0.0,0.0,0.0,0.0,0.0,0.0,0.0,0.0,0.0,0.0,0.0,0.0,0.0,0.0,0.0,0.0,0.0,0.0,0.0,0.0,0.0,0.0,0.0,0.0,0.0,0.0,0.0,0.0,0.0,0.0,0.0,0.0,0.0,0.0,0.0,0.0,0.0,0.0,0.0,0.0,0.0,0.0,0.0,0.0,0.0,1.0,0.0,0.0,0.0,0.0,0.0,0.0,0.0,0.0,0.0,0.0
399,655,0.0,0.0,0.0,0.0,0.0,0.0,0.0,0.0,0.0,0.0,0.0,0.0,0.0,0.0,0.0,0.0,0.0,0.0,0.0,0.0,0.0,0.0,0.0,0.0,0.0,0.0,0.0,0.0,0.0,0.0,0.0,0.0,0.0,0.0,0.0,0.0,0.0,0.0,0.0,0.0,0.0,0.0,0.0,0.0,0.0,0.0,0.0,0.0,0.0,0.0,0.0,0.0,0.0,0.0,0.0,0.0,0.0,0.0,0.0,0.0,0.0,0.0,0.0,0.0,0.0,0.0,0.0,0.0,0.0,0.0,0.0,0.0,0.0,0.0,0.0,0.0,0.0,0.0,0.0,0.0,0.0,0.0,0.0,0.0,0.0,0.0,0.0,0.0,0.0,0.0,0.0,0.0,0.0,0.0,0.0,0.0,0.0,0.0,0.0,1.0
