finished map 14
Starting EvoChecker for map 14
Configuration script
==========================================
JAVA = /usr/bin/java
PROPERTIES_FILE = robot.pctl
PROBLEM = ROBOT14_REP8
ALGORITHM = NSGAII
INIT_PORT = 11480
MODEL_TEMPLATE_FILE = models/model_14_umc.prism
MAX_EVALUATIONS = 4000
MODEL_CHECKING_ENGINE_LIBS_DIRECTORY = /vol/fob-vol5/mi22/blumtomm/parley-uncertainty-modeling/PARLEY-2.0/Applications/EvoChecker-master/libs/runtime
PROCESSORS = 6
VERBOSE = true
MODEL_CHECKING_ENGINE = /vol/fob-vol5/mi22/blumtomm/parley-uncertainty-modeling/PARLEY-2.0/Applications/EvoChecker-master/libs/PrismExecutor.jar
POPULATION_SIZE = 100
PLOT_PARETO_FRONT = false
==========================================

Configuration script
==========================================
JAVA = /usr/bin/java
PROPERTIES_FILE = robot.pctl
PROBLEM = ROBOT14_REP7
ALGORITHM = NSGAII
INIT_PORT = 11470
MODEL_TEMPLATE_FILE = models/model_14_umc.prism
MAX_EVALUATIONS = 4000
MODEL_CHECKING_ENGINE_LIBS_DIRECTORY = /vol/fob-vol5/mi22/blumtomm/parley-uncertainty-modeling/PARLEY-2.0/Applications/EvoChecker-master/libs/runtime
PROCESSORS = 6
VERBOSE = true
MODEL_CHECKING_ENGINE = /vol/fob-vol5/mi22/blumtomm/parley-uncertainty-modeling/PARLEY-2.0/Applications/EvoChecker-master/libs/PrismExecutor.jar
POPULATION_SIZE = 100
PLOT_PARETO_FRONT = false
==========================================

Configuration script
==========================================
JAVA = /usr/bin/java
PROPERTIES_FILE = robot.pctl
PROBLEM = ROBOT14_REP1
ALGORITHM = NSGAII
INIT_PORT = 11410
MODEL_TEMPLATE_FILE = models/model_14_umc.prism
MAX_EVALUATIONS = 4000
MODEL_CHECKING_ENGINE_LIBS_DIRECTORY = /vol/fob-vol5/mi22/blumtomm/parley-uncertainty-modeling/PARLEY-2.0/Applications/EvoChecker-master/libs/runtime
PROCESSORS = 6
VERBOSE = true
MODEL_CHECKING_ENGINE = /vol/fob-vol5/mi22/blumtomm/parley-uncertainty-modeling/PARLEY-2.0/Applications/EvoChecker-master/libs/PrismExecutor.jar
POPULATION_SIZE = 100
PLOT_PARETO_FRONT = false
==========================================

Configuration script
==========================================
JAVA = /usr/bin/java
PROPERTIES_FILE = robot.pctl
PROBLEM = ROBOT14_REP6
ALGORITHM = NSGAII
INIT_PORT = 11460
MODEL_TEMPLATE_FILE = models/model_14_umc.prism
MAX_EVALUATIONS = 4000
MODEL_CHECKING_ENGINE_LIBS_DIRECTORY = /vol/fob-vol5/mi22/blumtomm/parley-uncertainty-modeling/PARLEY-2.0/Applications/EvoChecker-master/libs/runtime
PROCESSORS = 6
VERBOSE = true
MODEL_CHECKING_ENGINE = /vol/fob-vol5/mi22/blumtomm/parley-uncertainty-modeling/PARLEY-2.0/Applications/EvoChecker-master/libs/PrismExecutor.jar
POPULATION_SIZE = 100
PLOT_PARETO_FRONT = false
==========================================

Configuration script
==========================================
JAVA = /usr/bin/java
PROPERTIES_FILE = robot.pctl
PROBLEM = ROBOT14_REP5
ALGORITHM = NSGAII
INIT_PORT = 11450
MODEL_TEMPLATE_FILE = models/model_14_umc.prism
MAX_EVALUATIONS = 4000
MODEL_CHECKING_ENGINE_LIBS_DIRECTORY = /vol/fob-vol5/mi22/blumtomm/parley-uncertainty-modeling/PARLEY-2.0/Applications/EvoChecker-master/libs/runtime
PROCESSORS = 6
VERBOSE = true
MODEL_CHECKING_ENGINE = /vol/fob-vol5/mi22/blumtomm/parley-uncertainty-modeling/PARLEY-2.0/Applications/EvoChecker-master/libs/PrismExecutor.jar
POPULATION_SIZE = 100
PLOT_PARETO_FRONT = false
==========================================

Configuration script
==========================================
JAVA = /usr/bin/java
PROPERTIES_FILE = robot.pctl
PROBLEM = ROBOT14_REP9
ALGORITHM = NSGAII
INIT_PORT = 11490
MODEL_TEMPLATE_FILE = models/model_14_umc.prism
MAX_EVALUATIONS = 4000
MODEL_CHECKING_ENGINE_LIBS_DIRECTORY = /vol/fob-vol5/mi22/blumtomm/parley-uncertainty-modeling/PARLEY-2.0/Applications/EvoChecker-master/libs/runtime
PROCESSORS = 6
VERBOSE = true
MODEL_CHECKING_ENGINE = /vol/fob-vol5/mi22/blumtomm/parley-uncertainty-modeling/PARLEY-2.0/Applications/EvoChecker-master/libs/PrismExecutor.jar
POPULATION_SIZE = 100
PLOT_PARETO_FRONT = false
==========================================

Configuration script
==========================================
JAVA = /usr/bin/java
PROPERTIES_FILE = robot.pctl
PROBLEM = ROBOT14_REP3
ALGORITHM = NSGAII
INIT_PORT = 11430
MODEL_TEMPLATE_FILE = models/model_14_umc.prism
MAX_EVALUATIONS = 4000
MODEL_CHECKING_ENGINE_LIBS_DIRECTORY = /vol/fob-vol5/mi22/blumtomm/parley-uncertainty-modeling/PARLEY-2.0/Applications/EvoChecker-master/libs/runtime
PROCESSORS = 6
VERBOSE = true
MODEL_CHECKING_ENGINE = /vol/fob-vol5/mi22/blumtomm/parley-uncertainty-modeling/PARLEY-2.0/Applications/EvoChecker-master/libs/PrismExecutor.jar
POPULATION_SIZE = 100
PLOT_PARETO_FRONT = false
==========================================

Configuration script
==========================================
JAVA = /usr/bin/java
PROPERTIES_FILE = robot.pctl
PROBLEM = ROBOT14_REP0
ALGORITHM = NSGAII
INIT_PORT = 11400
MODEL_TEMPLATE_FILE = models/model_14_umc.prism
MAX_EVALUATIONS = 4000
MODEL_CHECKING_ENGINE_LIBS_DIRECTORY = /vol/fob-vol5/mi22/blumtomm/parley-uncertainty-modeling/PARLEY-2.0/Applications/EvoChecker-master/libs/runtime
PROCESSORS = 6
VERBOSE = true
MODEL_CHECKING_ENGINE = /vol/fob-vol5/mi22/blumtomm/parley-uncertainty-modeling/PARLEY-2.0/Applications/EvoChecker-master/libs/PrismExecutor.jar
POPULATION_SIZE = 100
PLOT_PARETO_FRONT = false
==========================================

Configuration script
==========================================
JAVA = /usr/bin/java
PROPERTIES_FILE = robot.pctl
PROBLEM = ROBOT14_REP2
ALGORITHM = NSGAII
INIT_PORT = 11420
MODEL_TEMPLATE_FILE = models/model_14_umc.prism
MAX_EVALUATIONS = 4000
MODEL_CHECKING_ENGINE_LIBS_DIRECTORY = /vol/fob-vol5/mi22/blumtomm/parley-uncertainty-modeling/PARLEY-2.0/Applications/EvoChecker-master/libs/runtime
PROCESSORS = 6
VERBOSE = true
MODEL_CHECKING_ENGINE = /vol/fob-vol5/mi22/blumtomm/parley-uncertainty-modeling/PARLEY-2.0/Applications/EvoChecker-master/libs/PrismExecutor.jar
POPULATION_SIZE = 100
PLOT_PARETO_FRONT = false
==========================================

Configuration script
==========================================
JAVA = /usr/bin/java
PROPERTIES_FILE = robot.pctl
PROBLEM = ROBOT14_REP4
ALGORITHM = NSGAII
INIT_PORT = 11440
MODEL_TEMPLATE_FILE = models/model_14_umc.prism
MAX_EVALUATIONS = 4000
MODEL_CHECKING_ENGINE_LIBS_DIRECTORY = /vol/fob-vol5/mi22/blumtomm/parley-uncertainty-modeling/PARLEY-2.0/Applications/EvoChecker-master/libs/runtime
PROCESSORS = 6
VERBOSE = true
MODEL_CHECKING_ENGINE = /vol/fob-vol5/mi22/blumtomm/parley-uncertainty-modeling/PARLEY-2.0/Applications/EvoChecker-master/libs/PrismExecutor.jar
POPULATION_SIZE = 100
PLOT_PARETO_FRONT = false
==========================================

Objectives (O)/Constraints(C)
Objectives (O)/Constraints(C)
O: P=? [ F (x=9&y=9&crashed=0) ], Max?true
O: R{"cost"}=? [ C<=100 ], Max?false

O: P=? [ F (x=9&y=9&crashed=0) ], Max?true
O: R{"cost"}=? [ C<=100 ], Max?false

Starting PrismExecutor worker 0 on port 11480
Starting PrismExecutor worker 0 on port 11400
Objectives (O)/Constraints(C)
O: P=? [ F (x=9&y=9&crashed=0) ], Max?true
O: R{"cost"}=? [ C<=100 ], Max?false

Starting PrismExecutor worker 0 on port 11440
Objectives (O)/Constraints(C)
O: P=? [ F (x=9&y=9&crashed=0) ], Max?true
O: R{"cost"}=? [ C<=100 ], Max?false

Objectives (O)/Constraints(C)
Starting PrismExecutor worker 0 on port 11490
O: P=? [ F (x=9&y=9&crashed=0) ], Max?true
O: R{"cost"}=? [ C<=100 ], Max?false

Objectives (O)/Constraints(C)
Objectives (O)/Constraints(C)
O: P=? [ F (x=9&y=9&crashed=0) ], Max?true
O: R{"cost"}=? [ C<=100 ], Max?false

O: P=? [ F (x=9&y=9&crashed=0) ], Max?true
O: R{"cost"}=? [ C<=100 ], Max?false

Starting PrismExecutor worker 0 on port 11470
Starting PrismExecutor worker 0 on port 11420
Starting PrismExecutor worker 0 on port 11460
Objectives (O)/Constraints(C)
O: P=? [ F (x=9&y=9&crashed=0) ], Max?true
O: R{"cost"}=? [ C<=100 ], Max?false

Starting PrismExecutor worker 0 on port 11430
Objectives (O)/Constraints(C)
O: P=? [ F (x=9&y=9&crashed=0) ], Max?true
O: R{"cost"}=? [ C<=100 ], Max?false

Objectives (O)/Constraints(C)
O: P=? [ F (x=9&y=9&crashed=0) ], Max?true
O: R{"cost"}=? [ C<=100 ], Max?false

Starting PrismExecutor worker 0 on port 11450
Starting PrismExecutor worker 0 on port 11410
Connected worker 0 to port 11480
Connected worker 0 to port 11400
Starting PrismExecutor worker 1 on port 11481
Starting PrismExecutor worker 1 on port 11401
Connected worker 0 to port 11440
Starting PrismExecutor worker 1 on port 11441
Connected worker 0 to port 11490
Starting PrismExecutor worker 1 on port 11491
Connected worker 0 to port 11470
Starting PrismExecutor worker 1 on port 11471
Connected worker 0 to port 11460
Starting PrismExecutor worker 1 on port 11461
Connected worker 0 to port 11420
Starting PrismExecutor worker 1 on port 11421
Connected worker 0 to port 11430
Starting PrismExecutor worker 1 on port 11431
Connected worker 0 to port 11450
Starting PrismExecutor worker 1 on port 11451
Connected worker 0 to port 11410
Starting PrismExecutor worker 1 on port 11411
Connected worker 1 to port 11481
Connected worker 1 to port 11401
Starting PrismExecutor worker 2 on port 11482
Starting PrismExecutor worker 2 on port 11402
Connected worker 1 to port 11441
Starting PrismExecutor worker 2 on port 11442
Connected worker 1 to port 11491
Starting PrismExecutor worker 2 on port 11492
Connected worker 1 to port 11471
Starting PrismExecutor worker 2 on port 11472
Connected worker 1 to port 11461
Starting PrismExecutor worker 2 on port 11462
Connected worker 1 to port 11421
Starting PrismExecutor worker 2 on port 11422
Connected worker 1 to port 11431
Starting PrismExecutor worker 2 on port 11432
Connected worker 1 to port 11451
Starting PrismExecutor worker 2 on port 11452
Connected worker 1 to port 11411
Starting PrismExecutor worker 2 on port 11412
Connected worker 2 to port 11402
Starting PrismExecutor worker 3 on port 11403
Connected worker 2 to port 11482
Starting PrismExecutor worker 3 on port 11483
Connected worker 2 to port 11442
Starting PrismExecutor worker 3 on port 11443
Connected worker 2 to port 11492
Starting PrismExecutor worker 3 on port 11493
Connected worker 2 to port 11472
Starting PrismExecutor worker 3 on port 11473
Connected worker 2 to port 11462
Starting PrismExecutor worker 3 on port 11463
Connected worker 2 to port 11422
Starting PrismExecutor worker 3 on port 11423
Connected worker 2 to port 11432
Starting PrismExecutor worker 3 on port 11433
Connected worker 2 to port 11452
Starting PrismExecutor worker 3 on port 11453
Connected worker 2 to port 11412
Starting PrismExecutor worker 3 on port 11413
Connected worker 3 to port 11403
Starting PrismExecutor worker 4 on port 11404
Connected worker 3 to port 11483
Starting PrismExecutor worker 4 on port 11484
Connected worker 3 to port 11443
Starting PrismExecutor worker 4 on port 11444
Connected worker 3 to port 11493
Starting PrismExecutor worker 4 on port 11494
Connected worker 3 to port 11473
Starting PrismExecutor worker 4 on port 11474
Connected worker 3 to port 11463
Starting PrismExecutor worker 4 on port 11464
Connected worker 3 to port 11423
Starting PrismExecutor worker 4 on port 11424
Connected worker 3 to port 11433
Starting PrismExecutor worker 4 on port 11434
Connected worker 3 to port 11453
Starting PrismExecutor worker 4 on port 11454
Connected worker 3 to port 11413
Starting PrismExecutor worker 4 on port 11414
Connected worker 4 to port 11404
Starting PrismExecutor worker 5 on port 11405
Connected worker 4 to port 11484
Starting PrismExecutor worker 5 on port 11485
Connected worker 4 to port 11444
Starting PrismExecutor worker 5 on port 11445
Connected worker 4 to port 11494
Starting PrismExecutor worker 5 on port 11495
Connected worker 4 to port 11474
Starting PrismExecutor worker 5 on port 11475
Connected worker 4 to port 11464
Starting PrismExecutor worker 5 on port 11465
Connected worker 4 to port 11424
Starting PrismExecutor worker 5 on port 11425
Connected worker 4 to port 11434
Starting PrismExecutor worker 5 on port 11435
Connected worker 4 to port 11414
Connected worker 4 to port 11454
Starting PrismExecutor worker 5 on port 11415
Starting PrismExecutor worker 5 on port 11455
Connected worker 5 to port 11405
Connected worker 5 to port 11485
Starting  evolution
Starting  evolution
Connected worker 5 to port 11445
Connected worker 5 to port 11495
Starting  evolution
Connected worker 5 to port 11475
Connected worker 5 to port 11465
Connected worker 5 to port 11425
Connected worker 5 to port 11435
Starting  evolution
Starting  evolution
Starting  evolution
Starting  evolution
Connected worker 5 to port 11455
Connected worker 5 to port 11415
Starting  evolution
Starting  evolution
Starting  evolution
O1):-0.774	O2):62.234	
O1):-0.791	O2):57.164	
O1):-0.838	O2):76.674	
O1):-0.797	O2):54.097	
O1):-0.823	O2):62.527	
O1):-0.831	O2):59.044	
O1):-0.823	O2):62.378	
O1):-0.855	O2):63.251	
O1):-0.774	O2):56.931	
O1):-0.774	O2):56.931	
O1):-0.781	O2):58.305	
O1):-0.774	O2):56.931	
O1):-0.806	O2):56.88	
O1):-0.838	O2):62.498	
O1):-0.782	O2):52.056	
O1):-0.813	O2):62.593	
O1):-0.853	O2):59.009	
O1):-0.814	O2):67.666	
O1):-0.798	O2):66.221	
O1):-0.791	O2):53.694	
O1):-0.782	O2):56.606	
O1):-0.853	O2):59.007	
O1):-0.789	O2):56.655	
O1):-0.854	O2):68.112	
O1):-0.782	O2):56.606	
O1):-0.782	O2):56.606	
O1):-0.797	O2):60.22	
O1):-0.853	O2):59.007	
O1):-0.773	O2):56.875	
O1):-0.79	O2):57.003	
O1):-0.798	O2):60.763	
O1):-0.829	O2):51.568	
O1):-0.736	O2):42.247	
O1):-0.744	O2):55.663	
O1):-0.83	O2):50.06	
O1):-0.759	O2):52.174	
O1):-0.813	O2):53.243	
O1):-0.782	O2):53.337	
O1):-0.838	O2):57.13	
O1):-0.822	O2):53.934	
O1):-0.798	O2):56.371	
O1):-0.813	O2):58.765	
O1):-0.852	O2):58.85	
O1):-0.789	O2):52.573	
O1):-0.813	O2):58.172	
O1):-0.789	O2):48.299	
O1):-0.808	O2):55.029	
O1):-0.784	O2):46.376	
O1):-0.774	O2):56.85	
O1):-0.838	O2):59.495	
O1):-0.822	O2):53.879	
O1):-0.805	O2):53.275	
O1):-0.805	O2):57.917	
O1):-0.784	O2):46.376	
O1):-0.814	O2):57.634	
O1):-0.775	O2):52.336	
O1):-0.79	O2):52.888	
O1):-0.789	O2):61.925	
O1):-0.797	O2):55.339	
O1):-0.822	O2):53.88	
O1):-0.798	O2):56.972	
O1):-0.79	O2):58.474	
O1):-0.814	O2):63.782	
O1):-0.82	O2):53.366	
O1):-0.822	O2):58.663	
O1):-0.838	O2):59.951	
O1):-0.781	O2):48.592	
O1):-0.807	O2):62.314	
O1):-0.798	O2):53.041	
O1):-0.795	O2):57.847	
O1):-0.805	O2):61.317	
O1):-0.792	O2):50.823	
O1):-0.797	O2):62.233	
O1):-0.797	O2):51.721	
O1):-0.846	O2):59.146	
O1):-0.789	O2):56.871	
O1):-0.815	O2):62.263	
O1):-0.752	O2):52.736	
O1):-0.821	O2):71.693	
O1):-0.789	O2):52.032	
O1):-0.751	O2):42.622	
O1):-0.831	O2):71.484	
O1):-0.805	O2):56.544	
O1):-0.767	O2):47.892	
O1):-0.822	O2):53.88	
O1):-0.836	O2):59.0	
O1):-0.823	O2):57.938	
O1):-0.774	O2):52.092	
O1):-0.798	O2):51.169	
O1):-0.814	O2):51.625	
O1):-0.752	O2):47.905	
O1):-0.829	O2):58.858	
O1):-0.806	O2):60.158	
O1):-0.774	O2):43.994	
O1):-0.808	O2):56.939	
O1):-0.813	O2):58.306	
O1):-0.8	O2):52.753	
O1):-0.814	O2):51.439	
O1):-0.839	O2):58.757	
O1):-0.797	O2):52.545	
O1):-0.774	O2):51.342	
O1):-0.776	O2):57.456	
O1):-0.812	O2):57.491	
O1):-0.767	O2):52.249	
O1):-0.79	O2):53.005	
O1):-0.821	O2):62.041	
O1):-0.79	O2):70.943	
O1):-0.797	O2):65.242	
O1):-0.78	O2):48.398	
O1):-0.803	O2):52.114	
O1):-0.807	O2):61.821	
O1):-0.821	O2):61.688	
O1):-0.813	O2):62.906	
O1):-0.79	O2):58.328	
O1):-0.797	O2):53.194	
O1):-0.766	O2):51.56	
O1):-0.83	O2):67.608	
O1):-0.82	O2):48.437	
O1):-0.78	O2):52.516	
O1):-0.774	O2):52.038	
O1):-0.767	O2):48.288	
O1):-0.813	O2):56.548	
O1):-0.783	O2):47.652	
O1):-0.839	O2):65.812	
O1):-0.774	O2):43.462	
O1):-0.846	O2):54.528	
O1):-0.813	O2):62.589	
O1):-0.81	O2):47.859	
O1):-0.774	O2):54.6	
O1):-0.829	O2):57.869	
O1):-0.8	O2):60.232	
O1):-0.829	O2):61.182	
O1):-0.772	O2):46.566	
O1):-0.831	O2):68.096	
O1):-0.753	O2):47.706	
O1):-0.806	O2):62.675	
O1):-0.821	O2):56.785	
O1):-0.76	O2):55.869	
O1):-0.827	O2):53.044	
O1):-0.838	O2):62.619	
O1):-0.79	O2):48.049	
O1):-0.781	O2):57.731	
O1):-0.789	O2):51.814	
O1):-0.822	O2):57.197	
O1):-0.76	O1):-0.773	O2):42.415	
O2):56.63	
O1):-0.821	O2):62.908	
O1):-0.814	O2):70.562	
O1):-0.813	O2):59.547	
O1):-0.782	O2):51.677	
O1):-0.795	O2):53.13	
O1):-0.746	O2):46.334	
O1):-0.789	O2):57.701	
O1):-0.823	O2):74.613	
O1):-0.838	O2):59.711	
O1):-0.79	O2):61.06	
O1):-0.783	O2):60.812	
O1):-0.83	O2):62.864	
O1):-0.813	O2):57.169	
O1):-0.823	O2):60.678	
O1):-0.812	O2):52.916	
O1):-0.731	O2):54.538	
O1):-0.775	O2):51.801	
O1):-0.855	O2):74.506	
O1):-0.83	O2):58.626	
O1):-0.79	O2):46.889	
O1):-0.798	O2):59.293	
O1):-0.83	O2):72.15	
O1):-0.823	O2):57.076	
O1):-0.829	O2):62.067	
O1):-0.83	O2):57.98	
O1):-0.813	O2):51.545	
O1):-0.767	O2):53.125	
O1):-0.856	O2):67.74	
O1):-0.813	O2):63.042	
O1):-0.846	O2):68.101	
O1):-0.781	O2):47.005	
O1):-0.814	O2):53.029	
O1):-0.847	O2):58.409	
O1):-0.829	O2):63.146	
O1):-0.837	O2):64.525	
O1):-0.804	O2):56.691	
O1):-0.806	O2):61.715	
O1):-0.798	O2):52.245	
O1):-0.773	O2):52.45	
O1):-0.847	O2):67.888	
O1):-0.776	O2):55.866	
O1):-0.783	O2):56.161	
O1):-0.838	O2):67.194	
O1):-0.769	O2):51.559	
O1):-0.796	O2):56.934	
O1):-0.796	O2):63.123	
O1):-0.779	O2):41.489	
O1):-0.855	O2):64.672	
O1):-0.765	O2):46.548	
O1):-0.797	O2):48.02	
O1):-0.813	O2):51.764	
O1):-0.782	O2):50.213	
O1):-0.815	O2):55.708	
O1):-0.773	O2):52.818	
O1):-0.805	O2):62.069	
O1):-0.805	O2):54.26	
O1):-0.783	O2):68.543	
O1):-0.847	O2):62.8	
O1):-0.814	O2):52.236	
O1):-0.814	O2):66.452	
O1):-0.811	O2):51.266	
O1):-0.839	O2):64.243	
O1):-0.829	O2):62.999	
O1):-0.813	O2):57.579	
O1):-0.729	O2):42.67	
O1):-0.775	O2):49.397	
O1):-0.779	O2):55.755	
O1):-0.831	O2):62.448	
O1):-0.798	O2):63.519	
O1):-0.821	O2):64.166	
O1):-0.829	O2):49.73	
O1):-0.798	O2):56.349	
O1):-0.802	O2):47.642	
O1):-0.805	O2):52.95	
O1):-0.805	O2):47.743	
O1):-0.821	O2):56.625	
O1):-0.837	O2):54.917	
O1):-0.822	O2):61.523	
O1):-0.837	O2):54.57	
O1):-0.813	O2):51.405	
O1):-0.83	O2):62.074	
O1):-0.811	O2):57.639	
O1):-0.742	O2):42.744	
O1):-0.797	O2):49.058	
O1):-0.798	O2):58.656	
O1):-0.789	O2):51.294	
O1):-0.821	O2):57.563	
O1):-0.788	O2):46.836	
O1):-0.813	O2):58.377	
O1):-0.773	O2):47.921	
O1):-0.79	O2):62.501	
O1):-0.818	O2):53.695	
O1):-0.828	O2):63.447	
O1):-0.739	O2):50.954	
O1):-0.83	O2):67.503	
O1):-0.804	O2):47.888	
O1):-0.814	O2):56.955	
O1):-0.8	O2):51.685	
O1):-0.751	O2):50.819	
O1):-0.781	O2):56.718	
O1):-0.847	O2):74.09	
O1):-0.77	O2):55.924	
O1):-0.82	O2):62.784	
O1):-0.829	O2):56.871	
O1):-0.783	O2):42.305	
O1):-0.821	O2):55.994	
O1):-0.783	O2):51.755	
O1):-0.807	O2):51.275	
O1):-0.846	O2):72.925	
O1):-0.797	O2):51.376	
O1):-0.807	O2):68.008	
O1):-0.803	O2):43.077	
O1):-0.789	O2):52.473	
O1):-0.816	O2):57.533	
O1):-0.797	O2):59.033	
O1):-0.864	O2):69.11	
O1):-0.79	O2):58.149	
O1):-0.83	O2):65.245	
O1):-0.75	O2):52.522	
O1):-0.788	O2):57.029	
O1):-0.821	O2):55.822	
O1):-0.826	O2):48.88	
O1):-0.789	O2):53.061	
O1):-0.821	O2):53.461	
O1):-0.822	O2):66.237	
O1):-0.783	O2):58.044	
O1):-0.813	O2):61.849	
O1):-0.752	O2):51.215	
O1):-0.822	O2):62.239	
O1):-0.823	O2):52.68	
O1):-0.838	O2):58.8	
O1):-0.845	O2):61.499	
O1):-0.812	O2):55.998	
O1):-0.828	O2):56.45	
O1):-0.798	O2):67.33	
O1):-0.855	O2):72.45	
O1):-0.796	O2):58.47	
O1):-0.82	O2):53.394	
O1):-0.837	O2):63.519	
O1):-0.837	O2):49.786	
O1):-0.79	O2):57.635	
O1):-0.863	O2):68.568	
O1):-0.83	O2):58.025	
O1):-0.813	O2):51.483	
O1):-0.782	O2):52.158	
O1):-0.78	O2):47.016	
O1):-0.819	O2):54.634	
O1):-0.844	O2):53.9	
O1):-0.814	O2):59.025	
O1):-0.821	O2):62.906	
O1):-0.766	O2):51.83	
O1):-0.758	O2):42.244	
O1):-0.813	O2):55.686	
O1):-0.814	O2):61.558	
O1):-0.788	O2):49.925	
O1):-0.783	O2):57.872	
O1):-0.783	O2):52.101	
O1):-0.799	O2):61.571	
O1):-0.788	O2):49.705	
O1):-0.812	O2):58.433	
O1):-0.813	O2):56.469	
O1):-0.806	O2):51.538	
O1):-0.839	O2):62.428	
O1):-0.811	O2):63.062	
O1):-0.806	O2):52.769	
O1):-0.766	O2):47.071	
O1):-0.82	O2):56.295	
O1):-0.81	O2):53.992	
O1):-0.813	O2):56.04	
O1):-0.789	O2):65.378	
O1):-0.785	O2):50.601	
O1):-0.821	O2):59.057	
O1):-0.805	O2):54.757	
O1):-0.799	O2):56.945	
O1):-0.822	O2):61.955	
O1):-0.797	O2):61.5	
O1):-0.766	O2):52.096	
O1):-0.76	O2):47.473	
O1):-0.823	O2):57.819	
O1):-0.789	O2):60.871	
O1):-0.829	O2):58.005	
O1):-0.822	O2):69.458	
O1):-0.856	O2):79.088	
O1):-0.806	O2):55.571	
O1):-0.814	O2):52.299	
O1):-0.773	O2):48.499	
O1):-0.802	O2):50.396	
O1):-0.798	O2):52.479	
O1):-0.806	O2):51.82	
O1):-0.792	O2):62.042	
O1):-0.755	O2):41.329	
O1):-0.774	O2):53.755	
O1):-0.795	O2):46.833	
O1):-0.805	O2):51.232	
O1):-0.823	O2):53.26	
O1):-0.806	O2):57.065	
O1):-0.814	O2):68.043	
O1):-0.822	O2):51.316	
O1):-0.79	O2):53.991	
O1):-0.775	O2):51.471	
O1):-0.767	O2):47.412	
O1):-0.789	O2):52.628	
O1):-0.774	O2):46.556	
O1):-0.805	O2):63.633	
O1):-0.841	O2):62.303	
O1):-0.782	O2):64.266	
O1):-0.781	O2):58.404	
O1):-0.758	O2):53.325	
O1):-0.83	O2):53.143	
O1):-0.789	O2):52.032	
O1):-0.805	O2):66.607	
O1):-0.806	O2):52.349	
O1):-0.759	O2):47.291	
O1):-0.806	O2):62.65	
O1):-0.774	O2):47.991	
O1):-0.805	O2):59.098	
O1):-0.821	O2):52.649	
O1):-0.781	O2):50.588	
O1):-0.781	O2):48.258	
O1):-0.806	O2):53.779	
O1):-0.767	O2):46.55	
O1):-0.758	O2):52.453	
O1):-0.807	O2):55.029	
O1):-0.813	O2):49.332	
O1):-0.782	O2):57.198	
O1):-0.766	O2):51.967	
O1):-0.814	O2):60.474	
O1):-0.799	O2):61.668	
O1):-0.805	O2):62.932	
O1):-0.753	O2):47.709	
O1):-0.828	O2):52.406	
O1):-0.767	O2):51.898	
O1):-0.778	O2):51.905	
O1):-0.798	O2):57.327	
O1):-0.79	O2):59.261	
O1):-0.815	O2):56.585	
O1):-0.813	O2):52.18	
O1):-0.828	O2):62.659	
O1):-0.782	O2):47.72	
O1):-0.812	O2):54.41	
O1):-0.846	O2):68.076	
O1):-0.782	O2):58.022	
O1):-0.745	O2):46.578	
O1):-0.837	O2):58.139	
O1):-0.822	O2):62.385	
O1):-0.821	O2):53.808	
O1):-0.774	O2):51.768	
O1):-0.805	O2):46.118	
O1):-0.83	O2):67.178	
O1):-0.766	O2):53.728	
O1):-0.797	O2):52.224	
O1):-0.816	O2):57.148	
O1):-0.805	O2):53.514	
O1):-0.781	O2):52.054	
O1):-0.806	O2):63.039	
O1):-0.829	O2):61.615	
O1):-0.811	O2):61.058	
O1):-0.805	O2):57.071	
O1):-0.789	O2):52.189	
O1):-0.781	O2):54.345	
O1):-0.797	O2):56.258	
O1):-0.832	O2):58.978	
O1):-0.797	O2):62.019	
O1):-0.797	O2):53.635	
O1):-0.789	O2):61.909	
O1):-0.789	O2):48.597	
O1):-0.847	O2):66.736	
O1):-0.828	O2):51.853	
O1):-0.789	O2):47.024	
O1):-0.846	O2):63.424	
O1):-0.838	O2):59.038	
O1):-0.805	O2):58.616	
O1):-0.829	O2):57.479	
O1):-0.765	O2):55.946	
O1):-0.789	O2):52.225	
O1):-0.831	O2):62.304	
O1):-0.805	O2):52.355	
O1):-0.764	O2):52.74	
O1):-0.793	O2):51.852	
O1):-0.753	O2):42.094	
O1):-0.8	O2):56.796	
O1):-0.783	O2):51.602	
O1):-0.763	O2):42.051	
O1):-0.805	O2):48.46	
O1):-0.837	O2):45.718	
O1):-0.806	O2):47.665	
O1):-0.759	O2):53.062	
O1):-0.837	O2):55.054	
O1):-0.799	O2):65.656	
O1):-0.761	O2):47.314	
O1):-0.839	O2):67.661	
O1):-0.781	O2):57.06	
O1):-0.805	O2):53.016	
O1):-0.822	O2):53.158	
O1):-0.829	O2):57.252	
O1):-0.766	O2):52.743	
O1):-0.83	O2):54.998	
O1):-0.838	O2):62.417	
O1):-0.796	O2):58.873	
O1):-0.788	O2):56.823	
O1):-0.805	O2):51.058	
O1):-0.814	O2):61.259	
O1):-0.816	O2):60.317	
O1):-0.798	O2):49.873	
O1):-0.78	O2):47.657	
O1):-0.781	O2):48.28	
O1):-0.837	O2):53.771	
O1):-0.821	O2):62.39	
O1):-0.79	O2):52.081	
O1):-0.812	O2):51.595	
O1):-0.837	O2):63.725	
O1):-0.812	O2):58.736	
O1):-0.814	O2):57.583	
O1):-0.822	O2):64.009	
O1):-0.735	O2):42.474	
O1):-0.837	O2):64.74	
O1):-0.775	O2):46.691	
O1):-0.79	O2):52.975	
O1):-0.765	O2):52.037	
O1):-0.829	O2):58.235	
O1):-0.837	O2):58.411	
O1):-0.783	O2):56.24	
O1):-0.79	O2):61.9	
O1):-0.789	O2):52.612	
O1):-0.766	O2):52.496	
O1):-0.815	O2):56.722	
O1):-0.814	O2):57.552	
O1):-0.774	O2):57.869	
O1):-0.846	O2):67.659	
O1):-0.855	O2):68.965	
O1):-0.813	O2):60.129	
O1):-0.822	O2):58.655	
O1):-0.814	O2):60.963	
O1):-0.831	O2):57.693	
O1):-0.823	O2):55.088	
O1):-0.822	O2):67.453	
O1):-0.828	O2):63.194	
O1):-0.783	O2):55.579	
O1):-0.827	O2):49.072	
O1):-0.846	O2):73.602	
O1):-0.846	O2):80.707	
O1):-0.806	O2):56.57	
O1):-0.814	O2):61.367	
O1):-0.796	O2):51.705	
O1):-0.814	O2):66.824	
O1):-0.806	O2):62.433	
O1):-0.794	O2):61.459	
O1):-0.821	O2):52.859	
O1):-0.811	O2):49.431	
O1):-0.761	O2):62.424	
O1):-0.783	O2):54.138	
O1):-0.829	O2):59.015	
O1):-0.791	O2):52.182	
O1):-0.838	O2):60.048	
O1):-0.83	O2):71.094	
O1):-0.79	O2):53.367	
O1):-0.807	O2):47.585	
O1):-0.812	O2):55.385	
O1):-0.764	O2):52.713	
O1):-0.795	O2):48.169	
O1):-0.813	O2):56.996	
O1):-0.805	O2):58.425	
O1):-0.802	O2):46.958	
O1):-0.821	O2):64.109	
O1):-0.816	O2):55.863	
O1):-0.853	O2):67.84	
O1):-0.756	O2):40.793	
O1):-0.805	O2):53.052	
O1):-0.821	O2):58.122	
O1):-0.788	O2):47.567	
O1):-0.822	O2):67.936	
O1):-0.837	O2):63.34	
O1):-0.82	O2):63.871	
O1):-0.845	O2):67.358	
O1):-0.799	O2):61.734	
O1):-0.814	O2):61.56	
O1):-0.814	O2):62.945	
O1):-0.79	O2):48.392	
O1):-0.766	O2):57.433	
O1):-0.801	O2):46.272	
O1):-0.789	O2):52.303	
O1):-0.795	O2):51.446	
O1):-0.829	O2):53.292	
O1):-0.805	O2):53.412	
O1):-0.797	O2):62.102	
O1):-0.792	O2):46.305	
O1):-0.798	O2):52.624	
O1):-0.837	O2):58.8	
O1):-0.795	O2):50.325	
O1):-0.811	O2):56.239	
O1):-0.805	O2):57.313	
O1):-0.789	O2):56.787	
O1):-0.769	O2):47.496	
O1):-0.749	O2):47.224	
O1):-0.831	O2):61.412	
O1):-0.805	O2):57.659	
O1):-0.757	O2):46.104	
O1):-0.791	O2):57.885	
O1):-0.829	O2):61.711	
O1):-0.854	O2):77.798	
O1):-0.821	O2):52.618	
O1):-0.774	O2):67.757	
O1):-0.72	O2):41.976	
O1):-0.805	O2):52.031	
O1):-0.822	O2):52.057	
O1):-0.799	O2):54.897	
O1):-0.789	O2):53.17	
O1):-0.822	O2):71.247	
O1):-0.767	O2):52.286	
O1):-0.813	O2):56.614	
O1):-0.796	O2):48.357	
O1):-0.759	O2):47.99	
O1):-0.775	O2):47.361	
O1):-0.751	O2):51.861	
O1):-0.838	O2):54.684	
O1):-0.782	O2):43.888	
O1):-0.83	O2):58.18	
O1):-0.823	O2):66.184	
O1):-0.798	O2):50.729	
O1):-0.837	O2):62.308	
O1):-0.83	O2):57.032	
O1):-0.768	O2):41.893	
O1):-0.805	O2):65.153	
O1):-0.819	O2):54.023	
O1):-0.83	O2):52.912	
O1):-0.744	O2):51.862	
O1):-0.79	O2):51.043	
O1):-0.808	O2):59.513	
O1):-0.806	O2):48.733	
O1):-0.758	O2):43.609	
O1):-0.798	O2):61.906	
O1):-0.79	O2):54.481	
O1):-0.772	O2):46.292	
O1):-0.803	O2):58.813	
O1):-0.806	O2):56.641	
O1):-0.822	O2):58.058	
O1):-0.78	O2):52.897	
O1):-0.813	O2):64.486	
O1):-0.832	O2):68.103	
O1):-0.815	O2):61.271	
O1):-0.799	O2):46.463	
O1):-0.806	O2):51.814	
O1):-0.831	O2):63.223	
O1):-0.823	O2):57.335	
O1):-0.798	O2):52.365	
O1):-0.798	O2):50.956	
O1):-0.759	O2):52.699	
O1):-0.821	O2):57.547	
O1):-0.803	O2):57.374	
O1):-0.79	O2):57.539	
O1):-0.828	O2):57.599	
O1):-0.782	O2):52.675	
O1):-0.807	O2):52.19	
O1):-0.805	O2):56.236	
O1):-0.805	O2):63.403	
O1):-0.822	O2):70.741	
O1):-0.805	O2):44.254	
O1):-0.76	O2):47.352	
O1):-0.813	O2):57.757	
O1):-0.82	O2):51.689	
O1):-0.781	O2):44.344	
O1):-0.781	O2):52.53	
O1):-0.789	O2):49.189	
O1):-0.821	O2):66.815	
O1):-0.815	O2):62.687	
O1):-0.838	O2):63.078	
O1):-0.83	O2):67.594	
O1):-0.856	O1):-0.797	O2):56.117	
O2):68.168	
O1):-0.773	O2):47.858	
O1):-0.797	O2):57.402	
O1):-0.774	O2):62.919	
O1):-0.839	O2):59.576	
O1):-0.814	O2):56.285	
O1):-0.798	O2):57.334	
O1):-0.821	O2):57.703	
O1):-0.822	O2):52.284	
O1):-0.806	O2):47.949	
O1):-0.821	O2):70.617	
O1):-0.807	O2):51.756	
O1):-0.812	O2):53.262	
O1):-0.782	O2):48.605	
O1):-0.828	O2):58.366	
O1):-0.798	O2):57.001	
O1):-0.831	O2):61.801	
O1):-0.766	O2):57.332	
O1):-0.808	O2):55.224	
O1):-0.737	O2):46.74	
O1):-0.805	O2):64.692	
O1):-0.823	O2):62.563	
O1):-0.79	O2):56.835	
O1):-0.782	O2):47.48	
O1):-0.797	O2):58.033	
O1):-0.821	O2):55.194	
O1):-0.781	O2):47.916	
O1):-0.79	O2):53.588	
O1):-0.807	O2):51.324	
O1):-0.829	O2):59.187	
O1):-0.798	O2):56.754	
O1):-0.729	O2):43.126	
O1):-0.792	O2):55.618	
O1):-0.829	O2):57.339	
O1):-0.781	O2):52.626	
O1):-0.823	O2):62.816	
O1):-0.798	O2):56.942	
O1):-0.782	O2):62.548	
O1):-0.776	O2):50.928	
O1):-0.823	O2):57.453	
O1):-0.83	O2):63.236	
O1):-0.837	O2):58.638	
O1):-0.805	O2):57.052	
O1):-0.798	O2):63.829	
O1):-0.82	O2):54.935	
O1):-0.804	O2):53.778	
O1):-0.798	O2):57.06	
O1):-0.788	O2):43.487	
O1):-0.781	O2):61.522	
O1):-0.829	O2):62.094	
O1):-0.788	O2):43.723	
O1):-0.764	O2):47.386	
O1):-0.822	O2):52.678	
O1):-0.838	O2):63.54	
O1):-0.753	O2):51.349	
O1):-0.797	O2):52.001	
O1):-0.807	O2):56.355	
O1):-0.831	O2):62.777	
O1):-0.811	O2):62.227	
O1):-0.805	O2):52.761	
O1):-0.814	O2):57.227	
O1):-0.837	O2):64.345	
O1):-0.813	O2):57.114	
O1):-0.774	O2):48.651	
O1):-0.83	O2):58.802	
O1):-0.775	O2):52.943	
O1):-0.822	O2):53.863	
O1):-0.846	O2):67.879	
O1):-0.823	O2):65.779	
O1):-0.798	O2):57.51	
O1):-0.839	O2):67.104	
O1):-0.798	O2):50.898	
O1):-0.822	O2):57.178	
O1):-0.828	O2):62.494	
O1):-0.829	O2):58.14	
O1):-0.792	O2):54.982	
O1):-0.829	O2):57.917	
O1):-0.844	O2):66.713	
O1):-0.838	O2):62.467	
O1):-0.805	O2):59.071	
O1):-0.821	O2):61.554	
O1):-0.797	O2):57.309	
O1):-0.812	O2):52.107	
O1):-0.771	O2):41.137	
O1):-0.839	O2):72.102	
O1):-0.821	O2):64.201	
O1):-0.836	O2):53.114	
O1):-0.847	O2):77.833	
O1):-0.815	O2):57.209	
O1):-0.831	O2):54.166	
O1):-0.774	O2):57.136	
O1):-0.814	O2):70.59	
O1):-0.82	O2):63.357	
O1):-0.79	O1):-0.774	O2):47.646	
O2):61.465	
O1):-0.806	O2):65.426	
O1):-0.821	O2):52.645	
O1):-0.815	O2):62.258	
O1):-0.775	O2):52.424	
O1):-0.83	O2):58.124	
O1):-0.797	O2):49.538	
O1):-0.823	O2):61.626	
O1):-0.765	O2):42.155	
O1):-0.871	O2):68.775	
O1):-0.854	O2):57.838	
O1):-0.798	O2):51.824	
O1):-0.782	O2):52.918	
O1):-0.805	O2):66.538	
O1):-0.805	O2):47.504	
O1):-0.759	O2):51.653	
O1):-0.79	O2):61.654	
O1):-0.798	O2):67.426	
O1):-0.805	O2):56.323	
O1):-0.828	O2):52.284	
O1):-0.798	O2):47.563	
O1):-0.804	O2):57.005	
O1):-0.821	O2):51.638	
O1):-0.766	O2):53.748	
O1):-0.798	O2):44.653	
O1):-0.83	O2):63.299	
O1):-0.757	O2):43.695	
O1):-0.738	O2):45.679	
O1):-0.83	O2):61.827	
O1):-0.83	O2):57.782	
O1):-0.83	O2):68.612	
O1):-0.796	O2):59.619	
O1):-0.758	O2):48.663	
O1):-0.812	O2):57.066	
O1):-0.847	O2):73.842	
O1):-0.83	O2):67.738	
O1):-0.811	O2):57.239	
O1):-0.831	O2):62.714	
O1):-0.824	O2):61.139	
O1):-0.854	O2):64.238	
O1):-0.83	O2):53.368	
O1):-0.839	O2):61.667	
O1):-0.774	O2):53.898	
O1):-0.797	O2):48.37	
O1):-0.805	O2):63.558	
O1):-0.815	O2):66.938	
O1):-0.736	O2):42.444	
O1):-0.821	O2):57.387	
O1):-0.781	O2):48.358	
O1):-0.83	O2):59.082	
O1):-0.851	O2):63.655	
O1):-0.788	O2):58.289	
O1):-0.838	O2):63.72	
O1):-0.782	O2):56.891	
O1):-0.775	O2):61.619	
O1):-0.846	O2):64.413	
O1):-0.822	O2):61.35	
O1):-0.815	O2):68.945	
O1):-0.846	O2):68.598	
O1):-0.759	O2):42.197	
O1):-0.797	O2):49.51	
O1):-0.815	O2):66.678	
O1):-0.79	O2):53.58	
O1):-0.798	O2):46.696	
O1):-0.815	O2):53.675	
O1):-0.805	O2):52.616	
O1):-0.811	O2):53.265	
O1):-0.805	O2):49.066	
O1):-0.789	O2):46.72	
O1):-0.822	O2):62.648	
O1):-0.788	O2):47.917	
O1):-0.766	O2):46.552	
O1):-0.805	O2):62.939	
O1):-0.834	O2):48.997	
O1):-0.798	O2):56.459	
O1):-0.785	O2):45.056	
O1):-0.846	O2):52.924	
O1):-0.789	O2):56.736	
O1):-0.742	O2):48.431	
O1):-0.806	O2):66.312	
O1):-0.782	O2):55.955	
O1):-0.782	O2):47.812	
O1):-0.797	O2):54.517	
O1):-0.798	O2):63.08	
O1):-0.839	O2):59.395	
O1):-0.76	O2):43.061	
O1):-0.812	O2):53.837	
O1):-0.822	O2):56.888	
O1):-0.779	O2):48.525	
O1):-0.831	O2):63.047	
O1):-0.838	O2):66.869	
O1):-0.783	O2):44.37	
O1):-0.801	O2):50.587	
O1):-0.791	O2):56.703	
O1):-0.822	O2):58.582	
O1):-0.804	O2):52.07	
O1):-0.774	O2):48.93	
O1):-0.79	O2):46.902	
O1):-0.809	O2):50.329	
O1):-0.83	O2):66.481	
O1):-0.796	O2):58.401	
O1):-0.822	O2):53.153	
O1):-0.735	O2):43.563	
O1):-0.829	O2):62.521	
O1):-0.758	O2):47.974	
O1):-0.813	O2):62.202	
O1):-0.769	O2):58.525	
O1):-0.838	O2):62.724	
O1):-0.821	O2):63.963	
O1):-0.785	O2):50.728	
O1):-0.827	O2):51.858	
O1):-0.806	O2):62.285	
O1):-0.788	O2):51.433	
O1):-0.823	O2):56.487	
O1):-0.813	O2):48.096	
O1):-0.814	O2):61.738	
O1):-0.804	O2):52.07	
O1):-0.767	O2):58.204	
O1):-0.813	O2):60.711	
O1):-0.806	O2):47.798	
O1):-0.79	O2):51.798	
O1):-0.821	O2):57.79	
O1):-0.815	O2):53.661	
O1):-0.805	O2):52.859	
O1):-0.821	O2):52.665	
O1):-0.782	O2):47.507	
O1):-0.847	O2):71.662	
O1):-0.744	O2):47.201	
O1):-0.766	O2):52.512	
O1):-0.827	O2):53.619	
O1):-0.822	O2):62.355	
O1):-0.822	O2):56.204	
O1):-0.781	O2):53.175	
O1):-0.847	O2):77.455	
O1):-0.829	O2):58.937	
O1):-0.787	O2):45.217	
O1):-0.782	O2):60.991	
O1):-0.823	O2):62.143	
O1):-0.805	O2):48.314	
O1):-0.812	O2):54.792	
O1):-0.838	O2):62.582	
O1):-0.838	O2):57.757	
O1):-0.796	O2):53.833	
O1):-0.796	O2):46.179	
O1):-0.781	O2):53.157	
O1):-0.814	O2):52.267	
O1):-0.765	O2):53.031	
O1):-0.807	O2):59.871	
O1):-0.79	O2):51.878	
O1):-0.774	O2):58.742	
O1):-0.803	O2):57.509	
O1):-0.806	O2):57.716	
O1):-0.767	O2):52.122	
O1):-0.813	O2):52.962	
O1):-0.801	O2):48.192	
O1):-0.766	O2):52.541	
O1):-0.79	O2):46.194	
O1):-0.814	O2):56.801	
O1):-0.791	O2):45.868	
O1):-0.798	O2):51.669	
O1):-0.789	O2):57.295	
O1):-0.762	O2):51.241	
O1):-0.79	O2):56.382	
O1):-0.784	O2):43.579	
O1):-0.797	O2):58.498	
O1):-0.789	O2):55.603	
O1):-0.775	O2):51.507	
O1):-0.814	O2):56.382	
O1):-0.79	O2):53.402	
O1):-0.837	O2):57.361	
O1):-0.797	O2):51.357	
O1):-0.773	O2):47.233	
O1):-0.822	O2):58.085	
O1):-0.813	O2):57.075	
O1):-0.766	O2):52.904	
O1):-0.822	O2):53.304	
O1):-0.781	O2):52.975	
O1):-0.829	O2):63.406	
O1):-0.774	O2):51.852	
O1):-0.822	O2):64.113	
O1):-0.791	O2):53.008	
O1):-0.83	O2):57.715	
O1):-0.78	O2):47.863	
O1):-0.813	O2):60.214	
O1):-0.798	O2):61.114	
O1):-0.807	O2):56.121	
O1):-0.837	O2):58.711	
O1):-0.822	O2):58.057	
O1):-0.775	O2):57.56	
O1):-0.805	O2):51.535	
O1):-0.774	O2):47.564	
O1):-0.774	O2):48.77	
O1):-0.791	O2):51.472	
O1):-0.798	O2):51.292	
O1):-0.82	O2):57.382	
O1):-0.774	O2):52.18	
O1):-0.845	O2):63.203	
O1):-0.813	O2):44.029	
O1):-0.822	O2):63.855	
O1):-0.79	O2):61.92	
O1):-0.821	O2):67.775	
O1):-0.846	O2):71.722	
O1):-0.822	O2):62.779	
O1):-0.782	O2):57.905	
O1):-0.759	O2):46.365	
O1):-0.782	O2):57.89	
O1):-0.79	O2):53.731	
O1):-0.821	O2):58.331	
O1):-0.798	O2):50.895	
O1):-0.806	O2):52.752	
O1):-0.823	O2):51.921	
O1):-0.789	O2):52.792	
O1):-0.797	O2):51.619	
O1):-0.8	O2):46.851	
O1):-0.821	O2):58.032	
O1):-0.805	O2):52.637	
O1):-0.791	O2):52.489	
O1):-0.782	O2):59.596	
O1):-0.838	O2):63.112	
O1):-0.781	O2):58.511	
O1):-0.797	O2):62.266	
O1):-0.837	O2):63.603	
O1):-0.822	O2):57.422	
O1):-0.788	O2):53.056	
O1):-0.787	O2):52.458	
O1):-0.773	O2):52.559	
O1):-0.773	O2):52.476	
O1):-0.757	O2):47.351	
O1):-0.774	O2):42.245	
O1):-0.823	O2):62.713	
O1):-0.815	O2):56.51	
Evaluations:	100
O1):-0.864	O2):64.628	
O1):-0.821	O2):53.771	
O1):-0.829	O2):52.015	
O1):-0.828	O2):57.367	
O1):-0.82	O2):53.435	
O1):-0.774	O2):62.977	
O1):-0.806	O2):57.692	
O1):-0.806	O2):56.682	
O1):-0.83	O2):67.534	
O1):-0.83	O2):67.973	
O1):-0.823	O2):61.189	
O1):-0.765	O2):48.941	
O1):-0.797	O2):53.316	
O1):-0.789	O2):56.375	
O1):-0.78	O2):58.57	
O1):-0.805	O2):42.935	
O1):-0.814	O2):63.21	
O1):-0.79	O2):56.651	
O1):-0.814	O2):58.293	
O1):-0.838	O2):58.232	
O1):-0.805	O2):54.757	
O1):-0.798	O2):54.282	
O1):-0.79	O2):56.651	
O1):-0.774	O2):53.11	
O1):-0.772	O2):53.132	
O1):-0.75	O2):44.736	
O1):-0.767	O2):52.027	
O1):-0.758	O2):47.636	
O1):-0.79	O2):56.651	
O1):-0.805	O2):57.315	
O1):-0.837	O2):62.407	
Evaluations:	100
O1):-0.823	O2):58.504	
O1):-0.838	O2):58.847	
O1):-0.807	O2):52.402	
O1):-0.804	O2):53.286	
O1):-0.828	O2):52.406	
O1):-0.789	O2):43.057	
O1):-0.798	O2):55.501	
O1):-0.781	O2):47.192	
O1):-0.813	O2):57.579	
O1):-0.82	O2):52.966	
O1):-0.759	O2):42.984	
O1):-0.781	O2):54.033	
O1):-0.83	O2):62.947	
Evaluations:	100
O1):-0.78	O2):53.985	
O1):-0.814	O2):58.467	
O1):-0.812	O2):62.24	
O1):-0.813	O2):57.109	
O1):-0.838	O2):68.055	
O1):-0.805	O2):52.996	
O1):-0.822	O2):61.641	
O1):-0.797	O2):48.021	
O1):-0.781	O2):56.735	
O1):-0.82	O2):53.702	
O1):-0.791	O2):51.626	
O1):-0.838	O2):62.228	
O1):-0.846	O2):59.059	
O1):-0.828	O2):53.236	
O1):-0.836	O2):58.241	
O1):-0.795	O2):48.232	
O1):-0.797	O2):49.538	
O1):-0.759	O2):42.91	
O1):-0.797	O2):49.538	
O1):-0.806	O2):56.152	
O1):-0.831	O2):68.487	
O1):-0.822	O2):61.328	
O1):-0.806	O2):51.667	
O1):-0.797	O2):49.538	
O1):-0.798	O2):53.848	
O1):-0.822	O2):66.578	
O1):-0.83	O2):58.124	
O1):-0.775	O2):52.385	
Evaluations:	100
O1):-0.753	O2):42.699	
O1):-0.79	O2):47.568	
O1):-0.79	O2):47.568	
O1):-0.828	O2):58.368	
O1):-0.79	O2):56.821	
O1):-0.806	O2):56.228	
Evaluations:	100
O1):-0.783	O2):48.154	
O1):-0.774	O2):47.5	
O1):-0.822	O2):56.713	
O1):-0.813	O2):48.629	
O1):-0.79	O2):47.178	
O1):-0.781	O2):52.731	
O1):-0.773	O2):55.796	
Evaluations:	100
O1):-0.821	O2):53.244	
O1):-0.837	O2):58.638	
O1):-0.758	O2):53.325	
O1):-0.781	O2):52.626	
O1):-0.819	O2):57.072	
O1):-0.806	O2):56.148	
O1):-0.83	O2):60.928	
O1):-0.783	O2):51.283	
O1):-0.797	O2):52.222	
O1):-0.774	O2):47.646	
O1):-0.756	O2):37.122	
Evaluations:	100
O1):-0.831	O2):63.221	
O1):-0.822	O2):62.859	
O1):-0.83	O2):58.685	
O1):-0.807	O2):55.027	
O1):-0.822	O2):51.94	
O1):-0.789	O2):57.456	
O1):-0.79	O2):51.803	
O1):-0.839	O2):67.661	
O1):-0.813	O2):58.913	
O1):-0.798	O2):57.205	
O1):-0.831	O2):71.353	
O1):-0.798	O2):47.562	
O1):-0.83	O2):58.183	
O1):-0.79	O2):56.384	
O1):-0.838	O2):66.317	
O1):-0.831	O2):63.806	
O1):-0.798	O2):57.205	
O1):-0.829	O2):67.459	
O1):-0.805	O2):57.66	
O1):-0.823	O2):57.337	
O1):-0.77	O2):45.534	
O1):-0.814	O2):57.346	
O1):-0.775	O2):55.983	
O1):-0.767	O2):52.476	
O1):-0.823	O2):61.173	
O1):-0.823	O2):57.128	
O1):-0.782	O2):52.62	
O1):-0.774	O2):49.155	
O1):-0.822	O2):57.801	
Evaluations:	100
O1):-0.807	O2):60.776	
O1):-0.814	O2):59.716	
O1):-0.766	O2):46.445	
O1):-0.846	O2):62.987	
O1):-0.813	O2):51.534	
O1):-0.847	O2):62.973	
O1):-0.813	O2):51.534	
O1):-0.815	O2):57.147	
O1):-0.805	O2):56.614	
O1):-0.822	O2):63.855	
O1):-0.804	O2):48.941	
O1):-0.805	O2):57.072	
O1):-0.797	O2):53.767	
O1):-0.791	O2):57.164	
O1):-0.83	O2):58.094	
O1):-0.821	O2):60.058	
O1):-0.831	O2):65.582	
O1):-0.847	O2):61.773	
O1):-0.815	O2):53.66	
O1):-0.839	O2):64.201	
O1):-0.783	O2):52.671	
O1):-0.805	O2):57.769	
O1):-0.759	O2):57.503	
O1):-0.822	O2):56.713	
O1):-0.815	O2):57.208	
O1):-0.813	O2):57.424	
O1):-0.797	O2):52.743	
O1):-0.855	O2):66.689	
Evaluations:	100
O1):-0.822	O2):61.221	
O1):-0.82	O2):53.431	
Evaluations:	100
O1):-0.814	O2):65.484	
O1):-0.795	O2):53.654	
O1):-0.805	O2):48.64	
O1):-0.774	O2):47.14	
O1):-0.831	O2):53.219	
O1):-0.794	O2):50.368	
O1):-0.83	O2):68.067	
O1):-0.813	O2):50.368	
O1):-0.822	O2):61.221	
O1):-0.822	O2):58.448	
O1):-0.838	O2):62.166	
O1):-0.831	O2):65.68	
O1):-0.837	O2):57.901	
O1):-0.791	O2):48.584	
O1):-0.83	O2):61.827	
O1):-0.822	O2):57.712	
O1):-0.815	O2):61.271	
O1):-0.81	O2):47.853	
O1):-0.815	O2):57.208	
O1):-0.803	O2):52.114	
O1):-0.838	O2):63.078	
O1):-0.823	O2):79.966	
O1):-0.782	O2):53.453	
O1):-0.806	O2):47.772	
O1):-0.804	O2):52.07	
O1):-0.797	O2):51.303	
O1):-0.766	O2):48.835	
O1):-0.798	O2):54.98	
O1):-0.844	O2):66.713	
O1):-0.767	O2):52.249	
O1):-0.775	O2):47.838	
O1):-0.83	O2):62.997	
O1):-0.773	O2):52.474	
O1):-0.798	O2):63.392	
O1):-0.806	O2):57.392	
O1):-0.774	O2):47.021	
O1):-0.822	O2):57.178	
O1):-0.805	O2):48.406	
O1):-0.804	O2):53.408	
O1):-0.856	O2):73.73	
O1):-0.856	O2):73.73	
O1):-0.803	O2):52.114	
O1):-0.846	O2):67.747	
O1):-0.757	O2):42.883	
O1):-0.781	O2):48.731	
O1):-0.812	O2):51.596	
O1):-0.759	O2):47.633	
O1):-0.774	O2):48.651	
O1):-0.805	O2):53.157	
O1):-0.846	O2):55.313	
O1):-0.838	O2):63.07	
O1):-0.855	O2):68.109	
O1):-0.837	O2):59.17	
O1):-0.814	O2):57.215	
O1):-0.812	O2):66.326	
O1):-0.79	O2):56.223	
O1):-0.72	O2):41.976	
O1):-0.812	O2):58.433	
O1):-0.83	O2):58.183	
O1):-0.761	O2):50.608	
O1):-0.814	O2):68.748	
O1):-0.796	O2):46.179	
O1):-0.821	O2):58.227	
O1):-0.798	O2):52.623	
O1):-0.792	O2):50.773	
O1):-0.807	O2):56.513	
O1):-0.793	O2):45.496	
O1):-0.79	O2):51.794	
O1):-0.782	O2):49.024	
O1):-0.788	O2):43.723	
O1):-0.805	O2):51.312	
O1):-0.797	O2):62.082	
O1):-0.845	O2):57.711	
O1):-0.838	O2):59.045	
O1):-0.758	O2):48.663	
O1):-0.737	O2):42.017	
O1):-0.846	O2):54.528	
O1):-0.804	O2):54.667	
O1):-0.814	O2):56.567	
O1):-0.823	O2):57.318	
O1):-0.798	O2):51.166	
O1):-0.79	O2):48.464	
O1):-0.83	O2):62.757	
O1):-0.781	O2):48.28	
O1):-0.813	O2):48.096	
O1):-0.805	O2):57.991	
O1):-0.831	O2):54.166	
O1):-0.837	O2):64.348	
O1):-0.788	O2):43.723	
O1):-0.78	O2):55.609	
O1):-0.805	O2):48.508	
O1):-0.855	O2):77.931	
O1):-0.806	O2):47.665	
O1):-0.821	O2):54.534	
O1):-0.812	O2):61.827	
O1):-0.793	O2):47.704	
O1):-0.807	O2):55.618	
O1):-0.797	O2):56.977	
O1):-0.779	O2):48.812	
O1):-0.821	O2):57.408	
O1):-0.839	O2):72.165	
O1):-0.805	O2):46.299	
O1):-0.814	O2):52.508	
O1):-0.804	O2):57.446	
O1):-0.821	O2):58.571	
O1):-0.782	O2):47.712	
O1):-0.813	O2):55.853	
O1):-0.805	O2):51.763	
O1):-0.775	O2):46.791	
O1):-0.8	O2):46.851	
O1):-0.814	O2):54.408	
O1):-0.82	O2):52.471	
O1):-0.753	O2):47.709	
O1):-0.799	O2):58.322	
O1):-0.783	O2):60.812	
O1):-0.759	O2):52.18	
O1):-0.775	O2):52.424	
O1):-0.805	O2):61.759	
O1):-0.789	O2):53.88	
O1):-0.781	O2):56.735	
O1):-0.814	O2):57.858	
O1):-0.853	O2):59.004	
O1):-0.805	O2):42.935	
O1):-0.832	O2):63.642	
O1):-0.783	O2):44.396	
O1):-0.83	O2):65.893	
O1):-0.806	O2):56.572	
O1):-0.781	O2):53.243	
O1):-0.813	O2):52.18	
O1):-0.747	O2):42.014	
O1):-0.791	O2):51.017	
O1):-0.83	O2):71.755	
O1):-0.822	O2):57.574	
O1):-0.813	O2):56.614	
O1):-0.799	O2):61.043	
O1):-0.838	O2):58.914	
O1):-0.829	O2):69.55	
O1):-0.846	O2):55.442	
O1):-0.794	O2):56.893	
O1):-0.821	O2):53.325	
O1):-0.782	O2):57.615	
O1):-0.839	O2):66.789	
O1):-0.846	O2):58.538	
O1):-0.781	O2):50.589	
O1):-0.837	O2):69.415	
O1):-0.823	O2):48.758	
O1):-0.829	O2):57.917	
O1):-0.831	O2):62.715	
O1):-0.79	O2):53.017	
O1):-0.781	O2):52.975	
O1):-0.815	O2):66.678	
O1):-0.806	O2):51.515	
O1):-0.777	O2):41.103	
O1):-0.838	O2):62.011	
O1):-0.83	O2):62.253	
O1):-0.797	O2):51.852	
O1):-0.82	O2):51.364	
O1):-0.766	O2):53.207	
O1):-0.788	O2):47.917	
O1):-0.836	O2):59.0	
O1):-0.736	O2):42.254	
O1):-0.813	O2):61.549	
O1):-0.837	O2):58.595	
O1):-0.832	O2):68.315	
O1):-0.767	O2):53.357	
O1):-0.829	O2):56.515	
O1):-0.82	O2):62.636	
O1):-0.807	O2):51.449	
O1):-0.776	O2):46.34	
O1):-0.82	O2):51.802	
O1):-0.799	O2):51.203	
O1):-0.782	O2):52.675	
O1):-0.806	O2):52.537	
O1):-0.813	O2):48.096	
O1):-0.797	O2):49.509	
O1):-0.748	O2):45.804	
O1):-0.821	O2):53.325	
O1):-0.822	O2):65.963	
O1):-0.805	O2):52.999	
O1):-0.83	O2):61.949	
O1):-0.806	O2):46.894	
O1):-0.806	O2):53.01	
O1):-0.821	O2):51.855	
O1):-0.838	O2):67.123	
O1):-0.792	O2):50.857	
O1):-0.83	O2):53.067	
O1):-0.76	O2):46.281	
O1):-0.807	O2):58.33	
O1):-0.797	O2):52.221	
O1):-0.802	O2):50.396	
O1):-0.791	O2):53.01	
O1):-0.803	O2):54.1	
O1):-0.781	O2):52.213	
O1):-0.783	O2):44.319	
O1):-0.814	O2):51.608	
O1):-0.797	O2):57.808	
O1):-0.83	O2):59.082	
O1):-0.829	O2):62.001	
O1):-0.801	O2):48.311	
O1):-0.731	O2):51.511	
O1):-0.821	O2):56.514	
O1):-0.799	O2):51.835	
O1):-0.789	O2):62.223	
O1):-0.847	O2):61.707	
O1):-0.855	O2):63.251	
O1):-0.814	O2):63.254	
O1):-0.781	O2):47.192	
O1):-0.784	O2):46.376	
O1):-0.806	O2):47.798	
O1):-0.846	O2):68.408	
O1):-0.83	O2):54.998	
O1):-0.774	O2):48.525	
O1):-0.791	O2):53.943	
O1):-0.848	O2):66.209	
O1):-0.84	O2):72.546	
O1):-0.847	O2):67.712	
O1):-0.765	O2):48.983	
O1):-0.766	O2):53.295	
O1):-0.779	O2):46.678	
O1):-0.797	O2):49.058	
O1):-0.805	O2):58.093	
O1):-0.815	O2):53.661	
O1):-0.838	O2):63.69	
O1):-0.772	O2):46.292	
O1):-0.767	O2):48.288	
O1):-0.798	O2):51.028	
O1):-0.76	O2):43.066	
O1):-0.821	O2):66.392	
O1):-0.813	O2):55.46	
O1):-0.759	O2):47.084	
O1):-0.864	O2):64.018	
O1):-0.813	O2):51.543	
O1):-0.767	O2):51.925	
O1):-0.783	O2):51.601	
O1):-0.829	O2):63.406	
O1):-0.787	O2):43.747	
O1):-0.822	O2):66.893	
O1):-0.814	O2):51.47	
O1):-0.831	O2):62.304	
O1):-0.837	O2):62.308	
O1):-0.791	O2):52.487	
O1):-0.78	O2):48.4	
O1):-0.797	O2):57.437	
O1):-0.798	O2):53.467	
O1):-0.806	O2):57.716	
O1):-0.806	O2):56.84	
O1):-0.837	O2):45.718	
O1):-0.781	O2):52.626	
O1):-0.775	O2):52.943	
O1):-0.797	O2):61.299	
O1):-0.806	O2):57.483	
O1):-0.829	O2):58.139	
O1):-0.831	O2):67.601	
O1):-0.782	O2):51.781	
O1):-0.784	O2):51.46	
O1):-0.811	O2):63.062	
O1):-0.732	O2):36.724	
O1):-0.767	O2):48.288	
O1):-0.823	O2):61.625	
O1):-0.821	O2):56.785	
O1):-0.855	O2):74.504	
O1):-0.798	O2):50.898	
O1):-0.872	O2):72.824	
O1):-0.783	O2):42.305	
O1):-0.775	O2):48.021	
O1):-0.781	O2):57.722	
O1):-0.84	O2):62.223	
O1):-0.822	O2):57.872	
O1):-0.8	O2):56.796	
O1):-0.779	O2):41.489	
O1):-0.839	O2):67.104	
O1):-0.829	O2):58.642	
O1):-0.782	O2):43.888	
O1):-0.774	O2):54.059	
O1):-0.847	O2):73.781	
O1):-0.779	O2):51.895	
O1):-0.804	O2):58.884	
O1):-0.805	O2):53.514	
O1):-0.822	O2):57.197	
O1):-0.837	O2):59.659	
O1):-0.838	O2):63.137	
O1):-0.788	O2):47.917	
O1):-0.768	O2):41.894	
O1):-0.831	O2):66.264	
O1):-0.812	O2):57.066	
O1):-0.814	O2):58.105	
O1):-0.783	O2):60.812	
O1):-0.774	O2):51.167	
O1):-0.813	O2):57.065	
O1):-0.829	O2):61.711	
O1):-0.821	O2):63.776	
O1):-0.801	O2):50.587	
O1):-0.791	O2):45.868	
O1):-0.822	O2):52.916	
O1):-0.813	O2):51.432	
O1):-0.797	O2):58.033	
O1):-0.83	O2):53.368	
O1):-0.813	O2):50.954	
O1):-0.814	O2):57.224	
O1):-0.722	O2):42.552	
O1):-0.806	O2):52.432	
O1):-0.816	O2):69.928	
O1):-0.822	O2):56.204	
O1):-0.79	O2):52.54	
O1):-0.784	O2):43.579	
O1):-0.83	O2):63.236	
O1):-0.798	O2):66.335	
O1):-0.838	O2):60.048	
O1):-0.822	O2):53.346	
O1):-0.814	O2):56.688	
O1):-0.82	O2):53.428	
O1):-0.829	O2):57.396	
O1):-0.798	O2):56.349	
O1):-0.822	O2):57.335	
O1):-0.789	O2):58.085	
O1):-0.831	O2):63.015	
O1):-0.821	O2):51.638	
O1):-0.839	O2):62.448	
O1):-0.79	O2):48.109	
O1):-0.846	O2):68.076	
O1):-0.822	O2):66.578	
O1):-0.83	O2):53.381	
O1):-0.821	O2):56.883	
O1):-0.774	O2):52.151	
O1):-0.81	O2):47.859	
O1):-0.807	O2):53.01	
O1):-0.806	O2):49.21	
O1):-0.821	O2):47.719	
O1):-0.837	O2):61.385	
O1):-0.828	O2):61.091	
O1):-0.811	O2):53.265	
O1):-0.829	O2):58.64	
O1):-0.798	O2):63.393	
O1):-0.759	O2):55.888	
O1):-0.79	O2):61.465	
O1):-0.837	O2):63.338	
O1):-0.838	O2):58.801	
O1):-0.819	O2):54.487	
O1):-0.822	O2):58.654	
O1):-0.837	O2):57.346	
O1):-0.805	O2):55.791	
O1):-0.814	O2):52.434	
O1):-0.797	O2):68.457	
O1):-0.856	O2):64.812	
O1):-0.805	O2):52.033	
O1):-0.814	O2):66.208	
O1):-0.837	O2):63.725	
O1):-0.79	O2):53.169	
O1):-0.773	O2):43.499	
O1):-0.863	O2):68.565	
O1):-0.838	O2):63.77	
O1):-0.846	O2):63.424	
O1):-0.829	O2):58.918	
O1):-0.822	O2):57.315	
O1):-0.83	O2):60.928	
O1):-0.812	O2):52.916	
O1):-0.813	O2):56.869	
O1):-0.837	O2):58.711	
O1):-0.806	O2):52.752	
O1):-0.775	O2):61.62	
O1):-0.797	O2):52.001	
O1):-0.755	O2):45.899	
O1):-0.797	O2):52.293	
O1):-0.829	O2):63.146	
O1):-0.788	O2):48.682	
O1):-0.847	O2):59.765	
O1):-0.803	O2):43.077	
O1):-0.829	O2):52.015	
O1):-0.847	O2):69.013	
O1):-0.729	O2):42.87	
O1):-0.831	O2):68.87	
O1):-0.774	O2):54.756	
O1):-0.82	O2):54.932	
O1):-0.829	O2):68.256	
O1):-0.822	O2):56.713	
O1):-0.805	O2):48.164	
O1):-0.829	O2):56.871	
O1):-0.812	O2):53.837	
O1):-0.774	O2):57.868	
O1):-0.766	O2):47.133	
O1):-0.821	O2):53.771	
O1):-0.838	O2):62.837	
O1):-0.829	O2):63.298	
O1):-0.82	O2):53.365	
O1):-0.783	O2):48.234	
O1):-0.796	O2):58.47	
O1):-0.773	O2):48.499	
O1):-0.79	O2):57.613	
O1):-0.851	O2):58.486	
O1):-0.799	O2):51.117	
O1):-0.835	O2):59.41	
O1):-0.822	O2):66.805	
O1):-0.775	O2):46.508	
O1):-0.823	O2):65.799	
O1):-0.813	O2):56.616	
O1):-0.805	O2):59.633	
O1):-0.789	O2):47.03	
O1):-0.783	O2):50.4	
O1):-0.813	O2):47.965	
O1):-0.774	O2):47.257	
O1):-0.813	O2):53.119	
O1):-0.797	O2):60.22	
O1):-0.822	O2):60.45	
O1):-0.83	O2):58.18	
O1):-0.79	O2):46.658	
O1):-0.806	O2):51.665	
O1):-0.789	O2):53.167	
O1):-0.805	O2):52.637	
O1):-0.79	O2):46.898	
O1):-0.774	O2):54.6	
O1):-0.811	O2):57.239	
O1):-0.806	O2):52.848	
O1):-0.798	O2):54.723	
O1):-0.813	O2):53.416	
O1):-0.836	O2):58.032	
O1):-0.744	O2):47.201	
O1):-0.829	O2):58.14	
O1):-0.774	O2):51.46	
O1):-0.813	O2):55.677	
O1):-0.813	O2):53.031	
O1):-0.829	O2):57.772	
O1):-0.82	O2):63.357	
O1):-0.781	O2):50.906	
O1):-0.811	O2):50.677	
O1):-0.805	O2):47.222	
O1):-0.797	O2):57.878	
O1):-0.806	O2):51.883	
O1):-0.837	O2):55.054	
O1):-0.822	O2):53.863	
O1):-0.838	O2):68.05	
O1):-0.826	O2):48.88	
O1):-0.864	O2):79.064	
O1):-0.758	O2):52.738	
O1):-0.846	O2):68.597	
O1):-0.805	O2):51.832	
O1):-0.821	O2):56.785	
O1):-0.79	O2):61.9	
O1):-0.806	O2):48.544	
O1):-0.812	O2):57.357	
O1):-0.864	O2):69.11	
O1):-0.812	O2):54.41	
O1):-0.774	O2):58.055	
O1):-0.798	O2):50.895	
O1):-0.821	O2):75.852	
O1):-0.822	O2):60.726	
O1):-0.828	O2):51.853	
O1):-0.773	O2):52.559	
O1):-0.784	O2):42.456	
O1):-0.789	O2):52.903	
O1):-0.768	O2):47.489	
O1):-0.838	O2):53.3	
O1):-0.813	O2):56.548	
O1):-0.755	O2):41.329	
O1):-0.797	O2):63.243	
O1):-0.829	O2):57.735	
O1):-0.805	O2):56.544	
O1):-0.838	O2):62.417	
O1):-0.806	O2):50.683	
O1):-0.769	O2):47.138	
O1):-0.797	O2):65.242	
O1):-0.812	O2):55.385	
O1):-0.811	O2):62.337	
O1):-0.76	O2):52.509	
O1):-0.837	O2):58.638	
O1):-0.837	O2):58.638	
O1):-0.837	O2):63.34	
O1):-0.813	O2):48.214	
O1):-0.805	O2):59.42	
O1):-0.797	O2):52.559	
O1):-0.774	O2):42.829	
O1):-0.799	O2):51.539	
O1):-0.83	O2):60.928	
O1):-0.766	O2):51.83	
O1):-0.83	O2):53.598	
O1):-0.819	O2):52.927	
O1):-0.766	O2):56.534	
O1):-0.829	O2):57.195	
O1):-0.814	O2):56.456	
O1):-0.82	O2):54.395	
O1):-0.83	O2):58.18	
O1):-0.805	O2):62.939	
O1):-0.783	O2):55.581	
O1):-0.761	O2):46.362	
O1):-0.797	O2):48.37	
O1):-0.781	O2):56.332	
O1):-0.821	O2):52.663	
O1):-0.837	O2):54.917	
O1):-0.774	O2):51.479	
O1):-0.805	O2):56.953	
O1):-0.854	O2):58.074	
O1):-0.79	O2):53.367	
O1):-0.821	O2):55.73	
O1):-0.822	O2):57.182	
O1):-0.805	O2):59.226	
O1):-0.83	O2):66.819	
O1):-0.821	O2):62.391	
O1):-0.795	O2):46.833	
O1):-0.822	O2):51.316	
O1):-0.838	O2):62.927	
O1):-0.838	O2):59.038	
O1):-0.787	O2):52.458	
O1):-0.752	O2):47.74	
O1):-0.813	O2):53.243	
O1):-0.822	O2):57.567	
O1):-0.839	O2):61.995	
O1):-0.773	O2):48.7	
O1):-0.796	O2):49.165	
O1):-0.838	O2):58.801	
O1):-0.824	O2):51.978	
O1):-0.813	O2):50.368	
O1):-0.82	O2):54.537	
O1):-0.806	O2):58.745	
O1):-0.821	O2):56.966	
O1):-0.81	O2):54.043	
O1):-0.822	O2):51.316	
O1):-0.788	O2):49.925	
O1):-0.783	O2):62.006	
O1):-0.813	O2):56.832	
O1):-0.814	O2):51.439	
O1):-0.796	O2):49.463	
O1):-0.781	O2):57.046	
O1):-0.822	O2):53.047	
O1):-0.765	O2):43.914	
O1):-0.814	O2):51.444	
O1):-0.774	O2):53.104	
O1):-0.822	O2):58.683	
O1):-0.822	O2):62.198	
O1):-0.796	O2):50.629	
O1):-0.847	O2):77.455	
O1):-0.822	O2):62.522	
O1):-0.767	O2):52.122	
O1):-0.751	O2):41.987	
O1):-0.829	O2):58.168	
O1):-0.8	O2):49.187	
O1):-0.781	O2):46.383	
O1):-0.815	O2):56.717	
O1):-0.806	O2):47.798	
O1):-0.802	O2):46.958	
O1):-0.83	O2):58.18	
O1):-0.742	O2):48.431	
O1):-0.796	O2):59.621	
O1):-0.853	O2):53.061	
O1):-0.838	O2):62.297	
O1):-0.782	O2):51.32	
O1):-0.767	O2):51.898	
O1):-0.798	O2):57.51	
O1):-0.799	O2):55.683	
O1):-0.782	O2):48.225	
O1):-0.81	O2):47.853	
O1):-0.83	O2):68.067	
O1):-0.822	O2):58.236	
O1):-0.847	O2):64.773	
O1):-0.838	O2):58.828	
O1):-0.822	O2):64.01	
O1):-0.728	O2):46.736	
O1):-0.788	O2):43.723	
O1):-0.791	O2):48.002	
O1):-0.838	O2):59.953	
O1):-0.797	O2):52.545	
O1):-0.837	O2):54.917	
O1):-0.816	O2):60.317	
O1):-0.806	O2):56.859	
O1):-0.798	O2):52.897	
O1):-0.764	O2):47.444	
O1):-0.813	O2):60.214	
O1):-0.838	O2):62.498	
O1):-0.781	O2):47.005	
O1):-0.814	O2):61.47	
O1):-0.821	O2):67.577	
O1):-0.778	O2):51.905	
O1):-0.838	O2):61.533	
O1):-0.813	O2):66.345	
O1):-0.837	O2):58.18	
O1):-0.803	O2):56.991	
O1):-0.797	O2):52.222	
O1):-0.831	O2):59.116	
O1):-0.839	O2):67.333	
O1):-0.846	O2):62.705	
O1):-0.789	O2):54.204	
O1):-0.805	O2):51.535	
O1):-0.822	O2):57.355	
O1):-0.812	O2):48.705	
O1):-0.83	O2):61.616	
O1):-0.783	O2):60.812	
O1):-0.775	O2):51.836	
O1):-0.824	O2):61.87	
O1):-0.798	O2):51.962	
O1):-0.798	O2):56.347	
O1):-0.838	O2):67.687	
O1):-0.79	O2):56.13	
O1):-0.837	O2):56.347	
O1):-0.829	O2):59.015	
O1):-0.822	O2):63.021	
O1):-0.821	O2):55.988	
O1):-0.823	O2):62.953	
O1):-0.766	O2):48.112	
O1):-0.821	O2):52.875	
O1):-0.83	O2):58.183	
O1):-0.782	O2):58.291	
O1):-0.837	O2):57.617	
O1):-0.821	O2):62.925	
O1):-0.809	O2):50.329	
O1):-0.855	O2):63.958	
O1):-0.782	O2):59.197	
O1):-0.821	O2):62.901	
O1):-0.731	O2):54.538	
O1):-0.814	O2):57.58	
O1):-0.814	O2):61.558	
O1):-0.751	O2):42.622	
O1):-0.79	O2):58.111	
O1):-0.798	O2):51.292	
O1):-0.775	O2):52.478	
O1):-0.814	O2):58.828	
O1):-0.821	O2):57.292	
O1):-0.806	O2):57.046	
O1):-0.822	O2):58.582	
O1):-0.805	O2):61.851	
O1):-0.801	O2):50.589	
O1):-0.829	O2):67.218	
O1):-0.837	O2):58.101	
O1):-0.837	O2):61.415	
O1):-0.773	O2):43.359	
O1):-0.821	O2):52.904	
O1):-0.809	O2):50.329	
O1):-0.822	O2):62.716	
O1):-0.806	O2):51.538	
O1):-0.855	O2):73.662	
O1):-0.798	O2):57.368	
Evaluations:	200
O1):-0.766	O2):52.217	
O1):-0.784	O2):48.606	
O1):-0.775	O2):46.603	
O1):-0.8	O2):52.751	
O1):-0.791	O2):61.252	
O1):-0.8	O2):51.684	
O1):-0.773	O2):52.476	
O1):-0.821	O2):57.088	
O1):-0.831	O2):67.58	
O1):-0.838	O2):63.015	
O1):-0.822	O2):57.611	
O1):-0.79	O2):47.792	
O1):-0.828	O2):58.167	
O1):-0.821	O2):49.191	
O1):-0.753	O2):42.093	
O1):-0.82	O2):49.248	
O1):-0.845	O2):67.294	
O1):-0.775	O2):51.801	
O1):-0.79	O2):51.026	
O1):-0.805	O2):42.935	
O1):-0.805	O2):51.483	
O1):-0.79	O2):57.539	
O1):-0.831	O2):63.049	
O1):-0.774	O2):58.097	
O1):-0.79	O2):52.888	
O1):-0.789	O2):60.773	
O1):-0.761	O2):62.424	
O1):-0.787	O2):45.091	
O1):-0.754	O2):41.418	
O1):-0.822	O2):64.39	
O1):-0.831	O2):57.991	
O1):-0.812	O2):43.699	
O1):-0.779	O2):47.032	
O1):-0.79	O2):46.539	
O1):-0.774	O2):48.606	
O1):-0.821	O2):62.39	
O1):-0.806	O2):48.733	
O1):-0.806	O2):56.755	
O1):-0.805	O2):62.939	
O1):-0.8	O2):58.26	
O1):-0.781	O2):52.975	
O1):-0.774	O2):47.023	
O1):-0.863	O2):63.533	
O1):-0.813	O2):57.075	
O1):-0.8	O2):50.907	
O1):-0.773	O2):52.725	
O1):-0.765	O2):48.194	
O1):-0.838	O2):68.055	
O1):-0.803	O2):57.373	
O1):-0.855	O2):68.388	
O1):-0.821	O2):57.361	
O1):-0.829	O2):59.015	
O1):-0.839	O2):63.042	
O1):-0.821	O2):61.943	
O1):-0.774	O2):51.852	
O1):-0.775	O2):47.313	
O1):-0.83	O2):59.692	
O1):-0.806	O2):51.814	
O1):-0.814	O2):58.447	
O1):-0.837	O2):53.999	
O1):-0.767	O2):62.051	
O1):-0.821	O2):57.55	
O1):-0.846	O2):64.124	
O1):-0.806	O2):52.822	
O1):-0.798	O2):56.349	
O1):-0.837	O2):57.162	
O1):-0.847	O2):54.688	
O1):-0.839	O2):63.194	
O1):-0.815	O2):56.992	
O1):-0.829	O2):57.572	
O1):-0.788	O2):48.319	
O1):-0.774	O2):51.342	
O1):-0.782	O2):44.226	
O1):-0.781	O2):55.004	
O1):-0.803	O2):52.114	
O1):-0.821	O2):52.649	
O1):-0.821	O2):53.116	
O1):-0.805	O2):53.968	
O1):-0.797	O2):58.033	
O1):-0.826	O2):47.391	
O1):-0.806	O2):51.334	
O1):-0.798	O2):50.937	
O1):-0.773	O2):52.45	
O1):-0.808	O2):51.618	
O1):-0.806	O2):56.354	
O1):-0.83	O2):58.876	
O1):-0.789	O2):51.878	
O1):-0.782	O2):57.008	
O1):-0.814	O2):47.949	
O1):-0.76	O2):43.061	
O1):-0.846	O2):71.566	
O1):-0.838	O2):62.432	
O1):-0.806	O2):62.0	
O1):-0.806	O2):52.83	
O1):-0.827	O2):49.076	
O1):-0.79	O2):53.287	
O1):-0.81	O2):57.89	
O1):-0.854	O2):58.291	
O1):-0.814	O2):56.955	
O1):-0.829	O2):66.582	
O1):-0.781	O2):42.322	
O1):-0.831	O2):52.72	
O1):-0.806	O2):56.228	
O1):-0.758	O2):42.244	
O1):-0.779	O2):47.612	
O1):-0.761	O2):43.267	
O1):-0.836	O2):53.743	
O1):-0.804	O2):53.301	
O1):-0.806	O2):52.724	
O1):-0.789	O2):48.597	
O1):-0.8	O2):51.407	
O1):-0.822	O2):57.156	
O1):-0.78	O2):52.253	
O1):-0.79	O2):52.308	
O1):-0.828	O2):59.554	
O1):-0.815	O2):63.651	
O1):-0.775	O2):55.653	
O1):-0.744	O2):55.652	
O1):-0.822	O2):66.726	
O1):-0.839	O2):62.894	
O1):-0.803	O2):57.321	
O1):-0.83	O2):62.54	
O1):-0.813	O2):53.213	
O1):-0.822	O2):58.01	
O1):-0.805	O2):49.066	
O1):-0.82	O2):56.559	
O1):-0.775	O2):46.79	
O1):-0.805	O2):52.969	
O1):-0.838	O2):62.466	
O1):-0.821	O2):55.268	
O1):-0.821	O2):48.346	
O1):-0.788	O2):57.643	
O1):-0.776	O2):51.902	
O1):-0.774	O2):48.35	
O1):-0.773	O2):51.418	
O1):-0.822	O2):56.977	
O1):-0.838	O2):67.716	
O1):-0.797	O2):52.902	
O1):-0.806	O2):56.12	
O1):-0.856	O2):67.739	
O1):-0.821	O2):54.006	
O1):-0.83	O2):58.951	
O1):-0.823	O2):48.54	
O1):-0.751	O2):46.774	
O1):-0.847	O2):60.612	
O1):-0.813	O2):53.598	
O1):-0.831	O2):62.385	
O1):-0.79	O2):53.991	
O1):-0.791	O2):60.914	
O1):-0.827	O2):49.072	
O1):-0.821	O2):51.87	
O1):-0.83	O2):57.91	
O1):-0.804	O2):52.17	
O1):-0.813	O2):51.405	
O1):-0.783	O2):62.275	
O1):-0.796	O2):58.873	
O1):-0.814	O2):60.474	
O1):-0.796	O2):51.966	
O1):-0.814	O2):51.625	
O1):-0.845	O2):58.32	
O1):-0.78	O2):55.766	
O1):-0.83	O2):54.998	
O1):-0.798	O2):50.893	
O1):-0.783	O2):55.393	
O1):-0.814	O2):56.381	
O1):-0.829	O2):58.006	
O1):-0.775	O2):50.589	
O1):-0.829	O2):57.339	
O1):-0.829	O2):62.067	
O1):-0.814	O2):57.585	
O1):-0.854	O2):59.419	
O1):-0.807	O2):55.028	
O1):-0.8	O2):60.024	
O1):-0.819	O2):61.4	
O1):-0.814	O2):59.714	
O1):-0.766	O2):56.163	
O1):-0.83	O2):58.18	
O1):-0.769	O2):47.496	
O1):-0.846	O2):68.454	
O1):-0.836	O2):73.06	
O1):-0.79	O2):47.175	
O1):-0.823	O2):57.907	
Evaluations:	200
O1):-0.806	O2):51.82	
O1):-0.753	O2):42.094	
O1):-0.781	O2):58.305	
O1):-0.789	O2):52.48	
O1):-0.836	O2):58.241	
O1):-0.789	O2):52.612	
O1):-0.846	O2):59.146	
O1):-0.789	O2):52.792	
O1):-0.821	O2):52.991	
O1):-0.737	O2):46.74	
O1):-0.822	O2):66.578	
O1):-0.744	O2):52.009	
O1):-0.822	O2):66.578	
O1):-0.779	O2):40.749	
O1):-0.821	O2):53.808	
O1):-0.815	O2):56.524	
O1):-0.821	O2):48.949	
O1):-0.853	O2):67.841	
O1):-0.782	O2):52.226	
O1):-0.822	O2):63.02	
O1):-0.753	O2):47.705	
O1):-0.838	O2):68.135	
O1):-0.758	O2):42.241	
O1):-0.791	O2):60.258	
O1):-0.828	O2):56.799	
O1):-0.789	O2):47.024	
O1):-0.836	O2):53.114	
O1):-0.805	O2):47.504	
O1):-0.83	O2):53.616	
O1):-0.797	O2):54.634	
O1):-0.783	O2):44.37	
O1):-0.822	O2):56.888	
O1):-0.844	O2):57.647	
O1):-0.789	O2):46.993	
O1):-0.812	O2):47.051	
O1):-0.83	O2):63.606	
O1):-0.812	O2):58.762	
O1):-0.806	O2):51.709	
O1):-0.753	O2):47.204	
O1):-0.753	O2):42.699	
O1):-0.836	O2):58.226	
O1):-0.836	O2):58.225	
O1):-0.822	O2):52.057	
O1):-0.773	O2):47.022	
O1):-0.783	O2):52.028	
O1):-0.812	O2):60.235	
O1):-0.79	O2):56.502	
O1):-0.821	O2):58.105	
O1):-0.836	O2):58.227	
O1):-0.821	O2):61.963	
O1):-0.811	O2):62.242	
O1):-0.815	O2):66.394	
O1):-0.791	O2):57.08	
O1):-0.791	O2):51.465	
O1):-0.846	O2):64.274	
O1):-0.799	O2):61.734	
O1):-0.815	O2):61.448	
O1):-0.774	O2):52.18	
O1):-0.823	O2):67.634	
O1):-0.837	O2):61.511	
O1):-0.79	O2):53.402	
O1):-0.804	O2):53.778	
O1):-0.802	O2):47.642	
O1):-0.797	O2):56.409	
O1):-0.797	O2):68.457	
O1):-0.815	O2):56.876	
O1):-0.752	O2):48.007	
O1):-0.838	O2):62.722	
O1):-0.822	O2):61.35	
O1):-0.798	O2):60.724	
O1):-0.82	O2):53.239	
O1):-0.83	O2):52.912	
O1):-0.855	O2):63.257	
O1):-0.836	O2):61.964	
O1):-0.781	O2):53.468	
O1):-0.781	O2):51.543	
O1):-0.797	O2):46.214	
O1):-0.846	O2):67.612	
O1):-0.752	O2):46.238	
O1):-0.805	O2):54.599	
O1):-0.772	O2):52.405	
O1):-0.838	O2):61.373	
O1):-0.805	O2):56.947	
O1):-0.815	O2):52.691	
O1):-0.805	O2):53.275	
O1):-0.8	O2):57.09	
O1):-0.864	O2):76.86	
O1):-0.838	O2):67.593	
O1):-0.796	O2):44.626	
O1):-0.8	O2):46.871	
O1):-0.783	O2):58.044	
O1):-0.805	O2):57.425	
O1):-0.798	O2):62.927	
O1):-0.814	O2):57.634	
O1):-0.775	O2):46.691	
O1):-0.838	O2):58.847	
O1):-0.766	O2):57.145	
O1):-0.812	O2):55.924	
O1):-0.813	O2):57.033	
Evaluations:	200
O1):-0.823	O2):61.626	
Evaluations:	200
O1):-0.745	O2):45.953	
O1):-0.782	O2):48.234	
O1):-0.838	O2):53.3	
O1):-0.783	O2):52.493	
O1):-0.803	O2):43.077	
O1):-0.817	O2):55.881	
O1):-0.781	O2):48.297	
O1):-0.789	O2):48.459	
O1):-0.805	O2):58.616	
O1):-0.821	O2):52.663	
O1):-0.847	O2):67.888	
O1):-0.814	O2):57.294	
O1):-0.814	O2):52.267	
O1):-0.789	O2):53.51	
O1):-0.797	O2):67.097	
O1):-0.812	O2):57.494	
O1):-0.856	O2):73.964	
O1):-0.814	O2):58.295	
O1):-0.835	O2):53.021	
O1):-0.868	O2):68.345	
O1):-0.82	O2):53.435	
O1):-0.839	O2):67.664	
O1):-0.788	O2):49.976	
O1):-0.838	O2):63.54	
O1):-0.802	O2):48.588	
O1):-0.8	O2):46.849	
O1):-0.82	O2):48.437	
O1):-0.806	O2):48.733	
O1):-0.752	O2):46.252	
O1):-0.782	O2):48.605	
O1):-0.821	O2):62.998	
Evaluations:	200
O1):-0.759	O2):46.365	
O1):-0.816	O2):57.536	
O1):-0.828	O2):56.45	
O1):-0.837	O2):63.247	
O1):-0.862	O2):58.205	
O1):-0.759	O2):46.365	
O1):-0.838	O2):57.291	
O1):-0.796	O2):63.124	
O1):-0.79	O2):52.924	
O1):-0.783	O2):46.76	
O1):-0.823	O2):56.953	
O1):-0.822	O2):57.315	
O1):-0.795	O2):46.364	
O1):-0.815	O2):55.708	
Evaluations:	200
O1):-0.757	O2):47.35	
Evaluations:	200
O1):-0.789	O2):58.024	
O1):-0.783	O2):44.37	
O1):-0.828	O2):56.449	
O1):-0.789	O2):53.276	
O1):-0.846	O2):67.879	
O1):-0.782	O2):47.072	
O1):-0.767	O2):47.013	
O1):-0.83	O2):56.933	
O1):-0.837	O2):58.638	
O1):-0.813	O2):57.132	
O1):-0.814	O2):57.257	
O1):-0.828	O2):52.797	
O1):-0.823	O2):52.361	
O1):-0.837	O2):56.347	
O1):-0.789	O2):47.084	
O1):-0.837	O2):59.66	
O1):-0.814	O2):51.129	
O1):-0.836	O2):59.048	
O1):-0.83	O2):57.98	
O1):-0.752	O2):51.141	
O1):-0.795	O2):52.676	
O1):-0.823	O2):62.821	
O1):-0.838	O2):62.619	
O1):-0.769	O2):52.661	
O1):-0.837	O2):59.659	
O1):-0.815	O2):61.271	
Evaluations:	200
O1):-0.823	O2):54.132	
O1):-0.829	O2):58.235	
O1):-0.829	O2):52.388	
O1):-0.812	O2):55.793	
O1):-0.864	O2):64.428	
O1):-0.807	O2):56.156	
O1):-0.837	O2):57.162	
O1):-0.813	O2):48.096	
O1):-0.804	O2):52.07	
O1):-0.822	O2):57.182	
O1):-0.812	O2):55.736	
O1):-0.728	O2):42.315	
O1):-0.789	O2):46.993	
O1):-0.812	O2):55.793	
O1):-0.854	O2):57.838	
O1):-0.814	O2):47.544	
O1):-0.805	O2):48.588	
O1):-0.767	O2):57.001	
O1):-0.822	O2):52.876	
O1):-0.846	O2):54.53	
O1):-0.839	O2):62.839	
O1):-0.805	O2):48.59	
O1):-0.796	O2):46.179	
O1):-0.805	O2):54.0	
O1):-0.831	O2):57.018	
O1):-0.761	O2):47.314	
O1):-0.83	O2):54.998	
O1):-0.822	O2):57.064	
O1):-0.805	O2):48.588	
O1):-0.782	O2):47.712	
O1):-0.797	O2):43.754	
O1):-0.814	O2):47.475	
O1):-0.798	O2):52.303	
O1):-0.822	O2):59.273	
O1):-0.797	O2):56.409	
O1):-0.839	O2):61.667	
O1):-0.805	O2):48.59	
O1):-0.846	O2):58.77	
O1):-0.839	O2):66.789	
O1):-0.798	O2):47.562	
O1):-0.837	O2):58.353	
O1):-0.751	O2):41.893	
O1):-0.821	O2):51.845	
O1):-0.837	O2):53.999	
O1):-0.789	O2):48.135	
O1):-0.83	O2):54.948	
O1):-0.816	O2):52.674	
O1):-0.846	O2):62.697	
O1):-0.805	O2):48.46	
O1):-0.765	O2):42.155	
O1):-0.83	O2):56.663	
O1):-0.837	O2):63.34	
O1):-0.765	O2):42.155	
O1):-0.797	O2):47.718	
O1):-0.751	O2):41.893	
O1):-0.789	O2):56.465	
O1):-0.838	O2):62.62	
O1):-0.829	O2):57.195	
Evaluations:	200
O1):-0.807	O2):57.269	
O1):-0.806	O2):51.536	
O1):-0.806	O2):56.11	
O1):-0.839	O2):64.2	
O1):-0.82	O2):51.554	
O1):-0.837	O2):58.149	
O1):-0.837	O2):49.786	
O1):-0.813	O2):55.853	
O1):-0.797	O2):49.697	
O1):-0.751	O2):46.423	
O1):-0.782	O2):57.885	
O1):-0.822	O2):53.666	
O1):-0.768	O2):42.378	
O1):-0.814	O2):56.159	
O1):-0.83	O2):56.749	
O1):-0.813	O2):53.082	
O1):-0.83	O2):53.569	
O1):-0.805	O2):47.015	
O1):-0.812	O2):53.838	
O1):-0.806	O2):49.323	
O1):-0.812	O1):-0.812	O2):52.107	O2):54.792	

O1):-0.812	O2):51.994	
O1):-0.788	O2):47.917	
O1):-0.846	O2):58.539	
O1):-0.782	O2):49.025	
O1):-0.856	O2):73.988	
O1):-0.79	O2):46.889	
O1):-0.781	O2):47.531	
O1):-0.837	O2):45.767	
O1):-0.821	O2):57.55	
O1):-0.807	O2):49.374	
O1):-0.813	O2):59.547	
O1):-0.82	O2):53.259	
Evaluations:	200
O1):-0.802	O2):46.533	
O1):-0.72	O2):41.976	
O1):-0.83	O2):58.183	
O1):-0.837	O2):58.711	
O1):-0.822	O2):57.178	
O1):-0.814	O2):52.278	
O1):-0.781	O2):47.192	
O1):-0.83	O2):54.948	
O1):-0.79	O2):48.109	
O1):-0.821	O2):53.771	
O1):-0.812	O2):47.465	
O1):-0.806	O2):57.822	
O1):-0.792	O2):46.305	
O1):-0.79	O2):48.392	
O1):-0.811	O2):53.265	
O1):-0.839	O2):58.475	
O1):-0.797	O2):49.538	
O1):-0.821	O2):48.746	
O1):-0.798	O2):52.274	
O1):-0.829	O2):54.108	
O1):-0.798	O2):50.898	
O1):-0.754	O2):46.744	
O1):-0.83	O2):61.827	
O1):-0.821	O2):51.536	
O1):-0.798	O2):52.269	
O1):-0.807	O2):56.355	
O1):-0.732	O2):36.724	
O1):-0.781	O2):47.114	
O1):-0.806	O2):52.848	
O1):-0.794	O2):47.723	
O1):-0.775	O2):46.79	
O1):-0.821	O2):55.137	
O1):-0.752	O2):47.791	
O1):-0.863	O2):65.036	
O1):-0.837	O2):58.139	
O1):-0.83	O2):57.335	
O1):-0.837	O2):54.887	
O1):-0.806	O2):48.733	
O1):-0.855	O2):60.177	
O1):-0.846	O2):58.056	
O1):-0.829	O2):57.494	
O1):-0.812	O2):57.121	
O1):-0.806	O2):50.683	
O1):-0.798	O2):49.716	
O1):-0.781	O2):48.104	
O1):-0.796	O2):46.109	
O1):-0.814	O2):47.402	
O1):-0.813	O2):51.273	
O1):-0.814	O2):51.445	
O1):-0.796	O2):54.124	
O1):-0.798	O2):47.562	
O1):-0.805	O2):53.967	
O1):-0.847	O2):62.078	
O1):-0.796	O2):49.72	
O1):-0.812	O2):50.433	
O1):-0.815	O2):53.175	
O1):-0.797	O2):48.383	
O1):-0.827	O2):49.072	
O1):-0.765	O2):48.385	
O1):-0.831	O2):62.448	
O1):-0.792	O2):48.212	
O1):-0.773	O2):47.867	
O1):-0.821	O2):51.851	
O1):-0.792	O2):50.822	
O1):-0.822	O2):52.494	
O1):-0.804	O2):42.938	
O1):-0.76	O2):42.803	
O1):-0.81	O2):47.85	
O1):-0.789	O2):47.024	
O1):-0.864	O2):64.628	
O1):-0.79	O2):46.903	
O1):-0.821	O2):53.86	
O1):-0.847	O2):69.013	
O1):-0.823	O2):56.986	
O1):-0.819	O2):54.487	
O1):-0.77	O2):45.535	
O1):-0.789	O2):48.132	
O1):-0.79	O2):47.782	
O1):-0.822	O2):48.566	
O1):-0.847	O2):64.772	
O1):-0.798	O2):50.309	
O1):-0.815	O2):51.982	
O1):-0.83	O2):62.196	
O1):-0.799	O2):65.834	
O1):-0.823	O2):51.92	
O1):-0.764	O2):44.903	
O1):-0.79	O2):47.567	
O1):-0.838	O2):63.038	
O1):-0.804	O2):47.231	
O1):-0.804	O2):47.929	
O1):-0.855	O2):74.173	
O1):-0.8	O2):49.187	
O1):-0.804	O2):52.07	
O1):-0.773	O2):48.499	
O1):-0.846	O2):58.441	
O1):-0.821	O2):53.865	
O1):-0.774	O2):47.991	
O1):-0.789	O2):48.642	
O1):-0.82	O2):56.295	
O1):-0.822	O2):51.316	
O1):-0.822	O2):51.316	
O1):-0.848	O2):66.209	
O1):-0.838	O2):62.42	
O1):-0.801	O2):48.197	
O1):-0.806	O2):48.733	
O1):-0.75	O2):36.014	
O1):-0.863	O2):73.379	
O1):-0.789	O2):57.174	
O1):-0.81	O2):49.124	
O1):-0.855	O2):64.514	
O1):-0.846	O2):59.057	
O1):-0.72	O2):41.976	
O1):-0.823	O2):51.889	
O1):-0.784	O2):47.023	
O1):-0.798	O2):50.893	
O1):-0.798	O2):44.653	
O1):-0.846	O2):61.781	
O1):-0.855	O2):62.702	
O1):-0.829	O2):59.015	
O1):-0.828	O2):54.429	
O1):-0.775	O2):42.227	
O1):-0.816	O2):49.278	
O1):-0.846	O2):58.576	
O1):-0.773	O2):47.831	
O1):-0.812	O2):52.907	
O1):-0.75	O2):44.736	
O1):-0.801	O2):50.587	
O1):-0.838	O2):62.315	
O1):-0.838	O2):63.095	
O1):-0.82	O2):49.248	
O1):-0.783	O2):53.241	
O1):-0.806	O2):50.685	
O1):-0.838	O2):58.713	
O1):-0.822	O2):53.304	
O1):-0.829	O2):52.015	
O1):-0.838	O2):58.216	
O1):-0.806	O2):53.933	
O1):-0.83	O2):58.287	
O1):-0.801	O2):46.102	
O1):-0.814	O2):55.779	
O1):-0.773	O2):48.137	
O1):-0.812	O2):43.699	
O1):-0.758	O2):51.488	
O1):-0.774	O2):47.991	
O1):-0.846	O2):63.804	
O1):-0.837	O2):54.666	
O1):-0.82	O2):57.162	
O1):-0.822	O2):66.423	
O1):-0.83	O2):54.998	
O1):-0.822	O2):64.244	
O1):-0.781	O2):51.698	
O1):-0.838	O2):55.016	
O1):-0.806	O2):47.592	
O1):-0.755	O2):45.899	
O1):-0.781	O2):54.039	
O1):-0.791	O2):48.659	
O1):-0.767	O2):46.767	
O1):-0.823	O2):52.476	
O1):-0.828	O2):58.275	
O1):-0.814	O2):51.47	
O1):-0.831	O2):62.714	
O1):-0.806	O2):52.3	
O1):-0.829	O2):57.622	
O1):-0.827	O2):58.734	
O1):-0.757	O2):43.695	
O1):-0.828	O2):56.459	
O1):-0.862	O2):63.603	
O1):-0.847	O2):67.072	
O1):-0.821	O2):54.036	
O1):-0.814	O2):61.902	
O1):-0.838	O2):59.712	
O1):-0.813	O2):55.564	
O1):-0.773	O2):42.489	
O1):-0.793	O2):45.496	
O1):-0.806	O2):47.798	
O1):-0.835	O2):54.148	
O1):-0.753	O2):42.061	
O1):-0.83	O2):57.699	
O1):-0.814	O2):52.299	
O1):-0.822	O2):57.07	
O1):-0.822	O2):61.996	
O1):-0.856	O2):78.982	
O1):-0.846	O2):71.66	
O1):-0.821	O2):58.302	
O1):-0.774	O2):43.462	
O1):-0.822	O2):51.94	
O1):-0.821	O2):52.991	
O1):-0.754	O2):45.869	
O1):-0.83	O2):58.232	
O1):-0.856	O2):64.318	
O1):-0.814	O2):56.85	
O1):-0.838	O2):62.837	
O1):-0.797	O2):48.44	
O1):-0.789	O2):48.595	
O1):-0.746	O2):46.337	
O1):-0.805	O2):49.066	
O1):-0.829	O2):57.627	
O1):-0.78	O2):48.399	
O1):-0.863	O2):68.565	
O1):-0.777	O2):41.103	
O1):-0.821	O2):51.673	
O1):-0.737	O2):42.017	
O1):-0.83	O2):68.236	
O1):-0.806	O2):61.753	
O1):-0.822	O2):57.611	
O1):-0.846	O2):59.64	
O1):-0.838	O2):60.048	
O1):-0.821	O2):52.904	
O1):-0.821	O2):53.176	
O1):-0.845	O2):68.22	
O1):-0.764	O2):47.443	
O1):-0.83	O2):57.696	
O1):-0.855	O2):68.498	
O1):-0.797	O2):49.784	
O1):-0.829	O2):56.871	
O1):-0.813	O2):51.764	
O1):-0.789	O2):46.79	
O1):-0.823	O2):57.907	
O1):-0.837	O2):65.943	
O1):-0.814	O2):63.74	
O1):-0.812	O2):61.296	
O1):-0.828	O2):53.422	
O1):-0.846	O2):55.442	
O1):-0.774	O2):47.334	
O1):-0.831	O2):61.159	
O1):-0.814	O2):51.483	
O1):-0.788	O2):57.535	
O1):-0.815	O2):48.571	
O1):-0.797	O2):49.058	
O1):-0.829	O2):58.087	
O1):-0.829	O2):54.098	
O1):-0.838	O2):62.297	
O1):-0.828	O2):56.459	
O1):-0.805	O2):48.316	
O1):-0.813	O2):52.178	
O1):-0.775	O2):47.229	
O1):-0.788	O2):46.836	
O1):-0.839	O2):59.096	
O1):-0.813	O2):56.546	
O1):-0.805	O2):48.64	
O1):-0.759	O2):47.145	
O1):-0.845	O2):54.251	
O1):-0.791	O2):52.532	
O1):-0.872	O2):72.824	
O1):-0.774	O2):46.92	
O1):-0.814	O2):51.439	
O1):-0.854	O2):73.09	
O1):-0.767	O2):46.865	
O1):-0.847	O2):77.456	
O1):-0.801	O2):46.28	
O1):-0.776	O2):39.025	
O1):-0.839	O2):67.104	
O1):-0.821	O2):51.825	
O1):-0.738	O2):45.751	
O1):-0.784	O2):51.459	
O1):-0.805	O2):52.95	
O1):-0.846	O2):54.415	
O1):-0.781	O2):47.192	
O1):-0.784	O2):46.376	
O1):-0.798	O2):51.612	
O1):-0.813	O2):50.363	
O1):-0.806	O2):51.82	
O1):-0.807	O2):52.402	
O1):-0.764	O2):42.353	
O1):-0.823	O2):57.904	
O1):-0.827	O2):53.091	
O1):-0.83	O2):57.852	
O1):-0.791	O2):48.606	
O1):-0.775	O2):46.793	
O1):-0.783	O2):51.02	
O1):-0.829	O2):57.572	
O1):-0.839	O2):63.042	
O1):-0.781	O2):47.789	
O1):-0.847	O2):63.843	
O1):-0.795	O2):46.364	
O1):-0.806	O2):52.865	
O1):-0.822	O2):58.057	
O1):-0.784	O2):42.4	
O1):-0.795	O2):46.457	
O1):-0.826	O2):48.423	
O1):-0.838	O2):59.152	
O1):-0.788	O2):43.723	
O1):-0.821	O2):58.06	
O1):-0.774	O2):43.994	
O1):-0.796	O2):46.179	
O1):-0.79	O2):46.194	
O1):-0.788	O2):43.054	
O1):-0.829	O2):58.642	
O1):-0.82	O2):54.537	
O1):-0.82	O2):48.437	
O1):-0.821	O2):58.63	
O1):-0.788	O2):44.888	
O1):-0.829	O2):58.138	
O1):-0.822	O2):56.213	
O1):-0.838	O2):63.879	
O1):-0.79	O2):51.977	
O1):-0.795	O2):47.563	
O1):-0.822	O2):53.445	
O1):-0.796	O2):49.165	
O1):-0.846	O2):61.896	
O1):-0.796	O2):47.93	
O1):-0.83	O2):63.081	
O1):-0.746	O2):46.512	
O1):-0.839	O2):67.349	
O1):-0.735	O2):37.368	
O1):-0.814	O2):52.238	
O1):-0.837	O2):58.8	
O1):-0.82	O2):47.911	
O1):-0.83	O2):52.523	
O1):-0.846	O2):59.774	
O1):-0.838	O2):62.582	
O1):-0.815	O2):57.619	
O1):-0.838	O2):58.561	
O1):-0.798	O2):58.777	
O1):-0.798	O2):46.447	
O1):-0.823	O2):51.727	
O1):-0.798	O2):47.562	
O1):-0.799	O2):51.203	
O1):-0.806	O2):47.772	
O1):-0.839	O2):61.667	
O1):-0.805	O2):57.983	
O1):-0.806	O2):51.82	
O1):-0.805	O2):52.086	
O1):-0.838	O2):66.829	
O1):-0.789	O2):53.059	
O1):-0.767	O2):51.876	
O1):-0.723	O2):37.47	
O1):-0.806	O2):46.894	
O1):-0.806	O2):56.182	
O1):-0.76	O2):47.726	
O1):-0.839	O2):72.102	
O1):-0.822	O2):54.419	
O1):-0.783	O2):52.455	
O1):-0.823	O2):56.266	
O1):-0.829	O2):58.338	
O1):-0.78	O2):52.834	
O1):-0.805	O2):44.254	
O1):-0.804	O2):48.992	
O1):-0.821	O2):52.649	
O1):-0.773	O2):46.118	
O1):-0.796	O2):49.273	
O1):-0.815	O2):55.448	
O1):-0.788	O2):49.925	
O1):-0.822	O2):55.733	
O1):-0.812	O2):54.044	
O1):-0.805	O2):48.208	
O1):-0.806	O2):53.018	
O1):-0.783	O2):42.305	
O1):-0.795	O2):46.615	
O1):-0.837	O2):54.441	
O1):-0.789	O2):58.697	
O1):-0.789	O2):51.375	
O1):-0.814	O2):48.224	
O1):-0.775	O2):52.626	
O1):-0.812	O2):51.816	
O1):-0.837	O2):64.345	
O1):-0.786	O2):45.225	
O1):-0.814	O2):48.622	
O1):-0.772	O2):43.208	
O1):-0.798	O2):50.995	
O1):-0.782	O2):53.513	
O1):-0.794	O2):48.235	
O1):-0.798	O2):55.473	
O1):-0.839	O2):67.105	
O1):-0.786	O2):47.569	
O1):-0.757	O2):40.25	
O1):-0.83	O2):54.55	
O1):-0.799	O2):46.794	
O1):-0.782	O2):46.733	
O1):-0.759	O2):42.351	
O1):-0.815	O2):53.659	
O1):-0.837	O2):54.826	
O1):-0.796	O2):46.107	
O1):-0.839	O2):58.757	
O1):-0.768	O2):41.893	
O1):-0.837	O2):63.519	
O1):-0.779	O2):43.832	
O1):-0.855	O2):73.665	
O1):-0.821	O2):52.051	
O1):-0.83	O2):67.062	
O1):-0.838	O2):62.021	
O1):-0.796	O2):47.935	
O1):-0.813	O2):58.465	
O1):-0.776	O2):46.556	
O1):-0.816	O2):62.53	
O1):-0.828	O2):51.85	
O1):-0.831	O2):57.693	
O1):-0.863	O2):63.533	
O1):-0.804	O2):52.406	
O1):-0.801	O2):46.459	
O1):-0.837	O2):54.111	
O1):-0.83	O2):53.875	
O1):-0.814	O2):53.337	
O1):-0.795	O2):46.833	
O1):-0.79	O2):42.503	
O1):-0.781	O1):-0.839	O2):52.246	
O2):58.102	
O1):-0.827	O2):49.076	
O1):-0.848	O2):65.661	
O1):-0.822	O2):52.682	
O1):-0.837	O2):54.917	
O1):-0.8	O2):46.584	
O1):-0.837	O2):45.718	
O1):-0.782	O2):47.227	
O1):-0.847	O2):62.976	
O1):-0.813	O2):51.696	
O1):-0.82	O2):48.437	
O1):-0.812	O2):53.112	
O1):-0.78	O2):48.385	
O1):-0.836	O2):53.114	
O1):-0.781	O2):57.904	
O1):-0.813	O2):50.368	
O1):-0.826	O2):47.391	
O1):-0.839	O2):64.021	
O1):-0.789	O2):43.775	
O1):-0.828	O2):51.853	
O1):-0.814	O2):51.47	
O1):-0.788	O2):53.396	
O1):-0.848	O2):68.126	
O1):-0.768	O2):51.176	
O1):-0.813	O2):56.106	
O1):-0.797	O2):48.38	
O1):-0.854	O2):59.03	
O1):-0.766	O2):46.552	
O1):-0.759	O2):42.984	
O1):-0.856	O2):67.184	
O1):-0.856	O2):64.812	
O1):-0.831	O2):59.452	
O1):-0.79	O2):48.392	
O1):-0.823	O2):62.352	
O1):-0.752	O2):46.238	
O1):-0.831	O2):67.313	
O1):-0.847	O2):62.973	
O1):-0.822	O2):57.178	
O1):-0.799	O2):51.484	
O1):-0.845	O2):58.32	
O1):-0.782	O2):57.485	
O1):-0.838	O2):59.711	
O1):-0.775	O2):47.838	
O1):-0.806	O2):56.615	
O1):-0.829	O2):53.909	
O1):-0.837	O2):62.551	
O1):-0.761	O2):43.267	
O1):-0.799	O2):51.681	
O1):-0.821	O2):47.719	
O1):-0.846	O2):68.076	
O1):-0.766	O2):46.445	
O1):-0.813	O2):47.217	
O1):-0.83	O2):67.11	
O1):-0.774	O2):47.178	
O1):-0.839	O2):65.812	
Evaluations:	300
O1):-0.854	O2):73.14	
O1):-0.821	O2):53.51	
O1):-0.813	O2):53.422	
O1):-0.846	O2):52.924	
O1):-0.812	O2):49.479	
O1):-0.791	O2):50.667	
O1):-0.779	O2):42.608	
O1):-0.805	O2):50.51	
O1):-0.822	O2):57.351	
O1):-0.791	O2):48.001	
O1):-0.805	O2):48.461	
O1):-0.754	O2):41.418	
O1):-0.806	O2):47.715	
O1):-0.782	O2):47.812	
O1):-0.828	O2):57.737	
O1):-0.801	O2):50.589	
O1):-0.83	O2):56.317	
O1):-0.836	O2):53.114	
O1):-0.822	O2):56.159	
O1):-0.774	O2):47.297	
O1):-0.846	O2):64.124	
O1):-0.797	O2):49.757	
O1):-0.854	O2):62.41	
O1):-0.774	O2):52.095	
O1):-0.787	O2):45.217	
O1):-0.805	O2):48.46	
O1):-0.781	O2):48.28	
O1):-0.837	O2):54.917	
O1):-0.823	O2):57.076	
O1):-0.828	O2):52.284	
O1):-0.855	O2):68.11	
O1):-0.815	O2):53.66	
O1):-0.831	O2):61.801	
O1):-0.789	O2):51.293	
O1):-0.829	O2):59.015	
O1):-0.829	O2):58.674	
O1):-0.783	O2):42.305	
O1):-0.828	O2):49.206	
O1):-0.837	O2):53.224	
O1):-0.831	O2):63.015	
O1):-0.781	O2):47.005	
O1):-0.791	O2):50.134	
O1):-0.746	O2):41.683	
O1):-0.838	O2):66.316	
O1):-0.837	O2):58.472	
O1):-0.81	O2):47.859	
O1):-0.837	O2):58.472	
O1):-0.837	O2):58.472	
O1):-0.813	O2):56.538	
O1):-0.753	O2):42.095	
O1):-0.838	O2):68.105	
O1):-0.773	O2):47.921	
O1):-0.855	O2):63.328	
O1):-0.829	O2):51.759	
O1):-0.83	O2):58.873	
O1):-0.807	O2):56.091	
O1):-0.828	O2):57.367	
O1):-0.774	O2):43.462	
O1):-0.837	O2):55.104	
O1):-0.839	O2):58.757	
O1):-0.851	O2):63.655	
O1):-0.837	O2):53.999	
O1):-0.856	O2):79.088	
O1):-0.839	O2):58.757	
O1):-0.838	O2):62.837	
O1):-0.782	O2):43.888	
O1):-0.797	O2):48.743	
O1):-0.854	O2):68.258	
O1):-0.83	O2):61.739	
O1):-0.829	O2):53.292	
O1):-0.788	O2):43.723	
O1):-0.814	O2):54.147	
O1):-0.83	O2):57.98	
O1):-0.823	O2):48.758	
O1):-0.837	O2):59.17	
O1):-0.831	O2):59.149	
O1):-0.806	O2):52.022	
O1):-0.83	O2):61.949	
O1):-0.839	O2):58.105	
O1):-0.798	O2):51.263	
O1):-0.83	O2):53.15	
O1):-0.789	O2):47.03	
O1):-0.831	O2):52.72	
O1):-0.762	O2):51.241	
O1):-0.846	O2):63.148	
O1):-0.783	O2):51.283	
O1):-0.829	O2):55.977	
O1):-0.846	O2):63.593	
O1):-0.838	O2):63.8	
O1):-0.799	O2):50.465	
O1):-0.829	O2):53.909	
O1):-0.737	O2):42.017	
O1):-0.781	O2):52.063	
O1):-0.836	O2):58.241	
O1):-0.799	O2):47.107	
O1):-0.759	O2):48.176	
O1):-0.788	O2):48.113	
O1):-0.779	O2):44.654	
O1):-0.837	O2):58.273	
O1):-0.806	O2):47.665	
O1):-0.768	O2):37.478	
O1):-0.789	O2):52.473	
O1):-0.872	O2):72.965	
O1):-0.793	O2):46.111	
O1):-0.801	O2):47.887	
O1):-0.838	O2):62.547	
O1):-0.855	O2):64.089	
O1):-0.831	O2):67.313	
O1):-0.775	O2):47.838	
O1):-0.845	O2):58.32	
O1):-0.773	O2):46.076	
O1):-0.838	O2):62.166	
O1):-0.812	O2):52.888	
O1):-0.837	O2):63.34	
O1):-0.854	O2):64.239	
O1):-0.828	O2):57.742	
O1):-0.822	O2):58.306	
O1):-0.813	O2):52.18	
O1):-0.813	O2):51.543	
O1):-0.847	O2):64.772	
O1):-0.847	O2):59.687	
O1):-0.855	O2):64.444	
O1):-0.76	O2):43.143	
O1):-0.835	O2):54.301	
O1):-0.838	O2):54.684	
O1):-0.812	O2):57.121	
O1):-0.829	O2):54.905	
O1):-0.829	O2):58.642	
O1):-0.847	O2):77.542	
O1):-0.793	O2):45.496	
O1):-0.766	O2):46.713	
O1):-0.811	O2):49.431	
O1):-0.813	O2):48.214	
O1):-0.83	O2):72.647	
O1):-0.774	O2):47.257	
O1):-0.813	O2):55.853	
O1):-0.821	O2):57.79	
O1):-0.757	O2):47.442	
O1):-0.805	O2):46.658	
O1):-0.829	O2):52.874	
O1):-0.823	O2):48.54	
O1):-0.806	O2):46.855	
O1):-0.863	O2):63.822	
O1):-0.779	O2):46.725	
O1):-0.821	O2):53.568	
O1):-0.782	O2):43.888	
O1):-0.822	O2):52.269	
O1):-0.846	O2):68.107	
O1):-0.821	O2):58.571	
O1):-0.83	O2):62.462	
O1):-0.838	O2):69.245	
O1):-0.822	O2):53.153	
O1):-0.745	O2):46.578	
O1):-0.819	O2):52.558	
O1):-0.829	O2):57.917	
O1):-0.839	O2):59.096	
O1):-0.822	O2):56.206	
O1):-0.798	O2):49.873	
O1):-0.83	O2):58.183	
O1):-0.83	O2):58.87	
O1):-0.788	O2):49.925	
O1):-0.837	O2):53.753	
O1):-0.829	O2):57.484	
O1):-0.838	O2):67.978	
O1):-0.837	O2):53.771	
O1):-0.782	O2):47.72	
O1):-0.799	O2):51.114	
O1):-0.837	O2):57.346	
O1):-0.789	O2):46.993	
O1):-0.781	O2):53.354	
O1):-0.805	O2):46.821	
O1):-0.804	O2):47.183	
O1):-0.799	O2):48.229	
O1):-0.767	O2):41.741	
O1):-0.804	O2):51.908	
O1):-0.735	O2):42.474	
O1):-0.789	O2):42.711	
O1):-0.839	O2):61.667	
O1):-0.829	O2):52.361	
O1):-0.822	O2):58.582	
O1):-0.781	O2):58.256	
O1):-0.805	O2):42.935	
O1):-0.83	O2):57.98	
O1):-0.83	O2):53.37	
O1):-0.863	O2):63.533	
O1):-0.814	O2):54.941	
O1):-0.798	O2):51.169	
O1):-0.847	O2):68.207	
O1):-0.827	O2):57.824	
O1):-0.855	O2):60.177	
O1):-0.831	O2):57.677	
O1):-0.844	O2):57.841	
O1):-0.83	O2):53.067	
O1):-0.807	O2):52.993	
O1):-0.815	O2):57.319	
O1):-0.856	O2):67.739	
O1):-0.744	O2):42.042	
O1):-0.781	O2):48.592	
O1):-0.829	O2):53.562	
O1):-0.838	O2):60.048	
O1):-0.854	O2):67.854	
O1):-0.83	O2):54.164	
O1):-0.813	O2):48.214	
O1):-0.809	O2):52.025	
O1):-0.789	O2):43.87	
O1):-0.837	O2):54.917	
O1):-0.821	O2):53.243	
O1):-0.814	O2):47.949	
O1):-0.837	O2):56.132	
O1):-0.821	O2):53.244	
O1):-0.791	O2):55.955	
O1):-0.782	O2):48.604	
O1):-0.831	O2):66.265	
O1):-0.774	O2):51.801	
O1):-0.753	O2):47.416	
O1):-0.78	O2):47.954	
O1):-0.737	O2):46.739	
O1):-0.83	O2):53.067	
O1):-0.795	O2):46.919	
O1):-0.846	O2):64.124	
O1):-0.838	O2):56.205	
O1):-0.829	O2):57.574	
O1):-0.846	O2):55.313	
O1):-0.855	O2):60.119	
O1):-0.782	O2):47.069	
O1):-0.774	O2):47.315	
O1):-0.759	O2):42.91	
O1):-0.823	O2):56.522	
O1):-0.768	O2):41.893	
O1):-0.8	O2):52.106	
O1):-0.812	O2):48.773	
O1):-0.838	O2):60.048	
O1):-0.788	O2):48.834	
O1):-0.856	O2):67.739	
O1):-0.809	O2):50.329	
O1):-0.872	O2):72.824	
O1):-0.839	O2):59.095	
O1):-0.793	O2):45.904	
O1):-0.855	O2):68.543	
O1):-0.822	O2):64.347	
O1):-0.801	O2):51.306	
O1):-0.847	O2):63.448	
O1):-0.839	O2):67.402	
O1):-0.813	O2):47.817	
O1):-0.759	O2):46.365	
O1):-0.855	O2):63.251	
O1):-0.805	O2):47.743	
O1):-0.83	O2):59.106	
O1):-0.854	O2):58.297	
O1):-0.845	O2):58.518	
O1):-0.814	O2):51.625	
O1):-0.838	O2):53.744	
O1):-0.806	O2):51.515	
O1):-0.768	O2):49.815	
O1):-0.795	O2):46.833	
O1):-0.776	O2):43.028	
O1):-0.755	O2):41.33	
O1):-0.781	O2):45.116	
O1):-0.812	O2):47.051	
O1):-0.847	O2):74.147	
O1):-0.829	O2):51.754	
O1):-0.837	O2):57.162	
O1):-0.839	O2):66.857	
O1):-0.747	O2):41.92	
O1):-0.805	O2):52.552	
O1):-0.821	O2):49.013	
O1):-0.753	O2):42.598	
O1):-0.751	O2):46.775	
O1):-0.837	O2):59.225	
O1):-0.82	O2):53.599	
O1):-0.829	O2):58.455	
O1):-0.811	O2):62.115	
O1):-0.82	O2):53.378	
O1):-0.845	O2):53.904	
O1):-0.844	O2):66.713	
O1):-0.807	O2):51.875	
O1):-0.814	O2):56.688	
O1):-0.838	O2):55.009	
O1):-0.783	O2):44.37	
O1):-0.782	O2):58.652	
O1):-0.814	O2):68.997	
O1):-0.76	O2):43.061	
O1):-0.805	O2):51.958	
O1):-0.84	O2):63.177	
O1):-0.814	O2):52.278	
O1):-0.821	O2):53.765	
O1):-0.748	O2):36.202	
O1):-0.828	O2):57.228	
O1):-0.823	O2):57.821	
O1):-0.856	O2):79.09	
O1):-0.837	O2):58.638	
O1):-0.806	O2):56.646	
O1):-0.821	O2):48.912	
O1):-0.813	O2):50.368	
O1):-0.82	O2):51.364	
O1):-0.79	O2):46.658	
O1):-0.783	O2):44.37	
O1):-0.814	O2):47.386	
O1):-0.79	O2):53.158	
O1):-0.773	O2):43.43	
O1):-0.804	O2):47.735	
O1):-0.846	O2):64.274	
O1):-0.822	O2):57.438	
O1):-0.821	O2):51.87	
O1):-0.805	O2):58.423	
O1):-0.83	O2):54.757	
O1):-0.821	O2):57.892	
O1):-0.822	O2):56.528	
O1):-0.815	O2):65.19	
O1):-0.846	O2):62.987	
O1):-0.829	O2):57.993	
O1):-0.774	O2):43.462	
O1):-0.804	O2):49.094	
O1):-0.813	O2):52.527	
O1):-0.83	O2):54.998	
O1):-0.814	O2):51.47	
O1):-0.753	O2):47.711	
O1):-0.82	O2):53.396	
O1):-0.798	O2):51.028	
O1):-0.837	O2):54.917	
O1):-0.805	O2):49.048	
O1):-0.753	O2):47.709	
O1):-0.79	O2):51.026	
O1):-0.847	O2):63.448	
O1):-0.814	O2):56.651	
O1):-0.837	O2):61.415	
Starting PrismExecutor worker 3 on port 11463
O1):-0.838	O2):72.499	
O1):-0.814	O2):51.883	
O1):-0.821	O2):57.989	
Connected worker 3 to port 11463
O1):-0.758	O2):42.241	
O1):-0.805	O2):46.649	
O1):-0.805	O2):46.597	
O1):-0.815	O2):53.506	
O1):-0.838	O2):57.13	
O1):-0.791	O2):47.853	
O1):-0.758	O2):44.026	
O1):-0.82	O2):48.437	
O1):-0.821	O2):52.665	
Evaluations:	300
O1):-0.805	O2):42.935	
O1):-0.775	O2):41.586	
O1):-0.789	O2):48.597	
O1):-0.831	O2):57.481	
O1):-0.83	O2):52.829	
O1):-0.798	O2):50.956	
O1):-0.845	O2):68.003	
O1):-0.797	O2):47.828	
O1):-0.806	O2):47.621	
O1):-0.798	O2):50.104	
O1):-0.837	O2):58.181	
O1):-0.782	O2):62.856	
O1):-0.823	O2):55.986	
O1):-0.802	O2):47.642	
O1):-0.782	O2):44.225	
O1):-0.83	O2):52.537	
O1):-0.766	O2):47.135	
O1):-0.782	O2):48.605	
O1):-0.806	O2):52.724	
O1):-0.779	O2):40.749	
O1):-0.846	O2):59.108	
O1):-0.783	O2):46.669	
O1):-0.808	O2):51.618	
Evaluations:	300
O1):-0.788	O2):53.56	
O1):-0.82	O2):56.295	
O1):-0.846	O2):64.303	
O1):-0.839	O2):59.096	
O1):-0.827	O2):58.074	
O1):-0.779	O2):40.749	
O1):-0.855	O2):64.672	
O1):-0.837	O2):58.024	
O1):-0.79	O2):52.956	
O1):-0.768	O2):41.893	
O1):-0.788	O2):43.723	
O1):-0.797	O2):49.538	
O1):-0.797	O2):46.418	
O1):-0.789	O2):48.299	
O1):-0.812	O2):51.994	
O1):-0.83	O2):54.333	
O1):-0.806	O2):56.644	
Starting PrismExecutor worker 1 on port 11461
O1):-0.797	O2):49.538	
O1):-0.797	O2):49.538	
O1):-0.797	O2):49.538	
O1):-0.829	O2):52.955	
Evaluations:	300
O1):-0.83	O2):59.982	
Connected worker 1 to port 11461
O1):-0.804	O2):52.07	
O1):-0.777	O2):52.039	
O1):-0.8	O2):49.187	
O1):-0.863	O2):63.798	
O1):-0.837	O2):54.572	
O1):-0.787	O2):45.091	
O1):-0.781	O2):52.853	
O1):-0.837	O2):58.8	
O1):-0.793	O2):46.278	
O1):-0.821	O2):58.435	
O1):-0.807	O2):51.277	
O1):-0.787	O2):48.148	
O1):-0.844	O2):57.647	
O1):-0.844	O2):57.956	
O1):-0.846	O2):54.277	
O1):-0.813	O2):48.529	
O1):-0.837	O2):58.638	
O1):-0.82	O2):58.085	
O1):-0.837	O2):55.052	
O1):-0.844	O2):57.647	
O1):-0.797	O2):49.784	
O1):-0.836	O2):62.067	
O1):-0.844	O2):57.647	
O1):-0.795	O2):48.359	
O1):-0.789	O2):47.726	
O1):-0.797	O2):49.392	
O1):-0.787	O2):45.121	
O1):-0.82	O2):48.308	
O1):-0.844	O2):57.647	
O1):-0.837	O2):54.919	
O1):-0.806	O2):51.173	
O1):-0.844	O2):57.647	
O1):-0.822	O2):52.393	
O1):-0.822	O2):51.316	
O1):-0.775	O2):42.475	
O1):-0.82	O2):48.308	
O1):-0.788	O2):47.354	
O1):-0.822	O2):51.91	
O1):-0.793	O2):45.496	
O1):-0.814	O2):48.036	
O1):-0.82	O2):48.308	
O1):-0.847	O2):62.8	
O1):-0.821	O2):52.919	
O1):-0.821	O2):57.408	
O1):-0.806	O2):51.77	
Evaluations:	300
O1):-0.809	O2):55.377	
O1):-0.806	O2):46.894	
O1):-0.831	O2):53.914	
Evaluations:	300
Starting PrismExecutor worker 2 on port 11462
O1):-0.806	O2):48.621	
O1):-0.813	O2):50.954	
Connected worker 2 to port 11462
O1):-0.72	O2):41.976	
O1):-0.82	O2):47.776	
O1):-0.774	O2):47.13	
O1):-0.821	O2):53.23	
O1):-0.764	O2):47.386	
O1):-0.751	O2):46.774	
O1):-0.814	O2):51.625	
O1):-0.871	O2):68.775	
O1):-0.735	O2):42.743	
O1):-0.797	O2):48.182	
O1):-0.828	O2):51.85	
O1):-0.79	O2):52.509	
O1):-0.807	O2):47.585	
O1):-0.796	O2):46.87	
O1):-0.837	O2):58.231	
O1):-0.821	O2):51.87	
O1):-0.79	O2):48.482	
O1):-0.813	O2):48.094	
O1):-0.806	O2):52.834	
Evaluations:	300
O1):-0.765	O2):43.268	
O1):-0.839	O2):56.236	
O1):-0.758	O2):43.609	
O1):-0.837	O2):60.7	
O1):-0.855	O2):62.702	
O1):-0.814	O2):61.564	
O1):-0.735	O2):38.26	
O1):-0.782	O2):47.948	
O1):-0.772	O2):46.566	
O1):-0.772	O2):46.566	
O1):-0.772	O2):46.566	
O1):-0.772	O2):46.566	
O1):-0.814	O2):48.355	
O1):-0.772	O2):46.566	
O1):-0.751	O2):42.622	
O1):-0.805	O2):44.235	
O1):-0.829	O2):52.368	
O1):-0.774	O2):42.229	
O1):-0.776	O2):46.883	
O1):-0.838	O2):54.895	
O1):-0.822	O2):53.217	
O1):-0.82	O2):47.911	
O1):-0.785	O2):41.589	
O1):-0.837	O2):58.165	
O1):-0.781	O2):54.095	
O1):-0.822	O2):51.316	
Starting PrismExecutor worker 5 on port 11465
O1):-0.83	O2):58.232	
O1):-0.791	O2):51.725	
O1):-0.839	O2):62.448	
O1):-0.767	O2):48.737	
Connected worker 5 to port 11465
O1):-0.815	O2):56.36	
O1):-0.826	O2):48.88	
O1):-0.838	O2):58.914	
O1):-0.79	O2):46.898	
O1):-0.816	O2):55.864	
O1):-0.851	O2):63.655	
O1):-0.821	O2):53.949	
Evaluations:	300
O1):-0.797	O2):45.008	
O1):-0.83	O2):57.988	
O1):-0.846	O2):62.68	
O1):-0.82	O2):47.911	
O1):-0.821	O2):48.949	
O1):-0.845	O2):63.011	
O1):-0.797	O2):43.924	
O1):-0.814	O2):51.936	
O1):-0.845	O2):63.011	
O1):-0.845	O2):63.011	
O1):-0.805	O2):46.926	
O1):-0.845	O2):63.011	
O1):-0.782	O2):43.888	
O1):-0.789	O2):46.993	
O1):-0.845	O2):63.011	
O1):-0.828	O2):56.041	
O1):-0.815	O2):55.719	
O1):-0.751	O2):46.358	
O1):-0.821	O2):53.535	
O1):-0.812	O2):52.107	
O1):-0.813	O2):51.181	
O1):-0.797	O2):48.74	
O1):-0.837	O2):54.91	
O1):-0.823	O2):56.057	
O1):-0.793	O2):46.2	
O1):-0.799	O2):49.003	
O1):-0.83	O2):52.102	
O1):-0.837	O2):58.18	
O1):-0.821	O2):52.663	
O1):-0.758	O2):42.244	
O1):-0.831	O2):53.914	
O1):-0.782	O2):43.888	
O1):-0.838	O2):67.584	
O1):-0.83	O2):59.99	
O1):-0.871	O2):73.873	
O1):-0.847	O2):58.595	
O1):-0.813	O2):51.229	
O1):-0.846	O2):58.539	
O1):-0.774	O2):46.239	
O1):-0.846	O2):54.53	
O1):-0.863	O2):63.865	
Starting PrismExecutor worker 0 on port 11460
O1):-0.78	O2):48.869	
O1):-0.79	O2):41.844	
O1):-0.846	O2):59.484	
O1):-0.813	O2):55.544	
Connected worker 0 to port 11460
O1):-0.782	O2):43.888	
O1):-0.821	O2):53.314	
O1):-0.813	O2):53.76	
O1):-0.813	O2):53.76	
O1):-0.798	O2):47.562	
O1):-0.822	O2):56.949	
O1):-0.813	O2):53.76	
O1):-0.814	O2):56.473	
O1):-0.79	O2):46.195	
O1):-0.813	O2):53.76	
O1):-0.805	O2):47.502	
O1):-0.813	O2):53.76	
O1):-0.776	O2):39.047	
O1):-0.84	O2):57.267	
O1):-0.782	O2):43.888	
O1):-0.788	O2):53.903	
O1):-0.8	O2):50.722	
O1):-0.822	O2):52.057	
O1):-0.84	O2):63.233	
O1):-0.796	O2):44.626	
O1):-0.837	O2):52.973	
O1):-0.733	O2):40.13	
Evaluations:	300
O1):-0.837	O2):56.346	
O1):-0.813	O2):44.146	
O1):-0.806	O2):52.608	
O1):-0.775	O2):43.025	
O1):-0.778	O2):40.25	
O1):-0.83	O2):55.054	
O1):-0.779	O2):41.489	
O1):-0.83	O2):53.835	
O1):-0.855	O2):68.109	
O1):-0.822	O2):57.706	
O1):-0.805	O2):63.932	
O1):-0.753	O2):42.093	
O1):-0.853	O2):67.841	
O1):-0.837	O2):52.144	
O1):-0.79	O2):44.899	
O1):-0.822	O2):48.567	
O1):-0.837	O2):58.639	
O1):-0.812	O2):48.711	
O1):-0.776	O2):46.556	
O1):-0.855	O2):60.033	
O1):-0.854	O2):73.14	
O1):-0.855	O2):68.862	
O1):-0.774	O2):43.462	
O1):-0.838	O2):52.639	
O1):-0.837	O2):53.753	
Starting PrismExecutor worker 4 on port 11464
O1):-0.829	O2):59.179	
O1):-0.812	O2):47.049	
O1):-0.784	O2):43.579	
Connected worker 4 to port 11464
O1):-0.846	O2):59.531	
O1):-0.797	O2):46.911	
O1):-0.805	O2):47.367	
O1):-0.798	O2):47.914	
O1):-0.787	O2):46.478	
O1):-0.838	O2):53.293	
O1):-0.737	O2):46.74	
Evaluations:	300
O1):-0.872	O2):73.149	
O1):-0.813	O2):52.084	
O1):-0.854	O2):64.239	
O1):-0.837	O2):52.253	
O1):-0.784	O2):46.376	
O1):-0.831	O2):54.166	
O1):-0.847	O2):54.688	
O1):-0.872	O2):73.025	
O1):-0.838	O2):53.3	
O1):-0.806	O2):47.976	
O1):-0.864	O2):59.576	
O1):-0.758	O2):48.623	
O1):-0.814	O2):52.299	
O1):-0.82	O2):48.812	
O1):-0.806	O2):47.591	
O1):-0.821	O2):53.19	
O1):-0.839	O2):59.196	
O1):-0.802	O2):49.988	
O1):-0.79	O2):46.794	
O1):-0.7	O2):35.172	
O1):-0.816	O2):52.675	
O1):-0.781	O2):47.005	
O1):-0.847	O2):64.801	
O1):-0.815	O2):61.579	
O1):-0.84	O2):63.181	
O1):-0.789	O2):52.031	
O1):-0.839	O2):62.423	
O1):-0.784	O2):42.75	
O1):-0.837	O2):52.144	
O1):-0.854	O2):64.142	
O1):-0.864	O2):79.159	
O1):-0.757	O2):40.25	
O1):-0.829	O2):51.759	
O1):-0.788	O2):43.724	
O1):-0.829	O2):51.759	
O1):-0.855	O2):74.504	
O1):-0.72	O2):41.975	
O1):-0.789	O2):52.188	
O1):-0.753	O2):42.061	
O1):-0.829	O2):51.759	
O1):-0.855	O2):74.504	
O1):-0.836	O2):48.63	
O1):-0.817	O2):50.968	
O1):-0.83	O2):74.318	
O1):-0.821	O2):54.386	
Starting PrismExecutor worker 3 on port 11483
O1):-0.781	O2):47.005	
O1):-0.855	O2):58.206	
O1):-0.836	O2):53.281	
O1):-0.828	O2):49.206	
O1):-0.847	O2):62.973	
Connected worker 3 to port 11483
O1):-0.807	O2):48.47	
O1):-0.811	O2):49.431	
O1):-0.847	O2):63.828	
O1):-0.822	O2):65.627	
O1):-0.832	O2):57.894	
O1):-0.806	O2):46.83	
O1):-0.783	O2):41.602	
O1):-0.806	O2):47.665	
O1):-0.802	O2):46.533	
O1):-0.851	O2):63.555	
O1):-0.787	O2):45.096	
O1):-0.836	O2):53.114	
O1):-0.834	O2):48.997	
O1):-0.751	O2):46.907	
O1):-0.804	O2):47.231	
O1):-0.837	O2):54.917	
O1):-0.829	O2):58.232	
O1):-0.846	O2):55.442	
O1):-0.839	O2):57.815	
O1):-0.822	O2):62.349	
O1):-0.838	O2):60.048	
O1):-0.829	O2):57.008	
O1):-0.821	O2):54.381	
O1):-0.838	O2):59.038	
O1):-0.806	O2):51.82	
O1):-0.749	O2):42.094	
O1):-0.827	O2):49.072	
O1):-0.76	O2):43.062	
O1):-0.839	O2):62.894	
O1):-0.829	O2):55.977	
O1):-0.845	O2):58.704	
O1):-0.844	O2):62.451	
O1):-0.813	O2):52.514	
O1):-0.846	O2):58.539	
O1):-0.839	O2):63.193	
O1):-0.759	O2):42.197	
O1):-0.807	O2):55.423	
O1):-0.82	O2):47.911	
O1):-0.824	O2):52.621	
O1):-0.76	O2):42.415	
O1):-0.805	O2):47.743	
O1):-0.829	O2):60.984	
O1):-0.779	O2):44.654	
O1):-0.821	O2):52.859	
O1):-0.787	O2):45.217	
O1):-0.757	O2):42.259	
O1):-0.83	O2):53.15	
O1):-0.774	O2):52.436	
Starting PrismExecutor worker 2 on port 11422
O1):-0.846	O2):59.106	
O1):-0.82	O2):62.861	
O1):-0.785	O2):45.056	
O1):-0.837	O2):57.617	
O1):-0.806	O2):48.553	
O1):-0.823	O2):51.889	
Connected worker 2 to port 11422
O1):-0.801	O2):46.459	
O1):-0.872	O2):72.824	
O1):-0.821	O2):53.695	
O1):-0.775	O2):42.475	
O1):-0.768	O2):37.478	
O1):-0.827	O2):53.079	
O1):-0.839	O2):58.169	
O1):-0.823	O2):51.921	
O1):-0.803	O2):46.961	
O1):-0.759	O2):47.15	
O1):-0.855	O2):73.365	
O1):-0.791	O2):51.799	
O1):-0.79	O2):46.539	
O1):-0.804	O2):47.303	
O1):-0.834	O2):56.53	
O1):-0.829	O2):58.135	
O1):-0.79	O2):46.431	
O1):-0.746	O2):46.512	
O1):-0.793	O2):46.447	
O1):-0.744	O2):45.784	
O1):-0.854	O2):68.112	
O1):-0.787	O2):45.091	
O1):-0.765	O2):43.914	
O1):-0.797	O2):46.576	
O1):-0.822	O2):56.165	
O1):-0.782	O2):47.227	
O1):-0.855	O2):68.268	
O1):-0.846	O2):54.528	
O1):-0.797	O2):49.784	
O1):-0.777	O2):37.056	
O1):-0.81	O2):47.859	
O1):-0.844	O2):52.826	
O1):-0.864	O2):64.628	
O1):-0.839	O2):58.532	
O1):-0.787	O2):48.28	
O1):-0.781	O2):47.787	
O1):-0.83	O2):45.471	
O1):-0.798	O2):50.729	
O1):-0.838	O2):58.845	
O1):-0.79	O2):47.792	
O1):-0.758	O2):43.609	O1):-0.797	O2):48.725	

O1):-0.83	O2):58.876	
O1):-0.822	O2):51.268	
O1):-0.83	O2):54.532	
O1):-0.805	O2):46.912	
O1):-0.754	O2):45.869	
O1):-0.838	O2):63.329	
O1):-0.75	O2):36.014	
O1):-0.78	O2):43.873	
O1):-0.804	O2):47.304	
O1):-0.855	O2):77.931	
Starting PrismExecutor worker 1 on port 11481
O1):-0.836	O2):52.958	
O1):-0.805	O2):48.208	
O1):-0.854	O2):67.854	
O1):-0.788	O2):48.328	
Connected worker 1 to port 11481
O1):-0.846	O2):59.563	
O1):-0.793	O2):51.019	
O1):-0.837	O2):54.888	
O1):-0.79	O2):52.469	
O1):-0.816	O2):62.551	
O1):-0.845	O2):58.32	
O1):-0.872	O2):77.653	
O1):-0.828	O2):53.055	
O1):-0.852	O2):54.426	
O1):-0.787	O2):45.121	
O1):-0.82	O2):47.353	
O1):-0.76	O2):52.342	
O1):-0.855	O2):63.251	
O1):-0.838	O2):62.582	
O1):-0.79	O2):46.905	
O1):-0.814	O2):51.426	
O1):-0.83	O2):52.523	
O1):-0.789	O2):43.871	
O1):-0.822	O2):52.057	
O1):-0.82	O2):51.364	
O1):-0.804	O2):47.303	
O1):-0.783	O2):41.683	
O1):-0.868	O2):68.345	
O1):-0.855	O2):63.251	
O1):-0.822	O2):53.158	
O1):-0.782	O2):47.015	
O1):-0.802	O2):50.032	
O1):-0.822	O2):56.374	
O1):-0.775	O2):46.508	
O1):-0.812	O2):48.773	
O1):-0.863	O2):68.565	
O1):-0.786	O2):42.782	
O1):-0.796	O2):44.94	
O1):-0.837	O2):58.139	
O1):-0.856	O2):68.812	
O1):-0.8	O2):47.741	
O1):-0.82	O2):48.308	
O1):-0.837	O2):55.052	
O1):-0.814	O2):52.525	
O1):-0.831	O2):57.693	
O1):-0.782	O2):47.784	
O1):-0.837	O2):58.139	
O1):-0.798	O2):44.653	
O1):-0.798	O2):46.449	
O1):-0.822	O2):51.316	
O1):-0.819	O2):48.858	
O1):-0.838	O2):62.166	
O1):-0.829	O2):56.871	
O1):-0.821	O2):48.346	
O1):-0.812	O2):51.357	
O1):-0.822	O2):62.451	
O1):-0.823	O2):56.961	
O1):-0.872	O2):72.824	
Starting PrismExecutor worker 2 on port 11482
O1):-0.778	O2):37.079	
O1):-0.774	O2):48.329	
Connected worker 2 to port 11482
O1):-0.837	O2):45.718	
O1):-0.816	O2):49.278	
O1):-0.796	O2):49.165	
O1):-0.807	O2):47.583	
O1):-0.805	O2):42.934	
O1):-0.806	O2):47.949	
O1):-0.794	O2):46.123	
O1):-0.766	O2):46.908	
O1):-0.795	O2):46.919	
O1):-0.803	O2):43.077	
O1):-0.795	O2):46.364	
O1):-0.735	O2):37.368	
O1):-0.821	O2):49.283	
O1):-0.846	O2):57.652	
O1):-0.812	O2):43.699	
O1):-0.83	O2):53.002	
O1):-0.812	O2):46.235	
O1):-0.772	O2):41.816	
O1):-0.846	O2):59.059	
O1):-0.838	O2):59.962	
O1):-0.823	O2):52.361	
O1):-0.838	O2):63.81	
O1):-0.839	O2):62.448	
O1):-0.863	O2):65.036	
O1):-0.79	O2):46.902	
O1):-0.79	O2):52.849	
O1):-0.806	O2):47.798	
O1):-0.837	O2):55.054	
O1):-0.837	O2):54.917	
O1):-0.786	O2):45.463	
O1):-0.839	O2):58.117	
O1):-0.799	O2):48.23	
O1):-0.759	O2):46.467	
O1):-0.845	O2):63.107	
O1):-0.854	O2):68.433	
O1):-0.827	O2):47.269	
O1):-0.796	O2):47.304	
O1):-0.807	O2):51.332	
O1):-0.798	O2):43.835	
O1):-0.795	O2):46.457	
O1):-0.81	O2):47.859	
O1):-0.829	O2):52.015	
O1):-0.782	O2):44.225	
O1):-0.782	O2):47.072	
O1):-0.806	O2):52.779	
O1):-0.83	O2):52.912	
O1):-0.839	O2):63.194	
O1):-0.831	O2):52.72	
O1):-0.821	O2):52.051	
O1):-0.764	O2):42.957	
O1):-0.827	O2):53.619	
O1):-0.864	O2):64.628	
O1):-0.838	O2):53.872	
O1):-0.767	O2):42.568	
O1):-0.812	O2):48.705	
O1):-0.854	O2):63.219	
Starting PrismExecutor worker 0 on port 11430
Starting PrismExecutor worker 3 on port 11433
O1):-0.771	O2):41.982	
O1):-0.844	O2):57.534	
O1):-0.83	O2):56.561	
Connected worker 0 to port 11430
Connected worker 3 to port 11433
O1):-0.821	O2):48.948	
O1):-0.82	O2):51.364	
O1):-0.761	O2):42.08	
O1):-0.839	O2):58.757	
O1):-0.856	O2):67.739	
O1):-0.774	O2):47.553	
O1):-0.78	O2):53.122	
O1):-0.837	O2):57.897	
O1):-0.864	O2):63.802	
O1):-0.797	O2):49.056	
O1):-0.79	O2):47.004	
O1):-0.846	O2):60.1	
O1):-0.792	O2):47.707	
O1):-0.846	O2):61.159	
O1):-0.79	O2):46.913	
O1):-0.821	O2):52.662	
O1):-0.799	O2):51.493	
O1):-0.75	O2):36.517	
O1):-0.782	O2):57.833	
O1):-0.788	O2):43.723	
O1):-0.821	O2):57.704	
O1):-0.796	O2):44.626	
O1):-0.847	O2):66.753	
O1):-0.813	O2):48.099	
O1):-0.837	O2):59.659	
O1):-0.847	O2):59.765	
O1):-0.805	O2):44.235	
O1):-0.79	O2):46.898	
O1):-0.822	O2):56.354	
O1):-0.787	O2):45.091	
O1):-0.804	O2):47.379	
O1):-0.765	O2):43.914	
O1):-0.847	O2):66.734	
O1):-0.807	O2):48.944	
O1):-0.837	O2):45.718	
O1):-0.812	O2):48.691	
O1):-0.784	O2):43.579	
O1):-0.845	O2):53.757	
O1):-0.736	O2):42.446	
O1):-0.805	O2):48.166	
O1):-0.794	O2):48.235	
O1):-0.814	O2):52.236	
O1):-0.801	O2):43.025	
O1):-0.824	O2):52.754	
O1):-0.759	O2):42.351	
O1):-0.83	O2):57.164	
O1):-0.822	O2):53.445	
O1):-0.814	O2):48.619	
O1):-0.854	O2):62.41	
O1):-0.837	O2):50.025	
O1):-0.823	O2):52.927	
O1):-0.722	O2):42.683	
O1):-0.846	O2):62.986	
O1):-0.822	O2):62.451	
O1):-0.826	O2):55.03	
O1):-0.779	O2):40.749	
O1):-0.76	O2):43.066	
O1):-0.847	O2):63.722	
O1):-0.814	O2):52.267	
O1):-0.829	O2):51.681	
O1):-0.805	O2):48.588	
O1):-0.805	O2):42.933	
O1):-0.795	O2):48.362	
O1):-0.814	O2):47.544	
O1):-0.783	O2):46.761	
O1):-0.84	O2):62.768	
O1):-0.846	O2):59.059	
O1):-0.828	O2):54.429	
O1):-0.788	O2):43.424	
O1):-0.812	O2):47.051	
O1):-0.788	O2):43.457	
O1):-0.814	O2):48.425	
O1):-0.83	O2):56.013	
O1):-0.81	O2):47.85	
O1):-0.82	O2):49.816	
O1):-0.793	O2):46.2	
O1):-0.758	O2):42.241	
O1):-0.801	O2):46.28	
O1):-0.847	O2):60.612	
O1):-0.76	O2):43.066	
O1):-0.806	O2):47.798	
O1):-0.788	O2):47.951	
O1):-0.774	O2):47.486	
O1):-0.806	O2):52.171	
O1):-0.781	O2):47.005	
O1):-0.751	O2):42.663	
O1):-0.828	O2):48.538	
O1):-0.872	O2):72.824	
O1):-0.847	O2):63.448	
O1):-0.813	O2):46.434	
O1):-0.821	O2):52.554	
O1):-0.823	O2):48.755	
O1):-0.839	O2):61.23	
O1):-0.807	O2):52.197	
O1):-0.747	O2):37.683	
O1):-0.839	O2):64.621	
O1):-0.782	O2):43.247	
O1):-0.837	O2):50.557	
O1):-0.781	O2):58.664	
O1):-0.838	O2):57.291	
O1):-0.838	O2):62.582	
O1):-0.787	O2):43.747	
O1):-0.795	O2):46.5	
O1):-0.814	O2):52.395	
O1):-0.782	O2):46.687	
O1):-0.806	O2):46.855	
O1):-0.823	O2):51.89	
O1):-0.779	O2):40.749	
O1):-0.759	O2):38.033	
O1):-0.779	O2):41.489	
O1):-0.814	O2):51.439	
O1):-0.789	O2):47.213	
O1):-0.863	O2):68.565	
O1):-0.81	O2):47.859	
O1):-0.792	O2):46.834	
O1):-0.823	O2):51.947	
Starting PrismExecutor worker 0 on port 11480
O1):-0.837	O2):58.689	
O1):-0.82	O2):51.364	
Connected worker 0 to port 11480
O1):-0.799	O2):42.937	
O1):-0.806	O2):52.317	
O1):-0.84	O2):56.154	
O1):-0.798	O2):51.57	
O1):-0.829	O2):58.628	
O1):-0.782	O2):43.887	
O1):-0.752	O2):47.561	
Evaluations:	400
O1):-0.841	O2):57.565	
O1):-0.804	O2):47.304	
O1):-0.783	O2):46.761	
O1):-0.853	O2):58.464	
O1):-0.801	O2):46.011	
O1):-0.822	O2):51.745	
O1):-0.854	O2):66.78	
O1):-0.77	O2):45.534	
O1):-0.863	O2):64.468	
O1):-0.828	O2):52.284	
O1):-0.855	O2):64.444	
O1):-0.847	O2):64.494	
O1):-0.837	O2):45.82	
O1):-0.79	O2):46.194	
O1):-0.782	O2):43.888	
O1):-0.838	O2):62.435	
O1):-0.828	O2):53.422	
O1):-0.83	O2):53.835	
O1):-0.838	O2):58.941	
O1):-0.814	O2):49.052	
O1):-0.814	O2):48.222	
O1):-0.838	O2):58.713	
O1):-0.855	O2):68.388	
O1):-0.855	O2):58.206	
O1):-0.821	O2):51.867	
O1):-0.797	O2):49.538	
O1):-0.839	O2):63.151	
O1):-0.812	O2):48.072	
O1):-0.822	O2):52.678	
O1):-0.799	O2):50.659	
O1):-0.734	O2):36.471	
O1):-0.845	O2):61.499	
O1):-0.822	O2):51.316	
O1):-0.758	O2):43.607	
O1):-0.789	O2):47.937	
O1):-0.807	O2):47.808	
O1):-0.863	O2):68.372	
O1):-0.83	O2):57.852	
O1):-0.837	O2):58.18	
O1):-0.83	O2):57.852	
O1):-0.788	O2):46.825	
O1):-0.798	O2):46.721	
O1):-0.788	O2):43.723	
O1):-0.776	O2):50.514	
O1):-0.831	O2):49.001	
O1):-0.826	O2):49.962	
Starting PrismExecutor worker 1 on port 11431
O1):-0.813	O2):52.509	
O1):-0.836	O2):53.114	
O1):-0.847	O2):57.948	
O1):-0.839	O2):58.757	
O1):-0.855	O2):68.498	
O1):-0.765	O2):46.461	
Connected worker 1 to port 11431
O1):-0.797	O2):46.506	
O1):-0.766	O2):47.071	
O1):-0.82	O2):48.437	
O1):-0.768	O2):41.893	
O1):-0.814	O2):52.267	
O1):-0.821	O2):51.665	
O1):-0.79	O2):47.563	
O1):-0.846	O2):59.774	
O1):-0.837	O2):59.655	
O1):-0.83	O2):52.912	
O1):-0.79	O2):47.349	
O1):-0.769	O2):37.392	
O1):-0.828	O2):52.197	
O1):-0.813	O2):44.029	
O1):-0.799	O2):46.712	
O1):-0.796	O2):44.626	
O1):-0.775	O2):38.687	
O1):-0.797	O2):48.95	
O1):-0.822	O2):55.729	
O1):-0.853	O2):59.006	
O1):-0.863	O2):59.154	
O1):-0.83	O2):52.962	
O1):-0.833	O2):53.237	
O1):-0.795	O2):54.443	
O1):-0.814	O2):52.506	
O1):-0.805	O2):46.5	
O1):-0.853	O2):53.061	
O1):-0.816	O2):52.684	
O1):-0.807	O2):47.585	
O1):-0.751	O2):43.396	
O1):-0.789	O2):42.711	
O1):-0.839	O2):55.16	
O1):-0.789	O2):48.889	
O1):-0.815	O2):56.511	
O1):-0.829	O2):53.521	
O1):-0.822	O2):53.304	
O1):-0.747	O2):42.014	
O1):-0.795	O2):48.231	
O1):-0.822	O2):53.304	
O1):-0.793	O2):46.106	
O1):-0.801	O2):46.272	
O1):-0.768	O2):46.111	
O1):-0.846	O2):67.854	
O1):-0.812	O2):48.705	
O1):-0.847	O2):68.207	
O1):-0.81	O2):47.859	
O1):-0.776	O2):42.317	
O1):-0.838	O2):62.377	
O1):-0.82	O2):54.016	
O1):-0.837	O2):53.999	
O1):-0.795	O2):46.364	
O1):-0.821	O2):51.855	
O1):-0.806	O2):51.381	
O1):-0.813	O2):47.217	
O1):-0.812	O2):43.06	
O1):-0.806	O2):48.404	
O1):-0.854	O2):68.258	
O1):-0.783	O2):44.319	
O1):-0.789	O2):48.25	
O1):-0.814	O2):51.513	
O1):-0.837	O2):58.05	
Starting PrismExecutor worker 2 on port 11432
O1):-0.814	O2):52.21	
O1):-0.822	O2):51.316	
Connected worker 2 to port 11432
O1):-0.784	O2):46.137	
O1):-0.837	O2):55.054	
O1):-0.813	O2):51.364	
O1):-0.823	O2):52.476	
O1):-0.83	O2):53.569	
O1):-0.787	O2):44.928	
O1):-0.829	O2):53.835	
O1):-0.805	O2):49.125	
O1):-0.766	O2):46.552	
O1):-0.801	O2):46.102	
O1):-0.759	O2):41.926	
O1):-0.767	O2):46.55	
O1):-0.805	O2):42.935	
O1):-0.821	O2):52.904	
O1):-0.773	O2):48.499	
O1):-0.856	O2):64.814	
O1):-0.793	O2):47.899	
O1):-0.79	O2):46.194	
O1):-0.797	O2):43.835	
O1):-0.793	O2):38.131	
O1):-0.813	O2):51.274	
O1):-0.754	O2):41.418	
O1):-0.837	O2):55.104	
O1):-0.807	O2):47.755	
O1):-0.789	O2):51.294	
O1):-0.767	O2):47.005	
O1):-0.812	O2):52.702	
O1):-0.837	O2):55.055	
O1):-0.82	O2):53.259	
O1):-0.812	O2):48.36	
O1):-0.789	O2):47.612	
O1):-0.846	O2):58.538	
O1):-0.79	O2):53.348	
O1):-0.838	O2):67.261	
O1):-0.822	O2):62.451	
O1):-0.828	O2):52.284	
O1):-0.838	O2):55.016	
O1):-0.829	O2):53.292	
O1):-0.781	O2):48.923	
O1):-0.846	O2):59.146	
O1):-0.812	O2):43.699	
O1):-0.791	O2):46.668	
O1):-0.838	O2):57.106	
O1):-0.838	O2):53.3	
O1):-0.756	O2):37.122	
O1):-0.781	O2):44.295	
O1):-0.806	O2):51.82	
O1):-0.789	O2):43.056	
O1):-0.83	O2):54.55	
O1):-0.846	O2):59.255	
O1):-0.831	O2):52.72	
O1):-0.805	O2):48.641	
O1):-0.837	O2):58.101	
O1):-0.821	O2):49.197	
O1):-0.805	O2):47.231	
O1):-0.784	O2):46.259	
O1):-0.838	O2):57.13	
O1):-0.797	O2):49.692	
O1):-0.765	O2):47.946	
O1):-0.813	O2):51.585	
O1):-0.826	O2):47.391	
Starting PrismExecutor worker 3 on port 11423
Starting PrismExecutor worker 0 on port 11420
O1):-0.788	O2):43.723	
O1):-0.829	O2):54.194	
O1):-0.872	O2):72.965	
Connected worker 3 to port 11423
Connected worker 0 to port 11420
O1):-0.827	O2):47.27	
O1):-0.774	O2):43.994	
O1):-0.839	O2):62.966	
O1):-0.796	O2):47.845	
O1):-0.846	O2):63.229	
O1):-0.797	O2):50.82	
O1):-0.83	O2):57.851	
O1):-0.754	O2):41.418	
O1):-0.814	O2):51.439	
O1):-0.776	O2):42.312	
O1):-0.837	O2):54.877	
O1):-0.789	O2):46.888	
O1):-0.775	O2):46.791	
O1):-0.813	O2):51.273	
O1):-0.813	O2):48.214	
O1):-0.789	O2):57.977	
O1):-0.838	O2):62.582	
O1):-0.795	O2):46.92	
O1):-0.827	O2):49.072	
O1):-0.827	O2):47.269	
O1):-0.837	O2):45.767	
O1):-0.789	O2):42.851	
O1):-0.831	O2):68.612	
O1):-0.786	O2):43.454	
O1):-0.782	O2):42.517	
O1):-0.826	O2):48.425	
O1):-0.798	O2):46.399	
O1):-0.821	O2):53.371	
O1):-0.855	O2):63.733	
O1):-0.75	O2):36.014	
O1):-0.803	O2):47.09	
O1):-0.806	O2):47.665	
O1):-0.793	O2):48.74	
O1):-0.831	O2):68.612	
O1):-0.828	O2):51.849	
O1):-0.795	O2):46.833	
O1):-0.787	O2):43.127	
O1):-0.821	O2):47.85	
O1):-0.823	O2):56.267	
Evaluations:	400
O1):-0.777	O2):41.103	
O1):-0.731	O2):36.329	
O1):-0.793	O2):46.527	
O1):-0.822	O2):51.316	
O1):-0.773	O2):42.489	
O1):-0.83	O2):57.211	
O1):-0.805	O2):48.164	
O1):-0.796	O2):44.94	
O1):-0.853	O2):59.615	
O1):-0.776	O2):46.34	
O1):-0.846	O2):62.697	
O1):-0.835	O2):52.968	
Evaluations:	400
O1):-0.818	O2):48.872	
O1):-0.863	O2):65.184	
O1):-0.847	O2):62.827	
O1):-0.807	O2):47.585	
O1):-0.855	O2):64.193	
O1):-0.797	O2):48.368	
O1):-0.822	O2):51.258	
O1):-0.82	O2):49.242	
O1):-0.793	O2):46.278	
O1):-0.838	O2):55.206	
O1):-0.847	O2):60.671	
O1):-0.803	O2):54.192	
O1):-0.821	O2):57.951	
O1):-0.864	O2):64.628	
O1):-0.788	O2):43.488	
O1):-0.855	O2):73.124	
O1):-0.846	O2):59.128	
O1):-0.837	O2):58.881	
O1):-0.805	O2):42.935	
O1):-0.813	O2):50.374	
O1):-0.776	O2):39.025	
O1):-0.821	O2):62.278	
O1):-0.831	O2):57.991	
O1):-0.799	O2):42.645	
O1):-0.803	O2):54.192	
O1):-0.864	O2):64.627	
O1):-0.838	O2):59.417	
O1):-0.784	O2):42.75	
O1):-0.855	O2):68.108	
O1):-0.839	O2):57.815	
O1):-0.823	O2):48.541	
O1):-0.855	O2):63.251	
O1):-0.829	O2):52.015	
O1):-0.79	O2):47.568	
O1):-0.822	O2):52.718	
O1):-0.813	O2):47.965	
O1):-0.787	O2):45.044	
O1):-0.855	O2):62.805	
O1):-0.806	O2):46.376	
O1):-0.796	O2):46.335	
O1):-0.846	O2):62.739	
O1):-0.745	O2):46.579	
O1):-0.782	O2):44.225	
O1):-0.799	O2):50.906	
O1):-0.847	O2):61.774	
O1):-0.846	O2):62.988	
O1):-0.795	O2):44.872	
O1):-0.838	O2):53.3	
O1):-0.83	O2):62.254	
O1):-0.843	O2):54.776	
O1):-0.846	O2):62.739	
O1):-0.83	O2):58.457	
O1):-0.805	O2):54.24	
O1):-0.838	O2):59.96	
O1):-0.797	O2):46.911	
O1):-0.806	O2):47.065	
O1):-0.855	O2):74.506	
O1):-0.83	O2):58.12	
O1):-0.751	O2):42.623	
O1):-0.823	O2):48.758	
O1):-0.81	O2):47.848	
O1):-0.831	O2):57.912	
O1):-0.779	O2):47.574	
O1):-0.871	O2):68.775	
O1):-0.831	O2):52.96	
O1):-0.831	O2):54.081	
O1):-0.855	O2):74.656	
O1):-0.796	O2):46.179	
O1):-0.821	O2):53.072	
O1):-0.789	O2):43.772	
O1):-0.832	O2):52.8	
Starting PrismExecutor worker 0 on port 11470
O1):-0.803	O2):47.554	
O1):-0.814	O2):48.027	
O1):-0.836	O2):52.956	
O1):-0.772	O2):46.566	
O1):-0.822	O2):51.999	
Connected worker 0 to port 11470
O1):-0.797	O2):46.418	
O1):-0.848	O2):63.633	
O1):-0.781	O2):43.888	
O1):-0.814	O2):52.433	
O1):-0.787	O2):43.47	
O1):-0.769	O2):44.833	
O1):-0.779	O2):42.608	
O1):-0.838	O2):58.8	
O1):-0.813	O2):50.37	
O1):-0.829	O2):59.618	
O1):-0.813	O2):51.545	
O1):-0.798	O2):49.767	
O1):-0.855	O2):72.705	
O1):-0.82	O2):48.437	
O1):-0.846	O2):54.53	
O1):-0.823	O2):51.629	
O1):-0.795	O2):52.98	
O1):-0.772	O2):46.566	
O1):-0.863	O2):60.101	
O1):-0.781	O2):47.053	
O1):-0.823	O2):52.755	
O1):-0.795	O2):48.169	
O1):-0.793	O2):45.417	
O1):-0.775	O2):42.475	
O1):-0.785	O2):45.056	
O1):-0.83	O2):52.735	
O1):-0.779	O2):44.654	
O1):-0.728	O2):42.315	
O1):-0.814	O2):51.439	
O1):-0.789	O2):48.235	
O1):-0.801	O2):46.102	
O1):-0.837	O2):49.786	
O1):-0.837	O2):57.219	
O1):-0.822	O2):52.847	
O1):-0.776	O2):46.34	
O1):-0.806	O2):52.827	
O1):-0.806	O2):48.988	
O1):-0.839	O2):67.885	
O1):-0.837	O2):54.917	
O1):-0.796	O2):44.939	
O1):-0.846	O2):59.64	
O1):-0.764	O2):42.353	
O1):-0.8	O2):46.851	
O1):-0.778	O2):41.524	
O1):-0.806	O2):51.663	
O1):-0.812	O2):47.748	
O1):-0.778	O2):47.672	
O1):-0.846	O2):58.056	
O1):-0.854	O2):64.239	
O1):-0.854	O2):58.074	
O1):-0.798	O2):43.08	
O1):-0.774	O2):43.994	
O1):-0.844	O2):59.856	
O1):-0.846	O2):59.521	
O1):-0.79	O2):47.413	
O1):-0.845	O2):58.315	
O1):-0.775	O2):42.227	
O1):-0.845	O2):54.25	
O1):-0.784	O2):43.58	
Evaluations:	400
O1):-0.837	O2):53.769	
O1):-0.821	O2):48.384	
O1):-0.828	O2):52.542	
O1):-0.776	O2):46.338	
O1):-0.838	O2):57.13	
Starting PrismExecutor worker 1 on port 11421
O1):-0.83	O2):54.948	
O1):-0.774	O2):48.096	
Connected worker 1 to port 11421
O1):-0.828	O2):52.406	
O1):-0.804	O2):47.183	
O1):-0.837	O2):49.629	
O1):-0.806	O2):50.879	
O1):-0.787	O2):45.121	
O1):-0.837	O2):54.917	
O1):-0.83	O2):56.801	
O1):-0.821	O2):52.904	
O1):-0.827	O2):54.941	
O1):-0.789	O2):46.891	
O1):-0.805	O2):42.935	
O1):-0.829	O2):56.871	
O1):-0.754	O2):41.419	
O1):-0.847	O2):57.948	
O1):-0.812	O2):47.051	
O1):-0.838	O2):55.016	
O1):-0.829	O2):58.088	
O1):-0.805	O2):46.821	
O1):-0.829	O2):53.232	
O1):-0.816	O2):52.132	
O1):-0.838	O2):60.426	
O1):-0.823	O2):62.627	
O1):-0.806	O2):47.433	
O1):-0.837	O2):54.917	
O1):-0.816	O2):47.567	
O1):-0.82	O2):51.826	
O1):-0.856	O2):67.74	
O1):-0.821	O2):59.718	
O1):-0.796	O2):44.626	
O1):-0.827	O2):48.878	
O1):-0.82	O2):49.601	
O1):-0.754	O2):41.418	
O1):-0.79	O2):46.902	
O1):-0.844	O2):57.645	
O1):-0.789	O2):43.155	
O1):-0.837	O2):54.689	
O1):-0.764	O2):43.572	
O1):-0.829	O2):53.309	
O1):-0.855	O2):63.251	
O1):-0.783	O2):48.214	
O1):-0.782	O2):42.957	
O1):-0.821	O2):56.992	
O1):-0.812	O2):47.051	
O1):-0.805	O2):47.743	
O1):-0.829	O2):47.938	
O1):-0.785	O2):46.884	
O1):-0.829	O2):53.292	
O1):-0.805	O2):47.217	
O1):-0.864	O2):79.062	
O1):-0.796	O2):44.63	
O1):-0.82	O2):51.363	
O1):-0.799	O2):46.794	
O1):-0.735	O2):42.743	
O1):-0.774	O2):47.122	
O1):-0.855	O2):64.467	
O1):-0.812	O2):48.595	
O1):-0.788	O2):53.639	
O1):-0.816	O2):51.215	
O1):-0.83	O2):54.699	
O1):-0.863	O2):54.442	
O1):-0.821	O2):57.245	
O1):-0.815	O2):52.774	
O1):-0.847	O2):63.454	
O1):-0.822	O2):56.357	
O1):-0.797	O2):69.245	
O1):-0.823	O2):48.54	
O1):-0.807	O2):47.269	
O1):-0.856	O2):67.633	
O1):-0.813	O2):47.847	
O1):-0.823	O2):52.185	
O1):-0.83	O2):56.932	
O1):-0.837	O2):55.054	
O1):-0.823	O2):57.093	
O1):-0.797	O2):58.155	
O1):-0.832	O2):58.571	
O1):-0.797	O2):49.058	
O1):-0.767	O2):52.052	
O1):-0.837	O2):53.588	
Starting PrismExecutor worker 4 on port 11484
O1):-0.806	O2):51.822	
O1):-0.779	O2):40.749	
O1):-0.843	O2):54.501	
Evaluations:	400
Connected worker 4 to port 11484
O1):-0.822	O2):53.242	
O1):-0.82	O2):51.364	
O1):-0.801	O2):46.272	
O1):-0.783	O2):42.299	
Evaluations:	400
O1):-0.863	O2):73.379	
O1):-0.851	O2):58.486	
O1):-0.776	O2):43.028	
O1):-0.828	O2):53.708	
O1):-0.839	O2):58.757	
O1):-0.806	O2):56.807	
O1):-0.831	O2):52.72	
O1):-0.823	O2):52.853	
O1):-0.829	O2):63.325	
O1):-0.846	O2):62.937	
O1):-0.822	O2):52.695	
O1):-0.838	O2):57.332	
O1):-0.864	O2):59.576	
O1):-0.821	O2):51.673	
O1):-0.799	O2):46.692	
O1):-0.794	O2):48.706	
O1):-0.826	O2):48.88	
O1):-0.83	O2):57.563	
O1):-0.855	O2):63.631	
O1):-0.855	O2):63.631	
O1):-0.855	O2):63.631	
O1):-0.855	O2):63.631	
O1):-0.82	O2):51.364	
O1):-0.855	O2):63.631	
O1):-0.838	O2):58.725	
O1):-0.805	O2):44.23	
O1):-0.798	O2):44.653	
O1):-0.789	O2):46.739	
O1):-0.776	O2):39.025	
O1):-0.76	O2):43.061	
O1):-0.807	O2):47.014	
O1):-0.829	O2):52.598	
O1):-0.829	O2):52.367	
O1):-0.855	O2):59.948	
O1):-0.784	O2):43.579	
O1):-0.844	O2):57.534	
O1):-0.837	O2):52.144	
O1):-0.813	O2):48.096	
O1):-0.797	O2):42.755	
O1):-0.86	O2):68.329	
O1):-0.82	O2):46.577	
O1):-0.797	O2):54.171	
O1):-0.798	O2):42.844	
O1):-0.829	O2):51.759	
O1):-0.871	O2):68.775	
O1):-0.803	O2):43.077	
O1):-0.805	O2):46.821	
O1):-0.798	O2):42.844	
O1):-0.806	O2):52.279	
O1):-0.839	O2):63.363	
O1):-0.812	O2):46.235	
O1):-0.797	O2):42.702	
O1):-0.788	O2):43.487	
Starting PrismExecutor worker 2 on port 11442
O1):-0.806	O2):48.801	
O1):-0.78	O2):40.867	
O1):-0.799	O2):52.466	
O1):-0.763	O2):40.925	
O1):-0.838	O2):51.96	
O1):-0.844	O2):62.451	
O1):-0.805	O2):47.752	
Connected worker 2 to port 11442
Evaluations:	400
O1):-0.814	O2):51.439	
O1):-0.769	O2):42.191	
O1):-0.837	O2):53.771	
O1):-0.781	O2):47.66	
O1):-0.839	O2):56.236	
O1):-0.821	O2):51.536	
O1):-0.754	O2):42.091	
O1):-0.758	O2):41.959	
O1):-0.829	O2):57.622	
O1):-0.754	O2):41.411	
O1):-0.812	O2):43.018	
O1):-0.787	O2):45.044	
O1):-0.782	O2):44.041	
O1):-0.821	O2):51.976	
O1):-0.783	O2):49.768	
O1):-0.846	O2):52.924	
O1):-0.839	O2):56.236	
O1):-0.729	O2):42.769	
O1):-0.788	O2):42.833	
O1):-0.802	O2):46.533	
O1):-0.846	O2):55.313	
O1):-0.83	O2):53.02	
O1):-0.838	O2):57.291	
O1):-0.798	O2):42.944	
O1):-0.791	O2):45.868	
O1):-0.823	O2):52.625	
O1):-0.814	O2):52.236	
O1):-0.768	O2):46.959	
O1):-0.847	O2):62.973	
O1):-0.778	O2):41.525	
O1):-0.853	O2):63.003	
O1):-0.783	O2):44.322	
O1):-0.831	O2):52.958	
O1):-0.829	O2):56.994	
O1):-0.749	O2):37.327	
O1):-0.838	O2):58.577	
O1):-0.793	O2):46.334	
O1):-0.846	O2):58.056	
O1):-0.839	O2):59.196	
O1):-0.787	O2):43.127	
O1):-0.83	O2):53.143	
O1):-0.855	O2):58.523	
O1):-0.804	O2):47.735	
Evaluations:	400
O1):-0.837	O2):55.806	
O1):-0.826	O2):47.466	
O1):-0.779	O2):47.285	
O1):-0.837	O2):57.617	
O1):-0.863	O2):68.565	
O1):-0.805	O2):49.333	
Evaluations:	400
O1):-0.805	O2):47.374	
O1):-0.823	O2):52.726	
Starting PrismExecutor worker 5 on port 11435
O1):-0.845	O2):58.32	
O1):-0.839	O2):62.425	
O1):-0.846	O2):59.64	
O1):-0.786	O2):42.382	
O1):-0.783	O2):46.824	
Connected worker 5 to port 11435
O1):-0.805	O2):41.77	
O1):-0.783	O2):46.824	
O1):-0.789	O2):42.711	
O1):-0.846	O2):67.121	
O1):-0.805	O2):46.649	
Evaluations:	400
O1):-0.768	O2):37.478	
O1):-0.788	O2):46.074	
O1):-0.822	O2):60.156	
O1):-0.847	O2):54.031	
O1):-0.855	O2):62.702	
O1):-0.821	O2):51.536	
O1):-0.855	O2):74.506	
O1):-0.847	O2):62.802	
O1):-0.788	O2):43.457	
O1):-0.813	O2):47.593	
O1):-0.75	O2):39.868	
O1):-0.781	O2):47.926	
O1):-0.844	O2):52.546	
O1):-0.823	O2):51.727	
O1):-0.855	O2):74.506	
O1):-0.846	O2):62.369	
O1):-0.855	O2):74.506	
O1):-0.839	O2):58.625	
O1):-0.804	O2):47.887	
O1):-0.823	O2):51.89	
O1):-0.758	O2):44.028	
O1):-0.767	O2):47.005	
O1):-0.806	O2):51.667	
O1):-0.863	O2):73.379	
O1):-0.831	O2):52.72	
O1):-0.796	O2):44.628	
O1):-0.805	O2):47.013	
O1):-0.829	O2):52.956	
O1):-0.805	O2):44.254	
O1):-0.74	O2):36.683	
O1):-0.779	O2):40.378	
O1):-0.779	O2):40.378	
O1):-0.779	O2):40.378	
O1):-0.805	O2):47.742	
O1):-0.838	O2):52.449	
O1):-0.855	O2):68.208	
O1):-0.855	O2):63.328	
O1):-0.839	O2):63.956	
O1):-0.855	O2):68.208	
O1):-0.827	O2):52.438	
O1):-0.821	O2):53.011	
O1):-0.813	O2):46.744	
O1):-0.837	O2):54.627	
O1):-0.82	O2):51.122	
O1):-0.812	O2):47.763	
O1):-0.806	O2):52.991	
O1):-0.779	O2):40.378	
O1):-0.828	O2):52.284	
O1):-0.805	O2):42.935	
O1):-0.837	O2):45.767	
O1):-0.783	O2):42.301	
O1):-0.83	O2):56.472	
O1):-0.788	O2):48.607	
O1):-0.806	O2):47.065	
O1):-0.813	O2):51.405	
O1):-0.837	O2):45.82	
Starting PrismExecutor worker 1 on port 11471
O1):-0.829	O2):58.005	
O1):-0.829	O2):53.296	
O1):-0.853	O2):59.004	
Connected worker 1 to port 11471
O1):-0.759	O2):41.926	
O1):-0.782	O2):43.247	
O1):-0.806	O2):46.894	
O1):-0.839	O2):58.115	
O1):-0.805	O2):46.658	
O1):-0.795	O2):44.872	
O1):-0.806	O2):51.893	
O1):-0.822	O2):59.149	
O1):-0.805	O2):47.509	
O1):-0.837	O2):53.682	
O1):-0.726	O2):35.234	
O1):-0.805	O2):47.535	
O1):-0.846	O2):58.004	
O1):-0.802	O2):46.871	
O1):-0.781	O2):42.786	
O1):-0.824	O2):47.073	
O1):-0.845	O2):54.017	
O1):-0.735	O2):42.743	
O1):-0.823	O2):51.629	
O1):-0.836	O2):53.114	
O1):-0.845	O2):57.711	
O1):-0.799	O2):48.057	
O1):-0.804	O2):47.183	
O1):-0.799	O2):46.488	
O1):-0.831	O2):57.538	
O1):-0.824	O2):51.978	
O1):-0.806	O2):46.719	
O1):-0.801	O2):46.835	
O1):-0.821	O2):48.949	
O1):-0.847	O2):59.687	
O1):-0.847	O2):54.656	
O1):-0.793	O2):45.496	
O1):-0.807	O2):47.271	
O1):-0.791	O2):45.868	
O1):-0.753	O2):42.094	
O1):-0.837	O2):53.753	
O1):-0.805	O2):44.235	
O1):-0.836	O2):51.4	
O1):-0.806	O2):47.608	
O1):-0.793	O2):46.528	
O1):-0.831	O2):48.908	
O1):-0.831	O2):55.849	
O1):-0.846	O2):54.53	
O1):-0.779	O2):41.489	
O1):-0.779	O2):41.489	
O1):-0.797	O2):53.258	
O1):-0.806	O2):46.376	
O1):-0.829	O2):51.759	
O1):-0.814	O2):48.573	
O1):-0.845	O2):50.222	
O1):-0.853	O2):59.003	
O1):-0.856	O2):64.814	
O1):-0.801	O2):46.272	
O1):-0.839	O2):61.67	
O1):-0.831	O2):52.72	
O1):-0.846	O2):59.146	
O1):-0.781	O2):54.095	
O1):-0.805	O2):42.941	
O1):-0.838	O2):52.639	
O1):-0.837	O2):45.817	
O1):-0.806	O2):47.591	
O1):-0.855	O2):63.33	
O1):-0.854	O2):67.855	
O1):-0.773	O2):49.045	
O1):-0.847	O2):59.382	
O1):-0.844	O2):53.673	
O1):-0.787	O2):43.468	
O1):-0.839	O2):56.236	
Starting PrismExecutor worker 3 on port 11403
O1):-0.812	O2):47.465	
O1):-0.83	O2):53.368	
O1):-0.773	O2):43.499	
O1):-0.8	O2):46.849	
Connected worker 3 to port 11403
O1):-0.83	O2):58.183	
O1):-0.79	O2):46.378	
O1):-0.813	O2):52.585	
O1):-0.784	O2):46.376	
O1):-0.793	O2):38.14	
O1):-0.786	O2):44.972	
O1):-0.828	O2):56.872	
O1):-0.793	O2):42.207	
O1):-0.837	O2):45.718	
O1):-0.755	O2):41.14	
O1):-0.804	O2):47.303	
O1):-0.863	O2):58.715	
O1):-0.806	O2):48.542	
O1):-0.829	O2):52.008	
O1):-0.852	O2):58.87	
O1):-0.779	O2):44.077	
O1):-0.805	O2):46.649	
O1):-0.83	O2):53.002	
O1):-0.806	O2):47.591	
O1):-0.806	O2):46.894	
O1):-0.792	O2):46.2	
O1):-0.855	O2):74.506	
O1):-0.837	O2):54.915	
O1):-0.759	O2):42.328	
O1):-0.759	O2):42.984	
O1):-0.797	O2):49.784	
O1):-0.838	O2):53.3	
O1):-0.796	O2):51.555	
O1):-0.819	O2):48.864	
O1):-0.752	O2):42.205	
O1):-0.783	O2):43.869	
O1):-0.796	O2):48.119	
O1):-0.805	O2):47.015	
O1):-0.823	O2):52.476	
O1):-0.821	O2):51.849	
O1):-0.828	O2):53.02	
O1):-0.746	O2):41.678	
O1):-0.823	O2):48.54	
O1):-0.813	O2):44.029	
O1):-0.839	O2):63.041	
O1):-0.847	O2):62.945	
O1):-0.813	O2):48.099	
O1):-0.822	O2):48.566	
O1):-0.797	O2):46.506	
O1):-0.8	O2):46.863	
O1):-0.801	O2):46.28	
O1):-0.774	O2):43.462	
O1):-0.803	O2):43.077	
O1):-0.781	O2):51.209	
O1):-0.82	O2):51.771	
O1):-0.846	O2):54.53	
O1):-0.829	O2):53.28	
O1):-0.837	O2):54.917	
O1):-0.806	O2):47.949	
O1):-0.812	O2):48.773	
O1):-0.767	O2):41.39	
O1):-0.788	O2):43.488	
O1):-0.776	O2):48.126	
O1):-0.768	O2):37.478	
O1):-0.838	O2):55.017	
O1):-0.838	O2):58.832	
O1):-0.793	O2):38.139	
O1):-0.83	O2):52.674	
O1):-0.758	O2):39.064	
O1):-0.847	O2):61.773	
O1):-0.833	O2):47.487	
Starting PrismExecutor worker 3 on port 11443
O1):-0.805	O2):42.935	
O1):-0.813	O2):47.473	
O1):-0.813	O2):47.217	
O1):-0.838	O2):55.015	
O1):-0.793	O2):45.008	
O1):-0.75	O2):36.014	
O1):-0.821	O2):53.766	
O1):-0.855	O2):73.124	
O1):-0.758	O2):41.604	
Connected worker 3 to port 11443
O1):-0.83	O2):58.124	
O1):-0.863	O2):58.975	
O1):-0.854	O2):63.219	
O1):-0.75	O2):43.422	
O1):-0.838	O2):53.293	
O1):-0.828	O2):51.85	
O1):-0.794	O2):44.905	
O1):-0.806	O2):47.159	
O1):-0.856	O2):63.064	
O1):-0.837	O2):53.998	
O1):-0.797	O2):49.784	
O1):-0.806	O2):47.594	
O1):-0.822	O2):53.231	
O1):-0.759	O2):42.196	
O1):-0.816	O2):51.687	
O1):-0.82	O2):47.927	
O1):-0.756	O2):38.693	
O1):-0.838	O2):54.39	
O1):-0.84	O2):63.176	
O1):-0.848	O2):68.126	
O1):-0.815	O2):47.542	
O1):-0.796	O2):44.626	
O1):-0.779	O2):42.608	
O1):-0.825	O2):49.054	
O1):-0.871	O2):72.836	
O1):-0.838	O2):57.291	
O1):-0.802	O2):47.642	
O1):-0.822	O2):48.751	
O1):-0.793	O2):46.518	
O1):-0.806	O2):46.894	
O1):-0.735	O2):38.268	
O1):-0.843	O2):54.501	
O1):-0.838	O2):52.639	
O1):-0.79	O2):41.831	
O1):-0.837	O2):50.025	
O1):-0.814	O2):48.471	
O1):-0.813	O2):47.72	
O1):-0.827	O2):53.226	
O1):-0.845	O2):50.284	
O1):-0.774	O2):45.999	
O1):-0.829	O2):60.385	
O1):-0.83	O2):52.962	
O1):-0.814	O2):47.544	
O1):-0.779	O2):41.489	
O1):-0.813	O2):51.451	
O1):-0.83	O2):74.314	
O1):-0.837	O2):54.917	
O1):-0.863	O2):65.037	
O1):-0.816	O2):52.684	
O1):-0.847	O2):67.741	
O1):-0.774	O2):43.462	
O1):-0.795	O2):46.364	
O1):-0.82	O2):51.364	
O1):-0.855	O2):67.598	
O1):-0.847	O2):54.687	
O1):-0.773	O2):42.567	
O1):-0.806	O2):50.564	
O1):-0.735	O2):38.26	
O1):-0.813	O2):47.411	
O1):-0.831	O2):52.72	
O1):-0.837	O2):50.557	
O1):-0.837	O2):54.419	
O1):-0.824	O2):57.12	
O1):-0.796	O2):44.679	
O1):-0.796	O2):46.546	
O1):-0.828	O2):51.85	
O1):-0.806	O2):47.601	
Starting PrismExecutor worker 3 on port 11473
O1):-0.787	O2):45.091	
Connected worker 3 to port 11473
O1):-0.856	O2):67.74	
O1):-0.779	O2):37.574	
O1):-0.791	O2):47.005	
O1):-0.81	O2):47.848	
O1):-0.82	O2):48.437	
O1):-0.782	O2):43.247	
O1):-0.805	O2):46.299	
O1):-0.863	O2):58.975	
O1):-0.812	O2):43.021	
O1):-0.729	O2):42.933	
O1):-0.81	O2):49.841	
O1):-0.793	O2):46.109	
O1):-0.837	O2):58.711	
O1):-0.786	O2):42.782	
O1):-0.837	O2):53.222	
O1):-0.814	O2):49.094	
O1):-0.837	O2):52.149	
O1):-0.758	O2):44.026	
O1):-0.855	O2):58.546	
O1):-0.812	O2):51.314	
O1):-0.864	O2):68.838	
O1):-0.798	O2):46.401	
O1):-0.828	O2):51.853	
O1):-0.829	O2):47.932	
O1):-0.83	O2):56.984	
O1):-0.838	O2):57.291	
O1):-0.863	O2):63.533	
O1):-0.777	O2):41.103	
O1):-0.776	O2):56.903	
O1):-0.768	O2):37.478	
O1):-0.754	O2):41.418	
O1):-0.838	O2):53.3	
O1):-0.821	O2):47.805	
O1):-0.737	O2):37.689	
O1):-0.827	O2):49.076	
O1):-0.782	O2):43.888	
O1):-0.845	O2):54.254	
O1):-0.805	O2):42.933	
O1):-0.82	O2):48.437	
O1):-0.796	O2):47.574	
O1):-0.751	O2):47.791	
O1):-0.855	O2):68.195	
O1):-0.806	O2):48.383	
O1):-0.83	O2):58.527	
O1):-0.872	O2):72.824	
O1):-0.789	O2):42.851	
O1):-0.828	O2):67.938	
O1):-0.804	O2):47.004	
O1):-0.833	O2):53.228	
O1):-0.813	O2):48.096	
O1):-0.823	O2):48.541	
O1):-0.774	O2):47.339	
O1):-0.863	O2):59.151	
O1):-0.839	O2):62.423	
O1):-0.784	O2):43.58	
O1):-0.839	O2):53.109	
O1):-0.846	O2):61.358	
O1):-0.837	O2):52.253	
O1):-0.821	O2):51.533	
O1):-0.747	O2):37.683	
O1):-0.855	O2):64.672	
Evaluations:	500
O1):-0.779	O2):42.342	
O1):-0.853	O2):67.841	
O1):-0.78	O2):43.873	
O1):-0.854	O2):67.854	
O1):-0.785	O2):50.619	
O1):-0.854	O2):64.239	
Starting PrismExecutor worker 0 on port 11440
O1):-0.837	O2):54.397	
O1):-0.846	O2):58.439	
O1):-0.811	O2):48.562	
Connected worker 0 to port 11440
O1):-0.815	O2):56.361	
O1):-0.82	O2):47.911	
O1):-0.823	O2):48.758	
O1):-0.805	O2):51.632	
O1):-0.846	O2):54.53	
O1):-0.837	O2):53.224	
O1):-0.837	O2):54.826	
O1):-0.837	O2):45.718	
O1):-0.797	O2):46.214	
O1):-0.822	O2):51.316	
O1):-0.805	O2):46.926	
O1):-0.871	O2):63.566	
O1):-0.838	O2):53.3	
O1):-0.846	O2):58.433	
O1):-0.856	O2):64.815	
O1):-0.822	O2):53.168	
O1):-0.829	O2):53.309	
O1):-0.828	O2):52.284	
O1):-0.804	O2):47.054	
O1):-0.837	O2):54.917	
O1):-0.821	O2):43.063	
O1):-0.854	O2):64.239	
O1):-0.802	O2):47.642	
O1):-0.827	O2):49.072	
O1):-0.837	O2):54.919	
O1):-0.796	O2):46.911	
O1):-0.837	O2):54.917	
O1):-0.853	O2):59.004	
O1):-0.782	O2):37.995	
O1):-0.805	O2):44.254	
O1):-0.78	O2):40.337	
O1):-0.854	O2):67.854	
O1):-0.823	O2):52.476	
O1):-0.819	O2):51.132	
O1):-0.864	O2):59.576	
O1):-0.822	O2):51.316	
O1):-0.775	O2):50.251	
O1):-0.854	O2):58.291	
O1):-0.812	O2):46.222	
O1):-0.822	O2):52.284	
O1):-0.823	O2):48.758	
O1):-0.805	O2):55.759	
O1):-0.864	O2):68.011	
O1):-0.803	O2):46.211	
O1):-0.764	O2):44.612	
O1):-0.829	O2):53.455	
O1):-0.847	O2):58.216	
O1):-0.837	O2):57.644	
O1):-0.829	O2):51.759	
O1):-0.803	O2):54.195	
O1):-0.814	O2):48.431	
O1):-0.748	O2):36.202	
O1):-0.828	O2):52.197	
O1):-0.805	O2):46.821	
O1):-0.757	O2):46.104	
O1):-0.785	O2):41.588	
O1):-0.754	O2):41.418	
O1):-0.805	O2):44.254	
O1):-0.806	O2):47.949	
O1):-0.831	O2):52.72	
O1):-0.787	O2):45.091	
O1):-0.797	O2):45.011	
O1):-0.847	O2):58.216	
O1):-0.799	O2):45.959	
O1):-0.821	O2):51.845	
O1):-0.798	O2):44.653	
O1):-0.82	O2):51.559	
O1):-0.822	O2):49.814	
O1):-0.815	O2):48.57	
O1):-0.751	O2):48.524	
O1):-0.83	O2):53.598	
Starting PrismExecutor worker 2 on port 11452
O1):-0.791	O2):47.063	
O1):-0.801	O2):46.103	
Connected worker 2 to port 11452
O1):-0.823	O2):52.476	
O1):-0.821	O2):52.35	
O1):-0.771	O2):41.138	
O1):-0.806	O2):54.547	
O1):-0.783	O2):42.305	
O1):-0.847	O2):58.271	
O1):-0.837	O2):54.919	
O1):-0.823	O2):51.727	
O1):-0.768	O2):42.058	
O1):-0.775	O2):48.046	
O1):-0.864	O2):73.995	
O1):-0.814	O2):48.623	
O1):-0.828	O2):51.85	
O1):-0.79	O2):46.188	
O1):-0.792	O2):43.372	
O1):-0.798	O2):47.777	
O1):-0.827	O2):49.108	
O1):-0.813	O2):58.439	
O1):-0.811	O2):50.322	
O1):-0.847	O2):58.595	
O1):-0.827	O2):49.076	
O1):-0.846	O2):54.528	
O1):-0.795	O2):46.919	
O1):-0.782	O2):42.399	
O1):-0.846	O2):52.924	
O1):-0.754	O2):41.418	
O1):-0.788	O2):47.014	
O1):-0.737	O2):42.017	
O1):-0.762	O2):41.86	
O1):-0.805	O2):49.123	
O1):-0.779	O2):40.742	
O1):-0.805	O2):42.935	
O1):-0.787	O2):43.205	
O1):-0.799	O2):45.881	
O1):-0.839	O2):58.75	
O1):-0.871	O2):68.766	
O1):-0.831	O2):54.853	
O1):-0.797	O2):46.442	
O1):-0.829	O2):51.759	
O1):-0.804	O2):44.086	
O1):-0.798	O2):46.988	
O1):-0.847	O2):59.196	
O1):-0.754	O2):41.418	
O1):-0.847	O2):58.225	
O1):-0.806	O2):48.542	
O1):-0.768	O2):37.478	
O1):-0.846	O2):59.133	
O1):-0.846	O2):74.009	
O1):-0.814	O2):52.555	
O1):-0.784	O2):43.58	
O1):-0.807	O2):47.014	
O1):-0.82	O2):52.301	
O1):-0.788	O2):43.052	
O1):-0.807	O2):47.755	
O1):-0.765	O2):46.685	
O1):-0.829	O2):53.232	
O1):-0.838	O2):53.293	
O1):-0.872	O2):77.802	
O1):-0.823	O2):51.631	
O1):-0.871	O2):67.925	
O1):-0.787	O2):42.873	
O1):-0.786	O2):41.012	
O1):-0.804	O2):46.522	
O1):-0.829	O2):51.754	
O1):-0.775	O2):41.586	
O1):-0.742	O2):38.468	
O1):-0.782	O2):43.247	
O1):-0.728	O2):37.832	
O1):-0.801	O2):46.011	
O1):-0.871	O2):78.94	
O1):-0.838	O2):55.447	
O1):-0.855	O2):68.498	
O1):-0.803	O2):43.077	
O1):-0.823	O2):52.361	
O1):-0.837	O2):57.617	
Starting PrismExecutor worker 2 on port 11472
O1):-0.806	O2):47.772	
O1):-0.803	O2):43.082	
Connected worker 2 to port 11472
O1):-0.847	O2):59.24	
O1):-0.854	O2):64.24	
O1):-0.856	O2):67.739	
O1):-0.758	O2):43.172	
O1):-0.864	O2):68.221	
O1):-0.819	O2):44.493	
O1):-0.814	O2):48.222	
O1):-0.748	O2):42.173	
O1):-0.821	O2):48.949	
O1):-0.846	O2):59.657	
O1):-0.783	O2):42.305	
O1):-0.821	O2):51.536	
O1):-0.835	O2):52.968	
O1):-0.778	O2):37.079	
O1):-0.807	O2):47.271	
O1):-0.806	O2):47.798	
O1):-0.847	O2):58.595	
O1):-0.852	O2):57.906	
O1):-0.795	O2):46.615	
O1):-0.827	O2):56.812	
O1):-0.807	O2):47.052	
O1):-0.788	O2):43.59	
O1):-0.821	O2):47.892	
O1):-0.855	O2):65.23	
O1):-0.823	O2):51.889	
O1):-0.769	O2):40.991	
O1):-0.79	O2):42.732	
O1):-0.757	O2):42.883	
O1):-0.82	O2):47.906	
O1):-0.828	O2):51.849	
O1):-0.839	O2):53.247	
O1):-0.796	O2):44.939	
O1):-0.814	O2):48.415	
O1):-0.847	O2):57.944	
O1):-0.846	O2):59.128	
O1):-0.784	O2):41.541	
O1):-0.787	O2):45.096	
O1):-0.799	O2):42.645	
O1):-0.846	O2):59.521	
O1):-0.793	O2):46.527	
O1):-0.82	O2):48.238	
O1):-0.837	O2):45.767	
O1):-0.839	O2):62.423	
O1):-0.776	O2):39.047	
O1):-0.845	O2):53.996	
O1):-0.822	O2):47.525	
O1):-0.742	O2):39.278	
O1):-0.848	O2):63.633	
O1):-0.821	O2):48.744	
O1):-0.805	O2):48.461	
O1):-0.806	O2):47.621	
O1):-0.853	O2):67.842	
O1):-0.822	O2):52.678	
O1):-0.813	O2):47.817	
O1):-0.837	O2):57.402	
O1):-0.789	O2):47.109	
O1):-0.821	O2):52.051	
O1):-0.805	O2):47.325	
O1):-0.797	O2):43.066	
O1):-0.806	O2):46.772	
O1):-0.789	O2):42.711	
O1):-0.822	O2):51.316	
O1):-0.828	O2):49.206	
O1):-0.778	O2):41.654	
O1):-0.819	O2):47.178	
O1):-0.769	O2):42.36	
O1):-0.812	O2):48.705	
O1):-0.839	O2):58.115	
O1):-0.823	O2):51.629	
O1):-0.805	O2):52.643	
O1):-0.806	O2):46.759	
O1):-0.854	O2):73.09	
O1):-0.802	O2):47.642	
O1):-0.847	O2):59.001	
O1):-0.829	O2):52.479	
O1):-0.833	O2):58.354	
O1):-0.863	O2):64.001	
Starting PrismExecutor worker 4 on port 11424
O1):-0.831	O2):54.857	
O1):-0.797	O2):46.506	
O1):-0.837	O2):48.523	
O1):-0.796	O2):44.626	
O1):-0.829	O2):52.581	
Connected worker 4 to port 11424
O1):-0.787	O2):43.747	
O1):-0.845	O2):57.711	
O1):-0.801	O2):46.011	
O1):-0.844	O2):57.539	
O1):-0.729	O2):42.87	
O1):-0.806	O2):47.949	
O1):-0.811	O2):46.602	
O1):-0.783	O2):41.683	
O1):-0.82	O2):51.364	
O1):-0.836	O2):53.281	
O1):-0.856	O2):67.742	
O1):-0.787	O2):45.091	
O1):-0.839	O2):62.376	
O1):-0.814	O2):52.509	
O1):-0.765	O2):43.267	
O1):-0.805	O2):47.743	
O1):-0.837	O2):49.786	
O1):-0.805	O2):44.235	
O1):-0.786	O2):45.463	
O1):-0.837	O2):45.718	
O1):-0.872	O2):72.824	
O1):-0.845	O2):53.904	
O1):-0.837	O2):53.999	
O1):-0.804	O2):47.303	
O1):-0.778	O2):37.079	
O1):-0.751	O2):42.622	
Evaluations:	500
O1):-0.822	O2):51.316	
O1):-0.726	O2):35.234	
O1):-0.765	O2):42.155	
O1):-0.844	O2):53.611	
O1):-0.847	O2):57.468	
O1):-0.797	O2):45.008	
O1):-0.786	O2):41.045	
O1):-0.814	O2):43.28	
O1):-0.814	O2):48.425	
O1):-0.834	O2):56.53	
O1):-0.793	O2):46.527	
O1):-0.786	O2):48.11	
O1):-0.822	O2):48.567	
O1):-0.846	O2):54.53	
O1):-0.79	O2):42.503	
O1):-0.785	O2):46.344	
O1):-0.813	O2):48.096	
Evaluations:	500
O1):-0.798	O2):43.082	
O1):-0.844	O2):57.569	
O1):-0.856	O2):64.812	
O1):-0.822	O2):48.566	
O1):-0.806	O2):46.855	
O1):-0.796	O2):46.106	
O1):-0.845	O2):56.35	
O1):-0.827	O2):47.27	
O1):-0.847	O2):54.63	
O1):-0.796	O2):43.173	
O1):-0.872	O2):72.965	
O1):-0.837	O2):49.864	
O1):-0.776	O2):42.311	
O1):-0.844	O2):62.441	
O1):-0.807	O2):42.716	
O1):-0.815	O2):48.487	
O1):-0.855	O2):68.108	
O1):-0.806	O2):47.949	
O1):-0.82	O2):48.437	
O1):-0.868	O2):68.345	
O1):-0.802	O2):51.433	
O1):-0.805	O2):42.933	
O1):-0.846	O2):60.35	
Starting PrismExecutor worker 0 on port 11410
O1):-0.805	O2):46.597	
O1):-0.825	O2):44.676	
O1):-0.839	O2):56.236	
O1):-0.759	O2):42.354	
O1):-0.846	O2):62.526	
O1):-0.796	O2):44.588	
Connected worker 0 to port 11410
O1):-0.735	O2):42.743	
O1):-0.83	O2):52.298	
O1):-0.855	O2):64.089	
O1):-0.854	O2):58.074	
O1):-0.784	O2):46.591	
O1):-0.863	O2):60.101	
O1):-0.864	O2):64.628	
O1):-0.837	O2):53.999	
O1):-0.823	O2):52.491	
O1):-0.787	O2):45.096	
O1):-0.804	O2):44.086	
O1):-0.846	O2):65.195	
O1):-0.83	O2):52.588	
O1):-0.806	O2):43.723	
O1):-0.837	O2):45.82	
O1):-0.863	O2):68.565	
O1):-0.783	O2):46.815	
O1):-0.806	O2):47.798	
O1):-0.845	O2):52.427	
O1):-0.821	O2):52.314	
O1):-0.806	O2):46.83	
O1):-0.778	O2):36.99	
O1):-0.847	O2):62.973	
O1):-0.828	O2):52.284	
O1):-0.838	O2):54.55	
O1):-0.855	O2):64.956	
O1):-0.855	O2):62.702	
O1):-0.806	O2):46.855	
O1):-0.828	O2):48.538	
O1):-0.837	O2):45.767	
O1):-0.79	O2):41.928	
O1):-0.823	O2):48.548	
O1):-0.793	O2):45.496	
O1):-0.774	O2):43.456	
O1):-0.796	O2):44.278	
O1):-0.799	O2):46.794	
O1):-0.845	O2):58.653	
O1):-0.836	O2):53.114	
O1):-0.789	O2):42.712	
O1):-0.823	O2):57.076	
O1):-0.795	O2):46.26	
O1):-0.792	O2):46.306	
O1):-0.83	O2):53.068	
O1):-0.806	O2):51.291	
O1):-0.854	O2):58.073	
O1):-0.847	O2):62.974	
O1):-0.847	O2):54.688	
O1):-0.789	O2):47.876	
O1):-0.826	O2):47.141	
O1):-0.787	O2):45.044	
O1):-0.822	O2):52.076	
O1):-0.75	O2):36.014	
O1):-0.821	O2):48.746	
O1):-0.735	O2):38.26	
O1):-0.847	O2):59.783	
O1):-0.74	O2):36.683	
O1):-0.768	O2):42.319	
O1):-0.801	O2):46.011	
O1):-0.795	O2):46.833	
O1):-0.807	O2):47.014	
O1):-0.789	O2):47.958	
O1):-0.805	O2):46.658	
O1):-0.819	O2):48.801	
O1):-0.837	O2):54.539	
O1):-0.797	O2):53.481	
O1):-0.773	O2):43.101	
O1):-0.837	O2):52.253	
O1):-0.828	O2):55.471	
O1):-0.846	O2):61.268	
Starting PrismExecutor worker 0 on port 11400
O1):-0.758	O2):37.537	
O1):-0.854	O2):58.074	
O1):-0.825	O2):49.64	
O1):-0.838	O2):53.872	
O1):-0.791	O2):48.313	
Connected worker 0 to port 11400
O1):-0.781	O2):54.095	
O1):-0.863	O2):68.568	
O1):-0.814	O2):53.685	
O1):-0.863	O2):63.822	
O1):-0.772	O2):51.847	
O1):-0.8	O2):46.849	
O1):-0.872	O2):72.824	
O1):-0.872	O2):72.824	
O1):-0.787	O2):43.747	
O1):-0.774	O2):47.257	
O1):-0.855	O2):60.177	
O1):-0.821	O2):57.457	
O1):-0.864	O2):59.578	
O1):-0.756	O2):38.693	
O1):-0.823	O2):48.345	
O1):-0.82	O2):44.8	
O1):-0.856	O2):67.866	
O1):-0.872	O2):72.965	
O1):-0.813	O2):47.217	
O1):-0.763	O2):41.49	
O1):-0.783	O2):47.051	
O1):-0.778	O2):41.323	
O1):-0.819	O2):47.324	
O1):-0.822	O2):51.316	
O1):-0.813	O2):43.589	
O1):-0.781	O2):42.305	
O1):-0.821	O2):48.752	
O1):-0.855	O2):63.959	
O1):-0.83	O2):53.02	
O1):-0.765	O2):42.155	
O1):-0.823	O2):52.361	
O1):-0.872	O2):68.511	
O1):-0.722	O2):42.552	
O1):-0.805	O2):46.926	
O1):-0.846	O2):58.439	
O1):-0.834	O2):52.227	
O1):-0.778	O2):36.987	
O1):-0.805	O2):47.367	
O1):-0.863	O2):64.468	
O1):-0.793	O2):45.501	
O1):-0.864	O2):64.625	
O1):-0.805	O2):47.367	
O1):-0.748	O2):36.211	
O1):-0.819	O2):51.397	
O1):-0.846	O2):56.993	
O1):-0.815	O2):50.862	
O1):-0.855	O2):63.251	
O1):-0.838	O2):52.718	
O1):-0.821	O2):47.849	
O1):-0.822	O2):53.218	
Evaluations:	500
O1):-0.797	O2):46.419	
O1):-0.797	O2):43.927	
O1):-0.759	O2):42.351	
O1):-0.813	O2):43.144	
O1):-0.799	O2):42.937	
O1):-0.798	O2):42.765	
O1):-0.827	O2):47.674	
O1):-0.853	O2):59.492	
O1):-0.795	O2):44.099	
O1):-0.779	O2):40.749	
O1):-0.814	O2):47.402	
O1):-0.735	O2):42.474	
O1):-0.804	O2):47.304	
O1):-0.823	O2):52.267	
O1):-0.793	O2):45.496	
O1):-0.787	O2):45.785	
O1):-0.806	O2):46.894	
O1):-0.82	O2):48.437	
O1):-0.826	O2):48.423	
O1):-0.838	O2):53.3	
O1):-0.864	O2):69.109	
O1):-0.837	O2):53.07	
O1):-0.864	O2):64.628	
O1):-0.742	O2):38.468	
O1):-0.838	O2):54.893	
O1):-0.863	O2):73.711	
Starting PrismExecutor worker 1 on port 11451
Starting PrismExecutor worker 2 on port 11492
O1):-0.823	O2):52.773	
O1):-0.806	O2):47.594	
O1):-0.79	O2):45.781	
O1):-0.836	O2):57.254	
O1):-0.797	O2):69.243	
Connected worker 1 to port 11451
Connected worker 2 to port 11492
O1):-0.863	O2):67.957	
O1):-0.82	O2):48.308	
O1):-0.863	O2):68.414	
O1):-0.847	O2):57.449	
O1):-0.847	O2):54.753	
O1):-0.792	O2):47.702	
O1):-0.855	O2):67.09	
O1):-0.828	O2):52.284	
O1):-0.829	O2):51.759	
O1):-0.846	O2):56.657	
O1):-0.83	O2):53.997	
O1):-0.821	O2):47.719	
O1):-0.848	O2):62.244	
O1):-0.776	O2):39.025	
O1):-0.854	O2):68.114	
O1):-0.847	O2):62.973	
O1):-0.839	O2):53.099	
O1):-0.829	O2):53.728	
O1):-0.856	O2):72.261	
O1):-0.807	O2):47.013	
O1):-0.839	O2):63.242	
O1):-0.854	O2):57.944	
O1):-0.846	O2):59.058	
O1):-0.799	O2):46.463	
O1):-0.76	O2):42.42	
O1):-0.768	O2):43.371	
O1):-0.772	O2):45.108	
O1):-0.796	O2):44.349	
O1):-0.871	O2):68.775	
O1):-0.736	O2):47.904	
O1):-0.837	O2):55.503	
O1):-0.816	O2):51.699	
O1):-0.839	O2):56.236	
O1):-0.828	O2):52.245	
O1):-0.838	O2):53.3	
O1):-0.796	O2):47.304	
O1):-0.827	O2):47.269	
O1):-0.782	O2):43.13	
O1):-0.757	O2):37.515	
O1):-0.799	O2):46.66	
O1):-0.838	O2):53.3	
O1):-0.814	O2):48.622	
O1):-0.731	O2):36.349	
O1):-0.805	O2):48.52	
O1):-0.82	O2):49.663	
O1):-0.864	O2):69.11	
O1):-0.845	O2):59.098	
O1):-0.829	O2):51.754	
O1):-0.786	O2):45.463	
O1):-0.823	O2):52.361	
O1):-0.821	O2):46.965	
O1):-0.796	O2):46.335	
O1):-0.775	O2):41.586	
O1):-0.813	O2):47.274	
O1):-0.837	O2):50.508	
O1):-0.805	O2):46.762	
O1):-0.792	O2):56.156	
O1):-0.755	O2):41.33	
O1):-0.804	O2):47.778	
O1):-0.759	O2):42.197	
O1):-0.807	O2):47.755	
O1):-0.821	O2):51.535	
O1):-0.829	O2):52.388	
O1):-0.848	O2):74.325	
O1):-0.805	O2):46.821	
O1):-0.759	O2):42.204	
O1):-0.844	O2):51.885	
O1):-0.822	O2):51.078	
O1):-0.757	O2):37.569	
O1):-0.863	O2):59.15	
O1):-0.734	O2):36.471	
O1):-0.806	O2):47.95	
O1):-0.839	O2):56.233	
O1):-0.784	O2):43.58	
O1):-0.823	O2):49.923	
O1):-0.846	O2):59.635	
O1):-0.806	O2):46.718	
Evaluations:	500
O1):-0.822	O2):52.053	
O1):-0.838	O2):54.171	
Evaluations:	500
O1):-0.855	O2):60.177	
O1):-0.761	O2):42.082	
O1):-0.792	O2):43.978	
O1):-0.814	O2):52.555	
O1):-0.81	O2):46.267	
O1):-0.8	O2):50.386	
O1):-0.765	O2):43.817	
O1):-0.822	O2):47.526	
O1):-0.855	O2):59.948	
O1):-0.812	O2):47.229	
O1):-0.806	O2):47.592	
O1):-0.829	O2):52.732	
O1):-0.834	O2):51.2	
O1):-0.831	O2):52.716	
O1):-0.828	O2):52.406	
O1):-0.839	O2):58.487	
O1):-0.831	O2):52.719	
O1):-0.854	O2):63.633	
O1):-0.787	O2):43.747	
O1):-0.845	O2):55.216	
O1):-0.771	O2):41.137	
O1):-0.821	O2):52.137	
O1):-0.845	O2):58.315	
Evaluations:	500
O1):-0.803	O2):49.585	
O1):-0.847	O2):58.34	
O1):-0.826	O2):47.391	
O1):-0.829	O2):49.757	
O1):-0.836	O2):53.114	
O1):-0.793	O2):45.904	
O1):-0.764	O2):42.353	
Evaluations:	500
O1):-0.815	O2):48.441	
O1):-0.845	O2):53.799	
O1):-0.799	O2):49.059	
O1):-0.813	O2):48.513	
O1):-0.838	O2):52.449	
O1):-0.838	O2):53.3	
O1):-0.806	O2):46.894	
O1):-0.805	O2):42.933	
O1):-0.855	O2):58.199	
O1):-0.805	O2):42.933	
O1):-0.805	O2):42.933	
O1):-0.826	O2):48.69	
O1):-0.805	O2):42.933	
O1):-0.821	O2):48.346	
O1):-0.864	O2):64.628	
O1):-0.821	O2):48.346	
O1):-0.784	O2):42.75	
O1):-0.818	O2):50.964	
O1):-0.827	O2):47.269	
O1):-0.839	O2):53.107	
O1):-0.771	O2):41.987	
O1):-0.847	O2):59.763	
O1):-0.855	O2):66.688	
O1):-0.804	O2):47.896	
O1):-0.797	O2):43.871	
O1):-0.846	O2):55.442	
O1):-0.796	O2):48.109	
O1):-0.805	O2):44.236	
O1):-0.83	O2):53.002	
O1):-0.805	O2):44.235	
O1):-0.844	O2):53.957	
O1):-0.829	O2):52.359	
O1):-0.759	O2):42.196	
O1):-0.847	O2):62.973	
O1):-0.838	O2):53.302	
O1):-0.855	O2):62.805	
O1):-0.837	O2):52.144	
O1):-0.785	O2):40.835	
O1):-0.806	O2):46.855	
O1):-0.837	O2):53.588	
O1):-0.845	O2):58.315	
O1):-0.816	O2):47.613	
O1):-0.793	O2):45.904	
O1):-0.828	O2):52.197	
O1):-0.831	O2):48.981	
O1):-0.814	O2):52.466	
O1):-0.78	O2):37.821	
O1):-0.798	O2):44.653	
O1):-0.822	O2):52.756	
O1):-0.797	O2):46.418	
Starting PrismExecutor worker 3 on port 11413
O1):-0.838	O2):53.3	
O1):-0.796	O2):44.588	
O1):-0.801	O2):46.28	
O1):-0.864	O2):68.221	
Connected worker 3 to port 11413
O1):-0.782	O2):42.957	
O1):-0.846	O2):61.908	
O1):-0.805	O2):46.299	
O1):-0.735	O2):38.26	
O1):-0.8	O2):46.849	
O1):-0.812	O2):48.312	
O1):-0.774	O2):41.905	
O1):-0.856	O2):67.74	
O1):-0.846	O2):54.045	
O1):-0.805	O2):41.777	
O1):-0.794	O2):42.931	
O1):-0.75	O2):36.014	
O1):-0.81	O2):42.745	
O1):-0.805	O2):42.935	
O1):-0.787	O2):42.751	
O1):-0.837	O2):53.588	
O1):-0.829	O2):52.875	
O1):-0.822	O2):52.078	
O1):-0.854	O2):59.516	
O1):-0.834	O2):56.53	
O1):-0.828	O2):51.159	
O1):-0.805	O2):48.822	
O1):-0.821	O2):47.719	
O1):-0.778	O2):40.627	
Evaluations:	500
O1):-0.829	O2):52.445	
O1):-0.847	O2):62.973	
O1):-0.84	O2):67.304	
O1):-0.805	O2):47.013	
O1):-0.8	O2):49.035	
O1):-0.805	O2):42.935	
O1):-0.832	O2):52.8	
O1):-0.79	O2):44.899	
O1):-0.806	O2):52.571	
O1):-0.799	O2):46.463	
O1):-0.846	O2):54.355	
O1):-0.807	O2):47.754	
O1):-0.838	O2):53.293	
O1):-0.837	O2):52.144	
O1):-0.829	O2):49.633	
O1):-0.855	O2):58.523	
O1):-0.787	O2):45.091	
O1):-0.829	O2):53.234	
O1):-0.854	O2):58.589	
O1):-0.855	O2):64.191	
O1):-0.814	O2):51.999	
O1):-0.819	O2):47.178	
O1):-0.798	O2):44.653	
O1):-0.846	O2):59.64	
O1):-0.862	O2):64.592	
O1):-0.821	O2):48.384	
O1):-0.831	O2):52.72	
O1):-0.826	O2):49.962	
O1):-0.829	O2):52.955	
O1):-0.813	O2):48.111	
O1):-0.828	O2):53.18	
O1):-0.806	O2):42.319	
O1):-0.779	O2):41.489	
O1):-0.853	O2):59.08	
O1):-0.783	O2):42.305	
O1):-0.798	O2):43.831	
O1):-0.847	O2):58.409	
O1):-0.791	O2):46.396	
O1):-0.742	O2):39.278	
O1):-0.768	O2):37.478	
O1):-0.813	O2):47.473	
O1):-0.786	O2):42.382	
O1):-0.872	O2):73.886	
O1):-0.846	O2):55.442	
O1):-0.83	O2):53.002	
O1):-0.814	O2):52.508	
O1):-0.83	O2):57.281	
O1):-0.845	O2):53.757	
O1):-0.813	O2):44.029	
O1):-0.805	O2):46.649	
O1):-0.822	O2):52.283	
Starting PrismExecutor worker 1 on port 11411
O1):-0.813	O2):48.711	
O1):-0.806	O2):47.592	
O1):-0.863	O2):63.336	
Connected worker 1 to port 11411
O1):-0.799	O2):46.794	
O1):-0.823	O2):53.405	
O1):-0.827	O2):51.465	
O1):-0.815	O2):48.506	
Evaluations:	500
O1):-0.805	O2):44.23	
O1):-0.838	O2):53.301	
O1):-0.821	O2):57.613	
O1):-0.844	O2):57.645	
O1):-0.783	O2):42.305	
O1):-0.855	O2):73.312	
O1):-0.82	O2):48.437	
O1):-0.846	O2):52.924	
O1):-0.814	O2):43.319	
O1):-0.778	O2):41.659	
O1):-0.856	O2):62.879	
O1):-0.863	O2):60.246	
O1):-0.846	O2):58.431	
O1):-0.822	O2):51.91	
O1):-0.814	O2):43.279	
O1):-0.872	O2):72.824	
O1):-0.778	O2):41.524	
O1):-0.803	O2):43.077	
O1):-0.82	O2):48.395	
O1):-0.806	O2):42.339	
O1):-0.768	O2):37.478	
O1):-0.788	O2):42.327	
O1):-0.778	O2):36.987	
O1):-0.829	O2):53.232	
O1):-0.838	O2):51.96	
O1):-0.846	O2):62.525	
O1):-0.847	O2):63.089	
O1):-0.776	O2):39.025	
O1):-0.828	O2):52.984	
O1):-0.781	O2):48.143	
O1):-0.797	O2):45.008	
O1):-0.812	O2):45.052	
O1):-0.797	O2):46.442	
O1):-0.787	O2):41.212	
O1):-0.837	O2):45.767	
O1):-0.819	O2):47.178	
O1):-0.826	O2):48.88	
O1):-0.777	O2):41.195	
O1):-0.839	O2):55.164	
O1):-0.807	O2):51.966	
O1):-0.872	O2):72.824	
O1):-0.766	O2):42.336	
O1):-0.82	O2):47.731	
O1):-0.854	O2):58.074	
O1):-0.854	O2):56.691	
O1):-0.863	O2):73.996	
O1):-0.828	O2):59.066	
O1):-0.786	O2):42.782	
O1):-0.863	O2):63.533	
O1):-0.821	O2):56.632	
O1):-0.829	O2):53.308	
O1):-0.825	O2):49.64	
O1):-0.801	O2):43.602	
O1):-0.845	O2):54.441	
O1):-0.796	O2):49.584	
O1):-0.828	O2):52.102	
O1):-0.846	O2):55.311	
O1):-0.863	O2):58.715	
O1):-0.863	O2):58.975	
O1):-0.804	O2):46.775	
O1):-0.805	O2):42.935	
O1):-0.854	O2):50.697	
O1):-0.853	O2):59.6	
O1):-0.805	O2):49.384	
O1):-0.796	O2):44.951	
O1):-0.845	O2):58.587	
O1):-0.828	O2):49.445	
O1):-0.837	O2):54.22	
O1):-0.863	O2):58.981	
O1):-0.75	O2):38.321	
O1):-0.789	O2):43.155	
O1):-0.827	O2):48.878	
O1):-0.787	O2):45.785	
O1):-0.799	O2):45.881	
O1):-0.851	O2):58.486	
Starting PrismExecutor worker 1 on port 11401
O1):-0.802	O2):45.552	
O1):-0.796	O2):44.628	
Connected worker 1 to port 11401
O1):-0.855	O2):59.948	
O1):-0.822	O2):51.81	
O1):-0.791	O2):43.142	
O1):-0.784	O2):43.58	
O1):-0.838	O2):56.192	
O1):-0.845	O2):53.901	
O1):-0.87	O2):67.782	
O1):-0.829	O2):49.063	
O1):-0.802	O2):46.533	
O1):-0.805	O2):47.834	
O1):-0.861	O2):63.13	
O1):-0.836	O2):52.983	
O1):-0.828	O2):50.457	
O1):-0.787	O2):45.785	
O1):-0.815	O2):48.506	
O1):-0.782	O2):43.247	
O1):-0.829	O2):47.843	
O1):-0.837	O2):50.13	
O1):-0.846	O2):60.203	
O1):-0.837	O2):45.718	
O1):-0.745	O2):35.366	
O1):-0.806	O2):46.894	
O1):-0.846	O2):54.53	
O1):-0.847	O2):62.976	
O1):-0.836	O2):53.743	
O1):-0.806	O2):51.56	
O1):-0.805	O2):46.299	
O1):-0.793	O2):38.14	
O1):-0.82	O2):47.911	
O1):-0.839	O2):55.147	
O1):-0.837	O2):45.718	
O1):-0.805	O2):46.921	
O1):-0.814	O2):52.676	
O1):-0.807	O2):50.935	
O1):-0.853	O2):68.041	
O1):-0.847	O2):59.765	
O1):-0.779	O2):42.314	
O1):-0.813	O2):49.067	
O1):-0.837	O2):53.785	
O1):-0.742	O2):36.673	
O1):-0.826	O2):49.962	
O1):-0.826	O2):47.391	
O1):-0.823	O2):48.755	
O1):-0.828	O2):49.87	
O1):-0.828	O2):47.842	
O1):-0.829	O2):57.771	
O1):-0.788	O2):48.677	
O1):-0.846	O2):62.68	
O1):-0.829	O2):47.464	
O1):-0.787	O2):45.091	
O1):-0.812	O2):43.699	
O1):-0.855	O2):63.238	
O1):-0.753	O2):42.061	
O1):-0.829	O2):49.554	
O1):-0.755	O2):41.33	
O1):-0.855	O2):60.127	
O1):-0.821	O2):51.533	
O1):-0.82	O2):56.547	
O1):-0.813	O2):47.942	
O1):-0.803	O2):43.077	
O1):-0.796	O2):44.939	
O1):-0.79	O2):43.57	
O1):-0.768	O2):37.478	
O1):-0.846	O2):52.924	
O1):-0.854	O2):73.14	
O1):-0.853	O2):68.043	
O1):-0.784	O2):43.58	
O1):-0.846	O2):63.146	
O1):-0.801	O2):43.803	
O1):-0.872	O2):77.802	
O1):-0.829	O2):68.634	
O1):-0.822	O2):47.525	
O1):-0.799	O2):46.463	
O1):-0.847	O2):68.193	
O1):-0.868	O2):68.345	
O1):-0.806	O2):47.159	
O1):-0.837	O2):45.718	
O1):-0.798	O2):42.952	
O1):-0.798	O2):42.944	
O1):-0.855	O2):73.233	
O1):-0.837	O2):52.144	
O1):-0.846	O2):57.254	
O1):-0.863	O2):63.533	
O1):-0.807	O2):42.716	
O1):-0.851	O2):63.655	
O1):-0.773	O2):43.499	
O1):-0.823	O2):48.54	
Starting PrismExecutor worker 0 on port 11490
O1):-0.853	O2):58.464	
O1):-0.837	O2):59.76	
O1):-0.826	O2):47.29	
Connected worker 0 to port 11490
O1):-0.805	O2):46.649	
O1):-0.847	O2):61.774	
O1):-0.83	O2):48.975	
O1):-0.806	O2):46.836	
O1):-0.823	O2):48.541	
O1):-0.787	O2):48.282	
O1):-0.836	O2):53.114	
O1):-0.811	O2):46.411	
O1):-0.79	O2):41.927	
O1):-0.846	O2):58.056	
O1):-0.844	O2):59.892	
O1):-0.847	O2):62.945	
O1):-0.82	O2):48.437	
O1):-0.872	O2):72.824	
O1):-0.776	O2):42.327	
O1):-0.863	O2):65.036	
O1):-0.847	O2):62.973	
O1):-0.821	O2):47.719	
O1):-0.823	O2):51.886	
O1):-0.838	O2):52.652	
O1):-0.851	O2):58.486	
O1):-0.789	O2):43.311	
O1):-0.806	O2):47.159	
O1):-0.782	O1):-0.83	O2):42.517	
O2):53.059	
O1):-0.783	O2):48.214	
O1):-0.771	O2):41.138	
O1):-0.805	O2):42.935	
O1):-0.797	O2):44.657	
O1):-0.768	O2):37.478	
O1):-0.784	O2):43.579	
O1):-0.837	O2):45.718	
O1):-0.826	O2):48.423	
O1):-0.784	O2):43.579	
O1):-0.784	O2):43.579	
O1):-0.796	O2):46.335	
O1):-0.868	O2):68.345	
O1):-0.863	O2):64.358	
O1):-0.805	O2):46.926	
O1):-0.83	O2):52.588	
O1):-0.835	O2):52.968	
O1):-0.853	O2):58.966	
O1):-0.837	O2):54.826	
O1):-0.795	O2):44.87	
O1):-0.797	O2):46.418	
O1):-0.799	O2):57.704	
O1):-0.805	O2):46.597	
O1):-0.82	O2):49.564	
O1):-0.829	O2):52.386	
O1):-0.814	O2):48.471	
O1):-0.823	O2):48.758	
O1):-0.823	O2):48.345	
O1):-0.829	O2):52.367	
O1):-0.846	O2):52.924	
O1):-0.768	O2):42.517	
O1):-0.839	O2):53.932	
O1):-0.844	O2):54.278	
O1):-0.864	O2):64.014	
O1):-0.757	O2):42.014	
O1):-0.838	O2):52.719	
O1):-0.798	O2):46.354	
O1):-0.846	O2):54.369	
O1):-0.855	O2):57.982	
O1):-0.837	O2):50.746	
O1):-0.838	O2):53.293	
O1):-0.779	O2):40.821	
O1):-0.843	O2):54.776	
O1):-0.826	O2):51.182	
O1):-0.828	O2):51.85	
O1):-0.863	O2):63.534	
O1):-0.847	O2):59.732	
O1):-0.834	O2):56.522	
O1):-0.861	O2):62.747	
Evaluations:	600
O1):-0.837	O2):54.22	
O1):-0.819	O2):48.088	
O1):-0.805	O2):41.77	
O1):-0.863	O2):63.938	
O1):-0.798	O2):42.944	
O1):-0.82	O2):49.604	
Starting PrismExecutor worker 1 on port 11491
O1):-0.805	O2):42.933	
O1):-0.821	O2):52.051	
Connected worker 1 to port 11491
O1):-0.854	O2):58.096	
O1):-0.838	O2):52.639	
O1):-0.845	O2):53.757	
O1):-0.807	O2):47.053	
O1):-0.801	O2):46.28	
O1):-0.79	O2):52.792	
O1):-0.853	O2):58.464	
O1):-0.734	O2):36.469	
O1):-0.778	O2):41.524	
O1):-0.857	O2):67.32	
O1):-0.854	O2):59.779	
O1):-0.78	O2):44.763	
O1):-0.782	O2):46.722	
O1):-0.814	O2):48.225	
O1):-0.863	O2):63.798	
O1):-0.863	O2):64.773	
O1):-0.801	O2):46.279	
O1):-0.846	O2):55.442	
O1):-0.769	O2):42.36	
O1):-0.846	O2):58.004	
O1):-0.789	O2):42.854	
O1):-0.847	O2):64.797	
O1):-0.788	O2):53.246	
O1):-0.779	O2):41.497	
O1):-0.846	O2):59.146	
O1):-0.779	O2):41.489	
O1):-0.797	O2):49.375	
O1):-0.803	O2):48.889	
O1):-0.868	O2):68.345	
O1):-0.872	O2):72.824	
O1):-0.829	O2):52.123	
O1):-0.805	O2):42.934	
O1):-0.775	O2):47.224	
O1):-0.837	O2):53.439	
O1):-0.82	O2):47.912	
O1):-0.816	O2):52.369	
O1):-0.837	O2):45.767	
O1):-0.776	O2):42.312	
O1):-0.821	O2):63.161	
O1):-0.78	O2):40.905	
O1):-0.826	O2):47.466	
O1):-0.838	O2):53.3	
O1):-0.808	O2):43.678	
O1):-0.782	O2):43.888	
O1):-0.856	O2):64.812	
O1):-0.776	O2):42.317	
O1):-0.837	O2):45.767	
O1):-0.782	O2):43.887	
O1):-0.775	O2):38.687	
O1):-0.855	O2):64.945	
O1):-0.872	O2):72.824	
O1):-0.837	O2):53.171	
O1):-0.779	O2):42.314	
O1):-0.775	O2):38.687	
O1):-0.759	O2):42.901	
O1):-0.837	O2):57.931	
O1):-0.822	O2):49.814	
O1):-0.829	O2):52.956	
O1):-0.823	O2):48.758	
O1):-0.786	O2):44.972	
O1):-0.854	O2):58.096	
O1):-0.839	O2):60.969	
O1):-0.803	O2):43.077	
O1):-0.838	O2):60.612	
O1):-0.856	O2):67.739	
O1):-0.863	O2):67.831	
O1):-0.838	O2):53.3	
O1):-0.831	O2):52.353	
O1):-0.853	O2):59.004	
O1):-0.83	O2):52.102	
O1):-0.839	O2):56.233	
O1):-0.798	O2):42.973	
O1):-0.828	O2):51.85	
O1):-0.814	O2):51.39	
O1):-0.854	O2):63.633	
O1):-0.823	O2):56.038	
O1):-0.805	O2):42.613	
O1):-0.765	O2):43.914	
O1):-0.783	O2):42.288	
O1):-0.837	O2):45.767	
O1):-0.807	O2):42.564	
O1):-0.778	O2):41.654	
O1):-0.845	O2):50.275	
O1):-0.822	O2):53.943	
O1):-0.845	O2):54.25	
O1):-0.828	O2):49.206	
O1):-0.802	O2):42.904	
O1):-0.785	O2):41.631	
Starting PrismExecutor worker 5 on port 11485
O1):-0.854	O2):59.516	
O1):-0.768	O2):37.478	
O1):-0.846	O2):52.924	
O1):-0.864	O2):79.064	
O1):-0.801	O2):46.272	
Connected worker 5 to port 11485
O1):-0.817	O2):46.222	
O1):-0.75	O2):36.014	
O1):-0.783	O2):42.299	
O1):-0.801	O2):46.265	
O1):-0.837	O2):49.786	
O1):-0.838	O2):53.293	
O1):-0.855	O2):68.197	
O1):-0.768	O2):37.478	
O1):-0.803	O2):43.077	
O1):-0.779	O2):42.608	
O1):-0.826	O2):43.9	
O1):-0.82	O2):47.906	
O1):-0.854	O2):64.242	
O1):-0.846	O2):56.654	
O1):-0.776	O2):39.047	
O1):-0.805	O2):42.935	
O1):-0.839	O2):61.253	
O1):-0.846	O2):58.056	
O1):-0.798	O2):48.46	
O1):-0.779	O2):41.497	
O1):-0.838	O2):54.55	
O1):-0.786	O2):42.298	
O1):-0.761	O2):42.082	
O1):-0.827	O2):52.432	
O1):-0.812	O2):43.699	
O1):-0.837	O2):62.785	
O1):-0.852	O2):57.766	
O1):-0.824	O2):52.62	
O1):-0.846	O2):58.052	
O1):-0.846	O2):58.991	
O1):-0.814	O2):52.677	
O1):-0.83	O2):49.964	
O1):-0.782	O2):43.888	
O1):-0.864	O2):64.02	
O1):-0.806	O2):46.654	
O1):-0.769	O2):37.392	
O1):-0.815	O2):48.506	
O1):-0.782	O2):42.399	
O1):-0.845	O2):54.25	
O1):-0.792	O2):43.967	
O1):-0.83	O2):52.749	
O1):-0.831	O2):58.722	
O1):-0.777	O2):37.056	
O1):-0.821	O2):48.912	
O1):-0.812	O2):47.465	
O1):-0.797	O2):49.637	
O1):-0.821	O2):47.719	
O1):-0.847	O2):62.973	
O1):-0.844	O2):54.614	
O1):-0.821	O2):55.145	
O1):-0.829	O2):51.198	
O1):-0.77	O2):37.755	
O1):-0.781	O2):47.948	
O1):-0.862	O2):59.491	
O1):-0.763	O2):40.725	
O1):-0.837	O2):45.767	
O1):-0.75	O2):36.014	
O1):-0.806	O2):47.159	
O1):-0.759	O2):47.151	
O1):-0.864	O2):64.626	
O1):-0.821	O2):43.063	
O1):-0.83	O2):52.097	
O1):-0.828	O2):52.245	
O1):-0.821	O2):48.912	
O1):-0.799	O2):46.582	
O1):-0.863	O2):59.194	
O1):-0.83	O2):53.07	
O1):-0.8	O2):42.807	
O1):-0.821	O2):48.277	
O1):-0.812	O2):48.496	
O1):-0.837	O2):53.769	
O1):-0.83	O2):57.66	
O1):-0.787	O2):41.253	
O1):-0.845	O2):61.501	
O1):-0.796	O2):46.383	
O1):-0.82	O2):48.437	
O1):-0.797	O2):46.965	
O1):-0.831	O2):52.608	
O1):-0.812	O2):43.118	
O1):-0.783	O2):41.758	
O1):-0.836	O2):54.144	
O1):-0.856	O2):67.736	
O1):-0.79	O2):47.893	
O1):-0.83	O2):48.041	
O1):-0.839	O2):56.233	
O1):-0.824	O2):48.583	
O1):-0.82	O2):44.799	
O1):-0.829	O2):49.741	
O1):-0.853	O2):59.494	
O1):-0.771	O2):41.137	
Starting PrismExecutor worker 2 on port 11412
O1):-0.801	O2):46.459	
O1):-0.807	O2):46.895	
O1):-0.828	O2):49.206	
Connected worker 2 to port 11412
O1):-0.801	O2):46.272	
O1):-0.79	O2):41.915	
O1):-0.872	O2):64.167	
O1):-0.813	O2):47.509	
O1):-0.83	O2):52.538	
O1):-0.804	O2):48.276	
O1):-0.829	O2):59.361	
O1):-0.855	O2):62.702	
O1):-0.871	O2):63.566	
O1):-0.812	O2):46.669	
O1):-0.838	O2):52.449	
O1):-0.821	O2):48.392	
O1):-0.773	O2):42.489	
O1):-0.855	O2):67.945	
O1):-0.812	O2):46.235	
O1):-0.854	O2):58.073	
O1):-0.845	O2):58.398	
O1):-0.838	O2):56.192	
O1):-0.763	O2):40.925	
O1):-0.775	O2):38.687	
O1):-0.837	O2):52.253	
O1):-0.788	O2):43.055	
O1):-0.846	O2):54.415	
O1):-0.805	O2):42.937	
O1):-0.839	O2):63.063	
O1):-0.847	O2):58.029	
O1):-0.872	O2):72.824	
O1):-0.805	O2):47.747	
O1):-0.816	O2):47.567	
O1):-0.813	O2):48.109	
O1):-0.803	O2):43.077	
O1):-0.81	O2):45.804	
O1):-0.769	O2):37.391	
O1):-0.788	O2):43.59	
O1):-0.771	O2):41.641	
O1):-0.75	O2):36.014	
O1):-0.813	O2):47.847	
O1):-0.812	O2):46.222	
O1):-0.82	O2):48.436	
O1):-0.768	O2):43.371	
O1):-0.7	O2):35.169	
O1):-0.788	O2):46.142	
O1):-0.805	O2):46.78	
O1):-0.796	O2):42.578	
O1):-0.819	O2):47.178	
O1):-0.828	O2):52.274	
O1):-0.827	O2):47.269	
O1):-0.837	O2):54.573	
O1):-0.838	O2):53.292	
O1):-0.845	O2):58.306	
O1):-0.836	O2):53.742	
O1):-0.783	O2):42.305	
O1):-0.863	O2):63.82	
O1):-0.821	O2):51.535	
O1):-0.778	O2):37.079	
O1):-0.845	O2):50.325	
O1):-0.871	O2):78.94	
O1):-0.796	O2):43.552	
O1):-0.822	O2):51.078	
O1):-0.83	O2):57.37	
O1):-0.805	O2):46.921	
O1):-0.787	O2):41.212	
O1):-0.789	O2):42.851	
O1):-0.855	O2):67.745	
O1):-0.838	O2):58.261	
O1):-0.788	O2):48.524	
O1):-0.83	O2):53.422	
O1):-0.863	O2):63.799	
O1):-0.837	O2):45.718	
O1):-0.847	O2):57.947	
O1):-0.806	O2):46.481	
O1):-0.828	O2):53.743	
O1):-0.829	O2):51.886	
O1):-0.777	O2):42.707	
O1):-0.821	O2):47.678	
O1):-0.838	O2):57.531	
O1):-0.785	O2):41.604	
O1):-0.817	O2):48.207	
O1):-0.801	O2):46.28	
O1):-0.854	O2):63.633	
O1):-0.843	O2):54.501	
O1):-0.837	O2):53.668	
O1):-0.764	O2):41.682	
O1):-0.778	O2):45.14	
O1):-0.856	O2):67.739	
O1):-0.845	O2):61.5	
O1):-0.863	O2):73.379	
O1):-0.813	O2):48.137	
O1):-0.749	O2):42.005	
O1):-0.806	O2):42.319	
O1):-0.821	O2):44.869	
O1):-0.855	O2):62.699	
O1):-0.779	O2):42.314	
O1):-0.801	O2):43.025	
O1):-0.846	O2):58.865	
Starting PrismExecutor worker 5 on port 11425
O1):-0.789	O2):43.055	
O1):-0.779	O2):42.607	
O1):-0.83	O2):45.471	
Connected worker 5 to port 11425
O1):-0.814	O2):48.071	
O1):-0.82	O2):47.911	
O1):-0.781	O2):44.252	
O1):-0.813	O2):48.293	
O1):-0.775	O2):42.454	
O1):-0.828	O2):52.197	
O1):-0.837	O2):49.789	
O1):-0.864	O2):65.356	
O1):-0.821	O2):48.94	
O1):-0.864	O2):68.011	
O1):-0.829	O2):51.759	
O1):-0.779	O2):40.806	
O1):-0.846	O2):54.265	
O1):-0.845	O2):53.901	
O1):-0.823	O2):53.344	
O1):-0.807	O2):47.014	
O1):-0.854	O2):57.836	
O1):-0.844	O2):54.765	
O1):-0.794	O2):46.673	
O1):-0.75	O2):36.014	
O1):-0.82	O2):48.308	
O1):-0.871	O2):68.775	
O1):-0.836	O2):53.114	
O1):-0.804	O2):63.23	
O1):-0.779	O2):41.489	
Evaluations:	600
O1):-0.847	O2):63.037	
O1):-0.75	O2):36.009	
O1):-0.852	O2):57.906	
O1):-0.863	O2):58.975	
O1):-0.847	O2):57.944	
O1):-0.82	O2):54.535	
O1):-0.793	O2):45.008	
O1):-0.806	O2):47.433	
O1):-0.814	O2):43.28	
O1):-0.822	O2):54.536	
O1):-0.783	O2):41.603	
O1):-0.777	O2):42.718	
O1):-0.854	O2):64.238	
O1):-0.806	O2):52.868	
O1):-0.805	O2):42.935	
O1):-0.837	O2):45.817	
O1):-0.821	O2):51.536	
O1):-0.845	O2):61.499	
O1):-0.742	O2):39.24	
O1):-0.863	O2):65.037	
O1):-0.822	O2):51.256	
O1):-0.797	O2):43.066	
O1):-0.797	O2):45.011	
O1):-0.82	O2):52.376	
O1):-0.838	O2):52.718	
O1):-0.805	O2):45.861	
O1):-0.726	O2):35.234	
O1):-0.864	O2):73.996	
O1):-0.838	O2):53.274	
O1):-0.797	O2):46.442	
O1):-0.86	O2):68.329	
O1):-0.806	O2):46.376	
O1):-0.787	O2):42.873	
O1):-0.785	O2):40.835	
O1):-0.814	O2):48.189	
O1):-0.879	O2):68.98	
O1):-0.824	O2):52.866	
O1):-0.757	O2):40.25	
O1):-0.846	O2):56.934	
O1):-0.777	O2):39.138	
O1):-0.798	O2):42.845	
O1):-0.805	O2):46.299	
O1):-0.839	O2):56.233	
O1):-0.821	O2):48.737	
O1):-0.835	O2):54.473	
O1):-0.736	O2):37.185	
O1):-0.854	O2):59.78	
O1):-0.807	O2):47.013	
O1):-0.804	O2):44.086	
O1):-0.779	O2):48.547	
O1):-0.751	O2):41.987	
O1):-0.826	O2):47.29	
O1):-0.823	O2):48.541	
O1):-0.853	O2):53.937	
O1):-0.82	O2):47.906	
O1):-0.838	O2):52.718	
O1):-0.836	O2):57.761	
O1):-0.755	O2):37.49	
O1):-0.821	O2):48.211	
O1):-0.837	O2):53.401	
O1):-0.837	O2):52.144	
O1):-0.813	O2):47.211	
O1):-0.847	O2):57.955	
Evaluations:	600
O1):-0.806	O2):42.339	
O1):-0.797	O2):46.442	
O1):-0.846	O2):57.622	
O1):-0.863	O2):63.865	
O1):-0.836	O2):53.114	
Starting PrismExecutor worker 3 on port 11453
O1):-0.845	O2):56.345	
O1):-0.864	O2):68.221	
O1):-0.82	O2):48.437	
O1):-0.855	O2):62.702	
O1):-0.872	O2):73.868	
Connected worker 3 to port 11453
O1):-0.805	O2):42.935	
O1):-0.823	O2):48.539	
O1):-0.812	O2):47.751	
O1):-0.821	O2):48.745	
O1):-0.812	O2):43.119	
O1):-0.782	O2):42.517	
O1):-0.812	O2):46.235	
O1):-0.821	O2):47.719	
O1):-0.827	O2):47.269	
O1):-0.82	O2):47.911	
O1):-0.854	O2):59.421	
O1):-0.78	O2):40.337	
O1):-0.856	O2):64.814	
O1):-0.805	O2):42.346	
O1):-0.829	O2):51.754	
O1):-0.827	O2):52.624	
O1):-0.788	O2):48.669	
O1):-0.846	O2):54.528	
O1):-0.845	O2):53.757	
O1):-0.76	O2):42.573	
O1):-0.757	O2):37.569	
O1):-0.763	O2):40.925	
O1):-0.771	O2):41.444	
O1):-0.838	O2):52.449	
O1):-0.79	O2):47.001	
O1):-0.788	O2):54.141	
O1):-0.854	O2):59.516	
O1):-0.821	O2):47.805	
O1):-0.755	O2):41.33	
O1):-0.787	O2):42.873	
O1):-0.837	O2):53.696	
O1):-0.783	O2):42.603	
O1):-0.803	O2):47.93	
O1):-0.82	O2):58.388	
O1):-0.83	O2):52.588	
O1):-0.837	O2):45.767	
O1):-0.871	O2):72.836	
Evaluations:	600
O1):-0.855	O2):68.388	
O1):-0.831	O2):52.716	
O1):-0.863	O2):68.562	
O1):-0.813	O2):47.473	
O1):-0.862	O2):55.066	
O1):-0.821	O2):56.679	
O1):-0.799	O2):46.463	
O1):-0.855	O2):68.208	
O1):-0.828	O2):49.206	
O1):-0.838	O2):50.607	
O1):-0.846	O2):52.924	
O1):-0.836	O2):51.4	
O1):-0.854	O2):59.516	
O1):-0.779	O2):40.369	
O1):-0.798	O2):46.339	
O1):-0.844	O2):49.273	
O1):-0.773	O2):42.132	
O1):-0.82	O2):47.838	
O1):-0.796	O2):44.349	
O1):-0.829	O2):53.174	
O1):-0.737	O2):37.168	
O1):-0.793	O2):45.417	
O1):-0.827	O2):47.269	
O1):-0.803	O2):43.077	
O1):-0.829	O2):48.845	
O1):-0.839	O2):56.236	
O1):-0.814	O2):47.544	
O1):-0.805	O2):42.935	
O1):-0.821	O2):48.384	
O1):-0.847	O1):-0.813	O2):57.36	O2):51.312	

O1):-0.807	O2):47.443	
O1):-0.772	O2):40.871	
O1):-0.778	O2):41.327	
O1):-0.82	O2):50.015	
O1):-0.863	O2):63.075	
O1):-0.834	O2):51.2	
O1):-0.872	O2):72.824	
O1):-0.829	O2):47.636	
O1):-0.821	O2):47.763	
O1):-0.779	O2):41.497	
O1):-0.78	O2):42.843	
O1):-0.83	O2):45.66	
O1):-0.779	O2):40.31	
O1):-0.777	O2):41.195	
O1):-0.801	O2):43.235	
O1):-0.792	O2):46.357	
O1):-0.823	O2):51.907	
O1):-0.789	O2):43.311	
O1):-0.872	O2):74.011	
O1):-0.837	O2):49.786	
Starting PrismExecutor worker 2 on port 11402
O1):-0.846	O2):49.501	
O1):-0.806	O2):51.89	
O1):-0.787	O2):45.785	
O1):-0.826	O2):47.391	
Connected worker 2 to port 11402
O1):-0.852	O2):57.906	
O1):-0.806	O2):47.065	
O1):-0.803	O2):46.208	
O1):-0.818	O2):50.964	
O1):-0.818	O2):50.964	
O1):-0.847	O2):54.332	
O1):-0.773	O2):43.359	
O1):-0.83	O2):54.004	
O1):-0.837	O2):45.718	
O1):-0.872	O2):72.824	
O1):-0.805	O2):42.934	
O1):-0.807	O2):46.745	
O1):-0.775	O2):38.687	
O1):-0.783	O2):42.3	
O1):-0.814	O2):45.064	
O1):-0.814	O2):52.573	
O1):-0.82	O2):48.437	
O1):-0.782	O2):43.247	
O1):-0.844	O2):52.545	
O1):-0.793	O2):45.008	
O1):-0.783	O2):44.314	
O1):-0.806	O2):46.369	
O1):-0.79	O2):42.503	
O1):-0.823	O2):53.413	
O1):-0.826	O2):48.423	
O1):-0.803	O2):43.077	
O1):-0.823	O2):48.755	
O1):-0.805	O2):46.521	
O1):-0.846	O2):52.924	
O1):-0.777	O2):37.056	
O1):-0.762	O2):41.005	
O1):-0.795	O2):44.876	
O1):-0.768	O2):37.478	
O1):-0.822	O2):52.941	
O1):-0.814	O2):47.864	
O1):-0.84	O2):57.267	
O1):-0.798	O2):42.943	
O1):-0.854	O2):64.541	
O1):-0.801	O2):46.055	
O1):-0.797	O2):45.008	
O1):-0.837	O2):52.239	
O1):-0.827	O2):52.432	
O1):-0.853	O2):63.003	
O1):-0.819	O2):44.494	
O1):-0.827	O2):49.105	
O1):-0.829	O2):51.754	
O1):-0.829	O2):51.881	
O1):-0.775	O2):42.225	
Evaluations:	600
O1):-0.776	O2):42.234	
O1):-0.846	O2):54.53	
O1):-0.814	O2):52.572	
O1):-0.769	O2):37.389	
O1):-0.783	O2):42.305	
O1):-0.83	O2):58.764	
O1):-0.782	O2):43.237	
O1):-0.805	O2):42.933	
O1):-0.769	O2):37.389	
O1):-0.862	O2):54.115	
O1):-0.844	O2):51.885	
O1):-0.816	O2):52.378	
O1):-0.847	O2):63.266	
O1):-0.825	O2):49.124	
O1):-0.827	O2):50.835	
O1):-0.805	O2):42.935	
O1):-0.852	O2):63.635	
O1):-0.826	O2):47.391	
O1):-0.79	O2):42.566	
O1):-0.833	O2):47.486	
O1):-0.786	O2):43.386	
O1):-0.741	O2):40.749	
O1):-0.797	O2):42.481	
O1):-0.84	O2):56.154	
O1):-0.83	O2):57.281	
O1):-0.779	O2):41.497	
O1):-0.753	O2):42.061	
O1):-0.812	O2):43.021	
O1):-0.83	O2):53.017	
O1):-0.853	O2):53.061	
O1):-0.838	O2):53.264	
O1):-0.774	O2):41.68	
O1):-0.83	O2):53.074	
O1):-0.871	O2):68.775	
O1):-0.742	O2):36.455	
O1):-0.845	O2):53.757	
O1):-0.871	O2):63.564	
O1):-0.812	O2):43.018	
O1):-0.829	O2):51.759	
O1):-0.846	O2):52.924	
O1):-0.813	O2):46.745	
O1):-0.763	O2):40.925	
O1):-0.796	O2):48.865	
O1):-0.821	O2):48.346	
O1):-0.802	O2):46.513	
O1):-0.846	O2):54.355	
O1):-0.771	O2):41.979	
O1):-0.821	O2):48.346	
O1):-0.825	O2):49.054	
O1):-0.82	O2):48.437	
O1):-0.846	O2):57.254	
O1):-0.829	O2):47.938	
O1):-0.855	O2):60.177	
O1):-0.837	O2):56.902	
O1):-0.805	O2):48.32	
O1):-0.829	O2):51.748	
O1):-0.789	O2):42.854	
Starting PrismExecutor worker 1 on port 11441
O1):-0.789	O2):42.851	
Connected worker 1 to port 11441
O1):-0.82	O2):58.335	
O1):-0.838	O2):56.205	
O1):-0.813	O2):43.196	
O1):-0.749	O2):37.327	
O1):-0.822	O2):60.873	
O1):-0.856	O2):64.814	
O1):-0.779	O2):41.489	
O1):-0.706	O2):35.582	
O1):-0.845	O2):58.315	
O1):-0.805	O2):42.935	
O1):-0.838	O2):53.293	
O1):-0.805	O2):42.189	
O1):-0.868	O2):68.345	
O1):-0.805	O2):42.933	
O1):-0.863	O2):68.963	
O1):-0.837	O2):50.025	
O1):-0.806	O2):46.759	
O1):-0.852	O2):54.42	
O1):-0.84	O2):52.718	
O1):-0.83	O2):49.964	
O1):-0.844	O2):53.472	
O1):-0.797	O2):43.758	
O1):-0.838	O2):58.777	
Evaluations:	600
O1):-0.786	O2):41.012	
O1):-0.816	O2):46.608	
O1):-0.847	O2):56.913	
O1):-0.734	O2):36.471	
O1):-0.749	O2):37.327	
O1):-0.806	O2):46.646	
O1):-0.842	O2):51.593	
O1):-0.846	O2):55.356	
O1):-0.821	O2):48.346	
O1):-0.854	O2):56.696	
O1):-0.806	O2):47.949	
O1):-0.787	O2):41.212	
O1):-0.815	O2):47.542	
O1):-0.747	O2):37.683	
O1):-0.838	O2):56.205	
O1):-0.795	O2):44.099	
O1):-0.852	O2):63.639	
O1):-0.821	O2):51.531	
O1):-0.836	O2):53.114	
O1):-0.807	O2):47.262	
O1):-0.797	O2):43.924	
O1):-0.847	O2):58.225	
O1):-0.822	O2):50.582	
O1):-0.809	O2):44.001	
O1):-0.819	O2):47.239	
O1):-0.781	O2):42.88	
O1):-0.783	O2):42.629	
O1):-0.853	O2):59.137	
O1):-0.83	O2):52.537	
O1):-0.732	O2):36.724	
O1):-0.815	O2):47.542	
O1):-0.829	O2):52.955	
O1):-0.803	O2):47.93	
O1):-0.779	O2):41.489	
O1):-0.796	O2):43.173	
O1):-0.848	O2):58.022	
O1):-0.863	O2):54.433	
O1):-0.846	O2):54.309	
O1):-0.872	O2):69.26	
O1):-0.838	O2):52.639	
O1):-0.83	O2):54.38	
O1):-0.789	O2):47.832	
O1):-0.75	O2):39.702	
O1):-0.846	O2):52.924	
O1):-0.814	O2):51.834	
O1):-0.799	O2):45.881	
O1):-0.786	O2):42.782	
O1):-0.872	O2):69.26	
O1):-0.837	O2):52.417	
O1):-0.855	O2):58.206	
O1):-0.814	O2):48.46	
O1):-0.827	O2):47.269	
O1):-0.846	O2):56.656	
O1):-0.784	O2):43.58	
O1):-0.827	O2):47.269	
O1):-0.795	O2):42.505	
O1):-0.787	O2):42.751	
O1):-0.837	O2):45.767	
O1):-0.828	O2):52.27	
O1):-0.872	O2):64.167	
O1):-0.834	O2):50.581	
O1):-0.837	O2):50.13	
O1):-0.854	O2):59.371	
O1):-0.801	O2):46.007	
O1):-0.786	O2):42.782	
O1):-0.863	O2):54.442	
O1):-0.863	O2):59.016	
O1):-0.776	O2):39.047	
O1):-0.813	O2):63.251	
O1):-0.837	O2):49.524	
O1):-0.784	O2):42.4	
O1):-0.839	O2):56.236	
O1):-0.814	O2):48.431	
O1):-0.83	O2):52.588	
O1):-0.841	O2):53.541	
Starting PrismExecutor worker 3 on port 11493
O1):-0.79	O2):43.57	
O1):-0.828	O2):51.85	
O1):-0.846	O2):52.924	
O1):-0.749	O2):42.005	
Connected worker 3 to port 11493
Evaluations:	600
O1):-0.797	O2):42.125	
O1):-0.863	O2):54.431	
O1):-0.839	O2):63.063	
O1):-0.799	O2):46.463	
O1):-0.802	O2):46.533	
O1):-0.823	O2):52.853	
O1):-0.812	O2):49.297	
O1):-0.838	O2):52.449	
O1):-0.798	O2):43.082	
O1):-0.845	O2):53.757	
O1):-0.794	O2):45.467	
O1):-0.861	O2):62.749	
O1):-0.782	O2):43.887	
Evaluations:	600
O1):-0.783	O2):42.305	
O1):-0.845	O2):53.757	
O1):-0.813	O2):51.405	
O1):-0.846	O2):54.214	
O1):-0.827	O2):47.273	
O1):-0.797	O2):44.603	
Evaluations:	600
O1):-0.82	O2):47.452	
O1):-0.853	O2):54.391	
O1):-0.856	O2):76.538	
O1):-0.784	O2):43.58	
O1):-0.779	O2):41.489	
O1):-0.863	O2):60.245	
O1):-0.837	O2):53.588	
O1):-0.805	O2):46.5	
O1):-0.813	O2):49.067	
O1):-0.881	O2):73.615	
O1):-0.867	O2):63.174	
O1):-0.872	O2):72.824	
O1):-0.846	O2):58.491	
O1):-0.815	O2):47.542	
O1):-0.782	O2):47.55	
O1):-0.861	O2):54.745	
O1):-0.817	O2):47.306	
O1):-0.828	O2):49.216	
O1):-0.798	O2):46.399	
O1):-0.863	O2):63.533	
O1):-0.843	O2):48.701	
O1):-0.798	O2):43.835	
O1):-0.837	O2):52.136	
O1):-0.835	O2):53.022	
O1):-0.814	O2):48.471	
O1):-0.805	O2):46.597	
O1):-0.863	O2):65.037	
O1):-0.822	O2):51.749	
O1):-0.829	O2):49.757	
O1):-0.862	O2):59.041	
O1):-0.831	O2):55.848	
O1):-0.808	O2):47.755	
O1):-0.808	O2):47.755	
O1):-0.796	O2):44.347	
O1):-0.808	O2):47.755	
O1):-0.863	O2):59.923	
O1):-0.808	O2):47.755	
O1):-0.809	O2):42.74	
O1):-0.807	O2):46.762	
O1):-0.828	O2):50.589	
O1):-0.837	O2):45.767	
Evaluations:	600
O1):-0.829	O2):56.878	
O1):-0.862	O2):55.066	
O1):-0.825	O2):49.069	
O1):-0.805	O2):44.254	
O1):-0.794	O2):45.95	
O1):-0.864	O2):73.995	
O1):-0.794	O2):46.066	
O1):-0.799	O2):45.959	
O1):-0.847	O2):49.616	
O1):-0.79	O2):43.473	
O1):-0.838	O2):53.744	
O1):-0.805	O2):52.743	
O1):-0.813	O2):46.744	
O1):-0.829	O2):49.757	
O1):-0.796	O2):41.741	
O1):-0.788	O2):42.327	
O1):-0.839	O2):58.165	
O1):-0.779	O2):41.501	
O1):-0.872	O2):68.723	
O1):-0.864	O2):68.665	
O1):-0.846	O2):59.13	
O1):-0.782	O2):42.517	
Starting PrismExecutor worker 4 on port 11434
O1):-0.871	O2):73.873	
O1):-0.845	O2):50.284	
O1):-0.826	O2):47.29	
Connected worker 4 to port 11434
O1):-0.784	O2):43.579	
O1):-0.788	O2):42.259	
O1):-0.814	O2):47.299	
O1):-0.83	O2):47.961	
O1):-0.813	O2):58.874	
O1):-0.836	O2):48.445	
O1):-0.782	O2):42.517	
O1):-0.872	O2):72.824	
O1):-0.853	O2):58.464	
O1):-0.798	O2):47.264	
O1):-0.826	O2):47.391	
O1):-0.846	O2):55.355	
O1):-0.813	O2):54.625	
O1):-0.845	O2):58.14	
O1):-0.81	O2):48.398	
O1):-0.761	O2):42.46	
O1):-0.752	O2):42.037	
O1):-0.815	O2):52.619	
O1):-0.833	O2):47.783	
O1):-0.789	O2):43.055	
O1):-0.813	O2):48.574	
O1):-0.829	O2):49.741	
O1):-0.821	O2):48.392	
O1):-0.828	O2):49.206	
O1):-0.813	O2):43.963	
O1):-0.815	O2):51.626	
O1):-0.823	O2):51.781	
O1):-0.823	O2):48.758	
O1):-0.856	O2):68.168	
O1):-0.854	O2):58.035	
O1):-0.856	O2):63.064	
O1):-0.762	O2):36.674	
O1):-0.871	O2):72.937	
O1):-0.846	O2):52.924	
O1):-0.837	O2):54.552	
O1):-0.805	O2):44.23	
O1):-0.806	O2):45.986	
O1):-0.833	O2):47.486	
O1):-0.82	O2):53.622	
O1):-0.845	O2):50.32	
O1):-0.847	O2):58.225	
O1):-0.783	O2):42.603	
O1):-0.821	O2):47.804	
O1):-0.847	O2):54.031	
O1):-0.803	O2):46.639	
O1):-0.826	O2):48.69	
O1):-0.837	O2):52.253	
O1):-0.813	O2):50.508	
O1):-0.756	O2):37.122	
O1):-0.821	O2):48.043	
O1):-0.779	O2):41.487	
O1):-0.846	O2):62.527	
O1):-0.819	O2):47.178	
O1):-0.861	O2):63.121	
O1):-0.814	O2):43.279	
O1):-0.827	O2):47.395	
O1):-0.807	O2):42.716	
O1):-0.837	O2):45.718	
O1):-0.742	O2):38.468	
O1):-0.779	O2):41.489	
O1):-0.814	O2):48.425	
O1):-0.797	O2):41.868	
O1):-0.789	O2):42.851	
O1):-0.83	O2):48.041	
O1):-0.803	O2):54.192	
O1):-0.801	O2):46.272	
O1):-0.845	O2):54.25	
O1):-0.823	O2):48.758	
O1):-0.854	O2):58.073	
O1):-0.838	O2):57.66	
O1):-0.852	O2):54.426	
O1):-0.83	O2):52.225	
O1):-0.786	O2):42.782	
O1):-0.834	O2):56.53	
O1):-0.814	O2):51.529	
O1):-0.786	O2):42.881	
O1):-0.778	O2):41.323	
O1):-0.777	O2):39.116	
O1):-0.82	O2):44.769	
O1):-0.79	O2):41.83	
O1):-0.82	O2):47.731	
O1):-0.732	O2):36.724	
O1):-0.765	O2):38.545	
O1):-0.851	O2):53.911	
O1):-0.793	O2):38.131	
O1):-0.862	O2):60.009	
O1):-0.83	O2):52.098	
O1):-0.854	O2):62.41	
O1):-0.772	O2):43.904	
O1):-0.836	O2):53.281	
O1):-0.83	O2):45.66	
O1):-0.805	O2):43.719	
O1):-0.812	O2):47.748	
O1):-0.83	O2):45.471	
O1):-0.742	O2):36.455	
O1):-0.864	O2):68.221	
O1):-0.75	O2):39.868	
O1):-0.806	O2):47.065	
O1):-0.826	O2):43.897	
O1):-0.75	O2):36.014	
O1):-0.821	O2):48.346	
O1):-0.805	O2):46.597	
O1):-0.863	O2):59.15	
Starting PrismExecutor worker 0 on port 11450
O1):-0.837	O2):49.786	
O1):-0.836	O2):58.997	
Connected worker 0 to port 11450
O1):-0.837	O2):45.718	
O1):-0.854	O2):61.971	
O1):-0.821	O2):47.355	
Evaluations:	700
O1):-0.832	O2):52.8	
O1):-0.829	O2):52.367	
O1):-0.864	O2):64.014	
O1):-0.768	O2):37.478	
O1):-0.872	O2):72.965	
O1):-0.821	O2):52.05	
O1):-0.783	O2):43.386	
O1):-0.83	O2):51.968	
O1):-0.819	O2):44.494	
O1):-0.83	O2):52.102	
O1):-0.834	O2):48.066	
O1):-0.872	O2):72.824	
O1):-0.75	O2):36.014	
O1):-0.825	O2):49.046	
O1):-0.853	O2):53.061	
O1):-0.872	O2):72.824	
O1):-0.834	O2):52.227	
O1):-0.846	O2):58.617	
O1):-0.735	O2):37.368	
O1):-0.779	O2):41.489	
O1):-0.797	O2):43.919	
O1):-0.871	O2):68.775	
O1):-0.871	O2):68.775	
O1):-0.761	O2):36.512	
O1):-0.782	O2):43.247	
O1):-0.838	O2):52.639	
O1):-0.845	O2):50.275	
O1):-0.792	O2):43.181	
O1):-0.854	O2):59.518	
O1):-0.798	O2):43.835	
O1):-0.809	O2):42.741	
O1):-0.846	O2):63.295	
O1):-0.759	O2):38.033	
O1):-0.837	O2):52.253	
O1):-0.871	O2):68.766	
O1):-0.863	O2):63.82	
O1):-0.763	O2):36.769	
O1):-0.845	O2):54.434	
O1):-0.844	O2):52.546	
O1):-0.844	O2):49.358	
O1):-0.82	O2):44.798	
O1):-0.808	O2):43.678	
O1):-0.853	O2):58.365	
O1):-0.871	O2):63.566	
O1):-0.819	O2):47.292	
O1):-0.837	O2):54.22	
O1):-0.845	O2):53.996	
O1):-0.838	O2):57.912	
O1):-0.814	O2):47.511	
O1):-0.852	O2):57.906	
O1):-0.82	O2):47.911	
O1):-0.823	O2):48.54	
O1):-0.829	O2):47.464	
O1):-0.836	O2):53.281	
O1):-0.839	O2):56.236	
O1):-0.837	O2):45.817	
O1):-0.863	O2):73.996	
O1):-0.871	O2):78.94	
O1):-0.776	O2):39.047	
O1):-0.795	O2):44.099	
O1):-0.837	O2):45.819	
O1):-0.803	O2):43.077	
O1):-0.871	O2):68.766	
O1):-0.784	O2):43.579	
O1):-0.774	O2):41.987	
O1):-0.833	O2):49.64	
O1):-0.828	O2):51.85	
O1):-0.778	O2):36.987	
O1):-0.829	O2):45.328	
O1):-0.857	O2):67.321	
O1):-0.846	O2):52.924	
O1):-0.872	O2):72.824	
O1):-0.765	O2):41.949	
O1):-0.749	O2):42.005	
O1):-0.822	O2):52.515	
O1):-0.871	O2):73.725	
O1):-0.759	O2):38.023	
O1):-0.8	O2):43.358	
O1):-0.803	O2):43.077	
O1):-0.802	O2):46.533	
O1):-0.75	O2):39.868	
O1):-0.823	O2):48.54	
O1):-0.806	O2):42.341	
O1):-0.837	O2):52.144	
O1):-0.778	O2):41.521	
O1):-0.728	O2):35.55	
O1):-0.854	O2):63.633	
O1):-0.767	O2):40.694	
O1):-0.822	O2):48.164	
O1):-0.771	O2):41.641	
O1):-0.768	O2):37.478	
O1):-0.812	O2):46.759	
O1):-0.827	O2):50.835	
O1):-0.845	O2):49.298	
Starting PrismExecutor worker 5 on port 11405
O1):-0.723	O2):37.47	
O1):-0.819	O2):47.457	
O1):-0.868	O2):68.345	
O1):-0.812	O2):47.748	
O1):-0.84	O2):52.718	
Connected worker 5 to port 11405
O1):-0.827	O2):47.27	
O1):-0.796	O2):44.537	
O1):-0.861	O2):63.13	
O1):-0.837	O2):58.139	
O1):-0.846	O2):52.924	
O1):-0.834	O2):51.2	
O1):-0.856	O2):67.739	
O1):-0.814	O2):48.027	
O1):-0.863	O2):58.975	
O1):-0.805	O2):41.776	
O1):-0.83	O2):52.227	
O1):-0.821	O2):47.805	
O1):-0.853	O2):57.294	
O1):-0.838	O2):51.96	
O1):-0.79	O2):43.57	
O1):-0.775	O2):42.227	
O1):-0.82	O2):47.631	
O1):-0.792	O2):45.989	
O1):-0.872	O2):64.167	
O1):-0.854	O2):54.991	
O1):-0.837	O2):49.629	
O1):-0.814	O2):48.414	
O1):-0.821	O2):48.744	
O1):-0.846	O2):52.924	
O1):-0.846	O2):54.528	
O1):-0.846	O2):54.505	
O1):-0.845	O2):53.799	
O1):-0.813	O2):47.134	
O1):-0.822	O2):57.113	
O1):-0.863	O2):63.798	
O1):-0.803	O2):43.077	
O1):-0.837	O2):50.751	
O1):-0.772	O2):41.034	
O1):-0.829	O2):52.955	
O1):-0.82	O2):48.395	
O1):-0.796	O2):41.697	
O1):-0.799	O2):46.463	
O1):-0.837	O2):52.144	
O1):-0.868	O2):68.345	
O1):-0.813	O2):47.421	
O1):-0.722	O2):38.109	
O1):-0.837	O2):45.718	
O1):-0.831	O2):55.006	
O1):-0.792	O2):45.529	
O1):-0.786	O2):45.702	
O1):-0.864	O2):68.221	
O1):-0.863	O2):65.036	
O1):-0.827	O2):52.374	
O1):-0.846	O2):61.64	
O1):-0.853	O2):59.494	
O1):-0.846	O2):54.525	
O1):-0.791	O2):48.082	
O1):-0.812	O2):43.021	
O1):-0.812	O2):43.699	
O1):-0.848	O2):58.311	
O1):-0.768	O2):37.478	
O1):-0.782	O2):43.247	
O1):-0.844	O2):51.885	
O1):-0.803	O2):43.077	
O1):-0.765	O2):41.908	
O1):-0.82	O2):44.799	
O1):-0.846	O2):61.378	
O1):-0.757	O2):39.93	
O1):-0.806	O2):42.339	
O1):-0.776	O2):39.047	
O1):-0.794	O2):45.994	
O1):-0.855	O2):58.511	
O1):-0.813	O2):48.388	
O1):-0.771	O2):47.372	
O1):-0.829	O2):52.028	
O1):-0.771	O2):40.764	
O1):-0.799	O2):46.463	
O1):-0.845	O2):49.538	
O1):-0.838	O2):50.799	
O1):-0.805	O2):42.348	
O1):-0.847	O2):59.151	
O1):-0.831	O2):52.716	
O1):-0.846	O2):59.64	
O1):-0.844	O2):49.951	
O1):-0.775	O2):38.687	
O1):-0.806	O2):47.64	
O1):-0.801	O2):44.789	
O1):-0.82	O2):47.621	
O1):-0.735	O2):37.368	
O1):-0.836	O2):53.27	
O1):-0.821	O2):53.426	
O1):-0.797	O2):54.748	
O1):-0.829	O2):48.413	
O1):-0.853	O2):59.08	
O1):-0.748	O2):42.832	
O1):-0.787	O2):41.253	
O1):-0.854	O2):68.112	
O1):-0.751	O2):39.764	
O1):-0.749	O2):37.326	
O1):-0.784	O2):43.579	
O1):-0.83	O2):48.041	
O1):-0.853	O2):53.942	
Starting PrismExecutor worker 4 on port 11414
Connected worker 4 to port 11414
O1):-0.846	O2):54.145	
O1):-0.822	O2):47.525	
O1):-0.798	O2):46.401	
O1):-0.855	O2):59.29	
O1):-0.855	O2):67.713	
O1):-0.863	O2):60.096	
O1):-0.853	O2):53.937	
O1):-0.854	O2):58.036	
O1):-0.806	O2):42.642	
O1):-0.829	O2):49.753	
O1):-0.844	O2):49.209	
O1):-0.852	O2):57.906	
O1):-0.881	O2):68.579	
O1):-0.79	O2):41.83	
O1):-0.784	O2):43.579	
O1):-0.821	O2):47.505	
O1):-0.825	O2):49.973	
O1):-0.75	O2):39.868	
O1):-0.811	O2):48.142	
O1):-0.789	O2):42.851	
O1):-0.759	O2):41.866	
O1):-0.821	O2):52.931	
O1):-0.844	O2):52.734	
O1):-0.776	O2):42.312	
O1):-0.82	O2):46.578	
O1):-0.798	O2):42.849	
O1):-0.804	O2):48.095	
O1):-0.821	O2):47.805	
O1):-0.82	O2):47.629	
O1):-0.755	O2):41.329	
O1):-0.83	O2):48.978	
O1):-0.871	O2):63.566	
O1):-0.837	O2):53.656	
O1):-0.797	O2):42.984	
O1):-0.801	O2):46.272	
O1):-0.803	O2):43.077	
O1):-0.845	O2):57.76	
O1):-0.846	O2):55.442	
O1):-0.757	O2):37.569	
O1):-0.787	O2):41.228	
O1):-0.837	O2):49.786	
O1):-0.847	O2):57.449	
O1):-0.768	O2):37.478	
O1):-0.829	O2):47.937	
O1):-0.838	O2):51.957	
O1):-0.797	O2):43.924	
O1):-0.812	O2):43.699	
O1):-0.837	O2):48.52	
O1):-0.829	O2):47.463	
O1):-0.747	O2):37.683	
O1):-0.837	O2):45.718	
O1):-0.828	O2):44.703	
O1):-0.722	O2):38.116	
O1):-0.825	O2):49.054	
O1):-0.8	O2):41.675	
O1):-0.792	O2):48.242	
O1):-0.844	O2):52.826	
O1):-0.854	O2):59.779	
O1):-0.846	O2):52.924	
O1):-0.828	O2):49.202	
O1):-0.814	O2):43.319	
O1):-0.854	O2):50.697	
O1):-0.83	O2):50.085	
O1):-0.795	O2):42.505	
O1):-0.775	O2):42.225	
O1):-0.835	O2):52.429	
O1):-0.791	O2):45.88	
O1):-0.837	O2):52.144	
O1):-0.813	O2):46.225	
O1):-0.806	O2):43.723	
O1):-0.756	O2):38.671	
O1):-0.863	O2):63.938	
O1):-0.797	O2):42.125	
O1):-0.855	O2):68.388	
O1):-0.791	O2):42.26	
O1):-0.814	O2):48.351	
O1):-0.847	O2):59.172	
O1):-0.797	O2):43.866	
O1):-0.796	O2):53.682	
O1):-0.827	O2):47.27	
O1):-0.822	O2):51.745	
O1):-0.839	O2):56.238	
O1):-0.809	O2):48.793	
O1):-0.83	O2):53.569	
O1):-0.779	O2):41.489	
O1):-0.825	O2):51.348	
O1):-0.777	O2):37.056	
O1):-0.872	O2):72.824	
O1):-0.802	O2):46.185	
O1):-0.828	O2):51.159	
O1):-0.836	O2):48.445	
O1):-0.854	O2):57.01	
O1):-0.799	O2):45.882	
O1):-0.828	O2):50.458	
O1):-0.837	O2):53.554	
O1):-0.872	O2):72.824	
O1):-0.828	O2):52.072	
O1):-0.821	O2):48.632	
O1):-0.824	O2):46.888	
O1):-0.8	O2):38.74	
O1):-0.826	O2):47.391	
O1):-0.846	O2):56.657	
O1):-0.813	O2):44.029	
O1):-0.779	O2):41.489	
O1):-0.872	O2):72.824	
O1):-0.832	O2):52.8	
Starting PrismExecutor worker 4 on port 11404
O1):-0.796	O2):47.606	
O1):-0.837	O2):45.718	
Connected worker 4 to port 11404
O1):-0.846	O2):54.045	
O1):-0.853	O2):58.464	
O1):-0.757	O2):40.25	
O1):-0.828	O2):48.704	
O1):-0.852	O2):58.87	
O1):-0.823	O2):48.755	
O1):-0.79	O2):46.691	
O1):-0.853	O2):57.943	
O1):-0.799	O2):47.798	
O1):-0.855	O2):60.158	
O1):-0.879	O2):69.399	
O1):-0.854	O2):73.094	
O1):-0.846	O2):56.655	
O1):-0.872	O2):77.802	
O1):-0.828	O2):51.847	
O1):-0.794	O2):45.856	
O1):-0.826	O2):48.88	
O1):-0.814	O2):48.425	
O1):-0.863	O2):60.101	
O1):-0.829	O2):48.413	
O1):-0.855	O2):58.206	
O1):-0.838	O2):53.264	
O1):-0.805	O2):41.77	
O1):-0.823	O2):48.549	
O1):-0.788	O2):42.327	
O1):-0.787	O2):42.475	
O1):-0.802	O2):47.642	
O1):-0.837	O2):45.767	
O1):-0.846	O2):48.393	
O1):-0.77	O2):41.737	
O1):-0.819	O2):47.324	
O1):-0.814	O2):51.102	
O1):-0.834	O2):52.083	
O1):-0.864	O2):68.838	
O1):-0.83	O2):53.823	
O1):-0.786	O2):45.7	
O1):-0.872	O2):73.988	
O1):-0.854	O2):63.224	
O1):-0.837	O2):45.718	
O1):-0.872	O2):72.966	
O1):-0.845	O2):52.067	
O1):-0.796	O2):41.727	
O1):-0.838	O2):53.292	
O1):-0.747	O2):37.683	
O1):-0.809	O2):42.74	
O1):-0.87	O2):67.784	
O1):-0.805	O2):44.254	
O1):-0.812	O2):46.235	
O1):-0.823	O2):51.905	
O1):-0.834	O2):52.227	
O1):-0.819	O2):47.232	
O1):-0.846	O2):56.657	
O1):-0.821	O2):53.351	
O1):-0.806	O2):46.626	
O1):-0.806	O2):46.83	
O1):-0.828	O2):51.846	
O1):-0.827	O2):47.272	
O1):-0.864	O2):68.011	
O1):-0.83	O2):50.085	
O1):-0.823	O2):48.755	
O1):-0.782	O2):43.247	
O1):-0.847	O2):59.339	
O1):-0.805	O2):41.777	
O1):-0.778	O2):41.654	
O1):-0.782	O2):43.89	
O1):-0.844	O2):52.546	
O1):-0.829	O2):52.367	
O1):-0.797	O2):47.356	
O1):-0.776	O2):42.618	
O1):-0.854	O2):62.334	
O1):-0.829	O2):50.095	
O1):-0.764	O2):41.677	
O1):-0.758	O2):37.044	
O1):-0.836	O2):51.4	
O1):-0.83	O2):50.31	
O1):-0.846	O2):49.3	
O1):-0.821	O2):47.763	
O1):-0.823	O2):48.758	
O1):-0.838	O2):54.177	
O1):-0.863	O2):58.975	
O1):-0.828	O2):49.445	
O1):-0.847	O2):54.419	
O1):-0.872	O2):64.167	
O1):-0.853	O2):63.982	
O1):-0.827	O2):47.269	
O1):-0.856	O2):63.057	
O1):-0.872	O2):72.824	
O1):-0.819	O2):47.323	
O1):-0.872	O2):72.824	
O1):-0.777	O2):37.056	
O1):-0.768	O2):42.5	
O1):-0.83	O2):45.66	
O1):-0.839	O2):52.703	
O1):-0.864	O2):72.861	
O1):-0.797	O2):49.618	
O1):-0.853	O2):63.512	
O1):-0.828	O2):51.853	
O1):-0.81	O2):45.804	
O1):-0.838	O2):53.264	
O1):-0.846	O2):54.774	
O1):-0.796	O2):44.039	
O1):-0.834	O2):56.522	
O1):-0.833	O2):47.486	
O1):-0.853	O2):59.494	
O1):-0.812	O2):46.235	
O1):-0.797	O2):52.001	
O1):-0.836	O2):53.322	
O1):-0.79	O2):43.57	
O1):-0.846	O2):54.163	
O1):-0.797	O2):47.15	
O1):-0.82	O2):47.731	
O1):-0.814	O2):43.28	
O1):-0.779	O2):41.501	
O1):-0.845	O2):54.428	
O1):-0.801	O2):43.025	
O1):-0.864	O2):59.466	
O1):-0.826	O2):47.391	
O1):-0.847	O2):57.554	
O1):-0.872	O2):72.824	
O1):-0.769	O2):37.389	
O1):-0.804	O2):48.968	
O1):-0.821	O2):47.805	
O1):-0.826	O2):49.529	
O1):-0.846	O2):55.437	
O1):-0.847	O2):59.182	
O1):-0.837	O2):45.87	
O1):-0.782	O2):43.247	
O1):-0.837	O2):54.552	
O1):-0.812	O2):48.631	
O1):-0.854	O2):68.111	
O1):-0.829	O2):49.638	
O1):-0.814	O2):51.567	
O1):-0.872	O2):79.169	
O1):-0.792	O2):43.491	
O1):-0.872	O2):72.824	
O1):-0.775	O2):38.687	
O1):-0.847	O2):57.556	
O1):-0.808	O2):43.678	
O1):-0.854	O2):59.419	
O1):-0.75	O2):38.321	
O1):-0.836	O2):51.4	
O1):-0.75	O2):36.014	
O1):-0.823	O2):48.755	
O1):-0.846	O2):49.574	
O1):-0.854	O2):58.073	
O1):-0.783	O2):41.758	
O1):-0.846	O2):55.442	
O1):-0.777	O2):39.116	
O1):-0.827	O2):47.277	
O1):-0.806	O2):47.046	
O1):-0.782	O2):37.997	
O1):-0.784	O2):42.356	
O1):-0.837	O2):49.789	
O1):-0.799	O2):52.163	
O1):-0.83	O2):48.749	
O1):-0.826	O2):47.466	
O1):-0.862	O2):54.115	
O1):-0.845	O2):53.901	
O1):-0.826	O2):48.88	
O1):-0.747	O2):37.683	
O1):-0.821	O2):52.86	
O1):-0.841	O2):62.287	
O1):-0.805	O2):46.12	
O1):-0.83	O2):48.551	
O1):-0.846	O2):54.369	
O1):-0.837	O2):45.832	
O1):-0.795	O2):43.468	
O1):-0.83	O2):45.471	
O1):-0.845	O2):64.298	
O1):-0.812	O2):46.759	
O1):-0.828	O2):50.459	
O1):-0.806	O2):46.719	
O1):-0.778	O2):41.654	
O1):-0.817	O2):46.578	
O1):-0.862	O2):55.066	
O1):-0.845	O2):54.25	
O1):-0.778	O2):36.987	
O1):-0.795	O2):48.054	
O1):-0.846	O2):50.678	
O1):-0.794	O2):44.553	
O1):-0.834	O2):51.2	
O1):-0.834	O2):51.205	
O1):-0.785	O2):40.835	
O1):-0.872	O2):72.824	
O1):-0.782	O2):43.247	
O1):-0.732	O2):36.724	
O1):-0.837	O2):45.823	
O1):-0.829	O2):47.843	
O1):-0.81	O2):47.395	
O1):-0.863	O2):67.847	
O1):-0.853	O2):63.063	
O1):-0.79	O2):42.503	
O1):-0.748	O2):36.202	
O1):-0.846	O2):52.926	
O1):-0.837	O2):53.314	
O1):-0.854	O2):62.07	
O1):-0.807	O2):42.716	
O1):-0.788	O2):42.693	
O1):-0.844	O2):49.23	
O1):-0.768	O2):37.478	
O1):-0.81	O2):42.745	
O1):-0.846	O2):55.546	
O1):-0.872	O2):72.965	
O1):-0.823	O2):48.758	
O1):-0.828	O2):50.589	
O1):-0.757	O2):41.177	
O1):-0.8	O2):43.141	
O1):-0.837	O2):45.767	
O1):-0.837	O2):45.817	
O1):-0.796	O2):41.727	
O1):-0.793	O2):45.368	
O1):-0.779	O2):37.574	
O1):-0.817	O2):53.009	
O1):-0.829	O2):47.464	
O1):-0.829	O2):49.263	
O1):-0.813	O2):53.355	
Evaluations:	700
O1):-0.827	O2):49.123	
O1):-0.789	O2):42.648	
O1):-0.872	O2):72.824	
O1):-0.846	O2):60.2	
O1):-0.795	O2):38.409	
O1):-0.837	O2):49.786	
O1):-0.853	O2):58.464	
O1):-0.813	O2):44.029	
O1):-0.868	O2):68.345	
O1):-0.847	O2):54.031	
O1):-0.854	O2):63.303	
O1):-0.806	O2):43.725	
O1):-0.868	O2):68.345	
O1):-0.868	O2):68.345	
O1):-0.868	O2):68.345	
O1):-0.826	O2):47.391	
O1):-0.805	O2):42.348	
Starting PrismExecutor worker 4 on port 11454
O1):-0.826	O2):56.303	
O1):-0.836	O2):51.4	
O1):-0.812	O2):43.699	
Connected worker 4 to port 11454
O1):-0.782	O2):43.245	
Evaluations:	700
O1):-0.79	O2):41.928	
O1):-0.837	O2):45.718	
O1):-0.813	O2):47.985	
O1):-0.806	O2):42.32	
O1):-0.812	O2):46.086	
O1):-0.829	O2):47.464	
O1):-0.872	O2):72.824	
O1):-0.798	O2):42.975	
O1):-0.863	O2):63.533	
O1):-0.777	O2):39.116	
O1):-0.757	O2):37.516	
O1):-0.803	O2):47.971	
O1):-0.837	O2):49.786	
O1):-0.752	O2):41.628	
O1):-0.787	O2):41.253	
O1):-0.83	O2):45.471	
O1):-0.787	O2):41.212	
O1):-0.797	O2):43.927	
O1):-0.853	O2):59.615	
O1):-0.779	O2):39.511	
O1):-0.846	O2):52.924	
O1):-0.797	O2):46.59	
O1):-0.787	O2):42.305	
O1):-0.732	O2):36.724	
O1):-0.809	O2):50.504	
O1):-0.826	O2):47.391	
O1):-0.769	O2):37.388	
O1):-0.863	O2):60.101	
O1):-0.83	O2):57.276	
O1):-0.776	O2):39.025	
O1):-0.852	O2):57.906	
O1):-0.75	O2):36.014	
O1):-0.793	O2):45.503	
O1):-0.838	O2):50.607	
O1):-0.859	O2):63.149	
O1):-0.829	O2):49.063	
O1):-0.855	O2):60.119	
O1):-0.803	O2):48.227	
O1):-0.797	O2):45.011	
O1):-0.805	O2):53.575	
Evaluations:	700
O1):-0.845	O2):53.758	
O1):-0.792	O2):48.456	
O1):-0.805	O2):46.5	
O1):-0.82	O2):44.798	
O1):-0.771	O2):42.558	
O1):-0.804	O2):44.172	
O1):-0.785	O2):46.9	
O1):-0.864	O2):63.802	
O1):-0.784	O2):41.549	
O1):-0.872	O2):74.327	
O1):-0.78	O2):37.71	
O1):-0.773	O2):44.262	
O1):-0.825	O2):46.878	
O1):-0.792	O2):48.456	
O1):-0.792	O2):48.456	
O1):-0.792	O2):48.456	
O1):-0.792	O2):48.456	
O1):-0.837	O2):53.311	
O1):-0.802	O2):43.207	
O1):-0.846	O2):56.654	
O1):-0.776	O2):46.103	
Evaluations:	700
Starting PrismExecutor worker 5 on port 11415
O1):-0.777	O2):39.138	
O1):-0.75	O2):36.014	
O1):-0.856	O2):68.224	
Connected worker 5 to port 11415
O1):-0.872	O2):68.253	
O1):-0.834	O2):47.62	
O1):-0.854	O2):50.749	
O1):-0.855	O2):59.811	
O1):-0.784	O2):42.4	
O1):-0.821	O2):47.458	
O1):-0.788	O2):49.098	
O1):-0.779	O2):48.551	
O1):-0.83	O2):48.975	
O1):-0.799	O2):43.016	
O1):-0.844	O2):49.967	
O1):-0.847	O2):63.714	
O1):-0.805	O2):42.189	
O1):-0.871	O2):63.566	
O1):-0.845	O2):53.904	
O1):-0.871	O2):73.29	
O1):-0.798	O2):43.6	
O1):-0.822	O2):50.582	
O1):-0.775	O2):38.687	
O1):-0.863	O2):63.707	
O1):-0.847	O2):59.616	
O1):-0.812	O2):48.699	
O1):-0.845	O2):53.901	
Evaluations:	700
O1):-0.871	O2):68.766	
O1):-0.814	O2):43.28	
O1):-0.814	O2):43.28	
O1):-0.846	O2):58.946	
O1):-0.814	O2):52.572	
O1):-0.801	O2):45.682	
O1):-0.81	O2):49.18	
O1):-0.814	O2):43.276	
O1):-0.847	O2):57.944	
O1):-0.768	O2):37.478	
O1):-0.814	O2):51.445	
Starting PrismExecutor worker 5 on port 11475
O1):-0.853	O2):63.003	
O1):-0.81	O2):45.804	
O1):-0.791	O2):42.766	
O1):-0.805	O2):44.235	
O1):-0.778	O2):41.12	
Connected worker 5 to port 11475
O1):-0.863	O2):63.817	
O1):-0.767	O2):42.718	
O1):-0.846	O2):52.926	
O1):-0.8	O2):38.74	
O1):-0.827	O2):47.269	
O1):-0.812	O2):43.021	
O1):-0.837	O2):49.786	
O1):-0.796	O2):43.549	
O1):-0.779	O2):41.489	
O1):-0.765	O2):40.232	
O1):-0.818	O2):50.964	
O1):-0.837	O2):45.767	
O1):-0.776	O2):42.311	
O1):-0.854	O2):59.143	
O1):-0.864	O2):64.018	
O1):-0.879	O2):74.527	
O1):-0.801	O2):46.002	
O1):-0.732	O2):36.722	
O1):-0.829	O2):47.843	
O1):-0.777	O2):37.076	
O1):-0.828	O2):52.932	
O1):-0.828	O2):52.932	
O1):-0.837	O2):48.523	
O1):-0.863	O2):60.101	
Evaluations:	700
O1):-0.828	O2):52.932	
O1):-0.828	O2):52.932	
O1):-0.828	O2):52.932	
O1):-0.813	O2):46.985	
O1):-0.814	O2):43.326	
O1):-0.838	O2):51.96	
O1):-0.82	O2):51.122	
O1):-0.847	O2):57.36	
O1):-0.863	O2):63.816	
O1):-0.82	O2):47.629	
O1):-0.831	O2):52.716	
O1):-0.778	O2):41.697	
O1):-0.847	O2):56.913	
O1):-0.75	O2):36.009	
O1):-0.828	O2):48.822	
O1):-0.827	O2):51.465	
O1):-0.846	O2):49.573	
O1):-0.82	O2):44.798	
O1):-0.834	O2):56.522	
O1):-0.871	O2):68.775	
O1):-0.755	O2):41.329	
O1):-0.854	O2):58.875	
O1):-0.791	O2):42.79	
O1):-0.837	O2):49.786	
O1):-0.82	O2):50.828	
O1):-0.844	O2):52.815	
O1):-0.872	O2):72.824	
O1):-0.767	O2):42.924	
O1):-0.735	O2):37.368	
O1):-0.844	O2):52.659	
O1):-0.749	O2):35.929	
O1):-0.798	O2):47.567	
O1):-0.802	O2):46.511	
O1):-0.862	O2):59.422	
O1):-0.863	O2):60.101	
O1):-0.83	O2):52.51	
O1):-0.805	O2):46.602	
O1):-0.846	O2):62.12	
O1):-0.821	O2):47.763	
O1):-0.863	O2):59.899	
O1):-0.734	O2):36.471	
O1):-0.83	O2):45.471	
O1):-0.853	O2):63.001	
O1):-0.801	O2):58.595	
O1):-0.829	O2):47.849	
O1):-0.827	O2):47.395	
O1):-0.826	O2):43.9	
O1):-0.819	O2):42.628	
O1):-0.871	O2):68.115	
O1):-0.83	O2):47.961	
O1):-0.837	O2):45.767	
O1):-0.861	O2):58.049	
O1):-0.807	O2):42.564	
O1):-0.778	O2):41.327	
O1):-0.847	O2):58.752	
O1):-0.871	O2):68.766	
O1):-0.771	O2):40.764	
O1):-0.828	O2):51.847	
O1):-0.813	O2):46.224	
O1):-0.75	O2):36.517	
O1):-0.854	O2):68.135	
O1):-0.834	O2):56.53	
O1):-0.812	O2):44.125	
O1):-0.862	O2):55.072	
O1):-0.806	O2):47.64	
O1):-0.748	O2):36.202	
O1):-0.846	O2):52.924	
O1):-0.806	O2):47.382	
O1):-0.775	O2):42.148	
O1):-0.779	O2):41.489	
O1):-0.731	O2):36.329	
O1):-0.776	O2):42.29	
O1):-0.862	O2):55.066	
O1):-0.83	O2):52.097	
O1):-0.74	O2):36.683	
O1):-0.837	O2):49.786	
O1):-0.817	O2):47.309	
O1):-0.821	O2):43.948	
O1):-0.787	O2):41.206	
O1):-0.854	O2):64.084	
O1):-0.846	O2):55.118	
O1):-0.863	O2):58.975	
O1):-0.846	O2):55.313	
O1):-0.822	O2):48.163	
O1):-0.833	O2):49.64	
O1):-0.732	O2):36.719	
O1):-0.845	O2):53.901	
O1):-0.838	O2):52.632	
O1):-0.777	O2):41.195	
O1):-0.863	O2):58.715	
Starting PrismExecutor worker 4 on port 11494
O1):-0.83	O2):48.551	
O1):-0.747	O2):37.741	
O1):-0.853	O2):53.991	
O1):-0.844	O2):52.546	
O1):-0.775	O2):42.225	
Connected worker 4 to port 11494
O1):-0.822	O2):60.873	
O1):-0.755	O2):41.329	
O1):-0.846	O2):52.927	
O1):-0.806	O2):46.743	
O1):-0.783	O2):43.386	
O1):-0.798	O2):42.88	
O1):-0.783	O2):42.629	
O1):-0.799	O2):45.882	
O1):-0.838	O2):50.111	
O1):-0.846	O2):54.528	
O1):-0.863	O2):64.773	
O1):-0.775	O2):38.709	
O1):-0.838	O2):54.171	
O1):-0.829	O2):45.325	
O1):-0.821	O2):48.346	
O1):-0.812	O2):43.699	
O1):-0.845	O2):53.996	
Evaluations:	700
O1):-0.78	O2):40.338	
O1):-0.846	O2):57.237	
O1):-0.778	O2):37.359	
O1):-0.837	O2):56.902	
O1):-0.785	O2):40.842	
O1):-0.785	O2):40.89	
O1):-0.828	O2):44.711	
O1):-0.854	O2):58.965	
O1):-0.822	O2):51.745	
O1):-0.813	O2):48.209	
O1):-0.839	O2):52.702	
O1):-0.854	O2):56.696	
O1):-0.722	O2):38.116	
O1):-0.816	O2):51.141	
O1):-0.819	O2):47.232	
O1):-0.863	O2):60.101	
O1):-0.814	O2):43.277	
O1):-0.845	O2):53.904	
O1):-0.845	O2):52.425	
O1):-0.853	O2):53.061	
O1):-0.782	O2):42.308	
O1):-0.837	O2):54.552	
O1):-0.845	O2):50.284	
O1):-0.819	O2):47.239	
O1):-0.819	O2):47.239	
O1):-0.868	O2):68.345	
O1):-0.862	O2):64.593	
O1):-0.797	O2):49.711	
O1):-0.806	O2):51.758	
O1):-0.847	O2):56.784	
O1):-0.828	O2):51.849	
O1):-0.846	O2):54.53	
O1):-0.863	O2):63.534	
O1):-0.854	O2):59.419	
O1):-0.846	O2):54.528	
O1):-0.845	O2):50.277	
O1):-0.806	O2):52.434	
O1):-0.821	O2):48.346	
O1):-0.796	O2):41.697	
O1):-0.829	O2):48.413	
O1):-0.803	O2):43.671	
O1):-0.805	O2):46.12	
O1):-0.812	O2):48.006	
O1):-0.837	O2):53.391	
O1):-0.836	O2):50.035	
O1):-0.819	O2):44.494	
O1):-0.776	O2):41.345	
O1):-0.765	O2):38.544	
O1):-0.846	O2):62.585	
O1):-0.812	O2):43.021	
O1):-0.863	O2):63.533	
O1):-0.844	O2):58.393	
O1):-0.864	O2):68.011	
O1):-0.813	O2):44.029	
O1):-0.827	O2):47.269	
O1):-0.837	O2):45.767	
O1):-0.822	O2):51.745	
O1):-0.843	O2):53.846	
O1):-0.837	O2):45.767	
O1):-0.795	O2):44.099	
O1):-0.871	O2):78.94	
O1):-0.834	O2):48.066	
O1):-0.827	O2):47.269	
O1):-0.825	O2):46.879	
O1):-0.863	O2):60.101	
O1):-0.779	O2):37.574	
O1):-0.845	O2):50.32	
O1):-0.75	O2):36.014	
O1):-0.855	O2):59.844	
O1):-0.814	O2):51.303	
O1):-0.868	O2):68.345	
O1):-0.863	O2):60.101	
O1):-0.757	O2):40.073	
O1):-0.82	O2):47.452	
O1):-0.814	O2):47.519	
O1):-0.83	O2):49.964	
O1):-0.793	O2):38.131	
O1):-0.796	O2):48.872	
O1):-0.777	O2):41.195	
O1):-0.872	O2):72.965	
O1):-0.872	O2):72.824	
O1):-0.741	O2):40.755	
O1):-0.82	O2):47.819	
O1):-0.864	O2):68.221	
O1):-0.79	O2):41.83	
O1):-0.846	O2):57.328	
O1):-0.846	O2):52.924	
O1):-0.834	O2):56.53	
O1):-0.838	O2):54.363	
Starting PrismExecutor worker 5 on port 11495
O1):-0.817	O2):47.104	
O1):-0.82	O2):47.633	
O1):-0.821	O2):49.634	
Connected worker 5 to port 11495
O1):-0.812	O2):47.959	
O1):-0.829	O2):49.063	
O1):-0.872	O2):72.824	
O1):-0.804	O2):47.303	
O1):-0.802	O2):42.904	
Evaluations:	700
O1):-0.83	O2):47.592	
O1):-0.779	O2):41.489	
O1):-0.776	O2):39.025	
O1):-0.791	O2):43.891	
O1):-0.798	O2):43.835	
O1):-0.804	O2):63.23	
O1):-0.783	O2):43.386	
O1):-0.806	O2):42.339	
O1):-0.79	O2):42.503	
O1):-0.795	O2):44.545	
O1):-0.778	O2):41.323	
O1):-0.846	O2):54.051	
O1):-0.821	O2):48.384	
O1):-0.801	O2):44.471	
O1):-0.75	O2):36.014	
O1):-0.846	O2):54.045	
O1):-0.795	O2):44.099	
O1):-0.817	O2):46.222	
O1):-0.79	O2):42.566	
O1):-0.833	O2):49.64	
O1):-0.778	O2):40.128	
O1):-0.837	O2):45.767	
O1):-0.854	O2):50.697	
O1):-0.772	O2):40.575	
O1):-0.818	O2):46.812	
O1):-0.829	O2):45.332	
O1):-0.86	O2):68.329	
O1):-0.797	O2):41.989	
O1):-0.822	O2):50.563	
O1):-0.846	O2):54.452	
O1):-0.805	O2):46.299	
O1):-0.804	O2):63.229	
O1):-0.78	O2):42.657	
O1):-0.748	O2):36.211	
O1):-0.844	O2):49.868	
O1):-0.813	O2):43.196	
O1):-0.846	O2):52.924	
O1):-0.844	O2):54.318	
O1):-0.822	O2):47.525	
O1):-0.784	O2):41.541	
O1):-0.847	O2):49.616	
O1):-0.807	O2):42.716	
O1):-0.807	O2):42.716	
O1):-0.813	O2):43.793	
O1):-0.837	O2):53.662	
O1):-0.812	O2):43.699	
O1):-0.837	O2):49.786	
O1):-0.747	O2):37.683	
O1):-0.769	O2):37.475	
O1):-0.872	O2):72.826	
O1):-0.846	O2):54.309	
O1):-0.806	O2):46.718	
O1):-0.847	O2):54.03	
Evaluations:	800
O1):-0.773	O2):47.117	
O1):-0.837	O2):49.786	
O1):-0.821	O2):48.379	
O1):-0.814	O2):43.281	
O1):-0.837	O2):49.786	
O1):-0.779	O2):40.821	
O1):-0.849	O2):53.034	
O1):-0.845	O2):53.757	
O1):-0.742	O2):38.468	
O1):-0.845	O2):50.32	
O1):-0.755	O2):37.49	
O1):-0.805	O2):46.301	
O1):-0.845	O2):49.334	
O1):-0.788	O2):43.054	
O1):-0.838	O2):51.96	
O1):-0.854	O2):58.931	
O1):-0.813	O2):47.89	
O1):-0.749	O2):37.327	
O1):-0.855	O2):62.702	
O1):-0.882	O2):78.573	
O1):-0.813	O2):48.505	
O1):-0.797	O2):41.99	
O1):-0.778	O2):41.323	
O1):-0.787	O2):53.182	
O1):-0.871	O2):68.775	
O1):-0.845	O2):49.299	
O1):-0.871	O2):68.766	
O1):-0.864	O2):72.113	
O1):-0.813	O2):43.808	
O1):-0.855	O2):68.194	
O1):-0.862	O2):57.444	
O1):-0.805	O2):46.807	
O1):-0.843	O2):49.176	
O1):-0.871	O2):63.566	
O1):-0.846	O2):52.924	
O1):-0.837	O2):45.718	
O1):-0.837	O2):50.02	
O1):-0.847	O2):56.751	
O1):-0.782	O2):42.395	
O1):-0.854	O2):63.224	
O1):-0.811	O2):46.144	
O1):-0.821	O2):47.763	
O1):-0.784	O2):41.549	
O1):-0.879	O2):69.401	
O1):-0.863	O2):63.533	
O1):-0.846	O2):54.357	
O1):-0.844	O2):51.883	
O1):-0.836	O2):52.906	
O1):-0.84	O2):66.195	
O1):-0.836	O2):53.104	
O1):-0.818	O2):47.239	
O1):-0.782	O2):43.888	
O1):-0.871	O2):63.566	
Starting PrismExecutor worker 5 on port 11455
O1):-0.82	O2):48.176	
O1):-0.736	O2):37.188	
O1):-0.819	O2):47.178	
O1):-0.837	O2):56.2	
Connected worker 5 to port 11455
O1):-0.768	O2):37.478	
O1):-0.838	O2):53.242	
O1):-0.846	O2):52.927	
O1):-0.732	O2):36.724	
O1):-0.822	O2):60.873	
O1):-0.838	O2):52.718	
O1):-0.781	O2):43.021	
O1):-0.823	O2):51.993	
O1):-0.845	O2):58.79	
O1):-0.868	O2):68.345	
O1):-0.872	O2):72.824	
O1):-0.747	O2):37.741	
O1):-0.846	O2):55.113	
O1):-0.75	O2):38.321	
O1):-0.756	O2):37.476	
O1):-0.819	O2):47.178	
O1):-0.75	O2):36.517	
O1):-0.822	O2):47.525	
O1):-0.829	O2):45.325	
O1):-0.798	O2):42.943	
O1):-0.806	O2):46.719	
O1):-0.821	O2):48.212	
O1):-0.842	O2):53.952	
O1):-0.863	O2):58.974	
O1):-0.827	O2):49.171	
O1):-0.87	O2):59.228	
O1):-0.778	O2):41.323	
O1):-0.821	O2):47.763	
O1):-0.853	O2):54.391	
O1):-0.856	O2):67.182	
O1):-0.827	O2):47.269	
O1):-0.814	O2):48.414	
O1):-0.864	O2):59.264	
O1):-0.82	O2):47.452	
O1):-0.843	O2):52.337	
O1):-0.784	O2):41.541	
O1):-0.855	O2):62.664	
O1):-0.788	O2):49.927	
O1):-0.778	O2):37.359	
O1):-0.851	O2):63.559	
O1):-0.872	O2):72.824	
O1):-0.845	O2):50.222	
O1):-0.797	O2):43.919	
O1):-0.841	O2):53.543	
O1):-0.798	O2):42.944	
O1):-0.853	O2):63.982	
O1):-0.834	O2):56.53	
O1):-0.845	O2):50.277	
O1):-0.819	O2):47.66	
O1):-0.756	O2):38.671	
O1):-0.772	O2):43.897	
O1):-0.863	O2):58.975	
O1):-0.797	O2):43.863	
O1):-0.857	O2):53.841	
O1):-0.798	O2):46.901	
O1):-0.82	O2):48.451	
O1):-0.853	O2):58.068	
O1):-0.856	O2):67.183	
O1):-0.844	O2):53.673	
O1):-0.817	O2):47.444	
O1):-0.829	O2):47.938	
O1):-0.853	O2):58.464	
O1):-0.83	O2):52.097	
O1):-0.863	O2):64.773	
O1):-0.837	O2):45.718	
Evaluations:	700
O1):-0.871	O2):63.566	
O1):-0.796	O2):49.125	
O1):-0.802	O2):42.904	
O1):-0.872	O2):68.586	
O1):-0.872	O2):72.824	
O1):-0.776	O2):42.313	
O1):-0.795	O2):42.505	
O1):-0.844	O2):52.547	
O1):-0.814	O2):43.276	
O1):-0.798	O2):43.835	
O1):-0.821	O2):48.346	
O1):-0.853	O2):54.396	
O1):-0.79	O2):47.281	
O1):-0.785	O2):37.401	
O1):-0.798	O2):45.995	
O1):-0.78	O2):44.037	
O1):-0.847	O2):54.03	
O1):-0.779	O2):41.489	
O1):-0.793	O2):42.202	
O1):-0.812	O2):47.752	
O1):-0.799	O2):46.317	
O1):-0.862	O2):62.676	
O1):-0.838	O2):50.111	
O1):-0.862	O2):60.008	
O1):-0.817	O2):47.105	
O1):-0.821	O2):47.505	
O1):-0.826	O2):47.466	
O1):-0.769	O2):37.389	
O1):-0.787	O2):41.212	
O1):-0.806	O2):47.006	
O1):-0.868	O2):63.231	
O1):-0.827	O2):47.27	
O1):-0.734	O2):36.471	
O1):-0.789	O2):42.647	
O1):-0.778	O2):42.852	
O1):-0.788	O2):58.55	
O1):-0.803	O2):42.043	
O1):-0.83	O2):52.097	
O1):-0.776	O2):42.383	
O1):-0.791	O2):42.26	
O1):-0.781	O2):42.654	
O1):-0.788	O2):42.693	
O1):-0.82	O2):44.798	
O1):-0.827	O2):47.269	
O1):-0.864	O2):68.896	
O1):-0.777	O2):41.195	
Starting PrismExecutor worker 4 on port 11474
O1):-0.828	O2):44.703	
O1):-0.798	O2):42.943	
O1):-0.872	O2):64.167	
Connected worker 4 to port 11474
O1):-0.795	O2):42.505	
O1):-0.871	O2):63.566	
O1):-0.797	O2):46.634	
O1):-0.814	O2):43.273	
O1):-0.812	O2):46.222	
O1):-0.83	O2):57.27	
O1):-0.855	O2):62.702	
O1):-0.808	O2):43.678	
O1):-0.864	O2):63.802	
O1):-0.838	O2):50.799	
O1):-0.836	O2):48.445	
O1):-0.827	O2):52.569	
O1):-0.822	O2):60.873	
O1):-0.796	O2):49.127	
O1):-0.863	O2):65.036	
O1):-0.826	O2):51.329	
O1):-0.837	O2):45.767	
O1):-0.847	O2):54.03	
O1):-0.759	O2):41.868	
O1):-0.833	O2):49.64	
O1):-0.817	O2):46.222	
O1):-0.872	O2):72.824	
O1):-0.853	O2):58.464	
O1):-0.75	O2):36.009	
O1):-0.806	O2):42.32	
O1):-0.814	O2):43.279	
O1):-0.82	O2):47.716	
O1):-0.823	O2):48.755	
O1):-0.846	O2):49.296	
O1):-0.839	O2):52.703	
O1):-0.812	O2):43.699	
O1):-0.78	O2):40.335	
O1):-0.789	O2):43.441	
O1):-0.819	O2):47.178	
O1):-0.829	O2):47.463	
O1):-0.749	O2):35.486	
O1):-0.827	O2):47.269	
O1):-0.837	O2):45.718	
O1):-0.825	O2):44.676	
O1):-0.799	O2):45.882	
O1):-0.872	O2):72.824	
O1):-0.817	O2):46.222	
O1):-0.836	O2):45.545	
O1):-0.807	O2):42.716	
O1):-0.834	O2):52.22	
O1):-0.822	O2):58.977	
O1):-0.819	O2):46.99	
O1):-0.814	O2):51.12	
O1):-0.847	O2):54.031	
O1):-0.837	O2):49.619	
O1):-0.819	O2):44.494	
O1):-0.821	O2):48.859	
O1):-0.863	O2):58.964	
O1):-0.853	O2):58.464	
O1):-0.839	O2):52.703	
O1):-0.797	O2):46.442	
O1):-0.83	O2):48.052	
O1):-0.779	O2):37.574	
O1):-0.805	O2):46.581	
O1):-0.788	O2):49.927	
O1):-0.822	O2):47.525	
O1):-0.806	O2):46.551	
O1):-0.872	O2):72.824	
O1):-0.847	O2):56.913	
O1):-0.85	O2):58.389	
O1):-0.871	O2):68.766	
O1):-0.839	O2):52.703	
O1):-0.846	O2):52.924	
O1):-0.82	O2):47.629	
O1):-0.788	O2):49.927	
O1):-0.817	O2):47.105	
O1):-0.82	O2):58.386	
O1):-0.728	O2):35.55	
O1):-0.745	O2):35.366	
O1):-0.863	O2):63.533	
O1):-0.812	O2):43.699	
O1):-0.833	O2):47.486	
O1):-0.75	O2):36.014	
O1):-0.871	O2):63.566	
O1):-0.821	O2):46.035	
O1):-0.813	O2):44.136	
O1):-0.813	O2):48.023	
O1):-0.747	O2):37.683	
O1):-0.862	O2):63.926	
O1):-0.797	O2):42.023	
O1):-0.785	O2):40.835	
O1):-0.827	O2):47.269	
O1):-0.796	O2):41.733	
O1):-0.779	O2):41.497	
O1):-0.864	O2):64.018	
O1):-0.741	O2):36.56	
O1):-0.82	O2):44.769	
O1):-0.828	O2):52.101	
O1):-0.851	O2):63.559	
O1):-0.796	O2):43.549	
O1):-0.796	O2):63.466	
O1):-0.798	O2):46.401	
O1):-0.775	O2):38.687	
O1):-0.847	O2):57.355	
O1):-0.842	O2):51.853	
O1):-0.863	O2):54.439	
O1):-0.848	O2):58.019	
O1):-0.843	O2):54.962	
O1):-0.788	O2):43.052	
O1):-0.748	O2):36.202	
O1):-0.775	O2):42.226	
O1):-0.819	O2):47.239	
O1):-0.78	O2):40.906	
O1):-0.836	O2):55.264	
O1):-0.855	O2):63.958	
O1):-0.862	O2):59.782	
O1):-0.78	O2):40.337	
O1):-0.797	O2):42.125	
O1):-0.837	O2):45.718	
O1):-0.821	O2):48.384	
Starting PrismExecutor worker 5 on port 11445
Starting PrismExecutor worker 4 on port 11444
Connected worker 5 to port 11445
Connected worker 4 to port 11444
O1):-0.855	O2):63.729	
O1):-0.837	O2):49.786	
O1):-0.863	O2):63.938	
O1):-0.809	O2):42.74	
O1):-0.821	O2):48.661	
O1):-0.846	O2):52.924	
O1):-0.803	O2):43.651	
O1):-0.82	O2):51.122	
O1):-0.837	O2):45.718	
O1):-0.838	O2):51.957	
O1):-0.742	O2):36.455	
O1):-0.846	O2):54.308	
O1):-0.829	O2):52.029	
O1):-0.747	O2):37.683	
O1):-0.779	O2):41.489	
O1):-0.806	O2):42.642	
O1):-0.806	O2):42.32	
O1):-0.836	O2):53.281	
O1):-0.806	O2):47.954	
O1):-0.846	O2):54.265	
O1):-0.839	O2):57.201	
O1):-0.864	O2):64.428	
O1):-0.82	O2):46.577	
O1):-0.82	O2):47.631	
O1):-0.83	O2):48.041	
O1):-0.845	O2):53.757	
O1):-0.769	O2):37.39	
O1):-0.84	O2):52.717	
O1):-0.829	O2):52.028	
O1):-0.732	O2):36.724	
O1):-0.789	O2):42.855	
O1):-0.846	O2):48.393	
O1):-0.807	O2):49.129	
O1):-0.812	O2):43.978	
O1):-0.852	O2):57.766	
O1):-0.782	O2):37.995	
O1):-0.829	O2):45.325	
O1):-0.827	O2):47.269	
O1):-0.775	O2):38.687	
O1):-0.809	O2):42.741	
O1):-0.872	O2):72.824	
O1):-0.806	O2):46.719	
O1):-0.756	O2):38.671	
O1):-0.852	O2):57.766	
O1):-0.772	O2):40.569	
O1):-0.785	O2):40.835	
O1):-0.83	O2):45.471	
O1):-0.784	O2):41.541	
O1):-0.771	O2):42.562	
O1):-0.798	O2):42.95	
O1):-0.848	O2):62.244	
O1):-0.786	O2):41.93	
O1):-0.782	O2):37.997	
O1):-0.735	O2):37.366	
O1):-0.768	O2):37.479	
O1):-0.863	O2):63.077	
O1):-0.863	O2):63.82	
O1):-0.789	O2):43.311	
O1):-0.846	O2):56.654	
O1):-0.814	O2):48.222	
O1):-0.872	O2):68.511	
O1):-0.758	O2):37.518	
O1):-0.846	O2):52.924	
O1):-0.826	O2):43.897	
O1):-0.789	O2):43.143	
O1):-0.757	O2):40.25	
O1):-0.837	O2):45.724	
O1):-0.8	O2):41.675	
O1):-0.805	O2):47.546	
O1):-0.812	O2):43.699	
O1):-0.871	O2):73.489	
O1):-0.853	O2):54.391	
O1):-0.854	O2):50.697	
O1):-0.796	O2):41.816	
O1):-0.799	O2):45.959	
O1):-0.846	O2):53.893	
O1):-0.723	O2):37.47	
O1):-0.872	O2):72.824	
O1):-0.872	O2):72.824	
O1):-0.863	O2):65.036	
O1):-0.756	O2):37.122	
O1):-0.813	O2):51.343	
O1):-0.853	O2):59.504	
O1):-0.811	O2):44.006	
O1):-0.783	O2):43.21	
O1):-0.791	O2):43.092	
O1):-0.853	O2):57.294	
O1):-0.822	O2):60.873	
O1):-0.78	O2):40.337	
O1):-0.831	O2):52.711	
O1):-0.823	O2):48.755	
O1):-0.863	O2):63.865	
O1):-0.802	O2):48.894	
O1):-0.83	O2):55.59	
O1):-0.872	O2):72.824	
O1):-0.862	O2):55.066	
O1):-0.862	O2):54.126	
O1):-0.782	O2):43.888	
O1):-0.734	O2):36.469	
O1):-0.864	O2):68.221	
O1):-0.807	O2):42.564	
O1):-0.748	O2):36.202	
O1):-0.741	O2):40.749	
O1):-0.742	O2):36.673	
O1):-0.872	O2):72.824	
O1):-0.779	O2):41.489	
O1):-0.864	O2):64.018	
O1):-0.807	O2):47.001	
O1):-0.863	O2):64.196	
O1):-0.872	O2):72.824	
O1):-0.872	O2):72.824	
O1):-0.777	O2):37.056	
O1):-0.852	O2):54.426	
O1):-0.799	O2):45.881	
O1):-0.777	O2):37.056	
O1):-0.75	O2):35.998	
O1):-0.78	O2):40.344	
O1):-0.831	O2):54.992	
O1):-0.764	O2):42.492	
O1):-0.846	O2):56.656	
O1):-0.872	O2):72.824	
O1):-0.817	O2):47.251	
O1):-0.813	O2):56.296	
O1):-0.779	O2):41.489	
O1):-0.766	O2):37.152	
O1):-0.822	O2):47.525	
O1):-0.845	O2):50.325	
O1):-0.846	O2):57.194	
O1):-0.861	O2):63.13	
O1):-0.863	O2):63.815	
O1):-0.778	O2):36.987	
O1):-0.838	O2):49.925	
O1):-0.829	O2):49.063	
O1):-0.789	O2):43.311	
O1):-0.795	O2):44.1	
O1):-0.78	O2):44.042	
O1):-0.779	O2):41.487	
O1):-0.864	O2):67.631	
O1):-0.757	O2):39.914	
O1):-0.78	O2):37.821	
O1):-0.846	O2):48.393	
O1):-0.775	O2):38.687	
O1):-0.75	O2):38.359	
O1):-0.812	O2):43.119	
O1):-0.863	O2):60.245	
O1):-0.728	O2):35.55	
O1):-0.781	O2):43.821	
O1):-0.863	O2):60.101	
O1):-0.778	O2):36.99	
O1):-0.806	O2):42.319	
O1):-0.863	O2):58.969	
O1):-0.838	O2):52.632	
O1):-0.807	O2):42.716	
O1):-0.863	O2):65.036	
O1):-0.819	O2):47.239	
O1):-0.845	O2):50.284	
O1):-0.822	O2):53.832	
O1):-0.827	O2):49.12	
O1):-0.806	O2):46.836	
O1):-0.769	O2):37.389	
O1):-0.818	O2):47.57	
O1):-0.844	O2):52.545	
O1):-0.847	O2):59.345	
O1):-0.867	O2):63.166	
O1):-0.809	O2):42.741	
O1):-0.779	O2):37.574	
O1):-0.872	O2):72.824	
O1):-0.804	O2):43.32	
O1):-0.821	O2):46.965	
O1):-0.796	O2):43.173	
O1):-0.829	O2):47.843	
O1):-0.814	O2):45.064	
O1):-0.847	O2):54.299	
O1):-0.747	O2):37.683	
O1):-0.783	O2):41.759	
O1):-0.844	O2):49.273	
O1):-0.862	O2):54.115	
O1):-0.813	O2):46.869	
Evaluations:	800
O1):-0.75	O2):39.868	
O1):-0.853	O2):53.061	
O1):-0.785	O2):40.842	
O1):-0.853	O2):53.061	
O1):-0.811	O2):46.15	
O1):-0.782	O2):47.351	
O1):-0.802	O2):47.642	
O1):-0.795	O2):42.505	
O1):-0.769	O2):37.389	
O1):-0.82	O2):52.305	
O1):-0.777	O2):37.056	
O1):-0.779	O2):41.489	
O1):-0.821	O2):48.384	
O1):-0.863	O2):60.101	
O1):-0.789	O2):43.311	
O1):-0.818	O2):44.321	
O1):-0.768	O2):37.478	
O1):-0.83	O2):45.471	
O1):-0.863	O2):63.533	
O1):-0.829	O2):47.843	
O1):-0.827	O2):47.269	
O1):-0.769	O2):42.731	
O1):-0.862	O2):60.005	
O1):-0.787	O2):41.212	
O1):-0.75	O2):37.144	
O1):-0.75	O2):35.988	
O1):-0.757	O2):37.569	
O1):-0.819	O2):44.493	
O1):-0.802	O2):42.904	
O1):-0.863	O2):60.246	
O1):-0.837	O2):45.718	
O1):-0.871	O2):68.775	
O1):-0.854	O2):56.696	
O1):-0.846	O2):54.045	
O1):-0.838	O2):52.718	
O1):-0.838	O2):52.623	
O1):-0.774	O2):41.987	
O1):-0.845	O2):50.275	
O1):-0.837	O2):45.718	
O1):-0.863	O2):60.101	
O1):-0.855	O2):62.664	
O1):-0.829	O2):49.063	
O1):-0.848	O2):62.405	
O1):-0.871	O2):68.775	
O1):-0.798	O2):48.061	
O1):-0.83	O2):47.863	
O1):-0.769	O2):37.389	
O1):-0.846	O2):60.101	
O1):-0.821	O2):48.346	
O1):-0.848	O2):62.246	
O1):-0.749	O2):37.326	
O1):-0.846	O2):48.392	
O1):-0.834	O2):56.53	
O1):-0.768	O2):37.478	
O1):-0.863	O2):54.433	
O1):-0.846	O2):52.924	
Starting PrismExecutor worker 3 on port 11463
O1):-0.756	O2):37.122	
O1):-0.829	O2):52.959	
Starting PrismExecutor worker 1 on port 11461
O1):-0.825	O2):49.046	
O1):-0.826	O2):53.13	
Connected worker 3 to port 11463
Connected worker 1 to port 11461
O1):-0.863	O2):54.431	
O1):-0.801	O2):43.602	
O1):-0.838	O2):52.718	
O1):-0.863	O2):63.075	
O1):-0.83	O2):49.964	
O1):-0.796	O2):43.549	
O1):-0.768	O2):37.478	
O1):-0.797	O2):47.315	
O1):-0.742	O2):36.455	
O1):-0.755	O2):41.33	
O1):-0.802	O2):42.904	
O1):-0.819	O2):44.493	
O1):-0.818	O2):47.566	
O1):-0.777	O2):39.116	
O1):-0.872	O2):69.26	
O1):-0.806	O2):46.836	
O1):-0.868	O2):68.35	
O1):-0.837	O2):56.2	
O1):-0.795	O2):42.505	
O1):-0.768	O2):37.478	
O1):-0.811	O2):46.411	
O1):-0.82	O2):46.576	
O1):-0.829	O2):47.843	
O1):-0.845	O2):50.275	
Evaluations:	800
O1):-0.826	O2):43.478	
O1):-0.829	O2):45.325	
O1):-0.796	O2):41.697	
O1):-0.846	O2):56.656	
O1):-0.837	O2):45.718	
O1):-0.837	O2):45.823	
O1):-0.802	O2):42.91	
O1):-0.768	O2):37.478	
O1):-0.82	O2):46.532	
O1):-0.863	O2):58.975	
Evaluations:	800
O1):-0.846	O2):52.924	
O1):-0.816	O2):51.69	
O1):-0.72	O2):35.705	
O1):-0.837	O2):45.718	
O1):-0.862	O2):57.443	
O1):-0.837	O2):45.665	
O1):-0.847	O2):54.359	
O1):-0.863	O2):60.101	
O1):-0.812	O2):43.022	
O1):-0.837	O2):45.718	
O1):-0.812	O2):44.292	
O1):-0.872	O2):72.824	
O1):-0.777	O2):37.056	
O1):-0.837	O2):49.786	
O1):-0.864	O2):67.634	
O1):-0.872	O2):72.824	
O1):-0.847	O2):56.913	
O1):-0.813	O2):48.036	
O1):-0.829	O2):43.797	
O1):-0.827	O2):47.277	
O1):-0.861	O2):63.121	
O1):-0.781	O2):37.651	
O1):-0.829	O2):45.325	
O1):-0.757	O2):35.73	
O1):-0.812	O2):43.699	
O1):-0.812	O2):43.699	
O1):-0.873	O2):74.013	
O1):-0.79	O2):41.83	
O1):-0.846	O2):62.585	
O1):-0.797	O2):41.989	
O1):-0.796	O2):43.549	
O1):-0.819	O2):47.178	
O1):-0.806	O2):42.642	
O1):-0.785	O2):40.835	
O1):-0.862	O2):54.1	
O1):-0.862	O2):63.938	
O1):-0.845	O2):52.072	
O1):-0.809	O2):42.74	
O1):-0.872	O2):72.824	
O1):-0.7	O2):35.172	
O1):-0.847	O2):49.618	
O1):-0.796	O2):43.173	
O1):-0.766	O2):41.561	
O1):-0.776	O2):39.025	
O1):-0.813	O2):48.37	
O1):-0.855	O2):62.664	
O1):-0.81	O2):42.745	
O1):-0.82	O2):51.639	
O1):-0.798	O2):46.227	
O1):-0.847	O2):56.913	
O1):-0.777	O2):37.056	
O1):-0.829	O2):52.028	
O1):-0.83	O2):48.671	
O1):-0.837	O2):52.144	
O1):-0.863	O2):63.813	
O1):-0.854	O2):50.749	
O1):-0.765	O2):40.103	
O1):-0.788	O2):42.327	
O1):-0.797	O2):41.868	
O1):-0.768	O2):37.478	
O1):-0.871	O2):72.546	
O1):-0.814	O2):47.819	
O1):-0.829	O2):45.326	
O1):-0.862	O2):54.115	
O1):-0.834	O2):48.997	
O1):-0.801	O2):43.235	
O1):-0.755	O2):38.683	
O1):-0.768	O2):37.478	
O1):-0.787	O2):44.544	
O1):-0.775	O2):38.687	
O1):-0.787	O2):41.212	
O1):-0.846	O2):52.924	
O1):-0.871	O2):68.766	
O1):-0.845	O2):50.32	
O1):-0.793	O2):38.131	
O1):-0.847	O2):54.031	
O1):-0.863	O2):58.715	
O1):-0.829	O2):49.056	
O1):-0.747	O2):37.683	
O1):-0.757	O2):35.73	
O1):-0.827	O2):64.218	
O1):-0.767	O2):37.099	
O1):-0.747	O2):37.683	
O1):-0.837	O2):45.718	
O1):-0.844	O2):52.823	
O1):-0.78	O2):37.71	
O1):-0.863	O2):64.772	
Evaluations:	800
O1):-0.838	O2):52.708	
O1):-0.798	O2):43.835	
O1):-0.75	O2):37.367	
O1):-0.791	O2):42.79	
O1):-0.834	O2):56.53	
O1):-0.783	O2):41.683	
O1):-0.795	O2):44.504	
O1):-0.871	O2):63.564	
O1):-0.747	O2):37.683	
O1):-0.856	O2):63.057	
O1):-0.852	O2):68.503	
O1):-0.834	O2):56.522	
O1):-0.83	O2):48.749	
O1):-0.845	O2):50.325	
O1):-0.846	O2):52.924	
O1):-0.75	O2):36.014	
O1):-0.778	O2):40.134	
O1):-0.864	O2):64.428	
O1):-0.845	O2):53.757	
O1):-0.834	O2):51.136	
O1):-0.782	O2):37.995	
O1):-0.75	O2):36.014	
O1):-0.839	O2):56.513	
O1):-0.846	O2):50.678	
O1):-0.758	O2):37.285	
O1):-0.855	O2):63.733	
O1):-0.793	O2):38.131	
O1):-0.805	O2):47.549	
O1):-0.795	O2):42.553	
O1):-0.798	O2):39.567	
O1):-0.847	O2):54.299	
O1):-0.804	O2):43.32	
O1):-0.8	O2):46.984	
O1):-0.813	O2):46.984	
O1):-0.837	O2):45.718	
O1):-0.825	O2):49.028	
O1):-0.747	O2):37.683	
O1):-0.837	O2):45.879	
O1):-0.827	O2):47.269	
O1):-0.837	O2):50.025	
Starting PrismExecutor worker 2 on port 11462
O1):-0.853	O2):53.061	
O1):-0.853	O2):53.061	
O1):-0.822	O2):51.12	
O1):-0.863	O2):68.757	
O1):-0.805	O2):44.23	
O1):-0.853	O2):53.061	
O1):-0.827	O2):47.269	
O1):-0.87	O2):63.314	
Connected worker 2 to port 11462
O1):-0.769	O2):37.391	
O1):-0.853	O2):53.061	
O1):-0.853	O2):53.061	
O1):-0.806	O2):46.551	
O1):-0.871	O2):63.566	
O1):-0.828	O2):48.818	
O1):-0.847	O2):57.36	
Evaluations:	800
O1):-0.847	O2):49.599	
O1):-0.864	O2):64.018	
O1):-0.813	O2):43.589	
O1):-0.871	O2):68.775	
O1):-0.862	O2):55.065	
O1):-0.826	O2):43.896	
O1):-0.797	O2):49.381	
O1):-0.845	O2):50.32	
O1):-0.847	O2):56.751	
O1):-0.848	O2):62.406	
O1):-0.806	O2):46.719	
O1):-0.807	O2):42.716	
O1):-0.728	O2):35.55	
O1):-0.826	O2):49.532	
O1):-0.789	O2):43.441	
O1):-0.778	O2):36.987	
O1):-0.812	O2):43.699	
O1):-0.808	O2):43.666	
O1):-0.707	O2):35.581	
O1):-0.871	O2):68.766	
O1):-0.838	O2):53.759	
O1):-0.809	O2):42.741	
O1):-0.806	O2):46.718	
O1):-0.847	O2):54.356	
O1):-0.756	O2):37.011	
O1):-0.854	O2):58.781	
O1):-0.801	O2):43.602	
O1):-0.768	O2):37.478	
O1):-0.82	O2):47.629	
O1):-0.79	O2):38.368	
O1):-0.853	O2):53.066	
O1):-0.844	O2):49.951	
O1):-0.846	O2):53.893	
O1):-0.796	O2):41.696	
O1):-0.854	O2):59.134	
O1):-0.863	O2):54.301	
O1):-0.803	O2):43.077	
O1):-0.823	O2):48.755	
O1):-0.795	O2):42.505	
O1):-0.781	O2):45.372	
O1):-0.805	O2):41.77	
O1):-0.811	O2):44.006	
O1):-0.869	O2):58.741	
O1):-0.788	O2):42.327	
O1):-0.75	O2):35.998	
O1):-0.806	O2):46.719	
O1):-0.842	O2):53.949	
O1):-0.837	O2):52.144	
Evaluations:	800
O1):-0.798	O2):42.943	
O1):-0.846	O2):54.047	
O1):-0.821	O2):47.763	
O1):-0.806	O2):42.34	
O1):-0.793	O2):38.131	
O1):-0.834	O2):56.53	
O1):-0.807	O2):42.716	
O1):-0.827	O2):47.269	
O1):-0.82	O2):47.633	
O1):-0.806	O2):46.719	
O1):-0.807	O2):42.575	
O1):-0.834	O2):48.997	
Evaluations:	800
O1):-0.83	O2):48.551	
Starting PrismExecutor worker 0 on port 11460
O1):-0.846	O2):52.924	
Connected worker 0 to port 11460
O1):-0.787	O2):41.206	
O1):-0.846	O2):56.521	
O1):-0.854	O2):59.558	
O1):-0.837	O2):45.767	
O1):-0.821	O2):46.035	
O1):-0.801	O2):42.804	
O1):-0.747	O2):37.683	
O1):-0.812	O2):43.019	
O1):-0.78	O2):40.337	
O1):-0.829	O2):47.464	
O1):-0.734	O2):36.469	
O1):-0.803	O2):46.049	
O1):-0.82	O2):46.578	
O1):-0.797	O2):42.125	
O1):-0.842	O2):51.593	
O1):-0.78	O2):40.339	
O1):-0.826	O2):43.897	
O1):-0.768	O2):37.478	
O1):-0.862	O2):60.005	
O1):-0.819	O2):47.178	
O1):-0.868	O2):67.152	
O1):-0.837	O2):53.254	
O1):-0.847	O2):56.773	
O1):-0.828	O2):43.772	
O1):-0.862	O2):55.066	
O1):-0.809	O2):42.741	
O1):-0.845	O2):68.138	
O1):-0.864	O2):64.014	
O1):-0.83	O2):49.515	
O1):-0.742	O2):36.455	
O1):-0.76	O2):37.706	
O1):-0.787	O2):41.212	
O1):-0.819	O2):42.632	
O1):-0.859	O2):63.149	
O1):-0.872	O2):72.824	
O1):-0.797	O2):49.64	
O1):-0.845	O2):53.755	
O1):-0.794	O2):42.276	
O1):-0.805	O2):42.332	
O1):-0.733	O2):36.366	
O1):-0.815	O2):47.747	
O1):-0.829	O2):47.843	
O1):-0.79	O2):42.632	
O1):-0.787	O2):44.666	
O1):-0.804	O2):43.418	
O1):-0.834	O2):56.529	
O1):-0.776	O2):39.025	
O1):-0.769	O2):37.476	
O1):-0.795	O2):47.975	
O1):-0.847	O2):54.299	
O1):-0.795	O2):42.505	
O1):-0.869	O2):58.741	
O1):-0.818	O2):44.321	
O1):-0.854	O2):50.697	
O1):-0.83	O2):48.051	
O1):-0.813	O2):44.027	
O1):-0.734	O2):36.469	
O1):-0.827	O2):47.119	
O1):-0.872	O2):72.824	
O1):-0.805	O2):42.524	
O1):-0.796	O2):41.741	
O1):-0.796	O2):43.301	
O1):-0.871	O2):68.775	
O1):-0.75	O2):36.014	
O1):-0.805	O2):46.581	
O1):-0.854	O2):58.875	
O1):-0.778	O2):41.323	
O1):-0.818	O2):51.97	
O1):-0.847	O2):56.784	
O1):-0.777	O2):41.195	
O1):-0.82	O2):46.578	
O1):-0.751	O2):37.455	
O1):-0.785	O2):41.777	
O1):-0.812	O2):43.699	
O1):-0.837	O2):50.128	
O1):-0.798	O2):42.944	
O1):-0.832	O2):52.523	
O1):-0.763	O2):36.848	
O1):-0.862	O2):59.782	
O1):-0.828	O2):49.378	
O1):-0.837	O2):45.823	
O1):-0.794	O2):42.142	
Starting PrismExecutor worker 2 on port 11422
O1):-0.867	O2):63.166	
O1):-0.777	O2):37.056	
O1):-0.774	O2):42.056	
O1):-0.758	O2):37.044	
Connected worker 2 to port 11422
O1):-0.837	O2):49.786	
O1):-0.797	O2):44.007	
O1):-0.831	O2):48.082	
O1):-0.795	O2):42.553	
O1):-0.838	O2):52.718	
O1):-0.837	O2):45.767	
O1):-0.872	O2):72.824	
O1):-0.852	O2):58.87	
O1):-0.768	O2):37.478	
O1):-0.798	O2):43.835	
O1):-0.855	O2):62.664	
O1):-0.872	O2):68.511	
O1):-0.845	O2):50.32	
O1):-0.826	O2):47.466	
O1):-0.872	O2):64.167	
O1):-0.82	O2):43.851	
O1):-0.803	O2):43.077	
O1):-0.871	O2):63.566	
O1):-0.746	O2):37.546	
O1):-0.812	O2):43.018	
O1):-0.855	O2):62.664	
O1):-0.749	O2):35.46	
O1):-0.812	O2):43.699	
O1):-0.829	O2):47.849	
O1):-0.862	O2):59.646	
O1):-0.856	O2):63.246	
O1):-0.861	O2):63.121	
O1):-0.838	O2):52.718	
O1):-0.853	O2):63.073	
O1):-0.82	O2):47.629	
O1):-0.864	O2):63.802	
O1):-0.814	O2):43.279	
O1):-0.846	O2):52.924	
O1):-0.834	O2):47.919	
O1):-0.803	O2):43.132	
O1):-0.868	O2):63.231	
O1):-0.844	O2):49.222	
O1):-0.87	O2):67.782	
O1):-0.803	O2):42.26	
O1):-0.768	O2):37.478	
O1):-0.847	O2):56.913	
O1):-0.821	O2):44.865	
O1):-0.831	O2):55.849	
O1):-0.796	O2):41.741	
O1):-0.8	O2):38.735	
O1):-0.7	O2):35.172	
O1):-0.819	O2):43.691	
O1):-0.777	O2):37.056	
O1):-0.784	O2):41.541	
O1):-0.847	O2):54.03	
O1):-0.764	O2):40.916	
O1):-0.863	O2):59.902	
O1):-0.82	O2):46.577	
O1):-0.872	O2):68.511	
O1):-0.757	O2):37.569	
O1):-0.74	O2):39.056	
O1):-0.82	O2):48.395	
O1):-0.769	O2):37.389	
O1):-0.834	O2):49.002	
O1):-0.826	O2):47.466	
O1):-0.829	O2):48.413	
O1):-0.771	O2):42.563	
O1):-0.83	O2):49.781	
O1):-0.812	O2):43.021	
O1):-0.853	O2):53.73	
O1):-0.862	O2):57.562	
O1):-0.862	O2):60.005	
O1):-0.837	O2):45.718	
O1):-0.789	O2):42.793	
O1):-0.778	O2):41.338	
O1):-0.835	O2):49.875	
O1):-0.83	O2):52.097	
O1):-0.846	O2):54.045	
O1):-0.827	O2):47.269	
O1):-0.827	O2):51.465	
O1):-0.766	O2):47.173	
O1):-0.731	O2):36.329	
O1):-0.777	O2):37.056	
O1):-0.823	O2):48.755	
O1):-0.845	O2):50.275	
O1):-0.83	O2):47.599	
O1):-0.854	O2):61.971	
O1):-0.827	O2):47.277	
O1):-0.805	O2):41.77	
O1):-0.834	O2):56.53	
O1):-0.868	O2):68.345	
O1):-0.828	O2):47.803	
O1):-0.847	O2):56.913	
O1):-0.846	O2):52.926	
O1):-0.844	O2):50.18	
O1):-0.797	O2):41.989	
O1):-0.805	O2):53.134	
O1):-0.777	O2):41.196	
O1):-0.74	O2):36.683	
O1):-0.862	O2):59.782	
O1):-0.872	O2):68.586	
O1):-0.837	O2):45.718	
O1):-0.846	O2):49.292	
O1):-0.795	O2):44.099	
O1):-0.823	O2):48.759	
O1):-0.863	O2):58.966	
O1):-0.871	O2):63.566	
O1):-0.806	O2):42.32	
O1):-0.864	O2):59.264	
O1):-0.769	O2):37.389	
O1):-0.846	O2):50.678	
O1):-0.857	O2):53.841	
O1):-0.837	O2):49.786	
O1):-0.829	O2):47.938	
O1):-0.834	O2):52.09	
O1):-0.863	O2):65.036	
O1):-0.829	O2):47.464	
O1):-0.811	O2):55.227	
O1):-0.861	O2):54.744	
O1):-0.837	O2):45.767	
O1):-0.826	O2):43.896	
O1):-0.837	O2):54.781	
O1):-0.796	O2):49.029	
O1):-0.863	O2):54.433	
O1):-0.826	O2):47.466	
O1):-0.845	O2):50.275	
O1):-0.795	O2):44.099	
O1):-0.8	O2):46.851	
Evaluations:	900
Starting PrismExecutor worker 5 on port 11465
O1):-0.81	O2):47.085	
O1):-0.856	O2):67.183	
O1):-0.796	O2):41.697	
O1):-0.812	O2):43.021	
O1):-0.779	O2):37.574	
O1):-0.872	O2):68.586	
O1):-0.817	O2):47.105	
O1):-0.868	O2):68.345	
O1):-0.853	O2):54.391	
Connected worker 5 to port 11465
O1):-0.854	O2):50.697	
O1):-0.82	O2):46.577	
O1):-0.854	O2):50.699	
O1):-0.806	O2):51.739	
O1):-0.789	O2):43.143	
O1):-0.798	O2):46.899	
O1):-0.834	O2):48.066	
O1):-0.778	O2):41.327	
O1):-0.813	O2):43.589	
O1):-0.83	O2):52.492	
O1):-0.83	O2):49.964	
O1):-0.853	O2):53.937	
O1):-0.751	O2):42.215	
O1):-0.758	O2):37.364	
O1):-0.862	O2):62.674	
O1):-0.834	O2):56.522	
O1):-0.79	O2):42.503	
O1):-0.772	O2):40.871	
O1):-0.844	O2):49.23	
O1):-0.812	O2):45.052	
O1):-0.872	O2):72.824	
O1):-0.855	O2):57.982	
O1):-0.863	O2):54.433	
O1):-0.864	O2):64.018	
O1):-0.768	O2):37.478	
O1):-0.768	O2):37.478	
O1):-0.723	O2):37.45	
O1):-0.854	O2):58.095	
O1):-0.837	O2):45.718	
O1):-0.863	O2):64.773	
O1):-0.833	O2):47.783	
O1):-0.871	O2):72.836	
O1):-0.747	O2):37.741	
Starting PrismExecutor worker 3 on port 11483
O1):-0.845	O2):53.127	
O1):-0.746	O2):33.357	
O1):-0.779	O2):41.487	
O1):-0.871	O2):63.566	
O1):-0.844	O2):49.222	
O1):-0.79	O2):41.744	
O1):-0.863	O2):54.435	
Connected worker 3 to port 11483
O1):-0.776	O2):41.345	
O1):-0.795	O2):42.505	
O1):-0.769	O2):42.654	
O1):-0.808	O2):43.678	
O1):-0.871	O2):68.772	
O1):-0.833	O2):44.858	
O1):-0.836	O2):49.978	
O1):-0.844	O2):49.358	
O1):-0.779	O2):41.489	
O1):-0.846	O2):52.924	
O1):-0.789	O2):42.828	
O1):-0.872	O2):68.725	
O1):-0.803	O2):48.878	
O1):-0.769	O2):37.814	
O1):-0.829	O2):47.851	
O1):-0.846	O2):52.924	
O1):-0.787	O2):41.212	
O1):-0.759	O2):35.968	
O1):-0.82	O2):48.395	
O1):-0.77	O2):45.739	
O1):-0.797	O2):39.348	
O1):-0.872	O2):63.695	
O1):-0.863	O2):59.239	
O1):-0.863	O2):60.101	
O1):-0.826	O2):43.897	
O1):-0.848	O2):58.022	
O1):-0.845	O2):53.757	
O1):-0.805	O2):44.235	
O1):-0.828	O2):47.803	
O1):-0.831	O2):49.657	
O1):-0.871	O2):63.566	
O1):-0.837	O2):45.718	
O1):-0.855	O2):57.982	
O1):-0.83	O2):48.041	
O1):-0.749	O2):37.327	
O1):-0.747	O2):37.683	
O1):-0.828	O2):48.822	
O1):-0.834	O2):56.53	
O1):-0.795	O2):43.621	
O1):-0.801	O2):43.602	
O1):-0.846	O2):52.924	
O1):-0.829	O2):47.849	
O1):-0.867	O2):63.174	
O1):-0.852	O2):58.87	
O1):-0.871	O2):73.875	
O1):-0.82	O2):52.784	
O1):-0.826	O2):43.9	
O1):-0.749	O2):35.925	
O1):-0.854	O2):50.697	
O1):-0.837	O2):49.786	
Evaluations:	800
O1):-0.863	O2):60.101	
O1):-0.846	O2):58.945	
O1):-0.822	O2):47.525	
O1):-0.834	O2):48.997	
O1):-0.872	O2):72.824	
O1):-0.805	O2):46.12	
O1):-0.793	O2):42.561	
O1):-0.821	O2):47.896	
O1):-0.803	O2):43.077	
O1):-0.862	O2):55.066	
O1):-0.83	O2):47.592	
O1):-0.857	O2):53.841	
O1):-0.842	O2):49.026	
O1):-0.851	O2):57.345	
O1):-0.778	O2):41.659	
O1):-0.83	O2):56.665	
O1):-0.837	O2):45.767	
O1):-0.837	O2):45.718	
O1):-0.872	O2):64.167	
O1):-0.846	O2):52.924	
O1):-0.813	O2):43.196	
O1):-0.78	O2):37.821	
Starting PrismExecutor worker 3 on port 11423
O1):-0.872	O2):64.061	
Connected worker 3 to port 11423
O1):-0.75	O2):36.517	
O1):-0.829	O2):45.325	
O1):-0.846	O2):52.924	
O1):-0.838	O2):52.708	
O1):-0.825	O2):44.454	
O1):-0.851	O2):53.911	
O1):-0.847	O2):56.913	
O1):-0.853	O2):58.464	
O1):-0.862	O2):64.592	
O1):-0.846	O2):56.521	
O1):-0.846	O2):48.393	
O1):-0.83	O2):48.151	
O1):-0.872	O2):72.824	
O1):-0.83	O2):52.097	
O1):-0.786	O2):41.012	
O1):-0.853	O2):58.464	
O1):-0.758	O2):36.078	
O1):-0.772	O2):41.034	
O1):-0.837	O2):45.718	
O1):-0.749	O2):35.929	
O1):-0.821	O2):47.458	
O1):-0.846	O2):52.924	
O1):-0.826	O2):47.466	
O1):-0.833	O2):47.783	
O1):-0.775	O2):42.212	
O1):-0.847	O2):56.775	
O1):-0.791	O2):43.092	
O1):-0.826	O2):47.556	
O1):-0.779	O2):41.489	
O1):-0.863	O2):58.715	
O1):-0.872	O2):68.253	
O1):-0.768	O2):37.478	
O1):-0.863	O2):58.964	
O1):-0.829	O2):45.352	
O1):-0.772	O2):40.871	
O1):-0.797	O2):52.003	
O1):-0.806	O2):42.322	
O1):-0.749	O2):37.327	
O1):-0.834	O2):51.136	
O1):-0.83	O2):48.048	
O1):-0.862	O2):55.066	
O1):-0.793	O2):38.131	
O1):-0.796	O2):43.173	
O1):-0.78	O2):40.337	
O1):-0.862	O2):68.199	
O1):-0.81	O2):44.604	
O1):-0.825	O2):49.148	
O1):-0.871	O2):64.052	
O1):-0.834	O2):56.53	
O1):-0.82	O2):47.629	
O1):-0.837	O2):45.767	
O1):-0.817	O2):47.104	
O1):-0.768	O2):37.478	
O1):-0.852	O2):54.42	
O1):-0.83	O2):52.249	
O1):-0.853	O2):53.061	
O1):-0.871	O2):63.565	
O1):-0.758	O2):37.285	
O1):-0.804	O2):63.23	
O1):-0.847	O2):54.029	
O1):-0.846	O2):52.924	
O1):-0.856	O2):67.184	
O1):-0.809	O2):51.027	
O1):-0.779	O2):40.369	
O1):-0.836	O2):54.163	
O1):-0.742	O2):36.673	
O1):-0.83	O2):45.475	
O1):-0.783	O2):41.762	
O1):-0.837	O2):53.415	
O1):-0.779	O2):37.574	
O1):-0.837	O2):45.718	
O1):-0.742	O2):38.468	
O1):-0.805	O2):47.177	
O1):-0.823	O2):47.231	
O1):-0.796	O2):41.81	
O1):-0.793	O2):45.446	
O1):-0.829	O2):53.548	
O1):-0.845	O2):50.325	
O1):-0.836	O2):50.035	
O1):-0.836	O2):63.813	
O1):-0.828	O2):49.054	
O1):-0.72	O2):35.708	
O1):-0.807	O2):42.716	
O1):-0.822	O2):47.525	
Starting PrismExecutor worker 0 on port 11420
O1):-0.793	O2):42.202	
O1):-0.782	O2):38.05	
Connected worker 0 to port 11420
O1):-0.871	O2):68.766	
O1):-0.872	O2):72.824	
O1):-0.812	O2):43.021	
O1):-0.846	O2):49.573	
O1):-0.846	O2):54.045	
O1):-0.845	O2):53.757	
O1):-0.809	O2):42.74	
O1):-0.83	O2):48.525	
O1):-0.83	O2):52.224	
O1):-0.715	O2):34.944	
O1):-0.852	O2):58.87	
O1):-0.789	O2):43.14	
O1):-0.804	O2):42.177	
O1):-0.846	O2):54.045	
O1):-0.846	O2):54.045	
O1):-0.819	O2):47.232	
O1):-0.797	O2):42.984	
O1):-0.872	O2):63.693	
O1):-0.807	O2):42.716	
O1):-0.774	O2):41.394	
O1):-0.775	O2):38.687	
O1):-0.855	O2):58.199	
O1):-0.779	O2):41.489	
O1):-0.756	O2):37.122	
O1):-0.823	O2):48.755	
O1):-0.795	O2):42.505	
O1):-0.809	O2):44.823	
O1):-0.868	O2):68.342	
O1):-0.756	O2):38.671	
O1):-0.83	O2):48.749	
O1):-0.837	O2):50.13	
O1):-0.796	O2):41.697	
O1):-0.843	O2):49.176	
O1):-0.83	O2):47.866	
O1):-0.807	O2):42.716	
O1):-0.846	O2):52.924	
O1):-0.834	O2):56.522	
O1):-0.78	O2):37.821	
O1):-0.854	O2):57.836	
O1):-0.79	O2):41.928	
O1):-0.863	O2):65.036	
O1):-0.796	O2):48.118	
O1):-0.871	O2):68.766	
O1):-0.837	O2):45.718	
O1):-0.845	O2):53.757	
O1):-0.872	O2):72.824	
O1):-0.731	O2):36.337	
O1):-0.871	O2):68.766	
O1):-0.757	O2):40.015	
O1):-0.854	O2):59.371	
O1):-0.863	O2):68.754	
O1):-0.837	O2):45.823	
O1):-0.785	O2):40.84	
O1):-0.839	O2):52.669	
O1):-0.804	O2):43.408	
O1):-0.845	O2):53.757	
O1):-0.854	O2):56.693	
O1):-0.83	O2):45.66	
O1):-0.799	O2):45.881	
O1):-0.837	O2):45.826	
O1):-0.853	O2):53.061	
O1):-0.826	O2):43.906	
O1):-0.828	O2):44.703	
O1):-0.79	O2):47.751	
O1):-0.838	O2):51.96	
O1):-0.839	O2):56.137	
O1):-0.768	O2):37.478	
O1):-0.812	O2):43.699	
O1):-0.768	O2):37.478	
O1):-0.791	O2):43.092	
O1):-0.796	O2):41.704	
O1):-0.826	O2):47.466	
O1):-0.79	O2):42.503	
O1):-0.825	O2):44.67	
O1):-0.797	O2):42.125	
O1):-0.847	O2):54.332	
O1):-0.795	O2):44.099	
O1):-0.846	O2):52.924	
O1):-0.871	O2):68.766	
O1):-0.75	O2):39.868	
O1):-0.796	O2):43.173	
O1):-0.776	O2):39.025	
O1):-0.756	O2):37.122	
O1):-0.788	O2):42.327	
O1):-0.862	O2):55.208	
O1):-0.837	O2):45.718	
O1):-0.778	O2):37.359	
O1):-0.803	O2):46.273	
Starting PrismExecutor worker 4 on port 11464
O1):-0.836	O2):48.445	
O1):-0.796	O2):43.549	
Connected worker 4 to port 11464
O1):-0.82	O2):44.769	
O1):-0.846	O2):52.93	
O1):-0.793	O2):38.14	
O1):-0.846	O2):59.251	
O1):-0.832	O2):52.523	
O1):-0.821	O2):43.063	
O1):-0.782	O2):37.993	
O1):-0.795	O2):44.451	
O1):-0.803	O2):48.107	
O1):-0.724	O2):36.283	
O1):-0.862	O2):55.066	
O1):-0.827	O2):52.833	
O1):-0.812	O2):43.021	
O1):-0.829	O2):45.325	
O1):-0.8	O2):38.74	
O1):-0.82	O2):44.798	
O1):-0.759	O2):38.022	
O1):-0.79	O2):42.503	
O1):-0.846	O2):52.924	
O1):-0.826	O2):63.549	
O1):-0.798	O2):42.944	
O1):-0.871	O2):63.566	
O1):-0.777	O2):39.116	
O1):-0.846	O2):53.896	
O1):-0.748	O2):36.202	
O1):-0.795	O2):43.078	
O1):-0.843	O2):49.176	
O1):-0.766	O2):41.967	
O1):-0.75	O2):39.868	
O1):-0.834	O2):49.003	
O1):-0.828	O2):47.582	
O1):-0.81	O2):42.745	
O1):-0.845	O2):50.325	
O1):-0.826	O2):43.897	
O1):-0.854	O2):50.749	
O1):-0.856	O2):67.184	
O1):-0.862	O2):54.118	
O1):-0.772	O2):40.563	
O1):-0.782	O2):37.998	
O1):-0.863	O2):59.923	
O1):-0.863	O2):64.773	
O1):-0.838	O2):53.283	
O1):-0.845	O2):50.275	
O1):-0.863	O2):54.433	
O1):-0.778	O2):37.479	
O1):-0.817	O2):43.917	
O1):-0.798	O2):39.567	
O1):-0.881	O2):73.615	
O1):-0.78	O2):40.337	
O1):-0.833	O2):49.64	
O1):-0.829	O2):52.955	
O1):-0.779	O2):37.574	
O1):-0.83	O2):48.524	
O1):-0.726	O2):35.236	
O1):-0.749	O2):37.108	
O1):-0.851	O2):58.058	
O1):-0.807	O2):42.735	
O1):-0.846	O2):54.185	
O1):-0.75	O2):36.517	
O1):-0.777	O2):37.056	
O1):-0.845	O2):50.32	
O1):-0.804	O2):42.177	
Evaluations:	900
O1):-0.868	O2):59.273	
O1):-0.867	O2):63.174	
O1):-0.797	O2):42.441	
O1):-0.836	O2):49.258	
O1):-0.806	O2):46.718	
O1):-0.8	O2):38.74	
O1):-0.864	O2):64.018	
O1):-0.846	O2):52.924	
O1):-0.748	O2):36.202	
O1):-0.788	O2):54.141	
O1):-0.796	O2):44.697	
O1):-0.807	O2):42.564	
O1):-0.793	O2):42.145	
O1):-0.872	O2):72.824	
O1):-0.779	O2):41.487	
O1):-0.8	O2):38.74	
O1):-0.823	O2):48.763	
O1):-0.813	O2):43.144	
O1):-0.845	O2):50.179	
O1):-0.853	O2):53.061	
Starting PrismExecutor worker 1 on port 11481
O1):-0.82	O2):48.395	
O1):-0.813	O2):43.792	
Connected worker 1 to port 11481
O1):-0.806	O2):42.636	
O1):-0.872	O2):72.824	
O1):-0.769	O2):41.355	
O1):-0.787	O2):41.206	
O1):-0.75	O2):36.014	
O1):-0.731	O2):36.329	
O1):-0.806	O2):44.237	
O1):-0.802	O2):45.326	
O1):-0.812	O2):43.699	
O1):-0.841	O2):65.106	
O1):-0.799	O2):49.057	
O1):-0.741	O2):36.684	
O1):-0.799	O2):49.057	
O1):-0.871	O2):73.489	
O1):-0.83	O2):48.811	
O1):-0.855	O2):58.511	
O1):-0.797	O2):42.131	
O1):-0.846	O2):53.905	
O1):-0.813	O2):48.215	
O1):-0.812	O2):43.021	
O1):-0.794	O2):42.144	
O1):-0.778	O2):41.659	
O1):-0.846	O2):53.901	
O1):-0.768	O2):37.478	
O1):-0.781	O2):43.053	
O1):-0.854	O2):63.671	
O1):-0.811	O2):46.411	
O1):-0.787	O2):41.206	
O1):-0.825	O2):49.028	
O1):-0.838	O2):51.96	
O1):-0.845	O2):49.141	
O1):-0.777	O2):37.056	
O1):-0.86	O2):53.548	
O1):-0.845	O2):54.011	
O1):-0.822	O2):51.129	
O1):-0.862	O2):54.115	
O1):-0.801	O2):43.614	
O1):-0.854	O2):59.275	
O1):-0.78	O2):37.821	
O1):-0.836	O2):52.974	
O1):-0.782	O2):37.995	
O1):-0.768	O2):37.478	
O1):-0.749	O2):37.326	
O1):-0.768	O2):37.478	
O1):-0.872	O2):72.824	
O1):-0.82	O2):47.633	
O1):-0.862	O2):55.066	
O1):-0.797	O2):43.647	
O1):-0.776	O2):39.025	
O1):-0.795	O2):44.099	
O1):-0.777	O2):41.195	
O1):-0.831	O2):55.15	
O1):-0.783	O2):41.759	
O1):-0.853	O2):58.464	
O1):-0.845	O2):52.067	
O1):-0.822	O2):51.285	
O1):-0.828	O2):47.582	
O1):-0.768	O2):37.478	
O1):-0.855	O2):58.523	
O1):-0.75	O2):39.868	
O1):-0.747	O2):37.769	
O1):-0.846	O2):52.924	
O1):-0.834	O2):51.152	
O1):-0.878	O2):64.227	
O1):-0.844	O2):49.358	
O1):-0.758	O2):37.524	
O1):-0.797	O2):43.481	
O1):-0.795	O2):42.505	
O1):-0.82	O2):47.452	
O1):-0.806	O2):42.319	
O1):-0.818	O2):50.45	
O1):-0.776	O2):42.383	
O1):-0.872	O2):77.714	
O1):-0.796	O2):54.135	
O1):-0.872	O2):64.167	
O1):-0.735	O2):37.366	
O1):-0.864	O2):59.576	
O1):-0.762	O2):36.674	
O1):-0.872	O2):69.008	
O1):-0.809	O2):43.215	
O1):-0.847	O2):49.599	
O1):-0.796	O2):43.557	
O1):-0.829	O2):43.788	
O1):-0.829	O2):47.843	
O1):-0.748	O2):36.202	
O1):-0.814	O2):43.276	
O1):-0.823	O2):48.755	
O1):-0.805	O2):41.776	
Evaluations:	800
O1):-0.867	O2):63.165	
O1):-0.796	O2):41.746	
Starting PrismExecutor worker 3 on port 11433
Connected worker 3 to port 11433
O1):-0.778	O2):40.958	
O1):-0.872	O2):72.824	
Evaluations:	900
O1):-0.768	O2):37.478	
O1):-0.785	O2):42.732	
O1):-0.792	O2):41.029	
O1):-0.828	O2):48.827	
O1):-0.807	O2):42.716	
O1):-0.846	O2):49.468	
O1):-0.789	O2):43.606	
O1):-0.838	O2):57.029	
Evaluations:	900
O1):-0.799	O2):42.468	
O1):-0.829	O2):56.921	
O1):-0.829	O2):45.325	
O1):-0.847	O2):56.751	
O1):-0.82	O2):44.801	
O1):-0.768	O2):37.478	
O1):-0.801	O2):44.479	
O1):-0.844	O2):49.222	
O1):-0.863	O2):59.902	
O1):-0.807	O2):42.716	
O1):-0.863	O2):59.902	
O1):-0.863	O2):59.902	
O1):-0.796	O2):41.697	
O1):-0.756	O2):38.671	
O1):-0.868	O2):68.345	
O1):-0.82	O2):44.798	
O1):-0.854	O2):54.991	
O1):-0.794	O2):48.127	
O1):-0.846	O2):52.929	
O1):-0.872	O2):74.105	
O1):-0.785	O2):43.627	
O1):-0.758	O2):37.518	
O1):-0.785	O2):40.835	
O1):-0.79	O2):44.042	
O1):-0.864	O2):59.576	
O1):-0.837	O2):50.128	
O1):-0.809	O2):49.585	
O1):-0.862	O2):54.115	
O1):-0.785	O2):41.589	
O1):-0.853	O2):58.464	
O1):-0.862	O2):62.674	
O1):-0.813	O2):46.224	
O1):-0.863	O2):67.427	
O1):-0.855	O2):63.237	
O1):-0.83	O2):47.961	
O1):-0.747	O2):37.683	
O1):-0.747	O2):37.683	
O1):-0.844	O2):49.358	
O1):-0.768	O2):41.889	
O1):-0.728	O2):35.55	
O1):-0.847	O2):59.339	
O1):-0.749	O2):37.327	
O1):-0.846	O2):52.924	
O1):-0.747	O2):37.683	
O1):-0.806	O2):42.724	
O1):-0.791	O2):42.882	
O1):-0.834	O2):48.997	
O1):-0.78	O2):40.337	
O1):-0.845	O2):49.141	
O1):-0.748	O2):36.211	
O1):-0.855	O2):57.972	
O1):-0.768	O2):37.478	
O1):-0.834	O2):48.997	
O1):-0.827	O2):47.269	
O1):-0.837	O2):45.718	
O1):-0.839	O2):54.608	
O1):-0.829	O2):48.413	
O1):-0.852	O2):58.87	
O1):-0.805	O2):41.77	
O1):-0.771	O2):41.437	
O1):-0.854	O2):50.697	
O1):-0.801	O2):45.682	
O1):-0.863	O2):58.713	
O1):-0.867	O2):63.174	
Starting PrismExecutor worker 2 on port 11482
O1):-0.844	O2):50.18	
O1):-0.803	O2):46.049	
O1):-0.827	O2):47.272	
O1):-0.785	O2):38.317	
O1):-0.778	O2):41.323	
Connected worker 2 to port 11482
O1):-0.854	O2):50.697	
O1):-0.801	O2):43.235	
O1):-0.845	O2):49.164	
O1):-0.767	O2):37.084	
O1):-0.844	O2):57.89	
O1):-0.863	O2):58.715	
O1):-0.749	O2):37.325	
O1):-0.847	O2):56.775	
O1):-0.769	O2):37.389	
O1):-0.822	O2):49.136	
O1):-0.845	O2):50.325	
O1):-0.863	O2):54.435	
O1):-0.715	O2):35.228	
O1):-0.814	O2):43.585	
O1):-0.768	O2):37.478	
O1):-0.853	O2):58.464	
O1):-0.807	O2):42.716	
O1):-0.784	O2):46.592	
O1):-0.796	O2):43.173	
O1):-0.793	O2):38.205	
O1):-0.862	O2):59.422	
O1):-0.737	O2):37.168	
O1):-0.74	O2):36.683	
O1):-0.747	O2):37.683	
O1):-0.862	O2):64.593	
O1):-0.862	O2):62.68	
O1):-0.756	O2):37.477	
O1):-0.871	O2):68.764	
O1):-0.766	O2):38.777	
O1):-0.779	O2):41.487	
O1):-0.868	O2):68.345	
O1):-0.784	O2):41.541	
O1):-0.825	O2):44.676	
O1):-0.845	O2):56.835	
O1):-0.817	O2):47.103	
O1):-0.872	O2):72.966	
O1):-0.829	O2):48.415	
O1):-0.83	O2):47.592	
O1):-0.779	O2):37.574	
O1):-0.829	O2):47.865	
O1):-0.881	O2):68.579	
O1):-0.798	O2):42.944	
O1):-0.723	O2):37.47	
O1):-0.847	O2):56.751	
O1):-0.797	O2):41.99	
O1):-0.862	O2):62.674	
O1):-0.872	O2):68.253	
O1):-0.814	O2):45.064	
O1):-0.769	O2):37.389	
O1):-0.778	O2):36.987	
O1):-0.801	O2):44.21	
O1):-0.847	O2):58.104	
O1):-0.796	O2):41.733	
O1):-0.797	O2):42.125	
O1):-0.778	O2):41.659	
O1):-0.845	O2):50.276	
O1):-0.837	O2):45.718	
O1):-0.778	O2):36.987	
O1):-0.837	O2):49.524	
O1):-0.795	O2):43.087	
O1):-0.775	O2):42.212	
O1):-0.837	O2):45.718	
O1):-0.83	O2):45.652	
O1):-0.798	O2):43.6	
O1):-0.805	O2):46.391	
O1):-0.863	O2):54.435	
O1):-0.829	O2):48.57	
O1):-0.8	O2):38.74	
O1):-0.827	O2):47.269	
O1):-0.829	O2):45.352	
O1):-0.778	O2):40.136	
O1):-0.791	O2):42.882	
O1):-0.742	O2):38.468	
O1):-0.801	O2):43.235	
O1):-0.854	O2):56.691	
O1):-0.795	O2):42.505	
O1):-0.837	O2):51.229	
Evaluations:	900
O1):-0.837	O2):49.524	
O1):-0.845	O2):50.32	
O1):-0.747	O2):37.683	
O1):-0.855	O2):62.664	
Starting PrismExecutor worker 0 on port 11430
O1):-0.834	O2):48.997	
O1):-0.801	O2):43.235	
Connected worker 0 to port 11430
O1):-0.853	O2):53.942	
O1):-0.825	O2):46.878	
O1):-0.809	O2):42.74	
O1):-0.736	O2):37.19	
O1):-0.77	O2):37.755	
O1):-0.837	O2):45.718	
O1):-0.867	O2):63.167	
O1):-0.812	O2):44.125	
O1):-0.829	O2):45.325	
O1):-0.823	O2):48.755	
O1):-0.804	O2):54.089	
O1):-0.825	O2):49.139	
O1):-0.787	O2):44.938	
O1):-0.862	O2):55.065	
O1):-0.8	O2):38.74	
O1):-0.82	O2):45.275	
O1):-0.854	O2):50.697	
O1):-0.863	O2):59.923	
O1):-0.854	O2):54.991	
O1):-0.736	O2):37.188	
O1):-0.837	O2):50.128	
O1):-0.821	O2):47.763	
O1):-0.812	O2):43.078	
O1):-0.859	O2):54.169	
O1):-0.821	O2):47.763	
O1):-0.78	O2):37.821	
O1):-0.806	O2):42.32	
O1):-0.742	O2):36.673	
O1):-0.795	O2):42.505	
O1):-0.862	O2):54.116	
O1):-0.861	O2):54.744	
O1):-0.862	O2):58.416	
O1):-0.813	O2):42.632	
O1):-0.863	O2):54.431	
O1):-0.756	O2):38.671	
O1):-0.831	O2):48.083	
O1):-0.793	O2):42.143	
O1):-0.778	O2):36.987	
O1):-0.814	O2):43.274	
O1):-0.778	O2):36.99	
O1):-0.847	O2):49.608	
O1):-0.837	O2):45.718	
O1):-0.793	O2):38.14	
O1):-0.768	O2):37.478	
O1):-0.797	O2):42.125	
O1):-0.837	O2):45.718	
O1):-0.818	O2):50.206	
O1):-0.862	O2):59.782	
O1):-0.769	O2):42.148	
O1):-0.78	O2):37.821	
O1):-0.801	O2):38.791	
O1):-0.854	O2):72.907	
O1):-0.831	O2):52.226	
O1):-0.726	O2):35.234	
O1):-0.844	O2):50.014	
O1):-0.796	O2):41.726	
O1):-0.784	O2):41.541	
O1):-0.847	O2):49.599	
O1):-0.796	O2):43.173	
O1):-0.862	O2):55.063	
O1):-0.846	O2):49.5	
O1):-0.798	O2):43.236	
O1):-0.801	O2):43.235	
O1):-0.819	O2):44.493	
O1):-0.796	O2):41.697	
O1):-0.8	O2):38.735	
O1):-0.842	O2):53.011	
O1):-0.827	O2):47.269	
O1):-0.825	O2):49.12	
O1):-0.847	O2):49.6	
O1):-0.846	O2):56.521	
O1):-0.871	O2):64.109	
O1):-0.797	O2):41.988	
O1):-0.813	O2):43.792	
O1):-0.736	O2):37.185	
O1):-0.854	O2):55.045	
O1):-0.766	O2):38.778	
O1):-0.779	O2):41.489	
O1):-0.844	O2):52.543	
O1):-0.768	O2):37.478	
O1):-0.777	O2):37.087	
O1):-0.846	O2):55.356	
O1):-0.783	O2):41.929	
O1):-0.814	O2):43.77	
O1):-0.796	O2):44.602	
O1):-0.819	O2):43.677	
O1):-0.82	O2):44.769	
Starting PrismExecutor worker 1 on port 11421
Starting PrismExecutor worker 0 on port 11480
O1):-0.826	O2):61.748	
O1):-0.871	O2):68.775	
O1):-0.778	O2):40.965	
O1):-0.782	O2):37.995	
O1):-0.834	O2):56.531	
O1):-0.846	O2):53.616	
O1):-0.852	O2):58.858	
Connected worker 0 to port 11480
Connected worker 1 to port 11421
O1):-0.871	O2):67.925	
O1):-0.854	O2):59.133	
O1):-0.795	O2):43.508	
O1):-0.75	O2):35.85	
O1):-0.82	O2):47.5	
O1):-0.846	O2):52.924	
O1):-0.797	O2):41.99	
O1):-0.846	O2):52.924	
O1):-0.758	O2):36.078	
O1):-0.855	O2):72.992	
O1):-0.828	O2):52.273	
O1):-0.814	O2):43.279	
O1):-0.846	O2):52.924	
O1):-0.853	O2):58.464	
O1):-0.758	O2):37.518	
O1):-0.845	O2):50.179	
O1):-0.855	O2):58.523	
O1):-0.769	O2):37.817	
O1):-0.87	O2):67.782	
O1):-0.837	O2):45.718	
O1):-0.755	O2):36.811	
O1):-0.837	O2):45.718	
O1):-0.83	O2):45.471	
O1):-0.818	O2):45.375	
O1):-0.797	O2):49.422	
O1):-0.862	O2):55.066	
O1):-0.808	O2):43.666	
O1):-0.844	O2):49.358	
Evaluations:	900
O1):-0.861	O2):58.321	
O1):-0.871	O2):68.766	
O1):-0.778	O2):40.128	
O1):-0.862	O2):55.066	
O1):-0.804	O2):42.176	
O1):-0.836	O2):47.244	
O1):-0.845	O2):56.383	
O1):-0.845	O2):53.957	
O1):-0.755	O2):37.49	
O1):-0.836	O2):48.445	
O1):-0.748	O2):37.721	
O1):-0.834	O2):48.066	
O1):-0.829	O2):47.939	
O1):-0.804	O2):42.177	
O1):-0.75	O2):36.517	
O1):-0.795	O2):42.505	
O1):-0.798	O2):39.567	
O1):-0.747	O2):37.683	
O1):-0.707	O2):35.581	
O1):-0.853	O2):58.464	
O1):-0.768	O2):37.478	
O1):-0.794	O2):41.359	
O1):-0.845	O2):50.325	
O1):-0.791	O2):42.882	
O1):-0.863	O2):69.398	
O1):-0.747	O2):37.683	
O1):-0.839	O2):56.513	
O1):-0.847	O2):54.332	
Evaluations:	900
O1):-0.768	O2):37.478	
O1):-0.845	O2):59.939	
O1):-0.777	O2):37.056	
O1):-0.82	O2):47.625	
O1):-0.861	O2):63.108	
O1):-0.822	O2):51.745	
O1):-0.861	O2):63.108	
O1):-0.854	O2):50.699	
O1):-0.861	O2):63.108	
O1):-0.861	O2):63.108	
O1):-0.834	O2):48.997	
O1):-0.854	O2):50.697	
O1):-0.75	O2):37.367	
O1):-0.862	O2):55.252	
O1):-0.751	O2):41.735	
O1):-0.814	O2):44.24	
O1):-0.853	O2):53.061	
O1):-0.777	O2):37.061	
O1):-0.837	O2):49.786	
O1):-0.793	O2):38.14	
O1):-0.851	O2):53.911	
O1):-0.777	O2):41.193	
Evaluations:	900
O1):-0.828	O2):51.65	
O1):-0.838	O2):52.289	
O1):-0.795	O2):44.545	
O1):-0.793	O2):45.417	
O1):-0.846	O2):48.393	
O1):-0.768	O2):37.478	
O1):-0.836	O2):53.745	
O1):-0.785	O2):40.835	
O1):-0.793	O2):38.131	
O1):-0.837	O2):45.823	
O1):-0.813	O2):42.806	
O1):-0.871	O2):63.565	
O1):-0.855	O2):69.291	
O1):-0.837	O2):45.718	
O1):-0.805	O2):46.12	
O1):-0.804	O2):41.677	
O1):-0.795	O2):42.505	
O1):-0.829	O2):43.802	
O1):-0.846	O2):53.893	
O1):-0.829	O2):45.325	
O1):-0.853	O2):53.937	
O1):-0.795	O2):42.505	
O1):-0.817	O2):46.401	
O1):-0.822	O2):49.379	
O1):-0.845	O2):50.32	
O1):-0.747	O2):37.683	
O1):-0.862	O2):59.782	
O1):-0.78	O2):43.101	
O1):-0.867	O2):63.166	
O1):-0.829	O2):52.124	
O1):-0.83	O2):47.904	
O1):-0.862	O2):55.252	
O1):-0.872	O2):64.167	
O1):-0.844	O2):49.358	
O1):-0.863	O2):58.966	
O1):-0.793	O2):45.503	
O1):-0.742	O2):38.468	
O1):-0.779	O2):37.574	
O1):-0.846	O2):54.045	
O1):-0.844	O2):49.198	
O1):-0.855	O2):57.982	
O1):-0.75	O2):37.368	
O1):-0.768	O2):37.478	
O1):-0.829	O2):48.414	
O1):-0.829	O2):47.843	
O1):-0.793	O2):38.131	
O1):-0.812	O2):43.933	
O1):-0.758	O2):36.078	
O1):-0.761	O2):37.864	
O1):-0.82	O2):47.633	
O1):-0.86	O2):53.778	
O1):-0.846	O2):56.651	
O1):-0.768	O2):37.478	
O1):-0.837	O2):45.718	
O1):-0.83	O2):48.468	
O1):-0.779	O2):37.574	
O1):-0.797	O2):42.059	
O1):-0.812	O2):44.126	
O1):-0.742	O2):39.582	
O1):-0.75	O2):39.868	
O1):-0.79	O2):41.735	
O1):-0.796	O2):41.737	
O1):-0.82	O2):43.851	
O1):-0.825	O2):44.454	
O1):-0.794	O2):42.271	
O1):-0.813	O2):43.07	
O1):-0.812	O2):43.021	
O1):-0.855	O2):62.662	
O1):-0.834	O2):48.997	
O1):-0.808	O2):47.201	
O1):-0.758	O2):37.044	
O1):-0.871	O2):68.775	
O1):-0.756	O2):37.476	
O1):-0.82	O2):47.097	
O1):-0.821	O2):47.678	
O1):-0.845	O2):56.139	
O1):-0.811	O2):44.006	
O1):-0.83	O2):47.961	
O1):-0.846	O2):54.453	
O1):-0.861	O2):54.978	
O1):-0.845	O2):50.177	
O1):-0.83	O2):45.468	
O1):-0.847	O2):49.609	
O1):-0.867	O2):63.166	
O1):-0.872	O2):68.15	
O1):-0.871	O2):63.566	
Starting PrismExecutor worker 1 on port 11431
O1):-0.854	O2):50.896	
O1):-0.781	O2):47.623	
Connected worker 1 to port 11431
O1):-0.778	O2):36.99	
O1):-0.846	O2):49.581	
O1):-0.833	O2):44.859	
O1):-0.829	O2):43.847	
O1):-0.846	O2):54.045	
O1):-0.853	O2):58.464	
O1):-0.809	O2):42.74	
O1):-0.871	O2):59.585	
O1):-0.846	O2):56.654	
O1):-0.749	O2):37.107	
O1):-0.828	O2):44.703	
O1):-0.829	O2):47.463	
O1):-0.748	O2):36.202	
O1):-0.845	O2):50.276	
O1):-0.735	O2):37.366	
O1):-0.82	O2):46.577	
O1):-0.821	O2):46.965	
O1):-0.871	O2):64.109	
O1):-0.782	O2):37.995	
O1):-0.845	O2):49.326	
O1):-0.846	O2):59.255	
O1):-0.826	O2):43.897	
O1):-0.846	O2):52.924	
O1):-0.845	O2):49.331	
O1):-0.798	O2):42.943	
O1):-0.768	O2):37.478	
O1):-0.862	O2):54.118	
O1):-0.787	O2):42.816	
O1):-0.863	O2):54.431	
O1):-0.755	O2):37.49	
O1):-0.805	O2):42.524	
O1):-0.837	O2):45.718	
O1):-0.863	O2):63.077	
O1):-0.758	O2):37.044	
O1):-0.778	O2):41.323	
O1):-0.828	O2):48.218	
O1):-0.864	O2):64.014	
O1):-0.82	O2):46.532	
O1):-0.762	O2):36.674	
O1):-0.785	O2):41.588	
O1):-0.784	O2):41.497	
O1):-0.863	O2):59.902	
O1):-0.854	O2):63.224	
O1):-0.845	O2):50.179	
O1):-0.819	O2):46.472	
O1):-0.806	O2):42.318	
Evaluations:	1000
O1):-0.749	O2):37.327	
O1):-0.805	O2):46.12	
O1):-0.779	O2):37.574	
O1):-0.825	O2):44.676	
O1):-0.778	O2):37.079	
O1):-0.789	O2):44.034	
O1):-0.748	O2):36.202	
O1):-0.863	O2):63.865	
O1):-0.871	O2):63.564	
O1):-0.803	O2):43.117	
O1):-0.795	O2):42.505	
O1):-0.734	O2):36.469	
O1):-0.846	O2):49.468	
O1):-0.748	O2):36.202	
O1):-0.868	O2):63.239	
O1):-0.755	O2):37.49	
O1):-0.862	O2):55.066	
O1):-0.846	O2):56.654	
O1):-0.863	O2):58.723	
O1):-0.804	O2):47.398	
O1):-0.795	O2):42.505	
O1):-0.779	O2):41.489	
O1):-0.867	O2):63.166	
O1):-0.83	O2):47.961	
O1):-0.863	O2):58.715	
O1):-0.797	O2):42.125	
O1):-0.845	O2):50.322	
O1):-0.805	O2):41.767	
O1):-0.796	O2):44.628	
O1):-0.748	O2):36.202	
O1):-0.805	O2):42.255	
O1):-0.855	O2):62.662	
O1):-0.83	O2):47.861	
Starting PrismExecutor worker 2 on port 11432
O1):-0.749	O2):37.327	
O1):-0.863	O2):65.073	
O1):-0.767	O2):37.098	
O1):-0.818	O2):47.815	
Connected worker 2 to port 11432
O1):-0.836	O2):49.978	
O1):-0.768	O2):37.478	
O1):-0.767	O2):37.099	
O1):-0.846	O2):56.521	
O1):-0.834	O2):48.066	
O1):-0.826	O2):43.9	
O1):-0.78	O2):37.818	
O1):-0.747	O2):37.683	
O1):-0.804	O2):41.677	
O1):-0.75	O2):36.517	
O1):-0.812	O2):43.021	
O1):-0.846	O2):54.185	
O1):-0.845	O2):54.899	
O1):-0.814	O2):43.643	
O1):-0.758	O2):37.361	
O1):-0.7	O2):35.171	
O1):-0.772	O2):40.871	
O1):-0.798	O2):39.567	
O1):-0.813	O2):43.144	
O1):-0.736	O2):37.188	
O1):-0.799	O2):39.884	
O1):-0.809	O2):43.222	
O1):-0.812	O2):43.021	
O1):-0.796	O2):41.697	
O1):-0.806	O2):42.319	
O1):-0.805	O2):41.77	
O1):-0.768	O2):37.478	
O1):-0.837	O2):45.72	
O1):-0.837	O2):45.718	
O1):-0.863	O2):58.715	
O1):-0.829	O2):45.325	
O1):-0.777	O2):37.056	
O1):-0.72	O2):35.708	
O1):-0.798	O2):43.831	
O1):-0.768	O2):37.478	
O1):-0.748	O2):36.202	
O1):-0.828	O2):47.582	
O1):-0.872	O2):68.511	
O1):-0.742	O2):36.673	
O1):-0.747	O2):37.683	
O1):-0.728	O2):35.55	
O1):-0.848	O2):58.019	
O1):-0.864	O2):59.578	
O1):-0.861	O2):54.744	
O1):-0.862	O2):59.782	
O1):-0.757	O2):37.516	
O1):-0.794	O2):42.144	
O1):-0.83	O2):47.866	
O1):-0.782	O2):42.811	
O1):-0.795	O2):38.409	
O1):-0.739	O2):36.009	
O1):-0.828	O2):44.703	
O1):-0.862	O2):55.066	
O1):-0.773	O2):42.815	
O1):-0.805	O2):46.581	
O1):-0.819	O2):46.8	
O1):-0.762	O2):36.674	
O1):-0.796	O2):41.697	
O1):-0.846	O2):56.654	
O1):-0.786	O2):41.93	
O1):-0.769	O2):37.389	
O1):-0.82	O2):43.851	
O1):-0.797	O2):41.99	
O1):-0.778	O2):41.323	
O1):-0.821	O2):46.036	
O1):-0.847	O2):56.775	
O1):-0.778	O2):37.194	
O1):-0.837	O2):45.718	
O1):-0.795	O2):42.505	
O1):-0.792	O2):43.181	
O1):-0.845	O2):49.166	
O1):-0.779	O2):37.574	
O1):-0.83	O2):45.66	
O1):-0.76	O2):42.578	
O1):-0.843	O2):49.175	
O1):-0.801	O2):42.589	
O1):-0.779	O2):37.574	
O1):-0.798	O2):43.835	
O1):-0.779	O2):41.487	
O1):-0.78	O2):40.337	
O1):-0.845	O2):50.32	
O1):-0.828	O2):47.582	
O1):-0.742	O2):38.468	
O1):-0.809	O2):42.74	
Starting PrismExecutor worker 2 on port 11452
Starting PrismExecutor worker 3 on port 11403
O1):-0.742	O2):36.671	
O1):-0.777	O2):37.056	
O1):-0.794	O2):44.561	
O1):-0.779	O2):37.574	
Connected worker 2 to port 11452
Connected worker 3 to port 11403
O1):-0.825	O2):46.878	
O1):-0.881	O2):73.615	
O1):-0.784	O2):41.541	
O1):-0.74	O2):36.683	
O1):-0.833	O2):47.783	
O1):-0.796	O2):41.733	
O1):-0.748	O2):36.202	
O1):-0.806	O2):46.551	
O1):-0.787	O2):41.206	
O1):-0.827	O2):43.97	
O1):-0.74	O2):36.683	
O1):-0.771	O2):41.283	
O1):-0.863	O2):63.075	
O1):-0.726	O2):35.24	
O1):-0.786	O2):40.946	
O1):-0.809	O2):42.74	
O1):-0.777	O2):37.056	
O1):-0.848	O2):58.022	
O1):-0.78	O2):40.337	
O1):-0.845	O2):53.764	
O1):-0.777	O2):40.644	
O1):-0.854	O2):50.697	
O1):-0.845	O2):53.127	
O1):-0.818	O2):47.238	
O1):-0.845	O2):53.755	
O1):-0.805	O2):42.2	
O1):-0.821	O2):47.092	
O1):-0.795	O2):43.428	
O1):-0.734	O2):36.469	
O1):-0.759	O2):35.968	
O1):-0.749	O2):36.329	
O1):-0.771	O2):42.228	
O1):-0.794	O2):45.467	
O1):-0.83	O2):52.097	
O1):-0.846	O2):56.654	
O1):-0.833	O2):47.788	
O1):-0.82	O2):47.629	
O1):-0.837	O2):50.128	
O1):-0.78	O2):37.821	
O1):-0.837	O2):45.718	
O1):-0.855	O2):57.979	
O1):-0.747	O2):37.683	
O1):-0.749	O2):37.326	
O1):-0.871	O2):68.834	
O1):-0.862	O2):55.066	
O1):-0.789	O2):43.311	
O1):-0.809	O2):42.741	
O1):-0.769	O2):37.388	
O1):-0.736	O2):37.19	
O1):-0.845	O2):50.32	
O1):-0.767	O2):37.1	
O1):-0.82	O2):47.629	
O1):-0.813	O2):43.196	
O1):-0.871	O2):73.489	
O1):-0.846	O2):52.925	
O1):-0.828	O2):47.521	
O1):-0.805	O2):41.77	
O1):-0.856	O2):62.879	
O1):-0.784	O2):42.356	
O1):-0.863	O2):54.433	
O1):-0.772	O2):41.998	
O1):-0.845	O2):50.32	
O1):-0.845	O2):50.275	
O1):-0.763	O2):40.725	
O1):-0.862	O2):54.115	
O1):-0.834	O2):49.141	
O1):-0.854	O2):59.134	
O1):-0.837	O2):45.718	
O1):-0.806	O2):44.208	
O1):-0.798	O2):43.6	
O1):-0.779	O2):37.574	
O1):-0.829	O2):43.816	
O1):-0.834	O2):48.063	
O1):-0.829	O2):47.843	
O1):-0.777	O2):37.056	
O1):-0.795	O2):42.505	
O1):-0.829	O2):45.325	
O1):-0.845	O2):50.177	
O1):-0.837	O2):48.392	
O1):-0.809	O2):43.255	
O1):-0.826	O2):47.466	
O1):-0.75	O2):39.868	
O1):-0.813	O2):42.627	
O1):-0.805	O2):46.581	
O1):-0.83	O2):45.652	
O1):-0.806	O2):46.551	
O1):-0.794	O2):44.555	
O1):-0.856	O2):63.057	
O1):-0.829	O2):45.325	
O1):-0.863	O2):59.899	
O1):-0.844	O2):49.358	
O1):-0.864	O2):59.264	
O1):-0.838	O2):53.31	
O1):-0.837	O2):45.718	
O1):-0.83	O2):52.634	
O1):-0.845	O2):49.52	
O1):-0.749	O2):37.327	
O1):-0.772	O2):43.047	
O1):-0.813	O2):46.693	
O1):-0.763	O2):36.769	
O1):-0.751	O2):37.459	
Evaluations:	900
O1):-0.747	O2):37.691	
O1):-0.863	O2):58.715	
O1):-0.872	O2):64.167	
O1):-0.784	O2):38.791	
O1):-0.802	O2):48.161	
O1):-0.81	O2):42.745	
O1):-0.769	O2):37.389	
O1):-0.864	O2):63.316	
O1):-0.801	O2):46.051	
O1):-0.796	O2):41.81	
O1):-0.862	O2):64.076	
O1):-0.862	O2):57.443	
O1):-0.834	O2):48.066	
O1):-0.802	O2):45.972	
O1):-0.853	O2):53.061	
O1):-0.846	O2):49.625	
O1):-0.859	O2):63.149	
O1):-0.862	O2):62.683	
Evaluations:	1000
O1):-0.82	O2):47.631	
O1):-0.72	O2):35.705	
O1):-0.863	O2):58.715	
O1):-0.836	O2):48.343	
O1):-0.853	O2):68.055	
O1):-0.854	O2):59.134	
O1):-0.796	O2):44.628	
O1):-0.847	O2):49.605	
O1):-0.784	O2):41.541	
O1):-0.817	O2):47.105	
O1):-0.786	O2):41.012	
O1):-0.793	O2):38.131	
O1):-0.847	O2):49.599	
O1):-0.813	O2):43.146	
O1):-0.837	O2):52.253	
O1):-0.807	O2):42.974	
O1):-0.804	O2):42.496	
O1):-0.837	O2):45.718	
O1):-0.829	O2):45.324	
O1):-0.809	O2):42.731	
O1):-0.803	O2):48.227	
O1):-0.796	O2):43.557	
O1):-0.761	O2):37.512	
O1):-0.863	O2):58.969	
O1):-0.854	O2):50.697	
O1):-0.802	O2):43.207	
O1):-0.854	O2):56.691	
O1):-0.833	O2):49.638	
O1):-0.757	O2):37.515	
O1):-0.854	O2):59.371	
O1):-0.853	O2):53.061	
O1):-0.778	O2):41.323	
O1):-0.8	O2):38.74	
O1):-0.829	O2):45.325	
O1):-0.863	O2):63.075	
O1):-0.847	O2):56.775	
O1):-0.837	O2):45.718	
O1):-0.843	O2):49.932	
O1):-0.862	O2):59.782	
O1):-0.814	O2):47.207	
O1):-0.845	O2):53.127	
Starting PrismExecutor worker 0 on port 11470
O1):-0.872	O2):68.253	
O1):-0.832	O2):49.459	
O1):-0.829	O2):49.689	
Connected worker 0 to port 11470
O1):-0.814	O2):47.509	
O1):-0.812	O2):43.119	
O1):-0.837	O1):-0.829	O2):45.718	O2):43.848	

O1):-0.801	O2):43.602	
O1):-0.804	O2):47.637	
O1):-0.747	O2):41.308	
O1):-0.853	O2):53.937	
O1):-0.801	O2):39.602	
O1):-0.872	O2):64.167	
O1):-0.862	O2):54.116	
O1):-0.778	O2):37.359	
O1):-0.804	O2):42.177	
O1):-0.829	O2):47.679	
O1):-0.853	O2):58.464	
O1):-0.82	O2):46.531	
O1):-0.843	O2):48.696	
O1):-0.788	O2):44.891	
O1):-0.846	O2):49.584	
O1):-0.845	O2):52.067	
O1):-0.846	O2):49.468	
O1):-0.847	O2):49.6	
O1):-0.855	O2):57.982	
O1):-0.837	O2):45.832	
O1):-0.847	O2):54.299	
O1):-0.732	O2):36.735	
O1):-0.834	O2):49.006	
O1):-0.792	O2):41.029	
O1):-0.784	O2):43.594	
O1):-0.812	O2):43.019	
O1):-0.836	O2):55.548	
O1):-0.795	O2):42.505	
O1):-0.785	O2):37.401	
O1):-0.871	O2):63.565	
O1):-0.795	O2):42.505	
O1):-0.787	O2):41.206	
O1):-0.827	O2):47.267	
O1):-0.863	O2):63.643	
O1):-0.813	O2):43.144	
O1):-0.855	O2):68.511	
O1):-0.828	O2):49.064	
O1):-0.835	O2):48.468	
O1):-0.784	O2):41.762	
O1):-0.825	O2):44.667	
O1):-0.861	O2):54.978	
O1):-0.736	O2):37.185	
O1):-0.871	O2):59.583	
O1):-0.854	O2):58.096	
O1):-0.83	O2):48.041	
O1):-0.83	O2):48.041	
O1):-0.809	O2):43.215	
O1):-0.768	O2):37.478	
O1):-0.826	O2):43.488	
O1):-0.776	O2):42.631	
O1):-0.83	O2):48.051	
O1):-0.772	O2):40.871	
O1):-0.837	O2):49.521	
O1):-0.873	O2):74.013	
O1):-0.862	O2):63.923	
O1):-0.837	O2):45.718	
O1):-0.807	O2):42.716	
O1):-0.74	O2):36.683	
O1):-0.836	O2):49.609	
O1):-0.838	O2):53.759	
O1):-0.777	O2):41.195	
O1):-0.868	O2):63.231	
O1):-0.742	O2):38.468	
O1):-0.837	O2):45.718	
O1):-0.797	O2):42.125	
O1):-0.777	O2):37.061	
O1):-0.78	O2):54.128	
O1):-0.88	O2):64.889	
O1):-0.769	O2):39.956	
O1):-0.812	O2):43.699	
O1):-0.862	O2):54.115	
O1):-0.862	O2):55.066	
O1):-0.812	O2):43.018	
O1):-0.797	O2):42.439	
O1):-0.853	O2):53.061	
O1):-0.868	O2):67.293	
O1):-0.783	O2):38.085	
O1):-0.796	O2):41.697	
O1):-0.828	O2):43.772	
Starting PrismExecutor worker 0 on port 11410
O1):-0.862	O2):59.782	
O1):-0.805	O2):42.257	
O1):-0.854	O2):54.915	
Connected worker 0 to port 11410
O1):-0.863	O2):58.889	
O1):-0.872	O2):68.511	
O1):-0.862	O2):59.422	
O1):-0.837	O2):45.718	
O1):-0.772	O2):41.971	
O1):-0.75	O2):37.369	
O1):-0.75	O2):38.401	
O1):-0.787	O2):41.206	
O1):-0.809	O2):43.635	
O1):-0.845	O2):53.952	
O1):-0.829	O2):45.325	
O1):-0.758	O2):37.524	
O1):-0.862	O2):54.115	
O1):-0.836	O2):53.745	
O1):-0.734	O2):36.469	
O1):-0.812	O2):43.021	
O1):-0.786	O2):41.012	
O1):-0.861	O2):54.747	
O1):-0.872	O2):64.061	
O1):-0.863	O2):58.715	
Evaluations:	1000
O1):-0.793	O2):38.131	
O1):-0.842	O2):48.561	
O1):-0.863	O2):58.727	
O1):-0.862	O2):55.066	
O1):-0.796	O2):41.697	
O1):-0.79	O2):41.909	
O1):-0.796	O2):42.825	
O1):-0.864	O2):59.466	
O1):-0.772	O2):44.439	
O1):-0.862	O2):55.066	
O1):-0.843	O2):49.176	
O1):-0.784	O2):41.541	
O1):-0.728	O2):35.55	
O1):-0.78	O2):40.34	
O1):-0.861	O2):63.729	
O1):-0.853	O2):53.061	
O1):-0.861	O2):58.049	
O1):-0.769	O2):37.389	
O1):-0.789	O2):50.452	
O1):-0.82	O2):46.532	
O1):-0.872	O2):64.166	
O1):-0.803	O2):43.132	
O1):-0.777	O2):37.056	
O1):-0.863	O2):63.075	
O1):-0.825	O2):44.464	
O1):-0.82	O2):46.531	
O1):-0.784	O2):41.541	
O1):-0.811	O2):47.532	
O1):-0.75	O2):36.014	
O1):-0.813	O2):58.831	
O1):-0.777	O2):41.193	
O1):-0.76	O2):38.024	
O1):-0.803	O2):42.899	
O1):-0.873	O2):74.013	
O1):-0.796	O2):41.931	
O1):-0.777	O2):37.056	
O1):-0.813	O2):43.146	
O1):-0.854	O2):54.991	
O1):-0.772	O2):39.239	
O1):-0.871	O2):63.566	
O1):-0.835	O2):52.466	
O1):-0.846	O2):49.292	
O1):-0.847	O2):54.299	
O1):-0.864	O2):64.014	
O1):-0.863	O2):63.075	
O1):-0.838	O2):54.606	
O1):-0.778	O2):36.987	
O1):-0.846	O2):49.448	
O1):-0.809	O2):42.74	
O1):-0.768	O2):37.478	
O1):-0.829	O2):45.352	
O1):-0.795	O2):42.505	
O1):-0.812	O2):46.235	
O1):-0.801	O2):43.606	
O1):-0.768	O2):37.478	
O1):-0.849	O2):53.034	
O1):-0.777	O2):37.061	
O1):-0.829	O2):47.463	
O1):-0.784	O2):41.546	
O1):-0.846	O2):49.467	
O1):-0.825	O2):48.175	
O1):-0.797	O2):41.989	
O1):-0.809	O2):42.74	
O1):-0.837	O2):45.718	
O1):-0.772	O2):44.424	
O1):-0.843	O2):52.604	
O1):-0.837	O2):45.718	
O1):-0.776	O2):39.652	
Starting PrismExecutor worker 3 on port 11413
O1):-0.854	O2):58.874	
O1):-0.754	O2):37.263	
O1):-0.87	O2):67.784	
Evaluations:	1000
Connected worker 3 to port 11413
O1):-0.799	O2):41.938	
O1):-0.845	O2):53.923	
O1):-0.807	O2):42.563	
O1):-0.803	O2):43.132	
O1):-0.846	O2):58.853	
O1):-0.797	O2):41.868	
O1):-0.796	O2):48.742	
O1):-0.749	O2):37.332	
O1):-0.758	O2):37.524	
O1):-0.854	O2):55.087	
O1):-0.828	O2):43.767	
O1):-0.855	O2):58.523	
O1):-0.872	O2):72.966	
O1):-0.797	O2):42.029	
O1):-0.774	O2):42.057	
O1):-0.819	O2):43.792	
O1):-0.78	O2):37.821	
O1):-0.861	O2):58.049	
O1):-0.803	O2):42.96	
O1):-0.814	O2):45.064	
O1):-0.83	O2):47.863	
O1):-0.795	O2):43.623	
O1):-0.837	O2):48.537	
O1):-0.777	O2):37.056	
O1):-0.856	O2):62.874	
O1):-0.758	O2):37.524	
O1):-0.82	O2):44.769	
O1):-0.825	O2):44.676	
O1):-0.853	O2):58.464	
O1):-0.837	O2):45.665	
O1):-0.778	O2):41.321	
O1):-0.778	O2):37.189	
O1):-0.798	O2):46.268	
O1):-0.762	O2):36.674	
O1):-0.779	O2):41.487	
O1):-0.802	O2):48.08	
O1):-0.821	O2):47.383	
O1):-0.844	O2):49.851	
O1):-0.83	O2):52.24	
O1):-0.81	O2):44.604	
O1):-0.844	O2):50.18	
O1):-0.844	O2):50.014	
O1):-0.871	O2):73.489	
O1):-0.855	O2):58.523	
O1):-0.856	O2):62.881	
O1):-0.795	O2):43.303	
O1):-0.768	O2):37.478	
O1):-0.769	O2):37.389	
O1):-0.826	O2):47.142	
O1):-0.747	O2):37.683	
O1):-0.863	O2):58.713	
O1):-0.872	O2):72.966	
O1):-0.811	O2):43.076	
O1):-0.854	O2):50.699	
O1):-0.797	O2):41.989	
O1):-0.863	O2):54.433	
O1):-0.845	O2):49.299	
O1):-0.747	O2):37.683	
O1):-0.872	O2):64.167	
O1):-0.75	O2):36.517	
O1):-0.827	O2):43.97	
O1):-0.829	O2):47.938	
O1):-0.827	O2):43.97	
O1):-0.809	O2):44.823	
O1):-0.777	O2):39.499	
O1):-0.778	O2):37.551	
O1):-0.871	O2):64.061	
O1):-0.776	O2):39.652	
O1):-0.836	O2):49.258	
O1):-0.798	O2):42.943	
O1):-0.826	O2):43.897	
O1):-0.828	O2):44.703	
O1):-0.847	O2):56.751	
O1):-0.796	O2):41.696	
O1):-0.827	O2):47.933	
Starting PrismExecutor worker 2 on port 11492
Starting PrismExecutor worker 1 on port 11471
O1):-0.777	O2):37.056	
Connected worker 2 to port 11492
Connected worker 1 to port 11471
O1):-0.862	O2):59.422	
O1):-0.855	O2):57.982	
O1):-0.78	O2):37.71	
O1):-0.749	O2):39.428	
O1):-0.83	O2):48.15	
O1):-0.793	O2):45.504	
O1):-0.797	O2):42.125	
O1):-0.808	O2):43.648	
O1):-0.846	O2):49.456	
O1):-0.863	O2):58.728	
O1):-0.846	O2):54.048	
O1):-0.845	O2):49.141	
O1):-0.847	O2):56.773	
O1):-0.825	O2):44.676	
O1):-0.862	O2):54.116	
O1):-0.75	O2):39.949	
O1):-0.778	O2):40.134	
O1):-0.806	O2):46.227	
O1):-0.859	O2):63.149	
O1):-0.851	O2):58.058	
O1):-0.87	O2):63.314	
O1):-0.846	O2):49.468	
O1):-0.812	O2):43.021	
O1):-0.863	O2):58.715	
O1):-0.803	O2):58.196	
O1):-0.777	O2):41.193	
O1):-0.844	O2):49.027	
O1):-0.811	O2):43.586	
O1):-0.82	O2):46.163	
O1):-0.8	O2):38.74	
O1):-0.779	O2):37.574	
O1):-0.862	O2):62.674	
O1):-0.846	O2):49.609	
O1):-0.813	O2):47.205	
O1):-0.734	O2):36.469	
O1):-0.801	O2):38.79	
O1):-0.747	O2):37.73	
O1):-0.778	O2):41.323	
O1):-0.826	O2):43.9	
O1):-0.869	O2):58.741	
O1):-0.828	O2):44.703	
O1):-0.805	O2):42.172	
O1):-0.813	O2):43.19	
O1):-0.81	O2):42.745	
O1):-0.818	O2):47.239	
O1):-0.871	O2):63.564	
O1):-0.846	O2):49.3	
O1):-0.829	O2):45.325	
O1):-0.803	O2):52.859	
O1):-0.829	O2):45.336	
O1):-0.854	O2):53.506	
O1):-0.847	O2):49.609	
O1):-0.75	O2):38.4	
O1):-0.794	O2):42.275	
Evaluations:	1000
O1):-0.82	O2):45.275	
O1):-0.749	O2):37.326	
O1):-0.829	O2):45.325	
O1):-0.837	O2):49.776	
O1):-0.855	O2):57.979	
O1):-0.855	O2):57.982	
O1):-0.75	O2):37.367	
O1):-0.863	O2):54.288	
O1):-0.777	O2):37.056	
O1):-0.872	O2):64.167	
O1):-0.779	O2):37.574	
O1):-0.837	O2):45.718	
O1):-0.847	O2):52.82	
O1):-0.812	O2):43.021	
O1):-0.847	O2):56.751	
O1):-0.785	O2):41.96	
O1):-0.83	O2):47.961	
O1):-0.768	O2):37.478	
O1):-0.796	O2):41.697	
O1):-0.83	O2):45.471	
O1):-0.777	O2):37.056	
O1):-0.83	O2):47.863	
O1):-0.775	O2):41.988	
O1):-0.863	O2):54.416	
O1):-0.792	O2):41.029	
O1):-0.795	O2):42.505	
O1):-0.768	O2):37.478	
O1):-0.862	O2):59.782	
O1):-0.838	O2):56.203	
O1):-0.797	O2):41.988	
O1):-0.861	O2):54.744	
O1):-0.863	O2):58.968	
O1):-0.8	O2):38.74	
O1):-0.839	O2):52.703	
O1):-0.853	O2):58.464	
O1):-0.797	O2):42.167	
O1):-0.83	O2):48.526	
O1):-0.779	O2):41.487	
O1):-0.795	O2):44.285	
O1):-0.861	O2):54.744	
O1):-0.855	O2):58.511	
O1):-0.853	O2):53.061	
O1):-0.844	O2):51.886	
O1):-0.779	O2):41.5	
O1):-0.863	O2):59.911	
O1):-0.798	O2):46.063	
O1):-0.778	O2):41.321	
O1):-0.83	O2):47.861	
O1):-0.837	O2):45.718	
O1):-0.843	O2):48.696	
O1):-0.795	O2):43.42	
O1):-0.788	O2):42.323	
O1):-0.798	O2):39.567	
O1):-0.788	O2):43.013	
O1):-0.871	O2):64.052	
O1):-0.854	O2):50.697	
O1):-0.845	O2):50.32	
O1):-0.844	O2):49.358	
O1):-0.862	O2):54.123	
O1):-0.796	O2):41.697	
O1):-0.771	O2):40.745	
O1):-0.777	O2):37.056	
O1):-0.767	O2):37.084	
O1):-0.853	O2):58.464	
O1):-0.769	O2):37.389	
O1):-0.779	O2):37.574	
O1):-0.828	O2):44.188	
O1):-0.83	O2):45.471	
O1):-0.806	O2):42.319	
O1):-0.853	O2):53.066	
O1):-0.854	O2):60.009	
O1):-0.814	O2):45.064	
O1):-0.79	O2):38.368	
O1):-0.826	O2):43.897	
O1):-0.863	O2):54.431	
O1):-0.8	O2):43.333	
O1):-0.767	O2):37.084	
O1):-0.833	O2):47.783	
O1):-0.829	O2):43.797	
O1):-0.82	O2):46.532	
O1):-0.796	O2):41.697	
O1):-0.863	O2):59.902	
O1):-0.804	O2):42.177	
O1):-0.864	O2):59.264	
O1):-0.845	O2):55.077	
O1):-0.822	O2):52.094	
O1):-0.801	O2):43.602	
O1):-0.81	O2):42.745	
O1):-0.854	O2):53.506	
O1):-0.83	O2):47.861	
O1):-0.804	O2):42.176	
O1):-0.828	O2):54.434	
O1):-0.845	O2):50.178	
O1):-0.773	O2):44.559	
O1):-0.747	O2):37.683	
O1):-0.804	O2):43.32	
O1):-0.768	O2):37.478	
O1):-0.844	O2):49.03	
O1):-0.732	O2):36.722	
O1):-0.871	O2):63.564	
O1):-0.798	O2):43.831	
O1):-0.762	O2):36.674	
O1):-0.845	O2):49.356	
O1):-0.833	O2):47.783	
O1):-0.844	O2):49.867	
O1):-0.805	O2):41.609	
O1):-0.871	O2):63.571	
O1):-0.812	O2):43.018	
O1):-0.779	O2):41.489	
O1):-0.804	O2):43.408	
O1):-0.736	O2):37.185	
O1):-0.853	O2):58.464	
O1):-0.784	O2):41.541	
Starting PrismExecutor worker 4 on port 11424
O1):-0.854	O2):59.371	
O1):-0.812	O2):43.018	
O1):-0.844	O2):49.358	
O1):-0.847	O2):49.609	
Connected worker 4 to port 11424
O1):-0.829	O2):45.325	
O1):-0.777	O2):37.056	
O1):-0.821	O2):43.063	
O1):-0.863	O2):58.715	
O1):-0.87	O2):67.784	
O1):-0.846	O2):49.298	
O1):-0.845	O2):49.334	
O1):-0.798	O2):43.6	
O1):-0.774	O2):42.015	
O1):-0.786	O2):41.012	
O1):-0.768	O2):37.478	
O1):-0.837	O2):45.718	
O1):-0.844	O2):49.358	
O1):-0.829	O2):45.325	
O1):-0.863	O2):58.715	
O1):-0.749	O2):37.325	
O1):-0.768	O2):37.478	
O1):-0.732	O2):36.724	
O1):-0.8	O2):38.74	
O1):-0.778	O2):41.327	
O1):-0.846	O2):48.391	
O1):-0.777	O2):40.311	
O1):-0.84	O2):48.81	
O1):-0.845	O2):52.072	
O1):-0.801	O2):42.589	
O1):-0.854	O2):50.697	
O1):-0.768	O2):37.478	
O1):-0.804	O2):42.177	
O1):-0.768	O2):37.478	
O1):-0.862	O2):62.674	
O1):-0.814	O2):43.276	
O1):-0.793	O2):38.131	
O1):-0.833	O2):52.094	
O1):-0.785	O2):37.401	
O1):-0.779	O2):40.369	
O1):-0.826	O2):45.047	
O1):-0.853	O2):53.059	
O1):-0.821	O2):49.485	
O1):-0.828	O2):44.358	
O1):-0.793	O2):38.131	
O1):-0.817	O2):43.316	
O1):-0.871	O2):73.489	
O1):-0.767	O2):37.084	
O1):-0.862	O2):62.674	
O1):-0.862	O2):54.175	
O1):-0.855	O2):57.982	
O1):-0.801	O2):43.602	
O1):-0.855	O2):57.972	
O1):-0.805	O2):42.332	
O1):-0.827	O2):47.462	
O1):-0.777	O2):37.056	
O1):-0.704	O2):31.963	
O1):-0.863	O2):54.433	
O1):-0.833	O2):47.784	
O1):-0.828	O2):51.65	
O1):-0.854	O2):58.875	
O1):-0.845	O2):50.32	
O1):-0.797	O2):47.152	
O1):-0.812	O2):43.021	
O1):-0.768	O2):37.478	
O1):-0.827	O2):47.119	
O1):-0.724	O2):36.283	
O1):-0.804	O2):42.17	
O1):-0.835	O2):49.611	
O1):-0.828	O2):44.703	
O1):-0.736	O2):37.19	
O1):-0.862	O2):54.115	
O1):-0.871	O2):68.115	
O1):-0.855	O2):53.545	
O1):-0.83	O2):45.653	
O1):-0.786	O2):41.012	
O1):-0.862	O2):59.422	
O1):-0.764	O2):41.683	
O1):-0.845	O2):52.072	
O1):-0.72	O2):35.705	
O1):-0.785	O2):37.401	
O1):-0.798	O2):43.831	
O1):-0.862	O2):59.782	
O1):-0.768	O2):37.478	
O1):-0.846	O2):52.924	
O1):-0.812	O2):47.317	
O1):-0.812	O2):43.117	
O1):-0.843	O2):49.932	
O1):-0.777	O2):41.193	
O1):-0.813	O2):43.808	
O1):-0.793	O2):38.131	
O1):-0.827	O2):47.269	
O1):-0.796	O2):41.697	
O1):-0.749	O2):36.329	
O1):-0.852	O2):64.075	
O1):-0.787	O2):43.669	
O1):-0.853	O2):58.464	
O1):-0.78	O2):37.821	
Evaluations:	1000
Starting PrismExecutor worker 1 on port 11451
O1):-0.862	O2):55.063	
O1):-0.834	O2):52.09	
O1):-0.829	O2):48.134	
O1):-0.768	O2):37.478	
O1):-0.842	O2):49.026	
Connected worker 1 to port 11451
O1):-0.8	O2):42.439	
O1):-0.821	O2):46.035	
O1):-0.807	O2):42.716	
O1):-0.844	O2):50.014	
O1):-0.801	O2):43.614	
O1):-0.793	O2):45.417	
O1):-0.846	O2):48.393	
O1):-0.837	O2):49.786	
O1):-0.74	O2):36.683	
O1):-0.863	O2):54.431	
O1):-0.804	O2):42.13	
O1):-0.796	O2):42.825	
O1):-0.758	O2):37.518	
O1):-0.846	O2):55.357	
O1):-0.778	O2):37.359	
O1):-0.788	O2):42.327	
O1):-0.807	O2):42.716	
O1):-0.819	O2):44.493	
O1):-0.841	O2):65.104	
O1):-0.798	O2):42.944	
O1):-0.747	O2):37.683	
O1):-0.804	O2):40.546	
O1):-0.871	O2):63.564	
O1):-0.846	O2):52.924	
O1):-0.809	O2):43.355	
O1):-0.801	O2):43.239	
O1):-0.786	O2):40.845	
O1):-0.826	O2):43.896	
O1):-0.863	O2):59.923	
O1):-0.826	O2):44.712	
O1):-0.837	O2):49.524	
O1):-0.864	O2):59.264	
O1):-0.863	O2):58.966	
O1):-0.771	O2):44.932	
O1):-0.828	O2):44.711	
O1):-0.853	O2):53.058	
O1):-0.803	O2):43.752	
O1):-0.82	O2):46.53	
O1):-0.749	O2):37.326	
O1):-0.862	O2):59.782	
O1):-0.862	O2):55.066	
O1):-0.78	O2):37.792	
O1):-0.832	O2):48.113	
O1):-0.793	O2):38.195	
O1):-0.83	O2):45.652	
O1):-0.778	O2):37.358	
O1):-0.747	O2):37.683	
O1):-0.869	O2):58.741	
O1):-0.821	O2):43.047	
O1):-0.833	O2):47.786	
O1):-0.779	O2):37.574	
O1):-0.843	O2):49.176	
O1):-0.845	O2):50.322	
O1):-0.78	O2):37.818	
O1):-0.806	O2):42.636	
O1):-0.854	O2):58.875	
O1):-0.782	O2):47.596	
O1):-0.845	O2):54.899	
O1):-0.862	O2):54.115	
O1):-0.734	O2):36.469	
O1):-0.768	O2):37.478	
O1):-0.772	O2):44.439	
O1):-0.845	O2):53.127	
O1):-0.86	O2):53.538	
O1):-0.812	O2):43.08	
O1):-0.768	O2):37.478	
O1):-0.846	O2):60.047	
O1):-0.828	O2):45.018	
O1):-0.778	O2):40.134	
O1):-0.738	O2):36.255	
O1):-0.867	O2):63.166	
Evaluations:	1000
O1):-0.813	O2):43.196	
O1):-0.846	O2):49.471	
O1):-0.859	O2):54.169	
O1):-0.787	O2):42.555	
O1):-0.837	O2):53.374	
Starting PrismExecutor worker 3 on port 11473
O1):-0.804	O2):42.447	
O1):-0.845	O2):49.326	
O1):-0.837	O2):48.537	
Connected worker 3 to port 11473
O1):-0.847	O2):49.6	
O1):-0.836	O2):47.244	
O1):-0.809	O2):42.731	
O1):-0.777	O2):36.096	
O1):-0.806	O2):42.636	
O1):-0.853	O2):58.464	
O1):-0.863	O2):54.288	
O1):-0.862	O2):55.065	
O1):-0.796	O2):41.92	
O1):-0.842	O2):49.562	
O1):-0.813	O2):42.627	
O1):-0.787	O2):43.752	
O1):-0.747	O2):37.683	
O1):-0.845	O2):50.177	
O1):-0.836	O2):48.216	
O1):-0.813	O2):42.806	
O1):-0.845	O2):54.251	
O1):-0.8	O2):38.74	
O1):-0.785	O2):40.835	
O1):-0.801	O2):43.602	
O1):-0.736	O2):37.188	
O1):-0.802	O2):39.166	
O1):-0.822	O2):46.982	
O1):-0.851	O2):53.911	
O1):-0.854	O2):58.875	
O1):-0.862	O2):62.682	
O1):-0.749	O2):37.326	
O1):-0.785	O2):37.401	
O1):-0.843	O2):54.206	
O1):-0.75	O2):37.367	
O1):-0.862	O2):59.782	
O1):-0.812	O2):43.021	
O1):-0.846	O2):49.3	
O1):-0.805	O2):42.189	
O1):-0.766	O2):38.778	
O1):-0.862	O2):54.116	
O1):-0.855	O2):69.291	
O1):-0.862	O2):59.782	
O1):-0.829	O2):45.352	
O1):-0.846	O2):58.952	
O1):-0.797	O2):46.692	
O1):-0.778	O2):40.134	
O1):-0.845	O2):53.127	
O1):-0.861	O2):54.94	
O1):-0.837	O2):49.524	
O1):-0.854	O2):58.877	
O1):-0.801	O2):38.79	
O1):-0.801	O2):43.602	
O1):-0.845	O2):49.326	
O1):-0.838	O2):53.76	
O1):-0.747	O2):37.683	
O1):-0.78	O2):37.71	
O1):-0.845	O2):53.957	
O1):-0.845	O2):49.52	
O1):-0.844	O2):49.273	
O1):-0.871	O2):67.925	
O1):-0.845	O2):49.341	
O1):-0.784	O2):41.541	
O1):-0.862	O2):55.047	
O1):-0.818	O2):48.323	
O1):-0.844	O2):49.868	
O1):-0.838	O2):51.957	
O1):-0.836	O2):48.542	
O1):-0.855	O2):58.284	
O1):-0.747	O2):37.683	
O1):-0.838	O2):51.957	
O1):-0.784	O2):41.541	
O1):-0.871	O2):63.565	
O1):-0.757	O2):37.604	
O1):-0.837	O2):49.521	
O1):-0.803	O2):49.001	
O1):-0.75	O2):37.367	
O1):-0.79	O2):47.761	
O1):-0.813	O2):58.831	
O1):-0.854	O2):50.697	
O1):-0.853	O2):53.061	
O1):-0.833	O2):47.783	
O1):-0.834	O2):61.453	
O1):-0.863	O2):58.728	
O1):-0.797	O2):39.348	
O1):-0.775	O2):41.316	
O1):-0.778	O2):37.39	
O1):-0.853	O2):58.464	
O1):-0.863	O2):58.715	
O1):-0.796	O2):41.922	
O1):-0.847	O2):49.607	
Evaluations:	1000
O1):-0.817	O2):48.098	
O1):-0.722	O2):38.109	
O1):-0.879	O2):69.401	
Starting PrismExecutor worker 0 on port 11490
Starting PrismExecutor worker 1 on port 11411
O1):-0.804	O2):51.946	
Connected worker 0 to port 11490
Connected worker 1 to port 11411
O1):-0.845	O2):50.32	
O1):-0.813	O2):43.816	
O1):-0.845	O2):53.124	
O1):-0.828	O2):47.816	
O1):-0.804	O2):47.843	
O1):-0.747	O2):37.683	
O1):-0.828	O2):53.239	
O1):-0.845	O2):52.067	
O1):-0.797	O2):42.439	
O1):-0.829	O2):52.903	
O1):-0.833	O2):47.783	
O1):-0.807	O2):42.716	
O1):-0.779	O2):39.703	
O1):-0.726	O2):35.234	
O1):-0.795	O2):43.621	
O1):-0.785	O2):41.89	
O1):-0.728	O2):35.55	
O1):-0.784	O2):41.541	
O1):-0.846	O2):54.081	
O1):-0.782	O2):41.481	
O1):-0.861	O2):54.744	
O1):-0.728	O2):35.55	
O1):-0.837	O2):49.524	
O1):-0.828	O2):44.703	
O1):-0.847	O2):49.599	
O1):-0.813	O2):42.806	
O1):-0.757	O2):38.955	
O1):-0.757	O2):35.73	
O1):-0.862	O2):55.065	
O1):-0.777	O2):40.867	
O1):-0.863	O2):54.431	
O1):-0.835	O2):48.048	
O1):-0.831	O2):52.226	
O1):-0.862	O2):54.115	
O1):-0.817	O2):44.231	
O1):-0.786	O2):41.012	
O1):-0.805	O2):46.347	
O1):-0.747	O2):37.683	
O1):-0.802	O2):47.642	
O1):-0.861	O2):58.324	
O1):-0.796	O2):41.704	
O1):-0.791	O2):43.141	
O1):-0.797	O2):42.125	
O1):-0.779	O2):41.484	
O1):-0.747	O2):37.683	
O1):-0.853	O2):54.391	
O1):-0.807	O2):42.716	
O1):-0.829	O2):47.843	
O1):-0.834	O2):52.083	
O1):-0.846	O2):49.292	
O1):-0.747	O2):37.683	
O1):-0.812	O2):43.023	
O1):-0.845	O2):52.426	
O1):-0.771	O2):36.346	
O1):-0.747	O2):37.683	
O1):-0.74	O2):36.683	
O1):-0.813	O2):58.826	
O1):-0.853	O2):53.061	
O1):-0.779	O2):37.574	
O1):-0.844	O2):49.358	
O1):-0.784	O2):41.541	
O1):-0.736	O2):37.188	
O1):-0.74	O2):36.685	
O1):-0.828	O2):50.458	
O1):-0.749	O2):37.326	
Evaluations:	1100
O1):-0.872	O2):68.253	
O1):-0.732	O2):36.724	
O1):-0.844	O2):49.273	
O1):-0.822	O2):51.027	
O1):-0.839	O2):52.703	
O1):-0.867	O2):63.166	
O1):-0.802	O2):43.207	
O1):-0.821	O2):48.882	
O1):-0.778	O2):37.551	
O1):-0.837	O2):45.718	
Evaluations:	900
O1):-0.833	O2):47.783	
O1):-0.769	O2):37.817	
O1):-0.747	O2):37.683	
O1):-0.872	O2):68.254	
O1):-0.863	O2):58.715	
O1):-0.848	O2):58.019	
O1):-0.863	O2):58.715	
O1):-0.86	O2):53.538	
O1):-0.828	O2):53.393	
O1):-0.772	O2):40.573	
O1):-0.757	O2):35.73	
O1):-0.846	O2):49.491	
Evaluations:	1100
O1):-0.747	O2):37.683	
O1):-0.821	O2):47.381	
O1):-0.821	O2):47.517	
O1):-0.768	O2):42.5	
O1):-0.736	O2):37.185	
O1):-0.793	O2):38.131	
O1):-0.785	O2):43.208	
O1):-0.846	O2):48.391	
O1):-0.795	O2):44.566	
O1):-0.836	O2):53.745	
O1):-0.788	O2):42.259	
O1):-0.783	O2):40.502	
O1):-0.846	O2):52.63	
O1):-0.801	O2):43.602	
O1):-0.828	O2):43.755	
O1):-0.811	O2):43.586	
O1):-0.82	O2):47.704	
O1):-0.853	O2):58.464	
O1):-0.854	O2):56.691	
O1):-0.801	O2):42.59	
O1):-0.782	O2):37.989	
O1):-0.847	O2):56.751	
O1):-0.758	O2):37.573	
O1):-0.871	O2):63.564	
O1):-0.747	O2):37.683	
O1):-0.742	O2):36.671	
O1):-0.823	O2):50.725	
O1):-0.779	O2):37.482	
O1):-0.812	O2):43.174	
O1):-0.807	O2):47.001	
O1):-0.844	O2):50.014	
O1):-0.833	O2):52.094	
O1):-0.805	O2):42.496	
O1):-0.862	O2):55.255	
O1):-0.851	O2):53.911	
O1):-0.834	O2):49.769	
O1):-0.855	O2):59.298	
O1):-0.799	O2):42.468	
O1):-0.78	O2):40.337	
O1):-0.755	O2):36.811	
O1):-0.854	O2):56.691	
O1):-0.78	O2):40.337	
O1):-0.867	O2):63.166	
O1):-0.827	O2):47.119	
O1):-0.862	O2):54.115	
O1):-0.765	O2):38.538	
O1):-0.837	O2):49.784	
O1):-0.845	O2):50.179	
O1):-0.814	O2):43.984	
O1):-0.878	O2):64.227	
O1):-0.846	O2):50.634	
O1):-0.846	O2):49.491	
O1):-0.862	O2):59.422	
O1):-0.78	O2):40.337	
O1):-0.843	O2):49.176	
O1):-0.78	O2):40.337	
O1):-0.872	O2):73.818	
O1):-0.853	O2):53.061	
O1):-0.747	O2):37.683	
O1):-0.749	O2):38.87	
O1):-0.79	O2):52.474	
O1):-0.801	O2):38.79	
O1):-0.854	O2):50.697	
O1):-0.846	O2):48.393	
O1):-0.804	O2):42.13	
O1):-0.838	O2):53.616	
O1):-0.78	O2):40.337	
O1):-0.83	O2):47.863	
O1):-0.83	O2):47.866	
O1):-0.821	O2):46.074	
O1):-0.867	O2):63.165	
O1):-0.826	O2):43.896	
O1):-0.821	O2):46.036	
O1):-0.863	O2):54.431	
O1):-0.82	O2):46.57	
O1):-0.779	O2):44.083	
O1):-0.834	O2):48.997	
O1):-0.838	O2):53.739	
O1):-0.795	O2):45.03	
O1):-0.846	O2):49.466	
O1):-0.755	O2):36.811	
O1):-0.784	O2):41.541	
O1):-0.769	O2):37.389	
O1):-0.861	O2):58.049	
O1):-0.779	O2):41.489	
O1):-0.747	O2):37.683	
O1):-0.846	O2):49.3	
Starting PrismExecutor worker 4 on port 11484
O1):-0.842	O2):49.037	
O1):-0.784	O2):41.497	
O1):-0.829	O2):49.917	
Connected worker 4 to port 11484
O1):-0.863	O2):58.715	
O1):-0.784	O2):38.792	
O1):-0.788	O2):44.891	
O1):-0.871	O2):64.11	
O1):-0.773	O2):40.713	
O1):-0.786	O2):41.012	
O1):-0.788	O2):42.259	
O1):-0.768	O2):37.478	
O1):-0.853	O2):58.643	
O1):-0.821	O2):46.036	
O1):-0.748	O2):37.721	
O1):-0.798	O2):39.507	
O1):-0.853	O2):63.074	
O1):-0.871	O2):63.564	
O1):-0.863	O2):54.431	
O1):-0.812	O2):43.021	
O1):-0.788	O2):49.725	
O1):-0.777	O2):39.499	
O1):-0.795	O2):42.505	
O1):-0.757	O2):40.015	
O1):-0.797	O2):46.329	
O1):-0.806	O2):42.319	
O1):-0.854	O2):50.704	
O1):-0.845	O2):50.32	
O1):-0.806	O2):42.319	
O1):-0.784	O2):41.539	
O1):-0.831	O2):52.226	
O1):-0.801	O2):45.222	
O1):-0.834	O2):48.063	
O1):-0.831	O2):52.226	
O1):-0.826	O2):43.897	
O1):-0.82	O2):53.91	
O1):-0.837	O2):45.718	
O1):-0.769	O2):37.817	
Evaluations:	1000
O1):-0.785	O2):41.589	
O1):-0.804	O2):43.845	
O1):-0.805	O2):42.256	
O1):-0.86	O2):53.538	
O1):-0.828	O2):51.65	
O1):-0.834	O2):48.997	
O1):-0.812	O2):44.942	
O1):-0.863	O2):58.966	
O1):-0.765	O2):38.542	
O1):-0.778	O2):36.987	
O1):-0.788	O2):49.561	
O1):-0.801	O2):41.68	
O1):-0.83	O2):64.5	
O1):-0.871	O2):59.589	
O1):-0.842	O2):48.561	
O1):-0.872	O2):64.061	
O1):-0.845	O2):52.072	
O1):-0.853	O2):53.061	
O1):-0.829	O2):48.864	
O1):-0.837	O2):53.364	
O1):-0.845	O2):49.305	
O1):-0.829	O2):48.522	
O1):-0.797	O2):41.989	
O1):-0.864	O2):59.578	
O1):-0.779	O2):37.574	
O1):-0.758	O2):37.524	
O1):-0.785	O2):40.844	
O1):-0.804	O2):53.955	
O1):-0.864	O2):59.576	
O1):-0.787	O2):41.206	
O1):-0.747	O2):37.683	
O1):-0.762	O2):36.674	
O1):-0.757	O2):40.941	
O1):-0.853	O2):58.464	
O1):-0.845	O2):50.32	
O1):-0.777	O2):41.193	
O1):-0.868	O2):59.273	
O1):-0.846	O2):48.393	
O1):-0.812	O2):46.235	
O1):-0.809	O2):42.73	
O1):-0.837	O2):45.718	
O1):-0.82	O2):42.77	
O1):-0.786	O2):41.463	
O1):-0.795	O2):44.287	
O1):-0.793	O2):38.131	
O1):-0.862	O2):59.782	
O1):-0.837	O2):45.832	
O1):-0.872	O2):64.061	
O1):-0.769	O2):37.389	
O1):-0.845	O2):50.32	
Evaluations:	1100
Starting PrismExecutor worker 1 on port 11491
O1):-0.829	O2):45.325	
O1):-0.862	O2):54.115	
Connected worker 1 to port 11491
O1):-0.797	O2):41.868	
O1):-0.782	O2):41.481	
O1):-0.784	O2):41.541	
O1):-0.759	O2):35.968	
O1):-0.724	O2):36.283	
O1):-0.768	O2):37.478	
O1):-0.862	O2):59.782	
O1):-0.83	O2):45.652	
O1):-0.797	O2):42.985	
O1):-0.845	O2):53.127	
O1):-0.82	O2):46.57	
O1):-0.778	O2):36.987	
O1):-0.817	O2):47.104	
O1):-0.754	O2):37.28	
O1):-0.838	O2):53.283	
O1):-0.779	O2):37.574	
O1):-0.785	O2):41.588	
O1):-0.844	O2):49.358	
O1):-0.799	O2):39.884	
O1):-0.768	O2):37.477	
O1):-0.838	O2):58.335	
O1):-0.726	O2):35.234	
O1):-0.804	O2):41.677	
O1):-0.862	O2):54.115	
O1):-0.794	O2):41.528	
O1):-0.854	O2):50.697	
O1):-0.853	O2):58.464	
O1):-0.833	O2):47.783	
O1):-0.847	O2):68.793	
O1):-0.863	O2):54.293	
O1):-0.853	O2):53.937	
O1):-0.827	O2):47.119	
O1):-0.855	O2):68.436	
O1):-0.83	O2):52.071	
O1):-0.809	O2):42.867	
O1):-0.854	O2):63.494	
O1):-0.759	O2):35.956	
O1):-0.862	O2):54.115	
O1):-0.806	O2):42.319	
O1):-0.861	O2):53.854	
O1):-0.859	O2):63.149	
O1):-0.844	O2):49.358	
O1):-0.78	O2):37.71	
O1):-0.842	O2):49.026	
O1):-0.846	O2):49.295	
O1):-0.766	O2):38.777	
O1):-0.861	O2):54.752	
O1):-0.802	O2):45.552	
O1):-0.861	O2):58.049	
O1):-0.83	O2):47.863	
O1):-0.88	O2):64.889	
O1):-0.821	O2):52.412	
O1):-0.853	O2):53.937	
O1):-0.846	O2):51.965	
O1):-0.743	O2):39.034	
O1):-0.793	O2):38.131	
O1):-0.796	O2):41.697	
O1):-0.747	O2):37.683	
O1):-0.845	O2):49.141	
O1):-0.8	O2):38.735	
O1):-0.796	O2):41.696	
O1):-0.81	O2):42.745	
O1):-0.851	O2):53.911	
O1):-0.8	O2):38.74	
O1):-0.81	O2):46.905	
O1):-0.862	O2):58.416	
O1):-0.768	O2):37.478	
O1):-0.821	O2):43.063	
O1):-0.751	O2):38.294	
O1):-0.75	O2):36.517	
O1):-0.797	O2):41.99	
O1):-0.856	O2):68.427	
O1):-0.82	O2):46.578	
O1):-0.749	O2):37.107	
O1):-0.851	O2):58.058	
O1):-0.817	O2):47.105	
O1):-0.819	O2):43.677	
O1):-0.729	O2):36.415	
O1):-0.83	O2):45.652	
O1):-0.741	O2):36.57	
O1):-0.796	O2):41.922	
O1):-0.75	O2):39.868	
O1):-0.847	O2):49.616	
O1):-0.862	O2):59.422	
O1):-0.833	O2):47.783	
O1):-0.828	O2):47.521	
O1):-0.872	O2):68.591	
O1):-0.805	O2):46.83	
O1):-0.862	O2):54.115	
O1):-0.758	O2):37.537	
O1):-0.778	O2):36.99	
O1):-0.871	O2):73.489	
O1):-0.819	O2):43.677	
O1):-0.805	O2):42.524	
Starting PrismExecutor worker 5 on port 11435
O1):-0.804	O2):49.436	
O1):-0.814	O2):45.644	
O1):-0.837	O2):45.665	
O1):-0.843	O2):49.176	
O1):-0.801	O2):42.589	
Connected worker 5 to port 11435
O1):-0.807	O2):42.716	
O1):-0.807	O2):42.563	
O1):-0.846	O2):59.251	
O1):-0.845	O2):49.141	
O1):-0.778	O2):40.135	
O1):-0.863	O2):54.288	
O1):-0.853	O2):58.464	
O1):-0.83	O2):45.653	
O1):-0.829	O2):45.325	
O1):-0.853	O2):58.463	
O1):-0.798	O2):42.436	
O1):-0.797	O2):41.868	
O1):-0.863	O2):58.728	
O1):-0.796	O2):41.696	
O1):-0.796	O2):41.697	
O1):-0.836	O2):47.252	
O1):-0.807	O2):42.564	
O1):-0.827	O2):47.147	
O1):-0.812	O2):43.078	
O1):-0.724	O2):36.283	
O1):-0.759	O2):38.022	
O1):-0.779	O2):37.574	
O1):-0.776	O2):39.692	
O1):-0.784	O2):40.556	
O1):-0.862	O2):55.066	
O1):-0.833	O2):47.783	
O1):-0.745	O2):35.366	
O1):-0.72	O2):35.708	
O1):-0.853	O2):53.061	
O1):-0.872	O2):63.914	
O1):-0.844	O2):49.358	
O1):-0.799	O2):42.564	
O1):-0.758	O2):35.731	
O1):-0.79	O2):38.368	
O1):-0.83	O2):44.068	
O1):-0.8	O2):38.735	
O1):-0.797	O2):42.167	
O1):-0.871	O2):63.566	
O1):-0.768	O2):37.478	
O1):-0.847	O2):59.333	
O1):-0.75	O2):39.867	
O1):-0.854	O2):50.697	
O1):-0.809	O2):43.222	
O1):-0.796	O2):44.483	
O1):-0.862	O2):59.782	
O1):-0.873	O2):74.015	
O1):-0.812	O2):43.018	
O1):-0.801	O2):48.866	
O1):-0.742	O2):36.673	
O1):-0.795	O2):42.505	
O1):-0.778	O2):36.99	
O1):-0.863	O2):58.707	
O1):-0.83	O2):45.652	
O1):-0.783	O2):38.085	
O1):-0.812	O2):43.018	
O1):-0.78	O2):36.4	
O1):-0.785	O2):37.401	
O1):-0.828	O2):44.196	
O1):-0.853	O2):53.937	
O1):-0.797	O2):41.868	
O1):-0.878	O2):64.227	
O1):-0.778	O2):36.987	
O1):-0.846	O2):49.468	
O1):-0.779	O2):41.489	
O1):-0.726	O2):35.234	
O1):-0.762	O2):36.674	
O1):-0.747	O2):37.683	
O1):-0.78	O2):40.366	
O1):-0.792	O2):41.029	
O1):-0.796	O2):41.697	
O1):-0.867	O2):63.164	
O1):-0.837	O2):45.718	
O1):-0.851	O2):53.911	
O1):-0.857	O2):53.841	
O1):-0.767	O2):37.495	
O1):-0.766	O2):37.141	
O1):-0.768	O2):37.478	
O1):-0.784	O2):41.541	
O1):-0.845	O2):62.747	
O1):-0.855	O2):58.523	
O1):-0.796	O2):41.695	
O1):-0.787	O2):41.082	
O1):-0.853	O2):58.464	
O1):-0.801	O2):44.264	
O1):-0.802	O2):48.08	
O1):-0.75	O2):36.517	
O1):-0.799	O2):42.564	
O1):-0.78	O2):40.333	
O1):-0.774	O2):37.774	
O1):-0.766	O2):37.132	
O1):-0.787	O2):41.206	
O1):-0.847	O2):49.609	
O1):-0.863	O2):54.433	
O1):-0.77	O2):37.755	
O1):-0.78	O2):40.338	
Starting PrismExecutor worker 0 on port 11400
O1):-0.854	O2):55.088	
Connected worker 0 to port 11400
O1):-0.861	O2):54.94	
O1):-0.793	O2):41.248	
O1):-0.81	O2):44.604	
O1):-0.797	O2):42.984	
O1):-0.813	O2):43.147	
O1):-0.75	O2):39.868	
O1):-0.763	O2):36.769	
O1):-0.853	O2):54.16	
O1):-0.836	O2):45.544	
O1):-0.795	O2):44.566	
O1):-0.801	O2):38.791	
O1):-0.838	O2):53.759	
O1):-0.778	O2):36.98	
O1):-0.784	O2):41.497	
O1):-0.792	O2):38.713	
O1):-0.805	O2):42.189	
O1):-0.845	O2):49.141	
O1):-0.829	O2):47.636	
Evaluations:	1100
O1):-0.83	O2):48.051	
O1):-0.837	O2):53.118	
O1):-0.81	O2):42.745	
O1):-0.78	O2):37.821	
O1):-0.779	O2):37.574	
O1):-0.871	O2):73.489	
O1):-0.807	O2):42.716	
O1):-0.75	O2):39.868	
O1):-0.864	O2):59.577	
O1):-0.781	O2):37.651	
O1):-0.778	O2):40.877	
O1):-0.797	O2):42.099	
O1):-0.863	O2):73.246	
O1):-0.873	O2):74.013	
O1):-0.837	O2):45.832	
O1):-0.829	O2):47.938	
O1):-0.785	O2):37.406	
O1):-0.827	O2):48.123	
O1):-0.853	O2):53.937	
O1):-0.732	O2):36.722	
O1):-0.862	O2):54.115	
O1):-0.799	O2):43.05	
O1):-0.754	O2):37.263	
O1):-0.809	O2):43.161	
O1):-0.853	O2):53.937	
O1):-0.879	O2):68.98	
O1):-0.779	O2):41.489	
O1):-0.854	O2):54.991	
O1):-0.881	O2):68.579	
O1):-0.83	O2):47.861	
O1):-0.786	O2):40.845	
O1):-0.78	O2):40.372	
O1):-0.85	O2):58.446	
O1):-0.768	O2):37.478	
O1):-0.776	O2):40.424	
O1):-0.768	O2):37.479	
O1):-0.778	O2):38.913	
O1):-0.813	O2):43.186	
O1):-0.747	O2):37.731	
O1):-0.847	O2):49.605	
O1):-0.852	O2):54.3	
O1):-0.828	O2):43.772	
O1):-0.851	O2):58.058	
O1):-0.86	O2):53.538	
O1):-0.821	O2):43.063	
O1):-0.879	O2):68.978	
O1):-0.814	O2):47.305	
O1):-0.82	O2):43.851	
O1):-0.789	O2):42.657	
O1):-0.854	O2):50.697	
O1):-0.863	O2):54.283	
O1):-0.808	O2):43.648	
O1):-0.747	O2):37.683	
O1):-0.767	O2):37.098	
O1):-0.845	O2):53.127	
O1):-0.854	O2):58.801	
O1):-0.854	O2):50.702	
O1):-0.832	O2):48.113	
O1):-0.806	O2):42.319	
O1):-0.835	O2):44.256	
O1):-0.872	O2):64.061	
O1):-0.862	O2):62.682	
O1):-0.795	O2):42.505	
O1):-0.837	O2):45.824	
O1):-0.778	O2):41.077	
O1):-0.86	O2):53.538	
O1):-0.853	O2):58.464	
O1):-0.75	O2):37.367	
O1):-0.837	O2):45.827	
O1):-0.772	O2):39.239	
Evaluations:	1100
O1):-0.809	O2):43.222	
O1):-0.829	O2):45.325	
O1):-0.845	O2):52.064	
Starting PrismExecutor worker 2 on port 11472
Starting PrismExecutor worker 2 on port 11412
O1):-0.793	O2):43.315	
O1):-0.769	O2):37.814	
O1):-0.8	O2):49.685	
O1):-0.747	O2):37.683	
Connected worker 2 to port 11472
O1):-0.811	O2):42.923	
Connected worker 2 to port 11412
O1):-0.821	O2):45.958	
O1):-0.793	O2):41.529	
O1):-0.868	O2):67.303	
O1):-0.798	O2):39.567	
O1):-0.786	O2):41.93	
O1):-0.853	O2):54.742	
O1):-0.777	O2):41.193	
O1):-0.845	O2):52.067	
O1):-0.75	O2):39.949	
O1):-0.869	O2):58.741	
O1):-0.844	O2):50.014	
O1):-0.871	O2):63.565	
O1):-0.797	O2):42.047	
O1):-0.821	O2):43.063	
O1):-0.768	O2):37.478	
O1):-0.838	O2):53.759	
O1):-0.854	O2):54.91	
O1):-0.829	O2):56.785	
O1):-0.87	O2):67.782	
O1):-0.746	O2):33.348	
O1):-0.801	O2):42.59	
O1):-0.828	O2):43.694	
O1):-0.819	O2):44.643	
O1):-0.845	O2):49.157	
O1):-0.758	O2):37.524	
O1):-0.805	O2):42.613	
O1):-0.768	O2):37.478	
O1):-0.863	O2):58.966	
O1):-0.801	O2):38.795	
O1):-0.72	O2):35.708	
O1):-0.778	O2):36.99	
O1):-0.768	O2):37.477	
O1):-0.811	O2):48.23	
O1):-0.809	O2):43.355	
O1):-0.812	O2):42.328	
O1):-0.854	O2):50.697	
O1):-0.872	O2):64.061	
O1):-0.851	O2):58.543	
O1):-0.782	O2):41.481	
O1):-0.847	O2):49.6	
O1):-0.75	O2):39.952	
O1):-0.862	O2):54.115	
O1):-0.843	O2):57.631	
O1):-0.872	O2):72.966	
O1):-0.851	O2):53.911	
O1):-0.747	O2):37.683	
O1):-0.809	O2):43.222	
O1):-0.863	O2):58.966	
O1):-0.845	O2):49.298	
O1):-0.846	O2):49.467	
O1):-0.797	O2):42.984	
O1):-0.832	O2):48.113	
O1):-0.788	O2):42.259	
O1):-0.807	O2):42.716	
O1):-0.778	O2):36.987	
O1):-0.779	O2):37.574	
O1):-0.861	O2):54.936	
O1):-0.768	O2):37.478	
O1):-0.812	O2):43.162	
O1):-0.759	O2):38.022	
O1):-0.758	O2):36.078	
O1):-0.83	O2):45.652	
O1):-0.818	O2):49.911	
O1):-0.793	O2):38.131	
O1):-0.846	O2):48.391	
O1):-0.83	O2):48.052	
O1):-0.819	O2):42.632	
O1):-0.845	O2):49.154	
O1):-0.779	O2):37.574	
O1):-0.768	O2):37.478	
O1):-0.715	O2):34.944	
O1):-0.845	O2):53.127	
O1):-0.862	O2):54.115	
O1):-0.778	O2):36.987	
O1):-0.861	O2):58.049	
O1):-0.82	O2):43.888	
O1):-0.829	O2):45.325	
O1):-0.83	O2):47.863	
O1):-0.872	O2):72.966	
O1):-0.805	O2):42.613	
O1):-0.826	O2):43.896	
O1):-0.795	O2):44.099	
O1):-0.861	O2):54.744	
O1):-0.793	O2):38.131	
O1):-0.747	O2):37.683	
O1):-0.854	O2):50.697	
O1):-0.803	O2):48.894	
O1):-0.801	O2):38.795	
O1):-0.793	O2):38.131	
O1):-0.826	O2):45.047	
O1):-0.77	O2):37.755	
O1):-0.72	O2):35.705	
O1):-0.779	O2):42.609	
O1):-0.846	O2):49.574	
O1):-0.803	O2):42.96	
O1):-0.796	O2):41.697	
O1):-0.871	O2):63.564	
O1):-0.807	O2):42.564	
O1):-0.853	O2):58.464	
O1):-0.796	O2):41.737	
O1):-0.778	O2):37.079	
O1):-0.75	O2):39.949	
O1):-0.864	O2):59.31	
O1):-0.853	O2):58.464	
O1):-0.845	O2):50.325	
O1):-0.861	O2):54.744	
O1):-0.863	O2):58.966	
O1):-0.861	O2):54.744	
O1):-0.854	O2):54.915	
O1):-0.83	O2):47.863	
O1):-0.779	O2):41.487	
O1):-0.804	O2):41.45	
O1):-0.793	O2):38.131	
O1):-0.796	O2):42.825	
O1):-0.767	O2):37.084	
O1):-0.794	O2):42.142	
O1):-0.853	O2):58.464	
O1):-0.83	O2):45.479	
O1):-0.809	O2):43.355	
O1):-0.853	O2):63.171	
O1):-0.749	O2):37.326	
O1):-0.83	O2):48.051	
O1):-0.8	O2):38.735	
O1):-0.843	O2):48.741	
O1):-0.829	O2):45.324	
O1):-0.768	O2):37.478	
O1):-0.837	O2):49.521	
O1):-0.794	O2):44.134	
O1):-0.758	O2):37.573	
O1):-0.747	O2):37.683	
O1):-0.872	O2):72.966	
O1):-0.836	O2):47.378	
O1):-0.799	O2):39.884	
O1):-0.837	O2):45.72	
O1):-0.728	O2):35.549	
O1):-0.787	O2):41.206	
O1):-0.787	O2):43.68	
O1):-0.768	O2):37.478	
O1):-0.87	O2):67.782	
O1):-0.847	O2):56.775	
O1):-0.784	O2):41.541	
O1):-0.8	O2):38.74	
O1):-0.806	O2):42.319	
O1):-0.747	O2):37.683	
O1):-0.72	O2):35.708	
O1):-0.881	O2):68.579	
O1):-0.859	O2):63.149	
O1):-0.833	O2):47.785	
O1):-0.797	O2):41.983	
O1):-0.796	O2):41.726	
O1):-0.793	O2):38.131	
O1):-0.821	O2):54.526	
O1):-0.819	O2):46.596	
O1):-0.864	O2):59.271	
O1):-0.786	O2):41.012	
O1):-0.854	O2):58.801	
O1):-0.833	O2):47.783	
O1):-0.801	O2):43.598	
O1):-0.843	O2):49.927	
O1):-0.769	O2):37.388	
O1):-0.854	O2):50.697	
O1):-0.812	O2):43.185	
O1):-0.837	O2):45.87	
O1):-0.784	O2):41.541	
O1):-0.854	O2):50.697	
O1):-0.75	O2):36.517	
O1):-0.879	O2):68.98	
O1):-0.83	O2):47.863	
O1):-0.821	O2):43.063	
O1):-0.82	O2):46.532	
O1):-0.768	O2):37.478	
O1):-0.863	O2):59.123	
O1):-0.78	O2):40.337	
O1):-0.747	O2):37.683	
O1):-0.809	O2):42.731	
O1):-0.85	O2):58.446	
O1):-0.795	O2):44.451	
O1):-0.768	O2):37.478	
O1):-0.83	O2):47.861	
O1):-0.815	O2):47.066	
O1):-0.829	O2):45.325	
O1):-0.801	O2):38.79	
O1):-0.806	O2):42.319	
O1):-0.871	O2):63.564	
O1):-0.821	O2):43.914	
O1):-0.747	O2):37.683	
O1):-0.82	O2):43.851	
O1):-0.83	O2):47.858	
O1):-0.778	O2):41.321	
O1):-0.851	O2):52.708	
O1):-0.728	O2):35.55	
O1):-0.829	O2):45.325	
O1):-0.844	O2):49.864	
O1):-0.845	O2):49.298	
O1):-0.793	O2):38.131	
O1):-0.785	O2):37.401	
O1):-0.817	O2):48.098	
O1):-0.779	O2):41.487	
O1):-0.803	O2):43.132	
O1):-0.831	O2):52.226	
O1):-0.83	O2):48.052	
O1):-0.803	O2):45.507	
O1):-0.844	O2):49.905	
O1):-0.779	O2):37.574	
O1):-0.847	O2):49.599	
O1):-0.79	O2):38.368	
O1):-0.843	O2):48.696	
O1):-0.78	O2):37.711	
O1):-0.797	O2):42.109	
O1):-0.81	O2):42.745	
O1):-0.827	O2):47.119	
O1):-0.787	O2):41.206	
O1):-0.794	O2):41.623	
O1):-0.833	O2):47.784	
O1):-0.855	O2):57.979	
O1):-0.862	O2):54.115	
O1):-0.813	O2):43.144	
O1):-0.82	O2):46.571	
O1):-0.829	O2):47.636	
O1):-0.758	O2):36.078	
O1):-0.845	O2):53.127	
O1):-0.828	O2):43.772	
O1):-0.747	O2):37.683	
O1):-0.871	O2):63.566	
O1):-0.871	O2):68.834	
O1):-0.83	O2):47.866	
O1):-0.8	O2):38.74	
O1):-0.768	O2):37.478	
O1):-0.75	O2):39.868	
O1):-0.808	O2):43.674	
O1):-0.758	O2):37.518	
O1):-0.828	O2):50.459	
O1):-0.871	O2):73.875	
O1):-0.747	O2):37.683	
O1):-0.847	O2):49.599	
O1):-0.755	O2):36.811	
O1):-0.836	O2):48.537	
O1):-0.813	O2):45.608	
O1):-0.805	O2):42.613	
Evaluations:	1100
Starting PrismExecutor worker 1 on port 11401
O1):-0.747	O2):37.683	
O1):-0.828	O2):48.26	
O1):-0.82	O2):43.851	
O1):-0.833	O2):47.783	
Connected worker 1 to port 11401
O1):-0.846	O2):49.3	
O1):-0.854	O2):58.663	
O1):-0.747	O2):37.683	
O1):-0.785	O2):37.401	
O1):-0.768	O2):37.478	
O1):-0.854	O2):50.697	
O1):-0.862	O2):53.961	
O1):-0.854	O2):54.703	
O1):-0.836	O2):47.244	
O1):-0.778	O2):40.128	
O1):-0.845	O2):48.12	
O1):-0.812	O2):43.018	
O1):-0.821	O2):45.133	
O1):-0.837	O2):45.718	
O1):-0.806	O2):42.319	
O1):-0.768	O2):37.478	
O1):-0.747	O2):37.683	
O1):-0.881	O2):73.615	
O1):-0.768	O2):37.478	
O1):-0.831	O2):52.226	
O1):-0.801	O2):38.79	
O1):-0.864	O2):59.576	
O1):-0.871	O2):73.874	
O1):-0.779	O2):41.487	
O1):-0.864	O2):59.578	
O1):-0.871	O2):73.487	
O1):-0.785	O2):37.401	
O1):-0.796	O2):42.825	
O1):-0.837	O2):45.724	
O1):-0.829	O2):43.847	
O1):-0.814	O2):43.273	
O1):-0.863	O2):54.431	
O1):-0.754	O2):36.67	
O1):-0.863	O2):59.899	
O1):-0.726	O2):35.234	
O1):-0.821	O2):47.383	
Starting PrismExecutor worker 2 on port 11442
O1):-0.8	O2):38.735	
O1):-0.834	O2):48.997	
O1):-0.828	O2):43.768	
O1):-0.808	O2):47.474	
Connected worker 2 to port 11442
O1):-0.836	O2):48.216	
O1):-0.863	O2):54.288	
O1):-0.862	O2):59.422	
O1):-0.829	O2):47.636	
O1):-0.796	O2):44.6	
O1):-0.82	O2):46.571	
O1):-0.833	O2):47.784	
O1):-0.777	O2):41.193	
O1):-0.853	O2):53.937	
O1):-0.797	O2):42.101	
O1):-0.833	O2):47.783	
O1):-0.786	O2):40.838	
O1):-0.853	O2):54.158	
O1):-0.805	O2):42.524	
O1):-0.769	O2):37.814	
O1):-0.758	O2):37.518	
O1):-0.804	O2):42.496	
O1):-0.863	O2):54.431	
O1):-0.845	O2):50.32	
O1):-0.801	O2):48.608	
O1):-0.765	O2):38.544	
O1):-0.8	O2):38.735	
O1):-0.747	O2):37.683	
O1):-0.777	O2):37.056	
O1):-0.786	O2):41.018	
O1):-0.816	O2):42.755	
O1):-0.872	O2):64.061	
O1):-0.768	O2):37.478	
O1):-0.836	O2):45.551	
O1):-0.825	O2):44.454	
O1):-0.793	O2):42.144	
O1):-0.771	O2):38.75	
O1):-0.851	O2):58.058	
O1):-0.714	O2):34.935	
O1):-0.785	O2):41.589	
O1):-0.854	O2):50.697	
O1):-0.826	O2):43.896	
O1):-0.842	O2):57.201	
O1):-0.829	O2):45.325	
O1):-0.871	O2):69.061	
O1):-0.78	O2):40.335	
O1):-0.803	O2):42.953	
O1):-0.807	O2):42.563	
O1):-0.835	O2):48.048	
O1):-0.801	O2):39.602	
O1):-0.862	O2):54.115	
O1):-0.836	O2):45.547	
O1):-0.75	O2):35.988	
O1):-0.726	O2):36.707	
O1):-0.792	O2):41.023	
O1):-0.74	O2):36.683	
O1):-0.83	O2):47.861	
O1):-0.833	O2):44.856	
O1):-0.834	O2):56.522	
O1):-0.778	O2):36.987	
O1):-0.863	O2):54.301	
O1):-0.855	O2):59.29	
O1):-0.839	O2):56.347	
O1):-0.821	O2):43.039	
O1):-0.801	O2):42.59	
O1):-0.78	O2):40.337	
O1):-0.862	O2):59.422	
O1):-0.851	O2):53.911	
O1):-0.772	O2):40.573	
O1):-0.778	O2):37.551	
O1):-0.797	O2):41.868	
O1):-0.769	O2):37.389	
O1):-0.757	O2):35.73	
O1):-0.834	O2):52.086	
O1):-0.844	O2):57.89	
O1):-0.771	O2):36.346	
O1):-0.769	O2):37.388	
O1):-0.846	O2):49.3	
O1):-0.846	O2):55.155	
O1):-0.846	O2):48.387	
O1):-0.846	O2):48.391	
O1):-0.829	O2):47.756	
O1):-0.757	O2):35.73	
O1):-0.798	O2):39.567	
O1):-0.778	O2):37.551	
O1):-0.862	O2):59.422	
O1):-0.814	O2):51.156	
O1):-0.75	O2):39.868	
O1):-0.714	O2):34.935	
O1):-0.804	O2):58.514	
O1):-0.777	O2):39.499	
O1):-0.821	O2):43.063	
O1):-0.801	O2):38.79	
O1):-0.863	O2):59.899	
O1):-0.818	O2):47.239	
O1):-0.833	O2):52.369	
O1):-0.783	O2):42.503	
O1):-0.759	O2):36.079	
O1):-0.818	O2):48.777	
O1):-0.833	O2):47.783	
O1):-0.826	O2):43.896	
O1):-0.83	O2):45.652	
O1):-0.749	O2):36.85	
Evaluations:	1100
O1):-0.846	O2):49.456	
O1):-0.872	O2):72.96	
O1):-0.805	O2):46.361	
O1):-0.797	O2):42.984	
O1):-0.768	O2):37.478	
O1):-0.795	O2):43.04	
O1):-0.819	O2):46.596	
O1):-0.749	O2):37.107	
O1):-0.812	O2):43.018	
O1):-0.812	O2):46.235	
O1):-0.796	O2):41.697	
Evaluations:	1200
Starting PrismExecutor worker 5 on port 11425
Connected worker 5 to port 11425
O1):-0.785	O2):37.401	
O1):-0.747	O2):37.683	
O1):-0.74	O2):36.683	
O1):-0.854	O2):50.697	
O1):-0.846	O2):54.369	
O1):-0.79	O2):38.368	
O1):-0.8	O2):38.74	
O1):-0.778	O2):36.991	
O1):-0.769	O2):37.388	
O1):-0.777	O2):37.056	
O1):-0.863	O2):58.577	
O1):-0.756	O2):37.476	
O1):-0.842	O2):48.561	
O1):-0.871	O2):73.874	
O1):-0.844	O2):49.273	
O1):-0.853	O2):63.073	
O1):-0.851	O2):58.058	
O1):-0.746	O2):33.357	
O1):-0.871	O2):64.052	
O1):-0.74	O2):36.683	
O1):-0.745	O2):35.351	
O1):-0.825	O2):44.454	
O1):-0.855	O2):57.982	
O1):-0.863	O2):58.966	
O1):-0.821	O2):43.044	
O1):-0.801	O2):43.602	
O1):-0.837	O2):52.34	
O1):-0.759	O2):35.956	
O1):-0.848	O2):62.405	
O1):-0.859	O2):54.165	
O1):-0.854	O2):55.087	
O1):-0.786	O2):41.012	
O1):-0.847	O2):54.301	
O1):-0.795	O2):42.505	
O1):-0.819	O2):44.643	
O1):-0.786	O2):41.018	
O1):-0.769	O2):37.817	
O1):-0.747	O2):37.683	
O1):-0.871	O2):63.564	
O1):-0.821	O2):46.035	
O1):-0.794	O2):43.2	
O1):-0.804	O2):41.45	
O1):-0.749	O2):37.326	
O1):-0.837	O2):45.665	
O1):-0.863	O2):54.431	
O1):-0.821	O2):43.769	
O1):-0.837	O2):49.525	
O1):-0.872	O2):74.103	
O1):-0.79	O2):42.833	
O1):-0.837	O2):45.665	
O1):-0.845	O2):53.127	
O1):-0.847	O2):56.773	
O1):-0.795	O2):38.409	
O1):-0.807	O2):42.716	
O1):-0.845	O2):52.067	
O1):-0.869	O2):58.741	
O1):-0.779	O2):41.487	
O1):-0.868	O2):67.293	
O1):-0.777	O2):41.193	
O1):-0.863	O2):54.288	
O1):-0.768	O2):37.478	
O1):-0.807	O2):42.716	
O1):-0.862	O2):54.115	
O1):-0.801	O2):43.602	
O1):-0.829	O2):45.325	
O1):-0.861	O2):54.744	
O1):-0.844	O2):49.848	
O1):-0.829	O2):45.325	
O1):-0.836	O2):53.745	
O1):-0.78	O2):40.337	
O1):-0.855	O2):57.982	
O1):-0.801	O2):38.791	
O1):-0.728	O2):35.55	
O1):-0.809	O2):43.215	
O1):-0.864	O2):59.265	
O1):-0.801	O2):38.79	
O1):-0.843	O2):48.694	
O1):-0.851	O2):53.911	
O1):-0.78	O2):40.337	
O1):-0.762	O2):36.669	
O1):-0.813	O2):47.548	
O1):-0.796	O2):41.914	
Starting PrismExecutor worker 3 on port 11453
O1):-0.871	O2):63.564	
O1):-0.801	O2):41.68	
O1):-0.854	O2):63.224	
Connected worker 3 to port 11453
O1):-0.759	O2):38.023	
O1):-0.862	O2):54.218	
O1):-0.805	O2):42.255	
O1):-0.871	O2):63.564	
O1):-0.75	O2):37.368	
O1):-0.836	O2):48.344	
O1):-0.832	O2):48.109	
O1):-0.829	O2):45.325	
O1):-0.82	O2):48.431	
O1):-0.778	O2):41.321	
O1):-0.793	O2):38.131	
O1):-0.828	O2):44.711	
O1):-0.851	O2):53.813	
O1):-0.767	O2):37.084	
O1):-0.837	O2):45.718	
O1):-0.785	O2):43.203	
O1):-0.863	O2):59.637	
O1):-0.818	O2):48.326	
O1):-0.871	O2):64.06	
O1):-0.791	O2):39.112	
O1):-0.778	O2):36.987	
O1):-0.83	O2):48.103	
O1):-0.836	O2):49.67	
O1):-0.807	O2):46.617	
O1):-0.747	O2):37.683	
O1):-0.83	O2):48.18	
O1):-0.767	O2):37.084	
O1):-0.8	O2):38.74	
O1):-0.786	O2):41.012	
O1):-0.828	O2):43.562	
O1):-0.8	O2):38.74	
O1):-0.785	O2):42.152	
O1):-0.768	O2):37.478	
O1):-0.844	O2):49.265	
O1):-0.861	O2):54.059	
O1):-0.778	O2):40.135	
O1):-0.739	O2):36.009	
Evaluations:	1100
O1):-0.853	O2):53.937	
O1):-0.838	O2):51.96	
O1):-0.852	O2):50.171	
O1):-0.847	O2):56.774	
O1):-0.81	O2):42.745	
O1):-0.777	O2):41.193	
O1):-0.75	O2):39.95	
O1):-0.82	O2):57.233	
O1):-0.778	O2):41.321	
O1):-0.747	O2):37.683	
O1):-0.871	O2):64.109	
O1):-0.861	O2):54.744	
O1):-0.827	O2):43.97	
O1):-0.853	O2):58.706	
O1):-0.808	O2):43.844	
O1):-0.863	O2):58.712	
O1):-0.847	O2):56.751	
O1):-0.803	O2):42.899	
O1):-0.846	O2):48.392	
O1):-0.807	O2):42.716	
O1):-0.767	O2):37.495	
O1):-0.785	O2):41.768	
O1):-0.869	O2):59.7	
O1):-0.829	O2):47.633	
O1):-0.862	O2):53.928	
O1):-0.846	O2):52.63	
O1):-0.854	O2):58.563	
O1):-0.778	O2):36.99	
O1):-0.734	O2):36.469	
O1):-0.769	O2):37.484	
O1):-0.831	O2):50.67	
Evaluations:	1200
O1):-0.847	O2):56.751	
O1):-0.793	O2):38.131	
O1):-0.803	O2):42.042	
O1):-0.768	O2):37.478	
O1):-0.809	O2):43.22	
O1):-0.818	O2):50.169	
O1):-0.864	O2):59.265	
O1):-0.801	O2):43.602	
O1):-0.84	O2):48.81	
O1):-0.862	O2):54.115	
O1):-0.813	O2):43.589	
O1):-0.795	O2):38.409	
O1):-0.812	O2):42.855	
O1):-0.768	O2):37.478	
O1):-0.851	O2):58.058	
O1):-0.845	O2):56.271	
O1):-0.862	O2):54.115	
O1):-0.845	O2):52.067	
O1):-0.862	O2):54.115	
O1):-0.812	O2):43.018	
O1):-0.762	O2):36.542	
O1):-0.853	O2):58.464	
O1):-0.828	O2):44.188	
O1):-0.804	O2):54.326	
O1):-0.825	O2):44.67	
O1):-0.767	O2):37.093	
O1):-0.758	O2):35.731	
Starting PrismExecutor worker 3 on port 11493
O1):-0.771	O2):36.346	
O1):-0.851	O2):52.573	
O1):-0.82	O2):44.766	
Connected worker 3 to port 11493
O1):-0.825	O2):44.67	
O1):-0.74	O2):36.683	
O1):-0.838	O2):51.957	
O1):-0.797	O2):41.867	
O1):-0.859	O2):63.156	
O1):-0.793	O2):38.131	
O1):-0.729	O2):36.415	
O1):-0.804	O2):45.93	
O1):-0.871	O2):59.583	
O1):-0.729	O2):36.415	
O1):-0.795	O2):44.132	
O1):-0.807	O2):42.716	
O1):-0.821	O2):43.769	
O1):-0.845	O2):53.127	
O1):-0.793	O2):38.131	
O1):-0.878	O2):64.227	
O1):-0.871	O2):67.925	
O1):-0.786	O2):41.012	
O1):-0.847	O2):56.751	
O1):-0.862	O2):59.782	
O1):-0.872	O2):63.695	
O1):-0.799	O2):41.981	
O1):-0.765	O2):38.542	
O1):-0.817	O2):47.251	
O1):-0.781	O2):47.131	
O1):-0.87	O2):67.782	
O1):-0.801	O2):44.213	
O1):-0.806	O2):42.319	
O1):-0.846	O2):49.468	
O1):-0.853	O2):53.942	
O1):-0.802	O2):39.166	
O1):-0.756	O2):37.476	
O1):-0.881	O2):68.579	
O1):-0.846	O2):49.573	
O1):-0.817	O2):47.251	
O1):-0.817	O2):47.251	
O1):-0.812	O2):43.018	
O1):-0.872	O2):64.166	
O1):-0.813	O2):42.806	
O1):-0.751	O2):37.461	
Evaluations:	1100
O1):-0.75	O2):39.867	
O1):-0.855	O2):58.115	
O1):-0.784	O2):38.792	
O1):-0.833	O2):47.783	
O1):-0.793	O2):38.131	
O1):-0.797	O2):42.059	
O1):-0.797	O2):42.099	
O1):-0.801	O2):42.589	
O1):-0.837	O2):54.284	
O1):-0.742	O2):35.933	
O1):-0.785	O2):40.954	
O1):-0.704	O2):31.963	
O1):-0.812	O2):42.328	
O1):-0.771	O2):36.346	
O1):-0.826	O2):43.897	
O1):-0.855	O2):58.523	
O1):-0.845	O2):52.067	
O1):-0.74	O2):36.683	
O1):-0.817	O2):46.397	
O1):-0.834	O2):48.997	
O1):-0.814	O2):47.832	
O1):-0.813	O2):42.627	
O1):-0.746	O2):33.348	
O1):-0.843	O2):48.638	
O1):-0.796	O2):41.726	
O1):-0.872	O2):64.061	
O1):-0.871	O2):59.584	
O1):-0.833	O2):48.587	
O1):-0.759	O2):38.019	
O1):-0.75	O2):37.368	
O1):-0.841	O2):48.945	
O1):-0.806	O2):42.322	
O1):-0.759	O2):38.023	
O1):-0.724	O2):36.283	
O1):-0.855	O2):57.979	
O1):-0.749	O2):37.107	
O1):-0.845	O2):49.162	
O1):-0.862	O2):54.115	
O1):-0.801	O2):46.005	
O1):-0.829	O2):45.324	
O1):-0.762	O2):36.674	
O1):-0.862	O2):53.931	
O1):-0.846	O2):49.468	
O1):-0.793	O2):38.131	
O1):-0.806	O2):42.702	
O1):-0.8	O2):38.735	
Evaluations:	1200
O1):-0.813	O2):44.275	
O1):-0.868	O2):67.303	
O1):-0.871	O2):63.565	
O1):-0.804	O2):42.496	
O1):-0.844	O2):49.911	
O1):-0.734	O2):36.469	
O1):-0.749	O2):36.329	
O1):-0.786	O2):41.012	
O1):-0.785	O2):37.401	
O1):-0.783	O2):39.603	
O1):-0.749	O2):37.326	
O1):-0.812	O2):43.018	
O1):-0.8	O2):41.674	
O1):-0.837	O2):49.57	
O1):-0.871	O2):67.925	
O1):-0.795	O2):38.409	
O1):-0.833	O2):52.094	
O1):-0.871	O2):67.925	
O1):-0.819	O2):43.674	
O1):-0.854	O2):59.01	
O1):-0.828	O2):50.459	
O1):-0.829	O2):43.788	
O1):-0.795	O2):44.286	
O1):-0.862	O2):54.115	
O1):-0.862	O2):54.244	
O1):-0.86	O2):53.548	
O1):-0.777	O2):40.311	
O1):-0.738	O2):36.25	
O1):-0.845	O2):49.327	
O1):-0.851	O2):58.058	
O1):-0.844	O2):49.018	
O1):-0.797	O2):41.827	
O1):-0.806	O2):42.319	
O1):-0.742	O2):35.843	
O1):-0.798	O2):39.567	
O1):-0.779	O2):48.548	
O1):-0.813	O2):42.659	
O1):-0.881	O2):68.579	
O1):-0.784	O2):38.792	
O1):-0.845	O2):50.367	
O1):-0.747	O2):37.683	
O1):-0.828	O2):45.477	
O1):-0.796	O2):41.695	
O1):-0.821	O2):46.074	
O1):-0.869	O2):58.741	
O1):-0.749	O2):37.326	
O1):-0.837	O2):49.385	
O1):-0.793	O2):38.131	
O1):-0.846	O2):54.301	
O1):-0.813	O2):42.806	
O1):-0.762	O2):36.674	
O1):-0.835	O2):56.655	
O1):-0.807	O2):42.716	
O1):-0.872	O2):68.253	
O1):-0.812	O2):43.931	
O1):-0.728	O2):35.55	
O1):-0.806	O2):42.319	
O1):-0.8	O2):38.735	
O1):-0.871	O2):64.06	
O1):-0.862	O2):58.416	
O1):-0.811	O2):43.669	
O1):-0.8	O2):38.74	
O1):-0.757	O2):35.73	
O1):-0.793	O2):38.131	
O1):-0.837	O2):45.827	
O1):-0.829	O2):43.797	
O1):-0.863	O2):54.301	
O1):-0.736	O2):37.185	
O1):-0.796	O2):41.696	
O1):-0.802	O2):39.166	
O1):-0.86	O2):53.548	
O1):-0.872	O2):68.253	
O1):-0.747	O2):37.683	
O1):-0.779	O2):37.482	
O1):-0.8	O2):38.74	
O1):-0.851	O2):53.817	
O1):-0.787	O2):41.238	
O1):-0.822	O2):44.702	
O1):-0.837	O2):52.753	
O1):-0.748	O2):37.719	
O1):-0.807	O2):42.716	
O1):-0.826	O2):48.356	
O1):-0.812	O2):43.018	
O1):-0.829	O2):43.848	
O1):-0.855	O2):57.979	
O1):-0.853	O2):53.937	
O1):-0.778	O2):36.987	
Evaluations:	1000
Starting PrismExecutor worker 3 on port 11443
O1):-0.853	O2):54.158	
Connected worker 3 to port 11443
O1):-0.747	O2):37.683	
O1):-0.836	O2):52.974	
O1):-0.864	O2):59.264	
O1):-0.757	O2):40.941	
O1):-0.851	O2):53.815	
O1):-0.864	O2):59.264	
O1):-0.859	O2):63.149	
O1):-0.747	O2):37.683	
Starting PrismExecutor worker 0 on port 11450
O1):-0.821	O2):43.047	
O1):-0.828	O2):43.694	
O1):-0.842	O2):48.561	
Connected worker 0 to port 11450
O1):-0.851	O2):58.058	
O1):-0.747	O2):37.683	
O1):-0.805	O2):42.55	
O1):-0.75	O2):37.368	
O1):-0.871	O2):63.564	
O1):-0.802	O2):45.553	
O1):-0.807	O2):42.716	
O1):-0.778	O2):41.321	
O1):-0.777	O2):41.195	
O1):-0.801	O2):42.758	
O1):-0.871	O2):63.564	
O1):-0.805	O2):43.742	
O1):-0.715	O2):34.944	
O1):-0.819	O2):43.672	
O1):-0.84	O2):48.81	
O1):-0.847	O2):49.599	
O1):-0.79	O2):38.368	
O1):-0.881	O2):68.579	
O1):-0.764	O2):40.529	
O1):-0.78	O2):40.369	
O1):-0.854	O2):59.371	
O1):-0.829	O2):47.636	
O1):-0.833	O2):48.423	
O1):-0.747	O2):37.683	
O1):-0.828	O2):48.041	
O1):-0.828	O2):48.014	
O1):-0.868	O2):59.273	
O1):-0.772	O2):42.665	
O1):-0.8	O2):38.74	
O1):-0.79	O2):38.368	
O1):-0.847	O2):49.609	
O1):-0.792	O2):42.202	
O1):-0.806	O2):46.552	
O1):-0.788	O2):47.651	
O1):-0.869	O2):58.741	
O1):-0.853	O2):53.937	
O1):-0.833	O2):51.936	
O1):-0.802	O2):39.166	
O1):-0.846	O2):49.491	
O1):-0.82	O2):46.531	
O1):-0.855	O2):58.523	
O1):-0.75	O2):37.367	
O1):-0.821	O2):43.063	
O1):-0.768	O2):37.478	
O1):-0.806	O2):43.386	
O1):-0.872	O2):63.906	
O1):-0.859	O2):63.244	
O1):-0.806	O2):42.319	
O1):-0.807	O2):42.719	
O1):-0.81	O2):42.745	
O1):-0.749	O2):37.326	
O1):-0.796	O2):43.787	
O1):-0.745	O2):35.366	
O1):-0.859	O2):63.244	
O1):-0.845	O2):48.12	
O1):-0.813	O2):42.627	
O1):-0.799	O2):39.665	
O1):-0.859	O2):54.165	
O1):-0.846	O2):49.574	
O1):-0.854	O2):54.703	
O1):-0.779	O2):37.482	
O1):-0.872	O2):77.711	
O1):-0.86	O2):53.548	
O1):-0.862	O2):54.115	
O1):-0.846	O2):49.892	
O1):-0.872	O2):63.693	
O1):-0.747	O2):37.683	
O1):-0.747	O2):37.683	
O1):-0.786	O2):41.019	
O1):-0.78	O2):36.405	
O1):-0.747	O2):37.683	
O1):-0.786	O2):41.867	
O1):-0.842	O2):49.026	
O1):-0.837	O2):48.61	
O1):-0.847	O2):49.605	O1):-0.847	
O2):49.605	
O1):-0.793	O2):38.131	
O1):-0.784	O2):38.792	
O1):-0.836	O2):55.65	
O1):-0.871	O2):63.564	
O1):-0.805	O2):42.526	
O1):-0.778	O2):36.988	
O1):-0.833	O2):47.783	
O1):-0.751	O2):37.461	
O1):-0.812	O2):46.219	
O1):-0.74	O2):36.683	
O1):-0.801	O2):46.055	
O1):-0.778	O2):40.134	
O1):-0.861	O2):61.635	
O1):-0.749	O2):37.109	
O1):-0.797	O2):42.167	
O1):-0.777	O2):41.193	
O1):-0.847	O2):49.616	
O1):-0.819	O2):43.677	
O1):-0.814	O2):43.274	
O1):-0.825	O2):44.67	
O1):-0.846	O2):49.5	
Starting PrismExecutor worker 0 on port 11440
O1):-0.862	O2):54.115	
O1):-0.819	O2):46.596	
O1):-0.797	O2):42.059	
Connected worker 0 to port 11440
O1):-0.759	O2):35.968	
O1):-0.871	O2):69.063	
O1):-0.834	O2):56.522	
O1):-0.863	O2):58.966	
O1):-0.847	O2):49.599	
O1):-0.845	O2):49.326	
O1):-0.846	O2):49.491	
O1):-0.809	O2):44.83	
O1):-0.794	O2):41.528	
O1):-0.847	O2):58.727	
O1):-0.844	O2):49.273	
O1):-0.801	O2):43.603	
O1):-0.83	O2):45.652	
O1):-0.799	O2):39.824	
O1):-0.861	O2):54.744	
Evaluations:	1200
O1):-0.846	O2):49.295	
O1):-0.838	O2):47.519	
O1):-0.715	O2):35.237	
O1):-0.837	O2):49.525	
O1):-0.845	O2):48.12	
O1):-0.785	O2):38.073	
O1):-0.747	O2):37.683	
Evaluations:	1200
O1):-0.8	O2):38.74	
O1):-0.845	O2):48.391	
O1):-0.784	O2):40.8	
O1):-0.786	O2):41.113	
O1):-0.837	O2):45.665	
O1):-0.82	O2):42.77	
O1):-0.851	O2):58.058	
O1):-0.78	O2):40.038	
O1):-0.75	O2):39.952	
O1):-0.844	O2):49.03	
O1):-0.863	O2):54.291	
O1):-0.845	O2):49.314	
O1):-0.854	O2):50.697	
O1):-0.757	O2):35.73	
O1):-0.749	O2):37.326	
O1):-0.862	O2):54.115	
O1):-0.819	O2):43.677	
O1):-0.846	O2):49.466	
O1):-0.797	O2):42.103	
O1):-0.863	O2):54.416	
O1):-0.767	O2):37.078	
O1):-0.864	O2):59.264	
O1):-0.846	O2):52.84	
O1):-0.797	O2):41.99	
O1):-0.767	O2):37.078	
O1):-0.873	O2):74.013	
O1):-0.827	O2):47.119	
O1):-0.833	O2):47.783	
O1):-0.805	O2):42.496	
O1):-0.777	O2):41.193	
O1):-0.749	O2):36.328	
O1):-0.808	O2):43.648	
O1):-0.757	O2):37.619	
O1):-0.846	O2):48.393	
O1):-0.81	O2):42.745	
O1):-0.855	O2):58.915	
O1):-0.778	O2):36.987	
O1):-0.853	O2):53.059	
O1):-0.827	O2):47.119	
O1):-0.846	O2):49.468	
O1):-0.862	O2):54.115	
O1):-0.794	O2):41.528	
O1):-0.843	O2):48.71	
O1):-0.808	O2):43.648	
O1):-0.83	O2):48.051	
O1):-0.81	O2):42.745	
O1):-0.833	O2):47.781	
O1):-0.846	O2):49.472	
O1):-0.786	O2):40.945	
O1):-0.86	O2):53.778	
O1):-0.736	O2):37.185	
O1):-0.828	O2):44.191	
O1):-0.74	O2):36.685	
O1):-0.854	O2):59.201	
O1):-0.838	O2):44.733	
O1):-0.747	O2):37.683	
O1):-0.746	O2):33.348	
O1):-0.822	O2):43.099	
O1):-0.837	O2):52.34	
O1):-0.72	O2):35.705	
O1):-0.779	O2):36.465	
O1):-0.786	O2):40.845	
O1):-0.851	O2):53.911	
O1):-0.814	O2):43.77	
Starting PrismExecutor worker 2 on port 11402
Connected worker 2 to port 11402
O1):-0.777	O2):36.096	
O1):-0.813	O2):42.806	
O1):-0.797	O2):49.423	
O1):-0.836	O2):49.432	
O1):-0.862	O2):53.931	
O1):-0.818	O2):50.176	
O1):-0.846	O2):56.654	
O1):-0.801	O2):41.68	
O1):-0.868	O2):63.231	
O1):-0.859	O2):63.148	
O1):-0.823	O2):44.227	
O1):-0.863	O2):54.301	
O1):-0.807	O2):42.732	
O1):-0.862	O2):54.115	
O1):-0.812	O2):43.923	
O1):-0.83	O2):45.664	
O1):-0.805	O2):42.192	
O1):-0.796	O2):44.596	
O1):-0.846	O2):49.476	
O1):-0.813	O2):43.144	
O1):-0.807	O2):42.716	
O1):-0.836	O2):45.718	
O1):-0.773	O2):42.812	
O1):-0.81	O2):42.745	
O1):-0.81	O2):42.745	
O1):-0.836	O2):47.261	
O1):-0.837	O2):45.665	
O1):-0.749	O2):37.326	
O1):-0.851	O2):58.058	
O1):-0.818	O2):47.532	
O1):-0.835	O2):48.048	
O1):-0.801	O2):38.795	
O1):-0.793	O2):38.139	
O1):-0.818	O2):43.778	
O1):-0.881	O2):73.615	
O1):-0.847	O2):56.751	
O1):-0.819	O2):43.691	
O1):-0.828	O2):45.031	
O1):-0.873	O2):74.013	
O1):-0.863	O2):54.288	
O1):-0.846	O2):49.574	
O1):-0.837	O2):53.374	
O1):-0.841	O2):48.413	
O1):-0.845	O2):53.127	
O1):-0.803	O2):42.042	
O1):-0.842	O2):48.574	
O1):-0.812	O2):43.163	
O1):-0.797	O2):42.059	
O1):-0.854	O2):58.801	
O1):-0.851	O2):53.911	
O1):-0.821	O2):43.979	
O1):-0.78	O2):37.821	
O1):-0.837	O2):45.665	
O1):-0.807	O2):42.716	
O1):-0.785	O2):41.777	
O1):-0.797	O2):39.533	
O1):-0.786	O2):41.012	
O1):-0.844	O2):49.273	
O1):-0.782	O2):38.455	
O1):-0.793	O2):38.131	
O1):-0.8	O2):38.735	
O1):-0.827	O2):47.119	
O1):-0.836	O2):48.216	
O1):-0.74	O2):36.683	
O1):-0.87	O2):59.228	
O1):-0.742	O2):36.673	
O1):-0.793	O2):38.131	
O1):-0.728	O2):35.549	
O1):-0.803	O2):48.769	
O1):-0.853	O2):58.463	
O1):-0.878	O2):64.227	
O1):-0.862	O2):54.115	
O1):-0.757	O2):40.005	
O1):-0.747	O2):37.683	
O1):-0.845	O2):50.32	
O1):-0.802	O2):48.769	
O1):-0.838	O2):51.96	
O1):-0.704	O2):31.963	
O1):-0.873	O2):74.013	
O1):-0.82	O2):44.798	
O1):-0.821	O2):46.035	
O1):-0.81	O2):42.745	
O1):-0.846	O2):49.456	
O1):-0.799	O2):39.884	
O1):-0.846	O2):48.394	
O1):-0.863	O2):54.416	
O1):-0.785	O2):37.401	
O1):-0.871	O2):68.112	
O1):-0.726	O2):35.234	
O1):-0.861	O2):58.334	
O1):-0.734	O2):36.469	
O1):-0.749	O2):37.325	
O1):-0.749	O2):37.325	
O1):-0.853	O2):58.463	
O1):-0.74	O2):36.685	
O1):-0.79	O2):38.368	
O1):-0.827	O2):43.966	
Starting PrismExecutor worker 5 on port 11485
Connected worker 5 to port 11485
O1):-0.78	O2):40.333	
O1):-0.785	O2):41.779	
O1):-0.747	O2):37.732	
O1):-0.807	O2):42.716	
O1):-0.854	O2):50.697	
O1):-0.837	O2):51.786	
O1):-0.845	O2):49.326	
O1):-0.838	O2):51.492	
O1):-0.799	O2):39.824	
O1):-0.862	O2):55.123	
O1):-0.799	O2):42.564	
O1):-0.72	O2):35.705	
O1):-0.871	O2):69.061	
O1):-0.778	O2):36.987	
O1):-0.794	O2):42.147	
O1):-0.75	O2):35.988	
O1):-0.853	O2):63.075	
O1):-0.749	O2):37.325	
O1):-0.863	O2):54.288	
O1):-0.8	O2):38.735	
O1):-0.829	O2):43.847	
O1):-0.771	O2):36.346	
O1):-0.819	O2):44.644	
O1):-0.862	O2):59.417	
O1):-0.767	O2):37.084	
O1):-0.785	O2):37.401	
O1):-0.846	O2):48.391	
O1):-0.838	O2):47.526	
O1):-0.845	O2):49.157	
O1):-0.788	O2):43.987	
O1):-0.747	O2):37.683	
O1):-0.807	O2):42.716	
O1):-0.728	O2):36.098	
O1):-0.781	O2):37.651	
O1):-0.871	O2):63.564	
O1):-0.75	O2):39.867	
O1):-0.766	O2):37.122	
O1):-0.83	O2):45.664	
O1):-0.825	O2):54.548	
O1):-0.872	O2):68.254	
O1):-0.813	O2):42.627	
O1):-0.844	O2):48.835	
O1):-0.853	O2):53.058	
O1):-0.806	O2):42.733	
O1):-0.829	O2):47.938	
O1):-0.8	O2):38.74	
O1):-0.777	O2):41.195	
O1):-0.873	O2):74.015	
O1):-0.817	O2):43.915	
O1):-0.801	O2):39.066	
O1):-0.723	O2):33.103	
O1):-0.862	O2):58.416	
O1):-0.767	O2):37.084	
O1):-0.862	O2):53.974	
O1):-0.756	O2):37.304	
O1):-0.821	O2):46.036	
O1):-0.829	O2):44.088	
O1):-0.809	O2):43.355	
O1):-0.83	O2):53.863	
O1):-0.833	O2):52.094	
O1):-0.837	O2):45.718	
O1):-0.821	O2):43.063	
O1):-0.846	O2):49.299	
O1):-0.768	O2):37.478	
O1):-0.786	O2):40.838	
O1):-0.809	O2):43.355	
O1):-0.81	O2):42.745	
O1):-0.847	O2):49.599	
O1):-0.769	O2):37.388	
O1):-0.778	O2):37.479	
O1):-0.746	O2):33.347	
O1):-0.72	O2):35.708	
O1):-0.793	O2):38.131	
O1):-0.853	O2):53.937	
O1):-0.8	O2):38.74	
O1):-0.844	O2):49.021	
O1):-0.756	O2):37.476	
O1):-0.836	O2):47.252	
O1):-0.821	O2):47.456	
O1):-0.843	O2):48.97	
O1):-0.747	O2):37.683	
O1):-0.828	O2):45.017	
O1):-0.822	O2):47.911	
O1):-0.807	O2):42.716	
O1):-0.822	O2):47.174	
O1):-0.74	O2):36.684	
O1):-0.806	O2):44.518	
O1):-0.8	O2):38.74	
O1):-0.853	O2):64.303	
O1):-0.872	O2):64.167	
O1):-0.826	O2):57.292	
O1):-0.851	O2):52.708	
O1):-0.828	O2):44.358	
O1):-0.83	O2):45.651	
O1):-0.845	O2):56.165	
O1):-0.811	O2):42.923	
O1):-0.781	O2):37.651	
O1):-0.787	O2):41.206	
O1):-0.811	O2):43.586	
O1):-0.854	O2):50.697	
Starting PrismExecutor worker 4 on port 11414
O1):-0.862	O2):53.981	
O1):-0.786	O2):41.012	
Connected worker 4 to port 11414
O1):-0.772	O2):39.239	
O1):-0.745	O2):35.366	
O1):-0.863	O2):63.707	
O1):-0.769	O2):37.814	
O1):-0.821	O2):43.063	
O1):-0.757	O2):40.015	
O1):-0.788	O2):43.436	
O1):-0.777	O2):41.195	
O1):-0.786	O2):41.012	
O1):-0.749	O2):37.327	
O1):-0.818	O2):47.56	
O1):-0.808	O2):45.361	
O1):-0.758	O2):36.078	
O1):-0.797	O2):41.868	
O1):-0.806	O2):42.318	
O1):-0.862	O2):53.961	
O1):-0.827	O2):43.97	
O1):-0.747	O2):37.683	
O1):-0.805	O2):42.172	
O1):-0.801	O2):45.248	
O1):-0.835	O2):48.048	
O1):-0.826	O2):45.047	
O1):-0.726	O2):35.234	
O1):-0.853	O2):53.937	
Evaluations:	1200
O1):-0.798	O2):42.077	
O1):-0.817	O2):47.252	
O1):-0.845	O2):52.064	
O1):-0.854	O2):50.697	
O1):-0.841	O2):65.242	
O1):-0.845	O2):53.127	
O1):-0.795	O2):38.409	
O1):-0.781	O2):37.651	
O1):-0.801	O2):43.604	
O1):-0.854	O2):50.697	
O1):-0.862	O2):54.122	
O1):-0.878	O2):64.229	
O1):-0.845	O2):49.249	
O1):-0.8	O2):38.74	
O1):-0.855	O2):58.524	
O1):-0.863	O2):54.288	
O1):-0.773	O2):44.559	
O1):-0.862	O2):55.047	
O1):-0.734	O2):36.469	
O1):-0.74	O2):32.79	
O1):-0.855	O2):58.918	
O1):-0.78	O2):37.71	
O1):-0.749	O2):37.326	
O1):-0.747	O2):37.683	
O1):-0.749	O2):37.107	
O1):-0.844	O2):49.025	
O1):-0.756	O2):37.476	
O1):-0.863	O2):59.902	
O1):-0.855	O2):57.979	
O1):-0.808	O2):46.408	
O1):-0.803	O2):43.071	
O1):-0.817	O2):43.316	
O1):-0.854	O2):50.698	
O1):-0.74	O2):36.683	
O1):-0.777	O2):37.056	
O1):-0.854	O2):59.376	
O1):-0.853	O2):53.937	
O1):-0.845	O2):54.205	
O1):-0.829	O2):47.633	
O1):-0.834	O2):48.063	
O1):-0.817	O2):43.932	
O1):-0.862	O2):54.115	
O1):-0.812	O2):43.111	
O1):-0.828	O2):44.969	
O1):-0.799	O2):39.884	
O1):-0.812	O2):43.473	
O1):-0.871	O2):63.564	
O1):-0.837	O2):49.776	
O1):-0.828	O2):47.521	
O1):-0.846	O2):54.455	
O1):-0.861	O2):54.978	
O1):-0.789	O2):44.128	
O1):-0.863	O2):54.235	
O1):-0.862	O2):54.175	
O1):-0.748	O2):35.895	
O1):-0.802	O2):43.055	
O1):-0.817	O2):43.915	
O1):-0.846	O2):49.491	
O1):-0.747	O2):37.683	
O1):-0.813	O2):42.806	
O1):-0.805	O2):42.172	
Starting PrismExecutor worker 5 on port 11415
O1):-0.769	O2):37.515	
O1):-0.847	O2):49.616	
O1):-0.851	O2):58.058	
O1):-0.806	O2):42.319	
O1):-0.846	O2):49.298	
Connected worker 5 to port 11415
O1):-0.86	O2):53.538	
O1):-0.797	O2):39.348	
O1):-0.807	O2):42.716	
O1):-0.837	O2):45.87	
O1):-0.747	O2):37.683	
O1):-0.77	O2):37.755	
O1):-0.815	O2):43.613	
O1):-0.837	O2):45.718	
O1):-0.795	O2):38.409	
O1):-0.813	O2):42.806	
O1):-0.837	O2):56.106	
O1):-0.872	O2):63.908	
O1):-0.747	O2):37.683	
O1):-0.845	O2):54.009	
O1):-0.78	O2):37.818	
O1):-0.777	O2):40.719	
O1):-0.837	O2):45.664	
O1):-0.757	O2):40.941	
O1):-0.746	O2):37.546	
O1):-0.87	O2):67.782	
O1):-0.855	O2):57.979	
O1):-0.833	O2):52.378	
O1):-0.786	O2):45.614	
O1):-0.776	O2):40.067	
O1):-0.785	O2):37.401	
O1):-0.793	O2):41.229	
O1):-0.833	O2):52.094	
Evaluations:	1300
O1):-0.817	O2):47.279	
O1):-0.821	O2):43.063	
O1):-0.786	O2):40.947	
O1):-0.758	O2):37.573	
O1):-0.86	O2):53.778	
O1):-0.871	O2):68.834	
O1):-0.801	O2):48.866	
O1):-0.813	O2):42.794	
O1):-0.806	O2):42.319	
O1):-0.768	O2):37.477	
O1):-0.827	O2):47.119	
O1):-0.82	O2):44.797	
O1):-0.864	O2):59.264	
O1):-0.747	O2):37.683	
O1):-0.835	O2):45.369	
O1):-0.818	O2):43.647	
O1):-0.854	O2):54.703	
O1):-0.853	O2):53.937	
O1):-0.759	O2):38.023	
O1):-0.871	O2):64.052	
O1):-0.777	O2):41.193	
O1):-0.704	O2):31.963	
O1):-0.854	O2):55.127	
O1):-0.807	O2):42.564	
O1):-0.864	O2):63.316	
O1):-0.81	O2):42.745	
O1):-0.828	O2):47.76	
O1):-0.871	O2):67.925	
O1):-0.778	O2):37.446	
O1):-0.864	O2):59.265	
O1):-0.81	O2):42.745	
O1):-0.785	O2):37.401	
O1):-0.804	O2):41.677	
O1):-0.74	O2):36.683	
O1):-0.75	O2):37.367	
O1):-0.714	O2):34.935	
O1):-0.871	O2):63.564	
O1):-0.746	O2):37.546	
O1):-0.873	O2):74.013	
O1):-0.807	O2):42.716	
O1):-0.77	O2):42.286	
O1):-0.864	O2):59.264	
O1):-0.853	O2):53.06	
O1):-0.826	O2):43.896	
O1):-0.821	O2):46.035	
O1):-0.758	O2):36.078	
O1):-0.813	O2):42.627	
O1):-0.767	O2):37.084	
O1):-0.78	O2):37.71	
O1):-0.864	O2):59.264	
O1):-0.757	O2):40.013	
O1):-0.851	O2):52.573	
O1):-0.864	O2):59.265	
Starting PrismExecutor worker 5 on port 11405
O1):-0.816	O2):42.755	
O1):-0.748	O2):33.571	
O1):-0.847	O2):49.599	
O1):-0.756	O2):37.503	
Connected worker 5 to port 11405
O1):-0.871	O2):64.052	
O1):-0.738	O2):36.244	
O1):-0.79	O2):38.368	
O1):-0.872	O2):63.693	
O1):-0.812	O2):43.018	
O1):-0.799	O2):42.144	
O1):-0.853	O2):53.937	
O1):-0.793	O2):38.131	
O1):-0.827	O2):47.057	
O1):-0.78	O2):54.128	
O1):-0.872	O2):72.96	
O1):-0.74	O2):36.683	
O1):-0.863	O2):58.728	
O1):-0.747	O2):37.683	
O1):-0.793	O2):38.131	
O1):-0.804	O2):42.13	
O1):-0.833	O2):47.783	
O1):-0.806	O2):42.319	
O1):-0.833	O2):48.617	
O1):-0.863	O2):58.576	
O1):-0.777	O2):41.193	
O1):-0.863	O2):54.288	
O1):-0.768	O2):37.478	
O1):-0.805	O2):42.189	
O1):-0.754	O2):36.67	
O1):-0.843	O2):48.711	
O1):-0.772	O2):39.238	
O1):-0.757	O2):37.515	
O1):-0.806	O2):42.63	
O1):-0.834	O2):47.919	
O1):-0.846	O2):53.475	
O1):-0.804	O2):41.798	
O1):-0.821	O2):46.035	
O1):-0.844	O2):49.204	
O1):-0.872	O2):72.959	
O1):-0.767	O2):37.084	
O1):-0.804	O2):42.13	
O1):-0.804	O2):41.676	
O1):-0.78	O2):37.71	
O1):-0.801	O2):38.791	
O1):-0.807	O2):42.588	
O1):-0.83	O2):45.433	
O1):-0.813	O2):42.627	
O1):-0.844	O2):49.023	
O1):-0.821	O2):43.063	
O1):-0.793	O2):38.131	
O1):-0.747	O2):37.683	
O1):-0.796	O2):44.407	
O1):-0.75	O2):39.868	
O1):-0.788	O2):53.469	
O1):-0.767	O2):37.084	
O1):-0.8	O2):38.735	
O1):-0.806	O2):40.391	
O1):-0.797	O2):42.103	
O1):-0.741	O2):36.699	
O1):-0.827	O2):44.78	
O1):-0.79	O2):38.368	
O1):-0.79	O2):38.368	
O1):-0.837	O2):45.827	
O1):-0.825	O2):44.454	
O1):-0.862	O2):53.931	
O1):-0.747	O2):37.683	
O1):-0.796	O2):49.274	
O1):-0.871	O2):72.598	
O1):-0.793	O2):38.131	
O1):-0.842	O2):49.037	
O1):-0.842	O2):48.526	
O1):-0.75	O2):39.95	
O1):-0.796	O2):43.007	
O1):-0.813	O2):42.806	
O1):-0.747	O2):37.683	
O1):-0.8	O2):38.735	
O1):-0.869	O2):58.741	
O1):-0.742	O2):39.24	
O1):-0.775	O2):39.934	
O1):-0.799	O2):39.793	
O1):-0.812	O2):43.018	
O1):-0.796	O2):41.695	
O1):-0.814	O2):43.273	
O1):-0.845	O2):48.391	
O1):-0.793	O2):38.131	
O1):-0.749	O2):37.107	
O1):-0.853	O2):54.158	
O1):-0.845	O2):49.342	
O1):-0.814	O2):47.832	
O1):-0.829	O2):47.684	
Starting PrismExecutor worker 4 on port 11404
O1):-0.832	O2):48.108	
Connected worker 4 to port 11404
O1):-0.847	O2):49.609	
O1):-0.801	O2):38.79	
O1):-0.838	O2):51.492	
O1):-0.83	O2):44.052	
O1):-0.797	O2):42.056	
O1):-0.834	O2):47.919	
O1):-0.8	O2):38.74	
O1):-0.844	O2):49.027	
O1):-0.747	O2):37.683	
O1):-0.836	O2):49.458	
O1):-0.786	O2):41.012	
O1):-0.824	O2):49.152	
Evaluations:	1200
O1):-0.878	O2):64.227	
O1):-0.846	O2):49.296	
O1):-0.871	O2):64.052	
O1):-0.854	O2):50.697	
O1):-0.784	O2):40.558	
O1):-0.845	O2):49.141	
O1):-0.841	O2):65.242	
O1):-0.778	O2):36.987	
O1):-0.881	O2):68.578	
O1):-0.798	O2):42.203	
O1):-0.726	O2):35.234	
O1):-0.785	O2):41.773	
O1):-0.829	O2):45.352	
O1):-0.843	O2):48.973	
O1):-0.833	O2):47.783	
O1):-0.778	O2):36.98	
O1):-0.862	O2):54.121	
O1):-0.862	O2):53.978	
O1):-0.801	O2):38.79	
O1):-0.804	O2):42.132	
O1):-0.869	O2):58.749	
O1):-0.828	O2):44.358	
O1):-0.833	O2):47.783	
O1):-0.742	O2):39.241	
O1):-0.806	O2):47.065	
O1):-0.793	O2):38.131	
O1):-0.854	O2):50.697	
O1):-0.78	O2):37.71	
O1):-0.845	O2):49.188	
O1):-0.812	O2):42.849	
O1):-0.859	O2):53.377	
O1):-0.847	O2):49.597	
O1):-0.79	O2):38.368	
O1):-0.765	O2):42.607	
O1):-0.828	O2):49.058	
O1):-0.738	O2):36.244	
O1):-0.751	O2):37.461	
O1):-0.803	O2):42.042	
O1):-0.843	O2):48.694	
O1):-0.845	O2):49.155	
O1):-0.855	O2):53.545	
O1):-0.796	O2):41.721	
O1):-0.776	O2):40.424	
O1):-0.853	O2):53.937	
O1):-0.855	O2):57.982	
O1):-0.842	O2):49.026	
O1):-0.823	O2):44.227	
O1):-0.862	O2):54.115	
O1):-0.847	O2):49.609	
O1):-0.855	O2):70.077	
O1):-0.801	O2):38.795	
O1):-0.86	O2):53.548	
O1):-0.862	O2):54.115	
O1):-0.72	O2):35.705	
O1):-0.855	O2):57.979	
O1):-0.827	O2):43.97	
O1):-0.78	O2):40.035	
O1):-0.845	O2):53.162	
O1):-0.772	O2):39.241	
O1):-0.785	O2):41.588	
O1):-0.8	O2):41.905	
O1):-0.847	O2):49.616	
O1):-0.827	O2):60.167	
O1):-0.797	O2):41.988	
O1):-0.81	O2):42.745	
O1):-0.784	O2):38.791	
O1):-0.796	O2):41.737	
O1):-0.842	O2):48.561	
O1):-0.821	O2):43.056	
O1):-0.732	O2):36.722	
O1):-0.851	O2):52.711	
O1):-0.793	O2):38.131	
O1):-0.837	O2):45.665	
O1):-0.87	O2):67.782	
Starting PrismExecutor worker 4 on port 11454
O1):-0.822	O2):43.099	
O1):-0.813	O2):42.627	
O1):-0.835	O2):45.369	
Connected worker 4 to port 11454
O1):-0.786	O2):41.012	
O1):-0.778	O2):41.321	
O1):-0.847	O2):49.599	
O1):-0.785	O2):37.401	
O1):-0.747	O2):37.683	
O1):-0.846	O2):49.456	
O1):-0.872	O2):64.061	
O1):-0.734	O2):36.469	
O1):-0.862	O2):58.416	
O1):-0.799	O2):42.931	
O1):-0.845	O2):48.391	
O1):-0.726	O2):35.234	
O1):-0.854	O2):50.697	
O1):-0.854	O2):50.697	
O1):-0.872	O2):63.695	
O1):-0.779	O2):41.489	
O1):-0.851	O2):53.911	
O1):-0.805	O2):42.177	
O1):-0.869	O2):58.741	
O1):-0.872	O2):64.056	
O1):-0.757	O2):35.73	
O1):-0.86	O2):53.538	
O1):-0.749	O2):37.326	
O1):-0.796	O2):41.695	
O1):-0.849	O2):53.034	
O1):-0.836	O2):44.448	
O1):-0.806	O2):42.702	
O1):-0.847	O2):56.751	
O1):-0.818	O2):43.371	
O1):-0.863	O2):54.292	
O1):-0.807	O2):42.716	
O1):-0.821	O2):43.063	
O1):-0.826	O2):48.356	
O1):-0.747	O2):37.683	
O1):-0.747	O2):37.683	
O1):-0.838	O2):58.506	
O1):-0.781	O2):37.687	
O1):-0.807	O2):42.564	
O1):-0.845	O2):49.52	
O1):-0.806	O2):40.0	
O1):-0.855	O2):57.982	
O1):-0.838	O2):51.96	
O1):-0.755	O2):34.194	
O1):-0.814	O2):43.273	
Evaluations:	1200
O1):-0.867	O2):63.164	
O1):-0.778	O2):40.128	
O1):-0.785	O2):37.406	
Evaluations:	1300
O1):-0.747	O2):37.683	
O1):-0.804	O2):42.17	
O1):-0.76	O2):36.115	
O1):-0.793	O2):38.131	
O1):-0.829	O2):47.681	
O1):-0.72	O2):35.697	
O1):-0.813	O2):42.806	
O1):-0.803	O2):49.001	
O1):-0.749	O2):37.325	
O1):-0.854	O2):50.697	
O1):-0.742	O2):35.843	
O1):-0.784	O2):38.791	
O1):-0.853	O2):53.937	
O1):-0.752	O2):37.76	
O1):-0.854	O2):50.697	
O1):-0.861	O2):54.978	
O1):-0.869	O2):58.741	
O1):-0.801	O2):38.79	
O1):-0.837	O2):45.665	
O1):-0.863	O2):59.899	
O1):-0.871	O2):63.564	
O1):-0.871	O2):64.109	
O1):-0.801	O2):39.602	
O1):-0.819	O2):43.691	
O1):-0.786	O2):41.012	
O1):-0.829	O2):47.516	
O1):-0.854	O2):54.712	
O1):-0.777	O2):40.311	
O1):-0.835	O2):48.045	
O1):-0.861	O2):58.042	
O1):-0.704	O2):31.962	
O1):-0.862	O2):53.932	
O1):-0.86	O2):53.538	
O1):-0.827	O2):43.97	
O1):-0.87	O2):59.228	
O1):-0.833	O2):47.783	
O1):-0.75	O2):35.988	
O1):-0.767	O2):37.084	
O1):-0.868	O2):63.231	
O1):-0.785	O2):45.217	
O1):-0.881	O2):68.579	
O1):-0.814	O2):43.461	
O1):-0.871	O2):63.564	
O1):-0.853	O2):59.008	
Starting PrismExecutor worker 4 on port 11494
O1):-0.778	O2):41.321	
O1):-0.862	O2):53.961	
O1):-0.797	O2):48.187	
O1):-0.852	O2):58.505	
Connected worker 4 to port 11494
O1):-0.808	O2):43.674	
O1):-0.86	O2):53.548	
O1):-0.843	O2):48.71	
O1):-0.825	O2):44.667	
O1):-0.872	O2):68.254	
O1):-0.837	O2):53.358	
O1):-0.863	O2):58.728	
O1):-0.742	O2):35.843	
O1):-0.862	O2):53.931	
O1):-0.803	O2):42.556	
O1):-0.786	O2):40.844	
O1):-0.869	O2):58.741	
O1):-0.795	O2):44.56	
O1):-0.836	O2):49.086	
O1):-0.829	O2):44.088	
O1):-0.747	O2):37.683	
O1):-0.871	O2):67.925	
O1):-0.786	O2):40.628	
O1):-0.786	O2):40.628	
O1):-0.836	O2):45.551	
O1):-0.828	O2):43.755	
O1):-0.845	O2):49.164	
O1):-0.853	O2):53.937	
O1):-0.826	O2):44.445	
O1):-0.881	O2):73.615	
O1):-0.854	O2):53.506	
O1):-0.829	O2):45.573	
O1):-0.778	O2):38.909	
O1):-0.785	O2):37.406	
O1):-0.826	O2):48.356	
O1):-0.859	O2):53.248	
O1):-0.757	O2):35.73	
O1):-0.847	O2):56.751	
O1):-0.747	O2):37.732	
O1):-0.871	O2):63.564	
O1):-0.868	O2):67.151	
O1):-0.854	O2):50.697	
O1):-0.881	O2):68.579	
O1):-0.75	O2):37.367	
O1):-0.766	O2):38.156	
O1):-0.805	O2):42.172	
O1):-0.805	O2):42.172	
O1):-0.801	O2):42.589	
O1):-0.837	O2):48.613	
O1):-0.833	O2):47.783	
O1):-0.845	O2):49.153	
O1):-0.716	O2):36.15	
O1):-0.821	O2):46.035	
O1):-0.773	O2):44.559	
O1):-0.758	O2):37.511	
O1):-0.825	O2):44.454	
O1):-0.871	O2):63.564	
O1):-0.844	O2):51.596	
O1):-0.817	O2):46.526	
O1):-0.862	O2):58.416	
O1):-0.772	O2):40.703	
O1):-0.769	O2):37.388	
O1):-0.838	O2):51.957	
O1):-0.83	O2):48.051	
O1):-0.845	O2):49.52	
O1):-0.829	O2):43.843	
O1):-0.88	O2):65.084	
O1):-0.844	O2):49.205	
O1):-0.75	O2):35.85	
O1):-0.854	O2):50.697	
O1):-0.777	O2):41.195	
O1):-0.843	O2):48.731	
O1):-0.817	O2):46.888	
O1):-0.797	O2):39.438	
O1):-0.787	O2):41.202	
O1):-0.746	O2):33.346	
O1):-0.8	O2):38.735	
O1):-0.827	O2):47.307	
O1):-0.872	O2):64.061	
O1):-0.746	O2):33.357	
O1):-0.714	O2):34.935	
Evaluations:	1200
O1):-0.733	O2):36.009	
O1):-0.797	O2):42.056	
O1):-0.794	O2):43.039	
O1):-0.779	O2):37.482	
O1):-0.828	O2):47.585	
Starting PrismExecutor worker 4 on port 11434
O1):-0.82	O2):42.77	
O1):-0.855	O2):57.982	
O1):-0.863	O2):58.727	
Connected worker 4 to port 11434
O1):-0.854	O2):56.691	
O1):-0.785	O2):37.401	
O1):-0.758	O2):35.731	
O1):-0.809	O2):43.355	
O1):-0.845	O2):49.3	
O1):-0.821	O2):46.847	
O1):-0.801	O2):42.589	
O1):-0.772	O2):39.239	
O1):-0.846	O2):49.573	
O1):-0.776	O2):37.083	
O1):-0.767	O2):37.077	
O1):-0.793	O2):38.131	
O1):-0.862	O2):53.931	
O1):-0.786	O2):40.845	
O1):-0.778	O2):36.987	
O1):-0.778	O2):41.698	
O1):-0.846	O2):49.292	
O1):-0.844	O2):49.018	
O1):-0.799	O2):42.564	
O1):-0.872	O2):63.692	
O1):-0.881	O2):68.579	
O1):-0.812	O2):43.022	
O1):-0.834	O2):56.522	
O1):-0.863	O2):58.989	
O1):-0.837	O2):45.72	
O1):-0.849	O2):53.034	
O1):-0.799	O2):39.792	
O1):-0.809	O2):42.731	
O1):-0.778	O2):38.904	
O1):-0.782	O2):36.666	
O1):-0.871	O2):63.564	
O1):-0.758	O2):35.731	
O1):-0.794	O2):41.359	
O1):-0.838	O2):51.958	
O1):-0.82	O2):42.77	
O1):-0.72	O2):35.705	
O1):-0.767	O2):37.084	
O1):-0.854	O2):53.506	
O1):-0.854	O2):53.506	
O1):-0.8	O2):38.74	
Evaluations:	1300
O1):-0.86	O2):53.538	
O1):-0.801	O2):42.589	
O1):-0.821	O2):43.063	
O1):-0.74	O2):36.683	
O1):-0.79	O2):38.368	
O1):-0.837	O2):45.718	
O1):-0.799	O2):41.053	
O1):-0.805	O2):41.609	
O1):-0.853	O2):53.062	
O1):-0.793	O2):38.131	
O1):-0.768	O2):37.478	
O1):-0.854	O2):63.494	
O1):-0.846	O2):53.475	
O1):-0.878	O2):64.227	
O1):-0.796	O2):41.737	
O1):-0.757	O2):38.955	
O1):-0.831	O2):48.086	
O1):-0.794	O2):42.142	
O1):-0.807	O2):42.974	
O1):-0.74	O2):36.685	
O1):-0.785	O2):37.401	
O1):-0.728	O2):35.549	
O1):-0.795	O2):38.409	
O1):-0.726	O2):35.234	
O1):-0.805	O2):38.889	
O1):-0.796	O2):41.736	
O1):-0.771	O2):44.929	
O1):-0.845	O2):52.423	
O1):-0.812	O2):43.018	
O1):-0.853	O2):53.937	
O1):-0.798	O2):39.567	
O1):-0.854	O2):58.801	
O1):-0.785	O2):37.406	
O1):-0.83	O2):48.875	
O1):-0.808	O2):45.361	
O1):-0.796	O2):44.583	
O1):-0.812	O2):42.328	
O1):-0.797	O2):49.423	
O1):-0.872	O2):63.91	
O1):-0.755	O2):36.81	
O1):-0.807	O2):42.716	
O1):-0.74	O2):36.683	
O1):-0.78	O2):37.818	
O1):-0.75	O2):39.601	
O1):-0.828	O2):44.191	
O1):-0.793	O2):38.197	
O1):-0.821	O2):46.035	
O1):-0.806	O2):42.642	
O1):-0.797	O2):39.348	
O1):-0.808	O2):43.648	
O1):-0.822	O2):53.196	
Starting PrismExecutor worker 2 on port 11422
O1):-0.778	O2):37.473	
O1):-0.72	O2):35.708	
O1):-0.86	O2):53.548	
O1):-0.821	O2):43.063	
Connected worker 2 to port 11422
O1):-0.829	O2):45.324	
O1):-0.86	O2):53.538	
O1):-0.803	O2):43.259	
O1):-0.854	O2):50.697	
O1):-0.838	O2):51.957	
O1):-0.781	O2):37.632	
O1):-0.807	O2):42.716	
O1):-0.795	O2):44.567	
O1):-0.793	O2):38.131	
O1):-0.764	O2):37.868	
O1):-0.794	O2):41.349	
O1):-0.777	O2):41.193	
O1):-0.802	O2):39.15	
O1):-0.864	O2):59.27	
O1):-0.805	O2):43.335	
O1):-0.769	O2):37.388	
O1):-0.868	O2):63.231	
O1):-0.796	O2):41.746	
O1):-0.83	O2):45.652	
O1):-0.849	O2):53.034	
O1):-0.813	O2):42.659	
O1):-0.786	O2):41.018	
O1):-0.871	O2):63.564	
O1):-0.83	O2):48.103	
Evaluations:	1300
Starting PrismExecutor worker 5 on port 11495
O1):-0.803	O2):49.0	
O1):-0.764	O2):37.868	
O1):-0.785	O2):37.406	
O1):-0.829	O2):45.303	
O1):-0.872	O2):64.061	
O1):-0.851	O2):58.058	
Connected worker 5 to port 11495
O1):-0.804	O2):42.496	
O1):-0.796	O2):44.588	
O1):-0.796	O2):41.695	
O1):-0.793	O2):42.143	
O1):-0.8	O2):38.74	
O1):-0.804	O2):41.943	
O1):-0.811	O2):43.668	
O1):-0.819	O2):42.632	
O1):-0.783	O2):38.085	
O1):-0.793	O2):43.315	
O1):-0.871	O2):63.564	
O1):-0.868	O2):63.231	
O1):-0.81	O2):42.745	
O1):-0.846	O2):49.292	
O1):-0.769	O2):37.388	
O1):-0.807	O2):42.716	
O1):-0.845	O2):48.393	
O1):-0.804	O2):41.933	
O1):-0.823	O2):44.201	
O1):-0.853	O2):53.937	
O1):-0.773	O2):44.262	
Evaluations:	1300
O1):-0.836	O2):57.306	
O1):-0.845	O2):52.426	
O1):-0.86	O2):53.538	
O1):-0.803	O2):39.217	
O1):-0.821	O2):46.035	
O1):-0.828	O2):43.623	
O1):-0.778	O2):40.134	
O1):-0.828	O2):43.694	
O1):-0.82	O2):42.77	
O1):-0.864	O2):59.264	
O1):-0.78	O2):37.821	
O1):-0.767	O2):37.094	
O1):-0.801	O2):38.79	
O1):-0.805	O2):46.299	
O1):-0.878	O2):64.229	
O1):-0.813	O2):43.529	
O1):-0.845	O2):49.164	
O1):-0.74	O2):36.685	
O1):-0.862	O2):55.047	
O1):-0.812	O2):43.023	
O1):-0.777	O2):41.193	
O1):-0.862	O2):55.047	
O1):-0.778	O2):37.479	
O1):-0.853	O2):53.937	
O1):-0.793	O2):38.131	
O1):-0.807	O2):42.716	
O1):-0.793	O2):38.131	
O1):-0.822	O2):43.099	
O1):-0.847	O2):56.751	
O1):-0.829	O2):43.848	
O1):-0.8	O2):44.929	
O1):-0.777	O2):41.193	
O1):-0.796	O2):48.746	
O1):-0.75	O2):35.988	
O1):-0.855	O2):59.284	
O1):-0.794	O2):41.349	
O1):-0.785	O2):37.406	
O1):-0.777	O2):41.195	
O1):-0.869	O2):58.741	
O1):-0.828	O2):44.188	
O1):-0.871	O2):63.564	
O1):-0.793	O2):38.129	
O1):-0.844	O2):51.588	
O1):-0.78	O2):36.4	
O1):-0.805	O2):42.172	
O1):-0.87	O2):59.228	
O1):-0.835	O2):45.369	
O1):-0.863	O2):58.727	
O1):-0.807	O2):42.974	
O1):-0.86	O2):53.548	
O1):-0.762	O2):41.434	
O1):-0.864	O2):59.264	
O1):-0.835	O2):45.369	
O1):-0.872	O2):64.061	
O1):-0.847	O2):49.616	
O1):-0.794	O2):41.623	
O1):-0.855	O2):59.29	
O1):-0.799	O2):42.564	
O1):-0.799	O2):42.564	
O1):-0.777	O2):41.193	
O1):-0.812	O2):43.018	
O1):-0.799	O2):42.564	
O1):-0.799	O2):42.564	
O1):-0.844	O2):49.026	
O1):-0.798	O2):41.051	
O1):-0.786	O2):41.012	
O1):-0.808	O2):43.648	
O1):-0.821	O2):46.035	
O1):-0.778	O2):36.98	
O1):-0.812	O2):43.018	
O1):-0.79	O2):38.368	
O1):-0.845	O2):49.268	
O1):-0.763	O2):36.769	
O1):-0.812	O2):42.328	
O1):-0.828	O2):53.238	
O1):-0.851	O2):53.813	
O1):-0.801	O2):38.791	
O1):-0.793	O2):38.131	
O1):-0.818	O2):43.772	
O1):-0.772	O2):42.665	
O1):-0.812	O2):42.328	
O1):-0.846	O2):49.612	
O1):-0.769	O2):37.388	
O1):-0.872	O2):68.254	
O1):-0.811	O2):43.669	
O1):-0.809	O2):45.448	
O1):-0.853	O2):58.463	
O1):-0.853	O2):63.074	
O1):-0.778	O2):40.128	
O1):-0.853	O2):54.646	
O1):-0.878	O2):64.227	
O1):-0.871	O2):63.564	
O1):-0.785	O2):38.317	
O1):-0.795	O2):38.409	
O1):-0.811	O2):43.669	
O1):-0.811	O2):42.262	
O1):-0.845	O2):52.067	
O1):-0.871	O2):64.052	
O1):-0.807	O2):42.716	
O1):-0.757	O2):37.19	
O1):-0.853	O2):53.15	
O1):-0.873	O2):74.013	
O1):-0.821	O2):46.036	
O1):-0.769	O2):37.388	
O1):-0.742	O2):35.933	
O1):-0.761	O2):36.116	
O1):-0.86	O2):53.538	
O1):-0.833	O2):47.781	
O1):-0.835	O2):45.369	
O1):-0.851	O2):58.058	
O1):-0.8	O2):38.74	
O1):-0.75	O2):37.367	
O1):-0.829	O2):43.843	
O1):-0.847	O2):49.616	
O1):-0.74	O2):36.683	
O1):-0.823	O2):48.351	
O1):-0.777	O2):41.193	
O1):-0.757	O2):38.955	
Starting PrismExecutor worker 5 on port 11455
O1):-0.738	O2):36.25	
O1):-0.826	O2):44.445	
Connected worker 5 to port 11455
O1):-0.881	O2):68.579	
O1):-0.822	O2):43.099	
O1):-0.787	O2):42.594	
O1):-0.841	O2):65.242	
O1):-0.799	O2):42.564	
O1):-0.735	O2):35.47	
O1):-0.74	O2):36.683	
O1):-0.878	O2):64.227	
O1):-0.871	O2):67.925	
O1):-0.854	O2):58.874	
O1):-0.785	O2):37.401	
O1):-0.862	O2):62.68	
O1):-0.837	O2):45.718	
Evaluations:	1100
O1):-0.802	O2):39.166	
O1):-0.759	O2):35.965	
O1):-0.793	O2):38.131	
O1):-0.846	O2):49.292	
O1):-0.798	O2):39.567	
O1):-0.75	O2):37.367	
O1):-0.74	O2):36.683	
O1):-0.769	O2):37.388	
O1):-0.78	O2):36.405	
O1):-0.83	O2):44.649	
O1):-0.754	O2):36.653	
O1):-0.769	O2):37.523	
O1):-0.793	O2):38.131	
O1):-0.801	O2):38.791	
O1):-0.807	O2):42.716	
O1):-0.807	O2):42.716	
O1):-0.825	O2):44.454	
O1):-0.846	O2):49.456	
O1):-0.863	O2):58.966	
O1):-0.809	O2):42.867	
O1):-0.854	O2):53.506	
O1):-0.803	O2):42.899	
O1):-0.863	O2):59.123	
O1):-0.825	O2):51.347	
O1):-0.764	O2):37.868	
O1):-0.863	O2):58.727	
O1):-0.853	O2):53.937	
O1):-0.819	O2):43.674	
O1):-0.812	O2):43.078	
O1):-0.812	O2):43.018	
O1):-0.861	O2):54.978	
O1):-0.801	O2):39.606	
O1):-0.785	O2):37.401	
O1):-0.807	O2):42.716	
O1):-0.863	O2):58.966	
O1):-0.868	O2):63.231	
O1):-0.776	O2):40.427	
O1):-0.863	O2):59.005	
O1):-0.82	O2):46.57	
O1):-0.84	O2):48.81	
O1):-0.758	O2):36.078	
O1):-0.749	O2):36.85	
O1):-0.81	O2):42.745	
O1):-0.821	O2):46.035	
O1):-0.813	O2):42.794	
O1):-0.801	O2):38.79	
O1):-0.74	O2):36.683	
O1):-0.81	O2):42.745	
O1):-0.771	O2):36.352	
O1):-0.786	O2):41.012	
O1):-0.87	O2):67.782	
O1):-0.872	O2):68.253	
O1):-0.827	O2):44.78	
O1):-0.845	O2):54.205	
O1):-0.807	O2):42.716	
O1):-0.855	O2):57.979	
O1):-0.804	O2):41.943	
O1):-0.807	O2):42.716	
O1):-0.846	O2):49.573	
O1):-0.843	O2):49.175	
O1):-0.843	O2):48.638	
O1):-0.863	O2):54.42	
O1):-0.788	O2):38.107	
O1):-0.819	O2):43.691	
O1):-0.838	O2):53.283	
O1):-0.785	O2):38.025	
O1):-0.845	O2):53.124	
O1):-0.793	O2):38.129	
O1):-0.819	O2):43.691	
O1):-0.854	O2):50.697	
O1):-0.819	O2):42.632	
Starting PrismExecutor worker 5 on port 11475
O1):-0.807	O2):42.716	
Starting PrismExecutor worker 1 on port 11441
O1):-0.86	O2):53.538	
O1):-0.814	O2):43.643	
O1):-0.867	O2):63.164	
O1):-0.811	O2):42.923	
Connected worker 5 to port 11475
Connected worker 1 to port 11441
O1):-0.854	O2):50.697	
O1):-0.72	O2):35.705	
O1):-0.821	O2):42.812	
O1):-0.862	O2):54.218	
Evaluations:	1400
O1):-0.785	O2):37.406	
O1):-0.827	O2):48.876	
O1):-0.781	O2):37.632	
O1):-0.785	O2):41.588	
O1):-0.785	O2):37.401	
O1):-0.854	O2):50.697	
O1):-0.835	O2):45.369	
O1):-0.861	O2):58.049	
O1):-0.793	O2):38.131	
O1):-0.847	O2):49.605	
O1):-0.777	O2):41.193	
O1):-0.771	O2):36.352	
O1):-0.781	O2):37.651	
O1):-0.881	O2):68.579	
O1):-0.804	O2):58.514	
O1):-0.872	O2):68.254	
O1):-0.78	O2):37.834	
O1):-0.742	O2):35.933	
O1):-0.802	O2):39.166	
O1):-0.757	O2):35.723	
O1):-0.791	O2):40.668	
O1):-0.812	O2):43.018	
O1):-0.872	O2):64.047	
O1):-0.854	O2):50.697	
O1):-0.793	O2):38.131	
O1):-0.853	O2):53.937	
O1):-0.733	O2):36.015	
O1):-0.802	O2):42.904	
O1):-0.826	O2):43.478	
O1):-0.807	O2):42.563	
O1):-0.755	O2):36.811	
O1):-0.845	O2):49.52	
O1):-0.8	O2):43.129	
O1):-0.837	O2):49.521	
O1):-0.786	O2):41.012	
O1):-0.81	O2):42.745	
O1):-0.829	O2):44.053	
O1):-0.772	O2):40.574	
O1):-0.836	O2):47.261	
O1):-0.768	O2):37.477	
O1):-0.851	O2):52.572	
O1):-0.854	O2):58.801	
O1):-0.77	O2):37.755	
O1):-0.81	O2):42.745	
O1):-0.807	O2):42.716	
O1):-0.881	O2):68.579	
O1):-0.863	O2):59.637	
O1):-0.845	O2):49.52	
O1):-0.863	O2):54.292	
O1):-0.854	O2):54.703	
O1):-0.732	O2):36.722	
O1):-0.809	O2):42.867	
O1):-0.847	O2):49.605	
O1):-0.863	O2):59.107	
O1):-0.79	O2):38.368	
O1):-0.872	O2):64.059	
O1):-0.785	O2):38.073	
O1):-0.854	O2):50.697	
O1):-0.82	O2):43.897	
O1):-0.851	O2):52.573	
O1):-0.863	O2):58.966	
O1):-0.808	O2):45.36	
O1):-0.749	O2):36.858	
O1):-0.769	O2):37.525	
O1):-0.79	O2):43.182	
O1):-0.77	O2):37.755	
O1):-0.86	O2):53.538	
O1):-0.814	O2):51.21	
O1):-0.786	O2):40.838	
O1):-0.796	O2):41.727	
O1):-0.78	O2):36.405	
O1):-0.871	O2):63.564	
O1):-0.74	O2):36.683	
O1):-0.854	O2):50.697	
O1):-0.798	O2):41.047	
O1):-0.778	O2):40.654	
O1):-0.834	O2):49.227	
O1):-0.807	O2):42.716	
O1):-0.863	O2):58.966	
O1):-0.803	O2):42.899	
O1):-0.871	O2):63.564	
O1):-0.843	O2):48.638	
O1):-0.757	O2):40.008	
O1):-0.796	O2):41.721	
O1):-0.871	O2):63.564	
O1):-0.8	O2):38.735	
O1):-0.793	O2):38.131	
O1):-0.801	O2):41.68	
O1):-0.863	O2):58.966	
O1):-0.785	O2):37.401	
O1):-0.846	O2):49.573	
O1):-0.853	O2):53.937	
Evaluations:	1300
O1):-0.862	O2):53.978	
O1):-0.813	O2):43.589	
O1):-0.757	O2):37.19	
O1):-0.786	O2):41.018	
O1):-0.802	O2):42.904	
O1):-0.863	O2):54.437	
O1):-0.826	O2):43.896	
O1):-0.82	O2):42.909	
O1):-0.813	O2):42.806	
O1):-0.837	O2):53.168	
O1):-0.746	O2):33.346	
O1):-0.785	O2):37.401	
O1):-0.758	O2):36.078	
O1):-0.845	O2):49.32	
O1):-0.801	O2):46.052	
O1):-0.793	O2):38.131	
O1):-0.807	O2):42.563	
O1):-0.864	O2):59.264	
O1):-0.726	O2):35.234	
O1):-0.748	O2):33.571	
O1):-0.871	O2):63.564	
O1):-0.801	O2):46.047	
O1):-0.854	O2):50.697	
O1):-0.829	O2):44.088	
O1):-0.778	O2):40.128	
O1):-0.812	O2):43.077	
O1):-0.862	O2):53.981	
O1):-0.805	O2):42.172	
O1):-0.768	O2):37.478	
O1):-0.862	O2):54.1	
O1):-0.838	O2):51.957	
O1):-0.853	O2):53.937	
O1):-0.868	O2):59.273	
O1):-0.868	O2):59.273	
O1):-0.742	O2):39.24	
O1):-0.786	O2):40.833	
O1):-0.838	O2):47.519	
O1):-0.792	O2):38.713	
O1):-0.872	O2):68.947	
O1):-0.814	O2):43.273	
O1):-0.785	O2):37.401	
O1):-0.87	O2):67.782	
O1):-0.846	O2):54.038	
O1):-0.786	O2):41.012	
O1):-0.807	O2):42.716	
O1):-0.849	O2):49.744	
O1):-0.76	O2):36.121	
O1):-0.81	O2):42.745	
O1):-0.785	O2):40.959	
O1):-0.852	O2):50.171	
O1):-0.792	O2):41.029	
O1):-0.821	O2):47.456	
O1):-0.78	O2):36.405	
O1):-0.861	O2):54.808	
O1):-0.812	O2):43.018	
O1):-0.851	O2):53.817	
O1):-0.847	O2):49.599	
O1):-0.793	O2):38.131	
O1):-0.778	O2):40.128	
O1):-0.863	O2):54.42	
O1):-0.838	O2):51.959	
O1):-0.807	O2):42.716	
O1):-0.781	O2):37.632	
O1):-0.868	O2):67.291	
O1):-0.793	O2):41.302	
O1):-0.764	O2):37.875	
Starting PrismExecutor worker 0 on port 11420
O1):-0.855	O2):58.257	
Connected worker 0 to port 11420
O1):-0.836	O2):47.302	
O1):-0.797	O2):42.439	
O1):-0.786	O2):41.012	
O1):-0.759	O2):38.023	
O1):-0.83	O2):43.826	
O1):-0.797	O2):39.348	
O1):-0.807	O2):42.716	
O1):-0.812	O2):43.923	
O1):-0.845	O2):49.162	
O1):-0.767	O2):37.077	
O1):-0.822	O2):47.544	
O1):-0.788	O2):42.263	
O1):-0.816	O2):42.755	
O1):-0.828	O2):44.358	
O1):-0.838	O2):51.96	
O1):-0.81	O2):42.745	
O1):-0.854	O2):50.697	
O1):-0.78	O2):39.096	
O1):-0.872	O2):63.908	
O1):-0.803	O2):43.071	
O1):-0.855	O2):57.976	
O1):-0.81	O2):42.745	
O1):-0.807	O2):42.716	
O1):-0.842	O2):48.526	
O1):-0.871	O2):67.925	
O1):-0.72	O2):35.705	
O1):-0.786	O2):41.012	
O1):-0.833	O2):44.856	
O1):-0.813	O2):42.627	
O1):-0.814	O2):43.278	
O1):-0.851	O2):58.058	
O1):-0.813	O2):42.805	
O1):-0.881	O2):68.578	
O1):-0.797	O2):48.025	
O1):-0.779	O2):37.482	
O1):-0.78	O2):40.366	
O1):-0.863	O2):58.728	
O1):-0.83	O2):43.822	
O1):-0.87	O2):67.782	
O1):-0.799	O2):42.564	
O1):-0.863	O2):54.412	
O1):-0.836	O2):47.266	
O1):-0.767	O2):37.077	
O1):-0.818	O2):47.532	
O1):-0.8	O2):38.735	
O1):-0.846	O2):49.299	
O1):-0.748	O2):36.201	
O1):-0.833	O2):44.856	
O1):-0.805	O2):42.172	
O1):-0.829	O2):43.788	
O1):-0.807	O2):42.563	
O1):-0.807	O2):42.564	
O1):-0.851	O2):58.058	
O1):-0.854	O2):50.697	
O1):-0.811	O2):42.923	
O1):-0.736	O2):35.743	
O1):-0.803	O2):39.217	
O1):-0.801	O2):43.819	
O1):-0.881	O2):68.578	
O1):-0.844	O2):56.974	
O1):-0.86	O2):59.33	
O1):-0.76	O2):36.114	
O1):-0.845	O2):49.249	
O1):-0.793	O2):38.131	
O1):-0.864	O2):59.271	
O1):-0.846	O2):49.292	
O1):-0.805	O2):42.55	
O1):-0.807	O2):42.716	
O1):-0.843	O2):48.693	
O1):-0.807	O2):42.564	
O1):-0.801	O2):43.606	
O1):-0.861	O2):54.978	
O1):-0.846	O2):49.466	
O1):-0.81	O2):42.745	
O1):-0.814	O2):43.585	
O1):-0.82	O2):43.888	
O1):-0.808	O2):43.648	
O1):-0.72	O2):35.705	
O1):-0.769	O2):37.814	
O1):-0.759	O2):35.956	
O1):-0.793	O2):38.131	
O1):-0.733	O2):36.009	
O1):-0.854	O2):58.873	
O1):-0.793	O2):38.131	
O1):-0.871	O2):63.564	
O1):-0.784	O2):38.787	
O1):-0.764	O2):37.868	
O1):-0.811	O2):43.669	
O1):-0.842	O2):48.46	
O1):-0.869	O2):58.741	
Starting PrismExecutor worker 3 on port 11423
O1):-0.872	O2):64.061	
O1):-0.769	O2):37.389	
O1):-0.804	O2):47.777	
O1):-0.862	O2):54.218	
Connected worker 3 to port 11423
O1):-0.854	O2):50.697	
O1):-0.8	O2):38.735	
O1):-0.863	O2):58.966	
O1):-0.821	O2):43.943	
O1):-0.854	O2):50.697	
O1):-0.838	O2):47.519	
O1):-0.749	O2):36.329	
O1):-0.793	O2):38.131	
O1):-0.812	O2):42.328	
O1):-0.864	O2):59.265	
O1):-0.828	O2):43.767	
O1):-0.786	O2):41.012	
O1):-0.803	O2):39.226	
O1):-0.786	O2):41.018	
O1):-0.814	O2):43.589	
O1):-0.844	O2):48.747	
O1):-0.805	O2):42.189	
O1):-0.854	O2):53.504	
O1):-0.844	O2):49.019	
O1):-0.785	O2):37.401	
O1):-0.871	O2):63.564	
O1):-0.807	O2):42.716	
O1):-0.807	O2):42.716	
O1):-0.854	O2):58.875	
O1):-0.853	O2):53.937	
O1):-0.847	O2):49.605	
O1):-0.786	O2):41.012	
O1):-0.82	O2):42.77	
O1):-0.782	O2):36.671	
O1):-0.821	O2):46.035	
O1):-0.8	O2):38.74	
O1):-0.835	O2):44.256	
O1):-0.746	O2):33.346	
O1):-0.771	O2):42.327	
O1):-0.806	O2):42.318	
O1):-0.779	O2):37.482	
O1):-0.74	O2):36.685	
O1):-0.801	O2):39.602	
O1):-0.814	O2):43.276	
O1):-0.854	O2):50.697	
O1):-0.769	O2):37.389	
O1):-0.826	O2):43.896	
O1):-0.801	O2):41.729	
O1):-0.871	O2):63.564	
O1):-0.77	O2):37.755	
O1):-0.829	O2):47.681	
O1):-0.801	O2):39.602	
O1):-0.806	O2):42.702	
O1):-0.78	O2):37.818	
O1):-0.819	O2):43.685	
O1):-0.86	O2):53.538	
O1):-0.761	O2):36.116	
O1):-0.829	O2):43.847	
O1):-0.871	O2):63.564	
O1):-0.777	O2):41.195	
O1):-0.796	O2):49.114	
O1):-0.854	O2):50.699	
O1):-0.854	O2):50.697	
O1):-0.88	O2):64.889	
O1):-0.793	O2):38.131	
O1):-0.825	O2):44.385	
O1):-0.8	O2):38.735	
O1):-0.871	O2):63.564	
O1):-0.826	O2):46.855	
Evaluations:	1300
O1):-0.853	O2):53.937	
O1):-0.862	O2):53.928	
O1):-0.862	O2):53.961	
O1):-0.843	O2):49.175	
O1):-0.813	O2):42.627	
O1):-0.847	O2):49.605	
O1):-0.759	O2):38.022	
O1):-0.828	O2):44.188	
O1):-0.807	O2):42.974	
O1):-0.871	O2):67.925	
O1):-0.863	O2):58.966	
O1):-0.8	O2):38.74	
O1):-0.765	O2):38.542	
O1):-0.871	O2):63.564	
O1):-0.88	O2):64.889	
O1):-0.853	O2):53.937	
O1):-0.794	O2):41.349	
O1):-0.834	O2):49.227	
O1):-0.871	O2):63.564	
O1):-0.806	O2):42.623	
O1):-0.804	O2):41.943	
O1):-0.801	O2):41.994	
O1):-0.83	O2):47.861	
O1):-0.799	O2):42.707	
Starting PrismExecutor worker 3 on port 11463
O1):-0.841	O2):48.301	
O1):-0.726	O2):35.234	
O1):-0.856	O2):69.384	
O1):-0.786	O2):41.012	
O1):-0.83	O2):45.651	
Connected worker 3 to port 11463
O1):-0.82	O2):42.77	
O1):-0.76	O2):36.115	
O1):-0.785	O2):40.954	
O1):-0.854	O2):50.697	
O1):-0.863	O2):54.283	
O1):-0.785	O2):38.073	
O1):-0.871	O2):63.569	
O1):-0.86	O2):53.538	
O1):-0.82	O2):46.53	
O1):-0.726	O2):35.234	
O1):-0.78	O2):47.481	
O1):-0.809	O2):42.732	
O1):-0.829	O2):45.352	
O1):-0.853	O2):53.059	
O1):-0.793	O2):38.129	
O1):-0.854	O2):50.696	
O1):-0.781	O2):37.687	
O1):-0.799	O2):42.564	
O1):-0.8	O2):38.74	
O1):-0.812	O2):43.918	
O1):-0.793	O2):38.131	
O1):-0.854	O2):50.699	
O1):-0.79	O2):38.368	
O1):-0.852	O2):53.622	
O1):-0.828	O2):43.623	
O1):-0.777	O2):41.195	
O1):-0.78	O2):37.818	
O1):-0.793	O2):38.129	
O1):-0.784	O2):41.617	
O1):-0.796	O2):44.525	
O1):-0.828	O2):47.521	
O1):-0.796	O2):41.726	
O1):-0.742	O2):35.843	
O1):-0.849	O2):53.034	
O1):-0.837	O2):45.718	
O1):-0.834	O2):49.227	
O1):-0.862	O2):53.931	
O1):-0.797	O2):42.426	
O1):-0.836	O2):48.442	
O1):-0.793	O2):38.131	
O1):-0.805	O2):49.82	
O1):-0.864	O2):59.271	
O1):-0.742	O2):34.986	
O1):-0.822	O2):43.104	
O1):-0.749	O2):36.858	
O1):-0.837	O2):44.752	
O1):-0.863	O2):58.711	
O1):-0.827	O2):44.78	
O1):-0.793	O2):38.131	
O1):-0.812	O2):43.018	
O1):-0.871	O2):63.564	
O1):-0.813	O2):42.627	
O1):-0.77	O2):37.284	
O1):-0.759	O2):38.023	
O1):-0.752	O2):37.758	
O1):-0.801	O2):38.791	
O1):-0.829	O2):45.301	
O1):-0.825	O2):44.454	
O1):-0.851	O2):58.058	
O1):-0.779	O2):36.342	
O1):-0.758	O2):36.078	
O1):-0.878	O2):64.227	
O1):-0.786	O2):40.838	
O1):-0.728	O2):35.549	
O1):-0.768	O2):37.478	
O1):-0.815	O2):43.621	
O1):-0.813	O2):43.589	
O1):-0.821	O2):43.039	
O1):-0.812	O2):43.018	
O1):-0.77	O2):37.755	
O1):-0.796	O2):44.593	
O1):-0.881	O2):68.579	
O1):-0.853	O2):53.937	
O1):-0.793	O2):38.131	
O1):-0.871	O2):63.564	
O1):-0.844	O2):57.156	
O1):-0.83	O2):48.041	
O1):-0.808	O2):47.003	
O1):-0.779	O2):37.482	
O1):-0.793	O2):38.139	
O1):-0.82	O2):42.77	
O1):-0.828	O2):45.419	
O1):-0.825	O2):44.454	
O1):-0.86	O2):53.775	
O1):-0.801	O2):38.79	
Starting PrismExecutor worker 1 on port 11461
O1):-0.81	O2):42.736	
O1):-0.871	O2):67.925	
O1):-0.836	O2):57.306	
Connected worker 1 to port 11461
O1):-0.758	O2):36.078	
O1):-0.826	O2):47.768	
O1):-0.871	O2):63.564	
O1):-0.826	O2):43.896	
O1):-0.763	O2):36.769	
O1):-0.771	O2):36.346	
O1):-0.846	O2):49.292	
O1):-0.809	O2):43.161	
O1):-0.732	O2):36.722	
O1):-0.807	O2):42.716	
O1):-0.759	O2):38.019	
O1):-0.787	O2):41.2	
O1):-0.864	O2):59.264	
O1):-0.854	O2):50.697	
O1):-0.871	O2):63.564	
O1):-0.853	O2):53.059	
O1):-0.811	O2):42.923	
O1):-0.813	O2):43.589	
O1):-0.818	O2):46.913	
O1):-0.871	O2):63.564	
O1):-0.801	O2):38.79	
O1):-0.786	O2):41.012	
O1):-0.853	O2):53.937	
O1):-0.849	O2):53.034	
O1):-0.829	O2):45.325	
O1):-0.871	O2):63.564	
O1):-0.738	O2):36.25	
O1):-0.793	O2):38.131	
O1):-0.814	O2):43.273	
O1):-0.807	O2):42.968	
O1):-0.785	O2):41.586	
O1):-0.871	O2):63.564	
O1):-0.779	O2):36.38	
O1):-0.828	O2):47.447	
O1):-0.87	O2):67.782	
O1):-0.788	O2):54.19	
O1):-0.864	O2):59.264	
O1):-0.812	O2):43.018	
O1):-0.75	O2):35.85	
O1):-0.87	O2):59.228	
O1):-0.854	O2):63.397	
O1):-0.846	O2):48.391	
O1):-0.817	O2):43.325	
O1):-0.821	O2):43.044	
O1):-0.715	O2):35.235	
O1):-0.823	O2):44.18	
O1):-0.815	O2):43.613	
O1):-0.799	O2):38.28	
O1):-0.871	O2):67.925	
O1):-0.824	O2):47.34	
O1):-0.805	O2):64.402	
O1):-0.86	O2):53.538	
O1):-0.786	O2):41.012	
O1):-0.86	O2):53.778	
O1):-0.78	O2):37.818	
O1):-0.83	O2):43.83	
O1):-0.75	O2):37.727	
O1):-0.767	O2):41.824	
O1):-0.867	O2):63.167	
O1):-0.855	O2):57.984	
O1):-0.871	O2):64.052	
O1):-0.871	O2):63.564	
O1):-0.853	O2):53.937	
O1):-0.776	O2):37.083	
O1):-0.868	O2):63.23	
O1):-0.847	O2):49.607	
O1):-0.863	O2):58.727	
O1):-0.809	O2):42.867	
O1):-0.801	O2):48.866	
O1):-0.821	O2):45.111	
O1):-0.845	O2):49.52	
O1):-0.828	O2):43.694	
O1):-0.871	O2):63.564	
O1):-0.854	O2):50.697	
O1):-0.828	O2):43.623	
O1):-0.871	O2):63.564	
O1):-0.855	O2):54.991	
Evaluations:	1400
O1):-0.831	O2):48.35	
O1):-0.803	O2):42.902	
O1):-0.806	O2):42.733	
O1):-0.758	O2):36.078	
O1):-0.851	O2):53.813	
O1):-0.817	O2):43.915	
O1):-0.804	O2):53.953	
O1):-0.846	O2):49.448	
O1):-0.805	O2):54.298	
O1):-0.862	O2):53.931	
O1):-0.74	O2):36.683	
O1):-0.825	O2):44.667	
O1):-0.793	O2):38.131	
O1):-0.834	O2):47.919	
Starting PrismExecutor worker 4 on port 11474
O1):-0.863	O2):54.291	
O1):-0.769	O2):37.814	
O1):-0.854	O2):50.697	
O1):-0.863	O2):58.576	
O1):-0.795	O2):42.401	
Connected worker 4 to port 11474
O1):-0.748	O2):36.032	
O1):-0.862	O2):54.105	
O1):-0.77	O2):37.755	
O1):-0.78	O2):41.891	
O1):-0.797	O2):42.164	
O1):-0.837	O2):48.991	
O1):-0.861	O2):54.978	
O1):-0.804	O2):41.45	
O1):-0.827	O2):43.966	
O1):-0.871	O2):63.564	
O1):-0.778	O2):41.321	
O1):-0.872	O2):68.334	
O1):-0.783	O2):38.085	
O1):-0.757	O2):40.015	
O1):-0.802	O2):39.166	
O1):-0.776	O2):40.157	
O1):-0.749	O2):35.46	
O1):-0.812	O2):43.018	
O1):-0.805	O2):42.496	
O1):-0.795	O2):38.409	
O1):-0.786	O2):41.153	
O1):-0.863	O2):64.338	
O1):-0.862	O2):60.177	
O1):-0.812	O2):42.328	
O1):-0.778	O2):41.321	
O1):-0.786	O2):41.012	
O1):-0.778	O2):41.321	
O1):-0.826	O2):43.896	
O1):-0.818	O2):47.535	
O1):-0.871	O2):64.052	
O1):-0.869	O2):58.741	
O1):-0.742	O2):35.832	
O1):-0.838	O2):44.733	
O1):-0.746	O2):36.116	
O1):-0.826	O2):43.896	
O1):-0.813	O2):42.627	
O1):-0.805	O2):42.496	
O1):-0.836	O2):45.544	
O1):-0.8	O2):41.866	
O1):-0.852	O2):54.025	
O1):-0.862	O2):54.244	
O1):-0.872	O2):63.693	
O1):-0.843	O2):48.638	
O1):-0.785	O2):37.401	
O1):-0.777	O2):36.096	
O1):-0.738	O2):36.25	
O1):-0.826	O2):47.168	
O1):-0.819	O2):42.628	
O1):-0.854	O2):50.697	
O1):-0.795	O2):38.409	
O1):-0.8	O2):38.735	
O1):-0.74	O2):36.683	
O1):-0.821	O2):46.035	
O1):-0.834	O2):48.06	
O1):-0.75	O2):39.868	
O1):-0.759	O2):35.956	
O1):-0.851	O2):52.573	
O1):-0.796	O2):42.44	
O1):-0.812	O2):42.328	
O1):-0.873	O2):74.013	
O1):-0.862	O2):53.928	
O1):-0.795	O2):38.409	
O1):-0.793	O2):38.131	
O1):-0.81	O2):42.655	
O1):-0.837	O2):45.725	
O1):-0.74	O2):36.683	
O1):-0.785	O2):41.588	
O1):-0.82	O2):43.882	
O1):-0.723	O2):33.103	
O1):-0.869	O2):58.741	
O1):-0.864	O2):59.264	
O1):-0.854	O2):50.697	
O1):-0.851	O2):53.911	
O1):-0.847	O2):54.287	
O1):-0.74	O2):36.683	
Evaluations:	1300
O1):-0.75	O2):35.997	
O1):-0.79	O2):38.368	
O1):-0.771	O2):36.346	
O1):-0.793	O2):38.131	
O1):-0.845	O2):49.153	
O1):-0.836	O2):47.261	
O1):-0.778	O2):40.128	
O1):-0.806	O2):42.706	
O1):-0.871	O2):63.564	
O1):-0.793	O2):38.131	
O1):-0.871	O2):59.583	
O1):-0.872	O2):64.056	
O1):-0.878	O2):64.227	
O1):-0.836	O2):47.26	
O1):-0.806	O2):42.318	
O1):-0.827	O2):46.984	
O1):-0.853	O2):53.937	
O1):-0.8	O2):38.735	
O1):-0.837	O2):45.664	
O1):-0.853	O2):53.937	
O1):-0.777	O2):36.096	
Starting PrismExecutor worker 0 on port 11460
O1):-0.804	O2):53.955	
O1):-0.807	O2):42.563	
Connected worker 0 to port 11460
O1):-0.853	O2):63.073	
O1):-0.854	O2):55.132	
O1):-0.853	O2):53.937	
O1):-0.807	O2):42.716	
O1):-0.795	O2):38.411	
O1):-0.777	O2):41.193	
O1):-0.764	O2):37.868	
O1):-0.794	O2):42.142	
O1):-0.843	O2):48.735	
O1):-0.782	O2):36.666	
O1):-0.758	O2):36.078	
O1):-0.793	O2):38.131	
O1):-0.767	O2):37.077	
O1):-0.853	O2):53.937	
O1):-0.778	O2):41.321	
O1):-0.845	O2):49.156	
O1):-0.837	O2):45.824	
O1):-0.818	O2):48.777	
O1):-0.745	O2):35.366	
O1):-0.833	O2):47.781	
O1):-0.8	O2):42.439	
O1):-0.853	O2):53.937	
O1):-0.862	O2):54.099	
O1):-0.828	O2):47.521	
O1):-0.75	O2):39.867	
O1):-0.872	O2):64.167	
O1):-0.854	O2):50.697	
O1):-0.834	O2):56.539	
O1):-0.836	O2):48.395	
O1):-0.823	O2):47.098	
O1):-0.829	O2):43.792	
O1):-0.763	O2):36.629	
O1):-0.844	O2):57.89	
O1):-0.808	O2):45.321	
O1):-0.8	O2):42.44	
O1):-0.826	O2):43.896	
O1):-0.806	O2):42.702	
O1):-0.786	O2):41.012	
O1):-0.704	O2):31.962	
O1):-0.823	O2):44.223	
O1):-0.828	O2):51.65	
O1):-0.806	O2):42.318	
O1):-0.813	O2):46.931	
O1):-0.805	O2):42.189	
O1):-0.854	O2):58.801	
O1):-0.829	O2):44.088	
O1):-0.807	O2):42.716	
Evaluations:	1300
O1):-0.871	O2):64.052	
O1):-0.869	O2):58.741	
O1):-0.798	O2):41.047	
O1):-0.845	O2):51.523	
O1):-0.793	O2):38.131	
O1):-0.854	O2):50.697	
O1):-0.854	O2):53.504	
O1):-0.82	O2):43.882	
O1):-0.793	O2):38.131	
O1):-0.862	O2):53.931	
O1):-0.842	O2):48.457	
O1):-0.777	O2):41.195	
O1):-0.812	O2):43.162	
O1):-0.871	O2):63.564	
O1):-0.78	O2):37.818	
O1):-0.829	O2):43.847	
O1):-0.845	O2):53.836	
O1):-0.837	O2):49.565	
O1):-0.871	O2):63.564	
O1):-0.817	O2):43.915	
O1):-0.837	O2):49.521	
O1):-0.828	O2):47.521	
O1):-0.861	O2):54.978	
O1):-0.785	O2):41.589	
O1):-0.862	O2):53.961	
O1):-0.854	O2):50.697	
O1):-0.813	O2):43.145	
O1):-0.763	O2):36.769	
Evaluations:	1400
O1):-0.778	O2):37.446	
O1):-0.854	O2):50.697	
O1):-0.78	O2):36.393	
O1):-0.771	O2):36.346	
O1):-0.871	O2):59.592	
Starting PrismExecutor worker 1 on port 11421
O1):-0.871	O2):64.06	
O1):-0.862	O2):54.115	
Connected worker 1 to port 11421
O1):-0.871	O2):59.386	
O1):-0.837	O2):45.718	
O1):-0.813	O2):43.178	
O1):-0.826	O2):52.853	
O1):-0.871	O2):63.564	
O1):-0.826	O2):48.355	
O1):-0.806	O2):42.636	
O1):-0.807	O2):42.716	
O1):-0.844	O2):48.978	
O1):-0.723	O2):33.103	
O1):-0.853	O2):53.934	
O1):-0.86	O2):53.538	
O1):-0.863	O2):62.859	
O1):-0.818	O2):44.437	
O1):-0.805	O2):42.172	
O1):-0.853	O2):53.937	
O1):-0.832	O2):48.108	
O1):-0.846	O2):49.573	
O1):-0.825	O2):44.67	
O1):-0.764	O2):37.868	
O1):-0.758	O2):35.731	
O1):-0.793	O2):38.131	
O1):-0.846	O2):54.163	
O1):-0.846	O2):54.163	
O1):-0.785	O2):37.401	
O1):-0.803	O2):42.899	
O1):-0.813	O2):43.588	
O1):-0.785	O2):37.401	
O1):-0.855	O2):58.376	
O1):-0.777	O2):41.195	
O1):-0.778	O2):41.321	
O1):-0.838	O2):49.204	
O1):-0.814	O2):43.273	
O1):-0.809	O2):42.731	
O1):-0.786	O2):41.012	
O1):-0.726	O2):35.234	
O1):-0.793	O2):38.131	
Evaluations:	1400
O1):-0.777	O2):41.208	
O1):-0.863	O2):58.577	
O1):-0.8	O2):38.735	
O1):-0.858	O2):54.042	
O1):-0.878	O2):64.227	
O1):-0.8	O2):38.735	
O1):-0.826	O2):43.478	
O1):-0.784	O2):41.539	
O1):-0.86	O2):53.536	
O1):-0.805	O2):42.549	
O1):-0.845	O2):52.067	
O1):-0.827	O2):48.876	
O1):-0.844	O2):49.021	
O1):-0.778	O2):40.128	
O1):-0.81	O2):42.745	
O1):-0.847	O2):49.616	
O1):-0.785	O2):37.401	
O1):-0.826	O2):49.23	
O1):-0.783	O2):38.085	
O1):-0.854	O2):50.697	
O1):-0.723	O2):33.103	
O1):-0.869	O2):58.741	
O1):-0.785	O2):37.401	
O1):-0.807	O2):42.716	
O1):-0.869	O2):58.741	
O1):-0.863	O2):58.431	
O1):-0.845	O2):55.013	
O1):-0.862	O2):53.973	
O1):-0.771	O2):36.346	
Evaluations:	1400
O1):-0.854	O2):50.697	
O1):-0.832	O2):48.109	
O1):-0.879	O2):68.978	
O1):-0.829	O2):43.788	
O1):-0.794	O2):53.342	
O1):-0.812	O2):43.018	
O1):-0.761	O2):36.124	
O1):-0.859	O2):53.316	
O1):-0.767	O2):36.851	
O1):-0.81	O2):42.745	
O1):-0.871	O2):67.925	
O1):-0.87	O2):67.782	
O1):-0.854	O2):50.697	
O1):-0.863	O2):54.291	
O1):-0.78	O2):37.71	
O1):-0.827	O2):47.057	
O1):-0.862	O2):55.047	
O1):-0.759	O2):38.019	
O1):-0.863	O2):54.433	
O1):-0.827	O2):46.984	
O1):-0.8	O2):38.735	
O1):-0.777	O2):41.193	
Starting PrismExecutor worker 2 on port 11462
O1):-0.8	O2):38.74	
O1):-0.863	O2):54.284	
O1):-0.807	O2):42.974	
Connected worker 2 to port 11462
O1):-0.82	O2):45.705	
O1):-0.834	O2):47.919	
O1):-0.843	O2):48.694	
O1):-0.835	O2):45.369	
O1):-0.801	O2):38.79	
O1):-0.759	O2):38.026	
O1):-0.785	O2):37.401	
O1):-0.82	O2):43.888	
O1):-0.81	O2):42.745	
O1):-0.785	O2):37.401	
O1):-0.759	O2):36.268	
O1):-0.817	O2):46.383	
Evaluations:	1500
O1):-0.776	O2):37.089	
O1):-0.776	O2):39.652	
O1):-0.845	O2):49.34	
O1):-0.805	O2):43.497	
O1):-0.801	O2):42.758	
O1):-0.796	O2):41.721	
O1):-0.807	O2):42.716	
O1):-0.834	O2):49.227	
O1):-0.8	O2):38.735	
O1):-0.782	O2):36.659	
O1):-0.777	O2):41.193	
O1):-0.776	O2):37.088	
O1):-0.847	O2):49.588	
O1):-0.777	O2):36.096	
O1):-0.847	O2):49.616	
O1):-0.759	O2):36.079	
O1):-0.838	O2):47.519	
O1):-0.801	O2):41.68	
O1):-0.86	O2):53.536	
O1):-0.87	O2):67.782	
O1):-0.793	O2):38.131	
O1):-0.86	O2):53.538	
O1):-0.807	O2):42.72	
O1):-0.826	O2):43.896	
O1):-0.862	O2):59.639	
O1):-0.805	O2):64.4	
O1):-0.769	O2):37.388	
O1):-0.83	O2):43.826	
O1):-0.78	O2):37.818	
O1):-0.843	O2):48.73	
O1):-0.758	O2):35.731	
O1):-0.854	O2):50.697	
O1):-0.846	O2):53.874	
O1):-0.826	O2):48.356	
O1):-0.715	O2):35.234	
O1):-0.749	O2):35.46	
O1):-0.812	O2):42.328	
O1):-0.859	O2):57.54	
O1):-0.795	O2):38.407	
O1):-0.804	O2):41.804	
O1):-0.828	O2):43.628	
O1):-0.82	O2):42.77	
O1):-0.841	O2):48.301	
O1):-0.819	O2):42.628	
O1):-0.785	O2):37.401	
O1):-0.847	O2):54.299	
O1):-0.813	O2):42.627	
O1):-0.778	O2):41.321	
O1):-0.803	O2):42.826	
O1):-0.81	O2):42.745	
O1):-0.853	O2):58.463	
O1):-0.778	O2):41.321	
O1):-0.769	O2):37.388	
O1):-0.704	O2):31.962	
O1):-0.837	O2):45.826	
O1):-0.759	O2):38.022	
O1):-0.769	O2):37.811	
O1):-0.779	O2):40.38	
O1):-0.78	O2):38.31	
O1):-0.801	O2):46.005	
O1):-0.76	O2):36.114	
O1):-0.749	O2):36.85	
O1):-0.801	O2):38.79	
O1):-0.801	O2):41.844	
O1):-0.759	O2):36.079	
O1):-0.797	O2):39.348	
O1):-0.785	O2):41.961	
O1):-0.793	O2):38.129	
O1):-0.805	O2):42.172	
O1):-0.748	O2):36.206	
O1):-0.8	O2):38.735	
O1):-0.822	O2):44.685	
O1):-0.777	O2):41.193	
Starting PrismExecutor worker 5 on port 11465
O1):-0.825	O2):44.667	
O1):-0.864	O2):59.264	
O1):-0.854	O2):50.697	
O1):-0.8	O2):42.652	
Connected worker 5 to port 11465
O1):-0.812	O2):43.018	
O1):-0.795	O2):38.409	
O1):-0.826	O2):47.167	
O1):-0.757	O2):40.939	
O1):-0.769	O2):37.814	
O1):-0.833	O2):51.951	
O1):-0.704	O2):31.963	
O1):-0.863	O2):59.633	
O1):-0.828	O2):43.694	
O1):-0.871	O2):67.925	
O1):-0.813	O2):42.632	
O1):-0.871	O2):67.924	
O1):-0.86	O2):53.775	
O1):-0.851	O2):52.572	
O1):-0.864	O2):59.264	
O1):-0.863	O2):58.966	
O1):-0.805	O2):42.172	
O1):-0.785	O2):37.401	
O1):-0.793	O2):38.131	
O1):-0.871	O2):59.386	
O1):-0.813	O2):42.627	
O1):-0.778	O2):40.128	
O1):-0.867	O2):63.165	
O1):-0.834	O2):47.919	
O1):-0.843	O2):57.777	
O1):-0.854	O2):50.697	
O1):-0.878	O2):64.227	
O1):-0.855	O2):53.545	
O1):-0.846	O2):49.573	
O1):-0.845	O2):49.319	
O1):-0.811	O2):42.611	
O1):-0.863	O2):54.413	
O1):-0.812	O2):43.018	
O1):-0.861	O2):54.808	
O1):-0.828	O2):45.477	
O1):-0.78	O2):37.818	
O1):-0.846	O2):48.391	
O1):-0.868	O2):63.231	
O1):-0.772	O2):41.997	
O1):-0.785	O2):41.588	
O1):-0.845	O2):54.205	
O1):-0.785	O2):41.588	
O1):-0.792	O2):41.023	
O1):-0.821	O2):42.812	
O1):-0.871	O2):67.925	
O1):-0.813	O2):42.794	
O1):-0.726	O2):35.234	
O1):-0.726	O2):35.234	
O1):-0.871	O2):64.052	
O1):-0.805	O2):42.172	
O1):-0.873	O2):74.013	
O1):-0.826	O2):47.167	
O1):-0.778	O2):40.128	
O1):-0.863	O2):59.637	
O1):-0.777	O2):41.193	
O1):-0.769	O2):37.388	
O1):-0.873	O2):74.013	
O1):-0.872	O2):63.693	
O1):-0.805	O2):41.696	
O1):-0.872	O2):68.253	
O1):-0.86	O2):53.538	
O1):-0.778	O2):40.128	
O1):-0.762	O2):36.474	
O1):-0.74	O2):36.683	
O1):-0.785	O2):37.401	
O1):-0.872	O2):63.692	
O1):-0.873	O2):74.013	
O1):-0.778	O2):40.128	
O1):-0.871	O2):64.052	
O1):-0.862	O2):53.991	
O1):-0.836	O2):45.544	
O1):-0.82	O2):43.888	
O1):-0.855	O2):59.278	
O1):-0.825	O2):48.31	
O1):-0.871	O2):64.052	
O1):-0.811	O2):42.923	
O1):-0.82	O2):42.995	
O1):-0.714	O2):34.942	
O1):-0.704	O2):31.963	
O1):-0.793	O2):38.129	
O1):-0.843	O2):48.693	
O1):-0.87	O2):67.782	
O1):-0.81	O2):42.745	
O1):-0.797	O2):39.348	
O1):-0.793	O2):38.131	
O1):-0.733	O2):36.013	
O1):-0.851	O2):58.461	
O1):-0.851	O2):58.058	
O1):-0.812	O2):43.018	
Starting PrismExecutor worker 3 on port 11483
O1):-0.805	O2):42.172	
O1):-0.834	O2):53.357	
O1):-0.777	O2):41.193	
Connected worker 3 to port 11483
O1):-0.845	O2):49.153	
O1):-0.746	O2):33.346	
O1):-0.82	O2):43.888	
O1):-0.777	O2):40.311	
O1):-0.837	O2):49.385	
O1):-0.785	O2):37.401	
O1):-0.804	O2):41.45	
O1):-0.793	O2):42.202	
O1):-0.77	O2):37.755	
O1):-0.813	O2):42.627	
O1):-0.771	O2):36.346	
O1):-0.778	O2):41.323	
O1):-0.778	O2):40.128	
O1):-0.78	O2):37.711	
O1):-0.872	O2):63.906	
O1):-0.793	O2):41.229	
O1):-0.868	O2):63.231	
O1):-0.769	O2):37.388	
Evaluations:	1400
O1):-0.854	O2):50.697	
O1):-0.871	O2):64.052	
O1):-0.863	O2):54.291	
O1):-0.837	O2):47.535	
O1):-0.826	O2):49.065	
O1):-0.787	O2):42.109	
O1):-0.761	O2):36.447	
O1):-0.801	O2):38.79	
O1):-0.764	O2):37.868	
O1):-0.78	O2):40.338	
O1):-0.778	O2):37.479	
O1):-0.793	O2):38.129	
O1):-0.87	O2):67.782	
O1):-0.764	O2):37.868	
O1):-0.862	O2):53.931	
O1):-0.785	O2):37.401	
O1):-0.843	O2):48.696	
O1):-0.807	O2):42.716	
O1):-0.807	O2):42.716	
O1):-0.843	O2):47.831	
O1):-0.844	O2):48.835	
O1):-0.811	O2):42.923	
O1):-0.813	O2):42.794	
O1):-0.847	O2):49.585	
O1):-0.796	O2):41.737	
O1):-0.785	O2):37.401	
O1):-0.781	O2):37.7	
O1):-0.86	O2):53.536	
O1):-0.825	O2):51.348	
O1):-0.871	O2):64.052	
O1):-0.836	O2):47.261	
O1):-0.837	O2):48.48	
O1):-0.772	O2):39.238	
O1):-0.82	O2):47.668	
O1):-0.785	O2):37.401	
O1):-0.771	O2):36.352	
O1):-0.727	O2):35.482	
O1):-0.844	O2):49.02	
O1):-0.777	O2):41.193	
O1):-0.835	O2):45.369	
O1):-0.801	O2):43.604	
O1):-0.814	O2):43.273	
O1):-0.828	O2):44.188	
O1):-0.837	O2):48.557	
O1):-0.733	O2):36.015	
O1):-0.812	O2):42.324	
O1):-0.812	O2):42.328	
O1):-0.807	O2):42.716	
O1):-0.836	O2):45.545	
O1):-0.833	O2):47.779	
O1):-0.757	O2):38.955	
O1):-0.785	O2):37.401	
O1):-0.863	O2):58.576	
O1):-0.818	O2):43.382	
O1):-0.834	O2):47.919	
O1):-0.777	O2):41.193	
O1):-0.829	O2):44.053	
O1):-0.785	O2):37.401	
Starting PrismExecutor worker 1 on port 11481
O1):-0.784	O2):40.556	
O1):-0.837	O2):45.826	
Evaluations:	1200
O1):-0.835	O2):44.139	
O1):-0.87	O2):67.782	
O1):-0.82	O2):42.77	
O1):-0.817	O2):43.915	
O1):-0.854	O2):63.155	
O1):-0.879	O2):68.978	
Connected worker 1 to port 11481
O1):-0.828	O2):44.188	
O1):-0.758	O2):35.731	
O1):-0.843	O2):49.175	
O1):-0.759	O2):35.956	
O1):-0.795	O2):38.409	
O1):-0.726	O2):35.234	
O1):-0.78	O2):37.818	
O1):-0.853	O2):53.151	
O1):-0.813	O2):43.227	
O1):-0.868	O2):63.231	
O1):-0.834	O2):56.53	
O1):-0.785	O2):37.401	
O1):-0.768	O2):37.478	
O1):-0.828	O2):43.755	
O1):-0.814	O2):43.277	
O1):-0.824	O2):56.854	
O1):-0.854	O2):63.156	
O1):-0.851	O2):58.058	
O1):-0.797	O2):39.348	
O1):-0.842	O2):48.75	
O1):-0.804	O2):41.943	
O1):-0.82	O2):47.625	
O1):-0.757	O2):35.723	
O1):-0.812	O2):42.328	
O1):-0.803	O2):39.206	
O1):-0.796	O2):41.737	
O1):-0.814	O2):43.273	
O1):-0.834	O2):47.917	
O1):-0.785	O2):37.401	
O1):-0.831	O2):44.803	
O1):-0.76	O2):38.774	
O1):-0.862	O2):53.978	
O1):-0.819	O2):46.596	
O1):-0.8	O2):38.735	
O1):-0.726	O2):35.234	
O1):-0.778	O2):40.128	
O1):-0.812	O2):43.018	
O1):-0.777	O2):41.193	
O1):-0.833	O2):47.78	
O1):-0.812	O2):42.328	
O1):-0.818	O2):46.176	
O1):-0.778	O2):38.909	
O1):-0.829	O2):44.088	
O1):-0.851	O2):58.058	
O1):-0.769	O2):37.814	
O1):-0.842	O2):48.576	
O1):-0.871	O2):67.923	
O1):-0.869	O2):58.741	
O1):-0.786	O2):38.906	
O1):-0.863	O2):54.235	
O1):-0.853	O2):58.463	
O1):-0.86	O2):53.538	
O1):-0.871	O2):59.583	
O1):-0.844	O2):49.356	
O1):-0.832	O2):48.214	
O1):-0.867	O2):63.164	
O1):-0.868	O2):63.231	
O1):-0.835	O2):44.256	
O1):-0.862	O2):54.216	
O1):-0.836	O2):47.014	
O1):-0.843	O2):48.694	
O1):-0.771	O2):36.352	
O1):-0.822	O2):43.463	
O1):-0.873	O2):74.013	
O1):-0.797	O2):49.427	
O1):-0.801	O2):38.79	
O1):-0.846	O2):49.573	
O1):-0.845	O2):52.067	
O1):-0.845	O2):53.653	
O1):-0.829	O2):53.336	
O1):-0.834	O2):53.261	
O1):-0.791	O2):40.668	
Starting PrismExecutor worker 3 on port 11433
Starting PrismExecutor worker 0 on port 11430
O1):-0.793	O2):38.129	
O1):-0.837	O1):-0.854	O2):45.718	O2):50.697	

O1):-0.82	O2):42.811	
O1):-0.846	O2):49.448	
O1):-0.78	O2):37.818	
O1):-0.77	O2):40.251	
Connected worker 3 to port 11433
Connected worker 0 to port 11430
O1):-0.854	O2):50.697	
O1):-0.847	O2):49.597	
O1):-0.757	O2):35.719	
O1):-0.807	O2):42.563	
O1):-0.863	O2):58.966	
O1):-0.764	O2):37.875	
O1):-0.807	O2):42.716	
O1):-0.863	O2):60.045	
O1):-0.861	O2):61.635	
O1):-0.863	O2):59.899	
O1):-0.862	O2):53.928	
O1):-0.795	O2):38.409	
O1):-0.758	O2):36.078	
O1):-0.801	O2):42.758	
O1):-0.807	O2):42.564	
O1):-0.763	O2):36.769	
O1):-0.8	O2):38.735	
O1):-0.811	O2):42.923	
O1):-0.851	O2):58.058	
O1):-0.82	O2):51.729	
O1):-0.86	O2):53.538	
O1):-0.759	O2):38.022	
O1):-0.836	O2):47.309	
O1):-0.807	O2):42.716	
O1):-0.846	O2):49.292	
O1):-0.844	O2):49.026	
O1):-0.863	O2):58.723	
O1):-0.846	O2):54.45	
O1):-0.778	O2):40.135	
O1):-0.873	O2):74.013	
O1):-0.851	O2):58.058	
O1):-0.847	O2):49.613	
O1):-0.863	O2):54.269	
O1):-0.861	O2):53.854	
O1):-0.805	O2):42.172	
O1):-0.78	O2):37.809	
O1):-0.803	O2):42.899	
O1):-0.793	O2):38.131	
O1):-0.758	O2):36.078	
O1):-0.845	O2):54.205	
O1):-0.845	O2):48.12	
O1):-0.862	O2):55.047	
O1):-0.862	O2):53.981	
O1):-0.778	O2):40.134	
O1):-0.81	O2):46.834	
O1):-0.804	O2):40.546	
O1):-0.807	O2):42.716	
O1):-0.759	O2):35.965	
O1):-0.854	O2):50.697	
O1):-0.816	O2):43.821	
O1):-0.738	O2):36.242	
O1):-0.847	O2):49.616	
O1):-0.837	O2):45.717	
O1):-0.78	O2):38.941	
O1):-0.869	O2):58.741	
O1):-0.873	O2):74.015	
O1):-0.878	O2):64.227	
O1):-0.862	O2):53.978	
O1):-0.777	O2):41.193	
O1):-0.845	O2):48.391	
O1):-0.807	O2):42.716	
O1):-0.851	O2):58.058	
O1):-0.817	O2):47.814	
O1):-0.827	O2):47.057	
O1):-0.86	O2):53.538	
O1):-0.871	O2):64.052	
O1):-0.843	O2):48.694	
O1):-0.807	O2):42.716	
O1):-0.795	O2):44.239	
O1):-0.778	O2):40.135	
O1):-0.845	O2):49.305	
O1):-0.795	O2):38.409	
O1):-0.833	O2):44.856	
O1):-0.88	O2):64.724	
O1):-0.798	O2):37.964	
O1):-0.805	O2):42.172	
O1):-0.846	O2):54.458	
O1):-0.836	O2):44.448	
O1):-0.812	O2):43.018	
O1):-0.878	O2):64.227	
O1):-0.813	O2):42.627	
O1):-0.779	O2):40.781	
O1):-0.742	O2):34.929	
O1):-0.88	O2):65.084	
O1):-0.802	O2):42.904	
O1):-0.778	O2):41.321	
O1):-0.804	O2):45.747	
O1):-0.82	O2):42.978	
O1):-0.855	O2):63.479	
O1):-0.786	O2):41.012	
O1):-0.82	O2):42.978	
O1):-0.8	O2):38.497	
O1):-0.804	O2):41.798	
O1):-0.779	O2):40.855	
O1):-0.807	O2):42.716	
O1):-0.777	O2):41.195	
O1):-0.862	O2):54.247	
O1):-0.796	O2):41.838	
O1):-0.803	O2):39.217	
O1):-0.767	O2):37.078	
O1):-0.812	O2):43.018	
O1):-0.83	O2):43.93	
O1):-0.778	O2):40.128	
O1):-0.795	O2):38.409	
O1):-0.87	O2):59.226	
O1):-0.864	O2):59.264	
O1):-0.796	O2):49.268	
O1):-0.869	O2):58.739	
O1):-0.82	O2):42.77	
O1):-0.805	O2):42.172	
O1):-0.851	O2):53.911	
O1):-0.843	O2):49.176	
O1):-0.778	O2):40.128	
O1):-0.813	O2):42.794	
O1):-0.779	O2):36.464	
O1):-0.871	O2):68.112	
O1):-0.862	O2):53.978	
O1):-0.808	O2):45.36	
O1):-0.845	O2):48.398	
O1):-0.863	O2):59.637	
O1):-0.768	O2):37.478	
O1):-0.871	O2):67.925	
O1):-0.801	O2):38.79	
O1):-0.86	O2):53.538	
O1):-0.805	O2):42.256	
O1):-0.854	O2):50.697	
O1):-0.768	O2):37.477	
O1):-0.758	O2):35.889	
O1):-0.871	O2):67.925	
O1):-0.757	O2):40.005	
O1):-0.805	O2):42.187	
O1):-0.807	O2):42.716	
O1):-0.807	O2):42.563	
O1):-0.777	O2):36.096	
O1):-0.793	O2):38.197	
O1):-0.774	O2):38.424	
O1):-0.822	O2):46.972	
O1):-0.814	O2):43.273	
O1):-0.777	O2):41.193	
O1):-0.872	O2):68.254	
O1):-0.807	O2):42.564	
O1):-0.837	O2):53.377	
O1):-0.768	O2):37.477	
O1):-0.809	O2):44.937	
O1):-0.797	O2):39.348	
O1):-0.785	O2):40.551	
O1):-0.793	O2):41.302	
O1):-0.763	O2):39.543	
O1):-0.844	O2):49.265	
O1):-0.826	O2):43.896	
O1):-0.812	O2):42.328	
O1):-0.779	O2):37.482	
O1):-0.742	O2):35.842	
O1):-0.793	O2):47.221	
O1):-0.801	O2):38.79	
O1):-0.815	O2):43.613	
O1):-0.87	O2):67.782	
O1):-0.851	O2):58.058	
O1):-0.845	O2):49.154	
O1):-0.757	O2):36.634	
O1):-0.86	O2):59.33	
O1):-0.813	O2):42.627	
O1):-0.826	O2):46.855	
O1):-0.83	O2):43.826	
O1):-0.851	O2):58.058	
Starting PrismExecutor worker 2 on port 11452
O1):-0.813	O2):42.627	
O1):-0.777	O2):41.193	
O1):-0.837	O2):45.664	
O1):-0.811	O2):44.071	
O1):-0.854	O2):50.697	
O1):-0.855	O2):57.979	
Connected worker 2 to port 11452
O1):-0.813	O2):42.627	
O1):-0.8	O2):38.735	
O1):-0.871	O2):67.925	
O1):-0.813	O2):42.627	
O1):-0.862	O2):53.981	
O1):-0.854	O2):50.697	
O1):-0.818	O2):43.371	
O1):-0.836	O2):44.433	
O1):-0.826	O2):43.51	
O1):-0.843	O2):49.175	
O1):-0.871	O2):64.052	
O1):-0.785	O2):44.502	
O1):-0.78	O2):37.71	
O1):-0.805	O2):42.172	
O1):-0.805	O2):38.988	
O1):-0.851	O2):52.573	
O1):-0.821	O2):42.812	
O1):-0.827	O2):53.162	
O1):-0.86	O2):53.538	
O1):-0.872	O2):64.167	
O1):-0.818	O2):47.535	
O1):-0.801	O2):38.79	
O1):-0.879	O2):68.978	
O1):-0.749	O2):37.325	
O1):-0.859	O2):53.351	
O1):-0.807	O2):42.564	
O1):-0.799	O2):39.665	
O1):-0.872	O2):68.253	
O1):-0.814	O2):47.788	
O1):-0.795	O2):38.409	
O1):-0.862	O2):54.218	
O1):-0.838	O2):47.519	
O1):-0.785	O2):37.401	
O1):-0.732	O2):36.722	
O1):-0.821	O2):42.812	
O1):-0.828	O2):43.628	
O1):-0.844	O2):49.265	
O1):-0.813	O2):42.627	
O1):-0.846	O2):49.299	
O1):-0.77	O2):37.755	
O1):-0.736	O2):35.743	
O1):-0.778	O2):40.128	
O1):-0.804	O2):41.798	
O1):-0.846	O2):48.391	
O1):-0.842	O2):53.012	
O1):-0.862	O2):53.961	
O1):-0.872	O2):68.253	
O1):-0.745	O2):35.366	
O1):-0.822	O2):43.099	
O1):-0.837	O2):45.718	
O1):-0.843	O2):49.175	
O1):-0.812	O2):43.018	
O1):-0.806	O2):42.623	
O1):-0.823	O2):47.228	
O1):-0.782	O2):37.992	
O1):-0.863	O2):58.711	
O1):-0.847	O2):49.616	
O1):-0.808	O2):43.648	
O1):-0.862	O2):53.974	
O1):-0.767	O2):37.086	
O1):-0.8	O2):38.735	
O1):-0.781	O2):37.632	
O1):-0.738	O2):36.244	
O1):-0.863	O2):58.727	
O1):-0.862	O2):53.982	
O1):-0.838	O2):48.836	
O1):-0.726	O2):35.234	
O1):-0.795	O2):38.409	
O1):-0.854	O2):50.697	
O1):-0.78	O2):38.31	
O1):-0.778	O2):41.321	
Evaluations:	1400
O1):-0.814	O2):43.277	
O1):-0.864	O2):59.264	
O1):-0.78	O2):37.74	
O1):-0.872	O2):68.253	
O1):-0.878	O2):64.227	
Starting PrismExecutor worker 4 on port 11464
O1):-0.78	O2):37.818	
O1):-0.844	O2):49.026	
O1):-0.791	O2):40.668	
O1):-0.87	O2):67.782	
O1):-0.812	O2):43.018	
Connected worker 4 to port 11464
O1):-0.826	O2):48.267	
O1):-0.863	O2):58.711	
O1):-0.778	O2):40.128	
O1):-0.733	O2):36.009	
O1):-0.754	O2):36.67	
O1):-0.812	O2):42.328	
O1):-0.801	O2):48.865	
O1):-0.853	O2):58.463	
O1):-0.864	O2):59.264	
O1):-0.847	O2):49.616	
O1):-0.8	O2):38.735	
O1):-0.854	O2):59.371	
O1):-0.871	O2):67.925	
O1):-0.816	O2):42.755	
O1):-0.8	O2):43.511	
O1):-0.805	O2):43.653	
O1):-0.837	O2):46.854	
O1):-0.871	O2):59.583	
O1):-0.797	O2):39.348	
O1):-0.861	O2):54.978	
O1):-0.82	O2):42.817	
O1):-0.793	O2):38.131	
O1):-0.863	O2):58.966	
O1):-0.812	O2):43.018	
O1):-0.787	O2):45.676	
O1):-0.759	O2):35.956	
O1):-0.845	O2):48.391	
O1):-0.762	O2):36.542	
O1):-0.813	O2):42.627	
O1):-0.726	O2):35.234	
O1):-0.846	O2):49.292	
O1):-0.846	O2):49.573	
O1):-0.795	O2):44.56	
O1):-0.862	O2):55.193	
O1):-0.837	O2):48.69	
O1):-0.862	O2):53.928	
O1):-0.764	O2):40.357	
O1):-0.704	O2):31.963	
O1):-0.801	O2):46.047	
O1):-0.869	O2):58.741	
O1):-0.843	O2):48.638	
O1):-0.779	O2):37.482	
O1):-0.872	O2):68.947	
O1):-0.801	O2):43.819	
O1):-0.778	O2):40.128	
O1):-0.821	O2):42.974	
O1):-0.854	O2):50.697	
O1):-0.812	O2):43.158	
O1):-0.801	O2):41.68	
O1):-0.766	O2):37.122	
O1):-0.796	O2):41.721	
O1):-0.828	O2):47.447	
O1):-0.854	O2):50.697	
O1):-0.774	O2):37.584	
O1):-0.777	O2):41.193	
O1):-0.777	O2):41.193	
O1):-0.777	O2):41.193	
O1):-0.828	O2):43.558	
O1):-0.728	O2):35.549	
O1):-0.785	O2):37.401	
O1):-0.863	O2):58.968	
O1):-0.87	O2):67.784	
O1):-0.759	O2):38.022	
O1):-0.749	O2):35.46	
O1):-0.837	O2):45.827	
O1):-0.869	O2):58.741	
O1):-0.749	O2):35.46	
O1):-0.805	O2):42.172	
O1):-0.836	O2):48.442	
O1):-0.845	O2):58.018	
O1):-0.826	O2):43.896	
O1):-0.796	O2):42.442	
O1):-0.87	O2):59.228	
O1):-0.779	O2):40.38	
O1):-0.807	O2):42.716	
O1):-0.864	O2):59.264	
O1):-0.846	O2):49.292	
O1):-0.869	O2):58.741	
O1):-0.758	O2):36.078	
O1):-0.864	O2):59.264	
O1):-0.805	O2):42.172	
O1):-0.812	O2):42.328	
O1):-0.87	O2):63.785	
O1):-0.854	O2):59.371	
O1):-0.828	O2):45.477	
O1):-0.862	O2):53.931	
O1):-0.836	O2):48.438	
Starting PrismExecutor worker 3 on port 11403
O1):-0.785	O2):37.401	
Connected worker 3 to port 11403
O1):-0.8	O2):41.905	
O1):-0.807	O2):42.588	
O1):-0.797	O2):42.164	
O1):-0.792	O2):41.023	
O1):-0.704	O2):31.962	
O1):-0.78	O2):37.809	
O1):-0.862	O2):53.928	
O1):-0.792	O2):41.023	
O1):-0.826	O2):43.896	
O1):-0.854	O2):50.697	
O1):-0.85	O2):58.38	
O1):-0.826	O2):43.896	
O1):-0.863	O2):58.966	
O1):-0.749	O2):35.914	
O1):-0.777	O2):41.193	
O1):-0.779	O2):36.342	
Evaluations:	1500
O1):-0.808	O2):43.648	
O1):-0.846	O2):49.573	
O1):-0.755	O2):34.194	
O1):-0.819	O2):42.628	
O1):-0.828	O2):44.187	
O1):-0.738	O2):36.244	
O1):-0.801	O2):38.79	
O1):-0.835	O2):45.369	
O1):-0.828	O2):43.694	
O1):-0.871	O2):59.583	
O1):-0.749	O2):39.655	
O1):-0.845	O2):48.12	
O1):-0.726	O2):35.234	
O1):-0.845	O2):48.12	
O1):-0.826	O2):43.896	
O1):-0.778	O2):41.321	
O1):-0.786	O2):40.832	
O1):-0.863	O2):59.637	
O1):-0.846	O2):49.448	
O1):-0.802	O2):44.988	
O1):-0.769	O2):37.814	
O1):-0.795	O2):38.409	
O1):-0.837	O2):48.552	
O1):-0.821	O2):45.378	
O1):-0.801	O2):41.994	
O1):-0.8	O2):38.735	
O1):-0.715	O2):35.234	
O1):-0.812	O2):42.328	
O1):-0.867	O2):63.164	
O1):-0.812	O2):43.018	
O1):-0.813	O2):42.62	
O1):-0.837	O2):48.69	
O1):-0.813	O2):42.604	
O1):-0.845	O2):55.01	
O1):-0.862	O2):53.928	
O1):-0.814	O2):43.273	
O1):-0.779	O2):37.456	
O1):-0.822	O2):44.325	
O1):-0.828	O2):45.477	
O1):-0.812	O2):42.849	
O1):-0.781	O2):37.686	
O1):-0.81	O2):42.745	
O1):-0.862	O2):55.047	
O1):-0.77	O2):37.282	
O1):-0.778	O2):40.128	
O1):-0.869	O2):58.741	
O1):-0.812	O2):43.018	
O1):-0.815	O2):44.106	
O1):-0.878	O2):64.227	
O1):-0.853	O2):53.058	
O1):-0.851	O2):53.917	
O1):-0.847	O2):49.597	
O1):-0.793	O2):38.129	
O1):-0.791	O2):40.674	
O1):-0.851	O2):53.911	
O1):-0.812	O2):42.328	
O1):-0.785	O2):37.401	
O1):-0.772	O2):39.238	
O1):-0.778	O2):36.98	
O1):-0.863	O2):58.966	
O1):-0.797	O2):39.348	
O1):-0.812	O2):43.018	
O1):-0.785	O2):37.401	
O1):-0.785	O2):41.773	
O1):-0.806	O2):42.724	
O1):-0.726	O2):35.234	
O1):-0.812	O2):43.162	
O1):-0.777	O2):41.193	
O1):-0.845	O2):49.471	
O1):-0.828	O2):43.709	
O1):-0.801	O2):41.68	
O1):-0.738	O2):36.244	
Starting PrismExecutor worker 4 on port 11444
O1):-0.845	O2):48.12	
O1):-0.836	O2):47.261	
O1):-0.872	O2):68.253	
O1):-0.844	O2):49.026	
Connected worker 4 to port 11444
O1):-0.785	O2):38.025	
O1):-0.812	O2):42.335	
O1):-0.766	O2):37.306	
O1):-0.815	O2):43.641	
O1):-0.844	O2):49.027	
O1):-0.845	O2):55.013	
O1):-0.844	O2):48.835	
O1):-0.814	O2):43.273	
O1):-0.769	O2):37.388	
O1):-0.801	O2):46.052	
O1):-0.767	O2):37.078	
O1):-0.805	O2):42.496	
O1):-0.777	O2):41.193	
O1):-0.83	O2):44.048	
O1):-0.769	O2):37.388	
O1):-0.837	O2):49.385	
O1):-0.808	O2):43.648	
O1):-0.803	O2):49.0	
O1):-0.749	O2):36.85	
O1):-0.813	O2):42.873	
O1):-0.771	O2):36.346	
O1):-0.779	O2):41.487	
O1):-0.812	O2):43.016	
O1):-0.822	O2):43.099	
O1):-0.795	O2):38.409	
O1):-0.771	O2):36.346	
O1):-0.764	O2):37.868	
O1):-0.854	O2):50.697	
O1):-0.861	O2):54.06	
O1):-0.804	O2):41.711	
O1):-0.826	O2):43.896	
O1):-0.806	O2):40.391	
O1):-0.793	O2):41.23	
O1):-0.807	O2):42.563	
O1):-0.746	O2):36.116	
O1):-0.791	O2):39.112	
O1):-0.812	O2):42.328	
O1):-0.764	O2):37.868	
O1):-0.829	O2):44.088	
O1):-0.826	O2):43.478	
O1):-0.805	O2):58.73	
Evaluations:	1500
O1):-0.87	O2):67.782	
O1):-0.758	O2):47.601	
O1):-0.761	O2):36.116	
O1):-0.872	O2):68.253	
O1):-0.878	O2):64.227	
O1):-0.805	O2):42.188	
O1):-0.815	O2):43.613	
O1):-0.796	O2):41.838	
O1):-0.779	O2):36.464	
O1):-0.825	O2):44.667	
O1):-0.805	O2):42.509	
O1):-0.793	O2):38.197	
O1):-0.777	O2):41.193	
O1):-0.871	O2):59.583	
O1):-0.777	O2):41.195	
O1):-0.869	O2):58.739	
O1):-0.785	O2):37.401	
O1):-0.873	O2):74.013	
O1):-0.854	O2):50.697	
O1):-0.873	O2):74.013	
O1):-0.863	O2):59.123	
O1):-0.805	O2):42.172	
O1):-0.78	O2):37.71	
Evaluations:	1400
O1):-0.806	O2):42.318	
O1):-0.814	O2):43.273	
O1):-0.872	O2):68.255	
O1):-0.762	O2):39.558	
O1):-0.777	O2):41.193	
O1):-0.806	O2):42.591	
O1):-0.836	O2):47.014	
O1):-0.871	O2):59.592	
O1):-0.758	O2):36.078	
O1):-0.872	O2):68.235	
O1):-0.777	O2):41.193	
O1):-0.827	O2):47.673	
O1):-0.873	O2):74.152	
O1):-0.806	O2):42.702	
O1):-0.869	O2):58.741	
O1):-0.786	O2):40.833	
O1):-0.807	O2):42.563	
O1):-0.825	O2):44.667	
O1):-0.873	O2):74.013	
O1):-0.845	O2):49.471	
O1):-0.846	O2):49.299	
O1):-0.772	O2):39.23	
Evaluations:	1600
O1):-0.845	O2):48.12	
Starting PrismExecutor worker 2 on port 11482
O1):-0.845	O2):48.12	
O1):-0.822	O2):43.099	
O1):-0.833	O2):48.587	
Connected worker 2 to port 11482
O1):-0.801	O2):38.79	
O1):-0.853	O2):58.463	
O1):-0.851	O2):53.911	
O1):-0.837	O2):45.83	
O1):-0.779	O2):41.487	
O1):-0.861	O2):61.635	
O1):-0.86	O2):53.538	
O1):-0.853	O2):53.937	
O1):-0.782	O2):38.455	
Evaluations:	1500
O1):-0.778	O2):37.445	
O1):-0.785	O2):37.401	
O1):-0.878	O2):64.228	
O1):-0.748	O2):36.503	
O1):-0.779	O2):36.342	
O1):-0.812	O2):43.018	
Evaluations:	1400
O1):-0.845	O2):48.12	
O1):-0.863	O2):58.727	
O1):-0.863	O2):58.727	
O1):-0.746	O2):33.346	
O1):-0.872	O2):63.913	
O1):-0.863	O2):58.453	
O1):-0.845	O2):49.319	
O1):-0.801	O2):38.79	
O1):-0.798	O2):42.077	
O1):-0.816	O2):42.755	
Evaluations:	1500
O1):-0.75	O2):37.368	
O1):-0.777	O2):41.193	
O1):-0.762	O2):36.468	
O1):-0.769	O2):37.388	
O1):-0.728	O2):35.549	
O1):-0.837	O2):44.752	
O1):-0.863	O2):54.283	
O1):-0.836	O2):47.26	
O1):-0.855	O2):59.3	
O1):-0.75	O2):35.85	
O1):-0.782	O2):37.989	
O1):-0.869	O2):58.741	
O1):-0.851	O2):58.058	
O1):-0.836	O2):47.26	
O1):-0.854	O2):50.697	
O1):-0.77	O2):37.755	
O1):-0.863	O2):58.968	
O1):-0.807	O2):42.716	
O1):-0.777	O2):41.193	
O1):-0.801	O2):38.79	
O1):-0.837	O2):45.87	
O1):-0.778	O2):41.321	
O1):-0.785	O2):37.401	
O1):-0.778	O2):37.12	
O1):-0.726	O2):35.235	
O1):-0.801	O2):38.79	
O1):-0.828	O2):43.56	
O1):-0.854	O2):50.697	
O1):-0.844	O2):49.265	
O1):-0.82	O2):42.77	
O1):-0.815	O2):47.231	
O1):-0.847	O2):49.604	
O1):-0.758	O2):36.078	
O1):-0.846	O2):49.448	
O1):-0.831	O2):48.35	
O1):-0.828	O2):43.628	
O1):-0.801	O2):46.005	
O1):-0.82	O2):42.77	
O1):-0.855	O2):57.979	
O1):-0.845	O2):49.253	
O1):-0.843	O2):48.638	
O1):-0.87	O2):67.782	
O1):-0.85	O2):58.249	
O1):-0.837	O2):46.901	
O1):-0.785	O2):37.401	
O1):-0.851	O2):58.058	
O1):-0.778	O2):37.12	
O1):-0.846	O2):49.573	
O1):-0.833	O2):49.884	
O1):-0.833	O2):51.769	
Starting PrismExecutor worker 1 on port 11431
O1):-0.853	O2):53.937	
O1):-0.862	O2):55.047	
O1):-0.845	O2):48.391	
O1):-0.813	O2):43.181	
Connected worker 1 to port 11431
O1):-0.862	O2):55.047	
O1):-0.733	O2):36.009	
O1):-0.829	O2):47.728	
O1):-0.837	O2):45.827	
O1):-0.783	O2):38.085	
O1):-0.826	O2):43.478	
O1):-0.813	O2):42.794	
O1):-0.778	O2):37.479	
O1):-0.841	O2):48.301	
O1):-0.828	O2):44.358	
O1):-0.835	O2):45.369	
O1):-0.746	O2):33.346	
O1):-0.878	O2):64.227	
O1):-0.869	O2):58.741	
O1):-0.828	O2):44.358	
O1):-0.815	O2):43.613	
O1):-0.863	O2):58.577	
O1):-0.749	O2):37.325	
O1):-0.822	O2):43.099	
O1):-0.85	O2):58.181	
O1):-0.785	O2):37.401	
O1):-0.777	O2):41.193	
O1):-0.863	O2):58.727	
O1):-0.863	O2):54.233	
O1):-0.784	O2):41.544	
O1):-0.854	O2):50.697	
O1):-0.763	O2):36.762	
O1):-0.78	O2):37.818	
O1):-0.881	O2):68.578	
O1):-0.804	O2):41.45	
O1):-0.766	O2):37.306	
O1):-0.872	O2):63.693	
O1):-0.805	O2):42.172	
O1):-0.804	O2):41.798	
O1):-0.863	O2):58.577	
O1):-0.844	O2):49.019	
O1):-0.771	O2):36.346	
O1):-0.838	O2):47.519	
O1):-0.809	O2):41.786	
O1):-0.854	O2):50.697	
O1):-0.793	O2):41.229	
O1):-0.847	O2):49.591	
O1):-0.83	O2):44.053	
O1):-0.813	O2):42.659	
O1):-0.795	O2):44.239	
O1):-0.807	O2):42.563	
O1):-0.733	O2):36.009	
O1):-0.785	O2):41.588	
O1):-0.82	O2):42.77	
O1):-0.841	O2):49.081	
O1):-0.807	O2):42.719	
O1):-0.779	O2):37.482	
O1):-0.827	O2):43.966	
O1):-0.726	O2):35.234	
O1):-0.844	O2):49.363	
O1):-0.87	O2):67.782	
O1):-0.841	O2):65.104	
O1):-0.852	O2):58.655	
O1):-0.803	O2):42.899	
O1):-0.838	O2):44.733	
O1):-0.82	O2):43.887	
O1):-0.746	O2):36.116	
O1):-0.849	O2):53.034	
O1):-0.814	O2):43.273	
O1):-0.828	O2):44.358	
O1):-0.867	O2):63.17	
O1):-0.826	O2):49.744	
O1):-0.804	O2):41.45	
O1):-0.862	O2):53.928	
O1):-0.769	O2):37.389	
O1):-0.768	O2):37.477	
O1):-0.851	O2):58.058	
O1):-0.76	O2):36.114	
O1):-0.821	O2):42.964	
O1):-0.854	O2):50.697	
O1):-0.785	O2):37.401	
O1):-0.782	O2):42.397	
O1):-0.854	O2):58.186	
O1):-0.785	O2):37.401	
O1):-0.749	O2):37.325	
O1):-0.82	O2):42.77	
O1):-0.771	O2):36.346	
O1):-0.785	O2):37.401	
O1):-0.852	O2):50.171	
O1):-0.766	O2):37.132	
Starting PrismExecutor worker 5 on port 11445
O1):-0.838	O2):44.733	
O1):-0.757	O2):37.19	
O1):-0.82	O2):42.949	
O1):-0.77	O2):37.282	
Connected worker 5 to port 11445
O1):-0.745	O2):35.351	
O1):-0.818	O2):48.775	
O1):-0.778	O2):40.128	
O1):-0.728	O2):35.549	
O1):-0.836	O2):45.544	
O1):-0.846	O2):49.292	
O1):-0.771	O2):36.346	
O1):-0.748	O2):36.503	
O1):-0.828	O2):43.694	
O1):-0.777	O2):37.213	
O1):-0.803	O2):49.001	
O1):-0.854	O2):50.697	
O1):-0.78	O2):40.333	
O1):-0.844	O2):49.265	
O1):-0.854	O2):53.506	
O1):-0.779	O2):37.482	
O1):-0.847	O2):54.437	
O1):-0.87	O2):67.782	
O1):-0.838	O2):44.733	
O1):-0.778	O2):40.128	
O1):-0.819	O2):44.454	
O1):-0.779	O2):41.487	
O1):-0.862	O2):53.928	
O1):-0.786	O2):40.63	
O1):-0.863	O2):58.966	
O1):-0.859	O2):53.348	
O1):-0.854	O2):50.697	
O1):-0.855	O2):53.545	
O1):-0.844	O2):49.171	
O1):-0.777	O2):41.193	
O1):-0.821	O2):46.035	
O1):-0.863	O2):54.284	
O1):-0.781	O2):37.632	
O1):-0.807	O2):42.563	
O1):-0.768	O2):37.501	
O1):-0.863	O2):54.292	
O1):-0.805	O2):64.402	
O1):-0.862	O2):53.928	
O1):-0.837	O2):45.827	
O1):-0.837	O2):45.827	
O1):-0.849	O2):49.744	
O1):-0.843	O2):48.693	
O1):-0.784	O2):40.549	
O1):-0.813	O2):43.473	
O1):-0.785	O2):41.586	
O1):-0.86	O2):59.33	
O1):-0.826	O2):43.896	
O1):-0.807	O2):42.563	
O1):-0.796	O2):49.27	
O1):-0.826	O2):43.896	
O1):-0.793	O2):38.129	
O1):-0.822	O2):43.099	
O1):-0.871	O2):63.564	
O1):-0.838	O2):47.6	
O1):-0.759	O2):35.958	
O1):-0.757	O2):38.949	
O1):-0.807	O2):42.716	
O1):-0.873	O2):74.013	
O1):-0.863	O2):58.966	
O1):-0.817	O2):43.993	
O1):-0.779	O2):36.502	
O1):-0.812	O2):42.328	
O1):-0.827	O2):43.417	
O1):-0.726	O2):35.234	
O1):-0.78	O2):37.818	
O1):-0.862	O2):53.961	
O1):-0.862	O2):54.244	
O1):-0.777	O2):40.311	
O1):-0.845	O2):48.393	
O1):-0.862	O2):55.047	
O1):-0.822	O2):43.099	
O1):-0.853	O2):50.343	
O1):-0.843	O2):47.831	
O1):-0.854	O2):50.697	
O1):-0.859	O2):53.351	
O1):-0.801	O2):46.052	
O1):-0.758	O2):36.078	
O1):-0.804	O2):41.804	
O1):-0.826	O2):43.51	
O1):-0.822	O2):53.196	
O1):-0.778	O2):40.128	
O1):-0.806	O2):43.632	
O1):-0.854	O2):50.697	
O1):-0.779	O2):40.781	
O1):-0.846	O2):49.448	
O1):-0.878	O2):64.227	
Starting PrismExecutor worker 0 on port 11480
O1):-0.778	O2):37.479	
O1):-0.816	O2):42.755	
O1):-0.854	O2):50.697	
O1):-0.778	O2):41.321	
O1):-0.761	O2):36.116	
O1):-0.785	O2):37.401	
Connected worker 0 to port 11480
O1):-0.863	O2):54.412	
O1):-0.828	O2):43.694	
O1):-0.861	O2):54.977	
O1):-0.772	O2):42.315	
O1):-0.812	O2):42.849	
O1):-0.863	O2):60.045	
O1):-0.837	O2):45.827	
O1):-0.758	O2):36.078	
O1):-0.836	O2):47.261	
O1):-0.826	O2):43.896	
O1):-0.855	O2):69.291	
O1):-0.845	O2):49.165	
O1):-0.778	O2):40.128	
O1):-0.821	O2):43.153	
O1):-0.862	O2):54.252	
O1):-0.727	O2):35.458	
O1):-0.785	O2):37.401	
O1):-0.777	O2):41.193	
O1):-0.823	O2):44.229	
Evaluations:	1500
O1):-0.746	O2):36.116	
O1):-0.782	O2):36.666	
O1):-0.783	O2):38.085	
O1):-0.742	O2):36.543	
O1):-0.828	O2):44.187	
O1):-0.777	O2):41.203	
O1):-0.796	O2):41.721	
O1):-0.785	O2):37.401	
O1):-0.83	O2):43.822	
O1):-0.854	O2):50.697	
O1):-0.872	O2):63.693	
O1):-0.863	O2):58.966	
O1):-0.859	O2):63.243	
O1):-0.862	O2):53.973	
O1):-0.771	O2):36.346	
O1):-0.843	O2):48.729	
O1):-0.853	O2):53.058	
O1):-0.829	O2):44.053	
O1):-0.852	O2):50.173	
O1):-0.863	O2):58.966	
O1):-0.77	O2):37.755	
O1):-0.834	O2):43.925	
O1):-0.871	O2):59.386	
O1):-0.77	O2):37.755	
O1):-0.845	O2):48.391	
O1):-0.804	O2):41.851	
O1):-0.767	O2):37.078	
O1):-0.83	O2):48.679	
O1):-0.779	O2):41.487	
O1):-0.872	O2):64.167	
O1):-0.83	O2):44.053	
O1):-0.771	O2):36.346	
O1):-0.871	O2):68.094	
O1):-0.863	O2):58.966	
O1):-0.79	O2):41.435	
O1):-0.854	O2):50.697	
O1):-0.844	O2):49.265	
O1):-0.834	O2):53.357	
O1):-0.87	O2):67.784	
O1):-0.733	O2):36.013	
O1):-0.778	O2):40.898	
O1):-0.805	O2):38.889	
O1):-0.785	O2):37.401	
O1):-0.862	O2):53.981	
O1):-0.745	O2):35.366	
O1):-0.749	O2):36.075	
O1):-0.835	O2):45.369	
O1):-0.727	O2):32.484	
O1):-0.844	O2):49.265	
O1):-0.815	O2):43.613	
O1):-0.793	O2):38.129	
O1):-0.81	O2):45.551	
O1):-0.844	O2):49.014	
O1):-0.846	O2):49.293	
O1):-0.843	O2):48.728	
O1):-0.837	O2):45.827	
O1):-0.854	O2):50.697	
O1):-0.82	O2):43.882	
O1):-0.833	O2):47.334	
O1):-0.835	O2):45.369	
O1):-0.844	O2):49.265	
O1):-0.863	O2):58.966	
O1):-0.862	O2):53.928	
O1):-0.846	O2):49.292	
Starting PrismExecutor worker 4 on port 11424
O1):-0.807	O2):42.716	
O1):-0.78	O2):40.366	
Connected worker 4 to port 11424
O1):-0.778	O2):36.267	
O1):-0.854	O2):50.697	
O1):-0.872	O2):63.91	
O1):-0.778	O2):41.321	
O1):-0.805	O2):42.187	
O1):-0.799	O2):41.582	
O1):-0.863	O2):59.899	
O1):-0.82	O2):42.812	
O1):-0.854	O2):50.697	
O1):-0.759	O2):35.956	
O1):-0.853	O2):53.058	
O1):-0.828	O2):45.419	
O1):-0.863	O2):54.412	
O1):-0.82	O2):42.77	
O1):-0.879	O2):67.715	
O1):-0.761	O2):36.44	
O1):-0.759	O2):37.548	
O1):-0.871	O2):68.092	
O1):-0.861	O2):53.854	
O1):-0.785	O2):38.025	
O1):-0.749	O2):36.848	
O1):-0.872	O2):63.907	
O1):-0.844	O2):51.596	
O1):-0.804	O2):41.492	
O1):-0.759	O2):36.079	
O1):-0.862	O2):55.047	
O1):-0.771	O2):36.352	
O1):-0.879	O2):68.976	
O1):-0.844	O2):49.261	
O1):-0.82	O2):42.77	
O1):-0.872	O2):64.166	
O1):-0.807	O2):42.563	
O1):-0.814	O2):43.273	
O1):-0.778	O2):37.479	
O1):-0.778	O2):40.958	
O1):-0.853	O2):53.937	
O1):-0.806	O2):43.745	
O1):-0.726	O2):35.234	
O1):-0.793	O2):41.226	
O1):-0.783	O2):40.302	
O1):-0.829	O2):43.788	
O1):-0.795	O2):44.241	
O1):-0.78	O2):37.71	
O1):-0.789	O2):41.307	
O1):-0.846	O2):49.573	
O1):-0.854	O2):50.697	
O1):-0.851	O2):58.477	
O1):-0.805	O2):42.585	
O1):-0.77	O2):37.755	
O1):-0.785	O2):37.401	
O1):-0.868	O2):67.149	
O1):-0.723	O2):33.103	
O1):-0.828	O2):51.66	
O1):-0.854	O2):50.697	
O1):-0.771	O2):36.346	
O1):-0.859	O2):53.251	
O1):-0.849	O2):53.034	
O1):-0.812	O2):43.015	
O1):-0.864	O2):59.265	
O1):-0.863	O2):54.233	
O1):-0.835	O2):56.655	
O1):-0.704	O2):31.962	
O1):-0.742	O2):34.986	
O1):-0.826	O2):43.896	
O1):-0.828	O2):43.623	
O1):-0.854	O2):50.697	
O1):-0.793	O2):38.129	
O1):-0.828	O2):43.621	
O1):-0.81	O2):42.027	
O1):-0.813	O2):42.794	
O1):-0.862	O2):53.931	
O1):-0.807	O2):42.629	
O1):-0.812	O2):47.883	
O1):-0.847	O2):49.604	
O1):-0.817	O2):48.379	
O1):-0.726	O2):35.234	
O1):-0.792	O2):41.023	
O1):-0.847	O2):49.616	
O1):-0.837	O2):47.315	
O1):-0.862	O2):55.047	
O1):-0.785	O2):41.588	
O1):-0.79	O2):43.415	
O1):-0.761	O2):36.116	
O1):-0.871	O2):67.925	
O1):-0.815	O2):43.613	
O1):-0.778	O2):40.128	
O1):-0.878	O2):64.227	
O1):-0.784	O2):41.541	
Starting PrismExecutor worker 2 on port 11492
O1):-0.804	O2):41.798	
Connected worker 2 to port 11492
O1):-0.75	O2):35.85	
O1):-0.846	O2):49.466	
O1):-0.804	O2):38.673	
O1):-0.792	O2):40.307	
O1):-0.762	O2):36.474	
O1):-0.872	O2):63.91	
O1):-0.777	O2):41.195	
O1):-0.872	O2):63.693	
O1):-0.844	O2):48.747	
O1):-0.82	O2):44.797	
O1):-0.846	O2):49.466	
O1):-0.749	O2):39.427	
O1):-0.871	O2):59.583	
O1):-0.837	O2):47.535	
O1):-0.846	O2):49.3	
O1):-0.837	O2):45.664	
O1):-0.778	O2):40.134	
O1):-0.704	O2):31.963	
O1):-0.785	O2):37.406	
O1):-0.861	O2):54.977	
O1):-0.78	O2):37.71	
O1):-0.777	O2):41.193	
O1):-0.859	O2):53.3	
O1):-0.797	O2):39.348	
O1):-0.787	O2):45.676	
O1):-0.821	O2):43.056	
O1):-0.828	O2):44.427	
O1):-0.847	O2):49.585	
O1):-0.777	O2):41.193	
O1):-0.758	O2):36.078	
O1):-0.807	O2):42.716	
O1):-0.805	O2):42.172	
O1):-0.787	O2):44.326	
O1):-0.838	O2):44.732	
O1):-0.863	O2):54.412	
O1):-0.742	O2):39.241	
O1):-0.845	O2):48.12	
O1):-0.805	O2):42.225	
O1):-0.88	O2):69.482	
O1):-0.82	O2):42.77	
O1):-0.845	O2):49.319	
O1):-0.779	O2):41.487	
O1):-0.838	O2):48.862	
O1):-0.75	O2):35.85	
O1):-0.785	O2):41.899	
O1):-0.771	O2):36.346	
O1):-0.807	O2):42.716	
O1):-0.846	O2):54.458	
O1):-0.759	O2):37.833	
O1):-0.826	O2):43.896	
O1):-0.771	O2):36.346	
O1):-0.784	O2):41.539	
O1):-0.804	O2):41.711	
O1):-0.845	O2):48.391	
O1):-0.792	O2):42.202	
O1):-0.833	O2):48.303	
O1):-0.792	O2):40.978	
O1):-0.862	O2):59.422	
O1):-0.78	O2):40.366	
O1):-0.767	O2):36.851	
O1):-0.812	O2):64.603	
O1):-0.833	O2):44.735	
O1):-0.862	O2):59.417	
O1):-0.851	O2):58.058	
O1):-0.853	O2):54.649	
O1):-0.835	O2):45.369	
O1):-0.813	O2):43.175	
O1):-0.786	O2):38.363	
O1):-0.817	O2):46.383	
O1):-0.826	O2):43.896	
O1):-0.813	O2):42.794	
O1):-0.786	O2):43.178	
O1):-0.805	O2):42.172	
O1):-0.785	O2):37.401	
O1):-0.801	O2):48.887	
O1):-0.845	O2):54.205	
O1):-0.836	O2):53.744	
O1):-0.862	O2):53.961	
O1):-0.844	O2):48.747	
O1):-0.828	O2):44.187	
O1):-0.786	O2):40.628	
O1):-0.836	O2):55.645	
O1):-0.777	O2):41.203	
O1):-0.821	O2):46.577	
O1):-0.804	O2):41.851	
O1):-0.758	O2):36.078	
O1):-0.733	O2):36.009	
O1):-0.813	O2):42.659	
O1):-0.795	O2):44.569	
O1):-0.777	O2):36.096	
Starting PrismExecutor worker 0 on port 11410
O1):-0.844	O2):48.835	
O1):-0.768	O2):37.478	
O1):-0.863	O2):54.235	
Connected worker 0 to port 11410
O1):-0.758	O2):36.078	
O1):-0.799	O2):41.045	
O1):-0.793	O2):38.129	
O1):-0.793	O2):38.129	
O1):-0.853	O2):63.073	
O1):-0.87	O2):59.226	
O1):-0.871	O2):59.583	
O1):-0.784	O2):40.55	
O1):-0.791	O2):40.959	
O1):-0.763	O2):36.76	
O1):-0.837	O2):48.557	
O1):-0.851	O2):58.058	
O1):-0.849	O2):53.034	
O1):-0.828	O2):45.419	
O1):-0.82	O2):42.77	
O1):-0.75	O2):36.61	
O1):-0.822	O2):43.099	
O1):-0.846	O2):49.293	
O1):-0.845	O2):49.289	
O1):-0.746	O2):36.11	
O1):-0.878	O2):64.227	
O1):-0.806	O2):40.0	
O1):-0.82	O2):42.77	
O1):-0.854	O2):50.697	
O1):-0.749	O2):37.325	
O1):-0.767	O2):36.851	
O1):-0.778	O2):41.321	
O1):-0.828	O2):43.694	
O1):-0.804	O2):41.971	
O1):-0.853	O2):58.463	
O1):-0.758	O2):36.078	
O1):-0.872	O2):68.235	
O1):-0.758	O2):35.889	
O1):-0.807	O2):42.716	
O1):-0.78	O2):37.71	
O1):-0.786	O2):40.953	
O1):-0.862	O2):53.928	
O1):-0.758	O2):35.731	
O1):-0.855	O2):59.127	
O1):-0.864	O2):59.264	
O1):-0.862	O2):53.974	
O1):-0.845	O2):49.153	
O1):-0.758	O2):36.078	
O1):-0.777	O2):36.096	
O1):-0.758	O2):36.078	
O1):-0.763	O2):36.769	
O1):-0.863	O2):58.966	
O1):-0.786	O2):40.845	
O1):-0.846	O2):49.299	
O1):-0.807	O2):42.716	
O1):-0.78	O2):40.333	
Evaluations:	1300
O1):-0.793	O2):38.197	
O1):-0.872	O2):64.166	
O1):-0.771	O2):36.346	
O1):-0.867	O2):63.164	
O1):-0.843	O2):48.696	
O1):-0.862	O2):53.974	
O1):-0.846	O2):48.387	
O1):-0.733	O2):36.013	
O1):-0.778	O2):40.128	
O1):-0.761	O2):36.18	
O1):-0.862	O2):54.244	
O1):-0.826	O2):43.897	
O1):-0.772	O2):39.231	
O1):-0.778	O2):40.128	
O1):-0.845	O2):54.205	
O1):-0.77	O2):37.755	
O1):-0.807	O2):42.733	
O1):-0.778	O2):41.321	
O1):-0.827	O2):53.162	
O1):-0.844	O2):51.596	
O1):-0.826	O2):43.896	
O1):-0.777	O2):40.151	
O1):-0.871	O2):59.583	
O1):-0.777	O2):41.193	
O1):-0.851	O2):58.058	
O1):-0.811	O2):42.923	
O1):-0.872	O2):63.91	
O1):-0.863	O2):58.966	
O1):-0.829	O2):43.788	
O1):-0.778	O2):37.12	
O1):-0.784	O2):37.28	
O1):-0.759	O2):35.956	
O1):-0.828	O2):43.748	
O1):-0.785	O2):37.401	
O1):-0.777	O2):41.193	
Starting PrismExecutor worker 0 on port 11470
O1):-0.799	O2):41.582	
O1):-0.778	O2):41.321	
Connected worker 0 to port 11470
O1):-0.826	O2):43.51	
O1):-0.807	O2):42.716	
O1):-0.821	O2):43.116	
O1):-0.792	O2):41.023	
O1):-0.823	O2):44.229	
O1):-0.863	O2):59.899	
O1):-0.793	O2):38.129	
O1):-0.863	O2):54.278	
O1):-0.77	O2):37.755	
O1):-0.854	O2):63.155	
O1):-0.79	O2):43.415	
O1):-0.758	O2):36.078	
O1):-0.845	O2):49.248	
O1):-0.778	O2):40.134	
O1):-0.726	O2):35.234	
O1):-0.778	O2):40.128	
O1):-0.847	O2):49.597	
O1):-0.846	O2):48.387	
O1):-0.784	O2):41.517	
O1):-0.822	O2):53.196	
O1):-0.782	O2):36.659	
O1):-0.779	O2):40.38	
O1):-0.815	O2):43.613	
O1):-0.863	O2):54.438	
O1):-0.846	O2):49.573	
O1):-0.863	O2):54.291	
O1):-0.779	O2):39.36	
O1):-0.879	O2):67.715	
O1):-0.844	O2):47.811	
O1):-0.825	O2):44.667	
O1):-0.818	O2):47.573	
O1):-0.841	O2):65.104	
O1):-0.75	O2):35.997	
O1):-0.808	O2):45.366	
O1):-0.843	O2):57.631	
O1):-0.838	O2):47.519	
O1):-0.75	O2):35.997	
O1):-0.836	O2):53.744	
O1):-0.785	O2):37.401	
O1):-0.846	O2):49.466	
O1):-0.847	O2):49.605	
O1):-0.807	O2):42.716	
O1):-0.82	O2):44.78	
O1):-0.827	O2):44.754	
O1):-0.792	O2):40.307	
O1):-0.805	O2):42.172	
O1):-0.749	O2):36.848	
O1):-0.816	O2):42.755	
O1):-0.825	O2):48.999	
O1):-0.801	O2):38.79	
O1):-0.823	O2):44.229	
O1):-0.846	O2):49.299	
O1):-0.814	O2):43.273	
O1):-0.783	O2):38.085	
O1):-0.777	O2):41.193	
O1):-0.845	O2):48.391	
O1):-0.845	O2):52.422	
O1):-0.863	O2):58.966	
O1):-0.881	O2):68.578	
O1):-0.805	O2):42.172	
O1):-0.778	O2):41.321	
O1):-0.864	O2):59.264	
O1):-0.836	O2):48.564	
O1):-0.801	O2):38.79	
O1):-0.796	O2):41.696	
O1):-0.828	O2):43.751	
O1):-0.771	O2):36.346	
O1):-0.778	O2):40.128	
O1):-0.757	O2):38.955	
O1):-0.828	O2):45.419	
O1):-0.778	O2):37.479	
O1):-0.826	O2):43.896	
O1):-0.826	O2):55.443	
O1):-0.836	O2):48.442	
O1):-0.863	O2):54.283	
O1):-0.807	O2):42.716	
O1):-0.786	O2):38.906	
O1):-0.845	O2):48.12	
O1):-0.818	O2):43.371	
O1):-0.826	O2):43.896	
O1):-0.764	O2):37.868	
O1):-0.807	O2):42.716	
O1):-0.807	O2):42.732	
O1):-0.826	O2):43.896	
O1):-0.777	O2):40.152	
O1):-0.862	O2):55.047	
O1):-0.846	O2):54.004	
O1):-0.863	O2):58.727	
O1):-0.844	O2):49.026	
O1):-0.77	O2):37.766	
O1):-0.871	O2):59.385	
O1):-0.829	O2):43.788	
O1):-0.871	O2):59.583	
O1):-0.826	O2):43.896	
O1):-0.844	O2):49.265	
Starting PrismExecutor worker 3 on port 11413
O1):-0.827	O2):43.39	
O1):-0.859	O2):53.351	
O1):-0.852	O2):60.272	
O1):-0.804	O2):45.747	
Connected worker 3 to port 11413
O1):-0.872	O2):63.908	
O1):-0.812	O2):42.328	
O1):-0.814	O2):42.94	
O1):-0.778	O2):36.98	
O1):-0.801	O2):38.79	
O1):-0.846	O2):49.466	
O1):-0.785	O2):37.401	
O1):-0.805	O2):41.696	
O1):-0.798	O2):42.632	
O1):-0.807	O2):42.716	
O1):-0.768	O2):37.477	
O1):-0.75	O2):35.998	
O1):-0.797	O2):39.348	
O1):-0.785	O2):41.773	
O1):-0.853	O2):63.074	
O1):-0.846	O2):49.292	
O1):-0.829	O2):47.728	
O1):-0.765	O2):40.092	
O1):-0.826	O2):43.896	
O1):-0.863	O2):59.899	
O1):-0.765	O2):36.556	
O1):-0.806	O2):42.637	
O1):-0.814	O2):43.273	
O1):-0.807	O2):42.716	
O1):-0.854	O2):58.873	
O1):-0.871	O2):59.583	
O1):-0.862	O2):53.991	
O1):-0.847	O2):54.299	
O1):-0.871	O2):63.554	
O1):-0.778	O2):41.321	
O1):-0.871	O2):63.564	
O1):-0.841	O2):48.301	
O1):-0.813	O2):42.627	
O1):-0.785	O2):37.401	
O1):-0.784	O2):40.556	
O1):-0.813	O2):42.794	
O1):-0.849	O2):53.034	
O1):-0.739	O2):36.001	
O1):-0.807	O2):42.563	
O1):-0.763	O2):36.769	
O1):-0.796	O2):45.084	
O1):-0.776	O2):39.436	
O1):-0.872	O2):72.942	
O1):-0.778	O2):41.321	
O1):-0.778	O2):41.321	
O1):-0.822	O2):43.099	
O1):-0.796	O2):41.858	
O1):-0.881	O2):68.578	
O1):-0.778	O2):40.128	
O1):-0.785	O2):37.401	
O1):-0.824	O2):44.555	
O1):-0.805	O2):54.298	
O1):-0.826	O2):43.896	
O1):-0.826	O2):43.896	
O1):-0.818	O2):47.535	
O1):-0.828	O2):43.691	
O1):-0.742	O2):34.929	
O1):-0.76	O2):36.478	
O1):-0.821	O2):43.056	
O1):-0.863	O2):58.966	
O1):-0.863	O2):59.633	
O1):-0.88	O2):68.217	
O1):-0.797	O2):39.348	
O1):-0.81	O2):42.655	
O1):-0.811	O2):42.262	
O1):-0.772	O2):36.788	
O1):-0.862	O2):55.047	
O1):-0.819	O2):43.674	
O1):-0.758	O2):35.731	
O1):-0.83	O2):43.826	
O1):-0.804	O2):43.408	
O1):-0.844	O2):49.026	
O1):-0.82	O2):42.77	
O1):-0.847	O2):54.323	
O1):-0.804	O2):41.45	
O1):-0.846	O2):49.299	
O1):-0.811	O2):42.923	
O1):-0.844	O2):49.265	
O1):-0.749	O2):35.46	
O1):-0.816	O2):42.755	
O1):-0.851	O2):58.058	
O1):-0.847	O2):53.423	
O1):-0.847	O2):49.606	
O1):-0.833	O2):45.199	
O1):-0.829	O2):45.303	
O1):-0.796	O2):49.268	
O1):-0.749	O2):35.91	
O1):-0.805	O2):42.526	
O1):-0.726	O2):35.234	
O1):-0.806	O2):40.0	
O1):-0.778	O2):37.547	
O1):-0.839	O2):53.434	
O1):-0.786	O2):40.628	
O1):-0.863	O2):54.412	
O1):-0.862	O2):53.938	
O1):-0.812	O2):42.328	
O1):-0.777	O2):41.193	
O1):-0.826	O2):43.896	
O1):-0.768	O2):37.477	
O1):-0.792	O2):40.313	
O1):-0.809	O2):42.728	
O1):-0.872	O2):68.334	
O1):-0.758	O2):36.078	
O1):-0.774	O2):37.542	
O1):-0.779	O2):36.342	
O1):-0.726	O2):35.234	
O1):-0.864	O2):64.384	
O1):-0.804	O2):40.546	
O1):-0.805	O2):42.172	
O1):-0.87	O2):67.782	
Starting PrismExecutor worker 2 on port 11432
O1):-0.746	O2):33.346	
O1):-0.75	O2):37.367	
O1):-0.78	O2):39.139	
Connected worker 2 to port 11432
O1):-0.862	O2):53.931	
O1):-0.847	O2):49.616	
O1):-0.837	O2):44.752	
O1):-0.824	O2):44.573	
O1):-0.845	O2):48.12	
O1):-0.846	O2):49.573	
O1):-0.822	O2):43.117	
O1):-0.846	O2):49.573	
O1):-0.845	O2):48.396	
O1):-0.758	O2):35.731	
O1):-0.821	O2):43.056	
O1):-0.801	O2):38.79	
Evaluations:	1600
O1):-0.778	O2):40.128	
Evaluations:	1700
O1):-0.826	O2):43.478	
O1):-0.826	O2):43.896	
O1):-0.846	O2):49.306	
O1):-0.817	O2):43.915	
O1):-0.863	O2):54.434	
O1):-0.846	O2):48.387	
O1):-0.861	O2):54.75	
O1):-0.826	O2):43.896	
O1):-0.786	O2):38.906	
O1):-0.739	O2):36.009	
O1):-0.777	O2):41.193	
Evaluations:	1500
O1):-0.846	O2):49.292	
O1):-0.806	O2):42.642	
O1):-0.785	O2):37.401	
Evaluations:	1600
O1):-0.805	O2):42.172	
O1):-0.783	O2):40.495	
O1):-0.726	O2):35.234	
O1):-0.826	O2):43.896	
O1):-0.805	O2):42.494	
O1):-0.838	O2):47.53	
O1):-0.78	O2):37.693	
O1):-0.827	O2):43.966	
O1):-0.758	O2):36.078	
O1):-0.863	O2):58.577	
O1):-0.826	O2):43.478	
O1):-0.846	O2):54.168	
O1):-0.819	O2):43.685	
O1):-0.862	O2):53.961	
O1):-0.821	O2):43.056	
O1):-0.727	O2):32.491	
O1):-0.845	O2):49.298	
O1):-0.831	O2):44.138	
O1):-0.82	O2):42.77	
O1):-0.801	O2):43.625	
O1):-0.862	O2):54.069	
O1):-0.796	O2):41.737	
O1):-0.805	O2):42.172	
O1):-0.777	O2):37.202	
O1):-0.759	O2):35.956	
O1):-0.837	O2):46.854	
O1):-0.82	O2):42.811	
O1):-0.76	O2):38.774	
O1):-0.803	O2):39.206	
O1):-0.846	O2):49.299	
O1):-0.851	O2):58.058	
O1):-0.867	O2):63.164	
O1):-0.873	O2):74.013	
O1):-0.793	O2):38.133	
O1):-0.8	O2):38.735	
O1):-0.867	O2):63.163	
O1):-0.825	O2):44.667	
O1):-0.845	O2):49.153	
O1):-0.841	O2):48.366	
O1):-0.746	O2):36.111	
O1):-0.792	O2):40.307	
O1):-0.854	O2):53.506	
O1):-0.849	O2):53.034	
O1):-0.837	O2):45.718	
O1):-0.804	O2):41.906	
O1):-0.799	O2):39.665	
O1):-0.78	O2):45.186	
O1):-0.843	O2):49.176	
O1):-0.811	O2):42.923	
O1):-0.87	O2):67.782	
O1):-0.845	O2):49.319	
O1):-0.77	O2):37.731	
O1):-0.847	O2):49.605	
O1):-0.814	O2):43.273	
Starting PrismExecutor worker 1 on port 11451
O1):-0.772	O2):42.315	
Connected worker 1 to port 11451
O1):-0.78	O2):36.4	
O1):-0.829	O2):47.937	
O1):-0.826	O2):43.896	
O1):-0.86	O2):53.775	
O1):-0.782	O2):36.659	
O1):-0.845	O2):48.12	
O1):-0.862	O2):53.961	
O1):-0.835	O2):44.139	
O1):-0.788	O2):38.847	
O1):-0.881	O2):68.578	
O1):-0.845	O2):48.12	
O1):-0.77	O2):37.755	
O1):-0.855	O2):57.979	
O1):-0.749	O2):36.081	
O1):-0.828	O2):43.616	
O1):-0.846	O2):49.573	
O1):-0.755	O2):34.194	
O1):-0.837	O2):47.315	
O1):-0.778	O2):41.373	
O1):-0.809	O2):42.734	
O1):-0.83	O2):43.82	
O1):-0.803	O2):39.226	
O1):-0.844	O2):49.265	
O1):-0.852	O2):50.171	
O1):-0.828	O2):43.694	
O1):-0.836	O2):44.433	
O1):-0.843	O2):48.638	
O1):-0.862	O2):54.115	
O1):-0.785	O2):37.401	
O1):-0.804	O2):41.803	
O1):-0.827	O2):43.419	
O1):-0.778	O2):36.987	
O1):-0.728	O2):35.549	
Evaluations:	1500
Starting PrismExecutor worker 1 on port 11471
Connected worker 1 to port 11471
O1):-0.786	O2):40.628	
O1):-0.8	O2):38.74	
O1):-0.878	O2):64.227	
O1):-0.795	O2):41.612	
O1):-0.777	O2):36.096	
O1):-0.759	O2):35.956	
O1):-0.878	O2):64.227	
O1):-0.779	O2):40.855	
O1):-0.804	O2):42.421	
O1):-0.781	O2):38.951	
O1):-0.864	O2):64.528	
O1):-0.778	O2):41.321	
O1):-0.8	O2):42.546	
O1):-0.779	O2):41.484	
O1):-0.745	O2):35.351	
O1):-0.779	O2):36.342	
O1):-0.828	O2):44.187	
O1):-0.801	O2):38.79	
O1):-0.837	O2):48.69	
O1):-0.846	O2):49.292	
O1):-0.881	O2):68.578	
O1):-0.846	O2):49.292	
O1):-0.837	O2):47.315	
O1):-0.826	O2):43.478	
O1):-0.845	O2):53.827	
O1):-0.845	O2):55.01	
O1):-0.758	O2):35.731	
O1):-0.828	O2):43.767	
O1):-0.845	O2):48.393	
O1):-0.845	O2):48.391	
O1):-0.846	O2):49.573	
O1):-0.801	O2):41.68	
O1):-0.757	O2):35.719	
O1):-0.853	O2):53.058	
Evaluations:	1600
O1):-0.784	O2):41.541	
O1):-0.845	O2):54.67	
O1):-0.749	O2):36.848	
O1):-0.804	O2):41.633	
O1):-0.829	O2):44.053	
O1):-0.826	O2):43.896	
O1):-0.847	O2):49.598	
O1):-0.778	O2):41.321	
O1):-0.849	O2):49.744	
O1):-0.801	O2):41.74	
O1):-0.829	O2):43.954	
O1):-0.845	O2):48.397	
O1):-0.778	O2):36.98	
O1):-0.845	O2):48.12	
O1):-0.872	O2):68.749	
O1):-0.82	O2):42.77	
O1):-0.805	O2):42.496	
O1):-0.78	O2):37.71	
O1):-0.782	O2):37.989	
O1):-0.733	O2):36.013	
O1):-0.782	O2):37.989	
O1):-0.704	O2):31.962	
O1):-0.806	O2):42.701	
O1):-0.787	O2):38.453	
O1):-0.726	O2):35.234	
O1):-0.846	O2):49.573	
O1):-0.767	O2):37.078	
O1):-0.782	O2):37.989	
O1):-0.785	O2):37.401	
O1):-0.862	O2):55.047	
O1):-0.814	O2):43.273	
O1):-0.821	O2):43.153	
O1):-0.812	O2):42.328	
O1):-0.846	O2):54.004	
O1):-0.785	O2):37.401	
O1):-0.812	O2):43.018	
O1):-0.842	O2):48.527	
O1):-0.78	O2):37.671	
O1):-0.779	O2):41.487	
O1):-0.785	O2):37.401	
O1):-0.778	O2):37.446	
O1):-0.778	O2):40.128	
O1):-0.785	O2):37.401	
O1):-0.828	O2):43.694	
O1):-0.873	O2):74.01	
O1):-0.777	O2):40.638	
O1):-0.807	O2):42.716	
O1):-0.826	O2):43.896	
Evaluations:	1600
O1):-0.814	O2):43.273	
O1):-0.813	O2):42.794	
O1):-0.718	O2):32.141	
O1):-0.718	O2):32.141	
O1):-0.78	O2):38.299	
O1):-0.862	O2):54.22	
O1):-0.836	O2):47.26	
O1):-0.742	O2):34.985	
O1):-0.834	O2):43.925	
O1):-0.78	O2):36.4	
O1):-0.784	O2):38.792	
O1):-0.778	O2):41.321	
O1):-0.758	O2):35.731	
O1):-0.855	O2):53.549	
O1):-0.767	O2):37.078	
O1):-0.778	O2):40.128	
O1):-0.788	O2):43.132	
O1):-0.863	O2):54.412	
O1):-0.817	O2):46.383	
O1):-0.812	O2):42.422	
O1):-0.831	O2):44.138	
O1):-0.829	O2):45.31	
O1):-0.87	O2):59.27	
O1):-0.836	O2):45.521	
O1):-0.829	O2):44.077	
O1):-0.749	O2):35.46	
O1):-0.778	O2):41.321	
O1):-0.863	O2):58.968	
O1):-0.872	O2):64.166	
O1):-0.872	O2):68.334	
O1):-0.757	O2):35.723	
O1):-0.758	O2):35.731	
O1):-0.82	O2):42.77	
O1):-0.845	O2):49.471	
O1):-0.726	O2):35.234	
O1):-0.812	O2):42.328	
O1):-0.871	O2):59.583	
O1):-0.828	O2):43.695	
O1):-0.75	O2):35.998	
O1):-0.812	O2):42.328	
O1):-0.845	O2):49.326	
O1):-0.78	O2):37.725	
O1):-0.871	O2):67.923	
O1):-0.811	O2):42.923	
O1):-0.846	O2):49.624	
O1):-0.847	O2):49.6	
O1):-0.86	O2):53.536	
O1):-0.835	O2):44.25	
O1):-0.845	O2):52.422	
O1):-0.852	O2):55.01	
O1):-0.828	O2):47.802	
O1):-0.853	O2):53.058	
O1):-0.76	O2):36.114	
O1):-0.801	O2):41.68	
O1):-0.748	O2):33.571	
O1):-0.813	O2):42.627	
O1):-0.801	O2):41.68	
O1):-0.842	O2):48.501	
O1):-0.871	O2):59.583	
O1):-0.847	O2):49.616	
O1):-0.796	O2):37.445	
O1):-0.826	O2):43.896	
O1):-0.801	O2):41.994	
O1):-0.82	O2):42.77	
O1):-0.801	O2):43.714	
O1):-0.778	O2):36.987	
O1):-0.777	O2):40.646	
O1):-0.845	O2):52.064	
O1):-0.806	O2):42.636	
O1):-0.817	O2):43.915	
Starting PrismExecutor worker 1 on port 11411
Starting PrismExecutor worker 0 on port 11490
O1):-0.806	O2):40.0	
Connected worker 1 to port 11411
Connected worker 0 to port 11490
O1):-0.784	O2):41.539	
O1):-0.811	O2):42.262	
O1):-0.821	O2):43.106	
O1):-0.845	O2):49.289	
O1):-0.873	O2):74.013	
O1):-0.843	O2):47.831	
O1):-0.828	O2):43.768	
O1):-0.787	O2):41.2	
O1):-0.778	O2):41.321	
O1):-0.761	O2):36.44	
O1):-0.872	O2):64.166	
O1):-0.815	O2):43.613	
O1):-0.807	O2):42.716	
O1):-0.809	O2):41.786	
O1):-0.861	O2):61.635	
O1):-0.863	O2):59.899	
O1):-0.863	O2):54.232	
O1):-0.846	O2):49.306	
O1):-0.811	O2):42.262	
O1):-0.815	O2):43.613	
O1):-0.802	O2):42.768	
O1):-0.777	O2):37.056	
O1):-0.863	O2):58.968	
O1):-0.801	O2):38.79	
O1):-0.828	O2):43.623	
O1):-0.845	O2):48.391	
O1):-0.829	O2):43.787	
O1):-0.799	O2):41.582	
O1):-0.842	O2):48.576	
O1):-0.812	O2):42.328	
O1):-0.863	O2):59.899	
O1):-0.829	O2):44.053	
O1):-0.778	O2):40.128	
O1):-0.797	O2):39.348	
O1):-0.86	O2):53.775	
O1):-0.878	O2):64.227	
O1):-0.836	O2):45.355	
O1):-0.796	O2):41.721	
O1):-0.851	O2):61.832	
O1):-0.872	O2):63.692	
O1):-0.846	O2):49.469	
O1):-0.825	O2):44.667	
O1):-0.846	O2):49.573	
O1):-0.758	O2):36.078	
O1):-0.82	O2):42.978	
O1):-0.766	O2):37.306	
O1):-0.821	O2):43.153	
O1):-0.836	O2):47.261	
O1):-0.836	O2):45.544	
O1):-0.801	O2):41.994	
O1):-0.82	O2):42.812	
O1):-0.863	O2):54.283	
O1):-0.833	O2):47.898	
O1):-0.843	O2):48.768	
O1):-0.863	O2):54.235	
O1):-0.715	O2):35.227	
O1):-0.793	O2):38.129	
O1):-0.799	O2):42.987	
O1):-0.833	O2):45.145	
O1):-0.733	O2):36.009	
O1):-0.809	O2):45.519	
O1):-0.758	O2):35.731	
O1):-0.863	O2):54.233	
O1):-0.82	O2):42.77	
O1):-0.726	O2):35.234	
O1):-0.785	O2):41.586	
O1):-0.821	O2):43.039	
O1):-0.801	O2):41.994	
O1):-0.777	O2):41.193	
O1):-0.746	O2):33.346	
O1):-0.801	O2):38.79	
O1):-0.846	O2):49.288	
O1):-0.728	O2):35.549	
O1):-0.863	O2):58.966	
O1):-0.804	O2):41.956	
O1):-0.862	O2):59.214	
O1):-0.821	O2):43.946	
O1):-0.867	O2):63.163	
O1):-0.83	O2):44.048	
O1):-0.846	O2):49.306	
O1):-0.758	O2):35.731	
O1):-0.845	O2):49.289	
O1):-0.818	O2):47.602	
O1):-0.812	O2):42.324	
O1):-0.792	O2):40.307	
O1):-0.842	O2):48.502	
O1):-0.796	O2):42.312	
O1):-0.771	O2):36.346	
O1):-0.813	O2):42.626	
O1):-0.774	O2):41.856	
O1):-0.846	O2):49.573	
O1):-0.83	O2):45.655	
O1):-0.845	O2):49.313	
O1):-0.832	O2):48.214	
O1):-0.87	O2):67.782	
O1):-0.803	O2):39.206	
O1):-0.847	O2):49.597	
O1):-0.778	O2):41.321	
O1):-0.863	O2):54.235	
O1):-0.837	O2):44.752	
O1):-0.863	O2):58.966	
O1):-0.773	O2):38.371	
O1):-0.78	O2):37.71	
O1):-0.797	O2):39.348	
O1):-0.864	O2):59.265	
O1):-0.809	O2):44.824	
O1):-0.792	O2):39.211	
O1):-0.772	O2):39.23	
O1):-0.853	O2):63.073	
O1):-0.817	O2):46.383	
O1):-0.859	O2):53.348	
O1):-0.793	O2):38.129	
O1):-0.802	O2):42.904	
O1):-0.805	O2):42.509	
O1):-0.816	O2):42.755	
O1):-0.838	O2):47.519	
O1):-0.797	O2):39.348	
O1):-0.746	O2):35.722	
O1):-0.83	O2):43.826	
O1):-0.838	O2):47.519	
O1):-0.781	O2):38.949	
O1):-0.828	O2):43.749	
O1):-0.816	O2):42.755	
O1):-0.843	O2):48.638	
O1):-0.768	O2):37.478	
O1):-0.845	O2):48.391	
O1):-0.845	O2):52.422	
O1):-0.845	O2):49.159	
O1):-0.821	O2):42.816	
O1):-0.777	O2):40.152	
O1):-0.843	O2):48.638	
O1):-0.76	O2):36.114	
O1):-0.778	O2):41.323	
O1):-0.749	O2):36.848	
O1):-0.743	O2):43.079	
O1):-0.777	O2):36.096	
O1):-0.828	O2):49.378	
O1):-0.812	O2):42.328	
O1):-0.843	O2):48.694	
O1):-0.77	O2):37.755	
O1):-0.771	O2):36.346	
O1):-0.817	O2):43.917	
Evaluations:	1600
O1):-0.78	O2):37.71	
O1):-0.846	O2):49.3	
O1):-0.872	O2):63.906	
O1):-0.776	O2):40.088	
O1):-0.828	O2):44.971	
O1):-0.82	O2):42.77	
O1):-0.873	O2):74.013	
O1):-0.802	O2):43.207	
O1):-0.8	O2):38.497	
O1):-0.801	O2):41.994	
O1):-0.82	O2):42.77	
O1):-0.846	O2):49.573	
O1):-0.779	O2):36.501	
O1):-0.821	O2):43.056	
O1):-0.862	O2):53.928	
O1):-0.82	O2):42.77	
O1):-0.757	O2):36.634	
O1):-0.804	O2):41.918	
O1):-0.833	O2):52.832	
O1):-0.8	O2):38.497	
O1):-0.751	O2):36.072	
O1):-0.826	O2):43.896	
O1):-0.862	O2):53.928	
O1):-0.853	O2):53.058	
O1):-0.863	O2):54.268	
O1):-0.85	O2):58.38	
O1):-0.844	O2):49.014	
O1):-0.785	O2):37.401	
O1):-0.846	O2):49.573	
O1):-0.845	O2):49.289	
O1):-0.836	O2):47.26	
O1):-0.795	O2):38.483	
O1):-0.759	O2):36.079	
O1):-0.804	O2):40.546	
O1):-0.804	O2):40.546	
O1):-0.818	O2):47.599	
O1):-0.87	O2):67.782	
O1):-0.793	O2):38.129	
O1):-0.845	O2):49.162	
O1):-0.83	O2):43.826	
O1):-0.862	O2):54.216	
Starting PrismExecutor worker 3 on port 11473
O1):-0.862	O2):54.244	
Connected worker 3 to port 11473
O1):-0.855	O2):69.291	
O1):-0.8	O2):41.905	
O1):-0.748	O2):33.571	
O1):-0.864	O2):59.264	
O1):-0.742	O2):39.582	
O1):-0.778	O2):36.98	
O1):-0.872	O2):68.333	
O1):-0.806	O2):42.624	
O1):-0.742	O2):34.986	
O1):-0.749	O2):36.075	
O1):-0.862	O2):53.928	
O1):-0.723	O2):33.103	
O1):-0.778	O2):37.12	
O1):-0.791	O2):40.959	
O1):-0.816	O2):42.755	
O1):-0.816	O2):43.821	
O1):-0.782	O2):37.995	
O1):-0.812	O2):42.328	
O1):-0.822	O2):43.099	
O1):-0.722	O2):37.479	
O1):-0.844	O2):51.588	
O1):-0.797	O2):39.348	
O1):-0.805	O2):41.696	
O1):-0.807	O2):42.716	
O1):-0.864	O2):59.264	
O1):-0.812	O2):42.966	
O1):-0.763	O2):36.76	
O1):-0.87	O2):67.782	
O1):-0.863	O2):54.235	
O1):-0.846	O2):49.573	
O1):-0.819	O2):43.672	
O1):-0.726	O2):35.234	
O1):-0.863	O2):58.966	
O1):-0.813	O2):42.658	
O1):-0.758	O2):36.078	
O1):-0.785	O2):37.401	
O1):-0.878	O2):64.227	
O1):-0.801	O2):41.68	
O1):-0.864	O2):59.264	
O1):-0.845	O2):52.064	
O1):-0.847	O2):49.585	
O1):-0.843	O2):48.638	
O1):-0.87	O2):67.782	
O1):-0.829	O2):44.074	
O1):-0.831	O2):48.857	
O1):-0.778	O2):40.128	
O1):-0.798	O2):37.973	
O1):-0.845	O2):49.479	
O1):-0.845	O2):48.393	
O1):-0.805	O2):49.819	
O1):-0.847	O2):59.701	
O1):-0.863	O2):58.966	
O1):-0.834	O2):48.7	
O1):-0.772	O2):37.73	
O1):-0.748	O2):33.571	
O1):-0.825	O2):43.174	
O1):-0.87	O2):67.782	
O1):-0.863	O2):58.966	
O1):-0.835	O2):56.656	
O1):-0.785	O2):37.401	
O1):-0.817	O2):43.925	
O1):-0.846	O2):49.573	
O1):-0.825	O2):44.649	
O1):-0.829	O2):44.053	
O1):-0.82	O2):42.77	
O1):-0.835	O2):44.256	
O1):-0.863	O2):58.453	
O1):-0.845	O2):49.154	
Evaluations:	1500
O1):-0.758	O2):35.731	
O1):-0.87	O2):67.782	
O1):-0.807	O2):42.716	
O1):-0.783	O2):38.085	
O1):-0.796	O2):41.737	
O1):-0.801	O2):46.049	
O1):-0.817	O2):43.917	
O1):-0.836	O2):45.544	
O1):-0.746	O2):33.346	
O1):-0.873	O2):74.015	
O1):-0.863	O2):58.966	
O1):-0.813	O2):42.873	
O1):-0.766	O2):37.306	
O1):-0.862	O2):53.931	
O1):-0.828	O2):43.768	
O1):-0.728	O2):35.549	
O1):-0.88	O2):65.082	
Starting PrismExecutor worker 1 on port 11491
O1):-0.778	O2):41.321	
O1):-0.807	O2):42.716	
Connected worker 1 to port 11491
O1):-0.846	O2):49.299	
O1):-0.778	O2):38.906	
O1):-0.82	O2):42.77	
O1):-0.767	O2):37.078	
O1):-0.822	O2):43.099	
O1):-0.826	O2):43.478	
O1):-0.862	O2):53.961	
O1):-0.846	O2):49.573	
O1):-0.796	O2):41.737	
O1):-0.827	O2):46.984	
O1):-0.863	O2):58.966	
O1):-0.82	O2):42.77	
O1):-0.87	O2):67.782	
O1):-0.871	O2):59.583	
O1):-0.834	O2):43.864	
O1):-0.863	O2):54.291	
O1):-0.801	O2):41.994	
O1):-0.733	O2):36.013	
O1):-0.847	O2):54.283	
O1):-0.87	O2):67.782	
O1):-0.785	O2):41.967	
O1):-0.815	O2):43.613	
O1):-0.831	O2):44.138	
O1):-0.785	O2):41.583	
O1):-0.786	O2):42.235	
O1):-0.793	O2):38.131	
O1):-0.843	O2):49.175	
O1):-0.862	O2):53.961	
O1):-0.837	O2):45.827	
O1):-0.781	O2):47.131	
O1):-0.796	O2):49.27	
O1):-0.854	O2):63.094	
O1):-0.763	O2):36.76	
O1):-0.836	O2):45.544	
O1):-0.803	O2):48.769	
O1):-0.828	O2):43.616	
O1):-0.742	O2):34.929	
O1):-0.811	O2):42.923	
O1):-0.811	O2):42.262	
O1):-0.779	O2):36.346	
O1):-0.843	O2):48.638	
O1):-0.819	O2):44.381	
O1):-0.812	O2):43.015	
O1):-0.783	O2):38.085	
O1):-0.76	O2):36.114	
O1):-0.796	O2):44.602	
O1):-0.837	O2):45.827	
O1):-0.785	O2):37.407	
O1):-0.758	O2):35.731	
O1):-0.872	O2):64.059	
O1):-0.869	O2):58.738	
O1):-0.806	O2):40.391	
O1):-0.826	O2):43.896	
O1):-0.878	O2):64.227	
O1):-0.813	O2):43.824	
O1):-0.793	O2):41.229	
O1):-0.851	O2):58.324	
O1):-0.779	O2):40.297	
O1):-0.837	O2):48.544	
O1):-0.779	O2):41.721	
O1):-0.843	O2):48.71	
O1):-0.845	O2):48.396	
O1):-0.862	O2):53.961	
O1):-0.862	O2):59.214	
O1):-0.846	O2):49.573	
O1):-0.814	O2):44.093	
O1):-0.82	O2):42.77	
O1):-0.793	O2):38.131	
O1):-0.863	O2):54.291	
O1):-0.864	O2):59.264	
O1):-0.864	O2):59.27	
O1):-0.862	O2):53.973	
O1):-0.864	O2):59.264	
O1):-0.812	O2):42.327	
O1):-0.828	O2):43.623	
O1):-0.811	O2):42.408	
O1):-0.809	O2):42.73	
O1):-0.805	O2):42.172	
O1):-0.829	O2):44.088	
O1):-0.785	O2):38.025	
O1):-0.846	O2):49.466	
O1):-0.819	O2):43.674	
O1):-0.813	O2):43.315	
O1):-0.726	O2):35.234	
O1):-0.783	O2):38.085	
O1):-0.807	O2):42.716	
O1):-0.784	O2):37.28	
O1):-0.759	O2):35.956	
O1):-0.843	O2):48.97	
O1):-0.871	O2):59.386	
O1):-0.767	O2):37.078	
O1):-0.82	O2):42.77	
O1):-0.771	O2):36.346	
O1):-0.806	O2):42.623	
Starting PrismExecutor worker 0 on port 11400
O1):-0.853	O2):53.058	
O1):-0.75	O2):35.85	
O1):-0.772	O2):40.659	
O1):-0.768	O2):37.478	
Connected worker 0 to port 11400
O1):-0.87	O2):59.226	
O1):-0.872	O2):68.235	
O1):-0.785	O2):41.586	
O1):-0.799	O2):39.665	
O1):-0.799	O2):39.665	
O1):-0.758	O2):37.501	
O1):-0.783	O2):38.085	
O1):-0.846	O2):49.448	
O1):-0.855	O2):69.388	
O1):-0.766	O2):37.306	
O1):-0.785	O2):37.401	
O1):-0.862	O2):53.961	
O1):-0.776	O2):37.083	
O1):-0.836	O2):47.261	
O1):-0.826	O2):43.896	
O1):-0.772	O2):42.315	
O1):-0.742	O2):34.986	
O1):-0.785	O2):37.401	
O1):-0.795	O2):44.56	
O1):-0.785	O2):40.551	
O1):-0.872	O2):64.059	
O1):-0.844	O2):49.018	
O1):-0.796	O2):44.404	
O1):-0.863	O2):54.235	
O1):-0.748	O2):33.571	
O1):-0.846	O2):49.287	
O1):-0.849	O2):49.744	
O1):-0.813	O2):42.659	
O1):-0.763	O2):36.723	
O1):-0.771	O2):36.346	
O1):-0.836	O2):45.544	
O1):-0.811	O2):42.923	
O1):-0.807	O2):42.716	
O1):-0.804	O2):49.585	
O1):-0.806	O2):42.636	
O1):-0.863	O2):58.966	
O1):-0.862	O2):53.931	
O1):-0.862	O2):53.931	
O1):-0.836	O2):45.544	
O1):-0.849	O2):53.034	
O1):-0.87	O2):67.782	
O1):-0.817	O2):43.916	
O1):-0.827	O2):43.49	
O1):-0.846	O2):48.387	
O1):-0.838	O2):47.519	
O1):-0.78	O2):37.71	
O1):-0.846	O2):49.448	
O1):-0.871	O2):59.583	
O1):-0.79	O2):41.968	
O1):-0.863	O2):54.428	
O1):-0.864	O2):59.264	
O1):-0.807	O2):42.716	
O1):-0.847	O2):49.608	
O1):-0.827	O2):47.283	
O1):-0.827	O2):43.966	
O1):-0.837	O2):47.438	
O1):-0.834	O2):43.924	
O1):-0.82	O2):46.53	
O1):-0.795	O2):41.612	
O1):-0.779	O2):41.487	
O1):-0.811	O2):42.923	
O1):-0.816	O2):42.755	
O1):-0.863	O2):54.291	
O1):-0.82	O2):42.77	
O1):-0.826	O2):43.896	
O1):-0.78	O2):37.71	
O1):-0.764	O2):37.868	
O1):-0.843	O2):49.181	
O1):-0.862	O2):53.928	
O1):-0.777	O2):41.193	
O1):-0.849	O2):49.744	
O1):-0.863	O2):58.966	
O1):-0.835	O2):50.229	
O1):-0.785	O2):37.401	
O1):-0.846	O2):49.573	
O1):-0.863	O2):58.966	
O1):-0.782	O2):36.659	
O1):-0.778	O2):41.698	
O1):-0.788	O2):38.107	
O1):-0.761	O2):36.116	
O1):-0.785	O2):37.401	
O1):-0.815	O2):43.613	
O1):-0.881	O2):68.584	
O1):-0.746	O2):33.344	
O1):-0.838	O2):47.519	
O1):-0.767	O2):36.842	
O1):-0.797	O2):39.348	
O1):-0.864	O2):59.264	
O1):-0.828	O2):43.747	
O1):-0.785	O2):37.401	
Starting PrismExecutor worker 5 on port 11425
O1):-0.807	O2):42.716	
O1):-0.846	O2):49.292	
Connected worker 5 to port 11425
O1):-0.853	O2):53.058	
O1):-0.772	O2):37.73	
O1):-0.766	O2):43.153	
O1):-0.793	O2):38.129	
O1):-0.758	O2):35.731	
O1):-0.855	O2):53.545	
O1):-0.798	O2):37.964	
O1):-0.845	O2):48.396	
O1):-0.845	O2):48.12	
O1):-0.827	O2):43.966	
O1):-0.853	O2):48.899	
O1):-0.78	O2):37.725	
O1):-0.837	O2):45.83	
O1):-0.828	O2):43.623	
O1):-0.88	O2):64.724	
O1):-0.855	O2):53.545	
O1):-0.8	O2):38.497	
O1):-0.826	O2):43.896	
O1):-0.749	O2):37.325	
O1):-0.805	O2):41.696	
O1):-0.806	O2):40.0	
O1):-0.837	O2):48.552	
O1):-0.845	O2):48.12	
O1):-0.728	O2):35.549	
O1):-0.837	O2):46.854	
O1):-0.75	O2):35.997	
O1):-0.822	O2):43.117	
O1):-0.805	O2):42.172	
O1):-0.78	O2):36.393	
O1):-0.846	O2):49.292	
O1):-0.835	O2):45.369	
O1):-0.801	O2):38.803	
O1):-0.82	O2):42.77	
O1):-0.798	O2):39.567	
O1):-0.807	O2):42.716	
O1):-0.871	O2):59.592	
O1):-0.793	O2):38.129	
O1):-0.819	O2):43.674	
O1):-0.862	O2):54.123	
O1):-0.813	O2):42.777	
O1):-0.844	O2):50.311	
O1):-0.845	O2):49.31	
O1):-0.767	O2):36.84	
O1):-0.771	O2):36.346	
O1):-0.749	O2):36.848	
O1):-0.778	O2):41.321	
O1):-0.785	O2):41.957	
O1):-0.757	O2):35.719	
O1):-0.772	O2):40.573	
O1):-0.811	O2):42.262	
O1):-0.826	O2):43.896	
O1):-0.82	O2):42.77	
O1):-0.749	O2):36.625	
O1):-0.802	O2):39.175	
O1):-0.838	O2):47.518	
O1):-0.806	O2):42.636	
O1):-0.799	O2):39.824	
O1):-0.759	O2):36.079	
O1):-0.757	O2):35.649	
O1):-0.807	O2):42.716	
O1):-0.816	O2):42.755	
O1):-0.82	O2):42.77	
O1):-0.843	O2):49.175	
O1):-0.844	O2):49.223	
O1):-0.836	O2):47.261	
O1):-0.781	O2):37.632	
O1):-0.796	O2):41.721	
O1):-0.83	O2):43.826	
O1):-0.826	O2):43.896	
O1):-0.758	O2):35.731	
O1):-0.816	O2):42.755	
O1):-0.845	O2):48.391	
O1):-0.862	O2):53.969	
O1):-0.846	O2):49.573	
Evaluations:	1400
O1):-0.837	O2):45.827	
O1):-0.846	O2):54.451	
O1):-0.78	O2):36.4	
O1):-0.862	O2):53.974	
O1):-0.862	O2):53.974	
O1):-0.828	O2):44.187	
O1):-0.835	O2):45.369	
O1):-0.837	O2):48.552	
O1):-0.863	O2):54.289	
O1):-0.749	O2):37.325	
O1):-0.761	O2):36.116	
O1):-0.785	O2):37.433	
O1):-0.758	O2):36.078	
O1):-0.813	O2):43.004	
O1):-0.846	O2):49.292	
O1):-0.864	O2):59.264	
O1):-0.831	O2):48.35	
O1):-0.863	O2):59.899	
O1):-0.803	O2):43.122	
O1):-0.827	O2):43.966	
O1):-0.835	O2):44.139	
O1):-0.845	O2):51.472	
Starting PrismExecutor worker 2 on port 11472
O1):-0.871	O2):59.583	
Connected worker 2 to port 11472
O1):-0.872	O2):63.693	
O1):-0.779	O2):41.487	
O1):-0.817	O2):43.887	
O1):-0.786	O2):40.783	
O1):-0.784	O2):41.539	
O1):-0.796	O2):44.404	
O1):-0.804	O2):42.208	
Evaluations:	1800
O1):-0.839	O2):54.948	
O1):-0.863	O2):54.416	
O1):-0.83	O2):43.826	
O1):-0.86	O2):53.536	
O1):-0.796	O2):45.695	
O1):-0.748	O2):36.503	
O1):-0.785	O2):37.401	
O1):-0.793	O2):38.129	
O1):-0.837	O2):45.827	
O1):-0.728	O2):35.549	
O1):-0.813	O2):42.794	
O1):-0.806	O2):42.623	
O1):-0.828	O2):44.358	
O1):-0.863	O2):54.291	
O1):-0.851	O2):52.572	
O1):-0.847	O2):49.604	
O1):-0.846	O2):49.573	
O1):-0.777	O2):36.096	
O1):-0.785	O2):37.401	
O1):-0.862	O2):59.82	
O1):-0.835	O2):44.061	
O1):-0.845	O2):48.12	
O1):-0.796	O2):54.092	
O1):-0.806	O2):40.429	
O1):-0.854	O2):53.523	
O1):-0.786	O2):42.24	
O1):-0.779	O2):36.342	
O1):-0.83	O2):54.008	
O1):-0.816	O2):42.755	
O1):-0.867	O2):63.164	
O1):-0.796	O2):41.721	
O1):-0.766	O2):37.306	
O1):-0.844	O2):49.023	
O1):-0.772	O2):37.73	
O1):-0.801	O2):46.052	
O1):-0.82	O2):42.77	
O1):-0.8	O2):41.905	
O1):-0.792	O2):38.713	
O1):-0.824	O2):44.555	
O1):-0.785	O2):37.401	
O1):-0.804	O2):42.13	
O1):-0.82	O2):42.77	
O1):-0.828	O2):43.562	
O1):-0.863	O2):59.123	
O1):-0.844	O2):51.596	
O1):-0.75	O2):35.85	
O1):-0.807	O2):42.968	
O1):-0.807	O2):42.716	
O1):-0.796	O2):41.721	
O1):-0.778	O2):37.479	
O1):-0.793	O2):41.234	
O1):-0.829	O2):45.302	
O1):-0.871	O2):63.554	
O1):-0.845	O2):48.393	
O1):-0.845	O2):49.106	
O1):-0.78	O2):39.136	
O1):-0.817	O2):46.0	
O1):-0.863	O2):58.968	
O1):-0.871	O2):59.583	
O1):-0.758	O2):35.731	
O1):-0.853	O2):53.199	
O1):-0.801	O2):41.994	
O1):-0.781	O2):38.947	
O1):-0.828	O2):44.187	
O1):-0.826	O2):43.896	
O1):-0.846	O2):49.292	
O1):-0.862	O2):53.961	
O1):-0.83	O2):43.826	
O1):-0.822	O2):47.936	
O1):-0.863	O2):58.966	
O1):-0.826	O2):43.482	
O1):-0.799	O2):41.889	
O1):-0.778	O2):41.321	
O1):-0.871	O2):59.583	
O1):-0.757	O2):36.634	
O1):-0.846	O2):49.292	
O1):-0.778	O2):41.321	
O1):-0.878	O2):64.227	
O1):-0.82	O2):42.77	
O1):-0.809	O2):42.73	
O1):-0.778	O2):37.12	
O1):-0.801	O2):46.0	
O1):-0.823	O2):47.102	
Starting PrismExecutor worker 1 on port 11401
O1):-0.777	O2):41.193	
O1):-0.79	O2):43.305	
O1):-0.816	O2):47.12	
O1):-0.879	O2):67.716	
O1):-0.785	O2):37.401	
Connected worker 1 to port 11401
O1):-0.821	O2):43.056	
O1):-0.777	O2):36.096	
O1):-0.845	O2):48.391	
O1):-0.82	O2):42.77	
O1):-0.829	O2):44.053	
O1):-0.82	O2):42.77	
O1):-0.873	O2):74.152	
Evaluations:	1700
O1):-0.828	O2):43.616	
O1):-0.759	O2):36.079	
O1):-0.797	O2):39.348	
O1):-0.844	O2):49.219	
O1):-0.78	O2):37.71	
O1):-0.782	O2):37.989	
O1):-0.872	O2):68.235	
O1):-0.798	O2):37.964	
O1):-0.808	O2):42.578	
O1):-0.837	O2):53.358	
O1):-0.781	O2):37.632	
O1):-0.828	O2):43.767	
O1):-0.843	O2):62.188	
O1):-0.872	O2):64.056	
O1):-0.76	O2):36.126	
O1):-0.757	O2):35.65	
O1):-0.82	O2):42.75	
O1):-0.778	O2):41.321	
O1):-0.78	O2):37.725	
O1):-0.8	O2):41.905	
O1):-0.862	O2):53.961	
O1):-0.787	O2):41.2	
O1):-0.87	O2):59.226	
O1):-0.828	O2):51.65	
O1):-0.86	O2):53.536	
O1):-0.862	O2):64.484	
O1):-0.816	O2):42.755	
O1):-0.733	O2):36.015	
O1):-0.796	O2):41.721	
O1):-0.846	O2):54.168	
O1):-0.845	O2):48.393	
O1):-0.771	O2):36.346	
O1):-0.778	O2):36.267	
O1):-0.863	O2):58.966	
O1):-0.83	O2):43.826	
O1):-0.786	O2):38.369	
O1):-0.734	O2):36.021	
O1):-0.845	O2):49.154	
O1):-0.862	O2):53.973	
O1):-0.873	O2):74.01	
O1):-0.836	O2):45.52	
O1):-0.801	O2):46.052	
O1):-0.821	O2):43.056	
O1):-0.849	O2):49.739	
O1):-0.796	O2):44.6	
O1):-0.815	O2):43.613	
O1):-0.847	O2):49.616	
O1):-0.862	O2):54.244	
O1):-0.821	O2):42.816	
O1):-0.849	O2):53.034	
O1):-0.812	O2):42.324	
O1):-0.822	O2):43.099	
O1):-0.849	O2):49.744	
O1):-0.812	O2):42.849	
O1):-0.853	O2):63.073	
O1):-0.872	O2):64.054	
O1):-0.812	O2):43.058	
O1):-0.879	O2):67.715	
O1):-0.785	O2):37.401	
O1):-0.879	O2):68.976	
O1):-0.86	O2):53.538	
O1):-0.749	O2):36.329	
O1):-0.863	O2):58.968	
Evaluations:	1700
O1):-0.785	O2):37.401	
Evaluations:	1700
O1):-0.778	O2):41.321	
O1):-0.812	O2):42.324	
O1):-0.778	O2):41.321	
O1):-0.82	O2):42.77	
O1):-0.846	O2):49.573	
O1):-0.88	O2):69.482	
O1):-0.87	O2):67.782	
O1):-0.87	O2):67.782	
O1):-0.769	O2):37.814	
O1):-0.871	O2):67.923	
O1):-0.837	O2):45.827	
O1):-0.845	O2):48.12	
O1):-0.772	O2):39.23	
O1):-0.861	O2):62.863	
O1):-0.815	O2):43.616	
O1):-0.778	O2):36.98	
O1):-0.864	O2):59.265	
Starting PrismExecutor worker 2 on port 11412
O1):-0.758	O2):35.731	
O1):-0.778	O2):36.98	
Connected worker 2 to port 11412
O1):-0.846	O2):49.293	
O1):-0.846	O2):49.448	
O1):-0.859	O2):53.398	
O1):-0.846	O2):51.985	
O1):-0.786	O2):43.08	
O1):-0.863	O2):58.966	
O1):-0.812	O2):42.324	
O1):-0.812	O2):42.328	
O1):-0.785	O2):41.586	
O1):-0.82	O2):42.77	
O1):-0.778	O2):41.321	
O1):-0.863	O2):54.412	
O1):-0.806	O2):42.619	
O1):-0.797	O2):49.273	
O1):-0.844	O2):57.152	
O1):-0.804	O2):41.804	
O1):-0.813	O2):43.066	
O1):-0.82	O2):42.77	
O1):-0.802	O2):39.116	
O1):-0.863	O2):54.412	
O1):-0.861	O2):54.056	
O1):-0.844	O2):49.014	
O1):-0.82	O2):42.77	
O1):-0.843	O2):48.638	
O1):-0.815	O2):43.613	
O1):-0.833	O2):48.296	
O1):-0.846	O2):48.387	
O1):-0.843	O2):48.638	
O1):-0.82	O2):42.77	
O1):-0.746	O2):33.346	
O1):-0.794	O2):44.279	
O1):-0.845	O2):49.311	
O1):-0.813	O2):42.794	
O1):-0.819	O2):43.2	
O1):-0.758	O2):36.078	
O1):-0.855	O2):53.54	
O1):-0.845	O2):48.12	
O1):-0.779	O2):36.502	
O1):-0.842	O2):48.456	
O1):-0.86	O2):53.775	
O1):-0.759	O2):35.956	
O1):-0.862	O2):54.252	
O1):-0.813	O2):43.07	
O1):-0.795	O2):41.612	
O1):-0.785	O2):37.401	
O1):-0.801	O2):38.795	
O1):-0.774	O2):37.584	
O1):-0.78	O2):37.71	
Evaluations:	1600
O1):-0.804	O2):42.172	
O1):-0.78	O2):36.4	
O1):-0.845	O2):49.313	
O1):-0.778	O2):41.321	
O1):-0.846	O2):49.573	
O1):-0.871	O2):59.583	
O1):-0.825	O2):43.419	
O1):-0.809	O2):42.865	
O1):-0.836	O2):49.069	
O1):-0.793	O2):38.129	
O1):-0.833	O2):52.378	
O1):-0.845	O2):48.12	
O1):-0.847	O2):54.437	
O1):-0.813	O2):43.07	
O1):-0.82	O2):42.77	
O1):-0.845	O2):54.205	
O1):-0.797	O2):49.423	
O1):-0.863	O2):59.899	
O1):-0.845	O2):48.398	
O1):-0.819	O2):43.671	
O1):-0.851	O2):58.319	
O1):-0.787	O2):38.433	
O1):-0.804	O2):40.546	
O1):-0.812	O2):42.328	
O1):-0.847	O2):49.589	
O1):-0.845	O2):49.153	
O1):-0.817	O2):43.916	
O1):-0.868	O2):67.161	
O1):-0.863	O2):54.283	
O1):-0.828	O2):43.691	
O1):-0.786	O2):38.906	
O1):-0.846	O2):49.306	
O1):-0.88	O2):64.724	
O1):-0.804	O2):38.673	
O1):-0.785	O2):38.281	
O1):-0.801	O2):41.68	
O1):-0.78	O2):37.809	
O1):-0.827	O2):43.187	
O1):-0.845	O2):48.391	
O1):-0.805	O2):42.172	
O1):-0.843	O2):48.638	
O1):-0.81	O2):42.027	
Starting PrismExecutor worker 3 on port 11453
O1):-0.777	O2):36.096	
O1):-0.843	O2):49.175	
Connected worker 3 to port 11453
O1):-0.82	O2):42.769	
O1):-0.781	O2):37.632	
O1):-0.777	O2):41.898	
O1):-0.768	O2):37.478	
O1):-0.785	O2):38.025	
O1):-0.835	O2):45.369	
O1):-0.782	O2):40.95	
O1):-0.846	O2):49.573	
O1):-0.76	O2):36.114	
O1):-0.796	O2):37.445	
O1):-0.801	O2):38.79	
O1):-0.846	O2):49.573	
O1):-0.82	O2):42.77	
O1):-0.795	O2):44.56	
O1):-0.748	O2):36.503	
O1):-0.783	O2):38.086	
O1):-0.821	O2):47.685	
O1):-0.843	O2):49.175	
O1):-0.805	O2):42.172	
O1):-0.795	O2):38.407	
O1):-0.862	O2):53.97	
O1):-0.82	O2):42.978	
O1):-0.827	O2):43.417	
O1):-0.796	O2):41.721	
O1):-0.821	O2):43.042	
O1):-0.853	O2):54.742	
O1):-0.82	O2):42.77	
O1):-0.797	O2):49.43	
O1):-0.771	O2):36.346	
O1):-0.746	O2):35.722	
O1):-0.778	O2):41.321	
O1):-0.793	O2):38.129	
O1):-0.863	O2):54.283	
O1):-0.847	O2):49.589	
O1):-0.8	O2):41.905	
O1):-0.796	O2):41.721	
O1):-0.779	O2):36.342	
O1):-0.801	O2):38.79	
O1):-0.826	O2):43.896	
O1):-0.845	O2):49.153	
O1):-0.847	O2):49.616	
O1):-0.844	O2):49.269	
O1):-0.774	O2):37.584	
O1):-0.811	O2):40.195	
O1):-0.796	O2):37.445	
O1):-0.812	O2):42.941	
O1):-0.862	O2):53.961	
O1):-0.82	O2):46.53	
O1):-0.749	O2):35.46	
O1):-0.82	O2):42.77	
O1):-0.82	O2):42.77	
O1):-0.846	O2):49.306	
O1):-0.797	O2):39.348	
O1):-0.778	O2):37.375	
O1):-0.863	O2):54.438	
O1):-0.757	O2):35.719	
O1):-0.758	O2):36.078	
O1):-0.758	O2):35.731	
O1):-0.846	O2):49.292	
O1):-0.779	O2):36.464	
O1):-0.785	O2):37.401	
O1):-0.87	O2):67.782	
O1):-0.82	O2):42.684	
O1):-0.733	O2):36.009	
O1):-0.861	O2):53.854	
O1):-0.726	O2):35.234	
O1):-0.847	O2):48.696	
O1):-0.821	O2):43.056	
O1):-0.758	O2):36.078	
O1):-0.805	O2):41.788	
O1):-0.795	O2):44.288	
O1):-0.813	O2):42.794	
O1):-0.86	O2):53.536	
O1):-0.82	O2):42.77	
O1):-0.801	O2):43.627	
O1):-0.772	O2):36.789	
O1):-0.846	O2):49.292	
O1):-0.817	O2):43.915	
O1):-0.821	O2):47.685	
O1):-0.819	O2):47.115	
O1):-0.847	O2):49.616	
O1):-0.853	O2):53.058	
O1):-0.843	O2):47.831	
O1):-0.847	O2):49.604	
O1):-0.85	O2):50.405	
O1):-0.842	O1):-0.852	O2):51.943	O2):50.352	

O1):-0.811	O2):42.923	
O1):-0.782	O2):37.989	
O1):-0.829	O2):47.937	
O1):-0.871	O2):59.583	
O1):-0.812	O2):42.324	
Starting PrismExecutor worker 0 on port 11450
O1):-0.783	O2):38.086	
O1):-0.805	O2):38.889	
O1):-0.819	O2):43.674	
Connected worker 0 to port 11450
O1):-0.837	O2):44.509	
O1):-0.795	O2):41.612	
O1):-0.776	O2):36.612	
O1):-0.778	O2):37.074	
O1):-0.828	O2):44.187	
Evaluations:	1700
O1):-0.82	O2):43.579	
O1):-0.812	O2):42.324	
O1):-0.87	O2):59.226	
O1):-0.806	O2):42.636	
O1):-0.768	O2):37.478	
O1):-0.826	O2):47.172	
O1):-0.785	O2):37.401	
O1):-0.774	O2):37.542	
O1):-0.836	O2):49.069	
O1):-0.843	O2):49.175	
O1):-0.863	O2):54.279	
O1):-0.863	O2):54.411	
O1):-0.797	O2):49.422	
O1):-0.863	O2):54.291	
O1):-0.785	O2):37.407	
O1):-0.807	O2):42.958	
O1):-0.82	O2):42.77	
O1):-0.821	O2):42.81	
O1):-0.863	O2):54.433	
O1):-0.809	O2):41.786	
O1):-0.776	O2):37.083	
O1):-0.82	O2):42.978	
O1):-0.758	O2):35.731	
O1):-0.779	O2):36.342	
O1):-0.778	O2):37.479	
O1):-0.846	O2):49.466	
O1):-0.846	O2):49.448	
O1):-0.863	O2):59.907	
O1):-0.771	O2):36.346	
O1):-0.807	O2):42.716	
O1):-0.781	O2):37.632	
O1):-0.836	O2):45.545	
O1):-0.813	O2):42.62	
O1):-0.846	O2):49.298	
O1):-0.805	O2):42.177	
O1):-0.825	O2):44.667	
O1):-0.805	O2):42.172	
O1):-0.757	O2):36.543	
O1):-0.844	O2):49.015	
O1):-0.82	O2):42.77	
O1):-0.863	O2):54.283	
O1):-0.814	O2):43.315	
O1):-0.863	O2):58.966	
O1):-0.845	O2):49.341	
O1):-0.813	O2):42.794	
O1):-0.817	O2):43.925	
O1):-0.812	O2):42.324	
O1):-0.82	O2):42.77	
O1):-0.835	O2):45.369	
O1):-0.863	O2):58.966	
O1):-0.846	O2):48.387	
O1):-0.852	O2):50.171	
O1):-0.754	O2):37.263	
O1):-0.726	O2):35.234	
O1):-0.777	O2):41.193	
O1):-0.723	O2):33.103	
O1):-0.801	O2):41.68	
O1):-0.878	O2):64.227	
O1):-0.821	O2):42.328	
O1):-0.811	O2):46.571	
O1):-0.827	O2):43.966	
O1):-0.853	O2):54.742	
O1):-0.816	O2):42.673	
O1):-0.799	O2):41.045	
O1):-0.802	O2):43.069	
O1):-0.805	O2):41.696	
O1):-0.801	O2):43.606	
O1):-0.826	O2):43.478	
O1):-0.836	O2):50.381	
O1):-0.829	O2):44.053	
O1):-0.819	O2):43.2	
O1):-0.778	O2):36.267	
O1):-0.878	O2):64.227	
O1):-0.766	O2):37.306	
O1):-0.871	O2):59.592	
O1):-0.755	O2):34.194	
O1):-0.854	O2):50.696	
O1):-0.861	O2):54.059	
Starting PrismExecutor worker 3 on port 11493
O1):-0.803	O2):39.206	
Connected worker 3 to port 11493
O1):-0.844	O2):47.811	
O1):-0.804	O2):40.546	
O1):-0.804	O2):42.13	
O1):-0.757	O2):36.634	
O1):-0.778	O2):36.98	
O1):-0.844	O2):49.272	
O1):-0.863	O2):58.966	
O1):-0.846	O2):49.467	
O1):-0.804	O2):40.546	
O1):-0.862	O2):53.931	
O1):-0.862	O2):53.928	
O1):-0.863	O2):58.576	
O1):-0.862	O2):53.928	
O1):-0.829	O2):44.053	
O1):-0.82	O2):42.77	
O1):-0.811	O2):43.134	
O1):-0.833	O2):45.206	
O1):-0.807	O2):42.716	
O1):-0.767	O2):37.248	
O1):-0.728	O2):35.549	
O1):-0.82	O2):42.77	
O1):-0.88	O2):69.482	
O1):-0.82	O2):42.77	
O1):-0.782	O2):40.95	
O1):-0.811	O2):42.92	
O1):-0.864	O2):59.265	
O1):-0.79	O2):38.091	
O1):-0.8	O2):41.905	
O1):-0.829	O2):44.052	
O1):-0.836	O2):44.433	
O1):-0.847	O2):49.597	
O1):-0.727	O2):32.491	
O1):-0.829	O2):43.954	
O1):-0.803	O2):39.217	
O1):-0.78	O2):36.393	
O1):-0.784	O2):41.539	
Evaluations:	1600
O1):-0.78	O2):40.548	
O1):-0.785	O2):37.408	
O1):-0.828	O2):43.767	
O1):-0.777	O2):36.096	
O1):-0.785	O2):37.401	
O1):-0.788	O2):42.382	
O1):-0.76	O2):36.114	
O1):-0.816	O2):42.755	
O1):-0.816	O2):43.82	
Evaluations:	1700
O1):-0.813	O2):42.777	
O1):-0.793	O2):38.129	
O1):-0.837	O2):45.83	
O1):-0.804	O2):41.798	
O1):-0.86	O2):53.775	
O1):-0.801	O2):38.79	
O1):-0.845	O2):48.12	
O1):-0.827	O2):43.966	
O1):-0.811	O2):42.262	
O1):-0.845	O2):49.471	
O1):-0.862	O2):53.973	
O1):-0.836	O2):47.261	
O1):-0.844	O2):47.811	
O1):-0.759	O2):36.079	
O1):-0.806	O2):42.636	
O1):-0.749	O2):35.46	
O1):-0.841	O2):47.252	
O1):-0.758	O2):35.889	
O1):-0.806	O2):42.636	
O1):-0.813	O2):43.824	
O1):-0.772	O2):44.439	
O1):-0.804	O2):42.171	
O1):-0.864	O2):59.264	
O1):-0.813	O2):42.794	
O1):-0.853	O2):54.53	
O1):-0.829	O2):44.053	
O1):-0.855	O2):57.976	
O1):-0.812	O2):43.015	
O1):-0.813	O2):42.794	
O1):-0.836	O2):47.26	
O1):-0.849	O2):53.034	
O1):-0.82	O2):42.77	
O1):-0.854	O2):53.523	
O1):-0.833	O2):45.199	
O1):-0.88	O2):64.724	
O1):-0.801	O2):41.644	
Starting PrismExecutor worker 2 on port 11402
O1):-0.828	O2):43.694	
O1):-0.804	O2):41.798	
O1):-0.785	O2):38.068	
O1):-0.798	O2):37.973	
Connected worker 2 to port 11402
O1):-0.837	O2):45.827	
O1):-0.854	O2):59.371	
O1):-0.863	O2):58.966	
O1):-0.796	O2):44.304	
O1):-0.854	O2):59.371	
O1):-0.82	O2):42.769	
O1):-0.836	O2):47.261	
O1):-0.782	O2):40.953	
O1):-0.843	O2):48.637	
O1):-0.862	O2):55.047	
O1):-0.837	O2):47.315	
O1):-0.779	O2):36.342	
O1):-0.799	O2):39.664	
O1):-0.801	O2):41.68	
O1):-0.846	O2):49.292	
O1):-0.854	O2):53.506	
O1):-0.785	O2):37.401	
O1):-0.804	O2):38.673	
O1):-0.854	O2):50.696	
O1):-0.837	O2):45.827	
O1):-0.779	O2):36.465	
O1):-0.853	O2):48.899	
O1):-0.726	O2):35.234	
O1):-0.761	O2):36.1	
O1):-0.835	O2):45.369	
O1):-0.862	O2):53.961	
O1):-0.881	O2):68.578	
O1):-0.82	O2):42.77	
O1):-0.862	O2):53.974	
O1):-0.826	O2):43.896	
O1):-0.8	O2):41.905	
O1):-0.853	O2):48.899	
O1):-0.826	O2):43.896	
O1):-0.758	O2):36.078	
O1):-0.749	O2):35.731	
O1):-0.778	O2):37.479	
O1):-0.741	O2):34.75	
O1):-0.801	O2):48.264	
O1):-0.813	O2):43.588	
O1):-0.836	O2):44.205	
O1):-0.776	O2):36.9	
O1):-0.767	O2):37.493	
O1):-0.87	O2):59.226	
O1):-0.829	O2):43.602	
O1):-0.826	O2):43.896	
O1):-0.785	O2):38.025	
O1):-0.82	O2):42.77	
O1):-0.834	O2):43.925	
O1):-0.821	O2):42.328	
O1):-0.804	O2):40.546	
O1):-0.807	O2):42.716	
O1):-0.828	O2):43.558	
O1):-0.79	O2):41.435	
O1):-0.781	O2):37.703	
O1):-0.821	O2):42.812	
O1):-0.758	O2):36.483	
O1):-0.836	O2):45.544	
O1):-0.864	O2):59.264	
O1):-0.819	O2):43.703	
O1):-0.846	O2):49.553	
O1):-0.836	O2):47.26	
O1):-0.82	O2):42.77	
O1):-0.798	O2):37.964	
O1):-0.82	O2):42.77	
O1):-0.837	O2):46.854	
O1):-0.799	O2):39.665	
O1):-0.826	O2):43.896	
O1):-0.827	O2):43.774	
O1):-0.831	O2):44.119	
O1):-0.845	O2):49.154	
O1):-0.845	O2):49.153	
O1):-0.807	O2):42.716	
O1):-0.786	O2):38.363	
O1):-0.844	O2):49.259	
O1):-0.826	O2):43.896	
O1):-0.846	O2):49.292	
O1):-0.733	O2):36.009	
O1):-0.836	O2):44.431	
O1):-0.846	O2):49.292	
O1):-0.704	O2):31.962	
O1):-0.785	O2):37.401	
O1):-0.87	O2):67.782	
O1):-0.82	O2):42.77	
O1):-0.849	O2):53.034	
O1):-0.872	O2):63.693	
O1):-0.822	O2):43.099	
O1):-0.853	O2):53.058	
O1):-0.768	O2):37.477	
Starting PrismExecutor worker 4 on port 11484
O1):-0.766	O2):37.306	
O1):-0.852	O2):54.117	
O1):-0.777	O2):41.193	
O1):-0.844	O2):47.811	
O1):-0.785	O2):37.401	
O1):-0.748	O2):36.503	
O1):-0.807	O2):42.716	
Connected worker 4 to port 11484
O1):-0.811	O2):42.923	
O1):-0.826	O2):43.896	
O1):-0.847	O2):49.616	
O1):-0.864	O2):59.264	
O1):-0.793	O2):38.131	
O1):-0.838	O2):47.518	
O1):-0.82	O2):43.887	
O1):-0.778	O2):37.074	
O1):-0.834	O2):52.219	
O1):-0.78	O2):36.393	
O1):-0.804	O2):42.13	
O1):-0.812	O2):42.327	
O1):-0.749	O2):35.915	
O1):-0.8	O2):41.905	
O1):-0.773	O2):38.427	
O1):-0.763	O2):39.533	
O1):-0.849	O2):53.034	
O1):-0.741	O2):34.747	
O1):-0.82	O2):43.882	
O1):-0.836	O2):47.26	
O1):-0.87	O2):59.226	
O1):-0.8	O2):42.333	
O1):-0.847	O2):49.597	
O1):-0.788	O2):41.306	
O1):-0.872	O2):68.948	
O1):-0.785	O2):37.401	
O1):-0.772	O2):40.659	
O1):-0.778	O2):40.128	
O1):-0.82	O2):42.77	
O1):-0.801	O2):38.79	
O1):-0.745	O2):35.351	
O1):-0.88	O2):69.482	
O1):-0.843	O2):47.832	
O1):-0.778	O2):37.479	
O1):-0.87	O2):67.782	
O1):-0.826	O2):43.896	
O1):-0.796	O2):44.602	
O1):-0.836	O2):47.244	
O1):-0.862	O2):53.928	
O1):-0.816	O2):41.905	
O1):-0.861	O2):61.635	
O1):-0.755	O2):34.194	
O1):-0.774	O2):37.719	
O1):-0.871	O2):63.552	
O1):-0.806	O2):42.174	
O1):-0.758	O2):36.078	
O1):-0.847	O2):49.616	
O1):-0.845	O2):49.208	
O1):-0.853	O2):50.343	
O1):-0.872	O2):64.053	
O1):-0.812	O2):43.015	
O1):-0.837	O2):48.737	
O1):-0.733	O2):36.009	
O1):-0.805	O2):38.889	
O1):-0.846	O2):49.292	
O1):-0.821	O2):42.328	
O1):-0.871	O2):59.582	
O1):-0.82	O2):42.752	
O1):-0.799	O2):41.582	
O1):-0.766	O2):37.306	
O1):-0.872	O2):68.948	
O1):-0.821	O2):43.148	
O1):-0.785	O2):37.401	
O1):-0.88	O2):68.217	
O1):-0.846	O2):49.565	
O1):-0.861	O2):53.842	
O1):-0.748	O2):33.571	
O1):-0.81	O2):42.589	
O1):-0.859	O2):63.15	
O1):-0.795	O2):38.407	
O1):-0.778	O2):37.78	
O1):-0.793	O2):38.129	
O1):-0.809	O2):41.786	
O1):-0.829	O2):44.047	
O1):-0.835	O2):44.061	
O1):-0.82	O2):42.77	
O1):-0.863	O2):58.966	
O1):-0.758	O2):35.724	
O1):-0.833	O2):45.145	
O1):-0.862	O2):63.53	
O1):-0.844	O2):49.071	
O1):-0.854	O2):53.504	
Starting PrismExecutor worker 5 on port 11435
O1):-0.796	O2):41.721	
O1):-0.872	O2):68.235	
Connected worker 5 to port 11435
O1):-0.82	O2):42.77	
O1):-0.799	O2):39.665	
O1):-0.778	O2):36.98	
O1):-0.862	O2):53.928	
O1):-0.767	O2):37.078	
O1):-0.75	O2):35.85	
O1):-0.846	O2):49.573	
O1):-0.82	O2):42.77	
O1):-0.872	O2):63.906	
O1):-0.837	O2):48.553	
O1):-0.813	O2):42.604	
O1):-0.872	O2):63.906	
O1):-0.82	O2):43.016	
O1):-0.862	O2):53.97	
O1):-0.785	O2):37.401	
O1):-0.846	O2):49.469	
O1):-0.776	O2):40.349	
O1):-0.827	O2):43.966	
O1):-0.811	O2):42.923	
O1):-0.793	O2):38.129	
O1):-0.851	O2):52.572	
O1):-0.87	O2):67.782	
O1):-0.811	O2):42.923	
O1):-0.726	O2):35.234	
O1):-0.845	O2):49.153	
O1):-0.726	O2):35.234	
O1):-0.775	O2):39.925	
O1):-0.828	O2):43.616	
O1):-0.728	O2):35.549	
O1):-0.841	O2):48.301	
O1):-0.799	O2):42.467	
O1):-0.82	O2):42.77	
O1):-0.849	O2):49.739	
O1):-0.845	O2):48.116	
O1):-0.733	O2):36.009	
O1):-0.799	O2):38.28	
O1):-0.855	O2):59.15	
O1):-0.844	O2):48.835	
O1):-0.745	O2):35.351	
O1):-0.772	O2):37.968	
O1):-0.826	O2):43.896	
O1):-0.785	O2):37.401	
O1):-0.776	O2):40.411	
O1):-0.867	O2):63.163	
O1):-0.846	O2):49.626	
O1):-0.82	O2):46.422	
O1):-0.855	O2):53.545	
O1):-0.793	O2):43.687	
O1):-0.79	O2):38.349	
O1):-0.807	O2):42.958	
O1):-0.846	O2):49.296	
O1):-0.801	O2):41.68	
O1):-0.796	O2):41.737	
O1):-0.852	O2):50.171	
O1):-0.836	O2):45.543	
O1):-0.759	O2):35.956	
O1):-0.759	O2):35.57	
O1):-0.846	O2):49.573	
O1):-0.847	O2):49.616	
O1):-0.845	O2):49.298	
O1):-0.805	O2):42.172	
O1):-0.777	O2):36.096	
O1):-0.771	O2):36.352	
O1):-0.843	O2):49.175	
O1):-0.819	O2):42.628	
O1):-0.87	O2):67.782	
O1):-0.779	O2):41.484	
O1):-0.842	O2):48.501	
O1):-0.779	O2):36.464	
O1):-0.757	O2):37.19	
O1):-0.853	O2):48.899	
O1):-0.781	O2):38.955	
O1):-0.758	O2):36.078	
O1):-0.801	O2):38.79	
O1):-0.795	O2):44.237	
O1):-0.843	O2):49.176	
O1):-0.846	O2):49.466	
O1):-0.862	O2):53.931	
O1):-0.782	O2):37.995	
O1):-0.723	O2):33.103	
O1):-0.828	O2):44.187	
O1):-0.785	O2):37.433	
O1):-0.844	O2):49.019	
O1):-0.749	O2):35.46	
O1):-0.834	O2):43.925	
O1):-0.791	O2):40.668	
O1):-0.801	O2):41.68	
O1):-0.872	O2):68.723	
O1):-0.844	O2):48.747	
O1):-0.82	O2):42.77	
O1):-0.791	O2):40.959	
O1):-0.863	O2):54.243	
O1):-0.855	O2):57.98	
Starting PrismExecutor worker 2 on port 11442
O1):-0.815	O2):43.616	
O1):-0.836	O2):48.442	
Connected worker 2 to port 11442
O1):-0.82	O2):46.424	
Evaluations:	1600
O1):-0.78	O2):36.4	
O1):-0.817	O2):43.322	
O1):-0.799	O2):38.28	
O1):-0.813	O2):43.488	
O1):-0.828	O2):44.187	
O1):-0.864	O2):59.264	
O1):-0.87	O2):67.782	
O1):-0.822	O2):43.099	
O1):-0.801	O2):41.68	
O1):-0.779	O2):36.464	
O1):-0.75	O2):35.85	
O1):-0.78	O2):37.71	
O1):-0.862	O2):53.928	
O1):-0.867	O2):63.164	
O1):-0.847	O2):49.616	
O1):-0.87	O2):59.226	
O1):-0.745	O2):35.351	
O1):-0.795	O2):38.407	
O1):-0.778	O2):41.321	
O1):-0.852	O2):50.171	
O1):-0.762	O2):37.34	
Evaluations:	1900
O1):-0.842	O2):48.501	
O1):-0.777	O2):36.096	
O1):-0.843	O2):47.831	
O1):-0.785	O2):38.025	
O1):-0.799	O2):39.824	
O1):-0.726	O2):35.234	
O1):-0.843	O2):49.175	
O1):-0.832	O2):48.214	
O1):-0.776	O2):40.425	
O1):-0.758	O2):36.078	
O1):-0.779	O2):37.456	
O1):-0.863	O2):54.291	
O1):-0.746	O2):35.722	
O1):-0.872	O2):63.05	
O1):-0.838	O2):44.742	
O1):-0.805	O2):42.255	
O1):-0.786	O2):41.296	
O1):-0.826	O2):43.896	
O1):-0.813	O2):58.83	
O1):-0.822	O2):43.104	
O1):-0.872	O2):64.053	
O1):-0.846	O2):49.573	
O1):-0.806	O2):42.636	
O1):-0.863	O2):54.241	
O1):-0.849	O2):49.737	
O1):-0.782	O2):36.659	
O1):-0.748	O2):36.503	
O1):-0.846	O2):49.294	
O1):-0.86	O2):53.775	
O1):-0.859	O2):63.148	
O1):-0.807	O2):42.716	
O1):-0.821	O2):42.812	
O1):-0.748	O2):36.503	
O1):-0.871	O2):68.093	
O1):-0.836	O2):44.433	
O1):-0.861	O2):53.842	
O1):-0.728	O2):35.549	
O1):-0.871	O2):59.386	
O1):-0.871	O2):67.923	
O1):-0.864	O2):59.264	
O1):-0.846	O2):49.292	
O1):-0.803	O2):42.948	
O1):-0.871	O2):59.386	
O1):-0.834	O2):43.924	
O1):-0.828	O2):43.747	
O1):-0.804	O2):41.45	
O1):-0.785	O2):38.073	
O1):-0.801	O2):41.994	
O1):-0.785	O2):40.551	
O1):-0.851	O2):52.572	
O1):-0.798	O2):37.973	
O1):-0.822	O2):43.116	
O1):-0.861	O2):53.917	
O1):-0.871	O2):59.385	
O1):-0.849	O2):53.031	
O1):-0.829	O2):43.841	
O1):-0.829	O2):44.048	
O1):-0.812	O2):42.328	
O1):-0.808	O2):42.558	
O1):-0.787	O2):41.2	
O1):-0.862	O2):54.244	
Starting PrismExecutor worker 2 on port 11422
O1):-0.823	O2):44.223	
Connected worker 2 to port 11422
O1):-0.797	O2):39.348	
O1):-0.756	O2):37.503	
O1):-0.759	O2):35.956	
O1):-0.776	O2):37.083	
O1):-0.799	O2):41.582	
O1):-0.744	O2):33.906	
O1):-0.821	O2):42.809	
O1):-0.863	O2):58.995	
O1):-0.727	O2):35.458	
O1):-0.862	O2):55.763	
O1):-0.835	O2):45.369	
O1):-0.87	O2):67.782	
O1):-0.862	O2):53.961	
O1):-0.863	O2):58.966	
O1):-0.826	O2):55.146	
O1):-0.821	O2):43.056	
O1):-0.758	O2):35.731	
O1):-0.834	O2):48.485	
O1):-0.82	O2):42.077	
O1):-0.868	O2):67.149	
O1):-0.862	O2):53.964	
O1):-0.759	O2):35.956	
O1):-0.797	O2):42.023	
O1):-0.732	O2):36.722	
O1):-0.854	O2):53.506	
O1):-0.778	O2):36.98	
O1):-0.829	O2):44.053	
O1):-0.845	O2):48.254	
O1):-0.846	O2):49.287	
O1):-0.766	O2):37.122	
O1):-0.83	O2):44.048	
O1):-0.784	O2):37.28	
O1):-0.733	O2):36.009	
O1):-0.828	O2):45.163	
O1):-0.827	O2):43.966	
O1):-0.778	O2):41.698	
O1):-0.782	O2):37.989	
O1):-0.862	O2):54.216	
O1):-0.78	O2):37.71	
O1):-0.847	O2):54.283	
O1):-0.854	O2):54.857	
O1):-0.846	O2):49.622	
O1):-0.82	O2):43.882	
O1):-0.785	O2):37.401	
O1):-0.758	O2):36.078	
O1):-0.763	O2):36.825	
O1):-0.843	O2):57.633	
O1):-0.827	O2):43.966	
O1):-0.83	O2):43.826	
O1):-0.863	O2):58.966	
O1):-0.835	O2):44.25	
O1):-0.864	O2):59.264	
Evaluations:	1800
O1):-0.815	O2):43.615	
O1):-0.87	O2):67.782	
O1):-0.806	O2):42.636	
O1):-0.872	O2):68.235	
O1):-0.854	O2):53.506	
O1):-0.775	O2):39.925	
O1):-0.781	O2):37.632	
O1):-0.837	O2):45.827	
O1):-0.77	O2):41.754	
O1):-0.834	O2):43.924	
O1):-0.853	O2):54.742	
O1):-0.768	O2):37.443	
O1):-0.828	O2):51.65	
O1):-0.871	O2):59.583	
O1):-0.846	O2):49.466	
O1):-0.804	O2):41.45	
O1):-0.846	O2):48.388	
O1):-0.799	O2):41.889	
O1):-0.796	O2):41.721	
O1):-0.74	O2):32.79	
O1):-0.846	O2):49.416	
O1):-0.78	O2):37.71	
O1):-0.856	O2):69.372	
O1):-0.785	O2):41.586	
O1):-0.82	O2):43.803	
O1):-0.816	O2):42.762	
O1):-0.844	O2):48.837	
O1):-0.845	O2):48.12	
O1):-0.821	O2):42.328	
O1):-0.789	O2):39.707	
O1):-0.798	O2):42.077	
O1):-0.801	O2):41.994	
O1):-0.821	O2):43.056	
O1):-0.844	O2):49.018	
O1):-0.812	O2):42.324	
O1):-0.773	O2):38.421	
O1):-0.827	O2):43.39	
Starting PrismExecutor worker 5 on port 11405
Connected worker 5 to port 11405
O1):-0.746	O2):35.722	
O1):-0.854	O2):63.156	
O1):-0.846	O2):49.448	
O1):-0.784	O2):40.549	
O1):-0.78	O2):37.71	
O1):-0.854	O2):53.523	
O1):-0.761	O2):36.429	
O1):-0.853	O2):53.058	
O1):-0.833	O2):44.735	
O1):-0.779	O2):40.782	
O1):-0.796	O2):41.721	
O1):-0.793	O2):38.131	
O1):-0.834	O2):43.925	
O1):-0.837	O2):47.312	
O1):-0.832	O2):48.216	
O1):-0.785	O2):37.401	
O1):-0.806	O2):40.0	
O1):-0.797	O2):43.593	
O1):-0.816	O2):47.12	
O1):-0.766	O2):37.306	
O1):-0.862	O2):53.974	
O1):-0.841	O2):48.432	
O1):-0.854	O2):53.504	
O1):-0.795	O2):41.62	
O1):-0.878	O2):64.227	
O1):-0.806	O2):42.636	
O1):-0.75	O2):36.506	
O1):-0.845	O2):48.391	
O1):-0.836	O2):47.261	
O1):-0.836	O2):48.565	
O1):-0.845	O2):48.391	
O1):-0.835	O2):45.36	
O1):-0.846	O2):49.448	
O1):-0.853	O2):53.058	
O1):-0.819	O2):44.625	
O1):-0.796	O2):41.721	
O1):-0.778	O2):41.321	
O1):-0.846	O2):49.292	
O1):-0.86	O2):53.536	
O1):-0.817	O2):45.999	
O1):-0.759	O2):35.956	
O1):-0.805	O2):42.494	
O1):-0.778	O2):38.906	
O1):-0.795	O2):44.296	
O1):-0.779	O2):40.674	
O1):-0.785	O2):37.401	
O1):-0.842	O2):57.217	
O1):-0.846	O2):49.292	
O1):-0.871	O2):63.554	
O1):-0.793	O2):38.195	
O1):-0.804	O2):40.546	
O1):-0.788	O2):38.107	
O1):-0.779	O2):41.484	
O1):-0.829	O2):43.685	
O1):-0.801	O2):38.79	
O1):-0.821	O2):47.621	
O1):-0.872	O2):63.906	
O1):-0.827	O2):43.39	
O1):-0.727	O2):32.491	
O1):-0.826	O2):55.146	
O1):-0.833	O2):45.145	
O1):-0.878	O2):64.227	
O1):-0.843	O2):49.175	
O1):-0.795	O2):38.407	
O1):-0.872	O2):63.906	
O1):-0.772	O2):40.659	
O1):-0.853	O2):53.203	
O1):-0.765	O2):40.092	
O1):-0.843	O2):47.831	
O1):-0.844	O2):49.014	
O1):-0.879	O2):67.715	
O1):-0.871	O2):59.385	
O1):-0.864	O2):59.264	
O1):-0.767	O2):36.858	
O1):-0.785	O2):38.025	
O1):-0.862	O2):54.252	
O1):-0.836	O2):47.26	
O1):-0.853	O2):63.074	
O1):-0.728	O2):35.549	
O1):-0.841	O2):48.301	
O1):-0.809	O2):42.728	
O1):-0.769	O2):37.814	
O1):-0.862	O2):53.974	
O1):-0.867	O2):63.163	
O1):-0.816	O2):43.88	
O1):-0.799	O2):39.665	
O1):-0.845	O2):48.393	
O1):-0.786	O2):40.628	
O1):-0.87	O2):67.782	
O1):-0.817	O2):47.251	
O1):-0.845	O2):48.391	
O1):-0.758	O2):35.889	
O1):-0.862	O2):53.988	
O1):-0.844	O2):49.023	
Starting PrismExecutor worker 0 on port 11420
O1):-0.75	O2):35.989	
O1):-0.792	O2):41.157	
O1):-0.796	O2):44.403	
O1):-0.819	O2):42.758	
Connected worker 0 to port 11420
O1):-0.863	O2):58.966	
O1):-0.871	O2):59.583	
O1):-0.748	O2):33.571	
O1):-0.761	O2):36.1	
O1):-0.846	O2):49.289	
O1):-0.718	O2):32.141	
O1):-0.87	O2):67.782	
O1):-0.837	O2):47.315	
O1):-0.774	O2):38.424	
O1):-0.843	O2):48.638	
O1):-0.846	O2):49.466	
O1):-0.87	O2):67.782	
O1):-0.871	O2):59.591	
O1):-0.826	O2):43.509	
O1):-0.826	O2):55.443	
O1):-0.818	O2):43.371	
O1):-0.847	O2):49.604	
O1):-0.809	O2):41.786	
O1):-0.79	O2):38.093	
O1):-0.801	O2):38.79	
O1):-0.864	O2):59.265	
O1):-0.87	O2):67.782	
O1):-0.832	O2):48.214	
O1):-0.783	O2):38.085	
O1):-0.778	O2):41.321	
O1):-0.803	O2):42.948	
O1):-0.776	O2):40.431	
O1):-0.766	O2):37.306	
O1):-0.784	O2):41.539	
O1):-0.819	O2):43.672	
O1):-0.834	O2):43.925	
O1):-0.843	O2):49.175	
O1):-0.816	O2):42.755	
O1):-0.767	O2):37.078	
O1):-0.776	O2):40.074	
O1):-0.8	O2):41.905	
Evaluations:	1800
O1):-0.821	O2):42.809	
O1):-0.812	O2):42.324	
O1):-0.846	O2):49.591	
O1):-0.852	O2):54.455	
O1):-0.812	O2):42.324	
O1):-0.817	O2):42.145	
O1):-0.847	O2):49.604	
O1):-0.793	O2):38.129	
O1):-0.834	O2):46.704	
O1):-0.778	O2):41.321	
O1):-0.726	O2):35.234	
O1):-0.862	O2):53.974	
O1):-0.826	O2):43.896	
O1):-0.836	O2):47.261	
O1):-0.781	O2):37.632	
O1):-0.746	O2):33.344	
O1):-0.822	O2):43.088	
O1):-0.726	O2):35.234	
O1):-0.854	O2):63.155	
O1):-0.859	O2):53.396	
O1):-0.871	O2):59.583	
O1):-0.867	O2):63.164	
O1):-0.815	O2):43.555	
Evaluations:	1500
O1):-0.798	O2):42.077	
Evaluations:	1800
O1):-0.757	O2):35.727	
O1):-0.837	O2):45.83	
O1):-0.827	O2):43.966	
O1):-0.863	O2):58.966	
O1):-0.843	O2):49.175	
O1):-0.798	O2):42.347	
O1):-0.704	O2):31.963	
O1):-0.862	O2):53.928	
O1):-0.767	O2):37.078	
O1):-0.863	O2):54.291	
O1):-0.863	O2):59.899	
O1):-0.834	O2):46.704	
O1):-0.787	O2):41.2	
O1):-0.758	O2):37.579	
Starting PrismExecutor worker 4 on port 11414
O1):-0.822	O2):43.099	
O1):-0.843	O2):48.696	
Connected worker 4 to port 11414
O1):-0.764	O2):37.868	
O1):-0.759	O2):35.956	
O1):-0.777	O2):40.152	
O1):-0.871	O2):59.583	
O1):-0.778	O2):37.384	
O1):-0.771	O2):36.346	
O1):-0.837	O2):48.557	
O1):-0.845	O2):48.391	
O1):-0.82	O2):42.687	
O1):-0.863	O2):58.966	
O1):-0.808	O2):45.584	
O1):-0.821	O2):42.328	
O1):-0.785	O2):38.025	
O1):-0.836	O2):47.26	
O1):-0.809	O2):41.786	
O1):-0.759	O2):38.023	
O1):-0.88	O2):64.724	
O1):-0.838	O2):47.6	
O1):-0.837	O2):48.551	
O1):-0.87	O2):67.782	
O1):-0.844	O2):49.014	
O1):-0.853	O2):53.058	
O1):-0.862	O2):53.961	
O1):-0.827	O2):43.966	
O1):-0.8	O2):45.313	
O1):-0.805	O2):41.696	
O1):-0.862	O2):53.961	
O1):-0.767	O2):37.44	
O1):-0.817	O2):43.887	
O1):-0.843	O2):48.637	
O1):-0.843	O2):48.637	
O1):-0.755	O2):34.194	
O1):-0.844	O2):49.261	
O1):-0.826	O2):43.896	
O1):-0.854	O2):59.202	
O1):-0.826	O2):43.896	
O1):-0.786	O2):40.63	
O1):-0.801	O2):46.0	
O1):-0.844	O2):47.811	
O1):-0.757	O2):37.19	
O1):-0.863	O2):58.966	
O1):-0.784	O2):37.28	
O1):-0.846	O2):48.387	
O1):-0.785	O2):37.401	
O1):-0.863	O2):54.268	
O1):-0.8	O2):38.735	
O1):-0.778	O2):36.98	
O1):-0.846	O2):54.455	
O1):-0.805	O2):42.494	
O1):-0.815	O2):43.613	
O1):-0.771	O2):36.346	
O1):-0.85	O2):58.185	
O1):-0.843	O2):48.693	
O1):-0.806	O2):40.004	
O1):-0.846	O2):49.292	
O1):-0.845	O2):49.155	
O1):-0.846	O2):49.296	
O1):-0.757	O2):36.543	
O1):-0.871	O2):59.385	
O1):-0.844	O2):49.261	
O1):-0.822	O2):43.099	
O1):-0.862	O2):54.252	
O1):-0.779	O2):37.456	
O1):-0.796	O2):41.737	
O1):-0.796	O2):41.721	
O1):-0.812	O2):42.328	
O1):-0.757	O2):37.19	
O1):-0.854	O2):63.156	
O1):-0.812	O2):42.328	
O1):-0.785	O2):43.198	
O1):-0.845	O2):49.287	
O1):-0.788	O2):38.847	
O1):-0.835	O2):45.37	
Evaluations:	1700
O1):-0.837	O2):48.557	
O1):-0.781	O2):38.947	
O1):-0.871	O2):67.923	
O1):-0.837	O2):44.657	
O1):-0.821	O2):43.145	
O1):-0.844	O2):49.014	
O1):-0.845	O2):49.152	
O1):-0.814	O2):42.948	
O1):-0.846	O2):49.292	
O1):-0.88	O2):68.217	
O1):-0.846	O2):49.448	
O1):-0.846	O2):48.387	
O1):-0.767	O2):37.078	
Starting PrismExecutor worker 4 on port 11404
O1):-0.802	O2):39.116	
O1):-0.785	O2):38.1	
Connected worker 4 to port 11404
O1):-0.844	O2):56.973	
O1):-0.864	O2):59.264	
O1):-0.846	O2):48.387	
O1):-0.863	O2):59.899	
O1):-0.863	O2):58.966	
O1):-0.837	O2):48.557	
O1):-0.853	O2):48.902	
O1):-0.828	O2):44.187	
O1):-0.862	O2):53.914	
O1):-0.846	O2):49.287	
O1):-0.828	O2):44.187	
O1):-0.842	O2):48.527	
O1):-0.82	O2):43.882	
O1):-0.778	O2):37.099	
O1):-0.836	O2):47.26	
O1):-0.86	O2):53.536	
O1):-0.791	O2):40.959	
O1):-0.785	O2):37.401	
O1):-0.79	O2):38.091	
O1):-0.784	O2):37.296	
O1):-0.862	O2):53.974	
O1):-0.812	O2):42.941	
O1):-0.863	O2):54.438	
O1):-0.79	O2):41.907	
O1):-0.843	O2):49.175	
O1):-0.829	O2):44.048	
O1):-0.829	O2):43.602	
O1):-0.872	O2):68.947	
O1):-0.762	O2):37.34	
O1):-0.75	O2):35.85	
O1):-0.763	O2):36.76	
O1):-0.87	O2):67.782	
O1):-0.759	O2):35.956	
O1):-0.771	O2):36.346	
O1):-0.797	O2):46.88	
O1):-0.868	O2):63.23	
O1):-0.778	O2):38.416	
O1):-0.812	O2):42.327	
O1):-0.854	O2):53.523	
O1):-0.854	O2):55.347	
O1):-0.8	O2):42.89	
O1):-0.862	O2):53.961	
O1):-0.845	O2):49.341	
O1):-0.809	O2):41.786	
O1):-0.862	O2):53.974	
O1):-0.788	O2):38.107	
O1):-0.837	O2):44.752	
O1):-0.846	O2):48.387	
O1):-0.844	O2):48.747	
O1):-0.81	O2):42.027	
O1):-0.847	O2):49.585	
O1):-0.867	O2):63.164	
O1):-0.779	O2):36.342	
O1):-0.87	O2):67.782	
O1):-0.806	O2):40.0	
O1):-0.819	O2):42.758	
O1):-0.743	O2):36.226	
O1):-0.819	O2):42.758	
O1):-0.785	O2):37.401	
O1):-0.836	O2):47.26	
O1):-0.863	O2):54.291	
O1):-0.864	O2):59.264	
O1):-0.847	O2):49.616	
O1):-0.779	O2):37.456	
O1):-0.801	O2):46.052	
O1):-0.846	O2):49.469	
O1):-0.83	O2):43.826	
O1):-0.807	O2):42.588	
O1):-0.733	O2):36.009	
O1):-0.776	O2):40.424	
O1):-0.843	O2):48.733	
O1):-0.733	O2):36.013	
O1):-0.796	O2):49.27	
O1):-0.864	O2):59.264	
O1):-0.771	O2):36.346	
O1):-0.842	O2):48.531	
O1):-0.845	O2):48.392	
O1):-0.785	O2):37.401	
O1):-0.782	O2):36.659	
O1):-0.862	O2):53.961	
O1):-0.835	O2):44.139	
O1):-0.822	O2):43.099	
O1):-0.755	O2):34.194	
O1):-0.823	O2):47.098	
O1):-0.846	O2):49.292	
O1):-0.826	O2):43.896	
O1):-0.853	O2):53.058	
O1):-0.82	O2):42.769	
O1):-0.83	O2):43.93	
Starting PrismExecutor worker 5 on port 11415
O1):-0.835	O2):44.061	
Connected worker 5 to port 11415
O1):-0.863	O2):54.438	
O1):-0.852	O2):54.108	
O1):-0.786	O2):38.906	
O1):-0.826	O2):55.146	
O1):-0.846	O2):49.287	
O1):-0.853	O2):50.343	
O1):-0.786	O2):40.628	
O1):-0.838	O2):48.824	
O1):-0.802	O2):42.524	
O1):-0.78	O2):36.479	
O1):-0.781	O2):38.94	
O1):-0.806	O2):42.636	
O1):-0.849	O2):49.737	
O1):-0.846	O2):49.448	
O1):-0.76	O2):36.114	
O1):-0.862	O2):53.928	
O1):-0.749	O2):35.914	
O1):-0.871	O2):59.386	
O1):-0.863	O2):54.268	
O1):-0.806	O2):40.001	
O1):-0.863	O2):58.966	
O1):-0.745	O2):35.196	
O1):-0.862	O2):53.961	
O1):-0.78	O2):37.71	
O1):-0.788	O2):38.847	
O1):-0.863	O2):59.129	
O1):-0.803	O2):48.769	
O1):-0.704	O2):31.962	
O1):-0.843	O2):47.831	
O1):-0.766	O2):37.306	
O1):-0.863	O2):54.431	
O1):-0.782	O2):36.659	
O1):-0.861	O2):61.635	
O1):-0.704	O2):31.962	
O1):-0.812	O2):42.422	
O1):-0.809	O2):42.865	
Evaluations:	1800
O1):-0.863	O2):58.966	
O1):-0.779	O2):37.456	
O1):-0.82	O2):42.769	
O1):-0.809	O2):41.786	
O1):-0.804	O2):40.546	
O1):-0.847	O2):49.604	
O1):-0.826	O2):43.51	
O1):-0.846	O2):49.287	
O1):-0.777	O2):41.193	
O1):-0.795	O2):44.296	
O1):-0.867	O2):63.164	
O1):-0.781	O2):38.947	
O1):-0.837	O2):53.852	
O1):-0.802	O2):42.816	
O1):-0.845	O2):48.391	
O1):-0.845	O2):49.153	
O1):-0.819	O2):43.672	
O1):-0.804	O2):41.449	
O1):-0.863	O2):58.966	
O1):-0.863	O2):54.302	
O1):-0.837	O2):44.752	
O1):-0.872	O2):64.056	
O1):-0.82	O2):42.684	
O1):-0.802	O2):39.116	
O1):-0.862	O2):53.928	
O1):-0.778	O2):36.98	
O1):-0.821	O2):43.056	
O1):-0.837	O2):52.152	
O1):-0.782	O2):37.989	
O1):-0.868	O2):67.149	
O1):-0.821	O2):42.328	
O1):-0.801	O2):38.79	
O1):-0.784	O2):37.28	
O1):-0.789	O2):39.721	
O1):-0.868	O2):67.149	
O1):-0.819	O2):42.624	
O1):-0.87	O2):67.782	
O1):-0.757	O2):35.65	
O1):-0.868	O2):67.149	
O1):-0.87	O2):67.782	
O1):-0.833	O2):44.743	
O1):-0.82	O2):46.53	
O1):-0.878	O2):64.227	
O1):-0.846	O2):49.465	
O1):-0.853	O2):53.058	
O1):-0.813	O2):42.794	
O1):-0.769	O2):37.814	
O1):-0.829	O2):45.302	
O1):-0.846	O2):48.387	
Starting PrismExecutor worker 3 on port 11423
O1):-0.767	O2):36.839	
O1):-0.847	O2):54.439	
O1):-0.805	O2):41.696	
O1):-0.805	O2):41.788	
Connected worker 3 to port 11423
O1):-0.862	O2):53.928	
O1):-0.83	O2):43.826	
O1):-0.845	O2):48.391	
O1):-0.759	O2):35.956	
O1):-0.847	O2):49.603	
O1):-0.87	O2):63.785	
O1):-0.862	O2):53.928	
O1):-0.79	O2):41.907	
O1):-0.826	O2):43.896	
O1):-0.838	O2):48.766	
O1):-0.758	O2):35.731	
O1):-0.779	O2):36.342	
O1):-0.845	O2):48.391	
O1):-0.778	O2):36.98	
O1):-0.854	O2):53.523	
O1):-0.749	O2):35.46	
O1):-0.757	O2):36.543	
O1):-0.863	O2):54.266	
O1):-0.846	O2):49.448	
O1):-0.78	O2):36.393	
O1):-0.767	O2):37.078	
O1):-0.778	O2):41.321	
O1):-0.782	O2):36.659	
O1):-0.837	O2):48.544	
O1):-0.788	O2):38.107	
O1):-0.777	O2):40.152	
O1):-0.862	O2):53.928	
O1):-0.837	O2):46.854	
O1):-0.75	O2):36.213	
O1):-0.796	O2):44.6	
O1):-0.79	O2):38.091	
O1):-0.845	O2):48.516	
O1):-0.821	O2):43.056	
O1):-0.88	O2):69.482	
O1):-0.871	O2):63.552	
O1):-0.807	O2):42.297	
O1):-0.847	O2):49.597	
O1):-0.872	O2):68.234	
O1):-0.847	O2):49.597	
O1):-0.827	O2):43.966	
O1):-0.801	O2):38.79	
O1):-0.837	O2):45.821	
O1):-0.86	O2):53.775	
O1):-0.837	O2):48.552	
O1):-0.781	O2):38.951	
O1):-0.746	O2):35.722	
O1):-0.793	O2):38.131	
O1):-0.83	O2):44.047	
O1):-0.88	O2):69.482	
O1):-0.822	O2):43.117	
O1):-0.86	O2):53.536	
O1):-0.82	O2):42.883	
O1):-0.782	O2):37.989	
O1):-0.77	O2):37.282	
O1):-0.757	O2):35.73	
Evaluations:	1800
O1):-0.749	O2):35.731	
O1):-0.812	O2):42.324	
O1):-0.83	O2):43.825	
O1):-0.722	O2):37.479	
O1):-0.845	O2):49.153	
O1):-0.852	O2):50.171	
O1):-0.749	O2):35.721	
O1):-0.796	O2):37.445	
O1):-0.787	O2):38.433	
O1):-0.855	O2):53.54	
O1):-0.793	O2):41.226	
O1):-0.862	O2):53.961	
O1):-0.853	O2):50.651	
O1):-0.805	O2):43.38	
O1):-0.862	O2):59.417	
O1):-0.834	O2):46.704	
O1):-0.863	O2):54.283	
O1):-0.867	O2):63.164	
O1):-0.845	O2):48.391	
O1):-0.821	O2):43.056	
O1):-0.796	O2):41.804	
O1):-0.864	O2):59.264	
O1):-0.806	O2):42.653	
O1):-0.819	O2):42.628	
O1):-0.871	O2):59.386	
O1):-0.845	O2):48.391	
O1):-0.78	O2):37.71	
O1):-0.843	O2):48.879	
O1):-0.881	O2):68.578	
O1):-0.78	O2):36.393	
O1):-0.768	O2):37.478	
O1):-0.878	O2):64.227	
O1):-0.802	O2):45.549	
O1):-0.837	O2):44.752	
Starting PrismExecutor worker 4 on port 11454
O1):-0.758	O2):35.889	
O1):-0.862	O2):53.931	
Connected worker 4 to port 11454
O1):-0.87	O2):67.782	
O1):-0.847	O2):49.589	
O1):-0.749	O2):35.47	
O1):-0.864	O2):59.264	
O1):-0.826	O2):43.896	
O1):-0.863	O2):54.416	
O1):-0.812	O2):42.324	
O1):-0.771	O2):36.346	
O1):-0.861	O2):53.917	
O1):-0.833	O2):48.296	
O1):-0.788	O2):38.847	
O1):-0.826	O2):43.896	
O1):-0.746	O2):33.344	
O1):-0.803	O2):38.598	
O1):-0.772	O2):37.73	
O1):-0.867	O2):63.164	
Evaluations:	1700
O1):-0.846	O2):49.466	
O1):-0.862	O2):53.928	
O1):-0.86	O2):53.775	
O1):-0.807	O2):42.716	
O1):-0.83	O2):43.93	
O1):-0.859	O2):53.316	
O1):-0.846	O2):48.519	
O1):-0.798	O2):37.964	
O1):-0.807	O2):42.716	
O1):-0.728	O2):32.439	
O1):-0.759	O2):35.956	
O1):-0.862	O2):53.929	
O1):-0.863	O2):54.281	
O1):-0.733	O2):36.009	
O1):-0.805	O2):42.512	
O1):-0.863	O2):54.283	
O1):-0.847	O2):48.695	
O1):-0.779	O2):36.342	
O1):-0.797	O2):41.971	
O1):-0.778	O2):36.273	
O1):-0.781	O2):37.632	
O1):-0.807	O2):42.716	
O1):-0.803	O2):39.206	
O1):-0.777	O2):36.096	
O1):-0.854	O2):53.523	
O1):-0.796	O2):41.721	
O1):-0.78	O2):37.71	
O1):-0.871	O2):63.555	
O1):-0.87	O2):67.782	
O1):-0.846	O2):49.296	
O1):-0.845	O2):49.153	
O1):-0.83	O2):43.82	
O1):-0.841	O2):48.301	
O1):-0.828	O2):45.419	
O1):-0.749	O2):35.73	
O1):-0.846	O2):49.294	
O1):-0.843	O2):48.637	
O1):-0.812	O2):42.328	
O1):-0.786	O2):38.363	
O1):-0.87	O2):67.782	
O1):-0.837	O2):47.315	
O1):-0.733	O2):36.009	
O1):-0.867	O2):63.164	
O1):-0.778	O2):37.479	
O1):-0.87	O2):67.782	
O1):-0.801	O2):38.79	
O1):-0.778	O2):36.98	
O1):-0.824	O2):44.559	
O1):-0.872	O2):68.235	
O1):-0.767	O2):37.078	
O1):-0.801	O2):38.78	
O1):-0.806	O2):42.636	
O1):-0.823	O2):51.945	
O1):-0.846	O2):48.389	
O1):-0.847	O2):49.616	
O1):-0.837	O2):46.854	
O1):-0.826	O2):43.207	
O1):-0.802	O2):42.597	
O1):-0.845	O2):49.265	
O1):-0.75	O2):35.85	
O1):-0.845	O2):49.528	
O1):-0.837	O2):48.557	
O1):-0.786	O2):38.363	
O1):-0.76	O2):38.674	
O1):-0.828	O2):43.616	
O1):-0.82	O2):42.75	
O1):-0.846	O2):49.288	
O1):-0.86	O2):53.536	
Starting PrismExecutor worker 3 on port 11443
O1):-0.863	O2):54.416	
O1):-0.846	O2):48.385	
O1):-0.862	O2):54.241	
O1):-0.828	O2):45.175	
Connected worker 3 to port 11443
O1):-0.842	O2):48.655	
O1):-0.862	O2):54.244	
O1):-0.804	O2):38.59	
O1):-0.853	O2):48.902	
O1):-0.862	O2):54.156	
O1):-0.846	O2):49.292	
O1):-0.758	O2):35.724	
O1):-0.863	O2):54.268	
O1):-0.862	O2):53.97	
O1):-0.87	O2):67.782	
O1):-0.821	O2):46.035	
O1):-0.797	O2):39.533	
O1):-0.837	O2):48.551	
O1):-0.864	O2):59.264	
O1):-0.78	O2):37.71	
O1):-0.785	O2):40.867	
O1):-0.796	O2):44.602	
O1):-0.845	O2):49.142	
O1):-0.86	O2):53.775	
O1):-0.779	O2):36.342	
O1):-0.862	O2):53.928	
O1):-0.837	O2):48.69	
O1):-0.83	O2):43.821	
O1):-0.797	O2):39.348	
O1):-0.852	O2):50.171	
O1):-0.834	O2):43.864	
O1):-0.809	O2):42.865	
O1):-0.755	O2):34.194	
O1):-0.804	O2):42.031	
O1):-0.794	O2):41.352	
O1):-0.813	O2):43.315	
O1):-0.798	O2):37.964	
O1):-0.826	O2):43.896	
O1):-0.797	O2):41.971	
O1):-0.835	O2):45.369	
O1):-0.804	O2):43.334	
O1):-0.826	O2):43.896	
O1):-0.844	O2):54.159	
O1):-0.797	O2):44.554	
O1):-0.788	O2):38.724	
O1):-0.863	O2):54.438	
O1):-0.851	O2):52.57	
O1):-0.828	O2):43.616	
O1):-0.846	O2):49.306	
O1):-0.75	O2):35.85	
O1):-0.846	O2):49.448	
O1):-0.846	O2):49.292	
O1):-0.867	O2):63.163	
O1):-0.776	O2):36.612	
O1):-0.795	O2):41.612	
O1):-0.741	O2):34.75	
O1):-0.862	O2):53.969	
O1):-0.75	O2):35.585	
O1):-0.859	O2):53.248	
O1):-0.836	O2):45.548	
O1):-0.879	O2):67.715	
O1):-0.828	O2):44.187	
O1):-0.823	O2):47.228	
O1):-0.864	O2):59.264	
O1):-0.845	O2):49.531	
O1):-0.861	O2):61.635	
O1):-0.858	O2):53.206	
O1):-0.841	O2):48.301	
O1):-0.86	O2):53.536	
O1):-0.796	O2):41.693	
O1):-0.871	O2):67.923	
O1):-0.844	O2):48.746	
O1):-0.843	O2):48.733	
O1):-0.822	O2):43.099	
O1):-0.822	O2):43.099	
O1):-0.821	O2):43.056	
O1):-0.843	O2):47.835	
O1):-0.87	O2):67.782	
O1):-0.75	O2):36.516	
O1):-0.806	O2):40.0	
O1):-0.822	O2):43.099	
O1):-0.826	O2):43.896	
O1):-0.791	O2):40.959	
O1):-0.838	O2):44.732	
O1):-0.727	O2):32.491	
O1):-0.772	O2):42.316	
O1):-0.86	O2):53.775	
O1):-0.82	O2):43.016	
O1):-0.855	O2):49.563	
O1):-0.804	O2):41.933	
O1):-0.822	O2):43.144	
O1):-0.843	O2):60.984	
O1):-0.853	O2):53.199	
O1):-0.854	O2):53.506	
O1):-0.846	O2):49.306	
O1):-0.853	O2):50.343	
O1):-0.863	O2):54.291	
O1):-0.796	O2):37.445	
Starting PrismExecutor worker 0 on port 11440
Starting PrismExecutor worker 4 on port 11494
O1):-0.836	O2):44.205	
O1):-0.815	O2):43.613	
O1):-0.852	O2):48.899	
O1):-0.824	O2):44.555	
O1):-0.796	O2):41.721	
Connected worker 0 to port 11440
Connected worker 4 to port 11494
O1):-0.785	O2):37.401	
O1):-0.846	O2):49.292	
O1):-0.766	O2):37.306	
O1):-0.872	O2):68.235	
O1):-0.778	O2):37.12	
O1):-0.863	O2):58.966	
O1):-0.847	O2):49.599	
O1):-0.838	O2):47.519	
O1):-0.86	O2):53.536	
O1):-0.862	O2):54.252	
O1):-0.867	O2):63.163	
O1):-0.837	O2):47.315	
O1):-0.722	O2):33.118	
O1):-0.836	O2):45.52	
O1):-0.844	O2):48.835	
O1):-0.863	O2):54.268	
O1):-0.871	O2):59.58	
O1):-0.771	O2):36.346	
O1):-0.785	O2):37.401	
O1):-0.864	O2):59.265	
O1):-0.821	O2):42.81	
O1):-0.854	O2):63.155	
O1):-0.81	O2):46.78	
O1):-0.845	O2):49.156	
O1):-0.804	O2):40.546	
O1):-0.87	O2):67.782	
O1):-0.749	O2):35.731	
O1):-0.837	O2):44.504	
O1):-0.783	O2):38.085	
O1):-0.862	O2):53.928	
O1):-0.811	O2):42.527	
O1):-0.824	O2):44.558	
O1):-0.863	O2):54.291	
O1):-0.846	O2):49.288	
O1):-0.796	O2):44.222	
O1):-0.835	O2):44.139	
O1):-0.836	O2):47.26	
O1):-0.829	O2):43.956	
O1):-0.804	O2):40.507	
O1):-0.837	O2):44.652	
O1):-0.812	O2):42.324	
Evaluations:	2000
O1):-0.867	O2):63.164	
O1):-0.844	O2):47.806	
O1):-0.797	O2):39.348	
O1):-0.769	O2):37.817	
O1):-0.83	O2):44.048	
O1):-0.778	O2):37.074	
O1):-0.792	O2):39.52	
O1):-0.779	O2):37.414	
O1):-0.777	O2):40.152	
O1):-0.813	O2):43.173	
O1):-0.845	O2):48.119	
O1):-0.794	O2):43.756	
O1):-0.797	O2):42.102	
O1):-0.87	O2):67.782	
O1):-0.819	O2):42.628	
O1):-0.781	O2):37.638	
O1):-0.742	O2):34.928	
O1):-0.862	O2):53.928	
O1):-0.852	O2):50.171	
O1):-0.835	O2):44.139	
O1):-0.822	O2):43.463	
O1):-0.787	O2):38.925	
O1):-0.844	O2):48.837	
O1):-0.822	O2):44.136	
O1):-0.809	O2):42.73	
O1):-0.851	O2):52.572	
O1):-0.863	O2):54.278	
O1):-0.846	O2):49.292	
O1):-0.837	O2):54.443	
O1):-0.787	O2):38.394	
O1):-0.805	O2):43.408	
O1):-0.799	O2):41.981	
O1):-0.802	O2):43.199	
O1):-0.838	O2):47.518	
O1):-0.834	O2):43.925	
O1):-0.748	O2):33.571	
O1):-0.826	O2):43.896	
O1):-0.757	O2):37.19	
O1):-0.771	O2):36.346	
O1):-0.767	O2):36.839	
O1):-0.757	O2):35.728	
O1):-0.776	O2):40.119	
O1):-0.868	O2):63.23	
O1):-0.8	O2):39.361	
O1):-0.733	O2):36.009	
O1):-0.862	O2):53.928	
O1):-0.792	O2):41.725	
O1):-0.785	O2):37.401	
O1):-0.845	O2):49.312	
O1):-0.821	O2):42.328	
O1):-0.806	O2):42.636	
O1):-0.862	O2):53.928	
O1):-0.878	O2):64.227	
O1):-0.843	O2):48.693	
O1):-0.831	O2):44.119	
O1):-0.854	O2):50.696	
O1):-0.862	O2):54.244	
O1):-0.859	O2):53.351	
O1):-0.745	O2):35.351	
O1):-0.87	O2):67.782	
O1):-0.87	O2):59.227	
O1):-0.864	O2):59.265	
O1):-0.828	O2):43.616	
O1):-0.828	O2):43.616	
O1):-0.837	O2):44.752	
O1):-0.838	O2):51.883	
O1):-0.828	O2):43.616	
O1):-0.837	O2):44.509	
O1):-0.793	O2):41.233	
O1):-0.836	O2):47.014	
O1):-0.826	O2):43.896	
O1):-0.837	O2):48.552	
O1):-0.806	O2):44.493	
O1):-0.805	O2):38.989	
O1):-0.847	O2):53.423	
O1):-0.821	O2):43.056	
O1):-0.842	O2):48.525	
O1):-0.748	O2):33.571	
O1):-0.87	O2):67.782	
O1):-0.871	O2):67.923	
O1):-0.805	O2):41.783	
O1):-0.837	O2):48.529	
O1):-0.759	O2):35.956	
O1):-0.782	O2):37.989	
O1):-0.787	O2):41.202	
O1):-0.862	O2):53.928	
O1):-0.733	O2):36.009	
O1):-0.782	O2):37.99	
O1):-0.803	O2):41.413	
O1):-0.85	O2):58.379	
O1):-0.862	O2):53.928	
O1):-0.758	O2):37.885	
O1):-0.785	O2):37.401	
O1):-0.852	O2):50.17	
O1):-0.786	O2):42.992	
O1):-0.828	O2):43.616	
O1):-0.832	O2):48.216	
O1):-0.845	O2):49.153	
O1):-0.805	O2):42.256	
O1):-0.81	O2):42.027	
O1):-0.766	O2):37.306	
O1):-0.742	O2):34.985	
O1):-0.79	O2):41.688	
Evaluations:	1700
O1):-0.87	O2):67.782	
O1):-0.759	O2):35.956	
O1):-0.829	O2):44.052	
O1):-0.809	O2):41.786	
O1):-0.881	O2):68.578	
O1):-0.878	O2):64.227	
O1):-0.862	O2):53.961	
O1):-0.777	O2):36.096	
O1):-0.862	O2):59.12	
O1):-0.78	O2):40.366	
O1):-0.845	O2):51.524	
O1):-0.843	O2):47.831	
O1):-0.793	O2):44.459	
O1):-0.844	O2):49.071	
O1):-0.844	O2):47.811	
O1):-0.821	O2):43.056	
O1):-0.843	O2):48.97	
O1):-0.777	O2):36.923	
O1):-0.845	O2):49.469	
O1):-0.768	O2):37.478	
O1):-0.844	O2):48.835	
O1):-0.845	O2):51.472	
O1):-0.864	O2):63.801	
O1):-0.847	O2):49.594	
O1):-0.855	O2):57.976	
O1):-0.782	O2):36.659	
O1):-0.805	O2):42.494	
O1):-0.805	O2):41.696	
O1):-0.742	O2):34.929	
O1):-0.855	O2):58.736	
Starting PrismExecutor worker 5 on port 11495
O1):-0.817	O2):43.887	
Starting PrismExecutor worker 5 on port 11455
O1):-0.78	O2):37.725	
O1):-0.827	O2):43.966	
Connected worker 5 to port 11495
Connected worker 5 to port 11455
O1):-0.87	O2):67.782	
O1):-0.854	O2):53.506	
O1):-0.82	O2):42.255	
O1):-0.862	O2):54.244	
O1):-0.862	O2):53.977	
O1):-0.878	O2):64.227	
O1):-0.821	O2):42.802	
O1):-0.802	O2):38.143	
O1):-0.86	O2):53.775	
O1):-0.871	O2):59.385	
O1):-0.825	O2):47.181	
O1):-0.862	O2):53.974	
O1):-0.853	O2):49.195	
O1):-0.879	O2):67.715	
O1):-0.78	O2):37.71	
O1):-0.755	O2):34.194	
O1):-0.86	O2):53.536	
O1):-0.862	O2):54.244	
O1):-0.806	O2):40.004	
O1):-0.786	O2):40.628	
O1):-0.812	O2):42.328	
O1):-0.799	O2):41.582	
O1):-0.723	O2):33.103	
O1):-0.846	O2):49.288	
O1):-0.771	O2):36.346	
O1):-0.815	O2):43.864	
O1):-0.836	O2):49.474	
O1):-0.862	O2):53.928	
O1):-0.777	O2):36.096	
O1):-0.845	O2):49.154	
O1):-0.87	O2):67.782	
O1):-0.827	O2):51.47	
O1):-0.821	O2):43.056	
O1):-0.76	O2):36.114	
O1):-0.863	O2):54.232	
O1):-0.861	O2):61.635	
O1):-0.837	O2):45.827	
O1):-0.844	O2):57.154	
O1):-0.773	O2):40.846	
O1):-0.855	O2):57.979	
O1):-0.863	O2):58.968	
O1):-0.859	O2):53.28	
O1):-0.88	O2):69.482	
O1):-0.879	O2):67.715	
O1):-0.807	O2):42.297	
O1):-0.862	O2):59.417	
O1):-0.822	O2):43.116	
O1):-0.778	O2):36.98	
O1):-0.796	O2):44.481	
O1):-0.809	O2):41.786	
O1):-0.861	O2):53.843	
O1):-0.786	O2):38.363	
O1):-0.834	O2):43.864	
O1):-0.802	O2):39.167	
Evaluations:	1900
O1):-0.834	O2):46.704	
O1):-0.862	O2):53.969	
O1):-0.75	O2):35.85	
O1):-0.819	O2):43.2	
O1):-0.821	O2):46.993	
O1):-0.847	O2):54.446	
O1):-0.827	O2):43.966	
O1):-0.826	O2):43.896	
O1):-0.83	O2):43.826	
O1):-0.766	O2):37.306	
O1):-0.812	O2):42.328	
O1):-0.821	O2):42.328	
O1):-0.846	O2):49.306	
O1):-0.834	O2):46.704	
O1):-0.835	O2):44.139	
O1):-0.87	O2):67.782	
O1):-0.845	O2):49.153	
O1):-0.768	O2):37.478	
O1):-0.846	O2):49.466	
O1):-0.843	O2):48.694	
O1):-0.853	O2):48.899	
O1):-0.844	O2):49.019	
O1):-0.803	O2):38.598	
O1):-0.815	O2):43.864	
O1):-0.778	O2):36.98	
O1):-0.821	O2):43.056	
O1):-0.867	O2):63.164	
O1):-0.8	O2):44.786	
O1):-0.83	O2):43.826	
O1):-0.799	O2):41.582	
O1):-0.864	O2):64.535	
O1):-0.843	O2):48.756	
O1):-0.816	O2):49.426	
O1):-0.803	O2):41.407	
O1):-0.801	O2):46.0	
O1):-0.872	O2):68.574	
O1):-0.778	O2):36.98	
O1):-0.821	O2):42.328	
O1):-0.766	O2):37.122	
O1):-0.842	O2):48.526	
O1):-0.863	O2):54.291	
O1):-0.74	O2):32.79	
O1):-0.87	O2):67.782	
O1):-0.712	O2):30.61	
O1):-0.853	O2):53.418	
O1):-0.767	O2):36.837	
O1):-0.879	O2):68.976	
O1):-0.805	O2):41.696	
O1):-0.828	O2):43.691	
O1):-0.852	O2):50.174	
O1):-0.824	O2):44.555	
O1):-0.861	O2):61.635	
O1):-0.841	O2):48.301	
O1):-0.809	O2):41.786	
O1):-0.832	O2):48.214	
O1):-0.864	O2):59.264	
O1):-0.808	O2):45.582	
O1):-0.727	O2):32.484	
O1):-0.757	O2):35.73	
O1):-0.785	O2):37.401	
O1):-0.862	O2):53.974	
O1):-0.778	O2):36.98	
O1):-0.846	O2):48.387	
O1):-0.75	O2):36.61	
O1):-0.75	O2):35.85	
O1):-0.766	O2):37.306	
O1):-0.843	O2):48.709	
O1):-0.802	O2):39.116	
O1):-0.75	O2):36.215	
O1):-0.862	O2):53.969	
O1):-0.834	O2):46.704	
O1):-0.862	O2):53.961	
O1):-0.867	O2):63.159	
O1):-0.778	O2):36.267	
O1):-0.843	O2):48.693	
O1):-0.78	O2):36.4	
O1):-0.821	O2):43.056	
O1):-0.833	O2):45.147	
O1):-0.807	O2):42.588	
O1):-0.826	O2):43.896	
O1):-0.813	O2):42.604	
O1):-0.78	O2):37.71	
O1):-0.869	O2):58.738	
O1):-0.778	O2):36.267	
O1):-0.834	O2):46.704	
O1):-0.788	O2):38.107	
O1):-0.822	O2):43.088	
O1):-0.837	O2):44.445	
O1):-0.757	O2):37.19	
O1):-0.788	O2):38.107	
O1):-0.872	O2):63.906	
O1):-0.836	O2):44.212	
O1):-0.844	O2):49.014	
O1):-0.781	O2):38.947	
O1):-0.844	O2):49.085	
O1):-0.881	O2):68.578	
O1):-0.846	O2):49.292	
O1):-0.844	O2):49.196	
O1):-0.854	O2):53.674	
O1):-0.862	O2):54.244	
O1):-0.795	O2):38.409	
O1):-0.813	O2):43.315	
Evaluations:	1900
O1):-0.826	O2):43.509	
O1):-0.841	O2):48.301	
O1):-0.785	O2):38.025	
O1):-0.846	O2):63.022	
O1):-0.844	O2):49.071	
O1):-0.855	O2):53.54	
O1):-0.867	O2):63.163	
O1):-0.836	O2):47.26	
O1):-0.815	O2):43.616	
O1):-0.762	O2):36.382	
O1):-0.846	O2):49.292	
O1):-0.757	O2):37.19	
O1):-0.861	O2):61.635	
Starting PrismExecutor worker 1 on port 11421
O1):-0.828	O2):43.616	
O1):-0.861	O2):66.729	
O1):-0.827	O2):46.735	
O1):-0.746	O2):35.722	
O1):-0.789	O2):43.171	
O1):-0.804	O2):40.586	
Connected worker 1 to port 11421
O1):-0.838	O2):47.53	
O1):-0.807	O2):42.716	
O1):-0.723	O2):33.103	
O1):-0.87	O2):67.782	
O1):-0.845	O2):48.116	
O1):-0.704	O2):31.962	
O1):-0.798	O2):39.507	
O1):-0.812	O2):42.328	
O1):-0.863	O2):58.966	
O1):-0.783	O2):38.085	
O1):-0.862	O2):54.25	
O1):-0.804	O2):38.673	
O1):-0.784	O2):37.28	
O1):-0.821	O2):43.039	
O1):-0.801	O2):43.245	
O1):-0.779	O2):36.342	
O1):-0.767	O2):37.248	
O1):-0.835	O2):44.061	
O1):-0.862	O2):53.961	
O1):-0.835	O2):45.484	
O1):-0.871	O2):59.386	
O1):-0.864	O2):59.264	
O1):-0.826	O2):43.896	
O1):-0.801	O2):38.79	
O1):-0.871	O2):67.923	
O1):-0.761	O2):36.1	
O1):-0.805	O2):42.496	
O1):-0.863	O2):58.966	
O1):-0.749	O2):35.46	
O1):-0.846	O2):49.292	
O1):-0.778	O2):37.119	
O1):-0.826	O2):43.896	
O1):-0.798	O2):37.964	
O1):-0.829	O2):44.051	
O1):-0.845	O2):49.156	
O1):-0.803	O2):39.206	
O1):-0.79	O2):38.091	
O1):-0.82	O2):46.531	
O1):-0.745	O2):35.351	
O1):-0.815	O2):43.616	
O1):-0.78	O2):37.691	
O1):-0.841	O2):48.301	
O1):-0.846	O2):49.292	
O1):-0.783	O2):38.085	
O1):-0.726	O2):31.612	
O1):-0.78	O2):37.71	
O1):-0.79	O2):38.091	
O1):-0.836	O2):45.521	
O1):-0.861	O2):61.637	
O1):-0.802	O2):38.142	
O1):-0.778	O2):37.12	
O1):-0.755	O2):34.194	
O1):-0.777	O2):36.923	
O1):-0.793	O2):41.225	
O1):-0.87	O2):67.782	
O1):-0.825	O2):43.174	
O1):-0.767	O2):37.248	
O1):-0.793	O2):41.226	
O1):-0.826	O2):43.896	
O1):-0.872	O2):63.906	
O1):-0.87	O2):59.224	
O1):-0.863	O2):54.278	
O1):-0.863	O2):58.966	
O1):-0.764	O2):37.868	
O1):-0.816	O2):41.953	
O1):-0.771	O2):36.346	
O1):-0.826	O2):43.896	
O1):-0.813	O2):42.658	
O1):-0.838	O2):48.995	
O1):-0.783	O2):38.085	
O1):-0.863	O2):54.271	
O1):-0.733	O2):36.009	
O1):-0.836	O2):44.202	
O1):-0.88	O2):68.217	
O1):-0.863	O2):58.941	
O1):-0.864	O2):59.264	
O1):-0.803	O2):46.51	
O1):-0.82	O2):43.016	
O1):-0.81	O2):42.027	
O1):-0.745	O2):35.351	
O1):-0.842	O2):48.456	
O1):-0.871	O2):59.582	
O1):-0.704	O2):31.962	
O1):-0.745	O2):35.351	
O1):-0.779	O2):40.297	
O1):-0.828	O2):44.358	
O1):-0.845	O2):48.116	
O1):-0.796	O2):37.445	
O1):-0.74	O2):32.79	
O1):-0.844	O2):49.018	
O1):-0.778	O2):37.479	
O1):-0.816	O2):42.673	
O1):-0.844	O2):49.071	
O1):-0.786	O2):40.628	
O1):-0.805	O2):54.295	
O1):-0.785	O2):40.551	
Starting PrismExecutor worker 5 on port 11485
O1):-0.778	O2):36.267	
O1):-0.759	O2):38.385	
O1):-0.773	O2):38.405	
Connected worker 5 to port 11485
O1):-0.771	O2):39.931	
O1):-0.778	O2):37.12	
O1):-0.846	O2):49.466	
O1):-0.872	O2):68.235	
O1):-0.727	O2):32.484	
O1):-0.788	O2):38.847	
O1):-0.763	O2):36.76	
O1):-0.76	O2):38.674	
O1):-0.846	O2):48.387	
O1):-0.798	O2):37.964	
O1):-0.793	O2):38.129	
O1):-0.819	O2):42.758	
O1):-0.778	O2):37.12	
O1):-0.853	O2):53.058	
O1):-0.816	O2):41.905	
O1):-0.862	O2):54.244	
O1):-0.805	O2):38.889	
O1):-0.792	O2):41.158	
O1):-0.836	O2):47.26	
O1):-0.813	O2):42.777	
Evaluations:	1900
O1):-0.767	O2):37.078	
O1):-0.819	O2):41.787	
O1):-0.777	O2):40.027	
O1):-0.808	O2):39.209	
O1):-0.835	O2):44.138	
O1):-0.862	O2):53.974	
O1):-0.758	O2):36.483	
O1):-0.743	O2):36.222	
O1):-0.781	O2):38.94	
O1):-0.844	O2):47.811	
O1):-0.82	O2):42.883	
O1):-0.856	O2):63.251	
O1):-0.718	O2):32.141	
O1):-0.845	O2):49.3	
O1):-0.864	O2):59.458	
O1):-0.827	O2):43.417	
O1):-0.863	O2):58.966	
O1):-0.746	O2):33.344	
O1):-0.798	O2):37.973	
O1):-0.815	O2):43.613	
O1):-0.758	O2):36.607	
O1):-0.803	O2):42.852	
O1):-0.872	O2):63.906	
O1):-0.846	O2):49.292	
O1):-0.834	O2):46.704	
O1):-0.794	O2):43.747	
O1):-0.862	O2):54.253	
O1):-0.836	O2):47.26	
O1):-0.844	O2):49.217	
O1):-0.804	O2):40.585	
O1):-0.805	O2):42.494	
O1):-0.86	O2):53.536	
O1):-0.788	O2):43.488	
O1):-0.859	O2):63.149	
O1):-0.855	O2):57.979	
O1):-0.843	O2):47.831	
O1):-0.793	O2):38.129	
O1):-0.88	O2):64.724	
O1):-0.853	O2):53.058	
O1):-0.775	O2):39.925	
O1):-0.78	O2):54.18	
O1):-0.863	O2):54.291	
O1):-0.871	O2):59.385	
O1):-0.825	O2):43.869	
O1):-0.78	O2):37.71	
Evaluations:	1800
O1):-0.847	O2):49.599	
O1):-0.843	O2):48.694	
O1):-0.847	O2):49.599	
O1):-0.826	O2):43.896	
O1):-0.835	O2):44.061	
O1):-0.881	O2):68.578	
O1):-0.812	O2):42.425	
O1):-0.826	O2):43.207	
O1):-0.838	O2):44.732	
O1):-0.761	O2):36.429	
O1):-0.855	O2):53.54	
O1):-0.786	O2):38.363	
O1):-0.862	O2):54.252	
O1):-0.845	O2):49.3	
O1):-0.759	O2):35.57	
O1):-0.757	O2):37.19	
O1):-0.813	O2):42.777	
O1):-0.78	O2):40.366	
O1):-0.767	O2):37.248	
Starting PrismExecutor worker 3 on port 11463
O1):-0.849	O2):49.737	
Connected worker 3 to port 11463
O1):-0.863	O2):54.411	
O1):-0.854	O2):58.334	
O1):-0.872	O2):64.273	
O1):-0.863	O2):54.27	
O1):-0.77	O2):41.775	
O1):-0.761	O2):36.44	
O1):-0.87	O2):63.785	
O1):-0.86	O2):53.536	
O1):-0.826	O2):43.896	
O1):-0.862	O2):53.928	
O1):-0.759	O2):37.501	
O1):-0.82	O2):43.016	
O1):-0.821	O2):42.328	
O1):-0.871	O2):63.552	
O1):-0.804	O2):40.554	
O1):-0.817	O2):47.279	
O1):-0.807	O2):42.716	
O1):-0.807	O2):42.716	
O1):-0.784	O2):40.357	
O1):-0.859	O2):53.316	
O1):-0.862	O2):59.627	
O1):-0.807	O2):42.716	
O1):-0.778	O2):37.378	
O1):-0.806	O2):42.636	
O1):-0.849	O2):53.031	
O1):-0.836	O2):47.26	
O1):-0.791	O2):40.959	
O1):-0.86	O2):59.33	
O1):-0.784	O2):41.511	
O1):-0.837	O2):46.854	
O1):-0.843	O2):48.694	
O1):-0.853	O2):63.073	
O1):-0.862	O2):53.974	
O1):-0.836	O2):45.521	
O1):-0.821	O2):46.035	
O1):-0.733	O2):36.009	
O1):-0.873	O2):74.01	
O1):-0.863	O2):58.966	
O1):-0.821	O2):46.575	
O1):-0.837	O2):45.821	
O1):-0.845	O2):48.254	
O1):-0.844	O2):48.835	
Evaluations:	1900
O1):-0.872	O2):63.903	
O1):-0.798	O2):37.964	
O1):-0.757	O2):38.949	
O1):-0.837	O2):52.124	
O1):-0.75	O2):35.585	
Evaluations:	1600
O1):-0.791	O2):40.959	
O1):-0.863	O2):54.412	
O1):-0.869	O2):58.738	
O1):-0.828	O2):43.694	
O1):-0.799	O2):41.485	
O1):-0.777	O2):36.096	
O1):-0.771	O2):36.346	
O1):-0.761	O2):36.439	
O1):-0.879	O2):67.715	
O1):-0.836	O2):48.442	
O1):-0.872	O2):68.943	
O1):-0.847	O2):49.616	
O1):-0.757	O2):37.192	
O1):-0.783	O2):38.085	
O1):-0.863	O2):58.966	
O1):-0.868	O2):63.23	
O1):-0.87	O2):59.226	
O1):-0.78	O2):36.4	
O1):-0.837	O2):46.854	
O1):-0.846	O2):49.292	
O1):-0.825	O2):47.105	
O1):-0.826	O2):43.141	
O1):-0.807	O2):42.958	
O1):-0.785	O2):37.401	
O1):-0.788	O2):54.192	
O1):-0.805	O2):42.494	
O1):-0.86	O2):53.536	
O1):-0.847	O2):54.299	
O1):-0.779	O2):36.381	
O1):-0.882	O2):78.573	
O1):-0.78	O2):37.71	
O1):-0.863	O2):54.412	
O1):-0.846	O2):49.448	
O1):-0.76	O2):36.114	
O1):-0.809	O2):41.786	
O1):-0.87	O2):67.782	
O1):-0.781	O2):38.94	
O1):-0.836	O2):48.446	
O1):-0.791	O2):40.959	
Starting PrismExecutor worker 5 on port 11475
O1):-0.872	O2):63.907	
O1):-0.74	O2):32.79	
O1):-0.785	O2):40.551	
O1):-0.794	O2):40.982	
Connected worker 5 to port 11475
O1):-0.785	O2):40.544	
O1):-0.782	O2):37.989	
O1):-0.835	O2):44.138	
O1):-0.844	O2):49.02	
O1):-0.78	O2):37.71	
O1):-0.827	O2):43.966	
O1):-0.846	O2):49.466	
O1):-0.748	O2):33.571	
O1):-0.828	O2):43.616	
O1):-0.827	O2):43.966	
O1):-0.821	O2):42.809	
O1):-0.841	O2):48.301	
O1):-0.809	O2):41.786	
O1):-0.826	O2):43.896	
O1):-0.859	O2):53.348	
O1):-0.746	O2):33.344	
O1):-0.78	O2):37.71	
O1):-0.778	O2):36.98	
O1):-0.778	O2):36.98	
O1):-0.821	O2):43.824	
O1):-0.767	O2):37.078	
O1):-0.863	O2):54.291	
O1):-0.778	O2):36.98	
O1):-0.782	O2):36.659	
O1):-0.872	O2):63.906	
O1):-0.78	O2):38.949	
O1):-0.836	O2):47.26	
O1):-0.762	O2):37.34	
O1):-0.798	O2):37.964	
O1):-0.758	O2):36.483	
O1):-0.847	O2):49.597	
O1):-0.749	O2):35.46	
O1):-0.854	O2):59.185	
O1):-0.759	O2):38.022	
O1):-0.797	O2):39.348	
O1):-0.87	O2):67.782	
O1):-0.755	O2):34.194	
O1):-0.826	O2):43.509	
O1):-0.749	O2):35.46	
O1):-0.809	O2):41.786	
O1):-0.872	O2):63.05	
O1):-0.757	O2):35.649	
Evaluations:	1900
O1):-0.87	O2):67.782	
O1):-0.846	O2):49.296	
O1):-0.871	O2):63.552	
O1):-0.846	O2):49.292	
O1):-0.862	O2):64.583	
O1):-0.768	O2):37.477	
O1):-0.803	O2):39.206	
O1):-0.755	O2):34.194	
O1):-0.853	O2):50.343	
O1):-0.821	O2):47.515	
O1):-0.843	O2):48.694	
O1):-0.772	O2):40.501	
O1):-0.88	O2):69.482	
O1):-0.845	O2):49.432	
O1):-0.87	O2):67.782	
O1):-0.871	O2):59.385	
O1):-0.796	O2):37.445	
O1):-0.853	O2):48.898	
O1):-0.863	O2):54.433	
O1):-0.853	O2):53.058	
O1):-0.757	O2):37.19	
O1):-0.748	O2):36.495	
O1):-0.805	O2):42.329	
O1):-0.782	O2):36.659	
O1):-0.809	O2):41.786	
O1):-0.812	O2):42.422	
O1):-0.763	O2):36.762	
O1):-0.782	O2):36.659	
O1):-0.797	O2):49.428	
O1):-0.774	O2):37.542	
O1):-0.792	O2):38.713	
O1):-0.77	O2):37.731	
O1):-0.837	O2):46.854	
O1):-0.845	O2):49.143	
O1):-0.855	O2):58.685	
O1):-0.807	O2):46.291	
O1):-0.768	O2):37.478	
O1):-0.88	O2):64.724	
O1):-0.836	O2):47.26	
Starting PrismExecutor worker 1 on port 11461
O1):-0.813	O2):42.777	
Connected worker 1 to port 11461
O1):-0.863	O2):58.966	
O1):-0.811	O2):43.559	
O1):-0.825	O2):43.174	
O1):-0.837	O2):46.854	
O1):-0.796	O2):44.6	
O1):-0.823	O2):44.229	
O1):-0.868	O2):63.231	
O1):-0.867	O2):63.164	
O1):-0.846	O2):59.455	
O1):-0.841	O2):48.301	
O1):-0.847	O2):54.299	
O1):-0.83	O2):52.131	
O1):-0.87	O2):67.782	
O1):-0.868	O2):67.149	
O1):-0.862	O2):53.961	
O1):-0.778	O2):37.479	
O1):-0.748	O2):33.571	
O1):-0.847	O2):54.437	
O1):-0.87	O2):59.27	
O1):-0.837	O2):44.652	
O1):-0.828	O2):45.049	
O1):-0.834	O2):43.925	
O1):-0.767	O2):36.851	
O1):-0.723	O2):33.103	
O1):-0.778	O2):40.128	
O1):-0.834	O2):46.704	
O1):-0.784	O2):41.541	
O1):-0.87	O2):67.782	
O1):-0.846	O2):49.292	
O1):-0.827	O2):43.966	
O1):-0.804	O2):38.673	
O1):-0.811	O2):40.195	
O1):-0.841	O2):48.432	
O1):-0.733	O2):36.015	
O1):-0.759	O2):35.956	
O1):-0.821	O2):42.328	
O1):-0.777	O2):36.923	
O1):-0.846	O2):49.448	
O1):-0.846	O2):49.292	
O1):-0.816	O2):41.905	
O1):-0.793	O2):38.129	
O1):-0.862	O2):53.968	
O1):-0.785	O2):38.025	
O1):-0.791	O2):40.972	
O1):-0.835	O2):45.369	
O1):-0.846	O2):49.292	
O1):-0.733	O2):36.009	
O1):-0.781	O2):37.632	
O1):-0.806	O2):42.619	
O1):-0.776	O2):36.612	
O1):-0.862	O2):53.928	
O1):-0.769	O2):37.814	
O1):-0.86	O2):53.536	
O1):-0.779	O2):36.342	
O1):-0.845	O2):49.298	
O1):-0.796	O2):37.445	
O1):-0.844	O2):49.014	
O1):-0.827	O2):47.119	
O1):-0.868	O2):67.149	
O1):-0.794	O2):43.754	
O1):-0.849	O2):49.737	
O1):-0.863	O2):59.907	
O1):-0.847	O2):49.616	
O1):-0.872	O2):63.05	
O1):-0.862	O2):53.974	
O1):-0.842	O2):57.217	
O1):-0.757	O2):37.19	
O1):-0.862	O2):53.963	
O1):-0.847	O2):54.296	
O1):-0.841	O2):48.301	
O1):-0.853	O2):50.334	
O1):-0.879	O2):68.976	
O1):-0.771	O2):36.346	
O1):-0.733	O2):36.009	
O1):-0.796	O2):41.696	
O1):-0.853	O2):63.074	
O1):-0.804	O2):38.59	
O1):-0.804	O2):41.933	
O1):-0.863	O2):54.291	
O1):-0.802	O2):39.175	
O1):-0.795	O2):44.237	
O1):-0.841	O2):49.286	
O1):-0.828	O2):44.187	
O1):-0.862	O2):53.962	
O1):-0.86	O2):53.536	
O1):-0.846	O2):48.387	
O1):-0.828	O2):43.747	
O1):-0.809	O2):42.729	
O1):-0.861	O2):53.842	
O1):-0.821	O2):42.328	
O1):-0.841	O2):48.366	
O1):-0.733	O2):36.009	
O1):-0.749	O2):35.469	
O1):-0.819	O2):41.787	
O1):-0.861	O2):61.635	
O1):-0.767	O2):37.08	
O1):-0.854	O2):53.433	
O1):-0.806	O2):44.277	
O1):-0.792	O2):44.297	
O1):-0.853	O2):53.058	
O1):-0.846	O2):49.448	
O1):-0.803	O2):39.206	
O1):-0.838	O2):47.525	
O1):-0.758	O2):35.724	
O1):-0.793	O2):38.129	
O1):-0.842	O2):48.649	
O1):-0.805	O2):38.889	
O1):-0.798	O2):37.964	
O1):-0.842	O2):48.526	
O1):-0.759	O2):37.548	
O1):-0.847	O2):49.597	
O1):-0.871	O2):59.385	
O1):-0.787	O2):45.676	
O1):-0.782	O2):37.989	
O1):-0.858	O2):53.206	
O1):-0.787	O2):41.2	
O1):-0.818	O2):42.484	
O1):-0.796	O2):44.177	
O1):-0.833	O2):48.478	
O1):-0.828	O2):43.747	
O1):-0.749	O2):35.47	
O1):-0.836	O2):47.26	
O1):-0.843	O2):48.693	
O1):-0.864	O2):59.265	
O1):-0.853	O2):53.058	
O1):-0.833	O2):48.294	
O1):-0.779	O2):36.385	
O1):-0.748	O2):33.571	
O1):-0.863	O2):63.818	
O1):-0.745	O2):35.196	
O1):-0.87	O2):63.785	
O1):-0.769	O2):37.817	
O1):-0.796	O2):41.721	
O1):-0.862	O2):53.928	
O1):-0.805	O2):41.696	
O1):-0.819	O2):43.2	
O1):-0.814	O2):47.819	
O1):-0.788	O2):54.19	
O1):-0.831	O2):44.803	
O1):-0.821	O2):42.328	
O1):-0.78	O2):36.393	
O1):-0.807	O2):42.588	
O1):-0.846	O2):49.287	
O1):-0.871	O2):63.552	
O1):-0.863	O2):54.291	
O1):-0.813	O2):42.603	
O1):-0.862	O2):53.928	
O1):-0.862	O2):53.928	
O1):-0.821	O2):42.837	
O1):-0.815	O2):43.61	
O1):-0.847	O2):49.616	
O1):-0.86	O2):53.536	
O1):-0.862	O2):53.974	
O1):-0.828	O2):45.091	
O1):-0.826	O2):43.896	
O1):-0.797	O2):42.676	
O1):-0.863	O2):54.412	
O1):-0.843	O2):48.693	
O1):-0.831	O2):52.696	
O1):-0.845	O2):49.138	
O1):-0.833	O2):43.646	
O1):-0.742	O2):34.986	
O1):-0.8	O2):39.361	
O1):-0.838	O2):47.468	
O1):-0.862	O2):54.115	
O1):-0.782	O2):38.101	
O1):-0.853	O2):57.836	
O1):-0.827	O2):43.966	
O1):-0.871	O2):59.621	
O1):-0.821	O2):42.328	
O1):-0.845	O2):49.3	
O1):-0.824	O2):47.575	
O1):-0.87	O2):67.782	
O1):-0.768	O2):37.477	
O1):-0.782	O2):36.659	
O1):-0.776	O2):40.35	
O1):-0.813	O2):42.912	
O1):-0.786	O2):42.24	
O1):-0.87	O2):67.782	
O1):-0.831	O2):44.132	
O1):-0.828	O2):43.747	
O1):-0.75	O2):35.585	
O1):-0.806	O2):40.001	
O1):-0.847	O2):49.585	
O1):-0.74	O2):32.79	
O1):-0.805	O2):41.696	
O1):-0.833	O2):48.296	
O1):-0.863	O2):63.813	
O1):-0.87	O2):67.782	
O1):-0.846	O2):49.448	
Starting PrismExecutor worker 0 on port 11460
O1):-0.843	O2):48.693	
O1):-0.783	O2):38.085	
Connected worker 0 to port 11460
O1):-0.878	O2):64.227	
O1):-0.767	O2):37.078	
O1):-0.853	O2):53.148	
O1):-0.842	O2):48.456	
O1):-0.798	O2):37.964	
O1):-0.844	O2):50.311	
O1):-0.88	O2):69.482	
O1):-0.748	O2):36.503	
O1):-0.786	O2):40.628	
O1):-0.844	O2):49.018	
O1):-0.776	O2):36.612	
O1):-0.858	O2):53.206	
O1):-0.771	O2):36.346	
O1):-0.833	O2):45.145	
O1):-0.846	O2):49.292	
O1):-0.789	O2):44.11	
O1):-0.844	O2):49.018	
O1):-0.834	O2):46.299	
O1):-0.862	O2):54.241	
O1):-0.758	O2):35.889	
O1):-0.835	O2):44.139	
Evaluations:	1800
Starting PrismExecutor worker 4 on port 11434
O1):-0.862	O2):53.961	
O1):-0.853	O2):57.538	
O1):-0.807	O2):42.716	
Connected worker 4 to port 11434
O1):-0.837	O2):48.517	
O1):-0.811	O2):40.201	
O1):-0.759	O2):35.956	
O1):-0.763	O2):36.757	
O1):-0.782	O2):37.989	
O1):-0.771	O2):36.346	
O1):-0.836	O2):45.514	
O1):-0.881	O2):68.578	
O1):-0.787	O2):41.2	
O1):-0.855	O2):53.668	
O1):-0.828	O2):44.187	
O1):-0.823	O2):51.945	
O1):-0.845	O2):48.254	
O1):-0.749	O2):35.46	
O1):-0.772	O2):36.785	
O1):-0.862	O2):53.961	
O1):-0.828	O2):44.187	
O1):-0.88	O2):69.482	
O1):-0.826	O2):43.896	
O1):-0.846	O2):49.306	
O1):-0.8	O2):39.361	
O1):-0.767	O2):37.493	
O1):-0.727	O2):32.484	
O1):-0.825	O2):44.649	
O1):-0.872	O2):68.947	
O1):-0.821	O2):42.57	
O1):-0.863	O2):54.433	
O1):-0.87	O2):67.782	
O1):-0.821	O2):46.308	
O1):-0.778	O2):36.98	
O1):-0.807	O2):42.588	
O1):-0.846	O2):48.387	
O1):-0.785	O2):38.068	
O1):-0.861	O2):61.635	
O1):-0.87	O2):63.785	
O1):-0.793	O2):38.129	
O1):-0.862	O2):53.928	
O1):-0.833	O2):48.619	
O1):-0.797	O2):39.348	
O1):-0.861	O2):53.843	
O1):-0.777	O2):36.096	
O1):-0.785	O2):40.551	
O1):-0.838	O2):55.854	
O1):-0.863	O2):58.966	
O1):-0.846	O2):49.292	
O1):-0.873	O2):74.01	
O1):-0.704	O2):31.963	
O1):-0.837	O2):48.528	
O1):-0.778	O2):37.479	
O1):-0.872	O2):64.045	
O1):-0.804	O2):48.995	
O1):-0.814	O2):42.94	
O1):-0.847	O2):49.616	
O1):-0.826	O2):43.207	
O1):-0.849	O2):53.033	
O1):-0.846	O2):49.448	
Starting PrismExecutor worker 1 on port 11441
O1):-0.781	O2):37.632	
O1):-0.862	O2):53.961	
O1):-0.87	O2):67.782	
O1):-0.822	O2):47.098	
O1):-0.768	O2):37.477	
Connected worker 1 to port 11441
O1):-0.842	O2):48.549	
O1):-0.872	O2):64.053	
O1):-0.81	O2):42.028	
O1):-0.862	O2):53.961	
O1):-0.836	O2):47.26	
O1):-0.796	O2):41.721	
O1):-0.76	O2):36.114	
O1):-0.832	O2):48.213	
O1):-0.767	O2):37.078	
O1):-0.772	O2):36.789	
O1):-0.835	O2):48.468	
O1):-0.872	O2):63.903	
O1):-0.846	O2):51.985	
O1):-0.822	O2):42.92	
O1):-0.827	O2):43.966	
O1):-0.88	O2):69.482	
O1):-0.816	O2):41.953	
O1):-0.87	O2):63.785	
O1):-0.842	O2):61.608	
O1):-0.844	O2):48.835	
O1):-0.88	O2):64.724	
O1):-0.829	O2):45.109	
O1):-0.807	O2):42.958	
O1):-0.78	O2):36.4	
O1):-0.818	O2):44.38	
O1):-0.878	O2):64.227	
O1):-0.785	O2):41.131	
O1):-0.759	O2):35.95	
O1):-0.853	O2):53.058	
O1):-0.835	O2):44.061	
O1):-0.863	O2):59.123	
O1):-0.838	O2):52.412	
O1):-0.859	O2):53.348	
O1):-0.853	O2):53.058	
O1):-0.807	O2):42.588	
O1):-0.803	O2):39.206	
O1):-0.785	O2):37.401	
O1):-0.843	O2):48.709	
O1):-0.879	O2):67.715	
O1):-0.871	O2):63.552	
O1):-0.862	O2):54.123	
O1):-0.862	O2):53.974	
O1):-0.743	O2):36.226	
O1):-0.823	O2):44.223	
O1):-0.805	O2):41.783	
O1):-0.863	O2):58.966	
O1):-0.794	O2):40.982	
O1):-0.83	O2):43.82	
O1):-0.799	O2):38.28	
O1):-0.855	O2):57.979	
O1):-0.718	O2):32.141	
O1):-0.807	O2):42.716	
O1):-0.862	O2):64.583	
O1):-0.76	O2):36.114	
O1):-0.768	O2):37.478	
O1):-0.793	O2):41.225	
O1):-0.879	O2):67.727	
O1):-0.878	O2):64.227	
O1):-0.853	O2):63.169	
O1):-0.862	O2):53.928	
O1):-0.778	O2):36.267	
O1):-0.815	O2):43.613	
O1):-0.843	O2):48.879	
O1):-0.767	O2):37.078	
O1):-0.863	O2):54.27	
O1):-0.819	O2):42.758	
O1):-0.862	O2):53.928	
O1):-0.778	O2):36.98	
O1):-0.805	O2):42.494	
O1):-0.829	O2):47.235	
O1):-0.86	O2):53.775	
O1):-0.846	O2):49.448	
O1):-0.781	O2):37.632	
O1):-0.791	O2):40.959	
O1):-0.778	O2):37.074	
O1):-0.806	O2):40.0	
O1):-0.86	O2):53.775	
O1):-0.816	O2):43.82	
O1):-0.75	O2):36.606	
O1):-0.805	O2):41.783	
O1):-0.835	O2):44.061	
O1):-0.802	O2):39.116	
O1):-0.864	O2):59.27	
O1):-0.809	O2):42.73	
O1):-0.802	O2):39.17	
O1):-0.846	O2):49.292	
O1):-0.853	O2):53.058	
O1):-0.778	O2):36.98	
O1):-0.842	O2):48.501	
O1):-0.807	O2):42.343	
O1):-0.861	O2):61.635	
O1):-0.806	O2):40.0	
Starting PrismExecutor worker 2 on port 11462
O1):-0.806	O2):42.636	
O1):-0.87	O2):67.784	
O1):-0.807	O2):42.716	
Connected worker 2 to port 11462
O1):-0.749	O2):35.46	
O1):-0.853	O2):53.058	
O1):-0.859	O2):53.466	
O1):-0.805	O2):42.494	
O1):-0.826	O2):43.207	
O1):-0.871	O2):63.552	
O1):-0.837	O2):45.821	
O1):-0.718	O2):32.141	
O1):-0.861	O2):61.635	
O1):-0.844	O2):49.018	
O1):-0.783	O2):38.085	
O1):-0.871	O2):67.923	
O1):-0.846	O2):49.448	
O1):-0.863	O2):54.278	
O1):-0.863	O2):59.911	
O1):-0.804	O2):41.933	
O1):-0.833	O2):44.735	
O1):-0.793	O2):41.225	
O1):-0.868	O2):63.23	
O1):-0.781	O2):37.632	
O1):-0.704	O2):31.962	
O1):-0.817	O2):43.887	
O1):-0.862	O2):53.961	
O1):-0.862	O2):53.974	
O1):-0.813	O2):49.312	
O1):-0.82	O2):42.77	
Evaluations:	2100
O1):-0.838	O2):48.766	
O1):-0.843	O2):48.694	
O1):-0.835	O2):50.254	
O1):-0.76	O2):36.114	
O1):-0.826	O2):43.896	
O1):-0.842	O2):48.523	
O1):-0.862	O2):53.961	
O1):-0.778	O2):36.98	
O1):-0.816	O2):41.905	
O1):-0.791	O2):40.958	
O1):-0.758	O2):35.724	
O1):-0.86	O2):53.536	
O1):-0.862	O2):54.25	
O1):-0.851	O2):58.542	
O1):-0.8	O2):39.361	
O1):-0.862	O2):53.961	
O1):-0.827	O2):43.966	
O1):-0.872	O2):64.053	
O1):-0.74	O2):32.79	
O1):-0.87	O2):67.782	
O1):-0.841	O2):48.301	
O1):-0.788	O2):38.107	
O1):-0.861	O2):54.057	
O1):-0.798	O2):37.964	
O1):-0.817	O2):47.287	
O1):-0.855	O2):58.197	
O1):-0.785	O2):37.401	
O1):-0.829	O2):44.052	
O1):-0.822	O2):43.093	
Evaluations:	2000
O1):-0.821	O2):43.111	
O1):-0.837	O2):48.662	
O1):-0.806	O2):42.619	
O1):-0.853	O2):53.058	
O1):-0.828	O2):43.558	
O1):-0.781	O2):40.309	
O1):-0.86	O2):53.775	
O1):-0.862	O2):53.961	
O1):-0.862	O2):63.358	
O1):-0.836	O2):44.345	
O1):-0.804	O2):41.45	
O1):-0.843	O2):47.831	
O1):-0.862	O2):53.928	
O1):-0.759	O2):35.57	
O1):-0.758	O2):37.573	
O1):-0.87	O2):67.782	
O1):-0.819	O2):41.787	
O1):-0.807	O2):42.958	
O1):-0.782	O2):36.659	
O1):-0.861	O2):53.842	
O1):-0.825	O2):44.999	
O1):-0.838	O2):48.824	
O1):-0.87	O2):62.643	
O1):-0.796	O2):44.577	
O1):-0.76	O2):38.427	
O1):-0.819	O2):41.787	
O1):-0.843	O2):48.693	
O1):-0.846	O2):49.292	
O1):-0.862	O2):53.963	
O1):-0.854	O2):54.507	
Starting PrismExecutor worker 4 on port 11474
O1):-0.847	O2):49.585	
O1):-0.83	O2):43.82	
Connected worker 4 to port 11474
O1):-0.846	O2):49.466	
O1):-0.793	O2):43.974	
O1):-0.758	O2):35.889	
O1):-0.838	O2):48.846	
O1):-0.864	O2):59.264	
O1):-0.821	O2):42.802	
O1):-0.837	O2):44.427	
O1):-0.814	O2):45.517	
O1):-0.828	O2):43.286	
O1):-0.793	O2):38.129	
O1):-0.826	O2):43.896	
O1):-0.78	O2):45.107	
O1):-0.749	O2):35.469	
O1):-0.836	O2):47.26	
O1):-0.788	O2):38.107	
O1):-0.828	O2):43.616	
O1):-0.838	O2):44.732	
O1):-0.8	O2):39.361	
O1):-0.776	O2):40.431	
O1):-0.864	O2):59.264	
O1):-0.838	O2):48.957	
O1):-0.78	O2):37.71	
O1):-0.755	O2):36.155	
O1):-0.796	O2):37.445	
O1):-0.76	O2):36.114	
O1):-0.836	O2):47.26	
O1):-0.759	O2):35.956	
O1):-0.819	O2):43.2	
O1):-0.871	O2):62.956	
O1):-0.843	O2):48.693	
O1):-0.836	O2):47.26	
O1):-0.85	O2):48.327	
O1):-0.778	O2):36.98	
O1):-0.845	O2):49.155	
O1):-0.771	O2):36.346	
Evaluations:	2000
O1):-0.759	O2):38.319	
O1):-0.797	O2):39.348	
O1):-0.759	O2):35.956	
O1):-0.871	O2):59.582	
O1):-0.778	O2):41.319	
O1):-0.867	O2):63.163	
O1):-0.757	O2):37.19	
O1):-0.878	O2):64.227	
O1):-0.745	O2):35.346	
O1):-0.842	O2):49.54	
O1):-0.833	O2):45.147	
O1):-0.821	O2):42.328	
O1):-0.828	O2):43.618	
O1):-0.799	O2):41.915	
O1):-0.785	O2):41.958	
O1):-0.845	O2):48.116	
O1):-0.819	O2):43.2	
O1):-0.82	O2):43.882	
O1):-0.845	O2):49.143	
O1):-0.822	O2):44.142	
O1):-0.861	O2):61.635	
O1):-0.807	O2):42.705	
O1):-0.845	O2):49.159	
O1):-0.826	O2):43.895	
O1):-0.782	O2):37.989	
O1):-0.821	O2):43.974	
O1):-0.862	O2):53.961	
O1):-0.846	O2):54.3	
O1):-0.806	O2):42.636	
O1):-0.777	O2):36.096	
O1):-0.803	O2):39.206	
O1):-0.863	O2):58.966	
O1):-0.704	O2):31.962	
O1):-0.862	O2):53.988	
O1):-0.845	O2):49.154	
Evaluations:	1800
O1):-0.861	O2):61.635	
O1):-0.863	O2):54.272	
O1):-0.854	O2):53.433	
O1):-0.847	O2):49.585	
O1):-0.704	O2):31.962	
O1):-0.855	O2):64.169	
O1):-0.843	O2):48.693	
O1):-0.712	O2):30.61	
O1):-0.843	O2):47.831	
O1):-0.862	O2):63.525	
Starting PrismExecutor worker 2 on port 11452
O1):-0.828	O2):45.049	
O1):-0.827	O2):43.417	
O1):-0.809	O2):42.865	
Connected worker 2 to port 11452
O1):-0.759	O2):36.927	
O1):-0.78	O2):36.393	
O1):-0.842	O2):48.526	
O1):-0.846	O2):49.287	
O1):-0.81	O2):42.027	
O1):-0.775	O2):39.925	
O1):-0.778	O2):37.479	
O1):-0.8	O2):39.361	
O1):-0.704	O2):31.962	
O1):-0.87	O2):63.785	
O1):-0.846	O2):49.287	
O1):-0.816	O2):42.673	
O1):-0.704	O2):31.962	
O1):-0.793	O2):38.193	
O1):-0.812	O2):42.327	
O1):-0.809	O2):41.786	
O1):-0.793	O2):41.302	
O1):-0.819	O2):41.787	
O1):-0.862	O2):53.961	
O1):-0.862	O2):53.969	
O1):-0.709	O2):31.209	
O1):-0.853	O2):54.843	
O1):-0.78	O2):38.949	
O1):-0.854	O2):53.504	
O1):-0.758	O2):35.724	
O1):-0.815	O2):43.613	
O1):-0.758	O2):37.885	
O1):-0.864	O2):59.264	
O1):-0.807	O2):42.716	
O1):-0.872	O2):63.906	
O1):-0.758	O2):35.724	
O1):-0.854	O2):53.433	
O1):-0.843	O2):48.693	
O1):-0.761	O2):36.439	
O1):-0.853	O2):63.073	
O1):-0.862	O2):53.928	
O1):-0.837	O2):48.551	
O1):-0.855	O2):53.537	
O1):-0.806	O2):42.624	
O1):-0.786	O2):40.628	
O1):-0.786	O2):40.628	
O1):-0.828	O2):45.201	
O1):-0.828	O2):43.558	
O1):-0.854	O2):56.691	
O1):-0.828	O2):43.616	
O1):-0.837	O2):46.854	
O1):-0.844	O2):49.018	
O1):-0.853	O2):53.199	
O1):-0.844	O2):49.018	
O1):-0.785	O2):38.025	
O1):-0.746	O2):35.722	
O1):-0.863	O2):58.966	
O1):-0.778	O2):36.98	
O1):-0.781	O2):37.632	
O1):-0.777	O2):40.162	
O1):-0.835	O2):44.139	
O1):-0.826	O2):43.141	
O1):-0.823	O2):44.223	
O1):-0.762	O2):37.34	
O1):-0.863	O2):58.966	
O1):-0.829	O2):43.602	
O1):-0.843	O2):48.694	
O1):-0.847	O2):49.598	
O1):-0.838	O2):44.592	
O1):-0.835	O2):44.255	
O1):-0.846	O2):48.387	
O1):-0.804	O2):38.673	
O1):-0.799	O2):41.045	
O1):-0.798	O2):37.964	
O1):-0.777	O2):37.022	
O1):-0.749	O2):35.46	
O1):-0.861	O2):61.635	
O1):-0.863	O2):58.966	
O1):-0.773	O2):38.402	
O1):-0.81	O2):42.027	
O1):-0.815	O2):43.613	
O1):-0.78	O2):37.71	
O1):-0.726	O2):31.612	
O1):-0.723	O2):33.103	
O1):-0.723	O2):33.103	
O1):-0.864	O2):59.264	
O1):-0.759	O2):35.956	
O1):-0.785	O2):37.401	
O1):-0.828	O2):44.187	
O1):-0.863	O2):54.291	
O1):-0.723	O2):33.103	
O1):-0.844	O2):49.261	
O1):-0.862	O2):54.163	
O1):-0.843	O2):48.693	
O1):-0.837	O2):45.821	
O1):-0.778	O2):36.267	
O1):-0.837	O2):48.528	
O1):-0.863	O2):58.966	
O1):-0.819	O2):43.2	
O1):-0.801	O2):38.797	
Starting PrismExecutor worker 3 on port 11403
O1):-0.837	O2):48.529	
O1):-0.872	O2):63.05	
Connected worker 3 to port 11403
O1):-0.849	O2):49.744	
O1):-0.758	O2):35.724	
O1):-0.845	O2):48.116	
O1):-0.796	O2):37.445	
O1):-0.86	O2):53.536	
O1):-0.843	O2):48.693	
O1):-0.862	O2):53.961	
O1):-0.804	O2):41.449	
O1):-0.825	O2):43.072	
O1):-0.818	O2):42.484	
O1):-0.759	O2):35.956	
O1):-0.846	O2):49.295	
O1):-0.853	O2):53.199	
O1):-0.806	O2):42.091	
O1):-0.83	O2):43.825	
O1):-0.781	O2):37.632	
O1):-0.862	O2):53.961	
O1):-0.837	O2):46.854	
O1):-0.836	O2):47.26	
O1):-0.796	O2):44.575	
O1):-0.782	O2):37.989	
O1):-0.749	O2):35.46	
O1):-0.862	O2):53.961	
O1):-0.778	O2):37.115	
O1):-0.862	O2):62.507	
O1):-0.797	O2):39.348	
O1):-0.829	O2):43.685	
O1):-0.81	O2):42.027	
O1):-0.843	O2):48.637	
O1):-0.862	O2):53.974	
O1):-0.843	O2):48.893	
O1):-0.745	O2):35.196	
O1):-0.771	O2):36.346	
O1):-0.807	O2):42.716	
O1):-0.807	O2):42.958	
O1):-0.88	O2):68.217	
O1):-0.832	O2):48.214	
O1):-0.85	O2):58.445	
O1):-0.827	O2):43.991	
O1):-0.782	O2):37.99	
O1):-0.718	O2):32.141	
O1):-0.817	O2):43.073	
O1):-0.863	O2):58.966	
O1):-0.836	O2):45.412	
O1):-0.834	O2):43.864	
O1):-0.787	O2):41.201	
O1):-0.802	O2):39.116	
O1):-0.792	O2):41.216	
O1):-0.806	O2):42.619	
O1):-0.845	O2):49.3	
O1):-0.769	O2):37.496	
O1):-0.847	O2):49.616	
O1):-0.76	O2):36.126	
O1):-0.748	O2):33.571	
O1):-0.837	O2):46.854	
O1):-0.742	O2):34.931	
O1):-0.808	O2):39.209	
O1):-0.843	O2):48.738	
O1):-0.804	O2):38.673	
O1):-0.788	O2):42.332	
O1):-0.843	O2):48.693	
O1):-0.704	O2):31.962	
O1):-0.816	O2):41.905	
O1):-0.78	O2):38.939	
O1):-0.836	O2):47.26	
O1):-0.861	O2):61.635	
O1):-0.863	O2):54.289	
O1):-0.862	O2):53.97	
O1):-0.828	O2):44.187	
O1):-0.718	O2):32.141	
O1):-0.821	O2):43.824	
O1):-0.817	O2):41.714	
O1):-0.802	O2):42.524	
O1):-0.83	O2):44.051	
O1):-0.862	O2):59.417	
O1):-0.778	O2):36.98	
O1):-0.795	O2):38.407	
O1):-0.821	O2):43.769	
O1):-0.847	O2):49.608	
O1):-0.832	O2):48.214	
O1):-0.808	O2):42.578	
O1):-0.861	O2):61.635	
O1):-0.76	O2):36.238	
O1):-0.773	O2):38.368	
O1):-0.816	O2):42.803	
O1):-0.779	O2):39.853	
O1):-0.836	O2):45.52	
O1):-0.782	O2):40.95	
O1):-0.846	O2):48.387	
O1):-0.785	O2):37.401	
O1):-0.832	O2):48.214	
O1):-0.844	O2):49.019	
O1):-0.799	O2):39.598	
Evaluations:	2000
Starting PrismExecutor worker 5 on port 11465
O1):-0.862	O2):53.988	
O1):-0.781	O2):37.632	
Connected worker 5 to port 11465
O1):-0.828	O2):43.558	
O1):-0.846	O2):49.448	
O1):-0.806	O2):40.0	
O1):-0.768	O2):37.449	
O1):-0.844	O2):50.311	
O1):-0.826	O2):55.147	
O1):-0.863	O2):64.568	
O1):-0.761	O2):36.429	
O1):-0.871	O2):63.556	
O1):-0.843	O2):48.97	
O1):-0.815	O2):43.613	
O1):-0.871	O2):59.385	
O1):-0.833	O2):45.197	
O1):-0.832	O2):48.214	
O1):-0.793	O2):38.197	
O1):-0.805	O2):41.696	
O1):-0.863	O2):54.232	
O1):-0.733	O2):36.009	
O1):-0.733	O2):36.009	
O1):-0.761	O2):36.429	
O1):-0.75	O2):35.585	
O1):-0.741	O2):34.747	
O1):-0.809	O2):41.786	
O1):-0.783	O2):38.085	
O1):-0.75	O2):36.61	
O1):-0.854	O2):53.504	
O1):-0.771	O2):36.346	
O1):-0.86	O2):53.536	
O1):-0.826	O2):43.896	
O1):-0.861	O2):53.843	
O1):-0.861	O2):62.959	
O1):-0.87	O2):63.785	
O1):-0.825	O2):43.174	
O1):-0.772	O2):37.968	
O1):-0.845	O2):49.159	
O1):-0.799	O2):38.271	
O1):-0.826	O2):43.896	
O1):-0.801	O2):43.252	
O1):-0.787	O2):38.433	
O1):-0.862	O2):53.961	
O1):-0.845	O2):49.154	
O1):-0.838	O2):51.883	
O1):-0.804	O2):40.507	
O1):-0.835	O2):44.061	
O1):-0.838	O2):47.468	
O1):-0.781	O2):37.632	
O1):-0.864	O2):59.264	
O1):-0.819	O2):43.2	
O1):-0.863	O2):58.966	
O1):-0.821	O2):42.328	
O1):-0.838	O2):44.732	
O1):-0.837	O2):48.66	
O1):-0.878	O2):64.227	
O1):-0.815	O2):43.613	
O1):-0.748	O2):36.503	
O1):-0.836	O2):47.26	
O1):-0.819	O2):42.622	
O1):-0.846	O2):48.381	
O1):-0.749	O2):36.075	
O1):-0.861	O2):61.635	
O1):-0.861	O2):54.056	
O1):-0.836	O2):47.26	
O1):-0.779	O2):36.342	
O1):-0.821	O2):42.328	
O1):-0.863	O2):58.968	
O1):-0.803	O2):58.195	
O1):-0.838	O2):48.577	
O1):-0.794	O2):38.28	
O1):-0.777	O2):36.096	
O1):-0.781	O2):37.632	
O1):-0.843	O2):48.694	
O1):-0.793	O2):41.229	
O1):-0.821	O2):42.328	
O1):-0.87	O2):63.785	
O1):-0.778	O2):36.98	
O1):-0.88	O2):68.217	
O1):-0.778	O2):36.98	
O1):-0.749	O2):35.46	
O1):-0.791	O2):38.398	
Evaluations:	1900
O1):-0.759	O2):37.902	
O1):-0.863	O2):58.576	
Starting PrismExecutor worker 3 on port 11483
O1):-0.855	O2):57.977	
O1):-0.87	O2):59.224	
O1):-0.854	O2):58.834	
O1):-0.781	O2):37.638	
Connected worker 3 to port 11483
O1):-0.761	O2):36.1	
O1):-0.772	O2):36.789	
O1):-0.778	O2):37.074	
O1):-0.862	O2):53.928	
O1):-0.785	O2):38.342	
O1):-0.806	O2):40.0	
O1):-0.818	O2):42.484	
O1):-0.827	O2):43.219	
O1):-0.868	O2):63.23	
O1):-0.862	O2):59.628	
O1):-0.862	O2):53.988	
O1):-0.786	O2):42.72	
O1):-0.791	O2):40.959	
O1):-0.827	O2):43.417	
O1):-0.844	O2):48.836	
O1):-0.847	O2):49.599	
O1):-0.809	O2):42.728	
Evaluations:	2000
O1):-0.836	O2):47.26	
O1):-0.837	O2):47.337	
O1):-0.845	O2):48.256	
O1):-0.786	O2):38.906	
O1):-0.879	O2):67.715	
O1):-0.834	O2):46.704	
O1):-0.872	O2):63.692	
O1):-0.847	O2):49.616	
O1):-0.791	O2):40.959	
O1):-0.858	O2):53.066	
O1):-0.757	O2):37.189	
O1):-0.785	O2):41.958	
O1):-0.842	O2):48.456	
O1):-0.767	O2):37.078	
O1):-0.785	O2):38.025	
O1):-0.862	O2):53.928	
O1):-0.829	O2):47.235	
O1):-0.859	O2):53.244	
O1):-0.816	O2):41.905	
O1):-0.806	O2):42.636	
O1):-0.845	O2):48.116	
O1):-0.704	O2):31.963	
O1):-0.819	O2):42.624	
O1):-0.748	O2):36.503	
O1):-0.834	O2):43.864	
O1):-0.863	O2):54.283	
O1):-0.78	O2):37.71	
O1):-0.853	O2):63.074	
O1):-0.809	O2):42.417	
O1):-0.844	O2):49.206	
O1):-0.788	O2):38.107	
O1):-0.854	O2):53.504	
O1):-0.859	O2):53.421	
Evaluations:	2000
O1):-0.801	O2):38.039	
O1):-0.835	O2):44.061	
O1):-0.778	O2):40.958	
O1):-0.846	O2):49.292	
O1):-0.828	O2):43.616	
O1):-0.825	O2):47.151	
O1):-0.836	O2):47.261	
O1):-0.862	O2):53.914	
O1):-0.78	O2):45.232	
O1):-0.745	O2):35.196	
O1):-0.749	O2):36.075	
O1):-0.812	O2):42.328	
O1):-0.826	O2):43.509	
O1):-0.782	O2):37.989	
O1):-0.862	O2):53.928	
O1):-0.785	O2):37.407	
O1):-0.864	O2):59.265	
O1):-0.819	O2):43.199	
O1):-0.785	O2):38.025	
O1):-0.811	O2):40.195	
O1):-0.859	O2):53.349	
O1):-0.742	O2):34.929	
O1):-0.88	O2):64.724	
O1):-0.819	O2):43.587	
Starting PrismExecutor worker 4 on port 11464
O1):-0.784	O2):40.347	
O1):-0.828	O2):44.186	
O1):-0.758	O2):36.607	
Connected worker 4 to port 11464
O1):-0.771	O2):36.346	
O1):-0.795	O2):38.409	
O1):-0.863	O2):58.762	
O1):-0.743	O2):36.226	
O1):-0.809	O2):42.728	
O1):-0.781	O2):39.231	
O1):-0.781	O2):37.632	
O1):-0.781	O2):37.632	
O1):-0.805	O2):38.889	
O1):-0.821	O2):43.159	
O1):-0.8	O2):38.497	
O1):-0.796	O2):44.572	
O1):-0.826	O2):43.509	
O1):-0.862	O2):53.988	
O1):-0.836	O2):47.261	
O1):-0.825	O2):42.854	
O1):-0.778	O2):36.267	
O1):-0.803	O2):39.206	
O1):-0.822	O2):43.33	
O1):-0.862	O2):53.974	
O1):-0.859	O2):53.28	
O1):-0.859	O2):53.348	
O1):-0.772	O2):44.423	
O1):-0.846	O2):49.448	
O1):-0.793	O2):43.974	
O1):-0.822	O2):42.891	
O1):-0.802	O2):42.65	
O1):-0.829	O2):43.625	
O1):-0.787	O2):43.662	
O1):-0.871	O2):59.58	
O1):-0.822	O2):43.088	
O1):-0.771	O2):36.346	
O1):-0.803	O2):39.196	
O1):-0.828	O2):43.616	
O1):-0.863	O2):54.291	
O1):-0.85	O2):58.185	
O1):-0.784	O2):37.28	
O1):-0.782	O2):37.989	
O1):-0.836	O2):47.26	
O1):-0.784	O2):38.761	
O1):-0.797	O2):39.348	
O1):-0.864	O2):59.27	
O1):-0.8	O2):39.361	
O1):-0.807	O2):40.245	
O1):-0.837	O2):48.552	
O1):-0.863	O2):54.272	
O1):-0.802	O2):38.143	
O1):-0.864	O2):59.264	
O1):-0.859	O2):53.248	
O1):-0.828	O2):43.577	
O1):-0.809	O2):42.73	
O1):-0.757	O2):35.649	
O1):-0.861	O2):53.917	
O1):-0.853	O2):54.386	
O1):-0.794	O2):41.349	
O1):-0.781	O2):37.632	
O1):-0.837	O2):48.88	
O1):-0.791	O2):40.959	
O1):-0.863	O2):58.966	
O1):-0.718	O2):32.141	
O1):-0.789	O2):44.123	
O1):-0.844	O2):49.019	
O1):-0.777	O2):36.923	
O1):-0.828	O2):43.691	
O1):-0.794	O2):41.391	
O1):-0.871	O2):67.923	
O1):-0.849	O2):49.737	
O1):-0.766	O2):37.306	
O1):-0.855	O2):64.169	
O1):-0.828	O2):44.186	
O1):-0.797	O2):39.348	
O1):-0.783	O2):38.085	
O1):-0.836	O2):47.261	
O1):-0.817	O2):42.187	
O1):-0.809	O2):42.73	
O1):-0.821	O2):42.328	
O1):-0.735	O2):37.904	
O1):-0.847	O2):49.616	
O1):-0.808	O2):45.581	
O1):-0.817	O2):43.887	
O1):-0.88	O2):64.724	
Starting PrismExecutor worker 1 on port 11481
O1):-0.818	O2):42.484	
O1):-0.834	O2):43.924	
O1):-0.854	O2):55.488	
O1):-0.861	O2):53.842	
O1):-0.878	O2):64.227	
Connected worker 1 to port 11481
O1):-0.78	O2):37.809	
O1):-0.879	O2):67.715	
O1):-0.788	O2):38.107	
O1):-0.74	O2):32.79	
O1):-0.87	O2):59.224	
O1):-0.855	O2):53.54	
O1):-0.873	O2):74.01	
O1):-0.871	O2):59.39	
O1):-0.799	O2):38.271	
O1):-0.774	O2):37.868	
O1):-0.843	O2):48.302	
O1):-0.871	O2):67.923	
O1):-0.812	O2):42.328	
O1):-0.867	O2):63.163	
O1):-0.836	O2):45.541	
O1):-0.809	O2):41.786	
O1):-0.748	O2):33.569	
O1):-0.837	O2):46.854	
O1):-0.861	O2):53.917	
O1):-0.859	O2):53.28	
O1):-0.864	O2):59.27	
O1):-0.82	O2):42.684	
O1):-0.844	O2):49.196	
O1):-0.834	O2):46.704	
O1):-0.863	O2):54.278	
Evaluations:	1700
O1):-0.819	O2):42.758	
O1):-0.765	O2):40.911	
O1):-0.816	O2):47.173	
O1):-0.785	O2):37.401	
O1):-0.847	O2):49.616	
O1):-0.847	O2):54.323	
O1):-0.819	O2):42.625	
O1):-0.846	O2):48.387	
O1):-0.804	O2):42.983	
O1):-0.768	O2):37.477	
O1):-0.862	O2):53.928	
O1):-0.787	O2):41.2	
O1):-0.741	O2):34.747	
O1):-0.827	O2):43.966	
O1):-0.828	O2):43.616	
O1):-0.86	O2):59.139	
O1):-0.778	O2):36.267	
O1):-0.771	O2):36.346	
O1):-0.846	O2):54.455	
O1):-0.804	O2):41.625	
O1):-0.74	O2):32.79	
O1):-0.862	O2):54.25	
O1):-0.744	O2):33.906	
O1):-0.828	O2):43.616	
O1):-0.807	O2):42.299	
O1):-0.87	O2):63.784	
O1):-0.81	O2):42.027	
O1):-0.817	O2):43.946	
O1):-0.868	O2):67.149	
O1):-0.805	O2):42.224	
O1):-0.829	O2):43.95	
O1):-0.821	O2):46.574	
O1):-0.837	O2):46.854	
O1):-0.863	O2):58.966	
O1):-0.744	O2):33.906	
O1):-0.797	O2):39.348	
O1):-0.733	O2):36.009	
O1):-0.851	O2):52.481	
O1):-0.796	O2):42.379	
O1):-0.758	O2):35.731	
O1):-0.704	O2):31.962	
O1):-0.782	O2):37.989	
O1):-0.804	O2):38.673	
O1):-0.849	O2):49.737	
O1):-0.772	O2):39.022	
O1):-0.872	O2):63.05	
O1):-0.862	O2):53.961	
O1):-0.863	O2):54.433	
O1):-0.816	O2):41.953	
O1):-0.783	O2):38.085	
O1):-0.785	O2):38.624	
Starting PrismExecutor worker 3 on port 11433
Starting PrismExecutor worker 4 on port 11424
O1):-0.777	O2):40.643	
Connected worker 3 to port 11433
Connected worker 4 to port 11424
O1):-0.843	O2):48.728	
O1):-0.83	O2):43.929	
O1):-0.87	O2):59.224	
O1):-0.846	O2):49.292	
O1):-0.798	O2):37.964	
O1):-0.869	O2):58.738	
O1):-0.825	O2):42.873	
O1):-0.748	O2):33.569	
O1):-0.846	O2):49.466	
O1):-0.778	O2):36.267	
O1):-0.829	O2):43.602	
O1):-0.733	O2):36.009	
O1):-0.844	O2):49.025	
O1):-0.777	O2):37.494	
O1):-0.82	O2):42.75	
O1):-0.836	O2):47.26	
O1):-0.833	O2):44.735	
O1):-0.862	O2):64.071	
O1):-0.862	O2):54.252	
O1):-0.841	O2):48.301	
O1):-0.868	O2):67.149	
O1):-0.77	O2):37.731	
O1):-0.758	O2):36.484	
O1):-0.782	O2):36.659	
O1):-0.809	O2):42.865	
O1):-0.864	O2):59.264	
O1):-0.798	O2):41.058	
O1):-0.828	O2):43.616	
O1):-0.826	O2):43.207	
O1):-0.785	O2):38.025	
O1):-0.843	O2):47.831	
O1):-0.863	O2):54.416	
O1):-0.87	O2):63.784	
O1):-0.843	O2):48.879	
O1):-0.741	O2):33.097	
O1):-0.81	O2):42.027	
O1):-0.816	O2):43.805	
O1):-0.82	O2):42.883	
O1):-0.828	O2):43.694	
O1):-0.749	O2):35.46	
O1):-0.864	O2):59.264	
O1):-0.872	O2):63.05	
O1):-0.748	O2):37.224	
O1):-0.872	O2):63.05	
O1):-0.805	O2):38.889	
O1):-0.767	O2):37.078	
O1):-0.758	O2):35.889	
O1):-0.818	O2):42.437	
O1):-0.781	O2):38.947	
O1):-0.837	O2):46.854	
O1):-0.807	O2):42.584	
O1):-0.783	O2):38.085	
O1):-0.815	O2):42.521	
O1):-0.811	O2):42.286	
O1):-0.796	O2):44.572	
O1):-0.828	O2):43.694	
O1):-0.846	O2):49.293	
O1):-0.778	O2):37.49	
O1):-0.868	O2):67.149	
O1):-0.804	O2):38.59	
O1):-0.757	O2):37.189	
O1):-0.861	O2):63.381	
O1):-0.845	O2):48.391	
O1):-0.856	O2):69.233	
O1):-0.863	O2):54.412	
O1):-0.853	O2):54.53	
O1):-0.774	O2):37.542	
O1):-0.741	O2):34.875	
O1):-0.778	O2):36.98	
O1):-0.844	O2):48.904	
O1):-0.816	O2):43.819	
O1):-0.834	O2):46.704	
O1):-0.843	O2):47.827	
O1):-0.859	O2):53.348	
O1):-0.827	O2):43.966	
O1):-0.828	O2):43.749	
O1):-0.862	O2):53.961	
O1):-0.879	O2):67.715	
O1):-0.772	O2):36.785	
O1):-0.867	O2):63.163	
O1):-0.826	O2):43.207	
O1):-0.791	O2):40.959	
O1):-0.83	O2):44.051	
O1):-0.833	O2):44.735	
O1):-0.782	O2):37.989	
O1):-0.821	O2):43.45	
O1):-0.862	O2):53.972	
O1):-0.834	O2):43.864	
O1):-0.785	O2):38.025	
O1):-0.796	O2):37.445	
O1):-0.733	O2):36.009	
O1):-0.793	O2):38.129	
O1):-0.779	O2):36.464	
O1):-0.845	O2):49.138	
O1):-0.833	O2):43.642	
O1):-0.797	O2):49.423	
O1):-0.778	O2):37.12	
O1):-0.864	O2):59.264	
O1):-0.847	O2):49.616	
O1):-0.807	O2):42.958	
O1):-0.733	O2):36.015	
O1):-0.733	O2):36.009	
O1):-0.757	O2):37.19	
O1):-0.878	O2):64.227	
O1):-0.782	O2):36.659	
O1):-0.802	O2):39.116	
O1):-0.863	O2):58.966	
O1):-0.749	O2):35.46	
O1):-0.787	O2):41.2	
O1):-0.75	O2):35.631	
O1):-0.778	O2):40.956	
O1):-0.833	O2):51.936	
O1):-0.819	O2):42.758	
O1):-0.807	O2):42.958	
O1):-0.827	O2):43.417	
O1):-0.843	O2):47.831	
O1):-0.806	O2):42.636	
O1):-0.76	O2):36.114	
O1):-0.804	O2):38.59	
O1):-0.812	O2):42.422	
O1):-0.828	O2):44.187	
O1):-0.818	O2):46.914	
O1):-0.779	O2):36.427	
O1):-0.816	O2):41.905	
O1):-0.863	O2):54.267	
O1):-0.793	O2):41.225	
O1):-0.868	O2):63.23	
O1):-0.847	O2):54.437	
O1):-0.872	O2):63.051	
O1):-0.778	O2):37.12	
O1):-0.793	O2):43.726	
O1):-0.872	O2):63.904	
O1):-0.88	O2):64.724	
O1):-0.87	O2):59.224	
O1):-0.843	O2):48.694	
O1):-0.862	O2):53.988	
O1):-0.868	O2):67.149	
O1):-0.82	O2):46.151	
O1):-0.807	O2):42.297	
O1):-0.862	O2):54.242	
O1):-0.823	O2):44.227	
O1):-0.847	O2):48.696	
O1):-0.786	O2):40.628	
O1):-0.843	O2):48.693	
O1):-0.841	O2):48.301	
O1):-0.838	O2):48.957	
O1):-0.804	O2):41.648	
O1):-0.88	O2):64.724	
O1):-0.78	O2):45.23	
O1):-0.746	O2):33.344	
O1):-0.825	O2):43.169	
O1):-0.852	O2):54.228	
O1):-0.853	O2):50.503	
O1):-0.78	O2):37.71	
O1):-0.767	O2):37.078	
O1):-0.855	O2):59.297	
Evaluations:	1900
O1):-0.827	O2):43.417	
O1):-0.777	O2):36.923	
O1):-0.768	O2):37.478	
O1):-0.845	O2):49.288	
O1):-0.836	O2):47.26	
O1):-0.794	O2):41.352	
O1):-0.812	O2):58.472	
O1):-0.795	O2):40.055	
O1):-0.817	O2):43.887	
O1):-0.758	O2):35.889	
O1):-0.78	O2):37.71	
O1):-0.871	O2):67.923	
O1):-0.872	O2):63.903	
O1):-0.861	O2):53.843	
O1):-0.843	O2):48.732	
O1):-0.846	O2):48.391	
O1):-0.849	O2):53.034	
O1):-0.799	O2):41.053	
O1):-0.854	O2):53.523	
O1):-0.787	O2):38.433	
Starting PrismExecutor worker 0 on port 11410
O1):-0.881	O2):68.578	
O1):-0.771	O2):36.346	
O1):-0.807	O2):40.251	
Connected worker 0 to port 11410
O1):-0.825	O2):51.342	
O1):-0.855	O2):57.977	
O1):-0.838	O2):48.864	
O1):-0.76	O2):36.114	
O1):-0.803	O2):43.071	
O1):-0.788	O2):38.107	
O1):-0.74	O2):32.79	
O1):-0.846	O2):49.448	
O1):-0.854	O2):53.504	
O1):-0.86	O2):53.774	
O1):-0.771	O2):36.346	
O1):-0.785	O2):37.407	
O1):-0.802	O2):45.55	
O1):-0.838	O2):44.732	
O1):-0.841	O2):48.432	
O1):-0.834	O2):46.704	
O1):-0.843	O2):48.733	
O1):-0.761	O2):36.1	
O1):-0.828	O2):44.187	
O1):-0.804	O2):49.756	
O1):-0.809	O2):41.786	
O1):-0.793	O2):38.129	
O1):-0.845	O2):49.3	
O1):-0.749	O2):35.46	
O1):-0.844	O2):48.835	
O1):-0.828	O2):44.187	
O1):-0.79	O2):38.368	
O1):-0.872	O2):64.053	
O1):-0.828	O2):43.747	
O1):-0.836	O2):48.625	
O1):-0.808	O2):49.82	
O1):-0.787	O2):41.2	
O1):-0.723	O2):33.103	
O1):-0.88	O2):68.217	
O1):-0.757	O2):38.952	
O1):-0.826	O2):43.207	
O1):-0.809	O2):41.786	
O1):-0.821	O2):47.514	
O1):-0.854	O2):53.523	
O1):-0.837	O2):48.913	
O1):-0.761	O2):36.1	
O1):-0.758	O2):35.888	
O1):-0.841	O2):48.301	
O1):-0.806	O2):40.0	
O1):-0.834	O2):54.252	
O1):-0.816	O2):41.905	
O1):-0.78	O2):36.393	
O1):-0.795	O2):43.934	
O1):-0.828	O2):43.747	
O1):-0.859	O2):53.248	
O1):-0.812	O2):42.422	
O1):-0.828	O2):43.747	
O1):-0.845	O2):49.155	
O1):-0.868	O2):63.23	
O1):-0.846	O2):49.466	
O1):-0.843	O2):48.693	
O1):-0.852	O2):62.537	
O1):-0.749	O2):35.46	
O1):-0.864	O2):63.798	
O1):-0.75	O2):35.585	
O1):-0.87	O2):59.224	
O1):-0.841	O2):48.303	
O1):-0.86	O2):53.775	
O1):-0.838	O2):44.732	
O1):-0.846	O2):49.292	
O1):-0.806	O2):42.636	
O1):-0.86	O2):53.536	
O1):-0.807	O2):42.958	
O1):-0.845	O2):48.254	
O1):-0.792	O2):41.157	
O1):-0.863	O2):54.302	
O1):-0.771	O2):36.346	
O1):-0.853	O2):53.199	
O1):-0.793	O2):41.226	
O1):-0.843	O2):62.185	
O1):-0.811	O2):41.945	
O1):-0.881	O2):68.578	
O1):-0.746	O2):35.722	
O1):-0.757	O2):35.642	
O1):-0.749	O2):36.056	
Evaluations:	2200
O1):-0.828	O2):43.694	
O1):-0.792	O2):40.972	
O1):-0.879	O2):67.715	
O1):-0.81	O2):42.89	
O1):-0.749	O2):35.46	
O1):-0.76	O2):38.68	
Starting PrismExecutor worker 0 on port 11430
O1):-0.787	O2):38.435	
O1):-0.794	O2):40.516	
O1):-0.88	O2):68.217	
O1):-0.881	O2):68.579	
Connected worker 0 to port 11430
O1):-0.796	O2):37.445	
O1):-0.86	O2):59.134	
O1):-0.816	O2):42.674	
O1):-0.813	O2):42.777	
O1):-0.796	O2):41.858	
O1):-0.778	O2):38.906	
O1):-0.777	O2):36.096	
O1):-0.828	O2):44.192	
O1):-0.818	O2):43.371	
Evaluations:	2100
O1):-0.841	O2):48.301	
O1):-0.819	O2):43.671	
O1):-0.749	O2):35.46	
O1):-0.778	O2):36.98	
O1):-0.749	O2):35.46	
O1):-0.806	O2):42.636	
O1):-0.76	O2):36.114	
O1):-0.825	O2):47.605	
O1):-0.794	O2):41.352	
O1):-0.744	O2):33.906	
O1):-0.788	O2):38.724	
O1):-0.704	O2):31.962	
Evaluations:	2100
O1):-0.734	O2):36.016	
O1):-0.846	O2):49.292	
O1):-0.805	O2):38.889	
O1):-0.76	O2):36.099	
O1):-0.761	O2):36.1	
O1):-0.733	O2):36.013	
O1):-0.803	O2):42.033	
O1):-0.836	O2):47.26	
O1):-0.862	O2):53.974	
O1):-0.834	O2):50.4	
O1):-0.787	O2):53.518	
O1):-0.871	O2):59.385	
O1):-0.836	O2):47.26	
O1):-0.828	O2):51.65	
O1):-0.829	O2):53.933	
O1):-0.78	O2):37.828	
O1):-0.796	O2):44.571	
O1):-0.785	O2):40.52	
O1):-0.87	O2):67.782	
O1):-0.81	O2):42.93	
O1):-0.759	O2):35.962	
O1):-0.814	O2):43.546	
O1):-0.837	O2):48.528	
O1):-0.75	O2):35.585	
O1):-0.88	O2):64.724	
O1):-0.704	O2):31.962	
O1):-0.777	O2):36.096	
O1):-0.723	O2):33.103	
O1):-0.766	O2):37.122	
O1):-0.74	O2):32.79	
O1):-0.778	O2):36.98	
O1):-0.802	O2):42.65	
O1):-0.806	O2):42.636	
O1):-0.873	O2):74.009	
O1):-0.871	O2):67.923	
O1):-0.837	O2):47.312	
O1):-0.87	O2):67.782	
O1):-0.793	O2):41.225	
O1):-0.844	O2):47.807	
O1):-0.782	O2):36.659	
O1):-0.82	O2):42.265	
O1):-0.861	O2):62.96	
O1):-0.859	O2):53.348	
O1):-0.805	O2):41.696	
O1):-0.757	O2):36.403	
O1):-0.862	O2):53.928	
O1):-0.733	O2):36.009	
O1):-0.844	O2):49.204	
O1):-0.863	O2):54.432	
O1):-0.862	O2):53.974	
O1):-0.825	O2):43.072	
O1):-0.844	O2):48.834	
O1):-0.862	O2):54.146	
O1):-0.758	O2):35.889	
Starting PrismExecutor worker 1 on port 11451
O1):-0.867	O2):63.159	
O1):-0.853	O2):53.058	
O1):-0.812	O2):42.395	
Connected worker 1 to port 11451
O1):-0.805	O2):42.253	
O1):-0.798	O2):37.964	
O1):-0.805	O2):42.455	
O1):-0.778	O2):36.084	
O1):-0.835	O2):46.2	
O1):-0.82	O2):42.684	
O1):-0.77	O2):37.731	
O1):-0.76	O2):36.114	
O1):-0.843	O2):48.891	
O1):-0.844	O2):49.018	
O1):-0.777	O2):40.152	
O1):-0.787	O2):38.433	
O1):-0.745	O2):35.196	
O1):-0.77	O2):37.731	
O1):-0.838	O2):44.732	
O1):-0.799	O2):38.271	
O1):-0.833	O2):44.735	
O1):-0.845	O2):49.154	
O1):-0.795	O2):44.288	
O1):-0.807	O2):47.433	
O1):-0.748	O2):33.571	
O1):-0.795	O2):44.237	
O1):-0.846	O2):49.466	
O1):-0.742	O2):34.929	
O1):-0.846	O2):49.466	
O1):-0.755	O2):34.194	
O1):-0.778	O2):40.128	
O1):-0.795	O2):38.407	
O1):-0.793	O2):38.131	
O1):-0.796	O2):44.493	
O1):-0.87	O2):67.782	
O1):-0.818	O2):47.544	
O1):-0.808	O2):43.243	
O1):-0.862	O2):53.961	
O1):-0.836	O2):47.26	
O1):-0.863	O2):63.715	
O1):-0.733	O2):36.009	
O1):-0.78	O2):37.725	
O1):-0.863	O2):54.233	
O1):-0.873	O2):74.009	
O1):-0.828	O2):44.187	
O1):-0.704	O2):31.962	
O1):-0.782	O2):36.666	
O1):-0.847	O2):49.616	
O1):-0.863	O2):58.966	
O1):-0.872	O2):63.693	
O1):-0.85	O2):58.445	
O1):-0.816	O2):43.879	
O1):-0.817	O2):43.005	
O1):-0.805	O2):38.889	
O1):-0.764	O2):37.868	
O1):-0.837	O2):46.854	
O1):-0.872	O2):64.053	
O1):-0.861	O2):61.635	
O1):-0.779	O2):36.346	
O1):-0.828	O2):43.88	
O1):-0.78	O2):37.617	
O1):-0.762	O2):36.632	
O1):-0.793	O2):41.226	
O1):-0.748	O2):33.569	
O1):-0.741	O2):34.747	
O1):-0.778	O2):36.98	
O1):-0.777	O2):37.022	
O1):-0.805	O2):42.188	
O1):-0.872	O2):68.33	
O1):-0.862	O2):53.961	
O1):-0.777	O2):37.056	
O1):-0.838	O2):47.468	
O1):-0.779	O2):39.36	
O1):-0.828	O2):43.616	
O1):-0.76	O2):36.114	
O1):-0.868	O2):67.149	
O1):-0.846	O2):49.292	
O1):-0.772	O2):36.786	
O1):-0.793	O2):41.302	
O1):-0.81	O2):42.027	
O1):-0.785	O2):38.025	
O1):-0.846	O2):49.467	
O1):-0.872	O2):63.692	
O1):-0.805	O2):42.511	
O1):-0.88	O2):68.217	
O1):-0.781	O2):37.632	
O1):-0.868	O2):62.095	
O1):-0.843	O2):49.844	
O1):-0.79	O2):41.907	
Starting PrismExecutor worker 2 on port 11492
O1):-0.816	O2):43.82	
O1):-0.834	O2):46.704	
O1):-0.846	O2):59.455	
Connected worker 2 to port 11492
O1):-0.802	O2):39.116	
O1):-0.76	O2):36.114	
O1):-0.793	O2):43.974	
O1):-0.766	O2):37.122	
O1):-0.821	O2):43.942	
O1):-0.826	O2):43.141	
O1):-0.836	O2):47.26	
O1):-0.846	O2):49.564	
O1):-0.804	O2):38.59	
O1):-0.853	O2):53.058	
O1):-0.854	O2):53.433	
O1):-0.797	O2):39.348	
O1):-0.868	O2):67.149	
O1):-0.79	O2):38.368	
O1):-0.837	O2):48.907	
O1):-0.813	O2):42.62	
O1):-0.804	O2):41.933	
O1):-0.807	O2):42.349	
O1):-0.795	O2):38.407	
O1):-0.805	O2):38.889	
O1):-0.771	O2):36.346	
O1):-0.785	O2):38.025	
O1):-0.86	O2):53.536	
O1):-0.759	O2):35.57	
O1):-0.788	O2):38.107	
O1):-0.882	O2):78.572	
O1):-0.821	O2):43.824	
O1):-0.872	O2):63.051	
O1):-0.78	O2):36.4	
O1):-0.88	O2):68.217	
O1):-0.797	O2):39.348	
O1):-0.837	O2):46.854	
O1):-0.781	O2):38.914	
O1):-0.862	O2):54.141	
O1):-0.862	O2):53.961	
O1):-0.825	O2):42.873	
O1):-0.741	O2):34.748	
O1):-0.749	O2):35.535	
O1):-0.823	O2):44.223	
O1):-0.833	O2):43.646	
O1):-0.859	O2):53.248	
O1):-0.773	O2):38.412	
O1):-0.868	O2):67.149	
O1):-0.793	O2):41.226	
O1):-0.798	O2):37.964	
O1):-0.862	O2):53.961	
O1):-0.787	O2):41.2	
O1):-0.755	O2):34.194	
O1):-0.807	O2):42.588	
O1):-0.749	O2):35.46	
O1):-0.882	O2):78.573	
O1):-0.786	O2):38.363	
O1):-0.853	O2):50.503	
O1):-0.827	O2):43.417	
O1):-0.836	O2):47.26	
O1):-0.827	O2):43.417	
O1):-0.781	O2):37.632	
O1):-0.826	O2):45.015	
O1):-0.871	O2):59.591	
O1):-0.828	O2):43.749	
O1):-0.872	O2):68.722	
O1):-0.844	O2):49.019	
O1):-0.803	O2):42.85	
O1):-0.847	O2):49.585	
O1):-0.846	O2):49.292	
O1):-0.786	O2):41.071	
O1):-0.813	O2):43.816	
O1):-0.862	O2):53.928	
O1):-0.871	O2):59.385	
O1):-0.879	O2):67.715	
O1):-0.819	O2):43.2	
O1):-0.811	O2):40.195	
O1):-0.778	O2):37.479	
O1):-0.83	O2):43.82	
O1):-0.843	O2):48.97	
O1):-0.837	O2):45.821	
O1):-0.833	O2):46.39	
O1):-0.806	O2):42.619	
O1):-0.836	O2):48.585	
O1):-0.879	O2):68.976	
O1):-0.793	O2):41.226	
O1):-0.82	O2):43.579	
O1):-0.776	O2):36.612	
O1):-0.828	O2):43.747	
O1):-0.741	O2):34.817	
O1):-0.821	O2):43.752	
O1):-0.784	O2):37.28	
O1):-0.813	O2):42.777	
O1):-0.793	O2):38.129	
Starting PrismExecutor worker 3 on port 11413
O1):-0.761	O2):36.429	
O1):-0.821	O2):42.809	
O1):-0.862	O2):53.961	
O1):-0.758	O2):35.889	
Connected worker 3 to port 11413
O1):-0.862	O2):53.928	
O1):-0.862	O2):53.928	
O1):-0.836	O2):44.202	
O1):-0.862	O2):53.961	
O1):-0.836	O2):47.26	
O1):-0.837	O2):46.755	
O1):-0.805	O2):41.696	
O1):-0.819	O2):41.787	
O1):-0.782	O2):36.659	
O1):-0.785	O2):38.025	
O1):-0.78	O2):40.366	
O1):-0.863	O2):64.57	
O1):-0.712	O2):30.61	
O1):-0.845	O2):49.265	
O1):-0.78	O2):45.23	
O1):-0.759	O2):35.95	
O1):-0.846	O2):49.292	
Evaluations:	1900
O1):-0.872	O2):63.903	
O1):-0.842	O2):48.529	
O1):-0.812	O2):42.422	
O1):-0.745	O2):35.196	
O1):-0.821	O2):47.078	
O1):-0.805	O2):42.494	
O1):-0.851	O2):52.484	
O1):-0.778	O2):37.479	
O1):-0.844	O2):48.835	
O1):-0.86	O2):59.138	
O1):-0.872	O2):64.053	
O1):-0.821	O2):42.328	
O1):-0.761	O2):36.439	
O1):-0.862	O2):54.252	
O1):-0.864	O2):59.264	
O1):-0.837	O2):48.528	
O1):-0.821	O2):42.803	
O1):-0.733	O2):36.019	
O1):-0.825	O2):44.639	
O1):-0.792	O2):41.085	
O1):-0.78	O2):36.393	
O1):-0.771	O2):36.346	
O1):-0.872	O2):63.903	
O1):-0.806	O2):42.636	
O1):-0.758	O2):35.889	
O1):-0.771	O2):36.346	
O1):-0.801	O2):38.039	
O1):-0.804	O2):41.933	
O1):-0.805	O2):43.632	
O1):-0.837	O2):46.854	
O1):-0.797	O2):39.348	
O1):-0.862	O2):53.928	
O1):-0.802	O2):39.116	
O1):-0.804	O2):38.59	
O1):-0.844	O2):48.836	
O1):-0.795	O2):38.407	
O1):-0.881	O2):73.669	
O1):-0.879	O2):67.727	
O1):-0.834	O2):43.925	
O1):-0.783	O2):38.085	
O1):-0.83	O2):43.82	
O1):-0.819	O2):41.787	
O1):-0.871	O2):67.923	
O1):-0.88	O2):68.217	
O1):-0.835	O2):44.061	
O1):-0.871	O2):67.923	
O1):-0.829	O2):43.787	
O1):-0.822	O2):43.088	
O1):-0.772	O2):37.731	
O1):-0.833	O2):45.145	
O1):-0.844	O2):49.027	
O1):-0.845	O2):49.143	
O1):-0.805	O2):41.696	
O1):-0.749	O2):35.46	
O1):-0.859	O2):53.396	
O1):-0.863	O2):54.412	
O1):-0.838	O2):51.883	
O1):-0.749	O2):35.46	
O1):-0.757	O2):41.495	
O1):-0.805	O2):42.031	
O1):-0.834	O2):43.864	
O1):-0.868	O2):63.23	
O1):-0.836	O2):47.26	
O1):-0.778	O2):36.417	
O1):-0.852	O2):54.24	
Starting PrismExecutor worker 0 on port 11470
O1):-0.761	O2):36.429	
O1):-0.802	O2):39.116	
O1):-0.853	O2):53.058	
O1):-0.816	O2):43.826	
O1):-0.772	O2):44.439	
Connected worker 0 to port 11470
O1):-0.86	O2):53.775	
O1):-0.847	O2):54.283	
O1):-0.816	O2):41.953	
O1):-0.766	O2):37.122	
O1):-0.828	O2):44.187	
O1):-0.837	O2):46.854	
O1):-0.806	O2):42.636	
O1):-0.873	O2):74.152	
O1):-0.827	O2):43.768	
O1):-0.835	O2):45.36	
O1):-0.782	O2):36.659	
O1):-0.821	O2):46.945	
O1):-0.76	O2):36.114	
O1):-0.778	O2):36.98	
O1):-0.879	O2):68.976	
O1):-0.766	O2):37.122	
O1):-0.844	O2):48.835	
O1):-0.755	O2):34.194	
O1):-0.863	O2):54.412	
O1):-0.817	O2):43.887	
O1):-0.821	O2):43.824	
O1):-0.785	O2):38.025	
O1):-0.76	O2):36.126	
O1):-0.871	O2):67.923	
O1):-0.786	O2):42.721	
O1):-0.741	O2):34.75	
O1):-0.828	O2):43.616	
O1):-0.785	O2):38.025	
O1):-0.704	O2):31.962	
O1):-0.793	O2):38.129	
O1):-0.862	O2):53.961	
O1):-0.862	O2):53.928	
O1):-0.842	O2):48.749	
O1):-0.817	O2):41.714	
O1):-0.8	O2):48.356	
O1):-0.734	O2):36.021	
O1):-0.842	O2):48.749	
O1):-0.825	O2):43.869	
O1):-0.758	O2):35.889	
O1):-0.805	O2):41.695	
O1):-0.836	O2):47.26	
O1):-0.805	O2):42.589	
O1):-0.853	O2):53.058	
O1):-0.812	O2):42.328	
O1):-0.757	O2):36.545	
O1):-0.782	O2):42.71	
O1):-0.833	O2):45.142	
O1):-0.82	O2):43.803	
O1):-0.873	O2):74.009	
O1):-0.76	O2):36.114	
O1):-0.801	O2):43.627	
O1):-0.821	O2):43.824	
O1):-0.846	O2):49.448	
O1):-0.83	O2):43.818	
O1):-0.819	O2):43.2	
O1):-0.863	O2):59.119	
O1):-0.819	O2):43.2	
O1):-0.821	O2):43.824	
O1):-0.78	O2):39.093	
O1):-0.87	O2):59.507	
O1):-0.843	O2):48.693	
O1):-0.816	O2):41.905	
O1):-0.822	O2):44.136	
O1):-0.827	O2):45.305	
O1):-0.821	O2):42.57	
O1):-0.806	O2):40.001	
O1):-0.782	O2):37.989	
O1):-0.837	O2):46.854	
O1):-0.743	O2):33.619	
O1):-0.853	O2):50.503	
O1):-0.778	O2):36.98	
O1):-0.764	O2):39.741	
O1):-0.733	O2):36.009	
O1):-0.804	O2):38.59	
O1):-0.843	O2):48.694	
O1):-0.83	O2):43.82	
O1):-0.781	O2):37.632	
O1):-0.834	O2):54.256	
Evaluations:	2100
O1):-0.778	O2):36.267	
O1):-0.847	O2):49.585	
O1):-0.821	O2):42.802	
O1):-0.755	O2):34.194	
O1):-0.811	O2):42.077	
O1):-0.779	O2):36.342	
Evaluations:	2100
O1):-0.793	O2):40.549	
Starting PrismExecutor worker 2 on port 11482
O1):-0.816	O2):41.953	
O1):-0.831	O2):44.797	
O1):-0.868	O2):67.149	
Connected worker 2 to port 11482
O1):-0.768	O2):37.443	
O1):-0.826	O2):43.509	
O1):-0.778	O2):37.069	
O1):-0.758	O2):35.889	
O1):-0.805	O2):38.873	
O1):-0.808	O2):45.314	
O1):-0.834	O2):46.704	
O1):-0.787	O2):41.2	
O1):-0.851	O2):52.481	
O1):-0.768	O2):37.443	
O1):-0.854	O2):53.433	
O1):-0.749	O2):35.46	
O1):-0.742	O2):34.928	
O1):-0.833	O2):45.145	
O1):-0.781	O2):39.231	
O1):-0.819	O2):42.622	
O1):-0.822	O2):43.088	
O1):-0.863	O2):63.715	
O1):-0.872	O2):63.05	
O1):-0.745	O2):35.196	
O1):-0.76	O2):36.238	
O1):-0.862	O2):53.961	
O1):-0.872	O2):63.692	
O1):-0.749	O2):36.848	
O1):-0.818	O2):42.613	
O1):-0.86	O2):53.777	
O1):-0.863	O2):58.995	
Evaluations:	2100
O1):-0.872	O2):64.054	
O1):-0.771	O2):36.346	
O1):-0.821	O2):42.328	
O1):-0.829	O2):43.602	
O1):-0.834	O2):48.564	
O1):-0.871	O2):59.591	
O1):-0.755	O2):36.155	
O1):-0.834	O2):43.925	
O1):-0.859	O2):53.249	
O1):-0.868	O2):63.23	
O1):-0.821	O2):42.697	
O1):-0.863	O2):54.283	
O1):-0.771	O2):36.346	
O1):-0.827	O2):43.417	
O1):-0.821	O2):42.328	
O1):-0.861	O2):53.842	
O1):-0.836	O2):47.26	
O1):-0.862	O2):53.968	
O1):-0.786	O2):38.363	
O1):-0.8	O2):37.769	
O1):-0.836	O2):47.26	
O1):-0.851	O2):53.909	
O1):-0.859	O2):53.42	
O1):-0.746	O2):35.722	
O1):-0.861	O2):53.837	
O1):-0.767	O2):37.461	
O1):-0.795	O2):44.713	
O1):-0.777	O2):37.022	
O1):-0.804	O2):45.541	
O1):-0.864	O2):59.264	
O1):-0.825	O2):43.174	
O1):-0.86	O2):53.536	
O1):-0.845	O2):49.154	
O1):-0.862	O2):53.928	
O1):-0.83	O2):45.491	
O1):-0.844	O2):49.018	
O1):-0.828	O2):43.691	
O1):-0.767	O2):37.078	
O1):-0.745	O2):35.346	
O1):-0.781	O2):37.632	
O1):-0.776	O2):36.9	
O1):-0.868	O2):63.231	
O1):-0.767	O2):37.078	
O1):-0.862	O2):53.988	
O1):-0.871	O2):59.591	
O1):-0.733	O2):36.009	
O1):-0.871	O2):67.923	
O1):-0.821	O2):45.359	
O1):-0.861	O2):54.056	
O1):-0.862	O2):53.961	
O1):-0.872	O2):63.692	
O1):-0.828	O2):43.577	
Starting PrismExecutor worker 1 on port 11431
O1):-0.845	O2):49.324	
O1):-0.88	O2):69.482	
O1):-0.863	O2):63.454	
Connected worker 1 to port 11431
O1):-0.825	O2):43.074	
O1):-0.873	O2):74.01	
O1):-0.829	O2):43.798	
O1):-0.733	O2):36.009	
O1):-0.798	O2):37.964	
O1):-0.871	O2):59.58	
O1):-0.767	O2):37.078	
O1):-0.802	O2):38.143	
O1):-0.88	O2):69.482	
O1):-0.746	O2):33.344	
O1):-0.794	O2):38.28	
O1):-0.785	O2):38.1	
O1):-0.878	O2):64.227	
O1):-0.821	O2):46.577	
O1):-0.816	O2):42.673	
O1):-0.845	O2):49.155	
O1):-0.822	O2):43.088	
O1):-0.746	O2):36.642	
O1):-0.791	O2):40.955	
O1):-0.881	O2):68.578	
O1):-0.785	O2):37.401	
O1):-0.825	O2):44.897	
O1):-0.742	O2):34.929	
O1):-0.853	O2):53.199	
O1):-0.758	O2):36.483	
O1):-0.772	O2):37.968	
O1):-0.843	O2):47.832	
O1):-0.855	O2):63.195	
O1):-0.871	O2):59.58	
O1):-0.863	O2):63.454	
O1):-0.86	O2):53.536	
O1):-0.746	O2):35.722	
O1):-0.826	O2):43.509	
O1):-0.828	O2):44.636	
O1):-0.755	O2):34.194	
O1):-0.853	O2):48.898	
O1):-0.829	O2):43.602	
O1):-0.778	O2):36.98	
O1):-0.838	O2):48.846	
O1):-0.786	O2):38.919	
O1):-0.86	O2):53.774	
O1):-0.841	O2):49.402	
O1):-0.817	O2):47.14	
O1):-0.835	O2):46.2	
O1):-0.828	O2):43.616	
O1):-0.821	O2):42.328	
O1):-0.871	O2):59.385	
O1):-0.786	O2):38.906	
O1):-0.803	O2):41.407	
O1):-0.871	O2):67.923	
O1):-0.861	O2):64.085	
O1):-0.872	O2):63.692	
O1):-0.852	O2):50.401	
O1):-0.784	O2):40.347	
O1):-0.829	O2):43.602	
O1):-0.837	O2):44.427	
O1):-0.805	O2):42.192	
O1):-0.82	O2):42.263	
O1):-0.854	O2):53.504	
O1):-0.845	O2):49.154	
O1):-0.827	O2):46.817	
O1):-0.833	O2):47.254	
O1):-0.776	O2):40.088	
O1):-0.813	O2):42.62	
O1):-0.795	O2):38.407	
O1):-0.805	O2):42.455	
O1):-0.861	O2):54.056	
O1):-0.813	O2):42.777	
O1):-0.872	O2):63.05	
O1):-0.759	O2):36.89	
O1):-0.816	O2):41.905	
O1):-0.811	O2):42.516	
O1):-0.807	O2):42.958	
O1):-0.871	O2):63.554	
O1):-0.843	O2):48.693	
O1):-0.804	O2):53.947	
O1):-0.804	O2):40.507	
O1):-0.802	O2):42.524	
Starting PrismExecutor worker 1 on port 11411
Connected worker 1 to port 11411
O1):-0.733	O2):36.009	
O1):-0.812	O2):42.395	
O1):-0.833	O2):45.145	
O1):-0.845	O2):54.681	
O1):-0.819	O2):43.694	
O1):-0.793	O2):41.227	
O1):-0.749	O2):35.46	
O1):-0.825	O2):43.174	
O1):-0.798	O2):37.964	
O1):-0.845	O2):49.309	
O1):-0.853	O2):53.199	
O1):-0.833	O2):46.384	
O1):-0.853	O2):53.058	
O1):-0.879	O2):68.976	
O1):-0.785	O2):42.791	
O1):-0.872	O2):63.05	
O1):-0.772	O2):42.265	
O1):-0.777	O2):37.022	
O1):-0.79	O2):41.803	
Evaluations:	2000
O1):-0.87	O2):59.224	
O1):-0.88	O2):68.217	
O1):-0.844	O2):49.019	
O1):-0.863	O2):54.283	
O1):-0.818	O2):42.437	
O1):-0.769	O2):37.496	
O1):-0.778	O2):36.267	
O1):-0.828	O2):43.691	
O1):-0.791	O2):38.413	
O1):-0.827	O2):43.419	
O1):-0.881	O2):68.578	
O1):-0.841	O2):48.301	
O1):-0.829	O2):48.589	
O1):-0.831	O2):43.389	
O1):-0.829	O2):45.109	
O1):-0.777	O2):40.152	
O1):-0.795	O2):38.407	
O1):-0.869	O2):58.738	
O1):-0.805	O2):42.192	
O1):-0.781	O2):37.632	
O1):-0.805	O2):54.295	
O1):-0.843	O2):48.693	
O1):-0.78	O2):37.671	
O1):-0.812	O2):58.476	
O1):-0.868	O2):58.661	
O1):-0.778	O2):37.099	
O1):-0.854	O2):53.504	
O1):-0.75	O2):35.585	
O1):-0.749	O2):35.46	
O1):-0.733	O2):36.009	
O1):-0.835	O2):44.061	
O1):-0.797	O2):43.255	
O1):-0.869	O2):58.738	
O1):-0.818	O2):47.558	
O1):-0.845	O2):49.528	
O1):-0.779	O2):36.427	
O1):-0.821	O2):42.57	
O1):-0.834	O2):46.299	
O1):-0.791	O2):40.959	
O1):-0.8	O2):38.497	
O1):-0.778	O2):36.98	
O1):-0.82	O2):42.077	
O1):-0.799	O2):39.598	
O1):-0.828	O2):43.56	
O1):-0.804	O2):38.673	
O1):-0.829	O2):49.447	
O1):-0.872	O2):63.05	
O1):-0.838	O2):48.766	
O1):-0.843	O2):48.693	
O1):-0.863	O2):58.966	
O1):-0.844	O2):48.975	
O1):-0.799	O2):42.468	
O1):-0.778	O2):36.98	
O1):-0.862	O2):54.073	
O1):-0.777	O2):40.152	
O1):-0.787	O2):38.433	
O1):-0.845	O2):48.254	
O1):-0.795	O2):44.296	
O1):-0.844	O2):49.219	
O1):-0.83	O2):43.82	
O1):-0.778	O2):40.713	
O1):-0.835	O2):44.25	
O1):-0.871	O2):67.923	
Starting PrismExecutor worker 0 on port 11490
O1):-0.821	O2):43.018	
O1):-0.766	O2):37.122	
Connected worker 0 to port 11490
O1):-0.704	O2):31.962	
O1):-0.782	O2):37.989	
O1):-0.846	O2):48.381	
O1):-0.858	O2):53.249	
O1):-0.822	O2):47.626	
O1):-0.748	O2):35.888	
O1):-0.872	O2):63.05	
O1):-0.828	O2):43.691	
O1):-0.863	O2):54.289	
O1):-0.825	O2):48.002	
O1):-0.843	O2):48.696	
O1):-0.836	O2):47.26	
O1):-0.79	O2):38.091	
O1):-0.784	O2):37.28	
O1):-0.806	O2):40.0	
O1):-0.787	O2):40.876	
O1):-0.781	O2):37.632	
O1):-0.862	O2):53.968	
O1):-0.835	O2):56.517	
O1):-0.821	O2):46.59	
O1):-0.834	O2):43.864	
O1):-0.834	O2):43.864	
O1):-0.805	O2):41.696	
O1):-0.82	O2):42.684	
O1):-0.83	O2):43.93	
O1):-0.794	O2):41.349	
O1):-0.835	O2):48.713	
O1):-0.761	O2):36.439	
O1):-0.798	O2):37.964	
O1):-0.821	O2):45.34	
O1):-0.871	O2):63.552	
O1):-0.758	O2):35.725	
O1):-0.772	O2):42.268	
O1):-0.786	O2):39.186	
O1):-0.801	O2):41.644	
O1):-0.846	O2):49.448	
O1):-0.853	O2):50.503	
O1):-0.864	O2):59.27	
O1):-0.834	O2):47.588	
O1):-0.791	O2):40.959	
O1):-0.862	O2):53.961	
O1):-0.854	O2):53.523	
O1):-0.853	O2):54.749	
O1):-0.704	O2):31.962	
O1):-0.836	O2):47.26	
O1):-0.778	O2):36.267	
O1):-0.863	O2):54.302	
O1):-0.847	O2):49.616	
O1):-0.836	O2):47.26	
O1):-0.778	O2):36.98	
O1):-0.768	O2):37.478	
O1):-0.777	O2):36.923	
O1):-0.836	O2):45.462	
O1):-0.781	O2):37.638	
O1):-0.778	O2):37.479	
O1):-0.872	O2):63.05	
O1):-0.836	O2):44.202	
O1):-0.833	O2):43.642	
O1):-0.816	O2):42.673	
O1):-0.764	O2):37.113	
O1):-0.805	O2):41.696	
O1):-0.835	O2):44.25	
O1):-0.804	O2):40.507	
O1):-0.704	O2):31.962	
O1):-0.871	O2):67.923	
O1):-0.821	O2):42.809	
O1):-0.847	O2):49.585	
O1):-0.835	O2):44.061	
O1):-0.836	O2):47.26	
O1):-0.718	O2):32.141	
O1):-0.846	O2):49.292	
O1):-0.821	O2):43.22	
O1):-0.845	O2):49.156	
O1):-0.795	O2):38.407	
O1):-0.801	O2):38.78	
O1):-0.778	O2):37.11	
O1):-0.844	O2):49.019	
O1):-0.862	O2):53.928	
O1):-0.825	O2):42.873	
O1):-0.844	O2):49.206	
O1):-0.82	O2):42.077	
O1):-0.779	O2):36.502	
O1):-0.785	O2):37.401	
O1):-0.795	O2):38.407	
O1):-0.804	O2):38.673	
O1):-0.854	O2):53.433	
O1):-0.836	O2):44.292	
O1):-0.87	O2):67.782	
O1):-0.788	O2):38.724	
O1):-0.828	O2):45.424	
O1):-0.867	O2):63.163	
O1):-0.822	O2):43.088	
O1):-0.828	O2):43.747	
O1):-0.821	O2):42.801	
O1):-0.8	O2):38.497	
O1):-0.806	O2):42.636	
O1):-0.784	O2):40.347	
O1):-0.842	O2):48.527	
O1):-0.78	O2):36.393	
O1):-0.861	O2):54.056	
O1):-0.864	O2):59.264	
O1):-0.846	O2):49.448	
O1):-0.859	O2):53.396	
O1):-0.828	O2):43.694	
O1):-0.809	O2):44.703	
O1):-0.778	O2):37.481	
O1):-0.795	O2):49.133	
O1):-0.804	O2):53.946	
O1):-0.863	O2):54.283	
O1):-0.783	O2):38.083	
O1):-0.838	O2):48.577	
O1):-0.776	O2):40.069	
O1):-0.833	O2):44.735	
O1):-0.831	O2):44.225	
O1):-0.851	O2):58.472	
O1):-0.811	O2):57.986	
O1):-0.806	O2):40.0	
O1):-0.837	O2):46.854	
O1):-0.798	O2):37.964	
O1):-0.778	O2):36.267	
O1):-0.846	O2):49.292	
O1):-0.755	O2):36.153	
O1):-0.827	O2):43.219	
O1):-0.778	O2):36.98	
O1):-0.767	O2):36.836	
O1):-0.88	O2):69.482	
O1):-0.771	O2):36.346	
O1):-0.81	O2):42.024	
O1):-0.793	O2):38.129	
O1):-0.749	O2):35.46	
O1):-0.871	O2):67.923	
O1):-0.845	O2):48.254	
O1):-0.847	O2):49.585	
O1):-0.801	O2):41.748	
O1):-0.793	O2):38.129	
O1):-0.821	O2):42.809	
O1):-0.8	O2):38.497	
O1):-0.704	O2):31.961	
O1):-0.795	O2):38.407	
O1):-0.826	O2):45.016	
O1):-0.879	O2):67.715	
O1):-0.813	O2):42.777	
O1):-0.759	O2):35.95	
O1):-0.854	O2):53.504	
O1):-0.783	O2):41.357	
O1):-0.862	O2):53.928	
O1):-0.76	O2):36.126	
O1):-0.788	O2):38.107	
O1):-0.742	O2):35.008	
O1):-0.8	O2):41.776	
O1):-0.828	O2):43.694	
O1):-0.766	O2):37.306	
O1):-0.837	O2):44.427	
O1):-0.806	O2):40.0	
O1):-0.773	O2):38.406	
O1):-0.783	O2):38.085	
O1):-0.787	O2):38.433	
O1):-0.755	O2):36.155	
O1):-0.862	O2):53.928	
O1):-0.881	O2):68.578	
O1):-0.786	O2):40.628	
O1):-0.843	O2):48.299	
O1):-0.879	O2):68.976	
O1):-0.761	O2):36.1	
O1):-0.796	O2):37.445	
O1):-0.793	O2):41.225	
O1):-0.758	O2):35.888	
O1):-0.864	O2):59.264	
O1):-0.844	O2):49.196	
O1):-0.797	O2):39.348	
O1):-0.861	O2):53.917	
O1):-0.799	O2):39.189	
O1):-0.879	O2):67.715	
O1):-0.879	O2):67.715	
O1):-0.835	O2):44.25	
O1):-0.821	O2):42.802	
O1):-0.826	O2):55.443	
O1):-0.804	O2):38.59	
O1):-0.771	O2):36.346	
O1):-0.871	O2):67.924	
O1):-0.82	O2):42.883	
O1):-0.837	O2):44.591	
O1):-0.806	O2):42.619	
O1):-0.817	O2):43.923	
O1):-0.872	O2):63.905	
O1):-0.868	O2):63.23	
O1):-0.831	O2):44.119	
O1):-0.855	O2):57.976	
O1):-0.795	O2):38.407	
O1):-0.796	O2):42.372	
O1):-0.835	O2):44.059	
O1):-0.824	O2):44.555	
O1):-0.853	O2):53.058	
O1):-0.777	O2):36.923	
O1):-0.836	O2):47.26	
O1):-0.826	O2):43.207	
Evaluations:	2200
Starting PrismExecutor worker 0 on port 11480
O1):-0.847	O2):49.585	
Connected worker 0 to port 11480
O1):-0.868	O2):67.149	
O1):-0.805	O2):41.782	
O1):-0.806	O2):42.619	
O1):-0.806	O2):40.0	
O1):-0.749	O2):35.46	
O1):-0.779	O2):36.342	
O1):-0.778	O2):36.267	
O1):-0.835	O2):44.25	
O1):-0.778	O2):36.267	
O1):-0.834	O2):48.699	
O1):-0.859	O2):53.28	
O1):-0.766	O2):37.122	
O1):-0.76	O2):36.114	
O1):-0.836	O2):48.501	
O1):-0.804	O2):40.507	
O1):-0.799	O2):38.28	
O1):-0.801	O2):41.644	
O1):-0.861	O2):53.917	
O1):-0.797	O2):39.348	
O1):-0.847	O2):49.602	
O1):-0.817	O2):43.889	
O1):-0.821	O2):42.809	
Evaluations:	2200
O1):-0.781	O2):37.638	
O1):-0.745	O2):35.196	
Evaluations:	1800
Starting PrismExecutor worker 4 on port 11444
O1):-0.712	O2):30.61	
Connected worker 4 to port 11444
O1):-0.834	O2):43.864	
O1):-0.834	O2):43.924	
O1):-0.828	O2):43.749	
O1):-0.798	O2):42.338	
O1):-0.826	O2):43.017	
O1):-0.843	O2):49.834	
O1):-0.768	O2):37.477	
O1):-0.837	O2):46.854	
O1):-0.783	O2):38.085	
O1):-0.78	O2):36.393	
O1):-0.864	O2):73.807	
O1):-0.837	O2):46.854	
O1):-0.8	O2):41.777	
O1):-0.746	O2):33.344	
O1):-0.854	O2):58.239	
O1):-0.827	O2):43.966	
O1):-0.871	O2):67.923	
O1):-0.846	O2):49.464	
O1):-0.878	O2):64.227	
O1):-0.873	O2):74.009	
O1):-0.846	O2):49.452	
O1):-0.841	O2):48.301	
O1):-0.816	O2):41.905	
O1):-0.767	O2):37.248	
O1):-0.847	O2):49.585	
O1):-0.844	O2):49.019	
O1):-0.864	O2):59.264	
O1):-0.723	O2):33.103	
O1):-0.755	O2):34.194	
O1):-0.862	O2):53.961	
O1):-0.871	O2):67.923	
O1):-0.787	O2):41.2	
O1):-0.853	O2):58.117	
O1):-0.78	O2):37.71	
O1):-0.843	O2):48.693	
O1):-0.74	O2):32.79	
O1):-0.845	O2):49.3	
O1):-0.815	O2):43.721	
O1):-0.863	O2):54.232	
O1):-0.82	O2):42.684	
O1):-0.78	O2):37.71	
O1):-0.834	O2):43.864	
O1):-0.806	O2):42.179	
O1):-0.8	O2):39.361	
O1):-0.834	O2):43.924	
O1):-0.733	O2):36.009	
Evaluations:	2300
O1):-0.828	O2):43.747	
Starting PrismExecutor worker 0 on port 11400
O1):-0.86	O2):53.774	
O1):-0.859	O2):53.384	
O1):-0.806	O2):42.619	
O1):-0.862	O2):53.928	
Connected worker 0 to port 11400
O1):-0.835	O2):46.357	
O1):-0.74	O2):32.79	
O1):-0.87	O2):67.782	
O1):-0.794	O2):44.096	
O1):-0.766	O2):37.306	
O1):-0.773	O2):38.406	
O1):-0.847	O2):49.605	
O1):-0.878	O2):64.227	
O1):-0.87	O2):59.224	
O1):-0.831	O2):52.184	
O1):-0.787	O2):38.394	
O1):-0.778	O2):37.099	
O1):-0.831	O2):44.796	
O1):-0.822	O2):43.088	
O1):-0.827	O2):43.966	
O1):-0.769	O2):37.496	
O1):-0.863	O2):54.302	
O1):-0.749	O2):35.46	
O1):-0.786	O2):40.628	
O1):-0.88	O2):68.217	
O1):-0.777	O2):38.187	
O1):-0.793	O2):38.129	
O1):-0.828	O2):43.56	
O1):-0.777	O2):36.923	
O1):-0.712	O2):30.61	
O1):-0.788	O2):38.107	
O1):-0.806	O2):42.092	
O1):-0.772	O2):42.315	
O1):-0.844	O2):47.811	
O1):-0.854	O2):63.155	
O1):-0.862	O2):53.988	
O1):-0.868	O2):67.149	
O1):-0.872	O2):63.05	
O1):-0.879	O2):67.715	
O1):-0.825	O2):43.072	
O1):-0.862	O2):53.961	
O1):-0.853	O2):53.199	
O1):-0.813	O2):43.21	
O1):-0.86	O2):53.536	
O1):-0.75	O2):35.585	
O1):-0.798	O2):39.487	
O1):-0.859	O2):53.348	
O1):-0.817	O2):43.085	
O1):-0.807	O2):42.958	
O1):-0.863	O2):54.283	
O1):-0.825	O2):42.873	
O1):-0.748	O2):33.569	
O1):-0.771	O2):36.783	
O1):-0.836	O2):48.395	
O1):-0.829	O2):43.677	
O1):-0.787	O2):41.2	
O1):-0.822	O2):47.596	
O1):-0.862	O2):53.928	
O1):-0.786	O2):41.144	
O1):-0.817	O2):43.887	
O1):-0.81	O2):42.027	
O1):-0.746	O2):35.722	
O1):-0.879	O2):68.976	
O1):-0.828	O2):43.558	
O1):-0.855	O2):57.976	
Evaluations:	2000
O1):-0.774	O2):37.094	
O1):-0.834	O2):43.864	
O1):-0.801	O2):38.78	
O1):-0.826	O2):43.207	
O1):-0.771	O2):36.346	
O1):-0.85	O2):50.063	
O1):-0.835	O2):45.432	
O1):-0.806	O2):42.636	
O1):-0.858	O2):53.173	
O1):-0.862	O2):54.146	
O1):-0.82	O2):42.684	
O1):-0.733	O2):36.009	
O1):-0.799	O2):39.189	
O1):-0.778	O2):37.479	
O1):-0.793	O2):38.129	
O1):-0.78	O2):37.71	
O1):-0.845	O2):48.116	
O1):-0.733	O2):36.009	
O1):-0.833	O2):48.294	
O1):-0.841	O2):65.104	
O1):-0.834	O2):43.864	
O1):-0.863	O2):54.291	
Starting PrismExecutor worker 1 on port 11471
Connected worker 1 to port 11471
O1):-0.871	O2):67.923	
O1):-0.824	O2):44.555	
O1):-0.872	O2):63.903	
O1):-0.872	O2):64.054	
O1):-0.828	O2):43.616	
O1):-0.749	O2):35.46	
O1):-0.788	O2):38.107	
O1):-0.799	O2):38.271	
O1):-0.855	O2):57.976	
O1):-0.844	O2):49.189	
O1):-0.733	O2):36.009	
O1):-0.806	O2):42.197	
O1):-0.768	O2):37.443	
O1):-0.861	O2):53.917	
O1):-0.804	O2):41.933	
O1):-0.826	O2):43.086	
O1):-0.777	O2):37.022	
O1):-0.83	O2):43.825	
O1):-0.872	O2):63.692	
O1):-0.871	O2):59.385	
O1):-0.76	O2):36.126	
O1):-0.844	O2):49.465	
O1):-0.733	O2):36.015	
O1):-0.842	O2):48.46	
O1):-0.787	O2):40.82	
O1):-0.871	O2):63.552	
O1):-0.787	O2):38.704	
O1):-0.827	O2):43.966	
O1):-0.861	O2):53.917	
O1):-0.822	O2):43.094	
O1):-0.853	O2):53.061	
O1):-0.804	O2):41.933	
O1):-0.837	O2):47.312	
O1):-0.802	O2):40.078	
O1):-0.803	O2):38.534	
O1):-0.804	O2):42.173	
O1):-0.869	O2):58.738	
O1):-0.879	O2):67.715	
O1):-0.82	O2):42.678	
O1):-0.8	O2):38.492	
O1):-0.766	O2):37.122	
O1):-0.816	O2):41.905	
O1):-0.807	O2):42.958	
O1):-0.868	O2):58.661	
O1):-0.806	O2):42.098	
O1):-0.82	O2):42.75	
O1):-0.704	O2):31.664	
O1):-0.819	O2):43.587	
O1):-0.838	O2):53.301	
O1):-0.748	O2):36.467	
O1):-0.749	O2):35.46	
O1):-0.81	O2):42.027	
O1):-0.801	O2):44.438	
O1):-0.843	O2):48.893	
O1):-0.86	O2):53.774	
O1):-0.78	O2):37.691	
O1):-0.828	O2):43.747	
O1):-0.844	O2):49.217	
O1):-0.87	O2):67.782	
O1):-0.802	O2):38.142	
O1):-0.863	O2):54.278	
O1):-0.837	O2):46.755	
O1):-0.819	O2):43.199	
O1):-0.851	O2):52.484	
O1):-0.809	O2):43.367	
O1):-0.819	O2):41.787	
O1):-0.871	O2):59.385	
O1):-0.794	O2):40.431	
O1):-0.806	O2):40.0	
O1):-0.762	O2):37.865	
O1):-0.868	O2):67.149	
O1):-0.778	O2):37.115	
O1):-0.778	O2):36.084	
O1):-0.855	O2):58.359	
O1):-0.881	O2):68.578	
O1):-0.805	O2):38.873	
O1):-0.786	O2):40.628	
O1):-0.828	O2):43.56	
O1):-0.782	O2):37.989	
O1):-0.822	O2):44.136	
O1):-0.845	O2):49.154	
O1):-0.742	O2):34.929	
O1):-0.837	O2):46.854	
O1):-0.804	O2):38.59	
O1):-0.801	O2):38.785	
O1):-0.803	O2):41.377	
O1):-0.845	O2):49.275	
O1):-0.827	O2):43.966	
O1):-0.881	O2):68.578	
O1):-0.843	O2):48.711	
O1):-0.786	O2):38.363	
O1):-0.853	O2):50.503	
O1):-0.821	O2):42.802	
O1):-0.771	O2):40.72	
Starting PrismExecutor worker 1 on port 11401
O1):-0.828	O2):43.616	
O1):-0.822	O2):43.116	
O1):-0.837	O2):47.312	
Connected worker 1 to port 11401
O1):-0.787	O2):41.2	
O1):-0.778	O2):44.333	
O1):-0.853	O2):50.503	
O1):-0.826	O2):43.207	
O1):-0.863	O2):54.302	
O1):-0.82	O2):42.255	
O1):-0.777	O2):40.027	
O1):-0.881	O2):68.578	
O1):-0.838	O2):44.732	
O1):-0.821	O2):42.802	
O1):-0.861	O2):53.842	
O1):-0.872	O2):64.053	
O1):-0.859	O2):53.351	
O1):-0.871	O2):59.385	
O1):-0.844	O2):47.806	
O1):-0.872	O2):68.234	
O1):-0.749	O2):36.056	
O1):-0.805	O2):42.058	
O1):-0.806	O2):42.636	
O1):-0.826	O2):43.896	
O1):-0.833	O2):43.642	
O1):-0.817	O2):41.714	
O1):-0.862	O2):53.961	
O1):-0.767	O2):36.837	
O1):-0.749	O2):35.46	
O1):-0.827	O2):43.417	
O1):-0.827	O2):43.965	
O1):-0.837	O2):48.554	
O1):-0.836	O2):44.212	
O1):-0.828	O2):43.694	
O1):-0.863	O2):58.577	
O1):-0.755	O2):34.194	
O1):-0.755	O2):34.194	
O1):-0.828	O2):43.747	
O1):-0.778	O2):36.267	
O1):-0.816	O2):41.905	
O1):-0.838	O2):48.981	
O1):-0.836	O2):44.202	
O1):-0.78	O2):38.949	
O1):-0.828	O2):43.286	
O1):-0.741	O2):34.747	
O1):-0.764	O2):39.753	
O1):-0.862	O2):53.961	
O1):-0.774	O2):39.856	
O1):-0.796	O2):44.577	
O1):-0.821	O2):43.824	
O1):-0.801	O2):41.74	
O1):-0.863	O2):54.291	
O1):-0.846	O2):49.292	
O1):-0.733	O2):36.009	
O1):-0.863	O2):58.966	
O1):-0.872	O2):63.904	
O1):-0.835	O2):45.36	
O1):-0.828	O2):44.187	
O1):-0.819	O2):42.312	
O1):-0.817	O2):43.991	
O1):-0.871	O2):59.58	
O1):-0.733	O2):36.009	
O1):-0.77	O2):37.731	
O1):-0.806	O2):42.619	
O1):-0.772	O2):42.265	
O1):-0.852	O2):62.536	
O1):-0.847	O2):48.695	
O1):-0.795	O2):44.56	
O1):-0.796	O2):37.445	
O1):-0.838	O2):47.468	
O1):-0.846	O2):49.599	
O1):-0.733	O2):36.009	
O1):-0.862	O2):53.961	
O1):-0.833	O2):43.642	
O1):-0.821	O2):42.984	
O1):-0.781	O2):37.632	
O1):-0.88	O2):69.482	
O1):-0.827	O2):43.966	
O1):-0.855	O2):57.976	
O1):-0.846	O2):49.448	
O1):-0.825	O2):51.342	
O1):-0.854	O2):53.523	
O1):-0.834	O2):43.864	
O1):-0.868	O2):67.149	
O1):-0.728	O2):32.439	
O1):-0.863	O2):54.268	
O1):-0.78	O2):37.71	
O1):-0.82	O2):43.882	
O1):-0.786	O2):41.076	
O1):-0.854	O2):58.929	
O1):-0.76	O2):36.114	
O1):-0.837	O2):45.821	
O1):-0.829	O2):43.602	
O1):-0.748	O2):33.569	
O1):-0.798	O2):42.338	
Starting PrismExecutor worker 5 on port 11445
Starting PrismExecutor worker 1 on port 11491
O1):-0.816	O2):43.811	
O1):-0.784	O2):37.28	
Connected worker 5 to port 11445
O1):-0.778	O2):36.084	
Connected worker 1 to port 11491
O1):-0.801	O2):38.039	
O1):-0.846	O2):49.564	
O1):-0.862	O2):53.928	
O1):-0.744	O2):33.906	
O1):-0.836	O2):44.202	
O1):-0.77	O2):37.203	
O1):-0.861	O2):53.842	
O1):-0.83	O2):44.047	
O1):-0.766	O2):37.122	
O1):-0.845	O2):49.154	
O1):-0.863	O2):58.995	
O1):-0.864	O2):59.264	
O1):-0.846	O2):49.448	
O1):-0.834	O2):43.924	
O1):-0.853	O2):53.058	
O1):-0.785	O2):37.401	
O1):-0.871	O2):59.385	
O1):-0.828	O2):43.558	
O1):-0.861	O2):53.917	
O1):-0.769	O2):37.817	
O1):-0.827	O2):43.417	
O1):-0.827	O2):43.417	
O1):-0.76	O2):38.774	
O1):-0.846	O2):49.293	
O1):-0.88	O2):69.482	
O1):-0.864	O2):59.265	
O1):-0.845	O2):49.138	
O1):-0.817	O2):42.205	
O1):-0.847	O2):49.617	
O1):-0.767	O2):37.078	
O1):-0.758	O2):35.724	
O1):-0.78	O2):38.949	
O1):-0.785	O2):37.401	
O1):-0.851	O2):52.481	
O1):-0.834	O2):43.924	
O1):-0.821	O2):43.018	
O1):-0.793	O2):43.739	
O1):-0.863	O2):54.277	
O1):-0.732	O2):31.815	
O1):-0.749	O2):35.46	
O1):-0.819	O2):41.787	
O1):-0.821	O2):47.514	
O1):-0.854	O2):50.697	
O1):-0.749	O2):35.46	
O1):-0.843	O2):47.831	
O1):-0.821	O2):43.028	
O1):-0.745	O2):35.196	
O1):-0.759	O2):35.942	
Evaluations:	2200
O1):-0.803	O2):41.588	
O1):-0.742	O2):34.929	
O1):-0.779	O2):36.465	
O1):-0.816	O2):41.905	
O1):-0.746	O2):33.346	
O1):-0.821	O2):43.45	
O1):-0.803	O2):38.598	
O1):-0.816	O2):46.254	
O1):-0.862	O2):53.917	
O1):-0.81	O2):42.027	
O1):-0.796	O2):44.602	
O1):-0.78	O2):40.366	
O1):-0.799	O2):39.188	
O1):-0.8	O2):39.361	
O1):-0.841	O2):48.301	
O1):-0.846	O2):49.293	
O1):-0.86	O2):63.985	
O1):-0.821	O2):42.328	
O1):-0.816	O2):41.953	
O1):-0.778	O2):36.267	
O1):-0.793	O2):38.195	
O1):-0.837	O2):53.358	
O1):-0.761	O2):36.429	
O1):-0.788	O2):38.107	
O1):-0.83	O2):43.825	
O1):-0.816	O2):41.953	
O1):-0.76	O2):36.114	
O1):-0.78	O2):37.71	
O1):-0.846	O2):49.292	
O1):-0.871	O2):63.552	
O1):-0.862	O2):53.928	
O1):-0.77	O2):37.731	
O1):-0.831	O2):44.797	
O1):-0.809	O2):43.367	
O1):-0.851	O2):52.823	
O1):-0.828	O2):51.65	
O1):-0.795	O2):44.293	
O1):-0.846	O2):48.386	
O1):-0.767	O2):37.078	
O1):-0.861	O2):53.917	
O1):-0.781	O2):37.632	
O1):-0.826	O2):43.141	
O1):-0.781	O2):38.947	
O1):-0.843	O2):48.738	
O1):-0.88	O2):64.724	
O1):-0.741	O2):34.746	
O1):-0.835	O2):45.484	
O1):-0.853	O2):58.919	
O1):-0.779	O2):36.342	
O1):-0.846	O2):49.293	
O1):-0.802	O2):42.524	
O1):-0.847	O2):49.616	
O1):-0.861	O2):53.843	
O1):-0.829	O2):43.602	
O1):-0.871	O2):63.552	
O1):-0.841	O2):48.301	
O1):-0.786	O2):38.363	
O1):-0.733	O2):36.009	
O1):-0.825	O2):42.873	
O1):-0.843	O2):48.693	
O1):-0.767	O2):37.078	
O1):-0.88	O2):69.482	
O1):-0.806	O2):40.0	
O1):-0.853	O2):54.53	
O1):-0.819	O2):43.587	
O1):-0.743	O2):33.604	
O1):-0.786	O2):39.186	
O1):-0.805	O2):42.456	
O1):-0.809	O2):42.866	
O1):-0.853	O2):53.181	
O1):-0.821	O2):42.697	
O1):-0.862	O2):53.988	
O1):-0.75	O2):35.585	
O1):-0.781	O2):38.957	
O1):-0.819	O2):43.587	
O1):-0.774	O2):38.42	
O1):-0.788	O2):38.724	
O1):-0.836	O2):48.442	
O1):-0.793	O2):41.227	
O1):-0.764	O2):39.753	
O1):-0.777	O2):37.022	
O1):-0.846	O2):48.381	
O1):-0.849	O2):49.737	
O1):-0.795	O2):38.407	
O1):-0.871	O2):59.385	
O1):-0.878	O2):64.227	
O1):-0.749	O2):35.46	
O1):-0.78	O2):38.9	
O1):-0.778	O2):36.267	
O1):-0.807	O2):42.958	
O1):-0.824	O2):44.555	
O1):-0.841	O2):48.301	
O1):-0.838	O2):49.002	
O1):-0.718	O2):32.141	
O1):-0.836	O2):48.395	
O1):-0.76	O2):36.114	
O1):-0.827	O2):43.966	
O1):-0.862	O2):53.961	
O1):-0.864	O2):59.264	
O1):-0.826	O2):43.012	
O1):-0.758	O2):35.724	
O1):-0.846	O2):49.292	
O1):-0.812	O2):39.986	
O1):-0.834	O2):43.864	
Evaluations:	2200
O1):-0.785	O2):40.952	
O1):-0.728	O2):31.317	
O1):-0.733	O2):36.009	
O1):-0.777	O2):40.587	
O1):-0.83	O2):43.829	
O1):-0.842	O2):48.605	
O1):-0.76	O2):36.114	
O1):-0.871	O2):59.385	
O1):-0.846	O2):49.464	
O1):-0.757	O2):36.403	
O1):-0.872	O2):63.905	
O1):-0.78	O2):37.71	
O1):-0.807	O2):42.958	
O1):-0.799	O2):42.472	
O1):-0.723	O2):33.103	
O1):-0.862	O2):53.986	
O1):-0.718	O2):32.141	
O1):-0.845	O2):48.392	
O1):-0.854	O2):58.929	
O1):-0.829	O2):43.602	
O1):-0.862	O2):53.961	
O1):-0.828	O2):44.186	
O1):-0.818	O2):42.437	
O1):-0.872	O2):63.692	
O1):-0.771	O2):36.783	
O1):-0.822	O2):42.624	
O1):-0.779	O2):36.427	
O1):-0.841	O2):48.434	
O1):-0.821	O2):42.802	
O1):-0.806	O2):42.619	
O1):-0.871	O2):59.58	
O1):-0.812	O2):40.455	
Starting PrismExecutor worker 3 on port 11473
O1):-0.882	O2):78.572	
Starting PrismExecutor worker 3 on port 11453
O1):-0.793	O2):38.129	
Evaluations:	2200
O1):-0.838	O2):47.468	
Connected worker 3 to port 11473
O1):-0.74	O2):32.79	
Connected worker 3 to port 11453
O1):-0.819	O2):43.587	
O1):-0.791	O2):40.958	
O1):-0.802	O2):39.116	
O1):-0.741	O2):34.746	
O1):-0.837	O2):46.854	
O1):-0.801	O2):38.78	
O1):-0.841	O2):47.252	
O1):-0.869	O2):58.738	
O1):-0.835	O2):44.059	
O1):-0.881	O2):68.578	
O1):-0.848	O2):53.617	
O1):-0.782	O2):37.99	
O1):-0.838	O2):44.732	
O1):-0.797	O2):42.102	
Evaluations:	2000
O1):-0.849	O2):49.737	
O1):-0.79	O2):38.091	
O1):-0.758	O2):35.888	
O1):-0.834	O2):43.924	
O1):-0.79	O2):38.091	
O1):-0.834	O2):46.299	
O1):-0.785	O2):37.401	
O1):-0.828	O2):43.747	
O1):-0.777	O2):37.022	
O1):-0.781	O2):38.679	
O1):-0.838	O2):44.732	
O1):-0.785	O2):38.025	
O1):-0.821	O2):42.57	
O1):-0.847	O2):49.616	
O1):-0.749	O2):35.46	
O1):-0.778	O2):36.084	
O1):-0.854	O2):59.199	
O1):-0.862	O2):53.961	
O1):-0.862	O2):53.961	
O1):-0.809	O2):43.367	
O1):-0.78	O2):36.393	
O1):-0.787	O2):37.562	
O1):-0.718	O2):32.141	
O1):-0.87	O2):59.27	
O1):-0.88	O2):69.482	
O1):-0.854	O2):53.523	
O1):-0.845	O2):49.143	
O1):-0.792	O2):41.216	
O1):-0.847	O2):49.616	
O1):-0.859	O2):53.28	
O1):-0.854	O2):49.42	
O1):-0.816	O2):41.905	
O1):-0.836	O2):48.707	
O1):-0.788	O2):38.107	
O1):-0.831	O2):44.119	
O1):-0.778	O2):36.267	
O1):-0.778	O2):36.205	
O1):-0.846	O2):49.593	
O1):-0.88	O2):64.724	
O1):-0.733	O2):36.009	
O1):-0.804	O2):38.673	
O1):-0.758	O2):35.724	
O1):-0.837	O2):46.854	
O1):-0.847	O2):54.442	
O1):-0.837	O2):46.755	
O1):-0.871	O2):59.591	
O1):-0.818	O2):42.926	
O1):-0.818	O2):42.926	
O1):-0.793	O2):38.129	
O1):-0.786	O2):40.628	
O1):-0.837	O2):47.312	
O1):-0.862	O2):53.928	
O1):-0.846	O2):49.615	
O1):-0.858	O2):53.206	
O1):-0.78	O2):37.691	
O1):-0.827	O2):47.119	
O1):-0.796	O2):37.445	
O1):-0.88	O2):64.724	
O1):-0.83	O2):43.929	
O1):-0.784	O2):37.28	
O1):-0.8	O2):44.873	
O1):-0.838	O2):44.592	
O1):-0.845	O2):48.398	
O1):-0.739	O2):36.001	
O1):-0.847	O2):49.602	
O1):-0.845	O2):48.254	
O1):-0.822	O2):43.463	
O1):-0.829	O2):43.602	
O1):-0.77	O2):37.731	
O1):-0.812	O2):42.422	
O1):-0.778	O2):40.115	
O1):-0.871	O2):59.58	
O1):-0.793	O2):41.226	
O1):-0.772	O2):40.73	
O1):-0.77	O2):37.731	
O1):-0.824	O2):44.555	
O1):-0.868	O2):58.597	
O1):-0.82	O2):43.691	
O1):-0.842	O2):48.605	
O1):-0.758	O2):35.724	
O1):-0.846	O2):49.456	
O1):-0.801	O2):38.78	
O1):-0.862	O2):64.072	
O1):-0.76	O2):36.114	
O1):-0.863	O2):54.291	
O1):-0.834	O2):43.924	
O1):-0.829	O2):44.052	
O1):-0.748	O2):33.569	
O1):-0.802	O2):39.116	
O1):-0.873	O2):74.01	
O1):-0.806	O2):40.0	
O1):-0.761	O2):36.1	
O1):-0.834	O2):43.924	
O1):-0.862	O2):53.988	
O1):-0.826	O2):43.207	
O1):-0.871	O2):59.385	
O1):-0.802	O2):45.858	
O1):-0.786	O2):38.905	
O1):-0.825	O2):44.639	
O1):-0.796	O2):44.575	
O1):-0.778	O2):36.267	
O1):-0.862	O2):53.988	
O1):-0.878	O2):64.227	
O1):-0.759	O2):35.57	
O1):-0.879	O2):67.715	
O1):-0.812	O2):42.422	
O1):-0.718	O2):32.141	
O1):-0.785	O2):38.101	
O1):-0.878	O2):64.227	
O1):-0.847	O2):54.299	
O1):-0.782	O2):36.659	
O1):-0.862	O2):53.988	
O1):-0.853	O2):49.046	
O1):-0.779	O2):36.464	
O1):-0.795	O2):44.298	
O1):-0.796	O2):44.575	
O1):-0.864	O2):59.264	
O1):-0.816	O2):42.673	
O1):-0.862	O2):53.991	
O1):-0.846	O2):49.448	
O1):-0.828	O2):45.049	
O1):-0.76	O2):38.427	
O1):-0.795	O2):38.407	
O1):-0.786	O2):40.628	
O1):-0.828	O2):43.623	
O1):-0.75	O2):36.6	
O1):-0.83	O2):43.929	
O1):-0.805	O2):42.061	
O1):-0.837	O2):48.529	
O1):-0.785	O2):38.1	
O1):-0.758	O2):37.573	
O1):-0.819	O2):41.787	
O1):-0.845	O2):49.3	
O1):-0.871	O2):67.923	
O1):-0.827	O2):45.305	
O1):-0.777	O2):36.923	
O1):-0.837	O2):46.854	
O1):-0.836	O2):45.412	
O1):-0.786	O2):39.186	
O1):-0.821	O2):47.678	
O1):-0.787	O2):40.82	
O1):-0.763	O2):39.543	
O1):-0.828	O2):44.187	
O1):-0.761	O2):36.1	
O1):-0.863	O2):58.966	
O1):-0.805	O2):54.294	
O1):-0.796	O2):41.986	
O1):-0.871	O2):63.556	
O1):-0.776	O2):39.621	
O1):-0.741	O2):34.817	
O1):-0.781	O2):37.632	
O1):-0.88	O2):64.724	
O1):-0.776	O2):36.612	
O1):-0.83	O2):43.82	
O1):-0.816	O2):41.905	
O1):-0.794	O2):41.477	
O1):-0.803	O2):41.407	
O1):-0.861	O2):61.635	
O1):-0.823	O2):44.223	
O1):-0.86	O2):53.774	
O1):-0.841	O2):48.301	
O1):-0.733	O2):36.009	
O1):-0.82	O2):43.803	
O1):-0.872	O2):63.903	
O1):-0.828	O2):45.419	
O1):-0.871	O2):59.385	
O1):-0.863	O2):58.994	
O1):-0.837	O2):44.427	
Starting PrismExecutor worker 2 on port 11412
O1):-0.75	O2):35.585	
O1):-0.836	O2):45.545	
O1):-0.868	O2):67.149	
Connected worker 2 to port 11412
O1):-0.837	O2):48.528	
O1):-0.779	O2):36.342	
O1):-0.826	O2):43.141	
O1):-0.755	O2):36.155	
O1):-0.781	O2):38.94	
O1):-0.784	O2):37.28	
O1):-0.759	O2):37.942	
O1):-0.821	O2):42.328	
O1):-0.854	O2):53.523	
O1):-0.861	O2):54.056	
O1):-0.786	O2):40.628	
O1):-0.843	O2):48.694	
O1):-0.777	O2):37.022	
O1):-0.81	O2):39.687	
O1):-0.862	O2):53.928	
O1):-0.859	O2):53.376	
O1):-0.862	O2):64.483	
O1):-0.853	O2):53.058	
O1):-0.795	O2):38.406	
O1):-0.777	O2):40.587	
O1):-0.878	O2):64.227	
O1):-0.793	O2):41.229	
O1):-0.777	O2):36.923	
O1):-0.862	O2):53.962	
O1):-0.872	O2):64.054	
O1):-0.846	O2):49.464	
O1):-0.826	O2):43.51	
O1):-0.841	O2):48.432	
O1):-0.853	O2):54.75	
O1):-0.846	O2):49.292	
O1):-0.871	O2):59.387	
O1):-0.741	O2):34.747	
O1):-0.805	O2):42.511	
O1):-0.804	O2):40.385	
O1):-0.854	O2):53.433	
O1):-0.837	O2):46.754	
O1):-0.819	O2):42.758	
O1):-0.787	O2):38.435	
O1):-0.844	O2):49.018	
O1):-0.871	O2):67.923	
O1):-0.811	O2):40.197	
O1):-0.75	O2):35.585	
O1):-0.843	O2):48.299	
O1):-0.749	O2):35.46	
O1):-0.83	O2):47.601	
O1):-0.862	O2):53.913	
O1):-0.82	O2):44.895	
O1):-0.834	O2):43.924	
O1):-0.782	O2):36.659	
O1):-0.802	O2):39.116	
O1):-0.862	O2):59.919	
O1):-0.872	O2):68.234	
O1):-0.794	O2):38.28	
O1):-0.872	O2):63.692	
O1):-0.772	O2):37.73	
O1):-0.778	O2):36.267	
O1):-0.75	O2):35.585	
O1):-0.826	O2):43.141	
O1):-0.802	O2):39.116	
O1):-0.718	O2):32.141	
O1):-0.872	O2):68.234	
O1):-0.75	O2):35.582	
O1):-0.785	O2):37.401	
O1):-0.831	O2):43.389	
O1):-0.809	O2):42.73	
O1):-0.846	O2):48.387	
O1):-0.845	O2):48.254	
O1):-0.787	O2):43.655	
O1):-0.803	O2):39.196	
O1):-0.864	O2):59.27	
O1):-0.833	O2):48.294	
O1):-0.804	O2):38.673	
O1):-0.815	O2):43.61	
O1):-0.817	O2):43.887	
O1):-0.766	O2):37.122	
O1):-0.82	O2):43.803	
O1):-0.853	O2):48.898	
O1):-0.828	O2):43.691	
O1):-0.85	O2):62.455	
O1):-0.796	O2):37.445	
O1):-0.817	O2):43.885	
O1):-0.86	O2):53.536	
O1):-0.817	O2):43.887	
O1):-0.779	O2):36.342	
O1):-0.859	O2):53.343	
O1):-0.733	O2):36.009	
O1):-0.805	O2):41.695	
O1):-0.805	O2):42.455	
O1):-0.87	O2):67.782	
Starting PrismExecutor worker 2 on port 11402
O1):-0.878	O2):64.227	
O1):-0.744	O2):33.906	
Evaluations:	2100
O1):-0.777	O2):40.902	
O1):-0.849	O2):49.737	
O1):-0.809	O2):42.865	
Connected worker 2 to port 11402
O1):-0.792	O2):37.885	
O1):-0.846	O2):49.564	
O1):-0.855	O2):57.976	
O1):-0.828	O2):43.616	
O1):-0.871	O2):67.923	
O1):-0.863	O2):54.283	
O1):-0.87	O2):67.782	
O1):-0.868	O2):67.149	
O1):-0.792	O2):40.972	
O1):-0.813	O2):42.777	
O1):-0.863	O2):54.283	
O1):-0.822	O2):42.458	
O1):-0.767	O2):37.078	
O1):-0.741	O2):33.103	
O1):-0.835	O2):44.25	
O1):-0.872	O2):63.05	
O1):-0.827	O2):43.417	
O1):-0.805	O2):41.783	
O1):-0.871	O2):63.552	
O1):-0.821	O2):43.824	
O1):-0.791	O2):40.958	
O1):-0.778	O2):37.115	
O1):-0.804	O2):41.639	
O1):-0.824	O2):44.451	
O1):-0.785	O2):38.025	
O1):-0.805	O2):42.454	
O1):-0.83	O2):43.82	
O1):-0.749	O2):35.46	
O1):-0.882	O2):78.572	
O1):-0.759	O2):35.57	
O1):-0.872	O2):68.234	
O1):-0.847	O2):49.616	
O1):-0.769	O2):37.496	
O1):-0.862	O2):53.928	
O1):-0.828	O2):45.049	
O1):-0.749	O2):35.47	
O1):-0.833	O2):51.807	
O1):-0.859	O2):53.348	
O1):-0.845	O2):49.156	
O1):-0.833	O2):51.807	
O1):-0.828	O2):43.88	
O1):-0.863	O2):58.995	
O1):-0.824	O2):44.555	
O1):-0.821	O2):42.901	
O1):-0.86	O2):59.138	
O1):-0.868	O2):58.661	
O1):-0.78	O2):40.366	
O1):-0.766	O2):37.122	
O1):-0.817	O2):41.714	
O1):-0.859	O2):53.248	
O1):-0.82	O2):42.711	
O1):-0.862	O2):53.988	
O1):-0.854	O2):53.433	
O1):-0.836	O2):44.212	
O1):-0.802	O2):39.116	
O1):-0.767	O2):37.078	
O1):-0.837	O2):44.427	
O1):-0.78	O2):36.4	
O1):-0.778	O2):37.182	
O1):-0.854	O2):53.433	
O1):-0.776	O2):36.612	
O1):-0.793	O2):41.225	
O1):-0.795	O2):38.407	
O1):-0.846	O2):49.448	
O1):-0.807	O2):42.958	
O1):-0.871	O2):59.385	
O1):-0.879	O2):67.715	
O1):-0.804	O2):38.59	
O1):-0.804	O2):38.59	
O1):-0.844	O2):48.834	
O1):-0.816	O2):42.673	
O1):-0.834	O2):43.924	
O1):-0.862	O2):53.961	
O1):-0.836	O2):44.212	
O1):-0.78	O2):45.23	
O1):-0.782	O2):36.659	
O1):-0.814	O2):43.545	
O1):-0.845	O2):49.281	
O1):-0.778	O2):37.115	
O1):-0.785	O2):38.025	
O1):-0.828	O2):43.747	
O1):-0.746	O2):35.722	
O1):-0.791	O2):40.668	
O1):-0.828	O2):43.558	
O1):-0.779	O2):36.371	
O1):-0.869	O2):58.737	
O1):-0.82	O2):43.803	
O1):-0.733	O2):36.009	
Evaluations:	2400
O1):-0.835	O2):45.36	
Starting PrismExecutor worker 2 on port 11432
O1):-0.759	O2):37.833	
Connected worker 2 to port 11432
O1):-0.861	O2):53.917	
O1):-0.822	O2):43.068	
O1):-0.86	O2):53.536	
O1):-0.821	O2):42.792	
O1):-0.811	O2):42.288	
O1):-0.804	O2):40.554	
O1):-0.745	O2):35.196	
O1):-0.871	O2):59.591	
O1):-0.761	O2):36.1	
O1):-0.834	O2):43.864	
O1):-0.846	O2):49.292	
O1):-0.853	O2):53.199	
O1):-0.868	O2):67.149	
O1):-0.76	O2):36.114	
O1):-0.843	O2):48.682	
O1):-0.807	O2):42.958	
O1):-0.868	O2):67.149	
O1):-0.868	O2):58.661	
O1):-0.88	O2):68.217	
O1):-0.862	O2):54.073	
O1):-0.836	O2):44.201	
O1):-0.785	O2):38.025	
O1):-0.828	O2):45.419	
O1):-0.785	O2):40.867	
O1):-0.785	O2):36.758	
O1):-0.802	O2):42.641	
O1):-0.862	O2):53.961	
O1):-0.78	O2):37.71	
O1):-0.821	O2):43.45	
O1):-0.828	O2):44.187	
O1):-0.817	O2):47.345	
O1):-0.749	O2):35.46	
O1):-0.733	O2):36.009	
O1):-0.836	O2):44.205	
O1):-0.816	O2):41.953	
O1):-0.837	O2):46.854	
Evaluations:	2300
O1):-0.834	O2):44.839	
O1):-0.845	O2):49.143	
O1):-0.759	O2):35.942	
O1):-0.837	O2):48.528	
O1):-0.836	O2):47.911	
O1):-0.828	O2):43.616	
O1):-0.771	O2):36.783	
O1):-0.828	O2):43.616	
O1):-0.854	O2):63.155	
O1):-0.773	O2):37.07	
O1):-0.732	O2):31.619	
O1):-0.88	O2):69.482	
O1):-0.758	O2):35.888	
O1):-0.828	O2):43.616	
O1):-0.829	O2):43.786	
O1):-0.841	O2):48.301	
O1):-0.76	O2):36.126	
O1):-0.805	O2):38.889	
O1):-0.766	O2):37.306	
O1):-0.859	O2):53.396	
O1):-0.788	O2):38.724	
O1):-0.859	O2):53.396	
O1):-0.764	O2):39.741	
O1):-0.834	O2):43.859	
O1):-0.794	O2):43.755	
O1):-0.822	O2):47.039	
O1):-0.846	O2):49.292	
O1):-0.75	O2):35.585	
O1):-0.861	O2):53.917	
O1):-0.804	O2):41.653	
O1):-0.785	O2):37.407	
O1):-0.827	O2):45.305	
O1):-0.743	O2):33.604	
O1):-0.806	O2):40.004	
O1):-0.778	O2):37.479	
O1):-0.837	O2):46.854	
O1):-0.816	O2):41.953	
O1):-0.821	O2):42.984	
O1):-0.804	O2):38.664	
O1):-0.837	O2):46.854	
O1):-0.862	O2):53.928	
O1):-0.809	O2):43.367	
O1):-0.746	O2):33.346	
O1):-0.733	O2):36.009	
O1):-0.782	O2):36.659	
O1):-0.853	O2):53.058	
O1):-0.779	O2):36.342	
O1):-0.831	O2):44.119	
O1):-0.793	O2):41.166	
O1):-0.788	O2):38.724	
O1):-0.811	O2):41.945	
O1):-0.827	O2):43.417	
O1):-0.746	O2):33.344	
O1):-0.864	O2):59.27	
O1):-0.817	O2):41.948	
O1):-0.861	O2):53.917	
O1):-0.843	O2):48.893	
Starting PrismExecutor worker 5 on port 11425
O1):-0.827	O2):43.417	
O1):-0.862	O2):53.961	
Connected worker 5 to port 11425
O1):-0.802	O2):39.116	
Evaluations:	2300
O1):-0.819	O2):41.787	
O1):-0.863	O2):54.232	
O1):-0.86	O2):53.536	
O1):-0.785	O2):37.401	
O1):-0.834	O2):43.878	
O1):-0.792	O2):40.972	
O1):-0.828	O2):44.187	
O1):-0.728	O2):32.439	
O1):-0.744	O2):33.906	
O1):-0.83	O2):43.818	
O1):-0.862	O2):53.928	
O1):-0.844	O2):49.071	
O1):-0.806	O2):40.0	
O1):-0.853	O2):48.899	
O1):-0.817	O2):42.015	
O1):-0.853	O2):50.334	
O1):-0.845	O2):49.154	
O1):-0.764	O2):39.741	
O1):-0.855	O2):57.979	
O1):-0.806	O2):42.174	
O1):-0.829	O2):48.589	
O1):-0.795	O2):41.541	
O1):-0.785	O2):37.401	
O1):-0.862	O2):53.928	
O1):-0.853	O2):54.647	
O1):-0.862	O2):53.928	
O1):-0.835	O2):44.25	
O1):-0.88	O2):69.482	
O1):-0.845	O2):52.306	
O1):-0.817	O2):43.887	
O1):-0.803	O2):42.033	
O1):-0.827	O2):43.417	
O1):-0.873	O2):74.152	
O1):-0.791	O2):40.668	
O1):-0.843	O2):48.693	
O1):-0.826	O2):43.504	
O1):-0.803	O2):38.582	
O1):-0.87	O2):67.782	
O1):-0.864	O2):59.27	
O1):-0.775	O2):40.079	
O1):-0.863	O2):59.118	
O1):-0.863	O2):54.286	
O1):-0.812	O2):42.422	
O1):-0.812	O2):59.459	
O1):-0.796	O2):37.445	
O1):-0.803	O2):41.412	
O1):-0.838	O2):47.468	
O1):-0.828	O2):43.623	
O1):-0.788	O2):38.107	
O1):-0.827	O2):43.187	
O1):-0.8	O2):39.528	
O1):-0.841	O2):48.301	
O1):-0.829	O2):45.109	
O1):-0.844	O2):49.269	
O1):-0.844	O2):48.834	
O1):-0.828	O2):43.616	
O1):-0.803	O2):42.033	
O1):-0.879	O2):67.715	
O1):-0.766	O2):37.306	
O1):-0.878	O2):64.227	
O1):-0.879	O2):67.715	
O1):-0.803	O2):42.033	
O1):-0.829	O2):43.685	
O1):-0.843	O2):48.693	
O1):-0.788	O2):38.09	
O1):-0.777	O2):40.027	
O1):-0.753	O2):34.478	
O1):-0.786	O2):40.944	
O1):-0.845	O2):49.143	
O1):-0.806	O2):42.616	
O1):-0.791	O2):38.413	
O1):-0.74	O2):32.79	
O1):-0.785	O2):38.025	
O1):-0.871	O2):63.552	
O1):-0.837	O2):45.821	
O1):-0.88	O2):68.217	
O1):-0.846	O2):49.292	
O1):-0.844	O2):49.018	
O1):-0.843	O2):47.827	
O1):-0.767	O2):37.078	
O1):-0.773	O2):38.283	
O1):-0.837	O2):46.854	
O1):-0.83	O2):43.825	
O1):-0.862	O2):53.961	
O1):-0.762	O2):36.632	
O1):-0.816	O2):41.953	
O1):-0.828	O2):43.616	
O1):-0.844	O2):49.047	
O1):-0.845	O2):48.391	
O1):-0.746	O2):33.344	
O1):-0.837	O2):46.854	
O1):-0.804	O2):38.673	
Starting PrismExecutor worker 0 on port 11450
O1):-0.748	O2):33.569	
Connected worker 0 to port 11450
O1):-0.761	O2):36.1	
O1):-0.828	O2):43.558	
O1):-0.838	O2):44.732	
O1):-0.794	O2):40.555	
O1):-0.788	O2):38.724	
O1):-0.784	O2):37.293	
O1):-0.803	O2):43.953	
O1):-0.781	O2):37.632	
O1):-0.853	O2):48.898	
O1):-0.864	O2):59.264	
O1):-0.787	O2):38.433	
O1):-0.787	O2):38.394	
O1):-0.862	O2):54.103	
O1):-0.803	O2):39.196	
O1):-0.822	O2):43.116	
O1):-0.782	O2):37.989	
O1):-0.806	O2):42.636	
O1):-0.817	O2):41.714	
O1):-0.782	O2):36.666	
O1):-0.83	O2):43.82	
O1):-0.825	O2):44.903	
O1):-0.841	O2):48.301	
O1):-0.768	O2):37.478	
O1):-0.828	O2):44.969	
O1):-0.833	O2):47.254	
O1):-0.794	O2):38.28	
O1):-0.785	O2):38.1	
O1):-0.827	O2):43.965	
O1):-0.862	O2):53.961	
O1):-0.85	O2):48.333	
O1):-0.862	O2):53.968	
O1):-0.845	O2):49.154	
O1):-0.782	O2):37.99	
O1):-0.828	O2):43.24	
O1):-0.863	O2):54.411	
O1):-0.771	O2):36.783	
O1):-0.845	O2):48.499	
O1):-0.844	O2):48.836	
O1):-0.733	O2):36.009	
O1):-0.833	O2):44.735	
O1):-0.79	O2):38.091	
O1):-0.821	O2):42.57	
O1):-0.838	O2):48.576	
O1):-0.803	O2):41.407	
O1):-0.816	O2):41.953	
O1):-0.771	O2):36.346	
O1):-0.817	O2):41.714	
O1):-0.761	O2):36.439	
O1):-0.863	O2):54.283	
O1):-0.816	O2):41.905	
O1):-0.826	O2):43.896	
O1):-0.86	O2):53.536	
O1):-0.848	O2):53.479	
O1):-0.868	O2):58.661	
O1):-0.757	O2):36.403	
O1):-0.872	O2):63.903	
O1):-0.871	O2):68.15	
O1):-0.814	O2):43.546	
O1):-0.811	O2):49.809	
O1):-0.776	O2):36.61	
O1):-0.855	O2):63.46	
O1):-0.86	O2):59.139	
O1):-0.733	O2):36.009	
O1):-0.78	O2):36.479	
O1):-0.871	O2):63.546	
O1):-0.795	O2):38.406	
O1):-0.803	O2):42.911	
O1):-0.852	O2):62.536	
O1):-0.768	O2):37.478	
O1):-0.861	O2):62.966	
O1):-0.743	O2):33.619	
O1):-0.826	O2):43.141	
O1):-0.76	O2):36.126	
O1):-0.87	O2):59.225	
O1):-0.777	O2):36.923	
O1):-0.818	O2):43.399	
O1):-0.813	O2):42.777	
O1):-0.863	O2):58.966	
O1):-0.773	O2):38.412	
O1):-0.862	O2):54.128	
O1):-0.828	O2):43.563	
O1):-0.809	O2):42.864	
O1):-0.735	O2):31.982	
O1):-0.784	O2):40.521	
O1):-0.827	O2):43.417	
O1):-0.78	O2):40.371	
O1):-0.834	O2):43.924	
O1):-0.782	O2):37.989	
O1):-0.819	O2):42.758	
O1):-0.819	O2):41.787	
O1):-0.765	O2):40.163	
O1):-0.804	O2):38.59	
O1):-0.788	O2):38.107	
O1):-0.871	O2):59.385	
O1):-0.781	O2):37.632	
O1):-0.759	O2):38.385	
O1):-0.781	O2):37.701	
O1):-0.767	O2):37.461	
O1):-0.826	O2):43.509	
O1):-0.834	O2):43.864	
O1):-0.842	O2):47.671	
O1):-0.771	O2):36.346	
O1):-0.766	O2):37.122	
Starting PrismExecutor worker 2 on port 11472
O1):-0.868	O2):67.149	
O1):-0.82	O2):42.711	
Connected worker 2 to port 11472
O1):-0.854	O2):53.523	
O1):-0.836	O2):44.202	
O1):-0.879	O2):68.976	
O1):-0.806	O2):42.321	
O1):-0.823	O2):44.478	
O1):-0.85	O2):50.063	
O1):-0.793	O2):38.129	
O1):-0.86	O2):53.774	
O1):-0.818	O2):43.371	
O1):-0.851	O2):52.5	
O1):-0.749	O2):35.46	
Evaluations:	1900
O1):-0.77	O2):37.731	
O1):-0.853	O2):53.058	
O1):-0.791	O2):40.955	
O1):-0.83	O2):43.82	
O1):-0.843	O2):48.694	
O1):-0.801	O2):38.039	
O1):-0.847	O2):49.616	
O1):-0.814	O2):43.545	
O1):-0.781	O2):38.941	
O1):-0.788	O2):38.107	
O1):-0.81	O2):42.024	
O1):-0.778	O2):37.479	
O1):-0.863	O2):54.302	
O1):-0.854	O2):53.502	
O1):-0.778	O2):37.155	
O1):-0.785	O2):37.401	
O1):-0.825	O2):42.854	
O1):-0.85	O2):50.063	
O1):-0.809	O2):42.865	
O1):-0.864	O2):59.27	
O1):-0.844	O2):49.018	
O1):-0.801	O2):38.78	
O1):-0.816	O2):41.905	
O1):-0.871	O2):59.385	
O1):-0.825	O2):42.873	
O1):-0.817	O2):41.714	
O1):-0.764	O2):37.113	
O1):-0.838	O2):48.99	
O1):-0.755	O2):34.191	
O1):-0.746	O2):35.722	
O1):-0.757	O2):35.642	
O1):-0.757	O2):36.989	
O1):-0.845	O2):49.154	
O1):-0.845	O2):49.154	
O1):-0.849	O2):49.737	
O1):-0.742	O2):36.264	
O1):-0.819	O2):42.858	
O1):-0.844	O2):49.019	
O1):-0.831	O2):44.119	
O1):-0.846	O2):49.411	
O1):-0.845	O2):49.265	
O1):-0.806	O2):42.636	
O1):-0.841	O2):65.104	
O1):-0.776	O2):35.679	
O1):-0.759	O2):37.643	
O1):-0.828	O2):44.187	
O1):-0.863	O2):54.266	
O1):-0.781	O2):38.947	
O1):-0.853	O2):63.074	
O1):-0.83	O2):43.818	
O1):-0.848	O2):53.617	
O1):-0.777	O2):40.027	
O1):-0.828	O2):43.691	
O1):-0.828	O2):44.186	
O1):-0.846	O2):49.448	
O1):-0.78	O2):37.71	
O1):-0.819	O2):41.787	
O1):-0.777	O2):36.923	
O1):-0.773	O2):41.852	
O1):-0.819	O2):43.2	
O1):-0.784	O2):41.541	
O1):-0.78	O2):36.4	
O1):-0.741	O2):34.747	
Evaluations:	2100
O1):-0.816	O2):41.896	
O1):-0.821	O2):42.328	
O1):-0.826	O2):43.141	
O1):-0.798	O2):37.964	
O1):-0.846	O2):49.293	
O1):-0.779	O2):36.502	
O1):-0.786	O2):40.63	
O1):-0.841	O2):48.301	
O1):-0.863	O2):54.302	
O1):-0.822	O2):43.088	
O1):-0.771	O2):36.346	
O1):-0.806	O2):40.0	
Starting PrismExecutor worker 3 on port 11493
O1):-0.847	O2):49.585	
O1):-0.778	O2):37.479	
Connected worker 3 to port 11493
O1):-0.806	O2):40.0	
O1):-0.822	O2):43.088	
O1):-0.825	O2):44.639	
O1):-0.749	O2):35.46	
O1):-0.764	O2):39.741	
O1):-0.749	O2):35.46	
O1):-0.779	O2):36.342	
O1):-0.855	O2):57.976	
O1):-0.871	O2):67.923	
O1):-0.718	O2):32.141	
O1):-0.78	O2):37.71	
O1):-0.763	O2):36.459	
O1):-0.821	O2):43.159	
O1):-0.855	O2):57.98	
O1):-0.766	O2):37.122	
O1):-0.784	O2):37.286	
O1):-0.795	O2):43.935	
O1):-0.854	O2):53.502	
O1):-0.88	O2):69.482	
O1):-0.854	O2):53.502	
O1):-0.77	O2):41.775	
O1):-0.777	O2):36.096	
O1):-0.854	O2):53.523	
O1):-0.728	O2):32.435	
O1):-0.871	O2):59.507	
O1):-0.766	O2):37.306	
O1):-0.853	O2):50.503	
O1):-0.786	O2):40.628	
O1):-0.846	O2):49.448	
O1):-0.793	O2):38.129	
O1):-0.821	O2):42.57	
O1):-0.74	O2):32.79	
O1):-0.799	O2):38.271	
O1):-0.795	O2):38.407	
O1):-0.837	O2):47.312	
O1):-0.806	O2):42.174	
O1):-0.806	O2):40.0	
O1):-0.868	O2):67.149	
O1):-0.828	O2):44.186	
O1):-0.768	O2):37.443	
O1):-0.83	O2):43.82	
O1):-0.8	O2):37.769	
O1):-0.844	O2):50.293	
Evaluations:	2300
O1):-0.816	O2):41.905	
O1):-0.835	O2):45.432	
O1):-0.831	O2):43.389	
O1):-0.728	O2):31.317	
O1):-0.805	O2):38.889	
O1):-0.816	O2):41.953	
O1):-0.77	O2):37.735	
O1):-0.83	O2):43.82	
O1):-0.854	O2):50.697	
O1):-0.733	O2):36.009	
O1):-0.804	O2):41.959	
O1):-0.804	O2):38.59	
O1):-0.878	O2):64.227	
O1):-0.854	O2):53.523	
O1):-0.802	O2):38.142	
O1):-0.8	O2):37.769	
O1):-0.83	O2):48.599	
O1):-0.8	O2):39.527	
O1):-0.862	O2):53.928	
O1):-0.811	O2):41.945	
O1):-0.795	O2):43.773	
O1):-0.802	O2):38.143	
O1):-0.798	O2):41.052	
O1):-0.749	O2):35.883	
O1):-0.849	O2):49.737	
O1):-0.794	O2):42.717	
O1):-0.881	O2):68.578	
O1):-0.821	O2):42.984	
O1):-0.821	O2):43.824	
O1):-0.863	O2):54.291	
O1):-0.796	O2):37.445	
O1):-0.78	O2):38.949	
O1):-0.853	O2):63.169	
O1):-0.758	O2):35.888	
O1):-0.806	O2):40.001	
O1):-0.868	O2):67.149	
O1):-0.805	O2):39.861	
O1):-0.86	O2):53.774	
O1):-0.816	O2):41.953	
O1):-0.816	O2):41.953	
O1):-0.872	O2):63.05	
O1):-0.779	O2):36.342	
O1):-0.851	O2):52.823	
O1):-0.78	O2):40.365	
O1):-0.787	O2):38.433	
O1):-0.863	O2):54.232	
O1):-0.794	O2):43.744	
O1):-0.864	O2):59.264	
O1):-0.838	O2):48.842	
O1):-0.872	O2):63.903	
Starting PrismExecutor worker 2 on port 11422
O1):-0.801	O2):48.824	
Evaluations:	2300
O1):-0.776	O2):40.356	
O1):-0.853	O2):48.898	
O1):-0.759	O2):35.57	
O1):-0.872	O2):63.692	
Connected worker 2 to port 11422
O1):-0.846	O2):49.292	
O1):-0.822	O2):43.088	
O1):-0.749	O2):35.46	
O1):-0.855	O1):-0.793	O2):38.129	O2):57.976	

O1):-0.824	O2):44.451	
O1):-0.749	O2):35.46	
O1):-0.809	O2):42.865	
O1):-0.778	O2):36.267	
O1):-0.78	O2):37.71	
O1):-0.845	O2):48.254	
O1):-0.788	O2):38.107	
O1):-0.821	O2):42.57	
O1):-0.764	O2):36.393	
O1):-0.766	O2):37.306	
O1):-0.784	O2):38.761	
O1):-0.829	O2):43.685	
O1):-0.819	O2):42.506	
O1):-0.846	O2):49.411	
O1):-0.805	O2):41.782	
O1):-0.828	O2):45.419	
O1):-0.787	O2):37.562	
O1):-0.871	O2):67.922	
O1):-0.833	O2):43.499	
O1):-0.846	O2):49.464	
O1):-0.828	O2):43.691	
O1):-0.782	O2):37.989	
O1):-0.718	O2):32.141	
O1):-0.834	O2):52.521	
O1):-0.854	O2):53.433	
O1):-0.846	O2):49.292	
O1):-0.838	O2):53.303	
O1):-0.845	O2):56.877	
O1):-0.796	O2):37.436	
O1):-0.87	O2):59.27	
O1):-0.851	O2):52.481	
O1):-0.871	O2):59.594	
O1):-0.761	O2):36.1	
O1):-0.872	O2):63.903	
O1):-0.74	O2):32.79	
O1):-0.773	O2):38.402	
O1):-0.816	O2):41.953	
O1):-0.788	O2):38.107	
O1):-0.767	O2):37.078	
O1):-0.78	O2):42.248	
O1):-0.871	O2):63.552	
O1):-0.852	O2):55.174	
O1):-0.863	O2):54.431	
O1):-0.78	O2):37.691	
O1):-0.868	O2):58.661	
O1):-0.804	O2):43.46	
O1):-0.827	O2):43.417	
O1):-0.842	O2):47.671	
O1):-0.868	O2):67.288	
O1):-0.817	O2):42.205	
O1):-0.779	O2):40.297	
O1):-0.855	O2):57.979	
O1):-0.749	O2):35.46	
O1):-0.827	O2):43.967	
O1):-0.834	O2):43.859	
O1):-0.78	O2):37.71	
O1):-0.786	O2):38.363	
O1):-0.845	O2):48.254	
O1):-0.777	O2):40.902	
O1):-0.811	O2):40.195	
O1):-0.841	O2):47.252	
O1):-0.78	O2):37.71	
O1):-0.816	O2):41.953	
O1):-0.821	O2):42.802	
O1):-0.793	O2):38.193	
O1):-0.863	O2):58.966	
O1):-0.815	O2):43.61	
O1):-0.765	O2):39.854	
O1):-0.854	O2):53.433	
O1):-0.772	O2):37.732	
O1):-0.821	O2):42.328	
O1):-0.805	O2):42.455	
O1):-0.862	O2):53.928	
O1):-0.843	O2):47.827	
O1):-0.756	O2):37.44	
O1):-0.749	O2):35.46	
O1):-0.828	O2):45.419	
O1):-0.836	O2):48.395	
O1):-0.78	O2):38.95	
O1):-0.822	O2):43.088	
O1):-0.846	O2):54.455	
O1):-0.838	O2):48.577	
Starting PrismExecutor worker 0 on port 11420
O1):-0.871	O2):59.591	
Connected worker 0 to port 11420
O1):-0.853	O2):50.334	
O1):-0.812	O2):45.247	
O1):-0.82	O2):46.019	
O1):-0.863	O2):54.428	
O1):-0.778	O2):37.119	
O1):-0.828	O2):45.419	
O1):-0.878	O2):64.227	
O1):-0.846	O2):49.293	
O1):-0.759	O2):38.022	
O1):-0.782	O2):36.666	
O1):-0.838	O2):44.732	
O1):-0.859	O2):53.28	
O1):-0.764	O2):37.711	
O1):-0.788	O2):38.724	
O1):-0.821	O2):43.102	
O1):-0.81	O2):42.024	
O1):-0.816	O2):41.953	
O1):-0.778	O2):40.128	
O1):-0.846	O2):49.411	
O1):-0.743	O2):33.619	
O1):-0.749	O2):35.46	
O1):-0.872	O2):63.692	
O1):-0.816	O2):41.953	
O1):-0.805	O2):41.695	
O1):-0.804	O2):41.918	
O1):-0.784	O2):40.347	
O1):-0.872	O2):63.05	
O1):-0.772	O2):42.265	
O1):-0.78	O2):37.71	
O1):-0.862	O2):53.928	
O1):-0.843	O2):48.693	
Evaluations:	2300
O1):-0.853	O2):53.058	
O1):-0.765	O2):39.074	
O1):-0.82	O2):42.077	
O1):-0.769	O2):37.496	
O1):-0.821	O2):43.903	
O1):-0.881	O2):68.578	
O1):-0.827	O2):43.967	
O1):-0.838	O2):48.577	
O1):-0.795	O2):44.285	
O1):-0.854	O2):53.431	
O1):-0.863	O2):58.966	
O1):-0.849	O2):49.737	
O1):-0.761	O2):36.1	
O1):-0.805	O2):43.402	
O1):-0.816	O2):41.953	
O1):-0.841	O2):48.432	
O1):-0.863	O2):54.283	
O1):-0.77	O2):37.735	
O1):-0.768	O2):37.477	
O1):-0.878	O2):64.227	
O1):-0.804	O2):38.59	
O1):-0.845	O2):49.154	
O1):-0.782	O2):37.989	
O1):-0.791	O2):38.413	
O1):-0.787	O2):38.394	
O1):-0.853	O2):57.989	
O1):-0.791	O2):37.82	
O1):-0.837	O2):48.636	
O1):-0.837	O2):47.312	
O1):-0.861	O2):62.678	
O1):-0.805	O2):43.403	
O1):-0.764	O2):39.741	
O1):-0.749	O2):35.46	
O1):-0.828	O2):43.616	
O1):-0.826	O2):43.121	
O1):-0.787	O2):37.809	
O1):-0.837	O2):48.76	
O1):-0.845	O2):48.116	
O1):-0.814	O2):44.178	
O1):-0.749	O2):35.46	
O1):-0.871	O2):59.385	
O1):-0.844	O2):49.018	
O1):-0.819	O2):42.758	
O1):-0.82	O2):42.49	
O1):-0.821	O2):42.328	
O1):-0.87	O2):67.781	
O1):-0.8	O2):37.769	
O1):-0.846	O2):54.175	
O1):-0.749	O2):35.46	
O1):-0.809	O2):43.367	
O1):-0.854	O2):58.052	
O1):-0.805	O2):42.3	
O1):-0.854	O2):49.251	
O1):-0.862	O2):53.928	
O1):-0.862	O2):53.928	
O1):-0.872	O2):63.903	
Starting PrismExecutor worker 5 on port 11405
O1):-0.879	O2):68.976	
O1):-0.743	O2):33.604	
O1):-0.872	O2):63.903	
Connected worker 5 to port 11405
O1):-0.854	O2):53.523	
O1):-0.862	O2):54.393	
O1):-0.872	O2):63.903	
O1):-0.845	O2):48.64	
O1):-0.821	O2):43.45	
O1):-0.831	O2):44.119	
O1):-0.821	O2):42.328	
O1):-0.801	O2):38.039	
O1):-0.748	O2):33.569	
O1):-0.746	O2):33.346	
O1):-0.87	O2):59.224	
O1):-0.804	O2):41.933	
O1):-0.793	O2):41.095	
O1):-0.804	O2):41.933	
O1):-0.847	O2):49.616	
O1):-0.878	O2):64.227	
O1):-0.781	O2):38.939	
O1):-0.733	O2):36.009	
O1):-0.863	O2):54.283	
O1):-0.862	O2):53.928	
O1):-0.836	O2):45.412	
O1):-0.771	O2):36.346	
O1):-0.788	O2):38.107	
O1):-0.873	O2):74.012	
O1):-0.794	O2):38.28	
O1):-0.813	O2):42.777	
O1):-0.822	O2):44.192	
O1):-0.863	O2):54.232	
O1):-0.749	O2):36.056	
O1):-0.833	O2):48.296	
O1):-0.741	O2):34.875	
O1):-0.837	O2):44.751	
O1):-0.831	O2):44.119	
O1):-0.861	O2):53.917	
O1):-0.728	O2):32.439	
O1):-0.861	O2):54.189	
O1):-0.878	O2):68.829	
O1):-0.833	O2):43.499	
O1):-0.819	O2):42.313	
O1):-0.82	O2):42.841	
O1):-0.847	O2):49.616	
O1):-0.829	O2):43.602	
O1):-0.777	O2):37.022	
O1):-0.822	O2):43.088	
O1):-0.845	O2):49.481	
O1):-0.871	O2):59.58	
O1):-0.815	O2):43.61	
O1):-0.718	O2):32.141	
O1):-0.828	O2):43.691	
O1):-0.851	O2):52.481	
O1):-0.77	O2):37.731	
O1):-0.782	O2):37.989	
O1):-0.861	O2):53.917	
O1):-0.87	O2):59.224	
O1):-0.845	O2):48.116	
O1):-0.871	O2):67.925	
O1):-0.88	O2):69.482	
O1):-0.816	O2):41.953	
O1):-0.862	O2):53.929	
O1):-0.832	O2):43.369	
O1):-0.827	O2):49.586	
O1):-0.771	O2):36.346	
O1):-0.761	O2):36.1	
O1):-0.86	O2):53.774	
O1):-0.745	O2):35.196	
O1):-0.794	O2):38.28	
O1):-0.812	O2):43.008	
O1):-0.846	O2):49.448	
O1):-0.831	O2):44.119	
O1):-0.838	O2):47.301	
O1):-0.831	O2):43.389	
O1):-0.828	O2):43.616	
O1):-0.782	O2):36.659	
O1):-0.822	O2):47.115	
O1):-0.812	O2):44.457	
O1):-0.862	O2):54.123	
O1):-0.749	O2):35.46	
O1):-0.787	O2):40.82	
Evaluations:	2100
O1):-0.782	O2):37.989	
O1):-0.86	O2):59.33	
O1):-0.759	O2):35.571	
O1):-0.864	O2):59.264	
O1):-0.868	O2):67.149	
O1):-0.726	O2):31.612	
O1):-0.815	O2):43.61	
O1):-0.834	O2):43.924	
O1):-0.88	O2):69.482	
Starting PrismExecutor worker 4 on port 11404
O1):-0.835	O2):46.2	
O1):-0.804	O2):41.631	
O1):-0.833	O2):43.642	
O1):-0.81	O2):50.129	
Connected worker 4 to port 11404
O1):-0.837	O2):47.312	
O1):-0.819	O2):42.312	
O1):-0.827	O2):43.417	
O1):-0.871	O2):59.58	
O1):-0.815	O2):43.608	
O1):-0.746	O2):33.344	
O1):-0.851	O2):52.481	
O1):-0.749	O2):36.056	
O1):-0.778	O2):40.135	
O1):-0.861	O2):53.917	
O1):-0.788	O2):38.107	
O1):-0.806	O2):40.001	
O1):-0.87	O2):67.782	
O1):-0.767	O2):36.836	
O1):-0.86	O2):53.774	
O1):-0.777	O2):36.923	
O1):-0.87	O2):59.27	
O1):-0.673	O2):26.813	
O1):-0.83	O2):43.826	
O1):-0.846	O2):49.448	
O1):-0.844	O2):49.225	
O1):-0.817	O2):42.015	
O1):-0.759	O2):35.57	
O1):-0.74	O2):32.79	
O1):-0.833	O2):43.509	
O1):-0.88	O2):64.724	
O1):-0.841	O2):49.42	
O1):-0.821	O2):43.028	
O1):-0.755	O2):36.155	
O1):-0.853	O2):48.899	
O1):-0.837	O2):48.662	
O1):-0.749	O2):35.46	
O1):-0.87	O2):67.782	
O1):-0.782	O2):36.659	
O1):-0.746	O2):35.722	
O1):-0.837	O2):45.821	
O1):-0.744	O2):33.906	
O1):-0.845	O2):48.254	
O1):-0.749	O2):35.46	
O1):-0.834	O2):43.925	
O1):-0.789	O2):38.055	
O1):-0.881	O2):68.578	
O1):-0.852	O2):50.17	
O1):-0.749	O2):35.46	
O1):-0.785	O2):39.066	
O1):-0.842	O2):53.182	
O1):-0.804	O2):41.933	
O1):-0.804	O2):41.933	
O1):-0.786	O2):40.628	
O1):-0.804	O2):38.673	
O1):-0.829	O2):43.602	
O1):-0.771	O2):36.346	
O1):-0.871	O2):64.012	
O1):-0.805	O2):43.593	
O1):-0.863	O2):54.283	
O1):-0.863	O2):59.119	
O1):-0.846	O2):49.464	
O1):-0.83	O2):43.825	
O1):-0.749	O2):35.46	
O1):-0.878	O2):64.227	
O1):-0.853	O2):50.503	
O1):-0.845	O2):48.116	
O1):-0.781	O2):37.632	
O1):-0.816	O2):41.953	
O1):-0.83	O2):43.82	
O1):-0.78	O2):39.141	
O1):-0.837	O2):47.294	
O1):-0.819	O2):41.786	
O1):-0.801	O2):38.039	
O1):-0.844	O2):57.89	
O1):-0.785	O2):38.063	
O1):-0.828	O2):43.558	
O1):-0.845	O2):49.155	
O1):-0.793	O2):41.225	
O1):-0.863	O2):58.76	
O1):-0.825	O2):47.604	
O1):-0.793	O2):38.129	
O1):-0.767	O2):37.248	
O1):-0.796	O2):37.445	
O1):-0.733	O2):36.009	
O1):-0.854	O2):53.433	
O1):-0.862	O2):53.968	
O1):-0.835	O2):45.432	
O1):-0.784	O2):41.53	
O1):-0.872	O2):63.05	
O1):-0.838	O2):44.732	
O1):-0.833	O2):44.735	
O1):-0.83	O2):43.929	
O1):-0.786	O2):40.628	
O1):-0.787	O2):38.433	
Starting PrismExecutor worker 3 on port 11423
O1):-0.809	O2):43.367	
Connected worker 3 to port 11423
O1):-0.861	O2):61.635	
O1):-0.823	O2):44.227	
O1):-0.733	O2):36.009	
O1):-0.852	O2):60.277	
O1):-0.838	O2):47.468	
O1):-0.83	O2):43.929	
O1):-0.755	O2):36.157	
O1):-0.837	O2):44.427	
O1):-0.819	O2):41.787	
O1):-0.778	O2):37.479	
Evaluations:	2200
O1):-0.843	O2):48.693	
O1):-0.863	O2):58.762	
O1):-0.863	O2):54.283	
O1):-0.873	O2):74.009	
O1):-0.801	O2):38.039	
O1):-0.745	O2):35.196	
O1):-0.833	O2):48.294	
O1):-0.806	O2):42.616	
O1):-0.768	O2):37.443	
O1):-0.872	O2):63.05	
O1):-0.845	O2):48.362	
O1):-0.846	O2):48.326	
O1):-0.741	O2):33.097	
O1):-0.759	O2):35.57	
O1):-0.779	O2):36.502	
O1):-0.86	O2):53.536	
O1):-0.843	O2):48.688	
O1):-0.829	O2):43.602	
O1):-0.872	O2):63.692	
O1):-0.873	O2):74.009	
O1):-0.86	O2):53.774	
O1):-0.88	O2):68.217	
O1):-0.827	O2):43.219	
O1):-0.853	O2):53.199	
O1):-0.748	O2):33.576	
O1):-0.872	O2):63.692	
O1):-0.872	O2):64.045	
O1):-0.816	O2):41.953	
O1):-0.838	O2):47.468	
O1):-0.804	O2):41.933	
O1):-0.846	O2):49.415	
O1):-0.845	O2):49.267	
O1):-0.767	O2):37.248	
O1):-0.817	O2):42.015	
O1):-0.854	O2):53.523	
O1):-0.846	O2):54.455	
O1):-0.868	O2):67.149	
O1):-0.837	O2):47.403	
O1):-0.793	O2):38.129	
O1):-0.793	O2):43.739	
O1):-0.805	O2):43.507	
O1):-0.824	O2):44.522	
O1):-0.828	O2):43.747	
O1):-0.851	O2):52.823	
O1):-0.831	O2):44.136	
O1):-0.871	O2):59.58	
O1):-0.781	O2):38.135	
O1):-0.83	O2):43.929	
O1):-0.837	O2):44.427	
O1):-0.79	O2):38.091	
Evaluations:	2500
O1):-0.78	O2):37.623	
O1):-0.78	O2):37.691	
O1):-0.749	O2):35.46	
O1):-0.803	O2):41.407	
O1):-0.836	O2):45.515	
O1):-0.846	O2):58.286	
O1):-0.818	O2):47.535	
O1):-0.805	O2):38.889	
O1):-0.872	O2):63.05	
O1):-0.834	O2):43.924	
O1):-0.844	O2):47.806	
O1):-0.843	O2):48.302	
O1):-0.871	O2):63.546	
O1):-0.818	O2):42.455	
O1):-0.843	O2):48.738	
O1):-0.833	O2):43.642	
O1):-0.801	O2):57.594	
O1):-0.741	O2):36.339	
O1):-0.779	O2):36.506	
O1):-0.871	O2):59.583	
O1):-0.855	O2):57.979	
O1):-0.825	O2):42.854	
O1):-0.771	O2):36.346	
Starting PrismExecutor worker 4 on port 11414
O1):-0.811	O2):41.945	
O1):-0.822	O2):43.108	
O1):-0.82	O2):42.077	
O1):-0.862	O2):59.417	
Connected worker 4 to port 11414
O1):-0.828	O2):43.558	
O1):-0.843	O2):48.693	
O1):-0.728	O2):31.317	
O1):-0.797	O2):42.102	
O1):-0.825	O2):44.892	
O1):-0.779	O2):36.427	
O1):-0.786	O2):40.628	
O1):-0.834	O2):43.924	
O1):-0.854	O2):53.432	
O1):-0.862	O2):53.97	
O1):-0.779	O2):40.303	
O1):-0.82	O2):42.077	
O1):-0.832	O2):48.216	
O1):-0.806	O2):40.001	
O1):-0.82	O2):43.693	
O1):-0.844	O2):48.834	
O1):-0.835	O2):46.2	
O1):-0.744	O2):33.906	
O1):-0.828	O2):44.186	
O1):-0.828	O2):43.616	
O1):-0.794	O2):40.516	
O1):-0.863	O2):54.291	
O1):-0.855	O2):57.977	
O1):-0.834	O2):46.299	
O1):-0.828	O2):43.747	
O1):-0.763	O2):36.423	
O1):-0.851	O2):52.823	
O1):-0.787	O2):38.394	
O1):-0.854	O2):53.433	
O1):-0.796	O2):37.445	
Evaluations:	2400
O1):-0.777	O2):35.929	
O1):-0.787	O2):38.394	
O1):-0.861	O2):61.635	
O1):-0.749	O2):35.46	
O1):-0.829	O2):43.602	
O1):-0.834	O2):43.95	
O1):-0.743	O2):33.604	
O1):-0.871	O2):59.591	
O1):-0.764	O2):37.706	
O1):-0.766	O2):37.141	
O1):-0.749	O2):35.46	
O1):-0.75	O2):39.603	
O1):-0.837	O2):53.359	
O1):-0.748	O2):35.888	
O1):-0.835	O2):44.25	
O1):-0.83	O2):43.818	
O1):-0.82	O2):42.711	
O1):-0.757	O2):35.645	
O1):-0.843	O2):48.694	
O1):-0.827	O2):43.966	
O1):-0.75	O2):35.581	
O1):-0.821	O2):42.788	
O1):-0.816	O2):41.953	
O1):-0.733	O2):36.009	
O1):-0.764	O2):36.393	
O1):-0.863	O2):54.286	
O1):-0.853	O2):53.199	
O1):-0.847	O2):49.616	
O1):-0.804	O2):38.59	
O1):-0.845	O2):48.254	
O1):-0.843	O2):48.693	
O1):-0.825	O2):44.628	
O1):-0.726	O2):31.612	
O1):-0.88	O2):68.217	
O1):-0.79	O2):38.091	
O1):-0.806	O2):40.0	
O1):-0.766	O2):37.122	
O1):-0.859	O2):53.281	
O1):-0.871	O2):59.591	
O1):-0.853	O2):48.898	
O1):-0.859	O2):53.28	
O1):-0.767	O2):37.461	
O1):-0.795	O2):38.406	
O1):-0.837	O2):46.854	
O1):-0.853	O2):53.058	
O1):-0.853	O2):58.642	
O1):-0.837	O2):46.754	
O1):-0.871	O2):63.552	
O1):-0.862	O2):53.97	
O1):-0.878	O2):64.227	
O1):-0.804	O2):41.933	
O1):-0.822	O2):42.885	
O1):-0.784	O2):40.347	
O1):-0.815	O2):43.604	
O1):-0.828	O2):44.186	
O1):-0.85	O2):62.455	
Starting PrismExecutor worker 4 on port 11454
O1):-0.862	O2):53.968	
O1):-0.743	O2):33.619	
Connected worker 4 to port 11454
O1):-0.83	O2):44.047	
O1):-0.809	O2):42.728	
O1):-0.733	O2):36.009	
O1):-0.806	O2):40.001	
O1):-0.85	O2):62.455	
O1):-0.863	O2):54.283	
O1):-0.829	O2):43.602	
O1):-0.816	O2):41.953	
O1):-0.853	O2):48.898	
O1):-0.785	O2):37.414	
O1):-0.817	O2):41.714	
O1):-0.743	O2):33.604	
O1):-0.822	O2):44.136	
O1):-0.834	O2):43.924	
O1):-0.804	O2):38.672	
O1):-0.871	O2):59.58	
O1):-0.797	O2):44.594	
O1):-0.708	O2):31.619	
O1):-0.843	O2):47.831	
O1):-0.799	O2):38.271	
O1):-0.749	O2):36.056	
O1):-0.78	O2):36.393	
O1):-0.863	O2):64.568	
O1):-0.843	O2):48.299	
O1):-0.863	O2):54.291	
O1):-0.806	O2):42.636	
O1):-0.862	O2):53.968	
O1):-0.786	O2):38.362	
O1):-0.878	O2):64.227	
O1):-0.837	O2):46.854	
O1):-0.871	O2):59.591	
O1):-0.806	O2):40.0	
O1):-0.846	O2):49.534	
O1):-0.79	O2):38.091	
O1):-0.787	O2):38.394	
O1):-0.836	O2):44.201	
O1):-0.852	O2):50.17	
O1):-0.843	O2):47.832	
O1):-0.739	O2):36.001	
O1):-0.806	O2):40.391	
O1):-0.76	O2):36.114	
O1):-0.775	O2):39.92	
O1):-0.761	O2):36.1	
O1):-0.793	O2):38.193	
O1):-0.741	O2):33.097	
O1):-0.846	O2):48.387	
O1):-0.844	O2):48.836	
O1):-0.787	O2):37.563	
O1):-0.749	O2):35.46	
O1):-0.78	O2):37.71	
O1):-0.804	O2):41.933	
O1):-0.819	O2):42.313	
O1):-0.846	O2):49.522	
O1):-0.862	O2):53.986	
O1):-0.828	O2):43.558	
O1):-0.779	O2):36.427	
O1):-0.78	O2):37.617	
O1):-0.829	O2):43.602	
O1):-0.828	O2):45.419	
O1):-0.853	O2):53.199	
O1):-0.804	O2):41.933	
O1):-0.841	O2):47.252	
O1):-0.863	O2):63.454	
O1):-0.828	O2):45.419	
O1):-0.742	O2):34.978	
O1):-0.845	O2):48.391	
O1):-0.826	O2):43.895	
O1):-0.817	O2):42.015	
O1):-0.74	O2):32.79	
O1):-0.871	O2):59.591	
O1):-0.853	O2):53.058	
O1):-0.807	O2):42.705	
O1):-0.821	O2):42.57	
O1):-0.853	O2):48.898	
O1):-0.845	O2):49.508	
O1):-0.819	O2):42.758	
O1):-0.828	O2):43.616	
O1):-0.797	O2):44.6	
O1):-0.816	O2):41.953	
O1):-0.837	O2):44.427	
O1):-0.861	O2):53.845	
O1):-0.838	O2):44.732	
O1):-0.827	O2):45.305	
Starting PrismExecutor worker 4 on port 11484
O1):-0.76	O2):36.114	
O1):-0.768	O2):37.478	
O1):-0.775	O2):40.153	
O1):-0.826	O2):43.509	
O1):-0.859	O2):53.396	
O1):-0.821	O2):42.328	
O1):-0.78	O2):37.691	
Connected worker 4 to port 11484
O1):-0.827	O2):43.274	
O1):-0.871	O2):63.979	
O1):-0.859	O2):53.339	
O1):-0.851	O2):52.481	
O1):-0.851	O2):52.622	
O1):-0.828	O2):43.558	
O1):-0.855	O2):57.976	
O1):-0.825	O2):42.874	
O1):-0.853	O2):50.334	
O1):-0.827	O2):43.967	
Evaluations:	2400
O1):-0.827	O2):43.965	
O1):-0.862	O2):54.115	
O1):-0.806	O2):40.383	
O1):-0.851	O2):52.481	
O1):-0.863	O2):59.911	
O1):-0.768	O2):37.443	
O1):-0.817	O2):46.0	
O1):-0.863	O2):54.232	
O1):-0.818	O2):42.926	
O1):-0.862	O2):53.968	
O1):-0.834	O2):43.924	
O1):-0.843	O2):48.764	
O1):-0.859	O2):53.343	
O1):-0.835	O2):44.059	
O1):-0.832	O2):47.98	
O1):-0.799	O2):38.263	
O1):-0.872	O2):63.693	
O1):-0.801	O2):41.369	
O1):-0.862	O2):53.917	
O1):-0.74	O2):32.79	
O1):-0.851	O2):53.622	
O1):-0.821	O2):43.159	
O1):-0.812	O2):40.455	
O1):-0.838	O2):44.732	
O1):-0.843	O2):48.693	
O1):-0.825	O2):48.016	
O1):-0.845	O2):48.254	
O1):-0.828	O2):43.558	
O1):-0.835	O2):48.181	
O1):-0.807	O2):42.981	
O1):-0.749	O2):35.46	
O1):-0.767	O2):37.461	
O1):-0.816	O2):46.254	
O1):-0.76	O2):36.126	
O1):-0.812	O2):43.075	
O1):-0.779	O2):36.342	
O1):-0.853	O2):54.386	
O1):-0.853	O2):48.898	
O1):-0.766	O2):37.306	
O1):-0.854	O2):58.771	
O1):-0.88	O2):64.724	
O1):-0.85	O2):62.456	
O1):-0.836	O2):44.201	
O1):-0.786	O2):40.625	
O1):-0.833	O2):46.385	
O1):-0.822	O2):43.088	
O1):-0.728	O2):31.317	
O1):-0.821	O2):43.45	
O1):-0.788	O2):38.107	
O1):-0.834	O2):46.299	
O1):-0.837	O2):47.401	
O1):-0.806	O2):42.174	
O1):-0.826	O2):43.012	
O1):-0.871	O2):59.388	
O1):-0.825	O2):43.869	
O1):-0.79	O2):38.091	
O1):-0.87	O2):59.27	
O1):-0.732	O2):31.619	
O1):-0.816	O2):42.673	
O1):-0.828	O2):45.419	
O1):-0.821	O2):42.57	
O1):-0.778	O2):37.479	
O1):-0.785	O2):40.52	
O1):-0.793	O2):38.195	
O1):-0.808	O2):39.209	
O1):-0.863	O2):54.286	
O1):-0.821	O2):50.434	
Starting PrismExecutor worker 5 on port 11435
O1):-0.826	O2):43.141	
O1):-0.83	O2):43.825	
O1):-0.812	O2):40.455	
O1):-0.787	O2):38.704	
Connected worker 5 to port 11435
O1):-0.816	O2):41.953	
O1):-0.741	O2):34.746	
O1):-0.802	O2):41.394	
O1):-0.718	O2):32.141	
O1):-0.836	O2):48.982	
O1):-0.781	O2):37.632	
O1):-0.871	O2):59.58	
O1):-0.845	O2):48.254	
O1):-0.825	O2):42.873	
O1):-0.78	O2):36.393	
O1):-0.802	O2):40.078	
O1):-0.82	O2):45.964	
O1):-0.819	O2):42.758	
O1):-0.749	O2):35.46	
O1):-0.745	O2):35.196	
O1):-0.746	O2):33.344	
O1):-0.785	O2):41.964	
O1):-0.825	O2):42.854	
O1):-0.745	O2):35.196	
O1):-0.833	O2):47.254	
O1):-0.835	O2):46.357	
O1):-0.749	O2):35.46	
O1):-0.835	O2):45.36	
O1):-0.782	O2):40.942	
O1):-0.829	O2):43.602	
O1):-0.827	O2):46.731	
O1):-0.796	O2):37.436	
O1):-0.803	O2):39.206	
O1):-0.78	O2):37.71	
O1):-0.835	O2):45.36	
O1):-0.801	O2):38.78	
O1):-0.871	O2):59.385	
O1):-0.787	O2):38.511	
O1):-0.728	O2):31.317	
O1):-0.807	O2):42.716	
O1):-0.741	O2):33.097	
O1):-0.816	O2):41.953	
O1):-0.785	O2):38.025	
O1):-0.795	O2):38.406	
O1):-0.863	O2):54.291	
O1):-0.828	O2):44.186	
O1):-0.781	O2):37.632	
O1):-0.853	O2):62.292	
O1):-0.847	O2):49.603	
O1):-0.835	O2):44.25	
O1):-0.837	O2):47.312	
O1):-0.846	O2):54.367	
O1):-0.772	O2):42.265	
O1):-0.847	O2):49.585	
O1):-0.787	O2):37.562	
O1):-0.872	O2):63.692	
O1):-0.816	O2):41.953	
O1):-0.821	O2):42.328	
O1):-0.843	O2):48.299	
O1):-0.833	O2):43.642	
O1):-0.835	O2):44.138	
O1):-0.759	O2):35.57	
O1):-0.845	O2):49.532	
O1):-0.809	O2):42.728	
O1):-0.846	O2):49.411	
O1):-0.803	O2):39.196	
O1):-0.798	O2):45.975	
O1):-0.819	O2):43.587	
O1):-0.806	O2):42.616	
O1):-0.846	O2):48.381	
O1):-0.805	O2):42.458	
O1):-0.829	O2):47.235	
O1):-0.826	O2):43.141	
O1):-0.837	O2):46.854	
O1):-0.871	O2):59.368	
O1):-0.806	O2):42.756	
O1):-0.862	O2):54.251	
O1):-0.829	O2):43.602	
O1):-0.778	O2):36.084	
O1):-0.837	O2):46.854	
O1):-0.812	O2):42.422	
O1):-0.78	O2):37.691	
O1):-0.801	O2):41.973	
O1):-0.804	O2):38.664	
O1):-0.777	O2):37.565	
O1):-0.833	O2):44.735	
O1):-0.836	O2):45.412	
O1):-0.796	O2):44.575	
O1):-0.793	O2):38.129	
O1):-0.872	O2):64.054	
O1):-0.821	O2):43.824	
O1):-0.879	O2):68.978	
O1):-0.862	O2):53.928	
O1):-0.817	O2):41.714	
Starting PrismExecutor worker 5 on port 11415
O1):-0.833	O2):44.735	
Connected worker 5 to port 11415
O1):-0.818	O2):42.027	
O1):-0.743	O2):35.024	
O1):-0.704	O2):31.961	
O1):-0.835	O2):44.059	
O1):-0.746	O2):33.344	
O1):-0.85	O2):62.455	
O1):-0.806	O2):40.001	
O1):-0.749	O2):35.46	
O1):-0.863	O2):54.291	
O1):-0.804	O2):43.854	
O1):-0.821	O2):46.587	
O1):-0.787	O2):38.433	
O1):-0.79	O2):38.091	
O1):-0.863	O2):58.308	
O1):-0.785	O2):38.891	
O1):-0.821	O2):42.57	
O1):-0.862	O2):54.123	
O1):-0.8	O2):39.361	
O1):-0.718	O2):32.141	
O1):-0.853	O2):48.898	
O1):-0.829	O2):43.602	
O1):-0.787	O2):37.809	
O1):-0.733	O2):36.009	
O1):-0.764	O2):39.741	
O1):-0.844	O2):49.019	
O1):-0.88	O2):69.482	
O1):-0.8	O2):39.361	
O1):-0.88	O2):69.482	
O1):-0.868	O2):67.149	
O1):-0.778	O2):37.479	
O1):-0.787	O2):37.562	
O1):-0.846	O2):49.292	
O1):-0.766	O2):37.122	
O1):-0.818	O2):42.566	
O1):-0.793	O2):38.129	
O1):-0.757	O2):35.649	
Evaluations:	2400
O1):-0.872	O2):63.903	
O1):-0.834	O2):43.859	
O1):-0.819	O2):43.587	
O1):-0.845	O2):48.116	
O1):-0.798	O2):41.047	
O1):-0.873	O2):74.009	
O1):-0.78	O2):38.942	
O1):-0.803	O2):39.196	
O1):-0.853	O2):53.058	
O1):-0.825	O2):42.873	
O1):-0.872	O2):63.692	
O1):-0.744	O2):33.889	
O1):-0.837	O2):45.821	
O1):-0.828	O2):43.558	
O1):-0.818	O2):43.451	
O1):-0.825	O2):42.873	
O1):-0.834	O2):44.839	
O1):-0.862	O2):53.986	
O1):-0.863	O2):54.43	
O1):-0.795	O2):44.296	
O1):-0.847	O2):54.442	
O1):-0.803	O2):38.582	
O1):-0.863	O2):54.291	
O1):-0.818	O2):42.926	
O1):-0.745	O2):36.322	
O1):-0.843	O2):48.693	
O1):-0.868	O2):67.149	
O1):-0.847	O2):49.585	
O1):-0.873	O2):74.009	
O1):-0.828	O2):43.691	
O1):-0.828	O2):43.747	
O1):-0.782	O2):36.659	
O1):-0.861	O2):62.959	
O1):-0.879	O2):67.715	
O1):-0.78	O2):47.481	
O1):-0.78	O2):47.481	
O1):-0.871	O2):59.591	
O1):-0.862	O2):53.928	
O1):-0.828	O2):43.558	
O1):-0.76	O2):36.126	
O1):-0.835	O2):44.255	
O1):-0.825	O2):42.873	
O1):-0.849	O2):49.737	
O1):-0.83	O2):43.82	
O1):-0.834	O2):52.521	
O1):-0.806	O2):40.0	
O1):-0.846	O2):49.288	
Evaluations:	2400
O1):-0.863	O2):54.232	
O1):-0.829	O2):43.956	
O1):-0.77	O2):37.731	
O1):-0.806	O2):40.0	
O1):-0.82	O2):42.077	
O1):-0.829	O2):43.602	
Starting PrismExecutor worker 5 on port 11455
O1):-0.793	O2):38.129	
Connected worker 5 to port 11455
O1):-0.746	O2):33.344	
O1):-0.821	O2):42.867	
O1):-0.788	O2):42.313	
O1):-0.799	O2):38.271	
O1):-0.83	O2):43.825	
O1):-0.778	O2):37.479	
O1):-0.862	O2):53.987	
O1):-0.825	O2):43.869	
O1):-0.81	O2):39.687	
O1):-0.718	O2):32.141	
O1):-0.779	O2):36.427	
O1):-0.868	O2):67.149	
O1):-0.861	O2):53.917	
O1):-0.763	O2):36.478	
O1):-0.86	O2):54.365	
O1):-0.803	O2):38.582	
O1):-0.834	O2):48.161	
O1):-0.821	O2):42.328	
O1):-0.861	O2):53.917	
O1):-0.844	O2):48.099	
O1):-0.81	O2):39.687	
O1):-0.777	O2):36.923	
O1):-0.774	O2):39.839	
O1):-0.804	O2):40.385	
O1):-0.805	O2):41.782	
O1):-0.766	O2):37.306	
O1):-0.853	O2):50.503	
O1):-0.749	O2):35.46	
O1):-0.733	O2):36.009	
O1):-0.834	O2):43.924	
O1):-0.871	O2):63.552	
O1):-0.837	O2):47.337	
O1):-0.824	O2):44.451	
O1):-0.847	O2):49.617	
O1):-0.881	O2):68.578	
O1):-0.83	O2):45.256	
O1):-0.821	O2):42.57	
O1):-0.826	O2):43.141	
O1):-0.868	O2):67.149	
O1):-0.768	O2):37.443	
O1):-0.827	O2):43.417	
O1):-0.779	O2):36.342	
O1):-0.779	O2):36.342	
O1):-0.845	O2):48.254	
O1):-0.832	O2):48.215	
O1):-0.854	O2):50.697	
O1):-0.782	O2):36.659	
O1):-0.833	O2):43.646	
O1):-0.777	O2):37.022	
O1):-0.862	O2):54.123	
O1):-0.828	O2):43.691	
O1):-0.778	O2):36.084	
O1):-0.868	O2):67.149	
O1):-0.785	O2):38.025	
O1):-0.853	O2):53.199	
O1):-0.778	O2):36.084	
O1):-0.828	O2):43.558	
O1):-0.775	O2):39.92	
O1):-0.799	O2):42.468	
O1):-0.86	O2):53.774	
O1):-0.821	O2):43.449	
O1):-0.864	O2):59.264	
O1):-0.749	O2):35.46	
O1):-0.871	O2):63.552	
O1):-0.871	O2):59.385	
O1):-0.785	O2):38.025	
O1):-0.87	O2):67.782	
O1):-0.864	O2):59.27	
O1):-0.871	O2):63.552	
O1):-0.749	O2):35.883	
O1):-0.767	O2):37.078	
O1):-0.806	O2):40.0	
O1):-0.859	O2):53.396	
O1):-0.849	O2):49.737	
O1):-0.819	O2):43.587	
O1):-0.863	O2):54.291	
O1):-0.785	O2):40.749	
O1):-0.78	O2):37.622	
O1):-0.87	O2):67.782	
O1):-0.749	O2):35.46	
O1):-0.821	O2):42.802	
O1):-0.788	O2):38.723	
O1):-0.733	O2):36.009	
O1):-0.881	O2):68.578	
O1):-0.806	O2):42.609	
O1):-0.829	O2):43.685	
O1):-0.846	O2):49.292	
O1):-0.804	O2):38.664	
Starting PrismExecutor worker 2 on port 11442
O1):-0.791	O2):37.98	
O1):-0.828	O2):43.558	
O1):-0.826	O2):43.079	
O1):-0.847	O2):49.616	
O1):-0.776	O2):36.61	
Connected worker 2 to port 11442
O1):-0.868	O2):67.149	
O1):-0.779	O2):36.371	
O1):-0.821	O2):42.328	
O1):-0.838	O2):44.727	
O1):-0.744	O2):33.906	
O1):-0.845	O2):49.127	
O1):-0.837	O2):45.821	
O1):-0.879	O2):68.976	
O1):-0.817	O2):41.714	
O1):-0.838	O2):44.732	
O1):-0.762	O2):36.632	
O1):-0.868	O2):67.291	
O1):-0.829	O2):43.786	
O1):-0.784	O2):37.285	
O1):-0.79	O2):38.091	
O1):-0.776	O2):35.697	
O1):-0.864	O2):59.264	
O1):-0.741	O2):34.875	
O1):-0.748	O2):35.888	
O1):-0.851	O2):52.481	
O1):-0.843	O2):47.827	
O1):-0.835	O2):44.25	
O1):-0.846	O2):49.448	
O1):-0.826	O2):44.774	
O1):-0.827	O2):43.967	
O1):-0.759	O2):35.57	
O1):-0.829	O2):43.787	
O1):-0.818	O2):43.361	
O1):-0.872	O2):64.165	
O1):-0.733	O2):36.009	
O1):-0.87	O2):59.224	
O1):-0.808	O2):43.243	
O1):-0.8	O2):39.49	
O1):-0.843	O2):48.74	
O1):-0.748	O2):33.569	
O1):-0.728	O2):32.442	
O1):-0.829	O2):44.052	
O1):-0.793	O2):41.301	
O1):-0.758	O2):35.888	
O1):-0.761	O2):36.115	
O1):-0.806	O2):41.89	
O1):-0.841	O2):48.432	
O1):-0.847	O2):49.616	
O1):-0.851	O2):52.481	
O1):-0.832	O2):43.371	
O1):-0.79	O2):38.091	
O1):-0.8	O2):37.769	
O1):-0.816	O2):42.673	
O1):-0.846	O2):49.456	
O1):-0.86	O2):53.536	
O1):-0.83	O2):43.82	
O1):-0.879	O2):68.976	
O1):-0.821	O2):42.89	
O1):-0.838	O2):44.732	
O1):-0.871	O2):59.591	
O1):-0.748	O2):35.339	
O1):-0.833	O2):45.142	
O1):-0.803	O2):39.206	
O1):-0.757	O2):35.705	
O1):-0.838	O2):47.301	
O1):-0.827	O2):43.417	
O1):-0.821	O2):42.57	
O1):-0.74	O2):32.79	
O1):-0.735	O2):31.982	
O1):-0.761	O2):36.1	
O1):-0.787	O2):38.393	
O1):-0.846	O2):54.171	
O1):-0.803	O2):38.582	
O1):-0.749	O2):35.46	
O1):-0.821	O2):42.788	
O1):-0.801	O2):41.369	
O1):-0.804	O2):40.385	
O1):-0.837	O2):47.312	
O1):-0.741	O2):33.097	
O1):-0.846	O2):49.306	
O1):-0.868	O2):58.661	
O1):-0.843	O2):48.738	
O1):-0.821	O2):42.328	
O1):-0.871	O2):69.579	
O1):-0.828	O2):43.616	
O1):-0.82	O2):42.49	
O1):-0.777	O2):36.923	
O1):-0.787	O2):40.82	
O1):-0.822	O2):43.088	
O1):-0.81	O2):39.687	
O1):-0.86	O2):53.536	
O1):-0.822	O2):43.068	
O1):-0.822	O2):43.34	
O1):-0.845	O2):48.364	
O1):-0.812	O2):40.595	
O1):-0.828	O2):44.191	
Evaluations:	2400
O1):-0.835	O2):46.2	
O1):-0.795	O2):44.293	
O1):-0.836	O2):44.201	
Starting PrismExecutor worker 4 on port 11494
Starting PrismExecutor worker 1 on port 11421
O1):-0.791	O2):37.82	
O1):-0.862	O2):53.928	
Connected worker 4 to port 11494
Connected worker 1 to port 11421
O1):-0.828	O2):43.747	
O1):-0.805	O2):41.695	
O1):-0.749	O2):36.056	
O1):-0.777	O2):36.923	
O1):-0.759	O2):37.548	
O1):-0.855	O2):53.537	
O1):-0.87	O2):59.224	
O1):-0.832	O2):44.634	
O1):-0.812	O2):42.422	
O1):-0.829	O2):43.6	
Evaluations:	2000
O1):-0.816	O2):46.254	
O1):-0.845	O2):49.254	
O1):-0.78	O2):37.71	
O1):-0.872	O2):63.689	
O1):-0.863	O2):54.291	
O1):-0.873	O2):74.01	
O1):-0.787	O2):38.394	
O1):-0.851	O2):52.816	
O1):-0.829	O2):43.692	
O1):-0.808	O2):43.243	
O1):-0.799	O2):41.045	
O1):-0.829	O2):48.591	
O1):-0.802	O2):40.078	
O1):-0.772	O2):40.656	
Evaluations:	2200
O1):-0.852	O2):50.17	
O1):-0.825	O2):48.016	
O1):-0.828	O2):43.539	
O1):-0.853	O2):53.058	
O1):-0.769	O2):37.496	
O1):-0.879	O2):68.976	
O1):-0.772	O2):42.265	
O1):-0.837	O2):48.559	
O1):-0.78	O2):37.71	
O1):-0.881	O2):68.578	
O1):-0.879	O2):68.976	
O1):-0.78	O2):37.828	
O1):-0.826	O2):43.504	
O1):-0.807	O2):42.343	
O1):-0.804	O2):53.951	
O1):-0.766	O2):37.306	
O1):-0.831	O2):44.136	
O1):-0.846	O2):48.745	
O1):-0.793	O2):38.131	
O1):-0.863	O2):63.454	
O1):-0.793	O2):38.129	
O1):-0.846	O2):48.385	
O1):-0.863	O2):54.285	
O1):-0.763	O2):36.688	
O1):-0.862	O2):53.77	
O1):-0.788	O2):38.724	
O1):-0.816	O2):43.612	
O1):-0.787	O2):40.82	
O1):-0.804	O2):41.959	
O1):-0.795	O2):38.406	
O1):-0.82	O2):42.076	
O1):-0.8	O2):39.361	
O1):-0.801	O2):38.039	
O1):-0.83	O2):43.929	
O1):-0.82	O2):42.711	
O1):-0.835	O2):48.046	
O1):-0.872	O2):68.722	
O1):-0.88	O2):68.217	
O1):-0.782	O2):36.659	
O1):-0.795	O2):43.934	
O1):-0.826	O2):43.895	
O1):-0.878	O2):68.831	
O1):-0.816	O2):41.984	
O1):-0.735	O2):35.48	
O1):-0.778	O2):37.119	
O1):-0.807	O2):40.251	
O1):-0.78	O2):36.393	
O1):-0.772	O2):41.935	
O1):-0.77	O2):37.731	
O1):-0.828	O2):43.623	
O1):-0.793	O2):40.55	
O1):-0.859	O2):53.339	
O1):-0.82	O2):43.882	
O1):-0.778	O2):37.119	
O1):-0.8	O2):39.361	
O1):-0.862	O2):53.968	
O1):-0.746	O2):33.344	
O1):-0.816	O2):41.953	
O1):-0.816	O2):41.953	
O1):-0.799	O2):38.28	
O1):-0.816	O2):41.953	
O1):-0.816	O2):41.953	
O1):-0.871	O2):59.385	
O1):-0.79	O2):38.091	
O1):-0.843	O2):48.738	
O1):-0.796	O2):37.436	
O1):-0.853	O2):53.058	
O1):-0.838	O2):44.732	
O1):-0.846	O2):49.292	
O1):-0.853	O2):53.061	
O1):-0.749	O2):35.46	
O1):-0.726	O2):31.612	
O1):-0.749	O2):35.46	
O1):-0.756	O2):38.944	
O1):-0.757	O2):35.642	
O1):-0.778	O2):37.473	
O1):-0.804	O2):38.59	
O1):-0.794	O2):44.815	
O1):-0.836	O2):44.212	
O1):-0.827	O2):43.472	
O1):-0.845	O2):48.254	
O1):-0.777	O2):36.923	
O1):-0.821	O2):42.328	
O1):-0.804	O2):38.59	
O1):-0.799	O2):38.271	
O1):-0.863	O2):54.302	
O1):-0.834	O2):43.924	
O1):-0.828	O2):44.186	
O1):-0.837	O2):48.534	
O1):-0.781	O2):37.638	
O1):-0.838	O2):44.732	
O1):-0.862	O2):53.928	
O1):-0.845	O2):49.156	
O1):-0.827	O2):43.967	
O1):-0.878	O2):64.227	
O1):-0.861	O2):53.916	
O1):-0.853	O2):53.199	
O1):-0.863	O2):59.911	
O1):-0.831	O2):44.796	
O1):-0.841	O2):48.432	
O1):-0.798	O2):41.578	
O1):-0.811	O2):40.195	
O1):-0.871	O2):63.546	
O1):-0.79	O2):38.091	
O1):-0.733	O2):36.009	
O1):-0.827	O2):43.219	
O1):-0.844	O2):48.834	
O1):-0.816	O2):43.805	
O1):-0.795	O2):38.407	
O1):-0.824	O2):44.451	
O1):-0.838	O2):44.732	
O1):-0.838	O2):52.775	
O1):-0.882	O2):78.572	
O1):-0.806	O2):40.0	
O1):-0.802	O2):38.142	
O1):-0.847	O2):49.616	
O1):-0.859	O2):53.421	
O1):-0.86	O2):63.985	
O1):-0.834	O2):43.797	
O1):-0.743	O2):35.024	
O1):-0.806	O2):42.636	
O1):-0.761	O2):36.1	
O1):-0.871	O2):59.591	
O1):-0.778	O2):40.884	
O1):-0.836	O2):45.541	
O1):-0.741	O2):34.746	
O1):-0.83	O2):43.929	
O1):-0.829	O2):43.69	
O1):-0.827	O2):45.298	
O1):-0.851	O2):52.481	
O1):-0.809	O2):42.865	
O1):-0.718	O2):32.141	
O1):-0.778	O2):38.906	
O1):-0.854	O2):49.251	
O1):-0.819	O2):54.429	
O1):-0.821	O2):43.101	
O1):-0.862	O2):59.421	
O1):-0.82	O2):43.663	
O1):-0.879	O2):67.715	
O1):-0.793	O2):40.129	
O1):-0.87	O2):59.439	
O1):-0.861	O2):53.917	
O1):-0.827	O2):43.967	
O1):-0.833	O2):43.499	
O1):-0.837	O2):45.821	
O1):-0.763	O2):36.062	
O1):-0.803	O2):39.196	
O1):-0.846	O2):49.292	
O1):-0.853	O2):48.898	
O1):-0.853	O2):48.9	
O1):-0.804	O2):38.57	
O1):-0.824	O2):44.434	
O1):-0.819	O2):42.506	
O1):-0.829	O2):43.685	
Evaluations:	2600
Starting PrismExecutor worker 3 on port 11463
O1):-0.785	O2):41.958	
Connected worker 3 to port 11463
O1):-0.767	O2):37.248	
O1):-0.793	O2):38.129	
O1):-0.844	O2):48.975	
O1):-0.827	O2):43.219	
O1):-0.836	O2):44.21	
O1):-0.805	O2):38.873	
O1):-0.855	O2):69.095	
O1):-0.771	O2):38.403	
O1):-0.83	O2):43.818	
O1):-0.872	O2):68.235	
O1):-0.836	O2):45.412	
O1):-0.806	O2):40.11	
O1):-0.861	O2):53.972	
O1):-0.802	O2):39.116	
O1):-0.819	O2):43.703	
O1):-0.803	O2):49.01	
O1):-0.816	O2):41.953	
O1):-0.74	O2):32.79	
O1):-0.824	O2):44.451	
O1):-0.836	O2):48.096	
O1):-0.803	O2):41.407	
O1):-0.88	O2):64.724	
O1):-0.834	O2):44.839	
O1):-0.806	O2):40.0	
O1):-0.799	O2):38.053	
O1):-0.795	O2):38.407	
O1):-0.786	O2):40.628	
O1):-0.871	O2):59.385	
O1):-0.804	O2):38.591	
O1):-0.771	O2):36.346	
O1):-0.765	O2):36.556	
O1):-0.81	O2):42.024	
O1):-0.771	O2):36.346	
O1):-0.748	O2):33.569	
O1):-0.776	O2):40.344	
O1):-0.846	O2):49.464	
O1):-0.835	O2):44.059	
O1):-0.805	O2):41.695	
O1):-0.83	O2):43.82	
O1):-0.749	O2):35.46	
O1):-0.832	O2):43.369	
O1):-0.777	O2):37.022	
O1):-0.804	O2):41.631	
O1):-0.868	O2):58.661	
O1):-0.801	O2):38.78	
O1):-0.764	O2):36.393	
O1):-0.793	O2):41.302	
O1):-0.803	O2):41.375	
O1):-0.764	O2):36.393	
O1):-0.834	O2):43.924	
O1):-0.749	O2):35.46	
O1):-0.861	O2):53.917	
O1):-0.749	O2):35.46	
O1):-0.843	O2):48.688	
O1):-0.801	O2):38.78	
O1):-0.862	O2):59.421	
O1):-0.749	O2):35.46	
O1):-0.818	O2):42.926	
O1):-0.811	O2):41.945	
O1):-0.747	O2):36.843	
O1):-0.852	O2):55.169	
O1):-0.817	O2):42.015	
O1):-0.838	O2):44.727	
O1):-0.809	O2):43.369	
O1):-0.833	O2):48.294	
O1):-0.831	O2):43.385	
O1):-0.844	O2):49.047	
O1):-0.878	O2):68.831	
O1):-0.871	O2):59.385	
O1):-0.846	O2):49.464	
O1):-0.834	O2):43.924	
O1):-0.861	O2):53.917	
O1):-0.808	O2):43.768	
O1):-0.772	O2):37.968	
O1):-0.77	O2):37.731	
O1):-0.78	O2):37.71	
O1):-0.705	O2):31.354	
O1):-0.828	O2):43.691	
Evaluations:	2200
O1):-0.861	O2):53.845	
O1):-0.749	O2):35.46	
O1):-0.834	O2):46.299	
O1):-0.879	O2):68.978	
O1):-0.778	O2):38.41	
O1):-0.872	O2):64.053	
O1):-0.83	O2):43.82	
O1):-0.757	O2):35.642	
Starting PrismExecutor worker 1 on port 11461
O1):-0.779	O2):37.104	
O1):-0.834	O2):44.839	
Connected worker 1 to port 11461
O1):-0.854	O2):53.523	
O1):-0.861	O2):54.056	
O1):-0.828	O2):43.616	
O1):-0.829	O2):47.235	
O1):-0.825	O2):42.854	
O1):-0.806	O2):40.0	
O1):-0.77	O2):37.203	
O1):-0.853	O2):48.898	
O1):-0.863	O2):58.966	
O1):-0.793	O2):41.709	
O1):-0.844	O2):50.152	
O1):-0.843	O2):62.187	
O1):-0.852	O2):50.17	
O1):-0.843	O2):47.832	
O1):-0.855	O2):59.125	
O1):-0.787	O2):38.658	
O1):-0.816	O2):41.953	
O1):-0.838	O2):44.727	
O1):-0.771	O2):38.315	
O1):-0.785	O2):36.9	
O1):-0.805	O2):42.349	
O1):-0.833	O2):46.384	
O1):-0.864	O2):59.27	
O1):-0.828	O2):44.358	
O1):-0.845	O2):49.304	
O1):-0.822	O2):42.994	
O1):-0.78	O2):36.393	
O1):-0.782	O2):41.352	
O1):-0.834	O2):43.924	
O1):-0.749	O2):35.46	
O1):-0.777	O2):37.028	
O1):-0.758	O2):35.724	
O1):-0.871	O2):59.39	
O1):-0.749	O2):35.46	
O1):-0.79	O2):38.091	
O1):-0.804	O2):38.673	
O1):-0.836	O2):45.541	
O1):-0.82	O2):43.015	
Evaluations:	2500
O1):-0.806	O2):40.0	
O1):-0.802	O2):40.078	
O1):-0.854	O2):53.538	
O1):-0.826	O2):43.141	
O1):-0.749	O2):35.46	
O1):-0.833	O2):44.735	
Evaluations:	2300
O1):-0.838	O2):44.732	
O1):-0.847	O2):49.585	
O1):-0.879	O2):68.976	
O1):-0.834	O2):43.924	
O1):-0.761	O2):36.439	
O1):-0.836	O2):44.212	
O1):-0.803	O2):49.012	
O1):-0.726	O2):31.612	
O1):-0.778	O2):36.205	
O1):-0.836	O2):44.204	
O1):-0.835	O2):44.138	
O1):-0.78	O2):37.616	
O1):-0.745	O2):35.196	
O1):-0.837	O2):44.427	
O1):-0.794	O2):38.28	
O1):-0.763	O2):36.756	
O1):-0.869	O2):58.746	
O1):-0.868	O2):58.597	
O1):-0.837	O2):46.755	
O1):-0.806	O2):40.0	
O1):-0.837	O2):47.312	
O1):-0.871	O2):59.385	
O1):-0.821	O2):43.824	
O1):-0.801	O2):41.844	
O1):-0.761	O2):36.116	
O1):-0.811	O2):41.945	
O1):-0.82	O2):43.882	
O1):-0.872	O2):63.05	
O1):-0.833	O2):46.385	
O1):-0.735	O2):31.982	
O1):-0.859	O2):53.28	
O1):-0.766	O2):37.126	
O1):-0.795	O2):38.407	
O1):-0.826	O2):43.895	
O1):-0.863	O2):54.302	
O1):-0.742	O2):33.574	
O1):-0.871	O2):59.385	
Starting PrismExecutor worker 5 on port 11495
Connected worker 5 to port 11495
O1):-0.868	O2):58.661	
O1):-0.871	O2):63.552	
O1):-0.775	O2):40.079	
O1):-0.828	O2):43.747	
O1):-0.803	O2):41.407	
O1):-0.872	O2):63.692	
O1):-0.871	O2):63.552	
O1):-0.863	O2):54.266	
O1):-0.78	O2):38.949	
O1):-0.833	O2):43.499	
O1):-0.828	O2):43.619	
O1):-0.872	O2):64.056	
O1):-0.859	O2):53.343	
O1):-0.871	O2):59.578	
O1):-0.785	O2):38.025	
O1):-0.838	O2):44.732	
O1):-0.83	O2):43.82	
O1):-0.846	O2):49.456	
O1):-0.863	O2):63.454	
O1):-0.871	O2):59.591	
O1):-0.861	O2):53.917	
O1):-0.789	O2):38.055	
O1):-0.77	O2):41.775	
O1):-0.846	O2):48.326	
O1):-0.743	O2):33.619	
O1):-0.791	O2):42.239	
O1):-0.843	O2):47.832	
O1):-0.819	O2):43.199	
O1):-0.745	O2):35.196	
O1):-0.767	O2):37.248	
O1):-0.793	O2):38.129	
O1):-0.863	O2):54.283	
O1):-0.827	O2):45.302	
O1):-0.782	O2):36.659	
O1):-0.861	O2):54.056	
O1):-0.821	O2):43.028	
O1):-0.863	O2):58.966	
O1):-0.827	O2):45.305	
O1):-0.843	O2):47.832	
O1):-0.817	O2):42.015	
O1):-0.806	O2):40.0	
O1):-0.749	O2):35.46	
O1):-0.76	O2):36.126	
O1):-0.82	O2):42.49	
O1):-0.837	O2):46.854	
O1):-0.827	O2):43.212	
O1):-0.761	O2):36.1	
O1):-0.828	O2):43.747	
O1):-0.836	O2):45.412	
O1):-0.817	O2):42.011	
O1):-0.859	O2):53.339	
O1):-0.83	O2):43.831	
O1):-0.819	O2):42.732	
O1):-0.816	O2):41.953	
O1):-0.835	O2):46.357	
O1):-0.735	O2):35.517	
O1):-0.862	O2):53.968	
O1):-0.846	O2):48.385	
O1):-0.803	O2):44.026	
O1):-0.88	O2):69.482	
O1):-0.827	O2):43.219	
O1):-0.778	O2):36.205	
O1):-0.763	O2):36.688	
O1):-0.878	O2):64.227	
O1):-0.824	O2):44.451	
O1):-0.802	O2):41.394	
O1):-0.842	O2):50.954	
O1):-0.836	O2):48.583	
O1):-0.852	O2):54.227	
O1):-0.833	O2):43.658	
O1):-0.863	O2):54.232	
O1):-0.821	O2):42.57	
O1):-0.845	O2):48.516	
O1):-0.819	O2):41.786	
O1):-0.818	O2):42.926	
O1):-0.872	O2):63.05	
O1):-0.821	O2):42.328	
O1):-0.746	O2):35.722	
O1):-0.834	O2):43.925	
O1):-0.803	O2):41.407	
O1):-0.819	O2):44.369	
O1):-0.785	O2):38.103	
O1):-0.798	O2):39.058	
O1):-0.863	O2):54.428	
O1):-0.862	O2):59.627	
O1):-0.823	O2):44.223	
O1):-0.853	O2):49.209	
O1):-0.826	O2):43.895	
O1):-0.816	O2):42.673	
O1):-0.741	O2):34.875	
O1):-0.838	O2):47.301	
O1):-0.846	O2):49.464	
Starting PrismExecutor worker 0 on port 11460
O1):-0.836	O2):48.442	
O1):-0.844	O2):47.807	
Connected worker 0 to port 11460
O1):-0.821	O2):42.335	
O1):-0.799	O2):41.578	
O1):-0.816	O2):41.953	
O1):-0.879	O2):67.715	
O1):-0.796	O2):44.261	
O1):-0.83	O2):43.818	
O1):-0.872	O2):64.053	
O1):-0.771	O2):36.346	
O1):-0.862	O2):53.97	
O1):-0.862	O2):54.393	
O1):-0.853	O2):50.503	
O1):-0.746	O2):35.722	
O1):-0.816	O2):41.758	
O1):-0.728	O2):31.317	
O1):-0.796	O2):37.436	
O1):-0.864	O2):59.27	
O1):-0.819	O2):43.117	
O1):-0.833	O2):43.642	
O1):-0.859	O2):53.339	
O1):-0.772	O2):42.315	
O1):-0.755	O2):34.191	
O1):-0.763	O2):37.301	
O1):-0.827	O2):43.219	
O1):-0.806	O2):41.89	
O1):-0.853	O2):53.199	
O1):-0.871	O2):59.591	
O1):-0.825	O2):42.873	
O1):-0.879	O2):68.976	
O1):-0.788	O2):38.09	
O1):-0.826	O2):45.018	
O1):-0.837	O2):46.754	
O1):-0.853	O2):48.898	
O1):-0.817	O2):42.205	
O1):-0.774	O2):37.094	
O1):-0.806	O2):40.0	
O1):-0.776	O2):36.61	
O1):-0.787	O2):38.433	
O1):-0.786	O2):37.355	
O1):-0.76	O2):36.126	
O1):-0.785	O2):40.52	
O1):-0.755	O2):36.153	
O1):-0.781	O2):37.632	
O1):-0.838	O2):47.468	
O1):-0.836	O2):44.212	
O1):-0.778	O2):37.12	
O1):-0.878	O2):68.831	
O1):-0.771	O2):36.783	
O1):-0.753	O2):34.478	
O1):-0.859	O2):53.376	
O1):-0.808	O2):42.588	
O1):-0.749	O2):35.446	
O1):-0.793	O2):38.129	
O1):-0.749	O2):35.46	
O1):-0.805	O2):42.313	
O1):-0.855	O2):59.127	
O1):-0.832	O2):44.634	
O1):-0.88	O2):64.724	
O1):-0.826	O2):43.012	
O1):-0.819	O2):42.562	
O1):-0.825	O2):44.903	
O1):-0.835	O2):45.361	
O1):-0.757	O2):35.632	
O1):-0.845	O2):49.385	
O1):-0.831	O2):44.119	
O1):-0.828	O2):45.419	
O1):-0.793	O2):41.302	
O1):-0.743	O2):35.331	
O1):-0.801	O2):38.039	
O1):-0.835	O2):44.25	
O1):-0.778	O2):37.115	
O1):-0.793	O2):38.153	
O1):-0.825	O2):42.873	
O1):-0.802	O2):40.117	
O1):-0.816	O2):41.953	
O1):-0.832	O2):43.365	
O1):-0.749	O2):35.46	
O1):-0.778	O2):36.205	
O1):-0.759	O2):35.57	
O1):-0.837	O2):48.974	
O1):-0.817	O2):41.714	
O1):-0.822	O2):43.088	
O1):-0.829	O2):43.786	
O1):-0.809	O2):42.73	
O1):-0.87	O2):59.27	
O1):-0.798	O2):37.964	
O1):-0.817	O2):46.405	
O1):-0.827	O2):43.768	
O1):-0.862	O2):54.071	
O1):-0.829	O2):43.956	
O1):-0.764	O2):38.036	
O1):-0.829	O2):43.691	
O1):-0.767	O2):37.461	
Starting PrismExecutor worker 2 on port 11452
O1):-0.828	O2):45.419	
O1):-0.858	O2):53.066	
O1):-0.805	O2):41.782	
O1):-0.861	O2):53.917	
Connected worker 2 to port 11452
O1):-0.782	O2):36.659	
O1):-0.847	O2):49.599	
O1):-0.758	O2):35.888	
O1):-0.819	O2):42.687	
O1):-0.835	O2):45.432	
Evaluations:	2500
O1):-0.739	O2):36.001	
O1):-0.749	O2):35.46	
O1):-0.779	O2):36.371	
O1):-0.779	O2):36.342	
O1):-0.853	O2):50.334	
O1):-0.793	O2):38.256	
O1):-0.85	O2):55.814	
O1):-0.853	O2):50.334	
O1):-0.819	O2):42.668	
O1):-0.837	O2):46.754	
O1):-0.805	O2):41.782	
O1):-0.755	O2):36.155	
O1):-0.878	O2):64.227	
O1):-0.767	O2):36.836	
O1):-0.733	O2):36.015	
O1):-0.749	O2):35.46	
O1):-0.78	O2):39.946	
O1):-0.843	O2):47.82	
O1):-0.826	O2):43.891	
O1):-0.806	O2):40.0	
O1):-0.88	O2):69.482	
O1):-0.871	O2):59.591	
O1):-0.854	O2):59.199	
O1):-0.842	O2):48.631	
O1):-0.821	O2):42.328	
O1):-0.846	O2):48.326	
O1):-0.818	O2):42.472	
O1):-0.87	O2):59.27	
O1):-0.835	O2):46.2	
O1):-0.83	O2):43.825	
O1):-0.844	O2):50.155	
O1):-0.862	O2):64.484	
O1):-0.792	O2):37.885	
O1):-0.82	O2):42.711	
O1):-0.837	O2):47.312	
O1):-0.861	O2):53.917	
O1):-0.847	O2):49.616	
O1):-0.849	O2):49.73	
O1):-0.726	O2):32.411	
O1):-0.743	O2):33.613	
O1):-0.821	O2):42.328	
O1):-0.835	O2):45.432	
O1):-0.811	O2):41.945	
O1):-0.779	O2):36.342	
O1):-0.833	O2):46.385	
O1):-0.749	O2):35.46	
O1):-0.844	O2):49.23	
O1):-0.794	O2):40.822	
O1):-0.88	O2):68.217	
Evaluations:	2500
O1):-0.77	O2):37.44	
O1):-0.831	O2):43.389	
O1):-0.843	O2):47.696	
O1):-0.801	O2):38.78	
O1):-0.87	O2):59.507	
O1):-0.827	O2):43.978	
O1):-0.821	O2):43.027	
O1):-0.82	O2):44.509	
O1):-0.791	O2):37.98	
O1):-0.834	O2):43.924	
O1):-0.781	O2):37.632	O1):-0.836	
O2):44.201	
O1):-0.766	O2):37.122	
O1):-0.863	O2):54.285	
O1):-0.863	O2):54.282	
O1):-0.811	O2):42.256	
O1):-0.805	O2):41.783	
O1):-0.779	O2):36.342	
O1):-0.772	O2):42.265	
O1):-0.822	O2):43.068	
O1):-0.812	O2):40.455	
O1):-0.821	O2):42.802	
O1):-0.816	O2):41.758	
O1):-0.762	O2):36.632	
Starting PrismExecutor worker 0 on port 11440
O1):-0.863	O2):54.271	
O1):-0.879	O2):68.976	
O1):-0.828	O2):44.191	
O1):-0.712	O2):30.61	
Connected worker 0 to port 11440
O1):-0.862	O2):53.968	
O1):-0.835	O2):46.2	
O1):-0.847	O2):49.616	
O1):-0.749	O2):35.46	
O1):-0.799	O2):38.263	
O1):-0.788	O2):38.723	
O1):-0.83	O2):43.825	
O1):-0.828	O2):43.426	
O1):-0.816	O2):42.673	
O1):-0.871	O2):63.979	
O1):-0.786	O2):40.625	
O1):-0.807	O2):45.872	
O1):-0.848	O2):53.479	
O1):-0.821	O2):42.57	
O1):-0.825	O2):48.016	
O1):-0.745	O2):35.196	
O1):-0.827	O2):43.187	
O1):-0.831	O2):44.796	
O1):-0.779	O2):40.297	
O1):-0.845	O2):48.391	
O1):-0.749	O2):35.46	
O1):-0.828	O2):43.557	
O1):-0.86	O2):53.774	
O1):-0.845	O2):49.155	
O1):-0.819	O2):42.622	
O1):-0.806	O2):40.0	
O1):-0.761	O2):36.439	
O1):-0.778	O2):37.48	
O1):-0.863	O2):54.291	
O1):-0.733	O2):36.009	
O1):-0.846	O2):49.464	
O1):-0.805	O2):42.3	
O1):-0.859	O2):53.396	
O1):-0.767	O2):37.248	
O1):-0.819	O2):42.506	
O1):-0.74	O2):32.79	
O1):-0.831	O2):44.119	
O1):-0.78	O2):45.07	
O1):-0.863	O2):54.302	
O1):-0.853	O2):54.74	
O1):-0.826	O2):43.141	
O1):-0.843	O2):47.827	
O1):-0.863	O2):58.966	
O1):-0.863	O2):54.283	
O1):-0.76	O2):36.114	
O1):-0.838	O2):48.858	
O1):-0.816	O2):42.673	
O1):-0.819	O2):42.561	
O1):-0.862	O2):53.928	
O1):-0.763	O2):36.688	
O1):-0.742	O2):34.98	
O1):-0.846	O2):48.385	
O1):-0.767	O2):37.44	
O1):-0.802	O2):38.142	
O1):-0.78	O2):37.71	
O1):-0.746	O2):33.344	
O1):-0.801	O2):38.78	
O1):-0.863	O2):54.232	
O1):-0.78	O2):40.366	
O1):-0.863	O2):54.232	
O1):-0.834	O2):48.161	
O1):-0.845	O2):48.116	
O1):-0.78	O2):38.941	
O1):-0.834	O2):43.924	
O1):-0.743	O2):33.597	
O1):-0.777	O2):37.022	
O1):-0.83	O2):44.047	
O1):-0.861	O2):53.917	
O1):-0.744	O2):33.889	
O1):-0.834	O2):47.39	
O1):-0.862	O2):54.162	
O1):-0.763	O2):36.756	
O1):-0.853	O2):49.046	
O1):-0.808	O2):43.243	
O1):-0.87	O2):59.274	
O1):-0.816	O2):42.673	
O1):-0.828	O2):43.747	
O1):-0.801	O2):38.78	
O1):-0.793	O2):41.3	
O1):-0.763	O2):36.46	
O1):-0.821	O2):42.328	
O1):-0.832	O2):48.213	
O1):-0.823	O2):44.223	
O1):-0.853	O2):54.386	
O1):-0.834	O2):43.924	
O1):-0.879	O2):68.976	
O1):-0.787	O2):38.704	
O1):-0.838	O2):47.301	
Starting PrismExecutor worker 2 on port 11462
O1):-0.83	O2):43.818	
O1):-0.837	O2):47.294	
O1):-0.82	O2):46.147	
Connected worker 2 to port 11462
Evaluations:	2500
O1):-0.817	O2):41.714	
O1):-0.802	O2):41.979	
O1):-0.859	O2):53.339	
O1):-0.816	O2):41.953	
O1):-0.862	O2):53.928	
O1):-0.749	O2):35.46	
O1):-0.832	O2):43.35	
O1):-0.845	O2):48.499	
O1):-0.838	O2):47.468	
O1):-0.811	O2):40.195	
O1):-0.802	O2):38.142	
O1):-0.776	O2):37.01	
O1):-0.826	O2):43.012	
O1):-0.863	O2):54.232	
O1):-0.853	O2):54.53	
O1):-0.851	O2):52.481	
O1):-0.872	O2):63.05	
O1):-0.741	O2):34.746	
O1):-0.88	O2):69.482	
O1):-0.816	O2):42.673	
O1):-0.817	O2):43.885	
O1):-0.804	O2):38.59	
O1):-0.862	O2):53.987	
O1):-0.758	O2):35.889	
O1):-0.87	O2):59.224	
O1):-0.861	O2):53.917	
O1):-0.83	O2):44.047	
O1):-0.834	O2):44.839	
O1):-0.828	O2):43.691	
O1):-0.773	O2):38.412	
O1):-0.83	O2):43.818	
O1):-0.761	O2):36.1	
O1):-0.816	O2):41.953	
O1):-0.88	O2):69.482	
O1):-0.8	O2):38.492	
O1):-0.749	O2):36.056	
O1):-0.787	O2):37.562	
O1):-0.862	O2):59.422	
O1):-0.821	O2):42.328	
O1):-0.765	O2):36.556	
O1):-0.795	O2):38.407	
O1):-0.817	O2):41.714	
O1):-0.829	O2):43.786	
O1):-0.863	O2):54.431	
O1):-0.795	O2):38.406	
O1):-0.871	O2):63.553	
O1):-0.8	O2):37.769	
O1):-0.868	O2):58.661	
O1):-0.791	O2):38.413	
O1):-0.822	O2):44.136	
O1):-0.806	O2):40.001	
O1):-0.838	O2):47.468	
O1):-0.816	O2):41.953	
O1):-0.838	O2):47.468	
O1):-0.749	O2):35.46	
O1):-0.851	O2):52.481	
O1):-0.794	O2):40.515	
O1):-0.813	O2):42.777	
O1):-0.813	O2):42.777	
O1):-0.82	O2):42.711	
O1):-0.819	O2):42.506	
O1):-0.863	O2):54.232	
O1):-0.863	O2):54.232	
O1):-0.772	O2):40.73	
O1):-0.778	O2):36.084	
O1):-0.779	O2):37.414	
O1):-0.782	O2):39.239	
O1):-0.818	O2):42.455	
O1):-0.8	O2):37.769	
O1):-0.843	O2):47.832	
O1):-0.79	O2):38.091	
O1):-0.846	O2):49.454	
O1):-0.759	O2):35.942	
O1):-0.846	O2):49.466	
O1):-0.843	O2):48.74	
O1):-0.836	O2):45.412	
O1):-0.826	O2):43.896	
O1):-0.718	O2):32.141	
O1):-0.853	O2):48.898	
O1):-0.778	O2):38.906	
O1):-0.837	O2):45.821	
O1):-0.718	O2):32.141	
O1):-0.825	O2):42.873	
O1):-0.862	O2):59.623	
O1):-0.756	O2):36.354	
O1):-0.872	O2):68.232	
O1):-0.816	O2):41.953	
O1):-0.806	O2):40.001	
Starting PrismExecutor worker 3 on port 11403
O1):-0.862	O2):53.97	
O1):-0.786	O2):38.367	
Connected worker 3 to port 11403
O1):-0.79	O2):38.351	
O1):-0.763	O2):37.305	
O1):-0.801	O2):38.78	
O1):-0.778	O2):37.115	
O1):-0.859	O2):53.396	
O1):-0.827	O2):43.967	
O1):-0.795	O2):38.406	
O1):-0.841	O2):48.334	
O1):-0.749	O2):35.46	
O1):-0.801	O2):38.039	
O1):-0.742	O2):34.928	
O1):-0.806	O2):41.89	
O1):-0.822	O2):44.217	
O1):-0.855	O2):53.537	
O1):-0.845	O2):52.939	
O1):-0.87	O2):59.27	
O1):-0.778	O2):41.025	
O1):-0.798	O2):37.964	
O1):-0.828	O2):45.417	
O1):-0.773	O2):37.07	
O1):-0.773	O2):38.284	
O1):-0.826	O2):42.801	
O1):-0.779	O2):36.619	
O1):-0.872	O2):74.16	
O1):-0.779	O2):36.342	
O1):-0.872	O2):64.056	
O1):-0.833	O2):45.076	
O1):-0.871	O2):63.552	
O1):-0.827	O2):46.731	
O1):-0.853	O2):54.53	
O1):-0.854	O2):50.697	
O1):-0.816	O2):41.953	
O1):-0.801	O2):38.039	
O1):-0.805	O2):38.873	
O1):-0.827	O2):43.967	
O1):-0.853	O2):53.058	
O1):-0.816	O2):41.953	
O1):-0.828	O2):43.616	
O1):-0.859	O2):53.344	
O1):-0.749	O2):35.46	
O1):-0.847	O2):59.514	
O1):-0.777	O2):37.022	
O1):-0.821	O2):42.328	
O1):-0.86	O2):53.536	
O1):-0.834	O2):48.161	
O1):-0.806	O2):40.0	
O1):-0.739	O2):32.202	
O1):-0.837	O2):47.312	
O1):-0.86	O2):53.538	
O1):-0.868	O2):58.597	
O1):-0.844	O2):48.836	
O1):-0.781	O2):37.632	
O1):-0.809	O2):43.369	
O1):-0.862	O2):53.986	
O1):-0.766	O2):37.306	
O1):-0.794	O2):44.556	
O1):-0.846	O2):49.464	
O1):-0.816	O2):41.953	
O1):-0.811	O2):40.195	
O1):-0.807	O2):42.958	
O1):-0.742	O2):34.928	
O1):-0.749	O2):35.46	
O1):-0.793	O2):38.193	
O1):-0.871	O2):59.591	
O1):-0.748	O2):33.569	
O1):-0.871	O2):59.585	
O1):-0.822	O2):43.088	
O1):-0.795	O2):38.406	
O1):-0.828	O2):43.691	
O1):-0.802	O2):43.069	
O1):-0.837	O2):65.259	
O1):-0.712	O2):30.61	
O1):-0.805	O2):42.509	
O1):-0.826	O2):43.501	
O1):-0.831	O2):43.385	
O1):-0.759	O2):35.57	
O1):-0.853	O2):50.334	
O1):-0.83	O2):44.047	
O1):-0.806	O2):40.0	
O1):-0.827	O2):43.417	
O1):-0.804	O2):53.947	
O1):-0.777	O2):35.929	
O1):-0.734	O2):33.412	
O1):-0.837	O2):48.551	
O1):-0.733	O2):36.009	
O1):-0.833	O2):44.735	
O1):-0.834	O2):46.299	
O1):-0.864	O2):59.264	
O1):-0.872	O2):63.692	
O1):-0.779	O2):40.192	
O1):-0.79	O2):38.091	
Starting PrismExecutor worker 3 on port 11443
O1):-0.856	O2):69.37	
O1):-0.795	O2):44.965	
Connected worker 3 to port 11443
O1):-0.841	O2):49.084	
O1):-0.78	O2):36.393	
O1):-0.88	O2):65.117	
O1):-0.854	O2):63.475	
O1):-0.87	O2):62.386	
O1):-0.845	O2):48.254	
O1):-0.88	O2):68.217	
O1):-0.82	O2):43.567	
O1):-0.846	O2):48.745	
O1):-0.776	O2):36.61	
O1):-0.777	O2):37.022	
O1):-0.834	O2):43.924	
O1):-0.779	O2):36.342	
O1):-0.773	O2):38.284	
O1):-0.829	O2):43.79	
O1):-0.796	O2):37.436	
O1):-0.805	O2):42.313	
O1):-0.863	O2):54.232	
O1):-0.826	O2):43.079	
O1):-0.804	O2):41.631	
O1):-0.862	O2):53.77	
O1):-0.853	O2):50.503	
O1):-0.792	O2):38.704	
O1):-0.841	O2):47.815	
O1):-0.812	O2):42.422	
O1):-0.816	O2):41.953	
O1):-0.827	O2):43.271	
O1):-0.758	O2):35.888	
O1):-0.816	O2):41.953	
O1):-0.87	O2):59.224	
O1):-0.787	O2):38.434	
O1):-0.816	O2):41.953	
O1):-0.758	O2):35.888	
O1):-0.809	O2):42.864	
O1):-0.853	O2):53.058	
O1):-0.726	O2):31.612	
O1):-0.767	O2):37.248	
O1):-0.749	O2):35.46	
O1):-0.74	O2):32.79	
O1):-0.826	O2):43.115	
O1):-0.749	O2):35.46	
O1):-0.824	O2):44.446	
O1):-0.845	O2):48.254	
O1):-0.803	O2):38.582	
O1):-0.761	O2):36.183	
O1):-0.821	O2):43.101	
O1):-0.829	O2):43.685	
O1):-0.826	O2):43.084	
O1):-0.872	O2):63.05	
O1):-0.844	O2):47.797	
O1):-0.863	O2):54.433	
O1):-0.803	O2):41.408	
O1):-0.829	O2):43.685	
O1):-0.871	O2):59.58	
O1):-0.762	O2):36.632	
O1):-0.828	O2):43.539	
O1):-0.793	O2):41.229	
O1):-0.836	O2):45.412	
O1):-0.834	O2):43.924	
O1):-0.755	O2):34.191	
O1):-0.828	O2):44.441	
O1):-0.827	O2):43.219	
O1):-0.787	O2):38.433	
O1):-0.852	O2):50.172	
O1):-0.827	O2):43.187	
O1):-0.859	O2):53.339	
O1):-0.834	O2):44.841	
O1):-0.816	O2):41.953	
O1):-0.851	O2):53.812	
O1):-0.782	O2):36.659	
O1):-0.837	O2):46.854	
O1):-0.854	O2):53.223	
O1):-0.776	O2):36.61	
O1):-0.766	O2):37.306	
O1):-0.863	O2):58.966	
O1):-0.743	O2):35.139	
O1):-0.828	O2):43.611	
O1):-0.854	O2):59.199	
O1):-0.837	O2):44.657	
O1):-0.846	O2):49.464	
O1):-0.787	O2):43.655	
O1):-0.835	O2):44.138	
O1):-0.816	O2):43.805	
O1):-0.81	O2):42.024	
O1):-0.844	O2):47.948	
O1):-0.821	O2):42.802	
O1):-0.816	O2):41.953	
O1):-0.862	O2):53.986	
O1):-0.824	O2):44.434	
O1):-0.845	O2):49.153	
O1):-0.811	O2):58.55	
O1):-0.779	O2):36.342	
O1):-0.851	O2):52.622	
O1):-0.767	O2):37.248	
Starting PrismExecutor worker 5 on port 11485
O1):-0.826	O2):43.141	
O1):-0.881	O2):68.578	
O1):-0.847	O2):49.585	
Connected worker 5 to port 11485
O1):-0.836	O2):45.412	
O1):-0.82	O2):42.711	
O1):-0.86	O2):53.536	
O1):-0.743	O2):35.331	
O1):-0.795	O2):38.406	
Evaluations:	2500
O1):-0.862	O2):53.928	
O1):-0.837	O2):47.598	
O1):-0.749	O2):35.46	
O1):-0.843	O2):48.738	
O1):-0.834	O2):43.924	
O1):-0.881	O2):73.669	
O1):-0.832	O2):43.368	
O1):-0.827	O2):43.418	
O1):-0.827	O2):46.735	
O1):-0.801	O2):38.273	
O1):-0.834	O2):46.299	
O1):-0.811	O2):42.284	
O1):-0.833	O2):44.735	
O1):-0.828	O2):43.747	
O1):-0.8	O2):41.144	
O1):-0.825	O2):52.712	
O1):-0.872	O2):63.692	
O1):-0.818	O2):50.863	
O1):-0.844	O2):49.047	
O1):-0.767	O2):37.461	
O1):-0.818	O2):42.547	
O1):-0.871	O2):59.591	
O1):-0.827	O2):43.272	
O1):-0.862	O2):59.417	
O1):-0.852	O2):50.348	
O1):-0.787	O2):38.433	
O1):-0.827	O2):43.187	
O1):-0.761	O2):36.1	
O1):-0.817	O2):42.015	
O1):-0.811	O2):40.195	
O1):-0.828	O2):43.378	
O1):-0.846	O2):49.464	
O1):-0.879	O2):68.976	
O1):-0.86	O2):53.536	
O1):-0.845	O2):49.155	
O1):-0.879	O2):68.976	
O1):-0.878	O2):68.829	
O1):-0.821	O2):42.802	
O1):-0.879	O2):68.976	
O1):-0.763	O2):36.062	
O1):-0.879	O2):68.976	
O1):-0.822	O2):44.137	
O1):-0.816	O2):41.953	
O1):-0.862	O2):53.97	
O1):-0.778	O2):37.119	
O1):-0.821	O2):43.028	
O1):-0.802	O2):38.061	
Evaluations:	2700
O1):-0.832	O2):43.367	
O1):-0.77	O2):37.526	
O1):-0.821	O2):42.802	
O1):-0.853	O2):50.334	
O1):-0.853	O2):53.058	
O1):-0.777	O2):37.118	
O1):-0.859	O2):53.339	
O1):-0.784	O2):38.647	
O1):-0.797	O2):44.593	
O1):-0.816	O2):41.953	
O1):-0.859	O2):53.343	
O1):-0.826	O2):43.121	
O1):-0.868	O2):58.661	
O1):-0.726	O2):31.612	
O1):-0.781	O2):37.632	
O1):-0.76	O2):36.099	
O1):-0.802	O2):40.076	
O1):-0.805	O2):41.782	
O1):-0.743	O2):34.932	
O1):-0.879	O2):68.976	
O1):-0.879	O2):68.976	
O1):-0.834	O2):43.925	
Starting PrismExecutor worker 5 on port 11475
O1):-0.846	O2):49.448	
O1):-0.83	O2):43.825	
O1):-0.776	O2):36.61	
O1):-0.808	O2):39.209	
O1):-0.764	O2):39.745	
Connected worker 5 to port 11475
O1):-0.798	O2):37.973	
O1):-0.841	O2):48.432	
O1):-0.782	O2):36.659	
O1):-0.867	O2):58.615	
O1):-0.843	O2):48.688	
O1):-0.75	O2):36.213	
O1):-0.802	O2):40.078	
O1):-0.827	O2):43.271	
O1):-0.78	O2):39.707	
O1):-0.732	O2):31.815	
O1):-0.88	O2):64.724	
O1):-0.836	O2):44.345	
O1):-0.77	O2):37.731	
O1):-0.763	O2):39.529	
O1):-0.77	O2):37.731	
O1):-0.778	O2):36.205	
O1):-0.76	O2):36.12	
O1):-0.766	O2):37.122	
O1):-0.817	O2):41.714	
O1):-0.746	O2):35.722	
O1):-0.837	O2):48.551	
O1):-0.776	O2):35.679	
O1):-0.825	O2):48.002	
O1):-0.801	O2):38.039	
O1):-0.778	O2):36.088	
O1):-0.87	O2):59.27	
O1):-0.768	O2):37.966	
O1):-0.863	O2):58.966	
O1):-0.779	O2):40.6	
O1):-0.862	O2):53.974	
O1):-0.821	O2):42.802	
O1):-0.802	O2):39.116	
O1):-0.749	O2):35.46	
O1):-0.779	O2):40.6	
O1):-0.827	O2):43.274	
O1):-0.79	O2):38.091	
O1):-0.833	O2):46.384	
O1):-0.837	O2):46.755	
O1):-0.804	O2):40.385	
O1):-0.83	O2):43.818	
O1):-0.782	O2):38.941	
O1):-0.777	O2):36.923	
O1):-0.767	O2):37.248	
O1):-0.854	O2):58.232	
O1):-0.827	O2):43.219	
O1):-0.879	O2):68.976	
O1):-0.772	O2):44.439	
O1):-0.862	O2):64.484	
O1):-0.76	O2):36.238	
O1):-0.829	O2):45.301	
O1):-0.818	O2):42.455	
O1):-0.863	O2):58.966	
O1):-0.842	O2):48.526	
O1):-0.828	O2):43.747	
O1):-0.87	O2):59.439	
O1):-0.835	O2):44.25	
O1):-0.854	O2):49.251	
O1):-0.862	O2):53.77	
O1):-0.749	O2):35.46	
O1):-0.779	O2):44.21	
O1):-0.829	O2):43.786	
O1):-0.778	O2):37.119	
O1):-0.831	O2):44.796	
O1):-0.82	O2):47.33	
O1):-0.76	O2):36.098	
O1):-0.778	O2):36.205	
O1):-0.746	O2):33.346	
O1):-0.802	O2):38.134	
O1):-0.816	O2):41.953	
Evaluations:	2300
O1):-0.803	O2):39.196	
O1):-0.803	O2):41.407	
O1):-0.778	O2):36.084	
O1):-0.858	O2):53.206	
O1):-0.809	O2):42.865	
O1):-0.859	O2):53.343	
O1):-0.776	O2):36.61	
O1):-0.787	O2):38.433	
O1):-0.812	O2):58.476	
O1):-0.825	O2):42.873	
O1):-0.773	O2):37.08	
O1):-0.782	O2):39.23	
O1):-0.826	O2):43.141	
O1):-0.817	O2):41.714	
O1):-0.841	O2):49.084	
O1):-0.78	O2):36.393	
Starting PrismExecutor worker 5 on port 11465
O1):-0.863	O2):54.434	
O1):-0.825	O2):44.628	
Connected worker 5 to port 11465
O1):-0.773	O2):38.408	
O1):-0.872	O2):64.053	
O1):-0.764	O2):36.393	
O1):-0.811	O2):41.945	
O1):-0.851	O2):52.481	
O1):-0.829	O2):43.935	
O1):-0.744	O2):34.963	
O1):-0.859	O2):53.244	
O1):-0.845	O2):48.502	
O1):-0.8	O2):39.388	
O1):-0.78	O2):37.616	
O1):-0.836	O2):45.412	
O1):-0.859	O2):53.339	
O1):-0.811	O2):41.945	
O1):-0.775	O2):36.66	
O1):-0.764	O2):39.741	
O1):-0.819	O2):43.117	
O1):-0.808	O2):39.209	
O1):-0.771	O2):40.515	
O1):-0.825	O2):52.583	
O1):-0.759	O2):35.942	
O1):-0.76	O2):36.114	
O1):-0.845	O2):48.116	
O1):-0.829	O2):43.786	
O1):-0.787	O2):37.809	
O1):-0.859	O2):53.396	
O1):-0.86	O2):53.774	
O1):-0.833	O2):43.642	
O1):-0.88	O2):69.482	
O1):-0.763	O2):36.756	
O1):-0.838	O2):47.468	
O1):-0.781	O2):38.896	
O1):-0.778	O2):37.119	
O1):-0.845	O2):49.155	
O1):-0.828	O2):43.691	
O1):-0.795	O2):41.665	
O1):-0.881	O2):68.578	
O1):-0.843	O2):48.688	
O1):-0.863	O2):58.966	
O1):-0.749	O2):36.056	
O1):-0.755	O2):36.153	
O1):-0.828	O2):43.616	
O1):-0.82	O2):43.882	
O1):-0.765	O2):36.556	
O1):-0.763	O2):36.062	
O1):-0.821	O2):42.328	
O1):-0.853	O2):48.898	
O1):-0.871	O2):63.979	
O1):-0.868	O2):58.597	
O1):-0.813	O2):42.911	
O1):-0.813	O2):42.777	
O1):-0.778	O2):37.099	
O1):-0.78	O2):38.924	
Evaluations:	2600
O1):-0.74	O2):32.79	
O1):-0.77	O2):37.203	
O1):-0.853	O2):48.898	
O1):-0.796	O2):44.6	
O1):-0.837	O2):45.721	
O1):-0.758	O2):35.888	
O1):-0.859	O2):53.396	
O1):-0.834	O2):43.924	
O1):-0.855	O2):49.563	
O1):-0.801	O2):38.78	
O1):-0.811	O2):42.286	
O1):-0.76	O2):36.099	
O1):-0.8	O2):38.492	
O1):-0.804	O2):38.59	
O1):-0.853	O2):48.898	
O1):-0.796	O2):41.721	
O1):-0.827	O2):45.325	
O1):-0.826	O2):43.895	
O1):-0.782	O2):36.659	
O1):-0.844	O2):50.294	
O1):-0.767	O2):37.461	
O1):-0.787	O2):38.433	
O1):-0.784	O2):41.541	
O1):-0.759	O2):35.942	
O1):-0.849	O2):49.737	
O1):-0.816	O2):42.673	
O1):-0.828	O2):43.623	
O1):-0.735	O2):31.998	
O1):-0.826	O2):43.895	
O1):-0.86	O2):63.985	
O1):-0.835	O2):46.2	
O1):-0.766	O2):37.122	
O1):-0.862	O2):53.928	
O1):-0.818	O2):42.619	
O1):-0.834	O2):47.39	
O1):-0.827	O2):43.272	
O1):-0.87	O2):59.27	
Starting PrismExecutor worker 4 on port 11464
O1):-0.863	O2):54.302	
O1):-0.778	O2):37.119	
O1):-0.749	O2):35.46	
Connected worker 4 to port 11464
O1):-0.853	O2):54.368	
O1):-0.802	O2):38.143	
O1):-0.829	O2):43.687	
O1):-0.747	O2):35.624	
O1):-0.805	O2):43.593	
O1):-0.796	O2):37.445	
O1):-0.846	O2):49.464	
O1):-0.788	O2):38.723	
O1):-0.773	O2):38.291	
O1):-0.784	O2):40.347	
O1):-0.827	O2):45.109	
O1):-0.735	O2):31.982	
O1):-0.759	O2):35.57	
O1):-0.86	O2):53.536	
O1):-0.835	O2):45.432	
O1):-0.833	O2):47.254	
O1):-0.864	O2):59.264	
O1):-0.862	O2):53.987	
O1):-0.759	O2):35.57	
O1):-0.862	O2):64.483	
O1):-0.775	O2):36.66	
O1):-0.811	O2):42.286	
O1):-0.835	O2):45.432	
O1):-0.853	O2):48.898	
O1):-0.864	O2):73.811	
O1):-0.814	O2):43.545	
O1):-0.835	O2):46.357	
O1):-0.813	O2):68.823	
O1):-0.793	O2):43.974	
O1):-0.88	O2):68.217	
O1):-0.836	O2):48.176	
O1):-0.783	O2):41.357	
O1):-0.764	O2):36.77	
O1):-0.822	O2):47.596	
O1):-0.733	O2):36.009	
O1):-0.785	O2):36.758	
O1):-0.834	O2):43.924	
O1):-0.789	O2):38.055	
O1):-0.802	O2):38.143	
O1):-0.757	O2):36.403	
O1):-0.767	O2):37.254	
O1):-0.809	O2):42.728	
O1):-0.845	O2):48.116	
Evaluations:	2100
O1):-0.837	O2):44.427	
O1):-0.819	O2):43.694	
O1):-0.86	O2):53.774	
O1):-0.868	O2):62.086	
O1):-0.793	O2):38.129	
O1):-0.834	O2):43.924	
O1):-0.76	O2):36.238	
O1):-0.812	O2):42.422	
O1):-0.757	O2):36.403	
O1):-0.864	O2):59.264	
O1):-0.801	O2):41.861	
O1):-0.834	O2):43.924	
O1):-0.879	O2):68.976	
O1):-0.862	O2):53.928	
O1):-0.779	O2):41.72	
O1):-0.878	O2):64.227	
O1):-0.823	O2):44.223	
O1):-0.829	O2):43.79	
O1):-0.789	O2):38.055	
O1):-0.872	O2):64.058	
O1):-0.705	O2):31.354	
O1):-0.88	O2):64.724	
O1):-0.755	O2):34.191	
O1):-0.853	O2):54.162	
O1):-0.871	O2):59.583	
O1):-0.803	O2):39.196	
O1):-0.871	O2):63.552	
O1):-0.759	O2):35.57	
O1):-0.767	O2):37.461	
Evaluations:	2400
O1):-0.827	O2):47.313	
O1):-0.834	O2):43.859	
O1):-0.879	O2):68.976	
O1):-0.835	O2):46.2	
O1):-0.811	O2):42.286	
O1):-0.801	O2):39.955	
O1):-0.822	O2):44.195	
O1):-0.792	O2):40.477	
O1):-0.785	O2):40.52	
O1):-0.746	O2):33.344	
O1):-0.804	O2):38.57	
Starting PrismExecutor worker 4 on port 11424
O1):-0.861	O2):53.972	
O1):-0.803	O2):41.589	
O1):-0.835	O2):46.2	
O1):-0.863	O2):54.266	
Connected worker 4 to port 11424
O1):-0.828	O2):43.616	
O1):-0.863	O2):54.279	
O1):-0.846	O2):49.409	
O1):-0.811	O2):41.945	
O1):-0.852	O2):50.161	
O1):-0.765	O2):36.555	
O1):-0.853	O2):53.058	
O1):-0.827	O2):43.219	
O1):-0.863	O2):54.232	
O1):-0.824	O2):44.548	
O1):-0.854	O2):53.52	
O1):-0.732	O2):31.815	
O1):-0.853	O2):50.503	
O1):-0.793	O2):38.129	
O1):-0.819	O2):43.428	
O1):-0.853	O2):48.9	
O1):-0.853	O2):48.898	
O1):-0.816	O2):42.673	
O1):-0.864	O2):59.264	
O1):-0.871	O2):63.552	
O1):-0.828	O2):45.052	
O1):-0.811	O2):40.195	
O1):-0.834	O2):43.859	
O1):-0.821	O2):42.328	
O1):-0.859	O2):53.339	
O1):-0.787	O2):37.562	
O1):-0.859	O2):53.339	
O1):-0.801	O2):38.039	
O1):-0.871	O2):63.552	
O1):-0.805	O2):64.399	
O1):-0.838	O2):47.301	
O1):-0.796	O2):44.575	
O1):-0.87	O2):59.27	
O1):-0.833	O2):43.646	
O1):-0.741	O2):34.746	
O1):-0.871	O2):59.385	
O1):-0.829	O2):44.031	
O1):-0.76	O2):36.127	
O1):-0.766	O2):37.306	
O1):-0.872	O2):68.233	
O1):-0.825	O2):42.854	
O1):-0.781	O2):37.985	
O1):-0.842	O2):60.284	
O1):-0.743	O2):33.604	
O1):-0.742	O2):34.927	
O1):-0.879	O2):68.976	
O1):-0.828	O2):45.162	
O1):-0.836	O2):44.201	
O1):-0.835	O2):46.2	
O1):-0.86	O2):53.774	
O1):-0.838	O2):47.468	
O1):-0.801	O2):38.039	
O1):-0.879	O2):68.976	
O1):-0.829	O2):43.685	
O1):-0.767	O2):36.836	
O1):-0.863	O2):54.27	
O1):-0.835	O2):45.432	
O1):-0.826	O2):43.012	
O1):-0.816	O2):42.673	
O1):-0.794	O2):44.466	
O1):-0.847	O2):48.695	
O1):-0.787	O2):37.525	
O1):-0.863	O2):54.285	
O1):-0.863	O2):54.232	
O1):-0.705	O2):31.354	
O1):-0.81	O2):42.024	
O1):-0.825	O2):42.854	
O1):-0.853	O2):48.898	
O1):-0.828	O2):43.621	
O1):-0.816	O2):41.816	
O1):-0.863	O2):58.966	
O1):-0.871	O2):59.591	
O1):-0.862	O2):54.103	
O1):-0.844	O2):48.834	
O1):-0.767	O2):37.248	
Evaluations:	2300
O1):-0.801	O2):38.039	
O1):-0.743	O2):35.024	
O1):-0.801	O2):38.78	
O1):-0.812	O2):42.422	
O1):-0.759	O2):35.57	
O1):-0.846	O2):48.385	
O1):-0.792	O2):37.885	
O1):-0.862	O2):64.583	
O1):-0.806	O2):40.001	
Starting PrismExecutor worker 1 on port 11451
O1):-0.834	O2):43.859	
O1):-0.872	O2):68.232	
O1):-0.76	O2):36.238	
O1):-0.837	O2):46.754	
Connected worker 1 to port 11451
O1):-0.788	O2):42.067	
O1):-0.833	O2):44.735	
O1):-0.811	O2):40.195	
O1):-0.806	O2):40.0	
O1):-0.728	O2):31.317	
O1):-0.862	O2):54.147	
O1):-0.782	O2):38.059	
O1):-0.793	O2):38.193	
O1):-0.741	O2):34.746	
O1):-0.88	O2):64.724	
O1):-0.749	O2):36.056	
O1):-0.778	O2):36.205	
O1):-0.822	O2):43.796	
O1):-0.819	O2):42.741	
O1):-0.771	O2):36.783	
O1):-0.871	O2):59.591	
O1):-0.879	O2):68.976	
O1):-0.777	O2):36.923	
O1):-0.864	O2):59.264	
Evaluations:	2600
O1):-0.777	O2):37.014	
O1):-0.842	O2):48.748	
O1):-0.748	O2):33.569	
O1):-0.836	O2):44.204	
O1):-0.825	O2):42.873	
O1):-0.854	O2):59.003	
O1):-0.834	O2):43.924	
O1):-0.741	O2):36.336	
O1):-0.807	O2):42.583	
O1):-0.834	O2):43.924	
O1):-0.813	O2):42.777	
O1):-0.779	O2):39.299	
O1):-0.745	O2):35.196	
O1):-0.821	O2):43.432	
O1):-0.83	O2):48.801	
O1):-0.809	O2):44.977	
O1):-0.801	O2):38.039	
O1):-0.763	O2):36.688	
O1):-0.776	O2):36.61	
O1):-0.854	O2):54.853	
Evaluations:	2600
O1):-0.776	O2):36.61	
O1):-0.822	O2):42.885	
O1):-0.785	O2):40.521	
O1):-0.778	O2):36.267	
O1):-0.764	O2):36.393	
O1):-0.859	O2):53.244	
O1):-0.789	O2):38.055	
O1):-0.771	O2):36.346	
O1):-0.88	O2):69.482	
O1):-0.822	O2):42.885	
O1):-0.853	O2):50.334	
O1):-0.836	O2):44.201	
O1):-0.868	O2):58.661	
O1):-0.804	O2):38.59	
O1):-0.743	O2):33.613	
O1):-0.767	O2):37.461	
O1):-0.846	O2):48.326	
O1):-0.796	O2):41.721	
O1):-0.795	O2):38.406	
O1):-0.812	O2):42.113	
O1):-0.834	O2):43.924	
O1):-0.732	O2):31.619	
O1):-0.749	O2):36.056	
O1):-0.834	O2):43.924	
O1):-0.862	O2):54.306	
O1):-0.745	O2):35.186	
O1):-0.854	O2):53.515	
O1):-0.83	O2):53.209	
O1):-0.86	O2):53.774	
O1):-0.85	O2):50.066	
O1):-0.834	O2):46.071	
O1):-0.793	O2):38.129	
O1):-0.749	O2):35.545	
O1):-0.793	O2):40.549	
O1):-0.862	O2):53.928	
O1):-0.833	O2):45.198	
Starting PrismExecutor worker 4 on port 11474
O1):-0.785	O2):38.025	
Connected worker 4 to port 11474
O1):-0.841	O2):47.252	
O1):-0.781	O2):37.985	
O1):-0.803	O2):39.196	
O1):-0.781	O2):37.985	
O1):-0.709	O2):31.63	
O1):-0.87	O2):63.206	
O1):-0.799	O2):41.391	
O1):-0.771	O2):36.346	
O1):-0.879	O2):68.976	
O1):-0.82	O2):46.743	
O1):-0.813	O2):42.777	
O1):-0.781	O2):37.985	
O1):-0.777	O2):37.013	
O1):-0.76	O2):36.198	
O1):-0.88	O2):69.482	
O1):-0.807	O2):42.955	
O1):-0.829	O2):43.953	
O1):-0.81	O2):42.024	
O1):-0.803	O2):41.407	
O1):-0.741	O2):33.103	
O1):-0.718	O2):32.135	
O1):-0.836	O2):45.412	
O1):-0.835	O2):46.2	
O1):-0.853	O2):50.334	
O1):-0.812	O2):40.455	
O1):-0.853	O2):48.898	
O1):-0.779	O2):36.342	
O1):-0.835	O2):45.36	
O1):-0.823	O2):44.223	
O1):-0.828	O2):43.621	
O1):-0.78	O2):37.71	
O1):-0.791	O2):38.413	
O1):-0.834	O2):43.925	
O1):-0.855	O2):49.563	
O1):-0.83	O2):43.818	
O1):-0.757	O2):38.948	
O1):-0.801	O2):41.644	
O1):-0.818	O2):42.926	
O1):-0.862	O2):53.986	
O1):-0.796	O2):37.445	
O1):-0.828	O2):43.691	
O1):-0.846	O2):49.409	
O1):-0.777	O2):37.022	
O1):-0.821	O2):42.328	
O1):-0.757	O2):36.403	
O1):-0.847	O2):48.696	
O1):-0.789	O2):39.385	
O1):-0.763	O2):36.756	
O1):-0.778	O2):36.205	
O1):-0.844	O2):49.052	
O1):-0.862	O2):53.97	
O1):-0.878	O2):64.227	
O1):-0.793	O2):41.302	
O1):-0.84	O2):49.038	
O1):-0.785	O2):38.342	
O1):-0.878	O2):68.829	
O1):-0.814	O2):44.036	
O1):-0.834	O2):48.046	
O1):-0.732	O2):31.619	
O1):-0.801	O2):39.061	
O1):-0.804	O2):38.673	
O1):-0.741	O2):34.747	
O1):-0.88	O2):64.724	
O1):-0.811	O2):41.945	
O1):-0.851	O2):52.813	
O1):-0.82	O2):42.49	
O1):-0.741	O2):33.097	
O1):-0.811	O2):41.945	
O1):-0.826	O2):43.141	
O1):-0.833	O2):47.819	
O1):-0.76	O2):36.238	
O1):-0.834	O2):43.924	
O1):-0.845	O2):48.116	
O1):-0.822	O2):42.885	
O1):-0.812	O2):42.422	
O1):-0.853	O2):53.199	
O1):-0.859	O2):53.396	
O1):-0.763	O2):36.688	
O1):-0.76	O2):36.114	
O1):-0.793	O2):40.816	
O1):-0.762	O2):36.382	
O1):-0.845	O2):48.116	
O1):-0.859	O2):53.343	
O1):-0.854	O2):49.419	
O1):-0.845	O2):49.156	
O1):-0.766	O2):37.122	
Starting PrismExecutor worker 1 on port 11441
O1):-0.799	O2):38.263	
O1):-0.837	O2):46.619	
Connected worker 1 to port 11441
O1):-0.787	O2):37.562	
O1):-0.82	O2):42.678	
O1):-0.811	O2):42.674	
O1):-0.732	O2):31.619	
O1):-0.853	O2):49.046	
O1):-0.846	O2):48.385	
O1):-0.804	O2):40.385	
O1):-0.806	O2):42.514	
O1):-0.855	O2):53.537	
O1):-0.712	O2):30.61	
O1):-0.873	O2):74.01	
O1):-0.833	O2):43.626	
O1):-0.844	O2):48.834	
O1):-0.831	O2):44.796	
O1):-0.811	O2):44.076	
O1):-0.772	O2):37.968	
O1):-0.733	O2):36.009	
O1):-0.787	O2):37.562	
O1):-0.817	O2):41.948	
O1):-0.88	O2):69.482	
O1):-0.801	O2):38.78	
O1):-0.834	O2):46.071	
O1):-0.806	O2):42.609	
O1):-0.829	O2):43.841	
O1):-0.835	O2):43.88	
O1):-0.757	O2):36.399	
O1):-0.804	O2):41.631	
Evaluations:	2600
O1):-0.741	O2):33.097	
O1):-0.844	O2):48.834	
O1):-0.826	O2):43.141	
O1):-0.835	O2):44.059	
O1):-0.834	O2):43.924	
O1):-0.745	O2):35.196	
O1):-0.78	O2):37.616	
O1):-0.829	O2):43.781	
O1):-0.827	O2):43.148	
O1):-0.793	O2):38.129	
O1):-0.83	O2):44.047	
O1):-0.872	O2):64.053	
O1):-0.858	O2):53.066	
O1):-0.786	O2):40.628	
O1):-0.796	O2):44.603	
O1):-0.741	O2):34.747	
O1):-0.853	O2):50.503	
O1):-0.821	O2):43.036	
O1):-0.851	O2):53.812	
O1):-0.76	O2):36.114	
O1):-0.743	O2):33.597	
O1):-0.88	O2):69.482	
O1):-0.778	O2):37.099	
O1):-0.828	O2):43.691	
O1):-0.819	O2):41.787	
O1):-0.743	O2):38.495	
O1):-0.745	O2):35.196	
O1):-0.843	O2):48.738	
O1):-0.845	O2):49.155	
O1):-0.841	O2):49.261	
O1):-0.758	O2):35.888	
O1):-0.854	O2):59.006	
O1):-0.835	O2):44.138	
O1):-0.832	O2):44.634	
O1):-0.828	O2):43.616	
O1):-0.817	O2):41.714	
O1):-0.826	O2):43.895	
O1):-0.806	O2):40.0	
O1):-0.818	O2):47.536	
O1):-0.759	O2):35.57	
O1):-0.787	O2):38.433	
O1):-0.828	O2):43.616	
O1):-0.785	O2):38.025	
O1):-0.815	O2):43.604	
O1):-0.858	O2):53.027	
O1):-0.788	O2):38.09	
O1):-0.862	O2):53.986	
O1):-0.808	O2):39.209	
O1):-0.842	O2):48.576	
O1):-0.749	O2):35.445	
O1):-0.844	O2):48.834	
O1):-0.828	O2):43.616	
O1):-0.822	O2):44.558	
Starting PrismExecutor worker 0 on port 11410
O1):-0.786	O2):41.006	
O1):-0.829	O2):47.232	
Connected worker 0 to port 11410
O1):-0.836	O2):44.208	
O1):-0.785	O2):40.52	
O1):-0.793	O2):38.195	
O1):-0.767	O2):37.078	
O1):-0.859	O2):53.396	
O1):-0.845	O2):48.115	
O1):-0.819	O2):42.067	
O1):-0.855	O2):53.537	
O1):-0.748	O2):33.569	
O1):-0.855	O2):69.287	
O1):-0.824	O2):44.489	
O1):-0.873	O2):74.009	
O1):-0.818	O2):42.474	
O1):-0.821	O2):47.515	
O1):-0.824	O2):42.659	
O1):-0.816	O2):43.891	
O1):-0.829	O2):43.6	
O1):-0.83	O2):43.818	
O1):-0.853	O2):48.898	
O1):-0.799	O2):41.391	
O1):-0.835	O2):45.36	
O1):-0.742	O2):34.928	
O1):-0.793	O2):38.195	
O1):-0.847	O2):49.616	
O1):-0.834	O2):48.161	
O1):-0.854	O2):50.697	
O1):-0.835	O2):45.36	
O1):-0.77	O2):37.453	
O1):-0.83	O2):44.047	
O1):-0.804	O2):41.624	
O1):-0.781	O2):37.632	
O1):-0.841	O2):48.432	
O1):-0.761	O2):36.1	
O1):-0.834	O2):46.071	
O1):-0.853	O2):48.898	
O1):-0.778	O2):40.582	
O1):-0.871	O2):59.591	
O1):-0.771	O2):36.783	
O1):-0.854	O2):54.507	
O1):-0.834	O2):43.924	
O1):-0.844	O2):47.806	
O1):-0.718	O2):32.141	
O1):-0.801	O2):41.973	
O1):-0.804	O2):41.624	
O1):-0.791	O2):37.98	
O1):-0.829	O2):47.236	
O1):-0.806	O2):40.001	
O1):-0.757	O2):35.625	
O1):-0.821	O2):42.328	
O1):-0.778	O2):37.118	
O1):-0.799	O2):42.996	
O1):-0.806	O2):40.004	
O1):-0.818	O2):42.926	
O1):-0.853	O2):48.898	
O1):-0.777	O2):40.646	
O1):-0.803	O2):41.407	
O1):-0.837	O2):46.854	
O1):-0.819	O2):42.312	
O1):-0.863	O2):54.232	
O1):-0.746	O2):33.344	
O1):-0.863	O2):54.291	
O1):-0.835	O2):45.378	
O1):-0.871	O2):59.507	
O1):-0.757	O2):36.403	
O1):-0.82	O2):42.76	
O1):-0.864	O2):59.271	
O1):-0.787	O2):38.361	
O1):-0.837	O2):45.721	
O1):-0.793	O2):38.129	
O1):-0.799	O2):39.631	
O1):-0.846	O2):48.381	
O1):-0.812	O2):43.075	
O1):-0.846	O2):48.745	
O1):-0.801	O2):41.369	
O1):-0.827	O2):43.942	
O1):-0.812	O2):39.988	
O1):-0.837	O2):45.642	
O1):-0.746	O2):35.722	
O1):-0.76	O2):36.126	
O1):-0.862	O2):54.1	
O1):-0.795	O2):45.012	
O1):-0.748	O2):33.569	
O1):-0.829	O2):43.786	
Starting PrismExecutor worker 2 on port 11492
O1):-0.743	O2):35.024	
Connected worker 2 to port 11492
O1):-0.763	O2):36.082	
O1):-0.804	O2):41.798	
O1):-0.791	O2):37.82	
O1):-0.824	O2):46.876	
O1):-0.821	O2):42.57	
O1):-0.833	O2):44.735	
O1):-0.87	O2):59.224	
O1):-0.726	O2):31.612	
O1):-0.813	O2):42.777	
O1):-0.862	O2):53.928	
O1):-0.829	O2):43.685	
O1):-0.817	O2):41.722	
O1):-0.763	O2):37.302	
O1):-0.819	O2):41.786	
O1):-0.87	O2):59.27	
O1):-0.843	O2):47.82	
O1):-0.829	O2):43.766	
O1):-0.853	O2):48.899	
O1):-0.862	O2):53.987	
O1):-0.778	O2):37.119	
O1):-0.83	O2):43.825	
O1):-0.748	O2):33.569	
O1):-0.811	O2):40.195	
O1):-0.822	O2):43.088	
O1):-0.871	O2):59.58	
O1):-0.763	O2):36.423	
O1):-0.845	O2):48.499	
O1):-0.705	O2):31.36	
O1):-0.788	O2):38.09	
O1):-0.853	O2):48.898	
O1):-0.772	O2):40.656	
O1):-0.78	O2):37.622	
O1):-0.795	O2):38.406	
O1):-0.743	O2):35.024	
O1):-0.828	O2):45.417	
O1):-0.853	O2):48.898	
O1):-0.826	O2):43.141	
O1):-0.767	O2):37.078	
O1):-0.808	O2):43.243	
O1):-0.818	O2):47.858	
O1):-0.826	O2):55.443	
O1):-0.835	O2):46.357	
O1):-0.795	O2):38.483	
O1):-0.804	O2):40.386	
O1):-0.779	O2):36.342	
O1):-0.808	O2):45.929	
O1):-0.758	O2):35.888	
O1):-0.853	O2):53.199	
O1):-0.853	O2):50.334	
O1):-0.846	O2):49.582	
O1):-0.76	O2):36.238	
O1):-0.793	O2):38.129	
O1):-0.862	O2):54.071	
O1):-0.781	O2):37.645	
O1):-0.807	O2):40.171	
O1):-0.777	O2):36.923	
O1):-0.882	O2):78.572	
O1):-0.86	O2):53.536	
O1):-0.811	O2):44.148	
O1):-0.804	O2):38.673	
O1):-0.799	O2):39.402	
O1):-0.78	O2):37.71	
O1):-0.879	O2):68.976	
O1):-0.755	O2):36.155	
O1):-0.748	O2):33.569	
O1):-0.826	O2):43.141	
O1):-0.828	O2):43.623	
O1):-0.834	O2):43.924	
O1):-0.768	O2):37.443	
O1):-0.785	O2):36.758	
O1):-0.779	O2):36.502	
O1):-0.821	O2):42.57	
O1):-0.862	O2):53.772	
O1):-0.712	O2):30.61	
O1):-0.806	O2):40.001	
O1):-0.834	O2):48.161	
O1):-0.822	O2):44.194	
O1):-0.859	O2):53.396	
O1):-0.879	O2):68.976	
O1):-0.76	O2):36.114	
O1):-0.781	O2):37.632	
O1):-0.793	O2):38.129	
O1):-0.755	O2):34.191	
O1):-0.804	O2):38.892	
O1):-0.798	O2):39.058	
O1):-0.838	O2):47.466	
O1):-0.846	O2):49.448	
O1):-0.821	O2):42.8	
Starting PrismExecutor worker 3 on port 11413
O1):-0.822	O2):44.586	
O1):-0.764	O2):36.77	
O1):-0.801	O2):38.039	
Connected worker 3 to port 11413
O1):-0.853	O2):50.334	
O1):-0.743	O2):35.024	
O1):-0.853	O2):48.898	
O1):-0.854	O2):50.697	
O1):-0.845	O2):48.116	
O1):-0.851	O2):52.481	
O1):-0.834	O2):43.95	
O1):-0.757	O2):38.948	
O1):-0.863	O2):54.286	
O1):-0.777	O2):36.943	
O1):-0.83	O2):43.825	
O1):-0.87	O2):59.27	
O1):-0.786	O2):38.362	
O1):-0.811	O2):40.195	
O1):-0.765	O2):36.555	
O1):-0.829	O2):45.488	
O1):-0.824	O2):44.434	
O1):-0.828	O2):43.694	
O1):-0.733	O2):36.009	
O1):-0.854	O2):49.251	
O1):-0.86	O2):53.769	
O1):-0.838	O2):47.468	
O1):-0.816	O2):42.673	
O1):-0.807	O2):42.584	
O1):-0.815	O2):43.611	
O1):-0.847	O2):49.585	
O1):-0.855	O2):49.563	
O1):-0.836	O2):44.201	
O1):-0.785	O2):36.758	
O1):-0.798	O2):39.058	
O1):-0.781	O2):37.632	
O1):-0.828	O2):45.417	
O1):-0.804	O2):38.59	
O1):-0.862	O2):53.931	
O1):-0.733	O2):36.009	
O1):-0.8	O2):37.769	
O1):-0.787	O2):37.809	
O1):-0.745	O2):35.196	
O1):-0.841	O2):56.887	
O1):-0.863	O2):54.266	
O1):-0.825	O2):48.997	
O1):-0.767	O2):37.461	
O1):-0.751	O2):35.91	
O1):-0.801	O2):41.973	
O1):-0.853	O2):48.899	
O1):-0.837	O2):46.854	
O1):-0.778	O2):37.12	
O1):-0.835	O2):46.357	
O1):-0.826	O2):43.895	
O1):-0.847	O2):49.585	
O1):-0.846	O2):48.381	
O1):-0.837	O2):47.312	
O1):-0.732	O2):31.619	
O1):-0.834	O2):43.924	
O1):-0.728	O2):31.318	
O1):-0.814	O2):45.644	
O1):-0.786	O2):37.355	
O1):-0.798	O2):39.322	
O1):-0.845	O2):54.205	
O1):-0.712	O2):31.869	
O1):-0.765	O2):37.289	
O1):-0.849	O2):49.909	
O1):-0.813	O2):42.777	
O1):-0.828	O2):43.694	
O1):-0.863	O2):54.291	
O1):-0.804	O2):40.385	
O1):-0.814	O2):43.545	
O1):-0.842	O2):48.528	
O1):-0.837	O2):54.252	
O1):-0.83	O2):44.047	
O1):-0.826	O2):43.473	
O1):-0.793	O2):38.195	
O1):-0.88	O2):64.724	
O1):-0.859	O2):53.339	
O1):-0.785	O2):38.063	
O1):-0.853	O2):48.898	
O1):-0.733	O2):36.009	
O1):-0.838	O2):47.468	
O1):-0.88	O2):69.482	
O1):-0.794	O2):38.28	
O1):-0.779	O2):36.342	
O1):-0.819	O2):42.668	
O1):-0.803	O2):38.534	
O1):-0.785	O2):40.52	
O1):-0.862	O2):53.77	
O1):-0.806	O2):40.0	
O1):-0.853	O2):49.108	
O1):-0.788	O2):38.09	
O1):-0.817	O2):46.378	
O1):-0.845	O2):49.189	
O1):-0.77	O2):37.526	
O1):-0.834	O2):43.924	
Starting PrismExecutor worker 4 on port 11434
O1):-0.871	O2):63.552	
O1):-0.732	O2):31.619	
O1):-0.878	O2):64.227	
Connected worker 4 to port 11434
O1):-0.759	O2):35.882	
O1):-0.798	O2):37.964	
O1):-0.806	O2):40.0	
O1):-0.872	O2):63.05	
O1):-0.728	O2):32.435	
Evaluations:	2800
O1):-0.843	O2):49.539	
O1):-0.872	O2):64.057	
O1):-0.712	O2):30.61	
O1):-0.812	O2):42.422	
O1):-0.821	O2):43.728	
O1):-0.715	O2):30.845	
O1):-0.769	O2):37.25	
O1):-0.803	O2):38.582	
O1):-0.862	O2):53.77	
O1):-0.86	O2):53.536	
O1):-0.732	O2):31.619	
O1):-0.748	O2):35.339	
O1):-0.871	O2):59.368	
O1):-0.777	O2):37.212	
O1):-0.761	O2):36.1	
O1):-0.798	O2):37.973	
O1):-0.871	O2):59.58	
O1):-0.832	O2):43.365	
O1):-0.868	O2):58.661	
O1):-0.846	O2):49.464	
O1):-0.78	O2):45.202	
O1):-0.805	O2):42.171	
O1):-0.769	O2):37.496	
O1):-0.871	O2):63.552	
O1):-0.835	O2):46.357	
O1):-0.871	O2):59.507	
O1):-0.87	O2):58.909	
O1):-0.835	O2):45.432	
O1):-0.851	O2):52.622	
O1):-0.834	O2):43.924	
O1):-0.811	O2):42.284	
O1):-0.812	O2):42.114	
Evaluations:	2600
O1):-0.818	O2):47.53	
O1):-0.828	O2):45.052	
O1):-0.826	O2):43.079	
O1):-0.728	O2):31.317	
O1):-0.761	O2):36.1	
O1):-0.837	O2):44.427	
O1):-0.773	O2):38.291	
O1):-0.758	O2):39.096	
O1):-0.804	O2):40.385	
O1):-0.776	O2):39.613	
O1):-0.818	O2):41.801	
O1):-0.803	O2):41.407	
O1):-0.789	O2):44.12	
O1):-0.868	O2):58.819	
O1):-0.863	O2):54.232	
O1):-0.802	O2):38.061	
O1):-0.78	O2):37.709	
O1):-0.802	O2):38.061	
O1):-0.837	O2):46.754	
O1):-0.807	O2):42.958	
O1):-0.835	O2):46.357	
O1):-0.838	O2):47.301	
O1):-0.809	O2):43.367	
O1):-0.86	O2):53.536	
O1):-0.779	O2):40.6	
O1):-0.767	O2):37.078	
O1):-0.8	O2):39.527	
O1):-0.781	O2):38.916	
O1):-0.807	O2):42.584	
O1):-0.748	O2):37.137	
O1):-0.712	O2):30.61	
O1):-0.835	O2):44.059	
O1):-0.821	O2):42.802	
O1):-0.776	O2):36.61	
O1):-0.853	O2):48.898	
O1):-0.868	O2):58.597	
O1):-0.786	O2):40.625	
O1):-0.846	O2):49.454	
O1):-0.878	O2):68.829	
O1):-0.824	O2):42.541	
O1):-0.817	O2):46.378	
Starting PrismExecutor worker 3 on port 11483
O1):-0.78	O2):36.393	
O1):-0.785	O2):43.107	
O1):-0.776	O2):35.679	
O1):-0.88	O2):69.482	
Connected worker 3 to port 11483
O1):-0.853	O2):53.199	
O1):-0.872	O2):63.692	
O1):-0.835	O2):44.125	
O1):-0.88	O2):69.482	
O1):-0.81	O2):39.562	
O1):-0.863	O2):54.291	
O1):-0.831	O2):44.119	
O1):-0.821	O2):42.954	
O1):-0.78	O2):36.393	
O1):-0.834	O2):54.255	
O1):-0.748	O2):33.569	
O1):-0.778	O2):39.992	
O1):-0.838	O2):44.727	
O1):-0.785	O2):38.025	
O1):-0.855	O2):69.365	
O1):-0.788	O2):42.714	
O1):-0.828	O2):45.049	
O1):-0.842	O2):48.538	
O1):-0.826	O2):45.015	
O1):-0.821	O2):42.328	
O1):-0.82	O2):43.691	
O1):-0.808	O2):46.143	
O1):-0.835	O2):45.36	
O1):-0.789	O2):38.055	
O1):-0.872	O2):68.232	
O1):-0.811	O2):41.945	
O1):-0.789	O2):38.055	
O1):-0.817	O2):41.714	
O1):-0.742	O2):34.928	
O1):-0.827	O2):43.39	
O1):-0.824	O2):47.566	
O1):-0.817	O2):41.714	
O1):-0.758	O2):35.724	
O1):-0.835	O2):45.36	
O1):-0.803	O2):41.413	
O1):-0.733	O2):36.009	
O1):-0.726	O2):31.612	
O1):-0.811	O2):42.284	
O1):-0.753	O2):34.478	
O1):-0.779	O2):36.371	
O1):-0.862	O2):53.928	
O1):-0.871	O2):63.979	
O1):-0.744	O2):33.89	
O1):-0.845	O2):47.96	
O1):-0.834	O2):43.924	
O1):-0.834	O2):48.161	
O1):-0.847	O2):49.585	
O1):-0.872	O2):64.053	
O1):-0.762	O2):36.632	
O1):-0.78	O2):37.616	
O1):-0.805	O2):42.335	
O1):-0.851	O2):52.481	
O1):-0.829	O2):45.327	
O1):-0.863	O2):58.966	
O1):-0.828	O2):43.694	
O1):-0.793	O2):38.129	
O1):-0.735	O2):31.982	
O1):-0.787	O2):38.433	
O1):-0.778	O2):36.084	
O1):-0.846	O2):49.306	
O1):-0.816	O2):42.673	
O1):-0.855	O2):53.537	
O1):-0.827	O2):43.271	
O1):-0.862	O2):53.97	
O1):-0.819	O2):42.561	
O1):-0.811	O2):43.785	
O1):-0.825	O2):44.628	
O1):-0.845	O2):49.155	
O1):-0.859	O2):53.278	
O1):-0.776	O2):35.679	
O1):-0.872	O2):64.053	
O1):-0.854	O2):59.199	
O1):-0.832	O2):44.634	
O1):-0.759	O2):35.942	
O1):-0.739	O2):32.202	
O1):-0.798	O2):42.338	
O1):-0.758	O2):35.724	
O1):-0.862	O2):53.986	
O1):-0.835	O2):46.357	
Evaluations:	2700
O1):-0.853	O2):48.898	
O1):-0.747	O2):33.446	
O1):-0.826	O2):43.14	
O1):-0.862	O2):64.583	
O1):-0.821	O2):42.328	
O1):-0.811	O2):40.195	
Starting PrismExecutor worker 1 on port 11481
O1):-0.868	O2):58.661	
O1):-0.829	O2):43.685	
Connected worker 1 to port 11481
O1):-0.862	O2):53.987	
O1):-0.801	O2):41.644	
O1):-0.838	O2):47.301	
O1):-0.828	O2):44.441	
O1):-0.829	O2):43.685	
O1):-0.797	O2):44.514	
O1):-0.88	O2):69.482	
O1):-0.859	O2):53.396	
O1):-0.825	O2):44.626	
O1):-0.765	O2):43.064	
O1):-0.801	O2):38.78	
O1):-0.844	O2):47.806	
O1):-0.794	O2):38.28	
O1):-0.879	O2):68.976	
O1):-0.858	O2):53.066	
O1):-0.805	O2):39.861	
O1):-0.871	O2):59.385	
O1):-0.806	O2):42.21	
O1):-0.788	O2):38.09	
O1):-0.853	O2):48.898	
O1):-0.814	O2):43.546	
O1):-0.871	O2):59.58	
O1):-0.767	O2):37.078	
O1):-0.834	O2):43.924	
O1):-0.799	O2):39.188	
O1):-0.796	O2):44.6	
O1):-0.838	O2):47.301	
O1):-0.859	O2):53.244	
O1):-0.844	O2):48.099	
O1):-0.87	O2):59.27	
O1):-0.823	O2):44.223	
O1):-0.821	O2):42.57	
O1):-0.787	O2):40.797	
O1):-0.821	O2):42.788	
O1):-0.82	O2):45.907	
O1):-0.818	O2):42.926	
O1):-0.812	O2):40.293	
O1):-0.845	O2):48.362	
O1):-0.743	O2):33.597	
O1):-0.844	O2):49.047	
O1):-0.829	O2):43.675	
O1):-0.781	O2):38.135	
O1):-0.78	O2):37.71	
O1):-0.858	O2):53.066	
O1):-0.827	O2):43.272	
O1):-0.811	O2):41.945	
O1):-0.785	O2):40.52	
O1):-0.773	O2):37.07	
O1):-0.805	O2):41.695	
O1):-0.862	O2):54.071	
O1):-0.741	O2):33.09	
O1):-0.787	O2):37.8	
O1):-0.726	O2):31.612	
O1):-0.828	O2):43.434	
O1):-0.846	O2):48.326	
O1):-0.88	O2):69.482	
O1):-0.704	O2):31.664	
O1):-0.726	O2):31.612	
O1):-0.802	O2):41.394	
O1):-0.818	O2):42.619	
O1):-0.836	O2):48.395	
O1):-0.859	O2):53.343	
O1):-0.779	O2):36.427	
O1):-0.853	O2):48.898	
O1):-0.871	O2):59.58	
O1):-0.845	O2):49.155	
O1):-0.834	O2):43.924	
O1):-0.779	O2):36.337	
O1):-0.833	O2):47.254	
O1):-0.762	O2):36.632	
O1):-0.846	O2):49.448	
O1):-0.821	O2):42.57	
O1):-0.83	O2):43.82	
O1):-0.821	O2):46.273	
O1):-0.781	O2):37.985	
O1):-0.767	O2):37.493	
O1):-0.827	O2):43.389	
O1):-0.837	O2):47.685	
O1):-0.82	O2):42.71	
O1):-0.88	O2):69.482	
O1):-0.806	O2):40.004	
O1):-0.821	O2):42.57	
O1):-0.879	O2):68.987	
O1):-0.759	O2):35.942	
O1):-0.728	O2):32.435	
O1):-0.811	O2):42.288	
O1):-0.862	O2):53.986	
O1):-0.822	O2):43.091	
O1):-0.82	O2):42.49	
O1):-0.861	O2):53.846	
Starting PrismExecutor worker 0 on port 11400
O1):-0.806	O2):40.0	
O1):-0.752	O2):34.61	
O1):-0.847	O2):49.602	
O1):-0.853	O2):48.898	
Connected worker 0 to port 11400
O1):-0.777	O2):35.929	
O1):-0.817	O2):43.885	
O1):-0.804	O2):38.59	
O1):-0.824	O2):42.659	
O1):-0.805	O2):41.695	
O1):-0.846	O2):48.325	
O1):-0.873	O2):74.009	
O1):-0.819	O2):43.117	
O1):-0.835	O2):46.357	
O1):-0.842	O2):48.523	
O1):-0.845	O2):48.254	
O1):-0.755	O2):36.153	
O1):-0.778	O2):37.479	
O1):-0.853	O2):48.898	
O1):-0.806	O2):40.0	
O1):-0.863	O2):54.291	
O1):-0.808	O2):42.558	
O1):-0.8	O2):37.769	
O1):-0.808	O2):43.249	
O1):-0.745	O2):35.186	
O1):-0.776	O2):36.61	
O1):-0.801	O2):48.47	
O1):-0.832	O2):47.98	
O1):-0.816	O2):42.673	
O1):-0.762	O2):36.632	
O1):-0.796	O2):41.721	
O1):-0.86	O2):53.536	
O1):-0.853	O2):50.503	
O1):-0.781	O2):38.315	
O1):-0.845	O2):49.155	
O1):-0.791	O2):37.98	
O1):-0.812	O2):42.113	
O1):-0.743	O2):35.341	
O1):-0.853	O2):48.899	
O1):-0.799	O2):38.263	
O1):-0.821	O2):43.026	
O1):-0.834	O2):43.859	
O1):-0.803	O2):39.196	
O1):-0.801	O2):38.032	
O1):-0.863	O2):54.285	
O1):-0.88	O2):64.724	
O1):-0.829	O2):43.687	
O1):-0.803	O2):41.407	
O1):-0.837	O2):46.754	
O1):-0.879	O2):68.976	
O1):-0.849	O2):49.73	
O1):-0.852	O2):48.904	
O1):-0.811	O2):42.516	
O1):-0.811	O2):47.896	
O1):-0.793	O2):38.129	
O1):-0.749	O2):36.056	
O1):-0.789	O2):38.055	
O1):-0.796	O2):37.436	
O1):-0.833	O2):48.294	
O1):-0.781	O2):37.632	
O1):-0.718	O2):32.135	
O1):-0.789	O2):42.53	
O1):-0.862	O2):53.968	
O1):-0.805	O2):39.861	
O1):-0.842	O2):48.576	
O1):-0.795	O2):41.713	
O1):-0.82	O2):42.49	
O1):-0.82	O2):42.678	
O1):-0.791	O2):37.98	
O1):-0.842	O2):48.525	
O1):-0.836	O2):48.396	
O1):-0.846	O2):49.464	
O1):-0.805	O2):39.861	
O1):-0.872	O2):68.232	
O1):-0.822	O2):43.088	
O1):-0.835	O2):45.432	
O1):-0.843	O2):47.832	
O1):-0.796	O2):41.656	
O1):-0.88	O2):64.724	
O1):-0.735	O2):35.48	
O1):-0.747	O2):35.26	
O1):-0.801	O2):38.039	
O1):-0.777	O2):39.806	
O1):-0.816	O2):42.673	
O1):-0.818	O2):42.926	
O1):-0.845	O2):49.797	
O1):-0.862	O2):53.987	
O1):-0.741	O2):34.747	
O1):-0.802	O2):41.394	
O1):-0.878	O2):68.829	
O1):-0.793	O2):40.078	
O1):-0.85	O2):49.739	
O1):-0.825	O2):42.873	
O1):-0.771	O2):36.783	
O1):-0.845	O2):48.499	
Starting PrismExecutor worker 1 on port 11411
O1):-0.834	O2):43.859	
O1):-0.837	O2):46.854	
Connected worker 1 to port 11411
O1):-0.749	O2):35.883	
O1):-0.764	O2):36.393	
O1):-0.811	O2):40.195	
O1):-0.821	O2):46.275	
O1):-0.836	O2):44.201	
O1):-0.834	O2):46.071	
O1):-0.808	O2):43.243	
O1):-0.845	O2):48.254	
O1):-0.793	O2):38.131	
O1):-0.833	O2):47.879	
O1):-0.777	O2):36.923	
O1):-0.842	O2):48.64	
O1):-0.844	O2):49.26	
O1):-0.81	O2):42.025	
O1):-0.871	O2):63.978	
O1):-0.86	O2):53.42	
O1):-0.861	O2):53.845	
O1):-0.833	O2):43.498	
O1):-0.879	O2):68.976	
O1):-0.819	O2):42.073	
O1):-0.859	O2):53.244	
O1):-0.783	O2):40.159	
O1):-0.845	O2):48.116	
O1):-0.846	O2):49.454	
O1):-0.733	O2):36.009	
O1):-0.853	O2):53.199	
O1):-0.821	O2):43.028	
O1):-0.835	O2):43.88	
O1):-0.742	O2):35.076	
O1):-0.844	O2):47.797	
O1):-0.872	O2):68.232	
O1):-0.855	O2):49.563	
O1):-0.837	O2):47.337	
O1):-0.792	O2):40.96	
O1):-0.846	O2):49.464	
O1):-0.846	O2):48.381	
O1):-0.761	O2):36.1	
O1):-0.785	O2):36.884	
O1):-0.77	O2):37.731	
O1):-0.827	O2):43.219	
O1):-0.793	O2):38.129	
O1):-0.805	O2):41.695	
O1):-0.845	O2):48.116	
O1):-0.861	O2):53.972	
O1):-0.821	O2):42.802	
Evaluations:	2500
O1):-0.816	O2):46.243	
O1):-0.837	O2):46.754	
O1):-0.835	O2):46.2	
O1):-0.745	O2):35.196	
O1):-0.796	O2):41.804	
O1):-0.818	O2):42.557	
O1):-0.828	O2):43.694	
O1):-0.851	O2):57.191	
O1):-0.817	O2):41.714	
O1):-0.834	O2):43.925	
O1):-0.793	O2):38.129	
O1):-0.835	O2):46.2	
O1):-0.793	O2):43.691	
O1):-0.762	O2):36.632	
O1):-0.845	O2):49.335	
O1):-0.796	O2):41.549	
O1):-0.847	O2):48.696	
O1):-0.817	O2):46.0	
O1):-0.843	O2):48.965	
O1):-0.77	O2):37.731	
Evaluations:	2700
O1):-0.853	O2):48.898	
Evaluations:	2400
O1):-0.825	O2):42.873	
O1):-0.746	O2):33.344	
O1):-0.845	O2):49.337	
O1):-0.732	O2):31.619	
O1):-0.834	O2):48.164	
O1):-0.806	O2):39.999	
O1):-0.742	O2):35.951	
O1):-0.78	O2):37.828	
O1):-0.826	O2):43.117	
O1):-0.795	O2):38.406	
O1):-0.759	O2):35.948	
O1):-0.828	O2):43.691	
O1):-0.844	O2):49.045	
Evaluations:	2700
O1):-0.845	O2):49.528	
O1):-0.861	O2):53.845	
O1):-0.763	O2):37.301	
Starting PrismExecutor worker 0 on port 11490
O1):-0.776	O2):39.62	
O1):-0.785	O2):43.107	
Connected worker 0 to port 11490
O1):-0.844	O2):47.797	
O1):-0.829	O2):43.685	
O1):-0.853	O2):50.334	
O1):-0.853	O2):50.334	
O1):-0.872	O2):64.053	
O1):-0.872	O2):64.053	
O1):-0.827	O2):43.271	
O1):-0.879	O2):68.976	
O1):-0.756	O2):34.196	
O1):-0.741	O2):33.097	
O1):-0.844	O2):49.021	
O1):-0.826	O2):43.141	
O1):-0.862	O2):53.986	
O1):-0.871	O2):59.368	
O1):-0.718	O2):32.141	
O1):-0.716	O2):31.155	
O1):-0.829	O2):43.685	
O1):-0.763	O2):36.756	
O1):-0.859	O2):53.396	
O1):-0.705	O2):31.354	
O1):-0.799	O2):38.263	
O1):-0.878	O2):64.227	
O1):-0.799	O2):38.263	
O1):-0.764	O2):37.712	
O1):-0.804	O2):41.797	
O1):-0.746	O2):33.344	
O1):-0.836	O2):47.705	
O1):-0.845	O2):48.362	
O1):-0.878	O2):68.829	
O1):-0.872	O2):64.057	
O1):-0.776	O2):35.675	
O1):-0.748	O2):33.569	
O1):-0.842	O2):47.671	
O1):-0.86	O2):63.986	
O1):-0.811	O2):40.195	
O1):-0.859	O2):53.419	
O1):-0.778	O2):41.225	
O1):-0.807	O2):40.251	
O1):-0.78	O2):36.393	
O1):-0.742	O2):34.978	
O1):-0.778	O2):41.225	
O1):-0.792	O2):37.885	
O1):-0.868	O2):58.597	
O1):-0.78	O2):37.622	
O1):-0.778	O2):41.225	
O1):-0.826	O2):43.141	
O1):-0.846	O2):49.454	
O1):-0.764	O2):39.666	
O1):-0.783	O2):40.326	
O1):-0.772	O2):37.976	
O1):-0.819	O2):42.668	
O1):-0.854	O2):54.855	
O1):-0.8	O2):37.769	
O1):-0.834	O2):46.071	
O1):-0.863	O2):54.302	
O1):-0.811	O2):41.945	
O1):-0.826	O2):43.012	
O1):-0.781	O2):36.526	
O1):-0.837	O2):45.642	
O1):-0.834	O2):43.924	
O1):-0.834	O2):43.924	
O1):-0.764	O2):36.393	
O1):-0.781	O2):39.231	
O1):-0.819	O2):41.786	
O1):-0.87	O2):59.224	
O1):-0.821	O2):43.028	
O1):-0.87	O2):59.224	
O1):-0.879	O2):68.976	
O1):-0.777	O2):39.805	
O1):-0.853	O2):48.899	
O1):-0.773	O2):38.366	
O1):-0.829	O2):43.685	
O1):-0.757	O2):39.04	
O1):-0.88	O2):65.117	
O1):-0.763	O2):37.561	
O1):-0.802	O2):40.076	
O1):-0.871	O2):63.979	
O1):-0.778	O2):36.205	
O1):-0.777	O2):36.923	
O1):-0.826	O2):43.146	
O1):-0.872	O2):64.053	
O1):-0.831	O2):44.796	
O1):-0.739	O2):32.202	
O1):-0.791	O2):38.412	
O1):-0.818	O2):42.926	
O1):-0.797	O2):42.633	
O1):-0.851	O2):48.688	
Evaluations:	2200
O1):-0.799	O2):39.189	
O1):-0.732	O2):31.815	
Starting PrismExecutor worker 0 on port 11470
O1):-0.826	O2):43.141	
O1):-0.731	O2):31.441	
O1):-0.828	O2):43.616	
O1):-0.82	O2):42.49	
O1):-0.788	O2):38.723	
Connected worker 0 to port 11470
O1):-0.842	O2):48.523	
O1):-0.871	O2):59.385	
O1):-0.8	O2):37.769	
O1):-0.78	O2):37.71	
O1):-0.782	O2):41.353	
O1):-0.871	O2):59.368	
O1):-0.792	O2):37.885	
O1):-0.871	O2):59.58	
O1):-0.801	O2):38.039	
O1):-0.834	O2):46.299	
O1):-0.82	O2):42.077	
O1):-0.743	O2):33.604	
O1):-0.834	O2):43.924	
O1):-0.781	O2):37.661	
Evaluations:	2400
O1):-0.803	O2):38.582	
O1):-0.846	O2):49.464	
O1):-0.846	O2):48.381	
O1):-0.847	O2):49.585	
O1):-0.809	O2):42.864	
O1):-0.742	O2):34.927	
O1):-0.78	O2):36.4	
O1):-0.834	O2):43.924	
O1):-0.854	O2):59.196	
O1):-0.781	O2):37.985	
O1):-0.828	O2):43.616	
O1):-0.818	O2):42.926	
O1):-0.809	O2):43.367	
O1):-0.854	O2):69.987	
O1):-0.785	O2):38.025	
O1):-0.8	O2):37.769	
O1):-0.863	O2):54.285	
O1):-0.769	O2):37.499	
O1):-0.817	O2):41.714	
O1):-0.77	O2):37.526	
O1):-0.826	O2):43.896	
O1):-0.878	O2):64.227	
O1):-0.811	O2):41.945	
O1):-0.838	O2):47.301	
O1):-0.758	O2):35.888	
O1):-0.785	O2):38.063	
O1):-0.771	O2):36.783	
O1):-0.854	O2):58.929	
O1):-0.862	O2):54.071	
O1):-0.799	O2):39.362	
O1):-0.836	O2):50.838	
O1):-0.872	O2):64.053	
O1):-0.838	O2):47.301	
O1):-0.862	O2):53.97	
O1):-0.818	O2):42.926	
O1):-0.847	O2):49.616	
O1):-0.863	O2):54.232	
O1):-0.776	O2):36.61	
O1):-0.851	O2):52.481	
O1):-0.807	O2):42.347	
O1):-0.789	O2):38.055	
O1):-0.841	O2):48.432	
O1):-0.811	O2):40.195	
O1):-0.846	O2):48.214	
O1):-0.824	O2):44.548	
O1):-0.836	O2):45.412	
O1):-0.764	O2):36.393	
O1):-0.854	O2):53.223	
O1):-0.808	O2):43.263	
O1):-0.804	O2):38.57	
O1):-0.784	O2):40.357	
O1):-0.811	O2):40.195	
O1):-0.728	O2):31.317	
O1):-0.811	O2):40.201	
O1):-0.872	O2):62.991	
O1):-0.833	O2):43.745	
O1):-0.881	O2):68.578	
O1):-0.86	O2):53.774	
O1):-0.818	O2):42.437	
O1):-0.845	O2):48.499	
O1):-0.853	O2):53.199	
O1):-0.821	O2):42.328	
O1):-0.802	O2):39.116	
O1):-0.845	O2):48.254	
Starting PrismExecutor worker 1 on port 11401
O1):-0.834	O2):46.447	
O1):-0.786	O2):40.626	
Connected worker 1 to port 11401
O1):-0.821	O2):43.448	
O1):-0.862	O2):53.987	
O1):-0.827	O2):45.109	
O1):-0.813	O2):42.908	
O1):-0.855	O2):63.459	
O1):-0.85	O2):50.063	
O1):-0.836	O2):45.412	
O1):-0.872	O2):63.692	
O1):-0.809	O2):43.367	
O1):-0.834	O2):43.924	
O1):-0.85	O2):48.476	
O1):-0.817	O2):41.714	
O1):-0.818	O2):42.558	
O1):-0.805	O2):41.782	
O1):-0.844	O2):48.83	
O1):-0.789	O2):38.055	
O1):-0.755	O2):36.153	
O1):-0.778	O2):36.084	
O1):-0.755	O2):36.153	
O1):-0.825	O2):44.626	
O1):-0.787	O2):38.433	
O1):-0.772	O2):37.722	
O1):-0.836	O2):45.412	
O1):-0.827	O2):43.271	
O1):-0.841	O2):47.252	
O1):-0.853	O2):50.334	
O1):-0.872	O2):64.053	
O1):-0.845	O2):49.329	
O1):-0.821	O2):42.57	
O1):-0.822	O2):43.088	
O1):-0.748	O2):33.571	
O1):-0.862	O2):53.987	
O1):-0.832	O2):43.564	
O1):-0.864	O2):59.27	
O1):-0.712	O2):30.61	
O1):-0.855	O2):49.563	
O1):-0.795	O2):38.483	
O1):-0.871	O2):59.385	
O1):-0.771	O2):36.346	
O1):-0.834	O2):43.924	
O1):-0.859	O2):53.396	
O1):-0.811	O2):41.945	
O1):-0.838	O2):47.188	
O1):-0.854	O2):53.223	
O1):-0.821	O2):42.328	
O1):-0.771	O2):36.783	
O1):-0.834	O2):48.02	
O1):-0.844	O2):49.17	
O1):-0.861	O2):53.972	
O1):-0.834	O2):46.299	
O1):-0.863	O2):54.232	
O1):-0.836	O2):44.21	
O1):-0.864	O2):59.27	
O1):-0.806	O2):42.609	
O1):-0.842	O2):48.597	
O1):-0.767	O2):37.078	
O1):-0.817	O2):43.888	
O1):-0.811	O2):41.945	
O1):-0.767	O2):36.836	
O1):-0.743	O2):35.139	
O1):-0.826	O2):45.076	
O1):-0.797	O2):41.971	
O1):-0.834	O2):46.299	
O1):-0.82	O2):42.255	
O1):-0.841	O2):49.262	
O1):-0.811	O2):42.288	
Evaluations:	2700
O1):-0.846	O2):49.306	
O1):-0.726	O2):31.612	
O1):-0.821	O2):42.867	
O1):-0.732	O2):31.815	
O1):-0.836	O2):48.442	
O1):-0.788	O2):42.384	
O1):-0.863	O2):54.286	
O1):-0.786	O2):37.355	
O1):-0.827	O2):43.967	
O1):-0.834	O2):46.299	
O1):-0.811	O2):41.945	
O1):-0.795	O2):38.406	
O1):-0.853	O2):50.503	
O1):-0.765	O2):36.555	
O1):-0.816	O2):41.816	
O1):-0.741	O2):33.097	
O1):-0.758	O2):39.115	
O1):-0.758	O2):35.889	
O1):-0.837	O2):46.754	
Starting PrismExecutor worker 3 on port 11433
O1):-0.744	O2):33.89	
O1):-0.878	O2):68.829	
Connected worker 3 to port 11433
O1):-0.805	O2):38.873	
O1):-0.819	O2):41.787	
O1):-0.771	O2):36.783	
O1):-0.817	O2):43.885	
O1):-0.807	O2):42.583	
O1):-0.872	O2):64.053	
O1):-0.77	O2):37.526	
O1):-0.726	O2):31.612	
O1):-0.842	O2):48.537	
O1):-0.844	O2):48.834	
O1):-0.873	O2):74.009	
O1):-0.788	O2):39.429	
O1):-0.873	O2):74.009	
O1):-0.815	O2):43.604	
O1):-0.79	O2):38.091	
O1):-0.84	O2):48.307	
O1):-0.836	O2):44.201	
O1):-0.801	O2):38.039	
O1):-0.788	O2):39.437	
O1):-0.81	O2):39.707	
O1):-0.853	O2):53.199	
O1):-0.817	O2):43.068	
O1):-0.801	O2):39.95	
O1):-0.718	O2):32.135	
O1):-0.801	O2):38.039	
O1):-0.793	O2):38.129	
O1):-0.844	O2):49.096	
O1):-0.788	O2):38.09	
O1):-0.843	O2):48.737	
O1):-0.782	O2):36.67	
O1):-0.726	O2):32.411	
O1):-0.835	O2):45.36	
O1):-0.853	O2):49.046	
O1):-0.834	O2):43.924	
O1):-0.859	O2):53.339	
O1):-0.794	O2):41.444	
O1):-0.818	O2):42.027	
O1):-0.779	O2):36.371	
O1):-0.748	O2):35.339	
O1):-0.804	O2):41.639	
O1):-0.872	O2):64.053	
O1):-0.853	O2):53.199	
O1):-0.821	O2):43.102	
O1):-0.833	O2):43.642	
O1):-0.833	O2):43.642	
O1):-0.814	O2):43.549	
O1):-0.844	O2):49.178	
O1):-0.837	O2):47.312	
O1):-0.822	O2):42.885	
O1):-0.846	O2):49.454	
O1):-0.864	O2):59.264	
O1):-0.766	O2):37.122	
O1):-0.88	O2):69.482	
O1):-0.844	O2):48.834	
O1):-0.863	O2):54.266	
O1):-0.828	O2):43.742	
O1):-0.802	O2):41.394	
O1):-0.805	O2):38.873	
O1):-0.748	O2):35.339	
O1):-0.793	O2):38.129	
O1):-0.86	O2):53.769	
O1):-0.779	O2):37.104	
O1):-0.776	O2):36.61	
O1):-0.848	O2):53.479	
O1):-0.829	O2):58.827	
O1):-0.861	O2):54.007	
O1):-0.822	O2):44.132	
O1):-0.804	O2):38.848	
O1):-0.816	O2):43.825	
O1):-0.741	O2):34.824	
O1):-0.85	O2):48.323	
O1):-0.834	O2):44.839	
O1):-0.853	O2):48.898	
O1):-0.846	O2):48.385	
O1):-0.859	O2):53.339	
O1):-0.773	O2):38.363	
O1):-0.862	O2):54.115	
O1):-0.811	O2):42.284	
O1):-0.841	O2):47.252	
O1):-0.851	O2):53.813	
O1):-0.842	O2):48.576	
O1):-0.861	O2):53.916	
O1):-0.853	O2):48.898	
O1):-0.805	O2):41.783	
O1):-0.812	O2):42.422	
Starting PrismExecutor worker 1 on port 11491
O1):-0.882	O2):78.573	
O1):-0.846	O2):50.206	
Connected worker 1 to port 11491
O1):-0.845	O2):48.362	
O1):-0.838	O2):47.172	
O1):-0.826	O2):44.937	
O1):-0.811	O2):41.945	
O1):-0.838	O2):44.727	
O1):-0.853	O2):53.199	
O1):-0.872	O2):68.232	
O1):-0.879	O2):68.978	
O1):-0.802	O2):38.751	
O1):-0.802	O2):41.987	
O1):-0.787	O2):38.433	
O1):-0.862	O2):53.987	
O1):-0.834	O2):43.924	
O1):-0.851	O2):52.625	
O1):-0.821	O2):42.57	
O1):-0.796	O2):42.379	
O1):-0.834	O2):43.924	
O1):-0.835	O2):43.88	
O1):-0.819	O2):42.562	
O1):-0.818	O2):42.619	
O1):-0.828	O2):45.049	
O1):-0.841	O2):48.334	
O1):-0.723	O2):33.103	
O1):-0.82	O2):42.49	
O1):-0.816	O2):41.896	
O1):-0.83	O2):44.05	
O1):-0.794	O2):42.952	
O1):-0.834	O2):43.924	
O1):-0.871	O2):59.368	
O1):-0.86	O2):53.536	
O1):-0.881	O2):68.578	
O1):-0.826	O2):42.801	
O1):-0.853	O2):50.503	
O1):-0.796	O2):41.995	
O1):-0.844	O2):48.834	
O1):-0.827	O2):43.181	
O1):-0.805	O2):39.861	
O1):-0.785	O2):38.025	
O1):-0.779	O2):40.646	
O1):-0.827	O2):45.362	
O1):-0.844	O2):49.085	
O1):-0.863	O2):58.966	
O1):-0.828	O2):45.049	
O1):-0.758	O2):37.209	
O1):-0.855	O2):49.563	
O1):-0.796	O2):44.603	
O1):-0.826	O2):43.012	
O1):-0.78	O2):36.393	
O1):-0.863	O2):54.232	
O1):-0.88	O2):69.482	
O1):-0.819	O2):42.668	
O1):-0.859	O2):53.396	
O1):-0.872	O2):64.053	
O1):-0.873	O2):74.011	
O1):-0.722	O2):33.09	
O1):-0.859	O2):53.244	
O1):-0.791	O2):37.82	
O1):-0.822	O2):42.994	
O1):-0.847	O2):49.589	
O1):-0.803	O2):38.582	
O1):-0.82	O2):42.49	
O1):-0.762	O2):36.382	
O1):-0.832	O2):43.35	
O1):-0.778	O2):36.205	
O1):-0.793	O2):38.129	
O1):-0.801	O2):38.039	
O1):-0.82	O2):47.135	
O1):-0.871	O2):59.507	
O1):-0.822	O2):44.136	
O1):-0.784	O2):40.471	
O1):-0.819	O2):44.65	
O1):-0.761	O2):36.1	
O1):-0.872	O2):63.692	
O1):-0.816	O2):42.673	
O1):-0.87	O2):59.27	
O1):-0.76	O2):36.114	
O1):-0.848	O2):53.479	
Evaluations:	2900
O1):-0.77	O2):37.471	
O1):-0.819	O2):42.622	
O1):-0.844	O2):48.83	
O1):-0.833	O2):43.498	
O1):-0.776	O2):35.675	
O1):-0.783	O2):40.335	
O1):-0.854	O2):54.503	
O1):-0.816	O2):41.953	
O1):-0.821	O2):42.89	
O1):-0.811	O2):42.284	
Starting PrismExecutor worker 2 on port 11482
O1):-0.776	O2):36.61	
O1):-0.827	O2):47.28	
O1):-0.825	O2):48.947	
Connected worker 2 to port 11482
O1):-0.826	O2):43.079	
O1):-0.846	O2):48.385	
O1):-0.853	O2):53.058	
O1):-0.826	O2):43.079	
O1):-0.767	O2):37.248	
O1):-0.816	O2):42.673	
O1):-0.853	O2):49.108	
O1):-0.853	O2):49.209	
O1):-0.735	O2):35.48	
O1):-0.779	O2):36.371	
O1):-0.828	O2):44.441	
O1):-0.859	O2):53.313	
O1):-0.82	O2):42.841	
O1):-0.763	O2):36.756	
O1):-0.872	O2):64.053	
O1):-0.812	O2):39.975	
O1):-0.871	O2):63.552	
O1):-0.859	O2):53.244	
O1):-0.882	O2):78.573	
O1):-0.815	O2):43.604	
O1):-0.817	O2):43.885	
O1):-0.82	O2):42.49	
O1):-0.778	O2):40.588	
O1):-0.853	O2):50.334	
O1):-0.788	O2):50.05	
O1):-0.728	O2):32.435	
O1):-0.836	O2):44.148	
O1):-0.801	O2):41.644	
O1):-0.811	O2):40.201	
O1):-0.771	O2):36.346	
O1):-0.862	O2):53.986	
O1):-0.767	O2):37.078	
O1):-0.834	O2):46.071	
O1):-0.853	O2):48.898	
O1):-0.805	O2):42.224	
O1):-0.853	O2):48.9	
O1):-0.762	O2):36.382	
O1):-0.799	O2):44.801	
O1):-0.851	O2):50.251	
O1):-0.872	O2):64.053	
O1):-0.768	O2):37.881	
O1):-0.793	O2):40.55	
O1):-0.793	O2):40.55	
O1):-0.799	O2):41.045	
O1):-0.841	O2):48.298	
O1):-0.788	O2):38.09	
O1):-0.785	O2):36.958	
O1):-0.819	O2):42.668	
O1):-0.825	O2):49.378	
O1):-0.819	O2):41.786	
O1):-0.779	O2):40.287	
O1):-0.801	O2):38.029	
O1):-0.831	O2):44.796	
O1):-0.767	O2):37.44	
O1):-0.834	O2):43.924	
O1):-0.818	O2):42.311	
O1):-0.832	O2):44.634	
O1):-0.777	O2):36.923	
O1):-0.811	O2):42.284	
O1):-0.834	O2):43.924	
O1):-0.818	O2):42.619	
O1):-0.85	O2):50.063	
O1):-0.741	O2):34.775	
O1):-0.776	O2):38.032	
O1):-0.785	O2):40.52	
O1):-0.791	O2):37.82	
O1):-0.817	O2):44.072	
O1):-0.863	O2):54.232	
O1):-0.853	O2):49.108	
O1):-0.779	O2):36.427	
Evaluations:	2700
O1):-0.779	O2):37.414	
O1):-0.871	O2):59.591	
O1):-0.862	O2):53.986	
O1):-0.795	O2):38.483	
O1):-0.795	O2):41.482	
O1):-0.861	O2):53.83	
O1):-0.805	O2):41.782	
O1):-0.828	O2):43.616	
O1):-0.82	O2):42.678	
Starting PrismExecutor worker 3 on port 11453
O1):-0.845	O2):48.249	
Connected worker 3 to port 11453
O1):-0.852	O2):50.161	
O1):-0.863	O2):54.232	
O1):-0.806	O2):39.999	
O1):-0.859	O2):53.396	
O1):-0.759	O2):35.57	
O1):-0.821	O2):43.102	
O1):-0.749	O2):36.783	
O1):-0.825	O2):44.641	
O1):-0.862	O2):53.928	
O1):-0.803	O2):41.407	
O1):-0.828	O2):43.616	
O1):-0.846	O2):49.306	
O1):-0.861	O2):53.972	
O1):-0.821	O2):42.57	
O1):-0.846	O2):48.745	
O1):-0.881	O2):68.578	
O1):-0.805	O2):42.313	
O1):-0.834	O2):43.925	
O1):-0.805	O2):41.645	
O1):-0.75	O2):35.581	
O1):-0.826	O2):43.14	
O1):-0.762	O2):36.382	
O1):-0.779	O2):36.337	
O1):-0.821	O2):42.802	
O1):-0.854	O2):63.378	
O1):-0.853	O2):48.9	
O1):-0.838	O2):44.727	
O1):-0.788	O2):38.09	
O1):-0.801	O2):41.74	
O1):-0.808	O2):39.209	
O1):-0.834	O2):46.31	
O1):-0.871	O2):59.385	
O1):-0.779	O2):43.173	
O1):-0.853	O2):50.503	
O1):-0.826	O2):43.011	
O1):-0.846	O2):48.745	
O1):-0.828	O2):45.417	
O1):-0.772	O2):40.656	
O1):-0.793	O2):38.155	
O1):-0.836	O2):45.541	
O1):-0.829	O2):43.6	
O1):-0.829	O2):44.927	
O1):-0.826	O2):45.015	
O1):-0.827	O2):60.129	
O1):-0.851	O2):48.688	
O1):-0.863	O2):54.232	
O1):-0.879	O2):68.978	
O1):-0.801	O2):41.369	
O1):-0.77	O2):37.526	
O1):-0.819	O2):42.506	
O1):-0.806	O2):41.89	
O1):-0.845	O2):48.254	
O1):-0.862	O2):54.393	
O1):-0.809	O2):44.823	
O1):-0.825	O2):51.045	
O1):-0.712	O2):30.61	
O1):-0.771	O2):36.783	
O1):-0.841	O2):48.432	
O1):-0.88	O2):65.117	
O1):-0.835	O2):44.138	
O1):-0.834	O2):47.388	
O1):-0.855	O2):49.563	
O1):-0.804	O2):45.017	
O1):-0.878	O2):64.227	
O1):-0.88	O2):69.482	
O1):-0.834	O2):46.299	
O1):-0.871	O2):59.507	
O1):-0.786	O2):40.693	
O1):-0.872	O2):64.053	
O1):-0.78	O2):38.866	
O1):-0.777	O2):36.923	
O1):-0.779	O2):37.414	
O1):-0.788	O2):44.893	
O1):-0.712	O2):30.61	
O1):-0.801	O2):38.04	
O1):-0.837	O2):46.993	
O1):-0.828	O2):45.201	
O1):-0.872	O2):64.053	
O1):-0.844	O2):49.019	
O1):-0.781	O2):37.632	
O1):-0.786	O2):37.355	
O1):-0.87	O2):59.224	
O1):-0.83	O2):43.818	
O1):-0.846	O2):48.745	
O1):-0.805	O2):42.121	
O1):-0.778	O2):36.084	
O1):-0.834	O2):43.859	
O1):-0.859	O2):53.396	
O1):-0.758	O2):35.888	
O1):-0.825	O2):47.87	
Starting PrismExecutor worker 0 on port 11430
O1):-0.837	O2):46.754	
O1):-0.781	O2):37.632	
O1):-0.811	O2):41.945	
Connected worker 0 to port 11430
O1):-0.769	O2):37.496	
O1):-0.871	O2):59.385	
O1):-0.836	O2):44.15	
O1):-0.863	O2):54.279	
O1):-0.835	O2):45.503	
O1):-0.825	O2):52.583	
O1):-0.824	O2):42.659	
O1):-0.819	O2):41.786	
O1):-0.827	O2):43.472	
O1):-0.802	O2):40.076	
O1):-0.851	O2):53.622	
O1):-0.726	O2):31.612	
O1):-0.755	O2):34.191	
O1):-0.805	O2):38.962	
O1):-0.779	O2):36.427	
O1):-0.822	O2):43.088	
O1):-0.778	O2):36.084	
O1):-0.853	O2):54.53	
O1):-0.859	O2):53.339	
O1):-0.863	O2):60.166	
O1):-0.749	O2):35.445	
O1):-0.77	O2):37.526	
O1):-0.816	O2):42.67	
O1):-0.828	O2):43.559	
Evaluations:	2800
O1):-0.789	O2):37.883	
O1):-0.837	O2):45.721	
O1):-0.871	O2):62.911	
O1):-0.859	O2):53.339	
O1):-0.794	O2):48.774	
O1):-0.819	O2):43.117	
O1):-0.841	O2):48.334	
O1):-0.83	O2):44.047	
O1):-0.799	O2):38.263	
O1):-0.792	O2):37.885	
O1):-0.817	O2):41.714	
O1):-0.814	O2):42.575	
O1):-0.826	O2):43.079	
O1):-0.782	O2):36.659	
O1):-0.795	O2):38.406	
O1):-0.779	O2):38.354	
O1):-0.851	O2):50.107	
O1):-0.863	O2):54.279	
O1):-0.766	O2):37.116	
O1):-0.801	O2):41.369	
O1):-0.805	O2):41.695	
O1):-0.832	O2):44.634	
O1):-0.811	O2):40.195	
O1):-0.863	O2):54.232	
O1):-0.862	O2):54.099	
O1):-0.821	O2):42.802	
O1):-0.794	O2):43.949	
O1):-0.821	O2):43.737	
O1):-0.74	O2):32.79	
O1):-0.832	O2):44.634	
O1):-0.834	O2):43.924	
O1):-0.748	O2):35.643	
O1):-0.823	O2):42.387	
O1):-0.834	O2):43.924	
O1):-0.766	O2):37.306	
O1):-0.785	O2):36.758	
O1):-0.726	O2):32.411	
O1):-0.766	O2):37.122	
O1):-0.78	O2):39.142	
O1):-0.811	O2):49.788	
O1):-0.83	O2):43.82	
O1):-0.817	O2):43.885	
O1):-0.791	O2):37.98	
O1):-0.861	O2):54.112	
O1):-0.785	O2):40.52	
O1):-0.82	O2):42.678	
O1):-0.772	O2):37.968	
O1):-0.812	O2):39.975	
O1):-0.828	O2):43.743	
O1):-0.796	O2):41.721	
O1):-0.755	O2):36.153	
O1):-0.763	O2):36.636	
O1):-0.761	O2):36.1	
O1):-0.746	O2):33.346	
O1):-0.799	O2):38.263	
O1):-0.847	O2):49.591	
Starting PrismExecutor worker 2 on port 11402
O1):-0.793	O2):41.302	
O1):-0.793	O2):41.302	
O1):-0.872	O2):64.053	
O1):-0.787	O2):38.361	
O1):-0.791	O2):38.404	
Connected worker 2 to port 11402
O1):-0.844	O2):49.047	
O1):-0.783	O2):41.356	
O1):-0.785	O2):41.958	
O1):-0.777	O2):39.881	
O1):-0.786	O2):37.355	
O1):-0.82	O2):42.71	
O1):-0.819	O2):42.758	
O1):-0.862	O2):53.986	
O1):-0.829	O2):43.6	
O1):-0.748	O2):33.569	
O1):-0.859	O2):53.339	
O1):-0.778	O2):36.249	
O1):-0.844	O2):49.212	
O1):-0.853	O2):48.898	
O1):-0.812	O2):42.113	
O1):-0.77	O2):37.731	
O1):-0.801	O2):41.369	
O1):-0.838	O2):47.301	
O1):-0.749	O2):35.873	
O1):-0.791	O2):37.82	
O1):-0.795	O2):38.406	
O1):-0.794	O2):38.28	
O1):-0.836	O2):45.412	
O1):-0.85	O2):50.066	
O1):-0.75	O2):36.382	
O1):-0.872	O2):64.053	
O1):-0.872	O2):68.232	
O1):-0.821	O2):42.802	
O1):-0.819	O2):42.067	
O1):-0.837	O2):46.754	
O1):-0.853	O2):49.046	
O1):-0.743	O2):35.024	
O1):-0.767	O2):36.856	
O1):-0.82	O2):42.678	
O1):-0.853	O2):53.2	
O1):-0.785	O2):36.758	
O1):-0.777	O2):35.929	
O1):-0.786	O2):37.355	
O1):-0.762	O2):36.382	
O1):-0.846	O2):49.464	
O1):-0.755	O2):36.14	
O1):-0.846	O2):48.385	
O1):-0.778	O2):38.408	
O1):-0.853	O2):53.058	
O1):-0.853	O2):48.898	
O1):-0.87	O2):59.082	
O1):-0.798	O2):39.058	
O1):-0.851	O2):52.813	
O1):-0.763	O2):36.756	
O1):-0.834	O2):46.071	
O1):-0.741	O2):36.339	
O1):-0.763	O2):36.689	
O1):-0.828	O2):43.564	
O1):-0.817	O2):41.771	
O1):-0.778	O2):36.205	
O1):-0.813	O2):58.827	
O1):-0.816	O2):43.805	
O1):-0.845	O2):48.254	
O1):-0.844	O2):49.999	
O1):-0.827	O2):43.148	
O1):-0.853	O2):50.334	
O1):-0.827	O2):43.967	
O1):-0.784	O2):40.347	
O1):-0.826	O2):43.079	
O1):-0.855	O2):49.563	
O1):-0.771	O2):36.346	
O1):-0.841	O2):47.389	
O1):-0.846	O2):48.385	
O1):-0.755	O2):34.191	
O1):-0.834	O2):43.924	
O1):-0.835	O2):45.36	
O1):-0.837	O2):44.427	
O1):-0.761	O2):36.439	
O1):-0.838	O2):44.592	
O1):-0.779	O2):36.427	
O1):-0.778	O2):36.205	
O1):-0.833	O2):43.498	
O1):-0.731	O2):31.446	
O1):-0.822	O2):48.425	
O1):-0.834	O2):43.859	
O1):-0.825	O2):44.983	
O1):-0.821	O2):43.159	
O1):-0.733	O2):36.009	
O1):-0.82	O2):43.015	
O1):-0.796	O2):44.29	
Starting PrismExecutor worker 1 on port 11471
Connected worker 1 to port 11471
O1):-0.854	O2):50.697	
O1):-0.838	O2):47.301	
O1):-0.748	O2):33.569	
O1):-0.862	O2):54.072	
O1):-0.786	O2):37.355	
O1):-0.718	O2):32.135	
O1):-0.836	O2):48.697	
O1):-0.863	O2):54.282	
O1):-0.826	O2):44.094	
O1):-0.862	O2):53.987	
O1):-0.759	O2):35.57	
O1):-0.8	O2):38.492	
O1):-0.735	O2):31.998	
O1):-0.803	O2):39.206	
O1):-0.853	O2):49.108	
O1):-0.871	O2):59.385	
O1):-0.761	O2):36.183	
O1):-0.777	O2):40.587	
O1):-0.759	O2):35.882	
O1):-0.83	O2):43.82	
O1):-0.851	O2):52.622	
O1):-0.851	O2):52.622	
O1):-0.844	O2):49.084	
O1):-0.834	O2):43.924	
O1):-0.851	O2):53.811	
O1):-0.748	O2):33.569	
O1):-0.82	O2):42.49	
O1):-0.772	O2):47.516	
O1):-0.782	O2):36.666	
O1):-0.834	O2):46.299	
O1):-0.83	O2):43.825	
O1):-0.853	O2):48.898	
O1):-0.828	O2):43.465	
O1):-0.768	O2):37.449	
O1):-0.783	O2):40.159	
O1):-0.733	O2):36.009	
O1):-0.828	O2):43.367	
O1):-0.787	O2):38.433	
O1):-0.837	O2):44.285	
O1):-0.861	O2):53.972	
O1):-0.847	O2):49.616	
O1):-0.844	O2):47.797	
O1):-0.811	O2):41.945	
O1):-0.778	O2):36.205	
O1):-0.854	O2):50.697	
O1):-0.762	O2):36.632	
O1):-0.778	O2):36.205	
O1):-0.787	O2):37.8	
O1):-0.802	O2):43.681	
O1):-0.805	O2):41.695	
O1):-0.78	O2):40.368	
O1):-0.818	O2):42.027	
O1):-0.732	O2):31.619	
O1):-0.818	O2):47.558	
O1):-0.83	O2):44.45	
O1):-0.834	O2):43.859	
O1):-0.811	O2):40.202	
O1):-0.837	O2):46.754	
O1):-0.778	O2):36.084	
O1):-0.761	O2):36.437	
O1):-0.871	O2):59.385	
O1):-0.85	O2):48.476	
O1):-0.763	O2):36.756	
O1):-0.761	O2):36.101	
O1):-0.803	O2):40.384	
O1):-0.794	O2):40.43	
O1):-0.83	O2):44.047	
O1):-0.86	O2):53.536	
O1):-0.81	O2):42.024	
O1):-0.791	O2):37.82	
O1):-0.743	O2):33.597	
O1):-0.673	O2):26.813	
O1):-0.862	O2):54.241	
O1):-0.781	O2):38.94	
O1):-0.853	O2):53.199	
O1):-0.863	O2):54.266	
O1):-0.836	O2):44.201	
O1):-0.862	O2):64.071	
O1):-0.788	O2):38.09	
O1):-0.853	O2):49.127	
O1):-0.835	O2):46.2	
O1):-0.834	O2):46.299	
O1):-0.862	O2):53.917	
O1):-0.8	O2):37.769	
O1):-0.82	O2):42.707	
O1):-0.778	O2):37.099	
O1):-0.755	O2):34.181	
O1):-0.85	O2):48.333	
O1):-0.764	O2):39.741	
O1):-0.861	O2):53.845	
O1):-0.838	O2):47.466	
O1):-0.805	O2):41.695	
O1):-0.732	O2):31.619	
O1):-0.863	O2):54.232	
Starting PrismExecutor worker 1 on port 11431
O1):-0.838	O2):47.301	
O1):-0.812	O2):42.116	
O1):-0.743	O2):33.597	
O1):-0.755	O2):36.153	
Connected worker 1 to port 11431
O1):-0.791	O2):37.82	
O1):-0.855	O2):49.561	
O1):-0.735	O2):31.982	
O1):-0.855	O2):49.563	
O1):-0.793	O2):38.256	
O1):-0.771	O2):36.783	
O1):-0.821	O2):46.406	
O1):-0.763	O2):39.543	
O1):-0.853	O2):53.058	
O1):-0.793	O2):38.126	
O1):-0.834	O2):43.924	
O1):-0.769	O2):37.496	
O1):-0.834	O2):43.924	
O1):-0.822	O2):43.07	
O1):-0.85	O2):50.063	
O1):-0.732	O2):31.815	
O1):-0.778	O2):36.084	
O1):-0.834	O2):43.859	
O1):-0.826	O2):47.74	
O1):-0.819	O2):41.786	
O1):-0.821	O2):42.328	
O1):-0.81	O2):42.024	
O1):-0.846	O2):49.464	
Evaluations:	2800
O1):-0.851	O2):52.481	
O1):-0.843	O2):48.728	
O1):-0.799	O2):38.263	
O1):-0.743	O2):33.597	
O1):-0.755	O2):38.465	
O1):-0.855	O2):49.563	
O1):-0.761	O2):36.1	
O1):-0.872	O2):63.692	
O1):-0.812	O2):42.113	
O1):-0.843	O2):47.695	
O1):-0.763	O2):36.368	
O1):-0.75	O2):36.382	
O1):-0.747	O2):33.463	
O1):-0.835	O2):46.2	
O1):-0.854	O2):50.697	
O1):-0.841	O2):47.252	
O1):-0.776	O2):35.704	
O1):-0.81	O2):39.562	
O1):-0.819	O2):43.117	
O1):-0.784	O2):40.347	
O1):-0.774	O2):38.416	
O1):-0.802	O2):44.927	
O1):-0.792	O2):38.016	
O1):-0.779	O2):36.427	
O1):-0.798	O2):39.058	
O1):-0.777	O2):36.923	
O1):-0.87	O2):59.27	
O1):-0.818	O2):42.159	
O1):-0.832	O2):51.67	
O1):-0.872	O2):68.232	
O1):-0.827	O2):45.11	
O1):-0.778	O2):36.205	
O1):-0.834	O2):43.924	
O1):-0.817	O2):43.885	
O1):-0.853	O2):48.898	
O1):-0.847	O2):49.616	
O1):-0.78	O2):37.622	
O1):-0.772	O2):44.439	
O1):-0.819	O2):46.013	
O1):-0.763	O2):36.062	
O1):-0.861	O2):53.845	
O1):-0.779	O2):37.104	
O1):-0.837	O2):44.504	
O1):-0.811	O2):40.195	
O1):-0.837	O2):46.754	
O1):-0.872	O2):64.053	
O1):-0.732	O2):31.879	
O1):-0.756	O2):34.196	
O1):-0.779	O2):37.417	
O1):-0.781	O2):37.632	
O1):-0.811	O2):40.195	
O1):-0.846	O2):48.381	
O1):-0.837	O2):44.509	
O1):-0.83	O2):43.82	
O1):-0.779	O2):38.408	
O1):-0.828	O2):45.049	
O1):-0.757	O2):35.624	
O1):-0.833	O2):43.658	
O1):-0.777	O2):36.923	
Starting PrismExecutor worker 0 on port 11480
O1):-0.779	O2):36.427	
O1):-0.756	O2):36.271	
Connected worker 0 to port 11480
O1):-0.768	O2):37.443	
O1):-0.809	O2):43.367	
O1):-0.784	O2):40.347	
O1):-0.792	O2):37.885	
O1):-0.791	O2):37.98	
O1):-0.827	O2):43.307	
O1):-0.828	O2):45.417	
O1):-0.8	O2):39.528	
O1):-0.854	O2):63.474	
O1):-0.793	O2):38.132	
O1):-0.862	O2):53.928	
O1):-0.851	O2):48.542	
O1):-0.795	O2):38.483	
O1):-0.834	O2):43.864	
O1):-0.789	O2):38.055	
O1):-0.872	O2):63.692	
O1):-0.836	O2):44.204	
O1):-0.824	O2):42.641	
O1):-0.826	O2):43.011	
O1):-0.794	O2):41.528	
O1):-0.728	O2):32.435	
O1):-0.78	O2):37.616	
O1):-0.87	O2):63.206	
O1):-0.749	O2):36.056	
O1):-0.859	O2):53.277	
O1):-0.756	O2):37.262	
O1):-0.817	O2):43.885	
O1):-0.855	O2):58.351	
O1):-0.804	O2):43.051	
Evaluations:	2600
O1):-0.794	O2):38.28	
O1):-0.843	O2):47.825	
O1):-0.826	O2):43.079	
O1):-0.803	O2):49.002	
O1):-0.77	O2):37.204	
O1):-0.812	O2):42.113	
O1):-0.859	O2):53.486	
O1):-0.77	O2):37.526	
O1):-0.837	O2):46.754	
O1):-0.87	O2):59.275	
O1):-0.785	O2):36.884	
O1):-0.78	O2):37.622	
O1):-0.834	O2):43.924	
O1):-0.844	O2):49.159	
O1):-0.798	O2):37.973	
O1):-0.778	O2):36.084	
O1):-0.863	O2):54.289	
O1):-0.784	O2):40.346	
O1):-0.767	O2):37.078	
O1):-0.776	O2):40.419	
O1):-0.779	O2):40.903	
O1):-0.788	O2):39.427	
O1):-0.833	O2):47.254	
O1):-0.746	O2):33.344	
O1):-0.746	O2):33.344	
O1):-0.841	O2):47.248	
O1):-0.871	O2):63.552	
O1):-0.851	O2):52.691	
O1):-0.872	O2):64.053	
O1):-0.852	O2):54.291	
O1):-0.817	O2):42.205	
O1):-0.785	O2):36.758	
O1):-0.829	O2):43.6	
O1):-0.805	O2):41.695	
O1):-0.834	O2):43.924	
O1):-0.821	O2):42.328	
O1):-0.839	O2):53.561	
O1):-0.808	O2):42.689	
O1):-0.834	O2):46.071	
O1):-0.785	O2):36.758	
O1):-0.838	O2):51.647	
O1):-0.803	O2):38.534	
O1):-0.802	O2):38.298	
O1):-0.821	O2):42.802	
O1):-0.83	O2):48.598	
O1):-0.791	O2):38.413	
O1):-0.803	O2):41.411	
O1):-0.82	O2):42.711	
O1):-0.837	O2):45.642	
O1):-0.871	O2):59.58	
O1):-0.732	O2):31.815	
O1):-0.802	O2):41.903	
O1):-0.846	O2):49.409	
O1):-0.805	O2):38.882	
Starting PrismExecutor worker 5 on port 11425
Connected worker 5 to port 11425
O1):-0.735	O2):31.982	
O1):-0.777	O2):36.923	
O1):-0.78	O2):37.616	
O1):-0.816	O2):42.673	
O1):-0.78	O2):36.393	
O1):-0.796	O2):44.175	
O1):-0.845	O2):48.502	
O1):-0.788	O2):39.424	
O1):-0.813	O2):40.695	
O1):-0.864	O2):73.807	
O1):-0.872	O2):68.232	
O1):-0.757	O2):35.786	
O1):-0.807	O2):40.171	
O1):-0.845	O2):56.876	
O1):-0.712	O2):30.61	
O1):-0.788	O2):38.723	
O1):-0.786	O2):40.929	
O1):-0.811	O2):42.284	
O1):-0.8	O2):39.527	
O1):-0.853	O2):48.898	
O1):-0.862	O2):53.928	
O1):-0.845	O2):47.96	
O1):-0.805	O2):38.873	
O1):-0.88	O2):64.724	
O1):-0.817	O2):43.885	
O1):-0.743	O2):33.597	
O1):-0.787	O2):40.821	
O1):-0.854	O2):58.929	
O1):-0.828	O2):43.616	
O1):-0.809	O2):42.865	
O1):-0.819	O2):41.786	
O1):-0.821	O2):42.328	
O1):-0.743	O2):33.597	
O1):-0.82	O2):42.49	
O1):-0.743	O2):35.024	
O1):-0.834	O2):48.562	
O1):-0.777	O2):35.929	
O1):-0.833	O2):43.593	
O1):-0.744	O2):33.907	
O1):-0.82	O2):42.254	
O1):-0.778	O2):37.473	
O1):-0.769	O2):37.496	
Evaluations:	2800
O1):-0.732	O2):31.619	
O1):-0.771	O2):36.783	
O1):-0.749	O2):36.056	
O1):-0.835	O2):44.145	
O1):-0.824	O2):47.566	
O1):-0.872	O2):68.723	
O1):-0.835	O2):46.357	
O1):-0.842	O2):47.671	
O1):-0.835	O2):44.059	
O1):-0.872	O2):63.692	
O1):-0.863	O2):54.232	
O1):-0.822	O2):44.131	
O1):-0.853	O2):49.046	
O1):-0.848	O2):53.479	
O1):-0.765	O2):36.555	
O1):-0.87	O2):58.909	
O1):-0.732	O2):31.619	
O1):-0.846	O2):48.325	
O1):-0.88	O2):69.48	
O1):-0.746	O2):35.722	
O1):-0.859	O2):53.339	
O1):-0.87	O2):59.5	
O1):-0.818	O2):42.455	
O1):-0.801	O2):39.95	
O1):-0.873	O2):74.009	
O1):-0.842	O2):48.532	
O1):-0.831	O2):44.119	
O1):-0.793	O2):38.256	
O1):-0.758	O2):37.126	
O1):-0.834	O2):47.388	
O1):-0.862	O2):54.115	
O1):-0.796	O2):42.91	
O1):-0.827	O2):43.148	
O1):-0.871	O2):63.552	
O1):-0.8	O2):37.769	
O1):-0.88	O2):69.482	
O1):-0.871	O2):59.385	
O1):-0.853	O2):50.383	
O1):-0.871	O2):59.368	
O1):-0.805	O2):41.883	
O1):-0.726	O2):32.411	
O1):-0.854	O2):53.223	
O1):-0.871	O2):59.385	
O1):-0.778	O2):37.099	
O1):-0.811	O2):40.195	
O1):-0.845	O2):48.362	
O1):-0.746	O2):33.346	
O1):-0.862	O2):53.987	
O1):-0.853	O2):50.334	
O1):-0.804	O2):42.236	
O1):-0.843	O2):48.737	
Starting PrismExecutor worker 0 on port 11450
O1):-0.817	O2):43.921	
O1):-0.871	O2):59.385	
Connected worker 0 to port 11450
O1):-0.821	O2):43.028	
O1):-0.758	O2):35.889	
O1):-0.825	O2):42.873	
O1):-0.863	O2):54.232	
O1):-0.828	O2):46.418	
O1):-0.851	O2):48.688	
O1):-0.778	O2):36.205	
O1):-0.8	O2):38.492	
O1):-0.751	O2):34.684	
Evaluations:	2800
O1):-0.821	O2):42.864	
O1):-0.847	O2):49.585	
O1):-0.859	O2):53.348	
O1):-0.785	O2):38.28	
O1):-0.831	O2):44.796	
O1):-0.844	O2):49.222	
O1):-0.802	O2):53.723	
O1):-0.743	O2):35.341	
O1):-0.837	O2):44.285	
O1):-0.793	O2):38.129	
O1):-0.834	O2):43.924	
Evaluations:	2500
O1):-0.819	O2):43.117	
O1):-0.847	O2):49.616	
O1):-0.788	O2):38.723	
O1):-0.765	O2):42.132	
O1):-0.76	O2):36.12	
O1):-0.822	O2):43.796	
O1):-0.863	O2):64.57	
O1):-0.819	O2):41.786	
O1):-0.771	O2):36.783	
O1):-0.743	O2):33.597	
O1):-0.817	O2):43.876	
O1):-0.724	O2):31.238	
O1):-0.798	O2):37.964	
O1):-0.78	O2):37.616	
Evaluations:	2500
O1):-0.771	O2):36.346	
O1):-0.759	O2):35.882	
O1):-0.832	O2):48.213	
O1):-0.851	O2):52.481	
O1):-0.834	O2):46.063	
O1):-0.834	O2):44.839	
O1):-0.847	O2):49.617	
O1):-0.804	O2):40.385	
O1):-0.819	O2):41.787	
O1):-0.788	O2):39.426	
O1):-0.821	O2):43.028	
O1):-0.793	O2):38.129	
O1):-0.712	O2):30.61	
O1):-0.779	O2):39.984	
O1):-0.8	O2):38.492	
O1):-0.808	O2):39.209	
O1):-0.758	O2):35.888	
O1):-0.735	O2):31.982	
O1):-0.859	O2):53.244	
O1):-0.735	O2):31.982	
O1):-0.801	O2):41.644	
O1):-0.833	O2):52.093	
O1):-0.782	O2):36.659	
O1):-0.829	O2):43.625	
Evaluations:	2300
O1):-0.837	O2):47.176	
O1):-0.834	O2):48.152	
O1):-0.773	O2):37.07	
O1):-0.795	O2):38.406	
O1):-0.853	O2):53.058	
O1):-0.821	O2):42.801	
O1):-0.832	O2):44.634	
O1):-0.859	O2):53.396	
O1):-0.818	O2):48.776	
O1):-0.851	O2):52.623	
O1):-0.834	O2):46.071	
O1):-0.809	O2):43.367	
O1):-0.816	O2):42.673	
O1):-0.871	O2):63.554	
O1):-0.859	O2):53.396	
O1):-0.846	O2):48.214	
O1):-0.817	O2):41.948	
O1):-0.859	O2):53.396	
O1):-0.757	O2):35.625	
O1):-0.767	O2):37.078	
Starting PrismExecutor worker 2 on port 11412
Connected worker 2 to port 11412
O1):-0.795	O2):38.406	
O1):-0.853	O2):48.898	
O1):-0.791	O2):37.82	
O1):-0.735	O2):31.982	
O1):-0.813	O2):42.61	
O1):-0.767	O2):36.839	
O1):-0.763	O2):36.689	
O1):-0.778	O2):40.029	
O1):-0.756	O2):36.271	
O1):-0.859	O2):53.343	
O1):-0.88	O2):64.724	
O1):-0.834	O2):43.924	
O1):-0.88	O2):64.724	
O1):-0.842	O2):48.523	
O1):-0.863	O2):58.966	
O1):-0.812	O2):44.546	
O1):-0.816	O2):41.758	
O1):-0.834	O2):43.924	
O1):-0.837	O2):47.312	
O1):-0.859	O2):53.396	
O1):-0.835	O2):45.36	
O1):-0.834	O2):43.924	
O1):-0.818	O2):41.993	
O1):-0.794	O2):38.28	
O1):-0.759	O2):35.87	
O1):-0.746	O2):33.344	
O1):-0.787	O2):37.525	
O1):-0.784	O2):43.106	
O1):-0.822	O2):42.994	
O1):-0.798	O2):42.339	
O1):-0.82	O2):42.077	
Evaluations:	3000
O1):-0.807	O2):42.955	
O1):-0.838	O2):44.592	
O1):-0.78	O2):38.943	
O1):-0.854	O2):49.251	
O1):-0.854	O2):53.223	
O1):-0.831	O2):44.796	
O1):-0.816	O2):42.673	
O1):-0.798	O2):39.058	
O1):-0.779	O2):36.472	
O1):-0.821	O2):42.564	
O1):-0.812	O2):42.407	
O1):-0.835	O2):46.658	
O1):-0.748	O2):33.569	
O1):-0.85	O2):48.476	
O1):-0.882	O2):78.571	
O1):-0.821	O2):42.803	
O1):-0.804	O2):40.385	
O1):-0.87	O2):59.27	
O1):-0.822	O2):42.885	
O1):-0.805	O2):38.873	
O1):-0.787	O2):41.173	
O1):-0.855	O2):59.281	
O1):-0.845	O2):48.499	
O1):-0.842	O2):48.536	
O1):-0.796	O2):37.436	
O1):-0.788	O2):38.723	
O1):-0.811	O2):40.195	
O1):-0.801	O2):38.78	
O1):-0.735	O2):31.982	
O1):-0.806	O2):39.999	
O1):-0.853	O2):48.9	
O1):-0.828	O2):43.426	
O1):-0.879	O2):68.976	
O1):-0.851	O2):52.814	
O1):-0.746	O2):33.344	
O1):-0.766	O2):37.131	
O1):-0.783	O2):38.664	
O1):-0.763	O2):36.756	
O1):-0.806	O2):49.106	
O1):-0.862	O2):55.005	
O1):-0.83	O2):44.037	
O1):-0.773	O2):38.284	
O1):-0.82	O2):42.678	
O1):-0.802	O2):44.988	
O1):-0.749	O2):36.056	
O1):-0.84	O2):48.306	
O1):-0.735	O2):31.982	
O1):-0.779	O2):37.104	
O1):-0.879	O2):68.976	
O1):-0.772	O2):40.654	
O1):-0.726	O2):32.411	
O1):-0.853	O2):48.898	
O1):-0.75	O2):36.216	
O1):-0.8	O2):37.769	
O1):-0.785	O2):38.025	
O1):-0.805	O2):44.181	
O1):-0.792	O2):39.519	
O1):-0.759	O2):35.57	
Starting PrismExecutor worker 2 on port 11422
O1):-0.728	O2):32.435	
O1):-0.879	O2):68.976	
O1):-0.844	O2):47.806	
O1):-0.778	O2):36.094	
Connected worker 2 to port 11422
O1):-0.849	O2):49.529	
O1):-0.872	O2):69.259	
O1):-0.851	O2):52.481	
O1):-0.704	O2):31.664	
O1):-0.794	O2):38.281	
O1):-0.835	O2):45.36	
O1):-0.826	O2):52.712	
O1):-0.788	O2):38.72	
O1):-0.78	O2):39.87	
O1):-0.743	O2):35.024	
O1):-0.78	O2):37.616	
O1):-0.732	O2):31.815	
O1):-0.818	O2):42.619	
O1):-0.88	O2):65.117	
O1):-0.799	O2):39.598	
O1):-0.732	O2):31.815	
O1):-0.83	O2):44.047	
O1):-0.767	O2):37.078	
O1):-0.804	O2):40.386	
O1):-0.803	O2):41.589	
O1):-0.799	O2):38.263	
O1):-0.853	O2):48.898	
O1):-0.862	O2):53.77	
O1):-0.849	O2):49.73	
O1):-0.842	O2):48.46	
O1):-0.837	O2):44.65	
O1):-0.829	O2):43.6	
O1):-0.806	O2):42.609	
O1):-0.778	O2):36.205	
O1):-0.718	O2):32.135	
O1):-0.821	O2):42.328	
O1):-0.859	O2):53.339	
O1):-0.872	O2):63.692	
O1):-0.828	O2):45.019	
O1):-0.833	O2):51.768	
O1):-0.836	O2):48.697	
O1):-0.853	O2):53.058	
O1):-0.792	O2):40.477	
O1):-0.818	O2):42.926	
O1):-0.78	O2):37.616	
O1):-0.85	O2):53.826	
O1):-0.807	O2):42.343	
O1):-0.871	O2):59.507	
O1):-0.868	O2):58.597	
O1):-0.837	O2):46.754	
O1):-0.746	O2):35.722	
O1):-0.81	O2):42.566	
O1):-0.833	O2):43.745	
O1):-0.853	O2):53.058	
O1):-0.837	O2):46.754	
O1):-0.797	O2):44.598	
O1):-0.819	O2):42.622	
O1):-0.881	O2):68.578	
O1):-0.782	O2):37.989	
O1):-0.8	O2):39.549	
O1):-0.834	O2):43.911	
O1):-0.819	O2):42.066	
O1):-0.817	O2):41.714	
O1):-0.818	O2):42.926	
O1):-0.786	O2):38.354	
O1):-0.871	O2):59.583	
O1):-0.828	O2):44.441	
O1):-0.849	O2):49.73	
O1):-0.835	O2):45.36	
O1):-0.859	O2):53.486	
O1):-0.818	O2):42.55	
O1):-0.853	O2):48.898	
O1):-0.836	O2):44.241	
O1):-0.822	O2):43.088	
O1):-0.842	O2):49.53	
O1):-0.832	O2):43.363	
O1):-0.829	O2):43.836	
O1):-0.821	O2):44.296	
O1):-0.77	O2):40.239	
O1):-0.787	O2):40.82	
O1):-0.828	O2):43.619	
O1):-0.854	O2):59.003	
O1):-0.818	O2):42.027	
O1):-0.852	O2):50.161	
O1):-0.846	O2):49.454	
O1):-0.854	O2):49.416	
O1):-0.861	O2):59.276	
O1):-0.841	O2):47.248	
O1):-0.862	O2):53.987	
O1):-0.771	O2):36.783	
O1):-0.795	O2):38.406	
O1):-0.872	O2):62.991	
O1):-0.78	O2):37.622	
O1):-0.818	O2):47.527	
Starting PrismExecutor worker 0 on port 11420
O1):-0.799	O2):38.263	
Connected worker 0 to port 11420
O1):-0.768	O2):37.443	
O1):-0.818	O2):42.926	
O1):-0.845	O2):48.499	
O1):-0.776	O2):36.61	
O1):-0.806	O2):41.89	
O1):-0.779	O2):36.346	
O1):-0.793	O2):38.129	
O1):-0.771	O2):36.783	
O1):-0.796	O2):44.18	
O1):-0.793	O2):44.236	
O1):-0.853	O2):53.058	
O1):-0.834	O2):43.924	
O1):-0.774	O2):38.416	
O1):-0.81	O2):39.562	
O1):-0.837	O2):46.754	
O1):-0.76	O2):36.126	
O1):-0.871	O2):59.583	
O1):-0.794	O2):41.623	
O1):-0.802	O2):40.076	
O1):-0.823	O2):50.597	
O1):-0.821	O2):44.293	
O1):-0.767	O2):37.461	
O1):-0.764	O2):36.393	
O1):-0.749	O2):35.435	
O1):-0.819	O2):42.642	
O1):-0.846	O2):48.381	
O1):-0.808	O2):39.209	
O1):-0.77	O2):37.441	
O1):-0.83	O2):43.825	
O1):-0.8	O2):39.528	
O1):-0.795	O2):38.483	
O1):-0.87	O2):59.27	
O1):-0.785	O2):37.414	
O1):-0.819	O2):42.506	
O1):-0.863	O2):54.282	
O1):-0.802	O2):42.524	
O1):-0.833	O2):43.498	
O1):-0.795	O2):38.49	
O1):-0.76	O2):36.114	
O1):-0.793	O2):38.193	
O1):-0.728	O2):31.317	
O1):-0.808	O2):39.227	
O1):-0.801	O2):44.821	
O1):-0.835	O2):64.115	
O1):-0.821	O2):42.864	
O1):-0.819	O2):42.506	
O1):-0.772	O2):37.73	
O1):-0.847	O2):49.602	
O1):-0.801	O2):38.063	
O1):-0.863	O2):54.285	
O1):-0.815	O2):43.604	
O1):-0.743	O2):33.604	
O1):-0.779	O2):36.371	
O1):-0.808	O2):43.243	
O1):-0.818	O2):42.619	
O1):-0.854	O2):54.735	
O1):-0.821	O2):42.57	
O1):-0.862	O2):53.97	
O1):-0.835	O2):43.88	
Evaluations:	2800
O1):-0.871	O2):59.58	
O1):-0.845	O2):48.249	
O1):-0.779	O2):36.371	
O1):-0.739	O2):32.202	
O1):-0.771	O2):36.783	
O1):-0.845	O2):49.156	
O1):-0.835	O2):45.36	
O1):-0.749	O2):35.873	
O1):-0.814	O2):43.545	
O1):-0.777	O2):36.923	
O1):-0.826	O2):43.141	
O1):-0.828	O2):43.611	
O1):-0.872	O2):63.692	
O1):-0.833	O2):43.639	
O1):-0.851	O2):50.107	
O1):-0.732	O2):31.619	
O1):-0.835	O2):45.503	
O1):-0.837	O2):46.754	
O1):-0.872	O2):64.053	
O1):-0.854	O2):49.251	
O1):-0.802	O2):38.06	
O1):-0.801	O2):38.828	
O1):-0.753	O2):34.478	
O1):-0.853	O2):48.9	
O1):-0.86	O2):53.42	
O1):-0.847	O2):49.616	
O1):-0.781	O2):37.985	
O1):-0.88	O2):64.724	
O1):-0.859	O2):53.244	
O1):-0.799	O2):38.263	
Starting PrismExecutor worker 3 on port 11473
O1):-0.757	O2):38.948	
Connected worker 3 to port 11473
O1):-0.805	O2):41.782	
O1):-0.792	O2):39.519	
O1):-0.853	O2):49.108	
O1):-0.833	O2):43.509	
O1):-0.742	O2):34.91	
O1):-0.805	O2):41.695	
O1):-0.84	O2):48.307	
O1):-0.726	O2):32.411	
O1):-0.819	O2):41.787	
O1):-0.834	O2):43.924	
O1):-0.804	O2):38.664	
O1):-0.796	O2):49.001	
O1):-0.859	O2):53.396	
O1):-0.781	O2):37.632	
O1):-0.833	O2):45.141	
O1):-0.853	O2):50.383	
O1):-0.809	O2):42.732	
O1):-0.818	O2):48.776	
O1):-0.809	O2):42.732	
O1):-0.815	O2):43.604	
O1):-0.811	O2):41.945	
O1):-0.779	O2):37.414	
O1):-0.812	O2):42.113	
O1):-0.871	O2):59.579	
O1):-0.777	O2):40.644	
O1):-0.844	O2):47.807	
O1):-0.812	O2):39.992	
O1):-0.855	O2):59.297	
O1):-0.785	O2):40.52	
O1):-0.796	O2):40.848	
O1):-0.767	O2):37.248	
O1):-0.735	O2):35.48	
O1):-0.76	O2):36.114	
O1):-0.834	O2):43.924	
O1):-0.836	O2):44.204	
O1):-0.82	O2):42.076	
O1):-0.802	O2):41.394	
O1):-0.859	O2):53.244	
O1):-0.862	O2):53.77	
O1):-0.819	O2):42.562	
O1):-0.837	O2):45.718	
O1):-0.708	O2):31.619	
O1):-0.743	O2):35.024	
O1):-0.87	O2):58.909	
O1):-0.673	O2):26.813	
O1):-0.848	O2):53.479	
O1):-0.767	O2):36.829	
O1):-0.872	O2):63.692	
Evaluations:	2900
O1):-0.781	O2):36.526	
O1):-0.767	O2):36.836	
O1):-0.753	O2):34.478	
O1):-0.803	O2):41.375	
O1):-0.859	O2):53.339	
O1):-0.836	O2):47.116	
O1):-0.863	O2):54.232	
O1):-0.779	O2):37.104	
O1):-0.846	O2):49.466	
O1):-0.854	O2):53.223	
O1):-0.878	O2):68.829	
O1):-0.76	O2):36.238	
O1):-0.833	O2):43.639	
O1):-0.798	O2):39.058	
O1):-0.83	O2):43.818	
O1):-0.748	O2):33.569	
O1):-0.805	O2):38.889	
O1):-0.847	O2):49.585	
O1):-0.786	O2):37.355	
O1):-0.861	O2):53.916	
O1):-0.819	O2):42.858	
O1):-0.854	O2):54.735	
O1):-0.861	O2):53.912	
O1):-0.786	O2):40.625	
O1):-0.787	O2):38.361	
O1):-0.77	O2):37.526	
O1):-0.785	O2):38.063	
O1):-0.818	O2):42.146	
O1):-0.807	O2):42.583	
O1):-0.802	O2):42.603	
O1):-0.853	O2):48.898	
O1):-0.845	O2):49.111	
O1):-0.821	O2):43.037	
O1):-0.853	O2):53.199	
O1):-0.825	O2):42.873	
O1):-0.75	O2):36.382	
O1):-0.785	O2):40.52	
O1):-0.862	O2):53.928	
O1):-0.881	O2):68.578	
Starting PrismExecutor worker 3 on port 11423
O1):-0.862	O2):54.146	
O1):-0.818	O2):42.926	
O1):-0.853	O2):53.199	
Connected worker 3 to port 11423
O1):-0.788	O2):38.09	
O1):-0.842	O2):47.671	
O1):-0.795	O2):38.406	
O1):-0.818	O2):42.619	
O1):-0.854	O2):50.697	
O1):-0.831	O2):48.869	
O1):-0.836	O2):45.412	
O1):-0.862	O2):53.986	
O1):-0.811	O2):40.195	
O1):-0.855	O2):59.143	
O1):-0.872	O2):63.692	
O1):-0.772	O2):37.722	
O1):-0.761	O2):36.437	
O1):-0.827	O2):43.148	
O1):-0.755	O2):36.15	
O1):-0.779	O2):40.359	
O1):-0.864	O2):59.264	
O1):-0.846	O2):48.387	
O1):-0.735	O2):31.982	
O1):-0.765	O2):36.555	
O1):-0.746	O2):35.722	
O1):-0.756	O2):36.271	
O1):-0.83	O2):43.738	
O1):-0.827	O2):43.272	
O1):-0.834	O2):43.924	
O1):-0.859	O2):53.244	
O1):-0.863	O2):54.291	
O1):-0.746	O2):35.722	
O1):-0.799	O2):39.362	
O1):-0.765	O2):37.289	
O1):-0.801	O2):41.369	
O1):-0.781	O2):37.985	
O1):-0.859	O2):53.339	
O1):-0.859	O2):53.339	
O1):-0.811	O2):41.945	
O1):-0.791	O2):37.82	
O1):-0.759	O2):37.939	
O1):-0.807	O2):42.955	
O1):-0.778	O2):36.267	
O1):-0.821	O2):43.05	
O1):-0.862	O2):53.987	
O1):-0.732	O2):31.815	
O1):-0.821	O2):43.102	
O1):-0.823	O2):44.223	
O1):-0.863	O2):54.302	
O1):-0.725	O2):31.531	
O1):-0.812	O2):43.076	
O1):-0.793	O2):38.126	
O1):-0.837	O2):51.244	
O1):-0.825	O2):43.072	
O1):-0.833	O2):52.094	
O1):-0.779	O2):40.647	
O1):-0.718	O2):32.135	
O1):-0.763	O2):37.301	
O1):-0.871	O2):63.552	
O1):-0.763	O2):36.062	
O1):-0.762	O2):36.632	
O1):-0.764	O2):36.76	
O1):-0.777	O2):40.585	
O1):-0.818	O2):42.926	
O1):-0.836	O2):47.116	
O1):-0.77	O2):37.526	
O1):-0.785	O2):38.025	
O1):-0.878	O2):64.227	
O1):-0.82	O2):42.49	
O1):-0.846	O2):49.411	
O1):-0.785	O2):38.063	
O1):-0.748	O2):35.934	
O1):-0.878	O2):68.829	
O1):-0.826	O2):43.011	
O1):-0.768	O2):37.443	
O1):-0.872	O2):68.745	
O1):-0.766	O2):37.321	
O1):-0.851	O2):52.618	
O1):-0.834	O2):43.924	
O1):-0.837	O2):46.754	
O1):-0.771	O2):36.346	
O1):-0.743	O2):35.024	
O1):-0.822	O2):44.132	
O1):-0.872	O2):68.943	
O1):-0.834	O2):43.924	
O1):-0.836	O2):44.204	
O1):-0.8	O2):39.527	
O1):-0.879	O2):68.976	
O1):-0.807	O2):42.955	
O1):-0.814	O2):49.02	
O1):-0.779	O2):37.692	
O1):-0.829	O2):43.669	
O1):-0.804	O2):41.632	
Starting PrismExecutor worker 3 on port 11493
O1):-0.835	O2):46.2	
O1):-0.788	O2):38.723	
O1):-0.878	O2):68.829	
O1):-0.77	O2):37.731	
O1):-0.862	O2):54.071	
O1):-0.746	O2):35.722	
Connected worker 3 to port 11493
O1):-0.853	O2):48.899	
O1):-0.83	O2):43.818	
O1):-0.828	O2):43.24	
O1):-0.818	O2):42.159	
O1):-0.825	O2):42.873	
O1):-0.78	O2):37.616	
O1):-0.833	O2):51.796	
O1):-0.791	O2):37.98	
O1):-0.851	O2):52.481	
O1):-0.835	O2):44.059	
O1):-0.834	O2):43.924	
O1):-0.881	O2):68.578	
O1):-0.753	O2):34.478	
O1):-0.793	O2):41.229	
O1):-0.806	O2):40.001	
O1):-0.83	O2):43.82	
O1):-0.673	O2):26.812	
O1):-0.819	O2):41.786	
O1):-0.84	O2):48.306	
O1):-0.846	O2):48.382	
O1):-0.803	O2):39.206	
O1):-0.829	O2):43.558	
O1):-0.794	O2):38.28	
O1):-0.81	O2):43.476	
O1):-0.853	O2):50.334	
O1):-0.825	O2):44.628	
O1):-0.86	O2):53.536	
O1):-0.828	O2):43.558	
O1):-0.706	O2):31.359	
O1):-0.818	O2):42.926	
O1):-0.853	O2):53.058	
O1):-0.871	O2):59.591	
O1):-0.705	O2):31.354	
O1):-0.835	O2):43.88	
O1):-0.848	O2):53.474	
O1):-0.868	O2):58.679	
O1):-0.806	O2):42.516	
O1):-0.781	O2):37.985	
O1):-0.743	O2):35.024	
O1):-0.769	O2):37.496	
O1):-0.739	O2):32.202	
O1):-0.853	O2):49.046	
O1):-0.85	O2):50.066	
O1):-0.755	O2):36.15	
O1):-0.753	O2):34.478	
O1):-0.864	O2):64.528	
O1):-0.83	O2):44.047	
O1):-0.828	O2):45.417	
O1):-0.746	O2):35.722	
O1):-0.822	O2):47.59	
O1):-0.863	O2):54.285	
O1):-0.824	O2):48.332	
O1):-0.836	O2):47.247	
O1):-0.812	O2):39.992	
O1):-0.821	O2):43.448	
O1):-0.712	O2):30.61	
O1):-0.844	O2):48.099	
O1):-0.763	O2):39.539	
O1):-0.78	O2):36.393	
O1):-0.87	O2):59.275	
O1):-0.778	O2):36.205	
O1):-0.846	O2):49.464	
O1):-0.825	O2):42.882	
O1):-0.833	O2):44.735	
O1):-0.829	O2):43.685	
O1):-0.782	O2):36.659	
O1):-0.768	O2):37.443	
O1):-0.78	O2):38.942	
O1):-0.862	O2):53.928	
O1):-0.746	O2):33.344	
O1):-0.828	O2):43.24	
O1):-0.745	O2):35.186	
O1):-0.817	O2):42.194	
O1):-0.673	O2):26.813	
O1):-0.786	O2):37.355	
O1):-0.829	O2):43.786	
O1):-0.749	O2):35.445	
O1):-0.853	O2):48.898	
O1):-0.872	O2):68.232	
O1):-0.81	O2):42.024	
O1):-0.838	O2):44.727	
O1):-0.87	O2):63.206	
O1):-0.789	O2):37.883	
O1):-0.813	O2):45.011	
O1):-0.834	O2):43.924	
O1):-0.822	O2):43.091	
O1):-0.843	O2):48.885	
O1):-0.757	O2):36.399	
O1):-0.832	O2):44.634	
O1):-0.778	O2):36.249	
O1):-0.794	O2):38.28	
Starting PrismExecutor worker 2 on port 11472
O1):-0.818	O2):42.926	
O1):-0.826	O2):43.011	
Connected worker 2 to port 11472
O1):-0.862	O2):54.163	
O1):-0.779	O2):36.427	
O1):-0.835	O2):46.2	
O1):-0.852	O2):49.826	
O1):-0.844	O2):49.212	
O1):-0.838	O2):44.592	
O1):-0.872	O2):68.232	
O1):-0.753	O2):34.478	
O1):-0.803	O2):41.407	
O1):-0.77	O2):40.219	
O1):-0.853	O2):53.058	
O1):-0.78	O2):37.616	
O1):-0.85	O2):48.476	
O1):-0.794	O2):41.492	
O1):-0.795	O2):38.483	
O1):-0.878	O2):68.831	
O1):-0.837	O2):46.754	
O1):-0.845	O2):49.156	
Evaluations:	2900
O1):-0.705	O2):31.354	
O1):-0.85	O2):48.27	
O1):-0.83	O2):43.82	
O1):-0.834	O2):43.924	
O1):-0.782	O2):36.659	
O1):-0.767	O2):37.461	
O1):-0.799	O2):38.263	
O1):-0.828	O2):44.782	
O1):-0.804	O2):38.59	
O1):-0.879	O2):68.976	
O1):-0.824	O2):42.659	
O1):-0.844	O2):49.086	
O1):-0.83	O2):43.825	
O1):-0.863	O2):54.285	
O1):-0.847	O2):49.602	
O1):-0.821	O2):43.448	
O1):-0.833	O2):45.195	
O1):-0.826	O2):43.079	
O1):-0.791	O2):37.82	
O1):-0.771	O2):36.346	
O1):-0.804	O2):49.585	
O1):-0.835	O2):45.36	
O1):-0.838	O2):47.466	
O1):-0.879	O2):68.974	
O1):-0.743	O2):35.025	
O1):-0.773	O2):38.424	
O1):-0.879	O2):68.976	
O1):-0.76	O2):36.099	
O1):-0.833	O2):45.076	
O1):-0.777	O2):37.013	
O1):-0.802	O2):38.149	
O1):-0.8	O2):39.361	
O1):-0.755	O2):36.14	
O1):-0.828	O2):45.417	
O1):-0.879	O2):68.976	
O1):-0.823	O2):42.387	
O1):-0.862	O2):53.928	
O1):-0.836	O2):44.201	
O1):-0.805	O2):39.861	
O1):-0.853	O2):48.899	
O1):-0.834	O2):43.924	
O1):-0.841	O2):47.812	
O1):-0.803	O2):41.407	
O1):-0.789	O2):38.06	
O1):-0.804	O2):38.664	
O1):-0.807	O2):42.953	
O1):-0.871	O2):59.507	
O1):-0.802	O2):39.116	
O1):-0.796	O2):44.482	
O1):-0.863	O2):54.302	
O1):-0.88	O2):64.724	
O1):-0.851	O2):52.622	
O1):-0.87	O2):59.275	
O1):-0.819	O2):42.066	
O1):-0.802	O2):41.903	
O1):-0.817	O2):41.714	
O1):-0.75	O2):35.581	
O1):-0.835	O2):45.36	
O1):-0.817	O2):41.714	
O1):-0.841	O2):48.264	
O1):-0.823	O2):42.387	
O1):-0.862	O2):53.917	
O1):-0.853	O2):50.334	
O1):-0.795	O2):38.407	
Starting PrismExecutor worker 5 on port 11405
O1):-0.753	O2):34.478	
Connected worker 5 to port 11405
O1):-0.781	O2):37.645	
O1):-0.705	O2):31.354	
O1):-0.734	O2):35.246	
O1):-0.829	O2):43.685	
O1):-0.817	O2):46.0	
O1):-0.818	O2):42.926	
O1):-0.823	O2):44.362	
O1):-0.763	O2):36.757	
O1):-0.763	O2):37.301	
O1):-0.833	O2):43.642	
O1):-0.748	O2):35.339	
O1):-0.846	O2):49.448	
O1):-0.847	O2):49.616	
O1):-0.861	O2):53.837	
O1):-0.802	O2):42.596	
O1):-0.732	O2):31.815	
O1):-0.803	O2):42.85	
O1):-0.83	O2):43.826	
O1):-0.845	O2):47.96	
O1):-0.796	O2):37.436	
O1):-0.88	O2):65.117	
O1):-0.871	O2):59.385	
O1):-0.816	O2):42.67	
O1):-0.768	O2):37.443	
O1):-0.728	O2):32.435	
O1):-0.802	O2):40.076	
O1):-0.728	O2):31.317	
O1):-0.862	O2):53.986	
O1):-0.859	O2):53.339	
O1):-0.739	O2):32.202	
O1):-0.742	O2):34.928	
O1):-0.802	O2):41.395	
O1):-0.787	O2):38.433	
O1):-0.779	O2):40.286	
O1):-0.742	O2):34.927	
O1):-0.742	O2):34.927	
O1):-0.822	O2):44.115	
O1):-0.774	O2):37.093	
O1):-0.859	O2):53.339	
O1):-0.879	O2):68.976	
O1):-0.853	O2):48.905	
O1):-0.811	O2):42.284	
O1):-0.756	O2):34.196	
O1):-0.722	O2):33.09	
O1):-0.85	O2):50.063	
O1):-0.77	O2):37.472	
O1):-0.872	O2):62.991	
O1):-0.844	O2):47.807	
O1):-0.802	O2):41.772	
O1):-0.792	O2):37.888	
O1):-0.805	O2):41.782	
O1):-0.836	O2):44.204	
O1):-0.863	O2):54.266	
O1):-0.752	O2):34.646	
O1):-0.824	O2):44.543	
O1):-0.806	O2):41.89	
O1):-0.86	O2):53.42	
O1):-0.836	O2):44.201	
O1):-0.8	O2):37.769	
O1):-0.844	O2):47.806	
O1):-0.82	O2):42.49	
O1):-0.853	O2):49.046	
O1):-0.836	O2):44.201	
O1):-0.764	O2):36.393	
O1):-0.735	O2):31.982	
O1):-0.859	O2):53.339	
O1):-0.76	O2):36.098	
O1):-0.728	O2):31.317	
O1):-0.777	O2):36.943	
O1):-0.798	O2):39.058	
O1):-0.822	O2):43.088	
O1):-0.767	O2):37.078	
O1):-0.862	O2):54.071	
O1):-0.764	O2):36.393	
O1):-0.804	O2):38.57	
O1):-0.83	O2):43.82	
O1):-0.749	O2):35.446	
O1):-0.822	O2):44.131	
O1):-0.786	O2):38.354	
O1):-0.805	O2):41.645	
O1):-0.828	O2):43.686	
O1):-0.863	O2):54.285	
O1):-0.818	O2):42.926	
O1):-0.826	O2):44.937	
O1):-0.816	O2):41.816	
O1):-0.82	O2):42.49	
O1):-0.811	O2):41.945	
O1):-0.705	O2):31.354	
O1):-0.826	O2):43.141	
O1):-0.811	O2):41.945	
O1):-0.82	O2):42.678	
O1):-0.809	O2):43.367	
O1):-0.786	O2):40.627	
O1):-0.821	O2):42.802	
Starting PrismExecutor worker 4 on port 11444
O1):-0.767	O2):37.248	
Connected worker 4 to port 11444
O1):-0.808	O2):39.209	
O1):-0.816	O2):43.805	
O1):-0.836	O2):47.245	
O1):-0.78	O2):37.624	
O1):-0.871	O2):59.368	
O1):-0.834	O2):43.925	
O1):-0.843	O2):57.631	
O1):-0.755	O2):34.181	
O1):-0.816	O2):42.67	
O1):-0.787	O2):37.562	
O1):-0.862	O2):64.582	
O1):-0.819	O2):43.117	
O1):-0.826	O2):42.801	
O1):-0.836	O2):44.201	
O1):-0.81	O2):42.024	
O1):-0.743	O2):35.024	
O1):-0.799	O2):39.188	
O1):-0.796	O2):41.721	
O1):-0.837	O2):46.754	
O1):-0.826	O2):43.079	
O1):-0.87	O2):63.206	
O1):-0.822	O2):43.796	
Evaluations:	2700
O1):-0.827	O2):43.274	
O1):-0.816	O2):43.852	
O1):-0.789	O2):37.884	
O1):-0.801	O2):41.369	
O1):-0.842	O2):48.601	
O1):-0.804	O2):40.442	
O1):-0.755	O2):36.15	
O1):-0.845	O2):48.254	
O1):-0.832	O2):43.351	
O1):-0.809	O2):43.367	
O1):-0.821	O2):42.328	
O1):-0.803	O2):41.407	
O1):-0.81	O2):39.562	
O1):-0.834	O2):43.924	
O1):-0.836	O2):44.148	
O1):-0.786	O2):37.355	
O1):-0.829	O2):43.385	
O1):-0.825	O2):44.868	
O1):-0.815	O2):47.069	
O1):-0.863	O2):54.285	
O1):-0.844	O2):47.806	
O1):-0.83	O2):44.047	
O1):-0.843	O2):47.82	
O1):-0.838	O2):49.04	
O1):-0.862	O2):54.1	
O1):-0.812	O2):39.341	
O1):-0.818	O2):42.926	
O1):-0.779	O2):36.427	
O1):-0.862	O2):53.928	
O1):-0.771	O2):36.346	
O1):-0.841	O2):47.248	
O1):-0.826	O2):57.289	
O1):-0.777	O2):37.275	
O1):-0.868	O2):58.661	
O1):-0.705	O2):31.354	
O1):-0.735	O2):35.48	
Evaluations:	2900
O1):-0.838	O2):44.727	
O1):-0.845	O2):49.153	
O1):-0.776	O2):35.675	
O1):-0.77	O2):37.526	
O1):-0.837	O2):46.754	
O1):-0.802	O2):44.936	
O1):-0.758	O2):35.888	
O1):-0.806	O2):42.394	
O1):-0.819	O2):46.013	
O1):-0.758	O2):35.888	
O1):-0.793	O2):38.193	
O1):-0.758	O2):35.888	
O1):-0.847	O2):49.602	
O1):-0.845	O2):54.205	
O1):-0.782	O2):36.659	
O1):-0.838	O2):44.592	
O1):-0.83	O2):43.82	
O1):-0.83	O2):43.818	
O1):-0.779	O2):36.427	
O1):-0.821	O2):42.328	
O1):-0.846	O2):49.453	
O1):-0.746	O2):35.628	
O1):-0.835	O2):44.059	
O1):-0.796	O2):37.436	
O1):-0.836	O2):48.442	
O1):-0.798	O2):37.963	
O1):-0.835	O2):46.2	
O1):-0.835	O2):46.357	
O1):-0.778	O2):36.205	
O1):-0.786	O2):38.891	
O1):-0.788	O2):38.652	
Starting PrismExecutor worker 4 on port 11404
O1):-0.834	O2):43.924	
O1):-0.846	O2):54.455	
O1):-0.802	O2):40.249	
Connected worker 4 to port 11404
O1):-0.871	O2):59.591	
O1):-0.757	O2):35.644	
O1):-0.781	O2):37.632	
O1):-0.778	O2):36.205	
O1):-0.829	O2):43.786	
O1):-0.836	O2):47.706	
O1):-0.863	O2):54.266	
O1):-0.834	O2):43.924	
O1):-0.797	O2):42.096	
O1):-0.845	O2):49.155	
O1):-0.771	O2):36.346	
O1):-0.794	O2):40.677	
O1):-0.748	O2):35.339	
O1):-0.862	O2):53.986	
O1):-0.851	O2):48.542	
O1):-0.863	O2):54.285	
O1):-0.741	O2):33.09	
O1):-0.863	O2):58.966	
O1):-0.782	O2):36.666	
O1):-0.836	O2):44.201	
O1):-0.834	O2):43.924	
O1):-0.859	O2):53.339	
O1):-0.773	O2):38.631	
O1):-0.836	O2):47.244	
O1):-0.831	O2):43.385	
O1):-0.836	O2):47.244	
O1):-0.836	O2):47.244	
O1):-0.805	O2):41.788	
O1):-0.779	O2):36.371	
O1):-0.83	O2):43.974	
O1):-0.78	O2):37.709	
O1):-0.748	O2):33.569	
O1):-0.778	O2):36.205	
O1):-0.799	O2):38.263	
O1):-0.758	O2):35.888	
O1):-0.787	O2):40.819	
O1):-0.787	O2):38.433	
O1):-0.872	O2):63.692	
O1):-0.757	O2):35.642	
O1):-0.828	O2):43.63	
O1):-0.821	O2):46.587	
O1):-0.799	O2):38.263	
O1):-0.822	O2):44.351	
O1):-0.834	O2):43.924	
O1):-0.712	O2):30.61	
O1):-0.732	O2):31.815	
O1):-0.842	O2):48.523	
O1):-0.802	O2):38.288	
O1):-0.78	O2):37.115	
O1):-0.84	O2):48.306	
O1):-0.712	O2):30.61	
O1):-0.853	O2):48.899	
O1):-0.85	O2):48.476	
O1):-0.821	O2):43.028	
O1):-0.87	O2):63.206	
O1):-0.786	O2):38.354	
O1):-0.779	O2):37.414	
O1):-0.872	O2):64.057	
O1):-0.746	O2):33.344	
O1):-0.741	O2):33.081	
O1):-0.82	O2):42.833	
O1):-0.86	O2):53.42	
O1):-0.854	O2):49.251	
O1):-0.743	O2):33.597	
O1):-0.742	O2):34.944	
O1):-0.83	O2):44.05	
O1):-0.76	O2):36.114	
O1):-0.878	O2):68.829	
O1):-0.828	O2):43.24	
O1):-0.741	O2):34.747	
O1):-0.844	O2):47.806	
O1):-0.87	O2):59.082	
O1):-0.835	O2):46.2	
O1):-0.862	O2):54.071	
O1):-0.819	O2):43.117	
O1):-0.843	O2):48.596	
O1):-0.805	O2):41.782	
O1):-0.879	O2):68.976	
O1):-0.854	O2):50.695	
O1):-0.741	O2):34.746	
O1):-0.845	O2):47.96	
O1):-0.765	O2):40.183	
O1):-0.87	O2):63.208	
O1):-0.851	O2):52.481	
O1):-0.76	O2):36.238	
O1):-0.781	O2):37.632	
O1):-0.782	O2):36.659	
Evaluations:	2900
O1):-0.795	O2):38.483	
O1):-0.778	O2):37.473	
O1):-0.804	O2):40.507	
O1):-0.825	O2):44.627	
O1):-0.81	O2):39.562	
O1):-0.834	O2):43.924	
O1):-0.835	O2):48.094	
Starting PrismExecutor worker 4 on port 11454
O1):-0.796	O2):44.482	
Starting PrismExecutor worker 5 on port 11445
O1):-0.804	O2):38.59	
O1):-0.826	O2):43.079	
Connected worker 4 to port 11454
Connected worker 5 to port 11445
O1):-0.81	O2):39.562	
O1):-0.828	O2):48.47	
O1):-0.836	O2):44.201	
O1):-0.759	O2):35.57	
O1):-0.78	O2):37.621	
O1):-0.748	O2):33.569	
O1):-0.802	O2):38.06	
O1):-0.824	O2):44.503	
O1):-0.853	O2):53.058	
O1):-0.827	O2):43.271	
O1):-0.812	O2):42.113	
O1):-0.826	O2):43.011	
O1):-0.819	O2):42.506	
O1):-0.802	O2):38.907	
O1):-0.835	O2):43.88	
O1):-0.785	O2):38.025	
O1):-0.834	O2):43.924	
O1):-0.823	O2):44.233	
O1):-0.746	O2):33.344	
O1):-0.88	O2):65.117	
O1):-0.844	O2):47.807	
O1):-0.849	O2):49.73	
O1):-0.782	O2):40.942	
O1):-0.828	O2):45.417	
O1):-0.743	O2):35.139	
O1):-0.83	O2):43.823	
O1):-0.732	O2):31.815	
O1):-0.836	O2):45.412	
O1):-0.781	O2):38.946	
O1):-0.785	O2):40.528	
O1):-0.778	O2):37.473	
O1):-0.791	O2):37.981	
O1):-0.782	O2):36.659	
O1):-0.715	O2):30.845	
O1):-0.859	O2):53.339	
O1):-0.735	O2):31.982	
O1):-0.782	O2):36.659	
O1):-0.742	O2):35.024	
O1):-0.881	O2):68.578	
O1):-0.781	O2):37.632	
O1):-0.786	O2):38.345	
O1):-0.777	O2):37.211	
O1):-0.735	O2):31.982	
O1):-0.818	O2):41.993	
O1):-0.863	O2):58.966	
O1):-0.778	O2):39.629	
O1):-0.862	O2):54.071	
O1):-0.741	O2):33.097	
O1):-0.808	O2):39.085	
O1):-0.8	O2):39.527	
O1):-0.805	O2):39.861	
O1):-0.777	O2):44.179	
O1):-0.85	O2):48.335	
O1):-0.811	O2):42.284	
O1):-0.845	O2):48.254	
Evaluations:	3100
O1):-0.776	O2):36.61	
O1):-0.845	O2):47.96	
O1):-0.755	O2):36.14	
O1):-0.85	O2):48.476	
O1):-0.791	O2):38.412	
O1):-0.871	O2):63.978	
O1):-0.76	O2):36.12	
O1):-0.726	O2):31.612	
O1):-0.827	O2):43.148	
O1):-0.834	O2):43.924	
O1):-0.801	O2):38.78	
O1):-0.821	O2):43.037	
O1):-0.796	O2):37.436	
O1):-0.835	O2):45.503	
O1):-0.833	O2):43.6	
O1):-0.862	O2):53.987	
O1):-0.88	O2):64.724	
O1):-0.778	O2):37.118	
O1):-0.85	O2):48.271	
O1):-0.779	O2):37.414	
O1):-0.673	O2):26.812	
O1):-0.812	O2):42.342	
O1):-0.832	O2):43.374	
O1):-0.809	O2):43.367	
O1):-0.78	O2):37.71	
O1):-0.801	O2):42.632	
O1):-0.835	O2):46.357	
O1):-0.772	O2):36.623	
O1):-0.819	O2):42.067	
O1):-0.779	O2):36.427	
O1):-0.848	O2):53.474	
O1):-0.806	O2):40.108	
O1):-0.779	O2):36.427	
O1):-0.863	O2):54.285	
O1):-0.787	O2):40.82	
O1):-0.862	O2):53.773	
O1):-0.821	O2):43.027	
O1):-0.816	O2):41.824	
O1):-0.847	O2):49.585	
O1):-0.838	O2):47.466	
O1):-0.835	O2):43.88	
O1):-0.844	O2):48.099	
O1):-0.878	O2):68.829	
O1):-0.834	O2):44.839	
O1):-0.78	O2):38.921	
O1):-0.82	O2):42.678	
O1):-0.803	O2):41.375	
O1):-0.804	O2):41.631	
O1):-0.771	O2):36.783	
O1):-0.791	O2):37.82	
O1):-0.726	O2):32.411	
O1):-0.805	O2):42.33	
O1):-0.83	O2):43.82	
O1):-0.739	O2):32.202	
O1):-0.796	O2):41.473	
O1):-0.804	O2):38.57	
O1):-0.778	O2):36.084	
O1):-0.835	O2):45.36	
O1):-0.861	O2):53.845	
O1):-0.818	O2):42.159	
O1):-0.75	O2):35.596	
O1):-0.807	O2):42.955	
O1):-0.838	O2):47.466	
O1):-0.778	O2):37.099	
O1):-0.758	O2):35.724	
O1):-0.819	O2):46.334	
O1):-0.862	O2):53.986	
O1):-0.845	O2):48.362	
O1):-0.78	O2):37.622	
O1):-0.862	O2):53.986	
O1):-0.758	O2):35.888	
O1):-0.813	O2):42.773	
O1):-0.795	O2):38.483	
O1):-0.842	O2):48.508	
O1):-0.863	O2):58.966	
O1):-0.758	O2):35.888	
O1):-0.819	O2):43.117	
O1):-0.834	O2):43.924	
O1):-0.758	O2):35.724	
O1):-0.85	O2):48.333	
O1):-0.879	O2):68.976	
O1):-0.748	O2):33.569	
O1):-0.852	O2):54.061	
O1):-0.87	O2):63.206	
O1):-0.811	O2):40.195	
O1):-0.853	O2):48.898	
O1):-0.8	O2):38.492	
O1):-0.819	O2):42.668	
O1):-0.789	O2):38.06	
O1):-0.793	O2):41.229	
O1):-0.794	O2):38.28	
O1):-0.779	O2):36.427	
O1):-0.869	O2):58.767	
O1):-0.835	O2):44.138	
O1):-0.825	O2):42.95	
O1):-0.834	O2):46.075	
O1):-0.859	O2):53.396	
O1):-0.802	O2):39.116	
O1):-0.804	O2):38.67	
O1):-0.821	O2):42.328	
O1):-0.815	O2):43.604	
O1):-0.853	O2):48.9	
O1):-0.787	O2):38.433	
O1):-0.801	O2):38.78	
O1):-0.718	O2):32.135	
O1):-0.761	O2):36.437	
O1):-0.748	O2):33.569	
O1):-0.846	O2):49.411	
O1):-0.833	O2):51.769	
O1):-0.786	O2):37.355	
O1):-0.781	O2):39.953	
O1):-0.78	O2):37.616	
Evaluations:	2600
O1):-0.834	O2):48.046	
O1):-0.704	O2):31.664	
O1):-0.771	O2):36.783	
O1):-0.838	O2):44.727	
O1):-0.726	O2):31.612	
O1):-0.827	O2):43.212	
O1):-0.83	O2):43.825	
O1):-0.871	O2):59.579	
O1):-0.765	O2):36.555	
O1):-0.803	O2):41.375	
O1):-0.748	O2):33.569	
O1):-0.846	O2):48.325	
Starting PrismExecutor worker 1 on port 11421
O1):-0.825	O2):42.873	
O1):-0.843	O2):48.737	
Connected worker 1 to port 11421
O1):-0.718	O2):32.135	
O1):-0.748	O2):33.569	
O1):-0.783	O2):36.684	
O1):-0.841	O2):47.247	
O1):-0.796	O2):49.268	
O1):-0.828	O2):45.417	
O1):-0.802	O2):38.06	
O1):-0.853	O2):48.898	
O1):-0.838	O2):44.727	
O1):-0.841	O2):48.334	
O1):-0.863	O2):54.266	
O1):-0.838	O2):47.466	
O1):-0.846	O2):48.214	
O1):-0.868	O2):58.661	
O1):-0.802	O2):38.29	
O1):-0.851	O2):52.635	
O1):-0.852	O2):49.826	
O1):-0.803	O2):38.582	
O1):-0.83	O2):43.818	
O1):-0.743	O2):33.604	
O1):-0.746	O2):33.344	
O1):-0.88	O2):64.724	
O1):-0.846	O2):48.385	
O1):-0.862	O2):54.099	
O1):-0.829	O2):43.685	
O1):-0.838	O2):47.466	
O1):-0.853	O2):50.068	
O1):-0.726	O2):36.341	
O1):-0.845	O2):48.499	
O1):-0.859	O2):53.396	
O1):-0.752	O2):34.584	
O1):-0.777	O2):36.923	
O1):-0.828	O2):43.611	
O1):-0.795	O2):38.406	
O1):-0.764	O2):36.76	
O1):-0.782	O2):36.659	
O1):-0.852	O2):53.965	
O1):-0.864	O2):69.073	
O1):-0.862	O2):53.986	
O1):-0.795	O2):41.612	
O1):-0.825	O2):44.626	
O1):-0.773	O2):38.12	
O1):-0.817	O2):43.876	
O1):-0.818	O2):42.311	
O1):-0.846	O2):49.464	
O1):-0.802	O2):41.903	
O1):-0.856	O2):69.37	
O1):-0.846	O2):49.564	
Evaluations:	2400
O1):-0.878	O2):64.227	
O1):-0.795	O2):38.406	
Evaluations:	2900
O1):-0.862	O2):58.106	
O1):-0.819	O2):50.594	
O1):-0.787	O2):38.361	
O1):-0.872	O2):63.692	
O1):-0.826	O2):42.801	
O1):-0.796	O2):42.652	
O1):-0.761	O2):36.1	
O1):-0.85	O2):53.826	
O1):-0.758	O2):35.888	
O1):-0.81	O2):42.024	
O1):-0.777	O2):36.943	
O1):-0.83	O2):43.818	
O1):-0.787	O2):37.8	
O1):-0.846	O2):49.464	
O1):-0.843	O2):48.737	
O1):-0.82	O2):42.254	
O1):-0.83	O2):45.659	
O1):-0.741	O2):34.775	
O1):-0.76	O2):36.098	
O1):-0.862	O2):54.216	
O1):-0.746	O2):35.722	
O1):-0.787	O2):37.525	
O1):-0.718	O2):32.135	
O1):-0.731	O2):31.441	
O1):-0.777	O2):40.645	
O1):-0.862	O2):54.099	
O1):-0.724	O2):31.238	
O1):-0.821	O2):43.027	
O1):-0.804	O2):38.591	
O1):-0.831	O2):44.742	
O1):-0.868	O2):58.597	
O1):-0.828	O2):43.434	
O1):-0.868	O2):58.597	
O1):-0.802	O2):41.394	
O1):-0.761	O2):36.1	
O1):-0.824	O2):46.877	
O1):-0.863	O2):54.232	
O1):-0.862	O2):54.071	
O1):-0.732	O2):31.619	
O1):-0.833	O2):43.627	
Evaluations:	2600
Starting PrismExecutor worker 4 on port 11414
O1):-0.862	O2):54.071	
O1):-0.862	O2):54.071	
O1):-0.779	O2):36.472	
O1):-0.78	O2):37.616	
Connected worker 4 to port 11414
O1):-0.846	O2):48.745	
O1):-0.862	O2):53.986	
O1):-0.754	O2):37.091	
O1):-0.843	O2):47.82	
Evaluations:	3000
O1):-0.843	O2):48.737	
O1):-0.773	O2):38.291	
O1):-0.801	O2):38.78	
O1):-0.794	O2):38.28	
O1):-0.862	O2):53.97	
O1):-0.843	O2):47.75	
O1):-0.835	O2):45.36	
O1):-0.778	O2):36.205	
O1):-0.836	O2):44.148	
O1):-0.86	O2):53.536	
O1):-0.8	O2):39.361	
O1):-0.878	O2):64.227	
O1):-0.739	O2):32.202	
O1):-0.807	O2):42.953	
O1):-0.802	O2):40.072	
O1):-0.83	O2):43.818	
O1):-0.795	O2):38.406	
O1):-0.778	O2):37.115	
O1):-0.728	O2):32.435	
O1):-0.746	O2):35.722	
O1):-0.836	O2):44.148	
O1):-0.852	O2):50.348	
O1):-0.822	O2):42.994	
O1):-0.812	O2):39.341	
O1):-0.779	O2):37.104	
O1):-0.785	O2):43.191	
O1):-0.871	O2):59.583	
O1):-0.871	O2):59.385	
O1):-0.853	O2):53.199	
O1):-0.778	O2):37.473	
O1):-0.785	O2):38.067	
O1):-0.832	O2):44.634	
O1):-0.827	O2):43.967	
O1):-0.833	O2):45.135	
O1):-0.847	O2):54.44	
O1):-0.76	O2):36.238	
O1):-0.761	O2):36.437	
O1):-0.802	O2):38.061	
O1):-0.803	O2):40.364	
O1):-0.842	O2):48.538	
O1):-0.841	O2):48.35	
O1):-0.849	O2):49.73	
O1):-0.85	O2):48.337	
O1):-0.825	O2):56.913	
O1):-0.845	O2):48.362	
O1):-0.811	O2):42.284	
O1):-0.828	O2):43.743	
O1):-0.835	O2):43.88	
O1):-0.78	O2):39.946	
O1):-0.819	O2):41.786	
O1):-0.778	O2):37.471	
O1):-0.799	O2):39.362	
O1):-0.811	O2):42.284	
O1):-0.837	O2):44.427	
O1):-0.741	O2):34.746	
O1):-0.846	O2):48.381	
O1):-0.843	O2):47.82	
O1):-0.741	O2):34.746	
O1):-0.851	O2):52.481	
O1):-0.844	O2):48.099	
O1):-0.873	O2):74.01	
O1):-0.796	O2):44.203	
O1):-0.838	O2):48.577	
O1):-0.801	O2):41.644	
O1):-0.789	O2):38.077	
O1):-0.78	O2):37.622	
O1):-0.844	O2):49.218	
O1):-0.825	O2):44.626	
O1):-0.854	O2):49.251	
O1):-0.791	O2):40.668	
O1):-0.859	O2):53.339	
Starting PrismExecutor worker 5 on port 11455
O1):-0.77	O2):37.203	
O1):-0.836	O2):46.952	
Connected worker 5 to port 11455
O1):-0.847	O2):49.602	
O1):-0.799	O2):39.188	
O1):-0.741	O2):34.747	
O1):-0.803	O2):41.375	
O1):-0.854	O2):50.624	
O1):-0.816	O2):46.254	
O1):-0.863	O2):54.266	
O1):-0.767	O2):37.248	
O1):-0.872	O2):64.053	
O1):-0.841	O2):48.401	
O1):-0.844	O2):49.32	
O1):-0.818	O2):42.455	
O1):-0.716	O2):31.155	
O1):-0.742	O2):34.944	
O1):-0.805	O2):41.782	
O1):-0.793	O2):40.55	
O1):-0.758	O2):39.115	
O1):-0.835	O2):43.88	
O1):-0.845	O2):48.254	
O1):-0.779	O2):36.371	
O1):-0.803	O2):38.582	
O1):-0.872	O2):64.053	
O1):-0.725	O2):31.531	
O1):-0.854	O2):53.226	
O1):-0.76	O2):36.12	
O1):-0.781	O2):38.949	
O1):-0.757	O2):38.969	
O1):-0.765	O2):37.475	
O1):-0.86	O2):53.769	
O1):-0.787	O2):37.802	
O1):-0.825	O2):44.658	
O1):-0.819	O2):41.787	
O1):-0.787	O2):38.433	
O1):-0.826	O2):43.079	
O1):-0.779	O2):36.337	
O1):-0.85	O2):48.476	
O1):-0.821	O2):42.802	
O1):-0.756	O2):36.271	
O1):-0.862	O2):54.099	
O1):-0.706	O2):31.355	
O1):-0.8	O2):37.769	
O1):-0.735	O2):35.48	
O1):-0.793	O2):38.195	
O1):-0.825	O2):42.848	
O1):-0.744	O2):33.89	
O1):-0.781	O2):38.135	
O1):-0.804	O2):38.892	
O1):-0.862	O2):53.974	
O1):-0.778	O2):36.205	
O1):-0.757	O2):35.624	
O1):-0.863	O2):54.279	
O1):-0.743	O2):33.597	
O1):-0.802	O2):38.06	
O1):-0.821	O2):42.328	
O1):-0.845	O2):48.105	
O1):-0.763	O2):36.629	
O1):-0.807	O2):42.957	
O1):-0.787	O2):37.8	
O1):-0.837	O2):47.312	
O1):-0.764	O2):36.236	
O1):-0.863	O2):54.232	
O1):-0.78	O2):37.115	
O1):-0.83	O2):44.049	
O1):-0.781	O2):37.985	
O1):-0.821	O2):42.328	
O1):-0.742	O2):34.91	
O1):-0.801	O2):41.644	
O1):-0.742	O2):34.86	
O1):-0.836	O2):45.412	
O1):-0.805	O2):41.645	
O1):-0.824	O2):42.404	
O1):-0.784	O2):40.346	
O1):-0.862	O2):63.741	
O1):-0.836	O2):44.201	
O1):-0.755	O2):36.15	
O1):-0.871	O2):63.978	
O1):-0.863	O2):54.285	
O1):-0.801	O2):41.644	
O1):-0.805	O2):41.695	
O1):-0.801	O2):41.528	
O1):-0.767	O2):37.248	
O1):-0.826	O2):43.14	
O1):-0.821	O2):43.957	
O1):-0.832	O2):48.213	
O1):-0.74	O2):32.79	
O1):-0.708	O2):31.619	
O1):-0.835	O2):47.188	
O1):-0.811	O2):42.284	
O1):-0.78	O2):37.709	
Starting PrismExecutor worker 2 on port 11432
O1):-0.837	O2):47.414	
O1):-0.864	O2):73.806	
O1):-0.808	O2):39.209	
Connected worker 2 to port 11432
O1):-0.835	O2):56.522	
O1):-0.787	O2):38.433	
O1):-0.861	O2):53.845	
O1):-0.818	O2):42.918	
O1):-0.82	O2):44.882	
O1):-0.853	O2):49.106	
O1):-0.87	O2):58.909	
O1):-0.746	O2):35.722	
O1):-0.804	O2):38.569	
O1):-0.847	O2):49.585	
O1):-0.816	O2):42.673	
O1):-0.844	O2):49.999	
O1):-0.755	O2):34.181	
O1):-0.846	O2):48.381	
O1):-0.872	O2):64.053	
O1):-0.778	O2):36.205	
O1):-0.827	O2):43.148	
O1):-0.744	O2):33.889	
O1):-0.772	O2):40.643	
O1):-0.834	O2):43.924	
O1):-0.726	O2):31.612	
O1):-0.832	O2):43.367	
O1):-0.76	O2):36.098	
O1):-0.843	O2):47.82	
O1):-0.871	O2):59.506	
O1):-0.726	O2):32.411	
O1):-0.824	O2):42.683	
O1):-0.811	O2):41.945	
O1):-0.851	O2):53.813	
O1):-0.844	O2):47.806	
O1):-0.833	O2):43.639	
O1):-0.783	O2):40.159	
O1):-0.845	O2):49.159	
O1):-0.712	O2):30.61	
O1):-0.872	O2):68.33	
O1):-0.787	O2):37.525	
O1):-0.836	O2):45.541	
O1):-0.78	O2):37.622	
O1):-0.859	O2):53.396	
O1):-0.786	O2):38.345	
O1):-0.765	O2):37.289	
O1):-0.812	O2):42.113	
O1):-0.803	O2):42.279	
O1):-0.795	O2):38.406	
O1):-0.824	O2):42.66	
O1):-0.779	O2):36.337	
O1):-0.871	O2):59.58	
O1):-0.745	O2):35.186	
O1):-0.801	O2):38.029	
O1):-0.777	O2):36.943	
O1):-0.841	O2):47.225	
O1):-0.845	O2):48.499	
O1):-0.757	O2):38.969	
O1):-0.819	O2):42.741	
O1):-0.718	O2):32.135	
O1):-0.752	O2):34.394	
O1):-0.845	O2):48.254	
O1):-0.743	O2):33.597	
O1):-0.768	O2):37.443	
O1):-0.837	O2):44.445	
O1):-0.732	O2):33.007	
O1):-0.858	O2):53.027	
O1):-0.8	O2):38.492	
O1):-0.83	O2):43.82	
O1):-0.743	O2):33.597	
O1):-0.734	O2):35.246	
O1):-0.779	O2):36.427	
O1):-0.853	O2):53.199	
O1):-0.748	O2):33.569	
O1):-0.82	O2):42.678	
O1):-0.746	O2):33.344	
O1):-0.749	O2):35.435	
O1):-0.826	O2):43.079	
O1):-0.818	O2):42.311	
O1):-0.777	O2):37.119	
O1):-0.777	O2):36.922	
O1):-0.741	O2):34.746	
O1):-0.795	O2):41.612	
O1):-0.804	O2):38.59	
O1):-0.78	O2):37.471	
Evaluations:	3000
O1):-0.798	O2):39.058	
Starting PrismExecutor worker 5 on port 11415
O1):-0.779	O2):36.472	
O1):-0.792	O2):40.306	
O1):-0.835	O2):46.357	
O1):-0.784	O2):38.655	
Connected worker 5 to port 11415
O1):-0.829	O2):43.685	
O1):-0.841	O2):47.812	
O1):-0.872	O2):64.053	
O1):-0.755	O2):34.183	
O1):-0.728	O2):31.317	
O1):-0.818	O2):42.311	
O1):-0.835	O2):45.088	
O1):-0.804	O2):38.591	
O1):-0.838	O2):47.468	
O1):-0.862	O2):53.976	
O1):-0.844	O2):49.086	
O1):-0.779	O2):36.426	
O1):-0.804	O2):38.59	
O1):-0.817	O2):42.015	
O1):-0.803	O2):38.582	
O1):-0.732	O2):31.815	
O1):-0.853	O2):48.898	
O1):-0.81	O2):42.024	
O1):-0.837	O2):46.755	
O1):-0.749	O2):35.845	
O1):-0.859	O2):53.339	
O1):-0.796	O2):44.588	
O1):-0.782	O2):36.659	
O1):-0.835	O2):46.357	
O1):-0.804	O2):53.34	
O1):-0.773	O2):38.362	
O1):-0.804	O2):38.581	
O1):-0.75	O2):35.582	
O1):-0.845	O2):48.499	
O1):-0.832	O2):43.367	
O1):-0.802	O2):38.06	
O1):-0.793	O2):40.125	
O1):-0.757	O2):38.948	
O1):-0.777	O2):37.334	
O1):-0.85	O2):48.337	
O1):-0.781	O2):37.706	
O1):-0.735	O2):31.982	
O1):-0.845	O2):49.259	
O1):-0.785	O2):40.52	
O1):-0.746	O2):33.344	
O1):-0.802	O2):39.116	
O1):-0.778	O2):36.25	
O1):-0.862	O2):54.145	
O1):-0.804	O2):40.38	
O1):-0.845	O2):64.911	
O1):-0.862	O2):53.917	
O1):-0.859	O2):53.41	
O1):-0.871	O2):59.507	
O1):-0.782	O2):37.989	
O1):-0.726	O2):32.41	
O1):-0.827	O2):43.251	
O1):-0.861	O2):53.784	
O1):-0.803	O2):41.407	
O1):-0.823	O2):47.176	
O1):-0.824	O2):42.666	
O1):-0.845	O2):51.609	
O1):-0.705	O2):31.354	
O1):-0.859	O2):53.339	
O1):-0.796	O2):41.837	
O1):-0.834	O2):46.07	
O1):-0.835	O2):45.378	
O1):-0.724	O2):31.238	
O1):-0.862	O2):53.77	
O1):-0.818	O2):42.918	
O1):-0.837	O2):46.901	
O1):-0.817	O2):41.714	
O1):-0.854	O2):53.431	
O1):-0.757	O2):35.624	
O1):-0.788	O2):38.72	
O1):-0.811	O2):41.881	
O1):-0.821	O2):42.864	
O1):-0.83	O2):43.821	
O1):-0.835	O2):44.138	
O1):-0.812	O2):42.113	
O1):-0.804	O2):41.631	
O1):-0.819	O2):42.038	
O1):-0.832	O2):44.634	
O1):-0.778	O2):36.084	
O1):-0.835	O2):46.357	
O1):-0.828	O2):43.611	
O1):-0.821	O2):43.22	
O1):-0.802	O2):41.24	
Starting PrismExecutor worker 2 on port 11452
O1):-0.732	O2):31.612	
O1):-0.835	O2):43.88	
Connected worker 2 to port 11452
O1):-0.872	O2):64.053	
O1):-0.732	O2):31.815	
O1):-0.835	O2):44.138	
O1):-0.836	O2):48.392	
O1):-0.853	O2):54.56	
O1):-0.804	O2):53.946	
O1):-0.844	O2):47.797	
O1):-0.803	O2):41.407	
O1):-0.778	O2):38.402	
O1):-0.853	O2):49.106	
O1):-0.673	O2):26.804	
O1):-0.725	O2):31.531	
O1):-0.853	O2):53.061	
O1):-0.8	O2):38.492	
O1):-0.765	O2):37.289	
O1):-0.844	O2):48.963	
O1):-0.835	O2):44.138	
O1):-0.818	O2):42.926	
O1):-0.844	O2):49.999	
O1):-0.871	O2):59.385	
O1):-0.818	O2):42.615	
O1):-0.863	O2):54.285	
O1):-0.83	O2):43.82	
O1):-0.859	O2):53.277	
O1):-0.812	O2):39.349	
O1):-0.806	O2):41.89	
O1):-0.743	O2):35.139	
O1):-0.824	O2):44.546	
O1):-0.818	O2):42.311	
O1):-0.851	O2):53.907	
O1):-0.758	O2):35.888	
O1):-0.853	O2):50.503	
O1):-0.827	O2):43.219	
O1):-0.726	O2):31.612	
O1):-0.832	O2):43.35	
O1):-0.845	O2):53.878	
O1):-0.779	O2):37.48	
O1):-0.797	O2):42.633	
O1):-0.806	O2):39.999	
O1):-0.869	O2):58.767	
O1):-0.735	O2):35.48	
O1):-0.802	O2):38.061	
O1):-0.872	O2):62.991	
O1):-0.8	O2):37.769	
O1):-0.779	O2):39.981	
O1):-0.868	O2):58.661	
O1):-0.744	O2):33.889	
O1):-0.848	O2):53.612	
O1):-0.791	O2):37.98	
O1):-0.853	O2):50.334	
O1):-0.795	O2):44.283	
O1):-0.791	O2):37.98	
O1):-0.712	O2):30.61	
O1):-0.735	O2):31.982	
O1):-0.777	O2):36.044	
O1):-0.853	O2):54.386	
O1):-0.842	O2):48.654	
O1):-0.82	O2):43.882	
O1):-0.82	O2):46.022	
O1):-0.741	O2):34.775	
O1):-0.844	O2):47.807	
O1):-0.811	O2):41.888	
O1):-0.843	O2):48.966	
O1):-0.872	O2):64.053	
O1):-0.853	O2):53.199	
O1):-0.824	O2):47.015	
O1):-0.833	O2):47.25	
O1):-0.834	O2):46.071	
O1):-0.818	O2):42.471	
O1):-0.813	O2):45.278	
O1):-0.851	O2):52.554	
O1):-0.743	O2):35.014	
O1):-0.81	O2):42.024	
O1):-0.818	O2):42.619	
O1):-0.726	O2):32.411	
O1):-0.862	O2):53.917	
O1):-0.862	O2):53.97	
O1):-0.88	O2):65.117	
O1):-0.748	O2):35.888	
O1):-0.732	O2):31.619	
O1):-0.818	O2):42.471	
O1):-0.76	O2):36.238	
O1):-0.853	O2):48.898	
O1):-0.764	O2):36.393	
O1):-0.829	O2):43.385	
O1):-0.778	O2):37.473	
O1):-0.758	O2):35.724	
O1):-0.742	O2):34.927	
O1):-0.845	O2):48.362	
Starting PrismExecutor worker 1 on port 11461
Connected worker 1 to port 11461
O1):-0.804	O2):38.664	
O1):-0.82	O2):42.569	
O1):-0.853	O2):50.503	
O1):-0.804	O2):41.639	
O1):-0.785	O2):38.063	
O1):-0.766	O2):37.306	
O1):-0.835	O2):44.059	
O1):-0.827	O2):43.148	
O1):-0.835	O2):46.2	
O1):-0.803	O2):39.196	
O1):-0.872	O2):68.233	
O1):-0.834	O2):48.69	
O1):-0.853	O2):54.657	
O1):-0.759	O2):35.57	
O1):-0.862	O2):54.07	
O1):-0.75	O2):35.581	
O1):-0.756	O2):34.196	
O1):-0.743	O2):35.024	
O1):-0.836	O2):44.21	
O1):-0.766	O2):37.306	
O1):-0.799	O2):38.263	
O1):-0.803	O2):48.999	
O1):-0.829	O2):43.685	
O1):-0.752	O2):34.394	
O1):-0.861	O2):53.912	
O1):-0.79	O2):42.888	
O1):-0.847	O2):49.604	
O1):-0.842	O2):49.535	
O1):-0.826	O2):43.006	
O1):-0.782	O2):36.659	
O1):-0.787	O2):43.657	
O1):-0.753	O2):34.478	
O1):-0.862	O2):54.071	
O1):-0.764	O2):36.393	
O1):-0.801	O2):41.369	
O1):-0.827	O2):43.39	
O1):-0.785	O2):36.76	
O1):-0.746	O2):33.306	
O1):-0.793	O2):43.562	
O1):-0.838	O2):47.466	
O1):-0.797	O2):42.102	
O1):-0.87	O2):59.275	
O1):-0.851	O2):53.814	
O1):-0.829	O2):43.781	
O1):-0.859	O2):53.339	
O1):-0.863	O2):58.966	
O1):-0.808	O2):39.209	
O1):-0.743	O2):33.604	
O1):-0.773	O2):37.07	
O1):-0.859	O2):53.343	
O1):-0.816	O2):42.67	
O1):-0.805	O2):41.782	
O1):-0.743	O2):35.139	
O1):-0.837	O2):47.312	
Evaluations:	3000
O1):-0.803	O2):38.534	
O1):-0.845	O2):47.96	
O1):-0.826	O2):43.141	
O1):-0.802	O2):38.061	
O1):-0.853	O2):48.898	
O1):-0.834	O2):48.698	
O1):-0.799	O2):39.362	
O1):-0.765	O2):37.289	
O1):-0.861	O2):53.845	
O1):-0.765	O2):37.475	
O1):-0.822	O2):42.458	
O1):-0.804	O2):38.569	
O1):-0.778	O2):36.205	
O1):-0.846	O2):49.466	
O1):-0.828	O2):43.426	
O1):-0.835	O2):43.88	
O1):-0.862	O2):53.968	
O1):-0.834	O2):48.046	
O1):-0.853	O2):48.899	
O1):-0.806	O2):41.89	
O1):-0.859	O2):53.339	
O1):-0.781	O2):37.985	
O1):-0.726	O2):32.411	
O1):-0.756	O2):36.271	
O1):-0.801	O2):41.644	
O1):-0.775	O2):40.079	
O1):-0.863	O2):54.233	
O1):-0.823	O2):42.387	
O1):-0.844	O2):47.797	
O1):-0.832	O2):44.634	
O1):-0.741	O2):34.747	
O1):-0.8	O2):39.527	
O1):-0.805	O2):49.82	
O1):-0.792	O2):38.045	
O1):-0.847	O2):49.604	
O1):-0.785	O2):37.273	
O1):-0.853	O2):49.106	
O1):-0.75	O2):36.382	
Starting PrismExecutor worker 3 on port 11463
O1):-0.804	O2):38.56	
O1):-0.774	O2):37.093	
O1):-0.811	O2):43.785	
Connected worker 3 to port 11463
O1):-0.842	O2):47.212	
O1):-0.755	O2):34.181	
O1):-0.759	O2):35.57	
O1):-0.779	O2):36.472	
O1):-0.835	O2):44.059	
O1):-0.706	O2):31.387	
O1):-0.813	O2):40.695	
O1):-0.783	O2):39.978	
O1):-0.785	O2):38.063	
O1):-0.818	O2):43.642	
O1):-0.735	O2):35.48	
O1):-0.836	O2):46.954	
O1):-0.742	O2):34.944	
O1):-0.821	O2):43.028	
O1):-0.835	O2):44.059	
O1):-0.705	O2):31.354	
O1):-0.791	O2):37.98	
O1):-0.804	O2):40.496	
O1):-0.835	O2):43.881	
O1):-0.843	O2):47.802	
O1):-0.802	O2):38.061	
O1):-0.822	O2):44.199	
O1):-0.829	O2):45.259	
O1):-0.858	O2):53.027	
O1):-0.818	O2):42.922	
O1):-0.787	O2):37.432	
O1):-0.844	O2):47.807	
O1):-0.834	O2):46.063	
O1):-0.805	O2):41.782	
O1):-0.747	O2):33.463	
O1):-0.863	O2):54.285	
O1):-0.798	O2):39.056	
O1):-0.741	O2):34.746	
O1):-0.854	O2):59.006	
O1):-0.801	O2):39.95	
O1):-0.745	O2):35.186	
O1):-0.861	O2):53.845	
O1):-0.836	O2):45.412	
O1):-0.795	O2):38.483	
O1):-0.795	O2):38.406	
O1):-0.747	O2):33.463	
O1):-0.732	O2):31.815	
O1):-0.758	O2):35.64	
O1):-0.834	O2):46.071	
O1):-0.835	O2):46.357	
O1):-0.881	O2):68.578	
O1):-0.847	O2):49.601	
O1):-0.794	O2):40.555	
O1):-0.833	O2):51.796	
O1):-0.854	O2):49.251	
O1):-0.748	O2):35.643	
O1):-0.8	O2):39.361	
O1):-0.853	O2):53.058	
O1):-0.739	O2):32.202	
O1):-0.845	O2):47.96	
O1):-0.86	O2):63.986	
O1):-0.833	O2):52.094	
O1):-0.836	O2):45.541	
O1):-0.833	O2):45.142	
O1):-0.781	O2):37.985	
O1):-0.718	O2):32.135	
O1):-0.834	O2):44.839	
O1):-0.806	O2):42.263	
O1):-0.735	O2):35.48	
O1):-0.82	O2):42.249	
O1):-0.81	O2):43.476	
O1):-0.836	O2):44.201	
O1):-0.843	O2):48.737	
O1):-0.859	O2):53.343	
O1):-0.755	O2):36.152	
O1):-0.829	O2):43.385	
O1):-0.788	O2):42.313	
Evaluations:	3200
O1):-0.705	O2):31.354	
O1):-0.811	O2):41.945	
O1):-0.818	O2):42.926	
O1):-0.844	O2):49.361	
O1):-0.871	O2):63.979	
O1):-0.858	O2):53.027	
O1):-0.844	O2):47.797	
O1):-0.853	O2):48.899	
O1):-0.868	O2):58.597	
O1):-0.826	O2):43.079	
O1):-0.836	O2):44.204	
O1):-0.778	O2):36.249	
O1):-0.819	O2):42.066	
O1):-0.786	O2):38.354	
Starting PrismExecutor worker 4 on port 11494
Starting PrismExecutor worker 0 on port 11460
O1):-0.77	O2):37.526	
O1):-0.837	O2):48.552	
Connected worker 4 to port 11494
Connected worker 0 to port 11460
O1):-0.863	O2):54.266	
O1):-0.796	O2):44.513	
O1):-0.743	O2):35.139	
O1):-0.805	O2):41.782	
O1):-0.781	O2):37.985	
O1):-0.764	O2):39.741	
O1):-0.794	O2):40.43	
O1):-0.836	O2):44.201	
O1):-0.822	O2):43.088	
O1):-0.835	O2):47.188	
O1):-0.86	O2):53.536	
O1):-0.803	O2):41.375	
O1):-0.826	O2):43.199	
O1):-0.705	O2):31.354	
O1):-0.837	O2):47.312	
O1):-0.825	O2):43.072	
O1):-0.835	O2):46.357	
O1):-0.845	O2):49.159	
O1):-0.804	O2):41.631	
O1):-0.854	O2):53.431	
O1):-0.814	O2):43.545	
O1):-0.757	O2):36.995	
O1):-0.835	O2):43.881	
O1):-0.74	O2):35.68	
O1):-0.828	O2):43.311	
O1):-0.821	O2):46.034	
O1):-0.872	O2):68.232	
O1):-0.817	O2):41.536	
O1):-0.802	O2):38.06	
O1):-0.804	O2):41.651	
O1):-0.859	O2):53.339	
O1):-0.778	O2):36.205	
O1):-0.785	O2):37.175	
O1):-0.765	O2):39.628	
O1):-0.823	O2):44.223	
O1):-0.864	O2):59.27	
O1):-0.864	O2):59.264	
O1):-0.814	O2):43.545	
O1):-0.863	O2):58.967	
O1):-0.757	O2):36.4	
O1):-0.712	O2):30.61	
Evaluations:	2800
O1):-0.826	O2):43.012	
O1):-0.833	O2):52.376	
O1):-0.836	O2):44.201	
O1):-0.745	O2):32.766	
O1):-0.766	O2):37.126	
O1):-0.853	O2):49.108	
O1):-0.878	O2):64.227	
O1):-0.833	O2):43.686	
O1):-0.81	O2):42.024	
O1):-0.819	O2):43.117	
O1):-0.726	O2):31.612	
O1):-0.827	O2):43.271	
O1):-0.821	O2):42.788	
O1):-0.859	O2):53.27	
O1):-0.837	O2):46.619	
O1):-0.805	O2):42.313	
O1):-0.863	O2):54.28	
O1):-0.837	O2):44.285	
O1):-0.756	O2):36.271	
O1):-0.862	O2):53.77	
O1):-0.853	O2):53.127	
O1):-0.804	O2):41.639	
O1):-0.83	O2):44.037	
O1):-0.853	O2):49.108	
O1):-0.779	O2):38.411	
O1):-0.827	O2):43.271	
O1):-0.836	O2):46.955	
O1):-0.763	O2):37.301	
O1):-0.808	O2):43.249	
O1):-0.854	O2):53.431	
O1):-0.774	O2):39.839	
O1):-0.794	O2):40.431	
O1):-0.828	O2):43.426	
O1):-0.776	O2):35.675	
Evaluations:	3000
O1):-0.779	O2):36.472	
O1):-0.808	O2):42.554	
O1):-0.817	O2):41.714	
O1):-0.835	O2):44.059	
O1):-0.83	O2):43.816	
O1):-0.822	O2):42.885	
O1):-0.81	O2):39.562	
O1):-0.838	O2):47.466	
O1):-0.846	O2):48.385	
O1):-0.834	O2):46.063	
O1):-0.872	O2):63.689	
O1):-0.816	O2):43.805	
O1):-0.744	O2):33.89	
O1):-0.781	O2):37.632	
O1):-0.828	O2):43.611	
O1):-0.8	O2):37.769	
O1):-0.846	O2):48.381	
O1):-0.844	O2):49.045	
O1):-0.836	O2):44.148	
O1):-0.833	O2):47.251	
O1):-0.842	O2):48.508	
O1):-0.802	O2):38.221	
O1):-0.761	O2):36.437	
O1):-0.822	O2):44.184	
O1):-0.821	O2):42.328	
O1):-0.778	O2):36.267	
O1):-0.861	O2):53.845	
O1):-0.853	O2):53.199	
O1):-0.741	O2):34.775	
O1):-0.83	O2):43.82	
O1):-0.778	O2):37.099	
O1):-0.787	O2):38.427	
O1):-0.827	O2):43.271	
O1):-0.854	O2):63.474	
O1):-0.748	O2):35.339	
O1):-0.789	O2):38.769	
O1):-0.825	O2):42.953	
O1):-0.728	O2):31.317	
O1):-0.863	O2):54.232	
O1):-0.783	O2):40.159	
O1):-0.861	O2):53.845	
O1):-0.846	O2):48.558	
O1):-0.761	O2):36.437	
O1):-0.853	O2):57.995	
O1):-0.791	O2):37.98	
O1):-0.76	O2):36.238	
O1):-0.838	O2):44.727	
O1):-0.778	O2):36.249	
O1):-0.783	O2):40.159	
O1):-0.861	O2):53.837	
O1):-0.785	O2):38.063	
O1):-0.853	O2):53.058	
O1):-0.829	O2):43.385	
O1):-0.789	O2):37.883	
O1):-0.819	O2):42.506	
O1):-0.753	O2):34.478	
O1):-0.793	O2):38.129	
O1):-0.852	O2):49.826	
O1):-0.819	O2):43.117	
O1):-0.836	O2):44.201	
O1):-0.753	O2):34.478	
O1):-0.791	O2):37.82	
O1):-0.803	O2):38.534	
O1):-0.836	O2):45.541	
O1):-0.741	O2):34.777	
O1):-0.836	O2):47.116	
O1):-0.835	O2):45.36	
O1):-0.77	O2):37.526	
O1):-0.881	O2):68.578	
O1):-0.75	O2):35.581	
O1):-0.836	O2):44.201	
O1):-0.853	O2):48.898	
O1):-0.787	O2):37.8	
O1):-0.778	O2):36.084	
O1):-0.816	O2):43.805	
O1):-0.777	O2):36.943	
O1):-0.78	O2):37.471	
O1):-0.787	O2):37.8	
O1):-0.872	O2):64.053	
O1):-0.881	O2):73.671	
O1):-0.803	O2):38.534	
O1):-0.845	O2):49.469	
O1):-0.732	O2):31.815	
O1):-0.843	O2):47.82	
O1):-0.819	O2):41.787	
O1):-0.82	O2):42.836	
O1):-0.798	O2):40.394	
O1):-0.863	O2):54.285	
O1):-0.804	O2):41.639	
O1):-0.853	O2):48.898	
O1):-0.82	O2):42.255	
O1):-0.821	O2):43.047	
O1):-0.749	O2):36.056	
Starting PrismExecutor worker 3 on port 11403
O1):-0.863	O2):58.966	
O1):-0.844	O2):49.311	
O1):-0.804	O2):38.57	
Connected worker 3 to port 11403
O1):-0.871	O2):59.507	
O1):-0.823	O2):44.223	
O1):-0.802	O2):41.978	
O1):-0.797	O2):42.633	
O1):-0.802	O2):38.061	
O1):-0.814	O2):42.575	
O1):-0.763	O2):36.688	
O1):-0.764	O2):36.76	
O1):-0.837	O2):44.427	
O1):-0.838	O2):44.727	
O1):-0.819	O2):42.622	
O1):-0.808	O2):42.554	
O1):-0.803	O2):38.582	
O1):-0.758	O2):35.724	
O1):-0.836	O2):45.333	
O1):-0.749	O2):36.056	
O1):-0.828	O2):44.281	
O1):-0.748	O2):33.569	
O1):-0.824	O2):44.546	
O1):-0.854	O2):49.418	
O1):-0.863	O2):58.966	
O1):-0.768	O2):37.443	
O1):-0.879	O2):68.974	
O1):-0.859	O2):53.245	
O1):-0.803	O2):41.803	
O1):-0.821	O2):45.336	
O1):-0.804	O2):38.57	
O1):-0.859	O2):53.244	
O1):-0.742	O2):34.927	
O1):-0.82	O2):42.49	
O1):-0.835	O2):45.363	
O1):-0.778	O2):36.249	
O1):-0.854	O2):53.223	
O1):-0.795	O2):38.483	
O1):-0.791	O2):37.98	
O1):-0.828	O2):45.049	
O1):-0.743	O2):33.613	
O1):-0.805	O2):38.873	
O1):-0.871	O2):59.385	
O1):-0.786	O2):40.575	
O1):-0.822	O2):43.088	
O1):-0.851	O2):52.481	
O1):-0.858	O2):53.027	
O1):-0.805	O2):41.695	
O1):-0.872	O2):68.232	
O1):-0.723	O2):30.768	
O1):-0.758	O2):39.218	
O1):-0.787	O2):38.429	
O1):-0.836	O2):44.201	
O1):-0.728	O2):32.435	
O1):-0.8	O2):39.361	
O1):-0.85	O2):48.322	
O1):-0.851	O2):48.542	
O1):-0.836	O2):47.245	
O1):-0.825	O2):42.873	
O1):-0.863	O2):54.286	
O1):-0.843	O2):48.737	
O1):-0.843	O2):49.062	
O1):-0.805	O2):41.695	
O1):-0.853	O2):48.898	
O1):-0.757	O2):36.399	
O1):-0.821	O2):42.328	
O1):-0.835	O2):45.36	
O1):-0.867	O2):58.615	
O1):-0.749	O2):35.873	
O1):-0.804	O2):38.669	
O1):-0.862	O2):53.987	
O1):-0.8	O2):38.492	
O1):-0.818	O2):41.815	
O1):-0.853	O2):48.898	
O1):-0.801	O2):39.95	
O1):-0.734	O2):35.246	
O1):-0.778	O2):36.084	
O1):-0.809	O2):43.367	
O1):-0.848	O2):53.61	
O1):-0.755	O2):34.181	
O1):-0.763	O2):36.688	
O1):-0.768	O2):37.443	
O1):-0.822	O2):44.115	
O1):-0.861	O2):53.846	
O1):-0.86	O2):53.42	
O1):-0.735	O2):31.982	
O1):-0.781	O2):36.526	
O1):-0.818	O2):42.021	
O1):-0.779	O2):36.337	
O1):-0.863	O2):54.232	
O1):-0.743	O2):33.597	
O1):-0.835	O2):43.88	
O1):-0.818	O2):42.455	
O1):-0.811	O2):41.945	
O1):-0.843	O2):48.728	
O1):-0.791	O2):37.98	
O1):-0.844	O2):47.806	
O1):-0.799	O2):38.263	
Starting PrismExecutor worker 2 on port 11462
O1):-0.824	O2):48.03	
O1):-0.871	O2):64.459	
O1):-0.779	O2):36.427	
O1):-0.872	O2):64.053	
O1):-0.774	O2):37.128	
O1):-0.83	O2):43.818	
Connected worker 2 to port 11462
O1):-0.8	O2):39.361	
O1):-0.844	O2):47.948	
O1):-0.87	O2):59.275	
O1):-0.835	O2):45.36	
O1):-0.833	O2):47.878	
O1):-0.827	O2):43.105	
O1):-0.764	O2):36.393	
O1):-0.82	O2):42.076	
O1):-0.845	O2):48.259	
O1):-0.863	O2):54.266	
O1):-0.822	O2):42.885	
O1):-0.863	O2):54.278	
O1):-0.87	O2):59.082	
O1):-0.75	O2):35.585	
O1):-0.862	O2):53.928	
O1):-0.812	O2):39.975	
O1):-0.743	O2):34.931	
O1):-0.837	O2):46.754	
O1):-0.863	O2):54.232	
O1):-0.767	O2):37.254	
O1):-0.82	O2):42.678	
O1):-0.778	O2):37.118	
O1):-0.793	O2):40.55	
O1):-0.763	O2):36.689	
O1):-0.718	O2):32.136	
O1):-0.863	O2):54.232	
O1):-0.851	O2):49.536	
O1):-0.805	O2):41.645	
O1):-0.844	O2):49.045	
O1):-0.735	O2):35.48	
O1):-0.836	O2):44.201	
O1):-0.846	O2):49.464	
O1):-0.842	O2):48.456	
O1):-0.828	O2):43.611	
O1):-0.789	O2):37.883	
O1):-0.817	O2):42.015	
O1):-0.871	O2):59.591	
O1):-0.818	O2):42.483	
O1):-0.838	O2):44.727	
O1):-0.844	O2):48.103	
O1):-0.778	O2):36.267	
Evaluations:	3000
O1):-0.828	O2):43.434	
O1):-0.802	O2):41.24	
O1):-0.855	O2):53.519	
O1):-0.802	O2):42.603	
O1):-0.804	O2):38.591	
O1):-0.858	O2):53.027	
O1):-0.853	O2):48.9	
O1):-0.835	O2):44.059	
O1):-0.845	O2):49.469	
O1):-0.778	O2):37.473	
O1):-0.805	O2):38.889	
O1):-0.724	O2):31.238	
O1):-0.862	O2):54.216	
O1):-0.748	O2):35.941	
O1):-0.776	O2):35.675	
O1):-0.818	O2):42.455	
O1):-0.859	O2):53.339	
O1):-0.845	O2):49.156	
O1):-0.797	O2):42.633	
O1):-0.863	O2):54.288	
O1):-0.796	O2):44.261	
O1):-0.715	O2):30.845	
O1):-0.745	O2):35.186	
O1):-0.789	O2):37.883	
O1):-0.833	O2):43.446	
O1):-0.88	O2):64.724	
O1):-0.863	O2):54.285	
O1):-0.853	O2):53.058	
Evaluations:	3100
O1):-0.849	O2):49.73	
O1):-0.863	O2):54.285	
O1):-0.822	O2):43.088	
O1):-0.823	O2):44.223	
O1):-0.814	O2):43.545	
O1):-0.788	O2):39.422	
O1):-0.828	O2):43.562	
O1):-0.87	O2):58.909	
O1):-0.786	O2):38.354	
O1):-0.749	O2):36.96	
O1):-0.851	O2):52.62	
O1):-0.846	O2):48.385	
O1):-0.786	O2):38.345	
O1):-0.878	O2):68.829	
Starting PrismExecutor worker 5 on port 11495
Connected worker 5 to port 11495
O1):-0.728	O2):31.317	
O1):-0.87	O2):59.27	
O1):-0.872	O2):68.232	
O1):-0.788	O2):39.422	
O1):-0.75	O2):36.382	
O1):-0.781	O2):37.985	
O1):-0.831	O2):44.119	
O1):-0.831	O2):43.389	
O1):-0.792	O2):37.885	
O1):-0.845	O2):47.96	
O1):-0.794	O2):38.28	
O1):-0.831	O2):45.603	
O1):-0.838	O2):44.592	
O1):-0.844	O2):48.101	
Evaluations:	2700
O1):-0.829	O2):43.685	
O1):-0.838	O2):47.188	
O1):-0.735	O2):35.48	
O1):-0.811	O2):42.284	
O1):-0.819	O2):43.428	
O1):-0.795	O2):38.406	
O1):-0.819	O2):42.622	
O1):-0.795	O2):38.406	
O1):-0.795	O2):38.406	
O1):-0.779	O2):37.414	
O1):-0.76	O2):36.12	
O1):-0.862	O2):53.928	
O1):-0.846	O2):48.325	
O1):-0.802	O2):41.224	
O1):-0.863	O2):54.302	
O1):-0.817	O2):42.015	
O1):-0.776	O2):39.336	
O1):-0.83	O2):43.817	
O1):-0.821	O2):42.564	
O1):-0.809	O2):43.367	
O1):-0.871	O2):59.508	
O1):-0.87	O2):63.206	
O1):-0.863	O2):58.576	
O1):-0.846	O2):48.381	
O1):-0.845	O2):49.54	
O1):-0.751	O2):34.684	
O1):-0.827	O2):43.417	
O1):-0.705	O2):31.354	
O1):-0.871	O2):59.591	
O1):-0.872	O2):68.233	
O1):-0.837	O2):47.312	
O1):-0.764	O2):36.393	
O1):-0.818	O2):42.484	
O1):-0.735	O2):35.48	
O1):-0.741	O2):33.09	
O1):-0.741	O2):34.746	
O1):-0.786	O2):38.345	
O1):-0.767	O2):36.829	
O1):-0.757	O2):39.093	
O1):-0.845	O2):49.102	
O1):-0.836	O2):47.116	
O1):-0.829	O2):43.685	
O1):-0.845	O2):48.259	
O1):-0.834	O2):44.839	
O1):-0.845	O2):48.259	
O1):-0.75	O2):35.581	
O1):-0.845	O2):47.96	
O1):-0.835	O2):45.36	
O1):-0.742	O2):34.927	
O1):-0.818	O2):42.918	
O1):-0.822	O2):42.994	
O1):-0.791	O2):37.98	
O1):-0.841	O2):48.262	
O1):-0.801	O2):41.548	
O1):-0.828	O2):43.611	
O1):-0.746	O2):33.344	
O1):-0.825	O2):44.982	
O1):-0.827	O2):43.219	
O1):-0.743	O2):33.603	
O1):-0.82	O2):42.076	
O1):-0.778	O2):37.118	
O1):-0.83	O2):43.818	
O1):-0.833	O2):43.642	
O1):-0.844	O2):48.093	
O1):-0.828	O2):43.616	
O1):-0.778	O2):40.64	
O1):-0.772	O2):36.623	
O1):-0.824	O2):42.404	
O1):-0.862	O2):53.77	
O1):-0.742	O2):34.944	
O1):-0.838	O2):47.466	
O1):-0.826	O2):43.012	
O1):-0.859	O2):53.339	
O1):-0.851	O2):48.542	
O1):-0.871	O2):59.58	
O1):-0.819	O2):41.787	
O1):-0.868	O2):58.663	
Starting PrismExecutor worker 4 on port 11484
O1):-0.82	O2):42.967	
O1):-0.818	O2):41.993	
O1):-0.764	O2):36.393	
Connected worker 4 to port 11484
O1):-0.859	O2):53.244	
O1):-0.794	O2):40.981	
O1):-0.763	O2):36.062	
O1):-0.818	O2):42.455	
O1):-0.777	O2):36.923	
O1):-0.741	O2):34.746	
O1):-0.825	O2):42.89	
O1):-0.786	O2):38.345	
O1):-0.814	O2):43.545	
O1):-0.868	O2):63.371	
O1):-0.846	O2):48.214	
O1):-0.779	O2):36.371	
O1):-0.846	O2):48.385	
O1):-0.83	O2):43.817	
O1):-0.792	O2):37.877	
O1):-0.783	O2):36.489	
O1):-0.834	O2):48.046	
O1):-0.827	O2):45.162	
O1):-0.791	O2):37.98	
O1):-0.822	O2):42.994	
O1):-0.835	O2):46.2	
O1):-0.833	O2):44.735	
O1):-0.735	O2):35.48	
O1):-0.784	O2):38.655	
O1):-0.794	O2):38.28	
O1):-0.827	O2):43.149	
O1):-0.846	O2):48.381	
O1):-0.838	O2):52.311	
O1):-0.846	O2):48.385	
O1):-0.795	O2):38.406	
O1):-0.822	O2):42.994	
O1):-0.726	O2):31.612	
O1):-0.844	O2):49.084	
O1):-0.837	O2):44.433	
O1):-0.792	O2):38.696	
O1):-0.861	O2):53.845	
O1):-0.837	O2):46.754	
O1):-0.87	O2):63.206	
O1):-0.733	O2):31.978	
O1):-0.705	O2):31.354	
O1):-0.845	O2):48.362	
O1):-0.802	O2):41.394	
O1):-0.758	O2):35.888	
O1):-0.828	O2):43.434	
O1):-0.753	O2):34.478	
O1):-0.78	O2):39.142	
O1):-0.795	O2):38.406	
O1):-0.732	O2):31.612	
O1):-0.862	O2):53.97	
O1):-0.803	O2):41.375	
O1):-0.764	O2):36.236	
O1):-0.835	O2):47.188	
O1):-0.796	O2):37.436	
O1):-0.802	O2):41.903	
O1):-0.785	O2):40.528	
O1):-0.844	O2):49.177	
O1):-0.795	O2):38.483	
O1):-0.862	O2):54.099	
O1):-0.787	O2):38.433	
O1):-0.846	O2):54.367	
O1):-0.819	O2):42.622	
O1):-0.816	O2):43.805	
O1):-0.847	O2):54.283	
O1):-0.778	O2):36.205	
O1):-0.802	O2):41.24	
O1):-0.673	O2):26.813	
O1):-0.837	O2):47.312	
O1):-0.843	O2):47.832	
O1):-0.763	O2):36.368	
O1):-0.836	O2):44.201	
Evaluations:	2700
O1):-0.794	O2):38.28	
O1):-0.822	O2):42.994	
O1):-0.828	O2):44.323	
O1):-0.778	O2):37.473	
O1):-0.852	O2):49.826	
O1):-0.853	O2):48.905	
O1):-0.827	O2):43.271	
O1):-0.747	O2):33.463	
O1):-0.76	O2):36.114	
O1):-0.817	O2):41.714	
O1):-0.791	O2):37.98	
O1):-0.872	O2):64.053	
O1):-0.781	O2):37.972	
O1):-0.871	O2):59.368	
O1):-0.837	O2):44.652	
O1):-0.801	O2):38.029	
O1):-0.872	O2):64.053	
O1):-0.758	O2):35.888	
O1):-0.803	O2):49.123	
O1):-0.863	O2):54.412	
O1):-0.871	O2):59.243	
O1):-0.837	O2):46.854	
O1):-0.802	O2):38.06	
O1):-0.878	O2):68.84	
O1):-0.819	O2):42.038	
O1):-0.807	O2):42.953	
Evaluations:	3100
O1):-0.78	O2):44.784	
O1):-0.809	O2):42.564	
O1):-0.764	O2):36.76	
O1):-0.803	O2):49.399	
O1):-0.822	O2):42.994	
O1):-0.859	O2):53.343	
O1):-0.859	O2):53.27	
O1):-0.802	O2):38.061	
O1):-0.779	O2):40.882	
O1):-0.855	O2):49.561	
Evaluations:	2500
Starting PrismExecutor worker 2 on port 11442
O1):-0.863	O2):54.279	
O1):-0.792	O2):38.045	
O1):-0.781	O2):38.955	
Connected worker 2 to port 11442
O1):-0.781	O2):39.231	
O1):-0.847	O2):49.584	
O1):-0.801	O2):44.82	
O1):-0.791	O2):37.98	
O1):-0.735	O2):35.48	
O1):-0.849	O2):49.73	
O1):-0.812	O2):42.819	
O1):-0.821	O2):44.293	
O1):-0.829	O2):43.38	
O1):-0.881	O2):68.578	
O1):-0.796	O2):37.436	
O1):-0.81	O2):42.024	
O1):-0.803	O2):41.407	
O1):-0.871	O2):59.385	
O1):-0.85	O2):48.329	
O1):-0.741	O2):34.775	
O1):-0.778	O2):37.215	
O1):-0.854	O2):53.431	
O1):-0.871	O2):59.368	
O1):-0.779	O2):36.337	
O1):-0.87	O2):63.208	
O1):-0.872	O2):64.053	
O1):-0.837	O2):44.427	
O1):-0.828	O2):43.611	
O1):-0.854	O2):53.431	
O1):-0.783	O2):38.664	
O1):-0.823	O2):44.223	
O1):-0.801	O2):41.644	
O1):-0.764	O2):37.858	
O1):-0.749	O2):36.056	
O1):-0.853	O2):48.898	
O1):-0.853	O2):50.331	
O1):-0.836	O2):48.397	
O1):-0.827	O2):43.271	
O1):-0.749	O2):36.062	
O1):-0.834	O2):43.911	
O1):-0.859	O2):53.343	
O1):-0.872	O2):63.689	
O1):-0.827	O2):45.109	
O1):-0.821	O2):42.328	
O1):-0.796	O2):44.261	
O1):-0.817	O2):43.876	
O1):-0.818	O2):41.815	
O1):-0.852	O2):54.677	
O1):-0.749	O2):36.056	
O1):-0.756	O2):35.474	
O1):-0.83	O2):43.818	
O1):-0.771	O2):40.395	
O1):-0.747	O2):33.477	
O1):-0.76	O2):36.238	
O1):-0.872	O2):64.053	
O1):-0.779	O2):36.426	
O1):-0.854	O2):49.251	
O1):-0.776	O2):36.61	
O1):-0.841	O2):49.293	
O1):-0.83	O2):43.818	
O1):-0.819	O2):42.625	
O1):-0.791	O2):37.82	
O1):-0.791	O2):37.98	
O1):-0.881	O2):78.43	
Starting PrismExecutor worker 1 on port 11451
O1):-0.87	O2):59.082	
O1):-0.854	O2):49.416	
O1):-0.799	O2):39.188	
O1):-0.831	O2):43.4	
O1):-0.781	O2):37.638	
Connected worker 1 to port 11451
O1):-0.814	O2):45.789	
O1):-0.817	O2):46.234	
O1):-0.791	O2):37.98	
O1):-0.766	O2):37.137	
O1):-0.803	O2):41.375	
O1):-0.861	O2):53.924	
O1):-0.793	O2):38.126	
O1):-0.759	O2):35.57	
O1):-0.78	O2):37.71	
O1):-0.824	O2):42.683	
O1):-0.834	O2):43.911	
O1):-0.872	O2):64.052	
O1):-0.825	O2):42.546	
O1):-0.87	O2):58.909	
O1):-0.799	O2):41.045	
O1):-0.863	O2):54.282	
O1):-0.862	O2):54.145	
O1):-0.818	O2):42.622	
O1):-0.758	O2):35.888	
O1):-0.845	O2):48.254	
O1):-0.791	O2):37.98	
O1):-0.881	O2):68.578	
O1):-0.793	O2):38.129	
O1):-0.759	O2):35.876	
O1):-0.796	O2):41.72	
O1):-0.861	O2):53.845	
O1):-0.771	O2):36.346	
O1):-0.872	O2):63.692	
O1):-0.859	O2):53.343	
O1):-0.871	O2):59.385	
O1):-0.778	O2):37.473	
O1):-0.83	O2):43.82	
O1):-0.862	O2):53.917	
O1):-0.853	O2):48.898	
O1):-0.797	O2):49.423	
O1):-0.821	O2):42.788	
O1):-0.784	O2):40.394	
O1):-0.859	O2):53.277	
O1):-0.853	O2):48.898	
O1):-0.804	O2):38.6	
O1):-0.853	O2):48.898	
O1):-0.82	O2):42.336	
O1):-0.786	O2):40.578	
O1):-0.835	O2):45.36	
O1):-0.872	O2):68.232	
O1):-0.8	O2):38.492	
O1):-0.829	O2):45.349	
O1):-0.814	O2):42.575	
O1):-0.836	O2):45.541	
O1):-0.837	O2):44.445	
O1):-0.842	O2):48.571	
O1):-0.758	O2):35.64	
O1):-0.853	O2):48.9	
O1):-0.844	O2):49.084	
O1):-0.863	O2):54.431	
O1):-0.847	O2):49.602	
O1):-0.828	O2):43.426	
O1):-0.829	O2):43.781	
O1):-0.777	O2):37.457	
O1):-0.725	O2):31.531	
O1):-0.79	O2):42.654	
O1):-0.871	O2):68.147	
O1):-0.834	O2):46.063	
O1):-0.779	O2):36.371	
O1):-0.812	O2):42.112	
O1):-0.786	O2):38.354	
O1):-0.742	O2):34.944	
O1):-0.804	O2):41.624	
O1):-0.836	O2):44.148	
O1):-0.87	O2):63.206	
O1):-0.772	O2):37.731	
O1):-0.756	O2):36.273	
O1):-0.818	O2):42.159	
O1):-0.826	O2):42.801	
O1):-0.785	O2):36.758	
O1):-0.818	O2):42.311	
O1):-0.804	O2):38.581	
O1):-0.801	O2):41.843	
O1):-0.861	O2):53.93	
O1):-0.827	O2):43.105	
O1):-0.822	O2):42.994	
O1):-0.812	O2):42.113	
O1):-0.822	O2):44.115	
O1):-0.836	O2):47.705	
Starting PrismExecutor worker 4 on port 11424
Starting PrismExecutor worker 5 on port 11465
O1):-0.816	O2):41.758	
O1):-0.853	O2):50.334	
O1):-0.819	O2):42.901	
Connected worker 4 to port 11424
Connected worker 5 to port 11465
O1):-0.804	O2):38.591	
O1):-0.838	O2):44.592	
O1):-0.739	O2):36.317	
O1):-0.8	O2):37.768	
O1):-0.789	O2):38.769	
O1):-0.785	O2):38.296	
O1):-0.834	O2):46.063	
O1):-0.809	O2):43.367	
O1):-0.86	O2):53.538	
O1):-0.796	O2):41.852	
O1):-0.821	O2):42.802	
O1):-0.833	O2):43.593	
O1):-0.746	O2):33.344	
O1):-0.78	O2):42.249	
O1):-0.735	O2):35.48	
O1):-0.862	O2):53.77	
O1):-0.808	O2):42.638	
O1):-0.872	O2):64.053	
O1):-0.85	O2):48.27	
O1):-0.838	O2):47.155	
O1):-0.854	O2):49.251	
O1):-0.755	O2):34.181	
O1):-0.86	O2):53.42	
O1):-0.829	O2):43.781	
O1):-0.835	O2):44.059	
O1):-0.843	O2):47.959	
O1):-0.835	O2):43.88	
O1):-0.798	O2):39.056	
O1):-0.8	O2):39.361	
O1):-0.853	O2):48.898	
O1):-0.829	O2):43.685	
O1):-0.871	O2):59.591	
O1):-0.854	O2):59.001	
O1):-0.824	O2):44.545	
O1):-0.833	O2):43.593	
O1):-0.787	O2):40.819	
O1):-0.828	O2):45.417	
O1):-0.752	O2):34.394	
O1):-0.804	O2):40.385	
O1):-0.764	O2):36.393	
O1):-0.867	O2):58.615	
O1):-0.781	O2):38.946	
O1):-0.82	O2):42.076	
O1):-0.759	O2):35.57	
O1):-0.823	O2):44.223	
O1):-0.827	O2):43.105	
O1):-0.801	O2):41.644	
O1):-0.825	O2):42.953	
O1):-0.854	O2):54.507	
O1):-0.78	O2):40.034	
O1):-0.837	O2):47.294	
O1):-0.828	O2):43.426	
O1):-0.816	O2):42.67	
O1):-0.843	O2):62.184	
O1):-0.83	O2):43.818	
O1):-0.83	O2):43.82	
O1):-0.764	O2):36.761	
O1):-0.779	O2):36.337	
O1):-0.837	O2):48.675	
O1):-0.835	O2):43.88	
O1):-0.756	O2):34.196	
O1):-0.836	O2):45.412	
O1):-0.801	O2):40.064	
O1):-0.826	O2):44.937	
O1):-0.801	O2):38.78	
O1):-0.742	O2):34.91	
O1):-0.846	O2):48.325	
O1):-0.843	O2):47.75	
O1):-0.79	O2):38.351	
O1):-0.801	O2):44.762	
O1):-0.771	O2):36.346	
O1):-0.837	O2):47.294	
O1):-0.776	O2):36.61	
O1):-0.861	O2):53.845	
O1):-0.87	O2):59.27	
O1):-0.863	O2):58.994	
O1):-0.785	O2):44.019	
O1):-0.748	O2):35.339	
O1):-0.824	O2):44.546	
O1):-0.869	O2):58.745	
O1):-0.803	O2):42.978	
O1):-0.779	O2):36.337	
O1):-0.771	O2):36.346	
O1):-0.825	O2):44.626	
O1):-0.822	O2):43.088	
Evaluations:	3100
O1):-0.817	O2):41.53	
O1):-0.805	O2):38.873	
O1):-0.823	O2):44.223	
O1):-0.795	O2):38.406	
O1):-0.824	O2):44.434	
O1):-0.846	O2):48.385	
O1):-0.829	O2):43.687	
O1):-0.823	O2):42.387	
O1):-0.836	O2):44.201	
O1):-0.853	O2):48.901	
O1):-0.834	O2):43.924	
O1):-0.781	O2):37.836	
O1):-0.854	O2):59.116	
O1):-0.787	O2):37.432	
O1):-0.792	O2):38.008	
O1):-0.872	O2):63.692	
O1):-0.732	O2):31.815	
O1):-0.829	O2):46.886	
O1):-0.85	O2):48.309	
O1):-0.862	O2):53.97	
O1):-0.879	O2):64.972	
O1):-0.818	O2):41.815	
O1):-0.712	O2):31.869	
O1):-0.81	O2):42.024	
O1):-0.871	O2):63.552	
O1):-0.791	O2):38.405	
O1):-0.871	O2):63.978	
O1):-0.868	O2):58.661	
O1):-0.806	O2):42.516	
O1):-0.871	O2):59.368	
O1):-0.863	O2):54.266	
O1):-0.741	O2):34.775	
O1):-0.778	O2):37.118	
O1):-0.819	O2):43.117	
O1):-0.795	O2):38.483	
O1):-0.834	O2):52.516	
O1):-0.834	O2):43.859	
O1):-0.86	O2):53.42	
O1):-0.796	O2):37.436	
O1):-0.763	O2):36.368	
O1):-0.835	O2):46.356	
O1):-0.787	O2):40.82	
O1):-0.836	O2):45.412	
O1):-0.795	O2):38.483	
O1):-0.859	O2):53.244	
O1):-0.749	O2):35.435	
O1):-0.862	O2):54.102	
O1):-0.728	O2):31.317	
O1):-0.833	O2):48.283	
O1):-0.829	O2):46.757	
O1):-0.859	O2):53.339	
O1):-0.742	O2):34.91	
O1):-0.735	O2):35.48	
O1):-0.835	O2):46.2	
Evaluations:	3300
O1):-0.818	O2):42.159	
O1):-0.844	O2):49.26	
O1):-0.862	O2):54.239	
O1):-0.787	O2):38.433	
O1):-0.823	O2):42.387	
O1):-0.792	O2):38.696	
O1):-0.873	O2):74.011	
O1):-0.797	O2):41.971	
O1):-0.801	O2):38.039	
O1):-0.673	O2):26.813	
O1):-0.86	O2):53.536	
O1):-0.851	O2):52.481	
O1):-0.826	O2):43.011	
O1):-0.862	O2):54.164	
O1):-0.828	O2):47.481	
O1):-0.816	O2):42.67	
O1):-0.746	O2):33.344	
O1):-0.786	O2):38.354	
O1):-0.853	O2):48.898	
O1):-0.845	O2):49.26	
O1):-0.778	O2):36.084	
O1):-0.837	O2):44.427	
O1):-0.763	O2):36.688	
O1):-0.746	O2):33.344	
Starting PrismExecutor worker 5 on port 11435
O1):-0.853	O2):48.898	
O1):-0.828	O2):45.417	
O1):-0.835	O2):45.083	
Connected worker 5 to port 11435
O1):-0.758	O2):35.64	
O1):-0.822	O2):43.088	
O1):-0.828	O2):43.747	
O1):-0.863	O2):54.285	
O1):-0.78	O2):37.616	
O1):-0.744	O2):33.89	
O1):-0.823	O2):42.387	
O1):-0.802	O2):38.288	
O1):-0.795	O2):38.406	
O1):-0.853	O2):50.334	
O1):-0.861	O2):53.912	
O1):-0.755	O2):34.181	
O1):-0.77	O2):37.526	
O1):-0.767	O2):37.248	
O1):-0.802	O2):40.072	
O1):-0.861	O2):53.845	
O1):-0.757	O2):36.399	
O1):-0.859	O2):53.277	
O1):-0.821	O2):42.328	
O1):-0.853	O2):48.898	
O1):-0.764	O2):36.393	
O1):-0.851	O2):48.542	
O1):-0.835	O2):56.656	
O1):-0.741	O2):36.301	
O1):-0.829	O2):43.685	
O1):-0.801	O2):38.029	
O1):-0.878	O2):68.829	
O1):-0.843	O2):47.75	
O1):-0.835	O2):46.357	
O1):-0.731	O2):31.451	
O1):-0.853	O2):49.106	
O1):-0.748	O2):35.339	
O1):-0.789	O2):37.883	
O1):-0.745	O2):35.186	
O1):-0.868	O2):58.597	
O1):-0.803	O2):38.534	
O1):-0.673	O2):26.812	
O1):-0.787	O2):38.433	
O1):-0.743	O2):35.038	
O1):-0.83	O2):44.037	
O1):-0.746	O2):33.344	
O1):-0.819	O2):42.622	
O1):-0.735	O2):31.982	
O1):-0.827	O2):43.844	
O1):-0.725	O2):31.531	
O1):-0.786	O2):38.886	
O1):-0.862	O2):53.928	
O1):-0.863	O2):63.813	
O1):-0.832	O2):44.634	
O1):-0.813	O2):40.695	
O1):-0.78	O2):36.393	
O1):-0.804	O2):38.591	
O1):-0.841	O2):56.887	
O1):-0.78	O2):37.471	
O1):-0.831	O2):44.119	
O1):-0.836	O2):45.412	
O1):-0.859	O2):53.244	
O1):-0.872	O2):68.232	
O1):-0.841	O2):49.261	
O1):-0.868	O2):58.596	
O1):-0.846	O2):48.214	
O1):-0.87	O2):59.275	
O1):-0.805	O2):38.873	
O1):-0.828	O2):43.611	
O1):-0.817	O2):43.952	
O1):-0.834	O2):43.924	
O1):-0.705	O2):31.354	
O1):-0.844	O2):49.177	
O1):-0.804	O2):38.591	
O1):-0.871	O2):63.552	
O1):-0.816	O2):42.67	
O1):-0.732	O2):31.612	
O1):-0.821	O2):42.328	
O1):-0.828	O2):43.562	
O1):-0.872	O2):62.991	
O1):-0.853	O2):48.898	
O1):-0.819	O2):43.115	
O1):-0.838	O2):44.592	
O1):-0.835	O2):45.088	
O1):-0.778	O2):37.099	
O1):-0.825	O2):42.873	
O1):-0.801	O2):38.029	
O1):-0.74	O2):35.68	
O1):-0.859	O2):53.279	
O1):-0.735	O2):31.982	
Starting PrismExecutor worker 4 on port 11464
O1):-0.795	O2):38.406	
O1):-0.803	O2):41.407	
O1):-0.862	O2):53.986	
Connected worker 4 to port 11464
O1):-0.852	O2):49.826	
O1):-0.783	O2):40.162	
O1):-0.864	O2):59.264	
O1):-0.853	O2):58.642	
O1):-0.821	O2):42.788	
O1):-0.83	O2):43.817	
O1):-0.773	O2):38.066	
O1):-0.743	O2):33.604	
O1):-0.782	O2):38.922	
O1):-0.819	O2):43.117	
O1):-0.811	O2):42.284	
O1):-0.779	O2):40.903	
O1):-0.85	O2):53.586	
O1):-0.812	O2):40.595	
O1):-0.85	O2):48.323	
O1):-0.854	O2):49.251	
O1):-0.836	O2):44.201	
O1):-0.795	O2):38.406	
O1):-0.785	O2):38.875	
O1):-0.846	O2):48.385	
Evaluations:	2900
O1):-0.776	O2):40.066	
O1):-0.787	O2):38.412	
O1):-0.859	O2):53.277	
O1):-0.83	O2):44.037	
O1):-0.806	O2):40.0	
O1):-0.862	O2):53.928	
O1):-0.862	O2):53.77	
O1):-0.853	O2):58.642	
O1):-0.749	O2):36.056	
O1):-0.828	O2):45.417	
O1):-0.786	O2):38.354	
O1):-0.841	O2):49.262	
O1):-0.828	O2):45.049	
O1):-0.836	O2):44.201	
O1):-0.871	O2):59.368	
O1):-0.807	O2):42.349	
O1):-0.88	O2):64.724	
O1):-0.787	O2):38.92	
O1):-0.8	O2):38.492	
O1):-0.871	O2):59.579	
O1):-0.818	O2):41.801	
O1):-0.834	O2):43.924	
O1):-0.825	O2):42.89	
O1):-0.801	O2):41.644	
O1):-0.86	O2):53.42	
O1):-0.748	O2):33.569	
O1):-0.739	O2):32.202	
O1):-0.802	O2):38.061	
O1):-0.779	O2):40.6	
O1):-0.821	O2):42.788	
O1):-0.791	O2):37.98	
O1):-0.759	O2):35.57	
O1):-0.8	O2):41.594	
O1):-0.819	O2):42.622	
O1):-0.837	O2):46.754	
O1):-0.861	O2):53.912	
O1):-0.782	O2):36.659	
O1):-0.78	O2):37.616	
O1):-0.795	O2):38.483	
O1):-0.82	O2):42.839	
O1):-0.825	O2):44.626	
O1):-0.816	O2):41.758	
O1):-0.838	O2):44.592	
O1):-0.863	O2):54.266	
O1):-0.746	O2):33.344	
O1):-0.837	O2):45.642	
O1):-0.826	O2):43.079	
O1):-0.819	O2):42.668	
O1):-0.821	O2):43.09	
O1):-0.843	O2):51.636	
O1):-0.853	O2):49.106	
O1):-0.825	O2):42.873	
O1):-0.779	O2):40.903	
O1):-0.785	O2):38.063	
O1):-0.85	O2):48.323	
O1):-0.838	O2):44.592	
O1):-0.781	O2):37.793	
O1):-0.804	O2):41.959	
O1):-0.878	O2):68.829	
O1):-0.828	O2):45.418	
O1):-0.706	O2):31.358	
O1):-0.854	O2):53.223	
Starting PrismExecutor worker 0 on port 11410
O1):-0.799	O2):39.411	
O1):-0.84	O2):48.114	
O1):-0.836	O2):44.201	
O1):-0.743	O2):33.597	
Connected worker 0 to port 11410
O1):-0.853	O2):48.898	
O1):-0.712	O2):30.61	
O1):-0.756	O2):34.125	
O1):-0.712	O2):30.61	
O1):-0.712	O2):30.61	
O1):-0.769	O2):37.416	
O1):-0.824	O2):47.566	
O1):-0.855	O2):59.297	
O1):-0.771	O2):36.346	
O1):-0.768	O2):37.471	
O1):-0.845	O2):48.391	
O1):-0.816	O2):42.67	
O1):-0.851	O2):53.777	
O1):-0.821	O2):43.049	
O1):-0.732	O2):31.815	
O1):-0.748	O2):33.569	
O1):-0.74	O2):35.392	
O1):-0.825	O2):42.873	
O1):-0.862	O2):53.987	
O1):-0.748	O2):35.643	
O1):-0.846	O2):48.214	
O1):-0.829	O2):43.685	
O1):-0.846	O2):54.371	
O1):-0.771	O2):36.346	
O1):-0.879	O2):64.756	
O1):-0.845	O2):54.205	
O1):-0.853	O2):48.898	
O1):-0.805	O2):38.873	
O1):-0.847	O2):54.313	
O1):-0.837	O2):54.252	
O1):-0.779	O2):36.472	
O1):-0.801	O2):38.039	
O1):-0.793	O2):43.555	
O1):-0.863	O2):54.302	
O1):-0.827	O2):43.103	
O1):-0.7	O2):30.913	
O1):-0.843	O2):48.737	
O1):-0.85	O2):48.307	
O1):-0.804	O2):58.494	
O1):-0.837	O2):44.285	
O1):-0.784	O2):39.399	
O1):-0.838	O2):47.635	
O1):-0.796	O2):37.436	
O1):-0.829	O2):43.685	
O1):-0.854	O2):53.223	
O1):-0.87	O2):58.909	
O1):-0.854	O2):49.251	
O1):-0.804	O2):38.581	
O1):-0.76	O2):36.114	
O1):-0.846	O2):48.214	
O1):-0.864	O2):59.27	
O1):-0.787	O2):43.655	
O1):-0.758	O2):36.484	
O1):-0.705	O2):31.354	
O1):-0.802	O2):40.258	
O1):-0.809	O2):42.865	
O1):-0.863	O2):54.284	
O1):-0.778	O2):36.084	
Evaluations:	3100
O1):-0.822	O2):42.994	
O1):-0.765	O2):36.548	
O1):-0.779	O2):36.426	
O1):-0.82	O2):43.882	
O1):-0.821	O2):42.788	
O1):-0.832	O2):44.634	
O1):-0.861	O2):53.845	
O1):-0.819	O2):43.117	
O1):-0.868	O2):58.679	
O1):-0.819	O2):43.115	
O1):-0.829	O2):43.38	
O1):-0.872	O2):64.053	
O1):-0.75	O2):35.581	
O1):-0.803	O2):42.85	
O1):-0.821	O2):42.864	
O1):-0.819	O2):41.786	
O1):-0.814	O2):43.543	
O1):-0.833	O2):43.485	
O1):-0.772	O2):40.84	
Starting PrismExecutor worker 0 on port 11440
O1):-0.82	O2):42.076	
Connected worker 0 to port 11440
O1):-0.863	O2):54.285	
O1):-0.772	O2):36.623	
O1):-0.846	O2):48.214	
O1):-0.863	O2):54.232	
O1):-0.863	O2):58.576	
O1):-0.795	O2):38.406	
O1):-0.871	O2):59.582	
O1):-0.819	O2):42.668	
O1):-0.837	O2):45.642	
O1):-0.816	O2):43.805	
O1):-0.796	O2):41.474	
O1):-0.824	O2):44.434	
O1):-0.748	O2):33.569	
O1):-0.802	O2):38.061	
O1):-0.846	O2):48.385	
O1):-0.751	O2):35.91	
O1):-0.826	O2):43.079	
O1):-0.795	O2):44.089	
O1):-0.755	O2):34.181	
O1):-0.828	O2):43.434	
O1):-0.757	O2):39.221	
O1):-0.826	O2):43.079	
O1):-0.862	O2):53.986	
O1):-0.828	O2):43.426	
O1):-0.836	O2):44.201	
O1):-0.833	O2):44.735	
O1):-0.785	O2):38.065	
O1):-0.843	O2):48.737	
O1):-0.825	O2):42.953	
O1):-0.827	O2):43.271	
O1):-0.773	O2):38.537	
O1):-0.834	O2):43.859	
O1):-0.881	O2):68.578	
O1):-0.804	O2):58.493	
O1):-0.786	O2):38.894	
O1):-0.842	O2):65.56	
O1):-0.796	O2):37.436	
O1):-0.745	O2):35.186	
O1):-0.829	O2):43.38	
O1):-0.77	O2):37.558	
O1):-0.803	O2):41.839	
O1):-0.747	O2):33.446	
O1):-0.859	O2):53.244	
O1):-0.832	O2):44.634	
O1):-0.8	O2):39.549	
O1):-0.837	O2):46.755	
O1):-0.768	O2):37.443	
O1):-0.822	O2):43.088	
O1):-0.802	O2):41.24	
O1):-0.833	O2):43.642	
O1):-0.815	O2):45.811	
O1):-0.793	O2):43.99	
O1):-0.822	O2):42.994	
O1):-0.853	O2):48.898	
O1):-0.824	O2):44.434	
O1):-0.833	O2):46.387	
O1):-0.822	O2):42.885	
O1):-0.802	O2):38.061	
O1):-0.853	O2):48.898	
O1):-0.834	O2):43.797	
O1):-0.741	O2):34.775	
O1):-0.805	O2):38.873	
O1):-0.735	O2):35.48	
O1):-0.853	O2):48.898	
O1):-0.843	O2):48.737	
O1):-0.788	O2):38.09	
O1):-0.859	O2):53.392	
O1):-0.803	O2):43.02	
O1):-0.787	O2):38.433	
O1):-0.859	O2):53.343	
O1):-0.82	O2):42.076	
O1):-0.804	O2):38.581	
O1):-0.794	O2):40.555	
O1):-0.818	O2):42.159	
O1):-0.846	O2):48.325	
O1):-0.825	O2):42.873	
O1):-0.8	O2):37.758	
O1):-0.812	O2):39.975	
O1):-0.834	O2):44.839	
O1):-0.78	O2):37.709	
O1):-0.843	O2):47.695	
O1):-0.828	O2):43.557	
O1):-0.835	O2):44.059	
O1):-0.795	O2):44.285	
Starting PrismExecutor worker 3 on port 11443
O1):-0.749	O2):36.056	
O1):-0.791	O2):37.98	
O1):-0.858	O2):53.027	
Connected worker 3 to port 11443
O1):-0.871	O2):63.978	
O1):-0.827	O2):45.109	
O1):-0.837	O2):48.65	
O1):-0.871	O2):59.588	
O1):-0.872	O2):64.053	
O1):-0.851	O2):52.481	
O1):-0.829	O2):43.558	
O1):-0.868	O2):58.595	
O1):-0.854	O2):59.006	
O1):-0.755	O2):34.181	
O1):-0.851	O2):48.542	
O1):-0.776	O2):35.697	
O1):-0.793	O2):38.129	
O1):-0.862	O2):53.913	
O1):-0.86	O2):53.536	
O1):-0.75	O2):35.585	
O1):-0.853	O2):48.898	
O1):-0.859	O2):53.396	
O1):-0.802	O2):38.29	
O1):-0.834	O2):43.859	
O1):-0.735	O2):35.48	
O1):-0.846	O2):48.385	
O1):-0.8	O2):39.527	
O1):-0.805	O2):44.201	
O1):-0.762	O2):36.673	
O1):-0.802	O2):42.912	
O1):-0.837	O2):47.312	
O1):-0.845	O2):48.254	
O1):-0.828	O2):43.596	
O1):-0.793	O2):40.125	
O1):-0.785	O2):40.52	
O1):-0.836	O2):44.21	
O1):-0.779	O2):40.83	
O1):-0.773	O2):38.065	
O1):-0.863	O2):54.285	
O1):-0.726	O2):31.612	
O1):-0.778	O2):37.118	
O1):-0.872	O2):64.053	
O1):-0.817	O2):41.782	
O1):-0.822	O2):42.994	
O1):-0.788	O2):38.107	
O1):-0.763	O2):36.062	
O1):-0.76	O2):36.12	
O1):-0.775	O2):37.786	
O1):-0.818	O2):42.619	
O1):-0.796	O2):44.289	
O1):-0.78	O2):37.471	
O1):-0.845	O2):48.254	
O1):-0.771	O2):37.886	
O1):-0.742	O2):34.944	
O1):-0.814	O2):43.546	
O1):-0.82	O2):42.076	
O1):-0.759	O2):35.57	
O1):-0.851	O2):48.542	
O1):-0.767	O2):37.248	
O1):-0.826	O2):43.079	
O1):-0.87	O2):58.909	
O1):-0.826	O2):44.937	
O1):-0.851	O2):57.191	
O1):-0.743	O2):35.014	
O1):-0.796	O2):37.436	
Evaluations:	3200
O1):-0.863	O2):54.285	
O1):-0.818	O2):42.201	
O1):-0.819	O2):42.678	
O1):-0.837	O2):44.285	
O1):-0.708	O2):31.619	
O1):-0.767	O2):36.829	
O1):-0.846	O2):48.745	
O1):-0.824	O2):42.394	
O1):-0.862	O2):53.986	
O1):-0.832	O2):44.634	
O1):-0.741	O2):34.763	
O1):-0.793	O2):38.126	
O1):-0.836	O2):46.952	
O1):-0.763	O2):36.655	
O1):-0.744	O2):33.889	
O1):-0.871	O2):59.591	
O1):-0.807	O2):42.953	
O1):-0.835	O2):44.059	
O1):-0.724	O2):31.238	
O1):-0.8	O2):38.492	
O1):-0.813	O2):40.695	
O1):-0.863	O2):58.966	
O1):-0.842	O2):47.216	
O1):-0.763	O2):36.368	
O1):-0.853	O2):48.898	
O1):-0.724	O2):31.238	
O1):-0.859	O2):53.27	
Starting PrismExecutor worker 3 on port 11413
O1):-0.78	O2):36.393	
O1):-0.818	O2):42.436	
O1):-0.834	O2):46.071	
Connected worker 3 to port 11413
O1):-0.757	O2):35.624	
O1):-0.859	O2):53.27	
O1):-0.779	O2):36.426	
Evaluations:	3100
O1):-0.804	O2):41.639	
O1):-0.861	O2):53.785	
O1):-0.748	O2):35.934	
O1):-0.872	O2):63.692	
O1):-0.863	O2):54.302	
O1):-0.872	O2):64.053	
O1):-0.878	O2):64.227	
O1):-0.835	O2):46.2	
O1):-0.869	O2):58.767	
O1):-0.76	O2):36.238	
O1):-0.843	O2):48.737	
O1):-0.757	O2):35.624	
O1):-0.728	O2):32.435	
O1):-0.845	O2):48.362	
O1):-0.803	O2):38.534	
O1):-0.756	O2):36.271	
O1):-0.856	O2):69.235	
O1):-0.718	O2):32.135	
O1):-0.859	O2):53.343	
O1):-0.854	O2):49.251	
O1):-0.827	O2):43.219	
O1):-0.834	O2):43.797	
O1):-0.76	O2):36.114	
O1):-0.728	O2):31.308	
O1):-0.819	O2):42.506	
O1):-0.78	O2):46.18	
O1):-0.795	O2):38.483	
O1):-0.836	O2):45.541	
O1):-0.807	O2):49.24	
O1):-0.803	O2):39.196	
O1):-0.772	O2):40.644	
O1):-0.803	O2):41.407	
O1):-0.845	O2):48.257	
O1):-0.86	O2):63.985	
O1):-0.826	O2):42.801	
O1):-0.82	O2):42.707	
O1):-0.86	O2):63.985	
O1):-0.833	O2):44.735	
O1):-0.861	O2):53.845	
O1):-0.822	O2):42.994	
O1):-0.748	O2):35.339	
O1):-0.861	O2):53.837	
O1):-0.863	O2):54.282	
O1):-0.871	O2):59.371	
O1):-0.828	O2):43.747	
O1):-0.871	O2):68.147	
O1):-0.823	O2):42.387	
O1):-0.824	O2):44.433	
O1):-0.759	O2):35.57	
O1):-0.767	O2):37.248	
O1):-0.798	O2):37.972	
O1):-0.724	O2):31.238	
O1):-0.837	O2):46.754	
O1):-0.804	O2):53.946	
O1):-0.819	O2):43.115	
O1):-0.785	O2):38.063	
O1):-0.764	O2):36.393	
O1):-0.868	O2):58.594	
O1):-0.844	O2):49.221	
O1):-0.822	O2):42.885	
O1):-0.786	O2):37.355	
O1):-0.829	O2):43.38	
O1):-0.835	O2):43.88	
O1):-0.821	O2):42.564	
O1):-0.828	O2):43.434	
O1):-0.735	O2):35.48	
O1):-0.764	O2):36.393	
O1):-0.771	O2):36.346	
O1):-0.795	O2):38.406	
O1):-0.805	O2):42.69	
O1):-0.806	O2):42.691	
O1):-0.758	O2):36.483	
O1):-0.853	O2):48.898	
O1):-0.803	O2):41.58	
O1):-0.835	O2):45.088	
O1):-0.748	O2):35.339	
O1):-0.862	O2):63.527	
Starting PrismExecutor worker 2 on port 11492
O1):-0.793	O2):41.426	
O1):-0.826	O2):43.079	
Connected worker 2 to port 11492
O1):-0.763	O2):36.062	
O1):-0.783	O2):41.349	
O1):-0.853	O2):48.898	
O1):-0.845	O2):48.258	
O1):-0.748	O2):33.569	
O1):-0.785	O2):38.025	
O1):-0.776	O2):35.675	
O1):-0.862	O2):54.103	
O1):-0.802	O2):38.061	
O1):-0.798	O2):39.056	
O1):-0.77	O2):37.526	
O1):-0.812	O2):43.803	
O1):-0.863	O2):54.285	
O1):-0.828	O2):43.378	
O1):-0.732	O2):31.815	
O1):-0.832	O2):43.35	
O1):-0.796	O2):53.391	
O1):-0.863	O2):54.412	
O1):-0.853	O2):48.899	
O1):-0.827	O2):43.219	
O1):-0.805	O2):41.645	
O1):-0.835	O2):46.2	
O1):-0.844	O2):49.218	
O1):-0.78	O2):39.868	
O1):-0.778	O2):36.205	
O1):-0.823	O2):44.223	
O1):-0.801	O2):44.762	
O1):-0.786	O2):38.345	
O1):-0.819	O2):42.038	
O1):-0.761	O2):36.457	
O1):-0.837	O2):44.433	
O1):-0.834	O2):43.924	
O1):-0.804	O2):38.591	
O1):-0.78	O2):36.393	
O1):-0.836	O2):45.532	
O1):-0.825	O2):42.873	
O1):-0.842	O2):48.691	
O1):-0.749	O2):36.211	
Evaluations:	2800
O1):-0.801	O2):38.029	
O1):-0.798	O2):39.056	
O1):-0.787	O2):37.8	
O1):-0.827	O2):43.251	
O1):-0.785	O2):37.175	
O1):-0.728	O2):31.317	
O1):-0.799	O2):38.263	
O1):-0.725	O2):31.531	
O1):-0.863	O2):54.285	
O1):-0.758	O2):35.64	
O1):-0.846	O2):48.214	
O1):-0.805	O2):38.742	
O1):-0.846	O2):48.325	
O1):-0.86	O2):53.769	
O1):-0.819	O2):43.798	
O1):-0.824	O2):42.541	
O1):-0.87	O2):59.275	
O1):-0.835	O2):45.088	
O1):-0.779	O2):37.414	
Evaluations:	3200
O1):-0.838	O2):44.732	
O1):-0.843	O2):47.802	
O1):-0.82	O2):44.797	
O1):-0.735	O2):31.982	
O1):-0.854	O2):49.251	
O1):-0.821	O2):43.088	
O1):-0.779	O2):38.408	
O1):-0.833	O2):44.735	
O1):-0.817	O2):41.53	
O1):-0.846	O2):48.385	
O1):-0.863	O2):54.285	
O1):-0.812	O2):42.112	
O1):-0.872	O2):68.717	
O1):-0.803	O2):45.158	
O1):-0.869	O2):58.745	
O1):-0.872	O2):68.722	
O1):-0.748	O2):35.339	
O1):-0.847	O2):48.687	
O1):-0.718	O2):32.135	
O1):-0.779	O2):36.426	
O1):-0.704	O2):31.664	
O1):-0.785	O2):38.025	
O1):-0.732	O2):31.815	
O1):-0.75	O2):36.382	
O1):-0.756	O2):36.354	
O1):-0.801	O2):38.78	
O1):-0.815	O2):41.612	
O1):-0.816	O2):42.67	
Starting PrismExecutor worker 5 on port 11475
O1):-0.862	O2):53.928	
O1):-0.846	O2):48.325	
Connected worker 5 to port 11475
O1):-0.816	O2):42.67	
O1):-0.779	O2):40.83	
O1):-0.83	O2):44.037	
O1):-0.834	O2):43.859	
O1):-0.792	O2):37.911	
O1):-0.863	O2):54.285	
O1):-0.863	O2):54.285	
O1):-0.78	O2):36.393	
O1):-0.87	O2):59.275	
O1):-0.863	O2):54.285	
O1):-0.87	O2):59.271	
O1):-0.822	O2):44.218	
O1):-0.803	O2):38.534	
O1):-0.872	O2):64.053	
O1):-0.87	O2):58.909	
O1):-0.859	O2):53.343	
O1):-0.818	O2):42.455	
O1):-0.843	O2):48.966	
O1):-0.808	O2):39.221	
O1):-0.802	O2):38.061	
O1):-0.731	O2):31.441	
O1):-0.855	O2):49.561	
O1):-0.778	O2):36.249	
O1):-0.803	O2):41.407	
O1):-0.808	O2):43.243	
O1):-0.826	O2):43.079	
O1):-0.807	O2):42.957	
O1):-0.824	O2):47.566	
O1):-0.74	O2):32.79	
O1):-0.821	O2):42.788	
O1):-0.76	O2):36.114	
O1):-0.785	O2):38.025	
O1):-0.803	O2):38.534	
O1):-0.824	O2):47.566	
O1):-0.747	O2):35.624	
O1):-0.755	O2):36.14	
O1):-0.799	O2):38.263	
O1):-0.87	O2):63.206	
O1):-0.785	O2):37.894	
O1):-0.84	O2):48.114	
O1):-0.778	O2):36.205	
O1):-0.81	O2):42.024	
O1):-0.743	O2):33.604	
O1):-0.794	O2):40.626	
O1):-0.88	O2):69.48	
O1):-0.817	O2):41.53	
O1):-0.86	O2):53.769	
O1):-0.85	O2):48.337	
O1):-0.802	O2):38.06	
O1):-0.767	O2):37.248	
O1):-0.747	O2):33.446	
O1):-0.836	O2):44.201	
O1):-0.837	O2):48.524	
O1):-0.799	O2):41.601	
O1):-0.834	O2):43.797	
O1):-0.779	O2):36.472	
O1):-0.819	O2):41.786	
O1):-0.735	O2):35.48	
O1):-0.795	O2):44.298	
O1):-0.826	O2):43.006	
O1):-0.752	O2):34.394	
O1):-0.844	O2):50.291	
O1):-0.871	O2):63.978	
O1):-0.851	O2):53.916	
O1):-0.834	O2):46.063	
O1):-0.88	O2):65.116	
O1):-0.864	O2):59.264	
O1):-0.789	O2):38.769	
O1):-0.757	O2):38.895	
O1):-0.842	O2):48.543	
O1):-0.805	O2):38.873	
O1):-0.863	O2):54.285	
O1):-0.801	O2):38.78	
O1):-0.829	O2):43.685	
O1):-0.878	O2):68.829	
O1):-0.802	O2):44.927	
O1):-0.835	O2):46.2	
O1):-0.772	O2):36.623	
O1):-0.836	O2):44.202	
O1):-0.76	O2):36.12	
O1):-0.862	O2):54.1	
O1):-0.842	O2):47.212	
O1):-0.833	O2):43.593	
O1):-0.799	O2):39.188	
O1):-0.756	O2):36.275	
O1):-0.776	O2):36.61	
O1):-0.797	O2):42.322	
O1):-0.853	O2):48.898	
O1):-0.821	O2):42.328	
Starting PrismExecutor worker 0 on port 11400
O1):-0.818	O2):41.815	
O1):-0.784	O2):40.346	
O1):-0.818	O2):42.159	
O1):-0.712	O2):30.61	
Connected worker 0 to port 11400
O1):-0.861	O2):53.837	
O1):-0.871	O2):59.243	
O1):-0.802	O2):41.224	
O1):-0.818	O2):42.619	
O1):-0.83	O2):43.819	
O1):-0.838	O2):47.466	
O1):-0.776	O2):36.61	
O1):-0.853	O2):48.905	
O1):-0.832	O2):43.367	
O1):-0.835	O2):47.188	
O1):-0.818	O2):41.815	
O1):-0.871	O2):59.368	
O1):-0.853	O2):48.898	
O1):-0.855	O2):49.561	
O1):-0.807	O2):42.953	
O1):-0.846	O2):48.386	
O1):-0.812	O2):39.975	
O1):-0.782	O2):37.989	
O1):-0.837	O2):47.294	
O1):-0.821	O2):43.448	
O1):-0.742	O2):35.911	
O1):-0.859	O2):53.27	
O1):-0.816	O2):42.67	
O1):-0.825	O2):42.873	
O1):-0.757	O2):38.895	
O1):-0.881	O2):68.578	
O1):-0.846	O2):48.385	
O1):-0.787	O2):38.361	
O1):-0.833	O2):44.735	
O1):-0.851	O2):48.542	
O1):-0.825	O2):44.627	
O1):-0.872	O2):64.052	
O1):-0.818	O2):42.918	
O1):-0.843	O2):51.638	
O1):-0.826	O2):42.801	
O1):-0.781	O2):38.955	
O1):-0.83	O2):43.82	
O1):-0.83	O2):43.816	
O1):-0.828	O2):43.297	
O1):-0.83	O2):44.037	
O1):-0.871	O2):59.58	
O1):-0.859	O2):53.343	
O1):-0.764	O2):36.761	
O1):-0.786	O2):38.345	
O1):-0.871	O2):59.579	
O1):-0.792	O2):38.045	
O1):-0.825	O2):42.873	
O1):-0.803	O2):41.413	
O1):-0.758	O2):36.483	
O1):-0.778	O2):36.084	
O1):-0.828	O2):43.426	
O1):-0.834	O2):46.063	
O1):-0.779	O2):37.692	
O1):-0.789	O2):37.883	
O1):-0.838	O2):47.504	
O1):-0.846	O2):49.453	
O1):-0.773	O2):38.284	
O1):-0.764	O2):36.76	
O1):-0.872	O2):68.232	
O1):-0.833	O2):48.293	
O1):-0.826	O2):42.801	
O1):-0.872	O2):64.053	
O1):-0.824	O2):42.404	
O1):-0.85	O2):49.362	
O1):-0.821	O2):42.795	
O1):-0.753	O2):34.478	
O1):-0.842	O2):48.509	
O1):-0.835	O2):46.356	
O1):-0.802	O2):38.907	
O1):-0.802	O2):41.224	
O1):-0.746	O2):33.344	
O1):-0.763	O2):36.468	
O1):-0.825	O2):49.37	
O1):-0.82	O2):42.077	
O1):-0.817	O2):41.536	
O1):-0.846	O2):49.417	
O1):-0.791	O2):37.98	
O1):-0.786	O2):38.345	
O1):-0.846	O2):48.325	
O1):-0.828	O2):43.54	
O1):-0.858	O2):53.026	
O1):-0.781	O2):38.949	
O1):-0.855	O2):54.823	
O1):-0.801	O2):39.95	
O1):-0.837	O2):45.642	
O1):-0.822	O2):42.994	
O1):-0.837	O2):45.642	
O1):-0.82	O2):45.962	
O1):-0.748	O2):33.569	
O1):-0.872	O2):63.692	
Starting PrismExecutor worker 5 on port 11485
O1):-0.827	O2):43.471	
O1):-0.759	O2):37.939	
Connected worker 5 to port 11485
O1):-0.821	O2):43.448	
O1):-0.802	O2):38.061	
O1):-0.805	O2):38.873	
O1):-0.779	O2):36.426	
O1):-0.728	O2):32.435	
O1):-0.76	O2):36.238	
O1):-0.829	O2):43.685	
O1):-0.817	O2):43.99	
O1):-0.845	O2):48.249	
O1):-0.808	O2):42.588	
O1):-0.758	O2):35.888	
O1):-0.75	O2):35.581	
O1):-0.868	O2):58.594	
O1):-0.787	O2):37.8	
O1):-0.846	O2):49.453	
Evaluations:	3400
O1):-0.777	O2):36.922	
O1):-0.841	O2):48.408	
O1):-0.853	O2):48.898	
Evaluations:	2800
O1):-0.748	O2):35.934	
O1):-0.778	O2):36.205	
O1):-0.802	O2):38.06	
O1):-0.853	O2):48.9	
O1):-0.794	O2):38.28	
O1):-0.792	O2):38.045	
O1):-0.804	O2):41.958	
O1):-0.748	O2):35.749	
O1):-0.878	O2):64.227	
O1):-0.725	O2):31.531	
O1):-0.824	O2):42.404	
O1):-0.78	O2):37.709	
O1):-0.804	O2):38.57	
O1):-0.718	O2):32.135	
O1):-0.808	O2):49.883	
O1):-0.801	O2):41.72	
O1):-0.795	O2):38.406	
O1):-0.846	O2):48.745	
O1):-0.812	O2):39.975	
Evaluations:	3200
O1):-0.834	O2):43.928	
O1):-0.773	O2):38.291	
O1):-0.844	O2):49.045	
O1):-0.815	O2):43.604	
O1):-0.775	O2):40.078	
O1):-0.75	O2):35.581	
O1):-0.833	O2):43.597	
O1):-0.846	O2):48.385	
O1):-0.766	O2):37.116	
O1):-0.78	O2):37.115	
O1):-0.844	O2):49.027	
O1):-0.828	O2):43.611	
O1):-0.845	O2):48.254	
O1):-0.868	O2):58.679	
O1):-0.764	O2):36.393	
O1):-0.818	O2):46.976	
O1):-0.75	O2):35.581	
Evaluations:	2600
O1):-0.747	O2):33.475	
O1):-0.816	O2):42.67	
O1):-0.785	O2):37.894	
O1):-0.757	O2):35.624	
O1):-0.741	O2):34.774	
O1):-0.862	O2):53.97	
O1):-0.746	O2):33.342	
O1):-0.837	O2):46.754	
O1):-0.705	O2):31.354	
O1):-0.785	O2):37.175	
O1):-0.723	O2):30.768	
O1):-0.803	O2):41.375	
O1):-0.82	O2):42.836	
O1):-0.821	O2):43.654	
O1):-0.835	O2):44.146	
O1):-0.798	O2):37.973	
O1):-0.748	O2):33.569	
O1):-0.828	O2):45.417	
O1):-0.829	O2):43.38	
Starting PrismExecutor worker 4 on port 11474
O1):-0.835	O2):44.059	
Connected worker 4 to port 11474
O1):-0.787	O2):37.8	
O1):-0.836	O2):44.204	
O1):-0.836	O2):44.201	
O1):-0.836	O2):46.951	
O1):-0.816	O2):42.67	
O1):-0.836	O2):44.232	
O1):-0.778	O2):37.12	
O1):-0.796	O2):37.445	
O1):-0.802	O2):38.907	
O1):-0.801	O2):38.03	
O1):-0.756	O2):35.474	
O1):-0.757	O2):35.625	
O1):-0.827	O2):42.963	
O1):-0.802	O2):38.907	
O1):-0.786	O2):38.345	
O1):-0.862	O2):53.973	
O1):-0.744	O2):33.889	
O1):-0.732	O2):31.815	
O1):-0.798	O2):39.056	
O1):-0.748	O2):35.934	
O1):-0.748	O2):35.934	
O1):-0.863	O2):54.232	
O1):-0.828	O2):43.745	
O1):-0.765	O2):36.548	
O1):-0.8	O2):41.594	
O1):-0.826	O2):43.006	
O1):-0.819	O2):42.668	
O1):-0.835	O2):56.522	
O1):-0.748	O2):33.569	
O1):-0.826	O2):44.576	
O1):-0.779	O2):40.6	
O1):-0.835	O2):44.25	
O1):-0.835	O2):46.2	
O1):-0.816	O2):43.805	
O1):-0.746	O2):33.344	
O1):-0.853	O2):48.9	
O1):-0.819	O2):41.786	
O1):-0.805	O2):41.782	
O1):-0.824	O2):42.541	
O1):-0.862	O2):53.928	
O1):-0.795	O2):38.489	
O1):-0.805	O2):41.882	
O1):-0.845	O2):47.96	
O1):-0.815	O2):41.612	
O1):-0.821	O2):43.026	
O1):-0.793	O2):38.126	
O1):-0.777	O2):35.929	
O1):-0.783	O2):36.697	
O1):-0.845	O2):47.96	
O1):-0.759	O2):35.87	
O1):-0.82	O2):42.707	
O1):-0.725	O2):31.531	
O1):-0.862	O2):53.987	
O1):-0.748	O2):33.569	
O1):-0.847	O2):53.416	
O1):-0.799	O2):38.263	
O1):-0.869	O2):58.745	
O1):-0.805	O2):42.313	
O1):-0.87	O2):59.275	
O1):-0.822	O2):42.991	
O1):-0.834	O2):44.843	
O1):-0.871	O2):59.243	
O1):-0.835	O2):45.084	
O1):-0.741	O2):34.759	
O1):-0.809	O2):43.367	
O1):-0.777	O2):40.644	
O1):-0.831	O2):44.119	
O1):-0.871	O2):59.591	
O1):-0.827	O2):43.103	
O1):-0.779	O2):36.472	
O1):-0.805	O2):38.873	
O1):-0.778	O2):38.411	
O1):-0.82	O2):42.569	
O1):-0.853	O2):48.899	
O1):-0.871	O2):59.243	
O1):-0.843	O2):47.695	
O1):-0.853	O2):48.898	
O1):-0.844	O2):49.999	
O1):-0.862	O2):53.97	
O1):-0.872	O2):68.232	
O1):-0.845	O2):48.259	
O1):-0.735	O2):31.982	
O1):-0.779	O2):36.426	
O1):-0.834	O2):43.924	
O1):-0.826	O2):42.801	
O1):-0.787	O2):37.8	
O1):-0.76	O2):36.12	
O1):-0.801	O2):38.03	
Starting PrismExecutor worker 1 on port 11411
O1):-0.853	O2):53.058	
Connected worker 1 to port 11411
O1):-0.821	O2):46.99	
O1):-0.871	O2):63.552	
O1):-0.773	O2):36.788	
O1):-0.861	O2):53.845	
O1):-0.781	O2):38.94	
O1):-0.838	O2):47.466	
O1):-0.778	O2):36.249	
O1):-0.795	O2):38.407	
O1):-0.728	O2):31.317	
O1):-0.796	O2):37.396	
O1):-0.853	O2):49.045	
O1):-0.787	O2):38.361	
O1):-0.863	O2):54.266	
O1):-0.792	O2):38.045	
O1):-0.869	O2):58.767	
O1):-0.837	O2):44.285	
O1):-0.779	O2):37.414	
O1):-0.853	O2):50.331	
O1):-0.798	O2):37.973	
O1):-0.851	O2):49.536	
O1):-0.771	O2):38.401	
O1):-0.859	O2):53.27	
O1):-0.835	O2):47.188	
O1):-0.772	O2):38.357	
O1):-0.798	O2):39.071	
O1):-0.845	O2):48.254	
O1):-0.822	O2):42.885	
O1):-0.799	O2):39.36	
O1):-0.862	O2):59.809	
O1):-0.735	O2):31.982	
O1):-0.801	O2):38.029	
O1):-0.806	O2):41.896	
O1):-0.761	O2):36.1	
O1):-0.709	O2):31.63	
O1):-0.828	O2):43.434	
O1):-0.843	O2):49.034	
O1):-0.824	O2):42.661	
O1):-0.757	O2):35.624	
O1):-0.772	O2):35.631	
O1):-0.835	O2):44.059	
O1):-0.854	O2):54.507	
O1):-0.806	O2):42.263	
O1):-0.725	O2):31.531	
O1):-0.75	O2):35.581	
O1):-0.75	O2):36.382	
O1):-0.762	O2):36.382	
O1):-0.828	O2):43.562	
O1):-0.819	O2):42.506	
O1):-0.743	O2):35.014	
O1):-0.778	O2):40.76	
O1):-0.771	O2):37.886	
O1):-0.86	O2):53.42	
O1):-0.837	O2):46.619	
O1):-0.732	O2):31.612	
O1):-0.781	O2):37.836	
O1):-0.779	O2):36.371	
O1):-0.77	O2):37.526	
O1):-0.805	O2):42.507	
O1):-0.817	O2):43.876	
O1):-0.809	O2):42.56	
O1):-0.764	O2):37.756	
O1):-0.785	O2):38.025	
O1):-0.86	O2):53.769	
O1):-0.862	O2):53.986	
O1):-0.76	O2):36.12	
O1):-0.757	O2):36.399	
O1):-0.789	O2):38.769	
O1):-0.793	O2):41.229	
O1):-0.78	O2):37.115	
O1):-0.7	O2):30.913	
O1):-0.8	O2):38.492	
O1):-0.778	O2):38.907	
O1):-0.853	O2):48.898	
O1):-0.845	O2):48.391	
O1):-0.834	O2):46.192	
O1):-0.791	O2):37.82	
O1):-0.88	O2):64.724	
O1):-0.763	O2):36.368	
O1):-0.844	O2):48.972	
O1):-0.779	O2):36.472	
O1):-0.854	O2):54.508	
O1):-0.804	O2):38.581	
O1):-0.778	O2):36.205	
O1):-0.777	O2):36.943	
O1):-0.752	O2):34.394	
O1):-0.869	O2):58.767	
O1):-0.794	O2):40.669	
O1):-0.787	O2):40.819	
O1):-0.752	O2):34.393	
O1):-0.834	O2):43.859	
Starting PrismExecutor worker 1 on port 11401
O1):-0.844	O2):49.096	
O1):-0.807	O2):42.955	
O1):-0.841	O2):61.434	
Connected worker 1 to port 11401
O1):-0.807	O2):42.953	
O1):-0.831	O2):44.104	
O1):-0.822	O2):43.088	
O1):-0.846	O2):48.229	
O1):-0.851	O2):49.536	
O1):-0.81	O2):39.562	
O1):-0.845	O2):54.011	
O1):-0.845	O2):48.249	
O1):-0.853	O2):50.325	
O1):-0.863	O2):54.285	
O1):-0.845	O2):49.1	
O1):-0.787	O2):40.819	
O1):-0.872	O2):68.232	
O1):-0.77	O2):37.526	
O1):-0.862	O2):53.77	
O1):-0.783	O2):39.988	
O1):-0.818	O2):42.311	
O1):-0.801	O2):39.95	
O1):-0.836	O2):44.21	
O1):-0.758	O2):37.06	
O1):-0.819	O2):42.506	
O1):-0.834	O2):46.063	
O1):-0.862	O2):53.928	
O1):-0.787	O2):38.361	
O1):-0.746	O2):33.344	
O1):-0.835	O2):43.88	
O1):-0.845	O2):48.254	
O1):-0.76	O2):36.108	
O1):-0.836	O2):45.532	
O1):-0.832	O2):43.367	
O1):-0.843	O2):47.695	
O1):-0.764	O2):34.552	
O1):-0.85	O2):53.826	
O1):-0.779	O2):40.286	
O1):-0.859	O2):53.27	
O1):-0.87	O2):58.909	
O1):-0.86	O2):53.42	
O1):-0.853	O2):58.642	
O1):-0.749	O2):35.46	
O1):-0.872	O2):63.692	
O1):-0.817	O2):42.011	
O1):-0.779	O2):40.646	
O1):-0.764	O2):36.76	
O1):-0.804	O2):41.631	
O1):-0.758	O2):35.64	
O1):-0.879	O2):68.974	
O1):-0.878	O2):68.829	
O1):-0.825	O2):48.002	
O1):-0.785	O2):37.407	
O1):-0.845	O2):48.254	
O1):-0.758	O2):35.888	
O1):-0.836	O2):44.201	
O1):-0.757	O2):35.624	
O1):-0.797	O2):44.55	
O1):-0.827	O2):43.219	
O1):-0.871	O2):63.552	
O1):-0.838	O2):44.59	
O1):-0.795	O2):38.406	
O1):-0.844	O2):49.021	
O1):-0.835	O2):44.059	
O1):-0.87	O2):58.909	
O1):-0.832	O2):44.634	
O1):-0.835	O2):47.188	
O1):-0.869	O2):58.767	
O1):-0.779	O2):36.472	
O1):-0.827	O2):43.105	
O1):-0.841	O2):47.389	
O1):-0.834	O2):48.562	
O1):-0.846	O2):48.387	
O1):-0.808	O2):39.085	
O1):-0.81	O2):39.562	
O1):-0.819	O2):46.009	
O1):-0.8	O2):38.492	
O1):-0.821	O2):42.788	
O1):-0.763	O2):36.689	
O1):-0.826	O2):43.011	
O1):-0.705	O2):31.354	
O1):-0.83	O2):43.817	
O1):-0.785	O2):36.758	
O1):-0.779	O2):36.371	
O1):-0.823	O2):42.387	
O1):-0.862	O2):53.986	
O1):-0.815	O2):41.612	
O1):-0.796	O2):37.445	
O1):-0.705	O2):31.354	
O1):-0.819	O2):43.115	
Starting PrismExecutor worker 1 on port 11441
O1):-0.825	O2):42.873	
O1):-0.846	O2):48.745	
O1):-0.822	O2):47.515	
O1):-0.792	O2):38.045	
O1):-0.774	O2):39.837	
Connected worker 1 to port 11441
O1):-0.808	O2):42.554	
O1):-0.833	O2):43.626	
O1):-0.835	O2):44.144	
O1):-0.826	O2):42.801	
O1):-0.854	O2):63.474	
O1):-0.801	O2):39.95	
O1):-0.846	O2):54.173	
O1):-0.786	O2):37.355	
O1):-0.783	O2):36.506	
O1):-0.836	O2):44.201	
O1):-0.802	O2):38.061	
O1):-0.708	O2):31.619	
O1):-0.846	O2):48.325	
O1):-0.795	O2):38.483	
O1):-0.86	O2):53.42	
O1):-0.854	O2):53.223	
O1):-0.818	O2):42.311	
O1):-0.76	O2):36.12	
O1):-0.758	O2):35.64	
O1):-0.803	O2):41.375	
O1):-0.819	O2):41.786	
O1):-0.829	O2):43.781	
O1):-0.76	O2):36.098	
O1):-0.791	O2):37.98	
O1):-0.882	O2):78.571	
O1):-0.705	O2):31.354	
O1):-0.869	O2):58.767	
O1):-0.771	O2):36.346	
O1):-0.862	O2):53.986	
O1):-0.816	O2):41.758	
O1):-0.76	O2):36.075	
O1):-0.786	O2):38.345	
O1):-0.788	O2):40.694	
O1):-0.811	O2):49.55	
O1):-0.868	O2):58.661	
O1):-0.845	O2):47.96	
O1):-0.793	O2):43.969	
O1):-0.855	O2):63.461	
O1):-0.728	O2):31.317	
Evaluations:	3000
O1):-0.824	O2):44.618	
O1):-0.835	O2):44.059	
O1):-0.87	O2):59.275	
O1):-0.878	O2):64.227	
O1):-0.825	O2):42.873	
O1):-0.834	O2):44.839	
O1):-0.817	O2):41.53	
O1):-0.847	O2):49.602	
O1):-0.827	O2):45.109	
O1):-0.861	O2):53.837	
O1):-0.777	O2):40.437	
O1):-0.795	O2):44.237	
O1):-0.8	O2):38.492	
O1):-0.808	O2):43.243	
O1):-0.833	O2):47.25	
O1):-0.861	O2):59.883	
O1):-0.816	O2):41.758	
O1):-0.709	O2):31.63	
O1):-0.796	O2):37.402	
O1):-0.854	O2):54.505	
O1):-0.802	O2):44.922	
O1):-0.82	O2):42.707	
O1):-0.859	O2):53.277	
O1):-0.809	O2):43.367	
O1):-0.787	O2):38.433	
O1):-0.802	O2):38.061	
O1):-0.802	O2):38.134	
O1):-0.818	O2):42.918	
O1):-0.741	O2):34.763	
O1):-0.767	O2):37.254	
O1):-0.819	O2):41.786	
O1):-0.808	O2):42.688	
O1):-0.804	O2):38.591	
O1):-0.829	O2):43.685	
O1):-0.802	O2):39.106	
O1):-0.778	O2):37.099	
O1):-0.853	O2):48.898	
O1):-0.828	O2):45.049	
O1):-0.775	O2):37.79	
Starting PrismExecutor worker 0 on port 11490
O1):-0.838	O2):47.155	
Connected worker 0 to port 11490
O1):-0.748	O2):33.569	
O1):-0.828	O2):43.318	
O1):-0.78	O2):37.709	
O1):-0.819	O2):42.668	
O1):-0.757	O2):36.399	
O1):-0.798	O2):37.972	
O1):-0.766	O2):37.122	
O1):-0.851	O2):48.685	
O1):-0.779	O2):40.357	
O1):-0.881	O2):68.578	
O1):-0.771	O2):36.346	
O1):-0.748	O2):35.339	
O1):-0.776	O2):36.61	
O1):-0.748	O2):35.339	
O1):-0.761	O2):36.437	
O1):-0.819	O2):42.506	
O1):-0.814	O2):42.575	
O1):-0.809	O2):42.865	
O1):-0.76	O2):36.12	
O1):-0.819	O2):42.506	
O1):-0.791	O2):40.746	
O1):-0.837	O2):44.652	
O1):-0.845	O2):48.259	
O1):-0.834	O2):43.924	
O1):-0.834	O2):45.199	
O1):-0.846	O2):48.214	
O1):-0.821	O2):42.328	
O1):-0.787	O2):37.429	
O1):-0.835	O2):46.2	
O1):-0.805	O2):38.873	
O1):-0.801	O2):39.955	
O1):-0.76	O2):36.12	
O1):-0.845	O2):49.26	
O1):-0.837	O2):47.294	
O1):-0.843	O2):47.802	
O1):-0.767	O2):36.829	
O1):-0.803	O2):41.407	
O1):-0.83	O2):44.037	
O1):-0.746	O2):33.344	
O1):-0.851	O2):52.481	
O1):-0.781	O2):37.934	
O1):-0.821	O2):42.833	
O1):-0.837	O2):46.754	
O1):-0.756	O2):36.271	
O1):-0.802	O2):38.07	
O1):-0.778	O2):36.205	
O1):-0.862	O2):54.249	
O1):-0.778	O2):36.249	
O1):-0.715	O2):30.844	
O1):-0.852	O2):49.826	
O1):-0.818	O2):42.046	
O1):-0.741	O2):36.485	
O1):-0.726	O2):31.612	
O1):-0.859	O2):53.277	
O1):-0.828	O2):43.426	
O1):-0.809	O2):43.367	
O1):-0.801	O2):38.78	
O1):-0.8	O2):39.361	
Evaluations:	3200
O1):-0.845	O2):47.96	
O1):-0.844	O2):48.963	
O1):-0.87	O2):59.082	
O1):-0.748	O2):35.745	
O1):-0.846	O2):48.325	
O1):-0.756	O2):36.271	
O1):-0.851	O2):53.776	
O1):-0.833	O2):44.735	
O1):-0.851	O2):52.554	
O1):-0.863	O2):58.994	
O1):-0.82	O2):42.076	
O1):-0.859	O2):53.339	
O1):-0.712	O2):30.602	
O1):-0.82	O2):42.249	
O1):-0.852	O2):48.882	
O1):-0.832	O2):44.634	
O1):-0.85	O2):48.329	
O1):-0.723	O2):30.768	
O1):-0.817	O2):41.536	
O1):-0.878	O2):68.83	
O1):-0.793	O2):38.153	
O1):-0.836	O2):45.532	
O1):-0.871	O2):68.148	
O1):-0.827	O2):43.271	
O1):-0.781	O2):38.766	
O1):-0.778	O2):40.029	
O1):-0.834	O2):43.911	
O1):-0.809	O2):43.367	
O1):-0.863	O2):54.43	
O1):-0.833	O2):43.498	
O1):-0.842	O2):48.508	
O1):-0.762	O2):39.528	
O1):-0.802	O2):38.061	
Starting PrismExecutor worker 1 on port 11481
Connected worker 1 to port 11481
O1):-0.783	O2):36.691	
O1):-0.747	O2):33.462	
O1):-0.821	O2):42.866	
O1):-0.82	O2):42.249	
Evaluations:	3300
O1):-0.818	O2):42.311	
O1):-0.806	O2):42.543	
O1):-0.791	O2):37.822	
O1):-0.816	O2):44.027	
O1):-0.862	O2):53.986	
O1):-0.804	O2):41.639	
O1):-0.854	O2):53.431	
O1):-0.836	O2):45.541	
O1):-0.74	O2):32.79	
O1):-0.787	O2):40.819	
O1):-0.723	O2):30.768	
O1):-0.76	O2):36.238	
O1):-0.81	O2):42.024	
O1):-0.778	O2):37.118	
O1):-0.725	O2):31.531	
O1):-0.805	O2):38.874	
O1):-0.809	O2):42.864	
O1):-0.771	O2):37.769	
O1):-0.783	O2):38.714	
O1):-0.776	O2):35.679	
O1):-0.785	O2):40.52	
O1):-0.766	O2):37.116	
O1):-0.818	O2):42.622	
O1):-0.725	O2):31.531	
O1):-0.843	O2):47.695	
O1):-0.742	O2):34.9	
O1):-0.841	O2):48.401	
O1):-0.82	O2):42.084	
O1):-0.801	O2):41.548	
O1):-0.871	O2):59.581	
O1):-0.87	O2):59.275	
O1):-0.845	O2):48.927	
O1):-0.853	O2):53.058	
O1):-0.749	O2):35.845	
O1):-0.862	O2):54.21	
O1):-0.836	O2):45.333	
O1):-0.853	O2):53.058	
O1):-0.845	O2):48.362	
O1):-0.789	O2):37.883	
O1):-0.862	O2):54.597	
O1):-0.812	O2):55.02	
O1):-0.785	O2):37.178	
O1):-0.712	O2):30.61	
O1):-0.824	O2):42.541	
O1):-0.87	O2):63.206	
O1):-0.763	O2):36.688	
O1):-0.819	O2):42.506	
O1):-0.804	O2):40.38	
O1):-0.873	O2):74.009	
O1):-0.817	O2):41.53	
O1):-0.859	O2):53.244	
O1):-0.801	O2):38.029	
O1):-0.779	O2):36.371	
O1):-0.838	O2):44.727	
O1):-0.864	O2):59.264	
O1):-0.808	O2):43.243	
O1):-0.847	O2):54.442	
O1):-0.805	O2):38.873	
O1):-0.76	O2):36.114	
O1):-0.791	O2):38.413	
O1):-0.725	O2):31.531	
O1):-0.841	O2):47.812	
O1):-0.749	O2):36.056	
O1):-0.846	O2):48.745	
O1):-0.863	O2):58.966	
O1):-0.758	O2):39.115	
O1):-0.853	O2):48.898	
O1):-0.872	O2):68.33	
O1):-0.845	O2):49.155	
O1):-0.804	O2):58.496	
O1):-0.832	O2):43.35	
O1):-0.802	O2):45.23	
O1):-0.821	O2):45.338	
O1):-0.88	O2):65.117	
O1):-0.805	O2):38.873	
O1):-0.835	O2):44.059	
O1):-0.731	O2):31.441	
O1):-0.859	O2):53.27	
O1):-0.742	O2):35.024	
O1):-0.827	O2):43.271	
O1):-0.845	O2):48.254	
Starting PrismExecutor worker 3 on port 11453
O1):-0.87	O2):59.275	
Connected worker 3 to port 11453
O1):-0.817	O2):42.019	
O1):-0.846	O2):48.325	
O1):-0.829	O2):43.817	
O1):-0.81	O2):39.563	
O1):-0.807	O2):42.284	
O1):-0.878	O2):64.227	
O1):-0.846	O2):48.381	
O1):-0.773	O2):38.284	
O1):-0.785	O2):38.025	
O1):-0.841	O2):48.527	
O1):-0.87	O2):59.273	
O1):-0.825	O2):44.868	
O1):-0.813	O2):40.695	
O1):-0.802	O2):42.138	
O1):-0.836	O2):44.347	
O1):-0.734	O2):33.412	
O1):-0.763	O2):37.309	
Evaluations:	3200
O1):-0.777	O2):36.044	
O1):-0.838	O2):47.587	
O1):-0.805	O2):38.873	
O1):-0.795	O2):38.483	
O1):-0.821	O2):52.784	
O1):-0.82	O2):43.016	
O1):-0.827	O2):43.271	
O1):-0.812	O2):43.226	
O1):-0.817	O2):41.53	
O1):-0.77	O2):37.194	
O1):-0.778	O2):36.857	
O1):-0.833	O2):44.735	
O1):-0.785	O2):38.025	
O1):-0.836	O2):44.201	
O1):-0.843	O2):52.421	
O1):-0.785	O2):38.025	
O1):-0.801	O2):38.78	
O1):-0.861	O2):53.837	
O1):-0.782	O2):36.247	
O1):-0.826	O2):43.086	
O1):-0.781	O2):38.955	
O1):-0.742	O2):34.888	
O1):-0.75	O2):36.382	
O1):-0.76	O2):36.107	
O1):-0.821	O2):42.581	
O1):-0.846	O2):48.745	
O1):-0.845	O2):48.254	
O1):-0.819	O2):41.786	
O1):-0.8	O2):39.361	
O1):-0.859	O2):53.278	
O1):-0.726	O2):32.41	
O1):-0.835	O2):44.059	
O1):-0.818	O2):44.364	
Evaluations:	3300
O1):-0.853	O2):53.127	
O1):-0.863	O2):58.994	
O1):-0.854	O2):54.512	
O1):-0.823	O2):42.387	
O1):-0.798	O2):37.972	
O1):-0.784	O2):38.641	
O1):-0.743	O2):35.014	
O1):-0.836	O2):44.202	
O1):-0.801	O2):38.817	
O1):-0.819	O2):42.506	
O1):-0.756	O2):36.275	
O1):-0.871	O2):59.243	
O1):-0.853	O2):48.905	
O1):-0.854	O2):54.5	
O1):-0.855	O2):49.561	
O1):-0.834	O2):44.839	
O1):-0.793	O2):41.229	
O1):-0.835	O2):43.88	
O1):-0.871	O2):59.368	
O1):-0.805	O2):41.645	
O1):-0.878	O2):64.227	
O1):-0.709	O2):31.63	
O1):-0.85	O2):48.329	
O1):-0.83	O2):43.816	
O1):-0.835	O2):44.228	
O1):-0.836	O2):44.148	
O1):-0.87	O2):59.275	
O1):-0.83	O2):44.037	
O1):-0.781	O2):37.645	
O1):-0.778	O2):37.114	
Starting PrismExecutor worker 3 on port 11483
O1):-0.795	O2):38.406	
O1):-0.843	O2):47.802	
Connected worker 3 to port 11483
O1):-0.821	O2):43.448	
O1):-0.841	O2):47.247	
O1):-0.764	O2):43.449	
O1):-0.843	O2):47.826	
O1):-0.782	O2):39.978	
O1):-0.741	O2):33.081	
O1):-0.828	O2):43.621	
O1):-0.832	O2):44.634	
O1):-0.759	O2):35.57	
O1):-0.847	O2):49.602	
O1):-0.805	O2):38.873	
O1):-0.772	O2):40.652	
O1):-0.831	O2):44.119	
O1):-0.777	O2):36.922	
O1):-0.828	O2):43.434	
O1):-0.785	O2):37.414	
O1):-0.787	O2):38.361	
O1):-0.862	O2):53.968	
O1):-0.778	O2):36.205	
O1):-0.788	O2):38.652	
O1):-0.785	O2):38.063	
O1):-0.749	O2):36.056	
O1):-0.78	O2):37.471	
O1):-0.843	O2):47.695	
O1):-0.833	O2):45.194	
O1):-0.872	O2):68.232	
O1):-0.845	O2):49.102	
O1):-0.803	O2):49.395	
O1):-0.799	O2):39.188	
O1):-0.785	O2):40.52	
O1):-0.77	O2):37.526	
O1):-0.803	O2):44.939	
O1):-0.841	O2):48.262	
O1):-0.785	O2):37.176	
O1):-0.795	O2):42.812	
O1):-0.834	O2):44.801	
O1):-0.846	O2):49.564	
O1):-0.793	O2):43.726	
O1):-0.77	O2):37.526	
O1):-0.862	O2):53.928	
O1):-0.76	O2):36.238	
O1):-0.853	O2):49.106	
O1):-0.808	O2):42.588	
O1):-0.862	O2):54.143	
O1):-0.794	O2):40.511	
O1):-0.801	O2):41.548	
O1):-0.836	O2):48.252	
O1):-0.815	O2):41.612	
O1):-0.728	O2):32.435	
O1):-0.728	O2):31.308	
O1):-0.748	O2):33.569	
O1):-0.852	O2):49.826	
O1):-0.743	O2):34.932	
O1):-0.821	O2):43.448	
O1):-0.846	O2):48.214	
O1):-0.88	O2):64.724	
O1):-0.788	O2):38.107	
O1):-0.812	O2):39.975	
O1):-0.828	O2):45.416	
O1):-0.749	O2):35.435	
O1):-0.824	O2):42.683	
O1):-0.812	O2):39.341	
O1):-0.733	O2):31.978	
O1):-0.872	O2):63.692	
O1):-0.833	O2):43.593	
O1):-0.763	O2):36.062	
O1):-0.836	O2):44.149	
O1):-0.819	O2):42.668	
O1):-0.819	O2):42.506	
O1):-0.76	O2):36.114	
O1):-0.778	O2):37.47	
O1):-0.824	O2):42.692	
O1):-0.838	O2):51.647	
O1):-0.785	O2):38.062	
O1):-0.854	O2):58.926	
O1):-0.741	O2):34.778	
O1):-0.846	O2):49.288	
O1):-0.728	O2):32.443	
O1):-0.805	O2):38.873	
O1):-0.826	O2):43.14	
O1):-0.777	O2):36.922	
O1):-0.78	O2):37.473	
O1):-0.791	O2):37.82	
O1):-0.821	O2):42.564	
O1):-0.854	O2):54.512	
O1):-0.804	O2):38.591	
O1):-0.758	O2):35.642	
O1):-0.756	O2):36.271	
O1):-0.836	O2):44.345	
O1):-0.841	O2):48.316	
O1):-0.861	O2):64.083	
O1):-0.872	O2):63.904	
Starting PrismExecutor worker 2 on port 11402
O1):-0.816	O2):47.173	
O1):-0.724	O2):31.238	
O1):-0.861	O2):53.912	
Connected worker 2 to port 11402
O1):-0.853	O2):50.068	
O1):-0.76	O2):36.098	
O1):-0.818	O2):42.918	
O1):-0.816	O2):42.67	
O1):-0.863	O2):54.302	
O1):-0.868	O2):58.661	
O1):-0.845	O2):48.362	
O1):-0.772	O2):40.658	
O1):-0.832	O2):43.525	
O1):-0.835	O2):47.188	
O1):-0.87	O2):58.909	
O1):-0.705	O2):31.354	
O1):-0.732	O2):31.612	
O1):-0.783	O2):37.939	
O1):-0.786	O2):38.354	
O1):-0.791	O2):37.82	
O1):-0.805	O2):38.873	
O1):-0.844	O2):49.025	
O1):-0.773	O2):38.065	
O1):-0.778	O2):37.099	
O1):-0.778	O2):36.084	
O1):-0.831	O2):44.119	
O1):-0.862	O2):53.917	
O1):-0.793	O2):43.55	
O1):-0.793	O2):40.278	
O1):-0.794	O2):38.28	
O1):-0.834	O2):48.046	
O1):-0.819	O2):42.438	
O1):-0.801	O2):38.78	
O1):-0.812	O2):42.112	
O1):-0.732	O2):31.619	
O1):-0.859	O2):53.34	
O1):-0.802	O2):41.987	
O1):-0.778	O2):36.249	
O1):-0.845	O2):48.363	
O1):-0.822	O2):53.075	
O1):-0.821	O2):42.328	
O1):-0.862	O2):54.163	
O1):-0.878	O2):68.829	
O1):-0.728	O2):31.308	
O1):-0.771	O2):36.346	
O1):-0.822	O2):44.115	
O1):-0.812	O2):39.849	
O1):-0.742	O2):34.907	
O1):-0.787	O2):38.361	
O1):-0.835	O2):44.059	
O1):-0.818	O2):48.774	
O1):-0.814	O2):42.575	
O1):-0.758	O2):35.888	
O1):-0.853	O2):48.903	
O1):-0.836	O2):47.704	
O1):-0.87	O2):59.275	
O1):-0.759	O2):35.87	
O1):-0.817	O2):43.066	
O1):-0.87	O2):63.206	
O1):-0.854	O2):53.431	
O1):-0.817	O2):43.991	
O1):-0.81	O2):39.562	
O1):-0.793	O2):41.426	
O1):-0.788	O2):38.652	
O1):-0.82	O2):43.016	
O1):-0.777	O2):36.091	
O1):-0.801	O2):38.029	
O1):-0.854	O2):58.931	
O1):-0.844	O2):49.17	
O1):-0.842	O2):47.212	
O1):-0.871	O2):59.588	
O1):-0.765	O2):39.628	
O1):-0.844	O2):48.971	
O1):-0.836	O2):44.201	
O1):-0.833	O2):44.735	
O1):-0.743	O2):33.604	
O1):-0.772	O2):36.623	
O1):-0.832	O2):43.351	
O1):-0.811	O2):42.284	
O1):-0.819	O2):46.009	
O1):-0.837	O2):44.751	
O1):-0.77	O2):37.526	
O1):-0.817	O2):43.876	
O1):-0.863	O2):58.994	
O1):-0.825	O2):44.626	
O1):-0.811	O2):42.284	
O1):-0.828	O2):43.596	
O1):-0.788	O2):42.144	
Evaluations:	3500
O1):-0.8	O2):39.361	
O1):-0.792	O2):40.959	
O1):-0.818	O2):42.918	
O1):-0.826	O2):57.15	
O1):-0.785	O2):38.062	
O1):-0.741	O2):34.775	
Evaluations:	2900
Starting PrismExecutor worker 1 on port 11491
O1):-0.724	O2):31.238	
O1):-0.862	O2):53.928	
Connected worker 1 to port 11491
O1):-0.804	O2):40.38	
O1):-0.838	O2):47.466	
O1):-0.76	O2):36.114	
O1):-0.87	O2):59.275	
O1):-0.82	O2):42.249	
O1):-0.805	O2):49.82	
O1):-0.81	O2):39.58	
O1):-0.859	O2):53.339	
O1):-0.742	O2):35.911	
O1):-0.779	O2):36.426	
O1):-0.828	O2):43.596	
O1):-0.847	O2):58.393	
O1):-0.827	O2):43.103	
O1):-0.779	O2):37.416	
O1):-0.867	O2):58.615	
O1):-0.771	O2):40.363	
O1):-0.772	O2):40.652	
O1):-0.786	O2):38.824	
O1):-0.853	O2):53.058	
O1):-0.723	O2):33.103	
O1):-0.732	O2):31.612	
O1):-0.834	O2):48.698	
O1):-0.795	O2):38.483	
O1):-0.76	O2):36.114	
O1):-0.834	O2):46.063	
O1):-0.853	O2):48.9	
O1):-0.846	O2):48.619	
O1):-0.791	O2):37.82	
O1):-0.832	O2):43.367	
O1):-0.863	O2):54.266	
O1):-0.744	O2):33.889	
O1):-0.862	O2):53.928	
O1):-0.851	O2):48.688	
O1):-0.86	O2):53.769	
O1):-0.732	O2):31.612	
O1):-0.83	O2):43.817	
O1):-0.846	O2):49.474	
O1):-0.802	O2):38.06	
O1):-0.83	O2):43.817	
O1):-0.83	O2):43.817	
O1):-0.843	O2):49.86	
O1):-0.851	O2):52.481	
O1):-0.818	O2):42.484	
O1):-0.868	O2):58.679	
O1):-0.83	O2):43.817	
O1):-0.82	O2):44.892	
O1):-0.845	O2):49.432	
O1):-0.853	O2):48.898	
O1):-0.802	O2):38.29	
O1):-0.829	O2):43.685	
O1):-0.842	O2):47.212	
O1):-0.864	O2):73.806	
O1):-0.765	O2):36.548	
O1):-0.757	O2):36.399	
O1):-0.804	O2):41.849	
O1):-0.779	O2):36.426	
O1):-0.809	O2):42.727	
O1):-0.853	O2):50.331	
O1):-0.746	O2):33.342	
O1):-0.862	O2):53.917	
O1):-0.87	O2):59.275	
O1):-0.835	O2):47.188	
O1):-0.757	O2):37.12	
O1):-0.871	O2):63.552	
O1):-0.78	O2):37.115	
O1):-0.822	O2):43.068	
O1):-0.82	O2):42.249	
O1):-0.712	O2):30.61	
O1):-0.796	O2):44.203	
O1):-0.805	O2):42.313	
O1):-0.794	O2):38.28	
O1):-0.747	O2):33.463	
O1):-0.792	O2):38.045	
O1):-0.747	O2):35.634	
O1):-0.879	O2):68.974	
O1):-0.838	O2):44.592	
O1):-0.836	O2):44.148	
O1):-0.87	O2):58.909	
O1):-0.862	O2):53.917	
O1):-0.833	O2):46.384	
O1):-0.83	O2):44.619	
O1):-0.844	O2):47.797	
O1):-0.818	O2):41.815	
O1):-0.872	O2):63.689	
O1):-0.795	O2):38.483	
O1):-0.763	O2):36.368	
Starting PrismExecutor worker 0 on port 11470
O1):-0.843	O2):47.696	
O1):-0.82	O2):45.21	
O1):-0.767	O2):37.248	
O1):-0.827	O2):43.417	
Connected worker 0 to port 11470
O1):-0.837	O2):46.754	
O1):-0.854	O2):53.431	
O1):-0.763	O2):36.368	
O1):-0.818	O2):41.815	
O1):-0.831	O2):44.104	
O1):-0.807	O2):42.953	
O1):-0.871	O2):63.979	
O1):-0.732	O2):31.612	
O1):-0.756	O2):36.271	
O1):-0.802	O2):40.067	
O1):-0.743	O2):33.604	
O1):-0.843	O2):47.802	
O1):-0.776	O2):35.675	
O1):-0.83	O2):44.037	
O1):-0.86	O2):53.536	
O1):-0.789	O2):37.883	
O1):-0.747	O2):33.462	
O1):-0.863	O2):58.994	
O1):-0.878	O2):68.829	
O1):-0.821	O2):42.564	
O1):-0.814	O2):42.575	
O1):-0.826	O2):42.801	
O1):-0.828	O2):43.426	
O1):-0.791	O2):37.98	
O1):-0.845	O2):48.259	
O1):-0.778	O2):37.099	
O1):-0.87	O2):59.082	
O1):-0.708	O2):31.619	
O1):-0.844	O2):49.027	
O1):-0.804	O2):49.47	
O1):-0.853	O2):48.898	
O1):-0.845	O2):54.231	
O1):-0.835	O2):44.059	
O1):-0.882	O2):78.571	
O1):-0.834	O2):43.911	
O1):-0.731	O2):31.441	
O1):-0.837	O2):46.754	
O1):-0.807	O2):42.953	
O1):-0.847	O2):49.602	
O1):-0.765	O2):39.872	
O1):-0.804	O2):38.58	
O1):-0.819	O2):41.924	
O1):-0.871	O2):59.588	
O1):-0.845	O2):48.249	
O1):-0.794	O2):40.515	
O1):-0.802	O2):41.394	
O1):-0.81	O2):42.024	
O1):-0.77	O2):37.526	
O1):-0.789	O2):37.883	
O1):-0.837	O2):45.642	
O1):-0.817	O2):41.536	
O1):-0.779	O2):37.692	
O1):-0.724	O2):31.238	
Evaluations:	3300
O1):-0.872	O2):62.991	
O1):-0.809	O2):43.367	
O1):-0.833	O2):44.735	
O1):-0.815	O2):43.573	
O1):-0.749	O2):35.435	
O1):-0.708	O2):31.619	
O1):-0.821	O2):43.448	
O1):-0.802	O2):38.119	
O1):-0.834	O2):48.046	
O1):-0.827	O2):43.251	
O1):-0.805	O2):38.873	
O1):-0.854	O2):58.834	
O1):-0.819	O2):42.506	
O1):-0.732	O2):31.815	
O1):-0.821	O2):42.328	
O1):-0.812	O2):39.341	
O1):-0.841	O2):48.527	
O1):-0.878	O2):68.829	
O1):-0.832	O2):51.652	
O1):-0.708	O2):31.619	
O1):-0.761	O2):36.1	
O1):-0.768	O2):36.978	
O1):-0.796	O2):37.396	
O1):-0.794	O2):38.28	
O1):-0.845	O2):49.151	
O1):-0.791	O2):37.98	
O1):-0.779	O2):36.426	
O1):-0.867	O2):58.615	
O1):-0.802	O2):41.224	
O1):-0.834	O2):46.063	
O1):-0.827	O2):43.251	
O1):-0.88	O2):64.724	
O1):-0.845	O2):48.259	
Starting PrismExecutor worker 2 on port 11422
O1):-0.855	O2):54.647	
O1):-0.77	O2):37.526	
Connected worker 2 to port 11422
O1):-0.786	O2):38.354	
O1):-0.847	O2):48.687	
O1):-0.822	O2):42.458	
O1):-0.793	O2):38.255	
O1):-0.803	O2):41.407	
O1):-0.82	O2):42.076	
O1):-0.781	O2):37.836	
O1):-0.786	O2):40.578	
O1):-0.779	O2):36.371	
O1):-0.831	O2):44.742	
O1):-0.76	O2):36.114	
O1):-0.801	O2):38.78	
O1):-0.871	O2):63.552	
O1):-0.828	O2):43.434	
O1):-0.862	O2):53.928	
O1):-0.821	O2):42.788	
O1):-0.837	O2):45.642	
O1):-0.76	O2):36.098	
O1):-0.778	O2):36.084	
O1):-0.763	O2):36.688	
O1):-0.859	O2):53.244	
O1):-0.758	O2):35.873	
O1):-0.833	O2):43.457	
O1):-0.799	O2):41.807	
O1):-0.836	O2):44.2	
O1):-0.844	O2):49.152	
O1):-0.772	O2):36.623	
O1):-0.853	O2):50.331	
O1):-0.845	O2):48.254	
O1):-0.835	O2):43.88	
O1):-0.836	O2):44.15	
O1):-0.862	O2):53.968	
O1):-0.854	O2):53.431	
O1):-0.829	O2):43.685	
O1):-0.852	O2):49.777	
O1):-0.861	O2):53.912	
O1):-0.88	O2):64.724	
O1):-0.83	O2):43.823	
O1):-0.818	O2):42.159	
O1):-0.803	O2):41.595	
O1):-0.868	O2):58.661	
O1):-0.814	O2):43.285	
O1):-0.854	O2):49.417	
O1):-0.778	O2):37.099	
O1):-0.872	O2):68.232	
O1):-0.85	O2):49.366	
O1):-0.785	O2):37.175	
O1):-0.837	O2):46.619	
O1):-0.748	O2):33.569	
O1):-0.87	O2):63.208	
O1):-0.787	O2):37.8	
O1):-0.854	O2):53.223	
O1):-0.835	O2):46.356	
O1):-0.826	O2):44.937	
O1):-0.851	O2):52.618	
O1):-0.854	O2):53.432	
O1):-0.795	O2):38.483	
O1):-0.879	O2):68.974	
O1):-0.832	O2):51.652	
O1):-0.824	O2):42.692	
O1):-0.835	O2):44.059	
O1):-0.858	O2):53.026	
O1):-0.823	O2):42.387	
O1):-0.844	O2):48.093	
O1):-0.761	O2):36.437	
O1):-0.863	O2):58.966	
O1):-0.817	O2):41.53	
O1):-0.833	O2):44.735	
O1):-0.836	O2):44.201	
Evaluations:	2900
O1):-0.741	O2):34.763	
O1):-0.868	O2):58.661	
O1):-0.818	O2):42.918	
O1):-0.819	O2):42.622	
O1):-0.829	O2):43.899	
O1):-0.837	O2):46.754	
O1):-0.862	O2):53.97	
O1):-0.832	O2):44.634	
O1):-0.833	O2):44.735	
O1):-0.828	O2):43.24	
O1):-0.802	O2):38.751	
O1):-0.805	O2):42.313	
O1):-0.86	O2):53.42	
Starting PrismExecutor worker 5 on port 11425
O1):-0.85	O2):48.329	
Connected worker 5 to port 11425
O1):-0.86	O2):53.769	
O1):-0.782	O2):36.659	
O1):-0.748	O2):35.643	
O1):-0.862	O2):53.928	
O1):-0.779	O2):36.371	
O1):-0.761	O2):36.1	
O1):-0.804	O2):38.581	
O1):-0.819	O2):43.115	
O1):-0.776	O2):35.675	
O1):-0.826	O2):42.985	
O1):-0.854	O2):49.251	
O1):-0.853	O2):53.2	
O1):-0.775	O2):40.078	
O1):-0.804	O2):38.591	
O1):-0.834	O2):44.803	
O1):-0.84	O2):48.114	
O1):-0.718	O2):32.135	
O1):-0.846	O2):49.411	
O1):-0.787	O2):38.361	
O1):-0.805	O2):41.782	
O1):-0.757	O2):35.624	
O1):-0.86	O2):53.769	
O1):-0.776	O2):35.675	
O1):-0.81	O2):39.562	
O1):-0.847	O2):48.687	
O1):-0.843	O2):47.791	
O1):-0.88	O2):64.724	
O1):-0.842	O2):47.212	
O1):-0.845	O2):48.254	
O1):-0.758	O2):37.055	
O1):-0.761	O2):36.1	
O1):-0.821	O2):42.795	
O1):-0.805	O2):38.873	
O1):-0.83	O2):44.395	
O1):-0.851	O2):49.536	
O1):-0.793	O2):38.257	
O1):-0.845	O2):49.506	
O1):-0.841	O2):48.262	
O1):-0.804	O2):38.56	
O1):-0.811	O2):41.881	
O1):-0.827	O2):43.417	
O1):-0.788	O2):38.652	
O1):-0.881	O2):68.578	
O1):-0.825	O2):42.873	
O1):-0.861	O2):53.912	
O1):-0.831	O2):44.119	
O1):-0.834	O2):43.864	
O1):-0.8	O2):41.217	
O1):-0.776	O2):36.61	
O1):-0.772	O2):36.623	
O1):-0.841	O2):47.812	
O1):-0.804	O2):38.581	
O1):-0.787	O2):37.8	
O1):-0.822	O2):42.885	
O1):-0.74	O2):35.381	
O1):-0.76	O2):36.238	
O1):-0.835	O2):44.059	
O1):-0.838	O2):47.466	
O1):-0.833	O2):43.498	
O1):-0.833	O2):43.498	
O1):-0.732	O2):31.815	
O1):-0.804	O2):41.631	
O1):-0.817	O2):46.234	
O1):-0.819	O2):41.786	
O1):-0.82	O2):42.707	
O1):-0.833	O2):43.498	
O1):-0.868	O2):58.594	
O1):-0.793	O2):38.126	
O1):-0.821	O2):42.328	
O1):-0.816	O2):43.805	
O1):-0.843	O2):47.802	
O1):-0.802	O2):38.06	
O1):-0.756	O2):36.262	
O1):-0.83	O2):43.824	
O1):-0.756	O2):36.262	
O1):-0.838	O2):47.466	
O1):-0.758	O2):35.64	
O1):-0.785	O2):43.191	
O1):-0.826	O2):42.801	
O1):-0.735	O2):31.982	
O1):-0.795	O2):38.483	
O1):-0.796	O2):41.473	
O1):-0.853	O2):48.903	
O1):-0.834	O2):48.046	
O1):-0.803	O2):42.069	
O1):-0.809	O2):43.354	
O1):-0.728	O2):32.435	
Starting PrismExecutor worker 1 on port 11471
O1):-0.763	O2):37.302	
Connected worker 1 to port 11471
O1):-0.842	O2):47.212	
O1):-0.847	O2):48.674	
O1):-0.803	O2):41.413	
O1):-0.862	O2):54.07	
O1):-0.764	O2):36.761	
O1):-0.859	O2):53.339	
O1):-0.759	O2):35.57	
O1):-0.76	O2):36.238	
O1):-0.785	O2):40.52	
O1):-0.804	O2):38.591	
O1):-0.773	O2):38.537	
O1):-0.778	O2):37.479	
O1):-0.872	O2):62.991	
O1):-0.862	O2):53.77	
O1):-0.814	O2):42.616	
O1):-0.854	O2):53.434	
O1):-0.861	O2):53.837	
O1):-0.826	O2):43.011	
O1):-0.871	O2):63.978	
O1):-0.837	O2):47.312	
O1):-0.78	O2):40.011	
O1):-0.852	O2):49.826	
O1):-0.852	O2):49.826	
O1):-0.789	O2):37.883	
O1):-0.831	O2):44.104	
O1):-0.731	O2):31.446	
O1):-0.821	O2):42.328	
O1):-0.758	O2):35.64	
O1):-0.834	O2):52.376	
O1):-0.76	O2):36.098	
O1):-0.863	O2):58.996	
O1):-0.723	O2):30.769	
O1):-0.832	O2):44.634	
O1):-0.811	O2):41.881	
O1):-0.82	O2):42.707	
O1):-0.841	O2):47.812	
O1):-0.801	O2):39.949	
O1):-0.77	O2):37.194	
O1):-0.853	O2):53.127	
O1):-0.759	O2):35.57	
O1):-0.846	O2):48.381	
O1):-0.712	O2):30.61	
O1):-0.827	O2):43.271	
O1):-0.776	O2):36.61	
O1):-0.751	O2):34.392	
O1):-0.863	O2):58.994	
O1):-0.853	O2):48.898	
O1):-0.88	O2):64.724	
O1):-0.837	O2):46.619	
O1):-0.779	O2):37.416	
O1):-0.816	O2):41.758	
O1):-0.861	O2):53.837	
O1):-0.854	O2):49.251	
Evaluations:	2700
O1):-0.825	O2):44.626	
O1):-0.835	O2):44.059	
O1):-0.87	O2):59.082	
O1):-0.846	O2):48.745	
O1):-0.872	O2):63.689	
O1):-0.765	O2):36.548	
O1):-0.86	O2):53.42	
O1):-0.871	O2):63.979	
O1):-0.837	O2):44.433	
O1):-0.835	O2):44.059	
O1):-0.842	O2):65.56	
O1):-0.845	O2):48.362	
O1):-0.835	O2):45.357	
O1):-0.833	O2):51.807	
O1):-0.85	O2):49.362	
O1):-0.845	O2):48.254	
O1):-0.746	O2):33.309	
O1):-0.819	O2):42.622	
O1):-0.756	O2):39.803	
O1):-0.74	O2):32.79	
O1):-0.724	O2):31.238	
O1):-0.764	O2):36.393	
O1):-0.826	O2):43.14	
O1):-0.758	O2):37.126	
O1):-0.835	O2):46.2	
O1):-0.76	O2):36.114	
O1):-0.805	O2):43.331	
O1):-0.795	O2):41.103	
O1):-0.766	O2):37.14	
O1):-0.728	O2):32.435	
Starting PrismExecutor worker 0 on port 11420
O1):-0.862	O2):53.928	
O1):-0.792	O2):38.045	
Connected worker 0 to port 11420
O1):-0.853	O2):53.196	
O1):-0.819	O2):42.506	
O1):-0.799	O2):39.184	
O1):-0.804	O2):41.631	
O1):-0.837	O2):46.619	
O1):-0.823	O2):44.223	
O1):-0.812	O2):42.112	
O1):-0.784	O2):40.521	
O1):-0.829	O2):43.558	
O1):-0.732	O2):31.612	
O1):-0.837	O2):44.427	
O1):-0.758	O2):35.634	
O1):-0.806	O2):41.89	
O1):-0.851	O2):49.536	
O1):-0.779	O2):37.414	
O1):-0.757	O2):35.63	
O1):-0.821	O2):43.027	
O1):-0.804	O2):40.38	
O1):-0.816	O2):42.67	
O1):-0.821	O2):42.96	
O1):-0.763	O2):36.688	
O1):-0.77	O2):37.526	
O1):-0.854	O2):49.251	
O1):-0.818	O2):42.159	
O1):-0.781	O2):38.766	
O1):-0.805	O2):38.873	
O1):-0.834	O2):46.063	
O1):-0.799	O2):39.188	
O1):-0.819	O2):41.786	
O1):-0.851	O2):49.536	
O1):-0.871	O2):63.979	
O1):-0.732	O2):31.815	
O1):-0.78	O2):37.115	
O1):-0.859	O2):53.339	
O1):-0.785	O2):38.025	
O1):-0.837	O2):46.754	
O1):-0.758	O2):35.889	
O1):-0.835	O2):44.059	
O1):-0.871	O2):63.978	
O1):-0.708	O2):31.619	
O1):-0.834	O2):46.07	
O1):-0.853	O2):50.068	
O1):-0.78	O2):37.725	
O1):-0.882	O2):78.571	
O1):-0.821	O2):43.448	
O1):-0.835	O2):44.059	
O1):-0.795	O2):38.483	
O1):-0.83	O2):43.817	
O1):-0.812	O2):39.341	
O1):-0.728	O2):31.308	
O1):-0.863	O2):54.285	
O1):-0.795	O2):43.773	
O1):-0.805	O2):41.645	
O1):-0.879	O2):64.756	
O1):-0.853	O2):48.898	
O1):-0.846	O2):48.745	
O1):-0.805	O2):49.82	
O1):-0.819	O2):43.115	
O1):-0.836	O2):44.149	
O1):-0.825	O2):42.873	
O1):-0.847	O2):49.602	
O1):-0.78	O2):37.616	
O1):-0.787	O2):38.359	
O1):-0.85	O2):48.323	
O1):-0.759	O2):35.57	
O1):-0.833	O2):48.477	
O1):-0.78	O2):37.471	
O1):-0.851	O2):52.622	
O1):-0.88	O2):69.478	
O1):-0.87	O2):58.909	
O1):-0.751	O2):34.34	
O1):-0.8	O2):37.758	
O1):-0.841	O2):47.815	
O1):-0.826	O2):43.079	
O1):-0.82	O2):42.707	
O1):-0.8	O2):38.499	
O1):-0.853	O2):48.898	
O1):-0.781	O2):38.931	
O1):-0.778	O2):36.205	
O1):-0.816	O2):42.67	
O1):-0.82	O2):42.569	
O1):-0.798	O2):38.978	
O1):-0.845	O2):48.254	
O1):-0.706	O2):31.402	
O1):-0.836	O2):48.445	
O1):-0.787	O2):38.433	
O1):-0.862	O2):54.099	
O1):-0.785	O2):38.025	
O1):-0.74	O2):32.79	
Evaluations:	3300
O1):-0.854	O2):53.223	
O1):-0.819	O2):42.622	
Starting PrismExecutor worker 2 on port 11412
O1):-0.779	O2):36.371	
Connected worker 2 to port 11412
O1):-0.855	O2):49.561	
O1):-0.851	O2):48.688	
O1):-0.821	O2):42.328	
O1):-0.817	O2):42.015	
O1):-0.816	O2):42.669	
O1):-0.765	O2):36.554	
O1):-0.818	O2):42.021	
O1):-0.846	O2):49.464	
O1):-0.781	O2):37.834	
O1):-0.781	O2):37.902	
O1):-0.871	O2):63.978	
O1):-0.844	O2):49.149	
O1):-0.829	O2):43.685	
O1):-0.725	O2):35.007	
O1):-0.819	O2):46.334	
O1):-0.853	O2):48.905	
O1):-0.757	O2):36.399	
O1):-0.791	O2):37.98	
O1):-0.821	O2):42.861	
O1):-0.803	O2):41.595	
O1):-0.804	O2):41.538	
O1):-0.852	O2):54.038	
O1):-0.871	O2):59.243	
O1):-0.779	O2):38.925	
O1):-0.818	O2):42.619	
O1):-0.786	O2):37.355	
O1):-0.746	O2):33.306	
O1):-0.714	O2):32.078	
O1):-0.837	O2):46.618	
O1):-0.797	O2):41.971	
O1):-0.867	O2):58.615	
O1):-0.863	O2):54.232	
O1):-0.785	O2):38.269	
O1):-0.837	O2):44.427	
O1):-0.777	O2):36.922	
Evaluations:	3400
O1):-0.741	O2):34.765	
O1):-0.8	O2):38.492	
O1):-0.828	O2):43.24	
O1):-0.797	O2):44.578	
O1):-0.834	O2):43.912	
O1):-0.825	O2):44.626	
O1):-0.793	O2):38.126	
O1):-0.783	O2):39.978	
O1):-0.81	O2):42.024	
O1):-0.821	O2):44.294	
O1):-0.837	O2):47.309	
O1):-0.774	O2):37.093	
O1):-0.844	O2):49.072	
O1):-0.824	O2):42.541	
O1):-0.837	O2):44.283	
O1):-0.845	O2):48.254	
O1):-0.823	O2):42.387	
O1):-0.802	O2):41.222	
O1):-0.76	O2):36.238	
O1):-0.859	O2):53.339	
O1):-0.802	O2):41.222	
O1):-0.853	O2):48.905	
O1):-0.836	O2):47.116	
O1):-0.842	O2):48.508	
O1):-0.778	O2):36.205	
O1):-0.774	O2):39.839	
O1):-0.793	O2):38.258	
O1):-0.778	O2):36.249	
O1):-0.785	O2):37.175	
O1):-0.826	O2):44.937	
O1):-0.82	O2):42.901	
O1):-0.841	O2):47.812	
O1):-0.863	O2):54.285	
O1):-0.743	O2):35.038	
O1):-0.819	O2):42.682	
O1):-0.854	O2):54.5	
O1):-0.853	O2):48.898	
O1):-0.846	O2):49.564	
O1):-0.75	O2):36.382	
O1):-0.821	O2):42.788	
O1):-0.837	O2):44.427	
O1):-0.853	O2):53.058	
O1):-0.789	O2):37.883	
O1):-0.757	O2):36.4	
O1):-0.838	O2):44.727	
O1):-0.846	O2):48.381	
O1):-0.859	O2):53.343	
O1):-0.861	O2):53.845	
O1):-0.819	O2):42.622	
O1):-0.778	O2):40.029	
O1):-0.74	O2):32.79	
O1):-0.759	O2):35.57	
O1):-0.763	O2):36.062	
O1):-0.77	O2):37.526	
Starting PrismExecutor worker 0 on port 11450
O1):-0.871	O2):59.589	
Connected worker 0 to port 11450
O1):-0.854	O2):49.251	
O1):-0.802	O2):41.394	
O1):-0.825	O2):42.873	
O1):-0.854	O2):53.223	
O1):-0.732	O2):31.612	
O1):-0.827	O2):43.212	
O1):-0.779	O2):36.472	
O1):-0.835	O2):44.059	
O1):-0.821	O2):42.328	
O1):-0.863	O2):54.412	
O1):-0.851	O2):48.542	
O1):-0.819	O2):42.668	
Evaluations:	3100
O1):-0.731	O2):31.441	
O1):-0.793	O2):38.129	
O1):-0.813	O2):40.695	
O1):-0.806	O2):41.89	
O1):-0.755	O2):36.14	
O1):-0.795	O2):38.408	
O1):-0.811	O2):54.259	
O1):-0.851	O2):52.554	
Evaluations:	3400
O1):-0.76	O2):36.098	
O1):-0.863	O2):54.266	
O1):-0.835	O2):44.059	
O1):-0.819	O2):42.622	
O1):-0.823	O2):51.858	
O1):-0.792	O2):38.045	
O1):-0.845	O2):48.254	
O1):-0.834	O2):43.864	
O1):-0.862	O2):53.928	
O1):-0.845	O2):48.254	
O1):-0.772	O2):37.73	
O1):-0.818	O2):42.159	
O1):-0.752	O2):34.61	
O1):-0.817	O2):41.708	
O1):-0.812	O2):39.341	
O1):-0.833	O2):51.789	
O1):-0.783	O2):36.684	
O1):-0.804	O2):41.928	
O1):-0.761	O2):36.1	
O1):-0.804	O2):38.56	
O1):-0.817	O2):41.53	
O1):-0.872	O2):62.991	
O1):-0.863	O2):54.266	
O1):-0.872	O2):62.991	
O1):-0.862	O2):53.77	
O1):-0.803	O2):41.804	
O1):-0.821	O2):43.027	
O1):-0.853	O2):48.898	
O1):-0.854	O2):49.251	
O1):-0.846	O2):48.385	
O1):-0.818	O2):42.919	
O1):-0.854	O2):49.251	
O1):-0.757	O2):36.399	
O1):-0.841	O2):47.812	
O1):-0.78	O2):40.716	
O1):-0.796	O2):37.436	
O1):-0.81	O2):39.562	
O1):-0.853	O2):48.898	
O1):-0.822	O2):43.088	
O1):-0.821	O2):43.329	
O1):-0.818	O2):47.536	
O1):-0.803	O2):42.85	
O1):-0.88	O2):69.48	
O1):-0.762	O2):36.467	
O1):-0.837	O2):47.294	
O1):-0.829	O2):45.499	
O1):-0.817	O2):43.876	
O1):-0.82	O2):44.133	
O1):-0.747	O2):33.462	
O1):-0.784	O2):38.643	
O1):-0.832	O2):44.634	
O1):-0.832	O2):44.634	
O1):-0.872	O2):63.692	
O1):-0.743	O2):33.612	
O1):-0.841	O2):47.224	
O1):-0.83	O2):43.818	
O1):-0.749	O2):36.056	
O1):-0.854	O2):53.432	
O1):-0.852	O2):48.882	
O1):-0.87	O2):63.067	
O1):-0.818	O2):42.146	
O1):-0.817	O2):43.876	
O1):-0.869	O2):58.736	
Starting PrismExecutor worker 3 on port 11423
O1):-0.817	O2):41.535	
O1):-0.854	O2):49.251	
O1):-0.816	O2):41.758	
O1):-0.836	O2):44.148	
Connected worker 3 to port 11423
O1):-0.86	O2):53.42	
O1):-0.786	O2):37.353	
O1):-0.757	O2):36.399	
O1):-0.784	O2):40.222	
O1):-0.87	O2):59.224	
O1):-0.782	O2):36.659	
O1):-0.795	O2):43.773	
O1):-0.851	O2):49.536	
O1):-0.872	O2):64.052	
O1):-0.851	O2):48.542	
O1):-0.811	O2):43.785	
O1):-0.852	O2):54.677	
O1):-0.861	O2):53.837	
O1):-0.785	O2):37.175	
O1):-0.82	O2):42.249	
O1):-0.779	O2):36.472	
O1):-0.802	O2):40.249	
O1):-0.82	O2):43.026	
O1):-0.853	O2):49.106	
O1):-0.843	O2):47.822	
O1):-0.802	O2):38.29	
O1):-0.83	O2):44.037	
O1):-0.841	O2):48.526	
O1):-0.819	O2):42.622	
O1):-0.853	O2):53.199	
O1):-0.834	O2):43.95	
O1):-0.837	O2):44.439	
O1):-0.718	O2):32.135	
O1):-0.854	O2):54.371	
O1):-0.803	O2):45.384	
O1):-0.76	O2):36.091	
O1):-0.804	O2):38.671	
O1):-0.851	O2):52.481	
O1):-0.85	O2):48.269	
O1):-0.861	O2):53.688	
O1):-0.797	O2):42.676	
O1):-0.833	O2):48.518	
O1):-0.872	O2):63.689	
O1):-0.805	O2):41.783	
O1):-0.743	O2):33.604	
O1):-0.777	O2):35.929	
O1):-0.739	O2):32.202	
O1):-0.819	O2):43.234	
O1):-0.853	O2):53.127	
O1):-0.776	O2):39.333	
O1):-0.795	O2):38.483	
O1):-0.85	O2):49.362	
O1):-0.837	O2):47.294	
O1):-0.818	O2):42.918	
O1):-0.864	O2):59.264	
O1):-0.826	O2):43.006	
O1):-0.817	O2):43.796	
O1):-0.728	O2):32.443	
O1):-0.804	O2):49.471	
O1):-0.783	O2):36.506	
O1):-0.861	O2):53.837	
O1):-0.805	O2):38.742	
O1):-0.829	O2):43.227	
O1):-0.834	O2):50.24	
O1):-0.862	O2):53.971	
O1):-0.76	O2):36.115	
O1):-0.859	O2):53.376	
O1):-0.867	O2):58.615	
O1):-0.846	O2):48.214	
O1):-0.834	O2):43.924	
O1):-0.826	O2):43.505	
O1):-0.82	O2):42.076	
O1):-0.792	O2):38.016	
O1):-0.824	O2):42.541	
O1):-0.845	O2):49.102	
O1):-0.78	O2):38.801	
O1):-0.806	O2):42.517	
O1):-0.741	O2):34.763	
O1):-0.779	O2):36.371	
O1):-0.83	O2):44.45	
O1):-0.764	O2):36.779	
O1):-0.781	O2):37.972	
O1):-0.835	O2):44.046	
O1):-0.838	O2):47.467	
O1):-0.821	O2):42.788	
O1):-0.862	O2):53.928	
O1):-0.77	O2):37.457	
O1):-0.868	O2):58.661	
O1):-0.781	O2):40.299	
O1):-0.849	O2):49.536	
O1):-0.854	O2):53.223	
O1):-0.743	O2):33.604	
O1):-0.757	O2):36.399	
O1):-0.778	O2):36.249	
O1):-0.825	O2):42.873	
O1):-0.82	O2):43.025	
O1):-0.828	O2):43.742	
Starting PrismExecutor worker 2 on port 11482
O1):-0.748	O2):35.643	
Connected worker 2 to port 11482
O1):-0.785	O2):36.758	
O1):-0.85	O2):48.323	
O1):-0.841	O2):48.262	
O1):-0.863	O2):54.232	
O1):-0.802	O2):38.061	
O1):-0.863	O2):58.966	
O1):-0.855	O2):54.636	
O1):-0.82	O2):42.249	
O1):-0.861	O2):53.837	
O1):-0.868	O2):58.661	
O1):-0.872	O2):64.052	
O1):-0.869	O2):58.767	
Evaluations:	3600
O1):-0.799	O2):44.793	
O1):-0.819	O2):42.642	
O1):-0.777	O2):36.922	
O1):-0.777	O2):36.091	
O1):-0.732	O2):31.815	
Evaluations:	3300
O1):-0.834	O2):43.911	
O1):-0.818	O2):42.619	
O1):-0.871	O2):59.579	
O1):-0.781	O2):37.645	
O1):-0.859	O2):54.204	
O1):-0.767	O2):36.829	
O1):-0.83	O2):43.515	
O1):-0.834	O2):43.797	
O1):-0.847	O2):49.602	
O1):-0.827	O2):43.272	
O1):-0.821	O2):42.564	
O1):-0.845	O2):48.249	
O1):-0.847	O2):53.416	
O1):-0.816	O2):43.616	
O1):-0.862	O2):53.928	
O1):-0.851	O2):49.536	
O1):-0.853	O2):48.898	
O1):-0.819	O2):43.694	
O1):-0.823	O2):42.987	
O1):-0.846	O2):48.381	
O1):-0.801	O2):44.82	
O1):-0.837	O2):44.423	
O1):-0.758	O2):35.889	
O1):-0.823	O2):44.225	
O1):-0.824	O2):44.617	
O1):-0.837	O2):45.642	
O1):-0.853	O2):48.898	
O1):-0.746	O2):35.628	
O1):-0.834	O2):43.864	
O1):-0.785	O2):38.025	
O1):-0.824	O2):42.541	
O1):-0.782	O2):39.172	
O1):-0.859	O2):53.27	
O1):-0.859	O2):53.27	
O1):-0.844	O2):49.014	
O1):-0.775	O2):37.811	
O1):-0.871	O2):59.243	
O1):-0.871	O2):59.243	
O1):-0.773	O2):38.424	
O1):-0.827	O2):43.271	
O1):-0.853	O2):49.113	
O1):-0.804	O2):38.581	
O1):-0.735	O2):31.982	
O1):-0.827	O2):43.103	
O1):-0.837	O2):44.427	
O1):-0.87	O2):63.206	
O1):-0.862	O2):53.928	
O1):-0.843	O2):48.737	
O1):-0.82	O2):45.96	
O1):-0.82	O2):42.678	
O1):-0.862	O2):53.928	
O1):-0.829	O2):46.756	
O1):-0.845	O2):48.254	
O1):-0.813	O2):40.703	
O1):-0.836	O2):48.601	
O1):-0.836	O2):45.532	
O1):-0.862	O2):54.07	
O1):-0.765	O2):37.475	
O1):-0.799	O2):39.36	
O1):-0.843	O2):48.736	
O1):-0.845	O2):49.26	
O1):-0.851	O2):49.536	
O1):-0.868	O2):58.679	
O1):-0.829	O2):43.781	
O1):-0.855	O2):49.562	
O1):-0.78	O2):37.709	
O1):-0.863	O2):54.232	
O1):-0.78	O2):37.658	
Starting PrismExecutor worker 3 on port 11433
Starting PrismExecutor worker 4 on port 11434
O1):-0.791	O2):37.98	
Connected worker 3 to port 11433
Connected worker 4 to port 11434
O1):-0.83	O2):44.037	
O1):-0.871	O2):59.579	
O1):-0.845	O2):48.362	
O1):-0.787	O2):40.449	
O1):-0.726	O2):31.058	
O1):-0.846	O2):48.386	
O1):-0.816	O2):41.758	
O1):-0.827	O2):45.109	
O1):-0.853	O2):58.643	
O1):-0.841	O2):48.527	
O1):-0.791	O2):37.98	
O1):-0.757	O2):35.624	
O1):-0.818	O2):42.146	
O1):-0.832	O2):44.634	
O1):-0.835	O2):46.2	
O1):-0.837	O2):44.286	
O1):-0.76	O2):36.114	
O1):-0.82	O2):42.076	
O1):-0.764	O2):36.393	
O1):-0.811	O2):39.207	
O1):-0.862	O2):59.421	
O1):-0.78	O2):37.616	
O1):-0.853	O2):49.205	
O1):-0.86	O2):53.42	
O1):-0.863	O2):58.966	
O1):-0.776	O2):40.067	
O1):-0.803	O2):41.375	
O1):-0.802	O2):41.902	
O1):-0.837	O2):47.312	
O1):-0.82	O2):43.015	
O1):-0.787	O2):40.819	
O1):-0.868	O2):58.594	
O1):-0.804	O2):41.628	
O1):-0.804	O2):38.57	
O1):-0.827	O2):43.417	
O1):-0.835	O2):44.059	
O1):-0.834	O2):46.063	
O1):-0.831	O2):44.119	
O1):-0.853	O2):48.898	
O1):-0.791	O2):37.98	
O1):-0.801	O2):41.585	
O1):-0.834	O2):43.89	
O1):-0.798	O2):39.062	
O1):-0.819	O2):42.622	
O1):-0.819	O2):43.115	
O1):-0.804	O2):38.58	
O1):-0.815	O2):43.573	
O1):-0.768	O2):36.978	
O1):-0.819	O2):43.115	
O1):-0.833	O2):43.642	
O1):-0.843	O2):47.75	
O1):-0.826	O2):43.558	
O1):-0.793	O2):38.126	
O1):-0.842	O2):48.508	
O1):-0.844	O2):49.088	
O1):-0.726	O2):31.612	
O1):-0.838	O2):47.155	
O1):-0.799	O2):44.719	
O1):-0.802	O2):38.29	
O1):-0.835	O2):46.356	
O1):-0.843	O2):47.75	
O1):-0.81	O2):39.562	
O1):-0.841	O2):48.405	
O1):-0.75	O2):36.382	
O1):-0.843	O2):49.54	
O1):-0.776	O2):37.108	
O1):-0.85	O2):48.308	
O1):-0.764	O2):34.552	
O1):-0.853	O2):50.304	
O1):-0.855	O2):49.561	
O1):-0.834	O2):48.046	
O1):-0.85	O2):48.271	
O1):-0.763	O2):36.688	
O1):-0.817	O2):41.535	
O1):-0.827	O2):42.963	
O1):-0.86	O2):53.536	
O1):-0.841	O2):47.389	
O1):-0.728	O2):31.388	
O1):-0.818	O2):41.815	
O1):-0.834	O2):43.924	
O1):-0.835	O2):44.144	
O1):-0.827	O2):43.307	
O1):-0.835	O2):44.059	
O1):-0.763	O2):37.977	
O1):-0.812	O2):59.456	
O1):-0.804	O2):38.591	
O1):-0.817	O2):41.53	
O1):-0.828	O2):43.743	
O1):-0.821	O2):42.564	
O1):-0.732	O2):31.815	
O1):-0.842	O2):47.212	
O1):-0.833	O2):43.593	
O1):-0.868	O2):58.683	
O1):-0.802	O2):41.224	
O1):-0.803	O2):41.375	
O1):-0.802	O2):38.29	
O1):-0.871	O2):63.978	
O1):-0.817	O2):41.884	
O1):-0.78	O2):37.471	
O1):-0.844	O2):49.356	
O1):-0.825	O2):42.945	
O1):-0.871	O2):63.978	
O1):-0.816	O2):46.252	
O1):-0.863	O2):54.379	
O1):-0.867	O2):58.615	
O1):-0.838	O2):44.59	
O1):-0.862	O2):53.913	
O1):-0.787	O2):38.433	
O1):-0.852	O2):49.826	
O1):-0.832	O2):44.634	
O1):-0.852	O2):53.965	
O1):-0.843	O2):47.695	
O1):-0.77	O2):37.393	
O1):-0.76	O2):36.114	
O1):-0.748	O2):35.745	
O1):-0.83	O2):43.824	
O1):-0.744	O2):33.889	
O1):-0.745	O2):33.23	
O1):-0.853	O2):49.106	
O1):-0.871	O2):63.552	
O1):-0.826	O2):43.079	
O1):-0.828	O2):43.434	
O1):-0.776	O2):37.108	
O1):-0.853	O2):53.127	
O1):-0.872	O2):63.692	
O1):-0.757	O2):35.624	
O1):-0.821	O2):42.785	
O1):-0.826	O2):42.986	
O1):-0.802	O2):41.24	
O1):-0.842	O2):48.508	
O1):-0.802	O2):42.524	
O1):-0.763	O2):36.062	
O1):-0.862	O2):54.07	
O1):-0.804	O2):41.533	
O1):-0.774	O2):37.093	
O1):-0.854	O2):49.416	
O1):-0.768	O2):37.03	
O1):-0.811	O2):43.297	
O1):-0.741	O2):34.759	
O1):-0.86	O2):53.769	
O1):-0.802	O2):40.067	
O1):-0.818	O2):42.922	
O1):-0.87	O2):59.273	
O1):-0.787	O2):40.819	
O1):-0.821	O2):42.564	
O1):-0.835	O2):44.059	
O1):-0.778	O2):36.205	
O1):-0.749	O2):36.056	
O1):-0.819	O2):42.438	
O1):-0.845	O2):48.249	
O1):-0.785	O2):36.76	
O1):-0.825	O2):42.873	
O1):-0.795	O2):38.483	
O1):-0.768	O2):37.443	
O1):-0.826	O2):43.006	
O1):-0.862	O2):53.928	
O1):-0.773	O2):38.065	
O1):-0.824	O2):42.661	
O1):-0.825	O2):44.627	
O1):-0.82	O2):42.249	
O1):-0.872	O2):63.689	
Evaluations:	3400
O1):-0.784	O2):40.655	
O1):-0.819	O2):42.668	
O1):-0.805	O2):38.882	
O1):-0.779	O2):36.426	
O1):-0.794	O2):40.554	
O1):-0.871	O2):63.552	
O1):-0.832	O2):43.35	
O1):-0.858	O2):53.165	
O1):-0.853	O2):48.898	
O1):-0.776	O2):35.675	
O1):-0.822	O2):42.458	
O1):-0.842	O2):48.508	
O1):-0.836	O2):44.148	
O1):-0.853	O2):53.058	
O1):-0.821	O2):42.328	
O1):-0.75	O2):36.382	
O1):-0.805	O2):41.647	
O1):-0.858	O2):53.026	
O1):-0.863	O2):64.568	
Starting PrismExecutor worker 1 on port 11421
O1):-0.778	O2):36.249	
Connected worker 1 to port 11421
O1):-0.87	O2):58.909	
O1):-0.82	O2):44.133	
O1):-0.804	O2):38.58	
O1):-0.853	O2):53.127	
O1):-0.799	O2):38.263	
O1):-0.826	O2):43.079	
O1):-0.832	O2):43.367	
O1):-0.859	O2):53.339	
O1):-0.776	O2):40.31	
O1):-0.88	O2):64.724	
O1):-0.808	O2):43.243	
O1):-0.871	O2):63.552	
O1):-0.863	O2):58.966	
O1):-0.792	O2):38.045	
O1):-0.723	O2):30.769	
O1):-0.812	O2):42.122	
O1):-0.844	O2):48.093	
Evaluations:	3000
O1):-0.827	O2):44.754	
O1):-0.835	O2):46.356	
O1):-0.804	O2):38.56	
O1):-0.83	O2):45.594	
O1):-0.863	O2):60.165	
O1):-0.85	O2):53.581	
O1):-0.796	O2):44.236	
O1):-0.824	O2):42.692	
O1):-0.831	O2):44.119	
O1):-0.85	O2):48.309	
O1):-0.8	O2):39.361	
O1):-0.837	O2):47.16	
O1):-0.8	O2):38.492	
O1):-0.837	O2):47.16	
O1):-0.871	O2):59.243	
O1):-0.878	O2):64.227	
O1):-0.835	O2):46.356	
O1):-0.835	O2):44.059	
O1):-0.808	O2):42.688	
O1):-0.778	O2):36.205	
O1):-0.803	O2):38.534	
O1):-0.756	O2):36.271	
O1):-0.88	O2):64.724	
O1):-0.869	O2):58.767	
O1):-0.801	O2):38.78	
O1):-0.863	O2):54.282	
O1):-0.76	O2):36.238	
O1):-0.78	O2):38.936	
O1):-0.816	O2):43.805	
O1):-0.872	O2):62.991	
O1):-0.764	O2):36.393	
O1):-0.826	O2):44.937	
O1):-0.87	O2):59.27	
O1):-0.819	O2):41.787	
O1):-0.845	O2):49.395	
O1):-0.824	O2):44.546	
O1):-0.863	O2):54.302	
O1):-0.819	O2):42.038	
O1):-0.834	O2):44.904	
O1):-0.829	O2):43.685	
O1):-0.809	O2):42.564	
O1):-0.757	O2):36.399	
O1):-0.838	O2):44.594	
O1):-0.764	O2):37.756	
O1):-0.779	O2):36.368	
O1):-0.77	O2):37.526	
O1):-0.853	O2):58.642	
O1):-0.853	O2):54.442	
O1):-0.777	O2):35.929	
O1):-0.833	O2):44.735	
O1):-0.817	O2):42.033	
O1):-0.835	O2):47.188	
O1):-0.872	O2):64.052	
O1):-0.764	O2):37.858	
O1):-0.828	O2):43.557	
O1):-0.827	O2):43.307	
O1):-0.808	O2):42.554	
O1):-0.854	O2):53.432	
O1):-0.819	O2):42.066	
O1):-0.759	O2):35.87	
O1):-0.827	O2):43.307	
O1):-0.863	O2):54.285	
O1):-0.872	O2):62.991	
O1):-0.788	O2):39.426	
Starting PrismExecutor worker 0 on port 11480
O1):-0.77	O2):40.062	
O1):-0.833	O2):44.554	
Connected worker 0 to port 11480
O1):-0.829	O2):44.407	
O1):-0.763	O2):36.368	
O1):-0.834	O2):43.738	
O1):-0.863	O2):54.302	
O1):-0.872	O2):68.232	
O1):-0.846	O2):48.499	
O1):-0.78	O2):45.223	
O1):-0.779	O2):36.426	
O1):-0.777	O2):40.596	
O1):-0.845	O2):49.384	
O1):-0.871	O2):59.243	
O1):-0.792	O2):40.306	
O1):-0.845	O2):48.368	
O1):-0.841	O2):47.815	
O1):-0.787	O2):38.026	
O1):-0.731	O2):31.441	
O1):-0.802	O2):39.116	
O1):-0.818	O2):41.815	
O1):-0.847	O2):54.28	
O1):-0.831	O2):44.742	
O1):-0.804	O2):38.591	
O1):-0.862	O2):54.099	
O1):-0.77	O2):37.526	
O1):-0.808	O2):43.243	
O1):-0.779	O2):40.522	
O1):-0.851	O2):52.481	
O1):-0.832	O2):43.35	
O1):-0.731	O2):31.441	
O1):-0.868	O2):58.679	
O1):-0.783	O2):39.978	
O1):-0.844	O2):47.806	
O1):-0.808	O2):39.085	
O1):-0.798	O2):39.311	
O1):-0.764	O2):36.393	
O1):-0.808	O2):43.251	
O1):-0.846	O2):54.462	
O1):-0.758	O2):35.634	
O1):-0.798	O2):39.484	
O1):-0.843	O2):48.732	
O1):-0.846	O2):48.387	
O1):-0.844	O2):48.093	
O1):-0.853	O2):48.898	
O1):-0.844	O2):49.026	
O1):-0.878	O2):68.829	
O1):-0.831	O2):43.4	
O1):-0.804	O2):38.56	
O1):-0.799	O2):38.263	
O1):-0.816	O2):41.758	
O1):-0.818	O2):42.918	
O1):-0.794	O2):44.266	
O1):-0.842	O2):47.212	
O1):-0.841	O2):47.247	
O1):-0.818	O2):42.918	
O1):-0.869	O2):58.767	
O1):-0.757	O2):35.633	
O1):-0.846	O2):48.214	
O1):-0.818	O2):42.311	
O1):-0.816	O2):42.669	
O1):-0.812	O2):39.341	
O1):-0.822	O2):43.088	
O1):-0.86	O2):53.42	
O1):-0.821	O2):43.09	
O1):-0.802	O2):38.3	
O1):-0.871	O2):59.243	
O1):-0.837	O2):45.642	
O1):-0.719	O2):32.4	
O1):-0.837	O2):44.427	
O1):-0.829	O2):43.38	
O1):-0.741	O2):33.097	
O1):-0.846	O2):48.229	
O1):-0.817	O2):45.905	
O1):-0.818	O2):41.801	
O1):-0.829	O2):43.685	
O1):-0.802	O2):41.224	
O1):-0.859	O2):53.343	
O1):-0.851	O2):52.618	
O1):-0.843	O2):47.75	
O1):-0.871	O2):59.506	
O1):-0.764	O2):36.393	
O1):-0.75	O2):36.204	
O1):-0.854	O2):54.508	
O1):-0.741	O2):33.08	
O1):-0.726	O2):31.612	
O1):-0.757	O2):35.624	
O1):-0.809	O2):42.564	
O1):-0.828	O2):45.416	
Starting PrismExecutor worker 5 on port 11405
O1):-0.7	O2):30.913	
Connected worker 5 to port 11405
O1):-0.826	O2):43.079	
O1):-0.83	O2):43.816	
O1):-0.836	O2):45.532	
O1):-0.826	O2):44.937	
O1):-0.879	O2):68.974	
O1):-0.862	O2):53.968	
O1):-0.833	O2):43.642	
O1):-0.868	O2):58.679	
O1):-0.821	O2):46.403	
O1):-0.863	O2):54.232	
O1):-0.846	O2):48.385	
O1):-0.853	O2):48.9	
O1):-0.811	O2):41.881	
O1):-0.756	O2):36.271	
O1):-0.756	O2):36.271	
O1):-0.775	O2):36.676	
O1):-0.846	O2):48.385	
O1):-0.819	O2):42.274	
O1):-0.821	O2):42.785	
O1):-0.868	O2):58.661	
O1):-0.801	O2):38.78	
O1):-0.859	O2):53.343	
O1):-0.882	O2):78.571	
O1):-0.833	O2):51.956	
O1):-0.765	O2):37.481	
O1):-0.787	O2):37.8	
O1):-0.828	O2):43.743	
O1):-0.817	O2):43.876	
O1):-0.847	O2):48.687	
O1):-0.862	O2):53.77	
O1):-0.778	O2):38.399	
O1):-0.774	O2):37.093	
O1):-0.827	O2):43.181	
O1):-0.753	O2):34.478	
O1):-0.87	O2):59.44	
O1):-0.732	O2):31.815	
O1):-0.742	O2):35.911	
O1):-0.82	O2):42.836	
O1):-0.831	O2):44.742	
O1):-0.82	O2):42.707	
O1):-0.843	O2):47.791	
O1):-0.742	O2):34.975	
O1):-0.756	O2):36.271	
O1):-0.871	O2):63.552	
O1):-0.787	O2):38.026	
O1):-0.85	O2):48.27	
O1):-0.82	O2):46.02	
O1):-0.828	O2):43.434	
O1):-0.809	O2):44.975	
O1):-0.818	O2):42.201	
O1):-0.842	O2):48.654	
O1):-0.843	O2):57.633	
O1):-0.851	O2):52.554	
O1):-0.831	O2):44.104	
O1):-0.765	O2):39.751	
O1):-0.851	O2):48.688	
O1):-0.777	O2):36.926	
O1):-0.818	O2):42.484	
O1):-0.845	O2):48.249	
O1):-0.871	O2):59.579	
O1):-0.822	O2):43.117	
O1):-0.871	O2):63.978	
O1):-0.862	O2):54.071	
O1):-0.831	O2):44.119	
O1):-0.853	O2):48.898	
O1):-0.861	O2):53.912	
O1):-0.872	O2):68.232	
O1):-0.747	O2):33.446	
O1):-0.758	O2):35.634	
O1):-0.735	O2):31.982	
O1):-0.828	O2):43.426	
O1):-0.761	O2):36.437	
O1):-0.828	O2):43.426	
O1):-0.749	O2):36.056	
O1):-0.778	O2):36.084	
O1):-0.779	O2):37.692	
O1):-0.835	O2):47.188	
O1):-0.827	O2):43.103	
O1):-0.802	O2):40.258	
O1):-0.819	O2):42.668	
O1):-0.763	O2):36.368	
O1):-0.795	O2):38.408	
O1):-0.827	O2):43.251	
O1):-0.759	O2):35.57	
O1):-0.794	O2):40.673	
O1):-0.863	O2):54.232	
O1):-0.8	O2):38.492	
O1):-0.827	O2):45.109	
O1):-0.81	O2):39.562	
O1):-0.826	O2):42.985	
O1):-0.799	O2):38.263	
O1):-0.863	O2):54.282	
O1):-0.853	O2):48.898	
Starting PrismExecutor worker 0 on port 11430
O1):-0.841	O2):48.262	
O1):-0.863	O2):54.232	
O1):-0.748	O2):35.932	
Connected worker 0 to port 11430
O1):-0.808	O2):39.085	
O1):-0.819	O2):42.066	
O1):-0.789	O2):37.883	
O1):-0.724	O2):31.238	
O1):-0.8	O2):39.548	
O1):-0.843	O2):47.695	
O1):-0.826	O2):43.079	
O1):-0.819	O2):41.786	
O1):-0.793	O2):43.548	
O1):-0.829	O2):44.073	
O1):-0.798	O2):39.056	
O1):-0.728	O2):32.435	
O1):-0.803	O2):41.59	
O1):-0.879	O2):64.756	
O1):-0.861	O2):53.912	
O1):-0.832	O2):43.367	
O1):-0.818	O2):42.311	
O1):-0.748	O2):35.643	
O1):-0.837	O2):45.642	
O1):-0.835	O2):44.059	
O1):-0.742	O2):34.888	
O1):-0.831	O2):44.119	
O1):-0.726	O2):31.612	
O1):-0.879	O2):68.974	
O1):-0.833	O2):43.592	
O1):-0.871	O2):59.579	
O1):-0.863	O2):54.412	
O1):-0.82	O2):42.747	
O1):-0.836	O2):44.148	
O1):-0.831	O2):43.385	
O1):-0.834	O2):46.07	
O1):-0.853	O2):48.9	
O1):-0.816	O2):41.758	
O1):-0.821	O2):42.564	
O1):-0.712	O2):30.602	
O1):-0.87	O2):59.27	
O1):-0.792	O2):38.045	
O1):-0.808	O2):43.243	
O1):-0.705	O2):31.354	
O1):-0.844	O2):49.31	
O1):-0.878	O2):64.227	
O1):-0.864	O2):59.27	
O1):-0.869	O2):58.767	
O1):-0.814	O2):43.285	
O1):-0.819	O2):42.038	
O1):-0.837	O2):45.642	
O1):-0.741	O2):34.763	
O1):-0.829	O2):43.558	
O1):-0.801	O2):39.949	
O1):-0.778	O2):36.084	
O1):-0.767	O2):38.201	
O1):-0.862	O2):53.917	
O1):-0.872	O2):64.396	
O1):-0.804	O2):42.909	
O1):-0.867	O2):58.615	
O1):-0.844	O2):47.806	
O1):-0.835	O2):47.188	
O1):-0.768	O2):37.443	
O1):-0.792	O2):38.045	
O1):-0.778	O2):36.205	
O1):-0.748	O2):35.643	
O1):-0.851	O2):48.542	
O1):-0.77	O2):37.526	
Evaluations:	3000
O1):-0.81	O2):39.562	
O1):-0.844	O2):48.962	
O1):-0.863	O2):54.302	
O1):-0.748	O2):35.643	
O1):-0.835	O2):46.2	
O1):-0.804	O2):38.58	
O1):-0.728	O2):31.308	
O1):-0.828	O2):43.24	
O1):-0.761	O2):36.437	
O1):-0.804	O2):40.38	
O1):-0.826	O2):44.937	
O1):-0.834	O2):48.046	
O1):-0.768	O2):37.449	
O1):-0.85	O2):48.338	
O1):-0.74	O2):32.79	
O1):-0.798	O2):37.972	
O1):-0.863	O2):54.266	
O1):-0.731	O2):31.446	
O1):-0.832	O2):43.367	
O1):-0.787	O2):37.429	
O1):-0.834	O2):43.864	
O1):-0.764	O2):36.393	
O1):-0.778	O2):36.205	
O1):-0.846	O2):48.749	
O1):-0.785	O2):37.175	
O1):-0.836	O2):45.333	
O1):-0.833	O2):43.592	
O1):-0.761	O2):36.116	
Starting PrismExecutor worker 3 on port 11473
O1):-0.853	O2):50.331	
O1):-0.817	O2):41.53	
Evaluations:	3500
Connected worker 3 to port 11473
O1):-0.827	O2):45.109	
O1):-0.843	O2):48.707	
O1):-0.862	O2):53.77	
O1):-0.882	O2):78.571	
O1):-0.779	O2):36.472	
O1):-0.804	O2):41.477	
O1):-0.789	O2):38.769	
O1):-0.868	O2):58.679	
O1):-0.861	O2):53.929	
O1):-0.785	O2):43.19	
O1):-0.819	O2):41.786	
O1):-0.794	O2):41.273	
O1):-0.82	O2):42.517	
O1):-0.859	O2):53.339	
O1):-0.843	O2):47.695	
O1):-0.853	O2):54.366	
O1):-0.828	O2):43.596	
O1):-0.766	O2):37.116	
O1):-0.835	O2):45.083	
O1):-0.828	O2):44.323	
O1):-0.846	O2):48.385	
O1):-0.837	O2):44.445	
O1):-0.826	O2):43.006	
O1):-0.793	O2):38.128	
O1):-0.732	O2):31.815	
O1):-0.795	O2):38.406	
O1):-0.827	O2):43.271	
O1):-0.794	O2):40.43	
O1):-0.816	O2):41.758	
O1):-0.816	O2):41.758	
O1):-0.853	O2):49.106	
Evaluations:	2800
O1):-0.837	O2):47.309	
O1):-0.837	O2):44.505	
O1):-0.855	O2):69.287	
O1):-0.767	O2):37.248	
O1):-0.836	O2):47.116	
O1):-0.834	O2):43.872	
O1):-0.881	O2):73.666	
O1):-0.781	O2):37.632	
O1):-0.748	O2):35.643	
O1):-0.86	O2):53.769	
O1):-0.789	O2):38.754	
O1):-0.837	O2):46.618	
O1):-0.836	O2):44.149	
O1):-0.817	O2):41.53	
O1):-0.835	O2):46.356	
O1):-0.851	O2):52.618	
O1):-0.834	O2):43.864	
O1):-0.835	O2):43.873	
O1):-0.803	O2):41.408	
O1):-0.845	O2):48.362	
O1):-0.82	O2):42.076	
O1):-0.845	O2):48.362	
O1):-0.85	O2):49.362	
O1):-0.835	O2):46.356	
O1):-0.801	O2):39.949	
O1):-0.851	O2):49.778	
O1):-0.772	O2):36.623	
O1):-0.757	O2):36.391	
O1):-0.82	O2):42.076	
O1):-0.763	O2):36.368	
O1):-0.846	O2):49.464	
O1):-0.787	O2):40.867	
O1):-0.869	O2):58.738	
O1):-0.802	O2):39.15	
O1):-0.804	O2):38.591	
O1):-0.826	O2):43.006	
O1):-0.861	O2):53.912	
O1):-0.842	O2):48.508	
O1):-0.853	O2):48.899	
O1):-0.86	O2):53.769	
O1):-0.74	O2):34.759	
O1):-0.878	O2):68.829	
O1):-0.863	O2):54.232	
O1):-0.832	O2):44.634	
O1):-0.844	O2):48.099	
O1):-0.824	O2):42.388	
Evaluations:	3400
O1):-0.743	O2):35.143	
O1):-0.878	O2):68.829	
O1):-0.827	O2):43.237	
Starting PrismExecutor worker 4 on port 11404
O1):-0.828	O2):43.434	
O1):-0.804	O2):42.13	
O1):-0.758	O2):35.883	
O1):-0.836	O2):45.532	
O1):-0.802	O2):43.446	
Connected worker 4 to port 11404
O1):-0.83	O2):43.823	
O1):-0.835	O2):43.88	
O1):-0.808	O2):42.554	
O1):-0.849	O2):49.529	
O1):-0.834	O2):46.608	
O1):-0.825	O2):43.302	
O1):-0.829	O2):43.558	
O1):-0.832	O2):43.35	
O1):-0.819	O2):41.787	
O1):-0.87	O2):59.437	
O1):-0.845	O2):47.96	
O1):-0.833	O2):44.628	
O1):-0.819	O2):42.038	
O1):-0.796	O2):37.397	
O1):-0.709	O2):31.63	
O1):-0.845	O2):49.312	
O1):-0.872	O2):64.052	
O1):-0.798	O2):37.972	
O1):-0.86	O2):53.769	
O1):-0.834	O2):43.911	
O1):-0.789	O2):37.883	
O1):-0.836	O2):44.21	
O1):-0.827	O2):43.843	
O1):-0.772	O2):41.434	
O1):-0.82	O2):42.569	
O1):-0.846	O2):48.385	
O1):-0.835	O2):48.092	
O1):-0.827	O2):43.103	
O1):-0.757	O2):36.399	
O1):-0.803	O2):41.407	
O1):-0.806	O2):41.89	
O1):-0.779	O2):36.427	
O1):-0.791	O2):37.82	
O1):-0.719	O2):32.4	
O1):-0.804	O2):38.56	
O1):-0.745	O2):32.766	
O1):-0.836	O2):47.245	
O1):-0.843	O2):48.737	
O1):-0.712	O2):31.868	
O1):-0.853	O2):53.266	
O1):-0.853	O2):48.9	
O1):-0.863	O2):54.285	
O1):-0.828	O2):43.434	
O1):-0.836	O2):45.594	
O1):-0.83	O2):43.515	
O1):-0.75	O2):34.403	
O1):-0.789	O2):37.883	
O1):-0.835	O2):43.88	
O1):-0.833	O2):43.642	
O1):-0.752	O2):34.617	
O1):-0.834	O2):46.501	
O1):-0.785	O2):37.175	
O1):-0.879	O2):68.974	
O1):-0.846	O2):54.305	
O1):-0.804	O2):38.65	
O1):-0.732	O2):31.815	
O1):-0.828	O2):43.747	
O1):-0.776	O2):40.308	
O1):-0.863	O2):54.412	
O1):-0.871	O2):59.243	
O1):-0.828	O2):43.426	
O1):-0.845	O2):47.96	
O1):-0.835	O2):47.188	
O1):-0.75	O2):36.382	
O1):-0.859	O2):53.343	
O1):-0.87	O2):59.222	
O1):-0.871	O2):59.235	
O1):-0.771	O2):38.401	
O1):-0.838	O2):52.313	
O1):-0.869	O2):58.767	
O1):-0.791	O2):40.409	
O1):-0.708	O2):31.619	
O1):-0.812	O2):39.857	
O1):-0.763	O2):36.368	
O1):-0.786	O2):38.345	
O1):-0.842	O2):48.543	
O1):-0.745	O2):32.766	
O1):-0.818	O2):42.311	
O1):-0.868	O2):58.661	
O1):-0.815	O2):41.612	
O1):-0.847	O2):48.687	
O1):-0.833	O2):44.843	
O1):-0.787	O2):37.8	
Evaluations:	3200
O1):-0.837	O2):48.383	
O1):-0.803	O2):41.59	
O1):-0.853	O2):49.106	
O1):-0.837	O2):46.754	
O1):-0.835	O2):46.2	
Starting PrismExecutor worker 3 on port 11493
O1):-0.869	O2):58.735	
Evaluations:	3500
O1):-0.868	O2):58.661	
O1):-0.82	O2):42.249	
O1):-0.806	O2):42.263	
O1):-0.827	O2):43.103	
Connected worker 3 to port 11493
O1):-0.838	O2):47.466	
O1):-0.779	O2):36.426	
O1):-0.854	O2):49.251	
O1):-0.818	O2):42.311	
O1):-0.836	O2):45.197	
O1):-0.814	O2):42.575	
O1):-0.764	O2):36.393	
O1):-0.844	O2):47.797	
O1):-0.826	O2):42.801	
O1):-0.85	O2):48.322	
O1):-0.82	O2):42.249	
O1):-0.845	O2):48.261	
O1):-0.834	O2):46.07	
O1):-0.82	O2):42.678	
O1):-0.808	O2):42.556	
O1):-0.748	O2):35.932	
O1):-0.8	O2):38.492	
O1):-0.779	O2):36.426	
O1):-0.819	O2):42.694	
O1):-0.82	O2):42.569	
O1):-0.759	O2):35.57	
O1):-0.787	O2):38.897	
O1):-0.834	O2):43.859	
O1):-0.818	O2):42.201	
O1):-0.818	O2):42.146	
O1):-0.783	O2):36.684	
O1):-0.807	O2):40.424	
O1):-0.829	O2):43.38	
O1):-0.871	O2):59.243	
O1):-0.816	O2):48.895	
O1):-0.828	O2):43.311	
O1):-0.859	O2):53.268	
O1):-0.838	O2):47.155	
O1):-0.748	O2):35.745	
O1):-0.851	O2):52.554	
O1):-0.733	O2):31.978	
O1):-0.802	O2):40.067	
O1):-0.778	O2):36.397	
O1):-0.803	O2):45.388	
O1):-0.776	O2):39.336	
O1):-0.851	O2):49.536	
O1):-0.871	O2):62.666	
O1):-0.802	O2):42.523	
O1):-0.763	O2):36.062	
O1):-0.826	O2):43.006	
O1):-0.843	O2):47.791	
O1):-0.773	O2):38.066	
O1):-0.822	O2):42.458	
O1):-0.77	O2):37.526	
O1):-0.802	O2):38.29	
O1):-0.828	O2):43.611	
O1):-0.794	O2):40.431	
O1):-0.816	O2):41.758	
O1):-0.878	O2):68.829	
O1):-0.778	O2):37.118	
O1):-0.853	O2):50.068	
O1):-0.843	O2):48.707	
O1):-0.757	O2):35.624	
O1):-0.805	O2):38.961	
O1):-0.797	O2):43.306	
O1):-0.731	O2):31.441	
O1):-0.863	O2):58.966	
O1):-0.778	O2):37.953	
O1):-0.85	O2):49.913	
O1):-0.819	O2):43.115	
O1):-0.779	O2):36.368	
O1):-0.716	O2):31.152	
O1):-0.838	O2):47.504	
O1):-0.831	O2):43.4	
O1):-0.859	O2):53.27	
O1):-0.795	O2):38.486	
O1):-0.734	O2):31.986	
O1):-0.86	O2):53.769	
O1):-0.785	O2):40.52	
O1):-0.872	O2):62.991	
O1):-0.853	O2):50.068	
O1):-0.821	O2):42.564	
O1):-0.776	O2):39.815	
O1):-0.835	O2):44.046	
O1):-0.785	O2):36.758	
O1):-0.867	O2):58.615	
O1):-0.879	O2):64.758	
O1):-0.843	O2):47.695	
Evaluations:	3700
O1):-0.765	O2):42.771	
O1):-0.803	O2):41.375	
O1):-0.817	O2):42.015	
O1):-0.835	O2):47.188	
Starting PrismExecutor worker 4 on port 11454
Starting PrismExecutor worker 1 on port 11431
O1):-0.832	O2):43.351	
Connected worker 4 to port 11454
Connected worker 1 to port 11431
O1):-0.817	O2):41.53	
O1):-0.778	O2):37.215	
O1):-0.801	O2):38.817	
O1):-0.779	O2):38.366	
O1):-0.705	O2):31.354	
O1):-0.819	O2):42.668	
O1):-0.834	O2):43.928	
O1):-0.811	O2):54.662	
O1):-0.838	O2):47.466	
O1):-0.833	O2):48.358	
O1):-0.744	O2):33.889	
O1):-0.837	O2):47.309	
O1):-0.828	O2):45.049	
O1):-0.871	O2):62.851	
O1):-0.833	O2):43.642	
O1):-0.817	O2):41.53	
O1):-0.801	O2):38.029	
O1):-0.78	O2):37.709	
O1):-0.778	O2):36.249	
O1):-0.786	O2):38.345	
O1):-0.817	O2):42.015	
O1):-0.826	O2):43.239	
O1):-0.86	O2):53.769	
O1):-0.81	O2):42.024	
O1):-0.81	O2):39.562	
O1):-0.778	O2):36.205	
O1):-0.802	O2):38.29	
O1):-0.843	O2):48.841	
O1):-0.767	O2):36.842	
O1):-0.831	O2):43.4	
O1):-0.853	O2):49.106	
O1):-0.792	O2):38.045	
O1):-0.87	O2):58.909	
O1):-0.847	O2):49.602	
O1):-0.803	O2):41.59	
O1):-0.851	O2):52.691	
O1):-0.846	O2):48.38	
O1):-0.872	O2):64.052	
O1):-0.767	O2):37.248	
O1):-0.821	O2):42.328	
O1):-0.828	O2):45.416	
O1):-0.845	O2):48.254	
O1):-0.88	O2):65.116	
O1):-0.805	O2):38.873	
O1):-0.786	O2):38.345	
O1):-0.83	O2):43.817	
O1):-0.768	O2):37.443	
O1):-0.833	O2):43.642	
O1):-0.829	O2):43.685	
O1):-0.813	O2):46.095	
O1):-0.795	O2):44.228	
O1):-0.778	O2):37.479	
O1):-0.782	O2):36.666	
O1):-0.834	O2):43.931	
O1):-0.834	O2):46.07	
O1):-0.846	O2):48.214	
O1):-0.871	O2):63.552	
O1):-0.705	O2):31.354	
O1):-0.835	O2):44.138	
O1):-0.777	O2):35.924	
O1):-0.841	O2):48.277	
O1):-0.773	O2):38.366	
O1):-0.791	O2):37.981	
O1):-0.803	O2):38.582	
O1):-0.817	O2):41.53	
O1):-0.741	O2):36.301	
O1):-0.803	O2):41.408	
O1):-0.766	O2):36.582	
O1):-0.748	O2):33.53	
O1):-0.846	O2):48.381	
O1):-0.804	O2):41.628	
O1):-0.862	O2):53.77	
O1):-0.85	O2):48.329	
O1):-0.838	O2):44.59	
O1):-0.818	O2):42.619	
O1):-0.834	O2):43.911	
O1):-0.879	O2):64.756	
O1):-0.832	O2):43.35	
O1):-0.828	O2):45.416	
O1):-0.812	O2):39.341	
O1):-0.82	O2):43.027	
O1):-0.837	O2):44.751	
O1):-0.827	O2):43.313	
O1):-0.79	O2):42.704	
O1):-0.853	O2):48.898	
O1):-0.78	O2):38.935	
O1):-0.795	O2):41.482	
O1):-0.829	O2):43.838	
O1):-0.841	O2):47.247	
O1):-0.767	O2):36.941	
O1):-0.726	O2):31.612	
O1):-0.804	O2):53.34	
O1):-0.851	O2):49.536	
O1):-0.776	O2):35.675	
O1):-0.851	O2):53.923	
O1):-0.804	O2):38.559	
O1):-0.86	O2):53.42	
O1):-0.821	O2):42.564	
O1):-0.827	O2):43.271	
O1):-0.748	O2):35.643	
O1):-0.862	O2):53.928	
O1):-0.828	O2):43.611	
O1):-0.764	O2):34.552	
O1):-0.844	O2):49.08	
O1):-0.758	O2):35.634	
O1):-0.778	O2):36.249	
O1):-0.805	O2):38.873	
O1):-0.786	O2):38.345	
O1):-0.844	O2):47.79	
O1):-0.826	O2):42.801	
O1):-0.805	O2):41.782	
O1):-0.775	O2):36.934	
O1):-0.779	O2):36.337	
O1):-0.816	O2):43.616	
O1):-0.87	O2):58.909	
O1):-0.786	O2):37.353	
O1):-0.801	O2):38.029	
O1):-0.833	O2):51.955	
O1):-0.802	O2):41.394	
O1):-0.846	O2):48.745	
O1):-0.75	O2):36.204	
O1):-0.83	O2):43.515	
O1):-0.867	O2):58.615	
O1):-0.822	O2):44.114	
O1):-0.781	O2):37.632	
O1):-0.749	O2):36.188	
O1):-0.851	O2):53.94	
O1):-0.76	O2):36.238	
O1):-0.819	O2):42.073	
O1):-0.7	O2):30.913	
O1):-0.86	O2):53.42	
O1):-0.853	O2):48.898	
O1):-0.824	O2):42.656	
O1):-0.842	O2):48.525	
O1):-0.869	O2):58.767	
O1):-0.82	O2):42.459	
O1):-0.847	O2):48.687	
O1):-0.855	O2):49.561	
O1):-0.802	O2):38.06	
O1):-0.841	O2):47.247	
O1):-0.836	O2):47.116	
O1):-0.816	O2):41.894	
O1):-0.797	O2):42.063	
O1):-0.817	O2):41.781	
O1):-0.853	O2):48.9	
O1):-0.841	O2):48.262	
O1):-0.741	O2):34.763	
O1):-0.851	O2):48.542	
O1):-0.755	O2):36.15	
O1):-0.786	O2):37.355	
O1):-0.812	O2):43.225	
O1):-0.755	O2):36.15	
O1):-0.787	O2):37.8	
O1):-0.77	O2):37.526	
O1):-0.787	O2):37.427	
O1):-0.752	O2):34.394	
O1):-0.828	O2):43.596	
O1):-0.879	O2):68.974	
Evaluations:	3400
O1):-0.828	O2):43.557	
O1):-0.781	O2):38.947	
O1):-0.859	O2):53.41	
O1):-0.794	O2):38.28	
O1):-0.85	O2):49.362	
O1):-0.841	O2):49.261	
O1):-0.728	O2):32.435	
O1):-0.811	O2):39.207	
O1):-0.869	O2):58.767	
O1):-0.859	O2):53.339	
O1):-0.789	O2):37.883	
O1):-0.802	O2):41.224	
O1):-0.853	O2):53.058	
O1):-0.871	O2):63.552	
O1):-0.786	O2):38.345	
O1):-0.802	O2):40.072	
O1):-0.673	O2):26.804	
Starting PrismExecutor worker 2 on port 11472
O1):-0.779	O2):36.472	
O1):-0.817	O2):42.015	
Connected worker 2 to port 11472
O1):-0.83	O2):44.037	
O1):-0.817	O2):42.053	
O1):-0.723	O2):30.769	
O1):-0.764	O2):34.552	
O1):-0.802	O2):40.067	
O1):-0.835	O2):51.445	
O1):-0.821	O2):42.702	
O1):-0.719	O2):32.4	
O1):-0.859	O2):53.339	
O1):-0.835	O2):46.356	
O1):-0.853	O2):48.898	
O1):-0.804	O2):38.56	
O1):-0.758	O2):35.634	
O1):-0.84	O2):48.115	
O1):-0.726	O2):32.41	
O1):-0.794	O2):40.627	
O1):-0.798	O2):39.056	
O1):-0.83	O2):45.296	
O1):-0.861	O2):53.837	
O1):-0.791	O2):37.82	
O1):-0.816	O2):43.616	
O1):-0.804	O2):41.477	
O1):-0.825	O2):42.873	
O1):-0.853	O2):48.903	
O1):-0.82	O2):42.569	
O1):-0.853	O2):49.106	
O1):-0.843	O2):47.695	
O1):-0.728	O2):31.308	
O1):-0.852	O2):48.882	
O1):-0.781	O2):38.766	
O1):-0.859	O2):53.41	
O1):-0.761	O2):36.1	
O1):-0.836	O2):49.068	
O1):-0.825	O2):42.873	
O1):-0.853	O2):48.898	
O1):-0.828	O2):43.611	
O1):-0.801	O2):41.548	
O1):-0.748	O2):35.745	
O1):-0.871	O2):59.579	
O1):-0.764	O2):36.236	
O1):-0.835	O2):43.873	
O1):-0.859	O2):53.343	
O1):-0.803	O2):38.534	
O1):-0.765	O2):37.481	
O1):-0.834	O2):43.911	
O1):-0.827	O2):43.251	
O1):-0.847	O2):48.687	
O1):-0.836	O2):47.704	
O1):-0.845	O2):49.315	
O1):-0.743	O2):33.604	
O1):-0.819	O2):42.038	
O1):-0.854	O2):49.416	
O1):-0.818	O2):42.201	
O1):-0.863	O2):58.994	
O1):-0.871	O2):59.588	
O1):-0.82	O2):42.076	
O1):-0.743	O2):33.604	
O1):-0.854	O2):53.431	
O1):-0.861	O2):53.69	
O1):-0.822	O2):44.11	
O1):-0.749	O2):36.056	
O1):-0.794	O2):38.28	
O1):-0.802	O2):38.907	
O1):-0.847	O2):49.602	
O1):-0.822	O2):44.115	
O1):-0.785	O2):38.063	
O1):-0.87	O2):59.273	
O1):-0.812	O2):42.112	
O1):-0.845	O2):47.92	
O1):-0.812	O2):39.341	
O1):-0.872	O2):68.232	
O1):-0.786	O2):38.354	
O1):-0.749	O2):36.056	
O1):-0.757	O2):36.4	
O1):-0.817	O2):41.535	
O1):-0.785	O2):40.298	
O1):-0.763	O2):36.062	
O1):-0.835	O2):47.188	
O1):-0.82	O2):42.076	
O1):-0.781	O2):38.955	
O1):-0.872	O2):64.052	
O1):-0.834	O2):46.07	
O1):-0.845	O2):47.785	
O1):-0.757	O2):35.786	
O1):-0.756	O2):38.942	
Evaluations:	3500
O1):-0.879	O2):68.974	
O1):-0.82	O2):42.248	
O1):-0.823	O2):42.387	
O1):-0.816	O2):41.758	
O1):-0.803	O2):41.375	
O1):-0.806	O2):42.268	
Starting PrismExecutor worker 5 on port 11455
O1):-0.798	O2):37.963	
O1):-0.851	O2):48.542	
Connected worker 5 to port 11455
O1):-0.818	O2):41.815	
O1):-0.786	O2):40.575	
O1):-0.812	O2):39.341	
O1):-0.83	O2):43.816	
O1):-0.764	O2):36.236	
O1):-0.77	O2):37.526	
O1):-0.882	O2):78.571	
O1):-0.812	O2):39.341	
O1):-0.746	O2):36.74	
O1):-0.861	O2):53.912	
O1):-0.783	O2):39.978	
O1):-0.799	O2):38.263	
O1):-0.731	O2):31.45	
O1):-0.854	O2):53.431	
O1):-0.825	O2):44.626	
O1):-0.748	O2):33.569	
O1):-0.855	O2):49.563	
O1):-0.821	O2):43.448	
O1):-0.846	O2):48.385	
O1):-0.795	O2):44.237	
O1):-0.788	O2):38.652	
O1):-0.824	O2):42.692	
O1):-0.753	O2):34.478	
O1):-0.747	O2):33.462	
O1):-0.862	O2):53.986	
O1):-0.821	O2):42.866	
O1):-0.835	O2):46.2	
O1):-0.83	O2):44.037	
O1):-0.871	O2):59.243	
O1):-0.809	O2):44.698	
O1):-0.801	O2):39.955	
O1):-0.785	O2):37.175	
O1):-0.732	O2):31.815	
O1):-0.746	O2):33.306	
O1):-0.782	O2):36.247	
O1):-0.841	O2):48.262	
O1):-0.741	O2):34.763	
O1):-0.854	O2):53.223	
O1):-0.862	O2):53.77	
O1):-0.838	O2):47.155	
O1):-0.882	O2):78.571	
O1):-0.829	O2):43.558	
O1):-0.811	O2):41.881	
O1):-0.803	O2):39.196	
O1):-0.834	O2):52.376	
O1):-0.845	O2):47.96	
O1):-0.793	O2):38.129	
O1):-0.733	O2):31.978	
O1):-0.85	O2):48.329	
O1):-0.785	O2):38.024	
O1):-0.853	O2):48.898	
O1):-0.77	O2):37.526	
O1):-0.718	O2):32.128	
O1):-0.78	O2):37.709	
O1):-0.807	O2):42.953	
O1):-0.832	O2):43.35	
O1):-0.779	O2):36.472	
O1):-0.844	O2):48.093	
O1):-0.862	O2):53.97	
O1):-0.814	O2):43.285	
O1):-0.743	O2):35.329	
O1):-0.763	O2):36.062	
O1):-0.744	O2):33.889	
O1):-0.826	O2):42.801	
O1):-0.777	O2):37.028	
O1):-0.853	O2):49.106	
O1):-0.798	O2):39.059	
O1):-0.747	O2):33.462	
O1):-0.84	O2):48.114	
O1):-0.756	O2):37.166	
O1):-0.763	O2):36.062	
O1):-0.846	O2):48.546	
O1):-0.764	O2):36.393	
O1):-0.812	O2):39.341	
O1):-0.795	O2):38.406	
O1):-0.837	O2):44.285	
O1):-0.846	O2):48.229	
O1):-0.802	O2):38.061	
O1):-0.834	O2):43.924	
O1):-0.732	O2):31.612	
O1):-0.765	O2):39.751	
O1):-0.794	O2):41.506	
O1):-0.829	O2):43.685	
O1):-0.837	O2):47.3	
O1):-0.872	O2):63.692	
O1):-0.805	O2):38.801	
O1):-0.862	O2):53.822	
Starting PrismExecutor worker 2 on port 11452
O1):-0.791	O2):43.019	
O1):-0.83	O2):44.037	
O1):-0.78	O2):37.471	
O1):-0.834	O2):46.07	
Connected worker 2 to port 11452
O1):-0.803	O2):38.534	
O1):-0.776	O2):40.308	
O1):-0.714	O2):32.078	
O1):-0.828	O2):43.14	
O1):-0.748	O2):35.745	
O1):-0.819	O2):42.668	
O1):-0.842	O2):48.485	
O1):-0.801	O2):39.949	
O1):-0.794	O2):40.627	
O1):-0.792	O2):38.045	
O1):-0.85	O2):48.329	
O1):-0.846	O2):49.582	
O1):-0.748	O2):33.569	
O1):-0.829	O2):43.841	
O1):-0.804	O2):38.58	
O1):-0.759	O2):35.87	
O1):-0.78	O2):37.709	
O1):-0.862	O2):53.917	
O1):-0.753	O2):34.478	
O1):-0.73	O2):33.479	
O1):-0.801	O2):39.986	
O1):-0.846	O2):48.381	
O1):-0.778	O2):37.363	
O1):-0.744	O2):33.889	
O1):-0.836	O2):44.21	
O1):-0.757	O2):36.399	
O1):-0.779	O2):37.692	
O1):-0.818	O2):42.311	
O1):-0.804	O2):41.477	
O1):-0.869	O2):58.767	
O1):-0.816	O2):41.758	
O1):-0.85	O2):48.323	
O1):-0.846	O2):48.381	
O1):-0.81	O2):42.024	
O1):-0.869	O2):58.767	
O1):-0.779	O2):36.426	
O1):-0.853	O2):48.898	
O1):-0.817	O2):43.876	
O1):-0.837	O2):46.912	
O1):-0.819	O2):42.038	
O1):-0.805	O2):42.269	
O1):-0.761	O2):36.437	
O1):-0.802	O2):41.394	
O1):-0.821	O2):42.328	
O1):-0.837	O2):46.755	
O1):-0.819	O2):42.673	
O1):-0.829	O2):43.685	
O1):-0.862	O2):53.77	
O1):-0.776	O2):37.108	
O1):-0.834	O2):52.087	
O1):-0.804	O2):41.533	
O1):-0.705	O2):31.358	
O1):-0.809	O2):42.695	
O1):-0.872	O2):63.689	
O1):-0.859	O2):53.392	
O1):-0.859	O2):53.339	
O1):-0.785	O2):38.062	
O1):-0.828	O2):45.416	
O1):-0.881	O2):68.578	
O1):-0.785	O2):36.758	
O1):-0.86	O2):53.769	
O1):-0.837	O2):47.16	
O1):-0.834	O2):47.384	
O1):-0.772	O2):36.623	
O1):-0.825	O2):42.881	
O1):-0.761	O2):36.071	
O1):-0.801	O2):38.029	
O1):-0.871	O2):59.588	
O1):-0.851	O2):52.554	
O1):-0.708	O2):31.619	
O1):-0.828	O2):44.087	
O1):-0.844	O2):48.093	
O1):-0.794	O2):38.28	
O1):-0.754	O2):36.762	
O1):-0.811	O2):41.881	
O1):-0.85	O2):48.323	
O1):-0.812	O2):42.112	
O1):-0.78	O2):37.709	
O1):-0.801	O2):38.029	
O1):-0.837	O2):46.754	
O1):-0.748	O2):33.569	
O1):-0.826	O2):43.006	
O1):-0.845	O2):48.249	
O1):-0.862	O2):64.07	
O1):-0.826	O2):43.004	
O1):-0.805	O2):41.645	
Starting PrismExecutor worker 4 on port 11414
O1):-0.82	O2):42.249	
O1):-0.741	O2):34.759	
O1):-0.86	O2):53.42	
O1):-0.846	O2):48.385	
O1):-0.833	O2):44.735	
O1):-0.798	O2):38.978	
Connected worker 4 to port 11414
O1):-0.862	O2):53.986	
O1):-0.802	O2):38.288	
O1):-0.837	O2):46.754	
O1):-0.816	O2):41.758	
O1):-0.749	O2):35.395	
O1):-0.776	O2):37.108	
O1):-0.749	O2):36.056	
O1):-0.743	O2):35.331	
O1):-0.878	O2):68.829	
O1):-0.868	O2):58.679	
O1):-0.786	O2):38.353	
O1):-0.783	O2):36.489	
O1):-0.758	O2):39.114	
O1):-0.852	O2):49.777	
O1):-0.828	O2):43.428	
O1):-0.821	O2):43.09	
O1):-0.756	O2):36.262	
O1):-0.824	O2):43.26	
O1):-0.871	O2):59.588	
O1):-0.818	O2):42.159	
O1):-0.863	O2):54.286	
O1):-0.851	O2):52.617	
O1):-0.85	O2):48.329	
O1):-0.822	O2):44.115	
O1):-0.819	O2):42.642	
O1):-0.81	O2):39.562	
O1):-0.818	O2):42.201	
O1):-0.836	O2):44.149	
O1):-0.757	O2):36.389	
O1):-0.834	O2):48.654	
O1):-0.859	O2):53.339	
O1):-0.84	O2):48.114	
O1):-0.836	O2):44.201	
O1):-0.811	O2):41.881	
O1):-0.794	O2):38.28	
O1):-0.869	O2):58.767	
O1):-0.853	O2):54.442	
O1):-0.836	O2):48.58	
O1):-0.832	O2):44.634	
O1):-0.86	O2):53.769	
O1):-0.746	O2):33.342	
O1):-0.845	O2):49.531	
O1):-0.817	O2):41.536	
O1):-0.785	O2):37.175	
O1):-0.843	O2):48.594	
O1):-0.748	O2):37.122	
O1):-0.845	O2):47.96	
O1):-0.825	O2):42.873	
O1):-0.871	O2):63.552	
O1):-0.859	O2):53.339	
O1):-0.726	O2):31.612	
O1):-0.844	O2):47.806	
O1):-0.732	O2):31.612	
O1):-0.852	O2):49.777	
O1):-0.838	O2):47.155	
O1):-0.748	O2):35.643	
O1):-0.772	O2):36.623	
O1):-0.814	O2):42.616	
O1):-0.8	O2):37.758	
O1):-0.763	O2):36.062	
O1):-0.791	O2):40.409	
O1):-0.812	O2):42.112	
O1):-0.785	O2):38.025	
O1):-0.813	O2):58.827	
O1):-0.805	O2):38.873	
O1):-0.841	O2):48.401	
O1):-0.85	O2):48.329	
O1):-0.841	O2):47.247	
O1):-0.845	O2):49.102	
O1):-0.814	O2):42.575	
O1):-0.828	O2):43.426	
O1):-0.834	O2):43.911	
O1):-0.837	O2):48.516	
O1):-0.74	O2):32.79	
O1):-0.827	O2):43.465	
Evaluations:	3100
O1):-0.803	O2):38.534	
O1):-0.808	O2):39.085	
O1):-0.761	O2):36.19	
O1):-0.831	O2):43.4	
O1):-0.837	O2):45.651	
Starting PrismExecutor worker 5 on port 11415
O1):-0.842	O2):47.212	
O1):-0.86	O2):53.769	
O1):-0.832	O2):43.35	
O1):-0.871	O2):59.243	
Connected worker 5 to port 11415
O1):-0.728	O2):32.435	
O1):-0.878	O2):68.829	
O1):-0.781	O2):38.93	
O1):-0.779	O2):40.524	
O1):-0.802	O2):48.958	
O1):-0.799	O2):39.519	
O1):-0.838	O2):47.155	
O1):-0.804	O2):41.477	
O1):-0.785	O2):37.175	
O1):-0.816	O2):41.738	
O1):-0.836	O2):44.232	
O1):-0.785	O2):37.175	
O1):-0.833	O2):44.554	
O1):-0.853	O2):48.898	
O1):-0.804	O2):45.925	
O1):-0.837	O2):44.433	
O1):-0.791	O2):37.981	
O1):-0.818	O2):42.311	
O1):-0.817	O2):41.53	
O1):-0.843	O2):47.797	
O1):-0.834	O2):43.859	
O1):-0.802	O2):40.071	
O1):-0.826	O2):44.937	
O1):-0.818	O2):42.619	
O1):-0.878	O2):68.829	
O1):-0.84	O2):48.114	
O1):-0.778	O2):36.205	
O1):-0.712	O2):30.602	
O1):-0.811	O2):43.371	
O1):-0.845	O2):47.96	
O1):-0.837	O2):45.642	
O1):-0.851	O2):52.554	
O1):-0.724	O2):31.238	
O1):-0.764	O2):39.741	
O1):-0.817	O2):43.876	
O1):-0.828	O2):43.318	
O1):-0.757	O2):35.786	
O1):-0.765	O2):38.907	
O1):-0.845	O2):48.362	
O1):-0.862	O2):53.986	
O1):-0.723	O2):30.768	
O1):-0.838	O2):47.466	
O1):-0.829	O2):44.044	
O1):-0.764	O2):34.552	
O1):-0.828	O2):43.587	
O1):-0.859	O2):53.268	
O1):-0.869	O2):58.735	
O1):-0.752	O2):34.394	
O1):-0.862	O2):53.986	
O1):-0.847	O2):49.602	
O1):-0.845	O2):48.254	
O1):-0.822	O2):44.211	
O1):-0.819	O2):43.117	
O1):-0.838	O2):44.727	
O1):-0.829	O2):43.781	
O1):-0.817	O2):41.53	
O1):-0.823	O2):42.387	
O1):-0.801	O2):38.029	
O1):-0.862	O2):54.142	
O1):-0.83	O2):43.816	
O1):-0.807	O2):42.953	
O1):-0.821	O2):42.564	
O1):-0.853	O2):48.903	
O1):-0.847	O2):48.674	
O1):-0.786	O2):40.419	
O1):-0.863	O2):54.282	
O1):-0.824	O2):42.692	
O1):-0.743	O2):35.143	
O1):-0.801	O2):41.548	
O1):-0.755	O2):36.14	
O1):-0.859	O2):54.204	
O1):-0.708	O2):31.619	
O1):-0.741	O2):34.775	
O1):-0.83	O2):43.816	
O1):-0.823	O2):44.223	
O1):-0.748	O2):35.94	
O1):-0.77	O2):37.526	
O1):-0.793	O2):40.12	
O1):-0.842	O2):48.508	
O1):-0.862	O2):53.77	
O1):-0.837	O2):44.283	
O1):-0.779	O2):36.472	
O1):-0.859	O2):53.277	
O1):-0.833	O2):44.554	
O1):-0.791	O2):37.98	
Starting PrismExecutor worker 3 on port 11403
O1):-0.779	O2):36.368	
O1):-0.8	O2):39.49	
Connected worker 3 to port 11403
O1):-0.87	O2):58.909	
O1):-0.757	O2):36.399	
O1):-0.835	O2):44.046	
O1):-0.741	O2):34.817	
O1):-0.843	O2):47.75	
O1):-0.838	O2):44.592	
O1):-0.743	O2):33.604	
O1):-0.853	O2):50.304	
O1):-0.817	O2):41.535	
O1):-0.724	O2):31.238	
O1):-0.825	O2):44.972	
O1):-0.863	O2):54.302	
O1):-0.836	O2):44.187	
O1):-0.792	O2):38.045	
O1):-0.776	O2):37.109	
O1):-0.837	O2):46.754	
O1):-0.748	O2):35.643	
O1):-0.823	O2):42.987	
O1):-0.804	O2):38.581	
O1):-0.836	O2):44.21	
O1):-0.761	O2):36.547	
O1):-0.83	O2):43.823	
O1):-0.871	O2):59.588	
O1):-0.862	O2):53.77	
O1):-0.818	O2):42.201	
O1):-0.836	O2):44.21	
O1):-0.862	O2):53.97	
O1):-0.825	O2):44.971	
O1):-0.829	O2):43.685	
O1):-0.851	O2):48.542	
O1):-0.799	O2):38.263	
O1):-0.838	O2):47.466	
O1):-0.801	O2):38.029	
O1):-0.817	O2):42.015	
O1):-0.748	O2):33.569	
O1):-0.832	O2):43.367	
O1):-0.804	O2):38.591	
O1):-0.733	O2):31.978	
O1):-0.844	O2):49.08	
O1):-0.826	O2):42.801	
O1):-0.822	O2):42.458	
O1):-0.853	O2):59.032	
O1):-0.822	O2):42.458	
O1):-0.816	O2):43.781	
O1):-0.817	O2):42.015	
O1):-0.846	O2):48.385	
O1):-0.828	O2):43.562	
O1):-0.836	O2):48.417	
O1):-0.791	O2):37.98	
O1):-0.7	O2):30.913	
O1):-0.783	O2):38.66	
O1):-0.822	O2):42.458	
O1):-0.809	O2):42.698	
O1):-0.871	O2):59.243	
O1):-0.757	O2):35.628	
O1):-0.853	O2):48.898	
O1):-0.834	O2):46.07	
O1):-0.846	O2):48.385	
O1):-0.861	O2):53.912	
O1):-0.778	O2):38.362	
O1):-0.853	O2):50.068	
O1):-0.804	O2):38.591	
O1):-0.834	O2):43.911	
O1):-0.819	O2):43.151	
O1):-0.804	O2):42.095	
O1):-0.83	O2):43.82	
O1):-0.758	O2):35.883	
O1):-0.859	O2):53.277	
O1):-0.853	O2):54.434	
O1):-0.828	O2):45.416	
O1):-0.778	O2):36.205	
O1):-0.763	O2):36.368	
O1):-0.705	O2):31.354	
O1):-0.798	O2):45.975	
O1):-0.85	O2):48.323	
O1):-0.833	O2):43.599	
O1):-0.853	O2):48.898	
O1):-0.835	O2):44.138	
O1):-0.85	O2):49.362	
O1):-0.743	O2):33.604	
O1):-0.817	O2):41.535	
O1):-0.779	O2):36.472	
O1):-0.822	O2):44.115	
O1):-0.826	O2):44.937	
O1):-0.837	O2):44.427	
O1):-0.863	O2):54.282	
O1):-0.822	O2):44.192	
Starting PrismExecutor worker 1 on port 11461
O1):-0.7	O2):30.913	
Connected worker 1 to port 11461
O1):-0.861	O2):53.458	
O1):-0.854	O2):49.363	
O1):-0.781	O2):37.984	
O1):-0.805	O2):43.331	
O1):-0.801	O2):48.772	
O1):-0.728	O2):31.308	
O1):-0.862	O2):53.97	
O1):-0.861	O2):53.845	
O1):-0.821	O2):43.448	
O1):-0.831	O2):44.104	
O1):-0.818	O2):42.146	
O1):-0.862	O2):53.917	
O1):-0.845	O2):47.96	
O1):-0.799	O2):38.263	
O1):-0.859	O2):53.392	
O1):-0.795	O2):38.406	
O1):-0.755	O2):36.14	
O1):-0.847	O2):54.441	
O1):-0.871	O2):59.506	
O1):-0.871	O2):59.243	
O1):-0.779	O2):36.426	
O1):-0.833	O2):51.807	
O1):-0.831	O2):44.119	
O1):-0.798	O2):39.056	
O1):-0.843	O2):47.695	
O1):-0.783	O2):36.489	
O1):-0.801	O2):41.548	
O1):-0.814	O2):42.616	
O1):-0.849	O2):49.529	
O1):-0.822	O2):42.885	
O1):-0.853	O2):58.636	
O1):-0.829	O2):43.227	
O1):-0.802	O2):40.072	
O1):-0.747	O2):33.462	
O1):-0.802	O2):41.218	
O1):-0.756	O2):37.064	
O1):-0.826	O2):43.006	
O1):-0.804	O2):38.892	
O1):-0.815	O2):43.569	
O1):-0.833	O2):43.446	
O1):-0.804	O2):41.533	
O1):-0.791	O2):37.98	
O1):-0.718	O2):32.135	
Evaluations:	3600
O1):-0.809	O2):42.866	
O1):-0.835	O2):46.655	
O1):-0.86	O2):53.769	
O1):-0.805	O2):42.313	
O1):-0.851	O2):52.618	
O1):-0.785	O2):38.064	
O1):-0.845	O2):49.529	
O1):-0.801	O2):38.79	
O1):-0.817	O2):42.015	
O1):-0.808	O2):39.085	
O1):-0.868	O2):58.679	
O1):-0.821	O2):42.785	
O1):-0.764	O2):36.76	
O1):-0.813	O2):40.695	
O1):-0.86	O2):53.769	
O1):-0.802	O2):41.394	
O1):-0.801	O2):41.548	
O1):-0.816	O2):41.758	
O1):-0.758	O2):35.883	
O1):-0.837	O2):46.754	
O1):-0.826	O2):52.712	
O1):-0.795	O2):38.408	
O1):-0.852	O2):48.883	
O1):-0.819	O2):42.668	
O1):-0.746	O2):35.628	
O1):-0.83	O2):43.53	
O1):-0.757	O2):39.093	
O1):-0.853	O2):50.31	
O1):-0.851	O2):49.536	
O1):-0.801	O2):41.843	
O1):-0.85	O2):49.362	
O1):-0.859	O2):53.339	
O1):-0.789	O2):37.883	
O1):-0.743	O2):35.143	
O1):-0.749	O2):35.47	
O1):-0.845	O2):48.254	
O1):-0.801	O2):39.949	
O1):-0.785	O2):37.145	
Evaluations:	3500
O1):-0.747	O2):35.624	
O1):-0.828	O2):43.748	
O1):-0.863	O2):54.288	
O1):-0.817	O2):41.713	
O1):-0.851	O2):52.478	
O1):-0.852	O2):54.455	
Evaluations:	3600
O1):-0.741	O2):34.759	
O1):-0.733	O2):32.017	
O1):-0.778	O2):36.205	
O1):-0.852	O2):53.965	
O1):-0.819	O2):43.152	
O1):-0.826	O2):43.079	
O1):-0.801	O2):38.78	
Starting PrismExecutor worker 3 on port 11463
O1):-0.82	O2):42.707	
O1):-0.773	O2):38.631	
O1):-0.748	O2):33.569	
O1):-0.834	O2):46.064	
Connected worker 3 to port 11463
O1):-0.814	O2):42.575	
O1):-0.816	O2):41.905	
O1):-0.82	O2):42.678	
O1):-0.854	O2):53.223	
O1):-0.78	O2):38.409	
O1):-0.772	O2):36.623	
O1):-0.805	O2):41.782	
O1):-0.746	O2):33.306	
O1):-0.782	O2):36.247	
O1):-0.803	O2):42.978	
O1):-0.861	O2):59.886	
O1):-0.785	O2):40.298	
O1):-0.801	O2):41.548	
O1):-0.791	O2):37.82	
O1):-0.784	O2):38.587	
O1):-0.862	O2):53.968	
O1):-0.743	O2):35.143	
O1):-0.821	O2):43.027	
O1):-0.785	O2):38.025	
O1):-0.818	O2):41.992	
O1):-0.824	O2):42.541	
O1):-0.827	O2):43.251	
O1):-0.881	O2):68.578	
O1):-0.818	O2):42.484	
Evaluations:	3800
O1):-0.82	O2):42.569	
Evaluations:	3100
O1):-0.878	O2):68.829	
O1):-0.859	O2):53.376	
O1):-0.853	O2):48.9	
O1):-0.833	O2):43.642	
O1):-0.853	O2):53.196	
O1):-0.793	O2):43.739	
O1):-0.742	O2):34.9	
O1):-0.836	O2):44.21	
O1):-0.845	O2):48.259	
O1):-0.708	O2):31.619	
O1):-0.862	O2):54.07	
O1):-0.871	O2):59.368	
O1):-0.803	O2):38.534	
O1):-0.844	O2):49.026	
O1):-0.814	O2):43.285	
O1):-0.85	O2):48.329	
O1):-0.826	O2):44.492	
O1):-0.726	O2):31.058	
O1):-0.843	O2):47.791	
O1):-0.795	O2):38.406	
O1):-0.777	O2):40.414	
O1):-0.76	O2):36.075	
O1):-0.818	O2):41.781	
O1):-0.779	O2):37.692	
O1):-0.845	O2):49.476	
O1):-0.725	O2):31.531	
O1):-0.834	O2):46.063	
O1):-0.85	O2):53.843	
O1):-0.881	O2):68.578	
O1):-0.854	O2):54.505	
O1):-0.853	O2):53.127	
O1):-0.84	O2):48.114	
O1):-0.741	O2):34.774	
O1):-0.765	O2):37.975	
O1):-0.834	O2):46.071	
O1):-0.81	O2):39.562	
O1):-0.728	O2):32.435	
O1):-0.756	O2):37.026	
O1):-0.83	O2):43.82	
O1):-0.824	O2):42.388	
O1):-0.78	O2):36.393	
O1):-0.871	O2):59.507	
O1):-0.871	O2):63.979	
O1):-0.762	O2):36.221	
O1):-0.868	O2):58.679	
O1):-0.741	O2):34.763	
O1):-0.86	O2):53.769	
O1):-0.801	O2):38.78	
O1):-0.818	O2):41.815	
O1):-0.853	O2):48.903	
O1):-0.793	O2):38.153	
O1):-0.828	O2):43.426	
O1):-0.751	O2):34.34	
O1):-0.844	O2):48.099	
Starting PrismExecutor worker 0 on port 11460
O1):-0.801	O2):38.029	
O1):-0.869	O2):58.735	
Connected worker 0 to port 11460
O1):-0.836	O2):44.21	
O1):-0.817	O2):41.53	
O1):-0.781	O2):37.632	
O1):-0.842	O2):48.508	
O1):-0.807	O2):42.366	
O1):-0.807	O2):42.953	
O1):-0.743	O2):35.135	
O1):-0.776	O2):35.675	
O1):-0.818	O2):42.918	
O1):-0.832	O2):43.367	
O1):-0.748	O2):35.349	
O1):-0.87	O2):58.909	
Evaluations:	2900
O1):-0.828	O2):43.426	
O1):-0.838	O2):47.466	
O1):-0.871	O2):59.243	
O1):-0.84	O2):48.114	
O1):-0.819	O2):41.786	
O1):-0.823	O2):50.597	
O1):-0.828	O2):43.425	
O1):-0.782	O2):37.952	
O1):-0.872	O2):69.019	
O1):-0.838	O2):47.466	
O1):-0.834	O2):43.924	
O1):-0.819	O2):46.009	
O1):-0.757	O2):36.389	
O1):-0.862	O2):53.77	
O1):-0.821	O2):42.328	
O1):-0.759	O2):37.664	
O1):-0.804	O2):41.533	
O1):-0.837	O2):47.294	
O1):-0.784	O2):38.641	
O1):-0.764	O2):37.644	
O1):-0.764	O2):36.393	
O1):-0.814	O2):42.613	
O1):-0.726	O2):32.41	
O1):-0.817	O2):41.53	
O1):-0.83	O2):44.037	
O1):-0.859	O2):54.204	
O1):-0.85	O2):48.329	
O1):-0.797	O2):41.831	
O1):-0.853	O2):53.058	
O1):-0.825	O2):44.626	
O1):-0.808	O2):42.558	
O1):-0.812	O2):42.112	
O1):-0.871	O2):63.978	
O1):-0.809	O2):45.511	
O1):-0.77	O2):37.526	
O1):-0.78	O2):37.471	
O1):-0.821	O2):42.795	
O1):-0.847	O2):49.605	
O1):-0.844	O2):49.015	
O1):-0.801	O2):41.548	
O1):-0.763	O2):36.062	
O1):-0.781	O2):38.94	
O1):-0.747	O2):33.462	
O1):-0.871	O2):59.368	
O1):-0.786	O2):38.345	
O1):-0.827	O2):43.251	
O1):-0.833	O2):50.136	
O1):-0.824	O2):42.389	
O1):-0.835	O2):46.356	
O1):-0.861	O2):53.784	
O1):-0.795	O2):44.124	
O1):-0.805	O2):38.801	
O1):-0.863	O2):54.433	
O1):-0.843	O2):47.695	
O1):-0.744	O2):33.89	
Evaluations:	3300
O1):-0.826	O2):43.23	
O1):-0.837	O2):44.283	
O1):-0.835	O2):44.059	
O1):-0.829	O2):43.227	
O1):-0.795	O2):40.63	
O1):-0.806	O2):40.383	
O1):-0.862	O2):53.928	
O1):-0.764	O2):34.547	
O1):-0.817	O2):41.53	
O1):-0.743	O2):35.143	
O1):-0.825	O2):42.873	
O1):-0.845	O2):49.102	
Starting PrismExecutor worker 4 on port 11444
O1):-0.808	O2):39.085	
Connected worker 4 to port 11444
O1):-0.818	O2):42.918	
O1):-0.749	O2):36.056	
O1):-0.821	O2):43.728	
O1):-0.828	O2):43.562	
O1):-0.799	O2):39.183	
O1):-0.862	O2):58.304	
O1):-0.834	O2):43.738	
O1):-0.785	O2):40.453	
O1):-0.818	O2):49.782	
O1):-0.843	O2):48.966	
O1):-0.751	O2):34.34	
O1):-0.832	O2):43.351	
O1):-0.853	O2):53.196	
O1):-0.828	O2):48.402	
O1):-0.853	O2):48.898	
O1):-0.772	O2):40.643	
O1):-0.788	O2):38.652	
O1):-0.828	O2):43.426	
O1):-0.74	O2):34.56	
O1):-0.872	O2):63.692	
O1):-0.773	O2):38.273	
O1):-0.803	O2):38.534	
O1):-0.825	O2):44.626	
O1):-0.792	O2):38.045	
O1):-0.767	O2):36.829	
O1):-0.803	O2):41.521	
O1):-0.817	O2):41.536	
O1):-0.845	O2):47.785	
O1):-0.842	O2):47.212	
O1):-0.823	O2):44.414	
O1):-0.744	O2):33.889	
O1):-0.843	O2):48.707	
O1):-0.818	O2):42.918	
O1):-0.77	O2):37.526	
O1):-0.859	O2):53.244	
O1):-0.806	O2):42.612	
O1):-0.802	O2):38.142	
O1):-0.778	O2):37.479	
O1):-0.731	O2):31.441	
O1):-0.808	O2):39.085	
O1):-0.845	O2):48.002	
O1):-0.833	O2):44.735	
O1):-0.831	O2):44.104	
O1):-0.854	O2):49.251	
O1):-0.821	O2):44.085	
O1):-0.76	O2):36.238	
O1):-0.801	O2):38.039	
O1):-0.748	O2):35.643	
O1):-0.825	O2):42.871	
O1):-0.745	O2):32.766	
O1):-0.785	O2):38.269	
O1):-0.862	O2):53.968	
O1):-0.826	O2):43.079	
O1):-0.788	O2):41.42	
O1):-0.834	O2):43.859	
O1):-0.835	O2):46.344	
O1):-0.821	O2):42.785	
O1):-0.834	O2):46.07	
O1):-0.87	O2):62.527	
O1):-0.819	O2):42.438	
O1):-0.825	O2):44.626	
O1):-0.818	O2):42.159	
O1):-0.869	O2):58.735	
O1):-0.821	O2):42.328	
O1):-0.871	O2):63.978	
O1):-0.834	O2):46.063	
O1):-0.795	O2):44.23	
O1):-0.828	O2):43.426	
O1):-0.808	O2):39.085	
O1):-0.724	O2):31.238	
O1):-0.829	O2):45.283	
O1):-0.726	O2):31.058	
O1):-0.825	O2):43.302	
O1):-0.803	O2):41.413	
O1):-0.871	O2):59.243	
O1):-0.801	O2):41.548	
O1):-0.748	O2):33.538	
O1):-0.76	O2):37.937	
O1):-0.741	O2):34.758	
O1):-0.828	O2):43.426	
O1):-0.766	O2):37.122	
O1):-0.871	O2):59.368	
O1):-0.852	O2):48.904	
O1):-0.815	O2):43.569	
O1):-0.861	O2):53.837	
O1):-0.853	O2):48.898	
O1):-0.862	O2):58.305	
O1):-0.831	O2):44.119	
O1):-0.827	O2):43.103	
O1):-0.835	O2):48.086	
O1):-0.808	O2):42.987	
O1):-0.869	O2):58.736	
Starting PrismExecutor worker 2 on port 11462
O1):-0.847	O2):48.687	
O1):-0.853	O2):53.127	
O1):-0.832	O2):43.35	
Connected worker 2 to port 11462
O1):-0.842	O2):49.494	
O1):-0.844	O2):47.806	
O1):-0.821	O2):42.328	
O1):-0.787	O2):37.8	
O1):-0.863	O2):54.232	
O1):-0.835	O2):46.2	
O1):-0.81	O2):42.024	
O1):-0.804	O2):38.559	
O1):-0.712	O2):30.602	
O1):-0.881	O2):68.578	
O1):-0.869	O2):58.738	
O1):-0.837	O2):46.619	
O1):-0.798	O2):39.057	
O1):-0.793	O2):38.145	
O1):-0.854	O2):53.223	
O1):-0.867	O2):58.615	
O1):-0.786	O2):38.345	
O1):-0.749	O2):36.056	
O1):-0.851	O2):53.721	
O1):-0.851	O2):48.542	
O1):-0.803	O2):41.59	
O1):-0.863	O2):54.266	
O1):-0.823	O2):42.387	
O1):-0.879	O2):64.756	
O1):-0.862	O2):53.917	
O1):-0.785	O2):37.175	
O1):-0.87	O2):58.909	
O1):-0.862	O2):59.833	
O1):-0.811	O2):54.268	
O1):-0.86	O2):53.536	
O1):-0.851	O2):52.481	
O1):-0.722	O2):33.09	
O1):-0.748	O2):35.643	
O1):-0.817	O2):41.53	
O1):-0.781	O2):39.231	
O1):-0.862	O2):53.97	
O1):-0.871	O2):59.243	
O1):-0.871	O2):59.579	
O1):-0.87	O2):59.506	
O1):-0.745	O2):33.23	
O1):-0.872	O2):62.991	
O1):-0.837	O2):46.754	
O1):-0.828	O2):46.417	
Evaluations:	3500
O1):-0.726	O2):31.612	
O1):-0.808	O2):39.085	
O1):-0.779	O2):36.368	
O1):-0.801	O2):38.004	
O1):-0.82	O2):42.569	
O1):-0.82	O2):43.027	
O1):-0.788	O2):38.652	
O1):-0.781	O2):38.949	
O1):-0.834	O2):46.063	
O1):-0.844	O2):47.806	
O1):-0.763	O2):36.368	
O1):-0.78	O2):37.709	
O1):-0.817	O2):41.53	
O1):-0.823	O2):42.387	
O1):-0.882	O2):78.571	
O1):-0.787	O2):40.819	
O1):-0.793	O2):38.153	
O1):-0.779	O2):37.414	
O1):-0.747	O2):35.634	
O1):-0.834	O2):43.859	
O1):-0.74	O2):36.047	
O1):-0.785	O2):37.175	
O1):-0.743	O2):35.34	
O1):-0.836	O2):44.148	
O1):-0.867	O2):58.615	
O1):-0.791	O2):37.82	
O1):-0.818	O2):42.199	
O1):-0.797	O2):44.55	
O1):-0.827	O2):43.417	
O1):-0.841	O2):47.267	
O1):-0.785	O2):38.025	
O1):-0.827	O2):43.251	
O1):-0.844	O2):48.901	
O1):-0.827	O2):43.103	
Starting PrismExecutor worker 5 on port 11445
Starting PrismExecutor worker 4 on port 11424
O1):-0.843	O2):48.707	
O1):-0.852	O2):48.885	
Connected worker 5 to port 11445
Connected worker 4 to port 11424
O1):-0.882	O2):78.571	
O1):-0.732	O2):31.612	
O1):-0.773	O2):38.066	
O1):-0.822	O2):43.314	
O1):-0.872	O2):68.232	
O1):-0.872	O2):68.232	
O1):-0.829	O2):43.558	
O1):-0.799	O2):41.07	
O1):-0.864	O2):59.271	
O1):-0.853	O2):53.198	
O1):-0.845	O2):48.254	
O1):-0.746	O2):33.342	
O1):-0.823	O2):42.987	
O1):-0.712	O2):30.602	
O1):-0.853	O2):48.903	
O1):-0.833	O2):47.879	
O1):-0.819	O2):43.115	
O1):-0.843	O2):47.796	
O1):-0.714	O2):32.068	
O1):-0.851	O2):52.478	
O1):-0.8	O2):48.352	
O1):-0.821	O2):42.785	
O1):-0.778	O2):36.249	
O1):-0.805	O2):41.782	
O1):-0.837	O2):47.294	
O1):-0.87	O2):59.082	
O1):-0.778	O2):36.249	
O1):-0.802	O2):38.061	
O1):-0.851	O2):48.687	
O1):-0.832	O2):43.35	
O1):-0.825	O2):48.495	
O1):-0.88	O2):65.116	
O1):-0.793	O2):40.129	
O1):-0.792	O2):38.045	
O1):-0.731	O2):31.531	
O1):-0.838	O2):47.466	
O1):-0.861	O2):53.845	
O1):-0.847	O2):49.602	
O1):-0.854	O2):58.275	
O1):-0.817	O2):42.194	
O1):-0.747	O2):33.462	
O1):-0.779	O2):36.368	
O1):-0.803	O2):38.581	
O1):-0.76	O2):36.238	
O1):-0.775	O2):36.934	
O1):-0.869	O2):58.767	
O1):-0.824	O2):42.389	
O1):-0.787	O2):38.359	
O1):-0.861	O2):53.912	
O1):-0.798	O2):37.964	
O1):-0.825	O2):43.305	
O1):-0.862	O2):53.928	
O1):-0.878	O2):64.26	
O1):-0.779	O2):39.632	
O1):-0.872	O2):68.232	
O1):-0.847	O2):48.687	
O1):-0.741	O2):34.759	
O1):-0.828	O2):45.416	
O1):-0.793	O2):38.276	
O1):-0.755	O2):36.14	
O1):-0.726	O2):32.41	
O1):-0.836	O2):44.204	
O1):-0.818	O2):41.815	
O1):-0.825	O2):43.302	
O1):-0.772	O2):36.623	
O1):-0.82	O2):42.459	
O1):-0.817	O2):41.884	
O1):-0.805	O2):38.873	
O1):-0.788	O2):39.419	
O1):-0.78	O2):39.868	
O1):-0.821	O2):43.448	
O1):-0.832	O2):43.35	
O1):-0.853	O2):50.31	
O1):-0.817	O2):42.015	
O1):-0.798	O2):39.056	
O1):-0.795	O2):44.143	
O1):-0.847	O2):49.602	
O1):-0.795	O2):38.406	
O1):-0.793	O2):38.126	
O1):-0.843	O2):47.696	
O1):-0.83	O2):43.515	
O1):-0.818	O2):42.159	
O1):-0.83	O2):43.817	
O1):-0.802	O2):40.067	
O1):-0.786	O2):37.355	
O1):-0.851	O2):52.691	
O1):-0.778	O2):37.118	
O1):-0.841	O2):48.407	
O1):-0.785	O2):36.758	
O1):-0.818	O2):42.159	
O1):-0.7	O2):30.913	
O1):-0.847	O2):48.687	
O1):-0.859	O2):53.392	
O1):-0.746	O2):33.342	
O1):-0.853	O2):49.106	
O1):-0.743	O2):35.038	
O1):-0.819	O2):42.438	
O1):-0.772	O2):35.631	
O1):-0.843	O2):47.75	
O1):-0.798	O2):43.193	
O1):-0.867	O2):58.615	
O1):-0.791	O2):37.98	
O1):-0.87	O2):59.082	
O1):-0.853	O2):53.058	
O1):-0.818	O2):47.535	
O1):-0.819	O2):42.438	
O1):-0.837	O2):46.754	
O1):-0.837	O2):44.433	
O1):-0.878	O2):64.227	
O1):-0.82	O2):45.195	
O1):-0.803	O2):38.537	
O1):-0.791	O2):37.82	
O1):-0.764	O2):36.236	
O1):-0.802	O2):38.06	
O1):-0.728	O2):31.308	
O1):-0.825	O2):42.873	
O1):-0.827	O2):43.251	
O1):-0.841	O2):47.812	
O1):-0.794	O2):38.28	
O1):-0.778	O2):36.397	
O1):-0.804	O2):38.581	
O1):-0.773	O2):38.537	
O1):-0.828	O2):43.611	
O1):-0.837	O2):44.433	
O1):-0.86	O2):53.769	
O1):-0.785	O2):38.025	
O1):-0.749	O2):36.056	
O1):-0.78	O2):37.471	
O1):-0.827	O2):43.237	
O1):-0.802	O2):44.725	
O1):-0.819	O2):43.428	
O1):-0.832	O2):44.634	
O1):-0.844	O2):49.211	
O1):-0.766	O2):37.122	
O1):-0.846	O2):48.745	
O1):-0.836	O2):45.333	
O1):-0.852	O2):48.882	
O1):-0.871	O2):59.58	
O1):-0.746	O2):33.306	
O1):-0.851	O2):52.618	
O1):-0.871	O2):59.579	
O1):-0.827	O2):45.109	
O1):-0.781	O2):44.86	
O1):-0.871	O2):59.507	
O1):-0.776	O2):35.832	
O1):-0.829	O2):43.781	
O1):-0.837	O2):45.642	
O1):-0.782	O2):39.175	
O1):-0.708	O2):31.619	
O1):-0.826	O2):43.079	
O1):-0.846	O2):48.38	
O1):-0.778	O2):36.084	
O1):-0.798	O2):38.978	
O1):-0.816	O2):42.669	
O1):-0.812	O2):39.341	
O1):-0.815	O2):43.613	
O1):-0.837	O2):46.754	
O1):-0.835	O2):44.14	
O1):-0.821	O2):43.448	
O1):-0.807	O2):42.349	
O1):-0.798	O2):37.964	
O1):-0.879	O2):68.974	
O1):-0.744	O2):33.897	
O1):-0.764	O2):34.552	
O1):-0.749	O2):36.056	
O1):-0.84	O2):48.114	
O1):-0.778	O2):37.359	
O1):-0.8	O2):37.758	
O1):-0.808	O2):43.244	
O1):-0.785	O2):36.758	
O1):-0.745	O2):32.858	
O1):-0.818	O2):42.436	
O1):-0.746	O2):33.342	
Starting PrismExecutor worker 1 on port 11451
O1):-0.842	O2):47.212	
O1):-0.82	O2):42.076	
O1):-0.834	O2):48.046	
O1):-0.828	O2):43.434	
Connected worker 1 to port 11451
O1):-0.837	O2):45.639	
O1):-0.74	O2):32.79	
O1):-0.801	O2):38.004	
O1):-0.745	O2):32.766	
O1):-0.778	O2):37.215	
O1):-0.846	O2):48.214	
Evaluations:	3600
O1):-0.843	O2):47.695	
O1):-0.747	O2):33.446	
O1):-0.787	O2):40.819	
O1):-0.777	O2):35.924	
O1):-0.817	O2):41.53	
O1):-0.714	O2):32.079	
O1):-0.802	O2):38.061	
O1):-0.798	O2):37.963	
O1):-0.845	O2):49.469	
O1):-0.868	O2):63.371	
O1):-0.863	O2):54.285	
O1):-0.818	O2):42.311	
O1):-0.862	O2):53.913	
O1):-0.834	O2):43.859	
O1):-0.86	O2):53.536	
O1):-0.837	O2):47.294	
O1):-0.842	O2):48.507	
O1):-0.847	O2):48.675	
O1):-0.837	O2):44.434	
O1):-0.818	O2):42.311	
O1):-0.807	O2):42.953	
O1):-0.862	O2):54.1	
O1):-0.871	O2):63.978	
O1):-0.845	O2):47.92	
O1):-0.747	O2):35.632	
O1):-0.802	O2):38.06	
O1):-0.862	O2):54.099	
O1):-0.818	O2):42.311	
O1):-0.828	O2):43.434	
O1):-0.835	O2):44.125	
O1):-0.733	O2):32.017	
O1):-0.673	O2):26.804	
O1):-0.83	O2):45.594	
O1):-0.871	O2):59.368	
O1):-0.835	O2):43.873	
O1):-0.757	O2):36.389	
O1):-0.819	O2):42.038	
O1):-0.817	O2):41.536	
O1):-0.827	O2):42.963	
O1):-0.751	O2):34.34	
O1):-0.819	O2):42.038	
O1):-0.764	O2):34.555	
O1):-0.748	O2):35.745	
O1):-0.75	O2):35.585	
O1):-0.851	O2):48.542	
O1):-0.77	O2):37.471	
O1):-0.821	O2):42.788	
O1):-0.789	O2):37.883	
O1):-0.818	O2):42.619	
O1):-0.791	O2):37.82	
O1):-0.763	O2):36.461	
O1):-0.834	O2):43.859	
O1):-0.743	O2):33.604	
O1):-0.773	O2):38.537	
O1):-0.868	O2):58.594	
O1):-0.837	O2):47.16	
O1):-0.816	O2):42.669	
O1):-0.829	O2):43.685	
O1):-0.758	O2):35.883	
O1):-0.87	O2):59.082	
O1):-0.822	O2):43.314	
O1):-0.786	O2):38.345	
O1):-0.803	O2):41.375	
O1):-0.785	O2):37.175	
O1):-0.87	O2):63.067	
O1):-0.822	O2):44.11	
O1):-0.87	O2):58.907	
O1):-0.853	O2):48.9	
O1):-0.746	O2):35.628	
O1):-0.841	O2):48.4	
O1):-0.853	O2):48.904	
O1):-0.826	O2):43.004	
O1):-0.801	O2):41.548	
O1):-0.824	O2):46.879	
O1):-0.7	O2):30.905	
O1):-0.745	O2):32.766	
O1):-0.838	O2):47.466	
O1):-0.847	O2):54.44	
O1):-0.763	O2):36.688	
Starting PrismExecutor worker 2 on port 11432
O1):-0.829	O2):45.341	
O1):-0.86	O2):53.42	
Connected worker 2 to port 11432
O1):-0.747	O2):33.462	
O1):-0.779	O2):39.309	
O1):-0.841	O2):47.812	
O1):-0.821	O2):42.789	
O1):-0.868	O2):58.594	
O1):-0.673	O2):26.804	
O1):-0.847	O2):48.687	
O1):-0.863	O2):59.135	
O1):-0.822	O2):42.885	
O1):-0.705	O2):31.354	
O1):-0.862	O2):53.968	
O1):-0.83	O2):43.823	
O1):-0.826	O2):43.134	
O1):-0.779	O2):37.692	
O1):-0.881	O2):68.578	
O1):-0.765	O2):36.548	
O1):-0.833	O2):43.626	
O1):-0.747	O2):33.462	
O1):-0.844	O2):48.963	
O1):-0.855	O2):49.561	
O1):-0.845	O2):49.09	
O1):-0.748	O2):35.745	
O1):-0.791	O2):38.413	
O1):-0.831	O2):44.104	
O1):-0.817	O2):41.871	
O1):-0.869	O2):58.745	
O1):-0.785	O2):38.887	
O1):-0.863	O2):54.302	
O1):-0.862	O2):54.07	
O1):-0.814	O2):43.286	
O1):-0.819	O2):42.313	
O1):-0.817	O2):41.535	
O1):-0.763	O2):36.688	
O1):-0.843	O2):47.75	
O1):-0.852	O2):49.777	
O1):-0.78	O2):36.393	
O1):-0.766	O2):36.582	
O1):-0.787	O2):37.8	
O1):-0.83	O2):43.823	
O1):-0.853	O2):48.898	
O1):-0.8	O2):38.492	
O1):-0.818	O2):42.437	
O1):-0.834	O2):43.872	
O1):-0.794	O2):38.28	
O1):-0.853	O2):53.197	
O1):-0.86	O2):53.769	
O1):-0.846	O2):49.411	
O1):-0.821	O2):42.795	
O1):-0.869	O2):58.745	
O1):-0.837	O2):48.755	
O1):-0.814	O2):42.575	
O1):-0.812	O2):39.849	
O1):-0.878	O2):68.829	
O1):-0.802	O2):38.134	
O1):-0.828	O2):43.434	
O1):-0.806	O2):42.543	
O1):-0.87	O2):63.07	
O1):-0.862	O2):59.627	
O1):-0.853	O2):54.809	
O1):-0.814	O2):42.575	
O1):-0.863	O2):54.302	
O1):-0.779	O2):40.903	
O1):-0.789	O2):37.883	
O1):-0.845	O2):48.249	
O1):-0.854	O2):53.431	
O1):-0.869	O2):58.767	
O1):-0.85	O2):49.362	
O1):-0.758	O2):35.634	
O1):-0.78	O2):37.709	
O1):-0.836	O2):46.952	
O1):-0.863	O2):54.412	
O1):-0.879	O2):68.974	
O1):-0.843	O2):47.791	
O1):-0.86	O2):53.42	
O1):-0.786	O2):40.575	
O1):-0.826	O2):43.079	
O1):-0.879	O2):68.974	
O1):-0.868	O2):58.679	
O1):-0.854	O2):53.431	
O1):-0.832	O2):49.889	
O1):-0.779	O2):36.337	
O1):-0.778	O2):36.084	
O1):-0.837	O2):45.642	
O1):-0.757	O2):35.624	
O1):-0.88	O2):64.724	
O1):-0.756	O2):34.125	
O1):-0.863	O2):58.996	
O1):-0.804	O2):38.591	
O1):-0.878	O2):68.829	
Starting PrismExecutor worker 4 on port 11494
O1):-0.841	O2):47.247	
O1):-0.804	O2):38.591	
O1):-0.826	O2):44.992	
O1):-0.757	O2):35.786	
O1):-0.868	O2):58.661	
Connected worker 4 to port 11494
O1):-0.843	O2):47.75	
O1):-0.835	O2):45.083	
O1):-0.819	O2):42.622	
O1):-0.805	O2):38.873	
O1):-0.818	O2):41.781	
O1):-0.826	O2):42.985	
O1):-0.785	O2):40.298	
O1):-0.731	O2):31.441	
O1):-0.802	O2):40.067	
O1):-0.823	O2):42.409	
O1):-0.827	O2):43.251	
O1):-0.859	O2):53.277	
O1):-0.843	O2):47.791	
O1):-0.835	O2):46.2	
O1):-0.818	O2):42.311	
O1):-0.872	O2):68.232	
O1):-0.827	O2):43.237	
O1):-0.863	O2):54.232	
O1):-0.868	O2):58.679	
O1):-0.751	O2):34.242	
O1):-0.845	O2):47.958	
O1):-0.837	O2):45.642	
O1):-0.814	O2):42.616	
O1):-0.787	O2):40.82	
O1):-0.853	O2):54.739	
O1):-0.779	O2):37.692	
O1):-0.817	O2):46.234	
O1):-0.726	O2):32.41	
O1):-0.846	O2):48.214	
O1):-0.88	O2):64.724	
O1):-0.851	O2):52.477	
O1):-0.878	O2):68.829	
O1):-0.785	O2):38.062	
O1):-0.824	O2):43.002	
O1):-0.804	O2):41.533	
O1):-0.832	O2):44.634	
O1):-0.789	O2):37.883	
O1):-0.845	O2):54.5	
O1):-0.814	O2):42.575	
O1):-0.819	O2):42.438	
O1):-0.853	O2):48.898	
O1):-0.816	O2):42.669	
O1):-0.853	O2):50.068	
O1):-0.863	O2):54.266	
O1):-0.819	O2):42.038	
O1):-0.824	O2):42.656	
O1):-0.872	O2):63.692	
O1):-0.85	O2):48.329	
O1):-0.764	O2):36.761	
O1):-0.831	O2):43.4	
O1):-0.752	O2):34.393	
O1):-0.837	O2):45.642	
O1):-0.843	O2):47.696	
O1):-0.844	O2):47.79	
O1):-0.863	O2):54.282	
O1):-0.862	O2):53.968	
O1):-0.819	O2):43.114	
O1):-0.767	O2):37.155	
O1):-0.859	O2):53.343	
O1):-0.801	O2):44.765	
O1):-0.785	O2):38.024	
O1):-0.813	O2):39.578	
O1):-0.758	O2):35.634	
O1):-0.854	O2):49.416	
O1):-0.835	O2):44.125	
O1):-0.845	O2):48.249	
O1):-0.83	O2):43.817	
O1):-0.756	O2):36.262	
O1):-0.828	O2):43.426	
O1):-0.845	O2):49.102	
O1):-0.846	O2):48.385	
O1):-0.817	O2):41.535	
O1):-0.831	O2):44.104	
O1):-0.841	O2):47.247	
O1):-0.796	O2):37.396	
O1):-0.837	O2):45.642	
O1):-0.793	O2):38.129	
O1):-0.824	O2):44.545	
O1):-0.845	O2):54.232	
O1):-0.779	O2):36.472	
O1):-0.862	O2):53.917	
O1):-0.833	O2):43.642	
O1):-0.837	O2):46.618	
O1):-0.845	O2):54.231	
O1):-0.871	O2):63.546	
O1):-0.723	O2):30.768	
O1):-0.827	O2):43.307	
O1):-0.785	O2):38.025	
O1):-0.837	O2):44.444	
Starting PrismExecutor worker 5 on port 11495
O1):-0.817	O2):41.543	
O1):-0.825	O2):51.07	
O1):-0.85	O2):48.338	
O1):-0.759	O2):35.875	
Connected worker 5 to port 11495
O1):-0.819	O2):41.786	
O1):-0.786	O2):37.353	
O1):-0.747	O2):35.624	
O1):-0.818	O2):42.311	
O1):-0.805	O2):41.914	
O1):-0.779	O2):37.692	
O1):-0.827	O2):43.251	
O1):-0.767	O2):36.829	
O1):-0.859	O2):53.244	
O1):-0.85	O2):48.269	
O1):-0.843	O2):47.791	
O1):-0.862	O2):53.911	
O1):-0.742	O2):34.975	
O1):-0.786	O2):39.188	
O1):-0.841	O2):48.399	
O1):-0.78	O2):38.409	
O1):-0.82	O2):42.678	
O1):-0.871	O2):62.666	
O1):-0.829	O2):43.685	
O1):-0.8	O2):41.144	
O1):-0.77	O2):37.526	
O1):-0.733	O2):31.978	
O1):-0.805	O2):38.873	
O1):-0.795	O2):41.463	
O1):-0.863	O2):54.232	
O1):-0.859	O2):54.204	
O1):-0.862	O2):54.163	
O1):-0.805	O2):38.801	
O1):-0.77	O2):37.526	
O1):-0.842	O2):48.538	
O1):-0.799	O2):39.361	
O1):-0.805	O2):42.313	
O1):-0.726	O2):32.41	
O1):-0.705	O2):31.354	
O1):-0.867	O2):58.615	
O1):-0.781	O2):38.949	
O1):-0.826	O2):42.682	
O1):-0.748	O2):33.571	
O1):-0.778	O2):36.267	
O1):-0.801	O2):41.548	
O1):-0.791	O2):38.412	
O1):-0.836	O2):45.459	
O1):-0.833	O2):43.626	
O1):-0.832	O2):44.634	
O1):-0.789	O2):37.883	
O1):-0.673	O2):26.804	
O1):-0.81	O2):39.562	
O1):-0.766	O2):37.936	
O1):-0.785	O2):38.262	
O1):-0.817	O2):45.904	
O1):-0.867	O2):58.615	
O1):-0.787	O2):37.8	
O1):-0.735	O2):31.982	
O1):-0.83	O2):43.515	
O1):-0.837	O2):44.433	
O1):-0.801	O2):38.797	
O1):-0.8	O2):38.492	
O1):-0.834	O2):43.859	
O1):-0.781	O2):37.632	
Evaluations:	3200
O1):-0.78	O2):37.535	
O1):-0.728	O2):31.308	
O1):-0.834	O2):46.07	
O1):-0.841	O2):47.247	
O1):-0.853	O2):49.106	
O1):-0.863	O2):58.994	
O1):-0.785	O2):38.063	
O1):-0.76	O2):36.238	
O1):-0.844	O2):47.806	
O1):-0.822	O2):42.885	
O1):-0.773	O2):38.284	
O1):-0.847	O2):48.674	
O1):-0.867	O2):58.615	
O1):-0.851	O2):49.536	
O1):-0.853	O2):60.076	
O1):-0.799	O2):39.189	
O1):-0.746	O2):35.628	
O1):-0.77	O2):37.526	
O1):-0.781	O2):36.519	
O1):-0.746	O2):33.342	
O1):-0.705	O2):31.354	
O1):-0.826	O2):42.801	
O1):-0.852	O2):48.882	
O1):-0.853	O2):49.106	
O1):-0.862	O2):53.917	
O1):-0.862	O2):59.623	
O1):-0.787	O2):37.8	
O1):-0.802	O2):38.06	
Evaluations:	3700
O1):-0.872	O2):68.33	
O1):-0.732	O2):31.815	
O1):-0.809	O2):44.823	
O1):-0.818	O2):42.311	
O1):-0.872	O2):68.232	
O1):-0.85	O2):48.338	
Starting PrismExecutor worker 5 on port 11465
O1):-0.708	O2):31.619	
Connected worker 5 to port 11465
Evaluations:	3600
O1):-0.854	O2):53.223	
O1):-0.771	O2):38.107	
O1):-0.837	O2):46.754	
Evaluations:	3900
O1):-0.756	O2):36.262	
O1):-0.779	O2):36.472	
O1):-0.837	O2):45.642	
O1):-0.781	O2):38.941	
O1):-0.824	O2):43.26	
O1):-0.83	O2):44.037	
O1):-0.83	O2):44.037	
O1):-0.787	O2):40.819	
O1):-0.84	O2):48.114	
Evaluations:	3700
O1):-0.81	O2):39.562	
O1):-0.802	O2):38.29	
O1):-0.743	O2):35.172	
O1):-0.784	O2):40.105	
O1):-0.852	O2):49.777	
O1):-0.818	O2):42.159	
O1):-0.802	O2):41.742	
O1):-0.826	O2):42.986	
O1):-0.844	O2):47.823	
O1):-0.712	O2):30.602	
O1):-0.712	O2):31.868	
O1):-0.833	O2):43.599	
O1):-0.838	O2):48.576	
O1):-0.846	O2):48.381	
O1):-0.872	O2):68.232	
O1):-0.862	O2):53.917	
O1):-0.827	O2):43.251	
O1):-0.814	O2):42.613	
O1):-0.708	O2):31.619	
O1):-0.833	O2):43.626	
O1):-0.746	O2):33.342	
O1):-0.802	O2):38.212	
O1):-0.802	O2):38.212	
O1):-0.827	O2):42.963	
O1):-0.835	O2):45.083	
O1):-0.86	O2):53.42	
O1):-0.753	O2):34.478	
O1):-0.75	O2):36.382	
O1):-0.712	O2):30.601	
O1):-0.734	O2):33.412	
O1):-0.861	O2):53.845	
O1):-0.81	O2):42.024	
O1):-0.748	O2):33.569	
O1):-0.845	O2):47.921	
O1):-0.824	O2):42.656	
O1):-0.723	O2):30.769	
O1):-0.763	O2):36.316	
O1):-0.795	O2):38.483	
O1):-0.835	O2):44.138	
O1):-0.837	O2):46.618	
O1):-0.818	O2):42.311	
O1):-0.778	O2):36.077	
O1):-0.86	O2):53.42	
O1):-0.728	O2):32.435	
O1):-0.812	O2):42.112	
O1):-0.795	O2):38.406	
O1):-0.787	O2):37.801	
O1):-0.867	O2):58.615	
O1):-0.777	O2):36.091	
O1):-0.812	O2):42.342	
O1):-0.787	O2):38.42	
O1):-0.825	O2):44.626	
O1):-0.779	O2):37.414	
O1):-0.832	O2):44.634	
O1):-0.804	O2):41.539	
O1):-0.763	O2):36.368	
O1):-0.827	O2):43.768	
O1):-0.784	O2):40.506	
O1):-0.829	O2):44.924	
O1):-0.83	O2):44.037	
O1):-0.852	O2):48.846	
Starting PrismExecutor worker 0 on port 11410
O1):-0.778	O2):37.215	
O1):-0.803	O2):38.534	
Connected worker 0 to port 11410
O1):-0.83	O2):44.037	
O1):-0.819	O2):42.668	
O1):-0.88	O2):64.724	
O1):-0.8	O2):38.492	
O1):-0.817	O2):42.03	
O1):-0.871	O2):59.583	
O1):-0.778	O2):38.362	
O1):-0.765	O2):36.547	
O1):-0.823	O2):42.987	
O1):-0.763	O2):40.477	
O1):-0.852	O2):49.777	
O1):-0.803	O2):38.534	
O1):-0.869	O2):58.767	
O1):-0.871	O2):59.243	
O1):-0.763	O2):36.062	
O1):-0.843	O2):47.791	
O1):-0.812	O2):42.112	
O1):-0.87	O2):58.907	
O1):-0.75	O2):36.382	
O1):-0.837	O2):44.285	
O1):-0.838	O2):47.156	
O1):-0.842	O2):48.572	
O1):-0.746	O2):33.342	
O1):-0.843	O2):47.361	
O1):-0.793	O2):40.459	
O1):-0.846	O2):48.214	
O1):-0.872	O2):68.232	
O1):-0.804	O2):38.591	
O1):-0.861	O2):53.688	
O1):-0.734	O2):31.986	
O1):-0.745	O2):32.766	
O1):-0.833	O2):43.626	
O1):-0.806	O2):42.527	
O1):-0.78	O2):37.828	
O1):-0.781	O2):37.834	
O1):-0.74	O2):32.806	
O1):-0.836	O2):44.187	
O1):-0.837	O2):46.754	
O1):-0.845	O2):48.249	
O1):-0.824	O2):42.541	
O1):-0.777	O2):36.044	
O1):-0.801	O2):38.004	
O1):-0.862	O2):54.099	
O1):-0.818	O2):42.311	
O1):-0.764	O2):34.557	
O1):-0.828	O2):43.747	
O1):-0.823	O2):44.223	
O1):-0.757	O2):35.624	
O1):-0.836	O2):48.416	
O1):-0.744	O2):33.889	
O1):-0.795	O2):38.406	
O1):-0.867	O2):58.615	
O1):-0.838	O2):47.504	
O1):-0.805	O2):38.873	
O1):-0.835	O2):43.873	
O1):-0.862	O2):54.143	
O1):-0.852	O2):54.059	
O1):-0.862	O2):53.986	
O1):-0.853	O2):50.068	
O1):-0.819	O2):42.273	
O1):-0.859	O2):53.343	
O1):-0.8	O2):38.492	
O1):-0.78	O2):40.743	
O1):-0.853	O2):48.9	
O1):-0.835	O2):64.245	
O1):-0.872	O2):64.052	
O1):-0.785	O2):40.298	
O1):-0.746	O2):33.306	
O1):-0.734	O2):31.751	
O1):-0.814	O2):43.285	
O1):-0.805	O2):38.801	
O1):-0.861	O2):53.845	
O1):-0.872	O2):68.232	
O1):-0.766	O2):37.116	
O1):-0.814	O2):42.575	
O1):-0.759	O2):35.57	
O1):-0.804	O2):41.78	
O1):-0.829	O2):43.461	
O1):-0.868	O2):58.679	
O1):-0.785	O2):40.459	
O1):-0.837	O2):44.433	
O1):-0.799	O2):41.045	
O1):-0.791	O2):37.98	
O1):-0.819	O2):42.39	
O1):-0.818	O2):42.484	
O1):-0.806	O2):42.543	
O1):-0.812	O2):39.341	
Starting PrismExecutor worker 2 on port 11442
O1):-0.723	O2):30.751	
O1):-0.808	O2):39.085	
O1):-0.787	O2):37.8	
Connected worker 2 to port 11442
O1):-0.785	O2):36.758	
O1):-0.798	O2):39.056	
O1):-0.863	O2):54.266	
O1):-0.845	O2):49.102	
O1):-0.842	O2):47.212	
O1):-0.828	O2):45.005	
O1):-0.841	O2):48.297	
O1):-0.818	O2):42.146	
O1):-0.708	O2):31.619	
O1):-0.871	O2):59.58	
O1):-0.785	O2):38.062	
O1):-0.853	O2):53.417	
O1):-0.821	O2):42.328	
O1):-0.852	O2):54.037	
O1):-0.791	O2):38.412	
O1):-0.817	O2):41.713	
O1):-0.764	O2):36.76	
O1):-0.756	O2):34.125	
O1):-0.82	O2):42.248	
O1):-0.776	O2):36.9	
O1):-0.869	O2):58.736	
O1):-0.782	O2):36.247	
O1):-0.846	O2):48.519	
O1):-0.817	O2):43.876	
O1):-0.854	O2):53.934	
O1):-0.828	O2):43.24	
O1):-0.766	O2):36.574	
O1):-0.816	O2):42.67	
O1):-0.853	O2):50.068	
O1):-0.788	O2):49.988	
O1):-0.802	O2):38.06	
O1):-0.785	O2):40.298	
O1):-0.787	O2):37.562	
O1):-0.838	O2):47.504	
O1):-0.818	O2):42.918	
O1):-0.795	O2):38.406	
O1):-0.816	O2):41.769	
O1):-0.777	O2):35.924	
O1):-0.818	O2):42.483	
O1):-0.733	O2):31.978	
O1):-0.814	O2):42.575	
O1):-0.793	O2):38.126	
O1):-0.734	O2):35.239	
O1):-0.825	O2):43.302	
O1):-0.838	O2):47.466	
O1):-0.851	O2):49.536	
O1):-0.85	O2):49.362	
O1):-0.823	O2):42.987	
O1):-0.772	O2):35.637	
O1):-0.831	O2):44.104	
O1):-0.844	O2):49.088	
O1):-0.779	O2):37.692	
O1):-0.862	O2):53.968	
O1):-0.832	O2):43.368	
O1):-0.813	O2):44.411	
O1):-0.733	O2):32.029	
O1):-0.845	O2):54.5	
O1):-0.74	O2):34.759	
O1):-0.853	O2):49.106	
O1):-0.732	O2):31.815	
O1):-0.841	O2):49.27	
O1):-0.871	O2):63.552	
O1):-0.785	O2):37.173	
O1):-0.795	O2):44.143	
O1):-0.794	O2):43.689	
O1):-0.824	O2):44.523	
O1):-0.834	O2):46.07	
O1):-0.782	O2):37.989	
O1):-0.803	O2):38.534	
O1):-0.871	O2):63.978	
O1):-0.824	O2):42.388	
O1):-0.802	O2):41.902	
O1):-0.777	O2):37.79	
O1):-0.763	O2):36.062	
O1):-0.757	O2):35.624	
O1):-0.796	O2):44.176	
O1):-0.819	O2):41.992	
O1):-0.778	O2):36.249	
O1):-0.801	O2):38.004	
O1):-0.808	O2):42.593	
O1):-0.834	O2):44.839	
O1):-0.708	O2):31.619	
O1):-0.846	O2):48.214	
O1):-0.726	O2):31.058	
O1):-0.862	O2):53.97	
O1):-0.805	O2):41.782	
O1):-0.786	O2):40.541	
O1):-0.824	O2):42.656	
O1):-0.755	O2):36.14	
O1):-0.742	O2):34.888	
O1):-0.795	O2):38.406	
Starting PrismExecutor worker 4 on port 11464
O1):-0.804	O2):41.539	
O1):-0.796	O2):37.436	
O1):-0.747	O2):33.446	
O1):-0.853	O2):48.898	
Evaluations:	3200
Connected worker 4 to port 11464
O1):-0.827	O2):43.103	
O1):-0.823	O2):44.223	
O1):-0.783	O2):36.684	
O1):-0.862	O2):54.14	
O1):-0.802	O2):41.394	
O1):-0.802	O2):38.907	
O1):-0.802	O2):41.987	
O1):-0.862	O2):53.928	
O1):-0.821	O2):42.564	
O1):-0.836	O2):44.21	
O1):-0.747	O2):33.462	
O1):-0.804	O2):41.477	
O1):-0.794	O2):43.764	
O1):-0.785	O2):38.062	
O1):-0.83	O2):43.817	
O1):-0.808	O2):43.243	
O1):-0.871	O2):63.552	
O1):-0.786	O2):38.353	
O1):-0.764	O2):36.393	
O1):-0.81	O2):39.562	
O1):-0.802	O2):38.907	
O1):-0.851	O2):48.542	
O1):-0.75	O2):35.839	
O1):-0.836	O2):45.333	
O1):-0.872	O2):63.692	
O1):-0.801	O2):39.949	
O1):-0.828	O2):44.323	
O1):-0.772	O2):44.423	
O1):-0.853	O2):54.442	
O1):-0.804	O2):41.477	
O1):-0.761	O2):36.192	
O1):-0.841	O2):47.248	
Evaluations:	3000
O1):-0.828	O2):43.43	
O1):-0.826	O2):42.801	
O1):-0.779	O2):36.337	
O1):-0.854	O2):53.431	
O1):-0.851	O2):52.618	
O1):-0.724	O2):31.238	
O1):-0.805	O2):43.331	
O1):-0.843	O2):47.695	
O1):-0.86	O2):53.769	
O1):-0.821	O2):42.328	
O1):-0.804	O2):38.892	
O1):-0.869	O2):58.745	
O1):-0.851	O2):52.618	
O1):-0.778	O2):40.658	
O1):-0.822	O2):43.088	
O1):-0.804	O2):38.559	
O1):-0.801	O2):41.548	
O1):-0.805	O2):38.913	
O1):-0.734	O2):31.986	
Evaluations:	3600
O1):-0.854	O2):53.223	
O1):-0.785	O2):40.298	
O1):-0.819	O2):42.438	
O1):-0.826	O2):42.985	
O1):-0.832	O2):43.35	
O1):-0.81	O2):42.024	
O1):-0.764	O2):36.236	
O1):-0.817	O2):43.079	
O1):-0.861	O2):54.005	
O1):-0.851	O2):53.81	
O1):-0.724	O2):31.238	
O1):-0.841	O2):49.262	
O1):-0.793	O2):38.145	
O1):-0.803	O2):38.537	
O1):-0.705	O2):31.354	
O1):-0.77	O2):37.526	
O1):-0.78	O2):39.868	
O1):-0.832	O2):43.35	
O1):-0.871	O2):59.507	
O1):-0.833	O2):43.643	
O1):-0.837	O2):45.642	
Evaluations:	3400
Starting PrismExecutor worker 3 on port 11413
O1):-0.784	O2):40.098	
O1):-0.785	O2):37.175	
O1):-0.795	O2):44.124	
Connected worker 3 to port 11413
O1):-0.822	O2):44.195	
O1):-0.822	O2):43.193	
O1):-0.846	O2):51.975	
O1):-0.801	O2):39.942	
O1):-0.845	O2):47.921	
O1):-0.853	O2):49.053	
O1):-0.776	O2):35.697	
O1):-0.82	O2):42.707	
O1):-0.826	O2):43.086	
O1):-0.78	O2):36.393	
O1):-0.846	O2):48.611	
O1):-0.837	O2):44.283	
O1):-0.869	O2):58.767	
O1):-0.831	O2):43.4	
O1):-0.823	O2):42.387	
O1):-0.878	O2):68.829	
O1):-0.817	O2):43.068	
O1):-0.854	O2):53.223	
O1):-0.785	O2):37.175	
O1):-0.765	O2):36.546	
O1):-0.827	O2):43.27	
O1):-0.82	O2):42.678	
O1):-0.878	O2):68.829	
O1):-0.856	O2):58.77	
O1):-0.859	O2):53.244	
O1):-0.806	O2):41.89	
O1):-0.822	O2):42.885	
O1):-0.838	O2):49.04	
O1):-0.826	O2):43.171	
O1):-0.81	O2):49.802	
O1):-0.879	O2):64.756	
O1):-0.817	O2):41.53	
O1):-0.818	O2):42.146	
O1):-0.835	O2):43.873	
O1):-0.801	O2):38.78	
O1):-0.779	O2):36.337	
O1):-0.821	O2):42.564	
O1):-0.757	O2):35.624	
O1):-0.779	O2):36.426	
O1):-0.786	O2):38.354	
O1):-0.763	O2):36.062	
O1):-0.868	O2):58.594	
O1):-0.762	O2):36.221	
O1):-0.743	O2):33.604	
O1):-0.803	O2):41.408	
O1):-0.798	O2):37.93	
O1):-0.845	O2):48.232	
O1):-0.735	O2):31.982	
O1):-0.764	O2):36.393	
O1):-0.75	O2):36.382	
O1):-0.746	O2):33.306	
O1):-0.828	O2):44.638	
O1):-0.755	O2):36.15	
O1):-0.833	O2):44.735	
O1):-0.832	O2):43.35	
O1):-0.752	O2):34.394	
O1):-0.802	O2):38.3	
O1):-0.862	O2):53.97	
O1):-0.843	O2):47.361	
O1):-0.827	O2):42.963	
O1):-0.768	O2):37.443	
O1):-0.827	O2):43.39	
O1):-0.841	O2):47.267	
O1):-0.788	O2):39.42	
O1):-0.786	O2):37.356	
O1):-0.673	O2):26.804	
O1):-0.878	O2):64.227	
O1):-0.841	O2):48.262	
O1):-0.851	O2):52.62	
O1):-0.854	O2):49.251	
O1):-0.821	O2):42.564	
O1):-0.714	O2):32.068	
O1):-0.785	O2):37.175	
O1):-0.804	O2):38.591	
O1):-0.731	O2):31.531	
O1):-0.815	O2):41.611	
O1):-0.794	O2):44.094	
Starting PrismExecutor worker 0 on port 11400
O1):-0.81	O2):42.024	
O1):-0.795	O2):38.406	
O1):-0.81	O2):39.562	
Connected worker 0 to port 11400
O1):-0.814	O2):42.575	
O1):-0.804	O2):38.591	
O1):-0.724	O2):31.238	
O1):-0.836	O2):45.197	
O1):-0.828	O2):45.415	
O1):-0.828	O2):45.201	
O1):-0.871	O2):63.978	
O1):-0.845	O2):49.102	
O1):-0.862	O2):53.913	
O1):-0.862	O2):54.07	
O1):-0.821	O2):42.564	
O1):-0.849	O2):49.542	
O1):-0.835	O2):43.873	
O1):-0.829	O2):43.781	
O1):-0.829	O2):44.031	
O1):-0.834	O2):43.859	
O1):-0.822	O2):42.99	
O1):-0.842	O2):49.468	
O1):-0.842	O2):48.523	
O1):-0.834	O2):46.063	
O1):-0.705	O2):31.354	
O1):-0.863	O2):59.907	
O1):-0.778	O2):36.249	
O1):-0.838	O2):47.504	
O1):-0.801	O2):38.78	
O1):-0.867	O2):58.615	
O1):-0.786	O2):37.353	
O1):-0.83	O2):44.124	
O1):-0.819	O2):42.668	
O1):-0.881	O2):78.43	
O1):-0.731	O2):31.531	
O1):-0.853	O2):53.058	
O1):-0.854	O2):53.223	
O1):-0.757	O2):36.389	
O1):-0.763	O2):36.368	
O1):-0.805	O2):38.742	
O1):-0.77	O2):37.61	
O1):-0.846	O2):48.381	
O1):-0.823	O2):42.987	
O1):-0.85	O2):48.323	
O1):-0.855	O2):49.561	
O1):-0.821	O2):42.328	
O1):-0.83	O2):44.046	
O1):-0.854	O2):49.251	
O1):-0.812	O2):59.455	
O1):-0.832	O2):43.367	
O1):-0.819	O2):41.924	
O1):-0.862	O2):54.212	
O1):-0.863	O2):58.968	
O1):-0.816	O2):42.669	
O1):-0.821	O2):42.328	
O1):-0.827	O2):42.963	
O1):-0.803	O2):41.375	
O1):-0.837	O2):47.16	
O1):-0.851	O2):52.69	
O1):-0.83	O2):43.823	
O1):-0.842	O2):48.51	
O1):-0.861	O2):53.912	
O1):-0.86	O2):53.769	
O1):-0.82	O2):42.569	
O1):-0.835	O2):46.2	
O1):-0.82	O2):46.022	
O1):-0.733	O2):31.978	
O1):-0.795	O2):43.775	
O1):-0.852	O2):48.904	
O1):-0.852	O2):48.846	
O1):-0.836	O2):44.201	
O1):-0.805	O2):38.873	
O1):-0.854	O2):58.091	
O1):-0.815	O2):41.612	
O1):-0.748	O2):35.337	
O1):-0.863	O2):54.279	
O1):-0.86	O2):53.77	
O1):-0.763	O2):36.062	
O1):-0.803	O2):45.109	
O1):-0.804	O2):38.581	
O1):-0.832	O2):51.55	
O1):-0.773	O2):38.273	
O1):-0.88	O2):64.724	
O1):-0.854	O2):53.223	
O1):-0.828	O2):43.596	
O1):-0.818	O2):42.484	
O1):-0.841	O2):48.262	
O1):-0.859	O2):53.339	
O1):-0.853	O2):50.068	
O1):-0.831	O2):44.104	
O1):-0.781	O2):39.22	
Starting PrismExecutor worker 4 on port 11484
O1):-0.846	O2):48.38	
O1):-0.803	O2):41.407	
O1):-0.852	O2):55.123	
Connected worker 4 to port 11484
O1):-0.804	O2):38.581	
O1):-0.778	O2):36.205	
O1):-0.818	O2):42.311	
O1):-0.868	O2):63.371	
O1):-0.87	O2):59.509	
O1):-0.837	O2):44.427	
O1):-0.744	O2):35.153	
O1):-0.834	O2):43.864	
O1):-0.792	O2):40.305	
O1):-0.837	O2):46.618	
O1):-0.759	O2):35.87	
O1):-0.859	O2):53.449	
O1):-0.817	O2):41.535	
O1):-0.855	O2):58.717	
O1):-0.832	O2):44.634	
O1):-0.787	O2):38.89	
O1):-0.8	O2):38.492	
Evaluations:	3700
O1):-0.838	O2):44.59	
O1):-0.872	O2):62.991	
O1):-0.837	O2):44.505	
O1):-0.829	O2):43.227	
O1):-0.837	O2):44.433	
O1):-0.829	O2):43.558	
O1):-0.838	O2):47.173	
O1):-0.788	O2):38.652	
O1):-0.796	O2):44.289	
O1):-0.808	O2):42.913	
O1):-0.871	O2):63.552	
O1):-0.778	O2):36.249	
O1):-0.862	O2):53.938	
O1):-0.779	O2):37.692	
O1):-0.78	O2):38.409	
O1):-0.731	O2):31.441	
O1):-0.757	O2):35.624	
O1):-0.834	O2):46.063	
O1):-0.83	O2):45.294	
O1):-0.825	O2):44.627	
O1):-0.817	O2):43.93	
O1):-0.835	O2):46.473	
O1):-0.837	O2):46.754	
O1):-0.739	O2):32.202	
O1):-0.778	O2):36.267	
O1):-0.709	O2):31.63	
O1):-0.743	O2):33.604	
O1):-0.794	O2):40.556	
O1):-0.764	O2):36.76	
O1):-0.847	O2):48.674	
O1):-0.831	O2):43.385	
O1):-0.878	O2):64.26	
O1):-0.82	O2):42.678	
O1):-0.82	O2):42.569	
O1):-0.824	O2):42.541	
O1):-0.75	O2):36.382	
O1):-0.87	O2):59.222	
O1):-0.794	O2):38.28	
O1):-0.835	O2):46.2	
O1):-0.835	O2):44.046	
O1):-0.853	O2):48.903	
O1):-0.847	O2):48.694	
O1):-0.878	O2):68.829	
O1):-0.787	O2):37.8	
O1):-0.834	O2):48.109	
O1):-0.83	O2):43.817	
O1):-0.755	O2):36.14	
O1):-0.834	O2):43.89	
O1):-0.779	O2):36.354	
O1):-0.767	O2):36.835	
O1):-0.862	O2):53.987	
O1):-0.705	O2):31.354	
O1):-0.762	O2):36.437	
O1):-0.8	O2):39.361	
O1):-0.801	O2):39.951	
O1):-0.789	O2):38.754	
O1):-0.871	O2):63.552	
O1):-0.758	O2):35.883	
O1):-0.805	O2):41.645	
O1):-0.818	O2):44.364	
O1):-0.75	O2):35.957	
O1):-0.779	O2):36.426	
O1):-0.734	O2):31.986	
O1):-0.779	O2):36.472	
Starting PrismExecutor worker 2 on port 11492
O1):-0.802	O2):38.061	
O1):-0.779	O2):40.882	
O1):-0.838	O2):44.727	
Connected worker 2 to port 11492
O1):-0.802	O2):38.907	
O1):-0.817	O2):42.019	
O1):-0.854	O2):49.251	
O1):-0.851	O2):48.542	
O1):-0.787	O2):38.433	
O1):-0.728	O2):32.435	
O1):-0.85	O2):48.269	
O1):-0.804	O2):49.474	
O1):-0.837	O2):46.618	
O1):-0.802	O2):38.06	
O1):-0.828	O2):43.596	
O1):-0.772	O2):36.623	
O1):-0.867	O2):58.615	
O1):-0.853	O2):53.127	
O1):-0.863	O2):54.285	
O1):-0.746	O2):33.344	
O1):-0.855	O2):49.561	
O1):-0.757	O2):36.389	
O1):-0.835	O2):44.14	
O1):-0.863	O2):54.279	
O1):-0.726	O2):32.41	
O1):-0.862	O2):54.07	
O1):-0.756	O2):34.125	
O1):-0.782	O2):36.247	
O1):-0.827	O2):42.963	
O1):-0.793	O2):38.064	
O1):-0.81	O2):39.562	
O1):-0.835	O2):43.873	
O1):-0.787	O2):37.8	
O1):-0.871	O2):63.552	
O1):-0.826	O2):43.004	
O1):-0.841	O2):47.247	
O1):-0.827	O2):43.814	
O1):-0.823	O2):44.223	
O1):-0.868	O2):63.371	
O1):-0.84	O2):48.113	
O1):-0.841	O2):49.391	
O1):-0.779	O2):36.368	
O1):-0.803	O2):41.408	
O1):-0.85	O2):48.269	
O1):-0.798	O2):44.239	
O1):-0.792	O2):37.877	
O1):-0.781	O2):37.716	
O1):-0.846	O2):48.229	
O1):-0.799	O2):38.263	
O1):-0.779	O2):36.337	
O1):-0.761	O2):36.19	
O1):-0.803	O2):38.534	
O1):-0.818	O2):42.436	
O1):-0.861	O2):53.844	
O1):-0.786	O2):38.345	
O1):-0.846	O2):48.745	
O1):-0.786	O2):38.164	
O1):-0.841	O2):49.339	
O1):-0.731	O2):31.441	
O1):-0.844	O2):47.823	
O1):-0.741	O2):34.763	
O1):-0.845	O2):48.254	
O1):-0.879	O2):68.974	
O1):-0.859	O2):54.204	
O1):-0.759	O2):35.57	
O1):-0.824	O2):42.656	
O1):-0.826	O2):43.086	
O1):-0.802	O2):41.742	
O1):-0.826	O2):43.004	
O1):-0.868	O2):63.371	
O1):-0.733	O2):31.978	
O1):-0.868	O2):58.594	
O1):-0.804	O2):38.58	
O1):-0.74	O2):36.047	
O1):-0.786	O2):38.345	
O1):-0.781	O2):37.703	
O1):-0.8	O2):37.758	
O1):-0.843	O2):47.696	
O1):-0.778	O2):36.084	
O1):-0.863	O2):54.266	
O1):-0.75	O2):36.382	
O1):-0.845	O2):48.249	
O1):-0.828	O2):43.24	
O1):-0.791	O2):37.98	
O1):-0.82	O2):42.248	
O1):-0.824	O2):42.636	
O1):-0.785	O2):40.469	
O1):-0.825	O2):44.626	
Starting PrismExecutor worker 1 on port 11401
O1):-0.85	O2):48.323	
Connected worker 1 to port 11401
O1):-0.801	O2):41.721	
O1):-0.757	O2):35.786	
O1):-0.74	O2):32.79	
O1):-0.752	O2):37.546	
O1):-0.795	O2):38.408	
O1):-0.845	O2):49.31	
O1):-0.85	O2):48.269	
O1):-0.827	O2):47.372	
O1):-0.838	O2):47.504	
O1):-0.828	O2):43.596	
O1):-0.781	O2):37.834	
O1):-0.88	O2):64.724	
O1):-0.818	O2):42.436	
O1):-0.798	O2):37.964	
O1):-0.867	O2):58.615	
O1):-0.834	O2):46.07	
O1):-0.821	O2):42.564	
O1):-0.862	O2):53.917	
O1):-0.88	O2):69.478	
O1):-0.744	O2):33.889	
O1):-0.826	O2):44.937	
O1):-0.759	O2):35.87	
O1):-0.785	O2):38.128	
O1):-0.732	O2):31.815	
O1):-0.863	O2):54.412	
O1):-0.83	O2):43.816	
O1):-0.757	O2):36.389	
O1):-0.827	O2):43.237	
O1):-0.808	O2):46.077	
O1):-0.731	O2):31.531	
O1):-0.747	O2):35.634	
O1):-0.828	O2):44.089	
O1):-0.871	O2):59.504	
O1):-0.829	O2):47.142	
O1):-0.862	O2):53.97	
O1):-0.835	O2):44.046	
O1):-0.831	O2):44.104	
O1):-0.843	O2):47.791	
O1):-0.827	O2):43.237	
O1):-0.835	O2):44.14	
O1):-0.829	O2):43.558	
O1):-0.732	O2):31.815	
O1):-0.778	O2):36.205	
O1):-0.824	O2):42.389	
O1):-0.83	O2):43.823	
O1):-0.867	O2):58.615	
O1):-0.724	O2):31.238	
O1):-0.837	O2):44.751	
O1):-0.841	O2):48.262	
O1):-0.787	O2):37.427	
O1):-0.757	O2):36.389	
O1):-0.74	O2):32.79	
O1):-0.82	O2):42.335	
O1):-0.747	O2):33.462	
O1):-0.833	O2):43.642	
O1):-0.834	O2):44.801	
O1):-0.868	O2):63.371	
O1):-0.847	O2):49.602	
O1):-0.778	O2):36.242	
O1):-0.778	O2):36.084	
O1):-0.813	O2):44.886	
O1):-0.732	O2):31.815	
O1):-0.853	O2):49.106	
O1):-0.818	O2):42.436	
O1):-0.804	O2):38.654	
O1):-0.825	O2):44.625	
O1):-0.822	O2):43.12	
O1):-0.741	O2):34.76	
O1):-0.787	O2):40.82	
O1):-0.88	O2):65.116	
O1):-0.789	O2):38.754	
O1):-0.845	O2):48.254	
O1):-0.872	O2):68.943	
O1):-0.862	O2):53.986	
O1):-0.837	O2):46.618	
O1):-0.802	O2):43.77	
O1):-0.748	O2):33.569	
O1):-0.778	O2):37.215	
O1):-0.833	O2):44.735	
O1):-0.708	O2):31.618	
O1):-0.803	O2):38.582	
O1):-0.841	O2):47.247	
O1):-0.852	O2):49.777	
O1):-0.835	O2):43.88	
O1):-0.853	O2):53.196	
O1):-0.728	O2):32.435	
O1):-0.859	O2):54.206	
O1):-0.775	O2):40.078	
Starting PrismExecutor worker 1 on port 11411
O1):-0.868	O2):58.594	
Connected worker 1 to port 11411
O1):-0.733	O2):31.978	
O1):-0.83	O2):43.817	
O1):-0.803	O2):38.573	
O1):-0.843	O2):57.631	
O1):-0.844	O2):51.653	
O1):-0.844	O2):49.152	
O1):-0.823	O2):42.987	
O1):-0.854	O2):53.431	
O1):-0.764	O2):36.76	
O1):-0.779	O2):36.371	
O1):-0.836	O2):48.251	
O1):-0.811	O2):42.283	
O1):-0.785	O2):37.175	
O1):-0.817	O2):46.761	
O1):-0.82	O2):42.569	
O1):-0.864	O2):59.27	
O1):-0.781	O2):39.232	
O1):-0.835	O2):43.873	
O1):-0.838	O2):47.466	
O1):-0.783	O2):36.511	
O1):-0.862	O2):53.77	
O1):-0.867	O2):58.656	
O1):-0.822	O2):43.088	
O1):-0.828	O2):44.323	
O1):-0.847	O2):48.674	
O1):-0.803	O2):41.986	
O1):-0.828	O2):43.596	
O1):-0.847	O2):48.674	
O1):-0.785	O2):36.884	
O1):-0.801	O2):38.004	
O1):-0.784	O2):38.648	
O1):-0.83	O2):44.037	
O1):-0.798	O2):40.831	
O1):-0.78	O2):37.471	
O1):-0.867	O2):58.615	
O1):-0.836	O2):44.187	
O1):-0.851	O2):48.542	
O1):-0.728	O2):31.317	
O1):-0.869	O2):58.735	
O1):-0.764	O2):36.76	
O1):-0.828	O2):45.416	
O1):-0.829	O2):43.38	
O1):-0.841	O2):47.247	
O1):-0.854	O2):53.432	
O1):-0.805	O2):38.801	
O1):-0.821	O2):42.328	
O1):-0.853	O2):50.304	
O1):-0.781	O2):37.834	
O1):-0.782	O2):36.247	
O1):-0.77	O2):37.461	
O1):-0.779	O2):36.494	
O1):-0.853	O2):53.196	
O1):-0.822	O2):43.314	
O1):-0.782	O2):38.941	
O1):-0.785	O2):38.887	
O1):-0.745	O2):32.766	
O1):-0.818	O2):42.918	
O1):-0.842	O2):49.437	
O1):-0.842	O2):47.212	
O1):-0.781	O2):38.946	
O1):-0.817	O2):41.871	
O1):-0.817	O2):43.876	
O1):-0.812	O2):39.849	
O1):-0.842	O2):51.764	
O1):-0.826	O2):42.67	
O1):-0.791	O2):37.98	
O1):-0.879	O2):64.758	
O1):-0.75	O2):34.403	
O1):-0.859	O2):53.343	
O1):-0.748	O2):33.569	
O1):-0.805	O2):38.801	
O1):-0.853	O2):50.304	
O1):-0.827	O2):43.237	
O1):-0.762	O2):36.229	
O1):-0.823	O2):42.387	
O1):-0.746	O2):33.342	
O1):-0.847	O2):49.602	
O1):-0.766	O2):38.182	
O1):-0.809	O2):42.726	
O1):-0.836	O2):44.204	
O1):-0.768	O2):37.443	
O1):-0.821	O2):43.09	
O1):-0.828	O2):44.638	
O1):-0.871	O2):59.507	
O1):-0.76	O2):36.238	
O1):-0.82	O2):43.026	
O1):-0.802	O2):43.77	
O1):-0.853	O2):54.586	
O1):-0.779	O2):40.359	
O1):-0.842	O2):57.665	
O1):-0.819	O2):41.786	
Starting PrismExecutor worker 0 on port 11440
O1):-0.834	O2):48.046	
O1):-0.819	O2):42.313	
O1):-0.8	O2):38.492	
Connected worker 0 to port 11440
O1):-0.779	O2):36.426	
O1):-0.868	O2):58.679	
O1):-0.872	O2):64.052	
O1):-0.829	O2):43.839	
O1):-0.821	O2):42.785	
O1):-0.833	O2):44.735	
O1):-0.733	O2):32.029	
O1):-0.78	O2):37.709	
O1):-0.746	O2):33.306	
O1):-0.806	O2):42.268	
O1):-0.863	O2):54.232	
O1):-0.777	O2):36.044	
O1):-0.828	O2):45.049	
O1):-0.862	O2):54.07	
O1):-0.82	O2):42.836	
O1):-0.827	O2):43.814	
O1):-0.872	O2):68.584	
O1):-0.83	O2):44.037	
O1):-0.776	O2):37.108	
O1):-0.804	O2):41.78	
O1):-0.772	O2):36.623	
O1):-0.827	O2):46.287	
O1):-0.818	O2):42.437	
O1):-0.733	O2):32.017	
O1):-0.778	O2):38.902	
O1):-0.81	O2):42.024	
O1):-0.843	O2):47.361	
O1):-0.801	O2):38.78	
O1):-0.826	O2):44.937	
O1):-0.801	O2):41.721	
O1):-0.833	O2):43.585	
O1):-0.805	O2):38.873	
O1):-0.878	O2):68.829	
O1):-0.799	O2):39.184	
O1):-0.853	O2):53.127	
-------------------------------------------------
SOLUTIONS: 	100

Pareto Front and Pareto set saved at: data/ROBOT14_REP2/NSGAII/
Pareto Front: data/ROBOT14_REP2/NSGAII/ROBOT14_REP2_NSGAII_010822_020826_Front
Pareto Set: data/ROBOT14_REP2/NSGAII/ROBOT14_REP2_NSGAII_010822_020826_Set
O1):-0.803	O2):41.376	
O1):-0.748	O2):35.347	
O1):-0.779	O2):36.354	
O1):-0.868	O2):58.667	
O1):-0.835	O2):44.9	
O1):-0.816	O2):42.669	
O1):-0.786	O2):41.844	
O1):-0.837	O2):47.294	
O1):-0.841	O2):47.812	
O1):-0.871	O2):59.579	
O1):-0.824	O2):42.388	
O1):-0.851	O2):52.477	
O1):-0.724	O2):31.238	
O1):-0.815	O2):41.612	
O1):-0.835	O2):44.046	
O1):-0.836	O2):45.333	
O1):-0.859	O2):53.348	
O1):-0.778	O2):36.205	
O1):-0.84	O2):48.113	
O1):-0.818	O2):42.561	
O1):-0.779	O2):38.409	
O1):-0.83	O2):43.515	
O1):-0.833	O2):44.735	
O1):-0.818	O2):42.436	
O1):-0.841	O2):47.247	
O1):-0.8	O2):39.274	
O1):-0.767	O2):37.155	
O1):-0.832	O2):43.367	
O1):-0.85	O2):48.329	
O1):-0.833	O2):44.554	
O1):-0.853	O2):48.898	
O1):-0.833	O2):43.599	
O1):-0.851	O2):49.536	
O1):-0.879	O2):68.974	
O1):-0.801	O2):41.548	
O1):-0.772	O2):40.644	
O1):-0.85	O2):48.28	
O1):-0.76	O2):36.091	
O1):-0.878	O2):68.829	
O1):-0.846	O2):48.229	
O1):-0.831	O2):44.119	
O1):-0.831	O2):44.119	
O1):-0.777	O2):36.28	
O1):-0.798	O2):37.963	
O1):-0.833	O2):44.554	
O1):-0.853	O2):49.106	
O1):-0.818	O2):43.399	
O1):-0.805	O2):42.313	
O1):-0.782	O2):38.922	
O1):-0.785	O2):38.025	
O1):-0.833	O2):44.735	
O1):-0.829	O2):43.781	
O1):-0.792	O2):38.045	
O1):-0.871	O2):59.368	
O1):-0.781	O2):37.632	
O1):-0.798	O2):37.93	
Evaluations:	3800
O1):-0.779	O2):36.426	
O1):-0.719	O2):32.4	
O1):-0.868	O2):58.594	
Evaluations:	3800
O1):-0.872	O2):68.233	
O1):-0.746	O2):33.306	
O1):-0.808	O2):39.085	
O1):-0.777	O2):39.562	
O1):-0.824	O2):42.388	
O1):-0.818	O2):42.311	
O1):-0.844	O2):48.093	
O1):-0.851	O2):53.789	
O1):-0.868	O2):58.679	
O1):-0.837	O2):47.294	
O1):-0.861	O2):53.458	
O1):-0.801	O2):41.548	
O1):-0.779	O2):37.692	
O1):-0.846	O2):48.385	
O1):-0.732	O2):31.815	
O1):-0.871	O2):63.552	
O1):-0.838	O2):44.589	
O1):-0.812	O2):39.341	
O1):-0.83	O2):45.296	
O1):-0.855	O2):49.561	
O1):-0.849	O2):49.529	
O1):-0.785	O2):38.887	
O1):-0.835	O2):43.873	
O1):-0.862	O2):54.099	
O1):-0.867	O2):58.615	
O1):-0.792	O2):37.877	
O1):-0.854	O2):49.251	
O1):-0.743	O2):33.597	
O1):-0.88	O2):65.116	
O1):-0.786	O2):38.164	
O1):-0.812	O2):39.341	
O1):-0.846	O2):48.38	
O1):-0.802	O2):38.06	
O1):-0.846	O2):48.38	
O1):-0.788	O2):38.652	
O1):-0.818	O2):42.436	
O1):-0.811	O2):41.881	
O1):-0.756	O2):38.942	
O1):-0.812	O2):42.112	
O1):-0.783	O2):36.489	
Evaluations:	3700
O1):-0.757	O2):35.624	
O1):-0.868	O2):58.679	
O1):-0.871	O2):59.579	
O1):-0.832	O2):43.35	
O1):-0.786	O2):37.356	
O1):-0.837	O2):44.433	
O1):-0.731	O2):31.531	
O1):-0.818	O2):42.436	
O1):-0.868	O2):63.371	
O1):-0.872	O2):63.689	
O1):-0.757	O2):35.786	
O1):-0.821	O2):43.728	
O1):-0.803	O2):41.407	
O1):-0.726	O2):31.612	
O1):-0.801	O2):41.548	
O1):-0.787	O2):37.8	
O1):-0.747	O2):33.475	
O1):-0.868	O2):63.371	
O1):-0.802	O2):40.067	
O1):-0.712	O2):31.868	
O1):-0.849	O2):49.529	
O1):-0.748	O2):33.53	
O1):-0.862	O2):54.07	
O1):-0.863	O2):54.302	
O1):-0.872	O2):63.692	
O1):-0.802	O2):40.067	
O1):-0.831	O2):43.4	
O1):-0.802	O2):40.067	
O1):-0.826	O2):42.986	
O1):-0.834	O2):43.95	
O1):-0.805	O2):38.742	
O1):-0.733	O2):32.029	
O1):-0.76	O2):36.238	
O1):-0.741	O2):34.758	
Evaluations:	3300
O1):-0.834	O2):46.063	
O1):-0.82	O2):42.248	
O1):-0.879	O2):64.756	
O1):-0.834	O2):46.063	
O1):-0.778	O2):37.215	
O1):-0.826	O2):44.937	
O1):-0.829	O2):43.36	
O1):-0.85	O2):48.323	
O1):-0.868	O2):58.594	
O1):-0.708	O2):31.619	
O1):-0.85	O2):49.362	
O1):-0.726	O2):31.035	
O1):-0.747	O2):33.446	
O1):-0.818	O2):42.311	
O1):-0.859	O2):53.339	
O1):-0.836	O2):47.919	
O1):-0.818	O2):42.311	
O1):-0.862	O2):54.07	
O1):-0.822	O2):42.885	
O1):-0.842	O2):47.212	
O1):-0.764	O2):39.741	
O1):-0.751	O2):34.34	
O1):-0.862	O2):53.77	
O1):-0.861	O2):54.786	
O1):-0.78	O2):38.936	
O1):-0.868	O2):63.371	
O1):-0.872	O2):64.052	
O1):-0.801	O2):38.78	
O1):-0.812	O2):39.341	
O1):-0.862	O2):53.964	
O1):-0.862	O2):54.07	
O1):-0.827	O2):43.103	
O1):-0.862	O2):53.928	
O1):-0.798	O2):37.972	
O1):-0.833	O2):43.6	
O1):-0.871	O2):63.978	
O1):-0.854	O2):58.059	
O1):-0.78	O2):37.471	
O1):-0.806	O2):42.543	
O1):-0.863	O2):54.266	
O1):-0.87	O2):63.067	
O1):-0.818	O2):42.311	
O1):-0.724	O2):31.238	
O1):-0.863	O2):54.302	
O1):-0.768	O2):36.978	
O1):-0.862	O2):53.928	
O1):-0.88	O2):65.116	
O1):-0.859	O2):53.343	
O1):-0.854	O2):53.431	
O1):-0.812	O2):54.746	
O1):-0.834	O2):47.965	
O1):-0.821	O2):44.293	
O1):-0.818	O2):42.159	
O1):-0.757	O2):35.786	
O1):-0.793	O2):38.064	
O1):-0.76	O2):36.238	
O1):-0.837	O2):47.293	
O1):-0.781	O2):37.651	
O1):-0.776	O2):35.85	
O1):-0.845	O2):54.232	
O1):-0.879	O2):68.974	
O1):-0.801	O2):38.78	
O1):-0.845	O2):49.262	
O1):-0.868	O2):63.371	
O1):-0.766	O2):37.122	
O1):-0.824	O2):43.26	
O1):-0.868	O2):63.371	
O1):-0.879	O2):67.712	
O1):-0.833	O2):51.954	
O1):-0.824	O2):44.433	
O1):-0.757	O2):35.624	
O1):-0.845	O2):47.92	
O1):-0.772	O2):36.623	
O1):-0.828	O2):43.596	
O1):-0.853	O2):49.105	
O1):-0.805	O2):50.66	
O1):-0.735	O2):31.982	
O1):-0.803	O2):49.628	
O1):-0.757	O2):35.786	
O1):-0.828	O2):43.425	
O1):-0.78	O2):36.393	
O1):-0.845	O2):47.92	
O1):-0.83	O2):43.808	
O1):-0.868	O2):58.679	
O1):-0.744	O2):33.889	
O1):-0.853	O2):50.068	
O1):-0.821	O2):42.785	
O1):-0.783	O2):39.978	
O1):-0.83	O2):43.515	
O1):-0.805	O2):38.742	
O1):-0.821	O2):43.729	
O1):-0.829	O2):43.227	
O1):-0.818	O2):42.019	
O1):-0.761	O2):36.19	
O1):-0.788	O2):39.427	
O1):-0.862	O2):53.968	
O1):-0.755	O2):36.14	
O1):-0.81	O2):54.182	
O1):-0.802	O2):41.799	
O1):-0.853	O2):58.512	
O1):-0.862	O2):53.77	
O1):-0.708	O2):31.619	
O1):-0.833	O2):44.554	
O1):-0.802	O2):40.129	
O1):-0.847	O2):48.678	
O1):-0.812	O2):39.849	
O1):-0.838	O2):47.504	
O1):-0.837	O2):48.524	
O1):-0.812	O2):42.385	
O1):-0.82	O2):42.569	
O1):-0.785	O2):40.296	
O1):-0.833	O2):46.387	
O1):-0.787	O2):38.359	
O1):-0.793	O2):38.145	
O1):-0.812	O2):42.112	
O1):-0.817	O2):42.03	
O1):-0.748	O2):33.569	
O1):-0.803	O2):41.375	
O1):-0.83	O2):43.823	
O1):-0.853	O2):50.307	
O1):-0.85	O2):48.337	
O1):-0.785	O2):36.884	
O1):-0.837	O2):44.433	
O1):-0.841	O2):49.401	
O1):-0.86	O2):53.613	
O1):-0.778	O2):40.364	
O1):-0.821	O2):42.784	
O1):-0.785	O2):36.758	
O1):-0.792	O2):38.045	
O1):-0.77	O2):37.526	
O1):-0.779	O2):36.354	
O1):-0.833	O2):44.554	
O1):-0.779	O2):40.286	
O1):-0.795	O2):38.483	
O1):-0.743	O2):35.14	
O1):-0.78	O2):38.94	
O1):-0.836	O2):44.148	
O1):-0.77	O2):37.526	
O1):-0.821	O2):42.564	
O1):-0.85	O2):48.327	
O1):-0.758	O2):35.883	
O1):-0.825	O2):42.546	
O1):-0.818	O2):41.781	
O1):-0.863	O2):54.265	
O1):-0.75	O2):35.837	
O1):-0.841	O2):48.262	
O1):-0.87	O2):59.222	
O1):-0.846	O2):48.214	
O1):-0.853	O2):50.068	
O1):-0.845	O2):47.785	
O1):-0.803	O2):41.375	
O1):-0.705	O2):31.354	
O1):-0.818	O2):42.311	
O1):-0.802	O2):38.06	
O1):-0.85	O2):48.329	
O1):-0.859	O2):54.204	
O1):-0.84	O2):48.113	
O1):-0.8	O2):38.492	
O1):-0.841	O2):47.389	
O1):-0.817	O2):43.876	
O1):-0.763	O2):36.368	
O1):-0.733	O2):32.029	
O1):-0.778	O2):37.118	
O1):-0.85	O2):48.323	
O1):-0.879	O2):64.756	
O1):-0.746	O2):33.306	
O1):-0.708	O2):31.619	
O1):-0.83	O2):43.515	
O1):-0.86	O2):53.769	
O1):-0.743	O2):35.036	
O1):-0.845	O2):52.345	
O1):-0.862	O2):53.928	
O1):-0.728	O2):31.308	
O1):-0.742	O2):34.888	
O1):-0.845	O2):47.92	
O1):-0.832	O2):43.363	
O1):-0.871	O2):59.368	
O1):-0.763	O2):36.368	
O1):-0.731	O2):31.441	
O1):-0.779	O2):36.368	
O1):-0.781	O2):37.632	
O1):-0.861	O2):53.688	
O1):-0.752	O2):34.393	
O1):-0.818	O2):42.436	
O1):-0.743	O2):33.604	
O1):-0.745	O2):32.766	
O1):-0.759	O2):35.57	
O1):-0.785	O2):38.062	
O1):-0.825	O2):42.881	
O1):-0.806	O2):49.106	
O1):-0.828	O2):43.562	
O1):-0.77	O2):37.526	
O1):-0.741	O2):34.759	
O1):-0.825	O2):51.07	
O1):-0.867	O2):58.615	
O1):-0.837	O2):44.427	
O1):-0.786	O2):37.356	
O1):-0.768	O2):36.978	
O1):-0.851	O2):48.542	
O1):-0.708	O2):31.619	
O1):-0.778	O2):36.234	
O1):-0.842	O2):47.212	
O1):-0.846	O2):48.214	
O1):-0.805	O2):41.782	
O1):-0.868	O2):58.594	
O1):-0.803	O2):41.982	
O1):-0.808	O2):39.085	
O1):-0.841	O2):47.247	
O1):-0.833	O2):43.485	
O1):-0.853	O2):48.898	
O1):-0.864	O2):59.271	
O1):-0.87	O2):59.082	
O1):-0.747	O2):33.446	
Evaluations:	3700
O1):-0.807	O2):42.646	
O1):-0.853	O2):54.558	
O1):-0.836	O2):48.583	
O1):-0.802	O2):38.06	
O1):-0.743	O2):35.135	
O1):-0.846	O2):48.745	
O1):-0.859	O2):53.343	
O1):-0.81	O2):42.024	
O1):-0.82	O2):42.499	
O1):-0.756	O2):34.125	
O1):-0.787	O2):37.8	
O1):-0.837	O2):44.283	
O1):-0.804	O2):40.38	
O1):-0.739	O2):32.202	
O1):-0.779	O2):40.903	
O1):-0.805	O2):41.645	
O1):-0.829	O2):43.227	
O1):-0.841	O2):48.338	
O1):-0.843	O2):47.819	
O1):-0.777	O2):35.954	
O1):-0.83	O2):43.823	
O1):-0.826	O2):42.665	
O1):-0.863	O2):54.266	
O1):-0.76	O2):36.091	
O1):-0.787	O2):38.359	
O1):-0.806	O2):42.543	
O1):-0.862	O2):53.917	
O1):-0.782	O2):36.247	
O1):-0.855	O2):63.459	
O1):-0.779	O2):36.337	
O1):-0.808	O2):43.25	
O1):-0.808	O2):39.085	
O1):-0.853	O2):50.068	
O1):-0.855	O2):49.561	
O1):-0.854	O2):53.223	
O1):-0.86	O2):53.769	
O1):-0.812	O2):39.341	
O1):-0.741	O2):34.775	
O1):-0.864	O2):63.798	
O1):-0.833	O2):51.796	
O1):-0.86	O2):53.769	
O1):-0.837	O2):46.618	
O1):-0.826	O2):42.985	
O1):-0.783	O2):41.223	
O1):-0.85	O2):49.362	
O1):-0.795	O2):38.406	
O1):-0.798	O2):39.056	
O1):-0.864	O2):73.806	
O1):-0.779	O2):36.337	
O1):-0.846	O2):48.229	
O1):-0.787	O2):37.8	
O1):-0.808	O2):42.691	
O1):-0.861	O2):53.458	
O1):-0.797	O2):42.219	
O1):-0.796	O2):37.445	
O1):-0.792	O2):38.045	
O1):-0.858	O2):53.026	
O1):-0.855	O2):49.561	
O1):-0.784	O2):40.098	
O1):-0.751	O2):35.91	
O1):-0.831	O2):43.385	
O1):-0.862	O2):53.917	
O1):-0.833	O2):43.642	
O1):-0.818	O2):42.166	
Evaluations:	3300
O1):-0.863	O2):54.266	
O1):-0.821	O2):42.788	
O1):-0.746	O2):33.342	
O1):-0.726	O2):31.049	
Evaluations:	3500
O1):-0.705	O2):31.354	
O1):-0.862	O2):54.145	
O1):-0.802	O2):38.054	
O1):-0.853	O2):48.9	
O1):-0.804	O2):42.128	
O1):-0.783	O2):39.978	
O1):-0.8	O2):39.361	
O1):-0.878	O2):64.227	
O1):-0.872	O2):63.689	
O1):-0.806	O2):42.543	
O1):-0.851	O2):49.536	
O1):-0.846	O2):48.38	
O1):-0.778	O2):38.387	
O1):-0.811	O2):41.881	
O1):-0.859	O2):53.277	
O1):-0.822	O2):47.039	
O1):-0.838	O2):44.59	
O1):-0.836	O2):44.204	
O1):-0.798	O2):45.368	
O1):-0.762	O2):36.221	
O1):-0.837	O2):44.433	
O1):-0.867	O2):58.615	
O1):-0.741	O2):34.758	
O1):-0.746	O2):33.342	
O1):-0.806	O2):41.89	
O1):-0.818	O2):42.918	
O1):-0.862	O2):53.968	
O1):-0.807	O2):42.953	
O1):-0.837	O2):44.433	
O1):-0.851	O2):53.905	
O1):-0.846	O2):49.464	
O1):-0.825	O2):42.727	
O1):-0.822	O2):42.867	
O1):-0.869	O2):58.745	
O1):-0.845	O2):47.785	
O1):-0.828	O2):43.43	
O1):-0.843	O2):47.791	
O1):-0.807	O2):42.953	
O1):-0.821	O2):44.08	
O1):-0.805	O2):38.873	
O1):-0.845	O2):48.259	
O1):-0.807	O2):48.02	
O1):-0.794	O2):38.28	
Starting PrismExecutor worker 3 on port 11453
O1):-0.798	O2):37.963	
O1):-0.803	O2):38.534	
O1):-0.834	O2):43.95	
O1):-0.826	O2):43.888	
Connected worker 3 to port 11453
O1):-0.837	O2):44.283	
O1):-0.818	O2):42.436	
O1):-0.814	O2):42.932	
O1):-0.87	O2):63.831	
O1):-0.756	O2):34.125	
O1):-0.792	O2):37.877	
O1):-0.832	O2):43.35	
O1):-0.81	O2):43.771	
O1):-0.779	O2):36.491	
Evaluations:	3100
O1):-0.842	O2):48.507	
O1):-0.827	O2):60.129	
O1):-0.821	O2):43.448	
O1):-0.819	O2):42.438	
O1):-0.756	O2):36.262	
O1):-0.786	O2):38.864	
O1):-0.846	O2):49.453	
O1):-0.826	O2):42.67	
O1):-0.823	O2):42.987	
O1):-0.86	O2):53.536	
O1):-0.785	O2):40.453	
O1):-0.827	O2):43.251	
O1):-0.861	O2):59.886	
O1):-0.747	O2):33.446	
O1):-0.788	O2):39.423	
O1):-0.802	O2):38.907	
O1):-0.781	O2):38.924	
O1):-0.862	O2):54.228	
O1):-0.872	O2):62.991	
O1):-0.804	O2):38.58	
O1):-0.785	O2):40.549	
O1):-0.864	O2):59.27	
O1):-0.8	O2):39.361	
O1):-0.852	O2):58.355	
O1):-0.757	O2):35.624	
O1):-0.868	O2):58.597	
O1):-0.751	O2):35.91	
O1):-0.787	O2):38.387	
O1):-0.861	O2):53.912	
O1):-0.853	O2):50.31	
O1):-0.773	O2):35.573	
O1):-0.867	O2):58.615	
O1):-0.879	O2):68.974	
O1):-0.743	O2):35.038	
O1):-0.777	O2):37.868	
O1):-0.844	O2):47.807	
O1):-0.833	O2):51.768	
O1):-0.796	O2):37.396	
O1):-0.776	O2):35.675	
O1):-0.822	O2):42.885	
O1):-0.78	O2):38.409	
O1):-0.796	O2):37.436	
O1):-0.805	O2):38.873	
O1):-0.806	O2):42.517	
O1):-0.837	O2):44.433	
O1):-0.823	O2):44.223	
O1):-0.854	O2):49.251	
O1):-0.762	O2):35.812	
O1):-0.858	O2):53.026	
O1):-0.805	O2):43.331	
O1):-0.758	O2):37.209	
O1):-0.837	O2):44.433	
O1):-0.829	O2):43.227	
O1):-0.805	O2):38.742	
O1):-0.728	O2):31.308	
O1):-0.8	O2):39.361	
O1):-0.836	O2):46.955	
O1):-0.825	O2):42.546	
O1):-0.859	O2):53.392	
O1):-0.817	O2):41.53	
O1):-0.795	O2):38.406	
O1):-0.846	O2):48.38	
O1):-0.825	O2):42.546	
O1):-0.822	O2):42.885	
O1):-0.705	O2):31.644	
O1):-0.756	O2):36.262	
O1):-0.795	O2):44.125	
O1):-0.802	O2):40.072	
O1):-0.816	O2):42.668	
O1):-0.747	O2):35.624	
O1):-0.728	O2):31.308	
O1):-0.763	O2):37.302	
O1):-0.878	O2):64.227	
O1):-0.756	O2):36.262	
O1):-0.765	O2):36.546	
O1):-0.864	O2):73.813	
O1):-0.837	O2):44.427	
O1):-0.714	O2):32.081	
Starting PrismExecutor worker 3 on port 11443
O1):-0.804	O2):41.533	
Connected worker 3 to port 11443
O1):-0.842	O2):47.809	
O1):-0.863	O2):54.302	
O1):-0.838	O2):48.576	
O1):-0.712	O2):31.855	
O1):-0.867	O2):58.615	
O1):-0.795	O2):38.408	
O1):-0.779	O2):37.416	
O1):-0.854	O2):49.251	
O1):-0.801	O2):38.291	
O1):-0.772	O2):36.623	
O1):-0.859	O2):53.392	
O1):-0.732	O2):31.612	
O1):-0.767	O2):37.155	
O1):-0.802	O2):38.138	
O1):-0.831	O2):44.119	
O1):-0.841	O2):47.247	
O1):-0.844	O2):47.807	
O1):-0.8	O2):39.361	
O1):-0.84	O2):48.943	
O1):-0.742	O2):34.975	
O1):-0.871	O2):59.58	
O1):-0.832	O2):44.634	
O1):-0.868	O2):58.594	
O1):-0.816	O2):42.669	
O1):-0.732	O2):31.815	
O1):-0.786	O2):39.193	
O1):-0.745	O2):32.766	
O1):-0.802	O2):38.29	
O1):-0.826	O2):42.985	
O1):-0.709	O2):31.63	
O1):-0.776	O2):35.675	
O1):-0.863	O2):54.282	
O1):-0.779	O2):37.414	
O1):-0.748	O2):33.569	
O1):-0.747	O2):33.446	
O1):-0.862	O2):53.968	
O1):-0.837	O2):44.283	
O1):-0.746	O2):35.628	
O1):-0.786	O2):37.356	
O1):-0.825	O2):44.625	
O1):-0.838	O2):47.504	
O1):-0.752	O2):34.646	
O1):-0.808	O2):43.243	
O1):-0.813	O2):68.823	
O1):-0.821	O2):42.323	
O1):-0.782	O2):36.247	
O1):-0.742	O2):34.888	
O1):-0.845	O2):48.232	
O1):-0.858	O2):53.025	
O1):-0.804	O2):41.678	
O1):-0.817	O2):45.905	
O1):-0.778	O2):37.215	
O1):-0.828	O2):43.562	
O1):-0.851	O2):58.541	
O1):-0.836	O2):45.336	
O1):-0.861	O2):64.083	
O1):-0.836	O2):44.149	
O1):-0.836	O2):44.44	
O1):-0.853	O2):48.898	
O1):-0.824	O2):43.211	
O1):-0.818	O2):42.16	
O1):-0.859	O2):53.277	
O1):-0.797	O2):42.36	
O1):-0.862	O2):53.917	
O1):-0.794	O2):38.28	
O1):-0.817	O2):45.905	
O1):-0.8	O2):39.361	
O1):-0.859	O2):53.392	
O1):-0.793	O2):38.145	
O1):-0.837	O2):46.853	
O1):-0.828	O2):43.091	
O1):-0.817	O2):45.903	
O1):-0.781	O2):39.857	
O1):-0.834	O2):43.864	
O1):-0.878	O2):64.26	
O1):-0.77	O2):37.526	
O1):-0.8	O2):37.758	
O1):-0.705	O2):31.354	
O1):-0.776	O2):40.113	
O1):-0.854	O2):58.437	
O1):-0.87	O2):63.067	
O1):-0.822	O2):44.11	
O1):-0.845	O2):49.531	
O1):-0.832	O2):44.304	
Evaluations:	3800
O1):-0.755	O2):36.14	
O1):-0.709	O2):31.63	
O1):-0.822	O2):43.323	
O1):-0.827	O2):43.103	
Starting PrismExecutor worker 2 on port 11402
O1):-0.792	O2):38.045	
O1):-0.757	O2):36.389	
Connected worker 2 to port 11402
O1):-0.823	O2):42.409	
O1):-0.818	O2):42.436	
O1):-0.879	O2):64.756	
O1):-0.83	O2):43.816	
O1):-0.777	O2):35.872	
O1):-0.762	O2):36.221	
O1):-0.827	O2):43.307	
O1):-0.835	O2):44.144	
O1):-0.812	O2):42.342	
O1):-0.776	O2):35.675	
O1):-0.862	O2):53.97	
O1):-0.789	O2):38.754	
O1):-0.778	O2):37.3	
O1):-0.788	O2):38.654	
O1):-0.846	O2):48.382	
O1):-0.817	O2):45.896	
O1):-0.808	O2):42.593	
O1):-0.868	O2):64.07	
O1):-0.788	O2):39.426	
O1):-0.781	O2):39.18	
O1):-0.8	O2):38.492	
O1):-0.845	O2):49.259	
O1):-0.818	O2):42.146	
O1):-0.803	O2):40.364	
O1):-0.772	O2):36.623	
O1):-0.829	O2):43.226	
O1):-0.82	O2):42.569	
O1):-0.798	O2):39.056	
O1):-0.824	O2):42.405	
O1):-0.822	O2):43.088	
O1):-0.794	O2):40.55	
O1):-0.862	O2):53.77	
O1):-0.747	O2):35.624	
O1):-0.829	O2):43.959	
O1):-0.834	O2):48.046	
O1):-0.762	O2):35.812	
O1):-0.821	O2):45.333	
O1):-0.82	O2):42.569	
O1):-0.778	O2):38.4	
O1):-0.803	O2):42.795	
O1):-0.836	O2):44.149	
O1):-0.802	O2):38.907	
O1):-0.878	O2):64.227	
O1):-0.801	O2):38.006	
O1):-0.782	O2):36.247	
O1):-0.823	O2):43.824	
O1):-0.828	O2):43.587	
O1):-0.853	O2):48.898	
O1):-0.818	O2):42.918	
O1):-0.82	O2):42.569	
O1):-0.759	O2):35.87	
O1):-0.776	O2):35.832	
O1):-0.785	O2):38.062	
O1):-0.835	O2):44.144	
O1):-0.801	O2):38.006	
O1):-0.863	O2):58.576	
O1):-0.804	O2):42.909	
O1):-0.862	O2):53.928	
O1):-0.762	O2):36.382	
O1):-0.827	O2):43.301	
O1):-0.78	O2):37.828	
O1):-0.852	O2):49.777	
O1):-0.778	O2):36.267	
O1):-0.712	O2):30.602	
O1):-0.862	O2):54.07	
O1):-0.818	O2):46.052	
O1):-0.845	O2):48.232	
O1):-0.787	O2):40.819	
O1):-0.755	O2):33.824	
O1):-0.818	O2):42.436	
O1):-0.794	O2):40.667	
O1):-0.812	O2):39.341	
O1):-0.88	O2):65.116	
O1):-0.785	O2):36.758	
O1):-0.85	O2):48.323	
O1):-0.787	O2):38.359	
O1):-0.824	O2):42.518	
O1):-0.787	O2):40.82	
O1):-0.851	O2):52.56	
O1):-0.846	O2):48.214	
O1):-0.854	O2):53.431	
O1):-0.782	O2):39.972	
O1):-0.758	O2):37.654	
O1):-0.818	O2):42.918	
O1):-0.837	O2):46.618	
O1):-0.878	O2):64.259	
O1):-0.799	O2):39.189	
O1):-0.772	O2):37.956	
O1):-0.773	O2):38.344	
O1):-0.799	O2):38.263	
O1):-0.808	O2):39.085	
O1):-0.742	O2):34.992	
O1):-0.817	O2):41.871	
O1):-0.789	O2):38.754	
O1):-0.851	O2):52.618	
Starting PrismExecutor worker 5 on port 11435
O1):-0.862	O2):53.928	
O1):-0.85	O2):48.331	
O1):-0.85	O2):48.329	
O1):-0.836	O2):44.149	
O1):-0.861	O2):53.458	
O1):-0.804	O2):38.559	
Connected worker 5 to port 11435
O1):-0.796	O2):43.963	
O1):-0.776	O2):37.108	
O1):-0.802	O2):38.907	
O1):-0.829	O2):43.227	
O1):-0.835	O2):44.144	
O1):-0.782	O2):39.978	
O1):-0.796	O2):37.397	
O1):-0.792	O2):42.292	
O1):-0.83	O2):43.816	
O1):-0.779	O2):36.368	
O1):-0.803	O2):41.375	
O1):-0.833	O2):47.25	
O1):-0.805	O2):38.873	
O1):-0.872	O2):63.689	
O1):-0.829	O2):43.781	
O1):-0.779	O2):36.427	
O1):-0.805	O2):38.962	
O1):-0.806	O2):42.543	
O1):-0.821	O2):42.679	
O1):-0.817	O2):41.871	
O1):-0.752	O2):34.394	
O1):-0.758	O2):37.203	
O1):-0.836	O2):48.622	
O1):-0.761	O2):36.079	
O1):-0.763	O2):36.368	
O1):-0.812	O2):39.341	
O1):-0.796	O2):37.396	
O1):-0.75	O2):35.957	
O1):-0.824	O2):42.388	
O1):-0.818	O2):42.159	
O1):-0.78	O2):37.622	
O1):-0.859	O2):53.393	
O1):-0.731	O2):31.441	
O1):-0.778	O2):38.387	
O1):-0.828	O2):44.353	
O1):-0.862	O2):53.77	
O1):-0.837	O2):44.452	
O1):-0.829	O2):43.38	
O1):-0.779	O2):37.692	
O1):-0.765	O2):36.547	
O1):-0.844	O2):49.31	
O1):-0.88	O2):69.48	
O1):-0.802	O2):38.288	
O1):-0.809	O2):42.69	
O1):-0.862	O2):53.77	
O1):-0.846	O2):49.517	
O1):-0.744	O2):33.889	
O1):-0.847	O2):48.678	
O1):-0.746	O2):33.306	
O1):-0.787	O2):40.819	
O1):-0.821	O2):42.788	
O1):-0.779	O2):38.338	
O1):-0.757	O2):36.359	
O1):-0.724	O2):31.238	
O1):-0.805	O2):42.22	
O1):-0.798	O2):38.978	
O1):-0.835	O2):43.873	
O1):-0.801	O2):38.032	
O1):-0.798	O2):41.057	
O1):-0.871	O2):59.579	
Evaluations:	3900
O1):-0.853	O2):50.068	
O1):-0.778	O2):36.205	
O1):-0.7	O2):30.905	
O1):-0.804	O2):38.81	
O1):-0.785	O2):36.758	
O1):-0.783	O2):36.489	
O1):-0.827	O2):42.963	
O1):-0.812	O2):39.341	
O1):-0.824	O2):43.263	
O1):-0.757	O2):37.122	
O1):-0.85	O2):49.362	
O1):-0.843	O2):47.689	
O1):-0.872	O2):62.991	
O1):-0.747	O2):33.446	
O1):-0.756	O2):34.125	
O1):-0.867	O2):58.615	
O1):-0.709	O2):31.63	
O1):-0.836	O2):44.149	
O1):-0.726	O2):31.035	
O1):-0.756	O2):34.196	
O1):-0.851	O2):49.646	
O1):-0.804	O2):41.477	
O1):-0.85	O2):48.329	
O1):-0.87	O2):59.507	
O1):-0.755	O2):36.14	
O1):-0.762	O2):36.221	
O1):-0.834	O2):48.046	
O1):-0.835	O2):47.188	
O1):-0.812	O2):42.112	
O1):-0.794	O2):40.431	
O1):-0.779	O2):36.354	
O1):-0.818	O2):42.436	
O1):-0.836	O2):45.197	
Starting PrismExecutor worker 0 on port 11490
O1):-0.851	O2):49.536	
O1):-0.819	O2):42.274	
O1):-0.779	O2):36.368	
Connected worker 0 to port 11490
O1):-0.838	O2):44.589	
O1):-0.732	O2):31.815	
O1):-0.787	O2):38.359	
O1):-0.724	O2):31.238	
O1):-0.832	O2):43.573	
O1):-0.786	O2):38.829	
O1):-0.832	O2):44.304	
O1):-0.862	O2):53.918	
O1):-0.77	O2):37.526	
O1):-0.782	O2):36.659	
O1):-0.775	O2):36.934	
O1):-0.864	O2):59.264	
O1):-0.863	O2):54.282	
O1):-0.826	O2):43.435	
O1):-0.85	O2):48.323	
O1):-0.849	O2):49.529	
O1):-0.869	O2):58.745	
O1):-0.793	O2):38.145	
O1):-0.805	O2):38.874	
O1):-0.862	O2):53.913	
O1):-0.851	O2):52.618	
O1):-0.872	O2):62.991	
O1):-0.824	O2):42.541	
O1):-0.826	O2):42.681	
O1):-0.778	O2):38.387	
O1):-0.792	O2):41.899	
O1):-0.792	O2):41.899	
O1):-0.836	O2):48.25	
Evaluations:	3900
O1):-0.853	O2):48.903	
O1):-0.829	O2):43.781	
O1):-0.855	O2):49.561	
O1):-0.801	O2):38.78	
O1):-0.732	O2):31.815	
O1):-0.785	O2):38.062	
O1):-0.765	O2):36.546	
O1):-0.822	O2):43.088	
O1):-0.814	O2):42.575	
O1):-0.734	O2):31.986	
O1):-0.792	O2):41.899	
O1):-0.745	O2):33.23	
O1):-0.766	O2):36.887	
O1):-0.785	O2):38.025	
O1):-0.799	O2):38.263	
O1):-0.746	O2):33.34	
O1):-0.833	O2):46.384	
O1):-0.763	O2):36.688	
O1):-0.795	O2):44.227	
O1):-0.833	O2):43.585	
O1):-0.863	O2):58.966	
O1):-0.82	O2):42.707	
O1):-0.871	O2):63.546	
O1):-0.853	O2):48.898	
O1):-0.863	O2):54.282	
O1):-0.882	O2):78.571	
O1):-0.818	O2):42.199	
O1):-0.812	O2):42.385	
O1):-0.853	O2):50.219	
O1):-0.828	O2):43.596	
O1):-0.798	O2):42.346	
O1):-0.846	O2):48.229	
O1):-0.836	O2):44.204	
O1):-0.833	O2):43.446	
O1):-0.863	O2):58.994	
O1):-0.824	O2):48.028	
O1):-0.833	O2):43.599	
O1):-0.863	O2):58.996	
O1):-0.74	O2):34.55	
O1):-0.879	O2):64.756	
O1):-0.817	O2):41.53	
O1):-0.834	O2):43.738	
O1):-0.762	O2):36.221	
O1):-0.844	O2):48.801	
O1):-0.82	O2):42.678	
O1):-0.871	O2):63.979	
O1):-0.817	O2):41.53	
O1):-0.831	O2):44.119	
O1):-0.761	O2):36.116	
O1):-0.836	O2):44.201	
O1):-0.779	O2):37.414	
O1):-0.746	O2):33.307	
O1):-0.747	O2):33.446	
O1):-0.768	O2):36.978	
O1):-0.803	O2):40.364	
O1):-0.83	O2):43.651	
O1):-0.779	O2):38.526	
O1):-0.88	O2):69.478	
O1):-0.743	O2):35.038	
O1):-0.798	O2):39.056	
O1):-0.778	O2):37.954	
O1):-0.799	O2):39.184	
O1):-0.802	O2):38.054	
O1):-0.86	O2):53.613	
O1):-0.879	O2):68.974	
O1):-0.828	O2):44.087	
Starting PrismExecutor worker 5 on port 11475
O1):-0.802	O2):38.29	
Connected worker 5 to port 11475
O1):-0.758	O2):35.883	
O1):-0.78	O2):36.393	
O1):-0.78	O2):38.927	
O1):-0.766	O2):37.126	
O1):-0.732	O2):31.815	
O1):-0.863	O2):54.285	
O1):-0.776	O2):39.336	
O1):-0.871	O2):63.978	
O1):-0.828	O2):45.042	
O1):-0.83	O2):43.515	
O1):-0.872	O2):64.578	
O1):-0.812	O2):39.849	
O1):-0.807	O2):42.646	
O1):-0.834	O2):43.874	
O1):-0.818	O2):41.99	
O1):-0.824	O2):42.541	
O1):-0.673	O2):26.804	
O1):-0.83	O2):43.515	
O1):-0.862	O2):53.928	
O1):-0.785	O2):38.89	
Evaluations:	3800
O1):-0.781	O2):37.638	
O1):-0.76	O2):36.075	
O1):-0.846	O2):48.214	
O1):-0.844	O2):49.159	
O1):-0.814	O2):42.575	
O1):-0.756	O2):36.262	
O1):-0.863	O2):54.232	
O1):-0.799	O2):38.263	
O1):-0.812	O2):39.849	
O1):-0.827	O2):43.251	
O1):-0.788	O2):39.422	
O1):-0.855	O2):49.562	
O1):-0.795	O2):44.123	
O1):-0.8	O2):37.964	
O1):-0.85	O2):48.469	
O1):-0.763	O2):36.688	
O1):-0.832	O2):43.35	
O1):-0.779	O2):37.416	
O1):-0.862	O2):64.481	
O1):-0.743	O2):35.145	
O1):-0.805	O2):38.742	
O1):-0.87	O2):59.082	
O1):-0.878	O2):68.829	
O1):-0.871	O2):59.368	
O1):-0.812	O2):39.849	
O1):-0.755	O2):36.14	
O1):-0.791	O2):37.98	
O1):-0.811	O2):41.881	
O1):-0.77	O2):37.609	
O1):-0.832	O2):44.634	
O1):-0.827	O2):43.103	
O1):-0.846	O2):49.465	
O1):-0.853	O2):50.304	
O1):-0.853	O2):48.898	
O1):-0.774	O2):39.837	
O1):-0.846	O2):54.455	
O1):-0.82	O2):42.678	
O1):-0.847	O2):49.597	
O1):-0.786	O2):38.547	
O1):-0.836	O2):48.251	
O1):-0.872	O2):64.052	
O1):-0.803	O2):40.364	
O1):-0.83	O2):43.515	
O1):-0.842	O2):57.206	
O1):-0.831	O2):44.119	
O1):-0.862	O2):53.968	
O1):-0.852	O2):48.904	
O1):-0.854	O2):63.377	
O1):-0.862	O2):53.917	
O1):-0.818	O2):42.146	
O1):-0.756	O2):34.125	
O1):-0.817	O2):42.015	
O1):-0.841	O2):48.397	
O1):-0.844	O2):47.806	
O1):-0.847	O2):54.437	
O1):-0.798	O2):40.837	
O1):-0.869	O2):63.404	
O1):-0.773	O2):35.573	
O1):-0.712	O2):30.601	
O1):-0.844	O2):47.823	
O1):-0.743	O2):35.321	
O1):-0.804	O2):49.471	
O1):-0.783	O2):39.978	
O1):-0.803	O2):41.375	
O1):-0.846	O2):48.38	
O1):-0.826	O2):42.682	
O1):-0.783	O2):39.208	
O1):-0.792	O2):38.093	
O1):-0.834	O2):43.924	
O1):-0.836	O2):47.784	
O1):-0.801	O2):41.548	
O1):-0.723	O2):30.751	
O1):-0.818	O2):41.781	
Starting PrismExecutor worker 1 on port 11491
O1):-0.799	O2):39.183	
O1):-0.842	O2):48.507	
Connected worker 1 to port 11491
O1):-0.781	O2):37.834	
O1):-0.818	O2):46.033	
O1):-0.799	O2):38.263	
O1):-0.863	O2):54.285	
O1):-0.821	O2):43.448	
O1):-0.854	O2):49.251	
O1):-0.801	O2):38.817	
O1):-0.802	O2):42.524	
O1):-0.852	O2):48.846	
O1):-0.82	O2):45.195	
O1):-0.861	O2):53.688	
O1):-0.763	O2):36.688	
O1):-0.8	O2):38.492	
O1):-0.872	O2):63.689	
O1):-0.752	O2):34.575	
O1):-0.838	O2):47.504	
O1):-0.764	O2):36.236	
O1):-0.844	O2):49.08	
O1):-0.853	O2):48.898	
O1):-0.807	O2):42.646	
O1):-0.827	O2):43.251	
O1):-0.742	O2):35.015	
O1):-0.82	O2):43.691	
O1):-0.804	O2):41.628	
O1):-0.778	O2):36.205	
O1):-0.785	O2):38.062	
O1):-0.798	O2):37.963	
O1):-0.726	O2):31.035	
O1):-0.745	O2):33.23	
O1):-0.855	O2):69.095	
O1):-0.859	O2):53.343	
O1):-0.773	O2):38.406	
O1):-0.843	O2):47.361	
O1):-0.756	O2):36.262	
O1):-0.78	O2):37.709	
O1):-0.818	O2):42.159	
O1):-0.83	O2):43.823	
O1):-0.836	O2):44.21	
O1):-0.855	O2):49.562	
O1):-0.794	O2):38.28	
O1):-0.868	O2):58.667	
O1):-0.834	O2):43.797	
O1):-0.833	O2):51.768	
O1):-0.776	O2):40.97	
O1):-0.813	O2):68.822	
O1):-0.755	O2):36.153	
O1):-0.869	O2):58.735	
O1):-0.828	O2):44.323	
O1):-0.869	O2):58.745	
O1):-0.78	O2):37.709	
O1):-0.805	O2):41.782	
O1):-0.847	O2):48.678	
O1):-0.821	O2):43.448	
O1):-0.852	O2):50.455	
O1):-0.761	O2):36.19	
O1):-0.825	O2):42.881	
O1):-0.764	O2):36.76	
O1):-0.843	O2):47.688	
O1):-0.853	O2):58.643	
O1):-0.83	O2):43.816	
O1):-0.842	O2):48.4	
O1):-0.835	O2):45.083	
O1):-0.825	O2):44.625	
O1):-0.851	O2):53.619	
O1):-0.673	O2):26.804	
O1):-0.817	O2):41.871	
O1):-0.775	O2):40.08	
O1):-0.862	O2):53.968	
O1):-0.818	O2):42.918	
O1):-0.756	O2):34.125	
O1):-0.795	O2):38.483	
O1):-0.743	O2):35.14	
O1):-0.861	O2):53.837	
O1):-0.793	O2):38.255	
O1):-0.823	O2):42.387	
O1):-0.705	O2):31.354	
O1):-0.855	O2):49.561	
O1):-0.863	O2):54.265	
O1):-0.832	O2):43.524	
O1):-0.8	O2):38.492	
O1):-0.843	O2):47.752	
O1):-0.787	O2):37.8	
O1):-0.756	O2):34.125	
O1):-0.746	O2):33.297	
O1):-0.835	O2):45.083	
O1):-0.834	O2):48.046	
O1):-0.831	O2):52.178	
O1):-0.732	O2):31.612	
O1):-0.859	O2):53.418	
O1):-0.746	O2):33.306	
O1):-0.744	O2):33.889	
O1):-0.837	O2):44.284	
O1):-0.863	O2):62.655	
O1):-0.872	O2):63.689	
O1):-0.821	O2):43.448	
O1):-0.743	O2):36.144	
O1):-0.836	O2):44.149	
O1):-0.859	O2):53.339	
O1):-0.854	O2):58.565	
O1):-0.785	O2):36.758	
O1):-0.846	O2):49.464	
Starting PrismExecutor worker 4 on port 11474
Connected worker 4 to port 11474
O1):-0.828	O2):43.229	
O1):-0.853	O2):50.304	
O1):-0.833	O2):44.554	
O1):-0.805	O2):38.873	
O1):-0.859	O2):53.377	
O1):-0.785	O2):36.758	
O1):-0.753	O2):34.478	
O1):-0.837	O2):44.434	
Evaluations:	3800
O1):-0.776	O2):40.199	
O1):-0.787	O2):37.8	
O1):-0.827	O2):42.963	
O1):-0.802	O2):38.062	
O1):-0.795	O2):38.483	
O1):-0.817	O2):41.871	
O1):-0.799	O2):38.263	
O1):-0.724	O2):31.238	
O1):-0.818	O2):42.146	
Evaluations:	3400
O1):-0.872	O2):62.991	
O1):-0.782	O2):36.247	
O1):-0.872	O2):63.689	
O1):-0.808	O2):39.085	
O1):-0.845	O2):48.261	
O1):-0.821	O2):43.059	
O1):-0.78	O2):38.409	
O1):-0.781	O2):38.947	
O1):-0.805	O2):42.313	
O1):-0.756	O2):34.125	
O1):-0.714	O2):32.068	
O1):-0.822	O2):42.885	
O1):-0.828	O2):43.376	
O1):-0.811	O2):39.207	
O1):-0.786	O2):38.353	
O1):-0.765	O2):36.546	
O1):-0.826	O2):44.937	
O1):-0.787	O2):38.433	
O1):-0.822	O2):42.885	
O1):-0.785	O2):38.025	
O1):-0.746	O2):35.628	
O1):-0.788	O2):39.426	
O1):-0.832	O2):43.35	
O1):-0.853	O2):50.304	
O1):-0.709	O2):31.63	
O1):-0.855	O2):49.561	
O1):-0.805	O2):41.645	
O1):-0.773	O2):38.537	
O1):-0.792	O2):37.877	
O1):-0.853	O2):53.058	
O1):-0.793	O2):38.129	
O1):-0.835	O2):50.676	
O1):-0.861	O2):53.912	
O1):-0.77	O2):37.526	
O1):-0.861	O2):53.912	
O1):-0.861	O2):53.912	
O1):-0.794	O2):38.28	
O1):-0.871	O2):59.504	
O1):-0.802	O2):41.289	
O1):-0.776	O2):39.336	
O1):-0.861	O2):53.458	
O1):-0.811	O2):41.881	
O1):-0.846	O2):49.466	
O1):-0.817	O2):43.889	
O1):-0.863	O2):54.265	
O1):-0.78	O2):37.709	
O1):-0.757	O2):36.389	
O1):-0.726	O2):31.612	
O1):-0.763	O2):36.044	
O1):-0.83	O2):43.53	
O1):-0.819	O2):42.071	
O1):-0.781	O2):37.834	
O1):-0.862	O2):53.917	
O1):-0.778	O2):40.66	
O1):-0.878	O2):68.829	
O1):-0.814	O2):43.285	
O1):-0.781	O2):37.632	
O1):-0.859	O2):54.205	
O1):-0.824	O2):44.546	
O1):-0.799	O2):39.183	
O1):-0.834	O2):46.063	
O1):-0.854	O2):53.432	
O1):-0.766	O2):37.116	
O1):-0.812	O2):43.226	
O1):-0.843	O2):47.791	
O1):-0.845	O2):48.232	
O1):-0.831	O2):44.119	
O1):-0.782	O2):36.247	
O1):-0.868	O2):58.661	
O1):-0.78	O2):37.736	
O1):-0.853	O2):48.9	
O1):-0.844	O2):49.015	
O1):-0.879	O2):68.974	
O1):-0.855	O2):49.562	
O1):-0.785	O2):40.549	
Starting PrismExecutor worker 1 on port 11441
O1):-0.804	O2):41.533	
O1):-0.824	O2):42.388	
O1):-0.835	O2):44.144	
Connected worker 1 to port 11441
O1):-0.853	O2):50.304	
O1):-0.74	O2):34.759	
O1):-0.812	O2):39.849	
O1):-0.835	O2):44.14	
O1):-0.818	O2):41.781	
O1):-0.863	O2):54.265	
O1):-0.868	O2):58.594	
O1):-0.841	O2):47.247	
O1):-0.859	O2):54.204	
O1):-0.801	O2):41.548	
O1):-0.806	O2):42.256	
O1):-0.821	O2):42.323	
O1):-0.779	O2):36.426	
O1):-0.87	O2):59.531	
O1):-0.85	O2):48.269	
O1):-0.755	O2):36.14	
O1):-0.812	O2):42.112	
O1):-0.863	O2):54.286	
O1):-0.845	O2):49.552	
O1):-0.811	O2):39.207	
O1):-0.758	O2):37.209	
O1):-0.76	O2):36.075	
O1):-0.808	O2):39.085	
O1):-0.863	O2):58.576	
O1):-0.862	O2):54.393	
O1):-0.828	O2):43.689	
O1):-0.759	O2):35.57	
O1):-0.825	O2):51.048	
O1):-0.852	O2):54.219	
O1):-0.818	O2):44.738	
O1):-0.746	O2):33.306	
O1):-0.743	O2):33.597	
O1):-0.853	O2):53.058	
O1):-0.733	O2):32.017	
O1):-0.728	O2):31.308	
Evaluations:	3600
O1):-0.846	O2):48.381	
O1):-0.793	O2):43.549	
O1):-0.834	O2):43.859	
O1):-0.841	O2):47.225	
O1):-0.822	O2):43.088	
O1):-0.791	O2):40.011	
O1):-0.862	O2):54.07	
O1):-0.824	O2):43.214	
O1):-0.788	O2):40.692	
O1):-0.837	O2):46.618	
O1):-0.868	O2):58.667	
O1):-0.757	O2):36.389	
O1):-0.868	O2):58.594	
O1):-0.819	O2):42.39	
O1):-0.822	O2):43.068	
O1):-0.811	O2):41.881	
O1):-0.85	O2):48.269	
O1):-0.779	O2):36.426	
O1):-0.855	O2):49.561	
O1):-0.798	O2):38.978	
O1):-0.724	O2):31.238	
O1):-0.85	O2):48.329	
O1):-0.868	O2):63.371	
O1):-0.796	O2):44.479	
O1):-0.854	O2):53.431	
O1):-0.833	O2):43.599	
O1):-0.787	O2):38.433	
O1):-0.748	O2):35.753	
O1):-0.776	O2):35.832	
O1):-0.832	O2):43.35	
O1):-0.863	O2):54.302	
O1):-0.845	O2):49.102	
O1):-0.87	O2):63.067	
O1):-0.841	O2):48.297	
O1):-0.861	O2):59.526	
O1):-0.798	O2):39.057	
O1):-0.746	O2):33.34	
O1):-0.823	O2):42.99	
O1):-0.76	O2):36.238	
O1):-0.878	O2):64.227	
O1):-0.854	O2):53.431	
O1):-0.823	O2):44.223	
O1):-0.803	O2):38.534	
O1):-0.834	O2):43.738	
O1):-0.828	O2):43.596	
O1):-0.82	O2):42.248	
O1):-0.861	O2):54.198	
O1):-0.845	O2):48.065	
O1):-0.777	O2):35.928	
O1):-0.868	O2):63.358	
O1):-0.845	O2):49.102	
O1):-0.804	O2):38.559	
O1):-0.818	O2):42.166	
O1):-0.835	O2):44.14	
O1):-0.742	O2):34.851	
O1):-0.868	O2):63.371	
Starting PrismExecutor worker 5 on port 11485
O1):-0.766	O2):37.122	
O1):-0.879	O2):68.974	
Connected worker 5 to port 11485
O1):-0.705	O2):31.354	
O1):-0.803	O2):38.566	
O1):-0.862	O2):53.971	
O1):-0.828	O2):43.43	
O1):-0.778	O2):37.215	
O1):-0.818	O2):42.436	
O1):-0.793	O2):38.064	
O1):-0.794	O2):42.674	
O1):-0.86	O2):53.769	
O1):-0.846	O2):48.214	
O1):-0.822	O2):47.673	
O1):-0.828	O2):44.641	
O1):-0.81	O2):39.562	
O1):-0.85	O2):48.329	
O1):-0.801	O2):38.004	
O1):-0.859	O2):53.336	
O1):-0.872	O2):62.991	
O1):-0.854	O2):49.251	
O1):-0.803	O2):40.364	
O1):-0.802	O2):38.914	
O1):-0.872	O2):64.052	
O1):-0.87	O2):63.067	
O1):-0.836	O2):44.204	
O1):-0.859	O2):53.339	
O1):-0.851	O2):52.441	
O1):-0.823	O2):42.409	
O1):-0.828	O2):43.139	
O1):-0.849	O2):49.529	
O1):-0.854	O2):49.416	
O1):-0.817	O2):41.884	
O1):-0.793	O2):38.145	
O1):-0.824	O2):44.433	
O1):-0.789	O2):38.754	
O1):-0.864	O2):59.27	
O1):-0.819	O2):41.992	
O1):-0.88	O2):64.724	
O1):-0.821	O2):43.364	
O1):-0.821	O2):44.292	
O1):-0.834	O2):48.046	
O1):-0.827	O2):43.251	
O1):-0.805	O2):38.742	
O1):-0.851	O2):49.536	
O1):-0.791	O2):37.981	
O1):-0.772	O2):41.913	
O1):-0.849	O2):49.529	
O1):-0.825	O2):42.546	
O1):-0.792	O2):38.045	
O1):-0.795	O2):44.087	
O1):-0.747	O2):35.624	
O1):-0.743	O2):33.604	
O1):-0.809	O2):42.727	
O1):-0.738	O2):32.057	
O1):-0.779	O2):36.354	
O1):-0.773	O2):35.573	
O1):-0.776	O2):35.675	
O1):-0.767	O2):36.829	
O1):-0.824	O2):43.211	
O1):-0.746	O2):35.628	
O1):-0.78	O2):37.649	
O1):-0.825	O2):44.625	
O1):-0.817	O2):43.876	
O1):-0.802	O2):44.924	
O1):-0.868	O2):58.667	
O1):-0.862	O2):53.917	
O1):-0.817	O2):41.871	
O1):-0.772	O2):44.548	
O1):-0.744	O2):35.153	
O1):-0.793	O2):38.126	
O1):-0.808	O2):39.085	
O1):-0.795	O2):38.406	
O1):-0.741	O2):34.759	
O1):-0.77	O2):37.194	
O1):-0.825	O2):44.625	
O1):-0.748	O2):35.347	
O1):-0.78	O2):37.709	
O1):-0.829	O2):44.036	
O1):-0.852	O2):54.566	
O1):-0.823	O2):42.387	
O1):-0.782	O2):38.922	
O1):-0.818	O2):42.157	
O1):-0.818	O2):41.781	
O1):-0.773	O2):38.631	
O1):-0.756	O2):34.125	
O1):-0.846	O2):54.462	
O1):-0.859	O2):53.277	
O1):-0.838	O2):47.155	
O1):-0.85	O2):48.323	
O1):-0.763	O2):36.062	
O1):-0.852	O2):49.777	
O1):-0.807	O2):42.648	
O1):-0.781	O2):37.693	
O1):-0.837	O2):48.905	
O1):-0.747	O2):33.447	
O1):-0.802	O2):40.072	
O1):-0.74	O2):32.783	
Starting PrismExecutor worker 0 on port 11450
O1):-0.844	O2):47.806	
O1):-0.745	O2):32.766	
O1):-0.776	O2):35.675	
Connected worker 0 to port 11450
O1):-0.813	O2):42.681	
O1):-0.833	O2):43.583	
O1):-0.815	O2):43.569	
O1):-0.817	O2):42.194	
O1):-0.809	O2):42.728	
O1):-0.853	O2):48.9	
O1):-0.835	O2):46.655	
O1):-0.791	O2):37.982	
O1):-0.826	O2):42.665	
O1):-0.801	O2):38.78	
O1):-0.743	O2):33.604	
O1):-0.748	O2):35.94	
O1):-0.823	O2):44.223	
O1):-0.725	O2):31.531	
O1):-0.764	O2):34.547	
O1):-0.834	O2):46.063	
O1):-0.76	O2):36.091	
O1):-0.837	O2):46.618	
O1):-0.835	O2):47.188	
O1):-0.787	O2):37.8	
O1):-0.818	O2):42.593	
O1):-0.778	O2):37.215	
O1):-0.741	O2):34.758	
O1):-0.793	O2):43.691	
O1):-0.879	O2):68.974	
O1):-0.792	O2):37.885	
O1):-0.784	O2):40.098	
O1):-0.785	O2):38.062	
O1):-0.818	O2):42.918	
O1):-0.748	O2):37.122	
O1):-0.753	O2):34.487	
O1):-0.802	O2):40.067	
O1):-0.882	O2):78.571	
O1):-0.804	O2):41.477	
O1):-0.805	O2):38.873	
O1):-0.827	O2):43.76	
O1):-0.871	O2):59.579	
O1):-0.779	O2):40.287	
O1):-0.808	O2):39.085	
Evaluations:	3900
O1):-0.732	O2):31.815	
O1):-0.846	O2):48.23	
O1):-0.74	O2):32.79	
O1):-0.862	O2):54.07	
O1):-0.835	O2):44.142	
O1):-0.793	O2):38.064	
O1):-0.846	O2):48.381	
O1):-0.847	O2):49.616	
O1):-0.757	O2):35.624	
O1):-0.795	O2):44.227	
O1):-0.822	O2):43.12	
O1):-0.798	O2):37.963	
O1):-0.824	O2):42.388	
O1):-0.785	O2):40.457	
O1):-0.88	O2):64.724	
O1):-0.747	O2):33.443	
O1):-0.864	O2):59.264	
O1):-0.827	O2):43.251	
O1):-0.744	O2):33.889	
O1):-0.759	O2):35.57	
O1):-0.818	O2):42.436	
O1):-0.834	O2):46.063	
O1):-0.844	O2):48.093	
O1):-0.844	O2):49.012	
O1):-0.851	O2):52.554	
O1):-0.821	O2):43.448	
O1):-0.712	O2):31.855	
Evaluations:	3400
O1):-0.844	O2):48.093	
O1):-0.818	O2):46.032	
O1):-0.842	O2):48.537	
O1):-0.805	O2):64.399	
O1):-0.777	O2):38.319	
O1):-0.829	O2):43.384	
O1):-0.776	O2):37.108	
O1):-0.835	O2):46.344	
O1):-0.844	O2):48.093	
O1):-0.851	O2):52.622	
O1):-0.851	O2):49.536	
O1):-0.817	O2):43.876	
O1):-0.83	O2):43.515	
O1):-0.845	O2):48.378	
O1):-0.871	O2):59.724	
O1):-0.846	O2):48.38	
O1):-0.862	O2):54.07	
O1):-0.776	O2):35.679	
O1):-0.826	O2):44.937	
O1):-0.853	O2):48.9	
O1):-0.82	O2):42.514	
O1):-0.805	O2):41.645	
O1):-0.87	O2):63.831	
O1):-0.842	O2):47.212	
O1):-0.759	O2):35.57	
O1):-0.817	O2):42.033	
Evaluations:	3200
Starting PrismExecutor worker 0 on port 11470
O1):-0.834	O2):43.859	
Connected worker 0 to port 11470
O1):-0.731	O2):31.531	
O1):-0.853	O2):58.644	
O1):-0.837	O2):46.618	
O1):-0.813	O2):58.827	
O1):-0.826	O2):52.704	
O1):-0.821	O2):42.323	
O1):-0.785	O2):43.187	
O1):-0.764	O2):40.811	
O1):-0.732	O2):31.612	
O1):-0.836	O2):45.333	
O1):-0.86	O2):53.769	
O1):-0.822	O2):43.324	
O1):-0.836	O2):48.417	
O1):-0.743	O2):35.036	
O1):-0.7	O2):30.905	
O1):-0.796	O2):44.592	
O1):-0.803	O2):41.407	
O1):-0.881	O2):74.508	
O1):-0.735	O2):34.748	
O1):-0.86	O2):53.536	
O1):-0.859	O2):54.204	
O1):-0.758	O2):38.854	
O1):-0.824	O2):43.211	
O1):-0.808	O2):39.085	
O1):-0.816	O2):42.669	
O1):-0.844	O2):47.823	
O1):-0.791	O2):37.98	
O1):-0.832	O2):48.222	
O1):-0.834	O2):46.063	
O1):-0.862	O2):54.069	
O1):-0.808	O2):42.593	
O1):-0.88	O2):74.363	
O1):-0.822	O2):44.195	
O1):-0.778	O2):36.234	
O1):-0.832	O2):43.363	
O1):-0.854	O2):50.624	
O1):-0.834	O2):43.859	
O1):-0.844	O2):49.17	
O1):-0.833	O2):43.446	
O1):-0.82	O2):42.569	
O1):-0.819	O2):41.992	
O1):-0.833	O2):43.642	
O1):-0.792	O2):38.008	
O1):-0.803	O2):41.59	
O1):-0.853	O2):48.9	
O1):-0.834	O2):43.89	
O1):-0.793	O2):38.126	
O1):-0.783	O2):36.489	
O1):-0.824	O2):42.636	
O1):-0.837	O2):44.283	
O1):-0.802	O2):40.067	
O1):-0.817	O2):42.03	
O1):-0.85	O2):58.443	
O1):-0.817	O2):42.03	
O1):-0.851	O2):49.504	
O1):-0.812	O2):43.879	
O1):-0.801	O2):41.548	
O1):-0.78	O2):37.649	
O1):-0.804	O2):45.925	
O1):-0.764	O2):34.547	
O1):-0.787	O2):37.8	
O1):-0.786	O2):37.356	
O1):-0.829	O2):43.38	
O1):-0.803	O2):38.534	
O1):-0.814	O2):42.835	
O1):-0.853	O2):50.304	
O1):-0.859	O2):54.193	
O1):-0.87	O2):63.067	
O1):-0.833	O2):43.642	
O1):-0.734	O2):31.986	
O1):-0.863	O2):58.994	
O1):-0.745	O2):32.766	
O1):-0.852	O2):48.846	
O1):-0.787	O2):40.865	
O1):-0.87	O2):59.222	
O1):-0.842	O2):47.809	
O1):-0.853	O2):48.9	
O1):-0.801	O2):41.548	
O1):-0.846	O2):48.214	
O1):-0.673	O2):26.804	
O1):-0.705	O2):31.354	
O1):-0.837	O2):44.433	
O1):-0.872	O2):63.689	
O1):-0.731	O2):31.531	
O1):-0.834	O2):46.063	
O1):-0.78	O2):36.479	
O1):-0.82	O2):43.027	
O1):-0.777	O2):37.79	
O1):-0.798	O2):38.978	
O1):-0.781	O2):37.638	
O1):-0.863	O2):54.232	
Starting PrismExecutor worker 1 on port 11481
Starting PrismExecutor worker 2 on port 11412
O1):-0.862	O2):53.928	
Connected worker 1 to port 11481
Connected worker 2 to port 11412
O1):-0.785	O2):40.298	
O1):-0.845	O2):49.225	
O1):-0.793	O2):38.064	
O1):-0.862	O2):54.07	
O1):-0.804	O2):41.533	
O1):-0.854	O2):53.431	
O1):-0.712	O2):30.601	
O1):-0.846	O2):48.229	
O1):-0.731	O2):31.441	
O1):-0.844	O2):49.07	
O1):-0.832	O2):43.35	
O1):-0.836	O2):45.197	
O1):-0.826	O2):42.985	
O1):-0.812	O2):42.112	
O1):-0.835	O2):44.14	
O1):-0.832	O2):43.35	
O1):-0.779	O2):40.41	
O1):-0.853	O2):48.905	
O1):-0.843	O2):48.966	
O1):-0.827	O2):44.778	
O1):-0.869	O2):58.745	
O1):-0.85	O2):48.28	
O1):-0.787	O2):37.8	
O1):-0.742	O2):35.003	
O1):-0.787	O2):38.433	
O1):-0.784	O2):38.648	
O1):-0.852	O2):49.777	
O1):-0.812	O2):39.341	
O1):-0.787	O2):37.8	
O1):-0.859	O2):53.343	
O1):-0.783	O2):36.518	
O1):-0.779	O2):36.426	
O1):-0.726	O2):31.035	
O1):-0.708	O2):31.618	
O1):-0.733	O2):31.978	
O1):-0.75	O2):35.837	
O1):-0.829	O2):44.035	
O1):-0.863	O2):54.433	
O1):-0.778	O2):36.077	
O1):-0.798	O2):37.964	
O1):-0.792	O2):38.008	
O1):-0.841	O2):48.401	
O1):-0.836	O2):45.333	
O1):-0.85	O2):48.337	
O1):-0.869	O2):63.404	
O1):-0.778	O2):36.242	
O1):-0.785	O2):36.758	
O1):-0.82	O2):42.678	
O1):-0.833	O2):44.554	
O1):-0.779	O2):37.692	
O1):-0.82	O2):42.678	
O1):-0.733	O2):32.029	
O1):-0.751	O2):34.242	
O1):-0.829	O2):43.226	
O1):-0.74	O2):32.79	
O1):-0.766	O2):37.116	
O1):-0.832	O2):44.304	
O1):-0.847	O2):49.602	
O1):-0.853	O2):48.898	
O1):-0.814	O2):42.575	
O1):-0.757	O2):36.389	
O1):-0.841	O2):49.4	
-------------------------------------------------
SOLUTIONS: 	100

Pareto Front and Pareto set saved at: data/ROBOT14_REP0/NSGAII/
Pareto Front: data/ROBOT14_REP0/NSGAII/ROBOT14_REP0_NSGAII_012044_020826_Front
Pareto Set: data/ROBOT14_REP0/NSGAII/ROBOT14_REP0_NSGAII_012044_020826_Set
O1):-0.7	O2):30.905	
O1):-0.747	O2):33.446	
O1):-0.832	O2):43.35	
O1):-0.777	O2):39.806	
O1):-0.741	O2):34.758	
O1):-0.778	O2):36.205	
O1):-0.869	O2):63.404	
O1):-0.791	O2):38.412	
O1):-0.785	O2):38.025	
O1):-0.837	O2):44.427	
O1):-0.77	O2):37.526	
O1):-0.781	O2):36.429	
O1):-0.841	O2):47.247	
O1):-0.778	O2):38.387	
O1):-0.783	O2):36.489	
O1):-0.779	O2):38.365	
O1):-0.833	O2):43.446	
O1):-0.833	O2):44.554	
O1):-0.778	O2):37.213	
O1):-0.779	O2):36.426	
O1):-0.804	O2):38.582	
O1):-0.772	O2):36.623	
O1):-0.863	O2):54.265	
O1):-0.835	O2):45.083	
O1):-0.787	O2):37.8	
O1):-0.843	O2):62.184	
O1):-0.783	O2):36.489	
O1):-0.838	O2):44.727	
O1):-0.851	O2):48.688	
O1):-0.871	O2):59.368	
O1):-0.851	O2):49.536	
O1):-0.834	O2):52.094	
O1):-0.834	O2):43.948	
O1):-0.842	O2):47.809	
O1):-0.748	O2):35.287	
O1):-0.743	O2):35.03	
O1):-0.791	O2):37.98	
O1):-0.8	O2):39.361	
O1):-0.785	O2):44.03	
O1):-0.862	O2):54.069	
O1):-0.799	O2):42.79	
O1):-0.854	O2):53.431	
O1):-0.74	O2):32.79	
O1):-0.786	O2):39.133	
O1):-0.867	O2):58.615	
O1):-0.812	O2):39.444	
O1):-0.768	O2):37.477	
O1):-0.776	O2):35.675	
O1):-0.772	O2):38.127	
O1):-0.828	O2):43.747	
O1):-0.779	O2):36.371	
O1):-0.766	O2):37.122	
O1):-0.742	O2):35.639	
O1):-0.801	O2):38.004	
O1):-0.792	O2):37.877	
O1):-0.828	O2):43.747	
O1):-0.728	O2):31.308	
O1):-0.845	O2):53.817	
O1):-0.82	O2):42.248	
O1):-0.861	O2):53.458	
O1):-0.817	O2):45.826	
O1):-0.838	O2):47.615	
O1):-0.793	O2):38.255	
O1):-0.818	O2):42.157	
O1):-0.822	O2):42.867	
O1):-0.74	O2):34.759	
O1):-0.757	O2):36.389	
O1):-0.85	O2):48.33	
O1):-0.782	O2):39.978	
O1):-0.812	O2):42.112	
O1):-0.786	O2):37.356	
-------------------------------------------------
SOLUTIONS: 	100

Pareto Front and Pareto set saved at: data/ROBOT14_REP5/NSGAII/
Pareto Front: data/ROBOT14_REP5/NSGAII/ROBOT14_REP5_NSGAII_012117_020826_Front
Pareto Set: data/ROBOT14_REP5/NSGAII/ROBOT14_REP5_NSGAII_012117_020826_Set
O1):-0.845	O2):47.92	
O1):-0.787	O2):37.8	
O1):-0.822	O2):43.088	
O1):-0.872	O2):64.052	
O1):-0.776	O2):35.675	
O1):-0.862	O2):53.913	
O1):-0.854	O2):53.431	
O1):-0.833	O2):51.768	
O1):-0.862	O2):54.111	
O1):-0.853	O2):58.638	
O1):-0.853	O2):49.106	
O1):-0.859	O2):54.204	
O1):-0.81	O2):42.024	
O1):-0.833	O2):51.807	
O1):-0.861	O2):53.837	
O1):-0.846	O2):48.604	
O1):-0.843	O2):47.361	
O1):-0.82	O2):42.691	
O1):-0.75	O2):35.841	
O1):-0.8	O2):38.492	
O1):-0.761	O2):36.189	
O1):-0.816	O2):42.67	
O1):-0.732	O2):31.815	
O1):-0.824	O2):42.636	
O1):-0.854	O2):53.223	
O1):-0.854	O2):53.431	
O1):-0.81	O2):39.562	
O1):-0.801	O2):41.548	
O1):-0.757	O2):39.206	
O1):-0.844	O2):47.823	
O1):-0.872	O2):64.052	
O1):-0.747	O2):35.624	
O1):-0.778	O2):36.374	
O1):-0.791	O2):40.951	
O1):-0.818	O2):42.436	
O1):-0.733	O2):32.029	
O1):-0.793	O2):38.145	
O1):-0.772	O2):40.643	
O1):-0.835	O2):43.873	
O1):-0.78	O2):37.661	
O1):-0.776	O2):35.84	
O1):-0.851	O2):49.536	
O1):-0.833	O2):44.735	
O1):-0.771	O2):38.1	
O1):-0.826	O2):42.681	
O1):-0.77	O2):37.526	
O1):-0.863	O2):58.996	
O1):-0.794	O2):38.28	
O1):-0.847	O2):48.678	
O1):-0.862	O2):53.97	
O1):-0.837	O2):44.421	
O1):-0.844	O2):47.806	
O1):-0.753	O2):36.204	
O1):-0.872	O2):63.689	
O1):-0.854	O2):53.431	
O1):-0.86	O2):53.536	
O1):-0.795	O2):38.406	
O1):-0.802	O2):42.524	
O1):-0.816	O2):41.758	
O1):-0.802	O2):38.907	
O1):-0.787	O2):42.047	
O1):-0.7	O2):30.904	
O1):-0.742	O2):34.975	
O1):-0.801	O2):38.78	
O1):-0.869	O2):63.404	
O1):-0.82	O2):43.016	
O1):-0.792	O2):37.877	
O1):-0.833	O2):43.599	
O1):-0.863	O2):54.433	
O1):-0.819	O2):42.438	
O1):-0.763	O2):36.689	
O1):-0.849	O2):49.529	
O1):-0.752	O2):34.575	
Evaluations:	3900
O1):-0.773	O2):38.537	
O1):-0.742	O2):34.975	
O1):-0.787	O2):37.8	
O1):-0.817	O2):41.864	
O1):-0.805	O2):38.873	
O1):-0.869	O2):63.404	
O1):-0.799	O2):38.263	
O1):-0.76	O2):36.085	
O1):-0.781	O2):37.638	
O1):-0.733	O2):32.017	
O1):-0.869	O2):63.404	
O1):-0.82	O2):42.569	
O1):-0.845	O2):47.92	
O1):-0.872	O2):64.052	
O1):-0.864	O2):59.27	
O1):-0.779	O2):36.426	
O1):-0.859	O2):53.339	
O1):-0.812	O2):42.342	
O1):-0.82	O2):42.569	
O1):-0.809	O2):39.139	
O1):-0.808	O2):39.085	
O1):-0.845	O2):49.504	
O1):-0.8	O2):38.492	
O1):-0.786	O2):38.864	
O1):-0.869	O2):58.745	
O1):-0.784	O2):44.048	
O1):-0.863	O2):54.276	
O1):-0.862	O2):53.97	
O1):-0.75	O2):35.837	
O1):-0.819	O2):42.39	
O1):-0.804	O2):38.581	
O1):-0.741	O2):34.76	
O1):-0.811	O2):41.881	
O1):-0.86	O2):53.536	
O1):-0.845	O2):47.785	
O1):-0.793	O2):38.132	
O1):-0.838	O2):44.727	
O1):-0.873	O2):74.011	
O1):-0.853	O2):48.9	
O1):-0.778	O2):36.148	
O1):-0.8	O2):39.361	
O1):-0.743	O2):33.604	
O1):-0.748	O2):33.569	
O1):-0.851	O2):52.618	
O1):-0.834	O2):43.736	
O1):-0.849	O2):49.529	
O1):-0.823	O2):42.387	
O1):-0.673	O2):26.804	
O1):-0.816	O2):41.738	
O1):-0.673	O2):26.804	
O1):-0.854	O2):49.251	
O1):-0.833	O2):43.585	
O1):-0.786	O2):38.864	
O1):-0.765	O2):37.474	
O1):-0.813	O2):39.586	
O1):-0.851	O2):49.646	
O1):-0.847	O2):49.602	
O1):-0.838	O2):44.727	
O1):-0.861	O2):53.912	
O1):-0.833	O2):43.504	
O1):-0.834	O2):44.801	
O1):-0.863	O2):54.265	
O1):-0.74	O2):34.759	
O1):-0.859	O2):54.206	
O1):-0.828	O2):44.087	
O1):-0.836	O2):44.148	
O1):-0.862	O2):53.917	
O1):-0.807	O2):47.352	
O1):-0.844	O2):48.093	
O1):-0.846	O2):48.749	
O1):-0.863	O2):54.265	
O1):-0.77	O2):37.526	
O1):-0.844	O2):48.093	
O1):-0.785	O2):36.758	
O1):-0.799	O2):38.263	
O1):-0.753	O2):34.478	
O1):-0.731	O2):31.531	
O1):-0.836	O2):46.955	
O1):-0.854	O2):53.432	
O1):-0.743	O2):35.331	
O1):-0.744	O2):33.889	
O1):-0.824	O2):43.211	
O1):-0.783	O2):36.489	
O1):-0.855	O2):49.561	
O1):-0.837	O2):48.757	
O1):-0.757	O2):39.088	
O1):-0.745	O2):33.23	
O1):-0.804	O2):41.848	
O1):-0.838	O2):47.155	
O1):-0.863	O2):54.265	
O1):-0.795	O2):38.406	
O1):-0.823	O2):42.409	
O1):-0.862	O2):53.97	
O1):-0.823	O2):43.89	
O1):-0.864	O2):59.264	
O1):-0.8	O2):39.361	
O1):-0.783	O2):36.489	
O1):-0.828	O2):43.556	
O1):-0.773	O2):38.273	
O1):-0.726	O2):31.035	
O1):-0.843	O2):47.506	
O1):-0.832	O2):43.35	
O1):-0.835	O2):44.14	
O1):-0.788	O2):39.422	
O1):-0.829	O2):43.226	
O1):-0.802	O2):38.907	
O1):-0.794	O2):38.28	
O1):-0.731	O2):31.531	
O1):-0.837	O2):44.453	
O1):-0.793	O2):38.156	
O1):-0.747	O2):35.632	
O1):-0.863	O2):59.911	
O1):-0.757	O2):36.389	
O1):-0.802	O2):38.29	
O1):-0.819	O2):46.009	
O1):-0.842	O2):47.212	
O1):-0.836	O2):45.197	
O1):-0.828	O2):43.434	
O1):-0.853	O2):49.209	
O1):-0.816	O2):41.738	
O1):-0.778	O2):40.492	
O1):-0.86	O2):53.536	
O1):-0.828	O2):43.139	
O1):-0.805	O2):38.873	
O1):-0.673	O2):26.804	
O1):-0.753	O2):34.478	
O1):-0.822	O2):43.072	
O1):-0.801	O2):41.749	
O1):-0.838	O2):47.466	
O1):-0.862	O2):53.917	
O1):-0.836	O2):45.333	
O1):-0.779	O2):36.427	
Evaluations:	3900
O1):-0.82	O2):42.569	
O1):-0.836	O2):44.148	
O1):-0.802	O2):38.907	
O1):-0.8	O2):38.492	
O1):-0.837	O2):44.283	
O1):-0.863	O2):54.282	
O1):-0.833	O2):43.599	
O1):-0.853	O2):50.304	
O1):-0.85	O2):48.307	
O1):-0.873	O2):74.01	
O1):-0.831	O2):43.4	
O1):-0.828	O2):43.596	
O1):-0.845	O2):49.335	
O1):-0.799	O2):39.184	
O1):-0.809	O2):42.687	
O1):-0.785	O2):44.03	
O1):-0.805	O2):41.645	
O1):-0.853	O2):48.9	
O1):-0.785	O2):40.456	
O1):-0.785	O2):36.758	
O1):-0.863	O2):54.302	
O1):-0.804	O2):42.13	
O1):-0.822	O2):43.088	
O1):-0.878	O2):64.227	
O1):-0.785	O2):38.024	
O1):-0.778	O2):36.267	
O1):-0.833	O2):44.554	
O1):-0.786	O2):38.345	
O1):-0.739	O2):32.202	
O1):-0.833	O2):43.599	
O1):-0.836	O2):45.333	
O1):-0.844	O2):49.309	
O1):-0.859	O2):53.244	
O1):-0.747	O2):33.462	
O1):-0.773	O2):38.066	
O1):-0.734	O2):31.986	
O1):-0.74	O2):34.759	
O1):-0.7	O2):30.843	
O1):-0.712	O2):30.602	
O1):-0.808	O2):39.085	
O1):-0.817	O2):42.015	
O1):-0.836	O2):44.204	
O1):-0.834	O2):52.376	
O1):-0.823	O2):42.409	
O1):-0.709	O2):31.63	
O1):-0.852	O2):48.846	
O1):-0.818	O2):41.99	
Evaluations:	3500
O1):-0.77	O2):37.526	
O1):-0.836	O2):44.148	
O1):-0.834	O2):43.738	
O1):-0.851	O2):49.613	
O1):-0.747	O2):33.443	
O1):-0.747	O2):33.443	
O1):-0.747	O2):33.443	
O1):-0.819	O2):42.39	
O1):-0.849	O2):49.529	
O1):-0.779	O2):36.368	
O1):-0.823	O2):42.387	
O1):-0.851	O2):49.777	
O1):-0.801	O2):41.548	
O1):-0.792	O2):37.877	
O1):-0.836	O2):44.212	
O1):-0.832	O2):44.304	
O1):-0.805	O2):41.645	
O1):-0.794	O2):38.28	
O1):-0.872	O2):64.052	
O1):-0.839	O2):49.57	
O1):-0.795	O2):44.219	
O1):-0.834	O2):43.859	
O1):-0.772	O2):40.497	
O1):-0.85	O2):48.329	
O1):-0.85	O2):49.362	
O1):-0.857	O2):53.698	
O1):-0.751	O2):34.34	
O1):-0.859	O2):53.244	
O1):-0.846	O2):48.214	
O1):-0.748	O2):33.53	
O1):-0.845	O2):48.232	
O1):-0.851	O2):48.542	
O1):-0.83	O2):44.051	
O1):-0.862	O2):53.917	
O1):-0.732	O2):31.815	
O1):-0.853	O2):48.898	
O1):-0.842	O2):52.05	
O1):-0.803	O2):41.413	
O1):-0.758	O2):37.204	
O1):-0.827	O2):42.963	
O1):-0.801	O2):38.78	
O1):-0.85	O2):48.269	
O1):-0.845	O2):47.92	
O1):-0.795	O2):38.486	
O1):-0.837	O2):44.433	
O1):-0.824	O2):43.211	
O1):-0.818	O2):42.922	
O1):-0.758	O2):37.204	
O1):-0.748	O2):33.571	
O1):-0.817	O2):41.871	
O1):-0.776	O2):35.832	
O1):-0.835	O2):44.14	
O1):-0.862	O2):53.968	
O1):-0.868	O2):58.667	
O1):-0.779	O2):37.692	
O1):-0.842	O2):47.212	
O1):-0.742	O2):34.8	
O1):-0.847	O2):49.603	
O1):-0.837	O2):44.434	
O1):-0.826	O2):42.665	
O1):-0.871	O2):59.235	
O1):-0.851	O2):52.618	
O1):-0.836	O2):45.197	
O1):-0.828	O2):43.229	
O1):-0.771	O2):38.1	
O1):-0.834	O2):43.734	
O1):-0.778	O2):36.205	
O1):-0.794	O2):38.28	
O1):-0.835	O2):44.046	
O1):-0.859	O2):53.392	
O1):-0.785	O2):36.884	
O1):-0.812	O2):39.402	
O1):-0.832	O2):44.32	
O1):-0.814	O2):42.575	
O1):-0.82	O2):42.569	
O1):-0.853	O2):48.903	
O1):-0.841	O2):47.247	
O1):-0.784	O2):40.257	
O1):-0.735	O2):32.219	
O1):-0.845	O2):48.259	
O1):-0.82	O2):42.499	
Evaluations:	3700
O1):-0.868	O2):58.661	
O1):-0.85	O2):48.323	
O1):-0.75	O2):35.596	
O1):-0.834	O2):48.91	
O1):-0.742	O2):34.888	
O1):-0.817	O2):47.345	
O1):-0.779	O2):36.426	
O1):-0.836	O2):44.286	
O1):-0.748	O2):33.569	
O1):-0.785	O2):36.758	
O1):-0.732	O2):31.815	
O1):-0.746	O2):33.297	
O1):-0.75	O2):35.837	
O1):-0.712	O2):31.855	
O1):-0.88	O2):69.333	
O1):-0.795	O2):38.483	
O1):-0.861	O2):53.912	
O1):-0.863	O2):54.265	
O1):-0.712	O2):31.855	
O1):-0.821	O2):43.059	
O1):-0.768	O2):37.471	
O1):-0.804	O2):41.477	
O1):-0.825	O2):42.945	
O1):-0.794	O2):38.28	
O1):-0.779	O2):36.426	
O1):-0.836	O2):44.21	
O1):-0.804	O2):41.798	
O1):-0.852	O2):48.846	
O1):-0.773	O2):38.406	
-------------------------------------------------
SOLUTIONS: 	100

Pareto Front and Pareto set saved at: data/ROBOT14_REP1/NSGAII/
Pareto Front: data/ROBOT14_REP1/NSGAII/ROBOT14_REP1_NSGAII_012411_020826_Front
Pareto Set: data/ROBOT14_REP1/NSGAII/ROBOT14_REP1_NSGAII_012411_020826_Set
O1):-0.792	O2):38.093	
O1):-0.794	O2):40.667	
O1):-0.775	O2):36.934	
O1):-0.818	O2):42.199	
O1):-0.787	O2):40.819	
O1):-0.841	O2):56.887	
O1):-0.861	O2):53.912	
O1):-0.805	O2):38.873	
O1):-0.833	O2):43.599	
O1):-0.775	O2):36.934	
O1):-0.836	O2):44.149	
O1):-0.847	O2):49.602	
O1):-0.749	O2):33.575	
O1):-0.845	O2):47.92	
O1):-0.805	O2):38.873	
O1):-0.747	O2):33.443	
O1):-0.766	O2):37.116	
O1):-0.726	O2):31.035	
O1):-0.712	O2):30.601	
O1):-0.827	O2):43.181	
O1):-0.764	O2):34.547	
O1):-0.794	O2):38.28	
O1):-0.778	O2):36.198	
O1):-0.85	O2):48.323	
O1):-0.764	O2):36.76	
O1):-0.82	O2):42.569	
O1):-0.844	O2):49.08	
O1):-0.823	O2):42.387	
O1):-0.835	O2):44.138	
O1):-0.793	O2):38.145	
O1):-0.863	O2):54.302	
O1):-0.819	O2):42.438	
O1):-0.795	O2):38.406	
O1):-0.861	O2):53.91	
O1):-0.844	O2):47.806	
O1):-0.803	O2):41.375	
O1):-0.862	O2):53.97	
O1):-0.811	O2):41.88	
O1):-0.88	O2):69.478	
O1):-0.854	O2):49.418	
O1):-0.802	O2):38.275	
O1):-0.817	O2):41.871	
O1):-0.741	O2):34.758	
O1):-0.818	O2):41.99	
O1):-0.817	O2):46.549	
O1):-0.833	O2):43.642	
O1):-0.779	O2):36.426	
O1):-0.879	O2):68.974	
O1):-0.862	O2):53.97	
O1):-0.863	O2):54.282	
O1):-0.853	O2):48.9	
O1):-0.776	O2):40.97	
O1):-0.798	O2):37.972	
O1):-0.829	O2):43.226	
O1):-0.836	O2):44.148	
O1):-0.867	O2):58.615	
O1):-0.777	O2):40.292	
O1):-0.793	O2):38.145	
O1):-0.773	O2):35.573	
O1):-0.863	O2):54.232	
O1):-0.828	O2):43.596	
O1):-0.863	O2):58.994	
O1):-0.765	O2):37.481	
O1):-0.799	O2):39.36	
O1):-0.817	O2):41.871	
O1):-0.863	O2):54.431	
O1):-0.775	O2):36.934	
O1):-0.825	O2):43.176	
O1):-0.753	O2):34.478	
O1):-0.811	O2):39.207	
O1):-0.763	O2):36.688	
O1):-0.855	O2):49.561	
O1):-0.837	O2):44.433	
O1):-0.832	O2):43.573	
O1):-0.835	O2):44.144	
O1):-0.862	O2):53.917	
O1):-0.786	O2):38.824	
O1):-0.835	O2):43.873	
O1):-0.817	O2):41.884	
O1):-0.799	O2):38.253	
O1):-0.823	O2):42.987	
O1):-0.862	O2):53.913	
O1):-0.818	O2):42.918	
O1):-0.733	O2):31.972	
O1):-0.803	O2):38.566	
O1):-0.846	O2):48.374	
O1):-0.819	O2):42.426	
O1):-0.781	O2):37.632	
O1):-0.844	O2):47.806	
O1):-0.872	O2):64.052	
O1):-0.853	O2):48.9	
O1):-0.863	O2):58.996	
O1):-0.78	O2):38.954	
O1):-0.817	O2):42.015	
O1):-0.781	O2):37.632	
O1):-0.859	O2):54.204	
O1):-0.862	O2):53.97	
O1):-0.746	O2):33.34	
O1):-0.851	O2):52.618	
O1):-0.739	O2):32.202	
O1):-0.824	O2):42.388	
O1):-0.871	O2):59.724	
O1):-0.805	O2):38.961	
O1):-0.778	O2):36.205	
O1):-0.859	O2):53.375	
O1):-0.764	O2):36.76	
O1):-0.779	O2):36.426	
O1):-0.821	O2):42.571	
O1):-0.829	O2):43.36	
O1):-0.782	O2):39.22	
O1):-0.779	O2):36.426	
O1):-0.841	O2):47.247	
O1):-0.764	O2):34.547	
O1):-0.785	O2):36.758	
O1):-0.837	O2):44.427	
O1):-0.8	O2):39.268	
O1):-0.728	O2):31.309	
O1):-0.819	O2):42.438	
O1):-0.741	O2):34.758	
O1):-0.828	O2):48.141	
O1):-0.828	O2):43.092	
O1):-0.837	O2):44.433	
O1):-0.782	O2):39.172	
O1):-0.743	O2):35.321	
O1):-0.812	O2):39.403	
O1):-0.793	O2):38.129	
O1):-0.844	O2):48.093	
O1):-0.837	O2):44.509	
O1):-0.801	O2):41.548	
O1):-0.812	O2):42.112	
O1):-0.845	O2):47.785	
O1):-0.838	O2):47.155	
O1):-0.793	O2):38.195	
O1):-0.852	O2):48.885	
O1):-0.799	O2):38.263	
O1):-0.844	O2):48.093	
O1):-0.763	O2):36.368	
O1):-0.785	O2):36.758	
O1):-0.78	O2):38.485	
O1):-0.779	O2):36.368	
O1):-0.852	O2):48.904	
O1):-0.851	O2):53.721	
O1):-0.849	O2):49.529	
O1):-0.793	O2):38.255	
O1):-0.854	O2):49.251	
O1):-0.781	O2):37.702	
O1):-0.878	O2):68.829	
O1):-0.88	O2):64.724	
O1):-0.863	O2):58.994	
O1):-0.783	O2):36.489	
O1):-0.863	O2):54.285	
O1):-0.796	O2):44.603	
O1):-0.82	O2):43.016	
O1):-0.871	O2):59.724	
O1):-0.863	O2):54.232	
O1):-0.805	O2):41.788	
O1):-0.836	O2):44.147	
O1):-0.837	O2):44.433	
O1):-0.811	O2):41.88	
O1):-0.831	O2):43.385	
O1):-0.832	O2):44.635	
O1):-0.792	O2):37.877	
O1):-0.791	O2):37.835	
O1):-0.863	O2):54.282	
O1):-0.779	O2):36.506	
O1):-0.802	O2):38.29	
O1):-0.748	O2):33.569	
O1):-0.803	O2):41.407	
O1):-0.746	O2):33.34	
O1):-0.82	O2):42.499	
O1):-0.818	O2):42.1	
O1):-0.851	O2):52.618	
O1):-0.85	O2):48.329	
O1):-0.778	O2):36.205	
O1):-0.764	O2):34.547	
O1):-0.767	O2):37.149	
O1):-0.794	O2):41.069	
O1):-0.843	O2):48.964	
O1):-0.775	O2):36.934	
O1):-0.773	O2):37.955	
O1):-0.859	O2):53.339	
O1):-0.827	O2):43.301	
O1):-0.78	O2):36.393	
O1):-0.746	O2):33.34	
O1):-0.728	O2):31.308	
O1):-0.739	O2):32.202	
O1):-0.793	O2):38.126	
O1):-0.853	O2):53.196	
O1):-0.829	O2):43.364	
O1):-0.748	O2):33.569	
O1):-0.826	O2):42.665	
O1):-0.673	O2):26.804	
O1):-0.837	O2):44.433	
O1):-0.863	O2):58.994	
O1):-0.749	O2):35.853	
O1):-0.795	O2):38.483	
O1):-0.846	O2):48.229	
O1):-0.776	O2):39.831	
O1):-0.762	O2):36.221	
O1):-0.837	O2):44.433	
O1):-0.805	O2):41.645	
O1):-0.845	O2):48.232	
O1):-0.862	O2):53.97	
O1):-0.728	O2):31.308	
O1):-0.714	O2):32.068	
O1):-0.832	O2):44.634	
O1):-0.732	O2):31.815	
O1):-0.86	O2):53.769	
O1):-0.805	O2):41.645	
O1):-0.786	O2):39.193	
O1):-0.743	O2):33.604	
O1):-0.795	O2):38.406	
O1):-0.742	O2):34.888	
O1):-0.811	O2):41.88	
O1):-0.838	O2):47.155	
O1):-0.779	O2):36.506	
O1):-0.776	O2):35.697	
O1):-0.828	O2):43.596	
O1):-0.776	O2):35.679	
O1):-0.778	O2):40.591	
O1):-0.7	O2):30.904	
O1):-0.844	O2):49.212	
O1):-0.741	O2):34.758	
O1):-0.828	O2):43.596	
O1):-0.859	O2):53.392	
O1):-0.827	O2):46.289	
O1):-0.748	O2):33.569	
O1):-0.796	O2):44.592	
O1):-0.742	O2):34.887	
O1):-0.764	O2):37.756	
O1):-0.779	O2):36.365	
Evaluations:	3300
O1):-0.837	O2):44.505	
O1):-0.779	O2):36.426	
O1):-0.743	O2):35.329	
O1):-0.831	O2):44.119	
O1):-0.835	O2):43.873	
O1):-0.835	O2):44.007	
Evaluations:	3500
O1):-0.838	O2):44.727	
O1):-0.843	O2):48.964	
O1):-0.833	O2):47.25	
O1):-0.78	O2):37.649	
O1):-0.767	O2):37.44	
O1):-0.863	O2):54.302	
O1):-0.842	O2):47.809	
O1):-0.832	O2):44.634	
O1):-0.781	O2):38.782	
O1):-0.781	O2):38.782	
O1):-0.781	O2):38.782	
O1):-0.798	O2):37.963	
O1):-0.857	O2):53.698	
O1):-0.804	O2):38.581	
O1):-0.795	O2):38.408	
O1):-0.793	O2):38.149	
O1):-0.87	O2):59.222	
O1):-0.745	O2):33.222	
O1):-0.829	O2):45.333	
O1):-0.837	O2):47.293	
O1):-0.838	O2):47.155	
O1):-0.82	O2):42.964	
O1):-0.867	O2):58.615	
O1):-0.787	O2):40.821	
O1):-0.821	O2):43.365	
O1):-0.809	O2):42.6	
O1):-0.818	O2):41.991	
O1):-0.804	O2):38.59	
O1):-0.773	O2):38.129	
O1):-0.779	O2):36.426	
O1):-0.878	O2):68.829	
O1):-0.807	O2):42.349	
O1):-0.78	O2):37.649	
O1):-0.815	O2):41.612	
O1):-0.854	O2):49.251	
O1):-0.833	O2):43.485	
O1):-0.762	O2):36.221	
O1):-0.818	O2):42.166	
O1):-0.849	O2):49.529	
O1):-0.846	O2):48.385	
O1):-0.854	O2):49.251	
O1):-0.748	O2):33.53	
O1):-0.798	O2):37.963	
O1):-0.842	O2):47.807	
O1):-0.835	O2):47.188	
O1):-0.833	O2):43.599	
O1):-0.751	O2):34.34	
-------------------------------------------------
O1):-0.793	O2):38.189	
SOLUTIONS: 	100

Pareto Front and Pareto set saved at: data/ROBOT14_REP6/NSGAII/
Pareto Front: data/ROBOT14_REP6/NSGAII/ROBOT14_REP6_NSGAII_012632_020826_Front
Pareto Set: data/ROBOT14_REP6/NSGAII/ROBOT14_REP6_NSGAII_012632_020826_Set
O1):-0.767	O2):37.166	
O1):-0.851	O2):49.646	
O1):-0.781	O2):37.632	
O1):-0.819	O2):46.002	
O1):-0.837	O2):44.289	
O1):-0.835	O2):43.873	
O1):-0.813	O2):39.536	
O1):-0.778	O2):36.205	
O1):-0.835	O2):43.873	
O1):-0.793	O2):38.145	
O1):-0.807	O2):42.854	
O1):-0.801	O2):41.548	
O1):-0.714	O2):32.068	
O1):-0.818	O2):42.918	
O1):-0.863	O2):54.232	
O1):-0.763	O2):36.368	
O1):-0.872	O2):64.053	
O1):-0.726	O2):31.035	
O1):-0.836	O2):45.333	
O1):-0.781	O2):39.947	
O1):-0.862	O2):64.58	
O1):-0.851	O2):52.618	
O1):-0.835	O2):44.007	
O1):-0.709	O2):31.63	
O1):-0.829	O2):43.781	
O1):-0.833	O2):43.589	
O1):-0.746	O2):33.297	
O1):-0.762	O2):36.221	
O1):-0.844	O2):48.093	
O1):-0.746	O2):33.297	
O1):-0.863	O2):54.232	
O1):-0.77	O2):39.98	
O1):-0.804	O2):38.58	
O1):-0.817	O2):41.871	
O1):-0.836	O2):44.147	
O1):-0.764	O2):34.547	
O1):-0.791	O2):37.98	
O1):-0.837	O2):47.342	
O1):-0.835	O2):43.873	
O1):-0.862	O2):53.917	
O1):-0.872	O2):64.052	
O1):-0.741	O2):34.774	
O1):-0.812	O2):39.341	
O1):-0.863	O2):54.302	
O1):-0.853	O2):50.304	
O1):-0.851	O2):52.618	
O1):-0.743	O2):35.03	
O1):-0.851	O2):52.762	
O1):-0.766	O2):37.116	
O1):-0.814	O2):42.938	
O1):-0.841	O2):47.247	
O1):-0.818	O2):42.157	
O1):-0.834	O2):43.872	
O1):-0.85	O2):48.307	
O1):-0.826	O2):42.682	
O1):-0.78	O2):38.949	
O1):-0.863	O2):54.232	
O1):-0.728	O2):31.308	
O1):-0.817	O2):41.871	
O1):-0.85	O2):48.329	
-------------------------------------------------
SOLUTIONS: 	100

Pareto Front and Pareto set saved at: data/ROBOT14_REP9/NSGAII/
Pareto Front: data/ROBOT14_REP9/NSGAII/ROBOT14_REP9_NSGAII_012706_020826_Front
Pareto Set: data/ROBOT14_REP9/NSGAII/ROBOT14_REP9_NSGAII_012706_020826_Set
O1):-0.78	O2):40.006	
O1):-0.864	O2):59.27	
O1):-0.824	O2):43.211	
O1):-0.834	O2):43.924	
O1):-0.832	O2):43.35	
O1):-0.838	O2):47.504	
O1):-0.818	O2):41.99	
O1):-0.766	O2):37.122	
O1):-0.728	O2):31.308	
O1):-0.845	O2):47.92	
O1):-0.741	O2):34.77	
O1):-0.764	O2):34.547	
O1):-0.818	O2):42.157	
O1):-0.757	O2):36.389	
O1):-0.82	O2):42.569	
O1):-0.853	O2):48.898	
O1):-0.716	O2):31.144	
O1):-0.804	O2):38.581	
O1):-0.85	O2):48.269	
O1):-0.712	O2):30.602	
O1):-0.764	O2):36.76	
O1):-0.845	O2):48.232	
O1):-0.843	O2):47.361	
O1):-0.763	O2):36.689	
O1):-0.85	O2):48.337	
O1):-0.853	O2):50.304	
O1):-0.82	O2):42.569	
O1):-0.854	O2):53.431	
O1):-0.802	O2):41.4	
O1):-0.828	O2):43.091	
O1):-0.744	O2):35.153	
O1):-0.844	O2):48.098	
O1):-0.846	O2):48.387	
O1):-0.756	O2):36.262	
O1):-0.837	O2):48.755	
O1):-0.826	O2):42.681	
O1):-0.772	O2):37.992	
O1):-0.749	O2):36.188	
O1):-0.863	O2):54.232	
O1):-0.837	O2):44.283	
O1):-0.763	O2):36.368	
O1):-0.78	O2):38.928	
O1):-0.829	O2):43.226	
O1):-0.85	O2):48.272	
O1):-0.783	O2):38.452	
O1):-0.838	O2):47.504	
O1):-0.744	O2):35.153	
O1):-0.767	O2):37.155	
O1):-0.796	O2):44.6	
O1):-0.743	O2):35.33	
O1):-0.837	O2):44.283	
O1):-0.835	O2):44.046	
O1):-0.859	O2):53.392	
O1):-0.764	O2):34.547	
O1):-0.787	O2):40.819	
O1):-0.836	O2):44.147	
O1):-0.772	O2):40.644	
O1):-0.799	O2):38.253	
O1):-0.78	O2):38.936	
O1):-0.87	O2):59.505	
O1):-0.851	O2):48.687	
O1):-0.756	O2):36.262	
O1):-0.851	O2):48.542	
O1):-0.823	O2):42.409	
O1):-0.788	O2):39.422	
O1):-0.772	O2):40.643	
O1):-0.836	O2):44.147	
O1):-0.828	O2):43.43	
O1):-0.855	O2):49.561	
O1):-0.836	O2):45.333	
O1):-0.757	O2):36.389	
O1):-0.78	O2):37.643	
O1):-0.854	O2):53.431	
O1):-0.826	O2):43.252	
O1):-0.728	O2):31.308	
O1):-0.781	O2):37.632	
O1):-0.76	O2):37.937	
O1):-0.872	O2):64.052	
O1):-0.775	O2):36.934	
O1):-0.844	O2):47.806	
O1):-0.828	O2):43.091	
O1):-0.863	O2):54.286	
O1):-0.817	O2):41.864	
O1):-0.793	O2):38.145	
O1):-0.845	O2):48.115	
O1):-0.798	O2):38.978	
O1):-0.841	O2):48.4	
O1):-0.828	O2):43.596	
O1):-0.837	O2):46.864	
O1):-0.844	O2):48.093	
Evaluations:	3600
O1):-0.849	O2):49.536	
O1):-0.757	O2):36.389	
O1):-0.743	O2):35.321	
O1):-0.746	O2):33.297	
O1):-0.871	O2):59.504	
O1):-0.836	O2):45.333	
O1):-0.755	O2):36.14	
O1):-0.77	O2):37.526	
O1):-0.756	O2):36.262	
O1):-0.8	O2):39.268	
O1):-0.764	O2):36.76	
O1):-0.822	O2):42.99	
O1):-0.765	O2):40.076	
O1):-0.843	O2):47.361	
O1):-0.841	O2):48.399	
O1):-0.834	O2):46.498	
O1):-0.811	O2):39.207	
O1):-0.835	O2):47.188	
O1):-0.836	O2):44.147	
O1):-0.842	O2):47.807	
O1):-0.744	O2):33.889	
O1):-0.835	O2):47.188	
O1):-0.778	O2):40.591	
O1):-0.851	O2):52.618	
O1):-0.75	O2):35.837	
O1):-0.804	O2):38.581	
O1):-0.793	O2):38.145	
O1):-0.793	O2):38.145	
O1):-0.832	O2):43.35	
O1):-0.817	O2):41.871	
O1):-0.845	O2):47.92	
O1):-0.825	O2):42.546	
O1):-0.87	O2):59.505	
O1):-0.816	O2):41.749	
O1):-0.798	O2):38.978	
O1):-0.847	O2):49.602	
O1):-0.744	O2):35.153	
O1):-0.772	O2):36.623	
O1):-0.792	O2):37.877	
O1):-0.763	O2):36.688	
O1):-0.768	O2):37.443	
O1):-0.843	O2):47.361	
O1):-0.835	O2):47.188	
O1):-0.811	O2):39.207	
O1):-0.794	O2):40.678	
O1):-0.82	O2):42.708	
O1):-0.872	O2):64.052	
O1):-0.817	O2):41.871	
O1):-0.83	O2):44.037	
O1):-0.75	O2):35.837	
O1):-0.855	O2):49.561	
O1):-0.77	O2):37.526	
O1):-0.863	O2):54.232	
O1):-0.746	O2):33.297	
O1):-0.87	O2):59.222	
O1):-0.833	O2):43.599	
O1):-0.844	O2):49.212	
O1):-0.795	O2):38.486	
O1):-0.764	O2):36.76	
O1):-0.815	O2):41.612	
O1):-0.767	O2):37.44	
O1):-0.76	O2):36.104	
Evaluations:	3800
O1):-0.85	O2):48.269	
O1):-0.802	O2):41.394	
O1):-0.827	O2):43.757	
O1):-0.766	O2):37.116	
O1):-0.764	O2):34.547	
O1):-0.757	O2):36.389	
O1):-0.825	O2):42.546	
O1):-0.827	O2):43.301	
O1):-0.87	O2):59.222	
O1):-0.867	O2):58.615	
O1):-0.764	O2):34.547	
O1):-0.818	O2):42.166	
O1):-0.85	O2):48.337	
O1):-0.851	O2):48.542	
O1):-0.833	O2):51.796	
O1):-0.867	O2):58.613	
O1):-0.782	O2):39.172	
O1):-0.779	O2):41.112	
O1):-0.822	O2):42.867	
O1):-0.826	O2):43.252	
O1):-0.823	O2):42.987	
O1):-0.757	O2):36.389	
O1):-0.818	O2):46.679	
O1):-0.803	O2):38.582	
O1):-0.768	O2):37.443	
O1):-0.826	O2):43.252	
O1):-0.733	O2):32.017	
O1):-0.803	O2):38.582	
O1):-0.802	O2):38.275	
O1):-0.803	O2):38.582	
O1):-0.85	O2):48.335	
O1):-0.758	O2):37.126	
O1):-0.87	O2):59.222	
O1):-0.837	O2):44.458	
O1):-0.853	O2):48.898	
O1):-0.862	O2):53.912	
O1):-0.825	O2):42.548	
O1):-0.854	O2):50.624	
O1):-0.862	O2):53.913	
O1):-0.778	O2):36.249	
O1):-0.826	O2):43.252	
O1):-0.742	O2):34.887	
O1):-0.755	O2):36.14	
O1):-0.815	O2):41.611	
O1):-0.797	O2):44.593	
O1):-0.833	O2):43.626	
O1):-0.779	O2):36.365	
O1):-0.801	O2):48.772	
O1):-0.844	O2):47.806	
O1):-0.733	O2):32.017	
O1):-0.82	O2):42.569	
O1):-0.82	O2):46.023	
O1):-0.863	O2):54.302	
O1):-0.757	O2):38.956	
O1):-0.673	O2):26.804	
O1):-0.837	O2):45.639	
O1):-0.847	O2):48.678	
O1):-0.805	O2):41.782	
O1):-0.728	O2):31.308	
O1):-0.803	O2):41.669	
O1):-0.741	O2):34.758	
O1):-0.829	O2):43.975	
O1):-0.76	O2):36.085	
O1):-0.859	O2):53.339	
O1):-0.838	O2):44.589	
O1):-0.816	O2):41.738	
O1):-0.868	O2):58.666	
O1):-0.864	O2):59.27	
O1):-0.859	O2):53.339	
O1):-0.792	O2):37.877	
O1):-0.863	O2):54.232	
O1):-0.825	O2):43.176	
O1):-0.821	O2):42.95	
O1):-0.787	O2):40.819	
O1):-0.845	O2):48.232	
O1):-0.822	O2):42.867	
O1):-0.705	O2):31.644	
O1):-0.833	O2):43.599	
O1):-0.845	O2):48.232	
O1):-0.756	O2):36.262	
O1):-0.843	O2):47.361	
O1):-0.836	O2):45.336	
O1):-0.829	O2):43.781	
O1):-0.863	O2):54.302	
O1):-0.714	O2):32.068	
O1):-0.712	O2):30.601	
O1):-0.851	O2):52.618	
O1):-0.863	O2):54.302	
O1):-0.86	O2):53.536	
O1):-0.757	O2):36.389	
O1):-0.779	O2):38.361	
O1):-0.741	O2):34.758	
O1):-0.784	O2):40.098	
O1):-0.781	O2):37.632	
O1):-0.832	O2):43.524	
O1):-0.853	O2):49.053	
O1):-0.844	O2):47.806	
O1):-0.746	O2):35.628	
O1):-0.837	O2):47.293	
O1):-0.809	O2):42.69	
O1):-0.821	O2):42.789	
O1):-0.795	O2):38.483	
O1):-0.822	O2):43.314	
O1):-0.836	O2):44.149	
O1):-0.872	O2):64.052	
O1):-0.838	O2):47.155	
O1):-0.771	O2):37.612	
O1):-0.849	O2):49.529	
O1):-0.862	O2):53.971	
O1):-0.851	O2):48.542	
O1):-0.783	O2):39.208	
O1):-0.818	O2):41.99	
O1):-0.827	O2):43.472	
O1):-0.833	O2):46.387	
O1):-0.863	O2):54.232	
O1):-0.801	O2):48.772	
O1):-0.838	O2):47.155	
O1):-0.82	O2):42.963	
O1):-0.838	O2):44.589	
O1):-0.781	O2):39.835	
O1):-0.782	O2):39.172	
O1):-0.846	O2):54.367	
O1):-0.7	O2):30.904	
O1):-0.821	O2):42.785	
O1):-0.814	O2):42.931	
O1):-0.783	O2):37.938	
O1):-0.757	O2):36.389	
O1):-0.826	O2):44.443	
O1):-0.748	O2):33.53	
O1):-0.756	O2):36.262	
O1):-0.827	O2):43.301	
O1):-0.795	O2):38.483	
O1):-0.763	O2):36.688	
O1):-0.851	O2):48.542	
O1):-0.832	O2):43.35	
O1):-0.846	O2):48.385	
O1):-0.768	O2):37.449	
O1):-0.817	O2):41.871	
O1):-0.838	O2):44.589	
O1):-0.85	O2):48.269	
O1):-0.828	O2):43.596	
O1):-0.803	O2):41.407	
O1):-0.846	O2):48.587	
O1):-0.742	O2):34.923	
O1):-0.832	O2):44.634	
O1):-0.799	O2):38.253	
O1):-0.838	O2):48.968	
O1):-0.7	O2):30.904	
O1):-0.793	O2):38.145	
O1):-0.853	O2):48.898	
O1):-0.854	O2):54.735	
O1):-0.716	O2):31.152	
O1):-0.748	O2):35.336	
O1):-0.844	O2):48.093	
O1):-0.842	O2):48.859	
O1):-0.728	O2):31.308	
O1):-0.822	O2):42.867	
O1):-0.763	O2):36.688	
O1):-0.834	O2):43.736	
O1):-0.847	O2):49.602	
O1):-0.788	O2):38.09	
O1):-0.851	O2):52.618	
O1):-0.772	O2):36.623	
O1):-0.757	O2):36.389	
O1):-0.774	O2):38.427	
O1):-0.779	O2):41.031	
O1):-0.779	O2):36.365	
O1):-0.828	O2):43.596	
O1):-0.798	O2):37.963	
O1):-0.748	O2):33.53	
O1):-0.833	O2):46.257	
O1):-0.805	O2):38.873	
O1):-0.709	O2):31.63	
O1):-0.798	O2):37.972	
O1):-0.837	O2):47.294	
O1):-0.863	O2):54.285	
O1):-0.82	O2):42.569	
O1):-0.781	O2):38.924	
O1):-0.778	O2):37.213	
O1):-0.778	O2):40.579	
O1):-0.817	O2):41.993	
O1):-0.673	O2):26.804	
O1):-0.802	O2):41.394	
O1):-0.762	O2):36.221	
O1):-0.846	O2):48.603	
O1):-0.793	O2):38.145	
Evaluations:	3600
O1):-0.845	O2):48.263	
O1):-0.835	O2):47.188	
O1):-0.726	O2):31.035	
O1):-0.728	O2):31.308	
O1):-0.763	O2):36.368	
O1):-0.743	O2):33.604	
O1):-0.792	O2):38.091	
Evaluations:	3400
O1):-0.832	O2):44.634	
O1):-0.774	O2):38.386	
O1):-0.78	O2):37.643	
O1):-0.817	O2):41.871	
O1):-0.818	O2):41.99	
O1):-0.85	O2):48.27	
O1):-0.764	O2):36.761	
O1):-0.827	O2):43.301	
O1):-0.834	O2):43.872	
O1):-0.835	O2):44.008	
O1):-0.714	O2):32.068	
O1):-0.862	O2):53.913	
O1):-0.802	O2):38.275	
O1):-0.807	O2):40.251	
O1):-0.835	O2):44.007	
O1):-0.845	O2):48.232	
O1):-0.782	O2):38.94	
O1):-0.853	O2):50.304	
O1):-0.831	O2):43.4	
O1):-0.845	O2):47.92	
O1):-0.813	O2):39.535	
O1):-0.827	O2):43.301	
O1):-0.78	O2):38.483	
O1):-0.829	O2):43.781	
O1):-0.726	O2):31.035	
O1):-0.845	O2):48.232	
O1):-0.767	O2):37.149	
O1):-0.803	O2):38.582	
O1):-0.834	O2):43.872	
O1):-0.818	O2):46.679	
O1):-0.841	O2):47.247	
O1):-0.714	O2):32.068	
O1):-0.817	O2):41.871	
O1):-0.864	O2):59.27	
O1):-0.859	O2):53.392	
O1):-0.852	O2):48.846	
O1):-0.863	O2):54.232	
O1):-0.838	O2):44.591	
O1):-0.832	O2):44.712	
O1):-0.851	O2):49.646	
O1):-0.872	O2):64.053	
O1):-0.836	O2):44.15	
O1):-0.844	O2):48.099	
O1):-0.844	O2):48.093	
O1):-0.823	O2):42.409	
O1):-0.793	O2):38.145	
O1):-0.832	O2):44.634	
O1):-0.741	O2):34.798	
O1):-0.854	O2):53.431	
O1):-0.714	O2):32.068	
O1):-0.812	O2):39.339	
O1):-0.778	O2):37.952	
O1):-0.803	O2):41.413	
O1):-0.743	O2):33.604	
O1):-0.798	O2):38.978	
O1):-0.712	O2):30.602	
O1):-0.828	O2):43.596	
O1):-0.852	O2):48.846	
O1):-0.77	O2):37.383	
O1):-0.798	O2):38.978	
O1):-0.835	O2):45.08	
O1):-0.772	O2):40.643	
O1):-0.833	O2):43.6	
O1):-0.7	O2):30.904	
O1):-0.741	O2):34.758	
O1):-0.814	O2):44.084	
O1):-0.704	O2):31.533	
O1):-0.821	O2):42.571	
O1):-0.836	O2):44.149	
O1):-0.811	O2):39.207	
O1):-0.743	O2):35.139	
O1):-0.82	O2):43.026	
O1):-0.812	O2):42.385	
O1):-0.764	O2):36.761	
O1):-0.723	O2):30.751	
O1):-0.778	O2):38.399	
O1):-0.781	O2):39.552	
O1):-0.828	O2):43.43	
O1):-0.823	O2):42.409	
O1):-0.749	O2):35.458	
O1):-0.847	O2):49.604	
O1):-0.803	O2):38.581	
O1):-0.819	O2):42.426	
O1):-0.742	O2):34.917	
O1):-0.796	O2):44.603	
O1):-0.862	O2):53.913	
O1):-0.87	O2):59.222	
O1):-0.835	O2):44.007	
O1):-0.803	O2):38.566	
O1):-0.811	O2):39.207	
O1):-0.772	O2):36.614	
O1):-0.853	O2):50.304	
O1):-0.846	O2):48.229	
O1):-0.811	O2):39.207	
O1):-0.828	O2):43.596	
O1):-0.788	O2):49.99	
O1):-0.806	O2):41.927	
O1):-0.798	O2):38.978	
O1):-0.796	O2):44.588	
Evaluations:	3700
O1):-0.792	O2):37.877	
O1):-0.846	O2):48.229	
O1):-0.709	O2):31.63	
O1):-0.833	O2):43.587	
O1):-0.761	O2):36.457	
O1):-0.78	O2):38.949	
O1):-0.823	O2):47.957	
O1):-0.673	O2):26.804	
O1):-0.778	O2):38.398	
O1):-0.86	O2):53.536	
O1):-0.86	O2):53.536	
O1):-0.816	O2):41.738	
O1):-0.755	O2):36.14	
O1):-0.86	O2):53.536	
O1):-0.772	O2):40.642	
O1):-0.842	O2):47.807	
O1):-0.826	O2):42.681	
O1):-0.793	O2):38.153	
O1):-0.723	O2):30.751	
O1):-0.723	O2):30.759	
O1):-0.835	O2):44.008	
O1):-0.828	O2):43.091	
O1):-0.794	O2):40.669	
O1):-0.847	O2):49.602	
O1):-0.821	O2):42.571	
O1):-0.843	O2):47.361	
O1):-0.834	O2):43.734	
O1):-0.834	O2):43.872	
O1):-0.835	O2):46.632	
O1):-0.845	O2):49.331	
O1):-0.854	O2):53.431	
O1):-0.836	O2):45.333	
O1):-0.778	O2):40.579	
O1):-0.758	O2):35.883	
O1):-0.87	O2):59.222	
O1):-0.803	O2):41.518	
O1):-0.831	O2):44.119	
O1):-0.833	O2):43.515	
O1):-0.742	O2):34.919	
O1):-0.781	O2):38.927	
O1):-0.819	O2):46.009	
O1):-0.871	O2):59.504	
O1):-0.786	O2):40.416	
O1):-0.819	O2):42.408	
O1):-0.833	O2):43.587	
O1):-0.824	O2):43.05	
O1):-0.837	O2):44.453	
O1):-0.737	O2):35.241	
O1):-0.82	O2):42.569	
O1):-0.743	O2):33.613	
O1):-0.835	O2):44.007	
O1):-0.828	O2):43.091	
O1):-0.794	O2):40.553	
O1):-0.836	O2):44.149	
O1):-0.871	O2):59.504	
O1):-0.844	O2):47.806	
O1):-0.81	O2):42.861	
O1):-0.819	O2):42.426	
O1):-0.853	O2):53.196	
O1):-0.87	O2):59.222	
O1):-0.838	O2):47.155	
O1):-0.781	O2):37.632	
O1):-0.767	O2):37.432	
O1):-0.859	O2):53.392	
O1):-0.859	O2):53.392	
O1):-0.756	O2):37.347	
O1):-0.7	O2):30.851	
O1):-0.791	O2):38.657	
O1):-0.852	O2):48.846	
O1):-0.829	O2):44.301	
O1):-0.824	O2):42.54	
O1):-0.845	O2):48.232	
Evaluations:	3900
O1):-0.788	O2):39.719	
O1):-0.863	O2):54.285	
O1):-0.778	O2):36.243	
O1):-0.818	O2):42.736	
O1):-0.85	O2):48.27	
O1):-0.825	O2):43.177	
O1):-0.7	O2):30.843	
O1):-0.813	O2):39.536	
O1):-0.743	O2):35.03	
O1):-0.786	O2):39.133	
O1):-0.816	O2):41.738	
O1):-0.87	O2):59.222	
O1):-0.828	O2):43.429	
O1):-0.824	O2):43.049	
O1):-0.788	O2):39.72	
O1):-0.831	O2):44.119	
O1):-0.821	O2):42.571	
O1):-0.851	O2):48.542	
O1):-0.743	O2):33.604	
O1):-0.847	O2):49.604	
O1):-0.748	O2):33.53	
O1):-0.742	O2):34.99	
O1):-0.806	O2):40.0	
O1):-0.863	O2):54.232	
O1):-0.765	O2):39.883	
O1):-0.831	O2):44.121	
O1):-0.673	O2):26.804	
O1):-0.851	O2):48.542	
O1):-0.852	O2):48.846	
O1):-0.787	O2):37.8	
O1):-0.837	O2):47.293	
O1):-0.742	O2):34.944	
O1):-0.746	O2):33.297	
O1):-0.757	O2):37.121	
O1):-0.792	O2):38.008	
O1):-0.835	O2):47.188	
O1):-0.775	O2):36.934	
O1):-0.78	O2):37.643	
O1):-0.832	O2):43.35	
O1):-0.827	O2):43.301	
O1):-0.855	O2):49.561	
O1):-0.828	O2):43.091	
O1):-0.843	O2):47.361	
O1):-0.714	O2):32.068	
O1):-0.778	O2):37.213	
O1):-0.833	O2):43.599	
O1):-0.798	O2):37.972	
O1):-0.843	O2):47.362	
O1):-0.844	O2):48.962	
O1):-0.764	O2):36.754	
O1):-0.832	O2):44.634	
O1):-0.835	O2):49.219	
O1):-0.803	O2):41.407	
O1):-0.829	O2):43.914	
O1):-0.714	O2):32.068	
O1):-0.762	O2):36.135	
O1):-0.805	O2):38.873	
O1):-0.802	O2):41.394	
O1):-0.755	O2):36.128	
O1):-0.852	O2):48.846	
O1):-0.833	O2):48.516	
O1):-0.778	O2):37.213	
O1):-0.826	O2):43.252	
O1):-0.854	O2):50.624	
O1):-0.825	O2):42.546	
O1):-0.775	O2):36.934	
O1):-0.864	O2):59.27	
O1):-0.82	O2):42.569	
O1):-0.863	O2):54.285	
O1):-0.83	O2):44.041	
O1):-0.846	O2):49.409	
O1):-0.849	O2):49.529	
O1):-0.829	O2):43.781	
O1):-0.793	O2):38.145	
O1):-0.817	O2):41.864	
O1):-0.761	O2):36.036	
O1):-0.708	O2):31.618	
O1):-0.708	O2):31.618	
O1):-0.778	O2):38.852	
O1):-0.826	O2):43.078	
O1):-0.809	O2):42.686	
O1):-0.82	O2):42.569	
O1):-0.787	O2):37.8	
O1):-0.828	O2):43.088	
O1):-0.758	O2):39.113	
O1):-0.833	O2):44.735	
O1):-0.792	O2):37.877	
O1):-0.772	O2):36.614	
O1):-0.787	O2):37.8	
O1):-0.825	O2):43.176	
O1):-0.872	O2):64.052	
O1):-0.825	O2):43.176	
O1):-0.728	O2):31.308	
O1):-0.833	O2):43.626	
O1):-0.802	O2):44.765	
O1):-0.812	O2):39.341	
O1):-0.793	O2):41.061	
O1):-0.854	O2):53.432	
O1):-0.784	O2):38.587	
O1):-0.82	O2):42.569	
O1):-0.833	O2):51.807	
O1):-0.818	O2):41.99	
O1):-0.787	O2):37.8	
O1):-0.82	O2):42.499	
O1):-0.806	O2):43.115	
O1):-0.821	O2):42.785	
O1):-0.818	O2):42.166	
O1):-0.828	O2):43.091	
O1):-0.828	O2):43.587	
O1):-0.817	O2):41.864	
O1):-0.802	O2):41.394	
O1):-0.816	O2):41.738	
O1):-0.863	O2):54.431	
O1):-0.787	O2):37.8	
O1):-0.859	O2):53.392	
O1):-0.833	O2):43.599	
O1):-0.779	O2):36.365	
O1):-0.854	O2):53.431	
O1):-0.831	O2):52.733	
O1):-0.87	O2):59.222	
O1):-0.793	O2):43.686	
O1):-0.777	O2):37.347	
O1):-0.821	O2):42.571	
O1):-0.837	O2):45.639	
O1):-0.726	O2):31.035	
O1):-0.792	O2):37.877	
O1):-0.827	O2):43.301	
O1):-0.853	O2):49.106	
O1):-0.831	O2):43.4	
O1):-0.7	O2):30.904	
O1):-0.767	O2):37.149	
O1):-0.836	O2):44.149	
O1):-0.743	O2):35.139	
O1):-0.831	O2):43.4	
O1):-0.854	O2):50.624	
O1):-0.854	O2):53.431	
O1):-0.82	O2):43.016	
O1):-0.819	O2):42.427	
O1):-0.756	O2):36.262	
O1):-0.805	O2):39.85	
O1):-0.85	O2):48.269	
O1):-0.778	O2):36.148	
O1):-0.728	O2):31.308	
O1):-0.846	O2):48.587	
O1):-0.783	O2):38.453	
O1):-0.75	O2):35.837	
O1):-0.803	O2):41.407	
O1):-0.733	O2):31.944	
O1):-0.805	O2):38.872	
O1):-0.842	O2):47.807	
O1):-0.836	O2):44.148	
O1):-0.827	O2):43.301	
O1):-0.755	O2):36.14	
O1):-0.804	O2):38.58	
O1):-0.812	O2):42.385	
O1):-0.832	O2):43.35	
O1):-0.834	O2):43.872	
O1):-0.7	O2):30.904	
O1):-0.85	O2):48.269	
O1):-0.805	O2):38.873	
O1):-0.723	O2):30.751	
O1):-0.793	O2):38.145	
O1):-0.764	O2):34.547	
O1):-0.787	O2):38.034	
O1):-0.782	O2):39.172	
O1):-0.838	O2):44.589	
O1):-0.843	O2):47.361	
O1):-0.872	O2):64.052	
O1):-0.787	O2):37.8	
O1):-0.826	O2):43.252	
O1):-0.836	O2):44.147	
O1):-0.833	O2):51.79	
O1):-0.827	O2):43.76	
O1):-0.82	O2):42.569	
O1):-0.779	O2):36.365	
O1):-0.832	O2):44.634	
O1):-0.805	O2):41.782	
O1):-0.837	O2):46.864	
O1):-0.83	O2):44.037	
O1):-0.816	O2):41.738	
O1):-0.712	O2):30.601	
O1):-0.815	O2):41.611	
O1):-0.845	O2):48.232	
O1):-0.853	O2):49.199	
O1):-0.816	O2):41.738	
O1):-0.845	O2):48.232	
O1):-0.86	O2):53.536	
O1):-0.779	O2):38.366	
O1):-0.828	O2):43.434	
O1):-0.787	O2):37.8	
O1):-0.829	O2):45.341	
O1):-0.787	O2):37.8	
O1):-0.836	O2):44.149	
O1):-0.778	O2):36.148	
O1):-0.803	O2):41.407	
O1):-0.781	O2):37.582	
O1):-0.829	O2):43.226	
O1):-0.819	O2):42.426	
O1):-0.828	O2):43.43	
O1):-0.854	O2):53.511	
O1):-0.764	O2):34.547	
O1):-0.845	O2):48.232	
O1):-0.712	O2):31.855	
O1):-0.757	O2):35.786	
O1):-0.862	O2):53.987	
O1):-0.746	O2):35.628	
O1):-0.797	O2):49.43	
O1):-0.845	O2):48.259	
O1):-0.844	O2):47.806	
O1):-0.87	O2):59.224	
O1):-0.733	O2):32.024	
O1):-0.792	O2):38.695	
O1):-0.829	O2):43.781	
O1):-0.755	O2):36.14	
O1):-0.836	O2):45.333	
O1):-0.779	O2):36.269	
O1):-0.786	O2):40.416	
O1):-0.829	O2):43.226	
O1):-0.75	O2):35.837	
O1):-0.838	O2):47.155	
O1):-0.761	O2):36.079	
O1):-0.755	O2):36.15	
O1):-0.816	O2):41.738	
O1):-0.76	O2):36.104	
O1):-0.819	O2):42.739	
O1):-0.673	O2):26.804	
O1):-0.784	O2):42.02	
O1):-0.844	O2):49.159	
O1):-0.748	O2):35.287	
O1):-0.851	O2):49.646	
O1):-0.845	O2):48.737	
O1):-0.755	O2):36.956	
O1):-0.845	O2):48.259	
O1):-0.748	O2):35.287	
O1):-0.764	O2):34.547	
O1):-0.802	O2):38.275	
O1):-0.778	O2):40.579	
O1):-0.786	O2):40.419	
O1):-0.756	O2):36.262	
O1):-0.799	O2):38.253	
O1):-0.75	O2):35.584	
O1):-0.778	O2):37.213	
O1):-0.793	O2):38.145	
O1):-0.835	O2):47.188	
O1):-0.833	O2):44.735	
O1):-0.741	O2):34.759	
O1):-0.854	O2):50.624	
O1):-0.764	O2):36.76	
O1):-0.787	O2):40.819	
O1):-0.805	O2):38.873	
O1):-0.846	O2):48.229	
Evaluations:	3500
O1):-0.829	O2):43.781	
O1):-0.802	O2):38.275	
O1):-0.766	O2):37.116	
O1):-0.849	O2):49.525	
O1):-0.849	O2):49.529	
O1):-0.773	O2):38.266	
O1):-0.845	O2):48.259	
O1):-0.829	O2):43.781	
O1):-0.821	O2):42.581	
O1):-0.847	O2):48.678	
O1):-0.798	O2):37.963	
O1):-0.862	O2):53.97	
O1):-0.854	O2):49.416	
O1):-0.828	O2):43.596	
O1):-0.786	O2):40.419	
O1):-0.811	O2):39.207	
O1):-0.756	O2):36.262	
Evaluations:	3700
O1):-0.846	O2):49.41	
O1):-0.791	O2):38.412	
O1):-0.847	O2):48.678	
O1):-0.781	O2):37.632	
O1):-0.826	O2):43.084	
O1):-0.828	O2):43.091	
O1):-0.859	O2):53.392	
O1):-0.723	O2):30.751	
O1):-0.776	O2):35.832	
O1):-0.804	O2):41.533	
O1):-0.837	O2):45.651	
O1):-0.87	O2):59.222	
O1):-0.825	O2):44.232	
O1):-0.864	O2):59.27	
O1):-0.828	O2):43.43	
Evaluations:	3800
O1):-0.846	O2):48.229	
O1):-0.855	O2):49.561	
O1):-0.788	O2):50.051	
O1):-0.775	O2):36.934	
O1):-0.723	O2):30.751	
O1):-0.816	O2):41.738	
O1):-0.821	O2):42.785	
O1):-0.746	O2):35.716	
O1):-0.838	O2):44.59	
O1):-0.708	O2):31.618	
O1):-0.833	O2):43.498	
O1):-0.818	O2):42.166	
O1):-0.781	O2):39.953	
O1):-0.87	O2):59.222	
O1):-0.821	O2):42.789	
O1):-0.783	O2):39.208	
O1):-0.85	O2):48.269	
O1):-0.828	O2):43.088	
O1):-0.712	O2):31.855	
O1):-0.855	O2):49.561	
O1):-0.849	O2):49.529	
O1):-0.826	O2):43.252	
O1):-0.802	O2):38.275	
O1):-0.76	O2):36.085	
O1):-0.757	O2):35.786	
O1):-0.826	O2):42.681	
O1):-0.7	O2):30.905	
O1):-0.781	O2):37.706	
O1):-0.859	O2):54.192	
O1):-0.779	O2):36.269	
O1):-0.77	O2):37.383	
O1):-0.764	O2):34.547	
O1):-0.765	O2):36.608	
O1):-0.817	O2):41.871	
O1):-0.815	O2):41.611	
O1):-0.772	O2):36.614	
O1):-0.836	O2):44.147	
O1):-0.863	O2):54.232	
O1):-0.815	O2):41.611	
O1):-0.744	O2):33.889	
O1):-0.748	O2):35.287	
O1):-0.798	O2):37.964	
O1):-0.846	O2):49.464	
O1):-0.712	O2):30.601	
O1):-0.819	O2):42.273	
O1):-0.78	O2):38.483	
O1):-0.758	O2):39.112	
O1):-0.812	O2):39.341	
O1):-0.815	O2):41.611	
O1):-0.847	O2):49.602	
O1):-0.831	O2):43.4	
O1):-0.783	O2):39.208	
O1):-0.852	O2):48.845	
O1):-0.777	O2):38.337	
O1):-0.714	O2):32.068	
O1):-0.871	O2):59.505	
O1):-0.853	O2):48.898	
O1):-0.799	O2):38.253	
O1):-0.828	O2):44.09	
O1):-0.816	O2):41.738	
O1):-0.825	O2):43.174	
O1):-0.853	O2):49.053	
O1):-0.827	O2):43.305	
O1):-0.742	O2):34.887	
O1):-0.835	O2):47.188	
O1):-0.785	O2):38.88	
O1):-0.712	O2):30.601	
O1):-0.746	O2):33.297	
O1):-0.854	O2):54.595	
O1):-0.826	O2):42.681	
O1):-0.835	O2):47.188	
O1):-0.863	O2):54.276	
O1):-0.812	O2):39.341	
O1):-0.787	O2):37.8	
O1):-0.756	O2):36.262	
O1):-0.818	O2):41.99	
O1):-0.805	O2):39.857	
O1):-0.829	O2):43.785	
O1):-0.806	O2):41.896	
O1):-0.778	O2):37.954	
O1):-0.809	O2):42.691	
O1):-0.841	O2):47.247	
O1):-0.804	O2):54.168	
O1):-0.871	O2):59.504	
O1):-0.835	O2):44.007	
O1):-0.743	O2):36.351	
O1):-0.787	O2):40.819	
O1):-0.836	O2):44.147	
O1):-0.818	O2):42.166	
O1):-0.764	O2):36.77	
O1):-0.828	O2):43.091	
O1):-0.829	O2):43.226	
O1):-0.836	O2):44.149	
O1):-0.847	O2):49.602	
O1):-0.728	O2):31.308	
O1):-0.785	O2):40.296	
O1):-0.837	O2):44.283	
O1):-0.744	O2):35.153	
O1):-0.838	O2):44.589	
O1):-0.819	O2):42.438	
O1):-0.819	O2):42.274	
O1):-0.85	O2):48.27	
O1):-0.863	O2):54.431	
O1):-0.834	O2):43.734	
O1):-0.787	O2):40.819	
O1):-0.852	O2):48.846	
O1):-0.793	O2):38.145	
O1):-0.853	O2):49.106	
O1):-0.832	O2):43.35	
O1):-0.868	O2):58.666	
O1):-0.741	O2):34.758	
O1):-0.791	O2):38.657	
O1):-0.828	O2):48.141	
O1):-0.81	O2):42.861	
O1):-0.838	O2):44.589	
O1):-0.778	O2):37.296	
O1):-0.747	O2):35.624	
O1):-0.767	O2):37.149	
O1):-0.776	O2):35.832	
O1):-0.817	O2):41.871	
O1):-0.836	O2):44.148	
O1):-0.804	O2):41.534	
O1):-0.744	O2):35.153	
O1):-0.783	O2):39.208	
O1):-0.853	O2):48.898	
O1):-0.776	O2):35.832	
O1):-0.756	O2):36.262	
O1):-0.818	O2):42.166	
O1):-0.832	O2):43.38	
O1):-0.85	O2):48.269	
O1):-0.766	O2):37.116	
O1):-0.748	O2):35.287	
O1):-0.814	O2):42.931	
-------------------------------------------------
SOLUTIONS: 	100

Pareto Front and Pareto set saved at: data/ROBOT14_REP7/NSGAII/
Pareto Front: data/ROBOT14_REP7/NSGAII/ROBOT14_REP7_NSGAII_013624_020826_Front
Pareto Set: data/ROBOT14_REP7/NSGAII/ROBOT14_REP7_NSGAII_013624_020826_Set
O1):-0.764	O2):34.547	
O1):-0.855	O2):59.143	
O1):-0.825	O2):42.546	
O1):-0.714	O2):32.069	
O1):-0.822	O2):42.985	
O1):-0.811	O2):39.207	
O1):-0.87	O2):59.222	
O1):-0.811	O2):39.208	
O1):-0.757	O2):37.121	
O1):-0.784	O2):40.098	
O1):-0.784	O2):40.257	
O1):-0.835	O2):44.007	
O1):-0.714	O2):32.068	
O1):-0.795	O2):38.483	
O1):-0.85	O2):48.269	
O1):-0.743	O2):35.03	
O1):-0.782	O2):39.172	
O1):-0.854	O2):49.251	
O1):-0.855	O2):49.561	
O1):-0.743	O2):35.139	
O1):-0.834	O2):43.734	
O1):-0.82	O2):42.569	
O1):-0.837	O2):44.231	
O1):-0.817	O2):41.871	
O1):-0.83	O2):44.039	
O1):-0.821	O2):42.789	
O1):-0.853	O2):49.106	
O1):-0.859	O2):53.392	
O1):-0.746	O2):33.297	
O1):-0.852	O2):48.846	
O1):-0.836	O2):44.149	
O1):-0.842	O2):48.748	
O1):-0.846	O2):48.229	
O1):-0.841	O2):47.247	
O1):-0.842	O2):47.807	
O1):-0.768	O2):37.443	
O1):-0.851	O2):48.542	
O1):-0.836	O2):44.149	
O1):-0.792	O2):38.091	
O1):-0.77	O2):37.383	
O1):-0.826	O2):42.681	
O1):-0.818	O2):41.99	
O1):-0.805	O2):41.782	
O1):-0.826	O2):42.681	
O1):-0.836	O2):44.148	
O1):-0.768	O2):37.281	
O1):-0.836	O2):49.337	
O1):-0.845	O2):51.663	
O1):-0.871	O2):59.506	
O1):-0.845	O2):49.273	
O1):-0.819	O2):42.426	
O1):-0.7	O2):30.913	
O1):-0.714	O2):32.068	
O1):-0.85	O2):48.338	
O1):-0.829	O2):43.781	
O1):-0.757	O2):36.389	
O1):-0.741	O2):34.758	
O1):-0.846	O2):48.587	
O1):-0.772	O2):40.643	
O1):-0.819	O2):42.408	
O1):-0.843	O2):47.361	
O1):-0.83	O2):44.037	
O1):-0.748	O2):35.349	
O1):-0.844	O2):47.806	
O1):-0.816	O2):41.738	
O1):-0.786	O2):40.416	
O1):-0.826	O2):43.252	
O1):-0.826	O2):43.252	
O1):-0.834	O2):43.872	
O1):-0.795	O2):38.483	
O1):-0.793	O2):38.147	
O1):-0.742	O2):34.919	
O1):-0.823	O2):42.987	
O1):-0.764	O2):34.552	
O1):-0.755	O2):36.128	
O1):-0.772	O2):40.629	
O1):-0.836	O2):44.149	
O1):-0.838	O2):44.589	
O1):-0.862	O2):53.97	
O1):-0.862	O2):53.97	
O1):-0.859	O2):53.339	
O1):-0.823	O2):42.987	
O1):-0.824	O2):43.122	
O1):-0.862	O2):53.97	
O1):-0.826	O2):42.681	
O1):-0.843	O2):47.361	
O1):-0.817	O2):41.871	
O1):-0.792	O2):37.877	
O1):-0.837	O2):44.283	
O1):-0.818	O2):42.166	
O1):-0.823	O2):42.409	
O1):-0.852	O2):48.846	
O1):-0.779	O2):41.025	
O1):-0.784	O2):38.587	
O1):-0.783	O2):39.208	
O1):-0.853	O2):49.053	
O1):-0.843	O2):48.592	
O1):-0.786	O2):39.133	
O1):-0.829	O2):43.785	
O1):-0.837	O2):47.293	
O1):-0.821	O2):42.789	
O1):-0.854	O2):49.251	
O1):-0.854	O2):53.431	
O1):-0.82	O2):42.569	
O1):-0.812	O2):39.339	
O1):-0.777	O2):35.954	
O1):-0.819	O2):42.408	
O1):-0.829	O2):43.781	
O1):-0.793	O2):38.145	
O1):-0.836	O2):44.149	
O1):-0.714	O2):32.068	
O1):-0.852	O2):54.178	
O1):-0.806	O2):42.514	
O1):-0.787	O2):40.819	
O1):-0.817	O2):41.864	
O1):-0.847	O2):49.602	
O1):-0.798	O2):43.604	
O1):-0.854	O2):49.416	
O1):-0.819	O2):42.427	
O1):-0.826	O2):43.186	
O1):-0.811	O2):39.207	
O1):-0.854	O2):54.458	
O1):-0.845	O2):49.1	
O1):-0.838	O2):44.589	
O1):-0.821	O2):46.521	
O1):-0.829	O2):48.287	
O1):-0.793	O2):38.145	
O1):-0.776	O2):35.832	
O1):-0.842	O2):47.807	
O1):-0.863	O2):54.232	
O1):-0.846	O2):49.465	
O1):-0.857	O2):53.841	
O1):-0.853	O2):49.053	
O1):-0.788	O2):50.038	
O1):-0.815	O2):41.611	
O1):-0.836	O2):44.149	
O1):-0.83	O2):44.039	
O1):-0.844	O2):47.806	
O1):-0.82	O2):42.569	
O1):-0.829	O2):43.781	
O1):-0.837	O2):44.283	
O1):-0.828	O2):43.088	
O1):-0.844	O2):48.093	
O1):-0.748	O2):33.53	
O1):-0.851	O2):52.618	
O1):-0.762	O2):36.143	
O1):-0.779	O2):38.93	
O1):-0.798	O2):38.978	
O1):-0.833	O2):46.26	
O1):-0.834	O2):43.734	
O1):-0.746	O2):33.297	
O1):-0.755	O2):36.128	
O1):-0.788	O2):39.371	
O1):-0.854	O2):49.251	
O1):-0.818	O2):41.991	
O1):-0.708	O2):31.618	
O1):-0.767	O2):37.16	
O1):-0.828	O2):43.092	
O1):-0.818	O2):42.311	
O1):-0.83	O2):44.047	
O1):-0.85	O2):48.269	
O1):-0.75	O2):35.838	
O1):-0.828	O2):43.587	
O1):-0.743	O2):35.139	
O1):-0.868	O2):58.666	
O1):-0.779	O2):36.269	
O1):-0.833	O2):43.446	
O1):-0.854	O2):49.251	
O1):-0.796	O2):44.588	
O1):-0.818	O2):42.311	
O1):-0.835	O2):47.188	
O1):-0.85	O2):48.334	
O1):-0.819	O2):42.273	
Evaluations:	3900
O1):-0.795	O2):38.483	
O1):-0.864	O2):59.27	
O1):-0.85	O2):48.269	
O1):-0.846	O2):48.587	
O1):-0.818	O2):47.542	
Evaluations:	3600
O1):-0.819	O2):42.274	
O1):-0.852	O2):48.846	
O1):-0.7	O2):30.904	
O1):-0.699	O2):30.91	
O1):-0.767	O2):37.248	
O1):-0.83	O2):44.037	
O1):-0.798	O2):38.978	
O1):-0.83	O2):44.047	
O1):-0.817	O2):42.019	
O1):-0.779	O2):36.269	
O1):-0.802	O2):41.394	
O1):-0.824	O2):42.54	
O1):-0.709	O2):31.63	
O1):-0.819	O2):42.269	
O1):-0.86	O2):53.536	
O1):-0.709	O2):31.63	
O1):-0.828	O2):43.556	
O1):-0.793	O2):38.145	
O1):-0.75	O2):35.378	
O1):-0.838	O2):47.504	
O1):-0.832	O2):43.38	
O1):-0.863	O2):54.431	
O1):-0.871	O2):59.581	
Evaluations:	3800
O1):-0.792	O2):41.974	
O1):-0.835	O2):47.188	
O1):-0.859	O2):53.393	
O1):-0.795	O2):38.483	
O1):-0.765	O2):40.076	
O1):-0.843	O2):47.361	
O1):-0.836	O2):44.147	
O1):-0.804	O2):41.533	
O1):-0.777	O2):35.954	
O1):-0.777	O2):35.954	
O1):-0.863	O2):54.285	
O1):-0.835	O2):48.094	
O1):-0.822	O2):42.99	
O1):-0.859	O2):53.339	
O1):-0.833	O2):43.446	
O1):-0.746	O2):33.297	
O1):-0.851	O2):52.618	
O1):-0.837	O2):47.294	
O1):-0.748	O2):33.53	
O1):-0.748	O2):33.53	
O1):-0.819	O2):42.426	
O1):-0.851	O2):52.618	
O1):-0.834	O2):43.736	
O1):-0.712	O2):31.855	
O1):-0.785	O2):38.698	
O1):-0.821	O2):42.672	
O1):-0.742	O2):34.887	
O1):-0.846	O2):48.587	
O1):-0.808	O2):42.72	
O1):-0.819	O2):42.273	
O1):-0.854	O2):53.431	
O1):-0.819	O2):42.408	
O1):-0.834	O2):43.872	
O1):-0.804	O2):41.533	
O1):-0.743	O2):35.032	
O1):-0.864	O2):59.27	
O1):-0.818	O2):42.166	
O1):-0.838	O2):44.589	
O1):-0.792	O2):37.877	
O1):-0.851	O2):48.687	
O1):-0.7	O2):30.904	
O1):-0.836	O2):44.148	
O1):-0.872	O2):64.052	
O1):-0.859	O2):53.392	
O1):-0.708	O2):31.618	
O1):-0.829	O2):43.227	
O1):-0.824	O2):43.046	
O1):-0.862	O2):53.97	
O1):-0.746	O2):33.297	
O1):-0.779	O2):36.269	
O1):-0.85	O2):48.335	
O1):-0.847	O2):49.602	
O1):-0.834	O2):43.734	
O1):-0.818	O2):41.99	
O1):-0.748	O2):33.53	
O1):-0.833	O2):43.586	
O1):-0.862	O2):53.917	
O1):-0.864	O2):59.27	
O1):-0.851	O2):52.618	
O1):-0.834	O2):43.872	
O1):-0.741	O2):34.774	
O1):-0.844	O2):47.806	
O1):-0.813	O2):39.535	
O1):-0.853	O2):53.196	
O1):-0.836	O2):46.825	
O1):-0.851	O2):48.542	
O1):-0.767	O2):37.155	
O1):-0.838	O2):47.504	
O1):-0.85	O2):53.83	
O1):-0.757	O2):36.389	
O1):-0.782	O2):39.172	
O1):-0.815	O2):41.611	
O1):-0.837	O2):44.751	
O1):-0.862	O2):53.919	
O1):-0.826	O2):42.681	
O1):-0.842	O2):47.807	
O1):-0.862	O2):53.97	
O1):-0.776	O2):35.832	
O1):-0.833	O2):43.656	
O1):-0.788	O2):39.37	
O1):-0.823	O2):42.987	
O1):-0.845	O2):48.739	
O1):-0.786	O2):40.416	
O1):-0.776	O2):35.832	
O1):-0.811	O2):39.207	
O1):-0.793	O2):38.145	
O1):-0.792	O2):37.877	
O1):-0.871	O2):59.507	
O1):-0.845	O2):49.333	
O1):-0.863	O2):54.431	
O1):-0.803	O2):41.521	
O1):-0.816	O2):41.738	
O1):-0.864	O2):59.277	
O1):-0.842	O2):47.807	
O1):-0.756	O2):36.262	
O1):-0.825	O2):47.174	
O1):-0.757	O2):36.389	
O1):-0.743	O2):35.142	
O1):-0.756	O2):36.939	
O1):-0.864	O2):59.27	
O1):-0.824	O2):42.54	
O1):-0.87	O2):59.222	
O1):-0.776	O2):35.832	
O1):-0.792	O2):38.091	
O1):-0.845	O2):49.513	
O1):-0.825	O2):42.547	
O1):-0.825	O2):43.174	
O1):-0.832	O2):43.311	
O1):-0.828	O2):48.141	
O1):-0.793	O2):38.145	
O1):-0.855	O2):49.561	
O1):-0.743	O2):35.146	
O1):-0.854	O2):49.251	
O1):-0.836	O2):46.825	
O1):-0.748	O2):35.287	
O1):-0.743	O2):35.034	
O1):-0.87	O2):59.222	
O1):-0.791	O2):38.464	
O1):-0.798	O2):38.978	
O1):-0.854	O2):53.431	
O1):-0.842	O2):51.094	
O1):-0.714	O2):32.068	
O1):-0.846	O2):48.598	
O1):-0.805	O2):41.782	
O1):-0.855	O2):49.561	
O1):-0.87	O2):59.222	
O1):-0.815	O2):41.611	
O1):-0.825	O2):43.174	
O1):-0.777	O2):35.954	
O1):-0.851	O2):48.542	
O1):-0.771	O2):39.181	
O1):-0.746	O2):33.297	
O1):-0.806	O2):41.891	
O1):-0.851	O2):48.542	
O1):-0.805	O2):41.762	
O1):-0.829	O2):43.226	
O1):-0.787	O2):40.819	
O1):-0.818	O2):41.991	
O1):-0.859	O2):53.339	
O1):-0.819	O2):42.269	
O1):-0.772	O2):40.645	
O1):-0.801	O2):48.817	
O1):-0.863	O2):54.285	
O1):-0.824	O2):42.54	
O1):-0.815	O2):41.611	
O1):-0.833	O2):43.548	
O1):-0.819	O2):42.426	
O1):-0.785	O2):40.296	
O1):-0.798	O2):38.978	
O1):-0.847	O2):49.604	
O1):-0.712	O2):31.855	
O1):-0.845	O2):49.307	
O1):-0.714	O2):32.068	
O1):-0.764	O2):34.547	
O1):-0.795	O2):38.483	
O1):-0.864	O2):59.27	
O1):-0.863	O2):54.276	
O1):-0.837	O2):48.664	
O1):-0.779	O2):38.92	
O1):-0.766	O2):37.116	
O1):-0.797	O2):42.012	
O1):-0.815	O2):41.612	
O1):-0.778	O2):36.148	
O1):-0.778	O2):36.148	
O1):-0.863	O2):54.286	
O1):-0.77	O2):37.383	
O1):-0.818	O2):41.991	
O1):-0.746	O2):33.297	
O1):-0.767	O2):35.999	
O1):-0.83	O2):44.044	
O1):-0.838	O2):44.589	
O1):-0.835	O2):47.188	
O1):-0.834	O2):43.737	
O1):-0.836	O2):44.205	
O1):-0.868	O2):58.666	
O1):-0.845	O2):49.329	
O1):-0.833	O2):43.599	
O1):-0.792	O2):37.877	
O1):-0.838	O2):44.589	
O1):-0.792	O2):37.877	
O1):-0.819	O2):42.273	
O1):-0.743	O2):35.152	
O1):-0.821	O2):42.863	
O1):-0.75	O2):35.838	
O1):-0.817	O2):41.864	
O1):-0.824	O2):42.54	
O1):-0.824	O2):42.542	
O1):-0.756	O2):36.262	
O1):-0.817	O2):41.864	
O1):-0.868	O2):58.666	
O1):-0.74	O2):34.55	
O1):-0.832	O2):43.311	
O1):-0.843	O2):47.361	
O1):-0.859	O2):53.392	
O1):-0.7	O2):30.904	
O1):-0.835	O2):46.634	
O1):-0.854	O2):49.251	
O1):-0.87	O2):59.222	
O1):-0.802	O2):44.776	
O1):-0.768	O2):37.281	
O1):-0.819	O2):42.426	
O1):-0.871	O2):59.504	
O1):-0.819	O2):42.408	
O1):-0.819	O2):42.426	
O1):-0.778	O2):36.148	
O1):-0.844	O2):47.806	
O1):-0.842	O2):47.232	
O1):-0.835	O2):44.008	
O1):-0.741	O2):36.294	
O1):-0.708	O2):31.618	
O1):-0.844	O2):48.093	
O1):-0.75	O2):35.949	
O1):-0.793	O2):38.145	
O1):-0.792	O2):37.877	
O1):-0.834	O2):43.872	
O1):-0.841	O2):47.247	
O1):-0.838	O2):44.589	
O1):-0.833	O2):43.625	
O1):-0.819	O2):42.69	
O1):-0.845	O2):47.92	
O1):-0.787	O2):40.819	
O1):-0.757	O2):36.389	
O1):-0.779	O2):36.269	
O1):-0.793	O2):38.145	
O1):-0.825	O2):42.546	
O1):-0.7	O2):30.843	
O1):-0.765	O2):36.608	
O1):-0.813	O2):39.535	
O1):-0.854	O2):53.431	
O1):-0.818	O2):42.166	
O1):-0.714	O2):32.068	
O1):-0.817	O2):41.871	
O1):-0.764	O2):34.547	
O1):-0.7	O2):30.904	
O1):-0.838	O2):44.589	
O1):-0.85	O2):48.269	
O1):-0.812	O2):39.401	
O1):-0.798	O2):38.978	
O1):-0.85	O2):55.811	
O1):-0.854	O2):53.431	
O1):-0.859	O2):54.192	
O1):-0.835	O2):44.286	
O1):-0.812	O2):39.338	
O1):-0.867	O2):58.613	
O1):-0.825	O2):42.585	
-------------------------------------------------
SOLUTIONS: 	100

Pareto Front and Pareto set saved at: data/ROBOT14_REP8/NSGAII/
Pareto Front: data/ROBOT14_REP8/NSGAII/ROBOT14_REP8_NSGAII_014115_020826_Front
Pareto Set: data/ROBOT14_REP8/NSGAII/ROBOT14_REP8_NSGAII_014115_020826_Set
O1):-0.818	O2):42.311	
O1):-0.826	O2):42.68	
O1):-0.765	O2):35.913	
O1):-0.792	O2):38.008	
O1):-0.764	O2):34.552	
O1):-0.712	O2):31.855	
O1):-0.792	O2):38.091	
O1):-0.867	O2):58.613	
O1):-0.816	O2):41.738	
O1):-0.852	O2):48.845	
O1):-0.757	O2):36.342	
O1):-0.853	O2):48.898	
O1):-0.85	O2):48.335	
O1):-0.812	O2):39.497	
O1):-0.836	O2):44.149	
O1):-0.788	O2):39.371	
O1):-0.87	O2):59.275	
O1):-0.812	O2):39.341	
O1):-0.836	O2):44.148	
O1):-0.836	O2):44.148	
O1):-0.834	O2):43.736	
O1):-0.862	O2):53.917	
O1):-0.77	O2):37.383	
O1):-0.87	O2):59.222	
O1):-0.82	O2):42.569	
O1):-0.772	O2):47.451	
O1):-0.806	O2):39.997	
Evaluations:	3700
O1):-0.868	O2):58.666	
O1):-0.863	O2):54.276	
O1):-0.773	O2):38.066	
O1):-0.832	O2):43.35	
O1):-0.828	O2):43.488	
O1):-0.844	O2):47.806	
O1):-0.824	O2):42.54	
O1):-0.746	O2):33.421	
O1):-0.824	O2):42.54	
O1):-0.793	O2):40.405	
O1):-0.816	O2):41.738	
O1):-0.813	O2):39.535	
O1):-0.793	O2):38.145	
Evaluations:	3900
O1):-0.833	O2):43.589	
O1):-0.862	O2):53.917	
O1):-0.821	O2):42.665	
O1):-0.851	O2):48.542	
O1):-0.819	O2):42.408	
O1):-0.859	O2):54.141	
O1):-0.853	O2):49.053	
O1):-0.77	O2):37.383	
O1):-0.828	O2):43.088	
O1):-0.817	O2):41.864	
O1):-0.709	O2):31.628	
O1):-0.85	O2):48.321	
O1):-0.748	O2):33.53	
O1):-0.863	O2):54.276	
O1):-0.834	O2):43.734	
O1):-0.714	O2):32.068	
O1):-0.712	O2):31.855	
O1):-0.779	O2):36.269	
O1):-0.85	O2):48.337	
O1):-0.845	O2):49.099	
O1):-0.867	O2):58.613	
O1):-0.814	O2):39.671	
O1):-0.816	O2):41.738	
O1):-0.837	O2):44.445	
O1):-0.834	O2):43.873	
O1):-0.828	O2):43.088	
O1):-0.746	O2):33.309	
O1):-0.792	O2):37.877	
O1):-0.709	O2):31.63	
O1):-0.836	O2):44.148	
O1):-0.838	O2):44.589	
O1):-0.826	O2):42.68	
O1):-0.834	O2):43.734	
O1):-0.764	O2):34.547	
O1):-0.78	O2):38.484	
O1):-0.746	O2):33.297	
O1):-0.816	O2):41.738	
O1):-0.746	O2):33.297	
O1):-0.835	O2):44.007	
O1):-0.749	O2):35.47	
O1):-0.748	O2):33.53	
O1):-0.868	O2):58.666	
O1):-0.846	O2):48.229	
O1):-0.845	O2):49.254	
O1):-0.764	O2):34.547	
O1):-0.793	O2):38.145	
O1):-0.779	O2):36.269	
O1):-0.843	O2):47.361	
O1):-0.819	O2):42.293	
O1):-0.824	O2):42.682	
O1):-0.792	O2):37.877	
O1):-0.834	O2):43.872	
O1):-0.792	O2):37.877	
O1):-0.867	O2):58.613	
O1):-0.792	O2):37.877	
O1):-0.771	O2):37.612	
O1):-0.859	O2):53.339	
O1):-0.819	O2):42.408	
O1):-0.807	O2):40.247	
O1):-0.746	O2):33.297	
O1):-0.836	O2):44.147	
O1):-0.872	O2):64.052	
O1):-0.836	O2):44.148	
O1):-0.714	O2):32.068	
O1):-0.756	O2):36.262	
O1):-0.792	O2):37.877	
O1):-0.838	O2):44.589	
O1):-0.817	O2):41.864	
O1):-0.846	O2):48.229	
O1):-0.863	O2):54.232	
O1):-0.818	O2):41.991	
O1):-0.836	O2):44.148	
O1):-0.832	O2):43.311	
O1):-0.792	O2):38.091	
O1):-0.836	O2):44.148	
O1):-0.851	O2):48.542	
O1):-0.756	O2):36.262	
O1):-0.755	O2):36.128	
O1):-0.773	O2):37.924	
O1):-0.794	O2):40.553	
O1):-0.838	O2):44.589	
O1):-0.859	O2):53.339	
O1):-0.825	O2):42.948	
O1):-0.813	O2):39.531	
O1):-0.768	O2):37.195	
O1):-0.792	O2):37.877	
O1):-0.792	O2):37.877	
O1):-0.832	O2):43.314	
O1):-0.87	O2):59.222	
O1):-0.816	O2):41.738	
O1):-0.764	O2):34.547	
O1):-0.844	O2):49.159	
O1):-0.851	O2):48.542	
O1):-0.817	O2):41.864	
O1):-0.813	O2):39.477	
O1):-0.811	O2):39.207	
O1):-0.835	O2):44.008	
O1):-0.85	O2):48.27	
O1):-0.832	O2):43.311	
O1):-0.851	O2):53.876	
O1):-0.855	O2):49.563	
O1):-0.859	O2):54.143	
O1):-0.816	O2):41.738	
O1):-0.833	O2):43.515	
O1):-0.845	O2):49.275	
O1):-0.828	O2):44.087	
O1):-0.843	O2):47.361	
O1):-0.872	O2):64.05	
O1):-0.852	O2):48.848	
O1):-0.836	O2):44.147	
O1):-0.832	O2):43.311	
O1):-0.833	O2):43.446	
O1):-0.834	O2):43.734	
O1):-0.833	O2):43.587	
O1):-0.819	O2):42.426	
O1):-0.854	O2):49.251	
O1):-0.845	O2):47.92	
O1):-0.851	O2):48.542	
O1):-0.793	O2):38.145	
O1):-0.836	O2):44.147	
O1):-0.815	O2):41.611	
O1):-0.819	O2):42.426	
O1):-0.777	O2):35.954	
O1):-0.792	O2):38.091	
O1):-0.837	O2):44.231	
O1):-0.756	O2):36.211	
O1):-0.851	O2):53.86	
O1):-0.815	O2):41.611	
O1):-0.764	O2):34.547	
O1):-0.794	O2):40.553	
O1):-0.793	O2):38.145	
O1):-0.859	O2):53.339	
O1):-0.872	O2):64.052	
O1):-0.836	O2):46.829	
O1):-0.77	O2):37.383	
O1):-0.834	O2):43.872	
O1):-0.798	O2):38.978	
O1):-0.798	O2):38.978	
O1):-0.818	O2):41.991	
O1):-0.855	O2):58.718	
O1):-0.828	O2):43.088	
O1):-0.828	O2):44.373	
O1):-0.818	O2):41.991	
O1):-0.733	O2):31.944	
O1):-0.871	O2):59.504	
O1):-0.7	O2):30.843	
O1):-0.85	O2):48.271	
O1):-0.843	O2):47.361	
O1):-0.714	O2):32.068	
O1):-0.779	O2):36.269	
O1):-0.871	O2):59.58	
O1):-0.834	O2):43.797	
O1):-0.811	O2):39.207	
O1):-0.87	O2):59.222	
O1):-0.82	O2):42.569	
O1):-0.819	O2):42.426	
O1):-0.817	O2):41.864	
O1):-0.818	O2):42.121	
O1):-0.872	O2):64.052	
O1):-0.824	O2):42.54	
O1):-0.87	O2):59.222	
O1):-0.815	O2):41.611	
O1):-0.772	O2):40.643	
O1):-0.862	O2):53.917	
O1):-0.836	O2):44.147	
O1):-0.829	O2):43.226	
O1):-0.851	O2):53.928	
O1):-0.817	O2):41.871	
O1):-0.778	O2):36.148	
O1):-0.838	O2):44.591	
O1):-0.757	O2):36.389	
O1):-0.845	O2):47.921	
O1):-0.793	O2):38.145	
O1):-0.833	O2):43.515	
O1):-0.786	O2):39.133	
O1):-0.846	O2):49.41	
O1):-0.836	O2):46.825	
O1):-0.854	O2):54.595	
O1):-0.792	O2):37.888	
O1):-0.837	O2):44.454	
O1):-0.85	O2):48.269	
O1):-0.709	O2):31.63	
Evaluations:	3800
O1):-0.818	O2):42.166	
O1):-0.836	O2):44.149	
O1):-0.833	O2):43.587	
O1):-0.792	O2):37.877	
O1):-0.855	O2):49.561	
O1):-0.838	O2):44.589	
O1):-0.863	O2):54.232	
O1):-0.838	O2):44.589	
O1):-0.828	O2):43.088	
O1):-0.825	O2):42.546	
O1):-0.77	O2):37.383	
O1):-0.853	O2):48.898	
O1):-0.7	O2):30.843	
O1):-0.837	O2):44.751	
O1):-0.714	O2):32.068	
O1):-0.838	O2):44.589	
O1):-0.846	O2):48.229	
O1):-0.792	O2):38.091	
O1):-0.818	O2):41.991	
O1):-0.792	O2):38.222	
O1):-0.828	O2):43.088	
O1):-0.863	O2):54.232	
O1):-0.793	O2):38.145	
O1):-0.836	O2):44.148	
O1):-0.838	O2):44.589	
O1):-0.851	O2):48.542	
O1):-0.712	O2):31.855	
-------------------------------------------------
SOLUTIONS: 	100
O1):-0.764	O2):34.547	

Pareto Front and Pareto set saved at: data/ROBOT14_REP3/NSGAII/
Pareto Front: data/ROBOT14_REP3/NSGAII/ROBOT14_REP3_NSGAII_014435_020826_Front
Pareto Set: data/ROBOT14_REP3/NSGAII/ROBOT14_REP3_NSGAII_014435_020826_Set
O1):-0.826	O2):42.68	
O1):-0.863	O2):54.232	
O1):-0.708	O2):31.618	
O1):-0.768	O2):35.943	
O1):-0.834	O2):43.734	
O1):-0.806	O2):39.989	
O1):-0.817	O2):41.864	
O1):-0.835	O2):44.232	
O1):-0.833	O2):43.589	
O1):-0.837	O2):44.231	
O1):-0.837	O2):44.231	
O1):-0.813	O2):39.477	
O1):-0.834	O2):43.736	
O1):-0.778	O2):36.148	
O1):-0.834	O2):43.737	
O1):-0.778	O2):37.963	
O1):-0.828	O2):43.226	
O1):-0.779	O2):36.269	
O1):-0.764	O2):39.739	
O1):-0.833	O2):43.6	
O1):-0.792	O2):38.091	
O1):-0.838	O2):44.589	
O1):-0.779	O2):36.269	
O1):-0.855	O2):49.561	
O1):-0.78	O2):38.484	
O1):-0.793	O2):40.277	
O1):-0.851	O2):48.542	
O1):-0.823	O2):42.409	
O1):-0.851	O2):48.542	
O1):-0.824	O2):42.54	
O1):-0.795	O2):40.414	
O1):-0.836	O2):44.147	
O1):-0.749	O2):35.458	
O1):-0.817	O2):41.864	
O1):-0.832	O2):43.38	
O1):-0.776	O2):35.832	
O1):-0.863	O2):54.232	
O1):-0.838	O2):44.589	
O1):-0.826	O2):44.421	
O1):-0.82	O2):42.71	
O1):-0.818	O2):41.953	
O1):-0.764	O2):34.547	
O1):-0.764	O2):34.547	
O1):-0.807	O2):40.251	
O1):-0.708	O2):31.618	
O1):-0.776	O2):35.832	
O1):-0.832	O2):43.38	
O1):-0.746	O2):33.426	
O1):-0.837	O2):44.283	
O1):-0.811	O2):39.209	
O1):-0.818	O2):41.991	
O1):-0.779	O2):36.269	
O1):-0.807	O2):42.661	
O1):-0.826	O2):42.681	
O1):-0.829	O2):43.225	
O1):-0.851	O2):48.542	
O1):-0.812	O2):39.338	
O1):-0.834	O2):43.734	
O1):-0.829	O2):43.226	
O1):-0.837	O2):44.231	
O1):-0.845	O2):47.92	
O1):-0.834	O2):43.734	
O1):-0.845	O2):49.469	
O1):-0.834	O2):43.734	
O1):-0.85	O2):48.335	
O1):-0.828	O2):44.087	
O1):-0.819	O2):42.408	
O1):-0.795	O2):38.483	
O1):-0.75	O2):35.595	
O1):-0.854	O2):49.251	
O1):-0.798	O2):38.978	
O1):-0.851	O2):48.542	
O1):-0.853	O2):49.106	
O1):-0.854	O2):49.416	
O1):-0.708	O2):31.618	
O1):-0.778	O2):36.148	
O1):-0.862	O2):53.917	
O1):-0.779	O2):36.269	
O1):-0.764	O2):39.739	
O1):-0.798	O2):38.978	
O1):-0.825	O2):42.545	
O1):-0.834	O2):43.736	
O1):-0.785	O2):38.886	
Evaluations:	3900
O1):-0.853	O2):49.053	
O1):-0.844	O2):47.806	
O1):-0.832	O2):43.38	
O1):-0.853	O2):49.053	
O1):-0.834	O2):46.445	
O1):-0.837	O2):44.231	
O1):-0.832	O2):43.38	
O1):-0.733	O2):31.944	
O1):-0.746	O2):33.421	
O1):-0.708	O2):31.618	
O1):-0.833	O2):43.515	
O1):-0.812	O2):39.339	
O1):-0.851	O2):48.542	
O1):-0.846	O2):48.229	
O1):-0.851	O2):48.688	
O1):-0.838	O2):44.589	
O1):-0.828	O2):43.088	
O1):-0.837	O2):44.283	
O1):-0.837	O2):44.371	
O1):-0.855	O2):49.561	
O1):-0.828	O2):43.165	
O1):-0.828	O2):44.087	
O1):-0.819	O2):42.408	
O1):-0.808	O2):42.74	
O1):-0.837	O2):44.454	
O1):-0.818	O2):41.991	
O1):-0.82	O2):42.535	
O1):-0.842	O2):47.232	
O1):-0.776	O2):35.832	
O1):-0.779	O2):36.269	
O1):-0.746	O2):33.421	
O1):-0.833	O2):43.599	
O1):-0.826	O2):43.085	
O1):-0.836	O2):44.368	
O1):-0.843	O2):47.361	
O1):-0.792	O2):38.091	
O1):-0.851	O2):48.542	
O1):-0.818	O2):41.953	
O1):-0.778	O2):36.148	
O1):-0.837	O2):44.231	
O1):-0.794	O2):40.553	
O1):-0.812	O2):39.338	
O1):-0.798	O2):38.978	
O1):-0.825	O2):42.545	
O1):-0.757	O2):36.355	
O1):-0.829	O2):43.362	
O1):-0.805	O2):39.971	
O1):-0.818	O2):41.953	
O1):-0.811	O2):39.207	
O1):-0.832	O2):43.38	
O1):-0.834	O2):43.734	
O1):-0.834	O2):43.875	
O1):-0.851	O2):48.542	
O1):-0.824	O2):42.54	
O1):-0.779	O2):36.269	
O1):-0.798	O2):38.978	
O1):-0.709	O2):31.628	
O1):-0.795	O2):38.483	
O1):-0.824	O2):42.54	
O1):-0.863	O2):54.232	
O1):-0.851	O2):48.687	
O1):-0.818	O2):41.953	
O1):-0.837	O2):44.231	
O1):-0.83	O2):43.529	
O1):-0.778	O2):36.148	
O1):-0.795	O2):38.483	
O1):-0.833	O2):43.513	
O1):-0.851	O2):48.542	
O1):-0.792	O2):38.091	
O1):-0.819	O2):42.408	
O1):-0.777	O2):35.958	
O1):-0.776	O2):35.832	
O1):-0.828	O2):43.088	
O1):-0.845	O2):47.79	
O1):-0.833	O2):43.515	
O1):-0.83	O2):43.666	
O1):-0.825	O2):42.543	
O1):-0.813	O2):39.539	
O1):-0.768	O2):35.943	
O1):-0.851	O2):48.542	
O1):-0.862	O2):53.917	
O1):-0.863	O2):54.232	
O1):-0.806	O2):39.989	
O1):-0.807	O2):40.251	
O1):-0.845	O2):47.92	
O1):-0.843	O2):47.361	
O1):-0.838	O2):44.589	
O1):-0.834	O2):43.734	
O1):-0.746	O2):33.426	
O1):-0.846	O2):48.229	
O1):-0.846	O2):48.229	
O1):-0.838	O2):44.589	
O1):-0.785	O2):38.886	
O1):-0.749	O2):35.458	
O1):-0.833	O2):43.515	
O1):-0.838	O2):44.589	
O1):-0.834	O2):43.928	
O1):-0.754	O2):37.08	
O1):-0.75	O2):35.379	
O1):-0.825	O2):42.543	
-------------------------------------------------
SOLUTIONS: 	100

Pareto Front and Pareto set saved at: data/ROBOT14_REP4/NSGAII/
Pareto Front: data/ROBOT14_REP4/NSGAII/ROBOT14_REP4_NSGAII_014911_020826_Front
Pareto Set: data/ROBOT14_REP4/NSGAII/ROBOT14_REP4_NSGAII_014911_020826_Set
Total runtime of EvoChecker for map 14 is 14982.855 seconds
Finished map 14
