map 50: exact reachable Gaussian contexts=713, distinct Gaussian moment states=393, max local Gaussian states=34
finished map 50: 713 exact Gaussian contexts, local state range 0..33
Starting EvoChecker for map 50
Configuration script
==========================================
JAVA = /usr/bin/java
PROPERTIES_FILE = robot.pctl
PROBLEM = ROBOT50_REP5
ALGORITHM = NSGAII
INIT_PORT = 15050
MODEL_TEMPLATE_FILE = models/model_50_umc.prism
MAX_EVALUATIONS = 4000
MODEL_CHECKING_ENGINE_LIBS_DIRECTORY = /vol/fob-vol5/mi22/blumtomm/parley-uncertainty-modeling/PARLEY-2.0/Applications/EvoChecker-master/libs/runtime
PROCESSORS = 6
VERBOSE = true
MODEL_CHECKING_ENGINE = /vol/fob-vol5/mi22/blumtomm/parley-uncertainty-modeling/PARLEY-2.0/Applications/EvoChecker-master/libs/PrismExecutor.jar
POPULATION_SIZE = 100
PLOT_PARETO_FRONT = false
==========================================

Configuration script
==========================================
JAVA = /usr/bin/java
PROPERTIES_FILE = robot.pctl
PROBLEM = ROBOT50_REP4
ALGORITHM = NSGAII
INIT_PORT = 15040
MODEL_TEMPLATE_FILE = models/model_50_umc.prism
MAX_EVALUATIONS = 4000
MODEL_CHECKING_ENGINE_LIBS_DIRECTORY = /vol/fob-vol5/mi22/blumtomm/parley-uncertainty-modeling/PARLEY-2.0/Applications/EvoChecker-master/libs/runtime
PROCESSORS = 6
VERBOSE = true
MODEL_CHECKING_ENGINE = /vol/fob-vol5/mi22/blumtomm/parley-uncertainty-modeling/PARLEY-2.0/Applications/EvoChecker-master/libs/PrismExecutor.jar
POPULATION_SIZE = 100
PLOT_PARETO_FRONT = false
==========================================

Configuration script
==========================================
JAVA = /usr/bin/java
PROPERTIES_FILE = robot.pctl
PROBLEM = ROBOT50_REP2
ALGORITHM = NSGAII
INIT_PORT = 15020
MODEL_TEMPLATE_FILE = models/model_50_umc.prism
MAX_EVALUATIONS = 4000
MODEL_CHECKING_ENGINE_LIBS_DIRECTORY = /vol/fob-vol5/mi22/blumtomm/parley-uncertainty-modeling/PARLEY-2.0/Applications/EvoChecker-master/libs/runtime
PROCESSORS = 6
VERBOSE = true
MODEL_CHECKING_ENGINE = /vol/fob-vol5/mi22/blumtomm/parley-uncertainty-modeling/PARLEY-2.0/Applications/EvoChecker-master/libs/PrismExecutor.jar
POPULATION_SIZE = 100
PLOT_PARETO_FRONT = false
==========================================

Configuration script
==========================================
JAVA = /usr/bin/java
PROPERTIES_FILE = robot.pctl
PROBLEM = ROBOT50_REP9
ALGORITHM = NSGAII
INIT_PORT = 15090
MODEL_TEMPLATE_FILE = models/model_50_umc.prism
MAX_EVALUATIONS = 4000
MODEL_CHECKING_ENGINE_LIBS_DIRECTORY = /vol/fob-vol5/mi22/blumtomm/parley-uncertainty-modeling/PARLEY-2.0/Applications/EvoChecker-master/libs/runtime
PROCESSORS = 6
VERBOSE = true
MODEL_CHECKING_ENGINE = /vol/fob-vol5/mi22/blumtomm/parley-uncertainty-modeling/PARLEY-2.0/Applications/EvoChecker-master/libs/PrismExecutor.jar
POPULATION_SIZE = 100
PLOT_PARETO_FRONT = false
==========================================

Configuration script
==========================================
JAVA = /usr/bin/java
PROPERTIES_FILE = robot.pctl
PROBLEM = ROBOT50_REP0
ALGORITHM = NSGAII
INIT_PORT = 15000
MODEL_TEMPLATE_FILE = models/model_50_umc.prism
MAX_EVALUATIONS = 4000
MODEL_CHECKING_ENGINE_LIBS_DIRECTORY = /vol/fob-vol5/mi22/blumtomm/parley-uncertainty-modeling/PARLEY-2.0/Applications/EvoChecker-master/libs/runtime
PROCESSORS = 6
VERBOSE = true
MODEL_CHECKING_ENGINE = /vol/fob-vol5/mi22/blumtomm/parley-uncertainty-modeling/PARLEY-2.0/Applications/EvoChecker-master/libs/PrismExecutor.jar
POPULATION_SIZE = 100
PLOT_PARETO_FRONT = false
==========================================

Configuration script
==========================================
JAVA = /usr/bin/java
PROPERTIES_FILE = robot.pctl
PROBLEM = ROBOT50_REP6
ALGORITHM = NSGAII
INIT_PORT = 15060
MODEL_TEMPLATE_FILE = models/model_50_umc.prism
MAX_EVALUATIONS = 4000
MODEL_CHECKING_ENGINE_LIBS_DIRECTORY = /vol/fob-vol5/mi22/blumtomm/parley-uncertainty-modeling/PARLEY-2.0/Applications/EvoChecker-master/libs/runtime
PROCESSORS = 6
VERBOSE = true
MODEL_CHECKING_ENGINE = /vol/fob-vol5/mi22/blumtomm/parley-uncertainty-modeling/PARLEY-2.0/Applications/EvoChecker-master/libs/PrismExecutor.jar
POPULATION_SIZE = 100
PLOT_PARETO_FRONT = false
==========================================

Configuration script
==========================================
JAVA = /usr/bin/java
PROPERTIES_FILE = robot.pctl
PROBLEM = ROBOT50_REP1
ALGORITHM = NSGAII
INIT_PORT = 15010
MODEL_TEMPLATE_FILE = models/model_50_umc.prism
MAX_EVALUATIONS = 4000
MODEL_CHECKING_ENGINE_LIBS_DIRECTORY = /vol/fob-vol5/mi22/blumtomm/parley-uncertainty-modeling/PARLEY-2.0/Applications/EvoChecker-master/libs/runtime
PROCESSORS = 6
VERBOSE = true
MODEL_CHECKING_ENGINE = /vol/fob-vol5/mi22/blumtomm/parley-uncertainty-modeling/PARLEY-2.0/Applications/EvoChecker-master/libs/PrismExecutor.jar
POPULATION_SIZE = 100
PLOT_PARETO_FRONT = false
==========================================

Configuration script
==========================================
JAVA = /usr/bin/java
PROPERTIES_FILE = robot.pctl
PROBLEM = ROBOT50_REP3
ALGORITHM = NSGAII
INIT_PORT = 15030
MODEL_TEMPLATE_FILE = models/model_50_umc.prism
MAX_EVALUATIONS = 4000
MODEL_CHECKING_ENGINE_LIBS_DIRECTORY = /vol/fob-vol5/mi22/blumtomm/parley-uncertainty-modeling/PARLEY-2.0/Applications/EvoChecker-master/libs/runtime
PROCESSORS = 6
VERBOSE = true
MODEL_CHECKING_ENGINE = /vol/fob-vol5/mi22/blumtomm/parley-uncertainty-modeling/PARLEY-2.0/Applications/EvoChecker-master/libs/PrismExecutor.jar
POPULATION_SIZE = 100
PLOT_PARETO_FRONT = false
==========================================

Configuration script
==========================================
JAVA = /usr/bin/java
PROPERTIES_FILE = robot.pctl
PROBLEM = ROBOT50_REP8
ALGORITHM = NSGAII
INIT_PORT = 15080
MODEL_TEMPLATE_FILE = models/model_50_umc.prism
MAX_EVALUATIONS = 4000
MODEL_CHECKING_ENGINE_LIBS_DIRECTORY = /vol/fob-vol5/mi22/blumtomm/parley-uncertainty-modeling/PARLEY-2.0/Applications/EvoChecker-master/libs/runtime
PROCESSORS = 6
VERBOSE = true
MODEL_CHECKING_ENGINE = /vol/fob-vol5/mi22/blumtomm/parley-uncertainty-modeling/PARLEY-2.0/Applications/EvoChecker-master/libs/PrismExecutor.jar
POPULATION_SIZE = 100
PLOT_PARETO_FRONT = false
==========================================

Configuration script
==========================================
JAVA = /usr/bin/java
PROPERTIES_FILE = robot.pctl
PROBLEM = ROBOT50_REP7
ALGORITHM = NSGAII
INIT_PORT = 15070
MODEL_TEMPLATE_FILE = models/model_50_umc.prism
MAX_EVALUATIONS = 4000
MODEL_CHECKING_ENGINE_LIBS_DIRECTORY = /vol/fob-vol5/mi22/blumtomm/parley-uncertainty-modeling/PARLEY-2.0/Applications/EvoChecker-master/libs/runtime
PROCESSORS = 6
VERBOSE = true
MODEL_CHECKING_ENGINE = /vol/fob-vol5/mi22/blumtomm/parley-uncertainty-modeling/PARLEY-2.0/Applications/EvoChecker-master/libs/PrismExecutor.jar
POPULATION_SIZE = 100
PLOT_PARETO_FRONT = false
==========================================

Objectives (O)/Constraints(C)
O: P=? [ F (x=9&y=9&crashed=0) ], Max?true
O: R{"cost"}=? [ C<=100 ], Max?false

Starting PrismExecutor worker 0 on port 15060
Objectives (O)/Constraints(C)
O: P=? [ F (x=9&y=9&crashed=0) ], Max?true
O: R{"cost"}=? [ C<=100 ], Max?false

Starting PrismExecutor worker 0 on port 15040
Objectives (O)/Constraints(C)
O: P=? [ F (x=9&y=9&crashed=0) ], Max?true
O: R{"cost"}=? [ C<=100 ], Max?false

Starting PrismExecutor worker 0 on port 15020
Objectives (O)/Constraints(C)
O: P=? [ F (x=9&y=9&crashed=0) ], Max?true
O: R{"cost"}=? [ C<=100 ], Max?false

Starting PrismExecutor worker 0 on port 15010
Objectives (O)/Constraints(C)
O: P=? [ F (x=9&y=9&crashed=0) ], Max?true
O: R{"cost"}=? [ C<=100 ], Max?false

Objectives (O)/Constraints(C)
O: P=? [ F (x=9&y=9&crashed=0) ], Max?true
O: R{"cost"}=? [ C<=100 ], Max?false

Starting PrismExecutor worker 0 on port 15050
Starting PrismExecutor worker 0 on port 15070
Objectives (O)/Constraints(C)
O: P=? [ F (x=9&y=9&crashed=0) ], Max?true
O: R{"cost"}=? [ C<=100 ], Max?false

Starting PrismExecutor worker 0 on port 15090
Objectives (O)/Constraints(C)
O: P=? [ F (x=9&y=9&crashed=0) ], Max?true
O: R{"cost"}=? [ C<=100 ], Max?false

Objectives (O)/Constraints(C)
Starting PrismExecutor worker 0 on port 15030
O: P=? [ F (x=9&y=9&crashed=0) ], Max?true
O: R{"cost"}=? [ C<=100 ], Max?false

Starting PrismExecutor worker 0 on port 15000
Objectives (O)/Constraints(C)
O: P=? [ F (x=9&y=9&crashed=0) ], Max?true
O: R{"cost"}=? [ C<=100 ], Max?false

Starting PrismExecutor worker 0 on port 15080
Connected worker 0 to port 15060
Starting PrismExecutor worker 1 on port 15061
Connected worker 0 to port 15040
Starting PrismExecutor worker 1 on port 15041
Connected worker 0 to port 15020
Starting PrismExecutor worker 1 on port 15021
Connected worker 0 to port 15010
Starting PrismExecutor worker 1 on port 15011
Connected worker 0 to port 15050
Starting PrismExecutor worker 1 on port 15051
Connected worker 0 to port 15070
Starting PrismExecutor worker 1 on port 15071
Connected worker 0 to port 15090
Starting PrismExecutor worker 1 on port 15091
Connected worker 0 to port 15030
Starting PrismExecutor worker 1 on port 15031
Connected worker 0 to port 15000
Starting PrismExecutor worker 1 on port 15001
Connected worker 0 to port 15080
Starting PrismExecutor worker 1 on port 15081
Connected worker 1 to port 15061
Starting PrismExecutor worker 2 on port 15062
Connected worker 1 to port 15041
Starting PrismExecutor worker 2 on port 15042
Connected worker 1 to port 15021
Starting PrismExecutor worker 2 on port 15022
Connected worker 1 to port 15011
Starting PrismExecutor worker 2 on port 15012
Connected worker 1 to port 15051
Starting PrismExecutor worker 2 on port 15052
Connected worker 1 to port 15071
Starting PrismExecutor worker 2 on port 15072
Connected worker 1 to port 15091
Starting PrismExecutor worker 2 on port 15092
Connected worker 1 to port 15031
Starting PrismExecutor worker 2 on port 15032
Connected worker 1 to port 15001
Starting PrismExecutor worker 2 on port 15002
Connected worker 1 to port 15081
Starting PrismExecutor worker 2 on port 15082
Connected worker 2 to port 15062
Starting PrismExecutor worker 3 on port 15063
Connected worker 2 to port 15042
Starting PrismExecutor worker 3 on port 15043
Connected worker 2 to port 15022
Starting PrismExecutor worker 3 on port 15023
Connected worker 2 to port 15012
Starting PrismExecutor worker 3 on port 15013
Connected worker 2 to port 15052
Starting PrismExecutor worker 3 on port 15053
Connected worker 2 to port 15072
Starting PrismExecutor worker 3 on port 15073
Connected worker 2 to port 15092
Starting PrismExecutor worker 3 on port 15093
Connected worker 2 to port 15032
Starting PrismExecutor worker 3 on port 15033
Connected worker 2 to port 15002
Starting PrismExecutor worker 3 on port 15003
Connected worker 2 to port 15082
Starting PrismExecutor worker 3 on port 15083
Connected worker 3 to port 15063
Starting PrismExecutor worker 4 on port 15064
Connected worker 3 to port 15043
Starting PrismExecutor worker 4 on port 15044
Connected worker 3 to port 15023
Starting PrismExecutor worker 4 on port 15024
Connected worker 3 to port 15013
Starting PrismExecutor worker 4 on port 15014
Connected worker 3 to port 15053
Starting PrismExecutor worker 4 on port 15054
Connected worker 3 to port 15073
Starting PrismExecutor worker 4 on port 15074
Connected worker 3 to port 15093
Starting PrismExecutor worker 4 on port 15094
Connected worker 3 to port 15033
Starting PrismExecutor worker 4 on port 15034
Connected worker 3 to port 15003
Starting PrismExecutor worker 4 on port 15004
Connected worker 3 to port 15083
Starting PrismExecutor worker 4 on port 15084
Connected worker 4 to port 15064
Starting PrismExecutor worker 5 on port 15065
Connected worker 4 to port 15044
Starting PrismExecutor worker 5 on port 15045
Connected worker 4 to port 15024
Starting PrismExecutor worker 5 on port 15025
Connected worker 4 to port 15014
Starting PrismExecutor worker 5 on port 15015
Connected worker 4 to port 15054
Starting PrismExecutor worker 5 on port 15055
Connected worker 4 to port 15074
Starting PrismExecutor worker 5 on port 15075
Connected worker 4 to port 15094
Starting PrismExecutor worker 5 on port 15095
Connected worker 4 to port 15034
Starting PrismExecutor worker 5 on port 15035
Connected worker 4 to port 15004
Starting PrismExecutor worker 5 on port 15005
Connected worker 4 to port 15084
Starting PrismExecutor worker 5 on port 15085
Connected worker 5 to port 15065
Connected worker 5 to port 15045
Starting  evolution
Connected worker 5 to port 15025
Starting  evolution
Connected worker 5 to port 15015
Starting  evolution
Starting  evolution
Connected worker 5 to port 15055
Connected worker 5 to port 15075
Connected worker 5 to port 15095
Starting  evolution
Connected worker 5 to port 15035
Connected worker 5 to port 15005
Starting  evolution
Starting  evolution
Connected worker 5 to port 15085
Starting  evolution
Starting  evolution
Starting  evolution
O1):-0.735	O2):39.773	
O1):-0.782	O2):54.17	
O1):-0.792	O2):45.797	
O1):-0.705	O2):35.348	
O1):-0.735	O2):39.773	
O1):-0.763	O2):43.808	
O1):-0.735	O2):39.773	
O1):-0.751	O2):42.919	
O1):-0.76	O2):44.834	
O1):-0.76	O2):39.505	
O1):-0.728	O2):36.424	
O1):-0.759	O2):43.909	
O1):-0.76	O2):44.834	
O1):-0.735	O2):39.773	
O1):-0.795	O2):46.677	
O1):-0.8	O2):50.38	
O1):-0.759	O2):43.909	
O1):-0.8	O2):50.38	
O1):-0.77	O2):41.756	
O1):-0.749	O2):45.808	
O1):-0.805	O2):46.399	
O1):-0.687	O2):39.852	
O1):-0.813	O2):56.241	
O1):-0.819	O2):54.396	
O1):-0.79	O2):44.636	
O1):-0.761	O2):49.748	
O1):-0.774	O2):45.274	
O1):-0.787	O2):45.182	
O1):-0.747	O2):40.198	
O1):-0.725	O2):43.288	
O1):-0.802	O2):45.779	
O1):-0.802	O2):45.779	
O1):-0.771	O2):44.282	
O1):-0.761	O2):45.296	
O1):-0.802	O2):45.779	
O1):-0.714	O2):40.26	
O1):-0.747	O2):39.517	
O1):-0.746	O2):43.792	
O1):-0.714	O2):40.26	
O1):-0.774	O2):44.255	
O1):-0.714	O2):40.26	
O1):-0.749	O2):41.26	
O1):-0.714	O2):40.26	
O1):-0.739	O2):39.013	
O1):-0.765	O2):45.424	
O1):-0.791	O2):47.865	
O1):-0.696	O2):36.366	
O1):-0.696	O2):36.366	
O1):-0.806	O2):54.268	
O1):-0.751	O2):43.171	
O1):-0.783	O2):50.358	
O1):-0.774	O2):43.864	
O1):-0.732	O2):40.271	
O1):-0.7	O2):39.525	
O1):-0.766	O2):40.737	
O1):-0.696	O2):36.366	
O1):-0.762	O2):38.479	
O1):-0.754	O2):43.379	
O1):-0.692	O2):38.293	
O1):-0.689	O2):34.49	
O1):-0.747	O2):40.285	
O1):-0.728	O2):38.817	
O1):-0.805	O2):46.578	
O1):-0.739	O2):39.352	
O1):-0.731	O2):44.421	
O1):-0.768	O2):41.554	
O1):-0.831	O2):51.483	
O1):-0.728	O2):40.317	
O1):-0.788	O2):50.732	
O1):-0.731	O2):40.504	
O1):-0.724	O2):39.493	
O1):-0.731	O2):40.504	
O1):-0.69	O2):34.696	
O1):-0.752	O2):40.431	
O1):-0.773	O2):49.067	
O1):-0.731	O2):40.628	
O1):-0.74	O2):41.167	
O1):-0.735	O2):39.224	
O1):-0.778	O2):40.824	
O1):-0.748	O2):38.376	
O1):-0.736	O2):39.642	
O1):-0.742	O2):44.501	
O1):-0.699	O2):36.024	
O1):-0.729	O2):42.779	
O1):-0.753	O2):44.858	
O1):-0.769	O2):47.915	
O1):-0.718	O2):34.76	
O1):-0.703	O2):39.147	
O1):-0.805	O2):50.587	
O1):-0.815	O2):53.155	
O1):-0.734	O2):39.562	
O1):-0.751	O2):44.384	
O1):-0.746	O2):39.316	
O1):-0.778	O2):45.225	
O1):-0.731	O2):38.82	
O1):-0.744	O2):39.599	
O1):-0.73	O2):38.761	
O1):-0.741	O2):40.801	
O1):-0.744	O2):41.237	
O1):-0.744	O2):45.321	
O1):-0.734	O2):38.743	
O1):-0.702	O2):42.516	
O1):-0.802	O2):51.019	
O1):-0.682	O2):34.948	
O1):-0.803	O2):45.025	
O1):-0.775	O2):44.153	
O1):-0.746	O2):53.411	
O1):-0.774	O2):49.944	
O1):-0.792	O2):49.474	
O1):-0.75	O2):47.049	
O1):-0.715	O2):40.594	
O1):-0.703	O2):39.332	
O1):-0.826	O2):56.115	
O1):-0.727	O2):34.911	
O1):-0.73	O2):44.277	
O1):-0.743	O2):40.976	
O1):-0.73	O2):38.666	
O1):-0.675	O2):33.937	
O1):-0.764	O2):41.045	
O1):-0.722	O2):38.807	
O1):-0.816	O2):50.088	
O1):-0.678	O2):34.385	
O1):-0.757	O2):40.868	
O1):-0.717	O2):44.405	
O1):-0.763	O2):45.985	
O1):-0.718	O2):34.789	
O1):-0.767	O2):45.33	
O1):-0.759	O2):43.436	
O1):-0.713	O2):34.885	
O1):-0.707	O2):38.468	
O1):-0.781	O2):45.405	
O1):-0.801	O2):49.878	
O1):-0.779	O2):40.927	
O1):-0.759	O2):46.937	
O1):-0.797	O2):47.374	
O1):-0.763	O2):44.884	
O1):-0.728	O2):39.849	
O1):-0.699	O2):38.202	
O1):-0.751	O2):43.852	
O1):-0.711	O2):38.941	
O1):-0.752	O2):39.466	
O1):-0.798	O2):50.543	
O1):-0.738	O2):39.151	
O1):-0.714	O2):38.63	
O1):-0.716	O2):38.785	
O1):-0.759	O2):45.385	
O1):-0.791	O2):43.745	
O1):-0.766	O2):41.992	
O1):-0.732	O2):35.37	
O1):-0.791	O2):43.665	
O1):-0.767	O2):43.009	
O1):-0.74	O2):40.261	
O1):-0.673	O2):33.769	
O1):-0.767	O2):42.945	
O1):-0.714	O2):34.477	
O1):-0.767	O2):45.066	
O1):-0.808	O2):54.014	
O1):-0.75	O2):40.11	
O1):-0.778	O2):45.191	
O1):-0.788	O2):45.956	
O1):-0.76	O2):42.024	
O1):-0.743	O2):46.043	
O1):-0.752	O2):48.741	
O1):-0.762	O2):38.699	
O1):-0.786	O2):41.108	
O1):-0.77	O2):45.068	
O1):-0.731	O2):43.054	
O1):-0.692	O2):39.104	
O1):-0.71	O2):35.366	
O1):-0.804	O2):48.014	
O1):-0.776	O2):40.416	
O1):-0.788	O2):44.643	
O1):-0.724	O2):39.168	
O1):-0.708	O2):38.75	
O1):-0.778	O2):46.029	
O1):-0.732	O2):37.088	
O1):-0.748	O2):39.75	
O1):-0.772	O2):44.877	
O1):-0.764	O2):49.259	
O1):-0.705	O2):34.996	
O1):-0.694	O2):35.447	
O1):-0.801	O2):45.205	
O1):-0.774	O2):44.929	
O1):-0.773	O2):40.735	
O1):-0.738	O2):37.635	
O1):-0.717	O2):37.619	
O1):-0.761	O2):43.815	
O1):-0.758	O2):44.82	
O1):-0.76	O2):39.199	
O1):-0.847	O2):59.523	
O1):-0.715	O2):42.852	
O1):-0.813	O2):55.113	
O1):-0.768	O2):44.971	
O1):-0.765	O2):44.539	
O1):-0.702	O2):34.908	
O1):-0.807	O2):49.756	
O1):-0.728	O2):39.805	
O1):-0.788	O2):46.978	
O1):-0.756	O2):44.05	
O1):-0.733	O2):41.075	
O1):-0.743	O2):40.574	
O1):-0.758	O2):38.799	
O1):-0.785	O2):45.258	
O1):-0.738	O2):37.98	
O1):-0.759	O2):43.213	
O1):-0.81	O2):50.015	
O1):-0.775	O2):43.611	
O1):-0.741	O2):39.555	
O1):-0.729	O2):36.678	
O1):-0.781	O2):45.127	
O1):-0.756	O2):45.344	
O1):-0.745	O2):44.529	
O1):-0.764	O2):48.484	
O1):-0.819	O2):55.145	
O1):-0.759	O2):44.056	
O1):-0.775	O2):49.225	
O1):-0.741	O2):40.055	
O1):-0.746	O2):38.86	
O1):-0.75	O2):40.735	
O1):-0.771	O2):43.864	
O1):-0.748	O2):40.255	
O1):-0.715	O2):38.112	
O1):-0.782	O2):44.944	
O1):-0.689	O2):34.646	
O1):-0.81	O2):50.705	
O1):-0.805	O2):51.023	
O1):-0.731	O2):35.817	
O1):-0.729	O2):41.056	
O1):-0.799	O2):48.262	
O1):-0.703	O2):39.237	
O1):-0.753	O2):44.053	
O1):-0.702	O2):35.455	
O1):-0.819	O2):54.63	
O1):-0.751	O2):41.348	
O1):-0.772	O2):44.765	
O1):-0.76	O2):44.831	
O1):-0.712	O2):39.682	
O1):-0.803	O2):50.609	
O1):-0.745	O2):43.927	
O1):-0.729	O2):39.301	
O1):-0.763	O2):39.868	
O1):-0.776	O2):44.407	
O1):-0.75	O2):44.524	
O1):-0.813	O2):49.818	
O1):-0.793	O2):49.567	
O1):-0.779	O2):45.693	
O1):-0.806	O2):45.893	
O1):-0.786	O2):44.712	
O1):-0.767	O2):43.564	
O1):-0.756	O2):44.868	
O1):-0.768	O2):48.071	
O1):-0.775	O2):45.785	
O1):-0.804	O2):45.862	
O1):-0.761	O2):44.125	
O1):-0.793	O2):43.127	
O1):-0.768	O2):39.243	
O1):-0.766	O2):44.882	
O1):-0.776	O2):48.357	
O1):-0.755	O2):45.003	
O1):-0.737	O2):44.854	
O1):-0.762	O2):40.003	
O1):-0.795	O2):46.221	
O1):-0.74	O2):41.125	
O1):-0.755	O2):48.705	
O1):-0.692	O2):39.091	
O1):-0.727	O2):39.346	
O1):-0.794	O2):46.047	
O1):-0.771	O2):43.755	
O1):-0.799	O2):49.25	
O1):-0.753	O2):41.003	
O1):-0.736	O2):41.073	
O1):-0.742	O2):39.531	
O1):-0.75	O2):43.353	
O1):-0.75	O2):46.143	
O1):-0.814	O2):48.971	
O1):-0.721	O2):35.384	
O1):-0.696	O2):34.368	
O1):-0.767	O2):45.241	
O1):-0.825	O2):50.086	
O1):-0.778	O2):43.87	
O1):-0.671	O2):33.644	
O1):-0.771	O2):50.538	
O1):-0.724	O2):39.129	
O1):-0.8	O2):49.035	
O1):-0.795	O2):44.694	
O1):-0.75	O2):44.727	
O1):-0.768	O2):43.884	
O1):-0.715	O2):38.565	
O1):-0.754	O2):44.053	
O1):-0.734	O2):39.721	
O1):-0.75	O2):44.331	
O1):-0.744	O2):38.574	
O1):-0.721	O2):39.256	
O1):-0.757	O2):44.058	
O1):-0.755	O2):39.577	
O1):-0.793	O2):50.401	
O1):-0.745	O2):39.792	
O1):-0.726	O2):36.004	
O1):-0.812	O2):49.945	
O1):-0.703	O2):36.007	
O1):-0.74	O2):41.042	
O1):-0.704	O2):34.045	
O1):-0.72	O2):40.189	
O1):-0.771	O2):39.905	
O1):-0.751	O2):41.924	
O1):-0.742	O2):39.34	
O1):-0.773	O2):46.822	
O1):-0.698	O2):34.068	
O1):-0.745	O2):45.545	
O1):-0.765	O2):42.538	
O1):-0.756	O2):40.4	
O1):-0.711	O2):35.593	
O1):-0.75	O2):40.477	
O1):-0.72	O2):39.925	
O1):-0.72	O2):35.808	
O1):-0.758	O2):49.513	
O1):-0.782	O2):45.584	
O1):-0.768	O2):50.309	
O1):-0.738	O2):39.632	
O1):-0.722	O2):40.532	
O1):-0.72	O2):38.728	
O1):-0.77	O2):45.074	
O1):-0.753	O2):39.42	
O1):-0.739	O2):39.544	
O1):-0.676	O2):34.296	
O1):-0.76	O2):41.663	
O1):-0.724	O2):38.442	
O1):-0.728	O2):39.319	
O1):-0.705	O2):34.86	
O1):-0.787	O2):45.504	
O1):-0.75	O2):43.25	
O1):-0.732	O2):40.771	
O1):-0.698	O2):33.891	
O1):-0.746	O2):38.867	
O1):-0.783	O2):50.271	
O1):-0.787	O2):43.004	
O1):-0.752	O2):40.723	
O1):-0.773	O2):42.968	
O1):-0.73	O2):39.871	
O1):-0.741	O2):39.615	
O1):-0.811	O2):49.903	
O1):-0.768	O2):40.176	
O1):-0.728	O2):36.09	
O1):-0.748	O2):40.485	
O1):-0.757	O2):45.553	
O1):-0.759	O2):44.908	
O1):-0.789	O2):45.416	
O1):-0.738	O2):38.963	
O1):-0.753	O2):48.97	
O1):-0.772	O2):43.129	
O1):-0.795	O2):44.999	
O1):-0.77	O2):53.718	
O1):-0.727	O2):39.269	
O1):-0.788	O2):44.954	
O1):-0.79	O2):45.585	
O1):-0.773	O2):45.512	
O1):-0.773	O2):49.454	
O1):-0.741	O2):39.694	
O1):-0.762	O2):39.41	
O1):-0.745	O2):44.295	
O1):-0.763	O2):37.153	
O1):-0.704	O2):39.212	
O1):-0.787	O2):49.912	
O1):-0.712	O2):34.55	
O1):-0.807	O2):51.198	
O1):-0.717	O2):35.532	
O1):-0.703	O2):43.097	
O1):-0.774	O2):43.407	
O1):-0.721	O2):35.09	
O1):-0.733	O2):39.543	
O1):-0.726	O2):37.949	
O1):-0.733	O2):40.144	
O1):-0.809	O2):49.243	
O1):-0.768	O2):39.423	
O1):-0.698	O2):33.729	
O1):-0.773	O2):44.293	
O1):-0.733	O2):38.428	
O1):-0.759	O2):47.202	
O1):-0.746	O2):36.374	
O1):-0.734	O2):35.873	
O1):-0.727	O2):38.465	
O1):-0.734	O2):39.295	
O1):-0.756	O2):40.405	
O1):-0.795	O2):45.745	
O1):-0.748	O2):43.74	
O1):-0.724	O2):39.482	
O1):-0.734	O2):37.936	
O1):-0.814	O2):49.894	
O1):-0.713	O2):36.471	
O1):-0.7	O2):39.226	
O1):-0.682	O2):34.015	
O1):-0.749	O2):44.531	
O1):-0.737	O2):44.831	
O1):-0.735	O2):39.82	
O1):-0.718	O2):42.77	
O1):-0.685	O2):37.399	
O1):-0.766	O2):45.087	
O1):-0.735	O2):38.243	
O1):-0.758	O2):45.388	
O1):-0.698	O2):34.723	
O1):-0.72	O2):35.231	
O1):-0.692	O2):34.115	
O1):-0.732	O2):44.489	
O1):-0.754	O2):44.105	
O1):-0.711	O2):35.106	
O1):-0.785	O2):45.223	
O1):-0.731	O2):39.474	
O1):-0.71	O2):39.455	
O1):-0.743	O2):45.11	
O1):-0.73	O2):36.324	
O1):-0.716	O2):39.837	
O1):-0.735	O2):44.364	
O1):-0.752	O2):45.813	
O1):-0.744	O2):39.775	
O1):-0.757	O2):43.798	
O1):-0.8	O2):44.053	
O1):-0.716	O2):34.801	
O1):-0.759	O2):45.387	
O1):-0.752	O2):39.155	
O1):-0.72	O2):37.995	
O1):-0.734	O2):38.113	
O1):-0.776	O2):45.189	
O1):-0.817	O2):46.517	
O1):-0.693	O2):33.578	
O1):-0.748	O2):39.42	
O1):-0.778	O2):40.743	
O1):-0.751	O2):39.324	
O1):-0.742	O2):43.866	
O1):-0.758	O2):45.161	
O1):-0.791	O2):49.583	
O1):-0.725	O2):40.544	
O1):-0.766	O2):43.692	
O1):-0.79	O2):46.856	
O1):-0.702	O2):39.485	
O1):-0.8	O2):48.776	
O1):-0.743	O2):40.225	
O1):-0.75	O2):38.781	
O1):-0.718	O2):43.819	
O1):-0.788	O2):45.992	
O1):-0.758	O2):45.552	
O1):-0.69	O2):38.788	
O1):-0.738	O2):40.124	
O1):-0.759	O2):40.05	
O1):-0.681	O2):33.828	
O1):-0.714	O2):37.851	
O1):-0.733	O2):39.345	
O1):-0.768	O2):44.935	
O1):-0.781	O2):46.124	
O1):-0.742	O2):42.893	
O1):-0.766	O2):49.0	
O1):-0.754	O2):45.311	
O1):-0.717	O2):38.314	
O1):-0.696	O2):34.874	
O1):-0.746	O2):41.122	
O1):-0.749	O2):39.142	
O1):-0.687	O2):38.328	
O1):-0.758	O2):44.753	
O1):-0.698	O2):35.02	
O1):-0.807	O2):49.49	
O1):-0.764	O2):42.793	
O1):-0.704	O2):41.461	
O1):-0.75	O2):38.677	
O1):-0.696	O2):34.441	
O1):-0.79	O2):45.148	
O1):-0.713	O2):35.257	
O1):-0.782	O2):50.507	
O1):-0.705	O2):35.157	
O1):-0.766	O2):45.793	
O1):-0.76	O2):39.365	
O1):-0.733	O2):43.602	
O1):-0.793	O2):44.067	
O1):-0.729	O2):38.905	
O1):-0.715	O2):34.536	
O1):-0.797	O2):44.575	
O1):-0.731	O2):38.914	
O1):-0.715	O2):38.566	
O1):-0.793	O2):52.212	
O1):-0.718	O2):35.395	
O1):-0.758	O2):43.553	
O1):-0.732	O2):38.474	
O1):-0.724	O2):39.19	
O1):-0.828	O2):59.431	
O1):-0.713	O2):41.202	
O1):-0.752	O2):44.924	
O1):-0.777	O2):53.027	
O1):-0.715	O2):40.331	
O1):-0.751	O2):38.859	
O1):-0.796	O2):45.52	
O1):-0.737	O2):38.594	
O1):-0.731	O2):37.947	
O1):-0.7	O2):34.809	
O1):-0.721	O2):35.473	
O1):-0.728	O2):44.364	
O1):-0.769	O2):45.668	
O1):-0.73	O2):37.732	
O1):-0.725	O2):39.892	
O1):-0.738	O2):38.512	
O1):-0.769	O2):44.929	
O1):-0.753	O2):40.983	
O1):-0.772	O2):49.027	
O1):-0.722	O2):40.576	
O1):-0.79	O2):48.102	
O1):-0.765	O2):43.002	
O1):-0.69	O2):34.23	
O1):-0.729	O2):39.826	
O1):-0.78	O2):44.903	
O1):-0.73	O2):40.38	
O1):-0.722	O2):40.904	
O1):-0.782	O2):49.16	
O1):-0.741	O2):38.506	
O1):-0.767	O2):45.848	
O1):-0.763	O2):42.894	
O1):-0.753	O2):42.863	
O1):-0.74	O2):43.542	
O1):-0.797	O2):45.634	
O1):-0.759	O2):44.612	
O1):-0.735	O2):40.353	
O1):-0.73	O2):40.422	
O1):-0.718	O2):38.792	
O1):-0.712	O2):34.297	
O1):-0.766	O2):42.819	
O1):-0.84	O2):50.72	
O1):-0.773	O2):51.665	
O1):-0.739	O2):41.957	
O1):-0.768	O2):40.767	
O1):-0.761	O2):43.073	
O1):-0.743	O2):39.512	
O1):-0.789	O2):45.257	
O1):-0.754	O2):43.819	
O1):-0.774	O2):46.389	
O1):-0.768	O2):40.925	
O1):-0.711	O2):34.142	
O1):-0.712	O2):37.467	
O1):-0.776	O2):45.323	
O1):-0.771	O2):46.146	
O1):-0.746	O2):39.198	
O1):-0.726	O2):39.034	
O1):-0.772	O2):40.248	
O1):-0.771	O2):40.953	
O1):-0.769	O2):44.277	
O1):-0.759	O2):45.137	
O1):-0.747	O2):39.279	
O1):-0.76	O2):43.464	
O1):-0.769	O2):40.372	
O1):-0.702	O2):34.628	
O1):-0.754	O2):39.652	
O1):-0.766	O2):40.1	
O1):-0.804	O2):50.336	
O1):-0.724	O2):34.721	
O1):-0.785	O2):48.583	
O1):-0.761	O2):47.632	
O1):-0.748	O2):43.844	
O1):-0.782	O2):45.43	
O1):-0.714	O2):40.648	
O1):-0.789	O2):49.578	
O1):-0.704	O2):38.308	
O1):-0.768	O2):48.349	
O1):-0.769	O2):45.815	
O1):-0.746	O2):40.435	
O1):-0.758	O2):44.175	
O1):-0.716	O2):34.778	
O1):-0.732	O2):39.939	
O1):-0.717	O2):38.687	
O1):-0.776	O2):45.957	
O1):-0.779	O2):44.369	
O1):-0.745	O2):42.052	
O1):-0.805	O2):49.995	
O1):-0.694	O2):41.077	
O1):-0.805	O2):46.368	
O1):-0.742	O2):39.926	
O1):-0.722	O2):35.151	
O1):-0.756	O2):42.879	
O1):-0.744	O2):44.578	
O1):-0.748	O2):39.687	
O1):-0.708	O2):39.415	
O1):-0.738	O2):39.711	
O1):-0.759	O2):42.41	
O1):-0.729	O2):38.999	
O1):-0.749	O2):41.061	
O1):-0.745	O2):39.037	
O1):-0.719	O2):38.937	
O1):-0.67	O2):34.577	
O1):-0.753	O2):47.127	
O1):-0.741	O2):44.121	
O1):-0.765	O2):40.509	
O1):-0.748	O2):43.748	
O1):-0.689	O2):33.926	
O1):-0.782	O2):48.097	
O1):-0.726	O2):40.01	
O1):-0.769	O2):45.421	
O1):-0.703	O2):33.984	
O1):-0.751	O2):50.965	
O1):-0.741	O2):36.146	
O1):-0.701	O2):39.772	
O1):-0.776	O2):53.731	
O1):-0.741	O2):43.686	
O1):-0.731	O2):40.365	
O1):-0.768	O2):43.591	
O1):-0.775	O2):44.215	
O1):-0.752	O2):39.367	
O1):-0.716	O2):38.816	
O1):-0.821	O2):51.508	
O1):-0.748	O2):40.361	
O1):-0.748	O2):43.744	
O1):-0.785	O2):49.628	
O1):-0.748	O2):38.308	
O1):-0.783	O2):45.003	
O1):-0.766	O2):43.422	
O1):-0.76	O2):49.16	
O1):-0.762	O2):39.259	
O1):-0.708	O2):39.198	
O1):-0.717	O2):39.693	
O1):-0.704	O2):38.481	
O1):-0.697	O2):38.566	
O1):-0.789	O2):54.382	
O1):-0.787	O2):50.416	
O1):-0.729	O2):38.094	
O1):-0.788	O2):41.914	
O1):-0.736	O2):43.411	
O1):-0.723	O2):38.33	
O1):-0.719	O2):39.112	
O1):-0.738	O2):39.301	
O1):-0.724	O2):37.873	
O1):-0.691	O2):35.743	
O1):-0.707	O2):37.917	
O1):-0.681	O2):34.192	
O1):-0.77	O2):43.688	
O1):-0.793	O2):48.608	
O1):-0.744	O2):39.114	
O1):-0.692	O2):34.804	
O1):-0.735	O2):40.696	
O1):-0.795	O2):46.617	
O1):-0.739	O2):38.428	
O1):-0.796	O2):44.957	
O1):-0.704	O2):39.425	
O1):-0.735	O2):40.447	
O1):-0.75	O2):38.986	
O1):-0.747	O2):40.684	
O1):-0.747	O2):43.716	
O1):-0.771	O2):43.778	
O1):-0.718	O2):38.777	
O1):-0.734	O2):43.939	
O1):-0.745	O2):38.839	
O1):-0.771	O2):44.499	
O1):-0.74	O2):39.449	
O1):-0.739	O2):43.997	
O1):-0.746	O2):39.122	
O1):-0.75	O2):40.638	
O1):-0.703	O2):34.845	
O1):-0.795	O2):41.15	
O1):-0.75	O2):44.907	
O1):-0.72	O2):39.794	
O1):-0.691	O2):35.95	
O1):-0.743	O2):40.127	
O1):-0.753	O2):38.334	
O1):-0.754	O2):38.563	
O1):-0.75	O2):41.021	
O1):-0.774	O2):45.489	
O1):-0.803	O2):46.011	
O1):-0.684	O2):38.613	
O1):-0.697	O2):35.335	
O1):-0.712	O2):35.166	
O1):-0.731	O2):39.451	
O1):-0.655	O2):29.907	
O1):-0.754	O2):42.998	
O1):-0.759	O2):39.461	
O1):-0.803	O2):50.713	
O1):-0.804	O2):49.332	
O1):-0.757	O2):41.889	
O1):-0.717	O2):35.79	
O1):-0.76	O2):48.125	
O1):-0.79	O2):48.498	
O1):-0.709	O2):35.129	
O1):-0.79	O2):47.881	
O1):-0.769	O2):41.396	
O1):-0.759	O2):40.376	
O1):-0.694	O2):35.537	
O1):-0.729	O2):39.151	
O1):-0.779	O2):44.152	
O1):-0.719	O2):39.449	
O1):-0.713	O2):41.119	
O1):-0.716	O2):42.528	
O1):-0.745	O2):40.273	
O1):-0.7	O2):38.274	
O1):-0.752	O2):40.829	
O1):-0.781	O2):54.664	
O1):-0.79	O1):-0.817	O2):55.145	O2):53.443	

O1):-0.799	O2):52.416	
O1):-0.732	O2):39.427	
O1):-0.742	O2):35.758	
O1):-0.812	O2):51.324	
O1):-0.712	O2):35.38	
O1):-0.762	O2):44.363	
O1):-0.753	O2):44.382	
O1):-0.734	O2):39.518	
O1):-0.73	O2):39.158	
O1):-0.716	O2):39.124	
O1):-0.716	O2):39.969	
O1):-0.688	O2):34.248	
O1):-0.719	O2):36.661	
O1):-0.746	O2):40.233	
O1):-0.716	O2):39.903	
O1):-0.688	O2):34.157	
O1):-0.73	O2):40.251	
O1):-0.748	O2):44.603	
O1):-0.751	O2):44.793	
O1):-0.762	O2):44.54	
O1):-0.784	O2):48.2	
O1):-0.717	O2):35.534	
O1):-0.772	O2):45.259	
O1):-0.699	O2):37.647	
O1):-0.72	O2):39.938	
O1):-0.743	O2):41.473	
O1):-0.731	O2):39.481	
O1):-0.733	O2):38.412	
O1):-0.763	O2):44.904	
O1):-0.714	O2):34.564	
O1):-0.76	O2):39.64	
O1):-0.727	O2):39.484	
O1):-0.753	O2):43.687	
O1):-0.748	O2):44.156	
O1):-0.733	O2):37.551	
O1):-0.779	O2):48.29	
O1):-0.797	O2):49.932	
O1):-0.707	O2):35.655	
O1):-0.735	O2):35.03	
O1):-0.697	O2):36.546	
O1):-0.766	O2):39.625	
O1):-0.778	O2):49.622	
O1):-0.762	O2):41.115	
O1):-0.766	O2):43.357	
O1):-0.789	O2):49.241	
O1):-0.717	O2):38.967	
O1):-0.757	O2):38.501	
O1):-0.81	O2):50.749	
O1):-0.724	O2):39.784	
O1):-0.748	O2):41.336	
O1):-0.76	O2):49.026	
O1):-0.728	O2):37.895	
O1):-0.793	O2):45.95	
O1):-0.747	O2):50.104	
O1):-0.759	O2):49.953	
O1):-0.701	O2):40.182	
O1):-0.777	O2):45.721	
O1):-0.697	O2):35.115	
O1):-0.813	O2):50.318	
O1):-0.729	O2):38.867	
O1):-0.732	O2):40.775	
O1):-0.729	O2):38.811	
O1):-0.721	O2):40.388	
O1):-0.74	O2):38.154	
O1):-0.748	O2):41.466	
O1):-0.768	O2):45.564	
O1):-0.766	O2):44.266	
O1):-0.8	O2):45.81	
O1):-0.781	O2):49.209	
O1):-0.795	O2):46.076	
O1):-0.755	O2):39.886	
O1):-0.779	O2):41.061	
O1):-0.718	O2):36.085	
O1):-0.803	O2):45.15	
O1):-0.708	O2):35.932	
O1):-0.748	O2):39.776	
O1):-0.751	O2):43.317	
O1):-0.727	O2):35.965	
O1):-0.761	O2):46.414	
O1):-0.782	O2):49.438	
O1):-0.727	O2):35.337	
O1):-0.694	O2):34.438	
O1):-0.792	O2):44.676	
O1):-0.796	O2):49.843	
O1):-0.781	O2):44.848	
O1):-0.726	O2):40.763	
O1):-0.845	O2):51.685	
O1):-0.838	O2):55.017	
O1):-0.711	O2):35.012	
O1):-0.682	O2):36.606	
O1):-0.787	O2):46.043	
O1):-0.789	O2):54.361	
O1):-0.743	O2):44.93	
O1):-0.796	O2):44.322	
O1):-0.733	O2):44.506	
O1):-0.751	O2):41.411	
O1):-0.743	O2):40.762	
O1):-0.789	O2):50.119	
O1):-0.786	O2):45.433	
O1):-0.726	O2):39.046	
O1):-0.79	O2):48.862	
O1):-0.75	O2):44.837	
O1):-0.775	O2):44.625	
O1):-0.699	O2):39.588	
O1):-0.735	O2):40.305	
O1):-0.732	O2):45.054	
O1):-0.798	O2):49.426	
O1):-0.746	O2):43.423	
O1):-0.771	O2):45.599	
O1):-0.784	O2):45.74	
O1):-0.78	O2):44.771	
O1):-0.705	O2):38.343	
O1):-0.748	O2):39.013	
O1):-0.732	O2):38.628	
O1):-0.679	O2):33.905	
O1):-0.698	O2):35.426	
O1):-0.729	O2):39.703	
O1):-0.787	O2):50.748	
O1):-0.693	O2):35.649	
O1):-0.803	O2):45.425	
O1):-0.744	O2):35.32	
O1):-0.705	O2):36.119	
O1):-0.798	O2):44.335	
O1):-0.744	O2):38.753	
O1):-0.775	O2):49.989	
O1):-0.762	O2):44.984	
O1):-0.707	O2):34.591	
O1):-0.764	O2):46.617	
O1):-0.759	O2):44.851	
O1):-0.736	O2):40.56	
O1):-0.747	O2):39.508	
O1):-0.752	O2):39.582	
O1):-0.729	O2):44.332	
O1):-0.765	O2):43.554	
O1):-0.706	O2):38.257	
O1):-0.748	O2):42.726	
O1):-0.711	O2):38.41	
O1):-0.746	O2):39.222	
O1):-0.716	O2):36.423	
O1):-0.805	O2):53.95	
O1):-0.776	O2):40.739	
O1):-0.731	O2):40.169	
O1):-0.765	O2):44.637	
O1):-0.74	O2):44.725	
O1):-0.747	O2):39.52	
O1):-0.764	O2):44.193	
O1):-0.727	O2):40.111	
O1):-0.765	O2):39.536	
O1):-0.749	O2):39.834	
O1):-0.719	O2):35.273	
O1):-0.715	O2):40.012	
O1):-0.721	O2):39.184	
O1):-0.705	O2):34.993	
O1):-0.746	O2):38.677	
O1):-0.704	O2):33.906	
O1):-0.794	O2):44.007	
O1):-0.808	O2):50.039	
O1):-0.737	O2):38.744	
O1):-0.726	O2):40.167	
O1):-0.806	O2):51.3	
O1):-0.695	O2):40.456	
O1):-0.723	O2):38.434	
O1):-0.775	O2):43.957	
O1):-0.764	O2):43.847	
O1):-0.714	O2):34.303	
O1):-0.687	O2):33.914	
O1):-0.72	O2):35.409	
O1):-0.748	O2):42.476	
O1):-0.71	O2):34.125	
O1):-0.758	O2):40.341	
O1):-0.745	O2):39.081	
O1):-0.736	O2):44.169	
O1):-0.744	O2):35.767	
O1):-0.796	O2):51.679	
O1):-0.761	O2):43.034	
O1):-0.759	O2):41.894	
O1):-0.761	O2):39.088	
O1):-0.749	O2):43.06	
O1):-0.685	O2):33.648	
O1):-0.739	O2):41.418	
O1):-0.801	O2):45.781	
O1):-0.765	O2):49.721	
O1):-0.742	O2):44.555	
O1):-0.748	O2):39.577	
O1):-0.733	O2):40.068	
O1):-0.651	O2):29.885	
O1):-0.739	O2):40.167	
O1):-0.782	O2):45.321	
O1):-0.772	O2):44.938	
O1):-0.758	O2):45.428	
O1):-0.819	O2):50.417	
O1):-0.759	O2):44.736	
O1):-0.702	O2):34.574	
O1):-0.726	O2):39.083	
O1):-0.731	O2):39.73	
O1):-0.763	O2):40.884	
O1):-0.737	O2):43.187	
O1):-0.754	O2):39.77	
O1):-0.728	O2):39.843	
O1):-0.757	O2):49.144	
O1):-0.725	O2):35.269	
O1):-0.719	O2):39.941	
O1):-0.748	O2):39.929	
O1):-0.751	O2):39.325	
O1):-0.748	O2):43.746	
O1):-0.759	O2):43.552	
O1):-0.744	O2):41.226	
O1):-0.749	O2):42.582	
O1):-0.755	O2):41.35	
O1):-0.754	O2):40.224	
O1):-0.724	O2):38.713	
O1):-0.782	O2):48.684	
O1):-0.741	O2):40.072	
O1):-0.774	O2):44.609	
O1):-0.749	O2):43.45	
O1):-0.761	O2):40.222	
O1):-0.766	O2):40.909	
O1):-0.73	O2):35.775	
O1):-0.721	O2):38.806	
O1):-0.739	O2):44.218	
O1):-0.728	O2):39.118	
O1):-0.741	O2):40.106	
O1):-0.769	O2):40.928	
O1):-0.775	O2):44.231	
O1):-0.812	O2):51.18	
O1):-0.742	O2):44.933	
O1):-0.744	O2):38.785	
O1):-0.768	O2):48.959	
O1):-0.741	O2):40.527	
O1):-0.76	O2):48.0	
O1):-0.73	O2):40.914	
O1):-0.771	O2):45.455	
O1):-0.773	O2):39.845	
O1):-0.768	O2):45.429	
O1):-0.781	O2):48.953	
O1):-0.68	O2):36.457	
O1):-0.713	O2):33.874	
O1):-0.705	O2):33.987	
O1):-0.739	O2):45.747	
Evaluations:	100
O1):-0.787	O2):44.858	
O1):-0.714	O2):34.261	
O1):-0.76	O2):39.897	
O1):-0.747	O2):39.338	
O1):-0.803	O2):46.096	
O1):-0.782	O2):40.79	
O1):-0.785	O2):47.737	
O1):-0.752	O2):49.234	
O1):-0.684	O2):34.754	
O1):-0.71	O2):38.593	
O1):-0.728	O2):39.17	
O1):-0.686	O2):38.308	
O1):-0.767	O2):39.47	
O1):-0.762	O2):43.53	
O1):-0.743	O2):40.634	
O1):-0.72	O2):40.75	
O1):-0.775	O2):44.153	
O1):-0.701	O2):34.062	
O1):-0.813	O2):51.55	
O1):-0.729	O2):38.251	
O1):-0.796	O2):50.352	
O1):-0.779	O2):45.098	
O1):-0.753	O2):43.282	
O1):-0.743	O2):40.53	
O1):-0.686	O2):34.8	
O1):-0.754	O2):39.746	
O1):-0.76	O2):43.19	
O1):-0.754	O2):44.076	
O1):-0.794	O2):49.377	
O1):-0.761	O2):46.306	
O1):-0.716	O2):34.687	
O1):-0.725	O2):33.944	
O1):-0.716	O2):34.687	
O1):-0.713	O2):34.481	
O1):-0.732	O2):39.464	
O1):-0.737	O2):40.986	
O1):-0.694	O2):34.438	
O1):-0.73	O2):39.01	
O1):-0.694	O2):34.438	
O1):-0.707	O2):38.15	
O1):-0.753	O2):43.102	
O1):-0.76	O2):39.047	
Evaluations:	100
O1):-0.789	O2):43.814	
O1):-0.784	O2):44.506	
O1):-0.692	O2):39.106	
O1):-0.754	O2):40.644	
O1):-0.729	O2):40.654	
O1):-0.682	O2):33.938	
O1):-0.737	O2):47.079	
O1):-0.779	O2):44.369	
O1):-0.794	O2):51.212	
Evaluations:	100
O1):-0.693	O2):36.068	
O1):-0.671	O2):33.7	
O1):-0.76	O2):47.143	
O1):-0.743	O2):43.489	
O1):-0.722	O2):35.833	
O1):-0.745	O2):39.363	
O1):-0.749	O2):45.808	
O1):-0.759	O2):47.202	
O1):-0.753	O2):39.586	
O1):-0.759	O2):47.202	
O1):-0.746	O2):39.222	
O1):-0.751	O2):44.615	
O1):-0.708	O2):39.198	
O1):-0.749	O2):40.087	
O1):-0.707	O2):35.021	
O1):-0.732	O2):40.008	
O1):-0.732	O2):40.008	
O1):-0.746	O2):39.222	
O1):-0.761	O2):40.009	
O1):-0.751	O2):40.175	
O1):-0.749	O2):43.312	
O1):-0.782	O2):50.507	
O1):-0.767	O2):43.896	
O1):-0.771	O2):44.876	
O1):-0.755	O2):40.974	
O1):-0.784	O2):45.74	
O1):-0.735	O2):40.781	
Evaluations:	100
O1):-0.666	O2):34.114	
O1):-0.735	O2):40.976	
O1):-0.768	O2):45.429	
O1):-0.759	O2):44.851	
O1):-0.739	O2):39.066	
O1):-0.741	O2):39.572	
O1):-0.714	O2):37.544	
O1):-0.743	O2):40.262	
O1):-0.742	O2):39.34	
O1):-0.699	O2):34.317	
Evaluations:	100
O1):-0.748	O2):43.746	
O1):-0.765	O2):44.945	
Evaluations:	100
O1):-0.765	O2):40.508	
O1):-0.713	O2):38.873	
O1):-0.752	O2):41.432	
O1):-0.775	O2):41.248	
O1):-0.762	O2):40.92	
O1):-0.812	O2):51.79	
Evaluations:	100
O1):-0.716	O2):38.785	
O1):-0.758	O2):47.437	
O1):-0.738	O2):39.329	
O1):-0.744	O2):45.321	
O1):-0.747	O2):39.517	
O1):-0.722	O2):40.532	
O1):-0.756	O2):40.492	
O1):-0.732	O2):35.37	
O1):-0.749	O2):45.808	
O1):-0.756	O2):40.492	
O1):-0.745	O2):43.564	
O1):-0.772	O2):45.736	
O1):-0.72	O2):38.728	
O1):-0.783	O2):45.572	
O1):-0.712	O2):35.381	
O1):-0.779	O2):40.927	
O1):-0.779	O2):40.927	
O1):-0.703	O2):34.601	
Evaluations:	100
O1):-0.72	O2):37.264	
O1):-0.719	O2):35.404	
O1):-0.761	O2):44.095	
O1):-0.786	O2):49.094	
O1):-0.756	O2):44.05	
O1):-0.758	O2):43.148	
O1):-0.731	O2):40.628	
O1):-0.818	O2):53.837	
O1):-0.746	O2):40.435	
O1):-0.685	O2):33.655	
O1):-0.734	O2):39.479	
Evaluations:	100
O1):-0.748	O2):43.746	
O1):-0.791	O2):45.883	
O1):-0.754	O2):44.105	
O1):-0.746	O2):38.86	
O1):-0.754	O2):44.105	
O1):-0.754	O2):44.105	
O1):-0.675	O2):35.589	
O1):-0.698	O2):34.896	
O1):-0.703	O2):39.096	
O1):-0.692	O2):39.106	
O1):-0.722	O2):40.904	
O1):-0.76	O2):39.505	
O1):-0.759	O2):43.909	
O1):-0.724	O2):39.168	
O1):-0.76	O2):39.365	
O1):-0.765	O2):39.536	
O1):-0.766	O2):40.1	
O1):-0.763	O2):42.894	
O1):-0.694	O2):33.721	
O1):-0.738	O2):37.635	
O1):-0.792	O2):44.675	
O1):-0.774	O2):39.681	
O1):-0.774	O2):39.202	
O1):-0.691	O2):35.95	
O1):-0.792	O2):44.675	
O1):-0.757	O2):41.899	
O1):-0.793	O2):45.917	
O1):-0.785	O2):45.669	
O1):-0.777	O2):47.776	
O1):-0.758	O2):44.82	
O1):-0.736	O2):45.138	
O1):-0.736	O2):45.138	
O1):-0.748	O2):41.015	
O1):-0.719	O2):39.542	
O1):-0.828	O2):59.431	
O1):-0.776	O2):44.673	
O1):-0.774	O2):43.864	
O1):-0.738	O2):41.326	
O1):-0.773	O2):46.879	
O1):-0.751	O2):39.324	
O1):-0.775	O2):44.153	
O1):-0.803	O2):50.186	
O1):-0.796	O2):45.52	
O1):-0.779	O2):50.693	
O1):-0.767	O2):45.241	
O1):-0.76	O2):39.64	
O1):-0.763	O2):43.082	
O1):-0.774	O2):46.282	
O1):-0.711	O2):39.74	
O1):-0.722	O2):35.151	
O1):-0.74	O2):40.984	
O1):-0.767	O2):49.718	
O1):-0.76	O2):45.287	
O1):-0.72	O2):35.231	
O1):-0.737	O2):40.212	
O1):-0.706	O2):39.826	
O1):-0.748	O2):41.466	
O1):-0.739	O2):40.167	
O1):-0.728	O2):39.118	
O1):-0.739	O2):40.167	
O1):-0.789	O2):54.081	
O1):-0.682	O2):34.542	
O1):-0.802	O2):49.69	
O1):-0.74	O2):41.155	
O1):-0.786	O2):49.474	
O1):-0.765	O2):45.673	
O1):-0.76	O2):41.033	
O1):-0.733	O2):37.709	
O1):-0.759	O2):43.436	
O1):-0.708	O2):34.129	
O1):-0.72	O2):35.808	
O1):-0.802	O2):50.063	
O1):-0.749	O2):38.256	
O1):-0.732	O2):35.37	
O1):-0.819	O2):49.71	
O1):-0.813	O2):51.55	
O1):-0.771	O2):44.042	
O1):-0.743	O2):39.286	
O1):-0.778	O2):45.225	
O1):-0.758	O2):44.175	
O1):-0.798	O2):48.845	
O1):-0.738	O2):39.376	
O1):-0.81	O2):49.544	
O1):-0.76	O2):39.505	
O1):-0.73	O2):40.422	
O1):-0.748	O2):43.74	
O1):-0.793	O2):49.567	
O1):-0.717	O2):43.848	
O1):-0.742	O2):39.34	
O1):-0.758	O2):45.589	
O1):-0.697	O2):35.023	
O1):-0.764	O2):40.511	
O1):-0.729	O2):38.811	
O1):-0.74	O2):39.259	
O1):-0.793	O2):49.631	
O1):-0.745	O2):39.081	
O1):-0.711	O2):38.41	
O1):-0.79	O2):47.881	
O1):-0.765	O2):40.509	
O1):-0.738	O2):38.846	
O1):-0.803	O2):45.025	
O1):-0.753	O2):44.7	
O1):-0.773	O2):38.915	
O1):-0.778	O2):45.191	
O1):-0.774	O2):44.02	
O1):-0.715	O2):38.903	
O1):-0.743	O2):41.236	
O1):-0.776	O2):45.324	
O1):-0.737	O2):44.854	
O1):-0.754	O2):49.861	
O1):-0.747	O2):39.508	
O1):-0.77	O2):45.718	
O1):-0.671	O2):31.434	
O1):-0.803	O2):50.713	
O1):-0.749	O2):43.312	
O1):-0.802	O2):45.81	
O1):-0.734	O2):38.743	
O1):-0.687	O2):33.914	
O1):-0.775	O2):43.611	
O1):-0.753	O2):38.334	
O1):-0.744	O2):38.574	
O1):-0.77	O2):45.074	
O1):-0.767	O2):43.896	
O1):-0.73	O2):44.277	
O1):-0.783	O2):43.614	
O1):-0.762	O2):43.552	
O1):-0.771	O2):45.46	
O1):-0.789	O2):54.864	
O1):-0.749	O2):43.312	
O1):-0.76	O2):44.831	
O1):-0.754	O2):39.75	
O1):-0.73	O2):38.858	
O1):-0.76	O2):47.143	
O1):-0.746	O2):39.34	
O1):-0.777	O2):49.513	
O1):-0.715	O2):38.503	
O1):-0.81	O2):46.514	
O1):-0.695	O2):40.456	
O1):-0.776	O2):45.634	
O1):-0.721	O2):38.776	
O1):-0.764	O2):41.045	
O1):-0.739	O2):39.013	
O1):-0.779	O2):42.194	
O1):-0.784	O2):44.506	
O1):-0.749	O2):44.748	
O1):-0.793	O2):50.401	
O1):-0.732	O2):39.788	
Evaluations:	100
O1):-0.768	O2):43.591	
O1):-0.765	O2):43.554	
O1):-0.746	O2):39.222	
O1):-0.684	O2):34.754	
O1):-0.75	O2):42.675	
O1):-0.788	O2):45.956	
O1):-0.728	O2):37.974	
O1):-0.789	O2):48.257	
O1):-0.742	O2):44.828	
O1):-0.794	O2):44.007	
O1):-0.774	O2):45.511	
O1):-0.755	O2):45.571	
O1):-0.771	O2):44.627	
O1):-0.75	O2):44.331	
O1):-0.759	O2):45.385	
O1):-0.753	O2):45.021	
O1):-0.772	O2):44.677	
O1):-0.845	O2):51.685	
O1):-0.741	O2):39.548	
O1):-0.733	O2):40.068	
O1):-0.76	O2):39.365	
O1):-0.765	O2):45.673	
O1):-0.774	O2):43.755	
O1):-0.745	O2):38.322	
O1):-0.751	O2):42.919	
O1):-0.734	O2):39.295	
O1):-0.779	O2):41.006	
O1):-0.773	O2):45.351	
O1):-0.738	O2):40.833	
O1):-0.774	O2):44.255	
O1):-0.724	O2):34.721	
O1):-0.726	O2):37.949	
O1):-0.787	O2):44.863	
O1):-0.73	O2):39.158	
O1):-0.798	O2):48.716	
O1):-0.778	O2):45.544	
O1):-0.764	O2):46.617	
O1):-0.775	O2):48.3	
O1):-0.799	O2):48.262	
O1):-0.723	O2):39.705	
O1):-0.782	O2):49.954	
O1):-0.758	O2):44.937	
O1):-0.784	O2):44.506	
O1):-0.762	O2):44.436	
O1):-0.786	O2):45.965	
O1):-0.763	O2):44.411	
O1):-0.733	O2):39.754	
O1):-0.75	O2):38.677	
O1):-0.727	O2):41.205	
O1):-0.777	O2):44.567	
O1):-0.785	O2):45.258	
O1):-0.803	O2):48.212	
O1):-0.707	O2):38.468	
O1):-0.716	O2):38.196	
O1):-0.767	O2):43.896	
O1):-0.714	O2):35.235	
O1):-0.746	O2):43.154	
O1):-0.782	O2):45.697	
O1):-0.748	O2):40.725	
O1):-0.751	O2):39.16	
O1):-0.734	O2):36.048	
O1):-0.785	O2):48.583	
O1):-0.78	O2):50.635	
O1):-0.77	O2):44.409	
O1):-0.717	O2):35.532	
O1):-0.751	O2):39.202	
O1):-0.762	O2):38.9	
O1):-0.748	O2):38.308	
O1):-0.771	O2):50.537	
O1):-0.748	O2):41.275	
O1):-0.732	O2):40.771	
O1):-0.735	O2):41.132	
O1):-0.717	O2):35.79	
O1):-0.81	O2):49.417	
O1):-0.721	O2):41.218	
O1):-0.768	O2):45.033	
O1):-0.766	O2):43.342	
O1):-0.779	O2):44.262	
O1):-0.766	O2):40.1	
O1):-0.717	O2):35.794	
O1):-0.744	O2):44.515	
O1):-0.724	O2):34.721	
O1):-0.738	O2):43.638	
O1):-0.743	O2):39.512	
O1):-0.74	O2):40.187	
O1):-0.741	O2):40.072	
O1):-0.721	O2):35.237	
O1):-0.764	O2):42.793	
O1):-0.773	O2):44.1	
O1):-0.721	O2):35.384	
O1):-0.765	O2):45.424	
O1):-0.771	O2):40.639	
O1):-0.792	O2):45.797	
O1):-0.757	O2):44.667	
O1):-0.793	O2):45.614	
O1):-0.776	O2):53.731	
O1):-0.77	O2):41.756	
O1):-0.748	O2):41.466	
O1):-0.743	O2):46.043	
O1):-0.741	O2):39.555	
O1):-0.778	O2):44.883	
O1):-0.762	O2):41.115	
O1):-0.813	O2):56.241	
O1):-0.718	O2):34.76	
O1):-0.814	O2):50.758	
O1):-0.718	O2):42.77	
O1):-0.806	O2):45.893	
O1):-0.779	O2):41.453	
O1):-0.737	O2):44.741	
O1):-0.774	O2):44.02	
O1):-0.766	O2):43.692	
O1):-0.847	O2):59.523	
O1):-0.736	O2):43.411	
O1):-0.687	O2):33.914	
O1):-0.793	O2):43.127	
O1):-0.806	O2):46.375	
O1):-0.786	O2):46.666	
O1):-0.696	O2):34.205	
O1):-0.774	O2):44.255	
O1):-0.768	O2):41.555	
O1):-0.774	O2):44.609	
O1):-0.724	O2):38.831	
O1):-0.781	O2):54.664	
O1):-0.782	O2):45.227	
O1):-0.777	O2):53.027	
O1):-0.75	O2):40.126	
O1):-0.721	O2):39.806	
O1):-0.795	O2):51.498	
O1):-0.758	O2):43.273	
O1):-0.772	O2):42.911	
O1):-0.758	O2):44.356	
O1):-0.706	O2):34.789	
O1):-0.761	O2):43.836	
O1):-0.775	O2):44.231	
O1):-0.789	O2):45.5	
O1):-0.733	O2):39.471	
O1):-0.771	O2):41.276	
O1):-0.799	O2):52.821	
O1):-0.776	O2):40.739	
O1):-0.727	O2):35.965	
O1):-0.748	O2):42.709	
O1):-0.729	O2):38.905	
O1):-0.786	O2):46.223	
O1):-0.735	O2):39.224	
O1):-0.763	O2):39.871	
O1):-0.706	O2):38.851	
O1):-0.69	O2):34.093	
O1):-0.677	O2):33.51	
O1):-0.751	O2):48.437	
O1):-0.735	O2):35.03	
O1):-0.767	O2):43.896	
O1):-0.719	O2):33.988	
O1):-0.747	O2):40.162	
O1):-0.793	O2):44.471	
O1):-0.726	O2):37.37	
O1):-0.716	O2):38.807	
O1):-0.753	O2):43.688	
O1):-0.711	O2):34.893	
O1):-0.699	O2):36.024	
O1):-0.684	O2):34.754	
O1):-0.766	O2):40.845	
O1):-0.715	O2):40.012	
O1):-0.763	O2):40.884	
O1):-0.745	O2):37.846	
O1):-0.728	O2):39.17	
O1):-0.692	O2):39.104	
O1):-0.757	O2):45.553	
O1):-0.802	O2):49.983	
O1):-0.752	O2):40.551	
O1):-0.767	O2):44.929	
O1):-0.705	O2):35.347	
O1):-0.79	O2):47.881	
O1):-0.782	O2):45.321	
O1):-0.726	O2):40.168	
O1):-0.821	O2):49.892	
O1):-0.718	O2):38.792	
O1):-0.715	O2):38.112	
O1):-0.687	O2):33.914	
O1):-0.77	O2):45.26	
O1):-0.731	O2):38.82	
O1):-0.705	O2):35.134	
O1):-0.689	O2):36.204	
O1):-0.796	O2):44.322	
O1):-0.705	O2):34.375	
O1):-0.706	O2):34.791	
O1):-0.724	O2):44.298	
O1):-0.756	O2):39.224	
O1):-0.76	O2):41.032	
O1):-0.746	O2):41.122	
O1):-0.753	O2):45.115	
O1):-0.768	O2):45.202	
O1):-0.755	O2):45.003	
O1):-0.703	O2):39.332	
O1):-0.689	O2):34.417	
O1):-0.741	O2):40.551	
O1):-0.714	O2):38.117	
O1):-0.813	O2):51.55	
O1):-0.753	O2):38.334	
O1):-0.703	O2):33.984	
O1):-0.756	O2):44.045	
O1):-0.765	O2):46.043	
O1):-0.721	O2):39.256	
O1):-0.805	O2):49.868	
O1):-0.812	O2):51.79	
O1):-0.782	O2):49.597	
O1):-0.743	O2):40.127	
O1):-0.721	O2):36.094	
O1):-0.731	O2):39.73	
O1):-0.75	O2):44.341	
O1):-0.76	O2):49.026	
O1):-0.732	O2):38.628	
O1):-0.722	O2):35.663	
O1):-0.674	O2):31.572	
O1):-0.728	O2):36.424	
O1):-0.762	O2):44.984	
O1):-0.769	O2):45.598	
O1):-0.771	O2):40.953	
O1):-0.717	O2):38.687	
O1):-0.789	O2):47.748	
O1):-0.826	O2):49.926	
O1):-0.776	O2):40.739	
O1):-0.752	O2):40.718	
O1):-0.751	O2):44.793	
O1):-0.777	O2):44.89	
O1):-0.704	O2):38.481	
O1):-0.751	O2):41.411	
O1):-0.694	O2):34.438	
O1):-0.772	O2):43.491	
O1):-0.785	O2):45.262	
O1):-0.735	O2):40.696	
O1):-0.757	O2):41.076	
O1):-0.757	O2):41.843	
O1):-0.758	O2):42.72	
O1):-0.671	O2):31.434	
O1):-0.731	O2):39.73	
O1):-0.76	O2):39.505	
O1):-0.764	O2):44.303	
O1):-0.729	O2):38.663	
O1):-0.731	O2):38.932	
O1):-0.744	O2):41.226	
O1):-0.768	O2):44.353	
O1):-0.741	O2):42.237	
O1):-0.812	O2):51.324	
O1):-0.729	O2):38.094	
O1):-0.79	O2):53.914	
O1):-0.819	O2):54.63	
O1):-0.746	O2):43.792	
O1):-0.77	O2):45.187	
O1):-0.738	O2):39.301	
O1):-0.732	O2):37.694	
O1):-0.76	O2):39.047	
O1):-0.717	O2):39.693	
O1):-0.746	O2):36.374	
O1):-0.765	O2):44.945	
O1):-0.777	O2):45.134	
O1):-0.729	O2):38.811	
O1):-0.814	O2):50.77	
O1):-0.729	O2):38.867	
O1):-0.715	O2):40.331	
O1):-0.806	O2):51.3	
O1):-0.764	O2):48.485	
O1):-0.721	O2):38.806	
O1):-0.781	O2):48.547	
O1):-0.745	O2):36.3	
O1):-0.736	O2):39.642	
O1):-0.793	O2):48.608	
O1):-0.768	O2):44.886	
O1):-0.745	O2):39.18	
O1):-0.75	O2):45.618	
O1):-0.75	O2):38.659	
O1):-0.697	O2):33.848	
O1):-0.689	O2):34.334	
O1):-0.692	O2):39.106	
O1):-0.769	O2):49.801	
O1):-0.751	O2):43.273	
O1):-0.746	O2):43.792	
O1):-0.783	O2):45.055	
O1):-0.76	O2):39.365	
O1):-0.782	O2):48.684	
O1):-0.731	O2):40.628	
O1):-0.753	O2):44.382	
O1):-0.747	O2):40.746	
O1):-0.708	O2):35.932	
O1):-0.696	O2):34.506	
O1):-0.702	O2):34.628	
O1):-0.713	O2):34.885	
O1):-0.746	O2):39.198	
O1):-0.73	O2):40.297	
O1):-0.745	O2):40.273	
O1):-0.745	O2):39.996	
O1):-0.781	O2):50.717	
O1):-0.694	O2):34.438	
O1):-0.716	O2):39.837	
O1):-0.796	O2):46.534	
O1):-0.708	O2):39.069	
O1):-0.719	O2):39.112	
O1):-0.765	O2):44.645	
O1):-0.776	O2):45.189	
O1):-0.747	O2):45.041	
O1):-0.693	O2):36.068	
O1):-0.781	O2):44.999	
O1):-0.718	O2):38.818	
O1):-0.784	O2):44.51	
O1):-0.77	O2):45.782	
O1):-0.727	O2):35.337	
O1):-0.755	O2):45.103	
O1):-0.723	O2):42.742	
O1):-0.791	O2):49.813	
O1):-0.753	O2):44.628	
O1):-0.76	O2):39.505	
O1):-0.786	O2):41.108	
O1):-0.773	O2):49.067	
O1):-0.725	O2):38.446	
O1):-0.74	O2):39.234	
O1):-0.696	O2):34.874	
O1):-0.812	O2):49.938	
O1):-0.725	O2):40.544	
O1):-0.743	O2):40.53	
O1):-0.692	O2):33.856	
O1):-0.752	O2):38.896	
O1):-0.752	O2):44.333	
O1):-0.759	O2):43.955	
O1):-0.748	O2):44.438	
O1):-0.803	O2):45.025	
O1):-0.75	O2):46.141	
O1):-0.724	O2):39.19	
O1):-0.778	O2):45.178	
O1):-0.766	O2):41.739	
O1):-0.801	O2):48.927	
O1):-0.762	O2):39.868	
O1):-0.762	O2):44.815	
O1):-0.73	O2):40.438	
O1):-0.75	O2):38.677	
O1):-0.752	O2):43.124	
O1):-0.73	O2):38.666	
O1):-0.748	O2):39.42	
O1):-0.742	O2):39.926	
O1):-0.731	O2):35.817	
O1):-0.744	O2):41.226	
O1):-0.763	O2):40.884	
O1):-0.699	O2):39.588	
O1):-0.803	O2):45.025	
O1):-0.761	O2):46.414	
O1):-0.731	O2):40.301	
O1):-0.76	O2):48.046	
O1):-0.782	O2):43.971	
O1):-0.775	O2):40.669	
O1):-0.78	O2):40.769	
O1):-0.743	O2):41.077	
O1):-0.791	O2):45.626	
O1):-0.767	O2):45.445	
O1):-0.752	O2):40.829	
O1):-0.793	O2):49.567	
O1):-0.76	O2):39.505	
O1):-0.749	O2):43.45	
O1):-0.775	O2):40.919	
O1):-0.753	O2):48.889	
O1):-0.707	O2):38.497	
O1):-0.737	O2):38.744	
O1):-0.745	O2):38.813	
O1):-0.707	O2):35.565	
O1):-0.751	O2):44.955	
O1):-0.758	O2):40.571	
O1):-0.692	O2):39.091	
O1):-0.734	O2):39.518	
O1):-0.782	O2):45.321	
O1):-0.756	O2):42.879	
O1):-0.795	O2):46.267	
O1):-0.731	O2):35.442	
O1):-0.743	O2):40.127	
O1):-0.829	O2):49.889	
O1):-0.75	O2):44.618	
O1):-0.793	O2):43.128	
O1):-0.816	O2):50.717	
O1):-0.813	O2):49.771	
O1):-0.734	O2):37.936	
O1):-0.731	O2):40.915	
O1):-0.697	O2):38.566	
O1):-0.704	O2):34.423	
O1):-0.738	O2):39.151	
O1):-0.709	O2):39.764	
O1):-0.72	O2):39.524	
O1):-0.757	O2):40.432	
O1):-0.806	O2):45.841	
O1):-0.783	O2):50.018	
O1):-0.758	O2):44.753	
O1):-0.73	O2):38.624	
O1):-0.776	O2):44.407	
O1):-0.778	O2):45.112	
O1):-0.756	O2):40.405	
O1):-0.763	O2):39.868	
O1):-0.699	O2):36.024	
O1):-0.759	O2):41.323	
O1):-0.751	O2):41.348	
O1):-0.713	O2):39.524	
O1):-0.749	O2):43.145	
O1):-0.708	O2):37.742	
O1):-0.742	O2):43.866	
O1):-0.693	O2):34.019	
O1):-0.804	O2):45.867	
O1):-0.777	O2):43.318	
O1):-0.757	O2):40.188	
O1):-0.688	O2):34.157	
O1):-0.773	O2):40.735	
O1):-0.803	O2):49.398	
O1):-0.754	O2):43.149	
O1):-0.805	O2):46.578	
O1):-0.725	O2):40.047	
O1):-0.692	O2):33.856	
O1):-0.711	O2):38.945	
O1):-0.761	O2):40.009	
O1):-0.736	O2):43.94	
O1):-0.774	O2):45.278	
O1):-0.746	O2):38.677	
O1):-0.771	O2):43.755	
O1):-0.813	O2):50.318	
O1):-0.76	O2):39.858	
O1):-0.778	O2):40.743	
O1):-0.797	O2):45.663	
O1):-0.714	O2):38.716	
O1):-0.79	O2):45.581	
O1):-0.746	O2):38.677	
O1):-0.759	O2):43.552	
O1):-0.767	O2):44.583	
O1):-0.753	O2):41.003	
O1):-0.754	O2):38.563	
O1):-0.751	O2):42.919	
O1):-0.774	O2):49.249	
O1):-0.789	O2):54.77	
O1):-0.725	O2):49.066	
O1):-0.746	O2):43.66	
O1):-0.697	O2):38.566	
O1):-0.724	O2):39.168	
O1):-0.748	O2):43.744	
O1):-0.768	O2):40.767	
O1):-0.803	O2):45.15	
O1):-0.749	O2):40.087	
O1):-0.724	O2):42.973	
O1):-0.749	O2):40.766	
O1):-0.749	O2):42.582	
O1):-0.74	O2):41.167	
O1):-0.77	O2):38.885	
O1):-0.808	O2):53.895	
O1):-0.768	O2):40.503	
O1):-0.737	O2):38.987	
O1):-0.79	O2):55.145	
O1):-0.744	O2):40.257	
O1):-0.767	O2):44.302	
O1):-0.81	O2):46.986	
O1):-0.798	O2):48.262	
O1):-0.763	O2):42.895	
O1):-0.77	O2):44.051	
O1):-0.758	O2):43.553	
O1):-0.737	O2):40.508	
O1):-0.672	O2):31.703	
O1):-0.747	O2):40.285	
O1):-0.793	O2):45.653	
O1):-0.752	O2):44.296	
O1):-0.748	O2):41.336	
O1):-0.711	O2):35.245	
O1):-0.748	O2):38.376	
O1):-0.816	O2):53.822	
O1):-0.747	O2):40.285	
O1):-0.747	O2):39.596	
O1):-0.76	O2):42.024	
O1):-0.692	O2):31.159	
O1):-0.758	O2):45.161	
O1):-0.702	O2):34.908	
O1):-0.745	O2):35.09	
O1):-0.748	O2):41.703	
O1):-0.743	O2):40.574	
O1):-0.751	O2):43.171	
O1):-0.751	O2):44.798	
O1):-0.733	O2):40.012	
O1):-0.708	O2):35.203	
O1):-0.82	O2):54.901	
O1):-0.76	O2):39.365	
O1):-0.775	O2):40.422	
O1):-0.741	O2):39.098	
O1):-0.78	O2):43.057	
O1):-0.689	O2):34.417	
O1):-0.716	O2):39.124	
O1):-0.761	O2):43.021	
O1):-0.762	O2):39.259	
O1):-0.805	O2):45.62	
O1):-0.696	O2):35.403	
O1):-0.785	O2):47.737	
O1):-0.706	O2):35.378	
O1):-0.773	O2):49.067	
O1):-0.77	O2):53.717	
O1):-0.782	O2):48.097	
O1):-0.708	O2):34.596	
O1):-0.752	O2):45.299	
O1):-0.745	O2):39.792	
O1):-0.741	O2):38.506	
O1):-0.716	O2):39.837	
O1):-0.716	O2):39.969	
O1):-0.793	O2):43.127	
O1):-0.78	O2):45.547	
O1):-0.741	O2):40.232	
O1):-0.781	O2):46.124	
O1):-0.814	O2):49.894	
O1):-0.729	O2):36.695	
O1):-0.732	O2):35.37	
O1):-0.765	O2):40.509	
O1):-0.76	O2):48.125	
O1):-0.73	O2):35.775	
O1):-0.812	O2):51.065	
O1):-0.749	O2):45.808	
O1):-0.76	O2):46.636	
O1):-0.776	O2):44.407	
O1):-0.788	O2):44.954	
O1):-0.728	O2):39.397	
O1):-0.716	O2):39.491	
O1):-0.718	O2):37.336	
O1):-0.792	O2):47.953	
O1):-0.703	O2):39.237	
O1):-0.793	O2):44.067	
O1):-0.78	O2):44.719	
O1):-0.747	O2):39.52	
O1):-0.737	O2):40.718	
O1):-0.708	O2):34.128	
O1):-0.694	O2):34.615	
O1):-0.737	O2):44.856	
O1):-0.749	O2):44.037	
O1):-0.716	O2):39.969	
O1):-0.77	O2):44.932	
O1):-0.76	O2):46.183	
O1):-0.782	O2):45.43	
O1):-0.717	O2):43.15	
O1):-0.792	O2):49.474	
O1):-0.769	O2):40.372	
O1):-0.748	O2):39.577	
O1):-0.802	O2):49.959	
O1):-0.796	O2):44.957	
O1):-0.727	O2):37.756	
O1):-0.787	O2):45.264	
O1):-0.749	O2):43.45	
O1):-0.764	O2):48.642	
O1):-0.757	O2):40.939	
O1):-0.734	O2):38.144	
O1):-0.795	O2):44.724	
O1):-0.753	O2):42.863	
O1):-0.804	O2):50.336	
O1):-0.776	O2):40.545	
O1):-0.7	O2):39.226	
O1):-0.714	O2):34.261	
O1):-0.789	O2):45.416	
O1):-0.764	O2):43.849	
O1):-0.788	O2):43.099	
O1):-0.77	O2):44.748	
O1):-0.705	O2):33.987	
O1):-0.725	O2):35.269	
O1):-0.8	O2):45.81	
O1):-0.732	O2):48.472	
O1):-0.765	O2):45.369	
O1):-0.731	O2):39.768	
O1):-0.75	O2):40.477	
O1):-0.776	O2):53.731	
O1):-0.762	O2):38.699	
O1):-0.735	O2):38.199	
O1):-0.757	O2):44.311	
O1):-0.796	O2):50.352	
O1):-0.781	O2):45.866	
O1):-0.716	O2):38.455	
O1):-0.746	O2):43.331	
O1):-0.751	O2):41.348	
Evaluations:	200
O1):-0.765	O2):45.424	
O1):-0.676	O2):34.296	
O1):-0.753	O2):39.489	
O1):-0.763	O2):44.905	
O1):-0.768	O2):48.959	
O1):-0.698	O2):34.723	
O1):-0.799	O2):48.262	
O1):-0.799	O2):48.262	
O1):-0.722	O2):40.55	
O1):-0.767	O2):40.647	
O1):-0.769	O2):44.277	
O1):-0.721	O2):35.95	
O1):-0.799	O2):48.262	
O1):-0.747	O2):40.197	
O1):-0.74	O2):38.155	
O1):-0.724	O2):43.995	
O1):-0.727	O2):39.239	
O1):-0.845	O2):51.685	
O1):-0.791	O2):50.878	
O1):-0.771	O2):46.146	
O1):-0.755	O2):43.851	
O1):-0.782	O2):44.944	
O1):-0.748	O2):40.255	
O1):-0.778	O2):41.361	
O1):-0.769	O2):47.915	
O1):-0.73	O2):39.908	
O1):-0.718	O2):39.209	
O1):-0.81	O2):46.256	
O1):-0.741	O2):39.903	
O1):-0.743	O2):40.976	
O1):-0.774	O2):43.407	
O1):-0.787	O2):45.182	
O1):-0.776	O2):40.739	
O1):-0.762	O2):40.908	
O1):-0.831	O2):51.483	
O1):-0.697	O2):33.554	
O1):-0.782	O2):45.168	
O1):-0.692	O2):34.115	
O1):-0.709	O2):33.902	
O1):-0.746	O2):39.198	
O1):-0.772	O2):45.821	
O1):-0.79	O2):48.862	
O1):-0.737	O2):38.744	
O1):-0.76	O2):39.365	
O1):-0.734	O2):36.152	
O1):-0.767	O2):45.86	
O1):-0.78	O2):48.285	
O1):-0.753	O2):44.053	
O1):-0.758	O2):44.284	
O1):-0.763	O2):45.829	
O1):-0.787	O2):43.675	
O1):-0.746	O2):39.314	
O1):-0.743	O2):40.101	
O1):-0.772	O2):43.508	
O1):-0.732	O2):39.939	
O1):-0.746	O2):38.867	
O1):-0.73	O2):38.761	
O1):-0.737	O2):39.989	
O1):-0.702	O2):34.908	
O1):-0.727	O2):39.269	
O1):-0.735	O2):40.976	
O1):-0.778	O2):45.013	
O1):-0.796	O2):45.669	
O1):-0.817	O2):49.865	
O1):-0.687	O2):33.912	
O1):-0.769	O2):39.655	
O1):-0.789	O2):46.183	
O1):-0.813	O2):50.323	
O1):-0.76	O2):47.143	
O1):-0.728	O2):39.318	
O1):-0.808	O2):50.039	
O1):-0.785	O2):41.639	
O1):-0.731	O2):35.817	
O1):-0.712	O2):35.166	
O1):-0.717	O2):35.534	
O1):-0.713	O2):34.481	
O1):-0.742	O2):44.555	
O1):-0.765	O2):46.214	
O1):-0.772	O2):40.949	
O1):-0.744	O2):39.775	
O1):-0.82	O2):59.585	
O1):-0.838	O2):59.501	
O1):-0.785	O2):47.737	
O1):-0.717	O2):43.15	
O1):-0.788	O2):50.211	
O1):-0.748	O2):39.577	
O1):-0.722	O2):35.833	
O1):-0.761	O2):39.088	
O1):-0.746	O2):40.944	
O1):-0.725	O2):39.643	
O1):-0.79	O2):45.148	
O1):-0.749	O2):43.312	
O1):-0.776	O2):44.873	
O1):-0.74	O2):41.167	
O1):-0.76	O2):48.125	
O1):-0.762	O2):44.984	
O1):-0.707	O2):37.917	
O1):-0.755	O2):39.88	
O1):-0.797	O2):46.003	
O1):-0.804	O2):45.972	
O1):-0.807	O2):51.246	
O1):-0.767	O2):48.745	
O1):-0.76	O2):50.006	
O1):-0.731	O2):40.628	
O1):-0.776	O2):44.52	
O1):-0.781	O2):54.664	
O1):-0.75	O2):40.477	
O1):-0.78	O2):45.326	
O1):-0.794	O2):49.377	
O1):-0.746	O2):40.237	
O1):-0.737	O2):44.854	
O1):-0.766	O2):45.087	
O1):-0.813	O2):56.241	
O1):-0.719	O2):44.168	
O1):-0.717	O2):35.391	
O1):-0.737	O2):40.986	
O1):-0.773	O2):40.857	
O1):-0.719	O2):38.824	
O1):-0.754	O2):39.757	
O1):-0.713	O2):38.379	
O1):-0.811	O2):50.727	
O1):-0.75	O2):41.245	
O1):-0.752	O2):43.585	
O1):-0.782	O2):40.79	
O1):-0.716	O2):36.423	
O1):-0.773	O2):41.342	
O1):-0.782	O2):54.17	
O1):-0.733	O2):38.428	
O1):-0.795	O2):46.221	
O1):-0.713	O2):38.379	
O1):-0.76	O2):39.326	
O1):-0.741	O2):39.654	
O1):-0.767	O2):43.009	
O1):-0.752	O2):50.946	
O1):-0.778	O2):45.225	
O1):-0.785	O2):44.595	
O1):-0.81	O2):46.514	
O1):-0.724	O2):39.129	
O1):-0.707	O2):35.022	
O1):-0.708	O2):33.336	
O1):-0.754	O2):38.563	
O1):-0.762	O2):47.569	
O1):-0.685	O2):37.399	
O1):-0.717	O2):39.693	
Evaluations:	200
O1):-0.739	O2):43.761	
O1):-0.754	O2):39.77	
O1):-0.775	O2):43.611	
O1):-0.77	O2):40.404	
O1):-0.777	O2):40.65	
O1):-0.756	O2):39.224	
O1):-0.723	O2):38.4	
O1):-0.806	O2):51.3	
O1):-0.713	O2):34.885	
O1):-0.77	O2):45.074	
O1):-0.78	O2):50.251	
O1):-0.723	O2):38.33	
O1):-0.738	O2):40.72	
O1):-0.724	O2):36.191	
O1):-0.733	O2):43.602	
O1):-0.716	O2):34.801	
O1):-0.711	O2):35.012	
O1):-0.769	O2):45.668	
O1):-0.819	O2):54.396	
O1):-0.731	O2):36.591	
O1):-0.762	O2):44.547	
O1):-0.669	O2):29.651	
O1):-0.736	O2):44.329	
O1):-0.766	O2):41.998	
O1):-0.763	O2):40.439	
O1):-0.79	O2):48.102	
O1):-0.753	O2):39.409	
O1):-0.76	O2):39.897	
O1):-0.714	O2):34.477	
O1):-0.719	O2):39.449	
O1):-0.768	O2):39.423	
O1):-0.773	O2):42.968	
O1):-0.759	O2):43.479	
O1):-0.766	O2):45.714	
O1):-0.769	O2):45.673	
O1):-0.768	O2):40.103	
O1):-0.729	O2):38.999	
O1):-0.72	O2):35.231	
O1):-0.772	O2):39.912	
Evaluations:	200
O1):-0.733	O2):35.811	
O1):-0.793	O2):49.567	
O1):-0.769	O2):42.142	
O1):-0.73	O2):39.484	
O1):-0.766	O2):45.793	
O1):-0.789	O2):54.382	
O1):-0.727	O2):35.965	
O1):-0.782	O2):40.79	
O1):-0.745	O2):39.037	
O1):-0.735	O2):35.03	
O1):-0.734	O2):36.248	
O1):-0.72	O2):39.155	
O1):-0.716	O2):34.687	
O1):-0.734	O2):43.95	
O1):-0.745	O2):39.037	
O1):-0.755	O2):41.35	
O1):-0.761	O2):40.752	
O1):-0.803	O2):49.822	
O1):-0.752	O2):40.533	
O1):-0.703	O2):39.332	
O1):-0.761	O2):40.752	
O1):-0.7	O2):39.525	
O1):-0.761	O2):40.752	
O1):-0.717	O2):35.532	
O1):-0.781	O2):50.199	
O1):-0.727	O2):38.465	
O1):-0.8	O2):48.776	
O1):-0.698	O2):34.723	
O1):-0.773	O2):44.289	
O1):-0.793	O2):48.608	
O1):-0.764	O2):43.757	
O1):-0.722	O2):40.638	
O1):-0.79	O2):48.102	
O1):-0.75	O2):40.638	
O1):-0.653	O2):34.939	
O1):-0.794	O2):43.022	
O1):-0.746	O2):39.198	
O1):-0.652	O2):29.987	
O1):-0.769	O2):45.668	
O1):-0.739	O2):38.65	
O1):-0.781	O2):49.317	
O1):-0.76	O2):39.029	
O1):-0.799	O2):45.621	
O1):-0.749	O2):43.45	
O1):-0.75	O2):44.651	
O1):-0.741	O2):38.506	
O1):-0.794	O2):44.007	
O1):-0.775	O2):40.422	
O1):-0.804	O2):48.038	
O1):-0.713	O2):34.481	
O1):-0.761	O2):47.186	
O1):-0.769	O2):44.277	
O1):-0.804	O2):48.014	
O1):-0.751	O2):38.859	
O1):-0.751	O2):39.324	
O1):-0.776	O2):43.664	
O1):-0.817	O2):49.865	
O1):-0.782	O2):45.585	
O1):-0.762	O2):44.363	
O1):-0.749	O2):39.142	
O1):-0.782	O2):45.152	
O1):-0.721	O2):35.95	
O1):-0.734	O2):37.936	
O1):-0.753	O2):38.334	
O1):-0.736	O2):35.109	
O1):-0.734	O2):40.285	
O1):-0.748	O2):38.317	
O1):-0.73	O2):39.01	
O1):-0.743	O2):40.225	
O1):-0.719	O2):39.449	
Evaluations:	200
O1):-0.759	O2):43.552	
O1):-0.729	O2):38.999	
O1):-0.784	O2):48.2	
O1):-0.675	O2):33.937	
O1):-0.729	O2):38.904	
O1):-0.715	O2):38.112	
O1):-0.768	O2):43.393	
O1):-0.753	O2):44.382	
O1):-0.766	O2):39.625	
O1):-0.815	O2):53.155	
O1):-0.722	O2):39.843	
O1):-0.744	O2):39.114	
O1):-0.802	O2):46.542	
O1):-0.814	O2):59.396	
O1):-0.75	O2):38.677	
O1):-0.82	O2):50.119	
O1):-0.745	O2):40.726	
O1):-0.766	O2):44.783	
O1):-0.735	O2):38.477	
O1):-0.743	O2):40.491	
Evaluations:	200
O1):-0.838	O2):59.501	
O1):-0.777	O2):43.318	
O1):-0.82	O2):59.585	
O1):-0.791	O2):48.049	
O1):-0.777	O2):47.776	
O1):-0.81	O2):46.986	
O1):-0.717	O2):35.534	
O1):-0.752	O2):39.053	
O1):-0.782	O2):48.663	
Evaluations:	200
O1):-0.745	O2):40.273	
O1):-0.729	O2):38.904	
O1):-0.697	O2):38.566	
Evaluations:	200
O1):-0.681	O2):34.408	
O1):-0.744	O2):38.785	
O1):-0.814	O2):54.245	
O1):-0.75	O2):38.677	
O1):-0.802	O2):50.063	
O1):-0.772	O2):40.248	
O1):-0.699	O2):34.317	
O1):-0.76	O2):39.505	
O1):-0.769	O2):40.372	
O1):-0.73	O2):43.569	
Evaluations:	200
O1):-0.793	O2):45.947	
O1):-0.729	O2):38.904	
O1):-0.698	O2):35.426	
O1):-0.711	O2):35.413	
O1):-0.699	O2):34.317	
O1):-0.797	O2):47.374	
O1):-0.766	O2):43.357	
O1):-0.744	O2):38.785	
O1):-0.728	O2):36.09	
O1):-0.741	O2):44.114	
O1):-0.812	O2):51.324	
O1):-0.723	O2):34.677	
O1):-0.732	O2):38.228	
O1):-0.776	O2):45.414	
O1):-0.708	O2):33.761	
O1):-0.76	O2):39.368	
O1):-0.816	O2):53.822	
O1):-0.796	O2):44.322	
Evaluations:	200
O1):-0.781	O2):48.209	
O1):-0.807	O2):46.214	
O1):-0.768	O2):44.061	
O1):-0.738	O2):38.963	
O1):-0.743	O2):46.043	
O1):-0.746	O2):38.86	
O1):-0.731	O2):35.817	
O1):-0.73	O2):38.624	
O1):-0.717	O2):35.79	
O1):-0.811	O2):53.779	
O1):-0.811	O2):53.779	
O1):-0.73	O2):35.775	
O1):-0.76	O2):42.024	
O1):-0.723	O2):39.164	
O1):-0.784	O2):49.734	
O1):-0.764	O2):44.861	
O1):-0.738	O2):39.992	
O1):-0.702	O2):34.574	
O1):-0.795	O2):44.999	
O1):-0.747	O2):39.408	
O1):-0.768	O2):39.423	
O1):-0.759	O2):39.704	
O1):-0.774	O2):44.78	
O1):-0.7	O2):33.974	
O1):-0.737	O2):38.744	
O1):-0.773	O2):40.509	
O1):-0.72	O2):38.02	
O1):-0.803	O2):45.025	
O1):-0.793	O2):43.127	
O1):-0.716	O2):36.423	
O1):-0.738	O2):38.963	
O1):-0.747	O2):39.279	
O1):-0.718	O2):40.054	
O1):-0.735	O2):39.448	
O1):-0.698	O2):34.068	
O1):-0.76	O2):39.047	
O1):-0.735	O2):34.926	
O1):-0.779	O2):40.755	
O1):-0.791	O2):48.865	
O1):-0.785	O2):49.621	
O1):-0.773	O2):40.735	
O1):-0.753	O2):42.229	
O1):-0.748	O2):39.531	
O1):-0.779	O2):44.358	
O1):-0.804	O2):49.332	
O1):-0.732	O2):38.628	
O1):-0.738	O2):38.406	
O1):-0.757	O2):40.868	
O1):-0.708	O2):34.509	
O1):-0.76	O2):39.505	
O1):-0.745	O2):38.844	
O1):-0.8	O2):46.182	
O1):-0.78	O2):44.775	
O1):-0.702	O2):34.908	
O1):-0.779	O2):41.061	
O1):-0.751	O2):40.143	
O1):-0.774	O2):44.922	
O1):-0.722	O2):35.833	
O1):-0.798	O2):50.543	
O1):-0.761	O2):40.009	
O1):-0.804	O2):45.862	
O1):-0.705	O2):33.987	
O1):-0.774	O2):44.255	
O1):-0.774	O2):39.202	
O1):-0.775	O2):44.216	
O1):-0.781	O2):44.791	
O1):-0.796	O2):47.943	
O1):-0.746	O2):39.122	
O1):-0.746	O2):38.867	
O1):-0.715	O2):38.112	
O1):-0.788	O2):44.64	
O1):-0.821	O2):50.118	
O1):-0.705	O2):36.127	
O1):-0.812	O2):51.18	
O1):-0.748	O2):39.478	
O1):-0.796	O2):45.241	
O1):-0.78	O2):44.28	
O1):-0.704	O2):34.423	
O1):-0.78	O2):45.326	
O1):-0.748	O2):39.577	
O1):-0.749	O2):38.256	
O1):-0.789	O2):46.464	
O1):-0.804	O2):49.332	
O1):-0.693	O2):34.28	
O1):-0.729	O2):34.528	
O1):-0.773	O2):40.411	
O1):-0.803	O2):45.425	
O1):-0.681	O2):33.828	
O1):-0.728	O2):38.03	
O1):-0.812	O2):51.79	
O1):-0.728	O2):36.395	
O1):-0.793	O2):43.127	
O1):-0.701	O2):33.934	
O1):-0.772	O2):40.949	
O1):-0.726	O2):37.954	
O1):-0.713	O2):38.379	
O1):-0.72	O2):35.808	
O1):-0.791	O2):48.16	
O1):-0.738	O2):37.635	
O1):-0.702	O2):35.455	
O1):-0.818	O2):50.08	
O1):-0.696	O2):35.403	
O1):-0.811	O2):53.056	
O1):-0.799	O2):47.021	
O1):-0.72	O2):35.409	
O1):-0.768	O2):40.239	
O1):-0.703	O2):34.994	
O1):-0.673	O2):33.769	
O1):-0.688	O2):34.157	
O1):-0.777	O2):45.656	
O1):-0.722	O2):40.593	
O1):-0.692	O2):33.856	
O1):-0.767	O2):42.223	
O1):-0.769	O2):40.372	
O1):-0.753	O2):39.586	
O1):-0.681	O2):34.398	
O1):-0.816	O2):54.793	
O1):-0.808	O2):50.039	
O1):-0.79	O2):47.881	
O1):-0.738	O2):39.151	
O1):-0.755	O2):39.485	
O1):-0.747	O2):40.993	
O1):-0.756	O2):39.923	
O1):-0.777	O2):44.448	
O1):-0.809	O2):49.243	
O1):-0.741	O2):38.294	
O1):-0.763	O2):43.082	
O1):-0.743	O2):40.139	
O1):-0.79	O2):48.102	
O1):-0.813	O2):49.771	
O1):-0.748	O2):39.858	
O1):-0.777	O2):44.89	
O1):-0.703	O2):37.9	
O1):-0.716	O2):34.687	
O1):-0.688	O2):34.157	
O1):-0.701	O2):34.418	
O1):-0.744	O2):36.695	
O1):-0.728	O2):36.424	
O1):-0.712	O2):38.36	
O1):-0.724	O2):38.713	
O1):-0.82	O2):59.585	
O1):-0.748	O2):38.376	
O1):-0.727	O2):39.346	
O1):-0.705	O2):35.134	
O1):-0.714	O2):41.093	
O1):-0.77	O2):44.745	
O1):-0.775	O2):40.422	
O1):-0.774	O2):41.466	
O1):-0.778	O2):40.777	
O1):-0.678	O2):34.385	
O1):-0.786	O2):41.107	
O1):-0.79	O2):48.498	
O1):-0.765	O2):40.509	
O1):-0.763	O2):38.846	
O1):-0.779	O2):44.643	
O1):-0.732	O2):35.37	
O1):-0.744	O2):38.829	
O1):-0.737	O2):38.744	
O1):-0.718	O2):35.423	
O1):-0.711	O2):35.791	
O1):-0.718	O2):34.76	
O1):-0.692	O2):33.856	
O1):-0.79	O2):43.581	
O1):-0.774	O2):44.255	
O1):-0.775	O2):44.153	
O1):-0.773	O2):38.915	
O1):-0.792	O2):49.282	
O1):-0.774	O2):39.681	
O1):-0.807	O2):51.198	
O1):-0.741	O2):40.072	
O1):-0.779	O2):44.152	
O1):-0.742	O2):38.437	
O1):-0.746	O2):38.677	
O1):-0.713	O2):38.379	
O1):-0.782	O2):43.479	
O1):-0.774	O2):42.915	
O1):-0.777	O2):44.58	
O1):-0.758	O2):41.053	
O1):-0.813	O2):50.325	
O1):-0.697	O2):35.115	
O1):-0.75	O2):38.677	
O1):-0.747	O2):39.517	
O1):-0.734	O2):39.49	
O1):-0.651	O2):29.885	
O1):-0.72	O2):35.409	
O1):-0.801	O2):46.696	
O1):-0.742	O2):40.752	
O1):-0.705	O2):35.436	
O1):-0.708	O2):34.596	
O1):-0.713	O2):34.481	
O1):-0.807	O2):51.198	
O1):-0.762	O2):39.58	
O1):-0.788	O2):44.833	
O1):-0.777	O2):44.727	
O1):-0.696	O2):34.441	
O1):-0.752	O2):39.367	
O1):-0.692	O2):34.115	
O1):-0.721	O2):38.806	
O1):-0.74	O2):40.247	
O1):-0.723	O2):39.547	
O1):-0.785	O2):45.258	
O1):-0.79	O2):48.102	
O1):-0.737	O2):38.744	
O1):-0.813	O2):50.317	
O1):-0.772	O2):43.491	
O1):-0.751	O2):39.736	
O1):-0.813	O2):51.748	
O1):-0.745	O2):40.43	
O1):-0.693	O2):36.066	
O1):-0.795	O2):45.12	
O1):-0.735	O2):38.477	
O1):-0.806	O2):54.274	
O1):-0.775	O2):40.919	
O1):-0.715	O2):34.536	
O1):-0.746	O2):38.677	
O1):-0.797	O2):47.376	
O1):-0.778	O2):45.225	
O1):-0.763	O2):40.017	
O1):-0.805	O2):49.52	
O1):-0.716	O2):38.816	
O1):-0.751	O2):39.325	
O1):-0.751	O2):39.324	
O1):-0.778	O2):45.112	
O1):-0.789	O2):44.896	
O1):-0.713	O2):38.379	
O1):-0.803	O2):46.096	
O1):-0.733	O2):38.412	
O1):-0.674	O2):31.572	
O1):-0.793	O2):44.586	
O1):-0.719	O2):35.145	
O1):-0.778	O2):45.178	
O1):-0.75	O2):38.677	
O1):-0.778	O2):45.191	
O1):-0.766	O2):41.986	
O1):-0.782	O2):45.227	
O1):-0.793	O2):45.614	
O1):-0.765	O2):41.457	
O1):-0.671	O2):33.644	
O1):-0.806	O2):45.846	
O1):-0.766	O2):40.845	
O1):-0.709	O2):35.129	
O1):-0.792	O2):45.707	
O1):-0.774	O2):43.864	
O1):-0.791	O2):45.185	
O1):-0.72	O2):35.213	
O1):-0.756	O2):40.543	
O1):-0.772	O2):45.362	
O1):-0.79	O2):45.585	
O1):-0.713	O2):38.873	
Evaluations:	200
O1):-0.778	O2):44.928	
O1):-0.75	O2):40.431	
O1):-0.776	O2):49.062	
O1):-0.747	O2):45.645	
O1):-0.705	O2):35.348	
O1):-0.765	O2):39.536	
O1):-0.741	O2):39.098	
O1):-0.705	O2):35.348	
O1):-0.734	O2):37.992	
O1):-0.76	O2):43.102	
O1):-0.665	O2):33.3	
O1):-0.79	O2):45.148	
O1):-0.746	O2):36.374	
O1):-0.751	O2):39.324	
O1):-0.813	O2):49.771	
O1):-0.745	O2):36.3	
O1):-0.752	O2):40.998	
O1):-0.749	O2):38.256	
O1):-0.69	O2):34.238	
O1):-0.831	O2):51.483	
O1):-0.717	O2):34.729	
O1):-0.725	O2):35.3	
O1):-0.678	O2):34.385	
O1):-0.779	O2):40.896	
O1):-0.783	O2):43.614	
O1):-0.83	O2):49.978	
O1):-0.738	O2):37.713	
O1):-0.845	O2):56.365	
O1):-0.763	O2):40.439	
O1):-0.765	O2):39.536	
O1):-0.712	O2):36.049	
O1):-0.717	O2):33.945	
O1):-0.76	O2):39.505	
O1):-0.759	O2):39.892	
O1):-0.812	O2):51.532	
O1):-0.703	O2):34.601	
O1):-0.768	O2):44.061	
O1):-0.813	O2):49.774	
O1):-0.721	O2):35.95	
O1):-0.813	O2):51.55	
O1):-0.776	O2):40.739	
O1):-0.766	O2):42.82	
O1):-0.723	O2):39.373	
O1):-0.751	O2):40.426	
O1):-0.797	O2):45.663	
O1):-0.807	O2):48.841	
O1):-0.812	O2):51.324	
O1):-0.746	O2):38.677	
O1):-0.798	O2):48.262	
O1):-0.692	O2):33.856	
O1):-0.732	O2):38.835	
O1):-0.711	O2):35.245	
O1):-0.752	O2):45.13	
O1):-0.714	O2):34.163	
O1):-0.813	O2):50.169	
O1):-0.723	O2):39.658	
O1):-0.727	O2):38.326	
O1):-0.758	O2):45.634	
O1):-0.776	O2):44.385	
O1):-0.718	O2):38.693	
O1):-0.722	O2):35.846	
O1):-0.803	O2):49.071	
O1):-0.756	O2):39.027	
O1):-0.752	O2):40.06	
O1):-0.766	O2):43.357	
O1):-0.778	O2):45.007	
O1):-0.764	O2):40.511	
O1):-0.775	O2):43.047	
O1):-0.694	O2):33.721	
O1):-0.734	O2):39.541	
O1):-0.77	O2):43.686	
O1):-0.768	O2):40.925	
O1):-0.777	O2):44.89	
O1):-0.748	O2):40.04	
O1):-0.745	O2):37.991	
O1):-0.713	O2):34.481	
O1):-0.746	O2):38.86	
O1):-0.708	O2):35.22	
O1):-0.782	O2):45.321	
O1):-0.731	O2):39.094	
O1):-0.785	O2):45.258	
O1):-0.798	O2):48.716	
O1):-0.741	O2):39.07	
O1):-0.769	O2):42.142	
O1):-0.722	O2):35.846	
O1):-0.795	O2):46.225	
O1):-0.805	O2):49.995	
O1):-0.792	O2):49.268	
O1):-0.803	O2):46.096	
O1):-0.713	O2):34.885	
O1):-0.793	O2):43.127	
O1):-0.794	O2):44.007	
O1):-0.785	O2):45.258	
O1):-0.754	O2):39.751	
O1):-0.734	O2):37.692	
O1):-0.724	O2):40.012	
O1):-0.79	O2):45.585	
O1):-0.805	O2):46.368	
O1):-0.792	O2):45.797	
O1):-0.831	O2):50.528	
O1):-0.727	O2):37.759	
O1):-0.718	O2):35.395	
O1):-0.744	O2):38.785	
O1):-0.705	O2):36.119	
O1):-0.731	O2):36.873	
O1):-0.758	O2):38.798	
O1):-0.689	O2):33.926	
O1):-0.782	O2):45.43	
O1):-0.733	O2):37.709	
O1):-0.789	O2):46.991	
O1):-0.745	O2):39.128	
O1):-0.652	O2):30.084	
O1):-0.793	O2):43.128	
O1):-0.782	O2):45.321	
O1):-0.741	O2):35.928	
O1):-0.768	O2):43.17	
O1):-0.775	O2):44.153	
O1):-0.716	O2):34.801	
O1):-0.756	O2):45.253	
O1):-0.773	O2):40.415	
O1):-0.73	O2):38.787	
O1):-0.72	O2):35.409	
O1):-0.79	O2):45.581	
O1):-0.803	O2):46.005	
O1):-0.703	O2):34.601	
O1):-0.79	O2):43.576	
O1):-0.687	O2):33.914	
O1):-0.738	O2):38.651	
O1):-0.753	O2):38.334	
O1):-0.779	O2):41.305	
O1):-0.702	O2):34.418	
O1):-0.766	O2):39.625	
O1):-0.747	O2):39.517	
O1):-0.725	O2):35.269	
O1):-0.765	O2):39.074	
O1):-0.817	O2):53.443	
O1):-0.78	O2):43.143	
O1):-0.793	O2):45.936	
O1):-0.814	O2):50.295	
O1):-0.725	O2):38.446	
O1):-0.781	O2):45.127	
O1):-0.76	O2):40.963	
O1):-0.775	O2):40.959	
O1):-0.716	O2):38.807	
O1):-0.703	O2):33.979	
O1):-0.757	O2):38.501	
O1):-0.702	O2):33.942	
O1):-0.765	O2):44.266	
O1):-0.754	O2):40.946	
O1):-0.734	O2):37.936	
O1):-0.713	O2):34.481	
O1):-0.804	O2):48.969	
O1):-0.752	O2):39.155	
O1):-0.778	O2):41.072	
O1):-0.75	O2):38.786	
O1):-0.693	O2):33.578	
O1):-0.792	O2):40.624	
O1):-0.784	O2):40.743	
O1):-0.637	O2):29.421	
O1):-0.737	O2):44.268	
O1):-0.754	O2):39.75	
O1):-0.782	O2):45.001	
O1):-0.735	O2):35.03	
O1):-0.74	O2):38.287	
O1):-0.731	O2):37.947	
O1):-0.76	O2):39.897	
O1):-0.694	O2):33.865	
O1):-0.76	O2):42.02	
O1):-0.779	O2):45.445	
O1):-0.705	O2):36.085	
O1):-0.763	O2):40.439	
O1):-0.707	O2):38.516	
O1):-0.703	O2):39.129	
O1):-0.731	O2):38.168	
O1):-0.721	O2):35.237	
O1):-0.713	O2):38.379	
O1):-0.754	O2):39.77	
O1):-0.793	O2):45.614	
O1):-0.783	O2):45.572	
O1):-0.694	O2):34.438	
O1):-0.712	O2):35.38	
O1):-0.717	O2):35.79	
O1):-0.738	O2):40.709	
O1):-0.76	O2):39.505	
O1):-0.721	O2):35.95	
O1):-0.758	O2):40.341	
O1):-0.786	O2):41.108	
O1):-0.704	O2):34.045	
O1):-0.772	O2):40.248	
O1):-0.696	O2):34.205	
O1):-0.671	O2):31.434	
O1):-0.744	O2):38.633	
O1):-0.785	O2):45.669	
O1):-0.72	O2):37.995	
O1):-0.774	O2):40.468	
O1):-0.812	O2):49.945	
O1):-0.705	O2):34.375	
O1):-0.749	O2):39.142	
O1):-0.776	O2):44.404	
O1):-0.758	O2):39.903	
O1):-0.793	O2):45.614	
O1):-0.783	O2):44.465	
O1):-0.774	O2):44.02	
O1):-0.774	O2):39.202	
O1):-0.809	O2):50.096	
O1):-0.741	O2):38.506	
O1):-0.746	O2):36.374	
O1):-0.735	O2):38.742	
O1):-0.753	O2):38.334	
O1):-0.746	O2):40.369	
O1):-0.803	O2):45.025	
O1):-0.725	O2):39.759	
O1):-0.703	O2):33.984	
O1):-0.805	O2):49.995	
O1):-0.701	O2):34.403	
O1):-0.784	O2):45.165	
O1):-0.76	O2):39.52	
O1):-0.71	O2):34.373	
O1):-0.742	O2):38.577	
O1):-0.804	O2):45.862	
O1):-0.705	O2):35.347	
O1):-0.738	O2):44.236	
O1):-0.716	O2):36.423	
O1):-0.745	O2):39.037	
O1):-0.743	O2):39.512	
O1):-0.759	O2):40.376	
O1):-0.76	O2):39.365	
O1):-0.751	O2):39.06	
O1):-0.774	O2):44.02	
O1):-0.804	O2):45.863	
O1):-0.761	O2):45.365	
O1):-0.789	O2):47.748	
O1):-0.74	O2):39.761	
O1):-0.785	O2):45.223	
O1):-0.735	O2):40.168	
O1):-0.741	O2):38.506	
O1):-0.713	O2):38.379	
O1):-0.728	O2):36.424	
O1):-0.757	O2):40.188	
O1):-0.766	O2):41.585	
O1):-0.697	O2):35.119	
O1):-0.797	O2):46.424	
O1):-0.705	O2):34.996	
O1):-0.812	O2):49.988	
O1):-0.714	O2):34.477	
O1):-0.785	O2):44.75	
O1):-0.685	O2):33.661	
O1):-0.711	O2):35.012	
O1):-0.729	O2):38.999	
O1):-0.774	O2):39.681	
Evaluations:	300
O1):-0.717	O2):35.534	
O1):-0.799	O2):48.262	
O1):-0.747	O2):39.417	
O1):-0.712	O2):34.554	
O1):-0.729	O2):36.349	
O1):-0.789	O2):45.505	
O1):-0.652	O2):30.08	
O1):-0.721	O2):38.805	
O1):-0.705	O2):35.134	
O1):-0.712	O2):35.166	
O1):-0.793	O2):49.567	
O1):-0.724	O2):36.195	
O1):-0.742	O2):40.093	
O1):-0.722	O2):35.351	
O1):-0.729	O2):34.528	
O1):-0.718	O2):34.76	
O1):-0.732	O2):39.414	
O1):-0.704	O2):34.045	
O1):-0.755	O2):40.353	
O1):-0.828	O2):59.43	
O1):-0.729	O2):40.678	
O1):-0.772	O2):44.765	
O1):-0.73	O2):35.775	
O1):-0.757	O2):48.117	
O1):-0.754	O2):38.564	
O1):-0.782	O2):45.385	
O1):-0.805	O2):46.578	
O1):-0.805	O2):46.578	
O1):-0.698	O2):33.891	
O1):-0.772	O2):40.834	
O1):-0.82	O2):54.909	
O1):-0.718	O2):37.074	
O1):-0.812	O2):51.18	
O1):-0.738	O2):39.711	
O1):-0.762	O2):40.92	
O1):-0.746	O2):38.677	
O1):-0.81	O2):50.11	
O1):-0.761	O2):43.825	
O1):-0.81	O2):46.986	
O1):-0.799	O2):45.621	
O1):-0.753	O2):39.586	
O1):-0.763	O2):40.884	
O1):-0.749	O2):40.712	
O1):-0.772	O2):39.912	
O1):-0.735	O2):39.362	
O1):-0.753	O2):39.42	
O1):-0.793	O2):44.067	
O1):-0.753	O2):39.42	
O1):-0.753	O2):38.334	
O1):-0.765	O2):41.017	
O1):-0.701	O2):35.297	
O1):-0.782	O2):43.971	
O1):-0.802	O2):49.69	
O1):-0.746	O2):38.86	
O1):-0.779	O2):42.194	
O1):-0.774	O2):43.407	
O1):-0.72	O2):35.409	
O1):-0.798	O2):44.335	
O1):-0.797	O2):50.573	
O1):-0.718	O2):37.336	
O1):-0.799	O2):45.006	
O1):-0.753	O2):38.334	
O1):-0.766	O2):41.986	
O1):-0.76	O2):39.505	
O1):-0.727	O2):34.911	
O1):-0.725	O2):37.557	
O1):-0.818	O2):53.837	
O1):-0.766	O2):43.357	
O1):-0.689	O2):34.292	
O1):-0.698	O2):34.068	
O1):-0.803	O2):46.096	
O1):-0.798	O2):48.022	
O1):-0.803	O2):45.025	
O1):-0.713	O2):38.379	
O1):-0.814	O2):50.77	
O1):-0.705	O2):34.136	
O1):-0.785	O2):45.669	
O1):-0.725	O2):39.821	
O1):-0.829	O2):54.883	
O1):-0.768	O2):44.061	
O1):-0.775	O2):44.625	
O1):-0.797	O2):44.682	
O1):-0.727	O2):35.965	
O1):-0.703	O2):36.007	
O1):-0.825	O2):50.086	
O1):-0.776	O2):40.416	
O1):-0.798	O2):50.543	
O1):-0.727	O2):35.965	
O1):-0.776	O2):40.739	
O1):-0.717	O2):35.393	
O1):-0.762	O2):38.699	
O1):-0.796	O2):44.307	
O1):-0.681	O2):34.192	
O1):-0.745	O2):38.322	
O1):-0.76	O2):39.158	
O1):-0.801	O2):45.2	
O1):-0.791	O2):45.883	
O1):-0.683	O2):34.141	
O1):-0.761	O2):43.021	
O1):-0.76	O2):39.365	
O1):-0.751	O2):39.202	
O1):-0.753	O2):39.489	
O1):-0.728	O2):36.424	
O1):-0.76	O2):39.047	
O1):-0.81	O2):46.514	
O1):-0.778	O2):45.225	
O1):-0.698	O2):33.891	
O1):-0.734	O2):35.381	
O1):-0.76	O2):39.505	
O1):-0.727	O2):38.465	
O1):-0.711	O2):34.141	
O1):-0.73	O2):35.775	
O1):-0.699	O2):39.599	
O1):-0.775	O2):43.611	
O1):-0.748	O2):39.929	
O1):-0.746	O2):38.86	
O1):-0.779	O2):41.453	
O1):-0.74	O2):39.691	
O1):-0.702	O2):34.908	
O1):-0.721	O2):35.95	
O1):-0.704	O2):37.267	
O1):-0.807	O2):49.49	
O1):-0.787	O2):54.617	
O1):-0.702	O2):34.628	
O1):-0.711	O2):34.141	
O1):-0.829	O2):55.686	
O1):-0.753	O2):38.397	
O1):-0.759	O2):42.754	
O1):-0.771	O2):39.149	
O1):-0.821	O2):51.508	
O1):-0.747	O2):39.136	
O1):-0.826	O2):56.115	
O1):-0.719	O2):35.751	
O1):-0.746	O2):38.677	
O1):-0.805	O2):46.578	
O1):-0.734	O2):38.743	
O1):-0.821	O2):49.892	
O1):-0.814	O2):48.971	
O1):-0.746	O2):38.86	
O1):-0.787	O2):44.936	
O1):-0.741	O2):38.354	
O1):-0.72	O2):37.995	
O1):-0.79	O2):48.102	
O1):-0.708	O2):35.203	
O1):-0.732	O2):38.474	
O1):-0.739	O2):39.013	
O1):-0.713	O2):38.379	
O1):-0.733	O2):38.412	
O1):-0.727	O2):38.465	
O1):-0.754	O2):39.757	
O1):-0.775	O2):44.625	
O1):-0.777	O2):44.07	
O1):-0.752	O2):39.582	
O1):-0.799	O2):48.262	
O1):-0.78	O2):43.408	
O1):-0.751	O2):39.202	
O1):-0.812	O2):51.324	
O1):-0.729	O2):38.663	
O1):-0.72	O2):35.409	
O1):-0.78	O2):45.788	
O1):-0.803	O2):45.15	
O1):-0.759	O2):40.033	
O1):-0.768	O2):39.423	
O1):-0.788	O2):49.869	
O1):-0.708	O2):37.742	
O1):-0.702	O2):33.942	
O1):-0.801	O2):49.595	
O1):-0.744	O2):35.767	
O1):-0.756	O2):39.425	
O1):-0.803	O2):49.398	
O1):-0.782	O2):45.093	
O1):-0.728	O2):38.817	
O1):-0.843	O2):55.215	
O1):-0.697	O2):33.884	
O1):-0.732	O2):35.371	
O1):-0.764	O2):40.511	
O1):-0.718	O2):39.126	
O1):-0.772	O2):44.765	
O1):-0.736	O2):40.272	
O1):-0.814	O2):50.758	
O1):-0.715	O2):38.503	
O1):-0.783	O2):43.614	
O1):-0.801	O2):45.781	
O1):-0.755	O2):39.993	
O1):-0.704	O2):34.045	
O1):-0.727	O2):38.465	
O1):-0.774	O2):43.407	
O1):-0.729	O2):38.663	
O1):-0.797	O2):44.682	
O1):-0.836	O2):50.687	
O1):-0.761	O2):40.222	
O1):-0.711	O2):34.893	
O1):-0.716	O2):34.801	
O1):-0.757	O2):40.937	
O1):-0.761	O2):38.556	
O1):-0.774	O2):40.589	
O1):-0.694	O2):34.088	
O1):-0.73	O2):37.732	
O1):-0.778	O2):41.209	
O1):-0.797	O2):45.424	
O1):-0.742	O2):39.53	
O1):-0.716	O2):34.687	
O1):-0.714	O2):34.526	
O1):-0.738	O2):38.846	
O1):-0.796	O2):46.534	
O1):-0.75	O2):38.683	
O1):-0.851	O2):56.769	
O1):-0.745	O2):40.789	
O1):-0.748	O2):39.75	
O1):-0.769	O2):40.928	
O1):-0.817	O2):49.881	
O1):-0.799	O2):48.262	
O1):-0.725	O2):39.766	
O1):-0.813	O2):51.558	
O1):-0.803	O2):49.398	
O1):-0.734	O2):37.955	
O1):-0.761	O2):43.1	
O1):-0.76	O2):39.505	
O1):-0.711	O2):35.245	
O1):-0.773	O2):41.717	
O1):-0.752	O2):40.918	
O1):-0.757	O2):38.836	
O1):-0.776	O2):40.416	
O1):-0.727	O2):38.465	
O1):-0.697	O2):34.667	
O1):-0.766	O2):43.422	
O1):-0.731	O2):35.817	
O1):-0.754	O2):39.75	
O1):-0.727	O2):35.337	
O1):-0.803	O2):49.62	
O1):-0.725	O2):35.205	
O1):-0.76	O2):39.365	
O1):-0.698	O2):35.02	
O1):-0.698	O2):34.057	
O1):-0.811	O2):51.009	
O1):-0.774	O2):39.202	
O1):-0.776	O2):43.664	
O1):-0.777	O2):44.965	
O1):-0.818	O2):49.998	
O1):-0.726	O2):36.051	
O1):-0.716	O2):34.498	
O1):-0.728	O2):38.817	
O1):-0.756	O2):39.027	
O1):-0.747	O2):39.6	
O1):-0.709	O2):33.902	
O1):-0.759	O2):39.739	
O1):-0.774	O2):39.155	
O1):-0.686	O2):33.839	
O1):-0.73	O2):35.775	
O1):-0.756	O2):39.027	
O1):-0.768	O2):39.423	
O1):-0.77	O2):42.73	
O1):-0.793	O2):46.065	
O1):-0.751	O2):39.831	
O1):-0.779	O2):41.453	
O1):-0.799	O2):47.113	
O1):-0.73	O2):35.717	
O1):-0.77	O2):41.665	
O1):-0.698	O2):33.958	
O1):-0.718	O2):37.336	
O1):-0.773	O2):45.373	
O1):-0.776	O2):44.407	
O1):-0.796	O2):44.957	
O1):-0.752	O2):39.367	
O1):-0.746	O2):39.34	
O1):-0.782	O2):43.055	
O1):-0.795	O2):45.428	
O1):-0.78	O2):45.851	
O1):-0.716	O2):39.602	
O1):-0.738	O2):37.98	
O1):-0.776	O2):40.739	
O1):-0.689	O2):36.204	
O1):-0.788	O2):44.954	
O1):-0.793	O2):45.947	
O1):-0.749	O2):38.668	
O1):-0.76	O2):39.505	
O1):-0.723	O2):38.4	
O1):-0.789	O2):43.182	
O1):-0.775	O2):43.523	
O1):-0.732	O2):38.628	
O1):-0.707	O2):34.54	
O1):-0.745	O2):39.667	
O1):-0.746	O2):38.86	
O1):-0.801	O2):45.2	
O1):-0.768	O2):39.423	
O1):-0.734	O2):36.152	
O1):-0.752	O2):38.896	
O1):-0.754	O2):39.652	
O1):-0.775	O2):44.231	
O1):-0.79	O2):47.885	
O1):-0.789	O2):47.748	
O1):-0.816	O2):53.822	
O1):-0.748	O2):39.687	
O1):-0.76	O2):39.047	
O1):-0.782	O2):45.697	
O1):-0.782	O2):43.231	
O1):-0.759	O2):40.376	
O1):-0.738	O2):38.41	
O1):-0.81	O2):45.631	
O1):-0.803	O2):48.212	
O1):-0.768	O2):39.423	
O1):-0.69	O2):34.23	
O1):-0.76	O2):41.032	
O1):-0.803	O2):49.398	
O1):-0.767	O2):41.644	
O1):-0.721	O2):35.09	
O1):-0.753	O2):38.334	
Evaluations:	300
O1):-0.808	O2):50.039	
O1):-0.783	O2):41.518	
O1):-0.794	O2):41.212	
O1):-0.709	O2):37.966	
O1):-0.704	O2):33.906	
O1):-0.792	O2):44.675	
O1):-0.718	O2):35.395	
O1):-0.739	O2):39.066	
O1):-0.775	O2):44.231	
O1):-0.731	O2):35.817	
O1):-0.79	O2):48.102	
O1):-0.765	O2):43.072	
O1):-0.769	O2):40.372	
O1):-0.744	O2):35.767	
O1):-0.76	O2):39.365	
O1):-0.741	O2):40.584	
O1):-0.777	O2):43.808	
O1):-0.731	O2):38.932	
O1):-0.711	O2):33.502	
O1):-0.764	O2):43.847	
O1):-0.775	O2):46.916	
O1):-0.769	O2):44.927	
O1):-0.776	O2):40.416	
O1):-0.7	O2):33.718	
O1):-0.751	O2):39.202	
O1):-0.781	O2):48.209	
O1):-0.77	O2):39.474	
O1):-0.844	O2):51.612	
O1):-0.716	O2):34.687	
O1):-0.727	O2):38.465	
O1):-0.718	O2):34.76	
O1):-0.718	O2):35.395	
O1):-0.805	O2):46.577	
O1):-0.686	O2):34.801	
O1):-0.825	O2):50.086	
O1):-0.772	O2):40.949	
O1):-0.688	O2):34.248	
O1):-0.745	O2):37.846	
O1):-0.714	O2):34.477	
O1):-0.766	O2):44.973	
O1):-0.768	O2):45.426	
O1):-0.762	O2):39.808	
O1):-0.689	O2):33.926	
O1):-0.749	O2):39.142	
O1):-0.738	O2):37.635	
O1):-0.698	O2):34.057	
O1):-0.691	O2):33.569	
O1):-0.819	O2):54.544	
O1):-0.737	O2):38.744	
O1):-0.708	O2):33.761	
O1):-0.707	O2):34.591	
O1):-0.731	O2):39.768	
O1):-0.76	O2):42.883	
Evaluations:	300
O1):-0.765	O2):40.509	
O1):-0.813	O2):56.241	
O1):-0.776	O2):44.404	
O1):-0.734	O2):37.797	
O1):-0.762	O2):39.58	
O1):-0.81	O2):46.514	
O1):-0.753	O2):39.489	
O1):-0.762	O2):38.7	
O1):-0.803	O2):50.186	
O1):-0.754	O2):42.597	
O1):-0.808	O2):49.483	
O1):-0.741	O2):40.106	
O1):-0.753	O2):39.151	
O1):-0.715	O2):34.536	
O1):-0.772	O2):40.949	
O1):-0.775	O2):43.523	
O1):-0.754	O2):39.652	
O1):-0.802	O2):45.779	
O1):-0.786	O2):45.555	
O1):-0.811	O2):53.056	
O1):-0.772	O2):45.733	
O1):-0.783	O2):45.572	
O1):-0.789	O2):44.604	
O1):-0.805	O2):45.62	
O1):-0.782	O2):45.385	
O1):-0.716	O2):34.801	
O1):-0.716	O2):34.801	
O1):-0.818	O2):50.08	
O1):-0.738	O2):37.713	
O1):-0.724	O2):33.902	
O1):-0.771	O2):39.905	
O1):-0.716	O2):34.687	
O1):-0.741	O2):38.506	
O1):-0.783	O2):43.543	
O1):-0.775	O2):44.625	
O1):-0.781	O2):40.832	
O1):-0.812	O2):51.324	
O1):-0.807	O2):53.814	
O1):-0.716	O2):38.196	
O1):-0.794	O2):45.952	
O1):-0.75	O2):38.677	
O1):-0.688	O2):34.157	
O1):-0.768	O2):39.423	
O1):-0.741	O2):38.3	
O1):-0.803	O2):45.025	
O1):-0.769	O2):40.372	
O1):-0.761	O2):40.862	
O1):-0.728	O2):39.731	
O1):-0.745	O2):40.273	
O1):-0.804	O2):45.28	
O1):-0.777	O2):40.661	
O1):-0.734	O2):38.354	
O1):-0.731	O2):36.591	
O1):-0.702	O2):33.941	
O1):-0.812	O2):51.324	
O1):-0.744	O2):38.619	
O1):-0.821	O2):51.508	
O1):-0.683	O2):34.141	
O1):-0.759	O2):38.691	
O1):-0.762	O2):38.479	
O1):-0.726	O2):37.949	
O1):-0.793	O2):43.127	
O1):-0.726	O2):37.949	
O1):-0.643	O2):29.774	
O1):-0.782	O2):40.356	
O1):-0.76	O2):39.858	
O1):-0.773	O2):39.442	
O1):-0.8	O2):44.098	
O1):-0.769	O2):40.928	
O1):-0.746	O2):38.867	
O1):-0.711	O2):34.141	
O1):-0.809	O2):46.458	
O1):-0.753	O2):39.586	
O1):-0.781	O2):45.127	
O1):-0.717	O2):35.391	
O1):-0.773	O2):43.405	
O1):-0.72	O2):35.409	
O1):-0.781	O2):44.791	
O1):-0.774	O2):39.681	
O1):-0.762	O2):44.291	
O1):-0.761	O2):40.009	
O1):-0.726	O2):40.083	
O1):-0.756	O2):39.224	
O1):-0.76	O2):44.23	
Evaluations:	300
O1):-0.751	O2):41.196	
O1):-0.69	O2):34.093	
O1):-0.714	O2):35.209	
O1):-0.789	O2):45.257	
O1):-0.762	O2):39.259	
O1):-0.774	O2):43.864	
O1):-0.804	O2):45.862	
O1):-0.705	O2):35.137	
O1):-0.745	O2):35.09	
O1):-0.752	O2):39.582	
O1):-0.753	O2):38.333	
O1):-0.838	O2):55.017	
O1):-0.687	O2):33.914	
O1):-0.727	O2):35.011	
O1):-0.76	O2):39.858	
O1):-0.767	O2):45.188	
O1):-0.766	O2):42.862	
O1):-0.728	O2):35.747	
O1):-0.72	O2):35.409	
O1):-0.78	O2):43.057	
O1):-0.816	O2):45.355	
O1):-0.777	O2):40.724	
O1):-0.672	O2):31.703	
O1):-0.754	O2):39.75	
O1):-0.79	O2):43.576	
O1):-0.794	O2):45.833	
O1):-0.731	O2):38.932	
O1):-0.76	O2):39.505	
O1):-0.73	O2):35.775	
O1):-0.729	O2):36.349	
O1):-0.713	O2):36.295	
O1):-0.76	O2):39.029	
O1):-0.735	O2):35.03	
O1):-0.781	O2):45.405	
O1):-0.778	O2):40.743	
O1):-0.818	O2):53.837	
O1):-0.785	O2):45.36	
O1):-0.76	O2):39.858	
O1):-0.752	O2):39.466	
O1):-0.751	O2):39.202	
O1):-0.782	O2):45.584	
O1):-0.764	O2):43.847	
O1):-0.76	O2):39.505	
O1):-0.782	O2):41.499	
O1):-0.76	O2):39.505	
O1):-0.749	O2):40.409	
O1):-0.763	O2):40.884	
O1):-0.719	O2):35.404	
O1):-0.703	O2):33.928	
O1):-0.701	O2):34.269	
O1):-0.785	O2):45.361	
O1):-0.724	O2):37.493	
O1):-0.813	O2):49.774	
O1):-0.758	O2):40.341	
O1):-0.766	O2):43.422	
Evaluations:	300
O1):-0.733	O2):39.037	
O1):-0.728	O2):37.895	
O1):-0.768	O2):40.103	
O1):-0.783	O2):44.2	
O1):-0.814	O2):49.894	
O1):-0.76	O2):43.558	
O1):-0.746	O2):37.982	
O1):-0.707	O2):34.591	
O1):-0.742	O2):43.697	
O1):-0.795	O2):44.999	
O1):-0.758	O2):38.811	
O1):-0.807	O2):46.214	
O1):-0.796	O2):45.953	
O1):-0.701	O2):34.403	
O1):-0.77	O2):38.885	
O1):-0.771	O2):41.146	
O1):-0.714	O2):34.163	
O1):-0.73	O2):35.775	
O1):-0.76	O2):39.505	
O1):-0.74	O2):41.107	
O1):-0.746	O2):38.86	
O1):-0.753	O2):38.334	
O1):-0.802	O2):45.779	
O1):-0.789	O2):43.182	
O1):-0.768	O2):43.17	
O1):-0.782	O2):40.79	
O1):-0.671	O2):33.643	
O1):-0.744	O2):38.753	
Evaluations:	300
O1):-0.742	O2):38.506	
O1):-0.752	O2):40.309	
O1):-0.81	O2):50.015	
O1):-0.775	O2):40.422	
O1):-0.802	O2):45.779	
O1):-0.838	O2):55.017	
O1):-0.741	O2):40.106	
O1):-0.693	O2):33.578	
O1):-0.796	O2):46.375	
O1):-0.749	O2):39.142	
O1):-0.801	O2):45.84	
O1):-0.753	O2):38.334	
O1):-0.693	O2):36.068	
O1):-0.791	O2):43.665	
O1):-0.785	O2):41.639	
O1):-0.702	O2):33.942	
O1):-0.753	O2):38.333	
O1):-0.762	O2):39.41	
O1):-0.803	O2):45.025	
O1):-0.749	O2):39.142	
O1):-0.717	O2):35.79	
O1):-0.718	O2):35.395	
O1):-0.697	O2):34.213	
O1):-0.749	O2):44.108	
O1):-0.671	O2):31.434	
O1):-0.797	O2):45.634	
O1):-0.713	O2):34.885	
O1):-0.775	O2):43.611	
O1):-0.774	O2):39.75	
O1):-0.731	O2):38.932	
O1):-0.775	O2):39.793	
O1):-0.718	O2):35.395	
O1):-0.753	O2):38.334	
O1):-0.803	O2):48.212	
O1):-0.771	O2):40.953	
Evaluations:	300
O1):-0.726	O2):39.892	
O1):-0.702	O2):34.53	
O1):-0.79	O2):46.856	
O1):-0.766	O2):40.831	
O1):-0.805	O2):46.577	
O1):-0.728	O2):34.923	
Evaluations:	300
O1):-0.748	O2):40.72	
O1):-0.745	O2):38.08	
O1):-0.665	O2):33.3	
O1):-0.738	O2):38.846	
O1):-0.793	O2):49.567	
O1):-0.76	O2):39.047	
O1):-0.718	O2):35.395	
O1):-0.746	O2):39.198	
O1):-0.762	O2):38.9	
O1):-0.784	O2):44.506	
O1):-0.745	O2):37.991	
O1):-0.847	O2):59.523	
O1):-0.761	O2):43.024	
O1):-0.81	O2):45.631	
O1):-0.783	O2):45.025	
O1):-0.759	O2):39.626	
O1):-0.774	O2):43.407	
O1):-0.784	O2):44.506	
O1):-0.774	O2):43.892	
Evaluations:	300
O1):-0.796	O2):45.235	
O1):-0.796	O2):45.235	
O1):-0.742	O2):38.437	
O1):-0.747	O2):40.772	
O1):-0.756	O2):39.224	
O1):-0.716	O2):34.801	
O1):-0.765	O2):40.509	
O1):-0.766	O2):41.668	
O1):-0.723	O2):35.962	
O1):-0.712	O2):35.38	
O1):-0.789	O2):45.436	
O1):-0.787	O2):45.818	
O1):-0.725	O2):35.205	
O1):-0.813	O2):56.241	
O1):-0.79	O2):44.028	
O1):-0.774	O2):45.143	
O1):-0.714	O2):34.586	
O1):-0.776	O2):40.739	
O1):-0.828	O2):51.838	
O1):-0.734	O2):35.873	
O1):-0.741	O2):38.506	
O1):-0.698	O2):34.292	
O1):-0.717	O2):34.637	
O1):-0.741	O2):38.506	
O1):-0.738	O2):38.406	
O1):-0.775	O2):41.248	
O1):-0.735	O2):41.457	
O1):-0.698	O2):34.292	
O1):-0.76	O2):39.505	
O1):-0.806	O2):49.206	
O1):-0.793	O2):49.567	
O1):-0.754	O2):39.751	
O1):-0.782	O2):44.944	
O1):-0.637	O2):29.421	
O1):-0.713	O2):35.908	
O1):-0.735	O2):39.122	
O1):-0.793	O2):43.128	
O1):-0.694	O2):33.729	
O1):-0.787	O2):48.401	
O1):-0.721	O2):34.209	
O1):-0.713	O2):34.071	
O1):-0.71	O2):35.634	
O1):-0.682	O2):30.988	
O1):-0.752	O2):40.332	
O1):-0.732	O2):37.733	
O1):-0.791	O2):43.665	
O1):-0.774	O2):39.681	
O1):-0.702	O2):33.258	
O1):-0.76	O2):39.18	
O1):-0.761	O2):40.594	
O1):-0.76	O2):39.505	
O1):-0.732	O2):37.088	
O1):-0.759	O2):38.944	
O1):-0.803	O2):49.822	
O1):-0.688	O2):34.157	
O1):-0.828	O2):59.431	
O1):-0.819	O2):54.396	
O1):-0.76	O2):39.505	
O1):-0.761	O2):43.825	
O1):-0.809	O2):49.723	
O1):-0.766	O2):39.624	
O1):-0.75	O2):38.4	
O1):-0.744	O2):40.145	
O1):-0.762	O2):38.487	
O1):-0.818	O2):46.495	
O1):-0.775	O2):43.143	
O1):-0.698	O2):34.722	
O1):-0.797	O2):45.63	
O1):-0.77	O2):39.474	
O1):-0.74	O2):35.811	
O1):-0.796	O2):43.288	
O1):-0.689	O2):34.646	
O1):-0.765	O2):39.536	
O1):-0.732	O2):35.371	
O1):-0.725	O2):35.205	
O1):-0.722	O2):35.381	
O1):-0.814	O2):49.894	
O1):-0.773	O2):39.127	
O1):-0.695	O2):33.153	
O1):-0.763	O2):39.125	
O1):-0.813	O2):56.241	
O1):-0.717	O2):33.945	
O1):-0.8	O2):48.776	
O1):-0.813	O2):50.318	
O1):-0.753	O2):40.769	
O1):-0.777	O2):44.727	
O1):-0.695	O2):34.602	
O1):-0.765	O2):44.549	
O1):-0.801	O2):45.781	
O1):-0.754	O2):39.75	
O1):-0.739	O2):35.869	
O1):-0.795	O2):46.221	
O1):-0.766	O2):40.1	
O1):-0.802	O2):46.542	
O1):-0.735	O2):35.03	
O1):-0.831	O2):51.483	
O1):-0.726	O2):39.319	
O1):-0.804	O2):46.263	
O1):-0.794	O2):44.711	
O1):-0.711	O2):34.141	
O1):-0.763	O2):40.102	
O1):-0.778	O2):41.361	
Evaluations:	300
O1):-0.788	O2):44.516	
O1):-0.748	O2):39.834	
O1):-0.788	O2):44.643	
O1):-0.775	O2):40.355	
O1):-0.736	O2):38.231	
O1):-0.714	O2):34.163	
O1):-0.746	O2):36.375	
O1):-0.735	O2):35.03	
O1):-0.771	O2):39.662	
O1):-0.705	O2):34.136	
O1):-0.765	O2):39.536	
O1):-0.804	O2):45.972	
O1):-0.795	O2):45.259	
O1):-0.806	O2):46.369	
O1):-0.823	O2):53.977	
O1):-0.729	O2):36.349	
O1):-0.677	O2):33.51	
O1):-0.72	O2):35.788	
O1):-0.698	O2):33.958	
O1):-0.779	O2):40.927	
O1):-0.806	O2):45.334	
O1):-0.707	O2):34.591	
O1):-0.814	O2):50.758	
O1):-0.813	O2):49.774	
O1):-0.748	O2):36.269	
O1):-0.726	O2):35.167	
O1):-0.815	O2):53.155	
O1):-0.754	O2):38.563	
O1):-0.704	O2):34.014	
O1):-0.791	O2):45.632	
O1):-0.796	O2):44.323	
O1):-0.792	O2):47.18	
O1):-0.731	O2):35.817	
O1):-0.796	O2):44.322	
O1):-0.768	O2):41.555	
O1):-0.79	O2):45.585	
O1):-0.708	O2):35.203	
O1):-0.734	O2):36.152	
O1):-0.72	O2):35.231	
O1):-0.734	O2):35.871	
O1):-0.752	O2):39.582	
O1):-0.804	O2):48.969	
O1):-0.751	O2):38.555	
O1):-0.775	O2):40.105	
O1):-0.724	O2):34.721	
O1):-0.743	O2):38.781	
O1):-0.76	O2):39.505	
O1):-0.796	O2):44.957	
O1):-0.688	O2):34.157	
O1):-0.786	O2):45.555	
O1):-0.671	O2):33.644	
O1):-0.814	O2):45.587	
O1):-0.77	O2):40.055	
O1):-0.765	O2):45.249	
O1):-0.748	O2):39.292	
O1):-0.752	O2):39.582	
O1):-0.773	O2):45.48	
O1):-0.732	O2):35.37	
O1):-0.769	O2):40.372	
O1):-0.779	O2):41.006	
O1):-0.702	O2):34.574	
O1):-0.759	O2):39.607	
O1):-0.79	O2):46.857	
O1):-0.775	O2):43.778	
O1):-0.672	O2):31.702	
O1):-0.796	O2):43.674	
O1):-0.739	O2):38.999	
O1):-0.733	O2):39.471	
O1):-0.805	O2):49.868	
O1):-0.669	O2):31.739	
O1):-0.704	O2):34.045	
O1):-0.742	O2):38.636	
O1):-0.786	O2):45.983	
O1):-0.724	O2):36.191	
O1):-0.729	O2):34.528	
O1):-0.77	O2):42.733	
O1):-0.706	O2):33.434	
O1):-0.753	O2):39.42	
O1):-0.731	O2):37.573	
O1):-0.671	O2):33.644	
O1):-0.798	O2):45.496	
O1):-0.76	O2):41.156	
O1):-0.758	O2):39.106	
O1):-0.767	O2):39.129	
O1):-0.759	O2):40.511	
O1):-0.754	O2):39.786	
O1):-0.698	O2):33.891	
O1):-0.796	O2):44.313	
O1):-0.746	O2):38.677	
O1):-0.762	O2):41.206	
O1):-0.727	O2):35.965	
O1):-0.735	O2):34.935	
O1):-0.756	O2):39.425	
O1):-0.78	O2):45.788	
O1):-0.838	O2):59.501	
O1):-0.716	O2):34.498	
O1):-0.76	O2):39.505	
Evaluations:	400
O1):-0.733	O2):35.811	
O1):-0.782	O2):44.035	
O1):-0.782	O2):45.533	
O1):-0.773	O2):40.735	
O1):-0.817	O2):53.443	
O1):-0.737	O2):38.594	
O1):-0.752	O2):39.367	
O1):-0.745	O2):38.813	
O1):-0.688	O2):34.157	
O1):-0.753	O2):38.334	
O1):-0.762	O2):40.235	
O1):-0.781	O2):43.108	
O1):-0.798	O2):44.335	
O1):-0.69	O2):34.23	
O1):-0.75	O2):38.781	
O1):-0.771	O2):45.207	
O1):-0.793	O2):43.127	
O1):-0.76	O2):40.311	
O1):-0.745	O2):38.813	
O1):-0.775	O2):43.611	
O1):-0.713	O2):34.481	
O1):-0.704	O2):34.423	
O1):-0.765	O2):40.053	
O1):-0.799	O2):48.262	
O1):-0.734	O2):37.936	
O1):-0.744	O2):38.785	
O1):-0.765	O2):39.536	
O1):-0.779	O2):41.453	
O1):-0.831	O2):51.483	
O1):-0.694	O2):33.864	
O1):-0.708	O2):35.203	
O1):-0.762	O2):38.9	
O1):-0.716	O2):34.498	
O1):-0.817	O2):49.865	
O1):-0.814	O2):49.894	
O1):-0.731	O2):35.817	
O1):-0.738	O2):37.98	
O1):-0.779	O2):44.156	
O1):-0.782	O2):43.816	
O1):-0.789	O2):47.748	
O1):-0.732	O2):35.37	
O1):-0.775	O2):40.422	
O1):-0.704	O2):35.925	
O1):-0.716	O2):34.814	
O1):-0.768	O2):39.415	
O1):-0.783	O2):43.614	
O1):-0.744	O2):38.749	
O1):-0.817	O2):49.865	
O1):-0.727	O2):35.965	
O1):-0.762	O2):40.887	
O1):-0.788	O2):43.406	
O1):-0.704	O2):34.045	
O1):-0.745	O2):38.813	
O1):-0.746	O2):39.198	
O1):-0.762	O2):39.5	
O1):-0.812	O2):46.274	
O1):-0.809	O2):49.712	
O1):-0.707	O2):34.591	
O1):-0.735	O2):35.03	
O1):-0.799	O2):48.266	
O1):-0.759	O2):38.691	
O1):-0.775	O2):39.676	
O1):-0.829	O2):49.889	
O1):-0.813	O2):49.77	
O1):-0.755	O2):39.993	
O1):-0.794	O2):41.212	
O1):-0.803	O2):45.425	
O1):-0.746	O2):38.677	
O1):-0.686	O2):33.839	
O1):-0.689	O2):34.334	
O1):-0.806	O2):48.563	
O1):-0.702	O2):33.942	
O1):-0.709	O2):33.889	
O1):-0.803	O2):45.025	
O1):-0.771	O2):40.661	
O1):-0.778	O2):44.419	
O1):-0.754	O2):38.563	
O1):-0.717	O2):36.399	
O1):-0.743	O2):38.904	
O1):-0.763	O2):40.884	
O1):-0.807	O2):48.219	
O1):-0.763	O2):39.868	
O1):-0.77	O2):40.425	
O1):-0.673	O2):33.769	
O1):-0.767	O2):39.132	
O1):-0.838	O2):51.329	
O1):-0.701	O2):34.403	
O1):-0.731	O2):36.873	
O1):-0.693	O2):34.019	
O1):-0.788	O2):46.112	
O1):-0.753	O2):38.334	
O1):-0.706	O2):33.748	
O1):-0.766	O2):40.1	
O1):-0.761	O2):44.11	
O1):-0.707	O2):34.591	
O1):-0.756	O2):39.022	
O1):-0.702	O2):34.417	
O1):-0.773	O2):40.411	
O1):-0.806	O2):45.893	
O1):-0.774	O2):43.407	
O1):-0.818	O2):53.837	
O1):-0.762	O2):40.402	
O1):-0.753	O2):44.766	
O1):-0.746	O2):38.861	
O1):-0.776	O2):40.416	
O1):-0.707	O2):34.591	
O1):-0.724	O2):36.191	
O1):-0.742	O2):38.664	
O1):-0.803	O2):45.027	
O1):-0.741	O2):35.928	
O1):-0.701	O2):34.403	
O1):-0.746	O2):38.677	
O1):-0.768	O2):39.381	
O1):-0.813	O2):48.611	
O1):-0.719	O2):35.404	
O1):-0.796	O2):44.322	
O1):-0.716	O2):34.801	
O1):-0.828	O2):49.835	
O1):-0.763	O2):39.929	
O1):-0.737	O2):40.083	
O1):-0.688	O2):34.157	
O1):-0.78	O2):43.143	
O1):-0.754	O2):39.746	
O1):-0.813	O2):49.771	
O1):-0.72	O2):34.901	
O1):-0.788	O2):43.099	
O1):-0.758	O2):40.144	
O1):-0.803	O2):49.62	
O1):-0.735	O2):39.518	
O1):-0.762	O2):39.41	
O1):-0.804	O2):45.637	
O1):-0.761	O2):39.088	
O1):-0.813	O2):50.317	
O1):-0.779	O2):40.927	
O1):-0.756	O2):39.425	
O1):-0.788	O2):43.099	
O1):-0.768	O2):39.423	
O1):-0.814	O2):48.971	
O1):-0.744	O2):35.759	
O1):-0.761	O2):39.088	
O1):-0.711	O2):34.141	
O1):-0.79	O2):45.585	
O1):-0.708	O2):34.144	
O1):-0.803	O2):45.425	
O1):-0.748	O2):39.83	
O1):-0.725	O2):35.269	
O1):-0.721	O2):35.666	
O1):-0.743	O2):38.497	
O1):-0.746	O2):38.677	
O1):-0.752	O2):39.367	
O1):-0.845	O2):51.685	
O1):-0.723	O2):40.392	
O1):-0.79	O2):45.58	
O1):-0.779	O2):40.896	
O1):-0.707	O2):34.591	
O1):-0.732	O2):35.37	
O1):-0.763	O2):40.884	
O1):-0.795	O2):45.305	
O1):-0.788	O2):45.06	
O1):-0.779	O2):40.526	
O1):-0.783	O2):45.055	
O1):-0.731	O2):35.442	
O1):-0.735	O2):38.477	
O1):-0.784	O2):45.165	
O1):-0.819	O2):50.211	
O1):-0.76	O2):39.326	
O1):-0.782	O2):40.79	
O1):-0.72	O2):35.808	
O1):-0.771	O2):41.055	
O1):-0.637	O2):29.409	
O1):-0.785	O2):45.223	
O1):-0.75	O2):38.677	
O1):-0.809	O2):49.957	
O1):-0.728	O2):35.409	
O1):-0.79	O2):43.439	
O1):-0.821	O2):46.839	
O1):-0.825	O2):50.086	
O1):-0.78	O2):45.317	
O1):-0.749	O2):38.256	
O1):-0.777	O2):43.318	
O1):-0.771	O2):39.149	
O1):-0.742	O2):39.216	
O1):-0.708	O2):34.706	
O1):-0.813	O2):49.774	
O1):-0.831	O2):51.483	
O1):-0.721	O2):35.524	
O1):-0.768	O2):39.416	
O1):-0.751	O2):39.056	
O1):-0.788	O2):44.514	
O1):-0.722	O2):35.152	
O1):-0.782	O2):40.79	
O1):-0.79	O2):45.148	
O1):-0.706	O2):34.789	
O1):-0.728	O2):34.923	
O1):-0.748	O2):38.376	
O1):-0.772	O2):40.248	
O1):-0.727	O2):38.465	
O1):-0.714	O2):34.163	
O1):-0.708	O2):35.108	
O1):-0.78	O2):45.098	
O1):-0.771	O2):40.953	
O1):-0.76	O2):39.199	
O1):-0.81	O2):49.417	
O1):-0.747	O2):36.372	
O1):-0.752	O2):39.367	
O1):-0.689	O2):33.926	
O1):-0.797	O2):44.634	
O1):-0.715	O2):34.759	
O1):-0.693	O2):34.019	
O1):-0.652	O2):29.987	
O1):-0.819	O2):54.396	
O1):-0.825	O2):50.086	
O1):-0.76	O2):40.34	
O1):-0.726	O2):38.755	
O1):-0.838	O2):55.017	
O1):-0.783	O2):44.156	
O1):-0.8	O2):44.053	
O1):-0.72	O2):35.213	
O1):-0.707	O2):34.591	
O1):-0.795	O2):44.999	
O1):-0.735	O2):35.03	
O1):-0.744	O2):38.785	
O1):-0.699	O2):34.134	
O1):-0.759	O2):40.376	
O1):-0.753	O2):38.721	
O1):-0.752	O2):39.367	
O1):-0.774	O2):43.809	
O1):-0.785	O2):41.639	
O1):-0.753	O2):38.334	
O1):-0.742	O2):36.222	
O1):-0.828	O2):59.43	
O1):-0.769	O2):39.447	
O1):-0.775	O2):40.355	
O1):-0.78	O2):44.986	
O1):-0.793	O2):43.127	
O1):-0.725	O2):39.401	
O1):-0.775	O2):44.386	
O1):-0.775	O2):40.919	
O1):-0.768	O2):39.423	
O1):-0.746	O2):39.094	
O1):-0.702	O2):33.942	
O1):-0.793	O2):43.127	
O1):-0.756	O2):39.997	
O1):-0.798	O2):48.393	
O1):-0.717	O2):35.79	
O1):-0.677	O2):33.51	
O1):-0.778	O2):44.197	
O1):-0.791	O2):45.185	
O1):-0.789	O2):44.944	
O1):-0.744	O2):38.83	
O1):-0.782	O2):49.778	
O1):-0.714	O2):34.564	
O1):-0.713	O2):34.885	
O1):-0.714	O2):35.235	
O1):-0.718	O2):35.423	
O1):-0.733	O2):35.811	
O1):-0.803	O2):49.398	
O1):-0.741	O2):36.146	
O1):-0.778	O2):41.209	
O1):-0.791	O2):44.912	
O1):-0.749	O2):39.234	
O1):-0.769	O2):43.862	
O1):-0.777	O2):43.318	
O1):-0.831	O2):59.036	
O1):-0.802	O2):45.779	
O1):-0.765	O2):39.536	
O1):-0.709	O2):35.129	
O1):-0.751	O2):39.232	
O1):-0.793	O2):49.567	
O1):-0.728	O2):35.747	
O1):-0.821	O2):51.508	
O1):-0.751	O2):39.202	
O1):-0.758	O2):40.341	
O1):-0.754	O2):38.564	
O1):-0.8	O2):49.361	
O1):-0.805	O2):46.116	
O1):-0.79	O2):45.581	
O1):-0.761	O2):40.009	
O1):-0.73	O2):36.545	
O1):-0.7	O2):33.974	
O1):-0.825	O2):50.086	
O1):-0.799	O2):45.006	
O1):-0.753	O2):38.397	
O1):-0.767	O2):40.222	
O1):-0.751	O2):39.202	
O1):-0.733	O2):37.709	
O1):-0.744	O2):36.695	
O1):-0.786	O2):43.054	
O1):-0.787	O2):54.616	
O1):-0.753	O2):39.037	
O1):-0.762	O2):39.259	
O1):-0.652	O2):30.08	
O1):-0.768	O2):40.161	
O1):-0.725	O2):35.205	
O1):-0.778	O2):41.209	
O1):-0.698	O2):33.891	
O1):-0.749	O2):39.142	
O1):-0.748	O2):38.441	
O1):-0.736	O2):35.215	
O1):-0.803	O2):49.398	
O1):-0.719	O2):35.273	
O1):-0.741	O2):38.36	
O1):-0.783	O2):43.614	
O1):-0.781	O2):44.999	
O1):-0.747	O2):39.235	
O1):-0.753	O2):38.334	
O1):-0.793	O2):41.072	
O1):-0.798	O2):45.496	
O1):-0.796	O2):44.322	
O1):-0.752	O2):39.367	
O1):-0.736	O2):40.618	
O1):-0.769	O2):38.844	
O1):-0.78	O2):43.057	
O1):-0.751	O2):39.831	
O1):-0.743	O2):36.935	
O1):-0.784	O2):40.743	
O1):-0.745	O2):37.846	
O1):-0.747	O2):39.596	
O1):-0.716	O2):34.801	
O1):-0.734	O2):37.692	
O1):-0.716	O2):34.801	
O1):-0.814	O2):50.758	
O1):-0.745	O2):38.694	
O1):-0.758	O2):39.196	
O1):-0.767	O2):45.215	
O1):-0.729	O2):34.679	
O1):-0.781	O2):41.789	
O1):-0.767	O2):40.302	
O1):-0.725	O2):39.483	
O1):-0.732	O2):35.37	
O1):-0.734	O2):35.873	
O1):-0.794	O2):44.007	
O1):-0.717	O2):34.729	
O1):-0.72	O2):36.067	
O1):-0.706	O2):34.773	
O1):-0.765	O2):39.074	
O1):-0.709	O2):33.901	
O1):-0.709	O2):34.418	
O1):-0.759	O2):45.066	
O1):-0.706	O2):34.789	
O1):-0.745	O2):38.813	
O1):-0.793	O2):44.067	
O1):-0.792	O2):40.553	
O1):-0.77	O2):44.064	
O1):-0.708	O2):34.596	
O1):-0.735	O2):38.477	
O1):-0.801	O2):45.205	
O1):-0.717	O2):35.986	
O1):-0.709	O2):33.902	
O1):-0.753	O2):38.975	
O1):-0.793	O2):44.067	
O1):-0.753	O2):38.334	
O1):-0.706	O2):34.791	
O1):-0.727	O2):35.965	
O1):-0.81	O2):49.541	
O1):-0.776	O2):40.739	
O1):-0.774	O2):50.933	
O1):-0.753	O2):39.151	
O1):-0.779	O2):41.061	
O1):-0.78	O2):43.057	
O1):-0.713	O2):34.481	
O1):-0.784	O2):44.6	
O1):-0.774	O2):40.589	
O1):-0.809	O2):45.812	
O1):-0.745	O2):39.081	
O1):-0.746	O2):39.198	
O1):-0.708	O2):35.18	
O1):-0.807	O2):49.49	
O1):-0.69	O2):34.183	
O1):-0.752	O2):41.143	
O1):-0.79	O2):48.589	
O1):-0.773	O2):40.919	
O1):-0.781	O2):43.07	
O1):-0.798	O2):48.022	
O1):-0.752	O2):40.346	
O1):-0.778	O2):41.0	
O1):-0.753	O2):39.409	
O1):-0.803	O2):49.62	
O1):-0.786	O2):41.107	
O1):-0.739	O2):39.038	
O1):-0.711	O2):34.465	
O1):-0.716	O2):34.687	
O1):-0.716	O2):34.801	
O1):-0.803	O2):46.096	
O1):-0.761	O2):40.009	
O1):-0.702	O2):34.418	
O1):-0.708	O2):34.442	
O1):-0.707	O2):34.14	
O1):-0.774	O2):39.202	
O1):-0.761	O2):43.825	
O1):-0.762	O2):40.236	
O1):-0.682	O2):33.941	
O1):-0.716	O2):34.687	
O1):-0.78	O2):40.631	
O1):-0.788	O2):45.307	
O1):-0.762	O2):40.236	
O1):-0.716	O2):33.604	
O1):-0.806	O2):46.375	
O1):-0.762	O2):39.259	
O1):-0.762	O2):39.868	
O1):-0.713	O2):34.481	
O1):-0.826	O2):51.115	
O1):-0.799	O2):45.621	
O1):-0.754	O2):39.746	
O1):-0.779	O2):40.581	
O1):-0.747	O2):38.526	
O1):-0.754	O2):38.564	
O1):-0.738	O2):38.407	
O1):-0.774	O2):39.527	
Evaluations:	400
O1):-0.799	O2):48.262	
O1):-0.762	O2):39.808	
O1):-0.805	O2):45.62	
O1):-0.754	O2):39.75	
O1):-0.717	O2):35.532	
O1):-0.789	O2):47.748	
O1):-0.805	O2):45.62	
O1):-0.771	O2):43.496	
O1):-0.747	O2):39.536	
O1):-0.761	O2):44.315	
O1):-0.724	O2):37.366	
O1):-0.718	O2):34.761	
O1):-0.739	O2):39.013	
O1):-0.763	O2):40.439	
O1):-0.719	O2):34.874	
O1):-0.783	O2):40.38	
O1):-0.819	O2):49.711	
O1):-0.746	O2):38.677	
O1):-0.821	O2):54.483	
O1):-0.768	O2):40.239	
O1):-0.782	O2):43.212	
O1):-0.726	O2):36.051	
O1):-0.79	O2):46.517	
O1):-0.779	O2):44.424	
O1):-0.694	O2):34.088	
O1):-0.703	O2):33.928	
O1):-0.749	O2):39.142	
O1):-0.791	O2):44.912	
O1):-0.732	O2):38.65	
O1):-0.716	O2):34.801	
O1):-0.755	O2):38.434	
O1):-0.777	O2):44.07	
O1):-0.688	O2):34.157	
O1):-0.817	O2):53.443	
O1):-0.771	O2):39.905	
O1):-0.803	O2):45.025	
O1):-0.739	O2):39.013	
O1):-0.74	O2):39.045	
O1):-0.799	O2):48.262	
O1):-0.805	O2):45.689	
O1):-0.689	O2):33.948	
O1):-0.777	O2):40.65	
O1):-0.749	O2):38.256	
O1):-0.708	O2):33.761	
O1):-0.77	O2):39.474	
O1):-0.773	O2):40.459	
O1):-0.712	O2):34.55	
O1):-0.727	O2):34.911	
O1):-0.76	O2):39.158	
O1):-0.785	O2):41.491	
O1):-0.711	O2):33.502	
O1):-0.797	O2):50.668	
O1):-0.76	O2):43.252	
O1):-0.78	O2):43.143	
O1):-0.762	O2):43.642	
O1):-0.713	O2):34.885	
O1):-0.729	O2):39.673	
O1):-0.794	O2):44.007	
O1):-0.715	O2):34.536	
O1):-0.763	O2):39.871	
O1):-0.822	O2):54.325	
O1):-0.726	O2):35.541	
O1):-0.782	O2):40.79	
O1):-0.775	O2):45.116	
O1):-0.7	O2):34.189	
O1):-0.731	O2):35.442	
O1):-0.7	O2):35.264	
O1):-0.706	O2):35.287	
O1):-0.761	O2):40.009	
O1):-0.737	O2):38.594	
O1):-0.76	O2):40.972	
O1):-0.807	O2):48.841	
O1):-0.76	O2):39.199	
O1):-0.774	O2):40.468	
O1):-0.819	O2):49.71	
O1):-0.793	O2):44.067	
O1):-0.746	O2):36.374	
O1):-0.768	O2):39.423	
O1):-0.753	O2):38.237	
O1):-0.763	O2):39.052	
O1):-0.779	O2):40.932	
O1):-0.789	O2):44.899	
O1):-0.716	O2):34.801	
O1):-0.814	O2):53.153	
O1):-0.803	O2):46.096	
O1):-0.803	O2):45.025	
O1):-0.75	O2):39.825	
O1):-0.744	O2):38.785	
O1):-0.733	O2):35.811	
O1):-0.76	O2):39.199	
O1):-0.759	O2):39.952	
O1):-0.783	O2):44.021	
O1):-0.789	O2):43.533	
O1):-0.803	O2):50.186	
O1):-0.689	O2):33.926	
O1):-0.77	O2):42.73	
O1):-0.702	O2):33.942	
O1):-0.809	O2):49.241	
O1):-0.762	O2):39.5	
O1):-0.749	O2):40.808	
O1):-0.744	O2):38.753	
O1):-0.746	O2):38.86	
O1):-0.704	O2):34.045	
O1):-0.79	O2):48.709	
O1):-0.733	O2):37.551	
O1):-0.796	O2):50.654	
O1):-0.731	O2):35.348	
O1):-0.746	O2):38.86	
O1):-0.713	O2):34.481	
O1):-0.726	O2):37.949	
O1):-0.655	O2):29.907	
O1):-0.797	O2):45.663	
O1):-0.744	O2):38.753	
O1):-0.745	O2):38.322	
O1):-0.768	O2):39.423	
O1):-0.789	O2):50.522	
O1):-0.805	O2):45.62	
O1):-0.743	O2):38.526	
O1):-0.757	O2):40.146	
O1):-0.756	O2):39.425	
O1):-0.744	O2):35.33	
O1):-0.794	O2):44.694	
O1):-0.716	O2):34.687	
O1):-0.775	O2):40.514	
O1):-0.799	O2):45.006	
O1):-0.743	O2):38.773	
Evaluations:	400
O1):-0.725	O2):35.269	
O1):-0.771	O2):40.953	
O1):-0.692	O2):33.856	
O1):-0.772	O2):40.248	
O1):-0.752	O2):39.582	
O1):-0.696	O2):34.441	
O1):-0.803	O2):45.025	
O1):-0.817	O2):46.267	
O1):-0.814	O2):49.894	
O1):-0.803	O2):45.025	
O1):-0.758	O2):40.341	
O1):-0.697	O2):34.213	
O1):-0.803	O2):45.781	
O1):-0.794	O2):44.007	
O1):-0.77	O2):38.885	
O1):-0.711	O2):33.737	
O1):-0.724	O2):34.721	
O1):-0.791	O2):44.34	
O1):-0.785	O2):43.837	
O1):-0.817	O2):46.517	
O1):-0.713	O2):34.481	
O1):-0.74	O2):38.287	
O1):-0.779	O2):43.912	
O1):-0.806	O2):49.902	
O1):-0.689	O2):33.926	
O1):-0.799	O2):50.768	
O1):-0.79	O2):43.388	
O1):-0.725	O2):33.944	
O1):-0.786	O2):41.957	
O1):-0.726	O2):37.506	
O1):-0.811	O2):46.917	
O1):-0.726	O2):35.603	
O1):-0.813	O2):56.241	
O1):-0.794	O2):44.007	
O1):-0.803	O2):45.025	
O1):-0.744	O2):38.79	
O1):-0.799	O2):45.621	
O1):-0.751	O2):39.307	
O1):-0.774	O2):39.681	
O1):-0.792	O2):43.677	
O1):-0.724	O2):34.721	
O1):-0.748	O2):39.621	
O1):-0.712	O2):34.04	
O1):-0.803	O2):49.398	
O1):-0.805	O2):46.191	
O1):-0.717	O2):34.922	
O1):-0.752	O2):38.65	
O1):-0.768	O2):40.504	
O1):-0.671	O2):31.434	
O1):-0.777	O2):43.318	
O1):-0.759	O2):39.005	
O1):-0.76	O2):39.031	
O1):-0.729	O2):37.567	
O1):-0.805	O2):46.368	
O1):-0.76	O2):39.326	
O1):-0.637	O2):29.421	
O1):-0.793	O2):45.917	
O1):-0.692	O2):33.856	
O1):-0.775	O2):43.523	
O1):-0.765	O2):40.509	
O1):-0.765	O2):39.473	
O1):-0.821	O2):49.893	
O1):-0.778	O2):40.777	
O1):-0.796	O2):44.957	
O1):-0.738	O2):37.626	
O1):-0.773	O2):40.235	
O1):-0.783	O2):41.518	
O1):-0.819	O2):54.396	
O1):-0.702	O2):33.258	
O1):-0.742	O2):38.437	
O1):-0.779	O2):40.448	
O1):-0.724	O2):34.721	
O1):-0.843	O2):54.806	
O1):-0.742	O2):40.664	
O1):-0.723	O2):35.954	
O1):-0.783	O2):44.2	
O1):-0.706	O2):34.029	
O1):-0.793	O2):48.468	
O1):-0.797	O2):45.663	
O1):-0.842	O2):55.865	
O1):-0.759	O2):40.336	
O1):-0.776	O2):43.612	
O1):-0.756	O2):40.27	
O1):-0.787	O2):54.617	
O1):-0.708	O2):35.828	
O1):-0.722	O2):35.127	
O1):-0.744	O2):35.767	
O1):-0.838	O2):55.017	
O1):-0.811	O2):51.009	
O1):-0.763	O2):40.594	
O1):-0.728	O2):37.895	
O1):-0.748	O2):38.308	
O1):-0.811	O2):46.883	
O1):-0.779	O2):48.581	
O1):-0.81	O2):50.828	
O1):-0.782	O2):40.79	
O1):-0.761	O2):39.331	
O1):-0.817	O2):49.865	
O1):-0.842	O2):51.036	
O1):-0.758	O2):39.426	
O1):-0.794	O2):44.007	
O1):-0.796	O2):46.534	
O1):-0.779	O2):40.927	
O1):-0.713	O2):34.885	
O1):-0.675	O2):33.937	
O1):-0.711	O2):34.561	
O1):-0.787	O2):45.264	
O1):-0.753	O2):39.151	
O1):-0.794	O2):41.212	
O1):-0.727	O2):35.965	
O1):-0.768	O2):39.423	
O1):-0.747	O2):36.735	
O1):-0.703	O2):35.118	
O1):-0.738	O2):37.635	
O1):-0.811	O2):51.01	
O1):-0.729	O2):36.349	
O1):-0.794	O2):45.833	
O1):-0.756	O2):39.027	
O1):-0.804	O2):46.194	
O1):-0.731	O2):35.807	
O1):-0.687	O2):33.914	
O1):-0.724	O2):34.721	
O1):-0.708	O2):34.128	
O1):-0.776	O2):40.739	
O1):-0.713	O2):34.481	
O1):-0.804	O2):50.337	
O1):-0.761	O2):39.075	
O1):-0.809	O2):49.243	
O1):-0.803	O2):46.096	
O1):-0.791	O2):43.665	
O1):-0.729	O2):34.528	
O1):-0.707	O2):33.91	
O1):-0.775	O2):40.959	
O1):-0.854	O2):59.708	
O1):-0.786	O2):41.108	
O1):-0.762	O2):39.808	
O1):-0.803	O2):49.822	
O1):-0.787	O2):48.401	
O1):-0.772	O2):41.026	
O1):-0.768	O2):39.357	
O1):-0.709	O2):33.889	
O1):-0.817	O2):49.865	
O1):-0.711	O2):34.019	
O1):-0.73	O2):35.717	
O1):-0.828	O2):59.43	
O1):-0.818	O2):50.08	
O1):-0.756	O2):41.609	
O1):-0.768	O2):39.423	
O1):-0.711	O2):33.384	
O1):-0.781	O2):40.832	
O1):-0.747	O2):38.74	
O1):-0.704	O2):34.045	
O1):-0.716	O2):34.801	
O1):-0.767	O2):39.008	
O1):-0.826	O2):56.115	
O1):-0.738	O2):37.635	
O1):-0.689	O2):33.926	
O1):-0.767	O2):40.506	
O1):-0.762	O2):39.58	
O1):-0.782	O2):40.79	
O1):-0.714	O2):34.526	
O1):-0.751	O2):39.202	
O1):-0.794	O2):44.007	
O1):-0.716	O2):34.801	
O1):-0.723	O2):35.228	
O1):-0.674	O2):31.572	
O1):-0.762	O2):38.479	
O1):-0.714	O2):34.163	
O1):-0.746	O2):39.198	
O1):-0.756	O2):39.027	
O1):-0.7	O2):34.952	
O1):-0.759	O2):38.944	
O1):-0.788	O2):43.1	
O1):-0.81	O2):49.417	
O1):-0.773	O2):40.735	
O1):-0.714	O2):34.261	
O1):-0.791	O2):44.912	
O1):-0.81	O2):50.749	
O1):-0.717	O2):35.79	
O1):-0.733	O2):37.709	
O1):-0.713	O2):34.481	
O1):-0.737	O2):38.499	
O1):-0.673	O2):33.769	
O1):-0.681	O2):33.367	
O1):-0.804	O2):45.862	
O1):-0.781	O2):50.717	
O1):-0.762	O2):39.41	
O1):-0.794	O2):41.212	
O1):-0.795	O2):41.15	
O1):-0.754	O2):38.563	
O1):-0.803	O2):45.025	
O1):-0.716	O2):34.801	
O1):-0.692	O2):33.856	
O1):-0.673	O2):33.769	
O1):-0.771	O2):44.415	
O1):-0.782	O2):40.79	
O1):-0.744	O2):35.767	
O1):-0.819	O2):54.396	
O1):-0.73	O2):35.717	
O1):-0.708	O2):35.203	
O1):-0.719	O2):35.273	
O1):-0.756	O2):39.224	
O1):-0.729	O2):39.141	
O1):-0.776	O2):48.464	
O1):-0.766	O2):39.7	
O1):-0.755	O2):38.801	
O1):-0.768	O2):39.423	
O1):-0.782	O2):40.79	
O1):-0.795	O2):45.694	
O1):-0.718	O2):34.76	
O1):-0.746	O2):39.198	
O1):-0.793	O2):48.714	
O1):-0.714	O2):38.009	
O1):-0.803	O2):49.071	
O1):-0.774	O2):45.406	
O1):-0.829	O2):55.686	
O1):-0.778	O2):40.743	
O1):-0.738	O2):35.063	
Evaluations:	400
O1):-0.751	O2):38.562	
O1):-0.765	O2):40.508	
O1):-0.765	O2):39.074	
O1):-0.768	O2):39.423	
O1):-0.704	O2):34.423	
Evaluations:	400
O1):-0.748	O2):38.308	
O1):-0.762	O2):39.41	
O1):-0.807	O2):48.841	
O1):-0.773	O2):40.411	
O1):-0.774	O2):39.681	
O1):-0.713	O2):34.007	
O1):-0.716	O2):34.801	
O1):-0.773	O2):40.235	
O1):-0.764	O2):38.796	
O1):-0.77	O2):40.422	
O1):-0.791	O2):45.883	
O1):-0.774	O2):39.527	
O1):-0.673	O2):33.769	
O1):-0.681	O2):33.37	
O1):-0.72	O2):35.231	
O1):-0.818	O2):49.998	
O1):-0.73	O2):39.085	
O1):-0.719	O2):39.93	
O1):-0.761	O2):40.009	
O1):-0.783	O2):40.648	
O1):-0.751	O2):39.202	
O1):-0.749	O2):40.656	
O1):-0.82	O2):55.389	
O1):-0.82	O2):55.389	
O1):-0.753	O2):38.376	
O1):-0.716	O2):34.801	
O1):-0.791	O2):43.665	
O1):-0.791	O2):43.665	
O1):-0.762	O2):39.41	
O1):-0.724	O2):37.366	
O1):-0.652	O2):30.08	
O1):-0.762	O2):39.58	
O1):-0.711	O2):35.138	
O1):-0.737	O2):38.594	
O1):-0.819	O2):49.711	
O1):-0.819	O2):49.711	
O1):-0.819	O2):49.711	
O1):-0.774	O2):39.114	
O1):-0.799	O2):48.262	
Evaluations:	400
O1):-0.748	O2):38.308	
O1):-0.694	O2):34.087	
O1):-0.775	O2):43.523	
O1):-0.786	O2):45.965	
O1):-0.716	O2):34.749	
O1):-0.738	O2):37.635	
O1):-0.778	O2):40.743	
O1):-0.838	O2):59.501	
O1):-0.733	O2):35.811	
O1):-0.781	O2):43.581	
O1):-0.758	O2):38.551	
O1):-0.768	O2):39.423	
O1):-0.777	O2):40.661	
O1):-0.778	O2):40.824	
O1):-0.751	O2):39.746	
O1):-0.729	O2):34.679	
O1):-0.774	O2):39.681	
O1):-0.729	O2):40.436	
O1):-0.746	O2):38.677	
Evaluations:	400
O1):-0.729	O2):36.348	
O1):-0.753	O2):39.409	
O1):-0.773	O2):38.941	
O1):-0.768	O2):40.182	
O1):-0.78	O2):43.41	
O1):-0.811	O2):51.009	
O1):-0.763	O2):39.87	
O1):-0.761	O2):40.009	
O1):-0.724	O2):40.187	
O1):-0.729	O2):36.349	
O1):-0.682	O2):33.941	
O1):-0.774	O2):39.202	
O1):-0.776	O2):40.739	
O1):-0.793	O2):49.567	
O1):-0.804	O2):45.867	
O1):-0.781	O2):41.26	
O1):-0.705	O2):33.987	
O1):-0.789	O2):43.182	
O1):-0.777	O2):43.318	
O1):-0.776	O2):40.416	
O1):-0.686	O2):33.839	
O1):-0.738	O2):37.98	
O1):-0.814	O2):53.153	
O1):-0.757	O2):38.501	
O1):-0.812	O2):46.274	
O1):-0.737	O2):38.594	
O1):-0.751	O2):39.056	
O1):-0.782	O2):44.914	
O1):-0.759	O2):40.376	
Evaluations:	400
O1):-0.807	O2):48.841	
O1):-0.713	O2):34.481	
Evaluations:	400
O1):-0.813	O2):48.907	
O1):-0.818	O2):49.998	
O1):-0.724	O2):38.542	
O1):-0.717	O2):34.729	
O1):-0.764	O2):44.193	
O1):-0.765	O2):39.282	
O1):-0.745	O2):37.773	
O1):-0.746	O2):38.999	
O1):-0.775	O2):40.422	
O1):-0.828	O2):51.838	
O1):-0.746	O2):36.374	
O1):-0.746	O2):36.374	
O1):-0.693	O2):33.578	
O1):-0.727	O2):38.469	
Evaluations:	500
O1):-0.745	O2):37.773	
O1):-0.707	O2):34.14	
O1):-0.745	O2):37.773	
O1):-0.776	O2):40.739	
O1):-0.726	O2):40.191	
O1):-0.773	O2):44.868	
O1):-0.753	O2):38.333	
O1):-0.818	O2):53.838	
O1):-0.802	O2):45.779	
O1):-0.717	O2):35.794	
O1):-0.806	O2):45.893	
O1):-0.717	O2):35.79	
O1):-0.735	O2):38.477	
O1):-0.806	O2):45.893	
O1):-0.734	O2):38.147	
O1):-0.717	O2):33.945	
O1):-0.768	O2):39.335	
O1):-0.819	O2):49.711	
O1):-0.784	O2):44.827	
O1):-0.776	O2):40.739	
O1):-0.806	O2):45.881	
O1):-0.775	O2):44.386	
O1):-0.729	O2):36.349	
O1):-0.81	O2):46.256	
O1):-0.812	O2):46.274	
O1):-0.732	O2):35.37	
O1):-0.766	O2):43.689	
O1):-0.793	O2):44.067	
O1):-0.854	O2):59.708	
O1):-0.817	O2):53.451	
O1):-0.731	O2):36.873	
O1):-0.761	O2):39.471	
O1):-0.814	O2):45.587	
O1):-0.716	O2):34.687	
O1):-0.802	O2):45.779	
O1):-0.793	O2):43.128	
O1):-0.724	O2):34.785	
O1):-0.761	O2):40.009	
O1):-0.716	O2):34.687	
O1):-0.713	O2):34.481	
O1):-0.793	O2):44.067	
O1):-0.748	O2):38.308	
O1):-0.744	O2):35.767	
O1):-0.737	O2):38.744	
O1):-0.794	O2):41.212	
O1):-0.796	O2):43.674	
O1):-0.793	O2):44.067	
O1):-0.713	O2):34.481	
O1):-0.752	O2):39.124	
O1):-0.748	O2):36.577	
O1):-0.728	O2):38.295	
O1):-0.729	O2):36.349	
O1):-0.753	O2):38.397	
O1):-0.637	O2):29.409	
O1):-0.702	O2):33.947	
O1):-0.77	O2):38.885	
O1):-0.782	O2):43.212	
O1):-0.756	O2):39.424	
O1):-0.819	O2):49.725	
O1):-0.788	O2):43.099	
O1):-0.695	O2):33.153	
O1):-0.777	O2):39.713	
O1):-0.728	O2):34.923	
O1):-0.783	O2):41.513	
O1):-0.728	O2):38.295	
O1):-0.728	O2):34.357	
O1):-0.761	O2):40.571	
O1):-0.765	O2):39.074	
O1):-0.716	O2):34.687	
O1):-0.821	O2):54.483	
O1):-0.725	O2):35.662	
O1):-0.79	O2):43.581	
O1):-0.756	O2):39.424	
O1):-0.724	O2):33.903	
O1):-0.807	O2):49.49	
O1):-0.804	O2):45.862	
O1):-0.731	O2):36.591	
O1):-0.735	O2):35.833	
O1):-0.774	O2):39.681	
O1):-0.791	O2):43.665	
O1):-0.732	O2):35.37	
O1):-0.76	O2):39.326	
O1):-0.753	O2):38.334	
O1):-0.838	O2):55.017	
O1):-0.672	O2):31.703	
O1):-0.799	O2):48.627	
O1):-0.778	O2):40.743	
O1):-0.775	O2):40.348	
O1):-0.704	O2):39.095	
O1):-0.734	O2):37.823	
O1):-0.748	O2):38.376	
O1):-0.749	O2):38.256	
O1):-0.716	O2):34.687	
O1):-0.806	O2):45.893	
O1):-0.725	O2):33.944	
O1):-0.768	O2):44.533	
O1):-0.788	O2):43.599	
O1):-0.767	O2):39.129	
O1):-0.704	O2):34.045	
O1):-0.774	O2):39.215	
O1):-0.752	O2):40.736	
Evaluations:	400
O1):-0.719	O2):35.273	
O1):-0.714	O2):34.586	
O1):-0.836	O2):50.697	
O1):-0.805	O2):50.463	
O1):-0.774	O2):40.742	
O1):-0.781	O2):45.127	
O1):-0.72	O2):34.288	
O1):-0.754	O2):39.746	
O1):-0.803	O2):44.973	
O1):-0.797	O2):44.575	
O1):-0.731	O2):34.87	
O1):-0.78	O2):43.11	
O1):-0.803	O2):45.025	
O1):-0.716	O2):34.672	
O1):-0.719	O2):35.896	
O1):-0.774	O2):39.202	
O1):-0.714	O2):34.163	
O1):-0.704	O2):34.045	
O1):-0.782	O2):45.806	
O1):-0.744	O2):37.581	
O1):-0.713	O2):34.481	
O1):-0.745	O2):39.913	
O1):-0.725	O2):35.205	
O1):-0.753	O2):39.717	
O1):-0.758	O2):38.79	
O1):-0.724	O2):34.721	
O1):-0.738	O2):37.98	
O1):-0.784	O2):44.514	
O1):-0.746	O2):36.374	
O1):-0.693	O2):33.578	
O1):-0.678	O2):33.201	
O1):-0.813	O2):50.318	
O1):-0.769	O2):40.372	
O1):-0.732	O2):35.37	
O1):-0.694	O2):33.721	
O1):-0.706	O2):33.977	
O1):-0.742	O2):38.437	
O1):-0.694	O2):33.864	
O1):-0.798	O2):48.392	
O1):-0.716	O2):34.687	
O1):-0.817	O2):53.443	
O1):-0.735	O2):38.562	
O1):-0.716	O2):34.778	
O1):-0.815	O2):53.155	
O1):-0.817	O2):49.865	
O1):-0.769	O2):39.655	
O1):-0.692	O2):33.856	
O1):-0.74	O2):38.287	
O1):-0.734	O2):36.152	
O1):-0.808	O2):49.483	
O1):-0.818	O2):53.837	
O1):-0.796	O2):45.241	
O1):-0.727	O2):34.869	
O1):-0.762	O2):39.259	
O1):-0.739	O2):40.303	
O1):-0.816	O2):50.718	
O1):-0.795	O2):44.94	
O1):-0.741	O2):35.928	
O1):-0.713	O2):34.481	
O1):-0.732	O2):35.37	
O1):-0.778	O2):40.824	
O1):-0.821	O2):55.156	
O1):-0.854	O2):59.708	
O1):-0.698	O2):33.958	
O1):-0.701	O2):34.062	
O1):-0.763	O2):40.439	
O1):-0.745	O2):35.655	
O1):-0.796	O2):43.27	
O1):-0.726	O2):35.541	
O1):-0.754	O2):39.75	
O1):-0.775	O2):39.677	
O1):-0.819	O2):49.71	
O1):-0.763	O2):44.368	
O1):-0.689	O2):33.926	
O1):-0.766	O2):39.101	
O1):-0.775	O2):43.91	
O1):-0.727	O2):35.965	
O1):-0.734	O2):37.692	
O1):-0.818	O2):53.837	
O1):-0.746	O2):36.375	
O1):-0.795	O2):41.15	
O1):-0.792	O2):47.18	
O1):-0.714	O2):34.163	
O1):-0.806	O2):45.841	
O1):-0.82	O2):59.585	
O1):-0.737	O2):34.905	
O1):-0.711	O2):33.502	
O1):-0.792	O2):40.624	
O1):-0.775	O2):40.602	
O1):-0.778	O2):41.131	
O1):-0.709	O2):33.901	
O1):-0.692	O2):34.115	
O1):-0.834	O2):54.261	
O1):-0.79	O2):43.388	
O1):-0.768	O2):45.109	
O1):-0.689	O2):33.926	
O1):-0.677	O2):33.51	
O1):-0.719	O2):35.273	
O1):-0.723	O2):37.045	
O1):-0.778	O2):40.743	
O1):-0.76	O2):39.154	
O1):-0.725	O2):35.962	
O1):-0.813	O2):50.318	
O1):-0.778	O2):40.743	
O1):-0.817	O2):53.443	
O1):-0.711	O2):33.849	
O1):-0.727	O2):34.868	
O1):-0.695	O2):33.153	
O1):-0.783	O2):45.003	
O1):-0.728	O2):34.923	
O1):-0.782	O2):45.094	
O1):-0.758	O2):38.799	
O1):-0.806	O2):45.893	
O1):-0.825	O2):50.086	
O1):-0.725	O2):35.205	
O1):-0.756	O2):39.425	
O1):-0.693	O2):33.789	
O1):-0.781	O2):40.832	
O1):-0.777	O2):43.318	
O1):-0.708	O2):33.761	
O1):-0.756	O2):39.425	
O1):-0.742	O2):38.593	
O1):-0.735	O2):35.214	
O1):-0.845	O2):56.882	
O1):-0.772	O2):39.912	
O1):-0.837	O2):51.469	
O1):-0.79	O2):45.58	
O1):-0.763	O2):38.643	
O1):-0.811	O2):51.009	
O1):-0.762	O2):39.58	
O1):-0.773	O2):40.49	
O1):-0.707	O2):34.232	
O1):-0.776	O2):40.878	
O1):-0.81	O2):45.631	
O1):-0.714	O2):34.163	
O1):-0.738	O2):39.981	
O1):-0.746	O2):38.86	
O1):-0.749	O2):38.256	
O1):-0.803	O2):45.425	
O1):-0.711	O2):34.019	
O1):-0.786	O2):41.108	
O1):-0.753	O2):38.397	
O1):-0.792	O2):40.636	
O1):-0.774	O2):40.58	
O1):-0.793	O2):44.067	
O1):-0.666	O2):29.593	
O1):-0.817	O2):53.443	
O1):-0.818	O2):53.837	
O1):-0.722	O2):35.663	
O1):-0.798	O2):45.503	
O1):-0.692	O2):33.856	
O1):-0.797	O2):44.575	
O1):-0.664	O2):30.368	
O1):-0.796	O2):45.515	
O1):-0.828	O2):51.682	
O1):-0.73	O2):36.409	
O1):-0.745	O2):38.322	
O1):-0.733	O2):35.811	
O1):-0.806	O2):45.893	
O1):-0.818	O2):46.437	
O1):-0.744	O2):35.759	
O1):-0.708	O2):34.706	
O1):-0.732	O2):35.37	
O1):-0.692	O2):33.856	
O1):-0.845	O2):51.685	
O1):-0.733	O2):35.811	
O1):-0.681	O2):33.828	
O1):-0.756	O2):38.944	
O1):-0.847	O2):59.523	
O1):-0.792	O2):40.636	
O1):-0.785	O2):40.579	
O1):-0.734	O2):35.873	
O1):-0.799	O2):45.006	
O1):-0.711	O2):34.141	
O1):-0.813	O2):49.771	
O1):-0.714	O2):34.564	
O1):-0.724	O2):39.637	
O1):-0.693	O2):33.578	
O1):-0.831	O2):50.528	
O1):-0.765	O2):39.074	
O1):-0.669	O2):31.739	
O1):-0.748	O2):38.376	
O1):-0.677	O2):33.51	
O1):-0.692	O2):33.591	
O1):-0.748	O2):38.317	
O1):-0.813	O2):49.824	
O1):-0.844	O2):51.612	
O1):-0.744	O2):40.505	
O1):-0.782	O2):40.79	
O1):-0.781	O2):41.26	
O1):-0.791	O2):43.745	
O1):-0.734	O2):35.871	
O1):-0.751	O2):39.056	
O1):-0.795	O2):41.15	
O1):-0.793	O2):45.502	
O1):-0.776	O2):40.416	
O1):-0.784	O2):45.169	
O1):-0.716	O2):34.679	
O1):-0.716	O2):34.453	
O1):-0.809	O2):49.241	
O1):-0.712	O2):34.297	
O1):-0.793	O2):44.067	
O1):-0.844	O2):51.612	
O1):-0.801	O2):45.794	
O1):-0.787	O2):43.022	
O1):-0.713	O2):34.381	
O1):-0.793	O2):45.917	
O1):-0.738	O2):39.981	
O1):-0.791	O2):43.665	
O1):-0.786	O2):44.879	
O1):-0.713	O2):36.078	
O1):-0.803	O2):45.15	
O1):-0.768	O2):40.182	
O1):-0.746	O2):38.863	
O1):-0.793	O2):43.127	
O1):-0.789	O2):48.28	
O1):-0.689	O2):33.926	
O1):-0.732	O2):35.371	
O1):-0.716	O2):34.687	
O1):-0.79	O2):45.58	
O1):-0.746	O2):38.39	
O1):-0.767	O2):40.506	
O1):-0.731	O2):35.45	
O1):-0.711	O2):33.502	
O1):-0.735	O2):38.477	
O1):-0.782	O2):40.79	
O1):-0.761	O2):39.989	
O1):-0.729	O2):36.349	
O1):-0.847	O2):59.523	
O1):-0.714	O2):34.261	
O1):-0.744	O2):35.767	
O1):-0.76	O2):39.326	
O1):-0.734	O2):37.992	
O1):-0.731	O2):35.442	
O1):-0.793	O2):43.127	
O1):-0.803	O2):45.425	
O1):-0.738	O2):35.063	
O1):-0.685	O2):33.655	
O1):-0.774	O2):39.681	
O1):-0.744	O2):35.767	
O1):-0.804	O2):46.082	
O1):-0.786	O2):45.232	
O1):-0.775	O2):39.676	
O1):-0.726	O2):36.004	
O1):-0.757	O2):38.836	
O1):-0.805	O2):46.12	
O1):-0.777	O2):40.661	
O1):-0.809	O2):49.769	
O1):-0.8	O2):49.361	
O1):-0.737	O2):38.594	
O1):-0.753	O2):38.721	
O1):-0.692	O2):33.856	
O1):-0.732	O2):35.37	
O1):-0.746	O2):38.86	
O1):-0.717	O2):34.729	
O1):-0.772	O2):40.248	
O1):-0.821	O2):46.839	
O1):-0.74	O2):35.811	
O1):-0.763	O2):37.153	
O1):-0.73	O2):34.828	
O1):-0.762	O2):40.802	
O1):-0.733	O2):35.811	
O1):-0.803	O2):45.017	
O1):-0.748	O2):38.308	
O1):-0.713	O2):34.481	
O1):-0.756	O2):39.022	
O1):-0.807	O2):49.49	
O1):-0.762	O2):39.983	
O1):-0.831	O2):51.477	
O1):-0.776	O2):40.739	
O1):-0.708	O2):33.761	
O1):-0.751	O2):38.555	
O1):-0.7	O2):33.834	
O1):-0.757	O2):38.501	
O1):-0.828	O2):59.43	
O1):-0.811	O2):46.922	
O1):-0.756	O2):39.027	
O1):-0.734	O2):35.873	
O1):-0.754	O2):39.746	
O1):-0.717	O2):35.79	
O1):-0.817	O2):49.865	
O1):-0.764	O2):39.016	
O1):-0.746	O2):38.86	
O1):-0.707	O2):35.224	
O1):-0.724	O2):35.212	
O1):-0.81	O2):49.417	
O1):-0.785	O2):41.639	
O1):-0.714	O2):34.585	
O1):-0.814	O2):45.587	
O1):-0.681	O2):33.828	
O1):-0.732	O2):35.37	
O1):-0.744	O2):35.322	
O1):-0.837	O2):51.01	
O1):-0.749	O2):41.067	
O1):-0.732	O2):35.37	
O1):-0.721	O2):35.09	
O1):-0.782	O2):43.816	
O1):-0.786	O2):45.965	
O1):-0.692	O2):34.426	
O1):-0.825	O2):50.086	
O1):-0.704	O2):34.045	
O1):-0.751	O2):38.675	
O1):-0.813	O2):48.611	
O1):-0.751	O2):39.056	
O1):-0.737	O2):38.896	
O1):-0.799	O2):45.621	
O1):-0.764	O2):39.445	
O1):-0.715	O2):35.309	
O1):-0.671	O2):33.643	
O1):-0.803	O2):45.025	
O1):-0.736	O2):35.215	
O1):-0.795	O2):44.999	
O1):-0.738	O2):35.063	
O1):-0.748	O2):40.04	
O1):-0.814	O2):45.587	
O1):-0.806	O2):45.893	
O1):-0.79	O2):46.517	
O1):-0.747	O2):40.91	
O1):-0.763	O2):40.439	
O1):-0.72	O2):34.858	
O1):-0.778	O2):40.429	
O1):-0.794	O2):41.212	
O1):-0.717	O2):34.637	
O1):-0.763	O2):38.846	
O1):-0.818	O2):53.836	
O1):-0.718	O2):35.395	
O1):-0.817	O2):53.44	
O1):-0.738	O2):37.635	
O1):-0.711	O2):34.272	
O1):-0.838	O2):51.329	
O1):-0.732	O2):38.628	
O1):-0.803	O2):45.025	
O1):-0.789	O2):43.421	
O1):-0.813	O2):45.141	
O1):-0.729	O2):34.527	
O1):-0.796	O2):43.907	
O1):-0.774	O2):39.681	
O1):-0.791	O2):43.665	
O1):-0.727	O2):38.465	
O1):-0.737	O2):38.594	
O1):-0.823	O2):46.269	
O1):-0.721	O2):34.209	
O1):-0.813	O2):49.774	
O1):-0.808	O2):45.691	
O1):-0.698	O2):33.958	
O1):-0.693	O2):33.797	
O1):-0.802	O2):45.779	
O1):-0.74	O2):39.278	
O1):-0.773	O2):46.782	
O1):-0.754	O2):39.75	
O1):-0.773	O2):40.414	
O1):-0.671	O2):31.434	
O1):-0.786	O2):41.957	
O1):-0.771	O2):39.662	
O1):-0.754	O2):38.563	
O1):-0.728	O2):35.913	
O1):-0.771	O2):39.905	
O1):-0.821	O2):48.904	
O1):-0.775	O2):43.047	
O1):-0.695	O2):33.467	
O1):-0.769	O2):38.844	
O1):-0.747	O2):38.74	
O1):-0.82	O2):59.585	
O1):-0.779	O2):40.928	
Evaluations:	500
O1):-0.748	O2):38.345	
O1):-0.81	O2):49.417	
O1):-0.766	O2):40.213	
O1):-0.842	O2):55.865	
O1):-0.773	O2):40.479	
O1):-0.696	O2):33.671	
O1):-0.765	O2):39.074	
O1):-0.713	O2):34.481	
O1):-0.803	O2):45.025	
O1):-0.829	O2):49.889	
O1):-0.754	O2):39.75	
O1):-0.763	O2):39.578	
O1):-0.727	O2):34.911	
O1):-0.806	O2):45.893	
O1):-0.825	O2):50.086	
O1):-0.681	O2):33.828	
O1):-0.729	O2):36.349	
O1):-0.786	O2):41.107	
O1):-0.817	O2):49.87	
O1):-0.783	O2):40.648	
O1):-0.744	O2):38.578	
O1):-0.732	O2):38.628	
O1):-0.73	O2):36.526	
O1):-0.746	O2):41.065	
O1):-0.748	O2):39.83	
O1):-0.775	O2):40.422	
O1):-0.694	O2):34.088	
O1):-0.851	O2):56.769	
O1):-0.747	O2):38.741	
O1):-0.718	O2):34.76	
O1):-0.834	O2):54.261	
O1):-0.773	O2):40.857	
O1):-0.742	O2):38.437	
O1):-0.74	O2):39.273	
O1):-0.793	O2):43.127	
O1):-0.836	O2):50.687	
O1):-0.744	O2):38.62	
O1):-0.773	O2):39.845	
O1):-0.78	O2):43.143	
O1):-0.716	O2):34.687	
O1):-0.818	O2):49.998	
O1):-0.755	O2):40.01	
O1):-0.771	O2):38.858	
O1):-0.731	O2):35.817	
O1):-0.714	O2):34.262	
O1):-0.718	O2):34.76	
O1):-0.782	O2):40.79	
O1):-0.748	O2):38.308	
O1):-0.712	O2):34.55	
O1):-0.784	O2):40.743	
O1):-0.762	O2):38.699	
O1):-0.775	O2):40.514	
O1):-0.797	O2):44.575	
O1):-0.811	O2):49.41	
O1):-0.745	O2):35.089	
O1):-0.72	O2):35.214	
O1):-0.721	O2):35.237	
O1):-0.847	O2):59.523	
O1):-0.722	O2):35.151	
O1):-0.704	O2):34.423	
O1):-0.778	O2):44.197	
O1):-0.793	O2):43.127	
O1):-0.793	O2):43.127	
O1):-0.818	O2):53.847	
O1):-0.719	O2):35.273	
O1):-0.717	O2):36.399	
O1):-0.773	O2):38.915	
O1):-0.767	O2):40.302	
O1):-0.845	O2):56.365	
O1):-0.725	O2):35.269	
O1):-0.792	O2):40.636	
O1):-0.712	O2):34.296	
O1):-0.831	O2):50.761	
O1):-0.775	O2):40.659	
O1):-0.82	O2):50.119	
O1):-0.746	O2):38.86	
O1):-0.76	O2):39.327	
O1):-0.796	O2):43.674	
O1):-0.686	O2):33.839	
O1):-0.774	O2):39.681	
O1):-0.731	O2):35.817	
O1):-0.711	O2):34.465	
O1):-0.762	O2):38.699	
O1):-0.672	O2):31.703	
O1):-0.763	O2):40.421	
O1):-0.783	O2):40.696	
O1):-0.742	O2):38.437	
O1):-0.753	O2):38.237	
O1):-0.744	O2):36.312	
O1):-0.793	O2):43.127	
O1):-0.735	O2):38.477	
O1):-0.805	O2):48.24	
O1):-0.785	O2):49.251	
O1):-0.704	O2):33.906	
O1):-0.777	O2):43.318	
O1):-0.728	O2):35.895	
O1):-0.669	O2):29.651	
O1):-0.82	O2):50.119	
O1):-0.725	O2):34.931	
O1):-0.671	O2):33.7	
O1):-0.714	O2):34.261	
O1):-0.746	O2):36.374	
O1):-0.782	O2):40.79	
O1):-0.732	O2):35.903	
O1):-0.786	O2):41.107	
O1):-0.689	O2):33.948	
O1):-0.783	O2):41.518	
O1):-0.689	O2):34.486	
O1):-0.748	O2):38.376	
O1):-0.801	O2):44.799	
O1):-0.773	O2):40.235	
O1):-0.744	O2):38.8	
O1):-0.693	O2):34.202	
O1):-0.775	O2):40.422	
O1):-0.788	O2):43.406	
O1):-0.711	O2):33.737	
O1):-0.842	O2):55.865	
O1):-0.695	O2):35.074	
O1):-0.793	O2):43.127	
O1):-0.722	O2):35.663	
O1):-0.772	O2):40.248	
O1):-0.795	O2):45.255	
O1):-0.8	O2):44.053	
O1):-0.694	O2):34.088	
O1):-0.761	O2):39.331	
O1):-0.748	O2):41.193	
O1):-0.716	O2):34.687	
O1):-0.746	O2):38.86	
O1):-0.779	O2):40.99	
O1):-0.762	O2):39.259	
O1):-0.689	O2):33.926	
O1):-0.777	O2):43.318	
O1):-0.811	O2):50.717	
O1):-0.838	O2):55.017	
O1):-0.718	O2):34.76	
O1):-0.798	O2):45.025	
O1):-0.713	O2):34.481	
O1):-0.819	O2):50.201	
O1):-0.716	O2):34.687	
O1):-0.779	O2):41.31	
O1):-0.797	O2):44.575	
O1):-0.768	O2):39.243	
O1):-0.768	O2):43.17	
O1):-0.792	O2):43.677	
O1):-0.717	O2):35.79	
O1):-0.802	O2):44.89	
O1):-0.795	O2):44.974	
O1):-0.77	O2):39.474	
O1):-0.828	O2):49.835	
O1):-0.806	O2):54.851	
O1):-0.744	O2):35.767	
O1):-0.759	O2):38.944	
O1):-0.714	O2):34.247	
O1):-0.81	O2):50.749	
O1):-0.765	O2):39.282	
O1):-0.754	O2):39.75	
O1):-0.711	O2):33.501	
O1):-0.773	O2):38.915	
O1):-0.789	O2):50.741	
O1):-0.732	O2):35.37	
O1):-0.718	O2):35.361	
O1):-0.806	O2):45.464	
O1):-0.734	O2):35.873	
O1):-0.731	O2):35.816	
O1):-0.763	O2):39.216	
O1):-0.775	O2):40.422	
O1):-0.714	O2):34.526	
O1):-0.727	O2):35.199	
O1):-0.674	O2):31.572	
O1):-0.769	O2):39.888	
O1):-0.81	O2):49.417	
O1):-0.805	O2):49.511	
O1):-0.778	O2):40.743	
O1):-0.783	O2):44.021	
O1):-0.771	O2):39.905	
O1):-0.789	O2):43.814	
O1):-0.768	O2):40.182	
O1):-0.74	O2):35.811	
O1):-0.797	O2):45.663	
O1):-0.761	O2):43.825	
O1):-0.786	O2):40.701	
O1):-0.738	O2):39.981	
O1):-0.78	O2):43.143	
O1):-0.671	O2):31.434	
O1):-0.816	O2):50.088	
O1):-0.805	O2):46.368	
O1):-0.725	O2):35.212	
O1):-0.809	O2):49.712	
O1):-0.755	O2):38.801	
O1):-0.756	O2):39.027	
O1):-0.76	O2):39.326	
O1):-0.742	O2):39.493	
O1):-0.757	O2):38.501	
O1):-0.723	O2):35.954	
O1):-0.681	O2):33.367	
O1):-0.714	O2):34.585	
O1):-0.755	O2):38.801	
O1):-0.753	O2):39.409	
O1):-0.637	O2):29.421	
O1):-0.729	O2):34.528	
O1):-0.794	O2):41.612	
O1):-0.704	O2):34.045	
O1):-0.779	O2):40.896	
O1):-0.762	O2):38.479	
Evaluations:	500
O1):-0.783	O2):44.2	
O1):-0.762	O2):38.699	
O1):-0.803	O2):45.025	
O1):-0.757	O2):38.501	
O1):-0.811	O2):46.335	
O1):-0.709	O2):33.889	
O1):-0.713	O2):34.62	
O1):-0.819	O2):50.103	
O1):-0.782	O2):40.79	
O1):-0.805	O2):46.116	
O1):-0.792	O2):40.636	
O1):-0.807	O2):49.49	
O1):-0.793	O2):43.127	
O1):-0.796	O2):44.313	
O1):-0.724	O2):34.721	
O1):-0.765	O2):39.073	
O1):-0.713	O2):34.481	
O1):-0.716	O2):34.498	
O1):-0.842	O2):51.036	
O1):-0.778	O2):40.743	
O1):-0.799	O2):45.621	
O1):-0.814	O2):49.894	
O1):-0.763	O2):44.368	
O1):-0.825	O2):50.086	
O1):-0.789	O2):45.446	
O1):-0.762	O2):39.259	
O1):-0.72	O2):35.688	
O1):-0.738	O2):37.98	
O1):-0.735	O2):37.722	
O1):-0.778	O2):40.743	
O1):-0.754	O2):38.493	
O1):-0.761	O2):39.331	
O1):-0.805	O2):45.689	
O1):-0.686	O2):30.172	
O1):-0.763	O2):40.421	
O1):-0.805	O2):46.191	
O1):-0.794	O2):41.212	
O1):-0.826	O2):51.115	
O1):-0.804	O2):45.862	
O1):-0.762	O2):39.259	
O1):-0.79	O2):43.576	
O1):-0.783	O2):40.648	
O1):-0.802	O2):45.779	
O1):-0.771	O2):44.741	
O1):-0.772	O2):40.248	
O1):-0.811	O2):55.066	
O1):-0.773	O2):40.857	
O1):-0.723	O2):36.499	
O1):-0.803	O2):45.045	
O1):-0.782	O2):40.79	
O1):-0.758	O2):39.903	
O1):-0.704	O2):34.325	
O1):-0.756	O2):39.022	
O1):-0.692	O2):34.115	
O1):-0.784	O2):44.521	
O1):-0.729	O2):34.679	
O1):-0.74	O2):38.383	
O1):-0.692	O2):33.856	
O1):-0.782	O2):40.79	
O1):-0.762	O2):39.8	
O1):-0.717	O2):33.945	
O1):-0.702	O2):33.941	
O1):-0.773	O2):39.442	
O1):-0.804	O2):45.784	
O1):-0.814	O2):49.894	
O1):-0.813	O2):48.759	
O1):-0.778	O2):40.403	
O1):-0.714	O2):34.564	
O1):-0.763	O2):38.482	
O1):-0.731	O2):35.816	
O1):-0.725	O2):35.269	
O1):-0.764	O2):38.35	
O1):-0.672	O2):31.703	
O1):-0.81	O2):49.417	
O1):-0.828	O2):59.431	
O1):-0.714	O2):34.163	
O1):-0.753	O2):38.236	
O1):-0.714	O2):34.261	
O1):-0.746	O2):38.86	
O1):-0.782	O2):43.479	
O1):-0.738	O2):37.98	
O1):-0.792	O2):40.636	
O1):-0.803	O2):45.027	
O1):-0.78	O2):43.014	
O1):-0.737	O2):38.499	
O1):-0.733	O2):35.811	
O1):-0.655	O2):29.907	
O1):-0.791	O2):44.912	
O1):-0.773	O2):40.235	
O1):-0.681	O2):33.828	
O1):-0.748	O2):36.577	
O1):-0.72	O2):35.213	
O1):-0.745	O2):36.3	
O1):-0.772	O2):39.957	
O1):-0.793	O2):44.067	
O1):-0.774	O2):39.681	
O1):-0.711	O2):33.502	
O1):-0.692	O2):31.159	
O1):-0.743	O2):38.608	
O1):-0.733	O2):37.555	
O1):-0.774	O2):39.202	
O1):-0.738	O2):37.98	
O1):-0.689	O2):33.948	
O1):-0.782	O2):40.79	
O1):-0.708	O2):33.336	
O1):-0.76	O2):40.772	
O1):-0.663	O2):32.993	
O1):-0.813	O2):46.714	
O1):-0.782	O2):40.79	
O1):-0.803	O2):45.79	
O1):-0.734	O2):37.692	
O1):-0.847	O2):59.516	
O1):-0.763	O2):38.846	
O1):-0.722	O2):35.351	
O1):-0.704	O2):34.045	
O1):-0.696	O2):33.671	
O1):-0.727	O2):35.011	
O1):-0.755	O2):39.269	
O1):-0.686	O2):33.839	
O1):-0.749	O2):39.734	
O1):-0.797	O2):45.663	
O1):-0.772	O2):40.797	
O1):-0.746	O2):38.86	
O1):-0.748	O2):38.251	
O1):-0.801	O2):45.781	
O1):-0.821	O2):54.483	
O1):-0.778	O2):41.209	
O1):-0.742	O2):38.664	
O1):-0.753	O2):39.524	
O1):-0.766	O2):39.803	
O1):-0.785	O2):41.491	
O1):-0.814	O2):49.894	
O1):-0.74	O2):38.287	
O1):-0.796	O2):47.878	
O1):-0.78	O2):40.631	
O1):-0.75	O2):43.817	
O1):-0.742	O2):38.437	
O1):-0.724	O2):34.721	
O1):-0.751	O2):38.648	
O1):-0.783	O2):45.003	
O1):-0.825	O2):50.086	
O1):-0.813	O2):48.611	
O1):-0.748	O2):38.308	
O1):-0.809	O2):49.712	
O1):-0.828	O2):49.843	
O1):-0.807	O2):48.517	
O1):-0.797	O2):47.416	
O1):-0.813	O2):50.325	
O1):-0.831	O2):50.528	
O1):-0.772	O2):40.248	
O1):-0.803	O2):45.025	
O1):-0.756	O2):40.432	
O1):-0.759	O2):40.612	
O1):-0.745	O2):36.3	
O1):-0.828	O2):59.431	
O1):-0.773	O2):40.48	
O1):-0.815	O2):53.155	
O1):-0.851	O2):56.774	
O1):-0.721	O2):35.09	
O1):-0.725	O2):35.212	
O1):-0.757	O2):38.501	
O1):-0.794	O2):41.212	
O1):-0.694	O2):33.167	
O1):-0.698	O2):33.928	
O1):-0.789	O2):43.431	
O1):-0.814	O2):51.013	
O1):-0.656	O2):29.696	
O1):-0.782	O2):46.173	
O1):-0.689	O2):33.926	
O1):-0.79	O2):43.576	
O1):-0.803	O2):45.025	
O1):-0.78	O2):43.143	
O1):-0.766	O2):39.465	
O1):-0.803	O2):45.025	
O1):-0.802	O2):45.119	
O1):-0.714	O2):34.163	
O1):-0.756	O2):39.997	
O1):-0.726	O2):34.29	
O1):-0.81	O2):45.631	
O1):-0.749	O2):39.839	
O1):-0.766	O2):38.831	
O1):-0.799	O2):43.894	
O1):-0.788	O2):43.099	
O1):-0.795	O2):45.876	
O1):-0.677	O2):33.51	
O1):-0.704	O2):33.906	
O1):-0.714	O2):34.526	
O1):-0.751	O2):39.736	
O1):-0.754	O2):39.886	
O1):-0.828	O2):59.43	
O1):-0.72	O2):36.631	
O1):-0.778	O2):41.138	
O1):-0.767	O2):40.506	
O1):-0.762	O2):38.487	
O1):-0.741	O2):39.864	
Evaluations:	500
O1):-0.821	O2):51.508	
O1):-0.782	O2):43.212	
O1):-0.705	O2):33.989	
O1):-0.794	O2):45.294	
O1):-0.792	O2):40.636	
O1):-0.767	O2):39.008	
O1):-0.725	O2):35.269	
O1):-0.786	O2):41.108	
O1):-0.767	O2):39.008	
O1):-0.76	O2):40.772	
O1):-0.746	O2):38.86	
O1):-0.804	O2):45.863	
O1):-0.746	O2):38.86	
O1):-0.776	O2):40.739	
O1):-0.716	O2):34.453	
O1):-0.788	O2):43.099	
O1):-0.765	O2):39.074	
O1):-0.763	O2):37.153	
O1):-0.754	O2):38.563	
O1):-0.738	O2):35.599	
O1):-0.78	O2):40.769	
O1):-0.817	O2):49.865	
O1):-0.843	O2):54.806	
O1):-0.716	O2):34.687	
O1):-0.791	O2):43.558	
O1):-0.776	O2):40.545	
O1):-0.714	O2):34.163	
O1):-0.779	O2):40.927	
O1):-0.806	O2):45.893	
O1):-0.681	O2):33.367	
O1):-0.773	O2):40.416	
O1):-0.713	O2):34.481	
O1):-0.814	O2):49.894	
Evaluations:	500
O1):-0.748	O2):38.308	
O1):-0.686	O2):33.299	
O1):-0.755	O2):39.269	
O1):-0.773	O2):40.459	
O1):-0.78	O2):43.143	
O1):-0.718	O2):33.816	
O1):-0.828	O2):59.431	
O1):-0.82	O2):51.284	
O1):-0.725	O2):35.269	
O1):-0.75	O2):38.788	
O1):-0.742	O2):35.758	
O1):-0.803	O2):45.025	
O1):-0.811	O2):45.961	
O1):-0.782	O2):43.82	
O1):-0.716	O2):34.687	
O1):-0.72	O2):35.233	
O1):-0.745	O2):35.089	
O1):-0.805	O2):45.62	
O1):-0.814	O2):49.894	
O1):-0.692	O2):33.856	
O1):-0.713	O2):34.481	
O1):-0.773	O2):44.778	
O1):-0.81	O2):50.025	
O1):-0.75	O2):38.4	
O1):-0.787	O2):45.373	
O1):-0.718	O2):34.76	
O1):-0.793	O2):44.067	
O1):-0.689	O2):33.926	
O1):-0.671	O2):34.777	
O1):-0.733	O2):37.551	
Evaluations:	500
O1):-0.794	O2):41.212	
O1):-0.797	O2):44.526	
O1):-0.724	O2):34.721	
O1):-0.793	O2):44.067	
O1):-0.806	O2):45.841	
O1):-0.762	O2):39.808	
O1):-0.782	O2):40.79	
O1):-0.778	O2):40.429	
O1):-0.796	O2):45.241	
O1):-0.748	O2):38.308	
O1):-0.799	O2):45.006	
Evaluations:	500
O1):-0.838	O2):51.329	
O1):-0.773	O2):38.941	
O1):-0.741	O2):35.928	
O1):-0.81	O2):46.256	
O1):-0.705	O2):34.584	
O1):-0.763	O2):44.368	
O1):-0.816	O2):45.349	
Evaluations:	600
O1):-0.763	O2):37.153	
O1):-0.692	O2):34.715	
O1):-0.735	O2):34.926	
O1):-0.752	O2):40.072	
O1):-0.793	O2):44.067	
O1):-0.738	O2):37.626	
O1):-0.758	O2):38.551	
O1):-0.643	O2):29.774	
O1):-0.802	O2):45.779	
Evaluations:	500
O1):-0.814	O2):49.861	
O1):-0.794	O2):41.024	
O1):-0.803	O2):45.15	
O1):-0.746	O2):36.374	
O1):-0.794	O2):45.833	
O1):-0.711	O2):34.023	
O1):-0.834	O2):54.261	
O1):-0.754	O2):38.563	
O1):-0.699	O2):34.226	
O1):-0.754	O2):39.746	
O1):-0.764	O2):39.016	
O1):-0.793	O2):43.127	
O1):-0.793	O2):43.128	
O1):-0.768	O2):41.346	
O1):-0.828	O2):59.43	
O1):-0.698	O2):33.785	
O1):-0.818	O2):49.998	
O1):-0.78	O2):43.143	
O1):-0.766	O2):39.087	
O1):-0.704	O2):34.045	
O1):-0.778	O2):40.777	
O1):-0.738	O2):37.635	
O1):-0.733	O2):36.388	
O1):-0.803	O2):48.212	
O1):-0.776	O2):39.76	
O1):-0.774	O2):39.681	
O1):-0.717	O2):33.945	
O1):-0.828	O2):59.43	
O1):-0.725	O2):35.269	
O1):-0.717	O2):33.945	
O1):-0.805	O2):45.62	
O1):-0.682	O2):33.938	
O1):-0.674	O2):31.572	
O1):-0.78	O2):40.631	
O1):-0.794	O2):41.212	
O1):-0.655	O2):29.907	
O1):-0.784	O2):44.506	
O1):-0.8	O2):44.098	
O1):-0.716	O2):34.679	
O1):-0.794	O2):41.212	
O1):-0.775	O2):50.698	
O1):-0.803	O2):45.025	
O1):-0.732	O2):35.37	
O1):-0.707	O2):35.275	
O1):-0.756	O2):40.472	
O1):-0.724	O2):34.721	
O1):-0.81	O2):45.631	
O1):-0.77	O2):39.474	
O1):-0.77	O2):39.474	
O1):-0.805	O2):45.62	
O1):-0.818	O2):49.998	
O1):-0.793	O2):45.614	
O1):-0.756	O2):39.424	
O1):-0.713	O2):34.481	
O1):-0.777	O2):40.724	
O1):-0.773	O2):38.915	
O1):-0.728	O2):36.09	
O1):-0.793	O2):45.703	
O1):-0.773	O2):39.022	
O1):-0.8	O2):44.098	
O1):-0.795	O2):44.964	
O1):-0.725	O2):35.212	
O1):-0.793	O2):43.127	
O1):-0.793	O2):43.127	
O1):-0.757	O2):38.836	
O1):-0.725	O2):33.944	
O1):-0.765	O2):40.855	
O1):-0.81	O2):49.417	
O1):-0.766	O2):39.636	
Evaluations:	500
O1):-0.803	O2):45.425	
O1):-0.729	O2):34.528	
O1):-0.797	O2):45.619	
O1):-0.793	O2):43.127	
O1):-0.76	O2):39.326	
O1):-0.763	O2):39.87	
O1):-0.749	O2):38.256	
O1):-0.742	O2):38.437	
O1):-0.793	O2):43.127	
O1):-0.793	O2):44.066	
O1):-0.671	O2):31.434	
O1):-0.771	O2):39.149	
O1):-0.78	O2):40.631	
O1):-0.774	O2):39.526	
O1):-0.764	O2):44.193	
O1):-0.805	O2):53.264	
O1):-0.756	O2):38.944	
O1):-0.731	O2):35.442	
O1):-0.77	O2):38.885	
O1):-0.756	O2):38.944	
O1):-0.805	O2):45.62	
O1):-0.805	O2):46.108	
O1):-0.741	O2):35.928	
O1):-0.782	O2):43.816	
O1):-0.724	O2):34.721	
O1):-0.854	O2):59.708	
O1):-0.726	O2):35.167	
O1):-0.797	O2):44.575	
O1):-0.84	O2):50.72	
O1):-0.724	O2):34.721	
O1):-0.721	O2):34.209	
O1):-0.719	O2):33.988	
O1):-0.742	O2):38.437	
O1):-0.755	O2):40.994	
O1):-0.795	O2):41.15	
O1):-0.81	O2):46.256	
O1):-0.788	O2):44.514	
O1):-0.725	O2):35.213	
O1):-0.692	O2):33.856	
O1):-0.729	O2):36.348	
O1):-0.733	O2):39.46	
O1):-0.726	O2):34.29	
O1):-0.763	O2):40.884	
O1):-0.804	O2):48.802	
O1):-0.732	O2):35.37	
O1):-0.742	O2):36.222	
O1):-0.797	O2):44.575	
O1):-0.742	O2):35.758	
O1):-0.714	O2):34.261	
O1):-0.762	O2):38.699	
O1):-0.806	O2):45.938	
O1):-0.717	O2):33.945	
O1):-0.731	O2):36.543	
O1):-0.704	O2):34.047	
O1):-0.786	O2):45.497	
O1):-0.786	O2):43.054	
O1):-0.709	O2):33.889	
O1):-0.7	O2):33.834	
O1):-0.816	O2):45.355	
O1):-0.793	O2):43.127	
O1):-0.803	O2):45.025	
O1):-0.751	O2):39.746	
O1):-0.731	O2):35.442	
O1):-0.726	O2):36.004	
O1):-0.744	O2):36.695	
O1):-0.714	O2):34.163	
O1):-0.771	O2):45.207	
O1):-0.75	O2):38.4	
O1):-0.807	O2):45.789	
O1):-0.745	O2):35.09	
O1):-0.797	O2):44.682	
O1):-0.724	O2):34.721	
O1):-0.792	O2):43.677	
O1):-0.789	O2):43.182	
O1):-0.755	O2):39.386	
O1):-0.743	O2):41.008	
O1):-0.764	O2):39.016	
O1):-0.691	O2):33.569	
O1):-0.821	O2):52.68	
O1):-0.704	O2):34.045	
O1):-0.77	O2):39.474	
O1):-0.781	O2):40.9	
O1):-0.778	O2):40.738	
O1):-0.692	O2):33.856	
O1):-0.803	O2):45.999	
O1):-0.719	O2):33.988	
O1):-0.768	O2):41.346	
O1):-0.746	O2):36.375	
O1):-0.763	O2):38.846	
O1):-0.804	O2):45.637	
O1):-0.805	O2):46.191	
O1):-0.803	O2):45.425	
O1):-0.732	O2):35.37	
O1):-0.829	O2):49.897	
O1):-0.724	O2):34.721	
O1):-0.729	O2):38.189	
O1):-0.805	O2):45.689	
O1):-0.752	O2):38.65	
O1):-0.762	O2):39.259	
O1):-0.745	O2):36.3	
O1):-0.725	O2):35.218	
O1):-0.714	O2):34.163	
O1):-0.774	O2):39.681	
O1):-0.793	O2):44.067	
O1):-0.776	O2):39.76	
O1):-0.674	O2):31.572	
O1):-0.775	O2):39.676	
O1):-0.717	O2):33.945	
O1):-0.746	O2):36.375	
O1):-0.787	O2):43.249	
O1):-0.791	O2):43.665	
O1):-0.772	O2):39.049	
O1):-0.725	O2):35.269	
O1):-0.748	O2):38.588	
O1):-0.843	O2):54.806	
O1):-0.771	O2):45.207	
O1):-0.717	O2):39.767	
O1):-0.72	O2):35.688	
O1):-0.775	O2):44.387	
O1):-0.803	O2):45.425	
O1):-0.818	O2):46.495	
O1):-0.799	O2):45.006	
O1):-0.762	O2):38.699	
O1):-0.775	O2):43.047	
O1):-0.774	O2):39.48	
O1):-0.714	O2):34.163	
O1):-0.806	O2):45.464	
O1):-0.758	O2):39.028	
O1):-0.717	O2):34.922	
O1):-0.782	O2):40.791	
O1):-0.732	O2):35.37	
O1):-0.767	O2):39.129	
O1):-0.735	O2):34.935	
O1):-0.771	O2):39.292	
O1):-0.786	O2):40.701	
O1):-0.784	O2):40.692	
O1):-0.795	O2):44.935	
O1):-0.729	O2):34.527	
O1):-0.793	O2):44.067	
O1):-0.746	O2):37.982	
O1):-0.77	O2):39.474	
O1):-0.692	O2):31.159	
O1):-0.793	O2):44.069	
O1):-0.727	O2):34.416	
O1):-0.716	O2):34.692	
O1):-0.788	O2):43.1	
O1):-0.798	O2):45.496	
O1):-0.745	O2):35.09	
O1):-0.771	O2):41.146	
O1):-0.753	O2):38.721	
O1):-0.753	O2):38.721	
O1):-0.803	O2):45.025	
O1):-0.753	O2):38.397	
O1):-0.82	O2):49.903	
O1):-0.8	O2):44.053	
O1):-0.777	O2):39.713	
O1):-0.711	O2):33.501	
O1):-0.669	O2):31.739	
O1):-0.775	O2):40.112	
O1):-0.794	O2):45.833	
O1):-0.769	O2):39.62	
O1):-0.843	O2):54.806	
O1):-0.775	O2):40.422	
O1):-0.701	O2):33.638	
O1):-0.77	O2):38.886	
O1):-0.812	O2):46.274	
O1):-0.713	O2):36.078	
O1):-0.788	O2):43.1	
O1):-0.711	O2):34.465	
O1):-0.793	O2):44.067	
O1):-0.731	O2):35.348	
O1):-0.725	O2):35.212	
O1):-0.744	O2):38.574	
O1):-0.762	O2):38.699	
O1):-0.751	O2):39.331	
O1):-0.733	O2):39.803	
O1):-0.733	O2):37.552	
O1):-0.702	O2):34.463	
O1):-0.742	O2):38.437	
O1):-0.756	O2):39.424	
O1):-0.744	O2):38.618	
O1):-0.796	O2):44.313	
O1):-0.795	O2):44.935	
O1):-0.774	O2):39.186	
O1):-0.732	O2):35.835	
O1):-0.81	O2):45.631	
O1):-0.716	O2):36.002	
O1):-0.77	O2):39.474	
O1):-0.708	O2):33.761	
O1):-0.671	O2):31.434	
O1):-0.828	O2):59.431	
O1):-0.828	O2):51.886	
O1):-0.762	O2):38.699	
O1):-0.714	O2):34.163	
O1):-0.782	O2):40.79	
O1):-0.803	O1):-0.793	O2):48.184	
O2):44.067	
O1):-0.769	O2):42.868	
O1):-0.742	O2):38.437	
O1):-0.787	O2):43.675	
O1):-0.763	O2):39.87	
O1):-0.764	O2):44.193	
O1):-0.745	O2):36.3	
O1):-0.752	O2):39.057	
O1):-0.669	O2):31.739	
O1):-0.746	O2):36.374	
O1):-0.793	O2):43.127	
O1):-0.765	O2):39.074	
O1):-0.825	O2):50.165	
O1):-0.793	O2):43.127	
O1):-0.75	O2):38.789	
O1):-0.804	O2):46.448	
O1):-0.796	O2):43.674	
O1):-0.793	O2):44.067	
O1):-0.769	O2):38.763	
O1):-0.801	O2):45.24	
O1):-0.804	O2):45.862	
O1):-0.725	O2):35.205	
O1):-0.742	O2):35.758	
O1):-0.798	O2):45.496	
O1):-0.775	O2):43.047	
O1):-0.803	O2):45.025	
O1):-0.714	O2):35.146	
O1):-0.761	O2):40.009	
O1):-0.704	O2):34.045	
O1):-0.745	O2):35.09	
O1):-0.783	O2):40.108	
O1):-0.751	O2):39.746	
O1):-0.748	O2):38.308	
O1):-0.741	O2):34.684	
O1):-0.655	O2):29.907	
O1):-0.786	O2):41.108	
O1):-0.762	O2):39.667	
O1):-0.797	O2):47.533	
O1):-0.806	O2):45.871	
O1):-0.714	O2):34.261	
O1):-0.795	O2):41.15	
O1):-0.854	O2):59.708	
O1):-0.773	O2):39.442	
O1):-0.791	O2):43.665	
O1):-0.81	O2):46.256	
O1):-0.732	O2):35.37	
O1):-0.792	O2):43.677	
O1):-0.795	O2):44.964	
O1):-0.744	O2):35.621	
O1):-0.788	O2):44.516	
O1):-0.779	O2):44.909	
O1):-0.705	O2):33.766	
O1):-0.788	O2):43.099	
O1):-0.717	O2):33.945	
O1):-0.707	O2):34.14	
O1):-0.725	O2):35.205	
O1):-0.751	O2):39.736	
O1):-0.753	O2):38.401	
O1):-0.671	O2):31.434	
O1):-0.725	O2):33.944	
O1):-0.795	O2):44.935	
O1):-0.682	O2):34.22	
Evaluations:	500
O1):-0.796	O2):44.313	
O1):-0.805	O2):53.264	
O1):-0.765	O2):39.282	
O1):-0.773	O2):39.077	
O1):-0.828	O2):59.43	
O1):-0.772	O2):40.266	
O1):-0.734	O2):36.048	
O1):-0.75	O2):39.579	
O1):-0.747	O2):39.236	
O1):-0.788	O2):44.539	
O1):-0.818	O2):50.08	
O1):-0.732	O2):35.37	
O1):-0.724	O2):34.721	
O1):-0.783	O2):44.2	
O1):-0.782	O2):41.499	
O1):-0.725	O2):35.213	
O1):-0.762	O2):38.699	
O1):-0.786	O2):41.107	
O1):-0.748	O2):38.25	
O1):-0.814	O2):49.859	
O1):-0.794	O2):44.007	
O1):-0.773	O2):39.442	
O1):-0.698	O2):33.958	
O1):-0.771	O2):39.905	
O1):-0.751	O2):38.647	
O1):-0.727	O2):34.869	
O1):-0.73	O2):34.828	
O1):-0.782	O2):41.077	
O1):-0.775	O2):40.67	
O1):-0.829	O2):49.889	
O1):-0.797	O2):47.32	
O1):-0.822	O2):54.325	
O1):-0.742	O2):38.437	
O1):-0.838	O2):51.329	
O1):-0.711	O2):34.465	
O1):-0.774	O2):49.765	
O1):-0.716	O2):34.766	
O1):-0.789	O2):43.182	
O1):-0.788	O2):44.61	
O1):-0.724	O2):33.902	
O1):-0.729	O2):34.679	
O1):-0.828	O2):59.431	
O1):-0.729	O2):34.678	
O1):-0.755	O2):38.801	
O1):-0.719	O2):35.273	
O1):-0.713	O2):33.874	
O1):-0.749	O2):38.386	
O1):-0.761	O2):40.708	
O1):-0.838	O2):55.017	
O1):-0.773	O2):39.127	
O1):-0.771	O2):40.382	
O1):-0.788	O2):43.254	
O1):-0.719	O2):35.273	
O1):-0.702	O2):33.258	
O1):-0.761	O2):39.331	
O1):-0.814	O2):48.971	
O1):-0.704	O2):33.905	
O1):-0.818	O2):50.08	
O1):-0.761	O2):40.708	
O1):-0.774	O2):39.682	
O1):-0.748	O2):38.345	
O1):-0.725	O2):35.205	
O1):-0.806	O2):45.893	
O1):-0.799	O2):45.621	
O1):-0.74	O2):35.811	
O1):-0.813	O2):50.328	
O1):-0.713	O2):34.007	
O1):-0.795	O2):41.15	
O1):-0.76	O2):39.326	
O1):-0.782	O2):40.79	
O1):-0.722	O2):35.152	
O1):-0.775	O2):40.417	
O1):-0.765	O2):39.282	
O1):-0.763	O2):38.846	
O1):-0.816	O2):45.355	
O1):-0.729	O2):34.528	
O1):-0.765	O2):40.786	
O1):-0.795	O2):44.94	
O1):-0.756	O2):38.944	
O1):-0.696	O2):34.803	
O1):-0.828	O2):59.431	
O1):-0.765	O2):38.766	
O1):-0.772	O2):39.912	
O1):-0.745	O2):35.09	
O1):-0.735	O2):40.657	
O1):-0.772	O2):39.957	
O1):-0.788	O2):43.598	
O1):-0.723	O2):35.997	
O1):-0.787	O2):45.179	
O1):-0.801	O2):44.92	
O1):-0.738	O2):35.024	
O1):-0.77	O2):39.922	
O1):-0.747	O2):36.415	
O1):-0.801	O2):44.912	
O1):-0.734	O2):36.152	
O1):-0.714	O2):34.163	
O1):-0.748	O2):40.448	
O1):-0.778	O2):40.743	
O1):-0.734	O2):36.048	
O1):-0.814	O2):49.894	
O1):-0.766	O2):40.718	
O1):-0.768	O2):39.335	
O1):-0.73	O2):35.777	
O1):-0.793	O2):43.127	
O1):-0.812	O2):46.629	
O1):-0.795	O2):44.999	
O1):-0.764	O2):38.56	
Starting PrismExecutor worker 1 on port 15081
Connected worker 1 to port 15081
O1):-0.793	O2):44.001	
O1):-0.741	O2):38.421	
O1):-0.793	O2):44.067	
O1):-0.764	O2):44.164	
O1):-0.745	O2):38.322	
O1):-0.773	O2):39.446	
O1):-0.732	O2):35.37	
O1):-0.752	O2):38.65	
O1):-0.74	O2):38.383	
O1):-0.716	O2):34.749	
O1):-0.806	O2):45.464	
O1):-0.756	O2):39.424	
O1):-0.765	O2):39.058	
O1):-0.738	O2):37.64	
O1):-0.743	O2):38.688	
O1):-0.704	O2):34.019	
O1):-0.773	O2):40.235	
O1):-0.749	O2):41.222	
O1):-0.769	O2):39.287	
O1):-0.783	O2):44.021	
O1):-0.726	O2):35.541	
O1):-0.802	O2):45.848	
O1):-0.813	O2):50.36	
O1):-0.766	O2):39.765	
O1):-0.686	O2):33.299	
O1):-0.709	O2):33.889	
O1):-0.814	O2):49.894	
O1):-0.711	O2):33.9	
O1):-0.766	O2):38.366	
O1):-0.694	O2):33.167	
O1):-0.788	O2):43.406	
O1):-0.731	O2):35.634	
O1):-0.793	O2):44.067	
O1):-0.774	O2):39.681	
O1):-0.706	O2):33.748	
O1):-0.813	O2):48.759	
O1):-0.813	O2):48.759	
O1):-0.704	O2):34.336	
O1):-0.79	O2):43.576	
O1):-0.772	O2):39.957	
O1):-0.794	O2):43.819	
O1):-0.748	O2):38.308	
O1):-0.805	O2):46.04	
O1):-0.775	O2):40.422	
O1):-0.788	O2):44.516	
O1):-0.802	O2):49.972	
O1):-0.748	O2):38.308	
O1):-0.716	O2):34.498	
O1):-0.748	O2):38.308	
O1):-0.782	O2):43.059	
O1):-0.78	O2):40.769	
O1):-0.689	O2):33.926	
O1):-0.722	O2):35.663	
O1):-0.756	O2):39.424	
O1):-0.767	O2):39.304	
O1):-0.851	O2):56.769	
O1):-0.802	O2):45.121	
O1):-0.731	O2):35.817	
O1):-0.775	O2):40.422	
O1):-0.774	O2):39.202	
O1):-0.778	O2):41.209	
O1):-0.707	O2):34.14	
O1):-0.728	O2):34.357	
O1):-0.738	O2):37.98	
O1):-0.721	O2):35.661	
O1):-0.73	O2):39.198	
O1):-0.775	O2):40.422	
O1):-0.746	O2):36.374	
O1):-0.774	O2):39.681	
O1):-0.793	O2):43.127	
O1):-0.727	O2):35.965	
O1):-0.742	O2):38.437	
O1):-0.797	O2):44.634	
O1):-0.758	O2):38.562	
O1):-0.793	O2):44.067	
O1):-0.743	O2):38.69	
O1):-0.813	O2):45.141	
O1):-0.804	O2):45.863	
O1):-0.797	O2):45.245	
O1):-0.752	O2):42.653	
O1):-0.74	O2):38.287	
O1):-0.804	O2):45.862	
O1):-0.759	O2):43.055	
O1):-0.741	O2):35.936	
O1):-0.732	O2):35.37	
O1):-0.704	O2):34.045	
O1):-0.716	O2):34.453	
O1):-0.79	O2):43.439	
O1):-0.784	O2):44.0	
O1):-0.765	O2):39.018	
O1):-0.747	O2):38.086	
O1):-0.746	O2):37.982	
O1):-0.828	O2):51.838	
O1):-0.777	O2):40.728	
O1):-0.774	O2):40.589	
O1):-0.809	O2):49.316	
O1):-0.78	O2):44.121	
O1):-0.814	O2):49.894	
O1):-0.773	O2):39.442	
O1):-0.8	O2):44.053	
O1):-0.762	O2):38.487	
O1):-0.803	O2):45.448	
O1):-0.829	O2):50.931	
O1):-0.701	O2):33.638	
O1):-0.803	O2):45.025	
O1):-0.704	O2):33.906	
O1):-0.725	O2):35.205	
O1):-0.671	O2):31.434	
O1):-0.731	O2):35.807	
O1):-0.73	O2):34.828	
O1):-0.755	O2):39.507	
O1):-0.767	O2):39.132	
O1):-0.678	O2):33.201	
O1):-0.681	O2):33.367	
Evaluations:	600
O1):-0.725	O2):35.205	
O1):-0.775	O2):39.793	
O1):-0.732	O2):35.37	
O1):-0.76	O2):39.326	
Starting PrismExecutor worker 2 on port 15082
O1):-0.777	O2):40.458	
Connected worker 2 to port 15082
O1):-0.76	O2):39.326	
O1):-0.766	O2):40.48	
O1):-0.742	O2):35.758	
O1):-0.74	O2):38.287	
O1):-0.725	O2):35.205	
O1):-0.714	O2):34.526	
O1):-0.755	O2):39.425	
O1):-0.821	O2):46.839	
O1):-0.725	O2):35.212	
O1):-0.794	O2):41.212	
O1):-0.806	O2):45.881	
O1):-0.75	O2):38.4	
O1):-0.767	O2):40.629	
O1):-0.762	O2):38.711	
O1):-0.732	O2):35.37	
O1):-0.838	O2):59.501	
O1):-0.697	O2):33.554	
O1):-0.831	O2):50.528	
O1):-0.825	O2):50.086	
O1):-0.793	O2):44.067	
O1):-0.821	O2):54.483	
O1):-0.817	O2):46.517	
O1):-0.792	O2):40.636	
O1):-0.804	O2):46.424	
O1):-0.795	O2):41.15	
O1):-0.791	O2):48.721	
O1):-0.75	O2):38.399	
O1):-0.783	O2):44.021	
O1):-0.843	O2):55.215	
O1):-0.736	O2):38.231	
O1):-0.707	O2):35.021	
O1):-0.731	O2):35.817	
O1):-0.777	O2):40.724	
O1):-0.671	O2):31.432	
O1):-0.794	O2):41.212	
O1):-0.725	O2):35.205	
O1):-0.744	O2):38.618	
O1):-0.796	O2):43.907	
O1):-0.753	O2):38.397	
O1):-0.742	O2):36.222	
O1):-0.775	O2):40.747	
O1):-0.796	O2):43.27	
O1):-0.734	O2):37.21	
O1):-0.725	O2):35.205	
O1):-0.808	O2):45.407	
O1):-0.773	O2):40.411	
O1):-0.785	O2):45.606	
O1):-0.721	O2):35.09	
O1):-0.685	O2):33.171	
O1):-0.776	O2):41.208	
O1):-0.75	O2):38.683	
O1):-0.854	O2):59.708	
O1):-0.803	O2):45.425	
O1):-0.733	O2):35.811	
O1):-0.746	O2):36.374	
O1):-0.689	O2):33.926	
O1):-0.797	O2):45.201	
O1):-0.704	O2):34.045	
O1):-0.763	O2):39.105	
O1):-0.736	O2):35.208	
O1):-0.78	O2):40.769	
O1):-0.784	O2):40.743	
O1):-0.854	O2):59.708	
O1):-0.814	O2):49.894	
O1):-0.847	O2):59.516	
O1):-0.727	O2):34.868	
O1):-0.783	O2):41.496	
O1):-0.735	O2):34.926	
O1):-0.792	O2):40.636	
O1):-0.758	O2):40.3	
O1):-0.836	O2):51.577	
O1):-0.796	O2):43.674	
O1):-0.7	O2):33.833	
O1):-0.793	O2):44.067	
O1):-0.732	O2):35.37	
O1):-0.77	O2):39.474	
O1):-0.745	O2):37.846	
O1):-0.797	O2):45.424	
O1):-0.731	O2):35.217	
O1):-0.761	O2):39.868	
O1):-0.788	O2):41.914	
O1):-0.756	O2):39.022	
O1):-0.727	O2):36.907	
O1):-0.753	O2):38.712	
O1):-0.82	O2):50.119	
O1):-0.794	O2):41.212	
O1):-0.773	O2):40.48	
O1):-0.672	O2):31.703	
O1):-0.803	O2):45.025	
O1):-0.714	O2):35.485	
O1):-0.77	O2):39.474	
O1):-0.854	O2):59.708	
O1):-0.745	O2):37.846	
O1):-0.809	O2):46.44	
O1):-0.745	O2):37.773	
O1):-0.736	O2):38.278	
O1):-0.834	O2):54.261	
O1):-0.787	O2):45.271	
O1):-0.762	O2):38.479	
Evaluations:	600
O1):-0.795	O2):41.15	
O1):-0.697	O2):33.55	
O1):-0.773	O2):39.845	
O1):-0.754	O2):39.746	
O1):-0.81	O2):45.631	
O1):-0.793	O2):40.904	
O1):-0.782	O2):40.79	
O1):-0.637	O2):29.409	
O1):-0.757	O2):39.318	
O1):-0.763	O2):38.619	
O1):-0.746	O2):36.374	
O1):-0.782	O2):40.79	
O1):-0.766	O2):38.462	
Starting PrismExecutor worker 3 on port 15083
Connected worker 3 to port 15083
O1):-0.726	O2):36.003	
O1):-0.715	O2):34.697	
O1):-0.795	O2):45.738	
O1):-0.825	O2):50.086	
O1):-0.759	O2):39.409	
O1):-0.82	O2):48.845	
O1):-0.791	O2):44.912	
O1):-0.73	O2):35.775	
O1):-0.754	O2):38.563	
O1):-0.722	O2):33.788	
O1):-0.796	O2):46.259	
O1):-0.755	O2):38.86	
O1):-0.799	O2):45.621	
O1):-0.689	O2):33.926	
O1):-0.786	O2):46.275	
O1):-0.774	O2):39.79	
O1):-0.766	O2):39.765	
O1):-0.763	O2):38.643	
O1):-0.763	O2):38.482	
O1):-0.711	O2):34.465	
O1):-0.762	O2):38.709	
O1):-0.716	O2):34.749	
O1):-0.78	O2):43.143	
O1):-0.732	O2):35.902	
O1):-0.711	O2):33.737	
O1):-0.699	O2):33.863	
O1):-0.766	O2):40.012	
O1):-0.73	O2):36.52	
O1):-0.75	O2):38.615	
O1):-0.768	O2):39.243	
O1):-0.776	O2):45.477	
O1):-0.732	O2):35.37	
O1):-0.818	O2):49.998	
O1):-0.781	O2):43.927	
O1):-0.843	O2):54.806	
O1):-0.698	O2):33.958	
O1):-0.752	O2):39.052	
O1):-0.783	O2):41.513	
O1):-0.776	O2):40.545	
O1):-0.729	O2):34.527	
O1):-0.806	O2):45.841	
O1):-0.797	O2):44.682	
O1):-0.786	O2):41.108	
O1):-0.757	O2):38.501	
O1):-0.778	O2):41.072	
O1):-0.717	O2):34.641	
O1):-0.745	O2):38.322	
O1):-0.791	O2):43.665	
O1):-0.774	O2):39.11	
O1):-0.778	O2):40.403	
O1):-0.774	O2):39.682	
O1):-0.735	O2):34.926	
O1):-0.825	O2):50.086	
O1):-0.733	O2):37.551	
O1):-0.751	O2):38.555	
O1):-0.669	O2):31.739	
O1):-0.748	O2):38.308	
O1):-0.789	O2):45.128	
O1):-0.779	O2):45.359	
O1):-0.724	O2):34.721	
O1):-0.736	O2):39.544	
O1):-0.794	O2):41.212	
O1):-0.738	O2):37.98	
O1):-0.763	O2):37.153	
O1):-0.724	O2):34.893	
O1):-0.744	O2):38.473	
O1):-0.721	O2):34.209	
O1):-0.803	O2):45.025	
O1):-0.77	O2):38.885	
O1):-0.775	O2):40.422	
O1):-0.773	O2):40.235	
O1):-0.782	O2):40.79	
O1):-0.84	O2):50.72	
O1):-0.792	O2):40.624	
O1):-0.824	O2):50.275	
O1):-0.763	O2):39.051	
O1):-0.684	O2):33.514	
O1):-0.745	O2):35.089	
O1):-0.797	O2):41.83	
O1):-0.804	O2):45.862	
O1):-0.81	O2):49.417	
O1):-0.771	O2):38.904	
O1):-0.748	O2):38.245	
O1):-0.733	O2):35.811	
O1):-0.751	O2):38.426	
O1):-0.785	O2):45.817	
O1):-0.717	O2):35.266	
O1):-0.775	O2):43.566	
O1):-0.701	O2):34.062	
O1):-0.732	O2):35.388	
O1):-0.801	O2):45.794	
O1):-0.803	O2):45.781	
O1):-0.704	O2):34.045	
O1):-0.801	O2):45.807	
O1):-0.814	O2):48.841	
O1):-0.777	O2):41.077	
O1):-0.748	O2):38.251	
O1):-0.785	O2):40.797	
O1):-0.813	O2):48.576	
O1):-0.715	O2):39.549	
O1):-0.828	O2):59.43	
O1):-0.821	O2):48.913	
O1):-0.803	O2):45.025	
O1):-0.786	O2):42.852	
O1):-0.718	O2):34.873	
O1):-0.742	O2):36.93	
O1):-0.748	O2):40.448	
O1):-0.744	O2):39.521	
O1):-0.745	O2):36.3	
O1):-0.749	O2):38.256	
O1):-0.775	O2):40.422	
O1):-0.796	O2):43.907	
O1):-0.735	O2):37.722	
O1):-0.828	O2):59.43	
O1):-0.81	O2):46.301	
O1):-0.802	O2):45.532	
O1):-0.746	O2):36.374	
O1):-0.698	O2):33.958	
O1):-0.749	O2):38.256	
O1):-0.796	O2):43.907	
O1):-0.83	O2):50.637	
O1):-0.71	O2):34.811	
O1):-0.671	O2):31.434	
O1):-0.783	O2):41.522	
O1):-0.785	O2):41.491	
O1):-0.825	O2):50.165	
O1):-0.711	O2):33.737	
Starting PrismExecutor worker 0 on port 15080
Connected worker 0 to port 15080
O1):-0.793	O2):44.061	
O1):-0.71	O2):34.324	
O1):-0.795	O2):44.999	
O1):-0.737	O2):38.453	
O1):-0.689	O2):33.928	
O1):-0.782	O2):40.79	
O1):-0.802	O2):44.89	
O1):-0.774	O2):39.114	
O1):-0.74	O2):44.183	
O1):-0.828	O2):49.835	
O1):-0.81	O2):46.256	
O1):-0.719	O2):35.273	
O1):-0.792	O2):41.047	
O1):-0.729	O2):34.924	
O1):-0.821	O2):46.839	
O1):-0.811	O2):46.335	
O1):-0.773	O2):40.235	
O1):-0.748	O2):38.345	
O1):-0.724	O2):34.844	
O1):-0.788	O2):43.365	
O1):-0.767	O2):38.476	
O1):-0.744	O2):38.618	
O1):-0.74	O2):38.287	
O1):-0.722	O2):35.604	
O1):-0.689	O2):33.926	
O1):-0.786	O2):41.108	
O1):-0.698	O2):33.958	
O1):-0.745	O2):35.653	
O1):-0.698	O2):33.958	
O1):-0.795	O2):44.999	
O1):-0.82	O2):51.679	
O1):-0.828	O2):59.43	
O1):-0.742	O2):36.381	
O1):-0.81	O2):49.865	
O1):-0.718	O2):34.789	
O1):-0.732	O2):35.37	
O1):-0.791	O2):44.912	
O1):-0.767	O2):39.129	
O1):-0.79	O2):40.583	
O1):-0.736	O2):38.801	
O1):-0.741	O2):38.958	
O1):-0.797	O2):43.634	
O1):-0.788	O2):43.099	
O1):-0.759	O2):39.557	
O1):-0.778	O2):40.429	
O1):-0.77	O2):38.885	
O1):-0.766	O2):39.917	
O1):-0.728	O2):38.603	
O1):-0.804	O2):45.863	
O1):-0.748	O2):39.415	
O1):-0.801	O2):44.92	
O1):-0.756	O2):39.424	
O1):-0.701	O2):34.062	
O1):-0.844	O2):55.169	
O1):-0.766	O2):40.649	
O1):-0.805	O2):46.174	
O1):-0.828	O2):59.43	
O1):-0.745	O2):39.462	
O1):-0.749	O2):38.668	
O1):-0.793	O2):44.77	
O1):-0.719	O2):35.273	
O1):-0.724	O2):34.721	
O1):-0.799	O2):45.621	
O1):-0.805	O2):46.191	
O1):-0.812	O2):46.274	
O1):-0.744	O2):40.47	
O1):-0.786	O2):41.108	
O1):-0.721	O2):35.712	
Evaluations:	700
O1):-0.782	O2):40.79	
O1):-0.778	O2):45.37	
O1):-0.736	O2):35.109	
O1):-0.763	O2):38.253	
O1):-0.801	O2):44.799	
O1):-0.719	O2):34.968	
O1):-0.738	O2):35.063	
O1):-0.712	O2):34.651	
O1):-0.698	O2):33.958	
O1):-0.693	O2):33.851	
O1):-0.831	O2):50.761	
O1):-0.775	O2):40.514	
O1):-0.784	O2):44.385	
O1):-0.782	O2):40.79	
O1):-0.782	O2):40.79	
O1):-0.804	O2):45.862	
O1):-0.818	O2):49.623	
O1):-0.806	O2):45.893	
O1):-0.779	O2):45.47	
O1):-0.732	O2):39.347	
Evaluations:	600
O1):-0.718	O2):33.816	
O1):-0.723	O2):40.618	
Evaluations:	600
O1):-0.733	O2):40.124	
O1):-0.742	O2):35.233	
Evaluations:	600
O1):-0.774	O2):39.323	
O1):-0.707	O2):34.14	
O1):-0.744	O2):38.574	
O1):-0.822	O2):45.677	
O1):-0.707	O2):33.649	
O1):-0.772	O2):38.824	
O1):-0.689	O2):33.926	
O1):-0.774	O2):40.589	
O1):-0.71	O2):34.324	
O1):-0.716	O2):34.687	
O1):-0.786	O2):41.108	
O1):-0.818	O2):46.437	
O1):-0.829	O2):50.822	
O1):-0.776	O2):40.984	
O1):-0.762	O2):38.699	
O1):-0.773	O2):40.235	
O1):-0.772	O2):39.034	
O1):-0.829	O2):49.889	
O1):-0.748	O2):38.308	
O1):-0.766	O2):39.766	
O1):-0.748	O2):40.565	
O1):-0.729	O2):34.528	
O1):-0.686	O2):34.786	
O1):-0.784	O2):45.627	
Starting PrismExecutor worker 4 on port 15084
O1):-0.729	O2):37.937	
O1):-0.726	O2):36.423	
Connected worker 4 to port 15084
O1):-0.727	O2):34.868	
O1):-0.776	O2):39.76	
O1):-0.785	O2):41.491	
O1):-0.744	O2):35.471	
O1):-0.794	O2):43.819	
O1):-0.81	O2):46.322	
O1):-0.783	O2):41.561	
O1):-0.744	O2):35.471	
O1):-0.672	O2):31.702	
O1):-0.724	O2):34.721	
O1):-0.782	O2):40.79	
O1):-0.811	O2):53.056	
O1):-0.731	O2):34.87	
O1):-0.782	O2):40.79	
O1):-0.804	O2):45.862	
O1):-0.714	O2):34.297	
O1):-0.725	O2):35.205	
O1):-0.817	O2):49.865	
O1):-0.79	O2):43.576	
O1):-0.692	O2):34.214	
O1):-0.792	O2):43.337	
O1):-0.787	O2):43.62	
O1):-0.734	O2):36.152	
O1):-0.81	O2):49.417	
O1):-0.827	O2):46.502	
O1):-0.764	O2):43.167	
O1):-0.79	O2):40.513	
O1):-0.782	O2):40.79	
O1):-0.791	O2):43.665	
O1):-0.751	O2):38.555	
O1):-0.765	O2):40.786	
O1):-0.774	O2):39.681	
O1):-0.695	O2):33.472	
O1):-0.794	O2):41.212	
O1):-0.771	O2):39.914	
O1):-0.773	O2):38.915	
O1):-0.817	O2):49.865	
O1):-0.761	O2):38.556	
O1):-0.763	O2):38.846	
O1):-0.806	O2):45.893	
O1):-0.684	O2):33.217	
O1):-0.772	O2):40.74	
O1):-0.799	O2):45.052	
O1):-0.775	O2):40.105	
O1):-0.748	O2):38.308	
O1):-0.796	O2):43.907	
O1):-0.769	O2):38.844	
O1):-0.725	O2):35.205	
O1):-0.792	O2):40.624	
O1):-0.74	O2):38.27	
O1):-0.796	O2):43.27	
O1):-0.796	O2):43.27	
O1):-0.724	O2):34.721	
O1):-0.729	O2):34.527	
O1):-0.818	O2):49.998	
O1):-0.794	O2):41.212	
O1):-0.745	O2):36.3	
O1):-0.84	O2):50.72	
O1):-0.725	O2):35.205	
O1):-0.788	O2):44.441	
O1):-0.795	O2):43.546	
O1):-0.79	O2):43.439	
O1):-0.726	O2):36.004	
O1):-0.713	O2):34.094	
O1):-0.711	O2):34.465	
O1):-0.719	O2):35.273	
O1):-0.803	O2):45.025	
O1):-0.78	O2):40.631	
O1):-0.811	O2):46.334	
O1):-0.715	O2):35.309	
O1):-0.686	O2):32.95	
O1):-0.745	O2):37.773	
O1):-0.655	O2):29.907	
O1):-0.764	O2):38.351	
O1):-0.845	O2):51.685	
O1):-0.688	O2):32.908	
O1):-0.724	O2):34.721	
O1):-0.734	O2):36.152	
O1):-0.684	O2):30.906	
O1):-0.81	O2):49.242	
O1):-0.778	O2):40.403	
O1):-0.806	O2):45.893	
O1):-0.724	O2):34.721	
O1):-0.752	O2):37.876	
O1):-0.84	O2):50.72	
O1):-0.764	O2):38.56	
O1):-0.852	O2):56.839	
O1):-0.845	O2):55.579	
O1):-0.757	O2):38.501	
O1):-0.756	O2):38.944	
O1):-0.791	O2):43.692	
O1):-0.79	O2):43.439	
O1):-0.825	O2):50.086	
O1):-0.694	O2):33.167	
O1):-0.794	O2):41.024	
O1):-0.769	O2):39.344	
O1):-0.833	O2):50.232	
O1):-0.689	O2):33.926	
O1):-0.844	O2):56.016	
O1):-0.764	O2):38.35	
O1):-0.744	O2):35.472	
O1):-0.776	O2):39.76	
O1):-0.767	O2):39.008	
O1):-0.828	O2):59.43	
O1):-0.725	O2):33.944	
O1):-0.769	O2):38.763	
O1):-0.707	O2):33.91	
O1):-0.759	O2):38.691	
O1):-0.809	O2):49.133	
O1):-0.743	O2):40.032	
O1):-0.732	O2):35.37	
O1):-0.79	O2):43.439	
O1):-0.736	O2):35.215	
O1):-0.782	O2):40.79	
O1):-0.79	O2):43.581	
O1):-0.73	O2):35.118	
O1):-0.794	O2):45.203	
O1):-0.803	O2):46.005	
O1):-0.82	O2):50.119	
O1):-0.712	O2):35.081	
O1):-0.836	O2):50.687	
O1):-0.804	O2):46.456	
O1):-0.806	O2):45.881	
O1):-0.695	O2):33.467	
O1):-0.803	O2):45.017	
O1):-0.785	O2):40.579	
O1):-0.815	O2):52.953	
O1):-0.725	O2):35.205	
O1):-0.795	O2):41.15	
O1):-0.728	O2):34.357	
O1):-0.794	O2):41.212	
O1):-0.817	O2):49.865	
O1):-0.771	O2):39.149	
Starting PrismExecutor worker 2 on port 15012
O1):-0.793	O2):43.127	
Connected worker 2 to port 15012
O1):-0.716	O2):33.603	
O1):-0.716	O2):33.551	
O1):-0.821	O2):55.718	
O1):-0.756	O2):38.944	
O1):-0.77	O2):40.437	
O1):-0.711	O2):34.465	
O1):-0.689	O2):34.817	
O1):-0.8	O2):44.053	
O1):-0.803	O2):45.15	
O1):-0.764	O2):39.064	
O1):-0.762	O2):38.479	
O1):-0.724	O2):34.721	
O1):-0.779	O2):41.111	
O1):-0.753	O2):38.712	
O1):-0.732	O2):35.902	
O1):-0.805	O2):45.62	
O1):-0.655	O2):29.907	
O1):-0.747	O2):36.415	
O1):-0.821	O2):46.885	
O1):-0.655	O2):29.907	
O1):-0.744	O2):40.439	
O1):-0.84	O2):50.72	
O1):-0.744	O2):38.574	
O1):-0.812	O2):46.709	
O1):-0.805	O2):53.264	
O1):-0.815	O2):53.155	
O1):-0.794	O2):44.694	
O1):-0.805	O2):45.62	
O1):-0.777	O2):39.713	
O1):-0.726	O2):35.492	
O1):-0.749	O2):38.668	
O1):-0.762	O2):38.722	
O1):-0.748	O2):38.308	
O1):-0.722	O2):33.788	
O1):-0.735	O2):38.729	
O1):-0.685	O2):33.648	
O1):-0.79	O2):43.576	
O1):-0.784	O2):43.777	
O1):-0.75	O2):38.93	
O1):-0.724	O2):34.721	
O1):-0.692	O2):31.159	
O1):-0.795	O2):45.692	
O1):-0.774	O2):39.681	
O1):-0.774	O2):41.123	
O1):-0.713	O2):39.787	
O1):-0.77	O2):38.885	
O1):-0.749	O2):38.256	
O1):-0.814	O2):49.859	
O1):-0.851	O2):56.769	
O1):-0.823	O2):52.929	
O1):-0.819	O2):45.948	
O1):-0.782	O2):40.79	
O1):-0.755	O2):38.434	
O1):-0.774	O2):39.202	
O1):-0.852	O2):56.39	
O1):-0.719	O2):35.273	
Evaluations:	600
O1):-0.754	O2):38.563	
O1):-0.692	O2):33.856	
O1):-0.725	O2):35.205	
O1):-0.755	O2):38.801	
O1):-0.764	O2):39.263	
O1):-0.802	O2):45.121	
O1):-0.774	O2):39.79	
O1):-0.748	O2):36.269	
O1):-0.789	O2):43.488	
O1):-0.754	O2):39.435	
O1):-0.819	O2):50.125	
O1):-0.767	O2):39.008	
O1):-0.712	O2):34.532	
O1):-0.785	O2):40.807	
O1):-0.773	O2):39.845	
O1):-0.77	O2):38.885	
O1):-0.791	O2):43.553	
O1):-0.725	O2):33.944	
O1):-0.75	O2):41.018	
O1):-0.689	O2):33.926	
O1):-0.738	O2):35.599	
O1):-0.821	O2):46.839	
O1):-0.77	O2):39.474	
Evaluations:	600
O1):-0.812	O2):49.987	
O1):-0.719	O2):33.988	
O1):-0.724	O2):34.721	
O1):-0.754	O2):38.493	
O1):-0.77	O2):38.885	
O1):-0.735	O2):35.214	
O1):-0.795	O2):45.246	
O1):-0.812	O2):54.999	
O1):-0.745	O2):35.09	
O1):-0.805	O2):45.62	
O1):-0.757	O2):38.501	
O1):-0.795	O2):41.15	
O1):-0.794	O2):41.493	
O1):-0.805	O2):45.755	
O1):-0.81	O2):46.256	
O1):-0.782	O2):40.79	
O1):-0.768	O2):39.08	
O1):-0.854	O2):59.708	
O1):-0.758	O2):39.019	
O1):-0.836	O2):50.687	
O1):-0.814	O2):48.971	
O1):-0.718	O2):34.941	
O1):-0.744	O2):36.38	
O1):-0.793	O2):43.127	
O1):-0.763	O2):37.097	
O1):-0.728	O2):38.225	
O1):-0.691	O2):33.569	
O1):-0.782	O2):40.79	
O1):-0.775	O2):39.84	
O1):-0.757	O2):39.01	
Starting PrismExecutor worker 5 on port 15085
O1):-0.782	O2):45.529	
Connected worker 5 to port 15085
O1):-0.742	O2):38.437	
O1):-0.798	O2):44.876	
O1):-0.758	O2):40.365	
O1):-0.793	O2):41.072	
O1):-0.671	O2):31.434	
O1):-0.843	O2):54.806	
O1):-0.789	O2):43.533	
O1):-0.717	O2):34.922	
O1):-0.845	O2):51.686	
O1):-0.701	O2):34.051	
Evaluations:	600
O1):-0.845	O2):56.365	
O1):-0.667	O2):31.138	
O1):-0.801	O2):44.799	
O1):-0.79	O2):43.439	
O1):-0.702	O2):33.268	
O1):-0.745	O2):37.846	
O1):-0.727	O2):34.869	
O1):-0.768	O2):38.484	
O1):-0.822	O2):54.325	
O1):-0.804	O2):45.839	
O1):-0.765	O2):38.766	
O1):-0.797	O2):44.575	
O1):-0.808	O2):53.185	
O1):-0.776	O2):40.545	
O1):-0.785	O2):41.491	
O1):-0.744	O2):36.695	
O1):-0.773	O2):39.127	
O1):-0.811	O2):46.883	
O1):-0.74	O2):35.811	
O1):-0.732	O2):35.388	
O1):-0.777	O2):44.524	
O1):-0.794	O2):41.212	
O1):-0.745	O2):36.3	
O1):-0.819	O2):46.445	
O1):-0.788	O2):43.752	
O1):-0.724	O2):33.902	
O1):-0.669	O2):31.739	
O1):-0.828	O2):59.43	
O1):-0.725	O2):35.269	
O1):-0.716	O2):34.749	
O1):-0.716	O2):34.621	
O1):-0.825	O2):50.086	
O1):-0.805	O2):45.62	
O1):-0.828	O2):54.272	
O1):-0.817	O2):49.865	
O1):-0.792	O2):40.624	
O1):-0.737	O2):34.905	
O1):-0.786	O2):41.108	
O1):-0.782	O2):43.055	
O1):-0.788	O2):41.914	
O1):-0.783	O2):41.514	
O1):-0.757	O2):38.501	
O1):-0.747	O2):36.735	
O1):-0.739	O2):39.784	
O1):-0.774	O2):39.681	
O1):-0.797	O2):44.575	
O1):-0.772	O2):42.855	
O1):-0.786	O2):40.701	
O1):-0.763	O2):37.153	
O1):-0.741	O2):34.684	
O1):-0.809	O2):46.44	
O1):-0.766	O2):40.718	
O1):-0.78	O2):40.631	
O1):-0.825	O2):50.165	
O1):-0.842	O2):51.666	
O1):-0.722	O2):35.152	
O1):-0.794	O2):41.212	
O1):-0.725	O2):35.205	
O1):-0.823	O2):46.274	
O1):-0.775	O2):40.79	
O1):-0.637	O2):29.551	
O1):-0.748	O2):38.245	
O1):-0.792	O2):40.553	
O1):-0.751	O2):39.325	
O1):-0.664	O2):30.368	
O1):-0.796	O2):46.28	
O1):-0.793	O2):43.127	
O1):-0.738	O2):35.467	
O1):-0.689	O2):33.926	
O1):-0.823	O2):52.929	
O1):-0.792	O2):43.337	
O1):-0.689	O2):33.901	
O1):-0.775	O2):44.276	
O1):-0.773	O2):40.235	
O1):-0.836	O2):50.697	
O1):-0.763	O2):38.524	
O1):-0.732	O2):35.37	
O1):-0.795	O2):44.964	
O1):-0.769	O2):39.287	
O1):-0.745	O2):36.3	
O1):-0.823	O2):52.929	
O1):-0.752	O2):40.115	
O1):-0.806	O2):45.725	
O1):-0.848	O2):50.44	
O1):-0.801	O2):45.257	
O1):-0.778	O2):43.87	
O1):-0.712	O2):34.045	
O1):-0.701	O2):33.638	
O1):-0.744	O2):36.312	
O1):-0.852	O2):56.39	
O1):-0.713	O2):34.391	
O1):-0.763	O2):38.643	
O1):-0.719	O2):35.273	
O1):-0.792	O2):43.678	
O1):-0.707	O2):34.14	
O1):-0.739	O2):40.987	
O1):-0.836	O2):51.281	
O1):-0.817	O2):49.865	
O1):-0.724	O2):34.721	
O1):-0.802	O2):45.078	
O1):-0.754	O2):39.468	
O1):-0.762	O2):38.699	
O1):-0.774	O2):39.681	
O1):-0.678	O2):33.201	
O1):-0.761	O2):39.075	
O1):-0.786	O2):41.108	
O1):-0.791	O2):44.912	
O1):-0.766	O2):39.765	
O1):-0.842	O2):55.865	
O1):-0.766	O2):39.82	
O1):-0.795	O2):41.15	
O1):-0.818	O2):49.998	
O1):-0.723	O2):38.499	
O1):-0.727	O2):36.099	
Starting PrismExecutor worker 1 on port 15011
O1):-0.769	O2):39.793	
O1):-0.787	O2):44.511	
Connected worker 1 to port 15011
O1):-0.714	O2):34.261	
O1):-0.733	O2):35.319	
O1):-0.838	O2):59.501	
O1):-0.708	O2):33.336	
O1):-0.803	O2):45.425	
O1):-0.775	O2):39.676	
O1):-0.749	O2):38.256	
O1):-0.71	O2):34.125	
O1):-0.713	O2):33.873	
O1):-0.732	O2):35.37	
O1):-0.671	O2):30.094	
O1):-0.797	O2):44.634	
O1):-0.752	O2):38.885	
O1):-0.825	O2):50.086	
O1):-0.786	O2):41.107	
O1):-0.804	O2):45.862	
O1):-0.838	O2):51.329	
O1):-0.744	O2):36.696	
O1):-0.778	O2):40.95	
O1):-0.717	O2):33.945	
O1):-0.773	O2):39.442	
O1):-0.774	O2):39.202	
O1):-0.771	O2):38.904	
O1):-0.794	O2):43.819	
O1):-0.802	O2):45.121	
O1):-0.802	O2):45.119	
O1):-0.773	O2):39.168	
O1):-0.829	O2):49.889	
O1):-0.796	O2):43.27	
O1):-0.757	O2):38.501	
O1):-0.721	O2):34.226	
O1):-0.811	O2):49.935	
O1):-0.795	O2):45.697	
O1):-0.774	O2):39.155	
O1):-0.774	O2):43.442	
O1):-0.756	O2):39.424	
O1):-0.794	O2):41.212	
O1):-0.786	O2):41.108	
O1):-0.748	O2):36.269	
O1):-0.791	O2):40.513	
O1):-0.829	O2):49.889	
O1):-0.741	O2):34.684	
O1):-0.724	O2):34.721	
O1):-0.812	O2):54.999	
O1):-0.81	O2):49.541	
O1):-0.792	O2):40.624	
O1):-0.727	O2):38.14	
O1):-0.719	O2):35.273	
O1):-0.74	O2):35.811	
O1):-0.816	O2):45.355	
O1):-0.806	O2):53.485	
O1):-0.717	O2):33.945	
O1):-0.771	O2):40.35	
O1):-0.725	O2):33.938	
O1):-0.724	O2):34.721	
O1):-0.763	O2):38.846	
O1):-0.771	O2):44.742	
O1):-0.803	O2):45.425	
O1):-0.806	O2):46.419	
O1):-0.714	O2):34.261	
O1):-0.804	O2):45.862	
O1):-0.761	O2):38.556	
O1):-0.775	O2):43.397	
O1):-0.744	O2):37.581	
O1):-0.81	O2):49.417	
O1):-0.77	O2):39.474	
O1):-0.669	O2):29.651	
O1):-0.727	O2):34.868	
O1):-0.818	O2):49.998	
O1):-0.746	O2):39.662	
O1):-0.804	O2):45.297	
O1):-0.752	O2):40.879	
O1):-0.806	O2):45.893	
O1):-0.72	O2):34.288	
O1):-0.728	O2):35.409	
O1):-0.806	O2):45.463	
O1):-0.687	O2):35.031	
O1):-0.715	O2):34.536	
O1):-0.732	O2):35.37	
O1):-0.779	O2):40.948	
O1):-0.685	O2):31.072	
O1):-0.763	O2):39.105	
O1):-0.81	O2):46.256	
O1):-0.795	O2):44.818	
O1):-0.785	O2):41.022	
O1):-0.712	O2):34.539	
O1):-0.794	O2):41.212	
O1):-0.795	O2):44.999	
O1):-0.732	O2):35.388	
O1):-0.813	O2):48.576	
O1):-0.794	O2):41.212	
O1):-0.725	O2):35.205	
O1):-0.655	O2):29.907	
O1):-0.725	O2):35.205	
O1):-0.732	O2):35.37	
O1):-0.775	O2):39.793	
O1):-0.77	O2):38.885	
O1):-0.783	O2):41.699	
O1):-0.753	O2):40.048	
O1):-0.795	O2):43.383	
O1):-0.732	O2):35.37	
O1):-0.803	O2):45.425	
O1):-0.771	O2):38.904	
O1):-0.706	O2):33.435	
O1):-0.805	O2):45.62	
O1):-0.749	O2):38.256	
O1):-0.738	O2):35.599	
O1):-0.748	O2):38.308	
O1):-0.802	O2):45.121	
O1):-0.803	O2):45.823	
O1):-0.775	O2):40.17	
O1):-0.776	O2):39.896	
O1):-0.81	O2):49.417	
O1):-0.744	O2):38.334	
O1):-0.803	O2):48.212	
O1):-0.738	O2):35.599	
O1):-0.744	O2):36.695	
O1):-0.714	O2):34.261	
O1):-0.763	O2):38.643	
O1):-0.828	O2):59.43	
O1):-0.794	O2):41.212	
O1):-0.702	O2):33.941	
O1):-0.761	O2):38.466	
O1):-0.807	O2):45.789	
O1):-0.776	O2):39.881	
O1):-0.763	O2):38.482	
Starting PrismExecutor worker 3 on port 15033
O1):-0.797	O2):44.781	
O1):-0.748	O2):40.448	
Connected worker 3 to port 15033
O1):-0.797	O2):44.634	
O1):-0.805	O2):45.62	
O1):-0.747	O2):36.372	
O1):-0.748	O2):38.25	
O1):-0.805	O2):45.62	
O1):-0.74	O2):38.286	
O1):-0.749	O2):38.256	
O1):-0.851	O2):56.769	
O1):-0.783	O2):40.948	
O1):-0.763	O2):38.482	
O1):-0.75	O2):38.399	
O1):-0.771	O2):39.292	
O1):-0.844	O2):55.169	
O1):-0.842	O2):51.036	
O1):-0.841	O2):50.807	
O1):-0.82	O2):50.119	
O1):-0.738	O2):38.406	
O1):-0.803	O2):45.781	
O1):-0.795	O2):41.15	
O1):-0.774	O2):40.46	
O1):-0.762	O2):38.699	
O1):-0.825	O2):50.086	
O1):-0.711	O2):34.465	
O1):-0.748	O2):38.317	
O1):-0.805	O2):45.62	
O1):-0.794	O2):41.212	
O1):-0.814	O2):48.971	
O1):-0.764	O2):38.56	
O1):-0.763	O2):38.482	
O1):-0.762	O2):38.551	
O1):-0.725	O2):35.212	
O1):-0.761	O2):39.987	
O1):-0.79	O2):40.583	
O1):-0.732	O2):35.37	
O1):-0.729	O2):34.527	
O1):-0.838	O2):55.017	
O1):-0.745	O2):36.3	
O1):-0.663	O2):32.993	
O1):-0.732	O2):35.37	
O1):-0.788	O2):41.914	
O1):-0.745	O2):35.089	
O1):-0.682	O2):30.988	
O1):-0.704	O2):33.723	
O1):-0.829	O2):49.889	
O1):-0.742	O2):36.381	
O1):-0.76	O2):39.487	
O1):-0.776	O2):40.416	
O1):-0.766	O2):39.171	
O1):-0.742	O2):38.437	
O1):-0.838	O2):51.329	
O1):-0.742	O2):36.391	
O1):-0.797	O2):47.64	
O1):-0.74	O2):35.811	
Evaluations:	600
O1):-0.792	O2):40.976	
O1):-0.806	O2):45.326	
O1):-0.847	O2):59.438	
O1):-0.745	O2):37.846	
O1):-0.802	O2):45.119	
O1):-0.825	O2):50.086	
O1):-0.797	O2):44.526	
O1):-0.722	O2):35.663	
O1):-0.828	O2):50.439	
O1):-0.773	O2):39.127	
O1):-0.771	O2):38.904	
O1):-0.708	O2):33.336	
O1):-0.685	O2):31.192	
O1):-0.828	O2):59.43	
O1):-0.838	O2):51.329	
O1):-0.751	O2):39.16	
O1):-0.719	O2):35.09	
O1):-0.828	O2):59.431	
O1):-0.745	O2):35.089	
O1):-0.825	O2):50.086	
O1):-0.786	O2):41.108	
O1):-0.724	O2):33.902	
O1):-0.745	O2):35.09	
O1):-0.794	O2):41.212	
O1):-0.782	O2):40.79	
O1):-0.828	O2):49.843	
O1):-0.724	O2):33.892	
O1):-0.739	O2):42.941	
O1):-0.749	O2):38.256	
O1):-0.773	O2):39.446	
O1):-0.784	O2):44.824	
O1):-0.797	O2):44.575	
O1):-0.818	O2):46.495	
O1):-0.827	O2):46.502	
O1):-0.749	O2):40.707	
O1):-0.793	O2):43.224	
O1):-0.783	O2):40.38	
O1):-0.788	O2):43.759	
O1):-0.762	O2):38.711	
O1):-0.762	O2):38.699	
O1):-0.78	O2):43.014	
O1):-0.769	O2):39.344	
O1):-0.767	O2):39.008	
O1):-0.804	O2):45.618	
O1):-0.696	O2):33.671	
O1):-0.755	O2):38.801	
O1):-0.785	O2):45.168	
O1):-0.792	O2):40.553	
O1):-0.816	O2):45.355	
O1):-0.706	O2):33.748	
O1):-0.852	O2):57.423	
O1):-0.792	O2):40.636	
O1):-0.81	O2):45.631	
O1):-0.748	O2):38.308	
O1):-0.717	O2):34.707	
O1):-0.714	O2):33.448	
O1):-0.732	O2):38.93	
O1):-0.713	O2):34.381	
O1):-0.782	O2):40.791	
O1):-0.77	O2):40.22	
O1):-0.781	O2):40.832	
O1):-0.729	O2):35.069	
Evaluations:	700
O1):-0.748	O2):40.448	
O1):-0.747	O2):36.187	
O1):-0.751	O2):38.568	
O1):-0.745	O2):35.089	
O1):-0.757	O2):38.339	
O1):-0.712	O2):34.253	
O1):-0.702	O2):33.257	
O1):-0.691	O2):30.705	
O1):-0.778	O2):43.873	
O1):-0.784	O2):40.692	
Starting PrismExecutor worker 0 on port 15010
O1):-0.692	O2):33.589	
Connected worker 0 to port 15010
O1):-0.732	O2):35.37	
O1):-0.771	O2):38.911	
O1):-0.788	O2):41.914	
O1):-0.791	O2):40.513	
O1):-0.766	O2):39.765	
O1):-0.774	O2):39.681	
O1):-0.786	O2):47.69	
O1):-0.812	O2):54.999	
O1):-0.748	O2):40.448	
O1):-0.758	O2):39.049	
O1):-0.719	O2):35.896	
O1):-0.796	O2):45.241	
Evaluations:	700
O1):-0.771	O2):45.207	
O1):-0.763	O2):38.524	
O1):-0.692	O2):31.159	
O1):-0.786	O2):41.108	
O1):-0.745	O2):39.594	
O1):-0.722	O2):35.152	
O1):-0.8	O2):45.411	
O1):-0.794	O2):41.212	
O1):-0.803	O2):45.425	
O1):-0.818	O2):46.495	
O1):-0.845	O2):51.685	
O1):-0.797	O2):44.575	
O1):-0.806	O2):45.893	
O1):-0.771	O2):39.296	
O1):-0.801	O2):44.912	
O1):-0.826	O2):51.115	
O1):-0.794	O2):41.212	
O1):-0.716	O2):34.749	
O1):-0.726	O2):34.29	
O1):-0.847	O2):59.516	
O1):-0.803	O2):45.425	
O1):-0.768	O2):39.243	
O1):-0.781	O2):41.25	
O1):-0.743	O2):36.247	
O1):-0.745	O2):37.846	
O1):-0.813	O2):48.759	
O1):-0.782	O2):40.79	
O1):-0.775	O2):45.229	
O1):-0.732	O2):35.37	
O1):-0.806	O2):45.563	
O1):-0.79	O2):45.563	
O1):-0.709	O2):35.575	
O1):-0.689	O2):33.926	
O1):-0.81	O2):45.631	
O1):-0.769	O2):39.287	
O1):-0.816	O2):45.349	
O1):-0.751	O2):38.426	
O1):-0.821	O2):46.839	
O1):-0.774	O2):40.589	
O1):-0.782	O2):40.635	
O1):-0.745	O2):36.3	
O1):-0.805	O2):45.62	
O1):-0.728	O2):36.09	
O1):-0.774	O2):40.461	
O1):-0.79	O2):40.265	
O1):-0.711	O2):33.384	
O1):-0.821	O2):46.839	
O1):-0.773	O2):40.429	
O1):-0.748	O2):36.269	
O1):-0.715	O2):34.536	
O1):-0.778	O2):41.135	
O1):-0.773	O2):39.845	
O1):-0.782	O2):40.79	
O1):-0.749	O2):39.789	
O1):-0.828	O2):59.43	
O1):-0.801	O2):45.686	
O1):-0.702	O2):34.651	
O1):-0.768	O2):39.308	
O1):-0.725	O2):35.205	
O1):-0.655	O2):29.907	
O1):-0.689	O2):33.926	
O1):-0.775	O2):39.676	
O1):-0.806	O2):45.893	
O1):-0.772	O2):38.823	
O1):-0.722	O2):33.772	
O1):-0.826	O2):51.116	
O1):-0.758	O2):40.276	
O1):-0.765	O2):41.011	
O1):-0.765	O2):38.766	
O1):-0.704	O2):33.905	
O1):-0.708	O2):34.442	
O1):-0.762	O2):39.707	
O1):-0.768	O2):41.347	
O1):-0.749	O2):38.256	
O1):-0.732	O2):35.369	
O1):-0.713	O2):34.62	
O1):-0.806	O2):45.893	
O1):-0.748	O2):38.345	
O1):-0.811	O2):45.947	
O1):-0.764	O2):44.193	
O1):-0.81	O2):46.256	
O1):-0.715	O2):34.536	
O1):-0.809	O2):46.11	
O1):-0.794	O2):41.212	
O1):-0.837	O2):50.09	
O1):-0.696	O2):33.988	
O1):-0.797	O2):44.575	
O1):-0.808	O2):45.691	
O1):-0.773	O2):38.917	
O1):-0.748	O2):38.345	
O1):-0.818	O2):50.08	
O1):-0.765	O2):42.685	
O1):-0.742	O2):35.758	
O1):-0.788	O2):41.914	
O1):-0.772	O2):39.049	
O1):-0.716	O2):34.749	
O1):-0.794	O2):41.212	
O1):-0.724	O2):34.893	
O1):-0.753	O2):39.244	
O1):-0.803	O2):45.425	
O1):-0.826	O2):49.926	
O1):-0.756	O2):38.944	
O1):-0.844	O2):55.169	
O1):-0.713	O2):34.55	
O1):-0.73	O2):34.828	
O1):-0.821	O2):46.839	
O1):-0.776	O2):44.854	
O1):-0.689	O2):33.923	
O1):-0.718	O2):33.97	
O1):-0.817	O2):46.267	
O1):-0.716	O2):33.604	
Starting PrismExecutor worker 0 on port 15030
O1):-0.796	O2):43.907	
O1):-0.655	O2):29.907	
O1):-0.727	O2):35.965	
Connected worker 0 to port 15030
O1):-0.74	O2):38.287	
O1):-0.742	O2):34.795	
O1):-0.775	O2):40.105	
O1):-0.745	O2):36.3	
O1):-0.799	O2):45.006	
O1):-0.778	O2):44.739	
O1):-0.719	O2):35.273	
O1):-0.77	O2):38.885	
O1):-0.765	O2):40.556	
O1):-0.686	O2):32.95	
O1):-0.745	O2):36.3	
O1):-0.785	O2):40.797	
O1):-0.783	O2):40.648	
O1):-0.81	O2):46.256	
O1):-0.729	O2):35.169	
O1):-0.821	O2):55.718	
O1):-0.763	O2):36.575	
O1):-0.714	O2):34.261	
O1):-0.745	O2):35.09	
O1):-0.781	O2):40.9	
O1):-0.814	O2):49.859	
O1):-0.814	O2):48.971	
O1):-0.712	O2):34.253	
O1):-0.844	O2):55.169	
O1):-0.805	O2):45.689	
O1):-0.82	O2):50.033	
O1):-0.83	O2):50.637	
O1):-0.782	O2):40.356	
O1):-0.843	O2):54.806	
O1):-0.736	O2):35.251	
O1):-0.845	O2):51.685	
O1):-0.763	O2):38.643	
O1):-0.674	O2):31.572	
O1):-0.744	O2):36.696	
O1):-0.803	O2):45.15	
O1):-0.779	O2):44.909	
O1):-0.689	O2):33.926	
O1):-0.828	O2):50.439	
O1):-0.843	O2):51.418	
O1):-0.773	O2):38.915	
O1):-0.686	O2):32.95	
O1):-0.758	O2):38.952	
O1):-0.767	O2):39.492	
O1):-0.742	O2):36.222	
O1):-0.768	O2):39.275	
O1):-0.727	O2):34.416	
O1):-0.758	O2):41.137	
O1):-0.714	O2):34.564	
O1):-0.805	O2):45.62	
O1):-0.783	O2):40.052	
O1):-0.738	O2):35.54	
O1):-0.782	O2):40.79	
O1):-0.814	O2):48.315	
O1):-0.808	O2):45.285	
O1):-0.805	O2):46.191	
O1):-0.778	O2):40.429	
O1):-0.688	O2):32.908	
O1):-0.719	O2):35.273	
O1):-0.783	O2):44.076	
O1):-0.822	O2):52.795	
O1):-0.719	O2):35.273	
O1):-0.736	O2):35.215	
O1):-0.712	O2):34.296	
O1):-0.694	O2):33.167	
O1):-0.782	O2):40.79	
O1):-0.775	O2):39.676	
O1):-0.771	O2):40.34	
O1):-0.8	O2):44.053	
O1):-0.749	O2):38.668	
O1):-0.831	O2):50.528	
O1):-0.795	O2):44.818	
O1):-0.806	O2):46.375	
O1):-0.818	O2):46.495	
O1):-0.836	O2):54.619	
O1):-0.73	O2):34.828	
O1):-0.795	O2):44.964	
O1):-0.804	O2):46.417	
O1):-0.742	O2):35.758	
O1):-0.714	O2):34.261	
O1):-0.745	O2):37.846	
O1):-0.825	O2):50.086	
O1):-0.787	O2):41.031	
O1):-0.728	O2):36.09	
O1):-0.782	O2):40.994	
O1):-0.816	O2):45.349	
O1):-0.736	O2):36.416	
O1):-0.77	O2):42.806	
O1):-0.725	O2):33.944	
O1):-0.717	O2):33.945	
O1):-0.774	O2):40.772	
O1):-0.721	O2):35.09	
O1):-0.74	O2):38.287	
O1):-0.746	O2):38.893	
O1):-0.787	O2):44.569	
O1):-0.75	O2):38.399	
O1):-0.757	O2):38.501	
O1):-0.76	O2):39.181	
O1):-0.804	O2):45.862	
O1):-0.756	O2):39.023	
O1):-0.766	O2):41.629	
O1):-0.732	O2):35.37	
O1):-0.792	O2):40.636	
O1):-0.712	O2):34.253	
O1):-0.77	O2):38.885	
O1):-0.745	O2):37.773	
Evaluations:	700
O1):-0.786	O2):41.108	
O1):-0.806	O2):45.469	
Evaluations:	700
O1):-0.825	O2):50.086	
O1):-0.764	O2):38.35	
O1):-0.723	O2):33.9	
O1):-0.792	O2):40.624	
O1):-0.845	O2):51.685	
O1):-0.7	O2):34.191	
O1):-0.805	O2):45.62	
O1):-0.72	O2):34.446	
O1):-0.778	O2):40.777	
O1):-0.77	O2):38.885	
O1):-0.713	O2):34.685	
O1):-0.773	O2):39.022	
O1):-0.711	O2):33.736	
O1):-0.786	O2):41.108	
O1):-0.711	O2):33.849	
O1):-0.737	O2):36.034	
O1):-0.726	O2):34.98	
O1):-0.768	O2):39.243	
O1):-0.738	O2):37.98	
Starting PrismExecutor worker 2 on port 15032
O1):-0.776	O2):40.225	
Connected worker 2 to port 15032
O1):-0.828	O2):49.835	
O1):-0.74	O2):38.287	
O1):-0.716	O2):33.603	
O1):-0.806	O2):46.369	
O1):-0.745	O2):35.089	
O1):-0.821	O2):46.839	
O1):-0.791	O2):40.513	
O1):-0.666	O2):29.593	
O1):-0.768	O2):40.532	
O1):-0.729	O2):34.527	
O1):-0.78	O2):43.143	
O1):-0.707	O2):34.14	
O1):-0.732	O2):35.37	
O1):-0.785	O2):41.491	
O1):-0.814	O2):48.971	
O1):-0.669	O2):29.651	
O1):-0.74	O2):35.811	
O1):-0.682	O2):30.988	
O1):-0.723	O2):35.994	
O1):-0.682	O2):30.988	
O1):-0.742	O2):36.222	
O1):-0.705	O2):33.892	
O1):-0.685	O2):33.648	
O1):-0.812	O2):46.274	
O1):-0.731	O2):36.341	
O1):-0.795	O2):41.15	
O1):-0.81	O2):45.631	
O1):-0.795	O2):41.15	
O1):-0.807	O2):45.789	
O1):-0.843	O2):55.215	
O1):-0.807	O2):45.789	
O1):-0.732	O2):35.388	
Evaluations:	800
O1):-0.724	O2):39.688	
O1):-0.724	O2):34.721	
O1):-0.773	O2):39.127	
O1):-0.724	O2):34.721	
O1):-0.769	O2):44.325	
O1):-0.719	O2):35.273	
O1):-0.806	O2):45.871	
O1):-0.669	O2):31.739	
O1):-0.782	O2):40.79	
O1):-0.804	O2):45.867	
O1):-0.732	O2):35.37	
O1):-0.725	O2):35.205	
O1):-0.782	O2):40.79	
O1):-0.821	O2):46.84	
O1):-0.775	O2):40.514	
O1):-0.745	O2):35.075	
O1):-0.813	O2):48.759	
O1):-0.82	O2):49.903	
O1):-0.812	O2):46.274	
O1):-0.736	O2):38.873	
O1):-0.71	O2):34.125	
O1):-0.854	O2):59.712	
O1):-0.778	O2):40.429	
O1):-0.732	O2):35.37	
O1):-0.732	O2):35.37	
O1):-0.738	O2):37.747	
O1):-0.836	O2):51.947	
O1):-0.764	O2):38.35	
O1):-0.725	O2):35.212	
O1):-0.773	O2):38.915	
O1):-0.854	O2):59.708	
O1):-0.845	O2):56.365	
O1):-0.696	O2):35.089	
O1):-0.743	O2):36.182	
O1):-0.842	O2):55.865	
O1):-0.801	O2):45.258	
O1):-0.741	O2):40.206	
O1):-0.775	O2):39.722	
O1):-0.712	O2):34.296	
O1):-0.778	O2):40.95	
O1):-0.731	O2):35.348	
O1):-0.719	O2):35.273	
O1):-0.773	O2):38.941	
O1):-0.831	O2):50.528	
O1):-0.72	O2):36.542	
O1):-0.838	O2):51.329	
O1):-0.81	O2):46.256	
O1):-0.745	O2):35.674	
O1):-0.814	O2):44.98	
O1):-0.838	O2):51.329	
O1):-0.854	O2):59.708	
O1):-0.731	O2):35.156	
O1):-0.794	O2):41.212	
O1):-0.744	O2):36.696	
O1):-0.764	O2):41.478	
O1):-0.731	O2):35.348	
O1):-0.744	O2):36.695	
O1):-0.801	O2):44.799	
O1):-0.755	O2):38.801	
Evaluations:	700
O1):-0.669	O2):29.651	
O1):-0.671	O2):30.094	
O1):-0.762	O2):38.699	
O1):-0.77	O2):38.885	
O1):-0.786	O2):41.108	
O1):-0.757	O2):40.146	
O1):-0.782	O2):40.79	
O1):-0.725	O2):35.205	
O1):-0.725	O2):35.205	
O1):-0.759	O2):38.989	
O1):-0.795	O2):41.471	
O1):-0.806	O2):45.725	
O1):-0.749	O2):40.273	
O1):-0.782	O2):40.79	
O1):-0.81	O2):45.631	
O1):-0.795	O2):41.15	
O1):-0.782	O2):40.79	
O1):-0.711	O2):33.737	
O1):-0.751	O2):41.066	
O1):-0.797	O2):44.575	
O1):-0.672	O2):31.703	
O1):-0.796	O2):44.313	
O1):-0.727	O2):36.844	
O1):-0.745	O2):37.846	
O1):-0.768	O2):39.243	
O1):-0.741	O2):34.684	
O1):-0.749	O2):38.256	
O1):-0.771	O2):45.207	
O1):-0.814	O2):49.894	
O1):-0.794	O2):41.212	
O1):-0.733	O2):35.409	
O1):-0.685	O2):33.648	
Starting PrismExecutor worker 3 on port 15013
O1):-0.775	O2):40.112	
Connected worker 3 to port 15013
O1):-0.725	O2):35.205	
O1):-0.732	O2):35.37	
O1):-0.711	O2):34.465	
O1):-0.745	O2):36.3	
O1):-0.802	O2):44.89	
O1):-0.757	O2):39.837	
O1):-0.739	O2):37.979	
O1):-0.749	O2):38.256	
O1):-0.776	O2):39.76	
O1):-0.764	O2):39.454	
O1):-0.731	O2):34.87	
O1):-0.735	O2):35.214	
O1):-0.84	O2):50.72	
O1):-0.689	O2):33.926	
O1):-0.762	O2):38.479	
O1):-0.775	O2):39.738	
O1):-0.772	O2):40.25	
O1):-0.75	O2):38.399	
O1):-0.761	O2):40.843	
O1):-0.717	O2):35.532	
O1):-0.783	O2):40.648	
O1):-0.77	O2):39.766	
O1):-0.706	O2):33.748	
O1):-0.741	O2):36.026	
O1):-0.813	O2):45.141	
O1):-0.778	O2):41.078	
O1):-0.783	O2):40.962	
O1):-0.706	O2):33.748	
O1):-0.782	O2):40.79	
O1):-0.732	O2):35.835	
O1):-0.804	O2):46.194	
O1):-0.742	O2):35.758	
O1):-0.732	O2):35.388	
O1):-0.795	O2):43.547	
O1):-0.83	O2):50.637	
O1):-0.729	O2):34.678	
O1):-0.745	O2):35.075	
O1):-0.775	O2):39.394	
O1):-0.795	O2):41.15	
O1):-0.794	O2):43.585	
O1):-0.791	O2):43.692	
O1):-0.723	O2):34.677	
O1):-0.742	O2):35.758	
O1):-0.782	O2):40.79	
O1):-0.71	O2):34.038	
O1):-0.754	O2):40.187	
O1):-0.772	O2):39.034	
O1):-0.768	O2):39.08	
O1):-0.788	O2):41.914	
O1):-0.8	O2):44.053	
O1):-0.728	O2):35.592	
O1):-0.804	O2):45.908	
O1):-0.745	O2):36.3	
O1):-0.764	O2):39.064	
O1):-0.719	O2):35.273	
O1):-0.787	O2):45.194	
O1):-0.789	O2):45.538	
O1):-0.774	O2):40.876	
O1):-0.745	O2):37.773	
O1):-0.695	O2):33.153	
O1):-0.689	O2):33.528	
O1):-0.794	O2):43.819	
O1):-0.773	O2):39.127	
O1):-0.75	O2):40.41	
O1):-0.796	O2):44.307	
O1):-0.767	O2):39.008	
O1):-0.825	O2):50.086	
O1):-0.711	O2):33.849	
O1):-0.828	O2):59.43	
O1):-0.778	O2):39.703	
O1):-0.839	O2):54.803	
O1):-0.725	O2):35.205	
O1):-0.72	O2):34.065	
O1):-0.742	O2):34.795	
O1):-0.727	O2):34.868	
O1):-0.768	O2):42.612	
O1):-0.768	O2):38.485	
O1):-0.77	O2):39.474	
O1):-0.716	O2):34.679	
O1):-0.772	O2):39.159	
O1):-0.795	O2):41.15	
O1):-0.805	O2):45.62	
O1):-0.758	O2):38.737	
O1):-0.768	O2):39.075	
O1):-0.774	O2):39.17	
O1):-0.814	O2):48.971	
O1):-0.774	O2):39.155	
O1):-0.814	O2):49.324	
O1):-0.741	O2):34.684	
O1):-0.719	O2):35.273	
O1):-0.775	O2):39.677	
O1):-0.733	O2):38.496	
O1):-0.724	O2):34.721	
O1):-0.799	O2):45.006	
O1):-0.762	O2):38.487	
O1):-0.78	O2):40.584	
O1):-0.789	O2):46.014	
O1):-0.669	O2):29.651	
O1):-0.744	O2):36.695	
O1):-0.738	O2):37.98	
O1):-0.794	O2):41.212	
O1):-0.819	O2):46.572	
O1):-0.779	O2):40.633	
O1):-0.772	O2):38.768	
O1):-0.698	O2):33.958	
O1):-0.803	O2):45.425	
O1):-0.762	O2):38.699	
O1):-0.841	O2):50.807	
O1):-0.813	O2):48.76	
O1):-0.761	O2):38.543	
O1):-0.782	O2):40.79	
O1):-0.711	O2):34.465	
O1):-0.776	O2):40.984	
O1):-0.725	O2):35.205	
O1):-0.774	O2):39.114	
O1):-0.771	O2):38.911	
O1):-0.794	O2):41.212	
O1):-0.767	O2):39.244	
O1):-0.773	O2):39.112	
O1):-0.669	O2):31.739	
O1):-0.731	O2):35.117	
O1):-0.812	O2):46.274	
O1):-0.811	O2):46.334	
O1):-0.769	O2):38.673	
O1):-0.754	O2):38.493	
O1):-0.78	O2):46.548	
O1):-0.675	O2):31.55	
O1):-0.76	O2):39.319	
O1):-0.724	O2):34.721	
O1):-0.728	O2):36.089	
O1):-0.794	O2):43.82	
O1):-0.777	O2):39.712	
Starting PrismExecutor worker 1 on port 15041
O1):-0.74	O2):38.286	
Connected worker 1 to port 15041
O1):-0.782	O2):40.79	
O1):-0.786	O2):43.037	
O1):-0.803	O2):45.15	
O1):-0.735	O2):34.926	
O1):-0.75	O2):38.497	
O1):-0.777	O2):39.713	
O1):-0.738	O2):35.063	
O1):-0.711	O2):33.921	
O1):-0.722	O2):33.784	
O1):-0.766	O2):38.913	
O1):-0.821	O2):45.569	
O1):-0.786	O2):43.064	
O1):-0.792	O2):41.047	
O1):-0.664	O2):30.368	
O1):-0.77	O2):39.474	
O1):-0.637	O2):29.551	
O1):-0.818	O2):46.194	
O1):-0.764	O2):44.193	
O1):-0.744	O2):36.695	
O1):-0.773	O2):38.915	
O1):-0.843	O2):54.806	
Evaluations:	700
O1):-0.794	O2):41.212	
O1):-0.773	O2):39.127	
O1):-0.805	O2):46.191	
O1):-0.75	O2):38.916	
O1):-0.738	O2):35.063	
O1):-0.794	O2):41.212	
O1):-0.831	O2):50.528	
O1):-0.732	O2):35.388	
O1):-0.773	O2):44.35	
O1):-0.825	O2):50.086	
O1):-0.743	O2):34.797	
O1):-0.689	O2):33.926	
O1):-0.755	O2):39.521	
O1):-0.805	O2):45.62	
O1):-0.748	O2):38.345	
O1):-0.778	O2):40.776	
O1):-0.743	O2):36.241	
O1):-0.786	O2):41.108	
O1):-0.802	O2):45.119	
O1):-0.83	O2):50.637	
O1):-0.8	O2):44.053	
O1):-0.809	O2):46.11	
O1):-0.758	O2):39.985	
O1):-0.758	O2):39.028	
O1):-0.731	O2):34.87	
O1):-0.773	O2):38.915	
O1):-0.784	O2):40.743	
O1):-0.79	O2):55.175	
O1):-0.729	O2):34.701	
O1):-0.778	O2):39.703	
O1):-0.731	O2):35.348	
O1):-0.71	O2):35.951	
O1):-0.748	O2):36.269	
O1):-0.73	O2):34.828	
O1):-0.74	O2):38.287	
O1):-0.725	O2):35.205	
O1):-0.77	O2):39.474	
O1):-0.757	O2):40.85	
O1):-0.737	O2):37.492	
O1):-0.796	O2):45.914	
O1):-0.828	O2):51.838	
O1):-0.775	O2):39.676	
O1):-0.768	O2):38.686	
O1):-0.796	O2):43.907	
O1):-0.725	O2):35.663	
O1):-0.794	O2):41.212	
O1):-0.775	O2):40.17	
O1):-0.844	O2):51.612	
O1):-0.794	O2):41.212	
O1):-0.745	O2):37.773	
O1):-0.806	O2):48.107	
O1):-0.782	O2):40.79	
O1):-0.745	O2):36.3	
O1):-0.77	O2):39.474	
O1):-0.818	O2):46.437	
O1):-0.78	O2):43.014	
O1):-0.79	O2):45.182	
O1):-0.754	O2):39.672	
O1):-0.764	O2):44.193	
O1):-0.776	O2):39.76	
O1):-0.852	O2):56.39	
O1):-0.737	O2):35.502	
O1):-0.756	O2):39.424	
O1):-0.773	O2):39.014	
O1):-0.765	O2):40.297	
O1):-0.78	O2):43.058	
O1):-0.776	O2):43.884	
O1):-0.758	O2):39.049	
O1):-0.655	O2):29.907	
O1):-0.744	O2):36.695	
O1):-0.732	O2):35.37	
O1):-0.854	O2):59.708	
O1):-0.727	O2):34.868	
O1):-0.794	O2):41.212	
O1):-0.772	O2):40.39	
O1):-0.765	O2):39.035	
O1):-0.828	O2):59.43	
O1):-0.74	O2):35.812	
O1):-0.811	O2):50.535	
O1):-0.803	O2):45.425	
O1):-0.712	O2):35.078	
O1):-0.78	O2):40.631	
O1):-0.74	O2):35.811	
O1):-0.828	O2):51.838	
O1):-0.836	O2):50.687	
O1):-0.782	O2):40.79	
O1):-0.672	O2):31.702	
O1):-0.725	O2):35.205	
O1):-0.684	O2):33.218	
O1):-0.771	O2):38.904	
O1):-0.784	O2):40.692	
O1):-0.725	O2):35.205	
O1):-0.754	O2):38.907	
O1):-0.705	O2):33.77	
O1):-0.773	O2):38.915	
O1):-0.725	O2):35.205	
O1):-0.732	O2):35.37	
O1):-0.774	O2):39.155	
O1):-0.795	O2):41.15	
O1):-0.795	O2):41.15	
O1):-0.744	O2):36.695	
O1):-0.655	O2):29.907	
O1):-0.719	O2):33.973	
O1):-0.756	O2):38.363	
O1):-0.723	O2):34.104	
O1):-0.719	O2):33.988	
O1):-0.77	O2):38.885	
O1):-0.767	O2):39.367	
O1):-0.751	O2):39.32	
Starting PrismExecutor worker 0 on port 15090
O1):-0.776	O2):39.76	
Connected worker 0 to port 15090
O1):-0.814	O2):48.96	
O1):-0.775	O2):40.112	
O1):-0.716	O2):34.672	
O1):-0.77	O2):39.474	
O1):-0.818	O2):46.192	
O1):-0.713	O2):34.755	
O1):-0.828	O2):49.835	
O1):-0.803	O2):45.15	
O1):-0.778	O2):40.777	
O1):-0.843	O2):54.806	
O1):-0.715	O2):34.536	
O1):-0.711	O2):34.465	
O1):-0.757	O2):36.371	
O1):-0.808	O2):49.328	
O1):-0.763	O2):38.643	
O1):-0.787	O2):54.616	
O1):-0.792	O2):40.624	
O1):-0.775	O2):40.17	
O1):-0.749	O2):38.256	
O1):-0.762	O2):38.699	
O1):-0.752	O2):41.3	
O1):-0.782	O2):40.79	
O1):-0.795	O2):41.15	
O1):-0.805	O2):45.62	
O1):-0.794	O2):43.819	
O1):-0.826	O2):49.926	
O1):-0.78	O2):43.143	
O1):-0.77	O2):38.885	
O1):-0.692	O2):31.159	
O1):-0.708	O2):34.345	
O1):-0.845	O2):55.579	
O1):-0.843	O2):54.806	
O1):-0.655	O2):29.907	
O1):-0.757	O2):38.501	
O1):-0.779	O2):45.06	
O1):-0.792	O2):40.976	
O1):-0.764	O2):38.374	
O1):-0.808	O2):45.407	
O1):-0.72	O2):36.042	
O1):-0.797	O2):44.634	
O1):-0.754	O2):38.493	
O1):-0.82	O2):51.679	
O1):-0.737	O2):40.471	
O1):-0.723	O2):34.677	
O1):-0.794	O2):41.212	
O1):-0.805	O2):45.62	
O1):-0.685	O2):33.648	
O1):-0.794	O2):41.212	
O1):-0.805	O2):45.62	
O1):-0.736	O2):35.215	
O1):-0.781	O2):40.832	
O1):-0.721	O2):34.209	
O1):-0.773	O2):38.915	
O1):-0.823	O2):52.929	
O1):-0.78	O2):40.631	
O1):-0.767	O2):39.017	
O1):-0.724	O2):33.892	
O1):-0.803	O2):45.425	
O1):-0.854	O2):59.708	
O1):-0.77	O2):38.885	
O1):-0.805	O2):45.62	
O1):-0.817	O2):49.861	
O1):-0.745	O2):37.773	
O1):-0.843	O2):54.806	
O1):-0.799	O2):44.374	
O1):-0.804	O2):50.084	
O1):-0.799	O2):43.687	
O1):-0.756	O2):38.944	
O1):-0.717	O2):33.565	
O1):-0.763	O2):38.643	
O1):-0.713	O2):35.108	
O1):-0.782	O2):40.79	
O1):-0.826	O2):46.252	
O1):-0.795	O2):41.15	
O1):-0.817	O2):49.865	
O1):-0.803	O2):45.017	
O1):-0.689	O2):33.926	
O1):-0.704	O2):34.947	
O1):-0.845	O2):51.685	
O1):-0.746	O2):38.979	
O1):-0.756	O2):38.944	
O1):-0.763	O2):37.153	
O1):-0.843	O2):54.806	
O1):-0.77	O2):39.474	
Evaluations:	700
O1):-0.82	O2):55.686	
O1):-0.803	O2):44.973	
O1):-0.729	O2):34.723	
O1):-0.805	O2):45.688	
O1):-0.707	O2):33.649	
O1):-0.805	O2):46.191	
O1):-0.794	O2):41.212	
O1):-0.73	O2):34.828	
O1):-0.829	O2):49.889	
O1):-0.794	O2):41.212	
O1):-0.637	O2):29.409	
O1):-0.774	O2):39.114	
O1):-0.791	O2):43.562	
O1):-0.802	O2):44.89	
O1):-0.664	O2):30.368	
O1):-0.765	O2):38.932	
O1):-0.795	O2):44.818	
O1):-0.792	O2):41.13	
O1):-0.716	O2):33.603	
O1):-0.803	O2):46.18	
O1):-0.725	O2):35.205	
O1):-0.825	O2):50.086	
O1):-0.769	O2):39.91	
O1):-0.822	O2):51.097	
O1):-0.692	O2):31.159	
O1):-0.725	O2):33.944	
O1):-0.74	O2):35.811	
O1):-0.774	O2):39.097	
O1):-0.768	O2):44.058	
O1):-0.742	O2):36.381	
O1):-0.716	O2):33.552	
O1):-0.802	O2):45.016	
O1):-0.74	O2):35.811	
O1):-0.637	O2):29.409	
O1):-0.777	O2):39.713	
O1):-0.78	O2):43.014	
O1):-0.768	O2):39.606	
O1):-0.77	O2):38.885	
O1):-0.794	O2):41.212	
O1):-0.656	O2):30.187	
O1):-0.795	O2):41.15	
O1):-0.831	O2):50.528	
O1):-0.743	O2):37.462	
O1):-0.776	O2):40.416	
O1):-0.775	O2):39.676	
O1):-0.805	O2):53.264	
O1):-0.736	O2):38.92	
O1):-0.745	O2):36.3	
O1):-0.797	O2):41.97	
O1):-0.776	O2):40.416	
O1):-0.782	O2):40.79	
O1):-0.84	O2):50.72	
Starting PrismExecutor worker 1 on port 15031
O1):-0.836	O2):51.577	
O1):-0.748	O2):36.577	
Connected worker 1 to port 15031
O1):-0.731	O2):35.179	
O1):-0.695	O2):33.153	
O1):-0.725	O2):33.938	
O1):-0.733	O2):35.811	
O1):-0.796	O2):43.27	
O1):-0.784	O2):44.557	
O1):-0.694	O2):33.167	
O1):-0.804	O2):45.862	
O1):-0.762	O2):38.699	
Evaluations:	700
O1):-0.711	O2):34.465	
O1):-0.852	O2):56.39	
O1):-0.803	O2):45.15	
O1):-0.725	O2):35.205	
O1):-0.821	O2):46.839	
O1):-0.718	O2):34.873	
O1):-0.817	O2):49.861	
O1):-0.828	O2):49.835	
O1):-0.793	O2):41.072	
O1):-0.848	O2):50.44	
O1):-0.782	O2):40.79	
O1):-0.791	O2):40.513	
O1):-0.786	O2):41.108	
O1):-0.836	O2):50.696	
O1):-0.794	O2):41.493	
O1):-0.749	O2):38.252	
O1):-0.783	O2):40.648	
O1):-0.792	O2):40.624	
O1):-0.794	O2):44.155	
O1):-0.817	O2):49.865	
O1):-0.718	O2):33.816	
O1):-0.701	O2):33.955	
O1):-0.655	O2):29.907	
O1):-0.73	O2):34.828	
O1):-0.828	O2):49.835	
O1):-0.819	O2):50.512	
O1):-0.805	O2):45.62	
O1):-0.795	O2):41.15	
O1):-0.725	O2):35.205	
O1):-0.725	O2):35.205	
O1):-0.745	O2):37.773	
O1):-0.711	O2):34.465	
O1):-0.734	O2):34.96	
O1):-0.732	O2):35.388	
O1):-0.682	O2):31.024	
O1):-0.78	O2):40.769	
O1):-0.805	O2):46.241	
O1):-0.825	O2):50.086	
O1):-0.791	O2):43.555	
O1):-0.828	O2):50.439	
O1):-0.794	O2):41.493	
O1):-0.776	O2):43.884	
O1):-0.805	O2):46.191	
O1):-0.799	O2):49.324	
O1):-0.8	O2):44.053	
O1):-0.745	O2):36.3	
O1):-0.711	O2):34.465	
O1):-0.711	O2):34.465	
O1):-0.805	O2):45.62	
O1):-0.694	O2):33.167	
O1):-0.782	O2):40.79	
O1):-0.672	O2):31.724	
O1):-0.744	O2):35.471	
O1):-0.783	O2):40.696	
O1):-0.805	O2):45.62	
O1):-0.806	O2):48.129	
O1):-0.79	O2):43.637	
O1):-0.774	O2):40.468	
O1):-0.747	O2):36.02	
O1):-0.724	O2):34.721	
O1):-0.829	O2):50.822	
O1):-0.727	O2):35.538	
O1):-0.682	O2):30.988	
O1):-0.669	O2):29.651	
O1):-0.77	O2):39.474	
O1):-0.792	O2):40.624	
O1):-0.748	O2):40.448	
O1):-0.767	O2):39.008	
O1):-0.655	O2):29.907	
O1):-0.718	O2):34.523	
O1):-0.825	O2):50.086	
O1):-0.844	O2):55.169	
O1):-0.748	O2):41.084	
O1):-0.795	O2):41.15	
O1):-0.637	O2):29.409	
O1):-0.843	O2):51.418	
O1):-0.793	O2):43.382	
O1):-0.637	O2):29.409	
O1):-0.802	O2):45.111	
O1):-0.792	O2):40.624	
O1):-0.776	O2):39.847	
O1):-0.774	O2):39.186	
O1):-0.749	O2):38.256	
O1):-0.734	O2):35.553	
O1):-0.711	O2):33.9	
O1):-0.745	O2):36.3	
Evaluations:	800
O1):-0.829	O2):51.611	
O1):-0.74	O2):35.811	
O1):-0.796	O2):43.907	
O1):-0.794	O2):41.212	
O1):-0.774	O2):40.998	
O1):-0.81	O2):49.541	
O1):-0.712	O2):34.591	
O1):-0.775	O2):39.677	
O1):-0.805	O2):45.62	
O1):-0.802	O2):44.927	
O1):-0.821	O2):52.776	
O1):-0.797	O2):44.634	
O1):-0.694	O2):33.167	
O1):-0.808	O2):48.688	
O1):-0.742	O2):41.05	
O1):-0.805	O2):45.62	
O1):-0.782	O2):40.79	
O1):-0.767	O2):39.008	
O1):-0.749	O2):38.256	
O1):-0.724	O2):34.721	
O1):-0.732	O2):35.215	
O1):-0.784	O2):40.751	
O1):-0.749	O2):38.256	
O1):-0.745	O2):36.3	
O1):-0.705	O2):33.766	
O1):-0.708	O2):33.336	
O1):-0.797	O2):44.575	
O1):-0.773	O2):38.915	
O1):-0.838	O2):51.329	
O1):-0.768	O2):38.484	
O1):-0.748	O2):39.196	
O1):-0.714	O2):33.448	
O1):-0.812	O2):54.999	
O1):-0.797	O2):44.575	
O1):-0.767	O2):40.664	
O1):-0.792	O2):40.624	
O1):-0.805	O2):45.62	
O1):-0.78	O2):40.631	
O1):-0.753	O2):41.335	
O1):-0.75	O2):38.839	
Starting PrismExecutor worker 2 on port 15092
O1):-0.692	O2):31.159	
O1):-0.78	O2):40.785	
Connected worker 2 to port 15092
O1):-0.669	O2):29.652	
O1):-0.723	O2):33.9	
O1):-0.803	O2):45.017	
O1):-0.767	O2):40.221	
O1):-0.803	O2):45.15	
O1):-0.797	O2):44.634	
O1):-0.782	O2):40.79	
O1):-0.778	O2):41.209	
O1):-0.766	O2):38.831	
O1):-0.663	O2):32.993	
O1):-0.716	O2):34.679	
O1):-0.817	O2):49.865	
O1):-0.83	O2):50.637	
O1):-0.755	O2):38.801	
O1):-0.794	O2):44.934	
O1):-0.795	O2):41.15	
O1):-0.655	O2):29.907	
O1):-0.702	O2):33.635	
O1):-0.778	O2):40.403	
O1):-0.669	O2):29.651	
O1):-0.773	O2):38.915	
O1):-0.787	O2):40.736	
O1):-0.799	O2):49.743	
O1):-0.748	O2):36.269	
O1):-0.77	O2):39.474	
O1):-0.793	O2):41.072	
O1):-0.745	O2):36.3	
O1):-0.682	O2):30.988	
O1):-0.799	O2):45.006	
O1):-0.814	O2):48.971	
O1):-0.694	O2):33.167	
O1):-0.816	O2):45.349	
O1):-0.745	O2):37.846	
O1):-0.745	O2):35.089	
O1):-0.78	O2):40.631	
O1):-0.795	O2):41.15	
O1):-0.786	O2):41.108	
O1):-0.745	O2):36.3	
O1):-0.796	O2):41.928	
O1):-0.833	O2):50.232	
O1):-0.778	O2):41.138	
O1):-0.843	O2):54.806	
O1):-0.706	O2):33.748	
O1):-0.766	O2):39.245	
O1):-0.854	O2):59.708	
O1):-0.815	O2):45.611	
O1):-0.795	O2):41.15	
O1):-0.78	O2):40.631	
O1):-0.79	O2):40.583	
O1):-0.727	O2):34.868	
O1):-0.77	O2):39.474	
O1):-0.732	O2):35.903	
O1):-0.811	O2):45.944	
O1):-0.825	O2):50.086	
O1):-0.776	O2):40.42	
O1):-0.742	O2):35.758	
O1):-0.755	O2):41.404	
O1):-0.745	O2):37.846	
O1):-0.827	O2):46.502	
O1):-0.78	O2):40.769	
O1):-0.741	O2):35.928	
O1):-0.789	O2):43.576	
O1):-0.745	O2):37.773	
O1):-0.725	O2):35.205	
O1):-0.794	O2):41.212	
O1):-0.794	O2):41.212	
O1):-0.763	O2):38.846	
O1):-0.745	O2):36.3	
O1):-0.797	O2):44.575	
O1):-0.706	O2):34.773	
O1):-0.805	O2):45.62	
O1):-0.794	O2):41.212	
O1):-0.799	O2):43.939	
O1):-0.748	O2):36.269	
O1):-0.745	O2):36.421	
O1):-0.765	O2):37.524	
O1):-0.688	O2):32.908	
O1):-0.745	O2):37.846	
O1):-0.794	O2):41.212	
O1):-0.786	O2):41.108	
O1):-0.745	O2):37.85	
O1):-0.793	O2):46.501	
O1):-0.777	O2):39.713	
O1):-0.799	O2):45.006	
O1):-0.778	O2):40.403	
O1):-0.797	O2):44.575	
O1):-0.771	O2):39.024	
O1):-0.762	O2):40.704	
O1):-0.776	O2):39.759	
O1):-0.805	O2):45.607	
O1):-0.836	O2):51.281	
O1):-0.724	O2):33.892	
O1):-0.745	O2):35.075	
O1):-0.797	O2):44.634	
O1):-0.745	O2):36.3	
O1):-0.715	O2):34.058	
O1):-0.794	O2):44.694	
O1):-0.783	O2):40.648	
O1):-0.803	O2):45.15	
O1):-0.759	O2):40.224	
O1):-0.727	O2):34.428	
O1):-0.761	O2):43.778	
O1):-0.795	O2):43.383	
O1):-0.81	O2):45.631	
O1):-0.825	O2):50.086	
O1):-0.797	O2):44.575	
O1):-0.763	O2):38.643	
O1):-0.819	O2):50.073	
O1):-0.782	O2):40.356	
O1):-0.655	O2):29.907	
O1):-0.727	O2):34.868	
O1):-0.706	O2):33.748	
O1):-0.781	O2):43.108	
O1):-0.791	O2):43.558	
O1):-0.819	O2):49.71	
O1):-0.818	O2):46.194	
O1):-0.727	O2):34.868	
O1):-0.778	O2):40.777	
Evaluations:	800
O1):-0.748	O2):36.269	
O1):-0.744	O2):39.166	
O1):-0.798	O2):45.025	
O1):-0.751	O2):38.425	
O1):-0.73	O2):34.828	
O1):-0.773	O2):39.168	
O1):-0.776	O2):40.416	
O1):-0.806	O2):45.881	
O1):-0.723	O2):34.103	
O1):-0.765	O2):40.869	
O1):-0.738	O2):37.98	
O1):-0.814	O2):49.894	
O1):-0.795	O2):44.818	
O1):-0.81	O2):49.541	
Starting PrismExecutor worker 1 on port 15091
O1):-0.786	O2):41.108	
Connected worker 1 to port 15091
O1):-0.707	O2):33.649	
Evaluations:	700
O1):-0.738	O2):37.98	
O1):-0.689	O2):33.902	
O1):-0.794	O2):41.024	
O1):-0.77	O2):39.474	
O1):-0.72	O2):36.544	
O1):-0.797	O2):44.634	
O1):-0.711	O2):33.384	
O1):-0.791	O2):43.553	
O1):-0.718	O2):34.873	
O1):-0.773	O2):38.915	
O1):-0.802	O2):45.016	
O1):-0.727	O2):34.868	
O1):-0.794	O2):43.819	
O1):-0.744	O2):35.111	
O1):-0.794	O2):41.212	
O1):-0.713	O2):34.55	
O1):-0.799	O2):45.006	
O1):-0.745	O2):36.3	
O1):-0.637	O2):29.422	
O1):-0.825	O2):50.165	
O1):-0.825	O2):50.165	
O1):-0.841	O2):51.423	
O1):-0.841	O2):51.423	
O1):-0.806	O2):48.563	
O1):-0.771	O2):38.904	
O1):-0.805	O2):45.689	
O1):-0.854	O2):59.708	
O1):-0.768	O2):39.243	
O1):-0.796	O2):43.27	
O1):-0.742	O2):35.758	
O1):-0.719	O2):35.376	
O1):-0.793	O2):41.072	
O1):-0.774	O2):39.541	
O1):-0.794	O2):41.493	
O1):-0.725	O2):33.944	
O1):-0.788	O2):43.241	
O1):-0.763	O2):39.349	
O1):-0.708	O2):33.336	
O1):-0.735	O2):35.833	
O1):-0.782	O2):40.635	
O1):-0.851	O2):55.224	
O1):-0.748	O2):38.203	
O1):-0.782	O2):43.775	
O1):-0.782	O2):40.635	
O1):-0.747	O2):36.296	
O1):-0.794	O2):41.212	
O1):-0.751	O2):39.16	
O1):-0.742	O2):35.758	
O1):-0.79	O2):44.072	
O1):-0.77	O2):43.245	
O1):-0.77	O2):39.474	
O1):-0.773	O2):38.915	
O1):-0.741	O2):34.565	
O1):-0.794	O2):41.212	
O1):-0.805	O2):45.62	
O1):-0.723	O2):34.104	
O1):-0.737	O2):34.905	
O1):-0.812	O2):46.274	
O1):-0.767	O2):39.008	
O1):-0.726	O2):34.294	
O1):-0.805	O2):53.264	
O1):-0.776	O2):39.76	
O1):-0.813	O2):48.546	
O1):-0.694	O2):33.643	
O1):-0.711	O2):33.736	
O1):-0.749	O2):36.733	
O1):-0.724	O2):34.721	
O1):-0.775	O2):39.676	
O1):-0.762	O2):39.258	
O1):-0.756	O2):38.944	
O1):-0.796	O2):43.907	
O1):-0.742	O2):35.758	
O1):-0.774	O2):39.166	
O1):-0.825	O2):50.086	
O1):-0.724	O2):34.721	
O1):-0.825	O2):50.166	
O1):-0.763	O2):38.482	
O1):-0.805	O2):45.62	
O1):-0.73	O2):39.071	
O1):-0.753	O2):40.759	
O1):-0.656	O2):29.393	
O1):-0.782	O2):40.999	
O1):-0.794	O2):41.212	
O1):-0.805	O2):45.688	
O1):-0.757	O2):38.339	
Evaluations:	800
O1):-0.762	O2):40.205	
O1):-0.711	O2):34.465	
O1):-0.773	O2):38.915	
O1):-0.82	O2):46.812	
O1):-0.805	O2):45.62	
O1):-0.826	O2):49.35	
O1):-0.776	O2):40.979	
O1):-0.776	O2):40.42	
O1):-0.819	O2):49.979	
O1):-0.805	O2):45.62	
O1):-0.828	O2):49.835	
O1):-0.786	O2):41.108	
O1):-0.794	O2):41.212	
O1):-0.735	O2):35.214	
O1):-0.825	O2):50.086	
O1):-0.745	O2):36.3	
O1):-0.795	O2):46.684	
Evaluations:	800
O1):-0.805	O2):45.689	
O1):-0.803	O2):45.15	
O1):-0.717	O2):33.945	
O1):-0.738	O2):37.98	
O1):-0.745	O2):37.846	
O1):-0.745	O2):36.3	
O1):-0.724	O2):34.737	
O1):-0.794	O2):41.504	
O1):-0.841	O2):50.807	
O1):-0.805	O2):45.62	
O1):-0.801	O2):44.799	
O1):-0.854	O2):59.708	
O1):-0.742	O2):35.758	
O1):-0.724	O2):34.721	
O1):-0.768	O2):44.438	
O1):-0.8	O2):44.053	
O1):-0.711	O2):34.465	
O1):-0.774	O2):39.481	
O1):-0.763	O2):38.846	
O1):-0.806	O2):45.563	
O1):-0.745	O2):36.3	
O1):-0.814	O2):48.971	
O1):-0.712	O2):34.539	
O1):-0.814	O2):48.971	
O1):-0.797	O2):44.575	
O1):-0.724	O2):34.721	
O1):-0.803	O2):45.425	
O1):-0.843	O2):54.806	
O1):-0.687	O2):34.632	
O1):-0.774	O2):44.067	
O1):-0.805	O2):45.62	
O1):-0.795	O2):44.818	
O1):-0.803	O2):45.425	
O1):-0.819	O2):50.068	
O1):-0.737	O2):34.905	
Starting PrismExecutor worker 0 on port 15040
O1):-0.825	O2):50.086	
Connected worker 0 to port 15040
O1):-0.765	O2):39.037	
O1):-0.77	O2):39.474	
O1):-0.784	O2):40.743	
O1):-0.795	O2):41.15	
O1):-0.729	O2):34.678	
O1):-0.743	O2):36.182	
O1):-0.799	O2):44.787	
O1):-0.703	O2):33.942	
O1):-0.77	O2):39.474	
O1):-0.839	O2):54.803	
O1):-0.725	O2):35.205	
O1):-0.82	O2):46.769	
O1):-0.805	O2):45.62	
O1):-0.801	O2):44.938	
O1):-0.78	O2):42.963	
O1):-0.782	O2):40.356	
O1):-0.77	O2):38.885	
O1):-0.688	O2):32.908	
O1):-0.725	O2):35.205	
O1):-0.795	O2):44.935	
O1):-0.792	O2):40.624	
O1):-0.754	O2):38.493	
O1):-0.737	O2):34.905	
O1):-0.806	O2):45.841	
O1):-0.785	O2):41.491	
O1):-0.716	O2):33.603	
O1):-0.721	O2):35.748	
O1):-0.744	O2):36.38	
O1):-0.793	O2):44.063	
O1):-0.742	O2):36.222	
O1):-0.77	O2):38.885	
O1):-0.775	O2):39.856	
O1):-0.825	O2):50.086	
O1):-0.794	O2):41.212	
O1):-0.77	O2):38.885	
O1):-0.794	O2):41.212	
O1):-0.805	O2):45.365	
O1):-0.773	O2):38.915	
O1):-0.773	O2):38.915	
O1):-0.731	O2):36.34	
O1):-0.805	O2):45.62	
O1):-0.759	O2):39.037	
O1):-0.781	O2):40.832	
O1):-0.852	O2):56.39	
O1):-0.84	O2):50.72	
O1):-0.742	O2):34.795	
O1):-0.794	O2):41.375	
O1):-0.819	O2):46.572	
O1):-0.776	O2):43.884	
O1):-0.843	O2):51.418	
O1):-0.828	O2):49.835	
O1):-0.794	O2):41.612	
O1):-0.805	O2):45.733	
O1):-0.77	O2):39.474	
O1):-0.725	O2):35.205	
O1):-0.741	O2):34.684	
O1):-0.829	O2):49.984	
O1):-0.841	O2):50.901	
O1):-0.803	O2):45.425	
O1):-0.714	O2):35.722	
O1):-0.813	O2):48.576	
O1):-0.792	O2):40.553	
O1):-0.813	O2):45.141	
O1):-0.708	O2):33.336	
Evaluations:	900
O1):-0.788	O2):45.835	
O1):-0.808	O2):45.285	
O1):-0.851	O2):56.08	
O1):-0.797	O2):44.634	
O1):-0.724	O2):34.721	
O1):-0.84	O2):50.72	
O1):-0.757	O2):38.501	
O1):-0.812	O2):46.279	
O1):-0.724	O2):34.721	
O1):-0.752	O2):41.784	
O1):-0.772	O2):38.824	
O1):-0.747	O2):38.191	
O1):-0.716	O2):33.603	
O1):-0.717	O2):33.945	
O1):-0.771	O2):38.911	
O1):-0.77	O2):38.885	
O1):-0.84	O2):50.72	
O1):-0.717	O2):33.944	
O1):-0.778	O2):39.703	
O1):-0.775	O2):39.722	
O1):-0.736	O2):36.416	
O1):-0.788	O2):45.333	
O1):-0.773	O2):38.915	
O1):-0.715	O2):34.536	
O1):-0.717	O2):33.945	
O1):-0.843	O2):51.418	
O1):-0.762	O2):40.552	
O1):-0.718	O2):33.896	
O1):-0.792	O2):40.624	
O1):-0.725	O2):35.205	
O1):-0.806	O2):45.326	
O1):-0.803	O2):45.425	
O1):-0.637	O2):29.111	
O1):-0.828	O2):59.43	
O1):-0.814	O2):48.971	
O1):-0.714	O2):34.564	
O1):-0.81	O2):45.631	
O1):-0.745	O2):37.846	
O1):-0.787	O2):44.429	
O1):-0.741	O2):35.918	
O1):-0.671	O2):30.094	
O1):-0.692	O2):31.159	
O1):-0.763	O2):38.846	
O1):-0.714	O2):34.564	
O1):-0.656	O2):30.187	
O1):-0.764	O2):39.064	
O1):-0.796	O2):43.907	
O1):-0.664	O2):30.368	
O1):-0.83	O2):50.637	
O1):-0.787	O2):44.569	
O1):-0.766	O2):38.367	
O1):-0.803	O2):45.425	
O1):-0.794	O2):41.212	
O1):-0.716	O2):34.679	
O1):-0.809	O2):46.11	
O1):-0.842	O2):51.036	
O1):-0.78	O2):40.631	
O1):-0.738	O2):37.98	
O1):-0.795	O2):44.935	
O1):-0.795	O2):44.323	
O1):-0.669	O2):29.617	
O1):-0.719	O2):36.525	
O1):-0.813	O2):48.576	
O1):-0.825	O2):50.086	
O1):-0.805	O2):45.62	
O1):-0.695	O2):33.153	
O1):-0.809	O2):46.105	
O1):-0.811	O2):46.334	
O1):-0.798	O2):44.203	
O1):-0.718	O2):34.191	
O1):-0.669	O2):29.651	
O1):-0.757	O2):38.916	
O1):-0.776	O2):40.984	
O1):-0.711	O2):33.736	
Starting PrismExecutor worker 3 on port 15093
Connected worker 3 to port 15093
O1):-0.786	O2):41.108	
O1):-0.803	O2):45.025	
O1):-0.773	O2):38.915	
O1):-0.787	O2):44.429	
O1):-0.725	O2):35.205	
O1):-0.777	O2):41.196	
O1):-0.725	O2):35.218	
O1):-0.741	O2):35.928	
O1):-0.74	O2):38.286	
O1):-0.803	O2):50.334	
O1):-0.797	O2):44.022	
O1):-0.689	O2):33.923	
O1):-0.742	O2):34.795	
O1):-0.797	O2):43.634	
O1):-0.775	O2):40.417	
O1):-0.741	O2):34.684	
O1):-0.799	O2):43.687	
O1):-0.805	O2):48.008	
O1):-0.717	O2):33.565	
O1):-0.825	O2):50.086	
O1):-0.816	O2):45.349	
O1):-0.776	O2):39.76	
O1):-0.772	O2):39.034	
O1):-0.769	O2):40.082	
O1):-0.765	O2):39.017	
O1):-0.716	O2):34.679	
O1):-0.838	O2):51.329	
O1):-0.744	O2):35.32	
Evaluations:	800
O1):-0.843	O2):54.801	
O1):-0.792	O2):41.12	
O1):-0.754	O2):38.493	
O1):-0.745	O2):36.3	
O1):-0.745	O2):37.846	
O1):-0.758	O2):40.271	
O1):-0.731	O2):35.243	
O1):-0.829	O2):50.822	
O1):-0.791	O2):40.513	
O1):-0.738	O2):37.98	
O1):-0.744	O2):36.312	
O1):-0.777	O2):39.475	
O1):-0.854	O2):59.708	
O1):-0.811	O2):45.947	
O1):-0.711	O2):33.39	
O1):-0.714	O2):34.564	
O1):-0.721	O2):35.748	
O1):-0.763	O2):44.899	
O1):-0.767	O2):40.222	
O1):-0.792	O2):40.624	
O1):-0.714	O2):34.564	
O1):-0.695	O2):34.58	
O1):-0.685	O2):31.072	
O1):-0.738	O2):37.98	
O1):-0.695	O2):33.153	
O1):-0.762	O2):40.205	
O1):-0.71	O2):34.819	
O1):-0.796	O2):43.27	
O1):-0.793	O2):44.063	
O1):-0.799	O2):43.894	
O1):-0.823	O2):52.929	
O1):-0.77	O2):39.474	
O1):-0.825	O2):50.165	
O1):-0.655	O2):29.907	
O1):-0.718	O2):33.816	
O1):-0.812	O2):46.274	
O1):-0.794	O2):41.212	
O1):-0.717	O2):34.707	
O1):-0.763	O2):38.482	
O1):-0.813	O2):50.008	
O1):-0.692	O2):31.159	
O1):-0.806	O2):45.563	
O1):-0.705	O2):37.232	
O1):-0.775	O2):43.398	
O1):-0.792	O2):41.156	
O1):-0.735	O2):36.369	
O1):-0.805	O2):45.62	
O1):-0.821	O2):46.839	
O1):-0.637	O2):29.409	
O1):-0.793	O2):40.904	
O1):-0.754	O2):38.493	
O1):-0.794	O2):41.212	
O1):-0.77	O2):38.885	
O1):-0.783	O2):41.523	
O1):-0.706	O2):33.748	
O1):-0.77	O2):38.885	
O1):-0.74	O2):38.221	
O1):-0.72	O2):34.288	
O1):-0.757	O2):38.501	
O1):-0.732	O2):35.388	
O1):-0.805	O2):45.62	
O1):-0.775	O2):40.112	
O1):-0.739	O2):38.177	
O1):-0.751	O2):41.066	
O1):-0.724	O2):33.892	
O1):-0.796	O2):45.529	
O1):-0.794	O2):40.885	
O1):-0.725	O2):35.205	
O1):-0.777	O2):40.041	
O1):-0.794	O2):41.612	
O1):-0.75	O2):38.615	
O1):-0.779	O2):44.909	
O1):-0.748	O2):40.448	
O1):-0.706	O2):35.863	
O1):-0.821	O2):46.888	
O1):-0.796	O2):43.27	
O1):-0.711	O2):33.384	
O1):-0.75	O2):38.399	
O1):-0.724	O2):34.721	
O1):-0.819	O2):49.979	
O1):-0.764	O2):44.198	
O1):-0.728	O2):34.357	
O1):-0.692	O2):31.159	
O1):-0.831	O2):50.528	
O1):-0.79	O2):40.595	
O1):-0.835	O2):51.561	
O1):-0.769	O2):41.796	
O1):-0.702	O2):33.257	
O1):-0.732	O2):35.388	
O1):-0.716	O2):33.603	
O1):-0.727	O2):34.868	
O1):-0.827	O2):51.27	
O1):-0.753	O2):40.759	
O1):-0.763	O2):38.482	
O1):-0.803	O2):45.15	
O1):-0.714	O2):34.564	
O1):-0.712	O2):34.253	
O1):-0.655	O2):29.907	
O1):-0.795	O2):41.15	
O1):-0.763	O2):37.078	
O1):-0.655	O2):29.907	
O1):-0.741	O2):34.788	
O1):-0.796	O2):43.27	
O1):-0.725	O2):35.205	
O1):-0.714	O2):34.564	
O1):-0.825	O2):50.086	
O1):-0.821	O2):46.839	
O1):-0.725	O2):35.205	
O1):-0.803	O2):45.15	
Starting PrismExecutor worker 2 on port 15042
O1):-0.725	O2):33.938	
Connected worker 2 to port 15042
O1):-0.794	O2):41.212	
O1):-0.814	O2):48.971	
O1):-0.685	O2):31.193	
O1):-0.763	O2):38.846	
O1):-0.836	O2):51.281	
O1):-0.794	O2):41.212	
O1):-0.829	O2):49.889	
O1):-0.811	O2):53.056	
O1):-0.8	O2):44.053	
O1):-0.686	O2):30.172	
O1):-0.766	O2):39.723	
O1):-0.754	O2):39.435	
O1):-0.682	O2):30.988	
O1):-0.637	O2):29.411	
O1):-0.769	O2):39.287	
O1):-0.724	O2):34.893	
O1):-0.749	O2):38.289	
O1):-0.767	O2):39.008	
O1):-0.747	O2):36.735	
O1):-0.724	O2):33.892	
O1):-0.649	O2):29.31	
O1):-0.768	O2):39.243	
O1):-0.765	O2):40.576	
O1):-0.685	O2):33.648	
O1):-0.692	O2):31.159	
O1):-0.769	O2):39.557	
O1):-0.8	O2):44.053	
O1):-0.695	O2):33.153	
O1):-0.812	O2):54.999	
O1):-0.842	O2):51.036	
O1):-0.73	O2):34.828	
O1):-0.724	O2):34.721	
O1):-0.804	O2):45.297	
O1):-0.754	O2):38.493	
O1):-0.828	O2):59.43	
O1):-0.819	O2):49.71	
O1):-0.805	O2):45.62	
O1):-0.716	O2):33.603	
O1):-0.724	O2):34.722	
O1):-0.827	O2):46.502	
O1):-0.725	O2):35.205	
O1):-0.725	O2):35.205	
O1):-0.692	O2):31.159	
O1):-0.725	O2):35.205	
O1):-0.79	O2):40.265	
O1):-0.803	O2):45.292	
O1):-0.794	O2):41.212	
O1):-0.707	O2):34.14	
O1):-0.764	O2):40.249	
O1):-0.732	O2):35.388	
O1):-0.812	O2):48.545	
O1):-0.814	O2):48.971	
O1):-0.794	O2):41.212	
O1):-0.748	O2):40.449	
O1):-0.723	O2):34.104	
O1):-0.682	O2):30.988	
O1):-0.74	O2):38.286	
O1):-0.819	O2):46.445	
O1):-0.714	O2):34.246	
O1):-0.724	O2):34.721	
O1):-0.784	O2):40.692	
O1):-0.794	O2):41.212	
O1):-0.814	O2):48.96	
O1):-0.803	O2):44.973	
O1):-0.781	O2):40.832	
O1):-0.782	O2):40.355	
O1):-0.796	O2):43.907	
O1):-0.825	O2):50.165	
O1):-0.705	O2):33.683	
O1):-0.841	O2):50.807	
O1):-0.745	O2):36.3	
O1):-0.792	O2):41.102	
O1):-0.828	O2):59.717	
O1):-0.729	O2):34.546	
O1):-0.813	O2):45.141	
O1):-0.795	O2):41.15	
O1):-0.713	O2):34.55	
O1):-0.803	O2):45.15	
O1):-0.839	O2):54.801	
O1):-0.785	O2):40.676	
O1):-0.796	O2):43.27	
O1):-0.778	O2):39.703	
O1):-0.773	O2):40.405	
O1):-0.823	O2):53.028	
O1):-0.72	O2):34.074	
O1):-0.725	O2):35.205	
O1):-0.728	O2):34.357	
O1):-0.773	O2):38.915	
O1):-0.724	O2):34.72	
O1):-0.724	O2):34.721	
O1):-0.812	O2):46.274	
O1):-0.741	O2):35.246	
O1):-0.794	O2):41.212	
O1):-0.763	O2):38.482	
O1):-0.775	O2):39.65	
O1):-0.655	O2):29.907	
O1):-0.724	O2):34.101	
O1):-0.769	O2):45.506	
O1):-0.808	O2):45.407	
O1):-0.717	O2):33.945	
O1):-0.694	O2):33.167	
O1):-0.78	O2):45.317	
O1):-0.748	O2):38.345	
O1):-0.718	O2):33.816	
O1):-0.8	O2):43.94	
O1):-0.763	O2):38.846	
O1):-0.821	O2):55.718	
O1):-0.792	O2):40.976	
O1):-0.819	O2):50.502	
O1):-0.758	O2):41.305	
O1):-0.804	O2):45.897	
O1):-0.781	O2):40.832	
O1):-0.836	O2):50.687	
O1):-0.821	O2):52.772	
O1):-0.796	O2):43.27	
O1):-0.812	O2):46.274	
O1):-0.797	O2):45.448	
O1):-0.845	O2):55.579	
O1):-0.725	O2):35.205	
O1):-0.716	O2):33.603	
O1):-0.756	O2):38.944	
O1):-0.724	O2):33.892	
O1):-0.727	O2):34.868	
O1):-0.774	O2):39.097	
O1):-0.785	O2):41.491	
O1):-0.714	O2):34.564	
O1):-0.805	O2):45.62	
O1):-0.765	O2):40.856	
O1):-0.772	O2):38.804	
O1):-0.711	O2):33.921	
O1):-0.798	O2):45.025	
O1):-0.711	O2):33.849	
O1):-0.84	O2):50.72	
O1):-0.768	O2):39.08	
O1):-0.818	O2):46.192	
O1):-0.756	O2):39.424	
O1):-0.655	O2):29.907	
O1):-0.708	O2):36.469	
Starting PrismExecutor worker 3 on port 15043
Starting PrismExecutor worker 5 on port 15035
O1):-0.799	O2):45.006	
Connected worker 3 to port 15043
Connected worker 5 to port 15035
O1):-0.798	O2):44.216	
O1):-0.836	O2):50.687	
O1):-0.77	O2):38.885	
O1):-0.848	O2):50.44	
O1):-0.756	O2):39.424	
O1):-0.786	O2):41.108	
O1):-0.82	O2):49.903	
O1):-0.797	O2):44.575	
O1):-0.721	O2):35.091	
O1):-0.761	O2):38.543	
O1):-0.781	O2):40.832	
O1):-0.745	O2):36.3	
O1):-0.768	O2):39.243	
O1):-0.694	O2):33.167	
O1):-0.738	O2):35.369	
O1):-0.78	O2):40.631	
O1):-0.701	O2):34.028	
O1):-0.836	O2):54.619	
O1):-0.77	O2):38.885	
O1):-0.717	O2):34.963	
O1):-0.77	O2):39.474	
O1):-0.758	O2):40.276	
O1):-0.806	O2):45.881	
O1):-0.836	O2):50.687	
O1):-0.725	O2):35.205	
O1):-0.821	O2):55.718	
O1):-0.791	O2):43.692	
O1):-0.701	O2):34.051	
O1):-0.803	O2):45.425	
O1):-0.791	O2):43.692	
O1):-0.774	O2):39.155	
O1):-0.794	O2):41.212	
O1):-0.745	O2):36.3	
O1):-0.742	O2):39.432	
O1):-0.707	O2):33.649	
O1):-0.732	O2):38.021	
O1):-0.854	O2):59.708	
O1):-0.724	O2):34.721	
O1):-0.79	O2):43.472	
O1):-0.743	O2):38.515	
O1):-0.735	O2):35.213	
O1):-0.786	O2):43.054	
O1):-0.751	O2):39.355	
O1):-0.712	O2):34.253	
O1):-0.725	O2):35.205	
O1):-0.82	O2):46.769	
O1):-0.773	O2):38.915	
O1):-0.827	O2):46.502	
O1):-0.83	O2):50.637	
O1):-0.791	O2):40.854	
O1):-0.669	O2):29.651	
Evaluations:	800
O1):-0.854	O2):59.708	
O1):-0.733	O2):35.409	
O1):-0.766	O2):38.913	
O1):-0.686	O2):32.95	
O1):-0.692	O2):31.159	
O1):-0.762	O2):38.487	
O1):-0.825	O2):50.086	
O1):-0.775	O2):39.722	
O1):-0.854	O2):59.708	
O1):-0.803	O2):45.425	
O1):-0.77	O2):38.885	
O1):-0.725	O2):35.205	
O1):-0.77	O2):39.521	
O1):-0.763	O2):41.197	
O1):-0.725	O2):33.938	
O1):-0.799	O2):43.687	
O1):-0.741	O2):34.684	
O1):-0.825	O2):50.165	
O1):-0.714	O2):34.564	
O1):-0.798	O2):44.975	
O1):-0.794	O2):41.212	
O1):-0.812	O2):48.545	
O1):-0.81	O2):49.198	
O1):-0.843	O2):51.418	
O1):-0.771	O2):40.542	
O1):-0.803	O2):45.425	
O1):-0.816	O2):45.349	
O1):-0.772	O2):38.824	
O1):-0.772	O2):40.789	
O1):-0.685	O2):31.193	
O1):-0.792	O2):40.624	
O1):-0.792	O2):40.553	
O1):-0.804	O2):46.133	
O1):-0.81	O2):45.631	
O1):-0.718	O2):34.873	
O1):-0.819	O2):46.008	
O1):-0.772	O2):38.903	
O1):-0.695	O2):33.153	
O1):-0.771	O2):40.685	
O1):-0.774	O2):39.11	
O1):-0.805	O2):45.62	
O1):-0.725	O2):35.205	
O1):-0.785	O2):41.491	
O1):-0.817	O2):49.865	
O1):-0.707	O2):33.647	
O1):-0.682	O2):30.988	
O1):-0.745	O2):37.846	
O1):-0.79	O2):40.583	
O1):-0.795	O2):43.546	
O1):-0.729	O2):34.528	
O1):-0.805	O2):45.62	
O1):-0.775	O2):40.105	
O1):-0.774	O2):39.166	
O1):-0.763	O2):38.482	
O1):-0.793	O2):44.062	
O1):-0.763	O2):36.627	
O1):-0.777	O2):40.898	
O1):-0.797	O2):44.607	
O1):-0.85	O2):50.752	
O1):-0.72	O2):34.288	
O1):-0.788	O2):43.305	
O1):-0.725	O2):35.205	
O1):-0.77	O2):39.474	
O1):-0.714	O2):34.454	
O1):-0.794	O2):43.585	
O1):-0.731	O2):35.244	
O1):-0.774	O2):39.155	
O1):-0.716	O2):33.603	
O1):-0.742	O2):35.758	
O1):-0.805	O2):45.62	
O1):-0.772	O2):39.034	
O1):-0.716	O2):34.665	
O1):-0.738	O2):37.98	
O1):-0.754	O2):38.493	
O1):-0.724	O2):35.212	
O1):-0.781	O2):40.925	
O1):-0.775	O2):39.676	
O1):-0.811	O2):46.334	
O1):-0.804	O2):46.194	
O1):-0.773	O2):38.915	
O1):-0.775	O2):44.387	
O1):-0.751	O2):41.066	
O1):-0.783	O2):41.496	
O1):-0.816	O2):45.349	
O1):-0.748	O2):39.088	
O1):-0.795	O2):41.15	
O1):-0.748	O2):36.269	
O1):-0.8	O2):44.053	
O1):-0.725	O2):35.205	
O1):-0.725	O2):35.205	
O1):-0.829	O2):49.889	
O1):-0.831	O2):50.528	
O1):-0.817	O2):49.865	
O1):-0.836	O2):50.687	
O1):-0.78	O2):42.963	
O1):-0.78	O2):42.963	
O1):-0.814	O2):48.971	
O1):-0.714	O2):34.564	
O1):-0.707	O2):33.251	
O1):-0.777	O2):40.911	
O1):-0.825	O2):50.166	
O1):-0.637	O2):29.409	
O1):-0.791	O2):43.692	
O1):-0.775	O2):39.408	
O1):-0.775	O2):39.783	
O1):-0.77	O2):38.885	
O1):-0.767	O2):38.476	
O1):-0.724	O2):34.721	
O1):-0.794	O2):41.212	
O1):-0.721	O2):35.09	
O1):-0.774	O2):39.186	
O1):-0.788	O2):43.254	
O1):-0.731	O2):34.87	
O1):-0.797	O2):44.528	
O1):-0.783	O2):40.108	
O1):-0.685	O2):33.648	
O1):-0.711	O2):33.9	
O1):-0.854	O2):59.708	
O1):-0.792	O2):40.976	
O1):-0.725	O2):33.938	
O1):-0.796	O2):43.27	
O1):-0.797	O2):44.526	
O1):-0.784	O2):40.692	
O1):-0.772	O2):40.789	
O1):-0.731	O2):34.871	
O1):-0.707	O2):33.649	
O1):-0.845	O2):51.685	
O1):-0.854	O2):59.708	
O1):-0.729	O2):34.701	
O1):-0.71	O2):34.819	
O1):-0.717	O2):34.705	
O1):-0.85	O2):55.351	
O1):-0.725	O2):35.205	
O1):-0.747	O2):36.735	
Evaluations:	900
O1):-0.763	O2):38.846	
Evaluations:	800
O1):-0.801	O2):45.092	
O1):-0.794	O2):41.212	
O1):-0.725	O2):35.205	
O1):-0.716	O2):33.547	
O1):-0.78	O2):40.631	
O1):-0.785	O2):45.15	
O1):-0.77	O2):38.885	
O1):-0.754	O2):38.609	
O1):-0.724	O2):34.721	
O1):-0.803	O2):45.425	
O1):-0.773	O2):39.022	
O1):-0.827	O2):46.502	
O1):-0.833	O2):50.232	
O1):-0.73	O2):34.828	
O1):-0.715	O2):33.718	
O1):-0.685	O2):33.648	
O1):-0.724	O2):34.721	
O1):-0.797	O2):44.526	
O1):-0.747	O2):36.02	
O1):-0.803	O2):45.15	
O1):-0.708	O2):33.336	
O1):-0.732	O2):35.388	
O1):-0.802	O2):44.89	
O1):-0.708	O2):33.341	
O1):-0.81	O2):49.478	
O1):-0.744	O2):40.025	
O1):-0.685	O2):34.772	
O1):-0.775	O2):39.676	
O1):-0.637	O2):29.409	
O1):-0.685	O2):31.072	
O1):-0.738	O2):35.467	
O1):-0.805	O2):45.62	
O1):-0.793	O2):43.224	
O1):-0.752	O2):40.788	
O1):-0.78	O2):43.014	
O1):-0.746	O2):40.129	
O1):-0.795	O2):41.15	
O1):-0.767	O2):39.008	
O1):-0.803	O2):45.425	
O1):-0.771	O2):42.096	
O1):-0.796	O2):43.908	
O1):-0.843	O2):51.418	
O1):-0.713	O2):34.55	
O1):-0.802	O2):45.119	
O1):-0.71	O2):33.369	
O1):-0.772	O2):38.805	
O1):-0.725	O2):35.207	
O1):-0.811	O2):46.334	
O1):-0.763	O2):36.575	
O1):-0.805	O2):45.62	
O1):-0.767	O2):40.856	
O1):-0.817	O2):46.267	
O1):-0.772	O2):38.814	
O1):-0.828	O2):49.835	
O1):-0.775	O2):40.112	
O1):-0.756	O2):38.944	
O1):-0.756	O2):38.944	
O1):-0.808	O2):45.285	
O1):-0.825	O2):50.165	
O1):-0.753	O2):40.147	
O1):-0.764	O2):38.668	
O1):-0.843	O2):55.214	
O1):-0.776	O2):40.024	
O1):-0.763	O2):38.39	
O1):-0.753	O2):38.712	
O1):-0.684	O2):30.906	
O1):-0.637	O2):29.409	
O1):-0.751	O2):41.066	
O1):-0.754	O2):38.493	
O1):-0.79	O2):40.582	
O1):-0.801	O2):44.912	
O1):-0.78	O2):40.631	
O1):-0.714	O2):34.564	
O1):-0.801	O2):44.91	
O1):-0.825	O2):50.086	
O1):-0.732	O2):35.215	
O1):-0.738	O2):35.513	
O1):-0.795	O2):43.155	
O1):-0.79	O2):40.605	
O1):-0.805	O2):46.241	
O1):-0.811	O2):46.334	
O1):-0.738	O2):35.467	
O1):-0.783	O2):41.496	
O1):-0.768	O2):39.14	
O1):-0.805	O2):45.62	
O1):-0.749	O2):41.016	
O1):-0.799	O2):44.588	
O1):-0.795	O2):41.15	
O1):-0.836	O2):54.618	
O1):-0.805	O2):45.62	
O1):-0.756	O2):38.944	
O1):-0.717	O2):33.945	
Evaluations:	800
O1):-0.825	O2):50.086	
O1):-0.78	O2):43.01	
O1):-0.724	O2):33.892	
O1):-0.723	O2):33.882	
O1):-0.806	O2):45.563	
O1):-0.731	O2):35.818	
Starting PrismExecutor worker 3 on port 15023
Connected worker 3 to port 15023
O1):-0.804	O2):45.28	
O1):-0.74	O2):38.221	
O1):-0.724	O2):34.721	
O1):-0.797	O2):44.634	
O1):-0.738	O2):37.984	
O1):-0.794	O2):41.212	
O1):-0.803	O2):45.15	
O1):-0.78	O2):40.631	
O1):-0.733	O2):35.811	
O1):-0.772	O2):38.831	
O1):-0.688	O2):32.908	
O1):-0.72	O2):35.404	
O1):-0.785	O2):41.491	
O1):-0.794	O2):41.212	
O1):-0.796	O2):43.27	
O1):-0.803	O2):45.15	
O1):-0.796	O2):42.279	
O1):-0.837	O2):51.01	
O1):-0.829	O2):49.889	
O1):-0.794	O2):41.024	
O1):-0.778	O2):39.703	
O1):-0.803	O2):48.184	
O1):-0.724	O2):35.212	
O1):-0.753	O2):40.731	
O1):-0.802	O2):45.119	
O1):-0.794	O2):41.212	
O1):-0.794	O2):41.212	
O1):-0.763	O2):40.185	
O1):-0.751	O2):39.331	
O1):-0.781	O2):41.192	
O1):-0.8	O2):44.053	
O1):-0.769	O2):39.808	
O1):-0.776	O2):39.759	
O1):-0.757	O2):40.887	
O1):-0.811	O2):46.334	
O1):-0.821	O2):52.772	
O1):-0.685	O2):33.648	
O1):-0.701	O2):34.917	
O1):-0.819	O2):46.572	
O1):-0.78	O2):41.523	
O1):-0.844	O2):55.169	
O1):-0.737	O2):35.515	
O1):-0.829	O2):49.889	
O1):-0.781	O2):42.191	
O1):-0.795	O2):53.083	
O1):-0.724	O2):33.892	
O1):-0.77	O2):39.474	
O1):-0.77	O2):39.474	
O1):-0.745	O2):35.075	
O1):-0.688	O2):32.908	
O1):-0.803	O2):48.216	
O1):-0.718	O2):33.816	
O1):-0.794	O2):41.212	
O1):-0.791	O2):45.883	
O1):-0.764	O2):38.56	
O1):-0.744	O2):35.319	
O1):-0.775	O2):43.397	
O1):-0.824	O2):50.062	
O1):-0.792	O2):40.624	
O1):-0.803	O2):45.425	
O1):-0.803	O2):44.973	
O1):-0.843	O2):51.145	
O1):-0.714	O2):34.564	
O1):-0.768	O2):39.243	
O1):-0.805	O2):45.62	
O1):-0.748	O2):36.269	
O1):-0.728	O2):37.426	
O1):-0.712	O2):34.539	
O1):-0.761	O2):39.239	
O1):-0.851	O2):55.224	
O1):-0.763	O2):38.482	
O1):-0.794	O2):41.212	
O1):-0.771	O2):38.905	
O1):-0.83	O2):49.978	
O1):-0.775	O2):39.677	
O1):-0.823	O2):48.999	
O1):-0.844	O2):55.169	
O1):-0.797	O2):44.526	
O1):-0.745	O2):37.846	
O1):-0.77	O2):38.885	
O1):-0.745	O2):35.075	
O1):-0.751	O2):39.843	
O1):-0.765	O2):37.524	
O1):-0.767	O2):39.007	
O1):-0.735	O2):34.926	
O1):-0.829	O2):49.889	
O1):-0.741	O2):34.684	
O1):-0.82	O2):50.038	
O1):-0.775	O2):39.793	
O1):-0.773	O2):38.915	
O1):-0.825	O2):50.086	
O1):-0.712	O2):35.687	
O1):-0.805	O2):45.62	
O1):-0.77	O2):40.196	
O1):-0.78	O2):40.631	
O1):-0.773	O2):38.915	
O1):-0.74	O2):38.286	
O1):-0.803	O2):45.364	
Evaluations:	900
O1):-0.724	O2):33.892	
O1):-0.714	O2):34.564	
O1):-0.706	O2):33.748	
O1):-0.738	O2):37.984	
O1):-0.802	O2):44.89	
O1):-0.775	O2):39.676	
O1):-0.756	O2):38.363	
O1):-0.708	O2):33.336	
O1):-0.842	O2):51.036	
O1):-0.821	O2):46.932	
O1):-0.756	O2):38.944	
O1):-0.731	O2):34.87	
O1):-0.778	O2):40.403	
O1):-0.763	O2):38.643	
O1):-0.775	O2):39.676	
O1):-0.814	O2):48.358	
O1):-0.768	O2):39.243	
O1):-0.82	O2):50.124	
O1):-0.793	O2):44.066	
O1):-0.825	O2):50.086	
O1):-0.797	O2):44.528	
O1):-0.721	O2):36.146	
O1):-0.738	O2):35.063	
O1):-0.844	O2):55.169	
O1):-0.74	O2):38.221	
O1):-0.747	O2):38.086	
O1):-0.809	O2):46.11	
O1):-0.819	O2):49.979	
O1):-0.807	O2):48.219	
O1):-0.842	O2):51.116	
O1):-0.742	O2):34.795	
O1):-0.713	O2):34.55	
O1):-0.757	O2):40.265	
O1):-0.666	O2):29.593	
O1):-0.722	O2):35.152	
O1):-0.722	O2):35.152	
O1):-0.733	O2):35.811	
O1):-0.729	O2):34.678	
O1):-0.724	O2):34.721	
Evaluations:	900
O1):-0.722	O2):35.152	
O1):-0.775	O2):39.676	
O1):-0.805	O2):45.62	
O1):-0.793	O2):43.262	
O1):-0.797	O2):44.634	
O1):-0.717	O2):33.714	
O1):-0.722	O2):35.152	
O1):-0.782	O2):40.356	
O1):-0.793	O2):44.061	
O1):-0.819	O2):49.71	
O1):-0.772	O2):44.704	
O1):-0.805	O2):45.62	
O1):-0.784	O2):40.751	
O1):-0.75	O2):38.399	
Starting PrismExecutor worker 1 on port 15021
Connected worker 1 to port 15021
O1):-0.77	O2):39.474	
O1):-0.763	O2):38.846	
O1):-0.711	O2):33.384	
O1):-0.716	O2):33.604	
O1):-0.708	O2):33.336	
O1):-0.724	O2):33.892	
O1):-0.775	O2):39.676	
O1):-0.803	O2):44.973	
O1):-0.804	O2):45.297	
O1):-0.718	O2):33.815	
O1):-0.766	O2):39.188	
O1):-0.78	O2):40.631	
Evaluations:	900
O1):-0.792	O2):40.976	
O1):-0.79	O2):40.513	
O1):-0.812	O2):48.545	
O1):-0.666	O2):29.593	
O1):-0.752	O2):39.063	
O1):-0.738	O2):37.98	
O1):-0.794	O2):41.212	
O1):-0.726	O2):34.29	
O1):-0.77	O2):39.474	
O1):-0.774	O2):43.864	
Evaluations:	800
O1):-0.777	O2):40.174	
O1):-0.809	O2):46.11	
O1):-0.792	O2):40.553	
O1):-0.738	O2):37.98	
O1):-0.742	O2):35.233	
O1):-0.78	O2):41.484	
O1):-0.738	O2):37.98	
O1):-0.795	O2):43.546	
O1):-0.775	O2):40.17	
O1):-0.77	O2):38.885	
O1):-0.845	O2):55.58	
O1):-0.838	O2):51.329	
O1):-0.769	O2):39.91	
O1):-0.763	O2):38.482	
O1):-0.781	O2):40.809	
O1):-0.824	O2):46.337	
O1):-0.735	O2):34.926	
O1):-0.77	O2):38.885	
O1):-0.767	O2):39.862	
O1):-0.771	O2):38.736	
O1):-0.773	O2):38.915	
O1):-0.805	O2):45.62	
O1):-0.766	O2):38.366	
O1):-0.812	O2):46.273	
O1):-0.773	O2):38.915	
O1):-0.818	O2):46.437	
O1):-0.79	O2):40.583	
O1):-0.759	O2):38.739	
O1):-0.823	O2):53.984	
O1):-0.694	O2):33.167	
O1):-0.827	O2):46.502	
O1):-0.725	O2):35.205	
O1):-0.773	O2):38.915	
O1):-0.739	O2):40.987	
O1):-0.772	O2):39.048	
O1):-0.807	O2):45.789	
O1):-0.715	O2):34.058	
O1):-0.801	O2):45.092	
O1):-0.821	O2):46.839	
O1):-0.796	O2):43.907	
O1):-0.82	O2):49.903	
O1):-0.745	O2):35.768	
O1):-0.814	O2):48.971	
O1):-0.803	O2):45.15	
O1):-0.803	O2):45.15	
O1):-0.769	O2):38.761	
O1):-0.716	O2):33.603	
O1):-0.791	O2):45.331	
O1):-0.787	O2):44.569	
O1):-0.744	O2):35.471	
O1):-0.775	O2):39.481	
O1):-0.672	O2):31.702	
O1):-0.637	O2):29.409	
O1):-0.738	O2):37.98	
O1):-0.766	O2):39.689	
O1):-0.77	O2):38.885	
O1):-0.819	O2):46.008	
O1):-0.732	O2):35.239	
O1):-0.81	O2):52.978	
O1):-0.779	O2):40.448	
O1):-0.74	O2):38.286	
O1):-0.836	O2):50.687	
O1):-0.763	O2):38.482	
O1):-0.841	O2):50.807	
O1):-0.77	O2):39.474	
O1):-0.771	O2):38.877	
O1):-0.691	O2):35.382	
O1):-0.775	O2):39.677	
O1):-0.771	O2):38.904	
O1):-0.755	O2):38.801	
O1):-0.783	O2):41.04	
O1):-0.767	O2):39.008	
O1):-0.819	O2):46.445	
O1):-0.777	O2):43.885	
O1):-0.757	O2):38.501	
O1):-0.775	O2):40.17	
O1):-0.771	O2):39.871	
O1):-0.731	O2):40.689	
O1):-0.763	O2):38.482	
O1):-0.803	O2):48.199	
O1):-0.716	O2):33.603	
O1):-0.768	O2):39.081	
O1):-0.851	O2):51.549	
O1):-0.812	O2):46.273	
O1):-0.73	O2):34.828	
O1):-0.843	O2):51.145	
O1):-0.854	O2):59.708	
O1):-0.79	O2):40.583	
O1):-0.83	O2):50.637	
O1):-0.713	O2):33.855	
O1):-0.813	O2):48.542	
O1):-0.802	O2):44.89	
O1):-0.794	O2):41.212	
Evaluations:	1000
O1):-0.721	O2):36.067	
O1):-0.772	O2):39.034	
O1):-0.777	O2):40.441	
O1):-0.689	O2):35.303	
O1):-0.828	O2):46.836	
O1):-0.72	O2):34.288	
O1):-0.718	O2):33.729	
O1):-0.743	O2):36.242	
O1):-0.763	O2):36.575	
O1):-0.719	O2):33.973	
O1):-0.77	O2):39.474	
O1):-0.729	O2):34.765	
O1):-0.793	O2):40.776	
O1):-0.789	O2):40.583	
O1):-0.776	O2):39.592	
O1):-0.726	O2):34.294	
O1):-0.792	O2):40.553	
O1):-0.77	O2):38.885	
O1):-0.796	O2):43.27	
O1):-0.716	O2):33.603	
O1):-0.809	O2):45.869	
O1):-0.763	O2):38.846	
O1):-0.714	O2):33.448	
O1):-0.77	O2):39.474	
O1):-0.738	O2):37.98	
O1):-0.793	O2):40.904	
Starting PrismExecutor worker 0 on port 15020
Connected worker 0 to port 15020
O1):-0.797	O2):41.97	
O1):-0.737	O2):34.905	
O1):-0.772	O2):39.159	
O1):-0.841	O2):50.807	
O1):-0.74	O2):39.593	
O1):-0.708	O2):33.336	
O1):-0.799	O2):48.742	
O1):-0.805	O2):45.62	
O1):-0.725	O2):35.205	
O1):-0.82	O2):46.812	
O1):-0.795	O2):41.15	
O1):-0.716	O2):33.603	
O1):-0.828	O2):49.835	
O1):-0.725	O2):33.938	
O1):-0.767	O2):38.965	
O1):-0.765	O2):38.766	
O1):-0.729	O2):34.528	
O1):-0.763	O2):38.524	
O1):-0.844	O2):51.612	
O1):-0.741	O2):36.026	
O1):-0.797	O2):44.526	
O1):-0.774	O2):39.117	
O1):-0.81	O2):45.631	
O1):-0.724	O2):34.101	
O1):-0.732	O2):35.388	
O1):-0.736	O2):35.215	
O1):-0.688	O2):32.908	
O1):-0.745	O2):37.846	
O1):-0.728	O2):34.356	
O1):-0.821	O2):46.839	
O1):-0.711	O2):33.384	
O1):-0.753	O2):38.712	
O1):-0.773	O2):38.915	
O1):-0.727	O2):34.868	
O1):-0.77	O2):38.885	
O1):-0.799	O2):43.898	
O1):-0.773	O2):38.915	
O1):-0.798	O2):45.025	
O1):-0.77	O2):38.885	
O1):-0.695	O2):33.153	
O1):-0.803	O2):44.973	
O1):-0.808	O2):48.688	
O1):-0.689	O2):34.465	
O1):-0.77	O2):38.885	
O1):-0.796	O2):43.908	
O1):-0.819	O2):45.948	
O1):-0.684	O2):30.906	
O1):-0.774	O2):39.186	
O1):-0.797	O2):44.634	
O1):-0.742	O2):36.391	
O1):-0.801	O2):44.799	
O1):-0.73	O2):34.828	
O1):-0.688	O2):33.873	
O1):-0.756	O2):38.363	
O1):-0.729	O2):34.527	
O1):-0.767	O2):39.129	
O1):-0.745	O2):35.768	
O1):-0.771	O2):39.024	
O1):-0.769	O2):39.287	
O1):-0.742	O2):35.758	
O1):-0.715	O2):34.058	
O1):-0.819	O2):47.057	
O1):-0.73	O2):34.828	
O1):-0.818	O2):45.662	
O1):-0.735	O2):34.926	
O1):-0.753	O2):38.712	
O1):-0.774	O2):39.166	
O1):-0.816	O2):45.931	
O1):-0.672	O2):31.702	
O1):-0.822	O2):52.803	
O1):-0.753	O2):40.147	
O1):-0.74	O2):38.286	
O1):-0.773	O2):38.915	
O1):-0.821	O2):46.84	
O1):-0.795	O2):41.15	
O1):-0.828	O2):50.439	
O1):-0.72	O2):34.065	
O1):-0.84	O2):50.72	
O1):-0.707	O2):35.361	
O1):-0.841	O2):50.807	
O1):-0.795	O2):41.15	
O1):-0.773	O2):39.022	
O1):-0.797	O2):44.526	
O1):-0.776	O2):39.759	
O1):-0.768	O2):39.243	
O1):-0.805	O2):45.62	
Evaluations:	900
O1):-0.78	O2):41.477	
O1):-0.763	O2):38.661	
O1):-0.813	O2):48.773	
O1):-0.809	O2):46.11	
O1):-0.763	O2):38.597	
O1):-0.774	O2):39.48	
O1):-0.74	O2):35.811	
O1):-0.737	O2):34.905	
O1):-0.81	O2):46.301	
O1):-0.819	O2):50.512	
O1):-0.794	O2):41.212	
O1):-0.794	O2):44.694	
O1):-0.763	O2):38.846	
O1):-0.748	O2):36.269	
O1):-0.763	O2):36.575	
O1):-0.718	O2):33.816	
O1):-0.74	O2):39.593	
O1):-0.825	O2):50.165	
O1):-0.763	O2):39.364	
O1):-0.821	O2):46.84	
O1):-0.767	O2):39.016	
O1):-0.795	O2):44.724	
O1):-0.812	O2):46.278	
O1):-0.725	O2):35.205	
O1):-0.77	O2):39.474	
O1):-0.773	O2):39.022	
O1):-0.747	O2):36.187	
O1):-0.742	O2):35.758	
O1):-0.726	O2):34.98	
O1):-0.77	O2):39.474	
O1):-0.772	O2):39.048	
O1):-0.733	O2):35.316	
O1):-0.742	O2):34.795	
O1):-0.719	O2):33.973	
O1):-0.854	O2):59.708	
O1):-0.822	O2):45.676	
O1):-0.798	O2):45.025	
O1):-0.779	O2):40.525	
O1):-0.716	O2):34.704	
O1):-0.776	O2):39.759	
O1):-0.692	O2):31.159	
O1):-0.725	O2):35.205	
O1):-0.825	O2):50.165	
O1):-0.805	O2):45.62	
O1):-0.795	O2):44.977	
O1):-0.717	O2):33.964	
O1):-0.795	O2):41.15	
O1):-0.813	O2):48.576	
O1):-0.764	O2):39.859	
O1):-0.715	O2):40.206	
O1):-0.809	O2):49.142	
O1):-0.721	O2):36.067	
O1):-0.778	O2):40.403	
O1):-0.689	O2):34.121	
O1):-0.706	O2):33.436	
O1):-0.803	O2):45.292	
O1):-0.771	O2):42.745	
O1):-0.803	O2):45.292	
O1):-0.792	O2):40.553	
O1):-0.782	O2):40.994	
Starting PrismExecutor worker 2 on port 15022
O1):-0.708	O2):33.336	
Connected worker 2 to port 15022
O1):-0.794	O2):41.212	
O1):-0.795	O2):46.317	
O1):-0.784	O2):40.481	
O1):-0.73	O2):35.118	
O1):-0.686	O2):32.95	
O1):-0.781	O2):40.832	
O1):-0.805	O2):45.62	
O1):-0.795	O2):44.323	
O1):-0.775	O2):44.386	
O1):-0.772	O2):39.034	
O1):-0.791	O2):45.331	
O1):-0.794	O2):40.873	
O1):-0.695	O2):33.152	
O1):-0.74	O2):38.286	
O1):-0.773	O2):38.915	
O1):-0.718	O2):33.816	
O1):-0.728	O2):35.079	
O1):-0.695	O2):33.153	
O1):-0.772	O2):39.048	
O1):-0.781	O2):40.832	
O1):-0.73	O2):34.828	
O1):-0.791	O2):40.513	
O1):-0.797	O2):43.74	
O1):-0.77	O2):42.807	
O1):-0.709	O2):40.527	
O1):-0.806	O2):45.463	
O1):-0.725	O2):35.207	
O1):-0.795	O2):44.935	
O1):-0.811	O2):45.946	
O1):-0.832	O2):50.22	
O1):-0.701	O2):33.957	
O1):-0.716	O2):34.672	
O1):-0.789	O2):40.408	
O1):-0.812	O2):46.274	
O1):-0.778	O2):43.87	
O1):-0.82	O2):50.119	
O1):-0.726	O2):34.98	
O1):-0.806	O2):45.881	
O1):-0.776	O2):40.288	
O1):-0.831	O2):50.528	
O1):-0.778	O2):40.403	
O1):-0.795	O2):41.15	
O1):-0.843	O2):51.418	
O1):-0.738	O2):35.513	
O1):-0.782	O2):40.997	
O1):-0.794	O2):41.212	
O1):-0.819	O2):50.512	
O1):-0.762	O2):38.487	
O1):-0.746	O2):35.412	
O1):-0.686	O2):32.95	
O1):-0.697	O2):35.428	
O1):-0.78	O2):42.963	
O1):-0.757	O2):38.501	
O1):-0.703	O2):34.589	
O1):-0.764	O2):38.56	
O1):-0.735	O2):35.833	
O1):-0.773	O2):38.915	
O1):-0.854	O2):59.708	
O1):-0.754	O2):39.368	
O1):-0.684	O2):30.906	
O1):-0.737	O2):35.515	
O1):-0.797	O2):44.634	
O1):-0.775	O2):39.793	
O1):-0.836	O2):50.687	
O1):-0.779	O2):41.038	
O1):-0.694	O2):33.167	
O1):-0.765	O2):40.786	
O1):-0.748	O2):36.269	
O1):-0.802	O2):45.119	
O1):-0.84	O2):50.72	
O1):-0.725	O2):35.205	
O1):-0.77	O2):38.885	
O1):-0.77	O2):38.885	
O1):-0.797	O2):44.526	
O1):-0.722	O2):35.152	
O1):-0.724	O2):34.72	
O1):-0.711	O2):33.736	
O1):-0.8	O2):43.94	
O1):-0.804	O2):45.28	
O1):-0.822	O2):45.676	
O1):-0.751	O2):41.066	
O1):-0.657	O2):29.389	
O1):-0.793	O2):41.226	
O1):-0.771	O2):38.904	
O1):-0.788	O2):43.241	
O1):-0.801	O2):44.939	
O1):-0.794	O2):41.375	
O1):-0.742	O2):40.819	
O1):-0.797	O2):44.526	
O1):-0.777	O2):40.961	
O1):-0.725	O2):35.691	
O1):-0.763	O2):38.846	
O1):-0.714	O2):34.454	
O1):-0.767	O2):39.008	
O1):-0.803	O2):44.973	
O1):-0.77	O2):39.474	
O1):-0.753	O2):38.712	
O1):-0.688	O2):32.908	
O1):-0.736	O2):35.215	
O1):-0.828	O2):50.439	
O1):-0.751	O2):38.425	
O1):-0.821	O2):46.806	
O1):-0.854	O2):59.708	
O1):-0.799	O2):43.741	
O1):-0.745	O2):37.846	
O1):-0.731	O2):35.809	
O1):-0.706	O2):33.748	
O1):-0.755	O2):39.462	
O1):-0.725	O2):35.205	
O1):-0.845	O2):55.579	
O1):-0.717	O2):33.944	
O1):-0.711	O2):36.265	
O1):-0.731	O2):34.728	
O1):-0.844	O2):55.169	
O1):-0.776	O2):39.76	
O1):-0.745	O2):35.768	
O1):-0.773	O2):38.915	
O1):-0.781	O2):40.925	
O1):-0.769	O2):38.761	
O1):-0.794	O2):41.212	
O1):-0.814	O2):48.971	
O1):-0.792	O2):40.624	
O1):-0.833	O2):50.232	
O1):-0.775	O2):40.112	
O1):-0.845	O2):51.685	
O1):-0.811	O2):45.944	
O1):-0.719	O2):35.585	
O1):-0.706	O2):33.748	
O1):-0.794	O2):41.024	
O1):-0.686	O2):30.172	
O1):-0.775	O2):40.105	
O1):-0.775	O2):39.722	
O1):-0.813	O2):45.141	
O1):-0.78	O2):46.321	
O1):-0.745	O2):37.846	
O1):-0.716	O2):34.671	
O1):-0.761	O2):38.543	
O1):-0.741	O2):36.026	
O1):-0.763	O2):38.482	
O1):-0.773	O2):41.12	
O1):-0.818	O2):46.437	
O1):-0.772	O2):38.768	
O1):-0.803	O2):45.15	
O1):-0.78	O2):41.523	
O1):-0.711	O2):33.736	
O1):-0.821	O2):46.839	
O1):-0.725	O2):35.205	
O1):-0.716	O2):33.603	
O1):-0.735	O2):34.926	
O1):-0.794	O2):41.212	
O1):-0.815	O2):45.611	
O1):-0.725	O2):35.205	
Starting PrismExecutor worker 4 on port 15034
Starting PrismExecutor worker 4 on port 15094
Connected worker 4 to port 15034
Connected worker 4 to port 15094
O1):-0.786	O2):41.231	
O1):-0.775	O2):45.229	
O1):-0.775	O2):39.793	
O1):-0.82	O2):49.903	
O1):-0.697	O2):33.783	
O1):-0.819	O2):50.502	
O1):-0.724	O2):33.902	
O1):-0.763	O2):36.575	
O1):-0.746	O2):40.551	
O1):-0.797	O2):44.634	
O1):-0.768	O2):39.08	
O1):-0.77	O2):39.474	
O1):-0.805	O2):45.62	
O1):-0.772	O2):39.034	
O1):-0.838	O2):51.329	
O1):-0.772	O2):38.903	
O1):-0.738	O2):37.98	
O1):-0.79	O2):40.265	
O1):-0.795	O2):43.238	
O1):-0.763	O2):38.482	
O1):-0.806	O2):45.881	
O1):-0.814	O2):48.971	
O1):-0.767	O2):38.508	
O1):-0.794	O2):41.212	
O1):-0.794	O2):41.212	
O1):-0.841	O2):50.807	
O1):-0.77	O2):39.474	
O1):-0.767	O2):39.008	
O1):-0.783	O2):40.696	
O1):-0.781	O2):40.832	
O1):-0.748	O2):36.269	
O1):-0.819	O2):46.008	
O1):-0.765	O2):39.017	
O1):-0.831	O2):50.528	
O1):-0.763	O2):38.846	
O1):-0.75	O2):40.013	
O1):-0.741	O2):39.01	
O1):-0.83	O2):50.637	
O1):-0.775	O2):44.386	
O1):-0.854	O2):59.708	
O1):-0.698	O2):34.104	
O1):-0.77	O2):39.474	
O1):-0.775	O2):40.112	
O1):-0.713	O2):33.873	
O1):-0.773	O2):38.915	
O1):-0.82	O2):50.119	
O1):-0.827	O2):46.502	
O1):-0.831	O2):50.528	
O1):-0.774	O2):39.544	
O1):-0.77	O2):38.865	
O1):-0.787	O2):40.736	
O1):-0.831	O2):50.528	
O1):-0.689	O2):34.121	
O1):-0.765	O2):39.017	
O1):-0.773	O2):39.03	
O1):-0.808	O2):49.283	
O1):-0.805	O2):45.62	
O1):-0.686	O2):32.95	
O1):-0.793	O2):40.904	
O1):-0.796	O2):43.27	
O1):-0.772	O2):40.387	
O1):-0.779	O2):42.965	
O1):-0.721	O2):35.09	
O1):-0.78	O2):41.057	
O1):-0.775	O2):40.112	
O1):-0.798	O2):45.025	
O1):-0.715	O2):33.718	
O1):-0.82	O2):49.903	
O1):-0.713	O2):33.895	
O1):-0.847	O2):50.843	
O1):-0.774	O2):39.155	
O1):-0.792	O2):40.624	
O1):-0.759	O2):39.349	
O1):-0.803	O2):45.15	
O1):-0.795	O2):41.15	
O1):-0.761	O2):38.842	
O1):-0.808	O2):45.408	
O1):-0.77	O2):39.474	
O1):-0.747	O2):36.526	
O1):-0.803	O2):45.263	
O1):-0.782	O2):40.994	
O1):-0.75	O2):38.615	
O1):-0.688	O2):32.908	
O1):-0.77	O2):38.885	
O1):-0.766	O2):38.366	
O1):-0.702	O2):33.257	
O1):-0.731	O2):34.871	
O1):-0.735	O2):34.926	
O1):-0.814	O2):48.367	
O1):-0.795	O2):43.14	
O1):-0.772	O2):39.034	
O1):-0.822	O2):45.677	
O1):-0.797	O2):44.634	
O1):-0.77	O2):39.474	
O1):-0.768	O2):39.243	
O1):-0.775	O2):40.112	
O1):-0.826	O2):49.926	
O1):-0.738	O2):37.98	
O1):-0.726	O2):34.29	
O1):-0.753	O2):44.448	
O1):-0.745	O2):37.846	
O1):-0.831	O2):50.528	
O1):-0.705	O2):34.864	
O1):-0.763	O2):38.846	
O1):-0.742	O2):34.608	
O1):-0.766	O2):38.799	
O1):-0.792	O2):40.976	
O1):-0.727	O2):34.868	
O1):-0.833	O2):50.232	
O1):-0.718	O2):35.904	
O1):-0.826	O2):49.926	
O1):-0.694	O2):33.643	
O1):-0.696	O2):33.133	
O1):-0.725	O2):35.205	
O1):-0.829	O2):49.889	
O1):-0.736	O2):35.461	
O1):-0.756	O2):38.363	
O1):-0.792	O2):41.047	
O1):-0.797	O2):43.634	
O1):-0.735	O2):34.926	
O1):-0.735	O2):35.833	
O1):-0.814	O2):48.971	
O1):-0.763	O2):38.846	
O1):-0.78	O2):40.584	
O1):-0.725	O2):35.205	
O1):-0.725	O2):33.956	
O1):-0.831	O2):50.528	
O1):-0.715	O2):33.584	
O1):-0.836	O2):50.687	
O1):-0.814	O2):48.971	
O1):-0.78	O2):45.317	
O1):-0.778	O2):39.703	
O1):-0.825	O2):50.086	
O1):-0.747	O2):36.021	
O1):-0.825	O2):50.086	
O1):-0.794	O2):41.212	
O1):-0.767	O2):39.129	
O1):-0.823	O2):52.929	
O1):-0.833	O2):50.232	
O1):-0.848	O2):50.44	
O1):-0.772	O2):38.823	
O1):-0.781	O2):40.925	
O1):-0.716	O2):34.55	
O1):-0.754	O2):38.493	
O1):-0.829	O2):49.889	
O1):-0.777	O2):40.41	
O1):-0.731	O2):36.385	
O1):-0.836	O2):50.687	
O1):-0.819	O2):46.008	
O1):-0.825	O2):50.086	
O1):-0.715	O2):34.536	
O1):-0.784	O2):40.751	
O1):-0.767	O2):39.143	
O1):-0.814	O2):48.971	
O1):-0.813	O2):48.576	
O1):-0.816	O2):45.349	
O1):-0.766	O2):40.414	
O1):-0.795	O2):44.312	
O1):-0.722	O2):33.711	
O1):-0.715	O2):34.536	
O1):-0.755	O2):38.804	
O1):-0.826	O2):49.926	
O1):-0.799	O2):44.787	
O1):-0.825	O2):50.086	
O1):-0.746	O2):35.412	
O1):-0.77	O2):39.474	
O1):-0.854	O2):59.708	
O1):-0.77	O2):39.474	
O1):-0.821	O2):46.839	
O1):-0.783	O2):40.696	
O1):-0.798	O2):44.216	
O1):-0.726	O2):34.29	
O1):-0.786	O2):41.107	
O1):-0.794	O2):41.212	
O1):-0.782	O2):40.978	
O1):-0.743	O2):36.231	
O1):-0.757	O2):38.811	
O1):-0.813	O2):45.141	
O1):-0.792	O2):43.773	
O1):-0.775	O2):39.793	
O1):-0.742	O2):36.201	
O1):-0.826	O2):46.257	
O1):-0.708	O2):33.336	
O1):-0.807	O2):45.789	
O1):-0.764	O2):41.603	
O1):-0.767	O2):39.008	
O1):-0.726	O2):34.29	
O1):-0.743	O2):34.797	
O1):-0.752	O2):41.087	
O1):-0.736	O2):37.82	
O1):-0.695	O2):33.153	
O1):-0.738	O2):35.369	
O1):-0.775	O2):40.105	
O1):-0.728	O2):34.356	
O1):-0.808	O2):45.407	
O1):-0.725	O2):35.205	
O1):-0.732	O2):35.215	
O1):-0.794	O2):41.375	
O1):-0.732	O2):35.37	
O1):-0.819	O2):50.237	
O1):-0.819	O2):49.979	
O1):-0.805	O2):45.62	
O1):-0.759	O2):42.134	
O1):-0.822	O2):46.224	
O1):-0.758	O2):40.197	
O1):-0.751	O2):41.066	
O1):-0.821	O2):48.904	
O1):-0.748	O2):36.269	
O1):-0.848	O2):50.44	
O1):-0.778	O2):40.432	
O1):-0.778	O2):39.703	
O1):-0.79	O2):40.265	
O1):-0.794	O2):41.212	
O1):-0.854	O2):59.708	
O1):-0.711	O2):33.378	
O1):-0.778	O2):40.403	
O1):-0.77	O2):38.885	
O1):-0.805	O2):45.62	
O1):-0.792	O2):43.849	
O1):-0.736	O2):35.215	
O1):-0.735	O2):34.926	
O1):-0.775	O2):39.677	
O1):-0.834	O2):50.342	
O1):-0.802	O2):45.119	
O1):-0.747	O2):36.02	
O1):-0.764	O2):38.553	
O1):-0.831	O2):50.528	
O1):-0.744	O2):36.303	
O1):-0.795	O2):41.15	
O1):-0.795	O2):41.471	
O1):-0.77	O2):38.885	
O1):-0.754	O2):38.493	
O1):-0.745	O2):39.199	
O1):-0.77	O2):39.474	
O1):-0.683	O2):33.435	
O1):-0.704	O2):33.905	
O1):-0.762	O2):36.902	
O1):-0.754	O2):39.303	
O1):-0.792	O2):40.976	
O1):-0.733	O2):35.319	
O1):-0.791	O2):43.558	
O1):-0.82	O2):49.903	
O1):-0.768	O2):39.08	
O1):-0.803	O2):45.15	
O1):-0.763	O2):38.482	
O1):-0.715	O2):34.536	
O1):-0.763	O2):38.524	
O1):-0.792	O2):43.773	
O1):-0.845	O2):51.685	
O1):-0.725	O2):35.205	
O1):-0.729	O2):34.528	
O1):-0.773	O2):38.915	
O1):-0.715	O2):33.718	
O1):-0.765	O2):41.003	
O1):-0.773	O2):38.915	
O1):-0.735	O2):35.213	
O1):-0.77	O2):39.474	
O1):-0.752	O2):40.054	
O1):-0.791	O2):40.513	
O1):-0.772	O2):40.257	
O1):-0.664	O2):30.077	
Evaluations:	900
O1):-0.747	O2):36.514	
O1):-0.84	O2):50.72	
O1):-0.796	O2):44.307	
O1):-0.711	O2):33.921	
O1):-0.77	O2):38.885	
O1):-0.711	O2):34.4	
O1):-0.793	O2):44.067	
O1):-0.765	O2):40.843	
O1):-0.814	O2):44.98	
O1):-0.793	O2):40.904	
O1):-0.796	O2):43.27	
O1):-0.783	O2):40.108	
O1):-0.715	O2):34.536	
O1):-0.812	O2):48.545	
O1):-0.767	O2):39.251	
O1):-0.831	O2):50.528	
O1):-0.75	O2):36.737	
O1):-0.749	O2):38.131	
O1):-0.78	O2):41.037	
O1):-0.779	O2):39.747	
O1):-0.731	O2):35.117	
O1):-0.761	O2):38.543	
O1):-0.794	O2):41.212	
O1):-0.821	O2):52.68	
O1):-0.786	O2):44.783	
O1):-0.77	O2):39.474	
O1):-0.785	O2):45.668	
O1):-0.774	O2):39.186	
O1):-0.748	O2):38.319	
O1):-0.752	O2):41.336	
O1):-0.819	O2):49.859	
Evaluations:	1000
O1):-0.749	O2):38.289	
O1):-0.783	O2):40.213	
O1):-0.787	O2):44.569	
O1):-0.765	O2):39.017	
Evaluations:	1000
O1):-0.73	O2):34.828	
O1):-0.785	O2):45.113	
O1):-0.748	O2):40.45	
O1):-0.804	O2):45.28	
O1):-0.766	O2):38.913	
O1):-0.83	O2):49.978	
O1):-0.793	O2):44.067	
O1):-0.812	O2):46.274	
Starting PrismExecutor worker 5 on port 15095
O1):-0.763	O2):38.846	
Connected worker 5 to port 15095
O1):-0.719	O2):33.989	
O1):-0.816	O2):45.355	
O1):-0.83	O2):50.637	
O1):-0.805	O2):45.689	
O1):-0.821	O2):46.839	
O1):-0.83	O2):50.637	
O1):-0.792	O2):40.624	
O1):-0.77	O2):38.885	
O1):-0.765	O2):37.524	
O1):-0.727	O2):34.868	
O1):-0.796	O2):43.27	
O1):-0.698	O2):35.625	
O1):-0.729	O2):35.124	
O1):-0.77	O2):38.885	
O1):-0.715	O2):34.536	
O1):-0.77	O2):39.474	
O1):-0.788	O2):44.516	
O1):-0.769	O2):39.793	
O1):-0.8	O2):45.81	
O1):-0.814	O2):44.98	
O1):-0.796	O2):44.307	
O1):-0.819	O2):49.859	
O1):-0.752	O2):41.334	
O1):-0.765	O2):41.528	
O1):-0.836	O2):50.687	
O1):-0.806	O2):45.563	
O1):-0.842	O2):51.036	
O1):-0.83	O2):50.637	
O1):-0.806	O2):45.563	
O1):-0.794	O2):40.885	
O1):-0.796	O2):43.27	
O1):-0.709	O2):33.611	
O1):-0.655	O2):29.907	
O1):-0.781	O2):40.832	
O1):-0.838	O2):51.329	
O1):-0.782	O2):40.355	
O1):-0.757	O2):38.501	
O1):-0.773	O2):38.915	
O1):-0.725	O2):35.207	
O1):-0.694	O2):33.167	
O1):-0.782	O2):41.077	
O1):-0.78	O2):40.631	
O1):-0.738	O2):35.024	
O1):-0.727	O2):34.869	
O1):-0.751	O2):40.342	
O1):-0.733	O2):35.319	
O1):-0.772	O2):39.049	
O1):-0.826	O2):46.402	
O1):-0.81	O2):50.967	
O1):-0.82	O2):46.769	
O1):-0.848	O2):50.44	
O1):-0.766	O2):38.366	
O1):-0.766	O2):38.366	
O1):-0.766	O2):38.366	
O1):-0.721	O2):34.266	
O1):-0.779	O2):45.692	
O1):-0.829	O2):49.889	
O1):-0.745	O2):37.846	
O1):-0.826	O2):46.495	
O1):-0.773	O2):38.915	
O1):-0.773	O2):38.915	
O1):-0.77	O2):39.495	
O1):-0.755	O2):40.616	
O1):-0.808	O2):45.285	
O1):-0.798	O2):44.345	
O1):-0.747	O2):38.086	
O1):-0.812	O2):46.272	
O1):-0.85	O2):50.752	
O1):-0.77	O2):38.885	
O1):-0.842	O2):51.666	
O1):-0.82	O2):50.119	
O1):-0.852	O2):56.39	
O1):-0.793	O2):43.237	
O1):-0.775	O2):39.722	
O1):-0.743	O2):36.182	
O1):-0.711	O2):33.849	
O1):-0.822	O2):46.054	
O1):-0.744	O2):35.471	
O1):-0.795	O2):44.668	
O1):-0.775	O2):39.435	
O1):-0.818	O2):45.662	
O1):-0.753	O2):39.598	
O1):-0.811	O2):49.802	
O1):-0.82	O2):46.056	
O1):-0.803	O2):45.017	
O1):-0.78	O2):40.584	
O1):-0.754	O2):38.493	
O1):-0.724	O2):33.896	
O1):-0.715	O2):34.536	
O1):-0.751	O2):39.748	
O1):-0.715	O2):33.998	
O1):-0.783	O2):40.108	
O1):-0.742	O2):36.381	
O1):-0.685	O2):31.192	
O1):-0.797	O2):44.634	
O1):-0.725	O2):35.205	
O1):-0.826	O2):50.626	
O1):-0.805	O2):45.62	
O1):-0.775	O2):39.8	
O1):-0.725	O2):35.205	
O1):-0.825	O2):50.086	
O1):-0.793	O2):40.776	
O1):-0.787	O2):45.143	
O1):-0.731	O2):35.156	
O1):-0.741	O2):38.321	
O1):-0.753	O2):41.336	
O1):-0.838	O2):51.327	
O1):-0.829	O2):50.822	
Evaluations:	900
O1):-0.812	O2):48.545	
O1):-0.744	O2):36.38	
O1):-0.805	O2):45.62	
O1):-0.794	O2):41.212	
O1):-0.774	O2):39.155	
O1):-0.742	O2):34.608	
O1):-0.766	O2):44.356	
O1):-0.821	O2):46.839	
O1):-0.787	O2):44.569	
O1):-0.78	O2):40.998	
O1):-0.806	O2):45.563	
O1):-0.805	O2):45.62	
O1):-0.812	O2):48.545	
O1):-0.745	O2):37.846	
O1):-0.805	O2):45.62	
O1):-0.794	O2):41.024	
O1):-0.773	O2):38.915	
O1):-0.686	O2):30.152	
O1):-0.772	O2):38.831	
O1):-0.796	O2):44.307	
O1):-0.74	O2):38.286	
O1):-0.774	O2):39.11	
O1):-0.769	O2):38.673	
O1):-0.821	O2):52.776	
O1):-0.748	O2):36.269	
O1):-0.77	O2):39.474	
O1):-0.797	O2):44.634	
O1):-0.666	O2):29.593	
O1):-0.774	O2):39.544	
O1):-0.721	O2):35.09	
O1):-0.748	O2):36.269	
O1):-0.796	O2):42.192	
O1):-0.852	O2):56.39	
O1):-0.719	O2):35.584	
O1):-0.694	O2):33.167	
O1):-0.811	O2):46.334	
O1):-0.796	O2):45.785	
O1):-0.794	O2):41.612	
O1):-0.813	O2):45.142	
O1):-0.737	O2):35.465	
O1):-0.709	O2):34.248	
O1):-0.73	O2):34.828	
O1):-0.729	O2):34.678	
O1):-0.729	O2):35.186	
O1):-0.682	O2):30.988	
O1):-0.718	O2):34.96	
O1):-0.747	O2):36.02	
O1):-0.771	O2):38.904	
O1):-0.711	O2):33.9	
O1):-0.794	O2):41.212	
O1):-0.756	O2):39.424	
O1):-0.775	O2):44.386	
O1):-0.843	O2):54.806	
O1):-0.754	O2):38.493	
Starting PrismExecutor worker 5 on port 15045
O1):-0.773	O2):39.176	
Connected worker 5 to port 15045
O1):-0.803	O2):45.017	
O1):-0.715	O2):34.059	
O1):-0.694	O2):33.167	
O1):-0.821	O2):48.904	
O1):-0.735	O2):34.926	
O1):-0.716	O2):34.665	
O1):-0.849	O2):50.88	
O1):-0.84	O2):50.72	
O1):-0.828	O2):49.835	
O1):-0.768	O2):40.038	
O1):-0.801	O2):44.168	
O1):-0.773	O2):38.915	
O1):-0.723	O2):33.882	
O1):-0.696	O2):33.133	
O1):-0.842	O2):51.116	
O1):-0.762	O2):40.67	
O1):-0.742	O2):35.234	
O1):-0.77	O2):39.474	
O1):-0.805	O2):45.62	
O1):-0.763	O2):38.846	
O1):-0.812	O2):46.273	
Evaluations:	1000
O1):-0.767	O2):39.313	
O1):-0.813	O2):45.141	
O1):-0.748	O2):36.269	
O1):-0.77	O2):39.474	
O1):-0.778	O2):43.87	
O1):-0.794	O2):41.212	
O1):-0.738	O2):35.467	
O1):-0.77	O2):38.885	
O1):-0.725	O2):35.205	
O1):-0.836	O2):50.687	
O1):-0.778	O2):40.403	
O1):-0.793	O2):44.066	
O1):-0.761	O2):38.543	
O1):-0.823	O2):52.929	
O1):-0.753	O2):38.952	
O1):-0.829	O2):49.889	
O1):-0.711	O2):33.9	
O1):-0.77	O2):39.474	
O1):-0.829	O2):50.822	
O1):-0.794	O2):41.212	
O1):-0.795	O2):45.837	
O1):-0.794	O2):41.212	
O1):-0.761	O2):44.572	
O1):-0.724	O2):33.892	
O1):-0.725	O2):35.205	
O1):-0.845	O2):55.58	
O1):-0.711	O2):34.401	
O1):-0.827	O2):50.034	
O1):-0.762	O2):38.551	
O1):-0.777	O2):40.174	
O1):-0.706	O2):33.434	
O1):-0.724	O2):34.719	
O1):-0.778	O2):40.403	
O1):-0.794	O2):41.212	
O1):-0.789	O2):43.675	
O1):-0.825	O2):46.084	
O1):-0.74	O2):35.812	
O1):-0.787	O2):41.624	
O1):-0.801	O2):44.912	
O1):-0.767	O2):39.109	
O1):-0.778	O2):39.703	
O1):-0.761	O2):38.543	
O1):-0.806	O2):45.326	
O1):-0.825	O2):50.086	
O1):-0.723	O2):35.393	
O1):-0.825	O2):50.086	
O1):-0.773	O2):38.915	
O1):-0.794	O2):41.212	
O1):-0.812	O2):46.274	
O1):-0.805	O2):45.62	
O1):-0.805	O2):45.62	
O1):-0.836	O2):50.687	
O1):-0.814	O2):48.315	
O1):-0.848	O2):50.44	
O1):-0.768	O2):39.08	
O1):-0.701	O2):34.051	
O1):-0.713	O2):35.171	
O1):-0.731	O2):35.156	
O1):-0.768	O2):39.08	
O1):-0.724	O2):33.902	
O1):-0.823	O2):52.929	
O1):-0.717	O2):33.565	
O1):-0.724	O2):33.902	
O1):-0.814	O2):48.971	
O1):-0.734	O2):35.075	
O1):-0.799	O2):43.898	
O1):-0.791	O2):40.744	
O1):-0.736	O2):35.208	
O1):-0.725	O2):35.205	
O1):-0.817	O2):45.69	
O1):-0.804	O2):45.28	
O1):-0.763	O2):38.482	
O1):-0.785	O2):43.813	
O1):-0.805	O2):45.62	
O1):-0.795	O2):44.724	
O1):-0.825	O2):50.086	
O1):-0.829	O2):49.889	
O1):-0.775	O2):39.722	
O1):-0.723	O2):36.239	
O1):-0.742	O2):35.758	
O1):-0.773	O2):42.014	
O1):-0.794	O2):40.874	
O1):-0.766	O2):38.913	
O1):-0.804	O2):45.297	
O1):-0.742	O2):35.758	
O1):-0.792	O2):41.047	
O1):-0.78	O2):42.963	
O1):-0.716	O2):33.603	
O1):-0.802	O2):45.119	
O1):-0.692	O2):31.159	
O1):-0.775	O2):44.386	
O1):-0.773	O2):38.915	
O1):-0.742	O2):35.309	
O1):-0.732	O2):35.388	
O1):-0.682	O2):30.988	
O1):-0.799	O2):44.787	
O1):-0.803	O2):45.364	
O1):-0.751	O2):39.391	
O1):-0.794	O2):41.212	
O1):-0.736	O2):36.416	
O1):-0.724	O2):33.902	
O1):-0.805	O2):45.62	
O1):-0.803	O2):44.973	
O1):-0.784	O2):40.545	
O1):-0.72	O2):34.288	
O1):-0.711	O2):33.9	
O1):-0.742	O2):35.758	
O1):-0.692	O2):31.159	
O1):-0.757	O2):36.371	
O1):-0.821	O2):48.742	
Evaluations:	900
O1):-0.727	O2):34.868	
O1):-0.741	O2):36.026	
Evaluations:	1000
O1):-0.837	O2):50.09	
O1):-0.799	O2):43.687	
O1):-0.814	O2):48.971	
O1):-0.805	O2):45.62	
O1):-0.778	O2):43.87	
O1):-0.778	O2):39.703	
O1):-0.798	O2):44.372	
Evaluations:	900
O1):-0.805	O2):45.62	
O1):-0.655	O2):29.907	
O1):-0.795	O2):46.318	
O1):-0.796	O2):43.907	
O1):-0.725	O2):35.205	
O1):-0.851	O2):51.549	
O1):-0.799	O2):44.787	
Starting PrismExecutor worker 4 on port 15044
O1):-0.805	O2):45.62	
O1):-0.82	O2):50.038	
Connected worker 4 to port 15044
O1):-0.78	O2):43.014	
O1):-0.716	O2):35.098	
O1):-0.778	O2):39.703	
O1):-0.851	O2):51.549	
O1):-0.79	O2):43.89	
O1):-0.715	O2):34.058	
O1):-0.725	O2):35.207	
O1):-0.766	O2):39.098	
O1):-0.772	O2):38.814	
O1):-0.854	O2):59.708	
O1):-0.778	O2):40.403	
O1):-0.759	O2):39.031	
O1):-0.824	O2):50.062	
O1):-0.716	O2):33.603	
O1):-0.812	O2):48.545	
O1):-0.799	O2):44.787	
O1):-0.794	O2):41.212	
O1):-0.774	O2):39.116	
O1):-0.771	O2):38.904	
O1):-0.727	O2):34.868	
Evaluations:	1100
O1):-0.808	O2):45.407	
O1):-0.724	O2):33.892	
O1):-0.808	O2):45.407	
O1):-0.847	O2):50.903	
O1):-0.724	O2):33.892	
O1):-0.796	O2):44.307	
O1):-0.773	O2):39.022	
O1):-0.842	O2):51.036	
O1):-0.715	O2):34.536	
O1):-0.71	O2):33.369	
O1):-0.78	O2):41.057	
O1):-0.819	O2):50.238	
O1):-0.725	O2):35.205	
O1):-0.798	O2):44.758	
O1):-0.715	O2):34.536	
O1):-0.731	O2):35.818	
O1):-0.706	O2):33.748	
O1):-0.715	O2):33.718	
O1):-0.721	O2):35.09	
O1):-0.782	O2):40.355	
O1):-0.772	O2):39.048	
O1):-0.777	O2):40.803	
O1):-0.77	O2):40.206	
O1):-0.775	O2):44.386	
O1):-0.793	O2):40.776	
O1):-0.796	O2):43.907	
O1):-0.714	O2):34.296	
O1):-0.714	O2):34.296	
O1):-0.685	O2):31.192	
O1):-0.672	O2):31.702	
O1):-0.782	O2):40.999	
O1):-0.803	O2):45.017	
O1):-0.775	O2):40.105	
O1):-0.848	O2):50.44	
O1):-0.814	O2):48.358	
O1):-0.759	O2):40.219	
O1):-0.772	O2):39.048	
O1):-0.716	O2):34.665	
O1):-0.801	O2):45.09	
O1):-0.809	O2):46.11	
O1):-0.729	O2):35.186	
O1):-0.754	O2):38.493	
O1):-0.797	O2):43.634	
O1):-0.765	O2):39.017	
O1):-0.803	O2):44.973	
O1):-0.811	O2):46.334	
O1):-0.815	O2):49.379	
O1):-0.773	O2):38.915	
O1):-0.768	O2):39.243	
O1):-0.711	O2):33.9	
O1):-0.77	O2):38.782	
O1):-0.764	O2):40.266	
O1):-0.784	O2):40.692	
O1):-0.767	O2):38.476	
O1):-0.727	O2):34.868	
O1):-0.685	O2):31.072	
O1):-0.727	O2):34.868	
O1):-0.741	O2):36.026	
O1):-0.814	O2):48.971	
O1):-0.745	O2):35.653	
O1):-0.761	O2):38.543	
O1):-0.721	O2):35.09	
O1):-0.79	O2):40.265	
O1):-0.792	O2):40.624	
O1):-0.795	O2):43.775	
O1):-0.773	O2):39.168	
O1):-0.766	O2):38.366	
O1):-0.724	O2):39.09	
O1):-0.732	O2):35.215	
O1):-0.711	O2):33.378	
O1):-0.706	O2):33.434	
O1):-0.796	O2):44.333	
O1):-0.828	O2):49.835	
O1):-0.797	O2):41.83	
O1):-0.731	O2):35.117	
O1):-0.725	O2):35.205	
O1):-0.749	O2):38.131	
O1):-0.805	O2):45.365	
O1):-0.799	O2):43.741	
O1):-0.695	O2):33.152	
O1):-0.854	O2):56.606	
O1):-0.771	O2):38.636	
O1):-0.794	O2):40.896	
O1):-0.792	O2):40.572	
O1):-0.763	O2):38.39	
O1):-0.773	O2):38.915	
O1):-0.804	O2):45.297	
O1):-0.708	O2):33.336	
O1):-0.772	O2):38.831	
O1):-0.729	O2):34.679	
O1):-0.694	O2):33.643	
O1):-0.797	O2):41.83	
O1):-0.81	O2):46.752	
O1):-0.793	O2):44.066	
O1):-0.807	O2):45.532	
O1):-0.715	O2):34.536	
O1):-0.814	O2):44.98	
O1):-0.782	O2):44.362	
O1):-0.801	O2):45.72	
O1):-0.763	O2):36.556	
O1):-0.757	O2):38.501	
O1):-0.763	O2):38.482	
O1):-0.794	O2):41.375	
O1):-0.725	O2):35.205	
O1):-0.722	O2):36.022	
O1):-0.798	O2):44.739	
O1):-0.85	O2):50.752	
O1):-0.843	O2):51.145	
O1):-0.82	O2):49.903	
O1):-0.774	O2):39.057	
O1):-0.717	O2):33.565	
O1):-0.813	O2):45.141	
O1):-0.774	O2):39.187	
O1):-0.766	O2):39.059	
O1):-0.794	O2):41.212	
O1):-0.794	O2):41.024	
O1):-0.74	O2):35.817	
O1):-0.844	O2):55.169	
O1):-0.814	O2):48.971	
O1):-0.671	O2):30.094	
O1):-0.735	O2):34.926	
O1):-0.77	O2):38.776	
O1):-0.727	O2):34.868	
O1):-0.724	O2):33.892	
O1):-0.801	O2):45.092	
O1):-0.763	O2):38.846	
O1):-0.791	O2):40.513	
O1):-0.729	O2):35.186	
O1):-0.757	O2):40.483	
O1):-0.763	O2):38.482	
O1):-0.71	O2):35.942	
O1):-0.802	O2):45.033	
O1):-0.816	O2):45.349	
O1):-0.799	O2):44.787	
O1):-0.745	O2):37.846	
O1):-0.82	O2):50.038	
Starting PrismExecutor worker 0 on port 15050
O1):-0.802	O2):45.334	
O1):-0.772	O2):39.033	
Connected worker 0 to port 15050
O1):-0.743	O2):36.242	
O1):-0.782	O2):40.999	
O1):-0.819	O2):45.574	
O1):-0.813	O2):45.141	
O1):-0.805	O2):45.365	
O1):-0.772	O2):39.049	
O1):-0.748	O2):38.54	
O1):-0.773	O2):38.915	
O1):-0.688	O2):32.908	
O1):-0.816	O2):45.355	
O1):-0.727	O2):34.868	
O1):-0.851	O2):51.549	
O1):-0.735	O2):34.926	
O1):-0.773	O2):38.915	
O1):-0.715	O2):34.536	
O1):-0.72	O2):34.901	
O1):-0.715	O2):34.536	
O1):-0.797	O2):44.634	
O1):-0.766	O2):39.188	
O1):-0.797	O2):44.884	
O1):-0.775	O2):39.499	
O1):-0.829	O2):49.889	
O1):-0.797	O2):43.634	
O1):-0.689	O2):33.901	
O1):-0.772	O2):38.831	
O1):-0.724	O2):33.892	
O1):-0.754	O2):38.493	
O1):-0.809	O2):46.426	
O1):-0.721	O2):35.09	
O1):-0.714	O2):34.454	
O1):-0.792	O2):40.976	
O1):-0.803	O2):44.973	
O1):-0.705	O2):36.119	
O1):-0.825	O2):50.086	
O1):-0.801	O2):45.092	
O1):-0.773	O2):39.168	
O1):-0.829	O2):49.889	
O1):-0.707	O2):33.251	
O1):-0.776	O2):40.05	
O1):-0.686	O2):32.95	
O1):-0.784	O2):40.692	
O1):-0.674	O2):29.652	
O1):-0.741	O2):37.756	
O1):-0.844	O2):55.169	
O1):-0.829	O2):49.889	
O1):-0.829	O2):49.889	
O1):-0.72	O2):34.288	
O1):-0.843	O2):51.145	
O1):-0.783	O2):40.861	
O1):-0.826	O2):46.402	
O1):-0.845	O2):55.58	
O1):-0.794	O2):41.612	
O1):-0.781	O2):40.763	
O1):-0.824	O2):50.062	
O1):-0.729	O2):35.186	
O1):-0.767	O2):38.476	
Evaluations:	1000
O1):-0.763	O2):38.846	
O1):-0.808	O2):48.538	
O1):-0.774	O2):39.212	
O1):-0.738	O2):35.467	
O1):-0.773	O2):38.915	
O1):-0.788	O2):44.516	
O1):-0.725	O2):34.104	
O1):-0.809	O2):46.11	
O1):-0.768	O2):39.064	
O1):-0.829	O2):50.823	
O1):-0.717	O2):34.707	
O1):-0.799	O2):43.687	
O1):-0.729	O2):34.528	
O1):-0.837	O2):55.117	
O1):-0.729	O2):34.678	
O1):-0.8	O2):43.94	
O1):-0.816	O2):45.349	
O1):-0.797	O2):41.83	
O1):-0.793	O2):43.772	
O1):-0.766	O2):38.903	
O1):-0.814	O2):48.971	
O1):-0.792	O2):41.511	
O1):-0.775	O2):39.306	
O1):-0.829	O2):49.889	
O1):-0.766	O2):38.831	
O1):-0.763	O2):36.575	
O1):-0.814	O2):48.971	
O1):-0.734	O2):35.881	
O1):-0.774	O2):39.322	
O1):-0.734	O2):34.862	
O1):-0.76	O2):40.629	
O1):-0.726	O2):34.979	
O1):-0.829	O2):49.889	
O1):-0.653	O2):29.117	
O1):-0.725	O2):35.207	
O1):-0.762	O2):40.791	
O1):-0.732	O2):35.388	
O1):-0.84	O2):50.72	
O1):-0.739	O2):35.512	
O1):-0.671	O2):30.094	
O1):-0.775	O2):39.722	
O1):-0.821	O2):46.902	
O1):-0.809	O2):46.426	
O1):-0.717	O2):34.14	
O1):-0.684	O2):30.906	
O1):-0.708	O2):33.336	
O1):-0.78	O2):40.41	
O1):-0.755	O2):38.805	
O1):-0.706	O2):33.748	
O1):-0.761	O2):40.21	
O1):-0.792	O2):45.408	
O1):-0.788	O2):43.254	
O1):-0.725	O2):35.205	
O1):-0.823	O2):52.929	
O1):-0.765	O2):40.481	
O1):-0.763	O2):38.482	
O1):-0.808	O2):45.285	
O1):-0.773	O2):39.168	
O1):-0.839	O2):54.801	
O1):-0.797	O2):41.97	
O1):-0.637	O2):29.409	
O1):-0.735	O2):35.833	
O1):-0.781	O2):40.84	
O1):-0.772	O2):38.814	
O1):-0.825	O2):50.086	
O1):-0.797	O2):44.526	
O1):-0.775	O2):44.386	
O1):-0.789	O2):40.583	
O1):-0.773	O2):38.915	
O1):-0.827	O2):46.502	
O1):-0.738	O2):35.024	
O1):-0.768	O2):39.243	
O1):-0.664	O2):30.368	
O1):-0.745	O2):35.075	
O1):-0.821	O2):45.569	
O1):-0.754	O2):40.383	
O1):-0.767	O2):38.904	
O1):-0.745	O2):37.846	
O1):-0.742	O2):35.233	
O1):-0.732	O2):35.388	
O1):-0.794	O2):44.155	
O1):-0.726	O2):34.792	
O1):-0.773	O2):38.915	
O1):-0.801	O2):44.912	
O1):-0.749	O2):38.657	
O1):-0.775	O2):39.722	
O1):-0.836	O2):50.687	
O1):-0.774	O2):39.097	
O1):-0.762	O2):38.539	
O1):-0.854	O2):59.708	
O1):-0.84	O2):50.72	
O1):-0.671	O2):30.107	
O1):-0.797	O2):43.688	
O1):-0.773	O2):38.915	
O1):-0.772	O2):39.034	
O1):-0.765	O2):37.524	
O1):-0.796	O2):43.907	
O1):-0.726	O2):38.053	
O1):-0.735	O2):35.833	
O1):-0.775	O2):40.105	
O1):-0.783	O2):41.496	
Starting PrismExecutor worker 1 on port 15051
Connected worker 1 to port 15051
O1):-0.713	O2):34.2	
O1):-0.778	O2):40.403	
O1):-0.722	O2):35.152	
O1):-0.753	O2):40.765	
O1):-0.829	O2):49.889	
O1):-0.793	O2):41.416	
O1):-0.795	O2):44.317	
O1):-0.732	O2):35.215	
O1):-0.748	O2):39.387	
O1):-0.695	O2):34.581	
O1):-0.798	O2):44.739	
O1):-0.823	O2):53.984	
O1):-0.799	O2):43.687	
O1):-0.792	O2):40.553	
O1):-0.792	O2):40.624	
O1):-0.716	O2):34.753	
O1):-0.803	O2):45.292	
O1):-0.726	O2):34.29	
O1):-0.772	O2):38.903	
O1):-0.779	O2):44.976	
O1):-0.729	O2):34.765	
O1):-0.812	O2):46.274	
O1):-0.826	O2):49.926	
O1):-0.711	O2):33.849	
O1):-0.813	O2):48.759	
O1):-0.725	O2):35.212	
O1):-0.738	O2):35.369	
O1):-0.794	O2):41.024	
O1):-0.773	O2):38.915	
O1):-0.688	O2):32.908	
O1):-0.811	O2):45.944	
O1):-0.72	O2):35.306	
O1):-0.713	O2):33.9	
O1):-0.783	O2):40.696	
O1):-0.773	O2):38.915	
O1):-0.776	O2):39.759	
O1):-0.809	O2):46.091	
O1):-0.704	O2):34.509	
O1):-0.794	O2):41.024	
O1):-0.794	O2):41.493	
O1):-0.763	O2):36.58	
O1):-0.762	O2):38.346	
O1):-0.804	O2):45.28	
O1):-0.851	O2):55.224	
O1):-0.768	O2):39.243	
O1):-0.732	O2):35.388	
O1):-0.827	O2):50.757	
O1):-0.714	O2):34.454	
O1):-0.711	O2):33.849	
O1):-0.749	O2):38.429	
O1):-0.774	O2):39.097	
O1):-0.792	O2):40.553	
O1):-0.748	O2):38.948	
O1):-0.702	O2):33.257	
O1):-0.774	O2):39.166	
O1):-0.735	O2):34.926	
O1):-0.778	O2):41.155	
O1):-0.843	O2):55.214	
O1):-0.836	O2):50.687	
O1):-0.794	O2):41.024	
O1):-0.725	O2):35.205	
O1):-0.833	O2):50.232	
O1):-0.764	O2):41.603	
O1):-0.764	O2):40.467	
O1):-0.714	O2):33.448	
O1):-0.752	O2):38.25	
O1):-0.797	O2):41.97	
O1):-0.794	O2):41.212	
O1):-0.735	O2):34.926	
O1):-0.806	O2):45.563	
O1):-0.727	O2):34.868	
O1):-0.745	O2):35.653	
O1):-0.838	O2):51.327	
O1):-0.792	O2):41.047	
O1):-0.822	O2):46.054	
O1):-0.831	O2):50.528	
O1):-0.765	O2):40.855	
O1):-0.802	O2):44.89	
O1):-0.747	O2):38.971	
O1):-0.797	O2):44.634	
O1):-0.825	O2):50.086	
O1):-0.797	O2):41.83	
O1):-0.698	O2):33.091	
O1):-0.778	O2):40.226	
O1):-0.772	O2):39.034	
O1):-0.666	O2):29.593	
O1):-0.83	O2):50.637	
O1):-0.802	O2):44.89	
O1):-0.774	O2):39.155	
O1):-0.764	O2):38.457	
O1):-0.811	O2):46.913	
O1):-0.808	O2):45.839	
O1):-0.774	O2):39.155	
O1):-0.773	O2):38.915	
O1):-0.766	O2):38.878	
O1):-0.831	O2):50.48	
O1):-0.772	O2):39.912	
O1):-0.796	O2):41.335	
O1):-0.852	O2):56.39	
O1):-0.701	O2):34.051	
O1):-0.851	O2):55.224	
O1):-0.768	O2):39.243	
O1):-0.812	O2):46.274	
O1):-0.779	O2):40.448	
O1):-0.711	O2):33.736	
O1):-0.825	O2):50.086	
O1):-0.826	O2):46.186	
O1):-0.717	O2):33.565	
O1):-0.795	O2):41.15	
O1):-0.774	O2):39.429	
O1):-0.722	O2):35.152	
O1):-0.731	O2):38.445	
O1):-0.768	O2):39.243	
O1):-0.799	O2):43.898	
O1):-0.816	O2):45.355	
O1):-0.78	O2):43.058	
O1):-0.816	O2):45.349	
O1):-0.768	O2):39.08	
O1):-0.792	O2):40.624	
O1):-0.729	O2):34.678	
O1):-0.83	O2):50.637	
O1):-0.754	O2):41.976	
O1):-0.709	O2):34.248	
O1):-0.771	O2):38.904	
O1):-0.762	O2):39.348	
O1):-0.779	O2):40.448	
O1):-0.778	O2):40.403	
O1):-0.711	O2):33.736	
O1):-0.724	O2):34.101	
O1):-0.803	O2):50.334	
O1):-0.715	O2):33.584	
O1):-0.825	O2):50.131	
O1):-0.839	O2):51.375	
O1):-0.741	O2):36.026	
O1):-0.822	O2):45.677	
O1):-0.764	O2):38.374	
O1):-0.768	O2):38.484	
O1):-0.788	O2):44.441	
O1):-0.767	O2):39.143	
O1):-0.707	O2):35.31	
O1):-0.671	O2):30.094	
O1):-0.744	O2):35.111	
O1):-0.741	O2):35.966	
O1):-0.715	O2):34.536	
O1):-0.792	O2):40.624	
O1):-0.767	O2):38.476	
O1):-0.732	O2):35.388	
O1):-0.685	O2):31.192	
O1):-0.725	O2):33.938	
O1):-0.823	O2):52.929	
O1):-0.757	O2):38.471	
O1):-0.775	O2):39.435	
O1):-0.791	O2):40.481	
O1):-0.762	O2):40.308	
O1):-0.711	O2):33.736	
O1):-0.772	O2):38.768	
O1):-0.765	O2):38.766	
O1):-0.825	O2):50.086	
O1):-0.742	O2):35.33	
O1):-0.812	O2):46.274	
O1):-0.688	O2):35.4	
O1):-0.714	O2):33.448	
O1):-0.748	O2):36.269	
O1):-0.814	O2):44.981	
O1):-0.655	O2):29.907	
Starting PrismExecutor worker 2 on port 15052
O1):-0.729	O2):39.166	
O1):-0.735	O2):34.926	
Connected worker 2 to port 15052
O1):-0.802	O2):45.119	
O1):-0.746	O2):35.975	
O1):-0.819	O2):49.979	
O1):-0.684	O2):30.906	
O1):-0.716	O2):33.603	
O1):-0.745	O2):37.846	
O1):-0.795	O2):43.14	
O1):-0.796	O2):43.907	
O1):-0.727	O2):34.868	
O1):-0.772	O2):39.034	
O1):-0.76	O2):38.855	
O1):-0.796	O2):44.307	
O1):-0.781	O2):45.287	
O1):-0.764	O2):38.732	
O1):-0.764	O2):39.786	
O1):-0.736	O2):35.215	
O1):-0.742	O2):35.758	
O1):-0.763	O2):38.39	
O1):-0.809	O2):46.11	
O1):-0.772	O2):38.831	
O1):-0.688	O2):32.908	
O1):-0.732	O2):35.602	
O1):-0.836	O2):50.687	
O1):-0.764	O2):38.553	
O1):-0.79	O2):40.557	
O1):-0.702	O2):33.174	
O1):-0.766	O2):38.913	
O1):-0.773	O2):38.915	
O1):-0.749	O2):37.603	
O1):-0.768	O2):39.124	
O1):-0.779	O2):40.448	
O1):-0.74	O2):35.811	
O1):-0.731	O2):34.728	
O1):-0.735	O2):35.833	
O1):-0.769	O2):38.673	
O1):-0.735	O2):34.926	
O1):-0.729	O2):35.186	
O1):-0.745	O2):39.199	
O1):-0.779	O2):40.525	
O1):-0.763	O2):36.575	
O1):-0.778	O2):39.703	
O1):-0.743	O2):36.229	
O1):-0.727	O2):34.868	
O1):-0.684	O2):30.906	
O1):-0.797	O2):44.832	
O1):-0.738	O2):37.98	
O1):-0.711	O2):33.736	
O1):-0.821	O2):46.839	
O1):-0.735	O2):35.833	
O1):-0.763	O2):36.575	
O1):-0.715	O2):33.718	
O1):-0.715	O2):33.718	
O1):-0.773	O2):39.168	
O1):-0.816	O2):45.349	
O1):-0.797	O2):44.526	
O1):-0.792	O2):41.156	
O1):-0.804	O2):45.28	
O1):-0.769	O2):39.487	
O1):-0.726	O2):34.689	
O1):-0.774	O2):39.186	
O1):-0.803	O2):45.197	
O1):-0.792	O2):41.156	
O1):-0.763	O2):36.575	
O1):-0.775	O2):39.394	
O1):-0.795	O2):41.15	
O1):-0.763	O2):38.482	
O1):-0.803	O2):45.292	
O1):-0.748	O2):36.269	
O1):-0.738	O2):37.98	
O1):-0.818	O2):46.437	
O1):-0.773	O2):39.055	
Evaluations:	1100
O1):-0.719	O2):33.973	
O1):-0.802	O2):44.274	
O1):-0.73	O2):34.994	
O1):-0.827	O2):46.538	
O1):-0.772	O2):39.912	
O1):-0.75	O2):36.747	
O1):-0.796	O2):43.908	
O1):-0.723	O2):33.882	
O1):-0.778	O2):39.703	
O1):-0.775	O2):39.65	
O1):-0.812	O2):48.545	
O1):-0.716	O2):34.665	
O1):-0.729	O2):34.527	
O1):-0.721	O2):34.996	
O1):-0.797	O2):44.634	
O1):-0.775	O2):40.511	
O1):-0.757	O2):38.809	
O1):-0.802	O2):44.927	
O1):-0.75	O2):39.015	
O1):-0.819	O2):45.574	
O1):-0.776	O2):40.024	
O1):-0.664	O2):30.368	
O1):-0.799	O2):44.787	
O1):-0.757	O2):38.501	
O1):-0.783	O2):40.696	
O1):-0.745	O2):35.768	
O1):-0.685	O2):31.072	
O1):-0.798	O2):44.203	
O1):-0.769	O2):39.287	
O1):-0.816	O2):45.349	
O1):-0.725	O2):35.205	
O1):-0.854	O2):59.708	
O1):-0.763	O2):36.575	
O1):-0.711	O2):33.9	
O1):-0.802	O2):45.119	
O1):-0.783	O2):40.928	
O1):-0.772	O2):38.768	
O1):-0.748	O2):36.27	
O1):-0.742	O2):35.758	
O1):-0.733	O2):35.487	
O1):-0.773	O2):40.753	
O1):-0.768	O2):39.243	
O1):-0.735	O2):34.926	
O1):-0.767	O2):39.109	
O1):-0.848	O2):50.44	
O1):-0.706	O2):33.748	
O1):-0.796	O2):43.906	
O1):-0.684	O2):30.906	
O1):-0.806	O2):45.463	
O1):-0.79	O2):40.265	
O1):-0.792	O2):40.553	
O1):-0.811	O2):46.334	
O1):-0.822	O2):49.565	
O1):-0.772	O2):38.948	
O1):-0.716	O2):33.547	
O1):-0.762	O2):38.551	
O1):-0.734	O2):35.876	
O1):-0.841	O2):50.807	
O1):-0.83	O2):50.637	
Evaluations:	1100
O1):-0.795	O2):43.775	
O1):-0.706	O2):33.749	
O1):-0.799	O2):44.848	
O1):-0.812	O2):46.274	
O1):-0.774	O2):39.48	
O1):-0.772	O2):38.831	
O1):-0.735	O2):34.926	
O1):-0.78	O2):40.631	
O1):-0.708	O2):33.336	
O1):-0.771	O2):38.904	
O1):-0.725	O2):35.205	
O1):-0.768	O2):39.243	
O1):-0.809	O2):46.11	
O1):-0.804	O2):45.22	
O1):-0.71	O2):33.369	
O1):-0.763	O2):38.482	
O1):-0.656	O2):30.187	
O1):-0.748	O2):36.269	
O1):-0.796	O2):43.271	
O1):-0.692	O2):31.159	
O1):-0.772	O2):39.034	
O1):-0.711	O2):33.849	
O1):-0.828	O2):50.439	
O1):-0.791	O2):40.854	
O1):-0.761	O2):40.329	
O1):-0.831	O2):50.528	
O1):-0.808	O2):45.953	
O1):-0.727	O2):34.403	
O1):-0.796	O2):41.928	
O1):-0.767	O2):40.353	
O1):-0.825	O2):50.086	
O1):-0.714	O2):34.454	
O1):-0.726	O2):34.98	
Evaluations:	1000
O1):-0.762	O2):38.551	
O1):-0.815	O2):45.611	
Starting PrismExecutor worker 0 on port 15060
Starting PrismExecutor worker 3 on port 15063
O1):-0.796	O2):43.27	
Connected worker 0 to port 15060
Connected worker 3 to port 15063
O1):-0.799	O2):43.741	
O1):-0.686	O2):32.95	
O1):-0.799	O2):43.687	
O1):-0.814	O2):48.315	
O1):-0.772	O2):38.805	
O1):-0.803	O2):45.291	
O1):-0.768	O2):39.243	
O1):-0.836	O2):50.687	
O1):-0.736	O2):35.461	
O1):-0.813	O2):48.771	
O1):-0.756	O2):38.363	
O1):-0.807	O2):45.789	
O1):-0.809	O2):46.11	
O1):-0.802	O2):44.929	
O1):-0.825	O2):50.086	
O1):-0.792	O2):40.553	
O1):-0.735	O2):34.926	
O1):-0.833	O2):50.232	
O1):-0.797	O2):44.526	
O1):-0.767	O2):38.63	
O1):-0.725	O2):35.205	
O1):-0.763	O2):38.482	
O1):-0.836	O2):51.281	
O1):-0.763	O2):36.575	
O1):-0.795	O2):41.15	
O1):-0.831	O2):50.528	
O1):-0.843	O2):51.193	
O1):-0.791	O2):43.657	
O1):-0.79	O2):40.582	
O1):-0.747	O2):36.296	
O1):-0.828	O2):46.612	
O1):-0.803	O2):45.15	
O1):-0.748	O2):36.269	
O1):-0.772	O2):39.034	
O1):-0.761	O2):36.083	
O1):-0.768	O2):39.243	
O1):-0.772	O2):39.034	
O1):-0.818	O2):45.662	
O1):-0.809	O2):45.887	
O1):-0.655	O2):29.907	
O1):-0.747	O2):36.02	
O1):-0.814	O2):45.337	
O1):-0.774	O2):40.645	
O1):-0.685	O2):31.192	
O1):-0.736	O2):36.416	
O1):-0.764	O2):38.553	
O1):-0.811	O2):53.06	
O1):-0.702	O2):39.031	
O1):-0.846	O2):50.639	
O1):-0.764	O2):40.261	
O1):-0.725	O2):35.205	
O1):-0.794	O2):41.212	
O1):-0.716	O2):33.603	
O1):-0.773	O2):39.589	
O1):-0.726	O2):34.456	
O1):-0.802	O2):45.214	
O1):-0.766	O2):38.366	
O1):-0.672	O2):31.702	
O1):-0.776	O2):40.288	
O1):-0.767	O2):38.476	
O1):-0.828	O2):49.835	
O1):-0.774	O2):39.23	
O1):-0.78	O2):42.963	
O1):-0.809	O2):46.11	
O1):-0.803	O2):45.15	
O1):-0.708	O2):33.336	
O1):-0.811	O2):46.334	
O1):-0.745	O2):35.075	
O1):-0.715	O2):33.716	
O1):-0.745	O2):35.075	
O1):-0.708	O2):33.336	
O1):-0.763	O2):38.846	
O1):-0.77	O2):40.206	
O1):-0.684	O2):30.906	
O1):-0.812	O2):48.545	
O1):-0.757	O2):38.501	
O1):-0.821	O2):46.839	
O1):-0.841	O2):50.807	
O1):-0.764	O2):38.553	
O1):-0.774	O2):39.186	
O1):-0.792	O2):41.047	
O1):-0.722	O2):35.152	
O1):-0.655	O2):29.907	
O1):-0.794	O2):40.885	
O1):-0.768	O2):39.241	
O1):-0.722	O2):33.711	
O1):-0.795	O2):41.471	
O1):-0.77	O2):38.734	
O1):-0.702	O2):33.257	
O1):-0.763	O2):36.575	
O1):-0.796	O2):44.307	
O1):-0.807	O2):45.671	
O1):-0.804	O2):45.297	
O1):-0.738	O2):35.467	
O1):-0.83	O2):50.637	
O1):-0.711	O2):33.849	
O1):-0.7	O2):36.783	
O1):-0.801	O2):44.799	
O1):-0.792	O2):40.553	
O1):-0.763	O2):38.482	
O1):-0.83	O2):49.978	
O1):-0.791	O2):40.513	
O1):-0.796	O2):43.271	
O1):-0.783	O2):40.053	
O1):-0.829	O2):49.889	
O1):-0.775	O2):39.722	
O1):-0.773	O2):38.915	
O1):-0.737	O2):35.102	
O1):-0.821	O2):46.806	
O1):-0.763	O2):38.482	
O1):-0.689	O2):33.901	
O1):-0.772	O2):38.903	
O1):-0.771	O2):38.904	
O1):-0.774	O2):39.117	
O1):-0.713	O2):34.564	
O1):-0.794	O2):41.612	
O1):-0.798	O2):45.025	
O1):-0.721	O2):34.266	
O1):-0.753	O2):38.712	
O1):-0.746	O2):40.371	
O1):-0.748	O2):39.209	
O1):-0.735	O2):34.926	
O1):-0.829	O2):49.889	
O1):-0.715	O2):34.536	
O1):-0.792	O2):40.553	
O1):-0.826	O2):49.35	
O1):-0.703	O2):33.23	
O1):-0.715	O2):34.525	
O1):-0.706	O2):33.748	
O1):-0.735	O2):34.926	
O1):-0.794	O2):41.426	
O1):-0.842	O2):50.763	
O1):-0.745	O2):35.768	
O1):-0.721	O2):34.266	
O1):-0.752	O2):38.25	
Evaluations:	1100
O1):-0.854	O2):59.708	
O1):-0.725	O2):35.205	
O1):-0.765	O2):39.207	
O1):-0.785	O2):43.11	
O1):-0.774	O2):45.104	
O1):-0.753	O2):38.712	
O1):-0.837	O2):50.09	
O1):-0.772	O2):39.034	
O1):-0.77	O2):38.686	
O1):-0.833	O2):50.232	
O1):-0.74	O2):35.811	
O1):-0.769	O2):44.215	
O1):-0.795	O2):44.317	
O1):-0.716	O2):33.608	
O1):-0.748	O2):40.448	
O1):-0.807	O2):45.576	
O1):-0.715	O2):34.536	
O1):-0.82	O2):49.903	
O1):-0.79	O2):40.605	
O1):-0.82	O2):50.038	
O1):-0.707	O2):34.243	
O1):-0.792	O2):41.047	
O1):-0.766	O2):38.82	
O1):-0.84	O2):50.72	
O1):-0.795	O2):44.323	
O1):-0.763	O2):38.846	
Evaluations:	1000
O1):-0.799	O2):43.894	
O1):-0.745	O2):39.913	
O1):-0.766	O2):38.799	
O1):-0.777	O2):40.41	
O1):-0.77	O2):38.782	
O1):-0.783	O2):40.108	
O1):-0.801	O2):44.799	
O1):-0.841	O2):50.862	
O1):-0.716	O2):34.672	
O1):-0.792	O2):40.976	
O1):-0.77	O2):38.782	
O1):-0.792	O2):41.047	
O1):-0.75	O2):37.028	
O1):-0.841	O2):50.807	
O1):-0.775	O2):40.105	
O1):-0.735	O2):34.925	
O1):-0.819	O2):49.821	
O1):-0.806	O2):45.463	
O1):-0.752	O2):37.296	
O1):-0.728	O2):34.356	
O1):-0.796	O2):42.192	
O1):-0.778	O2):39.703	
O1):-0.772	O2):39.42	
O1):-0.809	O2):45.846	
O1):-0.802	O2):45.865	
O1):-0.747	O2):36.02	
O1):-0.745	O2):37.846	
O1):-0.738	O2):35.024	
O1):-0.745	O2):35.653	
O1):-0.799	O2):44.253	
O1):-0.833	O2):50.232	
O1):-0.807	O2):45.789	
O1):-0.78	O2):42.964	
O1):-0.735	O2):34.925	
O1):-0.745	O2):35.653	
O1):-0.717	O2):33.565	
O1):-0.705	O2):34.367	
O1):-0.745	O2):35.075	
O1):-0.739	O2):35.829	
O1):-0.854	O2):59.708	
O1):-0.725	O2):34.104	
O1):-0.786	O2):41.107	
O1):-0.803	O2):45.288	
O1):-0.814	O2):48.358	
O1):-0.822	O2):49.152	
O1):-0.764	O2):40.929	
O1):-0.803	O2):45.292	
O1):-0.829	O2):50.2	
O1):-0.801	O2):45.09	
O1):-0.772	O2):38.907	
O1):-0.792	O2):43.78	
O1):-0.745	O2):35.075	
O1):-0.808	O2):45.749	
O1):-0.82	O2):49.903	
O1):-0.687	O2):30.911	
O1):-0.769	O2):38.673	
O1):-0.713	O2):33.895	
O1):-0.686	O2):32.95	
O1):-0.734	O2):35.014	
O1):-0.772	O2):38.814	
O1):-0.833	O2):50.232	
O1):-0.851	O2):55.224	
O1):-0.685	O2):31.072	
O1):-0.796	O2):43.27	
O1):-0.735	O2):35.213	
O1):-0.713	O2):35.585	
O1):-0.769	O2):39.287	
O1):-0.775	O2):40.112	
O1):-0.69	O2):31.3	
O1):-0.683	O2):34.744	
O1):-0.794	O2):44.155	
O1):-0.827	O2):46.662	
O1):-0.771	O2):40.276	
O1):-0.729	O2):34.924	
O1):-0.794	O2):40.885	
O1):-0.754	O2):38.493	
O1):-0.85	O2):55.351	
O1):-0.784	O2):40.692	
O1):-0.805	O2):45.365	
O1):-0.753	O2):39.21	
O1):-0.795	O2):41.15	
O1):-0.774	O2):39.212	
O1):-0.767	O2):38.476	
O1):-0.79	O2):40.339	
O1):-0.761	O2):38.543	
O1):-0.768	O2):38.484	
O1):-0.775	O2):39.722	
O1):-0.73	O2):35.066	
O1):-0.81	O2):46.222	
O1):-0.813	O2):45.141	
O1):-0.792	O2):40.624	
O1):-0.825	O2):50.086	
O1):-0.737	O2):34.905	
O1):-0.711	O2):34.019	
O1):-0.725	O2):35.205	
O1):-0.718	O2):33.97	
O1):-0.791	O2):43.555	
O1):-0.688	O2):32.908	
O1):-0.763	O2):38.524	
O1):-0.798	O2):44.203	
O1):-0.686	O2):31.176	
O1):-0.715	O2):34.536	
O1):-0.685	O2):31.072	
O1):-0.797	O2):43.74	
O1):-0.782	O2):40.999	
O1):-0.772	O2):39.914	
O1):-0.773	O2):38.915	
O1):-0.823	O2):46.269	
O1):-0.754	O2):39.229	
O1):-0.836	O2):50.687	
O1):-0.783	O2):40.119	
O1):-0.795	O2):44.04	
O1):-0.803	O2):45.15	
O1):-0.726	O2):34.29	
O1):-0.748	O2):36.269	
O1):-0.845	O2):55.579	
O1):-0.736	O2):36.416	
O1):-0.668	O2):29.642	
O1):-0.763	O2):38.482	
O1):-0.825	O2):50.086	
O1):-0.802	O2):45.141	
O1):-0.741	O2):35.918	
O1):-0.803	O2):44.973	
O1):-0.796	O2):45.915	
O1):-0.799	O2):44.787	
O1):-0.763	O2):38.482	
O1):-0.747	O2):38.086	
O1):-0.797	O2):45.079	
O1):-0.771	O2):39.907	
O1):-0.793	O2):43.262	
O1):-0.793	O2):43.262	
O1):-0.816	O2):46.217	
O1):-0.813	O2):45.141	
O1):-0.797	O2):43.634	
Evaluations:	1200
O1):-0.725	O2):35.205	
O1):-0.82	O2):49.902	
O1):-0.802	O2):44.927	
O1):-0.829	O2):49.922	
O1):-0.772	O2):39.034	
O1):-0.773	O2):38.915	
O1):-0.813	O2):45.141	
O1):-0.655	O2):29.907	
O1):-0.803	O2):45.017	
O1):-0.736	O2):36.416	
O1):-0.77	O2):39.474	
O1):-0.774	O2):39.057	
O1):-0.777	O2):40.174	
O1):-0.711	O2):33.736	
O1):-0.726	O2):34.29	
O1):-0.707	O2):34.989	
O1):-0.825	O2):50.086	
O1):-0.715	O2):34.058	
O1):-0.734	O2):35.014	
O1):-0.719	O2):33.973	
O1):-0.728	O2):34.356	
O1):-0.808	O2):45.408	
O1):-0.772	O2):38.83	
O1):-0.68	O2):30.312	
O1):-0.701	O2):34.034	
O1):-0.743	O2):36.182	
O1):-0.833	O2):50.232	
O1):-0.8	O2):43.94	
O1):-0.794	O2):41.024	
O1):-0.747	O2):35.43	
O1):-0.828	O2):49.835	
O1):-0.799	O2):43.898	
O1):-0.743	O2):39.639	
O1):-0.764	O2):38.553	
O1):-0.849	O2):50.538	
O1):-0.811	O2):53.06	
O1):-0.822	O2):49.565	
O1):-0.805	O2):45.402	
Starting PrismExecutor worker 3 on port 15053
Starting PrismExecutor worker 1 on port 15061
Connected worker 3 to port 15053
Connected worker 1 to port 15061
O1):-0.712	O2):33.993	
O1):-0.778	O2):39.703	
O1):-0.725	O2):35.205	
O1):-0.715	O2):33.718	
O1):-0.741	O2):35.921	
O1):-0.795	O2):41.355	
O1):-0.799	O2):43.741	
O1):-0.802	O2):45.111	
O1):-0.852	O2):55.538	
O1):-0.788	O2):45.82	
O1):-0.775	O2):40.623	
O1):-0.803	O2):44.973	
O1):-0.768	O2):39.326	
O1):-0.827	O2):46.298	
O1):-0.682	O2):30.988	
O1):-0.686	O2):33.571	
O1):-0.802	O2):44.905	
O1):-0.842	O2):51.036	
O1):-0.836	O2):50.687	
O1):-0.775	O2):39.255	
O1):-0.772	O2):39.048	
O1):-0.722	O2):35.152	
O1):-0.711	O2):33.849	
O1):-0.82	O2):49.902	
O1):-0.776	O2):39.759	
O1):-0.695	O2):34.812	
O1):-0.744	O2):36.38	
O1):-0.727	O2):34.416	
O1):-0.776	O2):39.759	
O1):-0.839	O2):51.375	
O1):-0.796	O2):43.27	
O1):-0.772	O2):40.589	
O1):-0.762	O2):38.551	
O1):-0.829	O2):50.822	
O1):-0.819	O2):49.71	
O1):-0.711	O2):33.9	
O1):-0.752	O2):38.25	
O1):-0.769	O2):39.287	
O1):-0.8	O2):45.066	
O1):-0.818	O2):46.437	
O1):-0.744	O2):36.295	
O1):-0.767	O2):39.256	
O1):-0.826	O2):46.402	
O1):-0.773	O2):38.915	
O1):-0.722	O2):35.152	
O1):-0.736	O2):36.416	
O1):-0.825	O2):50.086	
O1):-0.656	O2):30.187	
O1):-0.727	O2):35.2	
O1):-0.772	O2):40.25	
O1):-0.766	O2):39.076	
O1):-0.797	O2):41.97	
O1):-0.808	O2):46.436	
O1):-0.75	O2):36.737	
O1):-0.763	O2):41.29	
O1):-0.753	O2):40.765	
O1):-0.83	O2):50.637	
O1):-0.768	O2):39.243	
O1):-0.768	O2):39.841	
O1):-0.756	O2):39.813	
O1):-0.766	O2):38.366	
O1):-0.827	O2):46.502	
O1):-0.744	O2):35.089	
O1):-0.814	O2):44.981	
O1):-0.727	O2):35.86	
O1):-0.791	O2):40.513	
O1):-0.854	O2):59.708	
O1):-0.747	O2):38.086	
O1):-0.746	O2):35.412	
O1):-0.747	O2):40.128	
O1):-0.768	O2):39.243	
O1):-0.741	O2):36.025	
Evaluations:	1100
O1):-0.854	O2):59.708	
O1):-0.671	O2):30.094	
O1):-0.813	O2):45.141	
O1):-0.799	O2):43.687	
O1):-0.715	O2):34.058	
O1):-0.81	O2):45.631	
O1):-0.821	O2):45.569	
O1):-0.818	O2):49.623	
O1):-0.798	O2):44.885	
O1):-0.804	O2):45.28	
O1):-0.773	O2):38.915	
O1):-0.726	O2):34.29	
O1):-0.748	O2):38.314	
O1):-0.73	O2):35.118	
O1):-0.774	O2):40.514	
O1):-0.684	O2):30.906	
O1):-0.799	O2):43.687	
O1):-0.764	O2):38.457	
O1):-0.711	O2):33.849	
Evaluations:	1000
O1):-0.701	O2):34.051	
O1):-0.763	O2):38.482	
O1):-0.674	O2):29.652	
O1):-0.747	O2):38.086	
O1):-0.783	O2):41.099	
O1):-0.803	O2):44.973	
O1):-0.745	O2):35.075	
O1):-0.795	O2):41.15	
O1):-0.683	O2):32.892	
O1):-0.751	O2):41.066	
O1):-0.773	O2):38.915	
O1):-0.772	O2):38.903	
O1):-0.743	O2):34.797	
O1):-0.854	O2):59.708	
O1):-0.797	O2):41.83	
O1):-0.791	O2):43.692	
O1):-0.797	O2):43.74	
O1):-0.734	O2):35.016	
O1):-0.725	O2):35.207	
O1):-0.788	O2):45.741	
O1):-0.794	O2):40.874	
O1):-0.727	O2):34.407	
O1):-0.822	O2):50.25	
O1):-0.774	O2):39.057	
O1):-0.694	O2):33.167	
O1):-0.798	O2):44.203	
O1):-0.823	O2):45.809	
O1):-0.715	O2):34.536	
O1):-0.724	O2):33.93	
O1):-0.78	O2):40.631	
O1):-0.773	O2):38.915	
O1):-0.715	O2):34.536	
O1):-0.715	O2):34.536	
O1):-0.821	O2):46.806	
O1):-0.765	O2):38.79	
O1):-0.826	O2):49.926	
O1):-0.708	O2):33.335	
O1):-0.735	O2):34.925	
O1):-0.774	O2):41.235	
O1):-0.8	O2):43.94	
O1):-0.83	O2):50.637	
O1):-0.716	O2):34.686	
O1):-0.775	O2):39.408	
O1):-0.845	O2):55.579	
O1):-0.766	O2):38.913	
O1):-0.779	O2):40.473	
O1):-0.768	O2):39.243	
O1):-0.814	O2):48.971	
O1):-0.695	O2):34.812	
O1):-0.796	O2):42.192	
O1):-0.772	O2):39.048	
O1):-0.724	O2):34.101	
O1):-0.682	O2):30.988	
O1):-0.829	O2):50.822	
O1):-0.809	O2):45.869	
O1):-0.773	O2):38.915	
O1):-0.701	O2):34.051	
O1):-0.781	O2):40.832	
O1):-0.779	O2):39.747	
O1):-0.726	O2):34.291	
Evaluations:	1100
O1):-0.779	O2):39.747	
O1):-0.825	O2):50.086	
O1):-0.767	O2):39.194	
O1):-0.72	O2):34.065	
O1):-0.772	O2):38.903	
O1):-0.738	O2):35.024	
O1):-0.799	O2):44.787	
O1):-0.848	O2):50.44	
O1):-0.793	O2):40.775	
O1):-0.795	O2):41.15	
O1):-0.751	O2):41.066	
O1):-0.798	O2):44.203	
O1):-0.772	O2):38.824	
O1):-0.763	O2):38.482	
O1):-0.715	O2):34.536	
O1):-0.745	O2):37.846	
O1):-0.722	O2):35.152	
O1):-0.766	O2):38.366	
O1):-0.729	O2):34.527	
O1):-0.682	O2):30.988	
O1):-0.811	O2):46.334	
O1):-0.778	O2):40.403	
O1):-0.825	O2):50.086	
O1):-0.797	O2):43.634	
O1):-0.776	O2):39.759	
O1):-0.775	O2):39.34	
O1):-0.836	O2):50.687	
O1):-0.796	O2):43.27	
O1):-0.715	O2):34.536	
O1):-0.835	O2):50.953	
O1):-0.706	O2):33.435	
O1):-0.774	O2):39.116	
O1):-0.738	O2):35.369	
O1):-0.778	O2):40.403	
O1):-0.726	O2):34.29	
O1):-0.769	O2):42.69	
O1):-0.711	O2):33.849	
O1):-0.851	O2):55.224	
O1):-0.738	O2):37.98	
O1):-0.802	O2):45.111	
O1):-0.807	O2):45.789	
O1):-0.798	O2):44.778	
O1):-0.819	O2):50.057	
O1):-0.791	O2):43.676	
O1):-0.683	O2):30.401	
O1):-0.813	O2):45.141	
O1):-0.729	O2):35.186	
O1):-0.791	O2):43.558	
O1):-0.826	O2):49.926	
O1):-0.736	O2):36.416	
O1):-0.804	O2):45.297	
O1):-0.716	O2):33.608	
O1):-0.809	O2):46.139	
O1):-0.743	O2):36.241	
O1):-0.776	O2):40.751	
O1):-0.745	O2):38.916	
O1):-0.725	O2):35.205	
O1):-0.852	O2):55.538	
O1):-0.799	O2):43.699	
O1):-0.767	O2):38.476	
O1):-0.809	O2):46.091	
O1):-0.778	O2):40.403	
O1):-0.737	O2):35.465	
O1):-0.769	O2):38.761	
O1):-0.73	O2):35.118	
O1):-0.649	O2):29.31	
O1):-0.799	O2):43.687	
O1):-0.811	O2):46.334	
O1):-0.836	O2):50.687	
O1):-0.792	O2):45.081	
O1):-0.804	O2):44.997	
O1):-0.794	O2):41.024	
O1):-0.747	O2):36.02	
O1):-0.714	O2):34.516	
O1):-0.781	O2):40.84	
O1):-0.725	O2):35.207	
O1):-0.78	O2):40.769	
O1):-0.726	O2):34.29	
O1):-0.637	O2):29.551	
O1):-0.671	O2):30.094	
O1):-0.847	O2):50.843	
O1):-0.799	O2):43.898	
O1):-0.821	O2):47.056	
O1):-0.793	O2):40.776	
O1):-0.783	O2):40.108	
O1):-0.777	O2):40.259	
O1):-0.796	O2):41.928	
O1):-0.811	O2):46.334	
O1):-0.727	O2):34.869	
O1):-0.845	O2):50.527	
O1):-0.723	O2):33.882	
O1):-0.827	O2):46.502	
O1):-0.792	O2):41.047	
O1):-0.851	O2):55.224	
O1):-0.828	O2):49.835	
O1):-0.738	O2):37.98	
O1):-0.734	O2):36.251	
O1):-0.811	O2):53.056	
O1):-0.814	O2):48.971	
O1):-0.8	O2):43.94	
O1):-0.802	O2):49.97	
O1):-0.736	O2):36.416	
O1):-0.796	O2):45.918	
O1):-0.797	O2):44.634	
O1):-0.841	O2):50.807	
O1):-0.792	O2):43.349	
O1):-0.801	O2):45.092	
O1):-0.823	O2):49.804	
O1):-0.803	O2):44.973	
O1):-0.794	O2):41.212	
O1):-0.751	O2):40.255	
O1):-0.716	O2):33.547	
O1):-0.671	O2):30.107	
O1):-0.797	O2):43.634	
O1):-0.685	O2):31.072	
O1):-0.837	O2):51.064	
O1):-0.799	O2):44.787	
O1):-0.794	O2):41.504	
O1):-0.824	O2):46.337	
O1):-0.842	O2):50.763	
O1):-0.758	O2):39.028	
O1):-0.711	O2):33.9	
O1):-0.826	O2):49.926	
O1):-0.825	O2):50.165	
O1):-0.792	O2):40.976	
O1):-0.73	O2):35.118	
O1):-0.842	O2):51.036	
O1):-0.808	O2):45.15	
O1):-0.795	O2):43.14	
O1):-0.773	O2):39.176	
O1):-0.706	O2):33.748	
O1):-0.772	O2):38.805	
O1):-0.826	O2):46.402	
O1):-0.814	O2):48.971	
O1):-0.769	O2):38.761	
O1):-0.773	O2):39.037	
O1):-0.777	O2):40.208	
Evaluations:	1000
O1):-0.664	O2):30.368	
O1):-0.825	O2):50.086	
O1):-0.759	O2):39.069	
O1):-0.766	O2):38.925	
O1):-0.819	O2):50.505	
O1):-0.797	O2):44.526	
O1):-0.82	O2):49.903	
O1):-0.797	O2):44.526	
O1):-0.823	O2):46.269	
O1):-0.778	O2):40.226	
O1):-0.747	O2):38.908	
O1):-0.727	O2):34.913	
O1):-0.713	O2):33.855	
O1):-0.775	O2):39.394	
O1):-0.744	O2):35.111	
O1):-0.726	O2):34.979	
O1):-0.836	O2):50.687	
O1):-0.732	O2):35.215	
O1):-0.816	O2):45.349	
O1):-0.777	O2):42.632	
O1):-0.791	O2):40.513	
O1):-0.773	O2):38.915	
O1):-0.808	O2):46.039	
O1):-0.744	O2):35.215	
O1):-0.816	O2):45.349	
O1):-0.682	O2):30.988	
O1):-0.727	O2):34.403	
O1):-0.809	O2):49.14	
O1):-0.796	O2):41.335	
O1):-0.745	O2):37.846	
O1):-0.73	O2):35.118	
O1):-0.771	O2):42.178	
O1):-0.806	O2):48.567	
O1):-0.682	O2):33.442	
O1):-0.713	O2):33.895	
O1):-0.795	O2):41.615	
O1):-0.837	O2):50.09	
O1):-0.779	O2):40.402	
O1):-0.756	O2):39.915	
O1):-0.833	O2):50.232	
O1):-0.778	O2):40.403	
O1):-0.792	O2):40.976	
O1):-0.772	O2):38.768	
O1):-0.726	O2):34.29	
O1):-0.802	O2):45.111	
O1):-0.728	O2):34.359	
O1):-0.841	O2):50.807	
O1):-0.792	O2):40.553	
O1):-0.799	O2):44.787	
O1):-0.851	O2):55.224	
O1):-0.774	O2):39.48	
O1):-0.773	O2):38.915	
O1):-0.804	O2):44.997	
O1):-0.738	O2):35.514	
O1):-0.735	O2):34.926	
Starting PrismExecutor worker 4 on port 15024
O1):-0.792	O2):41.047	
Connected worker 4 to port 15024
O1):-0.747	O2):36.02	
O1):-0.801	O2):45.092	
O1):-0.775	O2):39.722	
O1):-0.778	O2):43.87	
O1):-0.729	O2):35.186	
O1):-0.825	O2):50.086	
O1):-0.71	O2):35.983	
O1):-0.787	O2):44.429	
O1):-0.745	O2):37.891	
O1):-0.842	O2):51.036	
O1):-0.791	O2):40.513	
O1):-0.867	O2):56.032	
O1):-0.716	O2):33.603	
O1):-0.854	O2):59.708	
O1):-0.795	O2):43.546	
O1):-0.83	O2):50.637	
O1):-0.731	O2):35.221	
O1):-0.694	O2):33.167	
O1):-0.792	O2):40.976	
O1):-0.754	O2):40.899	
O1):-0.772	O2):39.048	
O1):-0.805	O2):45.365	
O1):-0.816	O2):45.931	
O1):-0.798	O2):45.423	
O1):-0.78	O2):43.014	
O1):-0.784	O2):40.692	
O1):-0.819	O2):45.574	
O1):-0.778	O2):41.138	
O1):-0.747	O2):35.43	
O1):-0.751	O2):41.78	
O1):-0.706	O2):33.748	
O1):-0.784	O2):40.692	
O1):-0.715	O2):34.536	
O1):-0.706	O2):33.434	
O1):-0.79	O2):40.595	
O1):-0.821	O2):48.857	
O1):-0.839	O2):54.801	
O1):-0.762	O2):40.328	
O1):-0.701	O2):34.682	
O1):-0.797	O2):44.634	
O1):-0.738	O2):35.024	
O1):-0.766	O2):38.913	
O1):-0.774	O2):39.097	
Evaluations:	1200
O1):-0.794	O2):41.212	
O1):-0.726	O2):34.29	
O1):-0.762	O2):38.559	
O1):-0.726	O2):34.294	
O1):-0.778	O2):39.703	
O1):-0.792	O2):40.976	
O1):-0.813	O2):48.332	
O1):-0.724	O2):33.902	
O1):-0.727	O2):35.926	
O1):-0.801	O2):44.912	
O1):-0.796	O2):43.288	
O1):-0.814	O2):44.98	
O1):-0.818	O2):46.192	
O1):-0.827	O2):46.502	
O1):-0.811	O2):46.334	
O1):-0.815	O2):45.611	
O1):-0.702	O2):33.174	
O1):-0.726	O2):34.631	
O1):-0.773	O2):38.915	
O1):-0.796	O2):41.167	
O1):-0.759	O2):39.069	
O1):-0.709	O2):33.611	
O1):-0.828	O2):49.835	
O1):-0.797	O2):44.543	
O1):-0.792	O2):40.976	
O1):-0.759	O2):38.989	
O1):-0.794	O2):46.272	
O1):-0.793	O2):40.885	
O1):-0.707	O2):33.251	
O1):-0.822	O2):48.745	
O1):-0.736	O2):36.416	
O1):-0.771	O2):39.907	
O1):-0.74	O2):35.811	
O1):-0.829	O2):50.822	
O1):-0.816	O2):45.349	
O1):-0.778	O2):40.403	
O1):-0.771	O2):38.904	
O1):-0.817	O2):45.69	
O1):-0.764	O2):38.553	
O1):-0.791	O2):40.491	
O1):-0.745	O2):35.074	
O1):-0.729	O2):34.765	
O1):-0.719	O2):36.543	
O1):-0.744	O2):36.38	
O1):-0.723	O2):33.863	
O1):-0.815	O2):45.611	
O1):-0.716	O2):34.665	
O1):-0.794	O2):40.897	
O1):-0.684	O2):30.906	
O1):-0.813	O2):45.141	
O1):-0.792	O2):43.719	
O1):-0.788	O2):41.722	
O1):-0.771	O2):38.736	
O1):-0.806	O2):45.326	
O1):-0.809	O2):46.105	
O1):-0.716	O2):34.679	
O1):-0.794	O2):41.504	
O1):-0.799	O2):44.253	
O1):-0.806	O2):45.463	
O1):-0.788	O2):43.39	
O1):-0.729	O2):34.528	
O1):-0.714	O2):35.464	
O1):-0.725	O2):33.943	
O1):-0.809	O2):45.869	
O1):-0.671	O2):31.434	
O1):-0.808	O2):45.839	
O1):-0.799	O2):43.898	
O1):-0.747	O2):36.021	
O1):-0.788	O2):43.767	
O1):-0.687	O2):31.343	
O1):-0.745	O2):37.846	
O1):-0.767	O2):40.653	
O1):-0.745	O2):35.653	
O1):-0.816	O2):45.275	
O1):-0.738	O2):35.024	
O1):-0.691	O2):30.704	
O1):-0.763	O2):38.524	
O1):-0.824	O2):50.062	
O1):-0.763	O2):38.482	
O1):-0.715	O2):33.584	
O1):-0.843	O2):54.801	
O1):-0.747	O2):36.02	
O1):-0.827	O2):46.538	
O1):-0.718	O2):34.941	
O1):-0.773	O2):39.168	
O1):-0.776	O2):39.757	
O1):-0.802	O2):45.228	
O1):-0.791	O2):43.718	
O1):-0.854	O2):59.708	
O1):-0.784	O2):40.692	
O1):-0.8	O2):43.94	
O1):-0.747	O2):38.071	
O1):-0.795	O2):41.15	
O1):-0.724	O2):33.892	
O1):-0.794	O2):41.024	
O1):-0.792	O2):40.553	
O1):-0.711	O2):33.736	
O1):-0.764	O2):38.732	
O1):-0.765	O2):37.524	
O1):-0.851	O2):56.081	
O1):-0.803	O2):50.334	
O1):-0.776	O2):39.759	
O1):-0.726	O2):34.29	
O1):-0.815	O2):45.961	
O1):-0.83	O2):50.637	
O1):-0.688	O2):32.908	
O1):-0.686	O2):32.95	
O1):-0.691	O2):30.705	
O1):-0.82	O2):49.902	
O1):-0.694	O2):33.643	
O1):-0.764	O2):38.374	
O1):-0.711	O2):33.736	
O1):-0.839	O2):54.801	
O1):-0.796	O2):43.906	
O1):-0.714	O2):34.454	
O1):-0.767	O2):38.473	
O1):-0.715	O2):34.536	
O1):-0.683	O2):33.059	
O1):-0.763	O2):38.524	
O1):-0.715	O2):34.058	
O1):-0.706	O2):33.434	
O1):-0.737	O2):35.791	
O1):-0.81	O2):46.301	
O1):-0.716	O2):33.603	
O1):-0.733	O2):35.316	
O1):-0.796	O2):43.271	
O1):-0.808	O2):45.285	
O1):-0.824	O2):49.413	
O1):-0.701	O2):34.051	
O1):-0.772	O2):38.831	
O1):-0.84	O2):50.72	
O1):-0.765	O2):37.524	
O1):-0.656	O2):30.187	
Starting PrismExecutor worker 5 on port 15015
O1):-0.775	O2):40.105	
Starting PrismExecutor worker 2 on port 15062
Connected worker 5 to port 15015
Connected worker 2 to port 15062
O1):-0.737	O2):34.905	
O1):-0.793	O2):40.776	
O1):-0.805	O2):45.407	
O1):-0.819	O2):49.821	
O1):-0.752	O2):37.296	
O1):-0.807	O2):45.671	
O1):-0.774	O2):39.097	
O1):-0.819	O2):49.71	
O1):-0.716	O2):33.547	
O1):-0.848	O2):50.44	
O1):-0.769	O2):39.287	
O1):-0.814	O2):44.98	
O1):-0.834	O2):50.342	
O1):-0.728	O2):34.356	
O1):-0.763	O2):40.785	
O1):-0.818	O2):46.192	
O1):-0.822	O2):45.676	
O1):-0.826	O2):49.926	
O1):-0.778	O2):39.703	
O1):-0.774	O2):40.711	
O1):-0.774	O2):45.107	
O1):-0.763	O2):38.482	
O1):-0.686	O2):32.931	
O1):-0.709	O2):33.611	
O1):-0.811	O2):46.334	
O1):-0.775	O2):39.655	
O1):-0.637	O2):29.122	
O1):-0.739	O2):35.512	
O1):-0.794	O2):40.873	
O1):-0.745	O2):37.846	
O1):-0.767	O2):38.476	
O1):-0.721	O2):34.994	
O1):-0.814	O2):44.98	
O1):-0.818	O2):45.662	
O1):-0.68	O2):30.312	
O1):-0.745	O2):41.189	
O1):-0.827	O2):46.502	
O1):-0.801	O2):45.789	
Evaluations:	1200
O1):-0.774	O2):39.116	
O1):-0.733	O2):35.316	
O1):-0.711	O2):33.849	
O1):-0.742	O2):35.758	
O1):-0.789	O2):43.675	
O1):-0.836	O2):50.687	
O1):-0.795	O2):44.323	
O1):-0.764	O2):38.654	
O1):-0.802	O2):44.927	
O1):-0.707	O2):33.647	
O1):-0.774	O2):39.155	
O1):-0.715	O2):34.536	
O1):-0.729	O2):35.187	
O1):-0.74	O2):38.221	
O1):-0.793	O2):44.067	
O1):-0.711	O2):33.849	
O1):-0.799	O2):44.987	
O1):-0.816	O2):49.584	
O1):-0.692	O2):31.159	
O1):-0.778	O2):41.137	
O1):-0.738	O2):37.98	
O1):-0.811	O2):46.334	
O1):-0.73	O2):35.118	
O1):-0.74	O2):35.811	
O1):-0.85	O2):50.752	
O1):-0.717	O2):34.707	
O1):-0.816	O2):45.355	
O1):-0.697	O2):36.145	
O1):-0.718	O2):34.191	
O1):-0.844	O2):55.169	
O1):-0.829	O2):49.889	
O1):-0.806	O2):48.599	
O1):-0.729	O2):34.637	
O1):-0.797	O2):41.83	
O1):-0.79	O2):40.582	
O1):-0.714	O2):34.157	
O1):-0.75	O2):39.331	
O1):-0.752	O2):38.687	
O1):-0.763	O2):38.39	
O1):-0.773	O2):38.915	
O1):-0.812	O2):46.274	
O1):-0.687	O2):30.92	
O1):-0.792	O2):41.466	
O1):-0.794	O2):41.612	
O1):-0.745	O2):35.768	
O1):-0.786	O2):41.107	
O1):-0.827	O2):46.502	
O1):-0.797	O2):41.97	
O1):-0.793	O2):41.226	
O1):-0.803	O2):44.973	
O1):-0.809	O2):46.091	
O1):-0.716	O2):33.603	
O1):-0.803	O2):44.973	
O1):-0.803	O2):45.15	
O1):-0.776	O2):39.759	
O1):-0.771	O2):38.904	
O1):-0.819	O2):50.057	
O1):-0.802	O2):45.837	
O1):-0.724	O2):34.101	
O1):-0.716	O2):34.665	
O1):-0.78	O2):40.631	
O1):-0.77	O2):40.122	
O1):-0.717	O2):33.945	
O1):-0.836	O2):50.687	
O1):-0.779	O2):40.448	
O1):-0.83	O2):50.637	
O1):-0.664	O2):30.368	
O1):-0.774	O2):39.155	
O1):-0.765	O2):37.524	
O1):-0.77	O2):38.514	
O1):-0.772	O2):39.048	
O1):-0.671	O2):30.094	
O1):-0.773	O2):39.022	
O1):-0.701	O2):34.051	
O1):-0.854	O2):59.708	
O1):-0.776	O2):39.76	
O1):-0.738	O2):35.467	
O1):-0.724	O2):33.951	
O1):-0.768	O2):38.484	
O1):-0.771	O2):38.736	
O1):-0.706	O2):39.743	
O1):-0.794	O2):41.612	
O1):-0.793	O2):40.776	
O1):-0.759	O2):42.134	
O1):-0.793	O2):40.776	
O1):-0.715	O2):34.536	
O1):-0.822	O2):45.676	
O1):-0.774	O2):39.21	
O1):-0.772	O2):38.911	
O1):-0.773	O2):38.915	
O1):-0.807	O2):45.671	
O1):-0.749	O2):37.603	
O1):-0.804	O2):45.297	
O1):-0.761	O2):39.239	
O1):-0.775	O2):39.722	
O1):-0.709	O2):39.531	
O1):-0.779	O2):40.525	
O1):-0.702	O2):33.175	
O1):-0.784	O2):40.692	
O1):-0.727	O2):34.322	
O1):-0.718	O2):33.97	
O1):-0.745	O2):35.075	
O1):-0.686	O2):32.95	
O1):-0.849	O2):51.039	
O1):-0.803	O2):44.973	
O1):-0.797	O2):43.74	
O1):-0.806	O2):45.983	
O1):-0.794	O2):41.529	
O1):-0.831	O2):50.254	
O1):-0.689	O2):33.901	
O1):-0.854	O2):59.708	
O1):-0.738	O2):35.467	
O1):-0.816	O2):45.349	
O1):-0.811	O2):46.334	
O1):-0.818	O2):46.553	
O1):-0.803	O2):45.722	
O1):-0.75	O2):36.737	
O1):-0.795	O2):43.14	
O1):-0.759	O2):39.074	
O1):-0.819	O2):49.71	
O1):-0.711	O2):33.378	
O1):-0.84	O2):50.72	
O1):-0.785	O2):44.091	
O1):-0.771	O2):38.904	
O1):-0.819	O2):50.237	
O1):-0.797	O2):43.74	
O1):-0.763	O2):38.263	
O1):-0.802	O2):45.111	
O1):-0.811	O2):46.689	
O1):-0.731	O2):40.675	
O1):-0.76	O2):44.525	
O1):-0.779	O2):40.659	
O1):-0.825	O2):50.086	
O1):-0.772	O2):38.899	
O1):-0.795	O2):44.323	
O1):-0.789	O2):40.583	
O1):-0.778	O2):40.24	
O1):-0.664	O2):30.368	
O1):-0.741	O2):34.565	
O1):-0.804	O2):45.297	
O1):-0.701	O2):34.051	
O1):-0.809	O2):46.034	
O1):-0.664	O2):30.368	
O1):-0.818	O2):45.662	
O1):-0.797	O2):41.83	
O1):-0.803	O2):44.973	
O1):-0.814	O2):44.98	
O1):-0.79	O2):40.265	
O1):-0.808	O2):45.407	
O1):-0.686	O2):30.153	
O1):-0.688	O2):32.908	
O1):-0.729	O2):34.765	
O1):-0.854	O2):59.708	
O1):-0.743	O2):36.182	
O1):-0.706	O2):34.773	
O1):-0.763	O2):36.555	
O1):-0.783	O2):40.696	
O1):-0.795	O2):44.323	
O1):-0.743	O2):36.182	
O1):-0.805	O2):45.62	
O1):-0.802	O2):45.334	
Evaluations:	1100
O1):-0.713	O2):33.998	
O1):-0.84	O2):50.72	
O1):-0.854	O2):59.708	
O1):-0.766	O2):38.799	
O1):-0.798	O2):44.203	
O1):-0.708	O2):33.336	
O1):-0.724	O2):33.902	
O1):-0.726	O2):34.29	
O1):-0.714	O2):34.454	
O1):-0.775	O2):40.105	
O1):-0.767	O2):39.01	
O1):-0.829	O2):47.024	
O1):-0.744	O2):35.111	
O1):-0.729	O2):34.924	
O1):-0.828	O2):50.439	
O1):-0.79	O2):40.582	
O1):-0.794	O2):41.375	
O1):-0.711	O2):33.378	
O1):-0.796	O2):42.192	
O1):-0.792	O2):43.253	
O1):-0.746	O2):35.412	
O1):-0.773	O2):39.168	
O1):-0.712	O2):33.883	
O1):-0.823	O2):48.999	
O1):-0.744	O2):35.111	
O1):-0.719	O2):37.32	
O1):-0.816	O2):45.349	
O1):-0.824	O2):46.154	
O1):-0.742	O2):35.233	
O1):-0.776	O2):40.77	
Evaluations:	1200
O1):-0.736	O2):35.461	
O1):-0.784	O2):40.692	
O1):-0.786	O2):41.011	
O1):-0.833	O2):50.232	
O1):-0.81	O2):50.042	
O1):-0.803	O2):45.691	
O1):-0.682	O2):30.988	
O1):-0.762	O2):38.346	
O1):-0.808	O2):45.407	
O1):-0.729	O2):34.765	
O1):-0.72	O2):34.065	
O1):-0.723	O2):33.863	
O1):-0.762	O2):39.348	
O1):-0.823	O2):45.809	
O1):-0.836	O2):49.943	
O1):-0.797	O2):43.634	
O1):-0.742	O2):34.779	
O1):-0.756	O2):39.72	
O1):-0.73	O2):34.885	
O1):-0.847	O2):50.903	
O1):-0.819	O2):45.574	
O1):-0.726	O2):34.29	
O1):-0.735	O2):34.925	
O1):-0.717	O2):33.945	
O1):-0.806	O2):45.463	
O1):-0.729	O2):34.678	
O1):-0.785	O2):40.907	
O1):-0.792	O2):40.568	
O1):-0.761	O2):38.543	
O1):-0.752	O2):37.296	
O1):-0.809	O2):45.846	
O1):-0.759	O2):38.989	
O1):-0.796	O2):41.928	
O1):-0.799	O2):43.687	
O1):-0.671	O2):30.107	
O1):-0.772	O2):38.948	
O1):-0.723	O2):34.505	
O1):-0.637	O2):29.411	
O1):-0.731	O2):34.728	
O1):-0.795	O2):41.15	
O1):-0.789	O2):43.2	
O1):-0.731	O2):34.728	
O1):-0.811	O2):46.334	
O1):-0.747	O2):38.256	
O1):-0.731	O2):34.728	
O1):-0.799	O2):43.898	
O1):-0.798	O2):44.778	
O1):-0.723	O2):39.738	
O1):-0.772	O2):39.914	
O1):-0.836	O2):51.281	
O1):-0.797	O2):41.97	
O1):-0.836	O2):50.687	
O1):-0.77	O2):39.469	
O1):-0.736	O2):35.215	
O1):-0.811	O2):46.334	
O1):-0.771	O2):38.904	
O1):-0.737	O2):34.905	
O1):-0.799	O2):43.898	
O1):-0.743	O2):36.246	
O1):-0.745	O2):35.653	
O1):-0.772	O2):38.831	
O1):-0.816	O2):45.349	
O1):-0.735	O2):35.213	
O1):-0.736	O2):36.707	
O1):-0.743	O2):38.936	
O1):-0.774	O2):39.116	
O1):-0.777	O2):40.174	
O1):-0.793	O2):44.056	
O1):-0.746	O2):35.412	
O1):-0.803	O2):45.197	
O1):-0.674	O2):29.652	
O1):-0.769	O2):43.779	
O1):-0.792	O2):44.113	
O1):-0.836	O2):50.687	
O1):-0.798	O2):44.739	
O1):-0.748	O2):36.269	
Evaluations:	1300
O1):-0.711	O2):33.378	
O1):-0.796	O2):43.288	
O1):-0.772	O2):38.831	
O1):-0.774	O2):39.097	
O1):-0.776	O2):40.024	
O1):-0.685	O2):31.374	
O1):-0.746	O2):35.412	
O1):-0.775	O2):40.105	
O1):-0.682	O2):30.988	
O1):-0.724	O2):33.902	
O1):-0.78	O2):42.964	
O1):-0.812	O2):46.274	
O1):-0.792	O2):44.104	
O1):-0.656	O2):30.187	
O1):-0.811	O2):46.334	
O1):-0.726	O2):34.979	
O1):-0.769	O2):38.673	
O1):-0.723	O2):34.34	
O1):-0.754	O2):38.493	
O1):-0.724	O2):33.902	
O1):-0.805	O2):45.62	
O1):-0.746	O2):35.412	
O1):-0.849	O2):50.88	
O1):-0.777	O2):40.174	
O1):-0.804	O2):45.28	
O1):-0.822	O2):46.054	
O1):-0.783	O2):40.052	
O1):-0.841	O2):50.807	
O1):-0.672	O2):31.702	
O1):-0.799	O2):44.74	
O1):-0.726	O2):34.689	
O1):-0.813	O2):45.141	
O1):-0.775	O2):40.105	
O1):-0.802	O2):45.111	
O1):-0.822	O2):50.901	
O1):-0.743	O2):36.182	
O1):-0.655	O2):29.907	
O1):-0.774	O2):39.057	
O1):-0.716	O2):35.088	
O1):-0.637	O2):29.111	
O1):-0.794	O2):41.612	
O1):-0.664	O2):30.368	
O1):-0.814	O2):44.98	
O1):-0.773	O2):39.016	
O1):-0.733	O2):34.737	
O1):-0.792	O2):40.553	
O1):-0.782	O2):44.141	
O1):-0.749	O2):35.472	
O1):-0.818	O2):46.192	
O1):-0.794	O2):43.002	
O1):-0.792	O2):40.624	
O1):-0.763	O2):36.627	
O1):-0.777	O2):40.526	
O1):-0.786	O2):41.107	
O1):-0.84	O2):50.72	
O1):-0.764	O2):38.374	
Starting PrismExecutor worker 5 on port 15025
O1):-0.747	O2):36.514	
Connected worker 5 to port 15025
O1):-0.8	O2):43.901	
O1):-0.764	O2):38.691	
O1):-0.756	O2):38.535	
O1):-0.796	O2):43.27	
O1):-0.716	O2):33.547	
O1):-0.782	O2):40.096	
O1):-0.796	O2):43.27	
O1):-0.744	O2):35.471	
O1):-0.818	O2):46.192	
O1):-0.69	O2):31.3	
O1):-0.735	O2):35.833	
O1):-0.671	O2):30.094	
O1):-0.745	O2):35.654	
O1):-0.711	O2):33.543	
O1):-0.737	O2):34.905	
O1):-0.813	O2):45.141	
O1):-0.802	O2):45.119	
O1):-0.843	O2):55.214	
O1):-0.728	O2):36.875	
O1):-0.797	O2):41.97	
O1):-0.818	O2):45.662	
O1):-0.699	O2):34.905	
O1):-0.78	O2):40.584	
O1):-0.794	O2):41.212	
O1):-0.729	O2):34.527	
O1):-0.808	O2):45.407	
O1):-0.8	O2):43.94	
O1):-0.741	O2):34.565	
O1):-0.811	O2):46.334	
O1):-0.811	O2):46.334	
O1):-0.728	O2):34.461	
O1):-0.771	O2):38.904	
O1):-0.715	O2):33.716	
O1):-0.797	O2):44.634	
O1):-0.808	O2):48.688	
O1):-0.771	O2):38.904	
O1):-0.847	O2):50.843	
O1):-0.722	O2):33.697	
O1):-0.718	O2):33.97	
O1):-0.825	O2):50.086	
Evaluations:	1100
O1):-0.694	O2):33.167	
O1):-0.775	O2):39.435	
O1):-0.686	O2):32.931	
O1):-0.732	O2):35.388	
O1):-0.745	O2):35.653	
O1):-0.792	O2):41.12	
O1):-0.821	O2):45.569	
O1):-0.683	O2):32.8	
O1):-0.682	O2):30.988	
O1):-0.826	O2):49.926	
O1):-0.714	O2):35.162	
O1):-0.804	O2):45.297	
O1):-0.687	O2):31.343	
O1):-0.795	O2):43.14	
O1):-0.797	O2):41.869	
O1):-0.807	O2):45.619	
O1):-0.714	O2):34.454	
O1):-0.83	O2):50.577	
O1):-0.792	O2):40.624	
O1):-0.852	O2):55.538	
O1):-0.711	O2):33.9	
O1):-0.772	O2):38.948	
O1):-0.803	O2):45.15	
O1):-0.799	O2):43.898	
O1):-0.827	O2):46.538	
O1):-0.716	O2):35.052	
O1):-0.655	O2):29.907	
O1):-0.697	O2):34.19	
O1):-0.836	O2):50.687	
O1):-0.77	O2):39.474	
O1):-0.761	O2):40.4	
O1):-0.717	O2):33.565	
O1):-0.793	O2):40.776	
O1):-0.797	O2):44.634	
O1):-0.713	O2):33.895	
O1):-0.725	O2):34.104	
O1):-0.737	O2):34.905	
O1):-0.717	O2):34.707	
O1):-0.694	O2):33.643	
O1):-0.719	O2):33.989	
O1):-0.794	O2):41.375	
O1):-0.772	O2):38.826	
O1):-0.828	O2):49.835	
O1):-0.793	O2):40.775	
O1):-0.802	O2):44.89	
O1):-0.738	O2):37.98	
O1):-0.722	O2):34.661	
O1):-0.794	O2):46.272	
O1):-0.825	O2):50.165	
O1):-0.813	O2):45.142	
O1):-0.767	O2):39.251	
O1):-0.802	O2):45.119	
O1):-0.794	O2):41.212	
O1):-0.773	O2):39.247	
O1):-0.772	O2):38.806	
O1):-0.783	O2):40.696	
O1):-0.745	O2):35.075	
O1):-0.721	O2):34.995	
O1):-0.774	O2):39.097	
O1):-0.793	O2):40.776	
O1):-0.689	O2):33.901	
O1):-0.682	O2):30.988	
O1):-0.807	O2):45.671	
O1):-0.773	O2):39.037	
O1):-0.749	O2):38.131	
O1):-0.797	O2):43.74	
O1):-0.767	O2):38.965	
O1):-0.715	O2):34.536	
O1):-0.802	O2):44.891	
O1):-0.777	O2):40.174	
O1):-0.71	O2):33.369	
O1):-0.664	O2):30.368	
O1):-0.82	O2):49.849	
O1):-0.724	O2):33.907	
O1):-0.774	O2):39.097	
O1):-0.774	O2):39.17	
O1):-0.715	O2):34.536	
O1):-0.738	O2):35.67	
O1):-0.792	O2):40.624	
O1):-0.732	O2):35.388	
O1):-0.694	O2):33.643	
O1):-0.803	O2):45.15	
O1):-0.761	O2):38.555	
O1):-0.827	O2):46.298	
O1):-0.83	O2):50.638	
O1):-0.725	O2):33.938	
O1):-0.804	O2):45.297	
O1):-0.793	O2):41.226	
O1):-0.729	O2):35.186	
O1):-0.791	O2):40.481	
O1):-0.812	O2):48.543	
O1):-0.819	O2):50.057	
O1):-0.783	O2):40.108	
O1):-0.813	O2):45.288	
O1):-0.792	O2):43.719	
O1):-0.729	O2):34.765	
O1):-0.738	O2):35.024	
O1):-0.778	O2):41.137	
O1):-0.797	O2):43.74	
O1):-0.711	O2):33.736	
O1):-0.794	O2):41.529	
O1):-0.738	O2):35.467	
O1):-0.79	O2):40.265	
O1):-0.743	O2):34.797	
O1):-0.685	O2):31.072	
O1):-0.649	O2):29.311	
O1):-0.769	O2):38.645	
O1):-0.792	O2):40.553	
O1):-0.705	O2):34.086	
O1):-0.791	O2):40.854	
O1):-0.81	O2):45.631	
O1):-0.692	O2):31.159	
O1):-0.745	O2):35.768	
O1):-0.754	O2):38.493	
O1):-0.826	O2):49.35	
O1):-0.804	O2):45.299	
O1):-0.802	O2):44.822	
O1):-0.847	O2):50.841	
O1):-0.78	O2):40.584	
O1):-0.848	O2):50.44	
O1):-0.716	O2):33.603	
O1):-0.769	O2):39.333	
O1):-0.73	O2):35.232	
O1):-0.706	O2):33.434	
O1):-0.671	O2):30.094	
O1):-0.776	O2):40.447	
O1):-0.714	O2):34.454	
O1):-0.739	O2):35.512	
O1):-0.774	O2):39.116	
O1):-0.791	O2):40.744	
O1):-0.723	O2):33.863	
O1):-0.736	O2):35.215	
O1):-0.848	O2):50.44	
O1):-0.815	O2):45.611	
O1):-0.73	O2):35.118	
O1):-0.784	O2):40.692	
O1):-0.701	O2):35.443	
O1):-0.718	O2):35.47	
O1):-0.701	O2):34.446	
O1):-0.722	O2):34.286	
O1):-0.719	O2):34.389	
O1):-0.714	O2):34.454	
O1):-0.833	O2):50.43	
Evaluations:	1200
O1):-0.777	O2):40.041	
O1):-0.774	O2):39.17	
O1):-0.809	O2):46.105	
O1):-0.793	O2):40.776	
O1):-0.672	O2):31.7	
O1):-0.824	O2):46.044	
O1):-0.794	O2):41.612	
O1):-0.739	O2):38.177	
O1):-0.752	O2):38.25	
O1):-0.827	O2):46.538	
O1):-0.791	O2):40.513	
O1):-0.764	O2):38.457	
O1):-0.729	O2):35.186	
O1):-0.834	O2):49.884	
O1):-0.744	O2):35.471	
O1):-0.78	O2):40.631	
O1):-0.686	O2):31.176	
O1):-0.822	O2):45.677	
O1):-0.707	O2):33.348	
O1):-0.778	O2):39.703	
O1):-0.736	O2):36.416	
O1):-0.769	O2):40.05	
O1):-0.678	O2):35.071	
O1):-0.826	O2):49.35	
O1):-0.804	O2):45.297	
O1):-0.772	O2):38.907	
O1):-0.769	O2):39.689	
O1):-0.766	O2):39.076	
O1):-0.733	O2):35.316	
O1):-0.733	O2):35.574	
O1):-0.757	O2):39.974	
O1):-0.736	O2):35.461	
O1):-0.793	O2):43.262	
O1):-0.671	O2):30.094	
O1):-0.829	O2):50.268	
O1):-0.73	O2):35.118	
O1):-0.819	O2):45.574	
O1):-0.797	O2):43.74	
O1):-0.715	O2):34.536	
Evaluations:	1200
O1):-0.792	O2):41.047	
O1):-0.729	O2):34.765	
O1):-0.716	O2):33.547	
O1):-0.738	O2):37.98	
O1):-0.715	O2):34.525	
O1):-0.713	O2):33.895	
O1):-0.86	O2):56.38	
O1):-0.778	O2):39.703	
O1):-0.854	O2):59.708	
O1):-0.796	O2):41.914	
O1):-0.749	O2):40.715	
O1):-0.79	O2):40.265	
O1):-0.775	O2):39.65	
O1):-0.792	O2):40.601	
O1):-0.85	O2):55.351	
O1):-0.779	O2):40.525	
O1):-0.79	O2):40.265	
O1):-0.826	O2):49.35	
O1):-0.801	O2):44.912	
O1):-0.772	O2):39.412	
O1):-0.79	O2):40.583	
O1):-0.806	O2):45.563	
O1):-0.684	O2):30.906	
O1):-0.759	O2):39.798	
O1):-0.795	O2):44.323	
O1):-0.711	O2):33.849	
O1):-0.795	O2):41.188	
O1):-0.686	O2):30.152	
O1):-0.797	O2):41.83	
O1):-0.739	O2):38.18	
O1):-0.752	O2):38.25	
O1):-0.795	O2):41.615	
O1):-0.711	O2):33.384	
O1):-0.797	O2):41.83	
O1):-0.805	O2):45.365	
O1):-0.815	O2):45.611	
O1):-0.791	O2):40.513	
O1):-0.745	O2):35.653	
O1):-0.845	O2):56.494	
O1):-0.809	O2):46.09	
O1):-0.799	O2):44.848	
O1):-0.736	O2):36.416	
O1):-0.667	O2):30.376	
O1):-0.794	O2):41.024	
O1):-0.664	O2):30.368	
O1):-0.792	O2):40.624	
O1):-0.732	O2):35.215	
O1):-0.717	O2):33.772	
O1):-0.687	O2):30.911	
O1):-0.794	O2):40.874	
O1):-0.755	O2):41.974	
O1):-0.807	O2):45.671	
O1):-0.802	O2):45.334	
O1):-0.778	O2):39.789	
O1):-0.747	O2):36.523	
O1):-0.827	O2):46.538	
O1):-0.735	O2):35.213	
O1):-0.762	O2):38.551	
O1):-0.764	O2):40.251	
O1):-0.816	O2):46.217	
O1):-0.729	O2):34.925	
O1):-0.772	O2):38.948	
O1):-0.674	O2):29.652	
O1):-0.806	O2):45.563	
O1):-0.763	O2):38.482	
O1):-0.726	O2):34.979	
O1):-0.799	O2):43.687	
O1):-0.713	O2):35.071	
O1):-0.811	O2):46.334	
O1):-0.701	O2):34.273	
O1):-0.848	O2):50.44	
O1):-0.794	O2):41.504	
O1):-0.774	O2):39.116	
O1):-0.797	O2):44.526	
O1):-0.837	O2):50.09	
O1):-0.772	O2):38.948	
O1):-0.799	O2):44.848	
O1):-0.806	O2):45.463	
O1):-0.772	O2):38.948	
O1):-0.732	O2):35.215	
O1):-0.816	O2):46.217	
O1):-0.791	O2):40.513	
O1):-0.808	O2):45.397	
O1):-0.724	O2):33.867	
Evaluations:	1100
Starting PrismExecutor worker 1 on port 15071
O1):-0.674	O2):29.652	
Connected worker 1 to port 15071
O1):-0.717	O2):33.944	
O1):-0.794	O2):40.873	
O1):-0.806	O2):45.563	
O1):-0.796	O2):44.749	
O1):-0.748	O2):36.269	
O1):-0.762	O2):39.45	
O1):-0.764	O2):38.457	
O1):-0.715	O2):34.536	
O1):-0.725	O2):33.938	
O1):-0.766	O2):38.799	
O1):-0.702	O2):33.174	
O1):-0.735	O2):40.255	
O1):-0.847	O2):50.694	
O1):-0.795	O2):44.323	
O1):-0.672	O2):31.702	
O1):-0.85	O2):50.752	
O1):-0.737	O2):34.905	
O1):-0.752	O2):37.296	
O1):-0.809	O2):45.949	
O1):-0.829	O2):50.822	
O1):-0.802	O2):45.141	
O1):-0.783	O2):40.708	
O1):-0.746	O2):35.98	
O1):-0.782	O2):45.523	
O1):-0.743	O2):34.792	
O1):-0.764	O2):38.56	
O1):-0.775	O2):39.367	
O1):-0.764	O2):38.896	
O1):-0.775	O2):39.435	
O1):-0.793	O2):40.776	
O1):-0.854	O2):59.623	
O1):-0.825	O2):50.086	
O1):-0.728	O2):34.356	
O1):-0.803	O2):45.017	
O1):-0.847	O2):50.903	
O1):-0.799	O2):44.787	
O1):-0.744	O2):35.111	
O1):-0.774	O2):39.11	
O1):-0.792	O2):40.624	
O1):-0.79	O2):40.595	
O1):-0.849	O2):54.965	
O1):-0.851	O2):51.549	
O1):-0.686	O2):31.34	
O1):-0.743	O2):34.797	
O1):-0.802	O2):44.89	
O1):-0.779	O2):40.525	
O1):-0.854	O2):56.606	
O1):-0.711	O2):33.9	
O1):-0.775	O2):39.394	
O1):-0.765	O2):39.045	
O1):-0.698	O2):33.091	
O1):-0.802	O2):45.119	
O1):-0.768	O2):39.741	
O1):-0.79	O2):40.583	
O1):-0.772	O2):38.804	
O1):-0.768	O2):40.166	
O1):-0.763	O2):38.597	
O1):-0.747	O2):35.429	
O1):-0.76	O2):44.632	
Starting PrismExecutor worker 4 on port 15014
O1):-0.717	O2):34.707	
Connected worker 4 to port 15014
O1):-0.776	O2):39.757	
O1):-0.803	O2):45.025	
O1):-0.797	O2):43.634	
O1):-0.797	O2):41.97	
O1):-0.771	O2):38.904	
O1):-0.83	O2):49.978	
O1):-0.797	O2):45.448	
O1):-0.716	O2):33.603	
O1):-0.778	O2):40.28	
O1):-0.719	O2):34.186	
O1):-0.816	O2):45.275	
O1):-0.789	O2):44.64	
O1):-0.815	O2):45.611	
O1):-0.778	O2):39.702	
O1):-0.737	O2):34.905	
O1):-0.715	O2):34.536	
O1):-0.797	O2):41.97	
O1):-0.758	O2):40.595	
O1):-0.768	O2):39.243	
O1):-0.797	O2):41.976	
O1):-0.781	O2):40.832	
O1):-0.773	O2):39.168	
O1):-0.772	O2):38.831	
Evaluations:	1300
O1):-0.801	O2):46.542	
O1):-0.834	O2):50.342	
O1):-0.75	O2):37.028	
O1):-0.716	O2):33.603	
O1):-0.729	O2):34.527	
O1):-0.783	O2):40.108	
O1):-0.781	O2):40.766	
O1):-0.794	O2):41.375	
O1):-0.697	O2):33.541	
O1):-0.801	O2):45.092	
O1):-0.763	O2):36.556	
O1):-0.758	O2):41.059	
O1):-0.823	O2):46.269	
O1):-0.711	O2):33.849	
O1):-0.772	O2):39.912	
O1):-0.729	O2):34.527	
O1):-0.653	O2):29.117	
O1):-0.85	O2):50.752	
O1):-0.717	O2):33.944	
O1):-0.688	O2):32.908	
O1):-0.793	O2):41.226	
O1):-0.778	O2):39.885	
O1):-0.802	O2):44.89	
O1):-0.763	O2):38.39	
O1):-0.744	O2):35.141	
O1):-0.719	O2):35.174	
O1):-0.723	O2):34.52	
O1):-0.784	O2):40.692	
O1):-0.829	O2):50.268	
O1):-0.775	O2):39.677	
O1):-0.714	O2):34.454	
O1):-0.806	O2):47.998	
O1):-0.789	O2):40.583	
O1):-0.836	O2):50.687	
O1):-0.749	O2):35.471	
O1):-0.706	O2):33.748	
O1):-0.752	O2):37.296	
O1):-0.725	O2):35.6	
O1):-0.831	O2):50.496	
O1):-0.703	O2):33.23	
O1):-0.759	O2):39.03	
O1):-0.767	O2):39.01	
O1):-0.795	O2):43.547	
O1):-0.671	O2):30.094	
O1):-0.655	O2):29.907	
O1):-0.771	O2):40.877	
O1):-0.682	O2):30.988	
O1):-0.825	O2):50.086	
O1):-0.753	O2):39.602	
O1):-0.774	O2):39.057	
O1):-0.807	O2):45.681	
O1):-0.828	O2):46.836	
O1):-0.728	O2):34.356	
O1):-0.813	O2):45.141	
O1):-0.777	O2):39.475	
O1):-0.773	O2):39.03	
O1):-0.747	O2):39.422	
O1):-0.833	O2):50.231	
O1):-0.715	O2):34.536	
O1):-0.732	O2):35.389	
O1):-0.728	O2):34.356	
O1):-0.717	O2):34.707	
O1):-0.847	O2):50.841	
O1):-0.683	O2):32.8	
O1):-0.743	O2):39.973	
O1):-0.692	O2):35.12	
O1):-0.727	O2):34.868	
O1):-0.792	O2):40.624	
O1):-0.743	O2):36.182	
O1):-0.771	O2):44.811	
O1):-0.726	O2):34.456	
O1):-0.807	O2):45.671	
O1):-0.715	O2):34.536	
O1):-0.701	O2):34.051	
O1):-0.715	O2):33.584	
O1):-0.793	O2):41.226	
O1):-0.803	O2):45.15	
O1):-0.666	O2):29.593	
O1):-0.79	O2):40.582	
O1):-0.71	O2):33.369	
O1):-0.701	O2):34.446	
O1):-0.824	O2):46.337	
O1):-0.825	O2):46.426	
O1):-0.833	O2):50.232	
O1):-0.747	O2):39.8	
O1):-0.739	O2):37.646	
O1):-0.746	O2):35.412	
O1):-0.694	O2):33.167	
O1):-0.791	O2):40.743	
O1):-0.851	O2):51.549	
O1):-0.715	O2):34.536	
O1):-0.837	O2):51.064	
O1):-0.802	O2):44.89	
O1):-0.767	O2):38.965	
O1):-0.764	O2):38.654	
O1):-0.81	O2):45.631	
O1):-0.829	O2):50.823	
O1):-0.766	O2):39.82	
O1):-0.808	O2):45.285	
O1):-0.772	O2):39.048	
O1):-0.813	O2):45.141	
O1):-0.801	O2):45.092	
O1):-0.744	O2):35.471	
O1):-0.809	O2):46.11	
O1):-0.727	O2):34.913	
O1):-0.753	O2):40.765	
O1):-0.711	O2):33.736	
O1):-0.777	O2):40.96	
O1):-0.671	O2):30.094	
O1):-0.777	O2):39.457	
O1):-0.792	O2):40.553	
O1):-0.777	O2):40.179	
O1):-0.773	O2):39.176	
O1):-0.766	O2):38.799	
O1):-0.802	O2):44.927	
O1):-0.777	O2):40.174	
O1):-0.731	O2):35.117	
O1):-0.765	O2):38.613	
O1):-0.716	O2):33.603	
O1):-0.767	O2):43.614	
O1):-0.792	O2):40.551	
O1):-0.703	O2):33.23	
O1):-0.686	O2):32.931	
O1):-0.793	O2):40.885	
O1):-0.715	O2):34.536	
O1):-0.796	O2):44.307	
O1):-0.738	O2):37.98	
O1):-0.736	O2):35.461	
O1):-0.791	O2):40.513	
O1):-0.772	O2):38.831	
O1):-0.801	O2):45.426	
O1):-0.802	O2):44.851	
O1):-0.805	O2):45.402	
O1):-0.751	O2):40.248	
O1):-0.825	O2):46.346	
O1):-0.725	O2):33.938	
O1):-0.781	O2):40.832	
O1):-0.666	O2):29.593	
O1):-0.751	O2):40.637	
O1):-0.798	O2):44.371	
O1):-0.8	O2):44.785	
O1):-0.781	O2):44.39	
O1):-0.729	O2):35.186	
O1):-0.764	O2):38.374	
O1):-0.747	O2):35.43	
O1):-0.815	O2):45.611	
O1):-0.743	O2):36.183	
O1):-0.733	O2):35.713	
O1):-0.767	O2):40.004	
O1):-0.811	O2):46.334	
O1):-0.696	O2):35.095	
O1):-0.742	O2):35.233	
O1):-0.817	O2):45.69	
O1):-0.791	O2):40.491	
O1):-0.746	O2):37.939	
O1):-0.729	O2):35.123	
O1):-0.781	O2):41.183	
O1):-0.794	O2):41.212	
O1):-0.738	O2):37.98	
O1):-0.687	O2):30.911	
O1):-0.732	O2):35.365	
O1):-0.713	O2):34.186	
O1):-0.808	O2):45.285	
O1):-0.804	O2):45.28	
O1):-0.833	O2):50.232	
Starting PrismExecutor worker 2 on port 15072
Connected worker 2 to port 15072
O1):-0.689	O2):33.901	
O1):-0.794	O2):41.212	
O1):-0.766	O2):38.799	
O1):-0.736	O2):35.461	
O1):-0.774	O2):40.514	
O1):-0.792	O2):40.624	
O1):-0.837	O2):51.064	
O1):-0.692	O2):31.159	
O1):-0.756	O2):40.729	
O1):-0.701	O2):35.443	
O1):-0.742	O2):34.751	
O1):-0.75	O2):36.737	
O1):-0.726	O2):34.294	
O1):-0.735	O2):35.833	
O1):-0.726	O2):34.29	
O1):-0.822	O2):48.745	
O1):-0.768	O2):38.484	
O1):-0.674	O2):29.652	
O1):-0.816	O2):45.759	
O1):-0.773	O2):39.014	
O1):-0.795	O2):43.546	
O1):-0.734	O2):34.919	
O1):-0.799	O2):43.741	
O1):-0.786	O2):41.108	
O1):-0.797	O2):44.526	
O1):-0.772	O2):38.831	
O1):-0.756	O2):38.679	
O1):-0.773	O2):39.168	
O1):-0.822	O2):48.745	
O1):-0.776	O2):39.757	
O1):-0.793	O2):40.827	
O1):-0.818	O2):45.662	
O1):-0.774	O2):39.116	
O1):-0.802	O2):44.89	
O1):-0.796	O2):43.289	
O1):-0.79	O2):43.637	
O1):-0.795	O2):44.323	
O1):-0.802	O2):45.111	
O1):-0.777	O2):39.58	
O1):-0.783	O2):40.696	
O1):-0.772	O2):38.83	
O1):-0.772	O2):38.831	
O1):-0.821	O2):50.942	
O1):-0.803	O2):45.017	
O1):-0.846	O2):50.639	
O1):-0.74	O2):35.811	
O1):-0.792	O2):43.773	
O1):-0.823	O2):49.804	
O1):-0.808	O2):45.407	
O1):-0.747	O2):35.384	
O1):-0.771	O2):40.295	
O1):-0.748	O2):37.865	
O1):-0.763	O2):38.482	
O1):-0.664	O2):30.368	
O1):-0.765	O2):39.043	
O1):-0.743	O2):36.173	
O1):-0.852	O2):55.538	
O1):-0.797	O2):43.74	
O1):-0.731	O2):34.728	
O1):-0.749	O2):35.469	
O1):-0.814	O2):44.98	
O1):-0.823	O2):46.269	
O1):-0.777	O2):39.763	
O1):-0.736	O2):35.187	
O1):-0.772	O2):38.768	
O1):-0.848	O2):50.903	
O1):-0.793	O2):44.067	
O1):-0.795	O2):43.787	
O1):-0.826	O2):49.926	
O1):-0.793	O2):40.775	
O1):-0.715	O2):34.536	
O1):-0.708	O2):34.759	
O1):-0.795	O2):44.323	
O1):-0.806	O2):45.463	
O1):-0.709	O2):33.611	
O1):-0.792	O2):41.047	
O1):-0.701	O2):34.051	
O1):-0.752	O2):39.175	
O1):-0.773	O2):39.078	
O1):-0.762	O2):38.551	
O1):-0.791	O2):40.812	
O1):-0.804	O2):45.28	
O1):-0.775	O2):39.394	
O1):-0.716	O2):35.355	
O1):-0.729	O2):34.527	
O1):-0.797	O2):43.675	
O1):-0.726	O2):34.979	
O1):-0.784	O2):40.692	
O1):-0.763	O2):38.39	
O1):-0.727	O2):34.913	
O1):-0.801	O2):44.168	
O1):-0.712	O2):34.569	
O1):-0.757	O2):36.371	
O1):-0.802	O2):45.228	
O1):-0.742	O2):35.758	
O1):-0.77	O2):38.776	
O1):-0.717	O2):34.707	
O1):-0.772	O2):39.154	
O1):-0.761	O2):38.543	
O1):-0.774	O2):39.116	
O1):-0.773	O2):39.589	
O1):-0.796	O2):41.335	
O1):-0.808	O2):45.407	
O1):-0.751	O2):40.341	
O1):-0.795	O2):44.312	
O1):-0.74	O2):35.811	
O1):-0.715	O2):34.536	
O1):-0.79	O2):40.339	
O1):-0.763	O2):36.627	
Evaluations:	1300
O1):-0.739	O2):38.177	
O1):-0.819	O2):45.574	
O1):-0.814	O2):44.98	
O1):-0.775	O2):39.65	
O1):-0.673	O2):29.635	
O1):-0.739	O2):35.512	
Evaluations:	1100
O1):-0.801	O2):45.092	
O1):-0.745	O2):35.768	
O1):-0.727	O2):34.868	
O1):-0.808	O2):45.378	
O1):-0.727	O2):34.306	
O1):-0.804	O2):44.997	
O1):-0.724	O2):33.902	
O1):-0.738	O2):35.467	
O1):-0.736	O2):35.215	
O1):-0.795	O2):44.668	
O1):-0.763	O2):38.524	
O1):-0.85	O2):55.351	
O1):-0.715	O2):34.536	
O1):-0.755	O2):38.354	
O1):-0.794	O2):41.212	
O1):-0.786	O2):41.112	
O1):-0.801	O2):45.092	
O1):-0.772	O2):39.176	
O1):-0.73	O2):35.47	
O1):-0.689	O2):33.901	
O1):-0.686	O2):32.931	
O1):-0.751	O2):39.726	
O1):-0.825	O2):46.198	
O1):-0.724	O2):34.41	
O1):-0.853	O2):51.473	
O1):-0.804	O2):45.28	
O1):-0.788	O2):43.352	
O1):-0.729	O2):34.528	
O1):-0.773	O2):38.915	
O1):-0.779	O2):40.525	
O1):-0.706	O2):33.434	
O1):-0.649	O2):29.31	
O1):-0.774	O2):39.116	
O1):-0.694	O2):33.643	
O1):-0.719	O2):34.085	
O1):-0.724	O2):34.101	
O1):-0.781	O2):40.832	
O1):-0.775	O2):39.65	
O1):-0.822	O2):46.043	
O1):-0.821	O2):46.806	
O1):-0.717	O2):33.565	
O1):-0.735	O2):35.832	
O1):-0.726	O2):34.792	
O1):-0.82	O2):46.057	
O1):-0.711	O2):33.736	
O1):-0.775	O2):39.408	
O1):-0.758	O2):43.447	
O1):-0.771	O2):38.911	
O1):-0.768	O2):39.325	
O1):-0.768	O2):39.325	
O1):-0.764	O2):38.547	
O1):-0.803	O2):45.15	
O1):-0.743	O2):34.792	
O1):-0.729	O2):34.765	
O1):-0.836	O2):50.687	
O1):-0.804	O2):50.084	
O1):-0.77	O2):38.514	
O1):-0.725	O2):34.103	
O1):-0.726	O2):34.979	
O1):-0.785	O2):40.797	
O1):-0.739	O2):35.512	
O1):-0.683	O2):30.401	
O1):-0.799	O2):44.253	
O1):-0.799	O2):43.898	
O1):-0.715	O2):34.536	
O1):-0.774	O2):40.721	
O1):-0.822	O2):49.565	
O1):-0.731	O2):34.728	
O1):-0.769	O2):39.287	
O1):-0.716	O2):34.679	
O1):-0.682	O2):33.153	
Starting PrismExecutor worker 0 on port 15070
O1):-0.715	O2):33.716	
Connected worker 0 to port 15070
O1):-0.772	O2):38.831	
O1):-0.783	O2):40.109	
O1):-0.773	O2):39.372	
O1):-0.725	O2):34.103	
O1):-0.793	O2):45.373	
O1):-0.795	O2):44.323	
O1):-0.736	O2):36.416	
O1):-0.829	O2):49.889	
O1):-0.765	O2):37.524	
O1):-0.832	O2):50.22	
O1):-0.848	O2):51.071	
O1):-0.729	O2):34.528	
O1):-0.796	O2):44.307	
Evaluations:	1300
O1):-0.804	O2):45.28	
O1):-0.727	O2):34.906	
O1):-0.721	O2):34.472	
O1):-0.828	O2):49.835	
O1):-0.736	O2):36.416	
O1):-0.711	O2):33.736	
O1):-0.773	O2):39.014	
O1):-0.715	O2):33.677	
O1):-0.806	O2):45.563	
O1):-0.729	O2):34.765	
O1):-0.795	O2):43.142	
O1):-0.688	O2):31.228	
O1):-0.791	O2):43.556	
O1):-0.701	O2):34.538	
O1):-0.811	O2):46.334	
O1):-0.707	O2):33.647	
O1):-0.762	O2):38.346	
O1):-0.776	O2):40.024	
O1):-0.805	O2):45.402	
O1):-0.682	O2):30.988	
O1):-0.854	O2):59.622	
O1):-0.749	O2):38.888	
O1):-0.741	O2):35.918	
O1):-0.837	O2):50.09	
O1):-0.793	O2):43.262	
O1):-0.799	O2):43.898	
O1):-0.797	O2):41.83	
O1):-0.808	O2):45.285	
O1):-0.812	O2):46.274	
O1):-0.725	O2):33.938	
O1):-0.743	O2):34.792	
O1):-0.747	O2):36.02	
O1):-0.637	O2):29.111	
O1):-0.775	O2):39.485	
O1):-0.717	O2):34.707	
O1):-0.812	O2):46.274	
O1):-0.799	O2):43.898	
O1):-0.768	O2):40.723	
O1):-0.808	O2):45.285	
O1):-0.686	O2):32.931	
O1):-0.748	O2):36.269	
O1):-0.825	O2):45.937	
O1):-0.795	O2):44.323	
O1):-0.685	O2):33.659	
O1):-0.78	O2):41.114	
O1):-0.849	O2):54.965	
O1):-0.717	O2):33.688	
O1):-0.722	O2):33.697	
O1):-0.777	O2):40.814	
O1):-0.717	O2):33.565	
O1):-0.732	O2):35.388	
O1):-0.749	O2):37.943	
O1):-0.819	O2):46.008	
O1):-0.791	O2):40.513	
O1):-0.819	O2):50.057	
O1):-0.777	O2):40.224	
O1):-0.711	O2):33.737	
O1):-0.768	O2):38.484	
O1):-0.827	O2):46.538	
O1):-0.775	O2):39.65	
O1):-0.671	O2):30.094	
O1):-0.761	O2):38.544	
O1):-0.742	O2):40.089	
O1):-0.797	O2):43.714	
O1):-0.726	O2):34.29	
O1):-0.715	O2):34.535	
O1):-0.788	O2):43.252	
O1):-0.759	O2):38.694	
O1):-0.738	O2):35.369	
O1):-0.761	O2):40.454	
O1):-0.771	O2):38.904	
O1):-0.783	O2):40.696	
O1):-0.804	O2):44.997	
O1):-0.797	O2):43.688	
O1):-0.744	O2):36.38	
O1):-0.817	O2):46.352	
O1):-0.759	O2):41.837	
O1):-0.796	O2):43.907	
O1):-0.769	O2):38.673	
O1):-0.772	O2):39.049	
O1):-0.827	O2):46.538	
O1):-0.825	O2):46.021	
O1):-0.836	O2):51.281	
O1):-0.715	O2):34.536	
O1):-0.828	O2):50.439	
O1):-0.836	O2):50.687	
O1):-0.747	O2):36.106	
O1):-0.749	O2):38.131	
O1):-0.838	O2):51.327	
O1):-0.721	O2):35.002	
O1):-0.838	O2):51.327	
O1):-0.77	O2):38.537	
O1):-0.752	O2):38.25	
O1):-0.772	O2):40.473	
O1):-0.765	O2):39.017	
O1):-0.735	O2):36.005	
O1):-0.703	O2):34.589	
O1):-0.684	O2):32.882	
O1):-0.784	O2):40.692	
O1):-0.742	O2):35.163	
O1):-0.725	O2):33.938	
O1):-0.724	O2):39.78	
O1):-0.729	O2):35.186	
O1):-0.747	O2):36.514	
O1):-0.717	O2):33.944	
O1):-0.792	O2):40.568	
O1):-0.793	O2):44.067	
O1):-0.799	O2):44.803	
O1):-0.823	O2):46.269	
O1):-0.796	O2):43.27	
O1):-0.729	O2):34.637	
O1):-0.773	O2):39.022	
O1):-0.715	O2):34.536	
O1):-0.832	O2):50.22	
O1):-0.767	O2):38.641	
O1):-0.763	O2):36.627	
O1):-0.743	O2):34.792	
O1):-0.799	O2):44.741	
O1):-0.707	O2):33.648	
O1):-0.805	O2):45.62	
O1):-0.851	O2):55.35	
O1):-0.815	O2):45.51	
Evaluations:	1200
O1):-0.797	O2):44.526	
O1):-0.738	O2):35.369	
O1):-0.777	O2):40.041	
O1):-0.71	O2):33.369	
O1):-0.715	O2):34.536	
O1):-0.683	O2):33.059	
O1):-0.811	O2):46.334	
O1):-0.809	O2):45.846	
O1):-0.671	O2):30.094	
O1):-0.716	O2):34.69	
O1):-0.803	O2):45.13	
O1):-0.816	O2):45.309	
Evaluations:	1400
O1):-0.715	O2):34.536	
O1):-0.823	O2):49.804	
O1):-0.726	O2):34.29	
O1):-0.758	O2):41.059	
O1):-0.733	O2):35.093	
O1):-0.829	O2):47.176	
O1):-0.797	O2):43.688	
O1):-0.807	O2):45.671	
O1):-0.829	O2):50.822	
O1):-0.836	O2):51.281	
O1):-0.772	O2):38.755	
O1):-0.715	O2):34.536	
O1):-0.813	O2):45.141	
O1):-0.777	O2):40.48	
O1):-0.743	O2):36.182	
O1):-0.807	O2):45.671	
O1):-0.713	O2):34.244	
O1):-0.792	O2):41.047	
O1):-0.808	O2):45.407	
O1):-0.761	O2):41.046	
O1):-0.822	O2):46.054	
O1):-0.823	O2):46.269	
O1):-0.769	O2):44.911	
O1):-0.763	O2):38.482	
O1):-0.797	O2):41.83	
O1):-0.735	O2):35.833	
O1):-0.767	O2):43.615	
O1):-0.821	O2):45.569	
O1):-0.674	O2):29.652	
O1):-0.779	O2):40.402	
O1):-0.726	O2):34.979	
O1):-0.779	O2):39.747	
O1):-0.849	O2):50.88	
O1):-0.769	O2):38.761	
O1):-0.685	O2):31.072	
O1):-0.769	O2):38.673	
O1):-0.717	O2):33.565	
O1):-0.802	O2):45.119	
O1):-0.671	O2):30.094	
Starting PrismExecutor worker 3 on port 15073
O1):-0.827	O2):46.538	
O1):-0.723	O2):33.741	
Connected worker 3 to port 15073
O1):-0.792	O2):40.641	
O1):-0.714	O2):33.448	
O1):-0.733	O2):34.801	
O1):-0.775	O2):39.408	
O1):-0.684	O2):30.906	
O1):-0.747	O2):36.02	
O1):-0.707	O2):33.647	
O1):-0.729	O2):34.678	
O1):-0.711	O2):33.736	
O1):-0.777	O2):39.475	
O1):-0.684	O2):30.906	
O1):-0.778	O2):39.885	
O1):-0.754	O2):38.493	
O1):-0.73	O2):35.118	
O1):-0.758	O2):38.984	
O1):-0.724	O2):33.902	
O1):-0.748	O2):36.269	
O1):-0.736	O2):36.416	
O1):-0.716	O2):33.603	
O1):-0.744	O2):35.111	
O1):-0.715	O2):34.536	
O1):-0.713	O2):33.895	
O1):-0.68	O2):30.312	
O1):-0.752	O2):37.296	
O1):-0.724	O2):33.896	
O1):-0.78	O2):40.711	
O1):-0.825	O2):50.086	
O1):-0.811	O2):46.334	
O1):-0.707	O2):33.251	
O1):-0.738	O2):35.024	
O1):-0.822	O2):46.054	
O1):-0.711	O2):33.378	
O1):-0.819	O2):45.685	
O1):-0.834	O2):50.342	
O1):-0.766	O2):39.82	
O1):-0.776	O2):39.757	
O1):-0.811	O2):46.335	
O1):-0.819	O2):50.057	
O1):-0.851	O2):55.224	
O1):-0.795	O2):41.15	
O1):-0.799	O2):44.252	
O1):-0.715	O2):34.536	
O1):-0.69	O2):31.3	
O1):-0.794	O2):40.874	
O1):-0.848	O2):50.44	
O1):-0.717	O2):33.944	
O1):-0.776	O2):44.164	
O1):-0.736	O2):36.416	
O1):-0.755	O2):40.371	
O1):-0.776	O2):39.757	
O1):-0.836	O2):50.002	
O1):-0.795	O2):43.14	
O1):-0.774	O2):39.097	
O1):-0.822	O2):52.846	
O1):-0.794	O2):41.212	
O1):-0.774	O2):44.254	
O1):-0.775	O2):39.34	
O1):-0.798	O2):43.69	
O1):-0.683	O2):33.051	
O1):-0.769	O2):38.673	
O1):-0.71	O2):33.369	
O1):-0.804	O2):45.271	
O1):-0.774	O2):39.052	
O1):-0.749	O2):35.472	
O1):-0.775	O2):40.112	
O1):-0.768	O2):41.056	
O1):-0.726	O2):34.29	
O1):-0.773	O2):39.06	
O1):-0.774	O2):39.116	
O1):-0.826	O2):49.35	
O1):-0.772	O2):38.804	
O1):-0.833	O2):50.231	
O1):-0.755	O2):40.447	
Evaluations:	1200
O1):-0.75	O2):36.737	
O1):-0.729	O2):35.187	
O1):-0.766	O2):38.799	
O1):-0.765	O2):38.766	
O1):-0.826	O2):49.926	
O1):-0.818	O2):46.342	
O1):-0.84	O2):50.72	
O1):-0.868	O2):55.933	
O1):-0.75	O2):40.41	
O1):-0.764	O2):38.5	
O1):-0.816	O2):45.275	
O1):-0.794	O2):40.873	
O1):-0.794	O2):41.502	
O1):-0.803	O2):44.973	
O1):-0.725	O2):33.938	
O1):-0.772	O2):38.768	
O1):-0.771	O2):38.637	
O1):-0.783	O2):40.108	
O1):-0.747	O2):35.43	
O1):-0.748	O2):39.387	
O1):-0.802	O2):44.274	
O1):-0.741	O2):34.561	
O1):-0.692	O2):31.159	
O1):-0.821	O2):45.57	
O1):-0.715	O2):34.535	
O1):-0.825	O2):46.198	
O1):-0.767	O2):38.965	
O1):-0.736	O2):35.461	
O1):-0.797	O2):41.97	
O1):-0.824	O2):50.062	
O1):-0.735	O2):34.925	
O1):-0.746	O2):35.975	
O1):-0.822	O2):45.676	
O1):-0.71	O2):33.369	
O1):-0.804	O2):45.297	
O1):-0.685	O2):31.072	
O1):-0.788	O2):40.703	
O1):-0.824	O2):50.062	
O1):-0.755	O2):39.709	
O1):-0.736	O2):36.416	
O1):-0.736	O2):36.416	
O1):-0.729	O2):35.077	
O1):-0.657	O2):29.402	
O1):-0.729	O2):35.069	
O1):-0.764	O2):38.654	
O1):-0.808	O2):45.285	
O1):-0.763	O2):38.39	
O1):-0.651	O2):29.981	
O1):-0.692	O2):31.159	
O1):-0.773	O2):39.055	
O1):-0.821	O2):46.806	
O1):-0.769	O2):39.287	
O1):-0.774	O2):39.116	
O1):-0.712	O2):34.569	
O1):-0.783	O2):40.052	
O1):-0.777	O2):39.763	
O1):-0.703	O2):33.389	
O1):-0.846	O2):50.639	
O1):-0.794	O2):41.529	
O1):-0.771	O2):38.7	
O1):-0.739	O2):35.365	
O1):-0.796	O2):43.288	
O1):-0.729	O2):34.637	
O1):-0.801	O2):45.092	
O1):-0.727	O2):34.411	
O1):-0.707	O2):33.251	
O1):-0.709	O2):34.252	
O1):-0.716	O2):33.608	
O1):-0.791	O2):40.674	
O1):-0.764	O2):38.832	
O1):-0.783	O2):40.108	
O1):-0.806	O2):45.983	
O1):-0.808	O2):45.839	
O1):-0.732	O2):35.388	
O1):-0.766	O2):38.799	
O1):-0.713	O2):33.927	
O1):-0.797	O2):41.97	
O1):-0.685	O2):31.072	
O1):-0.711	O2):33.849	
O1):-0.734	O2):35.92	
O1):-0.715	O2):34.536	
O1):-0.793	O2):40.775	
O1):-0.791	O2):40.513	
O1):-0.755	O2):38.323	
O1):-0.737	O2):35.465	
O1):-0.824	O2):46.154	
O1):-0.824	O2):46.116	
O1):-0.793	O2):44.168	
O1):-0.763	O2):38.482	
O1):-0.813	O2):45.288	
O1):-0.792	O2):40.553	
O1):-0.781	O2):45.106	
O1):-0.73	O2):34.828	
O1):-0.766	O2):39.014	
O1):-0.808	O2):45.407	
O1):-0.779	O2):40.581	
O1):-0.771	O2):38.636	
O1):-0.766	O2):38.366	
O1):-0.716	O2):33.603	
O1):-0.742	O2):35.758	
O1):-0.802	O2):44.851	
O1):-0.818	O2):45.662	
O1):-0.797	O2):41.97	
O1):-0.778	O2):41.495	
O1):-0.837	O2):50.09	
O1):-0.715	O2):34.525	
O1):-0.786	O2):40.968	
O1):-0.769	O2):39.344	
O1):-0.764	O2):38.597	
O1):-0.694	O2):33.643	
O1):-0.653	O2):29.117	
O1):-0.779	O2):41.48	
O1):-0.751	O2):40.341	
O1):-0.774	O2):39.11	
O1):-0.748	O2):36.269	
O1):-0.776	O2):39.757	
O1):-0.796	O2):43.288	
O1):-0.806	O2):48.563	
O1):-0.723	O2):34.089	
O1):-0.772	O2):38.831	
O1):-0.763	O2):38.708	
Starting PrismExecutor worker 4 on port 15054
O1):-0.753	O2):39.21	
Connected worker 4 to port 15054
O1):-0.707	O2):33.251	
O1):-0.74	O2):35.113	
O1):-0.768	O2):39.217	
O1):-0.827	O2):46.233	
O1):-0.785	O2):40.512	
O1):-0.674	O2):29.652	
O1):-0.771	O2):38.726	
O1):-0.772	O2):38.768	
O1):-0.769	O2):40.472	
O1):-0.715	O2):34.536	
O1):-0.746	O2):35.412	
Evaluations:	1300
O1):-0.793	O2):40.775	
O1):-0.847	O2):50.903	
O1):-0.789	O2):44.064	
O1):-0.774	O2):39.216	
O1):-0.792	O2):40.551	
O1):-0.759	O2):40.94	
O1):-0.774	O2):41.235	
O1):-0.853	O2):56.296	
O1):-0.716	O2):33.547	
O1):-0.774	O2):39.097	
O1):-0.792	O2):40.551	
O1):-0.74	O2):35.811	
O1):-0.686	O2):32.931	
O1):-0.79	O2):40.339	
O1):-0.808	O2):45.755	
O1):-0.738	O2):35.024	
O1):-0.818	O2):45.662	
O1):-0.684	O2):30.906	
O1):-0.8	O2):45.81	
O1):-0.773	O2):38.915	
O1):-0.803	O2):44.973	
O1):-0.799	O2):43.687	
O1):-0.737	O2):34.905	
O1):-0.774	O2):39.081	
O1):-0.735	O2):38.779	
O1):-0.835	O2):50.666	
O1):-0.796	O2):43.902	
O1):-0.822	O2):46.043	
O1):-0.755	O2):40.252	
O1):-0.739	O2):35.561	
O1):-0.723	O2):33.863	
O1):-0.806	O2):48.567	
O1):-0.731	O2):40.677	
O1):-0.791	O2):40.509	
O1):-0.809	O2):46.111	
O1):-0.834	O2):50.342	
O1):-0.851	O2):55.354	
O1):-0.772	O2):38.83	
O1):-0.775	O2):39.65	
O1):-0.719	O2):35.563	
O1):-0.828	O2):49.835	
O1):-0.717	O2):35.532	
O1):-0.772	O2):39.067	
O1):-0.795	O2):44.317	
O1):-0.779	O2):40.419	
O1):-0.852	O2):55.538	
O1):-0.719	O2):35.636	
O1):-0.703	O2):33.357	
O1):-0.774	O2):40.251	
O1):-0.818	O2):45.573	
O1):-0.792	O2):43.337	
O1):-0.802	O2):45.111	
O1):-0.824	O2):46.044	
O1):-0.778	O2):40.403	
O1):-0.763	O2):38.548	
O1):-0.796	O2):42.192	
O1):-0.744	O2):35.111	
O1):-0.716	O2):33.547	
O1):-0.78	O2):40.923	
O1):-0.826	O2):49.926	
O1):-0.764	O2):41.456	
O1):-0.763	O2):38.482	
O1):-0.798	O2):44.372	
O1):-0.794	O2):40.874	
O1):-0.687	O2):31.355	
O1):-0.793	O2):40.775	
O1):-0.782	O2):43.71	
O1):-0.711	O2):33.849	
O1):-0.777	O2):40.41	
O1):-0.835	O2):50.666	
O1):-0.759	O2):39.127	
O1):-0.742	O2):35.233	
O1):-0.803	O2):45.017	
O1):-0.795	O2):44.317	
O1):-0.697	O2):34.114	
O1):-0.776	O2):40.288	
O1):-0.828	O2):46.612	
O1):-0.794	O2):41.375	
O1):-0.796	O2):44.318	
O1):-0.794	O2):41.212	
O1):-0.717	O2):33.565	
O1):-0.764	O2):40.467	
O1):-0.769	O2):39.287	
O1):-0.795	O2):43.236	
O1):-0.759	O2):39.798	
O1):-0.797	O2):41.97	
O1):-0.791	O2):40.513	
O1):-0.766	O2):39.167	
O1):-0.81	O2):48.764	
O1):-0.79	O2):40.3	
Evaluations:	1300
O1):-0.796	O2):45.939	
O1):-0.819	O2):46.008	
O1):-0.744	O2):39.013	
O1):-0.769	O2):38.673	
O1):-0.767	O2):38.374	
O1):-0.781	O2):42.105	
O1):-0.798	O2):44.298	
O1):-0.692	O2):31.159	
O1):-0.799	O2):43.687	
O1):-0.795	O2):41.188	
O1):-0.786	O2):40.935	
O1):-0.714	O2):34.454	
O1):-0.773	O2):39.168	
O1):-0.791	O2):40.854	
O1):-0.772	O2):38.804	
O1):-0.725	O2):34.104	
O1):-0.768	O2):38.484	
O1):-0.797	O2):44.634	
O1):-0.775	O2):39.255	
O1):-0.763	O2):36.627	
O1):-0.76	O2):44.632	
O1):-0.727	O2):34.411	
O1):-0.727	O2):34.936	
O1):-0.716	O2):33.696	
O1):-0.747	O2):36.02	
O1):-0.684	O2):33.217	
O1):-0.811	O2):46.334	
O1):-0.82	O2):46.056	
O1):-0.702	O2):33.174	
O1):-0.807	O2):45.671	
O1):-0.717	O2):33.565	
O1):-0.811	O2):46.334	
O1):-0.819	O2):50.236	
O1):-0.826	O2):46.495	
O1):-0.747	O2):39.254	
O1):-0.815	O2):45.611	
O1):-0.762	O2):38.551	
O1):-0.808	O2):45.888	
O1):-0.795	O2):43.067	
O1):-0.809	O2):46.105	
O1):-0.783	O2):40.108	
O1):-0.748	O2):36.269	
O1):-0.734	O2):35.2	
O1):-0.742	O2):35.758	
O1):-0.685	O2):31.072	
O1):-0.716	O2):34.55	
O1):-0.79	O2):40.582	
O1):-0.799	O2):44.252	
O1):-0.73	O2):34.715	
O1):-0.706	O2):33.748	
O1):-0.776	O2):39.493	
O1):-0.813	O2):46.324	
O1):-0.743	O2):40.662	
O1):-0.802	O2):44.851	
O1):-0.773	O2):39.014	
O1):-0.657	O2):29.389	
O1):-0.724	O2):34.719	
O1):-0.771	O2):38.736	
O1):-0.796	O2):43.271	
O1):-0.78	O2):40.631	
O1):-0.729	O2):34.527	
O1):-0.793	O2):40.775	
O1):-0.686	O2):31.339	
O1):-0.773	O2):39.037	
O1):-0.717	O2):33.565	
O1):-0.738	O2):37.98	
O1):-0.717	O2):33.944	
O1):-0.804	O2):45.297	
O1):-0.75	O2):36.737	
O1):-0.713	O2):33.855	
O1):-0.711	O2):33.849	
O1):-0.77	O2):38.514	
O1):-0.701	O2):34.051	
O1):-0.827	O2):46.538	
O1):-0.784	O2):40.692	
O1):-0.769	O2):39.287	
O1):-0.811	O2):46.334	
O1):-0.749	O2):37.603	
O1):-0.774	O2):39.11	
O1):-0.799	O2):44.524	
O1):-0.813	O2):45.288	
O1):-0.809	O2):46.226	
O1):-0.769	O2):38.673	
O1):-0.804	O2):45.28	
O1):-0.729	O2):34.528	
O1):-0.827	O2):46.298	
O1):-0.809	O2):46.11	
O1):-0.687	O2):31.165	
O1):-0.793	O2):40.811	
O1):-0.771	O2):38.736	
Starting PrismExecutor worker 1 on port 15001
O1):-0.774	O2):39.053	
Connected worker 1 to port 15001
O1):-0.738	O2):35.024	
O1):-0.772	O2):39.048	
O1):-0.649	O2):29.304	
O1):-0.711	O2):34.258	
O1):-0.773	O2):38.915	
O1):-0.807	O2):45.671	
O1):-0.739	O2):38.177	
O1):-0.79	O2):40.265	
O1):-0.795	O2):44.323	
O1):-0.724	O2):33.892	
O1):-0.712	O2):35.01	
O1):-0.804	O2):45.28	
O1):-0.792	O2):40.561	
O1):-0.827	O2):50.033	
O1):-0.77	O2):40.412	
O1):-0.773	O2):39.591	
O1):-0.745	O2):35.768	
O1):-0.749	O2):37.603	
O1):-0.689	O2):33.901	
O1):-0.782	O2):40.096	
O1):-0.764	O2):38.374	
O1):-0.779	O2):39.747	
O1):-0.775	O2):39.435	
O1):-0.811	O2):46.334	
O1):-0.807	O2):45.671	
O1):-0.75	O2):36.737	
O1):-0.801	O2):44.168	
O1):-0.708	O2):33.444	
O1):-0.666	O2):29.593	
O1):-0.811	O2):46.334	
O1):-0.773	O2):39.173	
O1):-0.772	O2):39.146	
O1):-0.711	O2):33.736	
O1):-0.85	O2):55.351	
O1):-0.841	O2):50.807	
O1):-0.761	O2):36.083	
O1):-0.851	O2):51.549	
O1):-0.816	O2):45.355	
O1):-0.806	O2):45.563	
O1):-0.772	O2):38.811	
O1):-0.713	O2):33.855	
O1):-0.811	O2):46.334	
O1):-0.716	O2):33.603	
O1):-0.711	O2):33.968	
O1):-0.747	O2):36.021	
O1):-0.762	O2):38.551	
O1):-0.811	O2):45.944	
O1):-0.744	O2):35.471	
O1):-0.767	O2):38.473	
O1):-0.805	O2):45.402	
O1):-0.812	O2):46.274	
O1):-0.808	O2):45.839	
O1):-0.77	O2):38.514	
O1):-0.758	O2):38.946	
O1):-0.849	O2):50.88	
O1):-0.692	O2):31.159	
O1):-0.765	O2):37.524	
O1):-0.734	O2):36.152	
O1):-0.726	O2):34.29	
O1):-0.733	O2):35.431	
O1):-0.772	O2):38.907	
O1):-0.752	O2):38.248	
O1):-0.779	O2):39.747	
O1):-0.79	O2):40.582	
O1):-0.705	O2):34.679	
O1):-0.802	O2):44.927	
O1):-0.847	O2):50.694	
O1):-0.745	O2):35.843	
O1):-0.766	O2):40.794	
O1):-0.798	O2):45.268	
O1):-0.733	O2):34.737	
O1):-0.75	O2):36.737	
O1):-0.814	O2):45.815	
O1):-0.724	O2):33.892	
O1):-0.637	O2):29.125	
O1):-0.727	O2):40.028	
O1):-0.772	O2):39.912	
O1):-0.672	O2):30.107	
O1):-0.802	O2):45.119	
O1):-0.747	O2):35.964	
O1):-0.785	O2):44.8	
O1):-0.839	O2):51.375	
O1):-0.724	O2):34.101	
O1):-0.671	O2):30.094	
O1):-0.747	O2):36.514	
O1):-0.749	O2):39.532	
O1):-0.792	O2):40.561	
O1):-0.726	O2):34.29	
O1):-0.778	O2):41.145	
O1):-0.803	O2):45.017	
O1):-0.792	O2):40.762	
O1):-0.729	O2):34.765	
O1):-0.764	O2):38.457	
O1):-0.683	O2):30.4	
O1):-0.764	O2):38.553	
O1):-0.847	O2):50.694	
O1):-0.762	O2):38.551	
O1):-0.724	O2):34.101	
O1):-0.726	O2):34.29	
O1):-0.76	O2):40.379	
O1):-0.714	O2):34.454	
O1):-0.809	O2):46.105	
O1):-0.755	O2):36.869	
O1):-0.707	O2):35.089	
O1):-0.731	O2):35.598	
O1):-0.805	O2):45.365	
O1):-0.797	O2):44.634	
O1):-0.775	O2):40.259	
Evaluations:	1200
O1):-0.653	O2):29.09	
O1):-0.805	O2):45.402	
O1):-0.769	O2):39.287	
O1):-0.706	O2):33.748	
O1):-0.717	O2):33.565	
Evaluations:	1400
O1):-0.764	O2):38.732	
O1):-0.75	O2):37.028	
O1):-0.711	O2):33.736	
O1):-0.714	O2):34.163	
O1):-0.75	O2):36.747	
O1):-0.816	O2):45.355	
O1):-0.807	O2):45.532	
O1):-0.795	O2):43.1	
O1):-0.797	O2):46.364	
O1):-0.73	O2):34.827	
O1):-0.818	O2):45.662	
O1):-0.773	O2):38.915	
O1):-0.801	O2):45.09	
O1):-0.783	O2):40.109	
O1):-0.821	O2):45.569	
O1):-0.772	O2):39.048	
O1):-0.711	O2):33.9	
O1):-0.847	O2):50.843	
O1):-0.794	O2):40.873	
O1):-0.84	O2):50.72	
O1):-0.757	O2):39.251	
O1):-0.82	O2):46.056	
O1):-0.79	O2):43.394	
O1):-0.808	O2):45.539	
O1):-0.802	O2):44.273	
O1):-0.791	O2):43.558	
O1):-0.792	O2):41.047	
O1):-0.816	O2):45.931	
O1):-0.739	O2):38.177	
O1):-0.765	O2):37.524	
O1):-0.797	O2):44.526	
O1):-0.82	O2):46.056	
O1):-0.702	O2):33.174	
O1):-0.846	O2):50.639	
O1):-0.656	O2):30.187	
O1):-0.716	O2):34.55	
O1):-0.701	O2):34.051	
O1):-0.772	O2):39.957	
O1):-0.793	O2):40.775	
O1):-0.748	O2):36.269	
O1):-0.769	O2):38.762	
O1):-0.711	O2):33.9	
O1):-0.702	O2):33.174	
O1):-0.775	O2):39.408	
O1):-0.77	O2):38.734	
O1):-0.702	O2):34.508	
O1):-0.802	O2):44.851	
O1):-0.732	O2):34.821	
O1):-0.748	O2):39.377	
O1):-0.765	O2):40.415	
O1):-0.69	O2):31.299	
O1):-0.724	O2):34.411	
O1):-0.685	O2):31.072	
O1):-0.667	O2):30.376	
O1):-0.761	O2):38.543	
O1):-0.766	O2):40.792	
O1):-0.714	O2):34.454	
O1):-0.854	O2):59.622	
O1):-0.769	O2):39.287	
O1):-0.773	O2):39.03	
O1):-0.836	O2):51.281	
O1):-0.694	O2):33.643	
O1):-0.821	O2):45.569	
O1):-0.674	O2):29.652	
O1):-0.637	O2):29.122	
O1):-0.815	O2):45.611	
O1):-0.714	O2):33.449	
O1):-0.694	O2):33.643	
O1):-0.802	O2):44.274	
O1):-0.766	O2):40.736	
O1):-0.724	O2):39.681	
O1):-0.763	O2):38.482	
O1):-0.766	O2):38.771	
O1):-0.793	O2):41.226	
O1):-0.752	O2):37.891	
O1):-0.711	O2):33.849	
O1):-0.715	O2):33.716	
O1):-0.736	O2):35.461	
O1):-0.717	O2):33.944	
Starting PrismExecutor worker 4 on port 15064
O1):-0.839	O2):51.375	
Connected worker 4 to port 15064
O1):-0.743	O2):36.173	
O1):-0.714	O2):34.454	
O1):-0.772	O2):38.907	
O1):-0.729	O2):34.637	
O1):-0.823	O2):46.269	
O1):-0.795	O2):44.312	
O1):-0.744	O2):35.471	
O1):-0.797	O2):43.74	
O1):-0.725	O2):33.938	
O1):-0.8	O2):44.019	
O1):-0.848	O2):50.44	
O1):-0.684	O2):31.115	
O1):-0.815	O2):45.611	
O1):-0.814	O2):45.277	
O1):-0.724	O2):33.892	
O1):-0.802	O2):45.141	
O1):-0.803	O2):45.017	
O1):-0.847	O2):50.725	
O1):-0.775	O2):39.367	
O1):-0.665	O2):30.232	
O1):-0.774	O2):39.11	
O1):-0.637	O2):29.111	
O1):-0.711	O2):33.736	
O1):-0.713	O2):33.895	
O1):-0.824	O2):50.062	
O1):-0.727	O2):34.868	
O1):-0.744	O2):35.471	
O1):-0.794	O2):40.885	
O1):-0.776	O2):40.288	
O1):-0.811	O2):46.334	
O1):-0.686	O2):31.34	
O1):-0.771	O2):40.503	
O1):-0.8	O2):44.785	
O1):-0.847	O2):50.844	
O1):-0.758	O2):40.535	
O1):-0.819	O2):46.008	
O1):-0.796	O2):41.335	
O1):-0.77	O2):38.734	
O1):-0.727	O2):34.306	
O1):-0.825	O2):50.086	
O1):-0.837	O2):50.09	
O1):-0.727	O2):34.868	
O1):-0.74	O2):35.811	
O1):-0.724	O2):33.892	
O1):-0.806	O2):45.463	
O1):-0.796	O2):43.27	
O1):-0.773	O2):45.267	
O1):-0.793	O2):46.472	
O1):-0.814	O2):48.359	
O1):-0.694	O2):33.167	
O1):-0.749	O2):39.484	
O1):-0.686	O2):30.152	
O1):-0.797	O2):43.634	
O1):-0.829	O2):50.2	
O1):-0.822	O2):45.676	
O1):-0.736	O2):36.416	
O1):-0.758	O2):40.117	
O1):-0.795	O2):43.14	
O1):-0.767	O2):38.476	
O1):-0.711	O2):33.736	
O1):-0.8	O2):43.943	
O1):-0.849	O2):51.039	
O1):-0.701	O2):35.443	
O1):-0.764	O2):40.929	
O1):-0.725	O2):34.104	
O1):-0.744	O2):35.471	
O1):-0.724	O2):34.101	
O1):-0.701	O2):34.051	
O1):-0.822	O2):45.677	
O1):-0.773	O2):40.197	
O1):-0.664	O2):30.368	
O1):-0.794	O2):41.212	
O1):-0.77	O2):38.514	
O1):-0.777	O2):39.451	
O1):-0.78	O2):40.962	
O1):-0.795	O2):44.323	
O1):-0.765	O2):37.523	
O1):-0.804	O2):45.28	
O1):-0.709	O2):33.523	
O1):-0.687	O2):30.911	
O1):-0.729	O2):34.457	
O1):-0.742	O2):36.272	
O1):-0.686	O2):32.931	
O1):-0.772	O2):39.154	
O1):-0.737	O2):34.936	
O1):-0.738	O2):35.024	
O1):-0.687	O2):30.911	
O1):-0.734	O2):35.014	
O1):-0.802	O2):45.11	
O1):-0.819	O2):45.574	
O1):-0.763	O2):38.376	
O1):-0.74	O2):35.812	
O1):-0.768	O2):40.097	
O1):-0.797	O2):44.634	
O1):-0.745	O2):37.85	
O1):-0.713	O2):33.895	
O1):-0.732	O2):35.24	
O1):-0.702	O2):34.509	
O1):-0.715	O2):34.686	
O1):-0.728	O2):34.461	
O1):-0.727	O2):34.868	
O1):-0.772	O2):38.768	
O1):-0.763	O2):38.39	
O1):-0.79	O2):40.265	
O1):-0.748	O2):38.314	
O1):-0.764	O2):38.374	
O1):-0.764	O2):38.374	
O1):-0.792	O2):40.553	
O1):-0.836	O2):50.687	
O1):-0.772	O2):39.048	
O1):-0.706	O2):33.434	
O1):-0.69	O2):31.3	
O1):-0.793	O2):40.827	
O1):-0.69	O2):31.3	
O1):-0.657	O2):29.402	
O1):-0.825	O2):50.086	
O1):-0.774	O2):39.057	
O1):-0.778	O2):40.226	
O1):-0.815	O2):45.611	
O1):-0.796	O2):43.237	
O1):-0.849	O2):50.538	
O1):-0.795	O2):44.323	
O1):-0.776	O2):39.757	
O1):-0.79	O2):40.339	
O1):-0.836	O2):51.281	
O1):-0.822	O2):45.676	
O1):-0.754	O2):38.493	
Evaluations:	1400
O1):-0.778	O2):40.226	
O1):-0.779	O2):40.53	
O1):-0.738	O2):37.98	
O1):-0.77	O2):38.776	
O1):-0.799	O2):43.898	
O1):-0.819	O2):45.574	
O1):-0.804	O2):45.28	
O1):-0.773	O2):39.022	
O1):-0.721	O2):33.501	
O1):-0.729	O2):35.069	
O1):-0.826	O2):46.402	
O1):-0.774	O2):39.057	
O1):-0.79	O2):40.582	
O1):-0.797	O2):44.833	
O1):-0.783	O2):40.052	
O1):-0.773	O2):39.078	
O1):-0.791	O2):40.447	
O1):-0.699	O2):35.234	
O1):-0.738	O2):37.98	
O1):-0.778	O2):40.403	
Evaluations:	1400
O1):-0.717	O2):33.565	
O1):-0.798	O2):43.69	
O1):-0.775	O2):39.34	
O1):-0.738	O2):35.064	
O1):-0.711	O2):33.849	
O1):-0.797	O2):44.634	
O1):-0.702	O2):33.258	
O1):-0.815	O2):45.611	
O1):-0.827	O2):51.13	
O1):-0.811	O2):46.334	
O1):-0.739	O2):35.512	
O1):-0.796	O2):44.911	
O1):-0.799	O2):44.253	
O1):-0.796	O2):41.167	
O1):-0.79	O2):40.265	
O1):-0.771	O2):38.792	
O1):-0.729	O2):35.124	
O1):-0.796	O2):41.167	
O1):-0.796	O2):41.167	
O1):-0.796	O2):41.167	
O1):-0.784	O2):40.692	
O1):-0.73	O2):34.912	
O1):-0.772	O2):39.048	
O1):-0.802	O2):44.905	
O1):-0.792	O2):40.553	
O1):-0.733	O2):35.55	
O1):-0.805	O2):45.365	
O1):-0.796	O2):42.192	
O1):-0.713	O2):34.2	
O1):-0.812	O2):46.274	
O1):-0.769	O2):38.761	
O1):-0.805	O2):45.365	
O1):-0.742	O2):35.758	
O1):-0.726	O2):34.751	
O1):-0.669	O2):29.05	
O1):-0.818	O2):45.562	
O1):-0.724	O2):34.101	
O1):-0.731	O2):35.117	
O1):-0.711	O2):33.834	
O1):-0.794	O2):41.375	
O1):-0.712	O2):34.569	
O1):-0.785	O2):40.868	
O1):-0.773	O2):39.03	
O1):-0.775	O2):39.65	
O1):-0.744	O2):36.38	
O1):-0.809	O2):45.472	
Starting PrismExecutor worker 5 on port 15055
Connected worker 5 to port 15055
O1):-0.829	O2):50.268	
O1):-0.735	O2):34.925	
O1):-0.797	O2):41.83	
O1):-0.797	O2):41.83	
O1):-0.749	O2):35.469	
O1):-0.791	O2):40.443	
O1):-0.808	O2):45.84	
O1):-0.775	O2):39.367	
O1):-0.683	O2):32.8	
O1):-0.729	O2):34.525	
O1):-0.731	O2):34.728	
O1):-0.744	O2):35.119	
O1):-0.813	O2):45.288	
O1):-0.671	O2):30.094	
O1):-0.671	O2):30.094	
O1):-0.819	O2):46.008	
O1):-0.688	O2):32.908	
O1):-0.729	O2):34.765	
O1):-0.657	O2):29.389	
O1):-0.716	O2):34.492	
O1):-0.713	O2):33.573	
O1):-0.763	O2):36.627	
O1):-0.683	O2):33.052	
O1):-0.769	O2):38.673	
O1):-0.791	O2):40.613	
O1):-0.767	O2):38.373	
O1):-0.808	O2):45.84	
O1):-0.791	O2):40.513	
O1):-0.784	O2):40.481	
O1):-0.822	O2):45.677	
O1):-0.819	O2):46.008	
O1):-0.724	O2):33.93	
O1):-0.824	O2):46.347	
O1):-0.868	O2):55.933	
O1):-0.715	O2):33.716	
O1):-0.802	O2):44.927	
O1):-0.778	O2):40.226	
O1):-0.766	O2):38.366	
O1):-0.722	O2):36.019	
O1):-0.761	O2):40.796	
O1):-0.829	O2):47.023	
O1):-0.797	O2):41.83	
O1):-0.823	O2):49.804	
O1):-0.73	O2):34.715	
O1):-0.744	O2):35.471	
O1):-0.775	O2):39.255	
O1):-0.798	O2):43.879	
O1):-0.775	O2):39.65	
O1):-0.809	O2):46.11	
O1):-0.732	O2):35.388	
O1):-0.755	O2):39.462	
O1):-0.747	O2):36.514	
O1):-0.772	O2):38.948	
O1):-0.771	O2):38.736	
O1):-0.79	O2):40.582	
O1):-0.739	O2):35.512	
O1):-0.664	O2):30.369	
O1):-0.763	O2):38.39	
O1):-0.827	O2):46.298	
O1):-0.765	O2):37.524	
O1):-0.824	O2):50.062	
O1):-0.746	O2):35.975	
O1):-0.824	O2):46.044	
O1):-0.683	O2):32.801	
O1):-0.747	O2):36.514	
O1):-0.816	O2):45.275	
Evaluations:	1500
O1):-0.795	O2):43.14	
O1):-0.769	O2):38.673	
O1):-0.733	O2):35.093	
O1):-0.773	O2):39.168	
O1):-0.8	O2):43.789	
O1):-0.671	O2):30.094	
O1):-0.778	O2):39.702	
O1):-0.725	O2):34.438	
O1):-0.773	O2):38.915	
O1):-0.764	O2):39.723	
O1):-0.762	O2):38.346	
O1):-0.802	O2):45.439	
O1):-0.79	O2):40.582	
O1):-0.671	O2):30.107	
O1):-0.706	O2):33.748	
O1):-0.779	O2):40.525	
O1):-0.657	O2):29.389	
O1):-0.772	O2):38.768	
O1):-0.796	O2):41.335	
O1):-0.824	O2):46.044	
O1):-0.774	O2):39.065	
O1):-0.688	O2):32.908	
O1):-0.77	O2):44.541	
O1):-0.807	O2):45.838	
O1):-0.744	O2):36.38	
O1):-0.689	O2):33.901	
O1):-0.822	O2):45.676	
O1):-0.774	O2):39.116	
O1):-0.795	O2):43.141	
O1):-0.849	O2):50.538	
O1):-0.744	O2):35.462	
O1):-0.742	O2):34.752	
O1):-0.771	O2):38.636	
O1):-0.747	O2):36.736	
O1):-0.776	O2):39.542	
O1):-0.725	O2):34.428	
O1):-0.674	O2):31.557	
O1):-0.773	O2):39.151	
O1):-0.801	O2):44.168	
O1):-0.748	O2):36.269	
O1):-0.711	O2):33.849	
O1):-0.711	O2):33.378	
O1):-0.846	O2):50.443	
O1):-0.749	O2):39.247	
O1):-0.752	O2):37.298	
O1):-0.81	O2):45.905	
O1):-0.691	O2):33.98	
O1):-0.793	O2):40.776	
O1):-0.745	O2):35.653	
O1):-0.722	O2):33.772	
O1):-0.801	O2):44.939	
O1):-0.671	O2):30.107	
O1):-0.766	O2):37.602	
O1):-0.806	O2):45.935	
O1):-0.784	O2):40.692	
O1):-0.791	O2):45.883	
O1):-0.671	O2):30.107	
O1):-0.783	O2):40.696	
O1):-0.848	O2):50.44	
O1):-0.674	O2):29.652	
O1):-0.763	O2):38.482	
O1):-0.809	O2):45.949	
O1):-0.706	O2):33.748	
O1):-0.733	O2):35.432	
O1):-0.775	O2):39.65	
O1):-0.793	O2):40.827	
O1):-0.854	O2):56.655	
O1):-0.805	O2):45.365	
O1):-0.747	O2):36.543	
O1):-0.826	O2):49.926	
O1):-0.664	O2):30.368	
O1):-0.742	O2):34.608	
O1):-0.773	O2):40.285	
O1):-0.749	O2):39.656	
O1):-0.794	O2):41.024	
O1):-0.837	O2):50.09	
O1):-0.795	O2):41.076	
O1):-0.743	O2):34.794	
O1):-0.687	O2):30.911	
O1):-0.723	O2):34.089	
O1):-0.761	O2):40.553	
O1):-0.727	O2):40.028	
O1):-0.774	O2):39.11	
O1):-0.702	O2):33.175	
O1):-0.777	O2):39.457	
O1):-0.779	O2):40.448	
O1):-0.792	O2):40.572	
O1):-0.792	O2):45.397	
O1):-0.807	O2):45.671	
O1):-0.797	O2):41.83	
O1):-0.683	O2):33.051	
O1):-0.793	O2):41.226	
O1):-0.808	O2):45.397	
O1):-0.738	O2):37.98	
O1):-0.745	O2):35.768	
O1):-0.772	O2):38.826	
O1):-0.686	O2):30.152	
O1):-0.782	O2):40.096	
O1):-0.764	O2):38.758	
O1):-0.826	O2):50.819	
Evaluations:	1200
O1):-0.792	O2):40.553	
O1):-0.717	O2):33.565	
O1):-0.762	O2):38.551	
O1):-0.731	O2):34.728	
O1):-0.777	O2):39.475	
O1):-0.726	O2):34.979	
O1):-0.728	O2):35.079	
O1):-0.778	O2):40.226	
O1):-0.799	O2):43.563	
O1):-0.687	O2):30.911	
O1):-0.849	O2):50.538	
O1):-0.796	O2):41.167	
O1):-0.729	O2):35.124	
O1):-0.791	O2):43.692	
O1):-0.799	O2):43.741	
O1):-0.797	O2):41.97	
O1):-0.713	O2):34.246	
O1):-0.771	O2):40.074	
O1):-0.722	O2):33.711	
O1):-0.773	O2):39.168	
O1):-0.726	O2):34.287	
O1):-0.838	O2):51.327	
O1):-0.818	O2):45.662	
O1):-0.715	O2):35.874	
O1):-0.794	O2):40.874	
O1):-0.798	O2):44.216	
O1):-0.766	O2):39.086	
O1):-0.838	O2):51.327	
O1):-0.804	O2):45.297	
O1):-0.8	O2):43.901	
O1):-0.764	O2):38.817	
O1):-0.826	O2):46.401	
O1):-0.792	O2):41.047	
O1):-0.841	O2):50.807	
O1):-0.711	O2):33.849	
O1):-0.796	O2):41.241	
O1):-0.809	O2):46.11	
O1):-0.702	O2):33.174	
O1):-0.772	O2):38.848	
Starting PrismExecutor worker 5 on port 15065
O1):-0.731	O2):35.117	
Connected worker 5 to port 15065
O1):-0.79	O2):40.3	
O1):-0.765	O2):37.523	
O1):-0.772	O2):38.948	
O1):-0.815	O2):45.611	
O1):-0.779	O2):40.525	
O1):-0.807	O2):45.671	
O1):-0.773	O2):39.013	
Evaluations:	1300
O1):-0.818	O2):45.573	
O1):-0.854	O2):59.623	
O1):-0.687	O2):30.91	
O1):-0.694	O2):33.167	
O1):-0.789	O2):43.88	
O1):-0.791	O2):40.481	
O1):-0.756	O2):39.978	
O1):-0.802	O2):44.927	
O1):-0.774	O2):39.097	
O1):-0.821	O2):45.64	
O1):-0.778	O2):40.747	
O1):-0.756	O2):38.48	
O1):-0.73	O2):34.715	
O1):-0.637	O2):29.111	
O1):-0.751	O2):40.307	
O1):-0.74	O2):35.113	
O1):-0.783	O2):40.059	
O1):-0.748	O2):40.448	
O1):-0.773	O2):38.915	
O1):-0.733	O2):34.801	
O1):-0.79	O2):40.289	
O1):-0.764	O2):38.484	
O1):-0.746	O2):35.926	
O1):-0.737	O2):34.905	
O1):-0.799	O2):44.848	
O1):-0.756	O2):38.786	
O1):-0.741	O2):35.926	
O1):-0.785	O2):41.022	
O1):-0.785	O2):41.022	
O1):-0.754	O2):38.493	
O1):-0.692	O2):33.655	
O1):-0.743	O2):36.234	
O1):-0.813	O2):48.795	
O1):-0.773	O2):39.589	
O1):-0.765	O2):37.524	
O1):-0.742	O2):34.779	
O1):-0.769	O2):38.761	
O1):-0.798	O2):44.203	
O1):-0.668	O2):29.648	
O1):-0.729	O2):34.527	
O1):-0.698	O2):35.433	
O1):-0.78	O2):42.218	
O1):-0.772	O2):38.804	
O1):-0.803	O2):44.753	
O1):-0.796	O2):43.27	
O1):-0.745	O2):35.768	
O1):-0.744	O2):35.111	
O1):-0.707	O2):35.353	
O1):-0.711	O2):33.378	
O1):-0.836	O2):50.995	
O1):-0.793	O2):40.776	
O1):-0.819	O2):46.008	
O1):-0.741	O2):35.918	
O1):-0.783	O2):40.052	
O1):-0.723	O2):34.015	
O1):-0.707	O2):35.353	
O1):-0.707	O2):35.353	
O1):-0.749	O2):38.56	
Evaluations:	1300
O1):-0.833	O2):50.231	
O1):-0.799	O2):43.898	
O1):-0.674	O2):29.652	
O1):-0.794	O2):40.941	
O1):-0.763	O2):38.482	
O1):-0.671	O2):30.107	
O1):-0.764	O2):38.457	
O1):-0.692	O2):31.159	
O1):-0.85	O2):55.351	
O1):-0.802	O2):45.111	
O1):-0.702	O2):34.508	
O1):-0.723	O2):33.863	
O1):-0.811	O2):46.334	
O1):-0.713	O2):33.895	
O1):-0.84	O2):50.72	
O1):-0.816	O2):45.931	
O1):-0.728	O2):34.356	
O1):-0.783	O2):40.052	
O1):-0.741	O2):35.918	
O1):-0.765	O2):38.766	
O1):-0.745	O2):36.235	
O1):-0.675	O2):31.555	
O1):-0.811	O2):46.334	
O1):-0.773	O2):38.915	
O1):-0.717	O2):33.565	
O1):-0.84	O2):50.72	
O1):-0.86	O2):56.38	
O1):-0.759	O2):39.971	
O1):-0.825	O2):46.346	
O1):-0.778	O2):41.154	
O1):-0.848	O2):51.071	
O1):-0.803	O2):44.973	
O1):-0.775	O2):39.367	
O1):-0.836	O2):50.687	
O1):-0.793	O2):41.314	
O1):-0.777	O2):39.475	
O1):-0.854	O2):59.623	
O1):-0.748	O2):36.269	
O1):-0.821	O2):45.569	
O1):-0.684	O2):30.905	
O1):-0.851	O2):51.189	
O1):-0.701	O2):35.443	
O1):-0.849	O2):51.039	
O1):-0.738	O2):35.004	
O1):-0.7	O2):34.912	
O1):-0.803	O2):45.702	
O1):-0.837	O2):51.016	
O1):-0.732	O2):35.388	
O1):-0.827	O2):46.538	
O1):-0.774	O2):39.166	
O1):-0.79	O2):40.614	
O1):-0.74	O2):35.811	
O1):-0.766	O2):38.799	
O1):-0.791	O2):40.674	
O1):-0.739	O2):38.177	
O1):-0.75	O2):36.737	
O1):-0.803	O2):45.38	
O1):-0.736	O2):36.416	
O1):-0.795	O2):41.615	
O1):-0.73	O2):34.715	
O1):-0.753	O2):41.193	
O1):-0.743	O2):34.792	
O1):-0.805	O2):45.365	
O1):-0.796	O2):41.198	
O1):-0.745	O2):38.467	
O1):-0.84	O2):50.72	
O1):-0.808	O2):45.285	
O1):-0.765	O2):38.793	
O1):-0.726	O2):34.751	
O1):-0.803	O2):45.15	
O1):-0.847	O2):54.813	
O1):-0.694	O2):33.643	
O1):-0.803	O2):45.15	
O1):-0.747	O2):35.964	
O1):-0.715	O2):33.716	
O1):-0.702	O2):33.174	
Evaluations:	1400
O1):-0.769	O2):38.673	
O1):-0.804	O2):44.996	
O1):-0.776	O2):40.024	
O1):-0.793	O2):41.226	
O1):-0.831	O2):50.48	
O1):-0.735	O2):35.832	
O1):-0.723	O2):33.863	
O1):-0.775	O2):40.592	
O1):-0.722	O2):33.692	
O1):-0.722	O2):33.697	
O1):-0.755	O2):38.409	
O1):-0.826	O2):49.35	
O1):-0.749	O2):38.866	
O1):-0.744	O2):35.471	
O1):-0.694	O2):33.167	
O1):-0.748	O2):39.377	
O1):-0.75	O2):36.737	
O1):-0.813	O2):45.141	
O1):-0.849	O2):54.965	
O1):-0.749	O2):37.522	
O1):-0.772	O2):38.854	
O1):-0.738	O2):37.98	
O1):-0.711	O2):33.736	
O1):-0.817	O2):46.256	
O1):-0.671	O2):30.094	
O1):-0.828	O2):50.44	
O1):-0.705	O2):34.087	
O1):-0.796	O2):43.27	
O1):-0.817	O2):45.646	
O1):-0.736	O2):36.416	
O1):-0.826	O2):49.35	
O1):-0.774	O2):39.078	
O1):-0.684	O2):30.906	
O1):-0.793	O2):41.425	
O1):-0.852	O2):55.538	
O1):-0.746	O2):39.737	
O1):-0.793	O2):41.226	
O1):-0.748	O2):36.269	
O1):-0.767	O2):38.535	
O1):-0.746	O2):35.975	
O1):-0.723	O2):34.089	
O1):-0.803	O2):45.012	
O1):-0.803	O2):45.291	
O1):-0.736	O2):36.443	
O1):-0.777	O2):39.412	
O1):-0.791	O2):45.883	
O1):-0.714	O2):33.428	
O1):-0.827	O2):46.766	
O1):-0.767	O2):40.156	
O1):-0.792	O2):43.773	
O1):-0.793	O2):41.226	
Starting PrismExecutor worker 3 on port 15003
Connected worker 3 to port 15003
O1):-0.694	O2):33.643	
O1):-0.727	O2):37.312	
O1):-0.821	O2):45.828	
O1):-0.77	O2):40.624	
O1):-0.764	O2):38.457	
O1):-0.804	O2):45.297	
O1):-0.826	O2):49.926	
O1):-0.735	O2):35.213	
O1):-0.797	O2):41.97	
O1):-0.685	O2):31.072	
O1):-0.745	O2):37.697	
O1):-0.851	O2):51.237	
O1):-0.74	O2):35.811	
O1):-0.825	O2):50.086	
O1):-0.725	O2):34.103	
O1):-0.795	O2):43.445	
O1):-0.724	O2):33.892	
O1):-0.657	O2):29.389	
O1):-0.69	O2):31.3	
O1):-0.772	O2):38.899	
O1):-0.777	O2):39.475	
O1):-0.825	O2):45.937	
O1):-0.848	O2):50.44	
O1):-0.851	O2):55.353	
O1):-0.794	O2):41.212	
O1):-0.797	O2):41.878	
O1):-0.763	O2):38.482	
O1):-0.798	O2):44.298	
O1):-0.818	O2):45.611	
O1):-0.847	O2):50.843	
O1):-0.705	O2):34.086	
O1):-0.834	O2):50.342	
O1):-0.814	O2):49.346	
O1):-0.738	O2):35.024	
O1):-0.711	O2):33.849	
O1):-0.834	O2):50.342	
O1):-0.748	O2):38.314	
O1):-0.723	O2):34.089	
O1):-0.688	O2):31.228	
O1):-0.792	O2):40.561	
O1):-0.719	O2):34.085	
O1):-0.727	O2):34.956	
O1):-0.777	O2):39.763	
O1):-0.774	O2):39.052	
O1):-0.697	O2):34.491	
O1):-0.791	O2):40.513	
O1):-0.793	O2):40.827	
O1):-0.726	O2):34.29	
O1):-0.797	O2):44.634	
O1):-0.706	O2):33.434	
O1):-0.77	O2):38.776	
O1):-0.775	O2):39.408	
O1):-0.822	O2):49.565	
O1):-0.683	O2):32.8	
O1):-0.795	O2):43.14	
O1):-0.795	O2):43.473	
O1):-0.783	O2):40.108	
O1):-0.794	O2):40.874	
O1):-0.827	O2):46.538	
O1):-0.724	O2):33.892	
O1):-0.799	O2):43.899	
O1):-0.803	O2):45.13	
O1):-0.836	O2):50.687	
O1):-0.779	O2):39.747	
O1):-0.77	O2):40.557	
O1):-0.758	O2):38.954	
O1):-0.737	O2):39.787	
O1):-0.84	O2):50.72	
O1):-0.77	O2):38.776	
O1):-0.774	O2):39.097	
O1):-0.775	O2):39.148	
O1):-0.815	O2):45.678	
O1):-0.773	O2):39.022	
O1):-0.818	O2):45.662	
O1):-0.671	O2):30.094	
O1):-0.828	O2):46.565	
O1):-0.771	O2):42.178	
O1):-0.804	O2):44.997	
O1):-0.698	O2):33.757	
O1):-0.802	O2):45.279	
O1):-0.768	O2):39.217	
O1):-0.737	O2):35.465	
O1):-0.707	O2):33.251	
O1):-0.847	O2):50.694	
O1):-0.813	O2):48.38	
O1):-0.722	O2):35.172	
O1):-0.694	O2):33.167	
O1):-0.793	O2):40.776	
O1):-0.775	O2):39.412	
O1):-0.849	O2):50.88	
O1):-0.783	O2):40.108	
O1):-0.775	O2):39.34	
O1):-0.709	O2):33.611	
O1):-0.777	O2):39.458	
O1):-0.799	O2):43.687	
O1):-0.772	O2):38.82	
O1):-0.791	O2):40.481	
O1):-0.813	O2):48.574	
O1):-0.823	O2):49.804	
O1):-0.723	O2):36.111	
O1):-0.803	O2):46.18	
O1):-0.728	O2):34.356	
O1):-0.714	O2):35.419	
O1):-0.824	O2):45.937	
O1):-0.795	O2):43.067	
O1):-0.773	O2):39.372	
O1):-0.706	O2):33.748	
O1):-0.839	O2):51.375	
O1):-0.796	O2):45.149	
O1):-0.656	O2):30.187	
O1):-0.705	O2):33.602	
O1):-0.772	O2):38.804	
O1):-0.77	O2):38.734	
O1):-0.772	O2):38.948	
O1):-0.657	O2):29.402	
O1):-0.797	O2):41.829	
O1):-0.768	O2):38.484	
O1):-0.683	O2):33.051	
O1):-0.802	O2):45.11	
O1):-0.84	O2):50.72	
O1):-0.774	O2):39.16	
O1):-0.688	O2):31.228	
O1):-0.771	O2):38.721	
O1):-0.769	O2):40.326	
O1):-0.671	O2):30.094	
O1):-0.774	O2):39.11	
O1):-0.793	O2):40.776	
O1):-0.767	O2):38.965	
O1):-0.803	O2):45.291	
O1):-0.807	O2):45.671	
O1):-0.845	O2):50.527	
O1):-0.729	O2):34.678	
O1):-0.792	O2):40.893	
O1):-0.727	O2):34.868	
O1):-0.74	O2):35.812	
O1):-0.773	O2):39.022	
O1):-0.776	O2):39.757	
O1):-0.828	O2):49.835	
O1):-0.802	O2):45.141	
O1):-0.771	O2):38.656	
O1):-0.736	O2):35.461	
O1):-0.847	O2):50.694	
O1):-0.731	O2):35.132	
O1):-0.78	O2):44.922	
O1):-0.707	O2):33.251	
O1):-0.771	O2):38.7	
O1):-0.804	O2):45.297	
O1):-0.774	O2):45.104	
O1):-0.68	O2):30.312	
O1):-0.685	O2):31.072	
O1):-0.802	O2):44.927	
O1):-0.802	O2):45.119	
O1):-0.795	O2):43.14	
O1):-0.784	O2):40.692	
O1):-0.667	O2):30.376	
O1):-0.814	O2):45.337	
O1):-0.828	O2):49.835	
O1):-0.763	O2):38.708	
O1):-0.791	O2):40.491	
O1):-0.851	O2):55.224	
O1):-0.808	O2):45.839	
O1):-0.808	O2):45.285	
O1):-0.763	O2):38.482	
O1):-0.797	O2):44.634	
O1):-0.796	O2):43.27	
O1):-0.838	O2):51.327	
O1):-0.794	O2):41.023	
O1):-0.827	O2):46.538	
O1):-0.724	O2):33.93	
O1):-0.797	O2):44.327	
O1):-0.799	O2):43.895	
O1):-0.727	O2):34.306	
O1):-0.775	O2):39.367	
O1):-0.694	O2):33.643	
O1):-0.772	O2):38.768	
O1):-0.819	O2):46.008	
O1):-0.802	O2):45.141	
O1):-0.687	O2):30.911	
O1):-0.835	O2):50.953	
O1):-0.727	O2):35.004	
O1):-0.801	O2):45.092	
O1):-0.772	O2):38.819	
O1):-0.827	O2):46.538	
O1):-0.803	O2):45.017	
O1):-0.805	O2):45.402	
O1):-0.774	O2):39.11	
O1):-0.748	O2):36.269	
O1):-0.741	O2):35.918	
O1):-0.764	O2):38.5	
O1):-0.708	O2):33.336	
O1):-0.762	O2):38.551	
O1):-0.851	O2):55.354	
O1):-0.693	O2):34.135	
O1):-0.673	O2):29.635	
O1):-0.8	O2):43.969	
O1):-0.785	O2):40.561	
O1):-0.775	O2):39.435	
O1):-0.801	O2):45.092	
O1):-0.828	O2):46.549	
O1):-0.775	O2):39.367	
O1):-0.776	O2):40.512	
O1):-0.799	O2):43.687	
O1):-0.793	O2):43.371	
O1):-0.837	O2):50.09	
O1):-0.717	O2):33.565	
Evaluations:	1500
O1):-0.744	O2):35.471	
O1):-0.726	O2):34.979	
O1):-0.738	O2):35.024	
O1):-0.799	O2):44.848	
O1):-0.738	O2):37.98	
O1):-0.824	O2):50.062	
O1):-0.76	O2):41.697	
O1):-0.731	O2):34.87	
Starting PrismExecutor worker 0 on port 15000
O1):-0.763	O2):38.631	
Connected worker 0 to port 15000
O1):-0.767	O2):40.128	
O1):-0.791	O2):40.854	
O1):-0.793	O2):40.965	
Evaluations:	1400
O1):-0.768	O2):39.217	
O1):-0.823	O2):46.269	
O1):-0.818	O2):45.662	
O1):-0.819	O2):46.572	
O1):-0.823	O2):49.804	
O1):-0.666	O2):29.593	
O1):-0.801	O2):45.09	
O1):-0.798	O2):44.758	
O1):-0.722	O2):33.772	
O1):-0.801	O2):45.092	
O1):-0.769	O2):38.673	
O1):-0.791	O2):40.613	
O1):-0.791	O2):40.513	
O1):-0.671	O2):30.094	
O1):-0.766	O2):38.799	
O1):-0.849	O2):54.965	
O1):-0.718	O2):35.466	
O1):-0.825	O2):46.198	
O1):-0.825	O2):46.198	
O1):-0.794	O2):41.212	
O1):-0.709	O2):33.995	
O1):-0.778	O2):40.403	
O1):-0.708	O2):33.335	
O1):-0.762	O2):38.551	
O1):-0.711	O2):33.849	
O1):-0.85	O2):55.351	
O1):-0.726	O2):34.751	
O1):-0.657	O2):29.41	
O1):-0.769	O2):38.761	
O1):-0.828	O2):49.835	
O1):-0.818	O2):45.778	
O1):-0.782	O2):40.096	
O1):-0.778	O2):40.403	
O1):-0.67	O2):31.669	
O1):-0.791	O2):40.513	
O1):-0.818	O2):46.342	
O1):-0.81	O2):46.222	
O1):-0.805	O2):45.365	
O1):-0.745	O2):35.653	
O1):-0.772	O2):38.753	
O1):-0.736	O2):36.416	
O1):-0.786	O2):41.301	
O1):-0.772	O2):38.911	
O1):-0.801	O2):45.092	
O1):-0.828	O2):46.836	
O1):-0.818	O2):45.632	
O1):-0.682	O2):30.988	
O1):-0.819	O2):45.574	
O1):-0.774	O2):39.11	
O1):-0.808	O2):45.285	
O1):-0.688	O2):32.908	
O1):-0.806	O2):45.463	
O1):-0.711	O2):33.736	
O1):-0.77	O2):38.776	
O1):-0.703	O2):34.589	
O1):-0.827	O2):46.528	
O1):-0.669	O2):29.05	
O1):-0.792	O2):40.561	
O1):-0.848	O2):51.071	
O1):-0.738	O2):35.456	
O1):-0.748	O2):36.269	
O1):-0.766	O2):38.793	
O1):-0.706	O2):33.748	
O1):-0.791	O2):40.443	
O1):-0.794	O2):40.874	
O1):-0.819	O2):45.574	
O1):-0.769	O2):39.287	
O1):-0.723	O2):34.089	
O1):-0.773	O2):39.585	
O1):-0.792	O2):40.551	
O1):-0.771	O2):38.737	
O1):-0.773	O2):38.915	
O1):-0.728	O2):34.356	
O1):-0.765	O2):40.509	
O1):-0.769	O2):39.287	
O1):-0.828	O2):50.439	
O1):-0.82	O2):46.056	
O1):-0.772	O2):38.869	
O1):-0.766	O2):38.366	
O1):-0.714	O2):33.449	
O1):-0.739	O2):38.177	
O1):-0.765	O2):38.766	
O1):-0.826	O2):49.926	
O1):-0.766	O2):38.366	
O1):-0.796	O2):43.288	
O1):-0.656	O2):30.187	
O1):-0.772	O2):38.899	
O1):-0.747	O2):35.964	
O1):-0.711	O2):33.736	
O1):-0.8	O2):43.977	
O1):-0.827	O2):51.13	
O1):-0.818	O2):45.662	
O1):-0.773	O2):39.176	
O1):-0.801	O2):44.168	
O1):-0.803	O2):45.291	
O1):-0.764	O2):38.457	
O1):-0.774	O2):39.097	
O1):-0.839	O2):51.375	
O1):-0.69	O2):31.299	
O1):-0.727	O2):34.306	
O1):-0.685	O2):31.072	
O1):-0.729	O2):34.457	
O1):-0.754	O2):38.493	
O1):-0.742	O2):34.608	
O1):-0.685	O2):31.072	
O1):-0.804	O2):44.996	
O1):-0.833	O2):50.357	
O1):-0.772	O2):38.784	
O1):-0.79	O2):43.285	
O1):-0.706	O2):33.434	
O1):-0.671	O2):30.094	
O1):-0.74	O2):35.113	
O1):-0.829	O2):50.2	
O1):-0.796	O2):43.907	
O1):-0.741	O2):35.13	
O1):-0.723	O2):33.863	
O1):-0.772	O2):38.907	
O1):-0.656	O2):30.187	
O1):-0.793	O2):43.237	
O1):-0.649	O2):29.306	
O1):-0.776	O2):40.023	
O1):-0.762	O2):38.551	
O1):-0.702	O2):33.174	
O1):-0.776	O2):39.757	
O1):-0.836	O2):51.281	
O1):-0.769	O2):43.861	
O1):-0.682	O2):30.988	
O1):-0.772	O2):38.948	
O1):-0.655	O2):29.907	
O1):-0.763	O2):36.627	
O1):-0.723	O2):36.23	
O1):-0.709	O2):33.611	
O1):-0.795	O2):41.615	
O1):-0.852	O2):55.538	
Evaluations:	1500
O1):-0.835	O2):50.666	
O1):-0.706	O2):33.434	
O1):-0.725	O2):34.167	
O1):-0.664	O2):30.368	
O1):-0.791	O2):40.481	
O1):-0.799	O2):44.252	
O1):-0.777	O2):39.763	
O1):-0.711	O2):33.736	
O1):-0.79	O2):40.582	
O1):-0.783	O2):40.052	
O1):-0.795	O2):41.615	
O1):-0.716	O2):34.549	
O1):-0.802	O2):44.927	
O1):-0.747	O2):36.02	
O1):-0.722	O2):33.697	
O1):-0.78	O2):41.178	
O1):-0.724	O2):33.892	
O1):-0.672	O2):30.928	
O1):-0.772	O2):38.899	
O1):-0.847	O2):50.725	
O1):-0.729	O2):34.765	
O1):-0.819	O2):45.574	
O1):-0.735	O2):36.822	
O1):-0.685	O2):31.072	
O1):-0.828	O2):50.439	
O1):-0.728	O2):34.431	
O1):-0.8	O2):44.785	
O1):-0.79	O2):40.265	
O1):-0.797	O2):41.97	
O1):-0.838	O2):51.327	
O1):-0.774	O2):39.116	
O1):-0.775	O2):39.367	
O1):-0.744	O2):35.111	
O1):-0.729	O2):34.765	
O1):-0.782	O2):41.122	
O1):-0.649	O2):29.305	
O1):-0.765	O2):41.783	
O1):-0.778	O2):39.755	
O1):-0.664	O2):30.368	
O1):-0.742	O2):35.163	
O1):-0.752	O2):37.459	
O1):-0.811	O2):46.334	
O1):-0.722	O2):33.772	
O1):-0.772	O2):38.911	
O1):-0.698	O2):33.091	
O1):-0.658	O2):29.412	
O1):-0.808	O2):45.397	
O1):-0.772	O2):38.907	
O1):-0.733	O2):36.047	
O1):-0.814	O2):45.815	
O1):-0.816	O2):45.275	
O1):-0.762	O2):38.366	
O1):-0.779	O2):40.472	
O1):-0.656	O2):30.187	
O1):-0.816	O2):45.355	
O1):-0.746	O2):35.975	
O1):-0.83	O2):50.577	
O1):-0.765	O2):38.613	
O1):-0.746	O2):35.975	
O1):-0.852	O2):55.538	
O1):-0.724	O2):34.41	
O1):-0.707	O2):33.251	
O1):-0.796	O2):41.914	
O1):-0.771	O2):38.636	
O1):-0.743	O2):35.426	
O1):-0.802	O2):44.927	
O1):-0.761	O2):39.254	
O1):-0.761	O2):41.046	
O1):-0.707	O2):33.251	
O1):-0.703	O2):33.357	
Starting PrismExecutor worker 2 on port 15002
O1):-0.775	O2):39.367	
Connected worker 2 to port 15002
O1):-0.769	O2):44.471	
O1):-0.738	O2):35.811	
O1):-0.744	O2):35.107	
O1):-0.79	O2):40.582	
O1):-0.724	O2):34.719	
O1):-0.772	O2):38.907	
O1):-0.823	O2):49.804	
O1):-0.836	O2):52.014	
O1):-0.765	O2):38.766	
O1):-0.849	O2):51.039	
O1):-0.674	O2):29.652	
O1):-0.837	O2):50.09	
O1):-0.744	O2):35.462	
O1):-0.773	O2):39.037	
O1):-0.729	O2):34.678	
O1):-0.712	O2):33.824	
O1):-0.792	O2):40.624	
O1):-0.811	O2):46.334	
O1):-0.711	O2):33.736	
O1):-0.836	O2):50.687	
O1):-0.788	O2):43.632	
O1):-0.765	O2):38.657	
O1):-0.731	O2):35.132	
O1):-0.827	O2):46.235	
O1):-0.826	O2):46.402	
O1):-0.767	O2):38.374	
O1):-0.771	O2):38.792	
O1):-0.811	O2):46.334	
O1):-0.774	O2):39.11	
O1):-0.713	O2):33.895	
O1):-0.691	O2):34.576	
O1):-0.796	O2):43.288	
O1):-0.791	O2):40.443	
O1):-0.794	O2):40.874	
O1):-0.754	O2):40.816	
O1):-0.688	O2):32.908	
O1):-0.816	O2):45.311	
O1):-0.826	O2):50.819	
O1):-0.71	O2):33.369	
O1):-0.802	O2):44.274	
Evaluations:	1300
O1):-0.707	O2):33.251	
O1):-0.78	O2):42.96	
O1):-0.804	O2):45.297	
O1):-0.822	O2):45.677	
O1):-0.818	O2):46.342	
O1):-0.808	O2):45.285	
O1):-0.794	O2):40.873	
O1):-0.761	O2):40.41	
O1):-0.731	O2):34.728	
O1):-0.711	O2):33.736	
O1):-0.811	O2):46.334	
O1):-0.825	O2):50.086	
O1):-0.8	O2):44.019	
O1):-0.719	O2):36.542	
O1):-0.75	O2):37.028	
O1):-0.738	O2):37.98	
O1):-0.751	O2):41.405	
O1):-0.805	O2):45.402	
O1):-0.799	O2):44.253	
O1):-0.714	O2):35.328	
O1):-0.778	O2):40.505	
O1):-0.84	O2):50.72	
O1):-0.674	O2):30.451	
O1):-0.711	O2):33.736	
O1):-0.724	O2):33.892	
O1):-0.791	O2):40.513	
O1):-0.705	O2):33.69	
O1):-0.694	O2):33.167	
O1):-0.774	O2):39.097	
O1):-0.73	O2):40.719	
O1):-0.715	O2):35.874	
O1):-0.783	O2):40.696	
O1):-0.73	O2):34.9	
O1):-0.771	O2):38.716	
O1):-0.832	O2):50.22	
O1):-0.791	O2):40.443	
O1):-0.763	O2):38.399	
O1):-0.794	O2):41.375	
O1):-0.804	O2):45.239	
O1):-0.655	O2):29.907	
O1):-0.763	O2):38.482	
O1):-0.82	O2):46.056	
O1):-0.749	O2):37.603	
O1):-0.854	O2):56.606	
O1):-0.773	O2):39.176	
O1):-0.837	O2):50.09	
O1):-0.825	O2):50.086	
O1):-0.846	O2):50.639	
O1):-0.798	O2):44.371	
O1):-0.733	O2):34.801	
O1):-0.829	O2):50.268	
O1):-0.714	O2):34.228	
O1):-0.773	O2):39.022	
O1):-0.775	O2):39.636	
O1):-0.724	O2):33.867	
O1):-0.687	O2):31.084	
O1):-0.711	O2):33.736	
O1):-0.822	O2):45.676	
O1):-0.828	O2):49.835	
O1):-0.764	O2):38.457	
O1):-0.775	O2):39.485	
O1):-0.777	O2):39.451	
O1):-0.778	O2):40.403	
O1):-0.804	O2):45.65	
O1):-0.798	O2):43.69	
O1):-0.78	O2):40.631	
O1):-0.793	O2):40.965	
O1):-0.745	O2):35.763	
O1):-0.71	O2):33.369	
O1):-0.73	O2):34.885	
Evaluations:	1600
O1):-0.702	O2):33.174	
O1):-0.716	O2):34.55	
O1):-0.783	O2):40.052	
O1):-0.683	O2):32.8	
O1):-0.688	O2):32.908	
O1):-0.802	O2):44.927	
O1):-0.726	O2):34.979	
O1):-0.796	O2):41.167	
O1):-0.793	O2):43.919	
O1):-0.779	O2):40.402	
O1):-0.791	O2):40.491	
O1):-0.747	O2):36.021	
O1):-0.784	O2):40.692	
O1):-0.793	O2):40.752	
O1):-0.717	O2):33.564	
O1):-0.729	O2):34.678	
O1):-0.776	O2):40.288	
O1):-0.746	O2):35.975	
O1):-0.763	O2):40.385	
O1):-0.722	O2):33.772	
O1):-0.706	O2):33.748	
O1):-0.742	O2):34.779	
Evaluations:	1500
O1):-0.706	O2):33.748	
O1):-0.726	O2):34.979	
O1):-0.795	O2):41.615	
O1):-0.738	O2):37.984	
O1):-0.81	O2):45.905	
O1):-0.71	O2):33.369	
O1):-0.816	O2):45.376	
O1):-0.801	O2):50.219	
O1):-0.782	O2):41.044	
O1):-0.852	O2):51.612	
O1):-0.797	O2):43.74	
O1):-0.736	O2):36.557	
O1):-0.797	O2):43.74	
O1):-0.666	O2):29.593	
O1):-0.766	O2):38.845	
O1):-0.794	O2):41.529	
O1):-0.672	O2):31.7	
O1):-0.829	O2):47.023	
O1):-0.723	O2):34.52	
O1):-0.827	O2):46.233	
O1):-0.836	O2):49.943	
O1):-0.779	O2):39.747	
O1):-0.783	O2):40.108	
O1):-0.823	O2):45.985	
O1):-0.868	O2):55.933	
O1):-0.817	O2):45.566	
O1):-0.745	O2):35.768	
O1):-0.823	O2):46.269	
O1):-0.711	O2):33.736	
O1):-0.808	O2):45.285	
O1):-0.811	O2):46.334	
O1):-0.848	O2):50.903	
O1):-0.772	O2):38.753	
O1):-0.732	O2):35.388	
O1):-0.738	O2):36.654	
O1):-0.811	O2):46.334	
O1):-0.828	O2):46.549	
O1):-0.825	O2):46.084	
O1):-0.744	O2):36.38	
O1):-0.707	O2):33.647	
O1):-0.78	O2):40.631	
O1):-0.707	O2):33.251	
O1):-0.826	O2):46.062	
O1):-0.707	O2):33.647	
O1):-0.816	O2):45.275	
O1):-0.849	O2):51.039	
O1):-0.688	O2):32.908	
O1):-0.79	O2):40.582	
O1):-0.771	O2):38.792	
O1):-0.771	O2):38.736	
O1):-0.774	O2):39.11	
O1):-0.721	O2):36.067	
O1):-0.671	O2):30.094	
O1):-0.845	O2):50.527	
O1):-0.802	O2):44.822	
O1):-0.769	O2):39.287	
O1):-0.825	O2):45.872	
O1):-0.658	O2):29.42	
O1):-0.722	O2):33.772	
O1):-0.741	O2):38.99	
O1):-0.708	O2):35.019	
O1):-0.821	O2):45.569	
O1):-0.816	O2):49.584	
O1):-0.745	O2):35.074	
O1):-0.772	O2):38.76	
O1):-0.801	O2):45.18	
O1):-0.794	O2):40.874	
O1):-0.802	O2):44.927	
O1):-0.84	O2):50.72	
O1):-0.715	O2):34.535	
Starting PrismExecutor worker 4 on port 15074
O1):-0.775	O2):39.34	
O1):-0.811	O2):46.334	
Connected worker 4 to port 15074
O1):-0.793	O2):43.574	
O1):-0.793	O2):43.248	
O1):-0.75	O2):37.028	
O1):-0.761	O2):38.543	
O1):-0.675	O2):31.546	
O1):-0.75	O2):36.737	
O1):-0.711	O2):33.736	
O1):-0.688	O2):32.908	
O1):-0.818	O2):45.662	
O1):-0.794	O2):40.885	
O1):-0.826	O2):46.186	
O1):-0.793	O2):40.776	
O1):-0.793	O2):40.827	
O1):-0.673	O2):29.635	
O1):-0.71	O2):33.369	
O1):-0.783	O2):40.108	
O1):-0.791	O2):40.443	
O1):-0.772	O2):38.975	
O1):-0.714	O2):34.454	
O1):-0.833	O2):50.232	
O1):-0.769	O2):38.673	
O1):-0.739	O2):35.366	
O1):-0.794	O2):41.375	
O1):-0.791	O2):40.513	
O1):-0.738	O2):35.456	
O1):-0.851	O2):55.224	
O1):-0.747	O2):36.129	
O1):-0.761	O2):44.622	
O1):-0.837	O2):50.09	
O1):-0.832	O2):50.22	
O1):-0.8	O2):43.789	
O1):-0.711	O2):33.736	
O1):-0.656	O2):29.387	
O1):-0.762	O2):38.346	
O1):-0.792	O2):41.047	
O1):-0.838	O2):51.327	
O1):-0.749	O2):38.56	
O1):-0.807	O2):45.532	
O1):-0.739	O2):34.92	
O1):-0.776	O2):39.358	
O1):-0.798	O2):44.203	
O1):-0.795	O2):41.12	
O1):-0.732	O2):34.821	
O1):-0.851	O2):55.354	
O1):-0.79	O2):40.3	
O1):-0.794	O2):43.585	
O1):-0.801	O2):44.149	
O1):-0.793	O2):40.775	
O1):-0.769	O2):43.861	
O1):-0.809	O2):45.949	
O1):-0.707	O2):33.647	
O1):-0.784	O2):40.481	
O1):-0.724	O2):33.93	
O1):-0.803	O2):45.13	
O1):-0.827	O2):50.033	
O1):-0.702	O2):33.174	
O1):-0.769	O2):38.673	
O1):-0.663	O2):29.301	
O1):-0.731	O2):34.728	
O1):-0.748	O2):38.314	
O1):-0.711	O2):33.736	
O1):-0.795	O2):41.615	
O1):-0.848	O2):51.071	
O1):-0.826	O2):49.35	
O1):-0.799	O2):44.848	
O1):-0.831	O2):50.48	
O1):-0.73	O2):35.222	
O1):-0.802	O2):45.141	
O1):-0.707	O2):33.251	
O1):-0.686	O2):30.152	
O1):-0.777	O2):39.451	
O1):-0.716	O2):33.547	
O1):-0.808	O2):45.539	
O1):-0.826	O2):50.819	
O1):-0.655	O2):29.907	
O1):-0.796	O2):43.27	
O1):-0.732	O2):35.388	
O1):-0.718	O2):34.145	
O1):-0.725	O2):34.423	
O1):-0.825	O2):50.086	
O1):-0.745	O2):35.653	
O1):-0.759	O2):39.055	
O1):-0.769	O2):38.673	
O1):-0.745	O2):35.768	
O1):-0.826	O2):46.495	
O1):-0.811	O2):46.334	
O1):-0.764	O2):38.457	
O1):-0.792	O2):40.568	
O1):-0.748	O2):36.196	
O1):-0.842	O2):51.666	
O1):-0.729	O2):34.678	
O1):-0.792	O2):40.551	
O1):-0.82	O2):49.854	
O1):-0.823	O2):45.809	
O1):-0.773	O2):38.915	
O1):-0.792	O2):40.558	
O1):-0.743	O2):36.172	
O1):-0.744	O2):36.38	
O1):-0.85	O2):55.351	
O1):-0.683	O2):32.892	
O1):-0.731	O2):34.728	
O1):-0.736	O2):35.215	
O1):-0.795	O2):41.648	
O1):-0.836	O2):51.281	
O1):-0.807	O2):45.823	
O1):-0.771	O2):38.636	
O1):-0.808	O2):45.397	
O1):-0.799	O2):44.524	
O1):-0.826	O2):49.926	
O1):-0.729	O2):34.765	
O1):-0.746	O2):35.975	
O1):-0.757	O2):39.064	
O1):-0.8	O2):44.785	
O1):-0.783	O2):40.052	
O1):-0.818	O2):45.562	
O1):-0.77	O2):38.514	
O1):-0.795	O2):41.15	
O1):-0.799	O2):43.898	
O1):-0.774	O2):39.323	
O1):-0.771	O2):38.609	
O1):-0.827	O2):50.831	
O1):-0.737	O2):34.905	
O1):-0.823	O2):46.269	
O1):-0.725	O2):34.104	
O1):-0.736	O2):35.461	
O1):-0.846	O2):50.639	
O1):-0.775	O2):39.255	
O1):-0.77	O2):38.546	
O1):-0.793	O2):43.183	
O1):-0.727	O2):34.868	
O1):-0.716	O2):33.547	
O1):-0.791	O2):40.854	
O1):-0.77	O2):38.776	
O1):-0.711	O2):33.378	
O1):-0.772	O2):40.378	
O1):-0.793	O2):40.965	
O1):-0.772	O2):38.768	
O1):-0.825	O2):45.937	
O1):-0.657	O2):29.389	
O1):-0.791	O2):40.655	
O1):-0.802	O2):44.927	
O1):-0.775	O2):39.255	
O1):-0.78	O2):40.631	
O1):-0.826	O2):46.188	
O1):-0.785	O2):44.72	
O1):-0.822	O2):45.676	
O1):-0.75	O2):36.737	
O1):-0.824	O2):46.044	
O1):-0.805	O2):45.365	
O1):-0.749	O2):37.603	
O1):-0.707	O2):34.994	
O1):-0.744	O2):34.919	
O1):-0.826	O2):46.217	
O1):-0.811	O2):46.334	
O1):-0.742	O2):36.201	
O1):-0.748	O2):40.552	
O1):-0.74	O2):38.221	
O1):-0.848	O2):50.903	
O1):-0.796	O2):43.288	
O1):-0.809	O2):45.949	
O1):-0.737	O2):34.905	
O1):-0.737	O2):35.482	
O1):-0.794	O2):40.873	
O1):-0.852	O2):51.14	
O1):-0.777	O2):39.763	
O1):-0.722	O2):33.692	
O1):-0.824	O2):46.337	
O1):-0.769	O2):38.761	
O1):-0.738	O2):35.004	
O1):-0.823	O2):45.809	
O1):-0.852	O2):55.538	
O1):-0.724	O2):33.951	
O1):-0.685	O2):31.249	
O1):-0.697	O2):33.522	
O1):-0.755	O2):39.955	
O1):-0.692	O2):33.283	
O1):-0.741	O2):35.301	
O1):-0.773	O2):40.914	
O1):-0.777	O2):39.451	
O1):-0.743	O2):34.792	
O1):-0.707	O2):33.647	
O1):-0.798	O2):44.371	
O1):-0.767	O2):38.373	
O1):-0.802	O2):44.851	
O1):-0.868	O2):55.933	
O1):-0.849	O2):54.965	
O1):-0.79	O2):43.638	
O1):-0.824	O2):46.337	
O1):-0.796	O2):43.24	
O1):-0.773	O2):39.037	
O1):-0.811	O2):46.334	
O1):-0.847	O2):54.803	
O1):-0.85	O2):50.752	
O1):-0.807	O2):45.532	
O1):-0.783	O2):40.052	
O1):-0.707	O2):33.647	
O1):-0.655	O2):29.907	
O1):-0.783	O2):40.696	
O1):-0.728	O2):34.356	
O1):-0.78	O2):41.037	
O1):-0.772	O2):38.756	
O1):-0.808	O2):45.285	
O1):-0.765	O2):41.391	
O1):-0.769	O2):38.673	
O1):-0.778	O2):39.755	
O1):-0.85	O2):50.752	
O1):-0.829	O2):49.931	
Evaluations:	1400
O1):-0.797	O2):43.74	
O1):-0.769	O2):38.761	
O1):-0.796	O2):41.167	
O1):-0.838	O2):51.327	
O1):-0.824	O2):46.044	
O1):-0.756	O2):44.945	
O1):-0.797	O2):44.32	
Starting PrismExecutor worker 5 on port 15005
Starting PrismExecutor worker 5 on port 15075
O1):-0.776	O2):40.024	
O1):-0.811	O2):46.334	
Connected worker 5 to port 15005
Connected worker 5 to port 15075
O1):-0.771	O2):42.18	
O1):-0.773	O2):39.591	
O1):-0.849	O2):50.538	
O1):-0.795	O2):41.614	
O1):-0.748	O2):36.27	
O1):-0.737	O2):35.515	
O1):-0.771	O2):38.7	
O1):-0.868	O2):55.933	
O1):-0.811	O2):46.334	
O1):-0.764	O2):40.44	
O1):-0.712	O2):33.824	
O1):-0.749	O2):39.815	
O1):-0.758	O2):37.019	
O1):-0.818	O2):45.573	
O1):-0.785	O2):40.813	
O1):-0.73	O2):34.908	
O1):-0.71	O2):33.369	
O1):-0.804	O2):45.22	
O1):-0.799	O2):44.987	
O1):-0.774	O2):39.057	
O1):-0.69	O2):33.677	
O1):-0.763	O2):36.627	
O1):-0.767	O2):38.965	
O1):-0.763	O2):36.627	
O1):-0.816	O2):45.939	
O1):-0.702	O2):33.174	
O1):-0.729	O2):34.525	
O1):-0.718	O2):35.305	
O1):-0.763	O2):36.627	
O1):-0.778	O2):40.506	
O1):-0.784	O2):40.692	
O1):-0.743	O2):36.198	
O1):-0.747	O2):36.021	
O1):-0.772	O2):38.826	
O1):-0.806	O2):45.326	
O1):-0.774	O2):39.081	
O1):-0.829	O2):50.268	
O1):-0.711	O2):33.736	
O1):-0.763	O2):41.186	
O1):-0.819	O2):46.008	
O1):-0.724	O2):33.952	
O1):-0.772	O2):38.753	
O1):-0.801	O2):44.168	
O1):-0.772	O2):38.804	
O1):-0.783	O2):40.052	
O1):-0.774	O2):39.11	
O1):-0.742	O2):35.758	
O1):-0.802	O2):44.273	
O1):-0.811	O2):46.334	
O1):-0.772	O2):38.755	
O1):-0.782	O2):41.122	
O1):-0.768	O2):38.484	
O1):-0.731	O2):37.569	
O1):-0.797	O2):43.74	
O1):-0.738	O2):37.98	
Evaluations:	1400
O1):-0.807	O2):45.671	
O1):-0.786	O2):40.643	
O1):-0.797	O2):41.97	
O1):-0.778	O2):40.226	
O1):-0.731	O2):35.387	
O1):-0.795	O2):41.19	
O1):-0.814	O2):45.277	
O1):-0.829	O2):50.268	
O1):-0.671	O2):30.094	
O1):-0.694	O2):33.167	
O1):-0.805	O2):48.272	
O1):-0.816	O2):45.275	
O1):-0.692	O2):31.159	
O1):-0.73	O2):35.066	
O1):-0.764	O2):38.35	
O1):-0.673	O2):30.853	
O1):-0.771	O2):38.7	
O1):-0.772	O2):40.26	
Evaluations:	1500
O1):-0.802	O2):45.119	
O1):-0.777	O2):40.252	
O1):-0.802	O2):45.126	
O1):-0.8	O2):43.977	
O1):-0.793	O2):43.37	
O1):-0.713	O2):34.016	
O1):-0.808	O2):45.749	
O1):-0.786	O2):43.037	
O1):-0.829	O2):47.023	
O1):-0.819	O2):46.008	
O1):-0.763	O2):36.627	
O1):-0.811	O2):46.334	
O1):-0.656	O2):29.396	
O1):-0.822	O2):49.565	
O1):-0.698	O2):33.091	
O1):-0.711	O2):33.737	
O1):-0.726	O2):34.979	
O1):-0.814	O2):44.981	
O1):-0.73	O2):34.896	
O1):-0.797	O2):41.97	
O1):-0.729	O2):35.069	
O1):-0.822	O2):49.565	
O1):-0.757	O2):36.371	
O1):-0.823	O2):45.675	
O1):-0.747	O2):36.514	
O1):-0.781	O2):40.917	
O1):-0.824	O2):50.062	
O1):-0.773	O2):39.022	
O1):-0.692	O2):31.159	
O1):-0.732	O2):35.388	
O1):-0.736	O2):35.215	
O1):-0.801	O2):44.168	
O1):-0.783	O2):44.465	
O1):-0.726	O2):34.456	
O1):-0.752	O2):37.296	
O1):-0.849	O2):50.88	
O1):-0.808	O2):45.827	
O1):-0.766	O2):38.366	
O1):-0.797	O2):44.32	
O1):-0.808	O2):45.397	
O1):-0.816	O2):45.355	
O1):-0.849	O2):54.965	
O1):-0.774	O2):39.11	
O1):-0.85	O2):55.351	
O1):-0.825	O2):45.937	
O1):-0.666	O2):29.593	
O1):-0.73	O2):34.885	
O1):-0.796	O2):41.167	
O1):-0.674	O2):29.652	
O1):-0.727	O2):34.868	
O1):-0.711	O2):33.736	
O1):-0.84	O2):50.72	
O1):-0.751	O2):38.567	
O1):-0.836	O2):51.281	
O1):-0.742	O2):34.608	
O1):-0.688	O2):31.065	
O1):-0.736	O2):35.215	
O1):-0.758	O2):40.265	
O1):-0.688	O2):32.908	
O1):-0.747	O2):36.514	
O1):-0.771	O2):38.7	
O1):-0.768	O2):38.484	
O1):-0.702	O2):33.257	
O1):-0.812	O2):48.539	
O1):-0.79	O2):45.001	
O1):-0.808	O2):45.397	
O1):-0.703	O2):33.23	
O1):-0.807	O2):45.671	
O1):-0.741	O2):35.918	
O1):-0.776	O2):39.485	
O1):-0.762	O2):38.346	
O1):-0.729	O2):35.069	
O1):-0.749	O2):37.603	
O1):-0.773	O2):39.151	
O1):-0.799	O2):44.252	
O1):-0.796	O2):42.192	
O1):-0.822	O2):49.565	
O1):-0.769	O2):38.674	
O1):-0.728	O2):34.356	
O1):-0.686	O2):30.152	
O1):-0.802	O2):44.851	
O1):-0.799	O2):43.563	
O1):-0.824	O2):45.937	
O1):-0.766	O2):38.875	
O1):-0.671	O2):30.095	
O1):-0.706	O2):33.749	
O1):-0.743	O2):36.173	
O1):-0.813	O2):45.141	
O1):-0.729	O2):34.525	
O1):-0.854	O2):59.622	
O1):-0.716	O2):33.547	
O1):-0.736	O2):35.462	
O1):-0.806	O2):45.326	
O1):-0.797	O2):41.976	
O1):-0.684	O2):34.734	
O1):-0.681	O2):30.389	
O1):-0.715	O2):35.874	
O1):-0.701	O2):33.944	
O1):-0.797	O2):41.97	
O1):-0.796	O2):43.27	
O1):-0.749	O2):35.435	
O1):-0.673	O2):29.635	
O1):-0.773	O2):40.677	
O1):-0.669	O2):29.05	
O1):-0.792	O2):40.551	
O1):-0.783	O2):40.108	
O1):-0.788	O2):43.197	
O1):-0.745	O2):38.526	
O1):-0.824	O2):50.062	
O1):-0.802	O2):44.273	
O1):-0.85	O2):50.752	
O1):-0.774	O2):39.212	
O1):-0.795	O2):41.648	
O1):-0.742	O2):34.608	
O1):-0.796	O2):43.513	
O1):-0.742	O2):35.163	
O1):-0.791	O2):40.443	
O1):-0.656	O2):30.187	
O1):-0.769	O2):38.673	
O1):-0.724	O2):33.896	
O1):-0.729	O2):35.069	
O1):-0.822	O2):46.043	
O1):-0.767	O2):38.374	
O1):-0.797	O2):41.97	
O1):-0.831	O2):50.48	
O1):-0.78	O2):41.178	
O1):-0.796	O2):42.192	
O1):-0.741	O2):35.918	
O1):-0.762	O2):38.346	
O1):-0.68	O2):30.312	
O1):-0.73	O2):34.715	
O1):-0.818	O2):45.662	
O1):-0.75	O2):37.028	
O1):-0.827	O2):46.233	
O1):-0.777	O2):39.451	
O1):-0.746	O2):36.188	
O1):-0.808	O2):45.397	
O1):-0.79	O2):40.419	
O1):-0.726	O2):34.287	
O1):-0.731	O2):34.073	
O1):-0.771	O2):38.736	
O1):-0.85	O2):50.752	
O1):-0.821	O2):45.569	
O1):-0.775	O2):39.34	
O1):-0.794	O2):40.873	
O1):-0.79	O2):40.582	
O1):-0.717	O2):33.944	
Evaluations:	1300
O1):-0.692	O2):33.283	
O1):-0.748	O2):36.27	
O1):-0.752	O2):37.296	
O1):-0.791	O2):40.482	
O1):-0.825	O2):50.086	
O1):-0.668	O2):29.648	
O1):-0.825	O2):50.016	
O1):-0.787	O2):41.687	
O1):-0.828	O2):49.835	
O1):-0.799	O2):44.848	
O1):-0.724	O2):34.101	
O1):-0.79	O2):40.582	
O1):-0.684	O2):30.905	
O1):-0.744	O2):35.319	
O1):-0.803	O2):45.15	
O1):-0.775	O2):39.367	
O1):-0.847	O2):50.694	
O1):-0.794	O2):41.879	
O1):-0.752	O2):37.891	
O1):-0.744	O2):35.107	
O1):-0.812	O2):48.54	
O1):-0.777	O2):40.195	
O1):-0.777	O2):39.58	
O1):-0.79	O2):40.614	
O1):-0.729	O2):35.069	
O1):-0.771	O2):38.736	
O1):-0.822	O2):46.043	
O1):-0.778	O2):40.403	
O1):-0.727	O2):34.441	
O1):-0.825	O2):50.086	
O1):-0.674	O2):29.652	
O1):-0.792	O2):40.551	
O1):-0.664	O2):30.368	
O1):-0.719	O2):35.76	
O1):-0.78	O2):40.524	
O1):-0.836	O2):50.995	
O1):-0.694	O2):33.167	
O1):-0.797	O2):44.722	
O1):-0.723	O2):34.52	
O1):-0.851	O2):55.353	
O1):-0.728	O2):34.356	
O1):-0.777	O2):41.137	
O1):-0.684	O2):30.906	
O1):-0.772	O2):38.768	
O1):-0.774	O2):39.052	
O1):-0.74	O2):38.221	
O1):-0.669	O2):29.077	
O1):-0.655	O2):29.907	
O1):-0.805	O2):45.402	
O1):-0.812	O2):46.274	
O1):-0.801	O2):45.09	
O1):-0.825	O2):46.426	
O1):-0.793	O2):40.743	
O1):-0.748	O2):36.269	
O1):-0.747	O2):36.021	
O1):-0.801	O2):45.09	
O1):-0.672	O2):31.7	
O1):-0.721	O2):33.497	
O1):-0.774	O2):39.058	
O1):-0.793	O2):40.799	
O1):-0.769	O2):40.628	
O1):-0.793	O2):40.776	
O1):-0.793	O2):44.066	
O1):-0.792	O2):41.047	
O1):-0.734	O2):38.208	
O1):-0.77	O2):38.734	
O1):-0.775	O2):39.677	
O1):-0.777	O2):40.187	
O1):-0.808	O2):45.385	
Evaluations:	1600
O1):-0.772	O2):38.804	
O1):-0.826	O2):49.964	
O1):-0.773	O2):39.176	
O1):-0.744	O2):35.119	
O1):-0.794	O2):40.874	
O1):-0.807	O2):45.671	
O1):-0.773	O2):39.151	
O1):-0.798	O2):43.69	
O1):-0.854	O2):56.606	
O1):-0.764	O2):38.732	
O1):-0.771	O2):38.636	
O1):-0.74	O2):35.811	
O1):-0.797	O2):44.652	
O1):-0.764	O2):38.457	
O1):-0.706	O2):35.281	
O1):-0.779	O2):40.525	
O1):-0.776	O2):40.886	
O1):-0.755	O2):38.323	
O1):-0.765	O2):37.523	
O1):-0.806	O2):48.599	
O1):-0.816	O2):45.355	
O1):-0.846	O2):50.639	
O1):-0.745	O2):35.768	
O1):-0.726	O2):34.979	
O1):-0.761	O2):36.083	
O1):-0.85	O2):50.752	
O1):-0.793	O2):40.775	
O1):-0.699	O2):34.898	
O1):-0.706	O2):33.748	
O1):-0.819	O2):50.236	
O1):-0.773	O2):39.022	
O1):-0.755	O2):38.229	
O1):-0.688	O2):30.498	
O1):-0.741	O2):34.561	
O1):-0.797	O2):41.97	
O1):-0.772	O2):38.948	
O1):-0.803	O2):45.191	
O1):-0.827	O2):50.033	
O1):-0.827	O2):46.766	
O1):-0.738	O2):37.98	
O1):-0.738	O2):37.98	
O1):-0.814	O2):45.371	
O1):-0.834	O2):50.342	
O1):-0.792	O2):41.156	
O1):-0.655	O2):29.907	
O1):-0.778	O2):39.968	
O1):-0.739	O2):38.177	
O1):-0.774	O2):39.11	
O1):-0.75	O2):36.747	
O1):-0.792	O2):41.047	
O1):-0.828	O2):46.709	
O1):-0.729	O2):35.467	
O1):-0.784	O2):40.692	
O1):-0.821	O2):45.64	
O1):-0.766	O2):38.793	
O1):-0.716	O2):33.547	
O1):-0.771	O2):38.636	
O1):-0.829	O2):50.268	
O1):-0.811	O2):46.334	
O1):-0.709	O2):34.072	
O1):-0.754	O2):39.825	
O1):-0.785	O2):40.813	
O1):-0.814	O2):48.602	
O1):-0.737	O2):34.852	
O1):-0.795	O2):44.312	
O1):-0.817	O2):46.261	
O1):-0.767	O2):38.381	
O1):-0.767	O2):38.373	
O1):-0.806	O2):45.326	
O1):-0.756	O2):38.48	
O1):-0.773	O2):39.603	
O1):-0.708	O2):33.335	
O1):-0.814	O2):48.605	
O1):-0.678	O2):33.512	
O1):-0.86	O2):56.38	
O1):-0.688	O2):33.873	
O1):-0.723	O2):34.089	
O1):-0.786	O2):44.874	
O1):-0.708	O2):35.026	
O1):-0.794	O2):40.885	
O1):-0.732	O2):35.388	
O1):-0.747	O2):36.044	
O1):-0.777	O2):39.475	
O1):-0.77	O2):38.686	
O1):-0.825	O2):46.346	
O1):-0.773	O2):39.022	
O1):-0.813	O2):45.289	
O1):-0.755	O2):38.323	
O1):-0.713	O2):38.977	
O1):-0.79	O2):40.475	
O1):-0.774	O2):39.11	
O1):-0.752	O2):37.296	
O1):-0.756	O2):38.679	
O1):-0.699	O2):34.905	
O1):-0.804	O2):45.297	
O1):-0.771	O2):39.541	
O1):-0.8	O2):44.049	
O1):-0.796	O2):41.914	
O1):-0.79	O2):40.849	
O1):-0.848	O2):50.904	
O1):-0.77	O2):39.474	
O1):-0.776	O2):39.489	
O1):-0.758	O2):39.256	
O1):-0.827	O2):46.266	
O1):-0.786	O2):44.861	
O1):-0.713	O2):33.895	
O1):-0.796	O2):43.607	
O1):-0.75	O2):36.747	
O1):-0.797	O2):41.97	
O1):-0.754	O2):40.815	
Evaluations:	1600
O1):-0.792	O2):40.536	
O1):-0.796	O2):43.578	
O1):-0.772	O2):38.831	
O1):-0.694	O2):33.167	
O1):-0.749	O2):36.82	
O1):-0.775	O2):39.435	
O1):-0.793	O2):40.827	
O1):-0.724	O2):33.892	
O1):-0.796	O2):43.513	
O1):-0.808	O2):45.285	
O1):-0.814	O2):44.98	
O1):-0.78	O2):40.648	
O1):-0.772	O2):38.836	
O1):-0.815	O2):45.611	
O1):-0.736	O2):36.416	
O1):-0.728	O2):36.092	
Starting PrismExecutor worker 4 on port 15004
O1):-0.819	O2):46.008	
Connected worker 4 to port 15004
O1):-0.771	O2):38.636	
O1):-0.772	O2):38.948	
O1):-0.761	O2):40.41	
O1):-0.753	O2):38.962	
O1):-0.775	O2):39.34	
O1):-0.717	O2):34.775	
O1):-0.783	O2):42.103	
Evaluations:	1500
O1):-0.775	O2):39.367	
O1):-0.818	O2):45.662	
O1):-0.774	O2):39.11	
O1):-0.669	O2):29.05	
O1):-0.85	O2):55.351	
O1):-0.86	O2):56.38	
O1):-0.814	O2):48.358	
O1):-0.771	O2):38.636	
O1):-0.792	O2):40.598	
O1):-0.808	O2):45.285	
O1):-0.745	O2):35.199	
O1):-0.778	O2):40.403	
O1):-0.797	O2):43.745	
O1):-0.823	O2):49.804	
O1):-0.803	O2):44.973	
O1):-0.764	O2):38.457	
O1):-0.706	O2):33.744	
O1):-0.769	O2):38.673	
O1):-0.754	O2):38.493	
O1):-0.796	O2):41.167	
O1):-0.777	O2):39.451	
O1):-0.664	O2):30.368	
O1):-0.754	O2):38.493	
O1):-0.763	O2):40.341	
O1):-0.786	O2):40.583	
O1):-0.805	O2):45.365	
O1):-0.811	O2):45.944	
O1):-0.797	O2):41.976	
O1):-0.792	O2):40.553	
O1):-0.829	O2):51.65	
O1):-0.85	O2):50.654	
O1):-0.772	O2):38.831	
O1):-0.839	O2):51.375	
O1):-0.83	O2):50.577	
O1):-0.808	O2):45.285	
O1):-0.791	O2):40.545	
O1):-0.778	O2):40.403	
O1):-0.766	O2):39.682	
O1):-0.796	O2):41.914	
O1):-0.842	O2):51.666	
O1):-0.778	O2):40.543	
O1):-0.797	O2):44.327	
O1):-0.702	O2):35.462	
O1):-0.729	O2):35.211	
O1):-0.84	O2):50.72	
O1):-0.811	O2):45.944	
O1):-0.777	O2):39.499	
O1):-0.774	O2):39.065	
O1):-0.834	O2):49.884	
O1):-0.75	O2):36.737	
O1):-0.837	O2):50.09	
O1):-0.785	O2):41.106	
O1):-0.801	O2):45.09	
O1):-0.708	O2):33.336	
O1):-0.809	O2):45.949	
O1):-0.84	O2):50.72	
O1):-0.771	O2):38.609	
O1):-0.729	O2):34.457	
O1):-0.773	O2):39.372	
O1):-0.847	O2):50.725	
O1):-0.829	O2):50.268	
O1):-0.724	O2):33.93	
O1):-0.804	O2):45.297	
O1):-0.655	O2):29.907	
O1):-0.769	O2):39.288	
O1):-0.73	O2):34.9	
O1):-0.793	O2):40.775	
O1):-0.743	O2):34.792	
O1):-0.746	O2):35.926	
O1):-0.813	O2):45.288	
O1):-0.826	O2):49.35	
O1):-0.821	O2):45.999	
O1):-0.775	O2):39.34	
O1):-0.771	O2):40.122	
O1):-0.796	O2):43.27	
O1):-0.797	O2):41.83	
O1):-0.828	O2):49.835	
O1):-0.822	O2):49.565	
O1):-0.837	O2):50.09	
O1):-0.811	O2):46.472	
O1):-0.705	O2):34.086	
O1):-0.701	O2):34.448	
O1):-0.829	O2):47.023	
O1):-0.774	O2):40.428	
O1):-0.711	O2):33.736	
O1):-0.833	O2):50.263	
O1):-0.743	O2):34.792	
O1):-0.803	O2):45.291	
O1):-0.709	O2):34.491	
O1):-0.77	O2):38.686	
O1):-0.826	O2):49.926	
O1):-0.775	O2):40.479	
O1):-0.774	O2):39.11	
O1):-0.793	O2):40.743	
O1):-0.772	O2):40.248	
O1):-0.75	O2):36.747	
O1):-0.79	O2):40.321	
O1):-0.827	O2):51.13	
O1):-0.771	O2):38.792	
O1):-0.774	O2):39.057	
O1):-0.825	O2):46.426	
O1):-0.804	O2):45.297	
O1):-0.764	O2):39.786	
O1):-0.73	O2):34.9	
O1):-0.765	O2):41.528	
O1):-0.774	O2):39.21	
O1):-0.733	O2):35.093	
O1):-0.747	O2):36.514	
O1):-0.687	O2):31.084	
O1):-0.756	O2):40.835	
O1):-0.826	O2):49.776	
O1):-0.827	O2):46.233	
O1):-0.722	O2):34.267	
O1):-0.745	O2):35.653	
O1):-0.803	O2):46.18	
O1):-0.803	O2):44.752	
O1):-0.703	O2):33.357	
O1):-0.847	O2):50.725	
O1):-0.706	O2):33.748	
O1):-0.797	O2):41.829	
O1):-0.837	O2):51.014	
O1):-0.776	O2):40.05	
O1):-0.814	O2):45.277	
O1):-0.77	O2):38.738	
O1):-0.663	O2):29.301	
O1):-0.725	O2):33.938	
O1):-0.71	O2):33.369	
O1):-0.799	O2):43.898	
O1):-0.803	O2):45.425	
O1):-0.823	O2):45.985	
O1):-0.743	O2):36.173	
O1):-0.818	O2):46.342	
O1):-0.796	O2):42.192	
O1):-0.768	O2):38.484	
O1):-0.805	O2):45.402	
O1):-0.764	O2):38.457	
O1):-0.803	O2):44.753	
O1):-0.756	O2):39.978	
O1):-0.823	O2):49.804	
O1):-0.773	O2):39.022	
O1):-0.776	O2):39.773	
O1):-0.804	O2):45.297	
O1):-0.778	O2):40.403	
O1):-0.797	O2):44.635	
O1):-0.849	O2):50.892	
O1):-0.816	O2):45.275	
Evaluations:	1700
O1):-0.711	O2):33.736	
O1):-0.752	O2):37.296	
O1):-0.774	O2):39.065	
O1):-0.811	O2):46.334	
O1):-0.767	O2):38.374	
O1):-0.729	O2):34.678	
O1):-0.765	O2):38.766	
O1):-0.723	O2):34.104	
O1):-0.81	O2):45.862	
O1):-0.775	O2):39.306	
O1):-0.834	O2):49.884	
O1):-0.837	O2):51.016	
O1):-0.794	O2):41.879	
O1):-0.773	O2):39.173	
O1):-0.818	O2):45.778	
O1):-0.809	O2):49.14	
O1):-0.79	O2):40.582	
O1):-0.823	O2):49.804	
O1):-0.819	O2):50.236	
O1):-0.685	O2):31.072	
O1):-0.752	O2):37.891	
O1):-0.765	O2):37.523	
O1):-0.775	O2):40.796	
O1):-0.761	O2):36.083	
O1):-0.767	O2):38.965	
O1):-0.829	O2):50.268	
O1):-0.754	O2):38.493	
O1):-0.818	O2):45.662	
O1):-0.808	O2):45.827	
O1):-0.769	O2):39.287	
O1):-0.673	O2):29.635	
O1):-0.798	O2):44.203	
O1):-0.826	O2):49.926	
O1):-0.826	O2):49.926	
O1):-0.711	O2):33.736	
O1):-0.75	O2):37.028	
O1):-0.832	O2):50.219	
O1):-0.825	O2):50.086	
O1):-0.823	O2):45.675	
O1):-0.796	O2):41.335	
O1):-0.796	O2):41.198	
O1):-0.772	O2):38.911	
O1):-0.769	O2):38.761	
O1):-0.86	O2):56.38	
O1):-0.716	O2):33.547	
O1):-0.769	O2):39.287	
O1):-0.674	O2):29.652	
O1):-0.715	O2):35.517	
O1):-0.808	O2):45.574	
O1):-0.838	O2):51.329	
O1):-0.851	O2):55.224	
O1):-0.705	O2):34.086	
O1):-0.749	O2):38.204	
O1):-0.708	O2):33.335	
O1):-0.743	O2):34.792	
O1):-0.763	O2):38.247	
O1):-0.828	O2):46.836	
O1):-0.742	O2):35.758	
O1):-0.799	O2):44.848	
Starting PrismExecutor worker 3 on port 15083
Starting PrismExecutor worker 1 on port 15081
Connected worker 3 to port 15083
Connected worker 1 to port 15081
O1):-0.829	O2):50.2	
O1):-0.736	O2):36.416	
O1):-0.824	O2):50.062	
O1):-0.776	O2):40.314	
O1):-0.752	O2):37.296	
O1):-0.765	O2):41.528	
O1):-0.834	O2):50.342	
O1):-0.792	O2):40.551	
O1):-0.832	O2):50.22	
O1):-0.797	O2):41.97	
O1):-0.763	O2):36.555	
O1):-0.739	O2):38.177	
O1):-0.733	O2):35.432	
O1):-0.851	O2):55.224	
O1):-0.85	O2):50.752	
O1):-0.705	O2):34.086	
O1):-0.741	O2):34.561	
O1):-0.743	O2):36.172	
O1):-0.752	O2):37.296	
O1):-0.792	O2):40.552	
O1):-0.824	O2):46.589	
O1):-0.705	O2):33.69	
O1):-0.747	O2):35.464	
O1):-0.799	O2):43.741	
O1):-0.851	O2):55.35	
O1):-0.811	O2):46.334	
O1):-0.791	O2):41.4	
O1):-0.788	O2):40.454	
O1):-0.775	O2):40.478	
O1):-0.727	O2):34.383	
O1):-0.777	O2):39.451	
O1):-0.684	O2):31.005	
O1):-0.776	O2):39.493	
O1):-0.744	O2):36.38	
O1):-0.674	O2):29.652	
O1):-0.796	O2):43.27	
O1):-0.787	O2):45.143	
O1):-0.673	O2):29.635	
O1):-0.823	O2):45.809	
O1):-0.822	O2):46.043	
O1):-0.773	O2):40.19	
Evaluations:	1400
O1):-0.708	O2):33.336	
O1):-0.718	O2):35.096	
O1):-0.754	O2):36.152	
O1):-0.811	O2):46.334	
O1):-0.731	O2):34.732	
O1):-0.802	O2):45.195	
O1):-0.763	O2):38.482	
O1):-0.736	O2):36.416	
O1):-0.794	O2):43.585	
O1):-0.694	O2):33.167	
O1):-0.767	O2):43.614	
O1):-0.766	O2):38.366	
O1):-0.775	O2):39.367	
O1):-0.775	O2):40.643	
O1):-0.713	O2):33.855	
O1):-0.84	O2):50.72	
O1):-0.811	O2):46.334	
O1):-0.73	O2):34.908	
O1):-0.778	O2):39.755	
O1):-0.711	O2):33.736	
O1):-0.777	O2):40.956	
O1):-0.748	O2):39.022	
O1):-0.84	O2):50.72	
O1):-0.811	O2):46.334	
O1):-0.778	O2):39.702	
O1):-0.761	O2):35.995	
O1):-0.778	O2):40.403	
O1):-0.726	O2):34.979	
O1):-0.778	O2):39.701	
O1):-0.85	O2):50.752	
O1):-0.741	O2):35.922	
O1):-0.748	O2):38.314	
O1):-0.792	O2):40.551	
O1):-0.845	O2):50.527	
O1):-0.805	O2):45.402	
O1):-0.785	O2):40.813	
O1):-0.707	O2):33.251	
O1):-0.822	O2):45.677	
O1):-0.741	O2):35.128	
O1):-0.771	O2):39.024	
O1):-0.804	O2):45.434	
O1):-0.804	O2):45.22	
O1):-0.755	O2):40.226	
O1):-0.729	O2):34.765	
O1):-0.797	O2):43.74	
O1):-0.828	O2):46.549	
O1):-0.824	O2):46.337	
O1):-0.802	O2):44.273	
O1):-0.728	O2):34.431	
O1):-0.779	O2):42.965	
O1):-0.688	O2):31.228	
O1):-0.773	O2):39.037	
O1):-0.813	O2):48.556	
O1):-0.798	O2):43.794	
O1):-0.804	O2):45.543	
O1):-0.732	O2):34.821	
O1):-0.85	O2):50.752	
O1):-0.741	O2):36.192	
O1):-0.775	O2):39.34	
O1):-0.798	O2):44.203	
O1):-0.747	O2):35.964	
O1):-0.807	O2):45.532	
O1):-0.776	O2):40.05	
O1):-0.796	O2):43.27	
O1):-0.724	O2):34.101	
O1):-0.792	O2):41.034	
O1):-0.753	O2):41.226	
O1):-0.718	O2):33.729	
O1):-0.757	O2):40.841	
O1):-0.729	O2):34.679	
O1):-0.792	O2):41.156	
O1):-0.713	O2):33.855	
O1):-0.772	O2):40.246	
O1):-0.764	O2):38.457	
O1):-0.734	O2):36.133	
O1):-0.77	O2):40.425	
O1):-0.828	O2):46.549	
O1):-0.774	O2):39.052	
O1):-0.714	O2):34.454	
O1):-0.821	O2):46.853	
O1):-0.727	O2):34.868	
O1):-0.671	O2):29.657	
O1):-0.801	O2):45.09	
O1):-0.736	O2):35.215	
O1):-0.688	O2):32.908	
O1):-0.706	O2):33.434	
O1):-0.687	O2):31.085	
O1):-0.757	O2):40.08	
O1):-0.707	O2):33.251	
O1):-0.826	O2):46.217	
O1):-0.734	O2):35.994	
O1):-0.826	O2):46.062	
O1):-0.791	O2):43.563	
O1):-0.758	O2):38.971	
O1):-0.799	O2):45.723	
O1):-0.776	O2):40.88	
O1):-0.744	O2):36.38	
O1):-0.768	O2):38.484	
O1):-0.801	O2):44.149	
O1):-0.828	O2):50.44	
O1):-0.747	O2):36.021	
O1):-0.739	O2):40.637	
O1):-0.764	O2):38.737	
O1):-0.771	O2):39.024	
O1):-0.743	O2):34.797	
Evaluations:	1600
O1):-0.811	O2):46.04	
O1):-0.806	O2):45.463	
O1):-0.835	O2):50.953	
O1):-0.868	O2):55.933	
O1):-0.85	O2):50.752	
O1):-0.796	O2):42.192	
O1):-0.766	O2):38.366	
O1):-0.657	O2):29.402	
O1):-0.766	O2):39.692	
O1):-0.77	O2):39.422	
O1):-0.821	O2):45.717	
O1):-0.711	O2):33.736	
O1):-0.711	O2):33.736	
O1):-0.795	O2):41.12	
O1):-0.765	O2):38.679	
O1):-0.724	O2):33.867	
O1):-0.73	O2):35.232	
O1):-0.77	O2):38.734	
O1):-0.727	O2):34.868	
O1):-0.825	O2):50.086	
O1):-0.775	O2):39.641	
O1):-0.713	O2):33.891	
O1):-0.707	O2):33.332	
O1):-0.77	O2):39.859	
O1):-0.775	O2):39.489	
O1):-0.765	O2):38.766	
O1):-0.716	O2):33.547	
O1):-0.752	O2):37.296	
O1):-0.79	O2):40.3	
O1):-0.784	O2):41.323	
O1):-0.796	O2):41.167	
O1):-0.823	O2):46.09	
O1):-0.815	O2):45.611	
O1):-0.737	O2):35.446	
O1):-0.802	O2):44.927	
O1):-0.766	O2):40.701	
O1):-0.854	O2):59.622	
O1):-0.727	O2):34.868	
O1):-0.774	O2):39.081	
O1):-0.797	O2):41.97	
O1):-0.792	O2):40.551	
O1):-0.703	O2):34.589	
O1):-0.745	O2):36.273	
O1):-0.761	O2):40.553	
O1):-0.826	O2):46.179	
O1):-0.746	O2):35.926	
O1):-0.84	O2):50.72	
O1):-0.801	O2):45.092	
O1):-0.686	O2):30.152	
O1):-0.724	O2):34.41	
O1):-0.774	O2):39.116	
O1):-0.778	O2):40.242	
O1):-0.783	O2):40.052	
O1):-0.796	O2):41.761	
O1):-0.711	O2):33.736	
O1):-0.778	O2):40.29	
O1):-0.707	O2):34.456	
O1):-0.822	O2):45.873	
O1):-0.827	O2):50.033	
O1):-0.745	O2):35.768	
O1):-0.774	O2):39.182	
O1):-0.795	O2):43.444	
O1):-0.774	O2):39.065	
O1):-0.77	O2):39.604	
O1):-0.822	O2):49.565	
O1):-0.778	O2):40.403	
O1):-0.777	O2):39.451	
O1):-0.763	O2):38.399	
O1):-0.752	O2):37.296	
O1):-0.85	O2):50.752	
O1):-0.791	O2):40.481	
O1):-0.796	O2):41.198	
O1):-0.814	O2):44.98	
O1):-0.749	O2):39.656	
O1):-0.79	O2):40.582	
O1):-0.763	O2):38.399	
O1):-0.686	O2):32.931	
O1):-0.672	O2):31.7	
O1):-0.773	O2):39.176	
O1):-0.849	O2):51.039	
O1):-0.763	O2):38.482	
O1):-0.823	O2):46.269	
O1):-0.747	O2):36.021	
O1):-0.738	O2):35.004	
O1):-0.8	O2):44.019	
O1):-0.846	O2):50.639	
O1):-0.78	O2):40.923	
O1):-0.725	O2):33.938	
O1):-0.765	O2):37.523	
O1):-0.78	O2):40.697	
O1):-0.825	O2):50.086	
O1):-0.733	O2):34.737	
O1):-0.68	O2):30.312	
O1):-0.778	O2):40.631	
O1):-0.73	O2):34.801	
O1):-0.818	O2):46.342	
O1):-0.804	O2):45.297	
O1):-0.779	O2):39.747	
O1):-0.795	O2):41.12	
O1):-0.729	O2):34.678	
O1):-0.785	O2):44.72	
O1):-0.764	O2):38.654	
O1):-0.825	O2):49.759	
O1):-0.783	O2):40.052	
O1):-0.724	O2):33.903	
O1):-0.794	O2):40.874	
O1):-0.799	O2):43.741	
O1):-0.868	O2):55.933	
O1):-0.774	O2):39.096	
O1):-0.822	O2):45.677	
O1):-0.743	O2):36.173	
O1):-0.854	O2):59.622	
O1):-0.713	O2):33.895	
O1):-0.778	O2):40.747	
O1):-0.762	O2):41.616	
O1):-0.773	O2):39.041	
O1):-0.743	O2):35.427	
O1):-0.739	O2):37.647	
O1):-0.792	O2):40.568	
O1):-0.73	O2):34.885	
O1):-0.743	O2):34.837	
O1):-0.801	O2):45.018	
O1):-0.825	O2):46.514	
O1):-0.794	O2):40.885	
O1):-0.802	O2):44.852	
O1):-0.824	O2):50.062	
O1):-0.734	O2):36.019	
O1):-0.725	O2):34.103	
O1):-0.738	O2):35.457	
O1):-0.825	O2):50.086	
O1):-0.772	O2):38.804	
O1):-0.688	O2):31.228	
O1):-0.791	O2):40.481	
O1):-0.735	O2):35.832	
O1):-0.772	O2):38.911	
O1):-0.852	O2):55.538	
O1):-0.823	O2):46.269	
O1):-0.773	O2):39.372	
O1):-0.83	O2):50.577	
O1):-0.825	O2):46.285	
O1):-0.81	O2):46.145	
O1):-0.802	O2):44.851	
O1):-0.669	O2):29.05	
O1):-0.85	O2):55.351	
O1):-0.761	O2):35.995	
O1):-0.775	O2):39.255	
O1):-0.836	O2):50.687	
O1):-0.745	O2):35.074	
O1):-0.825	O2):46.198	
O1):-0.803	O2):45.923	
O1):-0.774	O2):39.081	
O1):-0.798	O2):44.203	
O1):-0.759	O2):40.359	
O1):-0.777	O2):39.475	
O1):-0.771	O2):38.7	
O1):-0.736	O2):36.416	
O1):-0.829	O2):47.023	
O1):-0.775	O2):39.34	
O1):-0.808	O2):45.827	
O1):-0.817	O2):45.566	
O1):-0.747	O2):36.021	
O1):-0.776	O2):39.578	
O1):-0.77	O2):38.558	
O1):-0.817	O2):46.256	
O1):-0.761	O2):43.578	
O1):-0.68	O2):30.312	
O1):-0.799	O2):43.563	
O1):-0.807	O2):45.692	
O1):-0.798	O2):44.203	
O1):-0.797	O2):43.748	
O1):-0.791	O2):40.854	
O1):-0.775	O2):39.34	
O1):-0.783	O2):40.052	
O1):-0.828	O2):46.709	
O1):-0.822	O2):49.565	
O1):-0.773	O2):39.022	
O1):-0.806	O2):45.983	
O1):-0.711	O2):33.736	
O1):-0.79	O2):40.582	
O1):-0.854	O2):56.606	
O1):-0.775	O2):39.255	
O1):-0.831	O2):50.48	
O1):-0.775	O2):39.435	
O1):-0.735	O2):36.822	
O1):-0.744	O2):36.192	
O1):-0.743	O2):36.172	
O1):-0.711	O2):33.737	
O1):-0.711	O2):33.736	
O1):-0.714	O2):34.454	
O1):-0.774	O2):39.057	
O1):-0.838	O2):51.327	
O1):-0.672	O2):29.667	
O1):-0.814	O2):44.98	
O1):-0.814	O2):45.277	
O1):-0.775	O2):39.254	
O1):-0.744	O2):35.462	
O1):-0.799	O2):43.898	
O1):-0.722	O2):33.772	
O1):-0.769	O2):39.287	
O1):-0.725	O2):34.124	
O1):-0.765	O2):38.766	
O1):-0.733	O2):35.093	
O1):-0.826	O2):46.252	
O1):-0.723	O2):34.089	
Evaluations:	1500
O1):-0.772	O2):38.851	
O1):-0.747	O2):36.496	
O1):-0.671	O2):29.337	
O1):-0.741	O2):35.926	
O1):-0.842	O2):51.666	
Starting PrismExecutor worker 2 on port 15082
O1):-0.75	O2):40.531	
Connected worker 2 to port 15082
O1):-0.799	O2):43.563	
O1):-0.779	O2):39.747	
O1):-0.748	O2):36.27	
O1):-0.828	O2):46.549	
O1):-0.728	O2):34.424	
O1):-0.827	O2):50.033	
O1):-0.804	O2):44.996	
O1):-0.776	O2):39.358	
Evaluations:	1500
O1):-0.766	O2):38.902	
O1):-0.795	O2):41.614	
O1):-0.79	O2):40.3	
O1):-0.725	O2):34.104	
O1):-0.794	O2):41.502	
O1):-0.795	O2):41.12	
O1):-0.817	O2):46.374	
O1):-0.724	O2):33.892	
O1):-0.775	O2):40.068	
O1):-0.719	O2):34.801	
O1):-0.773	O2):40.806	
O1):-0.663	O2):29.301	
O1):-0.682	O2):30.987	
O1):-0.809	O2):45.949	
O1):-0.754	O2):38.493	
O1):-0.657	O2):29.422	
O1):-0.741	O2):35.918	
O1):-0.751	O2):40.746	
O1):-0.775	O2):40.112	
O1):-0.736	O2):35.215	
O1):-0.818	O2):48.834	
O1):-0.717	O2):33.565	
O1):-0.74	O2):35.113	
O1):-0.723	O2):33.877	
O1):-0.787	O2):45.143	
O1):-0.791	O2):40.655	
O1):-0.823	O2):46.269	
Evaluations:	1600
O1):-0.85	O2):50.752	
O1):-0.808	O2):45.749	
O1):-0.792	O2):40.551	
O1):-0.694	O2):33.167	
O1):-0.714	O2):34.454	
O1):-0.815	O2):45.26	
O1):-0.673	O2):30.853	
O1):-0.848	O2):50.903	
O1):-0.739	O2):35.56	
O1):-0.719	O2):34.801	
O1):-0.847	O2):50.725	
O1):-0.792	O2):40.641	
O1):-0.772	O2):40.774	
O1):-0.829	O2):50.2	
O1):-0.779	O2):39.747	
O1):-0.815	O2):48.608	
O1):-0.797	O2):41.976	
O1):-0.784	O2):43.794	
O1):-0.724	O2):34.101	
O1):-0.75	O2):36.737	
O1):-0.774	O2):39.081	
O1):-0.777	O2):41.578	
O1):-0.795	O2):41.614	
O1):-0.655	O2):29.907	
O1):-0.727	O2):34.383	
O1):-0.824	O2):46.145	
O1):-0.756	O2):39.042	
O1):-0.711	O2):33.957	
O1):-0.774	O2):39.11	
O1):-0.782	O2):39.968	
O1):-0.772	O2):38.83	
O1):-0.795	O2):43.168	
O1):-0.849	O2):51.039	
O1):-0.772	O2):39.062	
O1):-0.797	O2):41.976	
O1):-0.703	O2):33.405	
O1):-0.723	O2):36.286	
O1):-0.801	O2):45.092	
O1):-0.765	O2):37.523	
O1):-0.763	O2):39.968	
O1):-0.849	O2):51.039	
O1):-0.815	O2):45.611	
O1):-0.752	O2):38.248	
O1):-0.724	O2):33.951	
O1):-0.775	O2):39.435	
O1):-0.744	O2):35.119	
O1):-0.791	O2):43.555	
O1):-0.73	O2):34.885	
O1):-0.818	O2):45.842	
O1):-0.779	O2):45.763	
O1):-0.729	O2):35.069	
O1):-0.815	O2):45.678	
O1):-0.735	O2):35.213	
O1):-0.772	O2):38.836	
O1):-0.827	O2):46.266	
O1):-0.764	O2):38.737	
O1):-0.766	O2):38.793	
O1):-0.699	O2):34.905	
O1):-0.732	O2):35.39	
O1):-0.77	O2):39.474	
O1):-0.765	O2):37.523	
O1):-0.775	O2):39.34	
O1):-0.741	O2):35.925	
O1):-0.77	O2):38.686	
O1):-0.74	O2):35.817	
O1):-0.732	O2):35.602	
O1):-0.796	O2):43.513	
O1):-0.792	O2):45.206	
O1):-0.697	O2):35.428	
O1):-0.727	O2):34.383	
O1):-0.766	O2):38.366	
O1):-0.754	O2):38.493	
O1):-0.771	O2):40.586	
O1):-0.772	O2):38.826	
O1):-0.826	O2):49.35	
O1):-0.78	O2):40.524	
O1):-0.749	O2):37.638	
O1):-0.775	O2):39.306	
O1):-0.791	O2):40.481	
O1):-0.714	O2):34.498	
O1):-0.775	O2):40.479	
O1):-0.729	O2):34.686	
O1):-0.809	O2):46.11	
O1):-0.772	O2):39.062	
O1):-0.701	O2):35.451	
O1):-0.772	O2):40.263	
O1):-0.731	O2):36.385	
O1):-0.754	O2):38.493	
O1):-0.732	O2):34.821	
O1):-0.694	O2):33.167	
O1):-0.666	O2):29.593	
O1):-0.851	O2):51.214	
O1):-0.789	O2):40.408	
O1):-0.724	O2):33.889	
O1):-0.738	O2):37.98	
O1):-0.733	O2):35.431	
O1):-0.772	O2):38.899	
O1):-0.832	O2):50.268	
O1):-0.711	O2):33.378	
O1):-0.777	O2):39.487	
O1):-0.722	O2):33.692	
O1):-0.774	O2):39.052	
O1):-0.762	O2):38.271	
O1):-0.799	O2):43.741	
O1):-0.797	O2):41.97	
O1):-0.692	O2):33.283	
O1):-0.717	O2):33.564	
O1):-0.778	O2):40.817	
O1):-0.778	O2):39.755	
O1):-0.792	O2):40.558	
O1):-0.767	O2):38.965	
O1):-0.811	O2):46.334	
O1):-0.664	O2):30.368	
O1):-0.801	O2):45.09	
O1):-0.773	O2):39.372	
O1):-0.793	O2):40.743	
O1):-0.807	O2):45.537	
O1):-0.833	O2):50.263	
O1):-0.818	O2):45.662	
O1):-0.772	O2):40.378	
O1):-0.698	O2):33.091	
O1):-0.79	O2):40.266	
O1):-0.772	O2):38.806	
O1):-0.775	O2):39.68	
O1):-0.775	O2):39.435	
O1):-0.744	O2):36.38	
O1):-0.805	O2):45.365	
O1):-0.727	O2):35.337	
O1):-0.791	O2):40.443	
O1):-0.805	O2):45.365	
O1):-0.741	O2):35.918	
O1):-0.771	O2):38.736	
O1):-0.706	O2):35.46	
O1):-0.744	O2):36.38	
O1):-0.821	O2):45.717	
O1):-0.738	O2):35.004	
O1):-0.691	O2):30.704	
O1):-0.713	O2):33.855	
O1):-0.764	O2):38.654	
Starting PrismExecutor worker 0 on port 15080
O1):-0.776	O2):39.371	
Connected worker 0 to port 15080
O1):-0.767	O2):39.066	
O1):-0.723	O2):33.863	
O1):-0.813	O2):48.288	
O1):-0.726	O2):34.751	
O1):-0.736	O2):35.461	
O1):-0.775	O2):39.15	
O1):-0.795	O2):45.426	
O1):-0.803	O2):45.15	
O1):-0.731	O2):34.728	
O1):-0.772	O2):38.854	
O1):-0.794	O2):40.885	
O1):-0.736	O2):36.416	
O1):-0.813	O2):45.288	
O1):-0.814	O2):44.98	
O1):-0.655	O2):29.907	
O1):-0.822	O2):45.676	
O1):-0.827	O2):51.13	
O1):-0.728	O2):34.458	
O1):-0.729	O2):35.069	
O1):-0.772	O2):38.768	
O1):-0.669	O2):31.452	
O1):-0.816	O2):45.275	
O1):-0.798	O2):44.298	
O1):-0.723	O2):34.089	
O1):-0.803	O2):45.291	
O1):-0.797	O2):41.97	
O1):-0.778	O2):40.403	
O1):-0.772	O2):38.743	
O1):-0.811	O2):46.334	
O1):-0.741	O2):35.241	
Evaluations:	1700
O1):-0.79	O2):43.456	
O1):-0.722	O2):33.772	
O1):-0.774	O2):39.181	
O1):-0.801	O2):45.092	
O1):-0.821	O2):45.569	
O1):-0.764	O2):38.597	
O1):-0.838	O2):51.327	
O1):-0.723	O2):34.089	
O1):-0.778	O2):41.451	
O1):-0.723	O2):34.089	
O1):-0.79	O2):40.475	
O1):-0.774	O2):39.096	
O1):-0.772	O2):38.826	
O1):-0.846	O2):50.639	
O1):-0.747	O2):36.021	
O1):-0.846	O2):50.639	
O1):-0.799	O2):44.252	
O1):-0.767	O2):38.965	
O1):-0.818	O2):45.573	
O1):-0.772	O2):40.152	
O1):-0.791	O2):40.567	
O1):-0.792	O2):40.568	
O1):-0.74	O2):35.811	
O1):-0.818	O2):46.342	
O1):-0.735	O2):34.925	
O1):-0.765	O2):38.766	
O1):-0.763	O2):38.548	
O1):-0.777	O2):39.475	
O1):-0.79	O2):40.265	
O1):-0.769	O2):39.287	
O1):-0.77	O2):38.738	
O1):-0.82	O2):45.64	
O1):-0.813	O2):46.463	
O1):-0.816	O2):45.275	
O1):-0.751	O2):40.246	
O1):-0.789	O2):40.408	
O1):-0.715	O2):34.479	
O1):-0.793	O2):40.773	
O1):-0.714	O2):33.452	
O1):-0.702	O2):34.92	
O1):-0.8	O2):44.013	
O1):-0.733	O2):34.801	
O1):-0.771	O2):38.736	
O1):-0.775	O2):39.255	
O1):-0.821	O2):45.64	
O1):-0.684	O2):30.905	
O1):-0.797	O2):41.976	
O1):-0.805	O2):45.402	
O1):-0.744	O2):35.119	
O1):-0.763	O2):36.627	
O1):-0.817	O2):45.73	
O1):-0.685	O2):30.894	
O1):-0.721	O2):33.497	
O1):-0.745	O2):35.074	
O1):-0.817	O2):45.702	
O1):-0.799	O2):44.848	
O1):-0.778	O2):41.155	
O1):-0.773	O2):38.915	
O1):-0.797	O2):43.749	
O1):-0.765	O2):37.524	
O1):-0.778	O2):39.701	
O1):-0.692	O2):33.282	
O1):-0.848	O2):50.44	
O1):-0.772	O2):38.768	
O1):-0.744	O2):36.079	
O1):-0.764	O2):38.732	
O1):-0.738	O2):35.046	
O1):-0.806	O2):45.326	
O1):-0.771	O2):38.736	
O1):-0.807	O2):45.692	
O1):-0.767	O2):37.646	
O1):-0.708	O2):34.935	
O1):-0.745	O2):35.074	
O1):-0.85	O2):50.752	
O1):-0.772	O2):38.753	
O1):-0.826	O2):50.819	
O1):-0.825	O2):46.285	
O1):-0.777	O2):40.041	
O1):-0.835	O2):50.521	
O1):-0.818	O2):45.573	
O1):-0.818	O2):45.662	
O1):-0.71	O2):33.388	
O1):-0.72	O2):35.632	
O1):-0.818	O2):45.573	
O1):-0.767	O2):38.406	
O1):-0.796	O2):43.27	
O1):-0.772	O2):38.839	
O1):-0.766	O2):37.602	
O1):-0.729	O2):34.678	
O1):-0.742	O2):34.608	
O1):-0.735	O2):35.213	
O1):-0.672	O2):30.107	
O1):-0.738	O2):37.98	
O1):-0.783	O2):40.052	
O1):-0.784	O2):43.733	
O1):-0.794	O2):40.874	
O1):-0.822	O2):45.873	
O1):-0.854	O2):59.622	
O1):-0.743	O2):35.461	
O1):-0.734	O2):36.218	
O1):-0.795	O2):43.886	
O1):-0.7	O2):34.324	
O1):-0.793	O2):40.775	
O1):-0.783	O2):40.108	
O1):-0.819	O2):50.057	
O1):-0.739	O2):35.365	
O1):-0.802	O2):44.927	
O1):-0.83	O2):50.577	
O1):-0.794	O2):41.493	
O1):-0.847	O2):50.903	
O1):-0.798	O2):44.298	
O1):-0.845	O2):50.485	
O1):-0.729	O2):34.765	
O1):-0.763	O2):36.555	
O1):-0.718	O2):33.729	
O1):-0.822	O2):45.676	
O1):-0.816	O2):45.275	
O1):-0.794	O2):43.002	
O1):-0.767	O2):38.374	
O1):-0.744	O2):34.919	
O1):-0.735	O2):35.832	
O1):-0.828	O2):46.966	
O1):-0.824	O2):46.589	
O1):-0.764	O2):38.606	
O1):-0.774	O2):39.163	
O1):-0.729	O2):34.765	
O1):-0.674	O2):29.652	
O1):-0.787	O2):43.46	
O1):-0.797	O2):41.829	
O1):-0.731	O2):34.073	
O1):-0.822	O2):45.676	
O1):-0.75	O2):36.737	
O1):-0.673	O2):30.853	
O1):-0.73	O2):34.912	
O1):-0.802	O2):45.11	
O1):-0.806	O2):47.999	
O1):-0.79	O2):40.321	
O1):-0.813	O2):48.303	
O1):-0.737	O2):35.465	
O1):-0.709	O2):34.838	
O1):-0.684	O2):30.905	
O1):-0.804	O2):45.805	
O1):-0.705	O2):34.825	
O1):-0.768	O2):40.097	
O1):-0.815	O2):45.51	
O1):-0.794	O2):40.873	
Evaluations:	1700
O1):-0.765	O2):37.523	
O1):-0.765	O2):38.697	
O1):-0.711	O2):33.378	
Starting PrismExecutor worker 4 on port 15084
O1):-0.825	O2):46.426	
O1):-0.763	O2):40.942	
O1):-0.745	O2):36.299	
Connected worker 4 to port 15084
O1):-0.799	O2):44.252	
O1):-0.778	O2):40.226	
O1):-0.851	O2):51.232	
O1):-0.828	O2):49.787	
O1):-0.718	O2):35.15	
O1):-0.826	O2):46.495	
O1):-0.814	O2):44.98	
O1):-0.776	O2):43.36	
O1):-0.77	O2):38.41	
O1):-0.77	O2):38.734	
O1):-0.728	O2):34.431	
O1):-0.759	O2):42.134	
O1):-0.788	O2):45.585	
O1):-0.725	O2):34.587	
O1):-0.763	O2):38.399	
O1):-0.806	O2):48.563	
O1):-0.792	O2):40.568	
O1):-0.791	O2):43.562	
O1):-0.799	O2):44.848	
O1):-0.802	O2):44.852	
O1):-0.764	O2):38.457	
O1):-0.795	O2):41.614	
O1):-0.795	O2):43.14	
O1):-0.822	O2):45.676	
O1):-0.85	O2):55.351	
O1):-0.772	O2):40.522	
O1):-0.795	O2):41.12	
O1):-0.738	O2):37.98	
O1):-0.803	O2):45.15	
O1):-0.807	O2):45.671	
O1):-0.767	O2):38.763	
O1):-0.793	O2):40.799	
O1):-0.85	O2):50.79	
O1):-0.801	O2):45.092	
O1):-0.727	O2):34.306	
O1):-0.779	O2):39.747	
O1):-0.8	O2):44.008	
O1):-0.801	O2):45.092	
O1):-0.765	O2):41.265	
O1):-0.724	O2):33.93	
O1):-0.772	O2):38.768	
O1):-0.814	O2):45.373	
O1):-0.732	O2):34.821	
O1):-0.765	O2):44.307	
O1):-0.816	O2):45.355	
O1):-0.705	O2):34.086	
O1):-0.772	O2):38.743	
O1):-0.724	O2):33.952	
O1):-0.799	O2):43.741	
O1):-0.793	O2):40.776	
O1):-0.729	O2):34.765	
O1):-0.776	O2):39.36	
O1):-0.779	O2):40.402	
O1):-0.741	O2):39.217	
O1):-0.686	O2):32.931	
O1):-0.732	O2):34.821	
O1):-0.815	O2):45.611	
O1):-0.742	O2):34.608	
O1):-0.708	O2):33.335	
O1):-0.794	O2):40.874	
O1):-0.699	O2):34.898	
O1):-0.772	O2):38.826	
O1):-0.774	O2):39.11	
O1):-0.711	O2):33.736	
Evaluations:	1600
O1):-0.789	O2):44.185	
O1):-0.703	O2):33.357	
O1):-0.829	O2):50.883	
O1):-0.801	O2):44.16	
O1):-0.814	O2):44.98	
O1):-0.734	O2):36.152	
O1):-0.736	O2):35.187	
O1):-0.85	O2):55.351	
O1):-0.772	O2):39.912	
O1):-0.775	O2):39.306	
O1):-0.826	O2):46.495	
O1):-0.792	O2):41.156	
O1):-0.803	O2):45.288	
O1):-0.703	O2):33.357	
O1):-0.764	O2):38.597	
O1):-0.801	O2):45.092	
O1):-0.801	O2):45.09	
O1):-0.768	O2):38.484	
O1):-0.803	O2):45.291	
O1):-0.737	O2):34.852	
O1):-0.772	O2):38.768	
O1):-0.736	O2):35.215	
O1):-0.846	O2):50.639	
O1):-0.793	O2):40.776	
O1):-0.681	O2):30.814	
O1):-0.73	O2):34.715	
O1):-0.828	O2):46.836	
O1):-0.783	O2):40.059	
O1):-0.828	O2):46.836	
O1):-0.766	O2):39.682	
O1):-0.776	O2):39.773	
O1):-0.801	O2):45.619	
O1):-0.724	O2):34.101	
O1):-0.766	O2):39.107	
O1):-0.745	O2):35.653	
O1):-0.749	O2):37.603	
O1):-0.743	O2):35.461	
O1):-0.772	O2):38.755	
O1):-0.765	O2):38.858	
O1):-0.793	O2):40.799	
O1):-0.656	O2):30.187	
O1):-0.836	O2):49.943	
O1):-0.804	O2):44.996	
O1):-0.73	O2):35.066	
O1):-0.736	O2):39.514	
O1):-0.766	O2):38.831	
O1):-0.776	O2):39.438	
O1):-0.8	O2):44.009	
O1):-0.803	O2):45.291	
O1):-0.79	O2):40.3	
O1):-0.79	O2):40.3	
O1):-0.814	O2):44.98	
O1):-0.752	O2):39.362	
O1):-0.724	O2):33.93	
O1):-0.777	O2):39.475	
O1):-0.721	O2):33.388	
O1):-0.818	O2):45.573	
O1):-0.744	O2):35.138	
O1):-0.854	O2):59.622	
O1):-0.722	O2):33.692	
O1):-0.758	O2):37.019	
O1):-0.779	O2):39.795	
O1):-0.748	O2):38.314	
O1):-0.799	O2):43.742	
O1):-0.736	O2):37.084	
O1):-0.796	O2):41.761	
O1):-0.851	O2):55.353	
O1):-0.747	O2):35.384	
O1):-0.777	O2):40.391	
O1):-0.705	O2):34.086	
O1):-0.773	O2):39.03	
O1):-0.76	O2):40.359	
O1):-0.797	O2):45.011	
O1):-0.763	O2):38.482	
O1):-0.799	O2):44.524	
O1):-0.794	O2):41.502	
O1):-0.779	O2):41.433	
O1):-0.713	O2):33.854	
O1):-0.851	O2):55.353	
O1):-0.774	O2):39.21	
O1):-0.823	O2):45.809	
O1):-0.772	O2):38.755	
O1):-0.819	O2):50.057	
O1):-0.745	O2):35.768	
Evaluations:	1800
O1):-0.802	O2):45.11	
O1):-0.794	O2):40.885	
O1):-0.703	O2):33.23	
Evaluations:	1400
O1):-0.824	O2):46.154	
O1):-0.79	O2):40.475	
O1):-0.741	O2):34.561	
O1):-0.657	O2):29.402	
O1):-0.824	O2):46.044	
O1):-0.774	O2):39.057	
O1):-0.711	O2):33.736	
O1):-0.797	O2):41.97	
O1):-0.745	O2):35.074	
O1):-0.653	O2):29.09	
O1):-0.707	O2):33.648	
O1):-0.733	O2):35.093	
O1):-0.779	O2):39.717	
O1):-0.767	O2):38.374	
O1):-0.735	O2):35.213	
Starting PrismExecutor worker 5 on port 15085
O1):-0.763	O2):39.624	
Connected worker 5 to port 15085
O1):-0.829	O2):47.023	
O1):-0.77	O2):42.221	
O1):-0.799	O2):44.252	
O1):-0.753	O2):39.21	
O1):-0.774	O2):39.211	
O1):-0.797	O2):43.74	
O1):-0.756	O2):38.48	
O1):-0.778	O2):39.701	
O1):-0.824	O2):46.154	
O1):-0.752	O2):37.296	
O1):-0.849	O2):54.965	
O1):-0.795	O2):43.022	
O1):-0.799	O2):44.524	
O1):-0.747	O2):35.464	
O1):-0.694	O2):33.167	
O1):-0.682	O2):30.987	
O1):-0.688	O2):31.066	
O1):-0.745	O2):40.128	
O1):-0.825	O2):46.425	
O1):-0.763	O2):38.524	
O1):-0.772	O2):38.907	
O1):-0.848	O2):50.903	
O1):-0.762	O2):40.155	
O1):-0.658	O2):29.437	
O1):-0.772	O2):38.907	
O1):-0.791	O2):40.545	
O1):-0.749	O2):36.82	
O1):-0.818	O2):45.662	
O1):-0.791	O2):40.443	
O1):-0.771	O2):38.736	
O1):-0.777	O2):39.718	
O1):-0.686	O2):32.931	
O1):-0.674	O2):29.652	
O1):-0.823	O2):45.675	
O1):-0.852	O2):55.538	
O1):-0.778	O2):39.83	
O1):-0.868	O2):55.933	
O1):-0.747	O2):35.964	
O1):-0.688	O2):31.228	
O1):-0.765	O2):40.529	
O1):-0.769	O2):38.761	
O1):-0.79	O2):40.3	
O1):-0.769	O2):39.287	
O1):-0.731	O2):34.727	
O1):-0.727	O2):34.306	
O1):-0.671	O2):31.434	
O1):-0.802	O2):44.273	
O1):-0.79	O2):43.653	
O1):-0.771	O2):38.792	
O1):-0.85	O2):55.351	
O1):-0.763	O2):36.627	
O1):-0.768	O2):39.217	
O1):-0.684	O2):30.861	
O1):-0.791	O2):40.613	
O1):-0.779	O2):45.763	
O1):-0.799	O2):43.898	
O1):-0.739	O2):38.177	
O1):-0.73	O2):34.742	
O1):-0.759	O2):39.201	
O1):-0.693	O2):33.536	
O1):-0.688	O2):31.228	
O1):-0.8	O2):43.789	
O1):-0.794	O2):40.874	
O1):-0.774	O2):39.11	
O1):-0.672	O2):31.7	
O1):-0.826	O2):46.217	
O1):-0.747	O2):35.464	
O1):-0.794	O2):40.902	
O1):-0.791	O2):40.513	
O1):-0.75	O2):36.737	
O1):-0.759	O2):39.832	
O1):-0.73	O2):34.912	
O1):-0.728	O2):34.356	
O1):-0.733	O2):35.573	
O1):-0.762	O2):38.551	
O1):-0.775	O2):39.297	
O1):-0.724	O2):33.878	
O1):-0.784	O2):40.482	
O1):-0.804	O2):44.996	
O1):-0.806	O2):45.463	
O1):-0.767	O2):39.082	
O1):-0.746	O2):35.936	
O1):-0.729	O2):34.765	
O1):-0.791	O2):40.513	
O1):-0.772	O2):38.839	
O1):-0.843	O2):51.715	
O1):-0.776	O2):40.572	
O1):-0.854	O2):56.606	
O1):-0.773	O2):39.013	
O1):-0.77	O2):38.734	
O1):-0.797	O2):45.011	
O1):-0.778	O2):40.226	
O1):-0.671	O2):29.337	
O1):-0.839	O2):51.375	
O1):-0.849	O2):51.039	
O1):-0.811	O2):45.944	
O1):-0.729	O2):34.457	
O1):-0.813	O2):47.997	
O1):-0.791	O2):40.513	
O1):-0.814	O2):45.337	
O1):-0.808	O2):45.809	
O1):-0.724	O2):35.126	
O1):-0.847	O2):50.903	
O1):-0.669	O2):29.081	
O1):-0.827	O2):46.266	
O1):-0.828	O2):46.549	
O1):-0.823	O2):45.675	
O1):-0.782	O2):39.968	
O1):-0.8	O2):43.789	
O1):-0.815	O2):45.611	
O1):-0.792	O2):45.081	
O1):-0.657	O2):29.402	
O1):-0.775	O2):39.339	
O1):-0.777	O2):40.041	
O1):-0.791	O2):40.614	
O1):-0.821	O2):45.569	
O1):-0.816	O2):49.584	
O1):-0.736	O2):35.461	
O1):-0.814	O2):44.98	
O1):-0.75	O2):36.747	
O1):-0.816	O2):49.581	
O1):-0.722	O2):34.829	
O1):-0.8	O2):44.027	
O1):-0.756	O2):40.6	
O1):-0.775	O2):39.435	
O1):-0.84	O2):50.72	
O1):-0.813	O2):45.229	
O1):-0.726	O2):34.29	
O1):-0.763	O2):39.107	
O1):-0.824	O2):45.996	
O1):-0.807	O2):45.532	
O1):-0.744	O2):34.919	
O1):-0.791	O2):40.854	
O1):-0.792	O2):40.551	
O1):-0.751	O2):36.918	
O1):-0.748	O2):38.314	
O1):-0.77	O2):38.734	
O1):-0.774	O2):39.11	
O1):-0.735	O2):38.676	
O1):-0.729	O2):34.678	
O1):-0.775	O2):39.154	
O1):-0.743	O2):35.461	
O1):-0.763	O2):38.524	
O1):-0.782	O2):40.096	
O1):-0.809	O2):46.111	
O1):-0.745	O2):37.847	
O1):-0.824	O2):45.878	
O1):-0.672	O2):30.107	
O1):-0.777	O2):41.095	
O1):-0.814	O2):44.98	
O1):-0.694	O2):33.167	
O1):-0.72	O2):34.846	
O1):-0.822	O2):45.676	
O1):-0.791	O2):40.513	
O1):-0.818	O2):46.342	
O1):-0.792	O2):40.558	
O1):-0.838	O2):51.327	
O1):-0.796	O2):41.773	
O1):-0.745	O2):35.768	
O1):-0.793	O2):40.827	
O1):-0.769	O2):38.761	
O1):-0.772	O2):38.755	
O1):-0.825	O2):45.937	
O1):-0.747	O2):36.021	
O1):-0.711	O2):33.736	
O1):-0.797	O2):43.74	
O1):-0.823	O2):45.977	
O1):-0.824	O2):45.937	
O1):-0.847	O2):54.803	
O1):-0.796	O2):42.192	
O1):-0.711	O2):33.834	
O1):-0.667	O2):29.82	
O1):-0.762	O2):36.901	
Starting PrismExecutor worker 3 on port 15033
Connected worker 3 to port 15033
O1):-0.814	O2):44.98	
O1):-0.821	O2):45.717	
O1):-0.771	O2):38.903	
O1):-0.771	O2):40.115	
O1):-0.759	O2):39.127	
O1):-0.791	O2):44.443	
O1):-0.8	O2):43.969	
O1):-0.808	O2):45.285	
O1):-0.774	O2):39.11	
O1):-0.782	O2):42.245	
O1):-0.747	O2):36.021	
O1):-0.775	O2):39.254	
O1):-0.671	O2):31.483	
O1):-0.745	O2):35.074	
O1):-0.757	O2):36.371	
O1):-0.8	O2):44.785	
O1):-0.798	O2):46.143	
O1):-0.742	O2):36.192	
O1):-0.782	O2):41.122	
O1):-0.818	O2):45.662	
O1):-0.781	O2):45.106	
O1):-0.799	O2):43.563	
O1):-0.828	O2):46.549	
O1):-0.672	O2):31.702	
O1):-0.8	O2):44.935	
O1):-0.783	O2):40.059	
O1):-0.764	O2):38.737	
O1):-0.806	O2):45.326	
O1):-0.795	O2):41.614	
O1):-0.783	O2):40.707	
O1):-0.735	O2):35.832	
O1):-0.823	O2):45.765	
O1):-0.735	O2):35.832	
O1):-0.728	O2):34.461	
O1):-0.785	O2):40.813	
O1):-0.771	O2):38.713	
O1):-0.785	O2):40.813	
O1):-0.827	O2):46.235	
O1):-0.772	O2):38.826	
O1):-0.716	O2):33.547	
O1):-0.793	O2):44.93	
O1):-0.77	O2):38.734	
O1):-0.773	O2):39.176	
O1):-0.769	O2):38.44	
O1):-0.724	O2):34.101	
O1):-0.673	O2):29.632	
O1):-0.743	O2):34.837	
O1):-0.775	O2):39.683	
O1):-0.796	O2):45.529	
O1):-0.783	O2):40.108	
O1):-0.703	O2):34.969	
O1):-0.763	O2):36.556	
O1):-0.658	O2):29.409	
O1):-0.655	O2):29.907	
O1):-0.86	O2):56.38	
O1):-0.691	O2):30.704	
O1):-0.806	O2):48.563	
O1):-0.777	O2):39.502	
O1):-0.727	O2):34.868	
O1):-0.726	O2):34.751	
O1):-0.731	O2):34.728	
O1):-0.796	O2):45.564	
O1):-0.698	O2):33.091	
O1):-0.714	O2):34.454	
O1):-0.835	O2):50.953	
O1):-0.776	O2):39.358	
O1):-0.814	O2):44.98	
O1):-0.828	O2):50.439	
O1):-0.776	O2):40.649	
O1):-0.775	O2):39.367	
O1):-0.726	O2):34.751	
O1):-0.805	O2):45.402	
O1):-0.742	O2):34.608	
O1):-0.726	O2):35.002	
O1):-0.708	O2):35.419	
O1):-0.807	O2):45.532	
O1):-0.799	O2):44.524	
O1):-0.73	O2):34.715	
O1):-0.85	O2):50.654	
O1):-0.795	O2):41.614	
O1):-0.825	O2):51.002	
O1):-0.735	O2):36.369	
O1):-0.77	O2):38.514	
O1):-0.79	O2):40.321	
O1):-0.743	O2):36.172	
Evaluations:	1500
O1):-0.722	O2):33.772	
O1):-0.706	O2):33.434	
O1):-0.791	O2):40.854	
O1):-0.77	O2):39.474	
O1):-0.793	O2):40.776	
O1):-0.827	O2):46.233	
O1):-0.8	O2):44.051	
O1):-0.815	O2):49.642	
O1):-0.826	O2):49.926	
O1):-0.826	O2):50.819	
O1):-0.776	O2):39.358	
O1):-0.767	O2):38.469	
O1):-0.802	O2):44.927	
O1):-0.769	O2):40.047	
O1):-0.811	O2):46.334	
O1):-0.808	O2):45.285	
O1):-0.736	O2):35.461	
O1):-0.706	O2):33.434	
O1):-0.79	O2):43.456	
O1):-0.773	O2):39.037	
O1):-0.702	O2):33.175	
O1):-0.825	O2):45.937	
O1):-0.795	O2):43.89	
O1):-0.77	O2):38.734	
O1):-0.799	O2):45.394	
O1):-0.731	O2):40.677	
O1):-0.825	O2):45.937	
O1):-0.825	O2):46.426	
O1):-0.736	O2):36.555	
O1):-0.771	O2):38.736	
O1):-0.791	O2):40.513	
O1):-0.796	O2):42.192	
O1):-0.821	O2):45.717	
O1):-0.764	O2):38.457	
O1):-0.796	O2):42.192	
O1):-0.806	O2):45.463	
O1):-0.712	O2):34.569	
O1):-0.745	O2):35.648	
O1):-0.708	O2):33.335	
O1):-0.826	O2):49.926	
O1):-0.811	O2):46.334	
O1):-0.767	O2):38.965	
O1):-0.801	O2):45.092	
O1):-0.827	O2):46.235	
O1):-0.822	O2):45.873	
O1):-0.821	O2):45.78	
O1):-0.743	O2):34.792	
Evaluations:	1700
O1):-0.767	O2):38.374	
O1):-0.79	O2):40.3	
O1):-0.834	O2):50.342	
O1):-0.827	O2):46.235	
O1):-0.761	O2):40.673	
O1):-0.728	O2):34.461	
O1):-0.739	O2):35.56	
O1):-0.722	O2):33.772	
O1):-0.806	O2):45.463	
O1):-0.69	O2):31.299	
O1):-0.68	O2):30.312	
O1):-0.744	O2):35.462	
O1):-0.786	O2):44.095	
O1):-0.77	O2):38.734	
O1):-0.774	O2):39.116	
O1):-0.868	O2):55.933	
O1):-0.792	O2):40.551	
O1):-0.824	O2):45.937	
O1):-0.815	O2):45.611	
O1):-0.733	O2):34.801	
O1):-0.771	O2):38.641	
O1):-0.736	O2):35.215	
O1):-0.785	O2):40.869	
O1):-0.793	O2):40.827	
O1):-0.84	O2):50.72	
O1):-0.74	O2):35.113	
O1):-0.791	O2):40.481	
O1):-0.733	O2):35.093	
O1):-0.817	O2):45.567	
O1):-0.815	O2):45.51	
O1):-0.726	O2):34.631	
Starting PrismExecutor worker 0 on port 15090
O1):-0.727	O2):34.383	
O1):-0.726	O2):34.631	
Connected worker 0 to port 15090
O1):-0.775	O2):41.004	
O1):-0.777	O2):39.457	
O1):-0.765	O2):41.265	
O1):-0.743	O2):36.172	
O1):-0.802	O2):46.597	
O1):-0.772	O2):39.048	
O1):-0.769	O2):39.243	
O1):-0.791	O2):40.481	
O1):-0.796	O2):41.198	
O1):-0.809	O2):45.949	
O1):-0.726	O2):34.29	
O1):-0.776	O2):39.438	
O1):-0.74	O2):35.12	
O1):-0.805	O2):45.612	
O1):-0.727	O2):34.302	
O1):-0.768	O2):38.484	
O1):-0.834	O2):50.342	
O1):-0.773	O2):39.176	
O1):-0.748	O2):36.196	
O1):-0.773	O2):38.915	
O1):-0.825	O2):46.05	
O1):-0.777	O2):39.58	
O1):-0.771	O2):38.736	
O1):-0.797	O2):41.829	
O1):-0.776	O2):39.371	
O1):-0.731	O2):35.156	
O1):-0.776	O2):39.773	
O1):-0.777	O2):40.41	
O1):-0.813	O2):45.288	
O1):-0.703	O2):33.419	
O1):-0.725	O2):37.977	
O1):-0.8	O2):43.786	
O1):-0.682	O2):30.987	
O1):-0.776	O2):39.773	
O1):-0.672	O2):31.7	
O1):-0.845	O2):50.527	
O1):-0.657	O2):29.389	
O1):-0.772	O2):40.502	
O1):-0.703	O2):33.23	
O1):-0.848	O2):50.903	
O1):-0.766	O2):38.366	
O1):-0.767	O2):39.288	
O1):-0.742	O2):35.758	
O1):-0.79	O2):40.25	
O1):-0.705	O2):33.69	
O1):-0.821	O2):50.066	
O1):-0.849	O2):51.039	
O1):-0.778	O2):39.755	
O1):-0.847	O2):50.725	
O1):-0.769	O2):39.287	
O1):-0.732	O2):34.821	
O1):-0.791	O2):40.481	
O1):-0.815	O2):45.611	
O1):-0.756	O2):39.579	
O1):-0.796	O2):41.761	
O1):-0.771	O2):38.7	
O1):-0.801	O2):45.092	
O1):-0.729	O2):34.872	
O1):-0.77	O2):40.232	
O1):-0.669	O2):29.617	
O1):-0.798	O2):43.69	
O1):-0.74	O2):35.811	
O1):-0.821	O2):45.717	
O1):-0.817	O2):49.798	
O1):-0.73	O2):34.904	
O1):-0.854	O2):56.606	
O1):-0.826	O2):50.819	
O1):-0.749	O2):37.603	
O1):-0.71	O2):33.369	
O1):-0.794	O2):40.885	
O1):-0.821	O2):45.64	
O1):-0.778	O2):39.755	
O1):-0.826	O2):50.044	
O1):-0.772	O2):38.826	
O1):-0.746	O2):36.012	
O1):-0.77	O2):38.686	
O1):-0.752	O2):36.92	
O1):-0.754	O2):38.493	
O1):-0.726	O2):34.287	
O1):-0.717	O2):35.329	
O1):-0.79	O2):40.3	
O1):-0.815	O2):45.261	
O1):-0.8	O2):43.969	
O1):-0.742	O2):34.608	
O1):-0.779	O2):39.717	
O1):-0.743	O2):40.152	
O1):-0.79	O2):40.3	
O1):-0.772	O2):40.047	
O1):-0.795	O2):43.473	
O1):-0.791	O2):40.443	
O1):-0.683	O2):32.8	
O1):-0.846	O2):50.639	
O1):-0.724	O2):33.892	
O1):-0.749	O2):35.435	
O1):-0.732	O2):35.251	
O1):-0.823	O2):45.809	
O1):-0.771	O2):39.907	
O1):-0.795	O2):41.12	
O1):-0.797	O2):41.97	
O1):-0.725	O2):34.713	
O1):-0.725	O2):33.938	
O1):-0.774	O2):39.21	
O1):-0.765	O2):37.523	
O1):-0.802	O2):45.119	
O1):-0.854	O2):56.606	
O1):-0.806	O2):45.569	
O1):-0.809	O2):45.869	
O1):-0.768	O2):39.25	
O1):-0.764	O2):41.456	
O1):-0.726	O2):34.631	
O1):-0.809	O2):46.11	
O1):-0.726	O2):34.751	
O1):-0.752	O2):37.296	
O1):-0.719	O2):33.729	
O1):-0.784	O2):40.481	
O1):-0.767	O2):39.066	
O1):-0.715	O2):33.716	
O1):-0.772	O2):38.826	
O1):-0.716	O2):33.547	
O1):-0.828	O2):46.709	
O1):-0.789	O2):40.408	
O1):-0.79	O2):40.321	
O1):-0.785	O2):40.813	
O1):-0.689	O2):30.504	
O1):-0.736	O2):35.215	
O1):-0.663	O2):29.301	
O1):-0.74	O2):35.811	
O1):-0.664	O2):30.368	
O1):-0.793	O2):40.773	
O1):-0.791	O2):40.481	
O1):-0.802	O2):44.273	
O1):-0.727	O2):35.026	
O1):-0.769	O2):38.763	
Evaluations:	1700
O1):-0.764	O2):38.457	
O1):-0.794	O2):40.873	
O1):-0.761	O2):39.994	
O1):-0.725	O2):35.392	
O1):-0.811	O2):46.334	
O1):-0.84	O2):50.72	
O1):-0.728	O2):34.356	
O1):-0.802	O2):45.119	
O1):-0.825	O2):45.937	
O1):-0.801	O2):45.09	
Evaluations:	1600
O1):-0.799	O2):43.563	
O1):-0.731	O2):36.385	
O1):-0.771	O2):38.609	
O1):-0.784	O2):40.692	
O1):-0.794	O2):40.873	
O1):-0.784	O2):40.481	
O1):-0.772	O2):38.743	
O1):-0.796	O2):42.192	
O1):-0.847	O2):50.725	
O1):-0.776	O2):39.438	
O1):-0.771	O2):38.722	
O1):-0.85	O2):50.752	
O1):-0.798	O2):43.879	
O1):-0.779	O2):40.526	
O1):-0.85	O2):50.752	
O1):-0.771	O2):38.636	
O1):-0.8	O2):44.019	
O1):-0.69	O2):31.299	
O1):-0.751	O2):37.455	
O1):-0.805	O2):45.402	
O1):-0.848	O2):50.558	
O1):-0.773	O2):39.372	
O1):-0.822	O2):45.796	
O1):-0.805	O2):45.402	
O1):-0.776	O2):39.485	
O1):-0.795	O2):41.12	
O1):-0.773	O2):39.022	
O1):-0.817	O2):46.374	
Starting PrismExecutor worker 1 on port 15041
Connected worker 1 to port 15041
O1):-0.793	O2):43.245	
O1):-0.742	O2):34.608	
O1):-0.737	O2):35.446	
O1):-0.713	O2):33.855	
O1):-0.772	O2):38.743	
O1):-0.814	O2):44.98	
O1):-0.807	O2):45.418	
O1):-0.772	O2):38.804	
O1):-0.698	O2):33.091	
O1):-0.8	O2):44.935	
O1):-0.738	O2):35.004	
O1):-0.846	O2):50.443	
O1):-0.711	O2):33.736	
O1):-0.726	O2):34.942	
O1):-0.838	O2):51.327	
O1):-0.848	O2):50.44	
O1):-0.779	O2):39.747	
O1):-0.739	O2):38.177	
O1):-0.668	O2):29.648	
O1):-0.794	O2):40.874	
O1):-0.775	O2):39.367	
O1):-0.794	O2):41.502	
O1):-0.807	O2):45.671	
O1):-0.742	O2):34.608	
O1):-0.746	O2):35.975	
O1):-0.747	O2):36.021	
O1):-0.793	O2):40.776	
O1):-0.798	O2):42.095	
O1):-0.795	O2):43.14	
O1):-0.825	O2):46.198	
O1):-0.763	O2):38.524	
O1):-0.8	O2):43.789	
O1):-0.824	O2):46.337	
O1):-0.824	O2):46.337	
O1):-0.792	O2):40.551	
O1):-0.775	O2):39.148	
O1):-0.766	O2):38.793	
O1):-0.782	O2):40.994	
O1):-0.827	O2):46.622	
O1):-0.743	O2):34.837	
O1):-0.74	O2):38.221	
O1):-0.813	O2):46.463	
O1):-0.828	O2):50.439	
O1):-0.673	O2):30.853	
O1):-0.724	O2):33.951	
O1):-0.672	O2):30.107	
O1):-0.729	O2):34.457	
O1):-0.742	O2):34.608	
O1):-0.764	O2):38.457	
O1):-0.715	O2):33.716	
O1):-0.717	O2):33.352	
O1):-0.817	O2):46.374	
O1):-0.827	O2):46.528	
O1):-0.764	O2):38.615	
O1):-0.769	O2):38.761	
O1):-0.711	O2):33.736	
O1):-0.73	O2):34.715	
O1):-0.852	O2):51.597	
O1):-0.778	O2):40.403	
O1):-0.776	O2):40.77	
O1):-0.799	O2):43.563	
O1):-0.709	O2):33.611	
O1):-0.711	O2):33.736	
O1):-0.724	O2):34.101	
O1):-0.796	O2):42.192	
O1):-0.745	O2):35.768	
O1):-0.736	O2):35.104	
O1):-0.797	O2):41.97	
O1):-0.791	O2):40.854	
O1):-0.818	O2):45.573	
O1):-0.712	O2):35.269	
O1):-0.725	O2):34.103	
O1):-0.668	O2):29.648	
O1):-0.773	O2):39.056	
O1):-0.8	O2):44.019	
O1):-0.791	O2):43.555	
O1):-0.804	O2):44.996	
O1):-0.684	O2):30.905	
O1):-0.847	O2):50.694	
O1):-0.848	O2):50.848	
O1):-0.795	O2):41.076	
O1):-0.688	O2):31.066	
O1):-0.809	O2):45.949	
O1):-0.842	O2):51.666	
O1):-0.803	O2):45.291	
O1):-0.673	O2):30.853	
O1):-0.669	O2):29.05	
O1):-0.763	O2):36.627	
O1):-0.66	O2):29.384	
O1):-0.79	O2):40.434	
O1):-0.773	O2):38.915	
O1):-0.797	O2):41.97	
O1):-0.859	O2):55.937	
O1):-0.737	O2):34.905	
O1):-0.829	O2):50.2	
Evaluations:	1800
O1):-0.731	O2):35.37	
O1):-0.819	O2):50.057	
Evaluations:	1800
O1):-0.765	O2):38.697	
O1):-0.793	O2):40.799	
Evaluations:	1600
O1):-0.723	O2):34.52	
O1):-0.842	O2):51.666	
O1):-0.791	O2):40.613	
O1):-0.74	O2):38.221	
O1):-0.78	O2):40.651	
O1):-0.849	O2):50.538	
O1):-0.74	O2):35.113	
O1):-0.763	O2):40.286	
O1):-0.805	O2):45.197	
O1):-0.847	O2):50.843	
O1):-0.738	O2):35.004	
O1):-0.77	O2):38.689	
O1):-0.74	O2):35.113	
O1):-0.799	O2):44.253	
O1):-0.794	O2):41.375	
O1):-0.713	O2):33.892	
O1):-0.825	O2):46.514	
O1):-0.85	O2):50.79	
O1):-0.777	O2):39.58	
O1):-0.831	O2):50.11	
O1):-0.788	O2):43.362	
O1):-0.791	O2):43.556	
O1):-0.848	O2):50.44	
O1):-0.793	O2):43.877	
O1):-0.769	O2):38.761	
O1):-0.814	O2):45.319	
O1):-0.711	O2):33.736	
O1):-0.747	O2):35.964	
O1):-0.798	O2):43.879	
O1):-0.776	O2):39.371	
O1):-0.776	O2):39.371	
O1):-0.792	O2):41.08	
O1):-0.758	O2):40.265	
O1):-0.686	O2):32.931	
O1):-0.799	O2):44.848	
O1):-0.723	O2):36.291	
O1):-0.79	O2):44.977	
O1):-0.789	O2):43.353	
O1):-0.821	O2):45.569	
O1):-0.789	O2):43.353	
O1):-0.808	O2):45.397	
O1):-0.794	O2):40.885	
O1):-0.692	O2):31.159	
O1):-0.692	O2):31.159	
O1):-0.754	O2):38.493	
O1):-0.692	O2):31.159	
O1):-0.836	O2):49.943	
O1):-0.789	O2):40.408	
O1):-0.773	O2):39.022	
O1):-0.705	O2):33.893	
O1):-0.706	O2):33.434	
O1):-0.743	O2):36.248	
O1):-0.803	O2):45.291	
O1):-0.814	O2):48.178	
O1):-0.757	O2):38.797	
O1):-0.729	O2):35.069	
O1):-0.803	O2):44.753	
O1):-0.749	O2):35.435	
O1):-0.835	O2):50.953	
O1):-0.823	O2):45.675	
O1):-0.823	O2):45.985	
O1):-0.836	O2):51.281	
O1):-0.741	O2):35.918	
O1):-0.722	O2):33.692	
O1):-0.671	O2):30.094	
O1):-0.727	O2):35.042	
O1):-0.752	O2):36.92	
Starting PrismExecutor worker 2 on port 15012
O1):-0.805	O2):45.402	
Connected worker 2 to port 15012
O1):-0.686	O2):32.931	
O1):-0.804	O2):45.22	
O1):-0.834	O2):50.342	
O1):-0.724	O2):33.878	
O1):-0.774	O2):39.057	
O1):-0.802	O2):44.927	
O1):-0.766	O2):39.535	
O1):-0.733	O2):35.093	
O1):-0.803	O2):45.13	
O1):-0.804	O2):44.996	
O1):-0.806	O2):48.563	
O1):-0.851	O2):55.353	
O1):-0.816	O2):45.276	
O1):-0.717	O2):33.944	
O1):-0.802	O2):44.851	
O1):-0.799	O2):44.81	
O1):-0.849	O2):54.965	
O1):-0.786	O2):43.728	
O1):-0.792	O2):40.568	
O1):-0.796	O2):41.914	
O1):-0.741	O2):35.241	
O1):-0.805	O2):45.224	
O1):-0.826	O2):46.062	
O1):-0.803	O2):45.705	
O1):-0.825	O2):46.198	
O1):-0.769	O2):38.673	
O1):-0.849	O2):50.868	
O1):-0.762	O2):40.155	
O1):-0.79	O2):40.265	
O1):-0.792	O2):40.536	
O1):-0.8	O2):43.849	
O1):-0.82	O2):46.621	
O1):-0.828	O2):46.549	
O1):-0.772	O2):38.839	
O1):-0.77	O2):38.763	
O1):-0.818	O2):45.573	
O1):-0.775	O2):39.339	
O1):-0.758	O2):37.019	
O1):-0.774	O2):39.21	
O1):-0.725	O2):34.423	
O1):-0.773	O2):39.391	
O1):-0.749	O2):36.82	
O1):-0.778	O2):40.226	
O1):-0.777	O2):39.451	
O1):-0.797	O2):41.97	
O1):-0.724	O2):33.93	
O1):-0.853	O2):56.296	
O1):-0.673	O2):30.853	
O1):-0.733	O2):35.431	
O1):-0.711	O2):33.834	
O1):-0.829	O2):50.836	
O1):-0.79	O2):43.287	
O1):-0.783	O2):40.052	
O1):-0.793	O2):40.887	
O1):-0.842	O2):49.987	
O1):-0.773	O2):38.911	
O1):-0.838	O2):50.292	
O1):-0.783	O2):40.052	
O1):-0.808	O2):45.839	
O1):-0.785	O2):40.487	
O1):-0.849	O2):54.965	
O1):-0.772	O2):38.826	
O1):-0.802	O2):44.273	
O1):-0.763	O2):36.556	
O1):-0.703	O2):33.23	
O1):-0.671	O2):30.094	
O1):-0.802	O2):44.273	
O1):-0.767	O2):38.965	
O1):-0.77	O2):38.734	
O1):-0.778	O2):39.755	
O1):-0.833	O2):50.232	
O1):-0.709	O2):33.611	
O1):-0.796	O2):43.27	
O1):-0.823	O2):45.985	
O1):-0.763	O2):38.482	
O1):-0.733	O2):35.431	
O1):-0.773	O2):38.915	
O1):-0.724	O2):34.101	
O1):-0.702	O2):33.174	
O1):-0.817	O2):45.566	
O1):-0.694	O2):33.167	
O1):-0.803	O2):45.15	
O1):-0.68	O2):30.312	
O1):-0.818	O2):45.574	
O1):-0.708	O2):33.639	
O1):-0.743	O2):34.794	
O1):-0.799	O2):44.524	
O1):-0.791	O2):40.513	
O1):-0.77	O2):38.734	
O1):-0.673	O2):29.632	
O1):-0.743	O2):34.837	
O1):-0.739	O2):38.177	
O1):-0.748	O2):38.314	
O1):-0.799	O2):43.564	
O1):-0.764	O2):38.737	
O1):-0.772	O2):39.959	
O1):-0.806	O2):45.32	
O1):-0.717	O2):33.352	
O1):-0.764	O2):38.654	
O1):-0.72	O2):36.068	
O1):-0.822	O2):45.873	
O1):-0.724	O2):34.101	
O1):-0.741	O2):34.565	
O1):-0.704	O2):34.961	
O1):-0.85	O2):50.654	
O1):-0.772	O2):38.839	
O1):-0.827	O2):46.233	
O1):-0.743	O2):35.461	
O1):-0.825	O2):46.198	
O1):-0.777	O2):39.475	
O1):-0.741	O2):34.561	
O1):-0.785	O2):40.813	
O1):-0.773	O2):40.213	
O1):-0.744	O2):40.024	
O1):-0.771	O2):38.636	
O1):-0.725	O2):33.938	
O1):-0.737	O2):34.852	
O1):-0.806	O2):48.563	
O1):-0.742	O2):35.758	
O1):-0.818	O2):45.562	
O1):-0.763	O2):39.91	
O1):-0.731	O2):35.117	
O1):-0.714	O2):34.454	
O1):-0.731	O2):34.052	
O1):-0.765	O2):38.679	
O1):-0.797	O2):43.675	
O1):-0.713	O2):33.855	
O1):-0.826	O2):46.643	
O1):-0.772	O2):38.826	
O1):-0.657	O2):29.402	
O1):-0.8	O2):44.008	
O1):-0.764	O2):40.467	
O1):-0.794	O2):41.481	
O1):-0.802	O2):44.273	
O1):-0.729	O2):34.678	
O1):-0.794	O2):40.943	
O1):-0.81	O2):45.905	
O1):-0.795	O2):44.312	
O1):-0.826	O2):49.35	
O1):-0.729	O2):34.525	
O1):-0.775	O2):40.112	
O1):-0.772	O2):39.912	
O1):-0.763	O2):38.399	
O1):-0.803	O2):44.973	
O1):-0.793	O2):40.743	
O1):-0.762	O2):38.346	
O1):-0.808	O2):45.539	
O1):-0.814	O2):44.98	
O1):-0.822	O2):45.873	
O1):-0.771	O2):38.7	
O1):-0.778	O2):39.701	
O1):-0.824	O2):46.337	
O1):-0.785	O2):44.987	
O1):-0.836	O2):49.943	
O1):-0.847	O2):50.826	
O1):-0.726	O2):34.751	
O1):-0.845	O2):50.485	
O1):-0.717	O2):33.945	
O1):-0.775	O2):39.297	
O1):-0.772	O2):38.768	
O1):-0.752	O2):39.408	
O1):-0.815	O2):45.611	
O1):-0.774	O2):39.052	
O1):-0.666	O2):29.593	
O1):-0.824	O2):46.154	
O1):-0.692	O2):31.159	
O1):-0.657	O2):29.402	
O1):-0.745	O2):35.768	
O1):-0.726	O2):34.287	
O1):-0.776	O2):39.434	
O1):-0.775	O2):39.297	
O1):-0.83	O2):50.577	
O1):-0.767	O2):38.406	
O1):-0.726	O2):34.631	
O1):-0.795	O2):43.473	
O1):-0.743	O2):35.426	
O1):-0.815	O2):48.604	
Starting PrismExecutor worker 0 on port 15030
O1):-0.688	O2):33.666	
O1):-0.731	O2):34.727	
Connected worker 0 to port 15030
O1):-0.733	O2):34.737	
O1):-0.764	O2):38.457	
O1):-0.838	O2):51.327	
O1):-0.812	O2):46.017	
O1):-0.745	O2):35.074	
O1):-0.824	O2):45.937	
O1):-0.849	O2):54.965	
O1):-0.729	O2):34.953	
O1):-0.671	O2):29.337	
O1):-0.777	O2):40.041	
O1):-0.851	O2):51.189	
O1):-0.79	O2):40.404	
O1):-0.846	O2):50.639	
O1):-0.84	O2):50.72	
O1):-0.773	O2):39.022	
O1):-0.766	O2):38.366	
O1):-0.808	O2):45.285	
O1):-0.801	O2):45.092	
O1):-0.733	O2):34.737	
O1):-0.818	O2):46.032	
O1):-0.774	O2):39.074	
O1):-0.744	O2):34.919	
O1):-0.664	O2):30.368	
O1):-0.85	O2):50.654	
O1):-0.777	O2):39.475	
O1):-0.846	O2):50.639	
O1):-0.816	O2):45.275	
O1):-0.796	O2):41.198	
O1):-0.723	O2):34.7	
O1):-0.669	O2):29.05	
O1):-0.754	O2):38.493	
O1):-0.77	O2):38.734	
O1):-0.741	O2):34.561	
O1):-0.798	O2):43.69	
O1):-0.804	O2):45.297	
O1):-0.742	O2):35.163	
O1):-0.847	O2):50.725	
O1):-0.792	O2):40.551	
O1):-0.698	O2):33.091	
Evaluations:	1700
O1):-0.804	O2):48.149	
O1):-0.79	O2):40.265	
O1):-0.686	O2):32.931	
O1):-0.703	O2):33.23	
O1):-0.729	O2):34.765	
O1):-0.742	O2):35.163	
O1):-0.765	O2):38.679	
O1):-0.748	O2):40.448	
O1):-0.791	O2):40.661	
O1):-0.74	O2):38.221	
O1):-0.794	O2):40.885	
O1):-0.798	O2):43.723	
O1):-0.666	O2):29.593	
O1):-0.813	O2):45.141	
O1):-0.794	O2):44.947	
O1):-0.825	O2):46.19	
O1):-0.763	O2):38.4	
O1):-0.774	O2):39.052	
O1):-0.774	O2):39.065	
O1):-0.782	O2):39.956	
O1):-0.794	O2):41.394	
O1):-0.772	O2):40.481	
O1):-0.772	O2):38.805	
O1):-0.803	O2):45.15	
O1):-0.815	O2):45.51	
O1):-0.68	O2):30.312	
O1):-0.705	O2):33.69	
O1):-0.842	O2):51.666	
O1):-0.826	O2):46.062	
O1):-0.761	O2):35.995	
O1):-0.766	O2):38.793	
O1):-0.842	O2):51.666	
O1):-0.824	O2):46.589	
O1):-0.774	O2):40.261	
O1):-0.851	O2):55.2	
O1):-0.774	O2):39.21	
O1):-0.819	O2):45.574	
O1):-0.811	O2):45.944	
O1):-0.775	O2):39.481	
O1):-0.808	O2):45.397	
O1):-0.77	O2):38.734	
O1):-0.764	O2):38.453	
O1):-0.796	O2):41.167	
O1):-0.737	O2):35.232	
O1):-0.816	O2):45.376	
O1):-0.733	O2):35.093	
O1):-0.798	O2):44.298	
O1):-0.774	O2):39.053	
O1):-0.824	O2):46.337	
O1):-0.797	O2):41.97	
O1):-0.68	O2):30.312	
O1):-0.824	O2):45.996	
O1):-0.805	O2):45.198	
O1):-0.778	O2):40.226	
O1):-0.763	O2):36.627	
O1):-0.806	O2):45.463	
O1):-0.852	O2):56.367	
O1):-0.758	O2):37.019	
O1):-0.85	O2):50.654	
O1):-0.795	O2):43.473	
O1):-0.729	O2):34.678	
O1):-0.771	O2):38.656	
O1):-0.794	O2):40.885	
O1):-0.764	O2):39.645	
O1):-0.784	O2):40.824	
O1):-0.731	O2):35.051	
O1):-0.758	O2):37.019	
O1):-0.769	O2):38.673	
O1):-0.772	O2):40.368	
O1):-0.733	O2):35.093	
O1):-0.773	O2):39.164	
O1):-0.821	O2):45.569	
O1):-0.73	O2):35.47	
O1):-0.802	O2):45.119	
O1):-0.808	O2):45.397	
O1):-0.799	O2):43.899	
O1):-0.76	O2):38.917	
O1):-0.791	O2):40.481	
Evaluations:	1900
O1):-0.827	O2):46.235	
O1):-0.668	O2):29.639	
O1):-0.792	O2):40.563	
O1):-0.778	O2):40.226	
O1):-0.848	O2):50.903	
O1):-0.77	O2):38.686	
O1):-0.703	O2):33.405	
O1):-0.794	O2):40.943	
O1):-0.736	O2):36.416	
O1):-0.669	O2):29.083	
O1):-0.827	O2):50.034	
O1):-0.8	O2):44.008	
O1):-0.707	O2):34.167	
O1):-0.794	O2):50.516	
O1):-0.736	O2):36.416	
O1):-0.725	O2):34.103	
O1):-0.749	O2):38.204	
O1):-0.773	O2):39.372	
O1):-0.851	O2):55.224	
O1):-0.819	O2):50.057	
O1):-0.831	O2):50.48	
O1):-0.838	O2):51.327	
O1):-0.688	O2):31.228	
O1):-0.8	O2):43.969	
O1):-0.732	O2):35.915	
O1):-0.804	O2):45.297	
O1):-0.774	O2):39.11	
O1):-0.829	O2):47.023	
O1):-0.73	O2):34.715	
O1):-0.847	O2):50.725	
O1):-0.829	O2):50.2	
O1):-0.818	O2):45.662	
O1):-0.808	O2):45.539	
O1):-0.68	O2):30.312	
O1):-0.78	O2):40.998	
O1):-0.828	O2):46.709	
O1):-0.738	O2):37.98	
O1):-0.774	O2):39.057	
O1):-0.796	O2):41.335	
O1):-0.746	O2):35.411	
O1):-0.772	O2):38.839	
O1):-0.801	O2):44.149	
O1):-0.801	O2):45.065	
O1):-0.785	O2):40.813	
O1):-0.793	O2):40.776	
O1):-0.744	O2):35.319	
O1):-0.744	O2):35.581	
O1):-0.798	O2):44.298	
O1):-0.801	O2):45.092	
O1):-0.804	O2):44.996	
O1):-0.714	O2):34.026	
O1):-0.666	O2):29.593	
O1):-0.738	O2):34.964	
O1):-0.729	O2):34.765	
O1):-0.832	O2):50.268	
O1):-0.795	O2):41.12	
Starting PrismExecutor worker 2 on port 15092
O1):-0.763	O2):36.554	
Connected worker 2 to port 15092
O1):-0.763	O2):38.524	
O1):-0.722	O2):33.772	
O1):-0.771	O2):38.792	
O1):-0.731	O2):34.727	
O1):-0.747	O2):35.464	
O1):-0.723	O2):36.238	
O1):-0.713	O2):33.888	
O1):-0.868	O2):55.933	
O1):-0.688	O2):30.495	
O1):-0.818	O2):45.573	
O1):-0.848	O2):50.44	
O1):-0.793	O2):40.827	
O1):-0.653	O2):29.51	
O1):-0.85	O2):50.79	
O1):-0.768	O2):39.217	
O1):-0.743	O2):36.172	
O1):-0.797	O2):41.97	
O1):-0.793	O2):40.776	
O1):-0.714	O2):34.454	
O1):-0.818	O2):45.778	
O1):-0.8	O2):44.008	
O1):-0.705	O2):33.69	
O1):-0.671	O2):31.434	
O1):-0.806	O2):48.532	
O1):-0.703	O2):33.419	
O1):-0.717	O2):34.14	
O1):-0.773	O2):38.915	
O1):-0.736	O2):35.215	
O1):-0.692	O2):33.285	
O1):-0.791	O2):40.443	
O1):-0.762	O2):38.551	
O1):-0.745	O2):35.768	
O1):-0.696	O2):35.098	
O1):-0.744	O2):36.192	
O1):-0.777	O2):39.457	
O1):-0.833	O2):50.357	
O1):-0.821	O2):45.569	
O1):-0.788	O2):44.441	
O1):-0.823	O2):45.977	
O1):-0.797	O2):44.32	
O1):-0.801	O2):45.09	
O1):-0.783	O2):40.108	
O1):-0.766	O2):38.862	
O1):-0.726	O2):34.189	
O1):-0.729	O2):34.678	
O1):-0.813	O2):45.141	
O1):-0.818	O2):46.342	
O1):-0.817	O2):46.261	
O1):-0.763	O2):36.627	
O1):-0.775	O2):40.711	
O1):-0.75	O2):36.747	
O1):-0.828	O2):46.709	
O1):-0.772	O2):38.743	
O1):-0.658	O2):29.41	
O1):-0.744	O2):35.471	
O1):-0.656	O2):29.387	
O1):-0.79	O2):40.3	
O1):-0.803	O2):45.13	
O1):-0.783	O2):40.108	
O1):-0.669	O2):29.05	
O1):-0.746	O2):35.975	
O1):-0.795	O2):41.19	
O1):-0.77	O2):39.275	
O1):-0.726	O2):34.751	
O1):-0.771	O2):38.736	
O1):-0.689	O2):30.504	
O1):-0.824	O2):49.793	
O1):-0.825	O2):46.015	
O1):-0.822	O2):45.677	
O1):-0.815	O2):45.51	
O1):-0.783	O2):40.108	
O1):-0.743	O2):34.858	
O1):-0.772	O2):38.768	
O1):-0.701	O2):33.856	
O1):-0.724	O2):33.902	
O1):-0.818	O2):45.662	
O1):-0.772	O2):38.831	
O1):-0.745	O2):35.654	
O1):-0.8	O2):43.789	
O1):-0.705	O2):34.086	
O1):-0.713	O2):39.467	
O1):-0.674	O2):29.652	
O1):-0.803	O2):44.973	
O1):-0.794	O2):40.885	
O1):-0.793	O2):40.827	
O1):-0.846	O2):50.639	
O1):-0.764	O2):38.409	
O1):-0.741	O2):35.918	
O1):-0.758	O2):37.019	
O1):-0.798	O2):44.203	
O1):-0.77	O2):38.41	
O1):-0.743	O2):34.837	
O1):-0.85	O2):50.752	
O1):-0.724	O2):34.101	
O1):-0.71	O2):34.038	
O1):-0.73	O2):35.066	
O1):-0.791	O2):40.613	
O1):-0.825	O2):46.43	
O1):-0.746	O2):35.926	
O1):-0.806	O2):45.509	
O1):-0.712	O2):35.099	
O1):-0.804	O2):44.996	
O1):-0.826	O2):46.062	
O1):-0.724	O2):34.101	
O1):-0.786	O2):40.934	
O1):-0.744	O2):35.105	
O1):-0.801	O2):44.149	
O1):-0.777	O2):39.475	
O1):-0.799	O2):44.74	
O1):-0.772	O2):38.83	
O1):-0.796	O2):41.335	
O1):-0.796	O2):43.513	
O1):-0.854	O2):56.606	
O1):-0.798	O2):43.723	
O1):-0.721	O2):33.388	
O1):-0.708	O2):33.335	
O1):-0.747	O2):35.964	
O1):-0.824	O2):46.337	
O1):-0.826	O2):49.35	
O1):-0.846	O2):50.639	
O1):-0.851	O2):55.354	
O1):-0.771	O2):38.792	
O1):-0.813	O2):45.288	
O1):-0.778	O2):40.403	
O1):-0.772	O2):38.83	
O1):-0.802	O2):44.273	
O1):-0.771	O2):39.021	
O1):-0.759	O2):39.055	
O1):-0.73	O2):34.912	
O1):-0.752	O2):37.863	
O1):-0.808	O2):45.397	
O1):-0.828	O2):46.549	
O1):-0.702	O2):34.347	
O1):-0.698	O2):33.091	
O1):-0.791	O2):40.443	
O1):-0.786	O2):40.583	
O1):-0.702	O2):33.174	
O1):-0.693	O2):33.626	
O1):-0.791	O2):40.854	
O1):-0.748	O2):38.993	
O1):-0.786	O2):41.197	
O1):-0.776	O2):40.447	
O1):-0.792	O2):40.558	
O1):-0.844	O2):51.347	
O1):-0.825	O2):45.872	
O1):-0.823	O2):45.985	
O1):-0.766	O2):38.366	
O1):-0.772	O2):40.046	
O1):-0.83	O2):50.577	
O1):-0.806	O2):45.935	
O1):-0.818	O2):45.662	
O1):-0.674	O2):29.652	
O1):-0.766	O2):41.135	
O1):-0.799	O2):43.563	
O1):-0.85	O2):51.087	
O1):-0.794	O2):40.902	
O1):-0.795	O2):43.14	
O1):-0.705	O2):33.602	
O1):-0.839	O2):51.375	
O1):-0.767	O2):37.646	
O1):-0.794	O2):45.676	
O1):-0.78	O2):40.929	
O1):-0.77	O2):38.734	
O1):-0.821	O2):45.717	
O1):-0.838	O2):51.327	
O1):-0.77	O2):40.229	
O1):-0.719	O2):35.67	
O1):-0.795	O2):41.615	
O1):-0.772	O2):38.839	
O1):-0.842	O2):51.666	
O1):-0.793	O2):43.127	
O1):-0.852	O2):55.289	
O1):-0.743	O2):34.89	
O1):-0.75	O2):36.747	
O1):-0.77	O2):40.437	
O1):-0.823	O2):45.809	
O1):-0.726	O2):34.456	
O1):-0.828	O2):50.014	
O1):-0.793	O2):40.776	
O1):-0.794	O2):40.873	
O1):-0.826	O2):49.35	
O1):-0.793	O2):43.267	
Starting PrismExecutor worker 2 on port 15032
Starting PrismExecutor worker 1 on port 15091
Connected worker 2 to port 15032
Connected worker 1 to port 15091
O1):-0.818	O2):45.662	
O1):-0.849	O2):54.965	
O1):-0.867	O2):55.844	
O1):-0.814	O2):44.98	
O1):-0.736	O2):35.215	
O1):-0.795	O2):43.473	
O1):-0.783	O2):40.108	
O1):-0.778	O2):39.756	
O1):-0.792	O2):44.104	
O1):-0.773	O2):39.013	
O1):-0.812	O2):54.999	
O1):-0.792	O2):41.156	
O1):-0.72	O2):36.762	
O1):-0.811	O2):47.0	
O1):-0.706	O2):33.744	
O1):-0.697	O2):33.524	
O1):-0.722	O2):35.992	
O1):-0.765	O2):37.523	
O1):-0.688	O2):31.065	
O1):-0.729	O2):34.457	
O1):-0.765	O2):38.521	
O1):-0.79	O2):40.265	
O1):-0.762	O2):36.287	
O1):-0.743	O2):35.461	
O1):-0.802	O2):44.927	
Evaluations:	1500
O1):-0.772	O2):38.768	
O1):-0.698	O2):33.091	
O1):-0.772	O2):39.048	
O1):-0.719	O2):35.758	
O1):-0.745	O2):35.074	
O1):-0.744	O2):35.119	
O1):-0.75	O2):36.737	
O1):-0.792	O2):40.551	
O1):-0.846	O2):50.639	
O1):-0.795	O2):45.154	
O1):-0.804	O2):45.271	
O1):-0.77	O2):38.738	
O1):-0.827	O2):46.266	
O1):-0.84	O2):50.72	
O1):-0.673	O2):29.629	
O1):-0.79	O2):40.3	
O1):-0.724	O2):33.903	
O1):-0.853	O2):56.296	
O1):-0.706	O2):33.744	
O1):-0.772	O2):38.787	
O1):-0.806	O2):44.844	
O1):-0.825	O2):46.084	
O1):-0.761	O2):39.387	
O1):-0.792	O2):40.762	
O1):-0.772	O2):38.839	
O1):-0.854	O2):56.606	
O1):-0.792	O2):40.568	
O1):-0.763	O2):38.376	
O1):-0.803	O2):46.18	
O1):-0.738	O2):35.046	
O1):-0.741	O2):35.918	
O1):-0.668	O2):29.648	
O1):-0.769	O2):38.582	
O1):-0.849	O2):50.892	
O1):-0.771	O2):38.636	
O1):-0.829	O2):50.2	
O1):-0.766	O2):38.878	
O1):-0.802	O2):45.11	
O1):-0.766	O2):39.101	
O1):-0.727	O2):34.868	
O1):-0.745	O2):35.074	
O1):-0.748	O2):38.314	
O1):-0.772	O2):39.912	
O1):-0.775	O2):39.255	
O1):-0.772	O2):38.854	
O1):-0.724	O2):33.902	
O1):-0.793	O2):40.743	
O1):-0.765	O2):38.766	
O1):-0.664	O2):30.368	
O1):-0.766	O2):38.793	
O1):-0.75	O2):36.737	
O1):-0.707	O2):33.647	
O1):-0.804	O2):45.428	
O1):-0.783	O2):40.052	
O1):-0.817	O2):45.566	
O1):-0.766	O2):38.793	
O1):-0.816	O2):45.376	
O1):-0.848	O2):50.902	
O1):-0.837	O2):50.09	
O1):-0.711	O2):33.736	
O1):-0.815	O2):49.071	
O1):-0.774	O2):39.081	
O1):-0.782	O2):40.096	
O1):-0.752	O2):38.252	
O1):-0.705	O2):34.086	
O1):-0.793	O2):40.827	
O1):-0.724	O2):33.93	
O1):-0.726	O2):34.287	
O1):-0.764	O2):38.409	
O1):-0.731	O2):35.117	
O1):-0.762	O2):38.271	
O1):-0.772	O2):40.522	
O1):-0.767	O2):37.599	
O1):-0.791	O2):40.537	
O1):-0.727	O2):34.666	
O1):-0.724	O2):33.951	
O1):-0.66	O2):29.384	
O1):-0.707	O2):33.332	
O1):-0.792	O2):40.568	
Evaluations:	1800
O1):-0.852	O2):55.538	
O1):-0.799	O2):43.564	
O1):-0.751	O2):40.087	
O1):-0.717	O2):34.535	
O1):-0.672	O2):29.651	
O1):-0.783	O2):40.052	
O1):-0.679	O2):30.32	
O1):-0.738	O2):37.98	
O1):-0.739	O2):38.177	
O1):-0.799	O2):44.848	
O1):-0.731	O2):34.727	
O1):-0.758	O2):40.331	
O1):-0.72	O2):33.48	
O1):-0.791	O2):40.615	
O1):-0.8	O2):44.019	
O1):-0.823	O2):45.806	
O1):-0.772	O2):38.83	
O1):-0.779	O2):39.717	
O1):-0.772	O2):38.743	
O1):-0.813	O2):45.288	
O1):-0.839	O2):51.375	
O1):-0.792	O2):40.579	
O1):-0.826	O2):46.217	
O1):-0.769	O2):38.64	
O1):-0.684	O2):30.905	
O1):-0.8	O2):44.785	
O1):-0.776	O2):39.32	
O1):-0.775	O2):39.148	
O1):-0.739	O2):34.938	
O1):-0.82	O2):45.64	
O1):-0.734	O2):36.152	
O1):-0.821	O2):45.78	
O1):-0.736	O2):35.461	
O1):-0.776	O2):39.358	
O1):-0.768	O2):38.305	
O1):-0.748	O2):39.387	
O1):-0.743	O2):36.172	
Evaluations:	1600
O1):-0.747	O2):40.724	
O1):-0.766	O2):37.602	
O1):-0.771	O2):38.736	
O1):-0.637	O2):29.082	
O1):-0.825	O2):46.514	
O1):-0.792	O2):40.561	
O1):-0.802	O2):44.927	
O1):-0.791	O2):40.513	
O1):-0.79	O2):40.265	
O1):-0.847	O2):50.725	
O1):-0.799	O2):44.252	
O1):-0.822	O2):45.873	
O1):-0.73	O2):34.912	
O1):-0.793	O2):40.79	
O1):-0.847	O2):54.803	
O1):-0.768	O2):39.215	
O1):-0.74	O2):38.221	
O1):-0.771	O2):38.609	
O1):-0.77	O2):38.686	
O1):-0.673	O2):29.652	
O1):-0.726	O2):34.553	
O1):-0.668	O2):29.648	
O1):-0.747	O2):36.093	
O1):-0.743	O2):34.792	
O1):-0.77	O2):38.686	
O1):-0.77	O2):38.734	
O1):-0.826	O2):46.199	
O1):-0.793	O2):40.799	
O1):-0.775	O2):40.56	
Evaluations:	1900
O1):-0.829	O2):47.023	
O1):-0.771	O2):40.137	
O1):-0.772	O2):38.831	
O1):-0.779	O2):39.936	
O1):-0.77	O2):38.686	
O1):-0.772	O2):38.831	
O1):-0.719	O2):33.729	
O1):-0.776	O2):40.023	
O1):-0.815	O2):45.51	
O1):-0.85	O2):50.752	
O1):-0.793	O2):40.827	
O1):-0.735	O2):35.832	
O1):-0.736	O2):35.461	
O1):-0.823	O2):45.809	
O1):-0.736	O2):36.416	
O1):-0.816	O2):45.275	
O1):-0.795	O2):43.168	
O1):-0.851	O2):56.08	
O1):-0.798	O2):44.298	
O1):-0.671	O2):30.094	
O1):-0.868	O2):55.933	
O1):-0.773	O2):39.173	
O1):-0.709	O2):33.611	
O1):-0.79	O2):40.3	
O1):-0.816	O2):45.376	
O1):-0.775	O2):39.148	
O1):-0.853	O2):56.296	
O1):-0.703	O2):33.23	
O1):-0.749	O2):37.943	
O1):-0.74	O2):35.811	
O1):-0.742	O2):34.751	
O1):-0.793	O2):43.382	
O1):-0.806	O2):45.149	
O1):-0.837	O2):50.09	
O1):-0.825	O2):46.084	
O1):-0.708	O2):33.335	
O1):-0.823	O2):46.005	
Evaluations:	1800
O1):-0.828	O2):50.739	
O1):-0.744	O2):34.921	
O1):-0.774	O2):39.081	
O1):-0.69	O2):31.299	
O1):-0.769	O2):38.673	
O1):-0.741	O2):35.222	
O1):-0.747	O2):36.021	
O1):-0.73	O2):35.457	
O1):-0.79	O2):40.3	
O1):-0.778	O2):40.226	
O1):-0.735	O2):35.829	
O1):-0.747	O2):36.021	
O1):-0.826	O2):50.631	
O1):-0.774	O2):39.21	
O1):-0.799	O2):43.898	
O1):-0.771	O2):38.7	
O1):-0.763	O2):38.524	
O1):-0.656	O2):30.187	
O1):-0.731	O2):35.117	
O1):-0.746	O2):38.75	
O1):-0.791	O2):40.513	
O1):-0.731	O2):35.117	
O1):-0.716	O2):33.718	
O1):-0.802	O2):44.119	
O1):-0.825	O2):46.514	
O1):-0.752	O2):39.323	
O1):-0.708	O2):33.335	
O1):-0.702	O2):34.509	
O1):-0.772	O2):38.768	
O1):-0.755	O2):40.505	
O1):-0.744	O2):34.919	
O1):-0.668	O2):29.648	
O1):-0.706	O2):33.434	
O1):-0.794	O2):41.375	
O1):-0.77	O2):38.739	
Evaluations:	1700
O1):-0.777	O2):40.041	
O1):-0.778	O2):40.747	
O1):-0.84	O2):50.72	
Evaluations:	1900
O1):-0.73	O2):34.715	
O1):-0.649	O2):29.304	
O1):-0.796	O2):41.198	
O1):-0.739	O2):35.56	
O1):-0.825	O2):46.514	
O1):-0.791	O2):40.513	
O1):-0.818	O2):45.573	
O1):-0.806	O2):45.463	
O1):-0.82	O2):45.64	
O1):-0.8	O2):43.969	
O1):-0.823	O2):45.83	
O1):-0.761	O2):35.995	
O1):-0.799	O2):43.894	
O1):-0.771	O2):40.125	
O1):-0.773	O2):39.391	
O1):-0.722	O2):33.773	
O1):-0.657	O2):29.389	
O1):-0.806	O2):45.463	
O1):-0.731	O2):34.727	
O1):-0.772	O2):38.743	
O1):-0.656	O2):30.187	
O1):-0.771	O2):40.125	
O1):-0.796	O2):41.198	
O1):-0.8	O2):43.849	
O1):-0.744	O2):35.119	
O1):-0.745	O2):36.229	
O1):-0.827	O2):46.266	
O1):-0.725	O2):34.104	
O1):-0.77	O2):38.763	
O1):-0.792	O2):40.551	
O1):-0.846	O2):50.443	
O1):-0.804	O2):44.996	
O1):-0.854	O2):59.622	
O1):-0.795	O2):43.1	
O1):-0.85	O2):50.79	
O1):-0.775	O2):39.855	
O1):-0.672	O2):31.7	
O1):-0.759	O2):41.837	
O1):-0.836	O2):49.943	
O1):-0.743	O2):34.794	
O1):-0.814	O2):45.337	
O1):-0.705	O2):34.086	
O1):-0.775	O2):39.404	
O1):-0.798	O2):43.723	
O1):-0.705	O2):34.086	
O1):-0.79	O2):40.3	
O1):-0.748	O2):38.314	
O1):-0.773	O2):40.262	
O1):-0.821	O2):45.569	
O1):-0.768	O2):39.33	
O1):-0.797	O2):41.976	
O1):-0.791	O2):40.481	
O1):-0.772	O2):38.826	
O1):-0.782	O2):39.968	
O1):-0.756	O2):39.396	
O1):-0.796	O2):43.27	
O1):-0.85	O2):50.654	
O1):-0.793	O2):40.776	
O1):-0.772	O2):38.826	
O1):-0.742	O2):36.313	
O1):-0.798	O2):44.203	
O1):-0.742	O2):35.163	
O1):-0.764	O2):38.405	
O1):-0.741	O2):34.561	
O1):-0.772	O2):38.826	
O1):-0.792	O2):40.558	
O1):-0.755	O2):38.229	
O1):-0.795	O2):43.14	
O1):-0.745	O2):35.653	
O1):-0.79	O2):40.265	
O1):-0.745	O2):35.653	
O1):-0.848	O2):50.559	
O1):-0.763	O2):36.555	
O1):-0.823	O2):46.005	
O1):-0.813	O2):45.288	
O1):-0.766	O2):37.602	
O1):-0.778	O2):40.226	
O1):-0.762	O2):38.346	
O1):-0.724	O2):33.902	
O1):-0.702	O2):33.174	
O1):-0.821	O2):45.569	
O1):-0.845	O2):50.527	
O1):-0.689	O2):30.504	
O1):-0.736	O2):35.461	
O1):-0.775	O2):39.148	
O1):-0.796	O2):41.335	
O1):-0.796	O2):41.335	
O1):-0.795	O2):41.648	
O1):-0.804	O2):45.271	
O1):-0.744	O2):35.119	
O1):-0.785	O2):40.813	
O1):-0.798	O2):43.774	
O1):-0.761	O2):35.995	
O1):-0.77	O2):42.359	
O1):-0.743	O2):35.461	
O1):-0.794	O2):41.503	
O1):-0.796	O2):41.761	
O1):-0.771	O2):38.609	
O1):-0.803	O2):45.73	
O1):-0.82	O2):45.873	
O1):-0.712	O2):34.569	
O1):-0.799	O2):44.571	
O1):-0.763	O2):38.264	
O1):-0.729	O2):34.525	
O1):-0.663	O2):29.301	
O1):-0.708	O2):33.64	
O1):-0.824	O2):46.589	
O1):-0.803	O2):45.332	
O1):-0.706	O2):34.812	
O1):-0.807	O2):45.671	
O1):-0.795	O2):41.614	
O1):-0.746	O2):37.899	
Starting PrismExecutor worker 1 on port 15011
O1):-0.775	O2):39.435	
Connected worker 1 to port 15011
O1):-0.792	O2):41.157	
O1):-0.675	O2):31.546	
O1):-0.761	O2):35.995	
O1):-0.739	O2):35.56	
O1):-0.776	O2):39.371	
O1):-0.796	O2):43.194	
O1):-0.767	O2):38.374	
O1):-0.824	O2):45.94	
O1):-0.735	O2):35.213	
O1):-0.775	O2):41.012	
O1):-0.745	O2):35.648	
O1):-0.724	O2):34.101	
O1):-0.715	O2):33.651	
O1):-0.742	O2):35.313	
O1):-0.725	O2):34.104	
O1):-0.796	O2):41.914	
O1):-0.849	O2):50.538	
O1):-0.729	O2):34.457	
O1):-0.777	O2):39.451	
O1):-0.737	O2):34.852	
O1):-0.776	O2):40.512	
O1):-0.778	O2):39.756	
O1):-0.722	O2):33.772	
O1):-0.711	O2):33.834	
O1):-0.816	O2):45.744	
O1):-0.808	O2):45.397	
O1):-0.729	O2):34.678	
O1):-0.828	O2):46.836	
O1):-0.849	O2):51.039	
O1):-0.766	O2):37.602	
O1):-0.773	O2):39.002	
O1):-0.817	O2):49.781	
O1):-0.733	O2):35.093	
O1):-0.76	O2):40.547	
O1):-0.75	O2):36.737	
O1):-0.765	O2):40.244	
O1):-0.847	O2):50.725	
O1):-0.776	O2):40.651	
O1):-0.765	O2):38.668	
O1):-0.73	O2):35.066	
Evaluations:	1700
O1):-0.744	O2):35.119	
O1):-0.794	O2):40.902	
O1):-0.818	O2):45.662	
O1):-0.725	O2):34.423	
O1):-0.728	O2):34.354	
O1):-0.829	O2):50.2	
O1):-0.825	O2):45.976	
O1):-0.733	O2):35.431	
O1):-0.749	O2):37.603	
O1):-0.742	O2):34.751	
O1):-0.771	O2):38.7	
O1):-0.773	O2):39.164	
O1):-0.771	O2):38.736	
O1):-0.847	O2):50.694	
O1):-0.772	O2):38.836	
O1):-0.803	O2):45.288	
O1):-0.801	O2):44.16	
O1):-0.868	O2):55.933	
O1):-0.698	O2):33.091	
O1):-0.775	O2):40.112	
O1):-0.802	O2):45.119	
O1):-0.733	O2):35.849	
O1):-0.849	O2):50.868	
O1):-0.707	O2):33.251	
O1):-0.745	O2):35.074	
O1):-0.787	O2):41.853	
O1):-0.686	O2):30.152	
O1):-0.852	O2):51.114	
O1):-0.765	O2):38.766	
O1):-0.777	O2):40.053	
O1):-0.714	O2):34.454	
O1):-0.816	O2):45.376	
O1):-0.859	O2):55.937	
O1):-0.702	O2):34.508	
O1):-0.761	O2):35.995	
O1):-0.795	O2):43.1	
O1):-0.768	O2):38.484	
O1):-0.737	O2):34.905	
O1):-0.727	O2):34.868	
O1):-0.795	O2):41.614	
O1):-0.728	O2):34.515	
O1):-0.79	O2):40.265	
O1):-0.799	O2):43.564	
O1):-0.669	O2):29.05	
O1):-0.742	O2):34.608	
O1):-0.798	O2):43.799	
O1):-0.818	O2):45.662	
O1):-0.799	O2):43.898	
O1):-0.803	O2):45.13	
O1):-0.771	O2):38.609	
O1):-0.802	O2):45.141	
O1):-0.79	O2):44.382	
O1):-0.744	O2):35.107	
O1):-0.793	O2):40.776	
O1):-0.735	O2):35.985	
O1):-0.813	O2):45.141	
O1):-0.818	O2):46.032	
O1):-0.723	O2):33.691	
O1):-0.742	O2):34.608	
O1):-0.775	O2):41.012	
O1):-0.798	O2):41.879	
O1):-0.772	O2):38.743	
O1):-0.715	O2):33.781	
O1):-0.818	O2):46.032	
O1):-0.723	O2):33.74	
O1):-0.723	O2):34.089	
O1):-0.705	O2):33.602	
O1):-0.688	O2):31.23	
O1):-0.828	O2):46.709	
O1):-0.745	O2):39.985	
O1):-0.793	O2):40.799	
O1):-0.854	O2):59.622	
O1):-0.793	O2):40.819	
O1):-0.702	O2):33.279	
O1):-0.779	O2):40.525	
O1):-0.777	O2):39.58	
O1):-0.818	O2):45.573	
O1):-0.778	O2):40.403	
O1):-0.827	O2):46.502	
O1):-0.852	O2):55.289	
O1):-0.75	O2):36.737	
O1):-0.719	O2):33.465	
O1):-0.816	O2):45.31	
O1):-0.744	O2):35.119	
O1):-0.795	O2):44.312	
O1):-0.778	O2):39.701	
O1):-0.772	O2):38.832	
O1):-0.793	O2):43.267	
O1):-0.772	O2):40.141	
O1):-0.746	O2):37.856	
O1):-0.824	O2):46.589	
O1):-0.749	O2):37.943	
O1):-0.763	O2):41.27	
O1):-0.776	O2):39.485	
O1):-0.821	O2):45.717	
O1):-0.724	O2):33.903	
O1):-0.714	O2):34.454	
O1):-0.736	O2):34.831	
O1):-0.669	O2):29.05	
O1):-0.688	O2):31.228	
O1):-0.68	O2):30.312	
O1):-0.717	O2):33.944	
O1):-0.799	O2):44.252	
O1):-0.747	O2):36.021	
O1):-0.775	O2):39.339	
O1):-0.698	O2):33.091	
O1):-0.757	O2):38.831	
O1):-0.703	O2):33.357	
O1):-0.791	O2):40.537	
O1):-0.836	O2):49.943	
O1):-0.725	O2):34.587	
O1):-0.724	O2):33.878	
O1):-0.798	O2):44.203	
O1):-0.833	O2):50.357	
O1):-0.765	O2):38.678	
O1):-0.727	O2):34.276	
O1):-0.784	O2):40.692	
O1):-0.775	O2):39.481	
O1):-0.803	O2):45.15	
O1):-0.797	O2):43.634	
O1):-0.791	O2):40.513	
O1):-0.766	O2):37.602	
O1):-0.763	O2):38.482	
O1):-0.814	O2):44.98	
O1):-0.791	O2):43.555	
O1):-0.726	O2):34.631	
O1):-0.775	O2):39.435	
O1):-0.766	O2):38.843	
O1):-0.777	O2):39.58	
O1):-0.766	O2):38.812	
O1):-0.822	O2):45.48	
O1):-0.736	O2):35.252	
Starting PrismExecutor worker 0 on port 15040
Connected worker 0 to port 15040
O1):-0.83	O2):50.577	
O1):-0.846	O2):50.443	
O1):-0.849	O2):54.965	
O1):-0.69	O2):31.299	
O1):-0.854	O2):56.606	
O1):-0.711	O2):33.834	
O1):-0.747	O2):35.964	
O1):-0.771	O2):38.7	
O1):-0.745	O2):35.653	
O1):-0.71	O2):35.197	
O1):-0.838	O2):50.362	
O1):-0.727	O2):34.868	
O1):-0.766	O2):38.93	
O1):-0.744	O2):34.917	
O1):-0.801	O2):45.092	
O1):-0.79	O2):40.476	
O1):-0.739	O2):38.177	
O1):-0.776	O2):39.441	
O1):-0.818	O2):45.778	
O1):-0.824	O2):46.589	
O1):-0.733	O2):35.093	
O1):-0.701	O2):34.847	
O1):-0.655	O2):29.907	
O1):-0.816	O2):45.376	
O1):-0.689	O2):30.504	
O1):-0.768	O2):38.484	
O1):-0.707	O2):35.138	
O1):-0.705	O2):33.673	
O1):-0.799	O2):43.563	
O1):-0.822	O2):45.676	
O1):-0.729	O2):34.678	
O1):-0.798	O2):44.203	
O1):-0.765	O2):37.524	
O1):-0.791	O2):43.689	
O1):-0.83	O2):50.577	
O1):-0.826	O2):49.926	
O1):-0.731	O2):34.833	
O1):-0.791	O2):40.443	
O1):-0.792	O2):40.614	
O1):-0.775	O2):39.306	
O1):-0.737	O2):35.446	
O1):-0.791	O2):40.854	
O1):-0.743	O2):34.792	
O1):-0.771	O2):38.656	
O1):-0.743	O2):34.837	
O1):-0.794	O2):40.885	
O1):-0.845	O2):50.527	
O1):-0.72	O2):34.314	
O1):-0.671	O2):29.337	
O1):-0.664	O2):30.368	
O1):-0.706	O2):33.434	
O1):-0.8	O2):43.849	
O1):-0.733	O2):34.737	
O1):-0.826	O2):53.405	
O1):-0.772	O2):38.793	
O1):-0.808	O2):45.285	
O1):-0.792	O2):40.619	
O1):-0.775	O2):39.361	
O1):-0.683	O2):30.399	
O1):-0.74	O2):35.113	
O1):-0.775	O2):39.148	
O1):-0.726	O2):34.751	
O1):-0.774	O2):39.052	
O1):-0.797	O2):41.976	
O1):-0.747	O2):35.964	
O1):-0.724	O2):33.878	
O1):-0.726	O2):35.375	
O1):-0.773	O2):39.013	
O1):-0.707	O2):33.251	
O1):-0.764	O2):38.597	
O1):-0.758	O2):37.019	
O1):-0.794	O2):40.902	
O1):-0.778	O2):39.701	
O1):-0.776	O2):39.371	
O1):-0.671	O2):30.094	
O1):-0.797	O2):41.97	
O1):-0.77	O2):38.442	
O1):-0.746	O2):35.975	
O1):-0.751	O2):38.567	
O1):-0.828	O2):50.439	
O1):-0.669	O2):29.05	
O1):-0.761	O2):40.529	
O1):-0.702	O2):33.174	
O1):-0.802	O2):44.273	
O1):-0.794	O2):41.024	
O1):-0.726	O2):34.631	
O1):-0.794	O2):40.873	
O1):-0.85	O2):50.752	
O1):-0.752	O2):38.248	
O1):-0.666	O2):29.593	
O1):-0.803	O2):45.424	
O1):-0.763	O2):39.537	
O1):-0.854	O2):56.606	
O1):-0.717	O2):33.352	
O1):-0.719	O2):33.729	
O1):-0.794	O2):40.853	
O1):-0.765	O2):38.668	
O1):-0.777	O2):39.58	
O1):-0.818	O2):45.778	
O1):-0.832	O2):50.247	
O1):-0.71	O2):34.038	
O1):-0.776	O2):39.358	
O1):-0.738	O2):37.98	
O1):-0.804	O2):45.234	
O1):-0.731	O2):35.117	
O1):-0.827	O2):46.235	
O1):-0.777	O2):40.178	
O1):-0.74	O2):35.802	
O1):-0.771	O2):38.736	
O1):-0.771	O2):38.736	
O1):-0.728	O2):34.462	
O1):-0.671	O2):30.094	
O1):-0.69	O2):31.299	
O1):-0.782	O2):39.956	
O1):-0.798	O2):44.064	
O1):-0.802	O2):44.273	
O1):-0.775	O2):39.435	
O1):-0.852	O2):55.289	
O1):-0.777	O2):39.58	
O1):-0.724	O2):34.101	
O1):-0.794	O2):40.874	
O1):-0.703	O2):33.419	
O1):-0.763	O2):40.678	
O1):-0.778	O2):41.108	
O1):-0.778	O2):40.226	
O1):-0.741	O2):35.128	
O1):-0.773	O2):39.022	
O1):-0.73	O2):35.066	
O1):-0.777	O2):40.041	
O1):-0.803	O2):45.13	
O1):-0.808	O2):45.539	
O1):-0.715	O2):34.696	
O1):-0.795	O2):41.648	
O1):-0.782	O2):39.955	
O1):-0.791	O2):40.854	
O1):-0.767	O2):38.965	
O1):-0.796	O2):43.513	
O1):-0.712	O2):33.872	
O1):-0.796	O2):43.513	
O1):-0.826	O2):46.186	
O1):-0.799	O2):44.569	
O1):-0.846	O2):50.443	
O1):-0.744	O2):35.644	
O1):-0.722	O2):35.993	
O1):-0.731	O2):34.902	
O1):-0.74	O2):35.812	
O1):-0.76	O2):36.018	
O1):-0.781	O2):40.775	
O1):-0.796	O2):41.914	
O1):-0.717	O2):33.352	
O1):-0.845	O2):50.527	
O1):-0.832	O2):50.219	
O1):-0.746	O2):35.926	
O1):-0.713	O2):33.349	
O1):-0.732	O2):34.821	
O1):-0.724	O2):33.93	
O1):-0.777	O2):39.451	
O1):-0.762	O2):36.287	
O1):-0.745	O2):35.648	
O1):-0.742	O2):36.165	
O1):-0.716	O2):34.379	
O1):-0.793	O2):40.887	
O1):-0.835	O2):50.953	
O1):-0.783	O2):40.108	
Evaluations:	2000
O1):-0.801	O2):44.8	
O1):-0.822	O2):45.657	
O1):-0.729	O2):34.525	
O1):-0.779	O2):39.747	
O1):-0.738	O2):37.98	
O1):-0.776	O2):43.714	
O1):-0.771	O2):38.736	
O1):-0.775	O2):39.148	
O1):-0.826	O2):49.926	
O1):-0.773	O2):38.915	
O1):-0.714	O2):33.396	
O1):-0.74	O2):40.057	
O1):-0.73	O2):35.066	
O1):-0.794	O2):40.873	
O1):-0.657	O2):29.402	
O1):-0.797	O2):41.97	
O1):-0.834	O2):50.342	
O1):-0.821	O2):45.729	
O1):-0.777	O2):39.475	
O1):-0.829	O2):50.2	
O1):-0.712	O2):33.763	
Starting PrismExecutor worker 3 on port 15093
Connected worker 3 to port 15093
O1):-0.717	O2):33.944	
O1):-0.79	O2):40.3	
Evaluations:	1800
O1):-0.77	O2):38.738	
O1):-0.801	O2):43.913	
O1):-0.824	O2):46.337	
O1):-0.717	O2):33.944	
O1):-0.847	O2):50.826	
O1):-0.796	O2):41.335	
O1):-0.683	O2):30.399	
O1):-0.814	O2):48.359	
O1):-0.823	O2):45.806	
O1):-0.79	O2):40.251	
O1):-0.712	O2):33.872	
O1):-0.737	O2):35.446	
O1):-0.692	O2):33.282	
O1):-0.761	O2):39.985	
O1):-0.741	O2):35.918	
O1):-0.724	O2):34.101	
O1):-0.764	O2):38.654	
O1):-0.785	O2):40.813	
O1):-0.799	O2):43.898	
O1):-0.724	O2):33.902	
O1):-0.796	O2):41.914	
O1):-0.734	O2):35.014	
O1):-0.792	O2):40.551	
O1):-0.773	O2):38.911	
O1):-0.779	O2):39.778	
O1):-0.761	O2):35.995	
O1):-0.747	O2):36.496	
O1):-0.657	O2):29.389	
O1):-0.723	O2):34.52	
O1):-0.73	O2):34.912	
O1):-0.771	O2):38.636	
O1):-0.705	O2):33.657	
O1):-0.737	O2):35.446	
O1):-0.745	O2):35.074	
O1):-0.773	O2):39.03	
O1):-0.848	O2):50.848	
O1):-0.779	O2):41.692	
O1):-0.776	O2):39.47	
O1):-0.827	O2):46.407	
O1):-0.772	O2):40.248	
O1):-0.791	O2):43.556	
O1):-0.787	O2):43.063	
O1):-0.851	O2):55.224	
O1):-0.795	O2):41.614	
O1):-0.824	O2):46.337	
O1):-0.751	O2):40.307	
O1):-0.717	O2):33.944	
O1):-0.774	O2):39.21	
O1):-0.749	O2):38.204	
O1):-0.811	O2):46.374	
O1):-0.673	O2):29.635	
O1):-0.697	O2):35.426	
O1):-0.847	O2):50.694	
O1):-0.803	O2):45.15	
O1):-0.775	O2):39.254	
O1):-0.854	O2):59.622	
O1):-0.751	O2):36.918	
O1):-0.827	O2):46.266	
O1):-0.846	O2):50.443	
O1):-0.796	O2):41.156	
O1):-0.727	O2):34.383	
O1):-0.798	O2):44.345	
O1):-0.793	O2):40.823	
O1):-0.793	O2):40.743	
O1):-0.765	O2):38.631	
O1):-0.77	O2):39.474	
O1):-0.776	O2):39.356	
O1):-0.657	O2):29.467	
O1):-0.804	O2):45.428	
O1):-0.795	O2):41.153	
O1):-0.816	O2):45.355	
O1):-0.833	O2):50.357	
O1):-0.717	O2):33.346	
O1):-0.794	O2):40.874	
O1):-0.764	O2):38.737	
O1):-0.671	O2):29.337	
O1):-0.686	O2):30.152	
O1):-0.776	O2):39.358	
O1):-0.729	O2):34.678	
O1):-0.745	O2):35.087	
O1):-0.774	O2):39.057	
O1):-0.744	O2):34.919	
O1):-0.818	O2):45.573	
O1):-0.826	O2):49.35	
O1):-0.845	O2):50.527	
O1):-0.748	O2):38.314	
O1):-0.715	O2):35.874	
O1):-0.808	O2):45.285	
O1):-0.773	O2):38.911	
O1):-0.768	O2):39.441	
O1):-0.698	O2):33.091	
O1):-0.671	O2):30.094	
O1):-0.725	O2):34.103	
O1):-0.705	O2):34.086	
O1):-0.737	O2):34.852	
O1):-0.794	O2):40.873	
O1):-0.775	O2):40.667	
O1):-0.763	O2):41.355	
O1):-0.736	O2):35.195	
O1):-0.772	O2):38.826	
O1):-0.824	O2):45.878	
O1):-0.796	O2):43.578	
O1):-0.818	O2):45.573	
O1):-0.784	O2):44.463	
O1):-0.744	O2):35.471	
O1):-0.764	O2):38.597	
O1):-0.749	O2):35.435	
O1):-0.779	O2):40.402	
O1):-0.773	O2):39.17	
O1):-0.814	O2):44.98	
O1):-0.827	O2):46.381	
O1):-0.768	O2):39.33	
O1):-0.826	O2):46.217	
O1):-0.708	O2):34.794	
O1):-0.688	O2):30.975	
O1):-0.729	O2):34.456	
O1):-0.779	O2):40.525	
O1):-0.846	O2):50.639	
O1):-0.827	O2):46.502	
O1):-0.745	O2):35.074	
O1):-0.766	O2):39.535	
O1):-0.805	O2):45.404	
O1):-0.825	O2):46.514	
O1):-0.797	O2):41.976	
O1):-0.774	O2):40.197	
O1):-0.798	O2):44.203	
O1):-0.649	O2):29.304	
O1):-0.845	O2):50.527	
O1):-0.816	O2):45.661	
O1):-0.658	O2):29.474	
O1):-0.802	O2):45.11	
O1):-0.761	O2):38.543	
O1):-0.847	O2):50.826	
O1):-0.793	O2):43.267	
O1):-0.794	O2):41.78	
O1):-0.668	O2):29.648	
O1):-0.794	O2):40.885	
O1):-0.769	O2):38.391	
O1):-0.78	O2):40.571	
O1):-0.808	O2):45.285	
O1):-0.796	O2):41.335	
O1):-0.863	O2):56.908	
O1):-0.656	O2):29.387	
O1):-0.728	O2):34.422	
O1):-0.849	O2):51.039	
O1):-0.798	O2):44.298	
O1):-0.776	O2):39.358	
O1):-0.811	O2):45.97	
O1):-0.798	O2):43.745	
O1):-0.748	O2):36.196	
O1):-0.666	O2):29.593	
O1):-0.8	O2):43.969	
O1):-0.77	O2):38.686	
O1):-0.768	O2):38.305	
O1):-0.738	O2):35.456	
O1):-0.763	O2):36.627	
O1):-0.68	O2):30.312	
O1):-0.763	O2):38.482	
O1):-0.851	O2):51.322	
O1):-0.85	O2):50.752	
O1):-0.845	O2):50.527	
O1):-0.657	O2):29.402	
O1):-0.793	O2):40.876	
O1):-0.733	O2):35.849	
O1):-0.803	O2):45.13	
O1):-0.743	O2):34.792	
O1):-0.732	O2):34.821	
O1):-0.808	O2):45.397	
O1):-0.745	O2):35.653	
O1):-0.849	O2):50.538	
O1):-0.844	O2):51.347	
O1):-0.798	O2):46.08	
O1):-0.691	O2):30.704	
O1):-0.814	O2):45.337	
O1):-0.815	O2):45.51	
O1):-0.852	O2):55.538	
O1):-0.826	O2):46.643	
O1):-0.768	O2):39.746	
O1):-0.77	O2):38.41	
O1):-0.794	O2):40.89	
Starting PrismExecutor worker 0 on port 15010
O1):-0.83	O2):50.374	
O1):-0.722	O2):33.782	
Connected worker 0 to port 15010
O1):-0.814	O2):45.373	
O1):-0.749	O2):37.603	
O1):-0.847	O2):50.694	
O1):-0.795	O2):41.076	
O1):-0.795	O2):53.081	
O1):-0.824	O2):46.589	
O1):-0.742	O2):36.186	
O1):-0.766	O2):42.004	
O1):-0.827	O2):46.266	
O1):-0.732	O2):40.092	
O1):-0.845	O2):50.527	
O1):-0.747	O2):35.464	
O1):-0.772	O2):38.753	
O1):-0.777	O2):40.041	
O1):-0.733	O2):35.566	
O1):-0.823	O2):45.765	
O1):-0.794	O2):41.009	
O1):-0.771	O2):38.609	
O1):-0.729	O2):34.766	
O1):-0.793	O2):40.828	
O1):-0.799	O2):44.252	
O1):-0.802	O2):44.927	
O1):-0.696	O2):33.103	
O1):-0.735	O2):35.829	
O1):-0.774	O2):39.052	
O1):-0.752	O2):39.374	
O1):-0.707	O2):33.332	
O1):-0.792	O2):43.337	
O1):-0.771	O2):38.713	
O1):-0.751	O2):36.918	
O1):-0.791	O2):40.513	
O1):-0.771	O2):38.656	
O1):-0.798	O2):44.203	
O1):-0.799	O2):43.741	
O1):-0.793	O2):40.799	
O1):-0.77	O2):38.41	
O1):-0.703	O2):33.23	
O1):-0.706	O2):34.812	
O1):-0.824	O2):46.337	
O1):-0.85	O2):50.654	
O1):-0.663	O2):29.301	
O1):-0.791	O2):40.491	
O1):-0.73	O2):34.715	
O1):-0.792	O2):44.104	
O1):-0.814	O2):45.373	
O1):-0.793	O2):40.827	
O1):-0.821	O2):45.569	
O1):-0.743	O2):34.792	
O1):-0.687	O2):30.91	
O1):-0.763	O2):38.524	
O1):-0.75	O2):36.771	
O1):-0.74	O2):35.811	
O1):-0.793	O2):40.799	
O1):-0.671	O2):29.337	
O1):-0.775	O2):39.254	
O1):-0.776	O2):39.36	
O1):-0.739	O2):38.177	
O1):-0.772	O2):38.743	
O1):-0.85	O2):50.752	
O1):-0.793	O2):40.799	
O1):-0.829	O2):47.023	
O1):-0.777	O2):39.718	
O1):-0.747	O2):35.464	
O1):-0.799	O2):44.253	
O1):-0.827	O2):46.621	
O1):-0.766	O2):39.545	
O1):-0.806	O2):44.844	
O1):-0.85	O2):50.752	
O1):-0.826	O2):49.926	
O1):-0.829	O2):50.201	
O1):-0.75	O2):36.747	
O1):-0.748	O2):36.196	
O1):-0.707	O2):36.421	
O1):-0.772	O2):38.753	
O1):-0.694	O2):33.773	
O1):-0.738	O2):37.98	
O1):-0.764	O2):38.405	
O1):-0.754	O2):40.339	
O1):-0.851	O2):51.092	
O1):-0.772	O2):38.804	
O1):-0.726	O2):34.631	
O1):-0.826	O2):49.35	
O1):-0.83	O2):50.577	
O1):-0.868	O2):55.933	
O1):-0.669	O2):29.05	
O1):-0.776	O2):39.449	
O1):-0.791	O2):43.556	
O1):-0.774	O2):39.081	
O1):-0.768	O2):39.217	
O1):-0.794	O2):40.873	
O1):-0.674	O2):29.652	
O1):-0.792	O2):40.551	
O1):-0.784	O2):40.481	
O1):-0.77	O2):40.826	
O1):-0.825	O2):46.514	
O1):-0.743	O2):34.837	
O1):-0.814	O2):44.98	
O1):-0.672	O2):30.107	
O1):-0.763	O2):38.524	
O1):-0.824	O2):45.995	
O1):-0.797	O2):41.97	
O1):-0.731	O2):35.944	
O1):-0.775	O2):39.297	
O1):-0.827	O2):46.622	
O1):-0.685	O2):31.005	
O1):-0.813	O2):45.288	
O1):-0.743	O2):35.461	
O1):-0.812	O2):45.993	
O1):-0.723	O2):34.52	
O1):-0.779	O2):40.525	
O1):-0.827	O2):46.266	
O1):-0.836	O2):49.974	
O1):-0.773	O2):39.03	
O1):-0.808	O2):45.285	
O1):-0.783	O2):40.059	
O1):-0.795	O2):45.286	
O1):-0.803	O2):45.15	
O1):-0.847	O2):50.694	
O1):-0.799	O2):43.898	
O1):-0.787	O2):43.063	
O1):-0.816	O2):45.668	
O1):-0.802	O2):44.851	
O1):-0.791	O2):40.613	
O1):-0.733	O2):35.093	
O1):-0.838	O2):50.292	
O1):-0.743	O2):34.792	
O1):-0.847	O2):50.694	
O1):-0.826	O2):53.39	
O1):-0.791	O2):40.49	
O1):-0.834	O2):49.884	
O1):-0.672	O2):30.107	
O1):-0.707	O2):33.648	
O1):-0.781	O2):40.736	
O1):-0.792	O2):40.551	
O1):-0.79	O2):40.265	
O1):-0.736	O2):35.461	
O1):-0.749	O2):37.603	
O1):-0.762	O2):39.551	
O1):-0.74	O2):35.811	
O1):-0.702	O2):33.174	
O1):-0.798	O2):44.203	
O1):-0.72	O2):34.764	
O1):-0.799	O2):43.992	
O1):-0.774	O2):39.097	
O1):-0.765	O2):45.429	
O1):-0.784	O2):40.481	
O1):-0.796	O2):43.289	
O1):-0.816	O2):45.31	
O1):-0.85	O2):51.087	
O1):-0.702	O2):33.174	
O1):-0.813	O2):45.141	
O1):-0.806	O2):45.32	
O1):-0.772	O2):38.753	
O1):-0.767	O2):37.599	
O1):-0.747	O2):35.384	
O1):-0.742	O2):34.751	
O1):-0.808	O2):45.285	
O1):-0.813	O2):45.141	
O1):-0.773	O2):40.288	
O1):-0.756	O2):40.078	
O1):-0.818	O2):45.562	
O1):-0.793	O2):40.827	
O1):-0.769	O2):38.673	
O1):-0.658	O2):29.474	
O1):-0.767	O2):39.991	
O1):-0.828	O2):50.081	
O1):-0.776	O2):39.773	
O1):-0.826	O2):49.35	
O1):-0.724	O2):34.101	
O1):-0.755	O2):40.252	
O1):-0.747	O2):35.464	
O1):-0.779	O2):40.402	
O1):-0.731	O2):36.34	
O1):-0.775	O2):39.435	
O1):-0.748	O2):36.196	
O1):-0.73	O2):34.885	
O1):-0.794	O2):40.937	
O1):-0.774	O2):39.518	
O1):-0.712	O2):34.626	
O1):-0.731	O2):35.117	
O1):-0.816	O2):45.275	
O1):-0.763	O2):36.554	
O1):-0.826	O2):49.926	
O1):-0.774	O2):39.081	
O1):-0.763	O2):36.627	
Evaluations:	1900
Starting PrismExecutor worker 2 on port 15042
O1):-0.76	O2):40.107	
Connected worker 2 to port 15042
O1):-0.745	O2):35.648	
O1):-0.767	O2):38.374	
O1):-0.771	O2):38.792	
O1):-0.772	O2):38.743	
O1):-0.813	O2):45.141	
O1):-0.742	O2):34.616	
O1):-0.74	O2):35.113	
O1):-0.749	O2):37.603	
O1):-0.792	O2):40.536	
O1):-0.722	O2):33.772	
O1):-0.705	O2):35.858	
O1):-0.775	O2):39.255	
O1):-0.768	O2):39.217	
O1):-0.776	O2):39.358	
O1):-0.732	O2):35.039	
O1):-0.852	O2):51.14	
O1):-0.79	O2):40.475	
O1):-0.822	O2):45.676	
O1):-0.737	O2):35.446	
O1):-0.824	O2):45.995	
O1):-0.755	O2):39.66	
O1):-0.808	O2):45.285	
O1):-0.775	O2):39.297	
O1):-0.799	O2):43.989	
O1):-0.85	O2):50.654	
O1):-0.814	O2):48.359	
O1):-0.706	O2):33.434	
O1):-0.773	O2):38.911	
O1):-0.742	O2):34.751	
O1):-0.733	O2):35.431	
O1):-0.73	O2):34.908	
O1):-0.657	O2):29.402	
O1):-0.724	O2):33.867	
O1):-0.738	O2):37.98	
O1):-0.797	O2):41.829	
O1):-0.74	O2):38.221	
O1):-0.756	O2):39.904	
O1):-0.707	O2):33.251	
O1):-0.79	O2):40.404	
O1):-0.773	O2):39.164	
O1):-0.821	O2):45.717	
O1):-0.777	O2):39.58	
O1):-0.743	O2):34.792	
O1):-0.765	O2):37.523	
O1):-0.653	O2):29.088	
O1):-0.778	O2):40.226	
O1):-0.825	O2):46.084	
O1):-0.743	O2):34.792	
O1):-0.85	O2):50.752	
O1):-0.781	O2):41.264	
O1):-0.793	O2):40.743	
O1):-0.726	O2):34.751	
O1):-0.845	O2):50.485	
O1):-0.719	O2):36.542	
O1):-0.795	O2):43.14	
O1):-0.668	O2):29.648	
O1):-0.772	O2):38.804	
O1):-0.805	O2):45.197	
O1):-0.824	O2):46.337	
O1):-0.797	O2):41.829	
O1):-0.792	O2):40.558	
O1):-0.724	O2):33.903	
Evaluations:	2000
O1):-0.708	O2):33.336	
O1):-0.845	O2):50.527	
O1):-0.744	O2):35.119	
O1):-0.818	O2):45.778	
O1):-0.779	O2):42.927	
O1):-0.834	O2):50.342	
O1):-0.712	O2):34.569	
O1):-0.774	O2):39.21	
O1):-0.737	O2):34.905	
O1):-0.768	O2):38.484	
O1):-0.774	O2):45.104	
O1):-0.815	O2):45.51	
O1):-0.74	O2):35.811	
O1):-0.783	O2):40.108	
O1):-0.771	O2):38.837	
O1):-0.791	O2):41.198	
O1):-0.816	O2):45.887	
O1):-0.689	O2):30.504	
Evaluations:	2000
O1):-0.8	O2):43.969	
O1):-0.771	O2):38.609	
O1):-0.797	O2):44.944	
O1):-0.722	O2):33.692	
O1):-0.743	O2):34.792	
O1):-0.796	O2):41.198	
O1):-0.827	O2):46.233	
O1):-0.825	O2):45.937	
O1):-0.812	O2):47.914	
O1):-0.745	O2):37.654	
O1):-0.761	O2):38.351	
O1):-0.772	O2):38.975	
O1):-0.772	O2):38.975	
O1):-0.731	O2):35.117	
O1):-0.747	O2):36.02	
O1):-0.821	O2):45.569	
O1):-0.707	O2):33.647	
O1):-0.825	O2):46.015	
O1):-0.732	O2):35.388	
O1):-0.849	O2):51.015	
O1):-0.715	O2):34.525	
O1):-0.725	O2):34.305	
Evaluations:	1900
O1):-0.774	O2):39.46	
O1):-0.795	O2):41.076	
O1):-0.772	O2):38.839	
O1):-0.795	O2):42.111	
O1):-0.791	O2):40.443	
O1):-0.75	O2):36.481	
O1):-0.799	O2):43.741	
Evaluations:	1700
O1):-0.651	O2):29.942	
O1):-0.79	O2):40.3	
O1):-0.793	O2):43.127	
O1):-0.8	O2):44.785	
O1):-0.686	O2):32.931	
O1):-0.802	O2):45.28	
O1):-0.797	O2):41.97	
O1):-0.73	O2):34.912	
Evaluations:	1800
O1):-0.814	O2):45.337	
O1):-0.767	O2):39.69	
O1):-0.69	O2):31.299	
O1):-0.743	O2):35.462	
O1):-0.777	O2):39.411	
O1):-0.797	O2):41.97	
O1):-0.849	O2):50.538	
O1):-0.715	O2):35.49	
O1):-0.768	O2):39.33	
O1):-0.715	O2):35.49	
O1):-0.734	O2):36.152	
O1):-0.73	O2):35.457	
O1):-0.755	O2):36.051	
O1):-0.741	O2):35.128	
O1):-0.767	O2):38.965	
O1):-0.84	O2):50.72	
O1):-0.692	O2):31.159	
O1):-0.714	O2):34.203	
O1):-0.832	O2):50.268	
O1):-0.672	O2):30.107	
O1):-0.744	O2):35.462	
O1):-0.766	O2):37.602	
O1):-0.697	O2):33.131	
O1):-0.668	O2):29.648	
O1):-0.684	O2):30.905	
O1):-0.772	O2):38.826	
O1):-0.775	O2):39.148	
O1):-0.847	O2):50.826	
O1):-0.796	O2):41.914	
O1):-0.791	O2):43.562	
O1):-0.833	O2):50.232	
O1):-0.77	O2):38.686	
O1):-0.797	O2):41.976	
O1):-0.816	O2):45.233	
O1):-0.672	O2):30.364	
O1):-0.771	O2):38.707	
O1):-0.772	O2):38.8	
O1):-0.772	O2):40.522	
O1):-0.773	O2):38.915	
O1):-0.796	O2):41.761	
O1):-0.75	O2):36.737	
O1):-0.789	O2):40.093	
O1):-0.779	O2):39.717	
O1):-0.728	O2):34.354	
O1):-0.774	O2):39.065	
O1):-0.673	O2):29.629	
O1):-0.743	O2):39.23	
O1):-0.798	O2):43.891	
O1):-0.783	O2):40.108	
O1):-0.847	O2):50.826	
O1):-0.824	O2):45.94	
O1):-0.827	O2):46.502	
O1):-0.741	O2):35.918	
O1):-0.698	O2):33.822	
O1):-0.712	O2):33.872	
O1):-0.765	O2):38.679	
O1):-0.775	O2):39.339	
O1):-0.776	O2):39.773	
O1):-0.795	O2):43.14	
O1):-0.825	O2):45.937	
O1):-0.777	O2):39.819	
O1):-0.797	O2):41.97	
O1):-0.694	O2):33.167	
Starting PrismExecutor worker 3 on port 15043
O1):-0.725	O2):34.587	
Connected worker 3 to port 15043
O1):-0.772	O2):38.743	
O1):-0.708	O2):34.794	
O1):-0.736	O2):35.461	
O1):-0.673	O2):30.853	
O1):-0.813	O2):45.288	
O1):-0.794	O2):41.99	
O1):-0.819	O2):45.574	
O1):-0.692	O2):33.282	
O1):-0.746	O2):35.926	
O1):-0.747	O2):35.964	
O1):-0.685	O2):31.005	
O1):-0.822	O2):45.676	
O1):-0.772	O2):38.83	
O1):-0.729	O2):34.765	
O1):-0.718	O2):35.289	
O1):-0.719	O2):33.729	
O1):-0.814	O2):45.373	
O1):-0.808	O2):45.539	
O1):-0.822	O2):45.676	
O1):-0.803	O2):45.13	
O1):-0.767	O2):39.043	
O1):-0.733	O2):35.093	
O1):-0.755	O2):38.229	
O1):-0.827	O2):46.266	
O1):-0.745	O2):35.074	
O1):-0.826	O2):46.062	
O1):-0.797	O2):41.97	
O1):-0.77	O2):38.442	
O1):-0.657	O2):29.389	
O1):-0.774	O2):39.081	
O1):-0.827	O2):46.266	
O1):-0.826	O2):46.279	
O1):-0.791	O2):40.854	
Evaluations:	1600
O1):-0.775	O2):39.254	
O1):-0.748	O2):36.196	
O1):-0.845	O2):50.485	
O1):-0.797	O2):41.829	
O1):-0.729	O2):34.678	
O1):-0.795	O2):41.614	
O1):-0.761	O2):35.995	
O1):-0.709	O2):33.611	
O1):-0.731	O2):34.052	
O1):-0.779	O2):40.586	
O1):-0.746	O2):35.975	
O1):-0.771	O2):39.028	
O1):-0.767	O2):40.216	
O1):-0.818	O2):45.573	
O1):-0.705	O2):34.496	
O1):-0.793	O2):40.827	
O1):-0.819	O2):50.057	
O1):-0.702	O2):33.174	
O1):-0.792	O2):40.558	
O1):-0.85	O2):51.087	
O1):-0.815	O2):45.611	
O1):-0.828	O2):46.709	
O1):-0.709	O2):33.611	
O1):-0.768	O2):38.484	
O1):-0.737	O2):35.446	
O1):-0.673	O2):29.629	
O1):-0.796	O2):43.513	
O1):-0.835	O2):50.521	
O1):-0.825	O2):45.937	
O1):-0.834	O2):49.884	
O1):-0.794	O2):40.853	
O1):-0.728	O2):37.518	
O1):-0.791	O2):40.545	
O1):-0.797	O2):41.97	
O1):-0.823	O2):45.765	
O1):-0.859	O2):55.937	
O1):-0.775	O2):39.254	
O1):-0.657	O2):29.389	
O1):-0.859	O2):55.937	
O1):-0.776	O2):40.918	
O1):-0.684	O2):30.905	
O1):-0.773	O2):39.013	
O1):-0.766	O2):39.68	
O1):-0.659	O2):28.812	
O1):-0.723	O2):33.863	
O1):-0.774	O2):39.21	
O1):-0.746	O2):36.35	
O1):-0.724	O2):33.878	
O1):-0.683	O2):30.4	
O1):-0.742	O2):35.163	
O1):-0.688	O2):31.066	
O1):-0.744	O2):35.119	
O1):-0.775	O2):39.297	
O1):-0.791	O2):40.443	
O1):-0.824	O2):45.937	
O1):-0.849	O2):54.965	
O1):-0.849	O2):50.538	
O1):-0.793	O2):44.93	
O1):-0.815	O2):45.611	
O1):-0.767	O2):38.406	
O1):-0.731	O2):38.821	
O1):-0.824	O2):45.94	
O1):-0.85	O2):51.087	
O1):-0.776	O2):39.441	
O1):-0.788	O2):43.254	
O1):-0.8	O2):44.019	
O1):-0.772	O2):38.826	
O1):-0.814	O2):44.98	
O1):-0.73	O2):35.066	
O1):-0.773	O2):39.372	
O1):-0.778	O2):40.395	
O1):-0.686	O2):32.93	
O1):-0.791	O2):40.513	
O1):-0.733	O2):35.432	
O1):-0.781	O2):43.669	
O1):-0.825	O2):45.872	
O1):-0.733	O2):34.801	
O1):-0.703	O2):33.405	
O1):-0.828	O2):46.836	
O1):-0.731	O2):34.795	
O1):-0.85	O2):50.654	
O1):-0.724	O2):33.912	
O1):-0.765	O2):37.544	
O1):-0.761	O2):40.58	
O1):-0.745	O2):35.199	
O1):-0.825	O2):45.937	
O1):-0.728	O2):34.458	
O1):-0.656	O2):30.187	
O1):-0.8	O2):44.009	
O1):-0.767	O2):39.045	
O1):-0.836	O2):50.995	
O1):-0.848	O2):55.127	
O1):-0.853	O2):51.473	
O1):-0.798	O2):44.298	
O1):-0.825	O2):50.086	
O1):-0.771	O2):38.609	
O1):-0.747	O2):35.464	
O1):-0.749	O2):37.943	
O1):-0.719	O2):33.465	
O1):-0.846	O2):50.443	
O1):-0.848	O2):50.44	
O1):-0.773	O2):39.03	
O1):-0.69	O2):31.3	
O1):-0.799	O2):44.252	
O1):-0.712	O2):34.237	
O1):-0.731	O2):35.118	
O1):-0.794	O2):40.975	
O1):-0.771	O2):38.609	
O1):-0.731	O2):35.326	
O1):-0.824	O2):46.154	
O1):-0.726	O2):34.203	
O1):-0.673	O2):30.853	
O1):-0.814	O2):44.98	
O1):-0.782	O2):40.096	
O1):-0.774	O2):39.057	
O1):-0.757	O2):36.372	
O1):-0.674	O2):31.558	
O1):-0.768	O2):38.286	
O1):-0.775	O2):39.148	
O1):-0.749	O2):41.133	
O1):-0.847	O2):50.725	
O1):-0.821	O2):45.64	
O1):-0.799	O2):44.987	
O1):-0.776	O2):39.32	
O1):-0.793	O2):40.776	
O1):-0.742	O2):36.239	
O1):-0.763	O2):36.627	
O1):-0.669	O2):29.05	
O1):-0.8	O2):44.211	
O1):-0.765	O2):38.766	
O1):-0.656	O2):30.187	
O1):-0.84	O2):50.717	
O1):-0.714	O2):34.454	
O1):-0.764	O2):39.723	
O1):-0.666	O2):29.593	
Evaluations:	1800
O1):-0.771	O2):38.792	
O1):-0.773	O2):39.072	
O1):-0.707	O2):35.668	
O1):-0.744	O2):35.462	
O1):-0.765	O2):38.766	
O1):-0.783	O2):40.059	
O1):-0.773	O2):39.022	
O1):-0.81	O2):45.862	
O1):-0.799	O2):43.898	
O1):-0.828	O2):46.836	
O1):-0.833	O2):50.357	
O1):-0.772	O2):38.836	
O1):-0.824	O2):45.878	
O1):-0.826	O2):49.964	
O1):-0.722	O2):33.768	
O1):-0.85	O2):51.085	
O1):-0.775	O2):39.435	
Starting PrismExecutor worker 1 on port 15031
O1):-0.852	O2):55.538	
Connected worker 1 to port 15031
O1):-0.818	O2):45.778	
O1):-0.791	O2):40.443	
O1):-0.859	O2):55.937	
O1):-0.802	O2):44.929	
O1):-0.714	O2):36.145	
O1):-0.776	O2):39.773	
O1):-0.796	O2):41.167	
O1):-0.846	O2):50.443	
O1):-0.746	O2):35.975	
O1):-0.696	O2):33.103	
O1):-0.702	O2):33.174	
O1):-0.768	O2):39.33	
O1):-0.686	O2):32.931	
O1):-0.767	O2):38.406	
O1):-0.766	O2):37.527	
O1):-0.791	O2):40.481	
O1):-0.766	O2):38.904	
O1):-0.742	O2):34.608	
O1):-0.779	O2):39.717	
O1):-0.799	O2):43.847	
O1):-0.808	O2):45.397	
O1):-0.731	O2):35.117	
O1):-0.764	O2):38.405	
O1):-0.774	O2):39.081	
O1):-0.743	O2):34.837	
O1):-0.764	O2):39.454	
O1):-0.773	O2):39.057	
O1):-0.765	O2):38.665	
O1):-0.724	O2):34.112	
O1):-0.777	O2):40.41	
O1):-0.762	O2):36.287	
O1):-0.777	O2):40.041	
O1):-0.752	O2):38.248	
O1):-0.657	O2):29.402	
O1):-0.794	O2):40.818	
O1):-0.779	O2):40.525	
O1):-0.796	O2):41.914	
O1):-0.797	O2):41.829	
O1):-0.731	O2):38.446	
O1):-0.818	O2):45.562	
O1):-0.763	O2):36.627	
O1):-0.802	O2):45.119	
O1):-0.655	O2):29.907	
O1):-0.818	O2):45.574	
O1):-0.683	O2):30.399	
O1):-0.732	O2):34.823	
O1):-0.775	O2):39.306	
O1):-0.762	O2):38.271	
O1):-0.684	O2):30.073	
O1):-0.752	O2):36.92	
O1):-0.798	O2):44.298	
O1):-0.666	O2):29.593	
O1):-0.795	O2):41.12	
O1):-0.814	O2):45.949	
O1):-0.795	O2):41.615	
O1):-0.792	O2):40.558	
O1):-0.77	O2):38.41	
O1):-0.827	O2):46.233	
O1):-0.791	O2):40.545	
O1):-0.818	O2):45.778	
O1):-0.743	O2):36.172	
O1):-0.782	O2):40.096	
O1):-0.712	O2):35.008	
O1):-0.771	O2):38.656	
O1):-0.847	O2):50.826	
O1):-0.814	O2):45.224	
O1):-0.719	O2):35.509	
O1):-0.742	O2):35.163	
O1):-0.804	O2):44.996	
O1):-0.742	O2):36.165	
O1):-0.703	O2):33.357	
O1):-0.723	O2):35.007	
O1):-0.763	O2):38.399	
O1):-0.729	O2):34.635	
O1):-0.771	O2):38.569	
O1):-0.806	O2):44.844	
O1):-0.773	O2):39.372	
O1):-0.763	O2):40.286	
O1):-0.767	O2):38.374	
O1):-0.793	O2):43.136	
O1):-0.814	O2):44.98	
O1):-0.704	O2):34.961	
O1):-0.793	O2):43.371	
O1):-0.801	O2):45.092	
O1):-0.742	O2):34.608	
O1):-0.836	O2):50.995	
O1):-0.745	O2):35.653	
O1):-0.671	O2):29.337	
O1):-0.744	O2):34.917	
O1):-0.722	O2):33.772	
O1):-0.763	O2):38.376	
O1):-0.657	O2):29.389	
O1):-0.722	O2):36.019	
O1):-0.808	O2):45.397	
O1):-0.702	O2):34.295	
O1):-0.792	O2):40.568	
O1):-0.761	O2):36.037	
O1):-0.784	O2):40.692	
O1):-0.826	O2):50.401	
O1):-0.819	O2):50.057	
O1):-0.698	O2):33.091	
O1):-0.803	O2):46.249	
O1):-0.732	O2):35.388	
O1):-0.828	O2):50.439	
O1):-0.768	O2):39.852	
O1):-0.771	O2):38.707	
O1):-0.742	O2):34.751	
O1):-0.764	O2):38.597	
O1):-0.751	O2):38.567	
O1):-0.776	O2):39.358	
O1):-0.737	O2):35.446	
O1):-0.817	O2):45.566	
O1):-0.715	O2):34.479	
O1):-0.673	O2):30.853	
O1):-0.807	O2):45.205	
O1):-0.814	O2):44.98	
O1):-0.792	O2):40.66	
O1):-0.778	O2):40.322	
O1):-0.828	O2):46.709	
O1):-0.796	O2):41.335	
O1):-0.793	O2):40.799	
O1):-0.828	O2):46.513	
O1):-0.8	O2):44.945	
O1):-0.754	O2):38.44	
O1):-0.738	O2):37.98	
O1):-0.776	O2):39.358	
O1):-0.736	O2):36.693	
O1):-0.847	O2):50.826	
O1):-0.768	O2):38.484	
O1):-0.732	O2):34.821	
O1):-0.813	O2):48.288	
O1):-0.777	O2):39.718	
O1):-0.828	O2):50.739	
O1):-0.773	O2):39.164	
O1):-0.742	O2):35.164	
O1):-0.805	O2):45.365	
O1):-0.792	O2):40.536	
O1):-0.741	O2):40.505	
O1):-0.75	O2):36.737	
Evaluations:	2100
O1):-0.725	O2):33.938	
O1):-0.825	O2):46.426	
O1):-0.732	O2):34.82	
O1):-0.714	O2):34.24	
O1):-0.794	O2):40.853	
O1):-0.653	O2):29.101	
O1):-0.771	O2):38.656	
O1):-0.806	O2):45.065	
O1):-0.825	O2):46.514	
O1):-0.793	O2):43.133	
O1):-0.702	O2):33.174	
O1):-0.77	O2):38.41	
O1):-0.784	O2):40.481	
O1):-0.724	O2):33.902	
O1):-0.784	O2):40.692	
O1):-0.747	O2):35.464	
O1):-0.821	O2):45.64	
O1):-0.8	O2):44.785	
O1):-0.825	O2):49.806	
O1):-0.747	O2):35.464	
O1):-0.794	O2):40.886	
O1):-0.826	O2):46.217	
O1):-0.776	O2):39.32	
O1):-0.849	O2):50.663	
O1):-0.849	O2):50.868	
O1):-0.823	O2):45.752	
O1):-0.828	O2):50.081	
O1):-0.664	O2):30.368	
O1):-0.729	O2):34.525	
O1):-0.753	O2):41.426	
O1):-0.826	O2):46.252	
O1):-0.775	O2):39.394	
O1):-0.707	O2):33.265	
O1):-0.854	O2):59.622	
O1):-0.766	O2):39.847	
O1):-0.849	O2):50.868	
O1):-0.742	O2):35.163	
O1):-0.795	O2):43.14	
O1):-0.798	O2):44.298	
O1):-0.816	O2):45.376	
O1):-0.777	O2):39.451	
O1):-0.792	O2):40.551	
O1):-0.7	O2):33.231	
O1):-0.795	O2):41.12	
O1):-0.705	O2):33.602	
O1):-0.829	O2):50.2	
O1):-0.799	O2):43.563	
O1):-0.73	O2):34.715	
O1):-0.722	O2):33.768	
O1):-0.752	O2):38.248	
O1):-0.772	O2):38.83	
O1):-0.788	O2):40.454	
Starting PrismExecutor worker 3 on port 15013
O1):-0.713	O2):33.349	
O1):-0.792	O2):40.551	
Connected worker 3 to port 15013
O1):-0.741	O2):34.561	
O1):-0.762	O2):38.346	
O1):-0.702	O2):33.174	
O1):-0.765	O2):38.679	
O1):-0.792	O2):40.568	
O1):-0.708	O2):33.335	
O1):-0.723	O2):33.882	
O1):-0.744	O2):35.107	
O1):-0.649	O2):29.304	
O1):-0.775	O2):39.148	
O1):-0.793	O2):40.773	
O1):-0.75	O2):36.747	
O1):-0.847	O2):50.694	
O1):-0.738	O2):37.98	
O1):-0.724	O2):34.389	
O1):-0.703	O2):33.23	
O1):-0.655	O2):29.907	
O1):-0.769	O2):38.658	
O1):-0.745	O2):35.653	
O1):-0.792	O2):43.907	
O1):-0.774	O2):39.097	
O1):-0.738	O2):35.046	
O1):-0.745	O2):35.074	
O1):-0.74	O2):39.015	
O1):-0.724	O2):33.867	
O1):-0.85	O2):51.087	
O1):-0.751	O2):36.918	
O1):-0.828	O2):46.709	
O1):-0.73	O2):35.066	
O1):-0.832	O2):50.219	
O1):-0.846	O2):50.639	
O1):-0.703	O2):33.357	
O1):-0.828	O2):46.836	
Evaluations:	1900
O1):-0.801	O2):45.092	
O1):-0.783	O2):40.93	
O1):-0.79	O2):40.265	
O1):-0.771	O2):38.707	
O1):-0.761	O2):38.352	
O1):-0.853	O2):56.296	
O1):-0.778	O2):39.755	
O1):-0.663	O2):29.301	
O1):-0.729	O2):34.761	
O1):-0.8	O2):44.564	
O1):-0.776	O2):39.682	
O1):-0.771	O2):39.149	
O1):-0.821	O2):45.64	
O1):-0.716	O2):34.542	
O1):-0.822	O2):45.48	
O1):-0.822	O2):45.657	
O1):-0.792	O2):40.536	
O1):-0.793	O2):44.93	
O1):-0.749	O2):39.247	
O1):-0.766	O2):38.85	
O1):-0.834	O2):49.884	
O1):-0.771	O2):38.656	
O1):-0.749	O2):37.603	
O1):-0.77	O2):38.686	
O1):-0.854	O2):56.606	
O1):-0.826	O2):46.062	
O1):-0.736	O2):35.253	
O1):-0.747	O2):39.735	
O1):-0.773	O2):38.911	
O1):-0.8	O2):43.849	
O1):-0.822	O2):52.846	
O1):-0.702	O2):33.174	
O1):-0.701	O2):34.148	
O1):-0.833	O2):50.688	
O1):-0.844	O2):51.347	
O1):-0.769	O2):38.673	
O1):-0.815	O2):45.611	
O1):-0.774	O2):39.053	
O1):-0.738	O2):35.456	
O1):-0.847	O2):50.694	
O1):-0.802	O2):45.141	
O1):-0.748	O2):38.314	
O1):-0.832	O2):50.247	
O1):-0.816	O2):45.661	
O1):-0.725	O2):35.6	
O1):-0.85	O2):50.752	
O1):-0.844	O2):51.347	
O1):-0.792	O2):40.568	
O1):-0.743	O2):36.206	
O1):-0.795	O2):41.12	
O1):-0.694	O2):33.167	
O1):-0.742	O2):35.758	
O1):-0.791	O2):40.513	
O1):-0.778	O2):39.755	
O1):-0.785	O2):40.813	
O1):-0.794	O2):41.375	
O1):-0.792	O2):40.536	
O1):-0.818	O2):45.562	
O1):-0.818	O2):45.778	
O1):-0.8	O2):44.008	
O1):-0.821	O2):45.569	
O1):-0.672	O2):30.107	
O1):-0.739	O2):35.56	
O1):-0.777	O2):40.585	
O1):-0.725	O2):34.103	
O1):-0.792	O2):40.568	
O1):-0.793	O2):40.743	
O1):-0.798	O2):43.723	
O1):-0.79	O2):40.251	
O1):-0.765	O2):38.668	
O1):-0.729	O2):34.765	
O1):-0.817	O2):45.787	
O1):-0.786	O2):40.081	
O1):-0.765	O2):38.766	
O1):-0.776	O2):39.47	
O1):-0.741	O2):34.561	
O1):-0.772	O2):38.825	
O1):-0.772	O2):38.839	
O1):-0.776	O2):40.023	
O1):-0.802	O2):44.927	
O1):-0.75	O2):36.737	
O1):-0.792	O2):40.56	
O1):-0.739	O2):39.187	
O1):-0.664	O2):30.368	
O1):-0.789	O2):43.42	
O1):-0.666	O2):29.593	
O1):-0.711	O2):34.211	
O1):-0.649	O2):29.304	
O1):-0.769	O2):38.673	
O1):-0.776	O2):39.32	
O1):-0.669	O2):29.05	
O1):-0.818	O2):45.778	
O1):-0.849	O2):51.039	
O1):-0.749	O2):37.603	
O1):-0.849	O2):51.039	
O1):-0.782	O2):39.968	
O1):-0.829	O2):47.023	
O1):-0.821	O2):45.78	
O1):-0.745	O2):35.653	
O1):-0.771	O2):38.792	
O1):-0.725	O2):34.103	
O1):-0.703	O2):33.23	
O1):-0.683	O2):30.4	
O1):-0.804	O2):45.297	
O1):-0.685	O2):31.016	
O1):-0.706	O2):34.22	
O1):-0.775	O2):39.227	
O1):-0.694	O2):33.167	
O1):-0.69	O2):31.299	
O1):-0.825	O2):50.061	
O1):-0.852	O2):55.538	
O1):-0.848	O2):50.903	
O1):-0.797	O2):42.632	
O1):-0.851	O2):55.217	
O1):-0.743	O2):34.837	
O1):-0.823	O2):45.828	
O1):-0.749	O2):37.943	
O1):-0.816	O2):45.275	
O1):-0.741	O2):35.128	
O1):-0.74	O2):38.221	
O1):-0.796	O2):41.167	
O1):-0.806	O2):45.463	
O1):-0.743	O2):36.172	
O1):-0.774	O2):39.057	
O1):-0.739	O2):36.027	
O1):-0.672	O2):29.651	
O1):-0.741	O2):35.918	
O1):-0.791	O2):43.562	
O1):-0.802	O2):45.266	
O1):-0.669	O2):29.617	
O1):-0.815	O2):45.611	
O1):-0.796	O2):43.513	
O1):-0.794	O2):40.873	
O1):-0.812	O2):46.331	
O1):-0.765	O2):37.464	
O1):-0.766	O2):37.602	
O1):-0.723	O2):34.015	
O1):-0.836	O2):49.943	
O1):-0.78	O2):40.567	
O1):-0.681	O2):30.389	
O1):-0.802	O2):44.927	
O1):-0.776	O2):40.238	
O1):-0.707	O2):34.978	
O1):-0.694	O2):33.167	
O1):-0.823	O2):45.806	
O1):-0.748	O2):36.057	
O1):-0.791	O2):40.345	
O1):-0.723	O2):34.519	
O1):-0.792	O2):40.721	
O1):-0.754	O2):38.493	
O1):-0.705	O2):34.826	
O1):-0.733	O2):34.801	
O1):-0.773	O2):39.164	
O1):-0.804	O2):44.996	
O1):-0.792	O2):40.551	
O1):-0.764	O2):38.597	
O1):-0.793	O2):40.869	
Starting PrismExecutor worker 1 on port 15021
Connected worker 1 to port 15021
O1):-0.724	O2):40.044	
O1):-0.795	O2):43.1	
O1):-0.792	O2):40.568	
O1):-0.765	O2):38.766	
O1):-0.793	O2):40.887	
O1):-0.782	O2):40.096	
O1):-0.741	O2):34.561	
O1):-0.791	O2):40.854	
O1):-0.808	O2):45.285	
O1):-0.747	O2):36.021	
O1):-0.739	O2):38.177	
O1):-0.826	O2):53.39	
O1):-0.713	O2):33.349	
O1):-0.794	O2):40.873	
O1):-0.713	O2):34.235	
O1):-0.774	O2):39.097	
O1):-0.671	O2):30.094	
O1):-0.846	O2):50.443	
O1):-0.791	O2):40.513	
O1):-0.776	O2):39.441	
O1):-0.798	O2):43.73	
O1):-0.792	O2):40.551	
O1):-0.768	O2):38.484	
O1):-0.743	O2):34.837	
O1):-0.666	O2):29.593	
O1):-0.82	O2):45.631	
O1):-0.769	O2):38.436	
O1):-0.806	O2):45.32	
O1):-0.663	O2):29.3	
O1):-0.656	O2):30.187	
O1):-0.8	O2):43.849	
O1):-0.8	O2):44.009	
O1):-0.713	O2):35.062	
O1):-0.803	O2):44.973	
O1):-0.828	O2):46.836	
O1):-0.688	O2):31.228	
O1):-0.849	O2):50.885	
O1):-0.703	O2):33.23	
O1):-0.782	O2):40.096	
O1):-0.849	O2):54.965	
O1):-0.771	O2):38.636	
O1):-0.745	O2):36.483	
O1):-0.738	O2):35.046	
O1):-0.828	O2):50.081	
O1):-0.827	O2):46.233	
O1):-0.708	O2):34.383	
O1):-0.733	O2):35.431	
O1):-0.85	O2):50.752	
O1):-0.746	O2):36.408	
O1):-0.771	O2):38.814	
O1):-0.772	O2):38.84	
O1):-0.793	O2):43.237	
O1):-0.776	O2):39.47	
O1):-0.773	O2):39.013	
O1):-0.772	O2):38.836	
O1):-0.731	O2):39.461	
O1):-0.765	O2):38.766	
O1):-0.795	O2):43.14	
O1):-0.771	O2):38.609	
O1):-0.764	O2):39.218	
O1):-0.791	O2):45.433	
O1):-0.804	O2):45.271	
O1):-0.82	O2):45.64	
O1):-0.804	O2):45.297	
O1):-0.86	O2):56.38	
O1):-0.823	O2):46.049	
O1):-0.85	O2):51.087	
O1):-0.799	O2):44.252	
O1):-0.703	O2):33.23	
O1):-0.771	O2):38.683	
O1):-0.666	O2):29.593	
O1):-0.77	O2):38.71	
O1):-0.797	O2):41.97	
O1):-0.777	O2):39.58	
O1):-0.775	O2):39.435	
O1):-0.746	O2):36.408	
O1):-0.705	O2):33.601	
O1):-0.767	O2):38.965	
O1):-0.848	O2):50.44	
O1):-0.686	O2):30.152	
O1):-0.7	O2):33.229	
O1):-0.782	O2):41.166	
O1):-0.789	O2):40.085	
O1):-0.777	O2):39.636	
O1):-0.818	O2):45.778	
O1):-0.776	O2):39.392	
O1):-0.847	O2):50.694	
O1):-0.774	O2):39.065	
O1):-0.681	O2):30.162	
O1):-0.796	O2):41.167	
O1):-0.795	O2):41.076	
O1):-0.776	O2):39.47	
O1):-0.805	O2):45.4	
O1):-0.817	O2):45.692	
O1):-0.733	O2):35.551	
O1):-0.774	O2):39.21	
O1):-0.8	O2):43.849	
O1):-0.767	O2):38.992	
O1):-0.761	O2):35.995	
O1):-0.731	O2):34.052	
O1):-0.818	O2):45.778	
O1):-0.71	O2):35.722	
O1):-0.775	O2):39.297	
O1):-0.672	O2):30.107	
O1):-0.774	O2):39.052	
O1):-0.832	O2):50.219	
O1):-0.793	O2):43.262	
O1):-0.815	O2):45.611	
O1):-0.779	O2):40.402	
O1):-0.828	O2):50.211	
O1):-0.791	O2):40.613	
O1):-0.762	O2):39.498	
O1):-0.799	O2):43.742	
O1):-0.722	O2):34.287	
O1):-0.805	O2):45.224	
O1):-0.803	O2):44.973	
O1):-0.771	O2):38.707	
O1):-0.816	O2):45.489	
O1):-0.848	O2):50.848	
O1):-0.722	O2):33.772	
O1):-0.748	O2):38.948	
O1):-0.816	O2):45.31	
O1):-0.765	O2):38.766	
O1):-0.731	O2):34.728	
O1):-0.77	O2):40.791	
O1):-0.711	O2):35.727	
O1):-0.688	O2):31.228	
O1):-0.663	O2):29.301	
O1):-0.773	O2):39.013	
O1):-0.714	O2):34.454	
O1):-0.766	O2):40.503	
O1):-0.766	O2):40.002	
O1):-0.8	O2):43.786	
O1):-0.763	O2):36.627	
O1):-0.791	O2):40.473	
O1):-0.774	O2):39.166	
O1):-0.751	O2):36.917	
O1):-0.803	O2):45.012	
O1):-0.793	O2):40.776	
O1):-0.687	O2):30.91	
O1):-0.777	O2):39.718	
O1):-0.684	O2):30.905	
O1):-0.812	O2):47.914	
O1):-0.746	O2):35.926	
O1):-0.775	O2):39.435	
O1):-0.726	O2):34.746	
O1):-0.795	O2):41.648	
O1):-0.815	O2):45.611	
O1):-0.817	O2):45.566	
O1):-0.742	O2):35.163	
O1):-0.753	O2):40.464	
O1):-0.765	O2):38.943	
O1):-0.722	O2):33.692	
O1):-0.8	O2):43.849	
O1):-0.778	O2):40.403	
O1):-0.742	O2):35.163	
O1):-0.766	O2):38.713	
O1):-0.757	O2):38.49	
O1):-0.663	O2):29.301	
O1):-0.649	O2):29.311	
O1):-0.805	O2):45.224	
O1):-0.754	O2):38.493	
O1):-0.745	O2):35.074	
O1):-0.703	O2):33.246	
O1):-0.674	O2):29.652	
O1):-0.774	O2):39.066	
O1):-0.8	O2):43.969	
O1):-0.794	O2):40.873	
O1):-0.832	O2):50.267	
O1):-0.805	O2):45.198	
O1):-0.736	O2):36.416	
O1):-0.763	O2):38.399	
O1):-0.739	O2):35.56	
O1):-0.849	O2):51.039	
O1):-0.792	O2):40.551	
O1):-0.797	O2):41.829	
O1):-0.774	O2):39.166	
O1):-0.747	O2):35.964	
O1):-0.729	O2):34.635	
O1):-0.714	O2):34.184	
O1):-0.761	O2):38.351	
O1):-0.723	O2):35.006	
O1):-0.791	O2):40.443	
O1):-0.772	O2):38.787	
O1):-0.779	O2):40.525	
O1):-0.792	O2):40.572	
O1):-0.823	O2):45.985	
O1):-0.755	O2):38.229	
O1):-0.74	O2):38.221	
O1):-0.784	O2):40.218	
O1):-0.776	O2):40.023	
O1):-0.771	O2):38.736	
O1):-0.845	O2):50.515	
Starting PrismExecutor worker 3 on port 15023
O1):-0.745	O2):36.482	
O1):-0.816	O2):45.376	
Connected worker 3 to port 15023
O1):-0.773	O2):39.022	
O1):-0.79	O2):40.449	
O1):-0.729	O2):34.765	
O1):-0.794	O2):40.874	
O1):-0.727	O2):34.383	
O1):-0.821	O2):45.569	
O1):-0.795	O2):41.12	
O1):-0.82	O2):45.64	
O1):-0.732	O2):35.039	
O1):-0.712	O2):34.569	
O1):-0.8	O2):43.969	
O1):-0.773	O2):39.372	
O1):-0.783	O2):40.108	
O1):-0.767	O2):38.374	
O1):-0.765	O2):38.668	
O1):-0.764	O2):38.487	
O1):-0.79	O2):40.3	
O1):-0.774	O2):39.057	
O1):-0.733	O2):35.565	
O1):-0.808	O2):45.285	
O1):-0.833	O2):50.357	
O1):-0.775	O2):39.254	
O1):-0.761	O2):38.351	
O1):-0.8	O2):43.969	
O1):-0.8	O2):44.785	
Evaluations:	2100
O1):-0.672	O2):30.107	
O1):-0.774	O2):39.058	
O1):-0.817	O2):51.463	
O1):-0.773	O2):39.372	
O1):-0.673	O2):29.629	
O1):-0.775	O2):39.383	
O1):-0.673	O2):29.629	
O1):-0.771	O2):38.656	
Evaluations:	2100
O1):-0.793	O2):43.248	
O1):-0.703	O2):33.23	
O1):-0.798	O2):44.203	
O1):-0.768	O2):39.215	
O1):-0.796	O2):41.335	
O1):-0.726	O2):34.189	
O1):-0.721	O2):34.596	
O1):-0.779	O2):39.795	
O1):-0.823	O2):45.806	
O1):-0.808	O2):45.574	
O1):-0.822	O2):45.674	
O1):-0.729	O2):34.678	
O1):-0.771	O2):38.792	
O1):-0.823	O2):45.675	
O1):-0.802	O2):44.851	
O1):-0.815	O2):45.51	
O1):-0.796	O2):43.997	
O1):-0.798	O2):44.064	
O1):-0.762	O2):38.346	
O1):-0.668	O2):29.648	
O1):-0.849	O2):51.015	
O1):-0.714	O2):33.396	
O1):-0.733	O2):34.737	
O1):-0.749	O2):38.204	
O1):-0.709	O2):33.611	
O1):-0.725	O2):33.938	
O1):-0.75	O2):36.737	
O1):-0.713	O2):33.353	
O1):-0.743	O2):34.792	
Evaluations:	2000
O1):-0.741	O2):35.128	
O1):-0.745	O2):35.199	
O1):-0.82	O2):45.631	
O1):-0.854	O2):59.622	
O1):-0.768	O2):39.215	
O1):-0.747	O2):36.021	
O1):-0.706	O2):33.434	
O1):-0.801	O2):45.092	
O1):-0.801	O2):45.092	
O1):-0.674	O2):29.692	
O1):-0.755	O2):40.737	
O1):-0.795	O2):41.648	
O1):-0.766	O2):38.948	
O1):-0.808	O2):45.285	
O1):-0.746	O2):35.975	
O1):-0.749	O2):38.405	
O1):-0.818	O2):45.778	
O1):-0.85	O2):50.752	
O1):-0.804	O2):45.271	
O1):-0.83	O2):50.577	
O1):-0.85	O2):50.79	
O1):-0.747	O2):35.964	
O1):-0.824	O2):45.937	
O1):-0.724	O2):34.389	
O1):-0.749	O2):36.82	
O1):-0.774	O2):39.057	
O1):-0.816	O2):45.376	
O1):-0.806	O2):45.463	
O1):-0.747	O2):35.964	
O1):-0.723	O2):33.986	
O1):-0.738	O2):35.456	
O1):-0.828	O2):46.836	
O1):-0.771	O2):38.718	
O1):-0.687	O2):31.165	
O1):-0.822	O2):45.755	
O1):-0.808	O2):45.397	
O1):-0.749	O2):35.435	
O1):-0.824	O2):45.755	
O1):-0.73	O2):34.675	
O1):-0.795	O2):41.12	
O1):-0.801	O2):44.149	
O1):-0.752	O2):36.92	
O1):-0.775	O2):39.349	
O1):-0.796	O2):43.513	
O1):-0.791	O2):40.854	
O1):-0.806	O2):44.843	
O1):-0.767	O2):39.28	
O1):-0.689	O2):30.504	
O1):-0.774	O2):39.057	
O1):-0.772	O2):40.475	
O1):-0.74	O2):35.113	
O1):-0.7	O2):33.229	
O1):-0.816	O2):45.275	
O1):-0.83	O2):50.577	
O1):-0.798	O2):44.064	
O1):-0.777	O2):39.58	
O1):-0.772	O2):39.155	
Evaluations:	2000
O1):-0.732	O2):35.803	
O1):-0.773	O2):39.013	
O1):-0.827	O2):46.266	
O1):-0.794	O2):40.873	
O1):-0.772	O2):38.805	
O1):-0.766	O2):39.086	
O1):-0.745	O2):35.653	
O1):-0.791	O2):40.537	
O1):-0.733	O2):34.801	
O1):-0.763	O2):38.482	
O1):-0.751	O2):36.918	
O1):-0.786	O2):41.011	
O1):-0.824	O2):45.995	
O1):-0.78	O2):41.696	
O1):-0.703	O2):33.23	
O1):-0.683	O2):30.4	
O1):-0.821	O2):45.673	
O1):-0.794	O2):40.874	
O1):-0.806	O2):45.509	
O1):-0.681	O2):30.162	
O1):-0.785	O2):40.487	
O1):-0.816	O2):45.376	
O1):-0.825	O2):45.937	
O1):-0.806	O2):44.844	
O1):-0.796	O2):41.914	
O1):-0.774	O2):39.057	
O1):-0.828	O2):46.709	
O1):-0.834	O2):50.342	
O1):-0.814	O2):44.98	
O1):-0.791	O2):40.443	
O1):-0.802	O2):45.28	
O1):-0.832	O2):50.219	
O1):-0.763	O2):38.524	
O1):-0.703	O2):33.405	
O1):-0.806	O2):45.463	
O1):-0.795	O2):41.091	
Evaluations:	1900
O1):-0.666	O2):29.593	
O1):-0.824	O2):45.94	
O1):-0.782	O2):39.968	
O1):-0.772	O2):38.824	
O1):-0.757	O2):36.371	
O1):-0.83	O2):50.577	
O1):-0.763	O2):36.554	
O1):-0.749	O2):37.943	
O1):-0.814	O2):45.337	
O1):-0.727	O2):34.276	
O1):-0.746	O2):35.926	
Starting PrismExecutor worker 2 on port 15022
O1):-0.776	O2):39.47	
Connected worker 2 to port 15022
O1):-0.79	O2):40.3	
O1):-0.771	O2):38.636	
O1):-0.664	O2):30.368	
O1):-0.824	O2):54.745	
O1):-0.798	O2):44.064	
O1):-0.764	O2):38.405	
O1):-0.671	O2):30.093	
O1):-0.714	O2):34.454	
O1):-0.79	O2):40.475	
O1):-0.799	O2):43.993	
O1):-0.732	O2):38.489	
O1):-0.821	O2):45.569	
O1):-0.776	O2):39.371	
O1):-0.791	O2):40.613	
O1):-0.75	O2):36.747	
O1):-0.688	O2):30.973	
O1):-0.736	O2):34.831	
O1):-0.724	O2):33.902	
O1):-0.765	O2):37.476	
O1):-0.773	O2):39.036	
O1):-0.828	O2):46.836	
O1):-0.743	O2):34.902	
O1):-0.743	O2):36.219	
O1):-0.824	O2):45.878	
O1):-0.815	O2):45.961	
O1):-0.803	O2):45.15	
O1):-0.724	O2):33.951	
O1):-0.804	O2):45.22	
O1):-0.827	O2):46.538	
O1):-0.784	O2):40.481	
O1):-0.792	O2):40.551	
O1):-0.738	O2):35.456	
O1):-0.863	O2):56.908	
O1):-0.751	O2):36.918	
O1):-0.757	O2):38.726	
O1):-0.683	O2):30.399	
O1):-0.724	O2):33.902	
O1):-0.777	O2):39.819	
O1):-0.703	O2):33.231	
O1):-0.713	O2):33.888	
O1):-0.851	O2):51.189	
O1):-0.804	O2):45.271	
O1):-0.782	O2):39.968	
O1):-0.785	O2):43.008	
O1):-0.81	O2):50.439	
O1):-0.672	O2):31.7	
O1):-0.776	O2):39.358	
O1):-0.747	O2):36.093	
O1):-0.729	O2):35.435	
O1):-0.712	O2):33.872	
O1):-0.734	O2):34.9	
O1):-0.722	O2):33.772	
O1):-0.656	O2):29.387	
O1):-0.794	O2):43.258	
O1):-0.814	O2):44.98	
O1):-0.799	O2):43.564	
O1):-0.823	O2):45.675	
O1):-0.827	O2):46.233	
O1):-0.799	O2):44.252	
O1):-0.762	O2):41.095	
O1):-0.728	O2):34.458	
O1):-0.731	O2):34.795	
O1):-0.748	O2):38.948	
O1):-0.816	O2):45.376	
O1):-0.773	O2):39.041	
O1):-0.796	O2):43.513	
O1):-0.703	O2):33.357	
O1):-0.791	O2):40.481	
O1):-0.707	O2):33.251	
O1):-0.762	O2):36.287	
O1):-0.797	O2):41.97	
O1):-0.795	O2):41.12	
O1):-0.798	O2):43.911	
O1):-0.689	O2):30.504	
O1):-0.794	O2):40.873	
O1):-0.752	O2):38.248	
O1):-0.852	O2):55.289	
O1):-0.728	O2):40.061	
O1):-0.828	O2):46.836	
O1):-0.86	O2):56.381	
O1):-0.769	O2):38.658	
O1):-0.669	O2):29.617	
O1):-0.813	O2):45.288	
O1):-0.829	O2):50.332	
O1):-0.719	O2):33.465	
O1):-0.829	O2):47.023	
O1):-0.749	O2):39.247	
O1):-0.696	O2):35.099	
O1):-0.774	O2):39.21	
O1):-0.688	O2):31.228	
O1):-0.799	O2):44.252	
O1):-0.74	O2):35.113	
O1):-0.848	O2):50.44	
O1):-0.763	O2):38.482	
O1):-0.827	O2):46.266	
O1):-0.847	O2):50.826	
O1):-0.671	O2):30.145	
O1):-0.795	O2):43.473	
O1):-0.8	O2):43.844	
O1):-0.791	O2):40.481	
O1):-0.656	O2):30.187	
O1):-0.749	O2):35.435	
O1):-0.796	O2):43.394	
O1):-0.786	O2):44.095	
O1):-0.752	O2):38.248	
O1):-0.686	O2):30.152	
O1):-0.709	O2):33.611	
O1):-0.755	O2):40.252	
O1):-0.802	O2):44.927	
O1):-0.767	O2):38.374	
O1):-0.776	O2):39.434	
O1):-0.772	O2):38.839	
O1):-0.772	O2):40.378	
O1):-0.773	O2):39.013	
O1):-0.794	O2):40.853	
O1):-0.788	O2):43.198	
O1):-0.799	O2):44.252	
O1):-0.776	O2):39.47	
O1):-0.795	O2):43.473	
O1):-0.77	O2):38.442	
O1):-0.729	O2):34.678	
O1):-0.787	O2):43.063	
O1):-0.749	O2):38.204	
O1):-0.824	O2):45.995	
O1):-0.833	O2):50.357	
O1):-0.782	O2):40.096	
O1):-0.784	O2):40.692	
O1):-0.723	O2):33.882	
O1):-0.752	O2):37.863	
O1):-0.777	O2):39.411	
O1):-0.797	O2):41.829	
O1):-0.713	O2):33.349	
O1):-0.822	O2):45.677	
O1):-0.834	O2):49.884	
O1):-0.776	O2):39.438	
O1):-0.671	O2):29.337	
O1):-0.776	O2):39.356	
O1):-0.79	O2):40.25	
O1):-0.821	O2):52.72	
O1):-0.649	O2):29.305	
O1):-0.835	O2):50.521	
O1):-0.772	O2):38.787	
O1):-0.687	O2):30.91	
O1):-0.777	O2):39.475	
O1):-0.826	O2):46.062	
O1):-0.734	O2):36.273	
O1):-0.749	O2):37.943	
O1):-0.726	O2):34.189	
O1):-0.778	O2):39.701	
O1):-0.673	O2):29.629	
O1):-0.767	O2):38.406	
O1):-0.819	O2):45.574	
O1):-0.726	O2):34.203	
O1):-0.795	O2):44.886	
O1):-0.828	O2):46.836	
O1):-0.808	O2):45.397	
O1):-0.694	O2):33.17	
O1):-0.705	O2):34.539	
O1):-0.795	O2):45.426	
O1):-0.686	O2):32.93	
O1):-0.766	O2):38.683	
O1):-0.826	O2):46.763	
O1):-0.729	O2):34.678	
O1):-0.725	O2):33.938	
O1):-0.798	O2):44.298	
O1):-0.711	O2):35.726	
O1):-0.727	O2):34.362	
O1):-0.771	O2):38.793	
O1):-0.738	O2):34.964	
O1):-0.8	O2):43.994	
O1):-0.782	O2):40.096	
O1):-0.816	O2):45.661	
O1):-0.725	O2):34.103	
O1):-0.794	O2):41.78	
O1):-0.824	O2):45.94	
O1):-0.707	O2):33.251	
O1):-0.764	O2):40.791	
O1):-0.708	O2):33.335	
O1):-0.726	O2):34.203	
O1):-0.806	O2):45.463	
O1):-0.758	O2):37.019	
O1):-0.8	O2):43.848	
O1):-0.834	O2):49.884	
O1):-0.802	O2):45.103	
Evaluations:	1800
O1):-0.825	O2):46.084	
O1):-0.8	O2):43.969	
O1):-0.733	O2):34.737	
Starting PrismExecutor worker 0 on port 15020
O1):-0.775	O2):39.993	
O1):-0.742	O2):34.616	
O1):-0.797	O2):43.38	
Connected worker 0 to port 15020
O1):-0.793	O2):40.776	
O1):-0.721	O2):33.388	
O1):-0.816	O2):45.431	
O1):-0.767	O2):38.763	
O1):-0.795	O2):41.12	
O1):-0.761	O2):36.037	
O1):-0.772	O2):38.755	
O1):-0.774	O2):39.057	
O1):-0.773	O2):39.013	
O1):-0.761	O2):40.567	
O1):-0.783	O2):40.052	
O1):-0.741	O2):35.933	
O1):-0.731	O2):34.727	
O1):-0.793	O2):40.823	
O1):-0.771	O2):39.027	
O1):-0.672	O2):29.651	
O1):-0.79	O2):40.404	
O1):-0.777	O2):39.58	
O1):-0.714	O2):34.454	
O1):-0.793	O2):40.784	
O1):-0.791	O2):40.613	
O1):-0.825	O2):45.976	
O1):-0.861	O2):56.253	
O1):-0.773	O2):39.052	
O1):-0.814	O2):48.359	
O1):-0.776	O2):40.023	
O1):-0.672	O2):30.107	
O1):-0.66	O2):29.384	
O1):-0.771	O2):38.569	
O1):-0.708	O2):33.332	
Evaluations:	2200
O1):-0.804	O2):45.779	
O1):-0.802	O2):44.119	
O1):-0.771	O2):38.707	
O1):-0.798	O2):43.721	
O1):-0.79	O2):40.299	
O1):-0.74	O2):35.113	
O1):-0.826	O2):49.35	
O1):-0.794	O2):40.853	
O1):-0.671	O2):30.094	
O1):-0.692	O2):33.282	
O1):-0.799	O2):43.741	
O1):-0.688	O2):30.495	
O1):-0.742	O2):34.608	
O1):-0.749	O2):38.161	
O1):-0.78	O2):40.032	
O1):-0.673	O2):29.629	
O1):-0.8	O2):44.211	
O1):-0.775	O2):39.254	
O1):-0.769	O2):38.659	
O1):-0.798	O2):44.203	
O1):-0.757	O2):36.371	
O1):-0.795	O2):41.12	
O1):-0.796	O2):41.198	
O1):-0.744	O2):37.896	
O1):-0.776	O2):39.773	
O1):-0.824	O2):45.94	
O1):-0.742	O2):35.163	
O1):-0.848	O2):50.44	
O1):-0.816	O2):45.661	
O1):-0.827	O2):46.266	
O1):-0.803	O2):45.15	
O1):-0.815	O2):45.431	
O1):-0.692	O2):33.282	
O1):-0.711	O2):33.834	
O1):-0.795	O2):43.14	
O1):-0.738	O2):35.046	
O1):-0.795	O2):41.076	
O1):-0.795	O2):41.614	
O1):-0.729	O2):34.766	
O1):-0.772	O2):38.836	
O1):-0.814	O2):48.359	
O1):-0.849	O2):51.015	
O1):-0.845	O2):50.527	
O1):-0.772	O2):38.753	
O1):-0.771	O2):38.792	
O1):-0.777	O2):40.053	
O1):-0.671	O2):30.094	
O1):-0.791	O2):40.545	
O1):-0.672	O2):31.7	
O1):-0.747	O2):35.464	
O1):-0.79	O2):40.321	
O1):-0.816	O2):45.661	
O1):-0.776	O2):39.358	
O1):-0.748	O2):36.196	
O1):-0.668	O2):29.648	
O1):-0.7	O2):34.165	
O1):-0.671	O2):30.094	
O1):-0.775	O2):39.339	
O1):-0.804	O2):45.443	
O1):-0.742	O2):34.616	
O1):-0.829	O2):47.023	
O1):-0.673	O2):31.541	
O1):-0.853	O2):51.473	
O1):-0.846	O2):50.639	
O1):-0.744	O2):35.462	
O1):-0.739	O2):35.56	
O1):-0.777	O2):39.475	
O1):-0.795	O2):41.73	
O1):-0.823	O2):45.765	
O1):-0.808	O2):45.397	
O1):-0.743	O2):34.792	
O1):-0.659	O2):28.811	
O1):-0.853	O2):51.473	
O1):-0.849	O2):54.965	
O1):-0.788	O2):40.116	
O1):-0.724	O2):33.867	
O1):-0.8	O2):44.002	
O1):-0.761	O2):39.353	
O1):-0.743	O2):35.461	
O1):-0.796	O2):43.194	
O1):-0.741	O2):35.262	
O1):-0.708	O2):34.269	
O1):-0.745	O2):35.768	
O1):-0.707	O2):33.647	
O1):-0.793	O2):40.773	
O1):-0.793	O2):40.776	
O1):-0.763	O2):36.564	
O1):-0.828	O2):50.21	
O1):-0.754	O2):40.315	
O1):-0.766	O2):38.366	
O1):-0.724	O2):34.101	
O1):-0.814	O2):45.373	
O1):-0.719	O2):33.465	
O1):-0.777	O2):40.391	
O1):-0.79	O2):40.475	
O1):-0.711	O2):35.726	
O1):-0.795	O2):41.076	
O1):-0.849	O2):50.538	
O1):-0.735	O2):35.829	
O1):-0.794	O2):40.873	
O1):-0.762	O2):36.287	
O1):-0.786	O2):40.081	
O1):-0.826	O2):49.35	
O1):-0.798	O2):43.73	
O1):-0.777	O2):39.584	
O1):-0.772	O2):40.147	
O1):-0.745	O2):35.081	
O1):-0.731	O2):34.053	
O1):-0.793	O2):40.743	
O1):-0.85	O2):50.752	
O1):-0.848	O2):50.903	
O1):-0.85	O2):50.79	
O1):-0.744	O2):35.462	
O1):-0.803	O2):45.012	
O1):-0.802	O2):45.287	
O1):-0.816	O2):45.489	
O1):-0.816	O2):45.275	
O1):-0.657	O2):29.389	
O1):-0.763	O2):36.627	
O1):-0.762	O2):36.287	
O1):-0.819	O2):45.574	
O1):-0.777	O2):39.58	
O1):-0.657	O2):29.402	
O1):-0.692	O2):31.159	
O1):-0.785	O2):42.991	
O1):-0.797	O2):41.976	
O1):-0.815	O2):45.611	
O1):-0.792	O2):40.551	
O1):-0.655	O2):29.907	
O1):-0.794	O2):40.853	
O1):-0.797	O2):45.011	
O1):-0.797	O2):41.829	
O1):-0.657	O2):29.399	
O1):-0.767	O2):38.374	
O1):-0.829	O2):47.023	
O1):-0.847	O2):50.694	
O1):-0.745	O2):35.768	
O1):-0.816	O2):45.376	
O1):-0.791	O2):40.537	
O1):-0.703	O2):33.357	
O1):-0.847	O2):50.826	
O1):-0.821	O2):45.64	
O1):-0.78	O2):40.522	
O1):-0.664	O2):30.369	
O1):-0.711	O2):33.834	
O1):-0.847	O2):50.826	
O1):-0.722	O2):34.359	
O1):-0.816	O2):45.233	
O1):-0.735	O2):35.829	
O1):-0.742	O2):35.163	
O1):-0.791	O2):43.689	
O1):-0.815	O2):45.611	
O1):-0.8	O2):43.849	
O1):-0.729	O2):34.525	
O1):-0.673	O2):29.629	
O1):-0.783	O2):40.108	
O1):-0.791	O2):40.613	
O1):-0.765	O2):37.523	
O1):-0.83	O2):50.577	
O1):-0.773	O2):38.915	
Starting PrismExecutor worker 4 on port 15094
O1):-0.777	O2):39.636	
Connected worker 4 to port 15094
O1):-0.816	O2):45.275	
O1):-0.826	O2):46.571	
Evaluations:	1700
O1):-0.806	O2):45.463	
O1):-0.792	O2):40.551	
O1):-0.793	O2):40.799	
Evaluations:	1900
O1):-0.772	O2):39.912	
O1):-0.672	O2):30.107	
O1):-0.827	O2):50.033	
O1):-0.796	O2):43.997	
O1):-0.706	O2):35.281	
O1):-0.794	O2):40.874	
O1):-0.792	O2):40.733	
O1):-0.713	O2):33.349	
O1):-0.775	O2):39.403	
O1):-0.736	O2):35.461	
O1):-0.668	O2):29.648	
O1):-0.774	O2):39.118	
O1):-0.764	O2):38.405	
O1):-0.775	O2):39.153	
O1):-0.825	O2):45.872	
O1):-0.774	O2):39.097	
O1):-0.772	O2):38.825	
O1):-0.794	O2):40.853	
O1):-0.779	O2):40.402	
O1):-0.8	O2):44.008	
O1):-0.772	O2):38.83	
O1):-0.807	O2):45.642	
O1):-0.795	O2):43.14	
O1):-0.772	O2):38.937	
O1):-0.826	O2):49.926	
O1):-0.656	O2):29.427	
O1):-0.776	O2):39.485	
O1):-0.746	O2):37.939	
O1):-0.688	O2):31.065	
O1):-0.771	O2):38.713	
O1):-0.826	O2):49.964	
O1):-0.798	O2):44.298	
O1):-0.775	O2):39.793	
O1):-0.711	O2):33.834	
O1):-0.766	O2):40.796	
O1):-0.805	O2):45.224	
O1):-0.724	O2):34.101	
O1):-0.774	O2):39.21	
O1):-0.754	O2):38.493	
O1):-0.826	O2):46.062	
O1):-0.673	O2):30.853	
O1):-0.804	O2):45.297	
O1):-0.794	O2):40.818	
O1):-0.836	O2):49.943	
O1):-0.785	O2):45.79	
O1):-0.806	O2):45.32	
O1):-0.799	O2):43.989	
O1):-0.78	O2):41.096	
O1):-0.727	O2):34.383	
O1):-0.775	O2):39.254	
O1):-0.767	O2):39.037	
O1):-0.686	O2):32.93	
O1):-0.777	O2):39.718	
O1):-0.849	O2):50.895	
O1):-0.79	O2):40.265	
O1):-0.816	O2):45.376	
O1):-0.743	O2):34.856	
O1):-0.792	O2):40.536	
O1):-0.711	O2):33.834	
O1):-0.777	O2):40.98	
O1):-0.8	O2):43.849	
O1):-0.813	O2):45.288	
O1):-0.819	O2):50.057	
O1):-0.794	O2):41.493	
O1):-0.79	O2):40.251	
O1):-0.784	O2):40.751	
O1):-0.772	O2):38.814	
O1):-0.739	O2):35.56	
O1):-0.814	O2):45.373	
O1):-0.785	O2):43.805	
O1):-0.765	O2):38.679	
O1):-0.763	O2):38.399	
O1):-0.849	O2):50.663	
O1):-0.683	O2):30.399	
O1):-0.75	O2):36.737	
O1):-0.846	O2):50.443	
O1):-0.796	O2):41.788	
O1):-0.813	O2):45.141	
O1):-0.796	O2):41.761	
O1):-0.722	O2):33.768	
O1):-0.749	O2):38.204	
O1):-0.684	O2):30.905	
O1):-0.741	O2):35.918	
O1):-0.751	O2):40.341	
O1):-0.723	O2):33.945	
O1):-0.757	O2):39.955	
O1):-0.815	O2):48.542	
O1):-0.672	O2):29.651	
O1):-0.761	O2):38.351	
O1):-0.803	O2):45.742	
O1):-0.721	O2):33.388	
O1):-0.688	O2):30.495	
O1):-0.789	O2):40.084	
Evaluations:	2000
O1):-0.793	O2):40.799	
O1):-0.813	O2):45.141	
O1):-0.683	O2):30.4	
O1):-0.775	O2):39.149	
O1):-0.724	O2):34.101	
O1):-0.754	O2):38.493	
O1):-0.724	O2):33.878	
O1):-0.776	O2):40.63	
O1):-0.799	O2):44.297	
O1):-0.814	O2):45.224	
O1):-0.758	O2):37.019	
O1):-0.703	O2):33.23	
O1):-0.771	O2):38.903	
O1):-0.779	O2):40.402	
O1):-0.744	O2):36.077	
O1):-0.747	O2):36.53	
O1):-0.775	O2):39.297	
O1):-0.696	O2):35.095	
O1):-0.792	O2):40.861	
O1):-0.803	O2):45.089	
O1):-0.815	O2):45.611	
O1):-0.791	O2):40.614	
O1):-0.847	O2):50.694	
O1):-0.725	O2):33.938	
O1):-0.728	O2):34.422	
O1):-0.795	O2):41.15	
O1):-0.73	O2):34.885	
O1):-0.725	O2):34.587	
O1):-0.764	O2):38.405	
O1):-0.791	O2):40.537	
O1):-0.729	O2):34.678	
O1):-0.848	O2):50.44	
O1):-0.77	O2):38.738	
O1):-0.774	O2):40.056	
O1):-0.796	O2):41.198	
O1):-0.777	O2):39.819	
O1):-0.829	O2):47.033	
O1):-0.725	O2):34.104	
O1):-0.719	O2):35.758	
O1):-0.827	O2):46.502	
O1):-0.775	O2):39.148	
O1):-0.767	O2):38.374	
O1):-0.789	O2):40.084	
O1):-0.777	O2):39.636	
O1):-0.749	O2):37.943	
O1):-0.793	O2):40.776	
O1):-0.775	O2):39.227	
O1):-0.732	O2):35.039	
O1):-0.755	O2):38.229	
O1):-0.798	O2):44.203	
O1):-0.826	O2):49.35	
O1):-0.859	O2):55.937	
O1):-0.803	O2):44.973	
O1):-0.722	O2):33.784	
O1):-0.754	O2):40.343	
O1):-0.655	O2):29.907	
O1):-0.774	O2):39.052	
O1):-0.773	O2):39.372	
O1):-0.73	O2):35.468	
O1):-0.742	O2):36.165	
O1):-0.85	O2):50.752	
O1):-0.849	O2):50.868	
O1):-0.776	O2):39.682	
O1):-0.73	O2):35.118	
O1):-0.712	O2):33.961	
O1):-0.743	O2):34.837	
O1):-0.818	O2):45.576	
O1):-0.778	O2):40.403	
O1):-0.775	O2):39.297	
O1):-0.819	O2):45.855	
O1):-0.767	O2):37.599	
O1):-0.794	O2):40.873	
O1):-0.741	O2):35.128	
O1):-0.797	O2):41.976	
Starting PrismExecutor worker 5 on port 15095
O1):-0.785	O2):40.487	
Connected worker 5 to port 15095
O1):-0.688	O2):31.228	
O1):-0.672	O2):31.7	
O1):-0.771	O2):38.656	
O1):-0.78	O2):41.129	
O1):-0.848	O2):50.44	
O1):-0.848	O2):50.44	
O1):-0.818	O2):45.562	
O1):-0.772	O2):38.975	
O1):-0.804	O2):45.766	
O1):-0.77	O2):38.686	
O1):-0.731	O2):34.727	
O1):-0.765	O2):38.708	
O1):-0.747	O2):36.054	
O1):-0.834	O2):49.884	
O1):-0.815	O2):48.261	
O1):-0.776	O2):39.773	
O1):-0.669	O2):29.05	
O1):-0.768	O2):39.365	
O1):-0.649	O2):29.304	
O1):-0.795	O2):41.091	
O1):-0.751	O2):36.917	
O1):-0.729	O2):34.525	
O1):-0.766	O2):39.035	
O1):-0.727	O2):34.383	
O1):-0.776	O2):40.77	
O1):-0.792	O2):40.551	
O1):-0.814	O2):44.98	
O1):-0.86	O2):56.38	
O1):-0.769	O2):38.441	
O1):-0.799	O2):44.252	
O1):-0.773	O2):39.152	
O1):-0.75	O2):36.477	
O1):-0.773	O2):38.911	
O1):-0.739	O2):35.56	
O1):-0.851	O2):51.092	
O1):-0.772	O2):38.824	
O1):-0.848	O2):50.848	
O1):-0.783	O2):40.059	
O1):-0.827	O2):46.692	
O1):-0.685	O2):31.016	
O1):-0.821	O2):45.569	
O1):-0.806	O2):45.463	
O1):-0.702	O2):33.174	
O1):-0.791	O2):40.854	
O1):-0.803	O2):45.54	
O1):-0.771	O2):38.925	
O1):-0.684	O2):31.115	
O1):-0.683	O2):30.4	
O1):-0.863	O2):56.907	
O1):-0.778	O2):40.226	
O1):-0.757	O2):36.371	
O1):-0.729	O2):34.456	
O1):-0.816	O2):45.661	
O1):-0.774	O2):39.052	
O1):-0.77	O2):38.41	
O1):-0.788	O2):40.454	
O1):-0.761	O2):35.995	
O1):-0.661	O2):29.026	
O1):-0.741	O2):34.565	
O1):-0.771	O2):38.715	
O1):-0.681	O2):30.162	
O1):-0.767	O2):39.047	
O1):-0.724	O2):33.878	
O1):-0.718	O2):33.729	
O1):-0.713	O2):34.034	
O1):-0.775	O2):39.148	
O1):-0.775	O2):39.35	
O1):-0.658	O2):29.472	
O1):-0.816	O2):45.275	
O1):-0.849	O2):50.663	
O1):-0.778	O2):40.226	
O1):-0.721	O2):35.228	
O1):-0.74	O2):38.895	
O1):-0.812	O2):46.331	
O1):-0.672	O2):30.107	
O1):-0.85	O2):50.752	
O1):-0.769	O2):40.291	
O1):-0.765	O2):38.766	
O1):-0.754	O2):38.493	
O1):-0.713	O2):33.889	
O1):-0.816	O2):45.355	
O1):-0.714	O2):36.31	
O1):-0.736	O2):35.461	
O1):-0.78	O2):40.52	
O1):-0.723	O2):33.918	
O1):-0.799	O2):44.252	
O1):-0.826	O2):49.35	
O1):-0.772	O2):38.753	
O1):-0.666	O2):29.593	
O1):-0.815	O2):45.51	
O1):-0.78	O2):41.896	
O1):-0.827	O2):46.502	
O1):-0.796	O2):41.914	
O1):-0.712	O2):33.872	
O1):-0.789	O2):40.083	
O1):-0.744	O2):35.471	
O1):-0.774	O2):39.104	
O1):-0.762	O2):36.268	
O1):-0.726	O2):34.188	
O1):-0.773	O2):38.959	
O1):-0.749	O2):37.943	
O1):-0.816	O2):45.887	
O1):-0.813	O2):45.288	
O1):-0.758	O2):38.999	
O1):-0.72	O2):33.48	
O1):-0.775	O2):39.256	
O1):-0.722	O2):33.768	
O1):-0.728	O2):34.345	
O1):-0.777	O2):39.719	
O1):-0.727	O2):34.382	
O1):-0.812	O2):54.999	
O1):-0.796	O2):43.394	
O1):-0.829	O2):50.2	
O1):-0.703	O2):33.357	
O1):-0.724	O2):34.41	
O1):-0.763	O2):36.554	
O1):-0.797	O2):41.83	
O1):-0.748	O2):36.196	
O1):-0.754	O2):40.738	
O1):-0.755	O2):40.607	
O1):-0.708	O2):33.744	
O1):-0.772	O2):40.26	
O1):-0.827	O2):46.266	
O1):-0.764	O2):39.645	
O1):-0.749	O2):37.943	
O1):-0.657	O2):29.389	
O1):-0.684	O2):30.905	
O1):-0.799	O2):43.99	
O1):-0.752	O2):36.92	
O1):-0.743	O2):36.106	
O1):-0.775	O2):40.479	
O1):-0.826	O2):49.35	
O1):-0.771	O2):40.115	
O1):-0.818	O2):45.577	
O1):-0.745	O2):35.768	
O1):-0.656	O2):29.387	
O1):-0.697	O2):35.428	
O1):-0.712	O2):33.425	
O1):-0.8	O2):43.786	
O1):-0.791	O2):40.345	
O1):-0.815	O2):45.51	
O1):-0.824	O2):46.001	
O1):-0.755	O2):38.229	
O1):-0.762	O2):36.287	
O1):-0.849	O2):50.538	
O1):-0.85	O2):51.087	
O1):-0.773	O2):39.041	
O1):-0.762	O2):38.347	
O1):-0.788	O2):40.116	
O1):-0.825	O2):45.872	
O1):-0.8	O2):44.009	
O1):-0.737	O2):35.446	
O1):-0.731	O2):36.357	
O1):-0.776	O2):39.47	
O1):-0.77	O2):39.604	
O1):-0.813	O2):45.141	
O1):-0.778	O2):40.322	
O1):-0.817	O2):45.566	
O1):-0.72	O2):34.332	
O1):-0.806	O2):45.456	
O1):-0.776	O2):39.303	
O1):-0.785	O2):40.813	
O1):-0.868	O2):55.933	
O1):-0.731	O2):34.789	
O1):-0.849	O2):50.538	
O1):-0.783	O2):40.053	
O1):-0.761	O2):38.351	
O1):-0.671	O2):29.337	
O1):-0.803	O2):45.15	
O1):-0.703	O2):34.613	
O1):-0.828	O2):46.513	
Evaluations:	2200
O1):-0.73	O2):34.801	
O1):-0.809	O2):45.623	
O1):-0.773	O2):39.041	
O1):-0.761	O2):36.013	
O1):-0.772	O2):38.839	
O1):-0.714	O2):33.396	
O1):-0.847	O2):50.694	
O1):-0.777	O2):39.819	
O1):-0.804	O2):45.297	
O1):-0.747	O2):36.04	
O1):-0.702	O2):34.02	
O1):-0.686	O2):30.152	
O1):-0.782	O2):40.096	
O1):-0.793	O2):40.887	
O1):-0.84	O2):50.717	
Evaluations:	2200
O1):-0.774	O2):39.21	
O1):-0.736	O2):35.461	
O1):-0.795	O2):41.153	
Starting PrismExecutor worker 5 on port 15045
Starting PrismExecutor worker 5 on port 15035
O1):-0.762	O2):40.599	
O1):-0.847	O2):50.826	
Connected worker 5 to port 15045
Connected worker 5 to port 15035
O1):-0.799	O2):43.564	
O1):-0.775	O2):39.407	
O1):-0.827	O2):50.832	
O1):-0.732	O2):35.797	
O1):-0.772	O2):38.753	
O1):-0.825	O2):45.976	
O1):-0.792	O2):40.551	
O1):-0.765	O2):38.679	
O1):-0.681	O2):30.389	
O1):-0.703	O2):33.406	
O1):-0.739	O2):35.56	
O1):-0.827	O2):46.502	
O1):-0.823	O2):45.985	
O1):-0.817	O2):45.787	
O1):-0.851	O2):51.189	
O1):-0.794	O2):40.853	
O1):-0.803	O2):45.13	
O1):-0.825	O2):45.937	
O1):-0.774	O2):39.052	
O1):-0.763	O2):38.272	
O1):-0.737	O2):35.446	
O1):-0.755	O2):38.229	
O1):-0.712	O2):33.872	
O1):-0.794	O2):41.375	
O1):-0.774	O2):39.21	
O1):-0.764	O2):38.615	
O1):-0.761	O2):35.995	
O1):-0.835	O2):50.953	
O1):-0.655	O2):29.907	
O1):-0.763	O2):38.376	
O1):-0.813	O2):45.288	
O1):-0.73	O2):34.885	
O1):-0.795	O2):41.614	
O1):-0.827	O2):50.033	
O1):-0.706	O2):33.434	
O1):-0.795	O2):41.12	
O1):-0.729	O2):34.636	
O1):-0.749	O2):38.814	
O1):-0.816	O2):45.233	
O1):-0.773	O2):39.164	
O1):-0.796	O2):41.96	
O1):-0.732	O2):34.82	
O1):-0.733	O2):34.737	
O1):-0.725	O2):33.938	
O1):-0.824	O2):45.878	
O1):-0.791	O2):45.871	
O1):-0.726	O2):34.189	
O1):-0.784	O2):40.46	
O1):-0.776	O2):39.564	
O1):-0.814	O2):44.98	
O1):-0.723	O2):34.089	
O1):-0.792	O2):40.536	
O1):-0.796	O2):41.778	
O1):-0.86	O2):56.38	
O1):-0.815	O2):45.26	
O1):-0.817	O2):45.386	
O1):-0.844	O2):51.347	
O1):-0.776	O2):39.358	
O1):-0.79	O2):40.25	
O1):-0.751	O2):41.076	
O1):-0.7	O2):33.229	
O1):-0.729	O2):34.678	
O1):-0.698	O2):33.091	
O1):-0.763	O2):38.463	
O1):-0.653	O2):29.51	
O1):-0.772	O2):38.743	
O1):-0.779	O2):39.717	
O1):-0.666	O2):29.593	
O1):-0.655	O2):29.907	
O1):-0.727	O2):34.276	
O1):-0.673	O2):30.853	
O1):-0.656	O2):29.387	
O1):-0.82	O2):45.631	
O1):-0.814	O2):45.373	
O1):-0.84	O2):50.717	
O1):-0.738	O2):35.456	
O1):-0.765	O2):38.766	
O1):-0.706	O2):33.434	
O1):-0.773	O2):38.911	
O1):-0.779	O2):44.726	
O1):-0.761	O2):40.255	
O1):-0.776	O2):39.676	
O1):-0.814	O2):44.98	
O1):-0.773	O2):39.03	
O1):-0.791	O2):40.614	
O1):-0.718	O2):35.266	
O1):-0.814	O2):45.224	
O1):-0.791	O2):40.496	
O1):-0.828	O2):46.836	
O1):-0.726	O2):34.203	
O1):-0.777	O2):39.819	
O1):-0.852	O2):55.538	
O1):-0.78	O2):40.61	
O1):-0.808	O2):45.285	
O1):-0.669	O2):29.05	
O1):-0.78	O2):40.755	
O1):-0.792	O2):40.56	
O1):-0.763	O2):38.482	
O1):-0.668	O2):29.648	
O1):-0.686	O2):32.93	
O1):-0.773	O2):39.012	
O1):-0.789	O2):40.084	
O1):-0.826	O2):46.571	
O1):-0.788	O2):40.454	
O1):-0.826	O2):49.35	
O1):-0.778	O2):40.226	
O1):-0.725	O2):34.587	
O1):-0.668	O2):29.648	
O1):-0.729	O2):34.525	
O1):-0.668	O2):29.646	
O1):-0.718	O2):33.729	
O1):-0.764	O2):36.667	
O1):-0.762	O2):38.367	
O1):-0.791	O2):40.545	
O1):-0.853	O2):51.473	
O1):-0.79	O2):40.3	
O1):-0.818	O2):45.573	
O1):-0.742	O2):36.165	
O1):-0.791	O2):40.513	
O1):-0.807	O2):45.104	
O1):-0.775	O2):39.435	
O1):-0.732	O2):34.82	
O1):-0.723	O2):33.74	
O1):-0.761	O2):36.013	
O1):-0.733	O2):35.431	
O1):-0.804	O2):45.779	
O1):-0.656	O2):30.187	
O1):-0.777	O2):40.04	
O1):-0.828	O2):50.014	
O1):-0.851	O2):55.2	
O1):-0.847	O2):50.725	
O1):-0.815	O2):45.51	
O1):-0.729	O2):34.525	
O1):-0.726	O2):34.203	
O1):-0.793	O2):40.773	
O1):-0.729	O2):34.761	
O1):-0.804	O2):45.352	
O1):-0.737	O2):35.328	
O1):-0.75	O2):36.747	
O1):-0.745	O2):35.131	
Evaluations:	2100
O1):-0.817	O2):45.566	
O1):-0.8	O2):43.969	
O1):-0.798	O2):43.73	
O1):-0.778	O2):39.701	
O1):-0.714	O2):34.382	
O1):-0.754	O2):35.946	
O1):-0.777	O2):39.41	
O1):-0.773	O2):39.013	
O1):-0.854	O2):56.606	
O1):-0.792	O2):40.551	
O1):-0.735	O2):35.829	
O1):-0.686	O2):30.152	
O1):-0.828	O2):46.836	
O1):-0.796	O2):43.394	
O1):-0.73	O2):35.066	
O1):-0.769	O2):39.287	
O1):-0.745	O2):35.768	
O1):-0.748	O2):36.057	
O1):-0.768	O2):39.215	
O1):-0.814	O2):44.98	
O1):-0.793	O2):40.773	
O1):-0.798	O2):44.064	
O1):-0.851	O2):51.244	
O1):-0.674	O2):29.655	
O1):-0.763	O2):36.554	
O1):-0.726	O2):34.203	
O1):-0.831	O2):50.11	
O1):-0.779	O2):40.525	
O1):-0.792	O2):40.557	
O1):-0.731	O2):34.727	
O1):-0.73	O2):34.04	
O1):-0.815	O2):45.611	
O1):-0.772	O2):39.062	
O1):-0.771	O2):38.713	
O1):-0.797	O2):41.97	
O1):-0.767	O2):38.965	
O1):-0.827	O2):50.033	
O1):-0.711	O2):33.834	
O1):-0.686	O2):30.152	
O1):-0.713	O2):33.891	
O1):-0.803	O2):45.15	
O1):-0.814	O2):45.224	
O1):-0.793	O2):40.751	
O1):-0.824	O2):45.995	
O1):-0.746	O2):35.926	
O1):-0.829	O2):50.332	
O1):-0.849	O2):50.868	
Evaluations:	2000
O1):-0.784	O2):40.482	
O1):-0.777	O2):39.819	
O1):-0.776	O2):39.434	
O1):-0.773	O2):39.036	
O1):-0.769	O2):38.658	
O1):-0.815	O2):48.261	
O1):-0.798	O2):44.325	
O1):-0.777	O2):40.053	
O1):-0.71	O2):36.04	
O1):-0.748	O2):39.824	
O1):-0.8	O2):48.986	
O1):-0.683	O2):30.399	
O1):-0.784	O2):40.69	
O1):-0.772	O2):38.768	
O1):-0.784	O2):40.692	
O1):-0.772	O2):38.793	
O1):-0.718	O2):35.082	
O1):-0.765	O2):38.679	
O1):-0.826	O2):46.344	
O1):-0.795	O2):41.12	
O1):-0.731	O2):34.052	
O1):-0.766	O2):38.793	
O1):-0.819	O2):45.855	
O1):-0.761	O2):35.995	
O1):-0.826	O2):46.062	
O1):-0.803	O2):44.752	
O1):-0.827	O2):46.502	
O1):-0.769	O2):39.287	
O1):-0.735	O2):38.881	
O1):-0.684	O2):30.905	
O1):-0.763	O2):36.627	
O1):-0.793	O2):40.743	
O1):-0.771	O2):38.624	
O1):-0.774	O2):39.052	
O1):-0.794	O2):40.937	
O1):-0.818	O2):45.573	
O1):-0.816	O2):45.376	
O1):-0.85	O2):51.085	
O1):-0.738	O2):35.004	
O1):-0.763	O2):38.376	
O1):-0.797	O2):41.83	
O1):-0.829	O2):50.2	
O1):-0.807	O2):45.205	
O1):-0.776	O2):39.47	
O1):-0.767	O2):38.406	
O1):-0.795	O2):41.091	
O1):-0.845	O2):50.527	
O1):-0.776	O2):39.47	
O1):-0.725	O2):34.19	
O1):-0.795	O2):41.614	
O1):-0.795	O2):42.23	
O1):-0.703	O2):33.357	
O1):-0.778	O2):40.403	
O1):-0.723	O2):34.089	
O1):-0.732	O2):35.603	
O1):-0.852	O2):55.289	
O1):-0.783	O2):40.052	
O1):-0.694	O2):33.167	
O1):-0.85	O2):50.752	
O1):-0.793	O2):40.782	
O1):-0.802	O2):44.119	
O1):-0.743	O2):36.172	
O1):-0.824	O2):45.937	
O1):-0.794	O2):40.873	
O1):-0.803	O2):44.973	
O1):-0.771	O2):38.656	
O1):-0.782	O2):48.997	
O1):-0.776	O2):39.371	
O1):-0.709	O2):35.981	
O1):-0.743	O2):35.982	
O1):-0.767	O2):38.965	
O1):-0.732	O2):34.82	
Evaluations:	2100
O1):-0.808	O2):45.397	
O1):-0.816	O2):45.661	
O1):-0.824	O2):45.937	
O1):-0.724	O2):33.902	
O1):-0.761	O2):35.995	
O1):-0.731	O2):34.83	
O1):-0.745	O2):35.768	
O1):-0.74	O2):35.113	
O1):-0.799	O2):44.252	
O1):-0.733	O2):34.801	
O1):-0.66	O2):29.384	
O1):-0.848	O2):50.848	
O1):-0.793	O2):40.776	
O1):-0.771	O2):38.707	
O1):-0.723	O2):34.015	
O1):-0.775	O2):39.435	
O1):-0.714	O2):34.919	
O1):-0.794	O2):41.375	
O1):-0.847	O2):50.694	
O1):-0.738	O2):35.456	
O1):-0.725	O2):34.103	
O1):-0.741	O2):35.127	
O1):-0.745	O2):34.961	
O1):-0.741	O2):35.262	
O1):-0.79	O2):40.419	
O1):-0.85	O2):50.654	
O1):-0.797	O2):43.705	
O1):-0.712	O2):33.993	
O1):-0.767	O2):38.965	
O1):-0.741	O2):34.561	
O1):-0.723	O2):34.089	
O1):-0.795	O2):43.379	
O1):-0.789	O2):40.084	
O1):-0.656	O2):29.387	
O1):-0.79	O2):40.299	
O1):-0.845	O2):50.485	
O1):-0.673	O2):30.853	
O1):-0.743	O2):35.461	
O1):-0.682	O2):30.39	
O1):-0.727	O2):34.276	
O1):-0.791	O2):40.345	
O1):-0.771	O2):38.918	
O1):-0.681	O2):30.162	
O1):-0.822	O2):45.48	
O1):-0.774	O2):39.096	
O1):-0.726	O2):34.751	
O1):-0.766	O2):40.922	
O1):-0.796	O2):41.761	
O1):-0.737	O2):34.905	
O1):-0.795	O2):43.14	
O1):-0.794	O2):41.78	
O1):-0.804	O2):44.996	
O1):-0.772	O2):38.768	
O1):-0.797	O2):43.705	
O1):-0.772	O2):39.048	
O1):-0.848	O2):50.903	
O1):-0.749	O2):37.603	
O1):-0.659	O2):28.811	
O1):-0.859	O2):55.937	
O1):-0.788	O2):44.833	
O1):-0.768	O2):39.215	
O1):-0.804	O2):45.271	
O1):-0.706	O2):34.229	
O1):-0.8	O2):43.969	
Evaluations:	2300
O1):-0.775	O2):39.148	
O1):-0.771	O2):38.713	
O1):-0.663	O2):29.249	
O1):-0.794	O2):41.382	
O1):-0.738	O2):35.046	
O1):-0.747	O2):36.021	
O1):-0.698	O2):33.091	
O1):-0.791	O2):40.537	
O1):-0.788	O2):40.114	
O1):-0.688	O2):31.066	
O1):-0.775	O2):39.305	
O1):-0.786	O2):44.784	
O1):-0.724	O2):34.101	
O1):-0.803	O2):44.973	
O1):-0.793	O2):40.869	
O1):-0.763	O2):36.539	
O1):-0.815	O2):45.51	
O1):-0.688	O2):31.065	
O1):-0.719	O2):35.758	
O1):-0.673	O2):29.629	
O1):-0.675	O2):31.546	
O1):-0.748	O2):36.057	
O1):-0.709	O2):34.084	
O1):-0.672	O2):31.7	
O1):-0.759	O2):40.359	
O1):-0.794	O2):40.943	
O1):-0.778	O2):40.403	
O1):-0.802	O2):45.11	
O1):-0.772	O2):38.839	
O1):-0.848	O2):50.559	
O1):-0.798	O2):44.203	
O1):-0.853	O2):56.296	
O1):-0.826	O2):46.062	
O1):-0.814	O2):45.337	
O1):-0.799	O2):43.741	
O1):-0.772	O2):38.831	
O1):-0.782	O2):39.955	
O1):-0.771	O2):38.707	
O1):-0.771	O2):38.636	
O1):-0.799	O2):44.272	
O1):-0.824	O2):45.954	
Starting PrismExecutor worker 4 on port 15044
O1):-0.789	O2):40.146	
Connected worker 4 to port 15044
O1):-0.746	O2):35.926	
O1):-0.745	O2):35.15	
O1):-0.796	O2):43.194	
O1):-0.776	O2):39.47	
O1):-0.771	O2):38.636	
O1):-0.821	O2):45.64	
O1):-0.82	O2):45.636	
O1):-0.749	O2):37.943	
O1):-0.707	O2):34.951	
O1):-0.771	O2):38.636	
O1):-0.687	O2):30.91	
O1):-0.661	O2):29.026	
O1):-0.749	O2):37.603	
O1):-0.672	O2):30.728	
O1):-0.815	O2):45.611	
O1):-0.771	O2):38.609	
O1):-0.774	O2):39.053	
O1):-0.85	O2):50.79	
O1):-0.672	O2):31.7	
O1):-0.775	O2):39.489	
O1):-0.767	O2):38.373	
O1):-0.736	O2):35.461	
O1):-0.814	O2):45.373	
O1):-0.753	O2):39.21	
O1):-0.664	O2):30.368	
O1):-0.77	O2):39.976	
O1):-0.816	O2):45.275	
O1):-0.849	O2):54.965	
O1):-0.748	O2):36.057	
O1):-0.79	O2):40.25	
O1):-0.751	O2):36.917	
O1):-0.763	O2):38.482	
O1):-0.731	O2):34.705	
O1):-0.744	O2):35.111	
O1):-0.868	O2):55.933	
O1):-0.702	O2):33.174	
O1):-0.747	O2):35.384	
O1):-0.833	O2):50.357	
O1):-0.792	O2):44.094	
O1):-0.713	O2):33.888	
O1):-0.796	O2):41.335	
O1):-0.776	O2):39.773	
O1):-0.744	O2):36.079	
O1):-0.713	O2):33.888	
O1):-0.745	O2):35.199	
O1):-0.818	O2):45.562	
O1):-0.767	O2):38.374	
O1):-0.796	O2):43.288	
O1):-0.763	O2):36.627	
O1):-0.672	O2):31.7	
O1):-0.802	O2):45.095	
O1):-0.774	O2):39.097	
O1):-0.763	O2):38.376	
O1):-0.827	O2):46.226	
O1):-0.799	O2):44.252	
O1):-0.777	O2):39.475	
O1):-0.772	O2):38.755	
O1):-0.737	O2):34.905	
O1):-0.766	O2):38.793	
O1):-0.737	O2):34.905	
O1):-0.694	O2):33.167	
O1):-0.769	O2):38.327	
O1):-0.797	O2):41.976	
O1):-0.73	O2):35.066	
O1):-0.76	O2):36.018	
O1):-0.729	O2):34.678	
O1):-0.77	O2):38.442	
O1):-0.764	O2):38.405	
O1):-0.818	O2):45.574	
O1):-0.798	O2):44.249	
O1):-0.681	O2):30.162	
O1):-0.777	O2):40.041	
O1):-0.655	O2):29.907	
O1):-0.708	O2):34.258	
O1):-0.799	O2):44.252	
O1):-0.773	O2):39.013	
O1):-0.766	O2):38.805	
O1):-0.827	O2):46.389	
O1):-0.79	O2):40.299	
O1):-0.822	O2):45.48	
O1):-0.721	O2):33.388	
O1):-0.799	O2):43.563	
O1):-0.772	O2):38.929	
O1):-0.828	O2):49.787	
O1):-0.793	O2):40.799	
O1):-0.851	O2):51.092	
O1):-0.852	O2):55.289	
O1):-0.771	O2):38.656	
O1):-0.775	O2):39.338	
O1):-0.763	O2):38.399	
O1):-0.727	O2):34.307	
O1):-0.731	O2):34.727	
O1):-0.723	O2):34.089	
O1):-0.797	O2):43.705	
O1):-0.817	O2):45.768	
O1):-0.66	O2):29.384	
O1):-0.813	O2):45.353	
O1):-0.772	O2):38.768	
O1):-0.726	O2):34.645	
O1):-0.742	O2):34.608	
O1):-0.743	O2):35.069	
O1):-0.728	O2):34.458	
O1):-0.776	O2):39.492	
O1):-0.742	O2):35.163	
O1):-0.772	O2):38.753	
O1):-0.764	O2):38.405	
O1):-0.738	O2):35.046	
O1):-0.782	O2):39.968	
O1):-0.771	O2):38.713	
O1):-0.752	O2):38.248	
O1):-0.821	O2):50.173	
O1):-0.772	O2):38.826	
O1):-0.74	O2):35.113	
O1):-0.692	O2):31.159	
O1):-0.656	O2):29.387	
O1):-0.772	O2):38.975	
O1):-0.766	O2):38.366	
O1):-0.686	O2):32.93	
O1):-0.674	O2):29.624	
O1):-0.798	O2):44.344	
O1):-0.821	O2):45.673	
O1):-0.8	O2):44.211	
O1):-0.822	O2):45.674	
O1):-0.805	O2):45.256	
O1):-0.672	O2):29.651	
O1):-0.773	O2):39.372	
O1):-0.803	O2):45.012	
O1):-0.744	O2):35.105	
O1):-0.692	O2):33.285	
O1):-0.797	O2):41.97	
O1):-0.733	O2):35.431	
O1):-0.664	O2):30.475	
O1):-0.752	O2):36.92	
O1):-0.774	O2):39.392	
O1):-0.852	O2):56.39	
O1):-0.847	O2):50.694	
O1):-0.777	O2):39.411	
O1):-0.683	O2):30.4	
O1):-0.771	O2):38.7	
O1):-0.764	O2):38.405	
O1):-0.792	O2):40.659	
O1):-0.849	O2):50.895	
O1):-0.715	O2):34.164	
O1):-0.849	O2):50.87	
O1):-0.732	O2):35.358	
O1):-0.698	O2):33.091	
O1):-0.792	O2):40.733	
O1):-0.772	O2):38.836	
O1):-0.772	O2):38.753	
O1):-0.816	O2):45.661	
O1):-0.741	O2):35.105	
O1):-0.829	O2):47.023	
O1):-0.743	O2):34.837	
O1):-0.768	O2):39.215	
O1):-0.763	O2):36.555	
O1):-0.796	O2):41.335	
O1):-0.668	O2):29.647	
O1):-0.794	O2):41.375	
O1):-0.774	O2):39.052	
O1):-0.779	O2):45.834	
O1):-0.791	O2):43.474	
O1):-0.774	O2):40.459	
O1):-0.746	O2):35.975	
O1):-0.771	O2):38.656	
O1):-0.776	O2):39.441	
O1):-0.823	O2):45.765	
O1):-0.752	O2):36.92	
O1):-0.671	O2):29.337	
O1):-0.808	O2):45.285	
O1):-0.775	O2):39.306	
O1):-0.769	O2):38.436	
O1):-0.816	O2):45.376	
O1):-0.72	O2):35.472	
O1):-0.827	O2):46.233	
O1):-0.763	O2):38.399	
O1):-0.767	O2):39.252	
O1):-0.77	O2):38.686	
O1):-0.681	O2):30.162	
O1):-0.762	O2):38.346	
O1):-0.712	O2):33.872	
O1):-0.772	O2):38.839	
O1):-0.775	O2):39.255	
O1):-0.798	O2):41.879	
O1):-0.79	O2):40.25	
Starting PrismExecutor worker 4 on port 15034
Connected worker 4 to port 15034
O1):-0.691	O2):30.704	
O1):-0.774	O2):39.097	
O1):-0.867	O2):55.844	
O1):-0.769	O2):38.658	
O1):-0.686	O2):32.93	
O1):-0.768	O2):38.723	
O1):-0.847	O2):50.826	
O1):-0.793	O2):40.806	
O1):-0.764	O2):41.474	
O1):-0.791	O2):40.545	
O1):-0.835	O2):50.953	
O1):-0.793	O2):40.777	
O1):-0.779	O2):40.535	
O1):-0.771	O2):38.609	
O1):-0.808	O2):45.539	
O1):-0.732	O2):35.818	
O1):-0.776	O2):39.484	
O1):-0.749	O2):35.446	
O1):-0.804	O2):45.297	
O1):-0.674	O2):29.652	
O1):-0.715	O2):35.517	
O1):-0.749	O2):39.532	
O1):-0.823	O2):45.675	
O1):-0.734	O2):34.9	
O1):-0.774	O2):39.21	
O1):-0.767	O2):38.373	
O1):-0.773	O2):39.056	
O1):-0.655	O2):29.907	
O1):-0.814	O2):45.224	
O1):-0.777	O2):39.475	
O1):-0.8	O2):43.995	
O1):-0.771	O2):38.792	
O1):-0.753	O2):37.319	
O1):-0.775	O2):39.297	
O1):-0.731	O2):34.727	
O1):-0.724	O2):33.903	
O1):-0.868	O2):55.933	
O1):-0.746	O2):36.408	
O1):-0.818	O2):45.779	
O1):-0.797	O2):41.97	
O1):-0.783	O2):40.235	
O1):-0.777	O2):39.636	
O1):-0.668	O2):29.647	
O1):-0.793	O2):40.806	
O1):-0.776	O2):39.47	
O1):-0.789	O2):40.501	
O1):-0.765	O2):38.679	
O1):-0.712	O2):34.014	
O1):-0.815	O2):45.51	
O1):-0.79	O2):40.289	
O1):-0.831	O2):50.11	
Evaluations:	1900
O1):-0.779	O2):40.525	
O1):-0.735	O2):35.829	
O1):-0.834	O2):50.342	
O1):-0.69	O2):31.299	
O1):-0.808	O2):45.539	
O1):-0.795	O2):41.648	
O1):-0.707	O2):34.974	
O1):-0.779	O2):40.525	
O1):-0.747	O2):35.464	
O1):-0.707	O2):33.251	
O1):-0.723	O2):33.863	
O1):-0.814	O2):45.373	
O1):-0.776	O2):39.32	
O1):-0.724	O2):33.951	
O1):-0.773	O2):39.024	
O1):-0.851	O2):55.2	
O1):-0.784	O2):40.481	
O1):-0.788	O2):45.092	
O1):-0.765	O2):40.448	
O1):-0.782	O2):39.955	
O1):-0.822	O2):45.657	
O1):-0.756	O2):38.48	
O1):-0.731	O2):34.727	
O1):-0.777	O2):39.411	
O1):-0.724	O2):33.912	
O1):-0.794	O2):40.873	
O1):-0.798	O2):43.721	
O1):-0.849	O2):50.538	
O1):-0.795	O2):41.12	
O1):-0.764	O2):38.405	
O1):-0.748	O2):39.528	
O1):-0.77	O2):38.514	
O1):-0.672	O2):29.651	
O1):-0.822	O2):45.48	
O1):-0.735	O2):35.088	
O1):-0.797	O2):43.705	
O1):-0.753	O2):45.334	
O1):-0.791	O2):40.473	
O1):-0.851	O2):56.08	
O1):-0.698	O2):33.091	
O1):-0.771	O2):38.721	
O1):-0.829	O2):47.023	
O1):-0.768	O2):38.766	
O1):-0.771	O2):38.656	
O1):-0.792	O2):40.584	
O1):-0.766	O2):37.527	
O1):-0.792	O2):40.584	
O1):-0.731	O2):35.033	
O1):-0.688	O2):31.065	
O1):-0.826	O2):46.199	
O1):-0.797	O2):43.885	
O1):-0.802	O2):44.274	
O1):-0.776	O2):39.32	
O1):-0.845	O2):50.485	
O1):-0.796	O2):41.788	
O1):-0.802	O2):44.794	
O1):-0.827	O2):46.266	
O1):-0.77	O2):38.442	
O1):-0.773	O2):39.372	
O1):-0.788	O2):43.254	
O1):-0.834	O2):50.78	
O1):-0.817	O2):45.713	
O1):-0.702	O2):33.174	
O1):-0.816	O2):45.233	
O1):-0.726	O2):34.188	
O1):-0.779	O2):39.717	
O1):-0.773	O2):39.013	
O1):-0.749	O2):39.247	
O1):-0.656	O2):29.387	
O1):-0.765	O2):37.464	
O1):-0.772	O2):38.825	
O1):-0.735	O2):38.881	
O1):-0.764	O2):38.831	
O1):-0.777	O2):39.499	
O1):-0.73	O2):35.47	
O1):-0.744	O2):34.917	
O1):-0.748	O2):36.196	
O1):-0.81	O2):45.706	
O1):-0.85	O2):50.79	
O1):-0.671	O2):30.093	
O1):-0.825	O2):49.779	
O1):-0.77	O2):38.545	
O1):-0.813	O2):45.141	
O1):-0.771	O2):38.7	
O1):-0.794	O2):40.853	
O1):-0.802	O2):45.11	
O1):-0.814	O2):45.224	
O1):-0.772	O2):38.752	
O1):-0.824	O2):45.755	
O1):-0.813	O2):45.288	
O1):-0.832	O2):50.219	
O1):-0.793	O2):41.172	
O1):-0.733	O2):34.737	
O1):-0.66	O2):29.384	
O1):-0.828	O2):46.836	
O1):-0.763	O2):38.376	
O1):-0.853	O2):56.296	
O1):-0.711	O2):33.851	
O1):-0.744	O2):34.917	
O1):-0.72	O2):33.48	
O1):-0.828	O2):50.038	
O1):-0.852	O2):50.955	
O1):-0.824	O2):46.154	
O1):-0.807	O2):45.418	
O1):-0.776	O2):39.371	
O1):-0.797	O2):41.97	
O1):-0.774	O2):39.057	
O1):-0.769	O2):38.436	
O1):-0.723	O2):34.089	
O1):-0.783	O2):40.052	
O1):-0.795	O2):41.076	
O1):-0.726	O2):34.188	
O1):-0.767	O2):38.406	
O1):-0.795	O2):41.153	
O1):-0.762	O2):38.346	
O1):-0.805	O2):45.256	
O1):-0.684	O2):30.905	
O1):-0.767	O2):38.374	
O1):-0.71	O2):36.039	
O1):-0.763	O2):38.399	
O1):-0.801	O2):45.092	
O1):-0.792	O2):40.504	
O1):-0.714	O2):33.396	
O1):-0.725	O2):34.103	
O1):-0.798	O2):44.298	
O1):-0.726	O2):34.631	
O1):-0.712	O2):35.258	
O1):-0.763	O2):38.376	
O1):-0.657	O2):29.399	
O1):-0.825	O2):45.976	
O1):-0.804	O2):45.22	
O1):-0.757	O2):36.371	
O1):-0.794	O2):40.853	
O1):-0.791	O2):43.556	
O1):-0.657	O2):29.389	
O1):-0.784	O2):40.692	
Evaluations:	1800
O1):-0.69	O2):31.299	
O1):-0.799	O2):44.252	
Starting PrismExecutor worker 0 on port 15060
Starting PrismExecutor worker 3 on port 15063
O1):-0.792	O2):44.113	
O1):-0.798	O2):44.203	
Connected worker 0 to port 15060
Connected worker 3 to port 15063
O1):-0.794	O2):40.818	
O1):-0.829	O2):50.2	
O1):-0.773	O2):39.037	
O1):-0.768	O2):38.484	
O1):-0.79	O2):40.419	
O1):-0.827	O2):46.381	
O1):-0.741	O2):35.933	
O1):-0.777	O2):41.364	
O1):-0.795	O2):41.076	
O1):-0.672	O2):29.651	
O1):-0.729	O2):34.636	
O1):-0.674	O2):29.652	
O1):-0.745	O2):35.768	
O1):-0.803	O2):45.15	
O1):-0.85	O2):50.79	
O1):-0.748	O2):36.196	
O1):-0.723	O2):34.015	
O1):-0.714	O2):33.396	
O1):-0.764	O2):38.405	
O1):-0.85	O2):55.279	
O1):-0.672	O2):29.651	
O1):-0.736	O2):35.195	
O1):-0.723	O2):33.863	
O1):-0.793	O2):42.992	
O1):-0.785	O2):40.487	
O1):-0.847	O2):50.694	
O1):-0.826	O2):46.217	
O1):-0.793	O2):40.799	
Evaluations:	2000
O1):-0.801	O2):44.177	
O1):-0.728	O2):34.458	
O1):-0.767	O2):38.374	
O1):-0.825	O2):46.19	
O1):-0.748	O2):36.057	
O1):-0.724	O2):33.902	
O1):-0.803	O2):45.012	
O1):-0.724	O2):33.867	
O1):-0.742	O2):34.608	
O1):-0.773	O2):39.013	
O1):-0.8	O2):43.786	
O1):-0.814	O2):45.224	
O1):-0.815	O2):45.431	
O1):-0.807	O2):45.205	
O1):-0.816	O2):45.233	
O1):-0.794	O2):40.873	
O1):-0.825	O2):45.976	
O1):-0.721	O2):33.388	
O1):-0.773	O2):39.372	
O1):-0.785	O2):40.813	
O1):-0.783	O2):40.108	
O1):-0.776	O2):39.676	
O1):-0.806	O2):45.365	
O1):-0.771	O2):38.636	
O1):-0.75	O2):36.747	
O1):-0.769	O2):39.287	
O1):-0.834	O2):50.342	
O1):-0.752	O2):38.83	
O1):-0.807	O2):45.205	
O1):-0.791	O2):40.481	
O1):-0.743	O2):34.792	
O1):-0.758	O2):37.019	
O1):-0.788	O2):40.114	
O1):-0.801	O2):44.226	
O1):-0.778	O2):40.231	
O1):-0.763	O2):40.253	
O1):-0.796	O2):43.603	
O1):-0.798	O2):44.064	
O1):-0.713	O2):33.892	
O1):-0.828	O2):46.709	
O1):-0.714	O2):33.396	
O1):-0.814	O2):45.373	
O1):-0.684	O2):30.905	
O1):-0.725	O2):33.938	
O1):-0.747	O2):37.703	
O1):-0.745	O2):35.074	
O1):-0.823	O2):45.985	
O1):-0.794	O2):40.885	
O1):-0.746	O2):36.408	
O1):-0.754	O2):40.5	
O1):-0.776	O2):39.441	
O1):-0.828	O2):46.709	
O1):-0.802	O2):44.119	
O1):-0.823	O2):45.752	
O1):-0.7	O2):33.23	
Evaluations:	2100
O1):-0.774	O2):39.104	
O1):-0.776	O2):39.32	
O1):-0.731	O2):34.83	
O1):-0.681	O2):30.162	
O1):-0.706	O2):33.434	
O1):-0.779	O2):40.525	
O1):-0.791	O2):40.613	
O1):-0.721	O2):33.388	
O1):-0.804	O2):45.297	
O1):-0.775	O2):39.255	
O1):-0.668	O2):29.646	
O1):-0.699	O2):34.898	
O1):-0.776	O2):39.47	
O1):-0.773	O2):39.022	
O1):-0.817	O2):45.787	
O1):-0.819	O2):50.057	
Evaluations:	2300
O1):-0.723	O2):33.863	
O1):-0.673	O2):29.629	
O1):-0.768	O2):39.215	
O1):-0.745	O2):35.199	
O1):-0.773	O2):39.372	
O1):-0.766	O2):38.366	
O1):-0.772	O2):38.83	
O1):-0.776	O2):39.441	
O1):-0.684	O2):30.905	
O1):-0.861	O2):56.253	
O1):-0.834	O2):50.342	
O1):-0.828	O2):46.709	
O1):-0.718	O2):35.127	
O1):-0.792	O2):45.448	
O1):-0.669	O2):29.617	
O1):-0.721	O2):33.388	
O1):-0.796	O2):41.761	
O1):-0.769	O2):38.436	
O1):-0.851	O2):51.189	
O1):-0.821	O2):45.569	
O1):-0.765	O2):40.507	
O1):-0.777	O2):39.636	
O1):-0.771	O2):38.569	
O1):-0.731	O2):34.789	
O1):-0.745	O2):35.199	
O1):-0.782	O2):39.955	
O1):-0.792	O2):40.551	
O1):-0.755	O2):38.229	
O1):-0.768	O2):39.215	
O1):-0.773	O2):39.002	
O1):-0.766	O2):38.85	
O1):-0.746	O2):36.408	
O1):-0.817	O2):46.095	
O1):-0.783	O2):40.052	
O1):-0.733	O2):34.737	
O1):-0.826	O2):46.062	
O1):-0.733	O2):34.801	
O1):-0.774	O2):39.21	
O1):-0.771	O2):38.656	
Evaluations:	2300
O1):-0.731	O2):34.727	
O1):-0.742	O2):34.605	
O1):-0.815	O2):45.611	
O1):-0.827	O2):46.502	
O1):-0.823	O2):45.752	
O1):-0.777	O2):39.475	
O1):-0.692	O2):33.282	
O1):-0.798	O2):44.249	
O1):-0.791	O2):40.345	
O1):-0.848	O2):50.848	
O1):-0.774	O2):39.114	
O1):-0.793	O2):40.776	
O1):-0.772	O2):38.753	
O1):-0.798	O2):43.614	
O1):-0.79	O2):40.265	
O1):-0.774	O2):39.066	
O1):-0.743	O2):34.792	
O1):-0.774	O2):39.104	
O1):-0.852	O2):55.289	
O1):-0.794	O2):40.853	
O1):-0.769	O2):39.287	
O1):-0.732	O2):34.821	
O1):-0.739	O2):34.896	
O1):-0.699	O2):34.898	
O1):-0.745	O2):35.074	
O1):-0.852	O2):51.476	
O1):-0.788	O2):40.454	
O1):-0.749	O2):36.601	
O1):-0.763	O2):38.482	
O1):-0.79	O2):43.285	
O1):-0.853	O2):56.345	
O1):-0.775	O2):39.435	
O1):-0.771	O2):40.115	
O1):-0.748	O2):36.196	
O1):-0.798	O2):44.203	
O1):-0.777	O2):41.137	
O1):-0.768	O2):39.741	
O1):-0.726	O2):34.203	
O1):-0.731	O2):34.052	
O1):-0.793	O2):40.821	
O1):-0.694	O2):33.167	
O1):-0.766	O2):38.793	
O1):-0.79	O2):40.404	
O1):-0.781	O2):40.728	
O1):-0.777	O2):39.636	
O1):-0.814	O2):45.373	
O1):-0.8	O2):44.009	
O1):-0.762	O2):41.72	
O1):-0.681	O2):30.162	
O1):-0.773	O2):38.911	
O1):-0.656	O2):30.187	
O1):-0.701	O2):33.307	
O1):-0.803	O2):45.423	
O1):-0.763	O2):38.482	
O1):-0.851	O2):51.092	
O1):-0.755	O2):38.229	
O1):-0.754	O2):38.448	
O1):-0.852	O2):55.538	
O1):-0.788	O2):40.454	
O1):-0.798	O2):41.879	
O1):-0.796	O2):41.167	
O1):-0.729	O2):34.678	
O1):-0.74	O2):35.692	
O1):-0.8	O2):44.905	
O1):-0.713	O2):33.349	
O1):-0.819	O2):45.855	
O1):-0.795	O2):41.076	
O1):-0.794	O2):40.874	
O1):-0.822	O2):45.796	
O1):-0.776	O2):40.572	
O1):-0.745	O2):35.648	
O1):-0.747	O2):39.735	
O1):-0.727	O2):34.382	
O1):-0.773	O2):39.03	
O1):-0.795	O2):41.614	
O1):-0.792	O2):43.725	
O1):-0.805	O2):45.365	
O1):-0.772	O2):38.896	
O1):-0.768	O2):39.741	
O1):-0.798	O2):43.911	
O1):-0.726	O2):34.188	
O1):-0.72	O2):33.48	
O1):-0.779	O2):40.525	
O1):-0.684	O2):31.115	
O1):-0.735	O2):35.865	
O1):-0.834	O2):49.884	
O1):-0.777	O2):39.636	
O1):-0.66	O2):29.425	
O1):-0.726	O2):34.631	
O1):-0.777	O2):39.475	
O1):-0.803	O2):44.752	
O1):-0.791	O2):40.534	
O1):-0.804	O2):45.22	
O1):-0.764	O2):38.615	
O1):-0.816	O2):45.275	
O1):-0.711	O2):33.834	
O1):-0.767	O2):38.965	
O1):-0.796	O2):43.394	
O1):-0.767	O2):37.599	
O1):-0.811	O2):46.075	
O1):-0.736	O2):35.195	
O1):-0.862	O2):56.595	
O1):-0.776	O2):39.773	
O1):-0.796	O2):41.761	
O1):-0.825	O2):50.061	
O1):-0.794	O2):40.853	
O1):-0.82	O2):46.08	
O1):-0.819	O2):45.855	
O1):-0.747	O2):35.964	
O1):-0.807	O2):45.205	
O1):-0.788	O2):40.454	
O1):-0.803	O2):44.752	
O1):-0.765	O2):37.464	
O1):-0.824	O2):45.987	
O1):-0.822	O2):45.674	
O1):-0.797	O2):41.97	
O1):-0.672	O2):31.7	
O1):-0.767	O2):38.891	
O1):-0.796	O2):43.394	
O1):-0.704	O2):33.428	
O1):-0.796	O2):43.394	
O1):-0.804	O2):45.14	
O1):-0.817	O2):45.567	
O1):-0.793	O2):40.773	
O1):-0.692	O2):31.159	
O1):-0.816	O2):45.355	
O1):-0.827	O2):46.266	
O1):-0.775	O2):40.709	
O1):-0.797	O2):41.829	
O1):-0.776	O2):40.353	
O1):-0.738	O2):35.493	
O1):-0.804	O2):44.996	
O1):-0.763	O2):38.373	
O1):-0.79	O2):40.265	
O1):-0.792	O2):40.56	
O1):-0.845	O2):50.485	
O1):-0.828	O2):46.549	
O1):-0.772	O2):38.755	
O1):-0.805	O2):45.224	
O1):-0.791	O2):40.345	
O1):-0.799	O2):44.252	
O1):-0.746	O2):36.408	
O1):-0.779	O2):40.525	
O1):-0.773	O2):39.164	
O1):-0.778	O2):40.322	
O1):-0.752	O2):36.92	
O1):-0.785	O2):40.813	
O1):-0.799	O2):43.687	
O1):-0.766	O2):38.793	
O1):-0.823	O2):45.765	
O1):-0.747	O2):35.459	
O1):-0.797	O2):41.976	
O1):-0.724	O2):34.101	
O1):-0.713	O2):33.349	
O1):-0.823	O2):45.753	
O1):-0.783	O2):40.108	
O1):-0.735	O2):35.829	
O1):-0.827	O2):46.266	
O1):-0.849	O2):50.895	
O1):-0.712	O2):33.872	
O1):-0.734	O2):38.681	
O1):-0.816	O2):45.355	
O1):-0.754	O2):36.152	
O1):-0.726	O2):34.189	
O1):-0.806	O2):45.465	
O1):-0.725	O2):34.586	
O1):-0.79	O2):45.375	
O1):-0.778	O2):39.755	
O1):-0.803	O2):45.512	
O1):-0.826	O2):46.217	
O1):-0.73	O2):34.77	
O1):-0.808	O2):45.397	
O1):-0.742	O2):35.163	
O1):-0.762	O2):38.271	
O1):-0.779	O2):39.795	
O1):-0.77	O2):38.442	
O1):-0.791	O2):40.49	
O1):-0.742	O2):36.212	
O1):-0.767	O2):37.599	
O1):-0.725	O2):34.103	
O1):-0.721	O2):33.388	
O1):-0.772	O2):38.768	
O1):-0.707	O2):33.647	
O1):-0.827	O2):46.233	
O1):-0.82	O2):45.631	
O1):-0.745	O2):35.074	
O1):-0.727	O2):34.276	
O1):-0.701	O2):33.958	
O1):-0.681	O2):33.043	
O1):-0.746	O2):36.408	
O1):-0.745	O2):35.648	
O1):-0.826	O2):46.344	
O1):-0.765	O2):38.766	
O1):-0.742	O2):34.616	
O1):-0.766	O2):38.793	
O1):-0.742	O2):35.758	
O1):-0.792	O2):40.619	
O1):-0.749	O2):37.943	
O1):-0.796	O2):45.123	
O1):-0.725	O2):33.938	
O1):-0.803	O2):45.114	
O1):-0.804	O2):44.996	
O1):-0.825	O2):46.084	
O1):-0.783	O2):40.059	
O1):-0.823	O2):45.765	
O1):-0.776	O2):39.32	
O1):-0.788	O2):40.454	
O1):-0.777	O2):39.496	
O1):-0.793	O2):40.887	
O1):-0.826	O2):46.179	
O1):-0.868	O2):55.933	
O1):-0.688	O2):30.495	
O1):-0.794	O2):40.885	
O1):-0.715	O2):33.651	
O1):-0.684	O2):30.905	
O1):-0.832	O2):50.247	
O1):-0.782	O2):40.096	
O1):-0.853	O2):56.296	
O1):-0.656	O2):29.387	
O1):-0.747	O2):36.021	
Starting PrismExecutor worker 0 on port 15050
Connected worker 0 to port 15050
O1):-0.763	O2):36.627	
O1):-0.848	O2):50.558	
O1):-0.779	O2):41.753	
O1):-0.775	O2):39.212	
O1):-0.78	O2):40.966	
O1):-0.833	O2):50.357	
O1):-0.729	O2):34.535	
O1):-0.766	O2):39.679	
O1):-0.769	O2):38.436	
O1):-0.728	O2):34.345	
O1):-0.745	O2):35.648	
O1):-0.764	O2):40.628	
O1):-0.77	O2):38.687	
O1):-0.804	O2):45.779	
O1):-0.743	O2):36.231	
O1):-0.745	O2):35.074	
O1):-0.724	O2):33.902	
O1):-0.772	O2):38.768	
O1):-0.804	O2):45.434	
O1):-0.84	O2):50.717	
O1):-0.771	O2):40.127	
O1):-0.703	O2):33.23	
O1):-0.769	O2):39.287	
O1):-0.778	O2):40.322	
O1):-0.819	O2):46.003	
O1):-0.764	O2):38.405	
O1):-0.852	O2):55.289	
O1):-0.727	O2):34.914	
O1):-0.791	O2):40.345	
O1):-0.729	O2):35.467	
O1):-0.832	O2):50.219	
O1):-0.772	O2):39.045	
O1):-0.825	O2):46.084	
O1):-0.794	O2):40.943	
O1):-0.773	O2):39.372	
O1):-0.822	O2):45.677	
O1):-0.73	O2):35.066	
O1):-0.808	O2):45.539	
O1):-0.692	O2):31.159	
O1):-0.773	O2):39.169	
O1):-0.867	O2):55.844	
O1):-0.794	O2):40.853	
O1):-0.793	O2):40.83	
O1):-0.853	O2):51.473	
O1):-0.772	O2):38.755	
O1):-0.745	O2):35.66	
O1):-0.725	O2):34.587	
O1):-0.814	O2):45.337	
O1):-0.657	O2):29.4	
O1):-0.791	O2):40.345	
O1):-0.825	O2):46.481	
O1):-0.776	O2):39.371	
O1):-0.729	O2):34.649	
O1):-0.769	O2):38.391	
O1):-0.767	O2):37.599	
O1):-0.731	O2):34.727	
O1):-0.73	O2):35.293	
O1):-0.848	O2):50.846	
O1):-0.774	O2):39.21	
O1):-0.817	O2):51.006	
O1):-0.724	O2):34.41	
O1):-0.751	O2):36.917	
O1):-0.833	O2):50.357	
O1):-0.763	O2):38.55	
O1):-0.819	O2):46.497	
O1):-0.799	O2):43.741	
O1):-0.776	O2):39.478	
Evaluations:	2200
O1):-0.826	O2):46.571	
O1):-0.73	O2):35.222	
O1):-0.791	O2):43.686	
O1):-0.723	O2):33.863	
O1):-0.776	O2):39.371	
O1):-0.79	O2):43.516	
O1):-0.803	O2):44.973	
O1):-0.792	O2):40.551	
O1):-0.849	O2):51.061	
O1):-0.772	O2):38.768	
O1):-0.718	O2):35.355	
O1):-0.775	O2):39.435	
O1):-0.828	O2):49.787	
O1):-0.829	O2):47.023	
Evaluations:	2200
O1):-0.793	O2):40.776	
O1):-0.807	O2):45.198	
O1):-0.777	O2):39.717	
O1):-0.794	O2):40.873	
O1):-0.716	O2):33.542	
O1):-0.666	O2):29.593	
O1):-0.763	O2):36.554	
O1):-0.8	O2):43.849	
O1):-0.747	O2):36.021	
O1):-0.769	O2):40.266	
O1):-0.745	O2):35.199	
O1):-0.796	O2):41.198	
O1):-0.788	O2):40.116	
O1):-0.771	O2):38.609	
O1):-0.848	O2):50.558	
O1):-0.823	O2):45.765	
O1):-0.804	O2):45.271	
O1):-0.82	O2):45.631	
O1):-0.818	O2):45.573	
O1):-0.778	O2):39.755	
O1):-0.742	O2):36.212	
O1):-0.816	O2):45.233	
O1):-0.747	O2):37.703	
O1):-0.801	O2):43.913	
O1):-0.776	O2):39.32	
Evaluations:	2100
O1):-0.768	O2):39.741	
O1):-0.745	O2):35.081	
O1):-0.815	O2):45.26	
O1):-0.655	O2):29.907	
O1):-0.733	O2):34.737	
O1):-0.777	O2):39.718	
O1):-0.791	O2):40.513	
O1):-0.823	O2):45.828	
O1):-0.659	O2):28.811	
O1):-0.674	O2):29.655	
O1):-0.847	O2):50.725	
O1):-0.808	O2):45.539	
O1):-0.703	O2):33.23	
O1):-0.741	O2):35.918	
O1):-0.794	O2):43.595	
O1):-0.786	O2):40.081	
O1):-0.726	O2):34.553	
O1):-0.725	O2):34.104	
O1):-0.796	O2):45.564	
O1):-0.725	O2):34.104	
O1):-0.672	O2):31.7	
O1):-0.765	O2):37.464	
O1):-0.775	O2):39.254	
O1):-0.794	O2):40.885	
O1):-0.769	O2):38.658	
O1):-0.792	O2):40.568	
O1):-0.816	O2):45.431	
O1):-0.792	O2):40.56	
O1):-0.767	O2):37.599	
O1):-0.769	O2):39.287	
O1):-0.729	O2):34.456	
O1):-0.736	O2):34.831	
O1):-0.836	O2):49.943	
O1):-0.796	O2):41.761	
O1):-0.848	O2):50.559	
O1):-0.799	O2):43.703	
O1):-0.816	O2):45.743	
O1):-0.757	O2):40.603	
O1):-0.824	O2):45.995	
O1):-0.827	O2):46.621	
O1):-0.813	O2):45.288	
O1):-0.819	O2):46.008	
O1):-0.849	O2):50.971	
O1):-0.754	O2):38.493	
O1):-0.794	O2):40.853	
O1):-0.798	O2):44.298	
O1):-0.796	O2):41.167	
O1):-0.769	O2):38.658	
O1):-0.792	O2):40.733	
O1):-0.79	O2):40.25	
O1):-0.703	O2):33.405	
O1):-0.774	O2):39.081	
O1):-0.832	O2):50.247	
O1):-0.773	O2):39.013	
O1):-0.789	O2):40.501	
O1):-0.777	O2):39.451	
O1):-0.776	O2):39.32	
O1):-0.683	O2):30.399	
O1):-0.776	O2):40.241	
O1):-0.731	O2):34.052	
O1):-0.685	O2):31.016	
O1):-0.814	O2):44.98	
Evaluations:	2400
O1):-0.664	O2):30.475	
O1):-0.743	O2):36.172	
O1):-0.797	O2):41.97	
O1):-0.745	O2):36.235	
Starting PrismExecutor worker 2 on port 15052
Starting PrismExecutor worker 1 on port 15061
Connected worker 2 to port 15052
Connected worker 1 to port 15061
O1):-0.775	O2):39.297	
O1):-0.712	O2):33.425	
O1):-0.805	O2):45.2	
O1):-0.851	O2):51.244	
O1):-0.714	O2):33.396	
O1):-0.725	O2):33.938	
O1):-0.725	O2):34.575	
O1):-0.777	O2):39.58	
O1):-0.798	O2):44.064	
O1):-0.799	O2):44.571	
O1):-0.771	O2):38.713	
O1):-0.771	O2):39.0	
O1):-0.798	O2):43.72	
O1):-0.792	O2):45.448	
O1):-0.768	O2):39.33	
O1):-0.768	O2):39.835	
O1):-0.826	O2):46.461	
O1):-0.798	O2):43.721	
O1):-0.829	O2):47.023	
O1):-0.799	O2):44.569	
O1):-0.766	O2):38.477	
O1):-0.815	O2):45.51	
O1):-0.769	O2):38.327	
O1):-0.682	O2):30.39	
O1):-0.818	O2):45.662	
O1):-0.718	O2):36.036	
O1):-0.688	O2):31.228	
O1):-0.773	O2):39.372	
O1):-0.778	O2):39.755	
O1):-0.797	O2):41.97	
O1):-0.774	O2):39.052	
O1):-0.825	O2):46.005	
O1):-0.78	O2):40.619	
O1):-0.801	O2):44.149	
O1):-0.763	O2):38.399	
O1):-0.797	O2):41.976	
O1):-0.711	O2):34.649	
O1):-0.732	O2):34.82	
O1):-0.714	O2):34.24	
O1):-0.714	O2):34.168	
O1):-0.773	O2):39.17	
O1):-0.763	O2):36.554	
O1):-0.73	O2):34.715	
O1):-0.763	O2):38.399	
O1):-0.763	O2):36.543	
O1):-0.655	O2):29.907	
O1):-0.775	O2):39.255	
O1):-0.829	O2):47.024	
O1):-0.725	O2):34.103	
O1):-0.767	O2):37.599	
O1):-0.79	O2):40.404	
O1):-0.765	O2):38.766	
O1):-0.795	O2):41.12	
O1):-0.762	O2):38.346	
O1):-0.767	O2):37.599	
O1):-0.82	O2):46.08	
O1):-0.819	O2):45.855	
O1):-0.713	O2):33.349	
O1):-0.791	O2):40.481	
O1):-0.805	O2):45.256	
O1):-0.804	O2):45.271	
O1):-0.725	O2):34.587	
O1):-0.773	O2):39.372	
O1):-0.76	O2):38.39	
O1):-0.731	O2):34.727	
O1):-0.772	O2):38.836	
O1):-0.656	O2):29.387	
O1):-0.775	O2):39.304	
O1):-0.702	O2):35.119	
O1):-0.743	O2):35.461	
O1):-0.684	O2):30.949	
O1):-0.733	O2):35.683	
O1):-0.708	O2):33.332	
O1):-0.743	O2):34.792	
O1):-0.784	O2):40.692	
O1):-0.85	O2):50.654	
O1):-0.685	O2):31.016	
O1):-0.823	O2):45.765	
O1):-0.725	O2):33.938	
O1):-0.778	O2):40.322	
O1):-0.804	O2):45.22	
O1):-0.808	O2):45.397	
O1):-0.773	O2):39.372	
O1):-0.773	O2):38.911	
O1):-0.739	O2):35.56	
O1):-0.773	O2):38.914	
O1):-0.708	O2):33.336	
O1):-0.651	O2):29.987	
O1):-0.718	O2):33.729	
O1):-0.771	O2):40.137	
O1):-0.686	O2):30.152	
O1):-0.797	O2):45.715	
O1):-0.669	O2):29.617	
O1):-0.792	O2):40.536	
O1):-0.757	O2):36.371	
O1):-0.816	O2):45.233	
O1):-0.778	O2):40.231	
O1):-0.655	O2):29.907	
O1):-0.8	O2):43.994	
O1):-0.681	O2):30.162	
O1):-0.795	O2):41.12	
O1):-0.826	O2):46.572	
O1):-0.808	O2):45.397	
O1):-0.798	O2):44.064	
O1):-0.815	O2):45.431	
O1):-0.687	O2):30.91	
O1):-0.804	O2):45.271	
O1):-0.798	O2):44.064	
O1):-0.771	O2):38.569	
O1):-0.793	O2):40.799	
O1):-0.8	O2):43.969	
O1):-0.688	O2):31.228	
O1):-0.779	O2):40.53	
O1):-0.738	O2):35.456	
O1):-0.743	O2):36.172	
O1):-0.709	O2):33.611	
O1):-0.797	O2):41.829	
O1):-0.775	O2):39.305	
O1):-0.688	O2):31.065	
O1):-0.831	O2):50.11	
O1):-0.713	O2):35.282	
O1):-0.743	O2):36.229	
O1):-0.774	O2):39.392	
O1):-0.796	O2):41.156	
O1):-0.823	O2):46.049	
O1):-0.829	O2):50.201	
O1):-0.793	O2):40.744	
O1):-0.724	O2):33.878	
O1):-0.727	O2):34.302	
O1):-0.792	O2):40.572	
O1):-0.723	O2):33.863	
O1):-0.717	O2):35.532	
O1):-0.727	O2):34.869	
O1):-0.791	O2):40.854	
O1):-0.776	O2):39.32	
O1):-0.798	O2):43.723	
O1):-0.712	O2):33.872	
O1):-0.798	O2):43.679	
O1):-0.669	O2):29.05	
O1):-0.668	O2):29.647	
O1):-0.803	O2):44.752	
O1):-0.732	O2):35.039	
O1):-0.824	O2):45.906	
O1):-0.844	O2):51.347	
O1):-0.688	O2):30.495	
O1):-0.773	O2):39.03	
O1):-0.845	O2):50.527	
O1):-0.778	O2):40.684	
O1):-0.766	O2):38.366	
O1):-0.723	O2):33.863	
O1):-0.726	O2):34.631	
O1):-0.75	O2):36.747	
O1):-0.77	O2):38.711	
O1):-0.76	O2):36.018	
O1):-0.766	O2):38.793	
O1):-0.721	O2):33.388	
O1):-0.79	O2):40.25	
O1):-0.816	O2):45.275	
O1):-0.773	O2):39.164	
O1):-0.799	O2):45.311	
O1):-0.749	O2):37.603	
O1):-0.792	O2):40.551	
O1):-0.852	O2):55.538	
O1):-0.776	O2):39.358	
O1):-0.828	O2):46.513	
O1):-0.784	O2):40.218	
O1):-0.765	O2):37.465	
O1):-0.824	O2):45.995	
O1):-0.793	O2):40.791	
O1):-0.775	O2):40.479	
O1):-0.688	O2):31.228	
O1):-0.771	O2):38.814	
O1):-0.806	O2):45.365	
O1):-0.734	O2):36.152	
O1):-0.723	O2):34.015	
O1):-0.849	O2):50.538	
O1):-0.798	O2):43.911	
O1):-0.805	O2):45.224	
O1):-0.802	O2):44.119	
O1):-0.739	O2):35.56	
O1):-0.845	O2):50.527	
O1):-0.798	O2):43.723	
O1):-0.705	O2):34.016	
O1):-0.818	O2):45.662	
O1):-0.786	O2):42.828	
O1):-0.739	O2):36.033	
O1):-0.8	O2):43.848	
O1):-0.773	O2):39.03	
O1):-0.806	O2):45.32	
O1):-0.834	O2):50.78	
O1):-0.671	O2):30.093	
O1):-0.774	O2):39.066	
O1):-0.778	O2):41.108	
O1):-0.722	O2):33.768	
O1):-0.649	O2):29.305	
O1):-0.824	O2):45.954	
O1):-0.669	O2):29.05	
O1):-0.791	O2):40.545	
O1):-0.797	O2):41.829	
O1):-0.727	O2):34.907	
O1):-0.803	O2):45.15	
O1):-0.8	O2):43.841	
O1):-0.806	O2):45.463	
O1):-0.746	O2):35.975	
O1):-0.774	O2):39.057	
O1):-0.776	O2):39.358	
O1):-0.656	O2):29.387	
O1):-0.765	O2):37.464	
O1):-0.745	O2):35.199	
O1):-0.823	O2):45.985	
O1):-0.794	O2):40.873	
O1):-0.791	O2):43.949	
O1):-0.742	O2):34.602	
O1):-0.773	O2):39.024	
O1):-0.806	O2):45.32	
O1):-0.711	O2):33.834	
O1):-0.77	O2):38.686	
O1):-0.817	O2):45.566	
O1):-0.772	O2):38.752	
O1):-0.818	O2):45.778	
O1):-0.776	O2):39.773	
O1):-0.793	O2):40.773	
O1):-0.728	O2):34.789	
O1):-0.775	O2):39.148	
O1):-0.777	O2):39.819	
O1):-0.746	O2):35.975	
O1):-0.687	O2):30.909	
O1):-0.798	O2):43.476	
O1):-0.791	O2):40.545	
O1):-0.673	O2):30.853	
O1):-0.775	O2):39.435	
O1):-0.774	O2):39.057	
O1):-0.767	O2):38.417	
O1):-0.776	O2):39.32	
O1):-0.828	O2):46.709	
O1):-0.805	O2):45.197	
O1):-0.718	O2):33.318	
O1):-0.829	O2):47.023	
O1):-0.718	O2):34.748	
O1):-0.75	O2):36.737	
O1):-0.772	O2):38.825	
O1):-0.767	O2):38.373	
O1):-0.747	O2):35.964	
O1):-0.71	O2):35.197	
O1):-0.831	O2):50.11	
O1):-0.8	O2):43.969	
O1):-0.786	O2):40.081	
O1):-0.698	O2):33.091	
O1):-0.823	O2):45.985	
O1):-0.764	O2):38.487	
O1):-0.775	O2):39.393	
O1):-0.815	O2):45.51	
O1):-0.792	O2):40.551	
O1):-0.797	O2):41.829	
O1):-0.772	O2):38.743	
O1):-0.792	O2):40.551	
O1):-0.828	O2):46.513	
O1):-0.775	O2):39.435	
O1):-0.802	O2):44.794	
O1):-0.83	O2):50.577	
O1):-0.745	O2):35.648	
O1):-0.742	O2):34.605	
O1):-0.793	O2):40.776	
O1):-0.749	O2):36.82	
O1):-0.746	O2):35.926	
O1):-0.802	O2):45.11	
O1):-0.775	O2):39.228	
O1):-0.791	O2):40.537	
O1):-0.723	O2):34.089	
O1):-0.749	O2):38.161	
O1):-0.799	O2):44.3	
O1):-0.668	O2):29.625	
O1):-0.673	O2):30.853	
O1):-0.822	O2):45.674	
O1):-0.753	O2):37.319	
O1):-0.72	O2):34.9	
O1):-0.826	O2):49.926	
O1):-0.802	O2):44.119	
O1):-0.795	O2):41.153	
O1):-0.798	O2):44.298	
O1):-0.767	O2):38.406	
O1):-0.708	O2):35.664	
O1):-0.774	O2):39.052	
O1):-0.835	O2):50.521	
O1):-0.733	O2):34.801	
O1):-0.771	O2):38.713	
O1):-0.792	O2):40.536	
O1):-0.776	O2):39.441	
O1):-0.834	O2):50.78	
O1):-0.684	O2):30.905	
O1):-0.734	O2):34.9	
O1):-0.741	O2):39.99	
O1):-0.784	O2):40.692	
O1):-0.761	O2):35.995	
O1):-0.801	O2):44.149	
O1):-0.749	O2):37.603	
O1):-0.863	O2):56.907	
O1):-0.773	O2):39.024	
O1):-0.824	O2):45.755	
O1):-0.79	O2):40.299	
O1):-0.766	O2):37.527	
O1):-0.772	O2):40.407	
O1):-0.748	O2):36.196	
O1):-0.684	O2):30.905	
O1):-0.829	O2):50.2	
O1):-0.742	O2):34.616	
O1):-0.748	O2):36.057	
O1):-0.822	O2):45.657	
O1):-0.766	O2):39.016	
O1):-0.725	O2):33.938	
O1):-0.724	O2):33.878	
O1):-0.688	O2):31.066	
O1):-0.769	O2):38.391	
O1):-0.673	O2):29.629	
O1):-0.668	O2):29.646	
O1):-0.775	O2):39.304	
O1):-0.751	O2):36.918	
O1):-0.814	O2):44.98	
O1):-0.868	O2):55.933	
O1):-0.727	O2):35.181	
O1):-0.723	O2):34.015	
O1):-0.741	O2):35.933	
O1):-0.749	O2):36.82	
O1):-0.803	O2):45.13	
O1):-0.845	O2):50.527	
O1):-0.739	O2):35.56	
O1):-0.769	O2):38.658	
O1):-0.784	O2):40.692	
O1):-0.847	O2):50.826	
O1):-0.724	O2):33.901	
O1):-0.726	O2):34.757	
O1):-0.724	O2):34.101	
O1):-0.771	O2):39.027	
O1):-0.729	O2):34.678	
O1):-0.82	O2):45.64	
O1):-0.746	O2):36.408	
O1):-0.777	O2):39.636	
O1):-0.729	O2):34.761	
O1):-0.79	O2):40.25	
O1):-0.792	O2):40.557	
O1):-0.826	O2):46.062	
O1):-0.798	O2):43.911	
O1):-0.784	O2):40.692	
O1):-0.798	O2):44.203	
O1):-0.712	O2):35.008	
O1):-0.799	O2):44.257	
O1):-0.779	O2):39.717	
O1):-0.765	O2):41.388	
O1):-0.751	O2):36.917	
O1):-0.818	O2):45.657	
O1):-0.722	O2):33.768	
O1):-0.729	O2):34.525	
O1):-0.772	O2):38.755	
O1):-0.72	O2):34.993	
O1):-0.745	O2):35.649	
O1):-0.782	O2):40.096	
O1):-0.763	O2):38.482	
O1):-0.792	O2):40.659	
O1):-0.776	O2):39.773	
O1):-0.783	O2):40.108	
O1):-0.777	O2):39.475	
O1):-0.765	O2):37.464	
O1):-0.812	O2):48.539	
O1):-0.768	O2):39.243	
O1):-0.803	O2):44.973	
O1):-0.714	O2):33.396	
O1):-0.778	O2):40.322	
O1):-0.775	O2):41.007	
O1):-0.705	O2):33.893	
O1):-0.775	O2):39.407	
O1):-0.747	O2):35.459	
O1):-0.745	O2):34.961	
O1):-0.804	O2):45.14	
Starting PrismExecutor worker 1 on port 15051
O1):-0.777	O2):39.58	
Connected worker 1 to port 15051
O1):-0.796	O2):41.198	
O1):-0.734	O2):34.9	
O1):-0.749	O2):35.435	
O1):-0.795	O2):41.648	
O1):-0.799	O2):43.563	
O1):-0.735	O2):35.834	
O1):-0.802	O2):45.11	
O1):-0.798	O2):44.298	
O1):-0.752	O2):37.862	
O1):-0.773	O2):38.911	
O1):-0.794	O2):41.376	
O1):-0.81	O2):46.005	
O1):-0.771	O2):38.609	
O1):-0.797	O2):43.74	
O1):-0.731	O2):34.727	
Evaluations:	2400
O1):-0.798	O2):41.879	
O1):-0.774	O2):40.47	
O1):-0.804	O2):45.14	
O1):-0.786	O2):40.081	
O1):-0.828	O2):46.709	
O1):-0.766	O2):40.922	
O1):-0.725	O2):34.587	
O1):-0.73	O2):34.862	
O1):-0.825	O2):45.976	
O1):-0.715	O2):33.652	
O1):-0.806	O2):44.843	
O1):-0.775	O2):40.664	
O1):-0.832	O2):50.219	
O1):-0.813	O2):45.418	
O1):-0.821	O2):52.587	
O1):-0.782	O2):40.096	
O1):-0.774	O2):39.227	
O1):-0.773	O2):39.013	
O1):-0.788	O2):40.454	
O1):-0.79	O2):45.945	
O1):-0.764	O2):38.405	
O1):-0.854	O2):59.623	
O1):-0.74	O2):35.692	
O1):-0.778	O2):40.225	
O1):-0.71	O2):35.19	
O1):-0.79	O2):40.265	
O1):-0.777	O2):39.475	
O1):-0.703	O2):33.357	
O1):-0.722	O2):33.692	
O1):-0.749	O2):39.809	
O1):-0.803	O2):45.15	
Evaluations:	2000
O1):-0.709	O2):35.642	
O1):-0.688	O2):31.065	
O1):-0.803	O2):45.012	
O1):-0.773	O2):40.64	
O1):-0.747	O2):35.504	
O1):-0.782	O2):40.096	
O1):-0.731	O2):34.709	
O1):-0.755	O2):39.694	
O1):-0.799	O2):44.987	
O1):-0.776	O2):39.676	
O1):-0.836	O2):50.995	
O1):-0.797	O2):41.976	
O1):-0.795	O2):43.14	
O1):-0.723	O2):33.863	
O1):-0.755	O2):36.051	
O1):-0.797	O2):43.748	
O1):-0.766	O2):38.793	
O1):-0.826	O2):46.279	
O1):-0.754	O2):38.448	
O1):-0.688	O2):31.065	
O1):-0.674	O2):29.652	
O1):-0.774	O2):40.47	
O1):-0.774	O2):39.392	
O1):-0.724	O2):33.902	
O1):-0.714	O2):33.377	
O1):-0.704	O2):33.509	
O1):-0.851	O2):51.244	
O1):-0.782	O2):40.096	
O1):-0.793	O2):40.744	
O1):-0.782	O2):40.096	
O1):-0.797	O2):43.748	
O1):-0.791	O2):40.513	
O1):-0.794	O2):40.873	
O1):-0.726	O2):34.203	
O1):-0.816	O2):45.661	
O1):-0.766	O2):38.843	
O1):-0.73	O2):34.04	
O1):-0.803	O2):44.975	
O1):-0.827	O2):46.233	
O1):-0.825	O2):45.872	
O1):-0.766	O2):37.527	
O1):-0.683	O2):30.4	
O1):-0.765	O2):37.464	
O1):-0.661	O2):29.026	
O1):-0.732	O2):34.821	
O1):-0.656	O2):29.387	
O1):-0.774	O2):39.114	
O1):-0.793	O2):40.776	
O1):-0.779	O2):39.778	
O1):-0.816	O2):45.376	
O1):-0.786	O2):40.081	
O1):-0.764	O2):38.405	
O1):-0.812	O2):46.331	
O1):-0.807	O2):45.205	
O1):-0.744	O2):34.917	
O1):-0.816	O2):45.376	
O1):-0.799	O2):44.289	
O1):-0.851	O2):51.189	
O1):-0.742	O2):36.165	
O1):-0.794	O2):40.873	
O1):-0.79	O2):40.403	
O1):-0.773	O2):39.166	
O1):-0.793	O2):40.823	
O1):-0.75	O2):36.747	
O1):-0.848	O2):50.558	
O1):-0.731	O2):34.824	
O1):-0.671	O2):29.337	
O1):-0.764	O2):38.405	
O1):-0.776	O2):39.407	
O1):-0.806	O2):45.463	
O1):-0.805	O2):45.365	
O1):-0.689	O2):30.504	
O1):-0.814	O2):45.373	
O1):-0.825	O2):45.937	
O1):-0.802	O2):44.119	
O1):-0.761	O2):39.942	
O1):-0.794	O2):40.885	
O1):-0.83	O2):50.577	
O1):-0.802	O2):44.119	
O1):-0.79	O2):40.265	
O1):-0.817	O2):45.775	
O1):-0.796	O2):41.335	
O1):-0.775	O2):39.855	
O1):-0.755	O2):38.229	
O1):-0.726	O2):34.188	
O1):-0.672	O2):29.651	
O1):-0.785	O2):40.813	
O1):-0.688	O2):31.065	
O1):-0.829	O2):47.023	
O1):-0.816	O2):45.661	
O1):-0.724	O2):33.878	
O1):-0.773	O2):39.012	
O1):-0.657	O2):29.389	
O1):-0.724	O2):33.902	
O1):-0.826	O2):46.571	
O1):-0.745	O2):35.768	
O1):-0.771	O2):38.7	
O1):-0.755	O2):39.694	
Evaluations:	2100
O1):-0.796	O2):43.661	
O1):-0.827	O2):46.233	
O1):-0.731	O2):34.727	
O1):-0.767	O2):37.599	
O1):-0.825	O2):45.976	
O1):-0.686	O2):32.93	
O1):-0.733	O2):35.432	
O1):-0.803	O2):45.15	
O1):-0.724	O2):33.902	
O1):-0.711	O2):33.834	
O1):-0.75	O2):36.747	
O1):-0.817	O2):45.768	
O1):-0.791	O2):40.495	
O1):-0.738	O2):35.046	
O1):-0.818	O2):45.778	
Evaluations:	2400
O1):-0.777	O2):39.718	
O1):-0.687	O2):30.47	
O1):-0.793	O2):40.887	
O1):-0.704	O2):34.135	
O1):-0.761	O2):35.995	
O1):-0.69	O2):31.299	
O1):-0.828	O2):46.513	
O1):-0.738	O2):35.456	
O1):-0.81	O2):50.439	
O1):-0.724	O2):33.867	
O1):-0.792	O2):40.551	
O1):-0.847	O2):50.826	
O1):-0.712	O2):33.872	
O1):-0.792	O2):40.551	
O1):-0.816	O2):45.661	
O1):-0.827	O2):46.226	
O1):-0.772	O2):38.936	
O1):-0.768	O2):38.97	
O1):-0.851	O2):51.189	
O1):-0.731	O2):36.385	
O1):-0.691	O2):30.704	
O1):-0.82	O2):46.08	
O1):-0.815	O2):45.431	
O1):-0.673	O2):30.853	
O1):-0.813	O2):46.711	
Starting PrismExecutor worker 2 on port 15062
O1):-0.803	O2):44.973	
O1):-0.802	O2):44.851	
Connected worker 2 to port 15062
O1):-0.801	O2):45.092	
O1):-0.772	O2):38.835	
O1):-0.79	O2):40.475	
O1):-0.801	O2):43.913	
O1):-0.832	O2):50.219	
O1):-0.824	O2):45.937	
O1):-0.728	O2):34.345	
O1):-0.853	O2):51.473	
O1):-0.784	O2):40.482	
O1):-0.703	O2):34.969	
O1):-0.729	O2):34.635	
O1):-0.79	O2):40.403	
O1):-0.836	O2):49.943	
O1):-0.802	O2):45.141	
O1):-0.8	O2):43.844	
O1):-0.726	O2):34.631	
O1):-0.85	O2):50.752	
O1):-0.772	O2):38.731	
Evaluations:	2200
O1):-0.725	O2):34.217	
O1):-0.724	O2):33.902	
O1):-0.823	O2):45.647	
O1):-0.778	O2):40.322	
O1):-0.684	O2):30.905	
O1):-0.774	O2):39.109	
O1):-0.741	O2):35.127	
O1):-0.75	O2):36.737	
O1):-0.752	O2):38.248	
O1):-0.774	O2):39.096	
O1):-0.774	O2):39.235	
O1):-0.797	O2):41.976	
O1):-0.822	O2):45.657	
O1):-0.826	O2):49.926	
O1):-0.714	O2):34.157	
O1):-0.772	O2):38.804	
O1):-0.848	O2):50.44	
O1):-0.846	O2):50.443	
O1):-0.773	O2):39.078	
O1):-0.826	O2):46.214	
O1):-0.718	O2):33.729	
O1):-0.729	O2):34.678	
O1):-0.791	O2):45.883	
O1):-0.768	O2):38.484	
O1):-0.725	O2):34.167	
O1):-0.663	O2):29.3	
O1):-0.816	O2):45.661	
O1):-0.767	O2):38.406	
O1):-0.701	O2):34.044	
O1):-0.823	O2):45.74	
O1):-0.847	O2):50.826	
O1):-0.823	O2):45.821	
O1):-0.753	O2):37.319	
O1):-0.798	O2):44.204	
O1):-0.823	O2):45.985	
O1):-0.746	O2):35.975	
O1):-0.762	O2):38.346	
O1):-0.799	O2):44.252	
O1):-0.786	O2):43.034	
O1):-0.828	O2):46.709	
O1):-0.764	O2):38.405	
O1):-0.732	O2):35.039	
O1):-0.748	O2):39.013	
O1):-0.794	O2):40.818	
O1):-0.847	O2):50.725	
O1):-0.772	O2):38.825	
O1):-0.788	O2):40.116	
O1):-0.703	O2):33.405	
O1):-0.669	O2):29.05	
O1):-0.776	O2):39.772	
O1):-0.788	O2):39.966	
O1):-0.798	O2):43.72	
O1):-0.718	O2):34.945	
O1):-0.799	O2):43.989	
O1):-0.849	O2):50.971	
O1):-0.777	O2):39.58	
O1):-0.776	O2):39.772	
O1):-0.72	O2):33.48	
O1):-0.782	O2):39.955	
O1):-0.724	O2):33.867	
O1):-0.742	O2):36.165	
O1):-0.739	O2):34.922	
O1):-0.764	O2):36.667	
O1):-0.775	O2):39.407	
O1):-0.655	O2):29.907	
O1):-0.764	O2):36.628	
O1):-0.673	O2):30.853	
O1):-0.764	O2):38.405	
O1):-0.708	O2):33.653	
O1):-0.847	O2):50.694	
O1):-0.778	O2):39.755	
O1):-0.8	O2):44.211	
O1):-0.776	O2):40.225	
O1):-0.825	O2):46.061	
O1):-0.685	O2):30.391	
O1):-0.686	O2):32.931	
O1):-0.772	O2):38.731	
O1):-0.813	O2):45.288	
O1):-0.771	O2):38.713	
O1):-0.849	O2):50.538	
O1):-0.8	O2):44.211	
O1):-0.777	O2):39.636	
O1):-0.747	O2):35.964	
O1):-0.794	O2):40.894	
O1):-0.766	O2):38.366	
O1):-0.844	O2):51.347	
O1):-0.725	O2):34.167	
O1):-0.794	O2):40.853	
O1):-0.792	O2):40.733	
O1):-0.802	O2):44.119	
O1):-0.796	O2):41.788	
O1):-0.85	O2):50.654	
O1):-0.798	O2):45.795	
O1):-0.867	O2):55.844	
O1):-0.76	O2):41.026	
O1):-0.777	O2):39.41	
O1):-0.773	O2):38.915	
O1):-0.836	O2):49.943	
O1):-0.736	O2):34.831	
O1):-0.746	O2):36.408	
O1):-0.824	O2):45.94	
O1):-0.734	O2):34.9	
O1):-0.735	O2):35.147	
O1):-0.824	O2):46.133	
O1):-0.809	O2):45.643	
O1):-0.692	O2):33.282	
O1):-0.729	O2):39.788	
O1):-0.833	O2):50.357	
O1):-0.795	O2):41.614	
O1):-0.748	O2):39.387	
O1):-0.77	O2):38.73	
O1):-0.762	O2):38.346	
O1):-0.778	O2):39.755	
O1):-0.773	O2):39.036	
O1):-0.794	O2):40.873	
O1):-0.747	O2):35.667	
O1):-0.764	O2):38.615	
Evaluations:	1900
O1):-0.73	O2):34.715	
O1):-0.681	O2):30.162	
O1):-0.823	O2):45.752	
O1):-0.709	O2):35.63	
O1):-0.849	O2):50.98	
O1):-0.826	O2):46.279	
O1):-0.815	O2):45.431	
O1):-0.749	O2):37.943	
O1):-0.686	O2):32.93	
O1):-0.779	O2):39.717	
O1):-0.798	O2):42.095	
O1):-0.689	O2):30.504	
O1):-0.688	O2):31.228	
O1):-0.802	O2):45.266	
O1):-0.789	O2):40.148	
O1):-0.796	O2):43.238	
O1):-0.792	O2):40.551	
O1):-0.823	O2):45.985	
O1):-0.799	O2):44.252	
O1):-0.712	O2):33.872	
O1):-0.816	O2):45.275	
O1):-0.661	O2):29.026	
O1):-0.778	O2):40.403	
O1):-0.848	O2):50.902	
O1):-0.793	O2):40.869	
O1):-0.719	O2):35.758	
O1):-0.774	O2):39.19	
O1):-0.703	O2):33.405	
O1):-0.823	O2):45.677	
O1):-0.79	O2):40.475	
O1):-0.704	O2):33.859	
O1):-0.807	O2):45.205	
O1):-0.694	O2):33.22	
O1):-0.774	O2):39.235	
O1):-0.861	O2):56.253	
O1):-0.714	O2):33.396	
O1):-0.744	O2):36.077	
O1):-0.813	O2):45.141	
O1):-0.782	O2):43.663	
O1):-0.767	O2):39.011	
O1):-0.706	O2):35.46	
O1):-0.823	O2):45.821	
O1):-0.773	O2):38.914	
Starting PrismExecutor worker 4 on port 15024
Connected worker 4 to port 15024
O1):-0.749	O2):37.603	
O1):-0.779	O2):40.525	
O1):-0.774	O2):39.058	
O1):-0.727	O2):34.276	
O1):-0.796	O2):41.335	
O1):-0.724	O2):33.912	
O1):-0.77	O2):38.689	
O1):-0.771	O2):38.636	
O1):-0.801	O2):44.273	
O1):-0.776	O2):39.676	
O1):-0.79	O2):40.25	
O1):-0.767	O2):38.406	
O1):-0.743	O2):36.172	
O1):-0.814	O2):48.358	
O1):-0.79	O2):43.889	
O1):-0.793	O2):40.807	
O1):-0.828	O2):46.513	
O1):-0.772	O2):38.755	
O1):-0.731	O2):35.217	
O1):-0.851	O2):51.189	
O1):-0.698	O2):33.091	
O1):-0.745	O2):36.483	
O1):-0.763	O2):36.554	
O1):-0.763	O2):38.399	
O1):-0.726	O2):34.657	
O1):-0.791	O2):40.481	
O1):-0.788	O2):40.454	
O1):-0.776	O2):39.434	
O1):-0.823	O2):45.765	
O1):-0.653	O2):29.501	
O1):-0.771	O2):38.569	
O1):-0.726	O2):34.188	
O1):-0.791	O2):40.53	
O1):-0.683	O2):30.4	
O1):-0.776	O2):39.358	
O1):-0.801	O2):44.149	
O1):-0.794	O2):41.375	
O1):-0.763	O2):38.482	
O1):-0.794	O2):41.375	
O1):-0.73	O2):34.758	
O1):-0.723	O2):34.089	
O1):-0.771	O2):38.736	
O1):-0.816	O2):45.431	
O1):-0.792	O2):45.8	
O1):-0.793	O2):40.773	
O1):-0.682	O2):33.054	
O1):-0.788	O2):40.114	
O1):-0.767	O2):39.477	
O1):-0.731	O2):34.727	
O1):-0.797	O2):41.97	
O1):-0.799	O2):43.989	
O1):-0.76	O2):39.0	
O1):-0.823	O2):45.83	
O1):-0.664	O2):30.368	
O1):-0.849	O2):50.895	
O1):-0.795	O2):42.23	
O1):-0.816	O2):45.661	
O1):-0.796	O2):43.394	
O1):-0.724	O2):33.878	
O1):-0.706	O2):33.434	
O1):-0.745	O2):35.199	
O1):-0.777	O2):39.41	
O1):-0.802	O2):45.095	
O1):-0.683	O2):30.4	
O1):-0.799	O2):43.847	
O1):-0.724	O2):33.902	
O1):-0.761	O2):36.013	
O1):-0.723	O2):34.089	
O1):-0.825	O2):49.869	
O1):-0.772	O2):38.731	
O1):-0.692	O2):33.282	
O1):-0.79	O2):40.404	
O1):-0.771	O2):38.636	
O1):-0.773	O2):39.372	
O1):-0.822	O2):45.657	
O1):-0.802	O2):44.851	
O1):-0.715	O2):33.651	
O1):-0.851	O2):51.189	
O1):-0.733	O2):34.801	
O1):-0.742	O2):34.616	
O1):-0.849	O2):50.971	
O1):-0.77	O2):38.41	
O1):-0.742	O2):36.165	
O1):-0.798	O2):44.298	
O1):-0.755	O2):36.051	
O1):-0.844	O2):50.485	
O1):-0.753	O2):37.32	
O1):-0.791	O2):40.854	
O1):-0.801	O2):44.149	
O1):-0.798	O2):44.344	
O1):-0.775	O2):39.148	
O1):-0.777	O2):39.58	
O1):-0.673	O2):30.853	
O1):-0.745	O2):35.768	
O1):-0.726	O2):34.188	
O1):-0.776	O2):39.358	
O1):-0.776	O2):40.819	
O1):-0.826	O2):46.344	
O1):-0.772	O2):38.755	
O1):-0.779	O2):39.747	
O1):-0.793	O2):40.806	
O1):-0.849	O2):50.868	
O1):-0.724	O2):33.951	
O1):-0.852	O2):55.538	
O1):-0.795	O2):41.505	
O1):-0.797	O2):43.705	
O1):-0.779	O2):40.525	
O1):-0.774	O2):39.083	
O1):-0.778	O2):40.954	
O1):-0.71	O2):33.972	
O1):-0.73	O2):34.564	
O1):-0.795	O2):41.614	
O1):-0.824	O2):45.937	
O1):-0.796	O2):41.761	
O1):-0.701	O2):33.307	
O1):-0.664	O2):30.368	
O1):-0.744	O2):35.462	
O1):-0.824	O2):45.995	
O1):-0.732	O2):35.039	
O1):-0.686	O2):32.93	
O1):-0.797	O2):41.97	
O1):-0.827	O2):46.266	
O1):-0.822	O2):45.657	
O1):-0.825	O2):45.937	
O1):-0.794	O2):40.824	
O1):-0.79	O2):40.25	
O1):-0.791	O2):40.49	
O1):-0.73	O2):34.04	
O1):-0.772	O2):38.825	
O1):-0.775	O2):39.407	
O1):-0.863	O2):56.907	
O1):-0.846	O2):50.639	
O1):-0.791	O2):40.854	
O1):-0.808	O2):45.352	
O1):-0.834	O2):50.78	
O1):-0.861	O2):56.253	
O1):-0.794	O2):40.818	
O1):-0.848	O2):50.44	
O1):-0.828	O2):50.21	
O1):-0.701	O2):33.307	
O1):-0.772	O2):38.804	
Evaluations:	2300
O1):-0.729	O2):34.525	
O1):-0.783	O2):43.768	
O1):-0.788	O2):43.38	
O1):-0.772	O2):38.755	
O1):-0.725	O2):34.575	
O1):-0.766	O2):39.016	
O1):-0.802	O2):44.927	
O1):-0.764	O2):38.487	
O1):-0.836	O2):49.943	
O1):-0.798	O2):44.203	
O1):-0.767	O2):38.373	
O1):-0.816	O2):45.506	
O1):-0.709	O2):33.611	
Evaluations:	2500
O1):-0.738	O2):34.872	
O1):-0.747	O2):36.149	
O1):-0.741	O2):35.918	
O1):-0.832	O2):50.267	
O1):-0.782	O2):39.968	
O1):-0.824	O2):45.937	
O1):-0.851	O2):51.244	
O1):-0.777	O2):39.412	
O1):-0.797	O2):41.97	
O1):-0.796	O2):41.788	
O1):-0.796	O2):41.788	
O1):-0.726	O2):34.631	
O1):-0.796	O2):41.788	
O1):-0.655	O2):29.907	
O1):-0.785	O2):40.813	
O1):-0.729	O2):34.761	
Evaluations:	2300
O1):-0.79	O2):40.419	
O1):-0.806	O2):45.365	
O1):-0.69	O2):31.299	
O1):-0.793	O2):40.776	
O1):-0.771	O2):40.528	
O1):-0.816	O2):45.661	
Evaluations:	2200
O1):-0.797	O2):41.97	
O1):-0.777	O2):39.412	
O1):-0.758	O2):40.399	
O1):-0.85	O2):50.752	
O1):-0.707	O2):33.251	
O1):-0.827	O2):46.266	
O1):-0.726	O2):34.203	
O1):-0.745	O2):35.081	
O1):-0.822	O2):45.48	
O1):-0.668	O2):29.646	
O1):-0.798	O2):41.879	
O1):-0.803	O2):45.012	
Starting PrismExecutor worker 3 on port 15053
O1):-0.851	O2):51.244	
O1):-0.793	O2):40.776	
O1):-0.802	O2):45.192	
Connected worker 3 to port 15053
O1):-0.803	O2):45.114	
O1):-0.807	O2):45.198	
O1):-0.723	O2):34.015	
O1):-0.801	O2):44.938	
O1):-0.8	O2):43.786	
O1):-0.689	O2):30.504	
O1):-0.798	O2):43.794	
O1):-0.797	O2):44.725	
O1):-0.85	O2):50.79	
O1):-0.77	O2):38.411	
O1):-0.794	O2):40.943	
O1):-0.803	O2):45.012	
O1):-0.694	O2):33.167	
O1):-0.764	O2):38.487	
O1):-0.867	O2):55.844	
O1):-0.836	O2):50.995	
O1):-0.799	O2):43.564	
O1):-0.705	O2):33.893	
O1):-0.795	O2):41.12	
O1):-0.818	O2):45.662	
O1):-0.753	O2):37.319	
O1):-0.783	O2):40.795	
O1):-0.775	O2):39.305	
O1):-0.834	O2):50.342	
O1):-0.822	O2):45.796	
O1):-0.822	O2):45.796	
O1):-0.773	O2):39.164	
O1):-0.819	O2):46.003	
O1):-0.803	O2):44.973	
O1):-0.755	O2):36.051	
O1):-0.819	O2):46.003	
O1):-0.742	O2):34.616	
O1):-0.815	O2):45.611	
O1):-0.773	O2):40.8	
O1):-0.826	O2):46.149	
O1):-0.776	O2):39.441	
O1):-0.794	O2):40.874	
O1):-0.766	O2):37.527	
O1):-0.802	O2):44.794	
O1):-0.741	O2):34.561	
O1):-0.775	O2):39.383	
O1):-0.792	O2):40.733	
O1):-0.782	O2):39.955	
O1):-0.821	O2):45.569	
O1):-0.746	O2):35.975	
O1):-0.85	O2):50.752	
O1):-0.679	O2):30.083	
O1):-0.775	O2):39.255	
O1):-0.771	O2):38.569	
O1):-0.793	O2):43.134	
O1):-0.829	O2):50.2	
O1):-0.8	O2):44.211	
O1):-0.847	O2):50.725	
O1):-0.792	O2):40.56	
O1):-0.8	O2):44.84	
O1):-0.804	O2):45.14	
O1):-0.664	O2):30.369	
O1):-0.727	O2):34.276	
O1):-0.707	O2):33.647	
O1):-0.791	O2):40.481	
O1):-0.674	O2):29.652	
O1):-0.849	O2):50.538	
O1):-0.782	O2):39.968	
O1):-0.655	O2):29.907	
O1):-0.85	O2):50.654	
O1):-0.773	O2):38.915	
O1):-0.762	O2):38.346	
O1):-0.791	O2):40.49	
O1):-0.826	O2):46.179	
O1):-0.767	O2):37.599	
O1):-0.726	O2):34.553	
O1):-0.825	O2):46.043	
O1):-0.853	O2):56.296	
O1):-0.776	O2):39.47	
O1):-0.792	O2):40.536	
O1):-0.762	O2):40.745	
O1):-0.795	O2):43.599	
O1):-0.794	O2):40.874	
O1):-0.798	O2):44.064	
O1):-0.748	O2):36.057	
O1):-0.727	O2):34.736	
O1):-0.756	O2):39.579	
O1):-0.702	O2):33.174	
O1):-0.745	O2):35.768	
O1):-0.851	O2):51.189	
O1):-0.7	O2):33.229	
O1):-0.73	O2):37.988	
O1):-0.791	O2):40.545	
O1):-0.794	O2):40.818	
O1):-0.656	O2):30.187	
O1):-0.764	O2):38.615	
O1):-0.824	O2):45.954	
O1):-0.692	O2):33.282	
O1):-0.752	O2):39.783	
O1):-0.776	O2):39.434	
O1):-0.7	O2):33.573	
O1):-0.784	O2):40.692	
O1):-0.774	O2):39.392	
O1):-0.729	O2):34.678	
O1):-0.851	O2):51.189	
O1):-0.673	O2):30.408	
O1):-0.748	O2):36.196	
O1):-0.724	O2):33.954	
O1):-0.823	O2):45.753	
O1):-0.793	O2):43.126	
O1):-0.73	O2):34.677	
O1):-0.832	O2):50.247	
O1):-0.815	O2):45.26	
O1):-0.846	O2):50.639	
O1):-0.799	O2):43.563	
O1):-0.827	O2):50.832	
O1):-0.777	O2):40.04	
O1):-0.849	O2):50.895	
O1):-0.774	O2):39.117	
O1):-0.79	O2):40.265	
O1):-0.696	O2):35.097	
O1):-0.833	O2):50.357	
O1):-0.794	O2):40.992	
O1):-0.681	O2):30.39	
O1):-0.703	O2):33.23	
O1):-0.78	O2):40.61	
O1):-0.767	O2):38.406	
O1):-0.802	O2):45.171	
O1):-0.777	O2):39.41	
O1):-0.794	O2):40.818	
O1):-0.763	O2):36.554	
O1):-0.799	O2):44.252	
O1):-0.807	O2):46.027	
O1):-0.776	O2):39.358	
O1):-0.741	O2):35.127	
O1):-0.724	O2):33.878	
O1):-0.805	O2):46.236	
O1):-0.797	O2):41.877	
O1):-0.789	O2):43.283	
O1):-0.772	O2):38.825	
O1):-0.801	O2):45.493	
O1):-0.862	O2):56.645	
O1):-0.793	O2):40.776	
O1):-0.691	O2):35.941	
O1):-0.8	O2):43.786	
O1):-0.727	O2):34.362	
O1):-0.816	O2):45.275	
O1):-0.713	O2):33.888	
O1):-0.788	O2):40.454	
O1):-0.783	O2):40.066	
O1):-0.748	O2):36.057	
O1):-0.795	O2):42.111	
O1):-0.853	O2):51.831	
O1):-0.765	O2):37.511	
O1):-0.801	O2):43.913	
O1):-0.728	O2):35.6	
O1):-0.79	O2):43.371	
O1):-0.773	O2):38.911	
O1):-0.703	O2):33.357	
O1):-0.771	O2):38.814	
O1):-0.708	O2):33.332	
O1):-0.861	O2):56.253	
O1):-0.792	O2):40.659	
O1):-0.771	O2):40.147	
O1):-0.826	O2):46.571	
O1):-0.768	O2):38.484	
O1):-0.774	O2):39.096	
O1):-0.788	O2):39.967	
O1):-0.712	O2):33.899	
O1):-0.795	O2):41.12	
O1):-0.767	O2):38.965	
O1):-0.829	O2):50.2	
O1):-0.784	O2):40.218	
O1):-0.806	O2):45.365	
O1):-0.726	O2):34.553	
O1):-0.85	O2):50.752	
O1):-0.826	O2):46.279	
O1):-0.771	O2):38.609	
O1):-0.827	O2):46.692	
O1):-0.726	O2):34.631	
O1):-0.792	O2):44.113	
O1):-0.753	O2):40.785	
Starting PrismExecutor worker 5 on port 15015
O1):-0.834	O2):49.884	
Connected worker 5 to port 15015
O1):-0.826	O2):49.926	
O1):-0.772	O2):38.804	
O1):-0.772	O2):39.045	
O1):-0.792	O2):40.568	
O1):-0.744	O2):36.077	
O1):-0.796	O2):41.167	
O1):-0.673	O2):29.629	
O1):-0.656	O2):30.187	
O1):-0.793	O2):40.773	
O1):-0.83	O2):50.577	
O1):-0.664	O2):30.368	
O1):-0.816	O2):45.275	
O1):-0.745	O2):35.038	
O1):-0.73	O2):34.564	
O1):-0.75	O2):36.727	
O1):-0.772	O2):38.825	
O1):-0.792	O2):40.78	
O1):-0.852	O2):55.538	
O1):-0.775	O2):39.496	
O1):-0.795	O2):41.076	
O1):-0.792	O2):45.396	
O1):-0.825	O2):45.976	
O1):-0.745	O2):34.961	
O1):-0.673	O2):29.671	
O1):-0.77	O2):38.41	
O1):-0.765	O2):38.942	
O1):-0.753	O2):37.319	
O1):-0.751	O2):36.917	
O1):-0.765	O2):38.652	
O1):-0.791	O2):40.545	
O1):-0.742	O2):34.616	
O1):-0.792	O2):40.729	
O1):-0.724	O2):34.41	
O1):-0.764	O2):38.374	
O1):-0.736	O2):35.195	
O1):-0.8	O2):43.969	
O1):-0.723	O2):34.089	
O1):-0.818	O2):45.562	
O1):-0.824	O2):45.995	
O1):-0.794	O2):41.394	
O1):-0.794	O2):40.873	
O1):-0.767	O2):37.599	
O1):-0.774	O2):39.112	
O1):-0.668	O2):29.647	
O1):-0.805	O2):45.256	
O1):-0.661	O2):29.026	
O1):-0.802	O2):44.794	
O1):-0.713	O2):33.88	
O1):-0.692	O2):33.282	
O1):-0.774	O2):39.057	
O1):-0.823	O2):45.699	
O1):-0.828	O2):46.836	
O1):-0.731	O2):34.727	
O1):-0.681	O2):30.162	
O1):-0.797	O2):43.705	
O1):-0.78	O2):41.167	
O1):-0.727	O2):34.382	
O1):-0.742	O2):36.165	
O1):-0.777	O2):39.475	
O1):-0.794	O2):41.503	
O1):-0.849	O2):51.061	
O1):-0.848	O2):50.44	
O1):-0.771	O2):38.796	
O1):-0.83	O2):50.577	
O1):-0.815	O2):45.431	
O1):-0.832	O2):50.219	
O1):-0.656	O2):29.387	
O1):-0.734	O2):36.152	
O1):-0.796	O2):41.761	
O1):-0.775	O2):39.255	
O1):-0.73	O2):34.675	
O1):-0.776	O2):39.485	
O1):-0.767	O2):38.965	
O1):-0.794	O2):40.885	
O1):-0.772	O2):38.768	
O1):-0.747	O2):35.459	
O1):-0.747	O2):35.459	
O1):-0.669	O2):29.617	
O1):-0.722	O2):33.692	
O1):-0.709	O2):33.611	
O1):-0.824	O2):45.94	
O1):-0.808	O2):45.285	
O1):-0.791	O2):40.854	
O1):-0.793	O2):40.743	
O1):-0.816	O2):45.431	
O1):-0.791	O2):40.854	
O1):-0.728	O2):34.345	
O1):-0.803	O2):44.752	
O1):-0.773	O2):39.013	
O1):-0.668	O2):29.646	
O1):-0.729	O2):34.456	
O1):-0.795	O2):41.614	
O1):-0.723	O2):34.103	
O1):-0.756	O2):38.619	
O1):-0.805	O2):45.365	
O1):-0.713	O2):33.888	
O1):-0.804	O2):45.779	
O1):-0.796	O2):41.156	
O1):-0.775	O2):39.339	
O1):-0.797	O2):41.976	
O1):-0.766	O2):39.682	
O1):-0.749	O2):36.82	
O1):-0.776	O2):39.47	
O1):-0.755	O2):36.068	
O1):-0.785	O2):40.813	
O1):-0.774	O2):39.033	
O1):-0.745	O2):35.648	
O1):-0.777	O2):39.58	
O1):-0.777	O2):39.496	
O1):-0.702	O2):33.156	
O1):-0.719	O2):33.465	
O1):-0.826	O2):46.062	
Evaluations:	2500
O1):-0.671	O2):29.337	
O1):-0.826	O2):46.214	
O1):-0.792	O2):40.568	
O1):-0.773	O2):39.022	
O1):-0.777	O2):39.58	
O1):-0.66	O2):29.384	
O1):-0.749	O2):37.943	
O1):-0.689	O2):33.669	
O1):-0.808	O2):45.397	
O1):-0.814	O2):44.98	
O1):-0.702	O2):33.174	
O1):-0.737	O2):35.446	
O1):-0.661	O2):29.026	
O1):-0.763	O2):38.611	
O1):-0.802	O2):44.794	
O1):-0.774	O2):39.066	
O1):-0.774	O2):39.081	
O1):-0.776	O2):39.47	
O1):-0.784	O2):40.482	
O1):-0.753	O2):37.319	
O1):-0.816	O2):45.275	
O1):-0.761	O2):35.995	
O1):-0.803	O2):45.15	
O1):-0.763	O2):38.399	
O1):-0.761	O2):36.013	
O1):-0.723	O2):33.863	
O1):-0.771	O2):38.707	
O1):-0.771	O2):38.75	
O1):-0.796	O2):41.761	
O1):-0.849	O2):50.538	
O1):-0.788	O2):39.966	
O1):-0.824	O2):45.995	
O1):-0.763	O2):38.376	
O1):-0.85	O2):50.654	
O1):-0.808	O2):45.798	
O1):-0.707	O2):34.594	
O1):-0.745	O2):35.199	
O1):-0.794	O2):40.853	
O1):-0.818	O2):45.562	
O1):-0.718	O2):33.369	
O1):-0.835	O2):50.667	
O1):-0.767	O2):38.965	
O1):-0.849	O2):50.538	
O1):-0.789	O2):43.283	
O1):-0.826	O2):46.179	
O1):-0.827	O2):46.233	
O1):-0.811	O2):46.573	
O1):-0.823	O2):45.753	
O1):-0.826	O2):46.252	
O1):-0.745	O2):35.648	
O1):-0.799	O2):44.252	
O1):-0.742	O2):35.758	
O1):-0.738	O2):39.352	
O1):-0.765	O2):37.465	
O1):-0.792	O2):45.209	
O1):-0.734	O2):34.9	
O1):-0.747	O2):36.021	
O1):-0.825	O2):46.061	
O1):-0.797	O2):41.97	
O1):-0.819	O2):46.008	
O1):-0.798	O2):42.095	
O1):-0.773	O2):39.005	
O1):-0.814	O2):45.217	
O1):-0.775	O2):39.435	
O1):-0.794	O2):40.874	
O1):-0.792	O2):40.504	
O1):-0.747	O2):35.958	
O1):-0.774	O2):39.067	
Starting PrismExecutor worker 5 on port 15025
Connected worker 5 to port 15025
O1):-0.779	O2):39.936	
O1):-0.708	O2):34.505	
O1):-0.711	O2):33.834	
O1):-0.826	O2):46.297	
O1):-0.816	O2):45.275	
O1):-0.791	O2):40.854	
O1):-0.733	O2):34.902	
O1):-0.766	O2):37.527	
O1):-0.681	O2):30.162	
O1):-0.823	O2):45.677	
O1):-0.804	O2):45.223	
O1):-0.751	O2):36.917	
O1):-0.784	O2):40.769	
O1):-0.783	O2):42.431	
O1):-0.776	O2):39.32	
O1):-0.761	O2):36.199	
O1):-0.66	O2):29.384	
O1):-0.735	O2):34.32	
O1):-0.797	O2):41.976	
O1):-0.822	O2):45.642	
O1):-0.796	O2):41.198	
O1):-0.782	O2):40.045	
O1):-0.816	O2):45.234	
O1):-0.828	O2):46.709	
O1):-0.868	O2):55.933	
O1):-0.686	O2):32.93	
O1):-0.796	O2):41.761	
O1):-0.725	O2):33.938	
O1):-0.807	O2):45.356	
O1):-0.747	O2):36.021	
O1):-0.732	O2):35.039	
O1):-0.792	O2):40.721	
O1):-0.814	O2):44.98	
O1):-0.792	O2):41.244	
O1):-0.807	O2):45.205	
O1):-0.771	O2):39.027	
O1):-0.796	O2):43.394	
O1):-0.656	O2):30.187	
O1):-0.747	O2):36.021	
O1):-0.793	O2):40.706	
O1):-0.812	O2):45.258	
O1):-0.794	O2):40.873	
O1):-0.747	O2):36.755	
O1):-0.796	O2):41.167	
O1):-0.808	O2):45.397	
O1):-0.796	O2):41.167	
O1):-0.831	O2):50.11	
O1):-0.763	O2):41.252	
O1):-0.775	O2):39.349	
O1):-0.672	O2):31.7	
O1):-0.8	O2):44.008	
O1):-0.726	O2):34.145	
O1):-0.782	O2):39.955	
O1):-0.766	O2):39.212	
O1):-0.784	O2):40.218	
O1):-0.85	O2):50.748	
O1):-0.774	O2):39.066	
O1):-0.776	O2):40.241	
O1):-0.803	O2):44.973	
O1):-0.827	O2):46.622	
O1):-0.67	O2):30.151	
O1):-0.791	O2):40.481	
O1):-0.791	O2):40.49	
O1):-0.689	O2):30.504	
O1):-0.851	O2):56.08	
O1):-0.772	O2):38.768	
O1):-0.791	O2):40.443	
O1):-0.805	O2):45.256	
O1):-0.776	O2):39.32	
O1):-0.793	O2):40.743	
O1):-0.673	O2):30.853	
O1):-0.836	O2):51.281	
O1):-0.672	O2):29.651	
O1):-0.745	O2):35.081	
O1):-0.764	O2):38.487	
O1):-0.823	O2):45.752	
O1):-0.763	O2):36.419	
O1):-0.686	O2):32.93	
O1):-0.772	O2):38.768	
O1):-0.726	O2):34.194	
O1):-0.773	O2):39.012	
O1):-0.772	O2):38.839	
O1):-0.673	O2):30.853	
O1):-0.792	O2):40.861	
O1):-0.773	O2):39.168	
O1):-0.721	O2):33.509	
O1):-0.774	O2):39.21	
O1):-0.75	O2):36.737	
O1):-0.767	O2):38.406	
O1):-0.793	O2):41.575	
O1):-0.754	O2):38.449	
O1):-0.686	O2):32.93	
O1):-0.774	O2):39.116	
O1):-0.774	O2):39.052	
O1):-0.802	O2):44.119	
O1):-0.8	O2):43.969	
O1):-0.751	O2):36.917	
O1):-0.724	O2):34.41	
O1):-0.796	O2):41.17	
O1):-0.775	O2):39.227	
O1):-0.772	O2):38.804	
O1):-0.726	O2):34.566	
O1):-0.77	O2):39.976	
O1):-0.688	O2):31.065	
O1):-0.732	O2):34.821	
O1):-0.793	O2):40.776	
O1):-0.795	O2):41.12	
O1):-0.7	O2):33.231	
O1):-0.686	O2):32.93	
O1):-0.795	O2):41.12	
O1):-0.752	O2):38.248	
O1):-0.828	O2):50.21	
O1):-0.796	O2):43.194	
O1):-0.774	O2):39.392	
O1):-0.776	O2):39.441	
O1):-0.742	O2):35.288	
O1):-0.727	O2):34.302	
O1):-0.812	O2):46.331	
O1):-0.772	O2):38.816	
O1):-0.715	O2):33.651	
O1):-0.798	O2):41.879	
O1):-0.792	O2):40.557	
O1):-0.794	O2):41.375	
O1):-0.75	O2):36.737	
O1):-0.814	O2):44.98	
O1):-0.826	O2):46.062	
O1):-0.714	O2):33.427	
O1):-0.773	O2):38.914	
O1):-0.781	O2):42.198	
O1):-0.723	O2):33.863	
O1):-0.75	O2):36.737	
O1):-0.784	O2):40.481	
O1):-0.828	O2):50.014	
O1):-0.735	O2):35.835	
O1):-0.849	O2):50.663	
O1):-0.8	O2):44.072	
O1):-0.803	O2):44.752	
O1):-0.687	O2):30.47	
O1):-0.722	O2):33.692	
O1):-0.718	O2):34.049	
O1):-0.744	O2):35.462	
O1):-0.795	O2):43.232	
O1):-0.671	O2):29.337	
O1):-0.764	O2):38.487	
O1):-0.736	O2):35.195	
O1):-0.834	O2):49.884	
O1):-0.688	O2):31.228	
O1):-0.783	O2):40.108	
O1):-0.796	O2):41.167	
O1):-0.772	O2):38.839	
O1):-0.815	O2):45.431	
O1):-0.766	O2):37.527	
O1):-0.775	O2):39.148	
O1):-0.782	O2):39.968	
O1):-0.826	O2):46.214	
O1):-0.791	O2):40.854	
O1):-0.679	O2):30.082	
O1):-0.774	O2):39.104	
O1):-0.777	O2):39.635	
O1):-0.732	O2):35.039	
O1):-0.692	O2):33.282	
O1):-0.708	O2):33.595	
O1):-0.656	O2):30.187	
O1):-0.772	O2):38.839	
O1):-0.805	O2):45.224	
O1):-0.813	O2):45.141	
O1):-0.796	O2):41.167	
O1):-0.742	O2):34.608	
O1):-0.69	O2):31.299	
O1):-0.791	O2):40.481	
O1):-0.734	O2):34.9	
O1):-0.79	O2):40.419	
O1):-0.783	O2):40.93	
O1):-0.782	O2):39.955	
O1):-0.688	O2):30.495	
O1):-0.745	O2):35.074	
O1):-0.815	O2):45.431	
O1):-0.729	O2):34.635	
O1):-0.823	O2):45.74	
O1):-0.745	O2):35.199	
O1):-0.799	O2):43.99	
O1):-0.826	O2):46.783	
O1):-0.85	O2):50.752	
O1):-0.754	O2):38.448	
O1):-0.767	O2):38.992	
O1):-0.719	O2):33.465	
O1):-0.798	O2):44.298	
O1):-0.816	O2):45.233	
O1):-0.784	O2):40.481	
O1):-0.793	O2):40.876	
O1):-0.796	O2):41.335	
O1):-0.847	O2):50.725	
O1):-0.814	O2):45.337	
O1):-0.827	O2):46.233	
O1):-0.776	O2):39.358	
O1):-0.859	O2):55.937	
Evaluations:	2100
Starting PrismExecutor worker 1 on port 15071
O1):-0.772	O2):38.825	
O1):-0.792	O2):40.653	
Evaluations:	2500
Connected worker 1 to port 15071
O1):-0.733	O2):34.879	
O1):-0.709	O2):34.369	
O1):-0.778	O2):40.322	
O1):-0.774	O2):39.057	
O1):-0.797	O2):41.976	
O1):-0.826	O2):46.062	
O1):-0.747	O2):35.964	
O1):-0.796	O2):41.761	
O1):-0.721	O2):33.388	
O1):-0.661	O2):29.026	
O1):-0.773	O2):38.915	
O1):-0.793	O2):40.776	
O1):-0.732	O2):35.039	
O1):-0.723	O2):33.863	
O1):-0.766	O2):38.793	
O1):-0.685	O2):31.017	
O1):-0.798	O2):44.298	
O1):-0.749	O2):38.161	
O1):-0.728	O2):34.458	
O1):-0.723	O2):34.089	
O1):-0.824	O2):46.145	
O1):-0.684	O2):30.905	
O1):-0.802	O2):45.11	
O1):-0.782	O2):39.968	
O1):-0.8	O2):43.786	
O1):-0.774	O2):39.11	
O1):-0.733	O2):35.842	
O1):-0.825	O2):46.197	
O1):-0.806	O2):45.465	
O1):-0.657	O2):29.389	
O1):-0.668	O2):29.624	
O1):-0.845	O2):50.527	
O1):-0.688	O2):31.227	
O1):-0.725	O2):34.114	
O1):-0.826	O2):46.179	
O1):-0.847	O2):50.694	
O1):-0.777	O2):40.146	
O1):-0.773	O2):45.267	
O1):-0.774	O2):40.647	
O1):-0.83	O2):50.575	
O1):-0.724	O2):33.951	
O1):-0.721	O2):33.388	
O1):-0.708	O2):33.332	
O1):-0.746	O2):38.75	
O1):-0.713	O2):34.034	
O1):-0.796	O2):41.761	
O1):-0.724	O2):33.903	
O1):-0.774	O2):40.647	
O1):-0.766	O2):38.793	
O1):-0.722	O2):33.768	
O1):-0.798	O2):44.298	
O1):-0.756	O2):38.323	
O1):-0.797	O2):41.975	
O1):-0.767	O2):38.965	
O1):-0.749	O2):36.82	
O1):-0.806	O2):45.463	
O1):-0.825	O2):46.05	
O1):-0.709	O2):33.611	
O1):-0.826	O2):46.199	
O1):-0.826	O2):46.344	
O1):-0.68	O2):30.326	
O1):-0.797	O2):43.74	
O1):-0.797	O2):43.74	
O1):-0.795	O2):41.091	
O1):-0.797	O2):41.97	
O1):-0.723	O2):34.089	
O1):-0.744	O2):35.164	
O1):-0.779	O2):39.717	
O1):-0.744	O2):35.164	
O1):-0.741	O2):34.561	
O1):-0.795	O2):41.091	
O1):-0.773	O2):39.372	
O1):-0.686	O2):30.152	
O1):-0.793	O2):40.751	
O1):-0.793	O2):40.887	
O1):-0.793	O2):40.838	
O1):-0.853	O2):56.296	
O1):-0.828	O2):50.014	
O1):-0.773	O2):39.164	
O1):-0.816	O2):45.275	
O1):-0.658	O2):29.409	
O1):-0.732	O2):35.919	
O1):-0.736	O2):35.206	
O1):-0.794	O2):42.997	
O1):-0.791	O2):40.661	
O1):-0.747	O2):35.964	
O1):-0.795	O2):41.153	
O1):-0.743	O2):36.172	
O1):-0.745	O2):34.961	
O1):-0.802	O2):44.456	
O1):-0.845	O2):50.527	
O1):-0.727	O2):34.275	
O1):-0.782	O2):39.968	
O1):-0.771	O2):38.713	
O1):-0.764	O2):38.615	
O1):-0.792	O2):40.536	
O1):-0.666	O2):29.626	
O1):-0.743	O2):34.792	
O1):-0.671	O2):30.093	
O1):-0.772	O2):39.122	
O1):-0.795	O2):41.091	
O1):-0.8	O2):44.211	
O1):-0.846	O2):50.443	
O1):-0.804	O2):45.779	
O1):-0.773	O2):39.012	
O1):-0.776	O2):39.676	
O1):-0.724	O2):33.903	
O1):-0.815	O2):45.26	
O1):-0.766	O2):39.015	
O1):-0.782	O2):40.096	
O1):-0.817	O2):45.566	
O1):-0.685	O2):31.016	
O1):-0.746	O2):35.926	
O1):-0.773	O2):38.915	
O1):-0.816	O2):45.376	
O1):-0.771	O2):38.7	
O1):-0.803	O2):45.319	
O1):-0.761	O2):35.995	
O1):-0.776	O2):39.32	
O1):-0.711	O2):33.834	
O1):-0.84	O2):50.717	
O1):-0.762	O2):40.889	
O1):-0.724	O2):35.434	
O1):-0.828	O2):46.513	
O1):-0.849	O2):50.663	
O1):-0.846	O2):50.443	
O1):-0.706	O2):33.434	
O1):-0.796	O2):41.335	
O1):-0.778	O2):39.701	
O1):-0.746	O2):35.926	
O1):-0.776	O2):39.676	
O1):-0.814	O2):45.335	
O1):-0.705	O2):33.685	
O1):-0.826	O2):46.214	
O1):-0.696	O2):33.594	
O1):-0.692	O2):31.159	
O1):-0.766	O2):39.682	
O1):-0.729	O2):34.456	
O1):-0.688	O2):30.495	
O1):-0.761	O2):36.013	
O1):-0.848	O2):50.558	
O1):-0.713	O2):34.105	
O1):-0.739	O2):35.56	
O1):-0.683	O2):30.4	
O1):-0.685	O2):31.016	
O1):-0.684	O2):30.905	
O1):-0.71	O2):34.136	
O1):-0.793	O2):40.759	
O1):-0.763	O2):38.279	
O1):-0.801	O2):44.149	
O1):-0.745	O2):36.164	
O1):-0.672	O2):31.7	
O1):-0.779	O2):39.717	
O1):-0.813	O2):48.288	
O1):-0.791	O2):43.689	
O1):-0.845	O2):50.527	
O1):-0.775	O2):39.339	
O1):-0.774	O2):39.058	
O1):-0.776	O2):39.32	
O1):-0.721	O2):33.388	
O1):-0.801	O2):46.388	
O1):-0.721	O2):33.388	
O1):-0.793	O2):40.76	
O1):-0.777	O2):39.411	
O1):-0.674	O2):29.652	
O1):-0.757	O2):38.726	
O1):-0.78	O2):40.477	
O1):-0.663	O2):29.3	
O1):-0.709	O2):35.686	
O1):-0.703	O2):33.357	
O1):-0.729	O2):34.525	
O1):-0.744	O2):35.644	
O1):-0.795	O2):41.076	
O1):-0.775	O2):39.339	
O1):-0.796	O2):41.167	
O1):-0.779	O2):40.525	
O1):-0.794	O2):40.873	
O1):-0.802	O2):44.119	
O1):-0.664	O2):30.475	
O1):-0.672	O2):29.651	
O1):-0.764	O2):39.612	
Evaluations:	2200
O1):-0.792	O2):40.56	
O1):-0.745	O2):35.768	
O1):-0.729	O2):34.635	
O1):-0.702	O2):33.174	
O1):-0.683	O2):30.4	
O1):-0.801	O2):44.064	
O1):-0.863	O2):56.908	
O1):-0.826	O2):46.242	
O1):-0.758	O2):40.004	
O1):-0.826	O2):49.926	
O1):-0.769	O2):38.658	
O1):-0.656	O2):29.387	
O1):-0.791	O2):43.556	
O1):-0.703	O2):33.23	
O1):-0.683	O2):30.4	
O1):-0.726	O2):34.203	
O1):-0.686	O2):30.152	
O1):-0.685	O2):31.016	
O1):-0.772	O2):38.768	
O1):-0.769	O2):38.436	
O1):-0.816	O2):45.571	
O1):-0.825	O2):45.976	
O1):-0.766	O2):36.961	
O1):-0.728	O2):34.345	
O1):-0.817	O2):45.767	
O1):-0.742	O2):34.603	
O1):-0.724	O2):33.902	
O1):-0.731	O2):34.705	
O1):-0.849	O2):50.538	
O1):-0.778	O2):41.155	
O1):-0.725	O2):33.939	
O1):-0.791	O2):45.883	
O1):-0.722	O2):33.627	
O1):-0.688	O2):31.228	
Evaluations:	2300
Starting PrismExecutor worker 4 on port 15014
O1):-0.826	O2):49.853	
O1):-0.825	O2):45.937	
O1):-0.725	O2):34.189	
O1):-0.822	O2):45.481	
Connected worker 4 to port 15014
O1):-0.798	O2):43.911	
O1):-0.704	O2):33.509	
O1):-0.803	O2):44.973	
O1):-0.687	O2):30.469	
O1):-0.798	O2):43.476	
O1):-0.715	O2):33.651	
O1):-0.711	O2):33.834	
O1):-0.748	O2):37.811	
O1):-0.779	O2):39.717	
O1):-0.816	O2):45.277	
O1):-0.764	O2):38.487	
O1):-0.779	O2):39.795	
O1):-0.699	O2):35.234	
O1):-0.764	O2):38.487	
O1):-0.806	O2):45.365	
O1):-0.767	O2):38.965	
O1):-0.747	O2):37.703	
O1):-0.847	O2):50.692	
O1):-0.791	O2):40.613	
O1):-0.825	O2):45.937	
O1):-0.795	O2):43.311	
O1):-0.803	O2):45.114	
O1):-0.752	O2):37.023	
O1):-0.797	O2):44.097	
O1):-0.777	O2):39.41	
O1):-0.795	O2):43.14	
O1):-0.706	O2):33.434	
O1):-0.792	O2):40.56	
O1):-0.8	O2):43.969	
O1):-0.799	O2):43.847	
O1):-0.794	O2):40.818	
O1):-0.723	O2):34.272	
O1):-0.835	O2):50.953	
O1):-0.794	O2):40.818	
O1):-0.833	O2):50.357	
O1):-0.778	O2):40.403	
O1):-0.747	O2):35.504	
O1):-0.777	O2):39.475	
O1):-0.734	O2):35.182	
O1):-0.824	O2):45.755	
O1):-0.803	O2):44.973	
O1):-0.833	O2):50.357	
O1):-0.775	O2):39.212	
O1):-0.73	O2):34.825	
O1):-0.853	O2):51.274	
O1):-0.851	O2):51.244	
O1):-0.833	O2):50.357	
O1):-0.747	O2):36.149	
O1):-0.846	O2):50.443	
O1):-0.763	O2):38.399	
O1):-0.794	O2):45.676	
O1):-0.653	O2):29.501	
O1):-0.708	O2):34.637	
O1):-0.794	O2):40.873	
O1):-0.691	O2):30.704	
O1):-0.773	O2):39.169	
O1):-0.834	O2):50.78	
O1):-0.771	O2):42.188	
O1):-0.782	O2):40.054	
O1):-0.776	O2):39.407	
O1):-0.744	O2):35.119	
O1):-0.774	O2):39.104	
O1):-0.847	O2):50.826	
O1):-0.669	O2):29.05	
O1):-0.835	O2):50.953	
O1):-0.806	O2):45.463	
O1):-0.797	O2):41.829	
O1):-0.799	O2):43.88	
O1):-0.73	O2):34.537	
O1):-0.773	O2):39.372	
O1):-0.732	O2):34.821	
O1):-0.772	O2):38.854	
O1):-0.805	O2):45.365	
O1):-0.782	O2):39.968	
O1):-0.786	O2):43.038	
O1):-0.828	O2):50.014	
O1):-0.772	O2):38.83	
O1):-0.794	O2):40.818	
O1):-0.653	O2):29.088	
O1):-0.801	O2):45.092	
O1):-0.775	O2):39.146	
Evaluations:	2600
O1):-0.746	O2):36.349	
O1):-0.847	O2):50.692	
O1):-0.833	O2):50.357	
O1):-0.73	O2):34.675	
O1):-0.738	O2):35.456	
O1):-0.718	O2):33.369	
O1):-0.803	O2):44.752	
O1):-0.706	O2):33.642	
O1):-0.824	O2):46.094	
O1):-0.725	O2):34.139	
O1):-0.728	O2):34.3	
O1):-0.833	O2):50.232	
O1):-0.862	O2):56.595	
O1):-0.709	O2):34.957	
O1):-0.818	O2):45.573	
O1):-0.796	O2):41.761	
O1):-0.657	O2):29.389	
Evaluations:	2400
O1):-0.763	O2):36.554	
O1):-0.707	O2):33.441	
O1):-0.783	O2):40.053	
O1):-0.718	O2):33.369	
O1):-0.762	O2):36.232	
O1):-0.788	O2):40.162	
O1):-0.792	O2):43.907	
O1):-0.683	O2):34.739	
O1):-0.805	O2):45.365	
O1):-0.741	O2):35.929	
O1):-0.669	O2):29.617	
O1):-0.829	O2):47.023	
O1):-0.82	O2):46.814	
O1):-0.668	O2):29.646	
Starting PrismExecutor worker 2 on port 15072
O1):-0.793	O2):40.776	
Connected worker 2 to port 15072
O1):-0.746	O2):39.211	
O1):-0.708	O2):33.332	
O1):-0.731	O2):35.324	
O1):-0.751	O2):36.917	
O1):-0.85	O2):50.654	
O1):-0.826	O2):46.062	
O1):-0.722	O2):33.768	
O1):-0.724	O2):33.912	
O1):-0.777	O2):39.475	
O1):-0.788	O2):40.162	
Evaluations:	2300
O1):-0.798	O2):44.203	
O1):-0.825	O2):45.937	
O1):-0.72	O2):34.394	
O1):-0.764	O2):38.405	
O1):-0.826	O2):49.926	
O1):-0.764	O2):38.405	
O1):-0.797	O2):41.97	
O1):-0.737	O2):34.852	
O1):-0.777	O2):39.412	
O1):-0.831	O2):50.11	
O1):-0.713	O2):33.349	
O1):-0.755	O2):38.229	
O1):-0.779	O2):39.778	
O1):-0.832	O2):50.247	
O1):-0.783	O2):40.108	
O1):-0.683	O2):30.4	
O1):-0.826	O2):46.179	
O1):-0.782	O2):39.955	
O1):-0.717	O2):35.79	
O1):-0.777	O2):39.412	
O1):-0.796	O2):41.198	
O1):-0.771	O2):40.634	
O1):-0.742	O2):35.163	
O1):-0.801	O2):43.913	
O1):-0.737	O2):35.446	
O1):-0.792	O2):40.568	
O1):-0.72	O2):35.49	
O1):-0.668	O2):29.646	
O1):-0.776	O2):39.772	
O1):-0.828	O2):46.513	
O1):-0.824	O2):45.94	
O1):-0.817	O2):45.901	
O1):-0.816	O2):45.431	
O1):-0.703	O2):33.23	
O1):-0.823	O2):45.752	
O1):-0.777	O2):39.58	
O1):-0.777	O2):40.736	
O1):-0.847	O2):50.725	
O1):-0.763	O2):38.376	
O1):-0.763	O2):36.539	
O1):-0.78	O2):40.681	
O1):-0.774	O2):39.057	
O1):-0.823	O2):45.753	
O1):-0.828	O2):46.513	
O1):-0.773	O2):39.024	
O1):-0.661	O2):29.072	
O1):-0.773	O2):39.041	
O1):-0.794	O2):40.934	
O1):-0.797	O2):41.97	
O1):-0.815	O2):45.26	
O1):-0.763	O2):38.278	
Evaluations:	2400
O1):-0.79	O2):40.265	
O1):-0.795	O2):41.076	
O1):-0.784	O2):42.971	
O1):-0.754	O2):38.448	
O1):-0.763	O2):38.399	
O1):-0.712	O2):33.872	
O1):-0.792	O2):40.568	
O1):-0.825	O2):46.061	
O1):-0.853	O2):51.831	
O1):-0.706	O2):33.434	
O1):-0.775	O2):39.146	
O1):-0.712	O2):33.872	
O1):-0.724	O2):34.114	
O1):-0.768	O2):40.155	
O1):-0.853	O2):56.296	
O1):-0.664	O2):30.368	
O1):-0.703	O2):33.316	
O1):-0.815	O2):45.522	
O1):-0.765	O2):37.464	
O1):-0.849	O2):50.895	
O1):-0.707	O2):33.647	
O1):-0.738	O2):35.456	
O1):-0.737	O2):34.852	
O1):-0.674	O2):29.624	
O1):-0.829	O2):47.023	
O1):-0.793	O2):40.831	
O1):-0.763	O2):36.554	
O1):-0.658	O2):29.409	
O1):-0.649	O2):29.304	
O1):-0.825	O2):46.061	
O1):-0.736	O2):35.461	
O1):-0.77	O2):38.707	
O1):-0.797	O2):43.705	
O1):-0.766	O2):38.793	
Evaluations:	2000
O1):-0.778	O2):39.701	
O1):-0.801	O2):44.149	
O1):-0.773	O2):39.021	
O1):-0.755	O2):38.229	
O1):-0.834	O2):50.457	
O1):-0.793	O2):40.744	
O1):-0.669	O2):29.082	
O1):-0.823	O2):45.699	
O1):-0.805	O2):45.641	
O1):-0.824	O2):45.755	
O1):-0.793	O2):40.776	
O1):-0.795	O2):43.403	
O1):-0.798	O2):42.095	
O1):-0.773	O2):39.036	
O1):-0.671	O2):29.341	
O1):-0.786	O2):43.038	
O1):-0.746	O2):35.975	
O1):-0.776	O2):39.434	
O1):-0.791	O2):40.473	
O1):-0.709	O2):33.953	
O1):-0.801	O2):44.16	
O1):-0.767	O2):38.763	
O1):-0.74	O2):35.692	
O1):-0.79	O2):40.403	
O1):-0.78	O2):42.919	
O1):-0.776	O2):39.32	
O1):-0.726	O2):34.203	
O1):-0.846	O2):50.639	
O1):-0.745	O2):34.961	
O1):-0.767	O2):37.599	
O1):-0.772	O2):38.804	
O1):-0.77	O2):38.442	
O1):-0.798	O2):44.298	
O1):-0.766	O2):38.793	
O1):-0.763	O2):38.463	
O1):-0.792	O2):40.52	
O1):-0.771	O2):38.569	
O1):-0.798	O2):42.095	
O1):-0.764	O2):36.667	
O1):-0.69	O2):31.299	
O1):-0.836	O2):50.995	
O1):-0.766	O2):38.793	
O1):-0.654	O2):29.538	
O1):-0.802	O2):44.794	
O1):-0.772	O2):38.752	
O1):-0.703	O2):33.405	
O1):-0.766	O2):37.527	
O1):-0.792	O2):40.861	
O1):-0.691	O2):30.704	
O1):-0.796	O2):43.365	
O1):-0.724	O2):33.912	
O1):-0.826	O2):46.186	
O1):-0.749	O2):35.435	
O1):-0.799	O2):43.703	
O1):-0.712	O2):35.258	
O1):-0.793	O2):40.706	
O1):-0.791	O2):43.556	
O1):-0.826	O2):46.344	
O1):-0.702	O2):33.174	
O1):-0.773	O2):39.022	
O1):-0.656	O2):30.187	
O1):-0.79	O2):40.25	
O1):-0.657	O2):29.389	
O1):-0.787	O2):43.174	
O1):-0.733	O2):34.801	
O1):-0.673	O2):29.671	
O1):-0.772	O2):38.755	
O1):-0.656	O2):29.394	
O1):-0.795	O2):41.614	
O1):-0.757	O2):36.371	
O1):-0.71	O2):35.137	
O1):-0.846	O2):50.443	
O1):-0.687	O2):31.166	
Starting PrismExecutor worker 0 on port 15070
O1):-0.846	O2):50.639	
O1):-0.79	O2):40.403	
Connected worker 0 to port 15070
O1):-0.748	O2):36.865	
O1):-0.814	O2):44.969	
O1):-0.743	O2):34.837	
O1):-0.767	O2):37.599	
O1):-0.777	O2):39.819	
O1):-0.742	O2):35.326	
O1):-0.747	O2):35.958	
O1):-0.793	O2):40.759	
O1):-0.729	O2):34.456	
O1):-0.826	O2):49.926	
O1):-0.763	O2):40.286	
O1):-0.791	O2):40.854	
O1):-0.718	O2):35.299	
O1):-0.827	O2):46.696	
O1):-0.773	O2):39.372	
O1):-0.731	O2):34.824	
O1):-0.796	O2):41.156	
O1):-0.688	O2):31.066	
O1):-0.764	O2):38.487	
O1):-0.745	O2):35.648	
O1):-0.727	O2):34.382	
O1):-0.782	O2):39.968	
O1):-0.85	O2):51.339	
O1):-0.742	O2):34.603	
O1):-0.774	O2):42.776	
O1):-0.845	O2):50.485	
O1):-0.777	O2):40.04	
O1):-0.797	O2):43.705	
O1):-0.791	O2):40.481	
O1):-0.775	O2):40.112	
O1):-0.791	O2):40.481	
O1):-0.824	O2):45.755	
O1):-0.725	O2):33.938	
O1):-0.773	O2):39.017	
O1):-0.767	O2):40.653	
O1):-0.789	O2):40.146	
O1):-0.668	O2):29.648	
O1):-0.794	O2):40.943	
O1):-0.683	O2):34.739	
O1):-0.846	O2):50.443	
O1):-0.771	O2):38.7	
O1):-0.707	O2):33.44	
O1):-0.666	O2):29.593	
O1):-0.824	O2):46.154	
O1):-0.725	O2):34.575	
O1):-0.763	O2):36.419	
O1):-0.747	O2):37.703	
O1):-0.822	O2):45.48	
O1):-0.846	O2):50.639	
O1):-0.761	O2):40.567	
O1):-0.714	O2):34.309	
O1):-0.689	O2):30.504	
O1):-0.826	O2):49.856	
O1):-0.794	O2):40.873	
O1):-0.734	O2):35.002	
O1):-0.815	O2):45.431	
O1):-0.847	O2):50.826	
O1):-0.719	O2):37.363	
O1):-0.791	O2):40.613	
O1):-0.763	O2):36.554	
O1):-0.796	O2):41.156	
O1):-0.772	O2):38.752	
O1):-0.702	O2):33.174	
O1):-0.657	O2):29.389	
O1):-0.731	O2):34.042	
O1):-0.849	O2):50.538	
O1):-0.788	O2):40.114	
O1):-0.669	O2):29.05	
O1):-0.735	O2):35.088	
O1):-0.713	O2):33.349	
O1):-0.826	O2):46.179	
O1):-0.777	O2):39.41	
O1):-0.792	O2):40.504	
O1):-0.803	O2):44.752	
O1):-0.833	O2):50.231	
O1):-0.778	O2):41.145	
O1):-0.837	O2):50.09	
O1):-0.777	O2):39.718	
O1):-0.771	O2):38.7	
O1):-0.849	O2):50.895	
O1):-0.745	O2):35.199	
O1):-0.809	O2):46.236	
O1):-0.735	O2):34.32	
O1):-0.727	O2):34.302	
O1):-0.723	O2):34.089	
O1):-0.79	O2):40.265	
O1):-0.763	O2):38.376	
O1):-0.854	O2):59.622	
O1):-0.795	O2):41.091	
O1):-0.776	O2):39.47	
O1):-0.745	O2):35.199	
O1):-0.77	O2):38.711	
O1):-0.742	O2):38.488	
O1):-0.723	O2):34.242	
O1):-0.848	O2):50.44	
O1):-0.798	O2):43.72	
O1):-0.834	O2):50.342	
O1):-0.825	O2):51.002	
O1):-0.709	O2):35.642	
O1):-0.75	O2):36.727	
O1):-0.84	O2):50.717	
O1):-0.793	O2):40.858	
O1):-0.761	O2):40.453	
O1):-0.797	O2):41.83	
O1):-0.666	O2):29.626	
O1):-0.849	O2):50.663	
O1):-0.81	O2):46.097	
O1):-0.775	O2):39.148	
O1):-0.724	O2):33.912	
O1):-0.849	O2):50.663	
O1):-0.761	O2):36.083	
O1):-0.729	O2):34.578	
O1):-0.776	O2):39.32	
O1):-0.826	O2):46.297	
O1):-0.723	O2):34.272	
O1):-0.794	O2):40.825	
O1):-0.723	O2):34.015	
O1):-0.85	O2):51.085	
O1):-0.721	O2):34.439	
O1):-0.854	O2):59.622	
O1):-0.685	O2):30.391	
O1):-0.788	O2):39.966	
O1):-0.765	O2):37.464	
O1):-0.784	O2):40.482	
O1):-0.722	O2):33.666	
O1):-0.812	O2):46.551	
O1):-0.764	O2):38.487	
O1):-0.809	O2):45.937	
O1):-0.776	O2):39.32	
O1):-0.702	O2):33.174	
O1):-0.846	O2):50.639	
O1):-0.861	O2):56.253	
O1):-0.826	O2):46.571	
O1):-0.772	O2):38.836	
O1):-0.762	O2):38.271	
O1):-0.755	O2):38.229	
O1):-0.776	O2):39.318	
O1):-0.73	O2):34.896	
O1):-0.827	O2):50.033	
O1):-0.783	O2):40.125	
O1):-0.777	O2):39.638	
O1):-0.763	O2):38.706	
O1):-0.792	O2):40.536	
O1):-0.796	O2):43.236	
O1):-0.726	O2):34.188	
O1):-0.821	O2):45.569	
O1):-0.706	O2):35.242	
O1):-0.73	O2):34.675	
O1):-0.765	O2):37.464	
O1):-0.795	O2):41.12	
Evaluations:	2600
O1):-0.707	O2):33.251	
O1):-0.792	O2):40.575	
O1):-0.772	O2):38.755	
O1):-0.745	O2):35.768	
O1):-0.813	O2):45.288	
O1):-0.676	O2):29.803	
O1):-0.784	O2):40.391	
O1):-0.724	O2):33.878	
O1):-0.791	O2):40.49	
O1):-0.688	O2):31.065	
O1):-0.74	O2):35.802	
O1):-0.803	O2):44.973	
O1):-0.86	O2):56.448	
O1):-0.796	O2):41.17	
O1):-0.727	O2):34.362	
O1):-0.763	O2):38.399	
O1):-0.656	O2):29.387	
Starting PrismExecutor worker 3 on port 15073
O1):-0.867	O2):55.844	
O1):-0.713	O2):33.349	
Connected worker 3 to port 15073
O1):-0.749	O2):37.943	
O1):-0.821	O2):45.717	
O1):-0.666	O2):29.593	
O1):-0.763	O2):38.399	
O1):-0.671	O2):29.337	
O1):-0.794	O2):40.885	
O1):-0.792	O2):40.747	
O1):-0.863	O2):56.908	
O1):-0.726	O2):34.188	
O1):-0.673	O2):29.629	
O1):-0.771	O2):38.624	
O1):-0.702	O2):33.156	
O1):-0.741	O2):34.561	
O1):-0.713	O2):33.349	
O1):-0.743	O2):35.461	
O1):-0.779	O2):39.936	
O1):-0.806	O2):45.463	
O1):-0.725	O2):34.111	
O1):-0.797	O2):43.745	
O1):-0.802	O2):44.794	
O1):-0.777	O2):39.718	
O1):-0.826	O2):46.297	
O1):-0.823	O2):45.699	
O1):-0.825	O2):46.215	
O1):-0.817	O2):45.566	
O1):-0.788	O2):40.114	
O1):-0.805	O2):45.365	
O1):-0.821	O2):45.64	
O1):-0.746	O2):35.926	
O1):-0.804	O2):45.138	
O1):-0.745	O2):35.768	
O1):-0.827	O2):46.692	
O1):-0.809	O2):50.425	
O1):-0.793	O2):40.869	
O1):-0.774	O2):39.057	
O1):-0.784	O2):40.481	
O1):-0.817	O2):45.774	
O1):-0.729	O2):35.281	
O1):-0.792	O2):43.907	
O1):-0.763	O2):38.278	
O1):-0.776	O2):39.32	
O1):-0.8	O2):44.211	
O1):-0.729	O2):34.635	
O1):-0.749	O2):37.947	
O1):-0.713	O2):34.651	
O1):-0.82	O2):45.64	
O1):-0.848	O2):50.6	
O1):-0.826	O2):46.149	
O1):-0.764	O2):36.667	
O1):-0.776	O2):39.303	
O1):-0.774	O2):39.057	
O1):-0.7	O2):33.229	
O1):-0.729	O2):34.678	
O1):-0.825	O2):45.976	
O1):-0.719	O2):33.729	
O1):-0.718	O2):34.16	
O1):-0.692	O2):31.159	
O1):-0.72	O2):35.49	
O1):-0.793	O2):40.838	
O1):-0.703	O2):33.23	
O1):-0.686	O2):32.93	
O1):-0.849	O2):50.895	
O1):-0.797	O2):43.705	
O1):-0.72	O2):39.455	
O1):-0.757	O2):36.371	
O1):-0.727	O2):34.447	
O1):-0.801	O2):44.276	
O1):-0.85	O2):50.654	
O1):-0.702	O2):33.156	
O1):-0.79	O2):40.299	
O1):-0.657	O2):29.389	
O1):-0.827	O2):46.68	
O1):-0.825	O2):46.043	
O1):-0.791	O2):40.481	
O1):-0.761	O2):35.995	
O1):-0.829	O2):50.205	
O1):-0.795	O2):43.428	
O1):-0.708	O2):33.332	
O1):-0.821	O2):45.569	
O1):-0.796	O2):41.198	
O1):-0.69	O2):31.299	
O1):-0.766	O2):38.793	
O1):-0.749	O2):37.603	
O1):-0.798	O2):44.298	
O1):-0.848	O2):50.571	
O1):-0.766	O2):38.861	
O1):-0.799	O2):44.571	
O1):-0.655	O2):29.907	
O1):-0.777	O2):39.41	
O1):-0.775	O2):39.305	
O1):-0.847	O2):50.725	
O1):-0.774	O2):39.066	
O1):-0.691	O2):30.704	
O1):-0.821	O2):45.717	
O1):-0.798	O2):41.879	
O1):-0.79	O2):40.265	
O1):-0.847	O2):50.432	
O1):-0.853	O2):51.274	
O1):-0.801	O2):44.149	
O1):-0.655	O2):29.907	
O1):-0.785	O2):40.487	
O1):-0.739	O2):35.56	
O1):-0.771	O2):38.609	
O1):-0.673	O2):30.853	
O1):-0.852	O2):51.153	
O1):-0.668	O2):29.646	
O1):-0.797	O2):42.596	
O1):-0.792	O2):40.55	
O1):-0.743	O2):34.856	
O1):-0.688	O2):31.068	
O1):-0.712	O2):33.872	
O1):-0.853	O2):56.296	
O1):-0.749	O2):37.622	
O1):-0.768	O2):38.442	
O1):-0.672	O2):30.728	
O1):-0.789	O2):40.513	
O1):-0.771	O2):40.484	
O1):-0.791	O2):40.53	
O1):-0.669	O2):29.617	
O1):-0.736	O2):35.275	
O1):-0.745	O2):38.608	
O1):-0.803	O2):45.012	
O1):-0.742	O2):35.273	
O1):-0.849	O2):50.971	
O1):-0.791	O2):40.613	
O1):-0.797	O2):43.705	
O1):-0.846	O2):50.639	
O1):-0.701	O2):33.307	
O1):-0.747	O2):36.021	
O1):-0.798	O2):43.72	
O1):-0.764	O2):38.615	
O1):-0.847	O2):50.725	
O1):-0.734	O2):34.9	
O1):-0.747	O2):35.384	
O1):-0.777	O2):39.725	
O1):-0.761	O2):36.013	
O1):-0.832	O2):50.219	
O1):-0.744	O2):34.919	
O1):-0.745	O2):35.648	
O1):-0.779	O2):39.717	
O1):-0.707	O2):33.251	
O1):-0.783	O2):40.052	
O1):-0.797	O2):44.097	
O1):-0.735	O2):34.32	
O1):-0.816	O2):45.276	
O1):-0.802	O2):44.851	
O1):-0.841	O2):50.77	
O1):-0.721	O2):33.388	
O1):-0.823	O2):45.752	
O1):-0.772	O2):40.789	
O1):-0.818	O2):45.573	
O1):-0.776	O2):39.348	
O1):-0.649	O2):29.304	
O1):-0.822	O2):45.697	
O1):-0.767	O2):38.406	
O1):-0.73	O2):35.457	
O1):-0.669	O2):29.617	
O1):-0.747	O2):37.703	
O1):-0.734	O2):34.9	
O1):-0.776	O2):39.772	
O1):-0.721	O2):33.388	
O1):-0.793	O2):40.773	
O1):-0.692	O2):31.159	
O1):-0.797	O2):44.097	
O1):-0.826	O2):46.213	
O1):-0.713	O2):33.349	
O1):-0.828	O2):50.014	
O1):-0.711	O2):33.834	
O1):-0.772	O2):38.936	
O1):-0.663	O2):29.3	
O1):-0.771	O2):38.7	
O1):-0.82	O2):45.631	
O1):-0.702	O2):33.156	
O1):-0.793	O2):40.773	
O1):-0.764	O2):38.732	
O1):-0.773	O2):39.022	
O1):-0.832	O2):50.219	
Starting PrismExecutor worker 4 on port 15064
Connected worker 4 to port 15064
O1):-0.827	O2):46.266	
O1):-0.777	O2):39.58	
O1):-0.799	O2):43.847	
O1):-0.686	O2):32.93	
O1):-0.805	O2):45.224	
O1):-0.823	O2):45.753	
O1):-0.671	O2):29.337	
O1):-0.747	O2):35.459	
O1):-0.761	O2):36.013	
O1):-0.824	O2):45.937	
O1):-0.712	O2):33.872	
O1):-0.747	O2):38.079	
O1):-0.774	O2):40.47	
O1):-0.792	O2):40.56	
O1):-0.853	O2):51.473	
O1):-0.692	O2):31.159	
O1):-0.655	O2):29.907	
O1):-0.772	O2):38.91	
O1):-0.813	O2):48.551	
O1):-0.795	O2):41.12	
O1):-0.741	O2):35.127	
O1):-0.774	O2):39.058	
O1):-0.803	O2):44.973	
O1):-0.824	O2):45.94	
O1):-0.797	O2):43.748	
O1):-0.805	O2):44.87	
O1):-0.746	O2):35.926	
O1):-0.793	O2):43.245	
O1):-0.779	O2):39.936	
O1):-0.776	O2):39.32	
O1):-0.828	O2):46.709	
O1):-0.826	O2):46.344	
O1):-0.788	O2):40.116	
O1):-0.668	O2):29.646	
O1):-0.748	O2):36.057	
O1):-0.745	O2):35.199	
O1):-0.824	O2):45.906	
O1):-0.777	O2):40.186	
O1):-0.743	O2):34.792	
O1):-0.834	O2):50.342	
O1):-0.804	O2):45.22	
O1):-0.739	O2):35.56	
O1):-0.776	O2):39.47	
O1):-0.776	O2):39.348	
O1):-0.745	O2):35.199	
O1):-0.802	O2):44.794	
O1):-0.726	O2):34.188	
O1):-0.813	O2):45.288	
O1):-0.802	O2):45.113	
O1):-0.793	O2):40.743	
O1):-0.827	O2):46.233	
O1):-0.793	O2):43.133	
O1):-0.776	O2):44.317	
O1):-0.749	O2):38.161	
O1):-0.707	O2):33.251	
O1):-0.745	O2):35.074	
O1):-0.666	O2):29.593	
O1):-0.834	O2):49.884	
O1):-0.802	O2):45.731	
O1):-0.743	O2):34.792	
O1):-0.827	O2):46.226	
O1):-0.788	O2):40.114	
O1):-0.774	O2):39.21	
O1):-0.828	O2):46.709	
O1):-0.795	O2):43.14	
O1):-0.825	O2):46.061	
O1):-0.797	O2):41.975	
O1):-0.776	O2):39.32	
O1):-0.778	O2):39.755	
O1):-0.774	O2):38.942	
O1):-0.826	O2):46.279	
O1):-0.712	O2):33.425	
O1):-0.724	O2):33.878	
O1):-0.725	O2):33.938	
O1):-0.721	O2):36.067	
O1):-0.76	O2):40.462	
O1):-0.729	O2):34.678	
O1):-0.747	O2):36.021	
O1):-0.723	O2):34.089	
O1):-0.815	O2):45.388	
Evaluations:	2600
O1):-0.822	O2):45.796	
O1):-0.747	O2):36.149	
O1):-0.773	O2):39.021	
O1):-0.671	O2):30.095	
O1):-0.789	O2):40.093	
O1):-0.729	O2):34.635	
O1):-0.724	O2):34.101	
O1):-0.767	O2):37.599	
O1):-0.824	O2):45.937	
O1):-0.79	O2):40.419	
O1):-0.772	O2):38.752	
O1):-0.814	O2):44.969	
O1):-0.772	O2):38.674	
O1):-0.795	O2):41.135	
O1):-0.796	O2):43.218	
O1):-0.749	O2):38.161	
O1):-0.727	O2):34.362	
O1):-0.774	O2):39.058	
O1):-0.815	O2):45.444	
O1):-0.826	O2):46.179	
O1):-0.727	O2):34.383	
O1):-0.731	O2):34.053	
O1):-0.774	O2):39.081	
O1):-0.765	O2):39.876	
O1):-0.851	O2):51.325	
O1):-0.826	O2):46.188	
O1):-0.761	O2):39.923	
O1):-0.795	O2):41.035	
O1):-0.666	O2):29.593	
O1):-0.8	O2):44.072	
O1):-0.712	O2):33.872	
O1):-0.672	O2):29.651	
O1):-0.85	O2):51.085	
O1):-0.794	O2):41.375	
O1):-0.725	O2):34.104	
O1):-0.79	O2):40.419	
O1):-0.793	O2):41.552	
O1):-0.771	O2):38.609	
O1):-0.771	O2):38.7	
O1):-0.816	O2):45.744	
O1):-0.666	O2):29.626	
O1):-0.825	O2):46.005	
O1):-0.794	O2):41.375	
O1):-0.764	O2):38.451	
O1):-0.774	O2):39.104	
O1):-0.745	O2):36.4	
O1):-0.849	O2):50.663	
Evaluations:	2200
O1):-0.794	O2):40.853	
O1):-0.776	O2):40.067	
O1):-0.714	O2):33.448	
O1):-0.823	O2):45.998	
O1):-0.848	O2):50.662	
O1):-0.777	O2):39.41	
O1):-0.798	O2):41.879	
O1):-0.701	O2):33.307	
O1):-0.822	O2):45.633	
O1):-0.687	O2):30.469	
O1):-0.792	O2):40.52	
O1):-0.779	O2):39.717	
O1):-0.773	O2):38.914	
O1):-0.678	O2):30.018	
O1):-0.793	O2):40.838	
O1):-0.709	O2):33.611	
O1):-0.684	O2):30.905	
O1):-0.706	O2):33.434	
O1):-0.718	O2):35.207	
O1):-0.777	O2):39.475	
O1):-0.793	O2):40.773	
O1):-0.792	O2):40.536	
O1):-0.684	O2):30.905	
O1):-0.69	O2):31.299	
O1):-0.776	O2):39.434	
O1):-0.795	O2):43.1	
O1):-0.715	O2):33.651	
O1):-0.709	O2):35.702	
O1):-0.797	O2):41.97	
O1):-0.791	O2):40.49	
O1):-0.823	O2):45.761	
O1):-0.671	O2):30.093	
O1):-0.689	O2):30.504	
O1):-0.828	O2):46.513	
O1):-0.685	O2):30.391	
O1):-0.826	O2):46.571	
O1):-0.796	O2):43.194	
O1):-0.762	O2):38.271	
O1):-0.773	O2):39.005	
O1):-0.715	O2):33.651	
Starting PrismExecutor worker 5 on port 15065
Connected worker 5 to port 15065
O1):-0.796	O2):41.167	
O1):-0.764	O2):37.166	
O1):-0.712	O2):33.269	
O1):-0.774	O2):39.058	
O1):-0.833	O2):50.232	
O1):-0.744	O2):35.462	
O1):-0.853	O2):51.831	
O1):-0.657	O2):29.389	
O1):-0.825	O2):51.002	
O1):-0.792	O2):40.721	
O1):-0.818	O2):45.573	
O1):-0.777	O2):40.186	
O1):-0.774	O2):39.058	
O1):-0.806	O2):45.463	
O1):-0.797	O2):43.722	
O1):-0.766	O2):38.793	
O1):-0.729	O2):34.678	
O1):-0.772	O2):38.899	
O1):-0.82	O2):45.64	
O1):-0.8	O2):43.841	
O1):-0.763	O2):36.539	
O1):-0.724	O2):33.912	
O1):-0.783	O2):40.108	
O1):-0.764	O2):38.737	
O1):-0.84	O2):50.717	
O1):-0.732	O2):35.354	
O1):-0.795	O2):41.153	
O1):-0.824	O2):45.954	
O1):-0.802	O2):44.851	
O1):-0.689	O2):30.504	
O1):-0.796	O2):41.616	
O1):-0.799	O2):43.989	
O1):-0.792	O2):40.504	
O1):-0.818	O2):45.573	
O1):-0.796	O2):41.156	
O1):-0.793	O2):44.93	
O1):-0.774	O2):39.066	
O1):-0.776	O2):39.32	
O1):-0.688	O2):31.065	
O1):-0.844	O2):51.347	
O1):-0.802	O2):44.794	
O1):-0.804	O2):45.14	
O1):-0.795	O2):41.12	
O1):-0.75	O2):36.737	
O1):-0.771	O2):38.624	
O1):-0.824	O2):45.755	
O1):-0.803	O2):45.114	
O1):-0.79	O2):40.403	
O1):-0.776	O2):39.318	
O1):-0.801	O2):43.913	
O1):-0.799	O2):44.569	
O1):-0.827	O2):46.692	
O1):-0.826	O2):46.179	
O1):-0.801	O2):44.037	
O1):-0.744	O2):35.13	
O1):-0.777	O2):39.718	
O1):-0.686	O2):32.93	
O1):-0.727	O2):34.302	
O1):-0.661	O2):29.026	
O1):-0.792	O2):40.729	
O1):-0.765	O2):38.766	
O1):-0.675	O2):31.549	
O1):-0.849	O2):50.868	
O1):-0.824	O2):45.937	
O1):-0.793	O2):40.773	
O1):-0.825	O2):46.043	
O1):-0.73	O2):35.012	
O1):-0.66	O2):29.384	
O1):-0.754	O2):38.491	
O1):-0.836	O2):50.995	
O1):-0.773	O2):38.911	
O1):-0.711	O2):33.834	
O1):-0.772	O2):38.836	
O1):-0.657	O2):29.399	
O1):-0.74	O2):38.028	
O1):-0.741	O2):34.561	
O1):-0.792	O2):40.557	
O1):-0.776	O2):39.47	
O1):-0.766	O2):37.527	
O1):-0.756	O2):38.323	
O1):-0.747	O2):36.021	
O1):-0.774	O2):39.112	
O1):-0.828	O2):50.211	
O1):-0.723	O2):34.089	
O1):-0.683	O2):30.4	
O1):-0.775	O2):39.407	
O1):-0.823	O2):45.646	
O1):-0.825	O2):45.937	
O1):-0.779	O2):39.74	
O1):-0.776	O2):39.47	
O1):-0.793	O2):40.759	
O1):-0.797	O2):44.097	
O1):-0.824	O2):45.784	
O1):-0.847	O2):50.73	
O1):-0.766	O2):38.793	
O1):-0.691	O2):30.704	
O1):-0.836	O2):49.943	
O1):-0.671	O2):30.093	
O1):-0.779	O2):39.936	
O1):-0.801	O2):44.15	
O1):-0.685	O2):31.016	
O1):-0.824	O2):45.94	
O1):-0.818	O2):45.562	
O1):-0.826	O2):46.572	
O1):-0.779	O2):39.778	
O1):-0.674	O2):29.652	
O1):-0.742	O2):36.212	
O1):-0.823	O2):45.699	
O1):-0.685	O2):30.391	
O1):-0.731	O2):34.052	
O1):-0.774	O2):39.392	
O1):-0.802	O2):44.927	
O1):-0.763	O2):41.319	
O1):-0.824	O2):45.995	
O1):-0.771	O2):38.722	
O1):-0.736	O2):34.853	
O1):-0.773	O2):44.354	
O1):-0.807	O2):45.198	
O1):-0.784	O2):40.481	
O1):-0.697	O2):35.819	
O1):-0.775	O2):39.309	
O1):-0.669	O2):29.05	
O1):-0.69	O2):31.299	
O1):-0.671	O2):30.093	
O1):-0.685	O2):31.016	
O1):-0.824	O2):45.954	
O1):-0.655	O2):29.907	
O1):-0.772	O2):40.502	
O1):-0.732	O2):35.039	
O1):-0.861	O2):56.253	
O1):-0.735	O2):34.32	
O1):-0.772	O2):38.752	
O1):-0.795	O2):41.091	
O1):-0.828	O2):49.787	
O1):-0.792	O2):40.659	
O1):-0.736	O2):35.195	
O1):-0.766	O2):38.793	
O1):-0.772	O2):40.25	
O1):-0.731	O2):34.053	
O1):-0.818	O2):45.574	
O1):-0.673	O2):29.629	
O1):-0.694	O2):33.167	
O1):-0.798	O2):43.476	
O1):-0.851	O2):51.237	
O1):-0.825	O2):45.976	
O1):-0.767	O2):40.437	
O1):-0.799	O2):43.563	
O1):-0.744	O2):34.917	
O1):-0.773	O2):38.915	
O1):-0.79	O2):40.419	
O1):-0.743	O2):34.861	
O1):-0.773	O2):39.013	
O1):-0.742	O2):39.952	
O1):-0.821	O2):45.729	
O1):-0.827	O2):46.226	
O1):-0.826	O2):46.21	
O1):-0.79	O2):40.403	
O1):-0.71	O2):33.751	
O1):-0.718	O2):33.729	
O1):-0.776	O2):39.407	
O1):-0.771	O2):38.609	
O1):-0.765	O2):38.766	
O1):-0.773	O2):40.35	
O1):-0.828	O2):49.787	
O1):-0.793	O2):40.706	
O1):-0.806	O2):44.843	
O1):-0.825	O2):45.872	
O1):-0.759	O2):40.564	
O1):-0.661	O2):29.026	
O1):-0.724	O2):33.814	
O1):-0.849	O2):50.895	
O1):-0.766	O2):39.127	
O1):-0.79	O2):40.299	
Evaluations:	2400
O1):-0.752	O2):38.25	
O1):-0.822	O2):45.48	
O1):-0.799	O2):43.989	
O1):-0.712	O2):33.573	
O1):-0.761	O2):39.89	
O1):-0.825	O2):45.937	
O1):-0.849	O2):50.663	
O1):-0.702	O2):33.174	
O1):-0.73	O2):34.675	
O1):-0.685	O2):31.016	
O1):-0.8	O2):43.786	
O1):-0.732	O2):34.82	
O1):-0.847	O2):50.692	
O1):-0.802	O2):45.11	
O1):-0.831	O2):50.11	
O1):-0.746	O2):36.459	
O1):-0.79	O2):40.475	
O1):-0.731	O2):34.727	
O1):-0.745	O2):35.654	
O1):-0.733	O2):34.737	
O1):-0.746	O2):35.975	
O1):-0.765	O2):40.509	
O1):-0.796	O2):41.167	
O1):-0.724	O2):34.101	
O1):-0.83	O2):51.516	
O1):-0.706	O2):35.242	
O1):-0.75	O2):36.782	
O1):-0.714	O2):33.427	
O1):-0.684	O2):31.115	
O1):-0.78	O2):40.929	
O1):-0.755	O2):36.051	
O1):-0.798	O2):43.721	
O1):-0.776	O2):39.873	
O1):-0.813	O2):47.997	
O1):-0.774	O2):39.117	
O1):-0.777	O2):39.41	
O1):-0.721	O2):33.509	
O1):-0.747	O2):37.703	
O1):-0.73	O2):34.675	
O1):-0.821	O2):45.673	
O1):-0.808	O2):45.397	
O1):-0.805	O2):45.597	
O1):-0.798	O2):41.879	
O1):-0.764	O2):36.667	
O1):-0.805	O2):46.232	
O1):-0.73	O2):37.989	
O1):-0.827	O2):46.266	
O1):-0.803	O2):45.012	
O1):-0.767	O2):39.098	
O1):-0.805	O2):45.365	
O1):-0.8	O2):43.969	
Evaluations:	2700
O1):-0.826	O2):46.179	
O1):-0.704	O2):33.509	
O1):-0.773	O2):39.024	
O1):-0.815	O2):45.431	
O1):-0.707	O2):35.348	
O1):-0.832	O2):50.219	
O1):-0.745	O2):36.159	
O1):-0.818	O2):45.573	
O1):-0.774	O2):39.081	
O1):-0.847	O2):50.826	
O1):-0.772	O2):38.975	
O1):-0.79	O2):40.433	
O1):-0.747	O2):36.021	
O1):-0.764	O2):38.374	
O1):-0.812	O2):45.258	
O1):-0.727	O2):34.302	
O1):-0.754	O2):35.898	
O1):-0.748	O2):40.448	
O1):-0.763	O2):36.539	
O1):-0.73	O2):34.04	
O1):-0.745	O2):35.648	
O1):-0.791	O2):40.443	
O1):-0.668	O2):29.555	
O1):-0.762	O2):38.346	
O1):-0.848	O2):50.6	
O1):-0.657	O2):29.399	
O1):-0.771	O2):38.624	
O1):-0.761	O2):36.013	
O1):-0.717	O2):35.53	
O1):-0.852	O2):51.547	
O1):-0.668	O2):29.646	
O1):-0.816	O2):45.431	
O1):-0.724	O2):33.952	
O1):-0.708	O2):33.332	
O1):-0.762	O2):38.483	
O1):-0.775	O2):39.272	
O1):-0.692	O2):30.948	
O1):-0.771	O2):38.636	
O1):-0.771	O2):38.792	
O1):-0.79	O2):40.25	
O1):-0.73	O2):34.822	
O1):-0.743	O2):35.461	
O1):-0.794	O2):40.853	
O1):-0.766	O2):38.817	
O1):-0.818	O2):45.573	
O1):-0.775	O2):39.435	
O1):-0.848	O2):50.6	
O1):-0.75	O2):36.737	
O1):-0.782	O2):40.097	
O1):-0.827	O2):50.033	
O1):-0.85	O2):50.999	
O1):-0.772	O2):38.731	
O1):-0.733	O2):34.737	
O1):-0.826	O2):46.149	
Evaluations:	2400
O1):-0.824	O2):46.154	
O1):-0.868	O2):55.933	
O1):-0.772	O2):38.825	
O1):-0.803	O2):45.012	
O1):-0.656	O2):29.387	
Evaluations:	2500
O1):-0.752	O2):38.248	
O1):-0.749	O2):37.603	
O1):-0.775	O2):39.489	
O1):-0.849	O2):50.895	
O1):-0.776	O2):39.348	
O1):-0.8	O2):44.211	
O1):-0.708	O2):33.639	
O1):-0.782	O2):39.968	
O1):-0.798	O2):41.879	
Evaluations:	2300
Starting PrismExecutor worker 4 on port 15054
Connected worker 4 to port 15054
O1):-0.773	O2):39.021	
O1):-0.827	O2):46.492	
O1):-0.729	O2):34.635	
O1):-0.773	O2):39.021	
O1):-0.731	O2):34.824	
O1):-0.783	O2):40.186	
O1):-0.728	O2):34.3	
O1):-0.814	O2):45.373	
O1):-0.755	O2):36.051	
O1):-0.794	O2):41.161	
O1):-0.779	O2):39.778	
O1):-0.699	O2):34.317	
O1):-0.85	O2):51.085	
O1):-0.818	O2):45.573	
O1):-0.828	O2):46.709	
O1):-0.805	O2):45.224	
O1):-0.823	O2):45.753	
O1):-0.717	O2):33.346	
O1):-0.804	O2):45.22	
O1):-0.782	O2):40.054	
O1):-0.775	O2):39.304	
O1):-0.793	O2):40.743	
O1):-0.808	O2):45.539	
O1):-0.815	O2):45.431	
O1):-0.666	O2):29.626	
O1):-0.823	O2):45.675	
O1):-0.775	O2):39.792	
O1):-0.773	O2):40.66	
O1):-0.774	O2):39.057	
O1):-0.808	O2):45.397	
O1):-0.769	O2):38.658	
O1):-0.711	O2):33.923	
O1):-0.776	O2):39.371	
O1):-0.769	O2):38.658	
O1):-0.729	O2):34.515	
O1):-0.725	O2):34.139	
O1):-0.763	O2):38.399	
O1):-0.862	O2):56.595	
O1):-0.783	O2):40.052	
O1):-0.848	O2):50.902	
O1):-0.786	O2):43.034	
O1):-0.692	O2):31.159	
O1):-0.798	O2):43.911	
O1):-0.853	O2):51.831	
O1):-0.761	O2):36.013	
O1):-0.724	O2):33.985	
O1):-0.73	O2):34.04	
O1):-0.816	O2):45.394	
O1):-0.709	O2):34.957	
O1):-0.747	O2):36.04	
O1):-0.766	O2):36.961	
O1):-0.696	O2):33.594	
O1):-0.8	O2):44.072	
O1):-0.756	O2):39.871	
O1):-0.727	O2):34.447	
O1):-0.848	O2):50.902	
O1):-0.8	O2):43.969	
O1):-0.683	O2):30.4	
O1):-0.775	O2):39.227	
O1):-0.774	O2):39.081	
Starting PrismExecutor worker 1 on port 15081
Connected worker 1 to port 15081
O1):-0.773	O2):39.039	
O1):-0.702	O2):33.174	
Evaluations:	2500
O1):-0.751	O2):36.736	
O1):-0.831	O2):50.11	
O1):-0.803	O2):45.114	
O1):-0.703	O2):33.23	
O1):-0.738	O2):35.528	
O1):-0.797	O2):42.017	
O1):-0.761	O2):36.758	
O1):-0.703	O2):33.23	
O1):-0.777	O2):39.58	
O1):-0.773	O2):38.914	
O1):-0.729	O2):34.635	
O1):-0.688	O2):31.065	
O1):-0.731	O2):34.824	
O1):-0.771	O2):38.569	
O1):-0.788	O2):46.538	
O1):-0.674	O2):29.652	
O1):-0.746	O2):35.926	
O1):-0.794	O2):40.934	
O1):-0.783	O2):40.053	
O1):-0.829	O2):50.2	
O1):-0.763	O2):38.482	
O1):-0.767	O2):38.406	
O1):-0.813	O2):45.142	
O1):-0.729	O2):34.678	
O1):-0.774	O2):39.081	
O1):-0.828	O2):50.21	
O1):-0.775	O2):39.485	
O1):-0.671	O2):29.337	
O1):-0.713	O2):34.244	
O1):-0.731	O2):34.658	
O1):-0.783	O2):43.768	
O1):-0.771	O2):38.609	
O1):-0.783	O2):40.108	
O1):-0.687	O2):30.488	
O1):-0.743	O2):35.875	
O1):-0.817	O2):45.566	
O1):-0.798	O2):44.298	
O1):-0.728	O2):35.643	
O1):-0.797	O2):41.97	
O1):-0.798	O2):43.476	
O1):-0.747	O2):35.384	
O1):-0.793	O2):40.823	
O1):-0.776	O2):39.348	
O1):-0.771	O2):38.609	
O1):-0.778	O2):39.755	
O1):-0.767	O2):40.579	
O1):-0.774	O2):39.066	
O1):-0.773	O2):39.021	
O1):-0.751	O2):38.501	
O1):-0.806	O2):45.365	
O1):-0.801	O2):46.073	
O1):-0.723	O2):33.691	
O1):-0.673	O2):29.629	
O1):-0.763	O2):38.399	
O1):-0.747	O2):36.021	
O1):-0.816	O2):45.376	
O1):-0.781	O2):40.076	
O1):-0.846	O2):50.639	
O1):-0.789	O2):40.146	
O1):-0.777	O2):41.093	
O1):-0.817	O2):45.786	
O1):-0.793	O2):40.806	
O1):-0.802	O2):44.119	
O1):-0.764	O2):36.667	
O1):-0.723	O2):33.863	
O1):-0.846	O2):50.639	
O1):-0.724	O2):33.878	
O1):-0.816	O2):45.571	
O1):-0.681	O2):30.389	
O1):-0.777	O2):40.04	
O1):-0.8	O2):43.969	
O1):-0.793	O2):40.706	
O1):-0.769	O2):38.391	
O1):-0.746	O2):35.975	
O1):-0.743	O2):34.792	
O1):-0.688	O2):31.227	
O1):-0.73	O2):35.222	
O1):-0.727	O2):34.382	
O1):-0.774	O2):39.033	
O1):-0.777	O2):39.41	
O1):-0.775	O2):39.435	
O1):-0.733	O2):34.801	
O1):-0.824	O2):45.755	
O1):-0.713	O2):33.88	
O1):-0.707	O2):33.251	
O1):-0.747	O2):35.958	
O1):-0.702	O2):33.174	
O1):-0.791	O2):40.613	
O1):-0.785	O2):40.813	
O1):-0.725	O2):33.938	
O1):-0.692	O2):30.948	
O1):-0.773	O2):38.911	
O1):-0.732	O2):35.039	
O1):-0.776	O2):39.407	
O1):-0.79	O2):40.419	
O1):-0.797	O2):44.097	
O1):-0.697	O2):33.641	
O1):-0.775	O2):39.227	
O1):-0.79	O2):40.394	
O1):-0.69	O2):31.299	
O1):-0.708	O2):33.332	
O1):-0.796	O2):41.169	
O1):-0.784	O2):40.218	
O1):-0.763	O2):36.383	
O1):-0.774	O2):39.104	
O1):-0.77	O2):39.847	
O1):-0.752	O2):36.92	
O1):-0.727	O2):34.757	
O1):-0.8	O2):44.072	
O1):-0.704	O2):33.509	
O1):-0.722	O2):33.627	
O1):-0.748	O2):36.057	
O1):-0.743	O2):35.461	
O1):-0.845	O2):50.485	
O1):-0.859	O2):55.937	
O1):-0.764	O2):36.667	
O1):-0.718	O2):33.369	
O1):-0.764	O2):38.737	
O1):-0.691	O2):30.704	
O1):-0.776	O2):39.434	
O1):-0.798	O2):44.203	
O1):-0.772	O2):38.755	
O1):-0.773	O2):39.021	
O1):-0.823	O2):46.049	
O1):-0.771	O2):38.636	
O1):-0.793	O2):40.806	
O1):-0.688	O2):31.065	
O1):-0.745	O2):35.768	
O1):-0.776	O2):39.348	
O1):-0.79	O2):40.403	
O1):-0.774	O2):39.073	
O1):-0.776	O2):40.343	
O1):-0.725	O2):34.103	
O1):-0.82	O2):45.64	
O1):-0.795	O2):41.076	
O1):-0.671	O2):29.337	
O1):-0.756	O2):38.476	
O1):-0.79	O2):40.449	
O1):-0.661	O2):29.073	
O1):-0.681	O2):30.389	
O1):-0.777	O2):39.718	
O1):-0.694	O2):33.167	
O1):-0.742	O2):35.163	
O1):-0.802	O2):44.851	
O1):-0.749	O2):36.82	
O1):-0.772	O2):38.767	
O1):-0.813	O2):45.288	
O1):-0.859	O2):55.937	
O1):-0.756	O2):38.321	
O1):-0.798	O2):43.72	
O1):-0.82	O2):45.631	
O1):-0.657	O2):29.4	
O1):-0.85	O2):50.748	
O1):-0.775	O2):39.078	
O1):-0.775	O2):40.112	
O1):-0.816	O2):45.571	
O1):-0.685	O2):30.391	
O1):-0.756	O2):38.323	
O1):-0.77	O2):38.686	
O1):-0.805	O2):45.256	
O1):-0.824	O2):45.94	
O1):-0.742	O2):34.616	
O1):-0.763	O2):38.399	
O1):-0.716	O2):34.771	
O1):-0.791	O2):40.523	
O1):-0.807	O2):45.583	
Starting PrismExecutor worker 3 on port 15083
O1):-0.717	O2):35.79	
Evaluations:	2700
Connected worker 3 to port 15083
O1):-0.825	O2):46.061	
O1):-0.816	O2):45.651	
O1):-0.847	O2):50.692	
O1):-0.824	O2):45.94	
O1):-0.8	O2):44.905	
O1):-0.767	O2):38.406	
O1):-0.772	O2):38.755	
O1):-0.829	O2):47.023	
O1):-0.703	O2):33.405	
O1):-0.777	O2):39.412	
O1):-0.692	O2):30.948	
O1):-0.832	O2):50.219	
O1):-0.828	O2):46.568	
O1):-0.764	O2):36.667	
O1):-0.799	O2):43.564	
O1):-0.727	O2):34.362	
O1):-0.84	O2):50.717	
O1):-0.828	O2):50.014	
O1):-0.742	O2):36.165	
O1):-0.749	O2):35.715	
O1):-0.749	O2):37.603	
O1):-0.66	O2):29.384	
O1):-0.718	O2):33.729	
O1):-0.791	O2):40.854	
O1):-0.815	O2):45.354	
O1):-0.823	O2):49.354	
O1):-0.814	O2):45.337	
O1):-0.834	O2):50.342	
O1):-0.675	O2):29.706	
O1):-0.818	O2):45.573	
O1):-0.8	O2):44.072	
O1):-0.687	O2):30.91	
O1):-0.747	O2):36.149	
O1):-0.816	O2):45.355	
O1):-0.765	O2):37.464	
O1):-0.658	O2):29.409	
O1):-0.767	O2):37.599	
O1):-0.827	O2):46.233	
O1):-0.771	O2):38.7	
O1):-0.82	O2):45.631	
O1):-0.819	O2):46.003	
O1):-0.649	O2):29.304	
O1):-0.773	O2):38.911	
O1):-0.79	O2):40.45	
O1):-0.657	O2):29.389	
O1):-0.779	O2):39.717	
O1):-0.686	O2):32.93	
O1):-0.795	O2):43.14	
O1):-0.747	O2):35.958	
O1):-0.814	O2):44.969	
O1):-0.851	O2):51.35	
O1):-0.823	O2):45.74	
O1):-0.769	O2):38.327	
O1):-0.8	O2):43.849	
O1):-0.777	O2):39.475	
O1):-0.707	O2):35.334	
O1):-0.746	O2):35.975	
O1):-0.681	O2):30.389	
O1):-0.779	O2):39.74	
O1):-0.658	O2):29.409	
O1):-0.868	O2):55.933	
O1):-0.749	O2):35.435	
O1):-0.78	O2):41.817	
O1):-0.77	O2):40.393	
O1):-0.724	O2):33.867	
O1):-0.703	O2):33.23	
O1):-0.755	O2):36.051	
O1):-0.823	O2):45.977	
O1):-0.712	O2):33.872	
O1):-0.772	O2):38.731	
O1):-0.748	O2):36.865	
O1):-0.793	O2):40.806	
O1):-0.727	O2):34.275	
O1):-0.746	O2):35.975	
O1):-0.668	O2):29.648	
O1):-0.763	O2):36.419	
O1):-0.826	O2):46.07	
O1):-0.851	O2):51.237	
O1):-0.8	O2):44.072	
O1):-0.77	O2):38.442	
O1):-0.814	O2):48.358	
O1):-0.82	O2):45.631	
O1):-0.674	O2):29.624	
O1):-0.728	O2):34.354	
O1):-0.804	O2):45.22	
O1):-0.77	O2):38.689	
O1):-0.755	O2):38.229	
O1):-0.737	O2):35.35	
O1):-0.764	O2):38.405	
O1):-0.825	O2):46.19	
O1):-0.761	O2):35.995	
O1):-0.703	O2):33.316	
O1):-0.833	O2):50.357	
O1):-0.826	O2):46.345	
O1):-0.726	O2):34.188	
O1):-0.791	O2):40.49	
O1):-0.738	O2):35.573	
O1):-0.775	O2):39.17	
O1):-0.717	O2):35.181	
O1):-0.791	O2):43.685	
O1):-0.72	O2):34.97	
O1):-0.725	O2):34.103	
O1):-0.799	O2):43.989	
O1):-0.778	O2):40.151	
O1):-0.782	O2):40.096	
O1):-0.849	O2):50.868	
O1):-0.796	O2):43.194	
O1):-0.777	O2):39.532	
O1):-0.74	O2):39.489	
O1):-0.818	O2):45.576	
O1):-0.668	O2):29.555	
O1):-0.74	O2):35.692	
O1):-0.836	O2):49.943	
O1):-0.792	O2):40.861	
Evaluations:	2100
O1):-0.748	O2):35.567	
O1):-0.777	O2):39.58	
O1):-0.77	O2):38.41	
O1):-0.655	O2):29.907	
O1):-0.794	O2):40.853	
O1):-0.798	O2):43.73	
O1):-0.794	O2):41.503	
O1):-0.814	O2):44.969	
O1):-0.746	O2):35.926	
O1):-0.785	O2):40.492	
O1):-0.791	O2):40.826	
O1):-0.724	O2):35.449	
O1):-0.666	O2):29.626	
O1):-0.797	O2):43.705	
O1):-0.776	O2):39.358	
O1):-0.761	O2):35.995	
O1):-0.772	O2):38.83	
O1):-0.798	O2):43.911	
O1):-0.707	O2):34.456	
O1):-0.795	O2):43.225	
O1):-0.653	O2):29.088	
O1):-0.775	O2):39.148	
O1):-0.799	O2):43.847	
O1):-0.823	O2):45.977	
O1):-0.77	O2):38.686	
O1):-0.772	O2):38.755	
O1):-0.75	O2):36.737	
O1):-0.847	O2):50.432	
O1):-0.656	O2):29.387	
O1):-0.659	O2):28.811	
O1):-0.776	O2):39.318	
O1):-0.769	O2):39.555	
O1):-0.771	O2):38.722	
O1):-0.825	O2):50.506	
O1):-0.707	O2):35.675	
O1):-0.754	O2):38.607	
O1):-0.793	O2):40.806	
O1):-0.816	O2):45.431	
O1):-0.731	O2):34.77	
O1):-0.68	O2):30.326	
O1):-0.766	O2):38.793	
O1):-0.851	O2):51.194	
O1):-0.776	O2):39.348	
O1):-0.824	O2):45.937	
O1):-0.702	O2):33.156	
O1):-0.699	O2):33.977	
O1):-0.815	O2):45.26	
O1):-0.763	O2):40.702	
O1):-0.792	O2):40.766	
O1):-0.799	O2):43.989	
O1):-0.73	O2):34.04	
O1):-0.763	O2):40.286	
O1):-0.804	O2):45.22	
Starting PrismExecutor worker 5 on port 15055
Connected worker 5 to port 15055
O1):-0.796	O2):44.827	
O1):-0.777	O2):39.658	
O1):-0.721	O2):33.388	
O1):-0.775	O2):39.188	
O1):-0.854	O2):59.622	
O1):-0.736	O2):35.614	
O1):-0.8	O2):44.072	
O1):-0.773	O2):39.164	
O1):-0.775	O2):39.255	
O1):-0.806	O2):45.149	
O1):-0.8	O2):44.211	
O1):-0.861	O2):56.253	
O1):-0.824	O2):45.755	
O1):-0.784	O2):40.28	
O1):-0.827	O2):46.626	
O1):-0.738	O2):35.355	
O1):-0.795	O2):41.12	
O1):-0.772	O2):38.743	
O1):-0.687	O2):34.653	
O1):-0.807	O2):45.335	
O1):-0.709	O2):33.611	
O1):-0.732	O2):34.821	
O1):-0.861	O2):56.253	
O1):-0.75	O2):39.873	
O1):-0.792	O2):40.506	
O1):-0.774	O2):39.066	
O1):-0.747	O2):35.964	
O1):-0.776	O2):39.434	
O1):-0.661	O2):29.072	
O1):-0.752	O2):38.248	
O1):-0.702	O2):33.156	
O1):-0.791	O2):40.545	
O1):-0.792	O2):40.536	
O1):-0.683	O2):30.4	
O1):-0.791	O2):43.678	
O1):-0.747	O2):35.958	
O1):-0.828	O2):46.513	
O1):-0.785	O2):40.813	
O1):-0.722	O2):33.666	
O1):-0.775	O2):39.305	
O1):-0.71	O2):33.501	
O1):-0.8	O2):43.977	
O1):-0.763	O2):38.482	
O1):-0.849	O2):50.971	
O1):-0.828	O2):46.835	
O1):-0.825	O2):46.19	
O1):-0.742	O2):38.488	
O1):-0.798	O2):44.203	
O1):-0.774	O2):39.104	
O1):-0.747	O2):37.742	
O1):-0.791	O2):40.464	
O1):-0.852	O2):55.289	
O1):-0.851	O2):51.616	
O1):-0.774	O2):39.058	
O1):-0.777	O2):39.819	
O1):-0.748	O2):36.057	
O1):-0.849	O2):50.895	
O1):-0.77	O2):38.689	
O1):-0.756	O2):40.115	
O1):-0.771	O2):38.707	
O1):-0.791	O2):40.513	
O1):-0.793	O2):40.706	
O1):-0.782	O2):40.096	
O1):-0.774	O2):39.058	
O1):-0.741	O2):35.127	
O1):-0.732	O2):34.82	
O1):-0.771	O2):38.636	
O1):-0.746	O2):35.975	
O1):-0.852	O2):51.547	
O1):-0.798	O2):44.298	
O1):-0.847	O2):50.721	
O1):-0.792	O2):40.52	
O1):-0.771	O2):38.792	
O1):-0.797	O2):41.97	
O1):-0.672	O2):29.651	
O1):-0.797	O2):41.975	
O1):-0.774	O2):39.151	
O1):-0.772	O2):38.975	
O1):-0.733	O2):35.565	
O1):-0.656	O2):30.187	
O1):-0.782	O2):39.955	
O1):-0.791	O2):40.545	
O1):-0.772	O2):38.752	
O1):-0.693	O2):31.269	
O1):-0.711	O2):34.652	
O1):-0.733	O2):34.801	
O1):-0.772	O2):38.848	
O1):-0.743	O2):34.837	
O1):-0.723	O2):34.089	
O1):-0.742	O2):35.306	
O1):-0.742	O2):34.733	
O1):-0.769	O2):41.171	
O1):-0.813	O2):45.288	
O1):-0.828	O2):50.014	
O1):-0.674	O2):29.624	
O1):-0.674	O2):29.624	
O1):-0.848	O2):50.902	
O1):-0.767	O2):37.599	
O1):-0.827	O2):46.235	
O1):-0.792	O2):40.568	
O1):-0.763	O2):36.539	
O1):-0.763	O2):38.482	
O1):-0.687	O2):30.909	
O1):-0.854	O2):55.687	
O1):-0.776	O2):39.355	
O1):-0.825	O2):46.005	
O1):-0.771	O2):45.515	
O1):-0.827	O2):46.233	
O1):-0.79	O2):40.403	
O1):-0.766	O2):36.961	
O1):-0.72	O2):34.394	
O1):-0.836	O2):49.943	
O1):-0.798	O2):43.519	
O1):-0.808	O2):45.678	
O1):-0.763	O2):38.399	
O1):-0.727	O2):34.302	
O1):-0.762	O2):36.232	
O1):-0.776	O2):39.371	
O1):-0.769	O2):38.436	
O1):-0.715	O2):33.651	
O1):-0.712	O2):33.425	
O1):-0.653	O2):29.501	
O1):-0.726	O2):34.203	
O1):-0.824	O2):45.94	
O1):-0.748	O2):36.196	
O1):-0.763	O2):41.252	
O1):-0.705	O2):35.827	
O1):-0.833	O2):50.232	
O1):-0.828	O2):46.709	
O1):-0.747	O2):35.964	
O1):-0.659	O2):28.811	
O1):-0.752	O2):38.248	
O1):-0.788	O2):44.833	
O1):-0.744	O2):36.077	
O1):-0.799	O2):43.563	
O1):-0.8	O2):43.969	
O1):-0.728	O2):35.644	
O1):-0.703	O2):33.23	
O1):-0.779	O2):39.936	
O1):-0.808	O2):45.539	
O1):-0.703	O2):33.405	
O1):-0.853	O2):55.364	
O1):-0.797	O2):41.83	
O1):-0.746	O2):36.35	
O1):-0.778	O2):39.703	
O1):-0.703	O2):33.406	
O1):-0.727	O2):34.447	
O1):-0.742	O2):36.212	
O1):-0.802	O2):45.11	
O1):-0.774	O2):39.053	
O1):-0.815	O2):45.082	
O1):-0.793	O2):40.776	
O1):-0.826	O2):46.213	
O1):-0.78	O2):40.923	
O1):-0.776	O2):39.773	
O1):-0.793	O2):40.759	
O1):-0.741	O2):34.561	
O1):-0.721	O2):33.388	
O1):-0.776	O2):39.32	
O1):-0.749	O2):36.82	
O1):-0.715	O2):34.693	
O1):-0.672	O2):30.728	
O1):-0.831	O2):50.11	
O1):-0.707	O2):33.251	
O1):-0.823	O2):45.74	
O1):-0.792	O2):40.729	
O1):-0.763	O2):38.365	
O1):-0.705	O2):33.223	
O1):-0.774	O2):39.104	
O1):-0.819	O2):48.96	
O1):-0.795	O2):43.14	
O1):-0.862	O2):56.595	
O1):-0.765	O2):37.511	
Starting PrismExecutor worker 2 on port 15082
Connected worker 2 to port 15082
O1):-0.797	O2):41.829	
O1):-0.772	O2):38.799	
O1):-0.824	O2):46.094	
O1):-0.777	O2):39.915	
O1):-0.794	O2):40.873	
O1):-0.694	O2):33.167	
O1):-0.785	O2):40.813	
O1):-0.791	O2):40.545	
O1):-0.669	O2):29.05	
O1):-0.816	O2):45.233	
O1):-0.808	O2):45.397	
O1):-0.753	O2):40.464	
O1):-0.747	O2):36.021	
O1):-0.709	O2):33.611	
O1):-0.653	O2):29.088	
O1):-0.826	O2):46.279	
O1):-0.767	O2):39.065	
O1):-0.741	O2):35.127	
O1):-0.656	O2):29.375	
O1):-0.79	O2):40.475	
O1):-0.744	O2):36.077	
O1):-0.834	O2):50.342	
O1):-0.739	O2):35.56	
O1):-0.741	O2):34.561	
O1):-0.806	O2):45.474	
O1):-0.768	O2):40.334	
O1):-0.848	O2):50.902	
O1):-0.789	O2):40.146	
O1):-0.729	O2):34.678	
O1):-0.834	O2):49.884	
O1):-0.659	O2):28.811	
O1):-0.824	O2):46.094	
O1):-0.801	O2):44.951	
O1):-0.793	O2):40.759	
O1):-0.817	O2):45.485	
O1):-0.731	O2):34.824	
O1):-0.772	O2):38.826	
O1):-0.848	O2):50.902	
O1):-0.773	O2):38.911	
O1):-0.774	O2):39.066	
O1):-0.794	O2):40.873	
O1):-0.743	O2):40.284	
O1):-0.794	O2):40.818	
O1):-0.853	O2):56.296	
O1):-0.773	O2):39.164	
O1):-0.836	O2):50.995	
O1):-0.8	O2):44.002	
Evaluations:	2700
O1):-0.755	O2):38.229	
O1):-0.779	O2):39.717	
O1):-0.816	O2):45.31	
O1):-0.732	O2):35.039	
O1):-0.768	O2):38.327	
O1):-0.766	O2):37.527	
O1):-0.724	O2):33.867	
O1):-0.8	O2):44.072	
O1):-0.776	O2):39.682	
O1):-0.789	O2):40.146	
O1):-0.794	O2):40.853	
O1):-0.687	O2):30.469	
O1):-0.767	O2):38.406	
O1):-0.752	O2):39.875	
O1):-0.795	O2):41.474	
O1):-0.798	O2):43.476	
O1):-0.807	O2):45.205	
O1):-0.775	O2):39.304	
O1):-0.775	O2):40.112	
O1):-0.814	O2):48.358	
O1):-0.723	O2):33.74	
O1):-0.708	O2):33.332	
O1):-0.725	O2):35.109	
O1):-0.77	O2):38.545	
O1):-0.687	O2):30.909	
O1):-0.848	O2):51.137	
O1):-0.721	O2):33.388	
O1):-0.796	O2):41.34	
O1):-0.779	O2):39.778	
O1):-0.728	O2):39.96	
O1):-0.782	O2):39.968	
O1):-0.822	O2):45.48	
O1):-0.767	O2):38.965	
O1):-0.792	O2):45.028	
O1):-0.702	O2):33.174	
O1):-0.814	O2):44.969	
O1):-0.777	O2):39.717	
O1):-0.666	O2):29.626	
O1):-0.804	O2):45.475	
O1):-0.832	O2):50.219	
O1):-0.725	O2):34.139	
O1):-0.782	O2):40.096	
O1):-0.7	O2):33.229	
O1):-0.782	O2):39.955	
O1):-0.769	O2):38.658	
O1):-0.763	O2):38.482	
O1):-0.808	O2):45.156	
O1):-0.826	O2):46.344	
O1):-0.779	O2):40.525	
O1):-0.775	O2):39.367	
O1):-0.678	O2):30.019	
O1):-0.657	O2):29.389	
O1):-0.782	O2):40.054	
O1):-0.736	O2):35.195	
O1):-0.805	O2):45.365	
O1):-0.687	O2):34.653	
O1):-0.789	O2):40.192	
O1):-0.738	O2):34.872	
O1):-0.849	O2):50.868	
O1):-0.747	O2):37.703	
O1):-0.725	O2):34.111	
O1):-0.79	O2):40.322	
O1):-0.766	O2):36.961	
O1):-0.796	O2):46.547	
O1):-0.723	O2):33.74	
O1):-0.825	O2):46.084	
O1):-0.789	O2):40.148	
O1):-0.731	O2):35.225	
O1):-0.827	O2):46.266	
O1):-0.806	O2):45.463	
O1):-0.771	O2):39.024	
O1):-0.666	O2):29.626	
O1):-0.764	O2):38.457	
O1):-0.744	O2):35.119	
O1):-0.743	O2):35.985	
O1):-0.726	O2):34.456	
O1):-0.774	O2):39.235	
O1):-0.772	O2):38.753	
O1):-0.75	O2):36.737	
O1):-0.723	O2):33.632	
O1):-0.793	O2):40.776	
O1):-0.851	O2):51.189	
O1):-0.792	O2):40.568	
O1):-0.794	O2):41.503	
O1):-0.796	O2):41.335	
O1):-0.825	O2):46.084	
O1):-0.723	O2):33.74	
O1):-0.794	O2):42.037	
O1):-0.707	O2):33.251	
O1):-0.73	O2):35.416	
O1):-0.772	O2):38.825	
O1):-0.819	O2):48.96	
O1):-0.79	O2):40.475	
O1):-0.774	O2):39.385	
O1):-0.774	O2):39.067	
O1):-0.677	O2):32.959	
O1):-0.836	O2):49.943	
O1):-0.775	O2):39.435	
O1):-0.736	O2):34.541	
O1):-0.819	O2):46.596	
O1):-0.799	O2):44.571	
O1):-0.826	O2):46.149	
O1):-0.748	O2):36.057	
O1):-0.742	O2):34.513	
O1):-0.777	O2):40.186	
O1):-0.778	O2):40.322	
O1):-0.795	O2):43.22	
O1):-0.777	O2):39.636	
O1):-0.782	O2):40.049	
O1):-0.707	O2):33.251	
O1):-0.762	O2):36.268	
O1):-0.729	O2):34.762	
O1):-0.779	O2):39.936	
O1):-0.794	O2):40.873	
O1):-0.806	O2):44.843	
O1):-0.814	O2):45.337	
O1):-0.676	O2):29.803	
O1):-0.827	O2):50.033	
O1):-0.724	O2):33.95	
O1):-0.731	O2):34.824	
O1):-0.753	O2):37.319	
O1):-0.8	O2):43.994	
O1):-0.747	O2):38.063	
O1):-0.724	O2):33.814	
O1):-0.826	O2):46.196	
O1):-0.748	O2):35.567	
Starting PrismExecutor worker 0 on port 15080
Connected worker 0 to port 15080
O1):-0.744	O2):34.913	
O1):-0.725	O2):34.139	
O1):-0.671	O2):29.337	
O1):-0.725	O2):33.938	
O1):-0.732	O2):34.82	
O1):-0.744	O2):34.917	
O1):-0.793	O2):40.743	
O1):-0.779	O2):39.747	
O1):-0.775	O2):39.339	
Evaluations:	2300
O1):-0.798	O2):43.911	
O1):-0.813	O2):45.134	
O1):-0.723	O2):34.242	
O1):-0.828	O2):50.21	
O1):-0.824	O2):45.891	
O1):-0.725	O2):34.103	
O1):-0.825	O2):46.015	
O1):-0.803	O2):44.973	
O1):-0.821	O2):45.663	
O1):-0.735	O2):35.088	
O1):-0.793	O2):40.759	
O1):-0.822	O2):45.657	
O1):-0.792	O2):43.907	
O1):-0.668	O2):29.555	
O1):-0.815	O2):45.431	
O1):-0.825	O2):46.061	
O1):-0.727	O2):34.382	
O1):-0.717	O2):35.79	
O1):-0.785	O2):43.083	
O1):-0.69	O2):31.299	
O1):-0.742	O2):34.616	
O1):-0.794	O2):40.825	
O1):-0.824	O2):45.937	
O1):-0.766	O2):37.527	
O1):-0.833	O2):50.231	
O1):-0.775	O2):43.965	
O1):-0.743	O2):34.856	
O1):-0.765	O2):38.766	
O1):-0.771	O2):38.636	
O1):-0.79	O2):40.475	
O1):-0.815	O2):45.34	
O1):-0.777	O2):39.475	
O1):-0.743	O2):34.856	
O1):-0.816	O2):45.431	
O1):-0.761	O2):39.296	
O1):-0.834	O2):49.884	
O1):-0.793	O2):40.706	
O1):-0.775	O2):39.435	
O1):-0.783	O2):40.707	
O1):-0.723	O2):34.015	
O1):-0.729	O2):34.525	
O1):-0.791	O2):40.472	
O1):-0.775	O2):39.212	
O1):-0.707	O2):33.647	
O1):-0.669	O2):29.05	
O1):-0.798	O2):44.064	
O1):-0.714	O2):35.515	
O1):-0.813	O2):45.288	
O1):-0.8	O2):44.905	
O1):-0.769	O2):38.436	
O1):-0.78	O2):40.998	
O1):-0.815	O2):45.431	
O1):-0.722	O2):34.359	
O1):-0.795	O2):41.091	
O1):-0.807	O2):45.213	
O1):-0.772	O2):39.912	
O1):-0.859	O2):55.937	
O1):-0.847	O2):50.826	
O1):-0.745	O2):35.199	
O1):-0.723	O2):33.863	
O1):-0.771	O2):38.569	
O1):-0.762	O2):38.271	
O1):-0.793	O2):40.806	
O1):-0.771	O2):38.713	
O1):-0.802	O2):49.867	
O1):-0.823	O2):45.998	
O1):-0.661	O2):29.026	
O1):-0.773	O2):43.344	
O1):-0.826	O2):46.062	
O1):-0.68	O2):30.326	
O1):-0.756	O2):39.904	
O1):-0.794	O2):40.885	
O1):-0.735	O2):34.32	
O1):-0.685	O2):31.016	
O1):-0.691	O2):30.704	
O1):-0.794	O2):40.825	
O1):-0.741	O2):34.561	
O1):-0.791	O2):43.685	
O1):-0.848	O2):50.902	
O1):-0.743	O2):34.856	
O1):-0.788	O2):39.966	
O1):-0.745	O2):35.199	
O1):-0.764	O2):38.457	
Evaluations:	2800
O1):-0.757	O2):36.371	
O1):-0.799	O2):43.847	
O1):-0.729	O2):34.525	
O1):-0.822	O2):45.657	
O1):-0.798	O2):44.064	
O1):-0.756	O2):40.078	
O1):-0.819	O2):48.96	
O1):-0.793	O2):40.706	
O1):-0.825	O2):45.872	
O1):-0.747	O2):38.916	
O1):-0.778	O2):40.146	
O1):-0.824	O2):45.937	
O1):-0.722	O2):33.666	
O1):-0.768	O2):40.026	
O1):-0.791	O2):40.762	
O1):-0.705	O2):34.991	
O1):-0.755	O2):38.235	
O1):-0.656	O2):29.393	
O1):-0.765	O2):38.665	
O1):-0.772	O2):40.476	
O1):-0.68	O2):30.326	
O1):-0.757	O2):38.726	
O1):-0.851	O2):51.189	
O1):-0.814	O2):45.277	
O1):-0.747	O2):37.703	
O1):-0.794	O2):40.885	
O1):-0.796	O2):41.167	
O1):-0.818	O2):45.576	
O1):-0.757	O2):38.727	
O1):-0.825	O2):46.005	
O1):-0.779	O2):39.743	
O1):-0.795	O2):43.599	
O1):-0.688	O2):30.495	
O1):-0.829	O2):46.881	
O1):-0.703	O2):33.405	
O1):-0.788	O2):40.454	
O1):-0.723	O2):33.74	
O1):-0.824	O2):46.151	
O1):-0.795	O2):41.076	
O1):-0.79	O2):40.289	
O1):-0.724	O2):33.951	
O1):-0.779	O2):39.717	
O1):-0.744	O2):35.701	
O1):-0.798	O2):43.911	
O1):-0.686	O2):30.152	
O1):-0.765	O2):37.464	
O1):-0.774	O2):39.033	
O1):-0.816	O2):45.431	
O1):-0.742	O2):35.699	
O1):-0.78	O2):40.929	
O1):-0.826	O2):46.062	
O1):-0.749	O2):37.943	
O1):-0.772	O2):38.752	
O1):-0.77	O2):38.686	
O1):-0.731	O2):34.727	
O1):-0.688	O2):30.495	
O1):-0.656	O2):30.187	
O1):-0.824	O2):45.906	
O1):-0.798	O2):44.018	
O1):-0.77	O2):38.686	
O1):-0.769	O2):38.436	
O1):-0.766	O2):38.793	
O1):-0.684	O2):30.073	
O1):-0.714	O2):33.395	
O1):-0.793	O2):40.773	
O1):-0.764	O2):36.628	
O1):-0.787	O2):43.063	
O1):-0.658	O2):29.409	
O1):-0.798	O2):43.476	
O1):-0.719	O2):33.729	
O1):-0.712	O2):33.425	
O1):-0.737	O2):38.045	
O1):-0.823	O2):45.699	
O1):-0.852	O2):50.955	
O1):-0.775	O2):39.148	
O1):-0.773	O2):39.372	
O1):-0.681	O2):30.389	
O1):-0.77	O2):38.514	
O1):-0.816	O2):45.233	
Starting PrismExecutor worker 1 on port 15001
Connected worker 1 to port 15001
O1):-0.79	O2):40.434	
O1):-0.777	O2):39.412	
O1):-0.779	O2):39.936	
O1):-0.834	O2):49.884	
O1):-0.656	O2):29.387	
O1):-0.771	O2):38.713	
O1):-0.816	O2):45.431	
O1):-0.825	O2):45.872	
O1):-0.765	O2):38.766	
O1):-0.819	O2):49.859	
O1):-0.802	O2):44.119	
O1):-0.75	O2):36.727	
O1):-0.744	O2):36.077	
O1):-0.792	O2):40.504	
O1):-0.655	O2):29.907	
O1):-0.747	O2):36.021	
O1):-0.799	O2):43.563	
O1):-0.747	O2):35.934	
O1):-0.69	O2):33.707	
Evaluations:	2500
O1):-0.734	O2):34.9	
O1):-0.725	O2):33.938	
O1):-0.792	O2):40.536	
O1):-0.73	O2):34.564	
O1):-0.678	O2):30.018	
O1):-0.747	O2):37.703	
O1):-0.747	O2):35.459	
Evaluations:	2600
O1):-0.797	O2):43.275	
O1):-0.79	O2):40.419	
O1):-0.779	O2):39.795	
O1):-0.658	O2):29.409	
O1):-0.778	O2):39.798	
O1):-0.805	O2):45.197	
O1):-0.78	O2):40.61	
O1):-0.724	O2):36.39	
O1):-0.826	O2):46.571	
O1):-0.764	O2):36.667	
O1):-0.798	O2):43.72	
O1):-0.688	O2):31.065	
O1):-0.828	O2):46.568	
O1):-0.859	O2):55.937	
O1):-0.711	O2):33.834	
O1):-0.798	O2):41.879	
O1):-0.849	O2):50.971	
O1):-0.795	O2):41.035	
O1):-0.825	O2):49.866	
O1):-0.771	O2):40.643	
O1):-0.827	O2):46.266	
O1):-0.816	O2):45.431	
O1):-0.814	O2):44.969	
O1):-0.826	O2):46.297	
O1):-0.749	O2):36.82	
O1):-0.789	O2):40.146	
O1):-0.724	O2):33.867	
O1):-0.823	O2):45.675	
O1):-0.794	O2):41.161	
O1):-0.797	O2):41.97	
O1):-0.779	O2):39.936	
O1):-0.755	O2):38.229	
O1):-0.776	O2):39.358	
O1):-0.691	O2):30.703	
O1):-0.826	O2):46.297	
O1):-0.672	O2):30.728	
O1):-0.731	O2):35.217	
O1):-0.792	O2):43.907	
O1):-0.773	O2):39.039	
O1):-0.731	O2):35.217	
O1):-0.777	O2):39.475	
O1):-0.739	O2):35.56	
O1):-0.721	O2):34.169	
O1):-0.805	O2):45.224	
O1):-0.688	O2):30.495	
O1):-0.725	O2):34.103	
O1):-0.782	O2):39.968	
O1):-0.763	O2):38.399	
Evaluations:	2500
O1):-0.792	O2):40.98	
O1):-0.805	O2):45.008	
O1):-0.794	O2):40.825	
O1):-0.793	O2):40.773	
O1):-0.796	O2):41.156	
O1):-0.727	O2):34.338	
O1):-0.772	O2):38.752	
O1):-0.725	O2):35.392	
O1):-0.779	O2):39.771	
O1):-0.749	O2):36.82	
O1):-0.714	O2):33.427	
O1):-0.772	O2):38.731	
O1):-0.707	O2):33.647	
O1):-0.796	O2):41.335	
O1):-0.741	O2):34.561	
O1):-0.672	O2):29.644	
O1):-0.682	O2):33.054	
O1):-0.746	O2):35.482	
O1):-0.724	O2):33.814	
O1):-0.772	O2):38.768	
O1):-0.74	O2):35.802	
O1):-0.817	O2):45.786	
O1):-0.744	O2):34.895	
O1):-0.85	O2):51.085	
O1):-0.814	O2):44.969	
O1):-0.684	O2):31.115	
O1):-0.747	O2):35.964	
O1):-0.777	O2):39.819	
O1):-0.744	O2):35.462	
Evaluations:	2800
O1):-0.802	O2):45.175	
O1):-0.849	O2):50.868	
O1):-0.729	O2):34.855	
O1):-0.792	O2):40.52	
O1):-0.741	O2):36.04	
O1):-0.779	O2):39.936	
O1):-0.792	O2):40.568	
O1):-0.748	O2):40.226	
O1):-0.714	O2):33.427	
O1):-0.823	O2):45.74	
O1):-0.814	O2):46.51	
O1):-0.802	O2):44.122	
O1):-0.772	O2):39.05	
O1):-0.724	O2):40.044	
O1):-0.659	O2):28.811	
O1):-0.783	O2):40.053	
O1):-0.723	O2):33.691	
O1):-0.753	O2):38.323	
O1):-0.713	O2):33.349	
O1):-0.768	O2):40.404	
O1):-0.75	O2):36.737	
O1):-0.771	O2):40.446	
O1):-0.795	O2):45.286	
O1):-0.798	O2):41.879	
Evaluations:	2400
O1):-0.724	O2):34.101	
O1):-0.815	O2):45.26	
O1):-0.847	O2):50.826	
O1):-0.765	O2):38.793	
O1):-0.748	O2):36.196	
O1):-0.795	O2):41.043	
O1):-0.847	O2):50.826	
O1):-0.827	O2):46.492	
O1):-0.723	O2):34.015	
O1):-0.816	O2):45.571	
O1):-0.772	O2):38.837	
O1):-0.768	O2):38.286	
O1):-0.845	O2):50.527	
O1):-0.806	O2):45.495	
O1):-0.779	O2):39.717	
O1):-0.805	O2):45.582	
O1):-0.779	O2):39.717	
O1):-0.794	O2):40.873	
O1):-0.796	O2):41.335	
O1):-0.687	O2):30.909	
O1):-0.776	O2):39.32	
O1):-0.688	O2):31.227	
O1):-0.827	O2):46.266	
O1):-0.798	O2):43.911	
O1):-0.686	O2):32.93	
O1):-0.766	O2):38.793	
O1):-0.772	O2):38.804	
O1):-0.777	O2):39.456	
O1):-0.772	O2):38.752	
O1):-0.821	O2):45.673	
O1):-0.824	O2):45.954	
O1):-0.791	O2):44.038	
O1):-0.791	O2):43.556	
Evaluations:	2600
O1):-0.737	O2):35.446	
Starting PrismExecutor worker 3 on port 15003
O1):-0.703	O2):33.405	
Starting PrismExecutor worker 0 on port 15090
O1):-0.721	O2):33.388	
Connected worker 3 to port 15003
Connected worker 0 to port 15090
O1):-0.782	O2):40.096	
O1):-0.658	O2):29.409	
O1):-0.766	O2):37.527	
O1):-0.823	O2):45.705	
O1):-0.794	O2):40.825	
O1):-0.736	O2):35.195	
O1):-0.768	O2):39.241	
O1):-0.735	O2):34.32	
O1):-0.742	O2):35.163	
O1):-0.805	O2):45.365	
O1):-0.658	O2):29.409	
O1):-0.794	O2):40.965	
O1):-0.771	O2):38.569	
O1):-0.771	O2):38.707	
O1):-0.704	O2):33.509	
O1):-0.729	O2):34.456	
O1):-0.773	O2):39.005	
O1):-0.727	O2):39.808	
O1):-0.711	O2):33.834	
O1):-0.833	O2):50.357	
O1):-0.714	O2):34.309	
O1):-0.826	O2):46.062	
O1):-0.777	O2):39.41	
O1):-0.849	O2):50.538	
O1):-0.774	O2):39.104	
O1):-0.797	O2):41.97	
O1):-0.679	O2):30.082	
O1):-0.802	O2):44.851	
O1):-0.824	O2):45.988	
O1):-0.731	O2):34.824	
O1):-0.766	O2):39.556	
O1):-0.725	O2):34.139	
O1):-0.789	O2):40.146	
O1):-0.75	O2):39.623	
O1):-0.776	O2):39.773	
O1):-0.757	O2):36.371	
O1):-0.776	O2):39.441	
O1):-0.824	O2):45.937	
O1):-0.803	O2):45.217	
O1):-0.685	O2):31.016	
O1):-0.783	O2):40.053	
O1):-0.861	O2):56.253	
O1):-0.727	O2):34.275	
O1):-0.799	O2):45.56	
O1):-0.79	O2):40.419	
O1):-0.711	O2):33.851	
O1):-0.852	O2):55.289	
O1):-0.731	O2):34.824	
O1):-0.791	O2):40.346	
O1):-0.808	O2):45.839	
O1):-0.798	O2):44.298	
O1):-0.742	O2):36.192	
O1):-0.868	O2):55.933	
O1):-0.77	O2):38.442	
O1):-0.782	O2):39.968	
O1):-0.779	O2):39.717	
O1):-0.731	O2):34.685	
O1):-0.77	O2):38.442	
O1):-0.823	O2):45.675	
O1):-0.852	O2):50.955	
O1):-0.767	O2):38.373	
O1):-0.769	O2):38.346	
O1):-0.737	O2):34.759	
O1):-0.778	O2):40.368	
O1):-0.742	O2):36.087	
O1):-0.688	O2):31.065	
O1):-0.736	O2):35.195	
O1):-0.791	O2):40.545	
O1):-0.827	O2):50.034	
O1):-0.671	O2):30.093	
O1):-0.703	O2):33.246	
O1):-0.725	O2):34.111	
O1):-0.828	O2):46.513	
O1):-0.771	O2):38.715	
O1):-0.772	O2):39.912	
O1):-0.794	O2):40.872	
O1):-0.816	O2):45.431	
O1):-0.847	O2):50.826	
O1):-0.771	O2):38.569	
O1):-0.744	O2):34.913	
O1):-0.779	O2):39.795	
O1):-0.742	O2):35.163	
O1):-0.671	O2):30.093	
O1):-0.747	O2):35.958	
O1):-0.823	O2):46.257	
O1):-0.794	O2):40.853	
O1):-0.842	O2):49.987	
O1):-0.771	O2):40.181	
O1):-0.773	O2):39.005	
O1):-0.727	O2):35.028	
O1):-0.747	O2):35.384	
O1):-0.771	O2):38.636	
O1):-0.703	O2):33.23	
O1):-0.816	O2):45.233	
O1):-0.674	O2):29.624	
O1):-0.727	O2):34.362	
O1):-0.798	O2):43.476	
O1):-0.749	O2):37.953	
O1):-0.666	O2):29.626	
O1):-0.723	O2):34.019	
O1):-0.785	O2):40.813	
O1):-0.804	O2):44.996	
O1):-0.747	O2):35.958	
O1):-0.655	O2):29.907	
O1):-0.736	O2):35.137	
O1):-0.762	O2):36.232	
O1):-0.794	O2):40.885	
O1):-0.765	O2):37.464	
O1):-0.807	O2):45.72	
O1):-0.851	O2):51.189	
O1):-0.771	O2):38.624	
O1):-0.794	O2):41.217	
O1):-0.736	O2):35.461	
O1):-0.807	O2):45.205	
O1):-0.712	O2):33.425	
O1):-0.828	O2):46.709	
O1):-0.709	O2):33.611	
O1):-0.724	O2):33.902	
O1):-0.826	O2):46.214	
O1):-0.778	O2):40.322	
O1):-0.687	O2):30.909	
O1):-0.816	O2):45.431	
O1):-0.825	O2):46.043	
O1):-0.798	O2):41.879	
O1):-0.792	O2):40.568	
O1):-0.772	O2):38.768	
O1):-0.823	O2):45.752	
O1):-0.723	O2):34.089	
O1):-0.789	O2):40.148	
O1):-0.722	O2):33.666	
O1):-0.766	O2):36.961	
O1):-0.784	O2):44.0	
O1):-0.745	O2):35.653	
O1):-0.692	O2):31.159	
O1):-0.817	O2):51.006	
O1):-0.773	O2):38.915	
O1):-0.73	O2):35.245	
O1):-0.816	O2):45.233	
O1):-0.755	O2):40.252	
O1):-0.712	O2):33.425	
O1):-0.772	O2):41.374	
O1):-0.771	O2):38.713	
O1):-0.755	O2):41.228	
O1):-0.775	O2):39.148	
O1):-0.685	O2):30.391	
O1):-0.681	O2):30.162	
O1):-0.795	O2):41.474	
O1):-0.766	O2):37.527	
O1):-0.734	O2):34.9	
O1):-0.739	O2):35.56	
O1):-0.752	O2):38.248	
O1):-0.782	O2):42.718	
O1):-0.819	O2):46.003	
O1):-0.827	O2):46.833	
O1):-0.814	O2):45.337	
O1):-0.781	O2):40.728	
O1):-0.829	O2):46.881	
O1):-0.82	O2):48.779	
O1):-0.749	O2):35.715	
O1):-0.821	O2):45.64	
O1):-0.853	O2):51.274	
O1):-0.794	O2):40.873	
O1):-0.782	O2):39.968	
O1):-0.732	O2):35.039	
O1):-0.747	O2):37.703	
O1):-0.749	O2):37.603	
O1):-0.852	O2):51.547	
O1):-0.793	O2):40.759	
O1):-0.681	O2):30.389	
O1):-0.727	O2):34.362	
O1):-0.712	O2):33.872	
O1):-0.825	O2):46.006	
O1):-0.793	O2):40.743	
O1):-0.75	O2):39.301	
O1):-0.782	O2):39.955	
O1):-0.661	O2):29.026	
O1):-0.749	O2):38.161	
O1):-0.828	O2):46.513	
O1):-0.818	O2):45.562	
O1):-0.754	O2):36.049	
O1):-0.725	O2):34.103	
O1):-0.772	O2):40.145	
O1):-0.785	O2):40.813	
O1):-0.793	O2):40.773	
O1):-0.826	O2):46.179	
O1):-0.793	O2):40.776	
O1):-0.729	O2):34.456	
O1):-0.728	O2):34.425	
O1):-0.79	O2):40.434	
O1):-0.816	O2):45.431	
O1):-0.77	O2):38.41	
O1):-0.742	O2):35.758	
O1):-0.819	O2):46.597	
O1):-0.679	O2):30.083	
O1):-0.661	O2):29.072	
O1):-0.816	O2):45.233	
O1):-0.688	O2):31.227	
O1):-0.849	O2):50.971	
O1):-0.706	O2):33.642	
O1):-0.771	O2):38.711	
O1):-0.747	O2):35.964	
O1):-0.791	O2):40.516	
O1):-0.703	O2):33.316	
O1):-0.657	O2):29.389	
O1):-0.725	O2):34.103	
O1):-0.726	O2):34.645	
O1):-0.752	O2):36.92	
O1):-0.862	O2):56.595	
O1):-0.799	O2):43.703	
O1):-0.791	O2):40.473	
O1):-0.793	O2):40.773	
O1):-0.863	O2):56.907	
O1):-0.75	O2):36.727	
O1):-0.798	O2):44.064	
O1):-0.826	O2):46.149	
O1):-0.763	O2):38.399	
O1):-0.82	O2):45.631	
O1):-0.799	O2):43.565	
O1):-0.779	O2):40.381	
O1):-0.823	O2):45.74	
O1):-0.713	O2):34.306	
O1):-0.82	O2):45.631	
O1):-0.763	O2):38.482	
O1):-0.73	O2):35.232	
O1):-0.753	O2):39.405	
O1):-0.792	O2):43.669	
O1):-0.727	O2):34.382	
O1):-0.672	O2):29.651	
O1):-0.77	O2):38.539	
O1):-0.851	O2):51.237	
O1):-0.749	O2):37.603	
O1):-0.776	O2):39.434	
O1):-0.748	O2):35.549	
O1):-0.828	O2):46.513	
O1):-0.789	O2):40.148	
O1):-0.823	O2):46.049	
O1):-0.727	O2):34.382	
O1):-0.828	O2):50.21	
O1):-0.771	O2):40.53	
O1):-0.732	O2):35.354	
O1):-0.776	O2):39.441	
O1):-0.793	O2):40.743	
O1):-0.794	O2):40.934	
O1):-0.826	O2):46.308	
O1):-0.797	O2):41.97	
O1):-0.829	O2):50.418	
O1):-0.827	O2):50.831	
O1):-0.719	O2):34.746	
O1):-0.828	O2):50.21	
O1):-0.774	O2):39.033	
O1):-0.782	O2):40.054	
O1):-0.777	O2):39.718	
O1):-0.782	O2):39.955	
O1):-0.836	O2):50.995	
O1):-0.798	O2):43.72	
O1):-0.73	O2):35.032	
O1):-0.794	O2):42.948	
O1):-0.724	O2):33.878	
O1):-0.77	O2):38.687	
O1):-0.772	O2):39.912	
O1):-0.739	O2):35.56	
O1):-0.777	O2):41.28	
O1):-0.802	O2):44.122	
O1):-0.766	O2):42.012	
O1):-0.79	O2):40.419	
O1):-0.816	O2):45.31	
O1):-0.668	O2):29.555	
O1):-0.724	O2):33.903	
O1):-0.793	O2):40.876	
O1):-0.772	O2):38.839	
O1):-0.833	O2):50.357	
O1):-0.741	O2):35.127	
O1):-0.692	O2):30.948	
O1):-0.85	O2):51.085	
O1):-0.741	O2):35.057	
O1):-0.748	O2):36.196	
O1):-0.777	O2):39.499	
O1):-0.776	O2):39.434	
O1):-0.829	O2):51.214	
O1):-0.782	O2):39.968	
O1):-0.832	O2):50.247	
O1):-0.687	O2):30.91	
O1):-0.703	O2):33.23	
O1):-0.776	O2):40.053	
O1):-0.742	O2):34.816	
O1):-0.796	O2):41.9	
O1):-0.836	O2):49.943	
O1):-0.816	O2):45.233	
O1):-0.79	O2):45.834	
O1):-0.816	O2):45.275	
O1):-0.775	O2):39.148	
O1):-0.78	O2):40.962	
O1):-0.783	O2):40.052	
O1):-0.748	O2):36.057	
O1):-0.77	O2):38.558	
O1):-0.798	O2):43.911	
O1):-0.805	O2):45.198	
O1):-0.804	O2):44.988	
O1):-0.773	O2):39.164	
O1):-0.792	O2):40.538	
O1):-0.823	O2):45.74	
O1):-0.746	O2):37.585	
O1):-0.74	O2):35.692	
O1):-0.772	O2):38.83	
O1):-0.661	O2):29.026	
O1):-0.795	O2):43.232	
O1):-0.772	O2):38.825	
O1):-0.671	O2):29.337	
O1):-0.826	O1):-0.792	O2):46.186	O2):40.55	

O1):-0.763	O2):40.211	
O1):-0.725	O2):34.139	
O1):-0.776	O2):39.438	
O1):-0.816	O2):45.431	
O1):-0.763	O2):36.32	
O1):-0.847	O2):50.432	
O1):-0.795	O2):41.474	
O1):-0.764	O2):38.405	
O1):-0.829	O2):50.2	
O1):-0.715	O2):33.651	
O1):-0.767	O2):38.372	
O1):-0.681	O2):30.38	
O1):-0.727	O2):34.362	
O1):-0.853	O2):56.296	
O1):-0.722	O2):33.666	
O1):-0.828	O2):46.718	
O1):-0.738	O2):35.456	
O1):-0.721	O2):34.01	
O1):-0.821	O2):45.64	
O1):-0.692	O2):30.948	
O1):-0.713	O2):33.349	
O1):-0.796	O2):41.788	
Starting PrismExecutor worker 4 on port 15074
O1):-0.814	O2):45.337	
O1):-0.747	O2):36.149	
O1):-0.851	O2):51.616	
Connected worker 4 to port 15074
O1):-0.808	O2):45.156	
O1):-0.658	O2):29.409	
O1):-0.683	O2):30.4	
O1):-0.8	O2):44.612	
O1):-0.784	O2):45.537	
O1):-0.772	O2):38.825	
O1):-0.852	O2):51.547	
O1):-0.851	O2):51.237	
O1):-0.823	O2):45.752	
O1):-0.707	O2):33.251	
O1):-0.74	O2):35.692	
O1):-0.708	O2):33.837	
O1):-0.849	O2):50.895	
O1):-0.753	O2):37.319	
O1):-0.853	O2):51.595	
O1):-0.789	O2):43.147	
O1):-0.726	O2):34.176	
O1):-0.766	O2):36.961	
O1):-0.71	O2):34.126	
O1):-0.657	O2):29.497	
O1):-0.732	O2):35.625	
O1):-0.826	O2):46.344	
O1):-0.774	O2):40.477	
O1):-0.796	O2):41.335	
O1):-0.747	O2):35.459	
O1):-0.793	O2):40.759	
O1):-0.796	O2):41.156	
O1):-0.712	O2):33.425	
O1):-0.795	O2):41.12	
O1):-0.844	O2):51.347	
O1):-0.743	O2):34.837	
O1):-0.795	O2):42.23	
O1):-0.777	O2):39.718	
O1):-0.779	O2):39.778	
O1):-0.792	O2):40.729	
O1):-0.794	O2):40.874	
O1):-0.819	O2):46.597	
O1):-0.791	O2):40.482	
O1):-0.828	O2):46.513	
O1):-0.773	O2):38.911	
O1):-0.774	O2):39.057	
O1):-0.744	O2):34.792	
O1):-0.745	O2):35.199	
O1):-0.79	O2):40.25	
O1):-0.816	O2):45.31	
O1):-0.791	O2):40.481	
O1):-0.794	O2):40.825	
O1):-0.763	O2):36.554	
O1):-0.731	O2):35.941	
O1):-0.807	O2):45.202	
O1):-0.802	O2):44.446	
O1):-0.799	O2):43.703	
O1):-0.827	O2):46.407	
O1):-0.793	O2):40.776	
O1):-0.827	O2):50.831	
O1):-0.801	O2):43.913	
O1):-0.832	O2):50.247	
O1):-0.797	O2):43.705	
O1):-0.792	O2):40.536	
O1):-0.823	O2):45.761	
O1):-0.783	O2):40.255	
O1):-0.799	O2):43.992	
O1):-0.735	O2):34.33	
O1):-0.77	O2):38.686	
O1):-0.744	O2):35.436	
O1):-0.755	O2):36.051	
O1):-0.712	O2):33.269	
O1):-0.713	O2):33.879	
O1):-0.766	O2):39.127	
O1):-0.798	O2):44.203	
O1):-0.73	O2):34.83	
O1):-0.732	O2):34.82	
O1):-0.825	O2):45.976	
O1):-0.706	O2):33.633	
O1):-0.792	O2):40.56	
O1):-0.734	O2):35.432	
O1):-0.777	O2):39.41	
O1):-0.723	O2):34.473	
O1):-0.827	O2):46.226	
O1):-0.781	O2):42.015	
O1):-0.853	O2):56.296	
O1):-0.805	O2):45.197	
O1):-0.79	O2):40.265	
O1):-0.678	O2):30.018	
O1):-0.818	O2):45.573	
O1):-0.728	O2):34.354	
O1):-0.778	O2):39.755	
O1):-0.758	O2):35.851	
O1):-0.791	O2):40.345	
O1):-0.668	O2):29.555	
O1):-0.672	O2):30.728	
O1):-0.749	O2):38.161	
O1):-0.712	O2):33.425	
O1):-0.8	O2):43.901	
O1):-0.769	O2):38.441	
O1):-0.73	O2):34.564	
O1):-0.813	O2):48.551	
O1):-0.824	O2):45.996	
O1):-0.714	O2):34.158	
O1):-0.745	O2):35.739	
O1):-0.821	O2):50.173	
O1):-0.679	O2):30.045	
O1):-0.735	O2):35.835	
O1):-0.816	O2):45.431	
O1):-0.794	O2):43.989	
O1):-0.685	O2):30.391	
O1):-0.725	O2):34.139	
O1):-0.658	O2):29.926	
O1):-0.743	O2):35.461	
O1):-0.707	O2):33.251	
O1):-0.798	O2):43.72	
O1):-0.743	O2):36.172	
O1):-0.818	O2):45.562	
O1):-0.77	O2):38.827	
O1):-0.766	O2):37.527	
O1):-0.742	O2):35.699	
O1):-0.756	O2):39.921	
O1):-0.859	O2):55.937	
O1):-0.663	O2):29.3	
O1):-0.859	O2):55.937	
O1):-0.772	O2):38.768	
O1):-0.689	O2):32.987	
O1):-0.821	O2):45.64	
O1):-0.777	O2):39.41	
O1):-0.851	O2):51.616	
O1):-0.775	O2):39.148	
O1):-0.656	O2):30.187	
O1):-0.792	O2):40.729	
O1):-0.802	O2):44.446	
O1):-0.723	O2):33.808	
O1):-0.848	O2):50.44	
O1):-0.778	O2):39.756	
O1):-0.719	O2):35.367	
O1):-0.676	O2):29.803	
O1):-0.771	O2):38.609	
O1):-0.731	O2):34.824	
O1):-0.803	O2):45.15	
O1):-0.776	O2):39.434	
O1):-0.702	O2):33.156	
O1):-0.718	O2):34.49	
O1):-0.674	O2):29.624	
O1):-0.771	O2):41.245	
O1):-0.668	O2):29.648	
O1):-0.796	O2):43.236	
O1):-0.771	O2):38.707	
O1):-0.766	O2):37.527	
O1):-0.813	O2):45.288	
O1):-0.773	O2):39.164	
O1):-0.853	O2):56.296	
O1):-0.738	O2):35.456	
O1):-0.793	O2):40.838	
O1):-0.778	O2):39.755	
O1):-0.748	O2):38.954	
O1):-0.748	O2):35.567	
Evaluations:	2800
O1):-0.798	O2):43.476	
O1):-0.771	O2):38.707	
O1):-0.692	O2):31.159	
O1):-0.795	O2):41.091	
O1):-0.821	O2):45.64	
O1):-0.816	O2):45.376	
O1):-0.729	O2):34.678	
O1):-0.726	O2):34.203	
O1):-0.825	O2):45.872	
O1):-0.792	O2):45.428	
O1):-0.774	O2):39.081	
O1):-0.779	O2):39.717	
Starting PrismExecutor worker 4 on port 15084
O1):-0.731	O2):35.324	
Connected worker 4 to port 15084
O1):-0.745	O2):35.653	
O1):-0.824	O2):45.784	
O1):-0.672	O2):29.651	
O1):-0.773	O2):39.012	
O1):-0.703	O2):33.405	
O1):-0.681	O2):30.389	
O1):-0.851	O2):51.237	
O1):-0.763	O2):40.143	
O1):-0.801	O2):44.802	
O1):-0.816	O2):45.744	
O1):-0.795	O2):43.403	
O1):-0.796	O2):43.194	
O1):-0.795	O2):41.12	
O1):-0.772	O2):38.752	
O1):-0.739	O2):35.56	
O1):-0.79	O2):40.403	
O1):-0.668	O2):29.646	
O1):-0.666	O2):29.626	
O1):-0.701	O2):33.944	
O1):-0.791	O2):43.685	
O1):-0.771	O2):38.609	
O1):-0.762	O2):36.268	
O1):-0.733	O2):34.802	
O1):-0.763	O2):36.32	
O1):-0.707	O2):33.647	
O1):-0.827	O2):46.226	
O1):-0.755	O2):38.783	
O1):-0.845	O2):50.527	
O1):-0.794	O2):40.825	
O1):-0.774	O2):39.105	
O1):-0.853	O2):51.274	
O1):-0.845	O2):50.485	
O1):-0.703	O2):33.316	
O1):-0.785	O2):40.813	
Evaluations:	2200
O1):-0.801	O2):44.064	
O1):-0.73	O2):34.04	
O1):-0.775	O2):39.212	
O1):-0.733	O2):34.879	
O1):-0.71	O2):33.501	
O1):-0.747	O2):36.021	
O1):-0.688	O2):31.227	
O1):-0.823	O2):45.83	
O1):-0.747	O2):35.771	
O1):-0.816	O2):45.423	
O1):-0.723	O2):33.74	
O1):-0.848	O2):50.44	
O1):-0.718	O2):33.369	
O1):-0.785	O2):40.487	
O1):-0.724	O2):33.878	
O1):-0.824	O2):45.954	
O1):-0.676	O2):29.803	
O1):-0.794	O2):41.145	
O1):-0.728	O2):34.425	
O1):-0.8	O2):44.211	
O1):-0.773	O2):39.013	
O1):-0.771	O2):38.707	
O1):-0.693	O2):31.269	
O1):-0.697	O2):33.64	
O1):-0.66	O2):29.384	
O1):-0.735	O2):35.832	
O1):-0.851	O2):51.205	
O1):-0.824	O2):45.755	
O1):-0.779	O2):39.717	
O1):-0.784	O2):40.218	
O1):-0.786	O2):42.828	
O1):-0.775	O2):39.305	
O1):-0.742	O2):36.155	
O1):-0.79	O2):40.265	
O1):-0.776	O2):39.434	
O1):-0.796	O2):43.701	
O1):-0.763	O2):38.272	
O1):-0.688	O2):30.495	
O1):-0.725	O2):34.104	
O1):-0.85	O2):50.654	
O1):-0.783	O2):40.108	
O1):-0.798	O2):44.203	
O1):-0.745	O2):35.739	
O1):-0.75	O2):36.782	
O1):-0.651	O2):28.927	
O1):-0.806	O2):45.149	
O1):-0.755	O2):36.051	
O1):-0.691	O2):35.41	
O1):-0.778	O2):39.886	
O1):-0.777	O2):39.718	
O1):-0.763	O2):36.601	
O1):-0.772	O2):38.768	
O1):-0.794	O2):40.867	
O1):-0.75	O2):38.459	
O1):-0.822	O2):45.633	
O1):-0.768	O2):38.327	
O1):-0.8	O2):44.072	
O1):-0.796	O2):41.169	
O1):-0.711	O2):33.834	
O1):-0.845	O2):50.485	
O1):-0.859	O2):55.937	
O1):-0.776	O2):39.355	
O1):-0.727	O2):34.302	
O1):-0.788	O2):40.114	
O1):-0.775	O2):39.154	
O1):-0.849	O2):50.971	
O1):-0.747	O2):36.04	
O1):-0.792	O2):40.56	
O1):-0.762	O2):36.268	
O1):-0.825	O2):46.061	
O1):-0.77	O2):38.41	
O1):-0.746	O2):35.478	
O1):-0.792	O2):45.448	
O1):-0.753	O2):41.102	
O1):-0.75	O2):36.782	
O1):-0.747	O2):36.04	
O1):-0.745	O2):35.199	
O1):-0.775	O2):39.078	
O1):-0.825	O2):46.05	
O1):-0.782	O2):40.049	
O1):-0.712	O2):33.425	
O1):-0.829	O2):47.023	
O1):-0.668	O2):29.646	
O1):-0.848	O2):50.902	
O1):-0.867	O2):55.844	
O1):-0.657	O2):29.402	
O1):-0.792	O2):40.762	
O1):-0.724	O2):33.878	
O1):-0.795	O2):43.226	
O1):-0.774	O2):40.559	
O1):-0.742	O2):35.905	
O1):-0.773	O2):39.001	
O1):-0.798	O2):43.476	
O1):-0.746	O2):35.422	
O1):-0.827	O2):46.492	
O1):-0.756	O2):39.921	
O1):-0.723	O2):33.691	
O1):-0.723	O2):33.691	
O1):-0.795	O2):43.247	
O1):-0.702	O2):33.156	
O1):-0.783	O2):43.768	
O1):-0.761	O2):35.903	
O1):-0.797	O2):41.97	
O1):-0.73	O2):34.766	
O1):-0.794	O2):40.873	
O1):-0.745	O2):34.961	
O1):-0.745	O2):35.768	
O1):-0.685	O2):30.949	
O1):-0.731	O2):34.705	
O1):-0.821	O2):45.673	
O1):-0.796	O2):41.616	
O1):-0.836	O2):49.943	
O1):-0.749	O2):38.161	
O1):-0.8	O2):44.211	
O1):-0.776	O2):39.355	
O1):-0.776	O2):39.355	
O1):-0.771	O2):38.715	
O1):-0.796	O2):43.192	
O1):-0.659	O2):28.81	
O1):-0.772	O2):38.768	
O1):-0.779	O2):39.717	
O1):-0.684	O2):30.102	
O1):-0.844	O2):51.37	
O1):-0.793	O2):40.751	
O1):-0.773	O2):38.914	
O1):-0.812	O2):45.258	
O1):-0.725	O2):34.103	
O1):-0.68	O2):30.326	
O1):-0.702	O2):33.156	
O1):-0.685	O2):31.016	
O1):-0.845	O2):50.485	
O1):-0.791	O2):40.457	
O1):-0.797	O2):41.97	
O1):-0.833	O2):50.357	
O1):-0.827	O2):46.692	
O1):-0.807	O2):45.335	
O1):-0.672	O2):30.728	
O1):-0.731	O2):34.705	
O1):-0.713	O2):33.349	
O1):-0.735	O2):35.829	
O1):-0.77	O2):38.442	
O1):-0.674	O2):29.624	
O1):-0.826	O2):46.242	
O1):-0.862	O2):56.595	
O1):-0.656	O2):29.375	
O1):-0.828	O2):46.568	
O1):-0.824	O2):45.954	
O1):-0.656	O2):29.394	
Starting PrismExecutor worker 1 on port 15041
O1):-0.797	O2):44.097	
O1):-0.743	O2):34.792	
O1):-0.732	O2):35.039	
Evaluations:	2900
Connected worker 1 to port 15041
O1):-0.663	O2):29.269	
O1):-0.792	O2):43.337	
O1):-0.807	O2):45.104	
O1):-0.834	O2):50.342	
O1):-0.767	O2):37.569	
O1):-0.663	O2):29.3	
O1):-0.745	O2):35.199	
O1):-0.678	O2):30.018	
O1):-0.771	O2):38.736	
O1):-0.821	O2):45.582	
O1):-0.799	O2):43.989	
O1):-0.779	O2):39.771	
O1):-0.774	O2):40.477	
O1):-0.839	O2):50.439	
O1):-0.813	O2):45.288	
O1):-0.733	O2):34.737	
O1):-0.745	O2):35.653	
O1):-0.688	O2):31.065	
O1):-0.727	O2):34.302	
O1):-0.775	O2):39.304	
O1):-0.685	O2):30.391	
O1):-0.807	O2):45.104	
O1):-0.849	O2):50.868	
O1):-0.798	O2):43.72	
O1):-0.824	O2):45.995	
O1):-0.671	O2):29.337	
O1):-0.815	O2):45.082	
O1):-0.779	O2):40.427	
O1):-0.812	O2):54.95	
O1):-0.797	O2):41.829	
O1):-0.779	O2):39.936	
O1):-0.817	O2):45.566	
O1):-0.789	O2):40.148	
O1):-0.769	O2):38.658	
O1):-0.681	O2):30.38	
O1):-0.762	O2):36.268	
O1):-0.812	O2):45.258	
O1):-0.766	O2):37.527	
O1):-0.847	O2):50.826	
O1):-0.771	O2):38.7	
O1):-0.815	O2):45.26	
O1):-0.73	O2):35.09	
O1):-0.756	O2):38.321	
Evaluations:	2400
O1):-0.791	O2):40.472	
O1):-0.736	O2):35.461	
O1):-0.768	O2):39.143	
O1):-0.799	O2):43.563	
O1):-0.799	O2):43.563	
O1):-0.745	O2):34.961	
O1):-0.703	O2):33.245	
O1):-0.798	O2):43.476	
O1):-0.799	O2):43.989	
O1):-0.773	O2):39.012	
O1):-0.807	O2):45.205	
O1):-0.768	O2):38.327	
O1):-0.745	O2):35.074	
O1):-0.792	O2):40.729	
O1):-0.792	O2):40.568	
O1):-0.796	O2):41.614	
O1):-0.725	O2):34.704	
O1):-0.793	O2):40.759	
O1):-0.796	O2):41.198	
O1):-0.745	O2):35.154	
O1):-0.669	O2):29.617	
O1):-0.794	O2):40.934	
O1):-0.778	O2):40.322	
O1):-0.819	O2):45.574	
O1):-0.797	O2):43.705	
Evaluations:	2900
O1):-0.817	O2):45.386	
O1):-0.8	O2):43.969	
O1):-0.8	O2):43.969	
O1):-0.8	O2):43.786	
O1):-0.782	O2):40.054	
O1):-0.745	O2):35.199	
O1):-0.786	O2):40.691	
O1):-0.793	O2):40.706	
O1):-0.816	O2):45.431	
O1):-0.834	O2):49.884	
O1):-0.718	O2):34.827	
O1):-0.714	O2):33.427	
O1):-0.746	O2):35.463	
O1):-0.798	O2):43.72	
O1):-0.755	O2):39.879	
O1):-0.791	O2):40.545	
O1):-0.773	O2):38.915	
O1):-0.828	O2):46.835	
Evaluations:	2600
O1):-0.8	O2):44.211	
O1):-0.726	O2):34.188	
O1):-0.798	O2):41.879	
O1):-0.775	O2):43.962	
O1):-0.769	O2):38.436	
O1):-0.774	O2):39.057	
O1):-0.817	O2):45.485	
O1):-0.827	O2):46.233	
O1):-0.794	O2):40.853	
O1):-0.791	O2):40.481	
O1):-0.764	O2):38.615	
O1):-0.741	O2):36.067	
O1):-0.73	O2):34.564	
O1):-0.835	O2):50.667	
O1):-0.721	O2):34.524	
O1):-0.779	O2):39.717	
O1):-0.762	O2):38.271	
O1):-0.798	O2):43.911	
O1):-0.772	O2):38.768	
O1):-0.767	O2):38.406	
O1):-0.848	O2):50.902	
O1):-0.771	O2):38.711	
O1):-0.796	O2):43.226	
O1):-0.766	O2):36.961	
O1):-0.736	O2):34.831	
O1):-0.818	O2):45.573	
O1):-0.777	O2):39.915	
O1):-0.766	O2):36.961	
O1):-0.823	O2):49.354	
O1):-0.752	O2):37.023	
O1):-0.783	O2):40.108	
O1):-0.77	O2):38.442	
O1):-0.802	O2):44.794	
O1):-0.788	O2):39.966	
O1):-0.828	O2):46.568	
O1):-0.776	O2):39.303	
O1):-0.797	O2):41.975	
O1):-0.776	O2):39.318	
O1):-0.775	O2):39.435	
O1):-0.827	O2):46.266	
O1):-0.762	O2):38.346	
O1):-0.694	O2):33.167	
O1):-0.78	O2):40.61	
O1):-0.681	O2):30.389	
O1):-0.823	O2):45.675	
O1):-0.835	O2):50.521	
O1):-0.709	O2):33.611	
O1):-0.827	O2):46.233	
O1):-0.808	O2):45.156	
O1):-0.777	O2):41.095	
O1):-0.796	O2):43.206	
O1):-0.637	O2):29.122	
O1):-0.764	O2):36.628	
Evaluations:	2700
O1):-0.657	O2):29.399	
O1):-0.788	O2):39.972	
O1):-0.812	O2):45.258	
O1):-0.832	O2):50.249	
O1):-0.747	O2):35.384	
O1):-0.718	O2):35.055	
O1):-0.689	O2):30.504	
O1):-0.793	O2):40.821	
O1):-0.793	O2):40.776	
O1):-0.796	O2):41.335	
O1):-0.814	O2):45.337	
O1):-0.712	O2):38.219	
O1):-0.747	O2):37.703	
O1):-0.763	O2):38.253	
O1):-0.747	O2):35.464	
O1):-0.834	O2):50.342	
O1):-0.802	O2):44.794	
Starting PrismExecutor worker 5 on port 15085
O1):-0.774	O2):39.4	
O1):-0.741	O2):35.057	
Connected worker 5 to port 15085
O1):-0.68	O2):30.326	
O1):-0.688	O2):30.495	
O1):-0.685	O2):31.016	
O1):-0.849	O2):50.538	
O1):-0.8	O2):43.977	
O1):-0.772	O2):38.768	
O1):-0.794	O2):40.873	
O1):-0.758	O2):40.376	
O1):-0.744	O2):36.078	
O1):-0.725	O2):33.938	
O1):-0.763	O2):36.554	
O1):-0.799	O2):43.847	
O1):-0.731	O2):34.819	
O1):-0.731	O2):34.706	
O1):-0.659	O2):28.811	
O1):-0.771	O2):38.569	
Evaluations:	2600
O1):-0.799	O2):43.563	
O1):-0.767	O2):38.965	
O1):-0.8	O2):43.85	
O1):-0.84	O2):50.717	
O1):-0.792	O2):43.337	
O1):-0.687	O2):30.91	
O1):-0.845	O2):50.485	
O1):-0.796	O2):41.169	
O1):-0.777	O2):39.475	
O1):-0.742	O2):35.226	
O1):-0.803	O2):45.596	
O1):-0.795	O2):41.12	
O1):-0.797	O2):43.705	
O1):-0.825	O2):46.215	
O1):-0.746	O2):35.422	
O1):-0.85	O2):50.654	
O1):-0.736	O2):34.831	
O1):-0.772	O2):40.455	
O1):-0.743	O2):34.856	
O1):-0.702	O2):33.174	
O1):-0.724	O2):33.95	
O1):-0.743	O2):35.875	
O1):-0.775	O2):39.077	
O1):-0.796	O2):41.335	
O1):-0.796	O2):41.198	
O1):-0.793	O2):40.821	
O1):-0.769	O2):38.391	
O1):-0.796	O2):44.092	
O1):-0.826	O2):46.279	
O1):-0.686	O2):30.162	
O1):-0.671	O2):29.337	
O1):-0.743	O2):34.837	
O1):-0.733	O2):34.801	
O1):-0.767	O2):39.083	
O1):-0.862	O2):56.595	
O1):-0.816	O2):45.571	
O1):-0.799	O2):44.289	
O1):-0.756	O2):38.321	
O1):-0.657	O2):29.399	
O1):-0.792	O2):41.151	
O1):-0.724	O2):33.878	
O1):-0.761	O2):35.995	
O1):-0.66	O2):29.384	
O1):-0.794	O2):40.818	
O1):-0.674	O2):29.702	
O1):-0.744	O2):35.644	
O1):-0.779	O2):39.79	
O1):-0.765	O2):37.464	
O1):-0.755	O2):39.427	
O1):-0.803	O2):44.973	
O1):-0.674	O2):29.694	
O1):-0.723	O2):34.089	
O1):-0.669	O2):29.05	
O1):-0.745	O2):35.739	
O1):-0.812	O2):46.331	
O1):-0.776	O2):39.637	
O1):-0.75	O2):36.782	
O1):-0.779	O2):39.747	
O1):-0.814	O2):44.969	
O1):-0.821	O2):45.663	
O1):-0.803	O2):45.114	
O1):-0.771	O2):38.7	
O1):-0.79	O2):40.25	
O1):-0.697	O2):35.096	
O1):-0.772	O2):38.768	
O1):-0.731	O2):35.326	
O1):-0.723	O2):33.99	
O1):-0.681	O2):30.389	
O1):-0.771	O2):38.569	
O1):-0.752	O2):36.92	
O1):-0.702	O2):33.156	
O1):-0.728	O2):34.3	
O1):-0.776	O2):40.22	
O1):-0.736	O2):34.831	
O1):-0.711	O2):33.845	
O1):-0.851	O2):51.194	
O1):-0.706	O2):35.187	
O1):-0.802	O2):44.851	
O1):-0.762	O2):38.271	
O1):-0.69	O2):30.508	
O1):-0.823	O2):45.752	
O1):-0.686	O2):32.93	
O1):-0.797	O2):44.1	
O1):-0.798	O2):44.064	
O1):-0.742	O2):35.758	
O1):-0.778	O2):40.322	
O1):-0.779	O2):39.795	
O1):-0.802	O2):44.851	
O1):-0.827	O2):46.519	
O1):-0.795	O2):41.035	
O1):-0.771	O2):38.636	
O1):-0.844	O2):51.347	
O1):-0.826	O2):46.062	
O1):-0.763	O2):38.399	
O1):-0.795	O2):41.035	
O1):-0.716	O2):35.167	
O1):-0.828	O2):46.835	
O1):-0.803	O2):44.973	
O1):-0.806	O2):45.365	
O1):-0.853	O2):51.831	
O1):-0.747	O2):37.703	
O1):-0.775	O2):39.435	
O1):-0.751	O2):40.341	
O1):-0.774	O2):39.058	
O1):-0.679	O2):30.082	
O1):-0.706	O2):33.633	
O1):-0.749	O2):37.603	
O1):-0.828	O2):46.513	
O1):-0.747	O2):36.021	
O1):-0.829	O2):47.023	
O1):-0.824	O2):45.934	
O1):-0.748	O2):35.549	
O1):-0.75	O2):36.737	
O1):-0.698	O2):33.091	
O1):-0.793	O2):40.768	
O1):-0.802	O2):44.794	
O1):-0.749	O2):35.435	
O1):-0.725	O2):34.111	
O1):-0.791	O2):40.473	
O1):-0.763	O2):38.271	
O1):-0.771	O2):38.814	
O1):-0.794	O2):40.873	
O1):-0.766	O2):39.015	
O1):-0.84	O2):50.717	
O1):-0.748	O2):36.865	
O1):-0.796	O2):41.167	
O1):-0.794	O2):40.955	
O1):-0.849	O2):50.895	
O1):-0.774	O2):39.081	
Evaluations:	2500
O1):-0.778	O2):40.403	
O1):-0.776	O2):39.47	
O1):-0.802	O2):44.794	
O1):-0.784	O2):40.624	
O1):-0.788	O2):40.114	
O1):-0.792	O2):44.113	
O1):-0.763	O2):36.554	
O1):-0.772	O2):38.768	
O1):-0.702	O2):33.156	
O1):-0.792	O2):40.504	
O1):-0.802	O2):44.273	
O1):-0.731	O2):34.824	
O1):-0.738	O2):35.359	
O1):-0.777	O2):41.095	
O1):-0.763	O2):38.436	
O1):-0.802	O2):44.446	
O1):-0.804	O2):45.22	
O1):-0.803	O2):45.463	
O1):-0.77	O2):40.232	
O1):-0.793	O2):40.743	
O1):-0.784	O2):40.391	
O1):-0.797	O2):41.977	
O1):-0.678	O2):30.018	
O1):-0.814	O2):44.969	
O1):-0.794	O2):40.853	
O1):-0.797	O2):41.97	
O1):-0.744	O2):34.792	
Starting PrismExecutor worker 2 on port 15092
O1):-0.824	O2):45.784	
Connected worker 2 to port 15092
O1):-0.829	O2):46.881	
O1):-0.733	O2):34.737	
O1):-0.773	O2):39.164	
O1):-0.825	O2):46.426	
O1):-0.711	O2):33.834	
O1):-0.867	O2):56.031	
O1):-0.816	O2):45.431	
O1):-0.85	O2):50.79	
O1):-0.827	O2):50.033	
O1):-0.775	O2):39.303	
O1):-0.763	O2):38.399	
O1):-0.779	O2):39.936	
O1):-0.775	O2):40.098	
O1):-0.681	O2):30.38	
O1):-0.777	O2):39.819	
O1):-0.861	O2):56.253	
O1):-0.792	O2):40.659	
O1):-0.661	O2):29.072	
O1):-0.799	O2):43.687	
O1):-0.854	O2):55.687	
O1):-0.77	O2):38.514	
O1):-0.827	O2):46.692	
O1):-0.79	O2):40.419	
O1):-0.85	O2):50.79	
O1):-0.825	O2):46.003	
O1):-0.774	O2):39.066	
O1):-0.803	O2):44.973	
O1):-0.818	O2):45.573	
O1):-0.681	O2):30.162	
O1):-0.681	O2):30.162	
O1):-0.793	O2):40.773	
O1):-0.768	O2):38.97	
O1):-0.636	O2):28.958	
O1):-0.727	O2):34.382	
O1):-0.802	O2):44.446	
O1):-0.708	O2):35.392	
O1):-0.801	O2):43.913	
O1):-0.805	O2):44.87	
O1):-0.793	O2):40.747	
O1):-0.776	O2):39.434	
O1):-0.745	O2):35.653	
O1):-0.73	O2):34.05	
O1):-0.792	O2):40.56	
O1):-0.723	O2):33.74	
O1):-0.844	O2):51.374	
O1):-0.778	O2):40.322	
O1):-0.853	O2):51.831	
O1):-0.774	O2):40.258	
O1):-0.703	O2):33.405	
O1):-0.703	O2):33.316	
O1):-0.669	O2):29.617	
O1):-0.797	O2):41.975	
O1):-0.767	O2):37.571	
O1):-0.763	O2):36.32	
O1):-0.801	O2):44.95	
O1):-0.727	O2):34.44	
O1):-0.849	O2):50.895	
O1):-0.763	O2):38.278	
O1):-0.826	O2):46.199	
O1):-0.775	O2):39.17	
O1):-0.799	O2):43.847	
O1):-0.732	O2):35.039	
O1):-0.727	O2):34.447	
O1):-0.704	O2):33.509	
O1):-0.845	O2):50.527	
O1):-0.766	O2):38.793	
O1):-0.659	O2):28.811	
Evaluations:	2700
O1):-0.765	O2):36.582	
O1):-0.712	O2):33.573	
O1):-0.827	O2):46.692	
O1):-0.772	O2):39.045	
O1):-0.851	O2):51.237	
O1):-0.749	O2):39.6	
O1):-0.705	O2):33.893	
O1):-0.779	O2):39.795	
O1):-0.661	O2):29.072	
O1):-0.679	O2):30.082	
O1):-0.825	O2):46.043	
O1):-0.727	O2):34.447	
O1):-0.761	O2):39.387	
O1):-0.764	O2):38.405	
O1):-0.814	O2):44.969	
O1):-0.85	O2):51.085	
O1):-0.736	O2):35.461	
O1):-0.743	O2):34.792	
O1):-0.792	O2):40.568	
O1):-0.779	O2):39.74	
O1):-0.814	O2):44.969	
O1):-0.845	O2):50.527	
O1):-0.7	O2):33.23	
O1):-0.811	O2):46.421	
O1):-0.777	O2):39.475	
O1):-0.767	O2):38.406	
O1):-0.791	O2):40.49	
O1):-0.822	O2):45.657	
O1):-0.793	O2):40.777	
O1):-0.789	O2):40.148	
O1):-0.773	O2):39.005	
O1):-0.825	O2):46.031	
O1):-0.798	O2):44.298	
O1):-0.776	O2):39.348	
O1):-0.807	O2):45.681	
O1):-0.851	O2):51.234	
O1):-0.844	O2):51.347	
O1):-0.815	O2):48.542	
O1):-0.799	O2):43.703	
O1):-0.761	O2):36.013	
O1):-0.771	O2):38.609	
O1):-0.687	O2):30.976	
O1):-0.792	O2):40.56	
O1):-0.795	O2):41.035	
O1):-0.763	O2):36.32	
O1):-0.777	O2):39.718	
O1):-0.859	O2):55.937	
O1):-0.789	O2):40.148	
O1):-0.826	O2):46.571	
O1):-0.848	O2):50.558	
O1):-0.764	O2):39.536	
O1):-0.773	O2):38.911	
O1):-0.772	O2):38.804	
O1):-0.862	O2):56.598	
O1):-0.84	O2):50.717	
O1):-0.765	O2):38.766	
O1):-0.825	O2):46.426	
O1):-0.722	O2):33.627	
O1):-0.738	O2):34.872	
O1):-0.692	O2):31.159	
O1):-0.794	O2):40.885	
O1):-0.853	O2):51.595	
O1):-0.798	O2):43.72	
O1):-0.685	O2):31.016	
O1):-0.765	O2):38.766	
O1):-0.846	O2):50.639	
O1):-0.773	O2):38.915	
O1):-0.73	O2):34.565	
O1):-0.77	O2):38.442	
O1):-0.711	O2):33.69	
O1):-0.799	O2):44.054	
O1):-0.774	O2):39.057	
O1):-0.795	O2):43.14	
O1):-0.824	O2):45.995	
O1):-0.783	O2):43.768	
O1):-0.823	O2):46.049	
O1):-0.745	O2):35.739	
O1):-0.701	O2):33.957	
O1):-0.807	O2):45.335	
O1):-0.745	O2):35.739	
O1):-0.798	O2):44.203	
O1):-0.674	O2):29.629	
O1):-0.773	O2):38.911	
O1):-0.79	O2):40.403	
O1):-0.776	O2):39.407	
O1):-0.743	O2):34.792	
O1):-0.793	O2):40.743	
O1):-0.826	O2):46.179	
O1):-0.746	O2):35.975	
O1):-0.76	O2):36.018	
O1):-0.801	O2):44.799	
O1):-0.758	O2):40.427	
O1):-0.678	O2):30.018	
O1):-0.673	O2):29.629	
O1):-0.779	O2):39.771	
O1):-0.774	O2):39.116	
O1):-0.772	O2):38.755	
O1):-0.807	O2):45.202	
O1):-0.808	O1):-0.792	O2):40.504	O2):45.539	

O1):-0.747	O2):37.703	
O1):-0.684	O2):31.115	
O1):-0.771	O2):38.569	
O1):-0.852	O2):55.289	
O1):-0.782	O2):39.968	
Starting PrismExecutor worker 0 on port 15000
Connected worker 0 to port 15000
O1):-0.725	O2):33.938	
O1):-0.837	O2):51.571	
O1):-0.772	O2):39.045	
O1):-0.729	O2):34.772	
O1):-0.773	O2):40.445	
O1):-0.73	O2):35.209	
O1):-0.792	O2):40.504	
O1):-0.794	O2):40.853	
O1):-0.829	O2):46.881	
O1):-0.745	O2):35.074	
O1):-0.734	O2):35.715	
O1):-0.735	O2):35.088	
O1):-0.755	O2):40.585	
O1):-0.803	O2):45.114	
O1):-0.733	O2):35.879	
O1):-0.712	O2):33.872	
O1):-0.729	O2):34.525	
O1):-0.773	O2):38.911	
O1):-0.851	O2):51.19	
O1):-0.681	O2):30.162	
O1):-0.795	O2):41.474	
O1):-0.727	O2):34.382	
O1):-0.782	O2):39.968	
O1):-0.775	O2):39.304	
O1):-0.841	O2):50.669	
O1):-0.672	O2):29.651	
O1):-0.777	O2):39.635	
O1):-0.671	O2):29.312	
O1):-0.804	O2):45.22	
O1):-0.772	O2):38.752	
O1):-0.779	O2):41.416	
O1):-0.717	O2):33.346	
O1):-0.82	O2):45.64	
O1):-0.783	O2):40.053	
O1):-0.828	O2):50.014	
O1):-0.772	O2):38.753	
O1):-0.783	O2):42.748	
O1):-0.763	O2):38.482	
O1):-0.741	O2):38.987	
O1):-0.743	O2):35.339	
O1):-0.797	O2):41.829	
O1):-0.829	O2):50.418	
O1):-0.769	O2):38.658	
O1):-0.793	O2):40.759	
O1):-0.671	O2):30.093	
O1):-0.849	O2):50.538	
O1):-0.789	O2):40.146	
O1):-0.746	O2):38.75	
O1):-0.798	O2):44.064	
O1):-0.793	O2):40.869	
O1):-0.789	O2):40.148	
O1):-0.759	O2):38.997	
O1):-0.795	O2):41.035	
O1):-0.834	O2):50.342	
O1):-0.708	O2):34.838	
O1):-0.79	O2):40.419	
O1):-0.814	O2):45.217	
O1):-0.85	O2):50.79	
O1):-0.782	O2):40.055	
O1):-0.734	O2):35.002	
O1):-0.663	O2):29.3	
O1):-0.793	O2):40.806	
O1):-0.663	O2):29.3	
O1):-0.805	O2):45.008	
O1):-0.832	O2):50.247	
O1):-0.772	O2):38.835	
O1):-0.827	O2):46.266	
O1):-0.749	O2):38.161	
O1):-0.775	O2):40.667	
O1):-0.731	O2):34.824	
O1):-0.68	O2):30.326	
O1):-0.692	O2):31.198	
O1):-0.763	O2):36.554	
O1):-0.797	O2):41.975	
O1):-0.747	O2):36.04	
O1):-0.818	O2):45.562	
O1):-0.774	O2):38.942	
O1):-0.741	O2):35.057	
O1):-0.745	O2):35.768	
O1):-0.772	O2):38.823	
O1):-0.796	O2):41.156	
O1):-0.724	O2):33.878	
O1):-0.747	O2):35.384	
O1):-0.828	O2):46.568	
O1):-0.742	O2):34.816	
O1):-0.861	O2):56.253	
O1):-0.818	O2):45.562	
O1):-0.724	O2):33.902	
O1):-0.772	O2):39.138	
O1):-0.777	O2):39.412	
O1):-0.723	O2):34.721	
O1):-0.795	O2):43.002	
O1):-0.814	O2):45.217	
O1):-0.775	O2):39.305	
O1):-0.824	O2):45.747	
O1):-0.771	O2):38.707	
O1):-0.799	O2):44.571	
O1):-0.808	O2):45.374	
O1):-0.748	O2):36.057	
O1):-0.802	O2):44.119	
O1):-0.776	O2):39.371	
O1):-0.702	O2):33.156	
O1):-0.798	O2):43.72	
O1):-0.799	O2):43.847	
O1):-0.779	O2):39.717	
O1):-0.752	O2):37.023	
O1):-0.793	O2):40.799	
O1):-0.726	O2):34.145	
O1):-0.826	O2):46.07	
O1):-0.773	O2):39.026	
O1):-0.805	O2):45.197	
O1):-0.711	O2):33.851	
O1):-0.688	O2):31.065	
O1):-0.861	O2):56.253	
O1):-0.747	O2):35.464	
O1):-0.798	O2):44.298	
O1):-0.825	O2):45.937	
O1):-0.847	O2):50.432	
O1):-0.718	O2):33.448	
O1):-0.771	O2):40.136	
O1):-0.726	O2):34.375	
O1):-0.73	O2):34.798	
O1):-0.688	O2):31.065	
O1):-0.805	O2):45.197	
O1):-0.685	O2):31.005	
O1):-0.735	O2):35.088	
O1):-0.778	O2):41.367	
O1):-0.672	O2):30.728	
O1):-0.761	O2):39.89	
O1):-0.778	O2):39.701	
O1):-0.765	O2):38.544	
O1):-0.796	O2):41.198	
O1):-0.796	O2):41.17	
O1):-0.789	O2):40.146	
O1):-0.652	O2):29.041	
O1):-0.775	O2):39.15	
O1):-0.8	O2):43.994	
O1):-0.732	O2):35.039	
O1):-0.726	O2):34.287	
O1):-0.824	O2):46.38	
O1):-0.825	O2):46.061	
O1):-0.849	O2):50.971	
O1):-0.673	O2):29.671	
O1):-0.845	O2):50.485	
O1):-0.794	O2):40.921	
O1):-0.791	O2):40.342	
O1):-0.756	O2):40.076	
O1):-0.792	O2):40.56	
O1):-0.749	O2):38.161	
O1):-0.826	O2):46.279	
O1):-0.668	O2):29.639	
O1):-0.814	O2):45.324	
O1):-0.795	O2):41.12	
O1):-0.808	O2):45.539	
O1):-0.8	O2):43.786	
O1):-0.774	O2):39.058	
O1):-0.852	O2):51.547	
O1):-0.713	O2):33.458	
O1):-0.706	O2):33.633	
O1):-0.771	O2):39.022	
O1):-0.814	O2):45.445	
O1):-0.767	O2):37.569	
O1):-0.747	O2):35.384	
O1):-0.803	O2):45.343	
O1):-0.851	O2):51.616	
O1):-0.826	O2):46.199	
O1):-0.776	O2):39.348	
O1):-0.796	O2):41.335	
O1):-0.792	O2):40.895	
O1):-0.795	O2):43.069	
O1):-0.848	O2):50.662	
O1):-0.687	O2):30.909	
O1):-0.685	O2):30.391	
O1):-0.774	O2):39.033	
O1):-0.8	O2):43.786	
O1):-0.852	O2):50.955	
O1):-0.862	O2):56.595	
O1):-0.702	O2):33.156	
O1):-0.814	O2):44.98	
O1):-0.79	O2):40.609	
O1):-0.813	O2):45.288	
O1):-0.814	O2):44.98	
Starting PrismExecutor worker 1 on port 15091
O1):-0.723	O2):34.089	
Connected worker 1 to port 15091
O1):-0.672	O2):29.651	
O1):-0.791	O2):40.762	
O1):-0.84	O2):50.717	
O1):-0.806	O2):45.463	
O1):-0.773	O2):39.064	
O1):-0.774	O2):39.11	
O1):-0.805	O2):45.256	
O1):-0.774	O2):39.4	
O1):-0.775	O2):39.078	
O1):-0.685	O2):30.391	
O1):-0.702	O2):33.156	
O1):-0.824	O2):46.094	
O1):-0.711	O2):34.652	
O1):-0.793	O2):40.776	
O1):-0.799	O2):43.703	
O1):-0.71	O2):33.501	
O1):-0.765	O2):40.42	
O1):-0.821	O2):45.569	
O1):-0.826	O2):46.179	
O1):-0.778	O2):44.983	
O1):-0.8	O2):44.804	
O1):-0.802	O2):44.446	
O1):-0.742	O2):34.602	
O1):-0.775	O2):40.023	
O1):-0.828	O2):46.836	
O1):-0.764	O2):36.628	
O1):-0.754	O2):38.448	
O1):-0.826	O2):46.279	
O1):-0.798	O2):43.679	
O1):-0.834	O2):50.342	
O1):-0.706	O2):33.434	
O1):-0.772	O2):38.783	
O1):-0.719	O2):34.558	
O1):-0.821	O2):45.673	
O1):-0.775	O2):39.078	
O1):-0.824	O2):45.954	
O1):-0.747	O2):37.703	
O1):-0.778	O2):40.322	
O1):-0.726	O2):34.176	
O1):-0.777	O2):41.135	
O1):-0.805	O2):45.365	
O1):-0.768	O2):38.529	
O1):-0.736	O2):35.462	
O1):-0.792	O2):44.113	
O1):-0.748	O2):36.057	
O1):-0.674	O2):29.624	
O1):-0.747	O2):36.149	
O1):-0.847	O2):50.692	
O1):-0.79	O2):40.419	
O1):-0.78	O2):41.884	
O1):-0.755	O2):38.231	
O1):-0.764	O2):36.667	
O1):-0.791	O2):40.472	
O1):-0.658	O2):29.488	
O1):-0.774	O2):39.033	
O1):-0.774	O2):39.066	
O1):-0.79	O2):40.289	
O1):-0.791	O2):42.845	
O1):-0.784	O2):40.218	
O1):-0.868	O2):55.933	
O1):-0.752	O2):38.248	
O1):-0.844	O2):51.347	
O1):-0.747	O2):35.384	
O1):-0.73	O2):34.836	
O1):-0.758	O2):35.851	
O1):-0.824	O2):45.937	
O1):-0.828	O2):46.835	
O1):-0.826	O2):46.214	
O1):-0.792	O2):40.505	
O1):-0.66	O2):29.384	
O1):-0.799	O2):43.563	
O1):-0.796	O2):43.192	
O1):-0.747	O2):36.04	
O1):-0.826	O2):46.062	
O1):-0.72	O2):34.047	
O1):-0.724	O2):33.902	
O1):-0.721	O2):34.482	
O1):-0.803	O2):44.973	
O1):-0.862	O2):56.595	
O1):-0.792	O2):40.861	
O1):-0.772	O2):40.25	
O1):-0.823	O2):45.977	
O1):-0.778	O2):39.755	
O1):-0.703	O2):33.405	
O1):-0.772	O2):40.047	
O1):-0.817	O2):45.786	
O1):-0.796	O2):43.226	
O1):-0.772	O2):38.804	
O1):-0.729	O2):34.635	
O1):-0.806	O2):44.843	
O1):-0.747	O2):36.02	
O1):-0.809	O2):45.759	
O1):-0.767	O2):38.965	
O1):-0.764	O2):36.628	
O1):-0.792	O2):40.504	
O1):-0.798	O2):43.617	
O1):-0.764	O2):38.394	
O1):-0.728	O2):35.645	
O1):-0.834	O2):49.884	
O1):-0.763	O2):45.158	
O1):-0.825	O2):45.928	
O1):-0.822	O2):45.676	
O1):-0.85	O2):51.269	
O1):-0.789	O2):40.146	
O1):-0.768	O2):40.122	
O1):-0.713	O2):33.346	
O1):-0.73	O2):34.537	
O1):-0.803	O2):45.15	
O1):-0.804	O2):45.22	
O1):-0.794	O2):43.989	
O1):-0.684	O2):30.906	
O1):-0.729	O2):34.456	
Evaluations:	2900
O1):-0.723	O2):33.632	
O1):-0.803	O2):44.973	
O1):-0.686	O2):32.93	
O1):-0.797	O2):41.83	
O1):-0.743	O2):34.856	
O1):-0.792	O2):40.557	
O1):-0.773	O2):38.911	
O1):-0.802	O2):44.929	
O1):-0.812	O2):45.258	
O1):-0.741	O2):34.561	
O1):-0.753	O2):37.319	
O1):-0.739	O2):35.56	
O1):-0.793	O2):40.776	
O1):-0.848	O2):50.558	
O1):-0.805	O2):45.256	
O1):-0.818	O2):49.739	
O1):-0.766	O2):38.793	
O1):-0.783	O2):40.052	
O1):-0.774	O2):38.942	
O1):-0.827	O2):46.235	
O1):-0.728	O2):34.458	
O1):-0.69	O2):31.299	
O1):-0.731	O2):34.824	
O1):-0.791	O2):40.461	
O1):-0.774	O2):39.116	
O1):-0.818	O2):45.562	
O1):-0.763	O2):36.32	
O1):-0.789	O2):40.146	
O1):-0.797	O2):43.283	
O1):-0.792	O2):40.56	
O1):-0.692	O2):33.523	
O1):-0.848	O2):50.558	
O1):-0.774	O2):40.647	
O1):-0.703	O2):33.316	
O1):-0.849	O2):50.538	
O1):-0.688	O2):31.065	
O1):-0.798	O2):42.095	
O1):-0.796	O2):41.167	
O1):-0.774	O2):39.327	
O1):-0.825	O2):49.759	
O1):-0.828	O2):46.835	
O1):-0.789	O2):43.75	
O1):-0.767	O2):40.645	
O1):-0.681	O2):30.161	
O1):-0.816	O2):45.376	
O1):-0.849	O2):51.017	
O1):-0.749	O2):35.842	
O1):-0.782	O2):43.663	
O1):-0.764	O2):38.615	
O1):-0.776	O2):39.349	
O1):-0.844	O2):51.347	
O1):-0.748	O2):36.057	
O1):-0.798	O2):43.72	
O1):-0.771	O2):38.707	
O1):-0.68	O2):30.129	
O1):-0.725	O2):37.523	
O1):-0.672	O2):30.728	
O1):-0.784	O2):40.218	
O1):-0.853	O2):51.831	
O1):-0.797	O2):41.97	
O1):-0.732	O2):35.039	
O1):-0.727	O2):34.275	
O1):-0.792	O2):40.631	
O1):-0.798	O2):42.142	
O1):-0.788	O2):40.114	
O1):-0.853	O2):51.595	
Evaluations:	3000
O1):-0.868	O2):55.933	
O1):-0.749	O2):35.715	
O1):-0.749	O2):37.943	
O1):-0.735	O2):35.303	
O1):-0.699	O2):34.951	
Evaluations:	3000
O1):-0.668	O2):29.555	
Starting PrismExecutor worker 5 on port 15075
Connected worker 5 to port 15075
O1):-0.749	O2):37.603	
O1):-0.794	O2):40.825	
O1):-0.731	O2):34.685	
O1):-0.685	O2):31.016	
O1):-0.782	O2):39.968	
O1):-0.749	O2):37.603	
O1):-0.715	O2):33.631	
O1):-0.8	O2):43.841	
O1):-0.862	O2):56.595	
O1):-0.767	O2):38.406	
O1):-0.774	O2):39.116	
O1):-0.749	O2):39.574	
O1):-0.792	O2):40.729	
O1):-0.828	O2):46.568	
O1):-0.706	O2):33.434	
O1):-0.763	O2):36.419	
O1):-0.794	O2):43.245	
O1):-0.661	O2):29.072	
O1):-0.763	O2):36.419	
O1):-0.782	O2):43.663	
O1):-0.782	O2):39.955	
O1):-0.674	O2):29.624	
O1):-0.848	O2):50.44	
O1):-0.734	O2):34.9	
O1):-0.724	O2):34.41	
O1):-0.797	O2):41.975	
O1):-0.824	O2):45.755	
O1):-0.723	O2):33.951	
O1):-0.756	O2):38.321	
O1):-0.763	O2):36.419	
O1):-0.772	O2):39.045	
O1):-0.803	O2):45.378	
O1):-0.722	O2):33.666	
O1):-0.779	O2):39.717	
O1):-0.797	O2):41.829	
O1):-0.779	O2):39.717	
O1):-0.799	O2):43.704	
O1):-0.853	O2):51.595	
O1):-0.796	O2):41.761	
O1):-0.776	O2):39.32	
O1):-0.792	O2):40.568	
O1):-0.783	O2):40.132	
O1):-0.793	O2):40.776	
O1):-0.829	O2):46.881	
O1):-0.774	O2):39.074	
O1):-0.775	O2):40.582	
O1):-0.773	O2):38.914	
O1):-0.747	O2):40.831	
O1):-0.739	O2):35.56	
O1):-0.814	O2):44.98	
O1):-0.811	O2):46.482	
O1):-0.776	O2):39.348	
O1):-0.826	O2):46.344	
O1):-0.734	O2):34.9	
O1):-0.727	O2):34.447	
O1):-0.66	O2):29.384	
O1):-0.747	O2):35.505	
O1):-0.731	O2):36.34	
O1):-0.732	O2):35.206	
O1):-0.783	O2):40.053	
O1):-0.85	O2):50.654	
O1):-0.722	O2):33.666	
O1):-0.742	O2):36.155	
O1):-0.772	O2):38.835	
O1):-0.793	O2):40.759	
O1):-0.774	O2):39.058	
O1):-0.832	O2):50.219	
O1):-0.749	O2):35.435	
O1):-0.795	O2):41.474	
O1):-0.82	O2):45.34	
O1):-0.803	O2):45.15	
O1):-0.687	O2):30.909	
O1):-0.776	O2):39.32	
O1):-0.803	O2):45.114	
O1):-0.792	O2):44.164	
O1):-0.847	O2):50.826	
O1):-0.79	O2):40.301	
O1):-0.853	O2):51.595	
O1):-0.772	O2):38.835	
O1):-0.745	O2):35.074	
O1):-0.799	O2):43.564	
O1):-0.761	O2):36.099	
O1):-0.8	O2):43.786	
O1):-0.761	O2):35.995	
O1):-0.684	O2):30.073	
O1):-0.806	O2):45.428	
O1):-0.818	O2):45.562	
O1):-0.723	O2):34.089	
O1):-0.792	O2):40.861	
O1):-0.798	O2):45.217	
O1):-0.793	O2):40.858	
O1):-0.752	O2):38.25	
O1):-0.807	O2):45.104	
O1):-0.772	O2):38.756	
O1):-0.731	O2):34.685	
O1):-0.828	O2):46.709	
O1):-0.861	O2):56.253	
O1):-0.818	O2):45.778	
O1):-0.776	O2):39.572	
O1):-0.798	O2):41.879	
O1):-0.821	O2):45.64	
O1):-0.798	O2):42.095	
O1):-0.798	O2):44.203	
O1):-0.681	O2):30.159	
O1):-0.834	O2):50.342	
O1):-0.777	O2):39.532	
O1):-0.778	O2):39.756	
O1):-0.779	O2):39.936	
O1):-0.736	O2):36.001	
O1):-0.798	O2):44.018	
O1):-0.714	O2):35.34	
O1):-0.799	O2):43.703	
O1):-0.716	O2):34.447	
O1):-0.637	O2):29.082	
O1):-0.771	O2):40.132	
O1):-0.853	O2):51.595	
O1):-0.806	O2):45.15	
O1):-0.729	O2):34.778	
O1):-0.774	O2):39.081	
O1):-0.773	O2):39.372	
O1):-0.816	O2):45.275	
O1):-0.749	O2):37.603	
O1):-0.827	O2):46.502	
O1):-0.685	O2):30.391	
O1):-0.731	O2):34.727	
O1):-0.782	O2):40.049	
O1):-0.681	O2):30.389	
O1):-0.694	O2):33.167	
O1):-0.823	O2):46.257	
O1):-0.684	O2):31.115	
O1):-0.746	O2):35.975	
O1):-0.656	O2):29.375	
O1):-0.688	O2):31.065	
O1):-0.714	O2):33.471	
O1):-0.731	O2):34.705	
O1):-0.721	O2):33.388	
O1):-0.742	O2):35.278	
O1):-0.797	O2):41.97	
O1):-0.796	O2):41.198	
O1):-0.797	O2):41.975	
O1):-0.806	O2):44.843	
O1):-0.796	O2):43.661	
O1):-0.828	O2):50.21	
O1):-0.792	O2):40.729	
O1):-0.846	O2):50.639	
O1):-0.779	O2):39.936	
O1):-0.735	O2):34.32	
O1):-0.789	O2):40.146	
O1):-0.79	O2):40.475	
O1):-0.79	O2):40.419	
O1):-0.821	O2):45.582	
O1):-0.832	O2):50.247	
O1):-0.795	O2):41.12	
O1):-0.772	O2):38.986	
O1):-0.823	O2):45.675	
O1):-0.681	O2):30.162	
O1):-0.673	O2):29.629	
O1):-0.816	O2):45.31	
O1):-0.771	O2):38.624	
O1):-0.834	O2):49.884	
O1):-0.681	O2):30.162	
O1):-0.774	O2):39.327	
O1):-0.772	O2):38.768	
O1):-0.797	O2):41.829	
O1):-0.826	O2):46.179	
O1):-0.803	O2):45.012	
O1):-0.728	O2):34.476	
O1):-0.729	O2):34.635	
O1):-0.798	O2):41.879	
O1):-0.721	O2):34.128	
O1):-0.826	O2):46.062	
O1):-0.709	O2):33.611	
O1):-0.798	O2):44.064	
O1):-0.761	O2):35.995	
O1):-0.743	O2):35.873	
O1):-0.853	O2):51.831	
O1):-0.779	O2):39.717	
O1):-0.85	O2):51.085	
O1):-0.774	O2):39.063	
O1):-0.848	O2):50.6	
O1):-0.819	O2):45.556	
O1):-0.812	O2):45.196	
O1):-0.823	O2):45.74	
O1):-0.684	O2):30.073	
O1):-0.815	O2):48.542	
O1):-0.767	O2):40.651	
Evaluations:	2500
O1):-0.774	O2):39.066	
O1):-0.771	O2):39.024	
O1):-0.823	O2):45.705	
O1):-0.848	O2):50.44	
O1):-0.795	O2):41.19	
O1):-0.804	O2):45.22	
O1):-0.748	O2):36.057	
O1):-0.815	O2):45.51	
O1):-0.731	O2):34.705	
O1):-0.792	O2):40.56	
O1):-0.746	O2):35.975	
O1):-0.661	O2):29.026	
O1):-0.832	O2):50.219	
O1):-0.727	O2):34.302	
O1):-0.775	O2):40.487	
O1):-0.707	O2):34.969	
O1):-0.721	O2):33.388	
O1):-0.749	O2):35.435	
O1):-0.791	O2):43.686	
O1):-0.801	O2):44.064	
O1):-0.816	O2):45.275	
O1):-0.772	O2):38.731	
O1):-0.649	O2):29.304	
O1):-0.764	O2):40.356	
O1):-0.776	O1):-0.816	O2):39.32	O2):45.423	

O1):-0.674	O2):29.694	
O1):-0.852	O2):55.289	
O1):-0.775	O2):39.17	
O1):-0.772	O2):38.752	
O1):-0.819	O2):45.896	
O1):-0.742	O2):35.163	
O1):-0.775	O2):39.17	
O1):-0.681	O2):30.389	
O1):-0.845	O2):50.527	
O1):-0.708	O2):33.332	
O1):-0.772	O2):38.955	
O1):-0.798	O2):44.064	
O1):-0.797	O2):41.975	
O1):-0.74	O2):35.692	
O1):-0.813	O2):45.134	
O1):-0.774	O2):38.942	
Evaluations:	2700
O1):-0.708	O2):33.332	
O1):-0.793	O2):43.312	
O1):-0.763	O2):36.419	
O1):-0.748	O2):36.057	
O1):-0.731	O2):34.819	
O1):-0.825	O2):46.015	
O1):-0.79	O2):40.419	
O1):-0.702	O2):33.174	
O1):-0.705	O2):34.615	
Evaluations:	2300
O1):-0.833	O2):50.231	
O1):-0.733	O2):35.81	
O1):-0.763	O2):36.623	
O1):-0.799	O2):44.538	
O1):-0.786	O2):40.909	
O1):-0.686	O2):30.152	
O1):-0.7	O2):34.885	
O1):-0.726	O2):34.203	
O1):-0.703	O2):33.245	
O1):-0.862	O2):56.595	
O1):-0.798	O2):43.72	
O1):-0.762	O2):39.924	
O1):-0.726	O2):34.287	
O1):-0.799	O2):43.884	
O1):-0.681	O2):30.39	
O1):-0.776	O2):39.348	
O1):-0.795	O2):41.091	
O1):-0.821	O2):45.673	
O1):-0.802	O2):44.119	
O1):-0.729	O2):34.635	
O1):-0.848	O2):50.902	
O1):-0.782	O2):40.054	
O1):-0.775	O2):39.146	
O1):-0.747	O2):35.958	
O1):-0.711	O2):34.258	
O1):-0.791	O2):43.557	
O1):-0.817	O2):51.006	
O1):-0.793	O2):40.743	
O1):-0.774	O2):39.067	
O1):-0.794	O2):40.934	
O1):-0.801	O2):44.064	
O1):-0.793	O2):40.751	
O1):-0.739	O2):35.56	
O1):-0.794	O2):40.818	
O1):-0.721	O2):33.388	
Evaluations:	2800
Starting PrismExecutor worker 3 on port 15033
O1):-0.824	O2):46.38	
Connected worker 3 to port 15033
O1):-0.804	O2):45.29	
O1):-0.796	O2):41.167	
O1):-0.826	O2):46.361	
O1):-0.724	O2):33.814	
O1):-0.783	O2):40.053	
O1):-0.722	O2):34.583	
O1):-0.8	O2):46.306	
O1):-0.798	O2):42.095	
O1):-0.686	O2):30.162	
O1):-0.793	O2):40.773	
O1):-0.828	O2):50.014	
O1):-0.798	O2):43.636	
O1):-0.847	O2):50.503	
O1):-0.79	O2):40.243	
O1):-0.706	O2):33.434	
O1):-0.729	O2):34.525	
O1):-0.792	O2):43.907	
O1):-0.799	O2):45.202	
O1):-0.771	O2):38.711	
O1):-0.672	O2):29.651	
O1):-0.818	O2):49.369	
O1):-0.79	O2):40.299	
O1):-0.803	O2):45.114	
O1):-0.807	O2):45.202	
O1):-0.766	O2):38.762	
O1):-0.851	O2):51.616	
O1):-0.796	O2):41.335	
O1):-0.772	O2):38.797	
O1):-0.763	O2):36.554	
O1):-0.771	O2):38.636	
O1):-0.829	O2):50.2	
O1):-0.817	O2):45.386	
O1):-0.795	O2):41.091	
O1):-0.738	O2):34.872	
O1):-0.828	O2):50.014	
O1):-0.692	O2):31.159	
O1):-0.767	O2):37.569	
O1):-0.766	O2):36.961	
O1):-0.747	O2):37.703	
O1):-0.825	O2):46.043	
O1):-0.723	O2):33.691	
O1):-0.798	O2):41.879	
O1):-0.747	O2):37.703	
O1):-0.862	O2):56.595	
O1):-0.827	O2):46.226	
O1):-0.708	O2):33.44	
O1):-0.774	O2):40.888	
O1):-0.827	O2):46.381	
O1):-0.817	O2):45.901	
O1):-0.758	O2):40.376	
O1):-0.802	O2):44.851	
O1):-0.792	O2):40.568	
O1):-0.726	O2):35.561	
O1):-0.773	O2):38.911	
O1):-0.792	O2):40.895	
O1):-0.776	O2):39.348	
O1):-0.776	O2):39.407	
O1):-0.774	O2):39.081	
O1):-0.769	O2):38.658	
O1):-0.776	O2):39.371	
O1):-0.763	O2):36.419	
O1):-0.723	O2):34.015	
O1):-0.656	O2):29.375	
O1):-0.789	O2):40.083	
O1):-0.849	O2):50.971	
O1):-0.749	O2):37.603	
O1):-0.851	O2):51.189	
O1):-0.868	O2):55.933	
O1):-0.859	O2):55.937	
O1):-0.659	O2):28.81	
O1):-0.737	O2):34.759	
O1):-0.859	O2):55.937	
O1):-0.795	O2):43.14	
O1):-0.782	O2):40.054	
O1):-0.802	O2):44.794	
O1):-0.778	O2):39.755	
O1):-0.799	O2):43.705	
O1):-0.673	O2):29.671	
O1):-0.723	O2):33.74	
O1):-0.79	O2):40.475	
O1):-0.826	O2):46.07	
O1):-0.784	O2):40.692	
O1):-0.794	O2):40.934	
O1):-0.795	O2):41.035	
O1):-0.72	O2):35.49	
O1):-0.824	O2):45.937	
O1):-0.778	O2):39.696	
O1):-0.78	O2):40.583	
O1):-0.765	O2):38.857	
O1):-0.713	O2):33.879	
O1):-0.775	O2):39.304	
Evaluations:	2700
O1):-0.779	O2):39.936	
O1):-0.673	O2):29.671	
Starting PrismExecutor worker 2 on port 15002
O1):-0.764	O2):36.628	
Connected worker 2 to port 15002
O1):-0.68	O2):30.313	
O1):-0.746	O2):36.445	
O1):-0.799	O2):44.289	
O1):-0.805	O2):45.365	
O1):-0.673	O2):29.697	
O1):-0.756	O2):40.835	
O1):-0.791	O2):40.843	
O1):-0.744	O2):37.738	
O1):-0.772	O2):38.825	
O1):-0.776	O2):39.682	
O1):-0.8	O2):43.841	
O1):-0.834	O2):50.342	
O1):-0.745	O2):35.074	
O1):-0.817	O2):45.545	
O1):-0.658	O2):29.409	
O1):-0.743	O2):36.219	
O1):-0.83	O2):50.575	
O1):-0.8	O2):43.786	
O1):-0.792	O2):40.512	
O1):-0.781	O2):40.62	
O1):-0.761	O2):35.995	
O1):-0.786	O2):40.801	
O1):-0.795	O2):43.488	
O1):-0.774	O2):39.081	
O1):-0.668	O2):29.555	
O1):-0.66	O2):29.384	
O1):-0.859	O2):55.937	
O1):-0.696	O2):33.103	
O1):-0.784	O2):40.692	
O1):-0.774	O2):39.392	
O1):-0.823	O2):45.646	
O1):-0.743	O2):34.837	
O1):-0.66	O2):29.384	
O1):-0.794	O2):40.964	
O1):-0.774	O2):39.21	
O1):-0.711	O2):34.21	
O1):-0.714	O2):34.454	
O1):-0.746	O2):35.435	
O1):-0.718	O2):33.369	
O1):-0.777	O2):39.658	
O1):-0.778	O2):39.755	
O1):-0.674	O2):29.694	
O1):-0.775	O2):39.392	
O1):-0.68	O2):30.312	
O1):-0.797	O2):41.975	
O1):-0.783	O2):40.053	
O1):-0.802	O2):44.119	
O1):-0.8	O2):44.072	
O1):-0.736	O2):35.461	
O1):-0.823	O2):46.052	
O1):-0.795	O2):41.076	
O1):-0.807	O2):45.69	
O1):-0.669	O2):29.05	
O1):-0.848	O2):50.662	
O1):-0.765	O2):41.547	
O1):-0.824	O2):45.934	
O1):-0.777	O2):39.915	
O1):-0.732	O2):35.039	
O1):-0.692	O2):31.159	
O1):-0.826	O2):46.149	
O1):-0.797	O2):41.97	
O1):-0.747	O2):36.021	
O1):-0.827	O2):46.226	
O1):-0.772	O2):38.89	
O1):-0.771	O2):38.711	
O1):-0.745	O2):35.653	
O1):-0.745	O2):35.038	
O1):-0.786	O2):43.128	
O1):-0.762	O2):38.346	
O1):-0.851	O2):51.063	
O1):-0.726	O2):34.218	
O1):-0.658	O2):29.926	
O1):-0.776	O2):39.318	
O1):-0.656	O2):29.386	
O1):-0.816	O2):45.275	
O1):-0.738	O2):34.872	
O1):-0.702	O2):33.174	
O1):-0.769	O2):39.51	
O1):-0.826	O2):46.07	
O1):-0.813	O2):45.353	
O1):-0.803	O2):44.753	
O1):-0.716	O2):34.483	
O1):-0.835	O2):50.521	
O1):-0.772	O2):40.161	
O1):-0.669	O2):29.05	
O1):-0.727	O2):34.447	
O1):-0.803	O2):45.15	
O1):-0.829	O2):50.418	
O1):-0.758	O2):35.851	
O1):-0.791	O2):43.869	
O1):-0.727	O2):34.363	
O1):-0.792	O2):40.861	
O1):-0.717	O2):33.346	
O1):-0.774	O2):39.052	
O1):-0.807	O2):45.199	
O1):-0.749	O2):35.435	
O1):-0.767	O2):38.406	
O1):-0.685	O2):31.102	
O1):-0.813	O2):45.288	
O1):-0.748	O2):35.549	
O1):-0.742	O2):34.495	
O1):-0.793	O2):40.768	
O1):-0.776	O2):39.371	
O1):-0.743	O2):34.797	
O1):-0.799	O2):44.571	
O1):-0.791	O2):40.545	
O1):-0.793	O2):40.776	
O1):-0.732	O2):35.039	
O1):-0.792	O2):40.729	
O1):-0.66	O2):29.384	
O1):-0.805	O2):45.365	
O1):-0.755	O2):40.252	
O1):-0.689	O2):30.504	
O1):-0.8	O2):43.969	
O1):-0.745	O2):35.653	
O1):-0.764	O2):38.405	
O1):-0.845	O2):50.407	
O1):-0.745	O2):35.653	
O1):-0.807	O2):45.335	
O1):-0.852	O2):51.186	
O1):-0.805	O2):45.008	
O1):-0.761	O2):35.903	
O1):-0.803	O2):44.973	
O1):-0.792	O2):40.52	
O1):-0.723	O2):33.765	
O1):-0.807	O2):45.335	
O1):-0.781	O2):42.043	
O1):-0.772	O2):38.752	
O1):-0.798	O2):43.476	
O1):-0.763	O2):38.482	
O1):-0.652	O2):29.043	
O1):-0.68	O2):30.326	
O1):-0.726	O2):34.203	
O1):-0.765	O2):41.382	
O1):-0.814	O2):45.126	
O1):-0.765	O2):38.766	
O1):-0.688	O2):30.495	
O1):-0.833	O2):50.357	
O1):-0.828	O2):50.014	
O1):-0.818	O2):45.576	
Evaluations:	2800
O1):-0.825	O2):45.976	
O1):-0.755	O2):36.051	
O1):-0.794	O2):41.161	
O1):-0.674	O2):29.702	
O1):-0.783	O2):40.712	
O1):-0.707	O2):33.647	
O1):-0.773	O2):39.013	
O1):-0.792	O2):40.551	
O1):-0.741	O2):34.561	
O1):-0.825	O2):46.043	
O1):-0.779	O2):39.717	
O1):-0.748	O2):36.057	
O1):-0.772	O2):38.755	
O1):-0.802	O2):44.851	
O1):-0.77	O2):38.41	
O1):-0.731	O2):34.042	
O1):-0.723	O2):33.632	
O1):-0.704	O2):33.509	
O1):-0.776	O2):39.371	
O1):-0.75	O2):36.782	
O1):-0.8	O2):44.229	
O1):-0.801	O2):43.995	
O1):-0.795	O2):45.426	
O1):-0.814	O2):45.01	
O1):-0.791	O2):43.432	
O1):-0.823	O2):45.705	
O1):-0.761	O2):35.903	
O1):-0.761	O2):40.335	
O1):-0.792	O2):40.504	
O1):-0.803	O2):45.194	
O1):-0.792	O2):40.565	
O1):-0.763	O2):36.419	
O1):-0.829	O2):47.023	
O1):-0.71	O2):33.501	
O1):-0.674	O2):29.702	
O1):-0.75	O2):36.782	
O1):-0.774	O2):39.104	
O1):-0.729	O2):34.635	
Starting PrismExecutor worker 0 on port 15030
Connected worker 0 to port 15030
O1):-0.77	O2):38.539	
O1):-0.688	O2):30.495	
O1):-0.828	O2):46.709	
O1):-0.822	O2):45.657	
O1):-0.722	O2):33.627	
O1):-0.765	O2):38.766	
O1):-0.83	O2):50.575	
O1):-0.79	O2):43.252	
O1):-0.758	O2):35.851	
O1):-0.799	O2):43.703	
O1):-0.743	O2):36.172	
O1):-0.814	O2):44.969	
O1):-0.776	O2):39.439	
O1):-0.821	O2):45.673	
O1):-0.826	O2):46.149	
O1):-0.779	O2):39.929	
O1):-0.703	O2):33.23	
O1):-0.708	O2):33.332	
O1):-0.734	O2):36.152	
O1):-0.817	O2):45.767	
O1):-0.726	O2):34.176	
O1):-0.849	O2):50.868	
O1):-0.754	O2):36.049	
O1):-0.859	O2):55.937	
O1):-0.794	O2):41.145	
O1):-0.679	O2):30.045	
O1):-0.679	O2):30.045	
O1):-0.789	O2):40.084	
O1):-0.747	O2):37.703	
O1):-0.816	O2):45.423	
O1):-0.752	O2):38.248	
O1):-0.772	O2):38.753	
O1):-0.788	O2):39.966	
O1):-0.79	O2):40.265	
O1):-0.775	O2):39.077	
O1):-0.722	O2):34.269	
O1):-0.767	O2):38.406	
O1):-0.797	O2):43.705	
O1):-0.789	O2):40.146	
O1):-0.79	O2):40.289	
O1):-0.726	O2):34.203	
O1):-0.826	O2):46.242	
O1):-0.73	O2):35.217	
O1):-0.795	O2):41.12	
O1):-0.707	O2):33.647	
O1):-0.745	O2):35.653	
O1):-0.731	O2):34.042	
O1):-0.73	O2):34.766	
O1):-0.69	O2):31.299	
O1):-0.822	O2):45.676	
Evaluations:	2600
O1):-0.772	O2):38.731	
O1):-0.745	O2):34.961	
O1):-0.783	O2):40.108	
O1):-0.723	O2):36.576	
O1):-0.766	O2):36.905	
O1):-0.791	O2):40.457	
O1):-0.792	O2):40.536	
O1):-0.772	O2):38.825	
O1):-0.851	O2):51.616	
O1):-0.708	O2):33.336	
O1):-0.713	O2):33.879	
O1):-0.789	O2):40.146	
O1):-0.746	O2):37.938	
O1):-0.73	O2):34.537	
O1):-0.749	O2):35.715	
O1):-0.8	O2):43.84	
O1):-0.704	O2):33.509	
O1):-0.789	O2):40.148	
O1):-0.744	O2):34.861	
O1):-0.797	O2):43.705	
O1):-0.828	O2):46.709	
O1):-0.82	O2):45.873	
O1):-0.8	O2):43.786	
O1):-0.764	O2):36.628	
O1):-0.804	O2):45.22	
O1):-0.783	O2):43.351	
O1):-0.797	O2):41.975	
O1):-0.811	O2):46.161	
O1):-0.795	O2):43.232	
O1):-0.782	O2):40.054	
O1):-0.714	O2):33.427	
O1):-0.823	O2):46.259	
O1):-0.735	O2):35.088	
O1):-0.761	O2):35.995	
O1):-0.822	O2):45.657	
O1):-0.703	O2):33.405	
O1):-0.792	O2):40.576	
O1):-0.852	O2):50.955	
O1):-0.826	O2):46.199	
O1):-0.778	O2):40.322	
O1):-0.733	O2):34.737	
O1):-0.659	O2):28.81	
O1):-0.727	O2):34.841	
O1):-0.776	O2):39.348	
O1):-0.808	O2):45.156	
O1):-0.798	O2):41.879	
O1):-0.776	O2):39.32	
O1):-0.782	O2):40.054	
O1):-0.825	O2):46.061	
O1):-0.847	O2):50.826	
O1):-0.771	O2):38.637	
O1):-0.792	O2):40.55	
O1):-0.777	O2):39.493	
O1):-0.673	O2):29.671	
O1):-0.797	O2):41.829	
O1):-0.655	O2):30.5	
O1):-0.823	O2):45.765	
O1):-0.691	O2):30.703	
O1):-0.775	O2):39.376	
O1):-0.715	O2):33.575	
O1):-0.688	O2):31.227	
O1):-0.796	O2):41.198	
O1):-0.79	O2):40.403	
O1):-0.816	O2):45.276	
O1):-0.775	O2):39.305	
O1):-0.682	O2):30.176	
O1):-0.705	O2):33.223	
O1):-0.657	O2):29.399	
O1):-0.773	O2):39.005	
O1):-0.73	O2):34.04	
O1):-0.823	O2):45.699	
O1):-0.827	O2):46.692	
O1):-0.686	O2):30.152	
O1):-0.824	O2):45.747	
O1):-0.729	O2):34.525	
O1):-0.825	O2):46.084	
O1):-0.823	O2):45.74	
O1):-0.827	O2):46.266	
O1):-0.784	O2):40.77	
O1):-0.745	O2):34.961	
O1):-0.702	O2):33.156	
O1):-0.816	O2):45.233	
O1):-0.815	O2):45.401	
O1):-0.745	O2):35.739	
O1):-0.712	O2):33.573	
O1):-0.821	O2):45.64	
O1):-0.774	O2):39.431	
O1):-0.82	O2):49.131	
O1):-0.725	O2):34.124	
O1):-0.8	O2):43.969	
O1):-0.743	O2):36.172	
O1):-0.823	O2):45.699	
O1):-0.739	O2):39.135	
O1):-0.85	O2):50.79	
O1):-0.724	O2):35.449	
O1):-0.723	O2):33.644	
O1):-0.742	O2):36.155	
O1):-0.773	O2):39.372	
O1):-0.851	O2):51.616	
O1):-0.773	O2):39.164	
O1):-0.808	O2):45.689	
O1):-0.794	O2):40.818	
O1):-0.736	O2):34.83	
O1):-0.772	O2):38.825	
O1):-0.779	O2):39.936	
O1):-0.772	O2):38.825	
O1):-0.824	O2):45.784	
O1):-0.788	O2):40.496	
O1):-0.826	O2):46.062	
O1):-0.778	O2):39.755	
O1):-0.829	O2):50.2	
O1):-0.79	O2):40.265	
O1):-0.772	O2):39.045	
O1):-0.794	O2):40.853	
O1):-0.728	O2):34.906	
O1):-0.848	O2):50.604	
O1):-0.775	O2):39.366	
O1):-0.826	O2):46.242	
O1):-0.773	O2):38.915	
O1):-0.806	O2):45.14	
O1):-0.743	O2):34.794	
O1):-0.788	O2):39.966	
O1):-0.769	O2):38.473	
O1):-0.795	O2):41.12	
O1):-0.742	O2):35.163	
O1):-0.794	O2):40.867	
O1):-0.79	O2):40.289	
O1):-0.8	O2):44.905	
Starting PrismExecutor worker 2 on port 15012
Connected worker 2 to port 15012
O1):-0.862	O2):56.595	
O1):-0.833	O2):50.231	
O1):-0.656	O2):29.376	
O1):-0.743	O2):35.456	
O1):-0.794	O2):40.885	
O1):-0.712	O2):33.872	
O1):-0.754	O2):36.049	
O1):-0.73	O2):35.294	
O1):-0.81	O2):48.764	
O1):-0.778	O2):39.756	
O1):-0.73	O2):34.04	
O1):-0.791	O2):40.342	
O1):-0.825	O2):46.061	
O1):-0.723	O2):34.089	
O1):-0.732	O2):35.546	
O1):-0.796	O2):44.092	
O1):-0.751	O2):36.83	
O1):-0.797	O2):44.709	
O1):-0.828	O2):50.21	
O1):-0.659	O2):28.81	
O1):-0.765	O2):38.766	
O1):-0.748	O2):39.834	
O1):-0.854	O2):59.622	
O1):-0.745	O2):35.074	
O1):-0.763	O2):36.554	
O1):-0.777	O2):39.915	
O1):-0.712	O2):33.573	
O1):-0.765	O2):37.464	
O1):-0.743	O2):34.856	
O1):-0.852	O2):50.955	
O1):-0.75	O2):36.682	
O1):-0.825	O2):46.003	
O1):-0.828	O2):46.784	
O1):-0.776	O2):39.348	
O1):-0.741	O2):35.057	
O1):-0.806	O2):44.843	
O1):-0.817	O2):45.566	
O1):-0.637	O2):29.226	
O1):-0.743	O2):36.172	
O1):-0.773	O2):39.372	
O1):-0.718	O2):35.127	
O1):-0.802	O2):45.141	
O1):-0.859	O2):55.937	
O1):-0.796	O2):41.761	
O1):-0.744	O2):34.895	
O1):-0.766	O2):37.527	
O1):-0.729	O2):34.678	
O1):-0.661	O2):29.026	
O1):-0.832	O2):50.219	
O1):-0.735	O2):34.32	
O1):-0.815	O2):45.411	
O1):-0.8	O2):44.072	
O1):-0.734	O2):34.9	
O1):-0.772	O2):38.804	
O1):-0.772	O2):38.755	
O1):-0.742	O2):34.513	
O1):-0.798	O2):44.298	
O1):-0.812	O2):50.83	
O1):-0.808	O2):45.156	
O1):-0.792	O2):40.56	
O1):-0.827	O2):46.233	
O1):-0.765	O2):38.766	
O1):-0.772	O2):38.763	
O1):-0.758	O2):35.851	
O1):-0.794	O2):40.825	
O1):-0.797	O2):43.275	
O1):-0.743	O2):35.873	
O1):-0.796	O2):43.192	
O1):-0.793	O2):40.806	
O1):-0.746	O2):35.975	
O1):-0.703	O2):33.23	
O1):-0.77	O2):38.514	
O1):-0.77	O2):38.685	
O1):-0.754	O2):39.325	
O1):-0.713	O2):34.367	
O1):-0.738	O2):34.872	
O1):-0.8	O2):43.841	
O1):-0.828	O2):50.21	
O1):-0.825	O2):46.043	
O1):-0.767	O2):40.645	
O1):-0.794	O2):40.818	
O1):-0.721	O2):33.509	
O1):-0.747	O2):36.149	
O1):-0.689	O2):30.504	
O1):-0.729	O2):34.823	
O1):-0.73	O2):34.04	
O1):-0.815	O2):45.355	
O1):-0.782	O2):39.968	
O1):-0.833	O2):50.357	
O1):-0.754	O2):36.049	
O1):-0.85	O2):50.748	
O1):-0.816	O2):45.423	
O1):-0.707	O2):34.969	
O1):-0.825	O2):46.061	
O1):-0.762	O2):38.551	
O1):-0.793	O2):40.876	
O1):-0.796	O2):41.156	
O1):-0.742	O2):36.155	
O1):-0.745	O2):35.154	
O1):-0.741	O2):35.057	
O1):-0.656	O2):29.375	
O1):-0.746	O2):36.011	
O1):-0.688	O2):30.498	
Evaluations:	3100
O1):-0.756	O2):39.921	
O1):-0.775	O2):39.077	
O1):-0.705	O2):33.511	
O1):-0.847	O2):50.721	
O1):-0.836	O2):50.995	
O1):-0.679	O2):30.082	
O1):-0.792	O2):41.244	
O1):-0.777	O2):40.239	
O1):-0.763	O2):38.278	
O1):-0.823	O2):45.699	
O1):-0.656	O2):29.394	
O1):-0.741	O2):34.561	
O1):-0.783	O2):40.053	
O1):-0.792	O2):40.557	
O1):-0.691	O2):30.704	
O1):-0.867	O2):55.844	
O1):-0.753	O2):37.319	
O1):-0.827	O2):50.033	
O1):-0.723	O2):33.863	
O1):-0.73	O2):34.04	
O1):-0.807	O2):45.104	
O1):-0.772	O2):38.674	
O1):-0.732	O2):35.039	
O1):-0.709	O2):33.611	
Evaluations:	3100
O1):-0.745	O2):35.074	
O1):-0.745	O2):35.154	
O1):-0.823	O2):45.962	
O1):-0.795	O2):41.035	
O1):-0.747	O2):35.464	
O1):-0.815	O2):48.542	
O1):-0.818	O2):45.576	
O1):-0.702	O2):33.156	
O1):-0.702	O2):33.156	
O1):-0.791	O2):40.473	
O1):-0.795	O2):41.12	
O1):-0.764	O2):39.645	
O1):-0.801	O2):43.918	
O1):-0.795	O2):41.12	
O1):-0.745	O2):35.654	
O1):-0.774	O2):39.066	
O1):-0.793	O2):40.759	
O1):-0.75	O2):36.682	
O1):-0.8	O2):43.848	
O1):-0.792	O2):40.729	
O1):-0.797	O2):41.829	
O1):-0.656	O2):29.375	
O1):-0.75	O2):36.682	
O1):-0.776	O2):39.434	
O1):-0.656	O2):29.375	
O1):-0.823	O2):45.675	
O1):-0.743	O2):35.873	
O1):-0.789	O2):40.146	
O1):-0.775	O2):40.112	
O1):-0.724	O2):33.814	
O1):-0.852	O2):50.955	
O1):-0.766	O2):38.793	
O1):-0.686	O2):30.152	
O1):-0.806	O2):44.843	
O1):-0.862	O2):56.595	
O1):-0.702	O2):33.156	
O1):-0.789	O2):40.146	
O1):-0.673	O2):29.629	
O1):-0.803	O2):45.012	
O1):-0.779	O2):40.39	
O1):-0.771	O2):38.711	
O1):-0.853	O2):51.595	
O1):-0.684	O2):30.072	
O1):-0.804	O2):45.455	
O1):-0.709	O2):33.611	
O1):-0.791	O2):40.505	
O1):-0.69	O2):31.299	
O1):-0.66	O2):29.384	
O1):-0.686	O2):30.162	
O1):-0.686	O2):30.162	
O1):-0.775	O2):39.305	
Starting PrismExecutor worker 3 on port 15093
Connected worker 3 to port 15093
O1):-0.801	O2):44.273	
O1):-0.85	O2):51.085	
O1):-0.821	O2):45.581	
O1):-0.772	O2):40.378	
O1):-0.764	O2):38.405	
O1):-0.825	O2):46.061	
O1):-0.795	O2):41.12	
O1):-0.771	O2):38.711	
O1):-0.707	O2):33.647	
O1):-0.794	O2):40.885	
O1):-0.726	O2):34.176	
O1):-0.794	O2):40.853	
O1):-0.75	O2):39.623	
O1):-0.814	O2):44.969	
O1):-0.776	O2):39.432	
O1):-0.682	O2):30.393	
O1):-0.803	O2):44.973	
O1):-0.736	O2):35.187	
O1):-0.828	O2):50.21	
O1):-0.688	O2):30.495	
O1):-0.854	O2):59.622	
Evaluations:	3000
O1):-0.849	O2):50.868	
O1):-0.73	O2):34.04	
O1):-0.703	O2):33.886	
O1):-0.798	O2):41.879	
O1):-0.832	O2):50.219	
O1):-0.707	O2):33.251	
O1):-0.773	O2):38.87	
O1):-0.712	O2):34.233	
O1):-0.71	O2):33.501	
O1):-0.777	O2):39.412	
O1):-0.776	O2):39.407	
O1):-0.774	O2):39.121	
O1):-0.776	O2):39.318	
O1):-0.733	O2):34.737	
O1):-0.789	O2):40.083	
O1):-0.772	O2):38.753	
O1):-0.816	O2):45.953	
O1):-0.711	O2):33.847	
O1):-0.732	O2):35.797	
O1):-0.776	O2):39.313	
O1):-0.713	O2):34.037	
O1):-0.746	O2):37.585	
O1):-0.845	O2):50.515	
O1):-0.803	O2):45.15	
O1):-0.793	O2):45.494	
O1):-0.826	O2):46.055	
O1):-0.761	O2):35.903	
O1):-0.692	O2):31.159	
O1):-0.825	O2):46.061	
O1):-0.823	O2):45.707	
O1):-0.824	O2):45.995	
O1):-0.766	O2):38.793	
O1):-0.743	O2):34.856	
O1):-0.673	O2):29.671	
O1):-0.73	O2):34.537	
O1):-0.733	O2):34.737	
O1):-0.66	O2):29.384	
O1):-0.764	O2):38.364	
O1):-0.722	O2):33.666	
O1):-0.772	O2):38.825	
O1):-0.712	O2):33.899	
O1):-0.812	O2):54.999	
O1):-0.747	O2):36.021	
O1):-0.81	O2):45.794	
O1):-0.688	O2):31.065	
O1):-0.764	O2):36.628	
O1):-0.849	O2):50.869	
O1):-0.794	O2):40.965	
O1):-0.797	O2):43.275	
O1):-0.822	O2):45.657	
O1):-0.749	O2):39.772	
O1):-0.82	O2):45.873	
O1):-0.742	O2):34.602	
O1):-0.816	O2):48.845	
O1):-0.749	O2):37.603	
O1):-0.671	O2):30.094	
O1):-0.658	O2):29.409	
O1):-0.771	O2):38.624	
O1):-0.863	O2):56.907	
O1):-0.712	O2):33.269	
O1):-0.779	O2):39.717	
O1):-0.772	O2):38.731	
O1):-0.776	O2):39.348	
O1):-0.798	O2):43.911	
O1):-0.75	O2):36.781	
O1):-0.776	O2):39.407	
O1):-0.75	O2):36.737	
O1):-0.774	O2):39.081	
O1):-0.841	O2):50.669	
O1):-0.772	O2):39.057	
O1):-0.816	O2):45.423	
O1):-0.767	O2):38.372	
O1):-0.825	O2):45.919	
O1):-0.773	O2):39.335	
O1):-0.809	O2):45.937	
O1):-0.755	O2):36.052	
O1):-0.776	O2):39.348	
O1):-0.767	O2):37.569	
O1):-0.764	O2):36.581	
O1):-0.747	O2):35.934	
O1):-0.777	O2):39.412	
O1):-0.825	O2):49.869	
O1):-0.749	O2):37.603	
O1):-0.712	O2):33.573	
O1):-0.848	O2):50.662	
O1):-0.75	O2):36.782	
O1):-0.851	O2):51.063	
O1):-0.797	O2):41.97	
O1):-0.802	O2):44.119	
O1):-0.827	O2):46.692	
O1):-0.777	O2):39.532	
O1):-0.706	O2):35.192	
O1):-0.692	O2):31.159	
O1):-0.768	O2):38.327	
O1):-0.848	O2):50.44	
O1):-0.847	O2):50.721	
O1):-0.795	O2):41.091	
O1):-0.777	O2):39.475	
O1):-0.698	O2):33.091	
O1):-0.77	O2):38.555	
O1):-0.797	O2):43.721	
O1):-0.823	O2):49.354	
O1):-0.799	O2):43.703	
O1):-0.818	O2):45.562	
O1):-0.777	O2):39.451	
O1):-0.703	O2):33.23	
O1):-0.77	O2):40.232	
O1):-0.794	O2):40.964	
O1):-0.764	O2):39.38	
O1):-0.777	O2):39.532	
O1):-0.744	O2):35.436	
O1):-0.776	O2):39.637	
O1):-0.745	O2):36.272	
O1):-0.823	O2):45.753	
O1):-0.747	O2):35.381	
O1):-0.833	O2):50.357	
O1):-0.772	O2):39.045	
O1):-0.779	O2):39.795	
O1):-0.657	O2):29.399	
O1):-0.684	O2):30.073	
O1):-0.825	O2):46.426	
O1):-0.817	O2):45.884	
O1):-0.701	O2):34.847	
O1):-0.752	O2):37.023	
O1):-0.724	O2):33.782	
O1):-0.755	O2):40.181	
O1):-0.75	O2):36.782	
O1):-0.849	O2):50.8	
O1):-0.777	O2):39.412	
O1):-0.715	O2):35.133	
O1):-0.862	O2):56.595	
O1):-0.762	O2):38.346	
O1):-0.796	O2):41.167	
O1):-0.747	O2):37.703	
O1):-0.783	O2):40.108	
O1):-0.678	O2):30.019	
O1):-0.718	O2):33.447	
O1):-0.73	O2):34.564	
O1):-0.752	O2):37.023	
O1):-0.826	O2):46.07	
O1):-0.761	O2):39.923	
O1):-0.704	O2):33.509	
O1):-0.772	O2):38.752	
O1):-0.719	O2):34.382	
O1):-0.772	O2):38.763	
O1):-0.746	O2):35.482	
O1):-0.792	O2):40.568	
O1):-0.803	O2):45.15	
O1):-0.79	O2):40.299	
O1):-0.794	O2):40.921	
O1):-0.789	O2):40.083	
O1):-0.792	O2):40.56	
O1):-0.697	O2):35.439	
O1):-0.804	O2):45.223	
O1):-0.833	O2):50.357	
O1):-0.703	O2):33.357	
O1):-0.798	O2):43.911	
O1):-0.776	O2):39.371	
O1):-0.826	O2):46.07	
O1):-0.796	O2):41.156	
O1):-0.791	O2):40.762	
O1):-0.705	O2):33.223	
O1):-0.657	O2):29.399	
O1):-0.852	O2):51.547	
O1):-0.826	O2):46.242	
O1):-0.748	O2):36.196	
O1):-0.771	O2):38.713	
O1):-0.782	O2):42.111	
O1):-0.744	O2):34.792	
O1):-0.791	O2):40.762	
O1):-0.775	O2):39.305	
O1):-0.693	O2):31.268	
O1):-0.793	O2):44.93	
O1):-0.708	O2):33.333	
O1):-0.849	O2):50.868	
O1):-0.791	O2):40.457	
O1):-0.824	O2):45.878	
O1):-0.774	O2):39.4	
O1):-0.835	O2):50.667	
O1):-0.807	O2):45.198	
O1):-0.729	O2):34.528	
O1):-0.784	O2):43.746	
O1):-0.851	O2):51.324	
O1):-0.712	O2):33.269	
O1):-0.72	O2):34.314	
O1):-0.731	O2):34.819	
O1):-0.728	O2):34.425	
O1):-0.728	O2):34.458	
O1):-0.795	O2):41.12	
O1):-0.828	O2):46.513	
O1):-0.868	O2):55.933	
O1):-0.815	O2):45.354	
O1):-0.724	O2):33.954	
O1):-0.729	O2):34.678	
O1):-0.744	O2):35.319	
O1):-0.777	O2):40.872	
O1):-0.773	O2):40.353	
O1):-0.748	O2):36.196	
O1):-0.66	O2):29.384	
O1):-0.764	O2):36.716	
O1):-0.767	O2):38.983	
O1):-0.728	O2):34.422	
O1):-0.732	O2):35.039	
O1):-0.816	O2):45.805	
O1):-0.789	O2):40.146	
O1):-0.813	O2):45.288	
O1):-0.704	O2):33.51	
O1):-0.731	O2):34.824	
O1):-0.792	O2):40.557	
O1):-0.761	O2):36.179	
O1):-0.784	O2):40.218	
O1):-0.729	O2):34.532	
O1):-0.793	O2):45.494	
O1):-0.863	O2):56.908	
O1):-0.688	O2):30.495	
O1):-0.775	O2):39.101	
O1):-0.734	O2):34.9	
O1):-0.776	O2):39.348	
O1):-0.726	O2):34.203	
O1):-0.791	O2):43.562	
O1):-0.725	O2):34.704	
O1):-0.753	O2):37.319	
O1):-0.791	O2):40.513	
O1):-0.765	O2):37.464	
O1):-0.75	O2):36.682	
O1):-0.704	O2):35.438	
O1):-0.73	O2):34.04	
O1):-0.774	O2):39.112	
O1):-0.797	O2):41.975	
O1):-0.789	O2):43.147	
O1):-0.727	O2):34.362	
O1):-0.825	O2):46.061	
O1):-0.822	O2):52.846	
O1):-0.748	O2):35.549	
O1):-0.797	O2):43.275	
O1):-0.85	O2):50.748	
O1):-0.661	O2):29.072	
O1):-0.786	O2):40.909	
O1):-0.851	O2):51.234	
O1):-0.852	O2):55.289	
O1):-0.79	O2):40.299	
O1):-0.802	O2):45.141	
O1):-0.794	O2):40.867	
O1):-0.85	O2):51.085	
O1):-0.826	O2):46.344	
O1):-0.799	O2):43.563	
O1):-0.775	O2):39.305	
O1):-0.792	O2):40.624	
O1):-0.709	O2):33.607	
O1):-0.747	O2):35.958	
O1):-0.747	O2):36.021	
O1):-0.776	O2):39.463	
O1):-0.689	O2):30.504	
O1):-0.788	O2):39.966	
O1):-0.723	O2):33.702	
O1):-0.754	O2):38.401	
O1):-0.828	O2):46.513	
O1):-0.729	O2):34.678	
O1):-0.765	O2):39.018	
O1):-0.79	O2):40.418	
O1):-0.833	O2):54.48	
O1):-0.826	O2):46.279	
O1):-0.656	O2):30.493	
O1):-0.727	O2):34.302	
O1):-0.758	O2):35.851	
O1):-0.754	O2):35.898	
O1):-0.711	O2):33.834	
Evaluations:	2600
O1):-0.807	O2):45.198	
O1):-0.8	O2):43.994	
O1):-0.829	O2):50.2	
O1):-0.825	O2):46.003	
O1):-0.768	O2):38.286	
O1):-0.763	O2):38.278	
O1):-0.849	O2):50.971	
O1):-0.792	O2):40.576	
O1):-0.828	O2):46.568	
O1):-0.792	O2):40.558	
O1):-0.711	O2):33.851	
O1):-0.803	O2):45.012	
O1):-0.755	O2):38.622	
O1):-0.771	O2):38.569	
O1):-0.711	O2):33.851	
O1):-0.825	O2):46.003	
O1):-0.72	O2):34.394	
O1):-0.8	O2):44.206	
O1):-0.773	O2):39.078	
O1):-0.823	O2):45.74	
O1):-0.776	O2):39.441	
O1):-0.657	O2):29.389	
Evaluations:	2900
Starting PrismExecutor worker 2 on port 15032
Connected worker 2 to port 15032
O1):-0.826	O2):46.567	
O1):-0.745	O2):35.038	
O1):-0.79	O2):40.394	
O1):-0.796	O2):41.169	
O1):-0.801	O2):44.037	
O1):-0.791	O2):40.762	
O1):-0.735	O2):35.088	
O1):-0.784	O2):40.218	
O1):-0.75	O2):36.634	
O1):-0.801	O2):43.995	
O1):-0.847	O2):50.721	
O1):-0.745	O2):35.739	
O1):-0.773	O2):38.914	
O1):-0.79	O2):40.434	
O1):-0.797	O2):43.275	
O1):-0.777	O2):39.915	
O1):-0.774	O2):39.052	
O1):-0.712	O2):35.432	
O1):-0.82	O2):45.631	
O1):-0.707	O2):33.348	
O1):-0.815	O2):45.354	
O1):-0.798	O2):41.879	
O1):-0.849	O2):50.971	
O1):-0.762	O2):40.214	
O1):-0.742	O2):34.575	
O1):-0.83	O2):50.575	
O1):-0.815	O2):45.082	
O1):-0.668	O2):29.646	
O1):-0.767	O2):37.587	
O1):-0.804	O2):45.803	
O1):-0.845	O2):50.407	
O1):-0.806	O2):48.002	
O1):-0.775	O2):40.709	
O1):-0.698	O2):33.091	
O1):-0.849	O2):50.868	
O1):-0.771	O2):38.636	
O1):-0.684	O2):30.073	
O1):-0.85	O2):51.085	
O1):-0.782	O2):40.054	
O1):-0.83	O2):50.575	
O1):-0.754	O2):36.049	
O1):-0.808	O2):45.539	
O1):-0.825	O2):45.872	
O1):-0.79	O2):40.265	
O1):-0.805	O2):45.365	
O1):-0.796	O2):43.192	
O1):-0.755	O2):38.229	
O1):-0.795	O2):41.12	
O1):-0.768	O2):39.044	
O1):-0.755	O2):38.229	
O1):-0.745	O2):35.653	
O1):-0.771	O2):38.707	
O1):-0.826	O2):46.279	
O1):-0.793	O2):40.778	
O1):-0.795	O2):43.891	
O1):-0.792	O2):40.515	
O1):-0.745	O2):35.087	
O1):-0.795	O2):43.002	
O1):-0.776	O2):39.348	
O1):-0.773	O2):39.458	
O1):-0.748	O2):40.448	
O1):-0.743	O2):34.837	
O1):-0.765	O2):36.582	
O1):-0.767	O2):38.965	
Starting PrismExecutor worker 0 on port 15040
Connected worker 0 to port 15040
O1):-0.762	O2):36.268	
O1):-0.795	O2):43.445	
O1):-0.825	O2):46.005	
O1):-0.724	O2):34.101	
O1):-0.777	O2):39.41	
O1):-0.772	O2):38.701	
O1):-0.778	O2):40.563	
O1):-0.718	O2):33.369	
O1):-0.725	O2):34.103	
O1):-0.774	O2):39.066	
O1):-0.777	O2):39.915	
O1):-0.833	O2):54.48	
O1):-0.801	O2):44.411	
O1):-0.798	O2):43.476	
O1):-0.792	O2):40.504	
O1):-0.748	O2):40.448	
O1):-0.694	O2):33.167	
O1):-0.8	O2):43.994	
O1):-0.817	O2):45.386	
O1):-0.772	O2):38.752	
O1):-0.802	O2):45.112	
O1):-0.816	O2):45.805	
O1):-0.707	O2):33.644	
O1):-0.774	O2):39.101	
O1):-0.846	O2):50.639	
O1):-0.709	O2):33.61	
O1):-0.836	O2):50.995	
O1):-0.653	O2):29.501	
O1):-0.78	O2):40.619	
O1):-0.749	O2):35.435	
O1):-0.819	O2):45.574	
O1):-0.763	O2):36.32	
O1):-0.771	O2):38.721	
O1):-0.756	O2):39.01	
O1):-0.792	O2):40.512	
O1):-0.786	O2):43.87	
O1):-0.8	O2):43.841	
O1):-0.795	O2):41.12	
O1):-0.826	O2):46.2	
O1):-0.729	O2):34.456	
O1):-0.658	O2):29.409	
O1):-0.731	O2):34.727	
O1):-0.806	O2):45.428	
O1):-0.779	O2):39.717	
O1):-0.761	O2):35.995	
O1):-0.799	O2):43.989	
O1):-0.798	O2):43.483	
O1):-0.762	O2):38.332	
O1):-0.805	O2):45.256	
O1):-0.774	O2):39.081	
O1):-0.749	O2):37.622	
O1):-0.728	O2):34.458	
O1):-0.791	O2):40.762	
O1):-0.704	O2):33.509	
O1):-0.782	O2):40.097	
O1):-0.799	O2):43.703	
O1):-0.735	O2):34.32	
Evaluations:	2800
O1):-0.8	O2):43.969	
O1):-0.774	O2):39.053	
O1):-0.649	O2):29.304	
O1):-0.828	O2):50.038	
O1):-0.79	O2):40.449	
O1):-0.816	O2):45.423	
O1):-0.777	O2):39.915	
O1):-0.752	O2):37.022	
O1):-0.742	O2):36.155	
O1):-0.749	O2):37.603	
O1):-0.773	O2):38.914	
O1):-0.796	O2):41.788	
O1):-0.825	O2):45.872	
O1):-0.852	O2):51.547	
O1):-0.802	O2):44.446	
O1):-0.792	O2):44.113	
O1):-0.738	O2):34.872	
O1):-0.842	O2):49.987	
O1):-0.767	O2):38.372	
O1):-0.848	O2):50.559	
O1):-0.668	O2):29.648	
O1):-0.755	O2):38.229	
O1):-0.824	O2):45.878	
O1):-0.79	O2):40.434	
O1):-0.777	O2):39.475	
O1):-0.754	O2):37.347	
O1):-0.795	O2):41.12	
O1):-0.816	O2):45.309	
O1):-0.792	O2):41.51	
O1):-0.731	O2):40.497	
Evaluations:	2800
O1):-0.812	O2):46.331	
O1):-0.823	O2):45.753	
O1):-0.777	O2):40.478	
Evaluations:	2400
O1):-0.849	O2):50.538	
O1):-0.749	O2):37.603	
O1):-0.727	O2):34.447	
O1):-0.812	O2):46.331	
O1):-0.779	O2):39.74	
O1):-0.731	O2):34.819	
O1):-0.788	O2):39.972	
O1):-0.711	O2):33.851	
O1):-0.853	O2):51.595	
O1):-0.774	O2):39.223	
O1):-0.722	O2):34.355	
O1):-0.818	O2):45.778	
O1):-0.77	O2):38.454	
O1):-0.793	O2):40.799	
O1):-0.713	O2):33.879	
O1):-0.737	O2):34.85	
O1):-0.722	O2):33.666	
O1):-0.754	O2):38.448	
O1):-0.731	O2):35.745	
O1):-0.731	O2):35.745	
O1):-0.829	O2):50.2	
O1):-0.813	O2):45.242	
O1):-0.755	O2):38.229	
O1):-0.805	O2):45.256	
O1):-0.762	O2):38.346	
O1):-0.678	O2):30.018	
O1):-0.772	O2):38.797	
O1):-0.849	O2):50.663	
O1):-0.85	O2):50.654	
O1):-0.767	O2):38.763	
O1):-0.726	O2):34.145	
O1):-0.793	O2):40.706	
O1):-0.75	O2):36.682	
O1):-0.776	O2):39.318	
O1):-0.842	O2):49.987	
O1):-0.77	O2):38.539	
O1):-0.72	O2):33.48	
O1):-0.725	O2):33.938	
O1):-0.675	O2):29.706	
O1):-0.773	O2):38.911	
O1):-0.798	O2):44.064	
O1):-0.675	O2):29.706	
O1):-0.773	O2):39.001	
O1):-0.853	O2):51.595	
O1):-0.799	O2):44.054	
O1):-0.729	O2):34.678	
O1):-0.789	O2):40.083	
O1):-0.782	O2):40.096	
O1):-0.776	O2):39.318	
O1):-0.762	O2):36.268	
O1):-0.753	O2):37.319	
O1):-0.793	O2):40.743	
O1):-0.762	O2):36.268	
O1):-0.815	O2):45.354	
O1):-0.772	O2):39.969	
O1):-0.68	O2):30.326	
O1):-0.827	O2):50.831	
O1):-0.731	O2):34.727	
O1):-0.799	O2):43.847	
O1):-0.794	O2):40.825	
O1):-0.797	O2):43.275	
O1):-0.824	O2):45.784	
O1):-0.743	O2):35.456	
O1):-0.797	O2):41.829	
O1):-0.753	O2):38.323	
O1):-0.703	O2):33.316	
O1):-0.852	O2):51.547	
O1):-0.743	O2):34.856	
O1):-0.847	O2):50.826	
O1):-0.807	O2):45.335	
O1):-0.8	O2):43.841	
O1):-0.657	O2):29.389	
O1):-0.757	O2):38.725	
O1):-0.724	O2):35.449	
O1):-0.841	O2):50.669	
O1):-0.8	O2):43.994	
O1):-0.745	O2):35.739	
O1):-0.727	O2):34.275	
O1):-0.828	O2):46.786	
O1):-0.734	O2):35.182	
O1):-0.823	O2):45.699	
O1):-0.77	O2):38.442	
O1):-0.828	O2):50.038	
O1):-0.784	O2):40.218	
O1):-0.829	O2):50.2	
O1):-0.679	O2):30.082	
O1):-0.686	O2):33.014	
O1):-0.826	O2):46.062	
O1):-0.717	O2):34.468	
O1):-0.717	O2):34.468	
Starting PrismExecutor worker 5 on port 15005
Connected worker 5 to port 15005
O1):-0.813	O2):45.288	
O1):-0.742	O2):36.186	
O1):-0.853	O2):51.831	
O1):-0.798	O2):44.215	
O1):-0.812	O2):46.331	
O1):-0.673	O2):29.641	
O1):-0.786	O2):43.037	
O1):-0.803	O2):45.114	
O1):-0.794	O2):40.825	
O1):-0.777	O2):39.475	
O1):-0.776	O2):39.433	
O1):-0.757	O2):40.567	
O1):-0.738	O2):34.872	
O1):-0.693	O2):31.269	
O1):-0.773	O2):38.914	
O1):-0.795	O2):41.076	
O1):-0.784	O2):40.218	
O1):-0.815	O2):45.082	
O1):-0.763	O2):36.32	
O1):-0.793	O2):40.747	
O1):-0.685	O2):31.012	
O1):-0.764	O2):38.405	
O1):-0.846	O2):50.595	
O1):-0.669	O2):29.091	
O1):-0.775	O2):39.148	
O1):-0.821	O2):45.582	
O1):-0.85	O2):50.79	
O1):-0.769	O2):38.658	
O1):-0.823	O2):45.699	
O1):-0.79	O2):40.419	
O1):-0.731	O2):35.745	
O1):-0.735	O2):35.088	
O1):-0.773	O2):39.001	
O1):-0.794	O2):40.853	
O1):-0.747	O2):35.381	
O1):-0.795	O2):41.474	
O1):-0.764	O2):39.645	
O1):-0.85	O2):50.748	
O1):-0.719	O2):35.404	
O1):-0.791	O2):40.473	
O1):-0.775	O2):39.212	
O1):-0.814	O2):44.969	
O1):-0.775	O2):39.248	
O1):-0.829	O2):46.881	
O1):-0.847	O2):50.826	
O1):-0.848	O2):50.44	
O1):-0.825	O2):46.015	
O1):-0.789	O2):40.083	
O1):-0.681	O2):30.159	
O1):-0.824	O2):45.934	
O1):-0.733	O2):34.902	
O1):-0.78	O2):40.962	
O1):-0.796	O2):41.167	
O1):-0.793	O2):40.773	
O1):-0.766	O2):38.817	
O1):-0.777	O2):39.475	
O1):-0.817	O2):45.566	
O1):-0.661	O2):29.072	
O1):-0.763	O2):36.404	
O1):-0.816	O2):45.355	
O1):-0.832	O2):50.247	
O1):-0.706	O2):33.411	
O1):-0.746	O2):35.975	
O1):-0.804	O2):45.22	
O1):-0.774	O2):39.066	
O1):-0.772	O2):38.753	
O1):-0.749	O2):37.603	
O1):-0.794	O2):40.874	
O1):-0.675	O2):29.706	
O1):-0.748	O2):36.057	
O1):-0.848	O2):50.58	
O1):-0.689	O2):33.536	
O1):-0.774	O2):39.052	
O1):-0.803	O2):44.752	
O1):-0.794	O2):41.145	
O1):-0.658	O2):29.488	
O1):-0.816	O2):45.818	
O1):-0.761	O2):36.115	
O1):-0.782	O2):41.166	
O1):-0.721	O2):35.205	
O1):-0.714	O2):33.427	
O1):-0.725	O2):34.138	
Evaluations:	2900
O1):-0.854	O2):59.623	
O1):-0.734	O2):34.9	
O1):-0.746	O2):37.585	
O1):-0.795	O2):41.076	
O1):-0.73	O2):34.04	
O1):-0.73	O2):34.537	
O1):-0.758	O2):35.851	
O1):-0.796	O2):41.167	
O1):-0.752	O2):37.023	
O1):-0.792	O2):40.504	
O1):-0.827	O2):46.266	
O1):-0.793	O2):40.776	
O1):-0.71	O2):33.501	
O1):-0.731	O2):34.073	
O1):-0.77	O2):38.539	
O1):-0.74	O2):35.692	
O1):-0.746	O2):37.587	
O1):-0.778	O2):39.703	
O1):-0.773	O2):39.001	
O1):-0.766	O2):36.961	
O1):-0.673	O2):29.629	
O1):-0.749	O2):35.435	
O1):-0.727	O2):34.275	
O1):-0.776	O2):39.318	
O1):-0.85	O2):51.085	
O1):-0.784	O2):40.218	
O1):-0.824	O2):45.747	
O1):-0.688	O2):31.065	
O1):-0.781	O2):40.076	
O1):-0.789	O2):41.009	
O1):-0.828	O2):46.786	
O1):-0.778	O2):39.756	
O1):-0.816	O2):45.506	
O1):-0.727	O2):34.447	
O1):-0.793	O2):40.776	
O1):-0.824	O2):45.949	
O1):-0.85	O2):50.999	
O1):-0.784	O2):40.637	
O1):-0.762	O2):36.232	
O1):-0.755	O2):36.069	
O1):-0.753	O2):41.226	
O1):-0.764	O2):38.427	
O1):-0.824	O2):45.909	
O1):-0.71	O2):33.617	
O1):-0.776	O2):39.439	
O1):-0.861	O2):56.253	
O1):-0.742	O2):34.575	
O1):-0.672	O2):30.563	
O1):-0.803	O2):44.752	
O1):-0.745	O2):34.961	
O1):-0.671	O2):29.312	
O1):-0.828	O2):46.709	
O1):-0.826	O2):46.242	
O1):-0.776	O2):39.439	
O1):-0.741	O2):35.057	
O1):-0.838	O2):50.531	
O1):-0.721	O2):33.509	
O1):-0.845	O2):50.527	
O1):-0.8	O2):43.786	
O1):-0.685	O2):31.016	
O1):-0.798	O2):43.636	
O1):-0.85	O2):51.085	
O1):-0.792	O2):43.907	
O1):-0.797	O2):41.975	
O1):-0.8	O2):43.786	
O1):-0.724	O2):33.907	
O1):-0.814	O2):44.969	
O1):-0.766	O2):39.126	
O1):-0.727	O2):34.447	
O1):-0.774	O2):39.066	
O1):-0.714	O2):33.427	
O1):-0.795	O2):41.035	
O1):-0.795	O2):41.076	
O1):-0.729	O2):35.068	
O1):-0.767	O2):38.372	
O1):-0.752	O2):37.023	
O1):-0.661	O2):29.026	
O1):-0.794	O2):41.145	
O1):-0.808	O2):45.346	
O1):-0.749	O2):35.435	
O1):-0.772	O2):39.045	
O1):-0.663	O2):29.3	
O1):-0.814	O2):45.277	
O1):-0.795	O2):41.505	
O1):-0.797	O2):41.83	
O1):-0.829	O2):47.023	
O1):-0.767	O2):37.569	
O1):-0.824	O2):45.755	
O1):-0.794	O2):40.885	
O1):-0.731	O2):34.042	
O1):-0.713	O2):35.76	
O1):-0.758	O2):35.851	
O1):-0.724	O2):34.101	
O1):-0.807	O2):45.355	
O1):-0.777	O2):39.517	
O1):-0.747	O2):35.384	
O1):-0.797	O2):44.097	
O1):-0.71	O2):35.19	
O1):-0.774	O2):39.057	
O1):-0.773	O2):39.164	
O1):-0.694	O2):33.167	
O1):-0.801	O2):44.273	
O1):-0.685	O2):31.016	
O1):-0.821	O2):45.64	
O1):-0.828	O2):50.014	
Starting PrismExecutor worker 2 on port 15042
O1):-0.724	O2):33.902	
O1):-0.832	O2):50.247	
Connected worker 2 to port 15042
O1):-0.747	O2):37.703	
O1):-0.791	O2):40.504	
O1):-0.748	O2):35.549	
O1):-0.793	O2):40.706	
O1):-0.774	O2):39.327	
O1):-0.828	O2):46.836	
O1):-0.794	O2):40.867	
O1):-0.767	O2):40.595	
O1):-0.829	O2):50.2	
O1):-0.853	O2):55.364	
O1):-0.672	O2):29.651	
O1):-0.745	O2):34.961	
O1):-0.766	O2):36.961	
O1):-0.768	O2):40.405	
O1):-0.797	O2):41.97	
O1):-0.794	O2):40.818	
O1):-0.792	O2):41.436	
O1):-0.832	O2):50.268	
O1):-0.765	O2):37.464	
O1):-0.791	O2):40.472	
O1):-0.833	O2):50.357	
O1):-0.735	O2):35.088	
O1):-0.794	O2):40.874	
O1):-0.827	O2):50.033	
O1):-0.823	O2):45.74	
O1):-0.734	O2):36.157	
O1):-0.779	O2):39.795	
Evaluations:	2700
O1):-0.765	O2):38.766	
O1):-0.751	O2):40.872	
O1):-0.767	O2):39.066	
O1):-0.823	O2):45.699	
O1):-0.769	O2):38.327	
O1):-0.777	O2):39.532	
O1):-0.713	O2):33.879	
O1):-0.799	O2):43.847	
O1):-0.772	O2):39.045	
O1):-0.775	O2):39.212	
O1):-0.745	O2):34.961	
O1):-0.795	O2):43.069	
O1):-0.793	O2):40.776	
Evaluations:	3200
O1):-0.85	O2):50.79	
O1):-0.796	O2):41.761	
O1):-0.755	O2):38.231	
O1):-0.776	O2):39.433	
O1):-0.738	O2):35.511	
O1):-0.771	O2):38.624	
O1):-0.722	O2):33.627	
O1):-0.772	O2):38.731	
O1):-0.73	O2):34.531	
O1):-0.65	O2):28.915	
O1):-0.794	O2):40.867	
O1):-0.747	O2):35.958	
O1):-0.815	O2):45.431	
O1):-0.726	O2):34.218	
O1):-0.79	O2):40.609	
O1):-0.771	O2):38.624	
O1):-0.798	O2):44.018	
O1):-0.776	O2):40.02	
O1):-0.799	O2):44.571	
O1):-0.791	O2):43.489	
O1):-0.799	O2):45.56	
O1):-0.808	O2):45.539	
O1):-0.715	O2):33.631	
O1):-0.797	O2):41.829	
O1):-0.85	O2):51.269	
O1):-0.777	O2):39.475	
O1):-0.8	O2):43.789	
O1):-0.776	O2):39.32	
O1):-0.807	O2):45.198	
O1):-0.718	O2):33.871	
O1):-0.804	O2):45.152	
O1):-0.657	O2):29.389	
O1):-0.792	O2):40.504	
O1):-0.806	O2):45.428	
O1):-0.798	O2):41.879	
O1):-0.803	O2):44.752	
O1):-0.795	O2):43.003	
O1):-0.772	O2):38.975	
O1):-0.799	O2):43.703	
O1):-0.774	O2):39.116	
O1):-0.824	O2):45.938	
O1):-0.826	O2):46.149	
O1):-0.77	O2):38.539	
O1):-0.783	O2):40.052	
O1):-0.776	O2):39.348	
O1):-0.772	O2):40.158	
O1):-0.795	O2):43.891	
O1):-0.744	O2):34.895	
O1):-0.792	O2):40.576	
O1):-0.675	O2):29.706	
O1):-0.721	O2):33.509	
O1):-0.687	O2):30.469	
O1):-0.836	O2):50.995	
O1):-0.775	O2):39.35	
O1):-0.824	O2):46.107	
O1):-0.726	O2):34.218	
O1):-0.77	O2):38.514	
O1):-0.804	O2):45.22	
O1):-0.721	O2):33.509	
O1):-0.762	O2):39.921	
O1):-0.736	O2):34.626	
O1):-0.773	O2):44.354	
O1):-0.771	O2):38.624	
O1):-0.66	O2):29.384	
O1):-0.686	O2):30.152	
O1):-0.772	O2):38.753	
O1):-0.703	O2):33.654	
O1):-0.774	O2):39.067	
O1):-0.718	O2):33.729	
O1):-0.782	O2):39.955	
O1):-0.76	O2):39.114	
O1):-0.681	O2):30.389	
O1):-0.778	O2):39.701	
O1):-0.799	O2):44.054	
O1):-0.763	O2):36.32	
O1):-0.738	O2):35.357	
O1):-0.745	O2):35.728	
O1):-0.727	O2):34.404	
O1):-0.723	O2):34.089	
O1):-0.821	O2):45.569	
O1):-0.861	O2):56.546	
O1):-0.731	O2):34.819	
O1):-0.773	O2):38.911	
Evaluations:	3200
O1):-0.826	O2):46.196	
O1):-0.789	O2):40.146	
O1):-0.791	O2):40.345	
O1):-0.73	O2):34.564	
O1):-0.867	O2):55.844	
O1):-0.83	O2):50.575	
O1):-0.746	O2):35.463	
O1):-0.796	O2):41.761	
O1):-0.782	O2):40.049	
O1):-0.817	O2):45.473	
O1):-0.85	O2):51.291	
O1):-0.791	O2):40.473	
O1):-0.73	O2):34.04	
O1):-0.777	O2):39.412	
O1):-0.735	O2):34.32	
O1):-0.761	O2):35.995	
O1):-0.854	O2):59.622	
O1):-0.745	O2):35.653	
O1):-0.778	O2):39.696	
O1):-0.768	O2):38.327	
O1):-0.743	O2):36.219	
O1):-0.772	O2):39.132	
O1):-0.79	O2):40.419	
O1):-0.798	O2):43.888	
O1):-0.842	O2):49.987	
O1):-0.823	O2):46.049	
O1):-0.783	O2):40.053	
O1):-0.747	O2):35.419	
O1):-0.848	O2):50.902	
O1):-0.727	O2):34.309	
O1):-0.818	O2):45.562	
O1):-0.761	O2):40.148	
O1):-0.725	O2):34.104	
O1):-0.803	O2):45.114	
O1):-0.788	O2):39.966	
O1):-0.773	O2):38.915	
O1):-0.723	O2):34.089	
O1):-0.815	O2):45.26	
O1):-0.798	O2):44.064	
O1):-0.709	O2):35.686	
O1):-0.793	O2):40.876	
O1):-0.774	O2):39.431	
O1):-0.79	O2):45.375	
O1):-0.775	O2):39.435	
O1):-0.68	O2):30.326	
O1):-0.789	O2):40.148	
O1):-0.69	O2):31.299	
O1):-0.82	O2):45.631	
O1):-0.808	O2):45.156	
O1):-0.732	O2):35.039	
Starting PrismExecutor worker 4 on port 15004
O1):-0.771	O2):38.636	
O1):-0.794	O2):40.874	
O1):-0.732	O2):35.039	
Connected worker 4 to port 15004
O1):-0.746	O2):35.76	
O1):-0.805	O2):45.365	
O1):-0.775	O2):39.255	
O1):-0.771	O2):38.569	
O1):-0.696	O2):34.021	
O1):-0.719	O2):33.555	
O1):-0.83	O2):50.575	
O1):-0.791	O2):40.472	
O1):-0.862	O2):56.598	
O1):-0.791	O2):40.457	
O1):-0.792	O2):40.504	
O1):-0.796	O2):43.194	
O1):-0.825	O2):45.919	
O1):-0.821	O2):45.582	
O1):-0.759	O2):39.731	
O1):-0.824	O2):45.747	
O1):-0.828	O2):46.84	
O1):-0.8	O2):44.002	
O1):-0.761	O2):35.903	
O1):-0.687	O2):30.909	
O1):-0.658	O2):29.926	
O1):-0.769	O2):39.508	
O1):-0.681	O2):30.389	
O1):-0.789	O2):40.146	
O1):-0.848	O2):51.137	
O1):-0.727	O2):34.302	
O1):-0.796	O2):41.198	
O1):-0.793	O2):40.799	
O1):-0.795	O2):41.12	
O1):-0.657	O2):29.389	
O1):-0.849	O2):50.868	
O1):-0.821	O2):45.64	
O1):-0.795	O2):41.153	
O1):-0.797	O2):41.975	
O1):-0.726	O2):34.203	
O1):-0.772	O2):38.797	
O1):-0.833	O2):50.357	
O1):-0.833	O2):50.357	
O1):-0.731	O2):34.174	
O1):-0.685	O2):31.016	
O1):-0.854	O2):55.687	
O1):-0.763	O2):36.32	
O1):-0.847	O2):50.432	
O1):-0.707	O2):33.251	
O1):-0.742	O2):34.816	
O1):-0.752	O2):37.989	
O1):-0.769	O2):38.436	
O1):-0.827	O2):46.692	
O1):-0.805	O2):45.365	
O1):-0.774	O2):39.276	
O1):-0.776	O2):39.371	
O1):-0.821	O2):45.64	
O1):-0.775	O2):39.255	
O1):-0.766	O2):38.677	
O1):-0.777	O2):39.915	
O1):-0.762	O2):36.232	
O1):-0.724	O2):33.867	
O1):-0.734	O2):36.119	
O1):-0.824	O2):45.995	
O1):-0.851	O2):51.284	
O1):-0.669	O2):29.091	
O1):-0.741	O2):35.057	
O1):-0.848	O2):50.662	
O1):-0.775	O2):39.435	
O1):-0.745	O2):35.653	
O1):-0.796	O2):44.092	
O1):-0.749	O2):37.974	
Evaluations:	3100
O1):-0.713	O2):33.892	
O1):-0.691	O2):30.703	
O1):-0.728	O2):34.55	
O1):-0.825	O2):46.103	
O1):-0.808	O2):45.796	
O1):-0.672	O2):30.728	
O1):-0.821	O2):45.582	
O1):-0.776	O2):39.32	
O1):-0.799	O2):46.109	
O1):-0.791	O2):40.346	
O1):-0.771	O2):38.61	
O1):-0.797	O2):44.094	
O1):-0.716	O2):35.167	
O1):-0.754	O2):37.347	
O1):-0.85	O2):50.999	
O1):-0.779	O2):39.795	
O1):-0.867	O2):55.844	
O1):-0.849	O2):50.971	
O1):-0.851	O2):51.284	
O1):-0.769	O2):38.658	
O1):-0.777	O2):39.532	
O1):-0.825	O2):46.003	
O1):-0.769	O2):38.658	
O1):-0.789	O2):40.146	
O1):-0.836	O2):49.943	
O1):-0.791	O2):40.724	
O1):-0.849	O2):51.461	
O1):-0.728	O2):34.458	
O1):-0.706	O2):33.633	
O1):-0.8	O2):44.118	
O1):-0.788	O2):40.454	
O1):-0.729	O2):34.678	
O1):-0.853	O2):51.831	
O1):-0.829	O2):47.023	
O1):-0.735	O2):35.088	
O1):-0.722	O2):33.627	
O1):-0.743	O2):35.873	
O1):-0.725	O2):34.111	
O1):-0.71	O2):33.617	
O1):-0.827	O2):46.226	
O1):-0.73	O2):34.564	
O1):-0.799	O2):43.847	
O1):-0.741	O2):35.057	
O1):-0.721	O2):34.482	
O1):-0.777	O2):39.532	
O1):-0.743	O2):34.856	
O1):-0.824	O2):46.117	
O1):-0.753	O2):38.323	
O1):-0.729	O2):34.525	
O1):-0.778	O2):39.701	
O1):-0.771	O2):38.636	
O1):-0.801	O2):44.064	
O1):-0.746	O2):35.975	
O1):-0.803	O2):45.114	
O1):-0.74	O2):35.692	
O1):-0.698	O2):33.091	
O1):-0.852	O2):51.186	
O1):-0.822	O2):45.657	
O1):-0.702	O2):33.156	
O1):-0.742	O2):34.602	
O1):-0.792	O2):40.861	
O1):-0.774	O2):39.154	
O1):-0.827	O2):50.831	
O1):-0.777	O2):40.736	
O1):-0.729	O2):34.456	
O1):-0.801	O2):43.913	
O1):-0.773	O2):38.915	
O1):-0.791	O2):40.389	
O1):-0.814	O2):45.126	
O1):-0.804	O2):44.988	
O1):-0.754	O2):36.049	
O1):-0.734	O2):35.182	
O1):-0.796	O2):41.198	
O1):-0.788	O2):39.972	
O1):-0.728	O2):34.3	
O1):-0.769	O2):38.436	
O1):-0.679	O2):30.082	
O1):-0.789	O2):40.145	
O1):-0.711	O2):33.19	
O1):-0.636	O2):28.958	
O1):-0.737	O2):34.85	
O1):-0.772	O2):38.675	
O1):-0.687	O2):30.909	
O1):-0.793	O2):43.133	
O1):-0.767	O2):38.992	
O1):-0.768	O2):38.327	
O1):-0.848	O2):50.846	
O1):-0.713	O2):34.133	
O1):-0.776	O2):39.438	
O1):-0.753	O2):37.206	
O1):-0.656	O2):29.376	
O1):-0.761	O2):40.438	
O1):-0.713	O2):33.879	
O1):-0.828	O2):46.513	
O1):-0.827	O2):46.233	
O1):-0.729	O2):34.678	
O1):-0.822	O2):45.48	
O1):-0.827	O2):46.492	
O1):-0.774	O2):39.058	
O1):-0.816	O2):45.454	
O1):-0.677	O2):29.816	
O1):-0.703	O2):33.245	
O1):-0.804	O2):45.22	
O1):-0.725	O2):33.938	
O1):-0.826	O2):46.149	
O1):-0.724	O2):36.489	
O1):-0.752	O2):37.989	
O1):-0.773	O2):40.644	
O1):-0.728	O2):34.424	
O1):-0.688	O2):31.227	
O1):-0.657	O2):29.4	
Starting PrismExecutor worker 1 on port 15011
Connected worker 1 to port 15011
O1):-0.777	O2):39.532	
O1):-0.776	O2):39.313	
O1):-0.826	O2):49.926	
O1):-0.735	O2):35.088	
O1):-0.774	O2):39.431	
O1):-0.851	O2):51.234	
O1):-0.85	O2):51.085	
O1):-0.703	O2):33.405	
O1):-0.776	O2):39.318	
O1):-0.798	O2):41.879	
O1):-0.772	O2):38.825	
O1):-0.731	O2):38.446	
O1):-0.702	O2):35.119	
O1):-0.774	O2):39.07	
O1):-0.849	O2):50.895	
O1):-0.765	O2):38.766	
O1):-0.763	O2):41.42	
O1):-0.8	O2):44.072	
O1):-0.755	O2):38.229	
O1):-0.771	O2):38.855	
O1):-0.668	O2):29.555	
O1):-0.796	O2):41.335	
O1):-0.77	O2):38.558	
O1):-0.772	O2):40.489	
O1):-0.794	O2):40.853	
O1):-0.81	O2):45.706	
O1):-0.668	O2):28.883	
O1):-0.763	O2):40.971	
O1):-0.775	O2):39.305	
O1):-0.824	O2):45.831	
O1):-0.776	O2):40.411	
O1):-0.751	O2):38.546	
O1):-0.803	O2):44.73	
O1):-0.797	O2):43.275	
O1):-0.769	O2):38.658	
O1):-0.793	O2):40.759	
O1):-0.769	O2):39.549	
O1):-0.794	O2):40.869	
O1):-0.747	O2):35.464	
O1):-0.796	O2):41.198	
O1):-0.8	O2):43.994	
O1):-0.854	O2):59.622	
O1):-0.771	O2):38.609	
O1):-0.796	O2):41.169	
O1):-0.721	O2):33.509	
O1):-0.795	O2):41.076	
O1):-0.798	O2):43.911	
O1):-0.793	O2):40.901	
O1):-0.709	O2):35.355	
O1):-0.828	O2):50.21	
O1):-0.777	O2):39.718	
O1):-0.747	O2):37.703	
O1):-0.828	O2):46.835	
O1):-0.704	O2):34.961	
O1):-0.762	O2):38.346	
O1):-0.674	O2):29.694	
O1):-0.661	O2):29.025	
O1):-0.793	O2):40.768	
O1):-0.715	O2):33.632	
O1):-0.736	O2):35.253	
O1):-0.733	O2):35.782	
O1):-0.774	O2):39.104	
O1):-0.85	O2):50.748	
O1):-0.828	O2):46.568	
O1):-0.692	O2):31.159	
O1):-0.674	O2):29.694	
O1):-0.688	O2):31.227	
O1):-0.8	O2):44.206	
O1):-0.829	O2):50.332	
O1):-0.765	O2):38.766	
O1):-0.796	O2):44.092	
O1):-0.697	O2):35.394	
O1):-0.798	O2):44.298	
O1):-0.827	O2):46.492	
O1):-0.768	O2):38.442	
O1):-0.777	O2):39.687	
O1):-0.692	O2):30.948	
O1):-0.75	O2):38.573	
O1):-0.774	O2):39.392	
O1):-0.75	O2):36.737	
O1):-0.795	O2):41.091	
O1):-0.867	O2):55.844	
O1):-0.711	O2):33.851	
O1):-0.748	O2):36.269	
O1):-0.827	O2):46.492	
O1):-0.779	O2):39.795	
O1):-0.827	O2):46.266	
O1):-0.791	O2):40.345	
O1):-0.718	O2):33.369	
O1):-0.724	O2):33.95	
O1):-0.813	O2):45.288	
O1):-0.812	O2):45.196	
O1):-0.658	O2):29.409	
O1):-0.724	O2):34.05	
O1):-0.774	O2):39.058	
O1):-0.822	O2):45.697	
O1):-0.746	O2):35.975	
O1):-0.85	O2):51.068	
O1):-0.764	O2):36.661	
O1):-0.754	O2):37.347	
O1):-0.826	O2):46.179	
O1):-0.814	O2):45.126	
O1):-0.725	O2):34.111	
O1):-0.718	O2):34.908	
O1):-0.794	O2):40.867	
O1):-0.719	O2):35.821	
O1):-0.86	O2):55.871	
O1):-0.769	O2):38.473	
O1):-0.747	O2):35.384	
O1):-0.833	O2):50.357	
O1):-0.725	O2):34.111	
O1):-0.779	O2):39.713	
O1):-0.751	O2):40.307	
O1):-0.796	O2):43.192	
O1):-0.848	O2):50.44	
O1):-0.663	O2):29.301	
O1):-0.791	O2):40.342	
O1):-0.767	O2):38.965	
O1):-0.797	O2):41.97	
Evaluations:	3000
O1):-0.71	O2):33.501	
O1):-0.808	O2):45.156	
O1):-0.743	O2):34.856	
O1):-0.765	O2):36.582	
O1):-0.703	O2):33.316	
O1):-0.779	O2):39.764	
O1):-0.849	O2):50.883	
O1):-0.771	O2):38.711	
O1):-0.765	O2):37.464	
O1):-0.811	O2):46.374	
O1):-0.802	O2):44.476	
O1):-0.782	O2):40.096	
O1):-0.75	O2):36.663	
O1):-0.826	O2):46.242	
O1):-0.791	O2):40.762	
O1):-0.734	O2):35.182	
O1):-0.848	O2):50.662	
O1):-0.669	O2):29.617	
O1):-0.851	O2):51.324	
O1):-0.768	O2):40.703	
O1):-0.775	O2):39.146	
O1):-0.681	O2):30.159	
O1):-0.821	O2):45.569	
O1):-0.721	O2):34.482	
O1):-0.743	O2):36.246	
O1):-0.73	O2):34.042	
O1):-0.73	O2):34.766	
O1):-0.799	O2):43.847	
O1):-0.761	O2):36.099	
O1):-0.823	O2):45.828	
O1):-0.797	O2):43.705	
O1):-0.779	O2):39.929	
O1):-0.846	O2):50.595	
O1):-0.778	O2):39.824	
O1):-0.779	O2):39.74	
O1):-0.816	O2):45.275	
O1):-0.795	O2):41.12	
O1):-0.829	O2):50.29	
O1):-0.819	O2):45.556	
O1):-0.69	O2):31.299	
O1):-0.747	O2):35.958	
O1):-0.835	O2):50.667	
O1):-0.791	O2):40.342	
O1):-0.793	O2):40.816	
O1):-0.795	O2):41.12	
O1):-0.819	O2):46.596	
O1):-0.8	O2):43.977	
O1):-0.727	O2):34.382	
O1):-0.697	O2):35.394	
O1):-0.762	O2):41.09	
O1):-0.774	O2):39.066	
O1):-0.722	O2):33.714	
O1):-0.684	O2):30.073	
O1):-0.773	O2):38.967	
O1):-0.817	O2):45.386	
O1):-0.791	O2):40.342	
O1):-0.851	O2):51.179	
O1):-0.743	O2):34.856	
O1):-0.725	O2):34.111	
O1):-0.824	O2):46.06	
O1):-0.747	O2):35.346	
O1):-0.793	O2):40.751	
O1):-0.8	O2):44.072	
O1):-0.823	O2):46.049	
O1):-0.826	O2):46.361	
O1):-0.771	O2):39.998	
O1):-0.673	O2):29.671	
O1):-0.797	O2):41.83	
O1):-0.73	O2):34.766	
Starting PrismExecutor worker 3 on port 15043
O1):-0.762	O2):36.268	
Connected worker 3 to port 15043
O1):-0.794	O2):40.853	
O1):-0.795	O2):41.076	
O1):-0.773	O2):38.87	
O1):-0.778	O2):39.696	
O1):-0.687	O2):30.909	
O1):-0.825	O2):46.003	
O1):-0.793	O2):40.706	
O1):-0.823	O2):45.761	
O1):-0.832	O2):50.219	
O1):-0.732	O2):39.882	
O1):-0.776	O2):39.371	
O1):-0.829	O2):46.883	
O1):-0.812	O2):45.196	
O1):-0.698	O2):33.758	
O1):-0.815	O2):45.26	
O1):-0.851	O2):51.324	
O1):-0.826	O2):46.214	
O1):-0.82	O2):45.721	
O1):-0.767	O2):39.527	
O1):-0.85	O2):50.654	
O1):-0.754	O2):38.168	
O1):-0.705	O2):33.223	
O1):-0.658	O2):29.488	
O1):-0.825	O2):45.872	
O1):-0.824	O2):45.995	
O1):-0.808	O2):45.539	
O1):-0.826	O2):46.179	
O1):-0.73	O2):34.675	
O1):-0.703	O2):33.316	
O1):-0.849	O2):50.895	
O1):-0.836	O2):50.995	
O1):-0.732	O2):35.039	
O1):-0.789	O2):40.083	
O1):-0.793	O2):43.133	
O1):-0.747	O2):35.381	
O1):-0.794	O2):40.867	
O1):-0.75	O2):36.682	
O1):-0.77	O2):38.41	
O1):-0.745	O2):36.076	
O1):-0.748	O2):36.269	
O1):-0.828	O2):46.709	
O1):-0.828	O2):51.671	
O1):-0.826	O2):46.344	
O1):-0.792	O2):40.735	
O1):-0.726	O2):34.214	
O1):-0.793	O2):40.776	
O1):-0.792	O2):40.565	
O1):-0.772	O2):38.753	
O1):-0.745	O2):35.074	
O1):-0.845	O2):50.407	
O1):-0.849	O2):50.895	
O1):-0.742	O2):34.575	
O1):-0.847	O2):50.224	
O1):-0.791	O2):40.762	
O1):-0.747	O2):35.934	
O1):-0.796	O2):43.661	
O1):-0.777	O2):39.718	
O1):-0.784	O2):40.596	
O1):-0.779	O2):39.795	
O1):-0.727	O2):34.439	
O1):-0.757	O2):38.725	
O1):-0.862	O2):56.595	
O1):-0.74	O2):35.692	
O1):-0.743	O2):34.794	
O1):-0.788	O2):44.705	
O1):-0.663	O2):29.591	
O1):-0.771	O2):38.651	
O1):-0.675	O2):29.706	
O1):-0.702	O2):33.156	
O1):-0.689	O2):30.504	
O1):-0.713	O2):34.845	
O1):-0.711	O2):33.867	
O1):-0.774	O2):40.235	
O1):-0.711	O2):33.834	
O1):-0.77	O2):38.442	
O1):-0.799	O2):44.571	
O1):-0.724	O2):33.902	
O1):-0.824	O2):46.145	
O1):-0.765	O2):38.766	
O1):-0.767	O2):37.569	
O1):-0.723	O2):34.089	
O1):-0.852	O2):55.289	
O1):-0.788	O2):40.114	
O1):-0.73	O2):34.537	
O1):-0.685	O2):30.391	
O1):-0.851	O2):51.237	
O1):-0.806	O2):45.365	
O1):-0.828	O2):50.038	
O1):-0.825	O2):46.003	
O1):-0.789	O2):40.084	
O1):-0.714	O2):33.471	
O1):-0.804	O2):44.988	
O1):-0.747	O2):35.384	
O1):-0.768	O2):38.327	
O1):-0.765	O2):39.017	
O1):-0.744	O2):34.889	
O1):-0.76	O2):40.419	
O1):-0.832	O2):50.219	
O1):-0.764	O2):38.405	
O1):-0.751	O2):36.552	
O1):-0.782	O2):40.096	
O1):-0.807	O2):45.681	
O1):-0.828	O2):46.757	
O1):-0.698	O2):33.812	
O1):-0.796	O2):41.169	
O1):-0.779	O2):39.693	
O1):-0.798	O2):43.476	
O1):-0.797	O2):44.097	
O1):-0.792	O2):40.614	
O1):-0.773	O2):39.374	
O1):-0.824	O2):45.949	
O1):-0.813	O2):45.288	
O1):-0.819	O2):45.556	
O1):-0.794	O2):40.884	
O1):-0.747	O2):35.469	
O1):-0.777	O2):40.164	
O1):-0.767	O2):39.117	
O1):-0.863	O2):56.907	
O1):-0.823	O2):45.977	
O1):-0.791	O2):40.457	
O1):-0.669	O2):29.617	
O1):-0.797	O2):41.97	
O1):-0.703	O2):33.245	
O1):-0.792	O2):40.512	
O1):-0.776	O2):39.432	
O1):-0.776	O2):39.371	
O1):-0.705	O2):33.491	
O1):-0.846	O2):50.581	
O1):-0.79	O2):40.289	
O1):-0.715	O2):35.576	
O1):-0.772	O2):38.768	
Evaluations:	2700
O1):-0.815	O2):45.226	
O1):-0.762	O2):36.232	
Evaluations:	2900
O1):-0.688	O2):30.475	
O1):-0.8	O2):43.977	
O1):-0.763	O2):38.399	
O1):-0.68	O2):30.158	
O1):-0.742	O2):35.163	
O1):-0.826	O2):46.108	
O1):-0.794	O2):40.885	
O1):-0.794	O2):40.937	
O1):-0.77	O2):39.856	
O1):-0.826	O2):46.196	
O1):-0.784	O2):40.692	
O1):-0.669	O2):29.05	
O1):-0.675	O2):29.706	
O1):-0.697	O2):35.395	
O1):-0.679	O2):30.082	
O1):-0.776	O2):39.439	
O1):-0.737	O2):34.849	
O1):-0.806	O2):44.843	
O1):-0.803	O2):45.15	
O1):-0.713	O2):33.879	
O1):-0.779	O2):39.713	
O1):-0.79	O2):40.408	
O1):-0.8	O2):44.728	
O1):-0.775	O2):39.212	
O1):-0.727	O2):34.907	
O1):-0.776	O2):40.225	
O1):-0.8	O2):44.072	
Evaluations:	2900
O1):-0.795	O2):41.117	
O1):-0.725	O2):34.113	
O1):-0.797	O2):44.097	
O1):-0.797	O2):41.829	
O1):-0.823	O2):45.782	
O1):-0.727	O2):34.362	
O1):-0.679	O2):30.045	
O1):-0.753	O2):38.749	
O1):-0.764	O2):41.878	
O1):-0.771	O2):38.636	
O1):-0.793	O2):41.362	
O1):-0.776	O2):39.637	
O1):-0.826	O2):49.738	
O1):-0.768	O2):40.404	
O1):-0.749	O2):37.913	
O1):-0.775	O2):39.407	
O1):-0.689	O2):30.506	
O1):-0.75	O2):39.27	
O1):-0.673	O2):29.671	
O1):-0.805	O2):45.624	
O1):-0.72	O2):33.48	
Starting PrismExecutor worker 0 on port 15010
O1):-0.776	O2):39.313	
O1):-0.793	O2):40.773	
O1):-0.772	O2):38.724	
Connected worker 0 to port 15010
O1):-0.791	O2):40.342	
O1):-0.742	O2):34.608	
O1):-0.828	O2):46.709	
O1):-0.779	O2):39.795	
O1):-0.71	O2):34.136	
O1):-0.791	O2):40.473	
O1):-0.725	O2):34.103	
O1):-0.792	O2):40.504	
O1):-0.712	O2):36.249	
O1):-0.742	O2):35.273	
O1):-0.712	O2):36.249	
O1):-0.828	O2):50.21	
O1):-0.782	O2):40.054	
O1):-0.767	O2):40.645	
O1):-0.826	O2):49.929	
O1):-0.714	O2):35.515	
O1):-0.768	O2):39.214	
O1):-0.804	O2):45.22	
O1):-0.654	O2):29.52	
O1):-0.829	O2):47.023	
O1):-0.796	O2):41.169	
O1):-0.707	O2):33.251	
O1):-0.792	O2):40.512	
O1):-0.82	O2):45.873	
O1):-0.669	O2):29.05	
O1):-0.774	O2):39.101	
O1):-0.848	O2):50.44	
O1):-0.812	O2):50.83	
O1):-0.702	O2):33.174	
O1):-0.784	O2):43.746	
O1):-0.782	O2):40.096	
O1):-0.797	O2):41.829	
O1):-0.779	O2):40.499	
O1):-0.772	O2):38.752	
O1):-0.742	O2):35.163	
O1):-0.791	O2):40.457	
O1):-0.79	O2):40.289	
O1):-0.765	O2):40.025	
O1):-0.776	O2):39.355	
O1):-0.773	O2):38.87	
O1):-0.788	O2):39.972	
O1):-0.835	O2):50.667	
O1):-0.832	O2):50.247	
O1):-0.674	O2):29.694	
O1):-0.774	O2):39.058	
O1):-0.743	O2):34.91	
O1):-0.791	O2):40.473	
O1):-0.724	O2):33.95	
O1):-0.779	O2):39.764	
O1):-0.692	O2):30.948	
O1):-0.762	O2):36.232	
O1):-0.828	O2):46.709	
O1):-0.672	O2):29.651	
O1):-0.7	O2):34.156	
O1):-0.806	O2):45.365	
O1):-0.791	O2):40.545	
O1):-0.744	O2):34.861	
O1):-0.776	O2):39.562	
O1):-0.824	O2):49.612	
O1):-0.728	O2):34.588	
O1):-0.777	O2):39.475	
O1):-0.727	O2):34.383	
O1):-0.774	O2):39.101	
O1):-0.806	O2):44.843	
O1):-0.814	O2):44.98	
O1):-0.822	O2):45.697	
O1):-0.769	O2):38.473	
O1):-0.794	O2):40.934	
O1):-0.821	O2):45.582	
O1):-0.722	O2):34.286	
O1):-0.772	O2):39.045	
O1):-0.814	O2):45.31	
O1):-0.792	O2):40.512	
O1):-0.802	O2):44.119	
O1):-0.791	O2):40.473	
O1):-0.824	O2):45.995	
O1):-0.801	O2):44.411	
O1):-0.783	O2):40.108	
O1):-0.765	O2):37.464	
O1):-0.673	O2):29.671	
O1):-0.777	O2):41.095	
O1):-0.673	O2):29.671	
O1):-0.807	O2):45.104	
O1):-0.75	O2):36.727	
O1):-0.836	O2):49.943	
O1):-0.763	O2):38.482	
O1):-0.868	O2):55.933	
O1):-0.748	O2):36.196	
O1):-0.686	O2):30.162	
O1):-0.792	O2):40.504	
O1):-0.729	O2):35.281	
O1):-0.788	O2):39.966	
O1):-0.745	O2):36.164	
O1):-0.738	O2):34.872	
O1):-0.671	O2):29.312	
O1):-0.799	O2):44.571	
O1):-0.661	O2):29.072	
O1):-0.85	O2):51.085	
O1):-0.804	O2):44.988	
O1):-0.745	O2):34.961	
O1):-0.791	O2):40.342	
O1):-0.653	O2):29.097	
O1):-0.798	O2):43.636	
O1):-0.849	O2):50.868	
O1):-0.79	O2):43.512	
O1):-0.788	O2):39.966	
O1):-0.851	O2):51.097	
O1):-0.798	O2):43.636	
O1):-0.801	O2):44.95	
O1):-0.771	O2):38.623	
O1):-0.815	O2):45.354	
O1):-0.704	O2):33.843	
O1):-0.73	O2):34.766	
O1):-0.798	O2):43.911	
O1):-0.773	O2):39.005	
O1):-0.71	O2):33.501	
O1):-0.73	O2):34.564	
O1):-0.794	O2):44.418	
O1):-0.772	O2):38.753	
O1):-0.76	O2):36.018	
O1):-0.788	O2):39.966	
O1):-0.818	O2):45.574	
O1):-0.776	O2):39.313	
O1):-0.706	O2):33.633	
O1):-0.772	O2):38.825	
O1):-0.705	O2):33.223	
O1):-0.841	O2):50.669	
O1):-0.778	O2):39.755	
O1):-0.816	O2):45.31	
O1):-0.792	O2):40.504	
O1):-0.769	O2):38.436	
O1):-0.829	O2):50.418	
O1):-0.779	O2):39.717	
O1):-0.658	O2):29.409	
O1):-0.816	O2):45.423	
O1):-0.782	O2):40.049	
O1):-0.795	O2):41.474	
O1):-0.8	O2):43.977	
O1):-0.771	O2):40.115	
O1):-0.762	O2):36.232	
O1):-0.803	O2):44.973	
O1):-0.749	O2):35.715	
O1):-0.763	O2):38.482	
O1):-0.762	O2):36.268	
O1):-0.773	O2):38.915	
O1):-0.791	O2):40.473	
O1):-0.822	O2):46.255	
O1):-0.759	O2):40.359	
O1):-0.85	O2):51.085	
O1):-0.849	O2):50.538	
O1):-0.803	O2):45.15	
O1):-0.849	O2):50.8	
O1):-0.658	O2):29.409	
O1):-0.826	O2):46.344	
O1):-0.848	O2):50.603	
O1):-0.841	O2):50.669	
O1):-0.704	O2):33.509	
O1):-0.8	O2):44.009	
O1):-0.794	O2):41.145	
O1):-0.799	O2):45.022	
O1):-0.841	O2):50.669	
O1):-0.727	O2):34.382	
O1):-0.824	O2):45.934	
O1):-0.704	O2):33.509	
O1):-0.778	O2):39.696	
O1):-0.792	O2):40.504	
O1):-0.748	O2):36.057	
O1):-0.774	O2):39.033	
O1):-0.692	O2):30.948	
O1):-0.727	O2):34.404	
O1):-0.75	O2):36.682	
Evaluations:	3300
O1):-0.795	O2):41.12	
O1):-0.796	O2):41.167	
O1):-0.71	O2):33.844	
O1):-0.754	O2):37.347	
O1):-0.818	O2):49.693	
O1):-0.791	O2):40.472	
O1):-0.803	O2):45.15	
O1):-0.779	O2):39.74	
O1):-0.762	O2):36.232	
O1):-0.703	O2):33.316	
O1):-0.814	O2):45.337	
O1):-0.745	O2):35.126	
O1):-0.854	O2):55.687	
O1):-0.79	O2):40.434	
O1):-0.845	O2):50.527	
O1):-0.658	O2):29.488	
O1):-0.796	O2):41.169	
O1):-0.711	O2):34.188	
O1):-0.829	O2):47.023	
O1):-0.808	O2):45.156	
Starting PrismExecutor worker 1 on port 15031
O1):-0.79	O2):40.403	
O1):-0.802	O2):44.49	
Connected worker 1 to port 15031
O1):-0.749	O2):35.435	
O1):-0.694	O2):33.167	
O1):-0.714	O2):34.158	
O1):-0.827	O2):46.226	
O1):-0.804	O2):45.22	
O1):-0.804	O2):45.22	
O1):-0.756	O2):38.321	
O1):-0.792	O2):40.52	
O1):-0.779	O2):39.771	
O1):-0.845	O2):50.407	
O1):-0.829	O2):46.881	
O1):-0.803	O2):45.41	
O1):-0.798	O2):43.636	
O1):-0.795	O2):41.076	
O1):-0.769	O2):40.319	
O1):-0.803	O2):45.41	
O1):-0.799	O2):43.703	
O1):-0.815	O2):45.082	
Evaluations:	3000
O1):-0.731	O2):34.824	
O1):-0.78	O2):40.549	
O1):-0.767	O2):41.225	
O1):-0.798	O2):41.879	
O1):-0.79	O2):40.299	
O1):-0.821	O2):45.663	
O1):-0.68	O2):30.129	
O1):-0.743	O2):36.14	
O1):-0.749	O2):35.715	
O1):-0.77	O2):38.71	
O1):-0.771	O2):38.735	
O1):-0.764	O2):36.567	
O1):-0.78	O2):40.966	
O1):-0.826	O2):46.07	
O1):-0.79	O2):43.361	
O1):-0.83	O2):50.242	
O1):-0.765	O2):36.582	
O1):-0.74	O2):35.691	
O1):-0.8	O2):43.994	
O1):-0.807	O2):45.335	
Evaluations:	2500
O1):-0.861	O2):56.253	
O1):-0.685	O2):31.102	
O1):-0.79	O2):40.449	
O1):-0.814	O2):45.337	
O1):-0.756	O2):38.321	
O1):-0.777	O2):39.475	
O1):-0.747	O2):35.381	
O1):-0.774	O2):39.058	
O1):-0.746	O2):37.865	
O1):-0.773	O2):38.915	
O1):-0.773	O2):40.803	
O1):-0.828	O2):46.568	
O1):-0.798	O2):43.636	
O1):-0.724	O2):34.101	
O1):-0.823	O2):49.528	
O1):-0.762	O2):43.162	
O1):-0.777	O2):40.474	
O1):-0.752	O2):37.989	
O1):-0.685	O2):30.392	
O1):-0.732	O2):35.556	
O1):-0.805	O2):45.256	
O1):-0.826	O2):46.179	
O1):-0.791	O2):40.49	
O1):-0.807	O2):45.198	
O1):-0.853	O2):51.274	
O1):-0.852	O2):50.955	
O1):-0.782	O2):39.955	
O1):-0.776	O2):39.318	
O1):-0.782	O2):40.049	
O1):-0.776	O2):39.32	
O1):-0.835	O2):50.667	
O1):-0.764	O2):36.524	
O1):-0.828	O2):46.709	
O1):-0.745	O2):36.4	
O1):-0.782	O2):39.955	
O1):-0.721	O2):33.509	
O1):-0.782	O2):39.955	
O1):-0.829	O2):46.881	
O1):-0.749	O2):35.842	
O1):-0.806	O2):44.843	
O1):-0.786	O2):43.129	
O1):-0.763	O2):36.554	
O1):-0.79	O2):40.265	
O1):-0.731	O2):35.326	
O1):-0.77	O2):38.442	
O1):-0.78	O2):40.792	
O1):-0.849	O2):50.971	
O1):-0.8	O2):44.206	
O1):-0.773	O2):40.507	
O1):-0.744	O2):34.792	
O1):-0.716	O2):35.501	
O1):-0.821	O2):45.663	
O1):-0.828	O2):50.046	
O1):-0.794	O2):40.997	
O1):-0.719	O2):35.525	
O1):-0.8	O2):43.786	
O1):-0.776	O2):40.225	
O1):-0.776	O2):39.682	
O1):-0.658	O2):29.488	
O1):-0.849	O2):50.971	
O1):-0.824	O2):45.747	
O1):-0.824	O2):46.094	
O1):-0.833	O2):50.357	
O1):-0.863	O2):56.908	
O1):-0.728	O2):34.3	
O1):-0.795	O2):41.035	
O1):-0.679	O2):30.082	
O1):-0.829	O2):46.881	
O1):-0.802	O2):44.119	
O1):-0.688	O2):31.065	
O1):-0.769	O2):38.45	
O1):-0.774	O2):39.101	
O1):-0.795	O2):41.035	
O1):-0.793	O2):40.752	
O1):-0.823	O2):45.699	
Evaluations:	3300
O1):-0.772	O2):38.674	
O1):-0.68	O2):30.313	
O1):-0.791	O2):40.457	
O1):-0.774	O2):39.058	
O1):-0.658	O2):29.926	
O1):-0.815	O2):45.411	
O1):-0.825	O2):46.043	
O1):-0.782	O2):39.968	
O1):-0.762	O2):36.268	
O1):-0.712	O2):33.872	
O1):-0.769	O2):38.327	
O1):-0.771	O2):38.711	
O1):-0.702	O2):33.797	
O1):-0.712	O2):33.421	
O1):-0.775	O2):39.435	
O1):-0.763	O2):38.278	
O1):-0.773	O2):40.787	
O1):-0.793	O2):40.838	
O1):-0.822	O2):45.657	
O1):-0.808	O2):45.156	
O1):-0.718	O2):33.913	
O1):-0.793	O2):40.706	
O1):-0.795	O2):41.12	
O1):-0.773	O2):39.063	
O1):-0.794	O2):41.161	
O1):-0.774	O2):39.058	
O1):-0.741	O2):34.561	
O1):-0.84	O2):50.717	
O1):-0.674	O2):29.694	
O1):-0.779	O2):39.74	
O1):-0.79	O2):40.299	
O1):-0.804	O2):45.22	
O1):-0.823	O2):46.049	
O1):-0.788	O2):40.115	
O1):-0.789	O2):40.145	
O1):-0.817	O2):46.439	
O1):-0.823	O2):46.049	
O1):-0.792	O2):45.429	
O1):-0.708	O2):33.332	
O1):-0.765	O2):37.511	
O1):-0.774	O2):38.898	
O1):-0.773	O2):40.352	
O1):-0.812	O2):50.83	
Evaluations:	2800
O1):-0.84	O2):50.717	
O1):-0.768	O2):39.14	
O1):-0.745	O2):35.154	
O1):-0.862	O2):56.595	
O1):-0.75	O2):40.105	
O1):-0.796	O2):41.156	
O1):-0.807	O2):45.104	
O1):-0.669	O2):29.05	
O1):-0.709	O2):33.607	
O1):-0.745	O2):35.143	
O1):-0.806	O2):45.365	
O1):-0.793	O2):40.806	
O1):-0.761	O2):36.099	
O1):-0.789	O2):43.283	
O1):-0.75	O2):36.782	
O1):-0.823	O2):46.049	
O1):-0.747	O2):35.934	
O1):-0.815	O2):45.354	
O1):-0.73	O2):34.766	
Starting PrismExecutor worker 1 on port 15021
O1):-0.848	O2):50.558	
O1):-0.754	O2):36.049	
Connected worker 1 to port 15021
O1):-0.729	O2):35.194	
O1):-0.729	O2):35.194	
O1):-0.797	O2):41.97	
O1):-0.808	O2):45.539	
O1):-0.733	O2):35.675	
O1):-0.832	O2):50.247	
O1):-0.746	O2):36.188	
O1):-0.819	O2):45.191	
O1):-0.79	O2):40.408	
O1):-0.771	O2):39.02	
O1):-0.82	O2):45.34	
O1):-0.675	O2):29.706	
O1):-0.793	O2):40.706	
O1):-0.795	O2):43.329	
O1):-0.795	O2):41.076	
O1):-0.774	O2):39.095	
O1):-0.792	O2):43.907	
O1):-0.796	O2):44.092	
O1):-0.772	O2):38.731	
O1):-0.85	O2):50.748	
O1):-0.658	O2):29.488	
O1):-0.775	O2):39.303	
O1):-0.861	O2):56.253	
O1):-0.741	O2):36.084	
O1):-0.827	O2):46.176	
O1):-0.776	O2):39.355	
O1):-0.827	O2):46.243	
O1):-0.687	O2):30.469	
O1):-0.802	O2):44.927	
O1):-0.808	O2):45.539	
O1):-0.723	O2):34.242	
O1):-0.788	O2):40.114	
O1):-0.771	O2):38.636	
O1):-0.799	O2):44.289	
O1):-0.765	O2):38.766	
O1):-0.724	O2):33.878	
O1):-0.825	O2):45.976	
O1):-0.752	O2):36.92	
O1):-0.771	O2):38.7	
O1):-0.744	O2):35.436	
O1):-0.773	O2):39.001	
O1):-0.794	O2):40.867	
O1):-0.797	O2):43.705	
O1):-0.803	O2):44.973	
O1):-0.756	O2):40.848	
O1):-0.756	O2):40.848	
O1):-0.722	O2):34.269	
O1):-0.791	O2):40.472	
O1):-0.759	O2):38.997	
O1):-0.737	O2):34.85	
O1):-0.828	O2):46.836	
O1):-0.743	O2):35.456	
O1):-0.821	O2):45.673	
O1):-0.824	O2):45.934	
O1):-0.779	O2):39.771	
O1):-0.754	O2):36.049	
O1):-0.85	O2):51.085	
O1):-0.772	O2):40.476	
O1):-0.791	O2):40.535	
O1):-0.687	O2):30.909	
O1):-0.694	O2):33.167	
O1):-0.769	O2):38.473	
O1):-0.713	O2):33.346	
O1):-0.764	O2):38.374	
O1):-0.792	O2):40.512	
O1):-0.77	O2):38.442	
O1):-0.816	O2):45.233	
O1):-0.849	O2):50.663	
O1):-0.754	O2):38.448	
O1):-0.774	O2):39.058	
O1):-0.793	O2):40.806	
O1):-0.792	O2):40.576	
O1):-0.743	O2):36.25	
O1):-0.813	O2):45.242	
O1):-0.823	O2):46.049	
O1):-0.671	O2):29.312	
O1):-0.773	O2):38.87	
O1):-0.849	O2):50.98	
O1):-0.748	O2):36.196	
O1):-0.741	O2):35.057	
O1):-0.784	O2):40.692	
O1):-0.801	O2):44.273	
O1):-0.798	O2):44.298	
O1):-0.725	O2):34.111	
O1):-0.771	O2):38.7	
O1):-0.717	O2):34.891	
O1):-0.724	O2):33.95	
O1):-0.772	O2):38.729	
O1):-0.678	O2):30.018	
O1):-0.792	O2):44.728	
O1):-0.799	O2):43.992	
O1):-0.775	O2):39.148	
O1):-0.775	O2):40.938	
O1):-0.779	O2):39.929	
O1):-0.746	O2):35.76	
O1):-0.734	O2):35.182	
O1):-0.793	O2):40.778	
O1):-0.825	O2):46.043	
O1):-0.774	O2):39.121	
O1):-0.776	O2):39.453	
O1):-0.792	O2):40.565	
O1):-0.688	O2):31.065	
O1):-0.79	O2):40.299	
O1):-0.724	O2):33.878	
O1):-0.828	O2):46.513	
O1):-0.798	O2):43.476	
O1):-0.794	O2):44.006	
O1):-0.747	O2):36.149	
O1):-0.673	O2):29.629	
O1):-0.795	O2):43.069	
O1):-0.826	O2):46.062	
O1):-0.753	O2):37.206	
O1):-0.769	O2):38.436	
O1):-0.816	O2):45.355	
O1):-0.795	O2):41.474	
O1):-0.775	O2):39.435	
O1):-0.734	O2):34.9	
O1):-0.724	O2):33.867	
O1):-0.773	O2):39.013	
O1):-0.8	O2):43.786	
O1):-0.795	O2):41.188	
O1):-0.712	O2):34.569	
O1):-0.674	O2):29.624	
O1):-0.752	O2):38.248	
O1):-0.791	O2):40.473	
O1):-0.778	O2):40.916	
Evaluations:	3200
O1):-0.744	O2):34.861	
O1):-0.772	O2):38.674	
O1):-0.853	O2):51.595	
O1):-0.724	O2):33.878	
O1):-0.794	O2):40.884	
O1):-0.782	O2):39.956	
O1):-0.708	O2):33.332	
O1):-0.794	O2):41.161	
O1):-0.707	O2):35.339	
O1):-0.767	O2):38.965	
O1):-0.768	O2):38.442	
O1):-0.674	O2):29.624	
O1):-0.828	O2):46.835	
O1):-0.794	O2):40.884	
O1):-0.724	O2):33.878	
O1):-0.765	O2):37.464	
O1):-0.68	O2):30.326	
O1):-0.685	O2):31.102	
O1):-0.835	O2):50.667	
O1):-0.723	O2):35.085	
O1):-0.834	O2):49.884	
O1):-0.712	O2):33.269	
O1):-0.752	O2):36.92	
O1):-0.806	O2):45.365	
O1):-0.669	O2):29.091	
O1):-0.776	O2):40.547	
O1):-0.77	O2):38.685	
O1):-0.732	O2):35.039	
O1):-0.845	O2):50.527	
O1):-0.775	O2):39.13	
O1):-0.778	O2):39.756	
O1):-0.702	O2):33.156	
O1):-0.798	O2):44.064	
O1):-0.815	O2):48.542	
O1):-0.825	O2):46.061	
O1):-0.757	O2):38.864	
O1):-0.793	O2):40.747	
O1):-0.841	O2):50.669	
O1):-0.662	O2):29.022	
O1):-0.802	O2):44.851	
O1):-0.772	O2):38.731	
O1):-0.658	O2):29.926	
O1):-0.74	O2):35.692	
O1):-0.758	O2):35.851	
O1):-0.799	O2):43.847	
O1):-0.788	O2):40.405	
O1):-0.817	O2):45.386	
O1):-0.822	O2):45.657	
O1):-0.818	O2):45.562	
O1):-0.658	O2):29.409	
O1):-0.776	O2):40.241	
O1):-0.868	O2):55.933	
O1):-0.782	O2):39.956	
O1):-0.85	O2):50.748	
O1):-0.802	O2):44.119	
O1):-0.68	O2):30.158	
O1):-0.685	O2):31.365	
Starting PrismExecutor worker 3 on port 15013
Connected worker 3 to port 15013
O1):-0.716	O2):34.872	
O1):-0.686	O2):33.014	
O1):-0.699	O2):35.234	
O1):-0.746	O2):35.76	
O1):-0.686	O2):30.162	
O1):-0.77	O2):38.71	
O1):-0.743	O2):40.155	
O1):-0.862	O2):56.595	
O1):-0.72	O2):35.408	
O1):-0.755	O2):36.051	
O1):-0.797	O2):44.097	
O1):-0.722	O2):33.666	
O1):-0.849	O2):50.663	
O1):-0.841	O2):50.684	
O1):-0.731	O2):34.042	
O1):-0.757	O2):40.567	
O1):-0.844	O2):51.347	
O1):-0.659	O2):28.81	
O1):-0.803	O2):45.41	
O1):-0.724	O2):33.867	
O1):-0.799	O2):43.992	
O1):-0.849	O2):50.538	
O1):-0.746	O2):35.463	
O1):-0.816	O2):45.66	
O1):-0.779	O2):39.74	
O1):-0.794	O2):40.825	
O1):-0.793	O2):45.494	
O1):-0.823	O2):45.74	
O1):-0.669	O2):29.091	
O1):-0.797	O2):41.829	
O1):-0.822	O2):45.676	
O1):-0.777	O2):39.412	
O1):-0.777	O2):39.915	
O1):-0.804	O2):45.22	
O1):-0.742	O2):34.602	
O1):-0.832	O2):50.268	
O1):-0.775	O2):39.435	
O1):-0.814	O2):44.969	
O1):-0.745	O2):36.159	
O1):-0.706	O2):33.411	
O1):-0.824	O2):46.094	
O1):-0.669	O2):29.617	
O1):-0.748	O2):36.196	
O1):-0.802	O2):44.119	
O1):-0.729	O2):34.525	
O1):-0.766	O2):39.167	
O1):-0.853	O2):51.831	
O1):-0.773	O2):38.914	
O1):-0.823	O2):45.699	
O1):-0.703	O2):33.316	
O1):-0.805	O2):45.01	
O1):-0.791	O2):40.472	
O1):-0.802	O2):44.794	
O1):-0.775	O2):39.416	
O1):-0.692	O2):31.159	
O1):-0.798	O2):43.911	
O1):-0.794	O2):40.853	
O1):-0.807	O2):45.335	
O1):-0.798	O2):43.636	
O1):-0.824	O2):46.028	
O1):-0.723	O2):33.695	
O1):-0.722	O2):33.666	
O1):-0.775	O2):39.146	
O1):-0.797	O2):43.705	
O1):-0.746	O2):37.585	
O1):-0.829	O2):46.881	
O1):-0.672	O2):29.651	
O1):-0.846	O2):50.581	
O1):-0.777	O2):39.915	
O1):-0.814	O2):45.126	
O1):-0.773	O2):39.028	
O1):-0.772	O2):38.731	
O1):-0.72	O2):33.48	
O1):-0.821	O2):45.581	
O1):-0.732	O2):35.039	
O1):-0.826	O2):46.07	
O1):-0.778	O2):41.154	
O1):-0.828	O2):46.568	
O1):-0.792	O2):40.56	
O1):-0.852	O2):51.547	
O1):-0.73	O2):34.766	
O1):-0.788	O2):40.116	
O1):-0.781	O2):40.076	
O1):-0.769	O2):38.658	
O1):-0.728	O2):34.422	
O1):-0.827	O2):46.226	
O1):-0.731	O2):34.042	
O1):-0.698	O2):33.091	
O1):-0.795	O2):41.474	
O1):-0.824	O2):45.995	
O1):-0.798	O2):42.095	
O1):-0.798	O2):44.298	
O1):-0.765	O2):38.766	
O1):-0.751	O2):36.552	
O1):-0.702	O2):33.174	
O1):-0.775	O2):39.305	
O1):-0.731	O2):34.819	
O1):-0.712	O2):33.573	
O1):-0.799	O2):43.847	
O1):-0.797	O2):41.975	
O1):-0.777	O2):39.411	
O1):-0.834	O2):50.342	
O1):-0.721	O2):33.509	
O1):-0.846	O2):50.443	
O1):-0.793	O2):40.904	
O1):-0.833	O2):50.357	
O1):-0.779	O2):40.526	
O1):-0.8	O2):44.206	
O1):-0.686	O2):30.162	
O1):-0.821	O2):45.582	
O1):-0.846	O2):50.581	
O1):-0.752	O2):36.92	
O1):-0.658	O2):29.488	
O1):-0.828	O2):46.542	
O1):-0.824	O2):45.891	
O1):-0.806	O2):45.428	
O1):-0.793	O2):40.768	
O1):-0.797	O2):44.169	
O1):-0.72	O2):34.314	
O1):-0.775	O2):39.305	
O1):-0.769	O2):38.45	
O1):-0.779	O2):40.381	
O1):-0.741	O2):35.074	
O1):-0.776	O2):40.765	
O1):-0.707	O2):35.468	
O1):-0.718	O2):34.111	
O1):-0.681	O2):30.389	
O1):-0.851	O2):51.616	
O1):-0.784	O2):40.391	
O1):-0.776	O2):39.676	
O1):-0.686	O2):30.152	
O1):-0.795	O2):41.648	
O1):-0.754	O2):36.049	
O1):-0.772	O2):38.768	
O1):-0.748	O2):35.549	
O1):-0.817	O2):45.386	
O1):-0.764	O2):38.404	
O1):-0.794	O2):40.885	
O1):-0.784	O2):40.465	
O1):-0.798	O2):44.064	
O1):-0.802	O2):44.446	
O1):-0.688	O2):30.476	
O1):-0.766	O2):36.961	
O1):-0.833	O2):50.691	
O1):-0.734	O2):35.182	
O1):-0.774	O2):39.058	
O1):-0.656	O2):29.375	
Evaluations:	3100
O1):-0.798	O2):44.203	
O1):-0.725	O2):33.971	
O1):-0.653	O2):29.09	
O1):-0.776	O2):39.318	
O1):-0.792	O2):40.504	
O1):-0.847	O2):50.432	
O1):-0.771	O2):39.024	
O1):-0.805	O2):45.008	
O1):-0.771	O2):40.156	
O1):-0.797	O2):41.975	
O1):-0.795	O2):41.076	
O1):-0.823	O2):45.699	
O1):-0.774	O2):39.21	
O1):-0.793	O2):40.778	
O1):-0.794	O2):40.867	
O1):-0.79	O2):40.408	
O1):-0.776	O2):39.868	
O1):-0.796	O2):41.335	
O1):-0.713	O2):33.346	
O1):-0.729	O2):34.678	
O1):-0.817	O2):45.566	
O1):-0.692	O2):31.159	
O1):-0.692	O2):31.159	
O1):-0.848	O2):50.44	
O1):-0.852	O2):51.547	
O1):-0.796	O2):41.198	
O1):-0.796	O2):41.198	
O1):-0.798	O2):43.911	
O1):-0.765	O2):38.433	
O1):-0.686	O2):30.185	
O1):-0.788	O2):39.972	
O1):-0.744	O2):35.436	
O1):-0.742	O2):34.575	
O1):-0.774	O2):39.4	
O1):-0.799	O2):43.989	
O1):-0.776	O2):39.358	
O1):-0.778	O2):39.696	
O1):-0.763	O2):38.399	
Starting PrismExecutor worker 4 on port 15094
Connected worker 4 to port 15094
O1):-0.795	O2):41.148	
O1):-0.706	O2):33.634	
O1):-0.721	O2):34.516	
O1):-0.796	O2):41.198	
O1):-0.775	O2):39.353	
O1):-0.767	O2):38.965	
O1):-0.771	O2):40.657	
O1):-0.822	O2):45.48	
O1):-0.788	O2):40.114	
O1):-0.788	O2):40.114	
O1):-0.715	O2):33.631	
O1):-0.81	O2):46.308	
O1):-0.796	O2):41.335	
O1):-0.798	O2):44.203	
O1):-0.774	O2):39.033	
O1):-0.832	O2):50.247	
O1):-0.714	O2):34.632	
O1):-0.745	O2):35.091	
O1):-0.821	O2):45.64	
O1):-0.783	O2):40.108	
O1):-0.732	O2):35.856	
O1):-0.825	O2):45.984	
O1):-0.707	O2):33.644	
O1):-0.744	O2):34.861	
O1):-0.849	O2):50.883	
O1):-0.775	O2):39.148	
O1):-0.694	O2):33.167	
O1):-0.825	O2):45.991	
O1):-0.836	O2):50.995	
O1):-0.778	O2):39.696	
O1):-0.744	O2):35.138	
O1):-0.704	O2):33.888	
O1):-0.774	O2):39.149	
O1):-0.8	O2):44.072	
O1):-0.796	O2):43.677	
O1):-0.727	O2):34.276	
O1):-0.796	O2):41.167	
O1):-0.821	O2):45.581	
O1):-0.658	O2):29.926	
O1):-0.754	O2):35.898	
O1):-0.685	O2):29.943	
O1):-0.754	O2):36.049	
O1):-0.79	O2):43.361	
O1):-0.801	O2):43.913	
O1):-0.771	O2):39.024	
O1):-0.655	O2):29.398	
O1):-0.799	O2):43.992	
O1):-0.769	O2):38.327	
O1):-0.714	O2):33.466	
O1):-0.724	O2):33.89	
O1):-0.776	O2):39.313	
O1):-0.792	O2):40.729	
O1):-0.775	O2):39.101	
O1):-0.795	O2):41.091	
O1):-0.764	O2):38.737	
O1):-0.802	O2):45.193	
O1):-0.718	O2):35.116	
O1):-0.768	O2):38.286	
O1):-0.724	O2):33.902	
O1):-0.782	O2):40.049	
O1):-0.796	O2):41.198	
O1):-0.794	O2):40.818	
O1):-0.802	O2):44.446	
O1):-0.826	O2):46.344	
O1):-0.826	O2):46.179	
O1):-0.75	O2):36.634	
O1):-0.764	O2):38.405	
O1):-0.745	O2):35.653	
O1):-0.826	O2):46.149	
O1):-0.661	O2):29.025	
O1):-0.772	O2):38.768	
O1):-0.652	O2):29.083	
O1):-0.798	O2):43.636	
O1):-0.791	O2):40.342	
O1):-0.849	O2):50.913	
O1):-0.746	O2):40.817	
O1):-0.745	O2):35.154	
O1):-0.675	O2):29.706	
O1):-0.653	O2):29.501	
O1):-0.693	O2):31.268	
O1):-0.673	O2):29.671	
O1):-0.823	O2):45.705	
O1):-0.825	O2):45.971	
O1):-0.792	O2):41.064	
O1):-0.849	O2):50.868	
O1):-0.842	O2):49.987	
O1):-0.796	O2):44.092	
O1):-0.662	O2):29.242	
O1):-0.793	O2):40.706	
O1):-0.798	O2):43.636	
O1):-0.822	O2):45.48	
O1):-0.685	O2):31.102	
O1):-0.746	O2):41.592	
O1):-0.746	O2):35.463	
O1):-0.796	O2):43.192	
O1):-0.745	O2):37.789	
O1):-0.798	O2):43.555	
O1):-0.734	O2):35.182	
O1):-0.851	O2):51.234	
O1):-0.812	O2):46.551	
O1):-0.793	O2):40.747	
O1):-0.773	O2):39.001	
O1):-0.764	O2):36.579	
O1):-0.724	O2):34.41	
O1):-0.774	O2):39.066	
O1):-0.774	O2):39.327	
O1):-0.815	O2):45.354	
O1):-0.854	O2):59.622	
O1):-0.85	O2):50.748	
O1):-0.795	O2):41.202	
O1):-0.847	O2):50.503	
O1):-0.848	O2):50.6	
O1):-0.825	O2):46.003	
O1):-0.851	O2):51.324	
O1):-0.742	O2):34.779	
O1):-0.755	O2):38.621	
O1):-0.779	O2):39.771	
O1):-0.8	O2):43.786	
O1):-0.767	O2):37.573	
O1):-0.712	O2):33.269	
O1):-0.795	O2):41.091	
O1):-0.793	O2):41.459	
O1):-0.725	O2):34.103	
O1):-0.71	O2):33.501	
O1):-0.798	O2):44.298	
O1):-0.746	O2):37.585	
O1):-0.823	O2):45.699	
O1):-0.724	O2):33.868	
O1):-0.774	O2):39.431	
O1):-0.784	O2):40.218	
O1):-0.821	O2):45.569	
O1):-0.765	O2):38.766	
O1):-0.766	O2):36.961	
O1):-0.747	O2):36.021	
O1):-0.745	O2):35.76	
O1):-0.777	O2):39.915	
O1):-0.823	O2):45.705	
O1):-0.815	O2):45.082	
O1):-0.794	O2):40.873	
O1):-0.724	O2):33.902	
O1):-0.784	O2):40.218	
O1):-0.653	O2):29.088	
O1):-0.789	O2):41.086	
O1):-0.829	O2):50.418	
O1):-0.743	O2):35.456	
O1):-0.763	O2):38.399	
O1):-0.679	O2):30.045	
O1):-0.734	O2):35.182	
O1):-0.771	O2):38.711	
O1):-0.728	O2):34.55	
O1):-0.772	O2):38.674	
O1):-0.743	O2):36.172	
O1):-0.806	O2):45.365	
O1):-0.776	O2):39.371	
O1):-0.834	O2):49.884	
O1):-0.795	O2):41.933	
O1):-0.791	O2):40.545	
O1):-0.777	O2):40.514	
O1):-0.775	O2):39.148	
O1):-0.775	O2):39.148	
O1):-0.715	O2):33.631	
O1):-0.803	O2):45.114	
O1):-0.702	O2):33.156	
O1):-0.686	O2):30.162	
O1):-0.849	O2):50.538	
O1):-0.796	O2):44.092	
O1):-0.829	O2):46.881	
O1):-0.779	O2):40.381	
O1):-0.771	O2):38.623	
O1):-0.788	O2):39.966	
O1):-0.788	O2):43.124	
O1):-0.794	O2):40.818	
O1):-0.79	O2):40.243	
O1):-0.724	O2):33.775	
O1):-0.771	O2):38.711	
O1):-0.713	O2):33.879	
O1):-0.724	O2):33.782	
O1):-0.802	O2):44.794	
O1):-0.801	O2):44.063	
O1):-0.827	O2):46.49	
Evaluations:	3000
O1):-0.761	O2):36.099	
O1):-0.753	O2):37.206	
O1):-0.693	O2):31.268	
O1):-0.767	O2):38.965	
O1):-0.799	O2):43.847	
O1):-0.688	O2):30.495	
Starting PrismExecutor worker 3 on port 15023
Connected worker 3 to port 15023
O1):-0.826	O2):46.361	
O1):-0.775	O2):39.154	
O1):-0.697	O2):33.53	
O1):-0.775	O2):39.148	
O1):-0.748	O2):38.979	
O1):-0.729	O2):34.525	
O1):-0.766	O2):36.961	
O1):-0.793	O2):40.768	
O1):-0.79	O2):40.403	
O1):-0.792	O2):40.504	
O1):-0.776	O2):39.371	
O1):-0.773	O2):38.915	
O1):-0.724	O2):34.101	
O1):-0.814	O2):48.358	
O1):-0.686	O2):30.162	
O1):-0.788	O2):39.966	
O1):-0.821	O2):45.64	
O1):-0.806	O2):45.912	
O1):-0.747	O2):35.934	
O1):-0.826	O2):46.361	
O1):-0.774	O2):39.12	
O1):-0.792	O2):45.396	
O1):-0.727	O2):34.404	
O1):-0.676	O2):29.803	
O1):-0.775	O2):39.146	
O1):-0.77	O2):38.41	
O1):-0.669	O2):29.05	
O1):-0.771	O2):38.636	
O1):-0.85	O2):50.748	
O1):-0.768	O2):38.285	
O1):-0.79	O2):40.265	
O1):-0.763	O2):36.554	
O1):-0.754	O2):36.049	
O1):-0.658	O2):29.409	
O1):-0.776	O2):39.432	
O1):-0.651	O2):29.984	
O1):-0.775	O2):39.148	
O1):-0.796	O2):41.198	
O1):-0.751	O2):38.6	
O1):-0.772	O2):39.045	
O1):-0.742	O2):36.155	
O1):-0.772	O2):38.674	
O1):-0.775	O2):39.489	
O1):-0.745	O2):35.038	
O1):-0.671	O2):30.093	
O1):-0.731	O2):34.042	
O1):-0.712	O2):33.425	
O1):-0.798	O2):43.911	
O1):-0.672	O2):30.728	
O1):-0.721	O2):34.01	
O1):-0.763	O2):36.32	
O1):-0.685	O2):30.391	
O1):-0.674	O2):29.624	
O1):-0.69	O2):30.508	
O1):-0.825	O2):46.286	
O1):-0.73	O2):34.537	
O1):-0.753	O2):40.955	
O1):-0.727	O2):34.362	
O1):-0.731	O2):34.87	
O1):-0.669	O2):29.05	
O1):-0.681	O2):30.389	
O1):-0.654	O2):29.52	
O1):-0.692	O2):30.948	
O1):-0.791	O2):41.188	
O1):-0.817	O2):45.777	
Evaluations:	3400
O1):-0.825	O2):46.061	
O1):-0.78	O2):40.583	
O1):-0.731	O2):34.819	
O1):-0.772	O2):38.674	
O1):-0.833	O2):50.357	
O1):-0.727	O2):34.362	
O1):-0.808	O2):45.156	
O1):-0.817	O2):45.386	
O1):-0.782	O2):40.096	
O1):-0.731	O2):34.819	
O1):-0.661	O2):29.025	
O1):-0.658	O2):29.409	
O1):-0.777	O2):39.718	
O1):-0.746	O2):37.585	
O1):-0.833	O2):50.357	
O1):-0.797	O2):44.119	
O1):-0.782	O2):39.968	
O1):-0.821	O2):45.569	
O1):-0.771	O2):38.641	
O1):-0.793	O2):40.747	
Evaluations:	3000
O1):-0.82	O2):45.631	
O1):-0.833	O2):50.336	
O1):-0.744	O2):36.077	
O1):-0.805	O2):45.256	
O1):-0.746	O2):36.41	
O1):-0.777	O2):39.915	
O1):-0.779	O2):39.771	
O1):-0.821	O2):45.64	
O1):-0.688	O2):30.495	
O1):-0.792	O2):40.512	
O1):-0.757	O2):40.271	
O1):-0.852	O2):51.547	
O1):-0.767	O2):38.372	
O1):-0.852	O2):51.547	
O1):-0.854	O2):55.687	
O1):-0.772	O2):38.674	
O1):-0.775	O2):41.044	
O1):-0.815	O2):48.262	
O1):-0.798	O2):43.636	
O1):-0.723	O2):33.74	
O1):-0.867	O2):55.844	
O1):-0.849	O2):50.538	
O1):-0.757	O2):36.372	
O1):-0.686	O2):30.152	
O1):-0.777	O2):39.718	
O1):-0.766	O2):38.793	
O1):-0.797	O2):43.275	
O1):-0.754	O2):38.448	
O1):-0.773	O2):39.036	
O1):-0.834	O2):49.884	
O1):-0.775	O2):39.435	
O1):-0.854	O2):59.622	
O1):-0.721	O2):33.388	
O1):-0.835	O2):50.667	
O1):-0.671	O2):29.312	
O1):-0.724	O2):34.05	
O1):-0.802	O2):45.58	
Evaluations:	2800
O1):-0.754	O2):37.347	
O1):-0.797	O2):41.829	
O1):-0.688	O2):30.495	
O1):-0.789	O2):40.145	
O1):-0.812	O2):45.196	
O1):-0.79	O2):40.408	
O1):-0.794	O2):40.825	
O1):-0.79	O2):40.408	
O1):-0.796	O2):41.167	
O1):-0.806	O2):47.999	
O1):-0.782	O2):40.096	
O1):-0.737	O2):35.35	
O1):-0.684	O2):30.072	
O1):-0.746	O2):39.211	
O1):-0.775	O2):39.303	
O1):-0.775	O2):39.303	
O1):-0.779	O2):39.795	
O1):-0.743	O2):34.837	
O1):-0.775	O2):39.435	
O1):-0.826	O2):46.279	
O1):-0.688	O2):31.065	
O1):-0.798	O2):43.476	
O1):-0.776	O2):39.637	
O1):-0.777	O2):39.41	
O1):-0.727	O2):34.382	
O1):-0.791	O2):40.441	
O1):-0.657	O2):29.389	
O1):-0.745	O2):40.84	
O1):-0.754	O2):35.898	
O1):-0.723	O2):34.089	
O1):-0.821	O2):45.64	
O1):-0.728	O2):34.588	
O1):-0.791	O2):40.53	
O1):-0.851	O2):51.104	
O1):-0.737	O2):34.759	
O1):-0.672	O2):29.645	
O1):-0.814	O2):44.98	
O1):-0.748	O2):36.196	
O1):-0.798	O2):44.064	
O1):-0.802	O2):44.446	
O1):-0.735	O2):34.32	
O1):-0.664	O2):30.475	
O1):-0.742	O2):34.816	
O1):-0.796	O2):41.335	
O1):-0.744	O2):34.895	
O1):-0.663	O2):29.3	
O1):-0.805	O2):45.365	
O1):-0.797	O2):41.97	
O1):-0.751	O2):36.736	
O1):-0.731	O2):34.174	
O1):-0.766	O2):36.961	
O1):-0.824	O2):45.988	
O1):-0.795	O2):43.057	
O1):-0.736	O2):34.83	
O1):-0.796	O2):41.761	
O1):-0.775	O2):39.435	
O1):-0.796	O2):41.761	
O1):-0.743	O2):34.822	
Starting PrismExecutor worker 5 on port 15095
Connected worker 5 to port 15095
O1):-0.797	O2):41.83	
O1):-0.773	O2):39.005	
O1):-0.743	O2):35.456	
O1):-0.798	O2):44.064	
O1):-0.848	O2):50.44	
O1):-0.755	O2):38.229	
O1):-0.761	O2):36.099	
O1):-0.66	O2):29.384	
O1):-0.657	O2):29.467	
O1):-0.721	O2):34.233	
O1):-0.742	O2):34.779	
O1):-0.777	O2):39.686	
O1):-0.774	O2):39.085	
O1):-0.816	O2):50.123	
O1):-0.723	O2):34.089	
O1):-0.775	O2):39.101	
O1):-0.77	O2):38.442	
O1):-0.755	O2):36.051	
O1):-0.794	O2):40.867	
O1):-0.799	O2):43.563	
O1):-0.822	O2):45.657	
O1):-0.73	O2):34.618	
O1):-0.742	O2):34.816	
O1):-0.731	O2):34.03	
O1):-0.725	O2):34.111	
O1):-0.774	O2):39.276	
O1):-0.76	O2):40.547	
O1):-0.79	O2):40.408	
O1):-0.689	O2):30.504	
O1):-0.772	O2):38.83	
O1):-0.679	O2):30.045	
O1):-0.725	O2):34.103	
O1):-0.712	O2):33.573	
O1):-0.71	O2):33.617	
O1):-0.745	O2):35.728	
O1):-0.779	O2):39.929	
O1):-0.835	O2):50.667	
O1):-0.825	O2):46.043	
O1):-0.656	O2):29.386	
O1):-0.718	O2):33.33	
O1):-0.774	O2):39.074	
O1):-0.729	O2):34.525	
O1):-0.775	O2):40.024	
O1):-0.817	O2):45.682	
O1):-0.79	O2):40.403	
O1):-0.671	O2):30.096	
O1):-0.745	O2):35.653	
O1):-0.817	O2):45.81	
O1):-0.752	O2):36.92	
O1):-0.73	O2):34.537	
O1):-0.745	O2):35.728	
O1):-0.725	O2):34.189	
O1):-0.727	O2):34.355	
O1):-0.725	O2):34.111	
O1):-0.826	O2):46.308	
O1):-0.767	O2):38.372	
O1):-0.709	O2):33.607	
O1):-0.772	O2):39.045	
O1):-0.79	O2):40.299	
O1):-0.799	O2):46.088	
O1):-0.775	O2):39.303	
O1):-0.694	O2):33.344	
O1):-0.745	O2):35.038	
O1):-0.766	O2):39.129	
O1):-0.733	O2):39.726	
O1):-0.8	O2):44.206	
O1):-0.746	O2):35.463	
O1):-0.794	O2):40.818	
O1):-0.678	O2):30.018	
O1):-0.808	O2):45.156	
O1):-0.789	O2):40.146	
O1):-0.775	O2):41.684	
O1):-0.74	O2):36.0	
O1):-0.794	O2):40.867	
O1):-0.681	O2):30.159	
O1):-0.79	O2):40.403	
O1):-0.796	O2):41.167	
O1):-0.765	O2):37.465	
O1):-0.712	O2):33.573	
O1):-0.754	O2):37.347	
O1):-0.745	O2):35.728	
O1):-0.793	O2):40.768	
O1):-0.749	O2):35.435	
O1):-0.724	O2):33.902	
O1):-0.774	O2):39.066	
O1):-0.778	O2):41.145	
O1):-0.801	O2):44.064	
O1):-0.773	O2):39.164	
Evaluations:	3100
O1):-0.791	O2):40.762	
O1):-0.772	O2):38.768	
O1):-0.713	O2):33.346	
O1):-0.845	O2):50.407	
O1):-0.658	O2):29.926	
O1):-0.826	O2):46.345	
O1):-0.777	O2):39.532	
O1):-0.833	O2):54.48	
O1):-0.78	O2):40.549	
O1):-0.723	O2):33.632	
O1):-0.81	O2):46.308	
O1):-0.816	O2):45.686	
O1):-0.821	O2):45.663	
O1):-0.711	O2):33.191	
O1):-0.774	O2):39.052	
O1):-0.742	O2):34.816	
O1):-0.733	O2):34.801	
O1):-0.702	O2):33.156	
O1):-0.824	O2):45.995	
O1):-0.786	O2):42.823	
O1):-0.725	O2):34.139	
O1):-0.742	O2):39.263	
O1):-0.841	O2):50.673	
O1):-0.742	O2):36.187	
O1):-0.657	O2):29.399	
O1):-0.826	O2):46.344	
O1):-0.825	O2):51.002	
O1):-0.763	O2):36.32	
O1):-0.791	O2):40.457	
O1):-0.784	O2):40.692	
O1):-0.795	O2):41.474	
O1):-0.805	O2):45.008	
O1):-0.679	O2):30.082	
O1):-0.826	O2):46.279	
O1):-0.847	O2):50.721	
O1):-0.852	O2):51.547	
O1):-0.834	O2):50.342	
O1):-0.774	O2):39.104	
O1):-0.773	O2):40.141	
O1):-0.833	O2):50.357	
O1):-0.772	O2):39.045	
O1):-0.744	O2):35.436	
O1):-0.795	O2):41.12	
O1):-0.724	O2):34.05	
Evaluations:	3400
O1):-0.8	O2):43.84	
O1):-0.782	O2):43.663	
O1):-0.746	O2):35.779	
O1):-0.749	O2):35.79	
O1):-0.772	O2):38.768	
O1):-0.793	O2):40.706	
O1):-0.745	O2):35.143	
O1):-0.651	O2):28.787	
O1):-0.763	O2):38.278	
O1):-0.815	O2):45.226	
O1):-0.68	O2):30.326	
O1):-0.801	O2):44.273	
O1):-0.776	O2):41.475	
O1):-0.816	O2):45.679	
O1):-0.73	O2):39.221	
O1):-0.847	O2):50.721	
O1):-0.801	O2):43.913	
O1):-0.669	O2):29.617	
O1):-0.828	O2):46.49	
O1):-0.791	O2):40.545	
O1):-0.863	O2):56.907	
O1):-0.705	O2):34.539	
O1):-0.747	O2):36.149	
O1):-0.743	O2):35.873	
O1):-0.728	O2):34.475	
O1):-0.658	O2):29.926	
O1):-0.761	O2):35.903	
O1):-0.778	O2):40.322	
O1):-0.796	O2):41.198	
O1):-0.801	O2):44.064	
O1):-0.691	O2):30.703	
O1):-0.722	O2):33.714	
O1):-0.712	O2):33.573	
O1):-0.853	O2):51.595	
O1):-0.824	O2):46.094	
O1):-0.845	O2):50.527	
O1):-0.762	O2):36.213	
O1):-0.745	O2):35.038	
O1):-0.748	O2):38.948	
O1):-0.747	O2):36.021	
O1):-0.725	O2):34.139	
O1):-0.663	O2):29.3	
O1):-0.669	O2):29.091	
O1):-0.776	O2):39.32	
O1):-0.768	O2):38.286	
O1):-0.799	O2):43.563	
O1):-0.848	O2):50.559	
O1):-0.742	O2):34.495	
O1):-0.762	O2):36.268	
O1):-0.827	O2):46.226	
Starting PrismExecutor worker 2 on port 15022
Connected worker 2 to port 15022
O1):-0.769	O2):38.658	
O1):-0.849	O2):50.663	
O1):-0.812	O2):45.196	
O1):-0.731	O2):34.819	
O1):-0.798	O2):43.636	
O1):-0.728	O2):34.963	
O1):-0.824	O2):46.094	
O1):-0.862	O2):56.598	
O1):-0.738	O2):34.872	
O1):-0.746	O2):35.463	
O1):-0.853	O2):55.364	
O1):-0.773	O2):38.87	
O1):-0.819	O2):45.191	
O1):-0.754	O2):35.898	
O1):-0.814	O2):44.969	
O1):-0.776	O2):39.318	
O1):-0.771	O2):40.302	
O1):-0.799	O2):44.054	
O1):-0.791	O2):40.457	
O1):-0.669	O2):29.091	
O1):-0.778	O2):39.886	
O1):-0.764	O2):36.661	
O1):-0.801	O2):43.913	
O1):-0.745	O2):34.961	
O1):-0.789	O2):43.283	
O1):-0.79	O2):40.408	
O1):-0.732	O2):35.542	
O1):-0.792	O2):40.749	
O1):-0.756	O2):38.323	
O1):-0.775	O2):39.435	
Evaluations:	2600
O1):-0.8	O2):44.206	
O1):-0.68	O2):30.129	
O1):-0.774	O2):44.062	
O1):-0.798	O2):44.203	
O1):-0.712	O2):33.573	
O1):-0.784	O2):40.218	
O1):-0.789	O2):43.237	
O1):-0.772	O2):38.811	
O1):-0.796	O2):41.167	
O1):-0.797	O2):43.275	
O1):-0.776	O2):39.318	
O1):-0.763	O2):38.399	
O1):-0.702	O2):35.265	
O1):-0.745	O2):34.961	
O1):-0.805	O2):45.256	
O1):-0.658	O2):29.488	
O1):-0.701	O2):34.531	
O1):-0.73	O2):34.766	
O1):-0.827	O2):46.265	
O1):-0.793	O2):43.133	
O1):-0.796	O2):41.167	
O1):-0.802	O2):45.141	
O1):-0.851	O2):51.097	
O1):-0.743	O2):35.873	
O1):-0.799	O2):44.571	
O1):-0.777	O2):39.718	
O1):-0.764	O2):36.524	
O1):-0.697	O2):33.435	
O1):-0.705	O2):33.511	
O1):-0.729	O2):34.694	
O1):-0.824	O2):46.117	
O1):-0.772	O2):38.674	
O1):-0.825	O2):50.166	
O1):-0.798	O2):42.095	
O1):-0.795	O2):43.341	
O1):-0.729	O2):34.525	
O1):-0.728	O2):40.061	
O1):-0.791	O2):40.473	
O1):-0.681	O2):30.159	
O1):-0.826	O2):46.363	
O1):-0.727	O2):34.404	
O1):-0.85	O2):50.748	
O1):-0.776	O2):40.369	
O1):-0.819	O2):45.191	
O1):-0.821	O2):45.78	
O1):-0.79	O2):40.426	
O1):-0.769	O2):38.438	
O1):-0.791	O2):40.537	
O1):-0.798	O2):41.879	
O1):-0.73	O2):34.857	
O1):-0.826	O2):46.279	
O1):-0.725	O2):33.994	
O1):-0.792	O2):40.861	
O1):-0.823	O2):45.83	
O1):-0.694	O2):33.167	
O1):-0.797	O2):41.97	
O1):-0.814	O2):44.98	
O1):-0.826	O2):46.149	
O1):-0.764	O2):38.737	
O1):-0.848	O2):50.58	
O1):-0.692	O2):30.948	
O1):-0.826	O2):46.108	
O1):-0.717	O2):33.346	
O1):-0.798	O2):44.298	
O1):-0.748	O2):36.196	
O1):-0.86	O2):55.871	
O1):-0.84	O2):50.722	
O1):-0.766	O2):39.682	
O1):-0.798	O2):43.483	
O1):-0.713	O2):33.879	
O1):-0.793	O2):40.768	
O1):-0.724	O2):34.101	
O1):-0.795	O2):41.091	
O1):-0.853	O2):51.274	
O1):-0.799	O2):44.571	
O1):-0.776	O2):39.682	
O1):-0.657	O2):29.389	
O1):-0.772	O2):38.791	
O1):-0.714	O2):35.469	
O1):-0.772	O2):38.768	
O1):-0.773	O2):39.023	
O1):-0.768	O2):38.305	
O1):-0.803	O2):45.114	
O1):-0.723	O2):34.015	
O1):-0.77	O2):38.555	
O1):-0.774	O2):39.327	
O1):-0.735	O2):35.833	
O1):-0.778	O2):39.755	
O1):-0.827	O2):46.692	
O1):-0.801	O2):43.913	
O1):-0.794	O2):40.839	
O1):-0.743	O2):35.456	
O1):-0.742	O2):36.155	
O1):-0.806	O2):45.365	
O1):-0.824	O2):45.906	
O1):-0.751	O2):40.341	
O1):-0.749	O2):35.444	
O1):-0.774	O2):39.431	
O1):-0.797	O2):41.829	
O1):-0.713	O2):33.35	
O1):-0.847	O2):50.503	
O1):-0.745	O2):35.091	
O1):-0.795	O2):41.117	
O1):-0.708	O2):33.44	
O1):-0.691	O2):30.704	
O1):-0.77	O2):38.514	
O1):-0.777	O2):39.475	
O1):-0.751	O2):36.552	
O1):-0.825	O2):46.312	
O1):-0.776	O2):39.436	
O1):-0.795	O2):43.891	
O1):-0.772	O2):38.753	
O1):-0.801	O2):43.913	
O1):-0.712	O2):35.716	
O1):-0.846	O2):50.581	
Evaluations:	2900
O1):-0.828	O2):46.513	
O1):-0.82	O2):45.631	
O1):-0.79	O2):40.419	
O1):-0.751	O2):38.402	
O1):-0.774	O2):39.276	
O1):-0.772	O2):38.7	
O1):-0.763	O2):36.32	
O1):-0.763	O2):36.554	
O1):-0.685	O2):31.012	
O1):-0.778	O2):39.755	
O1):-0.784	O2):43.97	
O1):-0.734	O2):35.182	
O1):-0.767	O2):38.377	
O1):-0.743	O2):34.856	
O1):-0.793	O2):44.756	
O1):-0.782	O2):39.955	
O1):-0.773	O2):39.021	
O1):-0.79	O2):40.449	
O1):-0.745	O2):34.961	
O1):-0.775	O2):39.212	
O1):-0.773	O2):39.028	
O1):-0.853	O2):51.831	
O1):-0.746	O2):35.411	
O1):-0.658	O2):29.488	
O1):-0.735	O2):35.088	
O1):-0.727	O2):34.402	
O1):-0.73	O2):34.766	
O1):-0.802	O2):44.794	
O1):-0.724	O2):33.95	
O1):-0.761	O2):35.903	
O1):-0.792	O2):45.396	
O1):-0.799	O2):43.989	
O1):-0.722	O2):33.714	
O1):-0.823	O2):46.052	
O1):-0.774	O2):38.898	
O1):-0.748	O2):38.947	
O1):-0.747	O2):35.381	
O1):-0.773	O2):38.87	
Starting PrismExecutor worker 0 on port 15020
O1):-0.778	O2):39.568	
O1):-0.827	O2):46.226	
Connected worker 0 to port 15020
O1):-0.689	O2):30.504	
O1):-0.813	O2):45.242	
O1):-0.774	O2):39.052	
O1):-0.762	O2):38.271	
O1):-0.734	O2):35.182	
O1):-0.841	O2):50.669	
O1):-0.806	O2):45.582	
O1):-0.774	O2):39.114	
O1):-0.805	O2):45.365	
O1):-0.778	O2):40.646	
O1):-0.84	O2):50.717	
O1):-0.654	O2):30.245	
O1):-0.771	O2):38.569	
O1):-0.7	O2):35.061	
O1):-0.772	O2):39.912	
O1):-0.735	O2):35.088	
O1):-0.771	O2):38.707	
O1):-0.726	O2):34.22	
O1):-0.747	O2):35.958	
O1):-0.654	O2):30.475	
O1):-0.851	O2):51.234	
O1):-0.716	O2):35.133	
O1):-0.687	O2):31.164	
O1):-0.773	O2):38.967	
O1):-0.776	O2):40.796	
O1):-0.752	O2):37.022	
O1):-0.782	O2):40.096	
O1):-0.817	O2):45.553	
O1):-0.79	O2):40.265	
O1):-0.807	O2):45.335	
O1):-0.798	O2):42.095	
O1):-0.8	O2):44.072	
O1):-0.734	O2):35.391	
O1):-0.828	O2):46.568	
O1):-0.77	O2):38.442	
O1):-0.674	O2):29.624	
O1):-0.745	O2):34.961	
O1):-0.744	O2):34.792	
O1):-0.733	O2):34.801	
O1):-0.774	O2):38.898	
O1):-0.799	O2):43.563	
O1):-0.711	O2):33.848	
O1):-0.777	O2):39.915	
O1):-0.745	O2):35.653	
O1):-0.8	O2):43.853	
Evaluations:	3300
O1):-0.73	O2):34.537	
O1):-0.724	O2):33.878	
O1):-0.825	O2):45.971	
O1):-0.703	O2):33.316	
O1):-0.793	O2):40.768	
O1):-0.731	O2):35.941	
O1):-0.687	O2):30.469	
O1):-0.825	O2):45.928	
O1):-0.731	O2):34.868	
O1):-0.827	O2):46.692	
O1):-0.704	O2):34.961	
O1):-0.824	O2):45.995	
O1):-0.773	O2):39.028	
O1):-0.745	O2):35.653	
O1):-0.715	O2):33.631	
O1):-0.792	O2):40.557	
O1):-0.748	O2):36.196	
O1):-0.764	O2):36.661	
O1):-0.777	O2):39.421	
O1):-0.722	O2):33.714	
O1):-0.798	O2):41.879	
O1):-0.674	O2):29.624	
O1):-0.749	O2):35.435	
O1):-0.825	O2):45.872	
O1):-0.798	O2):41.879	
O1):-0.747	O2):39.49	
O1):-0.8	O2):43.849	
O1):-0.798	O2):43.911	
O1):-0.747	O2):35.381	
O1):-0.782	O2):40.096	
O1):-0.676	O2):29.803	
O1):-0.775	O2):39.435	
O1):-0.794	O2):40.874	
O1):-0.851	O2):51.242	
O1):-0.79	O2):40.265	
O1):-0.854	O2):59.622	
O1):-0.661	O2):29.025	
O1):-0.743	O2):34.805	
O1):-0.769	O2):38.473	
O1):-0.798	O2):41.879	
O1):-0.728	O2):34.55	
O1):-0.774	O2):38.898	
O1):-0.829	O2):50.29	
O1):-0.838	O2):51.858	
O1):-0.776	O2):39.313	
O1):-0.779	O2):39.74	
O1):-0.688	O2):31.065	
O1):-0.775	O2):39.101	
O1):-0.831	O2):50.11	
O1):-0.733	O2):34.801	
O1):-0.765	O2):40.248	
O1):-0.797	O2):43.828	
O1):-0.833	O2):50.357	
O1):-0.825	O2):45.976	
O1):-0.744	O2):34.987	
O1):-0.829	O2):47.023	
O1):-0.719	O2):34.116	
O1):-0.792	O2):40.593	
O1):-0.669	O2):29.05	
O1):-0.669	O2):29.617	
O1):-0.845	O2):50.407	
O1):-0.724	O2):33.885	
O1):-0.793	O2):40.773	
O1):-0.767	O2):37.569	
O1):-0.806	O2):45.14	
O1):-0.822	O2):45.657	
O1):-0.79	O2):40.299	
O1):-0.774	O2):39.085	
O1):-0.688	O2):30.968	
O1):-0.744	O2):36.125	
O1):-0.828	O2):46.513	
O1):-0.735	O2):35.828	
O1):-0.675	O2):29.706	
O1):-0.794	O2):40.818	
O1):-0.851	O2):51.234	
O1):-0.73	O2):34.836	
O1):-0.724	O2):33.95	
O1):-0.836	O2):51.044	
O1):-0.793	O2):40.706	
O1):-0.726	O2):34.214	
O1):-0.73	O2):34.04	
O1):-0.793	O2):44.13	
O1):-0.776	O2):39.355	
O1):-0.8	O2):43.84	
O1):-0.822	O2):45.48	
O1):-0.795	O2):41.076	
O1):-0.776	O2):39.432	
O1):-0.819	O2):45.896	
O1):-0.725	O2):33.938	
O1):-0.821	O2):45.663	
O1):-0.77	O2):38.442	
O1):-0.793	O2):40.85	
O1):-0.807	O2):45.678	
O1):-0.851	O2):51.234	
O1):-0.73	O2):34.836	
O1):-0.669	O2):29.617	
O1):-0.773	O2):39.292	
O1):-0.778	O2):40.322	
O1):-0.793	O2):40.773	
O1):-0.721	O2):34.482	
O1):-0.662	O2):29.022	
O1):-0.744	O2):34.861	
O1):-0.82	O2):45.34	
O1):-0.772	O2):38.804	
O1):-0.754	O2):35.898	
O1):-0.749	O2):35.436	
O1):-0.79	O2):40.408	
O1):-0.798	O2):43.636	
O1):-0.725	O2):34.139	
O1):-0.803	O2):44.73	
O1):-0.826	O2):46.361	
O1):-0.793	O2):40.706	
O1):-0.805	O2):45.008	
O1):-0.768	O2):38.286	
O1):-0.794	O2):40.934	
O1):-0.793	O2):40.751	
O1):-0.773	O2):39.022	
O1):-0.656	O2):29.455	
Evaluations:	3200
O1):-0.798	O2):44.27	
O1):-0.805	O2):45.008	
O1):-0.823	O2):45.675	
O1):-0.793	O2):40.838	
O1):-0.726	O2):34.203	
O1):-0.795	O2):43.863	
O1):-0.745	O2):35.728	
O1):-0.85	O2):50.79	
O1):-0.708	O2):33.332	
O1):-0.725	O2):34.111	
O1):-0.776	O2):39.314	
O1):-0.777	O2):39.915	
O1):-0.851	O2):51.192	
O1):-0.769	O2):38.45	
O1):-0.796	O2):41.761	
O1):-0.709	O2):35.355	
Starting PrismExecutor worker 5 on port 15035
O1):-0.748	O2):36.196	
Connected worker 5 to port 15035
O1):-0.71	O2):35.19	
O1):-0.727	O2):34.89	
O1):-0.781	O2):40.076	
O1):-0.767	O2):38.372	
O1):-0.743	O2):36.172	
O1):-0.868	O2):55.933	
O1):-0.685	O2):31.102	
O1):-0.73	O2):35.47	
O1):-0.774	O2):39.431	
O1):-0.721	O2):33.509	
O1):-0.69	O2):31.299	
O1):-0.712	O2):33.269	
O1):-0.733	O2):35.093	
O1):-0.791	O2):40.53	
O1):-0.774	O2):39.081	
O1):-0.794	O2):40.818	
O1):-0.779	O2):40.535	
O1):-0.673	O2):29.671	
O1):-0.748	O2):36.121	
O1):-0.769	O2):38.45	
O1):-0.671	O2):29.312	
O1):-0.78	O2):40.583	
O1):-0.73	O2):34.603	
O1):-0.85	O2):50.654	
O1):-0.661	O2):29.025	
O1):-0.658	O2):29.409	
O1):-0.79	O2):40.408	
O1):-0.724	O2):34.05	
O1):-0.835	O2):50.667	
O1):-0.826	O2):46.108	
O1):-0.705	O2):33.943	
O1):-0.807	O2):45.104	
O1):-0.773	O2):38.915	
O1):-0.717	O2):34.612	
O1):-0.737	O2):34.849	
O1):-0.766	O2):36.961	
O1):-0.849	O2):50.663	
O1):-0.769	O2):39.549	
O1):-0.795	O2):41.091	
O1):-0.798	O2):44.298	
O1):-0.826	O2):46.235	
O1):-0.823	O2):45.699	
O1):-0.798	O2):41.879	
O1):-0.85	O2):50.999	
O1):-0.795	O2):41.12	
O1):-0.749	O2):35.469	
O1):-0.726	O2):34.203	
O1):-0.826	O2):46.242	
O1):-0.795	O2):41.091	
O1):-0.772	O2):38.804	
O1):-0.796	O2):43.192	
O1):-0.69	O2):31.299	
O1):-0.726	O2):34.203	
O1):-0.79	O2):40.427	
O1):-0.775	O2):40.707	
O1):-0.774	O2):39.057	
O1):-0.772	O2):38.724	
O1):-0.745	O2):35.76	
O1):-0.742	O2):34.575	
O1):-0.705	O2):33.223	
O1):-0.73	O2):34.04	
O1):-0.751	O2):36.736	
O1):-0.749	O2):37.911	
O1):-0.73	O2):34.537	
O1):-0.725	O2):33.938	
O1):-0.806	O2):44.843	
O1):-0.794	O2):40.853	
O1):-0.705	O2):33.511	
O1):-0.761	O2):35.995	
O1):-0.673	O2):29.671	
O1):-0.825	O2):49.869	
O1):-0.71	O2):33.501	
O1):-0.764	O2):36.539	
O1):-0.754	O2):38.448	
O1):-0.788	O2):40.114	
O1):-0.836	O2):50.995	
O1):-0.789	O2):40.347	
O1):-0.739	O2):35.783	
O1):-0.817	O2):45.566	
O1):-0.772	O2):39.045	
O1):-0.729	O2):34.635	
O1):-0.7	O2):34.354	
O1):-0.829	O2):50.2	
O1):-0.735	O2):35.088	
O1):-0.73	O2):35.232	
O1):-0.793	O2):40.838	
O1):-0.706	O2):33.411	
O1):-0.73	O2):34.675	
O1):-0.719	O2):33.555	
O1):-0.799	O2):43.989	
O1):-0.79	O2):40.449	
O1):-0.779	O2):39.936	
O1):-0.795	O2):41.091	
O1):-0.773	O2):38.87	
O1):-0.676	O2):29.803	
O1):-0.793	O2):40.706	
O1):-0.716	O2):33.653	
O1):-0.712	O2):33.421	
O1):-0.773	O2):39.063	
O1):-0.821	O2):45.528	
O1):-0.796	O2):41.198	
O1):-0.795	O2):41.474	
O1):-0.745	O2):35.126	
O1):-0.795	O2):41.076	
O1):-0.723	O2):34.089	
O1):-0.685	O2):31.172	
O1):-0.753	O2):37.206	
O1):-0.796	O2):41.198	
O1):-0.724	O2):33.825	
O1):-0.791	O2):40.443	
O1):-0.773	O2):38.915	
O1):-0.769	O2):38.436	
O1):-0.712	O2):33.269	
O1):-0.778	O2):40.285	
O1):-0.778	O2):40.782	
O1):-0.822	O2):45.697	
O1):-0.772	O2):38.839	
O1):-0.715	O2):33.631	
O1):-0.763	O2):36.32	
O1):-0.661	O2):29.025	
O1):-0.795	O2):41.12	
Evaluations:	3500
O1):-0.712	O2):35.168	
O1):-0.777	O2):39.411	
O1):-0.746	O2):35.463	
O1):-0.763	O2):36.32	
O1):-0.823	O2):46.049	
O1):-0.79	O2):40.265	
O1):-0.749	O2):37.913	
O1):-0.714	O2):33.466	
O1):-0.776	O2):39.32	
O1):-0.823	O2):45.699	
O1):-0.829	O2):47.023	
O1):-0.794	O2):40.825	
O1):-0.81	O2):52.974	
O1):-0.795	O2):41.091	
O1):-0.793	O2):40.777	
O1):-0.798	O2):41.879	
O1):-0.699	O2):35.045	
O1):-0.682	O2):30.176	
O1):-0.821	O2):45.569	
O1):-0.78	O2):40.583	
O1):-0.819	O2):46.003	
O1):-0.777	O2):39.532	
O1):-0.798	O2):43.635	
O1):-0.832	O2):50.219	
O1):-0.847	O2):50.824	
O1):-0.776	O2):39.355	
O1):-0.727	O2):34.4	
O1):-0.799	O2):44.322	
O1):-0.76	O2):38.999	
O1):-0.775	O2):39.164	
O1):-0.752	O2):37.989	
O1):-0.723	O2):35.896	
O1):-0.762	O2):39.498	
O1):-0.735	O2):34.531	
O1):-0.806	O2):44.843	
O1):-0.798	O2):41.879	
O1):-0.736	O2):34.83	
O1):-0.713	O2):33.852	
O1):-0.786	O2):43.034	
O1):-0.827	O2):46.226	
O1):-0.792	O2):40.52	
O1):-0.751	O2):36.552	
O1):-0.773	O2):38.915	
O1):-0.679	O2):30.082	
O1):-0.749	O2):35.841	
O1):-0.826	O2):46.108	
O1):-0.847	O2):50.826	
O1):-0.782	O2):40.096	
O1):-0.745	O2):35.038	
O1):-0.658	O2):29.409	
O1):-0.776	O2):39.637	
O1):-0.798	O2):44.064	
O1):-0.657	O2):29.389	
O1):-0.824	O2):45.954	
O1):-0.776	O2):40.131	
O1):-0.731	O2):34.73	
Starting PrismExecutor worker 5 on port 15045
O1):-0.847	O2):50.224	
Connected worker 5 to port 15045
O1):-0.861	O2):56.253	
O1):-0.731	O2):34.174	
O1):-0.75	O2):36.682	
O1):-0.722	O2):33.696	
O1):-0.741	O2):35.057	
O1):-0.709	O2):35.724	
O1):-0.653	O2):29.501	
O1):-0.657	O2):29.336	
O1):-0.774	O2):39.276	
O1):-0.773	O2):38.87	
O1):-0.793	O2):40.747	
O1):-0.774	O2):39.033	
O1):-0.802	O2):44.851	
O1):-0.77	O2):38.555	
O1):-0.798	O2):44.298	
O1):-0.679	O2):30.045	
O1):-0.755	O2):38.229	
O1):-0.744	O2):35.436	
O1):-0.791	O2):40.514	
O1):-0.725	O2):34.111	
O1):-0.776	O2):40.225	
O1):-0.745	O2):35.739	
O1):-0.753	O2):38.452	
O1):-0.834	O2):49.884	
O1):-0.725	O2):33.954	
O1):-0.772	O2):38.768	
O1):-0.826	O2):46.361	
O1):-0.791	O2):40.762	
O1):-0.73	O2):34.04	
O1):-0.724	O2):33.867	
O1):-0.793	O2):40.706	
O1):-0.761	O2):35.995	
O1):-0.742	O2):39.842	
O1):-0.678	O2):30.018	
O1):-0.795	O2):41.474	
O1):-0.745	O2):36.159	
O1):-0.705	O2):33.845	
O1):-0.793	O2):43.133	
O1):-0.694	O2):31.323	
O1):-0.86	O2):56.164	
O1):-0.797	O2):43.275	
O1):-0.658	O2):29.409	
O1):-0.766	O2):36.961	
O1):-0.784	O2):40.692	
O1):-0.816	O2):45.423	
O1):-0.734	O2):34.9	
O1):-0.807	O2):45.335	
O1):-0.79	O2):40.403	
O1):-0.673	O2):29.671	
O1):-0.772	O2):38.959	
O1):-0.803	O2):45.114	
O1):-0.806	O2):45.149	
Evaluations:	3100
O1):-0.79	O2):40.408	
O1):-0.847	O2):50.503	
O1):-0.729	O2):34.525	
O1):-0.776	O2):39.475	
O1):-0.772	O2):38.768	
O1):-0.797	O2):41.975	
O1):-0.747	O2):37.703	
O1):-0.729	O2):34.525	
O1):-0.813	O2):45.242	
O1):-0.691	O2):30.703	
O1):-0.764	O2):38.457	
O1):-0.735	O2):35.996	
O1):-0.845	O2):50.575	
O1):-0.85	O2):50.999	
O1):-0.848	O2):50.662	
O1):-0.848	O2):50.902	
O1):-0.745	O2):35.768	
O1):-0.775	O2):39.416	
O1):-0.784	O2):40.692	
O1):-0.791	O2):40.545	
O1):-0.754	O2):36.049	
O1):-0.802	O2):44.851	
O1):-0.747	O2):35.21	
O1):-0.796	O2):41.167	
O1):-0.798	O2):44.203	
O1):-0.762	O2):38.271	
O1):-0.847	O2):50.503	
O1):-0.712	O2):33.269	
O1):-0.779	O2):39.771	
O1):-0.793	O2):40.706	
O1):-0.712	O2):33.421	
O1):-0.781	O2):40.076	
O1):-0.852	O2):51.547	
O1):-0.821	O2):45.562	
O1):-0.746	O2):37.585	
O1):-0.774	O2):39.033	
O1):-0.801	O2):44.95	
O1):-0.747	O2):35.419	
O1):-0.805	O2):45.008	
O1):-0.772	O2):39.06	
O1):-0.827	O2):49.917	
O1):-0.795	O2):41.12	
O1):-0.724	O2):33.775	
O1):-0.729	O2):35.331	
O1):-0.763	O2):36.554	
O1):-0.713	O2):33.879	
O1):-0.847	O2):50.224	
O1):-0.743	O2):34.749	
O1):-0.821	O2):45.582	
O1):-0.817	O2):45.574	
O1):-0.72	O2):33.488	
O1):-0.776	O2):39.463	
O1):-0.747	O2):36.149	
O1):-0.729	O2):34.525	
O1):-0.745	O2):35.038	
O1):-0.824	O2):45.934	
O1):-0.748	O2):36.196	
O1):-0.75	O2):36.682	
O1):-0.824	O2):45.784	
O1):-0.745	O2):35.038	
O1):-0.791	O2):40.762	
O1):-0.816	O2):45.276	
O1):-0.761	O2):35.995	
O1):-0.794	O2):40.818	
O1):-0.743	O2):34.856	
O1):-0.867	O2):55.844	
O1):-0.831	O2):50.11	
O1):-0.685	O2):34.975	
O1):-0.814	O2):44.969	
O1):-0.777	O2):40.178	
O1):-0.745	O2):35.038	
O1):-0.789	O2):40.145	
O1):-0.828	O2):46.709	
O1):-0.848	O2):50.558	
O1):-0.77	O2):38.555	
O1):-0.845	O2):50.527	
O1):-0.723	O2):33.695	
O1):-0.798	O2):44.236	
O1):-0.796	O2):41.167	
O1):-0.826	O2):46.571	
O1):-0.706	O2):33.411	
O1):-0.822	O2):45.898	
O1):-0.779	O2):39.717	
O1):-0.669	O2):29.617	
O1):-0.851	O2):51.097	
O1):-0.747	O2):35.21	
O1):-0.658	O2):29.409	
O1):-0.754	O2):38.448	
O1):-0.719	O2):33.465	
O1):-0.737	O2):35.131	
O1):-0.852	O2):51.547	
O1):-0.792	O2):40.895	
O1):-0.772	O2):38.791	
O1):-0.823	O2):46.049	
O1):-0.761	O2):36.099	
O1):-0.681	O2):30.159	
O1):-0.732	O2):35.039	
O1):-0.861	O2):56.253	
O1):-0.833	O2):50.809	
O1):-0.727	O2):34.362	
O1):-0.805	O2):45.256	
O1):-0.823	O2):45.761	
O1):-0.764	O2):38.374	
O1):-0.798	O2):44.298	
O1):-0.744	O2):34.895	
O1):-0.774	O2):39.052	
O1):-0.725	O2):34.139	
O1):-0.823	O2):46.049	
O1):-0.689	O2):30.504	
O1):-0.797	O2):44.104	
O1):-0.728	O2):34.55	
O1):-0.636	O2):28.958	
O1):-0.749	O2):37.913	
O1):-0.702	O2):35.265	
O1):-0.749	O2):36.636	
O1):-0.778	O2):40.646	
O1):-0.679	O2):30.045	
O1):-0.776	O2):39.682	
O1):-0.719	O2):33.465	
O1):-0.731	O2):35.745	
O1):-0.773	O2):39.036	
O1):-0.803	O2):44.973	
O1):-0.746	O2):35.463	
O1):-0.801	O2):44.063	
O1):-0.83	O2):50.575	
O1):-0.805	O2):45.256	
O1):-0.763	O2):38.272	
O1):-0.815	O2):45.317	
O1):-0.849	O2):50.978	
O1):-0.792	O2):40.504	
O1):-0.769	O2):38.422	
O1):-0.803	O2):45.663	
O1):-0.817	O2):45.566	
O1):-0.709	O2):35.724	
O1):-0.763	O2):36.469	
O1):-0.779	O2):39.795	
O1):-0.797	O2):44.097	
O1):-0.713	O2):33.879	
O1):-0.823	O2):45.675	
O1):-0.764	O2):36.539	
O1):-0.723	O2):33.69	
O1):-0.749	O2):37.603	
O1):-0.763	O2):36.585	
O1):-0.749	O2):35.841	
O1):-0.742	O2):36.155	
O1):-0.757	O2):39.912	
O1):-0.744	O2):34.944	
O1):-0.727	O2):34.382	
O1):-0.776	O2):39.679	
O1):-0.778	O2):39.755	
O1):-0.826	O2):46.108	
O1):-0.774	O2):39.327	
O1):-0.794	O2):40.867	
O1):-0.844	O2):50.266	
Evaluations:	3100
Starting PrismExecutor worker 0 on port 15060
Connected worker 0 to port 15060
O1):-0.764	O2):36.524	
O1):-0.713	O2):33.879	
O1):-0.722	O2):33.695	
O1):-0.71	O2):33.501	
O1):-0.709	O2):33.607	
O1):-0.752	O2):39.875	
O1):-0.774	O2):39.186	
O1):-0.817	O2):45.834	
O1):-0.794	O2):41.285	
O1):-0.73	O2):34.564	
O1):-0.827	O2):46.174	
O1):-0.85	O2):50.79	
O1):-0.799	O2):44.571	
O1):-0.735	O2):34.316	
O1):-0.796	O2):44.092	
O1):-0.779	O2):41.654	
O1):-0.714	O2):33.427	
O1):-0.702	O2):33.175	
O1):-0.774	O2):39.114	
O1):-0.847	O2):50.826	
O1):-0.793	O2):40.706	
O1):-0.795	O2):43.069	
O1):-0.669	O2):29.091	
O1):-0.681	O2):30.159	
O1):-0.765	O2):38.766	
O1):-0.791	O2):40.61	
O1):-0.774	O2):39.081	
O1):-0.777	O2):39.718	
O1):-0.673	O2):29.626	
O1):-0.8	O2):43.786	
O1):-0.756	O2):36.352	
O1):-0.662	O2):29.022	
O1):-0.803	O2):45.378	
O1):-0.765	O2):37.464	
O1):-0.796	O2):43.192	
O1):-0.817	O2):45.547	
O1):-0.779	O2):39.778	
O1):-0.763	O2):36.539	
O1):-0.803	O2):45.114	
O1):-0.794	O2):40.884	
O1):-0.719	O2):34.746	
O1):-0.681	O2):33.046	
O1):-0.828	O2):46.49	
O1):-0.704	O2):33.509	
O1):-0.849	O2):50.868	
O1):-0.784	O2):40.391	
O1):-0.805	O2):45.365	
O1):-0.735	O2):35.942	
O1):-0.795	O2):43.546	
O1):-0.795	O2):43.546	
O1):-0.746	O2):35.922	
O1):-0.672	O2):30.061	
O1):-0.8	O2):44.072	
O1):-0.821	O2):45.64	
O1):-0.682	O2):30.398	
O1):-0.852	O2):55.289	
O1):-0.79	O2):43.226	
O1):-0.759	O2):38.997	
O1):-0.724	O2):34.41	
O1):-0.791	O2):40.537	
O1):-0.744	O2):34.895	
O1):-0.73	O2):34.053	
O1):-0.814	O2):44.969	
O1):-0.786	O2):44.784	
O1):-0.76	O2):40.597	
O1):-0.85	O2):51.129	
O1):-0.723	O2):33.74	
O1):-0.68	O2):30.157	
O1):-0.828	O2):46.709	
O1):-0.728	O2):34.475	
O1):-0.807	O2):45.104	
O1):-0.779	O2):39.693	
O1):-0.775	O2):39.407	
O1):-0.669	O2):29.365	
O1):-0.793	O2):40.821	
O1):-0.797	O2):41.829	
O1):-0.851	O2):51.063	
O1):-0.779	O2):40.543	
O1):-0.665	O2):30.538	
O1):-0.805	O2):45.008	
O1):-0.793	O2):40.838	
O1):-0.775	O2):39.629	
O1):-0.732	O2):35.039	
O1):-0.814	O2):48.358	
O1):-0.794	O2):41.026	
O1):-0.808	O2):45.156	
O1):-0.694	O2):33.47	
O1):-0.813	O2):45.288	
O1):-0.834	O2):50.748	
O1):-0.766	O2):38.793	
O1):-0.797	O2):41.975	
O1):-0.776	O2):39.32	
O1):-0.847	O2):50.848	
O1):-0.774	O2):39.117	
O1):-0.763	O2):36.404	
O1):-0.753	O2):40.229	
O1):-0.796	O2):41.167	
O1):-0.722	O2):33.666	
O1):-0.796	O2):41.761	
O1):-0.686	O2):30.162	
O1):-0.744	O2):34.895	
O1):-0.747	O2):35.381	
O1):-0.748	O2):36.057	
O1):-0.68	O2):30.13	
O1):-0.795	O2):41.118	
O1):-0.777	O2):40.514	
O1):-0.797	O2):41.97	
O1):-0.745	O2):35.653	
O1):-0.718	O2):34.578	
O1):-0.754	O2):35.898	
O1):-0.723	O2):34.089	
O1):-0.836	O2):51.044	
O1):-0.747	O2):36.021	
O1):-0.846	O2):50.581	
O1):-0.658	O2):29.409	
O1):-0.793	O2):41.788	
O1):-0.778	O2):44.446	
O1):-0.793	O2):40.743	
O1):-0.772	O2):38.738	
Evaluations:	2900
O1):-0.753	O2):37.206	
O1):-0.79	O2):40.265	
O1):-0.724	O2):34.094	
O1):-0.799	O2):43.992	
O1):-0.832	O2):50.219	
O1):-0.825	O2):46.312	
O1):-0.795	O2):41.091	
O1):-0.788	O2):39.966	
O1):-0.793	O2):40.806	
O1):-0.771	O2):38.569	
O1):-0.798	O2):44.064	
O1):-0.723	O2):34.015	
O1):-0.776	O2):39.47	
O1):-0.73	O2):35.457	
O1):-0.685	O2):30.391	
O1):-0.806	O2):45.429	
O1):-0.824	O2):45.891	
O1):-0.79	O2):40.243	
O1):-0.68	O2):30.129	
O1):-0.772	O2):38.755	
O1):-0.745	O2):35.154	
O1):-0.726	O2):34.145	
O1):-0.679	O2):30.082	
O1):-0.791	O2):40.762	
O1):-0.729	O2):34.678	
O1):-0.731	O2):34.03	
O1):-0.724	O2):34.101	
O1):-0.789	O2):41.009	
O1):-0.826	O2):46.361	
O1):-0.688	O2):30.495	
Starting PrismExecutor worker 4 on port 15044
Connected worker 4 to port 15044
O1):-0.82	O2):45.873	
O1):-0.724	O2):34.101	
O1):-0.803	O2):45.012	
O1):-0.798	O2):42.095	
O1):-0.721	O2):33.388	
O1):-0.777	O2):39.819	
O1):-0.846	O2):50.581	
O1):-0.796	O2):41.761	
O1):-0.807	O2):45.104	
O1):-0.779	O2):41.538	
O1):-0.847	O2):50.826	
O1):-0.791	O2):40.53	
O1):-0.85	O2):50.79	
O1):-0.85	O2):50.79	
O1):-0.772	O2):38.782	
O1):-0.839	O2):50.923	
O1):-0.747	O2):36.021	
O1):-0.797	O2):43.522	
O1):-0.811	O2):47.133	
O1):-0.723	O2):33.695	
O1):-0.824	O2):45.784	
O1):-0.791	O2):40.53	
O1):-0.671	O2):30.22	
O1):-0.792	O2):45.429	
O1):-0.805	O2):45.197	
O1):-0.728	O2):34.241	
O1):-0.803	O2):45.114	
O1):-0.782	O2):39.968	
O1):-0.745	O2):35.063	
O1):-0.667	O2):29.616	
O1):-0.836	O2):50.995	
O1):-0.657	O2):29.336	
O1):-0.804	O2):44.988	
O1):-0.796	O2):41.167	
O1):-0.669	O2):29.617	
O1):-0.762	O2):36.213	
O1):-0.729	O2):34.456	
O1):-0.71	O2):33.617	
O1):-0.688	O2):31.066	
O1):-0.799	O2):43.989	
O1):-0.805	O2):45.008	
O1):-0.718	O2):34.063	
O1):-0.728	O2):34.422	
O1):-0.772	O2):38.753	
O1):-0.743	O2):36.172	
O1):-0.799	O2):43.703	
O1):-0.794	O2):40.869	
O1):-0.824	O2):45.747	
O1):-0.826	O2):49.926	
O1):-0.806	O2):45.14	
O1):-0.773	O2):39.028	
O1):-0.748	O2):36.057	
O1):-0.798	O2):44.203	
O1):-0.774	O2):39.08	
O1):-0.797	O2):43.275	
Evaluations:	3500
O1):-0.732	O2):36.318	
O1):-0.807	O2):45.335	
O1):-0.833	O2):50.451	
O1):-0.807	O2):45.104	
O1):-0.784	O2):40.391	
O1):-0.777	O2):39.411	
O1):-0.717	O2):33.346	
O1):-0.776	O2):39.371	
O1):-0.751	O2):36.736	
O1):-0.867	O2):55.844	
O1):-0.771	O2):38.814	
O1):-0.792	O2):40.576	
O1):-0.849	O2):50.883	
O1):-0.798	O2):44.202	
O1):-0.767	O2):38.965	
O1):-0.772	O2):38.824	
O1):-0.754	O2):38.448	
O1):-0.724	O2):33.889	
O1):-0.745	O2):36.4	
O1):-0.823	O2):45.699	
O1):-0.777	O2):40.516	
O1):-0.813	O2):45.353	
O1):-0.806	O2):45.139	
O1):-0.738	O2):36.43	
O1):-0.722	O2):33.666	
Evaluations:	3200
O1):-0.779	O2):39.771	
O1):-0.687	O2):30.909	
O1):-0.746	O2):35.76	
O1):-0.791	O2):40.441	
O1):-0.85	O2):50.748	
O1):-0.829	O2):46.881	
O1):-0.731	O2):34.846	
O1):-0.828	O2):46.835	
O1):-0.848	O2):50.44	
O1):-0.769	O2):38.436	
O1):-0.778	O2):39.755	
O1):-0.771	O2):38.569	
O1):-0.8	O2):44.072	
O1):-0.734	O2):34.943	
O1):-0.767	O2):40.078	
O1):-0.794	O2):40.825	
O1):-0.798	O2):41.879	
O1):-0.775	O2):39.212	
O1):-0.829	O2):50.29	
O1):-0.81	O2):45.273	
O1):-0.669	O2):29.617	
O1):-0.661	O2):29.072	
O1):-0.764	O2):38.404	
O1):-0.795	O2):41.076	
O1):-0.77	O2):38.555	
O1):-0.824	O2):45.784	
O1):-0.685	O2):31.012	
O1):-0.746	O2):35.463	
O1):-0.829	O2):50.29	
O1):-0.825	O2):45.928	
O1):-0.746	O2):37.585	
O1):-0.799	O2):44.571	
O1):-0.819	O2):48.923	
O1):-0.792	O2):40.512	
O1):-0.852	O2):50.955	
O1):-0.718	O2):33.554	
O1):-0.774	O2):39.166	
O1):-0.826	O2):46.07	
O1):-0.746	O2):35.76	
O1):-0.793	O2):40.743	
O1):-0.743	O2):36.172	
O1):-0.772	O2):38.724	
O1):-0.761	O2):35.995	
O1):-0.8	O2):44.905	
O1):-0.734	O2):34.892	
O1):-0.803	O2):45.114	
O1):-0.793	O2):40.706	
O1):-0.671	O2):29.312	
O1):-0.806	O2):44.843	
O1):-0.731	O2):34.03	
O1):-0.743	O2):34.792	
O1):-0.766	O2):36.961	
O1):-0.826	O2):46.297	
O1):-0.763	O2):38.278	
O1):-0.727	O2):34.362	
O1):-0.804	O2):44.988	
O1):-0.823	O2):45.805	
O1):-0.792	O2):40.504	
O1):-0.743	O2):35.4	
O1):-0.765	O2):40.046	
O1):-0.723	O2):33.632	
O1):-0.817	O2):45.386	
O1):-0.714	O2):33.467	
O1):-0.793	O2):40.826	
O1):-0.789	O2):43.127	
O1):-0.726	O2):34.203	
O1):-0.756	O2):38.321	
O1):-0.743	O2):34.953	
O1):-0.745	O2):35.728	
O1):-0.795	O2):43.069	
O1):-0.747	O2):39.244	
O1):-0.796	O2):41.156	
O1):-0.774	O2):39.101	
O1):-0.65	O2):28.821	
O1):-0.826	O2):46.062	
O1):-0.747	O2):35.934	
O1):-0.731	O2):34.568	
O1):-0.728	O2):35.644	
O1):-0.773	O2):39.013	
O1):-0.797	O2):44.012	
O1):-0.705	O2):33.601	
O1):-0.822	O2):45.898	
O1):-0.833	O2):50.336	
O1):-0.745	O2):35.739	
O1):-0.68	O2):30.327	
O1):-0.771	O2):38.636	
O1):-0.793	O2):40.751	
O1):-0.749	O2):35.812	
O1):-0.657	O2):29.399	
O1):-0.795	O2):41.12	
O1):-0.728	O2):34.304	
O1):-0.79	O2):40.289	
O1):-0.827	O2):46.49	
O1):-0.742	O2):34.816	
O1):-0.783	O2):40.4	
O1):-0.755	O2):36.052	
O1):-0.772	O2):38.823	
O1):-0.761	O2):35.903	
O1):-0.795	O2):41.474	
Starting PrismExecutor worker 3 on port 15063
O1):-0.766	O2):36.905	
O1):-0.798	O2):42.094	
Connected worker 3 to port 15063
O1):-0.798	O2):43.476	
O1):-0.748	O2):36.196	
O1):-0.795	O2):41.648	
O1):-0.75	O2):37.954	
O1):-0.847	O2):50.826	
O1):-0.78	O2):40.583	
O1):-0.778	O2):40.285	
O1):-0.795	O2):43.347	
O1):-0.735	O2):35.088	
O1):-0.844	O2):50.266	
O1):-0.825	O2):45.872	
O1):-0.773	O2):39.013	
O1):-0.829	O2):50.29	
O1):-0.68	O2):30.326	
O1):-0.828	O2):46.568	
O1):-0.778	O2):39.755	
O1):-0.793	O2):40.876	
O1):-0.748	O2):36.196	
O1):-0.82	O2):45.34	
O1):-0.791	O2):43.689	
O1):-0.797	O2):44.097	
O1):-0.794	O2):40.884	
O1):-0.845	O2):50.407	
O1):-0.724	O2):34.452	
O1):-0.69	O2):29.996	
O1):-0.796	O2):43.192	
O1):-0.742	O2):34.602	
O1):-0.727	O2):34.381	
O1):-0.847	O2):50.826	
O1):-0.66	O2):29.385	
O1):-0.823	O2):45.675	
O1):-0.745	O2):35.154	
O1):-0.805	O2):45.256	
O1):-0.734	O2):34.981	
O1):-0.792	O2):45.428	
O1):-0.798	O2):44.064	
O1):-0.764	O2):36.67	
O1):-0.762	O2):36.232	
O1):-0.684	O2):30.072	
O1):-0.828	O2):50.014	
O1):-0.821	O2):45.582	
O1):-0.795	O2):41.12	
O1):-0.674	O2):29.694	
O1):-0.801	O2):44.939	
O1):-0.828	O2):50.21	
O1):-0.822	O2):45.633	
O1):-0.774	O2):38.898	
O1):-0.684	O2):30.072	
O1):-0.773	O2):38.967	
O1):-0.77	O2):38.583	
O1):-0.821	O2):45.581	
O1):-0.778	O2):40.403	
O1):-0.726	O2):34.773	
O1):-0.792	O2):40.729	
O1):-0.728	O2):35.779	
O1):-0.792	O2):40.512	
O1):-0.779	O2):39.771	
O1):-0.777	O2):41.093	
O1):-0.761	O2):36.099	
O1):-0.763	O2):36.32	
O1):-0.722	O2):34.388	
O1):-0.755	O2):38.229	
O1):-0.774	O2):39.755	
O1):-0.793	O2):40.777	
O1):-0.745	O2):35.728	
O1):-0.824	O2):45.995	
O1):-0.791	O2):40.342	
O1):-0.681	O2):30.389	
O1):-0.773	O2):39.023	
O1):-0.66	O2):29.384	
O1):-0.824	O2):45.746	
O1):-0.734	O2):35.182	
O1):-0.763	O2):38.386	
O1):-0.819	O2):45.191	
O1):-0.762	O2):38.271	
Evaluations:	3000
O1):-0.692	O2):30.948	
O1):-0.852	O2):51.547	
O1):-0.751	O2):40.341	
O1):-0.745	O2):35.653	
O1):-0.796	O2):41.167	
O1):-0.732	O2):35.039	
O1):-0.819	O2):45.191	
O1):-0.816	O2):45.275	
O1):-0.797	O2):43.268	
O1):-0.757	O2):38.725	
O1):-0.708	O2):34.771	
O1):-0.791	O2):40.389	
O1):-0.764	O2):36.612	
O1):-0.796	O2):41.167	
O1):-0.808	O2):45.156	
O1):-0.801	O2):44.017	
O1):-0.771	O2):38.569	
O1):-0.826	O2):46.149	
O1):-0.778	O2):39.696	
O1):-0.826	O2):46.279	
O1):-0.761	O2):36.013	
O1):-0.747	O2):37.703	
O1):-0.754	O2):36.049	
O1):-0.704	O2):34.961	
O1):-0.85	O2):51.085	
O1):-0.709	O2):33.607	
O1):-0.757	O2):40.632	
O1):-0.798	O2):42.094	
O1):-0.847	O2):50.826	
O1):-0.802	O2):46.597	
O1):-0.813	O2):45.242	
O1):-0.849	O2):50.533	
O1):-0.762	O2):36.213	
O1):-0.795	O2):43.057	
O1):-0.819	O2):45.896	
O1):-0.688	O2):30.495	
O1):-0.698	O2):33.091	
O1):-0.834	O2):50.342	
O1):-0.73	O2):35.967	
O1):-0.763	O2):38.278	
O1):-0.774	O2):39.052	
O1):-0.761	O2):36.099	
Evaluations:	3400
O1):-0.773	O2):40.158	
O1):-0.779	O2):39.795	
O1):-0.709	O2):33.607	
O1):-0.728	O2):34.588	
O1):-0.74	O2):35.691	
O1):-0.803	O2):44.973	
O1):-0.669	O2):29.05	
O1):-0.669	O2):29.091	
O1):-0.718	O2):35.207	
O1):-0.827	O2):46.174	
O1):-0.776	O2):39.379	
O1):-0.848	O2):50.826	
O1):-0.848	O2):50.826	
O1):-0.721	O2):37.598	
O1):-0.722	O2):33.627	
O1):-0.755	O2):38.229	
O1):-0.795	O2):41.091	
O1):-0.772	O2):38.767	
O1):-0.789	O2):40.146	
O1):-0.744	O2):34.792	
O1):-0.821	O2):45.581	
O1):-0.798	O2):43.911	
O1):-0.747	O2):35.958	
O1):-0.694	O2):31.323	
O1):-0.795	O2):41.12	
O1):-0.726	O2):34.651	
O1):-0.782	O2):39.955	
O1):-0.772	O2):38.752	
O1):-0.816	O2):45.275	
O1):-0.747	O2):35.934	
O1):-0.713	O2):33.899	
O1):-0.829	O2):50.29	
O1):-0.755	O2):38.229	
O1):-0.778	O2):40.322	
Evaluations:	2700
O1):-0.774	O2):39.066	
O1):-0.867	O2):55.844	
O1):-0.654	O2):29.52	
O1):-0.8	O2):43.84	
O1):-0.847	O2):50.432	
O1):-0.686	O2):33.014	
O1):-0.754	O2):37.347	
O1):-0.775	O2):39.146	
O1):-0.823	O2):45.782	
O1):-0.657	O2):29.399	
O1):-0.805	O2):45.008	
O1):-0.824	O2):46.117	
O1):-0.777	O2):39.475	
O1):-0.776	O2):39.346	
O1):-0.772	O2):38.792	
O1):-0.772	O2):38.752	
O1):-0.805	O2):45.008	
O1):-0.782	O2):40.049	
O1):-0.792	O2):40.568	
O1):-0.847	O2):50.224	
O1):-0.812	O2):45.196	
O1):-0.774	O2):39.066	
O1):-0.764	O2):39.664	
O1):-0.776	O2):39.407	
O1):-0.8	O2):43.785	
O1):-0.735	O2):34.32	
O1):-0.725	O2):33.994	
O1):-0.723	O2):34.089	
O1):-0.773	O2):38.914	
Starting PrismExecutor worker 4 on port 15034
O1):-0.689	O2):30.504	
Connected worker 4 to port 15034
O1):-0.653	O2):29.088	
O1):-0.688	O2):30.008	
O1):-0.737	O2):35.412	
O1):-0.689	O2):30.504	
O1):-0.791	O2):43.555	
O1):-0.823	O2):45.699	
O1):-0.8	O2):44.072	
O1):-0.712	O2):33.573	
O1):-0.824	O2):45.937	
O1):-0.814	O2):44.98	
O1):-0.835	O2):50.667	
O1):-0.821	O2):45.562	
O1):-0.795	O2):43.057	
O1):-0.708	O2):34.721	
O1):-0.674	O2):29.624	
O1):-0.867	O2):55.844	
O1):-0.749	O2):35.715	
O1):-0.747	O2):35.419	
O1):-0.794	O2):41.161	
O1):-0.849	O2):51.04	
O1):-0.711	O2):34.256	
O1):-0.744	O2):34.792	
O1):-0.702	O2):33.174	
O1):-0.825	O2):46.36	
O1):-0.774	O2):39.08	
O1):-0.784	O2):40.533	
O1):-0.849	O2):50.868	
O1):-0.781	O2):40.696	
O1):-0.823	O2):45.705	
O1):-0.752	O2):37.022	
O1):-0.768	O2):39.101	
O1):-0.779	O2):40.381	
O1):-0.729	O2):34.456	
O1):-0.748	O2):35.392	
O1):-0.658	O2):29.472	
O1):-0.796	O2):41.172	
O1):-0.744	O2):35.436	
Evaluations:	3600
O1):-0.832	O2):50.219	
O1):-0.774	O2):39.104	
O1):-0.85	O2):50.79	
O1):-0.669	O2):29.091	
O1):-0.842	O2):49.987	
O1):-0.724	O2):34.884	
O1):-0.713	O2):33.346	
O1):-0.797	O2):41.829	
O1):-0.868	O2):55.933	
O1):-0.688	O2):31.065	
O1):-0.774	O2):39.058	
O1):-0.81	O2):46.097	
O1):-0.742	O2):34.602	
O1):-0.814	O2):44.969	
O1):-0.793	O2):40.773	
O1):-0.8	O2):43.969	
O1):-0.657	O2):29.399	
O1):-0.776	O2):39.637	
O1):-0.784	O2):40.218	
O1):-0.817	O2):45.547	
O1):-0.702	O2):33.156	
O1):-0.791	O2):40.472	
O1):-0.657	O2):29.337	
O1):-0.796	O2):41.761	
O1):-0.649	O2):29.31	
O1):-0.795	O2):41.474	
O1):-0.861	O2):56.529	
O1):-0.797	O2):44.097	
O1):-0.784	O2):40.692	
O1):-0.73	O2):34.564	
O1):-0.702	O2):33.174	
O1):-0.833	O2):50.451	
O1):-0.684	O2):30.101	
O1):-0.84	O2):50.717	
O1):-0.793	O2):40.838	
O1):-0.778	O2):39.755	
O1):-0.779	O2):39.784	
O1):-0.784	O2):40.218	
O1):-0.658	O2):29.409	
O1):-0.824	O2):45.937	
O1):-0.861	O2):55.932	
O1):-0.732	O2):35.039	
O1):-0.769	O2):38.436	
O1):-0.828	O2):46.508	
O1):-0.826	O2):46.279	
O1):-0.849	O2):50.868	
O1):-0.845	O2):50.527	
O1):-0.772	O2):38.753	
O1):-0.754	O2):37.347	
O1):-0.773	O2):38.967	
O1):-0.705	O2):33.601	
O1):-0.843	O2):50.077	
O1):-0.85	O2):50.748	
O1):-0.769	O2):38.658	
O1):-0.777	O2):39.41	
O1):-0.718	O2):33.368	
O1):-0.761	O2):40.103	
O1):-0.823	O2):45.675	
O1):-0.763	O2):38.401	
O1):-0.771	O2):38.711	
O1):-0.801	O2):44.411	
O1):-0.848	O2):50.6	
O1):-0.795	O2):41.474	
O1):-0.663	O2):29.3	
O1):-0.746	O2):35.76	
O1):-0.795	O2):41.474	
O1):-0.746	O2):35.76	
O1):-0.673	O2):29.671	
O1):-0.861	O2):56.253	
O1):-0.795	O2):41.474	
O1):-0.845	O2):50.485	
O1):-0.806	O2):45.428	
O1):-0.685	O2):29.943	
O1):-0.73	O2):34.121	
O1):-0.817	O2):45.386	
O1):-0.765	O2):38.766	
O1):-0.814	O2):45.126	
O1):-0.802	O2):44.119	
O1):-0.829	O2):50.2	
O1):-0.801	O2):43.913	
O1):-0.673	O2):29.671	
O1):-0.679	O2):30.045	
O1):-0.852	O2):51.547	
O1):-0.747	O2):35.958	
O1):-0.744	O2):36.185	
O1):-0.792	O2):40.519	
O1):-0.769	O2):38.436	
O1):-0.724	O2):34.101	
O1):-0.863	O2):56.907	
O1):-0.801	O2):44.273	
O1):-0.766	O2):40.692	
O1):-0.744	O2):34.817	
O1):-0.815	O2):45.083	
O1):-0.723	O2):33.74	
O1):-0.773	O2):39.005	
O1):-0.72	O2):36.068	
O1):-0.779	O2):39.929	
O1):-0.732	O2):35.039	
O1):-0.749	O2):37.911	
O1):-0.69	O2):30.508	
O1):-0.804	O2):45.22	
O1):-0.807	O2):45.198	
O1):-0.731	O2):34.706	
O1):-0.85	O2):50.654	
O1):-0.778	O2):40.323	
O1):-0.679	O2):30.082	
O1):-0.853	O2):51.274	
O1):-0.795	O2):41.091	
O1):-0.791	O2):40.441	
O1):-0.769	O2):38.658	
O1):-0.797	O2):41.829	
O1):-0.706	O2):33.277	
O1):-0.74	O2):35.691	
O1):-0.685	O2):30.391	
O1):-0.795	O2):43.181	
O1):-0.752	O2):36.92	
O1):-0.746	O2):40.366	
O1):-0.72	O2):34.083	
O1):-0.828	O2):50.014	
O1):-0.745	O2):35.739	
O1):-0.728	O2):34.56	
O1):-0.698	O2):33.766	
O1):-0.703	O2):33.316	
O1):-0.793	O2):40.706	
O1):-0.713	O2):33.889	
O1):-0.734	O2):35.182	
O1):-0.849	O2):50.868	
O1):-0.804	O2):45.22	
O1):-0.774	O2):38.898	
O1):-0.795	O2):41.165	
O1):-0.66	O2):29.384	
O1):-0.82	O2):45.34	
O1):-0.797	O2):43.705	
O1):-0.663	O2):29.3	
O1):-0.779	O2):40.381	
O1):-0.735	O2):34.32	
O1):-0.712	O2):33.872	
O1):-0.763	O2):36.419	
O1):-0.747	O2):35.964	
O1):-0.767	O2):39.161	
O1):-0.796	O2):43.365	
O1):-0.827	O2):46.243	
O1):-0.742	O2):35.756	
Starting PrismExecutor worker 1 on port 15061
Connected worker 1 to port 15061
O1):-0.689	O2):30.505	
O1):-0.795	O2):41.12	
Evaluations:	3300
O1):-0.816	O2):45.275	
O1):-0.773	O2):39.01	
O1):-0.767	O2):39.042	
O1):-0.75	O2):36.682	
O1):-0.703	O2):33.257	
O1):-0.674	O2):29.698	
O1):-0.832	O2):50.247	
O1):-0.773	O2):39.021	
O1):-0.65	O2):28.785	
O1):-0.65	O2):28.797	
O1):-0.747	O2):37.703	
O1):-0.847	O2):50.503	
O1):-0.791	O2):40.457	
O1):-0.727	O2):34.362	
O1):-0.719	O2):33.465	
O1):-0.705	O2):33.511	
O1):-0.725	O2):34.159	
O1):-0.785	O2):44.531	
O1):-0.804	O2):45.22	
O1):-0.822	O2):45.657	
O1):-0.727	O2):34.362	
O1):-0.825	O2):46.081	
O1):-0.83	O2):50.575	
O1):-0.796	O2):44.092	
O1):-0.789	O2):40.145	
O1):-0.747	O2):36.021	
O1):-0.712	O2):33.763	
O1):-0.798	O2):44.298	
O1):-0.798	O2):44.298	
O1):-0.797	O2):43.275	
O1):-0.777	O2):39.411	
O1):-0.797	O2):43.275	
O1):-0.743	O2):35.367	
O1):-0.722	O2):34.137	
O1):-0.825	O2):46.061	
O1):-0.777	O2):40.545	
O1):-0.653	O2):29.501	
O1):-0.728	O2):34.3	
O1):-0.724	O2):33.95	
O1):-0.853	O2):55.364	
O1):-0.719	O2):33.465	
O1):-0.68	O2):30.326	
O1):-0.863	O2):56.907	
O1):-0.706	O2):33.411	
O1):-0.777	O2):39.725	
O1):-0.755	O2):38.229	
O1):-0.843	O2):50.077	
O1):-0.768	O2):38.484	
O1):-0.801	O2):43.913	
O1):-0.724	O2):35.449	
O1):-0.791	O2):43.686	
O1):-0.806	O2):44.843	
O1):-0.796	O2):41.167	
O1):-0.796	O2):41.167	
O1):-0.799	O2):44.571	
O1):-0.762	O2):36.232	
O1):-0.671	O2):29.312	
O1):-0.762	O2):39.277	
O1):-0.746	O2):35.76	
O1):-0.685	O2):31.102	
O1):-0.798	O2):43.476	
O1):-0.71	O2):33.617	
O1):-0.79	O2):40.265	
O1):-0.796	O2):41.761	
O1):-0.849	O2):50.538	
O1):-0.792	O2):40.536	
O1):-0.794	O2):40.839	
O1):-0.77	O2):38.654	
O1):-0.797	O2):44.892	
O1):-0.754	O2):35.898	
O1):-0.826	O2):46.361	
O1):-0.762	O2):38.332	
O1):-0.69	O2):30.508	
O1):-0.796	O2):44.092	
O1):-0.821	O2):50.173	
O1):-0.851	O2):51.063	
O1):-0.812	O2):45.196	
O1):-0.745	O2):34.961	
O1):-0.731	O2):35.377	
O1):-0.775	O2):45.367	
O1):-0.734	O2):36.352	
O1):-0.775	O2):39.64	
O1):-0.775	O2):39.079	
O1):-0.728	O2):34.3	
O1):-0.675	O2):29.706	
O1):-0.658	O2):29.409	
O1):-0.776	O2):39.407	
O1):-0.759	O2):39.721	
O1):-0.711	O2):33.851	
O1):-0.767	O2):39.252	
O1):-0.825	O2):46.084	
O1):-0.815	O2):45.082	
O1):-0.808	O2):45.12	
O1):-0.794	O2):40.818	
O1):-0.807	O2):45.335	
O1):-0.747	O2):36.021	
O1):-0.797	O2):43.705	
O1):-0.799	O2):44.571	
O1):-0.824	O2):45.954	
O1):-0.768	O2):38.356	
O1):-0.679	O2):30.082	
O1):-0.747	O2):35.21	
O1):-0.773	O2):38.967	
O1):-0.828	O2):50.014	
O1):-0.801	O2):44.273	
O1):-0.775	O2):39.13	
O1):-0.725	O2):33.994	
O1):-0.744	O2):34.861	
O1):-0.802	O2):44.794	
O1):-0.689	O2):30.504	
O1):-0.85	O2):50.97	
O1):-0.807	O2):45.142	
O1):-0.793	O2):40.747	
O1):-0.745	O2):35.929	
O1):-0.674	O2):29.694	
O1):-0.762	O2):36.213	
O1):-0.794	O2):40.818	
O1):-0.771	O2):40.311	
O1):-0.794	O2):41.145	
O1):-0.736	O2):35.918	
O1):-0.731	O2):34.83	
O1):-0.711	O2):33.834	
O1):-0.674	O2):29.651	
O1):-0.846	O2):50.581	
O1):-0.731	O2):34.819	
O1):-0.794	O2):40.934	
O1):-0.693	O2):31.269	
O1):-0.793	O2):40.719	
O1):-0.793	O2):43.133	
O1):-0.851	O2):51.324	
O1):-0.786	O2):44.783	
O1):-0.774	O2):39.431	
O1):-0.777	O2):39.532	
O1):-0.729	O2):34.635	
O1):-0.827	O2):46.174	
O1):-0.796	O2):43.988	
O1):-0.735	O2):35.088	
O1):-0.671	O2):30.093	
O1):-0.731	O2):34.705	
O1):-0.758	O2):35.851	
O1):-0.729	O2):34.525	
O1):-0.774	O2):44.062	
O1):-0.831	O2):50.11	
O1):-0.798	O2):43.908	
O1):-0.862	O2):56.595	
O1):-0.772	O2):38.799	
O1):-0.846	O2):50.634	
O1):-0.777	O2):40.811	
O1):-0.797	O2):43.705	
O1):-0.731	O2):34.174	
O1):-0.745	O2):35.154	
O1):-0.798	O2):43.617	
O1):-0.746	O2):35.463	
O1):-0.68	O2):30.157	
O1):-0.681	O2):30.16	
O1):-0.795	O2):43.891	
O1):-0.658	O2):29.926	
O1):-0.795	O2):43.891	
O1):-0.741	O2):34.561	
O1):-0.798	O2):43.554	
O1):-0.756	O2):39.86	
O1):-0.862	O2):56.595	
O1):-0.847	O2):50.224	
O1):-0.798	O2):42.061	
O1):-0.779	O2):39.771	
O1):-0.744	O2):34.895	
O1):-0.653	O2):29.088	
Evaluations:	3200
O1):-0.745	O2):34.961	
O1):-0.705	O2):34.539	
O1):-0.779	O2):39.74	
O1):-0.815	O2):45.411	
O1):-0.798	O2):43.635	
O1):-0.732	O2):35.034	
Starting PrismExecutor worker 2 on port 15062
O1):-0.724	O2):35.786	
O1):-0.724	O2):33.775	
O1):-0.748	O2):40.448	
Connected worker 2 to port 15062
O1):-0.854	O2):59.622	
O1):-0.68	O2):30.326	
O1):-0.796	O2):41.198	
O1):-0.8	O2):43.938	
O1):-0.752	O2):38.0	
O1):-0.741	O2):35.057	
O1):-0.688	O2):29.971	
O1):-0.803	O2):45.012	
O1):-0.847	O2):50.224	
O1):-0.661	O2):29.025	
O1):-0.802	O2):44.794	
O1):-0.794	O2):41.161	
O1):-0.792	O2):40.56	
O1):-0.774	O2):39.057	
O1):-0.761	O2):40.329	
O1):-0.689	O2):30.504	
O1):-0.772	O2):38.826	
O1):-0.818	O2):45.662	
O1):-0.803	O2):44.73	
O1):-0.749	O2):36.636	
O1):-0.851	O2):51.324	
O1):-0.735	O2):35.095	
O1):-0.797	O2):43.275	
O1):-0.773	O2):39.005	
O1):-0.824	O2):46.094	
O1):-0.794	O2):40.818	
O1):-0.715	O2):33.631	
O1):-0.808	O2):45.12	
O1):-0.693	O2):31.268	
O1):-0.774	O2):39.066	
O1):-0.752	O2):37.989	
O1):-0.794	O2):41.27	
O1):-0.672	O2):30.728	
O1):-0.752	O2):38.25	
O1):-0.853	O2):51.831	
O1):-0.706	O2):33.411	
O1):-0.772	O2):38.725	
O1):-0.808	O2):45.539	
O1):-0.762	O2):36.213	
O1):-0.778	O2):40.322	
O1):-0.772	O2):38.725	
O1):-0.771	O2):38.855	
O1):-0.685	O2):31.102	
O1):-0.793	O2):40.838	
O1):-0.771	O2):38.636	
O1):-0.707	O2):33.644	
O1):-0.749	O2):35.715	
O1):-0.705	O2):33.223	
O1):-0.717	O2):33.346	
O1):-0.747	O2):35.318	
O1):-0.834	O2):50.342	
O1):-0.768	O2):38.327	
O1):-0.736	O2):34.83	
O1):-0.849	O2):50.913	
O1):-0.791	O2):40.504	
O1):-0.835	O2):50.667	
O1):-0.742	O2):34.602	
O1):-0.735	O2):35.834	
O1):-0.771	O2):38.569	
O1):-0.778	O2):39.755	
O1):-0.863	O2):56.908	
O1):-0.724	O2):33.867	
O1):-0.747	O2):35.966	
Evaluations:	3200
O1):-0.732	O2):35.039	
O1):-0.746	O2):37.585	
O1):-0.731	O2):34.824	
O1):-0.734	O2):35.908	
O1):-0.661	O2):29.072	
O1):-0.792	O2):40.895	
O1):-0.85	O2):51.129	
O1):-0.777	O2):39.41	
O1):-0.775	O2):40.488	
O1):-0.793	O2):40.773	
O1):-0.745	O2):35.653	
O1):-0.637	O2):29.226	
O1):-0.807	O2):45.1	
O1):-0.754	O2):38.448	
O1):-0.712	O2):33.269	
O1):-0.731	O2):34.819	
O1):-0.849	O2):50.883	
O1):-0.687	O2):30.469	
O1):-0.725	O2):34.189	
O1):-0.832	O2):50.219	
O1):-0.827	O2):46.41	
O1):-0.823	O2):49.354	
O1):-0.73	O2):34.677	
O1):-0.82	O2):45.34	
O1):-0.795	O2):43.022	
O1):-0.766	O2):36.905	
O1):-0.745	O2):35.154	
O1):-0.82	O2):46.814	
O1):-0.776	O2):39.433	
O1):-0.737	O2):34.85	
O1):-0.796	O2):41.167	
O1):-0.718	O2):35.299	
O1):-0.769	O2):38.436	
O1):-0.775	O2):39.489	
O1):-0.796	O2):41.156	
O1):-0.774	O2):40.811	
O1):-0.656	O2):29.427	
O1):-0.792	O2):40.512	
O1):-0.745	O2):34.961	
O1):-0.745	O2):35.154	
O1):-0.668	O2):29.555	
O1):-0.826	O2):46.149	
O1):-0.707	O2):33.644	
O1):-0.799	O2):44.054	
O1):-0.745	O2):36.164	
O1):-0.846	O2):50.581	
O1):-0.799	O2):43.989	
O1):-0.705	O2):33.478	
O1):-0.745	O2):35.728	
O1):-0.707	O2):35.458	
O1):-0.689	O2):33.839	
O1):-0.825	O2):45.976	
O1):-0.792	O2):40.593	
O1):-0.745	O2):35.728	
O1):-0.669	O2):29.05	
O1):-0.771	O2):38.722	
O1):-0.824	O2):45.934	
O1):-0.777	O2):40.472	
O1):-0.668	O2):29.555	
O1):-0.833	O2):50.451	
O1):-0.749	O2):37.911	
O1):-0.819	O2):48.96	
O1):-0.694	O2):33.167	
O1):-0.742	O2):34.495	
O1):-0.779	O2):39.929	
O1):-0.767	O2):38.965	
O1):-0.813	O2):47.997	
O1):-0.75	O2):36.682	
O1):-0.796	O2):41.835	
O1):-0.83	O2):50.575	
O1):-0.745	O2):35.768	
O1):-0.743	O2):35.456	
O1):-0.825	O2):45.991	
O1):-0.805	O2):45.008	
O1):-0.777	O2):40.633	
O1):-0.652	O2):29.041	
O1):-0.651	O2):28.787	
O1):-0.718	O2):34.833	
O1):-0.724	O2):33.95	
O1):-0.778	O2):39.658	
O1):-0.784	O2):40.391	
O1):-0.654	O2):29.52	
O1):-0.768	O2):38.484	
O1):-0.679	O2):30.045	
O1):-0.765	O2):41.303	
O1):-0.755	O2):39.909	
O1):-0.775	O2):39.484	
O1):-0.707	O2):33.644	
O1):-0.692	O2):30.948	
O1):-0.776	O2):39.32	
O1):-0.744	O2):34.895	
O1):-0.774	O2):39.334	
O1):-0.772	O2):39.037	
O1):-0.762	O2):39.277	
O1):-0.771	O2):38.635	
O1):-0.827	O2):46.257	
O1):-0.776	O2):39.318	
O1):-0.727	O2):34.382	
O1):-0.718	O2):33.369	
O1):-0.796	O2):41.198	
O1):-0.821	O2):45.64	
O1):-0.685	O2):31.1	
O1):-0.762	O2):39.594	
O1):-0.803	O2):45.012	
O1):-0.772	O2):38.928	
O1):-0.708	O2):35.623	
O1):-0.776	O2):40.24	
O1):-0.836	O2):50.995	
O1):-0.795	O2):41.091	
O1):-0.688	O2):31.227	
O1):-0.793	O2):40.751	
Starting PrismExecutor worker 0 on port 15050
Connected worker 0 to port 15050
O1):-0.854	O2):59.622	
O1):-0.821	O2):45.663	
O1):-0.727	O2):34.275	
O1):-0.776	O2):39.318	
O1):-0.725	O2):33.905	
O1):-0.817	O2):45.774	
O1):-0.748	O2):35.553	
O1):-0.766	O2):38.889	
O1):-0.813	O2):45.329	
O1):-0.712	O2):33.987	
O1):-0.733	O2):34.801	
O1):-0.724	O2):33.951	
O1):-0.845	O2):50.527	
O1):-0.783	O2):40.108	
O1):-0.745	O2):40.533	
O1):-0.711	O2):33.267	
O1):-0.826	O2):46.235	
O1):-0.794	O2):41.161	
O1):-0.735	O2):35.088	
O1):-0.774	O2):39.956	
Evaluations:	3000
O1):-0.766	O2):36.905	
O1):-0.651	O2):29.346	
O1):-0.727	O2):34.275	
O1):-0.686	O2):30.162	
O1):-0.828	O2):46.835	
O1):-0.85	O2):51.129	
O1):-0.679	O2):30.045	
O1):-0.837	O2):50.206	
O1):-0.681	O2):30.159	
O1):-0.743	O2):34.811	
O1):-0.68	O2):30.313	
O1):-0.827	O2):46.696	
O1):-0.771	O2):38.711	
O1):-0.731	O2):34.174	
O1):-0.84	O2):50.717	
O1):-0.823	O2):45.821	
O1):-0.769	O2):38.484	
O1):-0.776	O2):40.225	
O1):-0.764	O2):36.524	
O1):-0.81	O2):45.726	
O1):-0.77	O2):38.41	
O1):-0.702	O2):33.156	
O1):-0.763	O2):36.404	
O1):-0.824	O2):46.094	
O1):-0.653	O2):29.088	
O1):-0.797	O2):41.829	
O1):-0.794	O2):41.145	
O1):-0.773	O2):39.934	
O1):-0.734	O2):34.9	
O1):-0.768	O2):39.214	
O1):-0.724	O2):34.101	
O1):-0.788	O2):40.014	
O1):-0.818	O2):45.573	
O1):-0.802	O2):44.49	
O1):-0.726	O2):35.099	
O1):-0.771	O2):40.156	
O1):-0.764	O2):38.587	
O1):-0.852	O2):55.289	
O1):-0.72	O2):35.408	
O1):-0.79	O2):40.243	
O1):-0.724	O2):33.912	
O1):-0.718	O2):35.059	
O1):-0.723	O2):33.74	
O1):-0.726	O2):34.203	
O1):-0.777	O2):39.915	
O1):-0.762	O2):36.213	
O1):-0.823	O2):45.705	
O1):-0.749	O2):35.435	
O1):-0.782	O2):39.968	
O1):-0.85	O2):51.085	
O1):-0.779	O2):39.689	
O1):-0.748	O2):36.057	
O1):-0.712	O2):33.872	
O1):-0.724	O2):33.867	
O1):-0.85	O2):50.654	
O1):-0.714	O2):33.687	
O1):-0.749	O2):35.841	
O1):-0.777	O2):39.411	
O1):-0.732	O2):35.039	
Evaluations:	3600
O1):-0.711	O2):34.013	
O1):-0.656	O2):29.375	
O1):-0.817	O2):45.547	
O1):-0.729	O2):35.075	
O1):-0.661	O2):29.072	
O1):-0.8	O2):44.206	
O1):-0.78	O2):41.668	
O1):-0.815	O2):45.26	
O1):-0.771	O2):38.7	
O1):-0.837	O2):50.09	
O1):-0.724	O2):33.867	
O1):-0.769	O2):39.741	
O1):-0.793	O2):40.768	
O1):-0.795	O2):41.12	
O1):-0.779	O2):39.881	
O1):-0.807	O2):45.104	
O1):-0.687	O2):30.91	
O1):-0.794	O2):44.006	
O1):-0.772	O2):40.484	
O1):-0.835	O2):50.667	
O1):-0.815	O2):48.542	
O1):-0.8	O2):44.206	
O1):-0.863	O2):56.908	
O1):-0.749	O2):35.841	
O1):-0.673	O2):29.671	
O1):-0.774	O2):39.052	
O1):-0.821	O2):45.307	
O1):-0.821	O2):45.663	
O1):-0.836	O2):50.995	
O1):-0.777	O2):39.915	
O1):-0.73	O2):35.771	
O1):-0.814	O2):48.358	
O1):-0.824	O2):45.906	
O1):-0.762	O2):38.271	
O1):-0.767	O2):40.078	
O1):-0.826	O2):46.179	
O1):-0.783	O2):40.059	
O1):-0.797	O2):44.094	
O1):-0.763	O2):36.469	
O1):-0.724	O2):33.783	
O1):-0.796	O2):41.169	
O1):-0.811	O2):46.159	
O1):-0.685	O2):31.012	
O1):-0.774	O2):39.033	
O1):-0.837	O2):50.304	
O1):-0.849	O2):50.663	
O1):-0.805	O2):45.256	
O1):-0.724	O2):33.775	
O1):-0.821	O2):45.325	
O1):-0.815	O2):45.005	
O1):-0.798	O2):44.202	
O1):-0.802	O2):45.141	
O1):-0.712	O2):33.573	
O1):-0.733	O2):34.801	
O1):-0.718	O2):34.014	
O1):-0.817	O2):45.777	
O1):-0.689	O2):30.504	
O1):-0.707	O2):35.458	
O1):-0.749	O2):37.911	
O1):-0.771	O2):38.792	
O1):-0.825	O2):46.006	
O1):-0.85	O2):50.748	
O1):-0.782	O2):39.955	
O1):-0.766	O2):36.896	
O1):-0.794	O2):40.839	
O1):-0.662	O2):29.022	
O1):-0.744	O2):34.895	
O1):-0.75	O2):36.682	
O1):-0.799	O2):43.703	
O1):-0.774	O2):39.06	
O1):-0.715	O2):33.628	
O1):-0.779	O2):39.795	
O1):-0.775	O2):39.295	
O1):-0.767	O2):38.965	
O1):-0.657	O2):29.389	
O1):-0.673	O2):29.693	
O1):-0.779	O2):41.499	
O1):-0.764	O2):36.612	
O1):-0.749	O2):37.603	
O1):-0.736	O2):36.557	
O1):-0.795	O2):44.668	
O1):-0.8	O2):43.84	
O1):-0.803	O2):44.73	
O1):-0.825	O2):46.006	
O1):-0.776	O2):39.313	
O1):-0.819	O2):45.556	
O1):-0.795	O2):41.091	
O1):-0.779	O2):39.74	
O1):-0.8	O2):44.905	
O1):-0.774	O2):39.033	
O1):-0.658	O2):29.926	
O1):-0.747	O2):36.021	
O1):-0.755	O2):36.069	
O1):-0.738	O2):35.511	
O1):-0.727	O2):34.362	
Starting PrismExecutor worker 2 on port 15052
Connected worker 2 to port 15052
O1):-0.77	O2):39.812	
O1):-0.828	O2):46.835	
O1):-0.823	O2):45.675	
O1):-0.687	O2):30.909	
O1):-0.79	O2):40.433	
O1):-0.819	O2):45.556	
O1):-0.728	O2):34.518	
O1):-0.801	O2):44.037	
O1):-0.771	O2):38.707	
O1):-0.772	O2):38.836	
O1):-0.774	O2):39.033	
O1):-0.822	O2):45.48	
O1):-0.802	O2):44.794	
O1):-0.761	O2):39.345	
O1):-0.729	O2):34.525	
O1):-0.672	O2):30.06	
O1):-0.674	O2):29.624	
O1):-0.805	O2):45.256	
O1):-0.772	O2):38.674	
O1):-0.793	O2):43.13	
O1):-0.76	O2):40.269	
O1):-0.798	O2):44.018	
O1):-0.714	O2):33.427	
O1):-0.826	O2):46.279	
O1):-0.765	O2):41.756	
O1):-0.774	O2):39.033	
O1):-0.752	O2):38.248	
O1):-0.772	O2):40.928	
O1):-0.715	O2):33.631	
O1):-0.774	O2):39.385	
O1):-0.75	O2):36.682	
O1):-0.801	O2):43.913	
O1):-0.75	O2):36.682	
O1):-0.794	O2):40.884	
O1):-0.822	O2):45.48	
O1):-0.85	O2):51.085	
O1):-0.696	O2):35.097	
O1):-0.763	O2):36.539	
O1):-0.744	O2):35.436	
O1):-0.776	O2):39.454	
O1):-0.805	O2):45.256	
O1):-0.722	O2):33.516	
O1):-0.818	O2):45.573	
O1):-0.777	O2):41.364	
O1):-0.717	O2):33.346	
O1):-0.792	O2):40.515	
O1):-0.772	O2):38.724	
O1):-0.727	O2):35.181	
O1):-0.743	O2):36.14	
O1):-0.717	O2):34.113	
O1):-0.752	O2):38.157	
O1):-0.849	O2):50.913	
O1):-0.731	O2):34.031	
O1):-0.706	O2):33.411	
O1):-0.755	O2):39.883	
O1):-0.755	O2):36.051	
O1):-0.776	O2):39.342	
O1):-0.832	O2):50.219	
Evaluations:	3300
O1):-0.778	O2):39.675	
O1):-0.799	O2):43.989	
O1):-0.823	O2):45.782	
O1):-0.726	O2):34.145	
O1):-0.806	O2):45.428	
O1):-0.824	O2):45.746	
O1):-0.78	O2):40.583	
O1):-0.824	O2):46.097	
O1):-0.667	O2):29.639	
O1):-0.712	O2):33.422	
O1):-0.754	O2):36.049	
O1):-0.769	O2):38.473	
O1):-0.68	O2):30.326	
O1):-0.823	O2):45.675	
O1):-0.806	O2):45.428	
O1):-0.792	O2):40.536	
O1):-0.769	O2):39.299	
O1):-0.795	O2):42.207	
O1):-0.824	O2):45.996	
O1):-0.796	O2):44.092	
O1):-0.784	O2):43.794	
O1):-0.815	O2):45.354	
O1):-0.795	O2):43.298	
O1):-0.672	O2):30.728	
O1):-0.729	O2):34.456	
O1):-0.75	O2):36.634	
O1):-0.776	O2):39.313	
O1):-0.794	O2):40.853	
O1):-0.68	O2):30.129	
O1):-0.827	O2):46.214	
O1):-0.832	O2):50.247	
O1):-0.778	O2):39.824	
O1):-0.744	O2):35.436	
O1):-0.71	O2):33.61	
O1):-0.775	O2):39.303	
O1):-0.764	O2):40.239	
O1):-0.748	O2):36.15	
O1):-0.826	O2):46.235	
O1):-0.829	O2):50.2	
O1):-0.794	O2):40.818	
O1):-0.777	O2):39.819	
O1):-0.796	O2):41.198	
O1):-0.729	O2):34.678	
O1):-0.723	O2):33.632	
O1):-0.777	O2):39.915	
O1):-0.674	O2):29.694	
O1):-0.653	O2):29.088	
O1):-0.713	O2):33.879	
O1):-0.747	O2):35.964	
O1):-0.731	O2):34.36	
O1):-0.779	O2):40.381	
O1):-0.813	O2):45.288	
O1):-0.821	O2):45.307	
O1):-0.768	O2):38.327	
O1):-0.771	O2):38.711	
O1):-0.725	O2):33.905	
O1):-0.721	O2):34.296	
O1):-0.743	O2):36.172	
O1):-0.791	O2):40.503	
O1):-0.742	O2):34.602	
O1):-0.747	O2):35.424	
O1):-0.669	O2):29.617	
O1):-0.754	O2):35.898	
O1):-0.771	O2):38.7	
O1):-0.763	O2):38.263	
O1):-0.793	O2):40.706	
O1):-0.796	O2):41.934	
O1):-0.796	O2):43.218	
O1):-0.778	O2):40.322	
O1):-0.791	O2):40.762	
O1):-0.773	O2):40.57	
O1):-0.657	O2):29.336	
O1):-0.775	O2):40.488	
O1):-0.72	O2):34.605	
O1):-0.686	O2):33.014	
O1):-0.763	O2):36.404	
O1):-0.657	O2):29.399	
O1):-0.774	O2):39.066	
O1):-0.806	O2):44.843	
O1):-0.745	O2):34.961	
O1):-0.773	O2):39.001	
O1):-0.769	O2):38.436	
O1):-0.724	O2):33.867	
O1):-0.8	O2):43.969	
O1):-0.694	O2):31.323	
O1):-0.802	O2):44.446	
O1):-0.731	O2):34.03	
O1):-0.765	O2):37.464	
O1):-0.712	O2):33.872	
O1):-0.686	O2):33.014	
O1):-0.769	O2):38.436	
O1):-0.792	O2):40.861	
O1):-0.773	O2):39.005	
O1):-0.745	O2):35.038	
O1):-0.784	O2):40.391	
O1):-0.692	O2):30.948	
O1):-0.832	O2):50.247	
O1):-0.749	O2):37.622	
O1):-0.797	O2):41.97	
O1):-0.734	O2):36.062	
O1):-0.799	O2):43.703	
O1):-0.752	O2):39.796	
O1):-0.796	O2):41.198	
O1):-0.742	O2):34.816	
O1):-0.734	O2):34.892	
O1):-0.769	O2):38.484	
O1):-0.79	O2):43.394	
O1):-0.736	O2):34.83	
O1):-0.836	O2):50.995	
O1):-0.686	O2):30.162	
O1):-0.674	O2):29.624	
O1):-0.723	O2):33.695	
O1):-0.723	O2):34.089	
O1):-0.669	O2):29.091	
O1):-0.727	O2):34.362	
O1):-0.79	O2):40.427	
O1):-0.828	O2):46.542	
O1):-0.794	O2):40.825	
O1):-0.789	O2):40.145	
O1):-0.673	O2):29.671	
O1):-0.828	O2):50.765	
O1):-0.72	O2):33.48	
O1):-0.746	O2):35.164	
O1):-0.751	O2):36.736	
O1):-0.848	O2):50.58	
O1):-0.711	O2):33.267	
O1):-0.826	O2):46.235	
O1):-0.687	O2):30.909	
Starting PrismExecutor worker 1 on port 15051
Connected worker 1 to port 15051
Evaluations:	3100
O1):-0.636	O2):28.958	
O1):-0.765	O2):38.766	
O1):-0.773	O2):40.142	
Evaluations:	3700
O1):-0.845	O2):50.527	
O1):-0.767	O2):38.965	
O1):-0.824	O2):45.841	
O1):-0.791	O2):40.473	
O1):-0.715	O2):33.631	
O1):-0.801	O2):44.017	
O1):-0.651	O2):28.787	
O1):-0.735	O2):35.828	
O1):-0.715	O2):33.694	
O1):-0.818	O2):45.238	
O1):-0.8	O2):44.905	
O1):-0.727	O2):34.309	
O1):-0.778	O2):40.403	
O1):-0.792	O2):40.52	
O1):-0.815	O2):45.354	
O1):-0.636	O2):28.958	
O1):-0.726	O2):34.145	
O1):-0.725	O2):34.819	
O1):-0.708	O2):33.332	
O1):-0.726	O2):34.214	
O1):-0.827	O2):46.692	
O1):-0.747	O2):35.958	
O1):-0.714	O2):33.466	
O1):-0.77	O2):38.539	
O1):-0.818	O2):45.223	
O1):-0.852	O2):51.547	
O1):-0.782	O2):42.08	
O1):-0.795	O2):43.057	
O1):-0.731	O2):34.819	
O1):-0.782	O2):42.08	
O1):-0.852	O2):51.547	
O1):-0.852	O2):51.344	
O1):-0.734	O2):34.892	
O1):-0.802	O2):44.446	
O1):-0.669	O2):29.091	
O1):-0.747	O2):35.958	
O1):-0.815	O2):45.226	
O1):-0.827	O2):46.502	
O1):-0.734	O2):35.824	
O1):-0.766	O2):36.905	
O1):-0.791	O2):40.504	
O1):-0.784	O2):40.533	
O1):-0.682	O2):30.176	
O1):-0.726	O2):34.214	
O1):-0.823	O2):50.51	
O1):-0.766	O2):36.961	
Evaluations:	3500
O1):-0.847	O2):50.55	
O1):-0.708	O2):35.393	
O1):-0.727	O2):34.285	
O1):-0.786	O2):43.037	
O1):-0.674	O2):29.624	
O1):-0.775	O2):39.429	
O1):-0.808	O2):45.796	
O1):-0.767	O2):38.406	
O1):-0.726	O2):35.089	
O1):-0.805	O2):45.256	
O1):-0.708	O2):35.633	
O1):-0.714	O2):33.466	
O1):-0.826	O2):46.07	
O1):-0.672	O2):29.651	
O1):-0.822	O2):45.748	
O1):-0.731	O2):34.174	
O1):-0.711	O2):33.851	
O1):-0.796	O2):41.761	
O1):-0.848	O2):50.662	
O1):-0.774	O2):39.588	
O1):-0.724	O2):33.867	
O1):-0.79	O2):40.403	
O1):-0.795	O2):41.076	
O1):-0.799	O2):43.989	
O1):-0.797	O2):41.829	
O1):-0.828	O2):46.49	
O1):-0.778	O2):39.824	
O1):-0.71	O2):33.502	
O1):-0.798	O2):46.187	
O1):-0.729	O2):34.525	
O1):-0.802	O2):44.44	
O1):-0.79	O2):40.403	
O1):-0.685	O2):31.102	
O1):-0.819	O2):45.896	
O1):-0.807	O2):45.335	
O1):-0.688	O2):31.065	
O1):-0.821	O2):45.582	
O1):-0.721	O2):33.388	
O1):-0.851	O2):51.097	
O1):-0.685	O2):29.943	
O1):-0.784	O2):40.391	
O1):-0.772	O2):38.674	
O1):-0.8	O2):44.206	
O1):-0.778	O2):39.755	
O1):-0.853	O2):51.274	
O1):-0.829	O2):50.2	
O1):-0.795	O2):41.504	
O1):-0.745	O2):35.653	
O1):-0.798	O2):43.519	
O1):-0.687	O2):30.909	
O1):-0.815	O2):49.805	
O1):-0.752	O2):37.022	
O1):-0.793	O2):40.847	
O1):-0.772	O2):38.724	
O1):-0.729	O2):34.635	
O1):-0.681	O2):30.159	
O1):-0.796	O2):41.761	
O1):-0.674	O2):29.68	
O1):-0.773	O2):39.001	
O1):-0.817	O2):45.547	
O1):-0.779	O2):39.795	
O1):-0.688	O2):30.968	
O1):-0.83	O2):50.575	
O1):-0.835	O2):50.667	
O1):-0.773	O2):39.072	
O1):-0.672	O2):30.728	
O1):-0.724	O2):33.782	
O1):-0.795	O2):41.474	
O1):-0.751	O2):40.747	
O1):-0.811	O2):45.061	
O1):-0.712	O2):33.871	
O1):-0.847	O2):50.503	
O1):-0.85	O2):50.79	
O1):-0.66	O2):29.384	
O1):-0.802	O2):44.119	
O1):-0.772	O2):38.804	
O1):-0.702	O2):33.174	
O1):-0.792	O2):40.504	
O1):-0.741	O2):34.561	
O1):-0.826	O2):46.271	
O1):-0.769	O2):38.484	
O1):-0.729	O2):34.545	
O1):-0.85	O2):50.936	
O1):-0.762	O2):36.213	
O1):-0.794	O2):41.145	
O1):-0.746	O2):35.779	
O1):-0.773	O2):38.91	
O1):-0.792	O2):40.729	
O1):-0.72	O2):33.48	
O1):-0.795	O2):41.091	
O1):-0.824	O2):45.926	
O1):-0.797	O2):43.705	
O1):-0.743	O2):35.456	
O1):-0.826	O2):46.271	
O1):-0.747	O2):35.934	
O1):-0.763	O2):39.602	
O1):-0.823	O2):45.984	
O1):-0.772	O2):39.045	
O1):-0.732	O2):35.065	
O1):-0.672	O2):30.06	
O1):-0.706	O2):33.411	
O1):-0.788	O2):40.211	
O1):-0.793	O2):40.838	
O1):-0.745	O2):35.038	
O1):-0.793	O2):40.743	
O1):-0.744	O2):35.436	
O1):-0.833	O2):50.336	
O1):-0.772	O2):38.731	
O1):-0.793	O2):40.821	
O1):-0.85	O2):50.79	
O1):-0.821	O2):45.64	
O1):-0.747	O2):35.958	
O1):-0.776	O2):40.131	
O1):-0.829	O2):50.29	
Starting PrismExecutor worker 3 on port 15053
O1):-0.829	O2):50.2	
O1):-0.77	O2):40.232	
Connected worker 3 to port 15053
O1):-0.8	O2):43.969	
O1):-0.816	O2):45.275	
O1):-0.8	O2):43.84	
O1):-0.815	O2):45.082	
O1):-0.771	O2):40.544	
O1):-0.824	O2):46.094	
Evaluations:	2800
O1):-0.812	O2):50.83	
O1):-0.751	O2):38.602	
O1):-0.742	O2):35.226	
O1):-0.814	O2):44.969	
O1):-0.685	O2):31.102	
O1):-0.73	O2):34.621	
O1):-0.68	O2):30.157	
O1):-0.82	O2):45.34	
O1):-0.752	O2):38.803	
O1):-0.764	O2):36.996	
O1):-0.749	O2):36.636	
O1):-0.844	O2):50.266	
O1):-0.794	O2):40.884	
O1):-0.792	O2):40.512	
O1):-0.774	O2):39.166	
O1):-0.828	O2):46.709	
O1):-0.724	O2):34.123	
O1):-0.694	O2):33.167	
O1):-0.724	O2):33.775	
O1):-0.653	O2):29.088	
O1):-0.739	O2):35.569	
O1):-0.824	O2):45.995	
O1):-0.763	O2):38.279	
O1):-0.793	O2):43.133	
O1):-0.777	O2):41.28	
O1):-0.789	O2):40.084	
O1):-0.712	O2):33.872	
O1):-0.686	O2):30.162	
O1):-0.832	O2):50.247	
O1):-0.79	O2):40.408	
O1):-0.773	O2):38.954	
O1):-0.772	O2):38.729	
O1):-0.691	O2):30.703	
O1):-0.824	O2):46.094	
O1):-0.688	O2):31.065	
O1):-0.72	O2):33.48	
O1):-0.749	O2):35.841	
O1):-0.708	O2):33.332	
O1):-0.816	O2):45.702	
O1):-0.717	O2):33.346	
O1):-0.851	O2):51.234	
O1):-0.723	O2):34.089	
O1):-0.75	O2):36.657	
O1):-0.795	O2):43.891	
O1):-0.73	O2):34.83	
O1):-0.774	O2):39.327	
O1):-0.763	O2):38.263	
O1):-0.762	O2):38.332	
O1):-0.803	O2):44.981	
O1):-0.772	O2):38.752	
O1):-0.685	O2):31.102	
O1):-0.736	O2):35.195	
O1):-0.793	O2):40.773	
O1):-0.693	O2):31.269	
O1):-0.755	O2):38.621	
O1):-0.795	O2):41.12	
O1):-0.791	O2):40.473	
O1):-0.748	O2):35.567	
O1):-0.776	O2):39.355	
O1):-0.798	O2):43.908	
O1):-0.755	O2):35.981	
O1):-0.798	O2):41.879	
O1):-0.795	O2):41.076	
O1):-0.701	O2):35.249	
O1):-0.745	O2):35.154	
O1):-0.77	O2):38.442	
O1):-0.851	O2):51.234	
O1):-0.776	O2):40.038	
O1):-0.673	O2):29.671	
O1):-0.776	O2):39.32	
O1):-0.783	O2):42.748	
O1):-0.77	O2):38.41	
O1):-0.77	O2):38.527	
O1):-0.769	O2):38.658	
Evaluations:	3400
O1):-0.674	O2):29.625	
O1):-0.777	O2):39.475	
O1):-0.752	O2):38.25	
O1):-0.776	O2):39.637	
O1):-0.675	O2):29.706	
O1):-0.789	O2):40.09	
O1):-0.813	O2):45.288	
O1):-0.743	O2):35.425	
O1):-0.846	O2):50.331	
O1):-0.764	O2):36.612	
O1):-0.806	O2):44.843	
O1):-0.824	O2):45.746	
O1):-0.735	O2):34.531	
O1):-0.789	O2):40.146	
O1):-0.801	O2):44.411	
O1):-0.731	O2):34.03	
O1):-0.845	O2):50.515	
O1):-0.744	O2):35.436	
O1):-0.654	O2):29.468	
O1):-0.823	O2):45.675	
O1):-0.829	O2):46.881	
O1):-0.79	O2):45.943	
O1):-0.772	O2):38.752	
O1):-0.789	O2):40.147	
O1):-0.716	O2):33.653	
O1):-0.827	O2):46.49	
O1):-0.719	O2):33.555	
O1):-0.765	O2):36.947	
O1):-0.777	O2):40.507	
O1):-0.731	O2):34.819	
O1):-0.772	O2):38.7	
O1):-0.849	O2):50.533	
O1):-0.794	O2):40.869	
O1):-0.765	O2):38.766	
O1):-0.798	O2):43.554	
O1):-0.709	O2):35.737	
O1):-0.737	O2):34.759	
O1):-0.828	O2):50.014	
O1):-0.828	O2):50.21	
O1):-0.772	O2):38.824	
O1):-0.77	O2):38.514	
O1):-0.792	O2):40.729	
O1):-0.827	O2):46.243	
O1):-0.802	O2):44.794	
O1):-0.742	O2):35.756	
O1):-0.794	O2):40.934	
O1):-0.823	O2):45.942	
O1):-0.799	O2):43.989	
O1):-0.79	O2):40.408	
O1):-0.777	O2):39.718	
O1):-0.744	O2):35.436	
O1):-0.681	O2):30.159	
O1):-0.824	O2):46.097	
O1):-0.819	O2):46.049	
O1):-0.728	O2):34.472	
O1):-0.804	O2):44.988	
O1):-0.773	O2):39.001	
O1):-0.754	O2):38.448	
O1):-0.84	O2):50.717	
O1):-0.791	O2):40.473	
O1):-0.775	O2):39.13	
O1):-0.665	O2):30.846	
O1):-0.868	O2):55.933	
O1):-0.73	O2):34.675	
O1):-0.756	O2):38.619	
O1):-0.802	O2):44.119	
O1):-0.821	O2):45.663	
O1):-0.827	O2):46.265	
O1):-0.694	O2):33.476	
O1):-0.744	O2):34.816	
O1):-0.793	O2):40.743	
O1):-0.777	O2):39.526	
O1):-0.798	O2):43.576	
O1):-0.726	O2):34.145	
O1):-0.735	O2):35.366	
O1):-0.726	O2):34.145	
O1):-0.763	O2):36.469	
O1):-0.763	O2):36.582	
O1):-0.827	O2):46.243	
O1):-0.712	O2):33.872	
O1):-0.794	O2):40.934	
O1):-0.773	O2):38.87	
O1):-0.779	O2):39.771	
Starting PrismExecutor worker 4 on port 15024
O1):-0.747	O2):35.337	
Connected worker 4 to port 15024
O1):-0.705	O2):33.511	
O1):-0.779	O2):39.689	
O1):-0.688	O2):30.495	
O1):-0.807	O2):45.335	
O1):-0.827	O2):50.033	
O1):-0.779	O2):39.771	
O1):-0.793	O2):40.777	
O1):-0.791	O2):40.342	
O1):-0.825	O2):49.807	
O1):-0.803	O2):44.875	
O1):-0.747	O2):35.419	
O1):-0.735	O2):35.095	
O1):-0.806	O2):45.365	
O1):-0.806	O2):45.139	
O1):-0.741	O2):34.561	
O1):-0.834	O2):49.884	
O1):-0.801	O2):44.017	
O1):-0.685	O2):29.963	
O1):-0.812	O2):45.196	
O1):-0.853	O2):51.831	
O1):-0.723	O2):33.74	
O1):-0.829	O2):46.883	
O1):-0.762	O2):38.332	
O1):-0.776	O2):40.768	
O1):-0.794	O2):40.839	
O1):-0.798	O2):43.908	
O1):-0.832	O2):50.247	
O1):-0.827	O2):46.243	
O1):-0.815	O2):45.082	
O1):-0.792	O2):40.512	
O1):-0.797	O2):41.829	
O1):-0.794	O2):40.849	
O1):-0.68	O2):30.326	
O1):-0.723	O2):34.089	
O1):-0.779	O2):39.771	
O1):-0.694	O2):31.323	
O1):-0.799	O2):43.563	
O1):-0.702	O2):33.174	
O1):-0.815	O2):45.082	
O1):-0.737	O2):37.475	
O1):-0.848	O2):50.662	
O1):-0.792	O2):40.56	
O1):-0.772	O2):38.738	
O1):-0.727	O2):34.285	
O1):-0.829	O2):46.881	
O1):-0.765	O2):41.408	
O1):-0.795	O2):41.076	
O1):-0.705	O2):33.478	
O1):-0.681	O2):30.15	
O1):-0.747	O2):35.958	
O1):-0.746	O2):35.76	
O1):-0.829	O2):46.881	
O1):-0.85	O2):50.999	
O1):-0.777	O2):39.421	
O1):-0.702	O2):33.797	
O1):-0.669	O2):29.617	
O1):-0.807	O2):45.335	
O1):-0.722	O2):33.696	
O1):-0.719	O2):33.554	
O1):-0.792	O2):40.519	
O1):-0.85	O2):50.79	
O1):-0.722	O2):33.974	
O1):-0.807	O2):45.335	
O1):-0.762	O2):36.363	
O1):-0.711	O2):33.834	
O1):-0.825	O2):45.928	
O1):-0.662	O2):29.022	
O1):-0.798	O2):43.666	
O1):-0.657	O2):29.389	
O1):-0.782	O2):39.968	
O1):-0.779	O2):39.734	
O1):-0.726	O2):34.166	
O1):-0.802	O2):44.927	
O1):-0.75	O2):36.682	
O1):-0.791	O2):40.457	
O1):-0.732	O2):35.808	
O1):-0.772	O2):38.724	
O1):-0.719	O2):33.555	
O1):-0.791	O2):40.342	
O1):-0.729	O2):34.531	
O1):-0.798	O2):41.879	
O1):-0.817	O2):45.767	
O1):-0.772	O2):38.752	
O1):-0.803	O2):45.012	
O1):-0.824	O2):45.891	
O1):-0.795	O2):41.091	
O1):-0.82	O2):45.873	
O1):-0.713	O2):33.456	
O1):-0.828	O2):46.568	
O1):-0.762	O2):36.274	
O1):-0.721	O2):35.12	
O1):-0.732	O2):34.961	
O1):-0.705	O2):33.223	
O1):-0.819	O2):45.207	
O1):-0.815	O2):45.444	
O1):-0.668	O2):28.883	
O1):-0.746	O2):39.052	
O1):-0.81	O2):52.975	
O1):-0.719	O2):33.465	
O1):-0.762	O2):36.232	
O1):-0.813	O2):45.329	
O1):-0.73	O2):35.217	
O1):-0.744	O2):40.511	
O1):-0.723	O2):33.632	
O1):-0.744	O2):34.945	
O1):-0.762	O2):38.332	
O1):-0.749	O2):35.435	
O1):-0.73	O2):34.555	
O1):-0.705	O2):34.541	
O1):-0.776	O2):39.433	
O1):-0.75	O2):36.682	
O1):-0.743	O2):36.172	
O1):-0.816	O2):45.355	
O1):-0.793	O2):40.773	
O1):-0.669	O2):29.617	
O1):-0.773	O2):39.391	
O1):-0.791	O2):40.538	
O1):-0.827	O2):46.49	
O1):-0.691	O2):30.703	
O1):-0.658	O2):29.488	
O1):-0.823	O2):46.049	
O1):-0.78	O2):40.929	
O1):-0.777	O2):39.41	
O1):-0.752	O2):38.255	
O1):-0.767	O2):38.372	
O1):-0.788	O2):40.114	
O1):-0.746	O2):36.473	
O1):-0.755	O2):38.229	
O1):-0.771	O2):40.544	
O1):-0.698	O2):33.769	
O1):-0.681	O2):30.159	
O1):-0.759	O2):35.781	
O1):-0.731	O2):34.706	
O1):-0.777	O2):39.475	
O1):-0.775	O2):40.112	
O1):-0.734	O2):35.872	
O1):-0.778	O2):40.322	
O1):-0.774	O2):39.355	
O1):-0.828	O2):46.542	
O1):-0.827	O2):46.49	
Evaluations:	3300
O1):-0.826	O2):46.369	
O1):-0.791	O2):40.762	
O1):-0.793	O2):43.133	
O1):-0.688	O2):30.495	
O1):-0.773	O2):39.636	
O1):-0.727	O2):34.362	
O1):-0.745	O2):37.621	
O1):-0.77	O2):40.419	
O1):-0.774	O2):39.058	
O1):-0.82	O2):45.34	
O1):-0.768	O2):38.327	
O1):-0.73	O2):34.121	
O1):-0.772	O2):40.036	
O1):-0.69	O2):29.996	
O1):-0.798	O2):44.037	
O1):-0.798	O2):43.476	
O1):-0.794	O2):40.921	
O1):-0.826	O2):46.2	
O1):-0.681	O2):30.389	
O1):-0.774	O2):39.066	
O1):-0.787	O2):43.237	
O1):-0.826	O2):46.07	
O1):-0.794	O2):43.288	
O1):-0.782	O2):40.096	
O1):-0.835	O2):50.667	
O1):-0.74	O2):35.691	
O1):-0.676	O2):29.803	
O1):-0.833	O2):50.336	
O1):-0.729	O2):34.631	
O1):-0.729	O2):34.912	
O1):-0.774	O2):39.276	
O1):-0.741	O2):34.544	
O1):-0.688	O2):31.065	
Evaluations:	3300
Starting PrismExecutor worker 5 on port 15015
O1):-0.765	O2):38.767	
O1):-0.701	O2):35.249	
Connected worker 5 to port 15015
O1):-0.686	O2):29.817	
O1):-0.794	O2):40.934	
O1):-0.826	O2):46.055	
O1):-0.743	O2):35.431	
O1):-0.759	O2):40.189	
O1):-0.745	O2):37.792	
O1):-0.73	O2):34.933	
O1):-0.729	O2):34.528	
O1):-0.847	O2):50.824	
O1):-0.774	O2):39.057	
O1):-0.744	O2):34.912	
O1):-0.778	O2):39.568	
O1):-0.763	O2):38.278	
O1):-0.705	O2):33.478	
O1):-0.824	O2):45.891	
O1):-0.834	O2):49.884	
O1):-0.729	O2):34.456	
O1):-0.791	O2):40.473	
O1):-0.795	O2):41.12	
O1):-0.705	O2):33.223	
O1):-0.688	O2):30.968	
O1):-0.784	O2):40.391	
O1):-0.746	O2):35.779	
O1):-0.798	O2):41.879	
O1):-0.848	O2):50.58	
O1):-0.721	O2):34.01	
O1):-0.747	O2):36.002	
O1):-0.792	O2):40.52	
O1):-0.752	O2):37.989	
O1):-0.746	O2):35.164	
O1):-0.792	O2):40.56	
O1):-0.798	O2):44.298	
O1):-0.636	O2):28.958	
O1):-0.686	O2):33.014	
O1):-0.715	O2):33.628	
O1):-0.795	O2):41.076	
O1):-0.828	O2):46.709	
O1):-0.688	O2):30.495	
O1):-0.815	O2):45.082	
O1):-0.69	O2):30.508	
O1):-0.847	O2):50.224	
O1):-0.79	O2):40.462	
O1):-0.773	O2):38.982	
O1):-0.847	O2):50.388	
O1):-0.792	O2):40.729	
O1):-0.745	O2):35.739	
O1):-0.817	O2):45.527	
O1):-0.793	O2):40.791	
O1):-0.731	O2):34.174	
O1):-0.85	O2):51.129	
O1):-0.662	O2):29.026	
O1):-0.774	O2):39.017	
O1):-0.793	O2):40.747	
O1):-0.784	O2):40.699	
O1):-0.657	O2):29.389	
O1):-0.681	O2):30.389	
O1):-0.806	O2):45.365	
O1):-0.825	O2):46.312	
O1):-0.773	O2):39.001	
O1):-0.852	O2):55.289	
O1):-0.707	O2):35.458	
O1):-0.868	O2):56.028	
O1):-0.765	O2):36.582	
O1):-0.723	O2):33.74	
O1):-0.714	O2):33.427	
O1):-0.681	O2):30.159	
O1):-0.795	O2):41.091	
O1):-0.775	O2):39.148	
O1):-0.774	O2):39.058	
O1):-0.797	O2):41.97	
O1):-0.657	O2):29.389	
O1):-0.79	O2):40.265	
O1):-0.8	O2):43.789	
O1):-0.696	O2):31.293	
O1):-0.731	O2):34.174	
O1):-0.774	O2):39.08	
O1):-0.77	O2):39.493	
O1):-0.803	O2):44.973	
O1):-0.775	O2):39.192	
O1):-0.798	O2):43.635	
O1):-0.764	O2):36.624	
O1):-0.836	O2):50.995	
O1):-0.724	O2):33.886	
O1):-0.773	O2):39.063	
O1):-0.729	O2):34.525	
O1):-0.792	O2):40.861	
O1):-0.763	O2):36.404	
O1):-0.794	O2):40.884	
O1):-0.828	O2):46.538	
O1):-0.729	O2):34.635	
O1):-0.822	O2):45.643	
O1):-0.711	O2):33.834	
O1):-0.791	O2):40.473	
O1):-0.716	O2):33.653	
O1):-0.807	O2):45.356	
O1):-0.795	O2):41.117	
O1):-0.669	O2):29.617	
O1):-0.79	O2):40.256	
O1):-0.805	O2):45.197	
O1):-0.697	O2):33.743	
O1):-0.798	O2):43.666	
O1):-0.79	O2):43.668	
O1):-0.747	O2):35.958	
O1):-0.752	O2):38.248	
O1):-0.656	O2):29.386	
O1):-0.799	O2):43.847	
O1):-0.703	O2):33.405	
O1):-0.749	O2):36.636	
O1):-0.791	O2):43.562	
O1):-0.85	O2):51.136	
O1):-0.791	O2):40.503	
O1):-0.802	O2):44.794	
O1):-0.754	O2):35.898	
O1):-0.821	O2):45.325	
O1):-0.804	O2):44.988	
O1):-0.682	O2):30.176	
O1):-0.657	O2):29.389	
O1):-0.793	O2):40.744	
O1):-0.768	O2):39.485	
O1):-0.751	O2):36.736	
O1):-0.728	O2):34.654	
O1):-0.828	O2):46.542	
O1):-0.851	O2):51.227	
O1):-0.789	O2):40.298	
O1):-0.788	O2):40.1	
O1):-0.751	O2):36.736	
O1):-0.79	O2):40.299	
O1):-0.726	O2):34.145	
O1):-0.703	O2):33.808	
O1):-0.768	O2):38.315	
O1):-0.828	O2):50.21	
O1):-0.743	O2):34.797	
O1):-0.688	O2):30.495	
O1):-0.792	O2):44.094	
O1):-0.795	O2):43.891	
O1):-0.849	O2):50.868	
O1):-0.823	O2):45.707	
O1):-0.672	O2):30.06	
O1):-0.777	O2):39.41	
O1):-0.653	O2):30.245	
O1):-0.745	O2):35.154	
O1):-0.724	O2):35.552	
O1):-0.751	O2):36.552	
O1):-0.828	O2):46.49	
O1):-0.703	O2):33.246	
O1):-0.789	O2):40.146	
O1):-0.738	O2):34.872	
O1):-0.817	O2):45.547	
O1):-0.672	O2):29.651	
O1):-0.724	O2):33.775	
O1):-0.803	O2):45.012	
O1):-0.792	O2):43.907	
O1):-0.862	O2):56.595	
O1):-0.795	O2):43.815	
O1):-0.827	O2):46.833	
O1):-0.796	O2):41.156	
O1):-0.651	O2):28.786	
O1):-0.726	O2):34.214	
O1):-0.795	O2):41.994	
O1):-0.771	O2):38.818	
O1):-0.832	O2):50.247	
O1):-0.775	O2):39.148	
O1):-0.844	O2):50.266	
O1):-0.744	O2):35.436	
O1):-0.825	O2):45.976	
O1):-0.769	O2):38.327	
O1):-0.845	O2):50.407	
O1):-0.776	O2):39.316	
O1):-0.768	O2):38.285	
O1):-0.8	O2):43.853	
O1):-0.754	O2):35.899	
Starting PrismExecutor worker 1 on port 15071
O1):-0.675	O2):29.706	
Connected worker 1 to port 15071
O1):-0.727	O2):34.362	
Evaluations:	3700
O1):-0.838	O2):50.362	
O1):-0.748	O2):36.057	
O1):-0.799	O2):43.847	
O1):-0.754	O2):37.347	
O1):-0.773	O2):40.57	
O1):-0.776	O2):39.433	
O1):-0.824	O2):45.934	
O1):-0.793	O2):43.133	
O1):-0.702	O2):33.175	
O1):-0.657	O2):29.399	
O1):-0.747	O2):38.192	
O1):-0.862	O2):56.816	
O1):-0.727	O2):34.285	
O1):-0.834	O2):50.342	
O1):-0.79	O2):40.427	
O1):-0.793	O2):40.858	
O1):-0.75	O2):36.682	
O1):-0.745	O2):35.653	
O1):-0.762	O2):36.302	
O1):-0.854	O2):59.622	
O1):-0.803	O2):44.73	
O1):-0.747	O2):35.419	
O1):-0.802	O2):46.19	
O1):-0.821	O2):45.582	
O1):-0.779	O2):40.476	
O1):-0.817	O2):45.854	
O1):-0.74	O2):35.628	
O1):-0.774	O2):39.034	
O1):-0.671	O2):30.095	
O1):-0.779	O2):39.929	
O1):-0.796	O2):41.761	
O1):-0.804	O2):44.988	
O1):-0.726	O2):35.764	
O1):-0.803	O2):45.15	
O1):-0.79	O2):40.243	
O1):-0.823	O2):45.705	
O1):-0.69	O2):29.996	
O1):-0.832	O2):50.219	
O1):-0.791	O2):40.762	
O1):-0.765	O2):38.766	
O1):-0.708	O2):33.332	
O1):-0.794	O2):40.943	
O1):-0.745	O2):35.074	
O1):-0.804	O2):44.988	
O1):-0.802	O2):44.49	
O1):-0.792	O2):40.512	
O1):-0.747	O2):36.021	
O1):-0.851	O2):51.459	
O1):-0.685	O2):31.012	
O1):-0.846	O2):50.581	
O1):-0.686	O2):30.162	
O1):-0.798	O2):44.059	
O1):-0.681	O2):30.159	
O1):-0.735	O2):34.316	
O1):-0.668	O2):28.883	
O1):-0.688	O2):30.475	
O1):-0.662	O2):29.022	
O1):-0.834	O2):50.342	
O1):-0.777	O2):39.41	
O1):-0.807	O2):45.104	
O1):-0.658	O2):29.409	
O1):-0.85	O2):51.085	
O1):-0.795	O2):41.117	
O1):-0.731	O2):34.727	
O1):-0.797	O2):41.97	
O1):-0.821	O2):45.562	
O1):-0.669	O2):29.091	
O1):-0.705	O2):33.511	
O1):-0.78	O2):41.94	
O1):-0.801	O2):44.411	
O1):-0.823	O2):45.782	
O1):-0.85	O2):50.654	
O1):-0.828	O2):50.014	
Evaluations:	3100
O1):-0.674	O2):29.7	
O1):-0.779	O2):39.771	
O1):-0.709	O2):33.607	
O1):-0.784	O2):40.692	
O1):-0.687	O2):30.909	
O1):-0.671	O2):30.093	
O1):-0.791	O2):40.342	
O1):-0.77	O2):38.642	
O1):-0.758	O2):35.851	
O1):-0.8	O2):43.969	
O1):-0.825	O2):46.312	
O1):-0.774	O2):39.073	
O1):-0.744	O2):34.895	
O1):-0.775	O2):39.212	
O1):-0.826	O2):46.361	
O1):-0.709	O2):34.114	
O1):-0.819	O2):45.191	
O1):-0.798	O2):44.064	
O1):-0.721	O2):33.388	
O1):-0.803	O2):44.73	
O1):-0.763	O2):38.278	
O1):-0.831	O2):50.11	
O1):-0.853	O2):51.274	
O1):-0.753	O2):40.28	
O1):-0.679	O2):30.32	
O1):-0.831	O2):50.11	
O1):-0.742	O2):34.575	
O1):-0.797	O2):43.267	
O1):-0.85	O2):50.654	
O1):-0.811	O2):46.419	
O1):-0.764	O2):36.996	
O1):-0.689	O2):30.504	
O1):-0.77	O2):38.73	
O1):-0.745	O2):35.038	
O1):-0.793	O2):40.743	
O1):-0.793	O2):40.876	
O1):-0.791	O2):40.342	
O1):-0.816	O2):45.275	
O1):-0.746	O2):35.76	
O1):-0.696	O2):33.415	
O1):-0.763	O2):38.263	
O1):-0.692	O2):30.948	
O1):-0.734	O2):34.892	
O1):-0.824	O2):45.995	
O1):-0.755	O2):36.051	
O1):-0.8	O2):44.072	
O1):-0.794	O2):40.884	
O1):-0.774	O2):39.066	
O1):-0.773	O2):40.8	
O1):-0.778	O2):39.568	
O1):-0.716	O2):33.653	
O1):-0.649	O2):29.304	
O1):-0.667	O2):29.553	
O1):-0.775	O2):39.146	
O1):-0.803	O2):44.973	
O1):-0.758	O2):35.851	
O1):-0.743	O2):36.11	
O1):-0.78	O2):40.583	
O1):-0.716	O2):33.653	
O1):-0.672	O2):30.728	
O1):-0.747	O2):37.703	
O1):-0.751	O2):36.736	
O1):-0.817	O2):45.386	
O1):-0.79	O2):40.243	
O1):-0.766	O2):38.68	
O1):-0.776	O2):39.32	
O1):-0.765	O2):38.87	
O1):-0.829	O2):46.883	
O1):-0.827	O2):46.174	
Evaluations:	3800
O1):-0.689	O2):30.503	
O1):-0.724	O2):33.825	
O1):-0.818	O2):45.982	
O1):-0.685	O2):31.013	
O1):-0.792	O2):40.861	
O1):-0.796	O2):43.194	
O1):-0.802	O2):44.794	
O1):-0.73	O2):34.121	
O1):-0.792	O2):40.605	
O1):-0.765	O2):45.054	
O1):-0.828	O2):46.568	
O1):-0.785	O2):42.775	
O1):-0.713	O2):35.414	
O1):-0.757	O2):38.666	
O1):-0.766	O2):38.793	
O1):-0.847	O2):50.55	
O1):-0.723	O2):34.502	
O1):-0.69	O2):30.508	
O1):-0.833	O2):50.451	
O1):-0.762	O2):38.36	
O1):-0.82	O2):45.34	
O1):-0.852	O2):55.289	
O1):-0.731	O2):34.819	
O1):-0.807	O2):45.104	
O1):-0.674	O2):29.651	
O1):-0.793	O2):40.799	
O1):-0.745	O2):35.727	
O1):-0.704	O2):33.509	
O1):-0.747	O2):35.934	
O1):-0.851	O2):51.227	
O1):-0.814	O2):44.98	
O1):-0.782	O2):39.955	
O1):-0.835	O2):50.667	
O1):-0.699	O2):33.558	
O1):-0.734	O2):34.892	
O1):-0.748	O2):36.196	
O1):-0.778	O2):39.824	
O1):-0.765	O2):38.768	
O1):-0.762	O2):36.274	
O1):-0.774	O2):39.067	
O1):-0.796	O2):41.178	
O1):-0.743	O2):36.172	
O1):-0.742	O2):34.733	
O1):-0.827	O2):46.692	
O1):-0.824	O2):45.995	
O1):-0.746	O2):35.76	
O1):-0.639	O2):29.188	
O1):-0.795	O2):41.117	
O1):-0.661	O2):29.025	
Evaluations:	3400
Starting PrismExecutor worker 5 on port 15025
O1):-0.672	O2):30.061	
O1):-0.779	O2):39.689	
Connected worker 5 to port 15025
O1):-0.711	O2):33.834	
O1):-0.791	O2):40.44	
O1):-0.793	O2):40.706	
O1):-0.742	O2):34.602	
O1):-0.743	O2):34.821	
O1):-0.763	O2):36.469	
O1):-0.657	O2):29.389	
O1):-0.806	O2):45.139	
O1):-0.8	O2):43.789	
O1):-0.716	O2):33.653	
O1):-0.778	O2):39.696	
O1):-0.784	O2):40.854	
O1):-0.827	O2):46.692	
O1):-0.766	O2):38.793	
O1):-0.824	O2):45.937	
O1):-0.795	O2):43.891	
O1):-0.724	O2):33.868	
O1):-0.731	O2):34.819	
O1):-0.823	O2):49.4	
O1):-0.784	O2):40.692	
O1):-0.762	O2):36.213	
O1):-0.688	O2):31.065	
O1):-0.791	O2):40.417	
O1):-0.703	O2):33.316	
O1):-0.767	O2):39.633	
O1):-0.794	O2):40.884	
O1):-0.668	O2):28.883	
O1):-0.773	O2):39.028	
O1):-0.763	O2):36.642	
O1):-0.799	O2):43.891	
O1):-0.749	O2):35.444	
O1):-0.705	O2):33.479	
O1):-0.711	O2):33.834	
O1):-0.764	O2):38.404	
O1):-0.767	O2):40.084	
O1):-0.742	O2):35.411	
O1):-0.813	O2):45.288	
O1):-0.769	O2):38.658	
O1):-0.747	O2):35.958	
O1):-0.767	O2):39.192	
O1):-0.653	O2):29.501	
O1):-0.791	O2):40.472	
O1):-0.798	O2):43.908	
O1):-0.791	O2):40.416	
O1):-0.755	O2):38.621	
O1):-0.672	O2):29.65	
O1):-0.778	O2):40.322	
O1):-0.688	O2):29.966	
O1):-0.826	O2):46.361	
O1):-0.806	O2):45.365	
O1):-0.669	O2):29.617	
O1):-0.777	O2):40.187	
O1):-0.776	O2):39.438	
O1):-0.681	O2):30.159	
O1):-0.753	O2):39.533	
O1):-0.769	O2):39.118	
O1):-0.77	O2):38.514	
O1):-0.797	O2):41.829	
O1):-0.682	O2):30.176	
O1):-0.722	O2):33.666	
O1):-0.794	O2):41.758	
O1):-0.791	O2):40.53	
O1):-0.815	O2):45.082	
O1):-0.782	O2):39.968	
O1):-0.676	O2):29.803	
O1):-0.79	O2):40.403	
O1):-0.791	O2):40.472	
O1):-0.763	O2):40.688	
O1):-0.793	O2):43.133	
O1):-0.792	O2):40.656	
O1):-0.729	O2):34.528	
O1):-0.774	O2):39.066	
O1):-0.76	O2):41.695	
O1):-0.793	O2):40.747	
O1):-0.826	O2):46.329	
O1):-0.755	O2):38.229	
O1):-0.745	O2):34.961	
O1):-0.776	O2):39.371	
O1):-0.771	O2):38.711	
O1):-0.791	O2):40.762	
O1):-0.775	O2):39.077	
O1):-0.797	O2):44.097	
O1):-0.789	O2):40.145	
O1):-0.821	O2):45.64	
O1):-0.847	O2):50.434	
O1):-0.685	O2):29.943	
O1):-0.812	O2):50.83	
O1):-0.748	O2):36.196	
O1):-0.719	O2):35.822	
O1):-0.789	O2):40.145	
O1):-0.814	O2):44.98	
O1):-0.844	O2):50.266	
O1):-0.791	O2):40.762	
O1):-0.718	O2):35.213	
O1):-0.669	O2):29.617	
O1):-0.729	O2):34.544	
O1):-0.751	O2):36.552	
O1):-0.805	O2):45.256	
O1):-0.81	O2):46.529	
O1):-0.745	O2):35.154	
O1):-0.851	O2):51.098	
O1):-0.815	O2):48.261	
O1):-0.799	O2):43.562	
O1):-0.772	O2):38.7	
O1):-0.775	O2):39.148	
O1):-0.802	O2):44.485	
O1):-0.714	O2):35.507	
O1):-0.853	O2):51.274	
O1):-0.807	O2):45.104	
O1):-0.746	O2):37.585	
O1):-0.652	O2):29.041	
O1):-0.823	O2):45.782	
O1):-0.794	O2):40.866	
O1):-0.774	O2):39.385	
O1):-0.797	O2):43.721	
O1):-0.772	O2):38.768	
O1):-0.705	O2):33.478	
O1):-0.847	O2):50.503	
O1):-0.799	O2):43.847	
O1):-0.723	O2):36.025	
O1):-0.796	O2):43.192	
O1):-0.723	O2):33.69	
O1):-0.828	O2):46.542	
O1):-0.731	O2):34.846	
O1):-0.68	O2):30.157	
O1):-0.75	O2):36.655	
O1):-0.793	O2):40.747	
O1):-0.819	O2):46.086	
O1):-0.811	O2):46.162	
O1):-0.776	O2):39.47	
O1):-0.686	O2):29.817	
O1):-0.779	O2):39.74	
O1):-0.79	O2):40.427	
O1):-0.779	O2):39.689	
O1):-0.636	O2):28.958	
O1):-0.751	O2):36.552	
O1):-0.789	O2):40.132	
O1):-0.815	O2):45.005	
O1):-0.728	O2):34.475	
O1):-0.776	O2):39.32	
Starting PrismExecutor worker 4 on port 15014
O1):-0.751	O2):36.552	
Connected worker 4 to port 15014
O1):-0.766	O2):40.369	
O1):-0.726	O2):34.147	
O1):-0.725	O2):34.189	
O1):-0.768	O2):40.365	
O1):-0.676	O2):29.803	
O1):-0.79	O2):40.225	
O1):-0.827	O2):46.233	
O1):-0.669	O2):29.05	
O1):-0.824	O2):46.094	
O1):-0.765	O2):36.582	
O1):-0.77	O2):38.654	
O1):-0.763	O2):36.32	
O1):-0.776	O2):39.637	
O1):-0.811	O2):48.813	
O1):-0.756	O2):39.696	
O1):-0.744	O2):35.007	
O1):-0.69	O2):31.299	
O1):-0.721	O2):35.116	
O1):-0.774	O2):40.367	
O1):-0.764	O2):36.539	
O1):-0.723	O2):33.69	
O1):-0.778	O2):39.756	
O1):-0.772	O2):38.729	
Evaluations:	3600
O1):-0.721	O2):33.509	
O1):-0.674	O2):29.694	
O1):-0.823	O2):45.782	
O1):-0.711	O2):33.834	
O1):-0.849	O2):50.954	
O1):-0.688	O2):31.065	
O1):-0.679	O2):30.082	
O1):-0.773	O2):39.001	
O1):-0.772	O2):38.675	
O1):-0.779	O2):39.847	
O1):-0.705	O2):33.511	
O1):-0.777	O2):39.526	
O1):-0.676	O2):29.803	
O1):-0.714	O2):35.492	
O1):-0.789	O2):40.146	
O1):-0.85	O2):50.748	
O1):-0.771	O2):38.726	
O1):-0.685	O2):30.391	
O1):-0.775	O2):39.3	
O1):-0.847	O2):50.224	
O1):-0.765	O2):38.766	
O1):-0.776	O2):39.433	
O1):-0.705	O2):33.511	
O1):-0.801	O2):44.411	
O1):-0.772	O2):38.949	
O1):-0.764	O2):36.612	
O1):-0.794	O2):40.872	
O1):-0.774	O2):39.057	
O1):-0.757	O2):39.672	
O1):-0.657	O2):29.336	
O1):-0.745	O2):35.074	
O1):-0.783	O2):43.351	
O1):-0.806	O2):45.365	
O1):-0.824	O2):45.995	
O1):-0.753	O2):38.103	
O1):-0.777	O2):39.457	
O1):-0.773	O2):38.87	
O1):-0.789	O2):43.237	
O1):-0.779	O2):39.771	
O1):-0.792	O2):40.512	
O1):-0.741	O2):35.057	
O1):-0.685	O2):30.391	
O1):-0.653	O2):29.088	
O1):-0.8	O2):43.84	
O1):-0.716	O2):35.444	
O1):-0.828	O2):46.542	
O1):-0.844	O2):50.266	
O1):-0.656	O2):29.375	
O1):-0.728	O2):34.475	
O1):-0.763	O2):37.152	
O1):-0.851	O2):51.284	
O1):-0.728	O2):34.3	
O1):-0.699	O2):34.291	
O1):-0.705	O2):34.581	
O1):-0.713	O2):33.879	
O1):-0.825	O2):46.103	
O1):-0.844	O2):50.266	
O1):-0.814	O2):48.358	
O1):-0.778	O2):39.755	
O1):-0.68	O2):30.326	
O1):-0.733	O2):34.801	
O1):-0.83	O2):50.575	
O1):-0.664	O2):30.475	
O1):-0.77	O2):38.442	
O1):-0.849	O2):50.868	
O1):-0.845	O2):50.527	
O1):-0.755	O2):36.069	
O1):-0.823	O2):46.248	
O1):-0.755	O2):36.069	
O1):-0.762	O2):41.364	
O1):-0.673	O2):29.671	
O1):-0.736	O2):34.83	
O1):-0.788	O2):39.972	
O1):-0.803	O2):44.973	
O1):-0.798	O2):44.059	
O1):-0.778	O2):39.755	
O1):-0.77	O2):38.442	
O1):-0.754	O2):37.347	
Evaluations:	3200
O1):-0.808	O2):45.112	
O1):-0.849	O2):50.868	
O1):-0.74	O2):35.691	
O1):-0.852	O2):50.955	
O1):-0.795	O2):45.559	
O1):-0.725	O2):33.994	
O1):-0.791	O2):43.555	
O1):-0.819	O2):46.154	
O1):-0.779	O2):40.519	
O1):-0.798	O2):43.73	
O1):-0.818	O2):45.547	
O1):-0.817	O2):45.386	
O1):-0.745	O2):35.074	
O1):-0.816	O2):45.868	
O1):-0.734	O2):34.892	
O1):-0.789	O2):40.146	
O1):-0.731	O2):34.727	
O1):-0.714	O2):33.507	
O1):-0.726	O2):34.214	
O1):-0.688	O2):30.495	
O1):-0.766	O2):38.793	
O1):-0.775	O2):40.098	
O1):-0.744	O2):34.792	
O1):-0.749	O2):36.636	
O1):-0.814	O2):44.98	
O1):-0.77	O2):38.442	
O1):-0.775	O2):39.435	
O1):-0.673	O2):29.627	
O1):-0.796	O2):43.192	
O1):-0.704	O2):33.399	
O1):-0.79	O2):43.361	
O1):-0.812	O2):45.196	
O1):-0.792	O2):40.504	
O1):-0.684	O2):30.072	
O1):-0.707	O2):33.644	
O1):-0.786	O2):45.558	
O1):-0.833	O2):50.451	
O1):-0.763	O2):36.32	
O1):-0.828	O2):46.568	
O1):-0.828	O2):46.568	
O1):-0.771	O2):38.609	
O1):-0.652	O2):29.041	
O1):-0.764	O2):38.404	
O1):-0.707	O2):33.819	
O1):-0.832	O2):50.247	
O1):-0.812	O2):50.83	
O1):-0.796	O2):41.156	
O1):-0.791	O2):40.514	
O1):-0.8	O2):44.206	
O1):-0.783	O2):40.928	
O1):-0.851	O2):51.063	
O1):-0.8	O2):43.842	
O1):-0.708	O2):33.333	
O1):-0.814	O2):45.169	
O1):-0.8	O2):43.989	
O1):-0.798	O2):43.954	
O1):-0.681	O2):30.15	
O1):-0.792	O2):40.729	
O1):-0.779	O2):39.764	
O1):-0.692	O2):31.159	
O1):-0.743	O2):34.811	
O1):-0.796	O2):41.198	
O1):-0.847	O2):50.224	
O1):-0.798	O2):43.476	
O1):-0.731	O2):34.819	
O1):-0.746	O2):35.779	
O1):-0.793	O2):40.751	
O1):-0.774	O2):39.086	
O1):-0.673	O2):30.416	
O1):-0.804	O2):45.114	
O1):-0.774	O2):40.587	
Starting PrismExecutor worker 3 on port 15083
Starting PrismExecutor worker 1 on port 15081
Connected worker 3 to port 15083
O1):-0.862	O2):56.595	
Connected worker 1 to port 15081
O1):-0.711	O2):33.267	
O1):-0.769	O2):38.658	
O1):-0.791	O2):40.539	
O1):-0.774	O2):39.052	
O1):-0.835	O2):50.667	
O1):-0.711	O2):33.851	
O1):-0.773	O2):40.219	
O1):-0.766	O2):38.793	
O1):-0.775	O2):39.336	
O1):-0.775	O2):39.303	
O1):-0.72	O2):33.913	
O1):-0.754	O2):35.898	
O1):-0.737	O2):34.85	
O1):-0.792	O2):40.659	
O1):-0.85	O2):51.127	
O1):-0.761	O2):35.931	
O1):-0.778	O2):39.818	
O1):-0.685	O2):29.943	
O1):-0.723	O2):33.74	
O1):-0.844	O2):50.266	
O1):-0.82	O2):45.579	
O1):-0.799	O2):44.571	
Evaluations:	3500
O1):-0.775	O2):39.489	
O1):-0.794	O2):40.884	
O1):-0.762	O2):40.554	
O1):-0.745	O2):35.728	
O1):-0.749	O2):37.911	
O1):-0.763	O2):38.263	
O1):-0.762	O2):36.363	
O1):-0.796	O2):41.761	
O1):-0.749	O2):35.435	
O1):-0.744	O2):34.889	
O1):-0.748	O2):40.448	
O1):-0.796	O2):41.198	
O1):-0.679	O2):30.082	
O1):-0.79	O2):40.299	
O1):-0.673	O2):29.693	
O1):-0.703	O2):33.316	
O1):-0.718	O2):34.014	
O1):-0.734	O2):34.9	
O1):-0.664	O2):29.908	
O1):-0.69	O2):30.507	
O1):-0.731	O2):34.073	
O1):-0.725	O2):34.189	
O1):-0.668	O2):28.883	
O1):-0.782	O2):40.096	
O1):-0.793	O2):40.773	
O1):-0.791	O2):40.416	
O1):-0.73	O2):34.121	
O1):-0.847	O2):50.432	
O1):-0.777	O2):39.718	
O1):-0.763	O2):38.278	
O1):-0.778	O2):40.781	
O1):-0.803	O2):44.73	
O1):-0.848	O2):50.475	
O1):-0.85	O2):50.936	
O1):-0.754	O2):38.448	
O1):-0.683	O2):30.879	
O1):-0.796	O2):43.627	
O1):-0.765	O2):41.361	
O1):-0.765	O2):41.361	
O1):-0.763	O2):40.485	
O1):-0.775	O2):39.13	
O1):-0.764	O2):36.996	
O1):-0.85	O2):51.085	
O1):-0.727	O2):34.362	
O1):-0.746	O2):37.585	
O1):-0.765	O2):41.361	
O1):-0.723	O2):33.74	
O1):-0.685	O2):31.012	
O1):-0.85	O2):50.936	
O1):-0.798	O2):42.061	
O1):-0.729	O2):34.635	
O1):-0.828	O2):46.835	
O1):-0.725	O2):33.954	
O1):-0.772	O2):38.804	
O1):-0.803	O2):44.973	
O1):-0.769	O2):38.452	
O1):-0.796	O2):41.198	
O1):-0.791	O2):40.342	
O1):-0.823	O2):45.675	
O1):-0.749	O2):36.673	
O1):-0.723	O2):34.089	
O1):-0.823	O2):45.74	
O1):-0.853	O2):51.274	
O1):-0.746	O2):35.76	
O1):-0.782	O2):42.14	
O1):-0.685	O2):31.102	
O1):-0.79	O2):40.299	
O1):-0.821	O2):45.325	
O1):-0.828	O2):46.786	
O1):-0.709	O2):33.607	
O1):-0.813	O2):45.136	
O1):-0.717	O2):33.346	
O1):-0.712	O2):33.421	
O1):-0.806	O2):45.139	
O1):-0.791	O2):43.555	
O1):-0.798	O2):43.476	
O1):-0.791	O2):40.485	
O1):-0.772	O2):40.378	
O1):-0.77	O2):38.41	
O1):-0.779	O2):39.689	
O1):-0.79	O2):40.299	
O1):-0.669	O2):29.091	
O1):-0.715	O2):33.694	
O1):-0.793	O2):40.831	
O1):-0.813	O2):45.288	
O1):-0.748	O2):36.196	
O1):-0.806	O2):45.139	
O1):-0.777	O2):39.41	
O1):-0.817	O2):45.722	
O1):-0.795	O2):41.117	
O1):-0.77	O2):38.539	
O1):-0.736	O2):34.853	
O1):-0.842	O2):49.987	
O1):-0.763	O2):36.32	
O1):-0.827	O2):46.226	
O1):-0.823	O2):45.74	
O1):-0.82	O2):45.873	
O1):-0.807	O2):45.1	
O1):-0.73	O2):34.988	
O1):-0.764	O2):38.404	
O1):-0.745	O2):34.961	
O1):-0.729	O2):34.616	
O1):-0.676	O2):29.803	
O1):-0.826	O2):46.055	
O1):-0.862	O2):56.595	
O1):-0.815	O2):45.005	
O1):-0.828	O2):50.014	
O1):-0.831	O2):50.11	
O1):-0.745	O2):35.074	
O1):-0.795	O2):41.197	
O1):-0.847	O2):50.824	
O1):-0.781	O2):42.016	
O1):-0.721	O2):33.622	
O1):-0.749	O2):35.715	
O1):-0.826	O2):46.279	
O1):-0.658	O2):29.926	
O1):-0.743	O2):35.425	
O1):-0.721	O2):34.017	
O1):-0.754	O2):38.448	
O1):-0.794	O2):41.145	
O1):-0.747	O2):35.958	
O1):-0.796	O2):41.198	
O1):-0.845	O2):50.407	
O1):-0.772	O2):39.132	
O1):-0.802	O2):44.851	
O1):-0.756	O2):38.589	
O1):-0.788	O2):43.304	
O1):-0.798	O2):43.73	
O1):-0.724	O2):34.101	
O1):-0.798	O2):42.061	
O1):-0.777	O2):39.819	
O1):-0.669	O2):29.091	
O1):-0.751	O2):36.552	
O1):-0.796	O2):41.167	
O1):-0.827	O2):46.243	
O1):-0.802	O2):44.794	
Evaluations:	2900
O1):-0.762	O2):36.363	
O1):-0.771	O2):38.687	
O1):-0.746	O2):35.76	
O1):-0.681	O2):30.159	
O1):-0.816	O2):45.868	
O1):-0.821	O2):45.64	
O1):-0.77	O2):38.565	
O1):-0.732	O2):35.797	
O1):-0.823	O2):45.825	
O1):-0.779	O2):39.693	
O1):-0.803	O2):44.73	
O1):-0.717	O2):33.346	
O1):-0.772	O2):38.752	
O1):-0.764	O2):36.996	
O1):-0.779	O2):39.74	
O1):-0.762	O2):38.332	
O1):-0.749	O2):35.435	
O1):-0.725	O2):33.994	
O1):-0.695	O2):31.296	
O1):-0.816	O2):45.536	
O1):-0.769	O2):39.124	
O1):-0.749	O2):37.603	
O1):-0.814	O2):45.278	
O1):-0.744	O2):35.107	
O1):-0.779	O2):39.771	
O1):-0.825	O2):45.935	
O1):-0.791	O2):40.342	
O1):-0.651	O2):29.347	
O1):-0.832	O2):50.219	
O1):-0.83	O2):50.623	
O1):-0.823	O2):45.663	
O1):-0.821	O2):45.325	
O1):-0.797	O2):41.97	
O1):-0.777	O2):39.41	
O1):-0.802	O2):44.485	
O1):-0.752	O2):37.022	
O1):-0.724	O2):34.05	
O1):-0.831	O2):50.11	
O1):-0.803	O2):45.114	
O1):-0.745	O2):35.728	
O1):-0.775	O2):40.259	
O1):-0.727	O2):34.444	
O1):-0.771	O2):38.7	
O1):-0.795	O2):41.076	
O1):-0.817	O2):45.547	
O1):-0.823	O2):46.049	
O1):-0.789	O2):40.09	
O1):-0.826	O2):46.149	
O1):-0.793	O2):43.133	
O1):-0.753	O2):37.206	
O1):-0.657	O2):29.399	
O1):-0.776	O2):39.355	
O1):-0.791	O2):40.762	
O1):-0.776	O2):39.367	
O1):-0.734	O2):36.904	
O1):-0.729	O2):34.525	
O1):-0.816	O2):45.275	
O1):-0.794	O2):40.795	
O1):-0.799	O2):44.571	
O1):-0.821	O2):45.581	
O1):-0.725	O2):34.189	
O1):-0.744	O2):34.839	
O1):-0.8	O2):43.84	
O1):-0.8	O2):44.92	
O1):-0.77	O2):38.539	
O1):-0.698	O2):33.091	
O1):-0.727	O2):34.362	
O1):-0.713	O2):33.879	
O1):-0.804	O2):44.986	
O1):-0.747	O2):35.318	
O1):-0.777	O2):41.095	
O1):-0.746	O2):35.391	
O1):-0.723	O2):34.015	
O1):-0.755	O2):36.051	
O1):-0.827	O2):46.266	
O1):-0.737	O2):34.759	
O1):-0.777	O2):39.718	
O1):-0.718	O2):33.318	
O1):-0.77	O2):38.442	
O1):-0.793	O2):40.799	
O1):-0.78	O2):40.583	
O1):-0.727	O2):34.285	
O1):-0.713	O2):33.349	
O1):-0.767	O2):38.372	
O1):-0.764	O2):38.404	
O1):-0.777	O2):39.47	
O1):-0.774	O2):39.104	
O1):-0.746	O2):35.778	
O1):-0.749	O2):35.435	
O1):-0.723	O2):34.089	
O1):-0.775	O2):39.148	
O1):-0.744	O2):34.92	
O1):-0.766	O2):38.793	
O1):-0.669	O2):29.617	
O1):-0.798	O2):44.059	
O1):-0.823	O2):45.97	
O1):-0.742	O2):35.756	
O1):-0.776	O2):39.346	
O1):-0.828	O2):46.784	
O1):-0.791	O2):40.342	
O1):-0.833	O2):50.336	
O1):-0.806	O2):45.365	
O1):-0.762	O2):36.363	
O1):-0.823	O2):45.707	
O1):-0.763	O2):36.32	
O1):-0.705	O2):33.478	
O1):-0.772	O2):38.825	
O1):-0.771	O2):38.635	
O1):-0.743	O2):34.805	
O1):-0.821	O2):45.581	
O1):-0.825	O2):46.061	
O1):-0.752	O2):37.022	
O1):-0.851	O2):51.097	
O1):-0.68	O2):30.157	
O1):-0.681	O2):30.15	
Evaluations:	3400
O1):-0.772	O2):38.738	
O1):-0.825	O2):46.005	
O1):-0.792	O2):40.861	
O1):-0.804	O2):45.198	
O1):-0.791	O2):45.883	
O1):-0.747	O2):35.419	
O1):-0.68	O2):30.157	
O1):-0.732	O2):35.691	
O1):-0.737	O2):36.529	
O1):-0.784	O2):40.692	
O1):-0.748	O2):36.196	
O1):-0.721	O2):35.74	
O1):-0.794	O2):40.884	
O1):-0.726	O2):35.286	
O1):-0.772	O2):38.674	
O1):-0.679	O2):30.082	
O1):-0.8	O2):44.206	
O1):-0.792	O2):40.861	
O1):-0.775	O2):39.13	
O1):-0.676	O2):29.803	
O1):-0.794	O2):40.885	
O1):-0.771	O2):38.722	
O1):-0.651	O2):28.831	
O1):-0.802	O2):44.794	
O1):-0.775	O2):39.148	
O1):-0.675	O2):29.706	
O1):-0.708	O2):33.332	
O1):-0.667	O2):29.553	
O1):-0.833	O2):50.336	
O1):-0.821	O2):45.562	
O1):-0.704	O2):33.884	
O1):-0.861	O2):55.932	
O1):-0.79	O2):40.408	
O1):-0.718	O2):33.318	
O1):-0.847	O2):50.55	
O1):-0.849	O2):50.883	
O1):-0.8	O2):44.008	
O1):-0.823	O2):45.699	
O1):-0.655	O2):29.398	
O1):-0.795	O2):41.12	
O1):-0.73	O2):34.597	
O1):-0.763	O2):38.279	
Evaluations:	3400
O1):-0.723	O2):33.632	
O1):-0.821	O2):45.64	
O1):-0.685	O2):30.391	
O1):-0.742	O2):34.816	
O1):-0.691	O2):30.703	
O1):-0.806	O2):45.428	
O1):-0.729	O2):35.27	
O1):-0.798	O2):44.202	
O1):-0.793	O2):40.773	
O1):-0.674	O2):29.699	
O1):-0.815	O2):45.384	
O1):-0.791	O2):40.762	
O1):-0.761	O2):35.995	
O1):-0.746	O2):37.585	
O1):-0.726	O2):34.763	
O1):-0.791	O2):40.473	
O1):-0.686	O2):30.172	
O1):-0.772	O2):39.154	
O1):-0.75	O2):36.682	
O1):-0.746	O2):35.779	
O1):-0.828	O2):46.542	
O1):-0.795	O2):43.057	
O1):-0.794	O2):41.783	
Starting PrismExecutor worker 0 on port 15070
Connected worker 0 to port 15070
O1):-0.83	O2):50.575	
O1):-0.682	O2):30.153	
O1):-0.736	O2):34.767	
O1):-0.767	O2):37.569	
O1):-0.731	O2):34.819	
O1):-0.824	O2):46.028	
O1):-0.819	O2):46.049	
O1):-0.777	O2):39.718	
O1):-0.816	O2):45.275	
O1):-0.775	O2):40.098	
O1):-0.789	O2):40.146	
O1):-0.669	O2):29.617	
O1):-0.796	O2):41.169	
O1):-0.653	O2):29.088	
O1):-0.68	O2):30.129	
O1):-0.789	O2):43.172	
O1):-0.68	O2):30.129	
O1):-0.796	O2):41.198	
O1):-0.819	O2):51.082	
O1):-0.806	O2):45.428	
O1):-0.813	O2):45.288	
O1):-0.844	O2):50.266	
O1):-0.846	O2):50.581	
O1):-0.844	O2):50.266	
O1):-0.844	O2):50.266	
O1):-0.797	O2):43.705	
O1):-0.722	O2):33.768	
O1):-0.828	O2):46.709	
O1):-0.661	O2):29.072	
O1):-0.657	O2):29.336	
O1):-0.653	O2):29.088	
O1):-0.675	O2):29.706	
O1):-0.742	O2):35.756	
O1):-0.773	O2):39.063	
O1):-0.769	O2):39.51	
O1):-0.847	O2):50.824	
O1):-0.773	O2):40.446	
O1):-0.686	O2):33.022	
O1):-0.793	O2):43.133	
O1):-0.791	O2):40.503	
O1):-0.723	O2):33.74	
O1):-0.75	O2):36.682	
O1):-0.771	O2):38.711	
O1):-0.689	O2):33.666	
O1):-0.704	O2):33.399	
O1):-0.816	O2):45.254	
O1):-0.795	O2):43.057	
O1):-0.867	O2):55.844	
O1):-0.798	O2):43.576	
O1):-0.799	O2):43.563	
O1):-0.671	O2):30.093	
O1):-0.773	O2):38.87	
O1):-0.743	O2):34.749	
O1):-0.769	O2):38.658	
O1):-0.762	O2):36.213	
O1):-0.744	O2):35.436	
O1):-0.848	O2):50.826	
O1):-0.777	O2):39.41	
O1):-0.773	O2):39.021	
O1):-0.717	O2):34.713	
O1):-0.791	O2):40.473	
O1):-0.722	O2):33.516	
O1):-0.789	O2):40.084	
O1):-0.777	O2):39.404	
O1):-0.819	O2):46.003	
O1):-0.776	O2):39.355	
O1):-0.724	O2):33.95	
O1):-0.792	O2):40.793	
O1):-0.823	O2):45.761	
O1):-0.766	O2):40.92	
O1):-0.825	O2):45.928	
O1):-0.702	O2):33.174	
O1):-0.794	O2):41.145	
O1):-0.747	O2):35.419	
O1):-0.741	O2):34.559	
O1):-0.735	O2):34.316	
O1):-0.742	O2):39.217	
O1):-0.675	O2):29.706	
O1):-0.833	O2):50.336	
O1):-0.721	O2):35.227	
O1):-0.823	O2):45.699	
O1):-0.681	O2):30.389	
O1):-0.75	O2):36.634	
O1):-0.792	O2):40.515	
O1):-0.744	O2):34.889	
O1):-0.794	O2):41.161	
O1):-0.788	O2):39.972	
O1):-0.823	O2):45.699	
O1):-0.826	O2):46.055	
O1):-0.861	O2):56.529	
O1):-0.73	O2):34.023	
O1):-0.763	O2):38.29	
O1):-0.829	O2):46.881	
O1):-0.85	O2):50.79	
O1):-0.853	O2):51.831	
O1):-0.742	O2):36.087	
O1):-0.825	O2):46.312	
O1):-0.743	O2):34.856	
O1):-0.75	O2):36.654	
O1):-0.807	O2):45.72	
O1):-0.651	O2):28.787	
O1):-0.762	O2):39.911	
O1):-0.73	O2):34.121	
O1):-0.771	O2):38.7	
O1):-0.841	O2):50.669	
O1):-0.743	O2):35.431	
O1):-0.741	O2):35.057	
O1):-0.792	O2):40.512	
O1):-0.762	O2):36.213	
O1):-0.726	O2):34.214	
O1):-0.743	O2):36.137	
O1):-0.748	O2):36.057	
O1):-0.807	O2):45.104	
O1):-0.798	O2):43.908	
O1):-0.777	O2):39.484	
Evaluations:	3900
O1):-0.667	O2):29.553	
O1):-0.763	O2):36.404	
O1):-0.761	O2):35.995	
O1):-0.723	O2):34.015	
O1):-0.742	O2):34.495	
O1):-0.816	O2):45.275	
Evaluations:	3800
O1):-0.854	O2):59.622	
O1):-0.827	O2):46.243	
O1):-0.795	O2):41.091	
O1):-0.773	O2):39.058	
O1):-0.802	O2):44.794	
O1):-0.798	O2):43.635	
O1):-0.836	O2):50.995	
O1):-0.728	O2):34.472	
O1):-0.745	O2):35.154	
O1):-0.823	O2):45.782	
O1):-0.775	O2):39.407	
O1):-0.639	O2):29.197	
O1):-0.754	O2):37.347	
O1):-0.798	O2):43.517	
O1):-0.762	O2):36.213	
O1):-0.793	O2):40.706	
O1):-0.705	O2):33.478	
O1):-0.777	O2):39.481	
O1):-0.69	O2):35.359	
O1):-0.672	O2):29.651	
O1):-0.847	O2):50.824	
O1):-0.712	O2):33.421	
O1):-0.752	O2):37.989	
O1):-0.658	O2):29.488	
O1):-0.8	O2):43.844	
O1):-0.774	O2):40.888	
O1):-0.818	O2):45.223	
O1):-0.774	O2):39.066	
O1):-0.653	O2):29.088	
O1):-0.823	O2):45.675	
O1):-0.763	O2):38.278	
O1):-0.719	O2):35.39	
O1):-0.804	O2):45.22	
O1):-0.801	O2):44.95	
O1):-0.794	O2):40.943	
O1):-0.721	O2):35.286	
O1):-0.743	O2):34.811	
O1):-0.771	O2):38.7	
O1):-0.779	O2):39.689	
O1):-0.715	O2):35.836	
O1):-0.715	O2):35.836	
O1):-0.714	O2):33.466	
O1):-0.779	O2):39.689	
O1):-0.764	O2):38.404	
O1):-0.782	O2):40.096	
O1):-0.688	O2):31.227	
O1):-0.863	O2):56.859	
O1):-0.821	O2):50.173	
O1):-0.766	O2):36.896	
O1):-0.657	O2):29.336	
O1):-0.794	O2):40.866	
O1):-0.828	O2):50.014	
O1):-0.851	O2):50.853	
Starting PrismExecutor worker 2 on port 15072
Starting PrismExecutor worker 0 on port 15090
O1):-0.821	O2):45.562	
Connected worker 2 to port 15072
Connected worker 0 to port 15090
O1):-0.68	O2):30.157	
O1):-0.763	O2):36.582	
O1):-0.672	O2):30.728	
O1):-0.8	O2):43.969	
O1):-0.755	O2):38.229	
O1):-0.79	O2):40.265	
O1):-0.731	O2):34.03	
O1):-0.779	O2):39.74	
O1):-0.743	O2):35.425	
O1):-0.827	O2):46.243	
O1):-0.797	O2):41.878	
O1):-0.703	O2):33.316	
O1):-0.851	O2):51.324	
O1):-0.771	O2):38.806	
O1):-0.854	O2):55.687	
O1):-0.794	O2):40.934	
O1):-0.735	O2):35.088	
O1):-0.773	O2):39.001	
O1):-0.737	O2):35.294	
O1):-0.73	O2):34.621	
O1):-0.657	O2):29.389	
O1):-0.788	O2):45.248	
O1):-0.814	O2):44.969	
O1):-0.75	O2):36.634	
O1):-0.7	O2):33.229	
O1):-0.772	O2):38.729	
O1):-0.772	O2):38.729	
O1):-0.723	O2):33.74	
O1):-0.767	O2):38.965	
O1):-0.769	O2):38.327	
O1):-0.809	O2):45.528	
O1):-0.692	O2):31.159	
O1):-0.824	O2):46.094	
O1):-0.743	O2):34.811	
O1):-0.774	O2):39.34	
O1):-0.764	O2):36.612	
O1):-0.779	O2):39.929	
O1):-0.778	O2):39.755	
O1):-0.692	O2):31.159	
O1):-0.801	O2):44.273	
O1):-0.657	O2):29.336	
O1):-0.744	O2):35.436	
O1):-0.805	O2):45.256	
O1):-0.85	O2):50.748	
O1):-0.842	O2):49.987	
O1):-0.782	O2):39.955	
O1):-0.746	O2):35.98	
O1):-0.778	O2):39.658	
O1):-0.799	O2):43.847	
O1):-0.658	O2):29.409	
O1):-0.819	O2):46.42	
O1):-0.783	O2):40.208	
O1):-0.73	O2):34.601	
O1):-0.805	O2):45.197	
O1):-0.772	O2):38.804	
O1):-0.851	O2):51.324	
O1):-0.796	O2):41.198	
O1):-0.764	O2):36.669	
O1):-0.765	O2):41.39	
O1):-0.812	O2):45.196	
O1):-0.658	O2):29.409	
O1):-0.796	O2):41.198	
O1):-0.849	O2):50.533	
O1):-0.792	O2):40.729	
O1):-0.692	O2):31.159	
O1):-0.716	O2):33.667	
O1):-0.804	O2):45.152	
O1):-0.762	O2):38.332	
O1):-0.745	O2):35.038	
O1):-0.674	O2):29.694	
O1):-0.823	O2):45.782	
O1):-0.749	O2):35.715	
O1):-0.795	O2):43.08	
O1):-0.771	O2):38.635	
O1):-0.79	O2):40.408	
O1):-0.748	O2):38.089	
O1):-0.835	O2):50.667	
O1):-0.754	O2):35.898	
O1):-0.79	O2):43.639	
O1):-0.652	O2):29.041	
O1):-0.702	O2):33.156	
O1):-0.747	O2):35.419	
O1):-0.722	O2):33.666	
O1):-0.721	O2):33.388	
O1):-0.763	O2):40.874	
O1):-0.792	O2):40.729	
O1):-0.694	O2):33.167	
O1):-0.661	O2):29.025	
O1):-0.829	O2):46.881	
O1):-0.742	O2):34.816	
O1):-0.8	O2):43.969	
O1):-0.732	O2):35.218	
O1):-0.724	O2):33.95	
O1):-0.748	O2):36.196	
O1):-0.819	O2):46.162	
O1):-0.769	O2):39.292	
O1):-0.719	O2):33.554	
O1):-0.652	O2):29.041	
O1):-0.682	O2):30.176	
O1):-0.805	O2):45.008	
O1):-0.795	O2):41.474	
O1):-0.775	O2):41.007	
O1):-0.849	O2):50.814	
O1):-0.806	O2):44.843	
O1):-0.789	O2):44.645	
O1):-0.723	O2):33.695	
O1):-0.823	O2):49.332	
O1):-0.777	O2):39.411	
O1):-0.727	O2):34.762	
O1):-0.717	O2):34.49	
O1):-0.825	O2):45.976	
O1):-0.769	O2):38.658	
O1):-0.724	O2):33.775	
O1):-0.747	O2):35.419	
O1):-0.758	O2):39.487	
O1):-0.821	O2):45.325	
O1):-0.663	O2):29.3	
O1):-0.8	O2):43.969	
O1):-0.754	O2):39.852	
O1):-0.798	O2):44.202	
O1):-0.753	O2):37.206	
O1):-0.801	O2):44.254	
O1):-0.847	O2):50.432	
O1):-0.792	O2):40.515	
O1):-0.775	O2):39.991	
O1):-0.85	O2):51.085	
O1):-0.845	O2):50.407	
O1):-0.847	O2):50.824	
O1):-0.832	O2):50.267	
O1):-0.668	O2):28.883	
O1):-0.806	O2):45.363	
O1):-0.827	O2):46.243	
O1):-0.803	O2):44.973	
O1):-0.805	O2):46.238	
O1):-0.77	O2):38.514	
O1):-0.674	O2):29.694	
O1):-0.793	O2):41.719	
O1):-0.795	O2):41.117	
O1):-0.792	O2):40.504	
O1):-0.795	O2):43.057	
Evaluations:	3500
O1):-0.791	O2):40.417	
O1):-0.795	O2):41.076	
O1):-0.72	O2):35.49	
O1):-0.832	O2):50.268	
O1):-0.718	O2):35.299	
O1):-0.774	O2):39.276	
O1):-0.824	O2):46.094	
O1):-0.762	O2):39.903	
O1):-0.727	O2):34.362	
O1):-0.763	O2):36.32	
O1):-0.711	O2):34.011	
O1):-0.669	O2):29.091	
O1):-0.8	O2):43.977	
O1):-0.768	O2):38.484	
O1):-0.764	O2):36.528	
O1):-0.679	O2):30.124	
O1):-0.778	O2):39.749	
O1):-0.681	O2):30.159	
O1):-0.812	O2):45.196	
O1):-0.714	O2):33.427	
O1):-0.795	O2):41.6	
O1):-0.779	O2):39.771	
O1):-0.767	O2):38.372	
O1):-0.79	O2):40.408	
O1):-0.705	O2):33.511	
O1):-0.849	O2):50.971	
O1):-0.8	O2):44.905	
O1):-0.77	O2):38.642	
O1):-0.741	O2):34.544	
O1):-0.766	O2):38.793	
O1):-0.822	O2):45.48	
O1):-0.848	O2):50.826	
O1):-0.793	O2):40.743	
O1):-0.798	O2):41.879	
O1):-0.681	O2):30.389	
O1):-0.784	O2):40.692	
O1):-0.715	O2):35.14	
O1):-0.79	O2):40.408	
O1):-0.688	O2):31.227	
O1):-0.795	O2):41.035	
O1):-0.775	O2):39.13	
O1):-0.723	O2):33.74	
O1):-0.795	O2):43.057	
O1):-0.671	O2):29.312	
O1):-0.656	O2):29.375	
O1):-0.764	O2):36.612	
O1):-0.734	O2):36.152	
O1):-0.705	O2):33.223	
O1):-0.663	O2):29.301	
O1):-0.726	O2):34.784	
O1):-0.69	O2):29.996	
O1):-0.723	O2):34.089	
O1):-0.861	O2):56.62	
O1):-0.688	O2):30.475	
O1):-0.799	O2):44.571	
O1):-0.792	O2):40.52	
O1):-0.71	O2):33.616	
O1):-0.769	O2):39.488	
O1):-0.752	O2):38.248	
O1):-0.848	O2):50.6	
Evaluations:	3200
O1):-0.767	O2):38.965	
O1):-0.712	O2):33.872	
O1):-0.714	O2):33.466	
O1):-0.75	O2):36.682	
O1):-0.806	O2):45.365	
O1):-0.766	O2):36.896	
O1):-0.671	O2):30.093	
O1):-0.802	O2):44.44	
O1):-0.774	O2):39.118	
O1):-0.724	O2):33.775	
O1):-0.729	O2):34.64	
O1):-0.795	O2):41.035	
O1):-0.728	O2):34.422	
O1):-0.826	O2):46.062	
O1):-0.742	O2):34.494	
O1):-0.814	O2):44.969	
O1):-0.813	O2):45.353	
O1):-0.73	O2):34.597	
O1):-0.734	O2):34.9	
O1):-0.687	O2):30.909	
O1):-0.696	O2):31.293	
O1):-0.742	O2):34.565	
O1):-0.712	O2):33.269	
O1):-0.747	O2):39.194	
O1):-0.796	O2):41.198	
O1):-0.802	O2):46.19	
O1):-0.735	O2):35.088	
O1):-0.826	O2):46.361	
O1):-0.721	O2):33.509	
O1):-0.715	O2):33.694	
O1):-0.692	O2):30.948	
O1):-0.845	O2):50.485	
O1):-0.807	O2):45.1	
O1):-0.754	O2):36.049	
O1):-0.639	O2):29.188	
O1):-0.748	O2):35.392	
O1):-0.777	O2):39.718	
O1):-0.823	O2):45.821	
O1):-0.763	O2):36.32	
O1):-0.766	O2):38.793	
O1):-0.763	O2):36.32	
O1):-0.697	O2):35.394	
O1):-0.813	O2):45.329	
O1):-0.801	O2):43.916	
O1):-0.851	O2):51.098	
O1):-0.804	O2):45.22	
O1):-0.775	O2):39.3	
O1):-0.734	O2):35.481	
O1):-0.669	O2):29.091	
O1):-0.779	O2):39.771	
O1):-0.759	O2):40.33	
O1):-0.795	O2):41.12	
O1):-0.827	O2):46.692	
O1):-0.747	O2):37.703	
O1):-0.746	O2):35.76	
O1):-0.725	O2):34.189	
O1):-0.768	O2):38.286	
O1):-0.772	O2):38.738	
O1):-0.754	O2):38.503	
O1):-0.821	O2):45.64	
O1):-0.764	O2):36.524	
O1):-0.78	O2):40.962	
O1):-0.747	O2):35.934	
O1):-0.824	O2):45.891	
O1):-0.714	O2):33.466	
O1):-0.792	O2):40.504	
O1):-0.733	O2):36.052	
O1):-0.78	O2):40.966	
O1):-0.669	O2):29.091	
O1):-0.795	O2):43.057	
O1):-0.714	O2):33.507	
O1):-0.85	O2):50.748	
O1):-0.782	O2):39.967	
O1):-0.807	O2):45.104	
O1):-0.714	O2):33.507	
O1):-0.781	O2):45.324	
O1):-0.822	O2):45.64	
O1):-0.777	O2):39.379	
O1):-0.828	O2):46.709	
O1):-0.749	O2):37.603	
O1):-0.727	O2):34.362	
O1):-0.779	O2):39.771	
O1):-0.747	O2):35.419	
O1):-0.752	O2):37.989	
O1):-0.774	O2):39.052	
O1):-0.763	O2):36.404	
O1):-0.755	O2):38.229	
O1):-0.797	O2):41.975	
O1):-0.77	O2):38.642	
O1):-0.778	O2):39.675	
O1):-0.849	O2):50.868	
O1):-0.749	O2):35.715	
O1):-0.842	O2):49.987	
O1):-0.794	O2):40.825	
O1):-0.741	O2):35.057	
O1):-0.853	O2):51.274	
O1):-0.755	O2):38.229	
O1):-0.72	O2):35.49	
O1):-0.769	O2):39.51	
O1):-0.724	O2):33.95	
O1):-0.745	O2):35.154	
O1):-0.671	O2):29.326	
O1):-0.763	O2):38.279	
O1):-0.853	O2):51.831	
O1):-0.75	O2):36.682	
O1):-0.764	O2):36.996	
O1):-0.777	O2):39.719	
O1):-0.734	O2):36.064	
O1):-0.853	O2):55.364	
O1):-0.792	O2):40.568	
O1):-0.673	O2):29.671	
O1):-0.734	O2):34.9	
O1):-0.775	O2):39.13	
O1):-0.823	O2):45.765	
O1):-0.779	O2):40.381	
O1):-0.798	O2):43.476	
O1):-0.791	O2):40.416	
O1):-0.71	O2):33.751	
O1):-0.741	O2):35.057	
O1):-0.725	O2):34.618	
O1):-0.825	O2):46.005	
O1):-0.79	O2):40.299	
O1):-0.808	O2):45.539	
O1):-0.817	O2):45.071	
O1):-0.722	O2):33.695	
O1):-0.778	O2):41.608	
O1):-0.745	O2):37.744	
O1):-0.781	O2):40.076	
O1):-0.783	O2):42.75	
O1):-0.829	O2):46.881	
O1):-0.793	O2):40.753	
O1):-0.724	O2):34.049	
O1):-0.66	O2):29.384	
O1):-0.778	O2):39.568	
O1):-0.825	O2):45.976	
O1):-0.784	O2):40.391	
O1):-0.703	O2):33.245	
O1):-0.731	O2):34.819	
O1):-0.798	O2):42.061	
O1):-0.791	O2):40.514	
O1):-0.828	O2):46.566	
O1):-0.836	O2):50.995	
O1):-0.796	O2):43.218	
O1):-0.863	O2):56.859	
O1):-0.717	O2):33.346	
Evaluations:	3700
O1):-0.639	O2):29.185	
O1):-0.774	O2):39.052	
O1):-0.775	O2):39.377	
O1):-0.827	O2):46.174	
O1):-0.764	O2):36.612	
Starting PrismExecutor worker 2 on port 15082
O1):-0.791	O2):40.514	
O1):-0.83	O2):50.575	
Connected worker 2 to port 15082
O1):-0.721	O2):33.388	
O1):-0.715	O2):33.631	
O1):-0.712	O2):35.716	
O1):-0.822	O2):45.478	
O1):-0.824	O2):45.995	
O1):-0.826	O2):46.055	
O1):-0.79	O2):40.289	
O1):-0.707	O2):33.644	
O1):-0.847	O2):50.848	
O1):-0.735	O2):34.316	
O1):-0.776	O2):39.433	
O1):-0.704	O2):33.418	
O1):-0.658	O2):29.488	
O1):-0.784	O2):40.692	
O1):-0.795	O2):41.035	
O1):-0.764	O2):38.405	
O1):-0.772	O2):38.674	
O1):-0.796	O2):41.761	
O1):-0.822	O2):45.481	
O1):-0.775	O2):39.484	
O1):-0.636	O2):28.958	
O1):-0.741	O2):34.544	
O1):-0.686	O2):29.817	
O1):-0.707	O2):33.644	
O1):-0.797	O2):41.829	
O1):-0.772	O2):38.738	
O1):-0.725	O2):33.994	
O1):-0.793	O2):40.821	
O1):-0.767	O2):39.633	
O1):-0.742	O2):34.575	
O1):-0.769	O2):38.658	
O1):-0.749	O2):36.636	
O1):-0.825	O2):46.312	
O1):-0.791	O2):40.44	
O1):-0.769	O2):38.438	
O1):-0.673	O2):29.628	
O1):-0.754	O2):38.236	
O1):-0.773	O2):38.91	
O1):-0.786	O2):41.431	
O1):-0.735	O2):35.558	
O1):-0.808	O2):45.796	
O1):-0.817	O2):45.559	
O1):-0.747	O2):35.389	
O1):-0.743	O2):36.172	
O1):-0.823	O2):45.675	
O1):-0.662	O2):29.022	
O1):-0.731	O2):34.846	
O1):-0.734	O2):36.027	
O1):-0.775	O2):40.112	
O1):-0.815	O2):45.082	
O1):-0.765	O2):38.766	
O1):-0.681	O2):30.389	
O1):-0.851	O2):51.227	
O1):-0.73	O2):35.232	
O1):-0.852	O2):51.344	
O1):-0.762	O2):36.363	
O1):-0.728	O2):34.357	
O1):-0.792	O2):40.504	
O1):-0.77	O2):38.41	
O1):-0.795	O2):41.091	
O1):-0.798	O2):44.202	
O1):-0.813	O2):45.353	
Evaluations:	3300
O1):-0.77	O2):38.539	
O1):-0.805	O2):45.256	
O1):-0.78	O2):40.583	
O1):-0.795	O2):43.071	
O1):-0.765	O2):39.68	
O1):-0.847	O2):50.224	
O1):-0.745	O2):35.038	
O1):-0.673	O2):29.671	
O1):-0.792	O2):41.436	
O1):-0.749	O2):37.943	
O1):-0.731	O2):34.715	
O1):-0.849	O2):50.869	
O1):-0.861	O2):56.529	
O1):-0.721	O2):34.015	
O1):-0.749	O2):35.841	
O1):-0.773	O2):40.234	
O1):-0.795	O2):41.735	
O1):-0.825	O2):45.952	
O1):-0.745	O2):35.653	
O1):-0.74	O2):35.691	
O1):-0.816	O2):45.585	
O1):-0.746	O2):35.76	
O1):-0.835	O2):50.667	
O1):-0.686	O2):29.817	
O1):-0.791	O2):40.441	
O1):-0.708	O2):35.639	
O1):-0.848	O2):50.604	
O1):-0.743	O2):34.811	
O1):-0.725	O2):34.189	
O1):-0.775	O2):39.255	
O1):-0.687	O2):30.909	
O1):-0.826	O2):46.062	
O1):-0.775	O2):39.366	
O1):-0.708	O2):33.332	
O1):-0.789	O2):40.09	
O1):-0.798	O2):43.635	
O1):-0.779	O2):39.795	
O1):-0.774	O2):39.086	
O1):-0.812	O2):45.959	
O1):-0.718	O2):34.014	
O1):-0.719	O2):33.554	
O1):-0.711	O2):33.267	
O1):-0.852	O2):51.547	
O1):-0.776	O2):41.074	
O1):-0.687	O2):34.653	
Evaluations:	3600
O1):-0.825	O2):46.043	
O1):-0.825	O2):45.872	
O1):-0.798	O2):44.248	
O1):-0.822	O2):45.633	
O1):-0.773	O2):39.001	
O1):-0.828	O2):46.49	
O1):-0.754	O2):36.049	
O1):-0.741	O2):35.091	
O1):-0.688	O2):31.065	
O1):-0.688	O2):31.227	
O1):-0.725	O2):33.954	
O1):-0.65	O2):28.785	
O1):-0.768	O2):38.509	
O1):-0.773	O2):38.87	
O1):-0.827	O2):50.46	
O1):-0.816	O2):45.536	
O1):-0.85	O2):50.999	
O1):-0.805	O2):45.198	
O1):-0.797	O2):41.975	
O1):-0.735	O2):34.316	
O1):-0.811	O2):48.813	
O1):-0.728	O2):34.422	
O1):-0.714	O2):33.427	
O1):-0.807	O2):45.142	
O1):-0.714	O2):33.427	
O1):-0.712	O2):36.249	
O1):-0.766	O2):36.896	
O1):-0.731	O2):34.174	
O1):-0.813	O2):45.0	
O1):-0.78	O2):40.583	
O1):-0.819	O2):45.191	
O1):-0.753	O2):40.667	
O1):-0.832	O2):50.247	
O1):-0.827	O2):46.226	
O1):-0.68	O2):30.326	
O1):-0.851	O2):51.097	
O1):-0.799	O2):43.562	
O1):-0.745	O2):35.739	
O1):-0.721	O2):34.01	
O1):-0.688	O2):30.476	
O1):-0.747	O2):35.21	
O1):-0.79	O2):40.265	
O1):-0.75	O2):36.682	
O1):-0.765	O2):39.515	
O1):-0.636	O2):28.958	
O1):-0.692	O2):31.159	
O1):-0.754	O2):37.347	
O1):-0.778	O2):39.568	
O1):-0.722	O2):33.695	
O1):-0.821	O2):45.325	
O1):-0.79	O2):40.225	
O1):-0.742	O2):35.756	
O1):-0.8	O2):44.905	
O1):-0.745	O2):35.154	
O1):-0.742	O2):35.411	
O1):-0.778	O2):40.264	
O1):-0.671	O2):29.312	
O1):-0.772	O2):38.715	
O1):-0.719	O2):33.554	
O1):-0.778	O2):39.568	
O1):-0.725	O2):33.994	
O1):-0.717	O2):33.346	
O1):-0.798	O2):41.879	
O1):-0.828	O2):46.938	
O1):-0.749	O2):37.603	
O1):-0.668	O2):28.881	
Starting PrismExecutor worker 4 on port 15064
O1):-0.813	O2):45.329	
Connected worker 4 to port 15064
O1):-0.724	O2):34.101	
O1):-0.658	O2):29.409	
O1):-0.821	O2):45.307	
O1):-0.774	O2):39.151	
O1):-0.639	O2):29.185	
O1):-0.768	O2):38.315	
O1):-0.744	O2):35.436	
O1):-0.798	O2):43.576	
O1):-0.724	O2):33.885	
O1):-0.796	O2):41.198	
O1):-0.851	O2):51.008	
O1):-0.793	O2):40.838	
O1):-0.685	O2):31.102	
O1):-0.823	O2):45.675	
O1):-0.754	O2):37.347	
O1):-0.775	O2):39.104	
O1):-0.717	O2):33.346	
O1):-0.77	O2):38.41	
O1):-0.776	O2):39.676	
O1):-0.69	O2):30.508	
O1):-0.795	O2):41.076	
O1):-0.79	O2):40.256	
O1):-0.796	O2):41.167	
O1):-0.713	O2):33.346	
O1):-0.717	O2):34.718	
O1):-0.743	O2):34.792	
O1):-0.769	O2):38.438	
O1):-0.726	O2):34.149	
O1):-0.813	O2):45.288	
O1):-0.851	O2):51.097	
O1):-0.752	O2):38.248	
O1):-0.693	O2):31.269	
O1):-0.728	O2):34.3	
O1):-0.662	O2):29.022	
O1):-0.811	O2):44.855	
O1):-0.793	O2):40.777	
O1):-0.723	O2):34.015	
O1):-0.795	O2):41.076	
O1):-0.825	O2):46.312	
O1):-0.777	O2):39.47	
O1):-0.745	O2):34.961	
O1):-0.772	O2):38.804	
O1):-0.799	O2):43.562	
O1):-0.735	O2):35.095	
O1):-0.754	O2):35.749	
O1):-0.847	O2):50.503	
O1):-0.816	O2):45.275	
O1):-0.702	O2):35.119	
O1):-0.777	O2):39.819	
O1):-0.85	O2):50.999	
O1):-0.685	O2):30.391	
O1):-0.772	O2):38.768	
O1):-0.745	O2):35.653	
O1):-0.763	O2):36.32	
O1):-0.708	O2):33.332	
O1):-0.68	O2):30.129	
O1):-0.833	O2):50.451	
O1):-0.727	O2):34.337	
O1):-0.791	O2):40.342	
O1):-0.754	O2):36.049	
O1):-0.658	O2):29.926	
O1):-0.774	O2):39.052	
O1):-0.779	O2):40.476	
O1):-0.792	O2):40.515	
O1):-0.68	O2):30.129	
O1):-0.717	O2):33.346	
O1):-0.757	O2):38.574	
O1):-0.774	O2):39.431	
O1):-0.824	O2):45.776	
O1):-0.763	O2):36.404	
O1):-0.8	O2):43.977	
O1):-0.712	O2):33.269	
O1):-0.725	O2):34.139	
O1):-0.755	O2):38.229	
O1):-0.661	O2):29.025	
O1):-0.677	O2):29.651	
O1):-0.706	O2):33.411	
O1):-0.795	O2):41.474	
O1):-0.72	O2):35.408	
O1):-0.724	O2):33.775	
O1):-0.826	O2):46.143	
O1):-0.816	O2):45.355	
O1):-0.806	O2):45.139	
O1):-0.791	O2):40.514	
O1):-0.826	O2):46.179	
O1):-0.817	O2):45.386	
O1):-0.73	O2):34.121	
O1):-0.747	O2):35.21	
O1):-0.692	O2):31.159	
O1):-0.782	O2):40.047	
O1):-0.763	O2):40.368	
O1):-0.824	O2):45.949	
O1):-0.714	O2):33.427	
O1):-0.75	O2):36.634	
O1):-0.671	O2):29.312	
O1):-0.823	O2):45.675	
O1):-0.764	O2):36.996	
O1):-0.854	O2):59.622	
O1):-0.782	O2):40.054	
O1):-0.851	O2):51.459	
O1):-0.688	O2):31.065	
O1):-0.785	O2):40.487	
O1):-0.775	O2):39.24	
O1):-0.723	O2):33.632	
O1):-0.849	O2):50.883	
O1):-0.753	O2):39.234	
O1):-0.796	O2):41.198	
O1):-0.728	O2):34.472	
O1):-0.762	O2):36.213	
O1):-0.673	O2):29.693	
O1):-0.77	O2):38.442	
O1):-0.826	O2):46.108	
O1):-0.825	O2):45.872	
O1):-0.779	O2):39.771	
O1):-0.775	O2):39.13	
O1):-0.774	O2):39.052	
O1):-0.796	O2):43.236	
O1):-0.776	O2):39.459	
O1):-0.736	O2):34.553	
O1):-0.669	O2):29.617	
O1):-0.831	O2):50.11	
O1):-0.751	O2):36.552	
O1):-0.774	O2):39.058	
O1):-0.669	O2):29.05	
O1):-0.771	O2):39.762	
O1):-0.677	O2):29.816	
O1):-0.86	O2):55.871	
O1):-0.836	O2):49.943	
O1):-0.79	O2):40.427	
O1):-0.806	O2):46.113	
O1):-0.789	O2):40.118	
O1):-0.814	O2):45.134	
O1):-0.748	O2):39.513	
O1):-0.795	O2):41.117	
O1):-0.705	O2):33.478	
O1):-0.774	O2):39.057	
O1):-0.816	O2):45.536	
O1):-0.705	O2):33.223	
O1):-0.728	O2):34.472	
O1):-0.79	O2):40.433	
O1):-0.726	O2):35.374	
O1):-0.752	O2):37.022	
O1):-0.828	O2):46.709	
O1):-0.664	O2):29.268	
O1):-0.68	O2):30.158	
O1):-0.851	O2):51.324	
O1):-0.688	O2):31.227	
O1):-0.832	O2):50.247	
O1):-0.762	O2):39.475	
O1):-0.65	O2):28.785	
O1):-0.802	O2):44.123	
O1):-0.79	O2):40.258	
O1):-0.729	O2):34.456	
O1):-0.699	O2):35.045	
O1):-0.772	O2):38.686	
O1):-0.852	O2):51.179	
O1):-0.778	O2):39.568	
O1):-0.813	O2):45.329	
O1):-0.653	O2):29.089	
O1):-0.847	O2):50.824	
O1):-0.747	O2):35.958	
O1):-0.792	O2):40.575	
O1):-0.714	O2):33.507	
O1):-0.82	O2):46.485	
O1):-0.774	O2):39.066	
O1):-0.768	O2):38.315	
O1):-0.827	O2):46.243	
O1):-0.823	O2):45.74	
O1):-0.761	O2):35.995	
O1):-0.792	O2):40.659	
O1):-0.749	O2):36.636	
O1):-0.731	O2):34.36	
O1):-0.775	O2):39.146	
O1):-0.658	O2):29.409	
O1):-0.763	O2):38.279	
O1):-0.73	O2):35.967	
O1):-0.779	O2):39.795	
O1):-0.815	O2):45.218	
O1):-0.735	O2):35.095	
O1):-0.765	O2):39.018	
O1):-0.77	O2):38.798	
O1):-0.829	O2):47.07	
O1):-0.725	O2):34.139	
O1):-0.664	O2):30.475	
Evaluations:	3000
O1):-0.711	O2):34.256	
O1):-0.801	O2):43.914	
O1):-0.797	O2):41.97	
O1):-0.777	O2):39.718	
O1):-0.636	O2):28.958	
O1):-0.744	O2):34.987	
O1):-0.805	O2):45.256	
Starting PrismExecutor worker 0 on port 15080
O1):-0.749	O2):35.434	
O1):-0.729	O2):34.521	
Connected worker 0 to port 15080
O1):-0.801	O2):44.799	
O1):-0.744	O2):35.436	
O1):-0.731	O2):34.36	
O1):-0.748	O2):36.073	
O1):-0.77	O2):38.442	
O1):-0.787	O2):44.573	
O1):-0.826	O2):46.235	
O1):-0.746	O2):35.34	
O1):-0.772	O2):38.738	
O1):-0.818	O2):45.223	
O1):-0.71	O2):34.064	
O1):-0.798	O2):44.202	
O1):-0.79	O2):40.408	
O1):-0.745	O2):35.074	
O1):-0.77	O2):38.539	
O1):-0.711	O2):33.267	
O1):-0.773	O2):38.964	
O1):-0.745	O2):35.069	
O1):-0.724	O2):34.101	
O1):-0.687	O2):34.653	
O1):-0.68	O2):30.129	
O1):-0.796	O2):41.169	
O1):-0.777	O2):39.47	
O1):-0.805	O2):45.008	
O1):-0.773	O2):38.87	
O1):-0.772	O2):38.853	
O1):-0.775	O2):39.148	
O1):-0.798	O2):41.879	
O1):-0.793	O2):40.806	
O1):-0.818	O2):46.075	
O1):-0.794	O2):40.884	
O1):-0.698	O2):33.091	
O1):-0.725	O2):33.994	
O1):-0.805	O2):45.198	
O1):-0.793	O2):43.133	
O1):-0.73	O2):34.121	
O1):-0.687	O2):34.653	
O1):-0.71	O2):33.501	
O1):-0.723	O2):33.69	
O1):-0.724	O2):33.865	
O1):-0.8	O2):44.905	
O1):-0.798	O2):43.576	
O1):-0.714	O2):33.507	
O1):-0.848	O2):50.826	
O1):-0.73	O2):35.222	
O1):-0.762	O2):40.899	
O1):-0.735	O2):35.095	
O1):-0.723	O2):33.69	
O1):-0.714	O2):33.507	
O1):-0.671	O2):29.312	
O1):-0.8	O2):43.977	
O1):-0.826	O2):46.369	
O1):-0.801	O2):44.017	
O1):-0.798	O2):43.476	
O1):-0.83	O2):50.575	
O1):-0.785	O2):40.52	
O1):-0.727	O2):34.4	
O1):-0.743	O2):36.172	
O1):-0.715	O2):33.694	
O1):-0.748	O2):36.057	
Evaluations:	3500
O1):-0.718	O2):33.371	
O1):-0.745	O2):35.074	
O1):-0.749	O2):36.636	
O1):-0.778	O2):40.781	
O1):-0.744	O2):34.889	
O1):-0.711	O2):33.834	
O1):-0.793	O2):40.768	
O1):-0.742	O2):34.712	
O1):-0.719	O2):33.465	
O1):-0.797	O2):41.829	
O1):-0.719	O2):33.554	
O1):-0.817	O2):45.386	
O1):-0.755	O2):38.229	
O1):-0.772	O2):38.823	
O1):-0.792	O2):43.901	
O1):-0.707	O2):33.252	
O1):-0.728	O2):34.472	
O1):-0.721	O2):33.388	
O1):-0.723	O2):33.74	
O1):-0.772	O2):38.729	
O1):-0.718	O2):34.014	
O1):-0.724	O2):33.867	
O1):-0.824	O2):45.937	
O1):-0.81	O2):52.975	
O1):-0.801	O2):43.913	
O1):-0.793	O2):40.904	
-------------------------------------------------
SOLUTIONS: 	100

Pareto Front and Pareto set saved at: data/ROBOT50_REP9/NSGAII/
Pareto Front: data/ROBOT50_REP9/NSGAII/ROBOT50_REP9_NSGAII_092731_080926_Front
Pareto Set: data/ROBOT50_REP9/NSGAII/ROBOT50_REP9_NSGAII_092731_080926_Set
O1):-0.744	O2):34.816	
O1):-0.741	O2):34.544	
O1):-0.651	O2):29.346	
O1):-0.731	O2):34.03	
Evaluations:	3500
O1):-0.72	O2):35.856	
O1):-0.825	O2):46.312	
O1):-0.824	O2):45.755	
O1):-0.775	O2):39.47	
O1):-0.861	O2):55.932	
O1):-0.69	O2):29.996	
O1):-0.657	O2):29.336	
O1):-0.794	O2):40.866	
O1):-0.712	O2):33.573	
O1):-0.657	O2):29.336	
O1):-0.685	O2):30.391	
O1):-0.737	O2):34.759	
O1):-0.794	O2):41.783	
O1):-0.766	O2):38.793	
O1):-0.654	O2):29.468	
O1):-0.768	O2):38.484	
O1):-0.735	O2):34.531	
O1):-0.723	O2):33.632	
O1):-0.736	O2):34.553	
O1):-0.749	O2):35.715	
O1):-0.771	O2):38.635	
O1):-0.721	O2):33.388	
O1):-0.772	O2):38.685	
O1):-0.824	O2):45.937	
O1):-0.793	O2):40.838	
O1):-0.686	O2):33.014	
O1):-0.801	O2):43.916	
O1):-0.717	O2):33.346	
O1):-0.742	O2):35.756	
O1):-0.723	O2):34.089	
O1):-0.744	O2):34.895	
O1):-0.686	O2):33.014	
O1):-0.725	O2):33.953	
O1):-0.776	O2):39.318	
O1):-0.735	O2):35.088	
O1):-0.752	O2):36.92	
O1):-0.828	O2):50.21	
O1):-0.791	O2):40.514	
O1):-0.852	O2):50.955	
O1):-0.853	O2):51.831	
O1):-0.798	O2):43.635	
O1):-0.796	O2):41.169	
O1):-0.768	O2):38.285	
O1):-0.807	O2):45.1	
O1):-0.791	O2):40.514	
O1):-0.822	O2):45.697	
O1):-0.82	O2):45.54	
O1):-0.794	O2):40.943	
O1):-0.745	O2):35.038	
O1):-0.777	O2):39.719	
O1):-0.794	O2):40.884	
O1):-0.657	O2):29.399	
O1):-0.821	O2):45.307	
O1):-0.825	O2):46.312	
O1):-0.824	O2):46.069	
O1):-0.748	O2):35.392	
O1):-0.797	O2):41.877	
O1):-0.657	O2):29.389	
O1):-0.683	O2):30.892	
O1):-0.745	O2):34.961	
O1):-0.806	O2):45.363	
O1):-0.811	O2):46.161	
Evaluations:	3900
O1):-0.682	O2):30.176	
O1):-0.747	O2):35.419	
O1):-0.768	O2):39.325	
O1):-0.724	O2):33.867	
O1):-0.861	O2):55.932	
O1):-0.752	O2):37.096	
O1):-0.777	O2):39.503	
O1):-0.769	O2):38.327	
O1):-0.774	O2):39.086	
O1):-0.85	O2):50.654	
O1):-0.692	O2):30.948	
O1):-0.685	O2):31.102	
O1):-0.724	O2):33.95	
O1):-0.723	O2):34.015	
O1):-0.739	O2):39.487	
O1):-0.849	O2):50.868	
O1):-0.789	O2):45.132	
O1):-0.805	O2):45.008	
O1):-0.796	O2):41.167	
O1):-0.779	O2):39.93	
O1):-0.772	O2):38.804	
O1):-0.848	O2):50.902	
O1):-0.792	O2):40.729	
O1):-0.742	O2):36.127	
O1):-0.747	O2):35.318	
O1):-0.794	O2):40.943	
O1):-0.834	O2):49.884	
O1):-0.702	O2):33.156	
O1):-0.849	O2):50.537	
O1):-0.662	O2):29.022	
O1):-0.673	O2):29.626	
O1):-0.749	O2):35.469	
O1):-0.795	O2):43.057	
O1):-0.777	O2):39.818	
O1):-0.772	O2):38.738	
O1):-0.705	O2):33.673	
O1):-0.792	O2):44.113	
O1):-0.776	O2):39.682	
O1):-0.786	O2):43.034	
O1):-0.777	O2):39.526	
O1):-0.791	O2):40.532	
O1):-0.805	O2):45.256	
O1):-0.795	O2):43.022	
O1):-0.66	O2):29.385	
O1):-0.738	O2):34.872	
O1):-0.798	O2):43.476	
O1):-0.713	O2):34.85	
O1):-0.718	O2):34.014	
O1):-0.849	O2):50.533	
O1):-0.767	O2):37.627	
O1):-0.735	O2):35.907	
O1):-0.794	O2):40.818	
O1):-0.741	O2):35.057	
O1):-0.745	O2):35.038	
O1):-0.766	O2):39.559	
O1):-0.826	O2):46.145	
O1):-0.849	O2):50.868	
O1):-0.742	O2):34.839	
O1):-0.671	O2):31.081	
O1):-0.801	O2):44.95	
O1):-0.768	O2):39.107	
O1):-0.743	O2):34.805	
O1):-0.784	O2):40.846	
O1):-0.756	O2):41.011	
O1):-0.749	O2):35.715	
O1):-0.679	O2):30.082	
O1):-0.778	O2):39.749	
O1):-0.679	O2):30.082	
O1):-0.828	O2):49.84	
O1):-0.772	O2):38.715	
O1):-0.799	O2):44.571	
O1):-0.762	O2):36.213	
O1):-0.748	O2):35.481	
O1):-0.771	O2):40.266	
O1):-0.826	O2):46.235	
O1):-0.79	O2):40.265	
O1):-0.779	O2):39.771	
O1):-0.763	O2):38.278	
O1):-0.696	O2):31.293	
O1):-0.815	O2):45.005	
O1):-0.796	O2):41.156	
O1):-0.799	O2):43.989	
O1):-0.804	O2):44.986	
O1):-0.782	O2):40.096	
O1):-0.772	O2):38.738	
O1):-0.791	O2):40.514	
O1):-0.789	O2):40.09	
O1):-0.778	O2):39.675	
O1):-0.821	O2):45.562	
O1):-0.792	O2):40.504	
O1):-0.774	O2):39.276	
O1):-0.849	O2):50.883	
O1):-0.708	O2):33.332	
O1):-0.772	O2):38.7	
O1):-0.773	O2):38.87	
O1):-0.807	O2):45.335	
O1):-0.712	O2):33.421	
O1):-0.761	O2):39.899	
O1):-0.84	O2):50.717	
O1):-0.662	O2):29.022	
O1):-0.825	O2):46.061	
O1):-0.636	O2):28.958	
O1):-0.657	O2):29.496	
O1):-0.81	O2):50.439	
O1):-0.721	O2):34.015	
O1):-0.796	O2):41.167	
O1):-0.829	O2):46.881	
O1):-0.773	O2):38.914	
O1):-0.782	O2):39.967	
O1):-0.772	O2):40.491	
O1):-0.824	O2):46.096	
O1):-0.831	O2):50.109	
O1):-0.687	O2):30.91	
O1):-0.774	O2):39.017	
O1):-0.843	O2):50.077	
O1):-0.656	O2):29.376	
O1):-0.784	O2):43.774	
O1):-0.822	O2):45.633	
O1):-0.688	O2):31.227	
O1):-0.826	O2):46.07	
O1):-0.8	O2):43.842	
O1):-0.825	O2):46.005	
O1):-0.746	O2):35.391	
O1):-0.734	O2):34.9	
O1):-0.794	O2):40.884	
O1):-0.851	O2):51.063	
O1):-0.688	O2):29.966	
O1):-0.733	O2):34.801	
O1):-0.795	O2):43.216	
O1):-0.689	O2):31.006	
O1):-0.794	O2):40.943	
O1):-0.747	O2):35.934	
O1):-0.805	O2):45.198	
O1):-0.763	O2):38.278	
O1):-0.8	O2):43.84	
O1):-0.688	O2):30.475	
O1):-0.823	O2):46.049	
O1):-0.763	O2):38.279	
O1):-0.774	O2):39.12	
O1):-0.77	O2):38.61	
O1):-0.847	O2):50.55	
O1):-0.798	O2):43.635	
O1):-0.824	O2):46.094	
O1):-0.775	O2):40.112	
O1):-0.791	O2):40.762	
O1):-0.745	O2):35.154	
O1):-0.67	O2):29.64	
O1):-0.741	O2):34.608	
O1):-0.767	O2):37.569	
O1):-0.792	O2):40.529	
O1):-0.774	O2):39.017	
O1):-0.773	O2):38.87	
O1):-0.742	O2):34.494	
O1):-0.654	O2):30.475	
O1):-0.826	O2):46.235	
O1):-0.822	O2):45.447	
O1):-0.826	O2):46.07	
O1):-0.689	O2):33.932	
O1):-0.723	O2):33.632	
O1):-0.803	O2):44.73	
O1):-0.795	O2):44.971	
O1):-0.799	O2):44.571	
O1):-0.736	O2):34.83	
O1):-0.849	O2):50.533	
O1):-0.703	O2):33.316	
O1):-0.847	O2):50.432	
O1):-0.671	O2):29.312	
O1):-0.658	O2):29.488	
O1):-0.722	O2):35.024	
O1):-0.742	O2):34.602	
O1):-0.806	O2):44.843	
O1):-0.767	O2):38.965	
O1):-0.792	O2):40.515	
O1):-0.792	O2):40.504	
O1):-0.764	O2):36.524	
O1):-0.677	O2):29.815	
O1):-0.721	O2):33.388	
O1):-0.775	O2):39.077	
O1):-0.795	O2):41.091	
O1):-0.682	O2):30.176	
O1):-0.827	O2):46.492	
O1):-0.829	O2):50.2	
O1):-0.727	O2):34.337	
O1):-0.742	O2):34.816	
O1):-0.776	O2):39.318	
O1):-0.821	O2):45.325	
O1):-0.77	O2):38.601	
O1):-0.798	O2):42.061	
O1):-0.77	O2):38.46	
O1):-0.764	O2):36.996	
O1):-0.725	O2):34.189	
O1):-0.753	O2):37.238	
O1):-0.793	O2):40.773	
O1):-0.851	O2):51.459	
O1):-0.728	O2):34.422	
O1):-0.778	O2):39.675	
O1):-0.77	O2):38.514	
O1):-0.798	O2):43.576	
O1):-0.747	O2):35.419	
O1):-0.808	O2):45.539	
O1):-0.775	O2):39.148	
O1):-0.776	O2):39.313	
O1):-0.801	O2):43.916	
O1):-0.656	O2):29.375	
O1):-0.764	O2):41.889	
O1):-0.793	O2):40.806	
O1):-0.727	O2):34.37	
O1):-0.741	O2):35.914	
O1):-0.671	O2):29.312	
O1):-0.848	O2):50.44	
O1):-0.707	O2):33.635	
O1):-0.766	O2):36.896	
O1):-0.808	O2):45.112	
O1):-0.777	O2):39.819	
O1):-0.771	O2):40.54	
O1):-0.773	O2):40.8	
O1):-0.792	O2):40.729	
O1):-0.731	O2):36.34	
O1):-0.794	O2):40.818	
O1):-0.744	O2):34.889	
O1):-0.815	O2):45.082	
O1):-0.794	O2):41.161	
O1):-0.765	O2):41.168	
O1):-0.77	O2):38.514	
O1):-0.765	O2):37.464	
O1):-0.721	O2):34.506	
O1):-0.774	O2):38.898	
O1):-0.773	O2):39.01	
O1):-0.815	O2):45.384	
O1):-0.771	O2):38.569	
O1):-0.795	O2):41.076	
O1):-0.8	O2):44.072	
O1):-0.682	O2):30.398	
O1):-0.827	O2):46.265	
O1):-0.726	O2):35.076	
O1):-0.828	O2):46.542	
O1):-0.754	O2):35.945	
O1):-0.698	O2):33.536	
O1):-0.776	O2):39.342	
O1):-0.778	O2):39.568	
O1):-0.796	O2):41.198	
O1):-0.789	O2):43.147	
O1):-0.73	O2):34.766	
O1):-0.681	O2):33.046	
O1):-0.703	O2):33.405	
O1):-0.792	O2):40.568	
O1):-0.685	O2):31.012	
O1):-0.669	O2):29.351	
Evaluations:	3600
O1):-0.756	O2):38.416	
O1):-0.775	O2):39.146	
O1):-0.778	O2):39.658	
O1):-0.773	O2):39.017	
O1):-0.743	O2):34.749	
O1):-0.819	O2):45.719	
O1):-0.728	O2):34.472	
O1):-0.796	O2):41.167	
O1):-0.821	O2):45.562	
O1):-0.799	O2):43.562	
O1):-0.801	O2):44.254	
O1):-0.747	O2):35.318	
O1):-0.8	O2):44.905	
O1):-0.745	O2):36.272	
O1):-0.76	O2):35.957	
O1):-0.776	O2):39.318	
O1):-0.769	O2):38.436	
O1):-0.85	O2):51.085	
O1):-0.803	O2):44.875	
O1):-0.69	O2):30.507	
O1):-0.823	O2):45.543	
O1):-0.743	O2):34.856	
O1):-0.772	O2):39.062	
O1):-0.827	O2):46.243	
O1):-0.787	O2):40.748	
O1):-0.746	O2):37.939	
O1):-0.716	O2):33.653	
O1):-0.729	O2):35.189	
O1):-0.778	O2):39.568	
O1):-0.767	O2):38.406	
O1):-0.712	O2):33.899	
O1):-0.786	O2):44.784	
O1):-0.849	O2):50.868	
O1):-0.8	O2):43.848	
O1):-0.777	O2):41.203	
O1):-0.827	O2):46.265	
O1):-0.765	O2):36.582	
O1):-0.745	O2):35.739	
O1):-0.761	O2):40.746	
O1):-0.791	O2):40.416	
O1):-0.754	O2):35.749	
O1):-0.792	O2):40.515	
O1):-0.764	O2):38.404	
O1):-0.765	O2):41.382	
O1):-0.792	O2):40.52	
O1):-0.762	O2):36.232	
O1):-0.721	O2):35.292	
O1):-0.774	O2):39.033	
O1):-0.817	O2):45.386	
O1):-0.743	O2):35.425	
O1):-0.777	O2):39.421	
O1):-0.733	O2):35.765	
O1):-0.79	O2):40.427	
O1):-0.744	O2):34.839	
O1):-0.812	O2):50.83	
O1):-0.826	O2):46.235	
O1):-0.777	O2):39.909	
O1):-0.716	O2):35.818	
O1):-0.708	O2):34.081	
O1):-0.734	O2):35.432	
O1):-0.73	O2):35.47	
O1):-0.723	O2):33.78	
O1):-0.806	O2):45.139	
O1):-0.734	O2):34.9	
O1):-0.744	O2):34.816	
O1):-0.798	O2):44.018	
O1):-0.696	O2):31.293	
O1):-0.794	O2):40.884	
O1):-0.801	O2):44.017	
O1):-0.731	O2):34.174	
O1):-0.717	O2):33.346	
O1):-0.772	O2):38.738	
O1):-0.707	O2):35.13	
O1):-0.723	O2):33.632	
O1):-0.77	O2):38.642	
O1):-0.661	O2):29.022	
O1):-0.707	O2):33.37	
O1):-0.826	O2):46.297	
O1):-0.77	O2):38.41	
O1):-0.766	O2):37.567	
O1):-0.794	O2):44.418	
O1):-0.793	O2):40.773	
O1):-0.657	O2):29.388	
O1):-0.722	O2):33.666	
O1):-0.745	O2):35.154	
O1):-0.74	O2):35.691	
O1):-0.742	O2):34.602	
O1):-0.797	O2):41.977	
O1):-0.726	O2):34.618	
O1):-0.727	O2):34.362	
O1):-0.776	O2):39.313	
O1):-0.849	O2):50.868	
O1):-0.792	O2):40.519	
O1):-0.686	O2):30.162	
O1):-0.744	O2):35.019	
O1):-0.733	O2):34.801	
Evaluations:	3300
O1):-0.799	O2):43.989	
O1):-0.817	O2):45.786	
O1):-0.819	O2):45.191	
O1):-0.736	O2):34.553	
O1):-0.799	O2):44.261	
O1):-0.784	O2):40.692	
O1):-0.751	O2):36.829	
O1):-0.805	O2):45.198	
O1):-0.738	O2):34.872	
O1):-0.75	O2):37.748	
O1):-0.748	O2):36.121	
O1):-0.794	O2):40.943	
O1):-0.8	O2):44.072	
O1):-0.712	O2):33.573	
O1):-0.788	O2):39.966	
O1):-0.768	O2):38.285	
O1):-0.669	O2):29.091	
O1):-0.749	O2):35.434	
O1):-0.797	O2):43.267	
O1):-0.715	O2):35.14	
O1):-0.687	O2):30.968	
O1):-0.735	O2):34.315	
O1):-0.724	O2):33.951	
O1):-0.728	O2):34.472	
O1):-0.719	O2):33.554	
O1):-0.744	O2):34.889	
O1):-0.688	O2):29.966	
O1):-0.744	O2):34.816	
O1):-0.702	O2):33.174	
O1):-0.722	O2):33.516	
O1):-0.775	O2):40.022	
O1):-0.764	O2):38.405	
O1):-0.851	O2):51.459	
O1):-0.772	O2):38.791	
O1):-0.749	O2):39.247	
O1):-0.794	O2):40.884	
O1):-0.715	O2):33.628	
O1):-0.657	O2):29.336	
O1):-0.764	O2):36.524	
O1):-0.798	O2):41.879	
O1):-0.836	O2):50.995	
O1):-0.713	O2):33.883	
O1):-0.682	O2):30.176	
O1):-0.826	O2):46.149	
O1):-0.762	O2):40.095	
O1):-0.772	O2):40.928	
O1):-0.721	O2):33.388	
O1):-0.731	O2):34.174	
O1):-0.685	O2):29.943	
O1):-0.712	O2):33.422	
O1):-0.746	O2):37.585	
O1):-0.712	O2):34.009	
O1):-0.705	O2):33.478	
O1):-0.85	O2):50.653	
O1):-0.705	O2):33.478	
O1):-0.768	O2):38.305	
O1):-0.723	O2):33.758	
O1):-0.722	O2):33.666	
O1):-0.796	O2):41.761	
O1):-0.836	O2):50.995	
O1):-0.774	O2):39.066	
O1):-0.669	O2):29.05	
O1):-0.844	O2):50.266	
O1):-0.82	O2):45.873	
O1):-0.772	O2):38.791	
O1):-0.728	O2):34.422	
O1):-0.777	O2):39.629	
O1):-0.688	O2):29.968	
O1):-0.776	O2):39.316	
O1):-0.777	O2):39.697	
Evaluations:	3800
O1):-0.772	O2):38.738	
O1):-0.825	O2):46.005	
O1):-0.774	O2):39.057	
O1):-0.835	O2):50.667	
O1):-0.694	O2):33.167	
O1):-0.674	O2):29.624	
O1):-0.799	O2):43.562	
O1):-0.854	O2):55.687	
O1):-0.636	O2):28.958	
O1):-0.745	O2):35.074	
O1):-0.803	O2):44.73	
O1):-0.763	O2):38.279	
O1):-0.679	O2):30.082	
O1):-0.836	O2):50.034	
O1):-0.746	O2):35.778	
O1):-0.793	O2):40.743	
O1):-0.821	O2):45.528	
O1):-0.776	O2):39.439	
O1):-0.75	O2):36.634	
O1):-0.796	O2):41.759	
O1):-0.746	O2):35.391	
O1):-0.694	O2):33.167	
O1):-0.802	O2):44.119	
O1):-0.653	O2):29.088	
O1):-0.724	O2):33.865	
O1):-0.756	O2):41.206	
O1):-0.702	O2):33.175	
O1):-0.725	O2):33.905	
O1):-0.835	O2):50.667	
O1):-0.772	O2):38.687	
O1):-0.8	O2):43.842	
O1):-0.829	O2):50.2	
O1):-0.778	O2):39.658	
O1):-0.85	O2):50.654	
O1):-0.735	O2):34.316	
O1):-0.815	O2):45.524	
O1):-0.673	O2):29.671	
O1):-0.778	O2):39.658	
O1):-0.74	O2):35.691	
O1):-0.79	O2):40.265	
O1):-0.794	O2):43.003	
O1):-0.798	O2):43.554	
O1):-0.658	O2):29.409	
O1):-0.763	O2):36.582	
O1):-0.711	O2):33.834	
O1):-0.823	O2):45.663	
O1):-0.764	O2):38.361	
O1):-0.766	O2):36.896	
O1):-0.821	O2):45.562	
O1):-0.835	O2):50.667	
O1):-0.77	O2):38.539	
O1):-0.771	O2):38.59	
O1):-0.761	O2):35.903	
O1):-0.662	O2):29.022	
O1):-0.769	O2):38.438	
O1):-0.761	O2):35.995	
Evaluations:	3700
O1):-0.791	O2):40.545	
O1):-0.824	O2):45.74	
O1):-0.752	O2):36.997	
O1):-0.726	O2):34.214	
O1):-0.747	O2):35.419	
O1):-0.658	O2):29.488	
O1):-0.838	O2):50.789	
O1):-0.794	O2):40.818	
O1):-0.79	O2):40.299	
O1):-0.832	O2):50.267	
O1):-0.8	O2):43.842	
O1):-0.688	O2):31.065	
O1):-0.772	O2):40.38	
O1):-0.8	O2):43.842	
O1):-0.818	O2):45.662	
O1):-0.756	O2):38.416	
O1):-0.718	O2):35.299	
O1):-0.775	O2):39.146	
O1):-0.8	O2):43.848	
O1):-0.74	O2):35.691	
O1):-0.792	O2):40.895	
O1):-0.795	O2):41.474	
O1):-0.724	O2):35.449	
O1):-0.763	O2):39.623	
O1):-0.801	O2):44.254	
O1):-0.798	O2):43.517	
O1):-0.77	O2):38.442	
O1):-0.799	O2):43.562	
O1):-0.794	O2):40.866	
O1):-0.772	O2):38.674	
O1):-0.78	O2):40.874	
O1):-0.724	O2):35.786	
O1):-0.85	O2):50.748	
O1):-0.77	O2):38.602	
O1):-0.793	O2):40.806	
O1):-0.672	O2):30.728	
O1):-0.72	O2):35.49	
O1):-0.669	O2):29.091	
O1):-0.798	O2):43.666	
O1):-0.801	O2):44.802	
O1):-0.671	O2):29.348	
O1):-0.728	O2):34.472	
O1):-0.771	O2):38.569	
O1):-0.826	O2):46.361	
O1):-0.794	O2):40.934	
O1):-0.829	O2):46.883	
O1):-0.797	O2):43.268	
O1):-0.845	O2):50.527	
O1):-0.77	O2):38.514	
O1):-0.824	O2):45.776	
O1):-0.794	O2):41.161	
O1):-0.776	O2):39.313	
O1):-0.745	O2):35.154	
O1):-0.791	O2):40.504	
O1):-0.792	O2):45.428	
O1):-0.658	O2):29.409	
O1):-0.788	O2):40.1	
O1):-0.677	O2):29.651	
O1):-0.798	O2):43.483	
O1):-0.724	O2):33.995	
O1):-0.745	O2):35.074	
O1):-0.802	O2):45.248	
O1):-0.804	O2):45.152	
O1):-0.761	O2):35.995	
O1):-0.773	O2):38.914	
O1):-0.829	O2):50.2	
O1):-0.794	O2):40.943	
O1):-0.74	O2):35.797	
O1):-0.776	O2):39.358	
Evaluations:	3400
O1):-0.775	O2):40.582	
O1):-0.775	O2):39.077	
O1):-0.761	O2):35.995	
O1):-0.766	O2):38.793	
O1):-0.761	O2):35.995	
O1):-0.79	O2):40.256	
O1):-0.792	O2):40.565	
O1):-0.661	O2):29.026	
O1):-0.711	O2):33.834	
O1):-0.764	O2):38.404	
O1):-0.795	O2):43.058	
O1):-0.776	O2):39.453	
O1):-0.744	O2):35.018	
O1):-0.795	O2):43.889	
O1):-0.774	O2):39.058	
O1):-0.725	O2):33.905	
O1):-0.769	O2):38.438	
O1):-0.829	O2):50.2	
O1):-0.766	O2):36.905	
O1):-0.755	O2):38.229	
O1):-0.799	O2):43.562	
O1):-0.732	O2):34.604	
O1):-0.828	O2):46.709	
O1):-0.782	O2):40.096	
O1):-0.734	O2):34.9	
O1):-0.824	O2):45.934	
O1):-0.725	O2):34.714	
O1):-0.789	O2):43.147	
O1):-0.747	O2):35.318	
O1):-0.746	O2):35.164	
O1):-0.79	O2):40.299	
O1):-0.736	O2):34.135	
O1):-0.85	O2):51.129	
O1):-0.714	O2):33.507	
O1):-0.779	O2):39.74	
O1):-0.683	O2):30.879	
O1):-0.731	O2):34.705	
O1):-0.776	O2):39.313	
O1):-0.731	O2):34.03	
O1):-0.798	O2):42.061	
O1):-0.825	O2):46.016	
O1):-0.676	O2):29.803	
O1):-0.816	O2):45.423	
O1):-0.706	O2):33.664	
O1):-0.745	O2):36.476	
O1):-0.824	O2):45.84	
O1):-0.717	O2):34.877	
O1):-0.658	O2):29.926	
O1):-0.768	O2):38.315	
O1):-0.77	O2):38.42	
O1):-0.77	O2):38.42	
O1):-0.774	O2):39.276	
O1):-0.79	O2):40.243	
O1):-0.824	O2):46.094	
O1):-0.763	O2):36.469	
O1):-0.81	O2):46.097	
O1):-0.724	O2):33.775	
O1):-0.741	O2):34.608	
O1):-0.688	O2):30.968	
O1):-0.802	O2):44.794	
O1):-0.704	O2):33.17	
O1):-0.828	O2):46.709	
O1):-0.77	O2):39.679	
O1):-0.681	O2):30.389	
O1):-0.84	O2):50.717	
O1):-0.685	O2):31.012	
O1):-0.741	O2):34.633	
O1):-0.742	O2):34.565	
O1):-0.794	O2):40.818	
O1):-0.742	O2):34.494	
O1):-0.636	O2):28.958	
O1):-0.692	O2):30.948	
O1):-0.791	O2):40.532	
O1):-0.771	O2):38.635	
O1):-0.779	O2):39.74	
O1):-0.751	O2):36.552	
O1):-0.747	O2):35.419	
O1):-0.656	O2):29.375	
O1):-0.801	O2):44.254	
O1):-0.816	O2):45.423	
O1):-0.789	O2):40.09	
O1):-0.774	O2):39.11	
O1):-0.662	O2):29.022	
O1):-0.798	O2):43.554	
O1):-0.777	O2):39.481	
O1):-0.782	O2):40.096	
O1):-0.829	O2):50.2	
O1):-0.836	O2):50.995	
O1):-0.718	O2):34.014	
O1):-0.762	O2):36.213	
O1):-0.729	O2):34.108	
O1):-0.846	O2):50.581	
O1):-0.741	O2):35.057	
O1):-0.821	O2):45.325	
O1):-0.797	O2):41.97	
O1):-0.798	O2):44.202	
O1):-0.765	O2):38.766	
O1):-0.726	O2):35.074	
O1):-0.773	O2):38.928	
O1):-0.794	O2):40.955	
O1):-0.715	O2):33.694	
O1):-0.794	O2):41.145	
O1):-0.825	O2):45.872	
O1):-0.791	O2):40.472	
O1):-0.796	O2):41.198	
O1):-0.796	O2):43.192	
O1):-0.795	O2):41.035	
O1):-0.748	O2):36.121	
O1):-0.794	O2):40.869	
O1):-0.791	O2):40.44	
O1):-0.706	O2):33.411	
O1):-0.784	O2):40.692	
O1):-0.653	O2):29.088	
O1):-0.824	O2):45.732	
O1):-0.769	O2):38.658	
O1):-0.799	O2):43.562	
O1):-0.801	O2):44.254	
O1):-0.712	O2):34.569	
O1):-0.792	O2):40.653	
O1):-0.799	O2):44.571	
O1):-0.77	O2):38.442	
O1):-0.736	O2):34.83	
O1):-0.747	O2):35.934	
O1):-0.867	O2):55.844	
O1):-0.751	O2):36.736	
O1):-0.798	O2):43.476	
O1):-0.789	O2):40.132	
O1):-0.772	O2):38.706	
O1):-0.773	O2):39.038	
O1):-0.75	O2):38.573	
O1):-0.851	O2):51.063	
O1):-0.711	O2):33.267	
O1):-0.773	O2):39.372	
O1):-0.748	O2):36.121	
O1):-0.735	O2):34.316	
O1):-0.651	O2):29.346	
O1):-0.747	O2):35.934	
O1):-0.783	O2):40.838	
O1):-0.761	O2):35.995	
O1):-0.818	O2):45.223	
O1):-0.695	O2):35.037	
O1):-0.806	O2):45.369	
O1):-0.794	O2):40.943	
O1):-0.807	O2):45.335	
O1):-0.755	O2):36.052	
O1):-0.745	O2):34.961	
O1):-0.79	O2):40.281	
O1):-0.79	O2):40.256	
O1):-0.653	O2):29.088	
O1):-0.776	O2):39.637	
O1):-0.772	O2):39.06	
O1):-0.68	O2):30.326	
O1):-0.726	O2):34.149	
O1):-0.826	O2):46.235	
O1):-0.77	O2):38.539	
O1):-0.778	O2):41.608	
O1):-0.777	O2):39.481	
O1):-0.796	O2):43.192	
O1):-0.792	O2):40.52	
O1):-0.798	O2):43.476	
O1):-0.826	O2):49.926	
O1):-0.722	O2):36.427	
O1):-0.835	O2):50.667	
O1):-0.731	O2):35.365	
O1):-0.763	O2):38.263	
O1):-0.793	O2):40.743	
O1):-0.754	O2):37.347	
O1):-0.828	O2):46.542	
O1):-0.794	O2):41.145	
O1):-0.774	O2):39.164	
O1):-0.811	O2):44.855	
O1):-0.77	O2):38.539	
O1):-0.813	O2):48.303	
O1):-0.799	O2):43.562	
O1):-0.794	O2):41.145	
O1):-0.731	O2):34.819	
O1):-0.749	O2):35.715	
O1):-0.717	O2):33.346	
O1):-0.77	O2):38.442	
O1):-0.707	O2):33.635	
O1):-0.704	O2):33.399	
O1):-0.764	O2):38.458	
O1):-0.798	O2):42.061	
O1):-0.847	O2):50.432	
O1):-0.773	O2):38.915	
O1):-0.779	O2):39.771	
O1):-0.708	O2):33.332	
O1):-0.763	O2):36.582	
O1):-0.734	O2):34.9	
O1):-0.796	O2):41.167	
O1):-0.779	O2):39.74	
O1):-0.764	O2):36.996	
O1):-0.8	O2):44.072	
O1):-0.714	O2):33.507	
O1):-0.802	O2):44.119	
O1):-0.852	O2):55.289	
O1):-0.775	O2):39.148	
O1):-0.8	O2):43.849	
O1):-0.736	O2):36.858	
O1):-0.789	O2):40.09	
O1):-0.779	O2):41.004	
O1):-0.793	O2):41.113	
O1):-0.798	O2):43.576	
O1):-0.795	O2):41.474	
O1):-0.757	O2):40.18	
O1):-0.799	O2):44.289	
O1):-0.735	O2):35.829	
O1):-0.776	O2):39.318	
O1):-0.777	O2):39.915	
O1):-0.773	O2):38.928	
O1):-0.777	O2):39.457	
O1):-0.771	O2):38.687	
O1):-0.773	O2):39.005	
O1):-0.733	O2):34.753	
O1):-0.766	O2):38.793	
O1):-0.772	O2):38.791	
O1):-0.755	O2):38.229	
O1):-0.742	O2):34.565	
O1):-0.775	O2):40.098	
O1):-0.776	O2):39.318	
O1):-0.853	O2):55.364	
O1):-0.746	O2):35.482	
O1):-0.794	O2):40.874	
O1):-0.653	O2):29.088	
O1):-0.763	O2):36.32	
O1):-0.745	O2):35.019	
O1):-0.761	O2):36.051	
O1):-0.69	O2):29.997	
O1):-0.741	O2):35.97	
O1):-0.703	O2):33.405	
O1):-0.688	O2):29.966	
O1):-0.775	O2):40.39	
O1):-0.721	O2):34.255	
O1):-0.795	O2):41.076	
O1):-0.86	O2):55.871	
O1):-0.714	O2):33.467	
O1):-0.788	O2):40.211	
-------------------------------------------------
SOLUTIONS: 	100

Pareto Front and Pareto set saved at: data/ROBOT50_REP8/NSGAII/
Pareto Front: data/ROBOT50_REP8/NSGAII/ROBOT50_REP8_NSGAII_094309_080926_Front
Pareto Set: data/ROBOT50_REP8/NSGAII/ROBOT50_REP8_NSGAII_094309_080926_Set
O1):-0.816	O2):45.423	
O1):-0.795	O2):41.614	
O1):-0.707	O2):33.635	
O1):-0.671	O2):29.312	
O1):-0.828	O2):46.709	
O1):-0.828	O2):46.877	
O1):-0.744	O2):34.895	
O1):-0.817	O2):45.456	
O1):-0.808	O2):45.539	
O1):-0.819	O2):46.184	
O1):-0.753	O2):37.206	
O1):-0.763	O2):38.278	
O1):-0.811	O2):45.837	
O1):-0.828	O2):46.542	
O1):-0.762	O2):36.232	
O1):-0.686	O2):33.014	
O1):-0.79	O2):40.327	
O1):-0.748	O2):36.057	
Evaluations:	3600
Starting PrismExecutor worker 5 on port 15065
O1):-0.795	O2):43.424	
Connected worker 5 to port 15065
O1):-0.741	O2):34.608	
O1):-0.707	O2):33.696	
O1):-0.731	O2):34.174	
O1):-0.764	O2):38.769	
O1):-0.772	O2):38.831	
O1):-0.769	O2):38.658	
O1):-0.722	O2):33.666	
O1):-0.744	O2):40.176	
O1):-0.852	O2):50.955	
O1):-0.802	O2):44.119	
O1):-0.774	O2):39.066	
O1):-0.795	O2):41.12	
O1):-0.745	O2):35.139	
O1):-0.827	O2):46.243	
O1):-0.778	O2):40.322	
O1):-0.771	O2):38.727	
O1):-0.763	O2):40.554	
O1):-0.762	O2):36.363	
O1):-0.771	O2):40.156	
O1):-0.782	O2):39.966	
O1):-0.738	O2):34.872	
O1):-0.686	O2):33.014	
O1):-0.825	O2):45.976	
O1):-0.774	O2):39.114	
O1):-0.776	O2):43.938	
O1):-0.862	O2):56.187	
O1):-0.779	O2):39.771	
O1):-0.772	O2):38.738	
O1):-0.701	O2):34.848	
O1):-0.763	O2):36.404	
O1):-0.653	O2):29.088	
O1):-0.723	O2):33.695	
O1):-0.723	O2):33.632	
O1):-0.719	O2):33.461	
O1):-0.657	O2):29.336	
O1):-0.827	O2):46.226	
O1):-0.771	O2):38.713	
O1):-0.73	O2):34.023	
O1):-0.823	O2):45.71	
O1):-0.769	O2):38.658	
O1):-0.721	O2):34.506	
O1):-0.824	O2):45.995	
O1):-0.74	O2):35.691	
O1):-0.721	O2):34.506	
O1):-0.851	O2):50.865	
O1):-0.745	O2):34.961	
O1):-0.852	O2):55.289	
O1):-0.82	O2):45.873	
O1):-0.853	O2):55.512	
O1):-0.755	O2):36.051	
O1):-0.657	O2):29.399	
O1):-0.672	O2):30.06	
O1):-0.802	O2):44.794	
O1):-0.794	O2):40.872	
O1):-0.74	O2):34.391	
O1):-0.741	O2):34.609	
O1):-0.772	O2):38.738	
O1):-0.821	O2):45.581	
O1):-0.824	O2):45.891	
O1):-0.714	O2):33.493	
O1):-0.73	O2):34.121	
O1):-0.796	O2):41.169	
O1):-0.775	O2):39.148	
O1):-0.657	O2):29.388	
O1):-0.772	O2):40.489	
O1):-0.73	O2):36.051	
O1):-0.73	O2):34.621	
O1):-0.824	O2):45.746	
O1):-0.827	O2):46.52	
O1):-0.847	O2):50.432	
O1):-0.851	O2):51.063	
O1):-0.852	O2):55.289	
O1):-0.825	O2):45.976	
O1):-0.687	O2):30.909	
O1):-0.794	O2):40.934	
Evaluations:	3600
O1):-0.823	O2):45.705	
O1):-0.719	O2):33.554	
O1):-0.712	O2):33.269	
O1):-0.825	O2):45.986	
O1):-0.741	O2):35.057	
O1):-0.745	O2):34.961	
O1):-0.733	O2):35.81	
O1):-0.85	O2):50.654	
O1):-0.8	O2):44.905	
O1):-0.737	O2):34.85	
O1):-0.79	O2):40.256	
O1):-0.822	O2):45.475	
O1):-0.772	O2):39.037	
Evaluations:	3100
O1):-0.824	O2):45.988	
O1):-0.712	O2):35.2	
O1):-0.728	O2):34.357	
O1):-0.669	O2):29.05	
O1):-0.715	O2):34.336	
O1):-0.826	O2):46.145	
O1):-0.714	O2):33.702	
O1):-0.799	O2):43.989	
O1):-0.749	O2):35.715	
O1):-0.724	O2):35.449	
O1):-0.811	O2):44.855	
O1):-0.798	O2):43.635	
O1):-0.797	O2):41.829	
O1):-0.797	O2):41.829	
O1):-0.773	O2):38.828	
O1):-0.794	O2):41.145	
O1):-0.693	O2):30.714	
O1):-0.8	O2):43.785	
O1):-0.649	O2):29.298	
O1):-0.742	O2):34.816	
O1):-0.796	O2):43.192	
O1):-0.724	O2):33.782	
O1):-0.803	O2):44.981	
O1):-0.8	O2):44.905	
O1):-0.649	O2):29.304	
O1):-0.736	O2):35.275	
O1):-0.742	O2):34.495	
O1):-0.736	O2):34.83	
O1):-0.69	O2):30.507	
O1):-0.819	O2):46.003	
O1):-0.765	O2):36.891	
O1):-0.789	O2):40.132	
O1):-0.732	O2):34.604	
O1):-0.768	O2):39.325	
O1):-0.636	O2):28.958	
O1):-0.818	O2):45.547	
O1):-0.797	O2):41.97	
O1):-0.673	O2):29.627	
O1):-0.705	O2):33.478	
O1):-0.791	O2):40.342	
O1):-0.799	O2):43.703	
O1):-0.824	O2):46.028	
O1):-0.805	O2):45.008	
O1):-0.793	O2):40.806	
O1):-0.86	O2):55.871	
O1):-0.767	O2):38.406	
O1):-0.777	O2):39.502	
O1):-0.69	O2):31.299	
O1):-0.803	O2):45.15	
O1):-0.803	O2):44.875	
O1):-0.769	O2):38.327	
O1):-0.777	O2):39.421	
O1):-0.798	O2):41.879	
O1):-0.776	O2):39.475	
O1):-0.734	O2):34.9	
O1):-0.776	O2):39.32	
O1):-0.77	O2):38.539	
O1):-0.75	O2):36.654	
O1):-0.73	O2):34.121	
O1):-0.794	O2):40.869	
O1):-0.754	O2):35.945	
O1):-0.84	O2):50.717	
O1):-0.784	O2):40.692	
O1):-0.832	O2):50.247	
O1):-0.791	O2):40.485	
O1):-0.731	O2):34.174	
O1):-0.742	O2):34.575	
O1):-0.751	O2):36.736	
O1):-0.824	O2):45.755	
O1):-0.806	O2):45.363	
O1):-0.79	O2):40.298	
O1):-0.851	O2):51.063	
O1):-0.792	O2):40.52	
O1):-0.767	O2):37.569	
O1):-0.664	O2):29.267	
O1):-0.696	O2):31.293	
O1):-0.706	O2):33.411	
O1):-0.741	O2):34.608	
O1):-0.717	O2):33.344	
O1):-0.776	O2):39.346	
O1):-0.773	O2):38.915	
O1):-0.738	O2):34.872	
O1):-0.724	O2):33.974	
O1):-0.8	O2):43.84	
O1):-0.76	O2):35.957	
O1):-0.74	O2):35.691	
O1):-0.794	O2):41.783	
O1):-0.775	O2):39.367	
O1):-0.735	O2):35.832	
O1):-0.798	O2):41.879	
O1):-0.773	O2):39.021	
O1):-0.685	O2):30.391	
O1):-0.752	O2):37.989	
O1):-0.767	O2):38.406	
O1):-0.748	O2):35.392	
O1):-0.795	O2):41.474	
O1):-0.639	O2):29.185	
O1):-0.776	O2):39.433	
O1):-0.851	O2):51.324	
O1):-0.776	O2):39.318	
O1):-0.79	O2):40.256	
O1):-0.827	O2):46.566	
O1):-0.796	O2):41.934	
O1):-0.658	O2):29.488	
O1):-0.763	O2):39.623	
O1):-0.803	O2):44.875	
O1):-0.772	O2):39.914	
O1):-0.789	O2):43.424	
O1):-0.769	O2):38.436	
O1):-0.769	O2):40.168	
O1):-0.656	O2):29.375	
O1):-0.777	O2):39.718	
O1):-0.761	O2):39.714	
O1):-0.795	O2):41.474	
O1):-0.795	O2):41.102	
O1):-0.767	O2):38.372	
O1):-0.704	O2):33.888	
O1):-0.746	O2):35.778	
O1):-0.853	O2):51.274	
O1):-0.793	O2):40.806	
O1):-0.798	O2):43.635	
O1):-0.794	O2):41.145	
O1):-0.822	O2):45.697	
O1):-0.66	O2):29.384	
O1):-0.736	O2):34.83	
O1):-0.773	O2):39.005	
O1):-0.798	O2):43.635	
O1):-0.799	O2):44.261	
O1):-0.754	O2):35.749	
O1):-0.708	O2):35.186	
O1):-0.778	O2):39.568	
O1):-0.742	O2):35.756	
O1):-0.791	O2):41.158	
O1):-0.763	O2):41.252	
O1):-0.775	O2):40.907	
O1):-0.763	O2):36.32	
O1):-0.735	O2):34.315	
O1):-0.823	O2):45.782	
O1):-0.854	O2):55.687	
O1):-0.794	O2):40.884	
O1):-0.762	O2):38.711	
O1):-0.747	O2):35.958	
O1):-0.725	O2):33.954	
O1):-0.818	O2):49.369	
O1):-0.731	O2):34.36	
O1):-0.825	O2):46.312	
O1):-0.721	O2):34.506	
O1):-0.798	O2):42.061	
O1):-0.824	O2):46.028	
O1):-0.764	O2):38.732	
O1):-0.828	O2):50.014	
O1):-0.763	O2):36.32	
O1):-0.77	O2):38.539	
O1):-0.851	O2):51.008	
O1):-0.703	O2):33.405	
O1):-0.772	O2):38.729	
O1):-0.801	O2):44.72	
O1):-0.669	O2):29.05	
O1):-0.772	O2):38.7	
O1):-0.799	O2):44.261	
O1):-0.8	O2):43.842	
O1):-0.823	O2):45.71	
O1):-0.791	O2):40.514	
O1):-0.76	O2):35.957	
O1):-0.844	O2):50.266	
O1):-0.722	O2):33.516	
O1):-0.797	O2):43.65	
O1):-0.702	O2):33.174	
O1):-0.652	O2):29.043	
O1):-0.771	O2):38.609	
O1):-0.682	O2):30.153	
O1):-0.792	O2):40.514	
O1):-0.657	O2):29.399	
O1):-0.747	O2):35.419	
O1):-0.741	O2):34.544	
O1):-0.823	O2):45.782	
O1):-0.735	O2):35.053	
O1):-0.798	O2):42.061	
O1):-0.747	O2):39.244	
O1):-0.825	O2):46.312	
O1):-0.728	O2):34.357	
O1):-0.803	O2):44.973	
O1):-0.751	O2):38.411	
O1):-0.724	O2):33.775	
O1):-0.794	O2):40.818	
O1):-0.782	O2):39.955	
O1):-0.772	O2):38.723	
O1):-0.779	O2):39.74	
O1):-0.849	O2):50.883	
O1):-0.773	O2):38.832	
O1):-0.794	O2):40.884	
O1):-0.787	O2):43.063	
O1):-0.822	O2):48.986	
O1):-0.815	O2):45.384	
O1):-0.828	O2):46.709	
O1):-0.725	O2):33.954	
O1):-0.775	O2):39.077	
O1):-0.812	O2):50.83	
O1):-0.8	O2):44.072	
O1):-0.763	O2):36.582	
O1):-0.792	O2):40.552	
O1):-0.8	O2):43.842	
O1):-0.815	O2):45.384	
O1):-0.851	O2):51.008	
O1):-0.78	O2):40.508	
O1):-0.71	O2):35.18	
O1):-0.688	O2):29.966	
Evaluations:	3700
O1):-0.766	O2):38.793	
O1):-0.745	O2):35.154	
O1):-0.724	O2):33.865	
O1):-0.826	O2):46.145	
O1):-0.826	O2):50.44	
O1):-0.819	O2):48.923	
O1):-0.798	O2):43.635	
O1):-0.662	O2):29.022	
O1):-0.772	O2):40.928	
O1):-0.782	O2):39.968	
O1):-0.745	O2):34.961	
O1):-0.724	O2):34.101	
O1):-0.824	O2):46.117	
O1):-0.743	O2):34.792	
O1):-0.77	O2):38.514	
O1):-0.794	O2):40.884	
O1):-0.806	O2):44.843	
O1):-0.735	O2):34.316	
O1):-0.774	O2):38.9	
O1):-0.727	O2):34.906	
O1):-0.727	O2):34.285	
O1):-0.821	O2):45.64	
O1):-0.814	O2):45.526	
O1):-0.664	O2):29.267	
O1):-0.749	O2):39.304	
O1):-0.793	O2):43.133	
O1):-0.781	O2):40.076	
O1):-0.69	O2):30.507	
O1):-0.773	O2):38.915	
O1):-0.717	O2):33.565	
O1):-0.767	O2):38.965	
O1):-0.824	O2):46.028	
O1):-0.851	O2):51.324	
O1):-0.776	O2):39.676	
O1):-0.705	O2):33.88	
O1):-0.636	O2):28.956	
O1):-0.793	O2):40.838	
O1):-0.725	O2):35.094	
O1):-0.75	O2):37.748	
O1):-0.807	O2):45.678	
O1):-0.832	O2):50.247	
O1):-0.688	O2):31.065	
O1):-0.657	O2):29.336	
O1):-0.769	O2):38.438	
O1):-0.805	O2):45.256	
O1):-0.836	O2):49.943	
O1):-0.682	O2):30.176	
O1):-0.849	O2):50.883	
O1):-0.774	O2):39.166	
O1):-0.756	O2):38.619	
O1):-0.821	O2):45.325	
O1):-0.841	O2):50.669	
O1):-0.774	O2):39.151	
O1):-0.744	O2):34.816	
O1):-0.744	O2):34.816	
O1):-0.805	O2):45.256	
O1):-0.733	O2):36.852	
O1):-0.767	O2):38.965	
O1):-0.762	O2):38.551	
O1):-0.755	O2):36.051	
O1):-0.691	O2):30.703	
O1):-0.798	O2):41.879	
O1):-0.792	O2):40.512	
O1):-0.74	O2):34.391	
O1):-0.793	O2):40.876	
O1):-0.797	O2):41.977	
O1):-0.754	O2):37.347	
O1):-0.729	O2):34.544	
O1):-0.819	O2):48.923	
O1):-0.794	O2):40.874	
O1):-0.77	O2):38.539	
O1):-0.826	O2):46.235	
O1):-0.795	O2):42.116	
O1):-0.778	O2):40.322	
O1):-0.821	O2):45.528	
O1):-0.761	O2):39.345	
O1):-0.776	O2):39.637	
O1):-0.731	O2):34.36	
O1):-0.652	O2):29.041	
O1):-0.766	O2):38.846	
O1):-0.764	O2):36.996	
O1):-0.795	O2):41.035	
O1):-0.833	O2):50.336	
O1):-0.799	O2):44.571	
O1):-0.812	O2):50.83	
O1):-0.685	O2):30.391	
O1):-0.849	O2):50.869	
O1):-0.823	O2):45.913	
O1):-0.772	O2):38.674	
O1):-0.85	O2):50.653	
O1):-0.774	O2):39.425	
O1):-0.688	O2):29.966	
O1):-0.828	O2):46.675	
O1):-0.688	O2):29.966	
O1):-0.763	O2):38.281	
O1):-0.797	O2):41.876	
O1):-0.808	O2):45.35	
O1):-0.826	O2):46.149	
O1):-0.755	O2):36.051	
O1):-0.78	O2):40.583	
O1):-0.702	O2):33.144	
O1):-0.825	O2):46.081	
O1):-0.772	O2):38.791	
O1):-0.826	O2):46.361	
O1):-0.771	O2):39.937	
O1):-0.725	O2):33.954	
O1):-0.718	O2):33.752	
O1):-0.834	O2):50.632	
O1):-0.702	O2):33.156	
O1):-0.779	O2):39.771	
O1):-0.702	O2):33.174	
O1):-0.742	O2):34.513	
O1):-0.792	O2):40.512	
O1):-0.776	O2):39.475	
O1):-0.794	O2):40.89	
O1):-0.636	O2):28.958	
O1):-0.75	O2):37.766	
O1):-0.723	O2):34.015	
O1):-0.847	O2):50.432	
O1):-0.791	O2):40.485	
O1):-0.797	O2):41.877	
O1):-0.798	O2):43.476	
O1):-0.679	O2):30.333	
O1):-0.797	O2):44.009	
O1):-0.771	O2):38.59	
O1):-0.801	O2):44.273	
O1):-0.854	O2):55.687	
O1):-0.79	O2):40.299	
O1):-0.735	O2):34.531	
O1):-0.72	O2):33.48	
O1):-0.711	O2):33.19	
O1):-0.794	O2):40.943	
O1):-0.797	O2):41.97	
Evaluations:	3800
O1):-0.676	O2):29.689	
O1):-0.746	O2):35.34	
O1):-0.714	O2):33.427	
O1):-0.723	O2):33.695	
O1):-0.792	O2):40.729	
O1):-0.754	O2):37.347	
O1):-0.823	O2):46.049	
O1):-0.827	O2):46.243	
O1):-0.688	O2):31.065	
O1):-0.766	O2):39.167	
O1):-0.764	O2):36.612	
O1):-0.791	O2):40.416	
Evaluations:	3900
O1):-0.791	O2):40.762	
O1):-0.821	O2):45.307	
O1):-0.801	O2):44.254	
O1):-0.696	O2):31.293	
O1):-0.765	O2):38.544	
O1):-0.825	O2):46.043	
O1):-0.825	O2):45.952	
Evaluations:	3400
O1):-0.788	O2):39.972	
O1):-0.824	O2):46.183	
O1):-0.71	O2):33.501	
O1):-0.789	O2):40.132	
O1):-0.808	O2):45.539	
O1):-0.747	O2):35.21	
O1):-0.841	O2):50.669	
O1):-0.799	O2):43.989	
O1):-0.824	O2):46.094	
O1):-0.798	O2):43.476	
O1):-0.797	O2):41.975	
O1):-0.85	O2):50.999	
O1):-0.747	O2):35.21	
O1):-0.794	O2):40.934	
O1):-0.776	O2):39.433	
O1):-0.747	O2):35.419	
O1):-0.73	O2):35.118	
O1):-0.69	O2):33.707	
O1):-0.821	O2):45.325	
O1):-0.8	O2):43.842	
O1):-0.766	O2):38.793	
O1):-0.824	O2):46.028	
O1):-0.817	O2):45.386	
O1):-0.749	O2):35.715	
O1):-0.751	O2):36.736	
O1):-0.763	O2):38.263	
O1):-0.776	O2):39.318	
O1):-0.798	O2):44.018	
O1):-0.774	O2):39.066	
O1):-0.707	O2):33.37	
O1):-0.832	O2):50.247	
O1):-0.737	O2):35.348	
O1):-0.847	O2):50.721	
O1):-0.673	O2):29.626	
O1):-0.723	O2):33.69	
O1):-0.737	O2):35.348	
O1):-0.798	O2):43.576	
O1):-0.861	O2):55.932	
O1):-0.779	O2):39.795	
O1):-0.728	O2):34.26	
O1):-0.769	O2):38.327	
O1):-0.728	O2):34.26	
O1):-0.658	O2):29.303	
O1):-0.826	O2):46.412	
O1):-0.817	O2):45.071	
O1):-0.746	O2):37.585	
O1):-0.688	O2):29.966	
O1):-0.749	O2):37.911	
O1):-0.807	O2):45.1	
O1):-0.746	O2):37.585	
O1):-0.777	O2):39.421	
O1):-0.825	O2):46.312	
O1):-0.845	O2):50.407	
O1):-0.763	O2):38.279	
O1):-0.808	O2):45.112	
O1):-0.685	O2):31.102	
O1):-0.74	O2):34.391	
O1):-0.796	O2):41.759	
O1):-0.745	O2):35.02	
O1):-0.791	O2):40.441	
O1):-0.766	O2):37.248	
O1):-0.741	O2):34.608	
O1):-0.835	O2):50.667	
O1):-0.742	O2):34.816	
O1):-0.733	O2):34.35	
O1):-0.828	O2):46.709	
O1):-0.657	O2):29.399	
O1):-0.794	O2):41.336	
O1):-0.799	O2):43.989	
O1):-0.726	O2):34.145	
O1):-0.801	O2):44.037	
O1):-0.763	O2):38.279	
O1):-0.754	O2):36.049	
O1):-0.829	O2):50.418	
O1):-0.746	O2):35.778	
O1):-0.817	O2):45.386	
O1):-0.829	O2):47.023	
O1):-0.765	O2):36.582	
O1):-0.79	O2):40.256	
O1):-0.725	O2):35.681	
O1):-0.724	O2):33.775	
O1):-0.724	O2):33.782	
Evaluations:	3500
O1):-0.748	O2):35.392	
O1):-0.723	O2):33.695	
O1):-0.733	O2):35.093	
O1):-0.719	O2):33.554	
O1):-0.673	O2):29.626	
O1):-0.73	O2):34.023	
O1):-0.662	O2):29.022	
O1):-0.821	O2):45.325	
O1):-0.747	O2):35.424	
O1):-0.733	O2):34.313	
O1):-0.764	O2):36.524	
O1):-0.754	O2):35.749	
O1):-0.743	O2):36.172	
O1):-0.68	O2):30.326	
O1):-0.761	O2):35.995	
O1):-0.768	O2):38.285	
O1):-0.792	O2):40.512	
O1):-0.676	O2):29.803	
O1):-0.714	O2):33.448	
O1):-0.745	O2):35.019	
O1):-0.749	O2):37.603	
O1):-0.798	O2):43.666	
O1):-0.73	O2):34.121	
O1):-0.705	O2):33.479	
O1):-0.782	O2):39.975	
O1):-0.789	O2):40.09	
O1):-0.755	O2):38.309	
O1):-0.683	O2):30.879	
O1):-0.84	O2):50.717	
O1):-0.762	O2):36.213	
O1):-0.771	O2):38.609	
O1):-0.828	O2):46.709	
O1):-0.823	O2):45.71	
O1):-0.823	O2):45.71	
O1):-0.82	O2):45.54	
O1):-0.8	O2):44.072	
O1):-0.82	O2):45.54	
O1):-0.801	O2):44.017	
O1):-0.854	O2):55.687	
O1):-0.854	O2):55.687	
O1):-0.768	O2):38.305	
O1):-0.793	O2):41.788	
O1):-0.826	O2):46.361	
O1):-0.823	O2):45.761	
O1):-0.803	O2):44.875	
O1):-0.803	O2):44.973	
O1):-0.772	O2):38.715	
O1):-0.682	O2):30.153	
O1):-0.853	O2):51.831	
O1):-0.803	O2):45.15	
O1):-0.825	O2):46.312	
O1):-0.736	O2):34.553	
O1):-0.77	O2):40.393	
O1):-0.782	O2):40.047	
O1):-0.791	O2):43.555	
O1):-0.712	O2):33.421	
O1):-0.674	O2):29.624	
O1):-0.813	O2):45.0	
O1):-0.677	O2):29.651	
O1):-0.738	O2):34.872	
O1):-0.825	O2):46.061	
O1):-0.826	O2):46.149	
O1):-0.794	O2):40.825	
O1):-0.746	O2):38.714	
O1):-0.746	O2):37.585	
O1):-0.803	O2):44.973	
O1):-0.773	O2):38.915	
O1):-0.818	O2):45.547	
O1):-0.746	O2):37.585	
O1):-0.769	O2):38.327	
O1):-0.829	O2):46.881	
O1):-0.721	O2):33.509	
O1):-0.846	O2):50.581	
O1):-0.767	O2):38.406	
O1):-0.776	O2):39.355	
O1):-0.745	O2):35.02	
O1):-0.736	O2):34.553	
O1):-0.698	O2):33.091	
O1):-0.705	O2):33.511	
O1):-0.794	O2):44.006	
O1):-0.774	O2):39.067	
O1):-0.781	O2):40.975	
O1):-0.68	O2):30.326	
O1):-0.726	O2):34.628	
O1):-0.77	O2):38.42	
O1):-0.746	O2):35.12	
O1):-0.829	O2):46.883	
O1):-0.727	O2):34.285	
O1):-0.673	O2):29.626	
O1):-0.691	O2):30.703	
O1):-0.79	O2):45.373	
O1):-0.716	O2):33.653	
O1):-0.847	O2):50.432	
O1):-0.74	O2):35.691	
O1):-0.756	O2):38.482	
O1):-0.851	O2):51.063	
O1):-0.788	O2):40.002	
O1):-0.824	O2):46.094	
O1):-0.763	O2):38.278	
O1):-0.754	O2):36.049	
O1):-0.802	O2):44.846	
O1):-0.747	O2):35.318	
O1):-0.823	O2):45.782	
O1):-0.759	O2):35.781	
O1):-0.85	O2):51.085	
O1):-0.778	O2):40.322	
O1):-0.769	O2):38.658	
O1):-0.651	O2):28.786	
O1):-0.725	O2):33.994	
O1):-0.682	O2):30.153	
O1):-0.679	O2):30.124	
O1):-0.743	O2):34.811	
O1):-0.712	O2):33.573	
O1):-0.801	O2):44.017	
O1):-0.825	O2):45.872	
O1):-0.851	O2):51.324	
O1):-0.729	O2):34.622	
O1):-0.763	O2):38.269	
O1):-0.823	O2):50.51	
O1):-0.827	O2):46.214	
O1):-0.763	O2):38.279	
O1):-0.768	O2):38.484	
O1):-0.769	O2):40.204	
O1):-0.711	O2):34.24	
O1):-0.767	O2):38.406	
O1):-0.722	O2):33.516	
O1):-0.794	O2):41.382	
O1):-0.787	O2):43.06	
O1):-0.828	O2):50.014	
O1):-0.768	O2):40.329	
O1):-0.845	O2):50.407	
O1):-0.823	O2):45.663	
O1):-0.845	O2):50.407	
O1):-0.767	O2):39.042	
O1):-0.749	O2):37.911	
O1):-0.822	O2):45.697	
O1):-0.767	O2):38.406	
O1):-0.827	O2):46.405	
O1):-0.772	O2):38.715	
O1):-0.744	O2):34.895	
O1):-0.743	O2):34.73	
O1):-0.735	O2):34.531	
O1):-0.742	O2):34.602	
O1):-0.782	O2):39.955	
O1):-0.793	O2):40.743	
O1):-0.737	O2):35.267	
O1):-0.767	O2):40.645	
O1):-0.765	O2):36.582	
O1):-0.732	O2):34.635	
O1):-0.778	O2):39.818	
O1):-0.766	O2):36.905	
O1):-0.794	O2):40.943	
O1):-0.774	O2):39.67	
O1):-0.764	O2):36.524	
O1):-0.778	O2):40.309	
O1):-0.75	O2):36.654	
O1):-0.841	O2):50.669	
O1):-0.772	O2):38.674	
O1):-0.66	O2):29.384	
O1):-0.772	O2):38.7	
O1):-0.775	O2):39.429	
O1):-0.826	O2):46.235	
O1):-0.763	O2):39.602	
O1):-0.781	O2):40.076	
O1):-0.658	O2):29.926	
O1):-0.776	O2):39.346	
O1):-0.798	O2):42.061	
O1):-0.682	O2):30.153	
O1):-0.796	O2):41.198	
O1):-0.836	O2):50.995	
O1):-0.795	O2):41.474	
O1):-0.783	O2):40.229	
O1):-0.78	O2):40.583	
Starting PrismExecutor worker 3 on port 15073
O1):-0.735	O2):34.531	
Connected worker 3 to port 15073
O1):-0.806	O2):45.363	
O1):-0.776	O2):39.355	
O1):-0.763	O2):36.582	
O1):-0.747	O2):35.958	
O1):-0.799	O2):44.571	
O1):-0.794	O2):40.884	
O1):-0.771	O2):38.727	
O1):-0.791	O2):45.883	
O1):-0.755	O2):38.229	
O1):-0.818	O2):45.223	
O1):-0.775	O2):39.35	
O1):-0.654	O2):29.478	
O1):-0.753	O2):37.206	
O1):-0.747	O2):35.419	
O1):-0.773	O2):38.915	
O1):-0.788	O2):39.966	
O1):-0.657	O2):29.388	
O1):-0.791	O2):40.473	
O1):-0.744	O2):34.816	
O1):-0.763	O2):36.469	
O1):-0.746	O2):35.778	
O1):-0.688	O2):30.964	
O1):-0.728	O2):34.425	
O1):-0.805	O2):45.649	
O1):-0.801	O2):44.16	
O1):-0.82	O2):45.54	
O1):-0.687	O2):30.909	
O1):-0.793	O2):40.838	
O1):-0.744	O2):34.816	
O1):-0.759	O2):40.189	
O1):-0.827	O2):46.539	
O1):-0.767	O2):38.786	
O1):-0.775	O2):39.148	
O1):-0.794	O2):40.934	
O1):-0.716	O2):33.653	
O1):-0.825	O2):45.872	
O1):-0.805	O2):45.197	
O1):-0.846	O2):50.581	
O1):-0.712	O2):33.269	
O1):-0.703	O2):33.405	
O1):-0.726	O2):35.076	
O1):-0.763	O2):36.32	
O1):-0.693	O2):30.714	
O1):-0.685	O2):31.012	
Evaluations:	3700
O1):-0.726	O2):34.214	
O1):-0.796	O2):43.192	
O1):-0.828	O2):46.836	
O1):-0.775	O2):39.435	
O1):-0.868	O2):55.933	
O1):-0.86	O2):55.871	
O1):-0.772	O2):38.791	
O1):-0.741	O2):35.057	
O1):-0.769	O2):38.436	
O1):-0.791	O2):43.689	
O1):-0.796	O2):43.394	
O1):-0.827	O2):46.243	
O1):-0.762	O2):36.213	
O1):-0.688	O2):29.966	
O1):-0.772	O2):39.037	
O1):-0.778	O2):40.322	
O1):-0.763	O2):38.263	
O1):-0.741	O2):34.544	
O1):-0.742	O2):35.756	
O1):-0.807	O2):45.104	
O1):-0.852	O2):50.955	
O1):-0.836	O2):50.995	
O1):-0.791	O2):40.485	
O1):-0.792	O2):40.512	
O1):-0.767	O2):38.372	
O1):-0.825	O2):46.312	
O1):-0.738	O2):38.93	
O1):-0.827	O2):46.621	
O1):-0.773	O2):39.058	
O1):-0.729	O2):34.544	
O1):-0.779	O2):40.381	
O1):-0.829	O2):46.883	
O1):-0.793	O2):44.295	
O1):-0.825	O2):46.043	
O1):-0.833	O2):49.841	
O1):-0.835	O2):50.67	
O1):-0.742	O2):34.816	
O1):-0.75	O2):36.657	
O1):-0.778	O2):39.658	
O1):-0.714	O2):33.47	
O1):-0.779	O2):39.795	
O1):-0.754	O2):37.347	
O1):-0.793	O2):40.743	
O1):-0.772	O2):38.715	
O1):-0.818	O2):45.223	
O1):-0.718	O2):33.318	
O1):-0.754	O2):36.049	
O1):-0.726	O2):34.145	
O1):-0.774	O2):39.181	
O1):-0.658	O2):29.303	
O1):-0.686	O2):33.014	
O1):-0.793	O2):40.768	
O1):-0.761	O2):40.567	
O1):-0.793	O2):40.784	
O1):-0.677	O2):33.683	
O1):-0.74	O2):35.691	
O1):-0.754	O2):38.243	
O1):-0.798	O2):44.316	
O1):-0.797	O2):41.97	
O1):-0.679	O2):30.124	
O1):-0.73	O2):34.121	
O1):-0.752	O2):36.92	
O1):-0.726	O2):34.214	
O1):-0.75	O2):36.654	
O1):-0.649	O2):29.298	
O1):-0.742	O2):35.699	
O1):-0.685	O2):31.102	
O1):-0.736	O2):34.135	
O1):-0.735	O2):34.531	
O1):-0.784	O2):40.692	
O1):-0.682	O2):30.153	
O1):-0.76	O2):41.695	
O1):-0.848	O2):50.662	
O1):-0.779	O2):40.39	
O1):-0.671	O2):29.312	
O1):-0.791	O2):40.416	
O1):-0.796	O2):41.759	
O1):-0.8	O2):43.842	
O1):-0.827	O2):46.226	
O1):-0.793	O2):40.735	
O1):-0.789	O2):40.09	
O1):-0.74	O2):35.691	
O1):-0.829	O2):46.881	
O1):-0.754	O2):36.049	
O1):-0.843	O2):50.077	
O1):-0.771	O2):38.777	
O1):-0.824	O2):45.776	
O1):-0.797	O2):44.944	
O1):-0.726	O2):34.214	
O1):-0.79	O2):40.299	
O1):-0.748	O2):36.121	
O1):-0.772	O2):44.024	
O1):-0.742	O2):34.608	
O1):-0.77	O2):38.442	
O1):-0.793	O2):41.393	
O1):-0.735	O2):35.829	
O1):-0.703	O2):33.405	
O1):-0.748	O2):37.885	
O1):-0.713	O2):33.875	
O1):-0.682	O2):30.153	
O1):-0.765	O2):36.891	
O1):-0.731	O2):35.85	
O1):-0.726	O2):34.145	
O1):-0.686	O2):29.817	
O1):-0.743	O2):34.811	
O1):-0.792	O2):41.244	
O1):-0.729	O2):35.541	
O1):-0.756	O2):38.321	
O1):-0.723	O2):33.69	
O1):-0.824	O2):45.776	
O1):-0.824	O2):46.028	
O1):-0.776	O2):39.433	
O1):-0.71	O2):35.368	
O1):-0.8	O2):44.072	
O1):-0.662	O2):29.022	
O1):-0.688	O2):29.966	
O1):-0.824	O2):46.022	
O1):-0.717	O2):33.344	
O1):-0.697	O2):35.394	
O1):-0.813	O2):45.0	
O1):-0.854	O2):55.687	
O1):-0.77	O2):38.42	
O1):-0.679	O2):30.082	
O1):-0.85	O2):51.085	
O1):-0.752	O2):36.92	
O1):-0.706	O2):33.411	
O1):-0.774	O2):39.11	
O1):-0.724	O2):33.865	
O1):-0.821	O2):45.325	
O1):-0.793	O2):40.744	
O1):-0.736	O2):34.83	
O1):-0.755	O2):38.229	
O1):-0.778	O2):40.403	
O1):-0.711	O2):33.267	
O1):-0.744	O2):34.889	
O1):-0.776	O2):40.752	
O1):-0.722	O2):33.666	
O1):-0.768	O2):38.316	
O1):-0.791	O2):40.342	
O1):-0.743	O2):35.455	
O1):-0.791	O2):40.514	
O1):-0.724	O2):33.775	
O1):-0.824	O2):45.776	
O1):-0.771	O2):40.972	
O1):-0.778	O2):40.322	
O1):-0.726	O2):35.162	
O1):-0.766	O2):38.814	
O1):-0.765	O2):36.891	
O1):-0.716	O2):34.474	
O1):-0.767	O2):38.965	
O1):-0.793	O2):40.838	
O1):-0.778	O2):39.675	
O1):-0.755	O2):38.229	
O1):-0.803	O2):44.73	
O1):-0.673	O2):29.626	
O1):-0.834	O2):49.884	
O1):-0.657	O2):29.388	
O1):-0.844	O2):50.266	
O1):-0.826	O2):46.329	
O1):-0.774	O2):39.033	
O1):-0.761	O2):39.347	
O1):-0.794	O2):40.818	
O1):-0.778	O2):41.029	
O1):-0.748	O2):36.057	
O1):-0.821	O2):45.64	
O1):-0.723	O2):34.089	
O1):-0.85	O2):51.085	
O1):-0.843	O2):50.077	
O1):-0.748	O2):36.121	
O1):-0.711	O2):33.268	
O1):-0.764	O2):36.524	
O1):-0.796	O2):41.156	
O1):-0.795	O2):41.12	
O1):-0.794	O2):40.866	
Starting PrismExecutor worker 4 on port 15054
Connected worker 4 to port 15054
O1):-0.815	O2):45.3	
O1):-0.739	O2):35.78	
O1):-0.734	O2):34.981	
O1):-0.851	O2):50.925	
O1):-0.823	O2):45.71	
O1):-0.813	O2):45.0	
O1):-0.688	O2):29.966	
O1):-0.685	O2):31.012	
O1):-0.829	O2):47.023	
O1):-0.681	O2):30.389	
O1):-0.775	O2):40.686	
O1):-0.777	O2):39.718	
O1):-0.764	O2):38.374	
O1):-0.762	O2):36.289	
O1):-0.827	O2):46.226	
O1):-0.755	O2):38.229	
O1):-0.759	O2):35.781	
O1):-0.823	O2):45.543	
O1):-0.66	O2):29.384	
O1):-0.824	O2):46.028	
O1):-0.749	O2):35.841	
O1):-0.68	O2):30.313	
O1):-0.639	O2):29.185	
O1):-0.763	O2):36.32	
O1):-0.798	O2):41.879	
O1):-0.744	O2):34.895	
O1):-0.792	O2):40.729	
O1):-0.804	O2):45.152	
O1):-0.794	O2):40.943	
O1):-0.74	O2):35.691	
O1):-0.797	O2):41.975	
O1):-0.687	O2):34.653	
O1):-0.729	O2):34.544	
O1):-0.742	O2):35.756	
O1):-0.823	O2):45.649	
O1):-0.689	O2):30.503	
O1):-0.669	O2):29.05	
O1):-0.854	O2):55.687	
O1):-0.694	O2):30.95	
O1):-0.772	O2):38.674	
O1):-0.719	O2):33.461	
O1):-0.757	O2):40.901	
O1):-0.696	O2):35.099	
O1):-0.764	O2):38.743	
O1):-0.774	O2):39.431	
Evaluations:	3200
O1):-0.71	O2):35.187	
O1):-0.852	O2):50.955	
O1):-0.651	O2):29.346	
O1):-0.828	O2):46.71	
O1):-0.7	O2):34.302	
O1):-0.824	O2):45.878	
O1):-0.798	O2):43.635	
O1):-0.772	O2):38.814	
O1):-0.791	O2):43.689	
O1):-0.79	O2):40.327	
O1):-0.792	O2):40.514	
O1):-0.772	O2):38.723	
Evaluations:	3700
O1):-0.756	O2):38.321	
O1):-0.765	O2):36.582	
O1):-0.794	O2):40.943	
O1):-0.794	O2):40.943	
O1):-0.721	O2):33.388	
O1):-0.836	O2):50.995	
O1):-0.847	O2):50.432	
O1):-0.742	O2):35.756	
O1):-0.744	O2):34.784	
O1):-0.772	O2):38.715	
O1):-0.769	O2):38.438	
O1):-0.721	O2):34.01	
O1):-0.749	O2):37.911	
O1):-0.8	O2):43.849	
O1):-0.681	O2):30.389	
O1):-0.798	O2):41.879	
O1):-0.774	O2):39.066	
O1):-0.797	O2):41.97	
O1):-0.708	O2):35.401	
O1):-0.806	O2):44.843	
O1):-0.794	O2):40.884	
O1):-0.73	O2):35.305	
O1):-0.803	O2):44.875	
O1):-0.747	O2):35.419	
O1):-0.772	O2):38.7	
O1):-0.747	O2):35.318	
O1):-0.735	O2):35.248	
O1):-0.776	O2):39.318	
O1):-0.776	O2):39.318	
O1):-0.766	O2):37.248	
O1):-0.789	O2):40.09	
O1):-0.8	O2):43.785	
O1):-0.723	O2):33.632	
O1):-0.746	O2):37.585	
O1):-0.742	O2):34.586	
O1):-0.807	O2):45.1	
O1):-0.852	O2):50.955	
O1):-0.675	O2):29.706	
O1):-0.868	O2):55.933	
O1):-0.71	O2):33.837	
O1):-0.849	O2):50.868	
O1):-0.776	O2):39.433	
O1):-0.651	O2):28.786	
O1):-0.772	O2):38.791	
O1):-0.744	O2):34.839	
O1):-0.849	O2):50.663	
O1):-0.724	O2):33.878	
O1):-0.736	O2):34.553	
O1):-0.728	O2):34.708	
O1):-0.812	O2):54.999	
O1):-0.736	O2):34.553	
O1):-0.74	O2):35.778	
O1):-0.795	O2):43.424	
O1):-0.762	O2):36.348	
O1):-0.711	O2):33.19	
O1):-0.795	O2):41.474	
O1):-0.802	O2):44.119	
O1):-0.746	O2):35.12	
O1):-0.712	O2):33.573	
O1):-0.86	O2):55.871	
O1):-0.792	O2):40.519	
O1):-0.685	O2):31.102	
O1):-0.69	O2):31.299	
O1):-0.767	O2):39.199	
O1):-0.789	O2):40.114	
O1):-0.769	O2):38.438	
O1):-0.698	O2):33.205	
O1):-0.789	O2):40.084	
O1):-0.671	O2):30.093	
O1):-0.747	O2):35.21	
O1):-0.816	O2):45.423	
O1):-0.804	O2):44.986	
O1):-0.744	O2):34.816	
O1):-0.801	O2):43.913	
O1):-0.823	O2):45.543	
O1):-0.81	O2):45.706	
O1):-0.764	O2):36.539	
O1):-0.767	O2):37.569	
O1):-0.848	O2):50.6	
O1):-0.816	O2):45.506	
O1):-0.79	O2):40.256	
O1):-0.802	O2):49.923	
O1):-0.77	O2):38.442	
O1):-0.79	O2):43.699	
O1):-0.712	O2):33.573	
O1):-0.703	O2):33.405	
O1):-0.794	O2):41.145	
Evaluations:	3800
O1):-0.724	O2):34.101	
O1):-0.851	O2):50.853	
O1):-0.723	O2):33.74	
O1):-0.672	O2):30.728	
O1):-0.851	O2):51.459	
O1):-0.775	O2):39.101	
O1):-0.817	O2):50.163	
O1):-0.743	O2):36.246	
O1):-0.788	O2):40.014	
O1):-0.768	O2):38.723	
O1):-0.813	O2):45.0	
O1):-0.774	O2):39.034	
O1):-0.766	O2):38.793	
O1):-0.792	O2):40.519	
O1):-0.7	O2):33.229	
O1):-0.731	O2):35.506	
O1):-0.826	O2):46.235	
O1):-0.804	O2):44.986	
O1):-0.767	O2):39.173	
O1):-0.725	O2):33.969	
O1):-0.774	O2):39.058	
O1):-0.848	O2):50.662	
O1):-0.791	O2):40.473	
O1):-0.78	O2):40.594	
O1):-0.798	O2):43.476	
O1):-0.847	O2):50.55	
O1):-0.776	O2):39.433	
O1):-0.657	O2):29.399	
O1):-0.779	O2):39.795	
O1):-0.679	O2):30.082	
O1):-0.818	O2):45.223	
O1):-0.677	O2):29.651	
O1):-0.747	O2):38.833	
O1):-0.724	O2):33.863	
O1):-0.744	O2):38.489	
O1):-0.82	O2):46.814	
O1):-0.769	O2):38.45	
O1):-0.849	O2):50.883	
O1):-0.676	O2):29.689	
O1):-0.672	O2):30.728	
O1):-0.743	O2):34.958	
O1):-0.867	O2):55.844	
O1):-0.711	O2):33.834	
O1):-0.783	O2):40.928	
O1):-0.715	O2):33.628	
O1):-0.651	O2):29.894	
O1):-0.639	O2):29.185	
O1):-0.826	O2):46.145	
O1):-0.726	O2):35.074	
O1):-0.772	O2):38.729	
O1):-0.823	O2):46.049	
O1):-0.723	O2):33.691	
O1):-0.775	O2):39.407	
O1):-0.771	O2):38.57	
O1):-0.767	O2):38.406	
O1):-0.785	O2):40.674	
O1):-0.792	O2):40.729	
O1):-0.777	O2):39.414	
O1):-0.822	O2):45.697	
Starting PrismExecutor worker 5 on port 15055
Connected worker 5 to port 15055
O1):-0.827	O2):46.243	
O1):-0.801	O2):43.913	
O1):-0.785	O2):44.531	
O1):-0.777	O2):39.481	
O1):-0.743	O2):34.731	
O1):-0.853	O2):51.831	
O1):-0.772	O2):40.476	
O1):-0.707	O2):35.195	
O1):-0.772	O2):38.729	
O1):-0.778	O2):40.322	
O1):-0.686	O2):33.014	
O1):-0.823	O2):45.782	
O1):-0.851	O2):51.063	
O1):-0.669	O2):29.022	
O1):-0.836	O2):50.995	
O1):-0.749	O2):35.841	
O1):-0.798	O2):43.666	
O1):-0.79	O2):40.224	
O1):-0.771	O2):39.946	
O1):-0.796	O2):41.759	
O1):-0.688	O2):31.065	
O1):-0.725	O2):33.994	
O1):-0.74	O2):34.391	
O1):-0.73	O2):34.022	
O1):-0.749	O2):37.911	
O1):-0.761	O2):35.995	
O1):-0.683	O2):30.879	
O1):-0.853	O2):51.831	
O1):-0.791	O2):42.845	
O1):-0.682	O2):30.397	
O1):-0.723	O2):33.656	
O1):-0.765	O2):40.357	
O1):-0.799	O2):44.054	
O1):-0.828	O2):46.938	
O1):-0.747	O2):35.958	
O1):-0.754	O2):37.347	
O1):-0.774	O2):39.058	
O1):-0.705	O2):33.223	
O1):-0.703	O2):33.246	
O1):-0.788	O2):40.014	
O1):-0.678	O2):30.018	
O1):-0.742	O2):34.575	
O1):-0.763	O2):36.469	
O1):-0.826	O2):46.297	
O1):-0.72	O2):33.48	
O1):-0.75	O2):36.654	
O1):-0.742	O2):34.575	
O1):-0.777	O2):39.404	
O1):-0.824	O2):45.776	
O1):-0.765	O2):38.766	
O1):-0.85	O2):50.999	
O1):-0.762	O2):38.332	
O1):-0.771	O2):38.623	
O1):-0.773	O2):39.063	
O1):-0.796	O2):41.759	
O1):-0.806	O2):44.843	
O1):-0.769	O2):38.436	
O1):-0.723	O2):33.69	
O1):-0.808	O2):45.112	
O1):-0.817	O2):45.786	
O1):-0.789	O2):40.084	
O1):-0.713	O2):33.346	
O1):-0.796	O2):43.192	
O1):-0.768	O2):40.03	
O1):-0.776	O2):39.316	
O1):-0.824	O2):46.094	
O1):-0.782	O2):39.955	
O1):-0.798	O2):43.576	
O1):-0.673	O2):29.626	
O1):-0.781	O2):40.076	
O1):-0.755	O2):38.229	
O1):-0.795	O2):41.474	
O1):-0.755	O2):38.229	
O1):-0.774	O2):38.898	
O1):-0.747	O2):35.958	
O1):-0.822	O2):45.475	
O1):-0.847	O2):50.55	
O1):-0.85	O2):51.085	
O1):-0.826	O2):46.149	
O1):-0.842	O2):49.987	
O1):-0.692	O2):35.632	
O1):-0.82	O2):46.814	
O1):-0.828	O2):46.938	
O1):-0.65	O2):28.785	
O1):-0.791	O2):40.527	
O1):-0.778	O2):40.322	
O1):-0.811	O2):44.833	
O1):-0.851	O2):51.324	
O1):-0.745	O2):35.139	
O1):-0.744	O2):34.784	
O1):-0.769	O2):38.436	
O1):-0.769	O2):39.51	
O1):-0.798	O2):43.476	
O1):-0.829	O2):46.883	
O1):-0.773	O2):38.832	
O1):-0.716	O2):33.653	
O1):-0.773	O2):38.832	
O1):-0.723	O2):33.74	
O1):-0.768	O2):38.484	
-------------------------------------------------
SOLUTIONS: 	100

Pareto Front and Pareto set saved at: data/ROBOT50_REP4/NSGAII/
Pareto Front: data/ROBOT50_REP4/NSGAII/ROBOT50_REP4_NSGAII_101012_080926_Front
Pareto Set: data/ROBOT50_REP4/NSGAII/ROBOT50_REP4_NSGAII_101012_080926_Set
O1):-0.656	O2):30.3	
O1):-0.713	O2):33.346	
O1):-0.769	O2):40.17	
O1):-0.723	O2):33.74	
O1):-0.791	O2):40.762	
O1):-0.685	O2):31.012	
O1):-0.715	O2):33.628	
O1):-0.8	O2):44.072	
O1):-0.754	O2):35.748	
O1):-0.772	O2):38.706	
O1):-0.745	O2):35.727	
O1):-0.797	O2):41.877	
O1):-0.769	O2):38.438	
O1):-0.679	O2):30.082	
O1):-0.794	O2):41.161	
O1):-0.742	O2):34.816	
O1):-0.79	O2):40.299	
O1):-0.823	O2):45.663	
Evaluations:	3500
O1):-0.768	O2):38.285	
O1):-0.772	O2):38.674	
O1):-0.754	O2):35.749	
O1):-0.714	O2):33.466	
O1):-0.825	O2):46.312	
O1):-0.743	O2):34.792	
O1):-0.75	O2):37.748	
O1):-0.744	O2):34.839	
O1):-0.792	O2):43.907	
O1):-0.75	O2):39.334	
O1):-0.746	O2):35.778	
O1):-0.763	O2):36.469	
O1):-0.769	O2):38.438	
O1):-0.789	O2):40.132	
O1):-0.801	O2):44.254	
O1):-0.832	O2):50.247	
O1):-0.75	O2):37.766	
O1):-0.766	O2):38.793	
O1):-0.834	O2):49.884	
O1):-0.723	O2):34.092	
O1):-0.845	O2):50.527	
O1):-0.765	O2):38.766	
O1):-0.688	O2):29.966	
O1):-0.799	O2):43.673	
O1):-0.769	O2):38.345	
O1):-0.791	O2):40.469	
O1):-0.651	O2):29.346	
O1):-0.746	O2):35.34	
O1):-0.79	O2):40.256	
O1):-0.803	O2):44.875	
O1):-0.713	O2):33.346	
O1):-0.85	O2):50.79	
O1):-0.794	O2):40.874	
Evaluations:	3900
O1):-0.685	O2):31.102	
O1):-0.735	O2):35.765	
O1):-0.763	O2):36.469	
O1):-0.824	O2):45.891	
O1):-0.682	O2):30.176	
O1):-0.792	O2):40.729	
O1):-0.744	O2):34.784	
O1):-0.807	O2):45.335	
O1):-0.779	O2):40.476	
O1):-0.793	O2):40.838	
O1):-0.773	O2):38.828	
O1):-0.798	O2):43.476	
O1):-0.792	O2):41.685	
O1):-0.798	O2):44.202	
O1):-0.779	O2):40.476	
O1):-0.822	O2):45.447	
O1):-0.752	O2):37.989	
O1):-0.715	O2):33.691	
O1):-0.793	O2):40.743	
O1):-0.67	O2):29.64	
O1):-0.685	O2):31.013	
O1):-0.763	O2):36.469	
O1):-0.688	O2):29.966	
O1):-0.853	O2):51.274	
O1):-0.747	O2):35.958	
O1):-0.868	O2):55.933	
O1):-0.744	O2):34.839	
O1):-0.833	O2):50.336	
O1):-0.744	O2):40.176	
O1):-0.697	O2):35.096	
O1):-0.801	O2):44.254	
O1):-0.776	O2):39.433	
O1):-0.716	O2):33.653	
O1):-0.806	O2):44.843	
O1):-0.656	O2):29.375	
O1):-0.799	O2):44.261	
O1):-0.852	O2):50.955	
O1):-0.801	O2):44.037	
O1):-0.79	O2):45.375	
O1):-0.761	O2):35.903	
O1):-0.725	O2):33.905	
O1):-0.704	O2):33.17	
O1):-0.792	O2):40.861	
O1):-0.791	O2):40.485	
O1):-0.68	O2):30.056	
O1):-0.794	O2):42.011	
O1):-0.754	O2):35.945	
O1):-0.774	O2):39.117	
O1):-0.774	O2):39.117	
O1):-0.75	O2):37.748	
O1):-0.699	O2):33.123	
O1):-0.825	O2):51.002	
O1):-0.798	O2):41.879	
O1):-0.654	O2):29.468	
Evaluations:	3600
O1):-0.731	O2):34.174	
O1):-0.731	O2):34.174	
O1):-0.797	O2):41.977	
O1):-0.791	O2):40.473	
O1):-0.798	O2):42.109	
O1):-0.771	O2):38.727	
O1):-0.789	O2):40.132	
O1):-0.65	O2):28.785	
O1):-0.789	O2):40.118	
O1):-0.793	O2):40.743	
O1):-0.792	O2):40.507	
O1):-0.776	O2):39.475	
O1):-0.79	O2):40.256	
O1):-0.791	O2):40.485	
O1):-0.777	O2):39.596	
O1):-0.725	O2):34.189	
O1):-0.793	O2):40.747	
O1):-0.726	O2):34.214	
O1):-0.81	O2):46.097	
O1):-0.798	O2):41.879	
O1):-0.705	O2):34.826	
O1):-0.722	O2):34.264	
O1):-0.852	O2):50.955	
O1):-0.811	O2):44.92	
O1):-0.66	O2):29.384	
O1):-0.744	O2):34.839	
O1):-0.843	O2):50.077	
O1):-0.782	O2):39.967	
O1):-0.723	O2):33.69	
O1):-0.741	O2):35.925	
O1):-0.712	O2):33.273	
O1):-0.681	O2):30.389	
O1):-0.681	O2):30.389	
O1):-0.747	O2):35.346	
O1):-0.763	O2):36.32	
O1):-0.825	O2):46.312	
O1):-0.789	O2):40.118	
O1):-0.698	O2):33.091	
O1):-0.749	O2):35.469	
O1):-0.774	O2):39.028	
O1):-0.799	O2):44.571	
O1):-0.784	O2):40.391	
O1):-0.718	O2):33.448	
O1):-0.715	O2):33.694	
O1):-0.765	O2):38.678	
O1):-0.78	O2):41.772	
O1):-0.79	O2):43.252	
O1):-0.749	O2):37.603	
O1):-0.829	O2):46.881	
O1):-0.743	O2):34.811	
O1):-0.657	O2):29.388	
O1):-0.794	O2):40.943	
O1):-0.671	O2):30.095	
O1):-0.833	O2):50.639	
O1):-0.852	O2):50.955	
O1):-0.779	O2):40.525	
O1):-0.754	O2):35.739	
O1):-0.767	O2):37.569	
O1):-0.777	O2):39.411	
O1):-0.677	O2):30.043	
O1):-0.77	O2):40.393	
O1):-0.851	O2):51.324	
O1):-0.803	O2):44.875	
O1):-0.791	O2):40.514	
O1):-0.774	O2):39.033	
O1):-0.772	O2):38.832	
O1):-0.775	O2):39.148	
O1):-0.827	O2):46.226	
O1):-0.704	O2):33.17	
O1):-0.766	O2):38.793	
O1):-0.824	O2):45.878	
O1):-0.797	O2):41.877	
O1):-0.762	O2):38.332	
O1):-0.851	O2):51.008	
O1):-0.79	O2):40.327	
O1):-0.788	O2):43.12	
O1):-0.672	O2):29.65	
O1):-0.688	O2):29.966	
O1):-0.747	O2):37.703	
O1):-0.746	O2):35.164	
O1):-0.777	O2):39.475	
O1):-0.799	O2):44.261	
O1):-0.792	O2):40.512	
O1):-0.829	O2):46.883	
O1):-0.687	O2):30.816	
O1):-0.735	O2):34.531	
O1):-0.79	O2):43.705	
O1):-0.754	O2):37.347	
O1):-0.711	O2):33.267	
O1):-0.707	O2):31.108	
O1):-0.778	O2):39.818	
O1):-0.708	O2):34.209	
O1):-0.827	O2):46.226	
O1):-0.715	O2):33.628	
O1):-0.747	O2):37.703	
O1):-0.814	O2):48.358	
O1):-0.731	O2):34.36	
O1):-0.819	O2):45.191	
O1):-0.795	O2):41.12	
O1):-0.774	O2):39.067	
O1):-0.747	O2):35.419	
O1):-0.658	O2):29.472	
O1):-0.788	O2):40.002	
O1):-0.714	O2):34.24	
O1):-0.823	O2):45.699	
O1):-0.824	O2):45.891	
O1):-0.825	O2):46.016	
O1):-0.796	O2):41.156	
O1):-0.735	O2):34.531	
O1):-0.766	O2):42.088	
O1):-0.715	O2):33.628	
O1):-0.714	O2):33.466	
O1):-0.81	O2):46.194	
O1):-0.717	O2):35.181	
O1):-0.745	O2):34.961	
O1):-0.852	O2):50.955	
O1):-0.833	O2):50.451	
O1):-0.639	O2):29.185	
O1):-0.774	O2):38.898	
O1):-0.806	O2):44.843	
Evaluations:	3800
O1):-0.8	O2):43.84	
O1):-0.742	O2):34.575	
O1):-0.761	O2):36.105	
O1):-0.848	O2):50.902	
O1):-0.776	O2):39.355	
O1):-0.745	O2):36.272	
O1):-0.712	O2):33.269	
O1):-0.676	O2):29.803	
O1):-0.799	O2):43.989	
O1):-0.752	O2):37.989	
O1):-0.79	O2):40.259	
O1):-0.843	O2):50.077	
O1):-0.776	O2):39.346	
O1):-0.762	O2):36.289	
O1):-0.744	O2):34.9	
O1):-0.775	O2):40.667	
O1):-0.749	O2):40.099	
O1):-0.71	O2):34.136	
O1):-0.77	O2):38.42	
O1):-0.85	O2):51.085	
O1):-0.794	O2):41.145	
O1):-0.786	O2):43.034	
O1):-0.773	O2):38.828	
O1):-0.761	O2):35.995	
O1):-0.762	O2):38.332	
O1):-0.824	O2):45.891	
O1):-0.8	O2):43.848	
O1):-0.769	O2):38.658	
O1):-0.747	O2):35.419	
O1):-0.82	O2):45.54	
O1):-0.652	O2):29.041	
O1):-0.776	O2):39.433	
O1):-0.688	O2):33.355	
O1):-0.867	O2):55.844	
O1):-0.745	O2):35.727	
O1):-0.78	O2):40.583	
O1):-0.779	O2):40.641	
O1):-0.733	O2):34.313	
O1):-0.792	O2):40.729	
O1):-0.792	O2):40.729	
O1):-0.745	O2):35.019	
O1):-0.774	O2):39.06	
O1):-0.849	O2):50.663	
O1):-0.742	O2):34.575	
O1):-0.762	O2):36.213	
O1):-0.817	O2):45.386	
O1):-0.745	O2):34.956	
O1):-0.705	O2):33.458	
O1):-0.823	O2):46.049	
O1):-0.825	O2):45.872	
O1):-0.744	O2):36.185	
O1):-0.824	O2):46.044	
O1):-0.752	O2):39.502	
O1):-0.761	O2):35.995	
O1):-0.762	O2):36.232	
O1):-0.707	O2):35.196	
O1):-0.753	O2):37.206	
O1):-0.681	O2):30.389	
O1):-0.743	O2):36.172	
O1):-0.674	O2):29.624	
O1):-0.775	O2):39.304	
O1):-0.67	O2):29.64	
O1):-0.696	O2):34.021	
O1):-0.651	O2):29.345	
O1):-0.823	O2):45.705	
O1):-0.777	O2):39.481	
O1):-0.824	O2):45.776	
O1):-0.747	O2):35.346	
O1):-0.801	O2):43.913	
O1):-0.686	O2):33.014	
O1):-0.702	O2):33.173	
O1):-0.784	O2):40.692	
O1):-0.806	O2):45.363	
O1):-0.834	O2):49.884	
O1):-0.775	O2):39.429	
O1):-0.728	O2):34.26	
O1):-0.771	O2):38.569	
O1):-0.656	O2):29.353	
O1):-0.744	O2):34.784	
O1):-0.658	O2):29.488	
O1):-0.734	O2):34.9	
O1):-0.824	O2):45.937	
O1):-0.793	O2):40.784	
O1):-0.769	O2):40.916	
O1):-0.724	O2):34.101	
O1):-0.777	O2):39.421	
O1):-0.774	O2):39.276	
O1):-0.653	O2):29.088	
O1):-0.797	O2):41.97	
O1):-0.801	O2):43.913	
O1):-0.688	O2):31.065	
O1):-0.782	O2):39.955	
O1):-0.824	O2):46.094	
O1):-0.74	O2):34.391	
O1):-0.726	O2):34.145	
O1):-0.742	O2):34.494	
O1):-0.832	O2):50.247	
O1):-0.849	O2):50.868	
O1):-0.779	O2):40.535	
O1):-0.823	O2):45.875	
O1):-0.825	O2):46.312	
O1):-0.82	O2):46.814	
O1):-0.799	O2):43.989	
O1):-0.639	O2):29.187	
O1):-0.777	O2):39.411	
O1):-0.776	O2):39.433	
O1):-0.796	O2):41.167	
O1):-0.849	O2):50.749	
O1):-0.816	O2):45.376	
O1):-0.79	O2):43.639	
O1):-0.843	O2):50.077	
O1):-0.793	O2):40.768	
O1):-0.716	O2):33.653	
O1):-0.742	O2):35.928	
O1):-0.796	O2):41.934	
O1):-0.823	O2):45.78	
O1):-0.803	O2):44.973	
O1):-0.793	O2):40.838	
O1):-0.688	O2):29.966	
O1):-0.772	O2):38.715	
O1):-0.822	O2):45.475	
O1):-0.77	O2):38.442	
O1):-0.764	O2):36.996	
O1):-0.775	O2):39.407	
O1):-0.796	O2):41.759	
O1):-0.774	O2):39.058	
O1):-0.824	O2):45.776	
O1):-0.774	O2):39.15	
O1):-0.767	O2):38.965	
O1):-0.778	O2):40.322	
O1):-0.794	O2):41.161	
O1):-0.792	O2):40.512	
O1):-0.796	O2):41.198	
O1):-0.749	O2):37.603	
O1):-0.712	O2):33.88	
O1):-0.802	O2):44.12	
O1):-0.764	O2):36.524	
O1):-0.824	O2):46.096	
O1):-0.791	O2):40.762	
O1):-0.799	O2):43.703	
O1):-0.821	O2):45.325	
O1):-0.731	O2):34.36	
O1):-0.649	O2):29.298	
O1):-0.683	O2):30.879	
O1):-0.814	O2):48.358	
O1):-0.689	O2):31.007	
O1):-0.791	O2):40.485	
O1):-0.766	O2):39.837	
O1):-0.689	O2):31.006	
O1):-0.835	O2):50.667	
O1):-0.861	O2):55.932	
O1):-0.801	O2):44.254	
O1):-0.815	O2):45.226	
O1):-0.759	O2):35.781	
O1):-0.72	O2):33.48	
O1):-0.793	O2):40.784	
O1):-0.813	O2):45.0	
O1):-0.653	O2):29.088	
O1):-0.793	O2):40.743	
O1):-0.774	O2):39.24	
O1):-0.731	O2):34.174	
O1):-0.75	O2):36.634	
O1):-0.826	O2):46.279	
O1):-0.766	O2):38.793	
O1):-0.836	O2):50.995	
O1):-0.676	O2):29.803	
O1):-0.791	O2):40.441	
O1):-0.851	O2):51.459	
O1):-0.664	O2):30.071	
O1):-0.851	O2):50.853	
O1):-0.772	O2):38.791	
O1):-0.793	O2):40.784	
O1):-0.723	O2):34.089	
O1):-0.769	O2):38.436	
O1):-0.745	O2):35.02	
O1):-0.702	O2):33.174	
O1):-0.77	O2):38.41	
O1):-0.702	O2):35.241	
O1):-0.735	O2):34.531	
O1):-0.784	O2):40.391	
O1):-0.826	O2):46.145	
O1):-0.658	O2):29.488	
O1):-0.793	O2):40.799	
O1):-0.785	O2):44.582	
O1):-0.748	O2):37.885	
O1):-0.723	O2):33.632	
O1):-0.784	O2):40.692	
O1):-0.792	O2):40.514	
O1):-0.674	O2):29.623	
O1):-0.862	O2):56.187	
O1):-0.798	O2):41.879	
O1):-0.784	O2):40.391	
O1):-0.683	O2):30.879	
O1):-0.651	O2):28.786	
O1):-0.823	O2):45.663	
O1):-0.763	O2):38.263	
O1):-0.731	O2):35.355	
O1):-0.782	O2):39.955	
O1):-0.723	O2):33.74	
O1):-0.789	O2):40.134	
O1):-0.763	O2):38.279	
O1):-0.715	O2):33.691	
O1):-0.822	O2):45.475	
O1):-0.789	O2):40.132	
O1):-0.693	O2):30.714	
O1):-0.719	O2):33.461	
O1):-0.832	O2):50.268	
O1):-0.74	O2):34.391	
O1):-0.762	O2):36.213	
O1):-0.776	O2):39.637	
O1):-0.744	O2):34.895	
O1):-0.781	O2):40.076	
O1):-0.747	O2):35.346	
O1):-0.793	O2):42.999	
O1):-0.801	O2):43.913	
O1):-0.831	O2):50.109	
O1):-0.793	O2):41.788	
O1):-0.754	O2):37.347	
O1):-0.724	O2):33.863	
O1):-0.774	O2):39.067	
O1):-0.828	O2):50.014	
O1):-0.743	O2):34.792	
O1):-0.747	O2):35.424	
O1):-0.776	O2):39.318	
O1):-0.794	O2):40.818	
O1):-0.815	O2):48.542	
O1):-0.672	O2):30.728	
O1):-0.796	O2):41.759	
O1):-0.729	O2):34.64	
O1):-0.833	O2):49.841	
O1):-0.849	O2):50.868	
O1):-0.726	O2):34.214	
O1):-0.85	O2):51.085	
O1):-0.798	O2):43.476	
O1):-0.683	O2):34.742	
O1):-0.833	O2):49.841	
O1):-0.751	O2):38.356	
O1):-0.796	O2):41.167	
O1):-0.748	O2):36.057	
O1):-0.853	O2):51.274	
O1):-0.849	O2):50.868	
O1):-0.823	O2):46.049	
O1):-0.814	O2):48.359	
O1):-0.703	O2):33.405	
O1):-0.794	O2):40.934	
Evaluations:	3800
O1):-0.769	O2):38.658	
O1):-0.741	O2):35.057	
O1):-0.798	O2):43.666	
O1):-0.763	O2):38.279	
O1):-0.794	O2):45.926	
O1):-0.671	O2):30.093	
O1):-0.696	O2):31.293	
O1):-0.73	O2):34.121	
O1):-0.795	O2):43.058	
O1):-0.767	O2):38.406	
O1):-0.704	O2):33.17	
O1):-0.791	O2):40.485	
O1):-0.723	O2):33.69	
O1):-0.747	O2):37.703	
O1):-0.726	O2):34.145	
O1):-0.797	O2):41.975	
O1):-0.746	O2):35.778	
O1):-0.778	O2):39.568	
O1):-0.658	O2):29.488	
O1):-0.82	O2):45.873	
O1):-0.73	O2):34.624	
O1):-0.818	O2):45.223	
O1):-0.75	O2):36.654	
O1):-0.722	O2):33.666	
O1):-0.725	O2):33.953	
O1):-0.788	O2):39.972	
O1):-0.804	O2):44.986	
O1):-0.793	O2):40.799	
O1):-0.79	O2):40.259	
O1):-0.706	O2):33.411	
O1):-0.775	O2):40.112	
O1):-0.672	O2):30.06	
O1):-0.775	O2):39.101	
O1):-0.804	O2):44.986	
O1):-0.745	O2):35.038	
O1):-0.651	O2):28.786	
O1):-0.731	O2):34.03	
O1):-0.798	O2):43.666	
O1):-0.772	O2):39.912	
O1):-0.826	O2):46.361	
O1):-0.734	O2):34.9	
O1):-0.749	O2):37.911	
O1):-0.749	O2):35.715	
O1):-0.817	O2):45.071	
O1):-0.803	O2):45.15	
O1):-0.817	O2):45.751	
O1):-0.779	O2):39.795	
O1):-0.658	O2):29.303	
O1):-0.745	O2):34.961	
O1):-0.687	O2):34.658	
O1):-0.724	O2):34.101	
O1):-0.774	O2):39.058	
O1):-0.86	O2):55.871	
O1):-0.827	O2):46.243	
O1):-0.685	O2):31.012	
O1):-0.827	O2):46.226	
O1):-0.833	O2):50.336	
O1):-0.767	O2):37.569	
O1):-0.791	O2):40.507	
O1):-0.764	O2):36.612	
Evaluations:	3300
O1):-0.657	O2):29.498	
O1):-0.762	O2):40.771	
O1):-0.833	O2):50.336	
O1):-0.85	O2):50.653	
O1):-0.807	O2):45.1	
O1):-0.793	O2):41.552	
O1):-0.808	O2):45.12	
O1):-0.779	O2):39.795	
O1):-0.79	O2):40.256	
O1):-0.764	O2):41.565	
O1):-0.766	O2):37.248	
O1):-0.777	O2):39.422	
O1):-0.791	O2):40.421	
O1):-0.824	O2):45.995	
O1):-0.749	O2):37.911	
O1):-0.801	O2):43.913	
O1):-0.824	O2):45.776	
O1):-0.85	O2):51.061	
O1):-0.848	O2):50.826	
O1):-0.825	O2):46.016	
O1):-0.827	O2):46.49	
O1):-0.72	O2):34.186	
O1):-0.777	O2):39.481	
O1):-0.649	O2):29.298	
O1):-0.795	O2):41.091	
O1):-0.771	O2):38.687	
O1):-0.794	O2):40.934	
O1):-0.79	O2):40.327	
O1):-0.774	O2):38.898	
O1):-0.826	O2):46.055	
O1):-0.703	O2):33.405	
O1):-0.746	O2):35.34	
Evaluations:	3900
O1):-0.724	O2):33.775	
O1):-0.851	O2):51.459	
O1):-0.712	O2):34.242	
O1):-0.847	O2):50.432	
O1):-0.807	O2):45.1	
O1):-0.728	O2):34.423	
O1):-0.726	O2):34.214	
O1):-0.724	O2):33.775	
O1):-0.797	O2):41.877	
O1):-0.796	O2):41.198	
O1):-0.791	O2):40.762	
O1):-0.682	O2):30.176	
O1):-0.735	O2):34.531	
O1):-0.822	O2):45.475	
O1):-0.773	O2):38.832	
O1):-0.712	O2):35.592	
O1):-0.726	O2):34.214	
O1):-0.763	O2):36.582	
O1):-0.763	O2):36.582	
O1):-0.824	O2):45.776	
O1):-0.762	O2):38.332	
O1):-0.779	O2):39.795	
O1):-0.685	O2):31.012	
O1):-0.66	O2):29.384	
O1):-0.846	O2):50.331	
O1):-0.707	O2):34.25	
O1):-0.778	O2):39.818	
O1):-0.658	O2):29.488	
O1):-0.846	O2):50.331	
O1):-0.799	O2):43.673	
O1):-0.829	O2):46.881	
O1):-0.778	O2):39.818	
O1):-0.824	O2):45.85	
O1):-0.726	O2):35.076	
O1):-0.803	O2):44.973	
O1):-0.726	O2):35.076	
O1):-0.79	O2):40.281	
O1):-0.85	O2):51.085	
O1):-0.753	O2):38.753	
O1):-0.704	O2):33.17	
O1):-0.779	O2):39.747	
O1):-0.707	O2):33.635	
O1):-0.773	O2):38.832	
O1):-0.807	O2):45.1	
O1):-0.782	O2):39.967	
O1):-0.745	O2):35.154	
O1):-0.744	O2):36.212	
O1):-0.775	O2):39.429	
O1):-0.841	O2):50.669	
O1):-0.827	O2):46.692	
O1):-0.762	O2):36.213	
O1):-0.735	O2):34.315	
O1):-0.789	O2):40.147	
O1):-0.829	O2):47.023	
O1):-0.776	O2):39.433	
O1):-0.773	O2):38.832	
O1):-0.748	O2):39.213	
O1):-0.685	O2):31.102	
O1):-0.68	O2):30.057	
O1):-0.827	O2):46.214	
O1):-0.774	O2):39.067	
O1):-0.692	O2):33.693	
O1):-0.849	O2):50.868	
O1):-0.763	O2):38.279	
O1):-0.762	O2):36.213	
O1):-0.776	O2):39.434	
O1):-0.824	O2):45.755	
O1):-0.803	O2):44.73	
O1):-0.664	O2):29.267	
O1):-0.752	O2):37.989	
O1):-0.731	O2):34.715	
O1):-0.772	O2):38.674	
O1):-0.796	O2):43.192	
O1):-0.714	O2):33.427	
O1):-0.792	O2):40.729	
O1):-0.759	O2):35.781	
O1):-0.772	O2):38.791	
O1):-0.79	O2):40.301	
O1):-0.712	O2):33.269	
O1):-0.773	O2):40.507	
O1):-0.784	O2):40.596	
O1):-0.868	O2):55.933	
O1):-0.756	O2):38.477	
O1):-0.847	O2):50.432	
O1):-0.734	O2):35.608	
O1):-0.825	O2):46.196	
O1):-0.779	O2):39.795	
O1):-0.69	O2):33.709	
O1):-0.722	O2):38.893	
O1):-0.731	O2):34.03	
O1):-0.776	O2):39.682	
O1):-0.756	O2):36.113	
O1):-0.762	O2):38.375	
O1):-0.794	O2):40.943	
O1):-0.795	O2):40.983	
O1):-0.75	O2):35.454	
O1):-0.82	O2):46.814	
O1):-0.819	O2):45.207	
O1):-0.826	O2):46.041	
O1):-0.772	O2):38.725	
O1):-0.672	O2):29.65	
O1):-0.772	O2):38.715	
O1):-0.777	O2):40.082	
O1):-0.707	O2):33.836	
O1):-0.828	O2):46.675	
O1):-0.704	O2):33.17	
O1):-0.757	O2):38.75	
O1):-0.656	O2):29.375	
O1):-0.823	O2):45.782	
O1):-0.725	O2):35.681	
O1):-0.775	O2):39.3	
O1):-0.745	O2):38.609	
O1):-0.796	O2):41.156	
O1):-0.732	O2):35.605	
O1):-0.767	O2):37.569	
O1):-0.792	O2):40.514	
O1):-0.777	O2):39.718	
O1):-0.851	O2):51.459	
O1):-0.793	O2):40.838	
O1):-0.74	O2):34.391	
O1):-0.772	O2):38.803	
O1):-0.769	O2):38.327	
O1):-0.766	O2):38.793	
O1):-0.832	O2):50.247	
O1):-0.762	O2):36.289	
O1):-0.776	O2):39.316	
O1):-0.803	O2):44.875	
O1):-0.849	O2):50.868	
O1):-0.774	O2):39.06	
O1):-0.794	O2):40.934	
O1):-0.824	O2):45.776	
O1):-0.745	O2):35.038	
O1):-0.732	O2):34.899	
O1):-0.681	O2):30.389	
O1):-0.794	O2):40.943	
O1):-0.769	O2):39.119	
O1):-0.714	O2):33.493	
O1):-0.777	O2):39.596	
O1):-0.795	O2):43.599	
O1):-0.807	O2):45.471	
O1):-0.793	O2):40.838	
O1):-0.66	O2):29.384	
O1):-0.724	O2):35.786	
O1):-0.735	O2):34.531	
O1):-0.762	O2):36.232	
O1):-0.85	O2):51.085	
O1):-0.821	O2):45.868	
O1):-0.654	O2):29.468	
O1):-0.828	O2):46.566	
O1):-0.85	O2):50.966	
O1):-0.803	O2):44.875	
O1):-0.823	O2):45.543	
O1):-0.853	O2):51.831	
O1):-0.824	O2):45.932	
O1):-0.848	O2):50.662	
O1):-0.714	O2):33.466	
O1):-0.8	O2):43.84	
O1):-0.73	O2):34.121	
O1):-0.677	O2):33.683	
-------------------------------------------------
SOLUTIONS: 	100

Pareto Front and Pareto set saved at: data/ROBOT50_REP3/NSGAII/
Pareto Front: data/ROBOT50_REP3/NSGAII/ROBOT50_REP3_NSGAII_102803_080926_Front
Pareto Set: data/ROBOT50_REP3/NSGAII/ROBOT50_REP3_NSGAII_102803_080926_Set
O1):-0.734	O2):35.124	
O1):-0.807	O2):45.335	
O1):-0.789	O2):40.146	
Evaluations:	3600
O1):-0.77	O2):38.524	
O1):-0.74	O2):34.391	
O1):-0.679	O2):30.124	
O1):-0.862	O2):56.187	
O1):-0.723	O2):33.695	
O1):-0.774	O2):38.898	
O1):-0.754	O2):37.347	
O1):-0.794	O2):40.943	
O1):-0.662	O2):29.022	
O1):-0.779	O2):40.381	
O1):-0.827	O2):46.692	
O1):-0.723	O2):34.239	
O1):-0.717	O2):34.613	
O1):-0.778	O2):40.322	
O1):-0.803	O2):45.15	
O1):-0.78	O2):40.583	
O1):-0.793	O2):40.838	
O1):-0.754	O2):37.347	
O1):-0.847	O2):50.55	
O1):-0.796	O2):41.759	
O1):-0.79	O2):40.256	
O1):-0.827	O2):46.692	
O1):-0.818	O2):45.574	
O1):-0.868	O2):55.933	
O1):-0.811	O2):44.855	
O1):-0.772	O2):38.715	
O1):-0.723	O2):33.695	
O1):-0.676	O2):29.803	
O1):-0.746	O2):35.34	
O1):-0.744	O2):35.021	
O1):-0.769	O2):38.438	
O1):-0.824	O2):46.172	
O1):-0.764	O2):36.996	
O1):-0.725	O2):33.938	
O1):-0.86	O2):55.871	
O1):-0.829	O2):46.881	
O1):-0.82	O2):45.439	
O1):-0.77	O2):38.442	
O1):-0.713	O2):33.346	
O1):-0.86	O2):55.871	
O1):-0.743	O2):36.172	
O1):-0.766	O2):37.248	
O1):-0.794	O2):41.161	
O1):-0.723	O2):33.69	
O1):-0.828	O2):50.014	
O1):-0.825	O2):46.312	
O1):-0.685	O2):31.012	
O1):-0.823	O2):45.893	
O1):-0.813	O2):45.0	
O1):-0.803	O2):44.73	
O1):-0.824	O2):45.996	
O1):-0.799	O2):44.054	
O1):-0.767	O2):37.569	
O1):-0.819	O2):45.191	
O1):-0.73	O2):34.121	
O1):-0.711	O2):33.19	
O1):-0.664	O2):29.267	
O1):-0.76	O2):39.856	
O1):-0.778	O2):39.818	
O1):-0.651	O2):28.921	
O1):-0.792	O2):40.514	
O1):-0.846	O2):50.581	
O1):-0.796	O2):43.347	
O1):-0.813	O2):47.998	
O1):-0.753	O2):40.891	
O1):-0.773	O2):40.73	
O1):-0.798	O2):43.73	
O1):-0.752	O2):37.989	
O1):-0.841	O2):50.669	
O1):-0.756	O2):38.321	
O1):-0.714	O2):34.632	
O1):-0.658	O2):29.488	
O1):-0.747	O2):35.419	
O1):-0.741	O2):34.633	
O1):-0.827	O2):46.243	
O1):-0.853	O2):55.364	
O1):-0.676	O2):29.689	
O1):-0.772	O2):38.723	
O1):-0.833	O2):50.336	
O1):-0.731	O2):34.174	
O1):-0.724	O2):33.95	
O1):-0.69	O2):29.996	
O1):-0.734	O2):34.9	
Evaluations:	3900
O1):-0.793	O2):41.113	
O1):-0.827	O2):46.214	
O1):-0.797	O2):41.878	
O1):-0.674	O2):29.623	
O1):-0.688	O2):29.966	
O1):-0.776	O2):39.682	
O1):-0.743	O2):34.811	
O1):-0.711	O2):33.267	
O1):-0.822	O2):45.447	
O1):-0.852	O2):55.289	
O1):-0.774	O2):39.028	
O1):-0.798	O2):42.061	
O1):-0.774	O2):39.028	
O1):-0.821	O2):45.913	
O1):-0.736	O2):34.135	
O1):-0.754	O2):35.739	
O1):-0.868	O2):55.933	
O1):-0.85	O2):50.653	
O1):-0.798	O2):43.476	
O1):-0.849	O2):50.749	
O1):-0.801	O2):44.254	
O1):-0.799	O2):43.989	
O1):-0.853	O2):51.274	
O1):-0.651	O2):28.786	
O1):-0.743	O2):34.812	
O1):-0.802	O2):45.402	
O1):-0.798	O2):43.576	
O1):-0.782	O2):39.967	
O1):-0.747	O2):35.958	
O1):-0.707	O2):35.458	
O1):-0.765	O2):38.767	
O1):-0.77	O2):38.442	
O1):-0.703	O2):33.316	
O1):-0.832	O2):50.247	
O1):-0.764	O2):36.996	
O1):-0.813	O2):45.0	
O1):-0.776	O2):39.433	
O1):-0.789	O2):40.312	
O1):-0.775	O2):39.101	
O1):-0.791	O2):40.762	
O1):-0.781	O2):40.975	
O1):-0.672	O2):30.06	
O1):-0.789	O2):40.146	
O1):-0.822	O2):45.446	
O1):-0.792	O2):40.729	
O1):-0.789	O2):40.146	
O1):-0.711	O2):33.19	
O1):-0.77	O2):40.834	
O1):-0.8	O2):43.84	
O1):-0.792	O2):40.504	
O1):-0.65	O2):28.785	
O1):-0.75	O2):37.748	
O1):-0.818	O2):45.884	
O1):-0.792	O2):40.635	
O1):-0.823	O2):45.782	
O1):-0.79	O2):40.259	
O1):-0.729	O2):34.622	
O1):-0.77	O2):38.442	
O1):-0.764	O2):37.128	
O1):-0.791	O2):40.342	
O1):-0.85	O2):50.608	
O1):-0.798	O2):43.517	
O1):-0.776	O2):39.32	
O1):-0.772	O2):39.037	
O1):-0.754	O2):35.739	
O1):-0.773	O2):41.101	
O1):-0.778	O2):40.322	
O1):-0.743	O2):34.811	
O1):-0.749	O2):39.599	
Evaluations:	3700
O1):-0.744	O2):34.784	
O1):-0.824	O2):45.776	
O1):-0.707	O2):33.635	
O1):-0.822	O2):45.475	
O1):-0.824	O2):45.995	
O1):-0.79	O2):45.373	
O1):-0.725	O2):33.905	
O1):-0.775	O2):39.772	
O1):-0.745	O2):35.038	
O1):-0.791	O2):40.445	
O1):-0.707	O2):33.635	
O1):-0.72	O2):37.258	
O1):-0.851	O2):51.008	
O1):-0.829	O2):46.883	
O1):-0.73	O2):34.121	
O1):-0.662	O2):29.022	
O1):-0.829	O2):46.881	
O1):-0.821	O2):45.307	
O1):-0.796	O2):41.198	
O1):-0.798	O2):43.666	
O1):-0.686	O2):33.014	
O1):-0.688	O2):29.966	
O1):-0.735	O2):34.315	
O1):-0.826	O2):46.149	
O1):-0.728	O2):34.455	
O1):-0.798	O2):43.576	
O1):-0.653	O2):29.099	
O1):-0.851	O2):50.936	
O1):-0.824	O2):46.094	
O1):-0.77	O2):38.683	
O1):-0.825	O2):45.976	
O1):-0.772	O2):39.037	
O1):-0.774	O2):39.028	
O1):-0.827	O2):46.52	
O1):-0.851	O2):51.324	
O1):-0.775	O2):39.135	
O1):-0.714	O2):33.493	
O1):-0.788	O2):40.014	
O1):-0.85	O2):50.79	
O1):-0.76	O2):35.957	
O1):-0.742	O2):35.756	
O1):-0.775	O2):39.077	
O1):-0.8	O2):43.84	
O1):-0.768	O2):40.312	
O1):-0.824	O2):45.891	
O1):-0.831	O2):50.12	
O1):-0.682	O2):30.177	
O1):-0.745	O2):35.154	
O1):-0.715	O2):33.691	
O1):-0.792	O2):40.729	
O1):-0.819	O2):45.191	
O1):-0.703	O2):33.405	
O1):-0.69	O2):29.994	
O1):-0.825	O2):46.312	
O1):-0.652	O2):29.041	
O1):-0.845	O2):50.407	
O1):-0.833	O2):49.841	
O1):-0.68	O2):30.326	
O1):-0.833	O2):49.841	
O1):-0.763	O2):39.578	
O1):-0.762	O2):36.232	
O1):-0.853	O2):51.831	
O1):-0.823	O2):45.874	
O1):-0.788	O2):39.972	
O1):-0.743	O2):36.172	
O1):-0.76	O2):35.977	
O1):-0.658	O2):29.303	
O1):-0.649	O2):29.298	
O1):-0.842	O2):49.987	
O1):-0.713	O2):33.346	
O1):-0.846	O2):50.331	
O1):-0.786	O2):40.674	
O1):-0.711	O2):33.834	
O1):-0.712	O2):33.899	
O1):-0.806	O2):44.843	
O1):-0.827	O2):46.492	
O1):-0.78	O2):40.583	
O1):-0.763	O2):38.279	
O1):-0.833	O2):49.841	
O1):-0.797	O2):43.525	
O1):-0.772	O2):39.037	
O1):-0.834	O2):50.632	
O1):-0.736	O2):34.529	
O1):-0.789	O2):40.102	
O1):-0.817	O2):45.386	
O1):-0.789	O2):40.09	
O1):-0.76	O2):35.957	
O1):-0.77	O2):38.601	
O1):-0.845	O2):50.527	
O1):-0.731	O2):34.715	
O1):-0.764	O2):36.612	
O1):-0.781	O2):40.076	
O1):-0.829	O2):46.881	
O1):-0.851	O2):51.459	
O1):-0.749	O2):37.603	
O1):-0.795	O2):41.473	
O1):-0.744	O2):34.784	
O1):-0.777	O2):39.501	
O1):-0.831	O2):50.109	
O1):-0.848	O2):50.902	
O1):-0.771	O2):38.595	
O1):-0.846	O2):50.331	
O1):-0.792	O2):40.504	
O1):-0.793	O2):40.838	
O1):-0.725	O2):33.9	
O1):-0.676	O2):29.803	
O1):-0.834	O2):49.884	
O1):-0.729	O2):34.823	
O1):-0.765	O2):38.767	
O1):-0.77	O2):38.539	
O1):-0.829	O2):46.881	
O1):-0.836	O2):49.974	
O1):-0.755	O2):39.606	
O1):-0.688	O2):31.065	
O1):-0.803	O2):44.73	
O1):-0.762	O2):36.202	
O1):-0.756	O2):38.321	
O1):-0.731	O2):34.715	
O1):-0.775	O2):39.429	
O1):-0.688	O2):31.065	
O1):-0.764	O2):36.612	
O1):-0.82	O2):45.34	
O1):-0.774	O2):39.24	
O1):-0.79	O2):40.256	
O1):-0.698	O2):33.091	
O1):-0.811	O2):48.703	
O1):-0.85	O2):50.653	
O1):-0.823	O2):46.049	
O1):-0.746	O2):37.585	
O1):-0.762	O2):39.883	
O1):-0.778	O2):40.368	
O1):-0.829	O2):46.881	
O1):-0.672	O2):30.06	
O1):-0.822	O2):45.697	
O1):-0.744	O2):34.784	
O1):-0.763	O2):38.352	
O1):-0.684	O2):30.811	
O1):-0.677	O2):29.815	
O1):-0.763	O2):38.269	
O1):-0.66	O2):29.384	
O1):-0.752	O2):37.989	
O1):-0.772	O2):38.792	
O1):-0.821	O2):45.325	
O1):-0.748	O2):37.895	
O1):-0.777	O2):40.921	
O1):-0.743	O2):36.172	
O1):-0.683	O2):30.877	
O1):-0.73	O2):34.022	
O1):-0.779	O2):39.798	
O1):-0.796	O2):41.759	
O1):-0.823	O2):46.049	
O1):-0.816	O2):45.63	
O1):-0.715	O2):33.628	
O1):-0.746	O2):35.345	
O1):-0.746	O2):37.585	
O1):-0.777	O2):40.178	
O1):-0.76	O2):40.155	
O1):-0.747	O2):35.383	
O1):-0.725	O2):33.955	
O1):-0.787	O2):46.353	
O1):-0.726	O2):34.214	
O1):-0.743	O2):34.811	
O1):-0.685	O2):31.102	
O1):-0.658	O2):29.487	
O1):-0.817	O2):45.071	
O1):-0.778	O2):39.675	
O1):-0.705	O2):33.478	
O1):-0.801	O2):43.913	
O1):-0.748	O2):36.121	
O1):-0.846	O2):50.581	
O1):-0.798	O2):41.879	
O1):-0.77	O2):38.601	
O1):-0.775	O2):39.101	
O1):-0.765	O2):38.766	
O1):-0.844	O2):50.266	
O1):-0.759	O2):40.311	
O1):-0.744	O2):34.784	
O1):-0.791	O2):40.45	
O1):-0.75	O2):36.634	
O1):-0.744	O2):34.839	
O1):-0.694	O2):30.95	
O1):-0.718	O2):33.318	
O1):-0.744	O2):34.784	
O1):-0.747	O2):35.419	
O1):-0.736	O2):34.135	
O1):-0.749	O2):37.603	
O1):-0.705	O2):33.458	
O1):-0.851	O2):51.324	
O1):-0.833	O2):50.451	
O1):-0.826	O2):46.512	
O1):-0.69	O2):31.299	
Evaluations:	3900
O1):-0.829	O2):46.881	
O1):-0.672	O2):30.06	
O1):-0.774	O2):39.167	
O1):-0.791	O2):40.441	
O1):-0.786	O2):43.037	
O1):-0.749	O2):37.911	
O1):-0.778	O2):40.322	
O1):-0.711	O2):33.19	
O1):-0.736	O2):34.135	
O1):-0.754	O2):37.347	
O1):-0.806	O2):44.843	
O1):-0.747	O2):35.958	
O1):-0.822	O2):45.697	
O1):-0.833	O2):50.451	
O1):-0.803	O2):44.875	
O1):-0.833	O2):50.357	
O1):-0.792	O2):40.635	
O1):-0.868	O2):55.933	
O1):-0.763	O2):38.279	
O1):-0.726	O2):34.214	
O1):-0.65	O2):28.785	
O1):-0.781	O2):40.076	
O1):-0.77	O2):38.539	
O1):-0.826	O2):46.166	
O1):-0.807	O2):45.1	
O1):-0.794	O2):40.943	
O1):-0.807	O2):45.1	
O1):-0.719	O2):33.461	
O1):-0.672	O2):30.06	
O1):-0.745	O2):35.727	
O1):-0.776	O2):39.353	
O1):-0.751	O2):36.736	
O1):-0.707	O2):31.108	
O1):-0.791	O2):40.507	
O1):-0.75	O2):35.454	
O1):-0.821	O2):45.325	
O1):-0.759	O2):40.536	
O1):-0.823	O2):45.699	
O1):-0.798	O2):42.109	
O1):-0.801	O2):43.913	
O1):-0.75	O2):37.748	
O1):-0.714	O2):33.34	
O1):-0.774	O2):38.899	
O1):-0.775	O2):39.407	
O1):-0.747	O2):35.419	
O1):-0.639	O2):29.185	
O1):-0.867	O2):55.844	
O1):-0.745	O2):35.727	
O1):-0.742	O2):34.575	
O1):-0.847	O2):50.432	
O1):-0.748	O2):39.243	
O1):-0.817	O2):45.386	
O1):-0.73	O2):34.022	
O1):-0.762	O2):36.26	
O1):-0.772	O2):38.723	
O1):-0.771	O2):42.178	
O1):-0.693	O2):30.714	
O1):-0.772	O2):38.715	
O1):-0.815	O2):48.54	
O1):-0.777	O2):39.481	
O1):-0.792	O2):41.436	
O1):-0.736	O2):35.611	
O1):-0.782	O2):39.975	
O1):-0.782	O2):39.967	
O1):-0.792	O2):40.504	
O1):-0.746	O2):35.778	
O1):-0.791	O2):40.724	
O1):-0.72	O2):35.408	
O1):-0.77	O2):38.427	
O1):-0.772	O2):38.728	
O1):-0.765	O2):38.766	
O1):-0.807	O2):45.335	
O1):-0.777	O2):39.442	
O1):-0.761	O2):35.903	
O1):-0.767	O2):37.569	
O1):-0.708	O2):33.361	
O1):-0.658	O2):29.488	
O1):-0.79	O2):40.256	
O1):-0.776	O2):39.355	
O1):-0.764	O2):36.996	
O1):-0.77	O2):38.539	
O1):-0.776	O2):40.544	
O1):-0.791	O2):40.762	
O1):-0.744	O2):34.792	
O1):-0.794	O2):41.161	
O1):-0.794	O2):40.943	
O1):-0.731	O2):34.715	
O1):-0.742	O2):34.575	
O1):-0.745	O2):35.022	
-------------------------------------------------
SOLUTIONS: 	100

Pareto Front and Pareto set saved at: data/ROBOT50_REP2/NSGAII/
Pareto Front: data/ROBOT50_REP2/NSGAII/ROBOT50_REP2_NSGAII_104011_080926_Front
Pareto Set: data/ROBOT50_REP2/NSGAII/ROBOT50_REP2_NSGAII_104011_080926_Set
O1):-0.681	O2):30.389	
O1):-0.803	O2):44.73	
O1):-0.698	O2):33.091	
O1):-0.796	O2):41.156	
O1):-0.776	O2):40.131	
O1):-0.724	O2):34.101	
O1):-0.684	O2):30.811	
O1):-0.819	O2):45.894	
O1):-0.698	O2):33.534	
O1):-0.779	O2):40.381	
O1):-0.862	O2):56.187	
O1):-0.82	O2):46.814	
O1):-0.818	O2):45.223	
O1):-0.777	O2):39.481	
O1):-0.743	O2):34.811	
O1):-0.791	O2):40.61	
O1):-0.748	O2):36.057	
O1):-0.77	O2):38.41	
O1):-0.844	O2):50.266	
O1):-0.639	O2):29.184	
O1):-0.812	O2):50.83	
O1):-0.732	O2):35.333	
O1):-0.789	O2):44.645	
O1):-0.79	O2):40.281	
O1):-0.777	O2):39.411	
O1):-0.849	O2):50.663	
O1):-0.767	O2):38.406	
O1):-0.667	O2):29.553	
O1):-0.772	O2):38.791	
O1):-0.748	O2):37.885	
O1):-0.703	O2):33.405	
O1):-0.792	O2):40.713	
O1):-0.799	O2):43.703	
O1):-0.728	O2):34.902	
O1):-0.639	O2):29.185	
O1):-0.636	O2):28.956	
O1):-0.763	O2):36.582	
Evaluations:	3400
O1):-0.825	O2):45.976	
O1):-0.827	O2):46.49	
O1):-0.797	O2):43.526	
O1):-0.798	O2):43.666	
O1):-0.845	O2):50.527	
O1):-0.794	O2):40.818	
O1):-0.761	O2):35.903	
O1):-0.849	O2):50.663	
O1):-0.724	O2):34.101	
O1):-0.763	O2):38.279	
O1):-0.779	O2):39.798	
O1):-0.7	O2):34.891	
O1):-0.798	O2):41.991	
O1):-0.729	O2):35.068	
O1):-0.711	O2):33.19	
O1):-0.851	O2):51.008	
O1):-0.745	O2):35.727	
O1):-0.786	O2):43.034	
O1):-0.792	O2):43.81	
O1):-0.792	O2):43.81	
O1):-0.652	O2):29.041	
O1):-0.701	O2):33.024	
O1):-0.704	O2):33.17	
O1):-0.711	O2):33.19	
O1):-0.745	O2):35.727	
O1):-0.711	O2):33.19	
O1):-0.658	O2):29.488	
O1):-0.804	O2):44.986	
O1):-0.7	O2):33.23	
O1):-0.801	O2):44.254	
O1):-0.851	O2):51.324	
O1):-0.734	O2):35.075	
O1):-0.668	O2):29.555	
O1):-0.723	O2):33.69	
O1):-0.748	O2):36.057	
O1):-0.636	O2):28.956	
O1):-0.806	O2):44.843	
O1):-0.822	O2):45.475	
O1):-0.744	O2):34.839	
O1):-0.818	O2):46.176	
O1):-0.788	O2):40.114	
O1):-0.829	O2):46.883	
O1):-0.758	O2):40.323	
O1):-0.771	O2):38.595	
O1):-0.767	O2):38.965	
O1):-0.823	O2):46.049	
O1):-0.801	O2):44.254	
O1):-0.751	O2):36.735	
O1):-0.771	O2):45.515	
O1):-0.682	O2):30.176	
O1):-0.867	O2):55.844	
O1):-0.821	O2):45.545	
O1):-0.82	O2):46.754	
O1):-0.742	O2):34.792	
O1):-0.731	O2):34.03	
O1):-0.791	O2):40.438	
O1):-0.827	O2):46.692	
O1):-0.776	O2):40.948	
O1):-0.777	O2):40.094	
O1):-0.847	O2):50.432	
O1):-0.669	O2):29.616	
O1):-0.674	O2):29.623	
O1):-0.852	O2):55.289	
O1):-0.817	O2):45.386	
O1):-0.811	O2):44.855	
O1):-0.76	O2):35.957	
O1):-0.861	O2):55.932	
O1):-0.799	O2):43.673	
O1):-0.764	O2):36.996	
O1):-0.794	O2):40.943	
O1):-0.825	O2):46.036	
O1):-0.73	O2):34.022	
O1):-0.799	O2):44.054	
O1):-0.763	O2):38.279	
O1):-0.79	O2):40.256	
O1):-0.826	O2):46.607	
O1):-0.807	O2):45.335	
O1):-0.744	O2):34.792	
O1):-0.713	O2):33.346	
O1):-0.75	O2):36.655	
O1):-0.744	O2):34.839	
O1):-0.803	O2):44.875	
O1):-0.774	O2):39.028	
O1):-0.851	O2):50.936	
O1):-0.808	O2):45.248	
O1):-0.766	O2):37.248	
O1):-0.74	O2):35.691	
O1):-0.833	O2):50.336	
O1):-0.789	O2):40.115	
O1):-0.807	O2):45.335	
O1):-0.747	O2):35.958	
O1):-0.768	O2):38.315	
O1):-0.77	O2):38.654	
O1):-0.844	O2):50.142	
O1):-0.829	O2):46.881	
O1):-0.742	O2):34.838	
O1):-0.763	O2):38.279	
O1):-0.824	O2):46.094	
O1):-0.773	O2):38.832	
O1):-0.764	O2):36.996	
O1):-0.823	O2):46.049	
O1):-0.687	O2):30.816	
O1):-0.775	O2):39.429	
O1):-0.747	O2):35.419	
O1):-0.841	O2):50.669	
O1):-0.782	O2):39.967	
O1):-0.726	O2):34.214	
O1):-0.82	O2):45.54	
O1):-0.82	O2):45.54	
O1):-0.792	O2):40.514	
O1):-0.682	O2):30.176	
O1):-0.726	O2):34.214	
O1):-0.731	O2):34.715	
O1):-0.771	O2):38.727	
Evaluations:	3700
O1):-0.794	O2):40.943	
O1):-0.834	O2):49.884	
O1):-0.772	O2):38.791	
O1):-0.766	O2):37.248	
O1):-0.705	O2):33.223	
O1):-0.777	O2):39.596	
O1):-0.811	O2):50.502	
O1):-0.792	O2):41.511	
O1):-0.845	O2):50.407	
O1):-0.777	O2):39.481	
O1):-0.726	O2):34.214	
O1):-0.774	O2):38.898	
O1):-0.768	O2):38.285	
O1):-0.82	O2):45.873	
O1):-0.723	O2):33.69	
O1):-0.681	O2):30.316	
O1):-0.805	O2):45.198	
O1):-0.764	O2):36.996	
O1):-0.723	O2):36.576	
O1):-0.792	O2):40.515	
O1):-0.747	O2):37.703	
O1):-0.823	O2):46.049	
O1):-0.79	O2):40.256	
O1):-0.755	O2):38.229	
O1):-0.789	O2):40.132	
O1):-0.833	O2):50.357	
O1):-0.791	O2):40.441	
O1):-0.852	O2):50.955	
O1):-0.714	O2):33.466	
O1):-0.754	O2):35.945	
O1):-0.791	O2):40.441	
O1):-0.763	O2):38.263	
O1):-0.823	O2):45.543	
O1):-0.807	O2):45.335	
O1):-0.767	O2):37.569	
O1):-0.811	O2):44.855	
O1):-0.798	O2):41.879	
O1):-0.81	O2):45.727	
O1):-0.793	O2):40.799	
O1):-0.826	O2):46.145	
-------------------------------------------------
SOLUTIONS: 	100

Pareto Front and Pareto set saved at: data/ROBOT50_REP6/NSGAII/
Pareto Front: data/ROBOT50_REP6/NSGAII/ROBOT50_REP6_NSGAII_104615_080926_Front
Pareto Set: data/ROBOT50_REP6/NSGAII/ROBOT50_REP6_NSGAII_104615_080926_Set
O1):-0.846	O2):50.563	
O1):-0.664	O2):29.267	
O1):-0.778	O2):40.322	
O1):-0.792	O2):40.504	
O1):-0.776	O2):39.346	
O1):-0.77	O2):38.41	
O1):-0.669	O2):30.067	
O1):-0.802	O2):44.927	
O1):-0.809	O2):45.935	
O1):-0.794	O2):40.818	
O1):-0.723	O2):34.502	
O1):-0.711	O2):33.717	
O1):-0.818	O2):45.223	
O1):-0.705	O2):33.223	
O1):-0.801	O2):43.913	
O1):-0.801	O2):45.177	
O1):-0.841	O2):50.661	
O1):-0.654	O2):29.478	
O1):-0.773	O2):39.01	
O1):-0.817	O2):45.456	
O1):-0.764	O2):36.612	
O1):-0.735	O2):34.531	
O1):-0.776	O2):39.346	
O1):-0.762	O2):36.202	
O1):-0.801	O2):43.913	
O1):-0.711	O2):33.19	
O1):-0.789	O2):40.114	
O1):-0.745	O2):36.4	
O1):-0.745	O2):35.154	
O1):-0.713	O2):33.799	
O1):-0.703	O2):33.405	
O1):-0.778	O2):40.322	
O1):-0.792	O2):40.635	
O1):-0.781	O2):40.076	
O1):-0.66	O2):29.384	
O1):-0.677	O2):30.043	
O1):-0.747	O2):35.419	
O1):-0.779	O2):39.795	
O1):-0.826	O2):46.361	
O1):-0.861	O2):55.932	
O1):-0.808	O2):45.112	
O1):-0.794	O2):40.818	
O1):-0.796	O2):41.198	
O1):-0.803	O2):44.875	
O1):-0.822	O2):45.629	
O1):-0.776	O2):39.356	
O1):-0.738	O2):39.875	
O1):-0.715	O2):33.628	
O1):-0.827	O2):46.214	
O1):-0.868	O2):55.933	
O1):-0.862	O2):56.187	
O1):-0.795	O2):41.473	
O1):-0.827	O2):46.214	
O1):-0.77	O2):38.42	
O1):-0.75	O2):35.454	
O1):-0.735	O2):34.531	
O1):-0.823	O2):45.663	
O1):-0.69	O2):31.299	
O1):-0.795	O2):42.116	
O1):-0.777	O2):39.411	
O1):-0.776	O2):39.318	
O1):-0.741	O2):35.087	
O1):-0.775	O2):39.077	
O1):-0.825	O2):45.872	
O1):-0.735	O2):35.765	
O1):-0.711	O2):33.834	
O1):-0.743	O2):35.399	
O1):-0.792	O2):40.504	
O1):-0.791	O2):40.762	
O1):-0.682	O2):30.177	
O1):-0.746	O2):35.12	
O1):-0.743	O2):36.172	
O1):-0.824	O2):45.732	
O1):-0.772	O2):38.799	
O1):-0.804	O2):44.986	
O1):-0.714	O2):33.466	
O1):-0.804	O2):45.152	
O1):-0.812	O2):47.914	
O1):-0.826	O2):46.361	
O1):-0.751	O2):38.6	
O1):-0.765	O2):38.793	
O1):-0.824	O2):46.094	
O1):-0.746	O2):35.12	
O1):-0.755	O2):38.229	
O1):-0.772	O2):38.723	
O1):-0.818	O2):45.223	
O1):-0.792	O2):40.504	
O1):-0.707	O2):33.916	
O1):-0.79	O2):43.354	
O1):-0.764	O2):36.612	
O1):-0.733	O2):34.313	
O1):-0.824	O2):45.732	
O1):-0.772	O2):38.723	
O1):-0.791	O2):40.762	
O1):-0.736	O2):34.553	
O1):-0.828	O2):46.938	
O1):-0.833	O2):50.336	
O1):-0.742	O2):35.756	
O1):-0.743	O2):34.811	
O1):-0.742	O2):35.756	
O1):-0.803	O2):44.73	
Evaluations:	3800
O1):-0.762	O2):38.373	
O1):-0.66	O2):29.384	
O1):-0.73	O2):34.053	
O1):-0.761	O2):38.362	
O1):-0.735	O2):34.531	
O1):-0.831	O2):50.109	
O1):-0.794	O2):41.161	
O1):-0.793	O2):40.773	
O1):-0.757	O2):40.197	
O1):-0.727	O2):34.906	
O1):-0.744	O2):34.839	
O1):-0.769	O2):38.436	
O1):-0.827	O2):46.492	
O1):-0.823	O2):45.71	
O1):-0.771	O2):38.747	
O1):-0.823	O2):45.71	
O1):-0.851	O2):51.104	
O1):-0.771	O2):38.747	
O1):-0.843	O2):50.077	
O1):-0.772	O2):39.037	
O1):-0.729	O2):35.186	
O1):-0.751	O2):36.735	
O1):-0.794	O2):40.869	
O1):-0.745	O2):35.092	
O1):-0.709	O2):33.84	
O1):-0.73	O2):34.537	
O1):-0.793	O2):40.773	
O1):-0.796	O2):41.198	
O1):-0.803	O2):44.875	
O1):-0.746	O2):37.585	
O1):-0.818	O2):45.653	
O1):-0.793	O2):40.799	
O1):-0.79	O2):40.224	
O1):-0.735	O2):34.315	
O1):-0.743	O2):35.376	
O1):-0.792	O2):40.861	
O1):-0.748	O2):39.24	
O1):-0.735	O2):34.531	
O1):-0.769	O2):38.436	
O1):-0.774	O2):39.071	
O1):-0.777	O2):40.178	
O1):-0.704	O2):33.17	
O1):-0.755	O2):38.229	
O1):-0.669	O2):29.616	
O1):-0.74	O2):35.806	
O1):-0.773	O2):38.83	
O1):-0.798	O2):41.879	
O1):-0.829	O2):46.883	
O1):-0.795	O2):43.281	
O1):-0.735	O2):36.804	
O1):-0.703	O2):33.405	
O1):-0.742	O2):34.575	
O1):-0.772	O2):39.037	
O1):-0.761	O2):38.362	
O1):-0.833	O2):50.451	
O1):-0.704	O2):33.17	
O1):-0.743	O2):34.856	
O1):-0.819	O2):45.207	
O1):-0.794	O2):40.818	
O1):-0.788	O2):40.124	
O1):-0.778	O2):40.322	
O1):-0.715	O2):33.628	
O1):-0.703	O2):33.405	
O1):-0.775	O2):39.101	
O1):-0.801	O2):43.913	
O1):-0.748	O2):37.885	
O1):-0.674	O2):29.623	
O1):-0.681	O2):30.389	
O1):-0.776	O2):39.545	
O1):-0.779	O2):39.795	
O1):-0.853	O2):51.274	
O1):-0.712	O2):33.573	
O1):-0.825	O2):45.872	
O1):-0.726	O2):34.214	
O1):-0.803	O2):44.875	
O1):-0.742	O2):34.792	
O1):-0.777	O2):39.411	
O1):-0.834	O2):49.884	
O1):-0.651	O2):29.345	
O1):-0.774	O2):39.058	
O1):-0.824	O2):45.937	
O1):-0.805	O2):45.197	
O1):-0.822	O2):45.635	
-------------------------------------------------
SOLUTIONS: 	100

Pareto Front and Pareto set saved at: data/ROBOT50_REP1/NSGAII/
Pareto Front: data/ROBOT50_REP1/NSGAII/ROBOT50_REP1_NSGAII_105320_080926_Front
Pareto Set: data/ROBOT50_REP1/NSGAII/ROBOT50_REP1_NSGAII_105320_080926_Set
O1):-0.807	O2):45.335	
O1):-0.824	O2):46.094	
O1):-0.817	O2):45.386	
O1):-0.849	O2):50.663	
O1):-0.823	O2):45.71	
O1):-0.788	O2):40.114	
O1):-0.791	O2):40.507	
O1):-0.781	O2):40.076	
O1):-0.766	O2):38.831	
O1):-0.8	O2):44.911	
O1):-0.77	O2):38.539	
O1):-0.734	O2):35.075	
O1):-0.797	O2):41.877	
O1):-0.85	O2):50.608	
O1):-0.779	O2):40.381	
O1):-0.773	O2):39.005	
O1):-0.824	O2):45.937	
O1):-0.723	O2):33.74	
O1):-0.748	O2):36.121	
O1):-0.717	O2):35.181	
O1):-0.801	O2):43.913	
O1):-0.747	O2):37.664	
O1):-0.817	O2):45.386	
O1):-0.798	O2):43.73	
O1):-0.779	O2):40.381	
O1):-0.823	O2):45.71	
O1):-0.741	O2):35.057	
O1):-0.686	O2):33.014	
O1):-0.794	O2):41.503	
O1):-0.79	O2):43.252	
O1):-0.725	O2):34.217	
O1):-0.743	O2):34.811	
O1):-0.705	O2):33.478	
O1):-0.788	O2):40.014	
O1):-0.683	O2):30.877	
O1):-0.848	O2):50.826	
O1):-0.685	O2):30.391	
O1):-0.776	O2):39.348	
O1):-0.825	O2):45.982	
O1):-0.794	O2):40.869	
O1):-0.739	O2):35.779	
O1):-0.724	O2):33.95	
O1):-0.712	O2):33.848	
O1):-0.852	O2):55.289	
O1):-0.851	O2):51.324	
O1):-0.86	O2):55.783	
O1):-0.706	O2):33.967	
O1):-0.764	O2):36.612	
O1):-0.762	O2):38.27	
O1):-0.754	O2):37.347	
O1):-0.793	O2):41.462	
O1):-0.754	O2):37.347	
O1):-0.703	O2):33.405	
O1):-0.68	O2):30.056	
O1):-0.845	O2):50.407	
O1):-0.669	O2):29.616	
O1):-0.68	O2):30.326	
O1):-0.737	O2):35.469	
O1):-0.711	O2):33.69	
O1):-0.79	O2):40.224	
O1):-0.849	O2):50.78	
O1):-0.851	O2):51.324	
O1):-0.791	O2):40.507	
O1):-0.704	O2):33.17	
O1):-0.793	O2):41.113	
Evaluations:	3500
O1):-0.846	O2):50.405	
O1):-0.849	O2):50.663	
O1):-0.824	O2):45.732	
O1):-0.683	O2):30.877	
O1):-0.712	O2):33.573	
O1):-0.766	O2):38.793	
O1):-0.773	O2):39.005	
O1):-0.706	O2):33.633	
O1):-0.797	O2):41.877	
O1):-0.811	O2):46.421	
O1):-0.704	O2):33.17	
O1):-0.824	O2):46.094	
O1):-0.745	O2):35.092	
O1):-0.803	O2):44.875	
O1):-0.824	O2):46.094	
O1):-0.803	O2):44.875	
O1):-0.649	O2):29.306	
O1):-0.714	O2):34.334	
O1):-0.748	O2):36.121	
O1):-0.733	O2):34.801	
O1):-0.724	O2):33.863	
O1):-0.86	O2):55.768	
O1):-0.797	O2):41.877	
O1):-0.731	O2):34.36	
O1):-0.767	O2):39.038	
O1):-0.682	O2):30.393	
O1):-0.807	O2):45.356	
O1):-0.723	O2):33.74	
O1):-0.825	O2):50.303	
O1):-0.789	O2):40.114	
O1):-0.81	O2):45.706	
O1):-0.704	O2):33.17	
O1):-0.763	O2):36.582	
O1):-0.794	O2):41.037	
O1):-0.827	O2):46.692	
O1):-0.736	O2):34.135	
O1):-0.682	O2):30.397	
O1):-0.802	O2):44.794	
O1):-0.794	O2):41.161	
O1):-0.824	O2):46.094	
O1):-0.731	O2):34.36	
O1):-0.77	O2):38.42	
O1):-0.667	O2):29.553	
O1):-0.762	O2):36.26	
O1):-0.723	O2):33.74	
O1):-0.67	O2):29.64	
O1):-0.776	O2):39.631	
O1):-0.767	O2):38.965	
O1):-0.723	O2):33.69	
O1):-0.745	O2):35.092	
O1):-0.797	O2):43.703	
O1):-0.772	O2):38.768	
Evaluations:	3800
O1):-0.792	O2):43.506	
O1):-0.763	O2):38.263	
O1):-0.825	O2):46.425	
O1):-0.748	O2):36.121	
O1):-0.747	O2):35.424	
O1):-0.802	O2):44.794	
O1):-0.651	O2):29.345	
O1):-0.68	O2):30.056	
O1):-0.772	O2):39.037	
O1):-0.82	O2):45.34	
O1):-0.706	O2):33.633	
O1):-0.712	O2):33.573	
O1):-0.794	O2):41.433	
O1):-0.706	O2):33.633	
O1):-0.755	O2):39.731	
O1):-0.763	O2):38.262	
O1):-0.85	O2):50.608	
O1):-0.824	O2):46.094	
O1):-0.658	O2):29.487	
O1):-0.791	O2):40.441	
O1):-0.805	O2):45.197	
O1):-0.705	O2):33.322	
O1):-0.794	O2):41.161	
O1):-0.747	O2):35.419	
O1):-0.819	O2):45.207	
O1):-0.821	O2):45.627	
O1):-0.707	O2):33.635	
O1):-0.812	O2):50.83	
O1):-0.747	O2):37.664	
O1):-0.793	O2):40.799	
O1):-0.862	O2):56.187	
O1):-0.799	O2):43.702	
O1):-0.789	O2):43.147	
O1):-0.788	O2):44.542	
O1):-0.703	O2):33.405	
O1):-0.715	O2):33.514	
O1):-0.703	O2):33.405	
O1):-0.796	O2):45.105	
O1):-0.775	O2):39.429	
O1):-0.784	O2):40.699	
O1):-0.774	O2):39.117	
O1):-0.726	O2):34.214	
O1):-0.791	O2):40.854	
O1):-0.649	O2):29.298	
O1):-0.742	O2):35.756	
O1):-0.755	O2):38.229	
O1):-0.82	O2):45.34	
O1):-0.725	O2):33.954	
O1):-0.845	O2):50.527	
O1):-0.755	O2):38.229	
O1):-0.776	O2):39.545	
O1):-0.747	O2):36.232	
O1):-0.735	O2):34.531	
O1):-0.75	O2):36.654	
O1):-0.762	O2):38.332	
O1):-0.723	O2):33.74	
O1):-0.677	O2):30.042	
O1):-0.723	O2):33.74	
O1):-0.848	O2):50.826	
O1):-0.715	O2):33.666	
O1):-0.788	O2):40.114	
O1):-0.826	O2):46.643	
O1):-0.712	O2):33.848	
O1):-0.85	O2):50.79	
O1):-0.778	O2):40.322	
O1):-0.774	O2):39.24	
O1):-0.767	O2):38.965	
O1):-0.85	O2):50.608	
O1):-0.797	O2):41.877	
O1):-0.853	O2):51.274	
O1):-0.798	O2):42.061	
O1):-0.789	O2):40.114	
O1):-0.82	O2):45.34	
O1):-0.698	O2):33.536	
O1):-0.736	O2):34.135	
O1):-0.807	O2):45.335	
O1):-0.774	O2):39.028	
O1):-0.774	O2):39.028	
O1):-0.848	O2):50.826	
O1):-0.776	O2):39.682	
O1):-0.779	O2):40.427	
O1):-0.703	O2):33.405	
O1):-0.654	O2):29.468	
O1):-0.794	O2):40.818	
O1):-0.763	O2):36.582	
O1):-0.78	O2):40.583	
O1):-0.685	O2):31.103	
O1):-0.775	O2):39.429	
O1):-0.715	O2):34.479	
O1):-0.714	O2):33.34	
O1):-0.742	O2):35.756	
O1):-0.707	O2):33.635	
O1):-0.803	O2):44.875	
O1):-0.792	O2):40.514	
O1):-0.851	O2):50.936	
O1):-0.706	O2):33.411	
O1):-0.775	O2):39.429	
O1):-0.765	O2):38.766	
O1):-0.703	O2):33.405	
O1):-0.823	O2):45.699	
O1):-0.707	O2):33.635	
O1):-0.686	O2):33.002	
O1):-0.743	O2):34.811	
O1):-0.791	O2):41.458	
O1):-0.818	O2):45.223	
O1):-0.743	O2):36.172	
O1):-0.793	O2):41.113	
O1):-0.745	O2):35.199	
O1):-0.752	O2):36.92	
O1):-0.666	O2):29.634	
O1):-0.749	O2):37.935	
O1):-0.831	O2):50.109	
O1):-0.823	O2):45.663	
O1):-0.817	O2):45.474	
O1):-0.78	O2):40.962	
O1):-0.794	O2):41.161	
O1):-0.77	O2):38.539	
O1):-0.81	O2):45.706	
O1):-0.723	O2):33.69	
O1):-0.747	O2):35.419	
O1):-0.791	O2):40.487	
O1):-0.677	O2):30.043	
O1):-0.746	O2):35.778	
O1):-0.774	O2):39.067	
Evaluations:	3900
O1):-0.852	O2):50.955	
O1):-0.809	O2):45.937	
O1):-0.691	O2):33.144	
O1):-0.852	O2):50.955	
O1):-0.824	O2):46.38	
O1):-0.85	O2):50.608	
O1):-0.792	O2):40.504	
O1):-0.794	O2):40.818	
O1):-0.86	O2):55.845	
O1):-0.725	O2):33.953	
O1):-0.754	O2):37.347	
O1):-0.754	O2):37.347	
O1):-0.752	O2):36.92	
O1):-0.834	O2):49.884	
O1):-0.726	O2):34.214	
O1):-0.793	O2):40.832	
O1):-0.754	O2):37.347	
O1):-0.727	O2):34.451	
O1):-0.791	O2):40.854	
O1):-0.781	O2):40.076	
O1):-0.725	O2):33.953	
O1):-0.776	O2):39.346	
O1):-0.824	O2):46.094	
O1):-0.792	O2):40.514	
O1):-0.853	O2):51.274	
O1):-0.703	O2):33.405	
O1):-0.827	O2):46.214	
O1):-0.79	O2):40.224	
O1):-0.754	O2):35.945	
O1):-0.746	O2):35.12	
O1):-0.677	O2):30.043	
O1):-0.777	O2):39.411	
O1):-0.791	O2):40.507	
O1):-0.809	O2):48.481	
O1):-0.834	O2):49.884	
O1):-0.709	O2):33.505	
O1):-0.746	O2):35.757	
O1):-0.792	O2):40.504	
O1):-0.793	O2):41.113	
O1):-0.798	O2):43.617	
O1):-0.685	O2):30.391	
O1):-0.723	O2):33.69	
O1):-0.741	O2):35.096	
O1):-0.723	O2):33.74	
O1):-0.766	O2):38.793	
O1):-0.78	O2):40.914	
O1):-0.854	O2):55.687	
O1):-0.772	O2):39.037	
O1):-0.853	O2):51.274	
O1):-0.706	O2):33.633	
O1):-0.718	O2):35.301	
O1):-0.749	O2):37.911	
O1):-0.769	O2):38.436	
O1):-0.854	O2):55.687	
O1):-0.788	O2):40.014	
O1):-0.77	O2):38.42	
O1):-0.817	O2):45.394	
O1):-0.842	O2):49.987	
O1):-0.828	O2):50.014	
O1):-0.734	O2):36.215	
O1):-0.794	O2):45.75	
O1):-0.803	O2):45.355	
O1):-0.685	O2):30.391	
O1):-0.797	O2):41.877	
O1):-0.712	O2):35.168	
O1):-0.823	O2):45.71	
O1):-0.685	O2):31.102	
O1):-0.769	O2):38.436	
O1):-0.821	O2):45.569	
O1):-0.741	O2):35.057	
O1):-0.766	O2):39.374	
O1):-0.842	O2):49.987	
O1):-0.743	O2):34.811	
O1):-0.72	O2):34.337	
O1):-0.723	O2):33.74	
O1):-0.82	O2):45.34	
O1):-0.799	O2):43.989	
O1):-0.821	O2):50.173	
O1):-0.847	O2):50.55	
O1):-0.707	O2):33.696	
O1):-0.662	O2):29.022	
O1):-0.742	O2):34.575	
O1):-0.818	O2):45.223	
O1):-0.75	O2):36.654	
O1):-0.849	O2):50.663	
O1):-0.774	O2):39.028	
O1):-0.788	O2):40.114	
O1):-0.662	O2):29.022	
O1):-0.639	O2):29.184	
O1):-0.825	O2):46.162	
O1):-0.774	O2):39.067	
O1):-0.723	O2):33.69	
O1):-0.746	O2):35.778	
O1):-0.762	O2):38.332	
O1):-0.804	O2):45.152	
O1):-0.761	O2):38.35	
O1):-0.793	O2):41.113	
O1):-0.854	O2):55.687	
O1):-0.662	O2):29.022	
O1):-0.677	O2):30.043	
O1):-0.826	O2):46.363	
O1):-0.774	O2):39.067	
O1):-0.85	O2):50.79	
O1):-0.747	O2):35.419	
O1):-0.792	O2):40.514	
O1):-0.818	O2):45.223	
O1):-0.79	O2):40.389	
O1):-0.703	O2):33.406	
O1):-0.731	O2):34.36	
O1):-0.774	O2):39.431	
O1):-0.811	O2):44.833	
O1):-0.82	O2):45.34	
O1):-0.741	O2):35.053	
O1):-0.789	O2):40.132	
O1):-0.774	O2):39.028	
O1):-0.724	O2):33.863	
O1):-0.852	O2):55.289	
O1):-0.837	O2):50.304	
O1):-0.796	O2):41.156	
O1):-0.776	O2):39.353	
O1):-0.704	O2):33.17	
O1):-0.741	O2):35.057	
O1):-0.773	O2):39.005	
O1):-0.803	O2):44.73	
O1):-0.735	O2):34.531	
Evaluations:	3600
O1):-0.788	O2):40.114	
O1):-0.818	O2):45.223	
O1):-0.788	O2):40.002	
O1):-0.724	O2):33.863	
O1):-0.779	O2):39.795	
O1):-0.704	O2):33.17	
O1):-0.748	O2):40.501	
O1):-0.748	O2):36.121	
O1):-0.667	O2):29.553	
O1):-0.779	O2):39.798	
O1):-0.825	O2):45.929	
O1):-0.683	O2):30.877	
Evaluations:	3900
O1):-0.664	O2):29.267	
O1):-0.819	O2):51.341	
O1):-0.698	O2):33.586	
O1):-0.774	O2):39.112	
O1):-0.824	O2):45.937	
O1):-0.806	O2):45.14	
O1):-0.726	O2):34.259	
O1):-0.747	O2):35.419	
O1):-0.777	O2):39.411	
O1):-0.715	O2):33.628	
O1):-0.715	O2):33.628	
O1):-0.715	O2):33.628	
O1):-0.831	O2):50.109	
O1):-0.798	O2):41.879	
O1):-0.763	O2):40.048	
O1):-0.818	O2):46.498	
O1):-0.711	O2):34.253	
O1):-0.774	O2):39.15	
O1):-0.774	O2):39.15	
O1):-0.758	O2):39.955	
O1):-0.799	O2):43.989	
O1):-0.715	O2):33.628	
O1):-0.81	O2):45.776	
O1):-0.746	O2):37.585	
O1):-0.794	O2):40.818	
O1):-0.824	O2):46.094	
O1):-0.82	O2):45.34	
O1):-0.748	O2):36.121	
O1):-0.757	O2):40.901	
O1):-0.735	O2):34.531	
O1):-0.837	O2):50.304	
O1):-0.754	O2):35.945	
O1):-0.749	O2):37.911	
O1):-0.793	O2):40.799	
O1):-0.794	O2):41.376	
O1):-0.777	O2):39.508	
O1):-0.794	O2):40.895	
O1):-0.658	O2):29.487	
O1):-0.801	O2):43.913	
O1):-0.776	O2):39.407	
O1):-0.807	O2):45.335	
O1):-0.712	O2):33.848	
O1):-0.85	O2):50.788	
O1):-0.779	O2):39.795	
O1):-0.658	O2):29.487	
O1):-0.71	O2):33.501	
O1):-0.753	O2):37.238	
O1):-0.744	O2):34.839	
O1):-0.768	O2):38.315	
O1):-0.851	O2):50.851	
O1):-0.724	O2):33.863	
O1):-0.786	O2):43.037	
O1):-0.772	O2):39.06	
O1):-0.775	O2):39.429	
O1):-0.772	O2):38.799	
O1):-0.711	O2):33.19	
O1):-0.774	O2):39.058	
O1):-0.821	O2):45.552	
O1):-0.791	O2):44.044	
O1):-0.828	O2):49.935	
O1):-0.765	O2):38.591	
O1):-0.755	O2):35.966	
O1):-0.819	O2):51.341	
O1):-0.853	O2):51.272	
O1):-0.745	O2):35.092	
O1):-0.742	O2):35.756	
O1):-0.748	O2):36.121	
O1):-0.774	O2):39.066	
O1):-0.771	O2):38.725	
O1):-0.706	O2):33.411	
O1):-0.759	O2):38.955	
O1):-0.835	O2):50.851	
O1):-0.789	O2):40.146	
O1):-0.777	O2):39.596	
O1):-0.802	O2):44.119	
O1):-0.772	O2):39.037	
O1):-0.748	O2):36.121	
O1):-0.82	O2):49.734	
O1):-0.827	O2):46.51	
O1):-0.774	O2):40.505	
O1):-0.711	O2):34.24	
O1):-0.723	O2):33.74	
O1):-0.792	O2):40.504	
O1):-0.773	O2):40.19	
O1):-0.795	O2):42.116	
O1):-0.744	O2):34.839	
O1):-0.716	O2):35.133	
O1):-0.777	O2):39.455	
O1):-0.67	O2):29.64	
O1):-0.683	O2):30.877	
O1):-0.776	O2):39.682	
O1):-0.67	O2):29.64	
O1):-0.817	O2):45.751	
O1):-0.828	O2):50.014	
O1):-0.834	O2):49.884	
O1):-0.764	O2):38.737	
O1):-0.851	O2):51.324	
O1):-0.807	O2):45.335	
O1):-0.75	O2):36.801	
O1):-0.809	O2):45.92	
O1):-0.827	O2):46.214	
O1):-0.809	O2):48.361	
O1):-0.833	O2):50.451	
O1):-0.764	O2):36.612	
O1):-0.68	O2):30.326	
O1):-0.701	O2):33.024	
O1):-0.775	O2):40.686	
O1):-0.824	O2):45.732	
O1):-0.683	O2):30.877	
O1):-0.779	O2):40.525	
O1):-0.811	O2):46.421	
O1):-0.706	O2):33.411	
O1):-0.748	O2):36.121	
O1):-0.742	O2):34.575	
O1):-0.852	O2):50.955	
O1):-0.723	O2):33.689	
O1):-0.794	O2):40.885	
O1):-0.828	O2):46.566	
O1):-0.68	O2):30.056	
O1):-0.776	O2):39.676	
O1):-0.82	O2):45.34	
O1):-0.774	O2):39.028	
O1):-0.742	O2):35.756	
O1):-0.714	O2):33.361	
O1):-0.82	O2):45.34	
O1):-0.741	O2):35.053	
O1):-0.749	O2):37.929	
O1):-0.801	O2):44.035	
O1):-0.819	O2):45.207	
O1):-0.723	O2):34.494	
O1):-0.689	O2):33.741	
O1):-0.774	O2):39.058	
O1):-0.826	O2):46.145	
O1):-0.803	O2):44.875	
O1):-0.861	O2):55.932	
O1):-0.715	O2):33.515	
O1):-0.765	O2):38.766	
O1):-0.796	O2):41.156	
O1):-0.76	O2):35.957	
O1):-0.822	O2):45.748	
O1):-0.715	O2):33.649	
O1):-0.85	O2):50.608	
O1):-0.711	O2):33.834	
O1):-0.776	O2):39.346	
O1):-0.811	O2):48.813	
O1):-0.792	O2):40.514	
O1):-0.788	O2):40.114	
O1):-0.823	O2):46.049	
O1):-0.699	O2):33.123	
O1):-0.774	O2):39.241	
O1):-0.748	O2):36.121	
O1):-0.85	O2):50.608	
O1):-0.824	O2):46.094	
O1):-0.779	O2):40.381	
O1):-0.739	O2):35.732	
O1):-0.824	O2):45.874	
O1):-0.798	O2):43.578	
O1):-0.699	O2):33.895	
O1):-0.804	O2):45.152	
O1):-0.807	O2):48.087	
O1):-0.803	O2):44.875	
O1):-0.807	O2):45.532	
O1):-0.727	O2):34.88	
O1):-0.639	O2):29.184	
O1):-0.776	O2):39.682	
O1):-0.708	O2):35.51	
O1):-0.853	O2):51.274	
O1):-0.85	O2):50.79	
O1):-0.686	O2):33.002	
O1):-0.723	O2):33.69	
O1):-0.861	O2):55.932	
O1):-0.827	O2):46.692	
O1):-0.777	O2):39.602	
O1):-0.794	O2):41.793	
O1):-0.82	O2):45.34	
O1):-0.828	O2):46.566	
O1):-0.827	O2):46.214	
O1):-0.67	O2):29.64	
-------------------------------------------------
SOLUTIONS: 	100

Pareto Front and Pareto set saved at: data/ROBOT50_REP5/NSGAII/
Pareto Front: data/ROBOT50_REP5/NSGAII/ROBOT50_REP5_NSGAII_111947_080926_Front
Pareto Set: data/ROBOT50_REP5/NSGAII/ROBOT50_REP5_NSGAII_111947_080926_Set
O1):-0.776	O2):39.346	
O1):-0.776	O2):39.676	
O1):-0.776	O2):39.346	
O1):-0.736	O2):34.553	
O1):-0.85	O2):51.184	
O1):-0.677	O2):30.042	
O1):-0.725	O2):33.953	
O1):-0.772	O2):40.928	
O1):-0.771	O2):38.727	
O1):-0.777	O2):39.596	
O1):-0.775	O2):39.429	
O1):-0.711	O2):33.19	
O1):-0.792	O2):40.504	
O1):-0.747	O2):35.424	
O1):-0.788	O2):40.114	
O1):-0.818	O2):45.223	
O1):-0.713	O2):34.651	
O1):-0.748	O2):37.885	
O1):-0.803	O2):45.012	
O1):-0.819	O2):49.39	
O1):-0.68	O2):30.326	
O1):-0.839	O2):54.903	
O1):-0.708	O2):35.639	
O1):-0.7	O2):35.134	
O1):-0.825	O2):46.312	
O1):-0.68	O2):30.056	
O1):-0.68	O2):30.056	
O1):-0.852	O2):50.955	
O1):-0.851	O2):50.853	
O1):-0.777	O2):40.186	
O1):-0.743	O2):36.172	
O1):-0.662	O2):29.022	
O1):-0.794	O2):40.818	
O1):-0.711	O2):35.733	
O1):-0.701	O2):33.024	
O1):-0.817	O2):45.394	
O1):-0.726	O2):34.214	
O1):-0.862	O2):56.187	
O1):-0.853	O2):51.274	
O1):-0.798	O2):43.73	
O1):-0.828	O2):46.938	
O1):-0.845	O2):50.527	
O1):-0.825	O2):46.312	
O1):-0.661	O2):29.072	
O1):-0.723	O2):33.69	
O1):-0.747	O2):35.419	
O1):-0.848	O2):50.6	
O1):-0.791	O2):40.45	
O1):-0.746	O2):35.12	
O1):-0.76	O2):35.977	
O1):-0.853	O2):51.274	
O1):-0.742	O2):35.756	
O1):-0.763	O2):36.582	
O1):-0.78	O2):40.583	
O1):-0.78	O2):40.583	
O1):-0.776	O2):39.545	
O1):-0.739	O2):35.696	
O1):-0.794	O2):41.037	
O1):-0.828	O2):46.938	
O1):-0.775	O2):39.435	
O1):-0.742	O2):35.891	
O1):-0.817	O2):45.386	
O1):-0.764	O2):36.612	
O1):-0.779	O2):40.381	
O1):-0.711	O2):33.19	
O1):-0.703	O2):33.405	
O1):-0.833	O2):50.451	
O1):-0.754	O2):35.945	
O1):-0.742	O2):34.575	
Evaluations:	3700
O1):-0.788	O2):40.114	
-------------------------------------------------
SOLUTIONS: 	100

Pareto Front and Pareto set saved at: data/ROBOT50_REP7/NSGAII/
Pareto Front: data/ROBOT50_REP7/NSGAII/ROBOT50_REP7_NSGAII_112449_080926_Front
Pareto Set: data/ROBOT50_REP7/NSGAII/ROBOT50_REP7_NSGAII_112449_080926_Set
O1):-0.824	O2):46.094	
O1):-0.792	O2):40.861	
O1):-0.826	O2):46.623	
O1):-0.826	O2):46.623	
O1):-0.817	O2):46.218	
O1):-0.766	O2):38.793	
O1):-0.802	O2):44.794	
O1):-0.766	O2):38.793	
O1):-0.707	O2):35.195	
O1):-0.699	O2):33.123	
O1):-0.824	O2):46.094	
O1):-0.765	O2):38.87	
O1):-0.763	O2):36.582	
O1):-0.791	O2):40.762	
O1):-0.76	O2):35.957	
O1):-0.803	O2):44.875	
O1):-0.833	O2):50.451	
O1):-0.726	O2):34.214	
O1):-0.767	O2):38.965	
O1):-0.826	O2):46.674	
O1):-0.74	O2):36.045	
O1):-0.742	O2):34.574	
O1):-0.802	O2):44.794	
O1):-0.817	O2):45.386	
O1):-0.802	O2):45.248	
O1):-0.726	O2):34.214	
O1):-0.798	O2):43.577	
O1):-0.775	O2):39.429	
O1):-0.851	O2):50.936	
O1):-0.699	O2):33.123	
O1):-0.724	O2):33.95	
O1):-0.791	O2):40.762	
O1):-0.772	O2):39.037	
O1):-0.726	O2):34.214	
O1):-0.743	O2):35.397	
O1):-0.715	O2):33.676	
O1):-0.794	O2):41.037	
O1):-0.774	O2):40.902	
O1):-0.662	O2):29.022	
O1):-0.772	O2):39.037	
O1):-0.743	O2):34.811	
O1):-0.772	O2):40.476	
O1):-0.662	O2):29.022	
O1):-0.826	O2):46.361	
O1):-0.708	O2):33.881	
O1):-0.798	O2):43.596	
O1):-0.743	O2):36.497	
O1):-0.747	O2):35.419	
O1):-0.777	O2):39.514	
O1):-0.775	O2):39.429	
O1):-0.823	O2):46.049	
O1):-0.81	O2):45.754	
O1):-0.66	O2):28.809	
O1):-0.824	O2):46.094	
O1):-0.726	O2):34.214	
O1):-0.762	O2):36.26	
O1):-0.744	O2):36.177	
O1):-0.742	O2):34.575	
O1):-0.775	O2):39.429	
O1):-0.775	O2):39.429	
O1):-0.792	O2):40.861	
O1):-0.784	O2):40.692	
O1):-0.807	O2):45.335	
O1):-0.726	O2):34.214	
O1):-0.823	O2):46.052	
O1):-0.774	O2):39.24	
O1):-0.754	O2):35.945	
O1):-0.817	O2):45.386	
O1):-0.754	O2):35.945	
O1):-0.746	O2):35.12	
O1):-0.744	O2):36.125	
O1):-0.754	O2):35.945	
O1):-0.716	O2):33.886	
O1):-0.85	O2):50.608	
O1):-0.791	O2):40.762	
O1):-0.765	O2):39.516	
O1):-0.826	O2):46.674	
O1):-0.803	O2):44.875	
O1):-0.762	O2):36.26	
O1):-0.724	O2):33.95	
O1):-0.805	O2):45.197	
O1):-0.776	O2):39.561	
O1):-0.725	O2):33.994	
O1):-0.714	O2):33.34	
O1):-0.823	O2):46.049	
O1):-0.784	O2):40.692	
O1):-0.724	O2):33.95	
O1):-0.726	O2):34.214	
O1):-0.762	O2):36.267	
O1):-0.78	O2):40.583	
O1):-0.742	O2):34.575	
O1):-0.805	O2):45.197	
O1):-0.776	O2):39.682	
O1):-0.759	O2):39.725	
O1):-0.715	O2):33.629	
O1):-0.774	O2):39.24	
O1):-0.725	O2):33.953	
O1):-0.711	O2):33.19	
O1):-0.76	O2):35.957	
O1):-0.762	O2):38.483	
Evaluations:	3800
O1):-0.826	O2):46.361	
O1):-0.826	O2):46.674	
O1):-0.743	O2):34.856	
O1):-0.743	O2):34.856	
O1):-0.736	O2):34.553	
O1):-0.743	O2):34.856	
O1):-0.824	O2):46.094	
O1):-0.68	O2):30.056	
O1):-0.784	O2):40.692	
O1):-0.664	O2):29.251	
O1):-0.743	O2):34.811	
O1):-0.68	O2):30.056	
O1):-0.799	O2):43.646	
O1):-0.772	O2):39.06	
O1):-0.664	O2):29.267	
O1):-0.825	O2):46.312	
O1):-0.833	O2):50.451	
O1):-0.716	O2):35.117	
O1):-0.825	O2):46.312	
O1):-0.726	O2):34.214	
O1):-0.803	O2):45.012	
O1):-0.792	O2):40.861	
O1):-0.715	O2):33.628	
O1):-0.795	O2):42.116	
O1):-0.798	O2):43.576	
O1):-0.775	O2):39.429	
O1):-0.717	O2):34.881	
O1):-0.8	O2):44.911	
O1):-0.828	O2):46.938	
O1):-0.664	O2):29.268	
O1):-0.763	O2):36.582	
O1):-0.699	O2):33.123	
O1):-0.725	O2):33.953	
O1):-0.664	O2):29.267	
O1):-0.81	O2):45.706	
O1):-0.745	O2):36.476	
O1):-0.792	O2):40.861	
O1):-0.777	O2):40.178	
O1):-0.779	O2):40.381	
O1):-0.746	O2):35.12	
O1):-0.755	O2):35.966	
O1):-0.664	O2):29.268	
O1):-0.85	O2):50.608	
O1):-0.779	O2):40.381	
O1):-0.803	O2):44.875	
O1):-0.784	O2):40.692	
O1):-0.766	O2):38.793	
O1):-0.776	O2):39.542	
O1):-0.826	O2):46.297	
O1):-0.739	O2):34.816	
O1):-0.81	O2):45.706	
O1):-0.743	O2):34.811	
O1):-0.798	O2):43.576	
O1):-0.726	O2):34.214	
O1):-0.778	O2):40.322	
O1):-0.817	O2):45.386	
O1):-0.726	O2):34.214	
O1):-0.826	O2):46.622	
O1):-0.762	O2):36.26	
O1):-0.791	O2):43.426	
O1):-0.767	O2):40.645	
O1):-0.743	O2):34.811	
O1):-0.716	O2):33.886	
O1):-0.851	O2):50.936	
O1):-0.714	O2):33.34	
O1):-0.802	O2):44.794	
O1):-0.724	O2):33.95	
O1):-0.664	O2):29.267	
O1):-0.825	O2):46.312	
O1):-0.805	O2):45.197	
O1):-0.761	O2):35.987	
O1):-0.798	O2):43.576	
O1):-0.778	O2):40.322	
O1):-0.85	O2):50.608	
O1):-0.714	O2):33.34	
O1):-0.706	O2):35.299	
O1):-0.736	O2):34.553	
O1):-0.771	O2):40.474	
O1):-0.779	O2):40.535	
O1):-0.777	O2):39.508	
O1):-0.745	O2):35.154	
O1):-0.776	O2):39.31	
O1):-0.764	O2):38.737	
O1):-0.762	O2):36.26	
O1):-0.744	O2):36.176	
O1):-0.783	O2):43.43	
O1):-0.805	O2):45.197	
O1):-0.735	O2):34.531	
O1):-0.801	O2):45.219	
O1):-0.794	O2):41.783	
O1):-0.765	O2):38.591	
O1):-0.735	O2):34.531	
O1):-0.795	O2):42.116	
O1):-0.68	O2):30.056	
O1):-0.746	O2):35.12	
O1):-0.81	O2):45.706	
O1):-0.805	O2):45.197	
O1):-0.715	O2):33.628	
O1):-0.662	O2):29.022	
O1):-0.762	O2):39.475	
Evaluations:	3900
O1):-0.828	O2):46.938	
O1):-0.725	O2):33.953	
O1):-0.774	O2):39.24	
O1):-0.662	O2):29.022	
O1):-0.743	O2):34.811	
O1):-0.662	O2):29.022	
O1):-0.766	O2):38.793	
O1):-0.798	O2):43.576	
O1):-0.767	O2):40.645	
O1):-0.81	O2):45.754	
O1):-0.763	O2):36.582	
O1):-0.736	O2):34.553	
O1):-0.747	O2):35.419	
O1):-0.823	O2):46.049	
O1):-0.765	O2):38.591	
O1):-0.742	O2):34.574	
O1):-0.726	O2):34.214	
O1):-0.76	O2):35.957	
O1):-0.766	O2):38.793	
O1):-0.68	O2):30.056	
O1):-0.774	O2):39.431	
O1):-0.778	O2):40.322	
O1):-0.85	O2):50.608	
O1):-0.777	O2):39.508	
O1):-0.796	O2):45.104	
O1):-0.747	O2):35.419	
O1):-0.826	O2):46.607	
O1):-0.744	O2):34.839	
O1):-0.778	O2):40.322	
O1):-0.745	O2):35.092	
O1):-0.777	O2):39.508	
O1):-0.824	O2):46.38	
O1):-0.716	O2):33.886	
O1):-0.746	O2):35.12	
O1):-0.817	O2):45.386	
O1):-0.824	O2):46.094	
O1):-0.805	O2):45.197	
O1):-0.851	O2):50.936	
O1):-0.743	O2):34.811	
O1):-0.794	O2):41.783	
O1):-0.714	O2):33.34	
O1):-0.828	O2):46.938	
O1):-0.763	O2):36.582	
O1):-0.776	O2):40.92	
O1):-0.792	O2):40.861	
O1):-0.766	O2):38.793	
O1):-0.747	O2):35.424	
O1):-0.76	O2):39.114	
O1):-0.776	O2):39.31	
O1):-0.779	O2):40.381	
O1):-0.742	O2):35.891	
O1):-0.747	O2):35.419	
O1):-0.747	O2):35.419	
O1):-0.765	O2):38.591	
O1):-0.825	O2):45.965	
O1):-0.777	O2):39.508	
O1):-0.766	O2):39.188	
O1):-0.794	O2):41.793	
O1):-0.823	O2):46.049	
O1):-0.79	O2):43.705	
O1):-0.804	O2):45.138	
O1):-0.761	O2):36.006	
O1):-0.733	O2):34.672	
O1):-0.791	O2):40.762	
O1):-0.798	O2):43.576	
O1):-0.807	O2):45.532	
O1):-0.748	O2):40.501	
O1):-0.818	O2):49.369	
O1):-0.735	O2):34.531	
O1):-0.825	O2):45.965	
O1):-0.664	O2):29.251	
O1):-0.754	O2):35.945	
O1):-0.744	O2):34.839	
O1):-0.763	O2):36.582	
O1):-0.717	O2):34.606	
O1):-0.779	O2):40.381	
O1):-0.833	O2):50.451	
O1):-0.799	O2):43.646	
O1):-0.761	O2):35.987	
O1):-0.784	O2):40.692	
O1):-0.68	O2):30.056	
O1):-0.745	O2):35.092	
O1):-0.68	O2):30.056	
O1):-0.746	O2):35.12	
O1):-0.743	O2):34.811	
O1):-0.714	O2):33.34	
O1):-0.731	O2):35.229	
O1):-0.736	O2):34.553	
O1):-0.765	O2):38.591	
O1):-0.745	O2):35.092	
O1):-0.823	O2):46.049	
O1):-0.784	O2):40.692	
O1):-0.794	O2):41.037	
O1):-0.662	O2):29.022	
O1):-0.746	O2):35.39	
O1):-0.678	O2):30.026	
O1):-0.735	O2):34.531	
O1):-0.743	O2):34.811	
O1):-0.714	O2):33.34	
O1):-0.784	O2):40.692	
-------------------------------------------------
SOLUTIONS: 	100

Pareto Front and Pareto set saved at: data/ROBOT50_REP0/NSGAII/
Pareto Front: data/ROBOT50_REP0/NSGAII/ROBOT50_REP0_NSGAII_120253_080926_Front
Pareto Set: data/ROBOT50_REP0/NSGAII/ROBOT50_REP0_NSGAII_120253_080926_Set
Total runtime of EvoChecker for map 50 is 43620.810 seconds
Finished map 50
