finished map 14
Starting EvoChecker for map 14
Configuration script
==========================================
JAVA = /usr/bin/java
PROPERTIES_FILE = robot.pctl
PROBLEM = ROBOT14_REP1
ALGORITHM = NSGAII
INIT_PORT = 11410
MODEL_TEMPLATE_FILE = models/model_14_umc.prism
MAX_EVALUATIONS = 4000
MODEL_CHECKING_ENGINE_LIBS_DIRECTORY = /vol/fob-vol5/mi22/blumtomm/parley-uncertainty-modeling/PARLEY-2.0/Applications/EvoChecker-master/libs/runtime
PROCESSORS = 6
VERBOSE = true
MODEL_CHECKING_ENGINE = /vol/fob-vol5/mi22/blumtomm/parley-uncertainty-modeling/PARLEY-2.0/Applications/EvoChecker-master/libs/PrismExecutor.jar
POPULATION_SIZE = 100
PLOT_PARETO_FRONT = false
==========================================

Configuration script
==========================================
JAVA = /usr/bin/java
PROPERTIES_FILE = robot.pctl
PROBLEM = ROBOT14_REP3
ALGORITHM = NSGAII
INIT_PORT = 11430
MODEL_TEMPLATE_FILE = models/model_14_umc.prism
MAX_EVALUATIONS = 4000
MODEL_CHECKING_ENGINE_LIBS_DIRECTORY = /vol/fob-vol5/mi22/blumtomm/parley-uncertainty-modeling/PARLEY-2.0/Applications/EvoChecker-master/libs/runtime
PROCESSORS = 6
VERBOSE = true
MODEL_CHECKING_ENGINE = /vol/fob-vol5/mi22/blumtomm/parley-uncertainty-modeling/PARLEY-2.0/Applications/EvoChecker-master/libs/PrismExecutor.jar
POPULATION_SIZE = 100
PLOT_PARETO_FRONT = false
==========================================

Configuration script
==========================================
JAVA = /usr/bin/java
PROPERTIES_FILE = robot.pctl
PROBLEM = ROBOT14_REP6
ALGORITHM = NSGAII
INIT_PORT = 11460
MODEL_TEMPLATE_FILE = models/model_14_umc.prism
MAX_EVALUATIONS = 4000
MODEL_CHECKING_ENGINE_LIBS_DIRECTORY = /vol/fob-vol5/mi22/blumtomm/parley-uncertainty-modeling/PARLEY-2.0/Applications/EvoChecker-master/libs/runtime
PROCESSORS = 6
VERBOSE = true
MODEL_CHECKING_ENGINE = /vol/fob-vol5/mi22/blumtomm/parley-uncertainty-modeling/PARLEY-2.0/Applications/EvoChecker-master/libs/PrismExecutor.jar
POPULATION_SIZE = 100
PLOT_PARETO_FRONT = false
==========================================

Configuration script
==========================================
JAVA = /usr/bin/java
PROPERTIES_FILE = robot.pctl
PROBLEM = ROBOT14_REP0
ALGORITHM = NSGAII
INIT_PORT = 11400
MODEL_TEMPLATE_FILE = models/model_14_umc.prism
MAX_EVALUATIONS = 4000
MODEL_CHECKING_ENGINE_LIBS_DIRECTORY = /vol/fob-vol5/mi22/blumtomm/parley-uncertainty-modeling/PARLEY-2.0/Applications/EvoChecker-master/libs/runtime
PROCESSORS = 6
VERBOSE = true
MODEL_CHECKING_ENGINE = /vol/fob-vol5/mi22/blumtomm/parley-uncertainty-modeling/PARLEY-2.0/Applications/EvoChecker-master/libs/PrismExecutor.jar
POPULATION_SIZE = 100
PLOT_PARETO_FRONT = false
==========================================

Configuration script
==========================================
JAVA = /usr/bin/java
PROPERTIES_FILE = robot.pctl
PROBLEM = ROBOT14_REP8
ALGORITHM = NSGAII
INIT_PORT = 11480
MODEL_TEMPLATE_FILE = models/model_14_umc.prism
MAX_EVALUATIONS = 4000
MODEL_CHECKING_ENGINE_LIBS_DIRECTORY = /vol/fob-vol5/mi22/blumtomm/parley-uncertainty-modeling/PARLEY-2.0/Applications/EvoChecker-master/libs/runtime
PROCESSORS = 6
VERBOSE = true
MODEL_CHECKING_ENGINE = /vol/fob-vol5/mi22/blumtomm/parley-uncertainty-modeling/PARLEY-2.0/Applications/EvoChecker-master/libs/PrismExecutor.jar
POPULATION_SIZE = 100
PLOT_PARETO_FRONT = false
==========================================

Configuration script
==========================================
JAVA = /usr/bin/java
PROPERTIES_FILE = robot.pctl
PROBLEM = ROBOT14_REP2
ALGORITHM = NSGAII
INIT_PORT = 11420
MODEL_TEMPLATE_FILE = models/model_14_umc.prism
MAX_EVALUATIONS = 4000
MODEL_CHECKING_ENGINE_LIBS_DIRECTORY = /vol/fob-vol5/mi22/blumtomm/parley-uncertainty-modeling/PARLEY-2.0/Applications/EvoChecker-master/libs/runtime
PROCESSORS = 6
VERBOSE = true
MODEL_CHECKING_ENGINE = /vol/fob-vol5/mi22/blumtomm/parley-uncertainty-modeling/PARLEY-2.0/Applications/EvoChecker-master/libs/PrismExecutor.jar
POPULATION_SIZE = 100
PLOT_PARETO_FRONT = false
==========================================

Configuration script
==========================================
JAVA = /usr/bin/java
PROPERTIES_FILE = robot.pctl
PROBLEM = ROBOT14_REP5
ALGORITHM = NSGAII
INIT_PORT = 11450
MODEL_TEMPLATE_FILE = models/model_14_umc.prism
MAX_EVALUATIONS = 4000
MODEL_CHECKING_ENGINE_LIBS_DIRECTORY = /vol/fob-vol5/mi22/blumtomm/parley-uncertainty-modeling/PARLEY-2.0/Applications/EvoChecker-master/libs/runtime
PROCESSORS = 6
VERBOSE = true
MODEL_CHECKING_ENGINE = /vol/fob-vol5/mi22/blumtomm/parley-uncertainty-modeling/PARLEY-2.0/Applications/EvoChecker-master/libs/PrismExecutor.jar
POPULATION_SIZE = 100
PLOT_PARETO_FRONT = false
==========================================

Configuration script
==========================================
JAVA = /usr/bin/java
PROPERTIES_FILE = robot.pctl
PROBLEM = ROBOT14_REP9
ALGORITHM = NSGAII
INIT_PORT = 11490
MODEL_TEMPLATE_FILE = models/model_14_umc.prism
MAX_EVALUATIONS = 4000
MODEL_CHECKING_ENGINE_LIBS_DIRECTORY = /vol/fob-vol5/mi22/blumtomm/parley-uncertainty-modeling/PARLEY-2.0/Applications/EvoChecker-master/libs/runtime
PROCESSORS = 6
VERBOSE = true
MODEL_CHECKING_ENGINE = /vol/fob-vol5/mi22/blumtomm/parley-uncertainty-modeling/PARLEY-2.0/Applications/EvoChecker-master/libs/PrismExecutor.jar
POPULATION_SIZE = 100
PLOT_PARETO_FRONT = false
==========================================

Configuration script
==========================================
JAVA = /usr/bin/java
PROPERTIES_FILE = robot.pctl
PROBLEM = ROBOT14_REP4
ALGORITHM = NSGAII
INIT_PORT = 11440
MODEL_TEMPLATE_FILE = models/model_14_umc.prism
MAX_EVALUATIONS = 4000
MODEL_CHECKING_ENGINE_LIBS_DIRECTORY = /vol/fob-vol5/mi22/blumtomm/parley-uncertainty-modeling/PARLEY-2.0/Applications/EvoChecker-master/libs/runtime
PROCESSORS = 6
VERBOSE = true
MODEL_CHECKING_ENGINE = /vol/fob-vol5/mi22/blumtomm/parley-uncertainty-modeling/PARLEY-2.0/Applications/EvoChecker-master/libs/PrismExecutor.jar
POPULATION_SIZE = 100
PLOT_PARETO_FRONT = false
==========================================

Configuration script
==========================================
JAVA = /usr/bin/java
PROPERTIES_FILE = robot.pctl
PROBLEM = ROBOT14_REP7
ALGORITHM = NSGAII
INIT_PORT = 11470
MODEL_TEMPLATE_FILE = models/model_14_umc.prism
MAX_EVALUATIONS = 4000
MODEL_CHECKING_ENGINE_LIBS_DIRECTORY = /vol/fob-vol5/mi22/blumtomm/parley-uncertainty-modeling/PARLEY-2.0/Applications/EvoChecker-master/libs/runtime
PROCESSORS = 6
VERBOSE = true
MODEL_CHECKING_ENGINE = /vol/fob-vol5/mi22/blumtomm/parley-uncertainty-modeling/PARLEY-2.0/Applications/EvoChecker-master/libs/PrismExecutor.jar
POPULATION_SIZE = 100
PLOT_PARETO_FRONT = false
==========================================

Objectives (O)/Constraints(C)
O: P=? [ F (x=9&y=9&crashed=0) ], Max?true
O: R{"cost"}=? [ C<=100 ], Max?false

Starting PrismExecutor worker 0 on port 11410
Objectives (O)/Constraints(C)
O: P=? [ F (x=9&y=9&crashed=0) ], Max?true
O: R{"cost"}=? [ C<=100 ], Max?false

Objectives (O)/Constraints(C)
O: P=? [ F (x=9&y=9&crashed=0) ], Max?true
O: R{"cost"}=? [ C<=100 ], Max?false

Starting PrismExecutor worker 0 on port 11480
Starting PrismExecutor worker 0 on port 11460
Objectives (O)/Constraints(C)
O: P=? [ F (x=9&y=9&crashed=0) ], Max?true
O: R{"cost"}=? [ C<=100 ], Max?false

Objectives (O)/Constraints(C)
O: P=? [ F (x=9&y=9&crashed=0) ], Max?true
O: R{"cost"}=? [ C<=100 ], Max?false

Objectives (O)/Constraints(C)
O: P=? [ F (x=9&y=9&crashed=0) ], Max?true
O: R{"cost"}=? [ C<=100 ], Max?false

Starting PrismExecutor worker 0 on port 11470
Starting PrismExecutor worker 0 on port 11400
Starting PrismExecutor worker 0 on port 11420
Objectives (O)/Constraints(C)
Objectives (O)/Constraints(C)
O: P=? [ F (x=9&y=9&crashed=0) ], Max?true
O: R{"cost"}=? [ C<=100 ], Max?false

O: P=? [ F (x=9&y=9&crashed=0) ], Max?true
O: R{"cost"}=? [ C<=100 ], Max?false

Objectives (O)/Constraints(C)
O: P=? [ F (x=9&y=9&crashed=0) ], Max?true
O: R{"cost"}=? [ C<=100 ], Max?false

Starting PrismExecutor worker 0 on port 11430
Objectives (O)/Constraints(C)
Starting PrismExecutor worker 0 on port 11490
O: P=? [ F (x=9&y=9&crashed=0) ], Max?true
O: R{"cost"}=? [ C<=100 ], Max?false

Starting PrismExecutor worker 0 on port 11450
Starting PrismExecutor worker 0 on port 11440
Connected worker 0 to port 11460
Connected worker 0 to port 11410
Connected worker 0 to port 11480
Starting PrismExecutor worker 1 on port 11461
Starting PrismExecutor worker 1 on port 11481
Starting PrismExecutor worker 1 on port 11411
Connected worker 0 to port 11470
Starting PrismExecutor worker 1 on port 11471
Connected worker 0 to port 11400
Starting PrismExecutor worker 1 on port 11401
Connected worker 0 to port 11420
Starting PrismExecutor worker 1 on port 11421
Connected worker 0 to port 11430
Starting PrismExecutor worker 1 on port 11431
Connected worker 0 to port 11490
Starting PrismExecutor worker 1 on port 11491
Connected worker 0 to port 11450
Starting PrismExecutor worker 1 on port 11451
Connected worker 0 to port 11440
Starting PrismExecutor worker 1 on port 11441
Connected worker 1 to port 11481
Connected worker 1 to port 11461
Starting PrismExecutor worker 2 on port 11482
Starting PrismExecutor worker 2 on port 11462
Connected worker 1 to port 11411
Starting PrismExecutor worker 2 on port 11412
Connected worker 1 to port 11471
Starting PrismExecutor worker 2 on port 11472
Connected worker 1 to port 11401
Starting PrismExecutor worker 2 on port 11402
Connected worker 1 to port 11421
Starting PrismExecutor worker 2 on port 11422
Connected worker 1 to port 11431
Starting PrismExecutor worker 2 on port 11432
Connected worker 1 to port 11491
Starting PrismExecutor worker 2 on port 11492
Connected worker 1 to port 11451
Starting PrismExecutor worker 2 on port 11452
Connected worker 1 to port 11441
Starting PrismExecutor worker 2 on port 11442
Connected worker 2 to port 11462
Connected worker 2 to port 11482
Connected worker 2 to port 11412
Starting PrismExecutor worker 3 on port 11483
Starting PrismExecutor worker 3 on port 11463
Starting PrismExecutor worker 3 on port 11413
Connected worker 2 to port 11472
Starting PrismExecutor worker 3 on port 11473
Connected worker 2 to port 11402
Starting PrismExecutor worker 3 on port 11403
Connected worker 2 to port 11422
Starting PrismExecutor worker 3 on port 11423
Connected worker 2 to port 11432
Starting PrismExecutor worker 3 on port 11433
Connected worker 2 to port 11492
Starting PrismExecutor worker 3 on port 11493
Connected worker 2 to port 11452
Starting PrismExecutor worker 3 on port 11453
Connected worker 2 to port 11442
Starting PrismExecutor worker 3 on port 11443
Connected worker 3 to port 11463
Connected worker 3 to port 11413
Connected worker 3 to port 11483
Starting PrismExecutor worker 4 on port 11464
Starting PrismExecutor worker 4 on port 11414
Starting PrismExecutor worker 4 on port 11484
Connected worker 3 to port 11473
Starting PrismExecutor worker 4 on port 11474
Connected worker 3 to port 11403
Starting PrismExecutor worker 4 on port 11404
Connected worker 3 to port 11423
Starting PrismExecutor worker 4 on port 11424
Connected worker 3 to port 11493
Starting PrismExecutor worker 4 on port 11494
Connected worker 3 to port 11453
Starting PrismExecutor worker 4 on port 11454
Connected worker 3 to port 11443
Starting PrismExecutor worker 4 on port 11444
Connected worker 3 to port 11433
Starting PrismExecutor worker 4 on port 11434
Connected worker 4 to port 11414
Connected worker 4 to port 11484
Starting PrismExecutor worker 5 on port 11415
Starting PrismExecutor worker 5 on port 11485
Connected worker 4 to port 11464
Starting PrismExecutor worker 5 on port 11465
Connected worker 4 to port 11474
Starting PrismExecutor worker 5 on port 11475
Connected worker 4 to port 11404
Starting PrismExecutor worker 5 on port 11405
Connected worker 4 to port 11424
Starting PrismExecutor worker 5 on port 11425
Connected worker 4 to port 11494
Starting PrismExecutor worker 5 on port 11495
Connected worker 4 to port 11454
Starting PrismExecutor worker 5 on port 11455
Connected worker 4 to port 11444
Starting PrismExecutor worker 5 on port 11445
Connected worker 4 to port 11434
Starting PrismExecutor worker 5 on port 11435
Connected worker 5 to port 11485
Connected worker 5 to port 11415
Connected worker 5 to port 11465
Connected worker 5 to port 11475
Connected worker 5 to port 11405
Connected worker 5 to port 11425
Starting  evolution
Starting  evolution
Starting  evolution
Starting  evolution
Starting  evolution
Starting  evolution
Connected worker 5 to port 11455
Connected worker 5 to port 11445
Connected worker 5 to port 11495
Connected worker 5 to port 11435
Starting  evolution
Starting  evolution
Starting  evolution
Starting  evolution
O1):-0.822	O2):54.413	
O1):-0.716	O2):36.88	
O1):-0.759	O2):38.243	
O1):-0.716	O2):36.88	
O1):-0.716	O2):36.88	
O1):-0.79	O2):39.619	
O1):-0.79	O2):39.619	
O1):-0.719	O2):36.842	
O1):-0.719	O2):36.842	
O1):-0.766	O2):43.121	
O1):-0.788	O2):48.783	
O1):-0.745	O2):40.981	
O1):-0.728	O2):38.96	
O1):-0.719	O2):36.842	
O1):-0.728	O2):38.96	
O1):-0.784	O2):38.044	
O1):-0.77	O2):42.68	
O1):-0.788	O2):48.783	
O1):-0.789	O2):47.742	
O1):-0.775	O2):48.942	
O1):-0.797	O2):47.383	
O1):-0.736	O2):35.662	
O1):-0.781	O2):44.631	
O1):-0.78	O2):44.45	
O1):-0.774	O2):42.073	
O1):-0.737	O2):37.862	
O1):-0.779	O2):44.27	
O1):-0.76	O2):34.305	
O1):-0.813	O2):47.471	
O1):-0.779	O2):44.27	
O1):-0.779	O2):44.27	
O1):-0.74	O2):33.296	
O1):-0.779	O2):44.27	
O1):-0.779	O2):44.27	
O1):-0.74	O2):33.296	
O1):-0.794	O2):43.39	
O1):-0.737	O2):37.863	
O1):-0.722	O2):36.878	
O1):-0.737	O2):37.863	
O1):-0.741	O2):42.437	
O1):-0.784	O2):42.34	
O1):-0.779	O2):44.27	
O1):-0.722	O2):36.878	
O1):-0.814	O2):52.689	
O1):-0.711	O2):36.58	
O1):-0.784	O2):42.34	
O1):-0.781	O2):44.314	
O1):-0.783	O2):41.594	
O1):-0.779	O2):39.299	
O1):-0.722	O2):38.396	
O1):-0.781	O2):44.313	
O1):-0.746	O2):42.57	
O1):-0.797	O2):41.888	
O1):-0.72	O2):37.585	
O1):-0.789	O2):42.678	
O1):-0.74	O2):36.102	
O1):-0.806	O2):43.059	
O1):-0.76	O2):32.374	
O1):-0.812	O2):53.863	
O1):-0.729	O2):37.896	
O1):-0.732	O2):35.649	
O1):-0.763	O2):36.895	
O1):-0.759	O2):33.531	
O1):-0.75	O2):36.85	
O1):-0.745	O2):37.691	
O1):-0.794	O2):42.948	
O1):-0.778	O2):42.746	
O1):-0.811	O2):51.654	
O1):-0.727	O2):37.201	
O1):-0.669	O2):36.431	
O1):-0.741	O2):33.826	
O1):-0.785	O2):41.659	
O1):-0.789	O2):47.645	
O1):-0.776	O2):37.411	
O1):-0.789	O2):48.37	
O1):-0.713	O2):36.74	
O1):-0.725	O2):41.177	
O1):-0.735	O2):42.112	
O1):-0.762	O2):42.83	
O1):-0.804	O2):44.409	
O1):-0.675	O2):32.27	
O1):-0.759	O2):43.133	
O1):-0.834	O2):54.518	
O1):-0.806	O2):52.551	
O1):-0.703	O2):38.953	
O1):-0.774	O2):42.459	
O1):-0.814	O2):52.624	
O1):-0.743	O2):37.863	
O1):-0.774	O2):43.136	
O1):-0.779	O2):37.33	
O1):-0.781	O2):46.149	
O1):-0.696	O2):30.554	
O1):-0.796	O2):41.794	
O1):-0.76	O2):43.257	
O1):-0.759	O2):43.796	
O1):-0.82	O2):49.282	
O1):-0.775	O2):43.47	
O1):-0.748	O2):39.131	
O1):-0.791	O2):38.465	
O1):-0.818	O2):44.218	
O1):-0.797	O2):48.12	
O1):-0.737	O2):34.16	
O1):-0.781	O2):48.571	
O1):-0.811	O2):41.785	
O1):-0.792	O2):47.771	
O1):-0.732	O2):31.906	
O1):-0.735	O2):37.727	
O1):-0.799	O2):41.933	
O1):-0.735	O2):38.755	
O1):-0.752	O2):37.105	
O1):-0.773	O2):47.523	
O1):-0.757	O2):40.258	
O1):-0.798	O2):52.046	
O1):-0.792	O2):42.438	
O1):-0.791	O2):52.254	
O1):-0.73	O2):32.798	
O1):-0.692	O2):31.739	
O1):-0.753	O2):35.486	
O1):-0.759	O2):47.73	
O1):-0.767	O2):45.756	
O1):-0.766	O2):42.549	
O1):-0.711	O2):31.919	
O1):-0.758	O2):37.87	
O1):-0.776	O2):37.841	
O1):-0.802	O2):43.731	
O1):-0.786	O2):42.299	
O1):-0.748	O2):38.034	
O1):-0.774	O2):42.451	
O1):-0.767	O2):48.063	
O1):-0.783	O2):51.514	
O1):-0.796	O2):42.314	
O1):-0.818	O2):46.857	
O1):-0.752	O2):42.07	
O1):-0.693	O2):28.108	
O1):-0.752	O2):41.654	
O1):-0.768	O2):38.368	
O1):-0.759	O2):38.252	
O1):-0.792	O2):47.272	
O1):-0.73	O2):33.274	
O1):-0.788	O2):48.731	
O1):-0.79	O2):42.212	
O1):-0.728	O2):43.499	
O1):-0.764	O2):38.655	
O1):-0.838	O2):48.512	
O1):-0.719	O2):40.499	
O1):-0.798	O2):47.257	
O1):-0.786	O2):41.528	
O1):-0.814	O2):52.161	
O1):-0.777	O2):44.831	
O1):-0.765	O2):42.467	
O1):-0.76	O2):37.281	
O1):-0.726	O2):39.482	
O1):-0.744	O2):37.926	
O1):-0.764	O2):38.923	
O1):-0.797	O2):42.189	
O1):-0.785	O2):40.762	
O1):-0.755	O2):37.876	
O1):-0.784	O2):38.758	
O1):-0.799	O2):41.387	
O1):-0.828	O2):48.247	
O1):-0.77	O2):41.212	
O1):-0.788	O2):41.575	
O1):-0.735	O2):37.338	
O1):-0.803	O2):43.078	
O1):-0.731	O2):36.82	
O1):-0.742	O2):34.067	
O1):-0.742	O2):36.727	
O1):-0.803	O2):42.37	
O1):-0.751	O2):41.413	
O1):-0.758	O2):42.183	
O1):-0.77	O2):37.51	
O1):-0.789	O2):44.22	
O1):-0.745	O2):39.272	
O1):-0.728	O2):46.978	
O1):-0.729	O2):41.125	
O1):-0.759	O2):37.236	
O1):-0.721	O2):33.505	
O1):-0.769	O2):38.342	
O1):-0.76	O2):41.052	
O1):-0.748	O2):36.061	
O1):-0.779	O2):47.032	
O1):-0.765	O2):43.356	
O1):-0.744	O2):36.935	
O1):-0.772	O2):43.147	
O1):-0.777	O2):42.812	
O1):-0.718	O2):36.505	
O1):-0.773	O2):49.065	
O1):-0.797	O2):52.119	
O1):-0.767	O2):42.048	
O1):-0.794	O2):46.793	
O1):-0.752	O2):37.674	
O1):-0.755	O2):42.156	
O1):-0.757	O2):41.63	
O1):-0.825	O2):48.284	
O1):-0.739	O2):37.286	
O1):-0.733	O2):36.292	
O1):-0.747	O2):33.49	
O1):-0.813	O2):48.923	
O1):-0.754	O2):36.771	
O1):-0.792	O2):48.51	
O1):-0.713	O2):31.611	
O1):-0.749	O2):37.557	
O1):-0.764	O2):32.206	
O1):-0.76	O2):32.336	
O1):-0.767	O2):41.339	
O1):-0.735	O2):38.713	
O1):-0.784	O2):45.253	
O1):-0.807	O2):49.896	
O1):-0.744	O2):37.135	
O1):-0.767	O2):37.318	
O1):-0.739	O2):36.649	
O1):-0.743	O2):35.064	
O1):-0.749	O2):32.699	
O1):-0.782	O2):38.034	
O1):-0.768	O2):42.33	
O1):-0.805	O2):47.173	
O1):-0.757	O2):36.927	
O1):-0.775	O2):40.36	
O1):-0.822	O2):59.584	
O1):-0.822	O2):48.735	
O1):-0.78	O2):38.288	
O1):-0.765	O2):41.985	
O1):-0.783	O2):38.62	
O1):-0.737	O2):44.91	
O1):-0.787	O2):38.387	
O1):-0.702	O2):31.465	
O1):-0.77	O2):34.747	
O1):-0.825	O2):53.634	
O1):-0.779	O2):43.872	
O1):-0.753	O2):41.334	
O1):-0.746	O2):36.484	
O1):-0.705	O2):34.67	
O1):-0.742	O2):39.013	
O1):-0.748	O2):40.219	
O1):-0.749	O2):36.158	
O1):-0.757	O2):39.322	
O1):-0.785	O2):37.984	
O1):-0.758	O2):37.951	
O1):-0.784	O2):42.765	
O1):-0.712	O2):32.613	
O1):-0.722	O2):36.97	
O1):-0.784	O2):42.008	
O1):-0.763	O2):37.538	
O1):-0.778	O2):36.074	
O1):-0.766	O2):43.009	
O1):-0.753	O2):38.429	
O1):-0.79	O2):39.35	
O1):-0.806	O2):46.886	
O1):-0.813	O2):39.436	
O1):-0.737	O2):41.692	
O1):-0.774	O2):52.49	
O1):-0.731	O2):40.648	
O1):-0.735	O2):42.566	
O1):-0.749	O2):38.526	
O1):-0.758	O2):42.573	
O1):-0.783	O2):47.482	
O1):-0.702	O2):33.162	
O1):-0.75	O2):38.252	
O1):-0.796	O2):43.466	
O1):-0.747	O2):32.633	
O1):-0.807	O2):51.732	
O1):-0.788	O2):43.158	
O1):-0.783	O2):48.29	
O1):-0.691	O2):30.856	
O1):-0.758	O2):41.569	
O1):-0.773	O2):47.53	
O1):-0.764	O2):46.878	
O1):-0.76	O2):41.866	
O1):-0.769	O2):39.41	
O1):-0.744	O2):32.813	
O1):-0.745	O2):34.499	
O1):-0.771	O2):38.451	
O1):-0.763	O2):37.773	
O1):-0.801	O2):48.06	
O1):-0.789	O2):46.394	
O1):-0.76	O2):37.814	
O1):-0.734	O2):31.935	
O1):-0.773	O2):41.381	
O1):-0.797	O2):54.155	
O1):-0.784	O2):44.615	
O1):-0.798	O2):51.326	
O1):-0.738	O2):37.577	
O1):-0.796	O2):48.216	
O1):-0.703	O2):28.06	
O1):-0.776	O2):48.644	
O1):-0.745	O2):37.8	
O1):-0.757	O2):43.101	
O1):-0.708	O2):35.753	
O1):-0.717	O2):37.207	
O1):-0.722	O2):37.185	
O1):-0.789	O2):43.321	
O1):-0.775	O2):46.694	
O1):-0.77	O2):43.065	
O1):-0.75	O2):41.521	
O1):-0.753	O2):41.81	
O1):-0.757	O2):38.987	
O1):-0.796	O2):37.422	
O1):-0.798	O2):48.581	
O1):-0.761	O2):44.701	
O1):-0.732	O2):36.685	
O1):-0.763	O2):37.092	
O1):-0.815	O2):52.718	
O1):-0.798	O2):48.658	
O1):-0.706	O2):39.109	
O1):-0.753	O2):42.39	
O1):-0.76	O2):42.226	
O1):-0.764	O2):33.972	
O1):-0.776	O2):43.696	
O1):-0.771	O2):44.32	
O1):-0.713	O2):35.525	
O1):-0.708	O2):36.084	
O1):-0.784	O2):42.53	
O1):-0.754	O2):37.82	
O1):-0.758	O2):42.382	
O1):-0.75	O2):37.878	
O1):-0.706	O2):31.325	
O1):-0.692	O2):31.336	
O1):-0.777	O2):39.04	
O1):-0.74	O2):37.847	
O1):-0.775	O2):42.973	
O1):-0.812	O2):49.158	
O1):-0.818	O2):46.131	
O1):-0.822	O2):47.509	
O1):-0.744	O2):32.43	
O1):-0.739	O2):36.177	
O1):-0.767	O2):38.683	
O1):-0.811	O2):43.351	
O1):-0.738	O2):31.894	
O1):-0.767	O2):41.932	
O1):-0.787	O2):42.316	
O1):-0.727	O2):36.863	
O1):-0.837	O2):53.631	
O1):-0.786	O2):42.557	
O1):-0.725	O2):32.6	
O1):-0.774	O2):38.914	
O1):-0.767	O2):41.488	
O1):-0.736	O2):41.006	
O1):-0.77	O2):37.138	
O1):-0.81	O2):44.174	
O1):-0.73	O2):33.046	
O1):-0.747	O2):40.798	
O1):-0.737	O2):39.277	
O1):-0.725	O2):37.36	
O1):-0.786	O2):38.256	
O1):-0.76	O2):43.102	
O1):-0.737	O2):37.864	
O1):-0.772	O2):41.764	
O1):-0.788	O2):38.964	
O1):-0.754	O2):42.926	
O1):-0.715	O2):38.022	
O1):-0.761	O2):41.612	
O1):-0.722	O2):38.246	
O1):-0.826	O2):53.179	
O1):-0.765	O2):37.399	
O1):-0.782	O2):43.936	
O1):-0.757	O2):33.275	
O1):-0.773	O2):39.53	
O1):-0.731	O2):32.914	
O1):-0.862	O2):54.149	
O1):-0.738	O2):31.997	
O1):-0.765	O2):42.916	
O1):-0.81	O2):48.247	
O1):-0.722	O2):37.237	
O1):-0.804	O2):46.975	
O1):-0.719	O2):33.285	
O1):-0.722	O2):36.902	
O1):-0.699	O2):37.967	
O1):-0.829	O2):49.727	
O1):-0.796	O2):42.544	
O1):-0.727	O2):36.744	
O1):-0.761	O2):42.767	
O1):-0.772	O2):42.705	
O1):-0.745	O2):41.775	
O1):-0.768	O2):33.395	
O1):-0.773	O2):44.854	
O1):-0.828	O2):53.1	
O1):-0.767	O2):52.472	
O1):-0.846	O2):60.068	
O1):-0.76	O2):38.691	
O1):-0.754	O2):33.426	
O1):-0.776	O2):40.79	
O1):-0.773	O2):38.158	
O1):-0.774	O2):42.393	
O1):-0.745	O2):37.287	
O1):-0.782	O2):46.713	
O1):-0.729	O2):32.485	
O1):-0.784	O2):34.064	
O1):-0.796	O2):44.276	
O1):-0.766	O2):43.868	
O1):-0.779	O2):38.65	
O1):-0.772	O2):43.481	
O1):-0.758	O2):34.012	
O1):-0.759	O2):42.359	
O1):-0.804	O2):42.281	
O1):-0.739	O2):37.336	
O1):-0.754	O2):41.938	
O1):-0.757	O2):41.331	
O1):-0.71	O2):37.7	
O1):-0.803	O2):43.128	
O1):-0.78	O2):42.868	
O1):-0.772	O2):41.668	
O1):-0.805	O2):40.332	
O1):-0.79	O2):46.567	
O1):-0.755	O2):37.936	
O1):-0.717	O2):36.657	
O1):-0.759	O2):42.528	
O1):-0.764	O2):37.317	
O1):-0.835	O2):49.15	
O1):-0.803	O2):47.233	
O1):-0.764	O2):39.081	
O1):-0.745	O2):45.779	
O1):-0.809	O2):43.661	
O1):-0.767	O2):37.434	
O1):-0.793	O2):41.287	
O1):-0.772	O2):42.731	
O1):-0.779	O2):41.217	
O1):-0.77	O2):39.014	
O1):-0.797	O2):42.77	
O1):-0.782	O2):44.024	
O1):-0.712	O2):31.81	
O1):-0.809	O2):43.724	
O1):-0.704	O2):32.551	
O1):-0.814	O2):44.27	
O1):-0.805	O2):48.549	
O1):-0.802	O2):44.065	
O1):-0.807	O2):43.534	
O1):-0.737	O2):31.597	
O1):-0.748	O2):37.741	
O1):-0.804	O2):47.721	
O1):-0.735	O2):37.935	
O1):-0.73	O2):32.927	
O1):-0.776	O2):40.65	
O1):-0.703	O2):33.353	
O1):-0.772	O2):42.164	
O1):-0.737	O2):41.523	
O1):-0.767	O2):46.697	
O1):-0.73	O2):40.987	
O1):-0.76	O2):48.189	
O1):-0.721	O2):37.07	
O1):-0.706	O2):35.518	
O1):-0.787	O2):38.946	
O1):-0.713	O2):31.667	
O1):-0.757	O2):43.131	
O1):-0.749	O2):41.411	
O1):-0.76	O2):37.827	
O1):-0.728	O2):37.381	
O1):-0.78	O2):43.441	
O1):-0.765	O2):34.116	
O1):-0.759	O2):46.952	
O1):-0.73	O2):36.585	
O1):-0.757	O2):38.681	
O1):-0.797	O2):39.808	
O1):-0.765	O2):42.782	
O1):-0.737	O2):37.138	
O1):-0.725	O2):34.28	
O1):-0.721	O2):36.935	
O1):-0.767	O2):43.431	
O1):-0.776	O2):37.584	
O1):-0.748	O2):33.959	
O1):-0.781	O2):44.393	
O1):-0.751	O2):51.054	
O1):-0.737	O2):42.375	
O1):-0.803	O2):46.947	
O1):-0.764	O2):38.035	
O1):-0.745	O2):42.586	
O1):-0.749	O2):38.326	
O1):-0.783	O2):47.365	
O1):-0.789	O2):48.899	
O1):-0.767	O2):34.537	
O1):-0.696	O2):37.159	
O1):-0.665	O2):30.121	
O1):-0.771	O2):42.864	
O1):-0.75	O2):42.099	
O1):-0.731	O2):32.438	
O1):-0.785	O2):45.691	
O1):-0.787	O2):47.771	
O1):-0.715	O2):34.161	
O1):-0.769	O2):46.479	
O1):-0.743	O2):37.145	
O1):-0.697	O2):35.264	
O1):-0.78	O2):38.919	
O1):-0.698	O2):32.224	
O1):-0.768	O2):37.577	
O1):-0.772	O2):37.841	
O1):-0.71	O2):36.584	
O1):-0.708	O2):28.235	
O1):-0.804	O2):43.186	
O1):-0.789	O2):42.088	
O1):-0.786	O2):47.772	
O1):-0.781	O2):48.828	
O1):-0.671	O2):30.548	
O1):-0.757	O2):37.913	
O1):-0.746	O2):40.739	
O1):-0.812	O2):42.95	
O1):-0.837	O2):48.641	
O1):-0.826	O2):51.393	
O1):-0.782	O2):37.86	
O1):-0.834	O2):48.249	
O1):-0.785	O2):42.473	
O1):-0.715	O2):32.965	
O1):-0.716	O2):38.225	
O1):-0.733	O2):36.269	
O1):-0.703	O2):32.009	
O1):-0.788	O2):41.952	
O1):-0.779	O2):38.261	
O1):-0.726	O2):37.401	
O1):-0.803	O2):49.944	
O1):-0.748	O2):37.04	
O1):-0.728	O2):41.984	
O1):-0.821	O2):56.411	
O1):-0.763	O2):38.062	
O1):-0.781	O2):43.908	
O1):-0.752	O2):51.77	
O1):-0.806	O2):48.877	
O1):-0.751	O2):38.496	
O1):-0.814	O2):48.275	
O1):-0.723	O2):40.849	
O1):-0.781	O2):38.947	
O1):-0.723	O2):41.132	
O1):-0.756	O2):37.242	
O1):-0.757	O2):38.973	
O1):-0.736	O2):37.784	
O1):-0.705	O2):32.917	
O1):-0.775	O2):45.56	
O1):-0.742	O2):38.035	
O1):-0.781	O2):44.465	
O1):-0.796	O2):42.825	
O1):-0.765	O2):46.745	
O1):-0.761	O2):42.021	
O1):-0.808	O2):42.63	
O1):-0.75	O2):37.35	
O1):-0.76	O2):33.187	
O1):-0.788	O2):42.147	
O1):-0.812	O2):47.759	
O1):-0.811	O2):47.069	
O1):-0.791	O2):55.778	
O1):-0.722	O2):38.642	
O1):-0.748	O2):40.105	
O1):-0.811	O2):43.881	
O1):-0.793	O2):41.085	
O1):-0.769	O2):34.256	
O1):-0.715	O2):36.781	
O1):-0.733	O2):32.081	
O1):-0.75	O2):40.035	
O1):-0.797	O2):48.45	
O1):-0.797	O2):47.923	
O1):-0.782	O2):46.458	
O1):-0.79	O2):41.485	
O1):-0.74	O2):37.202	
O1):-0.716	O2):40.932	
O1):-0.764	O2):41.886	
O1):-0.779	O2):48.816	
O1):-0.796	O2):49.066	
O1):-0.767	O2):38.653	
O1):-0.777	O2):37.812	
O1):-0.814	O2):47.99	
O1):-0.725	O2):38.772	
O1):-0.705	O2):39.58	
O1):-0.777	O2):40.826	
O1):-0.776	O2):48.639	
O1):-0.75	O2):36.155	
O1):-0.818	O2):46.729	
O1):-0.766	O2):47.061	
O1):-0.794	O2):44.074	
O1):-0.717	O2):36.502	
O1):-0.795	O2):38.722	
O1):-0.756	O2):39.459	
O1):-0.794	O2):46.509	
O1):-0.756	O2):37.983	
O1):-0.739	O2):32.048	
O1):-0.752	O2):41.879	
O1):-0.733	O2):37.782	
O1):-0.82	O2):43.642	
O1):-0.797	O2):42.609	
O1):-0.782	O2):38.242	
O1):-0.774	O2):46.938	
O1):-0.723	O2):36.806	
O1):-0.758	O2):47.097	
O1):-0.836	O2):48.177	
O1):-0.761	O2):37.446	
O1):-0.764	O2):38.978	
O1):-0.752	O2):34.527	
O1):-0.773	O2):47.274	
O1):-0.811	O2):39.36	
O1):-0.83	O2):62.459	
O1):-0.768	O2):37.199	
O1):-0.768	O2):41.929	
O1):-0.73	O2):35.61	
O1):-0.795	O2):41.698	
O1):-0.789	O2):52.23	
O1):-0.797	O2):42.43	
O1):-0.72	O2):36.815	
O1):-0.765	O2):39.846	
O1):-0.771	O2):42.886	
O1):-0.758	O2):42.12	
O1):-0.76	O2):38.337	
O1):-0.759	O2):42.677	
O1):-0.798	O2):47.37	
O1):-0.746	O2):43.522	
O1):-0.798	O2):47.657	
O1):-0.749	O2):39.144	
O1):-0.74	O2):33.278	
O1):-0.765	O2):37.579	
O1):-0.738	O2):35.734	
O1):-0.758	O2):37.306	
O1):-0.79	O2):46.905	
O1):-0.766	O2):37.678	
O1):-0.796	O2):38.545	
O1):-0.78	O2):41.686	
O1):-0.781	O2):52.647	
O1):-0.789	O2):43.745	
O1):-0.753	O2):32.847	
O1):-0.776	O2):40.613	
O1):-0.793	O2):46.55	
O1):-0.713	O2):36.761	
O1):-0.778	O2):44.134	
O1):-0.759	O2):42.256	
O1):-0.765	O2):42.782	
O1):-0.752	O2):33.378	
O1):-0.725	O2):36.208	
O1):-0.689	O2):36.906	
O1):-0.768	O2):42.22	
O1):-0.723	O2):41.137	
O1):-0.814	O2):51.649	O1):-0.722	
O2):34.045	
O1):-0.674	O2):28.618	
O1):-0.77	O2):37.528	
O1):-0.79	O2):46.08	
O1):-0.757	O2):40.164	
O1):-0.727	O2):36.816	
O1):-0.81	O2):47.763	
O1):-0.748	O2):37.726	
O1):-0.752	O2):42.362	
O1):-0.805	O2):42.767	
O1):-0.742	O2):37.8	
O1):-0.799	O2):42.336	
O1):-0.76	O2):42.384	
O1):-0.812	O2):48.621	
O1):-0.797	O2):39.612	
O1):-0.793	O2):41.716	
O1):-0.777	O2):41.136	
O1):-0.751	O2):37.314	
O1):-0.795	O2):44.192	
O1):-0.703	O2):32.593	
O1):-0.79	O2):41.222	
O1):-0.752	O2):34.845	
O1):-0.761	O2):47.278	
O1):-0.726	O2):32.388	
O1):-0.805	O2):48.119	
O1):-0.694	O2):32.251	
O1):-0.751	O2):41.968	
O1):-0.786	O2):48.348	
O1):-0.753	O2):37.157	
O1):-0.734	O2):32.02	
O1):-0.732	O2):37.716	
O1):-0.715	O2):37.173	
O1):-0.781	O2):40.118	
O1):-0.752	O2):41.451	
O1):-0.754	O2):41.36	
O1):-0.696	O2):37.145	
O1):-0.795	O2):37.899	
O1):-0.765	O2):34.584	
O1):-0.703	O2):27.258	
O1):-0.783	O2):42.51	
O1):-0.796	O2):38.721	
O1):-0.73	O2):37.448	
O1):-0.82	O2):52.181	
O1):-0.766	O2):47.08	
O1):-0.807	O2):46.956	
O1):-0.736	O2):38.299	
O1):-0.728	O2):35.575	
O1):-0.768	O2):37.819	
O1):-0.755	O2):38.15	
O1):-0.811	O2):49.573	
O1):-0.762	O2):42.059	
O1):-0.795	O2):44.928	
O1):-0.819	O2):43.315	
O1):-0.717	O2):36.445	
O1):-0.797	O2):41.947	
O1):-0.75	O2):39.131	
O1):-0.819	O2):44.62	
O1):-0.776	O2):37.755	
O1):-0.782	O2):45.992	
O1):-0.741	O2):33.441	
O1):-0.758	O2):42.171	
O1):-0.813	O2):57.55	
O1):-0.763	O2):41.364	
O1):-0.75	O2):32.557	
O1):-0.76	O2):39.384	
O1):-0.804	O2):52.438	
O1):-0.757	O2):37.247	
O1):-0.73	O2):37.114	
O1):-0.772	O2):40.063	
O1):-0.778	O2):42.602	
O1):-0.765	O2):52.381	
O1):-0.755	O2):33.107	
O1):-0.719	O2):32.038	
O1):-0.799	O2):38.344	
O1):-0.787	O2):41.233	
O1):-0.762	O2):32.745	
O1):-0.698	O2):34.552	
O1):-0.757	O2):38.932	
O1):-0.782	O2):45.727	
O1):-0.757	O2):39.388	
O1):-0.755	O2):34.18	
O1):-0.751	O2):38.503	
O1):-0.727	O2):31.019	
O1):-0.711	O2):39.157	
O1):-0.739	O2):40.903	
O1):-0.717	O2):32.002	
O1):-0.783	O2):36.456	
O1):-0.79	O2):41.465	
O1):-0.779	O2):37.559	
O1):-0.773	O2):43.835	
O1):-0.781	O2):43.806	
O1):-0.758	O2):38.616	
O1):-0.774	O2):38.475	
O1):-0.792	O2):41.687	
O1):-0.735	O2):41.993	
O1):-0.777	O2):39.478	
O1):-0.766	O2):34.166	
O1):-0.77	O2):46.972	
O1):-0.736	O2):36.959	
O1):-0.805	O2):47.671	
O1):-0.706	O2):31.182	
O1):-0.751	O2):34.89	
O1):-0.77	O2):42.009	
O1):-0.787	O2):39.507	
O1):-0.774	O2):52.887	
O1):-0.743	O2):38.679	
O1):-0.787	O2):43.101	
O1):-0.834	O2):49.634	
O1):-0.758	O2):46.632	
O1):-0.757	O2):43.963	
O1):-0.759	O2):42.255	
O1):-0.753	O2):42.172	
O1):-0.777	O2):38.447	
O1):-0.782	O2):44.294	
O1):-0.736	O2):43.253	
O1):-0.766	O2):38.152	
O1):-0.758	O2):37.951	
O1):-0.758	O2):38.181	
O1):-0.772	O2):40.266	
O1):-0.774	O2):38.91	
O1):-0.767	O2):42.5	
O1):-0.744	O2):38.838	
O1):-0.761	O2):46.665	
O1):-0.75	O2):36.458	
O1):-0.751	O2):37.738	
O1):-0.786	O2):38.762	
O1):-0.701	O2):38.748	
O1):-0.751	O2):38.443	
O1):-0.764	O2):38.64	
O1):-0.756	O2):32.193	
O1):-0.741	O2):35.321	
O1):-0.65	O2):26.64	
O1):-0.706	O2):35.002	
O1):-0.774	O2):37.752	
O1):-0.763	O2):42.659	
O1):-0.788	O2):47.324	
O1):-0.722	O2):31.728	
O1):-0.797	O2):47.715	
O1):-0.751	O2):41.946	
O1):-0.752	O2):43.529	
O1):-0.737	O2):40.843	
O1):-0.675	O2):28.486	
O1):-0.749	O2):37.38	
O1):-0.805	O2):55.652	
O1):-0.701	O2):32.739	
O1):-0.806	O2):51.536	
O1):-0.808	O2):43.796	
O1):-0.775	O2):42.996	
O1):-0.728	O2):34.443	
O1):-0.829	O2):53.335	
O1):-0.714	O2):30.663	
O1):-0.75	O2):37.444	
O1):-0.735	O2):35.447	
O1):-0.802	O2):40.465	
O1):-0.757	O2):37.93	
O1):-0.723	O2):31.279	
O1):-0.722	O2):36.517	
O1):-0.755	O2):33.202	
O1):-0.741	O2):34.201	
O1):-0.789	O2):43.62	
O1):-0.778	O2):39.702	
O1):-0.784	O2):45.298	
O1):-0.8	O2):47.552	
O1):-0.725	O2):44.4	
O1):-0.724	O2):29.263	
O1):-0.74	O2):39.036	
O1):-0.769	O2):47.411	
O1):-0.774	O2):43.168	
O1):-0.785	O2):41.819	
O1):-0.778	O2):38.15	
O1):-0.74	O2):33.398	
O1):-0.731	O2):33.086	
O1):-0.698	O2):30.682	
O1):-0.771	O2):38.845	
O1):-0.802	O2):47.826	
O1):-0.804	O2):48.056	
O1):-0.772	O2):38.424	
O1):-0.773	O2):37.288	
O1):-0.802	O2):38.845	
O1):-0.766	O2):42.162	
O1):-0.721	O2):42.755	
O1):-0.76	O2):42.092	
O1):-0.782	O2):48.941	
O1):-0.752	O2):38.266	
O1):-0.766	O2):42.297	
O1):-0.802	O2):43.772	
O1):-0.76	O2):34.773	
O1):-0.766	O2):39.191	
O1):-0.766	O2):42.3	
O1):-0.773	O2):38.914	
O1):-0.744	O2):38.721	
O1):-0.75	O2):38.113	
O1):-0.79	O2):37.621	
O1):-0.813	O2):52.11	
O1):-0.767	O2):38.917	
O1):-0.759	O2):43.125	
O1):-0.721	O2):29.471	
O1):-0.797	O2):48.13	
O1):-0.798	O2):46.107	
O1):-0.76	O2):42.625	
O1):-0.788	O2):47.399	
O1):-0.768	O2):40.089	
O1):-0.765	O2):37.958	
O1):-0.787	O2):42.547	
O1):-0.723	O2):47.107	
O1):-0.799	O2):39.11	
O1):-0.778	O2):41.228	
O1):-0.701	O2):32.303	
O1):-0.798	O2):49.172	
O1):-0.774	O2):37.659	
O1):-0.771	O2):38.376	
O1):-0.755	O2):42.28	
O1):-0.79	O2):42.054	
O1):-0.81	O2):39.168	
O1):-0.788	O2):41.908	
O1):-0.792	O2):55.125	
O1):-0.795	O2):51.956	
O1):-0.735	O2):36.024	
O1):-0.727	O2):33.182	
O1):-0.791	O2):38.413	
O1):-0.805	O2):49.426	
O1):-0.826	O2):44.288	
O1):-0.802	O2):44.986	
O1):-0.797	O2):44.573	
O1):-0.7	O2):32.609	
O1):-0.771	O2):42.18	
O1):-0.834	O2):49.599	
O1):-0.699	O2):34.666	
O1):-0.768	O2):34.767	
O1):-0.796	O2):42.257	
O1):-0.801	O2):42.33	
O1):-0.78	O2):48.158	
O1):-0.75	O2):38.258	
O1):-0.796	O2):39.263	
O1):-0.793	O2):47.635	
O1):-0.759	O2):32.337	
O1):-0.698	O2):35.485	
O1):-0.805	O2):47.626	
O1):-0.744	O2):37.88	
O1):-0.777	O2):37.138	
O1):-0.796	O2):47.942	
O1):-0.781	O2):39.045	
O1):-0.707	O2):33.096	
O1):-0.728	O2):37.596	
O1):-0.793	O2):37.431	
O1):-0.743	O2):36.131	
O1):-0.77	O2):42.747	
O1):-0.75	O2):40.176	
O1):-0.79	O2):49.271	
O1):-0.74	O2):36.429	
O1):-0.794	O2):43.342	
O1):-0.763	O2):42.122	
O1):-0.75	O2):37.187	
O1):-0.728	O2):37.72	
O1):-0.748	O2):36.762	
O1):-0.707	O2):41.465	
O1):-0.767	O2):41.814	
O1):-0.772	O2):49.023	
O1):-0.748	O2):36.073	
O1):-0.715	O2):36.304	
O1):-0.729	O2):32.571	
O1):-0.714	O2):38.05	
O1):-0.836	O2):48.634	
O1):-0.768	O2):46.037	
O1):-0.736	O2):41.171	
O1):-0.773	O2):38.321	
O1):-0.752	O2):37.461	
O1):-0.772	O2):43.375	
O1):-0.763	O2):37.573	
O1):-0.759	O2):38.264	
O1):-0.71	O2):41.173	
O1):-0.812	O2):45.108	
O1):-0.812	O2):44.675	
O1):-0.776	O2):46.625	
O1):-0.739	O2):33.734	
O1):-0.73	O2):32.624	
O1):-0.744	O2):37.282	
O1):-0.722	O2):36.896	
O1):-0.752	O2):42.516	
O1):-0.805	O2):47.207	
O1):-0.735	O2):38.158	
O1):-0.778	O2):33.171	
O1):-0.773	O2):42.826	
O1):-0.794	O2):48.097	
O1):-0.774	O2):47.761	
O1):-0.785	O2):36.722	
O1):-0.782	O2):42.017	
O1):-0.731	O2):37.969	
O1):-0.796	O2):43.401	
O1):-0.806	O2):46.345	
O1):-0.791	O2):40.783	
O1):-0.732	O2):36.745	
O1):-0.743	O2):37.035	
O1):-0.727	O2):37.012	
O1):-0.724	O2):43.722	
O1):-0.759	O2):38.334	
O1):-0.813	O2):43.942	
O1):-0.779	O2):44.014	
O1):-0.728	O2):43.367	
O1):-0.745	O2):37.262	
O1):-0.773	O2):42.158	
O1):-0.752	O2):33.17	
O1):-0.746	O2):33.915	
O1):-0.672	O2):27.298	
O1):-0.741	O2):36.278	
O1):-0.694	O2):32.362	
O1):-0.806	O2):59.546	
O1):-0.791	O2):38.028	
O1):-0.749	O2):37.244	
O1):-0.788	O2):43.343	
O1):-0.767	O2):43.683	
O1):-0.744	O2):33.747	
O1):-0.727	O2):37.378	
O1):-0.775	O2):48.002	
O1):-0.73	O2):32.379	
O1):-0.802	O2):41.18	
O1):-0.768	O2):38.799	
O1):-0.742	O2):37.481	
O1):-0.767	O2):43.491	
O1):-0.767	O2):33.528	
O1):-0.744	O2):30.423	
O1):-0.725	O2):37.069	
O1):-0.759	O2):37.358	
O1):-0.797	O2):42.312	
O1):-0.81	O2):48.517	
O1):-0.759	O2):37.353	
O1):-0.754	O2):38.132	
O1):-0.743	O2):34.514	
O1):-0.784	O2):42.506	
O1):-0.804	O2):46.567	
O1):-0.705	O2):35.869	
O1):-0.74	O2):34.677	
O1):-0.803	O2):55.599	
O1):-0.759	O2):46.536	
O1):-0.779	O2):40.866	
O1):-0.786	O2):37.72	
O1):-0.761	O2):46.471	
O1):-0.798	O2):46.548	
O1):-0.76	O2):42.407	
O1):-0.743	O2):38.454	
O1):-0.693	O2):28.113	
O1):-0.77	O2):37.397	
O1):-0.79	O2):42.202	
O1):-0.775	O2):42.817	
O1):-0.81	O2):42.011	
O1):-0.791	O2):41.619	
O1):-0.805	O2):47.385	
O1):-0.752	O2):38.21	
O1):-0.761	O2):42.688	
O1):-0.803	O2):39.572	
O1):-0.79	O2):46.766	
O1):-0.787	O2):44.43	
O1):-0.758	O2):37.174	
O1):-0.786	O2):38.155	
O1):-0.795	O2):46.12	
Evaluations:	100
O1):-0.765	O2):34.074	
O1):-0.773	O2):47.904	
O1):-0.781	O2):49.339	
O1):-0.773	O2):41.631	
O1):-0.704	O2):33.037	
O1):-0.758	O2):37.292	
Evaluations:	100
O1):-0.757	O2):42.852	
Evaluations:	100
O1):-0.759	O2):33.338	
O1):-0.735	O2):38.982	
Evaluations:	100
O1):-0.783	O2):37.835	
O1):-0.75	O2):42.524	
O1):-0.76	O2):51.855	
O1):-0.806	O2):39.047	
O1):-0.742	O2):42.649	
Evaluations:	100
O1):-0.776	O2):43.259	
O1):-0.772	O2):43.154	
O1):-0.778	O2):39.702	
O1):-0.77	O2):38.317	
O1):-0.791	O2):51.559	
Evaluations:	100
O1):-0.778	O2):39.698	
O1):-0.748	O2):40.105	
O1):-0.748	O2):40.105	
O1):-0.805	O2):43.039	
O1):-0.801	O2):42.298	
O1):-0.752	O2):37.821	
O1):-0.777	O2):35.844	
O1):-0.789	O2):44.22	
O1):-0.814	O2):51.208	
O1):-0.781	O2):53.27	
O1):-0.753	O2):37.428	
O1):-0.74	O2):33.292	
O1):-0.732	O2):31.25	
Evaluations:	100
O1):-0.757	O2):36.008	
O1):-0.714	O2):35.306	
O1):-0.762	O2):41.672	
O1):-0.842	O2):53.257	
O1):-0.797	O2):44.573	
O1):-0.805	O2):47.007	
O1):-0.74	O2):33.292	
O1):-0.732	O2):33.018	
Evaluations:	100
O1):-0.728	O2):33.754	
O1):-0.75	O2):38.113	
O1):-0.737	O2):42.7	
O1):-0.779	O2):38.261	
O1):-0.743	O2):41.245	
O1):-0.737	O2):42.7	
O1):-0.804	O2):42.281	
O1):-0.722	O2):37.237	
O1):-0.736	O2):36.664	
O1):-0.772	O2):35.168	
O1):-0.754	O2):38.132	
O1):-0.772	O2):35.168	
O1):-0.804	O2):42.281	
O1):-0.79	O2):52.13	
O1):-0.749	O2):37.38	
O1):-0.766	O2):42.549	
O1):-0.747	O2):40.798	
O1):-0.83	O2):49.902	
O1):-0.76	O2):37.843	
O1):-0.756	O2):32.211	
O1):-0.755	O2):37.909	
O1):-0.775	O2):36.552	
O1):-0.775	O2):36.552	
O1):-0.79	O2):39.619	
O1):-0.794	O2):39.948	
O1):-0.794	O2):39.948	
O1):-0.803	O2):46.693	
O1):-0.799	O2):49.581	
Evaluations:	100
O1):-0.804	O2):46.975	
O1):-0.8	O2):38.432	
O1):-0.752	O2):41.654	
O1):-0.742	O2):34.992	
O1):-0.829	O2):49.727	
O1):-0.737	O2):39.457	
Evaluations:	100
O1):-0.758	O2):37.292	
O1):-0.755	O2):37.016	
O1):-0.744	O2):36.139	
O1):-0.798	O2):51.549	
O1):-0.698	O2):34.553	
O1):-0.785	O2):41.563	
O1):-0.689	O2):36.906	
O1):-0.73	O2):37.112	
O1):-0.738	O2):36.086	
O1):-0.766	O2):43.868	
O1):-0.798	O2):41.813	
O1):-0.797	O2):39.807	
O1):-0.723	O2):45.934	
O1):-0.82	O2):46.663	
O1):-0.725	O2):33.426	
O1):-0.786	O2):42.481	
O1):-0.767	O2):43.491	
O1):-0.754	O2):33.305	
O1):-0.738	O2):37.578	
O1):-0.711	O2):40.473	
O1):-0.76	O2):42.092	
O1):-0.81	O2):43.871	
O1):-0.774	O2):42.315	
O1):-0.765	O2):34.084	
O1):-0.792	O2):39.414	
O1):-0.757	O2):37.247	
O1):-0.758	O2):43.555	
O1):-0.716	O2):32.596	
O1):-0.791	O2):47.199	
O1):-0.771	O2):37.774	
O1):-0.811	O2):52.217	
O1):-0.79	O2):46.08	
O1):-0.789	O2):40.279	
O1):-0.786	O2):39.141	
O1):-0.794	O2):42.937	
O1):-0.758	O2):38.616	
O1):-0.737	O2):37.34	
O1):-0.772	O2):48.086	
O1):-0.765	O2):37.961	
O1):-0.714	O2):32.286	
O1):-0.785	O2):41.563	
O1):-0.698	O2):35.485	
O1):-0.768	O2):33.383	
O1):-0.764	O2):42.308	
O1):-0.797	O2):42.164	
O1):-0.803	O2):42.37	
O1):-0.77	O2):37.177	
O1):-0.782	O2):42.515	
O1):-0.776	O2):40.65	
O1):-0.789	O2):40.814	
O1):-0.789	O2):42.081	
O1):-0.767	O2):43.431	
O1):-0.773	O2):38.158	
O1):-0.708	O2):35.447	
O1):-0.784	O2):42.765	
O1):-0.774	O2):37.276	
O1):-0.782	O2):57.889	
O1):-0.781	O2):39.081	
O1):-0.795	O2):47.692	
O1):-0.781	O2):39.045	
O1):-0.763	O2):36.981	
O1):-0.774	O2):43.564	
O1):-0.775	O2):46.827	
O1):-0.825	O2):53.575	
O1):-0.793	O2):37.43	
O1):-0.794	O2):47.333	
O1):-0.753	O2):32.847	
O1):-0.759	O2):38.252	
O1):-0.735	O2):35.463	
O1):-0.778	O2):39.702	
O1):-0.715	O2):36.823	
O1):-0.737	O2):40.175	
O1):-0.737	O2):37.864	
O1):-0.767	O2):39.496	
O1):-0.759	O2):37.912	
O1):-0.845	O2):55.195	
O1):-0.772	O2):38.636	
O1):-0.797	O2):42.386	
O1):-0.757	O2):37.247	
O1):-0.765	O2):43.756	
O1):-0.797	O2):43.595	
O1):-0.753	O2):42.505	
O1):-0.74	O2):33.398	
O1):-0.754	O2):37.289	
O1):-0.783	O2):37.928	
O1):-0.707	O2):33.78	
O1):-0.724	O2):38.711	
O1):-0.727	O2):31.019	
O1):-0.76	O2):33.187	
O1):-0.766	O2):38.085	
O1):-0.747	O2):36.871	
O1):-0.801	O2):39.952	
O1):-0.733	O2):44.882	
O1):-0.698	O2):35.485	
O1):-0.71	O2):30.993	
O1):-0.819	O2):43.315	
O1):-0.756	O2):38.292	
O1):-0.766	O2):42.297	
O1):-0.834	O2):52.861	
O1):-0.793	O2):38.649	
O1):-0.818	O2):49.528	
O1):-0.756	O2):39.459	
O1):-0.784	O2):42.34	
O1):-0.786	O2):41.57	
O1):-0.804	O2):43.298	
O1):-0.76	O2):41.695	
O1):-0.737	O2):36.544	
O1):-0.82	O2):49.392	
O1):-0.747	O2):40.796	
O1):-0.697	O2):35.263	
O1):-0.815	O2):48.593	
O1):-0.745	O2):38.985	
O1):-0.784	O2):42.34	
O1):-0.803	O2):44.712	
O1):-0.745	O2):36.24	
O1):-0.778	O2):37.141	
O1):-0.761	O2):37.446	
O1):-0.753	O2):40.819	
O1):-0.778	O2):38.15	
O1):-0.776	O2):37.68	
O1):-0.783	O2):43.019	
O1):-0.771	O2):37.534	
O1):-0.737	O2):38.79	
O1):-0.737	O2):34.181	
O1):-0.804	O2):50.437	
O1):-0.715	O2):37.79	
O1):-0.759	O2):46.813	
O1):-0.784	O2):42.006	
O1):-0.776	O2):42.288	
O1):-0.827	O2):44.776	
O1):-0.751	O2):36.18	
O1):-0.751	O2):36.964	
O1):-0.757	O2):37.307	
O1):-0.775	O2):43.472	
O1):-0.763	O2):38.009	
O1):-0.802	O2):43.234	
O1):-0.775	O2):42.274	
O1):-0.781	O2):41.827	
O1):-0.79	O2):55.705	
O1):-0.803	O2):42.097	
O1):-0.781	O2):43.458	
O1):-0.765	O2):42.782	
O1):-0.774	O2):43.306	
O1):-0.761	O2):42.021	
O1):-0.763	O2):37.092	
O1):-0.724	O2):33.021	
O1):-0.781	O2):45.136	
O1):-0.76	O2):32.374	
O1):-0.803	O2):42.197	
O1):-0.777	O2):40.826	
O1):-0.742	O2):35.806	
O1):-0.759	O2):46.952	
O1):-0.795	O2):37.899	
O1):-0.685	O2):35.415	
O1):-0.787	O2):44.191	
O1):-0.776	O2):43.259	
O1):-0.764	O2):38.388	
O1):-0.772	O2):38.424	
O1):-0.738	O2):42.666	
O1):-0.813	O2):39.436	
O1):-0.74	O2):35.391	
O1):-0.769	O2):43.025	
O1):-0.787	O2):44.196	
O1):-0.722	O2):37.164	
O1):-0.788	O2):39.562	
O1):-0.8	O2):42.286	
O1):-0.727	O2):36.816	
O1):-0.826	O2):51.393	
O1):-0.778	O2):38.15	
O1):-0.752	O2):37.909	
O1):-0.781	O2):44.313	
O1):-0.802	O2):44.928	
O1):-0.743	O2):33.645	
O1):-0.738	O2):39.524	
O1):-0.766	O2):42.162	
O1):-0.764	O2):37.836	
O1):-0.767	O2):47.431	
O1):-0.772	O2):37.841	
O1):-0.701	O2):36.618	
O1):-0.803	O2):50.48	
O1):-0.805	O2):47.55	
O1):-0.787	O2):37.645	
O1):-0.746	O2):34.024	
O1):-0.81	O2):39.168	
O1):-0.762	O2):47.936	
O1):-0.767	O2):42.838	
O1):-0.74	O2):32.926	
O1):-0.763	O2):36.729	
O1):-0.759	O2):42.072	
O1):-0.792	O2):42.438	
O1):-0.796	O2):46.446	
O1):-0.769	O2):39.59	
O1):-0.791	O2):38.413	
O1):-0.703	O2):32.627	
O1):-0.735	O2):38.158	
O1):-0.837	O2):48.641	
O1):-0.766	O2):37.123	
O1):-0.767	O2):34.817	
O1):-0.797	O2):47.545	
O1):-0.781	O2):43.749	
O1):-0.778	O2):41.228	
O1):-0.781	O2):38.953	
O1):-0.774	O2):37.752	
O1):-0.772	O2):37.285	
O1):-0.788	O2):42.14	
O1):-0.767	O2):46.697	
O1):-0.826	O2):51.393	
O1):-0.774	O2):38.347	
O1):-0.798	O2):46.229	
O1):-0.768	O2):35.29	
O1):-0.829	O2):54.733	
O1):-0.797	O2):38.826	
O1):-0.77	O2):43.398	
O1):-0.773	O2):43.498	
O1):-0.773	O2):42.158	
O1):-0.774	O2):37.659	
O1):-0.821	O2):53.05	
O1):-0.742	O2):36.727	
O1):-0.803	O2):42.854	
O1):-0.758	O2):42.969	
O1):-0.736	O2):37.782	
O1):-0.744	O2):38.721	
O1):-0.722	O2):31.726	
O1):-0.759	O2):38.796	
O1):-0.742	O2):39.019	
O1):-0.746	O2):36.389	
O1):-0.735	O2):35.447	
O1):-0.798	O2):47.371	
O1):-0.756	O2):39.459	
O1):-0.772	O2):37.717	
O1):-0.744	O2):37.926	
O1):-0.834	O2):54.518	
O1):-0.823	O2):43.147	
O1):-0.687	O2):32.807	
O1):-0.708	O2):32.77	
O1):-0.798	O2):46.307	
O1):-0.781	O2):52.647	
O1):-0.757	O2):39.337	
O1):-0.777	O2):39.478	
O1):-0.73	O2):33.046	
O1):-0.791	O2):38.206	
O1):-0.794	O2):48.097	
O1):-0.775	O2):46.694	
O1):-0.778	O2):33.171	
O1):-0.739	O2):36.177	
O1):-0.81	O2):42.011	
O1):-0.708	O2):36.778	
O1):-0.804	O2):46.567	
O1):-0.73	O2):35.61	
O1):-0.721	O2):32.961	
O1):-0.773	O2):47.53	
O1):-0.737	O2):42.65	
O1):-0.729	O2):33.617	
O1):-0.73	O2):33.274	
O1):-0.758	O2):37.875	
O1):-0.773	O2):39.53	
O1):-0.819	O2):54.477	
O1):-0.846	O2):60.068	
O1):-0.83	O2):62.459	
O1):-0.778	O2):36.074	
O1):-0.751	O2):38.494	
O1):-0.749	O2):41.981	
O1):-0.745	O2):34.426	
O1):-0.774	O2):36.232	
O1):-0.757	O2):38.987	
O1):-0.781	O2):33.847	
O1):-0.82	O2):47.918	
O1):-0.72	O2):36.815	
O1):-0.783	O2):43.39	
O1):-0.77	O2):43.238	
O1):-0.806	O2):46.886	
O1):-0.761	O2):40.415	
O1):-0.729	O2):36.563	
O1):-0.727	O2):36.863	
O1):-0.742	O2):39.013	
O1):-0.727	O2):36.818	
O1):-0.714	O2):42.08	
O1):-0.776	O2):50.269	
O1):-0.757	O2):33.225	
O1):-0.773	O2):37.288	
O1):-0.727	O2):38.368	
O1):-0.776	O2):37.841	
O1):-0.773	O2):42.64	
O1):-0.723	O2):36.176	
O1):-0.765	O2):39.265	
O1):-0.688	O2):32.033	
O1):-0.813	O2):45.046	
O1):-0.794	O2):38.632	
O1):-0.696	O2):31.998	
O1):-0.795	O2):41.698	
O1):-0.797	O2):37.752	
O1):-0.811	O2):43.351	
O1):-0.732	O2):31.25	
O1):-0.789	O2):42.118	
O1):-0.751	O2):46.834	
O1):-0.83	O2):62.459	
O1):-0.792	O2):45.846	
O1):-0.767	O2):38.683	
O1):-0.796	O2):44.356	
O1):-0.73	O2):33.262	
O1):-0.716	O2):36.88	
O1):-0.763	O2):37.773	
O1):-0.78	O2):48.582	
O1):-0.701	O2):36.744	
O1):-0.718	O2):39.196	
O1):-0.76	O2):42.407	
O1):-0.746	O2):36.484	
O1):-0.801	O2):44.259	
O1):-0.767	O2):41.339	
O1):-0.743	O2):38.668	
O1):-0.764	O2):38.923	
O1):-0.75	O2):36.862	
O1):-0.815	O2):51.506	
O1):-0.763	O2):41.462	
O1):-0.767	O2):42.65	
O1):-0.75	O2):37.187	
O1):-0.718	O2):36.635	
O1):-0.786	O2):47.577	
O1):-0.733	O2):31.794	
O1):-0.74	O2):33.937	
O1):-0.757	O2):40.164	
O1):-0.789	O2):42.989	
O1):-0.794	O2):46.509	
O1):-0.713	O2):41.865	
O1):-0.768	O2):42.643	
O1):-0.796	O2):43.236	
O1):-0.772	O2):38.424	
O1):-0.744	O2):37.746	
O1):-0.759	O2):38.264	
O1):-0.763	O2):36.888	
O1):-0.79	O2):46.766	
O1):-0.759	O2):43.284	
O1):-0.745	O2):32.94	
O1):-0.775	O2):37.003	
O1):-0.773	O2):43.844	
O1):-0.785	O2):41.659	
O1):-0.766	O2):47.064	
O1):-0.792	O2):48.51	
O1):-0.73	O2):33.274	
O1):-0.751	O2):47.851	
O1):-0.757	O2):33.381	
O1):-0.754	O2):36.771	
O1):-0.766	O2):42.549	
O1):-0.738	O2):42.196	
O1):-0.782	O2):38.025	
O1):-0.749	O2):43.306	
O1):-0.809	O2):43.727	
O1):-0.81	O2):43.349	
O1):-0.76	O2):42.407	
O1):-0.791	O2):38.028	
O1):-0.79	O2):37.225	
O1):-0.752	O2):41.654	
O1):-0.74	O2):37.847	
O1):-0.741	O2):33.441	
O1):-0.781	O2):42.178	
O1):-0.773	O2):43.678	
O1):-0.754	O2):33.426	
O1):-0.765	O2):42.464	
O1):-0.812	O2):51.846	
O1):-0.755	O2):33.108	
O1):-0.703	O2):32.419	
O1):-0.699	O2):32.929	
O1):-0.773	O2):43.441	
O1):-0.802	O2):44.065	
O1):-0.799	O2):42.336	
O1):-0.749	O2):36.158	
O1):-0.767	O2):45.756	
O1):-0.795	O2):37.899	
O1):-0.8	O2):48.025	
O1):-0.705	O2):34.67	
O1):-0.745	O2):34.499	
O1):-0.738	O2):31.894	
O1):-0.696	O2):37.145	
O1):-0.799	O2):38.649	
O1):-0.782	O2):38.675	
O1):-0.801	O2):37.858	
O1):-0.818	O2):46.131	
O1):-0.748	O2):37.577	
O1):-0.702	O2):31.466	
O1):-0.723	O2):33.492	
O1):-0.706	O2):31.182	
O1):-0.814	O2):44.27	
O1):-0.746	O2):36.5	
O1):-0.741	O2):35.321	
O1):-0.742	O2):37.481	
O1):-0.82	O2):49.352	
O1):-0.779	O2):42.388	
O1):-0.796	O2):49.066	
O1):-0.742	O2):36.727	
O1):-0.766	O2):43.178	
O1):-0.762	O2):32.745	
O1):-0.784	O2):34.064	
O1):-0.805	O2):45.341	
O1):-0.79	O2):41.22	
O1):-0.722	O2):36.508	
O1):-0.721	O2):36.935	
O1):-0.758	O2):39.454	
O1):-0.776	O2):40.65	
O1):-0.777	O2):39.041	
O1):-0.79	O2):42.602	
O1):-0.814	O2):51.649	
O1):-0.802	O2):38.845	
O1):-0.77	O2):42.145	
O1):-0.803	O2):42.36	
O1):-0.71	O2):31.904	
O1):-0.833	O2):44.086	
O1):-0.77	O2):38.035	
O1):-0.734	O2):38.661	
O1):-0.763	O2):36.911	
O1):-0.752	O2):38.266	
O1):-0.757	O2):36.927	
O1):-0.712	O2):39.639	
O1):-0.76	O2):39.396	
O1):-0.701	O2):33.65	
O1):-0.788	O2):38.964	
O1):-0.828	O2):43.652	
O1):-0.79	O2):42.635	
O1):-0.791	O2):38.413	
O1):-0.764	O2):39.443	
O1):-0.819	O2):54.477	
O1):-0.735	O2):37.586	
O1):-0.751	O2):42.055	
O1):-0.786	O2):43.176	
O1):-0.759	O2):41.735	
O1):-0.796	O2):43.786	
O1):-0.739	O2):33.734	
O1):-0.757	O2):43.101	
O1):-0.797	O2):39.808	
O1):-0.711	O2):31.919	
O1):-0.798	O2):52.103	
O1):-0.805	O2):48.181	
O1):-0.748	O2):40.314	
O1):-0.755	O2):38.366	
O1):-0.797	O2):44.573	
O1):-0.71	O2):36.222	
O1):-0.799	O2):41.387	
O1):-0.731	O2):32.438	
O1):-0.79	O2):42.027	
O1):-0.737	O2):34.16	
O1):-0.732	O2):31.25	
O1):-0.743	O2):33.856	
O1):-0.739	O2):36.311	
O1):-0.79	O2):46.567	
O1):-0.764	O2):32.482	
O1):-0.772	O2):39.027	
O1):-0.743	O2):38.167	
O1):-0.814	O2):48.275	
O1):-0.784	O2):34.064	
O1):-0.794	O2):43.39	
O1):-0.773	O2):37.597	
O1):-0.805	O2):48.119	
O1):-0.797	O2):48.56	
O1):-0.781	O2):48.828	
O1):-0.802	O2):38.845	
O1):-0.735	O2):38.158	
O1):-0.762	O2):37.383	
O1):-0.807	O2):43.532	
O1):-0.777	O2):37.76	
O1):-0.768	O2):37.831	
O1):-0.786	O2):45.625	
O1):-0.746	O2):42.121	
O1):-0.776	O2):37.411	
O1):-0.809	O2):46.335	
O1):-0.767	O2):41.342	
O1):-0.757	O2):42.026	
O1):-0.785	O2):41.659	
O1):-0.74	O2):33.296	
O1):-0.782	O2):39.171	
O1):-0.76	O2):36.449	
O1):-0.73	O2):32.378	
O1):-0.792	O2):55.125	
O1):-0.757	O2):38.681	
O1):-0.767	O2):42.5	
O1):-0.758	O2):37.292	
O1):-0.711	O2):41.902	
O1):-0.774	O2):42.073	
O1):-0.793	O2):46.55	
O1):-0.808	O2):52.569	
O1):-0.753	O2):41.334	
O1):-0.763	O2):37.773	
O1):-0.782	O2):52.198	
O1):-0.697	O2):40.655	
O1):-0.782	O2):38.943	
O1):-0.784	O2):42.34	
O1):-0.724	O2):31.186	
O1):-0.796	O2):37.422	
O1):-0.723	O2):36.806	
O1):-0.772	O2):39.027	
O1):-0.803	O2):42.754	
O1):-0.772	O2):36.658	
O1):-0.802	O2):41.181	
O1):-0.801	O2):42.655	
O1):-0.803	O2):45.609	
O1):-0.732	O2):36.685	
O1):-0.784	O2):34.064	
O1):-0.784	O2):42.006	
O1):-0.737	O2):36.684	
O1):-0.76	O2):34.305	
O1):-0.785	O2):37.484	
O1):-0.819	O2):43.315	
O1):-0.713	O2):36.74	
O1):-0.751	O2):38.927	
O1):-0.722	O2):38.246	
O1):-0.696	O2):30.554	
O1):-0.785	O2):41.885	
O1):-0.765	O2):43.102	
O1):-0.769	O2):38.133	
O1):-0.791	O2):38.028	
O1):-0.722	O2):33.963	
O1):-0.78	O2):38.27	
O1):-0.775	O2):46.694	
O1):-0.743	O2):35.063	
O1):-0.737	O2):33.905	
O1):-0.748	O2):37.726	
O1):-0.752	O2):38.21	
O1):-0.792	O2):47.272	
O1):-0.738	O2):36.584	
O1):-0.812	O2):53.863	
O1):-0.753	O2):41.81	
O1):-0.79	O2):38.755	
O1):-0.822	O2):48.733	
O1):-0.749	O2):41.411	
O1):-0.781	O2):52.661	
O1):-0.828	O2):53.1	
O1):-0.675	O2):30.609	
O1):-0.761	O2):37.446	
O1):-0.79	O2):48.634	
O1):-0.779	O2):48.816	
O1):-0.759	O2):41.64	
O1):-0.757	O2):39.389	
O1):-0.761	O2):41.568	
O1):-0.75	O2):37.878	
O1):-0.77	O2):34.747	
O1):-0.744	O2):37.926	
O1):-0.786	O2):36.816	
O1):-0.672	O2):27.298	
O1):-0.785	O2):42.473	
O1):-0.797	O2):47.821	
O1):-0.785	O2):42.956	
O1):-0.75	O2):37.436	
O1):-0.75	O2):34.549	
O1):-0.821	O2):51.849	
O1):-0.796	O2):42.314	
O1):-0.834	O2):49.589	
O1):-0.786	O2):38.256	
O1):-0.802	O2):47.826	
O1):-0.798	O2):49.743	
O1):-0.747	O2):32.623	
O1):-0.804	O2):43.186	
O1):-0.761	O2):40.692	
O1):-0.778	O2):43.35	
O1):-0.767	O2):42.384	
O1):-0.735	O2):38.759	
O1):-0.751	O2):41.851	
O1):-0.772	O2):43.138	
O1):-0.745	O2):38.377	
O1):-0.819	O2):52.253	
O1):-0.746	O2):31.839	
O1):-0.788	O2):39.188	
O1):-0.738	O2):35.734	
O1):-0.724	O2):29.248	
O1):-0.789	O2):44.22	
O1):-0.732	O2):32.93	
O1):-0.754	O2):41.938	
O1):-0.768	O2):33.395	
O1):-0.803	O2):42.37	
O1):-0.698	O2):31.025	
O1):-0.781	O2):47.591	
O1):-0.727	O2):33.182	
O1):-0.757	O2):42.852	
O1):-0.796	O2):43.466	
O1):-0.754	O2):42.926	
O1):-0.722	O2):38.119	
O1):-0.75	O2):38.07	
O1):-0.726	O2):33.677	
O1):-0.828	O2):48.247	
O1):-0.692	O2):31.336	
O1):-0.813	O2):44.293	
O1):-0.758	O2):38.616	
O1):-0.76	O2):32.374	
O1):-0.836	O2):48.644	
O1):-0.744	O2):42.963	
O1):-0.79	O2):37.904	
O1):-0.766	O2):47.08	
O1):-0.757	O2):36.008	
O1):-0.78	O2):48.158	
O1):-0.741	O2):32.581	
O1):-0.783	O2):36.592	
O1):-0.826	O2):44.288	
O1):-0.776	O2):37.755	
O1):-0.778	O2):42.602	
O1):-0.721	O2):37.07	
O1):-0.75	O2):42.524	
O1):-0.758	O2):34.012	
O1):-0.767	O2):34.619	
O1):-0.773	O2):43.835	
O1):-0.767	O2):41.488	
O1):-0.714	O2):31.645	
O1):-0.76	O2):36.986	
O1):-0.722	O2):36.516	
O1):-0.821	O2):56.238	
O1):-0.709	O2):34.021	
O1):-0.776	O2):37.988	
O1):-0.808	O2):39.247	
O1):-0.745	O2):37.204	
O1):-0.855	O2):59.424	
O1):-0.76	O2):37.636	
O1):-0.812	O2):53.863	
O1):-0.79	O2):41.465	
O1):-0.791	O2):41.619	
O1):-0.704	O2):31.909	
O1):-0.771	O2):38.545	
O1):-0.728	O2):37.056	
O1):-0.751	O2):43.339	
O1):-0.776	O2):50.269	
O1):-0.697	O2):34.613	
O1):-0.804	O2):43.186	
O1):-0.749	O2):37.38	
O1):-0.768	O2):37.577	
O1):-0.745	O2):39.938	
O1):-0.727	O2):36.816	
O1):-0.764	O2):43.692	
O1):-0.763	O2):33.555	
O1):-0.742	O2):35.375	
O1):-0.74	O2):36.431	
O1):-0.715	O1):-0.73	O2):37.114	O2):34.161	

O1):-0.748	O2):36.682	
O1):-0.737	O2):39.453	
O1):-0.79	O2):43.045	
O1):-0.691	O2):30.856	
O1):-0.736	O2):38.299	
O1):-0.743	O2):37.52	
O1):-0.75	O2):37.444	
O1):-0.752	O2):42.07	
O1):-0.732	O2):31.404	
O1):-0.777	O2):41.136	
O1):-0.785	O2):41.885	
O1):-0.774	O2):43.076	
O1):-0.803	O2):43.078	
O1):-0.782	O2):37.86	
O1):-0.759	O2):38.252	
O1):-0.722	O2):36.517	
O1):-0.77	O2):34.747	
O1):-0.786	O2):52.727	
O1):-0.784	O2):46.697	
O1):-0.779	O2):41.517	
O1):-0.788	O2):47.818	
O1):-0.703	O2):32.009	
O1):-0.778	O2):42.343	
O1):-0.799	O2):43.16	
O1):-0.776	O2):46.265	
O1):-0.715	O2):37.149	
O1):-0.765	O2):37.399	
O1):-0.811	O2):43.77	
O1):-0.773	O2):43.787	
O1):-0.803	O2):39.572	
O1):-0.731	O2):32.914	
O1):-0.743	O2):37.033	
O1):-0.8	O2):47.552	
O1):-0.811	O2):47.069	
O1):-0.715	O2):32.957	
O1):-0.813	O2):47.069	
O1):-0.798	O2):52.046	
O1):-0.76	O2):51.576	
O1):-0.751	O2):41.984	
O1):-0.836	O2):48.177	
O1):-0.765	O2):34.584	
O1):-0.735	O2):37.338	
O1):-0.759	O2):38.064	
O1):-0.792	O2):44.394	
O1):-0.744	O2):42.965	
O1):-0.793	O2):41.004	
O1):-0.804	O2):43.186	
O1):-0.758	O2):37.871	
O1):-0.724	O2):37.121	
O1):-0.729	O2):35.987	
O1):-0.761	O2):35.822	
O1):-0.781	O2):44.393	
O1):-0.789	O2):39.226	
O1):-0.805	O2):43.441	
O1):-0.779	O2):40.866	
O1):-0.772	O2):38.237	
O1):-0.766	O2):42.3	
O1):-0.744	O2):36.935	
O1):-0.795	O2):41.698	
O1):-0.764	O2):38.923	
O1):-0.713	O2):36.763	
O1):-0.671	O2):26.489	
O1):-0.766	O2):43.009	
O1):-0.714	O2):30.663	
O1):-0.762	O2):36.361	
O1):-0.808	O2):42.63	
O1):-0.771	O2):48.744	
O1):-0.768	O2):33.395	
O1):-0.809	O2):38.46	
O1):-0.782	O2):38.625	
O1):-0.748	O2):37.741	
O1):-0.729	O2):33.311	
O1):-0.735	O2):37.338	
O1):-0.82	O2):43.463	
O1):-0.781	O2):46.148	
O1):-0.781	O2):45.835	
O1):-0.766	O2):39.185	
O1):-0.75	O2):43.874	
O1):-0.776	O2):37.841	
O1):-0.752	O2):38.325	
O1):-0.725	O2):34.281	
O1):-0.819	O2):47.444	
O1):-0.775	O2):46.696	
O1):-0.702	O2):33.83	
O1):-0.769	O2):33.567	
O1):-0.81	O2):48.501	
O1):-0.772	O2):42.731	
O1):-0.703	O2):32.709	
O1):-0.779	O2):37.33	
O1):-0.738	O2):37.577	
O1):-0.789	O2):47.645	
O1):-0.743	O2):34.514	
O1):-0.694	O2):31.175	
O1):-0.799	O2):42.336	
O1):-0.795	O2):42.789	
O1):-0.759	O2):43.257	
O1):-0.708	O2):28.235	
O1):-0.735	O2):37.338	
O1):-0.779	O2):44.27	
O1):-0.773	O2):41.631	
O1):-0.75	O2):40.176	
O1):-0.778	O2):36.074	
O1):-0.792	O2):44.394	
O1):-0.776	O2):45.897	
O1):-0.777	O2):42.812	
O1):-0.82	O2):53.021	
O1):-0.726	O2):37.401	
O1):-0.784	O2):37.764	
O1):-0.785	O2):40.745	
O1):-0.703	O2):32.209	
O1):-0.793	O2):41.716	
O1):-0.723	O2):33.731	
O1):-0.766	O2):47.856	
O1):-0.751	O2):38.496	
O1):-0.782	O2):51.501	
O1):-0.78	O2):44.738	
O1):-0.74	O2):32.452	
O1):-0.76	O2):38.727	
O1):-0.764	O2):42.68	
O1):-0.778	O2):44.641	
O1):-0.805	O2):46.738	
O1):-0.81	O2):51.115	
O1):-0.759	O2):42.359	
O1):-0.763	O2):33.944	
O1):-0.772	O2):38.947	
O1):-0.752	O2):37.151	
O1):-0.772	O2):41.865	
O1):-0.802	O2):48.603	
O1):-0.782	O2):46.211	
O1):-0.805	O2):46.338	
O1):-0.802	O2):48.715	
O1):-0.819	O2):51.291	
O1):-0.689	O2):36.906	
O1):-0.75	O2):38.113	
O1):-0.763	O2):41.451	
O1):-0.808	O2):39.166	
O1):-0.784	O2):42.006	
O1):-0.768	O2):34.767	
O1):-0.754	O2):38.132	
O1):-0.862	O2):54.149	
O1):-0.738	O2):34.011	
O1):-0.802	O2):45.41	
O1):-0.732	O2):36.729	
O1):-0.811	O2):43.501	
O1):-0.798	O2):47.134	
O1):-0.737	O2):39.457	
O1):-0.826	O2):48.815	
O1):-0.789	O2):42.369	
O1):-0.789	O2):41.938	
O1):-0.68	O2):37.033	
O1):-0.783	O2):47.365	
O1):-0.805	O2):44.95	
O1):-0.829	O2):57.591	
O1):-0.764	O2):44.137	
O1):-0.767	O2):38.917	
O1):-0.786	O2):41.529	
O1):-0.771	O2):38.451	
O1):-0.76	O2):42.384	
O1):-0.797	O2):39.612	
O1):-0.751	O2):38.443	
O1):-0.758	O2):37.87	
O1):-0.77	O2):42.295	
O1):-0.798	O2):42.57	
O1):-0.804	O2):43.181	
O1):-0.759	O2):42.419	
O1):-0.774	O2):46.914	
O1):-0.799	O2):47.212	
O1):-0.755	O2):37.482	
O1):-0.703	O2):32.593	
O1):-0.775	O2):48.059	
O1):-0.752	O2):37.988	
O1):-0.743	O2):37.358	
O1):-0.797	O2):47.094	
O1):-0.765	O2):43.815	
O1):-0.714	O2):30.663	
O1):-0.791	O2):42.815	
O1):-0.822	O2):54.412	
O1):-0.802	O2):47.977	
O1):-0.775	O2):35.891	
O1):-0.758	O2):38.675	
O1):-0.694	O2):35.038	
O1):-0.789	O2):42.088	
O1):-0.773	O2):44.42	
O1):-0.808	O2):38.432	
O1):-0.782	O2):39.065	
O1):-0.786	O2):52.74	
O1):-0.789	O2):43.505	
O1):-0.8	O2):43.217	
O1):-0.741	O2):32.298	
O1):-0.773	O2):37.288	
O1):-0.781	O2):44.393	
O1):-0.73	O2):32.927	
O1):-0.704	O2):34.668	
O1):-0.764	O2):38.464	
Evaluations:	200
O1):-0.766	O2):42.3	
O1):-0.748	O2):37.271	
O1):-0.725	O2):36.409	
O1):-0.774	O2):38.914	
O1):-0.665	O2):30.18	
O1):-0.756	O2):36.737	
O1):-0.784	O2):44.615	
O1):-0.805	O2):45.325	
O1):-0.77	O2):35.79	
O1):-0.741	O2):34.207	
O1):-0.822	O2):47.509	
O1):-0.716	O2):41.016	
O1):-0.787	O2):42.547	
O1):-0.718	O2):32.967	
O1):-0.765	O2):42.916	
O1):-0.796	O2):39.264	
O1):-0.767	O2):39.069	
O1):-0.783	O2):36.456	
O1):-0.784	O2):42.34	
O1):-0.758	O2):37.87	
O1):-0.783	O2):42.354	
O1):-0.822	O2):59.277	
O1):-0.765	O2):42.865	
O1):-0.771	O2):38.458	
O1):-0.797	O2):44.585	
O1):-0.788	O2):42.147	
O1):-0.774	O2):42.753	
O1):-0.774	O2):41.781	
O1):-0.797	O2):49.56	
O1):-0.796	O2):43.345	
O1):-0.803	O2):47.244	
O1):-0.751	O2):37.741	
O1):-0.75	O2):37.786	
O1):-0.789	O2):43.639	
O1):-0.798	O2):46.747	
O1):-0.781	O2):38.891	
O1):-0.703	O2):38.953	
O1):-0.791	O2):44.879	
O1):-0.801	O2):37.661	
O1):-0.777	O2):38.745	
O1):-0.673	O2):26.725	
O1):-0.701	O2):32.303	
O1):-0.779	O2):38.481	
O1):-0.701	O2):32.303	
O1):-0.811	O2):42.83	
O1):-0.788	O2):41.908	
O1):-0.696	O2):30.554	
O1):-0.744	O2):37.282	
O1):-0.831	O2):43.517	
O1):-0.814	O2):51.649	
O1):-0.757	O2):40.258	
O1):-0.752	O2):37.105	
O1):-0.749	O2):37.019	
O1):-0.753	O2):35.135	
O1):-0.742	O2):34.545	
O1):-0.671	O2):31.105	
O1):-0.686	O2):32.967	
O1):-0.825	O2):42.531	
Evaluations:	200
O1):-0.796	O2):44.06	
O1):-0.784	O2):44.615	
O1):-0.739	O2):32.948	
O1):-0.802	O2):41.166	
O1):-0.756	O2):37.678	
O1):-0.775	O2):42.625	
O1):-0.739	O2):36.309	
O1):-0.772	O2):43.147	
O1):-0.783	O2):41.594	
O1):-0.763	O2):41.283	
O1):-0.726	O2):40.219	
O1):-0.691	O2):31.215	
O1):-0.76	O2):39.816	
O1):-0.783	O2):34.494	
O1):-0.733	O2):33.701	
O1):-0.82	O2):48.538	
O1):-0.767	O2):47.866	
O1):-0.769	O2):42.666	
O1):-0.728	O2):38.411	
O1):-0.746	O2):32.33	
O1):-0.797	O2):42.627	
O1):-0.819	O2):43.315	
O1):-0.73	O2):36.878	
O1):-0.721	O2):37.26	
O1):-0.79	O2):37.216	
O1):-0.758	O2):42.121	
O1):-0.713	O2):36.74	
Evaluations:	200
O1):-0.736	O2):33.858	
O1):-0.793	O2):41.944	
O1):-0.767	O2):41.932	
O1):-0.804	O2):52.439	
O1):-0.723	O2):37.26	
O1):-0.803	O2):43.078	
O1):-0.707	O2):33.096	
O1):-0.796	O2):37.421	
O1):-0.79	O2):41.22	
O1):-0.766	O2):38.063	
O1):-0.795	O2):44.103	
O1):-0.796	O2):39.263	
O1):-0.752	O2):38.203	
O1):-0.82	O2):46.89	
O1):-0.765	O2):36.409	
O1):-0.737	O2):33.523	
O1):-0.799	O2):47.304	
O1):-0.793	O2):41.716	
O1):-0.793	O2):42.587	
O1):-0.722	O2):36.904	
O1):-0.756	O2):37.269	
O1):-0.741	O2):32.561	
O1):-0.778	O2):42.602	
O1):-0.749	O2):43.387	
O1):-0.777	O2):37.564	
O1):-0.777	O2):47.613	
O1):-0.731	O2):35.705	
O1):-0.782	O2):44.024	
O1):-0.763	O2):37.573	
O1):-0.749	O2):39.036	
O1):-0.803	O2):50.48	
O1):-0.797	O2):44.573	
O1):-0.76	O2):38.109	
O1):-0.781	O2):49.183	
O1):-0.829	O2):53.771	
O1):-0.774	O2):38.632	
O1):-0.776	O2):36.174	
O1):-0.816	O2):44.778	
O1):-0.785	O2):36.721	
O1):-0.767	O2):47.866	
O1):-0.784	O2):42.006	
O1):-0.732	O2):38.047	
O1):-0.764	O2):38.923	
O1):-0.799	O2):42.75	
O1):-0.776	O2):37.411	
O1):-0.806	O2):42.04	
O1):-0.722	O2):31.728	
O1):-0.803	O2):42.36	
O1):-0.778	O2):41.879	
O1):-0.758	O2):34.012	
O1):-0.769	O2):36.358	
O1):-0.763	O2):42.122	
Evaluations:	200
O1):-0.812	O2):53.863	
O1):-0.769	O2):43.374	
O1):-0.778	O2):39.938	
O1):-0.751	O2):38.616	
O1):-0.735	O2):36.024	
O1):-0.819	O2):47.136	
O1):-0.721	O2):42.196	
O1):-0.814	O2):52.624	
O1):-0.766	O2):39.586	
O1):-0.809	O2):42.993	
O1):-0.74	O2):39.036	
O1):-0.758	O2):37.174	
O1):-0.804	O2):42.281	
O1):-0.781	O2):44.073	
O1):-0.765	O2):38.289	
O1):-0.73	O2):37.218	
O1):-0.855	O2):59.424	
O1):-0.805	O2):43.274	
Evaluations:	200
O1):-0.776	O2):36.681	
O1):-0.756	O2):31.812	
O1):-0.804	O2):48.057	
O1):-0.804	O2):43.298	
O1):-0.781	O2):39.045	
O1):-0.766	O2):46.906	
O1):-0.788	O2):39.562	
O1):-0.797	O2):39.612	
O1):-0.797	O2):44.572	
O1):-0.786	O2):38.256	
O1):-0.822	O2):49.315	
O1):-0.783	O2):47.365	
O1):-0.818	O2):46.857	
O1):-0.778	O2):33.169	
O1):-0.755	O2):33.353	
O1):-0.773	O2):37.288	
O1):-0.767	O2):39.139	
O1):-0.771	O2):38.544	
O1):-0.812	O2):53.863	
O1):-0.758	O2):38.246	
O1):-0.712	O2):31.809	
O1):-0.76	O2):36.597	
O1):-0.769	O2):36.337	
O1):-0.776	O2):38.258	
O1):-0.776	O2):37.757	
O1):-0.75	O2):37.444	
O1):-0.797	O2):42.189	
O1):-0.686	O2):32.967	
O1):-0.749	O2):43.36	
Evaluations:	200
O1):-0.75	O2):36.162	
O1):-0.808	O2):46.161	
O1):-0.79	O2):37.222	
O1):-0.82	O2):43.463	
O1):-0.776	O2):38.258	
O1):-0.733	O2):31.794	
O1):-0.803	O2):42.37	
O1):-0.763	O2):38.014	
O1):-0.722	O2):31.726	
O1):-0.801	O2):37.653	
Evaluations:	200
O1):-0.788	O2):39.189	
O1):-0.841	O2):48.219	
Evaluations:	200
O1):-0.786	O2):41.528	
O1):-0.758	O2):32.674	
O1):-0.768	O2):33.395	
O1):-0.735	O2):33.183	
O1):-0.716	O2):32.597	
O1):-0.797	O2):39.612	
O1):-0.716	O2):32.596	
O1):-0.791	O2):38.028	
O1):-0.734	O2):32.079	
O1):-0.699	O2):34.666	
O1):-0.764	O2):33.972	
O1):-0.747	O2):38.416	
Evaluations:	200
O1):-0.793	O2):42.174	
O1):-0.757	O2):38.382	
O1):-0.807	O2):43.61	
O1):-0.771	O2):38.376	
Evaluations:	200
O1):-0.774	O2):37.276	
O1):-0.803	O2):42.249	
O1):-0.762	O2):32.761	
O1):-0.727	O2):33.182	
O1):-0.714	O2):31.645	
O1):-0.773	O2):38.159	
O1):-0.779	O2):38.211	
O1):-0.711	O2):31.919	
O1):-0.781	O2):44.693	
O1):-0.776	O2):37.755	
O1):-0.778	O2):38.15	
O1):-0.772	O2):38.476	
O1):-0.854	O2):54.305	
O1):-0.771	O2):38.537	
O1):-0.804	O2):43.029	
O1):-0.829	O2):49.041	
O1):-0.797	O2):39.609	
O1):-0.716	O2):32.596	
O1):-0.752	O2):33.17	
O1):-0.795	O2):41.698	
O1):-0.689	O2):32.092	
O1):-0.753	O2):35.135	
O1):-0.766	O2):36.984	
O1):-0.776	O2):37.195	
O1):-0.79	O2):38.754	
O1):-0.792	O2):39.142	
O1):-0.771	O2):38.545	
O1):-0.791	O2):38.413	
O1):-0.783	O2):37.843	
O1):-0.737	O2):31.543	
O1):-0.791	O2):38.413	
O1):-0.813	O2):47.559	
O1):-0.783	O2):36.437	
O1):-0.762	O2):32.745	
O1):-0.766	O2):34.338	
O1):-0.773	O2):38.322	
O1):-0.762	O2):32.745	
O1):-0.805	O2):42.767	
O1):-0.791	O2):38.413	
O1):-0.704	O2):33.037	
O1):-0.752	O2):47.153	
O1):-0.789	O2):43.825	
O1):-0.802	O2):42.455	
O1):-0.701	O2):32.303	
O1):-0.748	O2):36.762	
O1):-0.785	O2):46.542	
O1):-0.692	O2):30.973	
O1):-0.757	O2):37.265	
O1):-0.75	O2):37.444	
O1):-0.762	O2):36.477	
O1):-0.809	O2):42.63	
O1):-0.753	O2):37.967	
O1):-0.81	O2):48.517	
O1):-0.797	O2):44.697	
O1):-0.759	O2):38.233	
O1):-0.792	O2):37.018	
O1):-0.773	O2):43.818	
O1):-0.742	O2):39.745	
O1):-0.755	O2):33.107	
O1):-0.687	O2):32.807	
O1):-0.78	O2):43.537	
O1):-0.756	O2):32.211	
O1):-0.814	O2):44.27	
O1):-0.788	O2):38.964	
O1):-0.783	O2):37.063	
O1):-0.789	O2):39.549	
O1):-0.692	O2):30.973	
O1):-0.726	O2):33.379	
O1):-0.802	O2):43.772	
O1):-0.809	O2):38.46	
O1):-0.706	O2):31.27	
O1):-0.809	O2):38.46	
O1):-0.784	O2):42.006	
O1):-0.82	O2):49.282	
O1):-0.752	O2):38.404	
O1):-0.781	O2):39.024	
O1):-0.781	O2):39.096	
O1):-0.762	O2):36.35	
O1):-0.765	O2):36.409	
O1):-0.77	O2):35.018	
O1):-0.827	O2):44.776	
O1):-0.739	O2):33.734	
O1):-0.733	O2):31.794	
O1):-0.751	O2):38.371	
O1):-0.765	O2):39.728	
O1):-0.764	O2):32.482	
O1):-0.746	O2):31.839	
O1):-0.761	O2):37.447	
O1):-0.782	O2):33.82	
O1):-0.807	O2):43.532	
O1):-0.828	O2):48.247	
O1):-0.74	O2):32.992	
O1):-0.724	O2):34.701	
O1):-0.764	O2):42.065	
O1):-0.764	O2):37.908	
O1):-0.812	O2):39.49	
O1):-0.691	O2):27.573	
O1):-0.722	O2):34.544	
O1):-0.765	O2):37.958	
O1):-0.798	O2):42.586	
O1):-0.745	O2):36.268	
O1):-0.795	O2):38.818	
O1):-0.785	O2):41.885	
O1):-0.76	O2):37.17	
O1):-0.795	O2):38.07	
O1):-0.737	O2):31.596	
O1):-0.722	O2):34.045	
O1):-0.731	O2):32.907	
O1):-0.73	O2):37.471	
O1):-0.834	O2):52.861	
O1):-0.759	O2):33.531	
O1):-0.792	O2):38.453	
O1):-0.783	O2):37.835	
O1):-0.743	O2):34.514	
O1):-0.722	O2):31.728	
O1):-0.693	O2):28.113	
O1):-0.795	O2):38.775	
O1):-0.78	O2):43.496	
O1):-0.79	O2):39.619	
O1):-0.811	O2):43.77	
O1):-0.786	O2):38.256	
O1):-0.805	O2):43.273	
O1):-0.702	O2):28.787	
O1):-0.74	O2):33.296	
O1):-0.785	O2):39.166	
O1):-0.789	O2):43.865	
O1):-0.822	O2):47.509	
O1):-0.781	O2):39.045	
O1):-0.671	O2):30.548	
O1):-0.713	O2):31.667	
O1):-0.807	O2):51.262	
O1):-0.743	O2):35.063	
O1):-0.786	O2):38.762	
O1):-0.746	O2):34.024	
O1):-0.693	O2):28.108	
O1):-0.718	O2):32.966	
O1):-0.772	O2):38.424	
O1):-0.803	O2):42.37	
O1):-0.782	O2):38.943	
O1):-0.749	O2):37.698	
O1):-0.752	O2):36.702	
O1):-0.731	O2):32.438	
O1):-0.693	O2):28.108	
O1):-0.801	O2):37.653	
O1):-0.749	O2):37.244	
O1):-0.734	O2):33.752	
O1):-0.745	O2):36.901	
O1):-0.797	O2):39.612	
O1):-0.797	O2):42.458	
O1):-0.788	O2):41.966	
O1):-0.751	O2):37.507	
O1):-0.786	O2):37.701	
O1):-0.822	O2):56.665	
O1):-0.799	O2):38.952	
O1):-0.753	O2):35.135	
O1):-0.804	O2):43.186	
O1):-0.72	O2):32.617	
O1):-0.755	O2):33.202	
O1):-0.714	O2):30.663	
O1):-0.795	O2):37.899	
O1):-0.766	O2):48.0	
O1):-0.809	O2):38.46	
O1):-0.759	O2):38.252	
O1):-0.784	O2):42.34	
O1):-0.736	O2):33.859	
O1):-0.776	O2):37.852	
O1):-0.81	O2):43.871	
O1):-0.79	O2):41.22	
O1):-0.74	O2):33.292	
O1):-0.774	O2):38.475	
O1):-0.802	O2):44.06	
O1):-0.818	O2):52.443	
O1):-0.804	O2):39.296	
O1):-0.762	O2):32.753	
O1):-0.797	O2):42.69	
O1):-0.765	O2):38.43	
O1):-0.765	O2):42.253	
O1):-0.773	O2):36.854	
O1):-0.74	O2):42.035	
O1):-0.82	O2):53.813	
O1):-0.772	O2):37.717	
O1):-0.761	O2):38.636	
O1):-0.813	O2):47.559	
O1):-0.829	O2):57.071	
O1):-0.751	O2):37.741	
O1):-0.805	O2):44.304	
O1):-0.798	O2):37.919	
O1):-0.797	O2):43.595	
O1):-0.74	O2):34.663	
O1):-0.829	O2):48.53	
O1):-0.774	O2):44.008	
O1):-0.767	O2):37.975	
O1):-0.776	O2):37.407	
O1):-0.773	O2):37.709	
O1):-0.731	O2):37.755	
O1):-0.745	O2):32.95	
O1):-0.787	O2):42.316	
O1):-0.809	O2):39.142	
O1):-0.737	O2):32.935	
O1):-0.819	O2):43.315	
O1):-0.765	O2):37.579	
O1):-0.75	O2):33.057	
O1):-0.808	O2):42.63	
O1):-0.773	O2):38.321	
O1):-0.775	O2):37.123	
O1):-0.753	O2):35.135	
O1):-0.787	O2):37.65	
O1):-0.75	O2):32.622	
O1):-0.766	O2):38.139	
O1):-0.82	O2):44.357	
O1):-0.701	O2):32.303	
O1):-0.743	O2):35.064	
O1):-0.789	O2):37.811	
O1):-0.758	O2):37.311	
O1):-0.691	O2):30.856	
O1):-0.772	O2):38.424	
O1):-0.783	O2):42.011	
O1):-0.795	O2):42.789	
O1):-0.802	O2):47.824	
O1):-0.779	O2):39.209	
O1):-0.788	O2):42.084	
O1):-0.757	O2):36.927	
O1):-0.747	O2):33.495	
O1):-0.757	O2):33.275	
O1):-0.766	O2):42.998	
O1):-0.722	O1):-0.698	O2):35.485	
O2):31.726	
O1):-0.688	O2):32.034	
O1):-0.755	O2):36.725	
O1):-0.825	O2):53.634	
O1):-0.726	O2):33.677	
O1):-0.765	O2):38.206	
O1):-0.798	O2):42.308	
O1):-0.789	O2):41.815	
O1):-0.755	O2):33.107	
O1):-0.813	O2):50.61	
O1):-0.801	O2):41.947	
O1):-0.828	O2):53.1	
O1):-0.77	O2):34.747	
O1):-0.752	O2):37.105	
O1):-0.772	O2):38.514	
O1):-0.758	O2):34.012	
O1):-0.77	O2):34.747	
O1):-0.785	O2):38.108	
O1):-0.726	O2):30.94	
O1):-0.805	O2):46.738	
O1):-0.703	O2):32.209	
O1):-0.744	O2):30.423	
O1):-0.782	O2):42.128	
O1):-0.826	O2):47.721	
O1):-0.798	O2):44.205	
O1):-0.829	O2):53.335	
O1):-0.784	O2):38.202	
O1):-0.776	O2):37.917	
O1):-0.767	O2):37.434	
O1):-0.797	O2):42.189	
O1):-0.758	O2):38.709	
O1):-0.762	O2):36.352	
O1):-0.696	O2):30.554	
O1):-0.741	O2):32.145	
O1):-0.809	O2):43.727	
O1):-0.802	O2):38.258	
O1):-0.77	O2):34.747	
O1):-0.778	O2):36.074	
O1):-0.747	O2):32.633	
O1):-0.787	O2):37.645	
O1):-0.73	O2):31.595	
O1):-0.745	O2):36.679	
O1):-0.738	O2):35.734	
O1):-0.789	O2):42.088	
O1):-0.702	O2):33.162	
O1):-0.719	O2):29.35	
O1):-0.823	O2):43.153	
O1):-0.787	O2):47.067	
O1):-0.769	O2):36.337	
O1):-0.781	O2):41.257	
O1):-0.823	O2):48.152	
O1):-0.738	O2):34.469	
O1):-0.772	O2):37.717	
O1):-0.764	O2):33.972	
O1):-0.767	O2):43.682	
O1):-0.794	O2):38.398	
O1):-0.783	O2):47.365	
O1):-0.738	O2):35.638	
O1):-0.719	O2):33.285	
O1):-0.747	O2):35.997	
O1):-0.738	O2):44.201	
O1):-0.768	O2):34.767	
O1):-0.818	O2):46.131	
O1):-0.802	O2):47.824	
O1):-0.808	O2):52.569	
O1):-0.805	O2):43.312	
O1):-0.747	O2):39.62	
O1):-0.762	O2):38.588	
O1):-0.8	O2):38.421	
O1):-0.774	O2):37.148	
O1):-0.75	O2):37.188	
O1):-0.714	O2):31.645	
O1):-0.788	O2):39.195	
O1):-0.73	O2):33.262	
O1):-0.701	O2):32.303	
O1):-0.805	O2):48.181	
O1):-0.715	O2):33.22	
O1):-0.735	O2):34.279	
O1):-0.746	O2):37.055	
O1):-0.75	O2):32.846	
O1):-0.77	O2):43.466	
O1):-0.755	O2):33.353	
O1):-0.804	O2):43.186	
O1):-0.813	O2):43.811	
O1):-0.763	O2):38.093	
O1):-0.754	O2):41.359	
O1):-0.789	O2):40.279	
O1):-0.779	O2):38.261	
O1):-0.744	O2):42.429	
O1):-0.82	O2):53.02	
O1):-0.812	O2):44.05	
O1):-0.701	O2):32.303	
O1):-0.805	O2):43.274	
O1):-0.797	O2):39.612	
O1):-0.753	O2):32.847	
O1):-0.741	O2):35.01	
O1):-0.803	O2):39.572	
O1):-0.793	O2):41.716	
O1):-0.813	O2):43.246	
O1):-0.814	O2):42.951	
O1):-0.808	O2):46.158	
O1):-0.798	O2):41.214	
O1):-0.673	O2):26.725	
O1):-0.735	O2):35.533	
O1):-0.77	O2):35.79	
O1):-0.79	O2):46.792	
O1):-0.764	O2):42.221	
O1):-0.801	O2):42.298	
O1):-0.675	O2):28.486	
O1):-0.768	O2):34.767	
O1):-0.782	O2):42.848	
O1):-0.73	O2):33.262	
O1):-0.75	O2):37.444	
O1):-0.774	O2):41.626	
O1):-0.766	O2):38.32	
O1):-0.717	O2):33.457	
O1):-0.793	O2):37.064	
O1):-0.795	O2):41.698	
O1):-0.791	O2):38.413	
O1):-0.7	O2):30.776	
O1):-0.794	O2):43.342	
O1):-0.805	O2):48.18	
O1):-0.796	O2):42.314	
O1):-0.777	O2):37.35	
O1):-0.79	O2):42.975	
O1):-0.745	O2):32.94	
O1):-0.766	O2):34.166	
O1):-0.83	O2):59.175	
O1):-0.782	O2):43.775	
O1):-0.76	O2):39.278	
O1):-0.781	O2):39.348	
O1):-0.753	O2):34.809	
O1):-0.671	O2):26.489	
O1):-0.765	O2):44.95	
O1):-0.778	O2):38.579	
O1):-0.713	O2):31.612	
O1):-0.72	O2):29.372	
O1):-0.822	O2):57.424	
O1):-0.767	O2):34.537	
O1):-0.789	O2):38.028	
O1):-0.755	O2):33.353	
O1):-0.804	O2):46.975	
O1):-0.773	O2):36.841	
O1):-0.715	O2):32.964	
O1):-0.789	O2):42.118	
O1):-0.778	O2):38.43	
O1):-0.771	O2):38.845	
O1):-0.822	O2):43.074	
O1):-0.8	O2):42.286	
O1):-0.8	O2):43.797	
O1):-0.76	O2):39.831	
O1):-0.767	O2):44.979	
O1):-0.826	O2):47.674	
O1):-0.736	O2):32.621	
O1):-0.774	O2):37.484	
O1):-0.805	O2):43.441	
O1):-0.818	O2):46.131	
O1):-0.763	O2):37.773	
O1):-0.732	O2):32.93	
O1):-0.739	O2):32.948	
O1):-0.773	O2):40.414	
O1):-0.806	O2):38.773	
O1):-0.798	O2):47.397	
O1):-0.8	O2):38.939	
O1):-0.777	O2):37.121	
O1):-0.707	O2):33.307	
O1):-0.782	O2):38.036	
O1):-0.792	O2):41.06	
O1):-0.793	O2):43.318	
O1):-0.774	O2):36.926	
O1):-0.706	O2):36.199	
O1):-0.794	O2):42.992	
O1):-0.688	O2):31.803	
O1):-0.825	O2):42.505	
O1):-0.793	O2):41.085	
O1):-0.795	O2):46.849	
O1):-0.703	O2):32.011	
O1):-0.76	O2):32.374	
O1):-0.71	O2):30.993	
O1):-0.768	O2):37.819	
O1):-0.798	O2):42.221	
O1):-0.797	O2):42.164	
O1):-0.737	O2):33.905	
O1):-0.775	O2):35.693	
O1):-0.74	O2):32.924	
O1):-0.696	O2):30.554	
O1):-0.704	O2):33.037	
O1):-0.799	O2):38.291	
O1):-0.772	O2):41.661	
O1):-0.745	O2):36.519	
O1):-0.831	O2):63.784	
O1):-0.822	O2):53.168	
O1):-0.731	O2):32.914	
O1):-0.812	O2):43.508	
O1):-0.819	O2):45.464	
O1):-0.784	O2):42.331	
O1):-0.781	O2):39.044	
O1):-0.784	O2):34.064	
O1):-0.802	O2):41.668	
O1):-0.826	O2):44.566	
O1):-0.69	O2):35.91	
O1):-0.755	O2):42.16	
O1):-0.796	O2):38.545	
O1):-0.727	O2):31.019	
O1):-0.797	O2):43.114	
O1):-0.707	O2):28.199	
O1):-0.706	O2):31.182	
O1):-0.757	O2):36.927	
O1):-0.693	O2):28.108	
O1):-0.804	O2):43.081	
O1):-0.796	O2):46.446	
O1):-0.814	O2):44.27	
O1):-0.816	O2):39.103	
O1):-0.787	O2):38.47	
O1):-0.758	O2):37.174	
O1):-0.706	O2):31.182	
O1):-0.76	O2):36.986	
O1):-0.754	O2):33.458	
O1):-0.723	O2):31.279	
O1):-0.756	O2):32.228	
O1):-0.768	O2):35.07	
O1):-0.757	O2):37.247	
O1):-0.801	O2):42.656	
O1):-0.803	O2):43.02	
O1):-0.789	O2):38.717	
O1):-0.788	O2):39.055	
O1):-0.772	O2):35.168	
O1):-0.821	O2):53.956	
O1):-0.811	O2):45.486	
O1):-0.798	O2):48.658	
O1):-0.75	O2):43.132	
O1):-0.695	O2):36.973	
O1):-0.732	O2):32.443	
O1):-0.822	O2):59.277	
O1):-0.803	O2):42.606	
O1):-0.751	O2):32.694	
O1):-0.745	O2):37.529	
O1):-0.79	O2):47.551	
O1):-0.805	O2):42.017	
O1):-0.772	O2):40.535	
O1):-0.814	O2):51.649	
O1):-0.842	O2):49.493	
O1):-0.749	O2):37.651	
O1):-0.749	O2):37.877	
O1):-0.768	O2):33.395	
O1):-0.796	O2):38.545	
O1):-0.791	O2):41.512	
O1):-0.83	O2):54.747	
O1):-0.773	O2):39.449	
O1):-0.735	O2):38.029	
O1):-0.763	O2):36.888	
O1):-0.74	O2):36.652	
O1):-0.76	O2):32.374	
O1):-0.813	O2):47.069	
O1):-0.788	O2):49.865	
O1):-0.767	O2):34.619	
O1):-0.795	O2):41.698	
O1):-0.783	O2):36.592	
O1):-0.756	O2):38.399	
O1):-0.826	O2):48.519	
O1):-0.822	O2):47.509	
O1):-0.748	O2):38.423	
O1):-0.671	O2):30.559	
O1):-0.701	O2):32.303	
O1):-0.771	O2):36.81	
O1):-0.742	O2):39.532	
O1):-0.797	O2):42.312	
O1):-0.791	O2):38.028	
O1):-0.773	O2):37.949	
O1):-0.789	O2):42.524	
O1):-0.733	O2):32.081	
O1):-0.79	O2):43.045	
O1):-0.774	O2):37.659	
O1):-0.774	O2):37.659	
O1):-0.765	O2):34.084	
O1):-0.776	O2):46.873	
O1):-0.799	O2):50.151	
O1):-0.772	O2):37.49	
O1):-0.768	O2):39.331	
O1):-0.786	O2):38.256	
O1):-0.803	O2):43.655	
O1):-0.79	O2):43.528	
O1):-0.761	O2):34.902	
O1):-0.769	O2):37.662	
O1):-0.735	O2):32.942	
O1):-0.73	O2):32.378	
O1):-0.744	O2):33.747	
O1):-0.799	O2):38.649	
O1):-0.785	O2):37.945	
O1):-0.722	O2):31.728	
O1):-0.776	O2):37.527	
O1):-0.765	O2):34.074	
O1):-0.701	O2):32.304	
O1):-0.79	O2):46.905	
O1):-0.765	O2):39.727	
O1):-0.73	O2):32.611	
O1):-0.738	O2):37.431	
O1):-0.766	O2):33.339	
O1):-0.826	O2):44.288	
O1):-0.802	O2):42.665	
O1):-0.792	O2):48.281	
O1):-0.745	O2):37.119	
O1):-0.779	O2):41.517	
O1):-0.82	O2):43.463	
O1):-0.703	O2):27.257	
O1):-0.794	O2):43.394	
O1):-0.761	O2):39.003	
O1):-0.714	O2):30.663	
O1):-0.764	O2):37.538	
O1):-0.808	O2):44.196	
O1):-0.83	O2):55.271	
O1):-0.734	O2):31.935	
O1):-0.802	O2):47.575	
O1):-0.782	O2):37.86	
O1):-0.722	O2):33.965	
O1):-0.785	O2):40.745	
O1):-0.789	O2):37.894	
O1):-0.764	O2):32.482	
O1):-0.757	O2):36.927	
O1):-0.737	O2):35.324	
O1):-0.771	O2):37.774	
O1):-0.818	O2):44.218	
O1):-0.79	O2):43.045	
O1):-0.793	O2):41.287	
O1):-0.818	O2):46.131	
O1):-0.73	O2):35.612	
O1):-0.811	O2):42.83	
O1):-0.797	O2):43.595	
O1):-0.805	O2):48.395	
O1):-0.743	O2):33.647	
O1):-0.768	O2):33.393	
O1):-0.806	O2):43.407	
O1):-0.765	O2):36.999	
O1):-0.729	O2):35.994	
O1):-0.743	O2):39.719	
O1):-0.834	O2):48.249	
O1):-0.742	O2):35.806	
O1):-0.768	O2):37.199	
O1):-0.786	O2):38.762	
O1):-0.796	O2):41.885	
O1):-0.805	O2):47.626	
O1):-0.72	O2):37.179	
O1):-0.671	O2):30.548	
O1):-0.769	O2):42.865	
O1):-0.807	O2):46.985	
O1):-0.798	O2):41.813	
O1):-0.82	O2):43.463	
O1):-0.743	O2):33.856	
O1):-0.74	O2):36.979	
O1):-0.752	O2):37.105	
O1):-0.759	O2):33.338	
O1):-0.797	O2):44.573	
O1):-0.797	O2):42.162	
O1):-0.817	O2):42.696	
O1):-0.757	O2):36.002	
O1):-0.789	O2):43.505	
O1):-0.77	O2):37.138	
O1):-0.776	O2):36.008	
O1):-0.846	O2):53.094	
O1):-0.783	O2):40.36	
O1):-0.778	O2):38.15	
O1):-0.776	O2):36.58	
O1):-0.73	O2):32.634	
O1):-0.76	O2):36.597	
O1):-0.808	O2):42.63	
O1):-0.737	O2):31.597	
O1):-0.829	O2):54.032	
O1):-0.768	O2):34.767	
O1):-0.801	O2):42.33	
O1):-0.818	O2):43.264	
O1):-0.696	O2):32.005	
O1):-0.792	O2):43.079	
O1):-0.79	O2):37.904	
O1):-0.76	O2):37.146	
O1):-0.819	O2):54.477	
O1):-0.746	O2):38.004	
O1):-0.731	O2):32.432	
O1):-0.771	O2):34.742	
O1):-0.783	O2):38.753	
O1):-0.732	O2):32.411	
O1):-0.77	O2):37.741	
O1):-0.764	O2):32.206	
O1):-0.814	O2):44.505	
O1):-0.789	O2):34.794	
O1):-0.808	O2):38.867	
O1):-0.704	O2):31.909	
O1):-0.812	O2):47.759	
O1):-0.702	O2):31.465	
O1):-0.702	O2):31.465	
O1):-0.82	O2):43.463	
O1):-0.804	O2):47.202	
O1):-0.842	O2):49.491	
O1):-0.735	O2):36.897	
O1):-0.822	O2):48.735	
O1):-0.792	O2):46.935	
O1):-0.78	O2):42.125	
O1):-0.774	O2):37.104	
O1):-0.815	O2):52.718	
O1):-0.696	O2):30.554	
O1):-0.797	O2):44.573	
O1):-0.768	O2):34.767	
O1):-0.811	O2):52.002	
O1):-0.802	O2):41.166	
O1):-0.81	O2):42.235	
O1):-0.797	O2):46.518	
O1):-0.748	O2):33.957	
O1):-0.727	O2):36.238	
O1):-0.707	O2):32.94	
O1):-0.774	O2):38.631	
O1):-0.788	O2):42.003	
O1):-0.776	O2):38.437	
O1):-0.734	O2):37.835	
O1):-0.78	O2):38.577	
O1):-0.749	O2):36.158	
O1):-0.748	O2):36.06	
O1):-0.776	O2):40.65	
O1):-0.78	O2):38.919	
O1):-0.791	O2):41.619	
O1):-0.776	O2):42.752	
O1):-0.744	O2):33.747	
O1):-0.804	O2):38.788	
O1):-0.761	O2):37.824	
O1):-0.769	O2):42.674	
O1):-0.817	O2):41.691	
O1):-0.813	O2):48.923	
O1):-0.795	O2):39.062	
O1):-0.737	O2):33.905	
O1):-0.729	O2):32.561	
O1):-0.783	O2):36.456	
O1):-0.83	O2):62.639	
O1):-0.792	O2):46.778	
O1):-0.774	O2):37.145	
O1):-0.762	O2):37.383	
O1):-0.746	O2):36.501	
O1):-0.738	O2):31.894	
O1):-0.713	O2):31.611	
O1):-0.77	O2):37.397	
O1):-0.811	O2):48.32	
O1):-0.759	O2):33.048	
O1):-0.764	O2):38.632	
O1):-0.777	O2):37.258	
O1):-0.778	O2):37.132	
O1):-0.751	O2):34.341	
O1):-0.805	O2):43.039	
O1):-0.788	O2):43.655	
O1):-0.747	O2):36.866	
O1):-0.76	O2):34.743	
O1):-0.731	O2):35.705	
O1):-0.785	O2):40.759	
O1):-0.846	O2):55.298	
O1):-0.801	O2):37.661	
O1):-0.812	O2):44.187	
O1):-0.787	O2):38.946	
O1):-0.765	O2):38.568	
O1):-0.765	O2):37.399	
O1):-0.819	O2):48.648	
O1):-0.789	O2):42.369	
O1):-0.674	O2):28.618	
O1):-0.766	O2):36.711	
O1):-0.704	O2):31.915	
O1):-0.787	O2):37.645	
O1):-0.785	O2):48.004	
O1):-0.804	O2):42.322	
O1):-0.818	O2):46.131	
O1):-0.759	O2):38.252	
O1):-0.782	O2):38.025	
O1):-0.82	O2):47.918	
O1):-0.74	O2):32.926	
O1):-0.81	O2):42.209	
O1):-0.764	O2):32.469	
O1):-0.803	O2):39.547	
O1):-0.754	O2):33.13	
O1):-0.792	O2):43.431	
O1):-0.795	O2):44.192	
O1):-0.749	O2):37.244	
O1):-0.762	O2):37.707	
O1):-0.737	O2):34.16	
O1):-0.805	O2):43.441	
O1):-0.784	O2):42.506	
O1):-0.741	O2):34.929	
O1):-0.802	O2):40.465	
O1):-0.82	O2):43.979	
O1):-0.774	O2):54.34	
O1):-0.82	O2):52.121	
O1):-0.805	O2):48.12	
O1):-0.802	O2):41.181	
O1):-0.752	O2):37.151	
O1):-0.787	O2):37.649	
O1):-0.674	O2):27.223	
O1):-0.736	O2):37.546	
O1):-0.798	O2):48.659	
O1):-0.829	O2):54.733	
O1):-0.701	O2):32.739	
O1):-0.716	O2):32.596	
O1):-0.702	O2):33.162	
O1):-0.778	O2):38.15	
O1):-0.821	O2):49.184	
O1):-0.809	O2):43.724	
O1):-0.772	O2):37.973	
O1):-0.755	O2):33.353	
O1):-0.79	O2):38.345	
O1):-0.747	O2):32.633	
O1):-0.8	O2):37.383	
O1):-0.724	O2):31.186	
O1):-0.794	O2):39.948	
O1):-0.757	O2):37.336	
O1):-0.803	O2):46.693	
O1):-0.804	O2):46.975	
O1):-0.767	O2):39.496	
O1):-0.693	O2):33.544	
O1):-0.749	O2):33.085	
O1):-0.794	O2):47.333	
O1):-0.783	O2):36.592	
O1):-0.747	O2):32.623	
O1):-0.737	O2):32.101	
O1):-0.81	O2):39.168	
O1):-0.79	O2):42.73	
O1):-0.754	O2):41.358	
O1):-0.75	O2):38.253	
O1):-0.788	O2):39.188	
O1):-0.81	O2):39.168	
O1):-0.764	O2):42.221	
O1):-0.793	O2):41.716	
O1):-0.774	O2):38.065	
O1):-0.796	O2):46.447	
O1):-0.791	O2):38.412	
O1):-0.787	O2):38.237	
O1):-0.797	O2):39.265	
O1):-0.695	O2):32.26	
O1):-0.76	O2):38.463	
O1):-0.808	O2):43.796	
O1):-0.828	O2):48.247	
O1):-0.8	O2):42.863	
O1):-0.779	O2):40.966	
O1):-0.775	O2):36.999	
O1):-0.777	O2):37.859	
O1):-0.805	O2):40.332	
O1):-0.801	O2):45.908	
O1):-0.741	O2):34.2	
O1):-0.793	O2):36.922	
O1):-0.718	O2):35.377	
O1):-0.764	O2):38.035	
O1):-0.745	O2):39.432	
O1):-0.791	O2):48.146	
O1):-0.784	O2):37.764	
O1):-0.746	O2):34.024	
O1):-0.766	O2):34.338	
O1):-0.764	O2):32.482	
O1):-0.794	O2):43.663	
O1):-0.842	O2):53.251	
O1):-0.77	O2):37.561	
O1):-0.786	O2):36.816	
O1):-0.789	O2):34.734	
O1):-0.775	O2):41.968	
O1):-0.724	O2):31.186	
O1):-0.75	O2):34.945	
O1):-0.734	O2):32.02	
O1):-0.684	O2):31.66	
O1):-0.753	O2):32.847	
O1):-0.779	O2):38.072	
O1):-0.804	O2):47.717	
O1):-0.787	O2):37.646	
O1):-0.767	O2):38.807	
O1):-0.739	O2):33.734	
O1):-0.795	O2):43.898	
O1):-0.835	O2):49.15	
O1):-0.741	O2):32.977	
O1):-0.768	O2):33.401	
O1):-0.762	O2):39.637	
O1):-0.674	O2):28.618	
O1):-0.77	O2):34.747	
O1):-0.804	O2):43.186	
O1):-0.722	O2):33.963	
O1):-0.77	O2):43.548	
O1):-0.826	O2):47.673	
O1):-0.738	O2):37.894	
O1):-0.714	O2):30.663	
O1):-0.813	O2):47.728	
O1):-0.818	O2):46.729	
O1):-0.813	O2):47.471	
O1):-0.755	O2):37.165	
O1):-0.711	O2):32.584	
O1):-0.697	O2):34.613	
O1):-0.693	O2):28.117	
O1):-0.803	O2):42.37	
O1):-0.731	O2):35.705	
O1):-0.689	O2):31.431	
O1):-0.794	O2):38.819	
Evaluations:	300
O1):-0.79	O2):37.621	
O1):-0.82	O2):47.918	
O1):-0.761	O2):38.504	
O1):-0.757	O2):36.008	
O1):-0.784	O2):39.95	
O1):-0.804	O2):43.393	
O1):-0.76	O2):36.986	
O1):-0.743	O2):36.135	
O1):-0.81	O2):44.174	
O1):-0.742	O2):34.277	
O1):-0.808	O2):42.679	
O1):-0.79	O2):39.916	
O1):-0.739	O2):33.734	
O1):-0.812	O2):53.863	
Evaluations:	300
O1):-0.813	O2):39.436	
O1):-0.762	O2):32.745	
O1):-0.781	O2):33.847	
O1):-0.793	O2):41.085	
O1):-0.759	O2):32.495	
O1):-0.805	O2):47.76	
O1):-0.694	O2):32.354	
O1):-0.767	O2):34.817	
O1):-0.755	O2):32.924	
O1):-0.781	O2):33.847	
O1):-0.784	O2):37.511	
O1):-0.736	O2):44.467	
O1):-0.776	O2):37.84	
O1):-0.796	O2):37.422	
O1):-0.791	O2):37.738	
O1):-0.829	O2):49.095	
O1):-0.779	O2):41.217	
O1):-0.754	O2):36.994	
O1):-0.798	O2):42.331	
O1):-0.801	O2):42.334	
O1):-0.741	O2):32.957	
O1):-0.801	O2):37.661	
O1):-0.741	O2):32.956	
O1):-0.757	O2):37.247	
O1):-0.756	O2):37.678	
O1):-0.788	O2):37.719	
O1):-0.777	O2):35.723	
O1):-0.79	O2):48.292	
O1):-0.811	O2):41.785	
O1):-0.784	O2):42.341	
O1):-0.815	O2):47.968	
O1):-0.776	O2):37.68	
O1):-0.741	O2):33.441	
O1):-0.797	O2):41.947	
Evaluations:	300
O1):-0.79	O2):41.22	
O1):-0.752	O2):32.69	
O1):-0.793	O2):46.55	
O1):-0.792	O2):39.133	
O1):-0.788	O2):37.988	
O1):-0.794	O2):38.158	
O1):-0.796	O2):39.264	
O1):-0.735	O2):33.855	
O1):-0.692	O2):30.864	
O1):-0.735	O2):33.855	
O1):-0.735	O2):33.855	
O1):-0.71	O2):30.993	
O1):-0.78	O2):38.919	
O1):-0.671	O2):31.105	
O1):-0.776	O2):33.558	
Evaluations:	300
O1):-0.807	O2):49.7	
O1):-0.724	O2):34.275	
O1):-0.81	O2):51.115	
O1):-0.747	O2):32.654	
O1):-0.772	O2):37.49	
O1):-0.793	O2):41.287	
O1):-0.704	O2):28.574	
O1):-0.724	O2):34.336	
O1):-0.767	O2):33.527	
O1):-0.77	O2):33.129	
O1):-0.829	O2):49.727	
O1):-0.818	O2):46.857	
O1):-0.722	O2):34.045	
O1):-0.81	O2):42.011	
O1):-0.814	O2):49.307	
O1):-0.74	O2):32.926	
O1):-0.762	O2):36.352	
O1):-0.729	O2):42.151	
O1):-0.777	O2):37.76	
O1):-0.789	O2):44.803	
O1):-0.757	O2):33.275	
O1):-0.792	O2):42.079	
O1):-0.727	O2):36.24	
O1):-0.786	O2):38.762	
O1):-0.717	O2):35.335	
O1):-0.75	O2):36.155	
O1):-0.772	O2):37.4	
O1):-0.74	O2):33.398	
O1):-0.696	O2):30.554	
O1):-0.798	O2):37.379	
O1):-0.74	O2):34.677	
O1):-0.769	O2):32.914	
O1):-0.808	O2):49.051	
Evaluations:	300
O1):-0.74	O2):34.677	
O1):-0.74	O2):34.677	
O1):-0.74	O2):34.677	
O1):-0.769	O2):32.914	
O1):-0.769	O2):32.914	
O1):-0.74	O2):34.677	
O1):-0.736	O2):33.574	
O1):-0.769	O2):32.914	
O1):-0.757	O2):31.774	
O1):-0.765	O2):37.399	
O1):-0.748	O2):38.302	
O1):-0.799	O2):38.63	
O1):-0.758	O2):37.306	
O1):-0.7	O2):30.776	
O1):-0.793	O2):41.085	
O1):-0.757	O2):36.84	
O1):-0.82	O2):48.537	
O1):-0.722	O2):32.841	
O1):-0.862	O2):54.149	
O1):-0.816	O2):44.008	
O1):-0.731	O2):32.438	
O1):-0.791	O2):44.446	
O1):-0.79	O2):39.619	
O1):-0.784	O2):42.34	
O1):-0.764	O2):32.206	
O1):-0.764	O2):36.199	
O1):-0.819	O2):43.315	
O1):-0.805	O2):46.738	
O1):-0.805	O2):46.738	
O1):-0.805	O2):46.738	
O1):-0.805	O2):46.738	
O1):-0.713	O2):32.052	
O1):-0.72	O2):32.617	
O1):-0.778	O2):37.14	
O1):-0.74	O2):32.924	
O1):-0.714	O2):31.645	
O1):-0.828	O2):51.39	
O1):-0.724	O2):36.713	
Evaluations:	300
O1):-0.803	O2):43.895	
O1):-0.811	O2):44.277	
O1):-0.805	O2):46.738	
O1):-0.764	O2):32.196	
O1):-0.846	O2):70.083	
O1):-0.785	O2):37.945	
O1):-0.733	O2):32.081	
O1):-0.819	O2):51.291	
O1):-0.769	O2):37.662	
O1):-0.81	O2):47.048	
O1):-0.768	O2):37.819	
O1):-0.791	O2):40.784	
O1):-0.78	O2):38.27	
O1):-0.776	O2):37.841	
O1):-0.765	O2):42.439	
Evaluations:	300
O1):-0.805	O2):43.313	
O1):-0.74	O2):36.444	
O1):-0.804	O2):43.081	
O1):-0.772	O2):37.979	
O1):-0.756	O2):32.211	
O1):-0.818	O2):49.528	
O1):-0.781	O2):39.045	
O1):-0.745	O2):32.934	
O1):-0.729	O2):32.485	
O1):-0.804	O2):42.299	
O1):-0.779	O2):41.76	
O1):-0.82	O2):47.918	
O1):-0.706	O2):31.325	
O1):-0.806	O2):43.058	
O1):-0.813	O2):51.205	
O1):-0.803	O2):43.655	
O1):-0.701	O2):30.704	
O1):-0.734	O2):37.321	
O1):-0.798	O2):37.919	
O1):-0.81	O2):42.011	
O1):-0.778	O2):38.15	
O1):-0.81	O2):38.828	
O1):-0.778	O2):33.171	
O1):-0.707	O2):28.199	
O1):-0.731	O2):31.521	
O1):-0.803	O2):45.609	
O1):-0.765	O2):32.586	
O1):-0.809	O2):48.942	
O1):-0.833	O2):44.092	
O1):-0.776	O2):37.407	
O1):-0.81	O2):39.447	
O1):-0.809	O2):48.942	
O1):-0.743	O2):36.131	
O1):-0.71	O2):30.993	
O1):-0.829	O2):50.403	
O1):-0.803	O2):42.754	
O1):-0.809	O2):48.942	
O1):-0.841	O2):49.287	
O1):-0.744	O2):32.43	
O1):-0.822	O2):43.074	
O1):-0.78	O2):38.568	
O1):-0.797	O2):39.612	
O1):-0.764	O2):37.846	
O1):-0.833	O2):43.537	
O1):-0.819	O2):43.315	
O1):-0.781	O2):39.045	
O1):-0.778	O2):36.114	
O1):-0.805	O2):42.767	
O1):-0.773	O2):36.853	
O1):-0.746	O2):42.172	
O1):-0.784	O2):34.064	
O1):-0.797	O2):54.529	
O1):-0.73	O2):32.923	
O1):-0.808	O2):40.113	
O1):-0.79	O2):39.35	
O1):-0.801	O2):45.908	
O1):-0.789	O2):41.478	
O1):-0.743	O2):33.6	
O1):-0.732	O2):32.344	
O1):-0.768	O2):33.383	
O1):-0.702	O2):31.328	
O1):-0.783	O2):37.063	
O1):-0.776	O2):37.411	
O1):-0.796	O2):38.393	
O1):-0.736	O2):32.864	
O1):-0.778	O2):33.171	
O1):-0.826	O2):44.566	
O1):-0.808	O2):42.63	
O1):-0.782	O2):38.625	
O1):-0.769	O2):34.422	
O1):-0.706	O2):31.182	
O1):-0.716	O2):31.125	
O1):-0.818	O2):41.727	
O1):-0.805	O2):48.153	
O1):-0.774	O2):37.659	
Evaluations:	300
O1):-0.787	O2):37.697	
O1):-0.727	O2):31.019	
O1):-0.818	O2):46.729	
O1):-0.768	O2):34.454	
O1):-0.79	O2):41.465	
O1):-0.768	O2):34.428	
O1):-0.817	O2):43.043	
O1):-0.719	O2):29.332	
O1):-0.703	O2):28.06	
O1):-0.801	O2):45.922	
O1):-0.817	O2):41.691	
O1):-0.753	O2):34.607	
O1):-0.792	O2):40.999	
O1):-0.752	O2):43.542	
O1):-0.762	O2):36.352	
O1):-0.825	O2):42.526	
O1):-0.708	O2):28.235	
O1):-0.778	O2):36.074	
O1):-0.782	O2):38.027	
O1):-0.804	O2):39.692	
O1):-0.77	O2):37.138	
O1):-0.829	O2):49.683	
O1):-0.82	O2):43.471	
O1):-0.829	O2):49.683	
O1):-0.829	O2):49.683	
O1):-0.829	O2):49.683	
O1):-0.82	O2):49.284	
O1):-0.823	O2):43.152	
O1):-0.783	O2):45.309	
O1):-0.796	O2):38.721	
O1):-0.749	O2):38.898	
O1):-0.769	O2):33.567	
O1):-0.79	O2):38.757	
O1):-0.805	O2):44.237	
O1):-0.75	O2):32.846	
O1):-0.799	O2):38.344	
O1):-0.776	O2):37.407	
O1):-0.808	O2):43.824	
Evaluations:	300
O1):-0.755	O2):33.202	
O1):-0.835	O2):49.15	
O1):-0.765	O2):37.399	
O1):-0.786	O2):38.676	
O1):-0.814	O2):51.649	
O1):-0.802	O2):41.181	
O1):-0.768	O2):34.852	
O1):-0.817	O2):41.691	
O1):-0.774	O2):37.207	
O1):-0.787	O2):38.897	
O1):-0.773	O2):37.497	
O1):-0.701	O2):32.739	
O1):-0.729	O2):32.485	
O1):-0.74	O2):32.992	
O1):-0.819	O2):44.625	
O1):-0.777	O2):36.076	
O1):-0.739	O2):34.828	
O1):-0.739	O2):33.191	
O1):-0.692	O2):31.336	
O1):-0.838	O2):48.457	
O1):-0.809	O2):43.724	
O1):-0.752	O2):37.674	
Evaluations:	300
O1):-0.802	O2):38.845	
O1):-0.794	O2):38.862	
O1):-0.804	O2):38.788	
O1):-0.75	O2):38.844	
O1):-0.761	O2):32.686	
O1):-0.79	O2):39.619	
O1):-0.696	O2):30.554	
O1):-0.722	O2):30.44	
O1):-0.819	O2):43.315	
O1):-0.814	O2):42.951	
O1):-0.803	O2):42.762	
O1):-0.733	O2):35.896	
O1):-0.811	O2):39.354	
O1):-0.73	O2):32.927	
O1):-0.714	O2):30.663	
O1):-0.753	O2):34.809	
O1):-0.805	O2):47.402	
O1):-0.806	O2):44.938	
O1):-0.765	O2):37.404	
O1):-0.746	O2):31.839	
O1):-0.764	O2):33.972	
O1):-0.82	O2):47.918	
O1):-0.806	O2):38.938	
O1):-0.785	O2):36.715	
O1):-0.767	O2):34.537	
O1):-0.703	O2):32.419	
O1):-0.842	O2):49.493	
O1):-0.698	O2):31.025	
O1):-0.82	O2):42.721	
O1):-0.776	O2):36.767	
O1):-0.696	O2):30.554	
O1):-0.797	O2):39.674	
O1):-0.703	O2):32.009	
O1):-0.802	O2):43.234	
O1):-0.777	O2):37.761	
O1):-0.749	O2):34.013	
O1):-0.83	O2):54.747	
O1):-0.828	O2):48.247	
O1):-0.766	O2):32.905	
O1):-0.791	O2):38.028	
O1):-0.765	O2):34.29	
O1):-0.799	O2):38.952	
O1):-0.738	O2):32.065	
O1):-0.776	O2):36.696	
O1):-0.82	O2):43.463	
O1):-0.671	O2):26.515	
O1):-0.801	O2):42.33	
O1):-0.805	O2):42.6	
O1):-0.791	O2):38.028	
O1):-0.796	O2):37.421	
O1):-0.784	O2):36.451	
O1):-0.784	O2):40.022	
O1):-0.797	O2):39.508	
O1):-0.818	O2):46.729	
O1):-0.783	O2):36.494	
O1):-0.784	O2):36.451	
O1):-0.784	O2):36.451	
O1):-0.729	O2):32.561	
O1):-0.674	O2):27.223	
O1):-0.802	O2):38.801	
O1):-0.723	O2):31.277	
O1):-0.734	O2):31.935	
O1):-0.738	O2):34.011	
O1):-0.796	O2):38.545	
O1):-0.756	O2):31.813	
O1):-0.788	O2):38.005	
O1):-0.764	O2):32.469	
O1):-0.786	O2):41.226	
O1):-0.803	O2):43.655	
O1):-0.674	O2):26.72	
O1):-0.749	O2):40.366	
O1):-0.749	O2):37.772	
O1):-0.76	O2):32.374	
O1):-0.791	O2):38.2	
O1):-0.801	O2):42.33	
O1):-0.744	O2):32.823	
O1):-0.794	O2):38.632	
O1):-0.778	O2):38.43	
O1):-0.769	O2):41.99	
O1):-0.784	O2):34.065	
O1):-0.752	O2):36.702	
O1):-0.797	O2):37.062	
O1):-0.747	O2):34.069	
O1):-0.769	O2):33.252	
O1):-0.74	O2):33.005	
O1):-0.747	O2):32.633	
O1):-0.745	O2):37.119	
O1):-0.703	O2):32.009	
O1):-0.745	O2):34.499	
O1):-0.692	O2):31.336	
O1):-0.784	O2):37.097	
O1):-0.795	O2):38.07	
O1):-0.693	O2):28.113	
O1):-0.746	O2):37.055	
O1):-0.711	O2):32.638	
O1):-0.705	O2):31.809	
O1):-0.862	O2):54.149	
O1):-0.777	O2):43.528	
O1):-0.74	O2):32.926	
O1):-0.802	O2):38.845	
O1):-0.77	O2):34.747	
O1):-0.756	O2):32.193	
O1):-0.814	O2):46.832	
O1):-0.845	O2):55.038	
O1):-0.793	O2):37.43	
O1):-0.825	O2):53.634	
O1):-0.746	O2):33.98	
O1):-0.721	O2):29.471	
O1):-0.751	O2):35.694	
O1):-0.758	O2):34.012	
O1):-0.765	O2):34.075	
O1):-0.822	O2):43.076	
O1):-0.753	O2):32.847	
O1):-0.79	O2):37.216	
O1):-0.811	O2):39.564	
O1):-0.712	O2):31.809	
O1):-0.845	O2):55.195	
O1):-0.81	O2):43.871	
O1):-0.842	O2):49.493	
O1):-0.72	O2):32.617	
O1):-0.778	O2):37.732	
O1):-0.817	O2):41.691	
O1):-0.793	O2):37.699	
O1):-0.766	O2):34.803	
O1):-0.706	O2):31.182	
O1):-0.762	O2):33.53	
O1):-0.815	O2):47.968	
O1):-0.691	O2):30.856	
O1):-0.793	O2):41.716	
O1):-0.809	O2):38.46	
O1):-0.845	O2):55.195	
O1):-0.698	O2):30.711	
O1):-0.792	O2):37.504	
O1):-0.769	O2):34.256	
O1):-0.755	O2):33.353	
O1):-0.746	O2):34.024	
Starting PrismExecutor worker 0 on port 11490
O1):-0.782	O2):38.625	
O1):-0.812	O2):49.411	
O1):-0.768	O2):33.395	
O1):-0.793	O2):41.716	
Connected worker 0 to port 11490
O1):-0.82	O2):48.014	
O1):-0.803	O2):39.547	
O1):-0.702	O2):32.385	
O1):-0.735	O2):37.381	
O1):-0.706	O2):31.182	
O1):-0.75	O2):32.846	
O1):-0.845	O2):59.083	
O1):-0.818	O2):46.131	
O1):-0.776	O2):37.411	
O1):-0.769	O2):36.142	
O1):-0.798	O2):41.209	
O1):-0.755	O2):33.202	
O1):-0.778	O2):38.146	
O1):-0.673	O2):28.388	
O1):-0.802	O2):41.166	
O1):-0.693	O2):28.113	
O1):-0.762	O2):34.537	
O1):-0.826	O2):44.288	
O1):-0.782	O2):38.025	
O1):-0.812	O2):44.187	
O1):-0.784	O2):37.475	
O1):-0.74	O2):38.247	
O1):-0.736	O2):44.467	
O1):-0.757	O2):31.774	
O1):-0.722	O2):31.727	
O1):-0.836	O2):48.634	
O1):-0.835	O2):49.15	
O1):-0.727	O2):31.019	
O1):-0.755	O2):33.353	
O1):-0.693	O2):28.113	
O1):-0.75	O2):32.658	
O1):-0.753	O2):37.419	
O1):-0.744	O2):32.43	
O1):-0.834	O2):49.589	
O1):-0.834	O2):49.589	
O1):-0.761	O2):32.761	
O1):-0.795	O2):38.07	
O1):-0.811	O2):43.455	
O1):-0.79	O2):39.74	
O1):-0.814	O2):44.271	
O1):-0.785	O2):38.394	
O1):-0.782	O2):37.86	
O1):-0.795	O2):40.317	
O1):-0.814	O2):51.649	
O1):-0.756	O2):33.06	
O1):-0.805	O2):39.95	
O1):-0.703	O2):32.209	
O1):-0.749	O2):37.474	
O1):-0.764	O2):33.652	
O1):-0.801	O2):37.661	
O1):-0.826	O2):51.414	
O1):-0.76	O2):32.374	
Starting PrismExecutor worker 1 on port 11431
O1):-0.783	O2):37.991	
Connected worker 1 to port 11431
O1):-0.804	O2):43.186	
O1):-0.764	O2):32.482	
O1):-0.737	O2):32.68	
O1):-0.764	O2):32.206	
O1):-0.745	O2):39.114	
O1):-0.804	O2):43.186	
O1):-0.767	O2):34.188	
O1):-0.756	O2):36.28	
O1):-0.798	O2):37.919	
O1):-0.781	O2):39.045	
O1):-0.783	O2):36.592	
O1):-0.802	O2):43.234	
O1):-0.843	O2):58.336	
O1):-0.82	O2):46.89	
O1):-0.674	O2):26.742	
O1):-0.783	O2):36.437	
O1):-0.769	O2):39.495	
O1):-0.73	O2):32.378	
O1):-0.702	O2):31.328	
O1):-0.823	O2):43.147	
O1):-0.74	O2):32.453	
O1):-0.792	O2):43.311	
O1):-0.774	O2):49.411	
O1):-0.826	O2):47.674	
O1):-0.781	O2):38.55	
O1):-0.759	O2):33.336	
O1):-0.774	O2):37.276	
O1):-0.769	O2):33.567	
O1):-0.701	O2):32.303	
O1):-0.762	O2):32.745	
O1):-0.732	O2):32.93	
O1):-0.742	O2):31.602	
O1):-0.765	O2):34.089	
O1):-0.777	O2):38.105	
O1):-0.829	O2):44.144	
O1):-0.715	O2):32.957	
O1):-0.734	O2):32.027	
O1):-0.787	O2):48.01	
O1):-0.774	O2):37.659	
O1):-0.764	O2):33.973	
O1):-0.764	O2):32.482	
O1):-0.775	O2):35.891	
O1):-0.698	O2):30.682	
O1):-0.806	O2):38.618	
O1):-0.782	O2):37.718	
O1):-0.701	O2):32.304	
O1):-0.73	O2):32.204	
O1):-0.826	O2):44.288	
O1):-0.79	O2):37.222	
O1):-0.803	O2):42.36	
O1):-0.762	O2):32.745	
O1):-0.787	O2):37.371	
O1):-0.707	O2):28.189	
O1):-0.79	O2):39.619	
Starting PrismExecutor worker 3 on port 11493
Starting PrismExecutor worker 1 on port 11491
O1):-0.813	O2):47.471	
O1):-0.785	O2):37.986	
O1):-0.835	O2):49.15	
Connected worker 3 to port 11493
O1):-0.753	O2):32.847	
Connected worker 1 to port 11491
O1):-0.758	O2):35.465	
O1):-0.811	O2):42.351	
O1):-0.833	O2):43.705	
O1):-0.811	O2):42.192	
O1):-0.756	O2):32.193	
O1):-0.753	O2):31.547	
O1):-0.828	O2):51.39	
O1):-0.782	O2):38.676	
O1):-0.764	O2):33.972	
O1):-0.764	O2):32.206	
O1):-0.83	O2):54.487	
O1):-0.707	O2):27.415	
O1):-0.76	O2):36.449	
O1):-0.734	O2):32.12	
O1):-0.71	O2):31.172	
O1):-0.764	O2):32.206	
O1):-0.671	O2):30.548	
O1):-0.723	O2):31.279	
O1):-0.724	O2):31.186	
O1):-0.803	O2):42.37	
O1):-0.802	O2):46.995	
O1):-0.797	O2):42.162	
O1):-0.799	O2):38.63	
O1):-0.791	O2):38.412	
O1):-0.799	O2):38.344	
O1):-0.79	O2):37.232	
O1):-0.793	O2):41.004	
O1):-0.82	O2):43.463	
O1):-0.738	O2):31.894	
O1):-0.777	O2):37.138	
O1):-0.752	O2):37.136	
O1):-0.803	O2):42.366	
O1):-0.807	O2):38.164	
O1):-0.758	O2):33.972	
O1):-0.837	O2):53.631	
O1):-0.748	O2):32.705	
O1):-0.768	O2):33.105	
O1):-0.777	O2):35.723	
O1):-0.751	O2):34.984	
O1):-0.801	O2):37.86	
O1):-0.765	O2):33.981	
O1):-0.79	O2):38.754	
O1):-0.76	O2):33.187	
O1):-0.829	O2):49.727	
O1):-0.804	O2):43.186	
O1):-0.768	O2):34.767	
O1):-0.829	O2):49.727	
O1):-0.797	O2):39.612	
O1):-0.713	O2):35.357	
O1):-0.804	O2):42.281	
O1):-0.778	O2):37.708	
O1):-0.824	O2):48.472	
O1):-0.799	O2):39.109	
O1):-0.77	O2):41.82	
O1):-0.769	O2):34.716	
O1):-0.76	O2):34.707	
O1):-0.797	O2):39.612	
O1):-0.762	O2):32.745	
O1):-0.788	O2):38.964	
O1):-0.805	O2):43.039	
O1):-0.776	O2):38.34	
O1):-0.843	O2):53.626	
O1):-0.815	O2):43.124	
O1):-0.74	O2):36.975	
O1):-0.79	O2):39.619	
O1):-0.775	O2):36.881	
O1):-0.74	O2):32.926	
O1):-0.74	O2):33.296	
O1):-0.778	O2):38.573	
O1):-0.81	O2):44.175	
O1):-0.8	O2):42.076	
O1):-0.711	O2):31.919	
O1):-0.811	O2):42.137	
O1):-0.792	O2):37.013	
O1):-0.764	O2):36.199	
O1):-0.836	O2):48.176	
O1):-0.75	O2):40.064	
O1):-0.804	O2):43.547	
O1):-0.766	O2):42.804	
O1):-0.746	O2):36.519	
O1):-0.826	O2):51.393	
O1):-0.776	O2):33.495	
O1):-0.811	O2):43.493	
O1):-0.76	O2):32.336	
O1):-0.823	O2):43.147	
O1):-0.751	O2):37.057	
O1):-0.82	O2):46.982	
O1):-0.79	O2):37.686	
O1):-0.76	O2):33.19	
O1):-0.73	O2):31.595	
O1):-0.779	O2):38.262	
O1):-0.802	O2):38.845	
O1):-0.838	O2):54.616	
O1):-0.806	O2):46.172	
O1):-0.799	O2):39.109	
O1):-0.772	O2):44.29	
O1):-0.674	O2):27.223	
O1):-0.724	O2):31.186	
O1):-0.746	O2):31.839	
O1):-0.744	O2):33.814	
O1):-0.738	O2):31.894	
O1):-0.777	O2):36.84	
O1):-0.734	O2):31.801	
O1):-0.793	O2):41.717	
O1):-0.752	O2):37.674	
O1):-0.705	O2):28.093	
O1):-0.762	O2):32.753	
O1):-0.728	O2):32.66	
O1):-0.761	O2):32.206	
O1):-0.813	O2):45.046	
O1):-0.795	O2):39.404	
Starting PrismExecutor worker 1 on port 11441
O1):-0.76	O2):34.23	
O1):-0.795	O2):38.755	
Connected worker 1 to port 11441
O1):-0.79	O2):42.027	
O1):-0.753	O2):31.904	
O1):-0.693	O2):28.117	
O1):-0.792	O2):43.224	
O1):-0.796	O2):37.642	
O1):-0.739	O2):32.048	
O1):-0.788	O2):43.222	
O1):-0.762	O2):33.534	
O1):-0.7	O2):31.542	
O1):-0.706	O2):31.182	
O1):-0.762	O2):32.745	
O1):-0.752	O2):37.747	
O1):-0.767	O2):34.817	
O1):-0.797	O2):43.196	
O1):-0.723	O2):31.279	
O1):-0.805	O2):46.021	
O1):-0.756	O2):31.812	
O1):-0.776	O2):37.527	
O1):-0.79	O2):37.621	
O1):-0.778	O2):36.084	
O1):-0.719	O2):29.351	
O1):-0.732	O2):31.25	
O1):-0.797	O2):39.612	
O1):-0.765	O2):34.584	
O1):-0.776	O2):35.947	
O1):-0.808	O2):42.63	
O1):-0.795	O2):37.899	
O1):-0.753	O2):37.756	
O1):-0.796	O2):39.263	
O1):-0.804	O2):42.281	
O1):-0.768	O2):34.767	
O1):-0.813	O2):57.55	
O1):-0.764	O2):32.206	
O1):-0.723	O2):31.285	
O1):-0.772	O2):33.509	
O1):-0.764	O2):32.206	
O1):-0.738	O2):31.893	
O1):-0.826	O2):46.088	
O1):-0.784	O2):38.203	
O1):-0.834	O2):49.606	
O1):-0.801	O2):45.908	
O1):-0.753	O2):32.847	
O1):-0.796	O2):37.422	
O1):-0.814	O2):39.776	
O1):-0.79	O2):38.755	
O1):-0.811	O2):43.351	
O1):-0.776	O2):36.088	
O1):-0.811	O2):43.351	
O1):-0.793	O2):42.587	
O1):-0.733	O2):31.794	
O1):-0.722	O2):31.728	
O1):-0.781	O2):49.707	
O1):-0.759	O2):32.478	
O1):-0.764	O2):38.328	
O1):-0.671	O2):30.548	
O1):-0.762	O2):34.268	
Starting PrismExecutor worker 2 on port 11432
O1):-0.738	O2):31.894	
O1):-0.778	O2):38.15	
O1):-0.823	O2):43.147	
Connected worker 2 to port 11432
O1):-0.783	O2):36.437	
O1):-0.819	O2):44.62	
O1):-0.731	O2):31.702	
O1):-0.813	O2):39.435	
O1):-0.821	O2):53.05	
O1):-0.819	O2):43.315	
O1):-0.758	O2):32.674	
O1):-0.739	O2):33.256	
O1):-0.705	O2):28.163	
O1):-0.788	O2):39.188	
O1):-0.743	O2):33.639	
O1):-0.779	O2):38.254	
O1):-0.793	O2):41.085	
O1):-0.79	O2):42.504	
O1):-0.775	O2):36.653	
O1):-0.758	O2):38.312	
O1):-0.818	O2):44.218	
O1):-0.802	O2):39.049	
O1):-0.854	O2):54.3	
O1):-0.764	O2):32.469	
O1):-0.794	O2):42.938	
O1):-0.762	O2):33.53	
O1):-0.743	O2):35.275	
O1):-0.752	O2):31.744	
O1):-0.802	O2):41.166	
O1):-0.782	O2):38.025	
O1):-0.811	O2):42.83	
O1):-0.755	O2):33.107	
O1):-0.759	O2):33.049	
O1):-0.747	O2):32.654	
O1):-0.79	O2):37.621	
O1):-0.805	O2):42.767	
O1):-0.82	O2):49.282	
O1):-0.784	O2):34.064	
O1):-0.734	O2):32.02	
O1):-0.806	O2):43.407	
O1):-0.799	O2):38.344	
O1):-0.724	O2):31.186	
O1):-0.759	O2):37.546	
O1):-0.734	O2):31.935	
O1):-0.788	O2):39.059	
O1):-0.81	O2):39.168	
O1):-0.782	O2):38.035	
O1):-0.698	O2):32.224	
O1):-0.803	O2):39.358	
O1):-0.743	O2):33.638	
O1):-0.767	O2):34.817	
O1):-0.757	O2):32.759	
O1):-0.828	O2):48.247	
O1):-0.802	O2):41.166	
O1):-0.753	O2):34.809	
O1):-0.781	O2):43.802	
O1):-0.75	O2):33.057	
O1):-0.762	O2):32.745	
O1):-0.733	O2):33.424	
O1):-0.778	O2):36.074	
O1):-0.742	O2):34.277	
O1):-0.82	O2):43.463	
Starting PrismExecutor worker 0 on port 11440
O1):-0.786	O2):34.238	
O1):-0.764	O2):32.206	
O1):-0.791	O2):37.884	
Connected worker 0 to port 11440
O1):-0.79	O2):37.222	
O1):-0.714	O2):31.645	
O1):-0.702	O2):31.458	
O1):-0.782	O2):37.86	
O1):-0.787	O2):38.28	
O1):-0.731	O2):33.086	
O1):-0.734	O2):33.845	
O1):-0.703	O2):32.009	
O1):-0.691	O2):30.847	
O1):-0.689	O2):31.431	
O1):-0.752	O2):33.171	
O1):-0.784	O1):-0.766	O2):46.933	O2):34.172	

O1):-0.8	O2):38.545	
O1):-0.82	O2):43.977	
O1):-0.708	O2):28.235	
O1):-0.692	O2):30.972	
O1):-0.743	O2):33.644	
O1):-0.784	O2):37.251	
O1):-0.8	O2):38.939	
O1):-0.74	O2):35.391	
O1):-0.838	O2):48.51	
O1):-0.794	O2):41.962	
O1):-0.78	O2):43.496	
O1):-0.77	O2):43.55	
O1):-0.746	O2):34.038	
O1):-0.793	O2):41.717	
O1):-0.82	O2):43.981	
O1):-0.776	O2):37.411	
O1):-0.724	O2):31.186	
O1):-0.834	O2):49.589	
O1):-0.814	O2):51.649	
O1):-0.716	O2):31.913	
O1):-0.842	O2):49.49	
O1):-0.732	O2):32.354	
O1):-0.815	O2):51.506	
O1):-0.671	O2):26.489	
O1):-0.757	O2):33.379	
O1):-0.795	O2):37.899	
O1):-0.704	O2):28.574	
O1):-0.786	O2):38.48	
O1):-0.822	O2):47.509	
O1):-0.784	O2):34.064	
O1):-0.741	O2):34.875	
O1):-0.798	O2):39.916	
O1):-0.742	O2):33.811	
O1):-0.777	O2):37.579	
O1):-0.757	O2):38.382	
O1):-0.801	O2):37.858	
O1):-0.702	O2):27.599	
O1):-0.762	O2):32.745	
O1):-0.775	O2):35.861	
O1):-0.733	O2):33.711	
O1):-0.775	O2):37.121	
O1):-0.775	O2):36.902	
O1):-0.793	O2):41.717	
O1):-0.777	O2):37.564	
O1):-0.774	O2):37.659	
O1):-0.784	O2):37.764	
O1):-0.763	O2):33.556	
O1):-0.818	O2):46.131	
Starting PrismExecutor worker 3 on port 11413
O1):-0.803	O2):42.249	
Connected worker 3 to port 11413
O1):-0.807	O2):44.048	
O1):-0.65	O2):26.639	
O1):-0.674	O2):26.72	
O1):-0.799	O2):38.344	
O1):-0.829	O2):54.733	
O1):-0.706	O2):31.182	
O1):-0.696	O2):30.554	
O1):-0.83	O2):48.512	
O1):-0.804	O2):43.195	
O1):-0.658	O2):30.51	
O1):-0.828	O2):45.468	
O1):-0.695	O2):28.133	
O1):-0.811	O2):44.089	
O1):-0.724	O2):31.186	
O1):-0.682	O2):30.799	
O1):-0.78	O2):37.211	
O1):-0.828	O2):48.247	
O1):-0.694	O2):31.175	
O1):-0.803	O2):44.2	
O1):-0.822	O2):43.074	
O1):-0.74	O2):32.926	
O1):-0.746	O2):32.338	
O1):-0.744	O2):30.423	
O1):-0.769	O2):42.483	
O1):-0.776	O2):33.558	
O1):-0.723	O2):32.776	
O1):-0.854	O2):54.556	
O1):-0.769	O2):36.301	
O1):-0.812	O2):40.276	
O1):-0.81	O2):39.151	
O1):-0.795	O2):38.067	
O1):-0.822	O2):53.168	
O1):-0.763	O2):37.092	
O1):-0.825	O2):42.504	
O1):-0.74	O2):32.452	
O1):-0.802	O2):43.234	
O1):-0.783	O2):38.04	
O1):-0.698	O2):30.682	
O1):-0.73	O2):37.594	
O1):-0.802	O2):40.465	
O1):-0.757	O2):31.767	
O1):-0.837	O2):48.641	
O1):-0.74	O2):32.507	
O1):-0.813	O2):39.436	
O1):-0.802	O2):41.18	
O1):-0.819	O2):38.717	
O1):-0.82	O2):43.979	
O1):-0.789	O2):38.664	
O1):-0.723	O2):33.479	
O1):-0.715	O2):32.957	
O1):-0.781	O2):33.847	
O1):-0.831	O2):56.054	
O1):-0.83	O2):52.581	
O1):-0.77	O2):37.984	
O1):-0.702	O2):28.795	
O1):-0.76	O2):32.413	
O1):-0.808	O2):43.796	
O1):-0.785	O2):37.484	
O1):-0.791	O2):37.826	
O1):-0.806	O2):42.53	
O1):-0.785	O2):38.517	
O1):-0.823	O2):48.019	
O1):-0.813	O2):44.293	
O1):-0.696	O2):30.554	
O1):-0.682	O2):32.404	
O1):-0.765	O2):39.078	
Starting PrismExecutor worker 1 on port 11411
O1):-0.796	O2):38.546	
O1):-0.724	O2):33.379	
O1):-0.809	O2):38.46	
O1):-0.791	O2):38.028	
Evaluations:	400
O1):-0.673	O2):26.725	
Connected worker 1 to port 11411
O1):-0.671	O2):26.489	
O1):-0.803	O2):42.37	
O1):-0.754	O2):33.099	
O1):-0.744	O2):30.423	
O1):-0.757	O2):33.275	
O1):-0.768	O2):34.781	
O1):-0.811	O2):46.84	
O1):-0.828	O2):48.247	
O1):-0.743	O2):35.053	
O1):-0.858	O2):53.924	
O1):-0.804	O2):43.186	
O1):-0.719	O2):32.038	
O1):-0.823	O2):43.147	
O1):-0.762	O2):34.537	
O1):-0.741	O2):32.561	
O1):-0.732	O2):31.25	
O1):-0.774	O2):37.659	
O1):-0.829	O2):48.53	
O1):-0.776	O2):37.082	
O1):-0.772	O2):35.181	
O1):-0.782	O2):37.091	
O1):-0.787	O2):38.387	
O1):-0.727	O2):31.286	
O1):-0.768	O2):36.306	
O1):-0.828	O2):48.247	
O1):-0.796	O2):37.421	
O1):-0.77	O2):33.127	
O1):-0.731	O2):31.453	
O1):-0.791	O2):38.412	
O1):-0.728	O2):37.052	
O1):-0.761	O2):32.765	
O1):-0.734	O2):31.935	
O1):-0.722	O2):31.728	
O1):-0.811	O2):41.785	
O1):-0.762	O2):32.745	
O1):-0.767	O2):34.817	
O1):-0.814	O2):44.27	
O1):-0.816	O2):38.99	
O1):-0.829	O2):49.727	
O1):-0.838	O2):48.512	
O1):-0.766	O2):37.123	
O1):-0.707	O2):32.191	
O1):-0.733	O2):35.995	
O1):-0.798	O2):39.447	
O1):-0.747	O2):32.654	
O1):-0.81	O2):39.154	
O1):-0.819	O2):42.701	
O1):-0.811	O2):43.782	
O1):-0.722	O2):32.528	
O1):-0.76	O2):32.374	
Evaluations:	400
O1):-0.752	O2):33.17	
O1):-0.815	O2):47.967	
O1):-0.815	O2):52.718	
O1):-0.74	O2):33.398	
O1):-0.739	O2):32.948	
O1):-0.81	O2):43.348	
Starting PrismExecutor worker 3 on port 11433
O1):-0.802	O2):46.996	
Connected worker 3 to port 11433
O1):-0.775	O2):43.12	
O1):-0.767	O2):34.815	
O1):-0.812	O2):44.675	
O1):-0.748	O2):36.68	
O1):-0.785	O2):37.216	
O1):-0.802	O2):43.234	
O1):-0.784	O2):38.183	
O1):-0.793	O2):37.43	
O1):-0.776	O2):37.739	
O1):-0.764	O2):32.206	
O1):-0.764	O2):32.206	
O1):-0.802	O2):41.181	
O1):-0.742	O2):34.277	
O1):-0.774	O2):37.66	
O1):-0.775	O2):32.93	
O1):-0.79	O2):41.421	
O1):-0.751	O2):32.694	
O1):-0.804	O2):38.35	
O1):-0.779	O2):33.35	
O1):-0.782	O2):37.09	
O1):-0.778	O2):35.925	
O1):-0.828	O2):51.864	
O1):-0.808	O2):43.796	
O1):-0.797	O2):37.783	
O1):-0.759	O2):32.495	
O1):-0.768	O2):37.969	
O1):-0.703	O2):28.277	
O1):-0.779	O2):45.719	
O1):-0.717	O2):32.671	
O1):-0.732	O2):32.344	
O1):-0.73	O2):32.939	
O1):-0.757	O2):33.443	
O1):-0.69	O2):31.566	
O1):-0.855	O2):59.424	
Evaluations:	400
O1):-0.809	O2):39.142	
O1):-0.759	O2):32.495	
O1):-0.738	O2):35.709	
O1):-0.739	O2):33.738	
O1):-0.747	O2):32.623	
O1):-0.822	O2):43.074	
O1):-0.79	O2):37.081	
O1):-0.827	O2):53.901	
O1):-0.74	O2):32.924	
O1):-0.707	O2):28.189	
O1):-0.803	O2):43.02	
O1):-0.739	O2):32.188	
O1):-0.695	O2):28.129	
O1):-0.799	O2):39.11	
O1):-0.693	O2):28.113	
O1):-0.818	O2):46.131	
O1):-0.694	O2):27.52	
O1):-0.71	O2):30.993	
O1):-0.791	O2):38.026	
O1):-0.766	O2):34.196	
O1):-0.732	O2):31.404	
O1):-0.698	O2):30.795	
O1):-0.826	O2):44.288	
O1):-0.787	O2):38.429	
O1):-0.835	O2):44.859	
O1):-0.746	O2):31.839	
O1):-0.801	O2):38.243	
O1):-0.818	O2):46.131	
Starting PrismExecutor worker 2 on port 11492
O1):-0.811	O2):39.36	
O1):-0.756	O2):38.39	
O1):-0.736	O2):32.698	
Connected worker 2 to port 11492
O1):-0.75	O2):32.846	
O1):-0.767	O2):44.287	
O1):-0.776	O2):32.922	
O1):-0.778	O2):36.074	
O1):-0.755	O2):33.107	
O1):-0.811	O2):39.36	
O1):-0.803	O2):39.358	
O1):-0.764	O2):32.212	
O1):-0.722	O2):29.152	
O1):-0.812	O2):44.187	
O1):-0.778	O2):33.171	
O1):-0.721	O2):32.915	
O1):-0.788	O2):41.563	
O1):-0.794	O2):38.632	
O1):-0.808	O2):39.221	
O1):-0.76	O2):37.964	
O1):-0.804	O2):43.186	
O1):-0.791	O2):38.031	
O1):-0.738	O2):32.355	
O1):-0.798	O2):39.447	
O1):-0.755	O2):32.991	
O1):-0.782	O2):37.86	
O1):-0.813	O2):45.046	
O1):-0.706	O2):31.185	
O1):-0.745	O2):34.024	
O1):-0.817	O2):49.203	
O1):-0.782	O2):37.86	
O1):-0.825	O2):48.02	
O1):-0.768	O2):34.782	
O1):-0.798	O2):39.963	
O1):-0.837	O2):48.641	
O1):-0.793	O2):41.717	
O1):-0.818	O2):46.131	
O1):-0.784	O2):36.445	
O1):-0.706	O2):31.182	
O1):-0.846	O2):60.068	
Evaluations:	400
O1):-0.761	O2):32.686	
O1):-0.787	O2):37.939	
O1):-0.777	O2):35.724	
O1):-0.799	O2):39.11	
O1):-0.796	O2):38.545	
O1):-0.81	O2):42.751	
O1):-0.736	O2):32.621	
O1):-0.833	O2):43.537	
O1):-0.798	O2):42.308	
Evaluations:	400
O1):-0.784	O2):36.568	
O1):-0.798	O2):37.919	
O1):-0.745	O2):33.22	
O1):-0.82	O2):43.463	
O1):-0.768	O2):34.767	
O1):-0.774	O2):37.659	
O1):-0.834	O2):49.589	
O1):-0.76	O2):33.565	
O1):-0.813	O2):43.811	
O1):-0.792	O2):41.583	
O1):-0.779	O2):33.577	
O1):-0.74	O2):32.452	
O1):-0.76	O2):34.751	
O1):-0.73	O2):32.614	
O1):-0.805	O2):44.95	
O1):-0.837	O2):49.499	
O1):-0.734	O2):33.713	
O1):-0.751	O2):33.59	
O1):-0.708	O2):28.232	
Starting PrismExecutor worker 0 on port 11430
O1):-0.756	O2):32.193	
O1):-0.793	O2):41.944	
O1):-0.762	O2):32.739	
O1):-0.798	O2):37.379	
Connected worker 0 to port 11430
O1):-0.767	O2):34.817	
O1):-0.733	O2):32.081	
O1):-0.672	O2):27.297	
O1):-0.671	O2):30.569	
O1):-0.826	O2):51.393	
O1):-0.72	O2):29.369	
O1):-0.737	O2):32.94	
O1):-0.757	O2):33.381	
O1):-0.714	O2):31.732	
O1):-0.806	O2):38.773	
O1):-0.826	O2):51.393	
O1):-0.802	O2):46.67	
O1):-0.725	O2):33.134	
O1):-0.785	O2):38.394	
O1):-0.81	O2):43.299	
O1):-0.825	O2):43.472	
O1):-0.815	O2):37.879	
O1):-0.833	O2):44.086	
O1):-0.818	O2):46.131	
O1):-0.786	O2):36.816	
O1):-0.804	O2):38.594	
O1):-0.714	O2):34.599	
O1):-0.789	O2):44.181	
O1):-0.771	O2):37.738	
O1):-0.787	O2):41.792	
O1):-0.768	O2):34.767	
O1):-0.706	O2):31.182	
O1):-0.747	O2):32.633	
O1):-0.785	O2):37.945	
O1):-0.756	O2):36.361	
O1):-0.723	O2):31.279	
O1):-0.846	O2):70.083	
O1):-0.782	O2):37.867	
Evaluations:	400
O1):-0.744	O2):30.423	
O1):-0.758	O2):42.478	
O1):-0.753	O2):32.846	
O1):-0.713	O2):34.581	
O1):-0.794	O2):39.948	
O1):-0.669	O2):27.657	
O1):-0.763	O2):33.991	
O1):-0.723	O2):33.84	
O1):-0.74	O2):32.452	
O1):-0.785	O2):37.52	
O1):-0.818	O2):41.727	
O1):-0.722	O2):29.433	
O1):-0.762	O2):34.25	
O1):-0.715	O2):31.663	
O1):-0.787	O2):38.47	
O1):-0.784	O2):34.064	
O1):-0.772	O2):35.168	
O1):-0.757	O2):33.125	
O1):-0.803	O2):39.358	
O1):-0.776	O2):33.495	
O1):-0.805	O2):43.249	
Evaluations:	400
O1):-0.793	O2):37.43	
O1):-0.732	O2):31.25	
O1):-0.658	O2):30.458	
O1):-0.802	O2):39.049	
O1):-0.756	O2):31.812	
O1):-0.76	O2):37.422	
O1):-0.764	O2):32.469	
O1):-0.818	O2):49.528	
Starting PrismExecutor worker 2 on port 11482
O1):-0.71	O2):30.993	
O1):-0.71	O2):27.747	
O1):-0.763	O2):33.556	
Connected worker 2 to port 11482
O1):-0.828	O2):44.07	
O1):-0.706	O2):31.182	
O1):-0.702	O2):27.608	
O1):-0.767	O2):38.311	
O1):-0.757	O2):31.774	
O1):-0.764	O2):34.532	
O1):-0.81	O2):39.111	
O1):-0.767	O2):34.817	
O1):-0.784	O2):37.428	
O1):-0.777	O2):37.001	
O1):-0.7	O2):31.542	
O1):-0.716	O2):32.596	
O1):-0.733	O2):32.08	
O1):-0.764	O2):32.174	
O1):-0.793	O2):41.778	
O1):-0.822	O2):47.509	
O1):-0.775	O2):33.875	
O1):-0.693	O2):28.113	
O1):-0.778	O2):33.171	
O1):-0.785	O2):37.484	
O1):-0.755	O2):33.1	
O1):-0.733	O2):32.097	
O1):-0.737	O2):38.479	
O1):-0.8	O2):38.939	
O1):-0.813	O2):39.436	
O1):-0.775	O2):35.693	
O1):-0.714	O2):32.02	
O1):-0.746	O2):35.3	
O1):-0.711	O2):35.454	
O1):-0.765	O2):32.586	
O1):-0.777	O2):37.768	
O1):-0.781	O2):33.847	
O1):-0.743	O2):33.057	
O1):-0.756	O2):33.228	
O1):-0.779	O2):36.238	
O1):-0.808	O2):39.247	
O1):-0.733	O2):31.803	
O1):-0.774	O2):41.211	
O1):-0.81	O2):43.497	
O1):-0.765	O2):34.116	
O1):-0.75	O2):32.622	
O1):-0.776	O2):37.584	
O1):-0.817	O2):41.691	
O1):-0.698	O2):30.795	
O1):-0.747	O2):32.623	
O1):-0.722	O2):33.195	
O1):-0.811	O2):43.351	
O1):-0.818	O2):43.446	
O1):-0.722	O2):31.729	
Evaluations:	400
O1):-0.764	O2):32.469	
O1):-0.706	O2):31.182	
O1):-0.831	O2):44.571	
O1):-0.782	O2):37.456	
O1):-0.741	O2):33.498	
O1):-0.749	O2):36.533	
O1):-0.828	O2):51.916	
O1):-0.799	O2):38.63	
O1):-0.799	O2):38.344	
O1):-0.723	O2):31.279	
O1):-0.712	O2):31.809	
O1):-0.788	O2):39.614	
Starting PrismExecutor worker 3 on port 11483
Starting PrismExecutor worker 2 on port 11442
O1):-0.747	O2):32.633	
Connected worker 3 to port 11483
Connected worker 2 to port 11442
O1):-0.812	O2):49.193	
O1):-0.714	O2):34.874	
O1):-0.809	O2):38.742	
O1):-0.693	O2):28.108	
O1):-0.723	O2):31.277	
O1):-0.759	O2):33.497	
O1):-0.747	O2):32.654	
O1):-0.796	O2):42.333	
O1):-0.781	O2):37.32	
O1):-0.796	O2):37.373	
O1):-0.768	O2):33.442	
O1):-0.801	O2):37.661	
O1):-0.783	O2):36.592	
O1):-0.767	O2):34.292	
O1):-0.825	O2):42.504	
O1):-0.724	O2):31.186	
O1):-0.826	O2):44.148	
O1):-0.75	O2):36.73	
O1):-0.732	O2):31.25	
O1):-0.751	O2):32.957	
O1):-0.738	O2):31.903	
O1):-0.749	O2):31.829	
O1):-0.793	O2):41.717	
O1):-0.818	O2):46.786	
O1):-0.76	O2):34.743	
O1):-0.733	O2):31.798	
O1):-0.74	O2):32.452	
O1):-0.805	O2):40.041	
O1):-0.778	O2):36.074	
O1):-0.797	O2):38.826	
O1):-0.812	O2):38.967	
O1):-0.787	O2):34.672	
O1):-0.769	O2):33.567	
O1):-0.708	O2):28.235	
O1):-0.768	O2):33.383	
O1):-0.829	O2):48.53	
O1):-0.714	O2):31.645	
O1):-0.826	O2):44.288	
O1):-0.74	O2):36.975	
O1):-0.671	O2):26.541	
O1):-0.777	O2):37.878	
O1):-0.768	O2):34.767	
O1):-0.767	O2):34.537	
O1):-0.76	O2):33.916	
O1):-0.785	O2):36.856	
O1):-0.714	O2):30.663	
O1):-0.813	O2):47.471	
O1):-0.784	O2):34.064	
O1):-0.765	O2):37.675	
O1):-0.778	O2):36.074	
O1):-0.759	O2):33.049	
O1):-0.772	O2):33.509	
O1):-0.802	O2):38.845	
O1):-0.814	O2):49.697	
O1):-0.665	O2):30.171	
O1):-0.779	O2):38.072	
O1):-0.765	O2):34.074	
O1):-0.793	O2):41.716	
O1):-0.755	O2):33.107	
O1):-0.761	O2):38.6	
O1):-0.764	O2):32.469	
O1):-0.792	O2):43.52	
O1):-0.764	O2):32.206	
O1):-0.757	O2):33.381	
O1):-0.803	O2):39.572	
O1):-0.76	O2):34.773	
O1):-0.789	O2):37.811	
O1):-0.776	O2):35.815	
O1):-0.706	O2):31.27	
O1):-0.706	O2):31.182	
O1):-0.702	O2):31.328	
O1):-0.764	O2):32.206	
O1):-0.793	O2):38.492	
O1):-0.802	O2):38.845	
O1):-0.769	O2):32.619	
O1):-0.769	O2):36.337	
O1):-0.762	O2):33.53	
O1):-0.808	O2):42.63	
O1):-0.796	O2):38.641	
O1):-0.752	O2):34.969	
O1):-0.823	O2):43.147	
O1):-0.776	O2):36.008	
O1):-0.739	O2):32.048	
O1):-0.826	O2):53.179	
O1):-0.735	O2):35.295	
O1):-0.671	O2):30.548	
O1):-0.842	O2):49.597	
O1):-0.75	O2):32.557	
O1):-0.76	O2):32.413	
O1):-0.674	O2):28.618	
O1):-0.809	O2):38.46	
O1):-0.795	O2):38.818	
O1):-0.809	O2):38.46	
O1):-0.703	O2):27.257	
O1):-0.783	O2):36.437	
O1):-0.808	O2):39.221	
O1):-0.731	O2):31.621	
O1):-0.76	O2):32.413	
O1):-0.806	O2):42.53	
O1):-0.697	O2):30.518	
O1):-0.791	O2):38.028	
O1):-0.786	O2):37.72	
O1):-0.805	O2):42.396	
O1):-0.799	O2):38.344	
O1):-0.74	O2):32.507	
O1):-0.798	O2):41.748	
Evaluations:	400
O1):-0.764	O2):32.469	
O1):-0.813	O2):52.071	
O1):-0.748	O2):36.562	
O1):-0.755	O2):32.924	
O1):-0.763	O2):33.553	
O1):-0.803	O2):41.822	
O1):-0.738	O2):32.355	
O1):-0.721	O2):29.263	
O1):-0.821	O2):47.633	
O1):-0.778	O2):33.169	
O1):-0.789	O2):37.811	
O1):-0.812	O2):39.49	
O1):-0.778	O2):36.485	
O1):-0.825	O2):53.575	
O1):-0.819	O2):38.717	
O1):-0.734	O2):32.256	
O1):-0.824	O2):48.472	
O1):-0.825	O2):42.616	
O1):-0.813	O2):43.811	
O1):-0.766	O2):32.905	
O1):-0.698	O2):30.795	
O1):-0.837	O2):53.963	
O1):-0.833	O2):43.531	
O1):-0.833	O2):43.537	
O1):-0.765	O2):34.598	
O1):-0.804	O2):39.296	
O1):-0.812	O2):40.278	
O1):-0.802	O2):49.745	
O1):-0.74	O2):33.02	
O1):-0.762	O2):32.739	
O1):-0.801	O2):37.857	
O1):-0.76	O2):32.336	
O1):-0.785	O2):37.498	
Starting PrismExecutor worker 3 on port 11443
O1):-0.785	O2):37.498	
O1):-0.788	O2):43.487	
Evaluations:	400
O1):-0.673	O2):28.388	
Connected worker 3 to port 11443
O1):-0.833	O2):44.086	
O1):-0.801	O2):37.857	
O1):-0.795	O2):37.696	
O1):-0.736	O2):32.621	
O1):-0.791	O2):34.472	
O1):-0.836	O2):48.634	
O1):-0.768	O2):34.781	
O1):-0.774	O2):36.68	
O1):-0.762	O2):33.53	
O1):-0.792	O2):38.453	
O1):-0.809	O2):38.46	
O1):-0.823	O2):43.129	
O1):-0.737	O2):32.101	
O1):-0.815	O2):52.718	
O1):-0.723	O2):31.285	
O1):-0.811	O2):41.785	
O1):-0.795	O2):37.331	
O1):-0.812	O2):52.508	
O1):-0.842	O2):49.592	
O1):-0.789	O2):37.894	
O1):-0.776	O2):37.585	
O1):-0.777	O2):38.103	
O1):-0.793	O2):38.202	
O1):-0.817	O2):42.696	
O1):-0.674	O2):28.618	
O1):-0.775	O2):33.591	
O1):-0.812	O2):43.909	
O1):-0.834	O2):54.518	
O1):-0.723	O2):31.277	
O1):-0.724	O2):31.186	
O1):-0.799	O2):38.346	
O1):-0.834	O2):49.589	
O1):-0.797	O2):39.67	
O1):-0.723	O2):31.279	
O1):-0.803	O2):42.851	
O1):-0.836	O2):49.772	
O1):-0.817	O2):42.696	
O1):-0.799	O2):38.344	
O1):-0.672	O2):27.298	
O1):-0.828	O2):43.651	
O1):-0.734	O2):32.035	
O1):-0.754	O2):33.096	
O1):-0.789	O2):37.851	
O1):-0.744	O2):44.713	
O1):-0.723	O2):31.277	
O1):-0.719	O2):29.351	
O1):-0.778	O2):33.171	
O1):-0.809	O2):48.959	
O1):-0.767	O2):34.817	
O1):-0.838	O2):49.492	
O1):-0.693	O2):28.113	
O1):-0.833	O2):43.537	
O1):-0.835	O2):44.859	
O1):-0.796	O2):38.393	
O1):-0.731	O2):31.703	
O1):-0.825	O2):53.634	
O1):-0.733	O2):31.794	
O1):-0.791	O2):38.107	
O1):-0.79	O2):37.096	
O1):-0.845	O2):49.49	
O1):-0.746	O2):33.919	
O1):-0.703	O2):28.06	
O1):-0.755	O2):32.165	
O1):-0.762	O2):32.745	
O1):-0.804	O2):38.695	
O1):-0.835	O2):48.265	
O1):-0.797	O2):37.752	
O1):-0.771	O2):36.841	
Starting PrismExecutor worker 0 on port 11480
Starting PrismExecutor worker 1 on port 11481
O1):-0.803	O2):38.032	
O1):-0.787	O2):43.002	
O1):-0.711	O2):32.584	
Connected worker 0 to port 11480
Connected worker 1 to port 11481
O1):-0.734	O2):33.328	
O1):-0.781	O2):34.17	
O1):-0.759	O2):33.338	
O1):-0.814	O2):53.437	
O1):-0.836	O2):48.635	
O1):-0.725	O2):31.479	
O1):-0.819	O2):41.78	
O1):-0.785	O2):37.42	
O1):-0.813	O2):39.436	
O1):-0.761	O2):31.958	
O1):-0.704	O2):28.575	
O1):-0.756	O2):32.193	
O1):-0.762	O2):32.613	
O1):-0.768	O2):33.249	
O1):-0.799	O2):38.344	
O1):-0.823	O2):43.153	
O1):-0.818	O2):46.729	
O1):-0.854	O2):59.922	
O1):-0.707	O2):28.189	
O1):-0.784	O2):39.14	
O1):-0.795	O2):37.256	
O1):-0.674	O2):28.618	
O1):-0.813	O2):45.046	
O1):-0.829	O2):49.125	
O1):-0.758	O2):37.042	
O1):-0.74	O2):32.452	
O1):-0.734	O2):31.935	
O1):-0.752	O2):38.08	
O1):-0.795	O2):37.945	
O1):-0.711	O2):31.919	
O1):-0.796	O2):39.267	
O1):-0.802	O2):48.292	
O1):-0.846	O2):59.623	
O1):-0.734	O2):34.79	
O1):-0.829	O2):49.727	
O1):-0.776	O2):36.681	
O1):-0.813	O2):43.955	
O1):-0.814	O2):48.827	
O1):-0.828	O2):53.101	
O1):-0.76	O2):31.662	
O1):-0.845	O2):49.387	
O1):-0.776	O2):33.558	
O1):-0.808	O2):52.399	
O1):-0.76	O2):32.374	
O1):-0.791	O2):42.626	
O1):-0.745	O2):34.411	
O1):-0.786	O2):37.608	
O1):-0.785	O2):36.716	
O1):-0.82	O2):43.977	
O1):-0.748	O2):34.358	
O1):-0.756	O2):38.488	
O1):-0.804	O2):39.642	
O1):-0.823	O2):43.361	
O1):-0.764	O2):32.206	
O1):-0.737	O2):32.87	
O1):-0.777	O2):37.579	
O1):-0.837	O2):54.282	
O1):-0.811	O2):39.36	
O1):-0.795	O2):38.818	
O1):-0.774	O2):37.104	
O1):-0.803	O2):39.04	
O1):-0.804	O2):43.186	
O1):-0.738	O2):31.893	
O1):-0.748	O2):38.678	
O1):-0.817	O2):41.674	
O1):-0.81	O2):43.871	
O1):-0.764	O2):32.206	
O1):-0.818	O2):51.545	
O1):-0.741	O2):35.111	
O1):-0.738	O2):31.9	
O1):-0.782	O2):33.938	
O1):-0.837	O2):48.781	
O1):-0.813	O2):44.78	
O1):-0.727	O2):31.019	
O1):-0.801	O2):37.858	
O1):-0.743	O2):32.403	
O1):-0.756	O2):37.594	
O1):-0.791	O2):38.036	
O1):-0.819	O2):43.454	
O1):-0.82	O2):47.59	
O1):-0.696	O2):30.554	
O1):-0.769	O2):35.657	
O1):-0.811	O2):42.146	
O1):-0.823	O2):43.147	
O1):-0.801	O2):37.396	
O1):-0.798	O2):37.919	
O1):-0.795	O2):38.07	
O1):-0.797	O2):47.197	
O1):-0.762	O2):32.753	
O1):-0.789	O2):36.86	
O1):-0.826	O2):51.393	
O1):-0.785	O2):37.945	
O1):-0.783	O2):37.505	
O1):-0.81	O2):39.132	
O1):-0.795	O2):38.07	
O1):-0.73	O2):31.566	
O1):-0.838	O2):48.459	
O1):-0.806	O2):39.047	
O1):-0.792	O2):38.602	
O1):-0.811	O2):42.145	
O1):-0.767	O2):37.577	
O1):-0.745	O2):32.632	
O1):-0.753	O2):31.544	
O1):-0.779	O2):37.785	
O1):-0.671	O2):26.478	
O1):-0.82	O2):43.04	
O1):-0.719	O2):29.332	
O1):-0.834	O2):49.614	
O1):-0.812	O2):42.961	
O1):-0.758	O2):34.683	
O1):-0.798	O2):39.171	
O1):-0.764	O2):32.482	
O1):-0.769	O2):33.697	
O1):-0.757	O2):38.383	
O1):-0.786	O2):34.602	
O1):-0.716	O2):32.596	
O1):-0.753	O2):32.918	
O1):-0.742	O2):33.016	
O1):-0.673	O2):26.725	
O1):-0.729	O2):32.735	
O1):-0.778	O2):36.074	
O1):-0.767	O2):34.569	
O1):-0.785	O2):37.521	
O1):-0.752	O2):37.095	
O1):-0.801	O2):39.574	
O1):-0.772	O2):42.75	
O1):-0.795	O2):49.157	
O1):-0.794	O2):37.191	
O1):-0.796	O2):45.157	
O1):-0.696	O2):30.554	
O1):-0.71	O2):31.172	
O1):-0.835	O2):49.225	
O1):-0.81	O2):38.828	
O1):-0.818	O2):44.218	
O1):-0.778	O2):36.185	
O1):-0.778	O2):33.171	
O1):-0.812	O2):44.05	
O1):-0.808	O2):43.796	
O1):-0.762	O2):36.342	
O1):-0.77	O2):37.181	
O1):-0.781	O2):33.847	
O1):-0.778	O2):35.991	
O1):-0.674	O2):26.742	
O1):-0.823	O2):43.147	
Starting PrismExecutor worker 2 on port 11462
O1):-0.81	O2):43.072	
O1):-0.82	O2):43.463	
O1):-0.802	O2):38.845	
O1):-0.713	O2):32.052	
O1):-0.797	O2):37.783	
Connected worker 2 to port 11462
O1):-0.674	O2):26.742	
O1):-0.7	O2):31.542	
O1):-0.833	O2):44.092	
O1):-0.796	O2):37.421	
O1):-0.75	O2):37.79	
O1):-0.768	O2):33.105	
O1):-0.747	O2):32.654	
O1):-0.809	O2):43.543	
O1):-0.776	O2):39.169	
O1):-0.76	O2):32.374	
O1):-0.775	O2):35.891	
O1):-0.767	O2):34.817	
O1):-0.779	O2):37.783	
O1):-0.836	O2):48.54	
O1):-0.776	O2):36.088	
O1):-0.766	O2):34.193	
O1):-0.758	O2):34.011	
O1):-0.767	O2):34.412	
O1):-0.801	O2):37.661	
O1):-0.733	O2):35.482	
O1):-0.744	O2):30.423	
O1):-0.814	O2):42.951	
O1):-0.772	O2):35.304	
O1):-0.734	O2):31.935	
O1):-0.818	O2):41.767	
O1):-0.799	O2):37.678	
O1):-0.791	O2):38.333	
O1):-0.765	O2):34.289	
O1):-0.808	O2):42.63	
O1):-0.78	O2):37.249	
O1):-0.759	O2):32.337	
O1):-0.795	O2):46.849	
O1):-0.812	O2):44.185	
O1):-0.732	O2):31.906	
O1):-0.761	O2):32.68	
O1):-0.798	O2):37.379	
O1):-0.81	O2):44.18	
O1):-0.786	O2):41.225	
O1):-0.81	O2):39.087	
O1):-0.748	O2):32.705	
O1):-0.827	O2):48.785	
O1):-0.784	O2):34.064	
O1):-0.752	O2):32.69	
O1):-0.825	O2):53.634	
O1):-0.719	O2):29.351	
O1):-0.781	O2):33.828	
O1):-0.788	O2):37.019	
O1):-0.831	O2):43.517	
O1):-0.762	O2):32.766	
O1):-0.806	O2):38.773	
O1):-0.795	O2):38.07	
O1):-0.838	O2):54.616	
O1):-0.794	O2):38.819	
O1):-0.769	O2):37.662	
O1):-0.716	O2):32.596	
O1):-0.702	O2):31.328	
O1):-0.814	O2):47.532	
O1):-0.77	O2):38.714	
O1):-0.722	O2):30.44	
O1):-0.701	O2):30.704	
O1):-0.804	O2):43.547	
O1):-0.79	O2):37.686	
O1):-0.71	O2):30.993	
O1):-0.829	O2):54.147	
O1):-0.804	O2):43.186	
O1):-0.797	O2):42.834	
O1):-0.796	O2):37.421	
O1):-0.807	O2):46.986	
O1):-0.785	O2):34.886	
O1):-0.76	O2):32.413	
O1):-0.751	O2):32.651	
O1):-0.719	O2):29.351	
Starting PrismExecutor worker 3 on port 11423
O1):-0.775	O2):36.609	
O1):-0.817	O2):49.203	
O1):-0.782	O2):33.82	
Connected worker 3 to port 11423
O1):-0.708	O2):28.235	
O1):-0.76	O2):32.374	
O1):-0.837	O2):54.285	
O1):-0.81	O2):39.085	
O1):-0.793	O2):37.386	
O1):-0.846	O2):60.068	
O1):-0.784	O2):36.452	
O1):-0.833	O2):44.834	
O1):-0.765	O2):34.584	
O1):-0.775	O2):39.24	
O1):-0.776	O2):33.558	
O1):-0.797	O2):41.888	
O1):-0.801	O2):41.996	
O1):-0.774	O2):35.657	
O1):-0.78	O2):38.428	
O1):-0.801	O2):37.661	
O1):-0.773	O2):43.064	
O1):-0.778	O2):36.787	
O1):-0.81	O2):39.213	
O1):-0.768	O2):34.78	
O1):-0.765	O2):34.576	
O1):-0.786	O2):41.226	
O1):-0.859	O2):53.259	
O1):-0.723	O2):29.468	
O1):-0.82	O2):43.981	
O1):-0.776	O2):32.922	
O1):-0.793	O2):37.948	
O1):-0.776	O2):36.174	
O1):-0.819	O2):48.464	
O1):-0.811	O2):43.501	
O1):-0.834	O2):49.589	
O1):-0.734	O2):32.079	
O1):-0.722	O2):31.41	
O1):-0.793	O2):37.064	
O1):-0.771	O2):33.495	
O1):-0.842	O2):49.491	
O1):-0.737	O2):33.406	
O1):-0.74	O2):32.453	
O1):-0.825	O2):48.284	
O1):-0.798	O2):37.919	
O1):-0.748	O2):32.859	
O1):-0.804	O2):46.965	
O1):-0.767	O2):34.537	
O1):-0.763	O2):32.856	
O1):-0.691	O2):30.847	
O1):-0.763	O2):34.152	
O1):-0.783	O2):36.437	
O1):-0.82	O2):43.979	
O1):-0.778	O2):33.171	
O1):-0.795	O2):36.832	
O1):-0.729	O2):31.451	
O1):-0.724	O2):31.186	
O1):-0.833	O2):43.534	
O1):-0.826	O2):51.394	
O1):-0.803	O2):39.572	
O1):-0.756	O2):32.211	
O1):-0.826	O2):47.721	
O1):-0.811	O2):41.785	
O1):-0.796	O2):39.263	
O1):-0.738	O2):32.114	
O1):-0.777	O2):37.044	
O1):-0.833	O2):44.086	
O1):-0.769	O2):38.371	
O1):-0.826	O2):44.148	
O1):-0.834	O2):48.249	
O1):-0.843	O2):58.336	
O1):-0.828	O2):45.47	
O1):-0.817	O2):42.694	
O1):-0.808	O2):39.166	
O1):-0.754	O2):31.744	
O1):-0.811	O2):43.455	
O1):-0.8	O2):37.383	
O1):-0.82	O2):43.463	
O1):-0.82	O2):43.981	
O1):-0.823	O2):43.147	
O1):-0.752	O2):32.965	
O1):-0.71	O2):30.993	
O1):-0.746	O2):31.479	
O1):-0.711	O2):31.919	
O1):-0.722	O2):30.513	
O1):-0.804	O2):39.296	
O1):-0.785	O2):37.484	
O1):-0.751	O2):33.548	
O1):-0.809	O2):47.332	
O1):-0.762	O2):36.352	
O1):-0.719	O2):29.35	
O1):-0.846	O2):55.294	
O1):-0.761	O2):33.496	
O1):-0.783	O2):37.013	
O1):-0.762	O2):32.745	
O1):-0.771	O2):38.06	
O1):-0.842	O2):49.493	
O1):-0.797	O2):41.888	
O1):-0.77	O2):33.129	
O1):-0.804	O2):43.186	
O1):-0.822	O2):43.076	
O1):-0.751	O2):32.525	
O1):-0.756	O2):31.813	
O1):-0.771	O2):36.799	
O1):-0.83	O2):44.35	
O1):-0.794	O2):43.326	
O1):-0.787	O2):37.371	
O1):-0.768	O2):34.767	
O1):-0.706	O2):31.182	
O1):-0.813	O2):43.811	
O1):-0.693	O2):28.108	
O1):-0.703	O2):28.277	
O1):-0.789	O2):46.804	
O1):-0.818	O2):43.008	
O1):-0.759	O2):32.495	
O1):-0.744	O2):33.059	
O1):-0.808	O2):42.347	
O1):-0.819	O2):43.915	
O1):-0.731	O2):32.118	
O1):-0.784	O2):39.593	
O1):-0.674	O2):27.223	
O1):-0.692	O2):30.972	
O1):-0.769	O2):33.43	
O1):-0.818	O2):46.729	
O1):-0.816	O2):38.99	
O1):-0.833	O2):43.545	
O1):-0.789	O2):37.806	
O1):-0.813	O2):39.436	
O1):-0.838	O2):48.457	
O1):-0.704	O2):28.574	
O1):-0.784	O2):34.023	
O1):-0.813	O2):43.942	
O1):-0.76	O2):32.374	
O1):-0.76	O2):32.413	
O1):-0.766	O2):41.769	
O1):-0.792	O2):39.867	
O1):-0.782	O2):36.36	
O1):-0.776	O2):33.561	
O1):-0.674	O2):26.72	
O1):-0.767	O2):33.527	
O1):-0.778	O2):36.074	
O1):-0.795	O2):40.715	
O1):-0.775	O2):47.09	
O1):-0.836	O2):48.542	
O1):-0.809	O2):38.46	
O1):-0.796	O2):37.422	
O1):-0.797	O2):42.832	
O1):-0.811	O2):41.785	
O1):-0.757	O2):32.754	
O1):-0.784	O2):37.851	
O1):-0.706	O2):31.182	
O1):-0.804	O2):43.186	
O1):-0.722	O2):31.726	
O1):-0.812	O2):46.802	
O1):-0.671	O2):30.548	
O1):-0.761	O2):32.686	
O1):-0.733	O2):31.794	
O1):-0.751	O2):32.679	
O1):-0.774	O2):36.12	
O1):-0.855	O2):59.424	
O1):-0.811	O2):41.785	
O1):-0.802	O2):46.996	
O1):-0.764	O2):33.652	
O1):-0.754	O2):33.13	
Starting PrismExecutor worker 1 on port 11421
Starting PrismExecutor worker 2 on port 11412
O1):-0.828	O2):43.652	
O1):-0.818	O2):46.729	
O1):-0.693	O2):28.113	
O1):-0.82	O2):43.982	
O1):-0.803	O2):42.606	
Connected worker 1 to port 11421
Connected worker 2 to port 11412
O1):-0.79	O2):44.235	
O1):-0.757	O2):31.774	
O1):-0.671	O2):30.548	
O1):-0.803	O2):38.943	
O1):-0.764	O2):32.469	
O1):-0.762	O2):36.355	
O1):-0.741	O2):32.144	
O1):-0.76	O2):37.737	
O1):-0.813	O2):43.811	
O1):-0.706	O2):31.182	
O1):-0.778	O2):36.114	
O1):-0.811	O2):41.785	
O1):-0.776	O2):36.174	
O1):-0.819	O2):38.717	
Evaluations:	500
O1):-0.739	O2):34.758	
O1):-0.81	O2):39.154	
O1):-0.822	O2):53.108	
O1):-0.81	O2):39.151	
O1):-0.803	O2):39.547	
O1):-0.764	O2):32.469	
O1):-0.762	O2):32.745	
O1):-0.722	O2):33.233	
O1):-0.769	O2):37.662	
O1):-0.782	O2):33.937	
O1):-0.796	O2):44.029	
O1):-0.826	O2):44.288	
O1):-0.813	O2):47.73	
O1):-0.759	O2):33.336	
O1):-0.838	O2):54.903	
O1):-0.851	O2):49.99	
O1):-0.693	O2):28.108	
O1):-0.827	O2):44.097	
O1):-0.693	O2):28.108	
O1):-0.724	O2):29.248	
O1):-0.846	O2):55.302	
O1):-0.763	O2):32.84	
O1):-0.81	O2):38.958	
O1):-0.824	O2):48.474	
O1):-0.793	O2):44.386	
O1):-0.775	O2):33.853	
O1):-0.808	O2):43.796	
O1):-0.747	O2):37.579	
O1):-0.731	O2):31.702	
O1):-0.813	O2):44.779	
O1):-0.74	O2):33.234	
O1):-0.817	O2):49.003	
O1):-0.808	O2):42.63	
O1):-0.737	O2):31.597	
O1):-0.78	O2):33.86	
O1):-0.836	O2):48.54	
O1):-0.719	O2):29.329	
O1):-0.829	O2):48.632	
O1):-0.779	O2):33.35	
O1):-0.693	O2):28.113	
O1):-0.775	O2):40.283	
O1):-0.801	O2):37.661	
O1):-0.797	O2):38.826	
O1):-0.774	O2):35.739	
O1):-0.791	O2):37.738	
O1):-0.817	O2):41.691	
O1):-0.811	O2):39.122	
O1):-0.761	O2):32.686	
O1):-0.81	O2):43.869	
O1):-0.804	O2):43.186	
O1):-0.767	O2):34.817	
O1):-0.738	O2):32.362	
O1):-0.775	O2):32.929	
O1):-0.845	O2):59.083	
O1):-0.757	O2):33.418	
O1):-0.837	O2):48.641	
O1):-0.76	O2):32.374	
O1):-0.784	O2):36.451	
O1):-0.724	O2):31.186	
O1):-0.784	O2):39.593	
O1):-0.772	O2):40.962	
O1):-0.779	O2):33.35	
O1):-0.747	O2):32.654	
O1):-0.804	O2):39.296	
O1):-0.812	O2):52.251	
O1):-0.788	O2):34.961	
O1):-0.741	O2):34.722	
O1):-0.801	O2):37.857	
O1):-0.737	O2):32.101	
O1):-0.775	O2):32.926	
O1):-0.74	O2):32.462	
O1):-0.79	O2):37.621	
O1):-0.698	O2):30.682	
O1):-0.762	O2):32.745	
O1):-0.768	O2):34.767	
O1):-0.757	O2):31.767	
O1):-0.828	O2):48.247	
O1):-0.763	O2):36.52	
O1):-0.787	O2):38.176	
O1):-0.783	O2):36.437	
O1):-0.826	O2):44.288	
O1):-0.739	O2):32.048	
O1):-0.812	O2):44.187	
O1):-0.804	O2):38.747	
O1):-0.778	O2):33.171	
O1):-0.826	O2):44.286	
O1):-0.77	O2):33.127	
O1):-0.843	O2):49.435	
O1):-0.833	O2):44.092	
O1):-0.788	O2):37.719	
O1):-0.81	O2):39.154	
O1):-0.816	O2):39.103	
O1):-0.802	O2):37.817	
O1):-0.734	O2):31.935	
O1):-0.71	O2):27.747	
O1):-0.74	O2):32.507	
O1):-0.828	O2):51.39	
O1):-0.798	O2):41.77	
O1):-0.808	O2):42.63	
O1):-0.818	O2):43.004	
O1):-0.71	O2):28.48	
O1):-0.778	O2):36.185	
O1):-0.81	O2):42.209	
O1):-0.785	O2):36.721	
O1):-0.769	O2):33.567	
O1):-0.793	O2):36.922	
O1):-0.781	O2):33.828	
O1):-0.817	O2):49.003	
O1):-0.732	O2):31.25	
O1):-0.731	O2):31.613	
O1):-0.784	O2):36.445	
O1):-0.752	O2):33.17	
O1):-0.787	O2):43.467	
O1):-0.783	O2):36.315	
O1):-0.775	O2):32.93	
O1):-0.76	O2):32.336	
O1):-0.673	O2):28.388	
O1):-0.809	O2):38.507	
O1):-0.82	O2):46.667	
O1):-0.787	O2):37.649	
O1):-0.775	O2):37.121	
O1):-0.823	O2):48.019	
Evaluations:	500
Starting PrismExecutor worker 5 on port 11445
O1):-0.826	O2):44.288	
Connected worker 5 to port 11445
O1):-0.756	O2):31.813	
O1):-0.811	O2):43.501	
O1):-0.753	O2):32.846	
O1):-0.796	O2):37.422	
O1):-0.691	O2):30.847	
O1):-0.801	O2):37.858	
O1):-0.825	O2):43.471	
O1):-0.801	O2):37.661	
O1):-0.799	O2):37.303	
O1):-0.82	O2):43.989	
O1):-0.834	O2):49.734	
O1):-0.714	O2):31.732	
O1):-0.828	O2):51.39	
O1):-0.797	O2):37.783	
O1):-0.745	O2):33.221	
Evaluations:	500
O1):-0.777	O2):37.012	
Starting PrismExecutor worker 3 on port 11463
O1):-0.809	O2):39.142	
Connected worker 3 to port 11463
O1):-0.73	O2):32.309	
O1):-0.809	O2):38.461	
O1):-0.774	O2):48.588	
O1):-0.766	O2):34.172	
O1):-0.73	O2):31.594	
O1):-0.822	O2):43.074	
O1):-0.756	O2):36.284	
O1):-0.787	O2):38.47	
O1):-0.7	O2):30.776	
O1):-0.751	O2):33.448	
O1):-0.817	O2):41.692	
O1):-0.732	O2):31.404	
O1):-0.83	O2):48.513	
O1):-0.739	O2):32.048	
O1):-0.76	O2):32.413	
O1):-0.817	O2):43.043	
O1):-0.726	O2):30.94	
O1):-0.795	O2):38.541	
O1):-0.765	O2):39.14	
O1):-0.702	O2):27.432	
O1):-0.75	O2):32.395	
O1):-0.774	O2):54.339	
O1):-0.792	O2):45.412	
O1):-0.704	O2):28.037	
Evaluations:	500
O1):-0.72	O2):29.362	
O1):-0.762	O2):32.744	
O1):-0.734	O2):32.119	
O1):-0.741	O2):32.962	
O1):-0.803	O2):39.548	
O1):-0.723	O2):31.279	
Evaluations:	500
O1):-0.772	O2):38.816	
O1):-0.722	O2):31.726	
O1):-0.809	O2):39.142	
O1):-0.816	O2):38.058	
O1):-0.825	O2):42.504	
O1):-0.818	O2):43.006	
O1):-0.74	O2):32.496	
O1):-0.753	O2):31.904	
O1):-0.743	O2):33.059	
O1):-0.745	O2):33.485	
O1):-0.708	O2):28.232	
O1):-0.817	O2):43.078	
O1):-0.826	O2):44.148	
O1):-0.82	O2):47.589	
O1):-0.725	O2):32.88	
O1):-0.818	O2):43.002	
O1):-0.714	O2):31.732	
O1):-0.745	O2):39.432	
O1):-0.811	O2):43.455	
O1):-0.778	O2):33.171	
O1):-0.808	O2):52.399	
O1):-0.704	O2):28.031	
O1):-0.704	O2):28.031	
O1):-0.78	O2):38.559	
O1):-0.708	O2):28.234	
O1):-0.723	O2):28.702	
O1):-0.805	O2):38.768	
O1):-0.842	O2):53.251	
O1):-0.738	O2):31.894	
O1):-0.808	O2):43.796	
O1):-0.691	O2):27.573	
O1):-0.758	O2):32.674	
O1):-0.789	O2):37.851	
O1):-0.821	O2):43.596	
O1):-0.733	O2):32.236	
O1):-0.716	O2):31.125	
O1):-0.778	O2):33.171	
O1):-0.807	O2):38.164	
O1):-0.793	O2):37.43	
O1):-0.804	O2):43.186	
O1):-0.81	O2):39.151	
O1):-0.851	O2):48.663	
O1):-0.76	O2):47.674	
O1):-0.766	O2):34.074	
O1):-0.768	O2):34.454	
O1):-0.703	O2):28.06	
Evaluations:	500
O1):-0.723	O2):28.702	
O1):-0.735	O2):31.875	
O1):-0.788	O2):38.083	
O1):-0.722	O2):31.726	
O1):-0.786	O2):34.291	
O1):-0.761	O2):32.531	
O1):-0.806	O2):43.283	
O1):-0.778	O2):33.171	
O1):-0.747	O2):32.158	
O1):-0.8	O2):37.383	
O1):-0.744	O2):32.43	
O1):-0.803	O2):42.852	
O1):-0.765	O2):38.268	
O1):-0.785	O2):37.42	
O1):-0.753	O2):32.97	
O1):-0.837	O2):53.211	
O1):-0.791	O2):34.472	
O1):-0.784	O2):34.064	
O1):-0.762	O2):32.838	
O1):-0.757	O2):31.774	
O1):-0.706	O2):31.182	
O1):-0.804	O2):38.351	
O1):-0.744	O2):30.423	
O1):-0.736	O2):36.216	
O1):-0.729	O2):31.451	
O1):-0.742	O2):31.602	
O1):-0.761	O2):32.761	
O1):-0.762	O2):34.528	
O1):-0.803	O2):38.943	
O1):-0.753	O2):31.904	
O1):-0.819	O2):43.454	
O1):-0.777	O2):35.723	
O1):-0.838	O2):53.279	
O1):-0.8	O2):38.432	
O1):-0.83	O2):48.42	
O1):-0.805	O2):48.215	
O1):-0.733	O2):31.794	
O1):-0.818	O2):43.002	
O1):-0.818	O2):46.729	
O1):-0.829	O2):48.53	
O1):-0.714	O2):31.645	
O1):-0.769	O2):33.252	
O1):-0.806	O2):38.927	
O1):-0.795	O2):42.234	
O1):-0.809	O2):42.203	
O1):-0.767	O2):34.537	
O1):-0.829	O2):53.771	
O1):-0.77	O2):42.144	
O1):-0.781	O2):37.082	
O1):-0.729	O2):31.451	
O1):-0.801	O2):37.857	
O1):-0.795	O2):38.07	
O1):-0.753	O2):33.555	
O1):-0.815	O2):52.718	
O1):-0.778	O2):33.171	
O1):-0.814	O2):39.776	
O1):-0.789	O2):34.856	
O1):-0.799	O2):38.344	
O1):-0.707	O2):27.636	
O1):-0.714	O2):31.645	
O1):-0.767	O2):34.537	
O1):-0.796	O2):37.804	
Evaluations:	500
Starting PrismExecutor worker 0 on port 11420
Connected worker 0 to port 11420
O1):-0.788	O2):38.083	
O1):-0.788	O2):34.808	
O1):-0.733	O2):33.181	
O1):-0.766	O2):35.062	
O1):-0.771	O2):33.963	
O1):-0.826	O2):47.721	
O1):-0.826	O2):44.288	
Starting PrismExecutor worker 1 on port 11461
O1):-0.7	O2):30.776	
O1):-0.773	O2):38.819	
Connected worker 1 to port 11461
O1):-0.783	O2):36.456	
O1):-0.845	O2):55.195	
O1):-0.708	O2):28.235	
O1):-0.826	O2):44.288	
O1):-0.764	O2):32.482	
O1):-0.705	O2):28.093	
O1):-0.742	O2):32.999	
O1):-0.837	O2):48.641	
O1):-0.818	O2):43.264	
O1):-0.714	O2):32.286	
O1):-0.776	O2):33.558	
O1):-0.673	O2):26.725	
O1):-0.846	O2):55.298	
O1):-0.732	O2):31.25	
O1):-0.787	O2):37.569	
O1):-0.777	O2):37.154	
O1):-0.82	O2):43.463	
O1):-0.721	O2):29.263	
O1):-0.782	O2):33.82	
O1):-0.713	O2):34.584	
O1):-0.777	O2):35.723	
O1):-0.707	O2):27.415	
O1):-0.813	O2):39.43	
O1):-0.803	O2):38.907	
O1):-0.695	O2):27.496	
O1):-0.747	O2):32.379	
O1):-0.671	O2):30.569	
O1):-0.76	O2):32.374	
O1):-0.808	O2):42.63	
O1):-0.803	O2):39.547	
O1):-0.787	O2):34.672	
O1):-0.787	O2):34.672	
O1):-0.834	O2):48.249	
O1):-0.82	O2):43.463	
O1):-0.796	O2):37.421	
O1):-0.756	O2):32.201	
O1):-0.753	O2):32.846	
O1):-0.693	O2):28.113	
O1):-0.674	O2):27.222	
O1):-0.779	O2):33.53	
O1):-0.76	O2):32.374	
O1):-0.826	O2):44.566	
O1):-0.804	O2):43.186	
O1):-0.818	O2):43.003	
O1):-0.814	O2):44.27	
O1):-0.833	O2):44.092	
O1):-0.778	O2):33.162	
O1):-0.845	O2):52.822	
O1):-0.708	O2):28.235	
O1):-0.781	O2):33.828	
O1):-0.761	O2):32.686	
O1):-0.842	O2):53.251	
O1):-0.807	O2):38.164	
O1):-0.813	O2):57.55	
O1):-0.781	O2):33.847	
O1):-0.755	O2):33.098	
O1):-0.835	O2):49.227	
O1):-0.761	O2):33.556	
O1):-0.777	O2):37.045	
O1):-0.739	O2):32.04	
O1):-0.787	O2):37.371	
O1):-0.757	O2):31.775	
O1):-0.831	O2):56.054	
O1):-0.764	O2):32.469	
O1):-0.671	O2):30.548	
O1):-0.768	O2):36.306	
O1):-0.817	O2):41.477	
O1):-0.82	O2):47.591	
O1):-0.813	O2):43.811	
O1):-0.804	O2):43.186	
O1):-0.765	O2):34.579	
O1):-0.785	O2):37.217	
O1):-0.797	O2):42.84	
O1):-0.811	O2):43.455	
O1):-0.744	O2):30.422	
O1):-0.776	O2):33.495	
O1):-0.816	O2):37.971	
O1):-0.83	O2):54.487	
O1):-0.768	O2):33.443	
O1):-0.758	O2):33.221	
O1):-0.671	O2):26.489	
Starting PrismExecutor worker 0 on port 11410
O1):-0.799	O2):37.324	
O1):-0.724	O2):31.186	
O1):-0.814	O2):39.776	
O1):-0.757	O2):31.774	
O1):-0.765	O2):33.981	
Connected worker 0 to port 11410
O1):-0.671	O2):30.575	
O1):-0.775	O2):33.594	
O1):-0.707	O2):27.415	
O1):-0.706	O2):31.182	
O1):-0.799	O2):38.345	
O1):-0.813	O2):39.436	
O1):-0.778	O2):33.171	
O1):-0.674	O2):27.223	
O1):-0.744	O2):30.423	
O1):-0.766	O2):34.498	
O1):-0.855	O2):54.571	
O1):-0.71	O2):30.993	
O1):-0.671	O2):30.548	
O1):-0.826	O2):43.064	
O1):-0.826	O2):44.288	
O1):-0.822	O2):47.509	
O1):-0.838	O2):48.459	
O1):-0.759	O2):32.478	
O1):-0.705	O2):28.093	
O1):-0.737	O2):31.543	
O1):-0.704	O2):28.572	
O1):-0.82	O2):45.019	
O1):-0.814	O2):44.27	
O1):-0.776	O2):33.581	
O1):-0.772	O2):33.509	
O1):-0.746	O2):31.479	
O1):-0.669	O2):27.657	
O1):-0.797	O2):39.441	
O1):-0.723	O2):31.279	
O1):-0.843	O2):58.336	
O1):-0.706	O2):31.182	
O1):-0.809	O2):38.515	
O1):-0.73	O2):31.566	
O1):-0.789	O2):39.586	
O1):-0.778	O2):33.169	
O1):-0.764	O2):34.532	
O1):-0.708	O2):28.229	
O1):-0.769	O2):38.886	
O1):-0.833	O2):44.086	
O1):-0.781	O2):33.846	
O1):-0.674	O2):27.223	
O1):-0.802	O2):38.875	
O1):-0.813	O2):39.436	
O1):-0.829	O2):48.632	
O1):-0.862	O2):54.149	
O1):-0.825	O2):43.472	
O1):-0.764	O2):32.482	
O1):-0.673	O2):26.725	
O1):-0.838	O2):48.459	
O1):-0.674	O2):26.742	
O1):-0.748	O2):32.494	
O1):-0.808	O2):43.796	
O1):-0.811	O2):39.354	
O1):-0.671	O2):30.548	
O1):-0.759	O2):33.489	
O1):-0.789	O2):34.734	
O1):-0.702	O2):27.432	
O1):-0.704	O2):28.037	
O1):-0.776	O2):35.947	
O1):-0.836	O2):48.177	
O1):-0.764	O2):32.469	
O1):-0.777	O2):37.138	
O1):-0.802	O2):39.048	
O1):-0.834	O2):43.418	
O1):-0.786	O2):34.009	
O1):-0.775	O2):32.909	
O1):-0.706	O2):31.182	
O1):-0.731	O2):31.613	
O1):-0.776	O2):33.495	
O1):-0.671	O2):30.548	
O1):-0.761	O2):32.509	
O1):-0.764	O2):32.471	
O1):-0.855	O2):59.424	
O1):-0.812	O2):44.05	
O1):-0.813	O2):43.847	
O1):-0.736	O2):32.621	
O1):-0.739	O2):32.319	
O1):-0.768	O2):34.454	
O1):-0.742	O2):33.151	
O1):-0.796	O2):37.373	
O1):-0.672	O2):27.298	
O1):-0.748	O2):38.634	
O1):-0.826	O2):44.288	
O1):-0.764	O2):32.213	
Starting PrismExecutor worker 4 on port 11444
O1):-0.766	O2):34.247	
Connected worker 4 to port 11444
O1):-0.801	O2):47.256	
O1):-0.671	O2):30.548	
O1):-0.756	O2):31.812	
O1):-0.78	O2):42.306	
O1):-0.71	O2):30.993	
O1):-0.742	O2):33.65	
O1):-0.703	O2):28.06	
O1):-0.809	O2):39.064	
O1):-0.802	O2):38.89	
O1):-0.759	O2):32.495	
Evaluations:	500
O1):-0.765	O2):34.074	
O1):-0.764	O2):32.469	
O1):-0.741	O2):32.298	
O1):-0.724	O2):31.185	
O1):-0.784	O2):34.064	
O1):-0.833	O2):44.086	
O1):-0.733	O2):32.149	
O1):-0.792	O2):37.504	
O1):-0.738	O2):31.903	
O1):-0.817	O2):41.674	
O1):-0.812	O2):40.276	
O1):-0.682	O2):30.839	
O1):-0.751	O2):32.913	
O1):-0.798	O2):37.919	
O1):-0.643	O2):26.477	
Evaluations:	500
O1):-0.818	O2):41.727	
O1):-0.757	O2):31.774	
O1):-0.784	O2):37.249	
O1):-0.779	O2):33.35	
O1):-0.723	O2):31.279	
O1):-0.764	O2):34.541	
O1):-0.842	O2):52.204	
O1):-0.745	O2):33.161	
O1):-0.814	O2):51.649	
O1):-0.811	O2):43.351	
O1):-0.829	O2):53.771	
O1):-0.821	O2):43.746	
O1):-0.803	O2):39.357	
O1):-0.82	O2):43.463	
O1):-0.78	O2):46.06	
O1):-0.771	O2):37.199	
O1):-0.764	O2):32.482	
O1):-0.719	O2):29.35	
O1):-0.714	O2):34.874	
O1):-0.721	O2):29.263	
O1):-0.81	O2):39.934	
O1):-0.82	O2):43.463	
O1):-0.727	O2):31.019	
O1):-0.742	O2):32.918	
O1):-0.756	O2):31.813	
O1):-0.814	O2):44.505	
O1):-0.764	O2):32.482	
O1):-0.784	O2):34.023	
O1):-0.784	O2):34.064	
O1):-0.779	O2):33.574	
O1):-0.807	O2):38.223	
O1):-0.747	O2):32.469	
O1):-0.776	O2):35.815	
O1):-0.833	O2):43.531	
O1):-0.783	O2):34.473	
O1):-0.794	O2):37.193	
O1):-0.82	O2):43.385	
O1):-0.785	O2):37.52	
O1):-0.775	O2):35.693	
O1):-0.772	O2):35.174	
O1):-0.833	O2):44.092	
O1):-0.671	O2):26.541	
O1):-0.775	O2):36.837	
O1):-0.82	O2):43.463	
O1):-0.835	O2):48.265	
O1):-0.764	O2):32.212	
O1):-0.735	O2):35.224	
O1):-0.811	O2):43.455	
O1):-0.786	O2):36.81	
O1):-0.794	O2):37.382	
O1):-0.709	O2):27.702	
O1):-0.795	O2):36.832	
O1):-0.674	O2):26.742	
O1):-0.796	O2):37.419	
Starting PrismExecutor worker 4 on port 11434
O1):-0.71	O2):30.993	
Connected worker 4 to port 11434
O1):-0.778	O2):33.171	
O1):-0.753	O2):34.981	
O1):-0.706	O2):31.182	
O1):-0.818	O2):41.767	
O1):-0.81	O2):39.111	
O1):-0.799	O2):37.678	
O1):-0.828	O2):43.652	
O1):-0.817	O2):43.043	
O1):-0.781	O2):33.847	
O1):-0.817	O2):43.043	
O1):-0.788	O2):44.831	
O1):-0.751	O2):32.525	
O1):-0.733	O2):31.794	
O1):-0.756	O2):39.506	
O1):-0.83	O2):44.345	
O1):-0.834	O2):48.245	
O1):-0.784	O2):34.064	
O1):-0.792	O2):35.744	
O1):-0.769	O2):37.766	
O1):-0.817	O2):42.694	
O1):-0.753	O2):31.904	
O1):-0.753	O2):32.846	
O1):-0.77	O2):37.68	
O1):-0.76	O2):32.374	
O1):-0.723	O2):31.279	
O1):-0.748	O2):31.932	
O1):-0.731	O2):31.703	
O1):-0.817	O2):41.674	
O1):-0.777	O2):37.372	
O1):-0.828	O2):43.652	
O1):-0.796	O2):37.421	
O1):-0.82	O2):43.463	
O1):-0.757	O2):32.645	
O1):-0.819	O2):44.767	
O1):-0.703	O2):27.258	
O1):-0.818	O2):43.002	
O1):-0.772	O2):35.173	
O1):-0.756	O2):32.193	
O1):-0.761	O2):32.761	
O1):-0.818	O2):41.727	
O1):-0.703	O2):27.795	
O1):-0.759	O2):32.337	
O1):-0.854	O2):54.305	
O1):-0.81	O2):39.085	
O1):-0.703	O2):28.06	
O1):-0.814	O2):42.951	
O1):-0.793	O2):37.064	
O1):-0.711	O2):31.919	
O1):-0.783	O2):36.437	
O1):-0.801	O2):38.243	
O1):-0.795	O2):37.945	
O1):-0.726	O2):32.917	
O1):-0.818	O2):41.764	
O1):-0.742	O2):31.602	
O1):-0.758	O2):31.864	
O1):-0.833	O2):43.534	
O1):-0.703	O2):28.06	
O1):-0.795	O2):37.126	
O1):-0.833	O2):44.086	
O1):-0.674	O2):26.72	
O1):-0.838	O2):48.51	
O1):-0.762	O2):33.53	
O1):-0.821	O2):43.704	
O1):-0.8	O2):38.432	
O1):-0.813	O2):43.811	
O1):-0.808	O2):42.141	
O1):-0.756	O2):31.812	
O1):-0.813	O2):39.436	
O1):-0.783	O2):36.437	
O1):-0.746	O2):36.617	
O1):-0.772	O2):35.304	
O1):-0.777	O2):35.723	
O1):-0.838	O2):48.459	
O1):-0.673	O2):26.725	
O1):-0.819	O2):38.721	
O1):-0.79	O2):36.866	
O1):-0.756	O2):37.489	
O1):-0.768	O2):34.654	
O1):-0.765	O2):34.569	
O1):-0.795	O2):36.846	
O1):-0.784	O2):37.428	
O1):-0.756	O2):31.812	
O1):-0.829	O2):48.53	
O1):-0.79	O2):37.627	
Starting PrismExecutor worker 5 on port 11435
O1):-0.706	O2):31.182	
O1):-0.8	O2):38.939	
O1):-0.863	O2):54.298	
O1):-0.808	O2):42.63	
O1):-0.752	O2):32.56	
Evaluations:	500
Connected worker 5 to port 11435
O1):-0.756	O2):37.049	
O1):-0.798	O2):37.919	
O1):-0.723	O2):31.284	
O1):-0.819	O2):43.451	
O1):-0.786	O2):36.812	
O1):-0.757	O2):31.774	
O1):-0.811	O2):43.501	
O1):-0.748	O2):36.442	
O1):-0.811	O2):39.354	
O1):-0.802	O2):38.845	
O1):-0.829	O2):48.402	
O1):-0.727	O2):31.021	
O1):-0.802	O2):38.845	
O1):-0.738	O2):31.903	
O1):-0.742	O2):31.602	
O1):-0.703	O2):27.257	
O1):-0.811	O2):43.027	
O1):-0.808	O2):42.63	
O1):-0.784	O2):34.023	
O1):-0.747	O2):32.623	
O1):-0.842	O2):53.255	
O1):-0.766	O2):33.339	
O1):-0.762	O2):33.54	
O1):-0.795	O2):42.592	
O1):-0.803	O2):39.547	
O1):-0.758	O2):37.065	
O1):-0.797	O2):42.816	
O1):-0.733	O2):31.794	
O1):-0.799	O2):43.272	
O1):-0.733	O2):31.794	
O1):-0.8	O2):37.383	
O1):-0.818	O2):41.727	
O1):-0.836	O2):50.668	
O1):-0.787	O2):37.55	
O1):-0.801	O2):37.661	
O1):-0.706	O2):31.182	
O1):-0.834	O2):43.418	
O1):-0.791	O2):38.107	
O1):-0.81	O2):43.497	
O1):-0.794	O2):39.948	
O1):-0.706	O2):31.182	
O1):-0.749	O2):33.085	
O1):-0.79	O2):37.686	
O1):-0.845	O2):55.038	
O1):-0.832	O2):51.639	
O1):-0.712	O2):36.566	
O1):-0.82	O2):43.979	
O1):-0.738	O2):31.903	
O1):-0.845	O2):55.038	
O1):-0.778	O2):36.486	
O1):-0.693	O2):28.113	
O1):-0.804	O2):38.562	
O1):-0.855	O2):59.424	
O1):-0.802	O2):38.845	
O1):-0.776	O2):36.245	
O1):-0.811	O2):42.782	
O1):-0.838	O2):48.457	
O1):-0.742	O2):35.23	
O1):-0.809	O2):38.46	
O1):-0.778	O2):33.169	
O1):-0.802	O2):38.845	
O1):-0.724	O2):31.186	
O1):-0.756	O2):38.561	
O1):-0.82	O2):43.465	
O1):-0.837	O2):54.282	
O1):-0.825	O2):48.284	
O1):-0.709	O2):31.078	
O1):-0.753	O2):31.785	
O1):-0.693	O2):28.113	
O1):-0.797	O2):37.783	
O1):-0.777	O2):32.856	
O1):-0.772	O2):38.104	
O1):-0.809	O2):38.469	
O1):-0.671	O2):26.478	
O1):-0.784	O2):34.064	
O1):-0.776	O2):33.558	
O1):-0.748	O2):32.768	
O1):-0.757	O2):31.767	
Starting PrismExecutor worker 5 on port 11495
O1):-0.811	O2):41.785	
O1):-0.777	O2):36.899	
Connected worker 5 to port 11495
O1):-0.764	O2):32.469	
O1):-0.781	O2):37.32	
O1):-0.759	O2):33.328	
O1):-0.834	O2):43.418	
O1):-0.825	O2):43.472	
O1):-0.781	O2):33.847	
O1):-0.782	O2):33.82	
O1):-0.82	O2):43.979	
O1):-0.79	O2):37.619	
O1):-0.76	O2):32.336	
O1):-0.727	O2):31.019	
O1):-0.813	O2):43.811	
O1):-0.8	O2):37.478	
O1):-0.673	O2):26.725	
O1):-0.703	O2):27.251	
O1):-0.803	O2):39.615	
O1):-0.784	O2):34.064	
O1):-0.805	O2):42.412	
O1):-0.665	O2):30.171	
O1):-0.794	O2):37.552	
O1):-0.764	O2):32.469	
O1):-0.802	O2):38.845	
O1):-0.785	O2):37.216	
O1):-0.766	O2):32.905	
O1):-0.796	O2):38.772	
O1):-0.797	O2):35.943	
O1):-0.772	O2):35.422	
O1):-0.803	O2):39.606	
O1):-0.764	O2):32.469	
O1):-0.829	O2):53.771	
O1):-0.802	O2):38.845	
O1):-0.808	O2):38.432	
O1):-0.772	O2):35.174	
O1):-0.834	O2):48.249	
O1):-0.807	O2):38.164	
O1):-0.836	O2):48.177	
O1):-0.808	O2):42.63	
O1):-0.707	O2):28.189	
O1):-0.673	O2):28.39	
O1):-0.706	O2):31.182	
O1):-0.801	O2):37.858	
O1):-0.781	O2):40.182	
O1):-0.753	O2):32.755	
O1):-0.776	O2):33.558	
O1):-0.838	O2):54.418	
O1):-0.762	O2):32.739	
O1):-0.706	O2):31.182	
O1):-0.811	O2):39.431	
O1):-0.786	O2):34.66	
O1):-0.795	O2):39.076	
O1):-0.777	O2):37.021	
O1):-0.771	O2):38.958	
O1):-0.758	O2):32.674	
O1):-0.74	O2):32.05	
O1):-0.785	O2):44.027	
O1):-0.812	O2):40.098	
O1):-0.777	O2):35.723	
O1):-0.812	O2):38.967	
O1):-0.786	O2):36.994	
O1):-0.789	O2):34.868	
O1):-0.724	O2):31.185	
O1):-0.833	O2):44.086	
O1):-0.82	O2):43.979	
O1):-0.807	O2):43.204	
O1):-0.833	O2):44.092	
O1):-0.841	O2):47.906	
O1):-0.817	O2):41.674	
O1):-0.837	O2):48.641	
O1):-0.8	O2):38.432	
O1):-0.825	O2):43.472	
O1):-0.781	O2):33.847	
O1):-0.705	O2):28.093	
O1):-0.761	O2):33.766	
O1):-0.776	O2):33.56	
O1):-0.797	O2):37.783	
O1):-0.807	O2):38.161	
O1):-0.819	O2):42.697	
O1):-0.836	O2):48.186	
O1):-0.697	O2):28.514	
O1):-0.723	O2):31.279	
O1):-0.791	O2):37.884	
O1):-0.787	O2):37.497	
O1):-0.811	O2):41.785	
O1):-0.799	O2):38.344	
O1):-0.772	O2):35.168	
O1):-0.833	O2):44.834	
O1):-0.78	O2):38.459	
O1):-0.719	O2):29.35	
Starting PrismExecutor worker 4 on port 11494
O1):-0.757	O2):31.767	
O1):-0.803	O2):39.547	
Connected worker 4 to port 11494
O1):-0.805	O2):48.597	
O1):-0.749	O2):33.086	
O1):-0.77	O2):42.144	
O1):-0.804	O2):38.238	
O1):-0.844	O2):49.181	
O1):-0.819	O2):42.701	
O1):-0.784	O2):37.273	
O1):-0.733	O2):31.794	
O1):-0.826	O2):47.607	
O1):-0.714	O2):31.645	
O1):-0.762	O2):32.742	
O1):-0.838	O2):48.457	
O1):-0.807	O2):38.109	
O1):-0.757	O2):32.754	
O1):-0.802	O2):39.049	
O1):-0.783	O2):38.587	
O1):-0.701	O2):30.704	
O1):-0.704	O2):28.037	
O1):-0.776	O2):33.495	
O1):-0.706	O2):31.182	
O1):-0.769	O2):34.428	
O1):-0.727	O2):31.019	
O1):-0.841	O2):48.217	
O1):-0.797	O2):37.059	
O1):-0.816	O2):37.787	
O1):-0.809	O2):38.46	
O1):-0.781	O2):33.847	
O1):-0.779	O2):33.339	
O1):-0.811	O2):41.785	
O1):-0.673	O2):28.388	
O1):-0.818	O2):43.004	
O1):-0.801	O2):37.86	
O1):-0.813	O2):39.429	
O1):-0.721	O2):29.471	
O1):-0.827	O2):44.75	
O1):-0.819	O2):43.454	
O1):-0.784	O2):34.064	
O1):-0.703	O2):27.257	
O1):-0.65	O2):26.64	
O1):-0.774	O2):36.397	
O1):-0.756	O2):36.28	
O1):-0.671	O2):30.548	
O1):-0.82	O2):43.468	
O1):-0.759	O2):32.351	
O1):-0.708	O2):28.235	
O1):-0.842	O2):53.251	
O1):-0.808	O2):42.63	
O1):-0.705	O2):28.044	
O1):-0.761	O2):33.505	
O1):-0.784	O2):34.064	
O1):-0.822	O2):43.074	
O1):-0.765	O2):39.14	
O1):-0.802	O2):39.049	
O1):-0.835	O2):44.084	
O1):-0.786	O2):33.968	
O1):-0.758	O2):32.674	
O1):-0.798	O2):37.919	
O1):-0.772	O2):33.509	
O1):-0.782	O2):33.938	
O1):-0.842	O2):53.257	
O1):-0.733	O2):31.941	
O1):-0.836	O2):48.177	
O1):-0.787	O2):37.939	
O1):-0.82	O2):43.642	
O1):-0.784	O2):36.445	
O1):-0.809	O2):38.46	
O1):-0.763	O2):37.114	
O1):-0.774	O2):36.584	
O1):-0.723	O2):31.227	
O1):-0.727	O2):31.019	
O1):-0.786	O2):34.291	
O1):-0.838	O2):54.633	
O1):-0.767	O2):34.813	
O1):-0.808	O2):42.63	
O1):-0.777	O2):35.723	
O1):-0.833	O2):44.086	
O1):-0.781	O2):33.847	
O1):-0.769	O2):35.656	
O1):-0.744	O2):30.423	
O1):-0.674	O1):-0.766	O2):27.223	
O2):32.905	
O1):-0.756	O2):31.812	
O1):-0.802	O2):38.845	
O1):-0.693	O2):28.113	
O1):-0.8	O2):38.328	
O1):-0.702	O2):32.385	
O1):-0.764	O2):32.482	
O1):-0.759	O2):32.148	
O1):-0.829	O2):48.531	
O1):-0.813	O2):39.436	
O1):-0.795	O2):35.812	
O1):-0.823	O2):43.148	
Starting PrismExecutor worker 2 on port 11422
O1):-0.816	O2):39.103	
O1):-0.829	O2):48.531	
Connected worker 2 to port 11422
O1):-0.674	O2):26.742	
O1):-0.734	O2):31.935	
O1):-0.76	O2):32.336	
O1):-0.837	O2):53.963	
O1):-0.8	O2):38.906	
O1):-0.808	O2):42.63	
O1):-0.722	O2):30.52	
O1):-0.768	O2):33.18	
O1):-0.785	O2):44.025	
O1):-0.761	O2):32.761	
O1):-0.81	O2):38.958	
O1):-0.778	O2):34.055	
O1):-0.743	O2):33.059	
Evaluations:	600
O1):-0.722	O2):30.521	
O1):-0.811	O2):39.564	
O1):-0.781	O2):33.847	
O1):-0.796	O2):37.421	
O1):-0.765	O2):37.668	
O1):-0.753	O2):34.063	
O1):-0.774	O2):35.665	
O1):-0.813	O2):39.436	
O1):-0.797	O2):37.752	
O1):-0.672	O2):27.298	
O1):-0.769	O2):32.87	
O1):-0.784	O2):34.46	
O1):-0.781	O2):38.883	
O1):-0.76	O2):32.413	
O1):-0.65	O2):26.64	
O1):-0.823	O2):43.361	
O1):-0.768	O2):33.442	
O1):-0.793	O2):37.066	
O1):-0.812	O2):44.05	
O1):-0.835	O2):49.226	
O1):-0.756	O2):31.65	
O1):-0.833	O2):44.086	
O1):-0.743	O2):33.53	
O1):-0.714	O2):31.645	
O1):-0.724	O2):31.167	
O1):-0.838	O2):48.459	
O1):-0.76	O2):33.603	
O1):-0.69	O2):30.701	
O1):-0.693	O2):28.113	
O1):-0.757	O2):32.754	
O1):-0.75	O2):32.557	
O1):-0.762	O2):33.504	
O1):-0.808	O2):42.347	
O1):-0.82	O2):43.463	
O1):-0.778	O2):33.169	
O1):-0.732	O2):31.25	
O1):-0.703	O2):28.002	
O1):-0.734	O2):31.932	
O1):-0.674	O2):27.223	
O1):-0.808	O2):42.63	
O1):-0.792	O2):37.86	
O1):-0.672	O2):27.233	
O1):-0.83	O2):44.35	
O1):-0.732	O2):31.403	
O1):-0.801	O2):37.858	
O1):-0.724	O2):31.186	
O1):-0.793	O2):43.739	
O1):-0.851	O2):48.663	
O1):-0.701	O2):27.183	
O1):-0.742	O2):35.169	
O1):-0.793	O2):36.922	
O1):-0.736	O2):32.704	
O1):-0.818	O2):44.182	
O1):-0.851	O2):48.663	
O1):-0.793	O2):36.837	
O1):-0.797	O2):37.752	
O1):-0.756	O2):32.211	
O1):-0.808	O2):42.63	
O1):-0.753	O2):36.282	
O1):-0.776	O2):35.947	
O1):-0.732	O2):33.452	
O1):-0.764	O2):32.468	
O1):-0.705	O2):28.008	
O1):-0.811	O2):39.354	
O1):-0.762	O2):32.13	
O1):-0.765	O2):34.586	
O1):-0.77	O2):33.127	
O1):-0.786	O2):34.238	
O1):-0.836	O2):48.176	
O1):-0.693	O2):28.113	
O1):-0.703	O2):28.06	
O1):-0.795	O2):37.256	
O1):-0.71	O2):30.993	
O1):-0.77	O2):33.129	
O1):-0.77	O2):34.204	
O1):-0.826	O2):44.288	
Starting PrismExecutor worker 5 on port 11485
O1):-0.812	O2):39.42	
O1):-0.761	O2):32.509	
O1):-0.71	O2):31.172	
O1):-0.784	O2):37.874	
O1):-0.802	O2):39.049	
Connected worker 5 to port 11485
O1):-0.831	O2):43.517	
O1):-0.74	O2):32.292	
O1):-0.761	O2):32.765	
O1):-0.82	O2):43.463	
O1):-0.788	O2):34.466	
O1):-0.828	O2):44.75	
O1):-0.693	O2):28.113	
O1):-0.817	O2):42.23	
O1):-0.833	O2):44.085	
O1):-0.805	O2):39.742	
O1):-0.766	O2):34.568	
O1):-0.73	O2):31.594	
O1):-0.708	O2):28.235	
Evaluations:	600
O1):-0.804	O2):38.351	
O1):-0.705	O2):28.163	
O1):-0.788	O2):34.961	
O1):-0.797	O2):37.752	
O1):-0.807	O2):38.164	
O1):-0.759	O2):32.317	
O1):-0.674	O2):26.742	
O1):-0.801	O2):37.653	
O1):-0.751	O2):37.429	
O1):-0.72	O2):29.362	
O1):-0.809	O2):38.46	
O1):-0.782	O2):33.857	
O1):-0.741	O2):32.337	
O1):-0.758	O2):32.674	
O1):-0.772	O2):35.112	
O1):-0.82	O2):43.463	
O1):-0.707	O2):27.415	
O1):-0.706	O2):31.182	
O1):-0.809	O2):39.142	
O1):-0.764	O2):37.645	
O1):-0.802	O2):38.875	
O1):-0.737	O2):31.543	
O1):-0.795	O2):38.07	
O1):-0.802	O2):38.875	
O1):-0.823	O2):43.147	
O1):-0.831	O2):63.784	
O1):-0.789	O2):37.079	
O1):-0.746	O2):36.617	
O1):-0.833	O2):44.832	
O1):-0.776	O2):33.558	
O1):-0.768	O2):34.454	
O1):-0.809	O2):38.46	
O1):-0.785	O2):36.715	
O1):-0.692	O2):30.973	
O1):-0.779	O2):33.335	
O1):-0.843	O2):49.435	
O1):-0.834	O2):48.249	
O1):-0.752	O2):32.717	
Evaluations:	600
O1):-0.765	O2):34.068	
O1):-0.785	O2):37.222	
O1):-0.693	O2):28.113	
O1):-0.746	O2):32.33	
O1):-0.835	O2):48.265	
O1):-0.793	O2):44.385	
O1):-0.786	O2):36.816	
O1):-0.797	O2):37.507	
O1):-0.809	O2):38.46	
O1):-0.757	O2):31.768	
O1):-0.763	O2):37.278	
O1):-0.797	O2):37.507	
O1):-0.761	O2):32.457	
O1):-0.764	O2):34.097	
O1):-0.806	O2):46.812	
O1):-0.7	O2):28.737	
O1):-0.674	O2):27.223	
O1):-0.816	O2):38.022	
O1):-0.753	O2):31.547	
O1):-0.76	O2):32.426	
O1):-0.724	O2):29.248	
O1):-0.739	O2):32.048	
O1):-0.764	O2):37.534	
O1):-0.793	O2):36.922	
O1):-0.665	O2):30.12	
O1):-0.723	O2):29.468	
O1):-0.728	O2):33.688	
O1):-0.802	O2):48.294	
O1):-0.822	O2):53.014	
O1):-0.812	O2):40.558	
O1):-0.723	O2):29.468	
O1):-0.851	O2):48.615	
O1):-0.826	O2):44.286	
O1):-0.779	O2):33.35	
O1):-0.781	O2):33.899	
Starting PrismExecutor worker 4 on port 11414
O1):-0.767	O2):34.188	
Connected worker 4 to port 11414
O1):-0.834	O2):49.633	
O1):-0.819	O2):38.667	
O1):-0.819	O2):38.721	
O1):-0.74	O2):32.452	
O1):-0.724	O2):31.186	
O1):-0.819	O2):38.721	
O1):-0.768	O2):32.878	
O1):-0.733	O2):32.249	
O1):-0.777	O2):39.454	
O1):-0.738	O2):31.9	
O1):-0.714	O2):31.645	
O1):-0.845	O2):55.197	
O1):-0.731	O2):31.703	
O1):-0.796	O2):38.265	
O1):-0.766	O2):32.785	
O1):-0.723	O2):31.286	
O1):-0.843	O2):49.576	
O1):-0.802	O2):38.875	
O1):-0.783	O2):34.495	
O1):-0.76	O2):32.336	
O1):-0.801	O2):42.212	
O1):-0.774	O2):36.397	
O1):-0.854	O2):49.549	
O1):-0.819	O2):38.721	
O1):-0.854	O2):59.922	
O1):-0.763	O2):35.794	
O1):-0.797	O2):37.062	
O1):-0.746	O2):31.479	
O1):-0.829	O2):48.026	
O1):-0.704	O2):28.572	
O1):-0.704	O2):28.036	
O1):-0.766	O2):34.247	
O1):-0.801	O2):37.661	
O1):-0.796	O2):38.596	
O1):-0.756	O2):32.193	
O1):-0.813	O2):43.811	
O1):-0.756	O2):36.308	
O1):-0.807	O2):38.779	
O1):-0.706	O2):31.182	
O1):-0.845	O2):52.822	
O1):-0.801	O2):37.858	
O1):-0.713	O2):34.589	
O1):-0.776	O2):33.558	
O1):-0.705	O2):28.044	
O1):-0.76	O2):33.772	
O1):-0.75	O2):32.802	
O1):-0.846	O2):53.094	
O1):-0.643	O2):26.477	
O1):-0.751	O2):32.525	
O1):-0.786	O2):34.238	
O1):-0.814	O2):44.27	
O1):-0.802	O2):38.875	
O1):-0.769	O2):38.253	
Evaluations:	600
O1):-0.744	O2):30.423	
O1):-0.851	O2):48.664	
O1):-0.817	O2):42.058	
O1):-0.721	O2):29.263	
O1):-0.761	O2):32.761	
O1):-0.748	O2):32.805	
O1):-0.778	O2):33.324	
O1):-0.82	O2):43.463	
O1):-0.707	O2):28.194	
O1):-0.809	O2):38.742	
O1):-0.784	O2):37.538	
O1):-0.821	O2):43.748	
O1):-0.82	O2):43.979	
O1):-0.801	O2):37.857	
O1):-0.759	O2):32.404	
O1):-0.82	O2):43.979	
O1):-0.809	O2):38.46	
O1):-0.691	O2):27.573	
O1):-0.82	O2):43.653	
O1):-0.726	O2):31.578	
O1):-0.81	O2):39.073	
O1):-0.74	O2):32.452	
O1):-0.716	O2):31.125	
O1):-0.822	O2):43.074	
O1):-0.765	O2):37.667	
O1):-0.692	O2):30.975	
O1):-0.733	O2):31.941	
O1):-0.757	O2):32.76	
O1):-0.749	O2):33.086	
O1):-0.714	O2):31.645	
O1):-0.773	O2):38.817	
O1):-0.826	O2):48.897	
O1):-0.819	O2):42.697	
O1):-0.819	O2):38.717	
O1):-0.768	O2):33.249	
O1):-0.769	O2):33.252	
O1):-0.811	O2):43.455	
O1):-0.762	O2):32.613	
O1):-0.796	O2):37.421	
O1):-0.77	O2):33.127	
O1):-0.777	O2):35.723	
O1):-0.758	O2):32.013	
O1):-0.741	O2):33.63	
Starting PrismExecutor worker 5 on port 11415
O1):-0.826	O2):43.085	
Evaluations:	600
O1):-0.793	O2):36.832	
O1):-0.756	O2):36.291	
Connected worker 5 to port 11415
O1):-0.772	O2):33.158	
O1):-0.79	O2):37.686	
O1):-0.819	O2):38.717	
O1):-0.757	O2):31.775	
O1):-0.816	O2):38.992	
O1):-0.806	O2):38.262	
O1):-0.834	O2):43.418	
O1):-0.727	O2):31.018	
O1):-0.776	O2):38.233	
O1):-0.776	O2):33.558	
O1):-0.774	O2):36.317	
O1):-0.769	O2):33.567	
O1):-0.766	O2):36.99	
O1):-0.828	O2):45.301	
O1):-0.788	O2):39.574	
O1):-0.825	O2):48.285	
O1):-0.828	O2):45.301	
O1):-0.692	O2):30.975	
O1):-0.811	O2):39.573	
O1):-0.8	O2):37.859	
O1):-0.834	O2):43.781	
O1):-0.722	O2):30.521	
O1):-0.769	O2):36.223	
O1):-0.821	O2):43.746	
O1):-0.808	O2):39.164	
O1):-0.834	O2):44.086	
O1):-0.723	O2):29.513	
O1):-0.801	O2):37.653	
O1):-0.732	O2):31.718	
O1):-0.833	O2):44.086	
O1):-0.806	O2):42.975	
O1):-0.783	O2):34.494	
O1):-0.819	O2):38.717	
O1):-0.813	O2):39.429	
O1):-0.75	O2):32.547	
O1):-0.801	O2):37.661	
O1):-0.789	O2):37.499	
O1):-0.835	O2):44.859	
O1):-0.841	O2):47.902	
O1):-0.788	O2):39.614	
O1):-0.711	O2):28.491	
O1):-0.756	O2):32.211	
O1):-0.777	O2):33.597	
O1):-0.8	O2):37.478	
O1):-0.755	O2):33.104	
O1):-0.771	O2):33.495	
O1):-0.823	O2):43.147	
O1):-0.827	O2):53.9	
O1):-0.775	O2):36.227	
O1):-0.753	O2):31.544	
O1):-0.805	O2):39.735	
O1):-0.818	O2):41.727	
O1):-0.751	O2):32.957	
O1):-0.674	O2):26.742	
O1):-0.82	O2):43.885	
O1):-0.695	O2):28.129	
O1):-0.819	O2):43.451	
O1):-0.836	O2):48.634	
O1):-0.845	O2):55.038	
O1):-0.706	O2):31.182	
O1):-0.809	O2):39.064	
O1):-0.809	O2):40.209	
O1):-0.761	O2):44.032	
O1):-0.82	O2):43.462	
O1):-0.831	O2):63.784	
O1):-0.744	O2):30.423	
O1):-0.727	O2):31.019	
O1):-0.782	O2):33.819	
O1):-0.672	O2):27.301	
O1):-0.747	O2):33.879	
O1):-0.801	O2):37.396	
O1):-0.768	O2):33.249	
O1):-0.817	O2):42.23	
O1):-0.727	O2):31.019	
O1):-0.814	O2):44.27	
O1):-0.789	O2):36.86	
O1):-0.706	O2):31.182	
O1):-0.785	O2):36.715	
O1):-0.826	O2):44.148	
O1):-0.796	O2):37.861	
O1):-0.797	O2):38.901	
O1):-0.763	O2):34.404	
O1):-0.761	O2):32.509	
O1):-0.756	O2):32.154	
O1):-0.707	O2):28.186	
O1):-0.808	O2):38.866	
O1):-0.819	O2):38.717	
O1):-0.669	O2):27.657	
O1):-0.833	O2):44.086	
O1):-0.757	O2):31.768	
Starting PrismExecutor worker 4 on port 11484
O1):-0.795	O2):35.813	
O1):-0.761	O2):32.761	
O1):-0.731	O2):31.462	
O1):-0.814	O2):39.776	
Connected worker 4 to port 11484
O1):-0.833	O2):43.534	
O1):-0.842	O2):49.49	
Evaluations:	600
O1):-0.846	O2):55.298	
O1):-0.716	O2):31.91	
O1):-0.746	O2):31.479	
O1):-0.833	O2):43.517	
O1):-0.765	O2):34.038	
O1):-0.742	O2):35.064	
O1):-0.826	O2):44.566	
O1):-0.776	O2):36.681	
O1):-0.815	O2):52.718	
O1):-0.776	O2):35.815	
O1):-0.801	O2):37.857	
O1):-0.731	O2):31.453	
O1):-0.762	O2):32.739	
Evaluations:	600
O1):-0.707	O2):28.147	
O1):-0.762	O2):32.625	
O1):-0.736	O2):32.86	
O1):-0.771	O2):38.959	
O1):-0.81	O2):38.958	
O1):-0.833	O2):43.532	
O1):-0.808	O2):42.63	
O1):-0.706	O2):31.182	
O1):-0.77	O2):33.129	
O1):-0.732	O2):31.403	
O1):-0.756	O2):32.211	
O1):-0.804	O2):38.351	
O1):-0.808	O2):39.221	
O1):-0.81	O2):39.087	
O1):-0.841	O2):49.287	
O1):-0.862	O2):54.149	
O1):-0.788	O2):34.466	
O1):-0.762	O2):32.637	
O1):-0.761	O2):44.021	
O1):-0.776	O2):36.255	
O1):-0.729	O2):31.451	
O1):-0.826	O2):44.571	
O1):-0.65	O2):26.64	
O1):-0.727	O2):31.286	
O1):-0.777	O2):36.024	
O1):-0.79	O2):37.686	
O1):-0.753	O2):31.904	
O1):-0.724	O2):31.186	
O1):-0.828	O2):45.467	
O1):-0.768	O2):33.242	
O1):-0.808	O2):42.63	
O1):-0.829	O2):45.34	
O1):-0.784	O2):37.254	
O1):-0.771	O2):33.119	
O1):-0.786	O2):36.81	
O1):-0.726	O2):31.376	
O1):-0.8	O2):37.729	
O1):-0.851	O2):48.663	
O1):-0.714	O2):30.663	
O1):-0.779	O2):33.235	
O1):-0.714	O2):31.649	
O1):-0.826	O2):47.721	
O1):-0.811	O2):41.785	
O1):-0.704	O2):28.575	
O1):-0.831	O2):63.786	
O1):-0.732	O2):31.25	
O1):-0.793	O2):36.922	
O1):-0.831	O2):63.784	
O1):-0.743	O2):34.644	
O1):-0.809	O2):39.069	
O1):-0.748	O2):32.532	
O1):-0.842	O2):53.251	
O1):-0.768	O2):33.105	
O1):-0.825	O2):43.693	
O1):-0.833	O2):43.531	
O1):-0.837	O2):53.631	
O1):-0.778	O2):33.167	
O1):-0.76	O2):32.413	
O1):-0.806	O2):38.618	
O1):-0.756	O2):32.193	
O1):-0.808	O2):38.44	
O1):-0.77	O2):38.415	
O1):-0.809	O2):40.215	
O1):-0.719	O2):29.332	
O1):-0.812	O2):38.915	
O1):-0.782	O2):33.938	
O1):-0.82	O2):43.463	
O1):-0.82	O2):43.463	
O1):-0.742	O2):31.602	
O1):-0.828	O2):50.357	
O1):-0.671	O2):26.478	
O1):-0.706	O2):31.182	
O1):-0.827	O2):44.776	
O1):-0.787	O2):37.572	
O1):-0.79	O2):37.621	
Starting PrismExecutor worker 0 on port 11400
O1):-0.747	O2):32.48	
Connected worker 0 to port 11400
O1):-0.806	O2):37.947	
O1):-0.702	O2):27.6	
O1):-0.703	O2):28.06	
O1):-0.702	O2):27.096	
O1):-0.803	O2):38.313	
O1):-0.818	O2):44.182	
O1):-0.809	O2):39.142	
O1):-0.746	O2):31.839	
O1):-0.74	O2):32.452	
O1):-0.842	O2):53.251	
O1):-0.693	O2):28.113	
O1):-0.814	O2):42.951	
O1):-0.77	O2):33.127	
O1):-0.756	O2):31.65	
O1):-0.793	O2):37.378	
O1):-0.858	O2):53.924	
O1):-0.738	O2):31.888	
O1):-0.782	O2):36.471	
O1):-0.829	O2):44.144	
O1):-0.671	O2):26.489	
O1):-0.814	O2):39.776	
O1):-0.833	O2):44.834	
O1):-0.789	O2):34.734	
O1):-0.707	O2):28.186	
O1):-0.734	O2):31.801	
O1):-0.71	O2):28.48	
O1):-0.785	O2):38.017	
O1):-0.766	O2):32.867	
O1):-0.776	O2):35.815	
O1):-0.834	O2):48.249	
O1):-0.802	O2):47.004	
O1):-0.798	O2):38.289	
O1):-0.77	O2):33.129	
O1):-0.796	O2):37.373	
O1):-0.778	O2):34.653	
O1):-0.746	O2):36.622	
O1):-0.818	O2):41.727	
O1):-0.775	O2):32.931	
O1):-0.811	O2):39.312	
O1):-0.767	O2):34.188	
O1):-0.672	O2):27.297	
O1):-0.768	O2):33.302	
O1):-0.802	O2):43.698	
O1):-0.732	O2):31.906	
O1):-0.784	O2):34.46	
O1):-0.808	O2):39.221	
O1):-0.797	O2):38.828	
O1):-0.816	O2):38.018	
O1):-0.81	O2):39.085	
O1):-0.821	O2):42.936	
O1):-0.71	O2):30.993	
O1):-0.754	O2):33.096	
O1):-0.719	O2):29.329	
O1):-0.818	O2):43.002	
O1):-0.714	O2):31.649	
O1):-0.674	O2):27.223	
O1):-0.703	O2):27.249	
O1):-0.781	O2):48.797	
O1):-0.764	O2):34.532	
O1):-0.723	O2):28.844	
O1):-0.798	O2):35.875	
O1):-0.674	O2):26.742	
O1):-0.797	O2):35.888	
O1):-0.703	O2):28.262	
O1):-0.757	O2):31.767	
O1):-0.771	O2):34.337	
O1):-0.714	O2):31.645	
O1):-0.826	O2):44.294	
O1):-0.722	O2):30.44	
O1):-0.782	O2):37.405	
O1):-0.794	O2):38.714	
O1):-0.767	O2):34.188	
O1):-0.739	O2):32.048	
O1):-0.833	O2):44.085	
O1):-0.843	O2):49.435	
O1):-0.77	O2):37.139	
O1):-0.768	O2):32.582	
O1):-0.733	O2):31.794	
O1):-0.708	O2):28.234	
O1):-0.707	O2):28.189	
O1):-0.782	O2):33.938	
O1):-0.776	O2):33.561	
O1):-0.838	O2):48.457	
O1):-0.862	O2):54.149	
O1):-0.82	O2):45.02	
O1):-0.763	O2):37.114	
O1):-0.751	O2):35.661	
O1):-0.798	O2):37.379	
O1):-0.811	O2):43.455	
O1):-0.752	O2):32.965	
O1):-0.756	O2):38.488	
O1):-0.742	O2):33.016	
O1):-0.825	O2):43.472	
O1):-0.776	O2):33.558	
O1):-0.732	O2):31.25	
O1):-0.811	O2):39.122	
O1):-0.809	O2):38.46	
O1):-0.777	O2):36.076	
Starting PrismExecutor worker 1 on port 11471
O1):-0.771	O2):33.967	
O1):-0.754	O2):32.932	
Starting PrismExecutor worker 0 on port 11460
O1):-0.76	O2):31.747	
Connected worker 1 to port 11471
Connected worker 0 to port 11460
O1):-0.749	O2):33.086	
O1):-0.777	O2):32.856	
O1):-0.71	O2):31.298	
O1):-0.762	O2):32.797	
O1):-0.836	O2):48.54	
O1):-0.73	O2):31.287	
O1):-0.841	O2):49.287	
O1):-0.84	O2):49.047	
O1):-0.733	O2):31.794	
O1):-0.767	O2):33.028	
O1):-0.837	O2):49.499	
O1):-0.768	O2):33.442	
O1):-0.76	O2):34.347	
O1):-0.789	O2):37.806	
O1):-0.818	O2):44.218	
O1):-0.819	O2):38.721	
O1):-0.763	O2):41.498	
O1):-0.727	O2):31.307	
Evaluations:	600
O1):-0.71	O2):30.993	
O1):-0.76	O2):32.631	
O1):-0.803	O2):42.646	
O1):-0.853	O2):49.174	
O1):-0.711	O2):28.487	
O1):-0.751	O2):32.528	
O1):-0.729	O2):31.451	
O1):-0.703	O2):28.06	
O1):-0.811	O2):41.785	
O1):-0.819	O2):43.327	
O1):-0.706	O2):31.182	
O1):-0.719	O2):29.332	
O1):-0.791	O2):37.776	
O1):-0.757	O2):31.75	
O1):-0.723	O2):28.702	
O1):-0.834	O2):48.249	
O1):-0.841	O2):49.287	
O1):-0.729	O2):31.451	
O1):-0.797	O2):37.752	
O1):-0.733	O2):35.476	
O1):-0.812	O2):38.967	
O1):-0.776	O2):33.558	
O1):-0.762	O2):34.192	
O1):-0.801	O2):37.858	
O1):-0.724	O2):28.91	
O1):-0.693	O2):28.121	
O1):-0.694	O2):27.52	
O1):-0.82	O2):43.463	
O1):-0.821	O2):43.747	
O1):-0.758	O2):34.137	
O1):-0.803	O2):39.04	
O1):-0.711	O2):28.487	
O1):-0.797	O2):45.669	
O1):-0.757	O2):33.079	
O1):-0.79	O2):39.55	
O1):-0.82	O2):43.462	
O1):-0.753	O2):31.904	
O1):-0.826	O2):44.286	
O1):-0.742	O2):31.602	
O1):-0.843	O2):58.336	
O1):-0.809	O2):38.46	
O1):-0.777	O2):37.521	
O1):-0.784	O2):34.023	
O1):-0.707	O2):28.189	
O1):-0.787	O2):34.931	
O1):-0.671	O2):26.515	
O1):-0.82	O2):43.636	
O1):-0.826	O2):44.288	
O1):-0.71	O2):30.993	
O1):-0.782	O2):33.938	
O1):-0.816	O2):38.022	
O1):-0.748	O2):33.242	
O1):-0.82	O2):43.885	
O1):-0.837	O2):48.641	
O1):-0.757	O2):31.767	
O1):-0.788	O2):43.468	
O1):-0.714	O2):30.826	
O1):-0.704	O2):28.037	
O1):-0.772	O2):33.509	
O1):-0.819	O2):38.721	
O1):-0.693	O2):28.113	
O1):-0.811	O2):41.785	
O1):-0.749	O2):32.714	
O1):-0.763	O2):34.313	
O1):-0.828	O2):43.329	
O1):-0.801	O2):37.858	
O1):-0.709	O2):31.078	
O1):-0.813	O2):43.941	
O1):-0.711	O2):30.877	
O1):-0.77	O2):33.129	
O1):-0.843	O2):49.435	
O1):-0.746	O2):31.479	
O1):-0.834	O2):49.735	
O1):-0.74	O2):32.292	
O1):-0.826	O2):44.288	
O1):-0.82	O2):43.463	
O1):-0.795	O2):38.731	
O1):-0.807	O2):38.109	
O1):-0.776	O2):35.815	
O1):-0.822	O2):53.108	
O1):-0.817	O2):43.043	
O1):-0.71	O2):30.993	
O1):-0.731	O2):31.828	
O1):-0.764	O2):32.469	
O1):-0.843	O2):49.435	
O1):-0.809	O2):38.46	
O1):-0.772	O2):33.509	
O1):-0.706	O2):34.018	
O1):-0.845	O2):49.387	
O1):-0.727	O2):32.21	
O1):-0.822	O2):43.074	
O1):-0.862	O2):54.149	
O1):-0.862	O2):54.149	
O1):-0.822	O2):43.076	
O1):-0.776	O2):33.579	
O1):-0.802	O2):38.845	
O1):-0.802	O2):38.258	
O1):-0.744	O2):30.424	
O1):-0.777	O2):33.604	
O1):-0.823	O2):43.147	
O1):-0.769	O2):34.297	
O1):-0.8	O2):38.432	
O1):-0.833	O2):44.818	
O1):-0.756	O2):32.211	
O1):-0.81	O2):39.085	
O1):-0.81	O2):39.084	
O1):-0.841	O2):47.906	
O1):-0.81	O2):43.498	
O1):-0.808	O2):42.63	
O1):-0.761	O2):32.785	
O1):-0.781	O2):33.847	
O1):-0.835	O2):48.265	
O1):-0.777	O2):35.723	
O1):-0.812	O2):38.915	
O1):-0.834	O2):48.249	
O1):-0.756	O2):32.193	
O1):-0.702	O2):27.433	
O1):-0.816	O2):37.787	
O1):-0.693	O2):28.121	
O1):-0.756	O2):32.768	
O1):-0.738	O2):31.734	
O1):-0.81	O2):39.179	
O1):-0.772	O2):35.112	
O1):-0.674	O2):26.742	
O1):-0.842	O2):53.251	
O1):-0.766	O2):35.062	
O1):-0.82	O2):43.885	
O1):-0.759	O2):32.404	
O1):-0.665	O2):30.143	
O1):-0.71	O2):30.993	
O1):-0.821	O2):43.91	
O1):-0.769	O2):32.619	
O1):-0.808	O2):38.432	
O1):-0.731	O2):31.621	
O1):-0.674	O2):27.223	
O1):-0.674	O2):26.72	
O1):-0.764	O2):32.202	
O1):-0.836	O2):48.635	
O1):-0.777	O2):37.044	
O1):-0.828	O2):43.652	
O1):-0.802	O2):38.845	
O1):-0.764	O2):34.532	
O1):-0.811	O2):41.785	
O1):-0.772	O2):33.509	
O1):-0.769	O2):33.431	
O1):-0.674	O2):26.742	
O1):-0.673	O2):26.725	
O1):-0.742	O2):34.948	
O1):-0.753	O2):31.547	
O1):-0.798	O2):42.788	
O1):-0.779	O2):33.559	
O1):-0.824	O2):48.468	
O1):-0.774	O2):35.657	
O1):-0.779	O2):33.574	
O1):-0.793	O2):37.064	
O1):-0.701	O2):30.704	
O1):-0.739	O2):32.74	
O1):-0.798	O2):37.379	
O1):-0.724	O2):31.185	
O1):-0.777	O2):32.855	
O1):-0.845	O2):55.198	
O1):-0.744	O2):30.401	
O1):-0.784	O2):46.875	
O1):-0.837	O2):53.964	
O1):-0.828	O2):44.07	
O1):-0.808	O2):42.63	
O1):-0.793	O2):38.09	
O1):-0.779	O2):33.541	
O1):-0.786	O2):33.968	
O1):-0.768	O2):39.331	
O1):-0.841	O2):47.901	
O1):-0.784	O2):34.453	
O1):-0.777	O2):35.723	
O1):-0.804	O2):41.613	
O1):-0.825	O2):43.792	
O1):-0.746	O2):31.479	
O1):-0.781	O2):33.847	
O1):-0.808	O2):39.554	
O1):-0.707	O2):28.199	
O1):-0.816	O2):39.102	
O1):-0.809	O2):38.515	
O1):-0.693	O2):28.113	
O1):-0.743	O2):34.445	
O1):-0.742	O2):35.169	
Starting PrismExecutor worker 1 on port 11401
O1):-0.762	O2):33.53	
O1):-0.745	O2):33.495	
O1):-0.78	O2):43.198	
Connected worker 1 to port 11401
O1):-0.758	O2):32.013	
O1):-0.815	O2):47.437	
O1):-0.814	O2):53.098	
O1):-0.777	O2):35.723	
O1):-0.793	O2):37.804	
O1):-0.764	O2):32.469	
O1):-0.71	O2):30.993	
O1):-0.706	O2):31.182	
O1):-0.703	O2):28.067	
O1):-0.764	O2):34.532	
O1):-0.823	O2):43.129	
O1):-0.755	O2):33.098	
O1):-0.742	O2):33.593	
O1):-0.703	O2):28.06	
O1):-0.71	O2):27.748	
O1):-0.76	O2):32.237	
O1):-0.833	O2):44.086	
O1):-0.815	O2):37.834	
O1):-0.834	O2):48.249	
O1):-0.805	O2):42.869	
O1):-0.829	O2):44.107	
O1):-0.708	O2):28.229	
O1):-0.818	O2):42.227	
O1):-0.759	O2):32.148	
O1):-0.82	O2):43.463	
O1):-0.78	O2):45.067	
O1):-0.816	O2):39.103	
O1):-0.721	O2):28.63	
O1):-0.714	O2):31.645	
O1):-0.826	O2):44.288	
O1):-0.776	O2):33.495	
O1):-0.703	O2):28.06	
O1):-0.709	O2):28.524	
O1):-0.771	O2):36.789	
O1):-0.693	O2):28.113	
O1):-0.785	O2):34.549	
O1):-0.788	O2):37.719	
O1):-0.799	O2):37.303	
O1):-0.763	O2):32.839	
O1):-0.817	O2):43.043	
Evaluations:	700
O1):-0.827	O2):53.897	
O1):-0.762	O2):33.504	
O1):-0.776	O2):32.898	
O1):-0.809	O2):38.46	
O1):-0.764	O2):32.212	
O1):-0.81	O2):39.087	
O1):-0.778	O2):33.51	
O1):-0.815	O2):52.718	
O1):-0.782	O2):33.939	
O1):-0.816	O2):38.992	
O1):-0.742	O2):31.602	
O1):-0.793	O2):38.51	
O1):-0.674	O2):26.742	
O1):-0.753	O2):31.904	
O1):-0.705	O2):28.093	
O1):-0.775	O2):33.853	
O1):-0.671	O2):26.478	
O1):-0.802	O2):37.866	
O1):-0.734	O2):32.256	
O1):-0.808	O2):38.435	
O1):-0.825	O2):43.472	
O1):-0.776	O2):35.815	
O1):-0.784	O2):33.752	
O1):-0.761	O2):44.02	
O1):-0.671	O2):26.478	
O1):-0.834	O2):54.518	
O1):-0.739	O2):32.048	
O1):-0.765	O2):34.068	
O1):-0.793	O2):37.095	
O1):-0.706	O2):31.135	
O1):-0.727	O2):31.018	
O1):-0.72	O2):29.068	
O1):-0.801	O2):37.857	
O1):-0.833	O2):43.516	
O1):-0.841	O2):47.906	
O1):-0.768	O2):33.442	
O1):-0.762	O2):32.745	
O1):-0.672	O2):27.297	
O1):-0.816	O2):39.103	
O1):-0.76	O2):32.374	
O1):-0.858	O2):53.926	
O1):-0.826	O2):44.288	
O1):-0.764	O2):32.386	
O1):-0.672	O2):27.298	
O1):-0.854	O2):59.922	
O1):-0.689	O2):27.076	
O1):-0.79	O2):37.686	
O1):-0.719	O2):29.328	
O1):-0.734	O2):32.119	
O1):-0.788	O2):49.867	
O1):-0.793	O2):37.699	
O1):-0.81	O2):39.085	
O1):-0.788	O2):34.986	
O1):-0.703	O2):27.257	
O1):-0.838	O2):48.459	
O1):-0.843	O2):49.435	
O1):-0.778	O2):36.486	
O1):-0.806	O2):38.618	
O1):-0.739	O2):32.04	
Starting PrismExecutor worker 2 on port 11402
Starting PrismExecutor worker 3 on port 11403
O1):-0.79	O2):37.69	
O1):-0.8	O2):37.478	
O1):-0.711	O2):28.487	
Connected worker 2 to port 11402
O1):-0.809	O2):38.46	
Connected worker 3 to port 11403
O1):-0.8	O2):38.483	
O1):-0.781	O2):33.847	
O1):-0.822	O2):43.074	
O1):-0.763	O2):34.153	
O1):-0.835	O2):44.084	
O1):-0.727	O2):31.018	
O1):-0.797	O2):37.059	
O1):-0.834	O2):44.086	
O1):-0.776	O2):35.947	
O1):-0.714	O2):31.645	
O1):-0.795	O2):37.945	
O1):-0.693	O2):28.113	
O1):-0.795	O2):37.256	
O1):-0.79	O2):37.688	
O1):-0.782	O2):34.184	
Evaluations:	600
O1):-0.795	O2):36.842	
O1):-0.757	O2):36.516	
O1):-0.841	O2):47.906	
O1):-0.823	O2):43.147	
O1):-0.827	O2):44.774	
O1):-0.761	O2):32.457	
O1):-0.765	O2):32.586	
O1):-0.692	O2):27.59	
O1):-0.785	O2):34.449	
O1):-0.791	O2):37.78	
O1):-0.828	O2):45.467	
O1):-0.727	O2):29.333	
O1):-0.822	O2):43.074	
O1):-0.78	O2):33.86	
O1):-0.834	O2):48.249	
O1):-0.703	O2):28.06	
O1):-0.818	O2):41.764	
O1):-0.776	O2):35.947	
O1):-0.815	O2):43.124	
O1):-0.703	O2):28.061	
O1):-0.674	O2):27.223	
O1):-0.795	O2):36.827	
O1):-0.759	O2):33.285	
O1):-0.763	O2):33.636	
O1):-0.833	O2):43.531	
O1):-0.809	O2):38.46	
O1):-0.764	O2):32.206	
O1):-0.841	O2):48.218	
O1):-0.778	O2):33.169	
O1):-0.762	O2):32.131	
O1):-0.8	O2):37.383	
O1):-0.772	O2):35.112	
O1):-0.746	O2):35.776	
O1):-0.742	O2):31.597	
O1):-0.726	O2):30.946	
O1):-0.842	O2):53.251	
O1):-0.825	O2):42.505	
O1):-0.734	O2):32.038	
O1):-0.774	O2):37.954	
O1):-0.818	O2):41.727	
O1):-0.775	O2):32.926	
O1):-0.833	O2):44.833	
O1):-0.713	O2):31.22	
O1):-0.746	O2):36.609	
O1):-0.728	O2):29.298	
O1):-0.701	O2):30.704	
O1):-0.777	O2):35.887	
O1):-0.813	O2):39.513	
O1):-0.777	O2):36.012	
O1):-0.732	O2):31.403	
O1):-0.815	O2):43.172	
O1):-0.804	O2):38.211	
O1):-0.822	O2):63.928	
O1):-0.836	O2):48.634	
O1):-0.833	O2):47.593	
O1):-0.786	O2):36.81	
O1):-0.744	O2):30.401	
O1):-0.814	O2):39.776	
O1):-0.673	O2):26.725	
O1):-0.808	O2):42.63	
Evaluations:	600
O1):-0.79	O2):37.69	
O1):-0.825	O2):43.47	
O1):-0.693	O2):28.113	
O1):-0.761	O2):32.761	
O1):-0.77	O2):36.269	
O1):-0.734	O2):32.12	
O1):-0.749	O2):32.663	
O1):-0.814	O2):42.951	
O1):-0.704	O2):28.037	
O1):-0.746	O2):32.33	
O1):-0.798	O2):38.11	
O1):-0.789	O2):43.685	
O1):-0.81	O2):39.276	
O1):-0.692	O2):31.069	
O1):-0.786	O2):34.236	
O1):-0.787	O2):38.117	
O1):-0.762	O2):37.405	
O1):-0.8	O2):37.734	
O1):-0.801	O2):37.857	
O1):-0.776	O2):33.495	
O1):-0.825	O2):53.571	
O1):-0.836	O2):48.634	
O1):-0.755	O2):33.1	
O1):-0.702	O2):27.432	
O1):-0.764	O2):32.174	
O1):-0.841	O2):49.289	
O1):-0.764	O2):33.123	
O1):-0.807	O2):38.109	
O1):-0.732	O2):32.457	
O1):-0.809	O2):38.46	
O1):-0.822	O2):53.014	
O1):-0.762	O2):32.742	
O1):-0.806	O2):38.938	
O1):-0.727	O2):31.018	
O1):-0.791	O2):34.472	
O1):-0.777	O2):36.811	
O1):-0.757	O2):36.516	
O1):-0.693	O2):28.113	
O1):-0.746	O2):33.885	
O1):-0.82	O2):43.989	
O1):-0.773	O2):38.817	
O1):-0.777	O2):38.531	
O1):-0.693	O2):28.113	
O1):-0.79	O2):37.496	
O1):-0.762	O2):43.642	
O1):-0.811	O2):39.354	
O1):-0.841	O2):48.219	
O1):-0.797	O2):35.943	
O1):-0.771	O2):33.991	
O1):-0.826	O2):43.064	
O1):-0.826	O2):44.148	
O1):-0.704	O2):28.03	
O1):-0.776	O2):36.681	
O1):-0.704	O2):31.775	
O1):-0.809	O2):39.035	
O1):-0.811	O2):39.36	
O1):-0.801	O2):37.86	
O1):-0.775	O2):36.289	
O1):-0.806	O2):38.773	
O1):-0.801	O2):45.486	
O1):-0.826	O2):44.288	
O1):-0.81	O2):42.364	
O1):-0.811	O2):39.359	
O1):-0.808	O2):38.48	
O1):-0.742	O2):31.602	
O1):-0.705	O2):34.973	
O1):-0.785	O2):37.503	
O1):-0.764	O2):32.465	
O1):-0.737	O2):31.843	
O1):-0.781	O2):33.849	
O1):-0.734	O2):31.944	
O1):-0.796	O2):37.373	
O1):-0.818	O2):41.727	
O1):-0.703	O2):27.251	
O1):-0.809	O2):38.742	
O1):-0.796	O2):38.265	
O1):-0.71	O2):30.993	
O1):-0.82	O2):43.977	
O1):-0.782	O2):34.137	
O1):-0.771	O2):36.325	
O1):-0.84	O2):48.159	
O1):-0.766	O2):32.867	
O1):-0.802	O2):38.845	
Evaluations:	700
O1):-0.731	O2):31.455	
O1):-0.845	O2):55.037	
Evaluations:	700
O1):-0.782	O2):33.879	
O1):-0.834	O2):43.418	
O1):-0.751	O2):32.525	
O1):-0.834	O2):48.249	
O1):-0.714	O2):31.645	
O1):-0.799	O2):38.629	
O1):-0.806	O2):44.109	
O1):-0.823	O2):43.361	
O1):-0.74	O2):32.561	
O1):-0.78	O2):45.067	
O1):-0.826	O2):44.288	
O1):-0.834	O2):44.986	
O1):-0.817	O2):50.256	
O1):-0.817	O2):37.909	
O1):-0.693	O2):28.113	
O1):-0.81	O2):39.072	
O1):-0.756	O2):32.193	
O1):-0.744	O2):30.423	
O1):-0.862	O2):54.149	
O1):-0.835	O2):48.265	
O1):-0.845	O2):54.039	
O1):-0.813	O2):39.809	
O1):-0.706	O2):31.182	
O1):-0.693	O2):28.113	
O1):-0.739	O2):32.04	
O1):-0.761	O2):32.509	
O1):-0.734	O2):31.677	
O1):-0.703	O2):27.257	
O1):-0.781	O2):48.776	
O1):-0.751	O2):32.525	
O1):-0.819	O2):42.626	
O1):-0.751	O2):32.525	
O1):-0.762	O2):33.888	
O1):-0.746	O2):32.33	
O1):-0.807	O2):38.109	
O1):-0.777	O2):35.749	
O1):-0.785	O2):37.972	
O1):-0.703	O2):28.262	
O1):-0.779	O2):33.339	
Starting PrismExecutor worker 5 on port 11425
Starting PrismExecutor worker 5 on port 11465
O1):-0.776	O2):33.558	
O1):-0.759	O2):34.416	
O1):-0.827	O2):44.754	
O1):-0.833	O2):44.086	
O1):-0.833	O2):44.086	
O1):-0.797	O2):37.752	
Connected worker 5 to port 11425
Connected worker 5 to port 11465
O1):-0.822	O2):43.074	
O1):-0.825	O2):42.504	
O1):-0.671	O2):26.53	
O1):-0.818	O2):41.742	
O1):-0.776	O2):33.495	
O1):-0.841	O2):48.062	
O1):-0.791	O2):34.472	
O1):-0.702	O2):27.096	
O1):-0.793	O2):37.415	
O1):-0.778	O2):34.081	
O1):-0.838	O2):48.458	
O1):-0.785	O2):36.722	
O1):-0.822	O2):43.723	
O1):-0.835	O2):48.076	
O1):-0.833	O2):44.086	
O1):-0.828	O2):44.027	
O1):-0.771	O2):33.495	
O1):-0.81	O2):39.071	
O1):-0.756	O2):31.812	
O1):-0.785	O2):37.42	
O1):-0.837	O2):48.641	
O1):-0.837	O2):53.211	
O1):-0.828	O2):43.652	
O1):-0.674	O2):26.72	
O1):-0.819	O2):38.717	
O1):-0.788	O2):37.712	
O1):-0.746	O2):31.839	
O1):-0.762	O2):32.625	
O1):-0.826	O2):47.607	
O1):-0.761	O2):32.68	
O1):-0.673	O2):26.725	
O1):-0.798	O2):37.379	
O1):-0.761	O2):31.875	
O1):-0.784	O2):34.453	
O1):-0.781	O2):33.828	
O1):-0.818	O2):44.182	
O1):-0.822	O2):43.074	
O1):-0.862	O2):54.151	
O1):-0.826	O2):44.288	
O1):-0.718	O2):28.61	
O1):-0.739	O2):32.048	
O1):-0.653	O2):26.458	
O1):-0.724	O2):29.248	
O1):-0.782	O2):33.938	
O1):-0.83	O2):44.35	
Evaluations:	700
O1):-0.722	O2):29.386	
O1):-0.786	O2):33.968	
O1):-0.788	O2):34.466	
O1):-0.738	O2):31.896	
O1):-0.804	O2):38.351	
O1):-0.706	O2):31.182	
O1):-0.826	O2):43.085	
O1):-0.789	O2):33.971	
O1):-0.817	O2):43.074	
O1):-0.778	O2):37.119	
O1):-0.781	O2):33.841	
O1):-0.789	O2):36.86	
O1):-0.753	O2):31.547	
O1):-0.672	O2):27.298	
O1):-0.752	O2):32.681	
O1):-0.851	O2):48.665	
O1):-0.797	O2):37.059	
O1):-0.756	O2):32.846	
O1):-0.835	O2):44.385	
O1):-0.799	O2):37.303	
O1):-0.835	O2):44.96	
O1):-0.816	O2):38.99	
O1):-0.708	O2):28.234	
O1):-0.671	O2):26.489	
O1):-0.792	O2):35.744	
O1):-0.777	O2):35.723	
O1):-0.806	O2):38.935	
O1):-0.788	O2):37.719	
O1):-0.746	O2):31.839	
O1):-0.833	O2):44.086	
O1):-0.683	O2):27.57	
O1):-0.826	O2):44.148	
O1):-0.727	O2):31.019	
O1):-0.74	O2):34.869	
O1):-0.71	O2):27.747	
O1):-0.853	O2):49.174	
O1):-0.836	O2):49.89	
O1):-0.734	O2):32.293	
O1):-0.707	O2):28.187	
O1):-0.838	O2):48.457	
O1):-0.756	O2):31.62	
O1):-0.762	O2):32.613	
O1):-0.808	O2):40.153	
O1):-0.759	O2):32.351	
O1):-0.81	O2):39.085	
O1):-0.862	O2):54.152	
O1):-0.824	O2):48.468	
O1):-0.738	O2):31.903	
O1):-0.803	O2):38.256	
O1):-0.781	O2):33.846	
O1):-0.858	O2):53.924	
O1):-0.71	O2):30.993	
O1):-0.79	O2):39.916	
O1):-0.759	O2):32.317	
O1):-0.819	O2):38.667	
O1):-0.785	O2):36.715	
O1):-0.762	O2):32.123	
O1):-0.854	O2):54.891	
O1):-0.765	O2):33.981	
O1):-0.85	O2):53.993	
O1):-0.805	O2):38.844	
O1):-0.82	O2):43.04	
O1):-0.672	O2):27.298	
O1):-0.841	O2):49.287	
O1):-0.643	O2):26.472	
O1):-0.831	O2):43.517	
O1):-0.73	O2):31.594	
O1):-0.802	O2):39.042	
O1):-0.8	O2):37.383	
O1):-0.674	O2):27.222	
O1):-0.778	O2):33.324	
O1):-0.818	O2):41.727	
O1):-0.77	O2):35.023	
O1):-0.779	O2):40.632	
O1):-0.791	O2):34.472	
O1):-0.796	O2):36.962	
O1):-0.811	O2):39.122	
O1):-0.804	O2):38.562	
O1):-0.835	O2):43.821	
O1):-0.783	O2):36.592	
O1):-0.811	O2):39.122	
O1):-0.77	O2):35.018	
O1):-0.81	O2):38.927	
O1):-0.704	O2):28.34	
O1):-0.76	O2):32.336	
O1):-0.779	O2):33.335	
O1):-0.772	O2):35.112	
O1):-0.777	O2):35.723	
O1):-0.811	O2):43.027	
O1):-0.779	O2):37.783	
O1):-0.76	O2):32.33	
O1):-0.828	O2):45.477	
O1):-0.842	O2):53.251	
O1):-0.787	O2):34.672	
O1):-0.814	O2):39.776	
O1):-0.811	O2):40.744	
O1):-0.752	O2):36.592	
O1):-0.838	O2):48.459	
O1):-0.755	O2):32.991	
O1):-0.795	O2):36.832	
O1):-0.73	O2):31.594	
O1):-0.772	O2):33.158	
O1):-0.669	O2):27.658	
O1):-0.813	O2):39.435	
O1):-0.803	O2):43.104	
O1):-0.81	O2):43.497	
O1):-0.734	O2):32.038	
O1):-0.832	O2):51.64	
O1):-0.787	O2):36.957	
O1):-0.853	O2):49.174	
O1):-0.703	O2):28.06	
O1):-0.845	O2):49.491	
O1):-0.672	O2):27.298	
O1):-0.764	O2):32.465	
O1):-0.789	O2):37.481	
O1):-0.674	O2):26.72	
O1):-0.706	O2):31.182	
Evaluations:	700
O1):-0.775	O2):32.926	
O1):-0.82	O2):38.886	
O1):-0.801	O2):37.857	
O1):-0.727	O2):31.018	
O1):-0.835	O2):44.859	
O1):-0.782	O2):33.938	
O1):-0.672	O2):27.233	
O1):-0.802	O2):38.875	
O1):-0.757	O2):33.465	
O1):-0.782	O2):33.819	
O1):-0.825	O2):43.472	
O1):-0.76	O2):32.413	
O1):-0.726	O2):31.376	
O1):-0.797	O2):37.752	
O1):-0.859	O2):53.257	
O1):-0.726	O2):31.577	
O1):-0.743	O2):33.067	
O1):-0.825	O2):43.472	
O1):-0.833	O2):44.086	
O1):-0.762	O2):32.742	
O1):-0.753	O2):31.904	
O1):-0.829	O2):53.771	
O1):-0.772	O2):35.112	
O1):-0.792	O2):37.018	
O1):-0.785	O2):37.86	
O1):-0.703	O2):28.06	
O1):-0.767	O2):34.815	
O1):-0.82	O2):43.554	
O1):-0.748	O2):31.433	
O1):-0.809	O2):38.742	
O1):-0.818	O2):41.727	
O1):-0.807	O2):39.035	
O1):-0.779	O2):33.53	
O1):-0.765	O2):33.981	
O1):-0.797	O2):37.408	
O1):-0.829	O2):53.771	
O1):-0.826	O2):44.571	
O1):-0.739	O2):32.047	
O1):-0.732	O2):31.908	
O1):-0.757	O2):32.578	
O1):-0.828	O2):43.324	
O1):-0.791	O2):37.977	
O1):-0.762	O2):32.13	
O1):-0.735	O2):31.875	
O1):-0.811	O2):39.594	
Starting PrismExecutor worker 4 on port 11424
O1):-0.767	O2):34.82	
O1):-0.673	O2):26.725	
O1):-0.702	O2):27.096	
O1):-0.824	O2):48.47	
Connected worker 4 to port 11424
O1):-0.802	O2):37.866	
O1):-0.708	O2):28.219	
O1):-0.724	O2):29.263	
O1):-0.779	O2):33.339	
O1):-0.789	O2):34.868	
O1):-0.71	O2):31.172	
O1):-0.814	O2):44.27	
O1):-0.721	O2):29.263	
O1):-0.766	O2):48.019	
O1):-0.762	O2):32.766	
O1):-0.821	O2):43.089	
O1):-0.762	O2):32.566	
O1):-0.759	O2):32.351	
O1):-0.713	O2):30.515	
O1):-0.779	O2):37.783	
O1):-0.797	O2):35.888	
O1):-0.776	O2):33.558	
O1):-0.795	O2):36.824	
O1):-0.777	O2):35.723	
O1):-0.746	O2):32.33	
O1):-0.755	O2):32.991	
O1):-0.671	O2):26.489	
O1):-0.778	O2):33.169	
O1):-0.738	O2):31.734	
O1):-0.768	O2):32.878	
O1):-0.761	O2):32.457	
O1):-0.811	O2):39.354	
O1):-0.729	O2):31.451	
O1):-0.811	O2):39.537	
O1):-0.746	O2):31.839	
O1):-0.838	O2):48.457	
O1):-0.694	O2):27.52	
O1):-0.804	O2):38.351	
O1):-0.791	O2):41.432	
O1):-0.822	O2):43.074	
O1):-0.836	O2):48.177	
O1):-0.721	O2):29.277	
O1):-0.817	O2):37.909	
O1):-0.742	O2):33.54	
O1):-0.796	O2):38.596	
O1):-0.703	O2):27.249	
O1):-0.835	O2):49.528	
O1):-0.713	O2):31.22	
O1):-0.766	O2):32.905	
O1):-0.772	O2):35.304	
O1):-0.74	O2):32.292	
O1):-0.742	O2):34.947	
O1):-0.82	O2):42.709	
O1):-0.761	O2):32.46	
O1):-0.756	O2):32.154	
O1):-0.776	O2):35.907	
O1):-0.853	O2):49.174	
O1):-0.781	O2):33.846	
O1):-0.776	O2):33.495	
O1):-0.8	O2):37.532	
O1):-0.738	O2):32.065	
O1):-0.671	O2):26.515	
O1):-0.836	O2):48.177	
O1):-0.821	O2):43.748	
O1):-0.77	O2):36.781	
O1):-0.842	O2):53.251	
O1):-0.81	O2):39.084	
O1):-0.673	O2):26.725	
O1):-0.774	O2):36.584	
O1):-0.82	O2):43.04	
O1):-0.834	O2):43.418	
O1):-0.793	O2):39.241	
O1):-0.74	O2):33.597	
O1):-0.811	O2):39.538	
O1):-0.746	O2):31.839	
O1):-0.841	O2):48.219	
O1):-0.727	O2):29.333	
O1):-0.779	O2):36.736	
O1):-0.755	O2):33.358	
O1):-0.674	O2):26.742	
O1):-0.777	O2):37.07	
O1):-0.801	O2):37.688	
O1):-0.776	O2):33.558	
O1):-0.82	O2):43.385	
O1):-0.763	O2):34.151	
O1):-0.762	O2):32.614	
O1):-0.759	O2):32.148	
O1):-0.769	O2):33.252	
O1):-0.801	O2):38.243	
O1):-0.727	O2):31.02	
O1):-0.838	O2):48.457	
O1):-0.808	O2):38.867	
O1):-0.772	O2):37.49	
O1):-0.805	O2):38.332	
O1):-0.804	O2):38.351	
O1):-0.708	O2):28.453	
O1):-0.756	O2):36.549	
O1):-0.827	O2):44.097	
O1):-0.742	O2):31.602	
O1):-0.759	O2):34.099	
O1):-0.798	O2):37.379	
O1):-0.823	O2):43.129	
O1):-0.802	O2):38.258	
O1):-0.833	O2):44.818	
O1):-0.788	O2):38.832	
O1):-0.813	O2):39.515	
O1):-0.835	O2):44.084	
O1):-0.833	O2):44.832	
O1):-0.845	O2):55.037	
O1):-0.764	O2):32.573	
O1):-0.79	O2):37.686	
O1):-0.76	O2):32.413	
O1):-0.776	O2):33.495	
Starting PrismExecutor worker 0 on port 11470
O1):-0.761	O2):32.509	
O1):-0.784	O2):34.661	
O1):-0.784	O2):38.431	
Connected worker 0 to port 11470
O1):-0.756	O2):31.62	
O1):-0.781	O2):33.847	
O1):-0.775	O2):32.883	
O1):-0.779	O2):33.335	
O1):-0.753	O2):31.547	
O1):-0.798	O2):37.379	
O1):-0.723	O2):28.688	
O1):-0.82	O2):43.642	
Evaluations:	700
O1):-0.782	O2):33.819	
O1):-0.671	O2):26.489	
O1):-0.724	O2):28.91	
O1):-0.842	O2):53.251	
O1):-0.76	O2):32.413	
O1):-0.854	O2):54.306	
O1):-0.714	O2):31.645	
O1):-0.81	O2):39.085	
O1):-0.798	O2):37.379	
O1):-0.821	O2):43.746	
O1):-0.834	O2):43.874	
O1):-0.791	O2):37.807	
O1):-0.825	O2):43.472	
O1):-0.817	O2):37.909	
O1):-0.76	O2):32.413	
O1):-0.762	O2):32.743	
O1):-0.738	O2):31.903	
O1):-0.76	O2):32.336	
O1):-0.734	O2):32.008	
O1):-0.782	O2):33.782	
O1):-0.721	O2):29.263	
O1):-0.745	O2):37.279	
O1):-0.779	O2):33.475	
O1):-0.764	O2):34.531	
O1):-0.673	O2):26.725	
O1):-0.814	O2):44.27	
O1):-0.764	O2):32.468	
O1):-0.793	O2):37.338	
O1):-0.793	O2):44.385	
O1):-0.8	O2):37.377	
O1):-0.783	O2):36.437	
Evaluations:	700
O1):-0.697	O2):28.513	
O1):-0.794	O2):37.556	
O1):-0.843	O2):49.435	
O1):-0.834	O2):48.249	
O1):-0.727	O2):31.018	
O1):-0.757	O2):31.767	
O1):-0.796	O2):37.373	
O1):-0.785	O2):38.79	
O1):-0.726	O2):31.376	
O1):-0.776	O2):35.815	
O1):-0.782	O2):33.82	
O1):-0.819	O2):38.717	
O1):-0.719	O2):29.347	
O1):-0.776	O2):33.495	
O1):-0.834	O2):43.419	
O1):-0.788	O2):37.555	
O1):-0.777	O2):36.076	
O1):-0.841	O2):47.902	
O1):-0.776	O2):36.229	
O1):-0.762	O2):32.637	
O1):-0.761	O2):32.509	
O1):-0.735	O2):31.868	
O1):-0.737	O2):32.432	
O1):-0.761	O2):33.501	
O1):-0.845	O2):55.037	
O1):-0.826	O2):44.148	
O1):-0.708	O2):27.915	
O1):-0.81	O2):38.958	
O1):-0.831	O2):43.516	
O1):-0.841	O2):47.906	
O1):-0.694	O2):27.52	
O1):-0.753	O2):31.904	
O1):-0.805	O2):50.427	
O1):-0.731	O2):31.521	
O1):-0.827	O2):44.097	
O1):-0.814	O2):39.77	
O1):-0.708	O2):28.229	
O1):-0.697	O2):28.513	
O1):-0.8	O2):37.383	
O1):-0.669	O2):27.657	
O1):-0.725	O2):31.501	
O1):-0.771	O2):38.952	
O1):-0.834	O2):48.249	
O1):-0.81	O2):38.958	
O1):-0.806	O2):38.944	
O1):-0.781	O2):33.828	
O1):-0.746	O2):31.479	
O1):-0.8	O2):37.478	
O1):-0.746	O2):31.479	
O1):-0.836	O2):45.733	
O1):-0.819	O2):38.717	
O1):-0.842	O2):53.251	
O1):-0.792	O2):37.03	
O1):-0.775	O2):36.015	
O1):-0.779	O2):40.635	
O1):-0.797	O2):35.888	
O1):-0.833	O2):44.832	
O1):-0.76	O2):32.336	
O1):-0.683	O2):30.795	
O1):-0.812	O2):42.961	
O1):-0.803	O2):38.313	
O1):-0.826	O2):44.148	
O1):-0.808	O2):38.692	
O1):-0.816	O2):37.766	
O1):-0.764	O2):32.465	
O1):-0.818	O2):41.72	
O1):-0.738	O2):31.903	
O1):-0.702	O2):27.432	
O1):-0.797	O2):37.752	
O1):-0.723	O2):28.852	
O1):-0.801	O2):37.857	
O1):-0.786	O2):33.968	
O1):-0.8	O2):38.432	
Starting PrismExecutor worker 3 on port 11473
O1):-0.762	O2):32.742	
O1):-0.767	O2):33.219	
Connected worker 3 to port 11473
O1):-0.757	O2):31.767	
O1):-0.702	O2):27.096	
O1):-0.747	O2):32.148	
O1):-0.785	O2):37.217	
O1):-0.778	O2):34.083	
O1):-0.775	O2):35.348	
O1):-0.776	O2):35.815	
O1):-0.705	O2):28.044	
O1):-0.758	O2):36.213	
O1):-0.826	O2):43.085	
O1):-0.809	O2):38.742	
O1):-0.79	O2):36.934	
O1):-0.8	O2):38.432	
O1):-0.842	O2):49.494	
O1):-0.775	O2):32.883	
O1):-0.816	O2):37.971	
O1):-0.786	O2):34.059	
O1):-0.713	O2):32.355	
O1):-0.835	O2):48.194	
O1):-0.787	O2):44.354	
O1):-0.791	O2):34.431	
O1):-0.808	O2):38.866	
O1):-0.784	O2):38.432	
O1):-0.793	O2):44.383	
O1):-0.774	O2):38.103	
O1):-0.705	O2):28.022	
O1):-0.74	O2):35.331	
O1):-0.81	O2):39.111	
O1):-0.79	O2):37.69	
O1):-0.708	O2):28.232	
O1):-0.779	O2):34.281	
O1):-0.804	O2):38.652	
O1):-0.784	O2):34.453	
O1):-0.76	O2):32.415	
O1):-0.756	O2):32.193	
O1):-0.826	O2):43.085	
O1):-0.757	O2):33.161	
O1):-0.801	O2):37.857	
O1):-0.672	O2):27.297	
O1):-0.707	O2):27.415	
O1):-0.724	O2):28.91	
O1):-0.781	O2):33.828	
O1):-0.821	O2):43.735	
O1):-0.708	O2):28.232	
O1):-0.818	O2):41.727	
O1):-0.838	O2):48.457	
O1):-0.729	O2):31.451	
O1):-0.833	O2):43.705	
O1):-0.766	O2):32.905	
O1):-0.769	O2):32.618	
O1):-0.773	O2):37.022	
O1):-0.833	O2):43.517	
O1):-0.786	O2):43.364	
O1):-0.753	O2):31.904	
O1):-0.797	O2):37.752	
O1):-0.777	O2):39.468	
O1):-0.785	O2):38.819	
O1):-0.759	O2):32.154	
Evaluations:	700
O1):-0.826	O2):44.566	
O1):-0.723	O2):28.702	
O1):-0.81	O2):38.828	
O1):-0.762	O2):32.613	
O1):-0.756	O2):32.193	
O1):-0.784	O2):34.023	
O1):-0.818	O2):41.739	
O1):-0.826	O2):44.294	
O1):-0.836	O2):48.177	
O1):-0.836	O2):48.54	
O1):-0.779	O2):45.719	
O1):-0.707	O2):27.415	
O1):-0.729	O2):31.451	
O1):-0.705	O2):28.163	
O1):-0.76	O2):32.413	
O1):-0.778	O2):33.324	
O1):-0.74	O2):35.329	
O1):-0.827	O2):44.776	
O1):-0.834	O2):48.249	
O1):-0.827	O2):44.776	
O1):-0.833	O2):44.831	
O1):-0.809	O2):39.073	
O1):-0.8	O2):37.383	
O1):-0.826	O2):44.148	
O1):-0.816	O2):37.787	
O1):-0.831	O2):63.784	
O1):-0.739	O2):32.048	
O1):-0.749	O2):33.219	
O1):-0.814	O2):39.731	
O1):-0.778	O2):37.93	
O1):-0.723	O2):28.388	
O1):-0.76	O2):32.374	
O1):-0.784	O2):34.46	
O1):-0.837	O2):48.644	
O1):-0.846	O2):55.298	
O1):-0.831	O2):44.571	
O1):-0.724	O2):29.248	
O1):-0.708	O2):28.232	
O1):-0.675	O2):26.825	
O1):-0.764	O2):32.196	
O1):-0.71	O2):28.48	
O1):-0.772	O2):33.509	
O1):-0.671	O2):26.524	
O1):-0.776	O2):36.681	
O1):-0.797	O2):37.059	
O1):-0.797	O2):37.783	
O1):-0.837	O2):48.641	
Starting PrismExecutor worker 2 on port 11472
O1):-0.753	O2):31.544	
O1):-0.729	O2):31.451	
Connected worker 2 to port 11472
O1):-0.776	O2):35.815	
O1):-0.671	O2):26.478	
O1):-0.674	O2):27.222	
O1):-0.769	O2):38.233	
O1):-0.673	O2):26.725	
O1):-0.75	O2):33.076	
O1):-0.674	O2):26.742	
O1):-0.747	O2):32.148	
O1):-0.791	O2):34.472	
O1):-0.834	O2):48.249	
O1):-0.814	O2):39.814	
O1):-0.843	O2):49.435	
O1):-0.672	O2):27.298	
O1):-0.77	O2):37.133	
O1):-0.806	O2):38.773	
O1):-0.837	O2):48.459	
O1):-0.744	O2):30.422	
O1):-0.777	O2):35.832	
O1):-0.825	O2):42.504	
O1):-0.842	O2):53.251	
O1):-0.789	O2):39.988	
O1):-0.731	O2):31.521	
O1):-0.772	O2):33.528	
O1):-0.845	O2):49.481	
O1):-0.761	O2):32.69	
O1):-0.793	O2):38.195	
O1):-0.789	O2):34.734	
O1):-0.841	O2):49.287	
O1):-0.73	O2):31.594	
O1):-0.72	O2):29.085	
O1):-0.781	O2):33.828	
O1):-0.818	O2):41.727	
O1):-0.764	O2):32.573	
O1):-0.749	O2):35.368	
O1):-0.703	O2):27.434	
O1):-0.758	O2):32.013	
O1):-0.722	O2):31.41	
Evaluations:	800
O1):-0.822	O2):43.074	
O1):-0.818	O2):42.921	
O1):-0.76	O2):37.31	
O1):-0.826	O2):48.795	
O1):-0.862	O2):54.149	
O1):-0.768	O2):33.105	
O1):-0.759	O2):32.317	
O1):-0.776	O2):35.815	
O1):-0.801	O2):37.857	
O1):-0.742	O2):34.948	
O1):-0.786	O2):34.619	
O1):-0.837	O2):48.316	
O1):-0.809	O2):39.069	
O1):-0.727	O2):31.018	
O1):-0.843	O2):49.577	
O1):-0.814	O2):39.776	
O1):-0.74	O2):32.011	
O1):-0.774	O2):32.871	
O1):-0.707	O2):28.186	
O1):-0.817	O2):41.477	
O1):-0.833	O2):44.832	
O1):-0.786	O2):34.292	
O1):-0.808	O2):42.347	
O1):-0.72	O2):29.068	
O1):-0.806	O2):39.028	
O1):-0.759	O2):31.739	
O1):-0.786	O2):34.291	
O1):-0.825	O2):43.471	
O1):-0.753	O2):31.904	
O1):-0.782	O2):33.938	
O1):-0.843	O2):49.435	
O1):-0.694	O2):27.634	
O1):-0.803	O2):39.04	
O1):-0.741	O2):32.298	
O1):-0.702	O2):27.433	
O1):-0.8	O2):37.383	
O1):-0.695	O2):27.496	
O1):-0.829	O2):53.771	
O1):-0.805	O2):38.768	
O1):-0.835	O2):48.265	
O1):-0.786	O2):43.364	
O1):-0.71	O2):27.747	
O1):-0.765	O2):34.119	
O1):-0.702	O2):27.6	
O1):-0.708	O2):28.235	
O1):-0.836	O2):53.106	
O1):-0.784	O2):37.249	
O1):-0.709	O2):31.078	
O1):-0.808	O2):42.63	
O1):-0.769	O2):33.252	
O1):-0.702	O2):27.096	
O1):-0.838	O2):48.512	
O1):-0.771	O2):38.952	
O1):-0.731	O2):31.453	
O1):-0.801	O2):37.857	
O1):-0.818	O2):41.727	
O1):-0.775	O2):36.227	
O1):-0.802	O2):38.258	
O1):-0.794	O2):37.264	
O1):-0.71	O2):28.48	
O1):-0.809	O2):38.742	
O1):-0.756	O2):31.624	
O1):-0.836	O2):48.177	
O1):-0.851	O2):48.606	
O1):-0.842	O2):48.613	
O1):-0.674	O2):26.746	
O1):-0.825	O2):42.504	
O1):-0.751	O2):32.525	
O1):-0.797	O2):37.783	
O1):-0.798	O2):38.289	
O1):-0.746	O2):31.479	
O1):-0.81	O2):40.218	
O1):-0.801	O2):37.857	
O1):-0.739	O2):31.186	
O1):-0.701	O2):30.704	
O1):-0.789	O2):37.481	
Starting PrismExecutor worker 4 on port 11464
Connected worker 4 to port 11464
O1):-0.782	O2):33.938	
O1):-0.826	O2):44.566	
O1):-0.747	O2):32.623	
O1):-0.782	O2):33.82	
O1):-0.797	O2):37.752	
O1):-0.817	O2):42.057	
O1):-0.772	O2):37.166	
O1):-0.771	O2):33.495	
O1):-0.755	O2):33.174	
O1):-0.738	O2):31.773	
O1):-0.814	O2):39.776	
O1):-0.829	O2):44.148	
O1):-0.752	O2):31.744	
O1):-0.826	O2):44.566	
O1):-0.784	O2):33.736	
O1):-0.8	O2):37.383	
O1):-0.76	O2):31.875	
O1):-0.76	O2):32.336	
O1):-0.721	O2):28.63	
O1):-0.842	O2):49.409	
O1):-0.794	O2):37.818	
O1):-0.811	O2):43.027	
O1):-0.838	O2):48.457	
O1):-0.818	O2):41.727	
O1):-0.76	O2):32.413	
O1):-0.802	O2):43.7	
O1):-0.788	O2):49.861	
O1):-0.842	O2):53.251	
O1):-0.758	O2):32.013	
O1):-0.838	O2):48.457	
O1):-0.827	O2):44.776	
O1):-0.728	O2):31.272	
O1):-0.74	O2):32.076	
O1):-0.707	O2):27.415	
O1):-0.753	O2):31.544	
O1):-0.815	O2):43.124	
O1):-0.742	O2):33.016	
O1):-0.735	O2):34.825	
O1):-0.798	O2):37.379	
O1):-0.775	O2):36.227	
O1):-0.817	O2):42.078	
O1):-0.716	O2):32.001	
O1):-0.834	O2):48.249	
O1):-0.671	O2):26.489	
O1):-0.822	O2):43.074	
O1):-0.838	O2):48.457	
O1):-0.822	O2):43.074	
O1):-0.762	O2):32.797	
O1):-0.788	O2):37.75	
O1):-0.818	O2):41.727	
O1):-0.804	O2):38.747	
O1):-0.712	O2):32.648	
O1):-0.783	O2):36.437	
O1):-0.823	O2):43.147	
O1):-0.703	O2):28.06	
O1):-0.787	O2):34.85	
O1):-0.777	O2):33.907	
O1):-0.761	O2):32.457	
O1):-0.777	O2):33.995	
O1):-0.776	O2):35.815	
O1):-0.837	O2):48.641	
O1):-0.834	O2):48.249	
O1):-0.705	O2):28.044	
O1):-0.825	O2):47.345	
O1):-0.703	O2):28.06	
O1):-0.814	O2):44.27	
O1):-0.788	O2):37.75	
O1):-0.753	O2):34.606	
O1):-0.643	O2):26.477	
O1):-0.764	O2):32.573	
O1):-0.82	O2):43.653	
O1):-0.825	O2):43.472	
O1):-0.81	O2):38.927	
O1):-0.753	O2):31.547	
O1):-0.757	O2):31.75	
O1):-0.818	O2):41.727	
O1):-0.8	O2):37.383	
O1):-0.821	O2):43.91	
O1):-0.782	O2):33.938	
O1):-0.806	O2):38.773	
O1):-0.726	O2):31.56	
O1):-0.71	O2):27.747	
O1):-0.812	O2):44.187	
O1):-0.672	O2):27.298	
O1):-0.753	O2):33.433	
O1):-0.825	O2):43.472	
O1):-0.777	O2):39.471	
O1):-0.786	O2):34.805	
O1):-0.808	O2):38.432	
O1):-0.711	O2):31.92	
O1):-0.743	O2):33.06	
O1):-0.838	O2):48.457	
O1):-0.674	O2):26.742	
O1):-0.708	O2):28.232	
O1):-0.731	O2):31.462	
O1):-0.826	O2):44.584	
O1):-0.672	O2):27.297	
O1):-0.776	O2):33.558	
O1):-0.811	O2):39.091	
O1):-0.828	O2):43.651	
O1):-0.674	O2):26.72	
O1):-0.807	O2):42.608	
O1):-0.78	O2):38.435	
O1):-0.73	O2):31.608	
O1):-0.714	O2):30.663	
O1):-0.674	O2):26.742	
O1):-0.689	O2):27.076	
O1):-0.816	O2):37.787	
O1):-0.714	O2):30.643	
O1):-0.739	O2):32.319	
O1):-0.813	O2):39.435	
O1):-0.801	O2):37.857	
O1):-0.862	O2):54.151	
O1):-0.8	O2):37.532	
O1):-0.822	O2):43.198	
O1):-0.703	O2):28.061	
O1):-0.723	O2):31.279	
O1):-0.77	O2):36.259	
O1):-0.778	O2):34.055	
Starting PrismExecutor worker 2 on port 11452
Connected worker 2 to port 11452
O1):-0.811	O2):39.354	
O1):-0.834	O2):48.249	
O1):-0.813	O2):39.393	
O1):-0.76	O2):32.413	
O1):-0.776	O2):33.495	
O1):-0.757	O2):31.768	
O1):-0.753	O2):31.904	
O1):-0.803	O2):38.944	
O1):-0.834	O2):44.933	
O1):-0.748	O2):32.692	
O1):-0.834	O2):48.245	
O1):-0.733	O2):32.188	
O1):-0.822	O2):43.074	
O1):-0.776	O2):33.495	
O1):-0.775	O2):36.651	
O1):-0.798	O2):38.11	
O1):-0.779	O2):33.35	
O1):-0.808	O2):42.347	
O1):-0.761	O2):32.509	
O1):-0.785	O2):36.715	
O1):-0.778	O2):33.51	
O1):-0.674	O2):26.742	
O1):-0.674	O2):26.72	
O1):-0.672	O2):26.515	
O1):-0.739	O2):32.047	
O1):-0.808	O2):38.728	
O1):-0.777	O2):32.815	
O1):-0.8	O2):41.093	
O1):-0.733	O2):32.151	
O1):-0.858	O2):53.926	
O1):-0.776	O2):33.158	
O1):-0.774	O2):32.967	
O1):-0.716	O2):31.125	
O1):-0.789	O2):37.481	
O1):-0.727	O2):31.018	
O1):-0.769	O2):33.431	
O1):-0.774	O2):38.097	
O1):-0.673	O2):26.725	
O1):-0.834	O2):48.249	
O1):-0.776	O2):37.1	
O1):-0.736	O2):32.86	
O1):-0.776	O2):35.815	
O1):-0.74	O2):35.332	
O1):-0.673	O2):26.725	
O1):-0.672	O2):27.298	
O1):-0.771	O2):33.495	
O1):-0.741	O2):32.337	
O1):-0.765	O2):36.502	
O1):-0.837	O2):53.964	
O1):-0.836	O2):49.496	
O1):-0.763	O2):32.84	
O1):-0.8	O2):37.383	
O1):-0.802	O2):37.817	
O1):-0.812	O2):38.96	
O1):-0.695	O2):28.129	
O1):-0.838	O2):48.457	
O1):-0.854	O2):54.556	
O1):-0.819	O2):41.78	
O1):-0.781	O2):33.846	
O1):-0.787	O2):38.692	
O1):-0.707	O2):27.704	
O1):-0.788	O2):37.729	
O1):-0.76	O2):32.336	
O1):-0.768	O2):33.318	
O1):-0.782	O2):34.137	
O1):-0.79	O2):37.686	
O1):-0.702	O2):27.432	
O1):-0.802	O2):41.668	
O1):-0.746	O2):31.479	
O1):-0.833	O2):44.086	
O1):-0.776	O2):36.681	
O1):-0.862	O2):54.149	
O1):-0.789	O2):34.685	
Evaluations:	700
O1):-0.855	O2):59.424	
O1):-0.692	O2):27.59	
O1):-0.793	O2):38.197	
O1):-0.832	O2):43.144	
O1):-0.671	O2):26.515	
O1):-0.757	O2):36.516	
O1):-0.771	O2):33.964	
O1):-0.797	O2):37.059	
O1):-0.674	O2):26.72	
O1):-0.791	O2):34.472	
O1):-0.835	O2):44.084	
O1):-0.683	O2):27.57	
O1):-0.808	O2):42.347	
O1):-0.747	O2):32.158	
O1):-0.739	O2):32.04	
O1):-0.719	O2):27.725	
O1):-0.695	O2):28.129	
O1):-0.817	O2):43.821	
O1):-0.742	O2):31.602	
O1):-0.777	O2):33.302	
O1):-0.781	O2):33.828	
O1):-0.772	O2):33.525	
O1):-0.818	O2):41.727	
O1):-0.799	O2):38.291	
O1):-0.837	O2):48.641	
O1):-0.809	O2):38.46	
O1):-0.821	O2):42.936	
O1):-0.777	O2):32.856	
O1):-0.833	O2):44.818	
O1):-0.779	O2):36.727	
O1):-0.785	O2):37.214	
O1):-0.739	O2):32.047	
O1):-0.709	O2):31.077	
O1):-0.782	O2):33.938	
O1):-0.757	O2):31.767	
O1):-0.762	O2):32.742	
O1):-0.673	O2):26.725	
O1):-0.79	O2):37.688	
O1):-0.816	O2):37.787	
O1):-0.706	O2):27.588	
O1):-0.805	O2):38.765	
O1):-0.797	O2):37.752	
O1):-0.826	O2):44.566	
O1):-0.835	O2):48.265	
O1):-0.825	O2):42.505	
O1):-0.826	O2):44.148	
O1):-0.727	O2):31.019	
Starting PrismExecutor worker 0 on port 11450
O1):-0.788	O2):37.691	
O1):-0.821	O2):43.747	
O1):-0.758	O2):34.008	
Connected worker 0 to port 11450
O1):-0.76	O2):37.309	
O1):-0.79	O2):37.686	
O1):-0.772	O2):33.509	
O1):-0.814	O2):39.769	
O1):-0.81	O2):39.111	
O1):-0.774	O2):37.934	
O1):-0.703	O2):28.061	
O1):-0.855	O2):59.424	
O1):-0.764	O2):32.469	
O1):-0.81	O2):38.563	
O1):-0.843	O2):49.435	
O1):-0.703	O2):28.061	
O1):-0.739	O2):32.047	
O1):-0.764	O2):32.468	
O1):-0.674	O2):26.742	
O1):-0.798	O2):38.289	
O1):-0.738	O2):32.065	
O1):-0.809	O2):38.46	
O1):-0.728	O2):29.298	
O1):-0.674	O2):26.742	
O1):-0.781	O2):33.828	
O1):-0.788	O2):43.695	
O1):-0.673	O2):26.725	
O1):-0.797	O2):35.888	
O1):-0.84	O2):49.047	
O1):-0.703	O2):28.06	
O1):-0.853	O2):49.174	
O1):-0.756	O2):31.65	
O1):-0.77	O2):39.336	
O1):-0.851	O2):49.99	
O1):-0.835	O2):48.268	
O1):-0.765	O2):34.095	
O1):-0.786	O2):41.304	
O1):-0.724	O2):31.186	
O1):-0.763	O2):32.839	
O1):-0.764	O2):32.469	
O1):-0.759	O2):32.317	
O1):-0.755	O2):32.165	
O1):-0.748	O2):31.433	
O1):-0.826	O2):44.134	
O1):-0.802	O2):38.875	
O1):-0.714	O2):30.663	
O1):-0.761	O2):32.509	
O1):-0.793	O2):38.395	
O1):-0.797	O2):37.639	
O1):-0.768	O2):33.242	
O1):-0.697	O2):26.83	
O1):-0.713	O2):31.22	
O1):-0.788	O2):41.466	
O1):-0.801	O2):37.86	
O1):-0.706	O2):31.182	
O1):-0.738	O2):31.734	
O1):-0.784	O2):37.097	
O1):-0.754	O2):31.744	
O1):-0.812	O2):39.383	
O1):-0.768	O2):33.305	
O1):-0.744	O2):30.421	
O1):-0.781	O2):33.828	
Evaluations:	800
O1):-0.81	O2):38.997	
O1):-0.82	O2):43.885	
O1):-0.814	O2):39.776	
O1):-0.763	O2):32.84	
O1):-0.777	O2):36.076	
O1):-0.785	O2):37.287	
O1):-0.759	O2):31.818	
O1):-0.705	O2):28.008	
O1):-0.84	O2):48.159	
O1):-0.859	O2):53.257	
O1):-0.79	O2):37.686	
O1):-0.816	O2):37.978	
O1):-0.786	O2):34.775	
O1):-0.853	O2):49.174	
O1):-0.797	O2):35.888	
O1):-0.745	O2):33.08	
O1):-0.774	O2):32.962	
O1):-0.766	O2):32.905	
O1):-0.753	O2):31.904	
O1):-0.803	O2):39.917	
O1):-0.772	O2):37.491	
O1):-0.739	O2):33.514	
O1):-0.729	O2):31.451	
O1):-0.746	O2):31.479	
O1):-0.71	O2):27.747	
O1):-0.815	O2):46.849	
O1):-0.825	O2):42.504	
O1):-0.815	O2):43.124	
O1):-0.751	O2):32.525	
O1):-0.711	O2):30.876	
O1):-0.674	O2):26.742	
O1):-0.814	O2):44.27	
O1):-0.811	O2):39.559	
O1):-0.697	O2):28.514	
O1):-0.838	O2):48.457	
O1):-0.744	O2):34.079	
O1):-0.79	O2):37.686	
O1):-0.707	O2):27.415	
O1):-0.773	O2):32.418	
O1):-0.808	O2):38.432	
O1):-0.781	O2):36.749	
O1):-0.781	O2):36.749	
O1):-0.781	O2):36.749	
O1):-0.76	O2):33.603	
O1):-0.771	O2):33.119	
O1):-0.841	O2):48.234	
O1):-0.801	O2):37.857	
O1):-0.801	O2):37.857	
O1):-0.714	O2):30.826	
O1):-0.79	O2):39.916	
Evaluations:	800
O1):-0.672	O2):27.297	
O1):-0.742	O2):31.602	
O1):-0.781	O2):36.743	
O1):-0.703	O2):28.061	
O1):-0.835	O2):44.084	
O1):-0.704	O2):28.03	
O1):-0.727	O2):31.019	
O1):-0.818	O2):44.182	
Evaluations:	700
O1):-0.808	O2):38.432	
O1):-0.838	O2):48.457	
O1):-0.731	O2):31.462	
Starting PrismExecutor worker 4 on port 11404
O1):-0.748	O2):36.264	
O1):-0.777	O2):32.856	
O1):-0.786	O2):34.236	
O1):-0.763	O2):32.839	
Connected worker 4 to port 11404
O1):-0.79	O2):37.686	
O1):-0.766	O2):32.905	
O1):-0.822	O2):43.076	
O1):-0.811	O2):39.354	
O1):-0.724	O2):31.186	
O1):-0.707	O2):27.415	
O1):-0.756	O2):31.65	
O1):-0.724	O2):28.909	
O1):-0.845	O2):55.037	
O1):-0.835	O2):44.858	
O1):-0.673	O2):26.725	
O1):-0.674	O2):26.742	
O1):-0.835	O2):48.08	
O1):-0.822	O2):43.076	
O1):-0.822	O2):43.076	
O1):-0.805	O2):38.768	
O1):-0.789	O2):44.734	
O1):-0.739	O2):32.047	
O1):-0.765	O2):32.885	
O1):-0.761	O2):32.77	
O1):-0.731	O2):31.455	
O1):-0.741	O2):32.298	
O1):-0.709	O2):27.668	
O1):-0.767	O2):33.028	
O1):-0.808	O2):42.553	
O1):-0.834	O2):48.249	
O1):-0.843	O2):49.435	
O1):-0.81	O2):38.958	
O1):-0.82	O2):43.642	
O1):-0.813	O2):44.822	
O1):-0.734	O2):32.191	
O1):-0.746	O2):33.832	
O1):-0.811	O2):39.354	
O1):-0.786	O2):33.972	
O1):-0.818	O2):41.788	
O1):-0.726	O2):30.94	
O1):-0.796	O2):37.628	
O1):-0.777	O2):39.45	
O1):-0.807	O2):38.128	
O1):-0.802	O2):37.866	
O1):-0.796	O2):36.962	
O1):-0.674	O2):26.742	
O1):-0.838	O2):48.457	
O1):-0.827	O2):44.754	
O1):-0.826	O2):48.793	
O1):-0.724	O2):29.248	
O1):-0.773	O2):38.816	
O1):-0.724	O2):29.248	
O1):-0.746	O2):36.619	
O1):-0.81	O2):38.958	
O1):-0.769	O2):32.618	
O1):-0.77	O2):37.133	
O1):-0.719	O2):28.167	
O1):-0.81	O2):39.003	
O1):-0.82	O2):43.885	
O1):-0.762	O2):32.766	
O1):-0.768	O2):33.302	
O1):-0.816	O2):38.022	
O1):-0.81	O2):38.958	
O1):-0.842	O2):53.251	
O1):-0.671	O2):26.489	
Evaluations:	800
O1):-0.761	O2):32.457	
O1):-0.779	O2):40.632	
O1):-0.724	O2):28.91	
O1):-0.705	O2):28.163	
O1):-0.776	O2):34.353	
O1):-0.752	O2):31.744	
O1):-0.803	O2):38.266	
O1):-0.8	O2):37.377	
O1):-0.727	O2):31.019	
O1):-0.775	O2):32.909	
O1):-0.731	O2):31.703	
O1):-0.813	O2):39.755	
O1):-0.779	O2):47.932	
O1):-0.826	O2):44.566	
O1):-0.719	O2):29.328	
O1):-0.782	O2):33.94	
O1):-0.802	O2):37.817	
O1):-0.841	O2):49.287	
O1):-0.786	O2):34.236	
O1):-0.822	O2):43.074	
O1):-0.756	O2):32.15	
O1):-0.786	O2):33.968	
O1):-0.756	O2):32.15	
O1):-0.756	O2):32.15	
O1):-0.842	O2):53.251	
O1):-0.756	O2):32.15	
O1):-0.776	O2):35.762	
O1):-0.779	O2):33.339	
O1):-0.674	O2):26.742	
O1):-0.673	O2):26.725	
O1):-0.768	O2):33.242	
O1):-0.814	O2):39.731	
O1):-0.724	O2):31.185	
O1):-0.741	O2):32.337	
O1):-0.753	O2):31.544	
O1):-0.826	O2):44.148	
O1):-0.703	O2):27.249	
O1):-0.838	O2):48.457	
O1):-0.816	O2):38.018	
O1):-0.785	O2):34.449	
O1):-0.777	O2):45.315	
O1):-0.726	O2):30.94	
O1):-0.822	O2):43.199	
O1):-0.797	O2):42.474	
O1):-0.755	O2):33.115	
O1):-0.768	O2):33.198	
Starting PrismExecutor worker 5 on port 11405
O1):-0.787	O2):36.957	
O1):-0.816	O2):38.99	
O1):-0.84	O2):49.096	
O1):-0.759	O2):32.351	
O1):-0.833	O2):44.818	
Connected worker 5 to port 11405
O1):-0.842	O2):53.253	
O1):-0.815	O2):43.124	
O1):-0.767	O2):36.111	
O1):-0.82	O2):43.885	
O1):-0.786	O2):37.732	
O1):-0.752	O2):32.708	
O1):-0.793	O2):37.064	
O1):-0.81	O2):39.071	
O1):-0.801	O2):43.462	
O1):-0.699	O2):30.434	
O1):-0.748	O2):31.813	
O1):-0.753	O2):33.433	
O1):-0.719	O2):29.441	
O1):-0.797	O2):35.828	
O1):-0.833	O2):43.7	
O1):-0.721	O2):28.63	
O1):-0.801	O2):37.688	
O1):-0.81	O2):39.073	
O1):-0.851	O2):48.615	
O1):-0.797	O2):37.059	
O1):-0.792	O2):35.744	
O1):-0.727	O2):31.02	
O1):-0.803	O2):38.256	
O1):-0.778	O2):33.167	
O1):-0.714	O2):31.645	
O1):-0.81	O2):38.774	
O1):-0.672	O2):27.298	
O1):-0.779	O2):33.339	
O1):-0.748	O2):31.813	
O1):-0.794	O2):37.818	
O1):-0.822	O2):43.198	
O1):-0.784	O2):38.429	
O1):-0.776	O2):33.558	
O1):-0.772	O2):40.89	
O1):-0.73	O2):31.295	
O1):-0.726	O2):31.559	
O1):-0.833	O2):44.818	
O1):-0.753	O2):31.904	
O1):-0.747	O2):32.56	
O1):-0.776	O2):33.558	
O1):-0.703	O2):27.251	
O1):-0.812	O2):43.112	
O1):-0.743	O2):33.067	
O1):-0.723	O2):28.774	
O1):-0.842	O2):53.255	
O1):-0.732	O2):31.901	
O1):-0.81	O2):38.958	
O1):-0.739	O2):33.514	
O1):-0.788	O2):34.466	
O1):-0.838	O2):48.457	
O1):-0.827	O2):44.017	
O1):-0.674	O2):26.742	
O1):-0.706	O2):31.182	
Evaluations:	800
O1):-0.768	O2):33.28	
O1):-0.768	O2):33.105	
O1):-0.821	O2):43.746	
O1):-0.724	O2):31.185	
O1):-0.795	O2):36.824	
O1):-0.835	O2):44.084	
O1):-0.822	O2):43.074	
O1):-0.837	O2):48.641	
O1):-0.707	O2):27.415	
O1):-0.703	O2):28.06	
O1):-0.731	O2):31.453	
O1):-0.826	O2):44.286	
O1):-0.765	O2):32.473	
O1):-0.829	O2):53.771	
O1):-0.776	O2):33.558	
O1):-0.768	O2):33.105	
O1):-0.833	O2):44.834	
O1):-0.77	O2):33.707	
O1):-0.768	O2):33.301	
O1):-0.789	O2):41.478	
O1):-0.731	O2):31.453	
O1):-0.836	O2):44.37	
O1):-0.787	O2):37.321	
O1):-0.827	O2):44.581	
O1):-0.799	O2):37.303	
O1):-0.797	O2):37.752	
O1):-0.787	O2):36.957	
O1):-0.713	O2):30.515	
O1):-0.76	O2):32.412	
O1):-0.79	O2):37.686	
O1):-0.738	O2):31.734	
O1):-0.703	O2):28.06	
O1):-0.827	O2):44.097	
O1):-0.73	O2):31.594	
O1):-0.819	O2):38.717	
O1):-0.819	O2):38.752	
O1):-0.81	O2):39.111	
O1):-0.744	O2):30.422	
O1):-0.728	O2):29.298	
O1):-0.825	O2):42.505	
O1):-0.821	O2):43.746	
O1):-0.842	O2):53.251	
O1):-0.805	O2):38.332	
O1):-0.772	O2):33.509	
O1):-0.673	O2):26.725	
O1):-0.819	O2):38.717	
O1):-0.832	O2):43.144	
O1):-0.748	O2):31.433	
O1):-0.729	O2):31.451	
O1):-0.719	O2):29.328	
O1):-0.835	O2):44.084	
O1):-0.742	O2):32.189	
O1):-0.854	O2):49.549	
O1):-0.762	O2):32.744	
O1):-0.764	O2):32.469	
O1):-0.765	O2):32.473	
O1):-0.833	O2):43.705	
O1):-0.759	O2):32.317	
O1):-0.767	O2):34.15	
O1):-0.784	O2):34.023	
O1):-0.844	O2):48.799	
O1):-0.753	O2):31.904	
O1):-0.757	O2):32.647	
O1):-0.834	O2):43.418	
O1):-0.726	O2):30.94	
O1):-0.759	O2):32.317	
O1):-0.769	O2):36.303	
O1):-0.769	O2):32.611	
O1):-0.83	O2):44.345	
Starting PrismExecutor worker 3 on port 11453
O1):-0.707	O2):27.415	
O1):-0.779	O2):45.72	
O1):-0.836	O2):48.542	
O1):-0.767	O2):33.148	
O1):-0.674	O2):26.742	
Connected worker 3 to port 11453
O1):-0.822	O2):43.074	
O1):-0.741	O2):31.279	
O1):-0.862	O2):54.149	
O1):-0.76	O2):32.336	
O1):-0.822	O2):43.074	
O1):-0.858	O2):53.926	
O1):-0.836	O2):48.54	
O1):-0.836	O2):48.637	
O1):-0.692	O2):27.59	
O1):-0.827	O2):44.097	
O1):-0.8	O2):37.383	
O1):-0.753	O2):31.551	
O1):-0.764	O2):34.541	
O1):-0.838	O2):48.457	
O1):-0.795	O2):44.44	
O1):-0.769	O2):33.252	
O1):-0.787	O2):34.931	
O1):-0.783	O2):36.494	
O1):-0.825	O2):42.505	
O1):-0.744	O2):30.422	
O1):-0.703	O2):27.249	
O1):-0.8	O2):38.432	
O1):-0.793	O2):37.064	
O1):-0.8	O2):38.432	
O1):-0.745	O2):33.387	
O1):-0.703	O2):28.06	
O1):-0.776	O2):34.399	
O1):-0.747	O2):33.024	
O1):-0.743	O2):33.023	
O1):-0.831	O2):63.784	
O1):-0.834	O2):43.828	
O1):-0.831	O2):44.571	
O1):-0.789	O2):34.729	
O1):-0.72	O2):29.068	
O1):-0.808	O2):38.692	
O1):-0.781	O2):48.776	
O1):-0.767	O2):33.148	
O1):-0.842	O2):53.251	
O1):-0.78	O2):44.412	
O1):-0.787	O2):37.536	
O1):-0.746	O2):31.479	
O1):-0.781	O2):33.846	
O1):-0.742	O2):33.016	
Evaluations:	900
O1):-0.803	O2):38.032	
O1):-0.789	O2):34.686	
O1):-0.841	O2):47.902	
O1):-0.808	O2):38.432	
Evaluations:	800
O1):-0.828	O2):43.329	
O1):-0.765	O2):32.586	
O1):-0.791	O2):34.472	
O1):-0.714	O2):30.643	
O1):-0.765	O2):32.473	
O1):-0.819	O2):38.717	
O1):-0.739	O2):32.733	
O1):-0.754	O2):31.674	
O1):-0.694	O2):27.52	
O1):-0.835	O2):44.084	
O1):-0.703	O2):27.251	
O1):-0.703	O2):27.996	
O1):-0.776	O2):36.229	
O1):-0.789	O2):34.856	
O1):-0.819	O2):38.717	
O1):-0.724	O2):28.818	
O1):-0.767	O2):33.215	
O1):-0.768	O2):32.878	
O1):-0.674	O2):27.223	
O1):-0.756	O2):31.65	
O1):-0.81	O2):39.084	
O1):-0.756	O2):33.5	
O1):-0.734	O2):31.479	
O1):-0.701	O2):28.72	
O1):-0.826	O2):44.148	
O1):-0.759	O2):32.317	
O1):-0.859	O2):53.259	
O1):-0.749	O2):32.659	
O1):-0.751	O2):33.137	
O1):-0.719	O2):31.633	
O1):-0.762	O2):32.614	
O1):-0.809	O2):51.642	
O1):-0.773	O2):32.424	
O1):-0.788	O2):34.513	
O1):-0.758	O2):34.126	
O1):-0.764	O2):32.196	
O1):-0.825	O2):43.472	
O1):-0.822	O2):43.074	
O1):-0.708	O2):28.219	
O1):-0.793	O2):37.064	
O1):-0.795	O2):36.824	
O1):-0.821	O2):43.729	
O1):-0.778	O2):33.162	
O1):-0.765	O2):32.837	
O1):-0.811	O2):39.412	
O1):-0.723	O2):28.844	
O1):-0.827	O2):44.774	
O1):-0.736	O2):31.321	
O1):-0.753	O2):31.904	
O1):-0.724	O2):31.185	
O1):-0.789	O2):37.485	
O1):-0.689	O2):27.076	
O1):-0.841	O2):47.902	
O1):-0.842	O2):49.49	
O1):-0.765	O2):32.586	
O1):-0.721	O2):28.63	
O1):-0.798	O2):37.379	
O1):-0.742	O2):35.073	
O1):-0.843	O2):49.576	
O1):-0.79	O2):37.686	
O1):-0.802	O2):37.817	
O1):-0.806	O2):38.934	
O1):-0.784	O2):38.431	
O1):-0.786	O2):37.565	
O1):-0.779	O2):33.335	
O1):-0.769	O2):38.253	
O1):-0.71	O2):28.48	
O1):-0.79	O2):37.648	
O1):-0.746	O2):31.479	
Starting PrismExecutor worker 1 on port 11451
O1):-0.763	O2):37.582	
Connected worker 1 to port 11451
O1):-0.672	O2):27.298	
O1):-0.671	O2):26.489	
O1):-0.767	O2):32.965	
O1):-0.703	O2):27.433	
O1):-0.835	O2):44.084	
O1):-0.727	O2):31.019	
O1):-0.779	O2):33.335	
O1):-0.744	O2):30.401	
O1):-0.778	O2):33.324	
O1):-0.793	O2):38.212	
O1):-0.753	O2):32.847	
O1):-0.858	O2):53.926	
O1):-0.785	O2):36.716	
O1):-0.819	O2):42.623	
O1):-0.703	O2):28.06	
Evaluations:	800
O1):-0.761	O2):32.457	
O1):-0.76	O2):32.336	
O1):-0.777	O2):35.896	
O1):-0.748	O2):31.434	
O1):-0.76	O2):33.245	
O1):-0.75	O2):33.162	
O1):-0.674	O2):26.72	
O1):-0.83	O2):44.35	
O1):-0.828	O2):43.416	
O1):-0.805	O2):38.726	
O1):-0.725	O2):31.479	
O1):-0.76	O2):32.336	
O1):-0.772	O2):33.509	
O1):-0.833	O2):43.516	
O1):-0.835	O2):44.859	
O1):-0.8	O2):37.324	
O1):-0.764	O2):32.174	
O1):-0.822	O2):43.076	
O1):-0.768	O2):35.735	
O1):-0.76	O2):32.336	
O1):-0.802	O2):37.817	
O1):-0.799	O2):37.303	
O1):-0.741	O2):32.298	
O1):-0.858	O2):53.922	
O1):-0.769	O2):36.422	
O1):-0.79	O2):37.686	
O1):-0.819	O2):38.717	
O1):-0.762	O2):32.531	
O1):-0.747	O2):32.648	
O1):-0.826	O2):44.148	
O1):-0.829	O2):44.153	
O1):-0.711	O2):31.919	
O1):-0.836	O2):45.733	
O1):-0.829	O2):53.771	
O1):-0.708	O2):28.234	
O1):-0.73	O2):33.11	
O1):-0.741	O2):32.298	
O1):-0.762	O2):37.427	
O1):-0.793	O2):37.064	
O1):-0.811	O2):39.122	
O1):-0.828	O2):43.324	
O1):-0.791	O2):34.431	
O1):-0.705	O2):28.163	
O1):-0.8	O2):37.383	
O1):-0.811	O2):39.354	
O1):-0.746	O2):31.839	
O1):-0.753	O2):32.892	
O1):-0.814	O2):38.615	
O1):-0.835	O2):46.866	
O1):-0.797	O2):37.054	
Evaluations:	800
O1):-0.813	O2):43.596	
O1):-0.833	O2):44.867	
O1):-0.81	O2):39.071	
O1):-0.718	O2):27.737	
O1):-0.753	O2):31.904	
O1):-0.769	O2):34.38	
O1):-0.742	O2):31.597	
O1):-0.811	O2):39.791	
O1):-0.801	O2):37.688	
O1):-0.817	O2):41.477	
O1):-0.719	O2):27.718	
O1):-0.707	O2):27.415	
O1):-0.772	O2):33.509	
O1):-0.734	O2):31.935	
O1):-0.853	O2):49.174	
O1):-0.696	O2):26.819	
O1):-0.807	O2):38.779	
O1):-0.703	O2):28.002	
O1):-0.703	O2):28.06	
O1):-0.694	O2):27.52	
O1):-0.76	O2):32.631	
O1):-0.744	O2):30.401	
O1):-0.729	O2):31.451	
O1):-0.746	O2):36.617	
O1):-0.785	O2):36.716	
O1):-0.787	O2):39.35	
O1):-0.76	O2):32.336	
O1):-0.838	O2):48.457	
O1):-0.785	O2):34.449	
O1):-0.822	O2):43.074	
O1):-0.82	O2):43.642	
O1):-0.775	O2):32.883	
O1):-0.794	O2):37.052	
O1):-0.823	O2):43.124	
O1):-0.744	O2):30.423	
O1):-0.703	O2):28.06	
O1):-0.76	O2):32.33	
O1):-0.711	O2):28.48	
O1):-0.862	O2):54.154	
O1):-0.862	O2):54.149	
O1):-0.674	O2):27.223	
O1):-0.785	O2):34.549	
O1):-0.825	O2):42.504	
O1):-0.819	O2):41.78	
O1):-0.791	O2):38.593	
O1):-0.777	O2):37.461	
O1):-0.83	O2):44.355	
O1):-0.785	O2):34.03	
O1):-0.818	O2):39.995	
O1):-0.779	O2):33.496	
Starting PrismExecutor worker 4 on port 11474
O1):-0.672	O2):26.515	
Connected worker 4 to port 11474
O1):-0.811	O2):39.122	
O1):-0.835	O2):48.265	
O1):-0.818	O2):47.421	
O1):-0.79	O2):37.686	
O1):-0.765	O2):33.532	
O1):-0.81	O2):39.035	
O1):-0.753	O2):31.904	
O1):-0.809	O2):38.692	
O1):-0.811	O2):39.36	
O1):-0.769	O2):32.619	
O1):-0.695	O2):28.129	
O1):-0.732	O2):31.504	
O1):-0.842	O2):52.204	
O1):-0.842	O2):53.251	
O1):-0.758	O2):36.216	
O1):-0.703	O2):28.06	
O1):-0.769	O2):33.248	
O1):-0.806	O2):38.773	
O1):-0.8	O2):37.383	
O1):-0.689	O2):27.076	
O1):-0.811	O2):39.445	
O1):-0.77	O2):37.195	
O1):-0.826	O2):44.148	
O1):-0.738	O2):31.734	
O1):-0.702	O2):27.432	
O1):-0.674	O2):26.72	
O1):-0.825	O2):44.587	
O1):-0.753	O2):31.904	
O1):-0.854	O2):49.487	
O1):-0.719	O2):29.328	
O1):-0.817	O2):37.909	
O1):-0.76	O2):31.875	
O1):-0.749	O2):32.734	
O1):-0.741	O2):32.469	
O1):-0.843	O2):49.435	
O1):-0.743	O2):31.122	
O1):-0.796	O2):36.954	
O1):-0.79	O2):37.686	
O1):-0.761	O2):32.502	
O1):-0.779	O2):33.402	
O1):-0.761	O2):32.457	
O1):-0.789	O2):36.86	
O1):-0.835	O2):48.265	
O1):-0.734	O2):31.934	
O1):-0.753	O2):32.894	
O1):-0.671	O2):26.489	
O1):-0.778	O2):34.055	
O1):-0.759	O2):31.747	
O1):-0.703	O2):28.067	
O1):-0.763	O2):33.377	
O1):-0.764	O2):32.465	
O1):-0.789	O2):37.5	
O1):-0.825	O2):42.504	
O1):-0.674	O2):26.742	
O1):-0.819	O2):38.717	
O1):-0.716	O2):31.057	
O1):-0.722	O2):29.332	
O1):-0.835	O2):48.265	
O1):-0.798	O2):38.289	
O1):-0.758	O2):32.013	
O1):-0.762	O2):32.744	
O1):-0.842	O2):53.251	
O1):-0.826	O2):44.148	
O1):-0.792	O2):36.759	
O1):-0.825	O2):43.472	
O1):-0.813	O2):39.43	
O1):-0.713	O2):30.515	
O1):-0.834	O2):43.783	
O1):-0.773	O2):38.818	
O1):-0.759	O2):32.317	
O1):-0.76	O2):32.336	
O1):-0.707	O2):27.415	
O1):-0.76	O2):31.747	
O1):-0.813	O2):39.429	
O1):-0.841	O2):49.287	
O1):-0.775	O2):34.347	
O1):-0.784	O2):36.445	
O1):-0.788	O2):34.986	
O1):-0.771	O2):37.366	
O1):-0.777	O2):35.951	
O1):-0.671	O2):26.478	
O1):-0.763	O2):32.201	
O1):-0.836	O2):48.54	
O1):-0.759	O2):32.317	
O1):-0.761	O2):32.509	
O1):-0.862	O2):54.149	
O1):-0.726	O2):31.376	
O1):-0.842	O2):53.251	
O1):-0.804	O2):38.228	
O1):-0.673	O2):26.725	
O1):-0.77	O2):41.088	
O1):-0.703	O2):28.002	
O1):-0.802	O2):37.817	
O1):-0.785	O2):38.79	
O1):-0.75	O2):35.975	
O1):-0.784	O2):38.432	
O1):-0.766	O2):32.905	
O1):-0.758	O2):33.583	
O1):-0.81	O2):38.828	
O1):-0.787	O2):34.931	
O1):-0.733	O2):32.062	
O1):-0.802	O2):37.817	
O1):-0.817	O2):44.332	
O1):-0.672	O2):27.297	
O1):-0.764	O2):32.465	
O1):-0.766	O2):32.859	
O1):-0.693	O2):27.278	
O1):-0.842	O2):53.251	
O1):-0.753	O2):31.904	
O1):-0.814	O2):39.763	
O1):-0.729	O2):29.352	
O1):-0.862	O2):54.149	
O1):-0.724	O2):31.186	
O1):-0.707	O2):27.415	
O1):-0.828	O2):43.329	
O1):-0.674	O2):26.742	
O1):-0.833	O2):44.818	
O1):-0.756	O2):31.391	
O1):-0.811	O2):42.46	
O1):-0.746	O2):31.479	
O1):-0.853	O2):49.174	
O1):-0.797	O2):35.888	
O1):-0.741	O2):32.298	
O1):-0.836	O2):48.54	
O1):-0.784	O2):34.023	
O1):-0.653	O2):26.455	
O1):-0.862	O2):54.149	
Starting PrismExecutor worker 5 on port 11455
Starting PrismExecutor worker 5 on port 11475
O1):-0.834	O2):43.828	
Connected worker 5 to port 11455
Connected worker 5 to port 11475
O1):-0.821	O2):42.936	
O1):-0.8	O2):37.383	
O1):-0.703	O2):28.06	
O1):-0.843	O2):49.435	
O1):-0.817	O2):42.079	
O1):-0.763	O2):32.202	
O1):-0.858	O2):53.904	
O1):-0.795	O2):44.44	
O1):-0.826	O2):44.148	
O1):-0.772	O2):33.509	
O1):-0.76	O2):32.336	
O1):-0.758	O2):32.013	
O1):-0.772	O2):33.509	
O1):-0.643	O2):26.477	
O1):-0.73	O2):31.287	
O1):-0.723	O2):28.692	
O1):-0.766	O2):32.905	
O1):-0.804	O2):38.594	
O1):-0.647	O2):27.097	
O1):-0.845	O2):49.386	
O1):-0.776	O2):40.292	
O1):-0.784	O2):34.064	
O1):-0.695	O2):27.496	
O1):-0.842	O2):53.251	
O1):-0.793	O2):37.064	
O1):-0.673	O2):26.725	
O1):-0.819	O2):42.701	
O1):-0.763	O2):32.839	
O1):-0.745	O2):32.615	
O1):-0.72	O2):29.068	
O1):-0.72	O2):32.154	
O1):-0.788	O2):34.808	
O1):-0.742	O2):34.947	
O1):-0.762	O2):32.739	
O1):-0.673	O2):26.725	
O1):-0.785	O2):34.448	
O1):-0.781	O2):33.847	
O1):-0.779	O2):33.339	
O1):-0.764	O2):32.196	
O1):-0.843	O2):49.435	
O1):-0.853	O2):49.174	
O1):-0.843	O2):49.576	
O1):-0.786	O2):33.968	
O1):-0.785	O2):36.715	
O1):-0.83	O2):44.35	
O1):-0.672	O2):27.297	
O1):-0.764	O2):32.469	
O1):-0.703	O2):28.06	
O1):-0.811	O2):39.321	
O1):-0.796	O2):36.915	
O1):-0.838	O2):50.131	
O1):-0.819	O2):38.667	
O1):-0.829	O2):53.771	
O1):-0.77	O2):32.837	
O1):-0.776	O2):33.558	
O1):-0.821	O2):43.089	
O1):-0.702	O2):27.432	
O1):-0.777	O2):33.597	
O1):-0.741	O2):31.279	
O1):-0.739	O2):32.74	
O1):-0.759	O2):32.317	
O1):-0.744	O2):30.422	
O1):-0.721	O2):28.63	
O1):-0.703	O2):28.002	
O1):-0.759	O2):32.317	
O1):-0.739	O2):32.039	
O1):-0.78	O2):33.813	
O1):-0.833	O2):43.705	
O1):-0.822	O2):49.315	
O1):-0.841	O2):47.902	
O1):-0.788	O2):34.986	
O1):-0.786	O2):37.372	
O1):-0.808	O2):38.692	
O1):-0.762	O2):32.766	
O1):-0.778	O2):33.162	
O1):-0.694	O2):27.52	
O1):-0.815	O2):37.825	
O1):-0.799	O2):37.678	
O1):-0.819	O2):38.717	
O1):-0.727	O2):32.815	
O1):-0.789	O2):34.859	
O1):-0.777	O2):35.621	
O1):-0.719	O2):29.389	
O1):-0.822	O2):43.074	
O1):-0.767	O2):33.214	
O1):-0.728	O2):31.272	
O1):-0.789	O2):34.816	
O1):-0.813	O2):39.476	
O1):-0.855	O2):54.571	
O1):-0.769	O2):33.252	
O1):-0.776	O2):36.008	
O1):-0.841	O2):47.898	
O1):-0.806	O2):39.047	
O1):-0.803	O2):39.04	
O1):-0.743	O2):31.588	
O1):-0.75	O2):32.56	
O1):-0.674	O2):26.72	
O1):-0.803	O2):39.04	
O1):-0.766	O2):32.905	
O1):-0.842	O2):49.696	
O1):-0.786	O2):33.968	
O1):-0.776	O2):33.157	
O1):-0.707	O2):28.187	
O1):-0.799	O2):37.471	
O1):-0.779	O2):36.38	
O1):-0.683	O2):27.57	
O1):-0.723	O2):28.702	
O1):-0.826	O2):44.286	
O1):-0.834	O2):48.245	
O1):-0.74	O2):31.231	
O1):-0.71	O2):28.48	
O1):-0.838	O2):48.457	
O1):-0.703	O2):28.06	
O1):-0.726	O2):30.939	
O1):-0.77	O2):37.189	
O1):-0.842	O2):49.409	
O1):-0.742	O2):31.602	
O1):-0.753	O2):31.547	
O1):-0.845	O2):49.386	
O1):-0.837	O2):53.963	
O1):-0.82	O2):43.636	
O1):-0.822	O2):43.198	
O1):-0.79	O2):37.686	
O1):-0.72	O2):29.085	
O1):-0.714	O2):30.663	
O1):-0.827	O2):43.506	
O1):-0.747	O2):32.479	
O1):-0.715	O2):30.727	
O1):-0.723	O2):28.844	
O1):-0.771	O2):38.956	
O1):-0.802	O2):37.866	
O1):-0.786	O2):34.009	
O1):-0.723	O2):28.688	
O1):-0.716	O2):31.065	
O1):-0.759	O2):31.62	
O1):-0.776	O2):33.558	
O1):-0.735	O2):31.879	
O1):-0.831	O2):63.784	
O1):-0.853	O2):49.174	
O1):-0.786	O2):34.238	
O1):-0.8	O2):37.383	
O1):-0.762	O2):37.428	
O1):-0.734	O2):31.458	
O1):-0.83	O2):53.611	
O1):-0.729	O2):29.351	
O1):-0.671	O2):26.53	
O1):-0.777	O2):33.302	
O1):-0.76	O2):32.336	
O1):-0.766	O2):32.905	
O1):-0.843	O2):49.435	
O1):-0.733	O2):32.198	
O1):-0.816	O2):37.789	
O1):-0.785	O2):34.449	
O1):-0.803	O2):41.885	
O1):-0.81	O2):39.079	
O1):-0.756	O2):31.62	
O1):-0.671	O2):26.478	
O1):-0.776	O2):33.495	
O1):-0.765	O2):34.58	
O1):-0.778	O2):33.324	
O1):-0.858	O2):53.924	
O1):-0.776	O2):33.558	
O1):-0.766	O2):32.905	
O1):-0.838	O2):48.457	
O1):-0.789	O2):34.841	
O1):-0.838	O2):48.457	
O1):-0.8	O2):37.377	
O1):-0.753	O2):31.904	
O1):-0.843	O2):49.576	
O1):-0.831	O2):44.571	
O1):-0.724	O2):31.185	
O1):-0.769	O2):33.43	
O1):-0.814	O2):39.769	
O1):-0.81	O2):42.996	
O1):-0.744	O2):30.422	
O1):-0.742	O2):34.652	
O1):-0.795	O2):37.126	
O1):-0.803	O2):39.04	
O1):-0.753	O2):31.904	
O1):-0.729	O2):31.451	
O1):-0.785	O2):37.208	
O1):-0.826	O2):44.148	
O1):-0.801	O2):37.653	
O1):-0.723	O2):30.964	
O1):-0.81	O2):42.209	
O1):-0.753	O2):31.544	
O1):-0.826	O2):43.064	
O1):-0.673	O2):26.725	
O1):-0.835	O2):44.084	
O1):-0.729	O2):32.377	
O1):-0.772	O2):33.509	
O1):-0.777	O2):39.471	
O1):-0.797	O2):35.888	
O1):-0.743	O2):33.06	
O1):-0.772	O2):32.56	
O1):-0.683	O2):27.57	
O1):-0.813	O2):39.582	
O1):-0.785	O2):43.981	
O1):-0.719	O2):29.348	
O1):-0.842	O2):49.491	
O1):-0.833	O2):44.085	
O1):-0.72	O2):29.408	
O1):-0.811	O2):39.365	
O1):-0.796	O2):36.962	
O1):-0.811	O2):39.354	
O1):-0.759	O2):31.739	
O1):-0.703	O2):28.058	
O1):-0.765	O2):32.473	
O1):-0.819	O2):38.717	
O1):-0.711	O2):28.487	
O1):-0.743	O2):33.059	
O1):-0.713	O2):30.763	
O1):-0.707	O2):28.186	
O1):-0.76	O2):32.336	
O1):-0.835	O2):44.084	
O1):-0.756	O2):31.62	
O1):-0.766	O2):32.867	
O1):-0.8	O2):37.378	
O1):-0.675	O2):26.825	
O1):-0.81	O2):39.649	
O1):-0.761	O2):32.457	
O1):-0.731	O2):31.462	
O1):-0.8	O2):37.729	
O1):-0.771	O2):33.141	
O1):-0.684	O2):30.819	
O1):-0.787	O2):38.065	
O1):-0.786	O2):34.238	
Evaluations:	800
O1):-0.795	O2):35.812	
O1):-0.771	O2):33.393	
O1):-0.787	O2):37.497	
O1):-0.757	O2):39.677	
O1):-0.76	O2):31.662	
O1):-0.747	O2):32.487	
O1):-0.825	O2):42.504	
O1):-0.703	O2):28.06	
O1):-0.702	O2):27.432	
O1):-0.776	O2):33.558	
O1):-0.802	O2):37.817	
O1):-0.823	O2):59.118	
O1):-0.74	O2):32.463	
O1):-0.753	O2):31.904	
O1):-0.703	O2):28.06	
O1):-0.673	O2):26.725	
O1):-0.79	O2):37.686	
O1):-0.71	O2):27.747	
O1):-0.804	O2):45.31	
O1):-0.853	O2):49.174	
O1):-0.753	O2):31.904	
O1):-0.762	O2):33.504	
O1):-0.789	O2):34.816	
O1):-0.779	O2):37.783	
Starting PrismExecutor worker 4 on port 11454
O1):-0.739	O2):32.04	
O1):-0.776	O2):33.558	
Connected worker 4 to port 11454
O1):-0.822	O2):43.074	
O1):-0.799	O2):37.303	
O1):-0.703	O2):28.06	
O1):-0.816	O2):42.639	
O1):-0.797	O2):37.752	
O1):-0.749	O2):31.823	
O1):-0.759	O2):32.351	
O1):-0.829	O2):53.771	
O1):-0.747	O2):34.077	
O1):-0.731	O2):31.71	
O1):-0.798	O2):38.492	
O1):-0.703	O2):28.06	
O1):-0.795	O2):35.812	
O1):-0.805	O2):43.035	
Evaluations:	900
O1):-0.705	O2):28.163	
O1):-0.824	O2):48.468	
O1):-0.82	O2):43.642	
O1):-0.816	O2):38.022	
O1):-0.837	O2):53.963	
O1):-0.79	O2):37.701	
O1):-0.768	O2):32.582	
O1):-0.834	O2):43.828	
O1):-0.814	O2):41.796	
O1):-0.825	O2):42.504	
O1):-0.724	O2):31.186	
O1):-0.762	O2):32.123	
O1):-0.795	O2):44.44	
O1):-0.729	O2):31.451	
O1):-0.769	O2):33.252	
O1):-0.78	O2):33.86	
O1):-0.758	O2):32.013	
O1):-0.797	O2):37.054	
O1):-0.829	O2):53.771	
O1):-0.741	O2):32.298	
O1):-0.81	O2):38.774	
O1):-0.835	O2):48.019	
O1):-0.802	O2):38.874	
O1):-0.816	O2):38.99	
O1):-0.733	O2):32.062	
O1):-0.801	O2):37.653	
O1):-0.748	O2):31.433	
O1):-0.748	O2):31.433	
O1):-0.772	O2):33.509	
O1):-0.748	O2):31.433	
O1):-0.838	O2):48.457	
O1):-0.748	O2):31.433	
O1):-0.674	O2):26.742	
O1):-0.751	O2):32.52	
O1):-0.76	O2):32.263	
O1):-0.748	O2):31.433	
O1):-0.702	O2):27.599	
O1):-0.822	O2):43.074	
O1):-0.828	O2):43.324	
O1):-0.82	O2):43.385	
O1):-0.834	O2):43.418	
O1):-0.835	O2):44.084	
O1):-0.845	O2):49.485	
O1):-0.724	O2):31.186	
O1):-0.766	O2):32.905	
O1):-0.763	O2):32.839	
O1):-0.851	O2):48.606	
O1):-0.775	O2):32.883	
O1):-0.74	O2):33.021	
O1):-0.811	O2):39.354	
O1):-0.754	O2):31.744	
O1):-0.728	O2):31.272	
O1):-0.724	O2):31.189	
O1):-0.764	O2):32.196	
O1):-0.73	O2):31.566	
O1):-0.844	O2):49.181	
O1):-0.76	O2):32.336	
O1):-0.733	O2):32.104	
O1):-0.761	O2):31.875	
O1):-0.756	O2):32.134	
O1):-0.694	O2):27.52	
O1):-0.8	O2):37.383	
O1):-0.76	O2):32.347	
O1):-0.776	O2):33.558	
O1):-0.674	O2):26.72	
O1):-0.742	O2):31.597	
O1):-0.775	O2):32.909	
O1):-0.833	O2):44.085	
O1):-0.841	O2):49.287	
O1):-0.862	O2):54.149	
O1):-0.775	O2):32.909	
O1):-0.739	O2):32.031	
O1):-0.791	O2):37.978	
O1):-0.779	O2):38.128	
O1):-0.703	O2):28.06	
O1):-0.784	O2):34.023	
O1):-0.835	O2):44.859	
O1):-0.834	O2):43.418	
O1):-0.838	O2):48.457	
O1):-0.674	O2):27.222	
O1):-0.72	O2):29.068	
O1):-0.862	O2):54.149	
O1):-0.823	O2):43.361	
O1):-0.797	O2):43.875	
O1):-0.786	O2):34.236	
O1):-0.786	O2):34.236	
O1):-0.801	O2):37.86	
O1):-0.762	O2):33.888	
O1):-0.694	O2):27.52	
O1):-0.779	O2):33.335	
O1):-0.835	O2):44.083	
O1):-0.724	O2):31.186	
O1):-0.735	O2):31.877	
O1):-0.742	O2):34.947	
O1):-0.859	O2):53.257	
O1):-0.844	O2):49.181	
O1):-0.835	O2):44.084	
O1):-0.795	O2):36.674	
O1):-0.803	O2):43.746	
O1):-0.763	O2):32.839	
O1):-0.673	O2):26.725	
O1):-0.793	O2):36.832	
O1):-0.674	O2):27.223	
O1):-0.778	O2):33.106	
O1):-0.787	O2):39.35	
O1):-0.694	O2):27.52	
O1):-0.841	O2):47.886	
Evaluations:	900
O1):-0.841	O2):49.287	
O1):-0.746	O2):31.839	
O1):-0.769	O2):33.202	
O1):-0.756	O2):31.62	
O1):-0.833	O2):43.732	
Starting PrismExecutor worker 1 on port 11441
O1):-0.836	O2):48.54	
Connected worker 1 to port 11441
O1):-0.738	O2):32.954	
O1):-0.842	O2):52.204	
O1):-0.764	O2):32.201	
O1):-0.746	O2):31.839	
O1):-0.805	O2):38.726	
O1):-0.671	O2):26.489	
O1):-0.672	O2):27.297	
O1):-0.774	O2):35.832	
O1):-0.862	O2):54.149	
O1):-0.769	O2):33.202	
O1):-0.752	O2):31.744	
O1):-0.801	O2):37.653	
O1):-0.796	O2):37.019	
O1):-0.822	O2):43.074	
O1):-0.822	O2):43.074	
O1):-0.788	O2):34.472	
O1):-0.793	O2):38.24	
O1):-0.727	O2):31.018	
O1):-0.785	O2):37.947	
O1):-0.818	O2):41.72	
O1):-0.778	O2):34.055	
O1):-0.82	O2):43.642	
O1):-0.842	O2):53.251	
O1):-0.719	O2):29.328	
O1):-0.787	O2):34.931	
O1):-0.842	O2):53.251	
O1):-0.751	O2):32.651	
O1):-0.808	O2):38.692	
O1):-0.776	O2):32.922	
O1):-0.784	O2):36.452	
O1):-0.811	O2):39.354	
O1):-0.731	O2):31.462	
O1):-0.742	O2):31.597	
O1):-0.643	O2):26.477	
O1):-0.776	O2):33.495	
O1):-0.803	O2):49.993	
O1):-0.755	O2):33.216	
O1):-0.842	O2):53.251	
O1):-0.748	O2):31.763	
O1):-0.753	O2):31.904	
O1):-0.737	O2):32.168	
O1):-0.771	O2):36.799	
O1):-0.769	O2):33.252	
O1):-0.816	O2):37.978	
O1):-0.786	O2):34.617	
O1):-0.745	O2):33.167	
Evaluations:	1000
O1):-0.831	O2):63.784	
O1):-0.809	O2):41.911	
O1):-0.824	O2):48.47	
O1):-0.673	O2):26.725	
O1):-0.742	O2):33.003	
O1):-0.833	O2):44.085	
O1):-0.826	O2):44.286	
O1):-0.674	O2):27.222	
O1):-0.81	O2):38.957	
O1):-0.833	O2):43.7	
O1):-0.841	O2):47.886	
O1):-0.822	O2):43.074	
O1):-0.81	O2):42.946	
O1):-0.702	O2):27.432	
O1):-0.862	O2):54.149	
O1):-0.762	O2):32.739	
O1):-0.703	O2):28.06	
O1):-0.735	O2):34.849	
O1):-0.787	O2):34.869	
O1):-0.835	O2):48.265	
O1):-0.78	O2):37.961	
O1):-0.789	O2):37.083	
O1):-0.771	O2):33.964	
O1):-0.782	O2):33.819	
O1):-0.81	O2):38.958	
O1):-0.82	O2):42.709	
O1):-0.753	O2):33.431	
O1):-0.776	O2):33.495	
O1):-0.758	O2):37.549	
O1):-0.749	O2):32.74	
O1):-0.776	O2):35.976	
O1):-0.786	O2):33.968	
O1):-0.816	O2):37.971	
O1):-0.834	O2):43.783	
O1):-0.672	O2):27.298	
O1):-0.744	O2):30.401	
O1):-0.788	O2):37.298	
O1):-0.763	O2):34.108	
O1):-0.854	O2):53.912	
O1):-0.673	O2):26.725	
O1):-0.707	O2):27.704	
O1):-0.683	O2):27.57	
O1):-0.746	O2):31.839	
O1):-0.683	O2):27.57	
O1):-0.731	O2):31.462	
O1):-0.791	O2):37.748	
O1):-0.791	O2):37.738	
O1):-0.835	O2):44.856	
O1):-0.824	O2):48.468	
O1):-0.776	O2):33.495	
O1):-0.753	O2):32.823	
O1):-0.685	O2):30.982	
O1):-0.787	O2):34.077	
O1):-0.753	O2):31.904	
O1):-0.842	O2):53.251	
O1):-0.703	O2):28.061	
O1):-0.72	O2):29.371	
O1):-0.778	O2):33.51	
O1):-0.734	O2):35.116	
Starting PrismExecutor worker 0 on port 11440
O1):-0.683	O2):27.57	
O1):-0.829	O2):53.761	
Connected worker 0 to port 11440
O1):-0.769	O2):32.611	
O1):-0.741	O2):32.298	
O1):-0.673	O2):26.725	
O1):-0.753	O2):32.776	
O1):-0.851	O2):48.606	
O1):-0.788	O2):34.466	
O1):-0.671	O2):26.489	
O1):-0.833	O2):44.085	
O1):-0.818	O2):38.671	
O1):-0.822	O2):43.074	
O1):-0.742	O2):31.597	
O1):-0.766	O2):32.905	
O1):-0.853	O2):49.174	
O1):-0.767	O2):32.651	
O1):-0.851	O2):48.614	
O1):-0.785	O2):34.711	
O1):-0.703	O2):28.061	
O1):-0.862	O2):54.149	
O1):-0.722	O2):29.433	
O1):-0.72	O2):29.067	
O1):-0.822	O2):43.074	
O1):-0.797	O2):35.828	
O1):-0.784	O2):40.995	
O1):-0.836	O2):44.372	
O1):-0.729	O2):31.451	
O1):-0.836	O2):48.542	
O1):-0.812	O2):39.383	
O1):-0.748	O2):31.433	
O1):-0.766	O2):32.785	
O1):-0.825	O2):47.345	
O1):-0.673	O2):26.859	
O1):-0.816	O2):37.978	
O1):-0.702	O2):27.608	
O1):-0.695	O2):28.129	
O1):-0.702	O2):28.723	
O1):-0.727	O2):31.018	
O1):-0.732	O2):31.645	
O1):-0.766	O2):32.859	
O1):-0.794	O2):37.76	
O1):-0.766	O2):32.905	
O1):-0.822	O2):43.074	
O1):-0.843	O2):49.435	
O1):-0.707	O2):27.415	
O1):-0.773	O2):32.424	
O1):-0.813	O2):39.578	
O1):-0.838	O2):48.457	
O1):-0.798	O2):35.875	
O1):-0.754	O2):33.097	
O1):-0.859	O2):53.257	
O1):-0.744	O2):30.401	
O1):-0.842	O2):53.251	
O1):-0.702	O2):27.096	
O1):-0.838	O2):48.457	
O1):-0.788	O2):43.694	
O1):-0.836	O2):44.372	
O1):-0.724	O2):31.185	
O1):-0.799	O2):37.324	
O1):-0.778	O2):33.51	
O1):-0.85	O2):48.291	
O1):-0.752	O2):31.743	
O1):-0.724	O2):28.909	
O1):-0.775	O2):32.885	
O1):-0.787	O2):39.347	
O1):-0.818	O2):43.514	
O1):-0.8	O2):37.377	
O1):-0.851	O2):48.605	
O1):-0.842	O2):53.251	
O1):-0.758	O2):31.337	
O1):-0.766	O2):32.905	
O1):-0.824	O2):48.468	
O1):-0.788	O2):34.466	
O1):-0.842	O2):49.409	
O1):-0.842	O2):49.696	
O1):-0.738	O2):31.734	
O1):-0.732	O2):31.901	
O1):-0.713	O2):30.515	
O1):-0.769	O2):34.378	
O1):-0.715	O2):30.675	
O1):-0.758	O2):32.008	
O1):-0.8	O2):37.734	
O1):-0.779	O2):45.719	
O1):-0.822	O2):43.074	
O1):-0.756	O2):31.62	
Evaluations:	900
O1):-0.777	O2):33.424	
O1):-0.789	O2):34.685	
O1):-0.767	O2):32.727	
O1):-0.777	O2):33.302	
O1):-0.822	O2):43.074	
O1):-0.807	O2):42.603	
O1):-0.744	O2):30.401	
O1):-0.776	O2):33.558	
O1):-0.858	O2):53.904	
O1):-0.76	O2):31.662	
O1):-0.766	O2):34.047	
O1):-0.843	O2):49.435	
O1):-0.838	O2):48.457	
O1):-0.822	O2):43.074	
O1):-0.809	O2):38.742	
O1):-0.833	O2):42.522	
O1):-0.672	O2):27.297	
Starting PrismExecutor worker 2 on port 11442
O1):-0.753	O2):31.549	
O1):-0.813	O2):39.393	
Connected worker 2 to port 11442
O1):-0.806	O2):38.864	
O1):-0.765	O2):32.802	
O1):-0.819	O2):43.237	
O1):-0.724	O2):31.185	
O1):-0.762	O2):34.195	
O1):-0.714	O2):30.826	
O1):-0.703	O2):28.06	
O1):-0.768	O2):33.105	
O1):-0.73	O2):31.566	
O1):-0.72	O2):27.753	
O1):-0.838	O2):48.457	
O1):-0.71	O2):27.747	
O1):-0.851	O2):48.605	
O1):-0.8	O2):37.531	
O1):-0.786	O2):38.846	
Evaluations:	900
O1):-0.703	O2):28.06	
O1):-0.82	O2):43.983	
O1):-0.825	O2):42.504	
O1):-0.828	O2):44.078	
O1):-0.798	O2):38.289	
O1):-0.851	O2):48.614	
O1):-0.758	O2):31.864	
O1):-0.738	O2):31.939	
O1):-0.772	O2):33.509	
O1):-0.822	O2):43.074	
O1):-0.77	O2):33.391	
O1):-0.761	O2):31.958	
O1):-0.761	O2):32.457	
O1):-0.763	O2):32.849	
O1):-0.721	O2):28.63	
O1):-0.841	O2):47.886	
O1):-0.757	O2):33.6	
O1):-0.817	O2):37.91	
O1):-0.799	O2):37.697	
O1):-0.826	O2):44.188	
O1):-0.762	O2):36.233	
Evaluations:	800
O1):-0.694	O2):27.52	
O1):-0.842	O2):53.251	
O1):-0.791	O2):35.563	
O1):-0.695	O2):27.496	
O1):-0.842	O2):53.251	
O1):-0.779	O2):34.281	
O1):-0.842	O2):48.077	
O1):-0.801	O2):37.653	
O1):-0.672	O2):27.298	
O1):-0.788	O2):41.217	
O1):-0.707	O2):27.415	
O1):-0.82	O2):43.636	
O1):-0.766	O2):32.867	
O1):-0.761	O2):32.502	
O1):-0.836	O2):44.37	
O1):-0.694	O2):27.634	
O1):-0.672	O2):27.298	
O1):-0.82	O2):43.636	
O1):-0.81	O2):38.958	
O1):-0.851	O2):48.606	
O1):-0.826	O2):43.069	
O1):-0.779	O2):45.733	
O1):-0.719	O2):29.351	
O1):-0.702	O2):27.432	
O1):-0.714	O2):30.643	
O1):-0.739	O2):31.186	
O1):-0.842	O2):53.251	
O1):-0.673	O2):26.725	
O1):-0.671	O2):26.489	
O1):-0.82	O2):43.385	
O1):-0.733	O2):32.189	
O1):-0.822	O2):43.198	
O1):-0.732	O2):31.504	
O1):-0.762	O2):32.531	
O1):-0.836	O2):45.733	
O1):-0.822	O2):43.074	
O1):-0.836	O2):45.733	
O1):-0.738	O2):31.734	
O1):-0.784	O2):34.453	
O1):-0.817	O2):37.909	
O1):-0.842	O2):53.251	
O1):-0.858	O2):53.922	
O1):-0.727	O2):32.37	
O1):-0.784	O2):38.431	
O1):-0.843	O2):49.436	
O1):-0.713	O2):30.514	
O1):-0.764	O2):32.173	
O1):-0.741	O2):31.194	
O1):-0.835	O2):44.082	
O1):-0.782	O2):33.932	
O1):-0.78	O2):34.423	
O1):-0.761	O2):32.457	
O1):-0.791	O2):40.559	
O1):-0.81	O2):38.957	
O1):-0.762	O2):32.766	
O1):-0.749	O2):33.042	
O1):-0.775	O2):32.883	
O1):-0.673	O2):26.725	
O1):-0.72	O2):29.068	
Starting PrismExecutor worker 3 on port 11443
O1):-0.792	O2):35.744	
O1):-0.702	O2):27.405	
Connected worker 3 to port 11443
O1):-0.81	O2):39.034	
O1):-0.83	O2):58.918	
O1):-0.843	O2):49.576	
O1):-0.744	O2):30.401	
O1):-0.771	O2):33.14	
O1):-0.781	O2):33.846	
O1):-0.779	O2):45.719	
O1):-0.838	O2):48.457	
O1):-0.834	O2):44.986	
O1):-0.752	O2):32.717	
O1):-0.825	O2):43.834	
O1):-0.734	O2):33.141	
O1):-0.809	O2):38.688	
O1):-0.807	O2):51.345	
O1):-0.723	O2):30.959	
O1):-0.811	O2):39.122	
O1):-0.695	O2):27.496	
O1):-0.838	O2):48.457	
O1):-0.836	O2):48.54	
O1):-0.816	O2):38.022	
O1):-0.76	O2):31.747	
O1):-0.793	O2):38.195	
O1):-0.801	O2):37.621	
O1):-0.842	O2):53.251	
O1):-0.811	O2):42.351	
O1):-0.853	O2):49.174	
O1):-0.738	O2):43.03	
O1):-0.702	O2):28.721	
O1):-0.747	O2):32.149	
O1):-0.822	O2):43.074	
O1):-0.672	O2):27.298	
O1):-0.821	O2):43.595	
O1):-0.854	O2):54.206	
O1):-0.812	O2):39.258	
O1):-0.798	O2):35.875	
O1):-0.816	O2):37.978	
O1):-0.756	O2):32.134	
O1):-0.843	O2):53.62	
O1):-0.779	O2):33.482	
O1):-0.82	O2):43.636	
O1):-0.703	O2):27.795	
O1):-0.828	O2):43.65	
O1):-0.838	O2):48.457	
O1):-0.775	O2):33.853	
O1):-0.705	O2):28.163	
O1):-0.77	O2):34.204	
O1):-0.784	O2):38.431	
O1):-0.683	O2):27.57	
O1):-0.724	O2):31.185	
O1):-0.784	O2):37.076	
O1):-0.822	O2):43.074	
O1):-0.757	O2):33.729	
O1):-0.821	O2):42.936	
O1):-0.834	O2):43.781	
O1):-0.736	O2):31.321	
O1):-0.695	O2):28.129	
O1):-0.842	O2):53.251	
O1):-0.672	O2):27.297	
O1):-0.692	O2):27.589	
O1):-0.786	O2):33.976	
O1):-0.842	O2):53.251	
O1):-0.785	O2):34.448	
O1):-0.842	O2):53.251	
O1):-0.842	O2):53.251	
O1):-0.709	O2):28.158	
O1):-0.854	O2):54.301	
O1):-0.695	O2):28.129	
O1):-0.843	O2):49.437	
O1):-0.753	O2):31.544	
O1):-0.754	O2):31.744	
O1):-0.829	O2):53.761	
O1):-0.724	O2):31.186	
O1):-0.754	O2):33.985	
O1):-0.8	O2):37.734	
O1):-0.803	O2):39.04	
O1):-0.744	O2):30.421	
O1):-0.72	O2):29.07	
O1):-0.779	O2):33.335	
O1):-0.707	O2):27.415	
O1):-0.786	O2):34.015	
O1):-0.741	O2):32.298	
O1):-0.851	O2):48.606	
O1):-0.702	O2):27.599	
O1):-0.748	O2):31.433	
O1):-0.786	O2):33.972	
O1):-0.822	O2):43.074	
O1):-0.741	O2):31.193	
O1):-0.834	O2):43.418	
O1):-0.671	O2):26.53	
O1):-0.694	O2):27.634	
O1):-0.776	O2):33.495	
Evaluations:	900
O1):-0.723	O2):28.844	
Starting PrismExecutor worker 1 on port 11431
O1):-0.756	O2):31.62	
Connected worker 1 to port 11431
O1):-0.842	O2):53.251	
O1):-0.703	O2):27.752	
O1):-0.843	O2):49.435	
O1):-0.753	O2):31.904	
O1):-0.83	O2):44.345	
O1):-0.838	O2):48.455	
O1):-0.777	O2):32.816	
O1):-0.71	O2):27.747	
O1):-0.758	O2):32.008	
O1):-0.858	O2):53.924	
O1):-0.736	O2):31.773	
O1):-0.756	O2):31.62	
O1):-0.834	O2):44.933	
O1):-0.74	O2):33.618	
O1):-0.743	O2):34.448	
O1):-0.822	O2):43.198	
O1):-0.838	O2):48.457	
O1):-0.759	O2):31.739	
O1):-0.826	O2):44.286	
O1):-0.753	O2):31.904	
O1):-0.843	O2):49.435	
O1):-0.822	O2):43.074	
O1):-0.738	O2):31.734	
O1):-0.753	O2):31.904	
O1):-0.834	O2):44.933	
O1):-0.802	O2):37.817	
O1):-0.825	O2):43.452	
O1):-0.81	O2):38.958	
O1):-0.741	O2):32.298	
O1):-0.862	O2):54.151	
Evaluations:	900
O1):-0.792	O2):35.744	
O1):-0.719	O2):29.329	
O1):-0.739	O2):31.955	
O1):-0.752	O2):31.744	
O1):-0.733	O2):31.556	
O1):-0.841	O2):49.287	
O1):-0.722	O2):29.157	
O1):-0.704	O2):28.03	
O1):-0.736	O2):31.678	
O1):-0.822	O2):43.074	
O1):-0.842	O2):53.251	
O1):-0.731	O2):31.453	
O1):-0.786	O2):34.019	
O1):-0.741	O2):32.295	
O1):-0.776	O2):33.495	
O1):-0.81	O2):38.958	
O1):-0.793	O2):37.699	
O1):-0.703	O2):27.795	
O1):-0.741	O2):32.298	
O1):-0.809	O2):38.757	
O1):-0.778	O2):34.054	
O1):-0.806	O2):38.262	
O1):-0.722	O2):30.459	
O1):-0.77	O2):33.912	
O1):-0.81	O2):42.996	
O1):-0.707	O2):27.415	
O1):-0.834	O2):43.675	
O1):-0.724	O2):29.248	
O1):-0.854	O2):49.487	
O1):-0.736	O2):32.038	
O1):-0.724	O2):31.185	
O1):-0.845	O2):49.386	
O1):-0.753	O2):31.904	
O1):-0.845	O2):49.386	
O1):-0.842	O2):53.251	
O1):-0.802	O2):37.817	
O1):-0.806	O2):38.76	
O1):-0.764	O2):32.174	
O1):-0.724	O2):31.185	
O1):-0.702	O2):27.6	
O1):-0.721	O2):28.63	
O1):-0.675	O2):26.825	
O1):-0.761	O2):32.457	
O1):-0.76	O2):32.263	
O1):-0.78	O2):33.813	
O1):-0.683	O2):27.57	
O1):-0.753	O2):31.904	
O1):-0.805	O2):38.765	
O1):-0.829	O2):53.761	
O1):-0.822	O2):43.074	
O1):-0.733	O2):32.218	
O1):-0.82	O2):38.886	
O1):-0.81	O2):38.997	
O1):-0.834	O2):43.646	
O1):-0.743	O2):35.1	
O1):-0.825	O2):42.504	
O1):-0.741	O2):32.987	
O1):-0.842	O2):53.251	
O1):-0.757	O2):36.573	
O1):-0.802	O2):37.817	
O1):-0.838	O2):48.457	
O1):-0.731	O2):31.453	
Starting PrismExecutor worker 0 on port 11490
O1):-0.728	O2):29.298	
Connected worker 0 to port 11490
O1):-0.796	O2):36.915	
O1):-0.771	O2):33.495	
O1):-0.792	O2):35.743	
O1):-0.765	O2):34.58	
O1):-0.83	O2):44.345	
O1):-0.742	O2):34.947	
O1):-0.833	O2):43.783	
O1):-0.82	O2):40.717	
O1):-0.843	O2):49.435	
O1):-0.693	O2):27.277	
O1):-0.753	O2):31.904	
O1):-0.822	O2):43.074	
O1):-0.671	O2):26.53	
O1):-0.778	O2):37.889	
O1):-0.821	O2):43.595	
O1):-0.702	O2):27.432	
O1):-0.702	O2):27.432	
O1):-0.767	O2):33.116	
O1):-0.673	O2):26.725	
O1):-0.762	O2):32.766	
O1):-0.821	O2):43.746	
O1):-0.727	O2):31.021	
O1):-0.707	O2):27.414	
O1):-0.776	O2):33.576	
O1):-0.766	O2):33.083	
O1):-0.834	O2):43.418	
O1):-0.673	O2):26.725	
O1):-0.836	O2):48.525	
O1):-0.772	O2):33.509	
O1):-0.762	O2):33.483	
O1):-0.862	O2):54.149	
O1):-0.799	O2):37.678	
O1):-0.816	O2):38.99	
O1):-0.803	O2):38.313	
O1):-0.842	O2):53.251	
O1):-0.723	O2):28.339	
O1):-0.785	O2):36.831	
O1):-0.723	O2):28.774	
Evaluations:	900
O1):-0.814	O2):39.731	
O1):-0.731	O2):31.449	
O1):-0.834	O2):43.783	
O1):-0.703	O2):27.251	
O1):-0.817	O2):42.079	
O1):-0.762	O2):32.123	
O1):-0.683	O2):27.57	
O1):-0.786	O2):34.449	
O1):-0.853	O2):49.172	
O1):-0.671	O2):26.478	
O1):-0.728	O2):31.272	
O1):-0.803	O2):39.639	
O1):-0.802	O2):37.767	
O1):-0.801	O2):37.857	
O1):-0.802	O2):37.817	
O1):-0.81	O2):38.958	
O1):-0.763	O2):32.201	
O1):-0.821	O2):43.744	
O1):-0.694	O2):27.52	
O1):-0.759	O2):32.351	
O1):-0.753	O2):31.544	
O1):-0.761	O2):32.457	
O1):-0.762	O2):32.566	
O1):-0.724	O2):31.185	
O1):-0.785	O2):36.722	
O1):-0.792	O2):43.217	
O1):-0.793	O2):37.064	
O1):-0.845	O2):49.386	
O1):-0.724	O2):31.185	
O1):-0.776	O2):33.576	
O1):-0.702	O2):27.599	
O1):-0.74	O2):31.231	
O1):-0.808	O2):42.141	
O1):-0.809	O2):39.063	
O1):-0.753	O2):31.557	
O1):-0.836	O2):48.542	
O1):-0.764	O2):32.465	
O1):-0.838	O2):48.457	
O1):-0.786	O2):37.769	
O1):-0.816	O2):37.766	
O1):-0.703	O2):27.433	
O1):-0.694	O2):27.52	
O1):-0.838	O2):48.457	
O1):-0.793	O2):36.852	
O1):-0.803	O2):39.04	
O1):-0.727	O2):38.088	
O1):-0.854	O2):54.302	
O1):-0.724	O2):28.91	
O1):-0.77	O2):38.59	
O1):-0.777	O2):32.815	
O1):-0.853	O2):49.176	
O1):-0.812	O2):42.961	
Starting PrismExecutor worker 2 on port 11432
O1):-0.842	O2):53.251	
O1):-0.829	O2):44.519	
O1):-0.822	O2):43.074	
Connected worker 2 to port 11432
O1):-0.816	O2):38.99	
O1):-0.841	O2):49.287	
O1):-0.826	O2):44.286	
O1):-0.811	O2):42.376	
O1):-0.802	O2):37.896	
O1):-0.728	O2):31.272	
O1):-0.825	O2):43.471	
O1):-0.756	O2):31.62	
O1):-0.811	O2):39.028	
O1):-0.82	O2):43.643	
O1):-0.814	O2):37.943	
O1):-0.819	O2):43.936	
O1):-0.8	O2):37.377	
O1):-0.802	O2):37.813	
O1):-0.788	O2):34.986	
O1):-0.787	O2):34.931	
O1):-0.761	O2):32.318	
O1):-0.819	O2):48.464	
O1):-0.674	O2):26.742	
O1):-0.77	O2):38.59	
O1):-0.779	O2):34.281	
O1):-0.784	O2):34.023	
O1):-0.674	O2):27.223	
O1):-0.772	O2):40.89	
O1):-0.732	O2):31.645	
O1):-0.834	O2):44.986	
O1):-0.795	O2):36.824	
O1):-0.83	O2):53.822	
O1):-0.791	O2):34.431	
O1):-0.791	O2):35.564	
O1):-0.806	O2):42.263	
O1):-0.843	O2):49.435	
O1):-0.741	O2):31.229	
O1):-0.823	O2):48.097	
O1):-0.841	O2):49.287	
O1):-0.711	O2):28.998	
O1):-0.761	O2):32.746	
O1):-0.793	O2):37.064	
O1):-0.826	O2):43.064	
O1):-0.84	O2):48.876	
O1):-0.724	O2):31.185	
O1):-0.744	O2):30.421	
O1):-0.826	O2):43.084	
O1):-0.811	O2):39.122	
O1):-0.762	O2):32.739	
O1):-0.724	O2):29.248	
O1):-0.778	O2):33.51	
O1):-0.842	O2):53.251	
O1):-0.762	O2):32.57	
O1):-0.822	O2):43.074	
O1):-0.731	O2):31.453	
O1):-0.756	O2):31.62	
O1):-0.76	O2):32.33	
O1):-0.753	O2):31.544	
O1):-0.762	O2):32.766	
O1):-0.854	O2):49.487	
O1):-0.842	O2):53.251	
O1):-0.776	O2):33.558	
O1):-0.798	O2):59.081	
O1):-0.745	O2):32.431	
O1):-0.706	O2):27.588	
O1):-0.818	O2):39.995	
O1):-0.789	O2):36.86	
O1):-0.719	O2):29.328	
O1):-0.764	O2):32.174	
O1):-0.723	O2):28.844	
O1):-0.819	O2):41.78	
O1):-0.777	O2):33.302	
O1):-0.834	O2):43.82	
O1):-0.705	O2):28.163	
O1):-0.793	O2):44.385	
O1):-0.765	O2):38.96	
O1):-0.842	O2):53.255	
O1):-0.677	O2):30.604	
O1):-0.794	O2):37.632	
O1):-0.674	O2):26.72	
O1):-0.843	O2):49.435	
O1):-0.844	O2):48.799	
O1):-0.775	O2):38.414	
O1):-0.766	O2):32.905	
O1):-0.776	O2):33.391	
O1):-0.731	O2):33.25	
O1):-0.673	O2):26.725	
O1):-0.796	O2):36.954	
O1):-0.825	O2):42.504	
O1):-0.672	O2):27.298	
O1):-0.799	O2):37.303	
O1):-0.751	O2):33.104	
O1):-0.76	O2):31.662	
O1):-0.689	O2):27.076	
O1):-0.819	O2):38.667	
O1):-0.797	O2):37.061	
O1):-0.756	O2):32.134	
O1):-0.814	O2):41.796	
O1):-0.784	O2):33.736	
O1):-0.765	O2):32.837	
O1):-0.763	O2):32.839	
O1):-0.842	O2):49.409	
O1):-0.795	O2):35.812	
O1):-0.836	O2):45.733	
O1):-0.748	O2):32.417	
Starting PrismExecutor worker 3 on port 11493
O1):-0.748	O2):31.433	
O1):-0.825	O2):42.504	
Connected worker 3 to port 11493
O1):-0.789	O2):34.816	
O1):-0.693	O2):27.278	
O1):-0.826	O2):48.793	
O1):-0.821	O2):43.089	
O1):-0.842	O2):53.251	
O1):-0.707	O2):27.415	
O1):-0.744	O2):30.401	
O1):-0.838	O2):48.457	
O1):-0.799	O2):37.678	
O1):-0.784	O2):38.429	
O1):-0.707	O2):27.415	
O1):-0.761	O2):32.457	
O1):-0.765	O2):39.997	
O1):-0.81	O2):40.217	
O1):-0.862	O2):54.149	
O1):-0.738	O2):31.734	
O1):-0.694	O2):27.52	
O1):-0.814	O2):39.731	
O1):-0.674	O2):26.72	
O1):-0.683	O2):27.57	
O1):-0.835	O2):48.265	
O1):-0.79	O2):34.849	
O1):-0.723	O2):28.388	
O1):-0.746	O2):31.839	
O1):-0.823	O2):43.361	
O1):-0.742	O2):34.947	
O1):-0.766	O2):32.905	
O1):-0.826	O2):43.068	
O1):-0.765	O2):32.586	
O1):-0.727	O2):31.018	
O1):-0.822	O2):43.074	
O1):-0.773	O2):32.419	
O1):-0.816	O2):37.971	
O1):-0.784	O2):38.649	
O1):-0.753	O2):31.904	
O1):-0.769	O2):33.202	
O1):-0.811	O2):39.346	
O1):-0.739	O2):31.186	
O1):-0.819	O2):38.459	
O1):-0.842	O2):48.613	
O1):-0.842	O2):53.251	
O1):-0.808	O2):42.141	
O1):-0.724	O2):31.185	
O1):-0.851	O2):48.609	
O1):-0.824	O2):48.468	
O1):-0.793	O2):44.385	
O1):-0.82	O2):39.226	
O1):-0.788	O2):42.583	
O1):-0.746	O2):31.839	
O1):-0.842	O2):53.251	
O1):-0.802	O2):37.817	
O1):-0.766	O2):32.905	
O1):-0.766	O2):32.905	
O1):-0.863	O2):54.298	
O1):-0.843	O2):49.435	
O1):-0.806	O2):38.625	
O1):-0.81	O2):38.958	
O1):-0.762	O2):32.739	
O1):-0.694	O2):27.634	
O1):-0.695	O2):27.496	
O1):-0.767	O2):32.727	
O1):-0.776	O2):35.724	
O1):-0.826	O2):44.286	
O1):-0.694	O2):27.52	
O1):-0.784	O2):33.695	
O1):-0.803	O2):39.04	
O1):-0.672	O2):27.297	
O1):-0.768	O2):33.105	
O1):-0.674	O2):26.742	
O1):-0.793	O2):36.832	
O1):-0.858	O2):53.906	
O1):-0.764	O2):32.567	
O1):-0.843	O2):49.435	
O1):-0.81	O2):39.071	
Evaluations:	1100
O1):-0.707	O2):27.415	
O1):-0.776	O2):33.558	
O1):-0.766	O2):32.905	
O1):-0.745	O2):30.237	
O1):-0.74	O2):34.869	
O1):-0.842	O2):53.251	
O1):-0.695	O2):28.129	
O1):-0.836	O2):48.54	
O1):-0.77	O2):32.832	
O1):-0.727	O2):31.02	
O1):-0.779	O2):34.281	
O1):-0.802	O2):39.417	
O1):-0.71	O2):27.747	
O1):-0.772	O2):33.525	
O1):-0.758	O2):32.008	
O1):-0.777	O2):33.595	
O1):-0.793	O2):40.527	
O1):-0.759	O2):31.739	
O1):-0.695	O2):27.496	
O1):-0.834	O2):43.418	
O1):-0.816	O2):37.78	
O1):-0.774	O2):38.828	
O1):-0.804	O2):38.387	
O1):-0.836	O2):44.388	
Starting PrismExecutor worker 1 on port 11491
O1):-0.811	O2):39.122	
Starting PrismExecutor worker 2 on port 11482
O1):-0.796	O2):36.915	
O1):-0.862	O2):54.149	
Connected worker 1 to port 11491
Connected worker 2 to port 11482
O1):-0.739	O2):35.127	
O1):-0.799	O2):37.678	
O1):-0.779	O2):33.528	
O1):-0.761	O2):32.428	
O1):-0.798	O2):37.901	
O1):-0.786	O2):33.968	
O1):-0.703	O2):28.418	
O1):-0.784	O2):34.453	
O1):-0.694	O2):27.61	
O1):-0.825	O2):42.504	
O1):-0.821	O2):42.936	
O1):-0.673	O2):26.725	
O1):-0.79	O2):35.396	
O1):-0.744	O2):30.401	
O1):-0.778	O2):33.51	
O1):-0.862	O2):54.149	
O1):-0.672	O2):26.515	
O1):-0.719	O2):29.328	
O1):-0.766	O2):32.905	
O1):-0.749	O2):33.861	
O1):-0.723	O2):31.868	
O1):-0.738	O2):33.061	
O1):-0.744	O2):30.401	
O1):-0.724	O2):29.248	
O1):-0.727	O2):31.018	
O1):-0.702	O2):27.096	
O1):-0.729	O2):29.351	
O1):-0.768	O2):32.582	
O1):-0.779	O2):45.721	
O1):-0.787	O2):36.957	
Evaluations:	1000
O1):-0.772	O2):33.509	
O1):-0.838	O2):48.456	
O1):-0.742	O2):35.238	
O1):-0.761	O2):32.457	
O1):-0.766	O2):32.905	
O1):-0.741	O2):31.279	
O1):-0.702	O2):27.432	
O1):-0.765	O2):34.558	
O1):-0.753	O2):31.904	
O1):-0.786	O2):37.68	
O1):-0.843	O2):49.576	
O1):-0.753	O2):31.904	
O1):-0.843	O2):49.435	
O1):-0.697	O2):26.829	
O1):-0.759	O2):32.351	
O1):-0.816	O2):42.637	
O1):-0.719	O2):31.258	
O1):-0.762	O2):32.531	
O1):-0.694	O2):27.52	
O1):-0.671	O2):26.478	
O1):-0.817	O2):37.909	
O1):-0.789	O2):34.952	
O1):-0.811	O2):39.321	
O1):-0.772	O2):33.509	
O1):-0.673	O2):26.725	
O1):-0.78	O2):33.813	
O1):-0.81	O2):39.005	
Evaluations:	900
O1):-0.734	O2):32.147	
O1):-0.821	O2):42.95	
O1):-0.835	O2):43.821	
O1):-0.796	O2):36.915	
O1):-0.763	O2):32.839	
O1):-0.756	O2):32.193	
O1):-0.789	O2):37.481	
O1):-0.718	O2):28.61	
O1):-0.765	O2):32.837	
O1):-0.776	O2):33.558	
O1):-0.731	O2):31.455	
O1):-0.821	O2):42.936	
O1):-0.822	O2):43.074	
O1):-0.784	O2):34.023	
O1):-0.803	O2):39.04	
O1):-0.786	O2):34.805	
O1):-0.766	O2):32.905	
O1):-0.802	O2):37.866	
Evaluations:	1000
O1):-0.746	O2):31.839	
O1):-0.71	O2):27.747	
O1):-0.776	O2):33.495	
O1):-0.771	O2):33.383	
O1):-0.821	O2):42.936	
O1):-0.769	O2):33.202	
O1):-0.759	O2):31.621	
O1):-0.834	O2):44.986	
O1):-0.787	O2):39.476	
O1):-0.784	O2):34.45	
O1):-0.672	O2):27.297	
O1):-0.771	O2):38.066	
O1):-0.822	O2):43.074	
O1):-0.741	O2):31.167	
O1):-0.8	O2):37.377	
O1):-0.672	O2):26.515	
O1):-0.776	O2):33.558	
O1):-0.777	O2):43.627	
O1):-0.802	O2):37.813	
O1):-0.789	O2):33.971	
O1):-0.772	O2):33.509	
O1):-0.786	O2):33.968	
O1):-0.798	O2):35.875	
O1):-0.702	O2):27.599	
O1):-0.708	O2):28.221	
O1):-0.743	O2):31.122	
O1):-0.673	O2):26.738	
O1):-0.843	O2):49.435	
O1):-0.772	O2):40.89	
O1):-0.748	O2):32.02	
O1):-0.765	O2):34.061	
O1):-0.797	O2):37.103	
O1):-0.786	O2):34.236	
O1):-0.862	O2):54.149	
O1):-0.754	O2):38.845	
O1):-0.802	O2):37.926	
O1):-0.854	O2):54.302	
O1):-0.758	O2):31.864	
O1):-0.683	O2):27.57	
O1):-0.831	O2):63.784	
O1):-0.758	O2):31.959	
O1):-0.673	O2):26.725	
O1):-0.743	O2):32.517	
O1):-0.83	O2):53.765	
O1):-0.842	O2):53.251	
O1):-0.731	O2):31.287	
O1):-0.82	O2):42.709	
O1):-0.738	O2):31.734	
O1):-0.694	O2):27.52	
O1):-0.822	O2):43.074	
O1):-0.724	O2):29.248	
O1):-0.859	O2):53.257	
O1):-0.738	O2):31.77	
O1):-0.793	O2):44.391	
O1):-0.843	O2):49.435	
O1):-0.694	O2):27.639	
O1):-0.816	O2):39.027	
O1):-0.79	O2):34.612	
O1):-0.766	O2):32.859	
O1):-0.79	O2):34.612	
O1):-0.79	O2):34.612	
O1):-0.753	O2):31.904	
O1):-0.793	O2):37.064	
O1):-0.833	O2):44.832	
O1):-0.761	O2):32.457	
O1):-0.78	O2):33.541	
O1):-0.817	O2):42.078	
O1):-0.719	O2):29.328	
O1):-0.724	O2):28.81	
O1):-0.811	O2):39.122	
O1):-0.797	O2):35.828	
O1):-0.785	O2):36.715	
O1):-0.811	O2):39.122	
O1):-0.821	O2):42.771	
O1):-0.803	O2):38.313	
O1):-0.762	O2):32.821	
O1):-0.829	O2):53.761	
O1):-0.725	O2):30.932	
O1):-0.818	O2):38.363	
O1):-0.768	O2):33.284	
O1):-0.817	O2):42.02	
O1):-0.793	O2):37.248	
O1):-0.835	O2):48.265	
O1):-0.772	O2):33.509	
O1):-0.723	O2):28.27	
O1):-0.767	O2):33.119	
O1):-0.776	O2):33.558	
O1):-0.742	O2):34.652	
O1):-0.79	O2):37.648	
O1):-0.817	O2):37.909	
O1):-0.825	O2):42.504	
O1):-0.8	O2):37.377	
O1):-0.807	O2):38.553	
O1):-0.819	O2):42.623	
O1):-0.802	O2):37.817	
O1):-0.761	O2):32.457	
O1):-0.728	O2):29.308	
O1):-0.785	O2):36.715	
O1):-0.731	O2):31.703	
O1):-0.762	O2):32.739	
O1):-0.719	O2):29.347	
O1):-0.701	O2):27.183	
O1):-0.798	O2):37.96	
O1):-0.728	O2):32.882	
O1):-0.72	O2):29.371	
O1):-0.858	O2):53.882	
O1):-0.761	O2):32.502	
O1):-0.705	O2):28.163	
O1):-0.824	O2):48.47	
O1):-0.73	O2):31.287	
O1):-0.76	O2):31.875	
O1):-0.772	O2):33.509	
O1):-0.843	O2):49.435	
O1):-0.843	O2):49.435	
O1):-0.772	O2):33.525	
O1):-0.838	O2):48.455	
Starting PrismExecutor worker 3 on port 11433
O1):-0.738	O2):31.734	
Connected worker 3 to port 11433
O1):-0.674	O2):26.746	
O1):-0.822	O2):43.074	
O1):-0.841	O2):49.287	
O1):-0.76	O2):31.662	
O1):-0.78	O2):33.279	
O1):-0.76	O2):31.754	
O1):-0.803	O2):38.313	
O1):-0.845	O2):49.386	
O1):-0.78	O2):39.128	
O1):-0.798	O2):35.875	
O1):-0.809	O2):39.111	
O1):-0.806	O2):38.773	
O1):-0.771	O2):36.432	
O1):-0.73	O2):31.287	
O1):-0.789	O2):37.018	
O1):-0.827	O2):43.506	
O1):-0.825	O2):47.629	
O1):-0.724	O2):29.248	
O1):-0.854	O2):49.487	
O1):-0.767	O2):33.148	
O1):-0.674	O2):26.742	
O1):-0.749	O2):32.683	
O1):-0.804	O2):38.211	
O1):-0.761	O2):32.457	
O1):-0.766	O2):32.905	
O1):-0.822	O2):43.074	
O1):-0.746	O2):31.214	
O1):-0.759	O2):32.351	
O1):-0.766	O2):32.905	
O1):-0.761	O2):32.529	
O1):-0.758	O2):33.718	
O1):-0.843	O2):49.435	
O1):-0.719	O2):29.329	
O1):-0.695	O2):28.129	
O1):-0.842	O2):53.251	
O1):-0.788	O2):37.267	
O1):-0.732	O2):31.645	
O1):-0.788	O2):34.808	
O1):-0.703	O2):28.059	
O1):-0.805	O2):48.597	
O1):-0.825	O2):42.505	
O1):-0.713	O2):32.33	
O1):-0.762	O2):32.123	
O1):-0.833	O2):48.857	
O1):-0.822	O2):43.074	
O1):-0.784	O2):34.023	
O1):-0.786	O2):33.968	
O1):-0.749	O2):32.59	
O1):-0.811	O2):39.321	
O1):-0.761	O2):32.457	
O1):-0.728	O2):31.342	
O1):-0.822	O2):43.074	
O1):-0.674	O2):26.742	
O1):-0.764	O2):32.182	
O1):-0.711	O2):28.52	
O1):-0.824	O2):48.468	
O1):-0.671	O2):26.489	
O1):-0.811	O2):39.122	
O1):-0.816	O2):37.971	
O1):-0.754	O2):31.674	
O1):-0.844	O2):48.799	
O1):-0.808	O2):42.141	
O1):-0.789	O2):36.86	
O1):-0.842	O2):52.204	
O1):-0.804	O2):38.387	
O1):-0.799	O2):38.327	
O1):-0.805	O2):38.843	
O1):-0.743	O2):35.385	
O1):-0.834	O2):44.933	
O1):-0.769	O2):32.611	
O1):-0.647	O2):27.092	
O1):-0.821	O2):42.936	
O1):-0.767	O2):33.431	
O1):-0.723	O2):28.844	
O1):-0.766	O2):34.007	
O1):-0.843	O2):49.435	
O1):-0.843	O2):49.435	
O1):-0.749	O2):32.193	
O1):-0.797	O2):35.828	
O1):-0.802	O2):37.813	
O1):-0.827	O2):44.02	
O1):-0.791	O2):37.633	
O1):-0.775	O2):32.883	
O1):-0.727	O2):31.019	
O1):-0.743	O2):35.121	
O1):-0.787	O2):34.883	
O1):-0.753	O2):31.544	
O1):-0.793	O2):41.387	
O1):-0.761	O2):32.457	
O1):-0.683	O2):27.57	
O1):-0.753	O2):31.911	
O1):-0.776	O2):33.486	
O1):-0.762	O2):32.821	
O1):-0.702	O2):27.096	
O1):-0.742	O2):33.54	
O1):-0.798	O2):38.289	
O1):-0.711	O2):31.919	
O1):-0.764	O2):32.573	
O1):-0.785	O2):36.715	
Starting PrismExecutor worker 0 on port 11430
O1):-0.778	O2):36.339	
O1):-0.689	O2):27.076	
Connected worker 0 to port 11430
O1):-0.748	O2):32.059	
O1):-0.825	O2):42.504	
O1):-0.727	O2):31.019	
O1):-0.814	O2):39.731	
O1):-0.811	O2):39.074	
O1):-0.766	O2):32.859	
O1):-0.822	O2):43.198	
O1):-0.801	O2):37.396	
O1):-0.843	O2):49.435	
O1):-0.77	O2):32.832	
O1):-0.766	O2):32.905	
O1):-0.792	O2):37.013	
O1):-0.672	O2):27.297	
O1):-0.79	O2):35.396	
O1):-0.731	O2):31.709	
O1):-0.801	O2):38.656	
O1):-0.762	O2):37.433	
O1):-0.802	O2):37.866	
O1):-0.765	O2):32.843	
O1):-0.836	O2):48.525	
O1):-0.841	O2):47.886	
O1):-0.817	O2):42.078	
O1):-0.746	O2):31.839	
O1):-0.722	O2):29.306	
O1):-0.674	O2):26.72	
O1):-0.775	O2):38.411	
O1):-0.728	O2):31.272	
O1):-0.784	O2):34.453	
O1):-0.672	O2):27.297	
O1):-0.818	O2):39.995	
O1):-0.727	O2):31.018	
O1):-0.763	O2):32.839	
O1):-0.814	O2):39.731	
O1):-0.841	O2):47.886	
O1):-0.702	O2):27.096	
O1):-0.805	O2):38.516	
O1):-0.766	O2):34.069	
O1):-0.702	O2):27.096	
O1):-0.761	O2):32.502	
O1):-0.703	O2):28.055	
O1):-0.756	O2):31.62	
O1):-0.748	O2):31.434	
O1):-0.714	O2):30.696	
O1):-0.798	O2):38.289	
O1):-0.723	O2):31.868	
O1):-0.763	O2):34.396	
O1):-0.806	O2):38.618	
O1):-0.754	O2):31.744	
O1):-0.784	O2):36.445	
O1):-0.768	O2):35.75	
O1):-0.805	O2):40.318	
O1):-0.796	O2):38.794	
O1):-0.814	O2):41.796	
O1):-0.726	O2):30.939	
O1):-0.811	O2):39.723	
O1):-0.772	O2):33.509	
O1):-0.76	O2):32.263	
Evaluations:	1000
O1):-0.741	O2):32.334	
O1):-0.723	O2):28.388	
O1):-0.755	O2):33.099	
O1):-0.845	O2):49.317	
O1):-0.738	O2):31.894	
O1):-0.731	O2):31.597	
O1):-0.75	O2):32.756	
O1):-0.782	O2):33.781	
O1):-0.766	O2):32.905	
O1):-0.721	O2):28.63	
O1):-0.785	O2):34.447	
O1):-0.834	O2):43.418	
O1):-0.802	O2):37.817	
Evaluations:	1000
O1):-0.756	O2):32.135	
O1):-0.701	O2):27.321	
O1):-0.749	O2):32.738	
O1):-0.757	O2):33.453	
O1):-0.859	O2):54.298	
O1):-0.766	O2):32.905	
O1):-0.826	O2):48.794	
O1):-0.739	O2):32.785	
O1):-0.671	O2):26.53	
O1):-0.768	O2):32.582	
O1):-0.776	O2):33.558	
O1):-0.778	O2):33.213	
O1):-0.836	O2):44.37	
O1):-0.778	O2):33.508	
O1):-0.757	O2):33.068	
O1):-0.763	O2):32.839	
O1):-0.818	O2):42.229	
O1):-0.704	O2):27.202	
O1):-0.76	O2):31.662	
O1):-0.842	O2):53.251	
O1):-0.745	O2):30.237	
O1):-0.832	O2):51.639	
O1):-0.793	O2):37.088	
O1):-0.776	O2):33.495	
O1):-0.797	O2):37.879	
O1):-0.747	O2):32.479	
O1):-0.842	O2):48.613	
Starting PrismExecutor worker 5 on port 11445
O1):-0.784	O2):34.017	
Connected worker 5 to port 11445
O1):-0.842	O2):49.409	
O1):-0.778	O2):33.51	
O1):-0.784	O2):34.023	
O1):-0.787	O2):36.957	
O1):-0.825	O2):42.504	
O1):-0.815	O2):37.878	
O1):-0.815	O2):37.878	
O1):-0.772	O2):33.509	
O1):-0.79	O2):37.407	
O1):-0.778	O2):34.055	
O1):-0.815	O2):37.878	
O1):-0.844	O2):48.799	
O1):-0.795	O2):38.658	
O1):-0.731	O2):31.449	
O1):-0.843	O2):49.435	
O1):-0.717	O2):32.106	
O1):-0.843	O2):49.435	
O1):-0.759	O2):32.351	
O1):-0.815	O2):37.878	
O1):-0.759	O2):32.351	
O1):-0.821	O2):43.746	
O1):-0.786	O2):34.236	
O1):-0.778	O2):33.51	
O1):-0.807	O2):41.871	
O1):-0.795	O2):35.812	
O1):-0.674	O2):27.222	
O1):-0.734	O2):32.226	
O1):-0.797	O2):37.639	
O1):-0.766	O2):32.859	
O1):-0.834	O2):44.933	
O1):-0.814	O2):39.771	
O1):-0.718	O2):28.61	
O1):-0.674	O2):26.72	
O1):-0.763	O2):32.201	
O1):-0.746	O2):31.839	
O1):-0.773	O2):32.419	
O1):-0.742	O2):35.042	
O1):-0.713	O2):28.518	
O1):-0.814	O2):39.731	
O1):-0.775	O2):33.336	
O1):-0.822	O2):43.074	
O1):-0.746	O2):31.839	
O1):-0.805	O2):39.701	
O1):-0.803	O2):38.313	
O1):-0.843	O2):49.435	
O1):-0.832	O2):43.144	
O1):-0.816	O2):38.99	
O1):-0.683	O2):27.57	
O1):-0.789	O2):34.816	
O1):-0.674	O2):26.742	
O1):-0.808	O2):42.137	
O1):-0.786	O2):37.443	
O1):-0.701	O2):28.72	
O1):-0.779	O2):33.335	
O1):-0.834	O2):44.986	
O1):-0.703	O2):28.02	
O1):-0.841	O2):49.287	
O1):-0.791	O2):35.563	
O1):-0.759	O2):32.351	
O1):-0.737	O2):32.521	
O1):-0.817	O2):37.909	
O1):-0.772	O2):33.509	
O1):-0.766	O2):32.905	
O1):-0.798	O2):37.901	
O1):-0.843	O2):49.435	
O1):-0.802	O2):37.866	
O1):-0.747	O2):32.479	
O1):-0.842	O2):49.409	
O1):-0.761	O2):32.457	
O1):-0.786	O2):34.805	
O1):-0.737	O2):31.478	
O1):-0.716	O2):31.998	
O1):-0.825	O2):42.643	
O1):-0.771	O2):33.119	
O1):-0.772	O2):33.509	
O1):-0.732	O2):31.894	
O1):-0.776	O2):33.225	
O1):-0.741	O2):31.229	
O1):-0.738	O2):31.788	
O1):-0.842	O2):53.251	
O1):-0.795	O2):35.812	
O1):-0.795	O2):38.324	
O1):-0.786	O2):34.805	
O1):-0.76	O2):31.662	
O1):-0.822	O2):43.198	
O1):-0.748	O2):31.433	
O1):-0.775	O2):33.052	
O1):-0.802	O2):38.874	
O1):-0.759	O2):32.351	
O1):-0.808	O2):42.141	
O1):-0.786	O2):34.617	
O1):-0.816	O2):38.991	
O1):-0.718	O2):27.737	
O1):-0.777	O2):37.115	
O1):-0.77	O2):33.39	
O1):-0.76	O2):33.601	
O1):-0.843	O2):53.621	
O1):-0.673	O2):26.725	
O1):-0.721	O2):28.628	
O1):-0.809	O2):39.068	
O1):-0.786	O2):34.234	
O1):-0.776	O2):33.558	
O1):-0.793	O2):37.7	
O1):-0.749	O2):32.61	
O1):-0.746	O2):31.839	
Starting PrismExecutor worker 3 on port 11483
Connected worker 3 to port 11483
O1):-0.792	O2):37.86	
O1):-0.788	O2):34.986	
O1):-0.785	O2):37.42	
O1):-0.795	O2):37.126	
O1):-0.723	O2):28.845	
O1):-0.775	O2):32.883	
O1):-0.76	O2):31.661	
O1):-0.707	O2):27.414	
O1):-0.758	O2):31.948	
O1):-0.817	O2):37.908	
O1):-0.793	O2):44.379	
O1):-0.8	O2):37.377	
O1):-0.798	O2):38.289	
O1):-0.742	O2):35.169	
O1):-0.841	O2):49.287	
O1):-0.792	O2):38.437	
O1):-0.765	O2):32.837	
O1):-0.843	O2):49.435	
O1):-0.769	O2):32.581	
O1):-0.836	O2):44.372	
O1):-0.724	O2):31.185	
O1):-0.816	O2):37.766	
O1):-0.827	O2):44.017	
O1):-0.672	O2):27.297	
O1):-0.772	O2):33.509	
O1):-0.76	O2):32.168	
O1):-0.811	O2):39.499	
O1):-0.724	O2):28.818	
O1):-0.741	O2):32.289	
O1):-0.775	O2):32.948	
O1):-0.76	O2):32.263	
O1):-0.794	O2):35.453	
O1):-0.793	O2):36.832	
O1):-0.763	O2):32.133	
O1):-0.802	O2):37.817	
O1):-0.819	O2):38.667	
O1):-0.705	O2):31.597	
O1):-0.813	O2):39.435	
O1):-0.743	O2):34.643	
O1):-0.824	O2):48.468	
O1):-0.694	O2):27.52	
O1):-0.722	O2):29.157	
O1):-0.674	O2):27.223	
O1):-0.831	O2):63.784	
O1):-0.703	O2):28.056	
O1):-0.753	O2):31.904	
O1):-0.825	O2):42.504	
O1):-0.793	O2):37.064	
O1):-0.775	O2):38.411	
O1):-0.808	O2):38.728	
O1):-0.701	O2):27.182	
O1):-0.845	O2):49.386	
O1):-0.779	O2):33.335	
O1):-0.806	O2):38.773	
O1):-0.788	O2):34.808	
O1):-0.672	O2):27.297	
O1):-0.71	O2):27.748	
O1):-0.729	O2):29.34	
O1):-0.738	O2):32.453	
O1):-0.776	O2):36.096	
O1):-0.782	O2):37.384	
O1):-0.825	O2):42.707	
O1):-0.763	O2):34.112	
O1):-0.789	O2):33.971	
O1):-0.78	O2):33.813	
O1):-0.723	O2):28.844	
O1):-0.772	O2):33.509	
O1):-0.674	O2):26.72	
O1):-0.81	O2):39.15	
O1):-0.82	O2):43.636	
O1):-0.772	O2):33.509	
O1):-0.774	O2):32.871	
O1):-0.787	O2):34.931	
O1):-0.77	O2):32.832	
O1):-0.723	O2):28.774	
O1):-0.777	O2):39.465	
O1):-0.77	O2):33.543	
O1):-0.771	O2):33.496	
O1):-0.764	O2):32.453	
O1):-0.781	O2):33.847	
O1):-0.721	O2):28.585	
O1):-0.741	O2):31.141	
O1):-0.759	O2):33.054	
O1):-0.791	O2):37.748	
O1):-0.801	O2):37.688	
O1):-0.776	O2):33.558	
O1):-0.758	O2):34.012	
O1):-0.758	O2):31.864	
O1):-0.674	O2):26.742	
O1):-0.779	O2):33.23	
O1):-0.801	O2):37.687	
O1):-0.822	O2):43.074	
O1):-0.741	O2):31.139	
O1):-0.761	O2):32.672	
O1):-0.789	O2):34.816	
O1):-0.821	O2):42.936	
O1):-0.815	O2):37.879	
O1):-0.859	O2):53.257	
O1):-0.705	O2):28.158	
O1):-0.739	O2):31.955	
O1):-0.793	O2):44.385	
O1):-0.705	O2):27.466	
O1):-0.804	O2):38.387	
O1):-0.801	O2):37.688	
O1):-0.769	O2):32.611	
O1):-0.734	O2):32.119	
O1):-0.779	O2):33.335	
O1):-0.671	O2):26.478	
Starting PrismExecutor worker 0 on port 11480
O1):-0.767	O2):32.657	
Connected worker 0 to port 11480
O1):-0.714	O2):30.826	
O1):-0.753	O2):31.544	
O1):-0.776	O2):33.558	
Evaluations:	900
O1):-0.814	O2):39.763	
O1):-0.842	O2):49.409	
O1):-0.771	O2):36.799	
O1):-0.694	O2):27.52	
O1):-0.757	O2):33.103	
O1):-0.822	O2):43.074	
O1):-0.792	O2):35.318	
O1):-0.724	O2):31.186	
O1):-0.811	O2):39.122	
O1):-0.759	O2):31.739	
O1):-0.832	O2):44.238	
O1):-0.843	O2):49.435	
O1):-0.842	O2):53.251	
O1):-0.76	O2):31.747	
O1):-0.854	O2):49.488	
O1):-0.819	O2):38.459	
O1):-0.678	O2):27.18	
O1):-0.782	O2):37.888	
O1):-0.768	O2):34.242	
O1):-0.748	O2):31.433	
O1):-0.729	O2):29.352	
O1):-0.854	O2):49.487	
O1):-0.694	O2):27.52	
O1):-0.795	O2):35.813	
O1):-0.724	O2):28.909	
O1):-0.822	O2):43.074	
O1):-0.793	O2):44.385	
O1):-0.763	O2):32.839	
O1):-0.762	O2):32.745	
O1):-0.73	O2):31.287	
O1):-0.816	O2):37.971	
O1):-0.79	O2):34.849	
O1):-0.674	O2):26.742	
O1):-0.805	O2):38.432	
O1):-0.804	O2):38.358	
O1):-0.843	O2):49.435	
O1):-0.723	O2):28.791	
O1):-0.744	O2):30.423	
O1):-0.842	O2):49.696	
O1):-0.785	O2):34.711	
Evaluations:	1000
O1):-0.843	O2):49.435	
O1):-0.772	O2):33.509	
O1):-0.746	O2):31.839	
O1):-0.787	O2):34.85	
O1):-0.69	O2):27.257	
O1):-0.694	O2):27.64	
O1):-0.787	O2):36.961	
O1):-0.791	O2):35.563	
O1):-0.729	O2):29.351	
O1):-0.822	O2):43.074	
O1):-0.765	O2):33.007	
O1):-0.694	O2):27.52	
O1):-0.795	O2):37.121	
O1):-0.841	O2):47.886	
O1):-0.742	O2):32.189	
O1):-0.806	O2):38.47	
O1):-0.843	O2):49.436	
O1):-0.774	O2):32.824	
O1):-0.695	O2):28.129	
O1):-0.724	O2):31.185	
O1):-0.708	O2):28.219	
O1):-0.756	O2):31.62	
O1):-0.842	O2):49.409	
O1):-0.799	O2):37.678	
O1):-0.721	O2):28.63	
O1):-0.822	O2):43.074	
O1):-0.845	O2):49.483	
O1):-0.724	O2):29.248	
O1):-0.817	O2):37.909	
O1):-0.724	O2):29.248	
O1):-0.808	O2):42.41	
O1):-0.778	O2):33.162	
O1):-0.759	O2):31.739	
O1):-0.787	O2):34.108	
O1):-0.801	O2):38.752	
O1):-0.82	O2):42.709	
O1):-0.787	O2):34.931	
O1):-0.788	O2):34.986	
O1):-0.754	O2):32.9	
O1):-0.835	O2):49.418	
O1):-0.79	O2):34.944	
O1):-0.784	O2):34.368	
O1):-0.738	O2):31.734	
O1):-0.766	O2):32.905	
O1):-0.704	O2):27.792	
O1):-0.778	O2):34.055	
O1):-0.825	O2):42.504	
O1):-0.779	O2):33.321	
O1):-0.772	O2):33.525	
O1):-0.843	O2):49.435	
O1):-0.83	O2):44.308	
O1):-0.784	O2):34.453	
O1):-0.795	O2):36.824	
O1):-0.804	O2):38.369	
O1):-0.79	O2):35.454	
O1):-0.834	O2):43.781	
Starting PrismExecutor worker 2 on port 11492
Starting PrismExecutor worker 1 on port 11481
O1):-0.703	O2):27.996	
Connected worker 2 to port 11492
Connected worker 1 to port 11481
O1):-0.802	O2):39.415	
O1):-0.797	O2):37.054	
O1):-0.759	O2):32.351	
O1):-0.767	O2):37.292	
O1):-0.791	O2):37.748	
O1):-0.822	O2):43.074	
O1):-0.74	O2):34.869	
O1):-0.766	O2):32.905	
O1):-0.786	O2):34.806	
O1):-0.826	O2):48.793	
O1):-0.766	O2):32.881	
O1):-0.723	O2):28.844	
O1):-0.738	O2):31.532	
O1):-0.748	O2):31.433	
O1):-0.779	O2):34.155	
O1):-0.802	O2):37.817	
O1):-0.72	O2):29.021	
O1):-0.828	O2):43.323	
O1):-0.738	O2):31.734	
O1):-0.844	O2):48.799	
O1):-0.765	O2):32.473	
O1):-0.762	O2):32.838	
O1):-0.834	O2):43.418	
O1):-0.777	O2):36.75	
O1):-0.674	O2):27.223	
O1):-0.731	O2):31.287	
O1):-0.78	O2):34.376	
O1):-0.862	O2):54.151	
O1):-0.842	O2):53.252	
O1):-0.843	O2):49.435	
O1):-0.704	O2):27.992	
O1):-0.802	O2):37.866	
O1):-0.769	O2):33.333	
Evaluations:	1000
O1):-0.795	O2):35.812	
O1):-0.805	O2):48.597	
O1):-0.724	O2):30.605	
O1):-0.795	O2):36.608	
O1):-0.833	O2):43.281	
O1):-0.842	O2):49.696	
O1):-0.748	O2):31.982	
O1):-0.842	O2):53.251	
O1):-0.768	O2):32.582	
O1):-0.71	O2):27.748	
O1):-0.824	O2):43.271	
O1):-0.787	O2):36.957	
O1):-0.784	O2):34.453	
O1):-0.798	O2):37.053	
O1):-0.821	O2):42.95	
O1):-0.822	O2):43.074	
O1):-0.802	O2):37.817	
O1):-0.776	O2):33.558	
O1):-0.705	O2):28.163	
O1):-0.756	O2):31.62	
O1):-0.674	O2):27.223	
O1):-0.822	O2):43.074	
O1):-0.801	O2):37.688	
O1):-0.791	O2):35.543	
O1):-0.767	O2):33.148	
O1):-0.843	O2):49.435	
O1):-0.795	O2):35.812	
O1):-0.757	O2):31.611	
O1):-0.765	O2):32.473	
O1):-0.842	O2):53.251	
O1):-0.779	O2):33.32	
O1):-0.834	O2):44.984	
O1):-0.759	O2):31.62	
O1):-0.842	O2):49.696	
O1):-0.707	O2):27.414	
O1):-0.767	O2):33.121	
O1):-0.746	O2):31.839	
O1):-0.792	O2):37.86	
O1):-0.785	O2):36.715	
O1):-0.784	O2):37.941	
O1):-0.822	O2):43.074	
O1):-0.766	O2):32.905	
O1):-0.843	O2):49.419	
O1):-0.766	O2):34.054	
O1):-0.704	O2):27.202	
O1):-0.724	O2):31.185	
O1):-0.841	O2):47.906	
O1):-0.764	O2):41.512	
O1):-0.83	O2):53.754	
O1):-0.756	O2):31.812	
O1):-0.777	O2):33.303	
O1):-0.729	O2):29.34	
O1):-0.822	O2):43.074	
O1):-0.724	O2):31.185	
O1):-0.818	O2):38.37	
O1):-0.816	O2):37.766	
O1):-0.775	O2):32.883	
O1):-0.671	O2):26.524	
O1):-0.823	O2):43.361	
O1):-0.773	O2):32.422	
O1):-0.694	O2):27.52	
O1):-0.71	O2):27.747	
O1):-0.673	O2):26.859	
O1):-0.733	O2):32.218	
O1):-0.796	O2):37.019	
O1):-0.785	O2):34.709	
O1):-0.791	O2):34.5	
O1):-0.674	O2):26.72	
O1):-0.75	O2):31.695	
O1):-0.801	O2):37.688	
O1):-0.845	O2):50.002	
O1):-0.816	O2):38.022	
O1):-0.777	O2):33.302	
O1):-0.787	O2):34.931	
O1):-0.843	O2):49.435	
O1):-0.816	O2):38.99	
O1):-0.789	O2):36.996	
O1):-0.779	O2):34.281	
O1):-0.747	O2):32.098	
O1):-0.674	O2):26.72	
O1):-0.76	O2):32.33	
O1):-0.774	O2):32.766	
O1):-0.763	O2):32.201	
O1):-0.842	O2):53.251	
O1):-0.779	O2):33.235	
O1):-0.794	O2):38.742	
O1):-0.834	O2):47.528	
O1):-0.854	O2):49.536	
Evaluations:	1200
O1):-0.741	O2):32.987	
O1):-0.754	O2):31.595	
O1):-0.759	O2):32.351	
O1):-0.819	O2):48.4	
O1):-0.788	O2):34.983	
O1):-0.818	O2):39.995	
O1):-0.822	O2):43.074	
O1):-0.83	O2):44.345	
O1):-0.842	O2):53.251	
O1):-0.804	O2):38.643	
O1):-0.797	O2):37.639	
O1):-0.786	O2):34.236	
O1):-0.762	O2):32.766	
O1):-0.822	O2):59.271	
O1):-0.672	O2):27.297	
O1):-0.816	O2):37.766	
O1):-0.769	O2):32.611	
O1):-0.797	O2):37.595	
O1):-0.79	O2):36.866	
O1):-0.671	O2):26.524	
O1):-0.777	O2):33.907	
O1):-0.796	O2):38.805	
O1):-0.844	O2):49.181	
O1):-0.759	O2):32.351	
O1):-0.674	O2):26.72	
O1):-0.786	O2):33.972	
O1):-0.787	O2):34.85	
O1):-0.766	O2):34.247	
O1):-0.785	O2):34.447	
O1):-0.671	O2):26.489	
O1):-0.72	O2):27.753	
O1):-0.813	O2):39.748	
O1):-0.8	O2):37.377	
O1):-0.783	O2):33.934	
O1):-0.72	O2):29.371	
O1):-0.765	O2):32.802	
O1):-0.777	O2):32.815	
O1):-0.862	O2):54.149	
O1):-0.823	O2):43.361	
O1):-0.842	O2):53.255	
O1):-0.702	O2):27.096	
O1):-0.844	O2):48.799	
O1):-0.767	O2):35.342	
O1):-0.76	O2):32.33	
O1):-0.822	O2):43.074	
O1):-0.822	O2):43.074	
O1):-0.738	O2):31.741	
O1):-0.738	O2):31.74	
O1):-0.748	O2):31.433	
O1):-0.778	O2):33.162	
O1):-0.845	O2):49.391	
O1):-0.674	O2):27.223	
Evaluations:	1000
O1):-0.859	O2):53.257	
O1):-0.753	O2):31.904	
O1):-0.728	O2):29.298	
O1):-0.742	O2):32.98	
O1):-0.772	O2):33.509	
O1):-0.776	O2):36.708	
O1):-0.762	O2):36.22	
O1):-0.753	O2):31.544	
O1):-0.756	O2):31.62	
O1):-0.71	O2):27.747	
O1):-0.821	O2):42.936	
O1):-0.72	O2):29.371	
O1):-0.762	O2):32.766	
O1):-0.784	O2):34.356	
O1):-0.862	O2):54.149	
O1):-0.821	O2):43.089	
O1):-0.821	O2):42.936	
O1):-0.772	O2):33.509	
O1):-0.706	O2):27.588	
O1):-0.822	O2):43.074	
O1):-0.741	O2):31.229	
O1):-0.778	O2):33.162	
O1):-0.816	O2):37.766	
O1):-0.763	O2):33.656	
O1):-0.842	O2):53.251	
O1):-0.767	O2):32.657	
O1):-0.771	O2):38.064	
O1):-0.675	O2):26.825	
O1):-0.827	O2):44.017	
O1):-0.843	O2):49.438	
O1):-0.802	O2):37.817	
Starting PrismExecutor worker 3 on port 11413
O1):-0.836	O2):53.106	
Connected worker 3 to port 11413
O1):-0.814	O2):39.73	
O1):-0.816	O2):38.99	
O1):-0.746	O2):31.839	
O1):-0.723	O2):28.688	
O1):-0.776	O2):35.57	
O1):-0.811	O2):39.115	
O1):-0.854	O2):49.488	
O1):-0.816	O2):37.971	
O1):-0.825	O2):42.638	
O1):-0.785	O2):34.447	
O1):-0.758	O2):31.337	
O1):-0.795	O2):44.44	
O1):-0.785	O2):34.549	
O1):-0.724	O2):28.813	
O1):-0.842	O2):53.251	
O1):-0.741	O2):32.469	
O1):-0.76	O2):31.747	
O1):-0.862	O2):54.149	
O1):-0.788	O2):34.412	
O1):-0.772	O2):33.509	
O1):-0.788	O2):34.983	
O1):-0.763	O2):32.839	
O1):-0.763	O2):32.839	
O1):-0.787	O2):34.931	
O1):-0.842	O2):49.409	
O1):-0.763	O2):32.839	
O1):-0.772	O2):33.509	
O1):-0.762	O2):32.123	
O1):-0.741	O2):31.229	
O1):-0.807	O2):41.871	
O1):-0.707	O2):27.415	
O1):-0.842	O2):49.409	
O1):-0.813	O2):39.578	
O1):-0.842	O2):53.251	
O1):-0.772	O2):33.509	
O1):-0.807	O2):38.553	
O1):-0.724	O2):29.248	
O1):-0.801	O2):38.844	
O1):-0.695	O2):28.129	
O1):-0.738	O2):31.734	
O1):-0.756	O2):32.761	
O1):-0.793	O2):37.064	
O1):-0.761	O2):31.875	
O1):-0.724	O2):28.909	
O1):-0.814	O2):41.796	
O1):-0.762	O2):32.531	
O1):-0.789	O2):34.816	
O1):-0.76	O2):31.661	
O1):-0.817	O2):42.129	
O1):-0.736	O2):35.846	
O1):-0.794	O2):34.147	
O1):-0.793	O2):37.335	
O1):-0.8	O2):37.377	
Evaluations:	1100
O1):-0.754	O2):31.744	
O1):-0.779	O2):34.281	
O1):-0.705	O2):28.008	
O1):-0.778	O2):34.056	
O1):-0.69	O2):27.257	
O1):-0.818	O2):39.995	
O1):-0.762	O2):32.532	
O1):-0.843	O2):49.435	
O1):-0.785	O2):36.722	
O1):-0.835	O2):44.084	
O1):-0.819	O2):41.78	
O1):-0.824	O2):43.271	
O1):-0.841	O2):47.886	
O1):-0.833	O2):43.644	
O1):-0.774	O2):54.341	
O1):-0.779	O2):33.23	
O1):-0.72	O2):29.371	
O1):-0.653	O2):26.455	
O1):-0.671	O2):26.489	
O1):-0.795	O2):36.824	
O1):-0.766	O2):32.905	
O1):-0.756	O2):31.62	
O1):-0.842	O2):49.409	
O1):-0.674	O2):27.222	
O1):-0.776	O2):33.558	
O1):-0.793	O2):38.702	
O1):-0.772	O2):33.525	
O1):-0.805	O2):38.332	
O1):-0.721	O2):28.63	
O1):-0.802	O2):37.817	
O1):-0.783	O2):36.494	
O1):-0.789	O2):34.831	
O1):-0.855	O2):54.571	
O1):-0.704	O2):27.202	
O1):-0.673	O2):26.859	
O1):-0.784	O2):34.45	
O1):-0.756	O2):31.62	
O1):-0.792	O2):37.013	
O1):-0.721	O2):28.63	
O1):-0.721	O2):31.627	
O1):-0.812	O2):41.485	
O1):-0.752	O2):32.682	
O1):-0.811	O2):39.315	
O1):-0.694	O2):27.52	
O1):-0.776	O2):33.558	
O1):-0.674	O2):26.72	
O1):-0.756	O2):31.62	
O1):-0.773	O2):38.816	
O1):-0.726	O2):30.939	
O1):-0.726	O2):30.939	
O1):-0.705	O2):28.158	
O1):-0.806	O2):38.733	
O1):-0.671	O2):26.53	
O1):-0.822	O2):43.209	
O1):-0.772	O2):33.509	
Starting PrismExecutor worker 4 on port 11444
O1):-0.695	O2):28.129	
O1):-0.798	O2):38.253	
Connected worker 4 to port 11444
O1):-0.746	O2):31.839	
O1):-0.786	O2):33.968	
O1):-0.745	O2):32.431	
O1):-0.816	O2):39.0	
O1):-0.757	O2):33.103	
O1):-0.772	O2):33.509	
O1):-0.706	O2):31.29	
O1):-0.786	O2):34.091	
O1):-0.82	O2):42.71	
Evaluations:	1100
O1):-0.791	O2):34.345	
O1):-0.785	O2):34.711	
O1):-0.752	O2):32.96	
O1):-0.85	O2):49.787	
O1):-0.787	O2):34.883	
O1):-0.836	O2):45.733	
O1):-0.768	O2):33.128	
O1):-0.771	O2):33.985	
O1):-0.784	O2):34.458	
O1):-0.701	O2):27.184	
O1):-0.765	O2):32.473	
O1):-0.752	O2):32.985	
O1):-0.766	O2):33.509	
O1):-0.833	O2):43.516	
O1):-0.765	O2):34.558	
O1):-0.738	O2):31.734	
O1):-0.723	O2):28.774	
O1):-0.727	O2):31.128	
O1):-0.784	O2):38.432	
O1):-0.825	O2):42.504	
O1):-0.819	O2):38.667	
O1):-0.776	O2):33.558	
O1):-0.796	O2):36.924	
O1):-0.742	O2):35.238	
O1):-0.728	O2):31.272	
O1):-0.787	O2):34.85	
O1):-0.706	O2):34.97	
O1):-0.843	O2):49.435	
O1):-0.732	O2):32.464	
O1):-0.725	O2):31.756	
O1):-0.82	O2):43.642	
O1):-0.822	O2):43.723	
O1):-0.862	O2):54.149	
O1):-0.842	O2):53.251	
O1):-0.816	O2):38.022	
O1):-0.825	O2):42.504	
O1):-0.747	O2):32.148	
O1):-0.7	O2):28.651	
O1):-0.795	O2):36.824	
O1):-0.675	O2):26.825	
O1):-0.746	O2):31.839	
O1):-0.772	O2):33.509	
O1):-0.823	O2):59.118	
O1):-0.784	O2):36.444	
O1):-0.789	O2):36.86	
O1):-0.789	O2):37.162	
O1):-0.753	O2):32.693	
O1):-0.795	O2):35.813	
O1):-0.723	O2):28.774	
O1):-0.842	O2):53.253	
O1):-0.828	O2):43.65	
O1):-0.673	O2):26.725	
O1):-0.672	O2):27.298	
O1):-0.72	O2):29.018	
O1):-0.759	O2):32.351	
O1):-0.793	O2):37.699	
O1):-0.706	O2):27.589	
O1):-0.82	O2):43.636	
O1):-0.837	O2):53.963	
O1):-0.842	O2):53.251	
O1):-0.761	O2):32.206	
O1):-0.772	O2):32.56	
O1):-0.741	O2):33.005	
O1):-0.793	O2):37.699	
O1):-0.701	O2):26.9	
O1):-0.707	O2):28.172	
O1):-0.862	O2):54.149	
O1):-0.811	O2):39.321	
O1):-0.759	O2):31.739	
O1):-0.794	O2):37.226	
O1):-0.769	O2):36.302	
O1):-0.772	O2):33.509	
O1):-0.776	O2):33.558	
O1):-0.695	O2):28.137	
O1):-0.777	O2):37.869	
O1):-0.703	O2):27.249	
O1):-0.819	O2):41.78	
O1):-0.779	O2):33.292	
O1):-0.769	O2):32.611	
O1):-0.672	O2):27.297	
O1):-0.779	O2):33.23	
O1):-0.76	O2):31.875	
O1):-0.836	O2):45.733	
O1):-0.766	O2):32.894	
O1):-0.776	O2):33.558	
O1):-0.724	O2):31.185	
O1):-0.762	O2):32.739	
O1):-0.774	O2):32.962	
O1):-0.702	O2):27.212	
O1):-0.793	O2):44.385	
O1):-0.842	O2):53.251	
O1):-0.798	O2):59.078	
O1):-0.793	O2):37.7	
O1):-0.763	O2):32.133	
O1):-0.741	O2):31.166	
Starting PrismExecutor worker 1 on port 11411
O1):-0.76	O2):32.33	
Connected worker 1 to port 11411
O1):-0.767	O2):33.22	
O1):-0.728	O2):29.298	
O1):-0.842	O2):53.251	
O1):-0.735	O2):32.002	
O1):-0.835	O2):43.821	
O1):-0.788	O2):34.767	
O1):-0.836	O2):44.37	
O1):-0.783	O2):37.541	
O1):-0.816	O2):38.022	
O1):-0.854	O2):49.543	
O1):-0.777	O2):36.685	
O1):-0.832	O2):43.144	
O1):-0.719	O2):31.258	
O1):-0.781	O2):33.846	
O1):-0.671	O2):26.53	
O1):-0.777	O2):33.595	
O1):-0.836	O2):44.372	
O1):-0.793	O2):37.699	
O1):-0.674	O2):26.742	
O1):-0.795	O2):35.812	
O1):-0.843	O2):53.62	
O1):-0.76	O2):32.268	
O1):-0.772	O2):33.509	
O1):-0.842	O2):53.251	
O1):-0.835	O2):43.821	
O1):-0.674	O2):26.742	
O1):-0.754	O2):31.744	
O1):-0.791	O2):34.343	
O1):-0.793	O2):44.391	
O1):-0.833	O2):44.086	
O1):-0.819	O2):43.237	
O1):-0.778	O2):33.162	
O1):-0.835	O2):48.265	
O1):-0.842	O2):53.255	
O1):-0.673	O2):26.725	
O1):-0.746	O2):31.839	
O1):-0.841	O2):49.287	
O1):-0.814	O2):41.503	
O1):-0.767	O2):33.213	
O1):-0.758	O2):31.864	
O1):-0.756	O2):31.65	
O1):-0.789	O2):34.816	
O1):-0.755	O2):32.133	
O1):-0.704	O2):27.792	
O1):-0.689	O2):27.076	
O1):-0.789	O2):36.86	
O1):-0.703	O2):27.433	
O1):-0.724	O2):31.185	
Evaluations:	1100
O1):-0.76	O2):32.415	
O1):-0.751	O2):32.549	
O1):-0.831	O2):44.582	
O1):-0.786	O2):34.617	
O1):-0.784	O2):37.443	
O1):-0.771	O2):33.119	
O1):-0.787	O2):34.931	
O1):-0.779	O2):37.783	
O1):-0.814	O2):41.796	
O1):-0.741	O2):31.193	
O1):-0.853	O2):49.189	
O1):-0.8	O2):37.324	
O1):-0.776	O2):33.558	
O1):-0.777	O2):36.164	
O1):-0.817	O2):37.909	
O1):-0.845	O2):49.481	
O1):-0.81	O2):38.957	
Evaluations:	1000
O1):-0.789	O2):37.481	
O1):-0.675	O2):26.802	
O1):-0.784	O2):36.568	
O1):-0.702	O2):27.608	
O1):-0.746	O2):33.159	
O1):-0.772	O2):33.509	
O1):-0.671	O2):26.489	
O1):-0.784	O2):34.45	
O1):-0.842	O2):48.613	
O1):-0.842	O2):49.409	
O1):-0.802	O2):37.816	
O1):-0.765	O2):34.061	
O1):-0.775	O2):33.328	
O1):-0.716	O2):31.065	
O1):-0.722	O2):29.011	
O1):-0.82	O2):42.709	
O1):-0.671	O2):26.478	
O1):-0.807	O2):42.33	
O1):-0.8	O2):39.427	
O1):-0.769	O2):32.611	
O1):-0.843	O2):49.418	
O1):-0.672	O2):27.297	
O1):-0.825	O2):42.707	
O1):-0.775	O2):33.053	
O1):-0.708	O2):28.219	
O1):-0.813	O2):39.755	
O1):-0.762	O2):32.766	
O1):-0.706	O2):27.588	
O1):-0.81	O2):39.034	
O1):-0.813	O2):39.393	
O1):-0.762	O2):32.739	
O1):-0.824	O2):43.271	
O1):-0.816	O2):37.971	
O1):-0.689	O2):27.076	
O1):-0.673	O2):26.725	
O1):-0.818	O2):38.363	
O1):-0.862	O2):54.149	
O1):-0.827	O2):44.02	
O1):-0.802	O2):37.817	
O1):-0.771	O2):36.799	
Starting PrismExecutor worker 1 on port 11421
O1):-0.759	O2):33.054	
O1):-0.788	O2):35.436	
O1):-0.718	O2):27.737	
O1):-0.792	O2):39.969	
Connected worker 1 to port 11421
O1):-0.737	O2):31.478	
O1):-0.831	O2):63.784	
O1):-0.797	O2):41.845	
O1):-0.752	O2):32.708	
O1):-0.775	O2):32.883	
O1):-0.827	O2):44.017	
O1):-0.821	O2):47.957	
O1):-0.825	O2):50.946	
O1):-0.708	O2):28.221	
O1):-0.789	O2):36.86	
O1):-0.752	O2):34.244	
O1):-0.768	O2):33.302	
O1):-0.798	O2):38.289	
O1):-0.841	O2):47.91	
O1):-0.795	O2):37.03	
O1):-0.821	O2):42.936	
O1):-0.774	O2):36.305	
O1):-0.768	O2):33.166	
O1):-0.793	O2):37.064	
O1):-0.818	O2):42.546	
O1):-0.728	O2):29.298	
O1):-0.82	O2):43.636	
O1):-0.844	O2):53.202	
O1):-0.801	O2):37.621	
O1):-0.734	O2):33.798	
O1):-0.787	O2):34.883	
O1):-0.727	O2):31.017	
O1):-0.764	O2):34.363	
O1):-0.785	O2):36.715	
O1):-0.683	O2):30.826	
O1):-0.8	O2):37.377	
O1):-0.776	O2):33.576	
O1):-0.833	O2):43.539	
O1):-0.842	O2):53.251	
O1):-0.768	O2):35.052	
O1):-0.704	O2):27.202	
O1):-0.778	O2):33.175	
O1):-0.757	O2):33.103	
O1):-0.691	O2):27.586	
O1):-0.785	O2):34.395	
O1):-0.779	O2):33.302	
O1):-0.748	O2):31.326	
O1):-0.674	O2):26.72	
O1):-0.702	O2):27.096	
O1):-0.8	O2):37.734	
O1):-0.834	O2):43.776	
O1):-0.78	O2):33.541	
O1):-0.759	O2):32.351	
O1):-0.702	O2):27.6	
O1):-0.802	O2):37.807	
O1):-0.723	O2):28.774	
O1):-0.816	O2):37.971	
O1):-0.806	O2):38.547	
O1):-0.844	O2):49.181	
O1):-0.757	O2):36.549	
O1):-0.816	O2):38.99	
O1):-0.8	O2):37.383	
O1):-0.737	O2):32.657	
O1):-0.787	O2):34.931	
O1):-0.702	O2):27.096	
O1):-0.673	O2):26.859	
O1):-0.802	O2):37.817	
O1):-0.702	O2):27.6	
O1):-0.709	O2):27.702	
O1):-0.845	O2):49.481	
O1):-0.786	O2):34.807	
O1):-0.85	O2):48.291	
O1):-0.778	O2):33.973	
O1):-0.728	O2):29.298	
O1):-0.842	O2):49.409	
O1):-0.763	O2):32.839	
O1):-0.678	O2):27.18	
O1):-0.816	O2):38.99	
O1):-0.758	O2):33.647	
O1):-0.674	O2):26.742	
O1):-0.759	O2):32.351	
O1):-0.788	O2):34.472	
O1):-0.753	O2):31.544	
O1):-0.758	O2):31.864	
O1):-0.834	O2):43.418	
O1):-0.788	O2):34.808	
O1):-0.775	O2):34.183	
O1):-0.796	O2):36.915	
O1):-0.765	O2):32.205	
O1):-0.841	O2):49.287	
O1):-0.805	O2):38.432	
O1):-0.793	O2):37.064	
O1):-0.798	O2):38.289	
O1):-0.754	O2):33.681	
O1):-0.774	O2):32.962	
O1):-0.826	O2):43.069	
Evaluations:	1100
O1):-0.76	O2):31.86	
O1):-0.862	O2):54.149	
O1):-0.732	O2):31.909	
O1):-0.8	O2):37.377	
O1):-0.72	O2):27.753	
O1):-0.78	O2):33.279	
O1):-0.817	O2):42.078	
O1):-0.789	O2):37.458	
O1):-0.845	O2):49.387	
O1):-0.671	O2):26.478	
Starting PrismExecutor worker 3 on port 11423
O1):-0.724	O2):29.435	
O1):-0.834	O2):43.871	
Connected worker 3 to port 11423
O1):-0.827	O2):44.017	
O1):-0.787	O2):34.85	
O1):-0.788	O2):34.412	
O1):-0.762	O2):32.821	
O1):-0.822	O2):43.198	
O1):-0.792	O2):37.013	
O1):-0.778	O2):34.055	
O1):-0.788	O2):34.808	
O1):-0.799	O2):37.922	
O1):-0.746	O2):31.839	
O1):-0.776	O2):33.558	
O1):-0.777	O2):33.302	
O1):-0.655	O2):27.506	
O1):-0.766	O2):32.905	
O1):-0.753	O2):32.808	
O1):-0.803	O2):37.82	
O1):-0.814	O2):41.365	
O1):-0.797	O2):37.414	
O1):-0.759	O2):32.351	
O1):-0.738	O2):31.734	
O1):-0.754	O2):32.884	
O1):-0.802	O2):37.817	
O1):-0.73	O2):31.351	
O1):-0.761	O2):32.432	
O1):-0.775	O2):32.883	
O1):-0.776	O2):33.558	
O1):-0.763	O2):32.758	
O1):-0.805	O2):38.755	
O1):-0.759	O2):32.351	
O1):-0.746	O2):31.839	
O1):-0.825	O2):42.505	
O1):-0.796	O2):38.613	
O1):-0.828	O2):43.65	
O1):-0.736	O2):31.864	
O1):-0.757	O2):33.071	
O1):-0.762	O2):32.766	
O1):-0.802	O2):37.879	
O1):-0.769	O2):34.252	
O1):-0.782	O2):33.731	
O1):-0.777	O2):32.815	
O1):-0.729	O2):31.481	
O1):-0.778	O2):36.339	
O1):-0.772	O2):33.509	
O1):-0.76	O2):31.875	
O1):-0.778	O2):33.175	
O1):-0.842	O2):53.251	
O1):-0.813	O2):39.393	
O1):-0.787	O2):34.839	
O1):-0.799	O2):37.303	
O1):-0.766	O2):32.905	
O1):-0.673	O2):26.725	
O1):-0.777	O2):32.815	
O1):-0.825	O2):42.504	
O1):-0.785	O2):34.711	
O1):-0.824	O2):43.28	
O1):-0.727	O2):31.021	
O1):-0.786	O2):33.968	
O1):-0.779	O2):45.719	
O1):-0.746	O2):36.617	
O1):-0.776	O2):34.341	
O1):-0.835	O2):48.265	
O1):-0.768	O2):33.302	
O1):-0.747	O2):32.338	
O1):-0.782	O2):33.871	
O1):-0.704	O2):27.992	
O1):-0.784	O2):36.445	
O1):-0.746	O2):31.839	
O1):-0.702	O2):27.096	
O1):-0.834	O2):43.418	
O1):-0.694	O2):27.52	
O1):-0.722	O2):29.332	
O1):-0.82	O2):40.717	
O1):-0.78	O2):33.279	
O1):-0.755	O2):32.561	
O1):-0.789	O2):36.86	
O1):-0.787	O2):34.148	
O1):-0.833	O2):42.522	
O1):-0.789	O2):36.86	
O1):-0.695	O2):28.129	
O1):-0.825	O2):43.38	
O1):-0.777	O2):32.815	
O1):-0.772	O2):33.509	
O1):-0.818	O2):38.363	
O1):-0.759	O2):32.351	
O1):-0.8	O2):37.375	
O1):-0.703	O2):27.795	
O1):-0.706	O2):32.027	
O1):-0.787	O2):37.497	
O1):-0.838	O2):48.455	
O1):-0.827	O2):43.506	
O1):-0.774	O2):37.25	
O1):-0.816	O2):37.971	
O1):-0.77	O2):37.21	
O1):-0.753	O2):31.904	
O1):-0.787	O2):34.843	
O1):-0.779	O2):45.719	
O1):-0.797	O2):35.828	
O1):-0.859	O2):54.298	
O1):-0.792	O2):37.24	
O1):-0.751	O2):32.967	
O1):-0.762	O2):32.143	
O1):-0.762	O2):32.739	
O1):-0.791	O2):37.797	
O1):-0.82	O2):42.709	
Starting PrismExecutor worker 0 on port 11420
O1):-0.816	O2):37.971	
O1):-0.766	O2):33.803	
Connected worker 0 to port 11420
O1):-0.75	O2):34.613	
O1):-0.827	O2):44.017	
O1):-0.741	O2):33.005	
O1):-0.777	O2):36.266	
O1):-0.825	O2):43.453	
O1):-0.798	O2):43.038	
O1):-0.674	O2):26.742	
O1):-0.72	O2):29.021	
O1):-0.76	O2):32.33	
O1):-0.825	O2):42.504	
O1):-0.671	O2):26.489	
O1):-0.799	O2):37.678	
O1):-0.738	O2):31.734	
O1):-0.815	O2):38.989	
O1):-0.772	O2):33.509	
O1):-0.739	O2):32.733	
O1):-0.816	O2):37.766	
O1):-0.777	O2):32.818	
O1):-0.785	O2):37.203	
O1):-0.835	O2):44.083	
O1):-0.707	O2):28.147	
O1):-0.727	O2):31.02	
O1):-0.737	O2):32.506	
O1):-0.784	O2):36.445	
O1):-0.821	O2):43.599	
O1):-0.775	O2):32.883	
O1):-0.706	O2):27.588	
O1):-0.734	O2):31.878	
O1):-0.804	O2):38.211	
O1):-0.833	O2):44.83	
O1):-0.842	O2):53.251	
O1):-0.705	O2):28.008	
O1):-0.753	O2):31.544	
O1):-0.772	O2):33.509	
O1):-0.776	O2):33.558	
O1):-0.842	O2):53.251	
O1):-0.785	O2):36.715	
O1):-0.798	O2):38.289	
O1):-0.804	O2):38.643	
O1):-0.759	O2):32.351	
O1):-0.793	O2):36.922	
O1):-0.798	O2):38.289	
O1):-0.8	O2):37.377	
O1):-0.76	O2):31.747	
O1):-0.763	O2):33.621	
O1):-0.738	O2):31.77	
O1):-0.833	O2):44.832	
O1):-0.835	O2):43.821	
O1):-0.796	O2):36.915	
O1):-0.693	O2):27.297	
O1):-0.814	O2):41.801	
O1):-0.835	O2):44.082	
O1):-0.758	O2):31.337	
O1):-0.786	O2):33.968	
O1):-0.821	O2):42.936	
O1):-0.8	O2):37.377	
O1):-0.797	O2):37.709	
O1):-0.778	O2):37.34	
O1):-0.768	O2):32.582	
O1):-0.816	O2):37.976	
O1):-0.81	O2):39.424	
O1):-0.779	O2):38.317	
O1):-0.732	O2):31.504	
O1):-0.816	O2):38.99	
O1):-0.797	O2):37.054	
O1):-0.811	O2):39.074	
O1):-0.695	O2):28.129	
O1):-0.793	O2):37.247	
O1):-0.747	O2):32.149	
O1):-0.822	O2):43.185	
O1):-0.833	O2):44.085	
O1):-0.826	O2):43.064	
O1):-0.82	O2):44.983	
O1):-0.772	O2):33.509	
O1):-0.803	O2):38.313	
O1):-0.808	O2):38.692	
O1):-0.825	O2):42.504	
O1):-0.762	O2):32.739	
O1):-0.721	O2):28.583	
O1):-0.859	O2):53.257	
O1):-0.834	O2):43.418	
O1):-0.777	O2):33.302	
O1):-0.791	O2):34.431	
O1):-0.828	O2):43.65	
O1):-0.779	O2):36.38	
O1):-0.757	O2):33.458	
O1):-0.738	O2):31.734	
O1):-0.763	O2):32.84	
O1):-0.769	O2):40.891	
O1):-0.81	O2):38.957	
O1):-0.759	O2):32.351	
O1):-0.779	O2):33.235	
O1):-0.721	O2):28.585	
O1):-0.791	O2):34.431	
O1):-0.724	O2):28.821	
O1):-0.759	O2):32.351	
O1):-0.758	O2):31.337	
O1):-0.754	O2):31.595	
O1):-0.841	O2):49.287	
O1):-0.759	O2):32.351	
O1):-0.775	O2):33.052	
O1):-0.756	O2):31.65	
O1):-0.758	O2):33.83	
O1):-0.674	O2):26.72	
O1):-0.841	O2):49.287	
Starting PrismExecutor worker 2 on port 11462
O1):-0.8	O2):37.377	
O1):-0.744	O2):30.423	
Connected worker 2 to port 11462
O1):-0.759	O2):32.351	
O1):-0.689	O2):27.076	
O1):-0.786	O2):37.565	
O1):-0.767	O2):33.213	
O1):-0.784	O2):38.432	
O1):-0.803	O2):38.313	
O1):-0.81	O2):39.085	
O1):-0.699	O2):28.503	
O1):-0.72	O2):29.021	
O1):-0.814	O2):39.776	
O1):-0.787	O2):34.85	
O1):-0.671	O2):26.49	
O1):-0.834	O2):43.418	
O1):-0.784	O2):38.431	
O1):-0.674	O2):27.222	
O1):-0.76	O2):32.262	
O1):-0.738	O2):31.734	
O1):-0.689	O2):27.076	
O1):-0.769	O2):38.229	
O1):-0.841	O2):47.864	
O1):-0.762	O2):32.766	
O1):-0.708	O2):27.654	
O1):-0.653	O2):26.456	
O1):-0.753	O2):31.544	
O1):-0.821	O2):43.089	
O1):-0.738	O2):31.734	
O1):-0.78	O2):33.279	
O1):-0.772	O2):33.509	
O1):-0.775	O2):32.883	
O1):-0.76	O2):31.875	
O1):-0.759	O2):31.621	
O1):-0.785	O2):34.549	
O1):-0.826	O2):43.34	
O1):-0.837	O2):53.963	
O1):-0.71	O2):27.717	
Evaluations:	1100
O1):-0.731	O2):31.455	
O1):-0.727	O2):31.047	
O1):-0.804	O2):42.072	
O1):-0.806	O2):38.739	
O1):-0.728	O2):29.298	
O1):-0.821	O2):42.892	
O1):-0.785	O2):36.715	
O1):-0.775	O2):32.883	
O1):-0.775	O2):32.883	
O1):-0.802	O2):37.817	
O1):-0.813	O2):38.918	
O1):-0.741	O2):31.139	
O1):-0.816	O2):38.99	
O1):-0.824	O2):48.468	
O1):-0.842	O2):53.251	
O1):-0.778	O2):33.162	
O1):-0.788	O2):37.267	
O1):-0.77	O2):32.541	
O1):-0.76	O2):31.745	
O1):-0.695	O2):28.129	
O1):-0.75	O2):32.709	
O1):-0.825	O2):42.707	
O1):-0.862	O2):54.149	
O1):-0.842	O2):53.255	
O1):-0.723	O2):28.688	
O1):-0.842	O2):49.409	
O1):-0.769	O2):32.581	
O1):-0.832	O2):43.144	
O1):-0.734	O2):31.458	
O1):-0.724	O2):29.248	
O1):-0.78	O2):33.541	
O1):-0.731	O2):31.287	
O1):-0.771	O2):33.061	
O1):-0.789	O2):34.816	
O1):-0.796	O2):38.418	
O1):-0.824	O2):43.271	
O1):-0.851	O2):49.99	
O1):-0.773	O2):32.419	
O1):-0.811	O2):39.074	
O1):-0.827	O2):43.506	
O1):-0.802	O2):37.817	
O1):-0.701	O2):27.182	
O1):-0.842	O2):49.407	
O1):-0.702	O2):27.096	
O1):-0.802	O2):37.767	
O1):-0.787	O2):37.363	
O1):-0.756	O2):31.62	
O1):-0.835	O2):48.265	
O1):-0.753	O2):32.849	
O1):-0.832	O2):51.639	
O1):-0.766	O2):32.905	
O1):-0.798	O2):38.287	
O1):-0.73	O2):31.287	
O1):-0.786	O2):33.968	
O1):-0.78	O2):46.061	
O1):-0.834	O2):44.933	
O1):-0.77	O2):37.195	
O1):-0.785	O2):43.975	
O1):-0.747	O2):32.56	
O1):-0.808	O2):38.692	
O1):-0.836	O2):45.733	
O1):-0.71	O2):27.717	
O1):-0.779	O2):33.235	
O1):-0.772	O2):32.393	
O1):-0.772	O2):32.56	
O1):-0.802	O2):37.817	
Starting PrismExecutor worker 2 on port 11412
O1):-0.804	O2):38.649	
O1):-0.735	O2):31.833	
O1):-0.803	O2):38.313	
Connected worker 2 to port 11412
O1):-0.859	O2):53.236	
O1):-0.694	O2):27.52	
O1):-0.757	O2):33.161	
O1):-0.779	O2):34.156	
O1):-0.77	O2):33.912	
O1):-0.759	O2):32.351	
O1):-0.705	O2):28.008	
Evaluations:	1300
O1):-0.762	O2):32.766	
O1):-0.842	O2):53.251	
O1):-0.732	O2):31.251	
O1):-0.752	O2):32.719	
O1):-0.842	O2):49.409	
O1):-0.756	O2):31.62	
O1):-0.759	O2):32.351	
O1):-0.748	O2):31.433	
O1):-0.701	O2):27.211	
O1):-0.763	O2):32.839	
O1):-0.822	O2):43.723	
O1):-0.808	O2):42.347	
O1):-0.672	O2):27.297	
O1):-0.776	O2):33.558	
O1):-0.842	O2):53.251	
O1):-0.671	O2):26.478	
O1):-0.766	O2):32.905	
O1):-0.738	O2):32.067	
O1):-0.815	O2):37.878	
O1):-0.766	O2):32.905	
O1):-0.834	O2):44.933	
O1):-0.803	O2):38.313	
O1):-0.808	O2):38.728	
O1):-0.802	O2):37.817	
O1):-0.703	O2):27.795	
O1):-0.82	O2):42.709	
O1):-0.795	O2):36.838	
O1):-0.767	O2):33.391	
O1):-0.797	O2):37.06	
O1):-0.844	O2):48.799	
O1):-0.777	O2):35.628	
O1):-0.714	O2):30.551	
O1):-0.702	O2):27.096	
O1):-0.833	O2):43.516	
O1):-0.751	O2):32.705	
O1):-0.836	O2):44.37	
O1):-0.779	O2):39.436	
O1):-0.842	O2):49.407	
O1):-0.793	O2):37.064	
O1):-0.806	O2):38.734	
O1):-0.753	O2):31.544	
O1):-0.837	O2):48.618	
O1):-0.777	O2):33.424	
O1):-0.785	O2):37.287	
O1):-0.766	O2):32.905	
O1):-0.825	O2):42.505	
O1):-0.746	O2):36.617	
O1):-0.726	O2):30.939	
O1):-0.701	O2):27.201	
O1):-0.767	O2):33.148	
O1):-0.844	O2):48.799	
O1):-0.762	O2):32.531	
O1):-0.759	O2):32.351	
O1):-0.816	O2):37.971	
O1):-0.8	O2):37.42	
O1):-0.714	O2):30.826	
O1):-0.73	O2):31.287	
O1):-0.83	O2):58.669	
O1):-0.718	O2):28.61	
O1):-0.776	O2):35.536	
O1):-0.754	O2):32.881	
O1):-0.827	O2):44.017	
O1):-0.738	O2):31.734	
O1):-0.782	O2):33.781	
O1):-0.815	O2):37.825	
O1):-0.786	O2):33.972	
O1):-0.795	O2):35.812	
O1):-0.772	O2):32.56	
O1):-0.816	O2):38.022	
O1):-0.737	O2):32.521	
O1):-0.804	O2):38.747	
O1):-0.753	O2):32.774	
O1):-0.786	O2):34.617	
O1):-0.738	O2):31.734	
O1):-0.671	O2):26.478	
O1):-0.759	O2):32.351	
O1):-0.826	O2):48.804	
O1):-0.739	O2):34.913	
O1):-0.822	O2):43.198	
O1):-0.729	O2):33.535	
O1):-0.705	O2):27.466	
O1):-0.674	O2):27.222	
O1):-0.756	O2):32.173	
Evaluations:	1000
O1):-0.762	O2):32.124	
Starting PrismExecutor worker 2 on port 11422
O1):-0.723	O2):28.688	
O1):-0.741	O2):31.519	
O1):-0.756	O2):31.812	
Connected worker 2 to port 11422
O1):-0.76	O2):31.746	
O1):-0.738	O2):31.734	
O1):-0.759	O2):32.15	
O1):-0.8	O2):37.377	
O1):-0.753	O2):32.862	
O1):-0.789	O2):34.806	
O1):-0.758	O2):31.856	
O1):-0.731	O2):31.455	
O1):-0.713	O2):32.631	
O1):-0.798	O2):35.874	
O1):-0.721	O2):29.463	
O1):-0.738	O2):31.734	
O1):-0.82	O2):43.636	
O1):-0.699	O2):28.501	
O1):-0.808	O2):38.716	
O1):-0.798	O2):35.875	
O1):-0.844	O2):49.181	
O1):-0.675	O2):26.825	
O1):-0.805	O2):38.432	
O1):-0.788	O2):34.274	
O1):-0.842	O2):49.407	
O1):-0.756	O2):31.62	
O1):-0.818	O2):39.995	
O1):-0.842	O2):53.253	
O1):-0.724	O2):30.605	
O1):-0.786	O2):33.968	
O1):-0.766	O2):32.878	
O1):-0.724	O2):28.909	
O1):-0.822	O2):46.607	
O1):-0.694	O2):27.52	
O1):-0.758	O2):31.948	
O1):-0.851	O2):49.99	
O1):-0.772	O2):32.56	
O1):-0.831	O2):48.843	
O1):-0.816	O2):37.766	
O1):-0.672	O2):27.319	
O1):-0.738	O2):31.734	
O1):-0.809	O2):40.965	
O1):-0.749	O2):35.368	
O1):-0.786	O2):34.617	
O1):-0.777	O2):33.302	
O1):-0.833	O2):44.854	
O1):-0.825	O2):42.504	
O1):-0.834	O2):43.641	
O1):-0.79	O2):37.683	
O1):-0.816	O2):37.971	
O1):-0.77	O2):33.393	
O1):-0.844	O2):48.799	
O1):-0.708	O2):27.654	
O1):-0.763	O2):32.196	
O1):-0.703	O2):28.02	
O1):-0.705	O2):28.158	
O1):-0.826	O2):43.069	
O1):-0.788	O2):39.614	
O1):-0.85	O2):53.993	
O1):-0.776	O2):33.558	
O1):-0.722	O2):29.43	
O1):-0.776	O2):33.558	
O1):-0.776	O2):33.558	
O1):-0.779	O2):45.729	
O1):-0.759	O2):32.351	
O1):-0.791	O2):34.431	
O1):-0.672	O2):27.297	
O1):-0.748	O2):31.433	
O1):-0.862	O2):54.149	
O1):-0.718	O2):28.61	
O1):-0.845	O2):50.002	
O1):-0.842	O2):53.251	
O1):-0.704	O2):27.202	
O1):-0.759	O2):32.351	
O1):-0.769	O2):32.611	
O1):-0.82	O2):43.636	
O1):-0.778	O2):36.339	
O1):-0.731	O2):31.455	
O1):-0.802	O2):37.817	
O1):-0.775	O2):32.883	
O1):-0.661	O2):26.685	
O1):-0.786	O2):34.805	
O1):-0.704	O2):27.202	
O1):-0.815	O2):37.825	
O1):-0.825	O2):43.452	
O1):-0.825	O2):42.504	
O1):-0.813	O2):39.393	
O1):-0.816	O2):37.78	
O1):-0.819	O2):38.459	
O1):-0.689	O2):27.076	
O1):-0.702	O2):27.096	
Evaluations:	1100
O1):-0.816	O2):37.971	
O1):-0.834	O2):43.418	
O1):-0.842	O2):49.407	
Starting PrismExecutor worker 3 on port 11463
O1):-0.822	O2):43.198	
O1):-0.851	O2):49.99	
O1):-0.845	O2):49.391	
Connected worker 3 to port 11463
O1):-0.79	O2):36.866	
O1):-0.672	O2):27.297	
O1):-0.794	O2):35.504	
O1):-0.736	O2):33.242	
O1):-0.81	O2):38.957	
O1):-0.797	O2):35.828	
O1):-0.757	O2):36.547	
O1):-0.789	O2):35.298	
O1):-0.834	O2):43.418	
O1):-0.672	O2):27.319	
O1):-0.705	O2):28.008	
O1):-0.738	O2):31.734	
O1):-0.813	O2):39.466	
O1):-0.822	O2):43.198	
O1):-0.785	O2):36.715	
O1):-0.727	O2):31.02	
O1):-0.808	O2):38.728	
O1):-0.801	O2):37.687	
O1):-0.722	O2):29.306	
O1):-0.757	O2):33.184	
O1):-0.766	O2):32.905	
O1):-0.799	O2):37.678	
O1):-0.802	O2):37.817	
O1):-0.724	O2):29.506	
O1):-0.702	O2):27.599	
O1):-0.8	O2):37.532	
O1):-0.756	O2):31.62	
O1):-0.825	O2):42.504	
O1):-0.783	O2):37.454	
O1):-0.673	O2):26.725	
O1):-0.781	O2):33.839	
O1):-0.703	O2):27.249	
O1):-0.683	O2):27.57	
O1):-0.8	O2):37.377	
O1):-0.826	O2):43.064	
O1):-0.786	O2):33.972	
O1):-0.757	O2):33.071	
O1):-0.674	O2):26.742	
O1):-0.782	O2):33.731	
O1):-0.756	O2):35.354	
O1):-0.727	O2):31.017	
O1):-0.773	O2):32.418	
O1):-0.818	O2):42.315	
O1):-0.824	O2):43.271	
O1):-0.799	O2):37.678	
O1):-0.772	O2):33.525	
O1):-0.786	O2):33.968	
O1):-0.74	O2):29.397	
O1):-0.825	O2):43.452	
O1):-0.784	O2):36.565	
O1):-0.854	O2):49.487	
O1):-0.834	O2):44.933	
O1):-0.689	O2):27.076	
O1):-0.671	O2):26.489	
O1):-0.772	O2):33.528	
O1):-0.76	O2):33.602	
O1):-0.703	O2):27.249	
O1):-0.722	O2):29.116	
O1):-0.833	O2):43.281	
O1):-0.801	O2):37.621	
O1):-0.727	O2):31.021	
O1):-0.783	O2):38.554	
O1):-0.835	O2):44.856	
O1):-0.791	O2):34.309	
O1):-0.825	O2):42.504	
O1):-0.788	O2):39.615	
O1):-0.783	O2):33.933	
O1):-0.772	O2):33.509	
O1):-0.763	O2):32.201	
O1):-0.842	O2):49.409	
O1):-0.766	O2):32.905	
O1):-0.779	O2):33.235	
O1):-0.819	O2):41.78	
O1):-0.799	O2):37.678	
O1):-0.713	O2):30.593	
O1):-0.7	O2):27.198	
O1):-0.776	O2):33.391	
O1):-0.818	O2):43.518	
O1):-0.785	O2):36.715	
O1):-0.707	O2):27.415	
O1):-0.753	O2):31.544	
O1):-0.759	O2):32.351	
O1):-0.799	O2):37.799	
O1):-0.8	O2):37.324	
O1):-0.817	O2):37.908	
O1):-0.718	O2):27.737	
O1):-0.765	O2):32.473	
O1):-0.81	O2):38.957	
O1):-0.798	O2):35.875	
O1):-0.672	O2):27.297	
O1):-0.759	O2):32.351	
O1):-0.814	O2):41.796	
O1):-0.777	O2):33.3	
O1):-0.792	O2):37.013	
O1):-0.763	O2):32.133	
O1):-0.833	O2):44.395	
O1):-0.718	O2):27.737	
O1):-0.837	O2):57.983	
O1):-0.8	O2):37.377	
O1):-0.753	O2):32.887	
O1):-0.795	O2):36.824	
O1):-0.753	O2):36.218	
O1):-0.786	O2):34.015	
O1):-0.767	O2):33.194	
O1):-0.718	O2):28.61	
O1):-0.724	O2):30.628	
O1):-0.778	O2):33.162	
O1):-0.822	O2):43.198	
O1):-0.789	O2):33.971	
O1):-0.735	O2):32.002	
O1):-0.702	O2):27.096	
O1):-0.835	O2):48.265	
O1):-0.762	O2):32.773	
O1):-0.816	O2):37.971	
O1):-0.819	O2):41.78	
O1):-0.792	O2):37.011	
O1):-0.671	O2):26.489	
O1):-0.808	O2):38.692	
O1):-0.808	O2):38.692	
O1):-0.8	O2):37.377	
Evaluations:	1200
O1):-0.802	O2):37.866	
O1):-0.776	O2):33.558	
O1):-0.822	O2):43.723	
O1):-0.786	O2):34.241	
O1):-0.785	O2):38.809	
O1):-0.759	O2):32.317	
O1):-0.806	O2):38.773	
O1):-0.804	O2):38.211	
O1):-0.821	O2):43.089	
O1):-0.842	O2):49.409	
O1):-0.816	O2):38.022	
O1):-0.841	O2):49.287	
O1):-0.844	O2):48.799	
O1):-0.817	O2):37.908	
O1):-0.801	O2):38.639	
Evaluations:	1100
Starting PrismExecutor worker 1 on port 11461
O1):-0.816	O2):39.03	
Connected worker 1 to port 11461
O1):-0.786	O2):34.091	
O1):-0.798	O2):35.875	
O1):-0.759	O2):32.351	
O1):-0.724	O2):28.813	
O1):-0.771	O2):33.119	
O1):-0.777	O2):33.965	
O1):-0.779	O2):33.23	
O1):-0.835	O2):48.265	
O1):-0.694	O2):27.52	
O1):-0.853	O2):49.172	
O1):-0.76	O2):35.789	
O1):-0.723	O2):28.27	
O1):-0.777	O2):33.907	
O1):-0.83	O2):53.72	
O1):-0.835	O2):48.265	
O1):-0.859	O2):53.257	
O1):-0.788	O2):43.68	
O1):-0.776	O2):40.057	
O1):-0.774	O2):34.056	
O1):-0.747	O2):33.871	
O1):-0.818	O2):38.363	
O1):-0.709	O2):27.702	
O1):-0.76	O2):31.661	
O1):-0.816	O2):38.99	
O1):-0.863	O2):58.73	
O1):-0.761	O2):32.428	
O1):-0.762	O2):32.566	
O1):-0.803	O2):38.313	
O1):-0.777	O2):33.742	
O1):-0.798	O2):35.875	
O1):-0.671	O2):26.53	
O1):-0.762	O2):33.998	
O1):-0.816	O2):38.99	
O1):-0.815	O2):37.879	
O1):-0.778	O2):33.162	
O1):-0.798	O2):35.875	
O1):-0.806	O2):38.262	
O1):-0.753	O2):32.776	
O1):-0.83	O2):53.815	
O1):-0.793	O2):39.458	
O1):-0.671	O2):26.489	
O1):-0.763	O2):32.133	
O1):-0.674	O2):26.72	
O1):-0.738	O2):31.734	
O1):-0.834	O2):43.418	
O1):-0.777	O2):33.361	
O1):-0.825	O2):42.504	
O1):-0.797	O2):37.66	
O1):-0.772	O2):33.509	
O1):-0.706	O2):27.588	
O1):-0.781	O2):33.839	
O1):-0.8	O2):37.734	
O1):-0.788	O2):34.983	
O1):-0.836	O2):53.106	
O1):-0.835	O2):43.821	
O1):-0.765	O2):32.473	
O1):-0.762	O2):32.576	
O1):-0.8	O2):37.377	
O1):-0.671	O2):26.489	
O1):-0.788	O2):34.983	
O1):-0.775	O2):35.45	
O1):-0.834	O2):43.418	
O1):-0.694	O2):27.61	
O1):-0.838	O2):48.455	
O1):-0.727	O2):31.128	
O1):-0.673	O2):26.725	
O1):-0.748	O2):31.433	
O1):-0.802	O2):37.817	
Evaluations:	1200
Starting PrismExecutor worker 0 on port 11410
O1):-0.778	O2):33.392	
Connected worker 0 to port 11410
O1):-0.838	O2):48.455	
O1):-0.825	O2):42.504	
O1):-0.791	O2):34.437	
O1):-0.827	O2):44.017	
O1):-0.76	O2):35.789	
O1):-0.819	O2):38.459	
O1):-0.719	O2):27.717	
Evaluations:	1200
O1):-0.841	O2):49.288	
O1):-0.801	O2):37.687	
O1):-0.777	O2):33.595	
O1):-0.723	O2):28.774	
O1):-0.776	O2):33.558	
O1):-0.829	O2):44.107	
O1):-0.671	O2):26.489	
O1):-0.833	O2):43.516	
O1):-0.82	O2):38.886	
O1):-0.828	O2):43.323	
O1):-0.851	O2):49.99	
O1):-0.837	O2):53.963	
O1):-0.817	O2):37.908	
O1):-0.816	O2):38.99	
O1):-0.782	O2):33.762	
O1):-0.82	O2):40.717	
O1):-0.756	O2):32.193	
O1):-0.753	O2):32.887	
O1):-0.822	O2):43.198	
O1):-0.841	O2):49.287	
O1):-0.811	O2):39.028	
O1):-0.752	O2):31.738	
O1):-0.804	O2):38.211	
O1):-0.778	O2):33.508	
O1):-0.785	O2):37.42	
O1):-0.844	O2):48.799	
O1):-0.837	O2):57.983	
O1):-0.779	O2):36.016	
O1):-0.807	O2):42.456	
O1):-0.834	O2):43.418	
O1):-0.674	O2):26.746	
O1):-0.762	O2):32.766	
O1):-0.704	O2):27.202	
O1):-0.801	O2):37.71	
O1):-0.842	O2):53.251	
O1):-0.734	O2):31.458	
O1):-0.786	O2):33.968	
O1):-0.816	O2):37.766	
O1):-0.779	O2):33.334	
O1):-0.805	O2):38.332	
O1):-0.762	O2):32.531	
O1):-0.842	O2):53.251	
O1):-0.801	O2):37.687	
O1):-0.758	O2):31.337	
O1):-0.777	O2):32.822	
O1):-0.73	O2):31.286	
O1):-0.763	O2):32.196	
O1):-0.814	O2):37.933	
O1):-0.817	O2):39.892	
O1):-0.756	O2):31.62	
O1):-0.747	O2):32.205	
O1):-0.738	O2):31.734	
O1):-0.806	O2):38.262	
O1):-0.745	O2):34.41	
O1):-0.767	O2):32.657	
O1):-0.805	O2):38.432	
O1):-0.767	O2):33.12	
O1):-0.822	O2):43.198	
O1):-0.791	O2):34.433	
O1):-0.825	O2):42.504	
O1):-0.671	O2):26.489	
O1):-0.786	O2):33.94	
O1):-0.725	O2):30.932	
O1):-0.826	O2):43.068	
O1):-0.799	O2):37.678	
O1):-0.776	O2):33.558	
O1):-0.772	O2):32.56	
O1):-0.779	O2):33.236	
O1):-0.722	O2):29.298	
O1):-0.789	O2):36.86	
O1):-0.785	O2):37.217	
O1):-0.81	O2):39.034	
O1):-0.818	O2):39.995	
O1):-0.738	O2):31.734	
O1):-0.836	O2):53.104	
O1):-0.814	O2):39.73	
O1):-0.775	O2):33.328	
O1):-0.859	O2):53.207	
O1):-0.766	O2):32.904	
O1):-0.723	O2):28.774	
O1):-0.674	O2):27.222	
O1):-0.728	O2):31.272	
O1):-0.842	O2):53.251	
O1):-0.731	O2):31.455	
O1):-0.724	O2):29.248	
O1):-0.748	O2):31.434	
O1):-0.731	O2):31.455	
Starting PrismExecutor worker 4 on port 11434
O1):-0.828	O2):43.491	
O1):-0.804	O2):38.211	
Connected worker 4 to port 11434
O1):-0.815	O2):38.989	
O1):-0.703	O2):27.249	
O1):-0.805	O2):38.432	
O1):-0.842	O2):53.251	
O1):-0.777	O2):33.907	
O1):-0.794	O2):34.147	
O1):-0.758	O2):33.968	
O1):-0.789	O2):33.971	
O1):-0.675	O2):26.825	
O1):-0.859	O2):53.257	
O1):-0.69	O2):27.257	
O1):-0.816	O2):37.971	
O1):-0.703	O2):27.752	
O1):-0.814	O2):41.796	
O1):-0.786	O2):33.968	
O1):-0.791	O2):37.032	
O1):-0.8	O2):37.377	
O1):-0.71	O2):27.717	
O1):-0.671	O2):26.53	
O1):-0.768	O2):33.15	
O1):-0.784	O2):33.695	
O1):-0.784	O2):38.431	
O1):-0.836	O2):44.37	
O1):-0.671	O2):26.524	
O1):-0.762	O2):32.738	
O1):-0.836	O2):53.104	
O1):-0.703	O2):27.433	
O1):-0.674	O2):27.222	
O1):-0.703	O2):27.249	
O1):-0.701	O2):27.182	
O1):-0.76	O2):32.176	
O1):-0.704	O2):27.792	
O1):-0.674	O2):27.222	
O1):-0.842	O2):53.251	
O1):-0.816	O2):37.872	
O1):-0.748	O2):31.45	
O1):-0.738	O2):31.734	
O1):-0.76	O2):31.661	
O1):-0.777	O2):36.333	
O1):-0.765	O2):34.54	
O1):-0.76	O2):31.875	
O1):-0.694	O2):27.61	
O1):-0.776	O2):33.558	
O1):-0.834	O2):43.418	
O1):-0.792	O2):36.759	
O1):-0.837	O2):48.618	
O1):-0.802	O2):37.817	
O1):-0.795	O2):36.824	
O1):-0.76	O2):32.263	
O1):-0.703	O2):27.795	
O1):-0.797	O2):35.828	
O1):-0.834	O2):47.532	
O1):-0.671	O2):26.489	
O1):-0.701	O2):27.182	
O1):-0.69	O2):27.257	
O1):-0.76	O2):33.906	
O1):-0.761	O2):31.875	
O1):-0.702	O2):27.096	
O1):-0.758	O2):33.45	
O1):-0.8	O2):37.377	
O1):-0.854	O2):49.487	
O1):-0.786	O2):37.732	
O1):-0.789	O2):36.86	
O1):-0.813	O2):39.494	
O1):-0.738	O2):31.734	
O1):-0.76	O2):31.661	
O1):-0.795	O2):36.824	
O1):-0.828	O2):43.65	
Evaluations:	1200
O1):-0.733	O2):28.783	
O1):-0.678	O2):27.18	
O1):-0.708	O2):28.219	
O1):-0.76	O2):32.106	
O1):-0.799	O2):37.838	
O1):-0.753	O2):31.544	
O1):-0.727	O2):32.887	
O1):-0.706	O2):27.588	
O1):-0.785	O2):34.396	
O1):-0.795	O2):37.125	
O1):-0.832	O2):43.147	
O1):-0.821	O2):43.089	
O1):-0.835	O2):49.082	
O1):-0.746	O2):32.326	
O1):-0.774	O2):33.039	
O1):-0.738	O2):31.734	
O1):-0.787	O2):34.931	
O1):-0.845	O2):50.002	
O1):-0.842	O2):53.251	
O1):-0.837	O2):53.964	
O1):-0.674	O2):27.222	
O1):-0.674	O2):26.72	
O1):-0.738	O2):31.734	
O1):-0.859	O2):54.298	
O1):-0.702	O2):27.096	
O1):-0.671	O2):26.489	
O1):-0.786	O2):33.966	
O1):-0.78	O2):46.06	
O1):-0.834	O2):44.931	
O1):-0.789	O2):33.969	
Starting PrismExecutor worker 5 on port 11435
O1):-0.673	O2):26.725	
O1):-0.786	O2):34.805	
Connected worker 5 to port 11435
O1):-0.816	O2):39.027	
O1):-0.765	O2):34.579	
O1):-0.837	O2):44.278	
O1):-0.785	O2):34.709	
O1):-0.784	O2):34.45	
O1):-0.675	O2):27.24	
O1):-0.786	O2):33.968	
O1):-0.819	O2):38.717	
O1):-0.817	O2):37.908	
O1):-0.8	O2):37.734	
O1):-0.838	O2):48.455	
O1):-0.718	O2):28.61	
O1):-0.757	O2):32.132	
O1):-0.786	O2):33.968	
O1):-0.722	O2):29.348	
O1):-0.717	O2):28.167	
O1):-0.759	O2):33.489	
O1):-0.834	O2):43.812	
O1):-0.671	O2):26.53	
O1):-0.66	O2):26.68	
O1):-0.77	O2):32.541	
O1):-0.701	O2):27.201	
O1):-0.73	O2):31.294	
O1):-0.675	O2):26.825	
O1):-0.738	O2):31.734	
O1):-0.792	O2):37.011	
O1):-0.817	O2):37.908	
O1):-0.761	O2):31.875	
O1):-0.785	O2):36.721	
O1):-0.694	O2):27.52	
O1):-0.76	O2):32.262	
O1):-0.794	O2):37.758	
O1):-0.78	O2):33.554	
O1):-0.771	O2):34.601	
O1):-0.787	O2):34.931	
O1):-0.797	O2):37.414	
O1):-0.723	O2):28.774	
O1):-0.812	O2):39.952	
O1):-0.784	O2):36.568	
O1):-0.724	O2):29.248	
O1):-0.808	O2):38.692	
O1):-0.826	O2):44.188	
O1):-0.762	O2):32.766	
O1):-0.836	O2):44.003	
O1):-0.759	O2):32.016	
O1):-0.77	O2):43.546	
O1):-0.775	O2):32.883	
O1):-0.826	O2):48.793	
O1):-0.76	O2):31.875	
O1):-0.762	O2):32.741	
O1):-0.718	O2):28.619	
O1):-0.778	O2):33.162	
O1):-0.674	O2):27.222	
O1):-0.776	O2):36.23	
O1):-0.804	O2):38.603	
O1):-0.811	O2):39.315	
O1):-0.762	O2):32.531	
O1):-0.702	O2):27.214	
O1):-0.801	O2):41.84	
O1):-0.701	O2):27.201	
O1):-0.838	O2):48.455	
O1):-0.796	O2):37.104	
O1):-0.8	O2):37.478	
O1):-0.74	O2):29.397	
O1):-0.762	O2):32.532	
O1):-0.748	O2):31.433	
Evaluations:	1100
O1):-0.675	O2):26.752	
O1):-0.702	O2):27.212	
O1):-0.704	O2):27.792	
O1):-0.811	O2):39.028	
O1):-0.776	O2):35.645	
O1):-0.689	O2):27.076	
O1):-0.825	O2):42.504	
O1):-0.816	O2):37.97	
O1):-0.76	O2):31.661	
O1):-0.753	O2):32.776	
O1):-0.795	O2):44.44	
O1):-0.809	O2):38.778	
O1):-0.775	O2):33.852	
O1):-0.819	O2):41.78	
O1):-0.756	O2):31.62	
O1):-0.724	O2):29.248	
O1):-0.8	O2):37.42	
O1):-0.789	O2):37.769	
O1):-0.817	O2):37.908	
O1):-0.818	O2):39.9	
O1):-0.766	O2):39.2	
O1):-0.837	O2):48.469	
O1):-0.85	O2):53.993	
O1):-0.791	O2):37.031	
O1):-0.842	O2):53.251	
O1):-0.718	O2):27.737	
O1):-0.834	O2):43.418	
O1):-0.738	O2):31.734	
O1):-0.844	O2):48.799	
O1):-0.851	O2):49.99	
O1):-0.842	O2):53.251	
Starting PrismExecutor worker 5 on port 11495
O1):-0.863	O2):54.298	
Connected worker 5 to port 11495
O1):-0.761	O2):31.966	
O1):-0.793	O2):37.356	
O1):-0.789	O2):36.86	
O1):-0.835	O2):43.821	
O1):-0.798	O2):38.287	
O1):-0.816	O2):39.031	
O1):-0.825	O2):42.504	
O1):-0.775	O2):32.883	
O1):-0.743	O2):31.122	
O1):-0.792	O2):36.994	
O1):-0.801	O2):37.809	
O1):-0.815	O2):37.825	
O1):-0.778	O2):33.162	
O1):-0.833	O2):43.723	
O1):-0.703	O2):28.02	
O1):-0.851	O2):48.605	
O1):-0.782	O2):33.771	
O1):-0.82	O2):42.709	
O1):-0.806	O2):38.262	
O1):-0.777	O2):33.907	
O1):-0.802	O2):37.817	
O1):-0.759	O2):31.465	
O1):-0.797	O2):37.661	
O1):-0.761	O2):32.206	
O1):-0.671	O2):26.524	
O1):-0.724	O2):30.614	
O1):-0.674	O2):27.222	
O1):-0.834	O2):48.995	
O1):-0.825	O2):42.504	
O1):-0.8	O2):37.377	
O1):-0.819	O2):38.667	
O1):-0.816	O2):37.766	
O1):-0.766	O2):32.852	
O1):-0.805	O2):38.304	
O1):-0.705	O2):27.466	
O1):-0.723	O2):28.331	
O1):-0.797	O2):35.77	
O1):-0.772	O2):32.56	
O1):-0.702	O2):27.096	
O1):-0.8	O2):37.734	
O1):-0.738	O2):31.734	
O1):-0.747	O2):32.338	
O1):-0.799	O2):37.324	
O1):-0.819	O2):43.607	
O1):-0.795	O2):35.812	
O1):-0.689	O2):27.076	
O1):-0.723	O2):28.774	
O1):-0.783	O2):33.934	
O1):-0.765	O2):33.532	
O1):-0.792	O2):37.97	
O1):-0.838	O2):48.455	
O1):-0.674	O2):27.222	
O1):-0.801	O2):37.621	
O1):-0.797	O2):35.827	
O1):-0.803	O2):38.313	
O1):-0.753	O2):40.667	
O1):-0.723	O2):28.688	
O1):-0.8	O2):37.42	
O1):-0.858	O2):53.881	
O1):-0.832	O2):43.144	
O1):-0.862	O2):54.149	
O1):-0.819	O2):38.667	
O1):-0.785	O2):36.716	
O1):-0.784	O2):37.363	
O1):-0.792	O2):37.012	
O1):-0.82	O2):43.636	
O1):-0.773	O2):38.839	
O1):-0.793	O2):36.832	
O1):-0.811	O2):39.315	
O1):-0.778	O2):33.162	
O1):-0.775	O2):38.353	
O1):-0.842	O2):53.251	
O1):-0.772	O2):33.509	
O1):-0.75	O2):38.861	
O1):-0.784	O2):36.561	
O1):-0.722	O2):29.306	
O1):-0.794	O2):37.452	
O1):-0.752	O2):32.7	
O1):-0.8	O2):37.438	
O1):-0.811	O2):39.315	
O1):-0.694	O2):27.52	
O1):-0.81	O2):42.996	
O1):-0.785	O2):36.716	
O1):-0.833	O2):43.516	
O1):-0.762	O2):32.83	
O1):-0.804	O2):38.76	
O1):-0.738	O2):31.734	
O1):-0.835	O2):48.265	
O1):-0.674	O2):26.72	
O1):-0.76	O2):33.602	
O1):-0.758	O2):33.295	
O1):-0.776	O2):35.972	
O1):-0.804	O2):38.603	
O1):-0.746	O2):31.479	
O1):-0.689	O2):27.076	
O1):-0.725	O2):30.92	
O1):-0.77	O2):35.978	
O1):-0.834	O2):43.422	
O1):-0.797	O2):38.501	
O1):-0.768	O2):33.589	
O1):-0.81	O2):38.957	
O1):-0.7	O2):27.198	
O1):-0.748	O2):32.524	
O1):-0.816	O2):37.766	
Starting PrismExecutor worker 5 on port 11485
O1):-0.705	O2):27.432	
O1):-0.738	O2):31.734	
Connected worker 5 to port 11485
O1):-0.674	O2):26.72	
O1):-0.671	O2):26.489	
O1):-0.732	O2):31.504	
O1):-0.759	O2):31.746	
O1):-0.803	O2):37.764	
O1):-0.738	O2):31.734	
O1):-0.721	O2):28.583	
O1):-0.855	O2):54.571	
O1):-0.762	O2):32.574	
O1):-0.72	O2):29.371	
O1):-0.757	O2):37.575	
O1):-0.837	O2):53.963	
O1):-0.834	O2):43.643	
O1):-0.832	O2):43.144	
O1):-0.8	O2):37.377	
O1):-0.795	O2):36.608	
O1):-0.817	O2):37.908	
O1):-0.74	O2):31.194	
O1):-0.795	O2):35.812	
O1):-0.762	O2):32.123	
O1):-0.801	O2):37.688	
O1):-0.753	O2):31.551	
O1):-0.723	O2):28.688	
O1):-0.705	O2):28.008	
O1):-0.82	O2):43.643	
O1):-0.721	O2):28.471	
O1):-0.73	O2):31.351	
O1):-0.829	O2):44.107	
O1):-0.801	O2):43.652	
O1):-0.691	O2):30.455	
O1):-0.776	O2):33.391	
O1):-0.785	O2):36.715	
O1):-0.772	O2):33.509	
O1):-0.773	O2):38.848	
O1):-0.79	O2):36.866	
O1):-0.701	O2):27.185	
O1):-0.845	O2):53.032	
O1):-0.842	O2):53.255	
O1):-0.837	O2):53.963	
O1):-0.776	O2):33.558	
O1):-0.784	O2):36.544	
O1):-0.772	O2):32.393	
O1):-0.83	O2):45.789	
O1):-0.792	O2):37.86	
O1):-0.792	O2):35.318	
O1):-0.724	O2):29.248	
O1):-0.786	O2):34.617	
O1):-0.727	O2):31.021	
O1):-0.838	O2):48.455	
O1):-0.76	O2):31.875	
O1):-0.762	O2):32.739	
O1):-0.797	O2):37.393	
O1):-0.792	O2):37.595	
O1):-0.762	O2):32.739	
O1):-0.756	O2):31.62	
O1):-0.775	O2):32.883	
O1):-0.777	O2):33.334	
O1):-0.797	O2):35.828	
O1):-0.801	O2):37.396	
O1):-0.671	O2):26.53	
O1):-0.777	O2):33.424	
O1):-0.784	O2):34.049	
O1):-0.819	O2):38.667	
O1):-0.841	O2):49.287	
O1):-0.714	O2):30.663	
O1):-0.696	O2):26.818	
O1):-0.711	O2):31.919	
O1):-0.835	O2):48.19	
O1):-0.707	O2):27.414	
O1):-0.81	O2):38.957	
O1):-0.719	O2):27.717	
O1):-0.706	O2):27.588	
O1):-0.795	O2):34.137	
O1):-0.791	O2):34.431	
O1):-0.801	O2):37.687	
O1):-0.786	O2):33.968	
O1):-0.777	O2):32.814	
O1):-0.767	O2):32.616	
O1):-0.859	O2):53.261	
Evaluations:	1200
O1):-0.778	O2):33.162	
O1):-0.792	O2):36.759	
O1):-0.836	O2):45.733	
O1):-0.817	O2):49.128	
O1):-0.731	O2):31.449	
O1):-0.833	O2):44.847	
O1):-0.756	O2):31.62	
O1):-0.796	O2):36.925	
O1):-0.772	O2):33.509	
O1):-0.795	O2):37.3	
O1):-0.835	O2):48.368	
O1):-0.81	O2):38.957	
O1):-0.779	O2):45.719	
O1):-0.833	O2):43.693	
O1):-0.816	O2):37.766	
O1):-0.775	O2):32.898	
O1):-0.738	O2):31.734	
O1):-0.729	O2):29.34	
Starting PrismExecutor worker 4 on port 11494
O1):-0.841	O2):49.287	
O1):-0.859	O2):53.207	
O1):-0.772	O2):33.509	
Connected worker 4 to port 11494
O1):-0.816	O2):37.78	
O1):-0.827	O2):44.017	
O1):-0.748	O2):33.689	
O1):-0.796	O2):36.921	
O1):-0.731	O2):31.487	
O1):-0.703	O2):27.795	
O1):-0.85	O2):48.291	
O1):-0.821	O2):43.089	
O1):-0.776	O2):36.229	
O1):-0.777	O2):33.742	
O1):-0.776	O2):33.558	
O1):-0.766	O2):32.894	
O1):-0.766	O2):32.904	
O1):-0.786	O2):33.968	
O1):-0.819	O2):41.78	
O1):-0.76	O2):33.573	
O1):-0.76	O2):31.745	
O1):-0.797	O2):38.475	
O1):-0.82	O2):43.636	
O1):-0.842	O2):53.251	
O1):-0.78	O2):33.279	
O1):-0.835	O2):48.265	
O1):-0.728	O2):29.298	
O1):-0.837	O2):57.983	
O1):-0.804	O2):38.733	
O1):-0.775	O2):33.052	
O1):-0.723	O2):28.774	
O1):-0.754	O2):32.872	
O1):-0.816	O2):37.971	
O1):-0.8	O2):37.377	
O1):-0.816	O2):37.971	
O1):-0.834	O2):43.684	
O1):-0.745	O2):30.237	
O1):-0.762	O2):32.123	
O1):-0.837	O2):57.989	
O1):-0.842	O2):53.251	
O1):-0.81	O2):38.957	
O1):-0.756	O2):31.391	
O1):-0.834	O2):47.528	
O1):-0.763	O2):32.133	
O1):-0.829	O2):53.44	
O1):-0.819	O2):38.667	
O1):-0.745	O2):30.237	
O1):-0.79	O2):37.074	
O1):-0.825	O2):42.504	
O1):-0.702	O2):27.212	
O1):-0.816	O2):39.102	
O1):-0.758	O2):33.725	
O1):-0.747	O2):32.353	
O1):-0.802	O2):37.813	
O1):-0.842	O2):53.255	
O1):-0.779	O2):33.235	
O1):-0.724	O2):29.248	
O1):-0.756	O2):31.652	
O1):-0.76	O2):32.33	
O1):-0.72	O2):29.371	
O1):-0.803	O2):37.774	
O1):-0.671	O2):26.489	
O1):-0.799	O2):41.942	
O1):-0.802	O2):38.258	
O1):-0.824	O2):43.271	
O1):-0.81	O2):38.774	
O1):-0.763	O2):32.133	
O1):-0.842	O2):53.251	
O1):-0.827	O2):43.506	
O1):-0.786	O2):33.968	
O1):-0.81	O2):38.774	
O1):-0.793	O2):36.832	
O1):-0.82	O2):43.636	
O1):-0.778	O2):33.162	
O1):-0.779	O2):33.334	
O1):-0.758	O2):31.337	
O1):-0.785	O2):36.711	
O1):-0.773	O2):32.419	
O1):-0.779	O2):38.889	
O1):-0.776	O2):33.558	
O1):-0.772	O2):33.509	
O1):-0.734	O2):28.649	
O1):-0.689	O2):27.076	
O1):-0.837	O2):57.983	
O1):-0.768	O2):33.114	
O1):-0.824	O2):43.271	
O1):-0.762	O2):32.766	
O1):-0.792	O2):35.319	
O1):-0.643	O2):26.472	
O1):-0.762	O2):32.766	
O1):-0.803	O2):38.681	
O1):-0.834	O2):46.058	
O1):-0.802	O2):37.817	
O1):-0.802	O2):37.817	
O1):-0.78	O2):36.808	
O1):-0.765	O2):32.473	
O1):-0.738	O2):31.734	
Evaluations:	1400
O1):-0.815	O2):38.989	
O1):-0.792	O2):38.034	
O1):-0.671	O2):26.524	
O1):-0.689	O2):27.076	
Starting PrismExecutor worker 4 on port 11484
Starting PrismExecutor worker 0 on port 11400
Connected worker 4 to port 11484
Connected worker 0 to port 11400
O1):-0.675	O2):26.738	
O1):-0.724	O2):29.248	
O1):-0.726	O2):30.939	
O1):-0.786	O2):34.617	
O1):-0.834	O2):43.423	
O1):-0.724	O2):29.248	
O1):-0.753	O2):32.849	
O1):-0.753	O2):31.544	
O1):-0.8	O2):37.377	
O1):-0.704	O2):27.202	
O1):-0.808	O2):38.728	
O1):-0.78	O2):39.126	
O1):-0.776	O2):33.391	
O1):-0.836	O2):44.369	
O1):-0.827	O2):44.006	
O1):-0.814	O2):39.73	
O1):-0.834	O2):44.933	
O1):-0.845	O2):50.0	
O1):-0.762	O2):32.739	
O1):-0.674	O2):26.72	
O1):-0.819	O2):38.459	
O1):-0.801	O2):37.928	
O1):-0.833	O2):43.516	
O1):-0.786	O2):34.805	
O1):-0.819	O2):38.459	
O1):-0.703	O2):27.433	
O1):-0.844	O2):48.799	
O1):-0.819	O2):38.667	
O1):-0.723	O2):28.331	
O1):-0.724	O2):28.91	
O1):-0.772	O2):33.509	
O1):-0.855	O2):54.571	
O1):-0.762	O2):32.766	
O1):-0.778	O2):33.107	
O1):-0.806	O2):38.47	
O1):-0.823	O2):43.134	
O1):-0.734	O2):31.458	
O1):-0.842	O2):48.46	
O1):-0.775	O2):32.883	
O1):-0.653	O2):26.455	
O1):-0.81	O2):38.957	
O1):-0.738	O2):31.741	
O1):-0.671	O2):26.478	
O1):-0.778	O2):33.162	
O1):-0.798	O2):35.01	
O1):-0.802	O2):37.817	
O1):-0.81	O2):39.035	
O1):-0.837	O2):44.583	
O1):-0.815	O2):37.825	
O1):-0.747	O2):31.376	
O1):-0.819	O2):43.599	
O1):-0.807	O2):38.777	
O1):-0.723	O2):28.688	
O1):-0.776	O2):33.392	
O1):-0.788	O2):34.224	
O1):-0.739	O2):32.733	
O1):-0.816	O2):37.971	
O1):-0.796	O2):37.11	
O1):-0.788	O2):34.983	
O1):-0.827	O2):44.017	
O1):-0.795	O2):36.824	
O1):-0.674	O2):26.72	
O1):-0.825	O2):42.504	
O1):-0.76	O2):32.168	
O1):-0.824	O2):43.429	
O1):-0.806	O2):38.547	
O1):-0.785	O2):36.715	
O1):-0.72	O2):27.753	
O1):-0.76	O2):32.329	
O1):-0.772	O2):33.509	
O1):-0.851	O2):49.99	
O1):-0.741	O2):33.057	
O1):-0.834	O2):43.684	
O1):-0.787	O2):37.497	
O1):-0.808	O2):42.137	
O1):-0.81	O2):48.214	
O1):-0.827	O2):44.017	
O1):-0.818	O2):38.363	
O1):-0.714	O2):30.643	
O1):-0.771	O2):45.739	
O1):-0.791	O2):37.822	
O1):-0.762	O2):32.249	
O1):-0.767	O2):32.657	
O1):-0.809	O2):39.052	
O1):-0.795	O2):36.824	
O1):-0.805	O2):38.332	
O1):-0.756	O2):36.284	
O1):-0.771	O2):33.061	
O1):-0.762	O2):32.124	
O1):-0.723	O2):29.427	
O1):-0.732	O2):31.504	
O1):-0.674	O2):27.222	
O1):-0.816	O2):37.971	
O1):-0.825	O2):42.504	
O1):-0.773	O2):38.841	
O1):-0.706	O2):27.588	
O1):-0.785	O2):44.028	
O1):-0.819	O2):38.667	
O1):-0.804	O2):38.211	
O1):-0.759	O2):32.151	
O1):-0.76	O2):31.745	
O1):-0.824	O2):43.269	
O1):-0.766	O2):32.949	
O1):-0.673	O2):26.725	
O1):-0.851	O2):49.988	
O1):-0.724	O2):32.668	
O1):-0.723	O2):28.774	
O1):-0.842	O2):53.251	
O1):-0.774	O2):33.402	
O1):-0.759	O2):31.739	
O1):-0.784	O2):37.379	
O1):-0.816	O2):37.952	
O1):-0.771	O2):33.038	
O1):-0.722	O2):29.011	
O1):-0.826	O2):46.22	
O1):-0.854	O2):53.947	
O1):-0.727	O2):31.02	
O1):-0.842	O2):53.251	
O1):-0.815	O2):39.868	
O1):-0.836	O2):44.37	
O1):-0.703	O2):27.433	
O1):-0.701	O2):27.182	
O1):-0.762	O2):32.745	
O1):-0.783	O2):33.934	
O1):-0.798	O2):38.419	
O1):-0.786	O2):34.091	
O1):-0.81	O2):39.034	
O1):-0.768	O2):33.138	
O1):-0.825	O2):42.504	
O1):-0.776	O2):40.054	
O1):-0.757	O2):33.544	
O1):-0.724	O2):29.244	
O1):-0.834	O2):43.418	
O1):-0.671	O2):26.524	
O1):-0.793	O2):36.832	
O1):-0.8	O2):37.484	
O1):-0.8	O2):37.377	
O1):-0.782	O2):33.762	
O1):-0.743	O2):31.122	
O1):-0.723	O2):28.33	
O1):-0.838	O2):49.609	
O1):-0.756	O2):31.381	
O1):-0.816	O2):44.112	
O1):-0.842	O2):53.251	
O1):-0.8	O2):37.81	
O1):-0.836	O2):44.37	
O1):-0.8	O2):38.076	
O1):-0.671	O2):26.53	
O1):-0.825	O2):42.505	
O1):-0.753	O2):31.544	
O1):-0.806	O2):38.258	
O1):-0.837	O2):49.422	
O1):-0.824	O2):43.271	
O1):-0.791	O2):38.87	
O1):-0.798	O2):37.053	
O1):-0.833	O2):43.644	
O1):-0.816	O2):37.78	
O1):-0.805	O2):38.432	
O1):-0.752	O2):32.708	
O1):-0.842	O2):53.251	
O1):-0.862	O2):54.149	
O1):-0.826	O2):43.332	
O1):-0.714	O2):30.643	
O1):-0.744	O2):34.12	
O1):-0.76	O2):32.263	
O1):-0.825	O2):42.504	
O1):-0.759	O2):33.49	
O1):-0.76	O2):31.875	
O1):-0.76	O2):31.661	
O1):-0.766	O2):34.534	
O1):-0.77	O2):37.195	
O1):-0.808	O2):44.145	
O1):-0.827	O2):44.371	
O1):-0.76	O2):31.746	
O1):-0.774	O2):32.962	
O1):-0.759	O2):31.592	
O1):-0.784	O2):36.452	
O1):-0.745	O2):30.238	
O1):-0.826	O2):43.066	
O1):-0.701	O2):26.904	
O1):-0.772	O2):33.528	
O1):-0.759	O2):31.739	
O1):-0.862	O2):54.149	
O1):-0.841	O2):47.864	
O1):-0.819	O2):38.607	
O1):-0.786	O2):33.972	
O1):-0.795	O2):35.812	
O1):-0.811	O2):39.315	
O1):-0.717	O2):31.881	
Evaluations:	1100
O1):-0.784	O2):34.002	
O1):-0.77	O2):36.418	
O1):-0.674	O2):27.222	
O1):-0.797	O2):35.828	
O1):-0.817	O2):37.908	
O1):-0.76	O2):31.661	
O1):-0.718	O2):28.6	
O1):-0.842	O2):53.251	
O1):-0.696	O2):26.819	
O1):-0.803	O2):38.313	
O1):-0.844	O2):48.799	
O1):-0.671	O2):26.478	
O1):-0.813	O2):39.393	
O1):-0.792	O2):37.86	
O1):-0.82	O2):43.046	
O1):-0.844	O2):49.181	
O1):-0.817	O2):39.798	
O1):-0.794	O2):41.785	
Starting PrismExecutor worker 1 on port 11401
Connected worker 1 to port 11401
O1):-0.723	O2):29.462	
O1):-0.719	O2):27.718	
O1):-0.788	O2):34.754	
O1):-0.671	O2):26.524	
O1):-0.723	O2):28.774	
O1):-0.723	O2):28.774	
O1):-0.724	O2):28.909	
O1):-0.723	O2):31.771	
O1):-0.675	O2):26.802	
O1):-0.732	O2):31.504	
O1):-0.779	O2):33.081	
O1):-0.751	O2):32.7	
O1):-0.842	O2):53.251	
O1):-0.759	O2):33.489	
O1):-0.81	O2):38.957	
O1):-0.767	O2):33.12	
O1):-0.705	O2):28.008	
O1):-0.802	O2):37.817	
O1):-0.826	O2):42.912	
O1):-0.762	O2):32.766	
O1):-0.765	O2):32.473	
O1):-0.821	O2):43.089	
O1):-0.785	O2):38.797	
O1):-0.842	O2):53.251	
O1):-0.759	O2):32.351	
O1):-0.828	O2):43.323	
O1):-0.759	O2):33.489	
O1):-0.776	O2):32.89	
O1):-0.834	O2):43.418	
O1):-0.705	O2):28.163	
O1):-0.82	O2):43.636	
O1):-0.814	O2):41.796	
O1):-0.753	O2):31.544	
O1):-0.825	O2):42.616	
O1):-0.756	O2):31.62	
O1):-0.675	O2):26.825	
Evaluations:	1200
O1):-0.776	O2):34.024	
O1):-0.787	O2):34.931	
O1):-0.842	O2):53.251	
O1):-0.786	O2):34.102	
O1):-0.762	O2):32.57	
O1):-0.759	O2):32.317	
O1):-0.79	O2):36.866	
O1):-0.835	O2):43.821	
Evaluations:	1300
O1):-0.789	O2):36.86	
O1):-0.741	O2):31.279	
O1):-0.71	O2):27.717	
O1):-0.776	O2):33.558	
O1):-0.833	O2):43.516	
O1):-0.835	O2):48.265	
O1):-0.814	O2):39.73	
O1):-0.776	O2):33.558	
O1):-0.776	O2):33.558	
O1):-0.722	O2):33.893	
O1):-0.726	O2):30.939	
O1):-0.817	O2):37.908	
O1):-0.791	O2):40.159	
O1):-0.801	O2):39.161	
O1):-0.842	O2):53.251	
O1):-0.819	O2):38.459	
O1):-0.711	O2):31.919	
O1):-0.731	O2):31.455	
O1):-0.738	O2):31.734	
O1):-0.762	O2):32.531	
O1):-0.787	O2):34.693	
O1):-0.842	O2):48.609	
O1):-0.811	O2):39.028	
O1):-0.774	O2):34.045	
O1):-0.707	O2):27.414	
O1):-0.82	O2):40.717	
O1):-0.816	O2):38.99	
O1):-0.854	O2):49.487	
O1):-0.838	O2):48.457	
O1):-0.761	O2):31.875	
O1):-0.703	O2):27.752	
O1):-0.833	O2):44.085	
O1):-0.774	O2):37.429	
O1):-0.77	O2):33.879	
O1):-0.754	O2):31.594	
O1):-0.804	O2):38.211	
O1):-0.759	O2):31.592	
O1):-0.775	O2):32.883	
O1):-0.844	O2):48.799	
O1):-0.819	O2):41.78	
O1):-0.757	O2):31.611	
O1):-0.842	O2):53.251	
O1):-0.777	O2):32.815	
O1):-0.817	O2):39.892	
O1):-0.717	O2):31.885	
O1):-0.855	O2):54.571	
O1):-0.788	O2):39.65	
O1):-0.814	O2):41.796	
O1):-0.76	O2):31.66	
O1):-0.834	O2):43.418	
O1):-0.76	O2):31.733	
O1):-0.761	O2):32.206	
O1):-0.785	O2):34.709	
O1):-0.803	O2):38.313	
O1):-0.769	O2):32.581	
O1):-0.792	O2):37.86	
O1):-0.786	O2):34.713	
O1):-0.801	O2):37.687	
O1):-0.722	O2):29.306	
O1):-0.778	O2):33.169	
Starting PrismExecutor worker 3 on port 11403
Starting PrismExecutor worker 2 on port 11402
O1):-0.756	O2):31.62	
O1):-0.745	O2):31.193	
Connected worker 3 to port 11403
Connected worker 2 to port 11402
O1):-0.741	O2):31.534	
O1):-0.817	O2):37.908	
O1):-0.714	O2):30.59	
O1):-0.772	O2):33.509	
O1):-0.756	O2):31.391	
O1):-0.724	O2):28.909	
O1):-0.786	O2):33.968	
O1):-0.844	O2):48.643	
O1):-0.855	O2):54.571	
O1):-0.723	O2):28.688	
O1):-0.8	O2):38.296	
O1):-0.714	O2):30.59	
O1):-0.76	O2):31.745	
O1):-0.725	O2):30.932	
O1):-0.724	O2):29.313	
O1):-0.834	O2):43.418	
O1):-0.776	O2):33.558	
O1):-0.747	O2):32.077	
O1):-0.773	O2):32.419	
O1):-0.741	O2):31.167	
O1):-0.767	O2):32.657	
O1):-0.675	O2):26.764	
O1):-0.797	O2):35.888	
O1):-0.768	O2):33.156	
O1):-0.81	O2):39.034	
O1):-0.803	O2):38.313	
O1):-0.756	O2):32.193	
O1):-0.705	O2):27.466	
O1):-0.729	O2):29.34	
O1):-0.825	O2):42.504	
O1):-0.775	O2):32.883	
O1):-0.832	O2):51.782	
O1):-0.819	O2):41.78	
O1):-0.671	O2):26.49	
O1):-0.771	O2):32.614	
O1):-0.784	O2):36.544	
O1):-0.824	O2):43.15	
O1):-0.811	O2):38.905	
O1):-0.825	O2):43.47	
O1):-0.69	O2):27.257	
O1):-0.836	O2):44.37	
O1):-0.817	O2):37.908	
O1):-0.734	O2):32.338	
O1):-0.766	O2):32.492	
O1):-0.779	O2):33.23	
O1):-0.772	O2):33.509	
O1):-0.833	O2):42.522	
O1):-0.819	O2):38.459	
O1):-0.764	O2):40.557	
O1):-0.776	O2):33.558	
O1):-0.776	O2):33.558	
O1):-0.777	O2):33.595	
O1):-0.703	O2):27.433	
O1):-0.779	O2):33.235	
O1):-0.727	O2):31.128	
O1):-0.805	O2):38.332	
O1):-0.784	O2):34.01	
O1):-0.819	O2):38.667	
O1):-0.799	O2):37.324	
O1):-0.707	O2):27.415	
O1):-0.758	O2):31.337	
O1):-0.795	O2):36.824	
O1):-0.811	O2):39.072	
O1):-0.802	O2):37.817	
O1):-0.795	O2):36.824	
O1):-0.838	O2):48.455	
O1):-0.834	O2):43.418	
O1):-0.809	O2):42.041	
O1):-0.795	O2):44.44	
O1):-0.778	O2):33.162	
O1):-0.825	O2):42.505	
O1):-0.786	O2):33.968	
Evaluations:	1300
O1):-0.82	O2):40.717	
O1):-0.835	O2):44.856	
O1):-0.834	O2):43.418	
O1):-0.859	O2):54.298	
O1):-0.753	O2):32.858	
O1):-0.805	O2):38.527	
O1):-0.838	O2):48.455	
O1):-0.8	O2):37.377	
O1):-0.836	O2):44.37	
O1):-0.749	O2):32.738	
O1):-0.825	O2):42.504	
O1):-0.671	O2):26.489	
O1):-0.833	O2):43.531	
O1):-0.772	O2):33.509	
O1):-0.738	O2):31.786	
O1):-0.824	O2):43.271	
O1):-0.834	O2):43.418	
O1):-0.783	O2):33.934	
O1):-0.835	O2):48.265	
O1):-0.76	O2):32.176	
O1):-0.825	O2):44.293	
O1):-0.728	O2):31.272	
O1):-0.833	O2):44.085	
O1):-0.8	O2):37.377	
O1):-0.836	O2):44.37	
O1):-0.835	O2):48.265	
O1):-0.774	O2):32.962	
Evaluations:	1200
O1):-0.784	O2):38.431	
O1):-0.753	O2):32.774	
O1):-0.708	O2):27.654	
O1):-0.82	O2):40.717	
O1):-0.743	O2):33.059	
O1):-0.782	O2):33.762	
O1):-0.821	O2):43.582	
O1):-0.771	O2):34.075	
O1):-0.803	O2):37.764	
O1):-0.822	O2):39.209	
O1):-0.802	O2):37.767	
O1):-0.786	O2):42.067	
O1):-0.697	O2):26.829	
O1):-0.786	O2):33.968	
O1):-0.807	O2):38.542	
O1):-0.789	O2):33.969	
O1):-0.757	O2):31.613	
O1):-0.786	O2):33.968	
O1):-0.777	O2):33.3	
Evaluations:	1300
O1):-0.824	O2):43.271	
O1):-0.832	O2):43.144	
O1):-0.775	O2):33.328	
O1):-0.714	O2):30.696	
O1):-0.718	O2):27.737	
O1):-0.772	O2):33.509	
O1):-0.786	O2):34.047	
O1):-0.786	O2):34.234	
O1):-0.815	O2):37.825	
O1):-0.838	O2):48.455	
O1):-0.769	O2):32.581	
O1):-0.785	O2):38.791	
O1):-0.855	O2):54.571	
O1):-0.787	O2):34.504	
O1):-0.74	O2):31.195	
O1):-0.808	O2):42.347	
O1):-0.793	O2):38.195	
O1):-0.834	O2):43.418	
O1):-0.772	O2):33.509	
Evaluations:	1300
O1):-0.782	O2):33.814	
O1):-0.725	O2):31.503	
O1):-0.753	O2):31.544	
O1):-0.773	O2):38.848	
O1):-0.692	O2):27.589	
O1):-0.704	O2):27.202	
O1):-0.674	O2):27.222	
O1):-0.806	O2):38.444	
O1):-0.753	O2):32.887	
O1):-0.763	O2):32.133	
O1):-0.823	O2):43.128	
O1):-0.776	O2):33.558	
O1):-0.779	O2):33.32	
O1):-0.8	O2):37.377	
O1):-0.841	O2):47.864	
O1):-0.786	O2):33.968	
O1):-0.805	O2):38.432	
O1):-0.788	O2):34.754	
O1):-0.788	O2):34.754	
O1):-0.778	O2):33.162	
O1):-0.816	O2):37.872	
O1):-0.798	O2):35.01	
O1):-0.727	O2):31.017	
O1):-0.834	O2):43.418	
O1):-0.786	O2):33.968	
O1):-0.808	O2):38.678	
O1):-0.744	O2):30.423	
O1):-0.776	O2):33.558	
O1):-0.825	O2):42.616	
O1):-0.813	O2):39.748	
O1):-0.82	O2):43.636	
O1):-0.813	O2):39.393	
O1):-0.797	O2):37.06	
O1):-0.754	O2):32.9	
O1):-0.782	O2):33.721	
O1):-0.776	O2):33.486	
O1):-0.78	O2):33.342	
O1):-0.743	O2):31.122	
O1):-0.785	O2):34.709	
O1):-0.82	O2):42.709	
O1):-0.776	O2):33.558	
O1):-0.761	O2):31.78	
O1):-0.782	O2):33.722	
O1):-0.82	O2):43.636	
O1):-0.804	O2):38.211	
O1):-0.708	O2):28.246	
O1):-0.76	O2):31.875	
O1):-0.811	O2):39.315	
O1):-0.825	O2):43.453	
O1):-0.773	O2):32.419	
O1):-0.81	O2):38.957	
O1):-0.819	O2):38.459	
O1):-0.706	O2):28.168	
O1):-0.76	O2):31.875	
O1):-0.766	O2):33.509	
O1):-0.79	O2):36.866	
O1):-0.689	O2):27.076	
O1):-0.775	O2):32.883	
O1):-0.772	O2):33.509	
O1):-0.772	O2):33.509	
O1):-0.723	O2):28.27	
Starting PrismExecutor worker 0 on port 11460
O1):-0.843	O2):49.418	
Connected worker 0 to port 11460
O1):-0.77	O2):32.54	
O1):-0.736	O2):36.197	
O1):-0.671	O2):26.524	
O1):-0.827	O2):44.017	
O1):-0.842	O2):49.407	
O1):-0.757	O2):33.112	
O1):-0.844	O2):48.799	
O1):-0.854	O2):49.482	
O1):-0.718	O2):28.61	
O1):-0.776	O2):33.558	
O1):-0.816	O2):37.766	
O1):-0.763	O2):32.133	
O1):-0.725	O2):32.466	
O1):-0.805	O2):38.432	
O1):-0.71	O2):27.717	
O1):-0.739	O2):33.514	
O1):-0.786	O2):33.969	
O1):-0.773	O2):38.847	
O1):-0.786	O2):33.933	
O1):-0.825	O2):42.504	
O1):-0.754	O2):31.595	
O1):-0.782	O2):33.762	
O1):-0.804	O2):38.733	
O1):-0.722	O2):29.011	
O1):-0.798	O2):37.053	
O1):-0.786	O2):33.968	
O1):-0.674	O2):26.72	
O1):-0.811	O2):39.315	
O1):-0.76	O2):31.875	
O1):-0.825	O2):42.504	
O1):-0.703	O2):27.249	
O1):-0.776	O2):33.558	
O1):-0.703	O2):27.249	
O1):-0.784	O2):33.974	
O1):-0.767	O2):33.148	
O1):-0.672	O2):26.515	
O1):-0.784	O2):38.431	
O1):-0.824	O2):43.111	
O1):-0.76	O2):32.38	
O1):-0.768	O2):33.12	
O1):-0.671	O2):26.524	
O1):-0.834	O2):43.418	
O1):-0.791	O2):35.479	
O1):-0.772	O2):32.56	
O1):-0.775	O2):33.848	
O1):-0.825	O2):42.504	
O1):-0.859	O2):54.298	
O1):-0.756	O2):33.525	
O1):-0.738	O2):32.125	
O1):-0.725	O2):30.932	
O1):-0.79	O2):36.866	
O1):-0.79	O2):37.658	
O1):-0.85	O2):48.291	
O1):-0.82	O2):47.534	
O1):-0.694	O2):27.61	
O1):-0.76	O2):31.875	
O1):-0.71	O2):27.663	
O1):-0.762	O2):32.527	
O1):-0.762	O2):32.601	
O1):-0.786	O2):34.29	
O1):-0.765	O2):33.361	
O1):-0.757	O2):33.103	
O1):-0.806	O2):38.384	
O1):-0.767	O2):32.657	
O1):-0.818	O2):43.514	
O1):-0.795	O2):37.301	
O1):-0.82	O2):43.636	
O1):-0.738	O2):31.734	
O1):-0.815	O2):37.879	
O1):-0.808	O2):38.728	
O1):-0.758	O2):31.856	
O1):-0.795	O2):44.44	
O1):-0.716	O2):27.878	
O1):-0.833	O2):43.644	
O1):-0.838	O2):48.455	
O1):-0.761	O2):32.206	
O1):-0.716	O2):31.057	
O1):-0.843	O2):53.62	
O1):-0.814	O2):37.933	
O1):-0.777	O2):33.604	
O1):-0.753	O2):31.544	
O1):-0.85	O2):53.993	
O1):-0.8	O2):37.324	
O1):-0.779	O2):34.063	
O1):-0.782	O2):33.762	
O1):-0.8	O2):38.903	
O1):-0.795	O2):36.824	
O1):-0.817	O2):37.908	
O1):-0.729	O2):33.753	
O1):-0.793	O2):36.832	
O1):-0.746	O2):32.326	
O1):-0.762	O2):32.766	
O1):-0.792	O2):37.754	
O1):-0.674	O2):27.222	
O1):-0.776	O2):33.558	
O1):-0.675	O2):26.802	
O1):-0.776	O2):33.558	
O1):-0.763	O2):32.133	
O1):-0.813	O2):39.43	
Starting PrismExecutor worker 5 on port 11425
O1):-0.761	O2):31.875	
O1):-0.701	O2):27.21	
O1):-0.673	O2):26.725	
O1):-0.674	O2):26.72	
Connected worker 5 to port 11425
O1):-0.789	O2):36.86	
O1):-0.776	O2):33.486	
O1):-0.805	O2):38.44	
O1):-0.759	O2):31.739	
O1):-0.785	O2):36.827	
O1):-0.785	O2):38.796	
O1):-0.772	O2):33.528	
O1):-0.803	O2):38.313	
O1):-0.759	O2):32.317	
O1):-0.727	O2):32.808	
O1):-0.801	O2):37.735	
O1):-0.761	O2):32.203	
O1):-0.741	O2):31.065	
O1):-0.824	O2):43.269	
O1):-0.776	O2):35.977	
O1):-0.779	O2):33.235	
O1):-0.786	O2):34.617	
O1):-0.818	O2):42.546	
O1):-0.79	O2):36.987	
O1):-0.705	O2):28.008	
O1):-0.808	O2):38.728	
O1):-0.774	O2):33.083	
O1):-0.805	O2):48.597	
O1):-0.803	O2):38.866	
O1):-0.853	O2):49.189	
O1):-0.788	O2):34.412	
O1):-0.776	O2):33.558	
O1):-0.795	O2):36.824	
O1):-0.808	O2):38.692	
O1):-0.689	O2):27.076	
O1):-0.789	O2):33.969	
O1):-0.772	O2):33.509	
O1):-0.811	O2):39.028	
O1):-0.835	O2):44.855	
O1):-0.78	O2):33.279	
O1):-0.788	O2):37.785	
O1):-0.702	O2):27.096	
O1):-0.792	O2):38.034	
O1):-0.775	O2):32.884	
O1):-0.761	O2):32.94	
O1):-0.833	O2):43.436	
O1):-0.75	O2):32.804	
O1):-0.703	O2):27.752	
O1):-0.786	O2):33.968	
O1):-0.706	O2):27.588	
O1):-0.705	O2):28.158	
O1):-0.761	O2):31.966	
O1):-0.812	O2):39.258	
O1):-0.772	O2):33.509	
O1):-0.706	O2):28.178	
O1):-0.763	O2):32.133	
O1):-0.822	O2):43.723	
O1):-0.773	O2):38.848	
O1):-0.734	O2):31.674	
O1):-0.762	O2):32.766	
O1):-0.793	O2):36.832	
O1):-0.802	O2):38.258	
O1):-0.721	O2):27.776	
O1):-0.797	O2):37.414	
O1):-0.703	O2):27.433	
O1):-0.76	O2):32.176	
O1):-0.819	O2):38.667	
O1):-0.762	O2):35.918	
O1):-0.786	O2):33.968	
O1):-0.775	O2):33.052	
O1):-0.834	O2):43.418	
O1):-0.763	O2):32.133	
O1):-0.672	O2):26.515	
O1):-0.791	O2):34.441	
O1):-0.762	O2):32.249	
O1):-0.775	O2):35.796	
O1):-0.755	O2):34.072	
O1):-0.763	O2):34.057	
O1):-0.755	O2):33.098	
O1):-0.784	O2):41.822	
O1):-0.785	O2):34.709	
O1):-0.81	O2):38.778	
O1):-0.833	O2):48.865	
O1):-0.761	O2):32.68	
O1):-0.673	O2):26.725	
O1):-0.82	O2):43.636	
O1):-0.802	O2):37.767	
O1):-0.819	O2):38.667	
O1):-0.673	O2):26.859	
O1):-0.723	O2):28.245	
O1):-0.789	O2):36.86	
O1):-0.82	O2):43.636	
O1):-0.768	O2):32.606	
O1):-0.834	O2):48.995	
O1):-0.703	O2):28.048	
O1):-0.771	O2):32.614	
O1):-0.705	O2):27.466	
O1):-0.769	O2):32.581	
O1):-0.741	O2):31.166	
O1):-0.819	O2):38.458	
O1):-0.832	O2):43.144	
O1):-0.76	O2):32.263	
O1):-0.76	O2):32.168	
O1):-0.705	O2):28.008	
O1):-0.834	O2):43.418	
O1):-0.757	O2):36.424	
O1):-0.793	O2):44.363	
O1):-0.703	O2):27.801	
Starting PrismExecutor worker 4 on port 11414
Connected worker 4 to port 11414
O1):-0.786	O2):33.968	
O1):-0.79	O2):36.866	
O1):-0.8	O2):37.42	
O1):-0.776	O2):33.558	
O1):-0.763	O2):32.133	
O1):-0.787	O2):34.931	
O1):-0.787	O2):34.052	
O1):-0.807	O2):42.33	
O1):-0.714	O2):30.59	
O1):-0.731	O2):31.455	
O1):-0.859	O2):54.298	
O1):-0.714	O2):30.696	
O1):-0.768	O2):32.761	
O1):-0.72	O2):29.371	
O1):-0.806	O2):38.758	
O1):-0.76	O2):32.176	
O1):-0.764	O2):33.75	
O1):-0.788	O2):34.412	
O1):-0.824	O2):43.271	
Evaluations:	1200
O1):-0.784	O2):38.429	
O1):-0.825	O2):42.505	
O1):-0.776	O2):33.391	
O1):-0.834	O2):43.418	
O1):-0.671	O2):26.53	
O1):-0.814	O2):39.761	
O1):-0.825	O2):42.504	
O1):-0.775	O2):33.09	
O1):-0.792	O2):37.755	
O1):-0.786	O2):34.617	
O1):-0.758	O2):31.337	
O1):-0.703	O2):27.433	
O1):-0.786	O2):33.968	
O1):-0.703	O2):27.752	
O1):-0.779	O2):36.38	
O1):-0.727	O2):31.021	
O1):-0.8	O2):37.438	
O1):-0.756	O2):31.62	
O1):-0.779	O2):33.482	
O1):-0.723	O2):28.27	
O1):-0.759	O2):31.591	
O1):-0.8	O2):37.42	
O1):-0.82	O2):42.709	
O1):-0.78	O2):33.513	
O1):-0.842	O2):48.458	
O1):-0.775	O2):32.883	
O1):-0.738	O2):31.734	
O1):-0.819	O2):38.459	
O1):-0.726	O2):30.94	
Evaluations:	1300
O1):-0.779	O2):33.233	
O1):-0.691	O2):30.404	
O1):-0.835	O2):44.788	
O1):-0.761	O2):32.428	
O1):-0.834	O2):43.418	
O1):-0.786	O2):37.564	
O1):-0.786	O2):33.968	
O1):-0.745	O2):30.237	
O1):-0.786	O2):34.617	
O1):-0.778	O2):33.508	
O1):-0.788	O2):34.412	
O1):-0.82	O2):42.709	
O1):-0.816	O2):39.102	
O1):-0.754	O2):32.946	
O1):-0.777	O2):33.424	
O1):-0.817	O2):37.908	
O1):-0.806	O2):38.547	
O1):-0.783	O2):33.934	
O1):-0.778	O2):33.162	
O1):-0.762	O2):32.773	
O1):-0.723	O2):28.774	
O1):-0.747	O2):32.339	
O1):-0.703	O2):27.249	
O1):-0.798	O2):34.835	
O1):-0.784	O2):34.034	
O1):-0.772	O2):33.509	
O1):-0.672	O2):26.515	
O1):-0.778	O2):33.508	
O1):-0.786	O2):33.968	
O1):-0.727	O2):31.128	
O1):-0.813	O2):39.393	
O1):-0.808	O2):38.735	
O1):-0.776	O2):33.558	
O1):-0.706	O2):27.589	
O1):-0.703	O2):27.249	
O1):-0.816	O2):37.872	
O1):-0.769	O2):36.746	
O1):-0.767	O2):33.148	
O1):-0.758	O2):31.948	
O1):-0.7	O2):28.651	
O1):-0.724	O2):30.613	
O1):-0.775	O2):33.052	
O1):-0.675	O2):27.307	
O1):-0.778	O2):33.175	
O1):-0.772	O2):32.393	
O1):-0.834	O2):46.058	
O1):-0.803	O2):38.313	
Starting PrismExecutor worker 1 on port 11471
O1):-0.8	O2):37.532	
O1):-0.671	O2):26.53	
O1):-0.671	O2):26.478	
Connected worker 1 to port 11471
O1):-0.788	O2):36.716	
O1):-0.814	O2):37.933	
O1):-0.797	O2):37.06	
O1):-0.643	O2):26.471	
O1):-0.776	O2):33.486	
O1):-0.694	O2):27.641	
O1):-0.674	O2):27.222	
O1):-0.859	O2):54.152	
O1):-0.707	O2):27.414	
O1):-0.841	O2):49.287	
O1):-0.703	O2):27.249	
O1):-0.816	O2):38.99	
O1):-0.825	O2):42.501	
O1):-0.727	O2):31.017	
O1):-0.825	O2):42.504	
O1):-0.745	O2):30.237	
O1):-0.778	O2):36.279	
O1):-0.801	O2):37.621	
O1):-0.703	O2):28.055	
O1):-0.762	O2):32.531	
O1):-0.833	O2):43.281	
O1):-0.813	O2):39.393	
O1):-0.817	O2):37.908	
O1):-0.724	O2):28.909	
O1):-0.753	O2):31.544	
O1):-0.789	O2):36.86	
O1):-0.815	O2):38.989	
O1):-0.674	O2):27.222	
O1):-0.829	O2):45.403	
O1):-0.772	O2):33.508	
O1):-0.758	O2):37.818	
O1):-0.771	O2):32.614	
O1):-0.826	O2):42.767	
O1):-0.786	O2):33.968	
O1):-0.81	O2):38.774	
O1):-0.758	O2):31.856	
O1):-0.841	O2):49.287	
O1):-0.776	O2):33.574	
O1):-0.844	O2):49.181	
O1):-0.741	O2):33.301	
O1):-0.69	O2):27.047	
O1):-0.802	O2):38.688	
O1):-0.835	O2):43.821	
O1):-0.763	O2):32.133	
O1):-0.816	O2):37.766	
O1):-0.775	O2):32.881	
O1):-0.825	O2):42.616	
O1):-0.819	O2):38.458	
O1):-0.738	O2):31.734	
O1):-0.85	O2):53.993	
O1):-0.707	O2):27.414	
O1):-0.817	O2):37.908	
O1):-0.74	O2):29.397	
O1):-0.741	O2):33.54	
Evaluations:	1500
O1):-0.724	O2):28.813	
O1):-0.817	O2):43.759	
O1):-0.709	O2):27.702	
O1):-0.734	O2):31.458	
O1):-0.702	O2):27.096	
O1):-0.834	O2):43.418	
O1):-0.833	O2):44.086	
O1):-0.789	O2):33.971	
O1):-0.778	O2):33.162	
O1):-0.834	O2):43.418	
O1):-0.752	O2):32.714	
O1):-0.799	O2):38.327	
O1):-0.753	O2):31.544	
O1):-0.835	O2):48.265	
O1):-0.85	O2):53.993	
O1):-0.675	O2):26.738	
O1):-0.76	O2):31.66	
O1):-0.786	O2):33.968	
O1):-0.819	O2):38.667	
O1):-0.689	O2):27.076	
O1):-0.855	O2):54.571	
O1):-0.825	O2):42.504	
O1):-0.776	O2):33.558	
O1):-0.853	O2):49.189	
O1):-0.744	O2):30.33	
O1):-0.772	O2):33.509	
O1):-0.795	O2):35.751	
O1):-0.79	O2):37.682	
O1):-0.746	O2):33.903	
O1):-0.776	O2):34.087	
O1):-0.78	O2):33.541	
O1):-0.833	O2):43.516	
O1):-0.795	O2):36.824	
O1):-0.734	O2):31.458	
O1):-0.76	O2):31.875	
O1):-0.787	O2):34.148	
O1):-0.835	O2):48.265	
O1):-0.671	O2):26.49	
O1):-0.758	O2):31.954	
O1):-0.79	O2):36.866	
O1):-0.723	O2):28.688	
O1):-0.765	O2):34.772	
O1):-0.769	O2):36.614	
O1):-0.835	O2):43.821	
O1):-0.796	O2):37.019	
O1):-0.803	O2):43.748	
O1):-0.795	O2):44.44	
O1):-0.766	O2):32.882	
Starting PrismExecutor worker 4 on port 11424
O1):-0.717	O2):28.167	
Connected worker 4 to port 11424
O1):-0.776	O2):33.558	
O1):-0.776	O2):33.558	
O1):-0.759	O2):31.739	
O1):-0.773	O2):32.418	
O1):-0.696	O2):26.819	
O1):-0.79	O2):36.866	
O1):-0.841	O2):49.287	
O1):-0.741	O2):31.303	
O1):-0.672	O2):26.515	
O1):-0.82	O2):43.636	
O1):-0.834	O2):43.418	
O1):-0.824	O2):42.486	
O1):-0.702	O2):27.599	
O1):-0.763	O2):32.133	
O1):-0.823	O2):43.124	
O1):-0.76	O2):33.602	
O1):-0.759	O2):31.62	
O1):-0.827	O2):43.506	
O1):-0.759	O2):31.739	
O1):-0.761	O2):31.875	
O1):-0.813	O2):39.748	
O1):-0.821	O2):43.089	
O1):-0.827	O2):43.506	
O1):-0.853	O2):49.189	
O1):-0.82	O2):38.886	
O1):-0.855	O2):54.571	
O1):-0.705	O2):29.111	
O1):-0.76	O2):31.747	
O1):-0.753	O2):32.881	
O1):-0.671	O2):26.524	
O1):-0.772	O2):33.509	
O1):-0.773	O2):32.419	
O1):-0.813	O2):39.393	
O1):-0.765	O2):32.473	
O1):-0.747	O2):31.174	
O1):-0.773	O2):32.419	
O1):-0.844	O2):49.181	
O1):-0.789	O2):38.693	
O1):-0.76	O2):32.38	
O1):-0.703	O2):27.801	
O1):-0.818	O2):38.428	
O1):-0.779	O2):33.321	
O1):-0.785	O2):36.697	
O1):-0.825	O2):42.611	
O1):-0.794	O2):43.782	
O1):-0.789	O2):36.86	
O1):-0.762	O2):32.207	
O1):-0.758	O2):31.337	
O1):-0.713	O2):30.531	
O1):-0.821	O2):43.089	
O1):-0.758	O2):33.765	
O1):-0.673	O2):26.725	
O1):-0.786	O2):33.968	
O1):-0.781	O2):33.833	
O1):-0.792	O2):40.613	
O1):-0.82	O2):38.886	
O1):-0.816	O2):37.766	
O1):-0.77	O2):32.546	
O1):-0.745	O2):30.238	
O1):-0.761	O2):32.2	
O1):-0.745	O2):32.431	
O1):-0.703	O2):27.249	
O1):-0.768	O2):36.402	
O1):-0.789	O2):33.969	
O1):-0.814	O2):41.796	
O1):-0.759	O2):32.045	
O1):-0.82	O2):42.709	
O1):-0.718	O2):27.737	
O1):-0.819	O2):38.717	
O1):-0.692	O2):27.589	
O1):-0.671	O2):26.53	
O1):-0.671	O2):26.489	
O1):-0.772	O2):33.509	
O1):-0.801	O2):38.617	
O1):-0.705	O2):28.158	
O1):-0.776	O2):36.236	
O1):-0.795	O2):35.812	
O1):-0.834	O2):46.058	
O1):-0.815	O2):39.868	
O1):-0.707	O2):28.147	
O1):-0.653	O2):26.456	
O1):-0.771	O2):33.043	
O1):-0.81	O2):38.774	
O1):-0.825	O2):42.505	
O1):-0.757	O2):32.132	
O1):-0.786	O2):33.968	
O1):-0.786	O2):37.565	
O1):-0.783	O2):33.934	
O1):-0.833	O2):43.693	
O1):-0.772	O2):33.509	
O1):-0.784	O2):38.431	
O1):-0.772	O2):33.509	
O1):-0.73	O2):31.351	
O1):-0.827	O2):43.506	
O1):-0.827	O2):44.006	
O1):-0.754	O2):32.275	
O1):-0.814	O2):41.796	
O1):-0.671	O2):26.524	
O1):-0.703	O2):27.249	
O1):-0.768	O2):35.359	
O1):-0.703	O2):28.02	
O1):-0.82	O2):40.717	
O1):-0.776	O2):36.004	
O1):-0.728	O2):29.298	
Starting PrismExecutor worker 5 on port 11415
O1):-0.795	O2):36.824	
O1):-0.815	O2):38.989	
O1):-0.786	O2):33.94	
Connected worker 5 to port 11415
O1):-0.801	O2):37.687	
O1):-0.776	O2):33.157	
O1):-0.834	O2):43.418	
O1):-0.782	O2):33.762	
O1):-0.82	O2):43.636	
O1):-0.767	O2):32.62	
O1):-0.702	O2):27.096	
O1):-0.734	O2):28.649	
O1):-0.753	O2):31.544	
O1):-0.762	O2):32.123	
O1):-0.777	O2):33.3	
O1):-0.803	O2):38.313	
O1):-0.821	O2):43.089	
O1):-0.765	O2):33.533	
O1):-0.822	O2):43.723	
O1):-0.803	O2):38.313	
O1):-0.834	O2):43.641	
O1):-0.71	O2):27.717	
O1):-0.838	O2):49.762	
O1):-0.801	O2):37.817	
O1):-0.808	O2):38.692	
O1):-0.835	O2):44.855	
O1):-0.671	O2):26.524	
O1):-0.833	O2):43.517	
O1):-0.774	O2):34.045	
O1):-0.697	O2):26.873	
O1):-0.805	O2):38.332	
O1):-0.776	O2):33.558	
O1):-0.674	O2):27.222	
O1):-0.821	O2):43.089	
O1):-0.759	O2):31.739	
O1):-0.772	O2):33.509	
O1):-0.799	O2):37.324	
O1):-0.773	O2):38.841	
O1):-0.844	O2):48.643	
O1):-0.786	O2):34.617	
O1):-0.779	O2):33.32	
O1):-0.786	O2):33.968	
O1):-0.81	O2):39.034	
O1):-0.8	O2):37.724	
O1):-0.817	O2):37.908	
O1):-0.786	O2):34.617	
O1):-0.787	O2):34.504	
O1):-0.672	O2):26.515	
O1):-0.748	O2):32.411	
O1):-0.721	O2):28.583	
O1):-0.819	O2):38.667	
O1):-0.671	O2):26.49	
O1):-0.792	O2):36.994	
O1):-0.751	O2):32.839	
O1):-0.794	O2):41.785	
O1):-0.674	O2):27.224	
O1):-0.784	O2):33.959	
O1):-0.761	O2):31.965	
O1):-0.809	O2):51.642	
O1):-0.735	O2):34.849	
O1):-0.731	O2):31.455	
O1):-0.789	O2):36.86	
O1):-0.671	O2):26.524	
O1):-0.82	O2):38.84	
O1):-0.741	O2):31.167	
O1):-0.765	O2):32.473	
O1):-0.786	O2):37.444	
O1):-0.777	O2):33.965	
O1):-0.77	O2):32.75	
O1):-0.776	O2):33.558	
O1):-0.786	O2):34.805	
O1):-0.808	O2):38.722	
O1):-0.703	O2):27.752	
O1):-0.835	O2):46.866	
O1):-0.762	O2):32.531	
O1):-0.833	O2):44.086	
O1):-0.835	O2):48.19	
O1):-0.791	O2):34.431	
O1):-0.753	O2):31.544	
O1):-0.776	O2):33.558	
O1):-0.725	O2):28.901	
O1):-0.825	O2):42.504	
O1):-0.82	O2):42.709	
O1):-0.797	O2):35.77	
O1):-0.834	O2):43.641	
O1):-0.797	O2):35.827	
O1):-0.834	O2):43.418	
O1):-0.8	O2):37.332	
O1):-0.752	O2):32.726	
O1):-0.753	O2):32.846	
O1):-0.786	O2):33.968	
O1):-0.792	O2):35.317	
O1):-0.802	O2):39.447	
O1):-0.675	O2):27.307	
O1):-0.82	O2):38.886	
O1):-0.779	O2):33.356	
O1):-0.719	O2):28.13	
O1):-0.799	O2):37.303	
O1):-0.768	O2):33.138	
O1):-0.773	O2):38.848	
O1):-0.787	O2):34.147	
O1):-0.793	O2):36.832	
O1):-0.789	O2):37.374	
O1):-0.85	O2):48.291	
O1):-0.756	O2):31.62	
O1):-0.702	O2):27.096	
O1):-0.679	O2):27.436	
O1):-0.692	O2):27.589	
Starting PrismExecutor worker 0 on port 11470
O1):-0.777	O2):32.814	
O1):-0.799	O2):38.089	
Connected worker 0 to port 11470
O1):-0.832	O2):43.144	
O1):-0.835	O2):48.265	
O1):-0.788	O2):34.384	
O1):-0.735	O2):32.714	
O1):-0.784	O2):34.45	
O1):-0.739	O2):32.752	
O1):-0.792	O2):37.001	
O1):-0.762	O2):32.249	
O1):-0.734	O2):31.458	
O1):-0.786	O2):34.091	
O1):-0.709	O2):27.702	
O1):-0.832	O2):43.144	
O1):-0.838	O2):48.457	
O1):-0.799	O2):37.324	
O1):-0.774	O2):36.287	
O1):-0.843	O2):53.62	
O1):-0.671	O2):26.489	
O1):-0.785	O2):34.711	
O1):-0.776	O2):33.558	
O1):-0.832	O2):43.144	
O1):-0.828	O2):43.323	
O1):-0.825	O2):43.452	
O1):-0.754	O2):31.674	
O1):-0.786	O2):33.968	
O1):-0.835	O2):44.855	
O1):-0.755	O2):33.146	
O1):-0.827	O2):43.506	
O1):-0.756	O2):31.62	
O1):-0.851	O2):48.611	
O1):-0.842	O2):48.46	
O1):-0.703	O2):27.249	
O1):-0.759	O2):32.077	
O1):-0.702	O2):27.096	
O1):-0.775	O2):32.878	
O1):-0.794	O2):34.572	
O1):-0.779	O2):33.322	
O1):-0.801	O2):37.392	
O1):-0.816	O2):47.139	
O1):-0.779	O2):33.232	
O1):-0.714	O2):30.59	
O1):-0.854	O2):58.578	
O1):-0.653	O2):26.456	
O1):-0.718	O2):27.737	
O1):-0.8	O2):38.296	
O1):-0.766	O2):34.206	
O1):-0.762	O2):32.613	
O1):-0.702	O2):27.096	
O1):-0.784	O2):34.45	
O1):-0.767	O2):33.148	
O1):-0.774	O2):32.962	
O1):-0.674	O2):27.222	
O1):-0.759	O2):31.465	
O1):-0.833	O2):43.28	
O1):-0.703	O2):27.251	
O1):-0.827	O2):44.006	
O1):-0.762	O2):32.123	
O1):-0.776	O2):33.558	
O1):-0.813	O2):39.311	
O1):-0.795	O2):37.121	
O1):-0.843	O2):53.62	
O1):-0.767	O2):33.12	
O1):-0.674	O2):26.72	
O1):-0.708	O2):27.654	
O1):-0.705	O2):29.11	
O1):-0.674	O2):27.222	
O1):-0.855	O2):54.571	
O1):-0.834	O2):43.665	
O1):-0.761	O2):32.428	
O1):-0.72	O2):27.749	
O1):-0.759	O2):31.465	
O1):-0.727	O2):31.048	
O1):-0.731	O2):31.455	
O1):-0.793	O2):36.998	
O1):-0.76	O2):32.263	
O1):-0.859	O2):53.207	
O1):-0.777	O2):33.907	
O1):-0.841	O2):48.062	
O1):-0.705	O2):28.008	
O1):-0.79	O2):34.786	
O1):-0.795	O2):35.812	
O1):-0.758	O2):31.337	
O1):-0.782	O2):33.762	
O1):-0.745	O2):31.147	
O1):-0.757	O2):31.613	
O1):-0.741	O2):31.166	
O1):-0.776	O2):35.84	
Evaluations:	1400
O1):-0.776	O2):33.557	
O1):-0.817	O2):39.852	
O1):-0.799	O2):37.324	
O1):-0.841	O2):48.062	
O1):-0.797	O2):37.595	
O1):-0.704	O2):27.792	
O1):-0.789	O2):36.86	
O1):-0.706	O2):27.696	
Evaluations:	1300
O1):-0.793	O2):36.832	
O1):-0.772	O2):33.509	
Starting PrismExecutor worker 5 on port 11465
O1):-0.808	O2):38.729	
Starting PrismExecutor worker 2 on port 11472
O1):-0.767	O2):32.657	
Connected worker 5 to port 11465
Connected worker 2 to port 11472
O1):-0.72	O2):29.371	
O1):-0.76	O2):32.176	
O1):-0.694	O2):27.61	
O1):-0.753	O2):31.544	
O1):-0.703	O2):28.02	
O1):-0.824	O2):43.269	
O1):-0.842	O2):48.609	
O1):-0.814	O2):37.933	
O1):-0.762	O2):32.566	
O1):-0.841	O2):48.062	
O1):-0.795	O2):44.44	
O1):-0.801	O2):37.396	
O1):-0.643	O2):26.48	
O1):-0.825	O2):42.504	
O1):-0.835	O2):46.866	
O1):-0.749	O2):31.819	
O1):-0.72	O2):27.773	
O1):-0.786	O2):33.968	
O1):-0.705	O2):28.158	
O1):-0.81	O2):48.214	
O1):-0.674	O2):27.222	
O1):-0.732	O2):31.307	
O1):-0.813	O2):39.748	
O1):-0.786	O2):33.969	
O1):-0.756	O2):31.62	
O1):-0.82	O2):40.717	
O1):-0.776	O2):33.558	
Evaluations:	1200
O1):-0.803	O2):38.313	
O1):-0.758	O2):31.848	
O1):-0.799	O2):37.324	
O1):-0.775	O2):34.065	
O1):-0.774	O2):36.414	
O1):-0.793	O2):36.926	
O1):-0.691	O2):27.586	
O1):-0.791	O2):34.431	
O1):-0.689	O2):27.076	
O1):-0.745	O2):30.238	
O1):-0.704	O2):27.202	
O1):-0.8	O2):37.377	
O1):-0.796	O2):37.019	
O1):-0.705	O2):28.008	
O1):-0.845	O2):50.0	
O1):-0.747	O2):31.175	
O1):-0.796	O2):37.019	
O1):-0.678	O2):27.174	
O1):-0.746	O2):32.33	
O1):-0.815	O2):37.825	
O1):-0.777	O2):33.055	
O1):-0.726	O2):30.939	
O1):-0.722	O2):29.002	
O1):-0.72	O2):29.371	
O1):-0.833	O2):42.522	
O1):-0.76	O2):31.875	
O1):-0.671	O2):26.489	
O1):-0.797	O2):35.701	
O1):-0.752	O2):32.717	
O1):-0.825	O2):42.517	
O1):-0.77	O2):33.381	
O1):-0.776	O2):33.125	
O1):-0.756	O2):31.381	
O1):-0.769	O2):32.581	
O1):-0.779	O2):33.32	
O1):-0.775	O2):36.822	
O1):-0.78	O2):33.541	
O1):-0.798	O2):35.874	
O1):-0.758	O2):31.336	
O1):-0.723	O2):28.774	
O1):-0.726	O2):30.934	
O1):-0.817	O2):37.908	
O1):-0.774	O2):32.962	
O1):-0.768	O2):33.15	
O1):-0.834	O2):43.418	
O1):-0.818	O2):41.76	
O1):-0.828	O2):43.323	
O1):-0.832	O2):43.144	
O1):-0.777	O2):33.3	
O1):-0.689	O2):27.076	
O1):-0.771	O2):33.038	
O1):-0.818	O2):42.546	
O1):-0.749	O2):32.974	
O1):-0.723	O2):28.688	
O1):-0.741	O2):31.139	
O1):-0.834	O2):43.418	
O1):-0.826	O2):43.332	
O1):-0.703	O2):27.795	
O1):-0.801	O2):37.687	
O1):-0.841	O2):49.287	
O1):-0.786	O2):33.94	
O1):-0.786	O2):33.968	
O1):-0.834	O2):43.418	
O1):-0.76	O2):32.168	
O1):-0.853	O2):49.189	
O1):-0.759	O2):31.739	
O1):-0.786	O2):34.713	
O1):-0.706	O2):28.296	
O1):-0.786	O2):34.234	
O1):-0.778	O2):33.162	
O1):-0.772	O2):32.56	
O1):-0.851	O2):48.605	
O1):-0.787	O2):34.416	
O1):-0.745	O2):30.237	
O1):-0.795	O2):36.838	
O1):-0.801	O2):37.342	
O1):-0.742	O2):32.188	
O1):-0.863	O2):54.298	
O1):-0.797	O2):37.414	
O1):-0.841	O2):48.062	
O1):-0.843	O2):53.62	
O1):-0.747	O2):31.695	
O1):-0.784	O2):36.555	
O1):-0.72	O2):29.371	
O1):-0.815	O2):37.825	
O1):-0.714	O2):30.696	
O1):-0.762	O2):32.531	
O1):-0.743	O2):31.122	
O1):-0.694	O2):27.641	
O1):-0.759	O2):31.62	
O1):-0.674	O2):27.224	
O1):-0.789	O2):44.686	
O1):-0.743	O2):31.122	
O1):-0.743	O2):31.122	
O1):-0.754	O2):31.594	
O1):-0.671	O2):26.478	
O1):-0.684	O2):30.635	
O1):-0.671	O2):26.53	
O1):-0.726	O2):30.94	
O1):-0.767	O2):32.657	
O1):-0.785	O2):38.796	
O1):-0.784	O2):37.79	
O1):-0.777	O2):33.595	
O1):-0.701	O2):26.9	
O1):-0.819	O2):38.667	
O1):-0.836	O2):44.369	
O1):-0.788	O2):36.716	
O1):-0.832	O2):43.144	
O1):-0.724	O2):29.435	
O1):-0.789	O2):36.86	
O1):-0.773	O2):38.815	
O1):-0.753	O2):31.544	
O1):-0.834	O2):43.418	
O1):-0.833	O2):42.512	
O1):-0.777	O2):32.815	
Evaluations:	1400
O1):-0.674	O2):26.742	
O1):-0.723	O2):28.688	
O1):-0.753	O2):31.544	
O1):-0.842	O2):49.387	
O1):-0.702	O2):27.096	
O1):-0.797	O2):37.414	
O1):-0.718	O2):28.599	
O1):-0.777	O2):33.595	
O1):-0.704	O2):27.993	
O1):-0.754	O2):31.594	
O1):-0.707	O2):28.148	
O1):-0.753	O2):31.544	
O1):-0.734	O2):31.458	
O1):-0.759	O2):32.016	
O1):-0.817	O2):39.852	
O1):-0.674	O2):26.72	
O1):-0.763	O2):32.196	
O1):-0.765	O2):32.473	
O1):-0.775	O2):32.883	
O1):-0.767	O2):32.657	
O1):-0.723	O2):28.688	
Evaluations:	1400
O1):-0.708	O2):28.257	
O1):-0.859	O2):54.301	
Evaluations:	1400
O1):-0.752	O2):32.7	
O1):-0.753	O2):32.849	
O1):-0.821	O2):42.892	
O1):-0.821	O2):42.892	
O1):-0.836	O2):44.003	
O1):-0.844	O2):48.645	
O1):-0.753	O2):32.796	
O1):-0.832	O2):43.144	
O1):-0.764	O2):41.536	
O1):-0.708	O2):31.895	
O1):-0.786	O2):34.234	
O1):-0.718	O2):28.61	
O1):-0.746	O2):31.46	
O1):-0.776	O2):35.608	
O1):-0.71	O2):27.689	
O1):-0.673	O2):26.859	
O1):-0.792	O2):37.755	
O1):-0.708	O2):27.654	
O1):-0.833	O2):43.28	
Starting PrismExecutor worker 3 on port 11473
O1):-0.833	O2):43.644	
Connected worker 3 to port 11473
O1):-0.718	O2):27.737	
O1):-0.826	O2):43.34	
O1):-0.71	O2):27.696	
O1):-0.758	O2):31.948	
O1):-0.815	O2):38.989	
O1):-0.794	O2):34.572	
O1):-0.833	O2):43.28	
O1):-0.696	O2):26.818	
O1):-0.784	O2):34.01	
O1):-0.834	O2):47.528	
O1):-0.863	O2):54.294	
O1):-0.753	O2):32.847	
O1):-0.771	O2):33.495	
O1):-0.729	O2):29.34	
O1):-0.825	O2):42.504	
O1):-0.745	O2):31.157	
O1):-0.718	O2):28.208	
O1):-0.749	O2):35.37	
O1):-0.841	O2):47.882	
O1):-0.842	O2):48.455	
O1):-0.702	O2):32.385	
O1):-0.671	O2):26.524	
O1):-0.76	O2):32.168	
O1):-0.834	O2):43.641	
O1):-0.789	O2):34.779	
O1):-0.671	O2):26.524	
O1):-0.671	O2):26.524	
O1):-0.789	O2):36.998	
O1):-0.783	O2):33.934	
O1):-0.671	O2):26.524	
O1):-0.704	O2):27.202	
O1):-0.756	O2):31.62	
O1):-0.853	O2):49.189	
O1):-0.805	O2):38.332	
O1):-0.767	O2):32.622	
O1):-0.784	O2):34.049	
O1):-0.811	O2):39.028	
O1):-0.702	O2):27.599	
O1):-0.671	O2):26.524	
O1):-0.794	O2):37.758	
O1):-0.796	O2):37.024	
O1):-0.808	O2):38.856	
O1):-0.756	O2):31.62	
O1):-0.742	O2):30.167	
O1):-0.737	O2):31.478	
O1):-0.811	O2):39.072	
O1):-0.724	O2):28.814	
O1):-0.794	O2):37.758	
O1):-0.789	O2):36.86	
O1):-0.785	O2):38.856	
O1):-0.752	O2):32.7	
O1):-0.81	O2):38.774	
Evaluations:	1300
O1):-0.77	O2):32.539	
O1):-0.834	O2):43.418	
O1):-0.845	O2):49.485	
O1):-0.785	O2):38.159	
O1):-0.792	O2):37.86	
O1):-0.817	O2):44.555	
O1):-0.722	O2):29.011	
O1):-0.802	O2):39.414	
O1):-0.786	O2):33.968	
O1):-0.787	O2):34.931	
O1):-0.815	O2):38.989	
O1):-0.797	O2):41.695	
O1):-0.741	O2):31.084	
O1):-0.844	O2):48.799	
O1):-0.787	O2):34.931	
O1):-0.819	O2):38.667	
O1):-0.777	O2):40.644	
O1):-0.765	O2):32.205	
O1):-0.753	O2):31.544	
O1):-0.799	O2):37.303	
O1):-0.753	O2):31.544	
O1):-0.706	O2):35.028	
O1):-0.671	O2):26.53	
O1):-0.729	O2):29.34	
O1):-0.859	O2):54.279	
O1):-0.671	O2):26.53	
O1):-0.775	O2):33.328	
O1):-0.832	O2):43.144	
O1):-0.784	O2):34.034	
O1):-0.775	O2):34.04	
O1):-0.76	O2):32.261	
O1):-0.789	O2):36.86	
O1):-0.757	O2):33.081	
O1):-0.811	O2):39.028	
O1):-0.703	O2):28.002	
O1):-0.76	O2):32.176	
O1):-0.776	O2):33.391	
O1):-0.859	O2):54.298	
O1):-0.801	O2):37.676	
O1):-0.653	O2):26.459	
O1):-0.694	O2):27.278	
Starting PrismExecutor worker 1 on port 11441
O1):-0.789	O2):36.86	
Connected worker 1 to port 11441
O1):-0.825	O2):42.504	
O1):-0.704	O2):27.202	
O1):-0.746	O2):32.33	
O1):-0.74	O2):29.397	
O1):-0.777	O2):33.595	
O1):-0.704	O2):27.202	
O1):-0.786	O2):33.968	
O1):-0.724	O2):28.91	
O1):-0.825	O2):42.504	
O1):-0.779	O2):33.23	
O1):-0.671	O2):26.478	
O1):-0.759	O2):31.984	
O1):-0.841	O2):49.289	
O1):-0.798	O2):37.053	
O1):-0.748	O2):32.545	
O1):-0.785	O2):37.195	
O1):-0.789	O2):36.86	
O1):-0.671	O2):26.53	
O1):-0.671	O2):26.489	
O1):-0.702	O2):27.212	
O1):-0.672	O2):26.515	
O1):-0.797	O2):35.611	
O1):-0.772	O2):33.509	
O1):-0.743	O2):33.071	
O1):-0.802	O2):37.36	
O1):-0.811	O2):39.315	
O1):-0.816	O2):37.872	
O1):-0.825	O2):42.504	
O1):-0.842	O2):49.407	
O1):-0.779	O2):33.308	
O1):-0.673	O2):26.859	
O1):-0.729	O2):29.34	
O1):-0.707	O2):27.415	
O1):-0.707	O2):27.414	
O1):-0.834	O2):43.418	
O1):-0.818	O2):42.546	
O1):-0.718	O2):27.769	
O1):-0.793	O2):36.83	
O1):-0.782	O2):33.89	
O1):-0.753	O2):32.776	
O1):-0.731	O2):31.288	
O1):-0.723	O2):28.688	
O1):-0.708	O2):27.654	
O1):-0.789	O2):36.86	
O1):-0.825	O2):42.504	
O1):-0.804	O2):38.729	
O1):-0.772	O2):32.56	
O1):-0.841	O2):47.864	
O1):-0.759	O2):32.016	
O1):-0.723	O2):29.515	
O1):-0.793	O2):38.473	
O1):-0.833	O2):42.522	
O1):-0.705	O2):27.464	
O1):-0.703	O2):27.752	
O1):-0.818	O2):38.363	
O1):-0.85	O2):48.291	
O1):-0.825	O2):42.504	
O1):-0.721	O2):28.628	
O1):-0.722	O2):27.742	
O1):-0.776	O2):33.391	
O1):-0.797	O2):37.059	
O1):-0.808	O2):42.141	
O1):-0.833	O2):42.522	
O1):-0.775	O2):33.51	
O1):-0.778	O2):33.162	
O1):-0.776	O2):33.486	
O1):-0.818	O2):39.9	
O1):-0.703	O2):27.249	
O1):-0.671	O2):26.489	
O1):-0.834	O2):43.418	
O1):-0.799	O2):37.303	
O1):-0.759	O2):31.739	
O1):-0.702	O2):27.599	
O1):-0.759	O2):31.465	
O1):-0.763	O2):34.054	
O1):-0.758	O2):31.336	
O1):-0.749	O2):32.396	
O1):-0.71	O2):27.717	
O1):-0.842	O2):48.077	
O1):-0.804	O2):38.211	
O1):-0.79	O2):36.866	
O1):-0.724	O2):28.904	
O1):-0.833	O2):43.516	
O1):-0.819	O2):38.667	
O1):-0.745	O2):32.318	
O1):-0.757	O2):31.979	
O1):-0.675	O2):26.738	
O1):-0.803	O2):37.864	
O1):-0.775	O2):33.852	
O1):-0.671	O2):26.489	
O1):-0.741	O2):31.192	
O1):-0.724	O2):30.614	
O1):-0.799	O2):37.324	
O1):-0.806	O2):38.384	
O1):-0.781	O2):33.834	
O1):-0.702	O2):27.599	
O1):-0.8	O2):37.532	
O1):-0.799	O2):37.922	
O1):-0.838	O2):48.455	
O1):-0.741	O2):31.167	
O1):-0.705	O2):27.466	
O1):-0.671	O2):26.524	
O1):-0.728	O2):31.272	
O1):-0.77	O2):33.381	
O1):-0.762	O2):32.249	
O1):-0.835	O2):44.856	
O1):-0.772	O2):32.393	
O1):-0.819	O2):38.667	
O1):-0.777	O2):33.742	
O1):-0.819	O2):38.667	
O1):-0.801	O2):37.687	
O1):-0.742	O2):29.279	
O1):-0.832	O2):43.144	
O1):-0.835	O2):43.821	
O1):-0.703	O2):27.433	
O1):-0.705	O2):27.466	
O1):-0.815	O2):38.989	
O1):-0.81	O2):38.774	
O1):-0.833	O2):43.516	
O1):-0.761	O2):31.957	
O1):-0.76	O2):31.734	
O1):-0.76	O2):32.329	
O1):-0.723	O2):28.688	
O1):-0.782	O2):33.871	
O1):-0.8	O2):37.377	
O1):-0.819	O2):38.735	
O1):-0.787	O2):34.931	
O1):-0.816	O2):37.766	
O1):-0.786	O2):33.968	
O1):-0.826	O2):42.921	
O1):-0.724	O2):28.909	
O1):-0.811	O2):39.315	
O1):-0.761	O2):31.78	
O1):-0.834	O2):43.418	
O1):-0.775	O2):33.336	
O1):-0.784	O2):38.429	
O1):-0.723	O2):28.774	
O1):-0.834	O2):43.776	
O1):-0.703	O2):27.251	
O1):-0.83	O2):44.344	
O1):-0.694	O2):27.61	
O1):-0.76	O2):32.176	
O1):-0.777	O2):32.814	
O1):-0.776	O2):38.238	
O1):-0.801	O2):37.342	
O1):-0.841	O2):48.143	
O1):-0.755	O2):33.489	
O1):-0.743	O2):31.122	
O1):-0.802	O2):37.767	
O1):-0.816	O2):37.766	
O1):-0.779	O2):33.23	
O1):-0.738	O2):31.894	
O1):-0.788	O2):34.412	
O1):-0.786	O2):33.968	
O1):-0.832	O2):43.144	
O1):-0.835	O2):43.821	
O1):-0.854	O2):49.549	
O1):-0.728	O2):29.298	
O1):-0.8	O2):37.408	
O1):-0.718	O2):27.737	
O1):-0.853	O2):49.189	
O1):-0.776	O2):33.486	
O1):-0.842	O2):48.458	
O1):-0.825	O2):42.504	
O1):-0.834	O2):43.418	
O1):-0.705	O2):27.432	
O1):-0.747	O2):32.182	
O1):-0.78	O2):33.279	
O1):-0.776	O2):33.557	
O1):-0.82	O2):42.709	
O1):-0.859	O2):54.152	
O1):-0.734	O2):31.458	
O1):-0.794	O2):34.572	
O1):-0.77	O2):33.205	
O1):-0.723	O2):28.774	
O1):-0.818	O2):38.317	
O1):-0.789	O2):36.86	
O1):-0.753	O2):31.544	
O1):-0.741	O2):31.195	
O1):-0.76	O2):32.176	
O1):-0.786	O2):33.969	
O1):-0.758	O2):33.448	
O1):-0.762	O2):32.566	
O1):-0.719	O2):29.323	
O1):-0.791	O2):37.031	
O1):-0.85	O2):53.993	
O1):-0.69	O2):27.257	
O1):-0.759	O2):31.739	
O1):-0.702	O2):27.599	
O1):-0.817	O2):42.167	
O1):-0.759	O2):31.581	
O1):-0.671	O2):26.53	
O1):-0.828	O2):43.323	
O1):-0.78	O2):34.376	
O1):-0.734	O2):31.458	
O1):-0.814	O2):37.667	
O1):-0.801	O2):37.687	
O1):-0.805	O2):38.332	
O1):-0.82	O2):40.717	
O1):-0.805	O2):38.332	
O1):-0.806	O2):43.31	
O1):-0.803	O2):38.313	
O1):-0.723	O2):28.774	
O1):-0.81	O2):39.071	
O1):-0.814	O2):37.933	
O1):-0.802	O2):37.767	
O1):-0.705	O2):27.466	
O1):-0.801	O2):37.687	
O1):-0.833	O2):44.085	
O1):-0.801	O2):42.646	
O1):-0.779	O2):33.334	
O1):-0.825	O2):42.504	
O1):-0.723	O2):28.688	
O1):-0.744	O2):30.33	
O1):-0.786	O2):33.968	
O1):-0.834	O2):43.418	
O1):-0.753	O2):32.956	
O1):-0.834	O2):48.993	
O1):-0.761	O2):31.875	
O1):-0.694	O2):27.61	
O1):-0.817	O2):42.019	
O1):-0.818	O2):38.428	
O1):-0.743	O2):31.122	
O1):-0.833	O2):43.28	
O1):-0.753	O2):31.544	
Evaluations:	1300
O1):-0.822	O2):43.723	
O1):-0.843	O2):53.62	
O1):-0.85	O2):48.291	
O1):-0.79	O2):34.849	
O1):-0.778	O2):33.51	
O1):-0.816	O2):39.027	
O1):-0.671	O2):26.524	
O1):-0.747	O2):31.695	
O1):-0.72	O2):27.749	
O1):-0.817	O2):39.852	
O1):-0.82	O2):40.717	
O1):-0.756	O2):31.62	
O1):-0.672	O2):26.515	
O1):-0.78	O2):33.279	
O1):-0.749	O2):35.369	
O1):-0.671	O2):26.524	
O1):-0.771	O2):33.043	
O1):-0.803	O2):38.313	
O1):-0.776	O2):35.84	
O1):-0.734	O2):31.458	
O1):-0.747	O2):31.174	
O1):-0.732	O2):31.655	
O1):-0.767	O2):32.657	
O1):-0.786	O2):33.968	
O1):-0.72	O2):29.024	
O1):-0.816	O2):38.99	
O1):-0.813	O2):39.393	
O1):-0.814	O2):39.73	
O1):-0.702	O2):27.599	
O1):-0.776	O2):33.391	
O1):-0.772	O2):33.508	
O1):-0.845	O2):50.0	
O1):-0.821	O2):43.089	
O1):-0.786	O2):33.968	
O1):-0.8	O2):37.42	
O1):-0.703	O2):27.249	
O1):-0.674	O2):27.222	
O1):-0.786	O2):34.047	
O1):-0.833	O2):44.086	
O1):-0.745	O2):30.237	
O1):-0.833	O2):43.281	
O1):-0.785	O2):38.857	
O1):-0.819	O2):38.667	
O1):-0.819	O2):38.667	
O1):-0.807	O2):38.546	
O1):-0.799	O2):37.924	
O1):-0.825	O2):42.505	
O1):-0.834	O2):43.641	
O1):-0.758	O2):33.725	
O1):-0.704	O2):27.202	
Evaluations:	1400
Starting PrismExecutor worker 4 on port 11404
Starting PrismExecutor worker 5 on port 11405
O1):-0.797	O2):37.595	
O1):-0.694	O2):27.61	
Connected worker 5 to port 11405
Connected worker 4 to port 11404
O1):-0.734	O2):31.458	
O1):-0.859	O2):54.298	
O1):-0.808	O2):42.141	
O1):-0.789	O2):33.969	
O1):-0.751	O2):32.834	
Evaluations:	1600
O1):-0.835	O2):43.821	
O1):-0.723	O2):28.688	
O1):-0.774	O2):32.962	
O1):-0.789	O2):36.86	
O1):-0.801	O2):37.687	
O1):-0.802	O2):37.71	
O1):-0.717	O2):28.167	
O1):-0.734	O2):28.649	
O1):-0.808	O2):42.137	
O1):-0.859	O2):54.298	
O1):-0.841	O2):49.287	
O1):-0.674	O2):27.222	
O1):-0.816	O2):37.766	
O1):-0.753	O2):31.547	
O1):-0.85	O2):48.291	
Starting PrismExecutor worker 2 on port 11452
O1):-0.791	O2):36.886	
O1):-0.76	O2):32.176	
Connected worker 2 to port 11452
O1):-0.671	O2):26.524	
O1):-0.841	O2):49.287	
O1):-0.827	O2):43.506	
O1):-0.721	O2):28.592	
O1):-0.858	O2):53.881	
O1):-0.753	O2):31.544	
O1):-0.855	O2):54.571	
O1):-0.76	O2):32.176	
O1):-0.806	O2):38.376	
O1):-0.776	O2):36.229	
O1):-0.791	O2):37.51	
O1):-0.804	O2):38.211	
O1):-0.786	O2):33.968	
O1):-0.703	O2):27.433	
O1):-0.836	O2):44.424	
O1):-0.818	O2):38.371	
O1):-0.76	O2):31.875	
O1):-0.748	O2):32.214	
O1):-0.675	O2):26.802	
O1):-0.671	O2):26.524	
O1):-0.725	O2):30.932	
O1):-0.804	O2):38.211	
O1):-0.844	O2):49.181	
O1):-0.785	O2):33.942	
O1):-0.786	O2):33.968	
O1):-0.741	O2):31.192	
O1):-0.702	O2):27.212	
O1):-0.674	O2):26.72	
O1):-0.674	O2):27.222	
O1):-0.753	O2):31.55	
O1):-0.81	O2):38.774	
O1):-0.801	O2):37.687	
O1):-0.8	O2):37.531	
O1):-0.818	O2):38.363	
O1):-0.758	O2):31.856	
O1):-0.778	O2):33.162	
O1):-0.776	O2):33.15	
O1):-0.825	O2):42.517	
O1):-0.745	O2):30.237	
O1):-0.7	O2):27.198	
O1):-0.794	O2):37.14	
O1):-0.796	O2):36.976	
O1):-0.703	O2):27.752	
O1):-0.834	O2):43.418	
O1):-0.78	O2):33.509	
O1):-0.753	O2):31.544	
O1):-0.737	O2):31.478	
O1):-0.809	O2):38.778	
O1):-0.806	O2):38.384	
O1):-0.703	O2):27.249	
O1):-0.855	O2):54.571	
O1):-0.786	O2):34.234	
O1):-0.819	O2):38.667	
O1):-0.804	O2):39.647	
O1):-0.759	O2):31.62	
O1):-0.841	O2):48.514	
O1):-0.671	O2):26.489	
O1):-0.723	O2):28.851	
O1):-0.786	O2):33.968	
O1):-0.817	O2):37.908	
O1):-0.806	O2):41.768	
O1):-0.728	O2):31.272	
O1):-0.814	O2):37.933	
O1):-0.76	O2):32.176	
O1):-0.777	O2):33.742	
O1):-0.673	O2):26.862	
O1):-0.704	O2):27.202	
O1):-0.788	O2):36.717	
O1):-0.757	O2):31.614	
O1):-0.855	O2):54.571	
O1):-0.795	O2):37.3	
O1):-0.768	O2):36.395	
O1):-0.772	O2):33.509	
O1):-0.855	O2):54.571	
O1):-0.769	O2):32.581	
O1):-0.786	O2):33.968	
O1):-0.671	O2):26.524	
O1):-0.759	O2):31.736	
O1):-0.769	O2):32.581	
O1):-0.788	O2):34.755	
O1):-0.786	O2):34.806	
O1):-0.817	O2):42.02	
O1):-0.815	O2):37.859	
O1):-0.824	O2):42.486	
O1):-0.838	O2):48.455	
O1):-0.844	O2):48.641	
O1):-0.786	O2):33.968	
O1):-0.706	O2):27.588	
O1):-0.814	O2):41.796	
O1):-0.771	O2):32.417	
O1):-0.702	O2):27.599	
O1):-0.786	O2):33.968	
O1):-0.71	O2):27.717	
O1):-0.819	O2):38.667	
O1):-0.763	O2):32.196	
Starting PrismExecutor worker 0 on port 11440
O1):-0.801	O2):37.687	
O1):-0.795	O2):34.137	
O1):-0.827	O2):43.506	
Connected worker 0 to port 11440
O1):-0.724	O2):29.435	
O1):-0.841	O2):47.864	
O1):-0.753	O2):31.544	
O1):-0.808	O2):38.45	
O1):-0.804	O2):38.211	
O1):-0.774	O2):32.824	
O1):-0.809	O2):38.688	
O1):-0.825	O2):42.504	
O1):-0.714	O2):30.663	
O1):-0.822	O2):43.723	
O1):-0.765	O2):34.061	
O1):-0.835	O2):48.19	
O1):-0.725	O2):30.932	
O1):-0.811	O2):39.315	
O1):-0.8	O2):37.377	
O1):-0.816	O2):37.99	
O1):-0.816	O2):37.766	
O1):-0.808	O2):38.692	
O1):-0.778	O2):33.162	
O1):-0.786	O2):33.968	
O1):-0.779	O2):33.199	
O1):-0.833	O2):43.516	
O1):-0.767	O2):33.148	
O1):-0.786	O2):33.968	
O1):-0.8	O2):37.532	
O1):-0.837	O2):44.583	
O1):-0.816	O2):39.027	
O1):-0.841	O2):49.287	
O1):-0.674	O2):27.222	
O1):-0.719	O2):27.717	
O1):-0.833	O2):44.085	
O1):-0.784	O2):34.45	
O1):-0.763	O2):32.276	
O1):-0.779	O2):33.334	
O1):-0.819	O2):38.458	
O1):-0.695	O2):27.614	
O1):-0.834	O2):44.931	
O1):-0.816	O2):39.026	
O1):-0.82	O2):43.653	
O1):-0.721	O2):28.627	
O1):-0.821	O2):42.892	
O1):-0.834	O2):43.418	
O1):-0.841	O2):47.864	
O1):-0.743	O2):31.122	
O1):-0.834	O2):43.641	
O1):-0.826	O2):43.332	
O1):-0.834	O2):43.418	
O1):-0.794	O2):36.597	
O1):-0.76	O2):32.176	
O1):-0.8	O2):37.448	
O1):-0.671	O2):26.524	
O1):-0.755	O2):33.128	
O1):-0.814	O2):39.73	
O1):-0.703	O2):27.795	
O1):-0.778	O2):33.236	
O1):-0.806	O2):43.534	
O1):-0.707	O2):27.415	
O1):-0.835	O2):48.265	
O1):-0.675	O2):26.738	
O1):-0.749	O2):35.37	
O1):-0.724	O2):28.813	
O1):-0.786	O2):33.968	
O1):-0.762	O2):32.249	
O1):-0.729	O2):29.34	
O1):-0.712	O2):29.064	
O1):-0.76	O2):31.733	
O1):-0.754	O2):32.081	
O1):-0.786	O2):34.091	
O1):-0.79	O2):36.757	
O1):-0.836	O2):44.003	
O1):-0.802	O2):37.834	
O1):-0.8	O2):37.377	
O1):-0.709	O2):27.667	
O1):-0.772	O2):33.509	
O1):-0.818	O2):38.428	
O1):-0.8	O2):37.377	
O1):-0.764	O2):32.182	
O1):-0.723	O2):28.688	
O1):-0.724	O2):29.506	
O1):-0.774	O2):35.461	
O1):-0.835	O2):44.082	
O1):-0.703	O2):27.433	
O1):-0.798	O2):37.053	
O1):-0.758	O2):31.336	
O1):-0.707	O2):27.414	
O1):-0.772	O2):32.56	
O1):-0.785	O2):38.184	
O1):-0.749	O2):32.708	
O1):-0.767	O2):35.343	
O1):-0.813	O2):39.393	
O1):-0.837	O2):44.278	
O1):-0.674	O2):27.221	
O1):-0.81	O2):38.774	
O1):-0.814	O2):39.73	
O1):-0.801	O2):37.687	
O1):-0.675	O2):26.738	
O1):-0.674	O2):26.742	
O1):-0.724	O2):28.813	
Starting PrismExecutor worker 2 on port 11442
Starting PrismExecutor worker 0 on port 11450
O1):-0.811	O2):38.905	
Connected worker 2 to port 11442
Connected worker 0 to port 11450
O1):-0.647	O2):27.091	
O1):-0.769	O2):36.303	
O1):-0.674	O2):26.72	
O1):-0.653	O2):26.432	
O1):-0.78	O2):33.554	
O1):-0.788	O2):36.711	
O1):-0.726	O2):30.939	
O1):-0.816	O2):38.99	
O1):-0.814	O2):37.933	
O1):-0.707	O2):28.337	
O1):-0.825	O2):42.504	
O1):-0.734	O2):28.649	
O1):-0.843	O2):53.62	
O1):-0.862	O2):54.149	
O1):-0.81	O2):39.034	
O1):-0.784	O2):34.45	
O1):-0.805	O2):38.332	
O1):-0.815	O2):39.868	
O1):-0.818	O2):38.363	
O1):-0.725	O2):30.734	
O1):-0.771	O2):33.495	
O1):-0.786	O2):33.94	
O1):-0.765	O2):33.532	
O1):-0.833	O2):44.83	
O1):-0.834	O2):43.418	
O1):-0.719	O2):27.717	
O1):-0.776	O2):33.486	
O1):-0.786	O2):34.091	
O1):-0.802	O2):37.837	
O1):-0.752	O2):32.719	
O1):-0.786	O2):33.968	
O1):-0.786	O2):34.713	
O1):-0.766	O2):32.492	
O1):-0.768	O2):35.793	
O1):-0.76	O2):32.168	
O1):-0.817	O2):39.834	
O1):-0.834	O2):43.418	
O1):-0.776	O2):33.391	
O1):-0.76	O2):32.176	
O1):-0.816	O2):38.99	
O1):-0.764	O2):32.173	
O1):-0.803	O2):38.123	
O1):-0.767	O2):32.616	
O1):-0.785	O2):43.978	
O1):-0.692	O2):27.59	
O1):-0.808	O2):38.678	
O1):-0.737	O2):31.478	
O1):-0.775	O2):32.873	
O1):-0.834	O2):46.058	
O1):-0.779	O2):34.151	
O1):-0.81	O2):38.774	
O1):-0.762	O2):32.123	
O1):-0.779	O2):33.32	
O1):-0.707	O2):27.414	
O1):-0.835	O2):44.855	
O1):-0.786	O2):33.968	
O1):-0.71	O2):27.717	
O1):-0.82	O2):43.641	
O1):-0.722	O2):29.011	
O1):-0.8	O2):37.324	
O1):-0.697	O2):26.873	
O1):-0.726	O2):30.939	
O1):-0.816	O2):39.027	
O1):-0.825	O2):42.706	
O1):-0.758	O2):33.256	
O1):-0.705	O2):27.466	
O1):-0.798	O2):37.904	
O1):-0.82	O2):40.717	
O1):-0.734	O2):31.458	
O1):-0.728	O2):29.298	
O1):-0.741	O2):31.193	
O1):-0.837	O2):57.983	
O1):-0.776	O2):32.852	
O1):-0.835	O2):43.821	
O1):-0.833	O2):42.512	
O1):-0.859	O2):53.207	
O1):-0.816	O2):37.787	
O1):-0.839	O2):49.046	
O1):-0.814	O2):41.796	
O1):-0.797	O2):37.414	
O1):-0.81	O2):39.034	
O1):-0.845	O2):49.479	
O1):-0.834	O2):43.418	
O1):-0.814	O2):41.796	
O1):-0.778	O2):33.508	
O1):-0.72	O2):27.749	
O1):-0.816	O2):37.872	
O1):-0.798	O2):35.874	
O1):-0.825	O2):42.792	
O1):-0.757	O2):31.979	
O1):-0.671	O2):26.524	
O1):-0.707	O2):28.147	
O1):-0.749	O2):32.825	
O1):-0.745	O2):30.237	
O1):-0.822	O2):43.717	
O1):-0.786	O2):34.617	
O1):-0.804	O2):38.211	
O1):-0.843	O2):53.62	
O1):-0.708	O2):28.246	
O1):-0.818	O2):43.106	
O1):-0.813	O2):39.393	
O1):-0.728	O2):31.299	
O1):-0.82	O2):42.709	
O1):-0.809	O2):38.778	
O1):-0.811	O2):38.886	
O1):-0.825	O2):42.504	
O1):-0.853	O2):49.225	
O1):-0.795	O2):37.121	
O1):-0.8	O2):37.377	
O1):-0.792	O2):37.86	
O1):-0.731	O2):31.455	
O1):-0.671	O2):26.489	
O1):-0.821	O2):49.212	
O1):-0.815	O2):38.989	
O1):-0.821	O2):43.582	
O1):-0.671	O2):26.524	
O1):-0.702	O2):27.212	
O1):-0.817	O2):37.908	
O1):-0.718	O2):27.737	
O1):-0.801	O2):37.687	
Evaluations:	1500
O1):-0.7	O2):26.859	
O1):-0.753	O2):32.848	
O1):-0.763	O2):32.196	
O1):-0.73	O2):31.351	
O1):-0.826	O2):43.332	
O1):-0.753	O2):31.544	
O1):-0.765	O2):34.772	
O1):-0.777	O2):33.424	
O1):-0.759	O2):32.046	
O1):-0.816	O2):37.766	
O1):-0.8	O2):37.532	
O1):-0.82	O2):40.717	
O1):-0.779	O2):33.23	
O1):-0.741	O2):31.166	
O1):-0.797	O2):37.414	
O1):-0.841	O2):47.864	
O1):-0.713	O2):30.531	
O1):-0.767	O2):34.78	
O1):-0.801	O2):37.618	
O1):-0.786	O2):33.968	
O1):-0.742	O2):29.279	
O1):-0.783	O2):33.81	
O1):-0.813	O2):39.393	
O1):-0.776	O2):32.64	
O1):-0.851	O2):48.605	
O1):-0.777	O2):33.334	
O1):-0.753	O2):31.547	
O1):-0.834	O2):43.418	
O1):-0.749	O2):35.337	
O1):-0.778	O2):33.508	
O1):-0.828	O2):43.323	
O1):-0.778	O2):37.34	
O1):-0.792	O2):36.759	
O1):-0.748	O2):31.72	
O1):-0.775	O2):33.852	
O1):-0.741	O2):32.168	
O1):-0.675	O2):26.802	
O1):-0.789	O2):37.877	
O1):-0.724	O2):30.614	
O1):-0.786	O2):33.968	
O1):-0.786	O2):33.969	
O1):-0.842	O2):48.077	
O1):-0.799	O2):37.924	
O1):-0.784	O2):34.45	
O1):-0.752	O2):32.699	
O1):-0.704	O2):27.202	
O1):-0.862	O2):54.882	
O1):-0.803	O2):38.16	
O1):-0.837	O2):44.139	
O1):-0.724	O2):29.077	
O1):-0.675	O2):26.802	
O1):-0.748	O2):32.512	
O1):-0.799	O2):37.922	
O1):-0.762	O2):32.585	
O1):-0.813	O2):40.838	
O1):-0.8	O2):37.377	
O1):-0.81	O2):39.034	
O1):-0.841	O2):47.864	
O1):-0.816	O2):37.766	
O1):-0.747	O2):31.174	
O1):-0.723	O2):28.687	
O1):-0.772	O2):33.508	
O1):-0.813	O2):39.748	
O1):-0.824	O2):42.486	
O1):-0.745	O2):30.238	
O1):-0.789	O2):33.936	
O1):-0.778	O2):33.162	
O1):-0.724	O2):29.506	
O1):-0.781	O2):33.834	
O1):-0.763	O2):32.197	
O1):-0.843	O2):49.418	
O1):-0.786	O2):34.234	
O1):-0.771	O2):32.88	
O1):-0.697	O2):26.829	
O1):-0.671	O2):26.524	
O1):-0.841	O2):47.864	
O1):-0.831	O2):42.9	
O1):-0.77	O2):33.912	
O1):-0.763	O2):32.133	
O1):-0.825	O2):42.505	
O1):-0.734	O2):31.458	
O1):-0.825	O2):42.504	
O1):-0.802	O2):41.72	
O1):-0.777	O2):33.424	
O1):-0.801	O2):37.676	
Starting PrismExecutor worker 4 on port 11464
O1):-0.776	O2):33.486	
O1):-0.785	O2):38.797	
O1):-0.825	O2):42.504	
Connected worker 4 to port 11464
O1):-0.76	O2):32.329	
O1):-0.757	O2):31.613	
O1):-0.793	O2):36.832	
O1):-0.825	O2):43.378	
O1):-0.723	O2):28.688	
O1):-0.673	O2):26.725	
O1):-0.784	O2):36.48	
O1):-0.753	O2):31.544	
O1):-0.811	O2):39.304	
O1):-0.842	O2):48.077	
O1):-0.826	O2):43.332	
O1):-0.858	O2):53.881	
O1):-0.796	O2):36.915	
O1):-0.811	O2):39.315	
O1):-0.747	O2):32.148	
O1):-0.834	O2):43.666	
O1):-0.697	O2):26.83	
O1):-0.784	O2):38.431	
O1):-0.77	O2):34.348	
O1):-0.671	O2):26.524	
O1):-0.827	O2):43.506	
O1):-0.799	O2):37.324	
O1):-0.786	O2):33.968	
O1):-0.794	O2):38.085	
O1):-0.702	O2):27.212	
O1):-0.758	O2):31.856	
O1):-0.784	O2):33.695	
O1):-0.802	O2):38.502	
O1):-0.787	O2):34.931	
O1):-0.813	O2):39.748	
O1):-0.736	O2):32.62	
O1):-0.777	O2):33.3	
O1):-0.743	O2):32.522	
O1):-0.843	O2):53.62	
O1):-0.707	O2):27.414	
O1):-0.836	O2):44.371	
O1):-0.788	O2):34.754	
O1):-0.859	O2):53.207	
O1):-0.781	O2):33.875	
O1):-0.784	O2):33.695	
O1):-0.776	O2):33.486	
O1):-0.819	O2):38.667	
O1):-0.774	O2):34.045	
O1):-0.786	O2):33.968	
O1):-0.767	O2):33.124	
O1):-0.828	O2):45.468	
O1):-0.75	O2):31.811	
O1):-0.734	O2):31.458	
O1):-0.724	O2):28.909	
O1):-0.834	O2):46.058	
O1):-0.824	O2):48.472	
O1):-0.789	O2):36.86	
O1):-0.834	O2):43.684	
O1):-0.819	O2):38.735	
O1):-0.761	O2):32.428	
O1):-0.834	O2):47.888	
O1):-0.842	O2):48.609	
O1):-0.723	O2):28.845	
O1):-0.789	O2):33.957	
O1):-0.766	O2):32.837	
O1):-0.82	O2):42.709	
O1):-0.81	O2):39.035	
O1):-0.817	O2):41.701	
O1):-0.798	O2):37.157	
O1):-0.797	O2):37.414	
O1):-0.859	O2):53.207	
O1):-0.786	O2):34.713	
O1):-0.69	O2):27.257	
O1):-0.759	O2):31.739	
O1):-0.784	O2):34.458	
O1):-0.797	O2):37.06	
O1):-0.786	O2):34.234	
O1):-0.814	O2):37.933	
O1):-0.803	O2):38.681	
O1):-0.76	O2):32.176	
O1):-0.703	O2):27.433	
Evaluations:	1400
O1):-0.772	O2):32.393	
O1):-0.753	O2):31.544	
O1):-0.826	O2):43.493	
O1):-0.817	O2):37.908	
O1):-0.774	O2):33.525	
O1):-0.777	O2):33.3	
O1):-0.764	O2):32.182	
O1):-0.78	O2):33.279	
O1):-0.819	O2):38.667	
O1):-0.845	O2):50.0	
O1):-0.825	O2):42.504	
O1):-0.708	O2):28.257	
O1):-0.725	O2):29.403	
O1):-0.786	O2):34.612	
O1):-0.786	O2):33.968	
O1):-0.833	O2):43.693	
O1):-0.742	O2):34.947	
O1):-0.786	O2):34.617	
O1):-0.801	O2):37.684	
O1):-0.838	O2):48.455	
O1):-0.836	O2):44.369	
O1):-0.785	O2):43.981	
O1):-0.815	O2):37.825	
O1):-0.784	O2):33.662	
O1):-0.791	O2):37.226	
Evaluations:	1300
O1):-0.72	O2):29.371	
Starting PrismExecutor worker 3 on port 11443
O1):-0.73	O2):31.351	
Connected worker 3 to port 11443
O1):-0.798	O2):39.324	
O1):-0.771	O2):32.95	
O1):-0.674	O2):26.742	
O1):-0.763	O2):32.133	
O1):-0.777	O2):33.3	
O1):-0.694	O2):27.278	
O1):-0.789	O2):37.162	
O1):-0.839	O2):49.043	
O1):-0.778	O2):33.508	
O1):-0.853	O2):49.172	
O1):-0.772	O2):32.393	
O1):-0.837	O2):48.468	
O1):-0.721	O2):28.981	
O1):-0.671	O2):26.489	
O1):-0.8	O2):37.531	
O1):-0.767	O2):32.616	
O1):-0.777	O2):33.595	
O1):-0.788	O2):34.384	
O1):-0.795	O2):36.608	
O1):-0.719	O2):29.373	
O1):-0.777	O2):33.424	
O1):-0.756	O2):31.62	
O1):-0.759	O2):31.739	
O1):-0.821	O2):43.744	
O1):-0.724	O2):28.813	
O1):-0.82	O2):40.717	
O1):-0.778	O2):33.233	
O1):-0.671	O2):26.524	
O1):-0.707	O2):27.414	
O1):-0.763	O2):32.196	
O1):-0.723	O2):29.427	
O1):-0.727	O2):31.017	
O1):-0.729	O2):29.34	
O1):-0.8	O2):37.42	
O1):-0.794	O2):35.453	
O1):-0.795	O2):36.608	
O1):-0.797	O2):37.153	
O1):-0.819	O2):38.667	
O1):-0.717	O2):31.88	
O1):-0.717	O2):31.88	
O1):-0.717	O2):31.88	
O1):-0.763	O2):32.178	
O1):-0.777	O2):36.337	
O1):-0.728	O2):29.298	
O1):-0.819	O2):38.458	
O1):-0.808	O2):38.692	
O1):-0.758	O2):31.856	
O1):-0.76	O2):33.581	
O1):-0.844	O2):48.642	
O1):-0.842	O2):53.253	
O1):-0.675	O2):26.802	
O1):-0.82	O2):38.84	
O1):-0.762	O2):33.835	
O1):-0.779	O2):33.23	
O1):-0.834	O2):43.418	
O1):-0.801	O2):37.653	
O1):-0.788	O2):34.754	
O1):-0.725	O2):30.932	
O1):-0.762	O2):32.741	
O1):-0.759	O2):31.62	
O1):-0.798	O2):37.955	
O1):-0.769	O2):32.94	
O1):-0.734	O2):31.458	
O1):-0.703	O2):27.996	
O1):-0.777	O2):33.742	
O1):-0.784	O2):33.971	
O1):-0.704	O2):27.202	
O1):-0.81	O2):39.034	
O1):-0.708	O2):28.246	
O1):-0.758	O2):33.725	
O1):-0.794	O2):34.572	
O1):-0.828	O2):43.323	
O1):-0.729	O2):29.351	
O1):-0.862	O2):54.149	
O1):-0.78	O2):45.923	
O1):-0.8	O2):37.377	
O1):-0.859	O2):53.207	
O1):-0.753	O2):31.544	
O1):-0.753	O2):31.544	
O1):-0.836	O2):44.217	
O1):-0.76	O2):32.176	
Evaluations:	1500
O1):-0.834	O2):43.776	
O1):-0.759	O2):33.72	
O1):-0.863	O2):54.294	
O1):-0.835	O2):44.855	
O1):-0.749	O2):32.584	
O1):-0.71	O2):27.717	
O1):-0.779	O2):33.23	
O1):-0.702	O2):27.096	
O1):-0.834	O2):43.818	
O1):-0.796	O2):36.915	
O1):-0.783	O2):33.943	
O1):-0.72	O2):27.75	
O1):-0.8	O2):37.458	
O1):-0.837	O2):44.139	
O1):-0.753	O2):31.544	
O1):-0.841	O2):48.465	
O1):-0.834	O2):43.418	
O1):-0.783	O2):33.934	
O1):-0.821	O2):39.07	
O1):-0.777	O2):33.742	
O1):-0.671	O2):26.478	
O1):-0.859	O2):54.152	
O1):-0.784	O2):34.019	
O1):-0.806	O2):38.424	
O1):-0.834	O2):47.584	
Starting PrismExecutor worker 3 on port 11453
O1):-0.73	O2):31.351	
O1):-0.825	O2):42.517	
Connected worker 3 to port 11453
O1):-0.8	O2):37.532	
O1):-0.811	O2):39.315	
O1):-0.825	O2):42.504	
O1):-0.862	O2):54.149	
O1):-0.797	O2):37.153	
O1):-0.832	O2):43.547	
O1):-0.69	O2):27.257	
O1):-0.702	O2):27.135	
O1):-0.778	O2):34.054	
O1):-0.835	O2):44.082	
O1):-0.784	O2):36.451	
O1):-0.832	O2):43.144	
O1):-0.816	O2):38.99	
O1):-0.779	O2):33.334	
O1):-0.835	O2):44.855	
O1):-0.8	O2):37.377	
O1):-0.749	O2):32.697	
O1):-0.728	O2):29.298	
O1):-0.756	O2):32.983	
O1):-0.784	O2):33.695	
O1):-0.756	O2):31.62	
O1):-0.772	O2):32.56	
O1):-0.643	O2):26.472	
O1):-0.751	O2):33.099	
Evaluations:	1400
O1):-0.816	O2):37.864	
O1):-0.762	O2):32.143	
O1):-0.786	O2):33.969	
O1):-0.675	O2):26.738	
O1):-0.798	O2):35.854	
O1):-0.813	O2):39.748	
O1):-0.709	O2):27.702	
O1):-0.753	O2):31.544	
O1):-0.778	O2):33.162	
O1):-0.784	O2):39.687	
O1):-0.766	O2):32.453	
O1):-0.801	O2):37.714	
O1):-0.8	O2):37.42	
O1):-0.756	O2):31.62	
O1):-0.816	O2):37.787	
O1):-0.801	O2):37.826	
O1):-0.717	O2):28.167	
O1):-0.841	O2):49.287	
O1):-0.742	O2):33.386	
O1):-0.765	O2):32.205	
O1):-0.779	O2):33.32	
O1):-0.834	O2):43.418	
O1):-0.777	O2):36.344	
O1):-0.784	O2):36.445	
O1):-0.822	O2):43.395	
O1):-0.747	O2):32.057	
O1):-0.717	O2):28.167	
O1):-0.766	O2):32.622	
O1):-0.71	O2):27.717	
O1):-0.77	O2):33.912	
O1):-0.718	O2):27.767	
O1):-0.733	O2):32.743	
O1):-0.674	O2):26.72	
O1):-0.811	O2):39.037	
O1):-0.788	O2):39.268	
O1):-0.808	O2):42.342	
O1):-0.69	O2):27.257	
O1):-0.729	O2):29.34	
O1):-0.703	O2):27.752	
O1):-0.673	O2):26.725	
O1):-0.786	O2):34.234	
O1):-0.757	O2):34.674	
O1):-0.824	O2):42.47	
O1):-0.786	O2):33.968	
Evaluations:	1500
O1):-0.784	O2):34.01	
O1):-0.824	O2):42.486	
O1):-0.814	O2):41.796	
O1):-0.804	O2):38.211	
O1):-0.776	O2):33.557	
O1):-0.723	O2):28.805	
O1):-0.775	O2):33.51	
O1):-0.8	O2):37.532	
O1):-0.792	O2):36.759	
O1):-0.825	O2):42.706	
O1):-0.803	O2):38.123	
O1):-0.774	O2):32.962	
O1):-0.779	O2):36.38	
O1):-0.79	O2):36.762	
O1):-0.794	O2):34.572	
O1):-0.707	O2):27.414	
O1):-0.814	O2):41.796	
O1):-0.725	O2):30.932	
O1):-0.673	O2):26.859	
O1):-0.801	O2):37.809	
O1):-0.671	O2):26.489	
O1):-0.842	O2):48.232	
Evaluations:	1500
O1):-0.775	O2):32.878	
Starting PrismExecutor worker 1 on port 11451
O1):-0.77	O2):34.356	
O1):-0.788	O2):34.754	
Connected worker 1 to port 11451
O1):-0.832	O2):43.144	
O1):-0.833	O2):44.085	
O1):-0.801	O2):37.676	
O1):-0.799	O2):37.303	
O1):-0.826	O2):43.503	
O1):-0.703	O2):27.996	
O1):-0.792	O2):35.319	
O1):-0.703	O2):27.752	
O1):-0.772	O2):32.56	
O1):-0.777	O2):33.742	
O1):-0.762	O2):32.606	
O1):-0.788	O2):34.754	
O1):-0.824	O2):43.269	
O1):-0.816	O2):45.148	
O1):-0.79	O2):36.757	
O1):-0.671	O2):26.53	
O1):-0.803	O2):38.567	
O1):-0.771	O2):32.95	
O1):-0.825	O2):42.504	
O1):-0.799	O2):37.324	
O1):-0.726	O2):30.962	
O1):-0.675	O2):26.802	
O1):-0.851	O2):49.988	
O1):-0.817	O2):37.908	
O1):-0.834	O2):43.818	
O1):-0.76	O2):33.144	
O1):-0.769	O2):32.581	
O1):-0.82	O2):42.709	
O1):-0.784	O2):34.034	
O1):-0.723	O2):28.756	
O1):-0.743	O2):31.122	
O1):-0.756	O2):31.381	
O1):-0.82	O2):40.717	
O1):-0.837	O2):44.583	
O1):-0.703	O2):27.801	
O1):-0.758	O2):33.725	
O1):-0.703	O2):27.249	
O1):-0.734	O2):31.458	
O1):-0.828	O2):43.324	
O1):-0.859	O2):53.207	
O1):-0.759	O2):31.465	
O1):-0.788	O2):34.412	
O1):-0.721	O2):28.586	
O1):-0.81	O2):38.774	
O1):-0.814	O2):39.73	
O1):-0.794	O2):38.367	
O1):-0.759	O2):31.465	
O1):-0.8	O2):37.377	
O1):-0.788	O2):36.97	
O1):-0.759	O2):31.465	
O1):-0.671	O2):26.524	
O1):-0.759	O2):31.465	
O1):-0.802	O2):43.71	
O1):-0.772	O2):32.56	
O1):-0.835	O2):44.857	
O1):-0.768	O2):32.582	
O1):-0.782	O2):33.869	
O1):-0.771	O2):32.614	
O1):-0.822	O2):39.209	
O1):-0.797	O2):34.671	
O1):-0.76	O2):32.176	
O1):-0.772	O2):33.508	
O1):-0.835	O2):44.855	
O1):-0.725	O2):28.901	
O1):-0.825	O2):42.504	
O1):-0.81	O2):38.774	
O1):-0.834	O2):43.418	
O1):-0.833	O2):43.28	
O1):-0.854	O2):54.068	
O1):-0.76	O2):31.66	
O1):-0.781	O2):33.875	
O1):-0.777	O2):33.757	
O1):-0.813	O2):39.393	
O1):-0.727	O2):31.048	
O1):-0.762	O2):32.207	
O1):-0.76	O2):33.61	
O1):-0.834	O2):43.418	
O1):-0.832	O2):43.144	
O1):-0.701	O2):27.201	
O1):-0.778	O2):33.233	
O1):-0.756	O2):31.62	
O1):-0.804	O2):39.494	
O1):-0.722	O2):29.011	
O1):-0.675	O2):26.738	
O1):-0.743	O2):33.086	
O1):-0.707	O2):28.147	
O1):-0.705	O2):28.163	
O1):-0.785	O2):33.933	
O1):-0.734	O2):28.649	
O1):-0.815	O2):39.886	
O1):-0.78	O2):33.279	
O1):-0.796	O2):36.976	
O1):-0.704	O2):28.269	
O1):-0.839	O2):49.005	
O1):-0.789	O2):33.959	
O1):-0.814	O2):37.933	
O1):-0.818	O2):43.519	
O1):-0.753	O2):31.544	
O1):-0.762	O2):32.147	
O1):-0.706	O2):27.63	
O1):-0.76	O2):31.875	
O1):-0.841	O2):49.287	
O1):-0.81	O2):38.772	
O1):-0.786	O2):33.933	
O1):-0.779	O2):38.885	
O1):-0.74	O2):29.397	
Starting PrismExecutor worker 1 on port 11431
O1):-0.833	O2):44.085	
Connected worker 1 to port 11431
O1):-0.831	O2):53.808	
O1):-0.761	O2):33.75	
Evaluations:	1700
O1):-0.808	O2):42.137	
O1):-0.778	O2):33.162	
O1):-0.764	O2):32.453	
O1):-0.692	O2):27.59	
O1):-0.83	O2):44.308	
O1):-0.816	O2):37.766	
O1):-0.764	O2):32.634	
O1):-0.823	O2):42.978	
O1):-0.741	O2):32.824	
O1):-0.85	O2):48.083	
O1):-0.791	O2):34.431	
O1):-0.694	O2):27.606	
O1):-0.689	O2):27.023	
O1):-0.828	O2):43.323	
O1):-0.723	O2):28.687	
O1):-0.834	O2):43.776	
O1):-0.756	O2):31.62	
O1):-0.817	O2):37.908	
O1):-0.653	O2):26.433	
O1):-0.795	O2):44.935	
O1):-0.842	O2):48.557	
O1):-0.703	O2):27.249	
O1):-0.727	O2):31.048	
O1):-0.743	O2):35.275	
O1):-0.796	O2):37.001	
O1):-0.836	O2):44.217	
O1):-0.775	O2):32.881	
O1):-0.784	O2):36.474	
O1):-0.724	O2):29.231	
O1):-0.778	O2):37.911	
O1):-0.749	O2):33.063	
O1):-0.816	O2):37.766	
O1):-0.76	O2):31.876	
O1):-0.76	O2):31.875	
O1):-0.748	O2):31.632	
O1):-0.793	O2):36.915	
O1):-0.828	O2):43.323	
O1):-0.703	O2):27.433	
O1):-0.671	O2):26.478	
O1):-0.723	O2):28.774	
O1):-0.768	O2):32.605	
O1):-0.784	O2):34.034	
O1):-0.759	O2):32.016	
O1):-0.757	O2):32.944	
O1):-0.813	O2):39.282	
O1):-0.745	O2):30.237	
O1):-0.8	O2):37.779	
O1):-0.795	O2):38.657	
O1):-0.813	O2):39.393	
O1):-0.8	O2):37.42	
O1):-0.778	O2):33.162	
O1):-0.819	O2):38.458	
O1):-0.819	O2):38.458	
O1):-0.7	O2):27.198	
O1):-0.753	O2):31.544	
O1):-0.802	O2):39.104	
O1):-0.704	O2):27.992	
O1):-0.705	O2):28.163	
O1):-0.703	O2):27.795	
O1):-0.764	O2):32.175	
O1):-0.73	O2):31.351	
O1):-0.82	O2):42.709	
O1):-0.825	O2):42.504	
O1):-0.776	O2):35.819	
O1):-0.825	O2):42.505	
O1):-0.784	O2):34.017	
O1):-0.746	O2):32.33	
O1):-0.85	O2):53.993	
O1):-0.808	O2):38.692	
O1):-0.676	O2):27.644	
O1):-0.772	O2):33.533	
O1):-0.773	O2):32.418	
O1):-0.718	O2):27.767	
O1):-0.8	O2):37.324	
O1):-0.859	O2):54.152	
O1):-0.776	O2):35.971	
O1):-0.722	O2):29.462	
O1):-0.759	O2):32.046	
O1):-0.816	O2):37.766	
O1):-0.818	O2):38.363	
O1):-0.753	O2):32.292	
O1):-0.832	O2):43.144	
O1):-0.753	O2):31.544	
O1):-0.777	O2):33.595	
O1):-0.836	O2):43.37	
O1):-0.788	O2):37.392	
O1):-0.758	O2):31.856	
O1):-0.841	O2):47.864	
O1):-0.757	O2):31.611	
O1):-0.7	O2):27.198	
O1):-0.768	O2):32.606	
O1):-0.784	O2):36.437	
O1):-0.787	O2):39.347	
O1):-0.784	O2):34.034	
Starting PrismExecutor worker 0 on port 11490
O1):-0.764	O2):32.453	
Connected worker 0 to port 11490
O1):-0.702	O2):27.212	
O1):-0.768	O2):32.845	
O1):-0.703	O2):27.795	
O1):-0.761	O2):32.141	
O1):-0.723	O2):28.796	
O1):-0.833	O2):44.085	
O1):-0.725	O2):30.734	
O1):-0.748	O2):31.802	
O1):-0.738	O2):31.769	
O1):-0.825	O2):42.504	
O1):-0.759	O2):31.62	
O1):-0.671	O2):26.524	
O1):-0.704	O2):27.202	
Evaluations:	1500
O1):-0.756	O2):31.62	
O1):-0.814	O2):39.735	
O1):-0.827	O2):43.506	
O1):-0.724	O2):29.435	
O1):-0.791	O2):34.431	
O1):-0.671	O2):26.531	
O1):-0.771	O2):33.043	
O1):-0.833	O2):43.437	
O1):-0.71	O2):27.664	
O1):-0.779	O2):33.081	
O1):-0.796	O2):36.976	
O1):-0.797	O2):37.677	
O1):-0.795	O2):36.608	
O1):-0.757	O2):31.613	
O1):-0.853	O2):49.172	
O1):-0.763	O2):34.359	
O1):-0.763	O2):34.101	
O1):-0.762	O2):32.249	
O1):-0.786	O2):34.047	
O1):-0.78	O2):46.061	
O1):-0.77	O2):33.694	
O1):-0.783	O2):33.942	
O1):-0.837	O2):44.583	
O1):-0.77	O2):32.75	
O1):-0.814	O2):40.425	
O1):-0.785	O2):38.225	
O1):-0.743	O2):31.122	
O1):-0.809	O2):41.947	
O1):-0.818	O2):38.363	
O1):-0.724	O2):29.077	
O1):-0.775	O2):32.903	
Evaluations:	1400
O1):-0.744	O2):30.33	
O1):-0.825	O2):42.504	
O1):-0.717	O2):31.898	
O1):-0.752	O2):38.304	
O1):-0.779	O2):33.081	
O1):-0.779	O2):33.242	
O1):-0.761	O2):32.2	
O1):-0.855	O2):54.571	
O1):-0.78	O2):34.376	
O1):-0.842	O2):49.407	
O1):-0.671	O2):26.524	
O1):-0.805	O2):38.332	
O1):-0.776	O2):35.874	
O1):-0.774	O2):32.749	
O1):-0.795	O2):36.824	
O1):-0.727	O2):31.048	
O1):-0.785	O2):34.709	
O1):-0.763	O2):34.044	
O1):-0.769	O2):32.581	
O1):-0.788	O2):34.402	
O1):-0.853	O2):49.189	
O1):-0.674	O2):27.221	
O1):-0.76	O2):32.176	
O1):-0.675	O2):27.279	
O1):-0.821	O2):42.892	
O1):-0.732	O2):31.422	
O1):-0.822	O2):43.395	
O1):-0.82	O2):42.709	
O1):-0.781	O2):33.875	
O1):-0.843	O2):49.418	
O1):-0.673	O2):26.725	
O1):-0.756	O2):31.381	
O1):-0.777	O2):32.814	
O1):-0.784	O2):34.449	
O1):-0.702	O2):27.599	
O1):-0.71	O2):27.717	
O1):-0.801	O2):37.342	
O1):-0.834	O2):47.528	
O1):-0.76	O2):32.176	
O1):-0.697	O2):26.873	
O1):-0.859	O2):54.279	
O1):-0.811	O2):42.344	
O1):-0.721	O2):29.037	
O1):-0.764	O2):32.214	
O1):-0.774	O2):32.829	
O1):-0.82	O2):43.263	
Starting PrismExecutor worker 4 on port 11474
O1):-0.834	O2):44.931	
O1):-0.784	O2):34.45	
O1):-0.767	O2):32.88	
Connected worker 4 to port 11474
O1):-0.819	O2):47.014	
O1):-0.791	O2):34.309	
O1):-0.778	O2):33.162	
O1):-0.771	O2):32.614	
O1):-0.791	O2):34.431	
O1):-0.71	O2):27.663	
O1):-0.834	O2):43.418	
O1):-0.745	O2):30.237	
O1):-0.843	O2):49.56	
O1):-0.704	O2):27.202	
O1):-0.76	O2):33.601	
O1):-0.71	O2):27.695	
O1):-0.787	O2):34.416	
O1):-0.756	O2):31.381	
O1):-0.779	O2):33.248	
O1):-0.772	O2):32.41	
O1):-0.725	O2):28.901	
O1):-0.715	O2):30.675	
O1):-0.784	O2):33.974	
O1):-0.724	O2):29.435	
O1):-0.761	O2):32.428	
O1):-0.767	O2):35.541	
O1):-0.764	O2):32.182	
O1):-0.776	O2):32.946	
O1):-0.795	O2):36.824	
O1):-0.8	O2):37.377	
O1):-0.834	O2):43.418	
O1):-0.815	O2):37.86	
O1):-0.853	O2):49.189	
O1):-0.779	O2):33.081	
O1):-0.767	O2):33.12	
O1):-0.732	O2):31.247	
O1):-0.825	O2):42.504	
O1):-0.759	O2):31.621	
O1):-0.814	O2):41.796	
O1):-0.801	O2):38.559	
O1):-0.723	O2):28.774	
O1):-0.773	O2):32.412	
O1):-0.825	O2):42.504	
O1):-0.7	O2):27.198	
O1):-0.723	O2):31.771	
O1):-0.82	O2):42.709	
O1):-0.803	O2):37.788	
O1):-0.671	O2):26.478	
O1):-0.795	O2):34.137	
O1):-0.707	O2):28.147	
O1):-0.746	O2):31.362	
O1):-0.836	O2):43.37	
O1):-0.779	O2):33.402	
O1):-0.82	O2):42.709	
O1):-0.783	O2):37.259	
O1):-0.798	O2):34.835	
O1):-0.756	O2):31.62	
O1):-0.757	O2):31.765	
O1):-0.758	O2):33.448	
O1):-0.706	O2):27.981	
O1):-0.762	O2):32.143	
O1):-0.751	O2):35.915	
O1):-0.671	O2):26.524	
O1):-0.745	O2):30.236	
O1):-0.835	O2):43.819	
O1):-0.733	O2):32.142	
O1):-0.787	O2):34.059	
O1):-0.787	O2):34.052	
O1):-0.76	O2):32.168	
O1):-0.74	O2):29.384	
O1):-0.801	O2):37.809	
O1):-0.784	O2):38.431	
O1):-0.832	O2):43.145	
O1):-0.8	O2):37.42	
O1):-0.737	O2):31.478	
O1):-0.786	O2):34.772	
O1):-0.825	O2):42.505	
O1):-0.845	O2):49.481	
O1):-0.786	O2):33.648	
O1):-0.851	O2):48.606	
O1):-0.817	O2):37.908	
O1):-0.721	O2):28.583	
O1):-0.841	O2):49.287	
O1):-0.837	O2):44.278	
O1):-0.825	O2):42.504	
O1):-0.835	O2):43.821	
O1):-0.723	O2):28.901	
O1):-0.834	O2):43.421	
O1):-0.827	O2):43.068	
O1):-0.779	O2):36.38	
O1):-0.737	O2):31.478	
O1):-0.672	O2):26.515	
O1):-0.833	O2):43.28	
O1):-0.753	O2):31.544	
O1):-0.758	O2):31.336	
O1):-0.763	O2):32.196	
O1):-0.756	O2):31.62	
O1):-0.816	O2):47.221	
O1):-0.722	O2):28.762	
O1):-0.794	O2):34.572	
O1):-0.703	O2):27.255	
O1):-0.744	O2):30.331	
O1):-0.753	O2):31.544	
O1):-0.776	O2):32.875	
O1):-0.824	O2):46.853	
O1):-0.724	O2):28.791	
Starting PrismExecutor worker 2 on port 11432
Connected worker 2 to port 11432
O1):-0.816	O2):37.869	
O1):-0.784	O2):34.45	
O1):-0.779	O2):33.199	
O1):-0.786	O2):34.442	
O1):-0.76	O2):32.176	
O1):-0.775	O2):33.052	
O1):-0.742	O2):29.279	
O1):-0.761	O2):33.856	
O1):-0.785	O2):34.516	
O1):-0.756	O2):33.231	
O1):-0.671	O2):26.524	
O1):-0.675	O2):26.738	
O1):-0.721	O2):28.981	
O1):-0.678	O2):27.173	
O1):-0.776	O2):35.819	
O1):-0.825	O2):42.504	
O1):-0.825	O2):42.504	
O1):-0.725	O2):30.734	
O1):-0.784	O2):36.48	
O1):-0.825	O2):42.504	
O1):-0.765	O2):32.473	
O1):-0.671	O2):26.524	
O1):-0.785	O2):33.933	
O1):-0.781	O2):33.834	
O1):-0.671	O2):26.489	
O1):-0.8	O2):37.42	
O1):-0.797	O2):38.496	
O1):-0.834	O2):43.418	
O1):-0.799	O2):37.922	
O1):-0.809	O2):42.072	
O1):-0.725	O2):30.734	
O1):-0.761	O2):31.875	
O1):-0.842	O2):49.407	
O1):-0.809	O2):39.012	
O1):-0.707	O2):27.414	
O1):-0.716	O2):27.878	
O1):-0.853	O2):49.172	
O1):-0.818	O2):38.371	
O1):-0.723	O2):28.774	
O1):-0.702	O2):27.599	
O1):-0.763	O2):34.089	
O1):-0.757	O2):31.613	
O1):-0.8	O2):37.724	
O1):-0.764	O2):32.182	
O1):-0.806	O2):38.258	
O1):-0.816	O2):38.99	
O1):-0.82	O2):42.709	
O1):-0.763	O2):32.282	
O1):-0.759	O2):34.668	
O1):-0.767	O2):35.32	
O1):-0.675	O2):26.802	
O1):-0.698	O2):27.082	
O1):-0.797	O2):37.153	
O1):-0.833	O2):44.086	
O1):-0.801	O2):37.688	
O1):-0.709	O2):27.702	
O1):-0.704	O2):27.202	
O1):-0.791	O2):34.431	
O1):-0.748	O2):31.326	
O1):-0.751	O2):32.684	
O1):-0.747	O2):32.338	
O1):-0.725	O2):30.931	
O1):-0.833	O2):43.644	
O1):-0.697	O2):26.873	
O1):-0.825	O2):42.496	
O1):-0.845	O2):49.994	
O1):-0.825	O2):42.504	
O1):-0.815	O2):37.878	
O1):-0.714	O2):27.387	
O1):-0.814	O2):37.933	
O1):-0.737	O2):31.478	
O1):-0.825	O2):42.504	
O1):-0.762	O2):32.249	
O1):-0.747	O2):32.205	
O1):-0.797	O2):37.153	
O1):-0.764	O2):32.469	
O1):-0.835	O2):48.19	
O1):-0.751	O2):32.834	
O1):-0.772	O2):32.56	
O1):-0.833	O2):43.28	
O1):-0.833	O2):44.085	
O1):-0.724	O2):28.904	
O1):-0.817	O2):39.834	
O1):-0.671	O2):26.524	
O1):-0.723	O2):28.774	
O1):-0.786	O2):34.234	
O1):-0.811	O2):39.028	
O1):-0.832	O2):43.144	
O1):-0.808	O2):38.696	
O1):-0.845	O2):50.0	
O1):-0.739	O2):32.732	
O1):-0.833	O2):43.435	
O1):-0.858	O2):53.881	
O1):-0.787	O2):34.931	
O1):-0.76	O2):32.176	
O1):-0.803	O2):37.766	
O1):-0.762	O2):32.147	
O1):-0.795	O2):34.137	
O1):-0.784	O2):36.437	
O1):-0.753	O2):32.892	
O1):-0.761	O2):31.875	
O1):-0.775	O2):33.048	
O1):-0.82	O2):40.717	
O1):-0.819	O2):38.736	
O1):-0.786	O2):34.047	
O1):-0.777	O2):37.138	
Starting PrismExecutor worker 3 on port 11493
O1):-0.643	O2):26.479	
O1):-0.739	O2):29.389	
Connected worker 3 to port 11493
O1):-0.798	O2):37.053	
O1):-0.797	O2):35.741	
O1):-0.736	O2):32.62	
O1):-0.76	O2):31.875	
O1):-0.71	O2):27.717	
O1):-0.721	O2):28.583	
O1):-0.759	O2):32.077	
O1):-0.786	O2):34.091	
O1):-0.749	O2):32.738	
O1):-0.862	O2):54.149	
O1):-0.803	O2):43.746	
O1):-0.776	O2):40.054	
O1):-0.773	O2):32.418	
O1):-0.82	O2):40.717	
O1):-0.787	O2):37.313	
O1):-0.798	O2):34.835	
O1):-0.675	O2):26.802	
Evaluations:	1600
O1):-0.834	O2):43.418	
O1):-0.814	O2):40.597	
O1):-0.775	O2):33.053	
O1):-0.786	O2):34.091	
O1):-0.746	O2):31.214	
O1):-0.704	O2):27.812	
O1):-0.843	O2):53.62	
O1):-0.759	O2):31.62	
O1):-0.761	O2):32.213	
O1):-0.808	O2):38.678	
O1):-0.79	O2):36.755	
O1):-0.845	O2):50.0	
O1):-0.805	O2):38.957	
O1):-0.702	O2):27.599	
O1):-0.692	O2):27.589	
O1):-0.818	O2):38.363	
O1):-0.862	O2):54.149	
O1):-0.705	O2):28.163	
O1):-0.792	O2):37.86	
O1):-0.721	O2):28.971	
O1):-0.704	O2):27.202	
O1):-0.776	O2):35.532	
O1):-0.76	O2):32.262	
O1):-0.694	O2):27.278	
O1):-0.795	O2):37.3	
O1):-0.834	O2):43.418	
O1):-0.837	O2):57.983	
O1):-0.743	O2):31.121	
O1):-0.78	O2):39.072	
O1):-0.752	O2):32.719	
O1):-0.703	O2):27.996	
O1):-0.765	O2):32.473	
O1):-0.782	O2):33.839	
O1):-0.815	O2):38.989	
O1):-0.74	O2):32.095	
O1):-0.828	O2):43.323	
O1):-0.807	O2):38.542	
O1):-0.795	O2):36.824	
O1):-0.842	O2):49.407	
O1):-0.772	O2):32.393	
O1):-0.703	O2):27.801	
O1):-0.74	O2):29.397	
O1):-0.833	O2):43.644	
O1):-0.7	O2):27.188	
O1):-0.85	O2):48.291	
O1):-0.779	O2):33.334	
O1):-0.862	O2):54.149	
O1):-0.8	O2):37.532	
O1):-0.8	O2):37.324	
O1):-0.833	O2):43.69	
O1):-0.851	O2):48.605	
O1):-0.8	O2):35.519	
O1):-0.824	O2):42.486	
O1):-0.8	O2):35.519	
O1):-0.71	O2):27.717	
O1):-0.737	O2):31.478	
O1):-0.782	O2):33.869	
O1):-0.775	O2):36.763	
O1):-0.76	O2):31.875	
O1):-0.841	O2):47.864	
O1):-0.78	O2):33.279	
O1):-0.825	O2):42.517	
O1):-0.788	O2):34.756	
O1):-0.835	O2):44.082	
O1):-0.817	O2):37.908	
O1):-0.77	O2):33.912	
O1):-0.768	O2):32.851	
O1):-0.845	O2):50.002	
O1):-0.826	O2):43.332	
O1):-0.792	O2):34.848	
O1):-0.784	O2):37.783	
O1):-0.727	O2):29.042	
O1):-0.837	O2):44.278	
O1):-0.786	O2):33.93	
O1):-0.842	O2):48.609	
O1):-0.825	O2):45.062	
O1):-0.803	O2):37.863	
O1):-0.675	O2):26.738	
O1):-0.789	O2):34.932	
O1):-0.674	O2):26.72	
Starting PrismExecutor worker 1 on port 11491
Connected worker 1 to port 11491
O1):-0.832	O2):43.144	
O1):-0.693	O2):28.112	
O1):-0.754	O2):31.594	
O1):-0.804	O2):38.342	
O1):-0.8	O2):37.438	
O1):-0.707	O2):30.816	
O1):-0.808	O2):38.68	
O1):-0.808	O2):38.692	
O1):-0.798	O2):37.835	
O1):-0.773	O2):37.032	
O1):-0.758	O2):31.848	
O1):-0.824	O2):42.488	
O1):-0.834	O2):44.931	
O1):-0.746	O2):31.271	
O1):-0.816	O2):38.99	
O1):-0.767	O2):33.12	
O1):-0.725	O2):30.932	
O1):-0.671	O2):26.524	
O1):-0.758	O2):31.96	
O1):-0.795	O2):36.824	
O1):-0.764	O2):37.812	
O1):-0.671	O2):26.478	
O1):-0.842	O2):49.407	
O1):-0.826	O2):43.993	
O1):-0.816	O2):37.894	
O1):-0.825	O2):42.504	
O1):-0.753	O2):32.796	
O1):-0.795	O2):37.121	
O1):-0.755	O2):31.499	
O1):-0.813	O2):39.393	
O1):-0.8	O2):37.377	
O1):-0.788	O2):34.754	
O1):-0.671	O2):26.524	
O1):-0.707	O2):28.147	
O1):-0.708	O2):27.654	
O1):-0.834	O2):43.418	
O1):-0.788	O2):34.754	
O1):-0.76	O2):32.168	
O1):-0.834	O2):47.528	
O1):-0.76	O2):33.562	
O1):-0.767	O2):32.628	
O1):-0.834	O2):43.418	
O1):-0.731	O2):31.455	
O1):-0.776	O2):36.752	
O1):-0.779	O2):33.32	
O1):-0.859	O2):53.205	
O1):-0.82	O2):38.845	
O1):-0.838	O2):48.455	
O1):-0.714	O2):30.697	
O1):-0.743	O2):35.385	
O1):-0.834	O2):43.418	
O1):-0.756	O2):31.65	
O1):-0.725	O2):30.932	
O1):-0.784	O2):38.616	
O1):-0.801	O2):37.71	
O1):-0.825	O2):42.504	
O1):-0.824	O2):48.468	
O1):-0.777	O2):33.467	
O1):-0.819	O2):39.902	
O1):-0.858	O2):53.881	
O1):-0.697	O2):26.874	
O1):-0.8	O2):38.02	
O1):-0.822	O2):43.395	
O1):-0.762	O2):32.123	
O1):-0.788	O2):34.384	
O1):-0.76	O2):34.731	
O1):-0.675	O2):27.24	
O1):-0.797	O2):37.059	
O1):-0.762	O2):32.57	
O1):-0.832	O2):42.558	
O1):-0.725	O2):29.005	
O1):-0.713	O2):28.518	
O1):-0.702	O2):27.212	
O1):-0.808	O2):38.692	
O1):-0.795	O2):44.929	
O1):-0.671	O2):26.49	
O1):-0.802	O2):37.36	
O1):-0.775	O2):32.881	
O1):-0.855	O2):54.571	
O1):-0.815	O2):37.742	
O1):-0.736	O2):32.62	
O1):-0.842	O2):48.077	
O1):-0.833	O2):43.28	
O1):-0.809	O2):38.688	
O1):-0.834	O2):43.609	
O1):-0.813	O2):39.393	
O1):-0.741	O2):31.139	
O1):-0.775	O2):38.341	
O1):-0.859	O2):53.207	
O1):-0.813	O2):39.391	
O1):-0.843	O2):48.703	
O1):-0.794	O2):34.572	
O1):-0.798	O2):37.053	
O1):-0.832	O2):43.144	
O1):-0.757	O2):31.788	
O1):-0.854	O2):49.482	
O1):-0.745	O2):30.237	
O1):-0.834	O2):43.418	
O1):-0.832	O2):51.64	
O1):-0.723	O2):28.774	
O1):-0.814	O2):37.667	
O1):-0.784	O2):34.01	
O1):-0.69	O2):27.257	
O1):-0.771	O2):33.043	
O1):-0.76	O2):32.168	
O1):-0.796	O2):36.976	
O1):-0.708	O2):27.434	
O1):-0.801	O2):37.342	
O1):-0.833	O2):43.644	
O1):-0.82	O2):43.128	
O1):-0.745	O2):30.237	
O1):-0.78	O2):33.509	
O1):-0.764	O2):32.204	
O1):-0.778	O2):33.162	
O1):-0.803	O2):37.764	
O1):-0.795	O2):37.509	
O1):-0.813	O2):39.748	
Starting PrismExecutor worker 5 on port 11475
Connected worker 5 to port 11475
O1):-0.759	O2):33.545	
O1):-0.816	O2):37.766	
O1):-0.759	O2):32.016	
O1):-0.724	O2):28.909	
O1):-0.764	O2):32.141	
O1):-0.811	O2):39.028	
O1):-0.808	O2):38.678	
O1):-0.816	O2):38.463	
O1):-0.786	O2):34.091	
O1):-0.816	O2):37.766	
O1):-0.819	O2):38.667	
O1):-0.741	O2):31.065	
Evaluations:	1600
O1):-0.82	O2):42.709	
O1):-0.795	O2):36.824	
O1):-0.808	O2):38.678	
O1):-0.813	O2):39.748	
O1):-0.759	O2):31.465	
O1):-0.776	O2):33.017	
O1):-0.772	O2):32.56	
O1):-0.688	O2):31.127	
O1):-0.859	O2):54.278	
O1):-0.673	O2):26.859	
O1):-0.694	O2):27.616	
O1):-0.725	O2):29.403	
O1):-0.702	O2):27.212	
O1):-0.832	O2):43.144	
O1):-0.72	O2):29.371	
O1):-0.753	O2):31.544	
O1):-0.796	O2):36.558	
O1):-0.795	O2):38.17	
O1):-0.837	O2):57.989	
O1):-0.742	O2):33.54	
O1):-0.841	O2):47.864	
O1):-0.775	O2):33.052	
O1):-0.775	O2):32.881	
O1):-0.843	O2):49.418	
O1):-0.825	O2):42.517	
O1):-0.792	O2):35.317	
O1):-0.776	O2):33.15	
O1):-0.801	O2):37.437	
O1):-0.725	O2):30.737	
O1):-0.724	O2):28.944	
O1):-0.693	O2):27.295	
O1):-0.798	O2):37.053	
O1):-0.724	O2):28.873	
O1):-0.707	O2):28.147	
O1):-0.782	O2):33.871	
O1):-0.843	O2):49.418	
O1):-0.813	O2):39.393	
O1):-0.786	O2):34.091	
O1):-0.85	O2):48.291	
O1):-0.817	O2):37.908	
O1):-0.78	O2):33.279	
O1):-0.772	O2):33.522	
O1):-0.854	O2):58.578	
O1):-0.8	O2):38.432	
O1):-0.837	O2):44.139	
O1):-0.754	O2):31.594	
O1):-0.759	O2):32.035	
O1):-0.835	O2):44.084	
O1):-0.743	O2):35.385	
O1):-0.8	O2):37.377	
O1):-0.765	O2):32.713	
O1):-0.742	O2):33.541	
O1):-0.784	O2):34.449	
O1):-0.833	O2):43.28	
Evaluations:	1400
O1):-0.784	O2):38.614	
O1):-0.776	O2):32.852	
O1):-0.707	O2):28.147	
O1):-0.738	O2):31.217	
O1):-0.671	O2):26.524	
O1):-0.815	O2):37.859	
O1):-0.757	O2):31.613	
O1):-0.767	O2):32.62	
O1):-0.744	O2):30.39	
O1):-0.727	O2):31.021	
Evaluations:	1500
O1):-0.779	O2):34.063	
O1):-0.702	O2):28.64	
O1):-0.835	O2):44.082	
O1):-0.749	O2):31.819	
O1):-0.814	O2):41.796	
O1):-0.819	O2):38.735	
O1):-0.837	O2):44.583	
O1):-0.74	O2):29.397	
O1):-0.814	O2):41.796	
O1):-0.803	O2):37.764	
O1):-0.786	O2):33.933	
O1):-0.741	O2):31.195	
O1):-0.819	O2):38.458	
O1):-0.748	O2):31.632	
O1):-0.724	O2):28.813	
O1):-0.708	O2):28.246	
O1):-0.709	O2):27.702	
O1):-0.816	O2):37.781	
Starting PrismExecutor worker 3 on port 11433
Connected worker 3 to port 11433
O1):-0.747	O2):31.174	
O1):-0.842	O2):49.476	
O1):-0.76	O2):32.176	
O1):-0.776	O2):35.98	
O1):-0.776	O2):35.652	
O1):-0.788	O2):34.384	
O1):-0.703	O2):27.996	
O1):-0.746	O2):31.46	
O1):-0.837	O2):57.99	
O1):-0.798	O2):35.91	
O1):-0.825	O2):42.504	
O1):-0.781	O2):33.838	
O1):-0.671	O2):26.524	
O1):-0.787	O2):39.347	
O1):-0.722	O2):28.762	
O1):-0.85	O2):48.291	
O1):-0.724	O2):28.816	
O1):-0.82	O2):40.717	
O1):-0.782	O2):33.762	
O1):-0.798	O2):37.154	
O1):-0.859	O2):53.207	
O1):-0.78	O2):33.513	
O1):-0.789	O2):34.932	
O1):-0.811	O2):39.028	
O1):-0.758	O2):33.718	
O1):-0.717	O2):31.821	
O1):-0.833	O2):43.28	
O1):-0.777	O2):36.683	
O1):-0.813	O2):39.474	
O1):-0.765	O2):32.473	
O1):-0.778	O2):33.162	
O1):-0.826	O2):43.456	
O1):-0.843	O2):49.418	
O1):-0.778	O2):37.112	
O1):-0.779	O2):38.742	
O1):-0.777	O2):32.821	
O1):-0.769	O2):32.581	
O1):-0.792	O2):35.317	
O1):-0.71	O2):27.696	
O1):-0.8	O2):37.324	
O1):-0.721	O2):28.593	
O1):-0.806	O2):38.17	
O1):-0.76	O2):34.731	
O1):-0.816	O2):37.78	
O1):-0.675	O2):26.802	
O1):-0.793	O2):44.358	
O1):-0.703	O2):27.249	
O1):-0.859	O2):54.152	
O1):-0.74	O2):29.397	
O1):-0.783	O2):33.674	
O1):-0.836	O2):43.43	
O1):-0.785	O2):33.98	
O1):-0.671	O2):26.53	
O1):-0.813	O2):39.597	
O1):-0.786	O2):34.234	
O1):-0.771	O2):32.811	
O1):-0.671	O2):26.53	
O1):-0.79	O2):34.335	
O1):-0.806	O2):42.974	
O1):-0.777	O2):39.465	
O1):-0.804	O2):37.998	
O1):-0.759	O2):32.016	
O1):-0.741	O2):31.144	
O1):-0.789	O2):44.732	
O1):-0.768	O2):33.115	
O1):-0.8	O2):37.377	
O1):-0.733	O2):31.653	
O1):-0.671	O2):26.478	
O1):-0.765	O2):32.473	
O1):-0.76	O2):32.261	
O1):-0.765	O2):32.205	
O1):-0.803	O2):37.863	
O1):-0.692	O2):27.589	
O1):-0.799	O2):37.324	
O1):-0.85	O2):53.993	
O1):-0.855	O2):54.571	
O1):-0.761	O2):32.627	
O1):-0.81	O2):38.774	
O1):-0.843	O2):53.62	
O1):-0.818	O2):43.282	
O1):-0.832	O2):43.144	
O1):-0.8	O2):37.438	
O1):-0.767	O2):33.131	
O1):-0.813	O2):39.748	
O1):-0.782	O2):33.762	
O1):-0.76	O2):32.329	
O1):-0.765	O2):34.53	
O1):-0.76	O2):32.263	
O1):-0.704	O2):27.202	
O1):-0.734	O2):28.649	
O1):-0.776	O2):36.004	
O1):-0.762	O2):32.143	
O1):-0.751	O2):32.584	
O1):-0.778	O2):33.162	
O1):-0.832	O2):43.144	
O1):-0.76	O2):31.733	
O1):-0.674	O2):27.221	
O1):-0.765	O2):32.205	
O1):-0.77	O2):33.414	
O1):-0.773	O2):33.404	
O1):-0.76	O2):31.875	
O1):-0.718	O2):27.737	
O1):-0.816	O2):37.766	
O1):-0.8	O2):37.532	
O1):-0.794	O2):41.785	
O1):-0.758	O2):31.336	
O1):-0.784	O2):33.662	
O1):-0.82	O2):38.84	
O1):-0.818	O2):38.37	
O1):-0.779	O2):33.199	
O1):-0.786	O2):34.234	
O1):-0.761	O2):31.875	
O1):-0.753	O2):31.544	
Starting PrismExecutor worker 0 on port 11430
O1):-0.721	O2):28.583	
Connected worker 0 to port 11430
O1):-0.739	O2):30.913	
O1):-0.76	O2):32.329	
O1):-0.793	O2):38.499	
O1):-0.797	O2):34.671	
O1):-0.762	O2):32.189	
O1):-0.753	O2):31.544	
O1):-0.794	O2):34.579	
O1):-0.742	O2):34.947	
O1):-0.818	O2):42.545	
O1):-0.751	O2):31.764	
O1):-0.768	O2):32.606	
O1):-0.844	O2):49.129	
O1):-0.854	O2):49.482	
O1):-0.815	O2):37.859	
O1):-0.834	O2):43.418	
O1):-0.783	O2):37.53	
O1):-0.76	O2):32.168	
O1):-0.81	O2):39.482	
O1):-0.719	O2):29.011	
O1):-0.823	O2):43.134	
O1):-0.834	O2):44.931	
O1):-0.816	O2):38.02	
O1):-0.737	O2):31.478	
O1):-0.836	O2):43.37	
O1):-0.759	O2):32.046	
O1):-0.824	O2):43.269	
O1):-0.832	O2):43.144	
O1):-0.78	O2):34.302	
O1):-0.8	O2):37.377	
O1):-0.767	O2):33.148	
O1):-0.828	O2):43.323	
O1):-0.76	O2):31.66	
O1):-0.746	O2):31.505	
O1):-0.777	O2):38.172	
O1):-0.745	O2):33.151	
O1):-0.858	O2):53.881	
O1):-0.833	O2):43.437	
O1):-0.721	O2):28.583	
O1):-0.814	O2):37.915	
O1):-0.705	O2):27.433	
O1):-0.833	O2):43.693	
O1):-0.702	O2):27.096	
O1):-0.705	O2):27.464	
O1):-0.674	O2):26.742	
O1):-0.76	O2):32.268	
O1):-0.837	O2):44.278	
O1):-0.724	O2):28.813	
O1):-0.717	O2):28.167	
O1):-0.813	O2):39.748	
O1):-0.786	O2):37.732	
O1):-0.671	O2):26.53	
O1):-0.8	O2):37.377	
O1):-0.816	O2):37.894	
O1):-0.8	O2):37.532	
O1):-0.718	O2):27.737	
O1):-0.708	O2):27.654	
O1):-0.795	O2):34.137	
O1):-0.703	O2):28.002	
O1):-0.761	O2):31.875	
Evaluations:	1500
O1):-0.76	O2):32.329	
O1):-0.719	O2):29.326	
O1):-0.697	O2):26.873	
O1):-0.675	O2):26.738	
O1):-0.697	O2):26.873	
O1):-0.839	O2):49.317	
O1):-0.82	O2):42.709	
Evaluations:	1600
O1):-0.832	O2):43.144	
O1):-0.714	O2):30.868	
Evaluations:	1600
O1):-0.747	O2):32.338	
O1):-0.794	O2):34.572	
O1):-0.72	O2):29.369	
O1):-0.785	O2):34.711	
O1):-0.703	O2):27.795	
O1):-0.833	O2):42.512	
O1):-0.763	O2):32.196	
O1):-0.758	O2):31.96	
O1):-0.834	O2):43.641	
O1):-0.765	O2):32.219	
Evaluations:	1800
O1):-0.801	O2):37.437	
O1):-0.833	O2):43.28	
O1):-0.78	O2):33.554	
O1):-0.797	O2):34.702	
O1):-0.706	O2):28.168	
O1):-0.799	O2):37.922	
O1):-0.752	O2):32.7	
O1):-0.792	O2):37.86	
O1):-0.776	O2):32.956	
O1):-0.675	O2):26.739	
O1):-0.832	O2):43.144	
O1):-0.83	O2):53.633	
O1):-0.811	O2):39.028	
O1):-0.817	O2):37.908	
O1):-0.756	O2):31.62	
Starting PrismExecutor worker 4 on port 11454
O1):-0.753	O2):31.544	
Connected worker 4 to port 11454
O1):-0.717	O2):28.167	
O1):-0.85	O2):53.993	
O1):-0.722	O2):28.762	
O1):-0.753	O2):31.544	
O1):-0.836	O2):44.386	
O1):-0.73	O2):31.351	
O1):-0.785	O2):38.797	
O1):-0.788	O2):36.799	
O1):-0.809	O2):38.688	
O1):-0.772	O2):33.508	
O1):-0.823	O2):43.134	
O1):-0.809	O2):38.46	
O1):-0.761	O2):31.875	
O1):-0.708	O2):27.653	
O1):-0.762	O2):32.249	
O1):-0.834	O2):43.665	
O1):-0.761	O2):32.428	
O1):-0.741	O2):31.166	
O1):-0.816	O2):38.966	
O1):-0.714	O2):30.663	
O1):-0.851	O2):48.59	
O1):-0.761	O2):31.875	
O1):-0.772	O2):33.525	
O1):-0.815	O2):39.868	
O1):-0.741	O2):31.139	
O1):-0.836	O2):44.003	
O1):-0.703	O2):27.795	
O1):-0.855	O2):54.571	
O1):-0.834	O2):43.418	
O1):-0.807	O2):38.495	
O1):-0.715	O2):30.675	
O1):-0.788	O2):34.402	
O1):-0.816	O2):39.004	
O1):-0.819	O2):38.667	
O1):-0.783	O2):33.833	
O1):-0.746	O2):31.479	
O1):-0.832	O2):43.144	
O1):-0.8	O2):37.53	
O1):-0.697	O2):26.873	
O1):-0.786	O2):33.648	
O1):-0.792	O2):37.86	
O1):-0.808	O2):38.722	
O1):-0.819	O2):38.667	
O1):-0.817	O2):42.019	
O1):-0.703	O2):27.795	
O1):-0.718	O2):27.737	
O1):-0.734	O2):31.452	
O1):-0.773	O2):38.854	
O1):-0.776	O2):35.972	
O1):-0.707	O2):27.415	
O1):-0.741	O2):31.066	
O1):-0.701	O2):27.201	
O1):-0.776	O2):35.972	
O1):-0.798	O2):35.854	
O1):-0.785	O2):38.796	
O1):-0.749	O2):31.819	
O1):-0.822	O2):39.209	
O1):-0.777	O2):33.595	
O1):-0.671	O2):26.524	
O1):-0.76	O2):31.875	
O1):-0.855	O2):54.571	
O1):-0.76	O2):32.176	
O1):-0.724	O2):28.904	
O1):-0.714	O2):30.868	
O1):-0.743	O2):32.782	
O1):-0.806	O2):38.279	
O1):-0.815	O2):39.868	
O1):-0.781	O2):40.001	
O1):-0.85	O2):48.291	
O1):-0.811	O2):39.304	
O1):-0.671	O2):26.478	
O1):-0.815	O2):37.825	
O1):-0.81	O2):39.483	
O1):-0.786	O2):34.442	
O1):-0.759	O2):31.664	
O1):-0.766	O2):32.492	
O1):-0.703	O2):27.752	
O1):-0.753	O2):32.829	
O1):-0.791	O2):34.431	
O1):-0.825	O2):42.504	
O1):-0.701	O2):26.9	
O1):-0.828	O2):43.323	
O1):-0.702	O2):27.599	
O1):-0.815	O2):39.868	
O1):-0.825	O2):43.431	
O1):-0.772	O2):33.508	
O1):-0.842	O2):47.183	
O1):-0.774	O2):32.966	
O1):-0.842	O2):49.407	
O1):-0.781	O2):33.812	
O1):-0.796	O2):36.561	
O1):-0.853	O2):49.172	
O1):-0.725	O2):30.734	
O1):-0.821	O2):39.129	
O1):-0.805	O2):38.572	
O1):-0.766	O2):34.269	
O1):-0.684	O2):30.635	
O1):-0.671	O2):26.524	
O1):-0.777	O2):33.055	
O1):-0.8	O2):37.377	
O1):-0.798	O2):34.835	
O1):-0.741	O2):31.18	
O1):-0.66	O2):26.68	
O1):-0.816	O2):38.99	
O1):-0.809	O2):38.675	
O1):-0.777	O2):36.191	
O1):-0.781	O2):33.834	
O1):-0.858	O2):53.881	
Starting PrismExecutor worker 5 on port 11455
O1):-0.774	O2):32.824	
Connected worker 5 to port 11455
O1):-0.799	O2):37.303	
O1):-0.816	O2):37.893	
O1):-0.752	O2):31.851	
O1):-0.841	O2):48.057	
O1):-0.692	O2):27.589	
O1):-0.789	O2):34.685	
O1):-0.757	O2):33.131	
O1):-0.816	O2):37.893	
O1):-0.703	O2):27.249	
O1):-0.723	O2):28.245	
O1):-0.765	O2):34.53	
O1):-0.703	O2):27.249	
O1):-0.762	O2):32.449	
O1):-0.801	O2):37.71	
O1):-0.794	O2):38.409	
O1):-0.803	O2):43.746	
O1):-0.801	O2):38.565	
O1):-0.751	O2):32.661	
O1):-0.837	O2):44.295	
O1):-0.759	O2):31.62	
O1):-0.834	O2):43.418	
O1):-0.724	O2):28.718	
O1):-0.756	O2):33.231	
O1):-0.801	O2):37.816	
O1):-0.671	O2):26.524	
O1):-0.835	O2):48.194	
O1):-0.722	O2):28.771	
O1):-0.758	O2):31.948	
O1):-0.834	O2):47.528	
O1):-0.756	O2):33.177	
O1):-0.818	O2):40.529	
O1):-0.789	O2):33.95	
O1):-0.841	O2):47.864	
O1):-0.784	O2):36.445	
O1):-0.754	O2):31.594	
O1):-0.73	O2):31.351	
O1):-0.775	O2):33.51	
O1):-0.818	O2):42.546	
O1):-0.786	O2):33.928	
O1):-0.833	O2):43.647	
O1):-0.791	O2):34.437	
O1):-0.735	O2):31.676	
O1):-0.767	O2):32.569	
O1):-0.781	O2):33.763	
O1):-0.832	O2):43.052	
O1):-0.767	O2):32.759	
O1):-0.85	O2):49.919	
O1):-0.836	O2):44.216	
O1):-0.777	O2):33.3	
O1):-0.759	O2):32.016	
O1):-0.764	O2):32.173	
O1):-0.701	O2):27.201	
O1):-0.706	O2):34.97	
O1):-0.818	O2):40.367	
O1):-0.833	O2):43.28	
O1):-0.763	O2):32.133	
Evaluations:	1600
O1):-0.837	O2):44.583	
O1):-0.704	O2):27.992	
O1):-0.841	O2):48.276	
O1):-0.703	O2):28.02	
O1):-0.76	O2):31.875	
O1):-0.811	O2):41.365	
O1):-0.778	O2):33.618	
O1):-0.819	O2):38.457	
O1):-0.797	O2):35.612	
O1):-0.76	O2):32.176	
O1):-0.792	O2):34.835	
O1):-0.705	O2):28.158	
O1):-0.791	O2):36.886	
O1):-0.814	O2):41.801	
O1):-0.834	O2):43.418	
O1):-0.717	O2):28.167	
O1):-0.809	O2):38.646	
O1):-0.789	O2):34.477	
O1):-0.834	O2):43.649	
O1):-0.743	O2):30.113	
O1):-0.675	O2):26.802	
O1):-0.756	O2):33.108	
O1):-0.722	O2):28.762	
O1):-0.835	O2):44.083	
O1):-0.768	O2):33.589	
O1):-0.816	O2):37.869	
O1):-0.815	O2):37.878	
O1):-0.723	O2):28.774	
O1):-0.717	O2):28.167	
O1):-0.82	O2):42.709	
O1):-0.815	O2):37.825	
O1):-0.832	O2):43.036	
O1):-0.727	O2):31.019	
O1):-0.834	O2):43.418	
O1):-0.78	O2):33.279	
O1):-0.787	O2):34.931	
O1):-0.762	O2):32.527	
O1):-0.725	O2):28.925	
O1):-0.834	O2):48.44	
O1):-0.759	O2):32.016	
O1):-0.756	O2):31.381	
O1):-0.671	O2):26.524	
O1):-0.671	O2):26.524	
O1):-0.798	O2):37.053	
O1):-0.719	O2):28.163	
O1):-0.708	O2):27.443	
O1):-0.673	O2):26.859	
O1):-0.671	O2):26.524	
O1):-0.834	O2):43.418	
O1):-0.801	O2):37.563	
Starting PrismExecutor worker 2 on port 11482
Starting PrismExecutor worker 2 on port 11492
O1):-0.702	O2):27.599	
Connected worker 2 to port 11482
Connected worker 2 to port 11492
O1):-0.817	O2):37.908	
O1):-0.727	O2):28.733	
O1):-0.8	O2):37.42	
O1):-0.718	O2):27.767	
O1):-0.76	O2):32.336	
O1):-0.792	O2):40.289	
O1):-0.765	O2):32.198	
O1):-0.777	O2):39.466	
O1):-0.822	O2):43.869	
O1):-0.707	O2):28.147	
O1):-0.794	O2):34.572	
O1):-0.859	O2):53.205	
O1):-0.697	O2):26.829	
O1):-0.743	O2):31.57	
O1):-0.694	O2):27.606	
O1):-0.749	O2):31.819	
O1):-0.825	O2):42.504	
O1):-0.703	O2):27.801	
O1):-0.78	O2):33.509	
O1):-0.765	O2):34.532	
O1):-0.674	O2):26.72	
O1):-0.816	O2):38.99	
O1):-0.721	O2):28.585	
O1):-0.775	O2):32.881	
O1):-0.788	O2):37.391	
O1):-0.82	O2):38.84	
O1):-0.704	O2):27.202	
O1):-0.851	O2):48.605	
O1):-0.736	O2):31.662	
O1):-0.765	O2):32.205	
O1):-0.801	O2):37.807	
O1):-0.74	O2):29.397	
O1):-0.775	O2):33.51	
O1):-0.825	O2):42.504	
O1):-0.762	O2):32.207	
O1):-0.834	O2):43.418	
O1):-0.707	O2):27.459	
O1):-0.714	O2):30.565	
O1):-0.837	O2):57.983	
O1):-0.796	O2):36.915	
O1):-0.701	O2):26.908	
O1):-0.772	O2):32.56	
O1):-0.791	O2):36.886	
O1):-0.801	O2):45.484	
O1):-0.641	O2):26.468	
O1):-0.76	O2):32.329	
O1):-0.7	O2):27.188	
O1):-0.772	O2):33.508	
O1):-0.863	O2):54.296	
O1):-0.818	O2):38.238	
O1):-0.718	O2):27.737	
O1):-0.764	O2):32.173	
O1):-0.841	O2):48.465	
O1):-0.705	O2):27.51	
O1):-0.725	O2):28.853	
O1):-0.82	O2):43.652	
O1):-0.758	O2):31.336	
O1):-0.713	O2):30.528	
O1):-0.825	O2):42.505	
O1):-0.795	O2):37.125	
O1):-0.779	O2):33.402	
O1):-0.757	O2):31.611	
O1):-0.642	O2):26.436	
O1):-0.843	O2):49.543	
O1):-0.753	O2):32.848	
O1):-0.78	O2):33.509	
O1):-0.809	O2):38.686	
O1):-0.776	O2):32.895	
Evaluations:	1500
O1):-0.743	O2):33.051	
O1):-0.825	O2):42.504	
O1):-0.853	O2):49.189	
O1):-0.723	O2):28.331	
O1):-0.718	O2):27.737	
O1):-0.78	O2):33.279	
O1):-0.805	O2):43.599	
O1):-0.81	O2):39.068	
O1):-0.752	O2):32.687	
O1):-0.694	O2):27.278	
O1):-0.766	O2):34.248	
O1):-0.834	O2):47.528	
O1):-0.702	O2):27.599	
O1):-0.786	O2):33.933	
O1):-0.725	O2):29.41	
O1):-0.674	O2):26.72	
O1):-0.76	O2):31.875	
O1):-0.81	O2):39.03	
O1):-0.672	O2):26.515	
O1):-0.833	O2):43.644	
O1):-0.794	O2):37.741	
O1):-0.756	O2):31.652	
O1):-0.724	O2):30.614	
O1):-0.832	O2):43.144	
O1):-0.792	O2):34.846	
O1):-0.759	O2):33.129	
O1):-0.779	O2):38.316	
O1):-0.782	O2):33.868	
O1):-0.835	O2):48.197	
O1):-0.703	O2):27.801	
O1):-0.76	O2):32.268	
O1):-0.763	O2):34.056	
O1):-0.836	O2):44.084	
O1):-0.817	O2):37.908	
O1):-0.795	O2):38.12	
O1):-0.768	O2):32.605	
O1):-0.694	O2):27.278	
O1):-0.768	O2):33.174	
O1):-0.817	O2):40.365	
O1):-0.779	O2):33.334	
O1):-0.786	O2):33.926	
O1):-0.816	O2):37.871	
O1):-0.8	O2):37.324	
O1):-0.783	O2):37.706	
O1):-0.791	O2):34.472	
O1):-0.675	O2):26.752	
O1):-0.815	O2):39.868	
O1):-0.673	O2):26.859	
O1):-0.817	O2):38.074	
O1):-0.835	O2):43.819	
O1):-0.726	O2):30.939	
O1):-0.827	O2):44.057	
O1):-0.73	O2):31.351	
O1):-0.83	O2):44.308	
O1):-0.779	O2):33.199	
O1):-0.851	O2):48.606	
O1):-0.778	O2):34.054	
O1):-0.714	O2):30.643	
O1):-0.766	O2):34.291	
O1):-0.772	O2):33.528	
O1):-0.758	O2):31.856	
O1):-0.759	O2):31.664	
O1):-0.778	O2):33.233	
O1):-0.7	O2):27.188	
O1):-0.801	O2):37.709	
O1):-0.825	O2):42.552	
O1):-0.768	O2):33.568	
O1):-0.76	O2):33.602	
O1):-0.707	O2):27.414	
O1):-0.816	O2):37.906	
O1):-0.85	O2):48.565	
O1):-0.779	O2):33.32	
O1):-0.85	O2):48.291	
O1):-0.762	O2):32.143	
O1):-0.671	O2):26.524	
O1):-0.761	O2):32.428	
O1):-0.759	O2):31.62	
O1):-0.775	O2):38.356	
O1):-0.673	O2):26.859	
O1):-0.794	O2):37.225	
O1):-0.77	O2):33.205	
O1):-0.794	O2):39.539	
O1):-0.756	O2):31.62	
O1):-0.851	O2):48.603	
O1):-0.816	O2):37.874	
O1):-0.721	O2):28.586	
O1):-0.784	O2):38.432	
O1):-0.675	O2):26.738	
O1):-0.816	O2):37.924	
O1):-0.759	O2):32.046	
O1):-0.764	O2):32.182	
O1):-0.756	O2):31.381	
O1):-0.673	O2):26.724	
O1):-0.759	O2):31.465	
O1):-0.723	O2):29.193	
O1):-0.741	O2):31.065	
O1):-0.771	O2):32.866	
O1):-0.768	O2):33.057	
O1):-0.804	O2):53.249	
O1):-0.759	O2):31.62	
O1):-0.843	O2):48.703	
O1):-0.805	O2):38.332	
O1):-0.744	O2):33.566	
O1):-0.825	O2):42.517	
O1):-0.774	O2):33.039	
O1):-0.758	O2):31.91	
O1):-0.744	O2):31.166	
O1):-0.771	O2):32.613	
O1):-0.781	O2):33.795	
O1):-0.774	O2):33.04	
O1):-0.834	O2):47.528	
O1):-0.859	O2):54.152	
O1):-0.704	O2):27.202	
O1):-0.721	O2):28.471	
Evaluations:	1700
O1):-0.712	O2):28.507	
O1):-0.705	O2):28.158	
O1):-0.674	O2):26.742	
O1):-0.756	O2):31.381	
O1):-0.832	O2):43.144	
O1):-0.746	O2):31.271	
O1):-0.775	O2):35.759	
O1):-0.794	O2):35.453	
O1):-0.798	O2):37.899	
O1):-0.765	O2):32.473	
O1):-0.692	O2):27.264	
O1):-0.801	O2):42.876	
O1):-0.825	O2):42.517	
O1):-0.813	O2):39.558	
O1):-0.779	O2):33.548	
O1):-0.758	O2):31.96	
O1):-0.808	O2):38.722	
O1):-0.825	O2):42.633	
O1):-0.697	O2):26.873	
O1):-0.81	O2):38.772	
O1):-0.816	O2):37.853	
O1):-0.791	O2):34.882	
O1):-0.702	O2):27.599	
O1):-0.701	O2):26.904	
O1):-0.747	O2):32.621	
O1):-0.855	O2):54.571	
Starting PrismExecutor worker 3 on port 11483
Starting PrismExecutor worker 5 on port 11445
O1):-0.806	O2):38.376	
Connected worker 3 to port 11483
Connected worker 5 to port 11445
O1):-0.683	O2):27.563	
O1):-0.76	O2):31.709	
O1):-0.791	O2):34.437	
O1):-0.809	O2):38.688	
O1):-0.756	O2):31.62	
O1):-0.76	O2):31.733	
O1):-0.733	O2):28.783	
O1):-0.69	O2):27.048	
O1):-0.825	O2):42.706	
O1):-0.709	O2):27.702	
O1):-0.756	O2):31.381	
O1):-0.761	O2):32.206	
O1):-0.824	O2):42.47	
O1):-0.69	O2):27.048	
O1):-0.774	O2):32.865	
O1):-0.675	O2):26.738	
O1):-0.842	O2):48.232	
O1):-0.702	O2):27.599	
O1):-0.81	O2):39.035	
O1):-0.799	O2):37.303	
O1):-0.784	O2):33.662	
O1):-0.763	O2):32.176	
O1):-0.797	O2):35.611	
O1):-0.768	O2):33.174	
O1):-0.724	O2):28.812	
O1):-0.837	O2):44.583	
O1):-0.814	O2):39.73	
O1):-0.792	O2):36.759	
O1):-0.808	O2):38.678	
O1):-0.854	O2):49.482	
O1):-0.833	O2):43.644	
O1):-0.773	O2):32.412	
O1):-0.77	O2):32.749	
O1):-0.777	O2):32.814	
O1):-0.671	O2):26.478	
O1):-0.697	O2):26.829	
O1):-0.817	O2):37.908	
O1):-0.814	O2):37.667	
O1):-0.799	O2):37.303	
O1):-0.79	O2):36.759	
O1):-0.834	O2):43.418	
O1):-0.814	O2):41.796	
O1):-0.814	O2):37.686	
O1):-0.753	O2):32.725	
O1):-0.767	O2):32.616	
O1):-0.759	O2):31.465	
O1):-0.795	O2):37.3	
O1):-0.78	O2):48.474	
O1):-0.8	O2):37.941	
O1):-0.702	O2):27.599	
O1):-0.824	O2):43.269	
O1):-0.721	O2):28.564	
O1):-0.741	O2):35.585	
O1):-0.797	O2):37.153	
O1):-0.821	O2):39.075	
O1):-0.804	O2):38.594	
O1):-0.835	O2):46.866	
O1):-0.819	O2):38.667	
O1):-0.779	O2):33.23	
O1):-0.85	O2):48.291	
O1):-0.774	O2):32.962	
O1):-0.71	O2):27.695	
O1):-0.822	O2):39.209	
O1):-0.82	O2):42.709	
O1):-0.823	O2):43.134	
O1):-0.762	O2):32.207	
O1):-0.771	O2):33.6	
O1):-0.854	O2):49.482	
O1):-0.796	O2):36.915	
O1):-0.797	O2):37.414	
O1):-0.815	O2):38.989	
O1):-0.805	O2):39.504	
O1):-0.759	O2):31.465	
O1):-0.724	O2):28.813	
O1):-0.791	O2):36.886	
O1):-0.771	O2):38.575	
O1):-0.799	O2):37.303	
O1):-0.757	O2):31.611	
O1):-0.713	O2):28.521	
O1):-0.774	O2):32.962	
O1):-0.778	O2):33.162	
O1):-0.753	O2):31.886	
O1):-0.835	O2):44.082	
O1):-0.671	O2):26.524	
O1):-0.834	O2):43.418	
O1):-0.767	O2):33.18	
O1):-0.825	O2):42.706	
O1):-0.742	O2):33.6	
O1):-0.811	O2):38.905	
O1):-0.713	O2):28.518	
O1):-0.801	O2):37.342	
O1):-0.854	O2):49.486	
O1):-0.702	O2):27.212	
O1):-0.757	O2):36.4	
O1):-0.819	O2):38.808	
O1):-0.715	O2):30.584	
O1):-0.776	O2):33.557	
O1):-0.836	O2):44.003	
O1):-0.779	O2):33.402	
O1):-0.81	O2):39.035	
O1):-0.768	O2):32.601	
O1):-0.832	O2):43.144	
O1):-0.77	O2):32.75	
O1):-0.859	O2):53.205	
O1):-0.794	O2):35.453	
O1):-0.78	O2):33.554	
O1):-0.825	O2):42.504	
O1):-0.792	O2):35.519	
O1):-0.756	O2):31.62	
O1):-0.854	O2):49.482	
O1):-0.759	O2):31.465	
O1):-0.8	O2):37.324	
O1):-0.862	O2):54.149	
O1):-0.793	O2):40.341	
O1):-0.771	O2):32.95	
O1):-0.772	O2):32.393	
O1):-0.834	O2):44.931	
O1):-0.727	O2):31.021	
O1):-0.815	O2):37.825	
O1):-0.702	O2):27.096	
O1):-0.766	O2):33.61	
O1):-0.802	O2):37.807	
O1):-0.824	O2):43.256	
O1):-0.73	O2):31.351	
O1):-0.795	O2):37.121	
O1):-0.806	O2):38.258	
O1):-0.806	O2):38.943	
O1):-0.765	O2):32.205	
O1):-0.785	O2):37.42	
O1):-0.671	O2):26.524	
O1):-0.77	O2):33.912	
O1):-0.832	O2):43.144	
O1):-0.741	O2):31.139	
O1):-0.859	O2):53.207	
O1):-0.805	O2):38.332	
O1):-0.785	O2):33.931	
O1):-0.819	O2):38.667	
O1):-0.743	O2):31.249	
O1):-0.792	O2):34.848	
O1):-0.809	O2):38.688	
O1):-0.749	O2):35.369	
O1):-0.768	O2):32.845	
O1):-0.779	O2):33.199	
O1):-0.784	O2):38.431	
O1):-0.761	O2):32.286	
O1):-0.802	O2):38.064	
O1):-0.675	O2):26.738	
O1):-0.818	O2):38.238	
O1):-0.786	O2):34.103	
O1):-0.763	O2):32.76	
O1):-0.731	O2):31.685	
O1):-0.809	O2):40.158	
O1):-0.765	O2):34.568	
O1):-0.763	O2):32.196	
O1):-0.76	O2):32.412	
O1):-0.779	O2):33.402	
O1):-0.724	O2):28.813	
O1):-0.719	O2):28.202	
O1):-0.755	O2):31.348	
O1):-0.763	O2):32.133	
O1):-0.817	O2):37.908	
O1):-0.792	O2):35.317	
O1):-0.775	O2):33.048	
O1):-0.786	O2):34.047	
O1):-0.762	O2):32.527	
O1):-0.788	O2):34.748	
O1):-0.776	O2):40.054	
O1):-0.688	O2):31.127	
O1):-0.818	O2):40.607	
O1):-0.702	O2):27.212	
O1):-0.726	O2):30.939	
O1):-0.701	O2):26.9	
O1):-0.795	O2):37.3	
O1):-0.801	O2):37.714	
O1):-0.772	O2):32.56	
O1):-0.811	O2):41.181	
O1):-0.779	O2):33.23	
O1):-0.777	O2):33.304	
O1):-0.705	O2):28.163	
O1):-0.817	O2):37.908	
O1):-0.818	O2):42.545	
O1):-0.683	O2):30.686	
O1):-0.771	O2):33.993	
O1):-0.78	O2):33.279	
O1):-0.786	O2):33.967	
O1):-0.813	O2):40.838	
O1):-0.793	O2):38.387	
O1):-0.832	O2):42.558	
O1):-0.825	O2):43.497	
O1):-0.805	O2):38.332	
O1):-0.777	O2):32.815	
O1):-0.775	O2):38.341	
O1):-0.76	O2):32.459	
O1):-0.788	O2):39.646	
O1):-0.833	O2):47.365	
O1):-0.832	O2):43.144	
O1):-0.748	O2):31.421	
O1):-0.751	O2):32.834	
O1):-0.702	O2):27.226	
O1):-0.747	O2):31.174	
O1):-0.82	O2):38.84	
O1):-0.747	O2):32.057	
O1):-0.671	O2):26.53	
O1):-0.774	O2):32.966	
O1):-0.786	O2):33.93	
O1):-0.759	O2):31.465	
O1):-0.777	O2):33.3	
O1):-0.792	O2):36.754	
O1):-0.743	O2):31.121	
O1):-0.767	O2):33.865	
O1):-0.8	O2):37.532	
O1):-0.729	O2):29.34	
O1):-0.81	O2):38.867	
Starting PrismExecutor worker 4 on port 11444
O1):-0.802	O2):39.419	
Connected worker 4 to port 11444
O1):-0.835	O2):44.082	
O1):-0.79	O2):33.768	
O1):-0.82	O2):40.717	
O1):-0.775	O2):33.052	
O1):-0.835	O2):46.873	
O1):-0.746	O2):31.214	
O1):-0.762	O2):32.123	
O1):-0.814	O2):37.667	
O1):-0.781	O2):33.838	
O1):-0.834	O2):43.418	
O1):-0.802	O2):38.895	
O1):-0.819	O2):38.667	
O1):-0.827	O2):44.771	
O1):-0.733	O2):28.783	
O1):-0.835	O2):43.819	
O1):-0.779	O2):33.32	
O1):-0.758	O2):33.725	
O1):-0.78	O2):33.279	
O1):-0.791	O2):34.437	
O1):-0.671	O2):26.53	
O1):-0.782	O2):33.762	
O1):-0.759	O2):31.465	
O1):-0.705	O2):27.464	
O1):-0.833	O2):42.512	
O1):-0.801	O2):37.342	
O1):-0.838	O2):48.455	
O1):-0.671	O2):26.524	
O1):-0.825	O2):42.504	
Evaluations:	1700
O1):-0.721	O2):28.47	
O1):-0.82	O2):38.859	
O1):-0.803	O2):37.774	
O1):-0.701	O2):26.9	
O1):-0.762	O2):32.207	
O1):-0.816	O2):38.99	
O1):-0.77	O2):33.384	
O1):-0.749	O2):32.734	
O1):-0.826	O2):43.332	
O1):-0.775	O2):32.899	
O1):-0.798	O2):34.835	
O1):-0.673	O2):26.725	
O1):-0.809	O2):38.688	
O1):-0.671	O2):26.524	
O1):-0.792	O2):43.212	
O1):-0.779	O2):33.171	
O1):-0.853	O2):49.172	
O1):-0.825	O2):42.513	
O1):-0.765	O2):32.23	
O1):-0.802	O2):37.767	
O1):-0.77	O2):32.539	
O1):-0.702	O2):27.212	
O1):-0.842	O2):48.609	
O1):-0.759	O2):32.046	
O1):-0.859	O2):53.205	
O1):-0.79	O2):37.681	
O1):-0.768	O2):33.105	
O1):-0.713	O2):28.518	
O1):-0.811	O2):39.028	
O1):-0.641	O2):26.467	
O1):-0.734	O2):31.715	
O1):-0.809	O2):38.693	
O1):-0.774	O2):32.962	
O1):-0.702	O2):27.212	
O1):-0.744	O2):30.33	
O1):-0.76	O2):31.876	
O1):-0.792	O2):35.317	
O1):-0.834	O2):47.528	
O1):-0.842	O2):48.609	
O1):-0.826	O2):43.332	
O1):-0.776	O2):32.944	
O1):-0.8	O2):37.324	
O1):-0.7	O2):27.188	
O1):-0.786	O2):33.967	
O1):-0.727	O2):31.048	
O1):-0.673	O2):26.725	
O1):-0.758	O2):31.856	
O1):-0.777	O2):33.742	
O1):-0.746	O2):31.214	
O1):-0.74	O2):29.396	
O1):-0.791	O2):34.437	
O1):-0.758	O2):31.856	
O1):-0.762	O2):32.249	
O1):-0.744	O2):30.424	
O1):-0.833	O2):44.085	
O1):-0.761	O2):32.428	
O1):-0.815	O2):38.989	
O1):-0.843	O2):49.549	
O1):-0.806	O2):38.258	
O1):-0.748	O2):31.35	
O1):-0.862	O2):54.149	
O1):-0.851	O2):48.605	
O1):-0.674	O2):26.742	
O1):-0.811	O2):39.304	
O1):-0.756	O2):31.381	
O1):-0.816	O2):37.766	
O1):-0.774	O2):32.962	
O1):-0.79	O2):34.334	
O1):-0.778	O2):33.162	
O1):-0.702	O2):27.212	
O1):-0.728	O2):29.308	
O1):-0.8	O2):37.324	
O1):-0.758	O2):31.393	
Starting PrismExecutor worker 0 on port 11480
O1):-0.816	O2):37.872	
Connected worker 0 to port 11480
O1):-0.786	O2):33.966	
O1):-0.778	O2):33.162	
O1):-0.778	O2):33.162	
O1):-0.81	O2):39.034	
O1):-0.76	O2):31.875	
O1):-0.85	O2):49.788	
O1):-0.8	O2):37.438	
O1):-0.76	O2):33.304	
O1):-0.834	O2):43.418	
O1):-0.765	O2):34.537	
O1):-0.782	O2):33.868	
O1):-0.817	O2):37.908	
O1):-0.724	O2):28.813	
O1):-0.843	O2):49.418	
O1):-0.779	O2):33.081	
O1):-0.841	O2):48.465	
O1):-0.782	O2):33.721	
O1):-0.81	O2):38.867	
O1):-0.775	O2):33.058	
O1):-0.817	O2):42.019	
O1):-0.799	O2):37.922	
O1):-0.685	O2):30.976	
O1):-0.792	O2):35.317	
O1):-0.733	O2):32.218	
O1):-0.723	O2):28.356	
O1):-0.792	O2):35.317	
O1):-0.772	O2):32.56	
O1):-0.779	O2):33.22	
O1):-0.815	O2):37.742	
O1):-0.782	O2):33.856	
O1):-0.833	O2):42.512	
O1):-0.773	O2):32.385	
O1):-0.725	O2):30.734	
O1):-0.825	O2):42.781	
O1):-0.713	O2):28.518	
O1):-0.794	O2):38.08	
O1):-0.8	O2):37.324	
O1):-0.775	O2):33.51	
O1):-0.7	O2):27.188	
O1):-0.775	O2):32.881	
O1):-0.819	O2):38.667	
O1):-0.804	O2):38.561	
O1):-0.778	O2):33.162	
O1):-0.784	O2):33.971	
O1):-0.82	O2):38.84	
O1):-0.758	O2):31.85	
O1):-0.816	O2):37.869	
O1):-0.782	O2):33.832	
O1):-0.808	O2):38.678	
O1):-0.775	O2):32.878	
O1):-0.673	O2):26.852	
O1):-0.816	O2):37.894	
O1):-0.825	O2):42.504	
O1):-0.71	O2):27.663	
O1):-0.834	O2):44.984	
O1):-0.705	O2):28.158	
O1):-0.788	O2):34.74	
O1):-0.727	O2):28.733	
O1):-0.741	O2):34.641	
O1):-0.825	O2):42.504	
O1):-0.695	O2):27.614	
O1):-0.757	O2):33.558	
O1):-0.705	O2):27.44	
O1):-0.813	O2):39.311	
O1):-0.826	O2):43.332	
O1):-0.834	O2):47.528	
O1):-0.811	O2):41.088	
O1):-0.777	O2):36.192	
O1):-0.813	O2):39.552	
O1):-0.786	O2):34.713	
O1):-0.788	O2):36.711	
O1):-0.802	O2):39.416	
O1):-0.838	O2):50.137	
O1):-0.702	O2):27.096	
O1):-0.763	O2):32.133	
O1):-0.801	O2):37.718	
O1):-0.835	O2):46.866	
O1):-0.82	O2):38.84	
O1):-0.741	O2):31.139	
O1):-0.777	O2):32.814	
O1):-0.842	O2):49.407	
O1):-0.779	O2):33.32	
O1):-0.802	O2):38.981	
O1):-0.776	O2):32.852	
O1):-0.717	O2):28.167	
O1):-0.772	O2):32.56	
O1):-0.671	O2):26.524	
O1):-0.842	O2):48.611	
O1):-0.833	O2):42.512	
O1):-0.741	O2):31.065	
O1):-0.825	O2):42.504	
O1):-0.726	O2):29.43	
O1):-0.834	O2):47.528	
O1):-0.759	O2):32.077	
O1):-0.708	O2):28.246	
O1):-0.778	O2):33.162	
O1):-0.837	O2):57.983	
O1):-0.734	O2):31.458	
O1):-0.779	O2):33.199	
O1):-0.759	O2):31.465	
O1):-0.834	O2):43.911	
O1):-0.801	O2):37.342	
O1):-0.863	O2):54.294	
O1):-0.841	O2):47.864	
O1):-0.825	O2):42.517	
O1):-0.812	O2):37.976	
O1):-0.842	O2):49.407	
O1):-0.802	O2):38.334	
Starting PrismExecutor worker 1 on port 11481
Connected worker 1 to port 11481
O1):-0.823	O2):43.134	
O1):-0.815	O2):39.868	
O1):-0.822	O2):39.209	
O1):-0.78	O2):33.425	
O1):-0.815	O2):37.825	
O1):-0.834	O2):43.641	
O1):-0.72	O2):28.544	
O1):-0.841	O2):47.864	
O1):-0.762	O2):32.123	
O1):-0.801	O2):37.342	
O1):-0.776	O2):32.64	
O1):-0.797	O2):34.671	
O1):-0.71	O2):27.717	
O1):-0.749	O2):35.37	
O1):-0.727	O2):31.017	
O1):-0.832	O2):51.64	
O1):-0.761	O2):31.875	
O1):-0.772	O2):33.509	
O1):-0.759	O2):31.621	
O1):-0.824	O2):42.47	
O1):-0.694	O2):27.278	
O1):-0.66	O2):27.482	
O1):-0.786	O2):33.967	
O1):-0.784	O2):36.445	
O1):-0.772	O2):33.508	
O1):-0.816	O2):37.766	
O1):-0.683	O2):27.564	
O1):-0.841	O2):48.059	
O1):-0.819	O2):38.667	
O1):-0.792	O2):38.033	
O1):-0.814	O2):39.73	
O1):-0.671	O2):26.524	
O1):-0.671	O2):26.53	
O1):-0.791	O2):38.254	
O1):-0.692	O2):27.589	
O1):-0.775	O2):32.787	
O1):-0.77	O2):32.749	
O1):-0.756	O2):33.178	
O1):-0.815	O2):42.965	
O1):-0.813	O2):39.33	
O1):-0.792	O2):43.231	
O1):-0.724	O2):28.909	
O1):-0.767	O2):32.872	
Evaluations:	1900
O1):-0.762	O2):32.207	
Evaluations:	1600
O1):-0.671	O2):26.524	
O1):-0.701	O2):27.201	
O1):-0.82	O2):38.84	
O1):-0.734	O2):28.649	
O1):-0.705	O2):28.158	
O1):-0.824	O2):43.172	
O1):-0.818	O2):38.363	
O1):-0.783	O2):33.833	
O1):-0.709	O2):27.702	
O1):-0.698	O2):27.082	
O1):-0.82	O2):42.709	
O1):-0.818	O2):38.524	
O1):-0.746	O2):33.842	
O1):-0.671	O2):26.524	
O1):-0.801	O2):37.618	
O1):-0.71	O2):27.717	
O1):-0.756	O2):31.62	
O1):-0.784	O2):38.615	
O1):-0.707	O2):27.414	
O1):-0.775	O2):33.95	
O1):-0.671	O2):26.524	
O1):-0.834	O2):47.528	
O1):-0.855	O2):54.571	
O1):-0.723	O2):28.687	
O1):-0.808	O2):38.45	
O1):-0.727	O2):31.042	
O1):-0.83	O2):44.308	
O1):-0.675	O2):27.241	
Evaluations:	1500
O1):-0.758	O2):31.856	
O1):-0.767	O2):32.616	
O1):-0.82	O2):38.825	
O1):-0.805	O2):38.332	
O1):-0.76	O2):32.176	
O1):-0.671	O2):26.524	
O1):-0.797	O2):37.153	
O1):-0.841	O2):49.264	
O1):-0.764	O2):32.173	
O1):-0.833	O2):44.085	
O1):-0.833	O2):44.085	
O1):-0.788	O2):34.356	
O1):-0.818	O2):40.365	
O1):-0.833	O2):44.086	
O1):-0.758	O2):31.856	
O1):-0.734	O2):28.649	
O1):-0.77	O2):33.643	
O1):-0.833	O2):43.644	
O1):-0.76	O2):31.733	
O1):-0.82	O2):38.84	
O1):-0.799	O2):37.922	
O1):-0.834	O2):47.528	
O1):-0.718	O2):27.767	
O1):-0.816	O2):37.872	
O1):-0.787	O2):34.931	
O1):-0.765	O2):32.473	
O1):-0.768	O2):32.847	
O1):-0.78	O2):33.279	
O1):-0.819	O2):38.457	
O1):-0.674	O2):26.72	
O1):-0.824	O2):43.269	
O1):-0.771	O2):33.494	
O1):-0.703	O2):27.996	
Starting PrismExecutor worker 3 on port 11423
O1):-0.762	O2):32.143	
O1):-0.777	O2):32.815	
Connected worker 3 to port 11423
O1):-0.787	O2):34.416	
O1):-0.834	O2):48.44	
O1):-0.703	O2):27.249	
O1):-0.785	O2):38.789	
O1):-0.835	O2):44.082	
O1):-0.751	O2):33.099	
O1):-0.784	O2):38.431	
O1):-0.754	O2):31.624	
O1):-0.757	O2):31.613	
O1):-0.701	O2):26.9	
O1):-0.81	O2):39.034	
O1):-0.792	O2):37.86	
O1):-0.837	O2):44.583	
O1):-0.807	O2):38.542	
O1):-0.782	O2):37.76	
O1):-0.748	O2):32.973	
O1):-0.832	O2):43.052	
O1):-0.826	O2):43.332	
O1):-0.833	O2):44.085	
O1):-0.799	O2):37.303	
O1):-0.76	O2):32.263	
O1):-0.746	O2):31.362	
O1):-0.762	O2):32.123	
O1):-0.843	O2):49.418	
O1):-0.792	O2):35.504	
O1):-0.715	O2):30.732	
O1):-0.671	O2):26.53	
O1):-0.803	O2):37.774	
O1):-0.821	O2):42.892	
O1):-0.671	O2):26.524	
O1):-0.778	O2):33.239	
O1):-0.805	O2):38.332	
O1):-0.777	O2):33.055	
O1):-0.725	O2):29.005	
O1):-0.787	O2):39.345	
O1):-0.795	O2):36.824	
O1):-0.786	O2):33.648	
O1):-0.724	O2):28.813	
O1):-0.794	O2):41.785	
O1):-0.701	O2):27.201	
O1):-0.786	O2):34.091	
O1):-0.764	O2):32.173	
O1):-0.765	O2):32.77	
O1):-0.817	O2):37.908	
O1):-0.785	O2):37.2	
O1):-0.757	O2):31.613	
O1):-0.834	O2):43.418	
O1):-0.757	O2):31.611	
O1):-0.818	O2):38.238	
O1):-0.772	O2):33.493	
O1):-0.806	O2):38.279	
O1):-0.725	O2):28.912	
O1):-0.759	O2):32.046	
O1):-0.76	O2):32.263	
O1):-0.76	O2):32.176	
O1):-0.818	O2):40.367	
O1):-0.834	O2):43.649	
O1):-0.785	O2):38.789	
O1):-0.798	O2):34.835	
O1):-0.779	O2):33.199	
O1):-0.715	O2):30.732	
O1):-0.793	O2):36.827	
Evaluations:	1600
O1):-0.738	O2):31.77	
O1):-0.85	O2):53.993	
O1):-0.772	O2):32.902	
O1):-0.817	O2):49.123	
O1):-0.794	O2):37.181	
O1):-0.78	O2):33.279	
O1):-0.815	O2):39.868	
O1):-0.813	O2):42.368	
O1):-0.717	O2):28.167	
O1):-0.833	O2):43.516	
O1):-0.766	O2):32.621	
O1):-0.808	O2):38.678	
Evaluations:	1700
O1):-0.791	O2):34.436	
O1):-0.714	O2):30.674	
O1):-0.828	O2):53.151	
O1):-0.671	O2):26.551	
O1):-0.827	O2):43.068	
O1):-0.815	O2):37.877	
O1):-0.724	O2):28.869	
O1):-0.732	O2):31.306	
O1):-0.795	O2):37.3	
O1):-0.762	O2):32.143	
O1):-0.717	O2):28.753	
O1):-0.817	O2):40.272	
O1):-0.778	O2):35.937	
O1):-0.773	O2):32.453	
O1):-0.801	O2):37.71	
O1):-0.838	O2):44.62	
O1):-0.671	O2):26.524	
Starting PrismExecutor worker 3 on port 11413
Connected worker 3 to port 11413
O1):-0.816	O2):37.893	
O1):-0.817	O2):42.044	
O1):-0.704	O2):27.202	
Evaluations:	1700
O1):-0.701	O2):27.201	
O1):-0.837	O2):44.139	
O1):-0.862	O2):54.882	
O1):-0.818	O2):38.238	
O1):-0.7	O2):27.188	
O1):-0.837	O2):57.983	
O1):-0.744	O2):30.424	
O1):-0.834	O2):44.933	
O1):-0.816	O2):38.99	
O1):-0.783	O2):38.6	
O1):-0.757	O2):31.852	
O1):-0.727	O2):28.733	
O1):-0.786	O2):33.926	
O1):-0.838	O2):48.455	
O1):-0.729	O2):29.34	
O1):-0.671	O2):26.524	
O1):-0.671	O2):26.489	
O1):-0.671	O2):26.53	
O1):-0.69	O2):27.257	
O1):-0.777	O2):37.299	
O1):-0.747	O2):31.959	
O1):-0.808	O2):38.678	
O1):-0.768	O2):32.601	
O1):-0.711	O2):28.408	
O1):-0.833	O2):43.643	
O1):-0.78	O2):33.513	
O1):-0.76	O2):31.733	
O1):-0.784	O2):38.431	
O1):-0.671	O2):26.489	
O1):-0.804	O2):38.594	
O1):-0.737	O2):31.478	
O1):-0.782	O2):33.856	
O1):-0.782	O2):33.725	
O1):-0.805	O2):38.522	
O1):-0.835	O2):44.855	
O1):-0.767	O2):32.622	
O1):-0.842	O2):49.407	
Evaluations:	1700
O1):-0.833	O2):43.28	
O1):-0.72	O2):27.749	
O1):-0.788	O2):39.269	
O1):-0.858	O2):53.881	
O1):-0.816	O2):37.766	
O1):-0.784	O2):36.445	
O1):-0.786	O2):33.648	
O1):-0.76	O2):31.733	
O1):-0.678	O2):27.174	
O1):-0.69	O2):27.257	
O1):-0.836	O2):44.422	
O1):-0.748	O2):31.813	
O1):-0.78	O2):36.382	
O1):-0.727	O2):28.733	
O1):-0.775	O2):32.881	
O1):-0.771	O2):32.95	
O1):-0.836	O2):44.003	
O1):-0.747	O2):32.148	
O1):-0.816	O2):37.766	
O1):-0.763	O2):34.358	
O1):-0.717	O2):28.167	
O1):-0.725	O2):29.005	
O1):-0.808	O2):38.726	
O1):-0.768	O2):32.845	
O1):-0.771	O2):33.043	
O1):-0.78	O2):33.513	
O1):-0.816	O2):38.991	
O1):-0.832	O2):43.549	
O1):-0.725	O2):29.005	
O1):-0.798	O2):34.835	
O1):-0.8	O2):37.42	
O1):-0.836	O2):44.082	
O1):-0.709	O2):27.702	
O1):-0.782	O2):33.762	
O1):-0.782	O2):37.58	
O1):-0.818	O2):38.238	
O1):-0.842	O2):49.407	
O1):-0.705	O2):27.433	
O1):-0.692	O2):27.589	
O1):-0.841	O2):49.287	
O1):-0.82	O2):38.84	
O1):-0.737	O2):31.478	
O1):-0.77	O2):32.749	
O1):-0.854	O2):49.485	
O1):-0.792	O2):36.758	
O1):-0.804	O2):39.479	
O1):-0.828	O2):43.324	
O1):-0.833	O2):43.516	
O1):-0.762	O2):32.207	
O1):-0.822	O2):39.209	
O1):-0.719	O2):27.717	
Starting PrismExecutor worker 1 on port 11411
O1):-0.827	O2):43.464	
O1):-0.764	O2):32.173	
Connected worker 1 to port 11411
O1):-0.744	O2):30.33	
O1):-0.701	O2):27.183	
O1):-0.742	O2):29.279	
O1):-0.844	O2):49.181	
O1):-0.761	O2):31.875	
O1):-0.749	O2):31.437	
O1):-0.718	O2):27.769	
O1):-0.765	O2):39.634	
O1):-0.774	O2):36.303	
O1):-0.785	O2):38.784	
O1):-0.862	O2):54.24	
O1):-0.859	O2):54.151	
O1):-0.749	O2):31.819	
O1):-0.803	O2):38.123	
O1):-0.779	O2):33.155	
O1):-0.697	O2):26.873	
O1):-0.832	O2):43.036	
O1):-0.771	O2):32.614	
O1):-0.834	O2):43.418	
O1):-0.813	O2):39.558	
O1):-0.702	O2):27.217	
O1):-0.833	O2):43.28	
O1):-0.77	O2):32.469	
O1):-0.702	O2):27.212	
O1):-0.777	O2):33.595	
O1):-0.797	O2):37.055	
O1):-0.797	O2):37.153	
O1):-0.836	O2):44.003	
O1):-0.758	O2):31.336	
O1):-0.761	O2):32.426	
O1):-0.692	O2):27.589	
O1):-0.816	O2):37.766	
O1):-0.767	O2):33.12	
O1):-0.863	O2):54.294	
O1):-0.734	O2):31.452	
O1):-0.811	O2):39.028	
O1):-0.801	O2):37.343	
O1):-0.842	O2):49.407	
O1):-0.721	O2):28.583	
O1):-0.717	O2):31.881	
O1):-0.76	O2):32.176	
O1):-0.842	O2):49.407	
O1):-0.788	O2):34.404	
O1):-0.705	O2):27.466	
O1):-0.76	O2):32.176	
O1):-0.816	O2):37.766	
O1):-0.721	O2):32.619	
O1):-0.738	O2):31.769	
O1):-0.692	O2):27.264	
O1):-0.862	O2):54.149	
O1):-0.745	O2):31.282	
O1):-0.717	O2):28.174	
O1):-0.842	O2):49.407	
O1):-0.772	O2):34.345	
O1):-0.784	O2):34.017	
O1):-0.703	O2):28.02	
O1):-0.671	O2):26.524	
O1):-0.85	O2):48.291	
O1):-0.784	O2):36.445	
Evaluations:	1600
O1):-0.819	O2):38.667	
O1):-0.818	O2):51.412	
O1):-0.741	O2):31.065	
O1):-0.807	O2):38.542	
O1):-0.763	O2):34.359	
O1):-0.719	O2):29.326	
O1):-0.811	O2):39.421	
O1):-0.777	O2):32.814	
O1):-0.78	O2):33.425	
O1):-0.671	O2):26.478	
O1):-0.763	O2):32.133	
O1):-0.8	O2):37.438	
O1):-0.8	O2):37.724	
O1):-0.757	O2):39.387	
O1):-0.757	O2):31.613	
O1):-0.756	O2):31.62	
O1):-0.787	O2):34.052	
O1):-0.801	O2):37.508	
O1):-0.837	O2):57.983	
O1):-0.774	O2):34.328	
O1):-0.721	O2):28.583	
O1):-0.853	O2):49.189	
O1):-0.813	O2):39.391	
O1):-0.835	O2):44.082	
O1):-0.825	O2):42.504	
O1):-0.755	O2):36.711	
O1):-0.855	O2):54.571	
O1):-0.771	O2):32.648	
O1):-0.788	O2):43.687	
Evaluations:	1800
O1):-0.766	O2):32.453	
O1):-0.761	O2):32.031	
O1):-0.833	O2):44.086	
O1):-0.721	O2):32.619	
O1):-0.832	O2):43.144	
O1):-0.756	O2):31.381	
O1):-0.816	O2):37.766	
O1):-0.833	O2):43.28	
Starting PrismExecutor worker 1 on port 11421
O1):-0.8	O2):37.531	
O1):-0.72	O2):27.752	
Connected worker 1 to port 11421
O1):-0.803	O2):37.863	
O1):-0.817	O2):37.908	
O1):-0.826	O2):42.912	
O1):-0.759	O2):31.62	
O1):-0.834	O2):44.931	
O1):-0.772	O2):33.525	
O1):-0.783	O2):38.554	
O1):-0.705	O2):27.976	
O1):-0.706	O2):28.168	
O1):-0.776	O2):35.823	
O1):-0.776	O2):33.482	
O1):-0.794	O2):35.452	
O1):-0.765	O2):32.224	
O1):-0.702	O2):27.212	
O1):-0.705	O2):27.464	
O1):-0.795	O2):37.3	
O1):-0.801	O2):37.868	
O1):-0.757	O2):36.349	
O1):-0.822	O2):39.209	
O1):-0.83	O2):44.308	
O1):-0.818	O2):38.363	
O1):-0.797	O2):37.414	
O1):-0.759	O2):31.465	
O1):-0.792	O2):38.341	
O1):-0.795	O2):37.121	
O1):-0.816	O2):37.895	
O1):-0.702	O2):27.135	
O1):-0.762	O2):32.123	
O1):-0.808	O2):42.137	
O1):-0.761	O2):31.858	
O1):-0.707	O2):27.414	
O1):-0.725	O2):28.901	
O1):-0.779	O2):33.334	
O1):-0.779	O2):36.38	
O1):-0.803	O2):37.774	
O1):-0.829	O2):44.47	
O1):-0.761	O2):32.428	
O1):-0.772	O2):33.508	
O1):-0.808	O2):38.722	
O1):-0.78	O2):33.643	
O1):-0.823	O2):43.134	
O1):-0.842	O2):49.463	
O1):-0.706	O2):28.172	
O1):-0.7	O2):27.188	
O1):-0.771	O2):32.95	
O1):-0.779	O2):33.319	
O1):-0.795	O2):37.121	
O1):-0.816	O2):38.193	
O1):-0.767	O2):32.616	
O1):-0.704	O2):27.812	
O1):-0.738	O2):31.779	
O1):-0.757	O2):31.613	
O1):-0.833	O2):43.28	
O1):-0.743	O2):33.068	
O1):-0.773	O2):32.517	
O1):-0.834	O2):43.649	
O1):-0.819	O2):38.667	
O1):-0.801	O2):37.342	
O1):-0.767	O2):32.887	
O1):-0.768	O2):33.105	
O1):-0.782	O2):34.124	
O1):-0.813	O2):39.391	
O1):-0.792	O2):35.317	
O1):-0.683	O2):32.456	
O1):-0.778	O2):37.352	
O1):-0.725	O2):29.005	
O1):-0.791	O2):38.989	
O1):-0.853	O2):49.189	
O1):-0.726	O2):30.94	
O1):-0.762	O2):32.143	
O1):-0.783	O2):33.833	
O1):-0.756	O2):31.62	
O1):-0.643	O2):26.472	
O1):-0.762	O2):32.143	
O1):-0.671	O2):26.489	
O1):-0.799	O2):37.303	
O1):-0.837	O2):57.983	
O1):-0.778	O2):33.211	
O1):-0.837	O2):44.583	
O1):-0.792	O2):37.897	
O1):-0.701	O2):27.396	
O1):-0.751	O2):33.099	
O1):-0.725	O2):28.901	
O1):-0.653	O2):26.433	
O1):-0.832	O2):43.547	
O1):-0.838	O2):48.455	
O1):-0.817	O2):37.908	
O1):-0.853	O2):49.172	
O1):-0.811	O2):38.905	
O1):-0.671	O2):26.524	
O1):-0.834	O2):43.641	
O1):-0.775	O2):33.048	
O1):-0.834	O2):43.418	
O1):-0.745	O2):30.236	
O1):-0.764	O2):32.412	
O1):-0.835	O2):44.082	
O1):-0.723	O2):28.226	
O1):-0.784	O2):36.474	
O1):-0.744	O2):30.33	
Starting PrismExecutor worker 0 on port 11420
Connected worker 0 to port 11420
O1):-0.842	O2):48.558	
O1):-0.815	O2):38.989	
O1):-0.675	O2):26.802	
O1):-0.697	O2):26.873	
O1):-0.75	O2):31.847	
O1):-0.777	O2):32.815	
O1):-0.703	O2):28.01	
O1):-0.783	O2):38.181	
O1):-0.695	O2):27.608	
O1):-0.818	O2):42.545	
O1):-0.787	O2):39.346	
O1):-0.801	O2):37.677	
O1):-0.779	O2):33.198	
O1):-0.77	O2):33.477	
O1):-0.745	O2):33.586	
O1):-0.777	O2):33.742	
O1):-0.799	O2):37.922	
O1):-0.761	O2):32.428	
O1):-0.762	O2):32.123	
O1):-0.801	O2):43.698	
O1):-0.768	O2):33.128	
O1):-0.702	O2):27.211	
O1):-0.78	O2):33.279	
O1):-0.832	O2):43.144	
O1):-0.834	O2):43.418	
O1):-0.704	O2):27.202	
O1):-0.76	O2):32.168	
O1):-0.806	O2):38.618	
O1):-0.818	O2):38.363	
O1):-0.825	O2):42.504	
O1):-0.761	O2):32.428	
O1):-0.817	O2):40.272	
O1):-0.775	O2):32.878	
O1):-0.752	O2):32.708	
O1):-0.701	O2):26.9	
O1):-0.721	O2):27.723	
O1):-0.802	O2):37.767	
O1):-0.8	O2):37.324	
O1):-0.734	O2):28.649	
O1):-0.764	O2):32.141	
O1):-0.824	O2):43.256	
O1):-0.76	O2):31.66	
O1):-0.835	O2):43.82	
O1):-0.813	O2):40.838	
O1):-0.801	O2):37.807	
O1):-0.796	O2):37.915	
O1):-0.794	O2):36.597	
O1):-0.765	O2):33.766	
O1):-0.723	O2):28.975	
O1):-0.817	O2):37.908	
O1):-0.759	O2):31.62	
O1):-0.74	O2):29.397	
O1):-0.816	O2):37.87	
O1):-0.708	O2):28.257	
O1):-0.828	O2):43.323	
O1):-0.804	O2):41.838	
O1):-0.853	O2):49.17	
O1):-0.711	O2):27.744	
O1):-0.834	O2):43.418	
O1):-0.759	O2):31.62	
O1):-0.826	O2):43.917	
O1):-0.76	O2):32.263	
O1):-0.758	O2):31.393	
O1):-0.845	O2):49.482	
O1):-0.747	O2):31.174	
O1):-0.833	O2):43.643	
O1):-0.702	O2):27.599	
O1):-0.854	O2):49.484	
O1):-0.811	O2):39.028	
O1):-0.795	O2):38.133	
O1):-0.83	O2):44.308	
O1):-0.741	O2):31.139	
O1):-0.775	O2):33.547	
O1):-0.788	O2):34.356	
O1):-0.772	O2):33.508	
O1):-0.806	O2):38.909	
O1):-0.772	O2):32.56	
O1):-0.823	O2):43.106	
O1):-0.671	O2):26.478	
O1):-0.832	O2):43.178	
O1):-0.671	O2):26.524	
O1):-0.835	O2):43.819	
O1):-0.674	O2):26.72	
O1):-0.792	O2):37.826	
O1):-0.82	O2):38.84	
O1):-0.766	O2):32.485	
O1):-0.671	O2):26.53	
O1):-0.837	O2):44.53	
O1):-0.764	O2):32.141	
O1):-0.675	O2):26.738	
O1):-0.835	O2):44.855	
O1):-0.763	O2):33.362	
O1):-0.694	O2):27.278	
O1):-0.717	O2):28.175	
O1):-0.671	O2):26.489	
O1):-0.83	O2):53.778	
O1):-0.781	O2):36.744	
Starting PrismExecutor worker 2 on port 11462
O1):-0.732	O2):31.335	
O1):-0.863	O2):54.294	
Connected worker 2 to port 11462
O1):-0.859	O2):53.402	
O1):-0.834	O2):43.418	
O1):-0.818	O2):38.363	
O1):-0.774	O2):33.039	
O1):-0.747	O2):30.288	
O1):-0.772	O2):33.508	
O1):-0.776	O2):32.944	
O1):-0.671	O2):26.524	
O1):-0.747	O2):32.611	
O1):-0.708	O2):28.246	
O1):-0.781	O2):33.32	
O1):-0.828	O2):43.323	
O1):-0.73	O2):31.351	
O1):-0.767	O2):33.148	
O1):-0.843	O2):49.418	
O1):-0.708	O2):28.246	
O1):-0.778	O2):33.159	
O1):-0.795	O2):34.137	
O1):-0.838	O2):48.455	
O1):-0.72	O2):29.369	
O1):-0.788	O2):34.484	
O1):-0.764	O2):32.764	
O1):-0.801	O2):37.342	
O1):-0.775	O2):33.51	
O1):-0.705	O2):27.432	
O1):-0.767	O2):33.165	
O1):-0.724	O2):28.91	
O1):-0.771	O2):32.613	
O1):-0.795	O2):34.137	
O1):-0.786	O2):34.091	
O1):-0.837	O2):49.614	
O1):-0.779	O2):33.32	
O1):-0.724	O2):30.46	
O1):-0.762	O2):34.131	
O1):-0.82	O2):40.717	
O1):-0.853	O2):49.189	
O1):-0.768	O2):32.845	
O1):-0.854	O2):49.54	
O1):-0.741	O2):31.077	
O1):-0.817	O2):37.908	
O1):-0.717	O2):28.167	
O1):-0.717	O2):28.167	
O1):-0.8	O2):37.438	
O1):-0.775	O2):32.564	
O1):-0.768	O2):32.845	
O1):-0.765	O2):32.473	
O1):-0.723	O2):28.774	
O1):-0.791	O2):34.432	
O1):-0.737	O2):31.478	
O1):-0.811	O2):39.028	
O1):-0.77	O2):32.539	
O1):-0.728	O2):31.298	
O1):-0.823	O2):43.107	
O1):-0.761	O2):32.2	
O1):-0.824	O2):43.567	
O1):-0.801	O2):37.561	
O1):-0.784	O2):34.085	
O1):-0.786	O2):34.092	
O1):-0.851	O2):49.988	
O1):-0.767	O2):33.124	
O1):-0.675	O2):27.234	
O1):-0.754	O2):32.721	
O1):-0.818	O2):38.238	
O1):-0.671	O2):26.53	
O1):-0.701	O2):26.9	
O1):-0.804	O2):53.249	
O1):-0.802	O2):39.417	
O1):-0.816	O2):37.894	
O1):-0.723	O2):34.523	
O1):-0.675	O2):26.738	
O1):-0.782	O2):33.762	
O1):-0.787	O2):38.16	
O1):-0.756	O2):31.381	
O1):-0.831	O2):44.568	
O1):-0.825	O2):42.478	
O1):-0.815	O2):37.825	
O1):-0.835	O2):44.083	
O1):-0.742	O2):29.279	
O1):-0.765	O2):32.224	
O1):-0.718	O2):27.737	
O1):-0.76	O2):31.733	
O1):-0.859	O2):53.205	
O1):-0.811	O2):39.261	
O1):-0.784	O2):38.431	
O1):-0.802	O2):37.676	
O1):-0.783	O2):38.196	
O1):-0.762	O2):32.207	
O1):-0.77	O2):32.954	
O1):-0.69	O2):27.257	
O1):-0.76	O2):31.709	
O1):-0.733	O2):28.783	
O1):-0.843	O2):49.418	
O1):-0.759	O2):31.62	
O1):-0.708	O2):28.246	
O1):-0.779	O2):33.402	
O1):-0.828	O2):48.584	
O1):-0.816	O2):37.894	
O1):-0.756	O2):33.232	
O1):-0.8	O2):37.724	
Starting PrismExecutor worker 4 on port 11434
O1):-0.804	O2):38.293	
Connected worker 4 to port 11434
O1):-0.748	O2):31.326	
O1):-0.858	O2):53.901	
O1):-0.671	O2):26.524	
O1):-0.821	O2):39.07	
O1):-0.761	O2):31.78	
O1):-0.76	O2):31.875	
O1):-0.703	O2):28.02	
O1):-0.807	O2):47.595	
O1):-0.766	O2):32.85	
O1):-0.816	O2):37.78	
Evaluations:	1800
O1):-0.825	O2):42.706	
O1):-0.817	O2):42.019	
O1):-0.835	O2):46.866	
O1):-0.806	O2):38.473	
O1):-0.806	O2):38.17	
O1):-0.811	O2):39.88	
O1):-0.826	O2):43.332	
O1):-0.694	O2):27.606	
O1):-0.785	O2):34.709	
O1):-0.794	O2):37.632	
O1):-0.744	O2):30.33	
O1):-0.723	O2):29.193	
O1):-0.794	O2):37.079	
O1):-0.698	O2):27.082	
O1):-0.825	O2):42.496	
O1):-0.83	O2):44.308	
O1):-0.832	O2):42.558	
O1):-0.835	O2):48.19	
O1):-0.801	O2):37.653	
O1):-0.725	O2):28.176	
O1):-0.817	O2):38.074	
O1):-0.759	O2):32.016	
O1):-0.739	O2):32.733	
O1):-0.736	O2):36.333	
O1):-0.779	O2):33.334	
O1):-0.703	O2):28.02	
O1):-0.789	O2):34.779	
O1):-0.746	O2):31.271	
O1):-0.788	O2):39.65	
O1):-0.767	O2):34.478	
O1):-0.822	O2):39.209	
O1):-0.817	O2):39.834	
O1):-0.834	O2):47.528	
O1):-0.764	O2):32.167	
O1):-0.797	O2):37.153	
O1):-0.776	O2):32.64	
O1):-0.816	O2):38.223	
O1):-0.821	O2):43.744	
O1):-0.824	O2):42.482	
O1):-0.718	O2):27.737	
O1):-0.8	O2):37.724	
O1):-0.825	O2):42.781	
O1):-0.799	O2):37.536	
O1):-0.761	O2):31.957	
O1):-0.776	O2):33.557	
O1):-0.844	O2):49.943	
O1):-0.784	O2):33.662	
O1):-0.765	O2):34.532	
O1):-0.833	O2):43.28	
O1):-0.825	O2):42.706	
O1):-0.8	O2):37.42	
O1):-0.774	O2):33.457	
O1):-0.795	O2):37.121	
O1):-0.769	O2):36.282	
O1):-0.821	O1):-0.836	O2):43.195	O2):44.16	

O1):-0.815	O2):39.811	
O1):-0.784	O2):36.971	
O1):-0.795	O2):37.121	
O1):-0.697	O2):26.873	
O1):-0.723	O2):28.805	
O1):-0.76	O2):32.411	
O1):-0.817	O2):43.043	
O1):-0.775	O2):33.51	
O1):-0.854	O2):49.482	
O1):-0.816	O2):39.581	
O1):-0.841	O2):47.864	
O1):-0.807	O2):38.542	
O1):-0.76	O2):32.176	
O1):-0.854	O2):49.54	
O1):-0.762	O2):32.527	
O1):-0.727	O2):31.017	
O1):-0.819	O2):38.667	
O1):-0.827	O2):43.068	
O1):-0.764	O2):32.141	
O1):-0.759	O2):31.465	
O1):-0.759	O2):31.465	
O1):-0.779	O2):33.338	
O1):-0.795	O2):37.121	
O1):-0.759	O2):31.465	
O1):-0.768	O2):32.95	
O1):-0.702	O2):27.132	
O1):-0.723	O2):28.774	
Starting PrismExecutor worker 2 on port 11422
O1):-0.835	O2):46.866	
Connected worker 2 to port 11422
O1):-0.779	O2):33.334	
O1):-0.832	O2):43.036	
O1):-0.816	O2):38.99	
O1):-0.826	O2):43.83	
O1):-0.862	O2):54.882	
O1):-0.772	O2):32.393	
O1):-0.708	O2):28.246	
O1):-0.702	O2):27.212	
O1):-0.803	O2):37.863	
O1):-0.718	O2):27.767	
O1):-0.7	O2):27.188	
O1):-0.804	O2):38.594	
O1):-0.772	O2):40.968	
O1):-0.748	O2):32.973	
O1):-0.778	O2):33.233	
O1):-0.789	O2):38.057	
O1):-0.7	O2):27.187	
O1):-0.779	O2):33.199	
O1):-0.76	O2):31.66	
O1):-0.795	O2):37.3	
O1):-0.765	O2):32.23	
O1):-0.814	O2):39.73	
O1):-0.741	O2):32.168	
O1):-0.843	O2):49.418	
O1):-0.786	O2):34.091	
O1):-0.841	O2):48.463	
O1):-0.767	O2):32.57	
O1):-0.767	O2):32.616	
O1):-0.816	O2):38.991	
O1):-0.826	O2):43.332	
O1):-0.723	O2):30.546	
O1):-0.833	O2):44.085	
O1):-0.835	O2):44.855	
O1):-0.841	O2):48.442	
O1):-0.719	O2):27.717	
O1):-0.826	O2):42.912	
O1):-0.828	O2):43.323	
O1):-0.841	O2):48.06	
O1):-0.787	O2):34.416	
O1):-0.795	O2):34.137	
O1):-0.863	O2):54.294	
O1):-0.843	O2):49.418	
O1):-0.78	O2):33.514	
O1):-0.835	O2):48.19	
O1):-0.775	O2):33.51	
O1):-0.779	O2):34.063	
O1):-0.836	O2):44.37	
O1):-0.863	O2):54.296	
O1):-0.832	O2):43.178	
O1):-0.796	O2):37.951	
O1):-0.761	O2):31.78	
O1):-0.843	O2):49.418	
O1):-0.797	O2):37.155	
O1):-0.762	O2):32.249	
O1):-0.724	O2):28.904	
O1):-0.818	O2):40.365	
O1):-0.767	O2):32.453	
O1):-0.701	O2):27.91	
O1):-0.762	O2):32.527	
O1):-0.837	O2):44.357	
O1):-0.797	O2):37.737	
O1):-0.76	O2):32.174	
O1):-0.816	O2):47.137	
O1):-0.779	O2):33.402	
O1):-0.782	O2):33.779	
O1):-0.819	O2):38.667	
O1):-0.728	O2):29.298	
O1):-0.853	O2):49.189	
O1):-0.759	O2):31.62	
O1):-0.8	O2):37.42	
O1):-0.758	O2):31.393	
O1):-0.748	O2):31.326	
O1):-0.835	O2):43.894	
O1):-0.743	O2):31.121	
O1):-0.706	O2):27.526	
O1):-0.772	O2):33.528	
O1):-0.834	O2):47.528	
O1):-0.718	O2):28.208	
O1):-0.808	O2):38.673	
O1):-0.707	O2):27.414	
O1):-0.671	O2):26.524	
O1):-0.779	O2):33.199	
O1):-0.834	O2):44.931	
O1):-0.862	O2):54.149	
O1):-0.704	O2):27.812	
O1):-0.862	O2):54.882	
O1):-0.747	O2):31.174	
O1):-0.819	O2):38.667	
O1):-0.803	O2):37.864	
O1):-0.85	O2):48.291	
O1):-0.835	O2):48.19	
O1):-0.793	O2):35.258	
O1):-0.762	O2):32.249	
O1):-0.675	O2):27.233	
O1):-0.773	O2):32.527	
O1):-0.767	O2):33.234	
O1):-0.807	O2):38.541	
O1):-0.844	O2):49.129	
O1):-0.822	O2):39.209	
Starting PrismExecutor worker 5 on port 11435
O1):-0.771	O2):33.985	
Connected worker 5 to port 11435
O1):-0.793	O2):37.079	
O1):-0.728	O2):29.298	
O1):-0.704	O2):27.202	
O1):-0.842	O2):48.611	
O1):-0.859	O2):54.152	
O1):-0.692	O2):27.589	
O1):-0.834	O2):47.528	
O1):-0.725	O2):28.901	
O1):-0.817	O2):42.404	
O1):-0.684	O2):30.635	
O1):-0.764	O2):32.634	
O1):-0.759	O2):32.077	
O1):-0.701	O2):27.182	
O1):-0.758	O2):31.336	
O1):-0.759	O2):32.077	
O1):-0.825	O2):42.496	
O1):-0.798	O2):34.835	
O1):-0.824	O2):42.47	
O1):-0.82	O2):38.851	
O1):-0.791	O2):34.309	
O1):-0.703	O2):28.06	
O1):-0.827	O2):44.109	
O1):-0.811	O2):39.498	
O1):-0.797	O2):35.6	
O1):-0.771	O2):33.506	
O1):-0.761	O2):32.428	
O1):-0.718	O2):27.737	
O1):-0.799	O2):37.324	
O1):-0.724	O2):28.904	
O1):-0.817	O2):42.044	
O1):-0.794	O2):34.572	
O1):-0.741	O2):31.192	
O1):-0.834	O2):43.418	
O1):-0.859	O2):54.152	
O1):-0.778	O2):35.697	
O1):-0.703	O2):27.683	
O1):-0.784	O2):33.717	
O1):-0.778	O2):33.162	
O1):-0.751	O2):32.692	
O1):-0.818	O2):42.545	
O1):-0.759	O2):31.62	
O1):-0.708	O2):27.443	
O1):-0.701	O2):26.9	
O1):-0.85	O2):48.291	
O1):-0.748	O2):32.12	
O1):-0.707	O2):27.414	
O1):-0.788	O2):34.546	
O1):-0.786	O2):34.946	
O1):-0.777	O2):33.3	
O1):-0.762	O2):32.207	
O1):-0.805	O2):38.332	
O1):-0.702	O2):27.599	
O1):-0.758	O2):31.948	
O1):-0.784	O2):38.614	
O1):-0.779	O2):38.316	
O1):-0.723	O2):28.774	
O1):-0.833	O2):42.512	
O1):-0.767	O2):32.616	
O1):-0.779	O2):34.447	
O1):-0.818	O2):38.363	
O1):-0.764	O2):32.173	
O1):-0.73	O2):31.351	
O1):-0.791	O2):36.886	
O1):-0.794	O2):35.453	
O1):-0.801	O2):45.725	
O1):-0.77	O2):33.539	
O1):-0.784	O2):38.432	
O1):-0.825	O2):43.375	
O1):-0.776	O2):36.986	
O1):-0.723	O2):28.687	
O1):-0.76	O2):31.875	
O1):-0.837	O2):44.139	
O1):-0.794	O2):35.453	
O1):-0.773	O2):32.536	
O1):-0.768	O2):33.15	
O1):-0.811	O2):39.028	
O1):-0.819	O2):38.735	
O1):-0.801	O2):37.676	
O1):-0.763	O2):32.196	
O1):-0.825	O2):42.706	
O1):-0.701	O2):26.904	
O1):-0.801	O2):37.618	
O1):-0.776	O2):33.557	
O1):-0.745	O2):31.163	
O1):-0.701	O2):26.9	
O1):-0.809	O2):38.538	
O1):-0.75	O2):32.526	
O1):-0.795	O2):37.479	
O1):-0.819	O2):38.734	
O1):-0.792	O2):38.877	
O1):-0.806	O2):38.258	
O1):-0.751	O2):32.662	
O1):-0.858	O2):54.129	
O1):-0.728	O2):29.298	
O1):-0.809	O2):38.686	
O1):-0.8	O2):38.352	
O1):-0.785	O2):38.831	
O1):-0.77	O2):32.6	
Starting PrismExecutor worker 3 on port 11463
O1):-0.749	O2):34.137	
O1):-0.837	O2):57.983	
Connected worker 3 to port 11463
O1):-0.808	O2):42.137	
O1):-0.854	O2):58.578	
O1):-0.792	O2):35.317	
O1):-0.836	O2):44.003	
O1):-0.689	O2):27.022	
O1):-0.778	O2):34.054	
O1):-0.802	O2):37.767	
O1):-0.741	O2):31.178	
O1):-0.786	O2):34.091	
Evaluations:	2000
O1):-0.723	O2):28.329	
O1):-0.833	O2):43.644	
O1):-0.768	O2):32.778	
O1):-0.765	O2):32.475	
O1):-0.819	O2):38.667	
O1):-0.804	O2):38.593	
O1):-0.799	O2):37.922	
O1):-0.756	O2):31.62	
O1):-0.705	O2):27.466	
O1):-0.713	O2):30.565	
O1):-0.77	O2):32.539	
O1):-0.772	O2):33.525	
O1):-0.707	O2):27.414	
O1):-0.759	O2):33.214	
O1):-0.756	O2):31.652	
O1):-0.816	O2):37.766	
O1):-0.771	O2):32.95	
O1):-0.765	O2):32.2	
O1):-0.834	O2):43.609	
O1):-0.786	O2):37.856	
O1):-0.671	O2):26.53	
O1):-0.671	O2):26.524	
O1):-0.787	O2):34.053	
O1):-0.723	O2):28.756	
O1):-0.739	O2):30.913	
O1):-0.782	O2):33.762	
O1):-0.697	O2):26.873	
O1):-0.725	O2):29.006	
O1):-0.827	O2):43.359	
O1):-0.741	O2):31.077	
O1):-0.854	O2):49.482	
O1):-0.811	O2):38.886	
O1):-0.703	O2):27.242	
O1):-0.827	O2):44.061	
O1):-0.859	O2):53.205	
O1):-0.81	O2):39.03	
O1):-0.761	O2):31.851	
O1):-0.758	O2):31.856	
O1):-0.671	O2):26.524	
O1):-0.803	O2):38.041	
O1):-0.823	O2):43.134	
O1):-0.782	O2):33.746	
O1):-0.759	O2):31.62	
O1):-0.842	O2):48.077	
O1):-0.76	O2):33.575	
O1):-0.769	O2):32.581	
O1):-0.827	O2):43.468	
O1):-0.827	O2):43.506	
O1):-0.795	O2):37.121	
O1):-0.808	O2):38.692	
O1):-0.705	O2):27.466	
O1):-0.784	O2):36.474	
O1):-0.82	O2):38.84	
O1):-0.781	O2):36.742	
O1):-0.732	O2):31.434	
O1):-0.842	O2):49.407	
O1):-0.76	O2):31.66	
O1):-0.761	O2):32.428	
O1):-0.835	O2):44.855	
O1):-0.764	O2):32.173	
O1):-0.707	O2):27.414	
O1):-0.763	O2):32.224	
O1):-0.777	O2):33.742	
O1):-0.82	O2):38.84	
O1):-0.692	O2):27.264	
O1):-0.808	O2):38.678	
O1):-0.723	O2):28.688	
O1):-0.767	O2):32.616	
O1):-0.817	O2):38.041	
O1):-0.821	O2):43.195	
O1):-0.671	O2):26.524	
O1):-0.742	O2):31.526	
O1):-0.834	O2):44.931	
O1):-0.833	O2):44.83	
O1):-0.777	O2):33.333	
O1):-0.741	O2):31.139	
O1):-0.816	O2):37.766	
O1):-0.671	O2):26.524	
O1):-0.752	O2):32.718	
O1):-0.801	O2):37.618	
O1):-0.775	O2):33.51	
O1):-0.833	O2):43.644	
O1):-0.825	O2):42.504	
O1):-0.817	O2):43.302	
O1):-0.758	O2):36.53	
O1):-0.792	O2):43.537	
O1):-0.808	O2):38.722	
O1):-0.808	O2):38.45	
O1):-0.822	O2):39.209	
O1):-0.775	O2):33.509	
O1):-0.841	O2):48.12	
Starting PrismExecutor worker 2 on port 11412
O1):-0.797	O2):37.153	
O1):-0.786	O2):34.091	
Connected worker 2 to port 11412
O1):-0.774	O2):33.844	
O1):-0.818	O2):38.363	
O1):-0.712	O2):28.504	
O1):-0.825	O2):42.743	
O1):-0.776	O2):33.826	
O1):-0.859	O2):54.278	
O1):-0.776	O2):33.557	
O1):-0.819	O2):38.667	
O1):-0.776	O2):36.011	
O1):-0.703	O2):28.02	
O1):-0.862	O2):54.149	
O1):-0.706	O2):28.168	
O1):-0.795	O2):44.44	
O1):-0.811	O2):39.028	
O1):-0.823	O2):43.134	
O1):-0.727	O2):28.733	
O1):-0.767	O2):33.103	
O1):-0.744	O2):30.402	
O1):-0.767	O2):32.616	
O1):-0.746	O2):31.271	
O1):-0.778	O2):33.154	
O1):-0.779	O2):33.402	
O1):-0.778	O2):33.233	
O1):-0.825	O2):42.504	
O1):-0.85	O2):53.993	
Evaluations:	1700
O1):-0.776	O2):35.972	
O1):-0.779	O2):33.36	
O1):-0.838	O2):44.673	
O1):-0.737	O2):31.478	
O1):-0.741	O2):31.065	
O1):-0.823	O2):43.928	
O1):-0.775	O2):35.795	
O1):-0.785	O2):43.991	
O1):-0.786	O2):34.091	
O1):-0.766	O2):33.842	
O1):-0.825	O2):42.706	
O1):-0.741	O2):31.139	
O1):-0.671	O2):26.524	
O1):-0.761	O2):32.428	
O1):-0.76	O2):31.733	
O1):-0.759	O2):31.736	
O1):-0.768	O2):33.588	
O1):-0.756	O2):31.62	
O1):-0.692	O2):27.589	
O1):-0.741	O2):31.139	
O1):-0.822	O2):39.209	
O1):-0.815	O2):39.811	
O1):-0.761	O2):31.781	
O1):-0.8	O2):37.484	
O1):-0.855	O2):54.571	
O1):-0.834	O2):48.44	
O1):-0.834	O2):44.934	
O1):-0.827	O2):44.578	
O1):-0.8	O2):37.806	
O1):-0.788	O2):34.402	
O1):-0.774	O2):33.038	
O1):-0.801	O2):42.876	
O1):-0.748	O2):32.972	
Evaluations:	1600
O1):-0.816	O2):37.766	
O1):-0.761	O2):31.875	
O1):-0.702	O2):27.212	
O1):-0.792	O2):36.758	
O1):-0.721	O2):28.564	
O1):-0.841	O2):47.864	
O1):-0.757	O2):31.613	
O1):-0.762	O2):32.207	
O1):-0.833	O2):43.531	
O1):-0.794	O2):34.572	
O1):-0.763	O2):34.356	
O1):-0.762	O2):32.207	
O1):-0.758	O2):31.856	
O1):-0.768	O2):32.845	
O1):-0.816	O2):38.99	
O1):-0.756	O2):31.62	
O1):-0.815	O2):39.867	
O1):-0.786	O2):33.926	
O1):-0.734	O2):31.452	
O1):-0.715	O2):30.732	
O1):-0.801	O2):37.508	
O1):-0.759	O2):32.016	
O1):-0.836	O2):44.391	
O1):-0.756	O2):31.381	
O1):-0.761	O2):32.428	
O1):-0.759	O2):31.664	
O1):-0.82	O2):40.717	
O1):-0.816	O2):37.766	
O1):-0.816	O2):38.99	
O1):-0.776	O2):32.852	
O1):-0.813	O2):39.558	
O1):-0.78	O2):36.507	
Evaluations:	1800
O1):-0.705	O2):27.432	
O1):-0.815	O2):37.742	
O1):-0.786	O2):33.928	
Starting PrismExecutor worker 5 on port 11495
O1):-0.813	O2):39.558	
O1):-0.805	O2):38.332	
Connected worker 5 to port 11495
O1):-0.717	O2):31.838	
O1):-0.767	O2):32.739	
O1):-0.818	O2):38.238	
O1):-0.703	O2):27.752	
O1):-0.833	O2):43.516	
O1):-0.653	O2):26.432	
O1):-0.725	O2):28.901	
O1):-0.723	O2):28.832	
O1):-0.775	O2):32.787	
O1):-0.745	O2):31.155	
O1):-0.725	O2):30.734	
O1):-0.78	O2):33.342	
O1):-0.78	O2):33.342	
O1):-0.761	O2):31.875	
O1):-0.832	O2):43.036	
O1):-0.819	O2):38.667	
O1):-0.855	O2):54.571	
O1):-0.843	O2):49.418	
O1):-0.771	O2):32.95	
O1):-0.723	O2):28.687	
O1):-0.721	O2):28.583	
O1):-0.767	O2):35.579	
O1):-0.702	O2):27.217	
O1):-0.832	O2):44.285	
O1):-0.701	O2):26.898	
O1):-0.725	O2):29.394	
O1):-0.762	O2):32.207	
O1):-0.851	O2):49.988	
Evaluations:	1700
O1):-0.792	O2):35.317	
O1):-0.8	O2):37.42	
O1):-0.778	O2):33.618	
O1):-0.855	O2):54.571	
O1):-0.775	O2):32.899	
O1):-0.702	O2):27.599	
O1):-0.674	O2):26.742	
O1):-0.813	O2):39.311	
O1):-0.671	O2):26.489	
O1):-0.833	O2):43.516	
O1):-0.671	O2):26.489	
O1):-0.697	O2):26.829	
O1):-0.77	O2):32.749	
O1):-0.813	O2):39.558	
O1):-0.814	O2):37.667	
O1):-0.82	O2):40.717	
O1):-0.851	O2):48.59	
O1):-0.673	O2):26.725	
O1):-0.771	O2):32.95	
O1):-0.828	O2):43.323	
Evaluations:	1900
O1):-0.782	O2):33.721	
O1):-0.75	O2):32.034	
O1):-0.759	O2):31.465	
O1):-0.784	O2):36.445	
O1):-0.801	O2):37.437	
O1):-0.817	O2):39.834	
O1):-0.776	O2):32.627	
O1):-0.706	O2):27.588	
O1):-0.834	O2):47.528	
O1):-0.761	O2):32.428	
O1):-0.837	O2):44.278	
O1):-0.82	O2):40.717	
O1):-0.701	O2):26.884	
O1):-0.788	O2):39.646	
O1):-0.78	O2):33.643	
O1):-0.805	O2):38.333	
O1):-0.793	O2):40.94	
O1):-0.803	O2):42.544	
O1):-0.702	O2):27.096	
O1):-0.721	O2):29.13	
O1):-0.834	O2):43.682	
O1):-0.808	O2):38.692	
O1):-0.73	O2):31.351	
O1):-0.745	O2):31.147	
O1):-0.774	O2):35.573	
O1):-0.726	O2):30.939	
O1):-0.799	O2):37.303	
O1):-0.825	O2):42.478	
O1):-0.759	O2):31.465	
O1):-0.825	O2):42.478	
O1):-0.828	O2):43.415	
O1):-0.723	O2):28.756	
O1):-0.802	O2):38.257	
Evaluations:	1800
O1):-0.725	O2):30.688	
O1):-0.817	O2):40.272	
O1):-0.836	O2):43.37	
O1):-0.723	O2):28.792	
O1):-0.817	O2):39.834	
O1):-0.837	O2):44.139	
O1):-0.775	O2):38.353	
O1):-0.819	O2):38.667	
O1):-0.8	O2):37.42	
O1):-0.724	O2):28.904	
O1):-0.766	O2):32.495	
O1):-0.791	O2):36.886	
O1):-0.709	O2):27.667	
O1):-0.701	O2):27.396	
O1):-0.697	O2):26.829	
O1):-0.725	O2):30.734	
O1):-0.759	O2):32.078	
O1):-0.748	O2):32.195	
Starting PrismExecutor worker 0 on port 11410
O1):-0.741	O2):31.065	
Connected worker 0 to port 11410
O1):-0.775	O2):32.771	
O1):-0.863	O2):54.294	
O1):-0.837	O2):44.139	
O1):-0.781	O2):33.761	
O1):-0.729	O2):29.351	
O1):-0.8	O2):37.724	
O1):-0.793	O2):36.827	
O1):-0.834	O2):45.16	
O1):-0.742	O2):29.279	
O1):-0.69	O2):27.266	
O1):-0.774	O2):32.962	
O1):-0.828	O2):43.323	
O1):-0.814	O2):39.73	
O1):-0.763	O2):33.499	
O1):-0.8	O2):37.724	
O1):-0.77	O2):33.912	
O1):-0.832	O2):43.036	
O1):-0.779	O2):33.081	
Evaluations:	1800
O1):-0.837	O2):57.983	
O1):-0.759	O2):32.077	
O1):-0.767	O2):32.453	
O1):-0.808	O2):38.692	
O1):-0.834	O2):49.002	
O1):-0.706	O2):28.168	
O1):-0.701	O2):26.9	
O1):-0.678	O2):27.173	
O1):-0.767	O2):32.622	
O1):-0.717	O2):31.885	
O1):-0.833	O2):46.27	
O1):-0.787	O2):34.158	
O1):-0.721	O2):28.971	
O1):-0.749	O2):35.37	
O1):-0.797	O2):37.527	
O1):-0.746	O2):31.479	
O1):-0.766	O2):32.453	
O1):-0.772	O2):33.493	
O1):-0.7	O2):27.188	
O1):-0.784	O2):36.445	
O1):-0.807	O2):38.495	
O1):-0.835	O2):48.188	
O1):-0.756	O2):31.381	
O1):-0.836	O2):43.37	
O1):-0.797	O2):36.966	
O1):-0.759	O2):32.046	
O1):-0.843	O2):48.703	
O1):-0.843	O2):49.418	
O1):-0.851	O2):49.988	
O1):-0.723	O2):28.774	
O1):-0.671	O2):26.551	
O1):-0.641	O2):26.46	
O1):-0.808	O2):39.279	
O1):-0.741	O2):31.193	
O1):-0.756	O2):32.803	
O1):-0.843	O2):49.437	
O1):-0.855	O2):54.571	
O1):-0.859	O2):53.205	
O1):-0.694	O2):27.278	
O1):-0.811	O2):39.028	
O1):-0.768	O2):32.575	
O1):-0.675	O2):27.233	
O1):-0.711	O2):30.306	
O1):-0.821	O2):39.071	
O1):-0.82	O2):38.825	
O1):-0.801	O2):37.584	
O1):-0.8	O2):37.745	
O1):-0.709	O2):27.667	
Evaluations:	1700
O1):-0.791	O2):34.309	
O1):-0.719	O2):29.346	
O1):-0.816	O2):37.869	
O1):-0.781	O2):33.457	
O1):-0.715	O2):30.596	
O1):-0.763	O2):34.08	
O1):-0.825	O2):42.473	
O1):-0.725	O2):30.734	
O1):-0.844	O2):49.129	
O1):-0.786	O2):34.711	
O1):-0.834	O2):43.418	
O1):-0.762	O2):32.205	
O1):-0.702	O2):27.096	
O1):-0.701	O2):27.201	
O1):-0.854	O2):49.482	
O1):-0.821	O2):42.892	
O1):-0.786	O2):33.928	
O1):-0.79	O2):34.816	
O1):-0.821	O2):39.075	
O1):-0.77	O2):33.681	
O1):-0.78	O2):33.502	
O1):-0.811	O2):39.261	
O1):-0.786	O2):33.923	
O1):-0.801	O2):37.521	
O1):-0.821	O2):42.892	
Starting PrismExecutor worker 4 on port 11494
O1):-0.715	O2):30.732	
Connected worker 4 to port 11494
O1):-0.775	O2):32.899	
O1):-0.761	O2):32.2	
O1):-0.784	O2):36.593	
O1):-0.816	O2):38.99	
O1):-0.825	O2):42.57	
O1):-0.723	O2):28.688	
O1):-0.739	O2):29.391	
O1):-0.825	O2):42.654	
O1):-0.701	O2):27.396	
O1):-0.766	O2):32.873	
O1):-0.762	O2):32.143	
O1):-0.79	O2):34.334	
O1):-0.779	O2):33.402	
O1):-0.7	O2):27.187	
O1):-0.762	O2):32.143	
O1):-0.854	O2):54.3	
O1):-0.741	O2):31.139	
O1):-0.822	O2):43.395	
O1):-0.8	O2):37.941	
O1):-0.786	O2):33.65	
O1):-0.704	O2):27.202	
O1):-0.791	O2):34.436	
O1):-0.675	O2):26.738	
O1):-0.759	O2):31.62	
O1):-0.718	O2):27.453	
O1):-0.734	O2):31.452	
O1):-0.834	O2):43.609	
O1):-0.834	O2):43.641	
O1):-0.755	O2):31.348	
O1):-0.76	O2):32.412	
O1):-0.701	O2):26.898	
O1):-0.817	O2):37.908	
O1):-0.73	O2):31.351	
O1):-0.767	O2):36.598	
O1):-0.843	O2):48.703	
O1):-0.753	O2):32.847	
O1):-0.696	O2):26.818	
O1):-0.77	O2):32.599	
O1):-0.842	O2):49.407	
O1):-0.817	O2):37.908	
O1):-0.723	O2):28.774	
O1):-0.777	O2):32.814	
O1):-0.707	O2):27.468	
O1):-0.776	O2):33.557	
O1):-0.801	O2):37.342	
O1):-0.784	O2):34.027	
O1):-0.771	O2):32.484	
O1):-0.671	O2):26.53	
O1):-0.82	O2):40.717	
O1):-0.762	O2):32.249	
O1):-0.777	O2):32.814	
O1):-0.797	O2):34.671	
O1):-0.783	O2):33.833	
O1):-0.73	O2):31.351	
O1):-0.7	O2):27.002	
O1):-0.749	O2):32.825	
O1):-0.745	O2):31.157	
O1):-0.76	O2):34.754	
O1):-0.741	O2):31.144	
O1):-0.709	O2):27.702	
O1):-0.814	O2):39.726	
O1):-0.818	O2):40.529	
O1):-0.85	O2):48.565	
O1):-0.817	O2):37.908	
O1):-0.757	O2):31.613	
O1):-0.815	O2):39.811	
O1):-0.833	O2):43.514	
O1):-0.795	O2):37.121	
O1):-0.729	O2):29.34	
O1):-0.76	O2):32.168	
O1):-0.762	O2):32.143	
O1):-0.759	O2):31.664	
O1):-0.784	O2):36.474	
O1):-0.768	O2):32.845	
O1):-0.814	O2):37.667	
O1):-0.76	O2):32.176	
O1):-0.78	O2):34.37	
O1):-0.774	O2):33.843	
O1):-0.775	O2):32.636	
O1):-0.835	O2):48.194	
O1):-0.82	O2):38.84	
O1):-0.76	O2):31.733	
O1):-0.815	O2):38.971	
O1):-0.81	O2):39.034	
O1):-0.795	O2):36.824	
O1):-0.794	O2):41.784	
O1):-0.794	O2):41.785	
O1):-0.747	O2):31.174	
O1):-0.743	O2):31.121	
O1):-0.785	O2):38.788	
O1):-0.717	O2):28.753	
O1):-0.798	O2):35.854	
O1):-0.786	O2):33.932	
O1):-0.767	O2):35.342	
O1):-0.803	O2):37.774	
O1):-0.811	O2):39.168	
O1):-0.778	O2):33.233	
O1):-0.757	O2):31.611	
O1):-0.805	O2):38.332	
O1):-0.765	O2):32.194	
O1):-0.671	O2):26.489	
O1):-0.85	O2):48.289	
O1):-0.759	O2):31.62	
O1):-0.823	O2):42.978	
O1):-0.781	O2):33.812	
O1):-0.784	O2):36.555	
Starting PrismExecutor worker 1 on port 11461
Starting PrismExecutor worker 0 on port 11400
O1):-0.813	O2):39.552	
O1):-0.791	O2):34.431	
O1):-0.79	O2):37.066	
O1):-0.78	O2):33.514	
O1):-0.776	O2):32.852	
O1):-0.748	O2):32.063	
Connected worker 1 to port 11461
Connected worker 0 to port 11400
O1):-0.828	O2):43.491	
O1):-0.816	O2):37.766	
O1):-0.782	O2):33.497	
O1):-0.757	O2):31.979	
O1):-0.779	O2):33.081	
O1):-0.786	O2):33.648	
O1):-0.795	O2):37.304	
O1):-0.759	O2):31.62	
O1):-0.767	O2):32.453	
O1):-0.817	O2):38.022	
O1):-0.772	O2):40.89	
O1):-0.772	O2):32.56	
O1):-0.834	O2):44.933	
O1):-0.74	O2):33.042	
O1):-0.741	O2):31.139	
O1):-0.834	O2):47.528	
O1):-0.717	O2):28.167	
O1):-0.834	O2):43.649	
O1):-0.775	O2):38.332	
O1):-0.76	O2):31.732	
O1):-0.772	O2):33.493	
O1):-0.787	O2):34.067	
O1):-0.816	O2):38.99	
O1):-0.779	O2):33.32	
O1):-0.706	O2):28.168	
O1):-0.817	O2):42.403	
O1):-0.818	O2):38.363	
O1):-0.834	O2):47.528	
O1):-0.714	O2):30.696	
O1):-0.851	O2):49.988	
O1):-0.751	O2):31.764	
O1):-0.714	O2):27.78	
O1):-0.794	O2):34.572	
O1):-0.73	O2):31.351	
O1):-0.728	O2):29.298	
O1):-0.853	O2):49.17	
O1):-0.798	O2):35.854	
O1):-0.797	O2):35.741	
O1):-0.778	O2):33.201	
O1):-0.794	O2):34.572	
O1):-0.733	O2):32.247	
O1):-0.746	O2):31.362	
O1):-0.853	O2):49.189	
O1):-0.721	O2):27.723	
O1):-0.726	O2):28.867	
O1):-0.701	O2):27.211	
O1):-0.784	O2):36.456	
O1):-0.703	O2):27.152	
O1):-0.833	O2):43.517	
O1):-0.785	O2):34.709	
O1):-0.833	O2):43.28	
O1):-0.831	O2):42.9	
O1):-0.759	O2):31.465	
O1):-0.675	O2):26.738	
O1):-0.811	O2):38.981	
O1):-0.783	O2):33.665	
O1):-0.835	O2):43.821	
O1):-0.79	O2):33.768	
O1):-0.745	O2):31.155	
O1):-0.825	O2):42.496	
O1):-0.701	O2):26.905	
O1):-0.719	O2):27.717	
O1):-0.801	O2):37.342	
O1):-0.775	O2):32.899	
O1):-0.786	O2):33.648	
O1):-0.747	O2):30.288	
O1):-0.795	O2):37.121	
O1):-0.776	O2):33.557	
O1):-0.836	O2):45.441	
O1):-0.826	O2):43.332	
O1):-0.76	O2):32.168	
O1):-0.758	O2):31.336	
O1):-0.793	O2):37.522	
O1):-0.797	O2):37.153	
O1):-0.789	O2):33.934	
O1):-0.781	O2):33.834	
O1):-0.764	O2):32.141	
O1):-0.747	O2):30.288	
O1):-0.71	O2):27.695	
O1):-0.817	O2):40.272	
O1):-0.789	O2):34.432	
O1):-0.779	O2):33.081	
O1):-0.756	O2):32.982	
O1):-0.761	O2):32.2	
O1):-0.853	O2):49.189	
O1):-0.778	O2):33.215	
O1):-0.743	O2):33.644	
O1):-0.777	O2):33.595	
O1):-0.775	O2):32.878	
O1):-0.756	O2):31.62	
O1):-0.708	O2):27.443	
O1):-0.854	O2):58.58	
O1):-0.675	O2):26.802	
O1):-0.837	O2):44.139	
O1):-0.81	O2):39.03	
O1):-0.814	O2):39.73	
O1):-0.746	O2):32.321	
O1):-0.811	O2):39.261	
O1):-0.787	O2):34.416	
O1):-0.815	O2):38.989	
O1):-0.819	O2):38.667	
O1):-0.782	O2):39.094	
O1):-0.748	O2):31.632	
O1):-0.836	O2):43.37	
O1):-0.802	O2):39.412	
O1):-0.833	O2):43.28	
O1):-0.728	O2):29.308	
O1):-0.763	O2):32.133	
O1):-0.757	O2):31.613	
O1):-0.746	O2):31.362	
O1):-0.718	O2):28.156	
O1):-0.741	O2):31.065	
O1):-0.795	O2):37.3	
O1):-0.859	O2):53.205	
O1):-0.784	O2):34.27	
O1):-0.832	O2):42.558	
O1):-0.862	O2):54.149	
O1):-0.778	O2):34.09	
O1):-0.759	O2):31.62	
O1):-0.761	O2):32.2	
O1):-0.852	O2):57.71	
O1):-0.705	O2):28.158	
O1):-0.776	O2):33.557	
O1):-0.797	O2):35.741	
O1):-0.761	O2):31.872	
O1):-0.692	O2):27.264	
O1):-0.718	O2):27.767	
O1):-0.786	O2):34.442	
O1):-0.775	O2):38.353	
O1):-0.79	O2):37.243	
O1):-0.653	O2):26.432	
O1):-0.733	O2):28.77	
O1):-0.748	O2):32.729	
O1):-0.767	O2):33.122	
O1):-0.758	O2):31.856	
O1):-0.802	O2):37.676	
O1):-0.798	O2):34.835	
O1):-0.821	O2):39.071	
O1):-0.76	O2):31.733	
O1):-0.845	O2):48.833	
O1):-0.824	O2):42.47	
O1):-0.841	O2):48.442	
O1):-0.839	O2):49.317	
O1):-0.671	O2):26.478	
O1):-0.692	O2):27.264	
O1):-0.77	O2):32.6	
O1):-0.818	O2):38.363	
O1):-0.808	O2):38.45	
O1):-0.775	O2):32.875	
O1):-0.842	O2):49.407	
O1):-0.833	O2):43.71	
O1):-0.782	O2):33.856	
O1):-0.831	O2):53.808	
O1):-0.862	O2):54.149	
O1):-0.783	O2):37.53	
O1):-0.807	O2):38.542	
O1):-0.761	O2):32.428	
Evaluations:	1900
O1):-0.815	O2):39.776	
O1):-0.762	O2):32.123	
O1):-0.797	O2):35.741	
O1):-0.784	O2):33.959	
O1):-0.816	O2):37.895	
O1):-0.842	O2):49.407	
O1):-0.821	O2):42.892	
O1):-0.817	O2):42.129	
O1):-0.767	O2):32.622	
O1):-0.747	O2):31.96	
O1):-0.806	O2):39.189	
O1):-0.843	O2):49.418	
O1):-0.793	O2):35.258	
O1):-0.833	O2):43.28	
O1):-0.793	O2):35.258	
O1):-0.759	O2):32.046	
O1):-0.786	O2):34.442	
O1):-0.782	O2):33.856	
O1):-0.806	O2):43.298	
O1):-0.775	O2):32.878	
O1):-0.721	O2):28.564	
O1):-0.762	O2):32.143	
O1):-0.782	O2):33.721	
O1):-0.721	O2):28.971	
O1):-0.809	O2):42.039	
O1):-0.775	O2):32.771	
O1):-0.721	O2):27.723	
O1):-0.795	O2):37.121	
O1):-0.785	O2):33.944	
O1):-0.76	O2):31.875	
O1):-0.724	O2):28.945	
O1):-0.832	O2):42.558	
O1):-0.756	O2):31.381	
O1):-0.825	O2):42.504	
O1):-0.838	O2):44.62	
O1):-0.798	O2):37.857	
O1):-0.759	O2):31.664	
Starting PrismExecutor worker 1 on port 11401
Connected worker 1 to port 11401
O1):-0.72	O2):27.749	
O1):-0.776	O2):32.852	
O1):-0.791	O2):34.309	
O1):-0.811	O2):39.171	
O1):-0.824	O2):42.47	
O1):-0.824	O2):42.47	
O1):-0.811	O2):40.46	
O1):-0.817	O2):37.908	
O1):-0.776	O2):33.557	
O1):-0.825	O2):42.496	
O1):-0.842	O2):48.077	
O1):-0.788	O2):34.47	
O1):-0.776	O2):33.153	
O1):-0.717	O2):31.885	
O1):-0.774	O2):34.044	
O1):-0.788	O2):34.606	
O1):-0.761	O2):31.976	
O1):-0.702	O2):27.599	
O1):-0.802	O2):43.611	
O1):-0.76	O2):31.733	
O1):-0.741	O2):31.193	
O1):-0.777	O2):33.055	
O1):-0.759	O2):31.465	
O1):-0.819	O2):38.667	
O1):-0.762	O2):32.123	
O1):-0.726	O2):28.73	
O1):-0.795	O2):34.137	
O1):-0.793	O2):38.038	
O1):-0.761	O2):34.054	
O1):-0.697	O2):26.829	
O1):-0.674	O2):26.72	
O1):-0.803	O2):37.774	
O1):-0.85	O2):48.083	
O1):-0.744	O2):30.33	
O1):-0.796	O2):36.566	
O1):-0.763	O2):34.056	
O1):-0.759	O2):31.592	
O1):-0.784	O2):33.662	
O1):-0.733	O2):28.783	
O1):-0.789	O2):37.122	
O1):-0.773	O2):32.517	
O1):-0.841	O2):47.864	
O1):-0.777	O2):35.682	
O1):-0.761	O2):32.2	
O1):-0.767	O2):33.147	
O1):-0.801	O2):37.807	
O1):-0.825	O2):42.504	
O1):-0.76	O2):32.168	
O1):-0.786	O2):34.091	
O1):-0.794	O2):34.572	
O1):-0.76	O2):31.66	
O1):-0.76	O2):32.17	
O1):-0.774	O2):32.962	
O1):-0.82	O2):40.717	
O1):-0.8	O2):38.224	
O1):-0.799	O2):37.303	
O1):-0.786	O2):33.928	
O1):-0.795	O2):34.137	
O1):-0.812	O2):37.976	
O1):-0.78	O2):33.513	
O1):-0.806	O2):38.272	
O1):-0.815	O2):39.822	
O1):-0.783	O2):33.625	
O1):-0.825	O2):42.792	
O1):-0.708	O2):27.443	
O1):-0.761	O2):31.875	
O1):-0.794	O2):36.597	
O1):-0.842	O2):49.407	
O1):-0.859	O2):54.278	
O1):-0.768	O2):33.588	
O1):-0.757	O2):31.613	
O1):-0.826	O2):43.456	
O1):-0.727	O2):31.043	
O1):-0.85	O2):53.993	
O1):-0.792	O2):35.317	
O1):-0.813	O2):39.311	
O1):-0.747	O2):31.174	
O1):-0.781	O2):33.32	
O1):-0.795	O2):37.3	
O1):-0.812	O2):39.257	
O1):-0.696	O2):26.818	
O1):-0.833	O2):44.085	
O1):-0.819	O2):38.734	
O1):-0.822	O2):44.118	
O1):-0.787	O2):37.268	
O1):-0.776	O2):37.761	
O1):-0.762	O2):33.83	
O1):-0.845	O2):49.13	
O1):-0.717	O2):31.885	
O1):-0.792	O2):34.835	
O1):-0.851	O2):49.959	
O1):-0.767	O2):35.343	
O1):-0.704	O2):27.202	
O1):-0.778	O2):35.826	
O1):-0.69	O2):27.257	
O1):-0.782	O2):33.721	
O1):-0.843	O2):48.703	
O1):-0.786	O2):33.93	
O1):-0.817	O2):37.908	
O1):-0.741	O2):31.162	
O1):-0.801	O2):37.618	
O1):-0.786	O2):37.36	
O1):-0.772	O2):32.393	
O1):-0.767	O2):32.616	
O1):-0.757	O2):31.611	
O1):-0.703	O2):27.695	
O1):-0.697	O2):26.873	
O1):-0.799	O2):37.171	
Starting PrismExecutor worker 3 on port 11403
Connected worker 3 to port 11403
O1):-0.816	O2):38.193	
O1):-0.642	O2):26.436	
O1):-0.81	O2):38.772	
O1):-0.792	O2):34.835	
O1):-0.777	O2):32.814	
O1):-0.784	O2):33.789	
O1):-0.808	O2):38.692	
O1):-0.813	O2):39.385	
O1):-0.811	O2):38.905	
O1):-0.768	O2):33.203	
O1):-0.737	O2):31.478	
O1):-0.723	O2):28.7	
O1):-0.726	O2):30.94	
O1):-0.777	O2):33.595	
O1):-0.835	O2):43.821	
O1):-0.746	O2):31.271	
O1):-0.834	O2):47.528	
O1):-0.759	O2):31.62	
O1):-0.815	O2):37.825	
O1):-0.842	O2):48.077	
O1):-0.82	O2):40.717	
O1):-0.836	O2):44.16	
O1):-0.842	O2):49.407	
O1):-0.816	O2):37.869	
O1):-0.843	O2):49.418	
O1):-0.843	O2):49.418	
O1):-0.835	O2):43.894	
O1):-0.775	O2):33.048	
O1):-0.775	O2):33.509	
O1):-0.782	O2):36.349	
O1):-0.717	O2):31.885	
O1):-0.732	O2):31.335	
O1):-0.702	O2):27.599	
O1):-0.698	O2):27.082	
O1):-0.703	O2):27.242	
O1):-0.758	O2):31.336	
O1):-0.818	O2):42.545	
O1):-0.715	O2):30.732	
O1):-0.826	O2):42.912	
O1):-0.797	O2):35.6	
O1):-0.776	O2):32.852	
O1):-0.797	O2):37.735	
O1):-0.786	O2):33.648	
O1):-0.85	O2):48.291	
O1):-0.771	O2):33.93	
O1):-0.795	O2):34.137	
O1):-0.795	O2):37.121	
O1):-0.758	O2):33.803	
O1):-0.79	O2):37.2	
O1):-0.739	O2):32.733	
O1):-0.82	O2):38.84	
O1):-0.723	O2):28.272	
O1):-0.77	O2):32.749	
O1):-0.802	O2):42.926	
O1):-0.818	O2):38.363	
O1):-0.697	O2):26.873	
O1):-0.835	O2):48.191	
O1):-0.817	O2):42.019	
O1):-0.79	O2):34.334	
O1):-0.783	O2):33.833	
O1):-0.794	O2):34.572	
O1):-0.797	O2):35.741	
O1):-0.761	O2):32.206	
O1):-0.808	O2):38.718	
O1):-0.806	O2):38.258	
O1):-0.818	O2):40.365	
O1):-0.837	O2):57.983	
O1):-0.827	O2):43.068	
O1):-0.843	O2):49.435	
O1):-0.714	O2):30.696	
O1):-0.721	O2):27.723	
O1):-0.725	O2):29.006	
O1):-0.747	O2):31.175	
O1):-0.764	O2):32.141	
O1):-0.821	O2):43.195	
O1):-0.724	O2):28.908	
O1):-0.816	O2):37.895	
O1):-0.82	O2):40.717	
O1):-0.834	O2):43.418	
O1):-0.749	O2):32.825	
O1):-0.767	O2):33.103	
O1):-0.794	O2):35.452	
O1):-0.777	O2):33.055	
O1):-0.757	O2):33.13	
O1):-0.671	O2):26.53	
O1):-0.794	O2):36.591	
O1):-0.778	O2):35.813	
O1):-0.8	O2):37.647	
O1):-0.71	O2):27.695	
O1):-0.834	O2):44.931	
O1):-0.748	O2):32.363	
O1):-0.825	O2):42.504	
O1):-0.841	O2):47.864	
O1):-0.761	O2):31.875	
O1):-0.774	O2):32.962	
O1):-0.835	O2):48.19	
O1):-0.707	O2):27.414	
O1):-0.653	O2):26.455	
O1):-0.778	O2):37.564	
O1):-0.825	O2):42.782	
O1):-0.806	O2):38.258	
O1):-0.771	O2):33.488	
O1):-0.801	O2):37.342	
Starting PrismExecutor worker 2 on port 11402
O1):-0.786	O2):33.928	
Connected worker 2 to port 11402
O1):-0.768	O2):33.589	
O1):-0.671	O2):26.478	
O1):-0.826	O2):42.767	
O1):-0.772	O2):32.871	
O1):-0.671	O2):26.524	
O1):-0.78	O2):34.539	
O1):-0.703	O2):27.752	
Evaluations:	2100
O1):-0.741	O2):31.154	
O1):-0.797	O2):37.705	
O1):-0.724	O2):28.718	
O1):-0.747	O2):31.172	
O1):-0.717	O2):28.166	
O1):-0.744	O2):30.33	
O1):-0.837	O2):44.139	
O1):-0.739	O2):32.126	
O1):-0.674	O2):26.742	
O1):-0.759	O2):32.026	
O1):-0.843	O2):48.703	
O1):-0.703	O2):27.966	
O1):-0.729	O2):29.352	
O1):-0.832	O2):43.546	
O1):-0.795	O2):38.657	
O1):-0.788	O2):34.356	
O1):-0.747	O2):31.174	
O1):-0.818	O2):38.363	
O1):-0.818	O2):38.238	
O1):-0.671	O2):26.489	
O1):-0.778	O2):33.625	
O1):-0.675	O2):26.739	
O1):-0.71	O2):27.695	
O1):-0.805	O2):39.032	
O1):-0.82	O2):38.84	
O1):-0.741	O2):31.139	
O1):-0.834	O2):47.528	
O1):-0.805	O2):38.873	
O1):-0.775	O2):32.836	
O1):-0.781	O2):33.32	
O1):-0.816	O2):37.787	
O1):-0.802	O2):37.37	
O1):-0.769	O2):33.376	
O1):-0.797	O2):37.153	
O1):-0.854	O2):49.482	
O1):-0.804	O2):38.053	
O1):-0.783	O2):36.315	
O1):-0.776	O2):32.852	
O1):-0.772	O2):33.528	
O1):-0.787	O2):34.714	
O1):-0.844	O2):49.943	
O1):-0.853	O2):49.17	
O1):-0.756	O2):31.62	
O1):-0.814	O2):40.598	
O1):-0.779	O2):33.49	
O1):-0.779	O2):33.402	
O1):-0.826	O2):43.332	
O1):-0.824	O2):42.47	
O1):-0.76	O2):32.263	
O1):-0.817	O2):42.019	
O1):-0.843	O2):48.703	
O1):-0.774	O2):32.749	
O1):-0.835	O2):43.819	
O1):-0.836	O2):43.37	
O1):-0.746	O2):31.271	
O1):-0.765	O2):32.198	
O1):-0.759	O2):33.254	
O1):-0.727	O2):28.733	
O1):-0.758	O2):31.854	
O1):-0.747	O2):33.876	
O1):-0.774	O2):35.555	
O1):-0.753	O2):32.846	
O1):-0.816	O2):38.192	
O1):-0.774	O2):32.772	
O1):-0.772	O2):40.639	
O1):-0.743	O2):30.113	
O1):-0.703	O2):27.738	
O1):-0.777	O2):33.594	
O1):-0.76	O2):31.875	
O1):-0.78	O2):33.574	
O1):-0.758	O2):31.848	
O1):-0.782	O2):39.093	
O1):-0.79	O2):34.334	
O1):-0.746	O2):31.271	
O1):-0.804	O2):38.141	
O1):-0.758	O2):31.856	
O1):-0.671	O2):26.53	
O1):-0.786	O2):33.928	
O1):-0.825	O2):42.505	
O1):-0.747	O2):31.68	
O1):-0.703	O2):27.738	
O1):-0.763	O2):34.039	
O1):-0.759	O2):32.024	
O1):-0.794	O2):36.597	
O1):-0.792	O2):34.835	
O1):-0.772	O2):32.56	
O1):-0.841	O2):47.903	
O1):-0.761	O2):31.78	
O1):-0.808	O2):38.673	
O1):-0.758	O2):31.848	
O1):-0.836	O2):43.37	
O1):-0.794	O2):36.597	
O1):-0.754	O2):32.704	
O1):-0.835	O2):43.894	
O1):-0.752	O2):31.395	
O1):-0.759	O2):32.077	
O1):-0.725	O2):28.754	
Starting PrismExecutor worker 5 on port 11485
Connected worker 5 to port 11485
O1):-0.817	O2):40.272	
O1):-0.701	O2):27.201	
O1):-0.762	O2):32.178	
O1):-0.811	O2):39.028	
O1):-0.76	O2):32.176	
O1):-0.795	O2):37.3	
O1):-0.714	O2):27.387	
O1):-0.723	O2):28.226	
O1):-0.746	O2):32.321	
O1):-0.85	O2):53.993	
O1):-0.76	O2):31.733	
O1):-0.835	O2):48.19	
O1):-0.776	O2):32.852	
O1):-0.793	O2):39.431	
O1):-0.784	O2):33.662	
O1):-0.837	O2):57.983	
O1):-0.77	O2):33.912	
O1):-0.801	O2):37.563	
O1):-0.767	O2):35.352	
O1):-0.781	O2):33.766	
O1):-0.818	O2):38.363	
O1):-0.697	O2):26.829	
O1):-0.784	O2):33.895	
O1):-0.714	O2):30.696	
O1):-0.754	O2):33.127	
O1):-0.834	O2):43.418	
O1):-0.833	O2):43.514	
O1):-0.795	O2):37.121	
O1):-0.82	O2):38.84	
O1):-0.779	O2):34.058	
O1):-0.763	O2):32.133	
O1):-0.767	O2):32.616	
O1):-0.784	O2):34.271	
O1):-0.692	O2):27.272	
O1):-0.807	O2):38.537	
O1):-0.761	O2):31.957	
O1):-0.748	O2):31.632	
O1):-0.752	O2):32.711	
O1):-0.768	O2):35.902	
O1):-0.763	O2):32.133	
O1):-0.782	O2):33.746	
O1):-0.8	O2):38.75	
O1):-0.807	O2):38.314	
O1):-0.764	O2):32.141	
O1):-0.844	O2):49.131	
O1):-0.792	O2):34.812	
O1):-0.775	O2):33.048	
O1):-0.76	O2):31.684	
O1):-0.844	O2):49.131	
O1):-0.818	O2):38.329	
O1):-0.833	O2):44.085	
O1):-0.675	O2):26.738	
O1):-0.751	O2):32.681	
O1):-0.772	O2):32.393	
O1):-0.757	O2):31.613	
O1):-0.767	O2):32.668	
O1):-0.786	O2):33.926	
O1):-0.766	O2):32.485	
O1):-0.758	O2):31.393	
O1):-0.834	O2):48.405	
O1):-0.792	O2):37.86	
O1):-0.723	O2):28.774	
O1):-0.806	O2):38.222	
O1):-0.787	O2):34.416	
O1):-0.772	O2):33.509	
O1):-0.843	O2):48.703	
O1):-0.776	O2):35.694	
O1):-0.747	O2):30.288	
O1):-0.863	O2):54.294	
O1):-0.781	O2):33.812	
O1):-0.836	O2):44.367	
O1):-0.811	O2):39.465	
O1):-0.719	O2):27.717	
O1):-0.776	O2):33.557	
O1):-0.759	O2):31.664	
O1):-0.807	O2):38.495	
O1):-0.705	O2):27.51	
O1):-0.819	O2):38.457	
O1):-0.775	O2):33.048	
O1):-0.784	O2):33.662	
O1):-0.756	O2):33.108	
O1):-0.76	O2):31.733	
O1):-0.786	O2):34.713	
O1):-0.708	O2):28.246	
O1):-0.818	O2):43.056	
O1):-0.832	O2):42.558	
O1):-0.765	O2):32.473	
O1):-0.776	O2):33.558	
O1):-0.802	O2):41.802	
O1):-0.837	O2):44.525	
O1):-0.746	O2):31.271	
O1):-0.725	O2):30.743	
O1):-0.776	O2):33.382	
O1):-0.784	O2):33.662	
O1):-0.842	O2):49.407	
O1):-0.65	O2):26.181	
O1):-0.809	O2):39.012	
O1):-0.808	O2):38.692	
O1):-0.811	O2):38.905	
O1):-0.774	O2):33.038	
O1):-0.819	O2):38.661	
O1):-0.777	O2):32.814	
O1):-0.737	O2):31.478	
O1):-0.761	O2):31.875	
O1):-0.708	O2):27.654	
O1):-0.763	O2):34.044	
O1):-0.727	O2):31.042	
O1):-0.816	O2):37.869	
O1):-0.786	O2):33.63	
O1):-0.784	O2):36.437	
Starting PrismExecutor worker 4 on port 11484
O1):-0.777	O2):33.055	
Connected worker 4 to port 11484
O1):-0.78	O2):34.302	
O1):-0.842	O2):49.407	
O1):-0.76	O2):32.176	
O1):-0.774	O2):32.962	
O1):-0.787	O2):34.416	
O1):-0.778	O2):35.697	
O1):-0.752	O2):31.851	
O1):-0.768	O2):33.15	
O1):-0.786	O2):33.984	
O1):-0.742	O2):29.279	
O1):-0.772	O2):40.891	
O1):-0.809	O2):39.012	
O1):-0.85	O2):48.291	
O1):-0.76	O2):32.168	
O1):-0.77	O2):33.394	
O1):-0.723	O2):28.687	
O1):-0.81	O2):39.034	
O1):-0.85	O2):49.919	
O1):-0.812	O2):37.976	
O1):-0.811	O2):39.028	
O1):-0.83	O2):44.308	
O1):-0.722	O2):27.818	
O1):-0.835	O2):46.866	
O1):-0.802	O2):37.676	
O1):-0.733	O2):28.77	
O1):-0.835	O2):48.197	
O1):-0.793	O2):36.574	
O1):-0.801	O2):37.618	
O1):-0.746	O2):31.361	
O1):-0.808	O2):38.45	
O1):-0.834	O2):47.528	
O1):-0.727	O2):31.017	
Evaluations:	1900
O1):-0.789	O2):36.837	
Evaluations:	1700
O1):-0.806	O2):38.152	
O1):-0.733	O2):28.783	
O1):-0.817	O2):37.908	
O1):-0.751	O2):33.099	
O1):-0.789	O2):41.204	
O1):-0.705	O2):28.158	
O1):-0.827	O2):43.068	
O1):-0.762	O2):32.249	
O1):-0.779	O2):33.402	
O1):-0.749	O2):35.37	
O1):-0.809	O2):39.012	
O1):-0.859	O2):54.278	
O1):-0.779	O2):34.063	
O1):-0.653	O2):26.433	
O1):-0.778	O2):33.948	
O1):-0.779	O2):33.326	
O1):-0.777	O2):33.064	
O1):-0.756	O2):31.62	
O1):-0.722	O2):29.146	
O1):-0.859	O2):53.205	
O1):-0.772	O2):40.884	
O1):-0.694	O2):27.278	
O1):-0.786	O2):34.442	
O1):-0.797	O2):40.41	
O1):-0.724	O2):30.611	
O1):-0.841	O2):48.442	
O1):-0.762	O2):32.249	
O1):-0.781	O2):33.795	
O1):-0.817	O2):37.908	
O1):-0.763	O2):32.226	
O1):-0.833	O2):43.28	
O1):-0.858	O2):53.881	
O1):-0.786	O2):43.359	
O1):-0.797	O2):38.797	
Evaluations:	2000
O1):-0.76	O2):31.779	
O1):-0.801	O2):42.876	
O1):-0.835	O2):43.894	
O1):-0.825	O2):42.496	
O1):-0.858	O2):53.881	
O1):-0.765	O2):32.198	
O1):-0.798	O2):37.762	
O1):-0.77	O2):32.469	
O1):-0.777	O2):32.814	
O1):-0.797	O2):34.669	
Evaluations:	1800
O1):-0.791	O2):36.886	
O1):-0.78	O2):33.425	
O1):-0.832	O2):43.178	
O1):-0.697	O2):26.873	
O1):-0.747	O2):30.288	
O1):-0.781	O2):33.726	
O1):-0.815	O2):39.808	
O1):-0.761	O2):31.875	
O1):-0.694	O2):27.278	
Starting PrismExecutor worker 1 on port 11471
O1):-0.744	O2):30.332	
Connected worker 1 to port 11471
O1):-0.765	O2):34.128	
O1):-0.818	O2):42.545	
O1):-0.761	O2):31.78	
O1):-0.723	O2):28.688	
O1):-0.789	O2):38.995	
O1):-0.816	O2):37.766	
O1):-0.75	O2):32.697	
O1):-0.792	O2):37.86	
O1):-0.78	O2):33.513	
O1):-0.784	O2):34.017	
O1):-0.826	O2):42.969	
O1):-0.758	O2):31.91	
O1):-0.696	O2):26.818	
O1):-0.8	O2):37.531	
O1):-0.745	O2):31.147	
O1):-0.698	O2):27.082	
O1):-0.834	O2):47.531	
O1):-0.642	O2):26.437	
O1):-0.757	O2):36.464	
O1):-0.816	O2):37.985	
O1):-0.783	O2):33.625	
O1):-0.788	O2):39.644	
O1):-0.724	O2):28.904	
O1):-0.795	O2):34.173	
O1):-0.794	O2):34.572	
O1):-0.794	O2):34.572	
O1):-0.702	O2):27.096	
O1):-0.71	O2):27.689	
O1):-0.784	O2):34.271	
O1):-0.784	O2):33.843	
O1):-0.791	O2):34.431	
O1):-0.784	O2):33.662	
O1):-0.83	O2):44.308	
O1):-0.787	O2):34.416	
O1):-0.641	O2):26.461	
O1):-0.826	O2):42.912	
O1):-0.832	O2):43.036	
O1):-0.728	O2):29.298	
O1):-0.76	O2):31.733	
O1):-0.782	O2):33.864	
O1):-0.703	O2):27.752	
O1):-0.743	O2):31.121	
O1):-0.793	O2):36.574	
O1):-0.824	O2):42.47	
O1):-0.813	O2):39.311	
O1):-0.782	O2):33.856	
O1):-0.723	O2):28.287	
O1):-0.778	O2):35.826	
O1):-0.836	O2):44.003	
O1):-0.697	O2):26.829	
O1):-0.779	O2):33.081	
O1):-0.781	O2):33.679	
O1):-0.801	O2):37.342	
O1):-0.854	O2):58.578	
O1):-0.835	O2):43.819	
O1):-0.732	O2):31.335	
O1):-0.801	O2):37.508	
O1):-0.774	O2):33.844	
O1):-0.78	O2):34.302	
O1):-0.697	O2):26.829	
O1):-0.819	O2):38.458	
O1):-0.704	O2):27.202	
O1):-0.732	O2):31.422	
O1):-0.825	O2):42.473	
O1):-0.741	O2):31.18	
O1):-0.779	O2):33.172	
O1):-0.82	O2):38.84	
O1):-0.801	O2):37.618	
O1):-0.842	O2):48.077	
O1):-0.811	O2):39.171	
O1):-0.82	O2):38.84	
O1):-0.845	O2):53.092	
O1):-0.818	O2):40.529	
O1):-0.8	O2):37.324	
O1):-0.76	O2):31.875	
O1):-0.752	O2):32.7	
O1):-0.703	O2):27.752	
O1):-0.701	O2):26.898	
O1):-0.841	O2):48.463	
O1):-0.837	O2):57.983	
O1):-0.697	O2):26.873	
O1):-0.781	O2):33.278	
O1):-0.843	O2):48.703	
Evaluations:	1900
O1):-0.836	O2):44.003	
O1):-0.834	O2):43.418	
O1):-0.834	O2):43.649	
O1):-0.727	O2):31.126	
O1):-0.778	O2):36.339	
O1):-0.784	O2):33.662	
O1):-0.853	O2):48.894	
O1):-0.792	O2):35.179	
O1):-0.761	O2):32.389	
O1):-0.779	O2):34.063	
O1):-0.714	O2):30.551	
O1):-0.739	O2):32.732	
O1):-0.701	O2):27.201	
O1):-0.746	O2):31.361	
O1):-0.797	O2):35.752	
O1):-0.828	O2):43.323	
O1):-0.767	O2):32.616	
O1):-0.777	O2):32.899	
O1):-0.812	O2):37.976	
O1):-0.781	O2):33.32	
O1):-0.705	O2):28.158	
Evaluations:	1800
O1):-0.795	O2):37.3	
Starting PrismExecutor worker 0 on port 11460
O1):-0.795	O2):34.172	
O1):-0.829	O2):44.464	
O1):-0.821	O2):43.186	
Connected worker 0 to port 11460
O1):-0.771	O2):32.484	
O1):-0.829	O2):46.034	
O1):-0.723	O2):28.806	
O1):-0.675	O2):26.802	
O1):-0.853	O2):49.17	
O1):-0.765	O2):32.2	
O1):-0.816	O2):37.863	
O1):-0.705	O2):27.464	
O1):-0.8	O2):37.42	
O1):-0.722	O2):30.704	
O1):-0.821	O2):42.892	
O1):-0.817	O2):39.883	
O1):-0.834	O2):43.68	
O1):-0.786	O2):39.018	
O1):-0.728	O2):29.298	
O1):-0.709	O2):27.667	
O1):-0.723	O2):28.687	
O1):-0.812	O2):37.975	
O1):-0.757	O2):31.611	
O1):-0.815	O2):37.825	
O1):-0.697	O2):26.873	
O1):-0.818	O2):39.878	
O1):-0.703	O2):27.153	
O1):-0.741	O2):31.065	
O1):-0.803	O2):37.774	
O1):-0.836	O2):43.37	
O1):-0.761	O2):32.373	
O1):-0.85	O2):53.993	
O1):-0.853	O2):49.172	
O1):-0.758	O2):31.85	
O1):-0.757	O2):31.564	
O1):-0.801	O2):37.342	
O1):-0.725	O2):30.688	
O1):-0.778	O2):33.618	
O1):-0.854	O2):49.482	
O1):-0.717	O2):28.753	
O1):-0.743	O2):33.086	
O1):-0.721	O2):28.583	
O1):-0.804	O2):53.249	
O1):-0.8	O2):37.51	
O1):-0.818	O2):40.365	
O1):-0.761	O2):32.2	
O1):-0.78	O2):33.643	
O1):-0.797	O2):37.153	
O1):-0.821	O2):43.186	
O1):-0.799	O2):37.324	
O1):-0.816	O2):37.894	
O1):-0.705	O2):28.158	
O1):-0.772	O2):34.384	
O1):-0.768	O2):32.845	
O1):-0.834	O2):44.931	
O1):-0.78	O2):33.424	
O1):-0.768	O2):33.057	
O1):-0.78	O2):33.424	
O1):-0.774	O2):33.048	
Evaluations:	1900
O1):-0.781	O2):33.542	
O1):-0.838	O2):44.625	
O1):-0.706	O2):28.042	
O1):-0.824	O2):42.436	
O1):-0.753	O2):32.892	
O1):-0.766	O2):32.453	
O1):-0.816	O2):37.781	
O1):-0.741	O2):31.192	
O1):-0.741	O2):31.077	
O1):-0.841	O2):47.864	
O1):-0.809	O2):39.012	
O1):-0.797	O2):36.966	
O1):-0.759	O2):31.664	
O1):-0.832	O2):43.036	
O1):-0.724	O2):28.909	
O1):-0.709	O2):27.702	
O1):-0.756	O2):32.193	
O1):-0.725	O2):32.773	
O1):-0.765	O2):32.476	
O1):-0.763	O2):32.276	
O1):-0.756	O2):33.204	
O1):-0.71	O2):27.717	
O1):-0.778	O2):34.054	
O1):-0.759	O2):31.62	
O1):-0.824	O2):42.47	
O1):-0.776	O2):32.944	
O1):-0.828	O2):43.323	
O1):-0.817	O2):42.019	
O1):-0.842	O2):49.407	
O1):-0.705	O2):27.464	
O1):-0.702	O2):27.132	
O1):-0.761	O2):32.206	
O1):-0.756	O2):31.62	
O1):-0.796	O2):36.845	
O1):-0.828	O2):43.323	
O1):-0.69	O2):27.257	
O1):-0.728	O2):29.298	
O1):-0.746	O2):31.271	
O1):-0.694	O2):27.278	
O1):-0.834	O2):47.528	
O1):-0.85	O2):49.919	
O1):-0.69	O2):27.257	
O1):-0.672	O2):26.515	
O1):-0.796	O2):41.62	
O1):-0.78	O2):33.425	
O1):-0.779	O2):33.402	
O1):-0.697	O2):26.873	
O1):-0.776	O2):32.627	
O1):-0.854	O2):58.578	
O1):-0.837	O2):57.983	
O1):-0.702	O2):27.096	
O1):-0.778	O2):36.555	
O1):-0.773	O2):32.448	
O1):-0.767	O2):33.12	
O1):-0.855	O2):54.571	
O1):-0.643	O2):26.472	
O1):-0.859	O2):54.151	
O1):-0.705	O2):27.42	
O1):-0.838	O2):44.673	
O1):-0.842	O2):48.232	
O1):-0.775	O2):33.048	
O1):-0.779	O2):33.081	
O1):-0.816	O2):38.193	
O1):-0.859	O2):54.278	
O1):-0.808	O2):38.668	
O1):-0.774	O2):32.966	
O1):-0.836	O2):44.003	
O1):-0.726	O2):30.962	
O1):-0.843	O2):49.418	
O1):-0.77	O2):33.514	
O1):-0.73	O2):31.351	
O1):-0.81	O2):39.076	
O1):-0.817	O2):40.272	
Evaluations:	1800
Starting PrismExecutor worker 2 on port 11472
O1):-0.75	O2):32.746	
Connected worker 2 to port 11472
O1):-0.706	O2):28.163	
O1):-0.724	O2):30.603	
O1):-0.744	O2):32.18	
O1):-0.761	O2):31.78	
O1):-0.783	O2):33.833	
O1):-0.745	O2):31.147	
O1):-0.777	O2):33.3	
O1):-0.701	O2):26.898	
O1):-0.78	O2):34.376	
O1):-0.785	O2):38.794	
O1):-0.711	O2):28.492	
O1):-0.806	O2):38.222	
O1):-0.747	O2):31.959	
O1):-0.778	O2):33.574	
O1):-0.78	O2):33.279	
O1):-0.851	O2):49.99	
O1):-0.8	O2):38.75	
O1):-0.746	O2):31.842	
O1):-0.743	O2):33.086	
O1):-0.803	O2):37.774	
O1):-0.756	O2):31.381	
O1):-0.764	O2):32.141	
O1):-0.762	O2):36.225	
O1):-0.789	O2):34.779	
O1):-0.728	O2):29.298	
O1):-0.817	O2):38.107	
O1):-0.779	O2):33.081	
O1):-0.763	O2):34.056	
O1):-0.76	O2):31.66	
O1):-0.756	O2):31.391	
O1):-0.816	O2):37.869	
O1):-0.671	O2):26.53	
O1):-0.8	O2):37.941	
O1):-0.769	O2):32.57	
O1):-0.759	O2):31.56	
O1):-0.671	O2):26.53	
O1):-0.794	O2):35.452	
O1):-0.786	O2):34.442	
O1):-0.671	O2):26.53	
O1):-0.741	O2):31.076	
O1):-0.825	O2):42.496	
O1):-0.8	O2):37.438	
O1):-0.675	O2):26.738	
O1):-0.812	O2):37.976	
O1):-0.772	O2):32.56	
O1):-0.774	O2):32.962	
O1):-0.77	O2):32.749	
Evaluations:	2000
O1):-0.763	O2):32.196	
O1):-0.839	O2):49.009	
Starting PrismExecutor worker 1 on port 11441
O1):-0.75	O2):31.818	
O1):-0.779	O2):33.081	
O1):-0.773	O2):34.33	
Connected worker 1 to port 11441
O1):-0.719	O2):27.717	
O1):-0.792	O2):36.758	
O1):-0.816	O2):41.911	
O1):-0.768	O2):32.845	
O1):-0.774	O2):33.038	
O1):-0.767	O2):35.253	
O1):-0.763	O2):32.174	
O1):-0.843	O2):49.418	
O1):-0.74	O2):31.087	
O1):-0.842	O2):48.077	
O1):-0.694	O2):27.278	
O1):-0.777	O2):32.814	
O1):-0.698	O2):27.082	
O1):-0.759	O2):31.62	
O1):-0.785	O2):38.772	
O1):-0.827	O2):52.502	
O1):-0.758	O2):31.336	
O1):-0.782	O2):33.856	
O1):-0.702	O2):27.096	
O1):-0.826	O2):43.332	
O1):-0.8	O2):37.438	
O1):-0.808	O2):38.673	
O1):-0.798	O2):37.053	
O1):-0.791	O2):36.966	
O1):-0.706	O2):28.168	
O1):-0.815	O2):38.971	
O1):-0.779	O2):33.171	
O1):-0.777	O2):32.814	
O1):-0.793	O2):44.368	
O1):-0.741	O2):32.102	
O1):-0.794	O2):38.409	
O1):-0.703	O2):27.433	
O1):-0.702	O2):27.6	
O1):-0.797	O2):37.158	
O1):-0.837	O2):44.139	
O1):-0.801	O2):37.618	
O1):-0.787	O2):34.158	
O1):-0.794	O2):34.572	
O1):-0.788	O2):37.39	
O1):-0.784	O2):33.806	
O1):-0.761	O2):31.875	
O1):-0.826	O2):42.912	
O1):-0.843	O2):49.418	
O1):-0.782	O2):33.786	
O1):-0.817	O2):40.272	
O1):-0.804	O2):39.31	
O1):-0.73	O2):29.108	
O1):-0.845	O2):49.994	
O1):-0.671	O2):26.489	
O1):-0.791	O2):36.886	
O1):-0.76	O2):32.168	
O1):-0.824	O2):42.47	
O1):-0.833	O2):48.834	
O1):-0.841	O2):49.285	
O1):-0.706	O2):28.168	
O1):-0.775	O2):32.836	
O1):-0.727	O2):31.073	
O1):-0.835	O2):46.866	
O1):-0.704	O2):27.202	
O1):-0.795	O2):36.824	
O1):-0.764	O2):40.409	
O1):-0.801	O2):37.807	
O1):-0.763	O2):34.359	
O1):-0.703	O2):27.242	
O1):-0.786	O2):33.923	
O1):-0.816	O2):37.853	
O1):-0.834	O2):43.758	
O1):-0.837	O2):57.983	
O1):-0.771	O2):33.985	
O1):-0.727	O2):28.732	
O1):-0.704	O2):27.812	
O1):-0.704	O2):27.202	
O1):-0.702	O2):27.599	
O1):-0.772	O2):32.871	
O1):-0.793	O2):35.265	
O1):-0.786	O2):34.442	
O1):-0.832	O2):42.558	
O1):-0.82	O2):40.717	
O1):-0.78	O2):33.279	
O1):-0.822	O2):43.333	
O1):-0.734	O2):28.649	
O1):-0.734	O2):28.646	
O1):-0.836	O2):44.386	
O1):-0.76	O2):31.66	
O1):-0.672	O2):26.515	
O1):-0.755	O2):31.348	
O1):-0.786	O2):33.93	
O1):-0.782	O2):33.856	
O1):-0.749	O2):32.535	
O1):-0.733	O2):28.77	
Starting PrismExecutor worker 0 on port 11470
O1):-0.791	O2):36.886	
O1):-0.816	O2):37.766	
Connected worker 0 to port 11470
O1):-0.768	O2):32.845	
O1):-0.825	O2):43.43	
O1):-0.784	O2):34.017	
O1):-0.795	O2):38.657	
O1):-0.785	O2):38.126	
O1):-0.788	O2):34.356	
O1):-0.838	O2):44.62	
O1):-0.696	O2):26.818	
O1):-0.723	O2):28.774	
O1):-0.761	O2):32.428	
O1):-0.698	O2):27.082	
O1):-0.77	O2):32.599	
O1):-0.714	O2):30.687	
O1):-0.759	O2):31.465	
O1):-0.783	O2):33.733	
O1):-0.808	O2):38.692	
O1):-0.808	O2):38.692	
O1):-0.802	O2):37.676	
O1):-0.701	O2):26.884	
O1):-0.78	O2):33.425	
O1):-0.836	O2):44.367	
O1):-0.768	O2):33.545	
O1):-0.782	O2):33.721	
O1):-0.776	O2):32.939	
O1):-0.747	O2):31.513	
O1):-0.816	O2):41.892	
O1):-0.827	O2):43.068	
O1):-0.726	O2):28.874	
O1):-0.701	O2):27.201	
O1):-0.836	O2):43.37	
O1):-0.746	O2):31.271	
O1):-0.791	O2):34.309	
O1):-0.797	O2):36.966	
O1):-0.813	O2):39.552	
O1):-0.835	O2):43.894	
O1):-0.793	O2):36.827	
O1):-0.763	O2):32.133	
O1):-0.837	O2):57.983	
O1):-0.818	O2):38.238	
O1):-0.843	O2):48.703	
O1):-0.834	O2):44.931	
O1):-0.78	O2):33.426	
O1):-0.794	O2):35.452	
O1):-0.788	O2):37.391	
O1):-0.777	O2):38.172	
O1):-0.785	O2):38.789	
O1):-0.697	O2):26.873	
O1):-0.787	O2):34.928	
O1):-0.675	O2):26.738	
O1):-0.714	O2):30.696	
O1):-0.737	O2):31.486	
O1):-0.749	O2):31.813	
O1):-0.808	O2):39.518	
O1):-0.855	O2):54.571	
O1):-0.836	O2):44.16	
O1):-0.825	O2):42.505	
O1):-0.772	O2):33.493	
O1):-0.826	O2):42.767	
O1):-0.834	O2):47.532	
O1):-0.736	O2):31.768	
O1):-0.785	O2):38.784	
O1):-0.671	O2):26.478	
O1):-0.737	O2):31.478	
O1):-0.802	O2):38.789	
O1):-0.791	O2):33.85	
O1):-0.715	O2):30.622	
O1):-0.768	O2):32.845	
O1):-0.791	O2):35.473	
O1):-0.844	O2):49.955	
O1):-0.782	O2):33.88	
O1):-0.673	O2):26.824	
O1):-0.802	O2):37.36	
O1):-0.786	O2):33.924	
O1):-0.761	O2):31.851	
O1):-0.818	O2):42.527	
O1):-0.821	O2):42.471	
O1):-0.723	O2):28.774	
O1):-0.834	O2):43.609	
O1):-0.778	O2):33.201	
O1):-0.76	O2):31.875	
O1):-0.826	O2):42.923	
O1):-0.726	O2):30.925	
O1):-0.833	O2):43.28	
O1):-0.786	O2):34.1	
O1):-0.741	O2):34.763	
O1):-0.835	O2):43.816	
O1):-0.85	O2):48.083	
O1):-0.795	O2):36.824	
O1):-0.759	O2):31.465	
O1):-0.759	O2):31.62	
O1):-0.795	O2):34.137	
O1):-0.785	O2):38.795	
O1):-0.641	O2):26.461	
O1):-0.719	O2):28.106	
Starting PrismExecutor worker 4 on port 11414
O1):-0.79	O2):33.768	
Connected worker 4 to port 11414
O1):-0.839	O2):49.454	
O1):-0.832	O2):43.546	
O1):-0.703	O2):27.168	
O1):-0.783	O2):37.53	
O1):-0.763	O2):32.196	
O1):-0.749	O2):33.816	
O1):-0.727	O2):31.017	
O1):-0.779	O2):36.38	
O1):-0.843	O2):48.703	
O1):-0.746	O2):31.842	
O1):-0.742	O2):30.111	
O1):-0.792	O2):36.754	
O1):-0.769	O2):36.303	
O1):-0.757	O2):31.613	
O1):-0.779	O2):33.081	
O1):-0.833	O2):43.28	
O1):-0.761	O2):32.428	
O1):-0.834	O2):43.641	
O1):-0.719	O2):31.155	
O1):-0.82	O2):42.709	
O1):-0.778	O2):33.618	
O1):-0.768	O2):33.086	
O1):-0.781	O2):33.761	
O1):-0.765	O2):32.194	
O1):-0.771	O2):32.613	
O1):-0.727	O2):31.042	
O1):-0.82	O2):38.825	
O1):-0.808	O2):40.01	
O1):-0.789	O2):44.731	
O1):-0.773	O2):32.418	
O1):-0.832	O2):43.148	
O1):-0.766	O2):32.683	
O1):-0.858	O2):53.881	
O1):-0.786	O2):33.997	
O1):-0.779	O2):33.41	
O1):-0.746	O2):31.272	
O1):-0.851	O2):48.59	
O1):-0.795	O2):37.3	
O1):-0.761	O2):32.061	
O1):-0.775	O2):36.822	
O1):-0.784	O2):33.823	
O1):-0.718	O2):27.767	
O1):-0.817	O2):40.272	
O1):-0.757	O2):36.424	
O1):-0.675	O2):26.802	
O1):-0.822	O2):39.209	
O1):-0.671	O2):26.478	
O1):-0.768	O2):32.845	
O1):-0.78	O2):40.029	
O1):-0.777	O2):32.814	
O1):-0.779	O2):33.319	
O1):-0.765	O2):32.475	
O1):-0.763	O2):32.133	
O1):-0.782	O2):33.746	
O1):-0.828	O2):43.323	
O1):-0.817	O2):37.917	
O1):-0.832	O2):43.052	
O1):-0.772	O2):32.871	
O1):-0.834	O2):43.641	
O1):-0.723	O2):28.774	
O1):-0.745	O2):32.591	
O1):-0.815	O2):37.83	
O1):-0.758	O2):31.336	
O1):-0.724	O2):29.312	
O1):-0.749	O2):35.37	
O1):-0.758	O2):33.075	
O1):-0.758	O2):31.303	
O1):-0.697	O2):26.873	
O1):-0.795	O2):34.137	
O1):-0.859	O2):53.205	
O1):-0.761	O2):31.78	
O1):-0.761	O2):32.203	
O1):-0.789	O2):34.978	
O1):-0.78	O2):33.425	
O1):-0.821	O2):42.758	
O1):-0.721	O2):27.723	
O1):-0.828	O2):43.491	
O1):-0.841	O2):47.882	
O1):-0.781	O2):33.553	
O1):-0.798	O2):34.835	
O1):-0.776	O2):33.557	
O1):-0.673	O2):26.852	
O1):-0.789	O2):34.779	
O1):-0.747	O2):30.288	
O1):-0.763	O2):32.196	
O1):-0.703	O2):27.249	
O1):-0.828	O2):43.323	
O1):-0.723	O2):28.687	
O1):-0.761	O2):32.2	
O1):-0.753	O2):32.829	
O1):-0.816	O2):37.766	
O1):-0.837	O2):44.537	
O1):-0.767	O2):32.668	
O1):-0.816	O2):38.192	
O1):-0.759	O2):32.016	
O1):-0.784	O2):36.49	
O1):-0.816	O2):37.869	
O1):-0.834	O2):43.641	
Starting PrismExecutor worker 5 on port 11425
Connected worker 5 to port 11425
O1):-0.784	O2):33.662	
O1):-0.71	O2):27.717	
O1):-0.675	O2):26.802	
O1):-0.76	O2):31.732	
O1):-0.716	O2):27.878	
O1):-0.832	O2):43.144	
O1):-0.771	O2):32.595	
O1):-0.836	O2):44.16	
O1):-0.793	O2):41.387	
O1):-0.766	O2):32.45	
O1):-0.767	O2):32.709	
O1):-0.725	O2):28.178	
O1):-0.702	O2):27.096	
O1):-0.862	O2):54.151	
O1):-0.833	O2):44.085	
O1):-0.764	O2):32.608	
O1):-0.708	O2):28.257	
O1):-0.817	O2):37.888	
O1):-0.792	O2):37.826	
O1):-0.697	O2):26.829	
O1):-0.773	O2):32.516	
O1):-0.779	O2):36.38	
O1):-0.775	O2):33.048	
O1):-0.835	O2):46.866	
O1):-0.76	O2):32.174	
O1):-0.841	O2):47.883	
O1):-0.768	O2):32.575	
O1):-0.81	O2):39.034	
O1):-0.859	O2):54.399	
O1):-0.777	O2):39.465	
O1):-0.852	O2):57.71	
O1):-0.71	O2):27.717	
O1):-0.833	O2):42.512	
O1):-0.675	O2):26.802	
O1):-0.841	O2):48.057	
O1):-0.779	O2):33.402	
O1):-0.818	O2):38.904	
O1):-0.822	O2):39.209	
O1):-0.716	O2):27.866	
O1):-0.826	O2):42.912	
O1):-0.832	O2):43.036	
O1):-0.83	O2):44.308	
O1):-0.802	O2):37.676	
O1):-0.817	O2):42.019	
O1):-0.779	O2):34.154	
O1):-0.698	O2):27.082	
O1):-0.798	O2):34.835	
O1):-0.742	O2):31.527	
O1):-0.764	O2):32.492	
O1):-0.797	O2):34.669	
O1):-0.672	O2):26.515	
O1):-0.776	O2):33.558	
O1):-0.758	O2):31.96	
O1):-0.761	O2):31.957	
O1):-0.862	O2):54.149	
O1):-0.758	O2):31.393	
O1):-0.71	O2):27.717	
O1):-0.826	O2):42.912	
O1):-0.701	O2):27.186	
O1):-0.767	O2):32.616	
O1):-0.767	O2):32.616	
O1):-0.757	O2):31.611	
O1):-0.77	O2):32.749	
O1):-0.802	O2):37.36	
O1):-0.851	O2):49.988	
O1):-0.761	O2):32.428	
O1):-0.674	O2):26.742	
O1):-0.859	O2):54.258	
O1):-0.761	O2):31.87	
O1):-0.863	O2):54.294	
O1):-0.777	O2):34.494	
O1):-0.835	O2):46.866	
O1):-0.743	O2):31.121	
O1):-0.754	O2):32.259	
O1):-0.784	O2):33.662	
O1):-0.758	O2):31.336	
O1):-0.761	O2):31.957	
O1):-0.85	O2):53.993	
O1):-0.744	O2):30.402	
O1):-0.758	O2):33.803	
Evaluations:	2200
O1):-0.748	O2):31.632	
O1):-0.742	O2):29.279	
O1):-0.721	O2):27.723	
O1):-0.734	O2):31.452	
O1):-0.833	O2):43.643	
O1):-0.759	O2):31.664	
O1):-0.826	O2):43.567	
O1):-0.824	O2):42.47	
O1):-0.794	O2):34.572	
O1):-0.798	O2):38.253	
O1):-0.702	O2):27.096	
O1):-0.748	O2):31.632	
O1):-0.781	O2):33.83	
O1):-0.704	O2):27.819	
Starting PrismExecutor worker 3 on port 11473
Starting PrismExecutor worker 0 on port 11440
O1):-0.809	O2):51.637	
O1):-0.771	O2):33.506	
Connected worker 3 to port 11473
Connected worker 0 to port 11440
O1):-0.761	O2):31.78	
O1):-0.788	O2):34.402	
O1):-0.815	O2):37.825	
O1):-0.791	O2):36.886	
O1):-0.758	O2):31.336	
O1):-0.675	O2):26.801	
O1):-0.718	O2):27.737	
O1):-0.803	O2):37.864	
O1):-0.833	O2):43.28	
O1):-0.854	O2):49.482	
O1):-0.776	O2):35.924	
O1):-0.794	O2):43.78	
O1):-0.85	O2):49.919	
O1):-0.843	O2):48.683	
O1):-0.771	O2):32.95	
O1):-0.795	O2):38.49	
O1):-0.748	O2):31.421	
O1):-0.723	O2):28.688	
O1):-0.759	O2):31.465	
O1):-0.76	O2):31.714	
O1):-0.776	O2):37.716	
O1):-0.721	O2):28.583	
O1):-0.83	O2):44.308	
O1):-0.809	O2):39.031	
O1):-0.831	O2):42.9	
O1):-0.816	O2):38.99	
O1):-0.702	O2):27.51	
O1):-0.85	O2):53.993	
O1):-0.809	O2):38.639	
O1):-0.724	O2):28.718	
O1):-0.778	O2):33.233	
O1):-0.786	O2):34.091	
O1):-0.816	O2):37.869	
O1):-0.779	O2):33.155	
O1):-0.827	O2):43.068	
O1):-0.775	O2):35.45	
O1):-0.795	O2):34.137	
O1):-0.831	O2):42.9	
O1):-0.845	O2):49.481	
O1):-0.729	O2):33.535	
O1):-0.835	O2):43.819	
O1):-0.767	O2):33.287	
O1):-0.808	O2):38.45	
O1):-0.782	O2):33.721	
O1):-0.792	O2):37.749	
O1):-0.82	O2):40.717	
O1):-0.778	O2):33.618	
O1):-0.786	O2):33.923	
O1):-0.768	O2):32.575	
O1):-0.723	O2):29.366	
O1):-0.801	O2):37.342	
O1):-0.843	O2):49.418	
O1):-0.801	O2):37.437	
O1):-0.785	O2):38.789	
O1):-0.709	O2):27.702	
O1):-0.724	O2):28.718	
O1):-0.862	O2):54.149	
O1):-0.734	O2):31.452	
O1):-0.837	O2):57.983	
O1):-0.792	O2):35.317	
O1):-0.784	O2):33.662	
O1):-0.724	O2):29.472	
O1):-0.675	O2):27.233	
O1):-0.797	O2):34.669	
O1):-0.784	O2):38.431	
O1):-0.71	O2):27.717	
O1):-0.791	O2):36.886	
O1):-0.771	O2):32.949	
O1):-0.801	O2):37.508	
O1):-0.841	O2):48.057	
O1):-0.723	O2):28.805	
O1):-0.717	O2):31.885	
O1):-0.798	O2):35.854	
O1):-0.701	O2):27.182	
O1):-0.706	O2):28.158	
O1):-0.701	O2):26.904	
O1):-0.748	O2):31.632	
O1):-0.683	O2):30.86	
O1):-0.76	O2):33.438	
O1):-0.784	O2):38.431	
O1):-0.85	O2):49.919	
O1):-0.834	O2):44.931	
O1):-0.759	O2):31.664	
O1):-0.717	O2):28.536	
O1):-0.828	O2):43.323	
O1):-0.694	O2):27.278	
O1):-0.776	O2):33.383	
O1):-0.671	O2):26.524	
O1):-0.834	O2):43.609	
O1):-0.728	O2):29.298	
O1):-0.766	O2):32.485	
O1):-0.721	O2):28.583	
O1):-0.785	O2):34.701	
O1):-0.779	O2):33.198	
O1):-0.782	O2):33.746	
O1):-0.832	O2):43.036	
O1):-0.817	O2):42.019	
O1):-0.786	O2):33.923	
O1):-0.761	O2):32.206	
O1):-0.807	O2):38.314	
O1):-0.786	O2):34.442	
O1):-0.722	O2):30.44	
O1):-0.824	O2):42.47	
O1):-0.725	O2):30.688	
O1):-0.761	O2):31.782	
O1):-0.758	O2):31.336	
O1):-0.814	O2):37.667	
O1):-0.833	O2):43.514	
O1):-0.776	O2):35.694	
O1):-0.763	O2):32.196	
O1):-0.69	O2):27.257	
O1):-0.817	O2):38.022	
O1):-0.817	O2):38.893	
O1):-0.808	O2):38.673	
O1):-0.825	O2):42.654	
O1):-0.777	O2):33.594	
O1):-0.706	O2):27.981	
O1):-0.724	O2):29.077	
O1):-0.774	O2):32.962	
O1):-0.7	O2):27.187	
O1):-0.833	O2):43.28	
O1):-0.816	O2):37.89	
O1):-0.767	O2):32.668	
O1):-0.841	O2):48.463	
O1):-0.803	O2):37.774	
O1):-0.817	O2):42.044	
O1):-0.836	O2):44.003	
O1):-0.736	O2):31.768	
O1):-0.837	O2):44.579	
O1):-0.697	O2):26.828	
O1):-0.777	O2):33.055	
O1):-0.784	O2):34.27	
O1):-0.794	O2):38.409	
O1):-0.816	O2):37.885	
O1):-0.806	O2):38.222	
O1):-0.792	O2):35.179	
O1):-0.765	O2):32.194	
O1):-0.842	O2):48.232	
O1):-0.718	O2):27.767	
O1):-0.702	O2):27.599	
O1):-0.833	O2):44.085	
O1):-0.674	O2):26.742	
O1):-0.794	O2):34.572	
O1):-0.768	O2):32.845	
O1):-0.671	O2):26.524	
O1):-0.745	O2):30.295	
O1):-0.815	O2):39.884	
O1):-0.704	O2):27.819	
O1):-0.755	O2):33.017	
O1):-0.813	O2):39.385	
O1):-0.827	O2):43.464	
O1):-0.834	O2):43.609	
O1):-0.773	O2):32.419	
O1):-0.772	O2):32.393	
O1):-0.802	O2):37.676	
O1):-0.723	O2):28.328	
O1):-0.833	O2):43.435	
O1):-0.757	O2):31.611	
O1):-0.811	O2):39.345	
O1):-0.843	O2):48.703	
O1):-0.76	O2):32.174	
O1):-0.676	O2):27.635	
O1):-0.781	O2):33.321	
O1):-0.719	O2):27.717	
O1):-0.795	O2):36.824	
O1):-0.759	O2):31.464	
O1):-0.833	O2):43.683	
O1):-0.782	O2):33.856	
O1):-0.835	O2):46.866	
O1):-0.826	O2):43.456	
O1):-0.79	O2):34.816	
O1):-0.825	O2):42.633	
O1):-0.801	O2):42.876	
O1):-0.761	O2):31.781	
O1):-0.78	O2):34.302	
O1):-0.759	O2):31.62	
O1):-0.786	O2):34.442	
O1):-0.786	O2):34.711	
O1):-0.739	O2):32.78	
O1):-0.863	O2):54.296	
O1):-0.817	O2):42.019	
O1):-0.675	O2):26.738	
O1):-0.816	O2):37.89	
O1):-0.65	O2):26.181	
O1):-0.749	O2):31.435	
O1):-0.72	O2):27.772	
O1):-0.771	O2):32.95	
O1):-0.751	O2):32.834	
O1):-0.675	O2):26.738	
O1):-0.832	O2):42.558	
O1):-0.672	O2):26.515	
O1):-0.807	O2):38.307	
O1):-0.768	O2):32.845	
Evaluations:	2100
O1):-0.78	O2):33.643	
O1):-0.743	O2):31.121	
O1):-0.838	O2):44.62	
Starting PrismExecutor worker 2 on port 11442
O1):-0.784	O2):34.017	
O1):-0.76	O2):31.733	
O1):-0.73	O2):31.351	
Connected worker 2 to port 11442
O1):-0.787	O2):34.052	
O1):-0.793	O2):35.388	
O1):-0.837	O2):57.983	
O1):-0.763	O2):34.08	
O1):-0.763	O2):32.133	
O1):-0.79	O2):34.889	
O1):-0.75	O2):31.699	
O1):-0.803	O2):37.863	
O1):-0.842	O2):49.407	
O1):-0.76	O2):31.732	
O1):-0.758	O2):32.633	
O1):-0.859	O2):53.238	
O1):-0.825	O2):42.504	
O1):-0.654	O2):26.423	
O1):-0.764	O2):32.412	
O1):-0.816	O2):37.78	
O1):-0.745	O2):31.902	
O1):-0.81	O2):39.034	
O1):-0.818	O2):38.363	
O1):-0.785	O2):38.796	
O1):-0.839	O2):49.317	
O1):-0.816	O2):38.99	
O1):-0.806	O2):38.222	
O1):-0.768	O2):33.568	
O1):-0.795	O2):37.121	
O1):-0.76	O2):33.601	
O1):-0.818	O2):38.363	
O1):-0.825	O2):42.513	
O1):-0.752	O2):33.082	
O1):-0.672	O2):26.515	
O1):-0.795	O2):37.125	
O1):-0.832	O2):43.178	
O1):-0.803	O2):37.863	
O1):-0.784	O2):36.437	
O1):-0.806	O2):38.222	
O1):-0.721	O2):28.583	
O1):-0.783	O2):41.058	
O1):-0.734	O2):31.458	
O1):-0.801	O2):37.805	
O1):-0.808	O2):38.45	
O1):-0.836	O2):44.082	
O1):-0.758	O2):31.336	
O1):-0.759	O2):31.62	
O1):-0.744	O2):30.33	
O1):-0.767	O2):32.616	
O1):-0.768	O2):32.845	
O1):-0.828	O2):43.323	
O1):-0.828	O2):43.323	
O1):-0.784	O2):33.662	
O1):-0.789	O2):35.096	
Evaluations:	2000
O1):-0.78	O2):33.502	
O1):-0.81	O2):39.223	
O1):-0.745	O2):30.236	
O1):-0.748	O2):31.326	
O1):-0.783	O2):36.585	
O1):-0.771	O2):34.592	
O1):-0.711	O2):27.744	
O1):-0.842	O2):49.407	
O1):-0.725	O2):30.688	
O1):-0.772	O2):33.509	
O1):-0.762	O2):32.128	
O1):-0.723	O2):28.687	
O1):-0.776	O2):33.557	
O1):-0.817	O2):42.019	
O1):-0.816	O2):37.852	
O1):-0.804	O2):38.141	
O1):-0.778	O2):33.066	
O1):-0.759	O2):31.591	
O1):-0.705	O2):27.466	
O1):-0.727	O2):31.021	
O1):-0.784	O2):33.717	
O1):-0.816	O2):37.853	
O1):-0.761	O2):31.875	
O1):-0.816	O2):37.853	
O1):-0.755	O2):33.08	
O1):-0.759	O2):31.465	
O1):-0.716	O2):27.878	
O1):-0.776	O2):36.847	
O1):-0.801	O2):37.807	
O1):-0.671	O2):26.478	
O1):-0.813	O2):39.33	
O1):-0.732	O2):31.434	
O1):-0.76	O2):31.714	
O1):-0.774	O2):33.038	
O1):-0.772	O2):32.876	
O1):-0.774	O2):32.962	
O1):-0.73	O2):31.351	
O1):-0.771	O2):32.95	
O1):-0.796	O2):36.845	
O1):-0.792	O2):35.317	
O1):-0.755	O2):36.721	
Evaluations:	1900
O1):-0.752	O2):32.215	
O1):-0.642	O2):26.415	
O1):-0.789	O2):33.934	
O1):-0.765	O2):33.543	
O1):-0.776	O2):33.557	
Starting PrismExecutor worker 4 on port 11424
O1):-0.707	O2):27.414	
O1):-0.816	O2):38.193	
O1):-0.78	O2):48.474	
O1):-0.671	O2):26.525	
O1):-0.732	O2):31.43	
Connected worker 4 to port 11424
O1):-0.773	O2):34.33	
O1):-0.698	O2):27.082	
O1):-0.762	O2):32.206	
O1):-0.739	O2):32.763	
O1):-0.779	O2):33.67	
O1):-0.835	O2):44.217	
O1):-0.724	O2):28.857	
O1):-0.694	O2):27.278	
O1):-0.76	O2):31.745	
O1):-0.744	O2):30.403	
O1):-0.78	O2):33.425	
O1):-0.741	O2):31.065	
O1):-0.801	O2):37.584	
O1):-0.775	O2):33.509	
O1):-0.789	O2):34.162	
O1):-0.803	O2):38.041	
O1):-0.791	O2):34.431	
O1):-0.818	O2):38.363	
O1):-0.726	O2):29.353	
O1):-0.816	O2):37.924	
O1):-0.706	O2):28.168	
O1):-0.823	O2):43.134	
O1):-0.784	O2):33.662	
O1):-0.793	O2):37.37	
O1):-0.83	O2):44.308	
O1):-0.775	O2):32.564	
O1):-0.703	O2):27.965	
O1):-0.841	O2):48.059	
O1):-0.763	O2):32.133	
O1):-0.705	O2):27.464	
O1):-0.723	O2):28.381	
O1):-0.765	O2):34.106	
O1):-0.821	O2):39.07	
O1):-0.697	O2):26.873	
O1):-0.701	O2):26.952	
O1):-0.803	O2):37.774	
O1):-0.817	O2):38.023	
O1):-0.834	O2):44.931	
O1):-0.787	O2):37.349	
O1):-0.802	O2):37.854	
O1):-0.797	O2):36.868	
O1):-0.836	O2):43.371	
O1):-0.8	O2):37.941	
O1):-0.801	O2):37.437	
O1):-0.842	O2):49.273	
O1):-0.797	O2):37.153	
O1):-0.841	O2):48.465	
O1):-0.706	O2):28.168	
O1):-0.833	O2):43.709	
O1):-0.765	O2):32.194	
O1):-0.701	O2):27.406	
O1):-0.77	O2):32.59	
O1):-0.77	O2):32.59	
O1):-0.759	O2):31.578	
O1):-0.763	O2):32.133	
O1):-0.739	O2):32.733	
O1):-0.702	O2):27.132	
O1):-0.784	O2):36.445	
O1):-0.756	O2):31.381	
O1):-0.756	O2):31.381	
O1):-0.701	O2):26.898	
O1):-0.843	O2):48.703	
O1):-0.802	O2):39.386	
O1):-0.711	O2):27.732	
O1):-0.777	O2):32.814	
O1):-0.77	O2):32.749	
O1):-0.83	O2):44.308	
O1):-0.819	O2):38.661	
O1):-0.758	O2):31.393	
O1):-0.787	O2):34.373	
O1):-0.723	O2):28.687	
O1):-0.759	O2):31.62	
O1):-0.817	O2):40.27	
O1):-0.721	O2):28.564	
O1):-0.757	O2):31.611	
Evaluations:	1800
O1):-0.787	O2):34.416	
O1):-0.859	O2):54.151	
O1):-0.777	O2):33.469	
O1):-0.777	O2):32.814	
O1):-0.767	O2):32.616	
O1):-0.798	O2):37.754	
O1):-0.851	O2):49.988	
O1):-0.788	O2):39.658	
O1):-0.762	O2):32.147	
O1):-0.763	O2):34.356	
O1):-0.694	O2):27.278	
O1):-0.767	O2):32.616	
O1):-0.739	O2):29.377	
O1):-0.701	O2):27.201	
O1):-0.819	O2):38.734	
O1):-0.732	O2):31.434	
O1):-0.786	O2):33.928	
O1):-0.764	O2):32.141	
Starting PrismExecutor worker 5 on port 11415
O1):-0.822	O2):43.395	
O1):-0.79	O2):34.334	
Connected worker 5 to port 11415
O1):-0.825	O2):42.473	
O1):-0.854	O2):58.578	
O1):-0.742	O2):29.279	
O1):-0.761	O2):32.2	
O1):-0.794	O2):38.147	
O1):-0.749	O2):33.87	
O1):-0.743	O2):30.113	
O1):-0.802	O2):37.676	
O1):-0.793	O2):37.235	
O1):-0.854	O2):58.578	
O1):-0.806	O2):38.909	
O1):-0.742	O2):30.11	
O1):-0.82	O2):38.84	
O1):-0.718	O2):27.453	
O1):-0.839	O2):49.317	
O1):-0.747	O2):30.287	
O1):-0.77	O2):33.469	
O1):-0.824	O2):43.262	
O1):-0.675	O2):26.738	
O1):-0.841	O2):49.264	
O1):-0.797	O2):35.6	
O1):-0.796	O2):36.845	
O1):-0.761	O2):31.875	
O1):-0.828	O2):43.323	
O1):-0.772	O2):33.493	
O1):-0.825	O2):42.496	
O1):-0.721	O2):27.723	
O1):-0.818	O2):40.529	
O1):-0.835	O2):45.569	
O1):-0.813	O2):39.311	
O1):-0.794	O2):36.591	
O1):-0.795	O2):37.121	
O1):-0.762	O2):32.147	
O1):-0.822	O2):39.209	
O1):-0.801	O2):45.485	
Evaluations:	2000
O1):-0.8	O2):37.42	
O1):-0.815	O2):37.825	
O1):-0.85	O2):48.083	
O1):-0.723	O2):28.687	
O1):-0.746	O2):31.265	
O1):-0.756	O2):31.62	
O1):-0.85	O2):48.289	
O1):-0.735	O2):34.636	
O1):-0.776	O2):32.945	
O1):-0.815	O2):37.847	
O1):-0.795	O2):44.442	
O1):-0.824	O2):42.436	
O1):-0.82	O2):38.84	
O1):-0.701	O2):26.885	
O1):-0.671	O2):26.489	
O1):-0.837	O2):44.139	
O1):-0.816	O2):37.87	
O1):-0.721	O2):27.723	
O1):-0.825	O2):42.495	
O1):-0.834	O2):43.641	
O1):-0.784	O2):34.017	
O1):-0.76	O2):34.753	
O1):-0.807	O2):38.314	
O1):-0.78	O2):34.302	
O1):-0.784	O2):33.99	
O1):-0.671	O2):26.524	
O1):-0.854	O2):49.481	
O1):-0.771	O2):32.484	
O1):-0.817	O2):37.888	
O1):-0.835	O2):46.866	
O1):-0.834	O2):43.641	
O1):-0.784	O2):36.445	
O1):-0.808	O2):38.718	
O1):-0.842	O2):48.558	
O1):-0.727	O2):31.042	
O1):-0.834	O2):43.68	
O1):-0.759	O2):31.664	
O1):-0.773	O2):32.448	
O1):-0.834	O2):47.528	
O1):-0.826	O2):43.327	
O1):-0.794	O2):36.591	
O1):-0.822	O2):39.209	
O1):-0.702	O2):27.096	
O1):-0.791	O2):33.85	
O1):-0.835	O2):43.816	
O1):-0.708	O2):28.246	
O1):-0.835	O2):44.084	
O1):-0.838	O2):49.762	
O1):-0.675	O2):26.738	
O1):-0.76	O2):31.779	
O1):-0.801	O2):37.342	
O1):-0.816	O2):38.99	
O1):-0.804	O2):37.998	
O1):-0.756	O2):31.62	
O1):-0.767	O2):32.877	
O1):-0.806	O2):38.222	
O1):-0.781	O2):33.457	
O1):-0.77	O2):32.469	
O1):-0.763	O2):34.08	
O1):-0.819	O2):42.678	
O1):-0.787	O2):34.416	
O1):-0.854	O2):49.482	
O1):-0.797	O2):36.966	
O1):-0.801	O2):37.342	
O1):-0.833	O2):42.523	
O1):-0.697	O2):26.873	
O1):-0.793	O2):36.574	
O1):-0.808	O2):38.45	
O1):-0.778	O2):33.066	
O1):-0.825	O2):42.473	
O1):-0.817	O2):42.044	
O1):-0.855	O2):54.571	
Starting PrismExecutor worker 4 on port 11404
O1):-0.781	O2):33.957	
O1):-0.811	O2):38.905	
Evaluations:	1900
O1):-0.704	O2):27.202	
Connected worker 4 to port 11404
O1):-0.81	O2):39.034	
O1):-0.832	O2):43.038	
O1):-0.809	O2):39.024	
O1):-0.834	O2):43.65	
O1):-0.671	O2):26.53	
O1):-0.761	O2):32.428	
O1):-0.845	O2):50.22	
O1):-0.817	O2):38.022	
O1):-0.755	O2):33.08	
O1):-0.859	O2):54.258	
O1):-0.788	O2):39.269	
O1):-0.786	O2):34.442	
Evaluations:	1900
O1):-0.777	O2):32.814	
O1):-0.815	O2):38.971	
O1):-0.833	O2):44.916	
O1):-0.737	O2):32.055	
O1):-0.853	O2):49.189	
O1):-0.863	O2):54.294	
O1):-0.732	O2):31.335	
O1):-0.732	O2):31.335	
O1):-0.859	O2):53.205	
O1):-0.811	O2):39.168	
O1):-0.775	O2):32.836	
O1):-0.82	O2):38.84	
O1):-0.774	O2):33.039	
O1):-0.808	O2):42.534	
O1):-0.737	O2):31.478	
O1):-0.859	O2):54.388	
Evaluations:	2000
O1):-0.85	O2):48.083	
O1):-0.819	O2):38.661	
O1):-0.785	O2):38.829	
O1):-0.834	O2):43.609	
O1):-0.675	O2):26.738	
O1):-0.746	O2):31.362	
O1):-0.76	O2):33.6	
O1):-0.834	O2):43.609	
O1):-0.797	O2):34.671	
O1):-0.799	O2):37.324	
O1):-0.722	O2):27.818	
O1):-0.801	O2):37.437	
O1):-0.809	O2):39.086	
O1):-0.802	O2):37.71	
O1):-0.799	O2):38.99	
O1):-0.675	O2):26.738	
O1):-0.77	O2):32.749	
O1):-0.836	O2):44.16	
O1):-0.784	O2):33.99	
O1):-0.783	O2):33.416	
O1):-0.71	O2):27.695	
O1):-0.787	O2):34.416	
O1):-0.71	O2):27.695	
O1):-0.821	O2):42.892	
O1):-0.773	O2):32.527	
O1):-0.705	O2):27.464	
O1):-0.784	O2):34.368	
O1):-0.767	O2):32.466	
O1):-0.703	O2):27.242	
O1):-0.833	O2):43.779	
O1):-0.671	O2):26.478	
O1):-0.782	O2):33.746	
O1):-0.854	O2):49.482	
O1):-0.756	O2):33.227	
O1):-0.769	O2):32.581	
O1):-0.833	O2):43.28	
O1):-0.707	O2):27.414	
O1):-0.782	O2):33.838	
O1):-0.746	O2):32.326	
O1):-0.747	O2):32.616	
O1):-0.782	O2):33.868	
O1):-0.78	O2):33.587	
O1):-0.832	O2):43.036	
O1):-0.791	O2):34.309	
O1):-0.779	O2):33.474	
O1):-0.759	O2):31.616	
O1):-0.781	O2):33.456	
O1):-0.724	O2):29.077	
O1):-0.816	O2):37.869	
O1):-0.834	O2):44.8	
O1):-0.792	O2):35.298	
O1):-0.77	O2):33.514	
O1):-0.818	O2):42.545	
O1):-0.671	O2):26.53	
Starting PrismExecutor worker 3 on port 11443
Starting PrismExecutor worker 1 on port 11431
O1):-0.804	O2):38.392	
Connected worker 3 to port 11443
Connected worker 1 to port 11431
O1):-0.812	O2):44.157	
O1):-0.77	O2):33.449	
O1):-0.704	O2):27.834	
O1):-0.824	O2):43.256	
O1):-0.762	O2):32.25	
O1):-0.766	O2):32.426	
O1):-0.745	O2):31.147	
O1):-0.836	O2):44.16	
O1):-0.797	O2):34.669	
O1):-0.785	O2):34.701	
O1):-0.741	O2):31.139	
O1):-0.762	O2):32.123	
O1):-0.779	O2):33.199	
O1):-0.789	O2):34.779	
O1):-0.8	O2):37.324	
O1):-0.854	O2):49.482	
O1):-0.719	O2):28.193	
O1):-0.742	O2):30.11	
Evaluations:	2100
O1):-0.8	O2):37.437	
O1):-0.767	O2):32.616	
O1):-0.743	O2):31.121	
O1):-0.761	O2):32.2	
O1):-0.818	O2):40.365	
O1):-0.813	O2):39.311	
O1):-0.723	O2):28.766	
O1):-0.775	O2):35.797	
O1):-0.756	O2):33.232	
O1):-0.741	O2):35.161	
O1):-0.834	O2):43.609	
O1):-0.813	O2):39.385	
O1):-0.818	O2):38.24	
O1):-0.829	O2):44.465	
O1):-0.765	O2):32.2	
O1):-0.761	O2):32.055	
O1):-0.81	O2):39.034	
O1):-0.768	O2):33.156	
O1):-0.76	O2):33.617	
O1):-0.795	O2):34.137	
O1):-0.815	O2):37.742	
O1):-0.759	O2):31.62	
O1):-0.743	O2):30.113	
O1):-0.795	O2):38.657	
O1):-0.816	O2):37.869	
O1):-0.747	O2):32.048	
O1):-0.844	O2):49.129	
O1):-0.828	O2):43.491	
O1):-0.764	O2):33.709	
O1):-0.714	O2):27.387	
O1):-0.81	O2):38.732	
O1):-0.674	O2):26.742	
O1):-0.779	O2):33.402	
O1):-0.841	O2):49.265	
O1):-0.784	O2):34.244	
O1):-0.826	O2):43.456	
O1):-0.837	O2):53.866	
O1):-0.811	O2):39.168	
O1):-0.788	O2):34.301	
O1):-0.673	O2):26.728	
O1):-0.85	O2):53.993	
O1):-0.765	O2):32.194	
O1):-0.817	O2):37.908	
O1):-0.828	O2):43.323	
O1):-0.804	O2):39.478	
O1):-0.786	O2):34.257	
O1):-0.745	O2):30.236	
O1):-0.792	O2):37.387	
O1):-0.748	O2):31.326	
O1):-0.708	O2):28.246	
O1):-0.859	O2):53.205	
O1):-0.791	O2):34.436	
O1):-0.816	O2):42.002	
O1):-0.765	O2):34.537	
O1):-0.837	O2):44.278	
O1):-0.697	O2):26.873	
O1):-0.777	O2):32.814	
O1):-0.816	O2):38.192	
O1):-0.759	O2):33.554	
O1):-0.793	O2):40.896	
O1):-0.781	O2):33.278	
O1):-0.854	O2):54.302	
O1):-0.816	O2):37.766	
O1):-0.715	O2):30.843	
O1):-0.696	O2):26.818	
O1):-0.65	O2):26.181	
O1):-0.819	O2):38.457	
O1):-0.818	O2):38.363	
O1):-0.792	O2):35.354	
O1):-0.779	O2):33.199	
O1):-0.845	O2):48.09	
O1):-0.779	O2):34.063	
O1):-0.828	O2):43.324	
O1):-0.777	O2):32.814	
O1):-0.833	O2):42.512	
O1):-0.784	O2):33.872	
O1):-0.789	O2):33.934	
O1):-0.775	O2):32.771	
O1):-0.776	O2):33.557	
O1):-0.69	O2):27.257	
O1):-0.784	O2):33.656	
O1):-0.75	O2):32.233	
O1):-0.761	O2):31.869	
O1):-0.752	O2):32.725	
O1):-0.815	O2):38.971	
O1):-0.743	O2):31.121	
O1):-0.78	O2):33.643	
O1):-0.8	O2):37.448	
O1):-0.801	O2):37.508	
O1):-0.798	O2):37.403	
O1):-0.671	O2):26.489	
O1):-0.771	O2):32.484	
O1):-0.786	O2):39.05	
O1):-0.8	O2):35.519	
O1):-0.851	O2):49.988	
O1):-0.76	O2):33.617	
O1):-0.727	O2):32.754	
O1):-0.671	O2):26.53	
O1):-0.833	O2):43.643	
O1):-0.801	O2):37.584	
O1):-0.788	O2):34.356	
O1):-0.825	O2):42.496	
O1):-0.831	O2):42.9	
O1):-0.795	O2):37.121	
O1):-0.824	O2):43.256	
O1):-0.72	O2):27.752	
O1):-0.815	O2):39.817	
O1):-0.816	O2):37.766	
O1):-0.703	O2):27.153	
O1):-0.772	O2):32.876	
O1):-0.816	O2):37.766	
O1):-0.782	O2):33.746	
O1):-0.858	O2):53.881	
O1):-0.816	O2):38.99	
O1):-0.791	O2):34.431	
O1):-0.776	O2):32.953	
O1):-0.724	O2):28.857	
O1):-0.813	O2):39.311	
O1):-0.642	O2):26.436	
O1):-0.792	O2):35.179	
O1):-0.816	O2):37.766	
O1):-0.734	O2):28.648	
O1):-0.812	O2):37.975	
O1):-0.73	O2):29.108	
O1):-0.796	O2):36.561	
O1):-0.834	O2):43.651	
O1):-0.748	O2):31.347	
O1):-0.786	O2):33.924	
O1):-0.793	O2):36.917	
O1):-0.71	O2):27.696	
O1):-0.759	O2):31.56	
O1):-0.791	O2):34.309	
O1):-0.786	O2):33.918	
O1):-0.723	O2):28.687	
O1):-0.671	O2):26.53	
O1):-0.772	O2):33.493	
O1):-0.808	O2):38.692	
O1):-0.8	O2):37.42	
O1):-0.815	O2):39.809	
O1):-0.724	O2):29.231	
O1):-0.801	O2):37.71	
O1):-0.808	O2):38.45	
O1):-0.719	O2):28.109	
O1):-0.776	O2):33.557	
O1):-0.838	O2):44.672	
O1):-0.762	O2):32.178	
O1):-0.833	O2):43.28	
O1):-0.85	O2):48.083	
O1):-0.723	O2):28.687	
O1):-0.813	O2):39.385	
O1):-0.772	O2):32.56	
O1):-0.642	O2):26.416	
O1):-0.819	O2):38.734	
O1):-0.705	O2):27.814	
O1):-0.818	O2):38.329	
O1):-0.834	O2):47.528	
O1):-0.792	O2):35.308	
O1):-0.732	O2):31.43	
O1):-0.831	O2):44.581	
O1):-0.793	O2):36.827	
O1):-0.715	O2):30.584	
O1):-0.795	O2):34.137	
O1):-0.708	O2):28.479	
O1):-0.739	O2):32.752	
O1):-0.674	O2):26.742	
O1):-0.776	O2):33.153	
O1):-0.756	O2):31.62	
O1):-0.641	O2):26.461	
O1):-0.828	O2):43.491	
O1):-0.809	O2):42.072	
O1):-0.79	O2):37.812	
O1):-0.828	O2):43.323	
O1):-0.762	O2):32.249	
O1):-0.759	O2):31.736	
O1):-0.806	O2):38.909	
O1):-0.775	O2):33.048	
O1):-0.71	O2):33.557	
O1):-0.791	O2):35.473	
Starting PrismExecutor worker 5 on port 11405
O1):-0.791	O2):34.431	
O1):-0.836	O2):44.312	
O1):-0.795	O2):34.172	
Connected worker 5 to port 11405
O1):-0.776	O2):32.939	
O1):-0.817	O2):38.37	
O1):-0.782	O2):33.923	
O1):-0.675	O2):26.801	
O1):-0.814	O2):37.933	
O1):-0.776	O2):32.852	
O1):-0.775	O2):32.77	
O1):-0.815	O2):38.971	
O1):-0.72	O2):27.749	
O1):-0.837	O2):57.983	
O1):-0.834	O2):48.401	
O1):-0.778	O2):33.066	
O1):-0.761	O2):32.206	
O1):-0.798	O2):37.053	
O1):-0.786	O2):33.93	
O1):-0.733	O2):28.769	
O1):-0.785	O2):43.974	
O1):-0.786	O2):33.932	
O1):-0.787	O2):39.481	
O1):-0.714	O2):30.868	
O1):-0.835	O2):43.894	
O1):-0.784	O2):34.27	
O1):-0.833	O2):42.512	
O1):-0.767	O2):32.616	
O1):-0.842	O2):48.232	
O1):-0.7	O2):26.859	
O1):-0.828	O2):43.323	
O1):-0.819	O2):38.458	
O1):-0.79	O2):34.334	
O1):-0.795	O2):34.183	
O1):-0.819	O2):38.457	
O1):-0.71	O2):27.717	
O1):-0.825	O2):43.813	
O1):-0.858	O2):53.881	
O1):-0.748	O2):32.515	
O1):-0.78	O2):33.424	
O1):-0.78	O2):33.643	
O1):-0.779	O2):34.158	
O1):-0.689	O2):27.022	
O1):-0.779	O2):33.489	
O1):-0.748	O2):31.412	
O1):-0.841	O2):48.06	
O1):-0.767	O2):33.105	
O1):-0.774	O2):32.749	
O1):-0.818	O2):38.327	
O1):-0.833	O2):44.903	
O1):-0.772	O2):40.944	
O1):-0.802	O2):37.36	
O1):-0.78	O2):33.502	
O1):-0.834	O2):47.527	
O1):-0.732	O2):31.335	
O1):-0.721	O2):28.564	
O1):-0.789	O2):34.779	
O1):-0.717	O2):28.54	
O1):-0.775	O2):32.836	
O1):-0.787	O2):34.168	
O1):-0.675	O2):27.233	
O1):-0.741	O2):31.261	
O1):-0.836	O2):57.874	
O1):-0.862	O2):54.097	
O1):-0.787	O2):39.293	
O1):-0.769	O2):35.855	
O1):-0.727	O2):31.021	
O1):-0.74	O2):29.384	
O1):-0.837	O2):57.983	
O1):-0.799	O2):37.324	
O1):-0.763	O2):34.08	
O1):-0.775	O2):32.845	
O1):-0.765	O2):32.224	
O1):-0.838	O2):44.673	
O1):-0.723	O2):31.754	
O1):-0.802	O2):37.675	
O1):-0.755	O2):32.897	
O1):-0.801	O2):37.342	
O1):-0.828	O2):43.323	
O1):-0.781	O2):33.766	
O1):-0.854	O2):49.482	
O1):-0.805	O2):38.211	
O1):-0.833	O2):43.281	
O1):-0.793	O2):35.586	
O1):-0.761	O2):31.78	
O1):-0.77	O2):32.469	
O1):-0.763	O2):34.099	
O1):-0.828	O2):43.372	
O1):-0.777	O2):33.055	
O1):-0.795	O2):37.121	
O1):-0.671	O2):26.524	
O1):-0.727	O2):31.021	
O1):-0.83	O2):44.308	
O1):-0.844	O2):48.641	
O1):-0.833	O2):43.514	
Evaluations:	2300
O1):-0.835	O2):43.894	
O1):-0.701	O2):26.898	
O1):-0.76	O2):33.583	
O1):-0.745	O2):30.217	
O1):-0.778	O2):36.553	
O1):-0.823	O2):43.134	
Starting PrismExecutor worker 5 on port 11465
O1):-0.78	O2):33.643	
O1):-0.775	O2):33.509	
Connected worker 5 to port 11465
O1):-0.705	O2):27.17	
O1):-0.772	O2):32.393	
O1):-0.723	O2):28.687	
O1):-0.795	O2):37.121	
O1):-0.759	O2):31.62	
O1):-0.749	O2):35.321	
O1):-0.833	O2):44.085	
O1):-0.793	O2):36.827	
O1):-0.773	O2):32.448	
O1):-0.834	O2):43.643	
O1):-0.828	O2):43.323	
O1):-0.781	O2):33.32	
O1):-0.696	O2):26.818	
O1):-0.85	O2):53.993	
O1):-0.787	O2):34.052	
O1):-0.76	O2):32.329	
O1):-0.8	O2):37.532	
O1):-0.791	O2):38.254	
O1):-0.7	O2):27.187	
O1):-0.705	O2):27.464	
O1):-0.831	O2):42.9	
O1):-0.71	O2):27.748	
O1):-0.816	O2):40.069	
O1):-0.757	O2):33.003	
O1):-0.795	O2):38.658	
O1):-0.741	O2):31.076	
O1):-0.774	O2):32.962	
O1):-0.674	O2):26.72	
O1):-0.758	O2):31.91	
O1):-0.834	O2):47.528	
O1):-0.727	O2):31.018	
O1):-0.761	O2):31.78	
O1):-0.748	O2):31.421	
O1):-0.853	O2):49.17	
O1):-0.778	O2):34.098	
O1):-0.827	O2):43.068	
O1):-0.816	O2):38.99	
O1):-0.793	O2):35.475	
O1):-0.811	O2):39.498	
O1):-0.837	O2):44.139	
O1):-0.785	O2):38.758	
O1):-0.762	O2):32.178	
O1):-0.744	O2):30.331	
O1):-0.837	O2):57.983	
O1):-0.772	O2):33.525	
O1):-0.79	O2):34.816	
O1):-0.836	O2):45.441	
O1):-0.832	O2):43.107	
O1):-0.859	O2):53.38	
O1):-0.74	O2):31.235	
O1):-0.833	O2):43.28	
O1):-0.789	O2):34.779	
O1):-0.841	O2):48.057	
O1):-0.802	O2):37.854	
O1):-0.824	O2):43.256	
O1):-0.786	O2):34.436	
O1):-0.751	O2):32.611	
O1):-0.701	O2):26.904	
O1):-0.818	O2):42.545	
O1):-0.811	O2):39.173	
O1):-0.808	O2):38.691	
O1):-0.8	O2):37.42	
O1):-0.732	O2):32.043	
O1):-0.748	O2):31.35	
O1):-0.817	O2):37.917	
O1):-0.792	O2):35.179	
O1):-0.837	O2):57.983	
O1):-0.804	O2):39.605	
O1):-0.793	O2):35.258	
O1):-0.775	O2):32.564	
O1):-0.793	O2):44.363	
O1):-0.759	O2):31.578	
O1):-0.765	O2):32.194	
O1):-0.768	O2):32.575	
O1):-0.697	O2):26.873	
O1):-0.79	O2):33.768	
O1):-0.842	O2):48.557	
O1):-0.765	O2):32.23	
O1):-0.787	O2):34.052	
O1):-0.781	O2):33.761	
O1):-0.766	O2):33.53	
O1):-0.834	O2):44.931	
O1):-0.813	O2):39.385	
O1):-0.709	O2):28.484	
O1):-0.826	O2):43.456	
O1):-0.859	O2):54.258	
O1):-0.759	O2):31.62	
O1):-0.804	O2):37.974	
O1):-0.816	O2):37.995	
O1):-0.784	O2):34.27	
O1):-0.746	O2):31.361	
O1):-0.716	O2):27.785	
O1):-0.768	O2):34.668	
O1):-0.816	O2):37.869	
O1):-0.721	O2):29.13	
O1):-0.836	O2):44.162	
O1):-0.749	O2):35.337	
O1):-0.724	O2):29.231	
O1):-0.833	O2):44.085	
O1):-0.795	O2):37.3	
O1):-0.7	O2):27.187	
O1):-0.763	O2):32.196	
O1):-0.757	O2):31.611	
O1):-0.792	O2):35.317	
O1):-0.786	O2):34.436	
Starting PrismExecutor worker 2 on port 11452
O1):-0.776	O2):35.62	
O1):-0.83	O2):44.308	
O1):-0.842	O2):49.273	
O1):-0.835	O2):43.894	
O1):-0.787	O2):37.307	
Connected worker 2 to port 11452
O1):-0.783	O2):33.625	
O1):-0.859	O2):54.152	
O1):-0.78	O2):33.502	
O1):-0.741	O2):31.192	
O1):-0.808	O2):38.692	
O1):-0.845	O2):49.994	
O1):-0.785	O2):38.789	
O1):-0.841	O2):48.258	
O1):-0.808	O2):38.718	
O1):-0.836	O2):45.441	
O1):-0.784	O2):33.959	
O1):-0.819	O2):38.467	
O1):-0.8	O2):37.448	
O1):-0.742	O2):30.11	
O1):-0.775	O2):32.853	
O1):-0.761	O2):31.78	
O1):-0.851	O2):49.959	
O1):-0.78	O2):33.498	
O1):-0.837	O2):57.983	
O1):-0.72	O2):27.772	
O1):-0.8	O2):37.484	
O1):-0.8	O2):37.438	
O1):-0.845	O2):48.833	
O1):-0.703	O2):27.242	
O1):-0.749	O2):35.369	
O1):-0.841	O2):49.264	
O1):-0.77	O2):33.931	
O1):-0.824	O2):43.251	
O1):-0.745	O2):31.282	
Evaluations:	2200
O1):-0.707	O2):27.414	
O1):-0.776	O2):32.939	
O1):-0.708	O2):28.246	
O1):-0.808	O2):38.718	
O1):-0.743	O2):31.121	
O1):-0.795	O2):34.137	
O1):-0.783	O2):33.81	
O1):-0.672	O2):26.515	
O1):-0.796	O2):36.845	
O1):-0.776	O2):37.716	
O1):-0.833	O2):43.28	
O1):-0.774	O2):32.966	
O1):-0.832	O2):43.036	
O1):-0.804	O2):53.246	
O1):-0.853	O2):49.189	
O1):-0.738	O2):29.128	
O1):-0.81	O2):39.067	
O1):-0.767	O2):33.12	
O1):-0.818	O2):42.545	
O1):-0.801	O2):37.508	
O1):-0.8	O2):37.324	
O1):-0.76	O2):32.329	
O1):-0.8	O2):37.324	
O1):-0.736	O2):34.863	
O1):-0.85	O2):49.919	
O1):-0.746	O2):31.271	
O1):-0.745	O2):31.147	
O1):-0.764	O2):32.412	
O1):-0.751	O2):32.834	
O1):-0.834	O2):43.837	
O1):-0.75	O2):32.415	
O1):-0.786	O2):38.789	
O1):-0.778	O2):33.239	
O1):-0.784	O2):33.807	
O1):-0.757	O2):33.701	
O1):-0.756	O2):31.62	
O1):-0.675	O2):26.738	
O1):-0.69	O2):27.257	
O1):-0.77	O2):33.506	
O1):-0.672	O2):26.515	
O1):-0.85	O2):48.565	
O1):-0.778	O2):33.233	
O1):-0.73	O2):31.351	
O1):-0.826	O2):43.333	
O1):-0.779	O2):33.463	
O1):-0.745	O2):30.236	
O1):-0.851	O2):49.988	
O1):-0.745	O2):31.155	
O1):-0.842	O2):48.561	
O1):-0.777	O2):32.815	
O1):-0.797	O2):36.966	
O1):-0.853	O2):48.894	
O1):-0.796	O2):37.468	
O1):-0.72	O2):27.749	
O1):-0.833	O2):43.514	
O1):-0.765	O2):32.194	
O1):-0.747	O2):31.376	
O1):-0.818	O2):38.238	
O1):-0.755	O2):31.348	
O1):-0.722	O2):27.742	
O1):-0.801	O2):37.521	
O1):-0.671	O2):26.53	
O1):-0.765	O2):32.194	
O1):-0.854	O2):54.305	
O1):-0.76	O2):31.875	
Starting PrismExecutor worker 2 on port 11432
O1):-0.833	O2):42.512	
O1):-0.797	O2):35.741	
Connected worker 2 to port 11432
O1):-0.815	O2):38.971	
O1):-0.841	O2):49.258	
O1):-0.703	O2):27.168	
O1):-0.817	O2):37.908	
O1):-0.826	O2):42.912	
O1):-0.735	O2):31.973	
O1):-0.75	O2):32.705	
O1):-0.828	O2):43.323	
O1):-0.742	O2):30.11	
O1):-0.739	O2):33.454	
O1):-0.763	O2):32.276	
O1):-0.741	O2):33.005	
O1):-0.723	O2):29.427	
O1):-0.771	O2):32.949	
O1):-0.791	O2):34.436	
O1):-0.77	O2):32.749	
O1):-0.733	O2):28.769	
O1):-0.77	O2):33.278	
O1):-0.758	O2):33.256	
O1):-0.854	O2):58.579	
O1):-0.818	O2):38.238	
O1):-0.786	O2):34.442	
O1):-0.834	O2):43.418	
O1):-0.791	O2):34.431	
O1):-0.797	O2):35.741	
O1):-0.786	O2):34.428	
O1):-0.717	O2):28.74	
O1):-0.675	O2):27.233	
O1):-0.671	O2):26.489	
O1):-0.78	O2):45.067	
O1):-0.799	O2):37.922	
O1):-0.671	O2):26.489	
O1):-0.76	O2):31.709	
O1):-0.824	O2):43.256	
O1):-0.675	O2):26.738	
O1):-0.834	O2):43.418	
O1):-0.745	O2):31.954	
O1):-0.761	O2):31.78	
O1):-0.824	O2):42.47	
O1):-0.803	O2):38.838	
O1):-0.786	O2):33.924	
O1):-0.782	O2):33.729	
O1):-0.781	O2):33.821	
O1):-0.808	O2):38.443	
O1):-0.698	O2):27.082	
O1):-0.768	O2):32.845	
O1):-0.81	O2):38.772	
O1):-0.671	O2):26.489	
O1):-0.732	O2):31.43	
O1):-0.851	O2):49.988	
O1):-0.854	O2):58.578	
O1):-0.701	O2):26.898	
O1):-0.733	O2):28.769	
O1):-0.8	O2):37.42	
O1):-0.8	O2):37.324	
O1):-0.824	O2):43.561	
O1):-0.675	O2):26.801	
O1):-0.78	O2):33.643	
O1):-0.787	O2):34.373	
O1):-0.797	O2):35.713	
O1):-0.767	O2):32.616	
O1):-0.805	O2):38.704	
O1):-0.78	O2):33.643	
O1):-0.802	O2):39.402	
O1):-0.826	O2):42.767	
O1):-0.723	O2):28.687	
O1):-0.723	O2):28.687	
O1):-0.816	O2):41.911	
O1):-0.741	O2):31.144	
O1):-0.85	O2):48.289	
O1):-0.85	O2):48.083	
O1):-0.82	O2):40.717	
O1):-0.8	O2):37.53	
O1):-0.757	O2):33.275	
O1):-0.721	O2):28.564	
O1):-0.761	O2):31.78	
O1):-0.791	O2):34.309	
O1):-0.808	O2):38.675	
O1):-0.816	O2):37.869	
O1):-0.774	O2):32.966	
O1):-0.777	O2):32.814	
O1):-0.78	O2):33.502	
O1):-0.79	O2):34.853	
O1):-0.816	O2):37.766	
O1):-0.671	O2):26.489	
O1):-0.855	O2):54.571	
O1):-0.802	O2):37.36	
O1):-0.761	O2):31.957	
O1):-0.724	O2):29.077	
O1):-0.777	O2):35.969	
O1):-0.831	O2):42.9	
O1):-0.798	O2):34.835	
O1):-0.807	O2):38.495	
O1):-0.813	O2):39.311	
O1):-0.721	O2):31.614	
O1):-0.768	O2):32.845	
O1):-0.723	O2):28.687	
O1):-0.795	O2):34.137	
O1):-0.733	O2):28.77	
O1):-0.705	O2):27.464	
O1):-0.824	O2):42.47	
O1):-0.671	O2):26.53	
O1):-0.724	O2):28.857	
O1):-0.708	O2):27.443	
Starting PrismExecutor worker 0 on port 11490
O1):-0.833	O2):43.645	
O1):-0.697	O2):26.873	
O1):-0.808	O2):38.718	
O1):-0.759	O2):31.664	
Connected worker 0 to port 11490
O1):-0.795	O2):37.3	
O1):-0.824	O2):42.47	
O1):-0.772	O2):32.393	
O1):-0.808	O2):38.617	
O1):-0.768	O2):32.845	
O1):-0.836	O2):44.003	
O1):-0.808	O2):42.137	
O1):-0.819	O2):38.661	
O1):-0.826	O2):43.909	
O1):-0.85	O2):48.083	
O1):-0.725	O2):28.176	
O1):-0.758	O2):31.91	
O1):-0.8	O2):37.42	
O1):-0.788	O2):34.446	
O1):-0.791	O2):34.183	
O1):-0.817	O2):40.228	
O1):-0.834	O2):44.931	
O1):-0.794	O2):37.026	
O1):-0.76	O2):33.849	
O1):-0.834	O2):43.649	
O1):-0.796	O2):36.845	
O1):-0.776	O2):32.627	
O1):-0.835	O2):48.184	
O1):-0.728	O2):28.976	
O1):-0.72	O2):27.75	
O1):-0.796	O2):36.845	
O1):-0.697	O2):26.873	
O1):-0.708	O2):28.246	
O1):-0.776	O2):32.875	
O1):-0.725	O2):32.774	
O1):-0.8	O2):37.324	
O1):-0.701	O2):26.904	
O1):-0.819	O2):38.734	
Evaluations:	2100
O1):-0.792	O2):36.754	
O1):-0.701	O2):27.201	
O1):-0.817	O2):42.019	
O1):-0.787	O2):34.373	
O1):-0.799	O2):37.171	
O1):-0.74	O2):31.108	
O1):-0.837	O2):44.525	
O1):-0.784	O2):33.789	
O1):-0.8	O2):37.729	
O1):-0.816	O2):37.782	
O1):-0.671	O2):26.524	
O1):-0.73	O2):31.351	
O1):-0.749	O2):31.554	
O1):-0.761	O2):34.293	
O1):-0.833	O2):44.085	
O1):-0.767	O2):32.668	
O1):-0.807	O2):38.307	
O1):-0.822	O2):39.192	
O1):-0.706	O2):28.183	
O1):-0.778	O2):33.154	
O1):-0.756	O2):31.62	
O1):-0.813	O2):39.552	
O1):-0.767	O2):32.616	
O1):-0.78	O2):33.643	
O1):-0.759	O2):31.664	
O1):-0.8	O2):37.438	
O1):-0.816	O2):38.99	
O1):-0.836	O2):44.391	
O1):-0.765	O2):32.194	
O1):-0.811	O2):38.979	
O1):-0.703	O2):27.242	
O1):-0.773	O2):32.418	
O1):-0.703	O2):27.242	
O1):-0.831	O2):42.9	
O1):-0.842	O2):48.558	
O1):-0.786	O2):34.005	
O1):-0.759	O2):31.664	
O1):-0.708	O2):28.246	
O1):-0.798	O2):37.157	
O1):-0.817	O2):37.908	
O1):-0.802	O2):43.602	
O1):-0.833	O2):43.28	
O1):-0.741	O2):31.164	
O1):-0.689	O2):27.022	
O1):-0.701	O2):26.898	
O1):-0.795	O2):37.3	
O1):-0.802	O2):37.336	
O1):-0.8	O2):37.709	
O1):-0.709	O2):27.702	
O1):-0.709	O2):27.702	
O1):-0.81	O2):39.03	
O1):-0.849	O2):49.534	
O1):-0.791	O2):34.309	
O1):-0.781	O2):33.733	
O1):-0.796	O2):37.692	
O1):-0.697	O2):26.873	
O1):-0.8	O2):37.53	
O1):-0.748	O2):32.11	
O1):-0.786	O2):33.923	
O1):-0.798	O2):34.835	
O1):-0.834	O2):44.931	
O1):-0.795	O2):34.137	
O1):-0.811	O2):38.905	
O1):-0.733	O2):28.728	
O1):-0.764	O2):32.141	
O1):-0.842	O2):48.234	
O1):-0.767	O2):32.668	
O1):-0.809	O2):39.012	
O1):-0.772	O2):33.493	
O1):-0.841	O2):48.057	
Starting PrismExecutor worker 0 on port 11450
O1):-0.82	O2):38.825	
Connected worker 0 to port 11450
O1):-0.782	O2):33.823	
O1):-0.791	O2):36.886	
O1):-0.79	O2):34.816	
O1):-0.705	O2):27.416	
O1):-0.759	O2):32.077	
O1):-0.833	O2):43.28	
O1):-0.694	O2):27.278	
O1):-0.795	O2):34.173	
O1):-0.757	O2):31.611	
O1):-0.816	O2):37.895	
O1):-0.723	O2):29.189	
O1):-0.73	O2):31.351	
O1):-0.675	O2):26.801	
O1):-0.794	O2):36.518	
O1):-0.711	O2):28.487	
O1):-0.763	O2):32.196	
O1):-0.701	O2):26.898	
O1):-0.763	O2):32.196	
O1):-0.727	O2):31.073	
O1):-0.795	O2):38.169	
O1):-0.643	O2):26.472	
O1):-0.833	O2):44.83	
O1):-0.755	O2):32.847	
O1):-0.76	O2):32.329	
O1):-0.834	O2):44.931	
O1):-0.801	O2):37.618	
O1):-0.768	O2):32.582	
O1):-0.752	O2):31.851	
O1):-0.754	O2):32.081	
O1):-0.724	O2):29.077	
O1):-0.822	O2):39.209	
O1):-0.761	O2):31.992	
O1):-0.832	O2):42.558	
O1):-0.826	O2):42.912	
O1):-0.775	O2):32.771	
O1):-0.748	O2):31.433	
O1):-0.827	O2):43.068	
O1):-0.858	O2):53.881	
O1):-0.791	O2):34.436	
O1):-0.767	O2):33.161	
O1):-0.817	O2):42.044	
Evaluations:	2000
O1):-0.798	O2):37.754	
O1):-0.696	O2):26.818	
O1):-0.806	O2):38.337	
O1):-0.761	O2):31.87	
O1):-0.778	O2):33.233	
O1):-0.675	O2):26.801	
O1):-0.802	O2):37.854	
O1):-0.76	O2):31.779	
O1):-0.767	O2):33.12	
O1):-0.842	O2):49.273	
O1):-0.779	O2):34.204	
O1):-0.696	O2):26.818	
O1):-0.791	O2):34.431	
O1):-0.797	O2):35.6	
O1):-0.843	O2):49.418	
O1):-0.675	O2):27.591	
O1):-0.765	O2):32.198	
O1):-0.748	O2):32.523	
O1):-0.844	O2):48.641	
O1):-0.773	O2):32.527	
O1):-0.818	O2):40.529	
O1):-0.828	O2):43.491	
O1):-0.767	O2):32.622	
O1):-0.832	O2):43.107	
Evaluations:	1900
O1):-0.862	O2):54.882	
O1):-0.825	O2):43.813	
O1):-0.815	O2):37.839	
O1):-0.833	O2):43.643	
O1):-0.74	O2):31.086	
O1):-0.826	O2):42.767	
O1):-0.751	O2):32.834	
O1):-0.789	O2):35.096	
O1):-0.801	O2):42.876	
O1):-0.817	O2):38.023	
O1):-0.842	O2):48.568	
O1):-0.786	O2):33.93	
O1):-0.826	O2):43.456	
O1):-0.793	O2):38.372	
O1):-0.77	O2):33.912	
O1):-0.75	O2):32.746	
O1):-0.778	O2):33.233	
O1):-0.815	O2):38.948	
O1):-0.845	O2):48.837	
O1):-0.768	O2):33.156	
O1):-0.82	O2):38.84	
O1):-0.834	O2):47.528	
O1):-0.834	O2):45.16	
O1):-0.789	O2):33.934	
O1):-0.773	O2):32.527	
O1):-0.747	O2):30.287	
O1):-0.837	O2):44.693	
O1):-0.777	O2):32.815	
O1):-0.775	O2):33.509	
O1):-0.811	O2):39.168	
O1):-0.816	O2):37.853	
O1):-0.8	O2):37.42	
O1):-0.833	O2):46.27	
O1):-0.723	O2):28.687	
O1):-0.818	O2):38.363	
O1):-0.786	O2):34.711	
O1):-0.828	O2):43.323	
O1):-0.776	O2):35.95	
O1):-0.802	O2):37.36	
O1):-0.708	O2):27.443	
O1):-0.674	O2):26.72	
O1):-0.782	O2):33.721	
O1):-0.795	O2):38.657	
O1):-0.831	O2):44.568	
Evaluations:	2100
O1):-0.803	O2):38.041	
O1):-0.779	O2):33.402	
O1):-0.798	O2):34.763	
O1):-0.794	O2):43.78	
O1):-0.832	O2):42.558	
O1):-0.776	O2):32.939	
O1):-0.742	O2):29.279	
O1):-0.799	O2):38.271	
O1):-0.758	O2):31.393	
O1):-0.703	O2):27.168	
O1):-0.834	O2):43.641	
O1):-0.786	O2):34.442	
O1):-0.741	O2):31.193	
O1):-0.834	O2):47.532	
O1):-0.859	O2):54.258	
O1):-0.828	O2):43.323	
O1):-0.744	O2):30.402	
O1):-0.772	O2):32.56	
O1):-0.689	O2):27.022	
O1):-0.799	O2):37.324	
O1):-0.77	O2):32.469	
O1):-0.762	O2):33.457	
O1):-0.773	O2):32.448	
O1):-0.794	O2):38.611	
O1):-0.815	O2):37.825	
O1):-0.768	O2):33.047	
O1):-0.674	O2):26.72	
O1):-0.811	O2):39.168	
O1):-0.835	O2):48.184	
O1):-0.794	O2):38.611	
O1):-0.774	O2):32.749	
O1):-0.734	O2):31.866	
O1):-0.797	O2):38.202	
O1):-0.774	O2):32.749	
O1):-0.793	O2):35.023	
O1):-0.776	O2):32.931	
O1):-0.819	O2):38.67	
O1):-0.779	O2):33.402	
O1):-0.69	O2):27.266	
O1):-0.764	O2):32.175	
O1):-0.776	O2):32.627	
O1):-0.862	O2):54.882	
O1):-0.835	O2):46.866	
O1):-0.721	O2):28.564	
O1):-0.801	O2):42.876	
O1):-0.722	O2):27.742	
O1):-0.766	O2):32.485	
O1):-0.834	O2):43.649	
O1):-0.788	O2):34.497	
O1):-0.801	O2):37.342	
O1):-0.778	O2):36.553	
O1):-0.785	O2):34.405	
O1):-0.824	O2):42.47	
O1):-0.828	O2):44.014	
O1):-0.854	O2):58.578	
O1):-0.8	O2):37.51	
O1):-0.691	O2):30.378	
O1):-0.79	O2):34.334	
O1):-0.815	O2):39.809	
O1):-0.767	O2):32.622	
O1):-0.675	O2):26.801	
O1):-0.789	O2):34.978	
O1):-0.82	O2):40.717	
O1):-0.797	O2):35.741	
O1):-0.803	O2):38.041	
O1):-0.809	O2):38.665	
O1):-0.795	O2):36.824	
O1):-0.836	O2):43.37	
O1):-0.776	O2):33.152	
O1):-0.796	O2):34.71	
O1):-0.708	O2):27.443	
Evaluations:	2000
O1):-0.802	O2):37.854	
O1):-0.779	O2):33.402	
O1):-0.762	O2):32.208	
O1):-0.802	O2):37.36	
O1):-0.774	O2):32.962	
O1):-0.822	O2):39.199	
O1):-0.694	O2):27.278	
O1):-0.777	O2):36.795	
O1):-0.721	O2):27.723	
O1):-0.776	O2):32.939	
O1):-0.775	O2):33.048	
O1):-0.817	O2):42.044	
O1):-0.696	O2):26.818	
O1):-0.832	O2):42.492	
O1):-0.85	O2):49.919	
O1):-0.76	O2):31.684	
O1):-0.789	O2):35.209	
O1):-0.793	O2):36.573	
O1):-0.703	O2):27.242	
O1):-0.805	O2):38.259	
O1):-0.705	O2):27.17	
O1):-0.816	O2):38.99	
O1):-0.701	O2):27.201	
O1):-0.79	O2):34.816	
O1):-0.776	O2):32.939	
O1):-0.776	O2):33.384	
O1):-0.793	O2):37.527	
O1):-0.853	O2):49.17	
O1):-0.778	O2):33.154	
O1):-0.724	O2):28.718	
Starting PrismExecutor worker 3 on port 11433
O1):-0.758	O2):31.91	
O1):-0.845	Connected worker 3 to port 11433
O2):48.833	
O1):-0.733	O2):28.74	
O1):-0.778	O2):33.233	
O1):-0.768	O2):32.845	
O1):-0.816	O2):37.894	
O1):-0.802	O2):37.854	
O1):-0.818	O2):40.365	
O1):-0.808	O2):38.691	
O1):-0.753	O2):32.848	
O1):-0.724	O2):28.267	
O1):-0.797	O2):35.6	
O1):-0.708	O2):28.285	
O1):-0.844	O2):48.641	
O1):-0.809	O2):39.014	
O1):-0.801	O2):37.555	
O1):-0.801	O2):37.521	
O1):-0.76	O2):31.875	
O1):-0.692	O2):27.263	
O1):-0.769	O2):32.938	
O1):-0.815	O2):38.971	
O1):-0.797	O2):35.751	
O1):-0.828	O2):43.323	
O1):-0.783	O2):33.809	
O1):-0.673	O2):26.824	
O1):-0.778	O2):33.574	
O1):-0.839	O2):49.317	
O1):-0.822	O2):43.395	
O1):-0.851	O2):48.59	
O1):-0.773	O2):32.527	
O1):-0.859	O2):54.258	
O1):-0.809	O2):41.146	
O1):-0.781	O2):33.761	
O1):-0.775	O2):34.33	
O1):-0.815	O2):37.825	
O1):-0.775	O2):32.853	
O1):-0.841	O2):48.213	
O1):-0.792	O2):37.826	
O1):-0.765	O2):32.194	
O1):-0.844	O2):49.129	
O1):-0.833	O2):44.902	
O1):-0.818	O2):38.363	
O1):-0.642	O2):26.415	
O1):-0.842	O2):47.183	
O1):-0.815	O2):37.825	
O1):-0.737	O2):31.478	
O1):-0.759	O2):31.577	
O1):-0.778	O2):33.233	
O1):-0.746	O2):31.265	
O1):-0.855	O2):54.571	
O1):-0.842	O2):48.077	
O1):-0.837	O2):44.139	
O1):-0.814	O2):39.726	
O1):-0.833	O2):44.086	
O1):-0.711	O2):28.441	
O1):-0.774	O2):33.038	
O1):-0.726	O2):29.047	
O1):-0.777	O2):33.965	
O1):-0.809	O2):39.012	
O1):-0.767	O2):32.759	
O1):-0.844	O2):48.641	
O1):-0.842	O2):48.234	
O1):-0.776	O2):32.939	
O1):-0.833	O2):43.341	
O1):-0.674	O2):26.72	
O1):-0.828	O2):43.323	
O1):-0.795	O2):34.173	
O1):-0.825	O2):42.473	
O1):-0.797	O2):36.966	
O1):-0.817	O2):38.022	
O1):-0.756	O2):31.381	
O1):-0.778	O2):33.574	
O1):-0.792	O2):35.179	
O1):-0.801	O2):37.608	
O1):-0.761	O2):31.957	
O1):-0.842	O2):48.532	
O1):-0.707	O2):27.414	
O1):-0.821	O2):43.523	
O1):-0.745	O2):31.147	
O1):-0.76	O2):31.732	
O1):-0.734	O2):28.646	
O1):-0.726	O2):29.353	
O1):-0.762	O2):32.143	
O1):-0.81	O2):39.067	
O1):-0.701	O2):26.898	
O1):-0.793	O2):36.573	
O1):-0.708	O2):27.434	
O1):-0.674	O2):26.72	
O1):-0.81	O2):38.722	
Evaluations:	2000
O1):-0.818	O2):38.524	
O1):-0.787	O2):34.108	
O1):-0.841	O2):49.285	
O1):-0.788	O2):34.356	
O1):-0.674	O2):26.742	
O1):-0.738	O2):31.728	
O1):-0.845	O2):49.335	
O1):-0.702	O2):27.096	
O1):-0.792	O2):43.215	
O1):-0.784	O2):38.494	
Evaluations:	2200
Starting PrismExecutor worker 3 on port 11493
Starting PrismExecutor worker 3 on port 11453
Connected worker 3 to port 11493
O1):-0.777	O2):32.815	
Evaluations:	2100
Connected worker 3 to port 11453
O1):-0.69	O2):27.257	
O1):-0.818	O2):42.545	
O1):-0.806	O2):38.222	
O1):-0.813	O2):39.559	
O1):-0.746	O2):31.361	
O1):-0.787	O2):34.168	
O1):-0.762	O2):32.207	
O1):-0.753	O2):32.81	
O1):-0.822	O2):39.209	
O1):-0.826	O2):42.767	
O1):-0.808	O2):38.673	
O1):-0.794	O2):36.591	
O1):-0.782	O2):35.276	
O1):-0.776	O2):32.939	
O1):-0.765	O2):32.199	
O1):-0.849	O2):49.534	
O1):-0.842	O2):48.557	
O1):-0.765	O2):32.473	
O1):-0.815	O2):39.82	
O1):-0.746	O2):32.074	
O1):-0.776	O2):32.953	
O1):-0.79	O2):37.095	
O1):-0.793	O2):44.369	
O1):-0.793	O2):44.369	
O1):-0.722	O2):30.513	
O1):-0.7	O2):26.859	
O1):-0.72	O2):27.749	
O1):-0.776	O2):36.011	
O1):-0.834	O2):44.984	
O1):-0.779	O2):33.198	
O1):-0.767	O2):33.148	
O1):-0.785	O2):43.992	
O1):-0.697	O2):26.873	
O1):-0.675	O2):26.801	
O1):-0.788	O2):34.355	
O1):-0.844	O2):48.641	
O1):-0.777	O2):33.579	
O1):-0.732	O2):31.43	
O1):-0.839	O2):49.312	
O1):-0.797	O2):38.215	
O1):-0.722	O2):28.538	
O1):-0.781	O2):33.761	
O1):-0.8	O2):37.53	
O1):-0.774	O2):32.749	
O1):-0.789	O2):38.215	
O1):-0.706	O2):27.588	
O1):-0.724	O2):29.068	
O1):-0.784	O2):36.349	
O1):-0.818	O2):38.317	
O1):-0.796	O2):34.71	
O1):-0.818	O2):40.529	
O1):-0.797	O2):35.76	
O1):-0.798	O2):37.154	
O1):-0.733	O2):28.728	
O1):-0.767	O2):34.478	
O1):-0.758	O2):36.541	
O1):-0.78	O2):34.302	
O1):-0.708	O2):27.443	
O1):-0.783	O2):33.625	
O1):-0.777	O2):33.285	
O1):-0.85	O2):49.919	
O1):-0.728	O2):28.976	
O1):-0.781	O2):36.72	
O1):-0.763	O2):34.054	
O1):-0.717	O2):29.329	
O1):-0.789	O2):36.963	
O1):-0.771	O2):33.984	
O1):-0.808	O2):38.673	
O1):-0.818	O2):38.317	
O1):-0.831	O2):42.903	
O1):-0.765	O2):32.224	
O1):-0.8	O2):37.462	
O1):-0.782	O2):37.579	
O1):-0.782	O2):33.378	
O1):-0.696	O2):26.818	
O1):-0.782	O2):35.276	
O1):-0.843	O2):49.418	
O1):-0.806	O2):39.041	
O1):-0.842	O2):48.232	
O1):-0.815	O2):37.742	
O1):-0.724	O2):28.718	
O1):-0.832	O2):43.036	
O1):-0.759	O2):31.56	
O1):-0.767	O2):33.113	
O1):-0.767	O2):33.12	
O1):-0.734	O2):31.837	
O1):-0.773	O2):32.448	
O1):-0.671	O2):26.53	
O1):-0.811	O2):39.168	
O1):-0.834	O2):43.641	
O1):-0.837	O2):44.139	
O1):-0.7	O2):27.187	
O1):-0.799	O2):37.922	
O1):-0.724	O2):28.347	
O1):-0.659	O2):27.068	
O1):-0.732	O2):31.335	
Starting PrismExecutor worker 0 on port 11430
O1):-0.796	O2):36.845	
O1):-0.701	O2):27.201	
Connected worker 0 to port 11430
O1):-0.713	O2):30.585	
O1):-0.791	O2):34.309	
O1):-0.85	O2):49.919	
O1):-0.834	O2):44.954	
O1):-0.837	O2):57.983	
O1):-0.777	O2):36.333	
O1):-0.7	O2):26.86	
O1):-0.718	O2):27.453	
O1):-0.671	O2):26.478	
O1):-0.723	O2):28.774	
O1):-0.832	O2):43.546	
O1):-0.742	O2):30.11	
O1):-0.859	O2):53.205	
O1):-0.8	O2):37.53	
O1):-0.79	O2):33.768	
O1):-0.788	O2):37.39	
O1):-0.767	O2):33.85	
O1):-0.786	O2):33.93	
O1):-0.775	O2):33.899	
O1):-0.718	O2):27.767	
O1):-0.797	O2):35.6	
O1):-0.746	O2):32.326	
O1):-0.779	O2):33.171	
O1):-0.738	O2):29.127	
O1):-0.853	O2):49.189	
O1):-0.797	O2):37.15	
O1):-0.798	O2):34.835	
O1):-0.833	O2):43.435	
O1):-0.746	O2):31.361	
O1):-0.832	O2):43.546	
O1):-0.813	O2):39.311	
O1):-0.741	O2):31.144	
O1):-0.803	O2):37.774	
O1):-0.787	O2):39.35	
O1):-0.835	O2):46.866	
O1):-0.793	O2):36.574	
O1):-0.65	O2):26.204	
O1):-0.786	O2):33.93	
O1):-0.815	O2):38.978	
O1):-0.674	O2):26.742	
O1):-0.702	O2):27.132	
O1):-0.842	O2):48.558	
O1):-0.836	O2):45.441	
O1):-0.763	O2):32.196	
O1):-0.721	O2):28.272	
O1):-0.835	O2):46.866	
O1):-0.825	O2):42.733	
O1):-0.811	O2):38.905	
O1):-0.709	O2):27.702	
O1):-0.835	O2):43.894	
O1):-0.772	O2):33.493	
O1):-0.762	O2):32.178	
O1):-0.765	O2):32.224	
O1):-0.749	O2):35.368	
O1):-0.816	O2):37.853	
O1):-0.74	O2):31.709	
O1):-0.762	O2):32.178	
O1):-0.7	O2):26.859	
O1):-0.835	O2):44.024	
O1):-0.799	O2):37.171	
O1):-0.722	O2):29.018	
O1):-0.773	O2):32.416	
O1):-0.692	O2):27.264	
O1):-0.758	O2):31.91	
O1):-0.759	O2):31.736	
O1):-0.816	O2):37.766	
O1):-0.84	O2):47.921	
O1):-0.76	O2):31.709	
O1):-0.702	O2):27.096	
O1):-0.77	O2):32.749	
O1):-0.795	O2):34.172	
O1):-0.7	O2):27.197	
O1):-0.653	O2):26.436	
O1):-0.817	O2):37.908	
O1):-0.826	O2):43.456	
O1):-0.82	O2):38.84	
O1):-0.849	O2):49.534	
O1):-0.763	O2):32.276	
O1):-0.752	O2):32.7	
O1):-0.788	O2):34.74	
O1):-0.721	O2):28.585	
O1):-0.761	O2):31.957	
O1):-0.774	O2):32.749	
O1):-0.762	O2):32.785	
O1):-0.704	O2):27.805	
O1):-0.827	O2):43.464	
O1):-0.767	O2):32.667	
O1):-0.804	O2):38.0	
O1):-0.815	O2):37.793	
O1):-0.797	O2):34.671	
O1):-0.805	O2):39.032	
O1):-0.701	O2):27.201	
O1):-0.833	O2):42.512	
O1):-0.732	O2):31.422	
O1):-0.842	O2):48.558	
O1):-0.759	O2):32.026	
O1):-0.833	O2):44.83	
O1):-0.853	O2):48.894	
O1):-0.826	O2):43.456	
O1):-0.74	O2):29.384	
O1):-0.798	O2):34.835	
O1):-0.824	O2):43.251	
O1):-0.765	O2):32.224	
O1):-0.759	O2):32.077	
O1):-0.791	O2):34.436	
O1):-0.754	O2):31.348	
Starting PrismExecutor worker 1 on port 11451
Connected worker 1 to port 11451
O1):-0.784	O2):36.445	
O1):-0.836	O2):43.37	
O1):-0.708	O2):27.432	
O1):-0.798	O2):37.053	
O1):-0.739	O2):30.993	
O1):-0.849	O2):49.534	
O1):-0.761	O2):32.031	
O1):-0.828	O2):43.323	
O1):-0.761	O2):31.991	
O1):-0.815	O2):37.742	
O1):-0.741	O2):31.144	
O1):-0.776	O2):32.898	
O1):-0.78	O2):33.502	
O1):-0.806	O2):38.222	
O1):-0.674	O2):26.72	
O1):-0.76	O2):32.329	
O1):-0.759	O2):32.077	
O1):-0.76	O2):31.934	
O1):-0.837	O2):57.983	
O1):-0.773	O2):32.448	
O1):-0.756	O2):31.62	
O1):-0.787	O2):34.158	
O1):-0.742	O2):29.279	
O1):-0.801	O2):37.508	
O1):-0.791	O2):36.886	
O1):-0.782	O2):33.772	
O1):-0.8	O2):37.42	
O1):-0.794	O2):37.079	
O1):-0.779	O2):45.719	
O1):-0.834	O2):44.931	
O1):-0.833	O2):43.514	
Evaluations:	2400
O1):-0.811	O2):39.498	
O1):-0.743	O2):31.479	
O1):-0.804	O2):39.48	
O1):-0.832	O2):43.546	
O1):-0.775	O2):33.509	
O1):-0.672	O2):26.515	
O1):-0.836	O2):44.424	
O1):-0.821	O2):43.09	
O1):-0.785	O2):43.975	
O1):-0.806	O2):38.76	
O1):-0.816	O2):37.852	
O1):-0.78	O2):33.642	
O1):-0.825	O2):42.504	
O1):-0.697	O2):26.873	
O1):-0.825	O2):43.431	
O1):-0.817	O2):37.888	
O1):-0.795	O2):36.824	
O1):-0.675	O2):26.801	
O1):-0.733	O2):28.728	
O1):-0.732	O2):31.335	
O1):-0.792	O2):37.86	
O1):-0.838	O2):44.62	
O1):-0.813	O2):39.311	
O1):-0.671	O2):26.53	
O1):-0.819	O2):38.734	
O1):-0.733	O2):28.77	
O1):-0.738	O2):29.128	
O1):-0.796	O2):34.71	
O1):-0.851	O2):48.59	
O1):-0.814	O2):37.667	
O1):-0.723	O2):28.3	
O1):-0.775	O2):34.337	
O1):-0.837	O2):57.983	
O1):-0.816	O2):37.869	
O1):-0.854	O2):58.58	
O1):-0.785	O2):34.012	
O1):-0.767	O2):33.189	
O1):-0.818	O2):43.393	
O1):-0.727	O2):28.746	
O1):-0.767	O2):34.486	
O1):-0.707	O2):27.414	
O1):-0.813	O2):39.311	
O1):-0.741	O2):31.139	
O1):-0.85	O2):48.289	
O1):-0.796	O2):36.845	
O1):-0.767	O2):35.563	
O1):-0.776	O2):36.722	
O1):-0.843	O2):48.683	
O1):-0.774	O2):33.038	
O1):-0.755	O2):31.348	
O1):-0.836	O2):44.082	
O1):-0.843	O2):49.418	
O1):-0.786	O2):34.071	
O1):-0.721	O2):28.564	
O1):-0.822	O2):42.602	
Evaluations:	2300
O1):-0.833	O2):46.309	
O1):-0.718	O2):27.767	
O1):-0.801	O2):37.508	
O1):-0.77	O2):32.469	
O1):-0.801	O2):37.804	
O1):-0.745	O2):31.147	
O1):-0.693	O2):27.235	
O1):-0.703	O2):27.168	
O1):-0.791	O2):37.222	
O1):-0.839	O2):49.008	
O1):-0.65	O2):26.181	
O1):-0.759	O2):32.026	
Starting PrismExecutor worker 1 on port 11491
Connected worker 1 to port 11491
O1):-0.773	O2):32.516	
O1):-0.767	O2):32.668	
O1):-0.771	O2):33.333	
O1):-0.709	O2):27.702	
O1):-0.714	O2):27.387	
O1):-0.762	O2):32.128	
O1):-0.808	O2):39.181	
O1):-0.835	O2):46.866	
O1):-0.759	O2):32.077	
O1):-0.83	O2):44.308	
O1):-0.809	O2):38.646	
O1):-0.718	O2):27.453	
O1):-0.781	O2):33.365	
O1):-0.832	O2):43.036	
O1):-0.775	O2):32.771	
O1):-0.832	O2):43.036	
O1):-0.701	O2):27.201	
O1):-0.837	O2):44.53	
O1):-0.727	O2):31.017	
O1):-0.762	O2):32.207	
O1):-0.836	O2):44.16	
O1):-0.807	O2):38.495	
O1):-0.697	O2):26.828	
O1):-0.82	O2):42.709	
O1):-0.762	O2):32.178	
O1):-0.79	O2):34.334	
O1):-0.76	O2):33.61	
O1):-0.701	O2):26.904	
O1):-0.77	O2):32.469	
O1):-0.781	O2):36.843	
O1):-0.808	O2):46.489	
O1):-0.85	O2):48.565	
O1):-0.768	O2):33.184	
O1):-0.76	O2):31.714	
O1):-0.768	O2):33.184	
O1):-0.776	O2):32.997	
O1):-0.8	O2):35.519	
O1):-0.773	O2):32.418	
O1):-0.779	O2):34.492	
O1):-0.842	O2):48.558	
O1):-0.792	O2):36.754	
O1):-0.832	O2):43.036	
O1):-0.797	O2):35.6	
O1):-0.825	O2):43.813	
O1):-0.777	O2):35.764	
O1):-0.797	O2):38.819	
O1):-0.821	O2):43.089	
O1):-0.824	O2):42.436	
O1):-0.719	O2):28.198	
O1):-0.85	O2):48.289	
O1):-0.749	O2):32.944	
O1):-0.78	O2):33.622	
O1):-0.747	O2):31.171	
O1):-0.85	O2):49.919	
O1):-0.755	O2):32.986	
O1):-0.741	O2):31.192	
O1):-0.798	O2):34.795	
O1):-0.803	O2):38.041	
O1):-0.778	O2):35.931	
O1):-0.825	O2):42.792	
O1):-0.799	O2):37.294	
O1):-0.858	O2):53.881	
O1):-0.85	O2):48.083	
O1):-0.781	O2):33.776	
O1):-0.763	O2):32.276	
O1):-0.771	O2):32.95	
O1):-0.792	O2):43.537	
O1):-0.77	O2):32.749	
O1):-0.853	O2):49.189	
O1):-0.763	O2):32.276	
O1):-0.832	O2):43.036	
O1):-0.75	O2):32.384	
O1):-0.834	O2):43.609	
O1):-0.756	O2):31.381	
O1):-0.833	O2):43.643	
O1):-0.726	O2):30.909	
O1):-0.774	O2):34.336	
O1):-0.767	O2):33.121	
O1):-0.767	O2):33.715	
O1):-0.862	O2):54.882	
O1):-0.791	O2):36.886	
O1):-0.714	O2):27.387	
O1):-0.795	O2):38.657	
O1):-0.815	O2):39.881	
O1):-0.784	O2):33.717	
O1):-0.703	O2):27.242	
O1):-0.76	O2):32.329	
O1):-0.74	O2):31.048	
O1):-0.702	O2):27.599	
O1):-0.815	O2):37.742	
O1):-0.795	O2):34.137	
O1):-0.816	O2):37.869	
O1):-0.794	O2):36.694	
O1):-0.753	O2):32.763	
O1):-0.825	O2):42.513	
O1):-0.835	O2):45.43	
O1):-0.763	O2):32.196	
O1):-0.703	O2):27.242	
O1):-0.776	O2):32.875	
O1):-0.781	O2):33.859	
O1):-0.788	O2):39.646	
O1):-0.779	O2):33.171	
O1):-0.779	O2):33.198	
O1):-0.76	O2):31.732	
O1):-0.811	O2):39.168	
O1):-0.792	O2):37.859	
O1):-0.784	O2):33.789	
O1):-0.799	O2):39.414	
O1):-0.773	O2):33.404	
Starting PrismExecutor worker 4 on port 11464
O1):-0.816	O2):37.852	
Connected worker 4 to port 11464
O1):-0.708	O2):28.246	
O1):-0.773	O2):32.418	
O1):-0.854	O2):49.482	
O1):-0.814	O2):42.872	
O1):-0.783	O2):33.416	
O1):-0.745	O2):31.28	
O1):-0.795	O2):34.137	
O1):-0.742	O2):33.59	
O1):-0.828	O2):43.323	
O1):-0.834	O2):43.418	
O1):-0.763	O2):32.277	
O1):-0.845	O2):49.994	
O1):-0.773	O2):34.031	
O1):-0.719	O2):28.198	
O1):-0.862	O2):54.882	
O1):-0.775	O2):35.794	
O1):-0.748	O2):31.345	
O1):-0.778	O2):37.34	
O1):-0.831	O2):42.9	
O1):-0.854	O2):58.579	
O1):-0.784	O2):41.238	
O1):-0.734	O2):31.452	
O1):-0.763	O2):32.227	
O1):-0.851	O2):49.959	
O1):-0.791	O2):34.436	
O1):-0.772	O2):33.493	
O1):-0.811	O2):38.981	
O1):-0.814	O2):50.959	
O1):-0.836	O2):57.874	
O1):-0.791	O2):34.309	
O1):-0.825	O2):42.504	
O1):-0.817	O2):42.019	
O1):-0.758	O2):31.932	
O1):-0.834	O2):43.641	
O1):-0.854	O2):49.481	
O1):-0.802	O2):37.71	
O1):-0.726	O2):28.73	
O1):-0.766	O2):32.533	
O1):-0.788	O2):34.606	
O1):-0.791	O2):33.85	
O1):-0.764	O2):32.225	
O1):-0.726	O2):30.918	
O1):-0.791	O2):34.309	
O1):-0.743	O2):31.121	
O1):-0.777	O2):33.3	
O1):-0.844	O2):48.708	
O1):-0.791	O2):34.436	
O1):-0.841	O2):49.258	
O1):-0.774	O2):33.038	
O1):-0.811	O2):37.877	
O1):-0.736	O2):31.797	
O1):-0.79	O2):34.816	
O1):-0.82	O2):40.717	
O1):-0.714	O2):27.387	
O1):-0.746	O2):31.265	
O1):-0.8	O2):37.42	
O1):-0.76	O2):32.97	
O1):-0.788	O2):34.606	
O1):-0.825	O2):42.473	
O1):-0.82	O2):42.709	
O1):-0.762	O2):32.178	
O1):-0.754	O2):33.174	
O1):-0.721	O2):28.564	
O1):-0.853	O2):49.17	
O1):-0.671	O2):26.488	
O1):-0.76	O2):31.875	
O1):-0.734	O2):34.328	
O1):-0.858	O2):53.881	
O1):-0.834	O2):45.16	
O1):-0.785	O2):34.019	
O1):-0.767	O2):32.616	
O1):-0.818	O2):38.238	
O1):-0.781	O2):39.368	
O1):-0.71	O2):27.717	
O1):-0.842	O2):49.273	
O1):-0.819	O2):38.425	
O1):-0.794	O2):36.591	
O1):-0.778	O2):33.233	
O1):-0.781	O2):33.679	
O1):-0.72	O2):27.772	
O1):-0.701	O2):27.201	
O1):-0.789	O2):33.934	
O1):-0.802	O2):37.675	
O1):-0.816	O2):39.013	
O1):-0.795	O2):37.3	
O1):-0.749	O2):33.815	
O1):-0.784	O2):33.894	
O1):-0.741	O2):31.279	
O1):-0.764	O2):40.409	
O1):-0.756	O2):33.085	
O1):-0.779	O2):33.081	
O1):-0.749	O2):35.347	
O1):-0.815	O2):39.801	
O1):-0.77	O2):32.749	
O1):-0.797	O2):35.6	
O1):-0.757	O2):31.609	
O1):-0.83	O2):53.814	
O1):-0.701	O2):27.201	
O1):-0.85	O2):48.083	
O1):-0.776	O2):32.852	
O1):-0.675	O2):26.778	
O1):-0.806	O2):38.222	
O1):-0.767	O2):32.616	
O1):-0.674	O2):26.732	
O1):-0.783	O2):33.732	
O1):-0.769	O2):32.457	
O1):-0.826	O2):43.456	
O1):-0.77	O2):32.749	
O1):-0.81	O2):38.722	
Starting PrismExecutor worker 4 on port 11474
O1):-0.859	O2):54.258	
O1):-0.778	O2):33.066	
Connected worker 4 to port 11474
O1):-0.739	O2):32.758	
O1):-0.851	O2):49.988	
O1):-0.833	O2):43.643	
O1):-0.834	O2):43.649	
O1):-0.809	O2):39.065	
O1):-0.703	O2):28.044	
O1):-0.834	O2):48.405	
O1):-0.842	O2):49.273	
O1):-0.779	O2):33.198	
O1):-0.837	O2):57.983	
O1):-0.842	O2):48.233	
O1):-0.752	O2):32.723	
O1):-0.825	O2):42.504	
O1):-0.708	O2):27.432	
O1):-0.784	O2):33.717	
O1):-0.756	O2):33.1	
O1):-0.813	O2):39.539	
O1):-0.818	O2):38.317	
O1):-0.795	O2):36.824	
O1):-0.824	O2):42.441	
O1):-0.722	O2):28.01	
O1):-0.833	O2):43.593	
O1):-0.766	O2):32.485	
O1):-0.759	O2):31.464	
O1):-0.808	O2):38.443	
O1):-0.774	O2):33.038	
O1):-0.673	O2):26.824	
O1):-0.785	O2):33.795	
O1):-0.808	O2):38.441	
O1):-0.675	O2):27.233	
O1):-0.778	O2):33.066	
O1):-0.826	O2):42.912	
O1):-0.72	O2):27.955	
O1):-0.804	O2):37.974	
O1):-0.837	O2):57.983	
O1):-0.771	O2):32.949	
O1):-0.817	O2):42.166	
O1):-0.833	O2):44.903	
O1):-0.834	O2):43.803	
O1):-0.774	O2):32.749	
O1):-0.809	O2):38.635	
O1):-0.761	O2):32.242	
O1):-0.779	O2):33.518	
O1):-0.744	O2):30.39	
O1):-0.697	O2):26.873	
O1):-0.784	O2):36.445	
O1):-0.763	O2):32.276	
O1):-0.81	O2):38.722	
O1):-0.802	O2):37.854	
O1):-0.828	O2):43.323	
O1):-0.701	O2):26.898	
O1):-0.836	O2):44.274	
O1):-0.817	O2):37.908	
O1):-0.8	O2):37.448	
O1):-0.819	O2):38.457	
O1):-0.77	O2):32.978	
O1):-0.689	O2):27.022	
O1):-0.765	O2):32.2	
O1):-0.768	O2):32.583	
O1):-0.817	O2):42.019	
O1):-0.671	O2):26.524	
O1):-0.775	O2):32.879	
O1):-0.837	O2):57.982	
O1):-0.722	O2):27.818	
O1):-0.766	O2):32.426	
O1):-0.671	O2):26.53	
O1):-0.799	O2):37.171	
O1):-0.723	O2):28.774	
O1):-0.82	O2):40.717	
O1):-0.853	O2):49.189	
Evaluations:	2200
O1):-0.815	O2):37.742	
O1):-0.815	O2):38.971	
O1):-0.789	O2):44.52	
O1):-0.761	O2):31.78	
O1):-0.801	O2):37.437	
O1):-0.775	O2):32.836	
O1):-0.753	O2):32.725	
O1):-0.853	O2):48.894	
O1):-0.718	O2):27.767	
O1):-0.779	O2):33.081	
O1):-0.813	O2):39.552	
O1):-0.775	O2):33.048	
O1):-0.837	O2):44.139	
O1):-0.775	O2):32.565	
O1):-0.777	O2):33.055	
O1):-0.802	O2):45.832	
O1):-0.773	O2):32.448	
O1):-0.752	O2):32.719	
O1):-0.743	O2):31.31	
O1):-0.806	O2):38.197	
O1):-0.823	O2):43.107	
O1):-0.718	O2):27.453	
O1):-0.785	O2):43.954	
O1):-0.767	O2):33.952	
O1):-0.802	O2):37.71	
O1):-0.789	O2):38.215	
O1):-0.77	O2):32.749	
O1):-0.779	O2):33.32	
O1):-0.791	O2):34.436	
O1):-0.825	O2):42.473	
O1):-0.767	O2):32.668	
Starting PrismExecutor worker 2 on port 11492
O1):-0.773	O2):32.431	
O1):-0.791	O2):33.85	
O1):-0.781	O2):33.766	
Connected worker 2 to port 11492
O1):-0.789	O2):34.779	
O1):-0.781	O2):33.278	
O1):-0.843	O2):49.435	
O1):-0.72	O2):27.979	
O1):-0.792	O2):35.179	
O1):-0.8	O2):37.308	
O1):-0.771	O2):33.509	
O1):-0.782	O2):33.898	
O1):-0.85	O2):48.289	
O1):-0.8	O2):37.879	
O1):-0.771	O2):32.95	
O1):-0.789	O2):38.057	
O1):-0.818	O2):38.238	
O1):-0.82	O2):40.717	
O1):-0.692	O2):27.264	
O1):-0.808	O2):38.442	
O1):-0.76	O2):33.593	
O1):-0.817	O2):37.888	
O1):-0.764	O2):32.412	
O1):-0.834	O2):43.418	
O1):-0.834	O2):43.418	
O1):-0.775	O2):32.881	
O1):-0.798	O2):35.854	
O1):-0.723	O2):28.688	
O1):-0.784	O2):34.27	
O1):-0.842	O2):48.557	
O1):-0.758	O2):33.123	
O1):-0.85	O2):48.083	
O1):-0.817	O2):42.044	
O1):-0.767	O2):32.453	
O1):-0.818	O2):38.363	
O1):-0.781	O2):33.761	
O1):-0.74	O2):29.384	
O1):-0.674	O2):26.732	
O1):-0.842	O2):48.077	
O1):-0.765	O2):32.194	
O1):-0.73	O2):31.351	
O1):-0.824	O2):42.47	
O1):-0.824	O2):43.174	
O1):-0.762	O2):32.368	
O1):-0.802	O2):45.833	
O1):-0.793	O2):41.387	
O1):-0.834	O2):44.942	
O1):-0.708	O2):27.431	
O1):-0.743	O2):31.121	
O1):-0.737	O2):31.478	
O1):-0.841	O2):47.864	
O1):-0.773	O2):32.431	
O1):-0.794	O2):35.182	
O1):-0.778	O2):33.162	
O1):-0.816	O2):37.871	
O1):-0.835	O2):48.184	
O1):-0.842	O2):54.14	
O1):-0.787	O2):34.03	
O1):-0.817	O2):37.908	
O1):-0.761	O2):31.87	
O1):-0.762	O2):31.901	
O1):-0.788	O2):34.498	
O1):-0.675	O2):27.233	
O1):-0.762	O2):32.178	
O1):-0.807	O2):38.495	
O1):-0.764	O2):32.175	
O1):-0.829	O2):44.301	
O1):-0.739	O2):32.14	
O1):-0.843	O2):48.507	
O1):-0.834	O2):43.418	
O1):-0.721	O2):28.564	
O1):-0.837	O2):44.139	
O1):-0.757	O2):31.611	
O1):-0.779	O2):33.402	
O1):-0.836	O2):44.16	
O1):-0.825	O2):42.473	
O1):-0.768	O2):32.845	
O1):-0.773	O2):32.527	
O1):-0.744	O2):32.502	
O1):-0.723	O2):28.687	
O1):-0.817	O2):37.908	
O1):-0.718	O2):27.507	
O1):-0.783	O2):33.416	
O1):-0.816	O2):37.766	
O1):-0.818	O2):38.363	
O1):-0.758	O2):31.393	
O1):-0.741	O2):31.139	
O1):-0.824	O2):42.47	
O1):-0.721	O2):28.564	
O1):-0.763	O2):32.196	
O1):-0.792	O2):35.179	
O1):-0.801	O2):37.584	
O1):-0.716	O2):27.785	
O1):-0.816	O2):37.871	
O1):-0.767	O2):32.61	
O1):-0.671	O2):26.53	
O1):-0.705	O2):27.44	
O1):-0.815	O2):39.816	
O1):-0.834	O2):44.931	
O1):-0.801	O2):37.521	
O1):-0.794	O2):37.757	
O1):-0.817	O2):37.888	
O1):-0.77	O2):32.749	
O1):-0.765	O2):32.2	
O1):-0.696	O2):26.818	
O1):-0.797	O2):34.736	
Evaluations:	2100
O1):-0.833	O2):43.28	
O1):-0.705	O2):27.17	
O1):-0.755	O2):31.348	
O1):-0.834	O2):43.679	
O1):-0.778	O2):33.286	
O1):-0.792	O2):37.826	
O1):-0.842	O2):49.268	
O1):-0.708	O2):28.246	
O1):-0.779	O2):33.401	
O1):-0.758	O2):31.393	
O1):-0.703	O2):27.152	
O1):-0.759	O2):31.56	
O1):-0.784	O2):33.654	
O1):-0.797	O2):36.966	
O1):-0.753	O2):32.754	
O1):-0.732	O2):31.335	
O1):-0.784	O2):36.546	
O1):-0.817	O2):37.908	
O1):-0.776	O2):32.627	
O1):-0.786	O2):34.711	
O1):-0.756	O2):31.65	
O1):-0.73	O2):31.243	
O1):-0.737	O2):31.478	
O1):-0.704	O2):27.812	
O1):-0.859	O2):54.151	
O1):-0.821	O2):39.069	
O1):-0.767	O2):32.622	
O1):-0.684	O2):30.832	
O1):-0.725	O2):28.788	
O1):-0.795	O2):37.121	
O1):-0.819	O2):38.457	
O1):-0.782	O2):33.721	
O1):-0.806	O2):38.152	
O1):-0.859	O2):54.151	
O1):-0.818	O2):38.363	
O1):-0.675	O2):26.801	
O1):-0.71	O2):27.717	
O1):-0.787	O2):34.373	
O1):-0.837	O2):44.521	
O1):-0.819	O2):38.661	
O1):-0.748	O2):31.423	
O1):-0.753	O2):32.749	
O1):-0.764	O2):33.71	
O1):-0.798	O2):37.403	
O1):-0.771	O2):32.949	
O1):-0.711	O2):27.744	
O1):-0.804	O2):39.605	
O1):-0.817	O2):42.044	
O1):-0.733	O2):28.769	
O1):-0.8	O2):37.42	
O1):-0.799	O2):37.171	
O1):-0.81	O2):39.033	
O1):-0.703	O2):27.683	
O1):-0.816	O2):39.09	
O1):-0.807	O2):38.495	
O1):-0.781	O2):36.768	
O1):-0.819	O2):38.457	
O1):-0.743	O2):31.121	
O1):-0.765	O2):32.434	
O1):-0.821	O2):42.892	
O1):-0.791	O2):34.309	
O1):-0.806	O2):38.167	
O1):-0.724	O2):28.718	
O1):-0.789	O2):34.779	
O1):-0.721	O2):28.565	
O1):-0.697	O2):26.873	
O1):-0.837	O2):44.537	
O1):-0.762	O2):32.128	
O1):-0.804	O2):39.384	
O1):-0.75	O2):32.704	
O1):-0.702	O2):27.51	
O1):-0.703	O2):27.163	
O1):-0.727	O2):28.733	
O1):-0.784	O2):34.305	
O1):-0.825	O2):42.706	
O1):-0.761	O2):31.869	
O1):-0.841	O2):49.285	
O1):-0.819	O2):38.457	
O1):-0.789	O2):34.162	
Evaluations:	2200
O1):-0.821	O2):42.892	
O1):-0.721	O2):29.286	
O1):-0.792	O2):35.179	
O1):-0.716	O2):27.866	
O1):-0.817	O2):37.908	
O1):-0.756	O2):33.1	
O1):-0.799	O2):37.324	
O1):-0.842	O2):48.532	
O1):-0.719	O2):28.214	
O1):-0.779	O2):33.081	
O1):-0.759	O2):31.56	
O1):-0.672	O2):26.515	
O1):-0.776	O2):32.875	
O1):-0.776	O2):32.953	
O1):-0.718	O2):27.767	
O1):-0.794	O2):37.225	
O1):-0.788	O2):34.834	
O1):-0.818	O2):38.331	
O1):-0.703	O2):27.152	
O1):-0.76	O2):31.732	
O1):-0.762	O2):32.206	
O1):-0.696	O2):26.819	
O1):-0.817	O2):40.228	
O1):-0.764	O2):37.813	
O1):-0.825	O2):42.504	
O1):-0.701	O2):26.898	
O1):-0.819	O2):38.661	
O1):-0.835	O2):46.866	
O1):-0.824	O2):42.469	
O1):-0.844	O2):49.129	
O1):-0.796	O2):36.845	
Starting PrismExecutor worker 2 on port 11482
O1):-0.722	O2):27.818	
O1):-0.715	O2):30.73	
Connected worker 2 to port 11482
O1):-0.801	O2):37.508	
O1):-0.708	O2):28.246	
O1):-0.851	O2):49.959	
O1):-0.744	O2):32.502	
O1):-0.675	O2):26.738	
O1):-0.671	O2):26.53	
O1):-0.673	O2):26.824	
O1):-0.772	O2):33.493	
O1):-0.825	O2):42.513	
O1):-0.803	O2):37.774	
O1):-0.689	O2):27.133	
O1):-0.788	O2):34.356	
Evaluations:	2100
Starting PrismExecutor worker 5 on port 11475
O1):-0.692	O2):27.264	
O1):-0.838	O2):44.672	
Connected worker 5 to port 11475
O1):-0.809	O2):38.646	
O1):-0.775	O2):33.048	
O1):-0.816	O2):40.117	
O1):-0.809	O2):38.635	
O1):-0.785	O2):38.829	
O1):-0.712	O2):28.452	
O1):-0.764	O2):32.412	
O1):-0.778	O2):33.574	
O1):-0.71	O2):27.717	
O1):-0.793	O2):35.258	
O1):-0.765	O2):32.224	
O1):-0.816	O2):37.766	
O1):-0.835	O2):43.816	
O1):-0.696	O2):26.818	
O1):-0.775	O2):32.536	
O1):-0.743	O2):34.581	
O1):-0.827	O2):43.464	
O1):-0.786	O2):33.918	
O1):-0.765	O2):32.198	
O1):-0.842	O2):49.459	
O1):-0.816	O2):37.894	
O1):-0.783	O2):33.625	
O1):-0.764	O2):32.141	
O1):-0.723	O2):28.226	
O1):-0.844	O2):48.641	
O1):-0.833	O2):42.512	
O1):-0.756	O2):31.381	
O1):-0.808	O2):38.718	
O1):-0.79	O2):36.895	
O1):-0.747	O2):31.171	
O1):-0.828	O2):44.014	
O1):-0.748	O2):31.348	
O1):-0.84	O2):47.921	
O1):-0.813	O2):39.534	
O1):-0.705	O2):27.17	
O1):-0.809	O2):38.908	
O1):-0.81	O2):39.034	
O1):-0.799	O2):37.171	
O1):-0.762	O2):32.249	
O1):-0.708	O2):28.246	
O1):-0.788	O2):37.372	
O1):-0.77	O2):38.636	
O1):-0.675	O2):27.233	
O1):-0.817	O2):40.27	
O1):-0.714	O2):27.78	
O1):-0.827	O2):43.464	
O1):-0.783	O2):33.625	
O1):-0.787	O2):39.343	
O1):-0.804	O2):38.341	
O1):-0.727	O2):28.746	
O1):-0.671	O2):26.53	
O1):-0.798	O2):35.854	
O1):-0.671	O2):26.478	
O1):-0.844	O2):48.641	
O1):-0.775	O2):32.861	
O1):-0.802	O2):37.336	
O1):-0.702	O2):27.132	
O1):-0.671	O2):26.53	
O1):-0.767	O2):33.189	
O1):-0.757	O2):33.114	
O1):-0.859	O2):54.258	
O1):-0.703	O2):27.242	
O1):-0.792	O2):35.179	
O1):-0.802	O2):37.677	
O1):-0.8	O2):37.941	
O1):-0.807	O2):38.537	
O1):-0.832	O2):42.492	
O1):-0.812	O2):39.422	
O1):-0.837	O2):44.14	
Evaluations:	2000
O1):-0.798	O2):35.854	
O1):-0.747	O2):31.171	
O1):-0.836	O2):43.37	
O1):-0.702	O2):27.132	
O1):-0.797	O2):37.153	
O1):-0.832	O2):43.546	
O1):-0.767	O2):32.668	
O1):-0.83	O2):44.308	
O1):-0.844	O2):49.129	
O1):-0.745	O2):31.155	
Starting PrismExecutor worker 5 on port 11445
O1):-0.702	O2):27.096	
O1):-0.8	O2):37.308	
O1):-0.782	O2):33.497	
Connected worker 5 to port 11445
O1):-0.756	O2):31.555	
O1):-0.759	O2):34.007	
O1):-0.834	O2):43.749	
O1):-0.786	O2):37.856	
O1):-0.858	O2):53.864	
O1):-0.8	O2):37.629	
O1):-0.675	O2):26.738	
O1):-0.745	O2):31.147	
O1):-0.761	O2):31.958	
O1):-0.783	O2):33.416	
O1):-0.818	O2):40.529	
O1):-0.834	O2):43.641	
O1):-0.761	O2):31.869	
O1):-0.757	O2):33.555	
O1):-0.791	O2):34.436	
O1):-0.821	O2):43.089	
O1):-0.858	O2):53.882	
O1):-0.766	O2):32.552	
O1):-0.849	O2):49.534	
O1):-0.795	O2):37.121	
O1):-0.717	O2):28.74	
O1):-0.824	O2):42.436	
O1):-0.706	O2):28.043	
O1):-0.805	O2):38.299	
O1):-0.706	O2):31.242	
O1):-0.747	O2):32.051	
O1):-0.743	O2):30.113	
O1):-0.786	O2):33.923	
O1):-0.803	O2):37.864	
O1):-0.833	O2):43.593	
O1):-0.795	O2):34.137	
O1):-0.742	O2):29.279	
O1):-0.834	O2):43.649	
O1):-0.739	O2):29.377	
O1):-0.833	O2):42.512	
O1):-0.85	O2):49.919	
O1):-0.76	O2):31.685	
O1):-0.796	O2):34.71	
O1):-0.85	O2):53.986	
O1):-0.708	O2):27.443	
O1):-0.816	O2):37.894	
O1):-0.772	O2):32.369	
O1):-0.764	O2):32.167	
O1):-0.825	O2):42.513	
O1):-0.707	O2):27.459	
O1):-0.791	O2):34.436	
O1):-0.74	O2):31.086	
O1):-0.797	O2):36.966	
O1):-0.702	O2):27.132	
O1):-0.705	O2):27.416	
O1):-0.798	O2):34.763	
O1):-0.766	O2):32.485	
O1):-0.762	O2):33.783	
O1):-0.748	O2):31.719	
O1):-0.76	O2):32.329	
O1):-0.842	O2):48.557	
O1):-0.835	O2):43.816	
O1):-0.828	O2):43.323	
O1):-0.822	O2):39.192	
O1):-0.692	O2):27.264	
O1):-0.842	O2):48.232	
O1):-0.76	O2):31.875	
O1):-0.811	O2):39.168	
O1):-0.851	O2):49.988	
O1):-0.718	O2):27.453	
O1):-0.799	O2):37.922	
O1):-0.841	O2):47.874	
O1):-0.793	O2):36.604	
O1):-0.835	O2):43.816	
O1):-0.834	O2):44.942	
O1):-0.825	O2):43.431	
O1):-0.761	O2):34.293	
O1):-0.834	O2):43.609	
O1):-0.796	O2):37.951	
O1):-0.748	O2):31.29	
O1):-0.77	O2):32.749	
Evaluations:	2300
O1):-0.734	O2):28.646	
O1):-0.748	O2):32.3	
O1):-0.811	O2):39.498	
O1):-0.798	O2):37.053	
O1):-0.765	O2):32.383	
O1):-0.671	O2):26.478	
O1):-0.728	O2):28.976	
O1):-0.808	O2):38.718	
O1):-0.779	O2):33.402	
O1):-0.811	O2):39.168	
O1):-0.773	O2):32.448	
O1):-0.801	O2):37.521	
O1):-0.675	O2):26.801	
O1):-0.683	O2):30.679	
O1):-0.841	O2):47.864	
O1):-0.723	O2):28.226	
O1):-0.702	O2):27.51	
O1):-0.799	O2):37.324	
O1):-0.816	O2):38.989	
O1):-0.7	O2):26.859	
Starting PrismExecutor worker 3 on port 11483
O1):-0.82	O2):38.84	
O1):-0.827	O2):43.068	
O1):-0.82	O2):40.717	
Connected worker 3 to port 11483
O1):-0.705	O2):27.17	
O1):-0.675	O2):27.233	
O1):-0.772	O2):32.393	
O1):-0.786	O2):34.803	
O1):-0.804	O2):41.838	
O1):-0.807	O2):38.537	
O1):-0.831	O2):44.568	
O1):-0.802	O2):42.575	
O1):-0.791	O2):36.886	
O1):-0.765	O2):32.193	
O1):-0.859	O2):54.258	
O1):-0.765	O2):32.194	
O1):-0.794	O2):36.591	
O1):-0.791	O2):33.85	
O1):-0.793	O2):35.258	
O1):-0.701	O2):27.201	
O1):-0.76	O2):33.611	
O1):-0.746	O2):31.362	
O1):-0.836	O2):44.16	
O1):-0.803	O2):38.041	
O1):-0.79	O2):34.763	
Evaluations:	2200
O1):-0.826	O2):43.327	
O1):-0.708	O2):27.431	
O1):-0.777	O2):33.285	
O1):-0.832	O2):43.546	
O1):-0.767	O2):34.478	
Evaluations:	2100
O1):-0.747	O2):31.172	
O1):-0.803	O2):38.283	
O1):-0.798	O2):37.058	
O1):-0.79	O2):34.449	
O1):-0.765	O2):34.537	
O1):-0.842	O2):47.183	
O1):-0.858	O2):53.884	
O1):-0.85	O2):53.993	
O1):-0.82	O2):38.706	
O1):-0.835	O2):48.184	
O1):-0.697	O2):26.873	
O1):-0.835	O2):44.024	
O1):-0.722	O2):27.818	
O1):-0.764	O2):32.141	
O1):-0.775	O2):32.766	
O1):-0.73	O2):29.108	
O1):-0.724	O2):28.718	
O1):-0.782	O2):33.335	
O1):-0.778	O2):33.421	
O1):-0.771	O2):32.949	
O1):-0.816	O2):37.869	
O1):-0.765	O2):32.2	
O1):-0.731	O2):31.27	
O1):-0.77	O2):32.662	
O1):-0.759	O2):31.664	
O1):-0.851	O2):49.959	
O1):-0.781	O2):33.376	
Evaluations:	2500
O1):-0.727	O2):28.746	
O1):-0.706	O2):27.574	
O1):-0.757	O2):31.588	
O1):-0.78	O2):33.502	
O1):-0.76	O2):31.875	
O1):-0.818	O2):38.317	
O1):-0.836	O2):45.441	
O1):-0.759	O2):32.077	
O1):-0.779	O2):33.198	
O1):-0.82	O2):40.717	
O1):-0.781	O2):33.541	
O1):-0.85	O2):53.993	
O1):-0.782	O2):33.497	
O1):-0.776	O2):32.852	
O1):-0.74	O2):31.194	
O1):-0.748	O2):32.446	
O1):-0.697	O2):26.874	
O1):-0.795	O2):38.12	
O1):-0.845	O2):48.833	
O1):-0.836	O2):44.082	
O1):-0.771	O2):32.949	
O1):-0.836	O2):57.874	
O1):-0.778	O2):33.239	
O1):-0.801	O2):37.437	
O1):-0.803	O1):-0.723	O2):38.041	
O2):29.339	
O1):-0.838	O2):49.762	
O1):-0.726	O2):30.946	
O1):-0.734	O2):31.452	
O1):-0.744	O2):30.33	
O1):-0.74	O2):31.194	
O1):-0.724	O2):29.231	
O1):-0.775	O2):32.836	
O1):-0.751	O2):32.581	
O1):-0.828	O2):43.372	
O1):-0.775	O2):33.048	
Starting PrismExecutor worker 4 on port 11444
O1):-0.797	O2):37.846	
O1):-0.797	O2):37.846	
O1):-0.717	O2):28.75	
Connected worker 4 to port 11444
O1):-0.832	O2):43.546	
O1):-0.789	O2):34.162	
O1):-0.8	O2):37.53	
O1):-0.833	O2):43.593	
O1):-0.833	O2):43.514	
O1):-0.796	O2):34.709	
O1):-0.796	O2):34.71	
O1):-0.842	O2):48.077	
O1):-0.776	O2):32.953	
O1):-0.763	O2):32.506	
O1):-0.722	O2):31.592	
O1):-0.862	O2):54.882	
O1):-0.817	O2):42.044	
O1):-0.816	O2):37.853	
O1):-0.789	O2):34.978	
O1):-0.827	O2):43.036	
O1):-0.76	O2):31.709	
O1):-0.768	O2):35.825	
O1):-0.674	O2):26.72	
O1):-0.835	O2):44.024	
O1):-0.775	O2):32.536	
O1):-0.801	O2):37.508	
O1):-0.805	O2):38.259	
O1):-0.8	O2):37.222	
O1):-0.799	O2):37.324	
O1):-0.835	O2):43.894	
O1):-0.788	O2):34.416	
Evaluations:	2400
O1):-0.862	O2):54.882	
O1):-0.81	O2):38.567	
O1):-0.758	O2):31.393	
O1):-0.733	O2):28.728	
O1):-0.772	O2):33.493	
O1):-0.818	O2):38.363	
O1):-0.791	O2):34.309	
O1):-0.746	O2):31.361	
O1):-0.834	O2):44.918	
O1):-0.816	O2):37.787	
O1):-0.78	O2):34.302	
O1):-0.804	O2):37.974	
O1):-0.85	O2):48.565	
O1):-0.777	O2):33.285	
O1):-0.854	O2):58.578	
O1):-0.705	O2):27.17	
O1):-0.671	O2):26.525	
O1):-0.795	O2):37.121	
O1):-0.859	O2):54.151	
O1):-0.734	O2):28.643	
O1):-0.85	O2):48.565	
O1):-0.748	O2):32.523	
O1):-0.7	O2):26.859	
O1):-0.782	O2):33.721	
O1):-0.714	O2):28.389	
O1):-0.835	O2):44.024	
O1):-0.744	O2):30.33	
O1):-0.85	O2):53.993	
O1):-0.825	O2):42.528	
O1):-0.842	O2):48.078	
O1):-0.697	O2):26.828	
O1):-0.843	O2):49.418	
O1):-0.711	O2):28.486	
O1):-0.832	O2):43.036	
O1):-0.783	O2):33.625	
O1):-0.69	O2):27.257	
O1):-0.738	O2):29.127	
O1):-0.801	O2):37.618	
O1):-0.743	O2):31.121	
O1):-0.789	O2):38.057	
O1):-0.748	O2):31.421	
O1):-0.777	O2):36.244	
O1):-0.842	O2):48.232	
O1):-0.78	O2):34.118	
O1):-0.732	O2):31.422	
O1):-0.853	O2):48.894	
O1):-0.859	O2):54.258	
O1):-0.792	O2):37.86	
O1):-0.707	O2):27.414	
O1):-0.801	O2):37.521	
O1):-0.789	O2):33.934	
O1):-0.772	O2):32.56	
O1):-0.782	O2):33.85	
O1):-0.827	O2):43.068	
O1):-0.743	O2):30.113	
O1):-0.781	O2):33.45	
O1):-0.724	O2):28.31	
O1):-0.784	O2):33.863	
O1):-0.834	O2):44.933	
O1):-0.806	O2):39.041	
O1):-0.819	O2):38.661	
Starting PrismExecutor worker 0 on port 11480
O1):-0.76	O2):32.58	
O1):-0.835	O2):44.219	
O1):-0.724	O2):29.231	
O1):-0.761	O2):31.957	
O1):-0.751	O2):31.764	
Connected worker 0 to port 11480
O1):-0.837	O2):44.53	
O1):-0.819	O2):38.661	
O1):-0.765	O2):32.198	
O1):-0.82	O2):38.84	
O1):-0.789	O2):34.344	
O1):-0.741	O2):29.389	
O1):-0.775	O2):33.509	
O1):-0.796	O2):36.558	
O1):-0.776	O2):35.447	
O1):-0.764	O2):32.167	
O1):-0.76	O2):31.684	
O1):-0.844	O2):49.131	
O1):-0.748	O2):31.811	
O1):-0.725	O2):32.879	
O1):-0.714	O2):27.387	
O1):-0.834	O2):44.931	
O1):-0.77	O2):32.749	
O1):-0.749	O2):32.292	
O1):-0.77	O2):32.591	
O1):-0.772	O2):33.493	
O1):-0.777	O2):35.743	
O1):-0.746	O2):31.361	
O1):-0.789	O2):33.934	
O1):-0.826	O2):43.456	
O1):-0.774	O2):33.038	
O1):-0.697	O2):26.828	
O1):-0.816	O2):40.069	
O1):-0.708	O2):27.443	
O1):-0.778	O2):33.184	
O1):-0.834	O2):44.931	
O1):-0.808	O2):38.436	
O1):-0.782	O2):33.721	
O1):-0.701	O2):26.898	
O1):-0.791	O2):36.886	
O1):-0.845	O2):49.994	
O1):-0.817	O2):37.908	
O1):-0.841	O2):47.864	
O1):-0.81	O2):38.729	
O1):-0.716	O2):27.865	
O1):-0.702	O2):27.132	
O1):-0.803	O2):37.774	
O1):-0.787	O2):34.03	
O1):-0.831	O2):44.606	
O1):-0.842	O2):49.285	
O1):-0.842	O2):48.419	
O1):-0.766	O2):32.483	
O1):-0.831	O2):42.9	
O1):-0.803	O2):53.144	
O1):-0.671	O2):26.53	
O1):-0.822	O2):43.395	
O1):-0.83	O2):44.308	
O1):-0.776	O2):35.865	
O1):-0.765	O2):32.199	
O1):-0.76	O2):31.706	
O1):-0.825	O2):42.473	
O1):-0.714	O2):27.387	
O1):-0.716	O2):27.785	
O1):-0.792	O2):43.536	
O1):-0.759	O2):32.006	
O1):-0.741	O2):31.166	
O1):-0.723	O2):28.774	
O1):-0.788	O2):34.394	
O1):-0.76	O2):31.875	
O1):-0.76	O2):31.779	
O1):-0.789	O2):35.096	
O1):-0.811	O2):39.304	
O1):-0.781	O2):33.679	
O1):-0.791	O2):33.85	
O1):-0.779	O2):33.081	
O1):-0.759	O2):32.026	
O1):-0.821	O2):42.892	
O1):-0.806	O2):41.767	
O1):-0.825	O2):42.495	
O1):-0.816	O2):38.99	
O1):-0.714	O2):30.672	
O1):-0.743	O2):31.121	
O1):-0.792	O2):35.179	
O1):-0.826	O2):42.767	
O1):-0.804	O2):38.141	
O1):-0.832	O2):42.558	
O1):-0.723	O2):28.687	
O1):-0.788	O2):39.662	
O1):-0.815	O2):37.742	
O1):-0.746	O2):31.292	
O1):-0.678	O2):27.173	
O1):-0.775	O2):33.509	
O1):-0.745	O2):30.224	
O1):-0.818	O2):42.545	
O1):-0.698	O2):27.082	
O1):-0.816	O2):37.766	
O1):-0.795	O2):36.824	
O1):-0.708	O2):27.431	
O1):-0.816	O2):37.894	
O1):-0.825	O2):42.513	
Starting PrismExecutor worker 1 on port 11481
O1):-0.689	O2):27.022	
Connected worker 1 to port 11481
O1):-0.715	O2):30.732	
O1):-0.807	O2):38.114	
O1):-0.834	O2):43.641	
O1):-0.79	O2):34.334	
O1):-0.722	O2):28.538	
O1):-0.8	O2):37.448	
O1):-0.734	O2):28.646	
O1):-0.741	O2):31.139	
O1):-0.724	O2):28.267	
O1):-0.76	O2):31.685	
O1):-0.818	O2):43.393	
O1):-0.85	O2):48.083	
O1):-0.781	O2):33.585	
O1):-0.825	O2):42.513	
O1):-0.671	O2):26.524	
O1):-0.761	O2):33.301	
O1):-0.817	O2):42.052	
O1):-0.833	O2):44.085	
O1):-0.845	O2):48.833	
O1):-0.835	O2):43.894	
O1):-0.834	O2):43.803	
O1):-0.776	O2):37.764	
O1):-0.765	O2):32.224	
O1):-0.844	O2):48.641	
O1):-0.768	O2):33.155	
O1):-0.719	O2):28.106	
O1):-0.75	O2):32.532	
O1):-0.748	O2):31.433	
O1):-0.825	O2):42.495	
O1):-0.833	O2):43.593	
O1):-0.767	O2):32.466	
O1):-0.795	O2):44.388	
O1):-0.692	O2):30.599	
O1):-0.836	O2):44.16	
O1):-0.842	O2):48.557	
O1):-0.79	O2):33.768	
O1):-0.813	O2):39.295	
O1):-0.834	O2):43.641	
O1):-0.772	O2):33.493	
O1):-0.81	O2):38.828	
O1):-0.768	O2):32.814	
O1):-0.78	O2):33.502	
O1):-0.775	O2):33.509	
O1):-0.742	O2):30.11	
O1):-0.722	O2):28.011	
O1):-0.758	O2):31.921	
O1):-0.81	O2):38.722	
O1):-0.694	O2):27.278	
O1):-0.842	O2):48.558	
O1):-0.756	O2):31.62	
O1):-0.784	O2):38.431	
O1):-0.751	O2):31.732	
O1):-0.748	O2):31.632	
O1):-0.741	O2):31.144	
O1):-0.761	O2):31.78	
O1):-0.718	O2):27.767	
O1):-0.71	O2):27.695	
O1):-0.7	O2):27.187	
O1):-0.726	O2):28.73	
O1):-0.845	O2):49.385	
O1):-0.743	O2):30.113	
O1):-0.761	O2):31.869	
O1):-0.834	O2):43.724	
O1):-0.778	O2):33.233	
O1):-0.803	O2):38.695	
O1):-0.714	O2):27.387	
O1):-0.796	O2):36.559	
O1):-0.676	O2):27.634	
O1):-0.723	O2):28.774	
O1):-0.841	O2):47.863	
O1):-0.739	O2):29.377	
O1):-0.768	O2):32.845	
O1):-0.759	O2):31.664	
O1):-0.82	O2):42.685	
O1):-0.787	O2):34.052	
O1):-0.702	O2):27.211	
O1):-0.756	O2):31.381	
O1):-0.845	O2):48.833	
O1):-0.822	O2):39.192	
O1):-0.835	O2):44.084	
O1):-0.836	O2):44.16	
O1):-0.787	O2):34.92	
O1):-0.73	O2):29.108	
O1):-0.756	O2):32.803	
O1):-0.71	O2):27.717	
O1):-0.705	O2):27.416	
O1):-0.836	O2):44.16	
O1):-0.77	O2):34.157	
O1):-0.817	O2):40.228	
O1):-0.834	O2):43.609	
O1):-0.8	O2):37.448	
O1):-0.766	O2):32.446	
O1):-0.766	O2):32.426	
O1):-0.822	O2):39.192	
O1):-0.836	O2):44.003	
O1):-0.835	O2):46.866	
O1):-0.805	O2):38.298	
O1):-0.801	O2):37.521	
Starting PrismExecutor worker 4 on port 11454
Connected worker 4 to port 11454
O1):-0.811	O2):38.979	
O1):-0.674	O2):26.72	
O1):-0.78	O2):33.424	
O1):-0.802	O2):43.605	
O1):-0.698	O2):27.082	
O1):-0.787	O2):34.373	
O1):-0.803	O2):38.041	
O1):-0.843	O2):48.507	
O1):-0.775	O2):33.51	
O1):-0.801	O2):37.71	
O1):-0.833	O2):42.512	
O1):-0.775	O2):32.536	
O1):-0.76	O2):32.263	
O1):-0.758	O2):31.91	
O1):-0.794	O2):36.518	
O1):-0.801	O2):37.342	
O1):-0.82	O2):38.84	
O1):-0.739	O2):32.733	
O1):-0.859	O2):54.258	
O1):-0.709	O2):27.702	
O1):-0.722	O2):27.818	
O1):-0.79	O2):34.334	
O1):-0.713	O2):30.531	
O1):-0.816	O2):38.99	
O1):-0.702	O2):27.096	
O1):-0.797	O2):35.747	
O1):-0.774	O2):35.716	
O1):-0.791	O2):36.886	
O1):-0.723	O2):28.226	
O1):-0.788	O2):35.334	
O1):-0.826	O2):43.327	
O1):-0.701	O2):26.884	
O1):-0.788	O2):39.606	
O1):-0.744	O2):30.33	
O1):-0.776	O2):32.878	
O1):-0.737	O2):31.478	
O1):-0.754	O2):32.697	
O1):-0.767	O2):32.662	
O1):-0.748	O2):32.494	
O1):-0.781	O2):33.321	
O1):-0.836	O2):44.082	
O1):-0.779	O2):33.081	
O1):-0.732	O2):31.422	
O1):-0.72	O2):27.749	
O1):-0.784	O2):33.656	
O1):-0.832	O2):43.036	
O1):-0.722	O2):27.742	
O1):-0.768	O2):33.588	
O1):-0.776	O2):32.852	
O1):-0.779	O2):38.316	
O1):-0.802	O2):37.854	
O1):-0.758	O2):31.91	
O1):-0.82	O2):42.709	
O1):-0.723	O2):31.808	
O1):-0.78	O2):33.424	
O1):-0.785	O2):38.794	
O1):-0.768	O2):32.845	
O1):-0.732	O2):31.422	
O1):-0.816	O2):37.869	
O1):-0.842	O2):48.232	
O1):-0.642	O2):26.422	
O1):-0.789	O2):38.057	
O1):-0.776	O2):35.308	
O1):-0.777	O2):38.167	
O1):-0.833	O2):44.085	
O1):-0.747	O2):30.287	
O1):-0.8	O2):35.519	
O1):-0.776	O2):32.939	
O1):-0.798	O2):37.054	
O1):-0.855	O2):54.571	
O1):-0.674	O2):26.72	
O1):-0.77	O2):33.514	
O1):-0.822	O2):43.395	
O1):-0.82	O2):42.709	
O1):-0.791	O2):36.886	
O1):-0.802	O2):39.552	
O1):-0.779	O2):33.484	
O1):-0.833	O2):44.085	
O1):-0.742	O2):30.11	
O1):-0.756	O2):31.62	
O1):-0.844	O2):48.463	
O1):-0.791	O2):37.172	
O1):-0.747	O2):30.288	
O1):-0.793	O2):44.352	
O1):-0.781	O2):33.766	
O1):-0.833	O2):43.643	
O1):-0.745	O2):31.155	
O1):-0.784	O2):33.789	
O1):-0.827	O2):43.07	
O1):-0.836	O2):44.23	
O1):-0.775	O2):32.853	
O1):-0.765	O2):32.383	
O1):-0.718	O2):28.151	
O1):-0.825	O2):42.473	
O1):-0.817	O2):38.022	
O1):-0.706	O2):27.884	
O1):-0.791	O2):34.183	
O1):-0.778	O2):37.91	
O1):-0.743	O2):30.113	
O1):-0.675	O2):26.738	
O1):-0.818	O2):38.363	
O1):-0.834	O2):43.764	
O1):-0.76	O2):31.875	
Starting PrismExecutor worker 5 on port 11455
O1):-0.795	O2):37.121	
Connected worker 5 to port 11455
O1):-0.779	O2):33.662	
O1):-0.697	O2):26.874	
O1):-0.803	O2):37.863	
O1):-0.816	O2):37.869	
O1):-0.809	O2):38.646	
O1):-0.77	O2):34.155	
O1):-0.805	O2):38.298	
O1):-0.732	O2):31.422	
O1):-0.774	O2):32.749	
O1):-0.799	O2):37.922	
O1):-0.705	O2):31.3	
O1):-0.723	O2):31.754	
O1):-0.692	O2):27.264	
O1):-0.714	O2):27.387	
O1):-0.841	O2):48.057	
O1):-0.77	O2):32.749	
O1):-0.835	O2):43.894	
O1):-0.701	O2):27.201	
O1):-0.722	O2):27.818	
O1):-0.826	O2):42.767	
O1):-0.725	O2):28.176	
O1):-0.776	O2):32.875	
O1):-0.785	O2):38.789	
O1):-0.743	O2):31.121	
O1):-0.785	O2):36.758	
O1):-0.79	O2):33.779	
O1):-0.836	O2):44.386	
O1):-0.76	O2):31.771	
O1):-0.792	O2):35.227	
O1):-0.756	O2):32.859	
O1):-0.722	O2):27.818	
O1):-0.75	O2):32.034	
O1):-0.816	O2):37.853	
O1):-0.725	O2):28.733	
O1):-0.769	O2):33.646	
O1):-0.7	O2):27.187	
O1):-0.85	O2):48.083	
O1):-0.835	O2):45.34	
O1):-0.849	O2):49.535	
O1):-0.832	O2):42.558	
O1):-0.822	O2):39.192	
O1):-0.759	O2):32.077	
O1):-0.791	O2):34.874	
O1):-0.817	O2):40.364	
O1):-0.721	O2):27.723	
O1):-0.771	O2):32.949	
O1):-0.836	O2):44.003	
O1):-0.795	O2):37.121	
O1):-0.81	O2):38.725	
O1):-0.781	O2):33.793	
O1):-0.784	O2):33.789	
O1):-0.833	O2):43.643	
O1):-0.792	O2):43.215	
O1):-0.78	O2):34.302	
O1):-0.815	O2):39.884	
O1):-0.733	O2):28.74	
O1):-0.79	O2):33.768	
O1):-0.782	O2):33.497	
O1):-0.762	O2):32.249	
O1):-0.835	O2):43.815	
O1):-0.801	O2):37.437	
O1):-0.762	O2):32.178	
O1):-0.85	O2):48.083	
O1):-0.775	O2):32.836	
O1):-0.784	O2):36.603	
O1):-0.783	O2):33.625	
O1):-0.776	O2):32.939	
O1):-0.786	O2):33.933	
O1):-0.768	O2):32.838	
O1):-0.781	O2):33.761	
O1):-0.77	O2):38.641	
O1):-0.818	O2):42.527	
O1):-0.79	O2):34.205	
O1):-0.766	O2):32.873	
O1):-0.76	O2):31.779	
O1):-0.825	O2):43.429	
O1):-0.742	O2):30.11	
O1):-0.775	O2):32.861	
O1):-0.836	O2):45.441	
O1):-0.814	O2):40.425	
O1):-0.788	O2):34.738	
O1):-0.703	O2):27.545	
O1):-0.675	O2):26.801	
O1):-0.835	O2):44.084	
O1):-0.688	O2):27.69	
O1):-0.752	O2):32.723	
O1):-0.817	O2):42.403	
O1):-0.796	O2):34.71	
O1):-0.777	O2):36.192	
O1):-0.73	O2):35.8	
O1):-0.784	O2):36.445	
O1):-0.803	O2):37.864	
O1):-0.78	O2):34.302	
O1):-0.771	O2):33.93	
Evaluations:	2300
O1):-0.7	O2):27.197	
Starting PrismExecutor worker 3 on port 11413
O1):-0.723	O2):27.996	
O1):-0.781	O2):33.779	
O1):-0.772	O2):33.525	
Connected worker 3 to port 11413
O1):-0.836	O2):44.16	
O1):-0.71	O2):27.695	
O1):-0.799	O2):37.294	
O1):-0.802	O2):37.713	
O1):-0.782	O2):33.721	
O1):-0.793	O2):35.258	
O1):-0.779	O2):33.081	
O1):-0.818	O2):40.532	
O1):-0.833	O2):43.437	
O1):-0.761	O2):31.865	
O1):-0.708	O2):27.431	
O1):-0.792	O2):36.754	
O1):-0.792	O2):35.179	
O1):-0.811	O2):39.171	
O1):-0.723	O2):28.687	
O1):-0.82	O2):38.84	
O1):-0.765	O2):32.2	
O1):-0.767	O2):33.103	
O1):-0.778	O2):33.066	
O1):-0.775	O2):37.7	
O1):-0.85	O2):48.289	
O1):-0.72	O2):27.772	
O1):-0.721	O2):27.776	
O1):-0.841	O2):48.258	
O1):-0.671	O2):26.524	
O1):-0.845	O2):49.995	
O1):-0.836	O2):44.003	
O1):-0.812	O2):41.48	
O1):-0.835	O2):46.866	
O1):-0.842	O2):48.532	
O1):-0.786	O2):33.923	
O1):-0.722	O2):27.818	
O1):-0.76	O2):31.771	
O1):-0.842	O2):48.557	
O1):-0.819	O2):38.802	
O1):-0.697	O2):26.873	
O1):-0.836	O2):44.003	
O1):-0.765	O2):32.224	
O1):-0.815	O2):39.867	
O1):-0.788	O2):34.617	
O1):-0.771	O2):33.93	
O1):-0.65	O2):26.181	
O1):-0.77	O2):32.749	
O1):-0.767	O2):32.604	
O1):-0.784	O2):36.445	
O1):-0.791	O2):34.436	
O1):-0.802	O2):37.893	
O1):-0.736	O2):31.656	
O1):-0.827	O2):43.464	
O1):-0.855	O2):54.3	
O1):-0.721	O2):27.723	
O1):-0.821	O2):39.057	
O1):-0.779	O2):34.447	
O1):-0.803	O2):37.863	
O1):-0.746	O2):32.326	
O1):-0.801	O2):37.733	
O1):-0.732	O2):31.335	
O1):-0.834	O2):43.641	
O1):-0.816	O2):37.852	
O1):-0.783	O2):36.363	
O1):-0.795	O2):34.171	
O1):-0.79	O2):34.449	
O1):-0.772	O2):32.407	
O1):-0.7	O2):27.003	
O1):-0.798	O2):37.053	
O1):-0.74	O2):31.086	
O1):-0.842	O2):48.532	
O1):-0.808	O2):38.718	
O1):-0.759	O2):31.616	
O1):-0.832	O2):42.558	
O1):-0.714	O2):30.59	
O1):-0.838	O2):44.62	
O1):-0.709	O2):28.483	
O1):-0.795	O2):37.121	
O1):-0.774	O2):32.749	
O1):-0.784	O2):33.656	
O1):-0.745	O2):30.407	
O1):-0.808	O2):38.723	
O1):-0.825	O2):42.504	
O1):-0.77	O2):32.749	
O1):-0.758	O2):31.91	
O1):-0.694	O2):27.278	
O1):-0.756	O2):31.62	
O1):-0.798	O2):35.854	
O1):-0.777	O2):32.858	
O1):-0.779	O2):33.081	
O1):-0.775	O2):33.509	
O1):-0.814	O2):37.667	
O1):-0.8	O2):37.42	
O1):-0.759	O2):31.464	
O1):-0.817	O2):38.022	
O1):-0.775	O2):33.549	
O1):-0.855	O2):54.571	
O1):-0.724	O2):29.466	
O1):-0.705	O2):28.158	
Starting PrismExecutor worker 4 on port 11434
O1):-0.785	O2):38.224	
O1):-0.817	O2):42.057	
O1):-0.724	O2):29.231	
Connected worker 4 to port 11434
O1):-0.772	O2):33.493	
O1):-0.838	O2):44.62	
O1):-0.714	O2):30.689	
Evaluations:	2200
O1):-0.833	O2):43.492	
O1):-0.762	O2):32.098	
O1):-0.732	O2):31.422	
O1):-0.791	O2):34.309	
O1):-0.819	O2):38.661	
O1):-0.822	O2):39.209	
O1):-0.818	O2):40.365	
O1):-0.804	O2):37.974	
O1):-0.781	O2):33.32	
O1):-0.768	O2):32.887	
O1):-0.793	O2):36.827	
O1):-0.716	O2):27.784	
O1):-0.803	O2):43.746	
O1):-0.731	O2):31.27	
O1):-0.85	O2):48.083	
O1):-0.825	O2):43.442	
Evaluations:	2300
O1):-0.755	O2):33.146	
O1):-0.785	O2):34.019	
O1):-0.741	O2):31.144	
O1):-0.701	O2):27.201	
O1):-0.803	O2):43.734	
O1):-0.784	O2):36.445	
O1):-0.764	O2):32.141	
O1):-0.818	O2):43.393	
O1):-0.817	O2):38.107	
O1):-0.732	O2):31.422	
O1):-0.768	O2):32.579	
O1):-0.818	O2):45.37	
O1):-0.851	O2):48.59	
O1):-0.777	O2):33.448	
O1):-0.697	O2):26.874	
O1):-0.723	O2):28.7	
O1):-0.786	O2):33.93	
O1):-0.736	O2):32.062	
O1):-0.697	O2):26.828	
O1):-0.816	O2):40.168	
O1):-0.722	O2):27.818	
O1):-0.836	O2):47.211	
O1):-0.78	O2):33.523	
O1):-0.787	O2):39.346	
O1):-0.791	O2):36.886	
O1):-0.835	O2):44.024	
O1):-0.825	O2):43.442	
O1):-0.772	O2):32.74	
O1):-0.815	O2):37.813	
O1):-0.761	O2):31.957	
O1):-0.762	O2):32.128	
O1):-0.641	O2):26.461	
O1):-0.733	O2):28.728	
O1):-0.85	O2):48.289	
O1):-0.819	O2):38.661	
O1):-0.825	O2):42.513	
O1):-0.835	O2):43.894	
O1):-0.816	O2):38.382	
O1):-0.816	O2):37.853	
O1):-0.825	O2):42.496	
O1):-0.72	O2):27.979	
O1):-0.699	O2):26.861	
O1):-0.815	O2):37.742	
O1):-0.782	O2):33.378	
O1):-0.768	O2):35.65	
O1):-0.787	O2):34.03	
O1):-0.782	O2):33.721	
O1):-0.703	O2):27.242	
O1):-0.786	O2):33.923	
O1):-0.721	O2):27.723	
O1):-0.687	O2):26.887	
O1):-0.721	O2):27.723	
O1):-0.819	O2):38.661	
O1):-0.784	O2):33.809	
O1):-0.721	O2):27.723	
O1):-0.802	O2):37.824	
O1):-0.792	O2):34.812	
O1):-0.673	O2):26.832	
O1):-0.834	O2):47.527	
O1):-0.76	O2):31.771	
O1):-0.805	O2):38.259	
O1):-0.739	O2):29.377	
O1):-0.8	O2):37.222	
O1):-0.776	O2):32.875	
O1):-0.787	O2):34.41	
O1):-0.796	O2):37.697	
O1):-0.643	O2):26.471	
O1):-0.811	O2):39.168	
O1):-0.767	O2):33.147	
O1):-0.763	O2):32.276	
O1):-0.859	O2):54.399	
Starting PrismExecutor worker 5 on port 11435
O1):-0.825	O2):42.473	
Connected worker 5 to port 11435
O1):-0.773	O2):32.527	
O1):-0.789	O2):34.988	
O1):-0.852	O2):50.311	
O1):-0.799	O2):37.294	
O1):-0.807	O2):38.495	
O1):-0.792	O2):34.812	
O1):-0.836	O2):45.441	
O1):-0.702	O2):27.132	
O1):-0.801	O2):42.202	
O1):-0.787	O2):34.92	
O1):-0.756	O2):31.381	
O1):-0.841	O2):48.258	
O1):-0.841	O2):48.059	
O1):-0.81	O2):38.824	
O1):-0.819	O2):38.661	
O1):-0.768	O2):33.184	
O1):-0.766	O2):32.707	
O1):-0.791	O2):36.905	
O1):-0.837	O2):44.354	
O1):-0.732	O2):31.422	
O1):-0.8	O2):37.484	
O1):-0.744	O2):32.183	
O1):-0.739	O2):32.715	
O1):-0.705	O2):27.17	
O1):-0.79	O2):34.816	
O1):-0.82	O2):40.717	
O1):-0.671	O2):26.524	
O1):-0.844	O2):49.129	
O1):-0.795	O2):44.928	
O1):-0.816	O2):37.759	
O1):-0.816	O2):37.852	
O1):-0.733	O2):28.728	
O1):-0.721	O2):27.776	
O1):-0.817	O2):42.044	
O1):-0.8	O2):37.222	
O1):-0.734	O2):28.686	
O1):-0.825	O2):42.513	
O1):-0.817	O2):40.228	
O1):-0.801	O2):37.555	
O1):-0.794	O2):36.518	
O1):-0.808	O2):39.182	
O1):-0.675	O2):26.738	
O1):-0.788	O2):37.431	
O1):-0.774	O2):33.033	
O1):-0.817	O2):42.403	
O1):-0.776	O2):32.931	
O1):-0.7	O2):27.187	
O1):-0.837	O2):44.537	
O1):-0.85	O2):48.289	
O1):-0.763	O2):32.174	
O1):-0.82	O2):38.825	
O1):-0.793	O2):36.831	
O1):-0.762	O2):32.207	
O1):-0.801	O2):37.521	
O1):-0.784	O2):33.789	
O1):-0.65	O2):26.181	
O1):-0.747	O2):31.171	
O1):-0.703	O2):27.738	
O1):-0.793	O2):36.827	
O1):-0.773	O2):32.427	
O1):-0.723	O2):28.687	
O1):-0.721	O2):28.533	
O1):-0.775	O2):32.836	
O1):-0.825	O2):42.513	
O1):-0.642	O2):26.415	
O1):-0.742	O2):30.11	
O1):-0.855	O2):54.571	
O1):-0.732	O2):31.335	
O1):-0.76	O2):31.732	
Evaluations:	2200
O1):-0.788	O2):37.431	
O1):-0.776	O2):32.953	
O1):-0.784	O2):33.965	
O1):-0.719	O2):28.106	
O1):-0.77	O2):32.749	
O1):-0.785	O2):43.974	
O1):-0.835	O2):46.866	
O1):-0.761	O2):31.869	
O1):-0.671	O2):26.489	
O1):-0.705	O2):27.343	
O1):-0.784	O2):38.431	
O1):-0.767	O2):33.148	
O1):-0.815	O2):37.793	
O1):-0.708	O2):27.431	
O1):-0.713	O2):30.528	
O1):-0.801	O2):37.584	
O1):-0.827	O2):43.068	
O1):-0.767	O2):32.952	
O1):-0.741	O2):31.139	
O1):-0.793	O2):36.827	
O1):-0.78	O2):33.502	
O1):-0.74	O2):31.108	
O1):-0.795	O2):34.173	
O1):-0.78	O2):45.923	
O1):-0.854	O2):58.579	
O1):-0.789	O2):34.779	
O1):-0.759	O2):32.026	
O1):-0.842	O2):48.532	
O1):-0.804	O2):38.276	
O1):-0.78	O2):33.601	
O1):-0.833	O2):43.643	
Starting PrismExecutor worker 3 on port 11423
Starting PrismExecutor worker 1 on port 11411
O1):-0.654	O2):26.423	
O1):-0.743	O2):31.123	
O1):-0.8	O2):37.484	
Connected worker 3 to port 11423
Connected worker 1 to port 11411
O1):-0.756	O2):33.232	
O1):-0.675	O2):26.801	
O1):-0.801	O2):37.71	
O1):-0.816	O2):37.984	
O1):-0.776	O2):36.097	
O1):-0.764	O2):33.947	
O1):-0.758	O2):31.393	
O1):-0.859	O2):53.205	
O1):-0.701	O2):26.884	
O1):-0.702	O2):27.132	
O1):-0.786	O2):33.923	
O1):-0.767	O2):33.387	
O1):-0.824	O2):43.174	
O1):-0.793	O2):36.827	
O1):-0.772	O2):33.493	
O1):-0.705	O2):27.416	
O1):-0.724	O2):29.231	
O1):-0.813	O2):39.311	
O1):-0.761	O2):31.957	
O1):-0.747	O2):32.433	
O1):-0.774	O2):32.749	
O1):-0.842	O2):48.557	
O1):-0.779	O2):33.081	
O1):-0.694	O2):27.278	
O1):-0.792	O2):36.754	
O1):-0.813	O2):39.552	
Evaluations:	2600
O1):-0.707	O2):27.414	
O1):-0.776	O2):33.294	
O1):-0.802	O2):37.8	
O1):-0.707	O2):27.414	
O1):-0.834	O2):48.987	
O1):-0.745	O2):31.281	
O1):-0.788	O2):34.748	
O1):-0.836	O2):43.371	
O1):-0.803	O2):37.82	
O1):-0.772	O2):32.393	
O1):-0.794	O2):35.5	
O1):-0.822	O2):39.192	
O1):-0.837	O2):44.534	
O1):-0.716	O2):27.785	
O1):-0.77	O2):33.907	
O1):-0.788	O2):39.607	
O1):-0.746	O2):31.361	
O1):-0.782	O2):33.769	
O1):-0.71	O2):27.695	
O1):-0.675	O2):26.738	
O1):-0.765	O2):32.224	
O1):-0.819	O2):38.734	
O1):-0.768	O2):32.838	
O1):-0.801	O2):37.71	
O1):-0.809	O2):38.658	
O1):-0.798	O2):37.403	
O1):-0.793	O2):35.258	
O1):-0.701	O2):26.903	
O1):-0.71	O2):27.626	
O1):-0.796	O2):36.758	
O1):-0.833	O2):43.341	
O1):-0.802	O2):39.039	
O1):-0.824	O2):42.469	
O1):-0.759	O2):32.198	
O1):-0.823	O2):43.134	
O1):-0.794	O2):37.026	
O1):-0.809	O2):38.639	
O1):-0.823	O2):43.105	
O1):-0.776	O2):32.931	
O1):-0.718	O2):27.453	
O1):-0.834	O2):47.527	
O1):-0.708	O2):27.443	
O1):-0.781	O2):33.957	
O1):-0.833	O2):46.27	
O1):-0.793	O2):37.68	
O1):-0.822	O2):43.395	
O1):-0.824	O2):42.436	
O1):-0.808	O2):38.718	
O1):-0.7	O2):26.859	
O1):-0.703	O2):27.152	
O1):-0.724	O2):28.442	
O1):-0.812	O2):39.422	
O1):-0.744	O2):30.329	
O1):-0.732	O2):31.652	
O1):-0.789	O2):33.934	
O1):-0.743	O2):31.601	
O1):-0.778	O2):37.91	
O1):-0.841	O2):49.258	
O1):-0.826	O2):43.327	
O1):-0.732	O2):31.652	
O1):-0.786	O2):33.923	
O1):-0.774	O2):32.962	
O1):-0.799	O2):34.993	
O1):-0.721	O2):27.723	
O1):-0.754	O2):31.3	
O1):-0.799	O2):37.171	
O1):-0.701	O2):26.898	
O1):-0.734	O2):31.458	
O1):-0.789	O2):35.096	
O1):-0.817	O2):42.044	
O1):-0.845	O2):49.386	
O1):-0.702	O2):27.096	
O1):-0.725	O2):28.176	
O1):-0.834	O2):44.931	
O1):-0.836	O2):45.44	
O1):-0.778	O2):33.239	
O1):-0.675	O2):26.738	
O1):-0.798	O2):35.854	
O1):-0.814	O2):41.796	
O1):-0.8	O2):37.448	
O1):-0.724	O2):28.718	
O1):-0.775	O2):33.51	
O1):-0.817	O2):40.282	
O1):-0.829	O2):44.301	
O1):-0.77	O2):38.635	
O1):-0.763	O2):32.277	
O1):-0.834	O2):43.764	
O1):-0.811	O2):39.168	
O1):-0.762	O2):32.249	
O1):-0.833	O2):43.643	
O1):-0.802	O2):37.806	
O1):-0.758	O2):31.91	
O1):-0.792	O2):36.754	
O1):-0.76	O2):32.263	
Evaluations:	2400
O1):-0.678	O2):27.173	
O1):-0.779	O2):33.315	
O1):-0.817	O2):42.019	
O1):-0.776	O2):32.939	
O1):-0.842	O2):48.557	
O1):-0.797	O2):36.971	
O1):-0.774	O2):32.749	
Evaluations:	2100
O1):-0.777	O2):33.055	
O1):-0.777	O2):32.815	
Evaluations:	2300
O1):-0.817	O2):42.019	
O1):-0.781	O2):33.278	
O1):-0.743	O2):30.113	
O1):-0.816	O2):37.894	
O1):-0.764	O2):32.141	
O1):-0.802	O2):37.675	
Evaluations:	2500
O1):-0.701	O2):26.884	
O1):-0.759	O2):31.664	
O1):-0.781	O2):33.766	
O1):-0.73	O2):29.108	
O1):-0.851	O2):48.59	
O1):-0.808	O2):38.718	
O1):-0.762	O2):32.367	
O1):-0.775	O2):32.861	
O1):-0.723	O2):28.226	
O1):-0.742	O2):29.279	
O1):-0.792	O2):37.517	
O1):-0.728	O2):28.976	
O1):-0.701	O2):27.201	
O1):-0.817	O2):37.908	
O1):-0.723	O2):28.774	
O1):-0.718	O2):27.453	
O1):-0.786	O2):34.087	
O1):-0.769	O2):36.281	
O1):-0.811	O2):39.168	
O1):-0.746	O2):31.265	
O1):-0.742	O2):30.11	
O1):-0.842	O2):48.243	
O1):-0.808	O2):38.933	
O1):-0.808	O2):38.3	
O1):-0.749	O2):32.392	
O1):-0.758	O2):36.537	
O1):-0.823	O2):43.134	
O1):-0.793	O2):37.522	
O1):-0.79	O2):34.334	
O1):-0.788	O2):34.356	
O1):-0.714	O2):27.387	
O1):-0.72	O2):27.772	
O1):-0.816	O2):37.766	
O1):-0.803	O2):42.173	
O1):-0.834	O2):43.418	
O1):-0.844	O2):48.641	
O1):-0.834	O2):45.143	
O1):-0.773	O2):32.482	
O1):-0.826	O2):43.456	
O1):-0.81	O2):48.147	
O1):-0.802	O2):37.336	
O1):-0.82	O2):42.462	
O1):-0.798	O2):37.403	
O1):-0.763	O2):32.175	
O1):-0.804	O2):37.974	
O1):-0.803	O2):38.041	
O1):-0.743	O2):31.121	
O1):-0.692	O2):27.22	
O1):-0.708	O2):27.432	
O1):-0.692	O2):27.22	
O1):-0.825	O2):42.787	
O1):-0.798	O2):37.053	
O1):-0.745	O2):33.6	
O1):-0.671	O2):26.524	
O1):-0.72	O2):28.498	
Starting PrismExecutor worker 1 on port 11421
O1):-0.782	O2):33.497	
O1):-0.814	O2):37.667	
Connected worker 1 to port 11421
O1):-0.795	O2):34.649	
O1):-0.701	O2):26.884	
O1):-0.769	O2):32.447	
O1):-0.765	O2):32.224	
O1):-0.764	O2):32.141	
O1):-0.806	O2):38.17	
O1):-0.786	O2):33.64	
O1):-0.758	O2):31.303	
O1):-0.807	O2):38.307	
O1):-0.775	O2):33.048	
O1):-0.761	O2):31.957	
O1):-0.831	O2):42.9	
O1):-0.807	O2):38.537	
O1):-0.812	O2):40.12	
O1):-0.829	O2):43.497	
O1):-0.698	O2):27.082	
O1):-0.702	O2):27.132	
O1):-0.775	O2):33.547	
O1):-0.792	O2):35.193	
O1):-0.745	O2):30.217	
O1):-0.746	O2):31.362	
O1):-0.72	O2):27.772	
O1):-0.854	O2):49.481	
O1):-0.716	O2):27.785	
O1):-0.789	O2):34.987	
O1):-0.81	O2):39.188	
O1):-0.692	O2):30.713	
O1):-0.791	O2):34.309	
O1):-0.831	O2):44.568	
O1):-0.808	O2):38.957	
O1):-0.714	O2):30.696	
O1):-0.788	O2):34.951	
O1):-0.85	O2):48.083	
O1):-0.843	O2):48.507	
O1):-0.795	O2):38.657	
O1):-0.81	O2):39.158	
O1):-0.78	O2):34.299	
O1):-0.697	O2):26.873	
O1):-0.81	O2):39.045	
O1):-0.825	O2):45.301	
O1):-0.78	O2):33.601	
O1):-0.745	O2):30.407	
O1):-0.786	O2):33.93	
O1):-0.758	O2):31.303	
O1):-0.85	O2):48.565	
O1):-0.708	O2):27.443	
O1):-0.786	O2):34.091	
O1):-0.798	O2):37.053	
O1):-0.815	O2):37.825	
O1):-0.8	O2):37.42	
O1):-0.817	O2):37.935	
O1):-0.772	O2):33.162	
O1):-0.784	O2):34.271	
O1):-0.817	O2):37.908	
O1):-0.732	O2):31.335	
O1):-0.723	O2):28.226	
O1):-0.817	O2):42.383	
O1):-0.733	O2):28.728	
O1):-0.795	O2):37.121	
Evaluations:	2200
O1):-0.801	O2):37.437	
O1):-0.816	O2):40.117	
O1):-0.722	O2):27.841	
O1):-0.703	O2):27.242	
O1):-0.783	O2):36.322	
O1):-0.793	O2):34.794	
O1):-0.8	O2):37.448	
O1):-0.825	O2):43.364	
O1):-0.817	O2):38.022	
O1):-0.794	O2):36.529	
O1):-0.831	O2):42.9	
O1):-0.719	O2):28.106	
O1):-0.809	O2):42.07	
O1):-0.762	O2):32.207	
O1):-0.815	O2):37.793	
O1):-0.83	O2):53.75	
O1):-0.782	O2):33.497	
O1):-0.671	O2):26.525	
O1):-0.765	O2):39.837	
O1):-0.776	O2):36.097	
O1):-0.828	O2):43.323	
O1):-0.775	O2):32.771	
O1):-0.845	O2):48.833	
O1):-0.803	O2):37.863	
O1):-0.785	O2):34.711	
O1):-0.722	O2):27.818	
O1):-0.833	O2):42.512	
O1):-0.739	O2):32.79	
O1):-0.781	O2):33.85	
O1):-0.816	O2):39.023	
O1):-0.83	O2):44.308	
O1):-0.783	O2):33.81	
O1):-0.671	O2):26.525	
Starting PrismExecutor worker 0 on port 11420
O1):-0.743	O2):30.113	
O1):-0.773	O2):32.53	
O1):-0.697	O2):26.873	
O1):-0.72	O2):28.308	
Connected worker 0 to port 11420
O1):-0.781	O2):33.45	
O1):-0.733	O2):28.728	
O1):-0.714	O2):28.389	
O1):-0.859	O2):54.258	
O1):-0.775	O2):32.861	
O1):-0.762	O2):32.207	
O1):-0.841	O2):48.258	
O1):-0.76	O2):31.733	
O1):-0.851	O2):49.988	
O1):-0.795	O2):37.121	
O1):-0.72	O2):27.979	
O1):-0.776	O2):32.898	
O1):-0.671	O2):26.53	
O1):-0.817	O2):40.228	
O1):-0.804	O2):38.141	
O1):-0.724	O2):29.231	
O1):-0.758	O2):31.91	
O1):-0.795	O2):37.121	
O1):-0.746	O2):33.902	
O1):-0.818	O2):38.331	
O1):-0.772	O2):33.509	
O1):-0.722	O2):27.818	
O1):-0.79	O2):34.334	
O1):-0.734	O2):28.643	
O1):-0.791	O2):33.85	
O1):-0.793	O2):34.794	
O1):-0.741	O2):31.066	
O1):-0.724	O2):28.719	
O1):-0.849	O2):49.534	
O1):-0.743	O2):30.113	
O1):-0.837	O2):57.982	
O1):-0.782	O2):33.721	
O1):-0.78	O2):36.382	
O1):-0.835	O2):48.184	
O1):-0.802	O2):37.71	
O1):-0.832	O2):43.546	
O1):-0.765	O2):32.193	
O1):-0.721	O2):29.127	
O1):-0.789	O2):34.331	
O1):-0.675	O2):26.739	
O1):-0.697	O2):26.873	
O1):-0.863	O2):54.294	
O1):-0.75	O2):31.81	
O1):-0.791	O2):37.511	
O1):-0.797	O2):37.15	
O1):-0.744	O2):30.39	
O1):-0.802	O2):37.71	
O1):-0.709	O2):27.667	
O1):-0.801	O2):37.584	
O1):-0.783	O2):33.416	
O1):-0.842	O2):48.078	
O1):-0.839	O2):49.317	
O1):-0.798	O2):37.154	
O1):-0.801	O2):37.714	
O1):-0.745	O2):31.155	
O1):-0.797	O2):35.6	
O1):-0.762	O2):32.249	
O1):-0.759	O2):31.56	
O1):-0.692	O2):27.264	
O1):-0.782	O2):33.721	
O1):-0.676	O2):27.635	
O1):-0.836	O2):43.37	
O1):-0.797	O2):34.669	
O1):-0.797	O2):36.966	
O1):-0.772	O2):33.528	
O1):-0.733	O2):28.728	
O1):-0.802	O2):43.603	
O1):-0.756	O2):31.381	
O1):-0.76	O2):31.684	
O1):-0.739	O2):29.377	
O1):-0.83	O2):44.308	
O1):-0.76	O2):32.176	
O1):-0.804	O2):38.141	
O1):-0.753	O2):32.892	
O1):-0.793	O2):35.258	
O1):-0.779	O2):33.198	
O1):-0.76	O2):31.875	
O1):-0.778	O2):33.154	
O1):-0.803	O2):38.041	
O1):-0.792	O2):34.812	
O1):-0.809	O2):38.639	
O1):-0.753	O2):33.894	
O1):-0.718	O2):27.453	
O1):-0.72	O2):27.772	
O1):-0.756	O2):31.555	
O1):-0.742	O2):30.11	
O1):-0.76	O2):32.329	
O1):-0.72	O2):27.978	
O1):-0.827	O2):43.036	
O1):-0.749	O2):32.292	
O1):-0.793	O2):39.982	
O1):-0.75	O2):32.533	
O1):-0.733	O2):31.356	
O1):-0.795	O2):34.171	
O1):-0.842	O2):49.459	
O1):-0.789	O2):33.934	
O1):-0.764	O2):40.409	
O1):-0.84	O2):47.921	
Starting PrismExecutor worker 2 on port 11422
Starting PrismExecutor worker 2 on port 11462
O1):-0.702	O2):27.095	
O1):-0.671	O2):26.478	
O1):-0.789	O2):36.979	
O1):-0.76	O2):32.174	
O1):-0.835	O2):45.34	
Connected worker 2 to port 11422
Connected worker 2 to port 11462
O1):-0.802	O2):37.854	
O1):-0.747	O2):31.171	
O1):-0.814	O2):37.667	
O1):-0.773	O2):32.384	
O1):-0.762	O2):32.143	
O1):-0.796	O2):36.845	
O1):-0.786	O2):33.628	
O1):-0.765	O2):32.204	
O1):-0.82	O2):38.825	
O1):-0.825	O2):42.473	
O1):-0.812	O2):42.387	
O1):-0.743	O2):31.121	
O1):-0.835	O2):46.866	
O1):-0.811	O2):38.977	
O1):-0.841	O2):49.258	
O1):-0.747	O2):31.944	
O1):-0.703	O2):27.242	
O1):-0.693	O2):27.235	
O1):-0.759	O2):31.56	
O1):-0.834	O2):43.649	
O1):-0.816	O2):37.851	
O1):-0.701	O2):26.884	
O1):-0.767	O2):33.113	
O1):-0.836	O2):44.082	
O1):-0.784	O2):33.656	
O1):-0.675	O2):26.801	
O1):-0.747	O2):30.383	
O1):-0.759	O2):32.077	
O1):-0.776	O2):32.875	
O1):-0.785	O2):38.154	
O1):-0.756	O2):31.555	
O1):-0.78	O2):34.118	
O1):-0.786	O2):34.427	
O1):-0.826	O2):42.912	
O1):-0.767	O2):33.102	
O1):-0.821	O2):39.058	
O1):-0.751	O2):32.684	
O1):-0.705	O2):27.416	
O1):-0.789	O2):34.123	
O1):-0.789	O2):34.978	
O1):-0.817	O2):38.023	
O1):-0.836	O2):44.352	
O1):-0.792	O2):36.754	
O1):-0.818	O2):43.393	
O1):-0.756	O2):31.62	
O1):-0.799	O2):37.922	
O1):-0.73	O2):29.109	
O1):-0.818	O2):38.363	
O1):-0.774	O2):32.962	
O1):-0.842	O2):47.183	
O1):-0.706	O2):28.017	
O1):-0.749	O2):31.457	
O1):-0.836	O2):44.54	
O1):-0.833	O2):42.512	
O1):-0.775	O2):38.335	
O1):-0.75	O2):32.59	
O1):-0.719	O2):27.717	
O1):-0.816	O2):37.894	
O1):-0.743	O2):31.121	
O1):-0.788	O2):34.74	
O1):-0.779	O2):33.212	
O1):-0.826	O2):42.912	
O1):-0.719	O2):27.75	
O1):-0.78	O2):34.302	
O1):-0.808	O2):38.718	
O1):-0.739	O2):29.334	
O1):-0.751	O2):32.831	
O1):-0.806	O2):38.152	
O1):-0.671	O2):26.53	
O1):-0.788	O2):34.738	
O1):-0.845	O2):48.833	
O1):-0.748	O2):31.433	
O1):-0.832	O2):43.546	
O1):-0.642	O2):26.415	
O1):-0.786	O2):33.93	
O1):-0.784	O2):33.881	
O1):-0.747	O2):31.171	
O1):-0.768	O2):32.839	
O1):-0.767	O2):34.772	
O1):-0.834	O2):43.641	
O1):-0.826	O2):43.909	
O1):-0.733	O2):32.218	
O1):-0.837	O2):44.139	
O1):-0.643	O2):26.472	
O1):-0.789	O2):34.431	
O1):-0.815	O2):38.948	
O1):-0.778	O2):33.184	
O1):-0.815	O2):39.811	
O1):-0.742	O2):33.54	
O1):-0.774	O2):32.749	
O1):-0.824	O2):42.469	
O1):-0.811	O2):39.168	
O1):-0.74	O2):29.384	
O1):-0.78	O2):34.302	
O1):-0.673	O2):26.852	
O1):-0.673	O2):26.724	
O1):-0.724	O2):28.829	
O1):-0.783	O2):33.732	
O1):-0.766	O2):32.559	
O1):-0.767	O2):34.775	
O1):-0.671	O2):26.524	
O1):-0.768	O2):33.15	
O1):-0.814	O2):39.713	
O1):-0.775	O2):35.795	
O1):-0.801	O2):37.821	
O1):-0.795	O2):37.121	
O1):-0.8	O2):35.519	
O1):-0.818	O2):42.431	
O1):-0.838	O2):44.672	
O1):-0.755	O2):31.348	
O1):-0.795	O2):34.137	
O1):-0.81	O2):39.048	
O1):-0.76	O2):32.176	
O1):-0.703	O2):27.152	
O1):-0.851	O2):48.59	
O1):-0.818	O2):38.317	
O1):-0.834	O2):43.776	
O1):-0.709	O2):27.702	
O1):-0.832	O2):43.546	
O1):-0.744	O2):32.502	
O1):-0.742	O2):30.11	
O1):-0.828	O2):43.372	
O1):-0.766	O2):32.484	
O1):-0.721	O2):28.971	
O1):-0.766	O2):32.426	
O1):-0.841	O2):47.863	
O1):-0.692	O2):27.264	
O1):-0.817	O2):42.287	
O1):-0.766	O2):32.42	
O1):-0.765	O2):32.199	
O1):-0.742	O2):35.821	
O1):-0.732	O2):31.335	
O1):-0.78	O2):33.601	
O1):-0.853	O2):49.17	
O1):-0.783	O2):33.809	
O1):-0.826	O2):43.456	
O1):-0.784	O2):38.431	
O1):-0.763	O2):35.902	
O1):-0.723	O2):28.766	
O1):-0.837	O2):57.982	
O1):-0.818	O2):38.363	
O1):-0.782	O2):33.828	
O1):-0.703	O2):27.242	
O1):-0.837	O2):44.536	
O1):-0.818	O2):40.365	
O1):-0.72	O2):27.749	
O1):-0.836	O2):44.003	
O1):-0.697	O2):26.873	
O1):-0.796	O2):36.845	
O1):-0.791	O2):34.436	
O1):-0.771	O2):33.179	
O1):-0.822	O2):39.192	
O1):-0.859	O2):54.151	
O1):-0.851	O2):48.59	
O1):-0.818	O2):38.363	
O1):-0.756	O2):33.232	
O1):-0.721	O2):27.723	
O1):-0.745	O2):30.217	
O1):-0.776	O2):32.939	
O1):-0.671	O2):26.53	
O1):-0.81	O2):39.714	
O1):-0.783	O2):39.824	
O1):-0.777	O2):36.333	
O1):-0.702	O2):27.132	
O1):-0.724	O2):28.31	
O1):-0.814	O2):37.667	
O1):-0.786	O2):34.436	
O1):-0.76	O2):33.603	
O1):-0.749	O2):31.554	
O1):-0.799	O2):37.294	
O1):-0.802	O2):37.854	
O1):-0.742	O2):30.11	
O1):-0.7	O2):27.002	
O1):-0.82	O2):38.825	
O1):-0.671	O2):26.524	
O1):-0.791	O2):33.85	
O1):-0.823	O2):43.134	
O1):-0.834	O2):47.527	
O1):-0.844	O2):48.463	
O1):-0.702	O2):27.096	
O1):-0.721	O2):27.772	
O1):-0.671	O2):26.525	
O1):-0.799	O2):34.993	
O1):-0.791	O2):38.593	
O1):-0.784	O2):33.789	
O1):-0.761	O2):31.957	
O1):-0.745	O2):31.147	
O1):-0.784	O2):34.244	
Starting PrismExecutor worker 2 on port 11412
O1):-0.817	O2):37.908	
O1):-0.79	O2):34.816	
O1):-0.725	O2):28.176	
Connected worker 2 to port 11412
O1):-0.801	O2):37.589	
O1):-0.673	O2):26.824	
O1):-0.793	O2):36.573	
O1):-0.862	O2):54.149	
O1):-0.835	O2):48.191	
O1):-0.697	O2):26.875	
O1):-0.764	O2):32.173	
O1):-0.76	O2):31.66	
O1):-0.78	O2):33.42	
O1):-0.709	O2):27.72	
O1):-0.803	O2):37.774	
O1):-0.671	O2):26.53	
O1):-0.843	O2):48.505	
O1):-0.796	O2):36.845	
O1):-0.773	O2):32.527	
O1):-0.802	O2):37.71	
O1):-0.854	O2):49.487	
O1):-0.741	O2):31.139	
O1):-0.852	O2):50.14	
O1):-0.775	O2):38.874	
O1):-0.756	O2):31.62	
O1):-0.763	O2):32.197	
O1):-0.834	O2):47.528	
O1):-0.774	O2):35.389	
O1):-0.742	O2):30.111	
O1):-0.759	O2):34.0	
O1):-0.817	O2):40.228	
O1):-0.65	O2):26.204	
O1):-0.703	O2):27.242	
O1):-0.758	O2):31.91	
O1):-0.732	O2):31.43	
O1):-0.675	O2):26.801	
O1):-0.747	O2):31.171	
O1):-0.76	O2):33.602	
O1):-0.722	O2):27.818	
O1):-0.742	O2):34.101	
O1):-0.811	O2):38.905	
O1):-0.736	O2):32.939	
O1):-0.81	O2):39.034	
O1):-0.819	O2):38.734	
O1):-0.797	O2):35.741	
O1):-0.727	O2):28.733	
O1):-0.746	O2):31.361	
O1):-0.817	O2):37.888	
O1):-0.76	O2):31.706	
O1):-0.784	O2):33.959	
O1):-0.698	O2):27.082	
O1):-0.802	O2):37.336	
O1):-0.732	O2):31.297	
O1):-0.778	O2):33.233	
O1):-0.709	O2):27.667	
O1):-0.781	O2):48.777	
O1):-0.726	O2):31.375	
O1):-0.723	O2):28.226	
O1):-0.834	O2):43.418	
O1):-0.853	O2):49.17	
O1):-0.732	O2):31.488	
O1):-0.853	O2):49.17	
O1):-0.787	O2):34.41	
O1):-0.73	O2):31.243	
O1):-0.743	O2):31.121	
O1):-0.803	O2):37.864	
O1):-0.795	O2):36.769	
O1):-0.855	O2):54.3	
O1):-0.826	O2):42.912	
O1):-0.85	O2):49.919	
O1):-0.836	O2):57.874	
O1):-0.818	O2):38.363	
O1):-0.807	O2):38.309	
O1):-0.837	O2):44.534	
O1):-0.786	O2):33.961	
O1):-0.724	O2):28.857	
O1):-0.757	O2):33.701	
O1):-0.823	O2):43.134	
O1):-0.796	O2):36.845	
O1):-0.789	O2):34.162	
O1):-0.742	O2):30.11	
O1):-0.76	O2):31.684	
O1):-0.784	O2):33.658	
O1):-0.78	O2):33.505	
O1):-0.676	O2):27.634	
O1):-0.78	O2):33.424	
O1):-0.793	O2):36.827	
O1):-0.766	O2):32.42	
O1):-0.76	O2):31.643	
O1):-0.815	O2):37.793	
O1):-0.761	O2):31.957	
O1):-0.801	O2):37.521	
O1):-0.776	O2):32.852	
O1):-0.773	O2):32.781	
O1):-0.818	O2):43.393	
O1):-0.726	O2):31.375	
O1):-0.799	O2):37.922	
O1):-0.742	O2):29.279	
O1):-0.834	O2):43.649	
O1):-0.81	O2):39.034	
O1):-0.703	O2):27.242	
Starting PrismExecutor worker 0 on port 11410
O1):-0.774	O2):32.962	
O1):-0.843	O2):49.418	
Connected worker 0 to port 11410
O1):-0.811	O2):39.168	
O1):-0.694	O2):27.278	
O1):-0.789	O2):34.344	
O1):-0.825	O2):42.504	
O1):-0.833	O2):42.627	
O1):-0.718	O2):27.507	
O1):-0.854	O2):58.579	
O1):-0.697	O2):26.873	
O1):-0.782	O2):33.836	
O1):-0.826	O2):43.33	
O1):-0.791	O2):34.309	
O1):-0.762	O2):32.178	
O1):-0.676	O2):27.636	
O1):-0.78	O2):34.302	
O1):-0.746	O2):31.362	
O1):-0.776	O2):33.052	
O1):-0.72	O2):27.773	
O1):-0.742	O2):30.11	
O1):-0.778	O2):33.421	
O1):-0.786	O2):36.792	
O1):-0.724	O2):28.857	
O1):-0.705	O2):27.416	
O1):-0.834	O2):43.609	
O1):-0.781	O2):33.456	
O1):-0.745	O2):31.155	
O1):-0.818	O2):40.529	
O1):-0.749	O2):33.92	
O1):-0.802	O2):37.71	
O1):-0.757	O2):31.927	
O1):-0.794	O2):38.216	
O1):-0.774	O2):32.962	
O1):-0.778	O2):33.235	
O1):-0.702	O2):27.096	
O1):-0.809	O2):38.639	
O1):-0.642	O2):26.415	
O1):-0.8	O2):37.42	
O1):-0.828	O2):43.323	
O1):-0.759	O2):32.077	
O1):-0.79	O2):34.816	
O1):-0.744	O2):30.33	
O1):-0.784	O2):33.789	
O1):-0.708	O2):27.432	
O1):-0.793	O2):37.103	
O1):-0.779	O2):33.319	
O1):-0.805	O2):39.136	
O1):-0.745	O2):30.217	
O1):-0.705	O2):27.416	
O1):-0.773	O2):32.418	
O1):-0.779	O2):33.172	
O1):-0.731	O2):31.27	
O1):-0.742	O2):30.11	
O1):-0.772	O2):33.528	
O1):-0.7	O2):27.188	
O1):-0.774	O2):33.038	
O1):-0.703	O2):27.152	
O1):-0.759	O2):31.552	
O1):-0.8	O2):37.308	
O1):-0.792	O2):43.231	
O1):-0.781	O2):33.761	
O1):-0.8	O2):38.888	
O1):-0.764	O2):32.141	
Evaluations:	2400
O1):-0.765	O2):32.383	
O1):-0.671	O2):26.53	
O1):-0.795	O2):34.137	
O1):-0.828	O2):43.372	
O1):-0.696	O2):26.818	
O1):-0.759	O2):31.736	
O1):-0.762	O2):32.127	
O1):-0.843	O2):49.418	
O1):-0.701	O2):27.201	
O1):-0.759	O2):32.077	
O1):-0.755	O2):33.08	
O1):-0.806	O2):38.152	
O1):-0.787	O2):34.03	
O1):-0.817	O2):38.107	
O1):-0.85	O2):48.289	
O1):-0.714	O2):30.696	
O1):-0.793	O2):44.369	
O1):-0.723	O2):28.774	
O1):-0.759	O2):31.56	
O1):-0.816	O2):37.894	
O1):-0.778	O2):33.184	
O1):-0.734	O2):31.458	
O1):-0.863	O2):54.294	
O1):-0.746	O2):31.361	
O1):-0.71	O2):27.695	
O1):-0.752	O2):31.395	
O1):-0.723	O2):28.773	
O1):-0.8	O2):37.941	
O1):-0.765	O2):32.193	
O1):-0.818	O2):38.363	
O1):-0.862	O2):54.097	
Starting PrismExecutor worker 0 on port 11400
O1):-0.697	O2):26.883	
O1):-0.784	O2):36.437	
O1):-0.744	O2):31.165	
O1):-0.859	O2):54.258	
Connected worker 0 to port 11400
O1):-0.642	O2):26.415	
O1):-0.798	O2):37.403	
O1):-0.724	O2):28.267	
O1):-0.845	O2):49.998	
O1):-0.736	O2):31.768	
O1):-0.827	O2):43.463	
O1):-0.702	O2):27.096	
O1):-0.728	O2):28.976	
O1):-0.765	O2):32.198	
O1):-0.804	O2):38.149	
O1):-0.792	O2):34.812	
O1):-0.7	O2):27.197	
O1):-0.76	O2):31.684	
O1):-0.78	O2):34.302	
O1):-0.796	O2):36.845	
O1):-0.795	O2):38.657	
O1):-0.784	O2):34.222	
O1):-0.747	O2):32.048	
O1):-0.792	O2):34.798	
O1):-0.772	O2):33.528	
O1):-0.773	O2):32.544	
O1):-0.734	O2):31.454	
O1):-0.708	O2):27.431	
O1):-0.776	O2):36.405	
O1):-0.72	O2):27.979	
O1):-0.772	O2):32.74	
O1):-0.747	O2):31.513	
O1):-0.799	O2):37.294	
O1):-0.831	O2):42.9	
O1):-0.774	O2):32.966	
O1):-0.761	O2):31.78	
O1):-0.793	O2):35.258	
O1):-0.818	O2):40.365	
O1):-0.802	O2):37.336	
O1):-0.767	O2):33.362	
O1):-0.836	O2):43.43	
O1):-0.76	O2):31.875	
O1):-0.762	O2):32.143	
O1):-0.789	O2):44.521	
O1):-0.775	O2):32.875	
O1):-0.759	O2):31.56	
O1):-0.816	O2):40.069	
O1):-0.756	O2):31.411	
O1):-0.746	O2):31.265	
O1):-0.745	O2):31.147	
O1):-0.826	O2):42.912	
O1):-0.795	O2):36.824	
O1):-0.642	O2):26.414	
O1):-0.815	O2):37.742	
O1):-0.797	O2):35.498	
O1):-0.808	O2):38.718	
O1):-0.771	O2):32.646	
O1):-0.859	O2):53.352	
O1):-0.816	O2):38.982	
O1):-0.791	O2):34.323	
O1):-0.773	O2):32.448	
O1):-0.641	O2):26.46	
O1):-0.761	O2):31.865	
O1):-0.709	O2):27.667	
O1):-0.801	O2):37.437	
O1):-0.702	O2):27.132	
O1):-0.836	O2):44.16	
O1):-0.802	O2):37.675	
O1):-0.775	O2):32.836	
O1):-0.834	O2):43.418	
O1):-0.773	O2):32.418	
O1):-0.825	O2):42.513	
O1):-0.8	O2):37.421	
O1):-0.672	O2):26.515	
Evaluations:	2300
O1):-0.727	O2):28.732	
O1):-0.72	O2):27.772	
O1):-0.767	O2):33.122	
O1):-0.758	O2):33.256	
O1):-0.824	O2):42.436	
O1):-0.762	O2):32.128	
O1):-0.777	O2):39.495	
Evaluations:	2400
O1):-0.779	O2):33.798	
O1):-0.82	O2):38.84	
O1):-0.844	O2):48.641	
O1):-0.745	O2):31.147	
O1):-0.762	O2):33.783	
O1):-0.779	O2):34.207	
O1):-0.814	O2):37.667	
O1):-0.816	O2):37.853	
O1):-0.836	O2):44.16	
O1):-0.822	O2):39.192	
O1):-0.739	O2):29.336	
O1):-0.759	O2):31.616	
Starting PrismExecutor worker 3 on port 11463
O1):-0.684	O2):31.284	
O1):-0.791	O2):34.309	
O1):-0.751	O2):32.695	
Connected worker 3 to port 11463
O1):-0.779	O2):33.531	
O1):-0.764	O2):32.173	
O1):-0.783	O2):33.416	
O1):-0.798	O2):37.154	
O1):-0.772	O2):32.369	
O1):-0.741	O2):31.139	
O1):-0.824	O2):42.469	
O1):-0.702	O2):27.132	
O1):-0.815	O2):39.81	
O1):-0.779	O2):33.171	
Evaluations:	2700
O1):-0.777	O2):36.68	
O1):-0.793	O2):44.353	
O1):-0.704	O2):27.131	
O1):-0.834	O2):43.418	
O1):-0.692	O2):27.221	
O1):-0.825	O2):42.473	
O1):-0.781	O2):33.72	
O1):-0.833	O2):44.085	
O1):-0.826	O2):42.973	
O1):-0.789	O2):34.978	
O1):-0.777	O2):39.486	
O1):-0.826	O2):42.912	
O1):-0.793	O2):36.467	
O1):-0.756	O2):31.62	
O1):-0.748	O2):32.175	
O1):-0.76	O2):32.263	
O1):-0.841	O2):49.258	
O1):-0.78	O2):33.573	
O1):-0.763	O2):32.276	
O1):-0.786	O2):33.93	
O1):-0.741	O2):31.144	
O1):-0.801	O2):37.508	
O1):-0.748	O2):32.301	
O1):-0.818	O2):42.545	
O1):-0.815	O2):41.9	
O1):-0.741	O2):32.824	
O1):-0.749	O2):31.425	
O1):-0.707	O2):27.408	
O1):-0.796	O2):37.857	
O1):-0.828	O2):43.323	
O1):-0.675	O2):26.801	
O1):-0.78	O2):33.643	
O1):-0.786	O2):34.159	
O1):-0.815	O2):37.717	
O1):-0.798	O2):34.763	
O1):-0.833	O2):43.49	
O1):-0.786	O2):33.628	
O1):-0.767	O2):33.12	
O1):-0.795	O2):37.121	
O1):-0.752	O2):33.008	
O1):-0.703	O2):27.684	
O1):-0.784	O2):33.656	
O1):-0.787	O2):34.712	
O1):-0.702	O2):27.132	
O1):-0.808	O2):38.722	
O1):-0.808	O2):38.722	
O1):-0.701	O2):26.904	
O1):-0.738	O2):31.788	
O1):-0.806	O2):38.152	
O1):-0.761	O2):31.865	
O1):-0.765	O2):32.198	
O1):-0.743	O2):31.6	
O1):-0.81	O2):38.722	
O1):-0.671	O2):26.524	
O1):-0.772	O2):32.647	
O1):-0.762	O2):32.367	
O1):-0.828	O2):43.372	
O1):-0.828	O2):43.323	
O1):-0.801	O2):37.437	
O1):-0.842	O2):47.183	
O1):-0.782	O2):33.283	
O1):-0.763	O2):32.276	
O1):-0.841	O2):47.863	
O1):-0.798	O2):37.152	
O1):-0.719	O2):28.106	
O1):-0.673	O2):26.824	
O1):-0.78	O2):33.62	
O1):-0.815	O2):37.794	
O1):-0.776	O2):32.875	
O1):-0.742	O2):30.11	
O1):-0.775	O2):33.509	
Evaluations:	2500
O1):-0.845	O2):48.833	
O1):-0.742	O2):35.07	
O1):-0.78	O2):33.424	
O1):-0.721	O2):27.926	
O1):-0.746	O2):31.265	
O1):-0.799	O2):37.324	
O1):-0.79	O2):36.742	
O1):-0.85	O2):48.289	
O1):-0.766	O2):32.426	
O1):-0.756	O2):31.555	
O1):-0.834	O2):44.933	
O1):-0.854	O2):49.481	
O1):-0.65	O2):26.181	
Starting PrismExecutor worker 5 on port 11495
O1):-0.745	O2):30.407	
O1):-0.818	O2):38.331	
Connected worker 5 to port 11495
O1):-0.78	O2):33.601	
O1):-0.784	O2):33.789	
O1):-0.767	O2):33.133	
O1):-0.79	O2):34.205	
O1):-0.673	O2):26.832	
O1):-0.737	O2):31.478	
O1):-0.844	O2):49.129	
O1):-0.85	O2):48.565	
O1):-0.692	O2):27.264	
O1):-0.779	O2):33.327	
O1):-0.793	O2):36.831	
O1):-0.827	O2):43.068	
O1):-0.842	O2):48.557	
O1):-0.779	O2):33.081	
O1):-0.78	O2):33.424	
O1):-0.743	O2):31.57	
O1):-0.862	O2):54.097	
O1):-0.787	O2):34.92	
O1):-0.794	O2):36.591	
O1):-0.772	O2):32.369	
O1):-0.778	O2):33.433	
O1):-0.775	O2):32.861	
O1):-0.826	O2):43.493	
O1):-0.833	O2):42.512	
O1):-0.702	O2):27.51	
O1):-0.759	O2):33.559	
O1):-0.742	O2):30.11	
O1):-0.765	O2):34.53	
O1):-0.818	O2):38.317	
O1):-0.722	O2):27.818	
O1):-0.826	O2):43.456	
O1):-0.738	O2):29.127	
O1):-0.789	O2):34.331	
O1):-0.817	O2):38.107	
O1):-0.853	O2):49.189	
O1):-0.782	O2):33.335	
O1):-0.643	O2):26.471	
O1):-0.852	O2):50.14	
O1):-0.807	O2):38.495	
O1):-0.779	O2):34.452	
O1):-0.741	O2):31.077	
O1):-0.801	O2):37.645	
O1):-0.831	O2):44.606	
O1):-0.701	O2):26.898	
Evaluations:	2600
O1):-0.775	O2):32.782	
O1):-0.834	O2):44.918	
O1):-0.833	O2):43.28	
O1):-0.78	O2):33.622	
O1):-0.778	O2):33.563	
O1):-0.816	O2):37.766	
O1):-0.851	O2):49.959	
O1):-0.754	O2):31.311	
O1):-0.678	O2):27.172	
O1):-0.798	O2):37.405	
O1):-0.781	O2):33.859	
O1):-0.743	O2):31.122	
O1):-0.795	O2):36.824	
O1):-0.671	O2):26.524	
O1):-0.789	O2):35.096	
O1):-0.65	O2):26.181	
O1):-0.834	O2):43.649	
O1):-0.777	O2):33.468	
O1):-0.796	O2):34.709	
Evaluations:	2300
O1):-0.789	O2):34.114	
O1):-0.759	O2):32.077	
O1):-0.767	O2):33.148	
O1):-0.832	O2):43.546	
O1):-0.786	O2):34.005	
O1):-0.78	O2):33.601	
O1):-0.671	O2):26.489	
O1):-0.84	O2):48.237	
O1):-0.794	O2):36.591	
O1):-0.674	O2):26.732	
O1):-0.801	O2):37.71	
O1):-0.787	O2):34.03	
O1):-0.761	O2):31.907	
O1):-0.837	O2):57.982	
O1):-0.76	O2):34.055	
O1):-0.762	O2):32.249	
O1):-0.761	O2):31.907	
O1):-0.842	O2):47.183	
O1):-0.755	O2):31.618	
O1):-0.854	O2):49.481	
O1):-0.816	O2):37.766	
O1):-0.743	O2):33.05	
O1):-0.841	O2):48.258	
O1):-0.843	O2):48.505	
O1):-0.75	O2):32.702	
Starting PrismExecutor worker 1 on port 11401
Starting PrismExecutor worker 4 on port 11494
O1):-0.793	O2):36.573	
O1):-0.851	O2):48.59	
Connected worker 1 to port 11401
Connected worker 4 to port 11494
O1):-0.743	O2):31.479	
O1):-0.859	O2):54.151	
O1):-0.797	O2):37.15	
O1):-0.794	O2):35.5	
O1):-0.84	O2):47.921	
O1):-0.722	O2):27.763	
O1):-0.776	O2):33.043	
O1):-0.774	O2):33.084	
O1):-0.778	O2):34.212	
O1):-0.746	O2):31.265	
O1):-0.833	O2):44.086	
O1):-0.749	O2):32.393	
O1):-0.708	O2):27.431	
O1):-0.798	O2):41.468	
O1):-0.751	O2):32.839	
O1):-0.834	O2):47.531	
O1):-0.794	O2):36.591	
O1):-0.806	O2):38.152	
O1):-0.745	O2):31.147	
O1):-0.722	O2):27.818	
O1):-0.833	O2):43.643	
O1):-0.774	O2):33.033	
O1):-0.743	O2):30.113	
O1):-0.834	O2):43.797	
O1):-0.742	O2):35.854	
O1):-0.742	O2):30.11	
O1):-0.78	O2):33.424	
O1):-0.78	O2):33.502	
O1):-0.758	O2):31.393	
O1):-0.781	O2):33.45	
Evaluations:	2400
O1):-0.794	O2):36.518	
O1):-0.791	O2):37.183	
O1):-0.78	O2):33.424	
O1):-0.794	O2):34.144	
O1):-0.829	O2):43.498	
O1):-0.802	O2):38.275	
O1):-0.71	O2):27.626	
O1):-0.783	O2):36.967	
O1):-0.859	O2):54.151	
O1):-0.789	O2):34.123	
O1):-0.816	O2):37.966	
O1):-0.692	O2):27.264	
O1):-0.745	O2):31.28	
O1):-0.741	O2):29.335	
O1):-0.775	O2):32.766	
O1):-0.815	O2):37.748	
O1):-0.789	O2):34.331	
O1):-0.804	O2):38.252	
O1):-0.697	O2):26.828	
O1):-0.794	O2):36.518	
O1):-0.832	O2):43.036	
O1):-0.714	O2):27.387	
O1):-0.643	O2):26.471	
O1):-0.793	O2):36.827	
O1):-0.85	O2):48.289	
O1):-0.832	O2):43.039	
O1):-0.836	O2):49.32	
O1):-0.738	O2):29.128	
O1):-0.675	O2):26.801	
O1):-0.751	O2):31.764	
O1):-0.786	O2):33.93	
O1):-0.842	O2):49.268	
O1):-0.816	O2):37.829	
O1):-0.859	O2):54.152	
O1):-0.828	O2):43.323	
O1):-0.702	O2):27.132	
O1):-0.785	O2):38.224	
O1):-0.791	O2):34.183	
O1):-0.703	O2):27.242	
O1):-0.791	O2):34.323	
O1):-0.749	O2):34.222	
O1):-0.751	O2):32.401	
O1):-0.71	O2):30.226	
O1):-0.72	O2):27.772	
O1):-0.722	O2):27.818	
O1):-0.722	O2):28.538	
O1):-0.835	O2):46.866	
O1):-0.708	O2):27.443	
O1):-0.71	O2):27.695	
O1):-0.743	O2):31.121	
O1):-0.759	O2):32.077	
O1):-0.781	O2):38.891	
O1):-0.765	O2):32.224	
O1):-0.778	O2):32.966	
O1):-0.826	O2):43.327	
O1):-0.796	O2):37.697	
O1):-0.855	O2):54.3	
O1):-0.788	O2):37.602	
O1):-0.814	O2):37.756	
O1):-0.781	O2):36.67	
O1):-0.794	O2):37.026	
O1):-0.833	O2):43.492	
O1):-0.774	O2):32.749	
O1):-0.769	O2):32.447	
O1):-0.859	O2):54.151	
O1):-0.719	O2):28.106	
O1):-0.837	O2):44.139	
O1):-0.803	O2):37.774	
O1):-0.807	O2):38.495	
O1):-0.817	O2):38.022	
O1):-0.783	O2):33.809	
O1):-0.797	O2):35.741	
O1):-0.776	O2):32.939	
O1):-0.842	O2):47.183	
O1):-0.774	O2):35.46	
O1):-0.746	O2):31.265	
O1):-0.823	O2):43.134	
O1):-0.72	O2):28.544	
O1):-0.737	O2):34.613	
O1):-0.776	O2):32.939	
O1):-0.83	O2):44.308	
O1):-0.833	O2):43.617	
O1):-0.702	O2):27.132	
O1):-0.671	O2):26.53	
O1):-0.814	O2):37.667	
O1):-0.675	O2):26.738	
O1):-0.672	O2):26.515	
O1):-0.779	O2):33.198	
O1):-0.793	O2):34.55	
O1):-0.745	O2):31.155	
O1):-0.671	O2):26.53	
O1):-0.697	O2):26.873	
O1):-0.73	O2):29.108	
O1):-0.825	O2):43.429	
O1):-0.782	O2):39.093	
O1):-0.825	O2):42.504	
O1):-0.832	O2):42.558	
O1):-0.8	O2):37.941	
O1):-0.828	O2):44.014	
O1):-0.745	O2):31.147	
O1):-0.697	O2):26.874	
O1):-0.722	O2):27.818	
O1):-0.755	O2):32.986	
O1):-0.832	O2):43.546	
O1):-0.721	O2):28.558	
O1):-0.797	O2):34.712	
O1):-0.756	O2):31.62	
O1):-0.697	O2):26.873	
O1):-0.859	O2):54.151	
O1):-0.795	O2):34.681	
O1):-0.833	O2):43.341	
O1):-0.778	O2):33.233	
O1):-0.818	O2):38.524	
O1):-0.797	O2):37.15	
O1):-0.794	O2):35.461	
O1):-0.818	O2):40.529	
O1):-0.8	O2):37.53	
O1):-0.79	O2):34.205	
O1):-0.802	O2):37.676	
O1):-0.837	O2):44.534	
O1):-0.794	O2):36.518	
O1):-0.777	O2):33.285	
O1):-0.794	O2):36.518	
O1):-0.671	O2):26.524	
O1):-0.833	O2):44.904	
O1):-0.812	O2):39.422	
O1):-0.85	O2):48.289	
O1):-0.671	O2):26.524	
O1):-0.756	O2):35.528	
O1):-0.76	O2):31.732	
O1):-0.705	O2):27.433	
O1):-0.73	O2):29.17	
O1):-0.674	O2):26.732	
O1):-0.843	O2):49.418	
O1):-0.791	O2):34.183	
O1):-0.826	O2):42.912	
O1):-0.825	O2):42.504	
O1):-0.741	O2):31.193	
O1):-0.842	O2):48.532	
O1):-0.742	O2):30.11	
O1):-0.748	O2):32.3	
O1):-0.815	O2):37.813	
O1):-0.826	O2):43.457	
O1):-0.788	O2):37.38	
O1):-0.722	O2):27.818	
O1):-0.842	O2):49.275	
O1):-0.81	O2):39.047	
O1):-0.8	O2):37.42	
O1):-0.725	O2):28.176	
O1):-0.834	O2):43.641	
O1):-0.838	O2):44.62	
O1):-0.777	O2):39.454	
O1):-0.708	O2):27.431	
O1):-0.673	O2):26.824	
O1):-0.8	O2):38.438	
O1):-0.786	O2):33.918	
O1):-0.725	O2):29.039	
O1):-0.776	O2):37.72	
O1):-0.769	O2):33.295	
O1):-0.851	O2):48.606	
O1):-0.719	O2):28.106	
O1):-0.802	O2):37.919	
O1):-0.726	O2):30.946	
O1):-0.804	O2):38.394	
O1):-0.781	O2):33.759	
Starting PrismExecutor worker 3 on port 11403
O1):-0.816	O2):37.766	
O1):-0.734	O2):31.452	
Connected worker 3 to port 11403
O1):-0.8	O2):37.422	
O1):-0.829	O2):53.288	
O1):-0.754	O2):31.3	
O1):-0.764	O2):32.167	
O1):-0.77	O2):32.978	
O1):-0.746	O2):31.265	
O1):-0.761	O2):31.957	
O1):-0.722	O2):27.742	
O1):-0.817	O2):38.022	
O1):-0.801	O2):37.342	
O1):-0.784	O2):33.789	
O1):-0.843	O2):48.505	
O1):-0.761	O2):31.908	
O1):-0.719	O2):27.717	
O1):-0.815	O2):39.885	
O1):-0.834	O2):44.984	
O1):-0.815	O2):37.742	
O1):-0.787	O2):39.293	
O1):-0.749	O2):35.337	
O1):-0.781	O2):33.384	
O1):-0.849	O2):49.534	
O1):-0.804	O2):53.248	
O1):-0.818	O2):43.393	
O1):-0.853	O2):49.184	
O1):-0.643	O2):26.472	
Evaluations:	2200
O1):-0.851	O2):48.59	
O1):-0.761	O2):31.956	
O1):-0.796	O2):36.845	
O1):-0.742	O2):30.11	
O1):-0.852	O2):50.311	
O1):-0.777	O2):33.285	
O1):-0.768	O2):32.575	
Evaluations:	2300
O1):-0.756	O2):31.381	
O1):-0.825	O2):42.504	
O1):-0.77	O2):33.682	
O1):-0.784	O2):34.222	
O1):-0.702	O2):27.132	
O1):-0.723	O2):28.226	
O1):-0.842	O2):48.532	
O1):-0.795	O2):34.173	
O1):-0.727	O2):28.733	
O1):-0.774	O2):36.41	
O1):-0.74	O2):31.086	
O1):-0.776	O2):35.329	
O1):-0.758	O2):31.555	
O1):-0.767	O2):32.61	
O1):-0.793	O2):34.794	
O1):-0.73	O2):31.436	
O1):-0.799	O2):41.278	
O1):-0.85	O2):49.919	
O1):-0.763	O2):32.197	
O1):-0.835	O2):43.815	
O1):-0.776	O2):36.219	
O1):-0.788	O2):37.602	
O1):-0.838	O2):44.62	
O1):-0.784	O2):33.789	
O1):-0.849	O2):49.534	
O1):-0.801	O2):42.634	
O1):-0.813	O2):39.552	
O1):-0.78	O2):33.506	
O1):-0.842	O2):49.268	
O1):-0.84	O2):47.921	
O1):-0.722	O2):29.026	
O1):-0.703	O2):27.242	
O1):-0.772	O2):32.388	
O1):-0.818	O2):38.524	
O1):-0.858	O2):53.864	
O1):-0.703	O2):27.242	
O1):-0.854	O2):58.579	
O1):-0.738	O2):29.129	
O1):-0.85	O2):48.083	
O1):-0.828	O2):43.323	
O1):-0.835	O2):43.815	
O1):-0.853	O2):48.894	
O1):-0.756	O2):31.62	
O1):-0.825	O2):42.504	
O1):-0.755	O2):31.348	
O1):-0.795	O2):37.121	
O1):-0.825	O2):43.689	
O1):-0.836	O2):57.874	
O1):-0.832	O2):42.558	
O1):-0.777	O2):33.285	
O1):-0.746	O2):32.326	
O1):-0.768	O2):33.092	
O1):-0.747	O2):30.287	
O1):-0.795	O2):34.137	
O1):-0.863	O2):54.294	
O1):-0.793	O2):36.827	
O1):-0.817	O2):38.107	
O1):-0.817	O2):38.022	
O1):-0.714	O2):27.387	
O1):-0.773	O2):32.418	
Starting PrismExecutor worker 2 on port 11402
O1):-0.776	O2):32.866	
O1):-0.766	O2):32.42	
Connected worker 2 to port 11402
O1):-0.84	O2):47.921	
O1):-0.784	O2):38.612	
O1):-0.817	O2):37.908	
O1):-0.772	O2):32.74	
O1):-0.722	O2):27.818	
O1):-0.777	O2):35.967	
O1):-0.853	O2):49.17	
O1):-0.759	O2):31.464	
O1):-0.702	O2):27.211	
O1):-0.769	O2):32.447	
O1):-0.801	O2):37.508	
O1):-0.709	O2):28.522	
O1):-0.801	O2):37.521	
O1):-0.862	O2):54.879	
O1):-0.832	O2):43.546	
O1):-0.772	O2):32.369	
O1):-0.702	O2):27.095	
O1):-0.79	O2):33.778	
O1):-0.782	O2):33.779	
O1):-0.818	O2):38.363	
O1):-0.76	O2):31.771	
O1):-0.737	O2):31.478	
O1):-0.761	O2):31.957	
O1):-0.775	O2):32.861	
O1):-0.757	O2):31.564	
O1):-0.834	O2):47.527	
O1):-0.717	O2):27.667	
O1):-0.85	O2):48.083	
O1):-0.671	O2):26.524	
O1):-0.858	O2):53.865	
O1):-0.828	O2):43.372	
O1):-0.759	O2):31.56	
O1):-0.795	O2):35.52	
O1):-0.759	O2):31.736	
O1):-0.774	O2):36.438	
O1):-0.835	O2):43.815	
O1):-0.702	O2):27.226	
O1):-0.75	O2):31.835	
O1):-0.803	O2):37.864	
O1):-0.708	O2):27.432	
O1):-0.832	O2):43.107	
O1):-0.833	O2):44.085	
O1):-0.721	O2):27.772	
O1):-0.73	O2):31.243	
O1):-0.742	O2):30.11	
O1):-0.842	O2):48.532	
O1):-0.818	O2):38.372	
O1):-0.783	O2):33.416	
O1):-0.844	O2):49.129	
O1):-0.726	O2):30.955	
O1):-0.818	O2):38.331	
O1):-0.689	O2):27.022	
O1):-0.833	O2):43.593	
O1):-0.807	O2):38.537	
O1):-0.742	O2):30.11	
O1):-0.767	O2):32.651	
O1):-0.759	O2):31.56	
O1):-0.819	O2):42.479	
O1):-0.748	O2):32.095	
O1):-0.739	O2):29.334	
O1):-0.778	O2):33.239	
O1):-0.776	O2):32.939	
O1):-0.705	O2):27.432	
O1):-0.809	O2):41.146	
O1):-0.818	O2):38.317	
O1):-0.841	O2):48.393	
O1):-0.689	O2):27.022	
O1):-0.84	O2):47.921	
O1):-0.807	O2):38.566	
O1):-0.757	O2):31.611	
O1):-0.675	O2):26.801	
O1):-0.815	O2):39.816	
O1):-0.841	O2):47.862	
O1):-0.757	O2):36.414	
O1):-0.802	O2):37.854	
O1):-0.816	O2):37.851	
O1):-0.742	O2):30.11	
O1):-0.81	O2):38.724	
O1):-0.745	O2):30.217	
O1):-0.767	O2):33.124	
O1):-0.802	O2):37.336	
O1):-0.778	O2):33.186	
O1):-0.819	O2):38.661	
O1):-0.767	O2):32.942	
O1):-0.776	O2):32.875	
O1):-0.712	O2):28.504	
O1):-0.779	O2):33.575	
O1):-0.787	O2):34.92	
O1):-0.845	O2):49.994	
O1):-0.794	O2):37.74	
O1):-0.804	O2):37.974	
O1):-0.747	O2):32.148	
O1):-0.81	O2):38.731	
O1):-0.675	O2):26.801	
O1):-0.85	O2):49.919	
O1):-0.79	O2):34.169	
Starting PrismExecutor worker 1 on port 11461
Connected worker 1 to port 11461
O1):-0.786	O2):33.629	
O1):-0.786	O2):33.628	
O1):-0.8	O2):37.941	
O1):-0.753	O2):32.829	
O1):-0.801	O2):38.037	
O1):-0.816	O2):37.895	
O1):-0.764	O2):33.697	
O1):-0.801	O2):37.508	
O1):-0.697	O2):26.873	
O1):-0.756	O2):31.62	
O1):-0.722	O2):27.818	
O1):-0.795	O2):36.824	
O1):-0.756	O2):31.62	
O1):-0.781	O2):33.32	
O1):-0.779	O2):38.741	
O1):-0.853	O2):49.17	
O1):-0.817	O2):42.057	
O1):-0.817	O2):42.129	
O1):-0.762	O2):31.989	
O1):-0.858	O2):54.129	
O1):-0.82	O2):42.68	
O1):-0.793	O2):36.503	
O1):-0.759	O2):31.616	
O1):-0.789	O2):34.978	
O1):-0.833	O2):43.644	
O1):-0.714	O2):27.387	
O1):-0.746	O2):31.362	
O1):-0.742	O2):29.276	
O1):-0.701	O2):26.898	
O1):-0.79	O2):34.816	
O1):-0.817	O2):38.109	
O1):-0.792	O2):36.519	
O1):-0.859	O2):54.241	
O1):-0.801	O2):35.653	
O1):-0.777	O2):39.454	
O1):-0.781	O2):33.761	
O1):-0.828	O2):43.372	
O1):-0.815	O2):37.794	
O1):-0.728	O2):28.99	
O1):-0.815	O2):37.742	
O1):-0.759	O2):32.077	
O1):-0.807	O2):38.716	
O1):-0.723	O2):28.226	
O1):-0.751	O2):32.278	
O1):-0.796	O2):36.558	
O1):-0.7	O2):27.187	
O1):-0.709	O2):27.667	
O1):-0.776	O2):32.939	
O1):-0.837	O2):49.154	
O1):-0.747	O2):30.287	
O1):-0.772	O2):32.369	
O1):-0.784	O2):33.965	
O1):-0.82	O2):42.709	
O1):-0.769	O2):32.872	
O1):-0.703	O2):27.738	
O1):-0.849	O2):49.534	
O1):-0.738	O2):29.129	
O1):-0.697	O2):26.883	
O1):-0.825	O2):42.633	
O1):-0.708	O2):27.431	
O1):-0.787	O2):34.104	
O1):-0.81	O2):38.722	
O1):-0.803	O2):38.041	
O1):-0.723	O2):28.791	
O1):-0.743	O2):30.113	
O1):-0.701	O2):27.2	
O1):-0.82	O2):38.706	
O1):-0.859	O2):54.153	
O1):-0.724	O2):28.351	
O1):-0.726	O2):30.934	
O1):-0.836	O2):43.37	
O1):-0.859	O2):53.205	
O1):-0.786	O2):37.732	
O1):-0.858	O2):54.129	
O1):-0.838	O2):44.62	
O1):-0.819	O2):38.459	
O1):-0.852	O2):50.14	
O1):-0.771	O2):32.646	
O1):-0.759	O2):31.552	
O1):-0.81	O2):38.722	
O1):-0.822	O2):39.192	
O1):-0.836	O2):43.37	
O1):-0.786	O2):40.753	
O1):-0.793	O2):36.888	
O1):-0.816	O2):37.766	
O1):-0.73	O2):29.108	
O1):-0.862	O2):54.097	
O1):-0.807	O2):38.537	
O1):-0.817	O2):38.022	
O1):-0.783	O2):33.81	
O1):-0.7	O2):27.189	
O1):-0.722	O2):27.818	
O1):-0.758	O2):31.887	
O1):-0.825	O2):42.495	
O1):-0.746	O2):32.326	
O1):-0.832	O2):43.548	
O1):-0.859	O2):54.151	
O1):-0.801	O2):37.437	
O1):-0.825	O2):42.654	
O1):-0.797	O2):36.865	
O1):-0.759	O2):32.077	
O1):-0.807	O2):38.537	
O1):-0.859	O2):54.151	
O1):-0.835	O2):46.872	
Starting PrismExecutor worker 1 on port 11441
O1):-0.675	O2):26.738	
Connected worker 1 to port 11441
O1):-0.832	O2):42.558	
O1):-0.692	O2):27.264	
O1):-0.762	O2):32.249	
O1):-0.825	O2):42.706	
O1):-0.761	O2):31.957	
O1):-0.773	O2):32.527	
O1):-0.824	O2):42.469	
O1):-0.74	O2):29.437	
O1):-0.817	O2):40.256	
O1):-0.765	O2):32.198	
O1):-0.706	O2):27.516	
O1):-0.701	O2):26.898	
O1):-0.71	O2):27.695	
O1):-0.801	O2):37.562	
O1):-0.743	O2):30.114	
O1):-0.703	O2):27.683	
O1):-0.728	O2):28.976	
O1):-0.811	O2):41.411	
O1):-0.71	O2):27.695	
O1):-0.775	O2):32.766	
O1):-0.854	O2):58.578	
O1):-0.784	O2):33.656	
O1):-0.782	O2):33.721	
O1):-0.833	O2):42.511	
O1):-0.825	O2):42.786	
O1):-0.793	O2):36.467	
O1):-0.77	O2):33.929	
O1):-0.702	O2):27.095	
O1):-0.782	O2):33.378	
O1):-0.82	O2):42.709	
O1):-0.776	O2):32.931	
O1):-0.824	O2):42.469	
O1):-0.798	O2):35.019	
O1):-0.787	O2):34.052	
O1):-0.759	O2):31.736	
O1):-0.804	O2):38.141	
O1):-0.794	O2):37.026	
O1):-0.784	O2):33.789	
O1):-0.825	O2):43.809	
O1):-0.775	O2):33.048	
O1):-0.792	O2):35.179	
O1):-0.776	O2):32.872	
O1):-0.705	O2):28.158	
O1):-0.792	O2):37.383	
O1):-0.803	O2):37.863	
O1):-0.838	O2):44.62	
O1):-0.828	O2):43.977	
O1):-0.671	O2):26.488	
O1):-0.671	O2):26.489	
O1):-0.825	O2):42.504	
O1):-0.791	O2):34.323	
O1):-0.798	O2):37.053	
O1):-0.728	O2):28.976	
O1):-0.787	O2):34.712	
O1):-0.704	O2):27.221	
O1):-0.787	O2):34.052	
O1):-0.741	O2):31.077	
O1):-0.8	O2):37.222	
O1):-0.7	O2):27.187	
O1):-0.786	O2):34.094	
O1):-0.701	O2):26.898	
O1):-0.836	O2):44.16	
O1):-0.854	O2):58.578	
O1):-0.806	O2):38.817	
O1):-0.762	O2):31.901	
O1):-0.775	O2):32.861	
O1):-0.837	O2):49.493	
O1):-0.76	O2):32.329	
O1):-0.776	O2):33.083	
O1):-0.776	O2):32.931	
O1):-0.727	O2):31.018	
O1):-0.797	O2):34.795	
O1):-0.826	O2):42.912	
O1):-0.789	O2):34.978	
O1):-0.82	O2):38.84	
O1):-0.818	O2):40.365	
O1):-0.78	O2):33.233	
O1):-0.761	O2):31.865	
O1):-0.797	O2):37.15	
O1):-0.854	O2):58.578	
O1):-0.8	O2):35.519	
O1):-0.759	O2):32.394	
O1):-0.8	O2):35.519	
O1):-0.758	O2):31.33	
O1):-0.771	O2):33.603	
O1):-0.804	O2):38.807	
O1):-0.772	O2):32.601	
O1):-0.822	O2):43.395	
O1):-0.85	O2):49.919	
O1):-0.733	O2):28.728	
O1):-0.781	O2):33.614	
O1):-0.697	O2):26.873	
O1):-0.833	O2):44.085	
O1):-0.796	O2):40.316	
O1):-0.82	O2):42.709	
O1):-0.851	O2):49.988	
O1):-0.817	O2):37.908	
O1):-0.818	O2):39.404	
O1):-0.779	O2):33.518	
O1):-0.815	O2):38.948	
O1):-0.701	O2):27.201	
O1):-0.78	O2):33.502	
O1):-0.851	O2):49.959	
O1):-0.792	O2):36.754	
O1):-0.746	O2):31.361	
O1):-0.825	O2):42.504	
O1):-0.826	O2):42.804	
O1):-0.809	O2):38.759	
O1):-0.795	O2):34.137	
O1):-0.728	O2):28.976	
O1):-0.79	O2):34.334	
O1):-0.836	O2):43.37	
O1):-0.789	O2):35.096	
O1):-0.761	O2):31.958	
O1):-0.76	O2):31.684	
O1):-0.776	O2):32.872	
O1):-0.768	O2):32.579	
O1):-0.797	O2):35.807	
O1):-0.696	O2):26.818	
O1):-0.74	O2):31.112	
O1):-0.85	O2):48.083	
O1):-0.815	O2):37.742	
O1):-0.818	O2):38.238	
O1):-0.825	O2):42.495	
O1):-0.794	O2):36.693	
O1):-0.759	O2):34.0	
O1):-0.817	O2):44.548	
O1):-0.772	O2):40.639	
O1):-0.765	O2):32.568	
O1):-0.784	O2):38.743	
O1):-0.844	O2):48.641	
O1):-0.741	O2):31.144	
O1):-0.791	O2):34.544	
O1):-0.74	O2):29.384	
O1):-0.858	O2):54.129	
O1):-0.757	O2):31.787	
O1):-0.738	O2):29.128	
O1):-0.786	O2):33.628	
O1):-0.844	O2):48.641	
O1):-0.746	O2):31.244	
O1):-0.778	O2):33.184	
O1):-0.708	O2):27.432	
O1):-0.778	O2):38.863	
O1):-0.818	O2):38.331	
O1):-0.817	O2):37.908	
O1):-0.789	O2):34.312	
O1):-0.817	O2):42.044	
O1):-0.777	O2):33.287	
O1):-0.849	O2):49.534	
O1):-0.831	O2):44.568	
O1):-0.734	O2):28.644	
O1):-0.745	O2):31.241	
O1):-0.786	O2):33.957	
O1):-0.828	O2):43.372	
O1):-0.675	O2):26.764	
O1):-0.735	O2):30.727	
O1):-0.775	O2):33.048	
O1):-0.814	O2):39.666	
O1):-0.689	O2):27.022	
O1):-0.817	O2):42.044	
O1):-0.773	O2):32.53	
O1):-0.719	O2):27.75	
O1):-0.851	O2):48.585	
O1):-0.82	O2):38.84	
O1):-0.843	O2):48.505	
O1):-0.787	O2):34.03	
O1):-0.722	O2):28.015	
O1):-0.73	O2):31.243	
O1):-0.787	O2):34.102	
O1):-0.759	O2):31.562	
O1):-0.818	O2):38.238	
O1):-0.803	O2):37.863	
O1):-0.741	O2):31.144	
O1):-0.833	O2):44.086	
O1):-0.673	O2):26.824	
O1):-0.82	O2):38.994	
O1):-0.811	O2):38.981	
O1):-0.772	O2):32.74	
O1):-0.774	O2):32.749	
O1):-0.783	O2):33.87	
O1):-0.722	O2):31.645	
O1):-0.842	O2):47.183	
O1):-0.851	O2):48.59	
O1):-0.741	O2):31.139	
O1):-0.705	O2):27.416	
O1):-0.824	O2):42.47	
O1):-0.781	O2):33.763	
O1):-0.82	O2):42.709	
O1):-0.823	O2):43.134	
O1):-0.82	O2):39.16	
O1):-0.759	O2):31.616	
O1):-0.78	O2):45.923	
O1):-0.76	O2):31.66	
Evaluations:	2500
O1):-0.833	O2):43.595	
O1):-0.788	O2):34.355	
O1):-0.759	O2):32.077	
O1):-0.824	O2):42.469	
O1):-0.778	O2):33.066	
O1):-0.797	O2):34.712	
O1):-0.768	O2):32.575	
O1):-0.8	O2):41.122	
O1):-0.766	O2):32.42	
O1):-0.803	O2):37.774	
O1):-0.842	O2):48.077	
O1):-0.825	O2):42.513	
O1):-0.808	O2):39.16	
O1):-0.741	O2):31.077	
O1):-0.728	O2):28.976	
O1):-0.719	O2):27.717	
O1):-0.842	O2):47.183	
O1):-0.812	O2):39.999	
O1):-0.696	O2):26.818	
O1):-0.716	O2):27.878	
O1):-0.768	O2):32.575	
O1):-0.705	O2):27.416	
O1):-0.763	O2):34.424	
O1):-0.767	O2):34.284	
O1):-0.766	O2):32.426	
O1):-0.818	O2):38.317	
O1):-0.816	O2):37.853	
O1):-0.692	O2):27.22	
O1):-0.815	O2):37.793	
O1):-0.743	O2):31.121	
O1):-0.789	O2):35.096	
O1):-0.789	O2):35.096	
O1):-0.767	O2):32.628	
O1):-0.825	O2):42.706	
O1):-0.766	O2):33.78	
O1):-0.767	O2):34.759	
O1):-0.793	O2):36.471	
O1):-0.775	O2):33.048	
O1):-0.842	O2):48.077	
O1):-0.741	O2):31.144	
O1):-0.745	O2):33.267	
O1):-0.772	O2):32.698	
O1):-0.799	O2):37.922	
O1):-0.766	O2):32.42	
O1):-0.832	O2):43.546	
O1):-0.801	O2):37.584	
O1):-0.824	O2):43.174	
O1):-0.707	O2):27.414	
O1):-0.835	O2):45.338	
O1):-0.818	O2):38.363	
O1):-0.756	O2):31.3	
O1):-0.705	O2):28.158	
O1):-0.705	O2):27.416	
O1):-0.772	O2):33.525	
O1):-0.795	O2):37.121	
O1):-0.76	O2):31.642	
O1):-0.787	O2):34.052	
O1):-0.76	O2):32.58	
O1):-0.794	O2):35.5	
O1):-0.751	O2):32.282	
O1):-0.714	O2):28.389	
O1):-0.802	O2):37.675	
O1):-0.788	O2):34.355	
O1):-0.85	O2):49.919	
Evaluations:	2500
Starting PrismExecutor worker 5 on port 11485
O1):-0.802	O2):37.851	
O1):-0.71	O2):27.695	
Connected worker 5 to port 11485
O1):-0.739	O2):29.354	
O1):-0.764	O2):33.958	
O1):-0.762	O2):32.422	
O1):-0.84	O2):48.237	
O1):-0.824	O2):42.436	
O1):-0.693	O2):27.235	
O1):-0.745	O2):31.147	
O1):-0.806	O2):41.761	
O1):-0.811	O2):39.018	
O1):-0.675	O2):26.801	
O1):-0.825	O2):42.474	
O1):-0.804	O2):38.149	
Evaluations:	2800
Starting PrismExecutor worker 0 on port 11440
O1):-0.832	O2):42.492	
O1):-0.673	O2):26.824	
Connected worker 0 to port 11440
O1):-0.834	O2):48.993	
O1):-0.71	O2):27.695	
O1):-0.791	O2):34.299	
O1):-0.674	O2):26.732	
O1):-0.817	O2):37.908	
O1):-0.841	O2):49.258	
O1):-0.795	O2):37.121	
O1):-0.759	O2):31.56	
O1):-0.778	O2):33.184	
O1):-0.819	O2):38.653	
O1):-0.776	O2):32.931	
O1):-0.782	O2):33.781	
O1):-0.78	O2):33.42	
O1):-0.741	O2):31.139	
O1):-0.774	O2):32.962	
O1):-0.741	O2):31.139	
O1):-0.834	O2):43.418	
O1):-0.709	O2):27.667	
O1):-0.834	O2):44.934	
O1):-0.78	O2):33.601	
O1):-0.834	O2):44.933	
O1):-0.834	O2):44.933	
O1):-0.803	O2):38.041	
O1):-0.834	O2):43.749	
O1):-0.834	O2):44.934	
O1):-0.747	O2):30.287	
O1):-0.801	O2):37.704	
O1):-0.817	O2):42.044	
Evaluations:	2400
O1):-0.754	O2):31.3	
O1):-0.784	O2):33.965	
O1):-0.818	O2):38.39	
O1):-0.802	O2):43.605	
O1):-0.78	O2):33.62	
O1):-0.788	O2):34.355	
Starting PrismExecutor worker 1 on port 11471
O1):-0.746	O2):32.326	
Connected worker 1 to port 11471
O1):-0.796	O2):36.845	
O1):-0.659	O2):27.36	
O1):-0.801	O2):37.645	
O1):-0.819	O2):38.667	
O1):-0.701	O2):27.201	
Evaluations:	2600
O1):-0.793	O2):35.258	
O1):-0.781	O2):33.32	
O1):-0.734	O2):28.643	
O1):-0.836	O2):43.37	
O1):-0.76	O2):31.771	
O1):-0.765	O2):32.224	
O1):-0.745	O2):31.147	
O1):-0.718	O2):27.767	
O1):-0.783	O2):33.732	
O1):-0.803	O2):39.641	
O1):-0.725	O2):28.176	
O1):-0.813	O2):39.552	
O1):-0.776	O2):33.106	
O1):-0.748	O2):31.395	
O1):-0.832	O2):42.558	
O1):-0.727	O2):28.732	
O1):-0.781	O2):33.585	
O1):-0.852	O2):50.311	
O1):-0.641	O2):26.461	
O1):-0.842	O2):48.557	
O1):-0.76	O2):31.684	
O1):-0.831	O2):42.9	
O1):-0.837	O2):57.982	
O1):-0.768	O2):32.58	
O1):-0.781	O2):33.766	
O1):-0.792	O2):35.179	
O1):-0.825	O2):42.504	
O1):-0.759	O2):31.465	
O1):-0.76	O2):32.329	
O1):-0.705	O2):27.17	
O1):-0.842	O2):49.268	
O1):-0.725	O2):28.176	
O1):-0.746	O2):32.326	
O1):-0.797	O2):35.827	
O1):-0.824	O2):43.174	
O1):-0.804	O2):38.149	
O1):-0.703	O2):27.738	
O1):-0.694	O2):27.278	
O1):-0.818	O2):38.238	
O1):-0.859	O2):54.241	
O1):-0.817	O2):37.908	
O1):-0.761	O2):31.957	
O1):-0.673	O2):26.725	
O1):-0.815	O2):37.742	
O1):-0.817	O2):42.044	
O1):-0.801	O2):37.508	
O1):-0.801	O2):37.521	
O1):-0.854	O2):58.578	
O1):-0.791	O2):34.309	
O1):-0.767	O2):34.218	
O1):-0.707	O2):27.408	
O1):-0.778	O2):33.421	
O1):-0.673	O2):26.824	
O1):-0.816	O2):37.766	
O1):-0.756	O2):38.805	
O1):-0.803	O2):37.774	
O1):-0.826	O2):43.458	
O1):-0.842	O2):49.268	
O1):-0.853	O2):48.894	
O1):-0.778	O2):33.162	
O1):-0.711	O2):30.28	
O1):-0.692	O2):27.264	
O1):-0.816	O2):37.766	
O1):-0.719	O2):27.717	
O1):-0.79	O2):34.78	
O1):-0.719	O2):27.746	
O1):-0.784	O2):38.61	
O1):-0.72	O2):27.749	
O1):-0.784	O2):34.222	
O1):-0.726	O2):30.938	
O1):-0.806	O2):38.152	
O1):-0.818	O2):40.65	
O1):-0.817	O2):37.888	
O1):-0.823	O2):43.107	
O1):-0.85	O2):48.083	
O1):-0.701	O2):26.884	
O1):-0.776	O2):35.691	
O1):-0.716	O2):27.607	
O1):-0.738	O2):29.127	
O1):-0.831	O2):44.581	
O1):-0.76	O2):31.732	
O1):-0.806	O2):38.152	
O1):-0.762	O2):32.127	
O1):-0.834	O2):47.527	
O1):-0.851	O2):48.585	
O1):-0.758	O2):31.393	
O1):-0.79	O2):33.768	
O1):-0.854	O2):58.578	
O1):-0.811	O2):39.347	
O1):-0.709	O2):27.667	
O1):-0.833	O2):43.435	
O1):-0.832	O2):44.216	
O1):-0.797	O2):36.966	
O1):-0.761	O2):31.948	
O1):-0.775	O2):33.048	
Starting PrismExecutor worker 4 on port 11484
Connected worker 4 to port 11484
O1):-0.833	O2):44.086	
O1):-0.707	O2):27.414	
O1):-0.776	O2):32.762	
O1):-0.79	O2):34.205	
O1):-0.834	O2):43.418	
O1):-0.765	O2):32.224	
O1):-0.803	O2):37.864	
O1):-0.79	O2):37.505	
O1):-0.832	O2):42.558	
O1):-0.69	O2):27.266	
O1):-0.78	O2):33.701	
O1):-0.811	O2):39.498	
O1):-0.792	O2):35.179	
O1):-0.791	O2):34.309	
O1):-0.801	O2):37.342	
O1):-0.756	O2):31.62	
O1):-0.817	O2):37.908	
O1):-0.723	O2):28.245	
O1):-0.834	O2):47.527	
O1):-0.794	O2):35.5	
O1):-0.762	O2):33.786	
O1):-0.764	O2):32.163	
O1):-0.818	O2):38.363	
O1):-0.803	O2):37.774	
O1):-0.797	O2):35.741	
O1):-0.825	O2):42.504	
O1):-0.742	O2):30.11	
O1):-0.825	O2):42.495	
O1):-0.674	O2):26.743	
O1):-0.799	O2):37.324	
O1):-0.762	O2):32.249	
O1):-0.788	O2):39.607	
O1):-0.733	O2):32.214	
O1):-0.76	O2):31.643	
O1):-0.763	O2):32.159	
O1):-0.758	O2):31.91	
O1):-0.712	O2):28.504	
O1):-0.802	O2):37.675	
Evaluations:	2700
O1):-0.8	O2):37.941	
O1):-0.797	O2):37.15	
O1):-0.776	O2):32.852	
O1):-0.761	O2):31.957	
O1):-0.78	O2):33.601	
O1):-0.836	O2):43.37	
O1):-0.76	O2):31.77	
O1):-0.791	O2):34.323	
O1):-0.791	O2):34.309	
O1):-0.757	O2):33.114	
O1):-0.762	O2):33.703	
O1):-0.817	O2):40.269	
O1):-0.697	O2):26.873	
O1):-0.797	O2):36.965	
O1):-0.795	O2):36.827	
O1):-0.827	O2):43.036	
O1):-0.797	O2):37.15	
O1):-0.845	O2):49.994	
O1):-0.825	O2):42.498	
O1):-0.818	O2):38.317	
O1):-0.85	O2):48.289	
O1):-0.816	O2):39.101	
O1):-0.705	O2):27.398	
O1):-0.818	O2):38.317	
O1):-0.703	O2):27.738	
O1):-0.842	O2):47.183	
O1):-0.709	O2):27.727	
O1):-0.776	O2):32.931	
O1):-0.834	O2):47.527	
O1):-0.759	O2):31.744	
O1):-0.765	O2):32.601	
O1):-0.742	O2):30.11	
O1):-0.768	O2):32.575	
O1):-0.78	O2):33.496	
O1):-0.837	O2):44.139	
O1):-0.797	O2):36.966	
O1):-0.765	O2):32.383	
O1):-0.749	O2):31.554	
O1):-0.747	O2):31.513	
O1):-0.742	O2):30.167	
O1):-0.835	O2):43.894	
O1):-0.776	O2):35.972	
O1):-0.855	O2):54.3	
O1):-0.837	O2):44.536	
O1):-0.745	O2):30.407	
O1):-0.781	O2):33.759	
O1):-0.791	O2):37.349	
O1):-0.835	O2):44.024	
O1):-0.765	O2):32.199	
O1):-0.82	O2):38.814	
O1):-0.795	O2):36.769	
O1):-0.817	O2):40.228	
O1):-0.762	O2):32.736	
O1):-0.817	O2):37.888	
O1):-0.641	O2):26.46	
O1):-0.79	O2):36.742	
O1):-0.755	O2):32.986	
O1):-0.826	O2):42.912	
O1):-0.763	O2):32.196	
O1):-0.714	O2):30.689	
O1):-0.772	O2):32.388	
O1):-0.719	O2):27.749	
O1):-0.817	O2):37.908	
O1):-0.689	O2):27.022	
O1):-0.77	O2):33.912	
O1):-0.781	O2):33.32	
O1):-0.788	O2):34.951	
O1):-0.641	O2):26.46	
O1):-0.797	O2):37.705	
O1):-0.765	O2):32.884	
O1):-0.782	O2):33.788	
O1):-0.859	O2):53.205	
O1):-0.72	O2):27.772	
O1):-0.722	O2):29.026	
O1):-0.791	O2):34.183	
O1):-0.817	O2):38.022	
O1):-0.82	O2):38.706	
O1):-0.724	O2):28.318	
O1):-0.727	O2):31.1	
O1):-0.77	O2):33.647	
O1):-0.851	O2):49.988	
O1):-0.773	O2):33.561	
O1):-0.795	O2):34.137	
O1):-0.798	O2):37.403	
O1):-0.797	O2):37.15	
O1):-0.779	O2):33.401	
O1):-0.834	O2):43.649	
O1):-0.736	O2):32.946	
O1):-0.691	O2):30.265	
Evaluations:	2500
O1):-0.714	O2):28.389	
O1):-0.853	O2):49.17	
O1):-0.747	O2):30.287	
Evaluations:	2400
Starting PrismExecutor worker 2 on port 11472
O1):-0.767	O2):32.61	
Connected worker 2 to port 11472
O1):-0.689	O2):27.022	
O1):-0.794	O2):35.461	
O1):-0.777	O2):36.192	
O1):-0.705	O2):27.464	
O1):-0.787	O2):34.87	
O1):-0.727	O2):31.035	
O1):-0.778	O2):33.165	
O1):-0.842	O2):47.183	
O1):-0.745	O2):30.408	
O1):-0.845	O2):49.335	
O1):-0.781	O2):33.456	
O1):-0.801	O2):37.437	
O1):-0.834	O2):43.418	
O1):-0.834	O2):47.527	
O1):-0.796	O2):41.337	
O1):-0.801	O2):37.342	
O1):-0.855	O2):54.305	
O1):-0.859	O2):54.152	
O1):-0.761	O2):31.865	
O1):-0.85	O2):48.083	
O1):-0.842	O2):48.553	
O1):-0.858	O2):54.129	
O1):-0.783	O2):33.416	
O1):-0.794	O2):43.781	
O1):-0.804	O2):38.569	
O1):-0.824	O2):42.469	
O1):-0.821	O2):42.892	
O1):-0.794	O2):37.026	
O1):-0.702	O2):27.096	
O1):-0.833	O2):42.511	
O1):-0.741	O2):31.144	
O1):-0.759	O2):31.56	
O1):-0.761	O2):31.865	
O1):-0.76	O2):33.532	
O1):-0.769	O2):38.211	
O1):-0.826	O2):44.564	
O1):-0.819	O2):38.661	
O1):-0.835	O2):48.184	
O1):-0.835	O2):44.024	
O1):-0.751	O2):31.732	
O1):-0.801	O2):37.437	
O1):-0.76	O2):31.771	
O1):-0.808	O2):38.718	
O1):-0.834	O2):43.609	
O1):-0.72	O2):27.772	
O1):-0.775	O2):32.536	
O1):-0.801	O2):35.652	
O1):-0.723	O2):28.245	
O1):-0.709	O2):28.484	
O1):-0.763	O2):32.154	
O1):-0.741	O2):31.139	
O1):-0.834	O2):43.609	
O1):-0.758	O2):31.91	
O1):-0.794	O2):34.572	
O1):-0.815	O2):39.801	
O1):-0.836	O2):57.874	
O1):-0.717	O2):27.667	
O1):-0.689	O2):27.022	
O1):-0.779	O2):38.316	
Starting PrismExecutor worker 2 on port 11442
O1):-0.763	O2):32.202	
O1):-0.792	O2):35.179	
Connected worker 2 to port 11442
O1):-0.779	O2):33.401	
O1):-0.795	O2):34.171	
O1):-0.786	O2):33.918	
O1):-0.75	O2):32.387	
O1):-0.797	O2):35.748	
O1):-0.779	O2):33.171	
O1):-0.831	O2):42.9	
O1):-0.726	O2):30.94	
O1):-0.752	O2):32.692	
O1):-0.785	O2):34.29	
O1):-0.745	O2):30.407	
O1):-0.776	O2):34.394	
O1):-0.704	O2):27.131	
O1):-0.85	O2):49.919	
O1):-0.767	O2):32.609	
O1):-0.844	O2):48.641	
O1):-0.781	O2):33.759	
O1):-0.818	O2):38.524	
O1):-0.671	O2):26.53	
O1):-0.756	O2):31.62	
O1):-0.77	O2):33.902	
O1):-0.79	O2):37.605	
O1):-0.673	O2):26.824	
O1):-0.804	O2):38.141	
O1):-0.837	O2):44.278	
O1):-0.724	O2):28.267	
O1):-0.807	O2):39.674	
O1):-0.721	O2):27.723	
O1):-0.818	O2):38.317	
O1):-0.71	O2):27.664	
O1):-0.834	O2):47.527	
O1):-0.81	O2):38.722	
O1):-0.797	O2):35.543	
O1):-0.775	O2):32.758	
O1):-0.767	O2):32.61	
O1):-0.774	O2):33.084	
O1):-0.765	O2):32.198	
O1):-0.801	O2):37.584	
O1):-0.725	O2):28.176	
O1):-0.851	O2):48.59	
O1):-0.711	O2):27.732	
O1):-0.784	O2):33.656	
O1):-0.782	O2):33.497	
O1):-0.805	O2):38.27	
O1):-0.859	O2):54.257	
O1):-0.733	O2):28.728	
O1):-0.757	O2):33.096	
O1):-0.826	O2):43.909	
O1):-0.8	O2):37.308	
O1):-0.753	O2):32.81	
O1):-0.743	O2):31.121	
O1):-0.765	O2):32.198	
O1):-0.826	O2):43.456	
O1):-0.72	O2):28.307	
O1):-0.701	O2):26.9	
O1):-0.777	O2):39.469	
O1):-0.722	O2):27.796	
O1):-0.703	O2):27.242	
O1):-0.741	O2):31.077	
O1):-0.773	O2):32.432	
O1):-0.776	O2):32.953	
O1):-0.772	O2):33.509	
O1):-0.763	O2):32.276	
O1):-0.781	O2):38.891	
O1):-0.72	O2):27.719	
O1):-0.772	O2):32.369	
O1):-0.781	O2):33.32	
O1):-0.756	O2):31.62	
O1):-0.746	O2):31.266	
O1):-0.641	O2):26.468	
O1):-0.718	O2):27.767	
O1):-0.81	O2):38.722	
O1):-0.671	O2):26.488	
O1):-0.859	O2):54.388	
O1):-0.759	O2):31.663	
O1):-0.793	O2):36.827	
O1):-0.798	O2):37.753	
O1):-0.741	O2):31.166	
O1):-0.761	O2):31.78	
O1):-0.802	O2):37.854	
O1):-0.778	O2):33.184	
O1):-0.817	O2):42.021	
O1):-0.823	O2):43.134	
O1):-0.84	O2):47.921	
O1):-0.743	O2):33.531	
O1):-0.818	O2):38.331	
O1):-0.817	O2):38.107	
O1):-0.747	O2):31.171	
O1):-0.797	O2):34.669	
O1):-0.758	O2):40.694	
O1):-0.654	O2):26.44	
O1):-0.7	O2):27.187	
O1):-0.706	O2):27.651	
O1):-0.851	O2):49.959	
O1):-0.675	O2):26.738	
O1):-0.804	O2):38.14	
O1):-0.769	O2):32.447	
O1):-0.826	O2):43.456	
O1):-0.762	O2):32.143	
O1):-0.762	O2):31.901	
O1):-0.773	O2):32.418	
O1):-0.819	O2):38.661	
O1):-0.701	O2):26.897	
O1):-0.816	O2):37.933	
O1):-0.817	O2):42.044	
Starting PrismExecutor worker 0 on port 11470
O1):-0.801	O2):37.342	
Connected worker 0 to port 11470
O1):-0.697	O2):26.873	
O1):-0.692	O2):27.264	
O1):-0.718	O2):27.767	
O1):-0.776	O2):32.939	
O1):-0.708	O2):27.431	
O1):-0.811	O2):39.498	
O1):-0.671	O2):26.524	
O1):-0.797	O2):41.125	
O1):-0.797	O2):34.669	
O1):-0.722	O2):28.01	
O1):-0.724	O2):28.31	
O1):-0.797	O2):36.892	
O1):-0.742	O2):30.11	
O1):-0.853	O2):49.184	
O1):-0.786	O2):34.124	
O1):-0.69	O2):27.257	
O1):-0.739	O2):32.064	
O1):-0.766	O2):32.426	
O1):-0.798	O2):35.854	
O1):-0.766	O2):32.484	
O1):-0.825	O2):42.496	
O1):-0.842	O2):48.557	
O1):-0.734	O2):31.452	
O1):-0.801	O2):37.618	
O1):-0.702	O2):27.132	
O1):-0.763	O2):32.197	
O1):-0.833	O2):42.511	
O1):-0.835	O2):45.34	
O1):-0.767	O2):32.663	
O1):-0.781	O2):33.755	
O1):-0.813	O2):39.281	
O1):-0.793	O2):35.289	
O1):-0.804	O2):38.557	
O1):-0.65	O2):26.181	
O1):-0.798	O2):38.339	
O1):-0.779	O2):33.346	
O1):-0.772	O2):32.725	
O1):-0.775	O2):33.048	
O1):-0.754	O2):31.3	
O1):-0.825	O2):42.505	
O1):-0.81	O2):39.034	
O1):-0.7	O2):27.187	
O1):-0.743	O2):31.121	
O1):-0.787	O2):34.054	
O1):-0.784	O2):33.656	
O1):-0.765	O2):34.53	
O1):-0.784	O2):36.437	
O1):-0.836	O2):44.135	
O1):-0.796	O2):36.845	
O1):-0.802	O2):37.675	
O1):-0.722	O2):28.01	
O1):-0.785	O2):34.709	
O1):-0.719	O2):27.717	
O1):-0.801	O2):37.437	
O1):-0.813	O2):39.311	
O1):-0.737	O2):29.05	
O1):-0.775	O2):32.536	
O1):-0.759	O2):31.552	
O1):-0.763	O2):32.276	
O1):-0.781	O2):33.761	
O1):-0.818	O2):38.363	
O1):-0.85	O2):48.289	
O1):-0.781	O2):33.761	
O1):-0.776	O2):32.953	
O1):-0.727	O2):28.732	
O1):-0.815	O2):37.793	
O1):-0.765	O2):32.198	
O1):-0.832	O2):42.558	
O1):-0.84	O2):47.921	
O1):-0.783	O2):33.416	
O1):-0.789	O2):34.121	
O1):-0.835	O2):45.444	
O1):-0.726	O2):29.038	
O1):-0.836	O2):44.427	
O1):-0.719	O2):28.106	
O1):-0.798	O2):35.854	
O1):-0.839	O2):49.316	
O1):-0.801	O2):37.584	
O1):-0.845	O2):48.833	
O1):-0.744	O2):30.422	
O1):-0.859	O2):54.152	
O1):-0.745	O2):31.186	
O1):-0.697	O2):26.873	
O1):-0.792	O2):37.534	
O1):-0.797	O2):35.742	
O1):-0.785	O2):43.954	
O1):-0.789	O2):34.331	
O1):-0.727	O2):28.732	
O1):-0.754	O2):32.722	
O1):-0.859	O2):53.205	
O1):-0.722	O2):27.818	
O1):-0.777	O2):33.221	
O1):-0.801	O2):37.342	
O1):-0.761	O2):32.897	
O1):-0.845	O2):49.265	
O1):-0.817	O2):40.228	
O1):-0.74	O2):31.086	
O1):-0.793	O2):34.794	
O1):-0.784	O2):34.14	
O1):-0.742	O2):30.11	
O1):-0.778	O2):32.966	
O1):-0.862	O2):54.097	
O1):-0.813	O2):39.552	
O1):-0.788	O2):37.601	
O1):-0.8	O2):35.519	
O1):-0.759	O2):31.611	
Starting PrismExecutor worker 3 on port 11443
O1):-0.76	O2):32.173	
O1):-0.722	O2):28.01	
Connected worker 3 to port 11443
O1):-0.782	O2):34.088	
O1):-0.758	O2):31.394	
O1):-0.769	O2):33.243	
O1):-0.812	O2):39.422	
O1):-0.734	O2):28.649	
O1):-0.756	O2):31.62	
O1):-0.836	O2):44.159	
O1):-0.809	O2):38.639	
O1):-0.844	O2):48.641	
O1):-0.841	O2):48.057	
O1):-0.794	O2):34.572	
O1):-0.782	O2):33.831	
O1):-0.773	O2):32.983	
O1):-0.818	O2):38.331	
O1):-0.853	O2):49.184	
O1):-0.721	O2):27.772	
O1):-0.711	O2):27.699	
O1):-0.838	O2):44.672	
O1):-0.828	O2):43.372	
O1):-0.706	O2):27.516	
O1):-0.718	O2):27.767	
O1):-0.841	O2):47.942	
O1):-0.748	O2):32.446	
Evaluations:	2300
O1):-0.781	O2):33.456	
O1):-0.842	O2):49.268	
O1):-0.836	O2):44.082	
O1):-0.756	O2):31.561	
O1):-0.842	O2):48.532	
O1):-0.798	O2):37.755	
O1):-0.822	O2):43.395	
O1):-0.757	O2):33.119	
O1):-0.768	O2):32.366	
O1):-0.767	O2):33.103	
O1):-0.841	O2):48.057	
O1):-0.816	O2):37.766	
O1):-0.799	O2):37.171	
O1):-0.851	O2):48.585	
O1):-0.817	O2):42.052	
O1):-0.759	O2):32.077	
O1):-0.77	O2):36.35	
O1):-0.819	O2):38.444	
O1):-0.839	O2):49.317	
O1):-0.85	O2):48.289	
Evaluations:	2400
O1):-0.762	O2):31.989	
O1):-0.748	O2):31.344	
O1):-0.791	O2):34.436	
O1):-0.8	O2):37.308	
O1):-0.824	O2):43.174	
O1):-0.826	O2):43.909	
O1):-0.779	O2):33.2	
O1):-0.776	O2):32.792	
O1):-0.765	O2):32.198	
O1):-0.834	O2):44.933	
O1):-0.72	O2):27.749	
O1):-0.816	O2):37.766	
O1):-0.83	O2):53.721	
O1):-0.745	O2):31.147	
O1):-0.793	O2):34.794	
O1):-0.788	O2):37.402	
O1):-0.793	O2):40.94	
O1):-0.762	O2):32.411	
O1):-0.782	O2):33.283	
O1):-0.697	O2):26.874	
O1):-0.705	O2):27.17	
O1):-0.761	O2):31.78	
O1):-0.833	O2):43.28	
O1):-0.763	O2):32.133	
O1):-0.832	O2):42.558	
O1):-0.802	O2):37.336	
O1):-0.765	O2):32.193	
O1):-0.772	O2):32.393	
O1):-0.802	O2):37.71	
O1):-0.775	O2):32.766	
O1):-0.813	O2):39.311	
O1):-0.791	O2):34.436	
O1):-0.816	O2):37.877	
O1):-0.786	O2):34.005	
O1):-0.782	O2):33.329	
O1):-0.827	O2):43.035	
O1):-0.703	O2):27.242	
O1):-0.802	O2):37.675	
O1):-0.761	O2):33.433	
O1):-0.701	O2):26.884	
O1):-0.798	O2):34.907	
O1):-0.78	O2):33.232	
O1):-0.756	O2):31.391	
O1):-0.783	O2):33.753	
O1):-0.817	O2):37.935	
O1):-0.803	O2):38.041	
Starting PrismExecutor worker 3 on port 11473
O1):-0.759	O2):32.08	
O1):-0.788	O2):37.372	
O1):-0.851	O2):49.988	
Connected worker 3 to port 11473
O1):-0.792	O2):38.097	
O1):-0.82	O2):42.709	
O1):-0.689	O2):27.022	
O1):-0.701	O2):26.898	
O1):-0.689	O2):27.022	
O1):-0.76	O2):32.174	
O1):-0.78	O2):33.601	
O1):-0.74	O2):31.047	
O1):-0.775	O2):33.048	
O1):-0.72	O2):27.772	
O1):-0.809	O2):39.227	
O1):-0.751	O2):32.831	
O1):-0.801	O2):37.645	
O1):-0.772	O2):42.115	
O1):-0.76	O2):33.609	
O1):-0.76	O2):31.77	
O1):-0.707	O2):27.414	
O1):-0.778	O2):33.239	
O1):-0.784	O2):33.789	
O1):-0.783	O2):33.732	
O1):-0.674	O2):26.719	
O1):-0.768	O2):35.358	
O1):-0.774	O2):32.749	
O1):-0.76	O2):31.684	
O1):-0.772	O2):32.879	
O1):-0.742	O2):30.11	
O1):-0.697	O2):26.882	
O1):-0.703	O2):27.152	
O1):-0.818	O2):43.393	
O1):-0.671	O2):26.478	
O1):-0.804	O2):38.149	
O1):-0.776	O2):32.953	
O1):-0.784	O2):33.658	
O1):-0.761	O2):31.956	
O1):-0.73	O2):29.108	
O1):-0.825	O2):42.504	
O1):-0.832	O2):42.558	
O1):-0.707	O2):28.147	
O1):-0.804	O2):37.974	
O1):-0.817	O2):37.908	
O1):-0.762	O2):31.901	
O1):-0.744	O2):32.192	
O1):-0.797	O2):35.498	
O1):-0.786	O2):33.918	
O1):-0.825	O2):42.504	
O1):-0.831	O2):42.9	
O1):-0.792	O2):36.315	
O1):-0.722	O2):28.534	
O1):-0.796	O2):34.88	
O1):-0.776	O2):33.0	
O1):-0.843	O2):48.505	
O1):-0.701	O2):26.903	
O1):-0.744	O2):30.348	
O1):-0.671	O2):26.489	
O1):-0.674	O2):26.732	
O1):-0.842	O2):47.183	
O1):-0.818	O2):38.317	
O1):-0.722	O2):29.026	
O1):-0.834	O2):43.641	
O1):-0.766	O2):34.063	
O1):-0.835	O2):43.894	
O1):-0.793	O2):36.831	
O1):-0.78	O2):33.502	
O1):-0.828	O2):43.372	
O1):-0.79	O2):34.816	
O1):-0.759	O2):32.322	
O1):-0.791	O2):34.827	
O1):-0.817	O2):37.908	
O1):-0.783	O2):33.809	
O1):-0.833	O2):44.768	
O1):-0.858	O2):53.184	
O1):-0.761	O2):31.907	
O1):-0.767	O2):32.879	
O1):-0.671	O2):26.525	
O1):-0.764	O2):32.567	
O1):-0.724	O2):28.85	
O1):-0.708	O2):28.479	
O1):-0.773	O2):32.418	
O1):-0.79	O2):33.768	
O1):-0.731	O2):31.428	
O1):-0.832	O2):42.558	
O1):-0.803	O2):53.144	
O1):-0.781	O2):33.32	
O1):-0.795	O2):34.137	
O1):-0.782	O2):33.831	
O1):-0.787	O2):34.925	
O1):-0.836	O2):45.493	
O1):-0.671	O2):26.53	
O1):-0.761	O2):31.864	
O1):-0.827	O2):43.036	
O1):-0.739	O2):32.715	
O1):-0.767	O2):32.578	
O1):-0.646	O2):26.988	
O1):-0.795	O2):34.137	
O1):-0.837	O2):44.278	
O1):-0.855	O2):54.3	
O1):-0.774	O2):36.41	
O1):-0.763	O2):32.227	
O1):-0.773	O2):33.569	
O1):-0.759	O2):31.552	
O1):-0.735	O2):31.447	
Starting PrismExecutor worker 1 on port 11431
O1):-0.81	O2):38.722	
Connected worker 1 to port 11431
O1):-0.725	O2):30.627	
O1):-0.813	O2):39.311	
O1):-0.776	O2):32.632	
O1):-0.747	O2):31.171	
O1):-0.742	O2):36.153	
O1):-0.794	O2):38.377	
O1):-0.799	O2):37.924	
O1):-0.816	O2):37.766	
O1):-0.79	O2):37.339	
O1):-0.797	O2):34.669	
O1):-0.738	O2):29.125	
O1):-0.795	O2):37.121	
O1):-0.723	O2):27.996	
O1):-0.781	O2):48.777	
O1):-0.763	O2):32.276	
O1):-0.836	O2):44.16	
O1):-0.85	O2):48.565	
O1):-0.786	O2):38.341	
O1):-0.724	O2):28.267	
O1):-0.831	O2):42.9	
O1):-0.802	O2):39.386	
O1):-0.766	O2):32.707	
O1):-0.821	O2):39.057	
O1):-0.784	O2):33.789	
O1):-0.81	O2):39.033	
O1):-0.783	O2):39.805	
O1):-0.717	O2):29.329	
O1):-0.784	O2):34.223	
O1):-0.765	O2):32.193	
O1):-0.842	O2):47.275	
O1):-0.795	O2):36.898	
O1):-0.765	O2):32.383	
O1):-0.8	O2):37.308	
O1):-0.69	O2):27.257	
O1):-0.768	O2):34.405	
O1):-0.757	O2):31.564	
O1):-0.757	O2):46.955	
O1):-0.789	O2):33.915	
O1):-0.809	O2):38.639	
O1):-0.833	O2):44.884	
O1):-0.726	O2):28.73	
O1):-0.777	O2):33.055	
O1):-0.835	O2):46.903	
O1):-0.826	O2):43.909	
O1):-0.745	O2):31.147	
O1):-0.771	O2):32.613	
O1):-0.757	O2):36.349	
O1):-0.705	O2):27.17	
O1):-0.815	O2):37.717	
O1):-0.746	O2):30.384	
O1):-0.809	O2):38.665	
O1):-0.76	O2):31.684	
O1):-0.761	O2):31.865	
O1):-0.674	O2):26.72	
O1):-0.773	O2):38.88	
O1):-0.671	O2):26.53	
O1):-0.837	O2):53.866	
O1):-0.706	O2):27.588	
O1):-0.759	O2):31.611	
O1):-0.641	O2):26.46	
O1):-0.797	O2):35.751	
O1):-0.807	O2):38.495	
O1):-0.775	O2):33.048	
O1):-0.795	O2):44.929	
O1):-0.711	O2):30.28	
O1):-0.708	O2):27.431	
O1):-0.694	O2):27.278	
O1):-0.759	O2):33.545	
O1):-0.837	O2):57.99	
O1):-0.789	O2):33.934	
O1):-0.837	O2):44.278	
O1):-0.734	O2):31.452	
O1):-0.774	O2):33.033	
O1):-0.715	O2):30.842	
O1):-0.836	O2):44.16	
O1):-0.822	O2):39.201	
O1):-0.845	O2):48.833	
O1):-0.783	O2):33.732	
O1):-0.745	O2):31.155	
O1):-0.747	O2):31.171	
O1):-0.845	O2):48.833	
O1):-0.724	O2):28.267	
O1):-0.816	O2):37.766	
O1):-0.781	O2):33.334	
O1):-0.673	O2):26.824	
O1):-0.775	O2):32.836	
O1):-0.71	O2):27.717	
O1):-0.783	O2):33.81	
O1):-0.779	O2):33.518	
O1):-0.745	O2):30.224	
O1):-0.862	O2):54.879	
O1):-0.759	O2):31.552	
O1):-0.799	O2):34.993	
O1):-0.697	O2):26.883	
O1):-0.792	O2):35.179	
O1):-0.759	O2):31.736	
O1):-0.774	O2):32.962	
O1):-0.671	O2):26.53	
O1):-0.798	O2):37.403	
O1):-0.674	O2):26.72	
O1):-0.817	O2):42.044	
O1):-0.827	O2):43.463	
O1):-0.797	O2):36.873	
O1):-0.758	O2):31.393	
O1):-0.796	O2):34.709	
Starting PrismExecutor worker 0 on port 11460
O1):-0.793	O2):36.467	
O1):-0.72	O2):27.772	
O1):-0.782	O2):33.328	
Connected worker 0 to port 11460
O1):-0.727	O2):31.098	
O1):-0.689	O2):27.022	
O1):-0.803	O2):37.863	
O1):-0.792	O2):36.754	
O1):-0.778	O2):33.154	
O1):-0.766	O2):32.42	
O1):-0.77	O2):32.548	
O1):-0.772	O2):33.533	
O1):-0.759	O2):31.56	
O1):-0.788	O2):34.197	
O1):-0.85	O2):49.919	
O1):-0.78	O2):33.601	
O1):-0.738	O2):29.127	
O1):-0.798	O2):35.853	
O1):-0.76	O2):33.559	
O1):-0.684	O2):30.605	
O1):-0.832	O2):43.546	
O1):-0.782	O2):33.721	
O1):-0.756	O2):31.62	
O1):-0.835	O2):44.024	
O1):-0.798	O2):34.763	
O1):-0.758	O2):31.393	
O1):-0.793	O2):36.467	
O1):-0.708	O2):27.432	
O1):-0.704	O2):27.221	
O1):-0.815	O2):38.948	
O1):-0.771	O2):33.993	
O1):-0.779	O2):33.198	
O1):-0.842	O2):47.183	
O1):-0.795	O2):35.521	
O1):-0.726	O2):31.375	
O1):-0.799	O2):37.294	
O1):-0.714	O2):28.389	
O1):-0.816	O2):40.117	
O1):-0.708	O2):27.434	
O1):-0.716	O2):27.81	
O1):-0.793	O2):36.503	
O1):-0.834	O2):43.418	
O1):-0.694	O2):26.539	
O1):-0.758	O2):31.887	
O1):-0.748	O2):31.29	
O1):-0.784	O2):33.789	
O1):-0.842	O2):49.268	
O1):-0.728	O2):28.976	
O1):-0.793	O2):44.362	
O1):-0.774	O2):32.962	
O1):-0.791	O2):34.183	
O1):-0.778	O2):33.233	
O1):-0.835	O2):44.024	
O1):-0.783	O2):36.844	
O1):-0.801	O2):37.653	
Evaluations:	2600
O1):-0.815	O2):37.748	
O1):-0.774	O2):33.084	
O1):-0.78	O2):33.601	
O1):-0.768	O2):35.65	
O1):-0.717	O2):28.74	
O1):-0.761	O2):31.942	
O1):-0.746	O2):30.491	
O1):-0.826	O2):43.456	
O1):-0.738	O2):29.127	
Evaluations:	2700
O1):-0.788	O2):34.885	
O1):-0.779	O2):33.305	
O1):-0.761	O2):31.865	
O1):-0.788	O2):34.951	
O1):-0.761	O2):31.78	
O1):-0.787	O2):39.343	
O1):-0.775	O2):32.782	
O1):-0.778	O2):33.233	
O1):-0.844	O2):49.129	
O1):-0.723	O2):27.996	
O1):-0.764	O2):32.163	
O1):-0.83	O2):53.762	
O1):-0.836	O2):47.211	
O1):-0.748	O2):32.303	
O1):-0.78	O2):33.601	
O1):-0.792	O2):35.179	
Evaluations:	2900
O1):-0.675	O2):26.738	
O1):-0.721	O2):27.723	
O1):-0.707	O2):27.414	
O1):-0.809	O2):39.224	
O1):-0.8	O2):37.941	
O1):-0.849	O2):49.534	
O1):-0.824	O2):42.436	
O1):-0.693	O2):27.235	
O1):-0.797	O2):35.812	
O1):-0.794	O2):37.026	
O1):-0.851	O2):49.988	
O1):-0.705	O2):27.433	
O1):-0.819	O2):38.661	
O1):-0.821	O2):45.256	
O1):-0.776	O2):32.627	
O1):-0.817	O2):37.888	
O1):-0.835	O2):44.024	
O1):-0.805	O2):38.199	
O1):-0.805	O2):38.199	
O1):-0.756	O2):33.232	
Starting PrismExecutor worker 5 on port 11425
O1):-0.754	O2):31.3	
O1):-0.834	O2):43.641	
O1):-0.781	O2):33.533	
O1):-0.767	O2):33.119	
Connected worker 5 to port 11425
O1):-0.801	O2):42.876	
O1):-0.859	O2):54.151	
O1):-0.781	O2):33.533	
O1):-0.781	O2):33.533	
O1):-0.787	O2):35.214	
O1):-0.797	O2):37.328	
O1):-0.818	O2):38.363	
O1):-0.858	O2):54.129	
O1):-0.792	O2):37.1	
O1):-0.731	O2):31.15	
O1):-0.763	O2):33.998	
O1):-0.809	O2):38.635	
O1):-0.747	O2):31.513	
O1):-0.742	O2):35.854	
O1):-0.777	O2):33.055	
O1):-0.773	O2):32.402	
O1):-0.833	O2):43.589	
O1):-0.751	O2):32.278	
O1):-0.824	O2):42.469	
O1):-0.671	O2):26.53	
O1):-0.786	O2):43.354	
O1):-0.756	O2):31.62	
O1):-0.793	O2):37.912	
O1):-0.77	O2):34.156	
O1):-0.833	O2):43.492	
O1):-0.767	O2):32.602	
O1):-0.801	O2):35.653	
O1):-0.8	O2):37.308	
O1):-0.783	O2):38.181	
O1):-0.74	O2):31.086	
O1):-0.786	O2):34.124	
O1):-0.85	O2):48.289	
O1):-0.795	O2):37.121	
O1):-0.71	O2):27.695	
O1):-0.641	O2):26.461	
O1):-0.818	O2):43.393	
O1):-0.794	O2):41.785	
O1):-0.801	O2):37.437	
O1):-0.786	O2):34.005	
O1):-0.808	O2):38.718	
O1):-0.804	O2):38.07	
O1):-0.721	O2):28.583	
Evaluations:	2600
O1):-0.765	O2):32.198	
O1):-0.84	O2):47.921	
O1):-0.802	O2):37.337	
O1):-0.765	O2):32.198	
O1):-0.722	O2):29.037	
O1):-0.765	O2):32.493	
O1):-0.81	O2):38.722	
O1):-0.768	O2):32.575	
O1):-0.753	O2):32.426	
O1):-0.7	O2):26.859	
O1):-0.766	O2):34.559	
O1):-0.833	O2):42.511	
O1):-0.766	O2):32.603	
O1):-0.804	O2):38.963	
O1):-0.785	O2):33.817	
O1):-0.8	O2):37.448	
O1):-0.759	O2):32.077	
O1):-0.816	O2):39.052	
O1):-0.71	O2):27.695	
O1):-0.821	O2):47.483	
O1):-0.783	O2):38.197	
O1):-0.765	O2):34.728	
O1):-0.8	O2):37.448	
O1):-0.766	O2):32.936	
O1):-0.771	O2):33.038	
O1):-0.781	O2):39.368	
O1):-0.779	O2):33.518	
O1):-0.728	O2):31.053	
O1):-0.74	O2):31.086	
O1):-0.765	O2):32.193	
O1):-0.795	O2):38.657	
O1):-0.823	O2):43.134	
O1):-0.763	O2):32.133	
O1):-0.834	O2):45.125	
O1):-0.801	O2):37.437	
O1):-0.783	O2):33.732	
O1):-0.736	O2):32.538	
O1):-0.775	O2):32.787	
O1):-0.782	O2):33.539	
O1):-0.759	O2):32.307	
O1):-0.775	O2):32.875	
O1):-0.774	O2):33.084	
O1):-0.777	O2):35.652	
O1):-0.834	O2):44.935	
O1):-0.815	O2):37.793	
O1):-0.782	O2):33.495	
O1):-0.827	O2):43.035	
O1):-0.738	O2):29.127	
O1):-0.705	O2):27.398	
O1):-0.821	O2):42.892	
O1):-0.836	O2):45.44	
O1):-0.8	O2):37.941	
O1):-0.792	O2):34.802	
O1):-0.793	O2):36.827	
O1):-0.753	O2):34.221	
O1):-0.833	O2):44.085	
Evaluations:	2500
O1):-0.833	O2):43.476	
Starting PrismExecutor worker 4 on port 11414
O1):-0.834	O2):43.798	
Connected worker 4 to port 11414
O1):-0.803	O2):37.863	
O1):-0.779	O2):33.52	
O1):-0.719	O2):27.717	
O1):-0.818	O2):38.373	
O1):-0.797	O2):35.741	
O1):-0.72	O2):27.749	
O1):-0.808	O2):38.718	
O1):-0.8	O2):37.308	
O1):-0.761	O2):31.865	
O1):-0.854	O2):49.481	
O1):-0.834	O2):44.933	
O1):-0.785	O2):38.789	
O1):-0.762	O2):33.724	
O1):-0.833	O2):43.28	
O1):-0.81	O2):39.033	
O1):-0.803	O2):37.983	
O1):-0.738	O2):29.127	
O1):-0.802	O2):43.605	
O1):-0.797	O2):36.892	
O1):-0.69	O2):27.27	
O1):-0.738	O2):29.129	
O1):-0.781	O2):33.45	
O1):-0.741	O2):31.247	
O1):-0.76	O2):31.642	
O1):-0.747	O2):32.319	
O1):-0.832	O2):42.492	
O1):-0.8	O2):37.941	
O1):-0.826	O2):43.327	
O1):-0.806	O2):38.152	
O1):-0.836	O2):45.493	
O1):-0.741	O2):31.143	
O1):-0.817	O2):38.37	
O1):-0.749	O2):31.513	
O1):-0.772	O2):32.369	
O1):-0.819	O2):38.425	
O1):-0.8	O2):35.519	
O1):-0.781	O2):33.45	
O1):-0.797	O2):37.15	
O1):-0.784	O2):33.789	
O1):-0.752	O2):32.98	
O1):-0.689	O2):27.022	
O1):-0.833	O2):43.28	
O1):-0.758	O2):31.394	
O1):-0.78	O2):33.496	
O1):-0.757	O2):31.609	
O1):-0.816	O2):38.989	
O1):-0.833	O2):43.617	
O1):-0.671	O2):26.488	
O1):-0.809	O2):38.635	
O1):-0.851	O2):49.988	
O1):-0.705	O2):27.464	
O1):-0.703	O2):27.242	
O1):-0.849	O2):49.534	
O1):-0.84	O2):47.921	
O1):-0.787	O2):34.712	
O1):-0.842	O2):48.532	
O1):-0.816	O2):38.99	
O1):-0.769	O2):34.017	
O1):-0.801	O2):37.437	
O1):-0.671	O2):26.525	
O1):-0.774	O2):32.962	
O1):-0.816	O2):42.37	
O1):-0.742	O2):30.11	
O1):-0.786	O2):43.354	
O1):-0.85	O2):48.083	
O1):-0.84	O2):48.237	
O1):-0.817	O2):37.888	
O1):-0.795	O2):36.824	
O1):-0.774	O2):32.962	
O1):-0.789	O2):34.37	
O1):-0.724	O2):28.442	
O1):-0.776	O2):32.939	
O1):-0.834	O2):44.933	
O1):-0.744	O2):31.165	
O1):-0.797	O2):37.15	
O1):-0.773	O2):32.425	
O1):-0.716	O2):29.396	
O1):-0.701	O2):27.2	
O1):-0.768	O2):32.838	
O1):-0.758	O2):31.366	
O1):-0.784	O2):34.147	
O1):-0.723	O2):28.356	
O1):-0.787	O2):38.835	
O1):-0.684	O2):30.914	
O1):-0.703	O2):27.242	
O1):-0.806	O2):38.311	
O1):-0.762	O2):32.207	
O1):-0.792	O2):35.179	
O1):-0.744	O2):31.167	
O1):-0.819	O2):38.662	
Evaluations:	2800
O1):-0.81	O2):38.788	
O1):-0.845	O2):49.994	
O1):-0.76	O2):31.66	
O1):-0.761	O2):31.78	
Starting PrismExecutor worker 2 on port 11432
O1):-0.759	O2):31.736	
O1):-0.795	O2):34.681	
Evaluations:	2500
Connected worker 2 to port 11432
O1):-0.832	O2):43.037	
O1):-0.697	O2):26.873	
O1):-0.799	O2):37.171	
O1):-0.701	O2):26.903	
O1):-0.778	O2):36.072	
O1):-0.791	O2):34.183	
O1):-0.834	O2):43.649	
O1):-0.775	O2):33.048	
O1):-0.756	O2):31.62	
O1):-0.797	O2):37.15	
O1):-0.724	O2):28.442	
O1):-0.773	O2):32.524	
O1):-0.764	O2):32.141	
O1):-0.816	O2):37.894	
O1):-0.746	O2):31.244	
O1):-0.826	O2):42.912	
O1):-0.703	O2):27.543	
O1):-0.779	O2):33.518	
O1):-0.821	O2):42.892	
O1):-0.822	O2):39.192	
O1):-0.72	O2):27.772	
O1):-0.85	O2):48.083	
O1):-0.741	O2):31.154	
O1):-0.701	O2):26.884	
O1):-0.809	O2):38.635	
O1):-0.818	O2):38.238	
O1):-0.761	O2):31.956	
O1):-0.799	O2):37.324	
O1):-0.828	O2):43.414	
O1):-0.833	O2):43.474	
O1):-0.818	O2):38.294	
O1):-0.748	O2):32.175	
O1):-0.806	O2):38.152	
O1):-0.673	O2):26.824	
O1):-0.795	O2):37.121	
O1):-0.85	O2):48.289	
O1):-0.774	O2):33.033	
O1):-0.826	O2):43.458	
O1):-0.73	O2):29.108	
O1):-0.842	O2):48.077	
O1):-0.822	O2):39.192	
O1):-0.752	O2):32.718	
O1):-0.761	O2):31.957	
O1):-0.767	O2):33.147	
O1):-0.744	O2):30.329	
O1):-0.766	O2):32.42	
O1):-0.784	O2):36.445	
O1):-0.703	O2):27.242	
O1):-0.784	O2):36.445	
O1):-0.801	O2):37.645	
O1):-0.853	O2):49.184	
O1):-0.792	O2):35.179	
O1):-0.795	O2):36.824	
O1):-0.725	O2):30.69	
O1):-0.843	O2):48.505	
O1):-0.854	O2):58.578	
O1):-0.791	O2):34.29	
O1):-0.78	O2):33.498	
O1):-0.659	O2):27.36	
O1):-0.747	O2):31.171	
O1):-0.759	O2):31.552	
O1):-0.692	O2):27.22	
O1):-0.809	O2):38.635	
O1):-0.69	O2):27.257	
O1):-0.76	O2):31.732	
O1):-0.818	O2):38.331	
O1):-0.673	O2):26.824	
O1):-0.788	O2):39.269	
O1):-0.728	O2):28.976	
O1):-0.777	O2):33.638	
O1):-0.774	O2):32.966	
O1):-0.849	O2):49.534	
O1):-0.738	O2):29.127	
O1):-0.818	O2):38.331	
O1):-0.737	O2):29.05	
O1):-0.721	O2):28.971	
O1):-0.719	O2):31.251	
O1):-0.794	O2):36.481	
O1):-0.862	O2):54.097	
O1):-0.727	O2):28.746	
O1):-0.705	O2):27.464	
O1):-0.785	O2):34.29	
O1):-0.801	O2):37.653	
O1):-0.851	O2):49.988	
O1):-0.84	O2):47.921	
O1):-0.825	O2):42.513	
O1):-0.776	O2):32.872	
O1):-0.795	O2):35.483	
O1):-0.824	O2):42.469	
O1):-0.836	O2):43.37	
O1):-0.816	O2):38.989	
O1):-0.744	O2):31.167	
O1):-0.816	O2):37.766	
O1):-0.772	O2):32.369	
O1):-0.745	O2):31.28	
O1):-0.776	O2):36.229	
O1):-0.776	O2):32.931	
O1):-0.854	O2):49.481	
O1):-0.834	O2):43.418	
O1):-0.803	O2):53.144	
Starting PrismExecutor worker 5 on port 11415
O1):-0.834	O2):43.649	
O1):-0.797	O2):37.467	
Connected worker 5 to port 11415
O1):-0.779	O2):33.305	
O1):-0.717	O2):27.67	
O1):-0.771	O2):33.484	
O1):-0.862	O2):54.097	
O1):-0.782	O2):33.721	
O1):-0.689	O2):27.207	
O1):-0.772	O2):42.115	
O1):-0.724	O2):28.774	
O1):-0.801	O2):37.437	
O1):-0.721	O2):28.491	
O1):-0.811	O2):39.168	
O1):-0.854	O2):49.54	
O1):-0.803	O2):37.863	
O1):-0.775	O2):32.536	
Evaluations:	2600
O1):-0.859	O2):54.152	
O1):-0.801	O2):37.562	
O1):-0.825	O2):42.495	
O1):-0.835	O2):44.024	
O1):-0.775	O2):33.048	
O1):-0.751	O2):31.734	
O1):-0.694	O2):27.635	
O1):-0.799	O2):34.993	
O1):-0.763	O2):32.202	
O1):-0.795	O2):34.171	
O1):-0.828	O2):43.323	
O1):-0.827	O2):43.035	
O1):-0.744	O2):30.329	
O1):-0.824	O2):42.436	
O1):-0.859	O2):54.241	
O1):-0.753	O2):38.349	
O1):-0.801	O2):37.437	
O1):-0.793	O2):44.371	
O1):-0.834	O2):44.933	
O1):-0.673	O2):26.724	
O1):-0.773	O2):32.482	
O1):-0.781	O2):33.278	
O1):-0.758	O2):31.393	
O1):-0.775	O2):32.757	
O1):-0.787	O2):34.333	
O1):-0.798	O2):37.403	
O1):-0.74	O2):31.086	
O1):-0.765	O2):32.224	
O1):-0.815	O2):38.948	
O1):-0.762	O2):32.207	
O1):-0.784	O2):34.219	
O1):-0.707	O2):27.414	
O1):-0.702	O2):27.132	
O1):-0.817	O2):40.228	
O1):-0.8	O2):37.489	
O1):-0.835	O2):48.184	
O1):-0.8	O2):37.52	
O1):-0.763	O2):32.276	
O1):-0.762	O2):34.123	
O1):-0.745	O2):30.407	
O1):-0.815	O2):37.717	
O1):-0.794	O2):38.28	
O1):-0.689	O2):27.022	
O1):-0.747	O2):30.287	
O1):-0.701	O2):27.201	
O1):-0.817	O2):38.107	
O1):-0.746	O2):32.326	
O1):-0.674	O2):26.719	
O1):-0.775	O2):32.861	
O1):-0.748	O2):32.446	
O1):-0.776	O2):33.382	
O1):-0.707	O2):27.408	
O1):-0.689	O2):27.022	
O1):-0.702	O2):27.132	
O1):-0.766	O2):32.427	
O1):-0.801	O2):37.437	
O1):-0.788	O2):34.951	
O1):-0.792	O2):35.179	
O1):-0.697	O2):26.828	
O1):-0.818	O2):38.363	
O1):-0.844	O2):48.463	
O1):-0.82	O2):38.84	
O1):-0.789	O2):33.915	
O1):-0.815	O2):39.816	
O1):-0.79	O2):34.816	
O1):-0.816	O2):37.871	
O1):-0.797	O2):41.917	
O1):-0.793	O2):34.794	
O1):-0.766	O2):32.638	
O1):-0.804	O2):38.129	
O1):-0.809	O2):38.639	
O1):-0.672	O2):26.515	
O1):-0.708	O2):27.432	
O1):-0.759	O2):31.464	
O1):-0.776	O2):33.043	
O1):-0.756	O2):31.62	
O1):-0.768	O2):32.575	
O1):-0.775	O2):32.853	
O1):-0.722	O2):28.538	
Starting PrismExecutor worker 4 on port 11424
O1):-0.777	O2):33.285	
O1):-0.796	O2):34.869	
O1):-0.854	O2):58.578	
O1):-0.802	O2):37.858	
O1):-0.791	O2):35.479	
O1):-0.852	O2):50.311	
Connected worker 4 to port 11424
O1):-0.823	O2):43.134	
O1):-0.77	O2):33.929	
O1):-0.818	O2):38.238	
O1):-0.674	O2):26.732	
O1):-0.724	O2):28.351	
O1):-0.776	O2):32.847	
O1):-0.765	O2):32.199	
O1):-0.713	O2):30.565	
O1):-0.82	O2):38.706	
O1):-0.724	O2):28.267	
O1):-0.724	O2):28.318	
O1):-0.783	O2):33.809	
O1):-0.671	O2):26.488	
O1):-0.793	O2):34.579	
O1):-0.797	O2):36.966	
O1):-0.7	O2):27.187	
O1):-0.803	O2):38.041	
O1):-0.725	O2):28.854	
O1):-0.802	O2):37.8	
O1):-0.805	O2):38.329	
O1):-0.816	O2):37.853	
O1):-0.79	O2):34.816	
O1):-0.793	O2):36.885	
O1):-0.836	O2):44.213	
O1):-0.759	O2):32.078	
O1):-0.801	O2):37.618	
O1):-0.738	O2):29.125	
O1):-0.71	O2):27.663	
O1):-0.743	O2):31.988	
O1):-0.835	O2):44.027	
O1):-0.714	O2):28.389	
O1):-0.827	O2):44.06	
O1):-0.714	O2):27.387	
O1):-0.816	O2):37.894	
O1):-0.844	O2):49.952	
O1):-0.708	O2):27.431	
O1):-0.697	O2):26.882	
O1):-0.714	O2):27.387	
O1):-0.781	O2):33.759	
O1):-0.833	O2):43.28	
O1):-0.834	O2):43.609	
O1):-0.837	O2):57.982	
O1):-0.793	O2):35.258	
O1):-0.725	O2):32.773	
O1):-0.792	O2):36.754	
O1):-0.775	O2):32.836	
O1):-0.809	O2):38.639	
O1):-0.756	O2):31.62	
O1):-0.793	O2):35.574	
O1):-0.802	O2):37.71	
O1):-0.836	O2):57.87	
O1):-0.834	O2):44.933	
O1):-0.722	O2):28.536	
O1):-0.782	O2):33.645	
O1):-0.76	O2):31.77	
O1):-0.764	O2):32.141	
O1):-0.767	O2):32.626	
O1):-0.781	O2):33.456	
O1):-0.739	O2):29.336	
O1):-0.759	O2):31.552	
O1):-0.76	O2):31.732	
O1):-0.859	O2):54.241	
O1):-0.8	O2):37.42	
O1):-0.785	O2):33.817	
O1):-0.774	O2):33.084	
O1):-0.778	O2):33.154	
O1):-0.816	O2):37.985	
O1):-0.671	O2):26.488	
O1):-0.721	O2):27.772	
O1):-0.794	O2):35.501	
O1):-0.739	O2):33.138	
O1):-0.768	O2):32.366	
O1):-0.862	O2):54.879	
O1):-0.784	O2):34.088	
O1):-0.82	O2):38.706	
O1):-0.81	O2):38.818	
O1):-0.762	O2):31.901	
O1):-0.748	O2):31.395	
O1):-0.812	O2):39.422	
O1):-0.797	O2):36.892	
O1):-0.708	O2):27.432	
O1):-0.803	O2):43.426	
O1):-0.771	O2):32.646	
O1):-0.831	O2):44.565	
O1):-0.833	O2):44.085	
O1):-0.745	O2):31.241	
O1):-0.793	O2):34.807	
O1):-0.721	O2):28.971	
O1):-0.692	O2):27.264	
O1):-0.824	O2):43.174	
O1):-0.775	O2):32.861	
O1):-0.858	O2):54.129	
O1):-0.702	O2):27.132	
O1):-0.698	O2):27.082	
O1):-0.81	O2):38.8	
Starting PrismExecutor worker 0 on port 11490
O1):-0.802	O2):37.71	
O1):-0.786	O2):34.803	
Connected worker 0 to port 11490
O1):-0.817	O2):37.908	
O1):-0.802	O2):39.386	
O1):-0.671	O2):26.525	
O1):-0.778	O2):33.154	
O1):-0.836	O2):45.44	
O1):-0.746	O2):31.167	
O1):-0.757	O2):33.271	
O1):-0.773	O2):32.482	
O1):-0.784	O2):34.244	
O1):-0.781	O2):33.32	
O1):-0.766	O2):32.42	
O1):-0.789	O2):36.979	
O1):-0.851	O2):48.585	
O1):-0.767	O2):34.478	
O1):-0.796	O2):38.977	
O1):-0.733	O2):28.728	
O1):-0.714	O2):30.55	
O1):-0.78	O2):40.022	
O1):-0.801	O2):37.342	
O1):-0.778	O2):33.239	
O1):-0.828	O2):53.181	
O1):-0.76	O2):31.661	
O1):-0.853	O2):49.184	
O1):-0.741	O2):31.139	
O1):-0.707	O2):27.414	
O1):-0.81	O2):42.445	
O1):-0.796	O2):36.558	
O1):-0.7	O2):27.187	
O1):-0.795	O2):34.171	
O1):-0.764	O2):32.163	
O1):-0.803	O2):37.774	
O1):-0.836	O2):57.87	
O1):-0.78	O2):33.496	
O1):-0.788	O2):34.96	
O1):-0.835	O2):44.146	
O1):-0.794	O2):36.529	
O1):-0.741	O2):31.139	
O1):-0.853	O2):49.184	
O1):-0.834	O2):43.641	
O1):-0.79	O2):36.742	
O1):-0.8	O2):37.308	
O1):-0.827	O2):43.463	
O1):-0.804	O2):38.389	
O1):-0.795	O2):34.137	
O1):-0.71	O2):27.626	
O1):-0.654	O2):26.423	
O1):-0.859	O2):54.151	
O1):-0.791	O2):34.325	
O1):-0.781	O2):33.456	
O1):-0.744	O2):30.39	
O1):-0.766	O2):32.42	
O1):-0.722	O2):27.742	
O1):-0.762	O2):31.989	
O1):-0.761	O2):31.865	
O1):-0.842	O2):48.232	
O1):-0.833	O2):43.589	
O1):-0.841	O2):48.463	
O1):-0.762	O2):32.127	
O1):-0.817	O2):42.044	
O1):-0.737	O2):28.24	
O1):-0.833	O2):43.476	
O1):-0.703	O2):27.242	
O1):-0.698	O2):27.082	
O1):-0.724	O2):28.857	
O1):-0.839	O2):49.312	
O1):-0.841	O2):47.862	
O1):-0.835	O2):43.816	
O1):-0.756	O2):31.62	
O1):-0.837	O2):44.534	
O1):-0.841	O2):48.467	
O1):-0.782	O2):33.283	
O1):-0.697	O2):26.873	
O1):-0.734	O2):31.452	
O1):-0.73	O2):29.108	
O1):-0.783	O2):34.179	
O1):-0.724	O2):28.872	
O1):-0.834	O2):44.918	
O1):-0.752	O2):31.395	
O1):-0.767	O2):33.12	
O1):-0.698	O2):27.082	
O1):-0.85	O2):49.919	
O1):-0.701	O2):26.897	
O1):-0.8	O2):37.941	
O1):-0.702	O2):27.132	
O1):-0.697	O2):26.873	
O1):-0.801	O2):37.584	
O1):-0.674	O2):26.732	
O1):-0.836	O2):44.003	
O1):-0.802	O2):39.405	
O1):-0.693	O2):27.235	
O1):-0.805	O2):38.704	
O1):-0.791	O2):34.29	
O1):-0.791	O2):40.159	
O1):-0.696	O2):26.818	
O1):-0.76	O2):31.642	
O1):-0.786	O2):34.234	
O1):-0.65	O2):26.181	
Starting PrismExecutor worker 4 on port 11404
O1):-0.836	O2):43.523	
O1):-0.859	O2):54.241	
Connected worker 4 to port 11404
O1):-0.778	O2):33.184	
O1):-0.849	O2):49.534	
O1):-0.775	O2):32.82	
O1):-0.76	O2):31.684	
O1):-0.797	O2):35.507	
O1):-0.779	O2):33.52	
O1):-0.673	O2):26.824	
O1):-0.787	O2):34.065	
O1):-0.795	O2):34.137	
O1):-0.826	O2):43.456	
O1):-0.787	O2):37.274	
O1):-0.835	O2):43.831	
O1):-0.815	O2):37.717	
O1):-0.777	O2):33.017	
O1):-0.72	O2):28.124	
O1):-0.76	O2):31.684	
O1):-0.765	O2):32.224	
O1):-0.763	O2):32.196	
O1):-0.817	O2):37.908	
O1):-0.809	O2):38.635	
O1):-0.756	O2):31.62	
O1):-0.824	O2):43.174	
O1):-0.85	O2):49.919	
O1):-0.773	O2):32.53	
O1):-0.779	O2):33.075	
O1):-0.803	O2):37.864	
O1):-0.816	O2):37.876	
O1):-0.803	O2):38.041	
O1):-0.845	O2):49.994	
O1):-0.795	O2):34.137	
O1):-0.775	O2):32.861	
O1):-0.781	O2):48.777	
O1):-0.809	O2):38.639	
O1):-0.797	O2):37.15	
O1):-0.685	O2):31.589	
O1):-0.81	O2):38.722	
O1):-0.837	O2):57.982	
O1):-0.727	O2):31.1	
O1):-0.773	O2):32.482	
O1):-0.817	O2):42.044	
O1):-0.762	O2):32.127	
O1):-0.789	O2):37.374	
O1):-0.81	O2):38.722	
O1):-0.756	O2):31.555	
O1):-0.841	O2):47.862	
O1):-0.833	O2):43.476	
O1):-0.804	O2):38.807	
O1):-0.787	O2):34.712	
O1):-0.834	O2):44.918	
O1):-0.85	O2):53.986	
O1):-0.768	O2):33.391	
O1):-0.705	O2):27.464	
O1):-0.766	O2):32.813	
O1):-0.654	O2):26.44	
O1):-0.858	O2):54.129	
O1):-0.72	O2):27.719	
O1):-0.801	O2):37.342	
O1):-0.768	O2):33.141	
O1):-0.772	O2):32.369	
O1):-0.792	O2):35.179	
O1):-0.836	O2):43.37	
O1):-0.74	O2):29.384	
O1):-0.727	O2):28.732	
O1):-0.805	O2):38.715	
O1):-0.745	O2):31.155	
O1):-0.74	O2):31.086	
O1):-0.792	O2):36.419	
O1):-0.778	O2):33.154	
O1):-0.814	O2):39.654	
O1):-0.752	O2):33.008	
O1):-0.798	O2):35.853	
O1):-0.796	O2):34.692	
O1):-0.737	O2):29.05	
O1):-0.82	O2):38.84	
O1):-0.723	O2):28.7	
O1):-0.708	O2):27.443	
O1):-0.822	O2):43.358	
O1):-0.813	O2):39.588	
O1):-0.697	O2):26.828	
O1):-0.775	O2):32.536	
O1):-0.767	O2):32.578	
O1):-0.837	O2):44.139	
O1):-0.708	O2):28.518	
O1):-0.824	O2):43.174	
O1):-0.734	O2):28.686	
O1):-0.762	O2):33.791	
O1):-0.815	O2):39.816	
O1):-0.781	O2):33.384	
O1):-0.834	O2):47.527	
O1):-0.816	O2):37.894	
O1):-0.756	O2):31.3	
O1):-0.801	O2):37.508	
O1):-0.751	O2):31.764	
O1):-0.85	O2):49.919	
O1):-0.824	O2):42.469	
O1):-0.714	O2):27.387	
O1):-0.817	O2):42.044	
O1):-0.778	O2):33.228	
O1):-0.85	O2):48.289	
O1):-0.79	O2):37.339	
Evaluations:	2400
O1):-0.697	O2):26.828	
O1):-0.768	O2):35.894	
O1):-0.671	O2):26.53	
O1):-0.845	O2):49.994	
Starting PrismExecutor worker 3 on port 11433
Connected worker 3 to port 11433
O1):-0.738	O2):29.129	
O1):-0.671	O2):26.53	
O1):-0.783	O2):33.748	
O1):-0.65	O2):26.181	
O1):-0.822	O2):39.192	
O1):-0.834	O2):43.783	
O1):-0.832	O2):43.546	
O1):-0.71	O2):27.703	
O1):-0.775	O2):32.536	
O1):-0.772	O2):32.74	
O1):-0.809	O2):39.021	
O1):-0.715	O2):30.597	
O1):-0.705	O2):27.748	
O1):-0.813	O2):39.311	
O1):-0.745	O2):31.241	
O1):-0.772	O2):33.527	
O1):-0.795	O2):34.652	
O1):-0.768	O2):32.575	
O1):-0.73	O2):29.108	
O1):-0.836	O2):57.87	
O1):-0.836	O2):44.159	
O1):-0.802	O2):39.404	
O1):-0.701	O2):27.2	
O1):-0.726	O2):30.737	
O1):-0.816	O2):37.894	
O1):-0.723	O2):28.765	
O1):-0.747	O2):31.171	
O1):-0.775	O2):32.563	
O1):-0.849	O2):49.534	
O1):-0.705	O2):27.813	
O1):-0.779	O2):33.171	
O1):-0.777	O2):33.055	
O1):-0.807	O2):38.495	
O1):-0.707	O2):28.208	
O1):-0.734	O2):28.643	
O1):-0.804	O2):38.149	
O1):-0.711	O2):27.732	
O1):-0.71	O2):27.626	
O1):-0.689	O2):27.022	
Evaluations:	2500
O1):-0.775	O2):32.783	
O1):-0.79	O2):34.651	
O1):-0.794	O2):35.461	
O1):-0.806	O2):38.272	
O1):-0.764	O2):33.698	
O1):-0.786	O2):39.018	
O1):-0.671	O2):26.525	
O1):-0.77	O2):38.635	
O1):-0.824	O2):42.441	
O1):-0.763	O2):33.566	
O1):-0.743	O2):31.121	
O1):-0.787	O2):34.87	
O1):-0.794	O2):36.591	
O1):-0.756	O2):31.62	
O1):-0.784	O2):33.656	
O1):-0.836	O2):43.37	
O1):-0.835	O2):44.218	
O1):-0.695	O2):26.733	
O1):-0.799	O2):37.924	
O1):-0.746	O2):32.024	
O1):-0.769	O2):32.447	
O1):-0.794	O2):34.579	
O1):-0.818	O2):42.527	
O1):-0.772	O2):33.509	
O1):-0.79	O2):34.816	
O1):-0.771	O2):33.488	
O1):-0.743	O2):31.121	
O1):-0.788	O2):34.564	
O1):-0.805	O2):38.948	
O1):-0.781	O2):33.456	
O1):-0.792	O2):37.826	
O1):-0.76	O2):31.622	
O1):-0.705	O2):27.448	
O1):-0.799	O2):37.324	
O1):-0.79	O2):33.768	
O1):-0.745	O2):31.155	
O1):-0.721	O2):27.772	
O1):-0.861	O2):54.862	
O1):-0.789	O2):35.096	
O1):-0.789	O2):33.915	
O1):-0.747	O2):30.287	
O1):-0.859	O2):54.24	
O1):-0.774	O2):33.084	
O1):-0.776	O2):32.792	
O1):-0.858	O2):54.129	
O1):-0.747	O2):30.287	
O1):-0.743	O2):30.113	
O1):-0.745	O2):31.155	
O1):-0.808	O2):38.3	
O1):-0.76	O2):32.261	
O1):-0.785	O2):38.827	
O1):-0.781	O2):33.456	
O1):-0.673	O2):26.824	
O1):-0.833	O2):44.085	
O1):-0.82	O2):38.706	
O1):-0.778	O2):33.233	
O1):-0.778	O2):36.553	
O1):-0.795	O2):36.779	
O1):-0.786	O2):33.93	
O1):-0.761	O2):31.78	
O1):-0.775	O2):32.857	
O1):-0.802	O2):37.71	
O1):-0.78	O2):33.601	
Starting PrismExecutor worker 5 on port 11405
O1):-0.768	O2):32.575	
O1):-0.831	O2):42.9	
O1):-0.775	O2):33.048	
Connected worker 5 to port 11405
O1):-0.787	O2):34.03	
O1):-0.692	O2):27.22	
O1):-0.755	O2):31.618	
O1):-0.77	O2):33.394	
O1):-0.795	O2):34.197	
O1):-0.826	O2):43.456	
O1):-0.772	O2):33.528	
O1):-0.788	O2):34.738	
O1):-0.719	O2):27.717	
O1):-0.708	O2):27.653	
O1):-0.762	O2):31.901	
O1):-0.798	O2):37.951	
O1):-0.762	O2):31.901	
O1):-0.787	O2):34.712	
O1):-0.776	O2):32.627	
O1):-0.817	O2):42.044	
O1):-0.793	O2):34.579	
O1):-0.78	O2):33.446	
O1):-0.745	O2):31.283	
O1):-0.8	O2):37.532	
O1):-0.825	O2):43.809	
O1):-0.815	O2):37.742	
O1):-0.837	O2):44.521	
O1):-0.821	O2):43.688	
O1):-0.822	O2):39.192	
O1):-0.79	O2):36.742	
O1):-0.782	O2):34.713	
O1):-0.671	O2):26.53	
O1):-0.762	O2):31.989	
O1):-0.858	O2):54.129	
O1):-0.757	O2):33.556	
O1):-0.779	O2):33.198	
O1):-0.779	O2):33.081	
O1):-0.801	O2):37.342	
O1):-0.702	O2):27.095	
O1):-0.817	O2):38.37	
O1):-0.792	O2):36.343	
O1):-0.776	O2):32.875	
O1):-0.835	O2):43.815	
O1):-0.772	O2):33.971	
O1):-0.778	O2):33.219	
O1):-0.832	O2):42.492	
O1):-0.793	O2):36.467	
O1):-0.729	O2):29.067	
O1):-0.777	O2):33.285	
O1):-0.749	O2):32.059	
O1):-0.772	O2):32.393	
O1):-0.793	O2):37.388	
O1):-0.801	O2):37.608	
O1):-0.745	O2):30.429	
O1):-0.741	O2):31.077	
Evaluations:	2800
O1):-0.759	O2):31.552	
O1):-0.778	O2):33.226	
O1):-0.775	O2):32.771	
O1):-0.775	O2):33.048	
O1):-0.693	O2):27.235	
O1):-0.765	O2):32.224	
O1):-0.837	O2):44.534	
O1):-0.779	O2):33.198	
O1):-0.798	O2):37.053	
O1):-0.803	O2):38.041	
O1):-0.779	O2):33.081	
O1):-0.771	O2):32.646	
O1):-0.774	O2):32.966	
O1):-0.773	O2):32.418	
O1):-0.794	O2):35.461	
O1):-0.788	O2):34.738	
O1):-0.793	O2):36.467	
O1):-0.782	O2):33.588	
O1):-0.778	O2):33.422	
O1):-0.778	O2):35.706	
O1):-0.642	O2):26.415	
O1):-0.778	O2):33.221	
O1):-0.766	O2):32.42	
O1):-0.834	O2):43.418	
O1):-0.844	O2):48.641	
O1):-0.716	O2):27.784	
O1):-0.837	O2):44.354	
O1):-0.8	O2):35.519	
O1):-0.743	O2):31.121	
O1):-0.802	O2):37.336	
O1):-0.776	O2):32.593	
O1):-0.836	O2):44.037	
O1):-0.76	O2):31.77	
O1):-0.815	O2):38.948	
O1):-0.79	O2):33.768	
O1):-0.703	O2):27.242	
O1):-0.703	O2):27.152	
O1):-0.806	O2):38.873	
O1):-0.745	O2):30.407	
O1):-0.792	O2):37.859	
O1):-0.78	O2):33.505	
O1):-0.784	O2):38.432	
O1):-0.791	O2):36.818	
O1):-0.852	O2):50.14	
O1):-0.825	O2):42.504	
O1):-0.821	O2):39.057	
O1):-0.742	O2):30.11	
O1):-0.775	O2):32.782	
O1):-0.777	O2):33.056	
Starting PrismExecutor worker 0 on port 11430
O1):-0.834	O2):43.609	
O1):-0.789	O2):34.978	
O1):-0.817	O2):40.269	
O1):-0.771	O2):33.359	
O1):-0.69	O2):30.242	
Connected worker 0 to port 11430
O1):-0.711	O2):27.732	
O1):-0.801	O2):37.508	
O1):-0.828	O2):43.323	
O1):-0.824	O2):42.436	
O1):-0.834	O2):44.984	
O1):-0.842	O2):48.232	
O1):-0.779	O2):33.198	
O1):-0.811	O2):38.981	
O1):-0.831	O2):42.9	
O1):-0.672	O2):26.515	
O1):-0.766	O2):32.42	
O1):-0.815	O2):37.717	
O1):-0.672	O2):26.515	
O1):-0.778	O2):33.242	
O1):-0.774	O2):36.3	
O1):-0.7	O2):26.859	
O1):-0.767	O2):32.903	
O1):-0.817	O2):37.908	
O1):-0.776	O2):36.027	
O1):-0.794	O2):37.026	
O1):-0.852	O2):50.3	
O1):-0.701	O2):26.903	
O1):-0.815	O2):39.816	
Evaluations:	3000
O1):-0.797	O2):34.669	
O1):-0.701	O2):27.2	
O1):-0.784	O2):33.889	
O1):-0.756	O2):31.402	
O1):-0.703	O2):27.242	
O1):-0.836	O2):44.16	
O1):-0.672	O2):26.515	
O1):-0.809	O2):38.639	
O1):-0.781	O2):33.457	
O1):-0.744	O2):31.165	
O1):-0.776	O2):32.807	
O1):-0.76	O2):31.642	
O1):-0.773	O2):34.307	
O1):-0.763	O2):33.566	
O1):-0.702	O2):27.211	
O1):-0.737	O2):29.052	
O1):-0.815	O2):38.948	
O1):-0.82	O2):38.706	
O1):-0.756	O2):33.204	
O1):-0.745	O2):31.155	
O1):-0.837	O2):44.139	
O1):-0.744	O2):33.521	
O1):-0.778	O2):33.154	
O1):-0.759	O2):32.077	
O1):-0.741	O2):33.301	
O1):-0.799	O2):37.924	
O1):-0.845	O2):48.833	
O1):-0.813	O2):39.311	
O1):-0.792	O2):35.227	
O1):-0.791	O2):35.83	
O1):-0.742	O2):30.11	
O1):-0.818	O2):38.317	
O1):-0.671	O2):26.53	
O1):-0.795	O2):37.455	
O1):-0.779	O2):33.401	
O1):-0.792	O2):35.227	
O1):-0.775	O2):33.855	
O1):-0.73	O2):29.108	
O1):-0.778	O2):33.421	
O1):-0.833	O2):43.492	
O1):-0.77	O2):33.27	
O1):-0.776	O2):37.716	
O1):-0.721	O2):27.723	
O1):-0.775	O2):32.836	
O1):-0.826	O2):43.459	
O1):-0.7	O2):27.187	
O1):-0.74	O2):29.384	
O1):-0.784	O2):33.761	
O1):-0.72	O2):27.772	
O1):-0.762	O2):31.901	
O1):-0.766	O2):32.615	
O1):-0.707	O2):27.414	
O1):-0.788	O2):39.644	
O1):-0.833	O2):43.471	
O1):-0.779	O2):33.171	
O1):-0.791	O2):34.183	
O1):-0.74	O2):29.384	
O1):-0.798	O2):34.763	
O1):-0.835	O2):44.024	
O1):-0.817	O2):42.044	
O1):-0.703	O2):27.687	
O1):-0.746	O2):31.842	
O1):-0.766	O2):34.289	
Evaluations:	2700
O1):-0.767	O2):33.12	
O1):-0.777	O2):36.192	
O1):-0.759	O2):31.552	
O1):-0.776	O2):32.81	
O1):-0.772	O2):33.181	
O1):-0.802	O2):37.675	
O1):-0.801	O2):37.508	
O1):-0.795	O2):34.682	
Starting PrismExecutor worker 3 on port 11493
Connected worker 3 to port 11493
O1):-0.826	O2):42.717	
O1):-0.776	O2):32.931	
O1):-0.784	O2):33.789	
O1):-0.789	O2):34.501	
O1):-0.818	O2):38.294	
O1):-0.757	O2):39.944	
O1):-0.707	O2):27.414	
O1):-0.757	O2):31.564	
O1):-0.792	O2):36.754	
O1):-0.743	O2):30.113	
O1):-0.851	O2):48.585	
O1):-0.776	O2):32.931	
O1):-0.76	O2):31.684	
O1):-0.697	O2):26.873	
O1):-0.776	O2):32.792	
O1):-0.671	O2):26.489	
O1):-0.749	O2):32.392	
O1):-0.827	O2):43.035	
O1):-0.797	O2):34.669	
O1):-0.836	O2):44.159	
O1):-0.818	O2):43.393	
O1):-0.81	O2):39.193	
O1):-0.801	O2):37.645	
O1):-0.671	O2):26.478	
O1):-0.787	O2):34.712	
O1):-0.801	O2):37.71	
O1):-0.807	O2):38.495	
O1):-0.779	O2):33.569	
O1):-0.807	O2):38.495	
O1):-0.832	O2):43.106	
O1):-0.827	O2):43.035	
O1):-0.834	O2):43.835	
O1):-0.84	O2):47.921	
O1):-0.827	O2):44.103	
O1):-0.777	O2):33.055	
O1):-0.833	O2):43.341	
O1):-0.774	O2):33.037	
O1):-0.642	O2):26.415	
O1):-0.765	O2):32.224	
O1):-0.851	O2):48.585	
O1):-0.859	O2):53.205	
O1):-0.767	O2):33.102	
O1):-0.836	O2):47.805	
O1):-0.798	O2):37.053	
O1):-0.697	O2):26.873	
O1):-0.672	O2):26.514	
O1):-0.756	O2):33.232	
O1):-0.719	O2):27.717	
O1):-0.772	O2):32.369	
O1):-0.79	O2):36.587	
O1):-0.795	O2):34.137	
O1):-0.762	O2):32.249	
O1):-0.836	O2):43.37	
O1):-0.708	O2):27.443	
O1):-0.722	O2):27.818	
O1):-0.697	O2):26.873	
O1):-0.748	O2):32.063	
O1):-0.785	O2):34.29	
O1):-0.822	O2):43.358	
O1):-0.815	O2):39.782	
O1):-0.818	O2):38.238	
O1):-0.722	O2):28.01	
O1):-0.706	O2):27.516	
O1):-0.765	O2):34.724	
O1):-0.826	O2):43.456	
O1):-0.701	O2):27.2	
O1):-0.722	O2):31.402	
O1):-0.795	O2):37.121	
O1):-0.783	O2):33.732	
O1):-0.701	O2):27.2	
O1):-0.768	O2):34.425	
O1):-0.817	O2):42.044	
O1):-0.759	O2):31.419	
O1):-0.836	O2):45.44	
O1):-0.801	O2):37.562	
O1):-0.747	O2):30.287	
O1):-0.745	O2):30.224	
O1):-0.749	O2):35.368	
O1):-0.837	O2):44.521	
O1):-0.806	O2):38.152	
O1):-0.777	O2):35.684	
O1):-0.817	O2):37.935	
Evaluations:	2700
O1):-0.815	O2):39.739	
O1):-0.798	O2):37.053	
O1):-0.716	O2):27.784	
O1):-0.763	O2):32.202	
O1):-0.818	O2):38.331	
O1):-0.783	O2):33.416	
O1):-0.81	O2):38.732	
O1):-0.833	O2):43.492	
O1):-0.722	O2):28.536	
O1):-0.791	O2):34.436	
O1):-0.802	O2):37.854	
O1):-0.776	O2):33.251	
Evaluations:	2600
O1):-0.797	O2):37.842	
O1):-0.724	O2):28.31	
O1):-0.751	O2):32.831	
O1):-0.771	O2):33.495	
O1):-0.801	O2):37.618	
O1):-0.801	O2):37.521	
O1):-0.832	O2):42.558	
Starting PrismExecutor worker 1 on port 11491
Connected worker 1 to port 11491
O1):-0.714	O2):28.389	
O1):-0.817	O2):42.044	
Evaluations:	2600
O1):-0.818	O2):38.363	
O1):-0.745	O2):31.954	
O1):-0.697	O2):26.873	
O1):-0.795	O2):35.504	
O1):-0.818	O2):38.297	
O1):-0.841	O2):49.257	
O1):-0.748	O2):31.626	
O1):-0.763	O2):32.202	
O1):-0.801	O2):37.645	
O1):-0.793	O2):36.564	
O1):-0.773	O2):32.384	
O1):-0.745	O2):31.147	
O1):-0.806	O2):38.432	
O1):-0.803	O2):37.774	
O1):-0.794	O2):35.5	
O1):-0.836	O2):44.159	
O1):-0.836	O2):44.159	
O1):-0.803	O2):37.774	
O1):-0.842	O2):48.553	
O1):-0.801	O2):37.342	
O1):-0.794	O2):37.026	
O1):-0.786	O2):34.437	
O1):-0.774	O2):32.962	
O1):-0.815	O2):37.794	
O1):-0.716	O2):27.784	
O1):-0.705	O2):27.416	
O1):-0.797	O2):35.498	
O1):-0.782	O2):33.721	
O1):-0.782	O2):33.721	
O1):-0.764	O2):32.169	
O1):-0.818	O2):38.524	
O1):-0.859	O2):53.205	
O1):-0.752	O2):32.701	
O1):-0.797	O2):35.498	
O1):-0.834	O2):43.798	
O1):-0.826	O2):44.588	
O1):-0.772	O2):33.971	
O1):-0.793	O2):41.387	
O1):-0.826	O2):42.912	
O1):-0.789	O2):34.114	
O1):-0.818	O2):38.238	
O1):-0.827	O2):43.602	
O1):-0.746	O2):30.156	
O1):-0.702	O2):27.51	
O1):-0.76	O2):31.642	
O1):-0.834	O2):44.918	
O1):-0.776	O2):33.043	
O1):-0.815	O2):39.816	
O1):-0.765	O2):32.568	
O1):-0.85	O2):48.083	
O1):-0.641	O2):26.46	
O1):-0.745	O2):31.147	
O1):-0.784	O2):34.14	
O1):-0.74	O2):29.384	
O1):-0.763	O2):34.056	
O1):-0.851	O2):49.959	
O1):-0.783	O2):33.732	
O1):-0.797	O2):34.712	
O1):-0.766	O2):32.638	
O1):-0.85	O2):48.083	
O1):-0.808	O2):38.512	
O1):-0.784	O2):34.088	
O1):-0.776	O2):33.043	
O1):-0.826	O2):43.456	
O1):-0.759	O2):31.464	
O1):-0.765	O2):32.198	
O1):-0.816	O2):37.766	
O1):-0.816	O2):37.766	
O1):-0.779	O2):33.075	
O1):-0.796	O2):37.468	
Evaluations:	2900
O1):-0.759	O2):31.464	
O1):-0.766	O2):33.061	
O1):-0.854	O2):58.578	
O1):-0.724	O2):28.267	
O1):-0.76	O2):31.706	
O1):-0.766	O2):32.484	
O1):-0.809	O2):38.635	
O1):-0.761	O2):31.956	
O1):-0.782	O2):33.283	
O1):-0.781	O2):33.32	
O1):-0.763	O2):32.533	
O1):-0.794	O2):36.481	
O1):-0.76	O2):31.766	
O1):-0.673	O2):26.724	
O1):-0.792	O2):43.536	
O1):-0.793	O2):36.827	
O1):-0.761	O2):31.956	
O1):-0.748	O2):31.29	
O1):-0.825	O2):42.512	
O1):-0.674	O2):26.732	
O1):-0.789	O2):37.81	
O1):-0.792	O2):35.179	
O1):-0.818	O2):43.393	
Starting PrismExecutor worker 2 on port 11452
O1):-0.703	O2):27.683	
Connected worker 2 to port 11452
O1):-0.763	O2):32.276	
O1):-0.863	O2):54.294	
O1):-0.853	O2):48.894	
O1):-0.799	O2):37.171	
O1):-0.841	O2):47.862	
O1):-0.785	O2):34.701	
O1):-0.827	O2):43.035	
O1):-0.84	O2):47.921	
O1):-0.836	O2):44.082	
O1):-0.762	O2):32.568	
O1):-0.81	O2):38.725	
O1):-0.785	O2):43.976	
O1):-0.759	O2):31.611	
O1):-0.724	O2):28.31	
O1):-0.775	O2):32.845	
O1):-0.785	O2):34.29	
O1):-0.833	O2):43.49	
O1):-0.816	O2):37.766	
O1):-0.759	O2):31.611	
O1):-0.732	O2):31.44	
O1):-0.781	O2):33.541	
O1):-0.81	O2):39.033	
O1):-0.69	O2):27.257	
O1):-0.708	O2):27.653	
O1):-0.801	O2):37.342	
O1):-0.775	O2):32.536	
O1):-0.834	O2):43.776	
O1):-0.765	O2):32.383	
O1):-0.834	O2):43.776	
O1):-0.825	O2):42.513	
O1):-0.779	O2):38.872	
O1):-0.793	O2):34.794	
O1):-0.762	O2):32.127	
O1):-0.842	O2):48.232	
O1):-0.799	O2):34.993	
O1):-0.842	O2):48.557	
O1):-0.733	O2):28.728	
O1):-0.71	O2):27.663	
O1):-0.7	O2):27.187	
O1):-0.814	O2):39.712	
O1):-0.836	O2):43.37	
O1):-0.825	O2):42.504	
O1):-0.815	O2):37.726	
O1):-0.778	O2):33.201	
O1):-0.776	O2):33.019	
O1):-0.795	O2):35.52	
O1):-0.776	O2):32.792	
O1):-0.799	O2):34.993	
O1):-0.777	O2):36.046	
O1):-0.834	O2):44.918	
O1):-0.758	O2):31.393	
O1):-0.779	O2):33.401	
O1):-0.806	O2):38.311	
O1):-0.647	O2):27.091	
O1):-0.704	O2):27.221	
O1):-0.778	O2):33.184	
O1):-0.769	O2):32.447	
O1):-0.755	O2):31.623	
O1):-0.78	O2):33.445	
O1):-0.824	O2):42.469	
O1):-0.787	O2):34.052	
O1):-0.786	O2):38.852	
O1):-0.761	O2):32.275	
O1):-0.715	O2):30.584	
O1):-0.774	O2):32.824	
O1):-0.776	O2):32.872	
O1):-0.821	O2):42.89	
O1):-0.775	O2):32.757	
O1):-0.728	O2):28.92	
O1):-0.815	O2):38.948	
O1):-0.693	O2):31.07	
O1):-0.861	O2):54.862	
O1):-0.692	O2):27.264	
O1):-0.794	O2):35.461	
O1):-0.76	O2):32.261	
O1):-0.793	O2):34.477	
O1):-0.801	O2):37.618	
O1):-0.772	O2):32.74	
O1):-0.791	O2):38.585	
O1):-0.734	O2):31.537	
O1):-0.766	O2):32.484	
O1):-0.799	O2):35.219	
O1):-0.783	O2):33.625	
O1):-0.812	O2):40.041	
O1):-0.723	O2):28.226	
O1):-0.723	O2):27.996	
O1):-0.782	O2):33.378	
O1):-0.763	O2):32.196	
O1):-0.79	O2):36.742	
O1):-0.818	O2):38.331	
O1):-0.747	O2):31.171	
O1):-0.825	O2):42.513	
O1):-0.643	O2):26.471	
O1):-0.744	O2):30.329	
O1):-0.728	O2):31.053	
O1):-0.781	O2):33.384	
Starting PrismExecutor worker 5 on port 11465
O1):-0.821	O2):42.892	
Connected worker 5 to port 11465
O1):-0.824	O2):42.417	
O1):-0.815	O2):39.817	
O1):-0.816	O2):37.766	
O1):-0.739	O2):30.946	
O1):-0.719	O2):28.106	
O1):-0.718	O2):27.453	
O1):-0.756	O2):33.204	
O1):-0.761	O2):31.957	
O1):-0.817	O2):38.107	
O1):-0.851	O2):49.959	
O1):-0.771	O2):33.985	
O1):-0.841	O2):47.862	
O1):-0.702	O2):27.095	
O1):-0.756	O2):31.62	
O1):-0.772	O2):33.509	
O1):-0.762	O2):32.142	
O1):-0.843	O2):49.418	
O1):-0.833	O2):42.511	
O1):-0.836	O2):44.382	
O1):-0.774	O2):32.726	
O1):-0.765	O2):32.383	
O1):-0.85	O2):48.565	
O1):-0.831	O2):42.901	
O1):-0.816	O2):37.894	
O1):-0.836	O2):44.003	
O1):-0.793	O2):34.55	
O1):-0.706	O2):27.626	
O1):-0.671	O2):26.488	
O1):-0.813	O2):39.311	
O1):-0.752	O2):32.707	
O1):-0.82	O2):44.624	
O1):-0.762	O2):32.345	
O1):-0.762	O2):32.143	
O1):-0.833	O2):42.511	
O1):-0.707	O2):28.208	
O1):-0.767	O2):33.069	
O1):-0.722	O2):28.536	
O1):-0.746	O2):31.478	
O1):-0.837	O2):44.536	
O1):-0.818	O2):40.529	
O1):-0.832	O2):42.492	
O1):-0.813	O2):39.311	
O1):-0.849	O2):49.535	
O1):-0.812	O2):39.422	
O1):-0.747	O2):30.387	
O1):-0.799	O2):37.171	
O1):-0.822	O2):39.172	
O1):-0.758	O2):31.393	
O1):-0.779	O2):38.316	
O1):-0.72	O2):27.943	
O1):-0.818	O2):38.363	
O1):-0.786	O2):34.124	
O1):-0.724	O2):28.31	
O1):-0.76	O2):32.329	
O1):-0.79	O2):34.816	
O1):-0.781	O2):33.759	
O1):-0.785	O2):43.974	
O1):-0.783	O2):33.416	
O1):-0.773	O2):34.03	
O1):-0.791	O2):40.808	
O1):-0.697	O2):26.873	
O1):-0.763	O2):32.276	
O1):-0.826	O2):42.767	
O1):-0.842	O2):48.532	
O1):-0.816	O2):37.759	
O1):-0.724	O2):28.351	
O1):-0.744	O2):30.329	
O1):-0.709	O2):27.667	
O1):-0.761	O2):31.907	
O1):-0.744	O2):30.329	
O1):-0.834	O2):44.918	
O1):-0.772	O2):38.049	
O1):-0.772	O2):33.577	
O1):-0.793	O2):35.294	
O1):-0.833	O2):42.511	
O1):-0.781	O2):33.384	
O1):-0.756	O2):31.3	
O1):-0.768	O2):32.575	
O1):-0.738	O2):29.127	
O1):-0.76	O2):32.329	
O1):-0.76	O2):31.773	
O1):-0.841	O2):47.862	
O1):-0.815	O2):39.816	
O1):-0.832	O2):43.178	
O1):-0.741	O2):31.165	
O1):-0.787	O2):34.87	
O1):-0.773	O2):34.03	
O1):-0.789	O2):34.331	
O1):-0.758	O2):31.393	
O1):-0.802	O2):37.854	
O1):-0.799	O2):34.993	
O1):-0.706	O2):27.393	
O1):-0.65	O2):26.181	
O1):-0.734	O2):31.947	
O1):-0.803	O2):37.99	
O1):-0.721	O2):27.723	
O1):-0.775	O2):32.749	
O1):-0.836	O2):45.49	
O1):-0.776	O2):36.096	
O1):-0.786	O2):33.93	
O1):-0.842	O2):49.383	
Starting PrismExecutor worker 0 on port 11450
O1):-0.745	O2):31.155	
Evaluations:	2700
O1):-0.748	O2):35.294	
Connected worker 0 to port 11450
O1):-0.814	O2):39.654	
O1):-0.803	O2):38.16	
O1):-0.825	O2):43.429	
O1):-0.825	O2):42.473	
O1):-0.835	O2):45.338	
O1):-0.773	O2):32.422	
O1):-0.833	O2):44.903	
O1):-0.738	O2):29.127	
O1):-0.833	O2):42.511	
O1):-0.828	O2):43.368	
O1):-0.697	O2):26.882	
O1):-0.834	O2):43.609	
O1):-0.771	O2):32.644	
O1):-0.79	O2):33.778	
O1):-0.74	O2):31.086	
O1):-0.741	O2):31.077	
O1):-0.82	O2):38.825	
O1):-0.72	O2):27.771	
O1):-0.722	O2):27.742	
O1):-0.804	O2):38.149	
O1):-0.768	O2):33.157	
O1):-0.816	O2):37.787	
O1):-0.71	O2):27.663	
O1):-0.803	O2):37.774	
O1):-0.801	O2):37.645	
O1):-0.802	O2):37.825	
O1):-0.844	O2):49.131	
O1):-0.778	O2):33.233	
O1):-0.834	O2):44.933	
O1):-0.813	O2):39.311	
O1):-0.691	O2):30.478	
O1):-0.826	O2):43.456	
O1):-0.725	O2):28.176	
O1):-0.747	O2):30.473	
O1):-0.833	O2):43.492	
O1):-0.781	O2):33.278	
O1):-0.788	O2):38.46	
O1):-0.852	O2):50.311	
O1):-0.816	O2):39.09	
O1):-0.8	O2):37.433	
O1):-0.772	O2):33.528	
O1):-0.776	O2):33.038	
O1):-0.764	O2):32.163	
O1):-0.817	O2):49.121	
O1):-0.808	O2):38.718	
O1):-0.765	O2):32.383	
O1):-0.745	O2):30.217	
O1):-0.795	O2):35.483	
O1):-0.758	O2):33.256	
O1):-0.795	O2):35.483	
O1):-0.732	O2):31.422	
O1):-0.745	O2):30.407	
O1):-0.716	O2):27.785	
O1):-0.76	O2):33.564	
O1):-0.836	O2):44.213	
O1):-0.779	O2):33.171	
O1):-0.748	O2):32.157	
O1):-0.828	O2):43.323	
O1):-0.767	O2):32.578	
O1):-0.707	O2):27.414	
O1):-0.745	O2):31.174	
O1):-0.811	O2):38.981	
O1):-0.791	O2):34.183	
O1):-0.782	O2):33.588	
O1):-0.674	O2):26.719	
O1):-0.812	O2):39.422	
O1):-0.705	O2):27.416	
O1):-0.852	O2):50.311	
O1):-0.768	O2):34.456	
O1):-0.716	O2):27.81	
O1):-0.72	O2):27.772	
O1):-0.747	O2):32.048	
O1):-0.772	O2):32.74	
O1):-0.704	O2):27.221	
O1):-0.774	O2):32.749	
O1):-0.71	O2):27.626	
O1):-0.8	O2):37.42	
O1):-0.782	O2):33.828	
O1):-0.851	O2):48.627	
O1):-0.803	O2):38.041	
O1):-0.751	O2):32.658	
O1):-0.725	O2):30.69	
O1):-0.828	O2):43.372	
O1):-0.683	O2):30.838	
O1):-0.759	O2):31.537	
O1):-0.761	O2):31.956	
O1):-0.709	O2):27.667	
O1):-0.787	O2):33.992	
O1):-0.815	O2):37.717	
O1):-0.795	O2):37.656	
Starting PrismExecutor worker 2 on port 11492
O1):-0.762	O2):32.143	
O1):-0.816	O2):40.069	
Connected worker 2 to port 11492
O1):-0.837	O2):44.534	
O1):-0.818	O2):38.331	
O1):-0.774	O2):32.962	
O1):-0.671	O2):26.478	
O1):-0.749	O2):35.336	
O1):-0.796	O2):34.679	
O1):-0.81	O2):38.8	
O1):-0.842	O2):49.459	
O1):-0.671	O2):26.53	
O1):-0.833	O2):42.511	
O1):-0.842	O2):47.136	
O1):-0.854	O2):49.482	
O1):-0.816	O2):37.942	
O1):-0.772	O2):32.391	
O1):-0.826	O2):43.456	
O1):-0.675	O2):26.738	
O1):-0.683	O2):30.789	
O1):-0.778	O2):33.421	
O1):-0.811	O2):38.905	
O1):-0.794	O2):37.858	
O1):-0.801	O2):37.618	
O1):-0.694	O2):26.539	
O1):-0.8	O2):37.941	
O1):-0.745	O2):31.241	
O1):-0.765	O2):32.474	
O1):-0.779	O2):33.171	
O1):-0.842	O2):47.183	
O1):-0.797	O2):41.124	
O1):-0.816	O2):37.847	
O1):-0.798	O2):37.053	
O1):-0.817	O2):37.935	
O1):-0.771	O2):32.646	
O1):-0.774	O2):32.962	
O1):-0.816	O2):37.78	
O1):-0.762	O2):31.819	
O1):-0.77	O2):35.878	
O1):-0.762	O2):31.988	
O1):-0.745	O2):31.155	
O1):-0.769	O2):35.845	
O1):-0.708	O2):27.654	
O1):-0.816	O2):37.894	
O1):-0.838	O2):44.62	
O1):-0.75	O2):32.093	
O1):-0.815	O2):39.816	
O1):-0.701	O2):27.201	
O1):-0.734	O2):28.643	
O1):-0.827	O2):43.605	
O1):-0.744	O2):30.329	
O1):-0.706	O2):28.011	
O1):-0.782	O2):33.687	
O1):-0.755	O2):33.08	
O1):-0.768	O2):33.005	
O1):-0.795	O2):34.137	
O1):-0.716	O2):27.785	
O1):-0.813	O2):39.311	
O1):-0.776	O2):32.932	
O1):-0.779	O2):33.172	
O1):-0.76	O2):31.684	
O1):-0.842	O2):48.553	
O1):-0.709	O2):28.476	
O1):-0.809	O2):38.639	
O1):-0.767	O2):33.871	
O1):-0.838	O2):44.62	
O1):-0.767	O2):32.584	
O1):-0.816	O2):37.878	
O1):-0.726	O2):28.73	
O1):-0.801	O2):37.342	
O1):-0.822	O2):39.192	
O1):-0.787	O2):39.345	
O1):-0.795	O2):37.008	
O1):-0.825	O2):43.306	
O1):-0.839	O2):49.317	
O1):-0.724	O2):29.231	
O1):-0.762	O2):31.989	
O1):-0.761	O2):31.763	
O1):-0.834	O2):43.418	
O1):-0.75	O2):43.747	
O1):-0.759	O2):32.077	
O1):-0.775	O2):36.835	
O1):-0.851	O2):49.959	
O1):-0.851	O2):49.959	
O1):-0.788	O2):34.738	
O1):-0.751	O2):32.611	
O1):-0.721	O2):27.723	
O1):-0.802	O2):37.854	
O1):-0.79	O2):36.742	
O1):-0.701	O2):26.898	
O1):-0.786	O2):39.018	
O1):-0.778	O2):33.421	
O1):-0.758	O2):31.393	
O1):-0.745	O2):30.407	
O1):-0.748	O2):31.309	
O1):-0.806	O2):38.311	
O1):-0.811	O2):38.905	
O1):-0.778	O2):33.233	
O1):-0.836	O2):57.87	
O1):-0.826	O2):42.767	
Starting PrismExecutor worker 5 on port 11445
O1):-0.756	O2):36.756	
O1):-0.835	O2):44.024	
Connected worker 5 to port 11445
O1):-0.797	O2):37.15	
O1):-0.801	O2):37.645	
O1):-0.854	O2):49.481	
O1):-0.81	O2):38.722	
O1):-0.759	O2):32.077	
O1):-0.771	O2):32.646	
O1):-0.842	O2):47.183	
O1):-0.76	O2):31.706	
O1):-0.74	O2):31.086	
O1):-0.812	O2):39.422	
O1):-0.842	O2):48.078	
O1):-0.837	O2):57.982	
O1):-0.776	O2):32.762	
O1):-0.704	O2):27.221	
O1):-0.832	O2):42.492	
O1):-0.778	O2):33.421	
O1):-0.697	O2):26.884	
O1):-0.697	O2):26.882	
O1):-0.863	O2):54.294	
O1):-0.767	O2):32.468	
O1):-0.834	O2):44.933	
O1):-0.818	O2):38.344	
O1):-0.77	O2):38.63	
O1):-0.759	O2):32.199	
O1):-0.834	O2):47.527	
O1):-0.786	O2):33.93	
O1):-0.761	O2):31.78	
O1):-0.671	O2):26.525	
O1):-0.816	O2):37.869	
O1):-0.757	O2):31.611	
O1):-0.675	O2):26.738	
O1):-0.802	O2):37.71	
O1):-0.746	O2):30.384	
O1):-0.722	O2):27.818	
O1):-0.819	O2):38.459	
O1):-0.724	O2):28.318	
O1):-0.831	O2):42.9	
O1):-0.833	O2):44.902	
O1):-0.828	O2):43.323	
O1):-0.833	O2):44.815	
O1):-0.702	O2):27.095	
O1):-0.719	O2):28.104	
O1):-0.859	O2):54.151	
O1):-0.824	O2):43.588	
O1):-0.775	O2):32.762	
O1):-0.799	O2):34.993	
O1):-0.817	O2):37.908	
O1):-0.796	O2):36.845	
O1):-0.818	O2):38.238	
O1):-0.789	O2):44.513	
O1):-0.786	O2):38.823	
O1):-0.825	O2):42.61	
O1):-0.792	O2):43.212	
O1):-0.816	O2):37.787	
O1):-0.79	O2):34.816	
O1):-0.845	O2):49.429	
O1):-0.769	O2):32.447	
O1):-0.78	O2):33.505	
O1):-0.793	O2):34.749	
O1):-0.786	O2):34.124	
O1):-0.836	O2):45.494	
O1):-0.703	O2):27.242	
O1):-0.813	O2):39.311	
O1):-0.708	O2):27.488	
O1):-0.816	O2):37.759	
O1):-0.792	O2):43.234	
O1):-0.728	O2):28.977	
O1):-0.845	O2):49.994	
O1):-0.801	O2):37.508	
O1):-0.792	O2):37.383	
O1):-0.774	O2):32.962	
O1):-0.776	O2):32.939	
O1):-0.759	O2):32.063	
O1):-0.796	O2):36.558	
O1):-0.818	O2):43.393	
O1):-0.773	O2):32.384	
O1):-0.822	O2):39.192	
O1):-0.759	O2):32.006	
O1):-0.798	O2):34.907	
O1):-0.798	O2):37.938	
O1):-0.784	O2):33.789	
O1):-0.75	O2):31.691	
O1):-0.794	O2):37.026	
O1):-0.817	O2):37.935	
O1):-0.828	O2):44.015	
O1):-0.733	O2):28.728	
O1):-0.835	O2):48.32	
O1):-0.692	O2):27.264	
O1):-0.703	O2):27.152	
O1):-0.844	O2):48.463	
O1):-0.767	O2):32.451	
O1):-0.797	O2):34.669	
O1):-0.816	O2):37.766	
O1):-0.819	O2):38.425	
O1):-0.812	O2):39.422	
O1):-0.776	O2):32.793	
O1):-0.791	O2):34.183	
O1):-0.777	O2):36.201	
O1):-0.749	O2):31.513	
O1):-0.836	O2):45.44	
O1):-0.815	O2):39.816	
O1):-0.811	O2):38.905	
O1):-0.76	O2):31.81	
O1):-0.749	O2):31.513	
O1):-0.774	O2):32.893	
Starting PrismExecutor worker 3 on port 11453
O1):-0.705	O2):27.628	
Connected worker 3 to port 11453
O1):-0.727	O2):28.732	
O1):-0.674	O2):26.719	
O1):-0.784	O2):36.437	
O1):-0.817	O2):38.37	
O1):-0.748	O2):31.284	
O1):-0.815	O2):39.782	
O1):-0.842	O2):48.532	
O1):-0.714	O2):30.565	
O1):-0.674	O2):26.732	
O1):-0.853	O2):49.185	
O1):-0.772	O2):38.781	
O1):-0.78	O2):33.601	
O1):-0.756	O2):31.3	
O1):-0.72	O2):27.719	
O1):-0.779	O2):33.198	
O1):-0.804	O2):38.07	
O1):-0.775	O2):32.836	
O1):-0.794	O2):35.5	
O1):-0.817	O2):40.228	
O1):-0.775	O2):33.048	
O1):-0.705	O2):27.464	
O1):-0.718	O2):27.507	
O1):-0.739	O2):32.789	
O1):-0.815	O2):37.742	
O1):-0.762	O2):32.249	
O1):-0.841	O2):47.862	
O1):-0.772	O2):32.393	
O1):-0.716	O2):27.91	
O1):-0.859	O2):53.205	
O1):-0.732	O2):31.422	
O1):-0.858	O2):53.184	
O1):-0.72	O2):27.772	
O1):-0.833	O2):43.476	
O1):-0.816	O2):37.766	
O1):-0.722	O2):27.818	
O1):-0.758	O2):31.33	
O1):-0.814	O2):41.365	
O1):-0.739	O2):29.334	
O1):-0.73	O2):29.108	
O1):-0.782	O2):33.721	
O1):-0.762	O2):32.249	
O1):-0.768	O2):32.366	
O1):-0.773	O2):32.526	
O1):-0.773	O2):34.305	
O1):-0.812	O2):39.998	
O1):-0.842	O2):49.285	
O1):-0.732	O2):32.043	
O1):-0.836	O2):43.523	
O1):-0.854	O2):58.579	
O1):-0.826	O2):42.767	
O1):-0.833	O2):44.817	
O1):-0.76	O2):31.77	
O1):-0.749	O2):31.554	
O1):-0.671	O2):26.488	
O1):-0.758	O2):36.536	
O1):-0.834	O2):43.61	
O1):-0.801	O2):37.652	
O1):-0.745	O2):30.217	
O1):-0.799	O2):37.922	
O1):-0.748	O2):31.395	
O1):-0.675	O2):26.738	
O1):-0.862	O2):54.879	
O1):-0.786	O2):34.124	
O1):-0.782	O2):33.396	
O1):-0.859	O2):53.205	
O1):-0.842	O2):48.077	
O1):-0.82	O2):38.84	
O1):-0.761	O2):31.864	
O1):-0.793	O2):34.551	
O1):-0.787	O2):34.052	
O1):-0.795	O2):36.584	
O1):-0.808	O2):38.718	
O1):-0.674	O2):26.719	
O1):-0.755	O2):31.619	
O1):-0.776	O2):32.872	
O1):-0.721	O2):27.772	
O1):-0.673	O2):26.724	
O1):-0.833	O2):44.086	
O1):-0.756	O2):31.3	
O1):-0.775	O2):32.757	
O1):-0.819	O2):38.653	
O1):-0.819	O2):38.653	
O1):-0.698	O2):27.082	
O1):-0.775	O2):32.758	
O1):-0.755	O2):31.326	
O1):-0.812	O2):39.589	
O1):-0.795	O2):34.733	
O1):-0.816	O2):37.853	
O1):-0.787	O2):34.216	
O1):-0.78	O2):33.425	
O1):-0.8	O2):35.519	
O1):-0.78	O2):33.901	
O1):-0.77	O2):34.156	
O1):-0.859	O2):53.205	
O1):-0.8	O2):37.222	
O1):-0.858	O2):53.864	
O1):-0.767	O2):33.12	
O1):-0.763	O2):32.276	
O1):-0.801	O2):37.342	
O1):-0.813	O2):39.311	
O1):-0.812	O2):39.422	
O1):-0.859	O2):54.152	
O1):-0.792	O2):43.231	
Starting PrismExecutor worker 4 on port 11474
O1):-0.816	O2):37.829	
O1):-0.776	O2):32.792	
Connected worker 4 to port 11474
O1):-0.795	O2):34.195	
O1):-0.779	O2):33.081	
O1):-0.743	O2):30.163	
O1):-0.743	O2):32.527	
O1):-0.801	O2):35.579	
O1):-0.789	O2):34.114	
O1):-0.826	O2):42.912	
Evaluations:	2900
O1):-0.793	O2):34.653	
O1):-0.833	O2):44.085	
O1):-0.772	O2):33.477	
O1):-0.806	O2):37.97	
O1):-0.728	O2):28.976	
O1):-0.765	O2):32.224	
O1):-0.827	O2):43.463	
O1):-0.776	O2):32.847	
O1):-0.797	O2):34.671	
O1):-0.708	O2):27.432	
O1):-0.779	O2):33.569	
O1):-0.697	O2):26.828	
O1):-0.836	O2):57.87	
O1):-0.834	O2):44.918	
O1):-0.694	O2):26.54	
O1):-0.836	O2):57.87	
O1):-0.776	O2):33.043	
O1):-0.795	O2):38.657	
O1):-0.785	O2):33.748	
O1):-0.818	O2):38.363	
O1):-0.833	O2):43.476	
O1):-0.8	O2):37.941	
O1):-0.71	O2):27.626	
O1):-0.75	O2):38.747	
O1):-0.842	O2):49.268	
O1):-0.765	O2):32.474	
O1):-0.782	O2):33.588	
O1):-0.743	O2):31.121	
O1):-0.803	O2):37.864	
Evaluations:	2500
O1):-0.781	O2):33.759	
O1):-0.742	O2):29.279	
O1):-0.719	O2):28.107	
O1):-0.817	O2):42.044	
O1):-0.825	O2):42.498	
O1):-0.795	O2):35.521	
O1):-0.839	O2):49.312	
O1):-0.834	O2):47.527	
O1):-0.79	O2):33.768	
O1):-0.785	O2):34.002	
O1):-0.764	O2):32.163	
O1):-0.785	O2):34.701	
O1):-0.862	O2):54.879	
O1):-0.793	O2):44.351	
O1):-0.654	O2):26.423	
O1):-0.804	O2):38.07	
O1):-0.702	O2):27.132	
O1):-0.795	O2):36.769	
O1):-0.761	O2):34.3	
O1):-0.816	O2):37.766	
O1):-0.815	O2):38.948	
O1):-0.715	O2):30.732	
O1):-0.781	O2):33.761	
O1):-0.816	O2):37.894	
O1):-0.725	O2):28.176	
O1):-0.741	O2):38.826	
O1):-0.763	O2):32.208	
O1):-0.776	O2):32.999	
Evaluations:	2600
O1):-0.8	O2):37.941	
O1):-0.825	O2):43.809	
O1):-0.835	O2):44.22	
O1):-0.763	O2):32.202	
O1):-0.762	O2):32.207	
O1):-0.701	O2):27.2	
O1):-0.741	O2):31.139	
O1):-0.841	O2):47.862	
O1):-0.816	O2):37.766	
O1):-0.749	O2):31.554	
O1):-0.818	O2):38.238	
O1):-0.705	O2):27.17	
O1):-0.794	O2):35.5	
O1):-0.826	O2):42.767	
O1):-0.774	O2):32.753	
O1):-0.825	O2):43.813	
O1):-0.738	O2):29.127	
O1):-0.761	O2):34.299	
O1):-0.807	O2):38.537	
O1):-0.705	O2):27.464	
O1):-0.722	O2):27.818	
O1):-0.798	O2):34.907	
O1):-0.775	O2):35.594	
O1):-0.743	O2):31.121	
Starting PrismExecutor worker 2 on port 11482
O1):-0.831	O2):44.595	
O1):-0.697	O2):26.882	
Connected worker 2 to port 11482
O1):-0.643	O2):26.472	
O1):-0.835	O2):43.759	
O1):-0.69	O2):26.988	
O1):-0.724	O2):28.31	
O1):-0.75	O2):31.811	
O1):-0.739	O2):29.334	
O1):-0.787	O2):34.052	
O1):-0.852	O2):50.3	
O1):-0.727	O2):28.732	
O1):-0.745	O2):30.407	
O1):-0.757	O2):31.611	
O1):-0.841	O2):47.942	
O1):-0.811	O2):38.933	
O1):-0.833	O2):43.641	
O1):-0.804	O2):38.149	
Evaluations:	3100
O1):-0.767	O2):32.749	
O1):-0.818	O2):43.393	
O1):-0.794	O2):35.5	
O1):-0.751	O2):29.46	
O1):-0.781	O2):33.761	
O1):-0.82	O2):42.685	
O1):-0.71	O2):28.352	
O1):-0.768	O2):32.366	
O1):-0.738	O2):29.127	
O1):-0.818	O2):38.331	
O1):-0.761	O2):31.908	
O1):-0.654	O2):26.423	
O1):-0.853	O2):48.894	
O1):-0.795	O2):34.218	
O1):-0.778	O2):33.233	
O1):-0.719	O2):28.107	
O1):-0.673	O2):26.824	
O1):-0.862	O2):54.879	
O1):-0.853	O2):48.894	
O1):-0.801	O2):37.342	
O1):-0.8	O2):37.941	
O1):-0.701	O2):26.903	
O1):-0.72	O2):27.749	
O1):-0.816	O2):37.766	
O1):-0.801	O2):37.437	
O1):-0.815	O2):37.717	
O1):-0.75	O2):32.702	
O1):-0.762	O2):32.12	
O1):-0.794	O2):37.026	
O1):-0.776	O2):32.872	
O1):-0.827	O2):43.463	
O1):-0.675	O2):26.739	
O1):-0.696	O2):26.818	
O1):-0.81	O2):48.147	
O1):-0.862	O2):54.879	
O1):-0.769	O2):36.185	
O1):-0.702	O2):27.211	
O1):-0.834	O2):43.611	
Evaluations:	2700
O1):-0.833	O2):43.492	
O1):-0.741	O2):31.301	
O1):-0.724	O2):29.231	
O1):-0.778	O2):32.966	
O1):-0.715	O2):30.732	
O1):-0.745	O2):31.147	
O1):-0.793	O2):36.467	
O1):-0.797	O2):36.865	
O1):-0.843	O2):49.418	
O1):-0.705	O2):27.448	
O1):-0.762	O2):32.207	
O1):-0.69	O2):27.257	
O1):-0.817	O2):37.908	
O1):-0.76	O2):31.684	
O1):-0.82	O2):38.706	
O1):-0.829	O2):43.497	
O1):-0.825	O2):42.566	
O1):-0.76	O2):31.684	
O1):-0.799	O2):37.294	
O1):-0.797	O2):34.667	
O1):-0.722	O2):28.536	
O1):-0.8	O2):37.42	
O1):-0.807	O2):38.495	
O1):-0.641	O2):26.46	
O1):-0.755	O2):32.979	
O1):-0.808	O2):38.3	
O1):-0.77	O2):33.646	
O1):-0.697	O2):26.828	
Evaluations:	2800
O1):-0.816	O2):37.766	
O1):-0.744	O2):30.402	
O1):-0.785	O2):34.291	
O1):-0.806	O2):41.761	
O1):-0.826	O2):43.456	
O1):-0.701	O2):26.903	
O1):-0.762	O2):32.207	
O1):-0.818	O2):40.365	
O1):-0.72	O2):27.943	
O1):-0.809	O2):38.639	
Starting PrismExecutor worker 3 on port 11483
O1):-0.82	O2):38.84	
O1):-0.827	O2):43.035	
O1):-0.817	O2):40.228	
O1):-0.801	O2):37.645	
Connected worker 3 to port 11483
O1):-0.763	O2):32.154	
O1):-0.803	O2):42.546	
O1):-0.825	O2):42.56	
O1):-0.815	O2):39.782	
O1):-0.692	O2):27.264	
O1):-0.821	O2):39.129	
O1):-0.762	O2):31.989	
O1):-0.782	O2):33.924	
O1):-0.768	O2):34.416	
O1):-0.722	O2):28.536	
O1):-0.796	O2):34.709	
O1):-0.817	O2):37.908	
O1):-0.671	O2):26.524	
O1):-0.765	O2):32.383	
O1):-0.747	O2):31.959	
O1):-0.791	O2):34.323	
O1):-0.756	O2):31.3	
O1):-0.787	O2):39.296	
O1):-0.767	O2):32.965	
O1):-0.818	O2):43.393	
O1):-0.819	O2):38.642	
O1):-0.721	O2):27.772	
O1):-0.76	O2):31.684	
O1):-0.817	O2):37.908	
O1):-0.85	O2):48.083	
O1):-0.784	O2):33.959	
O1):-0.819	O2):38.457	
O1):-0.698	O2):27.082	
O1):-0.789	O2):34.978	
O1):-0.659	O2):27.36	
O1):-0.833	O2):42.511	
O1):-0.724	O2):28.351	
O1):-0.777	O2):33.017	
O1):-0.716	O2):27.784	
O1):-0.788	O2):39.269	
O1):-0.779	O2):33.401	
O1):-0.795	O2):34.652	
O1):-0.811	O2):38.93	
O1):-0.819	O2):38.653	
O1):-0.834	O2):43.764	
O1):-0.749	O2):35.368	
O1):-0.745	O2):31.283	
O1):-0.746	O2):30.384	
O1):-0.784	O2):33.656	
O1):-0.678	O2):27.172	
O1):-0.824	O2):43.271	
O1):-0.726	O2):29.047	
O1):-0.815	O2):37.742	
O1):-0.729	O2):29.067	
O1):-0.689	O2):27.022	
O1):-0.786	O2):34.005	
O1):-0.818	O2):38.317	
O1):-0.798	O2):37.154	
O1):-0.72	O2):27.943	
O1):-0.747	O2):32.048	
O1):-0.787	O2):34.87	
O1):-0.705	O2):28.715	
O1):-0.817	O2):38.022	
O1):-0.711	O2):27.732	
O1):-0.73	O2):31.24	
O1):-0.78	O2):33.42	
O1):-0.806	O2):38.873	
O1):-0.721	O2):28.491	
O1):-0.722	O2):29.026	
O1):-0.816	O2):37.894	
Evaluations:	2800
O1):-0.692	O2):27.22	
O1):-0.828	O2):47.768	
O1):-0.704	O2):27.228	
O1):-0.772	O2):33.525	
O1):-0.81	O2):42.367	
O1):-0.815	O2):37.736	
O1):-0.825	O2):42.495	
O1):-0.828	O2):43.366	
O1):-0.782	O2):33.721	
O1):-0.79	O2):37.042	
O1):-0.703	O2):27.738	
O1):-0.85	O2):48.289	
O1):-0.816	O2):40.068	
O1):-0.708	O2):27.431	
O1):-0.799	O2):37.324	
O1):-0.809	O2):38.639	
O1):-0.78	O2):33.62	
O1):-0.723	O2):28.3	
O1):-0.78	O2):33.329	
O1):-0.735	O2):28.609	
O1):-0.776	O2):32.778	
O1):-0.769	O2):32.971	
O1):-0.808	O2):38.722	
O1):-0.774	O2):32.966	
O1):-0.798	O2):37.154	
O1):-0.836	O2):57.87	
O1):-0.746	O2):30.491	
O1):-0.851	O2):49.959	
O1):-0.783	O2):37.224	
Starting PrismExecutor worker 4 on port 11444
O1):-0.778	O2):33.184	
O1):-0.855	O2):54.3	
Connected worker 4 to port 11444
O1):-0.851	O2):49.959	
O1):-0.757	O2):31.564	
O1):-0.851	O2):49.959	
O1):-0.799	O2):37.324	
O1):-0.705	O2):27.336	
O1):-0.7	O2):27.187	
O1):-0.801	O2):37.437	
O1):-0.798	O2):35.853	
O1):-0.837	O2):44.139	
O1):-0.844	O2):49.129	
O1):-0.783	O2):34.18	
O1):-0.834	O2):43.418	
O1):-0.808	O2):38.718	
O1):-0.775	O2):33.159	
O1):-0.762	O2):31.988	
O1):-0.719	O2):27.752	
O1):-0.74	O2):29.384	
O1):-0.759	O2):31.736	
O1):-0.776	O2):32.999	
O1):-0.746	O2):31.244	
O1):-0.776	O2):33.043	
O1):-0.81	O2):38.724	
O1):-0.816	O2):37.759	
O1):-0.858	O2):53.864	
O1):-0.807	O2):38.495	
O1):-0.816	O2):37.782	
O1):-0.812	O2):39.281	
O1):-0.815	O2):37.717	
O1):-0.765	O2):32.224	
O1):-0.781	O2):33.781	
O1):-0.827	O2):43.463	
O1):-0.807	O2):51.36	
O1):-0.814	O2):39.666	
O1):-0.853	O2):49.174	
O1):-0.743	O2):30.163	
O1):-0.785	O2):39.119	
O1):-0.73	O2):31.243	
O1):-0.786	O2):34.091	
O1):-0.694	O2):27.278	
O1):-0.795	O2):44.928	
O1):-0.728	O2):32.954	
O1):-0.781	O2):33.334	
O1):-0.718	O2):27.508	
O1):-0.807	O2):38.256	
O1):-0.781	O2):33.384	
O1):-0.853	O2):49.184	
O1):-0.789	O2):34.114	
O1):-0.799	O2):37.294	
O1):-0.818	O2):38.329	
O1):-0.673	O2):26.824	
O1):-0.794	O2):38.566	
O1):-0.787	O2):38.16	
O1):-0.797	O2):35.741	
O1):-0.811	O2):38.981	
O1):-0.783	O2):33.732	
O1):-0.719	O2):28.104	
O1):-0.804	O2):38.149	
O1):-0.741	O2):31.162	
O1):-0.795	O2):35.52	
O1):-0.714	O2):27.387	
Evaluations:	2700
O1):-0.775	O2):32.818	
O1):-0.804	O2):38.07	
O1):-0.761	O2):31.957	
O1):-0.816	O2):37.759	
O1):-0.827	O2):43.463	
O1):-0.701	O2):27.2	
O1):-0.8	O2):37.448	
O1):-0.8	O2):37.941	
O1):-0.779	O2):33.081	
O1):-0.831	O2):42.9	
O1):-0.811	O2):39.304	
O1):-0.691	O2):30.359	
O1):-0.836	O2):45.44	
O1):-0.833	O2):44.768	
O1):-0.827	O2):43.035	
O1):-0.826	O2):43.327	
O1):-0.807	O2):38.495	
O1):-0.72	O2):27.749	
O1):-0.786	O2):33.628	
O1):-0.815	O2):37.726	
O1):-0.801	O2):35.613	
Evaluations:	3000
O1):-0.721	O2):29.027	
O1):-0.776	O2):32.762	
O1):-0.779	O2):33.401	
O1):-0.811	O2):38.981	
O1):-0.786	O2):34.124	
Starting PrismExecutor worker 1 on port 11451
O1):-0.733	O2):31.356	
O1):-0.749	O2):31.513	
Connected worker 1 to port 11451
O1):-0.786	O2):34.005	
O1):-0.794	O2):35.5	
O1):-0.804	O2):38.07	
O1):-0.763	O2):32.202	
O1):-0.724	O2):28.31	
O1):-0.786	O2):33.93	
O1):-0.818	O2):38.344	
O1):-0.738	O2):29.127	
O1):-0.724	O2):28.31	
O1):-0.762	O2):32.207	
O1):-0.779	O2):33.066	
O1):-0.842	O2):49.268	
O1):-0.836	O2):44.003	
O1):-0.795	O2):34.652	
O1):-0.833	O2):43.49	
O1):-0.82	O2):42.462	
O1):-0.749	O2):32.683	
O1):-0.757	O2):33.555	
O1):-0.75	O2):36.624	
O1):-0.837	O2):44.534	
O1):-0.75	O2):32.298	
O1):-0.842	O2):48.077	
O1):-0.776	O2):32.762	
O1):-0.795	O2):34.172	
O1):-0.797	O2):34.712	
O1):-0.795	O2):34.172	
O1):-0.74	O2):31.086	
O1):-0.763	O2):32.196	
O1):-0.693	O2):27.235	
O1):-0.778	O2):33.48	
O1):-0.77	O2):33.313	
O1):-0.815	O2):37.742	
O1):-0.845	O2):48.833	
O1):-0.755	O2):33.081	
O1):-0.733	O2):28.728	
O1):-0.844	O2):49.129	
O1):-0.796	O2):37.735	
O1):-0.797	O2):35.741	
O1):-0.837	O2):57.982	
O1):-0.765	O2):32.568	
O1):-0.814	O2):39.654	
O1):-0.82	O2):38.84	
O1):-0.721	O2):27.772	
O1):-0.823	O2):43.107	
O1):-0.703	O2):27.152	
O1):-0.851	O2):48.585	
O1):-0.801	O2):37.583	
O1):-0.772	O2):32.674	
O1):-0.811	O2):38.981	
O1):-0.732	O2):31.422	
O1):-0.719	O2):28.104	
O1):-0.773	O2):32.384	
O1):-0.793	O2):34.55	
O1):-0.723	O2):29.131	
O1):-0.819	O2):38.457	
O1):-0.708	O2):27.431	
O1):-0.786	O2):33.628	
O1):-0.803	O2):37.838	
O1):-0.817	O2):38.022	
O1):-0.787	O2):38.16	
O1):-0.791	O2):34.436	
O1):-0.833	O2):44.086	
O1):-0.833	O2):43.28	
O1):-0.784	O2):36.445	
O1):-0.674	O2):26.732	
O1):-0.81	O2):38.722	
O1):-0.768	O2):32.575	
O1):-0.81	O2):38.722	
O1):-0.761	O2):31.956	
O1):-0.72	O2):28.274	
O1):-0.791	O2):34.543	
O1):-0.76	O2):31.684	
O1):-0.815	O2):38.948	
O1):-0.778	O2):36.311	
O1):-0.806	O2):38.17	
O1):-0.739	O2):32.79	
O1):-0.859	O2):53.205	
O1):-0.755	O2):31.348	
O1):-0.743	O2):31.121	
O1):-0.815	O2):38.948	
O1):-0.786	O2):33.93	
O1):-0.792	O2):36.343	
O1):-0.73	O2):29.108	
O1):-0.721	O2):29.08	
O1):-0.691	O2):30.433	
O1):-0.803	O2):37.863	
O1):-0.767	O2):32.662	
O1):-0.776	O2):32.872	
O1):-0.837	O2):44.674	
O1):-0.737	O2):28.24	
O1):-0.764	O2):32.358	
O1):-0.803	O2):37.774	
O1):-0.801	O2):37.521	
O1):-0.708	O2):27.443	
O1):-0.787	O2):34.052	
O1):-0.817	O2):37.908	
O1):-0.714	O2):30.605	
Starting PrismExecutor worker 5 on port 11475
O1):-0.854	O2):58.578	
O1):-0.781	O2):36.679	
Connected worker 5 to port 11475
O1):-0.787	O2):34.87	
O1):-0.678	O2):27.172	
O1):-0.817	O2):37.935	
O1):-0.825	O2):42.633	
O1):-0.782	O2):33.68	
O1):-0.776	O2):32.762	
O1):-0.818	O2):40.365	
O1):-0.787	O2):33.992	
O1):-0.842	O2):47.136	
O1):-0.724	O2):32.378	
O1):-0.825	O2):42.504	
O1):-0.719	O2):28.198	
O1):-0.797	O2):35.827	
O1):-0.784	O2):34.14	
O1):-0.794	O2):35.555	
O1):-0.706	O2):27.516	
O1):-0.795	O2):34.171	
O1):-0.805	O2):44.578	
O1):-0.836	O2):43.37	
O1):-0.802	O2):37.854	
O1):-0.75	O2):34.604	
O1):-0.722	O2):28.534	
O1):-0.767	O2):32.578	
O1):-0.815	O2):37.717	
O1):-0.801	O2):37.342	
O1):-0.774	O2):33.033	
O1):-0.803	O2):38.041	
O1):-0.768	O2):32.366	
O1):-0.774	O2):32.962	
O1):-0.818	O2):38.331	
O1):-0.817	O2):38.23	
O1):-0.816	O2):40.069	
O1):-0.811	O2):41.366	
O1):-0.816	O2):37.782	
O1):-0.81	O2):38.801	
O1):-0.745	O2):30.217	
O1):-0.853	O2):48.894	
O1):-0.707	O2):27.408	
O1):-0.741	O2):31.062	
O1):-0.761	O2):31.864	
O1):-0.787	O2):34.87	
O1):-0.81	O2):38.722	
O1):-0.791	O2):34.323	
O1):-0.73	O2):29.108	
O1):-0.785	O2):33.817	
O1):-0.799	O2):37.324	
O1):-0.787	O2):39.293	
O1):-0.79	O2):33.778	
O1):-0.824	O2):42.361	
O1):-0.722	O2):28.536	
O1):-0.72	O2):27.943	
O1):-0.756	O2):31.3	
O1):-0.744	O2):31.165	
O1):-0.764	O2):32.169	
O1):-0.786	O2):34.005	
O1):-0.779	O2):33.033	
O1):-0.837	O2):44.534	
O1):-0.722	O2):27.765	
O1):-0.777	O2):39.485	
O1):-0.759	O2):32.006	
O1):-0.729	O2):29.07	
O1):-0.7	O2):27.187	
O1):-0.746	O2):30.491	
O1):-0.782	O2):33.831	
O1):-0.836	O2):57.87	
O1):-0.838	O2):44.62	
O1):-0.74	O2):31.086	
O1):-0.765	O2):32.198	
O1):-0.73	O2):31.243	
O1):-0.743	O2):30.163	
O1):-0.824	O2):43.174	
O1):-0.7	O2):27.187	
O1):-0.85	O2):53.986	
O1):-0.671	O2):26.524	
O1):-0.783	O2):33.809	
O1):-0.793	O2):34.653	
O1):-0.834	O2):44.933	
O1):-0.726	O2):28.73	
O1):-0.7	O2):26.896	
O1):-0.803	O2):37.863	
O1):-0.839	O2):49.316	
O1):-0.785	O2):34.701	
O1):-0.738	O2):29.127	
O1):-0.714	O2):30.605	
O1):-0.816	O2):40.202	
O1):-0.745	O2):31.283	
O1):-0.784	O2):34.14	
O1):-0.728	O2):28.922	
O1):-0.816	O2):37.829	
O1):-0.787	O2):34.216	
O1):-0.795	O2):35.52	
O1):-0.813	O2):39.312	
O1):-0.779	O2):33.569	
O1):-0.843	O2):48.505	
O1):-0.817	O2):42.044	
O1):-0.751	O2):32.581	
O1):-0.772	O2):32.725	
O1):-0.745	O2):31.28	
O1):-0.801	O2):37.437	
O1):-0.779	O2):33.305	
O1):-0.74	O2):31.086	
Starting PrismExecutor worker 0 on port 11480
O1):-0.818	O2):40.365	
O1):-0.836	O2):43.37	
Connected worker 0 to port 11480
O1):-0.784	O2):36.437	
O1):-0.81	O2):39.033	
O1):-0.835	O2):43.894	
O1):-0.765	O2):32.274	
O1):-0.78	O2):33.42	
O1):-0.705	O2):27.812	
O1):-0.786	O2):33.922	
O1):-0.697	O2):26.882	
O1):-0.781	O2):33.278	
O1):-0.825	O2):42.504	
O1):-0.8	O2):37.222	
O1):-0.803	O2):53.14	
O1):-0.853	O2):48.894	
O1):-0.832	O2):43.546	
O1):-0.756	O2):31.62	
O1):-0.791	O2):36.818	
O1):-0.8	O2):35.486	
O1):-0.802	O2):39.462	
O1):-0.72	O2):27.943	
O1):-0.776	O2):33.043	
O1):-0.776	O2):32.931	
O1):-0.671	O2):26.488	
O1):-0.8	O2):37.42	
O1):-0.796	O2):37.736	
O1):-0.809	O2):40.359	
O1):-0.837	O2):44.521	
O1):-0.806	O2):38.272	
O1):-0.806	O2):38.311	
O1):-0.853	O2):49.189	
O1):-0.801	O2):37.557	
O1):-0.786	O2):34.124	
O1):-0.781	O2):33.456	
O1):-0.81	O2):38.801	
O1):-0.803	O2):37.863	
O1):-0.747	O2):31.171	
O1):-0.793	O2):35.382	
O1):-0.798	O2):35.853	
O1):-0.806	O2):38.891	
Evaluations:	2800
O1):-0.723	O2):27.996	
O1):-0.778	O2):33.221	
O1):-0.789	O2):44.513	
O1):-0.804	O2):38.087	
O1):-0.757	O2):33.232	
O1):-0.809	O2):38.639	
O1):-0.777	O2):33.96	
O1):-0.708	O2):27.443	
O1):-0.779	O2):33.171	
O1):-0.836	O2):45.44	
O1):-0.791	O2):34.183	
O1):-0.746	O2):31.479	
O1):-0.801	O2):37.618	
O1):-0.721	O2):27.723	
O1):-0.776	O2):32.846	
O1):-0.8	O2):38.205	
O1):-0.815	O2):39.816	
O1):-0.798	O2):34.907	
O1):-0.834	O2):48.401	
O1):-0.825	O2):42.504	
O1):-0.776	O2):36.187	
O1):-0.769	O2):38.212	
O1):-0.789	O2):44.513	
O1):-0.739	O2):31.545	
O1):-0.694	O2):27.278	
O1):-0.684	O2):31.284	
O1):-0.794	O2):36.591	
O1):-0.759	O2):31.56	
O1):-0.817	O2):38.107	
O1):-0.808	O2):38.718	
O1):-0.829	O2):43.493	
O1):-0.826	O2):42.912	
O1):-0.798	O2):37.052	
O1):-0.724	O2):28.904	
O1):-0.792	O2):35.37	
O1):-0.818	O2):38.238	
O1):-0.646	O2):26.989	
O1):-0.72	O2):27.978	
O1):-0.742	O2):31.379	
O1):-0.829	O2):43.349	
O1):-0.853	O2):49.184	
O1):-0.689	O2):27.022	
O1):-0.805	O2):39.118	
O1):-0.8	O2):37.42	
O1):-0.824	O2):42.436	
O1):-0.763	O2):34.053	
O1):-0.707	O2):27.408	
O1):-0.803	O2):37.983	
O1):-0.767	O2):32.667	
O1):-0.8	O2):35.489	
O1):-0.724	O2):28.318	
O1):-0.761	O2):31.907	
Starting PrismExecutor worker 4 on port 11464
O1):-0.671	O2):26.524	
O1):-0.761	O2):31.957	
Connected worker 4 to port 11464
O1):-0.739	O2):29.334	
O1):-0.744	O2):31.165	
O1):-0.78	O2):33.601	
O1):-0.76	O2):31.875	
O1):-0.708	O2):27.431	
O1):-0.779	O2):33.081	
O1):-0.761	O2):31.865	
O1):-0.762	O2):31.988	
O1):-0.762	O2):32.142	
O1):-0.768	O2):32.366	
O1):-0.837	O2):57.982	
O1):-0.707	O2):27.408	
O1):-0.76	O2):31.77	
O1):-0.721	O2):27.772	
O1):-0.756	O2):31.3	
O1):-0.825	O2):42.498	
O1):-0.783	O2):38.007	
O1):-0.834	O2):43.764	
O1):-0.744	O2):32.192	
O1):-0.776	O2):32.999	
O1):-0.69	O2):27.257	
O1):-0.836	O2):57.87	
O1):-0.833	O2):43.341	
O1):-0.765	O2):32.568	
O1):-0.784	O2):33.889	
O1):-0.799	O2):37.171	
O1):-0.836	O2):45.493	
O1):-0.722	O2):28.536	
O1):-0.832	O2):43.262	
O1):-0.723	O2):27.996	
O1):-0.79	O2):34.47	
O1):-0.842	O2):48.077	
O1):-0.798	O2):35.92	
O1):-0.745	O2):31.279	
O1):-0.818	O2):38.371	
O1):-0.772	O2):38.779	
O1):-0.818	O2):43.393	
O1):-0.792	O2):43.234	
O1):-0.85	O2):48.083	
O1):-0.842	O2):47.136	
O1):-0.706	O2):27.393	
O1):-0.771	O2):32.611	
O1):-0.811	O2):38.981	
O1):-0.762	O2):32.12	
O1):-0.786	O2):33.697	
O1):-0.671	O2):26.525	
O1):-0.833	O2):43.781	
O1):-0.768	O2):33.141	
O1):-0.789	O2):34.35	
O1):-0.704	O2):27.131	
O1):-0.863	O2):54.294	
O1):-0.771	O2):33.484	
O1):-0.726	O2):28.73	
O1):-0.819	O2):38.735	
O1):-0.827	O2):43.035	
O1):-0.844	O2):48.641	
O1):-0.775	O2):36.529	
O1):-0.74	O2):29.384	
O1):-0.859	O2):54.303	
O1):-0.775	O2):32.717	
O1):-0.817	O2):42.044	
O1):-0.836	O2):45.49	
O1):-0.769	O2):32.386	
O1):-0.851	O2):49.988	
O1):-0.765	O2):32.193	
O1):-0.746	O2):30.491	
O1):-0.738	O2):29.127	
O1):-0.74	O2):29.384	
O1):-0.739	O2):29.334	
O1):-0.841	O2):48.057	
O1):-0.785	O2):33.748	
O1):-0.816	O2):41.911	
O1):-0.859	O2):53.205	
O1):-0.825	O2):42.512	
O1):-0.762	O2):31.988	
O1):-0.719	O2):27.717	
O1):-0.799	O2):34.993	
O1):-0.814	O2):39.666	
O1):-0.794	O2):35.5	
O1):-0.808	O2):38.718	
O1):-0.739	O2):29.334	
O1):-0.78	O2):33.583	
O1):-0.783	O2):38.606	
O1):-0.808	O2):38.502	
O1):-0.844	O2):49.129	
O1):-0.716	O2):27.785	
O1):-0.71	O2):27.704	
O1):-0.641	O2):26.353	
O1):-0.797	O2):37.925	
O1):-0.818	O2):43.393	
O1):-0.811	O2):38.983	
O1):-0.791	O2):38.189	
O1):-0.787	O2):35.214	
O1):-0.839	O2):49.312	
O1):-0.718	O2):28.597	
Starting PrismExecutor worker 1 on port 11481
O1):-0.793	O2):34.55	
O1):-0.789	O2):34.298	
Connected worker 1 to port 11481
O1):-0.808	O2):38.718	
O1):-0.738	O2):29.127	
O1):-0.718	O2):27.507	
O1):-0.723	O2):28.765	
O1):-0.835	O2):44.082	
O1):-0.783	O2):33.625	
O1):-0.693	O2):27.235	
O1):-0.745	O2):31.241	
O1):-0.817	O2):40.268	
O1):-0.777	O2):36.046	
O1):-0.774	O2):32.726	
O1):-0.859	O2):53.205	
O1):-0.756	O2):36.78	
O1):-0.826	O2):43.456	
O1):-0.746	O2):30.173	
O1):-0.749	O2):32.059	
O1):-0.795	O2):44.388	
O1):-0.723	O2):28.226	
O1):-0.701	O2):26.897	
O1):-0.825	O2):42.504	
O1):-0.775	O2):32.536	
O1):-0.806	O2):38.272	
O1):-0.7	O2):26.855	
O1):-0.795	O2):35.52	
O1):-0.824	O2):42.417	
O1):-0.754	O2):31.3	
O1):-0.783	O2):33.732	
O1):-0.795	O2):34.171	
O1):-0.789	O2):34.331	
O1):-0.779	O2):33.518	
O1):-0.844	O2):48.641	
O1):-0.862	O2):54.879	
O1):-0.782	O2):33.816	
O1):-0.641	O2):26.46	
O1):-0.789	O2):35.096	
O1):-0.854	O2):58.578	
O1):-0.817	O2):40.267	
O1):-0.762	O2):31.819	
O1):-0.853	O2):49.17	
O1):-0.802	O2):37.675	
O1):-0.837	O2):53.866	
O1):-0.703	O2):27.738	
O1):-0.703	O2):27.738	
O1):-0.765	O2):33.633	
O1):-0.796	O2):36.558	
O1):-0.701	O2):27.32	
O1):-0.82	O2):44.242	
O1):-0.836	O2):45.49	
O1):-0.723	O2):28.765	
O1):-0.818	O2):40.366	
O1):-0.806	O2):38.272	
O1):-0.786	O2):34.131	
O1):-0.742	O2):30.11	
O1):-0.759	O2):31.42	
O1):-0.795	O2):34.137	
O1):-0.834	O2):44.918	
O1):-0.747	O2):31.171	
O1):-0.705	O2):27.464	
O1):-0.709	O2):27.667	
O1):-0.775	O2):32.83	
O1):-0.758	O2):31.887	
O1):-0.839	O2):49.317	
O1):-0.801	O2):37.437	
O1):-0.802	O2):37.854	
O1):-0.69	O2):31.114	
O1):-0.832	O2):43.036	
O1):-0.796	O2):34.68	
O1):-0.763	O2):32.133	
O1):-0.808	O2):38.3	
O1):-0.774	O2):35.541	
O1):-0.775	O2):32.879	
O1):-0.774	O2):32.962	
O1):-0.769	O2):32.941	
O1):-0.705	O2):27.398	
O1):-0.844	O2):48.463	
O1):-0.818	O2):38.524	
O1):-0.818	O2):40.529	
O1):-0.842	O2):48.077	
O1):-0.851	O2):48.585	
O1):-0.775	O2):32.536	
O1):-0.78	O2):33.496	
O1):-0.782	O2):33.635	
O1):-0.842	O2):47.183	
O1):-0.74	O2):29.384	
O1):-0.821	O2):42.892	
O1):-0.817	O2):40.337	
O1):-0.762	O2):31.901	
O1):-0.774	O2):32.762	
O1):-0.785	O2):34.701	
O1):-0.806	O2):38.311	
O1):-0.79	O2):33.768	
O1):-0.79	O2):33.778	
O1):-0.818	O2):43.487	
O1):-0.692	O2):30.558	
O1):-0.724	O2):28.306	
O1):-0.761	O2):31.853	
O1):-0.841	O2):48.261	
O1):-0.69	O2):27.257	
O1):-0.727	O2):28.746	
O1):-0.715	O2):30.584	
O1):-0.702	O2):27.224	
Starting PrismExecutor worker 3 on port 11413
O1):-0.788	O2):37.601	
O1):-0.771	O2):32.646	
Connected worker 3 to port 11413
O1):-0.839	O2):49.312	
O1):-0.837	O2):44.354	
O1):-0.776	O2):34.423	
O1):-0.776	O2):32.875	
O1):-0.689	O2):27.022	
O1):-0.771	O2):41.766	
O1):-0.836	O2):43.523	
O1):-0.815	O2):39.81	
O1):-0.708	O2):27.431	
O1):-0.723	O2):28.565	
O1):-0.843	O2):49.418	
O1):-0.715	O2):30.732	
O1):-0.808	O2):39.182	
O1):-0.784	O2):33.889	
O1):-0.783	O2):33.809	
O1):-0.697	O2):26.884	
O1):-0.747	O2):30.387	
O1):-0.863	O2):54.294	
O1):-0.812	O2):39.422	
O1):-0.833	O2):43.28	
O1):-0.85	O2):48.565	
O1):-0.801	O2):37.521	
O1):-0.779	O2):33.075	
O1):-0.77	O2):33.27	
O1):-0.698	O2):27.082	
O1):-0.799	O2):35.181	
O1):-0.818	O2):43.393	
O1):-0.792	O2):37.383	
O1):-0.825	O2):43.809	
O1):-0.807	O2):38.477	
O1):-0.695	O2):26.733	
O1):-0.726	O2):30.955	
Evaluations:	3000
O1):-0.724	O2):28.267	
O1):-0.772	O2):33.525	
O1):-0.854	O2):58.578	
O1):-0.78	O2):40.022	
O1):-0.806	O2):38.311	
O1):-0.8	O2):35.519	
O1):-0.816	O2):37.933	
O1):-0.833	O2):43.492	
O1):-0.707	O2):27.468	
O1):-0.781	O2):33.384	
O1):-0.804	O2):37.976	
O1):-0.837	O2):44.534	
O1):-0.781	O2):33.771	
O1):-0.816	O2):37.761	
O1):-0.818	O2):38.363	
O1):-0.784	O2):33.789	
O1):-0.779	O2):33.075	
O1):-0.734	O2):28.643	
O1):-0.786	O2):33.963	
O1):-0.776	O2):33.105	
O1):-0.816	O2):40.069	
O1):-0.692	O2):27.22	
O1):-0.83	O2):53.75	
O1):-0.85	O2):48.289	
O1):-0.832	O2):44.237	
O1):-0.821	O2):39.057	
O1):-0.749	O2):31.513	
O1):-0.817	O2):37.886	
O1):-0.721	O2):27.723	
O1):-0.761	O2):32.216	
O1):-0.807	O2):38.537	
O1):-0.822	O2):39.172	
O1):-0.722	O2):27.818	
O1):-0.826	O2):43.457	
O1):-0.722	O2):27.742	
O1):-0.824	O2):43.271	
O1):-0.791	O2):34.29	
O1):-0.723	O2):28.805	
O1):-0.817	O2):40.228	
O1):-0.851	O2):49.959	
O1):-0.79	O2):36.828	
O1):-0.837	O2):44.534	
O1):-0.852	O2):50.14	
O1):-0.797	O2):36.892	
O1):-0.819	O2):44.775	
O1):-0.671	O2):26.488	
O1):-0.71	O2):27.626	
O1):-0.75	O2):32.697	
O1):-0.762	O2):31.819	
O1):-0.816	O2):37.869	
O1):-0.818	O2):38.317	
O1):-0.818	O2):40.364	
O1):-0.759	O2):31.537	
O1):-0.719	O2):28.669	
O1):-0.78	O2):33.62	
O1):-0.701	O2):26.956	
O1):-0.769	O2):32.85	
O1):-0.805	O2):38.199	
O1):-0.805	O2):38.199	
O1):-0.787	O2):34.41	
O1):-0.767	O2):32.708	
O1):-0.707	O2):27.408	
O1):-0.835	O2):48.184	
O1):-0.797	O2):34.669	
Starting PrismExecutor worker 1 on port 11411
Starting PrismExecutor worker 4 on port 11434
O1):-0.765	O2):32.198	
O1):-0.763	O2):32.197	
Evaluations:	2800
O1):-0.775	O2):32.27	
O1):-0.755	O2):31.618	
Connected worker 1 to port 11411
Connected worker 4 to port 11434
O1):-0.791	O2):36.818	
O1):-0.809	O2):38.639	
O1):-0.722	O2):28.01	
O1):-0.769	O2):34.277	
O1):-0.815	O2):37.737	
O1):-0.675	O2):26.738	
O1):-0.833	O2):44.085	
O1):-0.708	O2):27.431	
O1):-0.81	O2):38.787	
O1):-0.837	O2):44.534	
O1):-0.773	O2):32.384	
O1):-0.787	O2):34.052	
O1):-0.793	O2):44.351	
O1):-0.761	O2):31.957	
O1):-0.81	O2):38.801	
O1):-0.794	O2):35.5	
O1):-0.702	O2):27.211	
O1):-0.824	O2):48.379	
O1):-0.806	O2):38.305	
O1):-0.671	O2):26.525	
O1):-0.72	O2):28.758	
O1):-0.858	O2):53.184	
O1):-0.803	O2):53.141	
O1):-0.766	O2):33.39	
O1):-0.792	O2):40.058	
O1):-0.704	O2):27.221	
O1):-0.791	O2):34.431	
O1):-0.794	O2):37.026	
O1):-0.795	O2):34.171	
O1):-0.822	O2):39.172	
O1):-0.793	O2):35.258	
O1):-0.833	O2):42.552	
O1):-0.801	O2):37.647	
O1):-0.811	O2):38.905	
O1):-0.738	O2):29.127	
O1):-0.839	O2):49.312	
O1):-0.71	O2):27.626	
O1):-0.789	O2):44.512	
O1):-0.717	O2):28.74	
O1):-0.842	O2):49.268	
O1):-0.818	O2):38.297	
O1):-0.803	O2):37.983	
O1):-0.76	O2):32.329	
O1):-0.815	O2):39.782	
O1):-0.746	O2):30.156	
O1):-0.828	O2):43.323	
O1):-0.825	O2):42.504	
O1):-0.763	O2):32.196	
O1):-0.826	O2):42.912	
O1):-0.763	O2):32.196	
O1):-0.757	O2):33.129	
O1):-0.678	O2):27.172	
O1):-0.834	O2):43.418	
O1):-0.76	O2):31.81	
O1):-0.832	O2):43.036	
O1):-0.858	O2):53.184	
O1):-0.781	O2):33.639	
O1):-0.759	O2):31.611	
O1):-0.829	O2):43.493	
O1):-0.746	O2):28.939	
O1):-0.69	O2):30.242	
O1):-0.742	O2):35.854	
O1):-0.804	O2):38.14	
O1):-0.837	O2):57.982	
O1):-0.789	O2):39.006	
O1):-0.701	O2):26.903	
O1):-0.79	O2):33.768	
O1):-0.833	O2):43.476	
O1):-0.767	O2):32.728	
O1):-0.797	O2):34.669	
O1):-0.711	O2):27.732	
O1):-0.835	O2):43.831	
O1):-0.816	O2):37.853	
O1):-0.702	O2):27.132	
O1):-0.862	O2):54.879	
O1):-0.836	O2):44.003	
O1):-0.671	O2):26.53	
O1):-0.845	O2):49.486	
O1):-0.781	O2):33.759	
O1):-0.842	O2):48.532	
O1):-0.748	O2):31.395	
O1):-0.704	O2):27.131	
O1):-0.722	O2):28.01	
O1):-0.642	O2):26.414	
O1):-0.859	O2):54.151	
O1):-0.746	O2):30.491	
O1):-0.704	O2):27.221	
O1):-0.723	O2):28.226	
O1):-0.747	O2):30.287	
O1):-0.779	O2):33.628	
O1):-0.723	O2):28.313	
O1):-0.714	O2):28.389	
O1):-0.818	O2):38.294	
O1):-0.78	O2):40.025	
O1):-0.706	O2):27.516	
O1):-0.815	O2):37.793	
O1):-0.748	O2):31.284	
O1):-0.708	O2):27.443	
O1):-0.793	O2):34.579	
O1):-0.757	O2):31.975	
Evaluations:	3200
O1):-0.794	O2):37.687	
O1):-0.706	O2):27.442	
O1):-0.786	O2):33.965	
O1):-0.763	O2):32.197	
O1):-0.815	O2):39.782	
O1):-0.772	O2):32.369	
O1):-0.775	O2):32.757	
O1):-0.772	O2):33.534	
O1):-0.724	O2):28.318	
O1):-0.795	O2):34.232	
O1):-0.738	O2):29.125	
O1):-0.762	O2):32.12	
O1):-0.763	O2):32.202	
O1):-0.824	O2):42.417	
O1):-0.826	O2):42.767	
O1):-0.798	O2):37.163	
O1):-0.818	O2):38.294	
O1):-0.767	O2):32.578	
O1):-0.769	O2):32.388	
O1):-0.755	O2):31.618	
O1):-0.768	O2):34.667	
O1):-0.8	O2):37.204	
O1):-0.836	O2):44.082	
O1):-0.718	O2):28.155	
O1):-0.723	O2):28.765	
O1):-0.82	O2):38.84	
O1):-0.76	O2):31.622	
O1):-0.727	O2):31.01	
O1):-0.771	O2):32.644	
O1):-0.826	O2):42.917	
O1):-0.797	O2):35.741	
O1):-0.782	O2):39.103	
O1):-0.765	O2):32.224	
O1):-0.757	O2):31.351	
O1):-0.825	O2):43.69	
O1):-0.79	O2):34.65	
O1):-0.802	O2):37.336	
O1):-0.781	O2):33.456	
O1):-0.855	O2):54.3	
O1):-0.835	O2):48.184	
O1):-0.776	O2):32.762	
O1):-0.793	O2):36.449	
Evaluations:	2600
O1):-0.774	O2):34.301	
O1):-0.762	O2):32.142	
O1):-0.675	O2):26.801	
O1):-0.842	O2):49.286	
O1):-0.801	O2):37.437	
O1):-0.793	O2):39.259	
O1):-0.85	O2):48.565	
O1):-0.759	O2):31.537	
O1):-0.724	O2):28.267	
O1):-0.819	O2):38.425	
O1):-0.705	O2):27.416	
O1):-0.742	O2):30.11	
O1):-0.79	O2):35.417	
O1):-0.783	O2):33.732	
O1):-0.842	O2):48.077	
O1):-0.703	O2):27.242	
O1):-0.825	O2):42.498	
O1):-0.727	O2):31.1	
O1):-0.787	O2):34.03	
O1):-0.78	O2):33.601	
O1):-0.787	O2):34.03	
O1):-0.742	O2):33.594	
O1):-0.787	O2):34.03	
O1):-0.861	O2):54.862	
O1):-0.824	O2):42.417	
O1):-0.671	O2):26.478	
O1):-0.836	O2):44.003	
O1):-0.777	O2):33.017	
O1):-0.778	O2):33.421	
O1):-0.781	O2):33.456	
O1):-0.783	O2):33.625	
O1):-0.795	O2):34.652	
O1):-0.767	O2):32.578	
O1):-0.782	O2):33.863	
O1):-0.675	O2):26.801	
O1):-0.824	O2):42.417	
O1):-0.801	O2):37.437	
O1):-0.768	O2):32.787	
O1):-0.77	O2):38.635	
O1):-0.816	O2):37.896	
O1):-0.724	O2):29.231	
O1):-0.802	O2):37.336	
O1):-0.765	O2):32.198	
Starting PrismExecutor worker 5 on port 11435
O1):-0.787	O2):33.992	
Connected worker 5 to port 11435
O1):-0.839	O2):49.317	
O1):-0.816	O2):37.781	
O1):-0.785	O2):38.125	
O1):-0.727	O2):28.747	
O1):-0.794	O2):35.461	
O1):-0.784	O2):33.789	
O1):-0.723	O2):28.226	
O1):-0.811	O2):39.368	
O1):-0.723	O2):28.765	
O1):-0.789	O2):34.298	
O1):-0.779	O2):33.305	
O1):-0.754	O2):31.3	
O1):-0.775	O2):32.397	
O1):-0.72	O2):28.308	
O1):-0.775	O2):32.27	
O1):-0.806	O2):38.152	
O1):-0.811	O2):39.168	
O1):-0.725	O2):29.367	
O1):-0.732	O2):31.476	
O1):-0.703	O2):27.683	
O1):-0.727	O2):31.088	
O1):-0.818	O2):40.529	
O1):-0.817	O2):43.092	
O1):-0.827	O2):43.036	
O1):-0.785	O2):33.748	
O1):-0.765	O2):32.568	
O1):-0.858	O2):53.184	
Evaluations:	2900
O1):-0.778	O2):33.162	
O1):-0.777	O2):39.452	
O1):-0.759	O2):32.006	
O1):-0.776	O2):32.872	
O1):-0.833	O2):43.492	
O1):-0.76	O2):31.622	
O1):-0.818	O2):43.393	
O1):-0.802	O2):37.675	
O1):-0.824	O2):42.469	
O1):-0.74	O2):29.397	
O1):-0.859	O2):53.205	
O1):-0.779	O2):33.033	
O1):-0.819	O2):38.425	
O1):-0.747	O2):31.171	
O1):-0.833	O2):43.49	
O1):-0.785	O2):38.224	
O1):-0.779	O2):34.484	
O1):-0.725	O2):28.176	
O1):-0.723	O2):28.271	
O1):-0.748	O2):35.256	
O1):-0.758	O2):31.887	
O1):-0.779	O2):33.033	
O1):-0.759	O2):31.537	
O1):-0.798	O2):37.154	
O1):-0.815	O2):37.717	
O1):-0.827	O2):43.068	
O1):-0.782	O2):33.283	
O1):-0.801	O2):35.622	
O1):-0.83	O2):53.754	
O1):-0.858	O2):53.184	
O1):-0.81	O2):39.033	
O1):-0.858	O2):53.184	
O1):-0.858	O2):53.184	
O1):-0.858	O2):53.184	
O1):-0.714	O2):28.389	
O1):-0.777	O2):36.684	
O1):-0.815	O2):37.717	
O1):-0.776	O2):32.939	
O1):-0.761	O2):31.745	
O1):-0.799	O2):37.294	
O1):-0.81	O2):39.714	
O1):-0.818	O2):38.329	
O1):-0.784	O2):33.789	
O1):-0.785	O2):33.748	
O1):-0.786	O2):33.922	
O1):-0.786	O2):34.703	
O1):-0.787	O2):39.347	
O1):-0.744	O2):30.422	
O1):-0.776	O2):32.939	
O1):-0.79	O2):34.816	
O1):-0.802	O2):37.708	
O1):-0.836	O2):43.523	
O1):-0.779	O2):34.484	
O1):-0.757	O2):31.564	
O1):-0.843	O2):48.505	
O1):-0.791	O2):33.807	
O1):-0.795	O2):36.824	
O1):-0.76	O2):31.706	
O1):-0.819	O2):38.642	
O1):-0.719	O2):27.717	
O1):-0.799	O2):37.295	
O1):-0.659	O2):27.068	
O1):-0.773	O2):32.417	
O1):-0.794	O2):37.026	
Evaluations:	2700
O1):-0.8	O2):37.433	
O1):-0.765	O2):32.568	
Starting PrismExecutor worker 3 on port 11423
O1):-0.698	O2):27.082	
Connected worker 3 to port 11423
O1):-0.787	O2):34.87	
O1):-0.701	O2):26.903	
O1):-0.842	O2):48.532	
O1):-0.795	O2):34.137	
O1):-0.817	O2):37.908	
O1):-0.759	O2):32.063	
O1):-0.785	O2):34.29	
O1):-0.792	O2):36.992	
O1):-0.673	O2):26.724	
O1):-0.769	O2):33.125	
O1):-0.725	O2):28.176	
O1):-0.761	O2):31.956	
Evaluations:	2900
O1):-0.813	O2):39.552	
O1):-0.796	O2):38.062	
O1):-0.703	O2):27.762	
O1):-0.721	O2):29.123	
O1):-0.745	O2):31.242	
O1):-0.697	O2):26.828	
O1):-0.777	O2):32.814	
O1):-0.767	O2):32.676	
O1):-0.705	O2):27.195	
O1):-0.715	O2):30.584	
O1):-0.745	O2):30.217	
O1):-0.819	O2):38.661	
Evaluations:	3100
O1):-0.696	O2):26.818	
O1):-0.842	O2):47.183	
O1):-0.799	O2):37.294	
O1):-0.76	O2):31.622	
O1):-0.747	O2):33.861	
O1):-0.775	O2):32.876	
O1):-0.742	O2):29.278	
O1):-0.826	O2):43.905	
O1):-0.836	O2):44.082	
O1):-0.778	O2):33.438	
O1):-0.782	O2):33.802	
O1):-0.795	O2):37.121	
O1):-0.833	O2):43.493	
O1):-0.801	O2):37.618	
O1):-0.763	O2):32.549	
O1):-0.765	O2):32.224	
O1):-0.767	O2):33.147	
O1):-0.779	O2):33.305	
O1):-0.815	O2):37.742	
O1):-0.789	O2):37.384	
O1):-0.675	O2):27.232	
O1):-0.795	O2):37.121	
O1):-0.801	O2):37.435	
O1):-0.795	O2):37.121	
O1):-0.816	O2):37.87	
O1):-0.772	O2):32.369	
O1):-0.796	O2):36.558	
O1):-0.823	O2):43.134	
O1):-0.802	O2):37.854	
O1):-0.764	O2):32.294	
O1):-0.779	O2):38.872	
O1):-0.762	O2):32.249	
O1):-0.741	O2):31.194	
O1):-0.784	O2):34.14	
O1):-0.811	O2):38.933	
O1):-0.834	O2):43.668	
O1):-0.722	O2):27.818	
O1):-0.72	O2):27.978	
O1):-0.724	O2):28.442	
O1):-0.71	O2):28.482	
O1):-0.783	O2):33.732	
O1):-0.795	O2):44.937	
O1):-0.836	O2):57.87	
O1):-0.82	O2):38.84	
O1):-0.792	O2):35.179	
O1):-0.745	O2):31.241	
O1):-0.784	O2):34.264	
O1):-0.826	O2):43.456	
O1):-0.773	O2):32.482	
O1):-0.74	O2):31.086	
O1):-0.832	O2):43.262	
O1):-0.81	O2):38.801	
O1):-0.742	O2):30.11	
O1):-0.786	O2):34.051	
O1):-0.808	O2):38.718	
O1):-0.814	O2):39.666	
O1):-0.72	O2):27.719	
O1):-0.78	O2):33.506	
O1):-0.799	O2):37.292	
O1):-0.837	O2):57.982	
O1):-0.671	O2):26.525	
O1):-0.775	O2):32.758	
O1):-0.787	O2):34.052	
O1):-0.781	O2):36.709	
O1):-0.804	O2):38.149	
Starting PrismExecutor worker 0 on port 11420
O1):-0.727	O2):28.889	
O1):-0.816	O2):37.894	
Connected worker 0 to port 11420
O1):-0.718	O2):27.507	
O1):-0.761	O2):31.958	
O1):-0.701	O2):26.897	
O1):-0.719	O2):28.104	
O1):-0.849	O2):49.534	
O1):-0.801	O2):37.705	
O1):-0.804	O2):38.149	
O1):-0.779	O2):33.518	
O1):-0.759	O2):31.615	
O1):-0.706	O2):27.516	
O1):-0.786	O2):33.922	
O1):-0.776	O2):34.188	
O1):-0.825	O2):42.498	
O1):-0.745	O2):30.217	
O1):-0.834	O2):47.527	
O1):-0.833	O2):42.511	
O1):-0.842	O2):48.532	
O1):-0.724	O2):28.31	
O1):-0.8	O2):37.42	
O1):-0.8	O2):37.448	
O1):-0.843	O2):49.559	
O1):-0.774	O2):32.962	
O1):-0.836	O2):43.523	
O1):-0.802	O2):37.336	
O1):-0.819	O2):38.425	
O1):-0.802	O2):37.336	
O1):-0.824	O2):42.361	
O1):-0.72	O2):27.974	
O1):-0.839	O2):49.312	
O1):-0.836	O2):44.082	
O1):-0.703	O2):27.731	
O1):-0.701	O2):26.897	
O1):-0.725	O2):28.84	
O1):-0.795	O2):37.121	
O1):-0.777	O2):36.192	
O1):-0.767	O2):33.102	
O1):-0.748	O2):31.314	
O1):-0.831	O2):42.9	
O1):-0.702	O2):27.211	
O1):-0.775	O2):32.27	
O1):-0.812	O2):39.264	
O1):-0.762	O2):31.819	
O1):-0.759	O2):31.56	
O1):-0.842	O2):48.557	
O1):-0.773	O2):32.482	
O1):-0.776	O2):32.939	
O1):-0.671	O2):26.478	
O1):-0.808	O2):38.718	
O1):-0.801	O2):37.521	
O1):-0.78	O2):33.329	
O1):-0.845	O2):48.09	
O1):-0.767	O2):32.578	
O1):-0.824	O2):42.361	
O1):-0.824	O2):42.436	
O1):-0.776	O2):37.716	
O1):-0.776	O2):35.971	
O1):-0.818	O2):38.344	
O1):-0.718	O2):27.767	
O1):-0.775	O2):32.878	
O1):-0.842	O2):49.268	
O1):-0.746	O2):30.491	
O1):-0.722	O2):28.534	
O1):-0.769	O2):32.447	
O1):-0.756	O2):33.232	
O1):-0.671	O2):26.525	
O1):-0.772	O2):32.737	
O1):-0.836	O2):45.44	
O1):-0.818	O2):38.344	
O1):-0.765	O2):32.434	
O1):-0.724	O2):29.231	
O1):-0.793	O2):34.579	
O1):-0.733	O2):33.003	
O1):-0.793	O2):34.55	
O1):-0.78	O2):33.329	
O1):-0.845	O2):49.994	
O1):-0.825	O2):42.473	
O1):-0.78	O2):40.026	
O1):-0.802	O2):37.854	
O1):-0.729	O2):29.067	
O1):-0.723	O2):27.996	
Evaluations:	2800
O1):-0.772	O2):32.664	
O1):-0.77	O2):33.223	
O1):-0.775	O2):35.528	
O1):-0.691	O2):30.382	
O1):-0.815	O2):37.717	
O1):-0.775	O2):32.857	
O1):-0.804	O2):38.07	
O1):-0.706	O2):27.432	
Starting PrismExecutor worker 1 on port 11421
Connected worker 1 to port 11421
O1):-0.817	O2):40.228	
O1):-0.772	O2):32.369	
O1):-0.782	O2):33.684	
O1):-0.77	O2):35.86	
O1):-0.759	O2):31.742	
O1):-0.748	O2):31.344	
O1):-0.774	O2):36.438	
O1):-0.795	O2):34.172	
O1):-0.721	O2):28.491	
O1):-0.862	O2):54.879	
O1):-0.759	O2):31.736	
O1):-0.811	O2):38.981	
O1):-0.817	O2):38.022	
O1):-0.775	O2):32.758	
O1):-0.782	O2):33.285	
O1):-0.74	O2):31.086	
O1):-0.714	O2):28.389	
O1):-0.817	O2):40.267	
O1):-0.81	O2):42.088	
O1):-0.786	O2):43.362	
O1):-0.756	O2):31.62	
O1):-0.772	O2):33.534	
O1):-0.737	O2):29.05	
O1):-0.832	O2):43.036	
O1):-0.825	O2):42.498	
O1):-0.831	O2):42.9	
O1):-0.778	O2):37.869	
O1):-0.759	O2):31.56	
O1):-0.816	O2):37.829	
O1):-0.7	O2):27.187	
O1):-0.79	O2):33.778	
O1):-0.775	O2):35.831	
O1):-0.768	O2):32.575	
O1):-0.779	O2):33.171	
O1):-0.758	O2):31.887	
O1):-0.671	O2):26.525	
O1):-0.776	O2):32.792	
O1):-0.747	O2):30.272	
O1):-0.817	O2):38.033	
O1):-0.671	O2):26.488	
O1):-0.801	O2):37.508	
O1):-0.743	O2):31.121	
O1):-0.834	O2):44.918	
O1):-0.797	O2):34.669	
O1):-0.724	O2):28.318	
O1):-0.784	O2):34.14	
O1):-0.718	O2):27.767	
O1):-0.816	O2):37.766	
O1):-0.787	O2):34.03	
O1):-0.837	O2):44.534	
O1):-0.775	O2):32.83	
O1):-0.797	O2):36.865	
O1):-0.765	O2):32.473	
O1):-0.783	O2):33.889	
O1):-0.764	O2):40.41	
O1):-0.76	O2):31.642	
O1):-0.673	O2):26.824	
O1):-0.782	O2):33.711	
O1):-0.772	O2):32.711	
O1):-0.85	O2):49.565	
O1):-0.776	O2):32.938	
O1):-0.815	O2):39.782	
O1):-0.809	O2):38.639	
O1):-0.767	O2):32.578	
O1):-0.853	O2):48.894	
O1):-0.723	O2):28.226	
O1):-0.761	O2):31.907	
O1):-0.772	O2):32.393	
O1):-0.719	O2):28.104	
O1):-0.757	O2):31.609	
O1):-0.752	O2):31.852	
O1):-0.701	O2):27.2	
O1):-0.811	O2):39.178	
O1):-0.792	O2):35.179	
O1):-0.817	O2):38.107	
O1):-0.705	O2):27.398	
O1):-0.703	O2):27.242	
O1):-0.779	O2):33.399	
O1):-0.714	O2):27.387	
O1):-0.747	O2):30.272	
O1):-0.703	O2):27.242	
O1):-0.766	O2):33.05	
O1):-0.801	O2):37.342	
O1):-0.829	O2):43.493	
O1):-0.792	O2):36.343	
O1):-0.813	O2):39.552	
O1):-0.818	O2):38.514	
O1):-0.779	O2):33.175	
O1):-0.845	O2):49.335	
O1):-0.705	O2):27.464	
O1):-0.833	O2):43.476	
O1):-0.782	O2):33.708	
O1):-0.762	O2):32.568	
O1):-0.827	O2):43.035	
O1):-0.859	O2):54.151	
O1):-0.832	O2):43.546	
O1):-0.723	O2):28.766	
O1):-0.823	O2):43.134	
O1):-0.816	O2):37.766	
O1):-0.705	O2):27.749	
O1):-0.816	O2):37.829	
O1):-0.746	O2):30.278	
Starting PrismExecutor worker 5 on port 11455
O1):-0.757	O2):31.385	
Connected worker 5 to port 11455
O1):-0.761	O2):31.873	
O1):-0.794	O2):35.5	
O1):-0.834	O2):43.649	
O1):-0.845	O2):48.833	
O1):-0.701	O2):26.884	
O1):-0.701	O2):27.2	
O1):-0.758	O2):33.06	
O1):-0.744	O2):31.165	
O1):-0.785	O2):34.008	
O1):-0.73	O2):29.108	
O1):-0.787	O2):34.03	
O1):-0.814	O2):39.666	
O1):-0.776	O2):32.792	
O1):-0.752	O2):32.816	
O1):-0.858	O2):53.864	
O1):-0.811	O2):39.168	
O1):-0.831	O2):42.9	
O1):-0.701	O2):27.2	
O1):-0.724	O2):28.267	
O1):-0.722	O2):27.742	
O1):-0.85	O2):48.565	
O1):-0.862	O2):54.097	
O1):-0.779	O2):33.033	
O1):-0.813	O2):39.311	
O1):-0.811	O2):38.982	
O1):-0.853	O2):49.185	
O1):-0.789	O2):44.517	
O1):-0.78	O2):33.62	
O1):-0.833	O2):43.28	
O1):-0.835	O2):45.338	
O1):-0.762	O2):32.178	
Evaluations:	2900
O1):-0.8	O2):37.755	
O1):-0.72	O2):28.124	
O1):-0.778	O2):33.426	
O1):-0.745	O2):31.279	
O1):-0.794	O2):35.5	
O1):-0.795	O2):37.455	
O1):-0.745	O2):31.241	
O1):-0.708	O2):27.431	
O1):-0.818	O2):38.329	
O1):-0.827	O2):43.035	
O1):-0.671	O2):26.488	
O1):-0.768	O2):33.067	
O1):-0.851	O2):49.988	
O1):-0.749	O2):31.517	
O1):-0.799	O2):35.193	
O1):-0.836	O2):45.49	
O1):-0.756	O2):31.555	
O1):-0.703	O2):27.152	
O1):-0.743	O2):30.163	
O1):-0.837	O2):44.536	
O1):-0.825	O2):43.813	
O1):-0.81	O2):38.8	
O1):-0.794	O2):35.5	
O1):-0.671	O2):26.478	
O1):-0.833	O2):43.492	
O1):-0.703	O2):27.683	
O1):-0.842	O2):48.231	
O1):-0.836	O2):57.87	
O1):-0.78	O2):33.62	
O1):-0.794	O2):37.026	
O1):-0.808	O2):38.722	
O1):-0.742	O2):30.11	
O1):-0.807	O2):38.477	
O1):-0.851	O2):48.585	
O1):-0.772	O2):32.393	
O1):-0.816	O2):37.829	
O1):-0.807	O2):38.706	
O1):-0.694	O2):26.539	
O1):-0.755	O2):31.348	
O1):-0.801	O2):37.508	
O1):-0.826	O2):42.912	
O1):-0.838	O2):44.62	
O1):-0.768	O2):34.463	
O1):-0.84	O2):48.237	
O1):-0.782	O2):33.767	
O1):-0.783	O2):38.092	
O1):-0.797	O2):36.865	
O1):-0.795	O2):34.652	
O1):-0.696	O2):26.818	
O1):-0.762	O2):31.901	
O1):-0.801	O2):37.572	
O1):-0.834	O2):43.798	
O1):-0.815	O2):37.793	
O1):-0.811	O2):38.981	
O1):-0.697	O2):26.873	
O1):-0.711	O2):27.732	
O1):-0.812	O2):39.422	
O1):-0.72	O2):27.719	
O1):-0.708	O2):27.431	
O1):-0.779	O2):33.081	
Starting PrismExecutor worker 2 on port 11422
O1):-0.643	O2):26.478	
O1):-0.818	O2):38.344	
Connected worker 2 to port 11422
O1):-0.784	O2):36.445	
O1):-0.794	O2):35.335	
O1):-0.775	O2):35.831	
O1):-0.834	O2):44.918	
O1):-0.849	O2):47.981	
O1):-0.758	O2):33.275	
O1):-0.723	O2):28.765	
O1):-0.821	O2):39.073	
O1):-0.82	O2):38.84	
O1):-0.704	O2):27.131	
O1):-0.843	O2):48.505	
O1):-0.815	O2):39.816	
O1):-0.748	O2):32.069	
O1):-0.837	O2):44.521	
O1):-0.834	O2):47.527	
O1):-0.815	O2):37.717	
O1):-0.773	O2):32.425	
O1):-0.795	O2):34.649	
O1):-0.78	O2):33.329	
O1):-0.772	O2):32.876	
O1):-0.825	O2):42.495	
O1):-0.722	O2):28.523	
O1):-0.776	O2):33.058	
O1):-0.817	O2):42.044	
O1):-0.776	O2):32.999	
O1):-0.854	O2):49.484	
O1):-0.818	O2):40.529	
O1):-0.826	O2):42.767	
O1):-0.761	O2):31.956	
O1):-0.756	O2):31.62	
O1):-0.833	O2):43.779	
O1):-0.775	O2):32.757	
O1):-0.718	O2):27.453	
O1):-0.766	O2):32.42	
O1):-0.811	O2):39.741	
O1):-0.777	O2):39.484	
O1):-0.843	O2):49.418	
O1):-0.782	O2):33.328	
O1):-0.787	O2):39.346	
O1):-0.759	O2):31.56	
O1):-0.768	O2):32.575	
O1):-0.745	O2):31.241	
O1):-0.703	O2):27.683	
O1):-0.706	O2):27.441	
O1):-0.761	O2):31.956	
O1):-0.815	O2):37.737	
O1):-0.704	O2):27.131	
O1):-0.747	O2):33.861	
O1):-0.724	O2):28.267	
O1):-0.839	O2):49.312	
O1):-0.773	O2):34.29	
O1):-0.824	O2):43.174	
O1):-0.711	O2):28.41	
O1):-0.782	O2):33.378	
O1):-0.708	O2):27.454	
O1):-0.851	O2):49.988	
O1):-0.816	O2):37.78	
O1):-0.798	O2):37.938	
O1):-0.778	O2):33.154	
O1):-0.724	O2):28.351	
O1):-0.719	O2):28.104	
O1):-0.791	O2):34.436	
O1):-0.725	O2):29.348	
O1):-0.759	O2):31.417	
O1):-0.853	O2):49.17	
O1):-0.789	O2):34.347	
O1):-0.782	O2):33.378	
O1):-0.742	O2):32.955	
O1):-0.854	O2):49.484	
O1):-0.774	O2):32.966	
O1):-0.8	O2):37.51	
O1):-0.794	O2):37.031	
O1):-0.767	O2):33.085	
O1):-0.761	O2):31.956	
O1):-0.725	O2):28.176	
O1):-0.707	O2):27.414	
O1):-0.781	O2):33.727	
O1):-0.778	O2):33.431	
O1):-0.693	O2):27.235	
O1):-0.792	O2):37.791	
O1):-0.741	O2):31.077	
O1):-0.744	O2):31.165	
O1):-0.816	O2):38.99	
O1):-0.817	O2):42.044	
O1):-0.768	O2):32.366	
O1):-0.7	O2):26.855	
O1):-0.834	O2):47.527	
O1):-0.801	O2):37.508	
O1):-0.793	O2):34.55	
O1):-0.843	O2):49.412	
O1):-0.794	O2):37.026	
O1):-0.761	O2):31.907	
O1):-0.793	O2):34.477	
O1):-0.744	O2):31.165	
O1):-0.801	O2):42.776	
O1):-0.773	O2):32.524	
Starting PrismExecutor worker 4 on port 11454
Connected worker 4 to port 11454
O1):-0.71	O2):27.626	
O1):-0.788	O2):34.738	
O1):-0.804	O2):38.557	
O1):-0.781	O2):33.456	
O1):-0.724	O2):29.231	
O1):-0.834	O2):43.649	
O1):-0.671	O2):26.525	
O1):-0.832	O2):42.492	
O1):-0.824	O2):42.436	
O1):-0.8	O2):37.42	
O1):-0.787	O2):34.217	
O1):-0.704	O2):27.221	
O1):-0.674	O2):26.732	
O1):-0.836	O2):44.419	
O1):-0.787	O2):34.052	
O1):-0.722	O2):28.534	
O1):-0.718	O2):27.507	
O1):-0.746	O2):32.071	
O1):-0.797	O2):35.741	
O1):-0.777	O2):32.814	
O1):-0.787	O2):39.481	
O1):-0.791	O2):34.323	
O1):-0.787	O2):34.03	
O1):-0.79	O2):34.816	
O1):-0.781	O2):33.384	
O1):-0.726	O2):29.355	
O1):-0.755	O2):31.618	
O1):-0.836	O2):44.001	
O1):-0.837	O2):44.139	
O1):-0.809	O2):38.635	
O1):-0.726	O2):29.459	
O1):-0.814	O2):37.667	
O1):-0.779	O2):34.448	
O1):-0.792	O2):36.754	
O1):-0.776	O2):32.846	
O1):-0.709	O2):27.667	
O1):-0.697	O2):26.873	
O1):-0.752	O2):32.7	
O1):-0.762	O2):31.988	
O1):-0.792	O2):34.872	
O1):-0.816	O2):37.894	
O1):-0.723	O2):28.763	
O1):-0.76	O2):31.894	
O1):-0.817	O2):40.228	
O1):-0.772	O2):33.505	
O1):-0.853	O2):48.894	
O1):-0.65	O2):26.181	
O1):-0.833	O2):43.28	
O1):-0.724	O2):28.351	
O1):-0.755	O2):32.986	
O1):-0.817	O2):37.886	
O1):-0.722	O2):28.534	
O1):-0.675	O2):26.738	
O1):-0.759	O2):32.006	
O1):-0.802	O2):39.349	
O1):-0.779	O2):33.569	
O1):-0.779	O2):36.38	
O1):-0.828	O2):43.171	
O1):-0.788	O2):34.738	
O1):-0.825	O2):42.495	
O1):-0.809	O2):38.639	
O1):-0.79	O2):34.65	
O1):-0.817	O2):40.228	
O1):-0.814	O2):37.667	
O1):-0.837	O2):44.139	
O1):-0.714	O2):30.826	
O1):-0.843	O2):48.505	
O1):-0.824	O2):42.436	
O1):-0.74	O2):29.437	
O1):-0.777	O2):32.883	
O1):-0.796	O2):36.558	
O1):-0.776	O2):36.846	
O1):-0.695	O2):28.47	
O1):-0.779	O2):33.189	
O1):-0.76	O2):31.663	
O1):-0.706	O2):27.442	
O1):-0.717	O2):27.667	
O1):-0.816	O2):37.829	
O1):-0.79	O2):34.603	
O1):-0.765	O2):32.568	
O1):-0.763	O2):32.202	
O1):-0.823	O2):43.107	
O1):-0.745	O2):31.241	
O1):-0.799	O2):37.171	
O1):-0.797	O2):37.919	
O1):-0.723	O2):29.366	
O1):-0.704	O2):27.131	
O1):-0.764	O2):32.185	
O1):-0.766	O2):32.484	
O1):-0.773	O2):33.114	
O1):-0.819	O2):38.734	
O1):-0.749	O2):35.3	
O1):-0.76	O2):31.646	
O1):-0.761	O2):31.957	
O1):-0.859	O2):54.388	
O1):-0.809	O2):38.639	
O1):-0.723	O2):27.996	
O1):-0.818	O2):38.363	
O1):-0.775	O2):32.27	
Starting PrismExecutor worker 2 on port 11462
O1):-0.795	O2):34.137	
Connected worker 2 to port 11462
O1):-0.698	O2):27.082	
O1):-0.834	O2):43.649	
O1):-0.755	O2):31.618	
O1):-0.836	O2):43.36	
O1):-0.828	O2):43.323	
O1):-0.769	O2):32.85	
O1):-0.727	O2):31.051	
O1):-0.737	O2):28.24	
O1):-0.862	O2):54.879	
O1):-0.775	O2):32.757	
O1):-0.675	O2):26.801	
O1):-0.702	O2):27.211	
O1):-0.754	O2):33.158	
O1):-0.801	O2):37.521	
O1):-0.863	O2):54.294	
O1):-0.814	O2):39.666	
O1):-0.701	O2):26.897	
O1):-0.758	O2):31.303	
O1):-0.818	O2):40.529	
O1):-0.791	O2):36.818	
O1):-0.84	O2):48.237	
O1):-0.766	O2):32.484	
O1):-0.818	O2):38.363	
O1):-0.694	O2):27.516	
Evaluations:	3100
O1):-0.768	O2):33.149	
O1):-0.844	O2):49.129	
O1):-0.737	O2):28.24	
O1):-0.757	O2):33.119	
O1):-0.801	O2):37.521	
O1):-0.765	O2):34.54	
O1):-0.773	O2):32.425	
O1):-0.762	O2):31.819	
O1):-0.778	O2):33.162	
O1):-0.808	O2):39.152	
O1):-0.85	O2):48.289	
O1):-0.758	O2):31.394	
O1):-0.674	O2):26.719	
O1):-0.781	O2):33.639	
O1):-0.808	O2):38.466	
O1):-0.818	O2):38.363	
O1):-0.745	O2):31.241	
O1):-0.821	O2):39.057	
O1):-0.732	O2):31.36	
O1):-0.76	O2):31.776	
O1):-0.749	O2):31.513	
O1):-0.787	O2):34.216	
O1):-0.841	O2):47.863	
O1):-0.641	O2):26.353	
O1):-0.845	O2):48.833	
O1):-0.828	O2):43.371	
O1):-0.78	O2):33.62	
O1):-0.828	O2):43.367	
O1):-0.764	O2):32.608	
O1):-0.825	O2):43.813	
O1):-0.754	O2):32.89	
O1):-0.762	O2):31.988	
O1):-0.766	O2):32.42	
O1):-0.787	O2):34.87	
O1):-0.799	O2):37.171	
O1):-0.78	O2):33.497	
O1):-0.78	O2):33.505	
O1):-0.714	O2):28.391	
O1):-0.749	O2):31.549	
O1):-0.825	O2):42.707	
O1):-0.746	O2):30.491	
O1):-0.833	O2):44.733	
O1):-0.706	O2):27.442	
O1):-0.72	O2):27.749	
O1):-0.781	O2):33.457	
O1):-0.783	O2):33.416	
O1):-0.832	O2):43.036	
O1):-0.842	O2):47.183	
O1):-0.742	O2):30.11	
O1):-0.76	O2):31.77	
O1):-0.705	O2):27.416	
O1):-0.72	O2):27.719	
O1):-0.836	O2):44.419	
O1):-0.863	O2):54.294	
O1):-0.72	O2):28.308	
O1):-0.71	O2):27.663	
O1):-0.761	O2):31.839	
O1):-0.762	O2):32.12	
O1):-0.863	O2):54.294	
O1):-0.757	O2):36.414	
O1):-0.768	O2):33.148	
O1):-0.7	O2):26.855	
O1):-0.837	O2):44.139	
O1):-0.802	O2):39.386	
O1):-0.789	O2):44.52	
O1):-0.809	O2):38.959	
O1):-0.701	O2):26.903	
O1):-0.825	O2):42.512	
O1):-0.707	O2):27.414	
Evaluations:	2900
Starting PrismExecutor worker 5 on port 11495
O1):-0.815	O2):37.813	
O1):-0.844	O2):48.463	
O1):-0.722	O2):28.534	
Connected worker 5 to port 11495
O1):-0.781	O2):33.759	
O1):-0.696	O2):26.819	
O1):-0.727	O2):28.732	
O1):-0.818	O2):38.294	
O1):-0.725	O2):28.934	
O1):-0.787	O2):34.147	
O1):-0.778	O2):33.219	
O1):-0.726	O2):28.73	
O1):-0.817	O2):38.3	
O1):-0.843	O2):49.418	
O1):-0.862	O2):54.097	
O1):-0.792	O2):36.315	
O1):-0.787	O2):34.052	
O1):-0.785	O2):43.973	
O1):-0.724	O2):28.267	
O1):-0.776	O2):36.6	
O1):-0.791	O2):38.588	
O1):-0.816	O2):37.759	
O1):-0.73	O2):29.108	
O1):-0.8	O2):38.432	
O1):-0.775	O2):32.27	
O1):-0.722	O2):30.44	
O1):-0.794	O2):36.591	
O1):-0.738	O2):29.125	
O1):-0.82	O2):38.697	
O1):-0.76	O2):31.684	
O1):-0.724	O2):28.31	
O1):-0.808	O2):38.442	
O1):-0.768	O2):33.184	
O1):-0.714	O2):27.387	
O1):-0.756	O2):31.555	
O1):-0.793	O2):36.467	
O1):-0.827	O2):43.463	
O1):-0.808	O2):38.442	
O1):-0.808	O2):38.442	
O1):-0.741	O2):31.077	
O1):-0.784	O2):34.222	
O1):-0.782	O2):33.93	
O1):-0.808	O2):38.718	
O1):-0.654	O2):26.423	
O1):-0.858	O2):53.184	
O1):-0.769	O2):33.638	
O1):-0.765	O2):32.224	
O1):-0.792	O2):36.754	
O1):-0.824	O2):43.588	
O1):-0.782	O2):33.283	
O1):-0.754	O2):32.721	
O1):-0.81	O2):38.8	
O1):-0.776	O2):33.043	
O1):-0.851	O2):49.988	
O1):-0.705	O2):27.432	
O1):-0.85	O2):48.083	
O1):-0.746	O2):30.491	
O1):-0.738	O2):29.125	
O1):-0.817	O2):40.365	
O1):-0.72	O2):27.719	
O1):-0.728	O2):28.976	
O1):-0.724	O2):28.31	
O1):-0.776	O2):32.762	
O1):-0.812	O2):39.967	
O1):-0.726	O2):28.73	
O1):-0.802	O2):37.336	
O1):-0.85	O2):48.472	
O1):-0.772	O2):32.725	
O1):-0.81	O2):38.711	
O1):-0.758	O2):31.94	
O1):-0.747	O2):31.908	
O1):-0.724	O2):28.442	
O1):-0.777	O2):32.814	
O1):-0.728	O2):28.922	
O1):-0.835	O2):45.338	
O1):-0.834	O2):47.527	
O1):-0.746	O2):33.045	
O1):-0.834	O2):44.933	
O1):-0.824	O2):42.417	
O1):-0.675	O2):26.801	
O1):-0.72	O2):27.719	
O1):-0.675	O2):26.738	
O1):-0.745	O2):30.217	
O1):-0.782	O2):33.691	
O1):-0.843	O2):48.505	
O1):-0.695	O2):26.733	
O1):-0.813	O2):39.539	
O1):-0.831	O2):44.566	
O1):-0.745	O2):31.279	
O1):-0.724	O2):29.231	
O1):-0.711	O2):27.732	
O1):-0.798	O2):34.763	
O1):-0.722	O2):27.742	
O1):-0.776	O2):32.999	
O1):-0.724	O2):28.351	
O1):-0.789	O2):44.518	
Starting PrismExecutor worker 2 on port 11412
O1):-0.775	O2):32.536	
O1):-0.744	O2):31.165	
Connected worker 2 to port 11412
O1):-0.825	O2):42.495	
O1):-0.749	O2):35.336	
O1):-0.723	O2):28.226	
O1):-0.85	O2):48.289	
O1):-0.816	O2):37.894	
O1):-0.751	O2):32.124	
O1):-0.671	O2):26.478	
O1):-0.722	O2):27.94	
O1):-0.834	O2):43.668	
O1):-0.786	O2):33.628	
O1):-0.728	O2):28.92	
O1):-0.806	O2):38.152	
Evaluations:	3300
O1):-0.708	O2):27.653	
O1):-0.832	O2):42.558	
O1):-0.816	O2):37.759	
O1):-0.762	O2):32.12	
O1):-0.841	O2):49.332	
O1):-0.671	O2):26.53	
O1):-0.819	O2):38.575	
O1):-0.819	O2):38.425	
O1):-0.785	O2):34.701	
O1):-0.764	O2):32.294	
O1):-0.787	O2):34.052	
O1):-0.785	O2):38.758	
O1):-0.765	O2):33.45	
O1):-0.794	O2):36.966	
O1):-0.764	O2):32.497	
O1):-0.791	O2):34.29	
O1):-0.812	O2):39.422	
O1):-0.812	O2):40.191	
O1):-0.803	O2):38.046	
O1):-0.766	O2):32.42	
O1):-0.825	O2):43.809	
O1):-0.763	O2):32.202	
O1):-0.833	O2):44.085	
O1):-0.817	O2):38.022	
O1):-0.827	O2):44.549	
O1):-0.816	O2):38.989	
O1):-0.768	O2):33.141	
O1):-0.836	O2):44.54	
O1):-0.788	O2):34.339	
O1):-0.802	O2):37.8	
O1):-0.817	O2):42.044	
O1):-0.773	O2):32.983	
O1):-0.78	O2):33.505	
O1):-0.769	O2):34.017	
O1):-0.671	O2):26.53	
O1):-0.836	O2):44.082	
O1):-0.833	O2):43.28	
O1):-0.838	O2):44.62	
O1):-0.792	O2):43.231	
O1):-0.697	O2):26.884	
O1):-0.671	O2):26.525	
O1):-0.782	O2):33.721	
O1):-0.671	O2):26.524	
O1):-0.78	O2):33.496	
O1):-0.74	O2):32.888	
O1):-0.841	O2):47.861	
O1):-0.775	O2):32.757	
O1):-0.722	O2):27.742	
O1):-0.835	O2):48.184	
O1):-0.706	O2):28.283	
O1):-0.836	O2):45.44	
O1):-0.838	O2):44.62	
O1):-0.77	O2):32.954	
O1):-0.774	O2):32.962	
O1):-0.774	O2):36.438	
O1):-0.748	O2):31.395	
O1):-0.836	O2):45.44	
O1):-0.759	O2):31.611	
O1):-0.755	O2):31.618	
O1):-0.772	O2):33.181	
O1):-0.8	O2):37.421	
O1):-0.745	O2):31.241	
O1):-0.758	O2):33.256	
O1):-0.756	O2):31.555	
O1):-0.748	O2):31.412	
O1):-0.788	O2):39.662	
O1):-0.705	O2):27.416	
O1):-0.833	O2):43.492	
O1):-0.773	O2):32.918	
O1):-0.781	O2):33.335	
O1):-0.795	O2):35.52	
O1):-0.747	O2):31.171	
O1):-0.752	O2):32.761	
O1):-0.819	O2):38.735	
O1):-0.8	O2):37.77	
O1):-0.769	O2):32.447	
O1):-0.793	O2):34.55	
O1):-0.791	O2):37.844	
O1):-0.8	O2):37.308	
O1):-0.675	O2):26.738	
O1):-0.71	O2):28.347	
O1):-0.706	O2):27.442	
O1):-0.773	O2):32.981	
O1):-0.841	O2):47.942	
O1):-0.818	O2):38.371	
O1):-0.792	O2):35.179	
O1):-0.804	O2):38.07	
Starting PrismExecutor worker 4 on port 11494
O1):-0.836	O2):45.44	
Connected worker 4 to port 11494
O1):-0.779	O2):33.198	
O1):-0.768	O2):32.366	
O1):-0.839	O2):49.312	
O1):-0.807	O2):38.477	
O1):-0.646	O2):27.009	
O1):-0.747	O2):30.387	
O1):-0.833	O2):44.768	
O1):-0.803	O2):53.14	
O1):-0.762	O2):32.12	
O1):-0.818	O2):43.105	
O1):-0.708	O2):27.443	
O1):-0.72	O2):27.719	
O1):-0.768	O2):32.887	
O1):-0.721	O2):27.723	
O1):-0.776	O2):32.999	
O1):-0.703	O2):27.218	
O1):-0.782	O2):33.283	
O1):-0.817	O2):37.935	
O1):-0.778	O2):32.965	
O1):-0.762	O2):33.79	
O1):-0.79	O2):34.816	
O1):-0.77	O2):38.631	
O1):-0.718	O2):27.507	
O1):-0.737	O2):32.4	
O1):-0.793	O2):34.656	
O1):-0.782	O2):33.588	
O1):-0.812	O2):39.534	
O1):-0.719	O2):28.105	
O1):-0.809	O2):51.637	
O1):-0.825	O2):42.498	
O1):-0.78	O2):33.506	
O1):-0.741	O2):29.337	
O1):-0.8	O2):35.489	
O1):-0.832	O2):43.262	
O1):-0.859	O2):54.388	
O1):-0.841	O2):49.257	
O1):-0.836	O2):45.44	
O1):-0.79	O2):36.742	
O1):-0.809	O2):38.639	
O1):-0.765	O2):32.274	
O1):-0.835	O2):43.759	
Evaluations:	2700
O1):-0.852	O2):50.14	
O1):-0.825	O2):43.741	
O1):-0.748	O2):32.157	
O1):-0.782	O2):33.588	
O1):-0.704	O2):27.812	
O1):-0.705	O2):27.416	
O1):-0.793	O2):34.579	
O1):-0.768	O2):33.152	
O1):-0.761	O2):31.873	
O1):-0.823	O2):43.134	
O1):-0.779	O2):33.401	
O1):-0.787	O2):33.992	
O1):-0.653	O2):26.432	
O1):-0.804	O2):38.07	
O1):-0.737	O2):28.24	
O1):-0.836	O2):44.082	
O1):-0.817	O2):42.038	
O1):-0.824	O2):42.417	
O1):-0.778	O2):37.904	
O1):-0.724	O2):28.267	
O1):-0.824	O2):42.436	
O1):-0.775	O2):32.536	
O1):-0.778	O2):33.219	
O1):-0.782	O2):33.283	
O1):-0.697	O2):26.874	
O1):-0.747	O2):30.272	
O1):-0.798	O2):34.795	
O1):-0.671	O2):26.53	
O1):-0.764	O2):34.046	
O1):-0.778	O2):37.911	
O1):-0.818	O2):43.393	
O1):-0.833	O2):43.471	
O1):-0.827	O2):43.035	
O1):-0.737	O2):28.24	
O1):-0.753	O2):32.892	
O1):-0.797	O2):35.534	
O1):-0.794	O2):37.931	
O1):-0.824	O2):42.361	
O1):-0.836	O2):44.001	
O1):-0.782	O2):33.283	
O1):-0.859	O2):54.303	
O1):-0.73	O2):31.24	
O1):-0.802	O2):37.71	
O1):-0.836	O2):57.87	
O1):-0.722	O2):28.01	
O1):-0.828	O2):43.171	
O1):-0.833	O2):48.854	
O1):-0.72	O2):27.943	
O1):-0.832	O2):43.144	
O1):-0.845	O2):49.994	
O1):-0.816	O2):37.868	
O1):-0.762	O2):32.249	
O1):-0.778	O2):33.221	
O1):-0.701	O2):26.869	
O1):-0.714	O2):28.389	
O1):-0.742	O2):30.11	
O1):-0.797	O2):35.713	
O1):-0.817	O2):42.044	
O1):-0.776	O2):32.999	
O1):-0.738	O2):29.128	
O1):-0.796	O2):36.558	
O1):-0.786	O2):33.93	
Starting PrismExecutor worker 0 on port 11410
O1):-0.721	O2):27.772	
Connected worker 0 to port 11410
O1):-0.85	O2):53.988	
O1):-0.762	O2):32.142	
O1):-0.806	O2):38.305	
O1):-0.765	O2):34.465	
O1):-0.835	O2):45.338	
O1):-0.808	O2):38.721	
O1):-0.785	O2):33.762	
O1):-0.812	O2):39.422	
O1):-0.781	O2):38.882	
O1):-0.783	O2):33.809	
O1):-0.742	O2):30.11	
O1):-0.708	O2):27.431	
Evaluations:	3200
O1):-0.816	O2):40.069	
O1):-0.833	O2):43.492	
O1):-0.697	O2):26.828	
Evaluations:	3000
O1):-0.761	O2):31.864	
O1):-0.724	O2):28.31	
O1):-0.837	O2):44.139	
O1):-0.772	O2):33.529	
O1):-0.729	O2):29.067	
O1):-0.775	O2):32.272	
O1):-0.778	O2):33.179	
O1):-0.802	O2):37.71	
O1):-0.841	O2):47.942	
O1):-0.697	O2):26.873	
O1):-0.775	O2):32.536	
O1):-0.794	O2):41.788	
O1):-0.789	O2):34.127	
Evaluations:	3000
O1):-0.797	O2):34.669	
O1):-0.815	O2):37.737	
O1):-0.832	O2):43.308	
O1):-0.834	O2):47.528	
O1):-0.792	O2):43.212	
O1):-0.787	O2):33.992	
O1):-0.728	O2):28.92	
O1):-0.824	O2):43.174	
O1):-0.761	O2):31.957	
O1):-0.863	O2):54.294	
O1):-0.837	O2):44.536	
O1):-0.809	O2):38.639	
O1):-0.771	O2):33.404	
O1):-0.773	O2):32.524	
O1):-0.799	O2):37.171	
O1):-0.73	O2):31.24	
O1):-0.78	O2):33.506	
O1):-0.706	O2):28.283	
O1):-0.766	O2):32.484	
O1):-0.787	O2):34.87	
O1):-0.81	O2):38.82	
O1):-0.798	O2):34.907	
O1):-0.793	O2):34.702	
O1):-0.831	O2):44.522	
O1):-0.756	O2):31.3	
O1):-0.779	O2):33.52	
O1):-0.819	O2):38.661	
O1):-0.74	O2):29.437	
O1):-0.701	O2):26.956	
O1):-0.721	O2):27.772	
O1):-0.85	O2):53.986	
O1):-0.755	O2):31.618	
O1):-0.766	O2):32.414	
O1):-0.779	O2):33.171	
O1):-0.818	O2):38.294	
O1):-0.716	O2):27.784	
O1):-0.765	O2):32.198	
O1):-0.716	O2):27.784	
O1):-0.777	O2):33.538	
O1):-0.775	O2):32.757	
O1):-0.849	O2):49.534	
O1):-0.816	O2):37.893	
O1):-0.782	O2):33.721	
O1):-0.808	O2):38.718	
O1):-0.827	O2):43.035	
O1):-0.818	O2):40.529	
O1):-0.822	O2):39.172	
O1):-0.849	O2):49.534	
O1):-0.791	O2):34.323	
O1):-0.842	O2):47.183	
O1):-0.775	O2):32.535	
O1):-0.814	O2):39.547	
O1):-0.836	O2):44.082	
O1):-0.8	O2):37.42	
O1):-0.743	O2):33.059	
O1):-0.841	O2):47.861	
O1):-0.835	O2):48.184	
O1):-0.816	O2):37.893	
O1):-0.701	O2):27.2	
O1):-0.759	O2):31.537	
O1):-0.763	O2):32.276	
O1):-0.71	O2):27.704	
O1):-0.746	O2):30.384	
O1):-0.831	O2):42.9	
Starting PrismExecutor worker 0 on port 11400
O1):-0.836	O2):44.199	
O1):-0.775	O2):32.895	
O1):-0.698	O2):27.082	
O1):-0.784	O2):36.445	
Connected worker 0 to port 11400
O1):-0.743	O2):31.121	
O1):-0.702	O2):27.095	
O1):-0.749	O2):31.513	
O1):-0.776	O2):32.593	
O1):-0.785	O2):43.974	
O1):-0.765	O2):33.633	
O1):-0.766	O2):32.484	
O1):-0.673	O2):26.724	
O1):-0.851	O2):48.584	
O1):-0.763	O2):32.202	
O1):-0.764	O2):32.169	
O1):-0.854	O2):49.479	
O1):-0.81	O2):38.8	
O1):-0.774	O2):34.043	
O1):-0.707	O2):27.408	
O1):-0.813	O2):39.552	
O1):-0.784	O2):33.656	
O1):-0.788	O2):34.738	
Evaluations:	2800
O1):-0.859	O2):54.388	
O1):-0.765	O2):32.383	
O1):-0.72	O2):27.773	
O1):-0.798	O2):35.874	
O1):-0.787	O2):34.03	
O1):-0.741	O2):31.303	
O1):-0.778	O2):38.311	
O1):-0.746	O2):31.244	
O1):-0.862	O2):54.097	
O1):-0.763	O2):33.362	
O1):-0.787	O2):33.992	
O1):-0.77	O2):33.384	
O1):-0.861	O2):54.862	
O1):-0.855	O2):54.3	
O1):-0.833	O2):43.492	
O1):-0.674	O2):26.732	
O1):-0.803	O2):37.983	
O1):-0.723	O2):28.67	
O1):-0.794	O2):35.461	
O1):-0.818	O2):38.331	
O1):-0.744	O2):31.165	
O1):-0.776	O2):36.405	
O1):-0.718	O2):27.453	
O1):-0.849	O2):49.534	
O1):-0.696	O2):26.819	
O1):-0.722	O2):28.997	
O1):-0.783	O2):33.804	
O1):-0.766	O2):32.484	
O1):-0.745	O2):30.217	
O1):-0.834	O2):43.418	
O1):-0.759	O2):32.063	
O1):-0.743	O2):31.121	
O1):-0.8	O2):37.222	
O1):-0.837	O2):44.534	
O1):-0.76	O2):33.506	
O1):-0.643	O2):26.472	
O1):-0.804	O2):38.557	
O1):-0.842	O2):48.077	
O1):-0.834	O2):44.918	
O1):-0.789	O2):35.272	
O1):-0.792	O2):43.234	
O1):-0.836	O2):45.49	
O1):-0.842	O2):48.532	
O1):-0.762	O2):31.819	
O1):-0.765	O2):32.383	
O1):-0.763	O2):33.565	
O1):-0.844	O2):48.641	
O1):-0.756	O2):33.205	
O1):-0.804	O2):38.149	
O1):-0.779	O2):33.518	
O1):-0.746	O2):30.385	
O1):-0.786	O2):33.963	
O1):-0.708	O2):27.431	
O1):-0.774	O2):32.963	
O1):-0.789	O2):33.915	
O1):-0.842	O2):48.532	
O1):-0.849	O2):49.554	
O1):-0.74	O2):31.086	
O1):-0.718	O2):27.767	
O1):-0.704	O2):27.131	
O1):-0.806	O2):38.305	
O1):-0.778	O2):37.563	
O1):-0.768	O2):32.58	
O1):-0.845	O2):49.994	
O1):-0.797	O2):34.745	
Evaluations:	2900
O1):-0.806	O2):38.305	
O1):-0.738	O2):29.125	
O1):-0.778	O2):33.154	
O1):-0.743	O2):33.557	
O1):-0.833	O2):43.476	
O1):-0.776	O2):32.762	
O1):-0.802	O2):37.336	
O1):-0.791	O2):34.431	
O1):-0.641	O2):26.353	
O1):-0.783	O2):33.687	
Starting PrismExecutor worker 1 on port 11471
O1):-0.757	O2):33.554	
O1):-0.799	O2):34.993	
Connected worker 1 to port 11471
O1):-0.849	O2):48.0	
O1):-0.778	O2):33.179	
O1):-0.72	O2):27.943	
O1):-0.671	O2):26.525	
O1):-0.774	O2):32.683	
O1):-0.769	O2):32.85	
O1):-0.791	O2):36.818	
O1):-0.779	O2):33.522	
O1):-0.773	O2):32.524	
O1):-0.833	O2):43.28	
O1):-0.767	O2):32.677	
O1):-0.85	O2):48.083	
O1):-0.79	O2):33.778	
O1):-0.79	O2):33.778	
O1):-0.743	O2):30.093	
O1):-0.778	O2):32.966	
O1):-0.723	O2):27.996	
O1):-0.724	O2):28.31	
O1):-0.793	O2):34.55	
O1):-0.784	O2):34.14	
O1):-0.758	O2):31.823	
O1):-0.798	O2):37.4	
O1):-0.817	O2):37.935	
O1):-0.795	O2):35.52	
O1):-0.824	O2):43.178	
O1):-0.851	O2):48.585	
O1):-0.711	O2):27.732	
O1):-0.707	O2):27.468	
O1):-0.758	O2):40.697	
O1):-0.785	O2):33.795	
O1):-0.842	O2):48.532	
O1):-0.764	O2):40.409	
O1):-0.7	O2):27.187	
O1):-0.829	O2):43.386	
O1):-0.657	O2):27.205	
O1):-0.763	O2):32.155	
O1):-0.718	O2):27.758	
O1):-0.726	O2):28.73	
O1):-0.774	O2):32.962	
O1):-0.815	O2):37.742	
O1):-0.764	O2):32.163	
O1):-0.743	O2):31.121	
O1):-0.78	O2):33.583	
O1):-0.769	O2):33.264	
O1):-0.725	O2):28.176	
O1):-0.8	O2):37.42	
O1):-0.7	O2):26.856	
O1):-0.775	O2):35.576	
O1):-0.772	O2):33.503	
O1):-0.782	O2):33.283	
O1):-0.826	O2):42.912	
O1):-0.793	O2):34.654	
O1):-0.859	O2):54.151	
O1):-0.795	O2):34.137	
O1):-0.705	O2):27.749	
O1):-0.776	O2):32.872	
O1):-0.718	O2):27.767	
O1):-0.718	O2):27.507	
O1):-0.736	O2):32.946	
O1):-0.723	O2):28.313	
O1):-0.72	O2):28.124	
O1):-0.826	O2):42.767	
O1):-0.815	O2):39.782	
O1):-0.76	O2):31.642	
O1):-0.832	O2):42.558	
O1):-0.768	O2):32.575	
O1):-0.791	O2):34.184	
O1):-0.824	O2):42.361	
O1):-0.8	O2):37.42	
O1):-0.759	O2):32.153	
O1):-0.72	O2):29.361	
O1):-0.723	O2):27.996	
O1):-0.803	O2):38.041	
O1):-0.832	O2):43.036	
O1):-0.767	O2):32.662	
O1):-0.784	O2):34.14	
O1):-0.72	O2):29.333	
O1):-0.724	O2):28.385	
O1):-0.782	O2):33.285	
O1):-0.858	O2):53.864	
O1):-0.804	O2):38.07	
O1):-0.838	O2):49.386	
O1):-0.786	O2):34.124	
O1):-0.722	O2):29.498	
O1):-0.724	O2):28.351	
O1):-0.791	O2):34.415	
O1):-0.786	O2):33.922	
O1):-0.707	O2):27.468	
O1):-0.767	O2):32.577	
O1):-0.819	O2):38.425	
Starting PrismExecutor worker 1 on port 11401
O1):-0.816	O2):38.989	
O1):-0.836	O2):45.49	
O1):-0.809	O2):38.639	
O1):-0.724	O2):28.847	
Connected worker 1 to port 11401
O1):-0.854	O2):49.535	
O1):-0.833	O2):44.085	
O1):-0.761	O2):31.745	
O1):-0.853	O2):48.894	
O1):-0.769	O2):33.243	
O1):-0.761	O2):31.907	
O1):-0.72	O2):28.308	
O1):-0.844	O2):49.181	
O1):-0.849	O2):47.981	
O1):-0.763	O2):32.154	
O1):-0.801	O2):37.521	
O1):-0.778	O2):36.17	
O1):-0.836	O2):45.49	
O1):-0.842	O2):49.268	
O1):-0.763	O2):32.202	
Evaluations:	3000
O1):-0.775	O2):32.82	
O1):-0.784	O2):33.656	
O1):-0.801	O2):37.342	
O1):-0.758	O2):31.57	
O1):-0.778	O2):33.221	
O1):-0.81	O2):38.8	
O1):-0.816	O2):37.894	
O1):-0.759	O2):31.537	
O1):-0.808	O2):38.502	
O1):-0.701	O2):27.2	
O1):-0.818	O2):38.294	
O1):-0.817	O2):40.267	
O1):-0.783	O2):33.804	
O1):-0.817	O2):42.044	
O1):-0.745	O2):30.217	
O1):-0.727	O2):31.1	
O1):-0.721	O2):27.723	
O1):-0.706	O2):28.283	
O1):-0.78	O2):33.62	
O1):-0.815	O2):39.817	
O1):-0.783	O2):33.923	
O1):-0.789	O2):34.978	
O1):-0.766	O2):32.54	
O1):-0.707	O2):27.371	
O1):-0.791	O2):35.184	
O1):-0.724	O2):28.351	
O1):-0.784	O2):33.656	
O1):-0.784	O2):34.14	
O1):-0.773	O2):32.482	
O1):-0.818	O2):38.344	
O1):-0.776	O2):32.762	
O1):-0.84	O2):48.237	
O1):-0.72	O2):27.749	
O1):-0.802	O2):37.675	
O1):-0.769	O2):32.419	
O1):-0.697	O2):26.882	
O1):-0.849	O2):49.52	
O1):-0.772	O2):40.64	
O1):-0.793	O2):36.449	
O1):-0.801	O2):37.507	
O1):-0.793	O2):44.362	
O1):-0.745	O2):30.217	
O1):-0.703	O2):27.684	
O1):-0.762	O2):32.249	
O1):-0.842	O2):47.183	
O1):-0.747	O2):32.076	
O1):-0.78	O2):33.496	
O1):-0.697	O2):26.882	
O1):-0.738	O2):29.125	
O1):-0.765	O2):32.274	
O1):-0.787	O2):34.03	
O1):-0.826	O2):42.912	
O1):-0.853	O2):49.17	
O1):-0.783	O2):33.81	
O1):-0.772	O2):32.688	
O1):-0.807	O2):38.477	
O1):-0.82	O2):38.814	
O1):-0.797	O2):34.667	
O1):-0.783	O2):33.416	
O1):-0.833	O2):44.086	
O1):-0.779	O2):33.292	
O1):-0.827	O2):43.463	
O1):-0.821	O2):39.073	
O1):-0.798	O2):35.874	
O1):-0.698	O2):27.082	
O1):-0.711	O2):27.732	
O1):-0.781	O2):33.437	
O1):-0.853	O2):48.894	
O1):-0.792	O2):34.636	
O1):-0.858	O2):53.881	
O1):-0.717	O2):28.74	
O1):-0.849	O2):47.981	
O1):-0.827	O2):43.035	
O1):-0.759	O2):31.611	
O1):-0.836	O2):43.523	
O1):-0.704	O2):27.221	
O1):-0.766	O2):32.42	
Starting PrismExecutor worker 3 on port 11403
O1):-0.74	O2):31.154	
O1):-0.767	O2):32.816	
Connected worker 3 to port 11403
O1):-0.831	O2):42.9	
O1):-0.784	O2):33.656	
O1):-0.791	O2):33.807	
O1):-0.814	O2):39.654	
O1):-0.786	O2):37.596	
O1):-0.793	O2):34.55	
O1):-0.788	O2):34.738	
O1):-0.729	O2):29.067	
O1):-0.817	O2):40.449	
O1):-0.82	O2):38.814	
O1):-0.852	O2):50.14	
O1):-0.762	O2):32.12	
O1):-0.672	O2):26.709	
O1):-0.809	O2):38.958	
O1):-0.762	O2):31.819	
O1):-0.817	O2):42.102	
O1):-0.81	O2):39.033	
O1):-0.727	O2):31.024	
O1):-0.784	O2):33.656	
O1):-0.671	O2):26.524	
O1):-0.801	O2):37.342	
O1):-0.784	O2):33.656	
O1):-0.767	O2):32.758	
O1):-0.671	O2):26.488	
O1):-0.72	O2):27.749	
O1):-0.734	O2):28.643	
O1):-0.782	O2):33.352	
O1):-0.842	O2):47.136	
O1):-0.808	O2):39.915	
O1):-0.85	O2):48.289	
O1):-0.671	O2):26.489	
O1):-0.772	O2):32.516	
O1):-0.842	O2):47.183	
O1):-0.818	O2):40.364	
O1):-0.816	O2):37.759	
O1):-0.789	O2):38.547	
O1):-0.776	O2):32.999	
O1):-0.753	O2):32.892	
O1):-0.849	O2):49.534	
O1):-0.694	O2):26.539	
O1):-0.833	O2):43.476	
O1):-0.793	O2):35.382	
O1):-0.818	O2):43.389	
O1):-0.763	O2):32.196	
O1):-0.763	O2):32.203	
O1):-0.811	O2):38.905	
O1):-0.801	O2):45.485	
O1):-0.817	O2):48.369	
O1):-0.819	O2):38.575	
O1):-0.819	O2):38.661	
O1):-0.714	O2):28.389	
O1):-0.842	O2):48.077	
O1):-0.79	O2):34.334	
O1):-0.755	O2):31.618	
O1):-0.768	O2):32.559	
O1):-0.851	O2):48.585	
O1):-0.758	O2):31.887	
O1):-0.785	O2):33.748	
O1):-0.825	O2):49.086	
O1):-0.81	O2):39.033	
O1):-0.806	O2):38.305	
O1):-0.784	O2):33.959	
O1):-0.837	O2):53.866	
O1):-0.748	O2):31.395	
O1):-0.765	O2):32.383	
O1):-0.727	O2):28.732	
O1):-0.8	O2):37.716	
O1):-0.697	O2):26.828	
O1):-0.76	O2):31.77	
O1):-0.779	O2):33.172	
O1):-0.766	O2):32.538	
O1):-0.777	O2):33.537	
O1):-0.842	O2):47.183	
O1):-0.702	O2):27.132	
O1):-0.72	O2):28.217	
O1):-0.758	O2):31.395	
O1):-0.817	O2):42.044	
O1):-0.784	O2):34.14	
O1):-0.722	O2):28.534	
O1):-0.798	O2):35.853	
O1):-0.795	O2):34.652	
O1):-0.794	O2):36.966	
O1):-0.746	O2):31.247	
O1):-0.743	O2):30.163	
O1):-0.785	O2):33.748	
O1):-0.777	O2):32.911	
O1):-0.722	O2):27.742	
O1):-0.76	O2):31.642	
O1):-0.675	O2):26.801	
O1):-0.834	O2):44.933	
O1):-0.703	O2):27.218	
O1):-0.787	O2):40.679	
O1):-0.782	O2):33.283	
O1):-0.824	O2):43.174	
O1):-0.742	O2):30.167	
O1):-0.777	O2):34.406	
O1):-0.721	O2):28.491	
O1):-0.724	O2):28.442	
O1):-0.761	O2):31.907	
Starting PrismExecutor worker 2 on port 11472
O1):-0.758	O2):31.887	
Connected worker 2 to port 11472
O1):-0.782	O2):37.201	
O1):-0.757	O2):33.556	
O1):-0.833	O2):44.085	
O1):-0.779	O2):33.152	
O1):-0.818	O2):38.363	
O1):-0.701	O2):26.869	
O1):-0.697	O2):26.882	
O1):-0.724	O2):28.774	
O1):-0.78	O2):33.427	
O1):-0.784	O2):33.959	
O1):-0.789	O2):34.114	
O1):-0.85	O2):48.289	
O1):-0.718	O2):27.453	
O1):-0.757	O2):31.564	
O1):-0.743	O2):31.121	
O1):-0.746	O2):32.039	
O1):-0.714	O2):28.389	
O1):-0.783	O2):34.04	
O1):-0.769	O2):32.447	
O1):-0.764	O2):33.947	
O1):-0.816	O2):38.99	
O1):-0.763	O2):32.276	
O1):-0.732	O2):31.475	
O1):-0.78	O2):33.42	
O1):-0.727	O2):28.746	
O1):-0.747	O2):32.298	
O1):-0.786	O2):33.963	
O1):-0.817	O2):38.023	
O1):-0.797	O2):34.667	
O1):-0.721	O2):27.772	
O1):-0.773	O2):32.524	
O1):-0.72	O2):27.719	
O1):-0.784	O2):36.788	
O1):-0.803	O2):38.046	
O1):-0.85	O2):49.565	
O1):-0.787	O2):34.03	
O1):-0.72	O2):27.719	
O1):-0.814	O2):39.654	
O1):-0.824	O2):42.417	
O1):-0.788	O2):44.468	
O1):-0.774	O2):32.962	
O1):-0.747	O2):30.389	
O1):-0.76	O2):31.622	
O1):-0.837	O2):44.139	
O1):-0.797	O2):34.671	
O1):-0.832	O2):42.492	
O1):-0.776	O2):32.762	
O1):-0.778	O2):45.882	
O1):-0.858	O2):53.864	
O1):-0.836	O2):45.49	
O1):-0.776	O2):32.588	
O1):-0.834	O2):44.918	
O1):-0.862	O2):54.097	
O1):-0.832	O2):43.036	
O1):-0.748	O2):31.344	
O1):-0.708	O2):27.431	
O1):-0.817	O2):38.107	
O1):-0.8	O2):37.308	
O1):-0.817	O2):42.044	
O1):-0.836	O2):44.423	
O1):-0.765	O2):32.198	
O1):-0.791	O2):37.676	
O1):-0.807	O2):38.537	
O1):-0.801	O2):35.579	
O1):-0.801	O2):37.521	
O1):-0.85	O2):48.083	
O1):-0.787	O2):34.347	
O1):-0.654	O2):26.423	
O1):-0.785	O2):34.118	
O1):-0.802	O2):37.854	
O1):-0.765	O2):32.274	
O1):-0.746	O2):31.479	
O1):-0.794	O2):35.5	
O1):-0.779	O2):33.399	
O1):-0.851	O2):48.585	
O1):-0.818	O2):38.363	
O1):-0.738	O2):29.128	
O1):-0.834	O2):48.401	
O1):-0.719	O2):28.104	
O1):-0.858	O2):54.129	
O1):-0.768	O2):33.174	
O1):-0.701	O2):26.898	
O1):-0.76	O2):31.684	
O1):-0.757	O2):31.564	
O1):-0.755	O2):31.618	
O1):-0.747	O2):30.387	
O1):-0.786	O2):33.922	
O1):-0.761	O2):31.763	
O1):-0.818	O2):43.393	
O1):-0.722	O2):28.01	
O1):-0.722	O2):28.534	
O1):-0.777	O2):36.046	
O1):-0.779	O2):33.081	
O1):-0.813	O2):39.311	
O1):-0.703	O2):27.683	
O1):-0.766	O2):32.484	
O1):-0.716	O2):27.784	
O1):-0.817	O2):42.287	
O1):-0.74	O2):29.437	
O1):-0.743	O2):33.614	
O1):-0.794	O2):36.591	
O1):-0.804	O2):38.149	
Starting PrismExecutor worker 3 on port 11463
O1):-0.797	O2):36.865	
O1):-0.781	O2):33.384	
O1):-0.826	O2):43.456	
O1):-0.85	O2):53.986	
Connected worker 3 to port 11463
O1):-0.743	O2):31.121	
O1):-0.765	O2):32.194	
O1):-0.801	O2):37.508	
O1):-0.748	O2):32.523	
O1):-0.778	O2):33.234	
O1):-0.719	O2):27.717	
O1):-0.816	O2):38.002	
O1):-0.859	O2):54.24	
O1):-0.772	O2):33.528	
O1):-0.854	O2):49.481	
O1):-0.833	O2):43.492	
O1):-0.811	O2):39.303	
O1):-0.777	O2):36.046	
O1):-0.761	O2):32.22	
O1):-0.825	O2):42.512	
O1):-0.719	O2):28.104	
O1):-0.763	O2):32.276	
O1):-0.789	O2):34.978	
O1):-0.727	O2):28.732	
O1):-0.833	O2):43.49	
O1):-0.741	O2):33.005	
O1):-0.764	O2):32.163	
O1):-0.764	O2):32.163	
O1):-0.702	O2):27.51	
O1):-0.859	O2):54.151	
O1):-0.765	O2):32.383	
O1):-0.842	O2):48.553	
O1):-0.746	O2):30.156	
O1):-0.79	O2):34.169	
O1):-0.76	O2):31.646	
O1):-0.778	O2):33.184	
O1):-0.766	O2):32.42	
O1):-0.76	O2):31.706	
O1):-0.782	O2):33.684	
Evaluations:	3000
O1):-0.771	O2):32.633	
O1):-0.778	O2):33.184	
O1):-0.793	O2):36.449	
O1):-0.833	O2):43.28	
O1):-0.814	O2):37.664	
O1):-0.743	O2):31.121	
O1):-0.826	O2):42.717	
O1):-0.775	O2):32.483	
O1):-0.781	O2):33.456	
O1):-0.775	O2):32.763	
O1):-0.702	O2):27.132	
O1):-0.702	O2):27.211	
O1):-0.798	O2):37.154	
O1):-0.826	O2):44.566	
O1):-0.84	O2):48.241	
O1):-0.824	O2):42.436	
O1):-0.791	O2):34.183	
O1):-0.754	O2):32.896	
O1):-0.837	O2):44.536	
O1):-0.776	O2):33.043	
O1):-0.65	O2):26.181	
O1):-0.781	O2):33.759	
O1):-0.816	O2):38.962	
O1):-0.767	O2):33.102	
O1):-0.852	O2):50.137	
O1):-0.815	O2):39.816	
O1):-0.724	O2):29.231	
O1):-0.765	O2):32.198	
O1):-0.795	O2):34.137	
O1):-0.719	O2):28.104	
O1):-0.833	O2):43.476	
O1):-0.799	O2):37.924	
O1):-0.797	O2):36.865	
O1):-0.675	O2):26.801	
O1):-0.799	O2):37.924	
O1):-0.818	O2):38.511	
O1):-0.78	O2):33.498	
O1):-0.798	O2):35.853	
O1):-0.726	O2):28.73	
O1):-0.78	O2):33.42	
O1):-0.819	O2):38.575	
O1):-0.775	O2):33.844	
O1):-0.772	O2):32.725	
Evaluations:	3200
O1):-0.849	O2):49.534	
O1):-0.837	O2):44.139	
O1):-0.775	O2):32.83	
O1):-0.839	O2):49.312	
O1):-0.643	O2):26.472	
O1):-0.84	O2):48.237	
O1):-0.837	O2):44.534	
O1):-0.76	O2):31.706	
O1):-0.766	O2):32.484	
O1):-0.795	O2):34.171	
O1):-0.746	O2):30.156	
O1):-0.671	O2):26.53	
O1):-0.762	O2):32.142	
O1):-0.798	O2):37.792	
Starting PrismExecutor worker 1 on port 11441
O1):-0.781	O2):33.334	
O1):-0.737	O2):28.372	
Connected worker 1 to port 11441
O1):-0.817	O2):38.107	
O1):-0.729	O2):29.067	
O1):-0.767	O2):34.485	
O1):-0.799	O2):37.171	
O1):-0.809	O2):38.665	
O1):-0.837	O2):44.354	
O1):-0.862	O2):54.097	
O1):-0.78	O2):33.622	
O1):-0.778	O2):33.421	
O1):-0.795	O2):37.121	
O1):-0.772	O2):32.369	
O1):-0.8	O2):37.204	
O1):-0.774	O2):32.962	
O1):-0.775	O2):32.875	
O1):-0.816	O2):37.759	
O1):-0.801	O2):42.876	
O1):-0.821	O2):39.057	
O1):-0.791	O2):34.415	
O1):-0.704	O2):27.221	
O1):-0.814	O2):39.666	
O1):-0.744	O2):31.165	
O1):-0.784	O2):34.05	
O1):-0.783	O2):33.804	
O1):-0.817	O2):40.267	
O1):-0.697	O2):26.873	
O1):-0.797	O2):35.741	
O1):-0.777	O2):32.883	
O1):-0.724	O2):28.306	
O1):-0.784	O2):38.429	
O1):-0.779	O2):33.569	
O1):-0.761	O2):31.956	
O1):-0.703	O2):27.799	
O1):-0.759	O2):31.56	
O1):-0.787	O2):34.383	
O1):-0.797	O2):34.669	
O1):-0.694	O2):26.539	
O1):-0.701	O2):27.2	
O1):-0.818	O2):40.529	
O1):-0.824	O2):43.174	
O1):-0.78	O2):33.496	
O1):-0.833	O2):44.085	
O1):-0.781	O2):33.321	
O1):-0.765	O2):32.383	
O1):-0.802	O2):38.833	
O1):-0.819	O2):38.661	
O1):-0.817	O2):37.908	
O1):-0.642	O2):26.422	
O1):-0.716	O2):27.784	
O1):-0.747	O2):30.387	
O1):-0.817	O2):40.267	
O1):-0.792	O2):36.315	
O1):-0.789	O2):34.833	
O1):-0.815	O2):37.742	
O1):-0.762	O2):32.207	
O1):-0.769	O2):32.386	
O1):-0.824	O2):42.417	
O1):-0.732	O2):31.36	
O1):-0.727	O2):28.746	
O1):-0.76	O2):31.646	
O1):-0.773	O2):32.5	
O1):-0.815	O2):37.737	
O1):-0.781	O2):33.334	
O1):-0.718	O2):27.507	
O1):-0.808	O2):38.3	
O1):-0.778	O2):33.221	
O1):-0.769	O2):32.447	
O1):-0.836	O2):43.898	
O1):-0.651	O2):26.575	
O1):-0.842	O2):48.553	
O1):-0.797	O2):35.488	
O1):-0.724	O2):28.306	
O1):-0.832	O2):42.558	
O1):-0.776	O2):32.872	
O1):-0.745	O2):30.224	
O1):-0.809	O2):46.732	
O1):-0.703	O2):27.152	
O1):-0.833	O2):42.511	
O1):-0.836	O2):44.159	
O1):-0.725	O2):28.854	
O1):-0.701	O2):27.2	
O1):-0.771	O2):33.483	
O1):-0.819	O2):38.459	
O1):-0.845	O2):49.407	
O1):-0.721	O2):28.491	
O1):-0.794	O2):41.213	
O1):-0.85	O2):49.565	
O1):-0.842	O2):48.553	
O1):-0.785	O2):34.701	
O1):-0.724	O2):28.351	
O1):-0.827	O2):43.035	
O1):-0.783	O2):38.578	
O1):-0.776	O2):32.872	
O1):-0.708	O2):27.443	
O1):-0.825	O2):42.498	
O1):-0.786	O2):33.922	
Evaluations:	3400
O1):-0.717	O2):28.74	
O1):-0.791	O2):34.361	
O1):-0.738	O2):29.127	
Starting PrismExecutor worker 2 on port 11402
O1):-0.702	O2):27.095	
O1):-0.82	O2):38.706	
Connected worker 2 to port 11402
O1):-0.793	O2):34.702	
O1):-0.756	O2):31.3	
O1):-0.698	O2):27.082	
O1):-0.859	O2):54.152	
O1):-0.754	O2):31.641	
O1):-0.835	O2):43.831	
O1):-0.837	O2):44.521	
O1):-0.782	O2):36.191	
O1):-0.801	O2):37.645	
O1):-0.756	O2):31.555	
O1):-0.755	O2):31.618	
O1):-0.814	O2):37.686	
O1):-0.722	O2):27.818	
O1):-0.761	O2):31.839	
O1):-0.734	O2):28.643	
O1):-0.723	O2):29.338	
O1):-0.858	O2):53.184	
O1):-0.825	O2):43.741	
O1):-0.833	O2):43.476	
O1):-0.834	O2):43.749	
O1):-0.706	O2):28.05	
O1):-0.797	O2):35.741	
O1):-0.721	O2):28.518	
O1):-0.788	O2):34.738	
O1):-0.797	O2):36.865	
O1):-0.861	O2):54.862	
O1):-0.786	O2):34.124	
O1):-0.708	O2):27.431	
O1):-0.837	O2):44.493	
O1):-0.854	O2):58.578	
O1):-0.788	O2):39.607	
O1):-0.673	O2):26.824	
O1):-0.742	O2):30.11	
O1):-0.84	O2):47.921	
O1):-0.798	O2):37.266	
O1):-0.825	O2):42.452	
O1):-0.834	O2):43.749	
O1):-0.863	O2):54.294	
O1):-0.841	O2):47.942	
O1):-0.671	O2):26.524	
O1):-0.722	O2):28.01	
O1):-0.784	O2):33.959	
O1):-0.776	O2):32.999	
O1):-0.772	O2):38.781	
O1):-0.702	O2):27.095	
O1):-0.779	O2):38.316	
O1):-0.741	O2):31.192	
O1):-0.817	O2):42.776	
O1):-0.728	O2):28.92	
O1):-0.809	O2):38.635	
O1):-0.643	O2):26.472	
O1):-0.765	O2):32.198	
O1):-0.799	O2):34.993	
O1):-0.729	O2):29.067	
O1):-0.8	O2):35.489	
O1):-0.772	O2):32.671	
O1):-0.713	O2):30.748	
O1):-0.749	O2):31.554	
O1):-0.761	O2):31.966	
O1):-0.764	O2):32.294	
O1):-0.698	O2):27.082	
O1):-0.673	O2):26.824	
O1):-0.801	O2):35.579	
O1):-0.797	O2):34.76	
O1):-0.798	O2):34.763	
O1):-0.827	O2):45.184	
O1):-0.837	O2):57.982	
O1):-0.792	O2):36.754	
O1):-0.837	O2):44.536	
O1):-0.777	O2):33.017	
O1):-0.759	O2):31.417	
O1):-0.769	O2):32.439	
O1):-0.689	O2):27.022	
O1):-0.805	O2):39.136	
O1):-0.767	O2):32.578	
O1):-0.802	O2):37.854	
O1):-0.671	O2):26.525	
O1):-0.741	O2):31.139	
O1):-0.782	O2):33.831	
O1):-0.826	O2):43.905	
O1):-0.72	O2):28.124	
O1):-0.842	O2):48.561	
O1):-0.836	O2):44.274	
O1):-0.776	O2):33.043	
O1):-0.746	O2):30.384	
O1):-0.791	O2):34.415	
O1):-0.807	O2):41.87	
O1):-0.793	O2):35.3	
O1):-0.836	O2):44.159	
O1):-0.816	O2):39.894	
O1):-0.842	O2):48.553	
O1):-0.816	O2):37.895	
O1):-0.795	O2):36.824	
O1):-0.704	O2):27.131	
O1):-0.833	O2):43.779	
O1):-0.728	O2):33.57	
O1):-0.72	O2):27.719	
O1):-0.834	O2):43.609	
O1):-0.774	O2):32.962	
O1):-0.836	O2):57.87	
O1):-0.818	O2):38.294	
O1):-0.784	O2):33.799	
O1):-0.825	O2):42.512	
Starting PrismExecutor worker 0 on port 11470
O1):-0.789	O2):34.298	
O1):-0.759	O2):31.736	
Connected worker 0 to port 11470
O1):-0.797	O2):36.865	
O1):-0.8	O2):37.308	
O1):-0.758	O2):31.887	
O1):-0.774	O2):32.962	
O1):-0.719	O2):28.198	
O1):-0.675	O2):26.738	
O1):-0.727	O2):28.888	
O1):-0.728	O2):28.92	
O1):-0.833	O2):49.01	
O1):-0.79	O2):33.768	
O1):-0.815	O2):37.717	
O1):-0.781	O2):33.841	
O1):-0.833	O2):45.087	
O1):-0.754	O2):32.698	
O1):-0.784	O2):33.654	
O1):-0.776	O2):32.792	
O1):-0.772	O2):32.725	
O1):-0.673	O2):26.824	
O1):-0.816	O2):37.788	
O1):-0.71	O2):27.689	
O1):-0.85	O2):48.083	
O1):-0.825	O2):43.809	
O1):-0.799	O2):34.993	
O1):-0.782	O2):33.588	
O1):-0.743	O2):33.562	
O1):-0.79	O2):34.816	
O1):-0.775	O2):32.757	
O1):-0.833	O2):43.476	
O1):-0.724	O2):28.31	
O1):-0.698	O2):27.082	
O1):-0.76	O2):31.766	
O1):-0.815	O2):37.83	
O1):-0.798	O2):35.853	
O1):-0.787	O2):35.07	
O1):-0.78	O2):33.232	
O1):-0.783	O2):36.312	
O1):-0.709	O2):27.667	
O1):-0.834	O2):43.609	
O1):-0.799	O2):37.292	
Evaluations:	2800
O1):-0.719	O2):27.717	
O1):-0.705	O2):27.398	
O1):-0.715	O2):31.046	
O1):-0.727	O2):28.746	
O1):-0.777	O2):32.814	
O1):-0.746	O2):31.601	
O1):-0.755	O2):31.618	
O1):-0.772	O2):32.725	
O1):-0.832	O2):42.558	
O1):-0.842	O2):47.136	
O1):-0.79	O2):38.053	
O1):-0.816	O2):37.894	
O1):-0.696	O2):26.818	
O1):-0.674	O2):26.745	
O1):-0.761	O2):31.745	
O1):-0.787	O2):34.03	
O1):-0.802	O2):37.675	
Evaluations:	3300
O1):-0.85	O2):53.986	
O1):-0.811	O2):38.981	
O1):-0.804	O2):38.149	
O1):-0.775	O2):32.82	
O1):-0.808	O2):39.181	
O1):-0.776	O2):32.999	
O1):-0.845	O2):50.0	
O1):-0.794	O2):36.966	
O1):-0.754	O2):31.3	
O1):-0.807	O2):38.398	
O1):-0.834	O2):43.609	
O1):-0.723	O2):28.805	
O1):-0.815	O2):38.948	
O1):-0.73	O2):29.145	
O1):-0.85	O2):48.565	
O1):-0.833	O2):43.28	
O1):-0.837	O2):53.867	
O1):-0.746	O2):30.384	
O1):-0.837	O2):53.867	
O1):-0.817	O2):40.267	
O1):-0.79	O2):34.816	
O1):-0.808	O2):51.679	
O1):-0.817	O2):38.107	
O1):-0.842	O2):49.268	
O1):-0.747	O2):30.269	
O1):-0.704	O2):27.221	
O1):-0.8	O2):37.53	
Evaluations:	3100
O1):-0.801	O2):37.521	
O1):-0.706	O2):27.96	
O1):-0.801	O2):37.342	
O1):-0.799	O2):37.292	
O1):-0.788	O2):39.607	
O1):-0.834	O2):43.609	
O1):-0.785	O2):34.285	
O1):-0.763	O2):32.192	
O1):-0.705	O2):27.398	
O1):-0.758	O2):31.394	
O1):-0.836	O2):44.082	
O1):-0.834	O2):45.125	
O1):-0.781	O2):33.456	
O1):-0.738	O2):29.222	
O1):-0.723	O2):30.683	
O1):-0.743	O2):30.113	
O1):-0.721	O2):27.723	
O1):-0.808	O2):38.3	
Starting PrismExecutor worker 0 on port 11440
O1):-0.723	O2):27.996	
Connected worker 0 to port 11440
O1):-0.742	O2):30.11	
O1):-0.76	O2):31.684	
O1):-0.704	O2):27.221	
O1):-0.787	O2):39.347	
O1):-0.724	O2):28.347	
O1):-0.671	O2):26.488	
O1):-0.767	O2):32.975	
O1):-0.768	O2):33.141	
O1):-0.784	O2):33.656	
O1):-0.797	O2):34.759	
O1):-0.794	O2):34.147	
O1):-0.78	O2):33.424	
O1):-0.786	O2):38.853	
O1):-0.797	O2):34.759	
O1):-0.835	O2):43.831	
O1):-0.818	O2):38.238	
O1):-0.779	O2):33.395	
O1):-0.78	O2):33.261	
O1):-0.701	O2):26.949	
O1):-0.831	O2):42.9	
O1):-0.834	O2):43.798	
O1):-0.849	O2):47.981	
O1):-0.754	O2):31.3	
O1):-0.842	O2):48.532	
O1):-0.786	O2):38.042	
O1):-0.733	O2):31.584	
O1):-0.787	O2):34.59	
O1):-0.816	O2):39.894	
O1):-0.825	O2):42.495	
O1):-0.835	O2):43.759	
O1):-0.781	O2):33.833	
O1):-0.815	O2):37.877	
O1):-0.828	O2):43.171	
O1):-0.754	O2):31.579	
O1):-0.732	O2):32.042	
O1):-0.797	O2):36.864	
O1):-0.763	O2):33.361	
O1):-0.738	O2):29.127	
O1):-0.781	O2):33.278	
O1):-0.78	O2):36.382	
O1):-0.739	O2):32.715	
O1):-0.71	O2):27.626	
O1):-0.759	O2):31.611	
O1):-0.749	O2):32.392	
O1):-0.743	O2):31.121	
O1):-0.779	O2):38.316	
O1):-0.803	O2):37.983	
O1):-0.745	O2):30.217	
O1):-0.756	O2):31.339	
O1):-0.825	O2):42.473	
O1):-0.759	O2):32.063	
O1):-0.721	O2):28.47	
O1):-0.775	O2):34.074	
O1):-0.774	O2):32.753	
O1):-0.719	O2):27.717	
O1):-0.815	O2):38.948	
O1):-0.792	O2):36.315	
O1):-0.741	O2):29.372	
O1):-0.748	O2):32.523	
O1):-0.776	O2):32.872	
O1):-0.806	O2):38.431	
O1):-0.797	O2):34.792	
O1):-0.781	O2):33.384	
O1):-0.862	O2):54.097	
O1):-0.696	O2):26.818	
O1):-0.795	O2):34.171	
O1):-0.799	O2):35.031	
O1):-0.778	O2):37.911	
Evaluations:	3100
O1):-0.775	O2):32.889	
O1):-0.818	O2):40.621	
O1):-0.814	O2):39.654	
O1):-0.853	O2):49.17	
O1):-0.779	O2):33.081	
O1):-0.745	O2):31.241	
O1):-0.714	O2):27.388	
O1):-0.753	O2):32.81	
O1):-0.815	O2):39.782	
O1):-0.789	O2):33.915	
O1):-0.808	O2):38.722	
O1):-0.697	O2):26.873	
O1):-0.765	O2):32.284	
O1):-0.722	O2):27.818	
O1):-0.774	O2):32.962	
O1):-0.775	O2):32.27	
O1):-0.724	O2):28.351	
O1):-0.725	O2):28.176	
O1):-0.746	O2):30.384	
O1):-0.828	O2):43.323	
O1):-0.802	O2):37.854	
O1):-0.815	O2):37.717	
O1):-0.834	O2):47.527	
O1):-0.697	O2):26.829	
O1):-0.819	O2):38.725	
O1):-0.758	O2):31.393	
O1):-0.797	O2):35.498	
O1):-0.817	O2):38.022	
O1):-0.724	O2):28.442	
O1):-0.818	O2):38.238	
O1):-0.76	O2):31.706	
O1):-0.781	O2):33.755	
O1):-0.77	O2):33.028	
Starting PrismExecutor worker 3 on port 11473
O1):-0.781	O2):33.759	
O1):-0.742	O2):29.276	
O1):-0.701	O2):26.884	
Connected worker 3 to port 11473
O1):-0.772	O2):32.725	
O1):-0.791	O2):34.29	
O1):-0.776	O2):33.043	
O1):-0.783	O2):33.742	
O1):-0.794	O2):36.966	
O1):-0.756	O2):31.555	
O1):-0.833	O2):43.49	
O1):-0.78	O2):38.424	
O1):-0.819	O2):38.661	
O1):-0.748	O2):32.18	
O1):-0.674	O2):26.937	
O1):-0.761	O2):31.956	
O1):-0.778	O2):33.162	
O1):-0.747	O2):30.272	
O1):-0.671	O2):26.525	
O1):-0.841	O2):47.942	
O1):-0.697	O2):26.873	
O1):-0.731	O2):27.939	
O1):-0.859	O2):54.24	
O1):-0.767	O2):32.609	
O1):-0.69	O2):26.987	
O1):-0.804	O2):38.149	
O1):-0.719	O2):27.717	
O1):-0.791	O2):33.807	
O1):-0.703	O2):27.683	
O1):-0.844	O2):49.129	
O1):-0.819	O2):38.457	
O1):-0.798	O2):34.907	
O1):-0.792	O2):37.819	
O1):-0.795	O2):34.733	
O1):-0.825	O2):42.512	
O1):-0.784	O2):36.445	
O1):-0.761	O2):31.897	
O1):-0.702	O2):27.51	
O1):-0.763	O2):32.154	
O1):-0.855	O2):54.3	
O1):-0.801	O2):35.579	
O1):-0.746	O2):30.384	
O1):-0.768	O2):34.405	
O1):-0.763	O2):32.196	
O1):-0.777	O2):32.883	
O1):-0.849	O2):47.981	
O1):-0.768	O2):32.579	
O1):-0.799	O2):37.404	
O1):-0.815	O2):37.717	
O1):-0.704	O2):27.131	
O1):-0.723	O2):28.226	
O1):-0.837	O2):44.534	
O1):-0.784	O2):34.302	
O1):-0.774	O2):32.962	
O1):-0.76	O2):31.77	
O1):-0.692	O2):30.714	
O1):-0.825	O2):42.447	
O1):-0.842	O2):48.231	
O1):-0.705	O2):27.398	
O1):-0.804	O2):38.07	
O1):-0.782	O2):33.588	
O1):-0.766	O2):32.484	
O1):-0.829	O2):43.349	
O1):-0.696	O2):26.818	
O1):-0.824	O2):46.851	
O1):-0.766	O2):33.071	
O1):-0.815	O2):37.793	
O1):-0.783	O2):33.889	
O1):-0.786	O2):34.229	
O1):-0.779	O2):33.189	
O1):-0.842	O2):48.077	
O1):-0.755	O2):31.618	
O1):-0.697	O2):26.873	
O1):-0.722	O2):27.94	
O1):-0.721	O2):27.772	
O1):-0.791	O2):34.279	
O1):-0.815	O2):37.737	
O1):-0.74	O2):29.438	
O1):-0.702	O2):27.51	
O1):-0.786	O2):34.427	
O1):-0.825	O2):42.498	
O1):-0.776	O2):33.043	
O1):-0.746	O2):31.244	
O1):-0.749	O2):31.457	
Evaluations:	3000
O1):-0.749	O2):31.513	
O1):-0.755	O2):31.348	
O1):-0.81	O2):41.863	
O1):-0.834	O2):43.609	
O1):-0.744	O2):31.165	
O1):-0.776	O2):33.043	
O1):-0.759	O2):32.063	
O1):-0.817	O2):42.776	
O1):-0.705	O2):27.416	
O1):-0.861	O2):54.862	
O1):-0.825	O2):42.498	
O1):-0.801	O2):35.579	
O1):-0.769	O2):32.419	
O1):-0.829	O2):43.302	
O1):-0.794	O2):35.5	
O1):-0.818	O2):38.363	
O1):-0.794	O2):35.5	
Starting PrismExecutor worker 2 on port 11442
O1):-0.732	O2):31.48	
Connected worker 2 to port 11442
O1):-0.764	O2):32.294	
O1):-0.817	O2):40.267	
O1):-0.779	O2):39.96	
O1):-0.805	O2):39.361	
O1):-0.746	O2):30.384	
O1):-0.777	O2):33.017	
O1):-0.85	O2):49.565	
O1):-0.747	O2):30.272	
O1):-0.784	O2):33.646	
O1):-0.641	O2):26.353	
O1):-0.702	O2):28.382	
O1):-0.762	O2):32.365	
O1):-0.814	O2):39.654	
O1):-0.804	O2):38.14	
O1):-0.757	O2):31.564	
O1):-0.82	O2):38.697	
O1):-0.765	O2):32.224	
O1):-0.826	O2):43.456	
O1):-0.772	O2):33.971	
O1):-0.777	O2):32.814	
O1):-0.727	O2):28.731	
O1):-0.842	O2):47.183	
O1):-0.794	O2):35.5	
O1):-0.774	O2):32.962	
O1):-0.811	O2):38.905	
O1):-0.696	O2):26.818	
O1):-0.683	O2):30.582	
O1):-0.765	O2):34.53	
O1):-0.82	O2):40.367	
O1):-0.642	O2):26.414	
O1):-0.781	O2):33.497	
O1):-0.738	O2):29.125	
O1):-0.79	O2):34.169	
O1):-0.762	O2):32.344	
O1):-0.825	O2):42.495	
O1):-0.802	O2):37.854	
O1):-0.791	O2):36.906	
O1):-0.804	O2):38.149	
O1):-0.802	O2):37.328	
O1):-0.728	O2):28.976	
O1):-0.716	O2):30.695	
O1):-0.674	O2):26.719	
O1):-0.818	O2):40.529	
O1):-0.723	O2):28.806	
O1):-0.756	O2):31.62	
O1):-0.802	O2):37.71	
O1):-0.724	O2):28.267	
O1):-0.71	O2):27.626	
O1):-0.72	O2):27.719	
O1):-0.813	O2):40.789	
O1):-0.816	O2):37.744	
O1):-0.701	O2):27.2	
O1):-0.809	O2):38.958	
O1):-0.773	O2):32.425	
O1):-0.815	O2):39.782	
O1):-0.703	O2):27.242	
O1):-0.775	O2):32.83	
O1):-0.773	O2):32.425	
O1):-0.768	O2):33.092	
O1):-0.774	O2):31.959	
O1):-0.784	O2):36.577	
O1):-0.788	O2):36.711	
O1):-0.797	O2):36.865	
O1):-0.76	O2):31.684	
O1):-0.765	O2):34.541	
O1):-0.801	O2):35.613	
O1):-0.812	O2):39.422	
O1):-0.785	O2):34.291	
O1):-0.701	O2):26.884	
O1):-0.773	O2):32.418	
O1):-0.795	O2):34.171	
O1):-0.797	O2):36.865	
O1):-0.828	O2):43.367	
O1):-0.728	O2):28.92	
O1):-0.782	O2):33.393	
O1):-0.784	O2):34.14	
O1):-0.836	O2):43.523	
O1):-0.793	O2):34.477	
O1):-0.7	O2):26.855	
O1):-0.74	O2):31.086	
O1):-0.796	O2):37.701	
O1):-0.793	O2):34.55	
O1):-0.818	O2):40.364	
O1):-0.738	O2):29.125	
O1):-0.814	O2):39.654	
O1):-0.751	O2):32.586	
O1):-0.703	O2):27.151	
O1):-0.706	O2):28.283	
O1):-0.702	O2):27.51	
O1):-0.745	O2):31.241	
O1):-0.757	O2):31.351	
Evaluations:	2900
O1):-0.723	O2):28.845	
O1):-0.841	O2):49.258	
O1):-0.842	O2):48.557	
O1):-0.762	O2):32.207	
O1):-0.759	O2):32.006	
O1):-0.819	O2):38.425	
O1):-0.76	O2):31.642	
O1):-0.835	O2):43.831	
O1):-0.825	O2):42.473	
O1):-0.811	O2):39.304	
O1):-0.761	O2):31.875	
O1):-0.834	O2):47.531	
Starting PrismExecutor worker 1 on port 11461
O1):-0.716	O2):27.785	
Connected worker 1 to port 11461
O1):-0.831	O2):42.9	
O1):-0.799	O2):37.18	
O1):-0.773	O2):32.384	
O1):-0.743	O2):31.121	
O1):-0.791	O2):37.349	
O1):-0.819	O2):38.425	
O1):-0.812	O2):39.422	
O1):-0.781	O2):36.707	
O1):-0.855	O2):54.3	
O1):-0.832	O2):43.262	
O1):-0.7	O2):27.06	
O1):-0.815	O2):37.737	
O1):-0.724	O2):28.31	
O1):-0.794	O2):35.461	
O1):-0.789	O2):35.096	
O1):-0.828	O2):43.323	
O1):-0.755	O2):31.618	
O1):-0.786	O2):33.93	
O1):-0.837	O2):44.139	
O1):-0.808	O2):38.718	
O1):-0.759	O2):31.417	
O1):-0.763	O2):32.431	
O1):-0.754	O2):32.303	
O1):-0.797	O2):36.778	
O1):-0.775	O2):32.885	
O1):-0.718	O2):27.507	
O1):-0.836	O2):44.075	
O1):-0.834	O2):42.92	
O1):-0.763	O2):32.147	
O1):-0.818	O2):38.331	
O1):-0.784	O2):34.14	
O1):-0.671	O2):26.478	
O1):-0.79	O2):33.778	
O1):-0.728	O2):28.92	
O1):-0.702	O2):27.095	
O1):-0.825	O2):42.498	
O1):-0.825	O2):42.452	
O1):-0.826	O2):42.582	
O1):-0.837	O2):44.534	
O1):-0.794	O2):35.461	
O1):-0.824	O2):42.417	
O1):-0.742	O2):30.11	
O1):-0.741	O2):31.165	
O1):-0.709	O2):28.523	
O1):-0.803	O2):38.041	
O1):-0.769	O2):32.439	
O1):-0.765	O2):32.224	
O1):-0.825	O2):42.495	
O1):-0.703	O2):27.156	
O1):-0.724	O2):28.485	
O1):-0.839	O2):49.312	
O1):-0.743	O2):30.163	
O1):-0.789	O2):34.114	
O1):-0.79	O2):36.742	
O1):-0.827	O2):43.463	
O1):-0.722	O2):28.523	
O1):-0.779	O2):33.152	
O1):-0.784	O2):33.656	
O1):-0.774	O2):32.106	
O1):-0.759	O2):32.063	
O1):-0.758	O2):31.393	
O1):-0.718	O2):27.453	
O1):-0.756	O2):36.058	
O1):-0.743	O2):30.163	
O1):-0.77	O2):33.683	
O1):-0.74	O2):31.047	
O1):-0.794	O2):35.461	
O1):-0.798	O2):37.154	
Evaluations:	3100
O1):-0.827	O2):43.465	
O1):-0.719	O2):27.717	
O1):-0.797	O2):34.671	
O1):-0.702	O2):27.095	
O1):-0.733	O2):31.584	
O1):-0.703	O2):27.683	
O1):-0.749	O2):31.435	
O1):-0.786	O2):33.963	
O1):-0.755	O2):31.618	
O1):-0.737	O2):28.24	
O1):-0.745	O2):31.482	
O1):-0.782	O2):33.68	
O1):-0.826	O2):42.912	
O1):-0.789	O2):34.331	
O1):-0.807	O2):38.477	
O1):-0.836	O2):44.135	
O1):-0.789	O2):36.616	
O1):-0.8	O2):37.51	
O1):-0.722	O2):27.818	
O1):-0.819	O2):38.642	
O1):-0.748	O2):31.344	
O1):-0.84	O2):47.921	
O1):-0.801	O2):37.342	
O1):-0.788	O2):39.659	
O1):-0.835	O2):45.338	
O1):-0.778	O2):33.221	
O1):-0.817	O2):42.052	
O1):-0.775	O2):35.64	
O1):-0.773	O2):32.401	
O1):-0.702	O2):27.51	
O1):-0.815	O2):37.813	
O1):-0.825	O2):42.498	
O1):-0.792	O2):35.18	
O1):-0.781	O2):33.32	
Starting PrismExecutor worker 3 on port 11443
O1):-0.826	O2):42.912	
Connected worker 3 to port 11443
O1):-0.726	O2):28.88	
O1):-0.795	O2):37.121	
O1):-0.727	O2):28.94	
O1):-0.725	O2):29.007	
O1):-0.724	O2):28.351	
O1):-0.837	O2):48.218	
O1):-0.795	O2):34.171	
O1):-0.832	O2):43.036	
O1):-0.804	O2):38.07	
O1):-0.804	O2):38.149	
O1):-0.826	O2):42.767	
O1):-0.79	O2):34.334	
O1):-0.763	O2):32.196	
O1):-0.835	O2):43.89	
O1):-0.737	O2):29.05	
O1):-0.837	O2):44.534	
O1):-0.785	O2):36.956	
O1):-0.81	O2):43.025	
O1):-0.801	O2):37.583	
O1):-0.862	O2):54.879	
O1):-0.834	O2):47.527	
O1):-0.803	O2):38.046	
O1):-0.829	O2):43.493	
O1):-0.701	O2):26.897	
O1):-0.76	O2):31.766	
O1):-0.795	O2):34.652	
O1):-0.809	O2):38.635	
O1):-0.73	O2):31.24	
O1):-0.81	O2):38.711	
O1):-0.76	O2):31.706	
O1):-0.81	O2):38.8	
O1):-0.836	O2):57.87	
O1):-0.791	O2):38.877	
O1):-0.788	O2):36.711	
O1):-0.811	O2):39.168	
O1):-0.761	O2):31.956	
O1):-0.787	O2):34.052	
O1):-0.763	O2):32.154	
O1):-0.755	O2):32.828	
O1):-0.745	O2):31.147	
O1):-0.817	O2):38.022	
O1):-0.697	O2):26.882	
O1):-0.743	O2):33.516	
O1):-0.698	O2):27.082	
O1):-0.798	O2):37.052	
O1):-0.802	O2):37.675	
O1):-0.818	O2):39.857	
O1):-0.701	O2):26.869	
O1):-0.726	O2):29.038	
O1):-0.761	O2):31.763	
O1):-0.722	O2):29.029	
O1):-0.779	O2):33.569	
O1):-0.705	O2):27.464	
O1):-0.701	O2):26.869	
O1):-0.794	O2):35.461	
O1):-0.705	O2):27.749	
O1):-0.818	O2):38.331	
O1):-0.825	O2):42.504	
O1):-0.74	O2):31.086	
O1):-0.793	O2):36.574	
O1):-0.783	O2):36.995	
O1):-0.724	O2):28.829	
O1):-0.765	O2):32.274	
O1):-0.775	O2):36.616	
O1):-0.859	O2):53.205	
O1):-0.835	O2):45.338	
O1):-0.819	O2):43.524	
O1):-0.697	O2):26.873	
O1):-0.763	O2):32.276	
O1):-0.825	O2):42.474	
O1):-0.836	O2):45.44	
O1):-0.798	O2):37.154	
O1):-0.818	O2):38.363	
O1):-0.714	O2):27.387	
O1):-0.671	O2):26.525	
O1):-0.755	O2):31.618	
O1):-0.761	O2):32.055	
O1):-0.777	O2):32.883	
O1):-0.757	O2):31.564	
O1):-0.767	O2):32.662	
O1):-0.836	O2):57.87	
O1):-0.783	O2):33.732	
O1):-0.684	O2):31.265	
O1):-0.836	O2):44.23	
O1):-0.787	O2):34.88	
O1):-0.722	O2):27.94	
Evaluations:	3100
O1):-0.815	O2):37.793	
O1):-0.737	O2):28.24	
O1):-0.718	O2):27.507	
O1):-0.837	O2):48.981	
O1):-0.818	O2):38.344	
O1):-0.832	O2):43.178	
O1):-0.747	O2):31.671	
O1):-0.78	O2):33.583	
O1):-0.689	O2):27.022	
O1):-0.761	O2):31.927	
O1):-0.696	O2):26.818	
O1):-0.836	O2):57.87	
O1):-0.784	O2):33.588	
Starting PrismExecutor worker 4 on port 11484
O1):-0.764	O2):32.294	
O1):-0.803	O2):38.849	
O1):-0.777	O2):32.883	
O1):-0.785	O2):33.96	
O1):-0.817	O2):38.033	
Connected worker 4 to port 11484
O1):-0.831	O2):42.9	
O1):-0.85	O2):48.565	
O1):-0.751	O2):32.278	
O1):-0.825	O2):42.513	
O1):-0.801	O2):35.579	
O1):-0.671	O2):26.525	
O1):-0.746	O2):30.233	
O1):-0.794	O2):36.591	
O1):-0.671	O2):26.53	
O1):-0.816	O2):38.962	
O1):-0.777	O2):32.814	
O1):-0.689	O2):27.022	
O1):-0.792	O2):43.212	
O1):-0.837	O2):44.493	
O1):-0.746	O2):30.385	
O1):-0.78	O2):33.42	
O1):-0.743	O2):31.121	
O1):-0.776	O2):32.762	
O1):-0.735	O2):28.609	
O1):-0.743	O2):31.121	
O1):-0.697	O2):26.882	
O1):-0.76	O2):31.642	
O1):-0.834	O2):43.418	
O1):-0.839	O2):49.317	
O1):-0.793	O2):34.477	
O1):-0.818	O2):40.364	
O1):-0.781	O2):33.755	
O1):-0.811	O2):39.168	
O1):-0.855	O2):54.3	
O1):-0.759	O2):31.56	
O1):-0.84	O2):48.237	
O1):-0.787	O2):34.59	
O1):-0.807	O2):38.477	
O1):-0.842	O2):49.396	
O1):-0.772	O2):32.86	
O1):-0.799	O2):37.324	
O1):-0.802	O2):37.712	
O1):-0.756	O2):31.555	
O1):-0.79	O2):33.778	
O1):-0.702	O2):27.211	
O1):-0.698	O2):27.082	
O1):-0.704	O2):27.191	
O1):-0.78	O2):40.026	
O1):-0.837	O2):44.493	
O1):-0.748	O2):32.176	
O1):-0.689	O2):27.022	
O1):-0.759	O2):32.209	
O1):-0.708	O2):27.443	
O1):-0.859	O2):53.401	
O1):-0.844	O2):49.939	
O1):-0.674	O2):26.719	
O1):-0.746	O2):31.262	
O1):-0.828	O2):43.171	
O1):-0.816	O2):38.962	
O1):-0.795	O2):34.137	
O1):-0.834	O2):43.418	
O1):-0.701	O2):26.956	
O1):-0.671	O2):26.53	
O1):-0.705	O2):27.464	
O1):-0.816	O2):37.761	
O1):-0.824	O2):42.417	
O1):-0.791	O2):34.415	
O1):-0.797	O2):34.667	
O1):-0.763	O2):32.156	
O1):-0.851	O2):49.951	
O1):-0.749	O2):31.38	
O1):-0.775	O2):32.27	
O1):-0.74	O2):29.437	
O1):-0.725	O2):28.176	
O1):-0.724	O2):28.351	
O1):-0.795	O2):37.121	
O1):-0.782	O2):33.889	
O1):-0.854	O2):58.578	
O1):-0.727	O2):31.037	
O1):-0.834	O2):44.933	
O1):-0.786	O2):34.124	
O1):-0.809	O2):38.639	
O1):-0.842	O2):47.183	
O1):-0.829	O2):43.349	
O1):-0.843	O2):49.412	
O1):-0.734	O2):31.556	
O1):-0.672	O2):26.709	
O1):-0.778	O2):33.421	
O1):-0.782	O2):33.344	
O1):-0.791	O2):34.323	
O1):-0.698	O2):27.082	
O1):-0.765	O2):32.383	
O1):-0.716	O2):27.784	
O1):-0.766	O2):32.638	
O1):-0.824	O2):43.174	
O1):-0.714	O2):27.387	
O1):-0.806	O2):38.152	
O1):-0.787	O2):34.052	
O1):-0.769	O2):32.386	
O1):-0.799	O2):34.993	
O1):-0.757	O2):31.351	
O1):-0.765	O2):32.192	
O1):-0.705	O2):27.466	
O1):-0.778	O2):33.221	
O1):-0.798	O2):35.853	
O1):-0.837	O2):44.534	
Starting PrismExecutor worker 1 on port 11431
O1):-0.774	O2):32.753	
O1):-0.763	O2):32.154	
O1):-0.804	O2):38.07	
Connected worker 1 to port 11431
O1):-0.754	O2):31.3	
O1):-0.845	O2):49.994	
O1):-0.789	O2):35.096	
O1):-0.762	O2):31.819	
O1):-0.832	O2):42.492	
O1):-0.822	O2):39.172	
O1):-0.817	O2):42.044	
O1):-0.788	O2):34.403	
O1):-0.701	O2):26.898	
O1):-0.82	O2):38.814	
O1):-0.787	O2):34.216	
O1):-0.817	O2):38.107	
O1):-0.793	O2):36.449	
O1):-0.671	O2):26.524	
O1):-0.706	O2):27.626	
O1):-0.706	O2):28.283	
O1):-0.763	O2):32.276	
O1):-0.778	O2):33.221	
O1):-0.819	O2):38.425	
O1):-0.818	O2):38.238	
O1):-0.808	O2):38.718	
O1):-0.789	O2):34.298	
O1):-0.792	O2):38.802	
O1):-0.791	O2):33.807	
O1):-0.862	O2):54.879	
O1):-0.775	O2):32.27	
O1):-0.803	O2):38.849	
O1):-0.762	O2):31.989	
O1):-0.859	O2):53.401	
O1):-0.836	O2):44.159	
O1):-0.793	O2):36.449	
O1):-0.769	O2):32.461	
O1):-0.785	O2):33.795	
O1):-0.708	O2):27.653	
O1):-0.781	O2):33.334	
O1):-0.722	O2):28.282	
O1):-0.726	O2):28.802	
O1):-0.817	O2):38.022	
O1):-0.751	O2):44.03	
O1):-0.765	O2):32.198	
Evaluations:	3500
O1):-0.728	O2):31.053	
O1):-0.842	O2):49.268	
O1):-0.803	O2):37.774	
O1):-0.746	O2):30.156	
O1):-0.671	O2):26.524	
O1):-0.671	O2):26.488	
O1):-0.762	O2):32.734	
O1):-0.794	O2):35.461	
O1):-0.671	O2):26.53	
O1):-0.762	O2):32.12	
Evaluations:	3300
O1):-0.714	O2):30.59	
O1):-0.697	O2):26.794	
O1):-0.728	O2):28.92	
O1):-0.821	O2):39.073	
O1):-0.701	O2):26.897	
O1):-0.809	O2):38.635	
O1):-0.785	O2):34.701	
O1):-0.781	O2):33.45	
O1):-0.781	O2):38.476	
O1):-0.728	O2):31.053	
O1):-0.76	O2):31.684	
O1):-0.738	O2):29.178	
O1):-0.818	O2):38.363	
O1):-0.726	O2):28.73	
O1):-0.792	O2):35.179	
O1):-0.815	O2):42.967	
O1):-0.795	O2):34.733	
O1):-0.834	O2):44.918	
O1):-0.748	O2):31.345	
O1):-0.842	O2):47.136	
O1):-0.84	O2):48.237	
O1):-0.81	O2):39.034	
O1):-0.761	O2):31.956	
O1):-0.783	O2):33.804	
O1):-0.834	O2):45.431	
O1):-0.831	O2):42.9	
O1):-0.8	O2):37.51	
O1):-0.85	O2):48.289	
O1):-0.817	O2):40.267	
O1):-0.786	O2):38.909	
O1):-0.76	O2):31.766	
O1):-0.816	O2):37.759	
O1):-0.835	O2):45.43	
O1):-0.708	O2):27.756	
O1):-0.773	O2):32.482	
O1):-0.78	O2):38.419	
O1):-0.766	O2):32.474	
O1):-0.806	O2):38.431	
O1):-0.768	O2):32.366	
O1):-0.714	O2):28.389	
O1):-0.835	O2):48.184	
O1):-0.826	O2):42.912	
O1):-0.828	O2):43.323	
O1):-0.822	O2):39.172	
O1):-0.829	O2):43.349	
O1):-0.746	O2):30.2	
O1):-0.844	O2):49.85	
O1):-0.737	O2):29.05	
Starting PrismExecutor worker 5 on port 11485
O1):-0.816	O2):37.932	
O1):-0.742	O2):30.11	
O1):-0.842	O2):47.202	
Connected worker 5 to port 11485
O1):-0.785	O2):33.748	
O1):-0.719	O2):27.75	
O1):-0.799	O2):37.324	
O1):-0.708	O2):27.431	
O1):-0.71	O2):27.717	
O1):-0.817	O2):40.267	
O1):-0.793	O2):34.746	
O1):-0.78	O2):33.622	
O1):-0.811	O2):39.168	
O1):-0.707	O2):27.414	
O1):-0.795	O2):35.52	
O1):-0.765	O2):32.274	
O1):-0.785	O2):33.795	
O1):-0.784	O2):33.761	
O1):-0.834	O2):48.047	
O1):-0.748	O2):32.298	
O1):-0.762	O2):32.12	
O1):-0.772	O2):32.725	
O1):-0.818	O2):43.389	
O1):-0.811	O2):38.981	
O1):-0.801	O2):43.657	
O1):-0.829	O2):43.349	
O1):-0.697	O2):26.828	
O1):-0.858	O2):53.864	
O1):-0.797	O2):35.488	
O1):-0.762	O2):32.365	
O1):-0.76	O2):32.58	
O1):-0.793	O2):34.55	
O1):-0.75	O2):35.432	
O1):-0.738	O2):32.164	
O1):-0.769	O2):32.386	
O1):-0.747	O2):31.231	
O1):-0.791	O2):38.189	
O1):-0.76	O2):31.77	
O1):-0.801	O2):42.876	
O1):-0.85	O2):48.289	
O1):-0.758	O2):31.887	
O1):-0.789	O2):34.331	
O1):-0.816	O2):37.87	
O1):-0.849	O2):47.981	
O1):-0.778	O2):33.525	
O1):-0.804	O2):38.14	
O1):-0.816	O2):37.872	
O1):-0.782	O2):33.684	
O1):-0.763	O2):32.276	
O1):-0.837	O2):44.354	
O1):-0.746	O2):30.384	
O1):-0.751	O2):32.581	
O1):-0.773	O2):32.625	
O1):-0.702	O2):27.51	
O1):-0.849	O2):47.981	
O1):-0.776	O2):32.778	
O1):-0.774	O2):31.959	
O1):-0.819	O2):38.425	
O1):-0.738	O2):29.222	
O1):-0.835	O2):43.759	
O1):-0.74	O2):29.437	
O1):-0.772	O2):33.301	
O1):-0.73	O2):31.24	
O1):-0.794	O2):34.679	
O1):-0.781	O2):33.32	
O1):-0.843	O2):48.505	
O1):-0.781	O2):33.614	
O1):-0.812	O2):39.422	
O1):-0.825	O2):43.741	
O1):-0.671	O2):26.524	
O1):-0.797	O2):37.916	
O1):-0.826	O2):42.767	
O1):-0.744	O2):30.239	
O1):-0.758	O2):31.886	
O1):-0.795	O2):37.479	
O1):-0.845	O2):49.486	
O1):-0.797	O2):36.966	
O1):-0.836	O2):45.44	
O1):-0.859	O2):54.24	
O1):-0.727	O2):28.746	
O1):-0.859	O2):54.388	
O1):-0.833	O2):43.471	
O1):-0.795	O2):34.171	
O1):-0.769	O2):32.438	
O1):-0.832	O2):43.262	
O1):-0.834	O2):47.527	
O1):-0.844	O2):48.641	
O1):-0.776	O2):32.846	
O1):-0.705	O2):27.464	
O1):-0.786	O2):33.637	
O1):-0.838	O2):44.672	
O1):-0.786	O2):34.24	
O1):-0.835	O2):43.831	
O1):-0.765	O2):32.274	
O1):-0.727	O2):31.021	
O1):-0.813	O2):39.552	
O1):-0.806	O2):38.272	
O1):-0.8	O2):35.489	
O1):-0.702	O2):27.211	
O1):-0.761	O2):31.907	
O1):-0.774	O2):33.844	
O1):-0.816	O2):37.853	
O1):-0.761	O2):31.763	
O1):-0.768	O2):33.089	
O1):-0.776	O2):35.971	
O1):-0.804	O2):38.07	
O1):-0.765	O2):34.53	
O1):-0.815	O2):39.817	
O1):-0.79	O2):34.816	
O1):-0.806	O2):38.149	
O1):-0.728	O2):31.053	
O1):-0.808	O2):38.3	
O1):-0.795	O2):34.733	
O1):-0.809	O2):38.639	
O1):-0.831	O2):42.9	
O1):-0.754	O2):31.579	
O1):-0.839	O2):49.317	
O1):-0.824	O2):42.417	
O1):-0.765	O2):32.224	
O1):-0.721	O2):27.723	
O1):-0.833	O2):43.28	
O1):-0.722	O2):28.534	
O1):-0.771	O2):34.333	
O1):-0.858	O2):53.864	
O1):-0.851	O2):49.959	
O1):-0.82	O2):38.706	
O1):-0.724	O2):28.306	
O1):-0.836	O2):44.082	
O1):-0.782	O2):33.393	
O1):-0.801	O2):37.555	
O1):-0.835	O2):48.184	
O1):-0.79	O2):33.768	
O1):-0.703	O2):27.242	
O1):-0.745	O2):30.217	
O1):-0.746	O2):28.939	
O1):-0.765	O2):32.274	
O1):-0.76	O2):31.81	
O1):-0.79	O2):36.742	
O1):-0.811	O2):39.168	
O1):-0.782	O2):33.283	
O1):-0.771	O2):33.473	
O1):-0.762	O2):31.819	
O1):-0.812	O2):39.264	
O1):-0.818	O2):38.294	
O1):-0.826	O2):42.912	
O1):-0.806	O2):38.152	
O1):-0.808	O2):38.496	
O1):-0.756	O2):36.058	
O1):-0.826	O2):43.456	
O1):-0.854	O2):49.54	
O1):-0.755	O2):31.348	
O1):-0.79	O2):34.816	
O1):-0.709	O2):27.667	
O1):-0.755	O2):31.618	
O1):-0.85	O2):48.565	
O1):-0.821	O2):39.073	
O1):-0.801	O2):37.647	
O1):-0.8	O2):37.52	
O1):-0.824	O2):42.417	
O1):-0.852	O2):50.137	
O1):-0.706	O2):27.79	
O1):-0.791	O2):33.807	
O1):-0.76	O2):31.646	
O1):-0.817	O2):37.886	
O1):-0.754	O2):31.3	
O1):-0.842	O2):48.077	
O1):-0.741	O2):29.335	
O1):-0.714	O2):30.643	
O1):-0.738	O2):29.125	
O1):-0.764	O2):32.294	
O1):-0.767	O2):32.662	
O1):-0.765	O2):32.274	
O1):-0.833	O2):42.511	
O1):-0.798	O2):37.154	
O1):-0.833	O2):44.085	
O1):-0.727	O2):31.026	
O1):-0.773	O2):32.425	
O1):-0.836	O2):44.082	
O1):-0.797	O2):34.669	
O1):-0.793	O2):36.449	
O1):-0.786	O2):38.897	
O1):-0.794	O2):35.461	
O1):-0.783	O2):33.732	
O1):-0.793	O2):34.55	
O1):-0.834	O2):47.527	
O1):-0.79	O2):34.816	
O1):-0.761	O2):31.839	
O1):-0.747	O2):30.387	
O1):-0.78	O2):33.62	
O1):-0.697	O2):26.882	
Evaluations:	3400
Starting PrismExecutor worker 2 on port 11432
Starting PrismExecutor worker 3 on port 11433
O1):-0.836	O2):44.16	
Connected worker 3 to port 11433
Connected worker 2 to port 11432
O1):-0.817	O2):37.908	
O1):-0.836	O2):44.159	
O1):-0.787	O2):33.992	
O1):-0.817	O2):40.363	
O1):-0.716	O2):27.784	
O1):-0.826	O2):42.912	
O1):-0.859	O2):59.015	
O1):-0.671	O2):26.524	
O1):-0.745	O2):30.217	
O1):-0.763	O2):32.276	
O1):-0.825	O2):43.741	
O1):-0.804	O2):38.07	
O1):-0.803	O2):38.046	
O1):-0.808	O2):38.62	
O1):-0.768	O2):33.122	
O1):-0.804	O2):38.149	
O1):-0.843	O2):49.412	
O1):-0.779	O2):33.171	
O1):-0.834	O2):43.418	
O1):-0.836	O2):45.49	
O1):-0.799	O2):37.305	
O1):-0.756	O2):31.62	
O1):-0.783	O2):33.625	
O1):-0.8	O2):41.352	
O1):-0.757	O2):33.632	
O1):-0.759	O2):31.577	
O1):-0.746	O2):31.459	
O1):-0.801	O2):37.508	
O1):-0.776	O2):35.858	
O1):-0.7	O2):27.188	
O1):-0.752	O2):32.709	
O1):-0.758	O2):31.303	
O1):-0.837	O2):44.534	
O1):-0.834	O2):44.918	
O1):-0.776	O2):32.872	
O1):-0.829	O2):43.493	
O1):-0.747	O2):32.949	
O1):-0.772	O2):32.737	
O1):-0.801	O2):43.649	
O1):-0.841	O2):49.257	
O1):-0.765	O2):32.383	
O1):-0.758	O2):31.394	
O1):-0.705	O2):34.511	
O1):-0.859	O2):54.388	
O1):-0.835	O2):45.338	
O1):-0.745	O2):30.217	
O1):-0.827	O2):43.463	
O1):-0.759	O2):32.006	
O1):-0.759	O2):31.537	
O1):-0.835	O2):48.119	
O1):-0.771	O2):33.986	
O1):-0.76	O2):31.646	
O1):-0.72	O2):27.974	
O1):-0.77	O2):33.912	
O1):-0.782	O2):33.684	
O1):-0.788	O2):34.394	
O1):-0.78	O2):33.261	
O1):-0.834	O2):47.527	
O1):-0.824	O2):42.417	
O1):-0.793	O2):34.477	
O1):-0.728	O2):28.92	
O1):-0.79	O2):33.778	
O1):-0.788	O2):34.738	
O1):-0.833	O2):43.492	
O1):-0.709	O2):27.667	
O1):-0.766	O2):32.305	
O1):-0.781	O2):33.278	
O1):-0.806	O2):38.195	
O1):-0.764	O2):32.141	
Evaluations:	3200
O1):-0.745	O2):31.283	
Evaluations:	2900
O1):-0.818	O2):38.386	
O1):-0.792	O2):42.198	
O1):-0.834	O2):44.933	
O1):-0.807	O2):38.477	
O1):-0.755	O2):31.618	
O1):-0.828	O2):45.08	
O1):-0.78	O2):33.42	
O1):-0.792	O2):35.18	
O1):-0.831	O2):43.455	
O1):-0.775	O2):32.83	
O1):-0.811	O2):38.902	
O1):-0.819	O2):38.425	
O1):-0.76	O2):31.77	
O1):-0.718	O2):27.453	
O1):-0.818	O2):38.363	
O1):-0.792	O2):35.299	
O1):-0.761	O2):31.927	
O1):-0.762	O2):32.12	
O1):-0.825	O2):42.473	
O1):-0.787	O2):34.208	
O1):-0.746	O2):28.939	
O1):-0.671	O2):26.524	
O1):-0.689	O2):27.022	
O1):-0.76	O2):31.77	
O1):-0.759	O2):32.063	
O1):-0.859	O2):54.241	
O1):-0.75	O2):32.248	
O1):-0.793	O2):34.702	
O1):-0.764	O2):32.294	
O1):-0.839	O2):49.312	
O1):-0.775	O2):32.757	
O1):-0.859	O2):53.205	
O1):-0.772	O2):32.393	
O1):-0.78	O2):33.313	
O1):-0.812	O2):39.42	
O1):-0.718	O2):27.453	
O1):-0.779	O2):33.081	
O1):-0.788	O2):39.607	
O1):-0.825	O2):42.473	
O1):-0.784	O2):33.959	
O1):-0.837	O2):44.139	
O1):-0.837	O2):44.139	
O1):-0.797	O2):36.778	
Starting PrismExecutor worker 0 on port 11490
Connected worker 0 to port 11490
O1):-0.759	O2):32.063	
O1):-0.825	O2):42.505	
O1):-0.73	O2):31.24	
O1):-0.795	O2):34.171	
O1):-0.704	O2):27.131	
O1):-0.764	O2):32.163	
O1):-0.811	O2):39.168	
O1):-0.817	O2):42.044	
O1):-0.801	O2):37.437	
O1):-0.82	O2):38.706	
O1):-0.814	O2):39.654	
O1):-0.835	O2):45.329	
O1):-0.762	O2):32.146	
O1):-0.789	O2):34.298	
O1):-0.819	O2):38.575	
O1):-0.819	O2):43.525	
O1):-0.701	O2):26.898	
O1):-0.758	O2):33.052	
O1):-0.837	O2):44.493	
O1):-0.748	O2):31.395	
O1):-0.785	O2):34.699	
O1):-0.744	O2):31.164	
O1):-0.697	O2):26.882	
O1):-0.787	O2):38.834	
O1):-0.756	O2):31.555	
O1):-0.801	O2):37.507	
O1):-0.801	O2):37.645	
O1):-0.702	O2):27.51	
O1):-0.792	O2):34.636	
O1):-0.735	O2):28.609	
O1):-0.797	O2):35.489	
O1):-0.806	O2):38.305	
O1):-0.806	O2):37.939	
O1):-0.802	O2):37.854	
O1):-0.828	O2):43.366	
O1):-0.694	O2):26.539	
O1):-0.818	O2):38.238	
O1):-0.817	O2):38.296	
O1):-0.705	O2):27.398	
O1):-0.752	O2):34.56	
O1):-0.723	O2):27.996	
O1):-0.743	O2):32.998	
O1):-0.675	O2):26.801	
O1):-0.794	O2):35.5	
O1):-0.791	O2):34.323	
O1):-0.817	O2):37.886	
O1):-0.825	O2):42.495	
O1):-0.789	O2):34.331	
O1):-0.802	O2):38.981	
O1):-0.793	O2):41.391	
O1):-0.721	O2):27.772	
O1):-0.671	O2):26.488	
O1):-0.723	O2):28.226	
O1):-0.859	O2):54.388	
O1):-0.783	O2):33.416	
O1):-0.75	O2):32.595	
O1):-0.695	O2):26.733	
O1):-0.801	O2):37.521	
O1):-0.783	O2):34.04	
O1):-0.783	O2):39.731	
O1):-0.783	O2):33.625	
O1):-0.701	O2):26.956	
O1):-0.806	O2):38.257	
O1):-0.76	O2):31.77	
O1):-0.756	O2):36.284	
O1):-0.824	O2):43.129	
O1):-0.708	O2):27.431	
O1):-0.834	O2):44.918	
O1):-0.863	O2):54.294	
O1):-0.741	O2):31.14	
O1):-0.747	O2):30.27	
O1):-0.745	O2):31.241	
O1):-0.838	O2):44.672	
O1):-0.835	O2):43.995	
O1):-0.7	O2):26.896	
O1):-0.763	O2):40.29	
O1):-0.787	O2):34.052	
O1):-0.724	O2):28.31	
O1):-0.706	O2):27.442	
O1):-0.674	O2):26.732	
O1):-0.81	O2):39.266	
O1):-0.812	O2):39.422	
O1):-0.697	O2):26.873	
O1):-0.718	O2):27.507	
O1):-0.819	O2):38.425	
O1):-0.815	O2):37.742	
O1):-0.779	O2):33.081	
O1):-0.711	O2):27.732	
O1):-0.795	O2):34.137	
O1):-0.777	O2):36.114	
O1):-0.793	O2):37.388	
O1):-0.748	O2):31.344	
O1):-0.819	O2):38.425	
O1):-0.7	O2):26.896	
O1):-0.747	O2):30.387	
O1):-0.8	O2):35.327	
O1):-0.671	O2):26.489	
O1):-0.798	O2):37.154	
O1):-0.802	O2):37.854	
O1):-0.78	O2):33.622	
O1):-0.77	O2):32.954	
O1):-0.787	O2):34.216	
Starting PrismExecutor worker 0 on port 11460
O1):-0.785	O2):33.913	
O1):-0.705	O2):27.17	
Connected worker 0 to port 11460
O1):-0.792	O2):43.212	
O1):-0.816	O2):37.759	
O1):-0.714	O2):28.389	
O1):-0.779	O2):33.172	
O1):-0.701	O2):27.2	
O1):-0.84	O2):47.921	
O1):-0.801	O2):37.437	
O1):-0.778	O2):33.184	
O1):-0.762	O2):32.509	
O1):-0.836	O2):43.523	
O1):-0.764	O2):32.646	
O1):-0.725	O2):28.176	
O1):-0.833	O2):44.733	
O1):-0.758	O2):31.394	
O1):-0.795	O2):38.657	
O1):-0.672	O2):26.709	
O1):-0.792	O2):36.754	
O1):-0.714	O2):30.55	
O1):-0.793	O2):44.362	
O1):-0.809	O2):38.958	
O1):-0.794	O2):37.72	
O1):-0.772	O2):32.393	
O1):-0.757	O2):31.351	
O1):-0.723	O2):28.314	
O1):-0.721	O2):28.491	
O1):-0.76	O2):32.331	
O1):-0.835	O2):43.831	
O1):-0.697	O2):26.828	
O1):-0.741	O2):31.194	
O1):-0.834	O2):42.92	
O1):-0.603	O2):22.374	
O1):-0.749	O2):35.368	
O1):-0.821	O2):39.057	
O1):-0.779	O2):33.081	
O1):-0.779	O2):38.316	
O1):-0.772	O2):32.369	
O1):-0.76	O2):31.67	
O1):-0.782	O2):33.772	
O1):-0.643	O2):26.472	
O1):-0.863	O2):54.294	
O1):-0.72	O2):27.749	
Evaluations:	3200
O1):-0.836	O2):44.159	
O1):-0.835	O2):48.183	
O1):-0.791	O2):35.184	
O1):-0.829	O2):43.493	
O1):-0.795	O2):34.657	
O1):-0.8	O2):35.525	
O1):-0.815	O2):37.742	
O1):-0.806	O2):38.196	
O1):-0.724	O2):29.231	
O1):-0.745	O2):30.238	
O1):-0.763	O2):32.405	
O1):-0.794	O2):36.966	
O1):-0.775	O2):32.82	
O1):-0.793	O2):34.715	
O1):-0.799	O2):35.017	
O1):-0.814	O2):39.712	
O1):-0.816	O2):38.962	
O1):-0.776	O2):32.792	
O1):-0.854	O2):58.578	
O1):-0.708	O2):27.431	
O1):-0.82	O2):38.814	
O1):-0.816	O2):38.968	
O1):-0.76	O2):31.706	
O1):-0.795	O2):37.121	
O1):-0.763	O2):32.193	
O1):-0.84	O2):48.237	
O1):-0.807	O2):38.477	
O1):-0.814	O2):39.627	
O1):-0.775	O2):32.27	
O1):-0.697	O2):26.794	
O1):-0.794	O2):35.5	
O1):-0.746	O2):30.384	
O1):-0.824	O2):43.174	
O1):-0.778	O2):33.154	
O1):-0.837	O2):44.513	
O1):-0.763	O2):32.276	
O1):-0.789	O2):34.331	
O1):-0.748	O2):31.347	
O1):-0.791	O2):37.424	
O1):-0.783	O2):37.168	
O1):-0.81	O2):39.853	
O1):-0.792	O2):37.826	
O1):-0.85	O2):48.565	
O1):-0.852	O2):50.137	
O1):-0.725	O2):28.176	
O1):-0.711	O2):27.732	
O1):-0.822	O2):39.198	
O1):-0.817	O2):38.107	
O1):-0.767	O2):33.111	
O1):-0.818	O2):40.364	
O1):-0.723	O2):28.763	
O1):-0.808	O2):38.502	
O1):-0.787	O2):34.59	
O1):-0.801	O2):37.521	
O1):-0.803	O2):38.046	
O1):-0.85	O2):48.565	
Starting PrismExecutor worker 5 on port 11425
O1):-0.791	O2):34.543	
O1):-0.773	O2):32.482	
Connected worker 5 to port 11425
O1):-0.833	O2):43.445	
O1):-0.72	O2):27.749	
O1):-0.798	O2):36.904	
O1):-0.756	O2):33.232	
O1):-0.77	O2):32.934	
O1):-0.701	O2):27.182	
O1):-0.759	O2):31.56	
O1):-0.786	O2):33.922	
O1):-0.804	O2):38.19	
O1):-0.725	O2):28.786	
O1):-0.799	O2):37.324	
O1):-0.825	O2):42.706	
O1):-0.833	O2):44.769	
O1):-0.829	O2):43.493	
O1):-0.76	O2):31.646	
O1):-0.78	O2):33.583	
Evaluations:	3100
O1):-0.818	O2):38.344	
O1):-0.702	O2):27.132	
O1):-0.741	O2):31.172	
O1):-0.749	O2):31.554	
O1):-0.801	O2):37.674	
O1):-0.7	O2):27.06	
O1):-0.74	O2):31.087	
O1):-0.701	O2):26.956	
O1):-0.727	O2):28.941	
O1):-0.759	O2):32.006	
O1):-0.834	O2):43.609	
O1):-0.766	O2):33.706	
O1):-0.844	O2):48.641	
O1):-0.756	O2):33.232	
O1):-0.783	O2):38.181	
O1):-0.757	O2):31.564	
O1):-0.834	O2):43.63	
O1):-0.745	O2):31.147	
O1):-0.764	O2):32.294	
O1):-0.761	O2):31.745	
O1):-0.814	O2):39.666	
O1):-0.834	O2):47.527	
O1):-0.701	O2):26.956	
O1):-0.698	O2):27.082	
O1):-0.683	O2):30.789	
O1):-0.791	O2):34.183	
O1):-0.741	O2):31.144	
O1):-0.817	O2):42.021	
O1):-0.745	O2):31.241	
O1):-0.842	O2):48.553	
O1):-0.842	O2):48.553	
O1):-0.79	O2):34.217	
O1):-0.773	O2):34.305	
O1):-0.763	O2):39.878	
O1):-0.776	O2):33.044	
O1):-0.758	O2):33.051	
O1):-0.727	O2):28.746	
O1):-0.749	O2):31.38	
O1):-0.84	O2):47.922	
O1):-0.727	O2):31.056	
O1):-0.861	O2):54.862	
O1):-0.837	O2):44.493	
O1):-0.79	O2):34.169	
O1):-0.758	O2):31.394	
O1):-0.842	O2):48.275	
O1):-0.76	O2):31.706	
O1):-0.801	O2):37.342	
O1):-0.752	O2):31.851	
O1):-0.706	O2):27.441	
O1):-0.833	O2):43.471	
O1):-0.76	O2):31.766	
O1):-0.829	O2):53.496	
O1):-0.759	O2):32.063	
O1):-0.791	O2):34.289	
O1):-0.837	O2):44.354	
O1):-0.8	O2):35.519	
O1):-0.776	O2):32.872	
O1):-0.722	O2):28.01	
O1):-0.861	O2):54.862	
O1):-0.789	O2):37.63	
O1):-0.697	O2):26.882	
O1):-0.675	O2):26.738	
O1):-0.818	O2):40.364	
O1):-0.724	O2):28.31	
O1):-0.862	O2):54.099	
O1):-0.769	O2):32.903	
O1):-0.795	O2):37.121	
O1):-0.701	O2):27.211	
O1):-0.77	O2):33.912	
O1):-0.8	O2):37.308	
O1):-0.813	O2):39.536	
O1):-0.777	O2):39.485	
O1):-0.777	O2):37.847	
O1):-0.799	O2):35.017	
O1):-0.81	O2):38.8	
O1):-0.826	O2):42.912	
O1):-0.859	O2):54.151	
O1):-0.786	O2):34.124	
O1):-0.778	O2):33.184	
O1):-0.854	O2):58.578	
O1):-0.738	O2):29.125	
O1):-0.787	O2):34.066	
O1):-0.775	O2):32.757	
O1):-0.707	O2):27.408	
Starting PrismExecutor worker 4 on port 11414
O1):-0.792	O2):36.315	
O1):-0.758	O2):31.394	
O1):-0.784	O2):38.598	
Connected worker 4 to port 11414
O1):-0.802	O2):37.854	
O1):-0.78	O2):33.583	
O1):-0.722	O2):27.94	
O1):-0.858	O2):53.864	
O1):-0.723	O2):27.996	
O1):-0.815	O2):37.793	
O1):-0.781	O2):38.885	
O1):-0.797	O2):36.778	
O1):-0.816	O2):37.868	
O1):-0.79	O2):33.778	
O1):-0.773	O2):34.29	
O1):-0.785	O2):37.453	
O1):-0.804	O2):38.149	
O1):-0.72	O2):28.124	
O1):-0.78	O2):33.261	
O1):-0.837	O2):44.139	
O1):-0.704	O2):27.812	
O1):-0.795	O2):37.121	
O1):-0.761	O2):31.957	
O1):-0.702	O2):27.095	
O1):-0.833	O2):42.701	
O1):-0.795	O2):34.733	
Evaluations:	3200
O1):-0.745	O2):31.283	
O1):-0.798	O2):37.052	
O1):-0.789	O2):34.121	
O1):-0.801	O2):37.507	
O1):-0.801	O2):35.579	
O1):-0.76	O2):31.77	
O1):-0.718	O2):27.507	
O1):-0.781	O2):33.761	
O1):-0.789	O2):34.298	
O1):-0.79	O2):33.768	
O1):-0.689	O2):27.022	
O1):-0.802	O2):37.854	
O1):-0.738	O2):29.125	
O1):-0.819	O2):38.425	
O1):-0.823	O2):43.134	
Evaluations:	3200
O1):-0.853	O2):49.17	
O1):-0.795	O2):36.747	
O1):-0.814	O2):39.654	
O1):-0.825	O2):42.498	
O1):-0.797	O2):34.712	
O1):-0.671	O2):26.525	
O1):-0.798	O2):34.907	
O1):-0.71	O2):27.626	
O1):-0.772	O2):33.971	
O1):-0.641	O2):26.353	
O1):-0.819	O2):38.653	
O1):-0.778	O2):33.154	
O1):-0.821	O2):38.902	
O1):-0.827	O2):43.036	
O1):-0.71	O2):28.482	
O1):-0.797	O2):36.652	
O1):-0.723	O2):28.809	
O1):-0.843	O2):49.412	
O1):-0.843	O2):49.412	
O1):-0.782	O2):33.741	
O1):-0.738	O2):29.125	
O1):-0.751	O2):32.581	
O1):-0.828	O2):43.171	
O1):-0.808	O2):38.3	
O1):-0.819	O2):38.575	
O1):-0.806	O2):38.152	
O1):-0.782	O2):33.685	
O1):-0.82	O2):38.697	
O1):-0.72	O2):29.361	
O1):-0.817	O2):40.27	
O1):-0.764	O2):32.418	
O1):-0.759	O2):32.006	
O1):-0.72	O2):28.124	
O1):-0.809	O2):38.75	
O1):-0.759	O2):31.611	
O1):-0.839	O2):49.312	
O1):-0.779	O2):33.152	
O1):-0.674	O2):26.719	
O1):-0.836	O2):45.49	
O1):-0.737	O2):29.05	
O1):-0.812	O2):39.244	
O1):-0.716	O2):27.784	
O1):-0.77	O2):32.515	
O1):-0.724	O2):28.267	
O1):-0.77	O2):36.35	
O1):-0.812	O2):39.264	
O1):-0.759	O2):31.417	
O1):-0.828	O2):43.366	
O1):-0.796	O2):34.679	
O1):-0.789	O2):34.29	
O1):-0.826	O2):42.767	
Starting PrismExecutor worker 0 on port 11430
O1):-0.784	O2):33.97	
O1):-0.759	O2):31.417	
Connected worker 0 to port 11430
O1):-0.795	O2):34.137	
O1):-0.671	O2):26.525	
O1):-0.853	O2):48.894	
O1):-0.806	O2):38.905	
O1):-0.787	O2):34.03	
O1):-0.762	O2):32.12	
O1):-0.773	O2):32.482	
O1):-0.807	O2):38.496	
O1):-0.732	O2):31.36	
O1):-0.819	O2):38.457	
O1):-0.735	O2):28.609	
O1):-0.797	O2):34.667	
O1):-0.723	O2):28.709	
O1):-0.845	O2):49.265	
O1):-0.746	O2):28.953	
O1):-0.805	O2):38.259	
O1):-0.859	O2):53.205	
O1):-0.862	O2):54.879	
O1):-0.795	O2):44.935	
O1):-0.723	O2):28.313	
O1):-0.775	O2):32.967	
O1):-0.79	O2):34.431	
O1):-0.748	O2):32.132	
O1):-0.759	O2):31.577	
O1):-0.728	O2):31.053	
Evaluations:	3000
O1):-0.807	O2):38.477	
O1):-0.809	O2):38.958	
O1):-0.727	O2):28.94	
O1):-0.77	O2):33.039	
O1):-0.776	O2):32.931	
O1):-0.762	O2):31.819	
O1):-0.818	O2):38.363	
O1):-0.708	O2):27.443	
O1):-0.801	O2):37.437	
O1):-0.841	O2):49.332	
O1):-0.809	O2):38.639	
O1):-0.816	O2):42.606	
O1):-0.782	O2):33.717	
O1):-0.756	O2):31.62	
O1):-0.765	O2):34.53	
O1):-0.798	O2):35.853	
O1):-0.776	O2):37.764	
O1):-0.775	O2):32.818	
O1):-0.804	O2):38.149	
O1):-0.785	O2):33.852	
O1):-0.742	O2):35.169	
O1):-0.849	O2):47.981	
O1):-0.833	O2):43.476	
O1):-0.708	O2):27.431	
O1):-0.781	O2):33.265	
O1):-0.797	O2):37.137	
O1):-0.772	O2):32.393	
O1):-0.719	O2):27.717	
O1):-0.8	O2):44.082	
O1):-0.816	O2):37.759	
O1):-0.84	O2):48.237	
O1):-0.675	O2):26.802	
O1):-0.85	O2):48.565	
O1):-0.749	O2):31.435	
O1):-0.79	O2):33.778	
O1):-0.8	O2):37.308	
O1):-0.81	O2):39.048	
O1):-0.723	O2):28.226	
O1):-0.815	O2):38.948	
O1):-0.773	O2):32.425	
O1):-0.845	O2):48.833	
O1):-0.816	O2):37.853	
O1):-0.646	O2):27.332	
O1):-0.746	O2):28.939	
O1):-0.756	O2):31.62	
O1):-0.817	O2):40.228	
O1):-0.85	O2):48.33	
O1):-0.787	O2):34.052	
O1):-0.765	O2):32.8	
O1):-0.704	O2):27.131	
O1):-0.776	O2):33.002	
O1):-0.741	O2):31.077	
O1):-0.791	O2):36.819	
O1):-0.7	O2):26.855	
O1):-0.708	O2):27.431	
O1):-0.81	O2):38.711	
O1):-0.755	O2):31.348	
O1):-0.802	O2):37.854	
O1):-0.765	O2):34.529	
O1):-0.763	O2):33.408	
O1):-0.772	O2):32.369	
O1):-0.817	O2):40.267	
O1):-0.749	O2):31.554	
O1):-0.705	O2):27.749	
O1):-0.782	O2):33.68	
O1):-0.743	O2):31.121	
O1):-0.862	O2):54.879	
O1):-0.743	O2):31.597	
O1):-0.779	O2):33.518	
O1):-0.772	O2):32.703	
O1):-0.823	O2):43.134	
O1):-0.764	O2):32.301	
O1):-0.859	O2):53.205	
O1):-0.824	O2):42.361	
O1):-0.787	O2):39.346	
O1):-0.756	O2):31.555	
O1):-0.772	O2):32.516	
O1):-0.795	O2):34.171	
O1):-0.789	O2):34.298	
O1):-0.816	O2):39.062	
O1):-0.828	O2):43.323	
O1):-0.707	O2):27.414	
O1):-0.798	O2):37.154	
O1):-0.72	O2):27.974	
O1):-0.709	O2):27.667	
O1):-0.72	O2):27.974	
O1):-0.72	O2):27.974	
O1):-0.776	O2):32.931	
O1):-0.74	O2):29.437	
O1):-0.694	O2):26.539	
O1):-0.703	O2):27.242	
O1):-0.703	O2):27.242	
O1):-0.748	O2):32.098	
O1):-0.85	O2):48.565	
O1):-0.762	O2):31.819	
O1):-0.806	O2):38.272	
O1):-0.808	O2):38.3	
O1):-0.833	O2):43.616	
O1):-0.701	O2):26.869	
O1):-0.796	O2):36.558	
O1):-0.705	O2):27.416	
O1):-0.774	O2):32.683	
O1):-0.795	O2):34.137	
O1):-0.748	O2):32.176	
O1):-0.762	O2):33.786	
O1):-0.826	O2):43.905	
O1):-0.766	O2):32.638	
O1):-0.758	O2):31.393	
O1):-0.837	O2):44.139	
O1):-0.798	O2):37.052	
O1):-0.79	O2):36.742	
O1):-0.811	O2):39.528	
O1):-0.836	O2):43.36	
O1):-0.703	O2):27.242	
O1):-0.754	O2):31.579	
O1):-0.84	O2):47.924	
O1):-0.734	O2):28.643	
O1):-0.771	O2):33.984	
O1):-0.741	O2):31.194	
O1):-0.778	O2):33.154	
O1):-0.718	O2):27.507	
O1):-0.858	O2):53.864	
O1):-0.818	O2):38.294	
O1):-0.844	O2):49.129	
O1):-0.766	O2):32.889	
O1):-0.641	O2):26.46	
O1):-0.825	O2):43.809	
O1):-0.797	O2):35.488	
O1):-0.842	O2):47.183	
O1):-0.817	O2):37.886	
O1):-0.816	O2):39.198	
O1):-0.8	O2):37.42	
O1):-0.786	O2):34.252	
Evaluations:	3600
O1):-0.833	O2):42.566	
O1):-0.795	O2):34.652	
O1):-0.833	O2):43.446	
O1):-0.764	O2):32.163	
O1):-0.747	O2):31.171	
O1):-0.765	O2):32.274	
O1):-0.765	O2):32.274	
O1):-0.786	O2):33.628	
O1):-0.819	O2):38.713	
O1):-0.777	O2):33.221	
O1):-0.721	O2):27.723	
O1):-0.718	O2):27.453	
O1):-0.724	O2):28.3	
O1):-0.724	O2):28.307	
O1):-0.85	O2):48.289	
O1):-0.862	O2):54.097	
O1):-0.762	O2):32.249	
O1):-0.853	O2):49.185	
O1):-0.705	O2):27.749	
O1):-0.82	O2):38.706	
O1):-0.767	O2):33.039	
O1):-0.817	O2):42.044	
O1):-0.78	O2):33.42	
O1):-0.819	O2):38.425	
O1):-0.769	O2):32.457	
O1):-0.781	O2):38.882	
Evaluations:	3400
Starting PrismExecutor worker 3 on port 11493
O1):-0.834	O2):48.401	
Connected worker 3 to port 11493
O1):-0.744	O2):30.402	
O1):-0.728	O2):28.92	
O1):-0.816	O2):37.965	
O1):-0.675	O2):26.738	
O1):-0.723	O2):28.516	
O1):-0.829	O2):43.349	
Starting PrismExecutor worker 4 on port 11424
O1):-0.781	O2):33.755	
Connected worker 4 to port 11424
O1):-0.705	O2):27.464	
O1):-0.853	O2):49.17	
O1):-0.754	O2):31.3	
O1):-0.697	O2):26.849	
O1):-0.787	O2):33.992	
O1):-0.77	O2):32.974	
O1):-0.709	O2):28.506	
O1):-0.815	O2):42.835	
O1):-0.815	O2):39.817	
O1):-0.801	O2):37.583	
O1):-0.817	O2):38.022	
O1):-0.818	O2):40.529	
O1):-0.782	O2):37.566	
O1):-0.777	O2):33.033	
O1):-0.789	O2):34.142	
O1):-0.797	O2):41.125	
O1):-0.834	O2):48.401	
O1):-0.78	O2):33.497	
O1):-0.795	O2):35.52	
O1):-0.724	O2):28.306	
O1):-0.739	O2):30.969	
O1):-0.833	O2):44.086	
O1):-0.795	O2):34.172	
O1):-0.833	O2):43.341	
O1):-0.7	O2):26.896	
O1):-0.783	O2):33.682	
O1):-0.837	O2):57.982	
O1):-0.689	O2):27.022	
O1):-0.789	O2):33.915	
O1):-0.743	O2):32.998	
O1):-0.771	O2):33.985	
O1):-0.711	O2):27.732	
O1):-0.804	O2):37.974	
O1):-0.808	O2):38.718	
O1):-0.804	O2):39.607	
O1):-0.703	O2):27.152	
O1):-0.779	O2):33.569	
O1):-0.834	O2):47.527	
O1):-0.816	O2):38.962	
O1):-0.819	O2):38.459	
O1):-0.842	O2):47.136	
O1):-0.776	O2):32.999	
O1):-0.788	O2):33.855	
O1):-0.778	O2):33.274	
O1):-0.843	O2):49.412	
O1):-0.78	O2):33.261	
O1):-0.757	O2):36.494	
O1):-0.829	O2):43.493	
O1):-0.721	O2):29.453	
O1):-0.76	O2):31.642	
O1):-0.72	O2):28.396	
O1):-0.762	O2):31.992	
O1):-0.72	O2):28.124	
O1):-0.787	O2):33.992	
O1):-0.788	O2):33.776	
O1):-0.761	O2):31.957	
O1):-0.738	O2):29.125	
O1):-0.761	O2):31.776	
O1):-0.787	O2):34.208	
O1):-0.758	O2):32.657	
O1):-0.727	O2):28.94	
O1):-0.727	O2):28.94	
O1):-0.675	O2):26.738	
O1):-0.784	O2):34.089	
O1):-0.84	O2):48.237	
O1):-0.836	O2):43.938	
O1):-0.752	O2):31.851	
O1):-0.795	O2):34.733	
O1):-0.818	O2):38.344	
O1):-0.765	O2):32.383	
O1):-0.845	O2):48.833	
O1):-0.837	O2):44.354	
O1):-0.801	O2):35.604	
O1):-0.727	O2):31.024	
O1):-0.795	O2):34.171	
O1):-0.854	O2):58.578	
O1):-0.8	O2):37.42	
O1):-0.711	O2):27.732	
O1):-0.845	O2):49.339	
O1):-0.701	O2):26.897	
O1):-0.794	O2):35.461	
O1):-0.844	O2):48.463	
O1):-0.798	O2):37.755	
O1):-0.799	O2):37.171	
O1):-0.771	O2):32.689	
O1):-0.799	O2):37.292	
O1):-0.705	O2):28.048	
O1):-0.801	O2):35.579	
O1):-0.784	O2):36.445	
O1):-0.799	O2):38.006	
O1):-0.804	O2):38.14	
O1):-0.841	O2):48.373	
O1):-0.82	O2):38.706	
O1):-0.675	O2):26.801	
O1):-0.746	O2):30.153	
O1):-0.724	O2):28.267	
O1):-0.751	O2):32.278	
O1):-0.783	O2):33.804	
O1):-0.785	O2):34.229	
O1):-0.826	O2):42.912	
Starting PrismExecutor worker 5 on port 11415
O1):-0.722	O2):28.523	
O1):-0.748	O2):31.344	
O1):-0.798	O2):34.974	
Connected worker 5 to port 11415
O1):-0.751	O2):31.732	
O1):-0.753	O2):32.744	
O1):-0.757	O2):31.394	
O1):-0.842	O2):48.077	
O1):-0.795	O2):34.137	
O1):-0.759	O2):31.537	
O1):-0.833	O2):43.492	
O1):-0.816	O2):37.844	
O1):-0.816	O2):37.829	
O1):-0.776	O2):32.999	
O1):-0.71	O2):28.347	
O1):-0.793	O2):34.55	
O1):-0.842	O2):48.077	
O1):-0.775	O2):32.757	
O1):-0.809	O2):38.639	
O1):-0.735	O2):28.609	
O1):-0.787	O2):39.481	
O1):-0.81	O2):41.859	
O1):-0.845	O2):48.833	
O1):-0.786	O2):34.251	
O1):-0.727	O2):28.94	
O1):-0.861	O2):54.862	
O1):-0.782	O2):33.68	
O1):-0.789	O2):34.978	
O1):-0.808	O2):38.3	
O1):-0.797	O2):36.864	
O1):-0.807	O2):38.477	
O1):-0.824	O2):42.417	
O1):-0.804	O2):53.248	
O1):-0.82	O2):38.706	
O1):-0.802	O2):37.8	
O1):-0.673	O2):26.824	
O1):-0.852	O2):50.3	
O1):-0.814	O2):37.705	
O1):-0.819	O2):38.642	
O1):-0.842	O2):49.268	
O1):-0.843	O2):49.412	
O1):-0.771	O2):33.981	
O1):-0.747	O2):30.387	
O1):-0.738	O2):32.669	
O1):-0.773	O2):32.948	
O1):-0.8	O2):35.486	
O1):-0.816	O2):37.853	
O1):-0.828	O2):43.016	
O1):-0.756	O2):31.3	
O1):-0.799	O2):37.922	
O1):-0.796	O2):34.915	
O1):-0.747	O2):31.171	
O1):-0.759	O2):32.007	
O1):-0.671	O2):26.488	
O1):-0.826	O2):42.582	
O1):-0.836	O2):44.159	
O1):-0.845	O2):49.994	
O1):-0.817	O2):40.267	
O1):-0.787	O2):34.03	
O1):-0.72	O2):28.124	
O1):-0.722	O2):29.502	
O1):-0.803	O2):38.046	
O1):-0.759	O2):31.537	
O1):-0.793	O2):34.477	
O1):-0.721	O2):27.772	
O1):-0.827	O2):42.997	
O1):-0.759	O2):33.567	
O1):-0.761	O2):31.745	
O1):-0.778	O2):37.911	
O1):-0.704	O2):27.131	
O1):-0.858	O2):53.184	
O1):-0.792	O2):36.991	
O1):-0.825	O2):42.781	
O1):-0.792	O2):35.37	
O1):-0.801	O2):37.645	
O1):-0.675	O2):26.738	
O1):-0.807	O2):38.537	
O1):-0.756	O2):31.3	
O1):-0.721	O2):27.786	
O1):-0.84	O2):47.921	
O1):-0.794	O2):36.966	
O1):-0.725	O2):32.765	
O1):-0.791	O2):33.807	
O1):-0.814	O2):39.666	
O1):-0.782	O2):33.772	
O1):-0.849	O2):49.52	
O1):-0.722	O2):27.818	
O1):-0.804	O2):38.149	
O1):-0.811	O2):39.168	
O1):-0.778	O2):33.221	
O1):-0.801	O2):37.555	
O1):-0.836	O2):57.87	
O1):-0.792	O2):37.773	
O1):-0.836	O2):45.44	
O1):-0.775	O2):32.83	
O1):-0.818	O2):38.281	
O1):-0.851	O2):49.952	
O1):-0.777	O2):34.494	
O1):-0.797	O2):35.488	
O1):-0.769	O2):32.386	
O1):-0.77	O2):33.384	
O1):-0.777	O2):33.097	
O1):-0.761	O2):31.873	
O1):-0.812	O2):39.256	
Starting PrismExecutor worker 4 on port 11404
O1):-0.754	O2):31.3	
O1):-0.862	O2):54.879	
O1):-0.671	O2):26.53	
Connected worker 4 to port 11404
O1):-0.833	O2):43.471	
O1):-0.671	O2):26.524	
O1):-0.817	O2):38.022	
O1):-0.755	O2):31.348	
O1):-0.706	O2):27.432	
O1):-0.75	O2):31.809	
O1):-0.855	O2):54.3	
O1):-0.802	O2):37.8	
O1):-0.747	O2):30.387	
O1):-0.814	O2):39.627	
O1):-0.808	O2):38.718	
O1):-0.853	O2):48.894	
O1):-0.763	O2):32.196	
O1):-0.721	O2):27.772	
O1):-0.716	O2):27.866	
O1):-0.781	O2):33.759	
O1):-0.778	O2):33.175	
O1):-0.803	O2):38.041	
O1):-0.801	O2):37.521	
O1):-0.775	O2):35.794	
O1):-0.776	O2):34.087	
O1):-0.779	O2):33.171	
O1):-0.824	O2):42.417	
O1):-0.835	O2):43.831	
O1):-0.803	O2):37.868	
O1):-0.689	O2):27.022	
O1):-0.767	O2):33.103	
O1):-0.85	O2):53.986	
O1):-0.817	O2):40.267	
O1):-0.674	O2):26.719	
O1):-0.756	O2):33.232	
O1):-0.701	O2):26.869	
O1):-0.738	O2):29.125	
O1):-0.746	O2):30.278	
O1):-0.785	O2):38.76	
O1):-0.641	O2):26.353	
O1):-0.85	O2):48.289	
O1):-0.829	O2):43.349	
O1):-0.765	O2):32.274	
O1):-0.719	O2):28.104	
O1):-0.797	O2):35.742	
O1):-0.812	O2):39.309	
O1):-0.854	O2):58.578	
O1):-0.697	O2):26.873	
O1):-0.714	O2):30.565	
O1):-0.814	O2):39.696	
O1):-0.833	O2):44.733	
O1):-0.758	O2):32.166	
O1):-0.724	O2):28.267	
O1):-0.706	O2):28.283	
O1):-0.762	O2):32.128	
O1):-0.703	O2):27.242	
O1):-0.802	O2):37.854	
O1):-0.761	O2):31.873	
O1):-0.784	O2):33.959	
O1):-0.768	O2):33.133	
O1):-0.794	O2):35.461	
O1):-0.721	O2):29.453	
O1):-0.819	O2):38.425	
O1):-0.701	O2):26.884	
O1):-0.744	O2):30.262	
O1):-0.775	O2):32.856	
O1):-0.765	O2):32.567	
O1):-0.789	O2):34.337	
O1):-0.761	O2):31.922	
O1):-0.704	O2):27.221	
O1):-0.758	O2):31.304	
O1):-0.815	O2):38.948	
O1):-0.718	O2):27.455	
O1):-0.781	O2):33.334	
O1):-0.76	O2):31.711	
O1):-0.76	O2):31.706	
O1):-0.801	O2):37.342	
O1):-0.773	O2):32.418	
O1):-0.789	O2):34.833	
O1):-0.721	O2):27.803	
O1):-0.76	O2):31.77	
O1):-0.752	O2):32.845	
O1):-0.763	O2):32.196	
O1):-0.808	O2):38.496	
O1):-0.804	O2):38.14	
O1):-0.702	O2):27.095	
O1):-0.782	O2):33.685	
O1):-0.762	O2):32.249	
O1):-0.757	O2):33.556	
O1):-0.728	O2):28.92	
O1):-0.815	O2):38.948	
O1):-0.792	O2):34.636	
O1):-0.738	O2):29.125	
O1):-0.809	O2):39.199	
O1):-0.785	O2):36.661	
O1):-0.85	O2):48.083	
O1):-0.803	O2):37.774	
O1):-0.789	O2):34.331	
O1):-0.834	O2):42.92	
O1):-0.742	O2):30.11	
O1):-0.72	O2):27.772	
Starting PrismExecutor worker 1 on port 11491
O1):-0.853	O2):49.17	
O1):-0.783	O2):37.121	
Connected worker 1 to port 11491
O1):-0.745	O2):30.337	
O1):-0.85	O2):48.565	
O1):-0.787	O2):40.808	
O1):-0.825	O2):42.495	
O1):-0.755	O2):33.237	
O1):-0.734	O2):28.646	
O1):-0.763	O2):32.276	
O1):-0.76	O2):31.766	
O1):-0.728	O2):28.949	
O1):-0.801	O2):37.507	
O1):-0.761	O2):31.778	
O1):-0.783	O2):33.732	
O1):-0.818	O2):45.294	
O1):-0.836	O2):44.343	
O1):-0.817	O2):40.23	
O1):-0.789	O2):33.915	
O1):-0.759	O2):31.611	
O1):-0.799	O2):35.017	
O1):-0.773	O2):33.012	
O1):-0.759	O2):32.063	
O1):-0.72	O2):28.124	
Evaluations:	3300
O1):-0.807	O2):38.477	
O1):-0.761	O2):31.942	
O1):-0.807	O2):38.537	
O1):-0.768	O2):33.127	
O1):-0.853	O2):49.17	
O1):-0.781	O2):33.384	
O1):-0.721	O2):28.491	
O1):-0.671	O2):26.524	
O1):-0.689	O2):27.022	
O1):-0.834	O2):43.623	
O1):-0.723	O2):28.226	
O1):-0.769	O2):33.125	
O1):-0.737	O2):29.05	
O1):-0.807	O2):38.398	
O1):-0.826	O2):42.767	
O1):-0.842	O2):47.183	
O1):-0.819	O2):42.974	
O1):-0.642	O2):26.414	
O1):-0.842	O2):47.183	
O1):-0.705	O2):27.416	
O1):-0.783	O2):33.808	
O1):-0.643	O2):26.471	
O1):-0.675	O2):26.738	
O1):-0.859	O2):54.257	
O1):-0.788	O2):34.738	
O1):-0.853	O2):50.524	
O1):-0.767	O2):32.676	
O1):-0.783	O2):39.993	
O1):-0.79	O2):34.816	
O1):-0.754	O2):32.896	
O1):-0.828	O2):44.014	
O1):-0.842	O2):49.56	
O1):-0.859	O2):54.388	
O1):-0.835	O2):43.831	
O1):-0.755	O2):33.11	
O1):-0.799	O2):37.922	
O1):-0.723	O2):28.226	
O1):-0.829	O2):43.477	
O1):-0.76	O2):31.874	
O1):-0.778	O2):37.869	
O1):-0.817	O2):40.228	
O1):-0.853	O2):49.189	
O1):-0.794	O2):35.5	
O1):-0.791	O2):34.183	
O1):-0.727	O2):28.94	
O1):-0.703	O2):27.731	
O1):-0.782	O2):33.681	
O1):-0.702	O2):27.51	
O1):-0.781	O2):33.321	
O1):-0.745	O2):31.243	
O1):-0.787	O2):34.871	
O1):-0.833	O2):43.445	
O1):-0.705	O2):27.417	
O1):-0.786	O2):34.703	
O1):-0.786	O2):34.703	
O1):-0.762	O2):31.819	
O1):-0.746	O2):30.2	
O1):-0.761	O2):31.957	
O1):-0.756	O2):36.235	
O1):-0.791	O2):34.293	
O1):-0.758	O2):31.394	
O1):-0.828	O2):43.037	
O1):-0.774	O2):34.057	
O1):-0.773	O2):32.983	
O1):-0.834	O2):43.835	
O1):-0.747	O2):30.272	
O1):-0.837	O2):49.204	
O1):-0.837	O2):44.493	
O1):-0.72	O2):27.768	
O1):-0.722	O2):27.742	
O1):-0.778	O2):33.221	
O1):-0.765	O2):32.274	
O1):-0.789	O2):33.915	
O1):-0.852	O2):50.138	
O1):-0.801	O2):37.507	
O1):-0.761	O2):31.873	
O1):-0.772	O2):42.16	
Starting PrismExecutor worker 2 on port 11492
O1):-0.818	O2):38.37	
O1):-0.817	O2):37.908	
O1):-0.722	O2):31.653	
O1):-0.779	O2):33.569	
Connected worker 2 to port 11492
O1):-0.854	O2):58.578	
Evaluations:	3000
O1):-0.727	O2):28.94	
O1):-0.756	O2):31.329	
O1):-0.711	O2):27.732	
O1):-0.703	O2):27.242	
O1):-0.841	O2):49.32	
O1):-0.697	O2):26.873	
O1):-0.858	O2):53.864	
O1):-0.734	O2):28.646	
O1):-0.777	O2):37.851	
O1):-0.781	O2):33.755	
O1):-0.815	O2):39.816	
O1):-0.748	O2):31.533	
O1):-0.795	O2):34.137	
O1):-0.769	O2):32.971	
O1):-0.726	O2):28.879	
O1):-0.782	O2):33.584	
O1):-0.708	O2):27.431	
O1):-0.834	O2):47.527	
O1):-0.724	O2):28.774	
O1):-0.738	O2):32.416	
O1):-0.729	O2):29.067	
O1):-0.78	O2):33.234	
O1):-0.837	O2):49.493	
O1):-0.82	O2):38.814	
O1):-0.791	O2):34.415	
O1):-0.795	O2):34.652	
O1):-0.793	O2):34.702	
O1):-0.83	O2):53.75	
O1):-0.7	O2):26.855	
O1):-0.696	O2):26.818	
O1):-0.674	O2):26.732	
O1):-0.806	O2):37.939	
O1):-0.787	O2):39.481	
O1):-0.705	O2):27.17	
O1):-0.826	O2):42.767	
Evaluations:	3300
O1):-0.775	O2):32.82	
O1):-0.808	O2):38.718	
O1):-0.855	O2):54.3	
O1):-0.836	O2):43.898	
O1):-0.832	O2):42.492	
O1):-0.836	O2):43.898	
O1):-0.742	O2):30.11	
O1):-0.805	O2):38.177	
O1):-0.775	O2):32.766	
O1):-0.768	O2):32.366	
O1):-0.765	O2):32.383	
O1):-0.829	O2):43.307	
O1):-0.781	O2):33.307	
O1):-0.783	O2):33.804	
O1):-0.77	O2):33.384	
O1):-0.85	O2):48.289	
O1):-0.789	O2):35.025	
O1):-0.774	O2):34.043	
O1):-0.818	O2):40.364	
O1):-0.792	O2):37.022	
O1):-0.789	O2):36.818	
O1):-0.792	O2):43.537	
O1):-0.845	O2):47.997	
O1):-0.799	O2):37.922	
O1):-0.826	O2):43.456	
O1):-0.783	O2):33.804	
O1):-0.786	O2):34.124	
O1):-0.825	O2):42.448	
O1):-0.777	O2):32.883	
O1):-0.75	O2):31.795	
O1):-0.779	O2):33.081	
O1):-0.714	O2):27.387	
O1):-0.776	O2):32.999	
O1):-0.859	O2):54.152	
O1):-0.862	O2):54.879	
O1):-0.808	O2):38.718	
O1):-0.842	O2):48.231	
O1):-0.756	O2):31.3	
O1):-0.751	O2):29.46	
O1):-0.79	O2):36.873	
O1):-0.714	O2):30.55	
O1):-0.775	O2):32.752	
O1):-0.788	O2):34.885	
O1):-0.789	O2):39.525	
O1):-0.845	O2):48.833	
O1):-0.789	O2):34.298	
O1):-0.669	O2):26.39	
O1):-0.818	O2):38.238	
O1):-0.759	O2):32.063	
O1):-0.818	O2):38.331	
Evaluations:	3500
O1):-0.711	O2):27.732	
Starting PrismExecutor worker 5 on port 11405
O1):-0.793	O2):34.702	
O1):-0.787	O2):34.052	
Connected worker 5 to port 11405
O1):-0.724	O2):28.31	
O1):-0.762	O2):32.11	
O1):-0.745	O2):31.241	
O1):-0.768	O2):33.089	
O1):-0.78	O2):33.427	
O1):-0.821	O2):38.901	
O1):-0.72	O2):28.124	
O1):-0.786	O2):33.922	
O1):-0.815	O2):37.723	
O1):-0.75	O2):32.595	
O1):-0.763	O2):32.196	
O1):-0.739	O2):29.301	
O1):-0.8	O2):37.51	
O1):-0.824	O2):42.361	
O1):-0.826	O2):43.461	
O1):-0.851	O2):49.988	
O1):-0.776	O2):32.931	
O1):-0.837	O2):44.352	
O1):-0.72	O2):27.772	
O1):-0.792	O2):37.773	
O1):-0.811	O2):38.981	
O1):-0.705	O2):27.464	
O1):-0.815	O2):39.866	
O1):-0.862	O2):54.097	
O1):-0.766	O2):33.706	
O1):-0.775	O2):35.771	
O1):-0.759	O2):33.455	
O1):-0.775	O2):35.795	
O1):-0.7	O2):27.06	
O1):-0.789	O2):34.978	
O1):-0.739	O2):32.729	
O1):-0.776	O2):32.872	
O1):-0.738	O2):29.125	
O1):-0.782	O2):33.829	
O1):-0.72	O2):27.719	
O1):-0.754	O2):31.3	
O1):-0.787	O2):34.216	
O1):-0.703	O2):27.731	
O1):-0.702	O2):27.095	
O1):-0.675	O2):26.801	
O1):-0.818	O2):38.238	
O1):-0.756	O2):31.3	
O1):-0.772	O2):32.407	
O1):-0.844	O2):48.463	
O1):-0.772	O2):40.943	
O1):-0.777	O2):32.883	
O1):-0.779	O2):33.033	
O1):-0.792	O2):43.537	
O1):-0.719	O2):28.198	
O1):-0.758	O2):31.886	
O1):-0.7	O2):26.896	
O1):-0.835	O2):45.338	
O1):-0.764	O2):32.294	
O1):-0.747	O2):31.171	
O1):-0.77	O2):32.927	
O1):-0.775	O2):32.492	
O1):-0.777	O2):32.814	
O1):-0.772	O2):32.516	
O1):-0.74	O2):29.438	
O1):-0.727	O2):30.895	
O1):-0.833	O2):43.779	
O1):-0.772	O2):40.886	
O1):-0.817	O2):37.908	
O1):-0.836	O2):44.082	
O1):-0.861	O2):54.501	
O1):-0.74	O2):29.437	
O1):-0.858	O2):54.129	
O1):-0.815	O2):39.782	
O1):-0.702	O2):27.132	
O1):-0.726	O2):28.797	
O1):-0.793	O2):34.579	
O1):-0.859	O2):54.24	
O1):-0.785	O2):33.787	
O1):-0.815	O2):37.794	
O1):-0.744	O2):31.164	
O1):-0.758	O2):33.275	
O1):-0.765	O2):32.567	
O1):-0.764	O2):32.141	
O1):-0.793	O2):36.449	
O1):-0.855	O2):54.3	
O1):-0.792	O2):35.278	
O1):-0.694	O2):26.539	
O1):-0.782	O2):33.573	
O1):-0.722	O2):28.523	
O1):-0.833	O2):42.511	
O1):-0.759	O2):33.545	
O1):-0.76	O2):31.642	
O1):-0.767	O2):33.288	
O1):-0.828	O2):43.171	
O1):-0.862	O2):54.879	
O1):-0.772	O2):32.946	
O1):-0.754	O2):31.579	
O1):-0.758	O2):33.472	
O1):-0.853	O2):49.17	
O1):-0.799	O2):37.922	
O1):-0.671	O2):26.524	
O1):-0.702	O2):27.276	
O1):-0.802	O2):43.607	
O1):-0.834	O2):42.92	
O1):-0.853	O2):49.184	
O1):-0.834	O2):43.621	
O1):-0.849	O2):47.981	
O1):-0.786	O2):33.922	
O1):-0.838	O2):49.339	
Starting PrismExecutor worker 2 on port 11452
O1):-0.756	O2):31.3	
O1):-0.719	O2):28.104	
Connected worker 2 to port 11452
O1):-0.74	O2):31.024	
O1):-0.772	O2):33.522	
O1):-0.826	O2):43.456	
O1):-0.831	O2):44.553	
O1):-0.821	O2):38.901	
O1):-0.834	O2):43.835	
O1):-0.707	O2):27.468	
O1):-0.745	O2):31.283	
O1):-0.724	O2):28.351	
O1):-0.768	O2):32.789	
O1):-0.849	O2):47.981	
O1):-0.853	O2):49.17	
O1):-0.762	O2):31.988	
O1):-0.724	O2):28.31	
O1):-0.834	O2):44.935	
O1):-0.787	O2):34.03	
O1):-0.845	O2):48.834	
O1):-0.705	O2):27.809	
O1):-0.845	O2):49.994	
O1):-0.836	O2):44.352	
O1):-0.791	O2):34.327	
O1):-0.775	O2):34.075	
O1):-0.764	O2):32.147	
O1):-0.74	O2):34.873	
O1):-0.858	O2):53.184	
O1):-0.845	O2):49.265	
O1):-0.85	O2):48.565	
O1):-0.72	O2):27.974	
O1):-0.798	O2):37.753	
O1):-0.79	O2):34.816	
O1):-0.77	O2):32.978	
Evaluations:	3300
O1):-0.833	O2):44.891	
O1):-0.776	O2):37.764	
O1):-0.842	O2):47.183	
O1):-0.761	O2):31.957	
O1):-0.671	O2):26.525	
O1):-0.754	O2):31.579	
O1):-0.782	O2):33.772	
O1):-0.788	O2):37.354	
O1):-0.754	O2):31.3	
O1):-0.797	O2):34.669	
Evaluations:	3200
O1):-0.802	O2):37.854	
O1):-0.85	O2):48.083	
O1):-0.705	O2):27.17	
O1):-0.764	O2):32.176	
O1):-0.799	O2):37.404	
O1):-0.836	O2):43.898	
O1):-0.85	O2):48.083	
O1):-0.722	O2):28.523	
O1):-0.748	O2):31.344	
O1):-0.818	O2):38.512	
O1):-0.862	O2):54.097	
O1):-0.81	O2):38.711	
O1):-0.767	O2):32.577	
O1):-0.72	O2):27.749	
O1):-0.833	O2):43.471	
O1):-0.775	O2):36.511	
O1):-0.7	O2):27.06	
O1):-0.671	O2):26.53	
O1):-0.775	O2):32.83	
O1):-0.69	O2):27.279	
O1):-0.835	O2):43.831	
O1):-0.721	O2):27.772	
O1):-0.776	O2):32.792	
O1):-0.77	O2):33.353	
O1):-0.796	O2):36.558	
O1):-0.782	O2):33.831	
O1):-0.737	O2):28.24	
O1):-0.815	O2):39.782	
O1):-0.809	O2):38.639	
O1):-0.674	O2):26.732	
O1):-0.825	O2):42.452	
O1):-0.762	O2):32.12	
O1):-0.859	O2):54.152	
O1):-0.812	O2):39.998	
O1):-0.823	O2):43.134	
O1):-0.785	O2):33.852	
O1):-0.799	O2):37.292	
O1):-0.813	O2):39.311	
O1):-0.76	O2):31.994	
O1):-0.787	O2):34.052	
O1):-0.785	O2):34.699	
O1):-0.745	O2):31.241	
O1):-0.783	O2):33.625	
O1):-0.762	O2):32.134	
O1):-0.711	O2):27.732	
O1):-0.767	O2):33.12	
O1):-0.748	O2):31.345	
O1):-0.723	O2):29.47	
O1):-0.7	O2):26.896	
Starting PrismExecutor worker 0 on port 11450
O1):-0.748	O2):32.079	
O1):-0.793	O2):37.244	
Connected worker 0 to port 11450
O1):-0.671	O2):26.478	
O1):-0.803	O2):38.046	
O1):-0.837	O2):44.493	
O1):-0.819	O2):44.781	
O1):-0.779	O2):33.578	
O1):-0.675	O2):26.801	
O1):-0.818	O2):38.294	
O1):-0.779	O2):33.569	
O1):-0.71	O2):27.663	
O1):-0.789	O2):39.424	
O1):-0.784	O2):33.959	
O1):-0.806	O2):37.941	
O1):-0.822	O2):39.208	
O1):-0.74	O2):29.437	
O1):-0.855	O2):54.3	
O1):-0.8	O2):38.444	
O1):-0.762	O2):33.781	
O1):-0.718	O2):27.453	
O1):-0.743	O2):30.093	
O1):-0.796	O2):34.915	
O1):-0.722	O2):27.818	
O1):-0.757	O2):33.125	
O1):-0.766	O2):32.638	
O1):-0.782	O2):33.77	
Evaluations:	3300
O1):-0.829	O2):43.493	
O1):-0.792	O2):43.537	
O1):-0.721	O2):27.723	
O1):-0.84	O2):48.237	
O1):-0.763	O2):32.276	
O1):-0.774	O2):36.438	
O1):-0.824	O2):42.425	
O1):-0.739	O2):30.969	
O1):-0.819	O2):38.425	
O1):-0.763	O2):40.287	
O1):-0.745	O2):31.283	
O1):-0.775	O2):32.27	
O1):-0.707	O2):27.469	
O1):-0.818	O2):38.238	
O1):-0.828	O2):48.214	
O1):-0.705	O2):27.464	
O1):-0.787	O2):39.345	
O1):-0.76	O2):31.646	
O1):-0.724	O2):29.231	
O1):-0.833	O2):43.589	
O1):-0.781	O2):33.775	
O1):-0.76	O2):31.729	
O1):-0.773	O2):32.482	
O1):-0.767	O2):32.662	
O1):-0.738	O2):29.128	
O1):-0.837	O2):44.534	
O1):-0.79	O2):34.816	
O1):-0.819	O2):38.575	
O1):-0.703	O2):27.683	
O1):-0.8	O2):37.204	
O1):-0.782	O2):33.93	
O1):-0.768	O2):33.133	
O1):-0.836	O2):45.44	
O1):-0.748	O2):32.519	
O1):-0.809	O2):38.635	
O1):-0.727	O2):28.924	
O1):-0.802	O2):37.675	
O1):-0.755	O2):31.348	
O1):-0.777	O2):36.046	
O1):-0.809	O2):38.639	
O1):-0.852	O2):50.137	
O1):-0.788	O2):34.885	
O1):-0.8	O2):37.204	
O1):-0.764	O2):32.141	
O1):-0.763	O2):34.054	
O1):-0.819	O2):38.642	
O1):-0.749	O2):31.554	
O1):-0.742	O2):30.129	
O1):-0.834	O2):43.63	
O1):-0.778	O2):33.154	
O1):-0.701	O2):27.211	
O1):-0.763	O2):32.279	
O1):-0.759	O2):32.063	
O1):-0.798	O2):34.907	
O1):-0.76	O2):31.684	
O1):-0.751	O2):32.278	
O1):-0.76	O2):31.776	
O1):-0.809	O2):38.958	
O1):-0.8	O2):35.489	
O1):-0.816	O2):37.965	
O1):-0.814	O2):39.666	
O1):-0.746	O2):32.115	
O1):-0.74	O2):31.194	
O1):-0.8	O2):38.888	
O1):-0.811	O2):39.45	
O1):-0.756	O2):33.173	
O1):-0.74	O2):31.194	
O1):-0.702	O2):27.095	
O1):-0.844	O2):49.129	
Starting PrismExecutor worker 3 on port 11453
O1):-0.775	O2):32.83	
O1):-0.814	O2):37.705	
O1):-0.754	O2):31.3	
O1):-0.754	O2):31.3	
Connected worker 3 to port 11453
O1):-0.793	O2):34.746	
O1):-0.749	O2):31.425	
O1):-0.836	O2):43.898	
O1):-0.806	O2):37.939	
O1):-0.764	O2):32.294	
O1):-0.785	O2):33.852	
O1):-0.714	O2):27.387	
O1):-0.839	O2):49.316	
O1):-0.719	O2):28.197	
O1):-0.801	O2):38.175	
O1):-0.833	O2):42.511	
O1):-0.785	O2):33.795	
O1):-0.778	O2):33.221	
O1):-0.789	O2):34.114	
O1):-0.724	O2):28.31	
O1):-0.784	O2):33.883	
O1):-0.836	O2):45.49	
O1):-0.603	O2):22.374	
O1):-0.786	O2):33.628	
O1):-0.851	O2):49.951	
O1):-0.781	O2):48.777	
O1):-0.746	O2):31.244	
O1):-0.826	O2):42.582	
O1):-0.809	O2):38.635	
O1):-0.79	O2):37.405	
O1):-0.707	O2):27.414	
O1):-0.72	O2):27.771	
O1):-0.723	O2):28.736	
O1):-0.797	O2):34.667	
O1):-0.794	O2):36.966	
O1):-0.798	O2):34.763	
O1):-0.844	O2):49.85	
O1):-0.842	O2):48.557	
O1):-0.837	O2):48.124	
O1):-0.802	O2):37.675	
O1):-0.721	O2):28.519	
O1):-0.716	O2):27.784	
O1):-0.721	O2):27.723	
O1):-0.776	O2):32.588	
O1):-0.8	O2):37.204	
O1):-0.722	O2):27.818	
O1):-0.719	O2):27.749	
O1):-0.832	O2):43.282	
O1):-0.701	O2):26.956	
Evaluations:	3700
O1):-0.825	O2):42.495	
O1):-0.761	O2):31.907	
O1):-0.772	O2):33.509	
O1):-0.738	O2):29.125	
O1):-0.765	O2):32.192	
O1):-0.837	O2):44.493	
O1):-0.862	O2):54.879	
O1):-0.809	O2):38.635	
O1):-0.804	O2):42.084	
O1):-0.762	O2):32.387	
O1):-0.698	O2):27.082	
O1):-0.829	O2):43.498	
O1):-0.814	O2):46.258	
O1):-0.828	O2):53.177	
O1):-0.671	O2):26.524	
O1):-0.778	O2):32.967	
O1):-0.793	O2):34.702	
O1):-0.81	O2):38.782	
O1):-0.818	O2):38.294	
O1):-0.78	O2):33.564	
O1):-0.754	O2):31.3	
O1):-0.834	O2):43.609	
O1):-0.708	O2):27.775	
O1):-0.676	O2):27.635	
O1):-0.804	O2):38.14	
O1):-0.739	O2):30.969	
O1):-0.792	O2):36.315	
O1):-0.836	O2):43.359	
O1):-0.817	O2):37.935	
O1):-0.78	O2):33.42	
O1):-0.818	O2):40.529	
O1):-0.799	O2):34.993	
O1):-0.773	O2):32.47	
O1):-0.761	O2):31.907	
O1):-0.802	O2):45.832	
O1):-0.802	O2):39.386	
O1):-0.78	O2):33.261	
O1):-0.833	O2):42.511	
O1):-0.816	O2):38.961	
O1):-0.76	O2):31.81	
O1):-0.671	O2):26.488	
O1):-0.807	O2):38.477	
O1):-0.71	O2):27.636	
O1):-0.795	O2):34.171	
O1):-0.844	O2):48.462	
O1):-0.779	O2):33.518	
O1):-0.841	O2):48.057	
O1):-0.705	O2):27.416	
Starting PrismExecutor worker 5 on port 11445
O1):-0.689	O2):27.022	
O1):-0.842	O2):47.395	
O1):-0.808	O2):38.496	
Connected worker 5 to port 11445
O1):-0.718	O2):27.758	
O1):-0.801	O2):35.579	
O1):-0.818	O2):48.565	
O1):-0.809	O2):38.987	
O1):-0.781	O2):33.384	
O1):-0.738	O2):29.125	
O1):-0.768	O2):33.122	
O1):-0.778	O2):33.154	
O1):-0.718	O2):27.758	
O1):-0.795	O2):37.998	
O1):-0.788	O2):33.776	
O1):-0.695	O2):26.733	
O1):-0.759	O2):31.982	
O1):-0.782	O2):33.495	
O1):-0.762	O2):31.819	
O1):-0.737	O2):28.24	
O1):-0.705	O2):34.513	
O1):-0.816	O2):37.829	
O1):-0.767	O2):32.728	
O1):-0.8	O2):37.735	
O1):-0.723	O2):28.226	
O1):-0.788	O2):34.212	
O1):-0.765	O2):32.224	
O1):-0.844	O2):49.852	
O1):-0.82	O2):38.706	
O1):-0.785	O2):33.748	
O1):-0.796	O2):37.865	
O1):-0.769	O2):32.386	
O1):-0.719	O2):29.316	
O1):-0.772	O2):32.726	
O1):-0.721	O2):27.723	
O1):-0.799	O2):41.85	
O1):-0.808	O2):41.573	
O1):-0.701	O2):26.897	
O1):-0.8	O2):35.488	
O1):-0.714	O2):28.432	
O1):-0.802	O2):37.854	
O1):-0.81	O2):39.033	
O1):-0.793	O2):34.477	
O1):-0.818	O2):40.529	
O1):-0.794	O2):37.72	
O1):-0.817	O2):40.365	
O1):-0.833	O2):43.471	
O1):-0.738	O2):29.178	
O1):-0.788	O2):34.355	
O1):-0.749	O2):32.393	
O1):-0.827	O2):45.091	
O1):-0.807	O2):38.093	
O1):-0.783	O2):36.27	
O1):-0.768	O2):32.789	
O1):-0.707	O2):28.156	
O1):-0.705	O2):27.749	
O1):-0.708	O2):27.412	
O1):-0.834	O2):43.609	
O1):-0.776	O2):32.931	
O1):-0.76	O2):33.716	
O1):-0.695	O2):26.733	
O1):-0.787	O2):34.052	
O1):-0.785	O2):34.699	
O1):-0.785	O2):38.125	
O1):-0.746	O2):30.2	
O1):-0.782	O2):33.283	
O1):-0.774	O2):32.774	
O1):-0.826	O2):42.577	
O1):-0.762	O2):31.988	
O1):-0.761	O2):31.763	
O1):-0.788	O2):39.606	
O1):-0.762	O2):31.819	
O1):-0.859	O2):53.205	
O1):-0.775	O2):32.579	
O1):-0.797	O2):34.759	
O1):-0.725	O2):28.176	
O1):-0.776	O2):33.043	
O1):-0.845	O2):48.833	
O1):-0.725	O2):30.859	
O1):-0.777	O2):37.852	
O1):-0.793	O2):44.347	
O1):-0.844	O2):48.644	
O1):-0.709	O2):28.523	
O1):-0.794	O2):38.377	
O1):-0.797	O2):35.488	
O1):-0.837	O2):44.493	
O1):-0.801	O2):37.342	
O1):-0.643	O2):26.471	
O1):-0.76	O2):31.766	
O1):-0.692	O2):30.712	
O1):-0.777	O2):32.883	
O1):-0.725	O2):30.86	
O1):-0.861	O2):54.862	
O1):-0.689	O2):27.022	
O1):-0.724	O2):28.31	
O1):-0.807	O2):38.537	
O1):-0.82	O2):38.697	
O1):-0.825	O2):42.498	
O1):-0.813	O2):39.311	
O1):-0.834	O2):43.632	
O1):-0.761	O2):31.907	
Starting PrismExecutor worker 3 on port 11483
Starting PrismExecutor worker 4 on port 11474
O1):-0.705	O2):27.416	
Connected worker 3 to port 11483
Connected worker 4 to port 11474
O1):-0.748	O2):31.344	
O1):-0.729	O2):29.067	
O1):-0.763	O2):32.276	
O1):-0.641	O2):26.353	
O1):-0.78	O2):33.601	
O1):-0.842	O2):48.532	
O1):-0.789	O2):34.29	
O1):-0.817	O2):40.32	
O1):-0.711	O2):27.732	
O1):-0.838	O2):44.672	
O1):-0.803	O2):41.826	
O1):-0.759	O2):32.006	
O1):-0.774	O2):32.683	
O1):-0.819	O2):38.661	
O1):-0.789	O2):35.096	
O1):-0.78	O2):45.922	
O1):-0.818	O2):42.493	
O1):-0.789	O2):35.096	
O1):-0.744	O2):30.239	
O1):-0.833	O2):43.28	
O1):-0.782	O2):33.829	
O1):-0.827	O2):45.234	
O1):-0.815	O2):37.793	
O1):-0.832	O2):43.262	
O1):-0.78	O2):33.583	
O1):-0.825	O2):42.782	
Evaluations:	3500
O1):-0.728	O2):31.053	
Evaluations:	3100
O1):-0.779	O2):33.033	
O1):-0.817	O2):38.23	
O1):-0.802	O2):39.404	
O1):-0.782	O2):33.344	
O1):-0.791	O2):34.183	
O1):-0.855	O2):54.3	
O1):-0.761	O2):31.907	
O1):-0.801	O2):45.724	
O1):-0.777	O2):32.883	
O1):-0.777	O2):33.017	
O1):-0.723	O2):28.313	
O1):-0.772	O2):32.935	
O1):-0.808	O2):40.837	
O1):-0.709	O2):27.667	
O1):-0.65	O2):26.181	
O1):-0.719	O2):27.717	
O1):-0.798	O2):34.974	
O1):-0.761	O2):31.907	
O1):-0.737	O2):28.24	
O1):-0.697	O2):26.849	
O1):-0.785	O2):33.759	
O1):-0.762	O2):32.107	
O1):-0.859	O2):53.205	
O1):-0.814	O2):39.666	
O1):-0.791	O2):33.807	
O1):-0.79	O2):33.768	
O1):-0.703	O2):27.684	
O1):-0.774	O2):32.841	
O1):-0.641	O2):26.353	
O1):-0.753	O2):32.808	
O1):-0.741	O2):31.166	
O1):-0.671	O2):26.488	
O1):-0.714	O2):27.387	
O1):-0.708	O2):27.431	
O1):-0.858	O2):53.864	
O1):-0.781	O2):33.32	
O1):-0.781	O2):33.32	
O1):-0.832	O2):43.243	
O1):-0.776	O2):32.872	
O1):-0.763	O2):34.358	
O1):-0.801	O2):37.437	
O1):-0.841	O2):48.462	
O1):-0.791	O2):34.955	
O1):-0.839	O2):49.312	
O1):-0.748	O2):32.523	
O1):-0.754	O2):31.579	
O1):-0.803	O2):38.041	
O1):-0.698	O2):27.082	
O1):-0.747	O2):32.318	
O1):-0.603	O2):22.374	
O1):-0.761	O2):31.957	
O1):-0.833	O2):42.511	
O1):-0.806	O2):38.272	
O1):-0.747	O2):30.451	
O1):-0.761	O2):31.763	
O1):-0.826	O2):43.905	
O1):-0.774	O2):31.959	
O1):-0.726	O2):30.916	
O1):-0.756	O2):31.62	
O1):-0.789	O2):33.991	
O1):-0.774	O2):32.962	
O1):-0.759	O2):31.611	
O1):-0.786	O2):34.229	
O1):-0.709	O2):27.667	
O1):-0.738	O2):29.125	
O1):-0.701	O2):26.956	
O1):-0.817	O2):40.228	
O1):-0.814	O2):39.705	
O1):-0.694	O2):27.516	
O1):-0.793	O2):35.294	
O1):-0.788	O2):34.738	
O1):-0.813	O2):39.311	
O1):-0.737	O2):28.372	
O1):-0.688	O2):31.095	
O1):-0.708	O2):27.431	
O1):-0.788	O2):33.776	
O1):-0.779	O2):33.111	
O1):-0.78	O2):33.498	
O1):-0.818	O2):38.344	
O1):-0.707	O2):27.414	
O1):-0.778	O2):33.154	
O1):-0.756	O2):31.3	
O1):-0.84	O2):48.237	
O1):-0.82	O2):38.697	
O1):-0.765	O2):34.058	
O1):-0.836	O2):45.44	
O1):-0.78	O2):33.261	
O1):-0.697	O2):26.794	
O1):-0.777	O2):36.166	
O1):-0.836	O2):44.075	
O1):-0.706	O2):27.516	
O1):-0.784	O2):33.959	
O1):-0.706	O2):28.283	
O1):-0.741	O2):31.194	
O1):-0.791	O2):33.807	
O1):-0.82	O2):38.706	
O1):-0.719	O2):27.743	
O1):-0.773	O2):33.561	
O1):-0.759	O2):31.537	
O1):-0.771	O2):33.981	
O1):-0.744	O2):30.239	
O1):-0.842	O2):48.077	
O1):-0.836	O2):44.54	
O1):-0.778	O2):37.91	
O1):-0.72	O2):27.768	
O1):-0.791	O2):34.183	
O1):-0.758	O2):31.393	
O1):-0.756	O2):31.3	
O1):-0.858	O2):53.184	
O1):-0.801	O2):42.876	
O1):-0.696	O2):26.818	
O1):-0.798	O2):37.154	
O1):-0.749	O2):31.379	
O1):-0.76	O2):31.862	
O1):-0.798	O2):34.974	
O1):-0.745	O2):31.233	
O1):-0.723	O2):29.366	
O1):-0.782	O2):33.285	
O1):-0.843	O2):48.505	
O1):-0.797	O2):35.741	
O1):-0.795	O2):35.52	
O1):-0.726	O2):27.335	
O1):-0.816	O2):40.202	
O1):-0.754	O2):31.579	
O1):-0.791	O2):33.85	
O1):-0.757	O2):33.13	
O1):-0.703	O2):27.683	
O1):-0.762	O2):32.178	
O1):-0.671	O2):26.53	
O1):-0.776	O2):32.762	
O1):-0.859	O2):53.205	
O1):-0.723	O2):28.763	
O1):-0.82	O2):38.697	
O1):-0.825	O2):42.607	
O1):-0.759	O2):31.611	
O1):-0.767	O2):33.103	
O1):-0.738	O2):29.125	
O1):-0.785	O2):34.699	
O1):-0.76	O2):31.684	
O1):-0.829	O2):43.493	
O1):-0.725	O2):28.176	
O1):-0.641	O2):26.353	
O1):-0.742	O2):30.111	
O1):-0.728	O2):28.92	
O1):-0.843	O2):49.412	
O1):-0.793	O2):34.477	
O1):-0.762	O2):31.988	
O1):-0.794	O2):36.966	
O1):-0.834	O2):43.835	
O1):-0.855	O2):54.3	
O1):-0.757	O2):33.555	
O1):-0.763	O2):32.196	
O1):-0.836	O2):43.523	
O1):-0.844	O2):48.463	
O1):-0.784	O2):33.771	
O1):-0.799	O2):37.294	
O1):-0.762	O2):31.819	
O1):-0.823	O2):43.134	
O1):-0.802	O2):37.854	
O1):-0.748	O2):31.344	
O1):-0.837	O2):44.493	
O1):-0.81	O2):39.033	
O1):-0.815	O2):37.717	
Starting PrismExecutor worker 5 on port 11475
Starting PrismExecutor worker 2 on port 11482
O1):-0.8	O2):37.532	
Connected worker 5 to port 11475
Connected worker 2 to port 11482
O1):-0.82	O2):38.697	
O1):-0.761	O2):31.922	
O1):-0.817	O2):38.107	
O1):-0.778	O2):33.484	
O1):-0.811	O2):38.981	
O1):-0.816	O2):37.744	
O1):-0.719	O2):27.717	
O1):-0.762	O2):31.819	
O1):-0.776	O2):32.846	
O1):-0.859	O2):53.205	
O1):-0.7	O2):27.06	
O1):-0.756	O2):31.3	
O1):-0.757	O2):31.564	
O1):-0.76	O2):31.765	
O1):-0.763	O2):33.362	
O1):-0.705	O2):27.749	
O1):-0.788	O2):37.359	
O1):-0.789	O2):34.978	
O1):-0.839	O2):49.312	
O1):-0.761	O2):31.907	
O1):-0.825	O2):42.474	
O1):-0.777	O2):32.814	
O1):-0.735	O2):28.648	
O1):-0.781	O2):33.384	
O1):-0.861	O2):54.862	
O1):-0.782	O2):33.68	
O1):-0.788	O2):34.437	
O1):-0.794	O2):37.034	
O1):-0.811	O2):39.425	
O1):-0.825	O2):42.447	
O1):-0.79	O2):33.778	
O1):-0.837	O2):44.493	
O1):-0.806	O2):37.939	
O1):-0.731	O2):27.939	
O1):-0.813	O2):39.311	
O1):-0.833	O2):42.701	
O1):-0.714	O2):27.387	
O1):-0.778	O2):36.553	
O1):-0.767	O2):32.681	
O1):-0.777	O2):32.814	
O1):-0.754	O2):31.579	
O1):-0.806	O2):38.431	
O1):-0.826	O2):42.912	
O1):-0.791	O2):35.184	
O1):-0.859	O2):54.388	
O1):-0.702	O2):27.51	
O1):-0.671	O2):26.524	
O1):-0.717	O2):28.74	
O1):-0.806	O2):38.873	
O1):-0.859	O2):54.24	
O1):-0.705	O2):27.464	
O1):-0.749	O2):31.554	
O1):-0.793	O2):34.55	
O1):-0.801	O2):42.876	
O1):-0.789	O2):34.834	
O1):-0.825	O2):42.495	
O1):-0.799	O2):37.404	
O1):-0.796	O2):37.841	
O1):-0.84	O2):47.921	
O1):-0.786	O2):34.086	
O1):-0.833	O2):45.077	
O1):-0.801	O2):35.604	
O1):-0.815	O2):37.717	
O1):-0.748	O2):31.344	
O1):-0.776	O2):32.997	
O1):-0.784	O2):33.588	
O1):-0.769	O2):38.212	
O1):-0.858	O2):54.129	
O1):-0.817	O2):38.107	
O1):-0.701	O2):26.869	
O1):-0.792	O2):37.825	
O1):-0.816	O2):37.915	
O1):-0.827	O2):43.463	
O1):-0.815	O2):37.742	
O1):-0.674	O2):26.743	
O1):-0.767	O2):32.577	
O1):-0.85	O2):49.728	
O1):-0.641	O2):26.353	
O1):-0.777	O2):33.371	
O1):-0.761	O2):31.956	
O1):-0.784	O2):33.654	
O1):-0.853	O2):50.524	
O1):-0.797	O2):34.671	
O1):-0.837	O2):44.139	
O1):-0.757	O2):33.342	
O1):-0.705	O2):27.17	
Evaluations:	3400
O1):-0.721	O2):27.803	
O1):-0.811	O2):38.981	
O1):-0.701	O2):26.897	
O1):-0.775	O2):32.824	
O1):-0.798	O2):34.763	
O1):-0.814	O2):39.764	
O1):-0.723	O2):28.313	
O1):-0.724	O2):29.231	
O1):-0.728	O2):28.92	
O1):-0.806	O2):38.149	
O1):-0.73	O2):31.24	
O1):-0.85	O2):48.083	
O1):-0.795	O2):34.733	
O1):-0.827	O2):42.997	
O1):-0.703	O2):27.731	
O1):-0.746	O2):28.939	
O1):-0.723	O2):28.205	
O1):-0.705	O2):27.416	
O1):-0.783	O2):33.923	
O1):-0.789	O2):34.331	
O1):-0.801	O2):37.645	
O1):-0.642	O2):26.414	
O1):-0.783	O2):33.732	
O1):-0.775	O2):32.792	
O1):-0.813	O2):39.311	
O1):-0.72	O2):27.772	
O1):-0.797	O2):35.741	
O1):-0.858	O2):53.184	
O1):-0.782	O2):33.285	
O1):-0.74	O2):31.028	
O1):-0.723	O2):27.996	
O1):-0.77	O2):33.063	
O1):-0.832	O2):43.546	
O1):-0.807	O2):38.537	
O1):-0.811	O2):39.526	
O1):-0.738	O2):29.125	
O1):-0.721	O2):28.491	
O1):-0.776	O2):33.043	
O1):-0.806	O2):38.272	
O1):-0.784	O2):33.889	
O1):-0.71	O2):28.353	
O1):-0.776	O2):34.34	
O1):-0.801	O2):37.521	
O1):-0.798	O2):38.29	
O1):-0.755	O2):31.348	
O1):-0.814	O2):37.683	
O1):-0.797	O2):35.488	
O1):-0.759	O2):31.591	
O1):-0.754	O2):31.3	
O1):-0.817	O2):40.228	
O1):-0.842	O2):47.136	
O1):-0.819	O2):38.575	
O1):-0.83	O2):53.633	
O1):-0.722	O2):27.818	
O1):-0.762	O2):31.819	
O1):-0.784	O2):33.793	
O1):-0.824	O2):42.417	
O1):-0.779	O2):33.171	
O1):-0.845	O2):47.997	
O1):-0.834	O2):43.632	
O1):-0.737	O2):29.05	
O1):-0.643	O2):26.471	
O1):-0.793	O2):34.55	
O1):-0.75	O2):36.624	
O1):-0.7	O2):26.855	
O1):-0.761	O2):31.907	
O1):-0.777	O2):36.046	
O1):-0.796	O2):36.742	
O1):-0.775	O2):36.622	
O1):-0.784	O2):36.437	
O1):-0.798	O2):34.974	
O1):-0.706	O2):27.432	
O1):-0.675	O2):26.738	
O1):-0.714	O2):27.387	
O1):-0.749	O2):31.38	
O1):-0.721	O2):27.786	
O1):-0.841	O2):47.861	
O1):-0.748	O2):31.395	
O1):-0.763	O2):32.196	
O1):-0.697	O2):26.874	
O1):-0.79	O2):34.816	
O1):-0.859	O2):54.399	
O1):-0.8	O2):35.489	
O1):-0.825	O2):42.448	
O1):-0.671	O2):26.526	
O1):-0.791	O2):35.184	
O1):-0.863	O2):54.294	
O1):-0.801	O2):37.507	
O1):-0.775	O2):32.82	
O1):-0.789	O2):34.298	
O1):-0.762	O2):31.988	
O1):-0.799	O2):37.171	
O1):-0.801	O2):35.613	
O1):-0.824	O2):42.361	
O1):-0.85	O2):48.289	
O1):-0.73	O2):31.24	
O1):-0.759	O2):32.063	
O1):-0.816	O2):37.868	
O1):-0.842	O2):49.269	
O1):-0.845	O2):47.997	
O1):-0.723	O2):27.996	
O1):-0.82	O2):42.685	
O1):-0.85	O2):48.565	
O1):-0.833	O2):43.476	
O1):-0.742	O2):30.11	
O1):-0.776	O2):32.792	
O1):-0.777	O2):32.96	
O1):-0.759	O2):31.56	
O1):-0.79	O2):34.434	
O1):-0.853	O2):48.962	
O1):-0.769	O2):32.938	
O1):-0.718	O2):27.453	
O1):-0.754	O2):31.3	
O1):-0.775	O2):32.27	
Starting PrismExecutor worker 4 on port 11444
O1):-0.85	O2):48.289	
Connected worker 4 to port 11444
O1):-0.834	O2):42.915	
O1):-0.672	O2):26.709	
O1):-0.824	O2):42.417	
O1):-0.762	O2):32.249	
Evaluations:	3400
O1):-0.674	O2):26.732	
O1):-0.779	O2):33.171	
O1):-0.721	O2):27.786	
O1):-0.746	O2):30.384	
O1):-0.761	O2):32.115	
O1):-0.767	O2):32.913	
O1):-0.791	O2):33.807	
O1):-0.726	O2):28.73	
O1):-0.836	O2):44.159	
O1):-0.837	O2):44.139	
O1):-0.797	O2):34.669	
O1):-0.779	O2):33.569	
O1):-0.778	O2):33.154	
O1):-0.726	O2):28.73	
O1):-0.812	O2):39.283	
O1):-0.842	O2):49.268	
O1):-0.84	O2):48.237	
O1):-0.85	O2):48.289	
O1):-0.854	O2):58.579	
O1):-0.671	O2):26.488	
O1):-0.818	O2):38.331	
O1):-0.791	O2):34.415	
O1):-0.806	O2):38.149	
O1):-0.742	O2):30.11	
O1):-0.801	O2):37.437	
O1):-0.784	O2):33.654	
O1):-0.791	O2):33.807	
O1):-0.826	O2):42.582	
O1):-0.814	O2):39.627	
O1):-0.727	O2):28.924	
O1):-0.858	O2):53.865	
O1):-0.79	O2):34.253	
O1):-0.787	O2):34.87	
O1):-0.82	O2):38.942	
O1):-0.79	O2):34.169	
O1):-0.81	O2):39.033	
O1):-0.808	O2):38.496	
O1):-0.78	O2):33.498	
O1):-0.774	O2):32.962	
O1):-0.818	O2):40.529	
O1):-0.772	O2):33.528	
O1):-0.776	O2):32.999	
O1):-0.78	O2):33.498	
O1):-0.727	O2):28.924	
O1):-0.827	O2):43.506	
O1):-0.795	O2):34.733	
O1):-0.727	O2):28.746	
O1):-0.834	O2):43.609	
O1):-0.748	O2):31.395	
O1):-0.716	O2):27.812	
O1):-0.799	O2):37.404	
O1):-0.729	O2):29.067	
O1):-0.836	O2):45.44	
O1):-0.764	O2):32.294	
O1):-0.759	O2):32.063	
O1):-0.703	O2):27.152	
O1):-0.746	O2):30.154	
O1):-0.8	O2):37.433	
O1):-0.825	O2):42.504	
O1):-0.697	O2):26.828	
O1):-0.762	O2):32.106	
O1):-0.795	O2):34.652	
O1):-0.842	O2):48.231	
O1):-0.74	O2):31.086	
O1):-0.82	O2):38.706	
O1):-0.851	O2):48.584	
O1):-0.798	O2):36.904	
O1):-0.812	O2):39.264	
O1):-0.778	O2):33.421	
O1):-0.862	O2):54.879	
O1):-0.767	O2):33.103	
O1):-0.858	O2):54.129	
O1):-0.793	O2):35.575	
O1):-0.761	O2):31.98	
O1):-0.795	O2):37.121	
O1):-0.761	O2):32.108	
O1):-0.739	O2):30.895	
O1):-0.76	O2):31.766	
O1):-0.808	O2):38.718	
O1):-0.65	O2):26.181	
O1):-0.758	O2):31.394	
O1):-0.814	O2):39.627	
O1):-0.714	O2):27.387	
O1):-0.816	O2):39.894	
O1):-0.828	O2):43.366	
O1):-0.729	O2):29.067	
O1):-0.808	O2):38.718	
O1):-0.836	O2):45.44	
O1):-0.786	O2):34.124	
O1):-0.837	O2):44.513	
O1):-0.722	O2):27.742	
O1):-0.818	O2):40.622	
O1):-0.749	O2):31.704	
O1):-0.85	O2):48.289	
O1):-0.772	O2):32.725	
O1):-0.754	O2):31.3	
O1):-0.808	O2):38.3	
O1):-0.816	O2):37.759	
O1):-0.801	O2):37.618	
Starting PrismExecutor worker 5 on port 11465
Connected worker 5 to port 11465
O1):-0.754	O2):31.579	
O1):-0.762	O2):32.12	
O1):-0.765	O2):32.474	
O1):-0.784	O2):33.883	
O1):-0.766	O2):32.68	
O1):-0.843	O2):49.412	
O1):-0.697	O2):26.873	
O1):-0.782	O2):39.394	
Evaluations:	3400
O1):-0.789	O2):34.833	
O1):-0.749	O2):31.38	
Evaluations:	3100
O1):-0.701	O2):26.866	
O1):-0.845	O2):49.994	
O1):-0.772	O2):32.725	
O1):-0.815	O2):38.948	
O1):-0.771	O2):32.646	
O1):-0.719	O2):28.158	
O1):-0.763	O2):32.276	
O1):-0.701	O2):26.884	
O1):-0.844	O2):49.129	
O1):-0.783	O2):33.416	
O1):-0.757	O2):33.096	
O1):-0.825	O2):42.504	
O1):-0.751	O2):29.46	
O1):-0.797	O2):34.669	
O1):-0.781	O2):33.307	
O1):-0.828	O2):43.147	
O1):-0.8	O2):35.489	
O1):-0.719	O2):27.717	
O1):-0.842	O2):49.396	
O1):-0.703	O2):27.731	
O1):-0.779	O2):33.569	
O1):-0.701	O2):26.956	
O1):-0.84	O2):48.237	
O1):-0.724	O2):28.31	
O1):-0.801	O2):37.645	
O1):-0.842	O2):48.077	
O1):-0.808	O2):38.864	
O1):-0.67	O2):26.362	
O1):-0.716	O2):27.784	
O1):-0.745	O2):31.241	
O1):-0.829	O2):43.493	
O1):-0.823	O2):43.134	
O1):-0.717	O2):28.74	
O1):-0.84	O2):48.237	
O1):-0.792	O2):35.278	
O1):-0.671	O2):26.488	
O1):-0.779	O2):33.189	
Evaluations:	3600
O1):-0.721	O2):27.723	
O1):-0.837	O2):49.493	
O1):-0.785	O2):33.852	
O1):-0.696	O2):26.818	
O1):-0.793	O2):34.746	
O1):-0.825	O2):42.565	
O1):-0.844	O2):49.855	
O1):-0.791	O2):35.184	
O1):-0.807	O2):38.398	
O1):-0.767	O2):32.728	
O1):-0.783	O2):33.416	
O1):-0.746	O2):30.2	
O1):-0.836	O2):49.617	
O1):-0.762	O2):32.12	
O1):-0.776	O2):37.764	
O1):-0.836	O2):44.274	
O1):-0.725	O2):28.176	
O1):-0.75	O2):31.795	
O1):-0.748	O2):31.395	
O1):-0.772	O2):33.568	
O1):-0.818	O2):43.103	
O1):-0.834	O2):44.933	
O1):-0.723	O2):27.996	
O1):-0.671	O2):26.488	
O1):-0.768	O2):32.559	
O1):-0.758	O2):33.275	
O1):-0.786	O2):34.256	
O1):-0.819	O2):42.479	
O1):-0.756	O2):31.62	
O1):-0.838	O2):44.62	
O1):-0.761	O2):31.907	
O1):-0.81	O2):39.033	
O1):-0.761	O2):31.907	
O1):-0.761	O2):31.863	
O1):-0.818	O2):43.388	
O1):-0.725	O2):28.176	
O1):-0.842	O2):47.183	
O1):-0.813	O2):39.311	
Starting PrismExecutor worker 1 on port 11451
O1):-0.81	O2):39.033	
O1):-0.798	O2):34.907	
Connected worker 1 to port 11451
O1):-0.722	O2):27.742	
O1):-0.758	O2):31.886	
O1):-0.791	O2):37.174	
O1):-0.791	O2):34.543	
O1):-0.739	O2):30.888	
O1):-0.845	O2):49.335	
O1):-0.777	O2):32.911	
O1):-0.759	O2):31.56	
O1):-0.786	O2):33.613	
O1):-0.758	O2):31.886	
O1):-0.785	O2):38.224	
O1):-0.784	O2):33.883	
O1):-0.834	O2):43.609	
O1):-0.777	O2):32.911	
O1):-0.774	O2):32.682	
O1):-0.786	O2):34.002	
O1):-0.697	O2):26.849	
O1):-0.772	O2):32.517	
O1):-0.756	O2):36.78	
O1):-0.81	O2):38.73	
O1):-0.697	O2):26.873	
O1):-0.701	O2):27.2	
O1):-0.78	O2):33.583	
O1):-0.654	O2):26.44	
O1):-0.781	O2):33.265	
O1):-0.755	O2):33.11	
O1):-0.833	O2):43.471	
O1):-0.778	O2):33.005	
O1):-0.757	O2):36.407	
O1):-0.834	O2):45.125	
O1):-0.842	O2):47.183	
O1):-0.723	O2):28.761	
O1):-0.684	O2):30.606	
O1):-0.787	O2):34.59	
O1):-0.789	O2):44.513	
O1):-0.825	O2):42.498	
O1):-0.774	O2):32.683	
O1):-0.833	O2):43.476	
O1):-0.719	O2):28.164	
O1):-0.794	O2):34.572	
O1):-0.765	O2):33.525	
O1):-0.734	O2):32.297	
O1):-0.759	O2):31.537	
O1):-0.834	O2):48.993	
O1):-0.72	O2):27.974	
O1):-0.654	O2):26.423	
O1):-0.744	O2):30.239	
O1):-0.769	O2):32.572	
O1):-0.789	O2):35.096	
O1):-0.85	O2):48.083	
O1):-0.671	O2):26.525	
O1):-0.708	O2):27.431	
O1):-0.772	O2):33.971	
O1):-0.745	O2):31.241	
O1):-0.821	O2):38.901	
O1):-0.769	O2):32.844	
O1):-0.845	O2):49.994	
O1):-0.785	O2):38.76	
O1):-0.829	O2):43.493	
O1):-0.859	O2):54.24	
O1):-0.816	O2):37.853	
O1):-0.778	O2):33.184	
O1):-0.707	O2):27.414	
O1):-0.704	O2):27.131	
O1):-0.79	O2):34.217	
O1):-0.808	O2):39.051	
O1):-0.749	O2):31.513	
O1):-0.803	O2):38.041	
O1):-0.773	O2):32.425	
O1):-0.837	O2):44.534	
O1):-0.773	O2):32.424	
O1):-0.811	O2):39.498	
O1):-0.833	O2):43.476	
O1):-0.816	O2):37.868	
O1):-0.697	O2):26.873	
O1):-0.793	O2):44.363	
O1):-0.8	O2):38.432	
O1):-0.722	O2):27.818	
O1):-0.732	O2):31.36	
O1):-0.749	O2):33.461	
O1):-0.776	O2):33.043	
O1):-0.761	O2):31.839	
O1):-0.768	O2):32.789	
O1):-0.844	O2):48.462	
O1):-0.825	O2):42.473	
O1):-0.803	O2):38.041	
O1):-0.748	O2):31.395	
O1):-0.758	O2):31.393	
O1):-0.825	O2):43.441	
O1):-0.775	O2):35.576	
O1):-0.737	O2):29.05	
O1):-0.773	O2):33.816	
O1):-0.761	O2):31.922	
O1):-0.8	O2):35.489	
O1):-0.774	O2):33.854	
O1):-0.826	O2):43.456	
O1):-0.78	O2):33.26	
O1):-0.832	O2):42.503	
O1):-0.746	O2):28.939	
O1):-0.767	O2):34.478	
Starting PrismExecutor worker 1 on port 11481
Connected worker 1 to port 11481
O1):-0.795	O2):38.657	
O1):-0.852	O2):50.137	
O1):-0.791	O2):33.807	
O1):-0.643	O2):26.471	
O1):-0.799	O2):37.292	
O1):-0.719	O2):27.686	
O1):-0.776	O2):32.931	
O1):-0.835	O2):45.338	
O1):-0.748	O2):31.421	
O1):-0.776	O2):32.846	
O1):-0.78	O2):33.261	
O1):-0.765	O2):32.224	
O1):-0.797	O2):34.667	
O1):-0.815	O2):39.782	
O1):-0.776	O2):32.911	
O1):-0.825	O2):42.515	
O1):-0.738	O2):29.125	
O1):-0.724	O2):28.442	
O1):-0.794	O2):35.5	
O1):-0.705	O2):27.417	
Evaluations:	3300
O1):-0.761	O2):32.24	
O1):-0.816	O2):37.829	
O1):-0.643	O2):26.471	
O1):-0.776	O2):33.043	
O1):-0.722	O2):27.818	
O1):-0.697	O2):26.88	
O1):-0.7	O2):26.896	
O1):-0.837	O2):44.536	
O1):-0.791	O2):34.323	
O1):-0.762	O2):32.12	
O1):-0.721	O2):28.491	
O1):-0.85	O2):49.968	
O1):-0.788	O2):33.743	
O1):-0.808	O2):38.718	
O1):-0.863	O2):54.296	
O1):-0.797	O2):35.806	
O1):-0.81	O2):38.782	
O1):-0.773	O2):32.524	
O1):-0.72	O2):27.749	
O1):-0.794	O2):33.792	
O1):-0.785	O2):33.852	
O1):-0.77	O2):34.583	
O1):-0.703	O2):27.152	
O1):-0.792	O2):37.86	
O1):-0.78	O2):33.733	
O1):-0.78	O2):33.201	
O1):-0.859	O2):54.151	
O1):-0.859	O2):54.151	
O1):-0.806	O2):38.305	
O1):-0.683	O2):30.838	
O1):-0.758	O2):31.91	
O1):-0.78	O2):33.519	
O1):-0.816	O2):37.868	
O1):-0.795	O2):34.652	
O1):-0.85	O2):48.289	
O1):-0.72	O2):28.124	
O1):-0.833	O2):42.511	
O1):-0.784	O2):33.654	
Evaluations:	3800
O1):-0.842	O2):47.183	
O1):-0.751	O2):31.764	
O1):-0.803	O2):37.774	
O1):-0.773	O2):32.418	
O1):-0.747	O2):30.387	
O1):-0.819	O2):38.67	
O1):-0.767	O2):33.096	
O1):-0.709	O2):28.51	
O1):-0.798	O2):34.907	
O1):-0.756	O2):31.62	
O1):-0.779	O2):33.569	
O1):-0.78	O2):33.261	
O1):-0.81	O2):38.782	
O1):-0.76	O2):31.765	
O1):-0.82	O2):43.934	
O1):-0.777	O2):33.014	
O1):-0.762	O2):32.12	
O1):-0.723	O2):28.799	
O1):-0.759	O2):31.61	
O1):-0.757	O2):32.796	
O1):-0.674	O2):26.719	
O1):-0.775	O2):32.82	
O1):-0.703	O2):27.249	
O1):-0.804	O2):38.178	
O1):-0.751	O2):32.756	
O1):-0.782	O2):33.684	
O1):-0.767	O2):32.577	
O1):-0.809	O2):38.639	
O1):-0.776	O2):37.761	
O1):-0.819	O2):38.425	
O1):-0.797	O2):38.327	
O1):-0.697	O2):26.849	
O1):-0.776	O2):33.043	
O1):-0.781	O2):33.45	
O1):-0.815	O2):38.948	
O1):-0.818	O2):38.238	
Starting PrismExecutor worker 0 on port 11480
Connected worker 0 to port 11480
O1):-0.767	O2):32.662	
O1):-0.722	O2):27.742	
O1):-0.828	O2):43.016	
O1):-0.784	O2):36.445	
O1):-0.85	O2):53.986	
O1):-0.843	O2):48.505	
O1):-0.762	O2):32.12	
O1):-0.845	O2):47.997	
O1):-0.844	O2):48.641	
O1):-0.704	O2):27.191	
Evaluations:	3400
O1):-0.8	O2):37.42	
O1):-0.603	O2):22.374	
O1):-0.704	O2):27.131	
O1):-0.837	O2):44.534	
O1):-0.859	O2):54.24	
O1):-0.78	O2):33.261	
O1):-0.702	O2):27.51	
O1):-0.804	O2):38.139	
O1):-0.744	O2):30.239	
O1):-0.754	O2):32.877	
O1):-0.829	O2):43.498	
O1):-0.758	O2):31.393	
O1):-0.781	O2):33.45	
O1):-0.816	O2):39.001	
O1):-0.76	O2):31.671	
O1):-0.722	O2):28.536	
O1):-0.641	O2):26.353	
O1):-0.755	O2):31.618	
O1):-0.776	O2):33.043	
O1):-0.738	O2):29.178	
O1):-0.697	O2):26.873	
O1):-0.727	O2):28.889	
O1):-0.71	O2):27.626	
O1):-0.841	O2):47.942	
O1):-0.784	O2):33.654	
O1):-0.708	O2):27.412	
O1):-0.761	O2):31.908	
O1):-0.795	O2):34.137	
O1):-0.765	O2):32.224	
O1):-0.837	O2):44.536	
O1):-0.694	O2):26.539	
O1):-0.809	O2):38.635	
O1):-0.795	O2):37.121	
O1):-0.862	O2):54.879	
O1):-0.786	O2):34.116	
O1):-0.798	O2):35.853	
O1):-0.851	O2):49.954	
O1):-0.749	O2):31.379	
O1):-0.818	O2):40.529	
O1):-0.786	O2):33.613	
O1):-0.738	O2):29.125	
O1):-0.746	O2):30.384	
O1):-0.754	O2):32.721	
O1):-0.794	O2):34.588	
O1):-0.764	O2):32.294	
O1):-0.836	O2):43.898	
O1):-0.769	O2):33.341	
O1):-0.742	O2):30.11	
O1):-0.784	O2):34.254	
O1):-0.776	O2):32.761	
O1):-0.702	O2):27.132	
O1):-0.671	O2):26.488	
O1):-0.775	O2):32.27	
O1):-0.798	O2):36.904	
O1):-0.777	O2):33.072	
O1):-0.85	O2):48.565	
O1):-0.775	O2):32.483	
O1):-0.755	O2):31.618	
O1):-0.696	O2):26.818	
O1):-0.696	O2):26.818	
O1):-0.83	O2):43.592	
O1):-0.825	O2):42.474	
O1):-0.854	O2):58.578	
O1):-0.789	O2):34.29	
O1):-0.747	O2):30.387	
O1):-0.788	O2):33.776	
O1):-0.741	O2):31.303	
O1):-0.824	O2):43.174	
O1):-0.773	O2):32.571	
O1):-0.724	O2):28.3	
O1):-0.774	O2):32.683	
O1):-0.819	O2):38.459	
O1):-0.754	O2):31.3	
O1):-0.74	O2):29.437	
O1):-0.721	O2):27.772	
O1):-0.771	O2):32.646	
O1):-0.721	O2):27.723	
O1):-0.726	O2):28.73	
O1):-0.794	O2):35.5	
O1):-0.782	O2):33.776	
O1):-0.82	O2):38.697	
O1):-0.726	O2):28.73	
O1):-0.711	O2):27.732	
O1):-0.78	O2):33.583	
O1):-0.701	O2):26.956	
O1):-0.797	O2):35.806	
O1):-0.829	O2):43.493	
O1):-0.756	O2):31.555	
Starting PrismExecutor worker 3 on port 11413
O1):-0.772	O2):33.509	
O1):-0.801	O2):35.579	
Connected worker 3 to port 11413
O1):-0.697	O2):26.873	
O1):-0.749	O2):31.379	
O1):-0.833	O2):43.476	
O1):-0.784	O2):33.588	
O1):-0.777	O2):32.883	
O1):-0.829	O2):43.302	
O1):-0.776	O2):32.875	
O1):-0.834	O2):43.63	
O1):-0.769	O2):38.212	
O1):-0.837	O2):44.536	
O1):-0.842	O2):48.077	
O1):-0.79	O2):34.606	
O1):-0.814	O2):37.664	
O1):-0.809	O2):38.639	
O1):-0.822	O2):39.172	
O1):-0.78	O2):33.62	
O1):-0.808	O2):38.496	
O1):-0.832	O2):43.282	
O1):-0.784	O2):33.647	
O1):-0.815	O2):39.816	
O1):-0.816	O2):37.985	
O1):-0.816	O2):37.868	
O1):-0.671	O2):26.488	
O1):-0.834	O2):48.401	
O1):-0.698	O2):27.082	
O1):-0.797	O2):36.874	
O1):-0.834	O2):43.835	
O1):-0.828	O2):43.362	
O1):-0.794	O2):36.591	
O1):-0.844	O2):48.641	
O1):-0.845	O2):47.997	
O1):-0.759	O2):31.982	
O1):-0.777	O2):33.017	
O1):-0.838	O2):49.288	
O1):-0.789	O2):37.134	
O1):-0.724	O2):28.31	
O1):-0.701	O2):26.869	
O1):-0.777	O2):34.406	
O1):-0.833	O2):42.511	
O1):-0.704	O2):27.209	
O1):-0.78	O2):33.619	
O1):-0.803	O2):38.046	
O1):-0.723	O2):28.313	
O1):-0.721	O2):28.278	
O1):-0.801	O2):37.628	
O1):-0.783	O2):33.578	
O1):-0.708	O2):27.412	
O1):-0.851	O2):48.627	
O1):-0.833	O2):43.492	
O1):-0.859	O2):54.388	
O1):-0.859	O2):54.151	
O1):-0.837	O2):44.139	
O1):-0.839	O2):49.312	
O1):-0.673	O2):26.867	
O1):-0.782	O2):33.681	
O1):-0.761	O2):31.956	
O1):-0.772	O2):32.74	
O1):-0.818	O2):40.364	
O1):-0.778	O2):33.154	
O1):-0.706	O2):27.588	
O1):-0.772	O2):32.407	
O1):-0.761	O2):32.24	
O1):-0.834	O2):48.401	
O1):-0.723	O2):28.314	
O1):-0.768	O2):32.366	
O1):-0.842	O2):48.231	
O1):-0.754	O2):35.258	
O1):-0.762	O2):31.819	
O1):-0.77	O2):34.905	
O1):-0.76	O2):31.633	
O1):-0.779	O2):33.518	
O1):-0.852	O2):50.137	
O1):-0.801	O2):37.628	
O1):-0.748	O2):31.344	
O1):-0.843	O2):49.543	
O1):-0.81	O2):39.714	
O1):-0.722	O2):27.742	
O1):-0.811	O2):39.168	
O1):-0.79	O2):33.778	
O1):-0.8	O2):37.42	
O1):-0.818	O2):40.529	
O1):-0.815	O2):37.737	
O1):-0.723	O2):27.996	
O1):-0.793	O2):44.351	
O1):-0.745	O2):31.241	
O1):-0.816	O2):37.868	
O1):-0.842	O2):47.183	
O1):-0.72	O2):27.749	
O1):-0.833	O2):43.496	
O1):-0.845	O2):49.339	
O1):-0.795	O2):34.685	
O1):-0.7	O2):26.855	
O1):-0.822	O2):39.172	
O1):-0.711	O2):30.451	
O1):-0.767	O2):32.903	
O1):-0.778	O2):33.233	
O1):-0.761	O2):31.907	
O1):-0.761	O2):31.907	
Starting PrismExecutor worker 1 on port 11411
Starting PrismExecutor worker 3 on port 11423
O1):-0.762	O2):33.79	
O1):-0.774	O2):31.959	
Connected worker 1 to port 11411
O1):-0.798	O2):37.154	
Connected worker 3 to port 11423
O1):-0.792	O2):33.604	
O1):-0.784	O2):36.486	
O1):-0.759	O2):32.199	
O1):-0.85	O2):48.565	
O1):-0.782	O2):33.68	
Evaluations:	3600
O1):-0.705	O2):27.416	
O1):-0.721	O2):28.487	
O1):-0.757	O2):39.626	
O1):-0.793	O2):37.503	
O1):-0.814	O2):39.666	
O1):-0.803	O2):37.867	
O1):-0.806	O2):37.939	
O1):-0.833	O2):42.551	
O1):-0.855	O2):54.3	
O1):-0.798	O2):37.755	
O1):-0.845	O2):49.429	
O1):-0.756	O2):31.555	
O1):-0.747	O2):30.387	
O1):-0.828	O2):44.015	
O1):-0.782	O2):33.685	
O1):-0.796	O2):36.742	
O1):-0.723	O2):28.237	
O1):-0.853	O2):48.894	
O1):-0.833	O2):43.474	
O1):-0.821	O2):39.057	
O1):-0.773	O2):32.425	
O1):-0.799	O2):35.017	
O1):-0.796	O2):34.915	
O1):-0.784	O2):38.431	
O1):-0.767	O2):33.068	
O1):-0.751	O2):29.46	
O1):-0.811	O2):38.982	
O1):-0.825	O2):42.447	
O1):-0.731	O2):27.939	
O1):-0.721	O2):27.723	
O1):-0.791	O2):33.807	
O1):-0.801	O2):35.579	
O1):-0.833	O2):43.476	
O1):-0.779	O2):33.189	
O1):-0.814	O2):39.722	
O1):-0.689	O2):31.511	
O1):-0.843	O2):49.412	
O1):-0.719	O2):27.717	
O1):-0.813	O2):39.5	
O1):-0.797	O2):34.671	
O1):-0.825	O2):43.69	
O1):-0.8	O2):37.433	
O1):-0.798	O2):35.857	
O1):-0.701	O2):26.898	
O1):-0.772	O2):33.494	
O1):-0.795	O2):44.388	
O1):-0.726	O2):28.797	
O1):-0.81	O2):38.8	
O1):-0.79	O2):34.816	
O1):-0.735	O2):28.609	
O1):-0.853	O2):50.524	
O1):-0.792	O2):41.645	
O1):-0.669	O2):26.39	
O1):-0.862	O2):54.879	
O1):-0.751	O2):32.692	
O1):-0.69	O2):30.324	
O1):-0.706	O2):27.432	
O1):-0.748	O2):31.421	
O1):-0.794	O2):43.78	
O1):-0.722	O2):29.063	
O1):-0.836	O2):44.419	
O1):-0.741	O2):33.296	
O1):-0.803	O2):38.041	
O1):-0.784	O2):38.339	
O1):-0.672	O2):26.709	
O1):-0.758	O2):31.887	
O1):-0.702	O2):27.132	
O1):-0.766	O2):32.305	
O1):-0.776	O2):36.062	
O1):-0.815	O2):37.696	
O1):-0.727	O2):28.936	
O1):-0.807	O2):38.477	
O1):-0.765	O2):32.383	
O1):-0.706	O2):27.441	
O1):-0.795	O2):34.137	
O1):-0.764	O2):32.294	
O1):-0.7	O2):26.855	
O1):-0.816	O2):37.759	
O1):-0.789	O2):34.825	
O1):-0.833	O2):43.471	
O1):-0.747	O2):31.286	
O1):-0.761	O2):31.907	
O1):-0.781	O2):33.35	
O1):-0.837	O2):44.352	
O1):-0.752	O2):32.717	
O1):-0.731	O2):27.939	
O1):-0.784	O2):33.588	
O1):-0.814	O2):39.627	
O1):-0.799	O2):37.292	
O1):-0.747	O2):31.171	
O1):-0.73	O2):29.108	
O1):-0.705	O2):27.398	
O1):-0.727	O2):28.746	
O1):-0.78	O2):33.583	
O1):-0.812	O2):39.245	
O1):-0.826	O2):42.767	
O1):-0.761	O2):31.763	
O1):-0.8	O2):38.888	
O1):-0.853	O2):49.171	
O1):-0.713	O2):30.747	
O1):-0.821	O2):38.901	
O1):-0.79	O2):33.778	
O1):-0.773	O2):33.608	
O1):-0.836	O2):44.419	
O1):-0.821	O2):39.073	
O1):-0.825	O2):42.781	
O1):-0.799	O2):37.404	
O1):-0.775	O2):32.82	
O1):-0.784	O2):33.959	
O1):-0.768	O2):32.992	
O1):-0.746	O2):30.179	
O1):-0.82	O2):38.706	
O1):-0.748	O2):32.133	
O1):-0.808	O2):39.181	
O1):-0.783	O2):33.732	
O1):-0.766	O2):32.305	
O1):-0.85	O2):48.083	
O1):-0.8	O2):35.489	
O1):-0.833	O2):44.085	
O1):-0.758	O2):33.275	
O1):-0.818	O2):43.388	
O1):-0.799	O2):34.993	
O1):-0.775	O2):32.483	
O1):-0.798	O2):35.853	
O1):-0.82	O2):38.814	
O1):-0.773	O2):32.47	
O1):-0.704	O2):27.191	
O1):-0.76	O2):31.706	
O1):-0.714	O2):30.55	
O1):-0.788	O2):34.885	
O1):-0.76	O2):31.729	
O1):-0.694	O2):26.539	
O1):-0.776	O2):32.588	
O1):-0.802	O2):37.854	
O1):-0.709	O2):27.667	
O1):-0.704	O2):27.191	
O1):-0.798	O2):37.754	
O1):-0.774	O2):34.044	
O1):-0.758	O2):31.394	
O1):-0.8	O2):37.433	
O1):-0.844	O2):48.461	
O1):-0.733	O2):32.275	
O1):-0.818	O2):38.363	
O1):-0.817	O2):38.022	
O1):-0.842	O2):47.183	
O1):-0.833	O2):43.471	
O1):-0.815	O2):39.768	
O1):-0.723	O2):28.313	
O1):-0.707	O2):27.414	
O1):-0.775	O2):32.483	
O1):-0.79	O2):33.768	
O1):-0.792	O2):36.315	
O1):-0.773	O2):34.29	
O1):-0.777	O2):35.457	
O1):-0.842	O2):48.231	
O1):-0.724	O2):28.351	
O1):-0.754	O2):31.579	
O1):-0.729	O2):29.319	
O1):-0.82	O2):38.814	
O1):-0.815	O2):37.737	
O1):-0.776	O2):32.792	
O1):-0.815	O2):37.717	
O1):-0.74	O2):31.154	
O1):-0.778	O2):34.445	
O1):-0.758	O2):31.365	
O1):-0.755	O2):31.348	
O1):-0.816	O2):38.961	
O1):-0.845	O2):48.832	
O1):-0.808	O2):38.864	
O1):-0.85	O2):48.565	
O1):-0.793	O2):34.656	
O1):-0.793	O2):36.449	
O1):-0.791	O2):34.415	
O1):-0.777	O2):36.069	
O1):-0.844	O2):48.462	
O1):-0.833	O2):43.492	
O1):-0.722	O2):28.534	
O1):-0.754	O2):31.3	
O1):-0.826	O2):42.912	
O1):-0.754	O2):38.068	
O1):-0.803	O2):38.041	
O1):-0.815	O2):37.742	
Starting PrismExecutor worker 4 on port 11434
O1):-0.726	O2):28.797	
O1):-0.725	O2):28.735	
Connected worker 4 to port 11434
O1):-0.696	O2):26.818	
O1):-0.761	O2):31.956	
O1):-0.824	O2):42.417	
O1):-0.774	O2):35.549	
O1):-0.817	O2):40.321	
O1):-0.772	O2):33.531	
O1):-0.794	O2):35.51	
O1):-0.771	O2):33.93	
O1):-0.784	O2):38.612	
Evaluations:	3200
O1):-0.792	O2):43.517	
O1):-0.807	O2):38.537	
O1):-0.806	O2):38.272	
O1):-0.819	O2):38.575	
O1):-0.749	O2):31.554	
O1):-0.819	O2):38.575	
O1):-0.775	O2):32.758	
O1):-0.718	O2):27.507	
O1):-0.776	O2):32.931	
O1):-0.698	O2):27.082	
O1):-0.803	O2):37.984	
O1):-0.787	O2):34.052	
O1):-0.671	O2):26.488	
O1):-0.836	O2):45.492	
O1):-0.757	O2):33.125	
O1):-0.849	O2):47.981	
O1):-0.794	O2):35.5	
O1):-0.738	O2):29.127	
O1):-0.786	O2):34.253	
O1):-0.76	O2):31.729	
O1):-0.758	O2):31.303	
O1):-0.834	O2):43.609	
O1):-0.815	O2):39.782	
O1):-0.709	O2):27.667	
O1):-0.855	O2):54.3	
O1):-0.824	O2):42.417	
O1):-0.675	O2):26.801	
O1):-0.861	O2):54.501	
O1):-0.815	O2):37.717	
O1):-0.746	O2):28.939	
O1):-0.835	O2):43.89	
O1):-0.675	O2):26.801	
O1):-0.731	O2):27.939	
O1):-0.758	O2):31.886	
O1):-0.779	O2):33.111	
O1):-0.78	O2):33.583	
O1):-0.675	O2):26.801	
O1):-0.801	O2):37.538	
O1):-0.787	O2):34.634	
O1):-0.8	O2):37.42	
O1):-0.836	O2):45.44	
O1):-0.796	O2):34.679	
O1):-0.799	O2):35.017	
O1):-0.809	O2):38.958	
O1):-0.797	O2):36.864	
O1):-0.777	O2):32.814	
O1):-0.794	O2):37.263	
O1):-0.765	O2):32.383	
O1):-0.835	O2):43.759	
O1):-0.837	O2):44.139	
O1):-0.689	O2):27.022	
O1):-0.844	O2):48.462	
O1):-0.839	O2):49.312	
O1):-0.834	O2):47.527	
O1):-0.807	O2):38.537	
O1):-0.784	O2):36.445	
O1):-0.816	O2):37.892	
O1):-0.842	O2):47.183	
O1):-0.835	O2):45.327	
O1):-0.835	O2):45.327	
O1):-0.768	O2):32.366	
O1):-0.825	O2):42.792	
O1):-0.744	O2):31.164	
O1):-0.721	O2):27.786	
O1):-0.79	O2):38.905	
O1):-0.798	O2):34.974	
O1):-0.795	O2):36.75	
O1):-0.714	O2):30.696	
O1):-0.767	O2):32.662	
O1):-0.798	O2):35.853	
O1):-0.818	O2):38.363	
O1):-0.76	O2):31.875	
O1):-0.703	O2):27.152	
O1):-0.812	O2):39.264	
O1):-0.798	O2):34.907	
O1):-0.772	O2):32.407	
O1):-0.741	O2):31.194	
O1):-0.706	O2):27.441	
O1):-0.675	O2):26.801	
O1):-0.797	O2):35.488	
O1):-0.778	O2):33.421	
O1):-0.791	O2):35.653	
Starting PrismExecutor worker 0 on port 11420
Starting PrismExecutor worker 5 on port 11435
O1):-0.794	O2):35.5	
Connected worker 0 to port 11420
Connected worker 5 to port 11435
O1):-0.781	O2):48.777	
O1):-0.775	O2):32.757	
O1):-0.786	O2):34.091	
O1):-0.745	O2):31.147	
Evaluations:	3500
O1):-0.798	O2):34.974	
O1):-0.781	O2):33.278	
O1):-0.789	O2):34.331	
O1):-0.73	O2):29.108	
O1):-0.776	O2):35.819	
O1):-0.806	O2):37.939	
O1):-0.747	O2):30.387	
O1):-0.802	O2):37.328	
O1):-0.834	O2):47.527	
O1):-0.818	O2):38.238	
O1):-0.786	O2):34.116	
O1):-0.757	O2):31.528	
O1):-0.779	O2):33.172	
O1):-0.735	O2):32.153	
O1):-0.8	O2):38.888	
O1):-0.772	O2):32.66	
O1):-0.818	O2):38.331	
O1):-0.832	O2):42.558	
O1):-0.841	O2):49.285	
O1):-0.65	O2):26.181	
O1):-0.671	O2):26.525	
O1):-0.702	O2):27.51	
O1):-0.697	O2):26.849	
O1):-0.708	O2):27.431	
O1):-0.724	O2):28.31	
O1):-0.819	O2):38.575	
O1):-0.762	O2):32.207	
O1):-0.768	O2):32.559	
O1):-0.823	O2):43.134	
O1):-0.719	O2):27.717	
O1):-0.824	O2):42.361	
O1):-0.727	O2):28.924	
O1):-0.778	O2):36.422	
O1):-0.789	O2):35.096	
O1):-0.741	O2):33.635	
O1):-0.834	O2):44.946	
O1):-0.778	O2):33.221	
O1):-0.755	O2):31.348	
O1):-0.808	O2):38.718	
O1):-0.675	O2):26.738	
O1):-0.785	O2):34.069	
O1):-0.853	O2):49.17	
O1):-0.74	O2):31.086	
O1):-0.768	O2):32.789	
O1):-0.741	O2):30.071	
O1):-0.798	O2):35.853	
O1):-0.721	O2):27.802	
O1):-0.815	O2):37.723	
O1):-0.779	O2):39.691	
O1):-0.723	O2):28.314	
O1):-0.811	O2):38.552	
O1):-0.74	O2):31.086	
O1):-0.793	O2):44.352	
O1):-0.721	O2):27.723	
O1):-0.816	O2):37.924	
O1):-0.758	O2):31.395	
O1):-0.684	O2):30.832	
O1):-0.821	O2):39.073	
O1):-0.723	O2):28.499	
O1):-0.701	O2):27.2	
O1):-0.833	O2):42.511	
O1):-0.706	O2):27.441	
O1):-0.775	O2):32.27	
O1):-0.838	O2):44.672	
O1):-0.818	O2):42.666	
O1):-0.849	O2):47.981	
O1):-0.671	O2):26.525	
O1):-0.755	O2):31.609	
O1):-0.79	O2):33.778	
O1):-0.82	O2):38.706	
O1):-0.824	O2):42.425	
O1):-0.733	O2):27.946	
O1):-0.816	O2):39.894	
O1):-0.814	O2):39.666	
O1):-0.703	O2):27.242	
O1):-0.785	O2):33.762	
O1):-0.701	O2):27.2	
O1):-0.795	O2):34.603	
O1):-0.77	O2):33.891	
O1):-0.794	O2):38.145	
O1):-0.72	O2):27.749	
Evaluations:	3500
O1):-0.775	O2):32.82	
O1):-0.78	O2):33.261	
O1):-0.787	O2):37.236	
O1):-0.794	O2):35.5	
O1):-0.795	O2):37.055	
O1):-0.815	O2):37.737	
O1):-0.721	O2):28.487	
O1):-0.842	O2):48.532	
O1):-0.819	O2):38.642	
O1):-0.817	O2):42.044	
O1):-0.786	O2):34.116	
O1):-0.744	O2):31.164	
O1):-0.785	O2):33.852	
O1):-0.697	O2):26.83	
O1):-0.765	O2):32.285	
O1):-0.674	O2):26.719	
O1):-0.758	O2):31.395	
O1):-0.814	O2):39.627	
O1):-0.815	O2):37.737	
O1):-0.708	O2):27.412	
O1):-0.836	O2):44.003	
O1):-0.855	O2):54.3	
O1):-0.746	O2):28.939	
O1):-0.702	O2):27.095	
O1):-0.837	O2):44.534	
O1):-0.799	O2):35.017	
O1):-0.765	O2):32.223	
O1):-0.738	O2):29.179	
Evaluations:	3500
O1):-0.722	O2):27.818	
O1):-0.778	O2):32.965	
O1):-0.701	O2):27.2	
O1):-0.798	O2):34.907	
O1):-0.818	O2):48.565	
O1):-0.789	O2):34.331	
O1):-0.791	O2):34.323	
O1):-0.801	O2):37.555	
O1):-0.773	O2):32.565	
O1):-0.76	O2):33.602	
O1):-0.756	O2):31.3	
O1):-0.817	O2):38.301	
O1):-0.735	O2):30.7	
O1):-0.776	O2):33.002	
O1):-0.853	O2):49.17	
O1):-0.76	O2):31.706	
O1):-0.85	O2):48.083	
O1):-0.779	O2):33.171	
O1):-0.853	O2):48.894	
O1):-0.794	O2):35.5	
O1):-0.756	O2):31.62	
O1):-0.817	O2):37.908	
O1):-0.776	O2):32.872	
O1):-0.834	O2):43.63	
O1):-0.833	O2):43.476	
O1):-0.827	O2):42.997	
O1):-0.762	O2):32.178	
O1):-0.719	O2):28.661	
O1):-0.808	O2):38.3	
O1):-0.727	O2):31.017	
O1):-0.811	O2):39.1	
O1):-0.778	O2):33.233	
O1):-0.719	O2):27.686	
O1):-0.842	O2):48.077	
O1):-0.8	O2):37.308	
O1):-0.72	O2):28.126	
O1):-0.8	O2):37.308	
O1):-0.778	O2):33.177	
O1):-0.723	O2):28.757	
O1):-0.716	O2):27.784	
O1):-0.786	O2):33.613	
O1):-0.76	O2):31.642	
O1):-0.833	O2):43.476	
O1):-0.819	O2):38.575	
O1):-0.72	O2):28.124	
O1):-0.802	O2):37.854	
O1):-0.641	O2):26.353	
O1):-0.836	O2):45.44	
O1):-0.815	O2):37.742	
O1):-0.789	O2):34.114	
O1):-0.781	O2):33.741	
O1):-0.756	O2):36.235	
O1):-0.795	O2):34.172	
O1):-0.834	O2):48.405	
O1):-0.814	O2):39.654	
O1):-0.813	O2):39.552	
O1):-0.749	O2):31.549	
O1):-0.853	O2):48.894	
O1):-0.73	O2):29.108	
O1):-0.8	O2):38.475	
O1):-0.762	O2):32.12	
O1):-0.65	O2):26.181	
O1):-0.794	O2):35.5	
O1):-0.765	O2):32.274	
O1):-0.795	O2):34.733	
O1):-0.833	O2):44.891	
O1):-0.671	O2):26.488	
O1):-0.742	O2):30.11	
O1):-0.799	O2):37.265	
O1):-0.707	O2):27.414	
O1):-0.797	O2):34.671	
O1):-0.858	O2):53.864	
O1):-0.746	O2):30.384	
Starting PrismExecutor worker 1 on port 11421
O1):-0.784	O2):34.228	
O1):-0.737	O2):28.372	
O1):-0.817	O2):40.502	
O1):-0.782	O2):33.68	
Connected worker 1 to port 11421
O1):-0.784	O2):36.445	
O1):-0.731	O2):27.939	
O1):-0.785	O2):33.789	
O1):-0.834	O2):43.609	
O1):-0.763	O2):32.286	
O1):-0.842	O2):48.231	
O1):-0.836	O2):43.898	
O1):-0.806	O2):37.939	
O1):-0.815	O2):37.717	
O1):-0.798	O2):34.974	
O1):-0.794	O2):37.026	
O1):-0.78	O2):33.261	
O1):-0.777	O2):36.191	
O1):-0.727	O2):28.746	
O1):-0.765	O2):32.285	
O1):-0.718	O2):28.596	
O1):-0.837	O2):48.128	
O1):-0.707	O2):27.408	
O1):-0.747	O2):30.387	
O1):-0.784	O2):33.654	
O1):-0.782	O2):33.829	
O1):-0.671	O2):26.488	
O1):-0.761	O2):31.956	
O1):-0.711	O2):27.732	
O1):-0.782	O2):33.328	
O1):-0.775	O2):32.483	
O1):-0.819	O2):38.425	
O1):-0.818	O2):40.364	
O1):-0.704	O2):27.744	
O1):-0.826	O2):42.912	
O1):-0.719	O2):28.104	
O1):-0.761	O2):31.901	
O1):-0.67	O2):26.362	
O1):-0.811	O2):38.981	
O1):-0.797	O2):34.669	
O1):-0.779	O2):37.286	
O1):-0.817	O2):37.886	
O1):-0.762	O2):31.901	
O1):-0.781	O2):33.753	
O1):-0.834	O2):42.899	
O1):-0.72	O2):27.719	
O1):-0.776	O2):32.856	
O1):-0.798	O2):37.154	
O1):-0.797	O2):34.673	
O1):-0.744	O2):30.401	
O1):-0.787	O2):34.87	
O1):-0.785	O2):33.852	
O1):-0.784	O2):36.951	
O1):-0.603	O2):22.374	
O1):-0.831	O2):44.633	
O1):-0.761	O2):31.956	
O1):-0.808	O2):38.718	
O1):-0.775	O2):32.483	
O1):-0.718	O2):27.453	
O1):-0.797	O2):35.741	
O1):-0.791	O2):33.807	
O1):-0.858	O2):54.129	
O1):-0.74	O2):31.028	
O1):-0.76	O2):31.631	
O1):-0.748	O2):31.539	
O1):-0.834	O2):47.527	
O1):-0.811	O2):39.168	
O1):-0.834	O2):45.148	
O1):-0.825	O2):42.513	
O1):-0.757	O2):33.119	
O1):-0.775	O2):33.911	
O1):-0.78	O2):33.411	
O1):-0.859	O2):54.388	
O1):-0.705	O2):27.464	
O1):-0.792	O2):43.536	
O1):-0.75	O2):32.504	
O1):-0.745	O2):31.282	
Evaluations:	3200
O1):-0.724	O2):28.442	
O1):-0.697	O2):26.794	
O1):-0.755	O2):31.348	
O1):-0.779	O2):33.162	
O1):-0.777	O2):35.276	
O1):-0.751	O2):29.474	
O1):-0.797	O2):37.677	
O1):-0.754	O2):31.579	
O1):-0.738	O2):29.125	
O1):-0.816	O2):38.961	
O1):-0.833	O2):42.511	
O1):-0.809	O2):38.784	
O1):-0.772	O2):32.393	
O1):-0.76	O2):31.745	
O1):-0.728	O2):28.949	
O1):-0.712	O2):30.298	
O1):-0.707	O2):27.415	
O1):-0.778	O2):32.965	
Starting PrismExecutor worker 2 on port 11422
O1):-0.76	O2):31.642	
Connected worker 2 to port 11422
O1):-0.8	O2):37.204	
O1):-0.793	O2):38.486	
O1):-0.859	O2):53.205	
O1):-0.766	O2):32.474	
O1):-0.804	O2):38.146	
O1):-0.797	O2):37.842	
O1):-0.78	O2):33.298	
O1):-0.705	O2):27.416	
O1):-0.765	O2):32.567	
O1):-0.776	O2):33.043	
O1):-0.773	O2):32.424	
O1):-0.832	O2):43.282	
O1):-0.85	O2):49.565	
O1):-0.701	O2):27.201	
O1):-0.824	O2):42.417	
O1):-0.795	O2):35.521	
O1):-0.817	O2):40.228	
O1):-0.776	O2):32.872	
O1):-0.809	O2):38.639	
O1):-0.777	O2):36.867	
O1):-0.776	O2):32.792	
Evaluations:	3700
O1):-0.762	O2):32.12	
O1):-0.746	O2):32.115	
O1):-0.852	O2):48.838	
O1):-0.701	O2):26.869	
O1):-0.783	O2):33.724	
O1):-0.818	O2):42.444	
O1):-0.841	O2):49.258	
O1):-0.787	O2):34.87	
O1):-0.798	O2):36.904	
O1):-0.73	O2):29.099	
O1):-0.829	O2):43.493	
O1):-0.761	O2):31.839	
O1):-0.757	O2):33.119	
O1):-0.844	O2):48.641	
O1):-0.79	O2):37.243	
O1):-0.853	O2):50.524	
O1):-0.76	O2):33.601	
O1):-0.827	O2):43.463	
O1):-0.841	O2):49.258	
O1):-0.758	O2):31.394	
O1):-0.714	O2):28.389	
O1):-0.697	O2):26.794	
O1):-0.714	O2):28.389	
O1):-0.803	O2):38.041	
O1):-0.759	O2):31.537	
O1):-0.714	O2):28.389	
O1):-0.714	O2):28.389	
O1):-0.768	O2):32.366	
O1):-0.795	O2):37.121	
O1):-0.836	O2):45.49	
O1):-0.817	O2):37.935	
O1):-0.749	O2):31.379	
O1):-0.807	O2):38.308	
O1):-0.836	O2):43.359	
O1):-0.748	O2):31.395	
O1):-0.722	O2):28.01	
O1):-0.774	O2):31.961	
O1):-0.779	O2):38.316	
O1):-0.779	O2):37.286	
O1):-0.836	O2):45.492	
O1):-0.777	O2):36.192	
O1):-0.82	O2):38.813	
O1):-0.796	O2):38.07	
O1):-0.779	O2):33.189	
O1):-0.815	O2):39.779	
O1):-0.784	O2):36.437	
O1):-0.811	O2):38.981	
O1):-0.815	O2):37.717	
O1):-0.72	O2):28.274	
O1):-0.746	O2):30.278	
O1):-0.697	O2):26.873	
O1):-0.722	O2):27.818	
O1):-0.785	O2):33.898	
O1):-0.791	O2):33.807	
O1):-0.808	O2):38.175	
O1):-0.807	O2):38.293	
O1):-0.748	O2):31.345	
O1):-0.671	O2):26.525	
O1):-0.789	O2):34.451	
O1):-0.746	O2):30.278	
O1):-0.762	O2):32.106	
O1):-0.751	O2):32.308	
O1):-0.835	O2):43.759	
O1):-0.743	O2):30.163	
O1):-0.761	O2):31.956	
O1):-0.746	O2):30.278	
O1):-0.77	O2):33.811	
O1):-0.701	O2):26.869	
O1):-0.799	O2):35.017	
O1):-0.833	O2):43.471	
Starting PrismExecutor worker 1 on port 11471
Connected worker 1 to port 11471
O1):-0.825	O2):42.504	
O1):-0.862	O2):54.097	
O1):-0.724	O2):28.3	
O1):-0.76	O2):33.602	
O1):-0.823	O2):43.134	
O1):-0.788	O2):33.732	
O1):-0.705	O2):28.163	
O1):-0.76	O2):31.646	
O1):-0.654	O2):26.423	
O1):-0.835	O2):43.759	
O1):-0.761	O2):31.863	
O1):-0.797	O2):34.701	
O1):-0.749	O2):31.513	
O1):-0.748	O2):31.396	
O1):-0.72	O2):27.773	
O1):-0.765	O2):32.224	
O1):-0.844	O2):48.641	
O1):-0.793	O2):34.477	
O1):-0.79	O2):34.217	
O1):-0.772	O2):32.369	
O1):-0.794	O2):37.251	
O1):-0.768	O2):33.086	
O1):-0.746	O2):31.459	
O1):-0.785	O2):38.758	
O1):-0.756	O2):33.157	
O1):-0.801	O2):37.342	
O1):-0.79	O2):33.768	
O1):-0.776	O2):32.931	
O1):-0.702	O2):27.51	
O1):-0.756	O2):31.62	
O1):-0.759	O2):31.423	
O1):-0.603	O2):22.374	
O1):-0.858	O2):53.184	
O1):-0.767	O2):32.596	
O1):-0.673	O2):26.824	
O1):-0.711	O2):27.732	
O1):-0.799	O2):38.353	
O1):-0.718	O2):27.506	
O1):-0.698	O2):27.082	
O1):-0.859	O2):53.205	
O1):-0.807	O2):38.477	
Evaluations:	3900
O1):-0.862	O2):54.879	
O1):-0.671	O2):26.524	
O1):-0.852	O2):57.71	
O1):-0.783	O2):33.416	
O1):-0.734	O2):28.643	
O1):-0.779	O2):33.518	
O1):-0.727	O2):28.924	
O1):-0.726	O2):28.797	
O1):-0.81	O2):38.782	
O1):-0.724	O2):28.3	
O1):-0.767	O2):32.728	
O1):-0.798	O2):34.763	
O1):-0.852	O2):50.3	
O1):-0.753	O2):32.892	
O1):-0.798	O2):34.907	
O1):-0.767	O2):34.485	
O1):-0.709	O2):28.481	
O1):-0.76	O2):32.176	
O1):-0.697	O2):26.794	
O1):-0.816	O2):37.744	
O1):-0.785	O2):38.86	
O1):-0.859	O2):53.329	
O1):-0.778	O2):33.048	
O1):-0.671	O2):26.53	
O1):-0.694	O2):26.539	
O1):-0.796	O2):34.694	
O1):-0.835	O2):43.831	
O1):-0.819	O2):42.479	
O1):-0.748	O2):31.346	
O1):-0.73	O2):29.108	
Evaluations:	3400
O1):-0.836	O2):44.082	
O1):-0.782	O2):33.365	
O1):-0.836	O2):43.359	
O1):-0.793	O2):34.477	
O1):-0.836	O2):43.898	
O1):-0.835	O2):43.831	
O1):-0.819	O2):38.425	
O1):-0.776	O2):36.062	
O1):-0.789	O2):34.291	
O1):-0.794	O2):36.966	
O1):-0.749	O2):31.513	
O1):-0.844	O2):48.641	
O1):-0.817	O2):40.228	
O1):-0.842	O2):48.532	
O1):-0.837	O2):44.493	
O1):-0.759	O2):32.063	
O1):-0.818	O2):38.363	
O1):-0.817	O2):37.886	
O1):-0.818	O2):38.238	
O1):-0.768	O2):32.787	
O1):-0.801	O2):37.521	
Starting PrismExecutor worker 4 on port 11464
O1):-0.708	O2):27.431	
O1):-0.836	O2):43.898	
Connected worker 4 to port 11464
O1):-0.768	O2):33.184	
O1):-0.837	O2):44.493	
O1):-0.795	O2):37.121	
O1):-0.773	O2):34.305	
O1):-0.801	O2):37.521	
O1):-0.758	O2):33.257	
O1):-0.781	O2):36.822	
O1):-0.803	O2):37.984	
O1):-0.697	O2):26.873	
O1):-0.784	O2):33.654	
O1):-0.79	O2):34.217	
O1):-0.8	O2):35.489	
O1):-0.812	O2):39.243	
O1):-0.774	O2):34.043	
O1):-0.797	O2):35.75	
O1):-0.734	O2):32.301	
O1):-0.784	O2):33.654	
O1):-0.752	O2):32.672	
O1):-0.784	O2):38.612	
O1):-0.787	O2):34.606	
O1):-0.858	O2):53.184	
O1):-0.835	O2):43.831	
O1):-0.704	O2):27.131	
O1):-0.834	O2):43.63	
O1):-0.777	O2):32.911	
O1):-0.791	O2):34.415	
O1):-0.843	O2):48.505	
O1):-0.778	O2):33.421	
O1):-0.724	O2):28.31	
O1):-0.701	O2):26.869	
O1):-0.76	O2):31.875	
O1):-0.79	O2):34.217	
O1):-0.779	O2):33.569	
O1):-0.784	O2):33.588	
O1):-0.814	O2):39.666	
O1):-0.779	O2):33.518	
O1):-0.72	O2):27.749	
O1):-0.719	O2):27.749	
O1):-0.723	O2):27.996	
O1):-0.825	O2):42.495	
O1):-0.859	O2):54.24	
O1):-0.795	O2):34.137	
O1):-0.785	O2):33.748	
O1):-0.77	O2):33.514	
O1):-0.765	O2):32.274	
O1):-0.797	O2):34.667	
O1):-0.787	O2):34.208	
O1):-0.697	O2):26.828	
O1):-0.851	O2):48.584	
O1):-0.737	O2):29.018	
O1):-0.778	O2):33.154	
O1):-0.797	O2):34.759	
O1):-0.724	O2):28.267	
O1):-0.724	O2):28.267	
O1):-0.817	O2):40.228	
O1):-0.786	O2):33.613	
O1):-0.72	O2):27.719	
Evaluations:	3500
O1):-0.801	O2):37.437	
O1):-0.816	O2):40.117	
O1):-0.761	O2):31.907	
O1):-0.844	O2):49.181	
O1):-0.817	O2):37.908	
O1):-0.85	O2):49.968	
O1):-0.759	O2):31.56	
O1):-0.835	O2):43.831	
O1):-0.824	O2):43.174	
O1):-0.731	O2):27.939	
O1):-0.826	O2):43.905	
O1):-0.801	O2):37.618	
O1):-0.834	O2):48.986	
O1):-0.794	O2):36.591	
O1):-0.792	O2):43.536	
O1):-0.824	O2):42.417	
O1):-0.689	O2):31.512	
O1):-0.801	O2):35.604	
O1):-0.774	O2):33.902	
O1):-0.808	O2):38.496	
O1):-0.781	O2):33.787	
O1):-0.746	O2):30.278	
O1):-0.819	O2):38.459	
O1):-0.728	O2):32.902	
O1):-0.787	O2):34.208	
O1):-0.754	O2):31.579	
O1):-0.798	O2):34.907	
O1):-0.784	O2):33.654	
O1):-0.835	O2):43.831	
O1):-0.821	O2):39.073	
O1):-0.825	O2):42.473	
O1):-0.781	O2):33.349	
O1):-0.767	O2):33.0	
O1):-0.767	O2):33.133	
O1):-0.829	O2):43.493	
O1):-0.741	O2):31.146	
O1):-0.76	O2):31.646	
O1):-0.782	O2):33.836	
O1):-0.837	O2):44.493	
O1):-0.703	O2):27.242	
Starting PrismExecutor worker 0 on port 11400
Connected worker 0 to port 11400
O1):-0.813	O2):39.552	
O1):-0.753	O2):32.734	
O1):-0.792	O2):43.536	
O1):-0.802	O2):37.851	
O1):-0.8	O2):37.42	
O1):-0.779	O2):33.578	
O1):-0.751	O2):29.46	
O1):-0.747	O2):31.3	
O1):-0.723	O2):28.757	
O1):-0.798	O2):34.763	
O1):-0.8	O2):37.448	
O1):-0.706	O2):27.432	
O1):-0.776	O2):32.872	
O1):-0.818	O2):38.238	
O1):-0.775	O2):32.483	
O1):-0.784	O2):38.431	
O1):-0.797	O2):35.591	
O1):-0.738	O2):29.178	
O1):-0.722	O2):27.742	
O1):-0.704	O2):27.191	
O1):-0.725	O2):28.176	
O1):-0.814	O2):37.672	
O1):-0.827	O2):43.461	
O1):-0.845	O2):49.265	
O1):-0.767	O2):33.039	
O1):-0.788	O2):37.372	
O1):-0.756	O2):31.3	
O1):-0.833	O2):43.476	
O1):-0.784	O2):33.696	
O1):-0.789	O2):37.372	
O1):-0.785	O2):33.852	
O1):-0.821	O2):39.073	
O1):-0.762	O2):31.988	
O1):-0.819	O2):38.723	
O1):-0.759	O2):31.417	
O1):-0.836	O2):43.898	
O1):-0.818	O2):40.364	
O1):-0.818	O2):38.344	
O1):-0.783	O2):33.612	
O1):-0.832	O2):43.066	
O1):-0.763	O2):34.358	
O1):-0.724	O2):28.31	
O1):-0.729	O2):29.319	
O1):-0.8	O2):37.308	
O1):-0.705	O2):27.398	
O1):-0.773	O2):32.571	
O1):-0.859	O2):54.151	
O1):-0.76	O2):31.633	
O1):-0.785	O2):33.795	
O1):-0.795	O2):34.171	
O1):-0.796	O2):34.915	
O1):-0.716	O2):27.784	
O1):-0.853	O2):49.17	
O1):-0.825	O2):42.474	
O1):-0.826	O2):43.34	
O1):-0.766	O2):32.474	
O1):-0.835	O2):43.831	
O1):-0.781	O2):33.753	
O1):-0.719	O2):27.686	
O1):-0.837	O2):44.534	
O1):-0.759	O2):31.537	
O1):-0.749	O2):31.38	
O1):-0.782	O2):33.328	
O1):-0.76	O2):31.765	
O1):-0.832	O2):42.533	
O1):-0.805	O2):39.122	
O1):-0.708	O2):27.412	
O1):-0.836	O2):43.898	
O1):-0.779	O2):33.162	
O1):-0.806	O2):38.195	
O1):-0.78	O2):33.261	
O1):-0.801	O2):35.604	
O1):-0.824	O2):42.361	
O1):-0.737	O2):28.372	
O1):-0.785	O2):34.699	
O1):-0.836	O2):44.003	
O1):-0.797	O2):34.667	
O1):-0.806	O2):38.305	
O1):-0.76	O2):31.765	
O1):-0.779	O2):33.569	
O1):-0.826	O2):42.725	
O1):-0.777	O2):39.484	
O1):-0.841	O2):49.258	
O1):-0.808	O2):38.496	
O1):-0.711	O2):27.732	
O1):-0.735	O2):28.609	
O1):-0.781	O2):33.32	
O1):-0.777	O2):39.486	
O1):-0.705	O2):27.195	
Starting PrismExecutor worker 2 on port 11412
O1):-0.817	O2):38.022	
O1):-0.733	O2):27.946	
Connected worker 2 to port 11412
O1):-0.724	O2):28.3	
O1):-0.824	O2):42.417	
O1):-0.766	O2):32.305	
O1):-0.817	O2):42.687	
O1):-0.747	O2):30.387	
O1):-0.762	O2):31.988	
O1):-0.789	O2):34.978	
O1):-0.844	O2):49.129	
O1):-0.813	O2):39.283	
O1):-0.833	O2):43.474	
O1):-0.803	O2):38.052	
O1):-0.861	O2):54.501	
O1):-0.706	O2):27.79	
O1):-0.758	O2):31.91	
O1):-0.832	O2):42.558	
O1):-0.708	O2):27.432	
O1):-0.696	O2):26.818	
O1):-0.689	O2):31.511	
O1):-0.828	O2):43.032	
O1):-0.806	O2):38.305	
O1):-0.675	O2):26.738	
O1):-0.782	O2):33.681	
O1):-0.804	O2):38.176	
O1):-0.765	O2):32.567	
O1):-0.843	O2):49.412	
O1):-0.819	O2):38.661	
O1):-0.805	O2):38.413	
O1):-0.787	O2):34.208	
O1):-0.813	O2):39.029	
O1):-0.782	O2):33.681	
O1):-0.774	O2):31.96	
O1):-0.8	O2):37.448	
O1):-0.745	O2):31.241	
O1):-0.784	O2):33.888	
O1):-0.832	O2):42.492	
O1):-0.859	O2):54.151	
O1):-0.798	O2):36.904	
O1):-0.797	O2):35.741	
O1):-0.774	O2):32.777	
O1):-0.675	O2):26.738	
O1):-0.807	O2):38.293	
O1):-0.859	O2):54.418	
O1):-0.772	O2):32.369	
O1):-0.72	O2):27.771	
Evaluations:	3700
O1):-0.723	O2):28.313	
O1):-0.742	O2):32.841	
O1):-0.81	O2):38.729	
O1):-0.755	O2):33.081	
O1):-0.706	O2):27.432	
O1):-0.779	O2):33.518	
O1):-0.786	O2):33.629	
O1):-0.732	O2):31.501	
O1):-0.751	O2):32.638	
O1):-0.716	O2):27.784	
O1):-0.793	O2):38.092	
O1):-0.794	O2):33.814	
O1):-0.758	O2):31.393	
O1):-0.765	O2):34.724	
O1):-0.774	O2):31.957	
O1):-0.794	O2):37.291	
O1):-0.705	O2):27.416	
O1):-0.807	O2):38.397	
O1):-0.788	O2):33.776	
O1):-0.759	O2):31.537	
O1):-0.797	O2):37.116	
O1):-0.79	O2):33.778	
O1):-0.826	O2):43.905	
O1):-0.855	O2):54.3	
O1):-0.764	O2):32.574	
O1):-0.784	O2):36.451	
O1):-0.81	O2):39.048	
O1):-0.815	O2):37.793	
O1):-0.673	O2):26.824	
O1):-0.8	O2):37.204	
O1):-0.705	O2):27.416	
O1):-0.775	O2):32.757	
O1):-0.743	O2):30.093	
O1):-0.78	O2):33.583	
O1):-0.795	O2):34.733	
O1):-0.819	O2):38.662	
O1):-0.774	O2):32.966	
O1):-0.761	O2):31.839	
O1):-0.852	O2):50.137	
O1):-0.702	O2):27.51	
O1):-0.781	O2):33.278	
O1):-0.8	O2):37.204	
O1):-0.837	O2):44.139	
O1):-0.756	O2):32.87	
O1):-0.702	O2):27.132	
O1):-0.833	O2):42.511	
Starting PrismExecutor worker 2 on port 11472
O1):-0.785	O2):34.699	
O1):-0.808	O2):40.052	
Connected worker 2 to port 11472
O1):-0.84	O2):47.921	
O1):-0.801	O2):37.618	
O1):-0.673	O2):26.824	
O1):-0.8	O2):37.433	
O1):-0.742	O2):30.11	
O1):-0.85	O2):53.986	
O1):-0.74	O2):34.873	
O1):-0.772	O2):32.407	
O1):-0.795	O2):38.657	
O1):-0.761	O2):31.745	
O1):-0.79	O2):33.768	
O1):-0.816	O2):37.777	
O1):-0.835	O2):43.89	
O1):-0.806	O2):37.939	
O1):-0.689	O2):27.022	
O1):-0.768	O2):32.789	
O1):-0.798	O2):34.997	
O1):-0.778	O2):33.184	
O1):-0.833	O2):44.085	
O1):-0.838	O2):44.672	
O1):-0.743	O2):30.086	
O1):-0.76	O2):31.67	
O1):-0.767	O2):32.662	
O1):-0.707	O2):27.371	
O1):-0.722	O2):28.523	
O1):-0.803	O2):37.774	
O1):-0.745	O2):31.241	
O1):-0.85	O2):48.083	
O1):-0.72	O2):27.749	
O1):-0.841	O2):47.861	
O1):-0.758	O2):32.657	
O1):-0.759	O2):32.063	
O1):-0.706	O2):27.432	
O1):-0.774	O2):32.07	
O1):-0.798	O2):35.471	
O1):-0.694	O2):26.539	
O1):-0.741	O2):31.146	
O1):-0.806	O2):38.149	
O1):-0.732	O2):31.36	
O1):-0.671	O2):26.524	
O1):-0.759	O2):31.417	
O1):-0.789	O2):34.29	
O1):-0.765	O2):32.274	
O1):-0.704	O2):27.191	
O1):-0.788	O2):38.026	
O1):-0.849	O2):47.981	
O1):-0.781	O2):33.755	
O1):-0.654	O2):26.423	
O1):-0.85	O2):53.986	
O1):-0.841	O2):48.057	
O1):-0.828	O2):43.323	
O1):-0.834	O2):47.527	
O1):-0.745	O2):31.233	
O1):-0.801	O2):37.507	
O1):-0.794	O2):36.591	
O1):-0.761	O2):31.873	
O1):-0.775	O2):32.757	
O1):-0.778	O2):33.005	
O1):-0.779	O2):33.033	
O1):-0.804	O2):38.215	
O1):-0.724	O2):28.31	
O1):-0.812	O2):39.245	
O1):-0.859	O2):54.241	
O1):-0.765	O2):32.774	
O1):-0.754	O2):31.579	
O1):-0.819	O2):38.642	
O1):-0.72	O2):27.771	
O1):-0.777	O2):33.095	
O1):-0.841	O2):47.942	
O1):-0.767	O2):33.063	
O1):-0.817	O2):40.228	
O1):-0.834	O2):48.401	
O1):-0.776	O2):34.336	
O1):-0.722	O2):27.742	
O1):-0.859	O2):53.205	
O1):-0.798	O2):34.974	
O1):-0.772	O2):33.971	
O1):-0.765	O2):32.274	
O1):-0.82	O2):38.687	
O1):-0.782	O2):33.772	
O1):-0.762	O2):32.12	
O1):-0.814	O2):39.627	
O1):-0.817	O2):40.297	
O1):-0.684	O2):31.284	
O1):-0.724	O2):28.3	
O1):-0.741	O2):31.077	
O1):-0.836	O2):45.49	
O1):-0.751	O2):29.46	
O1):-0.718	O2):27.453	
O1):-0.799	O2):37.265	
O1):-0.779	O2):33.111	
O1):-0.818	O2):38.511	
O1):-0.791	O2):34.415	
O1):-0.696	O2):26.818	
Starting PrismExecutor worker 5 on port 11455
O1):-0.778	O2):32.965	
O1):-0.759	O2):31.56	
Connected worker 5 to port 11455
O1):-0.838	O2):44.62	
O1):-0.701	O2):27.2	
O1):-0.701	O2):26.956	
O1):-0.84	O2):47.921	
O1):-0.801	O2):37.507	
O1):-0.789	O2):34.114	
O1):-0.776	O2):32.872	
O1):-0.852	O2):50.137	
O1):-0.761	O2):31.922	
O1):-0.702	O2):27.132	
O1):-0.802	O2):37.811	
O1):-0.806	O2):38.195	
O1):-0.766	O2):32.305	
O1):-0.861	O2):54.501	
O1):-0.737	O2):28.372	
O1):-0.79	O2):34.802	
O1):-0.737	O2):28.372	
O1):-0.789	O2):34.331	
O1):-0.818	O2):48.566	
O1):-0.761	O2):31.927	
O1):-0.775	O2):32.757	
O1):-0.852	O2):57.727	
O1):-0.799	O2):37.404	
O1):-0.795	O2):34.63	
O1):-0.701	O2):26.869	
O1):-0.79	O2):38.643	
O1):-0.782	O2):33.68	
O1):-0.691	O2):30.358	
O1):-0.77	O2):33.353	
O1):-0.723	O2):27.996	
O1):-0.788	O2):34.885	
O1):-0.859	O2):54.151	
O1):-0.824	O2):42.417	
O1):-0.695	O2):26.733	
O1):-0.832	O2):42.492	
O1):-0.817	O2):42.044	
O1):-0.82	O2):38.907	
O1):-0.772	O2):32.725	
O1):-0.798	O2):34.974	
O1):-0.818	O2):42.444	
O1):-0.721	O2):28.505	
O1):-0.691	O2):30.398	
O1):-0.825	O2):43.688	
O1):-0.701	O2):27.2	
O1):-0.858	O2):53.864	
O1):-0.775	O2):32.749	
O1):-0.767	O2):33.12	
O1):-0.739	O2):30.969	
O1):-0.851	O2):49.988	
O1):-0.774	O2):34.043	
O1):-0.776	O2):33.043	
O1):-0.728	O2):31.053	
O1):-0.763	O2):32.141	
O1):-0.82	O2):38.814	
O1):-0.821	O2):39.057	
O1):-0.798	O2):34.907	
O1):-0.836	O2):43.523	
O1):-0.766	O2):32.645	
O1):-0.791	O2):34.434	
O1):-0.826	O2):44.553	
O1):-0.78	O2):33.583	
O1):-0.85	O2):48.289	
O1):-0.807	O2):38.712	
O1):-0.802	O2):38.981	
O1):-0.686	O2):31.884	
O1):-0.788	O2):34.885	
O1):-0.776	O2):35.342	
O1):-0.78	O2):33.601	
O1):-0.781	O2):38.883	
O1):-0.832	O2):42.558	
O1):-0.642	O2):26.414	
O1):-0.812	O2):39.242	
O1):-0.81	O2):38.8	
O1):-0.716	O2):27.851	
O1):-0.741	O2):31.166	
O1):-0.797	O2):34.669	
O1):-0.781	O2):33.759	
O1):-0.8	O2):37.308	
O1):-0.849	O2):47.981	
O1):-0.65	O2):26.181	
O1):-0.758	O2):33.257	
O1):-0.761	O2):31.839	
O1):-0.789	O2):34.331	
O1):-0.853	O2):50.524	
O1):-0.787	O2):34.606	
O1):-0.812	O2):39.244	
O1):-0.819	O2):38.459	
O1):-0.791	O2):34.471	
O1):-0.836	O2):43.898	
O1):-0.778	O2):33.175	
O1):-0.8	O2):37.42	
O1):-0.799	O2):37.404	
O1):-0.828	O2):43.323	
O1):-0.781	O2):33.761	
O1):-0.711	O2):27.732	
O1):-0.717	O2):28.74	
O1):-0.811	O2):39.1	
O1):-0.841	O2):47.861	
O1):-0.85	O2):48.289	
O1):-0.793	O2):44.352	
O1):-0.722	O2):28.014	
O1):-0.802	O2):37.854	
O1):-0.744	O2):31.164	
O1):-0.84	O2):47.921	
Starting PrismExecutor worker 1 on port 11441
Connected worker 1 to port 11441
O1):-0.765	O2):34.116	
O1):-0.74	O2):29.438	
O1):-0.691	O2):30.379	
O1):-0.701	O2):26.889	
O1):-0.836	O2):45.49	
O1):-0.762	O2):32.207	
O1):-0.754	O2):31.579	
O1):-0.801	O2):37.437	
O1):-0.705	O2):27.398	
O1):-0.815	O2):39.816	
O1):-0.825	O2):42.474	
O1):-0.747	O2):30.387	
O1):-0.828	O2):43.016	
O1):-0.758	O2):32.115	
O1):-0.775	O2):32.82	
O1):-0.763	O2):32.276	
O1):-0.722	O2):27.818	
O1):-0.815	O2):37.737	
O1):-0.788	O2):39.657	
O1):-0.724	O2):28.351	
O1):-0.781	O2):33.265	
O1):-0.838	O2):44.62	
O1):-0.766	O2):32.305	
O1):-0.727	O2):28.888	
O1):-0.807	O2):38.477	
O1):-0.778	O2):32.964	
O1):-0.837	O2):44.139	
O1):-0.752	O2):32.723	
O1):-0.74	O2):32.133	
O1):-0.762	O2):32.12	
O1):-0.797	O2):35.488	
O1):-0.778	O2):33.005	
Evaluations:	3600
O1):-0.758	O2):32.113	
O1):-0.762	O2):32.247	
O1):-0.818	O2):38.281	
O1):-0.724	O2):28.378	
O1):-0.833	O2):42.511	
O1):-0.775	O2):32.27	
O1):-0.79	O2):35.622	
O1):-0.783	O2):33.889	
O1):-0.835	O2):43.89	
O1):-0.767	O2):33.133	
O1):-0.765	O2):32.567	
O1):-0.701	O2):26.956	
O1):-0.722	O2):28.01	
O1):-0.744	O2):31.164	
O1):-0.859	O2):54.24	
O1):-0.701	O2):27.2	
O1):-0.825	O2):42.474	
O1):-0.799	O2):35.017	
O1):-0.798	O2):34.763	
O1):-0.754	O2):31.3	
O1):-0.675	O2):26.801	
O1):-0.778	O2):33.154	
O1):-0.757	O2):31.564	
O1):-0.7	O2):26.856	
Evaluations:	3600
O1):-0.775	O2):32.492	
O1):-0.77	O2):33.643	
O1):-0.821	O2):39.057	
O1):-0.758	O2):31.886	
O1):-0.8	O2):35.489	
O1):-0.835	O2):43.831	
O1):-0.842	O2):47.395	
O1):-0.7	O2):26.896	
O1):-0.756	O2):31.62	
O1):-0.742	O2):32.841	
O1):-0.708	O2):27.431	
O1):-0.778	O2):33.005	
O1):-0.706	O2):27.79	
O1):-0.746	O2):30.278	
O1):-0.791	O2):34.415	
O1):-0.829	O2):43.493	
O1):-0.836	O2):45.49	
O1):-0.825	O2):43.711	
O1):-0.816	O2):38.961	
O1):-0.791	O2):34.383	
O1):-0.71	O2):27.636	
O1):-0.814	O2):39.666	
O1):-0.814	O2):39.644	
O1):-0.803	O2):37.774	
O1):-0.767	O2):36.667	
O1):-0.675	O2):26.738	
O1):-0.776	O2):32.872	
O1):-0.721	O2):27.772	
O1):-0.785	O2):33.852	
O1):-0.728	O2):28.92	
O1):-0.754	O2):31.641	
O1):-0.785	O2):33.787	
O1):-0.796	O2):34.693	
O1):-0.784	O2):33.693	
O1):-0.842	O2):48.532	
O1):-0.775	O2):35.769	
Starting PrismExecutor worker 4 on port 11454
O1):-0.81	O2):38.8	
Connected worker 4 to port 11454
O1):-0.825	O2):42.447	
O1):-0.833	O2):43.492	
O1):-0.783	O2):33.682	
O1):-0.705	O2):27.44	
O1):-0.721	O2):27.772	
O1):-0.724	O2):28.3	
O1):-0.722	O2):28.174	
O1):-0.748	O2):31.539	
O1):-0.771	O2):31.844	
O1):-0.784	O2):34.219	
O1):-0.776	O2):37.764	
O1):-0.758	O2):31.421	
O1):-0.836	O2):43.359	
O1):-0.811	O2):38.902	
O1):-0.799	O2):37.324	
O1):-0.787	O2):39.347	
O1):-0.74	O2):31.194	
O1):-0.816	O2):37.829	
O1):-0.792	O2):35.436	
O1):-0.721	O2):27.786	
O1):-0.775	O2):32.82	
O1):-0.797	O2):37.639	
Evaluations:	3600
O1):-0.78	O2):33.411	
O1):-0.824	O2):42.425	
O1):-0.74	O2):34.873	
O1):-0.779	O2):33.569	
O1):-0.806	O2):38.272	
O1):-0.751	O2):32.638	
O1):-0.724	O2):29.25	
O1):-0.795	O2):34.171	
O1):-0.74	O2):34.873	
O1):-0.821	O2):39.073	
O1):-0.858	O2):54.129	
O1):-0.799	O2):34.993	
O1):-0.71	O2):27.626	
O1):-0.789	O2):35.096	
O1):-0.731	O2):27.939	
O1):-0.746	O2):30.179	
O1):-0.72	O2):27.768	
O1):-0.791	O2):34.471	
O1):-0.751	O2):32.278	
O1):-0.702	O2):27.095	
O1):-0.788	O2):34.403	
O1):-0.767	O2):32.662	
O1):-0.714	O2):29.432	
Evaluations:	3300
O1):-0.822	O2):39.172	
O1):-0.816	O2):39.894	
O1):-0.758	O2):31.295	
O1):-0.751	O2):32.278	
O1):-0.8	O2):35.327	
O1):-0.815	O2):37.737	
O1):-0.783	O2):33.532	
O1):-0.7	O2):26.896	
O1):-0.691	O2):30.47	
O1):-0.832	O2):42.558	
O1):-0.67	O2):26.362	
O1):-0.802	O2):37.328	
O1):-0.84	O2):47.921	
O1):-0.849	O2):49.52	
O1):-0.858	O2):53.184	
O1):-0.859	O2):54.151	
O1):-0.798	O2):34.763	
O1):-0.853	O2):50.524	
O1):-0.744	O2):30.239	
O1):-0.779	O2):38.732	
O1):-0.689	O2):31.511	
O1):-0.74	O2):29.438	
O1):-0.859	O2):54.24	
O1):-0.838	O2):44.62	
O1):-0.654	O2):26.423	
O1):-0.749	O2):31.513	
O1):-0.763	O2):32.276	
O1):-0.733	O2):27.946	
O1):-0.791	O2):34.323	
O1):-0.807	O2):38.477	
O1):-0.702	O2):27.103	
O1):-0.836	O2):43.898	
O1):-0.741	O2):31.146	
O1):-0.725	O2):28.176	
O1):-0.724	O2):28.351	
O1):-0.803	O2):37.774	
O1):-0.836	O2):44.159	
O1):-0.777	O2):32.814	
O1):-0.746	O2):30.179	
O1):-0.832	O2):42.492	
O1):-0.828	O2):43.362	
O1):-0.701	O2):26.866	
O1):-0.825	O2):43.809	
O1):-0.793	O2):36.449	
O1):-0.828	O2):43.016	
Starting PrismExecutor worker 5 on port 11495
O1):-0.776	O2):34.4	
O1):-0.758	O2):31.393	
O1):-0.801	O2):37.507	
O1):-0.719	O2):28.198	
Connected worker 5 to port 11495
O1):-0.82	O2):38.697	
O1):-0.778	O2):33.516	
O1):-0.746	O2):28.939	
O1):-0.817	O2):38.107	
O1):-0.798	O2):37.755	
O1):-0.761	O2):32.158	
O1):-0.797	O2):35.488	
O1):-0.755	O2):31.609	
O1):-0.799	O2):34.993	
O1):-0.701	O2):27.201	
O1):-0.789	O2):35.096	
O1):-0.803	O2):38.046	
O1):-0.704	O2):27.191	
O1):-0.817	O2):37.935	
O1):-0.786	O2):33.613	
O1):-0.765	O2):32.567	
O1):-0.819	O2):38.425	
O1):-0.828	O2):43.323	
O1):-0.821	O2):39.073	
O1):-0.801	O2):37.618	
O1):-0.798	O2):37.154	
O1):-0.705	O2):27.398	
O1):-0.834	O2):43.609	
O1):-0.808	O2):38.718	
O1):-0.722	O2):28.523	
O1):-0.743	O2):31.121	
O1):-0.722	O2):28.523	
O1):-0.816	O2):37.932	
O1):-0.775	O2):32.483	
O1):-0.85	O2):48.289	
O1):-0.792	O2):43.231	
O1):-0.72	O2):27.974	
O1):-0.801	O2):37.521	
O1):-0.747	O2):30.387	
O1):-0.77	O2):33.891	
O1):-0.784	O2):34.219	
O1):-0.722	O2):30.433	
O1):-0.806	O2):38.149	
O1):-0.746	O2):30.153	
O1):-0.763	O2):32.196	
O1):-0.758	O2):33.257	
O1):-0.774	O2):31.959	
O1):-0.796	O2):34.815	
O1):-0.704	O2):27.135	
O1):-0.749	O2):31.379	
O1):-0.724	O2):28.3	
O1):-0.743	O2):30.086	
O1):-0.832	O2):42.558	
O1):-0.801	O2):35.579	
O1):-0.782	O2):33.283	
O1):-0.755	O2):31.609	
O1):-0.836	O2):43.523	
O1):-0.71	O2):28.348	
O1):-0.729	O2):29.067	
O1):-0.776	O2):33.033	
O1):-0.801	O2):35.604	
O1):-0.821	O2):38.775	
O1):-0.754	O2):31.579	
O1):-0.754	O2):32.689	
O1):-0.777	O2):33.988	
O1):-0.683	O2):30.568	
O1):-0.7	O2):27.06	
O1):-0.812	O2):39.213	
O1):-0.776	O2):35.323	
O1):-0.72	O2):27.768	
O1):-0.776	O2):32.69	
O1):-0.756	O2):33.017	
O1):-0.818	O2):38.238	
O1):-0.837	O2):44.671	
O1):-0.855	O2):54.3	
O1):-0.819	O2):38.459	
O1):-0.782	O2):33.68	
O1):-0.842	O2):48.077	
O1):-0.776	O2):32.931	
O1):-0.842	O2):48.077	
O1):-0.723	O2):28.757	
O1):-0.778	O2):32.965	
O1):-0.819	O2):38.661	
O1):-0.773	O2):32.47	
O1):-0.689	O2):27.022	
O1):-0.759	O2):32.063	
O1):-0.78	O2):33.26	
O1):-0.7	O2):26.855	
O1):-0.738	O2):29.125	
O1):-0.723	O2):28.757	
O1):-0.726	O2):28.731	
O1):-0.801	O2):35.604	
O1):-0.836	O2):45.49	
O1):-0.773	O2):32.48	
O1):-0.825	O2):42.474	
O1):-0.799	O2):37.922	
O1):-0.689	O2):27.022	
O1):-0.781	O2):33.758	
O1):-0.832	O2):42.492	
O1):-0.762	O2):33.781	
O1):-0.763	O2):32.196	
O1):-0.778	O2):32.966	
O1):-0.781	O2):33.32	
O1):-0.642	O2):26.415	
Evaluations:	3800
O1):-0.78	O2):33.619	
O1):-0.854	O2):58.578	
Starting PrismExecutor worker 0 on port 11470
O1):-0.832	O2):43.066	
O1):-0.854	O2):58.578	
Connected worker 0 to port 11470
O1):-0.834	O2):43.762	
O1):-0.774	O2):31.959	
O1):-0.696	O2):26.818	
O1):-0.728	O2):28.949	
O1):-0.842	O2):48.077	
O1):-0.78	O2):33.411	
O1):-0.73	O2):29.099	
O1):-0.801	O2):37.557	
O1):-0.761	O2):31.763	
O1):-0.796	O2):37.843	
O1):-0.73	O2):29.161	
O1):-0.786	O2):33.627	
O1):-0.823	O2):42.87	
O1):-0.654	O2):26.423	
O1):-0.746	O2):31.266	
O1):-0.819	O2):38.425	
O1):-0.729	O2):29.067	
O1):-0.671	O2):26.524	
O1):-0.705	O2):27.384	
O1):-0.716	O2):27.784	
O1):-0.843	O2):48.505	
O1):-0.791	O2):34.183	
O1):-0.747	O2):30.387	
O1):-0.762	O2):32.106	
O1):-0.832	O2):42.492	
O1):-0.689	O2):27.714	
O1):-0.724	O2):28.267	
O1):-0.85	O2):53.989	
O1):-0.741	O2):29.214	
O1):-0.765	O2):32.383	
O1):-0.774	O2):31.959	
O1):-0.788	O2):36.746	
O1):-0.719	O2):28.104	
O1):-0.799	O2):37.171	
O1):-0.755	O2):31.365	
O1):-0.759	O2):33.257	
O1):-0.822	O2):39.199	
O1):-0.705	O2):27.733	
Evaluations:	3300
O1):-0.843	O2):48.505	
O1):-0.782	O2):33.836	
O1):-0.829	O2):43.497	
O1):-0.815	O2):38.948	
O1):-0.78	O2):33.486	
O1):-0.796	O2):36.558	
O1):-0.761	O2):31.873	
O1):-0.806	O2):38.618	
O1):-0.806	O2):41.741	
O1):-0.747	O2):30.287	
O1):-0.785	O2):34.699	
O1):-0.781	O2):33.773	
O1):-0.815	O2):37.696	
O1):-0.826	O2):43.052	
O1):-0.79	O2):33.778	
O1):-0.738	O2):29.125	
O1):-0.724	O2):28.825	
O1):-0.818	O2):38.297	
O1):-0.815	O2):38.923	
O1):-0.759	O2):32.063	
O1):-0.811	O2):37.877	
O1):-0.816	O2):37.829	
O1):-0.762	O2):32.133	
O1):-0.841	O2):48.463	
O1):-0.758	O2):33.472	
O1):-0.837	O2):44.352	
O1):-0.716	O2):27.784	
O1):-0.746	O2):30.278	
O1):-0.783	O2):33.625	
O1):-0.78	O2):33.26	
O1):-0.722	O2):27.818	
O1):-0.777	O2):32.911	
O1):-0.853	O2):48.963	
O1):-0.842	O2):48.077	
O1):-0.784	O2):33.588	
O1):-0.828	O2):44.025	
O1):-0.842	O2):48.541	
O1):-0.739	O2):30.969	
O1):-0.741	O2):31.214	
O1):-0.824	O2):42.417	
O1):-0.671	O2):26.524	
O1):-0.749	O2):31.813	
O1):-0.833	O2):44.085	
O1):-0.796	O2):34.915	
O1):-0.79	O2):34.217	
O1):-0.815	O2):37.869	
O1):-0.774	O2):33.25	
O1):-0.816	O2):38.961	
O1):-0.776	O2):32.875	
O1):-0.817	O2):38.107	
O1):-0.79	O2):38.641	
O1):-0.812	O2):39.245	
O1):-0.851	O2):48.605	
O1):-0.793	O2):34.477	
O1):-0.817	O2):37.908	
O1):-0.642	O2):26.415	
O1):-0.807	O2):38.093	
O1):-0.689	O2):27.022	
O1):-0.8	O2):37.366	
O1):-0.818	O2):38.238	
O1):-0.746	O2):28.939	
Starting PrismExecutor worker 0 on port 11410
O1):-0.776	O2):33.084	
O1):-0.703	O2):27.242	
O1):-0.835	O2):43.89	
Connected worker 0 to port 11410
O1):-0.806	O2):38.305	
O1):-0.733	O2):31.519	
O1):-0.727	O2):31.035	
O1):-0.803	O2):38.046	
O1):-0.828	O2):43.08	
O1):-0.775	O2):32.27	
O1):-0.859	O2):54.388	
O1):-0.798	O2):34.907	
O1):-0.825	O2):42.504	
O1):-0.697	O2):26.794	
O1):-0.765	O2):32.224	
O1):-0.84	O2):48.237	
O1):-0.703	O2):27.152	
O1):-0.794	O2):35.5	
O1):-0.811	O2):38.552	
O1):-0.838	O2):44.672	
O1):-0.858	O2):53.864	
O1):-0.772	O2):32.369	
O1):-0.721	O2):27.802	
O1):-0.815	O2):37.793	
O1):-0.708	O2):27.431	
O1):-0.807	O2):38.477	
O1):-0.815	O2):37.748	
O1):-0.76	O2):31.633	
O1):-0.603	O2):22.374	
O1):-0.603	O2):22.374	
O1):-0.774	O2):34.029	
O1):-0.799	O2):37.924	
O1):-0.813	O2):39.336	
O1):-0.789	O2):34.298	
O1):-0.799	O2):37.404	
O1):-0.747	O2):31.171	
O1):-0.825	O2):42.495	
O1):-0.797	O2):36.864	
O1):-0.797	O2):36.864	
O1):-0.787	O2):34.053	
O1):-0.781	O2):33.321	
O1):-0.799	O2):37.404	
O1):-0.818	O2):38.331	
O1):-0.776	O2):32.872	
O1):-0.761	O2):31.839	
O1):-0.777	O2):38.167	
O1):-0.817	O2):37.901	
O1):-0.799	O2):37.404	
O1):-0.708	O2):27.412	
O1):-0.794	O2):34.588	
-------------------------------------------------
SOLUTIONS: 	100

Pareto Front and Pareto set saved at: data/ROBOT14_REP4/NSGAII/
Pareto Front: data/ROBOT14_REP4/NSGAII/ROBOT14_REP4_NSGAII_171816_020826_Front
Pareto Set: data/ROBOT14_REP4/NSGAII/ROBOT14_REP4_NSGAII_171816_020826_Set
O1):-0.802	O2):42.902	
O1):-0.825	O2):43.441	
O1):-0.772	O2):32.393	
O1):-0.788	O2):34.885	
O1):-0.689	O2):27.022	
O1):-0.738	O2):29.125	
O1):-0.842	O2):48.077	
O1):-0.806	O2):38.238	
O1):-0.818	O2):38.344	
O1):-0.8	O2):37.433	
O1):-0.79	O2):34.802	
O1):-0.816	O2):38.961	
Evaluations:	3500
O1):-0.797	O2):35.489	
O1):-0.741	O2):31.075	
O1):-0.817	O2):38.023	
O1):-0.716	O2):27.784	
O1):-0.79	O2):34.217	
O1):-0.671	O2):26.53	
O1):-0.776	O2):32.793	
O1):-0.79	O2):34.802	
O1):-0.833	O2):42.737	
O1):-0.772	O2):33.52	
O1):-0.811	O2):38.902	
O1):-0.751	O2):29.46	
O1):-0.654	O2):26.423	
O1):-0.777	O2):33.136	
O1):-0.789	O2):34.978	
O1):-0.776	O2):34.387	
O1):-0.689	O2):27.714	
O1):-0.746	O2):30.278	
O1):-0.804	O2):39.607	
O1):-0.801	O2):35.579	
O1):-0.741	O2):29.286	
O1):-0.789	O2):34.298	
O1):-0.821	O2):38.901	
O1):-0.84	O2):47.921	
O1):-0.77	O2):33.641	
O1):-0.758	O2):31.886	
O1):-0.759	O2):31.56	
O1):-0.784	O2):34.238	
O1):-0.769	O2):33.627	
O1):-0.834	O2):48.401	
O1):-0.719	O2):28.199	
O1):-0.756	O2):31.62	
O1):-0.859	O2):54.24	
O1):-0.818	O2):38.331	
O1):-0.777	O2):33.136	
O1):-0.727	O2):28.647	
O1):-0.757	O2):31.351	
O1):-0.785	O2):33.852	
O1):-0.835	O2):43.759	
O1):-0.708	O2):27.775	
O1):-0.792	O2):43.232	
O1):-0.791	O2):34.323	
O1):-0.747	O2):30.269	
O1):-0.836	O2):45.49	
O1):-0.774	O2):32.07	
O1):-0.671	O2):26.53	
O1):-0.778	O2):33.48	
O1):-0.792	O2):37.826	
O1):-0.754	O2):31.579	
O1):-0.756	O2):31.3	
O1):-0.824	O2):42.417	
O1):-0.842	O2):48.532	
O1):-0.777	O2):32.911	
O1):-0.788	O2):39.66	
O1):-0.843	O2):49.412	
O1):-0.741	O2):31.214	
O1):-0.811	O2):39.498	
O1):-0.743	O2):31.121	
O1):-0.721	O2):28.487	
O1):-0.817	O2):37.886	
O1):-0.759	O2):32.063	
O1):-0.692	O2):30.587	
O1):-0.778	O2):33.154	
O1):-0.716	O2):27.784	
O1):-0.723	O2):27.996	
O1):-0.751	O2):32.278	
O1):-0.761	O2):31.78	
O1):-0.751	O2):31.732	
O1):-0.788	O2):34.738	
O1):-0.824	O2):42.361	
O1):-0.745	O2):30.375	
O1):-0.858	O2):53.864	
O1):-0.842	O2):47.202	
O1):-0.797	O2):36.864	
O1):-0.703	O2):27.152	
O1):-0.816	O2):38.04	
O1):-0.835	O2):43.759	
O1):-0.725	O2):28.862	
O1):-0.791	O2):36.922	
O1):-0.729	O2):29.067	
O1):-0.822	O2):39.172	
O1):-0.769	O2):32.384	
O1):-0.724	O2):28.756	
O1):-0.711	O2):27.732	
O1):-0.789	O2):34.114	
O1):-0.765	O2):32.678	
O1):-0.694	O2):26.539	
O1):-0.812	O2):39.245	
O1):-0.724	O2):28.31	
O1):-0.67	O2):26.362	
O1):-0.738	O2):29.125	
O1):-0.741	O2):29.002	
O1):-0.841	O2):48.057	
O1):-0.722	O2):28.523	
O1):-0.82	O2):38.687	
O1):-0.702	O2):27.095	
O1):-0.792	O2):37.022	
O1):-0.769	O2):32.954	
O1):-0.737	O2):29.018	
O1):-0.723	O2):28.757	
O1):-0.798	O2):36.904	
O1):-0.765	O2):32.224	
O1):-0.704	O2):27.812	
O1):-0.78	O2):33.583	
O1):-0.76	O2):31.684	
O1):-0.72	O2):27.749	
O1):-0.859	O2):54.241	
O1):-0.792	O2):37.782	
O1):-0.841	O2):47.861	
O1):-0.862	O2):54.879	
O1):-0.674	O2):26.719	
O1):-0.818	O2):42.444	
O1):-0.74	O2):31.086	
O1):-0.817	O2):38.093	
O1):-0.748	O2):31.454	
O1):-0.761	O2):31.907	
O1):-0.835	O2):43.759	
O1):-0.771	O2):32.437	
O1):-0.72	O2):27.974	
O1):-0.816	O2):37.876	
O1):-0.724	O2):28.351	
O1):-0.762	O2):34.077	
O1):-0.674	O2):26.732	
O1):-0.77	O2):33.015	
O1):-0.738	O2):29.126	
O1):-0.763	O2):32.196	
O1):-0.836	O2):45.44	
O1):-0.738	O2):29.125	
O1):-0.727	O2):28.924	
O1):-0.817	O2):42.044	
O1):-0.762	O2):32.207	
O1):-0.797	O2):34.759	
O1):-0.776	O2):36.037	
O1):-0.783	O2):38.607	
O1):-0.818	O2):38.238	
O1):-0.779	O2):33.401	
O1):-0.835	O2):43.831	
O1):-0.776	O2):32.828	
O1):-0.776	O2):32.875	
O1):-0.695	O2):26.733	
O1):-0.783	O2):36.315	
O1):-0.723	O2):27.996	
O1):-0.828	O2):43.323	
O1):-0.78	O2):33.496	
O1):-0.82	O2):38.706	
O1):-0.768	O2):32.559	
O1):-0.755	O2):31.532	
O1):-0.785	O2):38.125	
O1):-0.707	O2):27.414	
O1):-0.844	O2):48.641	
O1):-0.749	O2):31.554	
O1):-0.804	O2):38.147	
O1):-0.748	O2):31.813	
O1):-0.821	O2):39.073	
O1):-0.72	O2):27.756	
O1):-0.72	O2):28.126	
O1):-0.78	O2):33.583	
O1):-0.764	O2):32.299	
O1):-0.759	O2):32.063	
O1):-0.806	O2):38.272	
O1):-0.76	O2):31.646	
O1):-0.805	O2):38.259	
O1):-0.834	O2):42.92	
O1):-0.79	O2):33.778	
O1):-0.787	O2):44.578	
O1):-0.859	O2):54.151	
O1):-0.817	O2):37.908	
O1):-0.82	O2):38.825	
O1):-0.726	O2):28.814	
O1):-0.722	O2):27.94	
O1):-0.776	O2):32.931	
O1):-0.724	O2):28.442	
O1):-0.765	O2):32.224	
O1):-0.782	O2):33.681	
O1):-0.762	O2):31.901	
O1):-0.842	O2):48.077	
O1):-0.705	O2):27.398	
O1):-0.793	O2):36.449	
O1):-0.797	O2):35.75	
O1):-0.654	O2):26.423	
Evaluations:	3600
O1):-0.779	O2):34.524	
O1):-0.833	O2):42.699	
O1):-0.746	O2):30.279	
O1):-0.797	O2):34.76	
O1):-0.795	O2):34.171	
O1):-0.724	O2):28.774	
O1):-0.863	O2):54.294	
O1):-0.816	O2):38.961	
O1):-0.765	O2):32.224	
O1):-0.791	O2):33.807	
O1):-0.763	O2):32.196	
O1):-0.778	O2):33.154	
O1):-0.835	O2):43.759	
O1):-0.817	O2):38.022	
O1):-0.72	O2):27.973	
O1):-0.852	O2):50.137	
O1):-0.73	O2):31.24	
O1):-0.743	O2):30.163	
O1):-0.722	O2):27.818	
O1):-0.861	O2):54.501	
O1):-0.775	O2):32.82	
Evaluations:	3800
O1):-0.782	O2):33.772	
O1):-0.769	O2):32.386	
O1):-0.801	O2):37.342	
O1):-0.835	O2):43.759	
O1):-0.738	O2):29.178	
O1):-0.851	O2):49.988	
O1):-0.73	O2):31.24	
O1):-0.793	O2):44.352	
O1):-0.771	O2):33.984	
O1):-0.72	O2):27.749	
O1):-0.782	O2):33.681	
O1):-0.734	O2):28.643	
O1):-0.775	O2):32.902	
O1):-0.853	O2):48.894	
O1):-0.834	O2):42.899	
O1):-0.743	O2):30.163	
O1):-0.744	O2):30.401	
O1):-0.853	O2):48.894	
O1):-0.791	O2):33.775	
O1):-0.759	O2):31.982	
O1):-0.795	O2):34.171	
O1):-0.806	O2):38.842	
O1):-0.821	O2):38.775	
O1):-0.641	O2):26.353	
O1):-0.819	O2):38.459	
O1):-0.818	O2):38.511	
O1):-0.837	O2):48.124	
O1):-0.837	O2):48.124	
O1):-0.76	O2):31.81	
O1):-0.755	O2):31.609	
O1):-0.727	O2):28.746	
O1):-0.756	O2):31.3	
O1):-0.702	O2):27.095	
O1):-0.696	O2):26.818	
O1):-0.672	O2):26.709	
O1):-0.817	O2):37.886	
O1):-0.782	O2):33.681	
O1):-0.779	O2):33.488	
O1):-0.721	O2):29.453	
O1):-0.825	O2):42.781	
O1):-0.785	O2):34.699	
O1):-0.697	O2):26.873	
O1):-0.782	O2):33.69	
O1):-0.76	O2):31.765	
O1):-0.759	O2):31.546	
O1):-0.84	O2):47.922	
O1):-0.784	O2):36.445	
O1):-0.784	O2):33.587	
O1):-0.822	O2):39.172	
O1):-0.787	O2):34.208	
O1):-0.842	O2):47.183	
O1):-0.762	O2):32.207	
O1):-0.791	O2):33.807	
O1):-0.744	O2):31.115	
O1):-0.832	O2):43.282	
O1):-0.78	O2):33.411	
O1):-0.85	O2):48.289	
O1):-0.824	O2):42.425	
O1):-0.826	O2):43.456	
O1):-0.753	O2):32.81	
O1):-0.788	O2):34.951	
O1):-0.758	O2):33.472	
O1):-0.642	O2):26.415	
O1):-0.851	O2):49.951	
O1):-0.816	O2):43.461	
O1):-0.778	O2):33.221	
O1):-0.798	O2):37.154	
O1):-0.775	O2):36.622	
O1):-0.816	O2):37.829	
O1):-0.795	O2):34.137	
O1):-0.836	O2):45.49	
O1):-0.81	O2):38.782	
O1):-0.812	O2):39.213	
O1):-0.747	O2):30.387	
O1):-0.759	O2):31.56	
O1):-0.714	O2):28.389	
O1):-0.716	O2):27.784	
O1):-0.762	O2):32.207	
O1):-0.783	O2):33.862	
O1):-0.741	O2):34.939	
O1):-0.777	O2):36.333	
O1):-0.837	O2):44.367	
O1):-0.707	O2):28.208	
O1):-0.772	O2):32.369	
O1):-0.79	O2):34.217	
O1):-0.809	O2):38.639	
O1):-0.784	O2):34.273	
O1):-0.836	O2):43.359	
O1):-0.796	O2):36.742	
O1):-0.763	O2):32.133	
O1):-0.787	O2):34.87	
O1):-0.843	O2):49.412	
O1):-0.727	O2):28.65	
O1):-0.765	O2):32.495	
O1):-0.787	O2):34.052	
O1):-0.759	O2):33.453	
O1):-0.775	O2):32.82	
O1):-0.862	O2):54.879	
O1):-0.7	O2):27.187	
O1):-0.768	O2):33.141	
O1):-0.796	O2):36.558	
O1):-0.711	O2):27.732	
O1):-0.76	O2):31.699	
O1):-0.746	O2):30.378	
O1):-0.834	O2):43.835	
O1):-0.707	O2):27.468	
O1):-0.738	O2):29.125	
O1):-0.742	O2):35.169	
O1):-0.815	O2):37.717	
O1):-0.787	O2):34.222	
O1):-0.641	O2):26.353	
O1):-0.85	O2):48.083	
O1):-0.773	O2):32.51	
O1):-0.772	O2):32.393	
O1):-0.671	O2):26.525	
O1):-0.775	O2):32.779	
O1):-0.795	O2):44.388	
O1):-0.73	O2):31.24	
O1):-0.791	O2):35.184	
O1):-0.81	O2):38.782	
O1):-0.819	O2):38.724	
O1):-0.825	O2):42.498	
O1):-0.843	O2):49.412	
O1):-0.735	O2):28.609	
O1):-0.741	O2):31.137	
O1):-0.791	O2):34.476	
O1):-0.777	O2):32.815	
O1):-0.788	O2):34.738	
O1):-0.761	O2):31.873	
O1):-0.836	O2):44.135	
O1):-0.806	O2):38.272	
O1):-0.784	O2):33.588	
O1):-0.727	O2):28.746	
O1):-0.696	O2):26.818	
O1):-0.776	O2):32.931	
O1):-0.737	O2):28.372	
O1):-0.726	O2):28.805	
O1):-0.844	O2):48.461	
O1):-0.781	O2):33.467	
O1):-0.784	O2):36.445	
O1):-0.816	O2):37.744	
O1):-0.781	O2):33.45	
O1):-0.818	O2):38.281	
O1):-0.643	O2):26.888	
O1):-0.756	O2):31.62	
O1):-0.643	O2):27.175	
O1):-0.777	O2):36.191	
O1):-0.726	O2):30.938	
O1):-0.776	O2):33.016	
O1):-0.779	O2):33.081	
O1):-0.709	O2):27.699	
O1):-0.718	O2):27.453	
O1):-0.728	O2):28.949	
O1):-0.654	O2):26.423	
O1):-0.78	O2):33.411	
O1):-0.795	O2):34.171	
O1):-0.722	O2):28.997	
O1):-0.859	O2):53.205	
O1):-0.7	O2):26.896	
O1):-0.773	O2):32.47	
O1):-0.836	O2):44.159	
O1):-0.836	O2):45.44	
O1):-0.797	O2):35.741	
O1):-0.79	O2):33.768	
O1):-0.67	O2):26.362	
O1):-0.761	O2):31.873	
O1):-0.845	O2):48.832	
O1):-0.737	O2):29.018	
O1):-0.817	O2):37.886	
O1):-0.71	O2):27.626	
O1):-0.803	O2):37.774	
O1):-0.669	O2):26.39	
O1):-0.754	O2):31.3	
O1):-0.67	O2):26.362	
O1):-0.843	O2):49.412	
O1):-0.724	O2):28.836	
O1):-0.705	O2):27.398	
O1):-0.793	O2):34.477	
O1):-0.73	O2):31.24	
O1):-0.724	O2):28.76	
O1):-0.757	O2):31.567	
O1):-0.803	O2):38.319	
O1):-0.697	O2):26.873	
O1):-0.844	O2):48.465	
O1):-0.714	O2):28.389	
O1):-0.778	O2):33.175	
O1):-0.794	O2):38.338	
O1):-0.785	O2):33.852	
O1):-0.815	O2):39.8	
O1):-0.782	O2):33.681	
O1):-0.643	O2):26.471	
O1):-0.783	O2):33.785	
O1):-0.833	O2):42.566	
O1):-0.761	O2):31.763	
O1):-0.748	O2):31.344	
O1):-0.819	O2):38.724	
O1):-0.794	O2):35.5	
O1):-0.714	O2):27.387	
O1):-0.762	O2):32.247	
O1):-0.776	O2):32.792	
O1):-0.761	O2):32.275	
O1):-0.745	O2):31.43	
O1):-0.746	O2):30.278	
O1):-0.807	O2):38.293	
O1):-0.851	O2):49.988	
O1):-0.786	O2):34.16	
O1):-0.78	O2):40.023	
O1):-0.834	O2):47.527	
O1):-0.762	O2):32.182	
O1):-0.654	O2):26.44	
O1):-0.816	O2):37.892	
O1):-0.761	O2):31.956	
O1):-0.818	O2):38.331	
O1):-0.803	O2):38.046	
O1):-0.779	O2):33.569	
O1):-0.844	O2):48.461	
O1):-0.793	O2):35.294	
O1):-0.717	O2):28.74	
O1):-0.796	O2):34.916	
O1):-0.744	O2):31.164	
O1):-0.834	O2):42.92	
O1):-0.775	O2):32.492	
O1):-0.763	O2):32.282	
O1):-0.73	O2):29.099	
O1):-0.787	O2):34.208	
O1):-0.65	O2):26.181	
O1):-0.827	O2):42.997	
O1):-0.748	O2):31.347	
O1):-0.795	O2):34.733	
O1):-0.818	O2):42.444	
O1):-0.714	O2):27.387	
O1):-0.714	O2):27.387	
O1):-0.7	O2):27.187	
O1):-0.705	O2):27.416	
O1):-0.789	O2):35.096	
O1):-0.698	O2):27.082	
Evaluations:	3700
O1):-0.829	O2):43.493	
Starting PrismExecutor worker 1 on port 11401
O1):-0.685	O2):30.971	
Connected worker 1 to port 11401
O1):-0.852	O2):50.3	
O1):-0.785	O2):33.852	
O1):-0.702	O2):27.51	
O1):-0.762	O2):31.901	
O1):-0.83	O2):53.633	
O1):-0.783	O2):33.416	
O1):-0.858	O2):54.129	
O1):-0.834	O2):43.835	
O1):-0.81	O2):38.8	
O1):-0.697	O2):26.849	
O1):-0.796	O2):36.558	
O1):-0.821	O2):39.073	
O1):-0.765	O2):32.224	
O1):-0.798	O2):34.761	
O1):-0.803	O2):38.046	
O1):-0.775	O2):32.82	
O1):-0.818	O2):38.331	
O1):-0.724	O2):28.351	
O1):-0.797	O2):34.671	
O1):-0.761	O2):31.839	
O1):-0.81	O2):39.714	
O1):-0.785	O2):33.852	
O1):-0.795	O2):44.388	
O1):-0.853	O2):50.508	
O1):-0.744	O2):31.164	
O1):-0.806	O2):38.305	
O1):-0.748	O2):31.345	
O1):-0.762	O2):31.988	
O1):-0.831	O2):44.555	
O1):-0.834	O2):42.92	
O1):-0.796	O2):34.915	
O1):-0.801	O2):35.579	
O1):-0.837	O2):44.493	
O1):-0.794	O2):35.5	
O1):-0.721	O2):28.487	
O1):-0.717	O2):28.74	
O1):-0.786	O2):34.116	
O1):-0.706	O2):27.588	
O1):-0.706	O2):27.432	
O1):-0.788	O2):33.742	
O1):-0.813	O2):39.311	
O1):-0.852	O2):48.838	
O1):-0.78	O2):33.261	
O1):-0.768	O2):32.881	
O1):-0.705	O2):27.195	
O1):-0.819	O2):38.425	
O1):-0.818	O2):38.281	
O1):-0.799	O2):34.993	
O1):-0.819	O2):38.575	
O1):-0.721	O2):27.723	
O1):-0.751	O2):29.46	
O1):-0.724	O2):28.3	
O1):-0.74	O2):29.437	
O1):-0.834	O2):47.527	
O1):-0.834	O2):48.401	
O1):-0.852	O2):50.137	
O1):-0.784	O2):34.219	
O1):-0.721	O2):27.723	
O1):-0.816	O2):37.744	
O1):-0.705	O2):27.195	
O1):-0.735	O2):28.648	
O1):-0.806	O2):38.271	
O1):-0.746	O2):30.278	
O1):-0.738	O2):29.125	
O1):-0.85	O2):48.292	
O1):-0.807	O2):38.293	
O1):-0.671	O2):26.53	
O1):-0.742	O2):34.097	
O1):-0.803	O2):38.046	
O1):-0.852	O2):57.71	
O1):-0.756	O2):31.62	
O1):-0.792	O2):36.962	
O1):-0.8	O2):35.493	
O1):-0.792	O2):36.315	
O1):-0.792	O2):36.315	
O1):-0.706	O2):27.436	
O1):-0.793	O2):35.294	
O1):-0.836	O2):43.359	
O1):-0.76	O2):31.765	
O1):-0.845	O2):48.837	
O1):-0.775	O2):35.772	
O1):-0.816	O2):37.892	
O1):-0.811	O2):38.552	
O1):-0.758	O2):33.256	
O1):-0.707	O2):27.371	
O1):-0.852	O2):50.3	
O1):-0.826	O2):43.905	
O1):-0.762	O2):32.106	
O1):-0.801	O2):37.342	
O1):-0.85	O2):48.083	
O1):-0.671	O2):26.524	
O1):-0.719	O2):28.104	
Evaluations:	3700
O1):-0.769	O2):32.386	
O1):-0.799	O2):34.993	
O1):-0.778	O2):36.371	
O1):-0.744	O2):30.45	
O1):-0.789	O2):34.29	
O1):-0.824	O2):42.361	
O1):-0.761	O2):31.778	
O1):-0.832	O2):43.047	
O1):-0.776	O2):32.588	
O1):-0.747	O2):30.272	
O1):-0.784	O2):33.72	
O1):-0.671	O2):26.53	
O1):-0.786	O2):34.124	
O1):-0.834	O2):44.934	
O1):-0.75	O2):35.787	
O1):-0.826	O2):42.912	
O1):-0.802	O2):37.328	
O1):-0.835	O2):43.76	
O1):-0.762	O2):32.12	
Starting PrismExecutor worker 3 on port 11403
O1):-0.779	O2):33.033	
Connected worker 3 to port 11403
O1):-0.727	O2):28.924	
O1):-0.741	O2):30.05	
O1):-0.74	O2):29.437	
O1):-0.761	O2):31.978	
O1):-0.778	O2):33.154	
O1):-0.842	O2):47.183	
O1):-0.76	O2):32.174	
O1):-0.761	O2):31.873	
O1):-0.73	O2):29.099	
O1):-0.784	O2):33.588	
O1):-0.765	O2):32.274	
O1):-0.833	O2):43.471	
O1):-0.84	O2):48.237	
O1):-0.781	O2):33.349	
O1):-0.788	O2):34.885	
O1):-0.843	O2):48.505	
O1):-0.781	O2):33.265	
O1):-0.729	O2):29.067	
O1):-0.779	O2):33.518	
O1):-0.798	O2):35.853	
O1):-0.724	O2):28.442	
O1):-0.758	O2):31.303	
O1):-0.721	O2):28.491	
O1):-0.842	O2):48.077	
O1):-0.78	O2):33.26	
O1):-0.767	O2):32.671	
O1):-0.79	O2):33.768	
O1):-0.816	O2):37.864	
O1):-0.783	O2):33.416	
O1):-0.738	O2):29.128	
O1):-0.858	O2):54.129	
O1):-0.817	O2):37.884	
O1):-0.697	O2):26.873	
O1):-0.705	O2):27.195	
O1):-0.706	O2):27.441	
O1):-0.76	O2):31.791	
O1):-0.844	O2):48.641	
O1):-0.792	O2):37.782	
O1):-0.801	O2):37.628	
O1):-0.757	O2):33.106	
Evaluations:	3700
O1):-0.722	O2):27.818	
O1):-0.799	O2):37.265	
O1):-0.78	O2):33.201	
O1):-0.844	O2):48.641	
O1):-0.783	O2):33.416	
O1):-0.747	O2):32.055	
O1):-0.769	O2):33.264	
O1):-0.724	O2):28.351	
O1):-0.79	O2):33.778	
O1):-0.832	O2):42.492	
O1):-0.775	O2):34.047	
O1):-0.8	O2):37.366	
O1):-0.795	O2):34.733	
O1):-0.675	O2):26.802	
O1):-0.794	O2):43.781	
O1):-0.756	O2):31.402	
O1):-0.776	O2):37.764	
O1):-0.705	O2):27.398	
O1):-0.815	O2):37.793	
O1):-0.843	O2):48.505	
O1):-0.825	O2):42.633	
O1):-0.643	O2):26.471	
O1):-0.791	O2):33.807	
O1):-0.797	O2):34.669	
O1):-0.787	O2):34.87	
O1):-0.781	O2):33.758	
O1):-0.835	O2):43.89	
O1):-0.738	O2):29.178	
O1):-0.707	O2):27.408	
O1):-0.828	O2):43.362	
O1):-0.759	O2):31.982	
O1):-0.777	O2):33.136	
O1):-0.849	O2):47.981	
O1):-0.705	O2):27.398	
O1):-0.749	O2):31.796	
O1):-0.762	O2):32.365	
O1):-0.787	O2):39.472	
O1):-0.776	O2):32.872	
O1):-0.766	O2):32.638	
O1):-0.788	O2):39.66	
O1):-0.817	O2):37.901	
O1):-0.77	O2):33.224	
O1):-0.742	O2):30.11	
O1):-0.779	O2):38.316	
O1):-0.752	O2):32.705	
O1):-0.728	O2):31.052	
O1):-0.671	O2):26.488	
O1):-0.726	O2):28.797	
O1):-0.795	O2):34.649	
O1):-0.809	O2):38.639	
O1):-0.794	O2):35.336	
O1):-0.704	O2):27.191	
O1):-0.78	O2):33.201	
O1):-0.786	O2):34.16	
O1):-0.722	O2):27.742	
O1):-0.749	O2):31.554	
O1):-0.761	O2):31.908	
O1):-0.826	O2):43.905	
O1):-0.72	O2):28.124	
O1):-0.797	O2):34.669	
O1):-0.786	O2):33.7	
O1):-0.65	O2):26.181	
O1):-0.757	O2):31.564	
O1):-0.782	O2):33.772	
O1):-0.818	O2):38.522	
O1):-0.819	O2):38.661	
O1):-0.768	O2):32.787	
O1):-0.786	O2):34.116	
O1):-0.671	O2):26.488	
Starting PrismExecutor worker 4 on port 11494
Connected worker 4 to port 11494
O1):-0.743	O2):33.053	
O1):-0.829	O2):43.493	
O1):-0.792	O2):37.86	
O1):-0.8	O2):37.42	
O1):-0.716	O2):27.784	
O1):-0.852	O2):50.3	
O1):-0.807	O2):38.293	
O1):-0.759	O2):31.537	
O1):-0.786	O2):33.613	
O1):-0.817	O2):38.107	
O1):-0.792	O2):35.283	
O1):-0.767	O2):34.273	
O1):-0.794	O2):36.591	
O1):-0.747	O2):31.513	
O1):-0.741	O2):31.166	
O1):-0.776	O2):32.995	
O1):-0.775	O2):32.532	
O1):-0.759	O2):31.982	
O1):-0.778	O2):33.552	
O1):-0.779	O2):33.569	
O1):-0.743	O2):30.086	
O1):-0.76	O2):31.642	
O1):-0.741	O2):31.062	
O1):-0.739	O2):30.895	
O1):-0.739	O2):30.895	
O1):-0.727	O2):28.924	
O1):-0.818	O2):38.344	
O1):-0.72	O2):27.974	
O1):-0.721	O2):27.772	
O1):-0.796	O2):34.679	
O1):-0.778	O2):33.162	
O1):-0.753	O2):32.892	
O1):-0.836	O2):43.771	
O1):-0.724	O2):28.774	
O1):-0.775	O2):32.792	
O1):-0.697	O2):26.873	
O1):-0.722	O2):28.534	
O1):-0.743	O2):31.121	
O1):-0.714	O2):28.389	
O1):-0.84	O2):48.237	
O1):-0.797	O2):36.652	
O1):-0.862	O2):54.097	
O1):-0.817	O2):40.269	
O1):-0.684	O2):31.082	
O1):-0.76	O2):31.766	
O1):-0.729	O2):29.067	
O1):-0.761	O2):40.26	
O1):-0.671	O2):26.524	
O1):-0.7	O2):27.187	
O1):-0.801	O2):37.437	
O1):-0.791	O2):34.415	
O1):-0.779	O2):33.155	
O1):-0.728	O2):28.949	
O1):-0.724	O2):28.351	
O1):-0.793	O2):34.55	
O1):-0.716	O2):27.784	
O1):-0.835	O2):43.965	
O1):-0.73	O2):29.099	
O1):-0.775	O2):32.781	
O1):-0.762	O2):32.365	
O1):-0.732	O2):31.36	
O1):-0.815	O2):39.768	
O1):-0.76	O2):31.684	
O1):-0.758	O2):31.303	
O1):-0.724	O2):28.442	
O1):-0.797	O2):36.864	
O1):-0.756	O2):31.555	
O1):-0.795	O2):35.555	
O1):-0.782	O2):33.499	
O1):-0.801	O2):37.342	
O1):-0.835	O2):43.831	
O1):-0.778	O2):33.005	
O1):-0.837	O2):44.534	
Evaluations:	3900
O1):-0.741	O2):29.366	
O1):-0.775	O2):32.82	
O1):-0.705	O2):27.416	
O1):-0.775	O2):32.757	
O1):-0.79	O2):33.768	
O1):-0.801	O2):42.876	
O1):-0.819	O2):38.425	
O1):-0.784	O2):33.587	
O1):-0.768	O2):32.366	
O1):-0.708	O2):27.443	
O1):-0.791	O2):35.184	
Evaluations:	3400
O1):-0.765	O2):32.567	
O1):-0.697	O2):26.794	
O1):-0.791	O2):34.415	
O1):-0.695	O2):26.733	
O1):-0.738	O2):29.178	
O1):-0.758	O2):33.052	
O1):-0.72	O2):27.719	
O1):-0.706	O2):27.588	
O1):-0.843	O2):48.505	
O1):-0.834	O2):43.825	
O1):-0.764	O2):32.294	
O1):-0.78	O2):33.619	
O1):-0.791	O2):33.807	
O1):-0.697	O2):26.828	
O1):-0.675	O2):26.738	
O1):-0.761	O2):31.956	
O1):-0.797	O2):35.489	
O1):-0.74	O2):34.873	
O1):-0.833	O2):42.511	
O1):-0.815	O2):39.779	
O1):-0.784	O2):34.219	
O1):-0.781	O2):38.882	
O1):-0.721	O2):27.772	
O1):-0.705	O2):27.17	
O1):-0.858	O2):54.129	
O1):-0.801	O2):35.579	
O1):-0.759	O2):31.417	
O1):-0.785	O2):34.018	
O1):-0.801	O2):35.579	
Starting PrismExecutor worker 3 on port 11473
O1):-0.703	O2):27.242	
O1):-0.835	O2):43.831	
O1):-0.793	O2):34.653	
O1):-0.849	O2):49.534	
O1):-0.756	O2):31.62	
Connected worker 3 to port 11473
O1):-0.844	O2):49.129	
O1):-0.785	O2):34.008	
O1):-0.818	O2):38.607	
O1):-0.746	O2):30.384	
O1):-0.765	O2):32.383	
O1):-0.74	O2):31.048	
O1):-0.85	O2):53.986	
O1):-0.836	O2):44.023	
O1):-0.842	O2):47.136	
O1):-0.862	O2):54.879	
O1):-0.81	O2):38.8	
O1):-0.774	O2):32.965	
O1):-0.765	O2):32.224	
O1):-0.784	O2):38.612	
O1):-0.788	O2):39.662	
O1):-0.725	O2):28.704	
O1):-0.783	O2):33.532	
O1):-0.832	O2):42.869	
O1):-0.765	O2):32.495	
O1):-0.757	O2):31.528	
O1):-0.722	O2):27.742	
O1):-0.773	O2):33.794	
O1):-0.795	O2):34.733	
O1):-0.793	O2):36.439	
O1):-0.702	O2):27.095	
O1):-0.776	O2):32.165	
O1):-0.775	O2):33.294	
O1):-0.747	O2):30.269	
O1):-0.85	O2):48.289	
O1):-0.76	O2):31.646	
O1):-0.755	O2):31.348	
O1):-0.729	O2):29.067	
O1):-0.733	O2):31.584	
O1):-0.702	O2):27.095	
O1):-0.781	O2):33.349	
O1):-0.849	O2):49.52	
O1):-0.746	O2):30.384	
O1):-0.834	O2):47.527	
O1):-0.762	O2):32.365	
O1):-0.797	O2):36.864	
O1):-0.834	O2):48.401	
O1):-0.8	O2):37.53	
O1):-0.815	O2):39.768	
O1):-0.795	O2):34.171	
O1):-0.761	O2):31.956	
O1):-0.779	O2):39.965	
O1):-0.669	O2):26.39	
O1):-0.754	O2):31.579	
O1):-0.747	O2):30.387	
O1):-0.696	O2):26.818	
O1):-0.798	O2):37.977	
O1):-0.708	O2):27.431	
O1):-0.779	O2):36.38	
O1):-0.842	O2):47.136	
O1):-0.746	O2):28.939	
O1):-0.701	O2):26.898	
O1):-0.728	O2):28.949	
O1):-0.749	O2):31.379	
Evaluations:	3400
O1):-0.719	O2):28.104	
O1):-0.722	O2):27.94	
O1):-0.816	O2):37.829	
O1):-0.706	O2):27.432	
O1):-0.747	O2):31.3	
O1):-0.823	O2):43.105	
O1):-0.721	O2):28.487	
O1):-0.801	O2):37.437	
O1):-0.835	O2):43.89	
O1):-0.765	O2):32.495	
O1):-0.817	O2):40.23	
O1):-0.741	O2):30.072	
O1):-0.746	O2):30.384	
O1):-0.727	O2):28.935	
O1):-0.845	O2):49.486	
O1):-0.797	O2):37.916	
O1):-0.819	O2):38.425	
O1):-0.801	O2):37.342	
O1):-0.833	O2):43.474	
O1):-0.797	O2):37.963	
O1):-0.765	O2):32.383	
O1):-0.702	O2):27.132	
O1):-0.705	O2):27.195	
O1):-0.771	O2):33.931	
O1):-0.815	O2):37.737	
O1):-0.819	O2):38.459	
O1):-0.853	O2):48.894	
O1):-0.754	O2):31.3	
O1):-0.724	O2):28.267	
O1):-0.795	O2):34.137	
O1):-0.771	O2):33.484	
O1):-0.701	O2):27.32	
O1):-0.801	O2):37.649	
O1):-0.85	O2):48.289	
O1):-0.774	O2):32.07	
O1):-0.775	O2):35.771	
O1):-0.725	O2):28.934	
O1):-0.747	O2):32.051	
O1):-0.721	O2):27.802	
O1):-0.786	O2):33.613	
O1):-0.774	O2):33.673	
O1):-0.853	O2):50.524	
O1):-0.722	O2):27.742	
O1):-0.833	O2):42.511	
O1):-0.738	O2):29.125	
O1):-0.791	O2):35.653	
O1):-0.747	O2):31.23	
O1):-0.776	O2):32.846	
O1):-0.779	O2):33.081	
O1):-0.7	O2):27.198	
O1):-0.725	O2):28.808	
O1):-0.738	O2):29.178	
O1):-0.643	O2):26.472	
Starting PrismExecutor worker 2 on port 11462
O1):-0.777	O2):32.814	
O1):-0.803	O2):42.546	
Connected worker 2 to port 11462
O1):-0.759	O2):32.068	
O1):-0.738	O2):29.125	
O1):-0.798	O2):35.853	
O1):-0.705	O2):27.17	
O1):-0.851	O2):49.952	
O1):-0.65	O2):26.181	
O1):-0.774	O2):33.051	
O1):-0.779	O2):33.518	
O1):-0.789	O2):34.114	
O1):-0.797	O2):37.112	
O1):-0.683	O2):30.679	
O1):-0.818	O2):38.363	
O1):-0.743	O2):30.086	
O1):-0.843	O2):48.505	
O1):-0.769	O2):32.843	
O1):-0.852	O2):50.3	
O1):-0.777	O2):32.911	
O1):-0.715	O2):27.745	
O1):-0.796	O2):36.558	
O1):-0.818	O2):38.238	
O1):-0.642	O2):26.415	
O1):-0.718	O2):28.25	
O1):-0.817	O2):38.022	
O1):-0.851	O2):49.951	
O1):-0.788	O2):34.731	
O1):-0.845	O2):49.335	
O1):-0.734	O2):31.821	
O1):-0.742	O2):31.378	
O1):-0.726	O2):30.93	
O1):-0.707	O2):28.208	
O1):-0.835	O2):43.759	
O1):-0.705	O2):27.416	
O1):-0.844	O2):48.64	
O1):-0.794	O2):35.5	
O1):-0.761	O2):31.956	
O1):-0.801	O2):35.579	
O1):-0.789	O2):34.978	
O1):-0.761	O2):31.839	
O1):-0.705	O2):27.195	
O1):-0.861	O2):54.501	
O1):-0.79	O2):34.901	
O1):-0.698	O2):27.082	
O1):-0.832	O2):42.492	
O1):-0.701	O2):26.866	
O1):-0.751	O2):29.46	
O1):-0.775	O2):32.82	
O1):-0.674	O2):26.745	
Evaluations:	3600
O1):-0.723	O2):28.494	
O1):-0.776	O2):37.764	
O1):-0.799	O2):35.486	
O1):-0.803	O2):37.774	
O1):-0.759	O2):32.063	
O1):-0.797	O2):36.871	
O1):-0.748	O2):31.344	
O1):-0.78	O2):33.42	
O1):-0.728	O2):31.052	
O1):-0.761	O2):31.844	
O1):-0.785	O2):33.852	
O1):-0.811	O2):38.552	
O1):-0.828	O2):43.362	
O1):-0.821	O2):38.775	
O1):-0.788	O2):34.355	
O1):-0.853	O2):49.184	
O1):-0.819	O2):38.575	
O1):-0.747	O2):30.387	
O1):-0.821	O2):39.073	
O1):-0.768	O2):32.96	
O1):-0.759	O2):31.464	
O1):-0.817	O2):40.269	
O1):-0.746	O2):30.278	
O1):-0.761	O2):31.763	
O1):-0.775	O2):32.492	
O1):-0.838	O2):44.672	
O1):-0.797	O2):34.667	
O1):-0.745	O2):31.282	
O1):-0.763	O2):32.133	
O1):-0.793	O2):37.244	
O1):-0.862	O2):54.097	
O1):-0.796	O2):34.915	
O1):-0.777	O2):33.121	
O1):-0.701	O2):26.866	
O1):-0.809	O2):38.635	
O1):-0.859	O2):54.24	
O1):-0.816	O2):37.744	
O1):-0.824	O2):42.361	
O1):-0.817	O2):37.908	
O1):-0.801	O2):37.342	
O1):-0.722	O2):28.01	
O1):-0.802	O2):38.171	
O1):-0.757	O2):31.351	
O1):-0.812	O2):39.213	
O1):-0.773	O2):32.445	
O1):-0.722	O2):27.819	
O1):-0.772	O2):32.369	
O1):-0.751	O2):29.46	
O1):-0.817	O2):42.044	
O1):-0.728	O2):28.976	
O1):-0.775	O2):35.831	
O1):-0.702	O2):27.095	
O1):-0.671	O2):26.488	
O1):-0.822	O2):39.172	
O1):-0.81	O2):40.434	
O1):-0.791	O2):34.323	
O1):-0.724	O2):28.351	
O1):-0.815	O2):37.717	
O1):-0.835	O2):43.89	
O1):-0.719	O2):28.104	
O1):-0.71	O2):27.636	
O1):-0.858	O2):53.184	
O1):-0.73	O2):29.099	
O1):-0.709	O2):27.727	
O1):-0.801	O2):37.628	
Starting PrismExecutor worker 2 on port 11402
O1):-0.795	O2):34.137	
Connected worker 2 to port 11402
O1):-0.79	O2):34.802	
O1):-0.726	O2):31.375	
O1):-0.778	O2):33.01	
O1):-0.828	O2):43.362	
O1):-0.762	O2):32.106	
O1):-0.842	O2):48.553	
O1):-0.671	O2):26.53	
O1):-0.761	O2):31.963	
O1):-0.789	O2):34.29	
O1):-0.744	O2):31.164	
O1):-0.819	O2):38.459	
O1):-0.775	O2):32.792	
O1):-0.779	O2):33.518	
O1):-0.793	O2):36.439	
O1):-0.705	O2):27.384	
O1):-0.78	O2):33.173	
O1):-0.763	O2):32.282	
O1):-0.791	O2):35.184	
O1):-0.818	O2):38.511	
O1):-0.791	O2):34.415	
O1):-0.76	O2):31.646	
O1):-0.817	O2):37.886	
O1):-0.784	O2):33.959	
O1):-0.833	O2):43.471	
O1):-0.749	O2):31.554	
O1):-0.721	O2):27.786	
O1):-0.835	O2):43.759	
O1):-0.85	O2):48.289	
O1):-0.682	O2):30.715	
O1):-0.762	O2):32.085	
O1):-0.795	O2):34.171	
O1):-0.792	O2):36.315	
O1):-0.818	O2):40.364	
O1):-0.826	O2):42.912	
O1):-0.756	O2):31.3	
O1):-0.862	O2):54.097	
O1):-0.762	O2):31.992	
O1):-0.744	O2):31.164	
O1):-0.859	O2):53.205	
O1):-0.794	O2):34.385	
O1):-0.709	O2):27.702	
O1):-0.698	O2):27.082	
O1):-0.782	O2):33.68	
Evaluations:	3900
O1):-0.79	O2):33.768	
O1):-0.769	O2):32.384	
O1):-0.818	O2):38.238	
O1):-0.799	O2):41.712	
O1):-0.705	O2):27.169	
O1):-0.773	O2):32.47	
O1):-0.824	O2):42.425	
O1):-0.827	O2):43.461	
O1):-0.819	O2):38.459	
O1):-0.818	O2):38.511	
O1):-0.749	O2):31.555	
O1):-0.844	O2):48.461	
O1):-0.758	O2):31.295	
O1):-0.776	O2):32.828	
O1):-0.722	O2):27.742	
O1):-0.787	O2):34.052	
O1):-0.761	O2):31.745	
O1):-0.717	O2):27.668	
O1):-0.719	O2):28.192	
O1):-0.643	O2):26.472	
O1):-0.772	O2):32.87	
O1):-0.797	O2):36.652	
O1):-0.801	O2):37.342	
O1):-0.745	O2):31.482	
O1):-0.776	O2):32.995	
O1):-0.763	O2):32.196	
O1):-0.84	O2):47.921	
O1):-0.734	O2):28.643	
O1):-0.809	O2):38.639	
O1):-0.78	O2):33.42	
O1):-0.789	O2):35.096	
O1):-0.779	O2):33.198	
O1):-0.82	O2):38.687	
O1):-0.859	O2):53.205	
O1):-0.781	O2):33.787	
O1):-0.74	O2):29.438	
O1):-0.786	O2):38.898	
O1):-0.774	O2):34.043	
O1):-0.818	O2):38.331	
O1):-0.753	O2):32.725	
O1):-0.765	O2):32.224	
O1):-0.744	O2):30.365	
O1):-0.723	O2):28.757	
O1):-0.788	O2):34.738	
O1):-0.741	O2):31.192	
O1):-0.784	O2):34.219	
O1):-0.778	O2):33.567	
O1):-0.772	O2):33.18	
O1):-0.742	O2):30.11	
O1):-0.816	O2):37.966	
O1):-0.691	O2):30.379	
O1):-0.808	O2):38.496	
O1):-0.834	O2):43.835	
O1):-0.829	O2):53.496	
O1):-0.816	O2):37.744	
O1):-0.714	O2):28.389	
O1):-0.791	O2):35.184	
O1):-0.805	O2):38.27	
O1):-0.833	O2):43.49	
O1):-0.808	O2):38.325	
O1):-0.697	O2):26.873	
O1):-0.778	O2):33.154	
O1):-0.805	O2):39.032	
O1):-0.844	O2):49.133	
O1):-0.858	O2):53.864	
O1):-0.799	O2):37.307	
O1):-0.759	O2):31.56	
O1):-0.812	O2):39.213	
Starting PrismExecutor worker 3 on port 11463
O1):-0.775	O2):32.757	
Connected worker 3 to port 11463
O1):-0.763	O2):32.196	
O1):-0.674	O2):26.719	
O1):-0.816	O2):40.131	
O1):-0.776	O2):32.69	
O1):-0.74	O2):29.437	
O1):-0.842	O2):48.231	
O1):-0.711	O2):27.732	
O1):-0.694	O2):26.539	
O1):-0.795	O2):37.996	
O1):-0.826	O2):42.98	
O1):-0.784	O2):33.829	
O1):-0.781	O2):38.882	
O1):-0.788	O2):39.269	
O1):-0.814	O2):37.664	
O1):-0.757	O2):31.564	
O1):-0.793	O2):34.576	
O1):-0.849	O2):49.52	
O1):-0.792	O2):43.537	
O1):-0.775	O2):32.82	
O1):-0.799	O2):34.993	
O1):-0.794	O2):36.966	
O1):-0.818	O2):38.281	
O1):-0.834	O2):44.042	
O1):-0.793	O2):34.579	
O1):-0.841	O2):47.942	
O1):-0.836	O2):43.37	
O1):-0.73	O2):29.099	
O1):-0.85	O2):48.289	
O1):-0.761	O2):31.763	
O1):-0.725	O2):28.847	
O1):-0.768	O2):32.366	
O1):-0.806	O2):38.271	
O1):-0.818	O2):40.364	
O1):-0.8	O2):37.42	
O1):-0.745	O2):31.282	
O1):-0.762	O2):32.207	
O1):-0.825	O2):42.473	
O1):-0.743	O2):31.481	
O1):-0.716	O2):27.784	
O1):-0.737	O2):28.379	
O1):-0.763	O2):32.133	
O1):-0.778	O2):33.421	
O1):-0.72	O2):27.749	
O1):-0.746	O2):30.153	
O1):-0.78	O2):33.42	
O1):-0.747	O2):30.326	
O1):-0.603	O2):22.374	
O1):-0.819	O2):38.459	
O1):-0.775	O2):34.047	
O1):-0.76	O2):31.729	
O1):-0.8	O2):41.305	
O1):-0.675	O2):26.738	
O1):-0.71	O2):32.358	
O1):-0.834	O2):48.401	
O1):-0.743	O2):30.086	
O1):-0.659	O2):27.056	
O1):-0.85	O2):48.289	
O1):-0.798	O2):34.736	
O1):-0.711	O2):27.733	
O1):-0.784	O2):34.219	
O1):-0.701	O2):26.866	
O1):-0.801	O2):35.579	
O1):-0.764	O2):32.294	
O1):-0.842	O2):47.136	
O1):-0.815	O2):37.717	
O1):-0.702	O2):27.51	
O1):-0.799	O2):37.32	
O1):-0.818	O2):38.297	
O1):-0.793	O2):34.656	
O1):-0.803	O2):37.806	
O1):-0.776	O2):32.792	
O1):-0.801	O2):37.618	
O1):-0.773	O2):32.47	
O1):-0.859	O2):54.151	
O1):-0.862	O2):54.099	
O1):-0.816	O2):38.961	
O1):-0.705	O2):27.384	
O1):-0.752	O2):32.705	
O1):-0.786	O2):34.897	
O1):-0.8	O2):35.327	
O1):-0.845	O2):48.09	
O1):-0.826	O2):43.456	
O1):-0.746	O2):30.278	
O1):-0.747	O2):30.269	
O1):-0.722	O2):28.534	
O1):-0.726	O2):30.921	
O1):-0.78	O2):33.619	
O1):-0.708	O2):27.431	
O1):-0.756	O2):31.402	
Evaluations:	3700
O1):-0.701	O2):27.217	
O1):-0.808	O2):38.496	
O1):-0.799	O2):37.922	
O1):-0.817	O2):37.901	
O1):-0.777	O2):36.046	
O1):-0.757	O2):31.351	
O1):-0.744	O2):31.164	
O1):-0.807	O2):38.293	
O1):-0.761	O2):31.839	
O1):-0.845	O2):49.405	
O1):-0.804	O2):43.456	
O1):-0.836	O2):43.898	
O1):-0.804	O2):38.139	
O1):-0.835	O2):43.995	
O1):-0.749	O2):31.554	
O1):-0.799	O2):37.32	
Starting PrismExecutor worker 1 on port 11431
O1):-0.825	O2):42.473	
Connected worker 1 to port 11431
O1):-0.82	O2):38.687	
O1):-0.775	O2):32.757	
O1):-0.725	O2):30.739	
O1):-0.834	O2):47.527	
O1):-0.694	O2):26.539	
O1):-0.853	O2):50.524	
O1):-0.74	O2):29.437	
O1):-0.835	O2):43.995	
O1):-0.744	O2):31.115	
O1):-0.814	O2):37.664	
O1):-0.742	O2):30.11	
O1):-0.717	O2):28.74	
O1):-0.781	O2):33.758	
O1):-0.689	O2):27.022	
O1):-0.836	O2):44.023	
O1):-0.738	O2):29.126	
O1):-0.827	O2):42.997	
O1):-0.816	O2):38.961	
O1):-0.82	O2):38.814	
O1):-0.775	O2):32.27	
O1):-0.78	O2):33.279	
O1):-0.795	O2):34.172	
O1):-0.741	O2):30.071	
O1):-0.705	O2):28.158	
O1):-0.816	O2):37.759	
O1):-0.705	O2):27.195	
Evaluations:	3800
O1):-0.784	O2):34.219	
O1):-0.798	O2):37.154	
O1):-0.798	O2):34.763	
O1):-0.72	O2):27.719	
O1):-0.735	O2):28.609	
O1):-0.795	O2):34.171	
O1):-0.78	O2):36.478	
O1):-0.74	O2):29.437	
O1):-0.845	O2):49.486	
O1):-0.776	O2):32.999	
O1):-0.824	O2):42.425	
O1):-0.829	O2):45.152	
O1):-0.787	O2):34.216	
O1):-0.761	O2):31.901	
O1):-0.816	O2):38.961	
O1):-0.724	O2):28.442	
O1):-0.727	O2):28.924	
O1):-0.755	O2):31.532	
O1):-0.722	O2):27.818	
O1):-0.72	O2):28.124	
O1):-0.826	O2):43.905	
O1):-0.747	O2):30.387	
O1):-0.773	O2):32.512	
O1):-0.603	O2):22.374	
O1):-0.76	O2):31.684	
O1):-0.763	O2):32.133	
O1):-0.719	O2):27.743	
O1):-0.829	O2):43.493	
O1):-0.818	O2):38.363	
O1):-0.791	O2):34.323	
O1):-0.788	O2):34.779	
O1):-0.751	O2):31.827	
O1):-0.775	O2):32.397	
O1):-0.794	O2):35.5	
O1):-0.768	O2):33.134	
O1):-0.727	O2):28.647	
O1):-0.79	O2):33.768	
O1):-0.761	O2):31.879	
O1):-0.694	O2):26.539	
O1):-0.795	O2):38.657	
O1):-0.806	O2):41.418	
O1):-0.79	O2):38.641	
O1):-0.841	O2):48.447	
O1):-0.849	O2):47.981	
O1):-0.8	O2):37.754	
O1):-0.735	O2):28.609	
O1):-0.813	O2):39.311	
O1):-0.762	O2):32.085	
O1):-0.859	O2):54.151	
O1):-0.805	O2):38.27	
O1):-0.815	O2):37.737	
O1):-0.774	O2):32.639	
O1):-0.762	O2):31.819	
O1):-0.757	O2):31.351	
O1):-0.775	O2):32.588	
O1):-0.746	O2):30.377	
O1):-0.85	O2):48.289	
O1):-0.76	O2):31.852	
O1):-0.808	O2):40.051	
O1):-0.776	O2):32.931	
O1):-0.721	O2):27.786	
O1):-0.741	O2):33.633	
O1):-0.833	O2):42.699	
O1):-0.779	O2):38.733	
O1):-0.739	O2):30.991	
O1):-0.816	O2):37.823	
O1):-0.767	O2):33.104	
O1):-0.735	O2):28.609	
O1):-0.761	O2):31.907	
O1):-0.775	O2):32.82	
O1):-0.721	O2):27.723	
O1):-0.836	O2):43.898	
Starting PrismExecutor worker 4 on port 11484
O1):-0.807	O2):38.293	
O1):-0.834	O2):43.835	
Connected worker 4 to port 11484
O1):-0.832	O2):42.492	
O1):-0.789	O2):39.368	
O1):-0.748	O2):32.158	
O1):-0.85	O2):53.986	
O1):-0.842	O2):47.136	
O1):-0.821	O2):38.902	
O1):-0.817	O2):37.878	
O1):-0.738	O2):29.125	
O1):-0.78	O2):36.382	
O1):-0.757	O2):31.351	
O1):-0.818	O2):38.26	
O1):-0.801	O2):37.521	
O1):-0.777	O2):33.537	
O1):-0.815	O2):39.768	
O1):-0.754	O2):32.707	
O1):-0.706	O2):27.421	
O1):-0.852	O2):50.137	
O1):-0.802	O2):37.328	
O1):-0.801	O2):43.657	
O1):-0.858	O2):54.129	
O1):-0.852	O2):50.3	
O1):-0.81	O2):38.8	
O1):-0.798	O2):37.398	
O1):-0.763	O2):33.558	
O1):-0.761	O2):31.873	
O1):-0.789	O2):34.334	
O1):-0.722	O2):28.01	
O1):-0.776	O2):33.016	
O1):-0.724	O2):28.351	
O1):-0.747	O2):30.387	
O1):-0.772	O2):32.407	
O1):-0.765	O2):32.224	
O1):-0.726	O2):28.867	
O1):-0.814	O2):39.675	
O1):-0.741	O2):30.071	
O1):-0.784	O2):34.258	
O1):-0.761	O2):31.907	
O1):-0.825	O2):42.473	
O1):-0.696	O2):26.818	
O1):-0.723	O2):28.314	
O1):-0.764	O2):33.544	
O1):-0.722	O2):28.01	
O1):-0.72	O2):27.768	
O1):-0.73	O2):31.24	
O1):-0.834	O2):48.401	
O1):-0.801	O2):37.507	
O1):-0.808	O2):39.02	
O1):-0.765	O2):32.577	
O1):-0.684	O2):31.528	
O1):-0.76	O2):31.646	
O1):-0.773	O2):32.981	
O1):-0.743	O2):31.592	
O1):-0.792	O2):43.232	
O1):-0.759	O2):31.616	
O1):-0.701	O2):27.2	
O1):-0.811	O2):38.552	
O1):-0.801	O2):37.649	
O1):-0.808	O2):38.692	
O1):-0.851	O2):49.951	
O1):-0.705	O2):27.195	
O1):-0.85	O2):48.289	
O1):-0.73	O2):27.804	
O1):-0.807	O2):38.093	
O1):-0.756	O2):31.3	
O1):-0.781	O2):33.586	
O1):-0.795	O2):34.137	
O1):-0.798	O2):35.853	
O1):-0.729	O2):27.563	
O1):-0.803	O2):37.774	
O1):-0.748	O2):35.256	
O1):-0.791	O2):35.542	
O1):-0.817	O2):42.044	
O1):-0.811	O2):38.902	
O1):-0.765	O2):32.567	
O1):-0.801	O2):37.521	
O1):-0.782	O2):33.772	
O1):-0.779	O2):33.192	
O1):-0.799	O2):37.324	
O1):-0.784	O2):33.646	
O1):-0.818	O2):48.558	
O1):-0.735	O2):28.61	
O1):-0.8	O2):37.387	
O1):-0.842	O2):47.136	
O1):-0.738	O2):29.125	
O1):-0.819	O2):38.459	
O1):-0.794	O2):36.591	
O1):-0.821	O2):38.775	
O1):-0.772	O2):33.509	
O1):-0.719	O2):27.743	
O1):-0.775	O2):33.887	
O1):-0.778	O2):33.175	
O1):-0.671	O2):26.488	
O1):-0.747	O2):31.171	
O1):-0.702	O2):27.51	
O1):-0.854	O2):58.578	
O1):-0.788	O2):34.885	
O1):-0.759	O2):31.591	
O1):-0.84	O2):47.921	
O1):-0.769	O2):35.845	
O1):-0.738	O2):29.178	
O1):-0.71	O2):30.209	
O1):-0.804	O2):38.139	
O1):-0.832	O2):43.548	
O1):-0.791	O2):34.361	
O1):-0.758	O2):31.303	
O1):-0.817	O2):40.23	
O1):-0.798	O2):35.853	
O1):-0.792	O2):37.825	
O1):-0.797	O2):39.046	
O1):-0.814	O2):39.675	
O1):-0.79	O2):33.778	
O1):-0.761	O2):31.873	
O1):-0.776	O2):33.156	
Evaluations:	3800
O1):-0.702	O2):27.096	
O1):-0.696	O2):26.818	
O1):-0.815	O2):39.768	
O1):-0.722	O2):28.523	
O1):-0.753	O2):32.79	
Evaluations:	3800
Starting PrismExecutor worker 5 on port 11485
O1):-0.702	O2):27.132	
O1):-0.708	O2):27.431	
Connected worker 5 to port 11485
O1):-0.766	O2):32.705	
O1):-0.834	O2):43.418	
O1):-0.819	O2):38.425	
O1):-0.721	O2):27.786	
O1):-0.785	O2):33.787	
O1):-0.815	O2):37.737	
O1):-0.842	O2):49.337	
O1):-0.7	O2):26.896	
O1):-0.82	O2):38.687	
O1):-0.816	O2):37.858	
O1):-0.841	O2):48.255	
O1):-0.762	O2):32.181	
O1):-0.751	O2):29.46	
O1):-0.781	O2):33.349	
O1):-0.841	O2):48.463	
O1):-0.809	O2):40.839	
O1):-0.84	O2):47.921	
O1):-0.782	O2):33.653	
O1):-0.824	O2):42.417	
O1):-0.795	O2):34.137	
O1):-0.764	O2):32.294	
O1):-0.724	O2):28.3	
O1):-0.689	O2):27.022	
O1):-0.703	O2):27.152	
O1):-0.839	O2):48.994	
O1):-0.861	O2):54.501	
O1):-0.778	O2):33.221	
O1):-0.747	O2):30.272	
O1):-0.675	O2):26.738	
O1):-0.784	O2):34.219	
O1):-0.741	O2):31.127	
O1):-0.778	O2):33.066	
O1):-0.775	O2):32.82	
O1):-0.721	O2):27.723	
O1):-0.776	O2):32.792	
O1):-0.825	O2):42.474	
O1):-0.711	O2):27.732	
O1):-0.826	O2):43.905	
O1):-0.754	O2):31.579	
O1):-0.74	O2):29.438	
O1):-0.641	O2):26.46	
O1):-0.67	O2):26.362	
O1):-0.741	O2):31.214	
O1):-0.779	O2):33.189	
O1):-0.762	O2):32.085	
O1):-0.852	O2):50.3	
O1):-0.725	O2):28.704	
O1):-0.777	O2):33.136	
O1):-0.833	O2):43.474	
O1):-0.825	O2):42.781	
O1):-0.746	O2):31.166	
O1):-0.782	O2):33.344	
O1):-0.768	O2):32.366	
O1):-0.816	O2):37.892	
O1):-0.791	O2):36.906	
O1):-0.851	O2):49.988	
O1):-0.816	O2):37.868	
O1):-0.763	O2):32.196	
O1):-0.774	O2):33.033	
O1):-0.826	O2):43.905	
O1):-0.843	O2):48.505	
O1):-0.816	O2):37.853	
O1):-0.759	O2):32.182	
O1):-0.744	O2):31.164	
O1):-0.842	O2):49.389	
O1):-0.859	O2):54.388	
O1):-0.724	O2):28.3	
O1):-0.795	O2):34.733	
O1):-0.768	O2):32.559	
O1):-0.719	O2):27.686	
O1):-0.818	O2):38.281	
O1):-0.738	O2):29.125	
O1):-0.812	O2):39.213	
O1):-0.782	O2):33.68	
O1):-0.761	O2):31.907	
O1):-0.603	O2):22.374	
O1):-0.811	O2):39.496	
O1):-0.701	O2):26.869	
O1):-0.745	O2):31.43	
O1):-0.698	O2):27.082	
O1):-0.844	O2):48.64	
O1):-0.757	O2):31.564	
O1):-0.72	O2):27.749	
O1):-0.799	O2):35.031	
O1):-0.819	O2):38.575	
Starting PrismExecutor worker 0 on port 11490
O1):-0.807	O2):38.293	
Connected worker 0 to port 11490
O1):-0.7	O2):26.856	
O1):-0.705	O2):27.171	
O1):-0.643	O2):26.471	
O1):-0.791	O2):34.323	
O1):-0.852	O2):50.137	
O1):-0.859	O2):54.388	
O1):-0.797	O2):35.488	
O1):-0.73	O2):31.24	
O1):-0.717	O2):28.74	
O1):-0.819	O2):38.425	
O1):-0.851	O2):49.951	
O1):-0.672	O2):26.514	
O1):-0.791	O2):37.211	
O1):-0.809	O2):38.64	
O1):-0.791	O2):33.775	
O1):-0.706	O2):27.441	
O1):-0.832	O2):42.533	
O1):-0.759	O2):31.464	
O1):-0.697	O2):26.873	
O1):-0.813	O2):41.545	
O1):-0.84	O2):47.921	
O1):-0.767	O2):32.662	
O1):-0.814	O2):39.644	
O1):-0.829	O2):43.493	
O1):-0.826	O2):43.905	
O1):-0.834	O2):42.899	
O1):-0.7	O2):26.896	
O1):-0.74	O2):31.086	
O1):-0.719	O2):28.104	
O1):-0.763	O2):32.276	
O1):-0.851	O2):49.988	
O1):-0.787	O2):34.208	
O1):-0.817	O2):38.107	
O1):-0.777	O2):33.135	
O1):-0.774	O2):32.07	
O1):-0.781	O2):33.265	
O1):-0.826	O2):43.813	
O1):-0.804	O2):43.456	
O1):-0.821	O2):39.073	
O1):-0.765	O2):32.591	
O1):-0.742	O2):30.111	
O1):-0.819	O2):38.425	
O1):-0.739	O2):30.969	
O1):-0.819	O2):38.459	
O1):-0.757	O2):33.108	
O1):-0.734	O2):28.643	
O1):-0.783	O2):33.532	
O1):-0.816	O2):37.892	
O1):-0.824	O2):46.851	
O1):-0.722	O2):27.742	
O1):-0.761	O2):31.763	
O1):-0.791	O2):34.415	
O1):-0.792	O2):36.315	
O1):-0.697	O2):26.873	
O1):-0.792	O2):43.517	
O1):-0.724	O2):28.31	
O1):-0.757	O2):33.334	
O1):-0.738	O2):29.125	
O1):-0.765	O2):32.993	
O1):-0.778	O2):39.244	
O1):-0.79	O2):33.778	
-------------------------------------------------
SOLUTIONS: 	100

Pareto Front and Pareto set saved at: data/ROBOT14_REP3/NSGAII/
Pareto Front: data/ROBOT14_REP3/NSGAII/ROBOT14_REP3_NSGAII_173906_020826_Front
Pareto Set: data/ROBOT14_REP3/NSGAII/ROBOT14_REP3_NSGAII_173906_020826_Set
O1):-0.781	O2):33.349	
O1):-0.787	O2):33.773	
O1):-0.8	O2):37.204	
O1):-0.781	O2):33.758	
O1):-0.825	O2):42.495	
O1):-0.757	O2):31.564	
O1):-0.819	O2):38.701	
O1):-0.762	O2):31.901	
O1):-0.719	O2):27.686	
O1):-0.819	O2):38.457	
O1):-0.825	O2):42.499	
O1):-0.65	O2):26.188	
O1):-0.835	O2):43.759	
O1):-0.807	O2):38.398	
O1):-0.772	O2):32.411	
O1):-0.834	O2):42.92	
O1):-0.816	O2):47.217	
O1):-0.804	O2):38.14	
O1):-0.78	O2):33.411	
O1):-0.741	O2):31.26	
O1):-0.842	O2):49.363	
O1):-0.781	O2):33.751	
O1):-0.803	O2):38.044	
O1):-0.76	O2):31.631	
O1):-0.724	O2):28.266	
O1):-0.738	O2):31.901	
O1):-0.79	O2):34.802	
O1):-0.827	O2):43.461	
O1):-0.754	O2):31.579	
O1):-0.762	O2):32.085	
O1):-0.78	O2):33.583	
O1):-0.818	O2):38.281	
O1):-0.79	O2):34.217	
O1):-0.818	O2):40.364	
O1):-0.785	O2):34.284	
O1):-0.797	O2):34.669	
O1):-0.783	O2):33.416	
O1):-0.65	O2):26.181	
O1):-0.815	O2):37.696	
O1):-0.801	O2):37.491	
O1):-0.834	O2):42.899	
O1):-0.791	O2):34.431	
O1):-0.759	O2):31.648	
O1):-0.849	O2):47.981	
O1):-0.784	O2):33.588	
O1):-0.728	O2):28.776	
O1):-0.851	O2):49.988	
O1):-0.714	O2):28.389	
O1):-0.724	O2):28.442	
O1):-0.859	O2):54.388	
O1):-0.85	O2):49.565	
O1):-0.776	O2):32.165	
O1):-0.826	O2):43.913	
O1):-0.767	O2):33.133	
O1):-0.81	O2):38.824	
O1):-0.76	O2):31.658	
O1):-0.739	O2):32.663	
O1):-0.862	O2):54.097	
O1):-0.807	O2):38.158	
O1):-0.754	O2):31.3	
O1):-0.734	O2):28.684	
O1):-0.755	O2):31.532	
O1):-0.776	O2):32.828	
O1):-0.743	O2):31.121	
O1):-0.787	O2):34.191	
O1):-0.71	O2):28.352	
O1):-0.739	O2):30.969	
O1):-0.828	O2):43.362	
O1):-0.797	O2):36.864	
O1):-0.715	O2):27.747	
O1):-0.816	O2):41.911	
O1):-0.834	O2):48.401	
O1):-0.722	O2):29.502	
O1):-0.778	O2):33.175	
O1):-0.8	O2):37.366	
O1):-0.834	O2):42.899	
O1):-0.792	O2):35.278	
O1):-0.795	O2):34.53	
O1):-0.727	O2):28.924	
O1):-0.841	O2):49.285	
O1):-0.775	O2):32.82	
O1):-0.709	O2):27.667	
O1):-0.706	O2):34.721	
O1):-0.791	O2):34.543	
O1):-0.757	O2):31.528	
O1):-0.749	O2):31.528	
O1):-0.842	O2):48.23	
O1):-0.776	O2):32.864	
O1):-0.818	O2):38.363	
O1):-0.724	O2):28.3	
O1):-0.85	O2):48.289	
Evaluations:	3500
O1):-0.824	O2):46.851	
O1):-0.754	O2):38.774	
O1):-0.724	O2):28.832	
O1):-0.825	O2):42.498	
O1):-0.797	O2):35.488	
O1):-0.816	O2):37.868	
O1):-0.763	O2):32.196	
O1):-0.776	O2):35.776	
O1):-0.79	O2):34.217	
O1):-0.671	O2):26.525	
O1):-0.704	O2):27.191	
O1):-0.841	O2):47.863	
O1):-0.781	O2):33.745	
O1):-0.724	O2):28.3	
O1):-0.745	O2):30.375	
O1):-0.789	O2):34.451	
O1):-0.812	O2):39.232	
O1):-0.759	O2):31.568	
O1):-0.74	O2):32.133	
O1):-0.721	O2):27.723	
O1):-0.7	O2):27.187	
O1):-0.746	O2):28.939	
O1):-0.833	O2):42.566	
O1):-0.672	O2):26.709	
O1):-0.747	O2):32.052	
O1):-0.761	O2):31.763	
O1):-0.776	O2):32.872	
O1):-0.85	O2):48.416	
O1):-0.745	O2):31.125	
O1):-0.816	O2):37.744	
O1):-0.764	O2):32.294	
O1):-0.818	O2):42.948	
O1):-0.801	O2):37.437	
O1):-0.816	O2):37.892	
O1):-0.798	O2):37.154	
O1):-0.842	O2):47.136	
O1):-0.798	O2):37.154	
O1):-0.842	O2):47.136	
O1):-0.772	O2):33.503	
O1):-0.82	O2):42.684	
O1):-0.82	O2):42.684	
O1):-0.748	O2):31.284	
O1):-0.833	O2):43.643	
O1):-0.8	O2):37.42	
Evaluations:	3500
O1):-0.814	O2):39.644	
O1):-0.798	O2):36.904	
O1):-0.741	O2):31.166	
O1):-0.793	O2):34.477	
O1):-0.762	O2):32.085	
O1):-0.725	O2):28.807	
O1):-0.762	O2):32.12	
O1):-0.826	O2):42.912	
O1):-0.705	O2):27.464	
O1):-0.761	O2):32.055	
O1):-0.751	O2):31.732	
O1):-0.775	O2):32.492	
O1):-0.703	O2):27.242	
O1):-0.714	O2):27.387	
O1):-0.761	O2):31.748	
O1):-0.767	O2):33.063	
O1):-0.781	O2):33.265	
O1):-0.802	O2):38.825	
O1):-0.723	O2):28.245	
O1):-0.763	O2):32.196	
O1):-0.728	O2):28.996	
O1):-0.832	O2):42.533	
O1):-0.772	O2):32.369	
O1):-0.837	O2):44.493	
O1):-0.836	O2):43.282	
O1):-0.842	O2):48.077	
O1):-0.859	O2):54.388	
O1):-0.701	O2):27.2	
O1):-0.842	O2):48.532	
O1):-0.834	O2):47.527	
O1):-0.671	O2):26.525	
O1):-0.722	O2):28.01	
O1):-0.772	O2):38.779	
O1):-0.818	O2):38.281	
O1):-0.844	O2):48.641	
O1):-0.719	O2):28.104	
O1):-0.671	O2):26.525	
O1):-0.794	O2):36.966	
O1):-0.817	O2):40.23	
O1):-0.835	O2):45.329	
O1):-0.723	O2):28.226	
Evaluations:	3700
O1):-0.833	O2):43.474	
O1):-0.842	O2):48.231	
O1):-0.722	O2):28.01	
O1):-0.834	O2):42.899	
O1):-0.816	O2):37.892	
O1):-0.706	O2):27.441	
O1):-0.762	O2):32.085	
O1):-0.834	O2):44.073	
O1):-0.834	O2):42.899	
O1):-0.643	O2):26.471	
O1):-0.781	O2):33.35	
O1):-0.784	O2):34.219	
O1):-0.826	O2):42.912	
O1):-0.759	O2):31.61	
O1):-0.69	O2):27.135	
O1):-0.705	O2):27.384	
O1):-0.794	O2):37.648	
O1):-0.784	O2):34.219	
O1):-0.701	O2):26.866	
O1):-0.724	O2):28.442	
O1):-0.724	O2):28.31	
O1):-0.761	O2):32.275	
O1):-0.768	O2):33.268	
O1):-0.808	O2):39.181	
O1):-0.754	O2):31.579	
O1):-0.836	O2):43.771	
O1):-0.743	O2):30.086	
O1):-0.754	O2):31.579	
O1):-0.767	O2):32.662	
O1):-0.806	O2):38.305	
O1):-0.761	O2):31.763	
O1):-0.743	O2):30.158	
O1):-0.806	O2):37.939	
O1):-0.784	O2):34.219	
O1):-0.818	O2):38.511	
O1):-0.761	O2):32.297	
O1):-0.641	O2):26.353	
O1):-0.759	O2):31.56	
O1):-0.79	O2):33.768	
O1):-0.704	O2):27.191	
O1):-0.852	O2):50.137	
O1):-0.743	O2):30.163	
O1):-0.701	O2):26.869	
O1):-0.834	O2):43.835	
O1):-0.671	O2):26.524	
O1):-0.724	O2):28.829	
O1):-0.777	O2):33.136	
O1):-0.834	O2):43.609	
O1):-0.721	O2):27.757	
O1):-0.763	O2):32.278	
O1):-0.815	O2):39.768	
O1):-0.849	O2):49.519	
O1):-0.795	O2):34.137	
O1):-0.798	O2):34.763	
O1):-0.768	O2):33.394	
O1):-0.766	O2):32.638	
O1):-0.798	O2):36.904	
O1):-0.797	O2):35.488	
O1):-0.834	O2):42.899	
O1):-0.78	O2):33.411	
O1):-0.773	O2):33.816	
O1):-0.705	O2):27.195	
O1):-0.705	O2):27.76	
O1):-0.773	O2):32.424	
O1):-0.721	O2):27.723	
O1):-0.844	O2):48.461	
O1):-0.827	O2):42.997	
O1):-0.721	O2):27.723	
O1):-0.783	O2):34.148	
O1):-0.844	O2):48.64	
O1):-0.761	O2):31.956	
O1):-0.706	O2):27.441	
O1):-0.781	O2):34.313	
O1):-0.725	O2):28.172	
O1):-0.811	O2):38.902	
O1):-0.844	O2):49.952	
O1):-0.84	O2):48.237	
O1):-0.8	O2):37.422	
O1):-0.671	O2):26.524	
O1):-0.701	O2):28.362	
O1):-0.744	O2):31.115	
O1):-0.673	O2):26.824	
O1):-0.734	O2):32.347	
O1):-0.843	O2):48.505	
O1):-0.776	O2):32.828	
O1):-0.789	O2):36.818	
O1):-0.845	O2):48.832	
O1):-0.841	O2):48.258	
O1):-0.754	O2):35.103	
O1):-0.796	O2):36.558	
O1):-0.809	O2):38.641	
O1):-0.825	O2):42.474	
O1):-0.793	O2):36.487	
O1):-0.814	O2):39.623	
O1):-0.7	O2):27.06	
O1):-0.761	O2):31.974	
O1):-0.754	O2):31.579	
O1):-0.797	O2):36.864	
O1):-0.791	O2):35.184	
O1):-0.721	O2):29.453	
O1):-0.705	O2):27.416	
O1):-0.85	O2):53.989	
O1):-0.798	O2):34.763	
O1):-0.762	O2):32.181	
O1):-0.641	O2):26.353	
O1):-0.818	O2):38.282	
-------------------------------------------------
SOLUTIONS: 	100

Pareto Front and Pareto set saved at: data/ROBOT14_REP9/NSGAII/
Pareto Front: data/ROBOT14_REP9/NSGAII/ROBOT14_REP9_NSGAII_174301_020826_Front
Pareto Set: data/ROBOT14_REP9/NSGAII/ROBOT14_REP9_NSGAII_174301_020826_Set
O1):-0.77	O2):33.683	
O1):-0.675	O2):26.738	
O1):-0.842	O2):48.512	
O1):-0.671	O2):26.488	
O1):-0.65	O2):26.181	
O1):-0.786	O2):33.613	
O1):-0.783	O2):33.532	
O1):-0.789	O2):35.096	
O1):-0.802	O2):37.328	
O1):-0.759	O2):33.549	
O1):-0.859	O2):54.385	
O1):-0.824	O2):43.128	
O1):-0.852	O2):48.838	
O1):-0.78	O2):33.619	
O1):-0.761	O2):31.87	
O1):-0.764	O2):32.141	
O1):-0.723	O2):28.205	
O1):-0.738	O2):29.178	
O1):-0.76	O2):31.699	
O1):-0.778	O2):33.005	
O1):-0.779	O2):33.033	
O1):-0.727	O2):28.647	
O1):-0.755	O2):31.532	
O1):-0.833	O2):43.612	
O1):-0.824	O2):42.361	
O1):-0.74	O2):34.873	
O1):-0.833	O2):43.471	
O1):-0.643	O2):26.471	
O1):-0.794	O2):33.792	
O1):-0.696	O2):26.818	
O1):-0.821	O2):38.901	
O1):-0.721	O2):27.802	
O1):-0.726	O2):30.938	
O1):-0.708	O2):27.443	
O1):-0.825	O2):42.498	
O1):-0.71	O2):27.663	
O1):-0.76	O2):31.646	
O1):-0.803	O2):38.044	
O1):-0.817	O2):38.3	
O1):-0.674	O2):26.719	
O1):-0.772	O2):33.525	
O1):-0.807	O2):38.397	
O1):-0.775	O2):32.757	
O1):-0.778	O2):33.426	
O1):-0.741	O2):31.166	
O1):-0.776	O2):32.828	
O1):-0.825	O2):42.495	
O1):-0.751	O2):29.46	
O1):-0.711	O2):27.732	
O1):-0.775	O2):35.68	
O1):-0.791	O2):33.775	
O1):-0.826	O2):42.765	
O1):-0.745	O2):31.145	
O1):-0.844	O2):48.462	
O1):-0.817	O2):42.044	
O1):-0.603	O2):22.374	
O1):-0.786	O2):33.628	
O1):-0.81	O2):38.818	
O1):-0.818	O2):38.238	
O1):-0.772	O2):32.369	
O1):-0.725	O2):30.86	
O1):-0.762	O2):32.207	
O1):-0.767	O2):32.764	
O1):-0.792	O2):35.286	
O1):-0.696	O2):26.818	
O1):-0.711	O2):27.732	
O1):-0.797	O2):34.669	
O1):-0.746	O2):28.939	
O1):-0.739	O2):30.969	
O1):-0.773	O2):32.577	
O1):-0.816	O2):37.892	
O1):-0.743	O2):31.571	
O1):-0.745	O2):31.233	
O1):-0.836	O2):45.44	
O1):-0.7	O2):26.896	
O1):-0.796	O2):35.634	
O1):-0.818	O2):38.344	
O1):-0.852	O2):50.3	
O1):-0.772	O2):32.369	
O1):-0.809	O2):38.635	
O1):-0.8	O2):37.204	
O1):-0.819	O2):38.466	
O1):-0.757	O2):31.564	
O1):-0.816	O2):37.868	
O1):-0.799	O2):37.292	
O1):-0.808	O2):38.325	
O1):-0.834	O2):43.987	
O1):-0.794	O2):36.591	
O1):-0.749	O2):32.396	
O1):-0.772	O2):32.407	
O1):-0.858	O2):53.184	
O1):-0.838	O2):43.775	
O1):-0.721	O2):29.453	
O1):-0.778	O2):33.421	
O1):-0.74	O2):29.384	
O1):-0.734	O2):28.684	
O1):-0.703	O2):27.152	
O1):-0.669	O2):26.39	
O1):-0.78	O2):33.519	
O1):-0.724	O2):28.442	
O1):-0.722	O2):27.742	
O1):-0.801	O2):37.628	
O1):-0.784	O2):34.25	
O1):-0.726	O2):28.797	
O1):-0.85	O2):49.565	
O1):-0.859	O2):53.205	
O1):-0.821	O2):38.902	
O1):-0.834	O2):43.836	
O1):-0.824	O2):42.361	
O1):-0.835	O2):43.759	
O1):-0.707	O2):27.371	
O1):-0.672	O2):26.709	
O1):-0.707	O2):27.371	
O1):-0.797	O2):34.673	
O1):-0.825	O2):42.495	
O1):-0.65	O2):26.181	
O1):-0.844	O2):49.129	
O1):-0.71	O2):27.689	
O1):-0.813	O2):40.838	
O1):-0.721	O2):27.771	
O1):-0.776	O2):32.473	
O1):-0.817	O2):42.044	
O1):-0.858	O2):53.184	
O1):-0.811	O2):38.552	
O1):-0.759	O2):31.617	
O1):-0.669	O2):26.39	
O1):-0.841	O2):49.319	
O1):-0.72	O2):27.973	
O1):-0.841	O2):48.463	
O1):-0.774	O2):31.997	
O1):-0.751	O2):29.46	
Evaluations:	3800
O1):-0.836	O2):43.938	
O1):-0.833	O2):42.566	
O1):-0.753	O2):32.846	
O1):-0.779	O2):33.569	
O1):-0.853	O2):50.524	
O1):-0.762	O2):32.186	
O1):-0.862	O2):54.879	
O1):-0.728	O2):31.052	
O1):-0.803	O2):37.775	
O1):-0.722	O2):28.523	
O1):-0.746	O2):30.153	
O1):-0.806	O2):38.271	
O1):-0.807	O2):38.293	
O1):-0.817	O2):38.107	
O1):-0.836	O2):43.359	
O1):-0.834	O2):42.92	
O1):-0.707	O2):27.414	
Evaluations:	3900
O1):-0.818	O2):38.224	
O1):-0.818	O2):38.224	
O1):-0.772	O2):32.369	
O1):-0.849	O2):47.981	
O1):-0.791	O2):35.183	
O1):-0.834	O2):43.835	
O1):-0.853	O2):48.894	
O1):-0.834	O2):42.92	
O1):-0.825	O2):43.441	
O1):-0.702	O2):27.095	
O1):-0.749	O2):32.396	
O1):-0.716	O2):27.784	
O1):-0.759	O2):31.42	
O1):-0.756	O2):31.3	
O1):-0.669	O2):26.39	
O1):-0.785	O2):38.76	
O1):-0.798	O2):36.904	
O1):-0.724	O2):28.825	
O1):-0.775	O2):35.602	
O1):-0.818	O2):40.366	
O1):-0.769	O2):33.341	
O1):-0.804	O2):38.147	
O1):-0.743	O2):30.086	
O1):-0.675	O2):26.738	
O1):-0.834	O2):42.92	
O1):-0.825	O2):42.474	
O1):-0.836	O2):45.44	
O1):-0.817	O2):38.559	
O1):-0.852	O2):48.838	
O1):-0.825	O2):42.495	
O1):-0.746	O2):30.146	
O1):-0.689	O2):27.022	
O1):-0.73	O2):29.099	
O1):-0.741	O2):29.214	
O1):-0.833	O2):43.247	
O1):-0.782	O2):33.363	
O1):-0.774	O2):32.64	
O1):-0.756	O2):31.303	
O1):-0.781	O2):33.349	
O1):-0.643	O2):26.888	
O1):-0.748	O2):31.4	
O1):-0.777	O2):33.095	
O1):-0.833	O2):42.533	
O1):-0.833	O2):42.511	
O1):-0.833	O2):42.511	
O1):-0.778	O2):33.007	
O1):-0.836	O2):43.898	
O1):-0.749	O2):31.548	
O1):-0.818	O2):38.344	
O1):-0.748	O2):31.395	
O1):-0.765	O2):40.839	
O1):-0.794	O2):43.78	
O1):-0.807	O2):38.293	
O1):-0.701	O2):26.869	
O1):-0.751	O2):29.46	
O1):-0.705	O2):27.401	
O1):-0.841	O2):49.285	
O1):-0.756	O2):35.353	
O1):-0.781	O2):33.353	
O1):-0.789	O2):34.968	
O1):-0.835	O2):43.89	
O1):-0.834	O2):43.826	
O1):-0.797	O2):37.137	
O1):-0.743	O2):31.121	
O1):-0.748	O2):32.18	
O1):-0.751	O2):29.46	
O1):-0.85	O2):49.568	
O1):-0.818	O2):42.444	
O1):-0.791	O2):36.888	
O1):-0.775	O2):32.48	
O1):-0.689	O2):27.022	
O1):-0.832	O2):43.454	
O1):-0.757	O2):31.36	
O1):-0.759	O2):31.56	
O1):-0.789	O2):34.114	
O1):-0.824	O2):42.361	
O1):-0.836	O2):43.359	
O1):-0.817	O2):37.901	
O1):-0.788	O2):34.39	
O1):-0.815	O2):37.737	
O1):-0.778	O2):33.184	
O1):-0.816	O2):37.759	
O1):-0.81	O2):38.782	
O1):-0.703	O2):27.152	
O1):-0.654	O2):26.423	
O1):-0.81	O2):38.782	
O1):-0.738	O2):29.178	
O1):-0.761	O2):32.24	
O1):-0.694	O2):26.539	
O1):-0.843	O2):48.505	
O1):-0.779	O2):39.961	
O1):-0.806	O2):38.271	
O1):-0.795	O2):34.137	
O1):-0.748	O2):31.314	
O1):-0.834	O2):42.92	
O1):-0.825	O2):42.607	
O1):-0.858	O2):53.184	
O1):-0.834	O2):42.899	
O1):-0.826	O2):42.871	
O1):-0.722	O2):28.536	
O1):-0.795	O2):34.137	
O1):-0.788	O2):39.269	
O1):-0.746	O2):31.438	
O1):-0.734	O2):28.646	
O1):-0.773	O2):32.507	
O1):-0.842	O2):47.136	
O1):-0.808	O2):38.175	
O1):-0.801	O2):37.507	
O1):-0.826	O2):43.456	
O1):-0.836	O2):44.023	
O1):-0.758	O2):31.336	
O1):-0.744	O2):30.388	
O1):-0.781	O2):33.35	
O1):-0.696	O2):26.818	
O1):-0.729	O2):29.067	
O1):-0.745	O2):31.283	
O1):-0.836	O2):43.771	
O1):-0.671	O2):26.524	
O1):-0.776	O2):35.818	
O1):-0.671	O2):26.524	
O1):-0.833	O2):42.699	
O1):-0.733	O2):32.095	
O1):-0.8	O2):37.53	
O1):-0.816	O2):37.876	
O1):-0.842	O2):47.183	
O1):-0.779	O2):39.954	
O1):-0.672	O2):26.514	
O1):-0.768	O2):32.366	
O1):-0.743	O2):30.162	
O1):-0.778	O2):33.175	
O1):-0.852	O2):48.838	
O1):-0.676	O2):27.634	
O1):-0.817	O2):49.121	
O1):-0.765	O2):32.274	
O1):-0.778	O2):33.005	
O1):-0.772	O2):33.971	
O1):-0.754	O2):31.3	
O1):-0.779	O2):33.033	
O1):-0.761	O2):31.918	
O1):-0.818	O2):38.238	
O1):-0.795	O2):33.621	
O1):-0.776	O2):32.828	
O1):-0.835	O2):43.89	
O1):-0.729	O2):29.058	
O1):-0.738	O2):29.164	
O1):-0.825	O2):43.429	
O1):-0.808	O2):38.175	
O1):-0.697	O2):26.794	
O1):-0.758	O2):31.365	
O1):-0.779	O2):33.033	
O1):-0.781	O2):33.467	
O1):-0.799	O2):37.279	
O1):-0.835	O2):43.759	
O1):-0.776	O2):32.165	
O1):-0.713	O2):30.531	
O1):-0.834	O2):42.92	
O1):-0.746	O2):32.024	
O1):-0.707	O2):27.414	
O1):-0.852	O2):50.3	
O1):-0.739	O2):30.969	
O1):-0.775	O2):32.792	
O1):-0.746	O2):30.215	
O1):-0.759	O2):31.417	
O1):-0.722	O2):28.523	
O1):-0.747	O2):30.269	
O1):-0.753	O2):32.725	
O1):-0.722	O2):27.742	
O1):-0.778	O2):32.964	
O1):-0.817	O2):40.23	
O1):-0.641	O2):26.353	
O1):-0.653	O2):26.432	
O1):-0.789	O2):34.29	
O1):-0.746	O2):28.953	
O1):-0.771	O2):33.29	
O1):-0.773	O2):32.558	
O1):-0.811	O2):38.552	
O1):-0.643	O2):26.471	
O1):-0.796	O2):36.558	
O1):-0.788	O2):37.693	
O1):-0.852	O2):50.302	
O1):-0.787	O2):34.052	
O1):-0.759	O2):32.056	
O1):-0.791	O2):33.807	
O1):-0.792	O2):43.231	
O1):-0.835	O2):45.49	
O1):-0.818	O2):40.364	
O1):-0.81	O2):48.147	
O1):-0.816	O2):37.871	
O1):-0.777	O2):36.069	
O1):-0.793	O2):36.439	
O1):-0.795	O2):34.544	
O1):-0.772	O2):32.393	
O1):-0.859	O2):54.151	
O1):-0.825	O2):43.809	
O1):-0.766	O2):32.706	
O1):-0.773	O2):32.528	
O1):-0.816	O2):37.876	
Evaluations:	3900
O1):-0.738	O2):29.125	
O1):-0.702	O2):27.51	
O1):-0.744	O2):30.5	
O1):-0.776	O2):32.846	
O1):-0.761	O2):31.974	
O1):-0.81	O2):38.511	
O1):-0.806	O2):38.305	
O1):-0.861	O2):54.501	
O1):-0.836	O2):43.771	
O1):-0.654	O2):26.431	
O1):-0.833	O2):42.701	
O1):-0.832	O2):43.555	
O1):-0.65	O2):26.181	
O1):-0.719	O2):28.661	
O1):-0.705	O2):27.416	
O1):-0.811	O2):38.905	
O1):-0.733	O2):31.519	
O1):-0.778	O2):33.221	
O1):-0.744	O2):31.164	
O1):-0.7	O2):26.896	
O1):-0.743	O2):30.163	
O1):-0.791	O2):33.807	
O1):-0.82	O2):38.706	
O1):-0.781	O2):33.35	
O1):-0.768	O2):33.564	
O1):-0.786	O2):34.116	
O1):-0.781	O2):33.349	
O1):-0.701	O2):26.869	
O1):-0.797	O2):34.669	
O1):-0.82	O2):38.706	
O1):-0.844	O2):48.64	
O1):-0.825	O2):42.447	
O1):-0.802	O2):37.362	
O1):-0.815	O2):39.768	
O1):-0.826	O2):43.905	
O1):-0.71	O2):27.626	
O1):-0.721	O2):27.723	
O1):-0.841	O2):49.255	
O1):-0.794	O2):36.966	
O1):-0.727	O2):28.647	
O1):-0.71	O2):27.626	
O1):-0.701	O2):26.866	
O1):-0.796	O2):36.558	
O1):-0.718	O2):27.453	
O1):-0.849	O2):47.981	
O1):-0.793	O2):34.794	
O1):-0.744	O2):31.115	
O1):-0.718	O2):27.42	
O1):-0.748	O2):31.267	
O1):-0.776	O2):32.846	
O1):-0.748	O2):31.395	
O1):-0.721	O2):28.487	
O1):-0.776	O2):37.764	
O1):-0.791	O2):34.415	
O1):-0.792	O2):36.315	
O1):-0.774	O2):32.758	
O1):-0.835	O2):43.89	
O1):-0.672	O2):26.514	
O1):-0.797	O2):36.864	
O1):-0.787	O2):34.87	
O1):-0.841	O2):47.942	
O1):-0.792	O2):35.191	
O1):-0.804	O2):38.139	
O1):-0.73	O2):31.24	
O1):-0.749	O2):31.376	
O1):-0.797	O2):37.791	
O1):-0.772	O2):32.407	
O1):-0.776	O2):33.295	
O1):-0.701	O2):26.869	
O1):-0.798	O2):36.904	
O1):-0.743	O2):30.163	
O1):-0.85	O2):48.29	
O1):-0.786	O2):38.898	
O1):-0.749	O2):32.393	
O1):-0.789	O2):35.096	
O1):-0.853	O2):49.185	
O1):-0.778	O2):32.957	
O1):-0.709	O2):27.667	
O1):-0.738	O2):32.164	
O1):-0.797	O2):36.864	
O1):-0.779	O2):34.509	
O1):-0.76	O2):31.646	
O1):-0.798	O2):35.853	
O1):-0.791	O2):33.775	
O1):-0.818	O2):38.238	
O1):-0.756	O2):31.3	
O1):-0.817	O2):40.23	
O1):-0.798	O2):35.853	
O1):-0.762	O2):33.787	
O1):-0.728	O2):28.776	
O1):-0.825	O2):42.495	
O1):-0.746	O2):31.244	
O1):-0.794	O2):33.803	
O1):-0.641	O2):26.353	
O1):-0.784	O2):36.445	
O1):-0.689	O2):31.511	
O1):-0.817	O2):38.022	
O1):-0.743	O2):31.57	
O1):-0.775	O2):35.528	
O1):-0.85	O2):48.289	
O1):-0.798	O2):37.154	
O1):-0.782	O2):33.768	
O1):-0.751	O2):32.274	
O1):-0.722	O2):28.523	
O1):-0.791	O2):33.775	
O1):-0.813	O2):39.311	
O1):-0.701	O2):26.866	
O1):-0.815	O2):37.737	
O1):-0.721	O2):27.723	
O1):-0.825	O2):42.565	
O1):-0.695	O2):26.733	
O1):-0.844	O2):48.461	
Evaluations:	3900
O1):-0.745	O2):31.282	
O1):-0.797	O2):34.669	
O1):-0.767	O2):32.728	
O1):-0.716	O2):28.288	
O1):-0.763	O2):32.196	
O1):-0.719	O2):28.104	
O1):-0.775	O2):32.781	
O1):-0.764	O2):33.396	
O1):-0.742	O2):31.444	
O1):-0.791	O2):34.597	
O1):-0.825	O2):42.495	
O1):-0.743	O2):33.024	
O1):-0.71	O2):27.626	
O1):-0.818	O2):38.363	
O1):-0.842	O2):48.553	
O1):-0.781	O2):33.758	
O1):-0.758	O2):33.051	
O1):-0.751	O2):29.46	
O1):-0.777	O2):32.92	
O1):-0.807	O2):38.397	
O1):-0.744	O2):30.401	
O1):-0.859	O2):53.402	
O1):-0.815	O2):37.741	
O1):-0.816	O2):37.759	
O1):-0.723	O2):28.757	
O1):-0.842	O2):47.183	
O1):-0.789	O2):39.368	
O1):-0.776	O2):32.866	
O1):-0.754	O2):32.689	
O1):-0.779	O2):33.396	
O1):-0.808	O2):38.496	
O1):-0.833	O2):42.7	
O1):-0.842	O2):48.077	
O1):-0.818	O2):38.333	
O1):-0.801	O2):37.342	
O1):-0.818	O2):39.796	
O1):-0.853	O2):49.185	
O1):-0.76	O2):32.317	
O1):-0.762	O2):32.207	
O1):-0.807	O2):38.093	
O1):-0.798	O2):34.763	
O1):-0.722	O2):28.53	
O1):-0.833	O2):44.085	
O1):-0.71	O2):27.717	
O1):-0.801	O2):37.342	
O1):-0.801	O2):37.342	
O1):-0.801	O2):37.342	
O1):-0.789	O2):34.457	
O1):-0.782	O2):33.328	
O1):-0.728	O2):28.92	
O1):-0.728	O2):28.92	
O1):-0.673	O2):26.824	
O1):-0.834	O2):43.835	
O1):-0.74	O2):31.154	
O1):-0.795	O2):34.53	
O1):-0.705	O2):27.416	
O1):-0.603	O2):22.374	
O1):-0.862	O2):54.097	
O1):-0.754	O2):31.3	
O1):-0.675	O2):26.738	
O1):-0.775	O2):32.27	
O1):-0.703	O2):27.242	
O1):-0.706	O2):27.414	
O1):-0.81	O2):38.8	
O1):-0.783	O2):33.416	
O1):-0.759	O2):31.417	
O1):-0.808	O2):38.175	
O1):-0.741	O2):31.247	
O1):-0.814	O2):39.623	
O1):-0.683	O2):30.568	
O1):-0.761	O2):31.863	
O1):-0.784	O2):36.473	
O1):-0.671	O2):26.524	
O1):-0.729	O2):27.563	
O1):-0.724	O2):28.266	
O1):-0.787	O2):34.87	
O1):-0.816	O2):38.002	
O1):-0.814	O2):37.705	
O1):-0.722	O2):28.534	
O1):-0.833	O2):43.477	
O1):-0.818	O2):38.363	
O1):-0.816	O2):37.853	
O1):-0.804	O2):39.607	
O1):-0.791	O2):34.183	
O1):-0.675	O2):26.738	
O1):-0.758	O2):31.297	
O1):-0.841	O2):48.463	
O1):-0.787	O2):34.208	
O1):-0.824	O2):42.361	
O1):-0.673	O2):26.824	
O1):-0.716	O2):27.81	
O1):-0.792	O2):36.315	
O1):-0.863	O2):54.294	
O1):-0.719	O2):27.686	
O1):-0.746	O2):30.317	
O1):-0.797	O2):35.741	
O1):-0.841	O2):48.447	
O1):-0.853	O2):49.184	
O1):-0.726	O2):28.797	
O1):-0.782	O2):39.394	
O1):-0.836	O2):45.44	
O1):-0.791	O2):34.415	
O1):-0.858	O2):53.864	
O1):-0.735	O2):28.609	
O1):-0.746	O2):30.146	
O1):-0.729	O2):29.058	
O1):-0.795	O2):44.388	
O1):-0.782	O2):33.329	
O1):-0.675	O2):26.738	
O1):-0.723	O2):28.71	
O1):-0.765	O2):32.224	
O1):-0.761	O2):31.839	
O1):-0.711	O2):27.732	
O1):-0.741	O2):29.287	
O1):-0.671	O2):26.488	
O1):-0.756	O2):31.339	
O1):-0.859	O2):53.205	
O1):-0.818	O2):38.357	
O1):-0.76	O2):31.69	
O1):-0.776	O2):32.69	
O1):-0.797	O2):34.669	
O1):-0.757	O2):31.546	
O1):-0.754	O2):31.3	
O1):-0.791	O2):34.431	
O1):-0.863	O2):54.294	
O1):-0.754	O2):31.3	
O1):-0.841	O2):47.942	
O1):-0.787	O2):34.87	
O1):-0.747	O2):30.269	
O1):-0.739	O2):30.921	
O1):-0.776	O2):32.69	
O1):-0.801	O2):37.628	
O1):-0.826	O2):43.909	
O1):-0.815	O2):39.768	
O1):-0.789	O2):34.114	
O1):-0.858	O2):53.864	
O1):-0.789	O2):34.114	
O1):-0.759	O2):31.591	
O1):-0.792	O2):37.361	
Evaluations:	3600
O1):-0.816	O2):39.102	
O1):-0.695	O2):26.689	
O1):-0.805	O2):38.304	
O1):-0.76	O2):32.231	
O1):-0.795	O2):34.733	
O1):-0.782	O2):33.344	
O1):-0.741	O2):29.372	
O1):-0.747	O2):31.3	
O1):-0.706	O2):27.432	
O1):-0.805	O2):39.122	
O1):-0.7	O2):27.06	
O1):-0.794	O2):33.778	
O1):-0.833	O2):44.085	
O1):-0.76	O2):31.765	
O1):-0.722	O2):28.523	
Evaluations:	3600
Starting PrismExecutor worker 1 on port 11461
O1):-0.765	O2):34.465	
Connected worker 1 to port 11461
O1):-0.843	O2):48.505	
O1):-0.796	O2):36.558	
O1):-0.833	O2):42.54	
O1):-0.803	O2):37.774	
O1):-0.797	O2):37.214	
O1):-0.79	O2):36.828	
O1):-0.832	O2):42.492	
O1):-0.754	O2):33.158	
O1):-0.817	O2):38.107	
O1):-0.773	O2):32.421	
O1):-0.745	O2):31.125	
O1):-0.799	O2):37.922	
O1):-0.834	O2):43.836	
O1):-0.773	O2):32.47	
O1):-0.694	O2):26.539	
O1):-0.735	O2):28.609	
O1):-0.761	O2):32.108	
O1):-0.802	O2):37.328	
O1):-0.797	O2):36.864	
O1):-0.734	O2):28.643	
O1):-0.757	O2):31.563	
O1):-0.778	O2):33.175	
O1):-0.842	O2):47.136	
O1):-0.76	O2):31.658	
O1):-0.778	O2):33.175	
O1):-0.744	O2):31.115	
O1):-0.78	O2):33.63	
Evaluations:	3800
O1):-0.796	O2):36.558	
O1):-0.801	O2):37.628	
O1):-0.765	O2):32.284	
O1):-0.65	O2):26.18	
O1):-0.816	O2):37.892	
O1):-0.784	O2):33.587	
O1):-0.784	O2):33.587	
O1):-0.821	O2):39.136	
O1):-0.781	O2):33.32	
O1):-0.746	O2):31.244	
O1):-0.726	O2):28.797	
O1):-0.76	O2):31.631	
O1):-0.798	O2):37.756	
O1):-0.835	O2):43.995	
O1):-0.704	O2):27.131	
O1):-0.809	O2):38.635	
O1):-0.71	O2):27.626	
O1):-0.776	O2):32.473	
O1):-0.777	O2):33.13	
O1):-0.759	O2):31.648	
O1):-0.827	O2):43.461	
O1):-0.654	O2):26.423	
O1):-0.784	O2):33.587	
O1):-0.65	O2):26.181	
O1):-0.762	O2):31.988	
O1):-0.77	O2):32.971	
O1):-0.773	O2):35.891	
O1):-0.82	O2):38.706	
O1):-0.706	O2):27.441	
O1):-0.772	O2):33.521	
O1):-0.775	O2):32.792	
O1):-0.78	O2):36.382	
O1):-0.85	O2):48.416	
O1):-0.776	O2):32.473	
O1):-0.806	O2):38.271	
O1):-0.784	O2):34.219	
O1):-0.724	O2):28.347	
O1):-0.746	O2):30.215	
O1):-0.673	O2):26.824	
O1):-0.775	O2):32.78	
O1):-0.816	O2):37.985	
O1):-0.762	O2):31.819	
O1):-0.786	O2):34.116	
O1):-0.802	O2):37.328	
O1):-0.84	O1):-0.796	O2):47.921	O2):34.915	

O1):-0.791	O2):33.775	
O1):-0.739	O2):30.969	
O1):-0.849	O2):47.981	
O1):-0.762	O2):34.533	
O1):-0.775	O2):32.757	
O1):-0.724	O2):28.875	
O1):-0.727	O2):28.647	
O1):-0.78	O2):36.478	
O1):-0.72	O2):27.707	
O1):-0.71	O2):30.226	
O1):-0.835	O2):43.89	
O1):-0.849	O2):47.981	
O1):-0.833	O2):42.511	
O1):-0.703	O2):27.152	
O1):-0.838	O2):43.775	
O1):-0.75	O2):32.698	
O1):-0.739	O2):30.969	
O1):-0.761	O2):31.87	
O1):-0.776	O2):33.194	
O1):-0.809	O2):43.977	
O1):-0.783	O2):33.416	
O1):-0.775	O2):32.27	
O1):-0.779	O2):33.576	
O1):-0.799	O2):37.933	
O1):-0.724	O2):28.76	
O1):-0.811	O2):38.836	
O1):-0.8	O2):37.308	
O1):-0.773	O2):32.47	
O1):-0.795	O2):34.197	
O1):-0.858	O2):53.864	
O1):-0.696	O2):26.818	
O1):-0.768	O2):32.366	
O1):-0.776	O2):37.764	
O1):-0.776	O2):32.69	
O1):-0.816	O2):37.868	
O1):-0.798	O2):36.904	
O1):-0.786	O2):37.148	
O1):-0.84	O2):48.237	
O1):-0.761	O2):31.873	
O1):-0.862	O2):54.879	
O1):-0.808	O2):38.496	
O1):-0.7	O2):26.855	
O1):-0.749	O2):31.376	
O1):-0.724	O2):28.442	
O1):-0.791	O2):35.654	
O1):-0.762	O2):32.207	
O1):-0.765	O2):32.274	
O1):-0.744	O2):31.115	
O1):-0.73	O2):29.17	
O1):-0.795	O2):34.733	
O1):-0.817	O2):37.901	
O1):-0.851	O2):49.951	
O1):-0.777	O2):32.864	
O1):-0.816	O2):37.759	
O1):-0.741	O2):29.366	
O1):-0.767	O2):34.478	
O1):-0.673	O2):26.824	
O1):-0.743	O2):30.086	
O1):-0.724	O2):28.442	
O1):-0.8	O2):37.419	
O1):-0.8	O2):37.204	
O1):-0.784	O2):34.219	
O1):-0.702	O2):27.095	
O1):-0.791	O2):34.183	
O1):-0.796	O2):37.843	
O1):-0.835	O2):43.763	
O1):-0.791	O2):35.183	
O1):-0.711	O2):27.732	
-------------------------------------------------
SOLUTIONS: 	100

Pareto Front and Pareto set saved at: data/ROBOT14_REP7/NSGAII/
Pareto Front: data/ROBOT14_REP7/NSGAII/ROBOT14_REP7_NSGAII_175444_020826_Front
Pareto Set: data/ROBOT14_REP7/NSGAII/ROBOT14_REP7_NSGAII_175444_020826_Set
O1):-0.835	O2):43.759	
O1):-0.795	O2):34.137	
O1):-0.727	O2):28.647	
O1):-0.851	O2):49.988	
O1):-0.835	O2):43.89	
O1):-0.801	O2):42.633	
O1):-0.714	O2):30.605	
O1):-0.728	O2):28.776	
O1):-0.759	O2):33.453	
O1):-0.775	O2):32.792	
O1):-0.73	O2):29.099	
O1):-0.76	O2):31.699	
O1):-0.767	O2):33.133	
O1):-0.787	O2):37.236	
O1):-0.729	O2):29.058	
O1):-0.7	O2):26.896	
O1):-0.816	O2):37.759	
O1):-0.783	O2):36.27	
O1):-0.703	O2):27.242	
O1):-0.814	O2):37.705	
O1):-0.827	O2):44.781	
O1):-0.675	O2):26.738	
O1):-0.643	O2):26.472	
O1):-0.779	O2):33.569	
O1):-0.76	O2):31.646	
O1):-0.745	O2):31.282	
O1):-0.76	O2):32.193	
O1):-0.799	O2):37.292	
O1):-0.825	O2):42.498	
O1):-0.768	O2):33.156	
O1):-0.809	O2):38.635	
O1):-0.816	O2):40.238	
O1):-0.789	O2):34.114	
O1):-0.741	O2):29.002	
O1):-0.792	O2):33.599	
Evaluations:	3900
Starting PrismExecutor worker 5 on port 11425
Connected worker 5 to port 11425
O1):-0.748	O2):31.34	
O1):-0.729	O2):29.058	
O1):-0.819	O2):42.479	
O1):-0.733	O2):31.585	
O1):-0.719	O2):28.104	
O1):-0.834	O2):48.986	
O1):-0.768	O2):33.156	
O1):-0.785	O2):33.787	
O1):-0.837	O2):44.493	
O1):-0.79	O2):33.768	
O1):-0.854	O2):58.578	
O1):-0.784	O2):33.587	
O1):-0.791	O2):35.183	
O1):-0.781	O2):48.776	
O1):-0.78	O2):33.619	
O1):-0.841	O2):48.463	
O1):-0.761	O2):31.935	
O1):-0.816	O2):37.915	
O1):-0.807	O2):38.397	
O1):-0.675	O2):26.738	
O1):-0.675	O2):26.738	
O1):-0.819	O2):38.457	
O1):-0.806	O2):38.305	
O1):-0.674	O2):26.719	
O1):-0.741	O2):31.141	
O1):-0.862	O2):54.879	
O1):-0.754	O2):32.689	
O1):-0.797	O2):37.263	
O1):-0.837	O2):44.493	
O1):-0.862	O2):54.879	
O1):-0.792	O2):43.517	
O1):-0.735	O2):28.609	
O1):-0.671	O2):26.489	
O1):-0.738	O2):29.125	
O1):-0.767	O2):34.284	
O1):-0.758	O2):31.348	
O1):-0.694	O2):26.539	
O1):-0.708	O2):27.412	
O1):-0.816	O2):37.868	
O1):-0.805	O2):38.27	
O1):-0.809	O2):38.639	
O1):-0.765	O2):32.865	
O1):-0.792	O2):36.495	
O1):-0.806	O2):38.305	
O1):-0.743	O2):31.121	
O1):-0.654	O2):26.423	
O1):-0.833	O2):42.511	
O1):-0.862	O2):54.879	
O1):-0.752	O2):32.691	
O1):-0.861	O2):54.501	
O1):-0.761	O2):31.873	
O1):-0.787	O2):34.87	
O1):-0.787	O2):34.052	
O1):-0.673	O2):26.824	
O1):-0.774	O2):36.245	
O1):-0.654	O2):26.423	
O1):-0.704	O2):27.191	
O1):-0.72	O2):27.973	
O1):-0.757	O2):31.351	
O1):-0.771	O2):33.983	
O1):-0.778	O2):32.957	
O1):-0.854	O2):58.578	
O1):-0.817	O2):42.044	
O1):-0.821	O2):38.901	
O1):-0.797	O2):34.674	
O1):-0.684	O2):30.833	
O1):-0.858	O2):54.129	
O1):-0.753	O2):32.829	
O1):-0.69	O2):31.164	
O1):-0.791	O2):34.183	
O1):-0.85	O2):48.289	
O1):-0.762	O2):31.988	
O1):-0.777	O2):32.911	
O1):-0.841	O2):47.861	
O1):-0.722	O2):28.523	
O1):-0.675	O2):26.738	
O1):-0.753	O2):32.829	
O1):-0.778	O2):33.515	
O1):-0.705	O2):27.384	
O1):-0.789	O2):34.115	
O1):-0.817	O2):42.044	
O1):-0.754	O2):32.697	
O1):-0.72	O2):27.973	
O1):-0.832	O2):42.492	
O1):-0.742	O2):31.938	
O1):-0.793	O2):34.477	
O1):-0.8	O2):37.204	
O1):-0.82	O2):38.706	
O1):-0.795	O2):39.736	
O1):-0.776	O2):32.166	
O1):-0.809	O2):38.635	
O1):-0.833	O2):42.533	
O1):-0.777	O2):32.814	
O1):-0.853	O2):50.508	
O1):-0.787	O2):44.576	
O1):-0.777	O2):32.911	
O1):-0.758	O2):31.909	
O1):-0.832	O2):42.492	
O1):-0.851	O2):49.955	
O1):-0.801	O2):37.521	
O1):-0.761	O2):31.839	
O1):-0.837	O2):44.493	
O1):-0.81	O2):39.714	
O1):-0.723	O2):28.205	
O1):-0.799	O2):37.32	
O1):-0.816	O2):37.892	
O1):-0.705	O2):27.4	
O1):-0.721	O2):28.487	
O1):-0.789	O2):39.423	
O1):-0.841	O2):47.861	
O1):-0.774	O2):31.997	
O1):-0.827	O2):43.461	
O1):-0.701	O2):26.869	
O1):-0.825	O2):42.56	
O1):-0.643	O2):27.175	
O1):-0.836	O2):44.023	
O1):-0.787	O2):34.87	
O1):-0.778	O2):33.221	
O1):-0.727	O2):31.01	
O1):-0.705	O2):27.416	
O1):-0.787	O2):34.052	
O1):-0.773	O2):33.561	
O1):-0.738	O2):32.164	
O1):-0.757	O2):31.564	
O1):-0.767	O2):32.59	
O1):-0.762	O2):32.207	
O1):-0.705	O2):27.416	
O1):-0.8	O2):37.51	
O1):-0.723	O2):28.245	
O1):-0.7	O2):26.896	
O1):-0.792	O2):36.315	
O1):-0.757	O2):31.528	
O1):-0.818	O2):43.104	
O1):-0.757	O2):31.564	
O1):-0.762	O2):31.988	
O1):-0.758	O2):40.726	
O1):-0.836	O2):43.359	
O1):-0.816	O2):43.305	
O1):-0.759	O2):31.56	
O1):-0.833	O2):42.699	
O1):-0.786	O2):34.116	
O1):-0.756	O2):33.23	
O1):-0.797	O2):37.137	
O1):-0.858	O2):54.129	
O1):-0.818	O2):38.224	
O1):-0.772	O2):33.531	
O1):-0.672	O2):26.514	
O1):-0.705	O2):27.384	
O1):-0.85	O2):48.416	
O1):-0.795	O2):37.844	
O1):-0.787	O2):34.052	
O1):-0.723	O2):28.79	
O1):-0.832	O2):42.533	
O1):-0.801	O2):37.508	
O1):-0.806	O2):38.305	
O1):-0.762	O2):31.988	
O1):-0.796	O2):34.69	
O1):-0.819	O2):38.575	
O1):-0.834	O2):45.154	
O1):-0.776	O2):37.755	
O1):-0.692	O2):30.713	
O1):-0.793	O2):36.466	
O1):-0.759	O2):31.617	
O1):-0.818	O2):38.371	
O1):-0.85	O2):48.289	
O1):-0.743	O2):31.121	
O1):-0.702	O2):27.51	
O1):-0.842	O2):48.557	
O1):-0.862	O2):54.879	
O1):-0.795	O2):34.137	
O1):-0.844	O2):49.94	
O1):-0.719	O2):28.218	
O1):-0.673	O2):26.824	
O1):-0.817	O2):38.107	
O1):-0.787	O2):34.052	
O1):-0.791	O2):35.653	
O1):-0.801	O2):37.618	
-------------------------------------------------
SOLUTIONS: 	100

Pareto Front and Pareto set saved at: data/ROBOT14_REP0/NSGAII/
Pareto Front: data/ROBOT14_REP0/NSGAII/ROBOT14_REP0_NSGAII_175809_020826_Front
Pareto Set: data/ROBOT14_REP0/NSGAII/ROBOT14_REP0_NSGAII_175809_020826_Set
O1):-0.797	O2):37.137	
O1):-0.787	O2):34.052	
O1):-0.776	O2):32.165	
O1):-0.776	O2):32.165	
O1):-0.779	O2):33.081	
O1):-0.816	O2):37.759	
O1):-0.675	O2):26.738	
O1):-0.794	O2):36.966	
O1):-0.807	O2):38.991	
O1):-0.705	O2):27.398	
O1):-0.797	O2):36.864	
O1):-0.703	O2):27.242	
O1):-0.817	O2):42.021	
O1):-0.72	O2):27.978	
O1):-0.788	O2):34.885	
O1):-0.603	O2):22.374	
O1):-0.862	O2):54.879	
O1):-0.786	O2):34.419	
O1):-0.729	O2):29.058	
O1):-0.835	O2):43.759	
O1):-0.772	O2):32.837	
O1):-0.675	O2):26.738	
O1):-0.761	O2):31.873	
O1):-0.836	O2):43.282	
O1):-0.833	O2):43.183	
O1):-0.643	O2):26.477	
O1):-0.816	O2):37.759	
O1):-0.779	O2):33.569	
O1):-0.782	O2):34.106	
O1):-0.704	O2):27.191	
O1):-0.787	O2):34.208	
O1):-0.791	O2):36.739	
O1):-0.851	O2):49.988	
O1):-0.788	O2):34.951	
O1):-0.735	O2):28.609	
O1):-0.756	O2):33.23	
O1):-0.793	O2):34.542	
O1):-0.798	O2):34.763	
O1):-0.751	O2):29.46	
O1):-0.761	O2):31.839	
O1):-0.778	O2):33.175	
O1):-0.842	O2):48.553	
O1):-0.801	O2):37.342	
O1):-0.8	O2):37.204	
O1):-0.762	O2):32.088	
O1):-0.834	O2):42.92	
O1):-0.781	O2):33.467	
O1):-0.842	O2):47.136	
O1):-0.786	O2):39.129	
O1):-0.816	O2):37.868	
O1):-0.795	O2):34.137	
O1):-0.778	O2):33.221	
O1):-0.775	O2):32.021	
O1):-0.709	O2):28.506	
O1):-0.85	O2):48.083	
O1):-0.792	O2):36.315	
O1):-0.749	O2):31.379	
O1):-0.752	O2):32.691	
O1):-0.778	O2):33.563	
O1):-0.806	O2):38.305	
O1):-0.758	O2):31.303	
O1):-0.675	O2):26.738	
O1):-0.818	O2):38.391	
O1):-0.853	O2):50.524	
O1):-0.719	O2):27.686	
O1):-0.706	O2):27.431	
O1):-0.722	O2):27.742	
O1):-0.81	O2):39.609	
O1):-0.821	O2):39.073	
O1):-0.852	O2):50.3	
O1):-0.82	O2):38.942	
O1):-0.778	O2):36.445	
O1):-0.65	O2):26.181	
O1):-0.816	O2):37.919	
O1):-0.776	O2):32.828	
O1):-0.818	O2):39.796	
O1):-0.825	O2):42.5	
O1):-0.73	O2):29.099	
O1):-0.818	O2):39.796	
O1):-0.799	O2):37.265	
O1):-0.804	O2):38.154	
O1):-0.781	O2):33.27	
O1):-0.769	O2):32.384	
O1):-0.806	O2):38.271	
O1):-0.824	O2):42.361	
O1):-0.815	O2):37.836	
O1):-0.799	O2):38.503	
O1):-0.834	O2):42.899	
O1):-0.751	O2):29.437	
O1):-0.743	O2):31.121	
O1):-0.761	O2):31.922	
O1):-0.761	O2):31.873	
O1):-0.75	O2):32.637	
O1):-0.833	O2):42.699	
-------------------------------------------------
SOLUTIONS: 	100

Pareto Front and Pareto set saved at: data/ROBOT14_REP8/NSGAII/
Pareto Front: data/ROBOT14_REP8/NSGAII/ROBOT14_REP8_NSGAII_175935_020826_Front
Pareto Set: data/ROBOT14_REP8/NSGAII/ROBOT14_REP8_NSGAII_175935_020826_Set
O1):-0.824	O2):42.361	
O1):-0.77	O2):32.47	
O1):-0.777	O2):33.05	
O1):-0.835	O2):43.759	
O1):-0.743	O2):31.121	
O1):-0.816	O2):38.961	
O1):-0.716	O2):28.336	
O1):-0.811	O2):38.552	
O1):-0.755	O2):31.532	
O1):-0.806	O2):38.305	
O1):-0.7	O2):26.896	
O1):-0.775	O2):35.576	
O1):-0.723	O2):28.757	
O1):-0.728	O2):31.052	
O1):-0.762	O2):31.988	
O1):-0.757	O2):31.564	
O1):-0.728	O2):31.052	
O1):-0.791	O2):33.775	
O1):-0.709	O2):28.506	
O1):-0.759	O2):32.006	
O1):-0.81	O2):38.764	
O1):-0.817	O2):42.044	
O1):-0.799	O2):38.084	
O1):-0.79	O2):33.768	
O1):-0.723	O2):28.757	
O1):-0.729	O2):29.058	
O1):-0.723	O2):28.205	
O1):-0.791	O2):35.183	
O1):-0.758	O2):31.303	
O1):-0.835	O2):43.889	
O1):-0.751	O2):32.581	
O1):-0.76	O2):31.631	
O1):-0.778	O2):33.221	
O1):-0.701	O2):26.869	
O1):-0.8	O2):37.42	
O1):-0.782	O2):33.844	
O1):-0.777	O2):33.095	
O1):-0.78	O2):37.386	
O1):-0.759	O2):31.617	
O1):-0.759	O2):31.61	
O1):-0.721	O2):27.723	
O1):-0.795	O2):34.137	
O1):-0.674	O2):26.719	
O1):-0.767	O2):33.069	
O1):-0.842	O2):47.136	
O1):-0.816	O2):37.759	
O1):-0.751	O2):32.581	
O1):-0.654	O2):26.423	
O1):-0.795	O2):33.622	
O1):-0.721	O2):27.723	
O1):-0.762	O2):31.988	
O1):-0.785	O2):43.974	
O1):-0.722	O2):27.742	
O1):-0.821	O2):39.226	
O1):-0.834	O2):48.401	
O1):-0.754	O2):31.3	
O1):-0.749	O2):32.074	
O1):-0.836	O2):43.898	
O1):-0.759	O2):33.258	
O1):-0.836	O2):44.023	
O1):-0.793	O2):37.873	
O1):-0.816	O2):37.759	
O1):-0.762	O2):32.181	
O1):-0.724	O2):28.266	
O1):-0.774	O2):35.389	
O1):-0.796	O2):36.558	
O1):-0.834	O2):42.899	
O1):-0.798	O2):34.763	
O1):-0.795	O2):34.137	
O1):-0.776	O2):32.554	
O1):-0.724	O2):28.76	
O1):-0.815	O2):37.737	
O1):-0.782	O2):35.276	
Evaluations:	3700
O1):-0.773	O2):32.424	
O1):-0.654	O2):26.423	
O1):-0.671	O2):26.524	
O1):-0.811	O2):38.552	
O1):-0.734	O2):31.616	
O1):-0.777	O2):32.814	
O1):-0.821	O2):39.073	
O1):-0.776	O2):32.828	
O1):-0.781	O2):33.758	
O1):-0.758	O2):31.303	
O1):-0.671	O2):26.488	
O1):-0.817	O2):38.107	
O1):-0.852	O2):48.838	
O1):-0.797	O2):37.792	
O1):-0.796	O2):36.558	
O1):-0.842	O2):47.183	
O1):-0.817	O2):38.107	
O1):-0.781	O2):33.787	
O1):-0.821	O2):39.073	
O1):-0.776	O2):32.828	
O1):-0.775	O2):32.27	
O1):-0.815	O2):37.727	
O1):-0.79	O2):35.507	
O1):-0.796	O2):36.558	
O1):-0.723	O2):28.494	
O1):-0.833	O2):43.639	
O1):-0.799	O2):37.171	
O1):-0.788	O2):34.885	
O1):-0.838	O2):43.775	
O1):-0.741	O2):31.059	
O1):-0.691	O2):30.379	
O1):-0.781	O2):33.823	
O1):-0.793	O2):36.439	
O1):-0.751	O2):29.46	
O1):-0.792	O2):33.599	
O1):-0.802	O2):37.362	
O1):-0.786	O2):34.116	
O1):-0.673	O2):26.824	
O1):-0.761	O2):31.839	
O1):-0.675	O2):26.738	
Evaluations:	3900
O1):-0.741	O2):29.002	
O1):-0.818	O2):38.238	
O1):-0.795	O2):39.736	
O1):-0.758	O2):31.303	
O1):-0.654	O2):26.423	
O1):-0.673	O2):26.824	
O1):-0.692	O2):30.585	
O1):-0.773	O2):33.56	
O1):-0.808	O2):38.325	
O1):-0.773	O2):34.329	
O1):-0.776	O2):32.165	
O1):-0.816	O2):37.868	
O1):-0.833	O2):44.085	
O1):-0.832	O2):42.533	
O1):-0.816	O2):38.98	
O1):-0.729	O2):27.563	
O1):-0.778	O2):33.516	
O1):-0.706	O2):27.436	
O1):-0.795	O2):34.363	
O1):-0.768	O2):32.366	
O1):-0.834	O2):44.073	
O1):-0.85	O2):48.083	
O1):-0.792	O2):36.315	
O1):-0.723	O2):28.325	
O1):-0.852	O2):48.838	
O1):-0.749	O2):31.376	
O1):-0.779	O2):33.081	
O1):-0.859	O2):54.151	
O1):-0.759	O2):31.61	
O1):-0.825	O2):43.809	
O1):-0.799	O2):37.265	
O1):-0.732	O2):31.489	
O1):-0.807	O2):38.397	
Evaluations:	3700
O1):-0.85	O2):53.986	
O1):-0.676	O2):27.635	
O1):-0.743	O2):31.121	
O1):-0.769	O2):32.456	
O1):-0.779	O2):33.081	
O1):-0.73	O2):27.804	
O1):-0.853	O2):50.508	
O1):-0.79	O2):34.095	
O1):-0.749	O2):32.077	
O1):-0.785	O2):43.955	
O1):-0.825	O2):42.495	
O1):-0.777	O2):32.814	
-------------------------------------------------
SOLUTIONS: 	100

Pareto Front and Pareto set saved at: data/ROBOT14_REP2/NSGAII/
Pareto Front: data/ROBOT14_REP2/NSGAII/ROBOT14_REP2_NSGAII_180257_020826_Front
Pareto Set: data/ROBOT14_REP2/NSGAII/ROBOT14_REP2_NSGAII_180257_020826_Set
O1):-0.763	O2):32.29	
O1):-0.674	O2):26.719	
O1):-0.817	O2):38.107	
O1):-0.762	O2):32.181	
O1):-0.77	O2):33.523	
O1):-0.772	O2):32.888	
O1):-0.603	O2):22.374	
O1):-0.775	O2):32.27	
O1):-0.673	O2):26.824	
O1):-0.765	O2):32.274	
O1):-0.842	O2):47.183	
O1):-0.853	O2):50.508	
O1):-0.81	O2):39.233	
O1):-0.67	O2):26.362	
O1):-0.81	O2):38.722	
O1):-0.818	O2):39.796	
O1):-0.775	O2):32.757	
O1):-0.819	O2):38.77	
O1):-0.776	O2):32.934	
O1):-0.725	O2):28.86	
O1):-0.811	O2):39.66	
O1):-0.858	O2):54.129	
O1):-0.643	O2):26.889	
O1):-0.858	O2):54.129	
O1):-0.833	O2):42.533	
O1):-0.788	O2):34.885	
O1):-0.842	O2):47.136	
O1):-0.721	O2):27.723	
O1):-0.781	O2):33.74	
O1):-0.787	O2):34.208	
O1):-0.751	O2):32.819	
O1):-0.776	O2):32.828	
O1):-0.761	O2):31.837	
O1):-0.785	O2):38.861	
O1):-0.73	O2):27.804	
O1):-0.784	O2):34.219	
O1):-0.8	O2):37.204	
O1):-0.775	O2):32.757	
O1):-0.842	O2):47.136	
O1):-0.774	O2):32.566	
O1):-0.7	O2):26.896	
O1):-0.721	O2):27.723	
O1):-0.806	O2):38.271	
O1):-0.835	O2):43.995	
O1):-0.79	O2):34.802	
O1):-0.824	O2):42.361	
O1):-0.801	O2):37.507	
O1):-0.842	O2):48.553	
O1):-0.814	O2):37.705	
O1):-0.792	O2):36.496	
O1):-0.834	O2):44.983	
O1):-0.834	O2):44.789	
O1):-0.842	O2):47.136	
O1):-0.816	O2):39.102	
O1):-0.854	O2):58.578	
O1):-0.8	O2):37.419	
O1):-0.778	O2):34.445	
O1):-0.804	O2):38.139	
O1):-0.838	O2):43.775	
O1):-0.721	O2):27.723	
O1):-0.672	O2):26.514	
O1):-0.785	O2):33.787	
O1):-0.854	O2):58.578	
O1):-0.737	O2):32.145	
O1):-0.85	O2):48.083	
O1):-0.724	O2):29.405	
O1):-0.705	O2):27.398	
O1):-0.781	O2):33.758	
O1):-0.85	O2):48.291	
O1):-0.75	O2):32.637	
O1):-0.799	O2):37.298	
O1):-0.806	O2):41.786	
O1):-0.744	O2):31.165	
O1):-0.722	O2):28.146	
O1):-0.786	O2):34.42	
O1):-0.79	O2):35.507	
O1):-0.784	O2):34.219	
O1):-0.797	O2):34.669	
O1):-0.778	O2):33.222	
O1):-0.756	O2):31.3	
O1):-0.706	O2):27.588	
O1):-0.821	O2):39.073	
O1):-0.603	O2):22.374	
O1):-0.753	O2):32.725	
O1):-0.759	O2):31.617	
O1):-0.798	O2):37.261	
O1):-0.724	O2):30.455	
O1):-0.791	O2):35.183	
O1):-0.806	O2):38.305	
O1):-0.786	O2):34.116	
O1):-0.807	O2):38.492	
O1):-0.775	O2):35.832	
O1):-0.779	O2):34.487	
O1):-0.858	O2):54.129	
O1):-0.788	O2):34.885	
O1):-0.724	O2):28.773	
O1):-0.706	O2):27.441	
O1):-0.759	O2):31.617	
O1):-0.819	O2):38.575	
O1):-0.76	O2):31.776	
O1):-0.842	O2):48.553	
O1):-0.772	O2):33.971	
O1):-0.762	O2):32.181	
O1):-0.73	O2):29.1	
O1):-0.809	O2):40.811	
O1):-0.821	O2):39.136	
O1):-0.777	O2):33.092	
O1):-0.858	O2):54.129	
O1):-0.776	O2):32.856	
O1):-0.75	O2):31.571	
O1):-0.787	O2):34.208	
O1):-0.721	O2):27.776	
O1):-0.748	O2):31.534	
O1):-0.835	O2):43.759	
O1):-0.809	O2):38.641	
O1):-0.833	O2):43.471	
O1):-0.842	O2):47.183	
O1):-0.775	O2):32.757	
O1):-0.781	O2):33.743	
O1):-0.781	O2):33.758	
O1):-0.77	O2):34.049	
O1):-0.816	O2):37.868	
O1):-0.803	O2):38.044	
O1):-0.759	O2):32.056	
O1):-0.785	O2):33.787	
O1):-0.797	O2):34.701	
O1):-0.797	O2):38.342	
O1):-0.817	O2):38.107	
O1):-0.842	O2):47.183	
O1):-0.785	O2):33.803	
O1):-0.815	O2):38.988	
O1):-0.705	O2):27.398	
O1):-0.776	O2):32.864	
O1):-0.725	O2):28.848	
O1):-0.85	O2):48.083	
O1):-0.819	O2):38.701	
O1):-0.748	O2):32.18	
O1):-0.801	O2):37.507	
O1):-0.729	O2):29.058	
O1):-0.834	O2):48.401	
O1):-0.801	O2):37.628	
O1):-0.842	O2):47.136	
O1):-0.673	O2):26.824	
O1):-0.705	O2):27.767	
O1):-0.706	O2):27.587	
O1):-0.793	O2):36.439	
O1):-0.795	O2):38.209	
O1):-0.744	O2):30.5	
O1):-0.81	O2):38.727	
O1):-0.723	O2):28.757	
O1):-0.8	O2):37.51	
O1):-0.779	O2):34.422	
O1):-0.76	O2):31.662	
O1):-0.816	O2):37.868	
O1):-0.762	O2):32.181	
O1):-0.817	O2):39.695	
O1):-0.779	O2):34.419	
O1):-0.739	O2):28.511	
O1):-0.814	O2):37.705	
O1):-0.723	O2):28.205	
O1):-0.808	O2):38.325	
O1):-0.75	O2):32.64	
O1):-0.778	O2):33.421	
O1):-0.722	O2):28.53	
O1):-0.835	O2):43.995	
O1):-0.776	O2):32.856	
O1):-0.849	O2):47.981	
O1):-0.787	O2):35.042	
O1):-0.85	O2):53.986	
O1):-0.721	O2):27.723	
O1):-0.798	O2):34.763	
O1):-0.691	O2):30.332	
O1):-0.705	O2):27.398	
O1):-0.778	O2):33.274	
O1):-0.833	O2):44.085	
O1):-0.791	O2):33.775	
O1):-0.728	O2):31.052	
O1):-0.809	O2):38.595	
O1):-0.834	O2):48.401	
O1):-0.838	O2):43.775	
O1):-0.794	O2):36.966	
O1):-0.78	O2):33.42	
O1):-0.832	O2):43.555	
O1):-0.821	O2):39.073	
O1):-0.808	O2):38.496	
O1):-0.753	O2):32.725	
O1):-0.673	O2):26.824	
O1):-0.777	O2):33.182	
O1):-0.751	O2):32.638	
O1):-0.781	O2):33.758	
O1):-0.795	O2):34.137	
O1):-0.79	O2):33.768	
O1):-0.853	O2):50.508	
O1):-0.762	O2):32.181	
O1):-0.723	O2):28.205	
O1):-0.779	O2):33.569	
O1):-0.784	O2):34.219	
O1):-0.745	O2):31.282	
O1):-0.705	O2):27.398	
O1):-0.643	O2):26.888	
O1):-0.818	O2):38.238	
O1):-0.78	O2):33.738	
O1):-0.784	O2):38.612	
O1):-0.808	O2):38.325	
O1):-0.765	O2):32.274	
O1):-0.81	O2):38.764	
O1):-0.834	O2):43.987	
O1):-0.836	O2):43.419	
O1):-0.722	O2):27.742	
O1):-0.752	O2):32.691	
O1):-0.758	O2):31.886	
O1):-0.795	O2):34.137	
O1):-0.814	O2):37.705	
O1):-0.816	O2):37.868	
O1):-0.809	O2):38.635	
O1):-0.825	O2):42.495	
O1):-0.792	O2):37.825	
O1):-0.702	O2):27.16	
O1):-0.808	O2):38.492	
O1):-0.79	O2):34.802	
O1):-0.795	O2):34.137	
O1):-0.776	O2):32.844	
O1):-0.776	O2):37.765	
O1):-0.748	O2):32.489	
O1):-0.842	O2):47.136	
O1):-0.81	O2):38.8	
O1):-0.777	O2):36.069	
O1):-0.778	O2):33.273	
O1):-0.834	O2):43.835	
O1):-0.794	O2):36.966	
O1):-0.773	O2):32.424	
O1):-0.775	O2):32.757	
O1):-0.723	O2):28.205	
O1):-0.749	O2):31.376	
O1):-0.748	O2):31.533	
O1):-0.793	O2):35.294	
O1):-0.788	O2):36.956	
O1):-0.776	O2):32.843	
O1):-0.853	O2):50.508	
O1):-0.761	O2):31.839	
O1):-0.78	O2):33.583	
O1):-0.759	O2):31.61	
O1):-0.842	O2):47.136	
O1):-0.727	O2):31.1	
O1):-0.781	O2):33.789	
Evaluations:	3800
O1):-0.779	O2):39.952	
O1):-0.765	O2):32.274	
O1):-0.842	O2):47.183	
O1):-0.804	O2):38.133	
O1):-0.757	O2):33.025	
O1):-0.833	O2):43.471	
O1):-0.739	O2):28.511	
O1):-0.7	O2):26.896	
O1):-0.778	O2):33.221	
O1):-0.73	O2):29.099	
-------------------------------------------------
SOLUTIONS: 	100

Pareto Front and Pareto set saved at: data/ROBOT14_REP1/NSGAII/
Pareto Front: data/ROBOT14_REP1/NSGAII/ROBOT14_REP1_NSGAII_180838_020826_Front
Pareto Set: data/ROBOT14_REP1/NSGAII/ROBOT14_REP1_NSGAII_180838_020826_Set
O1):-0.837	O2):53.866	
O1):-0.806	O2):38.034	
O1):-0.787	O2):34.208	
O1):-0.76	O2):31.699	
O1):-0.717	O2):28.202	
O1):-0.833	O2):43.182	
O1):-0.706	O2):27.439	
O1):-0.833	O2):42.566	
O1):-0.808	O2):43.65	
O1):-0.816	O2):38.005	
O1):-0.773	O2):34.329	
O1):-0.689	O2):27.022	
O1):-0.765	O2):32.274	
O1):-0.768	O2):33.071	
O1):-0.817	O2):38.107	
O1):-0.643	O2):26.888	
O1):-0.7	O2):26.896	
O1):-0.751	O2):32.137	
O1):-0.79	O2):35.507	
O1):-0.787	O2):34.216	
O1):-0.775	O2):32.397	
O1):-0.803	O2):38.143	
O1):-0.801	O2):37.521	
O1):-0.73	O2):27.804	
O1):-0.814	O2):37.705	
O1):-0.755	O2):31.532	
O1):-0.792	O2):36.315	
O1):-0.8	O2):37.393	
O1):-0.818	O2):38.238	
O1):-0.79	O2):35.507	
O1):-0.773	O2):32.558	
Evaluations:	3800
O1):-0.85	O2):48.083	
O1):-0.706	O2):28.283	
O1):-0.853	O2):50.508	
O1):-0.792	O2):35.191	
O1):-0.853	O2):50.508	
O1):-0.789	O2):34.968	
O1):-0.835	O2):43.995	
O1):-0.783	O2):34.148	
O1):-0.812	O2):40.51	
O1):-0.783	O2):34.148	
O1):-0.773	O2):33.608	
O1):-0.778	O2):33.172	
O1):-0.759	O2):33.452	
O1):-0.79	O2):34.802	
O1):-0.803	O2):38.045	
O1):-0.773	O2):31.885	
O1):-0.798	O2):37.261	
O1):-0.785	O2):33.787	
O1):-0.749	O2):31.379	
O1):-0.78	O2):33.42	
O1):-0.784	O2):34.219	
O1):-0.759	O2):31.617	
O1):-0.836	O2):45.205	
O1):-0.761	O2):31.835	
O1):-0.778	O2):33.221	
O1):-0.785	O2):33.803	
O1):-0.759	O2):31.617	
O1):-0.709	O2):28.506	
O1):-0.777	O2):32.864	
O1):-0.757	O2):31.563	
O1):-0.835	O2):45.43	
O1):-0.703	O2):27.152	
O1):-0.792	O2):36.315	
O1):-0.8	O2):37.419	
O1):-0.749	O2):31.376	
O1):-0.723	O2):28.757	
O1):-0.7	O2):26.896	
O1):-0.816	O2):37.868	
O1):-0.705	O2):27.398	
O1):-0.832	O2):43.549	
O1):-0.765	O2):32.274	
O1):-0.749	O2):31.376	
O1):-0.78	O2):33.424	
O1):-0.754	O2):33.08	
O1):-0.834	O2):42.92	
O1):-0.814	O2):37.705	
O1):-0.852	O2):50.3	
O1):-0.703	O2):27.54	
O1):-0.782	O2):33.768	
O1):-0.842	O2):47.183	
O1):-0.842	O2):47.183	
O1):-0.763	O2):34.398	
O1):-0.79	O2):35.507	
O1):-0.807	O2):38.397	
O1):-0.73	O2):31.252	
O1):-0.792	O2):35.191	
O1):-0.85	O2):48.083	
O1):-0.78	O2):33.2	
O1):-0.741	O2):29.002	
O1):-0.8	O2):37.378	
O1):-0.705	O2):27.398	
O1):-0.834	O2):43.835	
O1):-0.83	O2):53.633	
O1):-0.721	O2):28.487	
O1):-0.76	O2):31.699	
O1):-0.824	O2):42.361	
O1):-0.765	O2):32.274	
O1):-0.723	O2):28.757	
O1):-0.85	O2):48.083	
O1):-0.813	O2):40.877	
O1):-0.792	O2):36.315	
O1):-0.741	O2):29.002	
O1):-0.763	O2):33.558	
O1):-0.789	O2):37.331	
O1):-0.791	O2):35.183	
O1):-0.802	O2):38.825	
O1):-0.793	O2):35.294	
O1):-0.775	O2):32.397	
O1):-0.79	O2):35.507	
O1):-0.772	O2):33.971	
O1):-0.826	O2):43.458	
O1):-0.819	O2):38.575	
O1):-0.85	O2):48.083	
O1):-0.824	O2):42.361	
O1):-0.786	O2):34.419	
O1):-0.791	O2):35.183	
O1):-0.803	O2):38.044	
O1):-0.758	O2):32.113	
O1):-0.824	O2):42.361	
O1):-0.838	O2):43.775	
O1):-0.819	O2):38.575	
O1):-0.815	O2):37.84	
O1):-0.849	O2):47.981	
O1):-0.817	O2):38.075	
O1):-0.759	O2):33.251	
O1):-0.797	O2):37.112	
O1):-0.721	O2):28.487	
O1):-0.829	O2):43.386	
O1):-0.852	O2):50.3	
O1):-0.821	O2):39.073	
O1):-0.85	O2):48.289	
O1):-0.788	O2):34.731	
O1):-0.789	O2):34.978	
O1):-0.744	O2):30.5	
O1):-0.853	O2):50.508	
O1):-0.792	O2):35.191	
O1):-0.702	O2):27.51	
O1):-0.826	O2):43.458	
O1):-0.741	O2):29.002	
O1):-0.832	O2):43.548	
O1):-0.71	O2):27.636	
O1):-0.817	O2):39.694	
O1):-0.815	O2):37.737	
O1):-0.838	O2):43.775	
O1):-0.821	O2):39.073	
O1):-0.777	O2):32.868	
O1):-0.775	O2):32.27	
O1):-0.776	O2):32.473	
O1):-0.756	O2):33.225	
O1):-0.79	O2):34.802	
O1):-0.773	O2):32.558	
O1):-0.703	O2):27.152	
O1):-0.782	O2):33.768	
O1):-0.817	O2):38.107	
O1):-0.835	O2):45.389	
O1):-0.71	O2):27.636	
O1):-0.776	O2):32.473	
O1):-0.853	O2):50.508	
O1):-0.759	O2):32.196	
O1):-0.72	O2):28.475	
O1):-0.603	O2):22.374	
O1):-0.73	O2):31.24	
O1):-0.72	O2):27.973	
O1):-0.79	O2):34.801	
O1):-0.782	O2):35.276	
O1):-0.808	O2):40.198	
O1):-0.784	O2):34.219	
O1):-0.689	O2):27.022	
O1):-0.721	O2):28.487	
O1):-0.786	O2):34.116	
O1):-0.728	O2):31.052	
O1):-0.801	O2):37.521	
O1):-0.833	O2):43.471	
O1):-0.776	O2):32.828	
O1):-0.842	O2):47.136	
O1):-0.825	O2):42.513	
O1):-0.724	O2):28.76	
O1):-0.755	O2):38.925	
O1):-0.806	O2):38.304	
O1):-0.787	O2):34.208	
O1):-0.703	O2):27.15	
O1):-0.834	O2):44.639	
O1):-0.749	O2):31.379	
O1):-0.788	O2):34.731	
O1):-0.705	O2):27.398	
O1):-0.782	O2):33.768	
O1):-0.826	O2):43.456	
O1):-0.791	O2):35.653	
O1):-0.788	O2):34.731	
O1):-0.69	O2):27.037	
O1):-0.72	O2):27.973	
O1):-0.722	O2):28.536	
O1):-0.779	O2):33.518	
Evaluations:	3900
O1):-0.842	O2):47.183	
O1):-0.834	O2):43.835	
O1):-0.818	O2):39.796	
O1):-0.842	O2):47.183	
O1):-0.749	O2):31.376	
O1):-0.808	O2):41.653	
O1):-0.779	O2):34.42	
O1):-0.689	O2):27.022	
O1):-0.78	O2):33.619	
O1):-0.775	O2):32.816	
O1):-0.821	O2):39.073	
O1):-0.775	O2):32.816	
O1):-0.73	O2):27.804	
O1):-0.783	O2):34.148	
O1):-0.73	O2):31.24	
O1):-0.776	O2):36.475	
O1):-0.783	O2):34.148	
O1):-0.791	O2):35.653	
O1):-0.702	O2):27.51	
O1):-0.793	O2):36.439	
O1):-0.833	O2):43.435	
O1):-0.673	O2):26.824	
O1):-0.811	O2):38.552	
O1):-0.799	O2):37.265	
O1):-0.705	O2):28.158	
O1):-0.744	O2):30.5	
O1):-0.793	O2):36.564	
O1):-0.82	O2):38.706	
O1):-0.798	O2):37.261	
O1):-0.779	O2):33.52	
O1):-0.775	O2):32.27	
O1):-0.748	O2):31.267	
O1):-0.76	O2):31.699	
O1):-0.703	O2):27.152	
O1):-0.809	O2):40.811	
O1):-0.821	O2):39.073	
O1):-0.778	O2):33.173	
O1):-0.76	O2):31.699	
O1):-0.83	O2):53.633	
O1):-0.741	O2):29.002	
O1):-0.821	O2):39.073	
O1):-0.82	O2):38.706	
O1):-0.793	O2):36.439	
O1):-0.793	O2):36.439	
O1):-0.777	O2):33.132	
Evaluations:	3900
O1):-0.793	O2):36.439	
O1):-0.776	O2):37.765	
O1):-0.745	O2):31.282	
O1):-0.818	O2):38.57	
O1):-0.783	O2):34.123	
O1):-0.728	O2):31.052	
O1):-0.853	O2):50.508	
O1):-0.853	O2):50.508	
O1):-0.828	O2):43.247	
O1):-0.834	O2):43.84	
O1):-0.814	O2):37.705	
O1):-0.747	O2):32.051	
O1):-0.777	O2):32.864	
O1):-0.744	O2):30.5	
O1):-0.803	O2):38.053	
O1):-0.741	O2):29.036	
O1):-0.814	O2):37.705	
O1):-0.792	O2):36.315	
O1):-0.739	O2):28.511	
O1):-0.73	O2):31.24	
O1):-0.788	O2):34.731	
O1):-0.811	O2):38.552	
O1):-0.804	O2):39.621	
O1):-0.744	O2):30.5	
O1):-0.782	O2):33.768	
O1):-0.71	O2):27.636	
O1):-0.816	O2):37.976	
O1):-0.689	O2):27.022	
O1):-0.853	O2):48.894	
O1):-0.833	O2):43.341	
O1):-0.773	O2):32.558	
O1):-0.603	O2):22.374	
O1):-0.722	O2):28.523	
O1):-0.85	O2):48.289	
O1):-0.8	O2):37.514	
O1):-0.788	O2):39.364	
O1):-0.82	O2):38.706	
O1):-0.797	O2):37.137	
O1):-0.817	O2):39.694	
O1):-0.793	O2):35.294	
O1):-0.85	O2):48.083	
O1):-0.723	O2):28.757	
O1):-0.835	O2):43.995	
O1):-0.757	O2):31.563	
O1):-0.746	O2):32.115	
O1):-0.781	O2):33.753	
O1):-0.817	O2):38.075	
O1):-0.757	O2):31.563	
O1):-0.781	O2):33.707	
O1):-0.788	O2):34.738	
O1):-0.799	O2):37.265	
O1):-0.71	O2):27.636	
O1):-0.777	O2):32.864	
O1):-0.836	O2):44.23	
O1):-0.842	O2):47.136	
O1):-0.853	O2):50.508	
O1):-0.768	O2):34.416	
O1):-0.779	O2):33.518	
O1):-0.807	O2):38.397	
O1):-0.762	O2):32.181	
O1):-0.673	O2):26.824	
O1):-0.797	O2):37.137	
O1):-0.794	O2):36.591	
O1):-0.836	O2):45.489	
O1):-0.85	O2):48.083	
O1):-0.789	O2):34.968	
O1):-0.791	O2):35.653	
O1):-0.762	O2):32.21	
O1):-0.78	O2):33.2	
O1):-0.792	O2):35.191	
O1):-0.705	O2):27.398	
O1):-0.776	O2):32.473	
O1):-0.779	O2):33.4	
O1):-0.794	O2):36.591	
O1):-0.69	O2):27.037	
O1):-0.7	O2):26.896	
O1):-0.801	O2):37.628	
O1):-0.792	O2):36.495	
O1):-0.78	O2):33.619	
O1):-0.835	O2):43.995	
O1):-0.825	O2):42.513	
O1):-0.722	O2):28.523	
O1):-0.808	O2):40.051	
O1):-0.749	O2):31.375	
O1):-0.765	O2):32.274	
O1):-0.72	O2):27.973	
O1):-0.7	O2):26.896	
O1):-0.758	O2):31.348	
O1):-0.803	O2):38.978	
O1):-0.835	O2):43.995	
O1):-0.842	O2):47.183	
O1):-0.833	O2):43.471	
O1):-0.787	O2):34.208	
O1):-0.797	O2):37.111	
O1):-0.76	O2):32.143	
O1):-0.705	O2):27.398	
O1):-0.842	O2):47.136	
O1):-0.69	O2):27.037	
O1):-0.723	O2):28.757	
O1):-0.603	O2):22.374	
O1):-0.757	O2):31.563	
O1):-0.801	O2):37.628	
O1):-0.833	O2):43.474	
O1):-0.781	O2):33.787	
O1):-0.793	O2):35.294	
O1):-0.808	O2):38.492	
O1):-0.801	O2):37.628	
O1):-0.817	O2):42.327	
O1):-0.69	O2):27.037	
O1):-0.786	O2):38.852	
O1):-0.819	O2):38.575	
O1):-0.775	O2):32.27	
O1):-0.785	O2):33.787	
O1):-0.71	O2):27.636	
O1):-0.827	O2):43.465	
O1):-0.81	O2):38.818	
O1):-0.71	O2):27.636	
O1):-0.842	O2):47.136	
O1):-0.728	O2):31.052	
O1):-0.842	O2):47.202	
O1):-0.776	O2):37.716	
O1):-0.849	O2):47.981	
O1):-0.723	O2):28.757	
O1):-0.705	O2):27.398	
O1):-0.793	O2):36.439	
O1):-0.781	O2):33.467	
O1):-0.82	O2):38.706	
O1):-0.714	O2):29.432	
O1):-0.852	O2):50.3	
O1):-0.765	O2):32.958	
O1):-0.769	O2):34.275	
O1):-0.793	O2):36.573	
O1):-0.758	O2):32.113	
O1):-0.673	O2):26.824	
O1):-0.799	O2):37.265	
O1):-0.835	O2):44.136	
O1):-0.774	O2):36.438	
O1):-0.793	O2):35.294	
O1):-0.827	O2):43.462	
O1):-0.809	O2):39.089	
O1):-0.834	O2):43.835	
O1):-0.8	O2):37.378	
O1):-0.791	O2):35.183	
O1):-0.842	O2):47.136	
O1):-0.765	O2):32.274	
O1):-0.759	O2):31.61	
O1):-0.76	O2):31.699	
-------------------------------------------------
SOLUTIONS: 	100

Pareto Front and Pareto set saved at: data/ROBOT14_REP5/NSGAII/
Pareto Front: data/ROBOT14_REP5/NSGAII/ROBOT14_REP5_NSGAII_182031_020826_Front
Pareto Set: data/ROBOT14_REP5/NSGAII/ROBOT14_REP5_NSGAII_182031_020826_Set
O1):-0.811	O2):38.552	
O1):-0.78	O2):33.38	
O1):-0.794	O2):35.388	
O1):-0.765	O2):32.284	
O1):-0.785	O2):33.787	
O1):-0.785	O2):33.787	
O1):-0.791	O2):35.183	
O1):-0.788	O2):34.731	
O1):-0.763	O2):34.398	
O1):-0.85	O2):48.289	
O1):-0.725	O2):28.847	
O1):-0.78	O2):33.496	
O1):-0.811	O2):38.552	
O1):-0.803	O2):38.044	
O1):-0.852	O2):50.3	
O1):-0.807	O2):38.434	
O1):-0.761	O2):31.835	
O1):-0.792	O2):35.191	
-------------------------------------------------
SOLUTIONS: 	100

Pareto Front and Pareto set saved at: data/ROBOT14_REP6/NSGAII/
Pareto Front: data/ROBOT14_REP6/NSGAII/ROBOT14_REP6_NSGAII_182137_020826_Front
Pareto Set: data/ROBOT14_REP6/NSGAII/ROBOT14_REP6_NSGAII_182137_020826_Set
Total runtime of EvoChecker for map 14 is 23904.817 seconds
Finished map 14
