x,y,xhat,yhat,belief_id,uncertainty
0,0,0,0,0,0
0,0,1,0,1,586
1,0,1,0,1,586
0,1,1,0,1,586
0,0,2,0,2,1134
1,0,2,0,2,1134
0,1,2,0,2,1134
2,0,2,0,2,1134
1,1,2,0,2,1134
0,2,2,0,2,1134
0,0,3,0,3,1644
1,0,3,0,3,1644
0,1,3,0,3,1644
1,0,1,0,0,0
2,0,3,0,3,1644
1,1,3,0,3,1644
0,1,0,1,0,0
0,2,3,0,3,1644
2,0,2,0,0,0
3,0,3,0,3,1644
2,1,3,0,3,1644
1,1,1,1,0,0
1,2,3,0,3,1644
0,2,0,2,0,0
0,3,3,0,3,1644
0,0,4,0,4,2120
1,0,4,0,4,2120
0,1,4,0,4,2120
2,0,4,0,4,2120
1,1,4,0,4,2120
0,2,4,0,4,2120
0,0,2,0,5,588
2,0,2,0,5,588
1,0,2,0,5,588
1,1,2,0,5,588
3,0,4,0,4,2120
2,1,4,0,4,2120
1,2,4,0,4,2120
0,3,4,0,4,2120
1,0,3,0,5,588
3,0,3,0,5,588
2,0,3,0,5,588
2,1,3,0,5,588
3,0,3,0,0,0
4,0,4,0,4,2120
3,1,4,0,4,2120
2,1,2,1,0,0
2,2,4,0,4,2120
0,1,1,0,6,588
2,1,1,0,6,588
1,0,1,0,6,588
1,2,1,0,6,588
1,2,1,2,0,0
1,3,4,0,4,2120
0,3,0,3,0,0
0,4,4,0,4,2120
0,0,5,0,7,2564
1,0,5,0,7,2564
0,1,5,0,7,2564
2,0,5,0,7,2564
1,1,5,0,7,2564
0,2,5,0,7,2564
3,0,5,0,7,2564
2,1,5,0,7,2564
1,2,5,0,7,2564
0,3,5,0,7,2564
0,0,3,0,8,1136
1,0,3,0,8,1136
0,1,3,0,8,1136
3,0,3,0,8,1136
2,0,3,0,8,1136
2,1,3,0,8,1136
1,1,3,0,8,1136
1,2,3,0,8,1136
4,0,5,0,7,2564
3,1,5,0,7,2564
2,2,5,0,7,2564
1,3,5,0,7,2564
0,4,5,0,7,2564
0,0,4,0,9,1136
2,0,4,0,9,1136
1,0,4,0,9,1136
1,1,4,0,9,1136
4,0,4,0,9,1136
3,0,4,0,9,1136
3,1,4,0,9,1136
2,1,4,0,9,1136
2,2,4,0,9,1136
2,0,4,0,5,588
4,0,4,0,5,588
3,0,4,0,5,588
3,1,4,0,5,588
4,0,4,0,0,0
5,0,5,0,7,2564
4,1,5,0,7,2564
3,1,3,1,0,0
3,2,5,0,7,2564
1,1,2,0,6,588
3,1,2,0,6,588
2,0,2,0,6,588
2,2,2,0,6,588
2,2,2,2,0,0
2,3,5,0,7,2564
0,1,2,0,10,1138
1,1,2,0,10,1138
0,0,2,0,10,1138
0,2,2,0,10,1138
3,1,2,0,10,1138
2,0,2,0,10,1138
2,2,2,0,10,1138
1,0,2,0,10,1138
1,3,2,0,10,1138
0,2,1,1,6,588
2,2,1,1,6,588
1,1,1,1,6,588
1,3,1,1,6,588
1,3,1,3,0,0
1,4,5,0,7,2564
0,3,0,4,11,588
1,3,0,4,11,588
0,2,0,4,11,588
0,4,0,4,11,588
0,4,0,4,0,0
0,5,5,0,7,2564
0,0,6,0,12,2977
1,0,6,0,12,2977
0,1,6,0,12,2977
2,0,6,0,12,2977
1,1,6,0,12,2977
0,2,6,0,12,2977
3,0,6,0,12,2977
2,1,6,0,12,2977
1,2,6,0,12,2977
0,3,6,0,12,2977
4,0,6,0,12,2977
3,1,6,0,12,2977
2,2,6,0,12,2977
1,3,6,0,12,2977
0,4,6,0,12,2977
0,0,4,0,13,1646
1,0,4,0,13,1646
0,1,4,0,13,1646
2,0,4,0,13,1646
1,1,4,0,13,1646
0,2,4,0,13,1646
4,0,4,0,13,1646
3,0,4,0,13,1646
3,1,4,0,13,1646
2,1,4,0,13,1646
2,2,4,0,13,1646
1,2,4,0,13,1646
1,3,4,0,13,1646
5,0,6,0,12,2977
4,1,6,0,12,2977
3,2,6,0,12,2977
2,3,6,0,12,2977
1,4,6,0,12,2977
0,5,6,0,12,2977
0,0,5,0,14,1646
1,0,5,0,14,1646
0,1,5,0,14,1646
3,0,5,0,14,1646
2,0,5,0,14,1646
2,1,5,0,14,1646
1,1,5,0,14,1646
1,2,5,0,14,1646
5,0,5,0,14,1646
4,0,5,0,14,1646
4,1,5,0,14,1646
3,1,5,0,14,1646
3,2,5,0,14,1646
2,2,5,0,14,1646
2,3,5,0,14,1646
1,0,5,0,9,1136
3,0,5,0,9,1136
2,0,5,0,9,1136
2,1,5,0,9,1136
5,0,5,0,9,1136
4,0,5,0,9,1136
4,1,5,0,9,1136
3,1,5,0,9,1136
3,2,5,0,9,1136
3,0,5,0,5,588
5,0,5,0,5,588
4,0,5,0,5,588
4,1,5,0,5,588
5,0,5,0,0,0
6,0,6,0,12,2977
5,1,6,0,12,2977
4,1,4,1,0,0
4,2,6,0,12,2977
2,1,3,0,6,588
4,1,3,0,6,588
3,0,3,0,6,588
3,2,3,0,6,588
3,2,3,2,0,0
3,3,6,0,12,2977
0,1,3,0,15,1138
2,1,3,0,15,1138
1,0,3,0,15,1138
1,2,3,0,15,1138
4,1,3,0,15,1138
3,0,3,0,15,1138
3,2,3,0,15,1138
2,0,3,0,15,1138
2,3,3,0,15,1138
1,2,2,1,6,588
3,2,2,1,6,588
2,1,2,1,6,588
2,3,2,1,6,588
2,3,2,3,0,0
2,4,6,0,12,2977
0,1,3,0,16,1650
1,1,3,0,16,1650
0,0,3,0,16,1650
0,2,3,0,16,1650
2,1,3,0,16,1650
1,0,3,0,16,1650
1,2,3,0,16,1650
0,3,3,0,16,1650
4,1,3,0,16,1650
3,0,3,0,16,1650
3,2,3,0,16,1650
2,0,3,0,16,1650
2,3,3,0,16,1650
1,4,3,0,16,1650
0,2,1,0,17,1136
1,2,1,0,17,1136
0,1,1,0,17,1136
0,3,1,0,17,1136
3,2,1,0,17,1136
2,1,1,0,17,1136
2,3,1,0,17,1136
1,0,1,0,17,1136
1,4,1,0,17,1136
0,3,1,4,18,588
2,3,1,4,18,588
1,2,1,4,18,588
1,4,1,4,18,588
1,4,1,4,0,0
1,5,6,0,12,2977
0,3,0,5,19,1136
1,3,0,5,19,1136
0,2,0,5,19,1136
0,4,0,5,19,1136
2,3,0,5,19,1136
1,2,0,5,19,1136
1,4,0,5,19,1136
0,1,0,5,19,1136
0,5,0,5,19,1136
0,4,0,5,11,588
1,4,0,5,11,588
0,3,0,5,11,588
0,5,0,5,11,588
0,5,0,5,0,0
0,6,6,0,12,2977
0,0,6,1,20,3381
1,0,6,1,20,3381
0,1,6,1,20,3381
2,0,6,1,20,3381
1,1,6,1,20,3381
0,2,6,1,20,3381
3,0,6,1,20,3381
2,1,6,1,20,3381
1,2,6,1,20,3381
0,3,6,1,20,3381
4,0,6,1,20,3381
3,1,6,1,20,3381
2,2,6,1,20,3381
1,3,6,1,20,3381
0,4,6,1,20,3381
5,0,6,1,20,3381
4,1,6,1,20,3381
3,2,6,1,20,3381
2,3,6,1,20,3381
1,4,6,1,20,3381
0,5,6,1,20,3381
0,0,5,0,21,2122
1,0,5,0,21,2122
0,1,5,0,21,2122
2,0,5,0,21,2122
1,1,5,0,21,2122
0,2,5,0,21,2122
3,0,5,0,21,2122
2,1,5,0,21,2122
1,2,5,0,21,2122
0,3,5,0,21,2122
5,0,5,0,21,2122
4,0,5,0,21,2122
4,1,5,0,21,2122
3,1,5,0,21,2122
3,2,5,0,21,2122
2,2,5,0,21,2122
2,3,5,0,21,2122
1,3,5,0,21,2122
1,4,5,0,21,2122
6,0,6,1,20,3381
5,1,6,1,20,3381
4,2,6,1,20,3381
3,3,6,1,20,3381
2,4,6,1,20,3381
1,5,6,1,20,3381
0,6,6,1,20,3381
0,0,6,0,22,2122
1,0,6,0,22,2122
0,1,6,0,22,2122
2,0,6,0,22,2122
1,1,6,0,22,2122
0,2,6,0,22,2122
4,0,6,0,22,2122
3,0,6,0,22,2122
3,1,6,0,22,2122
2,1,6,0,22,2122
2,2,6,0,22,2122
1,2,6,0,22,2122
1,3,6,0,22,2122
6,0,6,0,22,2122
5,0,6,0,22,2122
5,1,6,0,22,2122
4,1,6,0,22,2122
4,2,6,0,22,2122
3,2,6,0,22,2122
3,3,6,0,22,2122
2,3,6,0,22,2122
2,4,6,0,22,2122
0,0,6,0,23,1646
2,0,6,0,23,1646
1,0,6,0,23,1646
1,1,6,0,23,1646
4,0,6,0,23,1646
3,0,6,0,23,1646
3,1,6,0,23,1646
2,1,6,0,23,1646
2,2,6,0,23,1646
6,0,6,0,23,1646
5,0,6,0,23,1646
5,1,6,0,23,1646
4,1,6,0,23,1646
4,2,6,0,23,1646
3,2,6,0,23,1646
3,3,6,0,23,1646
2,0,6,0,9,1136
4,0,6,0,9,1136
3,0,6,0,9,1136
3,1,6,0,9,1136
6,0,6,0,9,1136
5,0,6,0,9,1136
5,1,6,0,9,1136
4,1,6,0,9,1136
4,2,6,0,9,1136
4,0,6,0,5,588
6,0,6,0,5,588
5,0,6,0,5,588
5,1,6,0,5,588
6,0,6,0,0,0
7,0,6,1,20,3381
6,1,6,1,20,3381
5,1,5,1,0,0
5,2,6,1,20,3381
4,2,4,2,0,0
4,3,6,1,20,3381
1,1,4,0,15,1138
3,1,4,0,15,1138
2,0,4,0,15,1138
2,2,4,0,15,1138
5,1,4,0,15,1138
4,0,4,0,15,1138
4,2,4,0,15,1138
3,0,4,0,15,1138
3,3,4,0,15,1138
3,3,3,3,0,0
3,4,6,1,20,3381
0,1,4,0,24,1650
1,1,4,0,24,1650
0,0,4,0,24,1650
0,2,4,0,24,1650
3,1,4,0,24,1650
2,0,4,0,24,1650
2,2,4,0,24,1650
1,0,4,0,24,1650
1,3,4,0,24,1650
5,1,4,0,24,1650
4,0,4,0,24,1650
4,2,4,0,24,1650
3,0,4,0,24,1650
3,3,4,0,24,1650
2,1,4,0,24,1650
2,4,4,0,24,1650
0,2,2,0,25,1136
2,2,2,0,25,1136
1,1,2,0,25,1136
1,3,2,0,25,1136
4,2,2,0,25,1136
3,1,2,0,25,1136
3,3,2,0,25,1136
2,0,2,0,25,1136
2,4,2,0,25,1136
2,4,2,4,0,0
2,5,6,1,20,3381
0,1,4,0,26,2127
1,1,4,0,26,2127
0,0,4,0,26,2127
0,2,4,0,26,2127
2,1,4,0,26,2127
1,0,4,0,26,2127
1,2,4,0,26,2127
0,3,4,0,26,2127
3,1,4,0,26,2127
2,0,4,0,26,2127
2,2,4,0,26,2127
1,3,4,0,26,2127
0,4,4,0,26,2127
5,1,4,0,26,2127
4,0,4,0,26,2127
4,2,4,0,26,2127
3,0,4,0,26,2127
3,3,4,0,26,2127
2,4,4,0,26,2127
1,5,4,0,26,2127
0,2,2,0,27,1650
1,2,2,0,27,1650
0,1,2,0,27,1650
0,3,2,0,27,1650
2,2,2,0,27,1650
1,1,2,0,27,1650
1,3,2,0,27,1650
0,0,2,0,27,1650
0,4,2,0,27,1650
4,2,2,0,27,1650
3,1,2,0,27,1650
3,3,2,0,27,1650
2,0,2,0,27,1650
2,4,2,0,27,1650
1,0,2,0,27,1650
1,5,2,0,27,1650
0,3,1,5,28,1136
1,3,1,5,28,1136
0,2,1,5,28,1136
0,4,1,5,28,1136
3,3,1,5,28,1136
2,2,1,5,28,1136
2,4,1,5,28,1136
1,1,1,5,28,1136
1,5,1,5,28,1136
0,4,1,5,18,588
2,4,1,5,18,588
1,3,1,5,18,588
1,5,1,5,18,588
1,5,1,5,0,0
1,6,6,1,20,3381
0,3,1,5,29,1653
1,3,1,5,29,1653
0,2,1,5,29,1653
0,4,1,5,29,1653
2,3,1,5,29,1653
1,2,1,5,29,1653
1,4,1,5,29,1653
0,1,1,5,29,1653
0,5,1,5,29,1653
3,3,1,5,29,1653
2,2,1,5,29,1653
2,4,1,5,29,1653
1,1,1,5,29,1653
1,5,1,5,29,1653
0,0,1,5,29,1653
0,6,1,5,29,1653
0,4,1,5,30,1139
1,4,1,5,30,1139
0,3,1,5,30,1139
0,5,1,5,30,1139
2,4,1,5,30,1139
1,3,1,5,30,1139
1,5,1,5,30,1139
0,2,1,5,30,1139
0,6,1,5,30,1139
0,5,1,5,31,588
1,5,1,5,31,588
0,4,1,5,31,588
0,6,1,5,31,588
0,6,0,6,0,0
0,7,6,1,20,3381
0,0,6,2,32,3759
1,0,6,2,32,3759
0,1,6,2,32,3759
2,0,6,2,32,3759
1,1,6,2,32,3759
0,2,6,2,32,3759
3,0,6,2,32,3759
2,1,6,2,32,3759
1,2,6,2,32,3759
0,3,6,2,32,3759
4,0,6,2,32,3759
3,1,6,2,32,3759
2,2,6,2,32,3759
1,3,6,2,32,3759
0,4,6,2,32,3759
5,0,6,2,32,3759
4,1,6,2,32,3759
3,2,6,2,32,3759
2,3,6,2,32,3759
1,4,6,2,32,3759
0,5,6,2,32,3759
6,0,6,2,32,3759
5,1,6,2,32,3759
4,2,6,2,32,3759
3,3,6,2,32,3759
2,4,6,2,32,3759
1,5,6,2,32,3759
0,6,6,2,32,3759
0,0,6,0,33,2565
1,0,6,0,33,2565
0,1,6,0,33,2565
2,0,6,0,33,2565
1,1,6,0,33,2565
0,2,6,0,33,2565
3,0,6,0,33,2565
2,1,6,0,33,2565
1,2,6,0,33,2565
0,3,6,0,33,2565
4,0,6,0,33,2565
3,1,6,0,33,2565
2,2,6,0,33,2565
1,3,6,0,33,2565
0,4,6,0,33,2565
6,0,6,0,33,2565
5,0,6,0,33,2565
5,1,6,0,33,2565
4,1,6,0,33,2565
4,2,6,0,33,2565
3,2,6,0,33,2565
3,3,6,0,33,2565
2,3,6,0,33,2565
2,4,6,0,33,2565
1,4,6,0,33,2565
1,5,6,0,33,2565
7,0,6,2,32,3759
6,1,6,2,32,3759
5,2,6,2,32,3759
4,3,6,2,32,3759
3,4,6,2,32,3759
2,5,6,2,32,3759
1,6,6,2,32,3759
0,7,6,2,32,3759
0,0,6,1,34,2578
1,0,6,1,34,2578
0,1,6,1,34,2578
2,0,6,1,34,2578
1,1,6,1,34,2578
0,2,6,1,34,2578
3,0,6,1,34,2578
2,1,6,1,34,2578
1,2,6,1,34,2578
0,3,6,1,34,2578
5,0,6,1,34,2578
4,0,6,1,34,2578
4,1,6,1,34,2578
3,1,6,1,34,2578
3,2,6,1,34,2578
2,2,6,1,34,2578
2,3,6,1,34,2578
1,3,6,1,34,2578
1,4,6,1,34,2578
7,0,6,1,34,2578
6,0,6,1,34,2578
6,1,6,1,34,2578
5,1,6,1,34,2578
5,2,6,1,34,2578
4,2,6,1,34,2578
4,3,6,1,34,2578
3,3,6,1,34,2578
3,4,6,1,34,2578
2,4,6,1,34,2578
2,5,6,1,34,2578
0,0,6,1,35,2132
1,0,6,1,35,2132
0,1,6,1,35,2132
3,0,6,1,35,2132
2,0,6,1,35,2132
2,1,6,1,35,2132
1,1,6,1,35,2132
1,2,6,1,35,2132
5,0,6,1,35,2132
4,0,6,1,35,2132
4,1,6,1,35,2132
3,1,6,1,35,2132
3,2,6,1,35,2132
2,2,6,1,35,2132
2,3,6,1,35,2132
7,0,6,1,35,2132
6,0,6,1,35,2132
6,1,6,1,35,2132
5,1,6,1,35,2132
5,2,6,1,35,2132
4,2,6,1,35,2132
4,3,6,1,35,2132
3,3,6,1,35,2132
3,4,6,1,35,2132
1,0,6,1,36,1653
3,0,6,1,36,1653
2,0,6,1,36,1653
2,1,6,1,36,1653
5,0,6,1,36,1653
4,0,6,1,36,1653
4,1,6,1,36,1653
3,1,6,1,36,1653
3,2,6,1,36,1653
7,0,6,1,36,1653
6,0,6,1,36,1653
6,1,6,1,36,1653
5,1,6,1,36,1653
5,2,6,1,36,1653
4,2,6,1,36,1653
4,3,6,1,36,1653
3,0,6,1,37,1139
5,0,6,1,37,1139
4,0,6,1,37,1139
4,1,6,1,37,1139
7,0,6,1,37,1139
6,0,6,1,37,1139
6,1,6,1,37,1139
5,1,6,1,37,1139
5,2,6,1,37,1139
5,0,6,1,38,588
7,0,6,1,38,588
6,0,6,1,38,588
6,1,6,1,38,588
7,0,7,0,0,0
8,0,6,2,32,3759
7,1,6,2,32,3759
6,1,6,1,0,0
6,2,6,2,32,3759
4,1,6,1,39,588
6,1,6,1,39,588
5,0,6,1,39,588
5,2,6,1,39,588
5,2,5,2,0,0
5,3,6,2,32,3759
4,3,4,3,0,0
4,4,6,2,32,3759
0,1,5,0,40,1650
2,1,5,0,40,1650
1,0,5,0,40,1650
1,2,5,0,40,1650
4,1,5,0,40,1650
3,0,5,0,40,1650
3,2,5,0,40,1650
2,0,5,0,40,1650
2,3,5,0,40,1650
6,1,5,0,40,1650
5,0,5,0,40,1650
5,2,5,0,40,1650
4,0,5,0,40,1650
4,3,5,0,40,1650
3,1,5,0,40,1650
3,4,5,0,40,1650
3,4,3,4,0,0
3,5,6,2,32,3759
0,1,5,0,41,2127
1,1,5,0,41,2127
0,0,5,0,41,2127
0,2,5,0,41,2127
2,1,5,0,41,2127
1,0,5,0,41,2127
1,2,5,0,41,2127
0,3,5,0,41,2127
4,1,5,0,41,2127
3,0,5,0,41,2127
3,2,5,0,41,2127
2,0,5,0,41,2127
2,3,5,0,41,2127
1,4,5,0,41,2127
6,1,5,0,41,2127
5,0,5,0,41,2127
5,2,5,0,41,2127
4,0,5,0,41,2127
4,3,5,0,41,2127
3,1,5,0,41,2127
3,4,5,0,41,2127
2,2,5,0,41,2127
2,5,5,0,41,2127
0,2,3,0,42,1650
1,2,3,0,42,1650
0,1,3,0,42,1650
0,3,3,0,42,1650
3,2,3,0,42,1650
2,1,3,0,42,1650
2,3,3,0,42,1650
1,0,3,0,42,1650
1,4,3,0,42,1650
5,2,3,0,42,1650
4,1,3,0,42,1650
4,3,3,0,42,1650
3,0,3,0,42,1650
3,4,3,0,42,1650
2,0,3,0,42,1650
2,5,3,0,42,1650
1,4,1,4,43,588
3,4,1,4,43,588
2,3,1,4,43,588
2,5,1,4,43,588
2,5,2,5,0,0
2,6,6,2,32,3759
0,1,5,0,44,2571
1,1,5,0,44,2571
0,0,5,0,44,2571
0,2,5,0,44,2571
2,1,5,0,44,2571
1,0,5,0,44,2571
1,2,5,0,44,2571
0,3,5,0,44,2571
3,1,5,0,44,2571
2,0,5,0,44,2571
2,2,5,0,44,2571
1,3,5,0,44,2571
0,4,5,0,44,2571
4,1,5,0,44,2571
3,0,5,0,44,2571
3,2,5,0,44,2571
2,3,5,0,44,2571
1,4,5,0,44,2571
0,5,5,0,44,2571
6,1,5,0,44,2571
5,0,5,0,44,2571
5,2,5,0,44,2571
4,0,5,0,44,2571
4,3,5,0,44,2571
3,4,5,0,44,2571
2,5,5,0,44,2571
1,6,5,0,44,2571
0,2,3,0,45,2128
1,2,3,0,45,2128
0,1,3,0,45,2128
0,3,3,0,45,2128
2,2,3,0,45,2128
1,1,3,0,45,2128
1,3,3,0,45,2128
0,0,3,0,45,2128
0,4,3,0,45,2128
3,2,3,0,45,2128
2,1,3,0,45,2128
2,3,3,0,45,2128
1,0,3,0,45,2128
1,4,3,0,45,2128
0,5,3,0,45,2128
5,2,3,0,45,2128
4,1,3,0,45,2128
4,3,3,0,45,2128
3,0,3,0,45,2128
3,4,3,0,45,2128
2,0,3,0,45,2128
2,5,3,0,45,2128
1,6,3,0,45,2128
0,3,1,6,46,1646
1,3,1,6,46,1646
0,2,1,6,46,1646
0,4,1,6,46,1646
2,3,1,6,46,1646
1,2,1,6,46,1646
1,4,1,6,46,1646
0,1,1,6,46,1646
0,5,1,6,46,1646
4,3,1,6,46,1646
3,2,1,6,46,1646
3,4,1,6,46,1646
2,1,1,6,46,1646
2,5,1,6,46,1646
1,0,1,6,46,1646
1,6,1,6,46,1646
0,4,1,6,28,1136
1,4,1,6,28,1136
0,3,1,6,28,1136
0,5,1,6,28,1136
3,4,1,6,28,1136
2,3,1,6,28,1136
2,5,1,6,28,1136
1,2,1,6,28,1136
1,6,1,6,28,1136
0,5,1,6,18,588
2,5,1,6,18,588
1,4,1,6,18,588
1,6,1,6,18,588
1,6,1,6,0,0
1,7,6,2,32,3759
0,3,1,6,47,2133
1,3,1,6,47,2133
0,2,1,6,47,2133
0,4,1,6,47,2133
2,3,1,6,47,2133
1,2,1,6,47,2133
1,4,1,6,47,2133
0,1,1,6,47,2133
0,5,1,6,47,2133
3,3,1,6,47,2133
2,2,1,6,47,2133
2,4,1,6,47,2133
1,1,1,6,47,2133
1,5,1,6,47,2133
0,0,1,6,47,2133
0,6,1,6,47,2133
4,3,1,6,47,2133
3,2,1,6,47,2133
3,4,1,6,47,2133
2,1,1,6,47,2133
2,5,1,6,47,2133
1,0,1,6,47,2133
1,6,1,6,47,2133
0,7,1,6,47,2133
0,4,1,6,48,1653
1,4,1,6,48,1653
0,3,1,6,48,1653
0,5,1,6,48,1653
2,4,1,6,48,1653
1,3,1,6,48,1653
1,5,1,6,48,1653
0,2,1,6,48,1653
0,6,1,6,48,1653
3,4,1,6,48,1653
2,3,1,6,48,1653
2,5,1,6,48,1653
1,2,1,6,48,1653
1,6,1,6,48,1653
0,1,1,6,48,1653
0,7,1,6,48,1653
0,5,1,6,49,1138
1,5,1,6,49,1138
0,4,1,6,49,1138
0,6,1,6,49,1138
2,5,1,6,49,1138
1,4,1,6,49,1138
1,6,1,6,49,1138
0,3,1,6,49,1138
0,7,1,6,49,1138
0,6,1,6,31,588
1,6,1,6,31,588
0,5,1,6,31,588
0,7,1,6,31,588
0,7,0,7,0,0
0,8,6,2,32,3759
0,0,7,2,50,4105
1,0,7,2,50,4105
0,1,7,2,50,4105
2,0,7,2,50,4105
1,1,7,2,50,4105
0,2,7,2,50,4105
3,0,7,2,50,4105
2,1,7,2,50,4105
1,2,7,2,50,4105
0,3,7,2,50,4105
4,0,7,2,50,4105
3,1,7,2,50,4105
2,2,7,2,50,4105
1,3,7,2,50,4105
0,4,7,2,50,4105
5,0,7,2,50,4105
4,1,7,2,50,4105
3,2,7,2,50,4105
2,3,7,2,50,4105
1,4,7,2,50,4105
0,5,7,2,50,4105
6,0,7,2,50,4105
5,1,7,2,50,4105
4,2,7,2,50,4105
3,3,7,2,50,4105
2,4,7,2,50,4105
1,5,7,2,50,4105
0,6,7,2,50,4105
7,0,7,2,50,4105
6,1,7,2,50,4105
5,2,7,2,50,4105
4,3,7,2,50,4105
3,4,7,2,50,4105
2,5,7,2,50,4105
1,6,7,2,50,4105
0,7,7,2,50,4105
0,0,6,1,51,2994
1,0,6,1,51,2994
0,1,6,1,51,2994
2,0,6,1,51,2994
1,1,6,1,51,2994
0,2,6,1,51,2994
3,0,6,1,51,2994
2,1,6,1,51,2994
1,2,6,1,51,2994
0,3,6,1,51,2994
4,0,6,1,51,2994
3,1,6,1,51,2994
2,2,6,1,51,2994
1,3,6,1,51,2994
0,4,6,1,51,2994
5,0,6,1,51,2994
4,1,6,1,51,2994
3,2,6,1,51,2994
2,3,6,1,51,2994
1,4,6,1,51,2994
0,5,6,1,51,2994
7,0,6,1,51,2994
6,0,6,1,51,2994
6,1,6,1,51,2994
5,1,6,1,51,2994
5,2,6,1,51,2994
4,2,6,1,51,2994
4,3,6,1,51,2994
3,3,6,1,51,2994
3,4,6,1,51,2994
2,4,6,1,51,2994
2,5,6,1,51,2994
1,5,6,1,51,2994
1,6,6,1,51,2994
8,0,7,2,50,4105
7,1,7,2,50,4105
6,2,7,2,50,4105
5,3,7,2,50,4105
4,4,7,2,50,4105
3,5,7,2,50,4105
2,6,7,2,50,4105
1,7,7,2,50,4105
0,8,7,2,50,4105
0,0,6,2,52,3005
1,0,6,2,52,3005
0,1,6,2,52,3005
2,0,6,2,52,3005
1,1,6,2,52,3005
0,2,6,2,52,3005
3,0,6,2,52,3005
2,1,6,2,52,3005
1,2,6,2,52,3005
0,3,6,2,52,3005
4,0,6,2,52,3005
3,1,6,2,52,3005
2,2,6,2,52,3005
1,3,6,2,52,3005
0,4,6,2,52,3005
6,0,6,2,52,3005
5,0,6,2,52,3005
5,1,6,2,52,3005
4,1,6,2,52,3005
4,2,6,2,52,3005
3,2,6,2,52,3005
3,3,6,2,52,3005
2,3,6,2,52,3005
2,4,6,2,52,3005
1,4,6,2,52,3005
1,5,6,2,52,3005
8,0,6,2,52,3005
7,0,6,2,52,3005
7,1,6,2,52,3005
6,1,6,2,52,3005
6,2,6,2,52,3005
5,2,6,2,52,3005
5,3,6,2,52,3005
4,3,6,2,52,3005
4,4,6,2,52,3005
3,4,6,2,52,3005
3,5,6,2,52,3005
2,5,6,2,52,3005
2,6,6,2,52,3005
0,0,6,2,53,2586
1,0,6,2,53,2586
0,1,6,2,53,2586
2,0,6,2,53,2586
1,1,6,2,53,2586
0,2,6,2,53,2586
4,0,6,2,53,2586
3,0,6,2,53,2586
3,1,6,2,53,2586
2,1,6,2,53,2586
2,2,6,2,53,2586
1,2,6,2,53,2586
1,3,6,2,53,2586
6,0,6,2,53,2586
5,0,6,2,53,2586
5,1,6,2,53,2586
4,1,6,2,53,2586
4,2,6,2,53,2586
3,2,6,2,53,2586
3,3,6,2,53,2586
2,3,6,2,53,2586
2,4,6,2,53,2586
8,0,6,2,53,2586
7,0,6,2,53,2586
7,1,6,2,53,2586
6,1,6,2,53,2586
6,2,6,2,53,2586
5,2,6,2,53,2586
5,3,6,2,53,2586
4,3,6,2,53,2586
4,4,6,2,53,2586
3,4,6,2,53,2586
3,5,6,2,53,2586
0,0,6,2,54,2137
2,0,6,2,54,2137
1,0,6,2,54,2137
1,1,6,2,54,2137
4,0,6,2,54,2137
3,0,6,2,54,2137
3,1,6,2,54,2137
2,1,6,2,54,2137
2,2,6,2,54,2137
6,0,6,2,54,2137
5,0,6,2,54,2137
5,1,6,2,54,2137
4,1,6,2,54,2137
4,2,6,2,54,2137
3,2,6,2,54,2137
3,3,6,2,54,2137
8,0,6,2,54,2137
7,0,6,2,54,2137
7,1,6,2,54,2137
6,1,6,2,54,2137
6,2,6,2,54,2137
5,2,6,2,54,2137
5,3,6,2,54,2137
4,3,6,2,54,2137
4,4,6,2,54,2137
2,0,6,2,55,1655
4,0,6,2,55,1655
3,0,6,2,55,1655
3,1,6,2,55,1655
6,0,6,2,55,1655
5,0,6,2,55,1655
5,1,6,2,55,1655
4,1,6,2,55,1655
4,2,6,2,55,1655
8,0,6,2,55,1655
7,0,6,2,55,1655
7,1,6,2,55,1655
6,1,6,2,55,1655
6,2,6,2,55,1655
5,2,6,2,55,1655
5,3,6,2,55,1655
4,0,6,2,56,1138
6,0,6,2,56,1138
5,0,6,2,56,1138
5,1,6,2,56,1138
8,0,6,2,56,1138
7,0,6,2,56,1138
7,1,6,2,56,1138
6,1,6,2,56,1138
6,2,6,2,56,1138
6,0,6,0,57,588
8,0,6,0,57,588
7,0,6,0,57,588
7,1,6,0,57,588
8,0,8,0,0,0
9,0,7,2,50,4105
8,1,7,2,50,4105
7,1,7,1,0,0
7,2,7,2,50,4105
5,1,6,2,18,588
7,1,6,2,18,588
6,0,6,2,18,588
6,2,6,2,18,588
6,2,6,2,0,0
6,3,7,2,50,4105
3,1,6,2,58,1138
5,1,6,2,58,1138
4,0,6,2,58,1138
4,2,6,2,58,1138
7,1,6,2,58,1138
6,0,6,2,58,1138
6,2,6,2,58,1138
5,0,6,2,58,1138
5,3,6,2,58,1138
4,2,6,2,39,588
6,2,6,2,39,588
5,1,6,2,39,588
5,3,6,2,39,588
5,3,5,3,0,0
5,4,7,2,50,4105
3,3,4,4,18,588
5,3,4,4,18,588
4,2,4,4,18,588
4,4,4,4,18,588
4,4,4,4,0,0
4,5,7,2,50,4105
0,1,6,0,59,2127
1,1,6,0,59,2127
0,0,6,0,59,2127
0,2,6,0,59,2127
3,1,6,0,59,2127
2,0,6,0,59,2127
2,2,6,0,59,2127
1,0,6,0,59,2127
1,3,6,0,59,2127
5,1,6,0,59,2127
4,0,6,0,59,2127
4,2,6,0,59,2127
3,0,6,0,59,2127
3,3,6,0,59,2127
2,1,6,0,59,2127
2,4,6,0,59,2127
7,1,6,0,59,2127
6,0,6,0,59,2127
6,2,6,0,59,2127
5,0,6,0,59,2127
5,3,6,0,59,2127
4,1,6,0,59,2127
4,4,6,0,59,2127
3,2,6,0,59,2127
3,5,6,0,59,2127
3,5,3,5,0,0
3,6,7,2,50,4105
0,1,6,0,60,2571
1,1,6,0,60,2571
0,0,6,0,60,2571
0,2,6,0,60,2571
2,1,6,0,60,2571
1,0,6,0,60,2571
1,2,6,0,60,2571
0,3,6,0,60,2571
3,1,6,0,60,2571
2,0,6,0,60,2571
2,2,6,0,60,2571
1,3,6,0,60,2571
0,4,6,0,60,2571
5,1,6,0,60,2571
4,0,6,0,60,2571
4,2,6,0,60,2571
3,0,6,0,60,2571
3,3,6,0,60,2571
2,4,6,0,60,2571
1,5,6,0,60,2571
7,1,6,0,60,2571
6,0,6,0,60,2571
6,2,6,0,60,2571
5,0,6,0,60,2571
5,3,6,0,60,2571
4,1,6,0,60,2571
4,4,6,0,60,2571
3,2,6,0,60,2571
3,5,6,0,60,2571
2,3,6,0,60,2571
2,6,6,0,60,2571
0,2,4,0,61,2128
1,2,4,0,61,2128
0,1,4,0,61,2128
0,3,4,0,61,2128
2,2,4,0,61,2128
1,1,4,0,61,2128
1,3,4,0,61,2128
0,0,4,0,61,2128
0,4,4,0,61,2128
4,2,4,0,61,2128
3,1,4,0,61,2128
3,3,4,0,61,2128
2,0,4,0,61,2128
2,4,4,0,61,2128
1,0,4,0,61,2128
1,5,4,0,61,2128
6,2,4,0,61,2128
5,1,4,0,61,2128
5,3,4,0,61,2128
4,0,4,0,61,2128
4,4,4,0,61,2128
3,0,4,0,61,2128
3,5,4,0,61,2128
2,1,4,0,61,2128
2,6,4,0,61,2128
0,4,1,5,62,1138
2,4,1,5,62,1138
1,3,1,5,62,1138
1,5,1,5,62,1138
4,4,1,5,62,1138
3,3,1,5,62,1138
3,5,1,5,62,1138
2,2,1,5,62,1138
2,6,1,5,62,1138
1,5,2,6,18,588
3,5,2,6,18,588
2,4,2,6,18,588
2,6,2,6,18,588
2,6,2,6,0,0
2,7,7,2,50,4105
0,1,6,0,63,2986
1,1,6,0,63,2986
0,0,6,0,63,2986
0,2,6,0,63,2986
2,1,6,0,63,2986
1,0,6,0,63,2986
1,2,6,0,63,2986
0,3,6,0,63,2986
3,1,6,0,63,2986
2,0,6,0,63,2986
2,2,6,0,63,2986
1,3,6,0,63,2986
0,4,6,0,63,2986
4,1,6,0,63,2986
3,0,6,0,63,2986
3,2,6,0,63,2986
2,3,6,0,63,2986
1,4,6,0,63,2986
0,5,6,0,63,2986
5,1,6,0,63,2986
4,0,6,0,63,2986
4,2,6,0,63,2986
3,3,6,0,63,2986
2,4,6,0,63,2986
1,5,6,0,63,2986
0,6,6,0,63,2986
7,1,6,0,63,2986
6,0,6,0,63,2986
6,2,6,0,63,2986
5,0,6,0,63,2986
5,3,6,0,63,2986
4,4,6,0,63,2986
3,5,6,0,63,2986
2,6,6,0,63,2986
1,7,6,0,63,2986
0,2,4,0,64,2574
1,2,4,0,64,2574
0,1,4,0,64,2574
0,3,4,0,64,2574
2,2,4,0,64,2574
1,1,4,0,64,2574
1,3,4,0,64,2574
0,0,4,0,64,2574
0,4,4,0,64,2574
3,2,4,0,64,2574
2,1,4,0,64,2574
2,3,4,0,64,2574
1,0,4,0,64,2574
1,4,4,0,64,2574
0,5,4,0,64,2574
4,2,4,0,64,2574
3,1,4,0,64,2574
3,3,4,0,64,2574
2,0,4,0,64,2574
2,4,4,0,64,2574
1,5,4,0,64,2574
0,6,4,0,64,2574
6,2,4,0,64,2574
5,1,4,0,64,2574
5,3,4,0,64,2574
4,0,4,0,64,2574
4,4,4,0,64,2574
3,0,4,0,64,2574
3,5,4,0,64,2574
2,6,4,0,64,2574
1,7,4,0,64,2574
0,3,2,6,65,2127
1,3,2,6,65,2127
0,2,2,6,65,2127
0,4,2,6,65,2127
2,3,2,6,65,2127
1,2,2,6,65,2127
1,4,2,6,65,2127
0,1,2,6,65,2127
0,5,2,6,65,2127
3,3,2,6,65,2127
2,2,2,6,65,2127
2,4,2,6,65,2127
1,1,2,6,65,2127
1,5,2,6,65,2127
0,0,2,6,65,2127
0,6,2,6,65,2127
5,3,2,6,65,2127
4,2,2,6,65,2127
4,4,2,6,65,2127
3,1,2,6,65,2127
3,5,2,6,65,2127
2,0,2,6,65,2127
2,6,2,6,65,2127
1,0,2,6,65,2127
1,7,2,6,65,2127
0,4,2,6,66,1650
1,4,2,6,66,1650
0,3,2,6,66,1650
0,5,2,6,66,1650
2,4,2,6,66,1650
1,3,2,6,66,1650
1,5,2,6,66,1650
0,2,2,6,66,1650
0,6,2,6,66,1650
4,4,2,6,66,1650
3,3,2,6,66,1650
3,5,2,6,66,1650
2,2,2,6,66,1650
2,6,2,6,66,1650
1,1,2,6,66,1650
1,7,2,6,66,1650
0,5,2,6,67,1138
1,5,2,6,67,1138
0,4,2,6,67,1138
0,6,2,6,67,1138
3,5,2,6,67,1138
2,4,2,6,67,1138
2,6,2,6,67,1138
1,3,2,6,67,1138
1,7,2,6,67,1138
0,6,2,6,39,588
2,6,2,6,39,588
1,5,2,6,39,588
1,7,2,6,39,588
1,7,1,7,0,0
1,8,7,2,50,4105
0,3,2,6,68,2586
1,3,2,6,68,2586
0,2,2,6,68,2586
0,4,2,6,68,2586
2,3,2,6,68,2586
1,2,2,6,68,2586
1,4,2,6,68,2586
0,1,2,6,68,2586
0,5,2,6,68,2586
3,3,2,6,68,2586
2,2,2,6,68,2586
2,4,2,6,68,2586
1,1,2,6,68,2586
1,5,2,6,68,2586
0,0,2,6,68,2586
0,6,2,6,68,2586
4,3,2,6,68,2586
3,2,2,6,68,2586
3,4,2,6,68,2586
2,1,2,6,68,2586
2,5,2,6,68,2586
1,0,2,6,68,2586
1,6,2,6,68,2586
0,7,2,6,68,2586
5,3,2,6,68,2586
4,2,2,6,68,2586
4,4,2,6,68,2586
3,1,2,6,68,2586
3,5,2,6,68,2586
2,0,2,6,68,2586
2,6,2,6,68,2586
1,7,2,6,68,2586
0,8,2,6,68,2586
0,4,2,6,69,2135
1,4,2,6,69,2135
0,3,2,6,69,2135
0,5,2,6,69,2135
2,4,2,6,69,2135
1,3,2,6,69,2135
1,5,2,6,69,2135
0,2,2,6,69,2135
0,6,2,6,69,2135
3,4,2,6,69,2135
2,3,2,6,69,2135
2,5,2,6,69,2135
1,2,2,6,69,2135
1,6,2,6,69,2135
0,1,2,6,69,2135
0,7,2,6,69,2135
4,4,2,6,69,2135
3,3,2,6,69,2135
3,5,2,6,69,2135
2,2,2,6,69,2135
2,6,2,6,69,2135
1,1,2,6,69,2135
1,7,2,6,69,2135
0,0,2,6,69,2135
0,8,2,6,69,2135
0,5,2,6,70,1651
1,5,2,6,70,1651
0,4,2,6,70,1651
0,6,2,6,70,1651
2,5,2,6,70,1651
1,4,2,6,70,1651
1,6,2,6,70,1651
0,3,2,6,70,1651
0,7,2,6,70,1651
3,5,2,6,70,1651
2,4,2,6,70,1651
2,6,2,6,70,1651
1,3,2,6,70,1651
1,7,2,6,70,1651
0,2,2,6,70,1651
0,8,2,6,70,1651
0,6,2,6,71,1138
1,6,2,6,71,1138
0,5,2,6,71,1138
0,7,2,6,71,1138
2,6,2,6,71,1138
1,5,2,6,71,1138
1,7,2,6,71,1138
0,4,2,6,71,1138
0,8,2,6,71,1138
0,8,0,8,0,0
0,9,7,2,50,4105
0,0,7,3,72,4434
1,0,7,3,72,4434
0,1,7,3,72,4434
2,0,7,3,72,4434
1,1,7,3,72,4434
0,2,7,3,72,4434
3,0,7,3,72,4434
2,1,7,3,72,4434
1,2,7,3,72,4434
0,3,7,3,72,4434
4,0,7,3,72,4434
3,1,7,3,72,4434
2,2,7,3,72,4434
1,3,7,3,72,4434
0,4,7,3,72,4434
5,0,7,3,72,4434
4,1,7,3,72,4434
3,2,7,3,72,4434
2,3,7,3,72,4434
1,4,7,3,72,4434
0,5,7,3,72,4434
6,0,7,3,72,4434
5,1,7,3,72,4434
4,2,7,3,72,4434
3,3,7,3,72,4434
2,4,7,3,72,4434
1,5,7,3,72,4434
0,6,7,3,72,4434
7,0,7,3,72,4434
6,1,7,3,72,4434
5,2,7,3,72,4434
4,3,7,3,72,4434
3,4,7,3,72,4434
2,5,7,3,72,4434
1,6,7,3,72,4434
0,7,7,3,72,4434
8,0,7,3,72,4434
7,1,7,3,72,4434
6,2,7,3,72,4434
5,3,7,3,72,4434
4,4,7,3,72,4434
3,5,7,3,72,4434
2,6,7,3,72,4434
1,7,7,3,72,4434
0,8,7,3,72,4434
0,0,6,2,73,3395
1,0,6,2,73,3395
0,1,6,2,73,3395
2,0,6,2,73,3395
1,1,6,2,73,3395
0,2,6,2,73,3395
3,0,6,2,73,3395
2,1,6,2,73,3395
1,2,6,2,73,3395
0,3,6,2,73,3395
4,0,6,2,73,3395
3,1,6,2,73,3395
2,2,6,2,73,3395
1,3,6,2,73,3395
0,4,6,2,73,3395
5,0,6,2,73,3395
4,1,6,2,73,3395
3,2,6,2,73,3395
2,3,6,2,73,3395
1,4,6,2,73,3395
0,5,6,2,73,3395
6,0,6,2,73,3395
5,1,6,2,73,3395
4,2,6,2,73,3395
3,3,6,2,73,3395
2,4,6,2,73,3395
1,5,6,2,73,3395
0,6,6,2,73,3395
8,0,6,2,73,3395
7,0,6,2,73,3395
7,1,6,2,73,3395
6,1,6,2,73,3395
6,2,6,2,73,3395
5,2,6,2,73,3395
5,3,6,2,73,3395
4,3,6,2,73,3395
4,4,6,2,73,3395
3,4,6,2,73,3395
3,5,6,2,73,3395
2,5,6,2,73,3395
2,6,6,2,73,3395
1,6,6,2,73,3395
1,7,6,2,73,3395
9,0,7,3,72,4434
8,1,7,3,72,4434
7,2,7,3,72,4434
6,3,7,3,72,4434
5,4,7,3,72,4434
4,5,7,3,72,4434
3,6,7,3,72,4434
2,7,7,3,72,4434
1,8,7,3,72,4434
0,9,7,3,72,4434
0,0,7,2,74,3398
1,0,7,2,74,3398
0,1,7,2,74,3398
2,0,7,2,74,3398
1,1,7,2,74,3398
0,2,7,2,74,3398
3,0,7,2,74,3398
2,1,7,2,74,3398
1,2,7,2,74,3398
0,3,7,2,74,3398
4,0,7,2,74,3398
3,1,7,2,74,3398
2,2,7,2,74,3398
1,3,7,2,74,3398
0,4,7,2,74,3398
5,0,7,2,74,3398
4,1,7,2,74,3398
3,2,7,2,74,3398
2,3,7,2,74,3398
1,4,7,2,74,3398
0,5,7,2,74,3398
7,0,7,2,74,3398
6,0,7,2,74,3398
6,1,7,2,74,3398
5,1,7,2,74,3398
5,2,7,2,74,3398
4,2,7,2,74,3398
4,3,7,2,74,3398
3,3,7,2,74,3398
3,4,7,2,74,3398
2,4,7,2,74,3398
2,5,7,2,74,3398
1,5,7,2,74,3398
1,6,7,2,74,3398
9,0,7,2,74,3398
8,0,7,2,74,3398
8,1,7,2,74,3398
7,1,7,2,74,3398
7,2,7,2,74,3398
6,2,7,2,74,3398
6,3,7,2,74,3398
5,3,7,2,74,3398
5,4,7,2,74,3398
4,4,7,2,74,3398
4,5,7,2,74,3398
3,5,7,2,74,3398
3,6,7,2,74,3398
2,6,7,2,74,3398
2,7,7,2,74,3398
0,0,7,2,75,3006
1,0,7,2,75,3006
0,1,7,2,75,3006
2,0,7,2,75,3006
1,1,7,2,75,3006
0,2,7,2,75,3006
3,0,7,2,75,3006
2,1,7,2,75,3006
1,2,7,2,75,3006
0,3,7,2,75,3006
5,0,7,2,75,3006
4,0,7,2,75,3006
4,1,7,2,75,3006
3,1,7,2,75,3006
3,2,7,2,75,3006
2,2,7,2,75,3006
2,3,7,2,75,3006
1,3,7,2,75,3006
1,4,7,2,75,3006
7,0,7,2,75,3006
6,0,7,2,75,3006
6,1,7,2,75,3006
5,1,7,2,75,3006
5,2,7,2,75,3006
4,2,7,2,75,3006
4,3,7,2,75,3006
3,3,7,2,75,3006
3,4,7,2,75,3006
2,4,7,2,75,3006
2,5,7,2,75,3006
9,0,7,2,75,3006
8,0,7,2,75,3006
8,1,7,2,75,3006
7,1,7,2,75,3006
7,2,7,2,75,3006
6,2,7,2,75,3006
6,3,7,2,75,3006
5,3,7,2,75,3006
5,4,7,2,75,3006
4,4,7,2,75,3006
4,5,7,2,75,3006
3,5,7,2,75,3006
3,6,7,2,75,3006
0,0,7,2,76,2586
1,0,7,2,76,2586
0,1,7,2,76,2586
3,0,7,2,76,2586
2,0,7,2,76,2586
2,1,7,2,76,2586
1,1,7,2,76,2586
1,2,7,2,76,2586
5,0,7,2,76,2586
4,0,7,2,76,2586
4,1,7,2,76,2586
3,1,7,2,76,2586
3,2,7,2,76,2586
2,2,7,2,76,2586
2,3,7,2,76,2586
7,0,7,2,76,2586
6,0,7,2,76,2586
6,1,7,2,76,2586
5,1,7,2,76,2586
5,2,7,2,76,2586
4,2,7,2,76,2586
4,3,7,2,76,2586
3,3,7,2,76,2586
3,4,7,2,76,2586
9,0,7,2,76,2586
8,0,7,2,76,2586
8,1,7,2,76,2586
7,1,7,2,76,2586
7,2,7,2,76,2586
6,2,7,2,76,2586
6,3,7,2,76,2586
5,3,7,2,76,2586
5,4,7,2,76,2586
4,4,7,2,76,2586
4,5,7,2,76,2586
1,0,7,2,77,2135
3,0,7,2,77,2135
2,0,7,2,77,2135
2,1,7,2,77,2135
5,0,7,2,77,2135
4,0,7,2,77,2135
4,1,7,2,77,2135
3,1,7,2,77,2135
3,2,7,2,77,2135
7,0,7,2,77,2135
6,0,7,2,77,2135
6,1,7,2,77,2135
5,1,7,2,77,2135
5,2,7,2,77,2135
4,2,7,2,77,2135
4,3,7,2,77,2135
9,0,7,2,77,2135
8,0,7,2,77,2135
8,1,7,2,77,2135
7,1,7,2,77,2135
7,2,7,2,77,2135
6,2,7,2,77,2135
6,3,7,2,77,2135
5,3,7,2,77,2135
5,4,7,2,77,2135
3,0,7,2,78,1651
5,0,7,2,78,1651
4,0,7,2,78,1651
4,1,7,2,78,1651
7,0,7,2,78,1651
6,0,7,2,78,1651
6,1,7,2,78,1651
5,1,7,2,78,1651
5,2,7,2,78,1651
9,0,7,2,78,1651
8,0,7,2,78,1651
8,1,7,2,78,1651
7,1,7,2,78,1651
7,2,7,2,78,1651
6,2,7,2,78,1651
6,3,7,2,78,1651
5,0,6,1,79,1139
7,0,6,1,79,1139
6,0,6,1,79,1139
6,1,6,1,79,1139
9,0,6,1,79,1139
8,0,6,1,79,1139
8,1,6,1,79,1139
7,1,6,1,79,1139
7,2,6,1,79,1139
7,0,7,0,57,588
9,0,7,0,57,588
8,0,7,0,57,588
8,1,7,0,57,588
9,0,9,0,0,0
9,1,7,3,72,4434
8,1,8,1,0,0
8,2,7,3,72,4434
6,1,7,2,18,588
8,1,7,2,18,588
7,0,7,2,18,588
7,2,7,2,18,588
7,2,7,2,0,0
7,3,7,3,72,4434
4,1,7,2,58,1138
6,1,7,2,58,1138
5,0,7,2,58,1138
5,2,7,2,58,1138
8,1,7,2,58,1138
7,0,7,2,58,1138
7,2,7,2,58,1138
6,0,7,2,58,1138
6,3,7,2,58,1138
5,2,7,2,39,588
7,2,7,2,39,588
6,1,7,2,39,588
6,3,7,2,39,588
6,3,6,3,0,0
6,4,7,3,72,4434
2,1,7,2,80,1650
4,1,7,2,80,1650
3,0,7,2,80,1650
3,2,7,2,80,1650
6,1,7,2,80,1650
5,0,7,2,80,1650
5,2,7,2,80,1650
4,0,7,2,80,1650
4,3,7,2,80,1650
8,1,7,2,80,1650
7,0,7,2,80,1650
7,2,7,2,80,1650
6,0,7,2,80,1650
6,3,7,2,80,1650
5,1,7,2,80,1650
5,4,7,2,80,1650
3,2,7,2,81,1136
5,2,7,2,81,1136
4,1,7,2,81,1136
4,3,7,2,81,1136
7,2,7,2,81,1136
6,1,7,2,81,1136
6,3,7,2,81,1136
5,0,7,2,81,1136
5,4,7,2,81,1136
5,4,5,4,0,0
5,5,7,3,72,4434
2,3,4,5,82,1136
4,3,4,5,82,1136
3,2,4,5,82,1136
3,4,4,5,82,1136
6,3,4,5,82,1136
5,2,4,5,82,1136
5,4,4,5,82,1136
4,1,4,5,82,1136
4,5,4,5,82,1136
3,4,4,5,18,588
5,4,4,5,18,588
4,3,4,5,18,588
4,5,4,5,18,588
4,5,4,5,0,0
4,6,7,3,72,4434
0,1,6,1,83,2579
1,1,6,1,83,2579
0,0,6,1,83,2579
0,2,6,1,83,2579
2,1,6,1,83,2579
1,0,6,1,83,2579
1,2,6,1,83,2579
0,3,6,1,83,2579
4,1,6,1,83,2579
3,0,6,1,83,2579
3,2,6,1,83,2579
2,0,6,1,83,2579
2,3,6,1,83,2579
1,4,6,1,83,2579
6,1,6,1,83,2579
5,0,6,1,83,2579
5,2,6,1,83,2579
4,0,6,1,83,2579
4,3,6,1,83,2579
3,1,6,1,83,2579
3,4,6,1,83,2579
2,2,6,1,83,2579
2,5,6,1,83,2579
8,1,6,1,83,2579
7,0,6,1,83,2579
7,2,6,1,83,2579
6,0,6,1,83,2579
6,3,6,1,83,2579
5,1,6,1,83,2579
5,4,6,1,83,2579
4,2,6,1,83,2579
4,5,6,1,83,2579
3,3,6,1,83,2579
3,6,6,1,83,2579
3,6,3,6,0,0
3,7,7,3,72,4434
0,1,6,1,84,2997
1,1,6,1,84,2997
0,0,6,1,84,2997
0,2,6,1,84,2997
2,1,6,1,84,2997
1,0,6,1,84,2997
1,2,6,1,84,2997
0,3,6,1,84,2997
3,1,6,1,84,2997
2,0,6,1,84,2997
2,2,6,1,84,2997
1,3,6,1,84,2997
0,4,6,1,84,2997
4,1,6,1,84,2997
3,0,6,1,84,2997
3,2,6,1,84,2997
2,3,6,1,84,2997
1,4,6,1,84,2997
0,5,6,1,84,2997
6,1,6,1,84,2997
5,0,6,1,84,2997
5,2,6,1,84,2997
4,0,6,1,84,2997
4,3,6,1,84,2997
3,4,6,1,84,2997
2,5,6,1,84,2997
1,6,6,1,84,2997
8,1,6,1,84,2997
7,0,6,1,84,2997
7,2,6,1,84,2997
6,0,6,1,84,2997
6,3,6,1,84,2997
5,1,6,1,84,2997
5,4,6,1,84,2997
4,2,6,1,84,2997
4,5,6,1,84,2997
3,3,6,1,84,2997
3,6,6,1,84,2997
2,4,6,1,84,2997
2,7,6,1,84,2997
0,2,5,0,85,2574
1,2,5,0,85,2574
0,1,5,0,85,2574
0,3,5,0,85,2574
2,2,5,0,85,2574
1,1,5,0,85,2574
1,3,5,0,85,2574
0,0,5,0,85,2574
0,4,5,0,85,2574
3,2,5,0,85,2574
2,1,5,0,85,2574
2,3,5,0,85,2574
1,0,5,0,85,2574
1,4,5,0,85,2574
0,5,5,0,85,2574
5,2,5,0,85,2574
4,1,5,0,85,2574
4,3,5,0,85,2574
3,0,5,0,85,2574
3,4,5,0,85,2574
2,0,5,0,85,2574
2,5,5,0,85,2574
1,6,5,0,85,2574
7,2,5,0,85,2574
6,1,5,0,85,2574
6,3,5,0,85,2574
5,0,5,0,85,2574
5,4,5,0,85,2574
4,0,5,0,85,2574
4,5,5,0,85,2574
3,1,5,0,85,2574
3,6,5,0,85,2574
2,7,5,0,85,2574
0,4,1,6,86,1650
1,4,1,6,86,1650
0,3,1,6,86,1650
0,5,1,6,86,1650
3,4,1,6,86,1650
2,3,1,6,86,1650
2,5,1,6,86,1650
1,2,1,6,86,1650
1,6,1,6,86,1650
5,4,1,6,86,1650
4,3,1,6,86,1650
4,5,1,6,86,1650
3,2,1,6,86,1650
3,6,1,6,86,1650
2,1,1,6,86,1650
2,7,1,6,86,1650
0,5,3,6,87,1138
2,5,3,6,87,1138
1,4,3,6,87,1138
1,6,3,6,87,1138
4,5,3,6,87,1138
3,4,3,6,87,1138
3,6,3,6,87,1138
2,3,3,6,87,1138
2,7,3,6,87,1138
1,6,3,6,39,588
3,6,3,6,39,588
2,5,3,6,39,588
2,7,3,6,39,588
2,7,2,7,0,0
2,8,7,3,72,4434
0,1,6,1,88,3386
1,1,6,1,88,3386
0,0,6,1,88,3386
0,2,6,1,88,3386
2,1,6,1,88,3386
1,0,6,1,88,3386
1,2,6,1,88,3386
0,3,6,1,88,3386
3,1,6,1,88,3386
2,0,6,1,88,3386
2,2,6,1,88,3386
1,3,6,1,88,3386
0,4,6,1,88,3386
4,1,6,1,88,3386
3,0,6,1,88,3386
3,2,6,1,88,3386
2,3,6,1,88,3386
1,4,6,1,88,3386
0,5,6,1,88,3386
5,1,6,1,88,3386
4,0,6,1,88,3386
4,2,6,1,88,3386
3,3,6,1,88,3386
2,4,6,1,88,3386
1,5,6,1,88,3386
0,6,6,1,88,3386
6,1,6,1,88,3386
5,0,6,1,88,3386
5,2,6,1,88,3386
4,3,6,1,88,3386
3,4,6,1,88,3386
2,5,6,1,88,3386
1,6,6,1,88,3386
0,7,6,1,88,3386
8,1,6,1,88,3386
7,0,6,1,88,3386
7,2,6,1,88,3386
6,0,6,1,88,3386
6,3,6,1,88,3386
5,4,6,1,88,3386
4,5,6,1,88,3386
3,6,6,1,88,3386
2,7,6,1,88,3386
1,8,6,1,88,3386
0,2,5,0,89,2991
1,2,5,0,89,2991
0,1,5,0,89,2991
0,3,5,0,89,2991
2,2,5,0,89,2991
1,1,5,0,89,2991
1,3,5,0,89,2991
0,0,5,0,89,2991
0,4,5,0,89,2991
3,2,5,0,89,2991
2,1,5,0,89,2991
2,3,5,0,89,2991
1,0,5,0,89,2991
1,4,5,0,89,2991
0,5,5,0,89,2991
4,2,5,0,89,2991
3,1,5,0,89,2991
3,3,5,0,89,2991
2,0,5,0,89,2991
2,4,5,0,89,2991
1,5,5,0,89,2991
0,6,5,0,89,2991
5,2,5,0,89,2991
4,1,5,0,89,2991
4,3,5,0,89,2991
3,0,5,0,89,2991
3,4,5,0,89,2991
2,5,5,0,89,2991
1,6,5,0,89,2991
0,7,5,0,89,2991
7,2,5,0,89,2991
6,1,5,0,89,2991
6,3,5,0,89,2991
5,0,5,0,89,2991
5,4,5,0,89,2991
4,0,5,0,89,2991
4,5,5,0,89,2991
3,6,5,0,89,2991
2,7,5,0,89,2991
1,8,5,0,89,2991
0,3,3,6,90,2574
1,3,3,6,90,2574
0,2,3,6,90,2574
0,4,3,6,90,2574
2,3,3,6,90,2574
1,2,3,6,90,2574
1,4,3,6,90,2574
0,1,3,6,90,2574
0,5,3,6,90,2574
3,3,3,6,90,2574
2,2,3,6,90,2574
2,4,3,6,90,2574
1,1,3,6,90,2574
1,5,3,6,90,2574
0,0,3,6,90,2574
0,6,3,6,90,2574
4,3,3,6,90,2574
3,2,3,6,90,2574
3,4,3,6,90,2574
2,1,3,6,90,2574
2,5,3,6,90,2574
1,0,3,6,90,2574
1,6,3,6,90,2574
0,7,3,6,90,2574
6,3,3,6,90,2574
5,2,3,6,90,2574
5,4,3,6,90,2574
4,1,3,6,90,2574
4,5,3,6,90,2574
3,0,3,6,90,2574
3,6,3,6,90,2574
2,0,3,6,90,2574
2,7,3,6,90,2574
1,8,3,6,90,2574
0,4,3,6,91,2128
1,4,3,6,91,2128
0,3,3,6,91,2128
0,5,3,6,91,2128
2,4,3,6,91,2128
1,3,3,6,91,2128
1,5,3,6,91,2128
0,2,3,6,91,2128
0,6,3,6,91,2128
3,4,3,6,91,2128
2,3,3,6,91,2128
2,5,3,6,91,2128
1,2,3,6,91,2128
1,6,3,6,91,2128
0,1,3,6,91,2128
0,7,3,6,91,2128
5,4,3,6,91,2128
4,3,3,6,91,2128
4,5,3,6,91,2128
3,2,3,6,91,2128
3,6,3,6,91,2128
2,1,3,6,91,2128
2,7,3,6,91,2128
1,0,3,6,91,2128
1,8,3,6,91,2128
0,5,3,6,92,1650
1,5,3,6,92,1650
0,4,3,6,92,1650
0,6,3,6,92,1650
2,5,3,6,92,1650
1,4,3,6,92,1650
1,6,3,6,92,1650
0,3,3,6,92,1650
0,7,3,6,92,1650
4,5,3,6,92,1650
3,4,3,6,92,1650
3,6,3,6,92,1650
2,3,3,6,92,1650
2,7,3,6,92,1650
1,2,3,6,92,1650
1,8,3,6,92,1650
0,6,3,6,93,1136
1,6,3,6,93,1136
0,5,3,6,93,1136
0,7,3,6,93,1136
3,6,3,6,93,1136
2,5,3,6,93,1136
2,7,3,6,93,1136
1,4,3,6,93,1136
1,8,3,6,93,1136
0,7,1,6,6,588
2,7,1,6,6,588
1,6,1,6,6,588
1,8,1,6,6,588
1,8,1,8,0,0
1,9,7,3,72,4434
0,3,3,6,94,3008
1,3,3,6,94,3008
0,2,3,6,94,3008
0,4,3,6,94,3008
2,3,3,6,94,3008
1,2,3,6,94,3008
1,4,3,6,94,3008
0,1,3,6,94,3008
0,5,3,6,94,3008
3,3,3,6,94,3008
2,2,3,6,94,3008
2,4,3,6,94,3008
1,1,3,6,94,3008
1,5,3,6,94,3008
0,0,3,6,94,3008
0,6,3,6,94,3008
4,3,3,6,94,3008
3,2,3,6,94,3008
3,4,3,6,94,3008
2,1,3,6,94,3008
2,5,3,6,94,3008
1,0,3,6,94,3008
1,6,3,6,94,3008
0,7,3,6,94,3008
5,3,3,6,94,3008
4,2,3,6,94,3008
4,4,3,6,94,3008
3,1,3,6,94,3008
3,5,3,6,94,3008
2,0,3,6,94,3008
2,6,3,6,94,3008
1,7,3,6,94,3008
0,8,3,6,94,3008
6,3,3,6,94,3008
5,2,3,6,94,3008
5,4,3,6,94,3008
4,1,3,6,94,3008
4,5,3,6,94,3008
3,0,3,6,94,3008
3,6,3,6,94,3008
2,7,3,6,94,3008
1,8,3,6,94,3008
0,9,3,6,94,3008
0,4,3,6,95,2584
1,4,3,6,95,2584
0,3,3,6,95,2584
0,5,3,6,95,2584
2,4,3,6,95,2584
1,3,3,6,95,2584
1,5,3,6,95,2584
0,2,3,6,95,2584
0,6,3,6,95,2584
3,4,3,6,95,2584
2,3,3,6,95,2584
2,5,3,6,95,2584
1,2,3,6,95,2584
1,6,3,6,95,2584
0,1,3,6,95,2584
0,7,3,6,95,2584
4,4,3,6,95,2584
3,3,3,6,95,2584
3,5,3,6,95,2584
2,2,3,6,95,2584
2,6,3,6,95,2584
1,1,3,6,95,2584
1,7,3,6,95,2584
0,0,3,6,95,2584
0,8,3,6,95,2584
5,4,3,6,95,2584
4,3,3,6,95,2584
4,5,3,6,95,2584
3,2,3,6,95,2584
3,6,3,6,95,2584
2,1,3,6,95,2584
2,7,3,6,95,2584
1,0,3,6,95,2584
1,8,3,6,95,2584
0,9,3,6,95,2584
0,5,3,6,96,2130
1,5,3,6,96,2130
0,4,3,6,96,2130
0,6,3,6,96,2130
2,5,3,6,96,2130
1,4,3,6,96,2130
1,6,3,6,96,2130
0,3,3,6,96,2130
0,7,3,6,96,2130
3,5,3,6,96,2130
2,4,3,6,96,2130
2,6,3,6,96,2130
1,3,3,6,96,2130
1,7,3,6,96,2130
0,2,3,6,96,2130
0,8,3,6,96,2130
4,5,3,6,96,2130
3,4,3,6,96,2130
3,6,3,6,96,2130
2,3,3,6,96,2130
2,7,3,6,96,2130
1,2,3,6,96,2130
1,8,3,6,96,2130
0,1,3,6,96,2130
0,9,3,6,96,2130
0,6,3,6,97,1650
1,6,3,6,97,1650
0,5,3,6,97,1650
0,7,3,6,97,1650
2,6,3,6,97,1650
1,5,3,6,97,1650
1,7,3,6,97,1650
0,4,3,6,97,1650
0,8,3,6,97,1650
3,6,3,6,97,1650
2,5,3,6,97,1650
2,7,3,6,97,1650
1,4,3,6,97,1650
1,8,3,6,97,1650
0,3,3,6,97,1650
0,9,3,6,97,1650
0,8,1,8,31,588
1,8,1,8,31,588
0,7,1,8,31,588
0,9,1,8,31,588
0,9,0,9,0,0
0,0,7,2,98,3764
1,0,7,2,98,3764
0,1,7,2,98,3764
2,0,7,2,98,3764
1,1,7,2,98,3764
0,2,7,2,98,3764
3,0,7,2,98,3764
2,1,7,2,98,3764
1,2,7,2,98,3764
0,3,7,2,98,3764
4,0,7,2,98,3764
3,1,7,2,98,3764
2,2,7,2,98,3764
1,3,7,2,98,3764
0,4,7,2,98,3764
5,0,7,2,98,3764
4,1,7,2,98,3764
3,2,7,2,98,3764
2,3,7,2,98,3764
1,4,7,2,98,3764
0,5,7,2,98,3764
6,0,7,2,98,3764
5,1,7,2,98,3764
4,2,7,2,98,3764
3,3,7,2,98,3764
2,4,7,2,98,3764
1,5,7,2,98,3764
0,6,7,2,98,3764
7,0,7,2,98,3764
6,1,7,2,98,3764
5,2,7,2,98,3764
4,3,7,2,98,3764
3,4,7,2,98,3764
2,5,7,2,98,3764
1,6,7,2,98,3764
0,7,7,2,98,3764
9,0,7,2,98,3764
8,0,7,2,98,3764
8,1,7,2,98,3764
7,1,7,2,98,3764
7,2,7,2,98,3764
6,2,7,2,98,3764
6,3,7,2,98,3764
5,3,7,2,98,3764
5,4,7,2,98,3764
4,4,7,2,98,3764
4,5,7,2,98,3764
3,5,7,2,98,3764
3,6,7,2,98,3764
2,6,7,2,98,3764
2,7,7,2,98,3764
1,7,7,2,98,3764
1,8,7,2,98,3764
0,0,7,3,99,3770
1,0,7,3,99,3770
0,1,7,3,99,3770
2,0,7,3,99,3770
1,1,7,3,99,3770
0,2,7,3,99,3770
3,0,7,3,99,3770
2,1,7,3,99,3770
1,2,7,3,99,3770
0,3,7,3,99,3770
4,0,7,3,99,3770
3,1,7,3,99,3770
2,2,7,3,99,3770
1,3,7,3,99,3770
0,4,7,3,99,3770
5,0,7,3,99,3770
4,1,7,3,99,3770
3,2,7,3,99,3770
2,3,7,3,99,3770
1,4,7,3,99,3770
0,5,7,3,99,3770
6,0,7,3,99,3770
5,1,7,3,99,3770
4,2,7,3,99,3770
3,3,7,3,99,3770
2,4,7,3,99,3770
1,5,7,3,99,3770
0,6,7,3,99,3770
8,0,7,3,99,3770
7,0,7,3,99,3770
7,1,7,3,99,3770
6,1,7,3,99,3770
6,2,7,3,99,3770
5,2,7,3,99,3770
5,3,7,3,99,3770
4,3,7,3,99,3770
4,4,7,3,99,3770
3,4,7,3,99,3770
3,5,7,3,99,3770
2,5,7,3,99,3770
2,6,7,3,99,3770
1,6,7,3,99,3770
1,7,7,3,99,3770
9,0,7,3,99,3770
9,1,7,3,99,3770
8,1,7,3,99,3770
8,2,7,3,99,3770
7,2,7,3,99,3770
7,3,7,3,99,3770
6,3,7,3,99,3770
6,4,7,3,99,3770
5,4,7,3,99,3770
5,5,7,3,99,3770
4,5,7,3,99,3770
4,6,7,3,99,3770
3,6,7,3,99,3770
3,7,7,3,99,3770
2,7,7,3,99,3770
2,8,7,3,99,3770
0,0,7,3,100,3402
1,0,7,3,100,3402
0,1,7,3,100,3402
2,0,7,3,100,3402
1,1,7,3,100,3402
0,2,7,3,100,3402
3,0,7,3,100,3402
2,1,7,3,100,3402
1,2,7,3,100,3402
0,3,7,3,100,3402
4,0,7,3,100,3402
3,1,7,3,100,3402
2,2,7,3,100,3402
1,3,7,3,100,3402
0,4,7,3,100,3402
6,0,7,3,100,3402
5,0,7,3,100,3402
5,1,7,3,100,3402
4,1,7,3,100,3402
4,2,7,3,100,3402
3,2,7,3,100,3402
3,3,7,3,100,3402
2,3,7,3,100,3402
2,4,7,3,100,3402
1,4,7,3,100,3402
1,5,7,3,100,3402
8,0,7,3,100,3402
7,0,7,3,100,3402
7,1,7,3,100,3402
6,1,7,3,100,3402
6,2,7,3,100,3402
5,2,7,3,100,3402
5,3,7,3,100,3402
4,3,7,3,100,3402
4,4,7,3,100,3402
3,4,7,3,100,3402
3,5,7,3,100,3402
2,5,7,3,100,3402
2,6,7,3,100,3402
9,0,7,3,100,3402
9,1,7,3,100,3402
8,1,7,3,100,3402
8,2,7,3,100,3402
7,2,7,3,100,3402
7,3,7,3,100,3402
6,3,7,3,100,3402
6,4,7,3,100,3402
5,4,7,3,100,3402
5,5,7,3,100,3402
4,5,7,3,100,3402
4,6,7,3,100,3402
3,6,7,3,100,3402
3,7,7,3,100,3402
0,0,7,3,101,3008
1,0,7,3,101,3008
0,1,7,3,101,3008
2,0,7,3,101,3008
1,1,7,3,101,3008
0,2,7,3,101,3008
4,0,7,3,101,3008
3,0,7,3,101,3008
3,1,7,3,101,3008
2,1,7,3,101,3008
2,2,7,3,101,3008
1,2,7,3,101,3008
1,3,7,3,101,3008
6,0,7,3,101,3008
5,0,7,3,101,3008
5,1,7,3,101,3008
4,1,7,3,101,3008
4,2,7,3,101,3008
3,2,7,3,101,3008
3,3,7,3,101,3008
2,3,7,3,101,3008
2,4,7,3,101,3008
8,0,7,3,101,3008
7,0,7,3,101,3008
7,1,7,3,101,3008
6,1,7,3,101,3008
6,2,7,3,101,3008
5,2,7,3,101,3008
5,3,7,3,101,3008
4,3,7,3,101,3008
4,4,7,3,101,3008
3,4,7,3,101,3008
3,5,7,3,101,3008
9,0,7,3,101,3008
9,1,7,3,101,3008
8,1,7,3,101,3008
8,2,7,3,101,3008
7,2,7,3,101,3008
7,3,7,3,101,3008
6,3,7,3,101,3008
6,4,7,3,101,3008
5,4,7,3,101,3008
5,5,7,3,101,3008
4,5,7,3,101,3008
4,6,7,3,101,3008
0,0,7,3,102,2584
2,0,7,3,102,2584
1,0,7,3,102,2584
1,1,7,3,102,2584
4,0,7,3,102,2584
3,0,7,3,102,2584
3,1,7,3,102,2584
2,1,7,3,102,2584
2,2,7,3,102,2584
6,0,7,3,102,2584
5,0,7,3,102,2584
5,1,7,3,102,2584
4,1,7,3,102,2584
4,2,7,3,102,2584
3,2,7,3,102,2584
3,3,7,3,102,2584
8,0,7,3,102,2584
7,0,7,3,102,2584
7,1,7,3,102,2584
6,1,7,3,102,2584
6,2,7,3,102,2584
5,2,7,3,102,2584
5,3,7,3,102,2584
4,3,7,3,102,2584
4,4,7,3,102,2584
9,0,7,3,102,2584
9,1,7,3,102,2584
8,1,7,3,102,2584
8,2,7,3,102,2584
7,2,7,3,102,2584
7,3,7,3,102,2584
6,3,7,3,102,2584
6,4,7,3,102,2584
5,4,7,3,102,2584
5,5,7,3,102,2584
2,0,7,3,103,2130
4,0,7,3,103,2130
3,0,7,3,103,2130
3,1,7,3,103,2130
6,0,7,3,103,2130
5,0,7,3,103,2130
5,1,7,3,103,2130
4,1,7,3,103,2130
4,2,7,3,103,2130
8,0,7,3,103,2130
7,0,7,3,103,2130
7,1,7,3,103,2130
6,1,7,3,103,2130
6,2,7,3,103,2130
5,2,7,3,103,2130
5,3,7,3,103,2130
9,0,7,3,103,2130
9,1,7,3,103,2130
8,1,7,3,103,2130
8,2,7,3,103,2130
7,2,7,3,103,2130
7,3,7,3,103,2130
6,3,7,3,103,2130
6,4,7,3,103,2130
4,0,6,2,104,1655
6,0,6,2,104,1655
5,0,6,2,104,1655
5,1,6,2,104,1655
8,0,6,2,104,1655
7,0,6,2,104,1655
7,1,6,2,104,1655
6,1,6,2,104,1655
6,2,6,2,104,1655
9,0,6,2,104,1655
9,1,6,2,104,1655
8,1,6,2,104,1655
8,2,6,2,104,1655
7,2,6,2,104,1655
7,3,6,2,104,1655
6,0,6,0,105,1136
8,0,6,0,105,1136
7,0,6,0,105,1136
7,1,6,0,105,1136
9,0,6,0,105,1136
9,1,6,0,105,1136
8,1,6,0,105,1136
8,2,6,0,105,1136
8,0,8,0,106,586
9,0,8,0,106,586
9,1,8,0,106,586
9,1,9,1,0,0
7,1,7,1,43,588
9,1,7,1,43,588
8,0,7,1,43,588
8,2,7,1,43,588
8,2,8,2,0,0
5,1,7,3,107,1136
7,1,7,3,107,1136
6,0,7,3,107,1136
6,2,7,3,107,1136
9,1,7,3,107,1136
8,0,7,3,107,1136
8,2,7,3,107,1136
7,0,7,3,107,1136
7,3,7,3,107,1136
6,2,7,3,18,588
8,2,7,3,18,588
7,1,7,3,18,588
7,3,7,3,18,588
7,3,7,3,0,0
3,1,7,3,108,1650
5,1,7,3,108,1650
4,0,7,3,108,1650
4,2,7,3,108,1650
7,1,7,3,108,1650
6,0,7,3,108,1650
6,2,7,3,108,1650
5,0,7,3,108,1650
5,3,7,3,108,1650
9,1,7,3,108,1650
8,0,7,3,108,1650
8,2,7,3,108,1650
7,0,7,3,108,1650
7,3,7,3,108,1650
6,1,7,3,108,1650
6,4,7,3,108,1650
4,2,7,3,87,1138
6,2,7,3,87,1138
5,1,7,3,87,1138
5,3,7,3,87,1138
8,2,7,3,87,1138
7,1,7,3,87,1138
7,3,7,3,87,1138
6,0,7,3,87,1138
6,4,7,3,87,1138
5,3,6,4,18,588
7,3,6,4,18,588
6,2,6,4,18,588
6,4,6,4,18,588
6,4,6,4,0,0
1,1,7,3,109,2128
3,1,7,3,109,2128
2,0,7,3,109,2128
2,2,7,3,109,2128
5,1,7,3,109,2128
4,0,7,3,109,2128
4,2,7,3,109,2128
3,0,7,3,109,2128
3,3,7,3,109,2128
7,1,7,3,109,2128
6,0,7,3,109,2128
6,2,7,3,109,2128
5,0,7,3,109,2128
5,3,7,3,109,2128
4,1,7,3,109,2128
4,4,7,3,109,2128
9,1,7,3,109,2128
8,0,7,3,109,2128
8,2,7,3,109,2128
7,0,7,3,109,2128
7,3,7,3,109,2128
6,1,7,3,109,2128
6,4,7,3,109,2128
5,2,7,3,109,2128
5,5,7,3,109,2128
2,2,7,3,110,1650
4,2,7,3,110,1650
3,1,7,3,110,1650
3,3,7,3,110,1650
6,2,7,3,110,1650
5,1,7,3,110,1650
5,3,7,3,110,1650
4,0,7,3,110,1650
4,4,7,3,110,1650
8,2,7,3,110,1650
7,1,7,3,110,1650
7,3,7,3,110,1650
6,0,7,3,110,1650
6,4,7,3,110,1650
5,0,7,3,110,1650
5,5,7,3,110,1650
5,5,5,5,0,0
1,3,4,6,111,1646
3,3,4,6,111,1646
2,2,4,6,111,1646
2,4,4,6,111,1646
5,3,4,6,111,1646
4,2,4,6,111,1646
4,4,4,6,111,1646
3,1,4,6,111,1646
3,5,4,6,111,1646
7,3,4,6,111,1646
6,2,4,6,111,1646
6,4,4,6,111,1646
5,1,4,6,111,1646
5,5,4,6,111,1646
4,0,4,6,111,1646
4,6,4,6,111,1646
2,4,4,6,82,1136
4,4,4,6,82,1136
3,3,4,6,82,1136
3,5,4,6,82,1136
6,4,4,6,82,1136
5,3,4,6,82,1136
5,5,4,6,82,1136
4,2,4,6,82,1136
4,6,4,6,82,1136
3,5,4,6,18,588
5,5,4,6,18,588
4,4,4,6,18,588
4,6,4,6,18,588
4,6,4,6,0,0
0,1,6,2,112,3003
1,1,6,2,112,3003
0,0,6,2,112,3003
0,2,6,2,112,3003
2,1,6,2,112,3003
1,0,6,2,112,3003
1,2,6,2,112,3003
0,3,6,2,112,3003
3,1,6,2,112,3003
2,0,6,2,112,3003
2,2,6,2,112,3003
1,3,6,2,112,3003
0,4,6,2,112,3003
5,1,6,2,112,3003
4,0,6,2,112,3003
4,2,6,2,112,3003
3,0,6,2,112,3003
3,3,6,2,112,3003
2,4,6,2,112,3003
1,5,6,2,112,3003
7,1,6,2,112,3003
6,0,6,2,112,3003
6,2,6,2,112,3003
5,0,6,2,112,3003
5,3,6,2,112,3003
4,1,6,2,112,3003
4,4,6,2,112,3003
3,2,6,2,112,3003
3,5,6,2,112,3003
2,3,6,2,112,3003
2,6,6,2,112,3003
9,1,6,2,112,3003
8,0,6,2,112,3003
8,2,6,2,112,3003
7,0,6,2,112,3003
7,3,6,2,112,3003
6,1,6,2,112,3003
6,4,6,2,112,3003
5,2,6,2,112,3003
5,5,6,2,112,3003
4,3,6,2,112,3003
4,6,6,2,112,3003
3,4,6,2,112,3003
3,7,6,2,112,3003
2,6,4,6,39,588
4,6,4,6,39,588
3,5,4,6,39,588
3,7,4,6,39,588
3,7,3,7,0,0
0,1,6,2,113,3395
1,1,6,2,113,3395
0,0,6,2,113,3395
0,2,6,2,113,3395
2,1,6,2,113,3395
1,0,6,2,113,3395
1,2,6,2,113,3395
0,3,6,2,113,3395
3,1,6,2,113,3395
2,0,6,2,113,3395
2,2,6,2,113,3395
1,3,6,2,113,3395
0,4,6,2,113,3395
4,1,6,2,113,3395
3,0,6,2,113,3395
3,2,6,2,113,3395
2,3,6,2,113,3395
1,4,6,2,113,3395
0,5,6,2,113,3395
5,1,6,2,113,3395
4,0,6,2,113,3395
4,2,6,2,113,3395
3,3,6,2,113,3395
2,4,6,2,113,3395
1,5,6,2,113,3395
0,6,6,2,113,3395
7,1,6,2,113,3395
6,0,6,2,113,3395
6,2,6,2,113,3395
5,0,6,2,113,3395
5,3,6,2,113,3395
4,4,6,2,113,3395
3,5,6,2,113,3395
2,6,6,2,113,3395
1,7,6,2,113,3395
9,1,6,2,113,3395
8,0,6,2,113,3395
8,2,6,2,113,3395
7,0,6,2,113,3395
7,3,6,2,113,3395
6,1,6,2,113,3395
6,4,6,2,113,3395
5,2,6,2,113,3395
5,5,6,2,113,3395
4,3,6,2,113,3395
4,6,6,2,113,3395
3,4,6,2,113,3395
3,7,6,2,113,3395
2,5,6,2,113,3395
2,8,6,2,113,3395
0,2,6,0,114,2991
1,2,6,0,114,2991
0,1,6,0,114,2991
0,3,6,0,114,2991
2,2,6,0,114,2991
1,1,6,0,114,2991
1,3,6,0,114,2991
0,0,6,0,114,2991
0,4,6,0,114,2991
3,2,6,0,114,2991
2,1,6,0,114,2991
2,3,6,0,114,2991
1,0,6,0,114,2991
1,4,6,0,114,2991
0,5,6,0,114,2991
4,2,6,0,114,2991
3,1,6,0,114,2991
3,3,6,0,114,2991
2,0,6,0,114,2991
2,4,6,0,114,2991
1,5,6,0,114,2991
0,6,6,0,114,2991
6,2,6,0,114,2991
5,1,6,0,114,2991
5,3,6,0,114,2991
4,0,6,0,114,2991
4,4,6,0,114,2991
3,0,6,0,114,2991
3,5,6,0,114,2991
2,6,6,0,114,2991
1,7,6,0,114,2991
8,2,6,0,114,2991
7,1,6,0,114,2991
7,3,6,0,114,2991
6,0,6,0,114,2991
6,4,6,0,114,2991
5,0,6,0,114,2991
5,5,6,0,114,2991
4,1,6,0,114,2991
4,6,6,0,114,2991
3,7,6,0,114,2991
2,8,6,0,114,2991
0,4,2,6,115,2128
1,4,2,6,115,2128
0,3,2,6,115,2128
0,5,2,6,115,2128
2,4,2,6,115,2128
1,3,2,6,115,2128
1,5,2,6,115,2128
0,2,2,6,115,2128
0,6,2,6,115,2128
4,4,2,6,115,2128
3,3,2,6,115,2128
3,5,2,6,115,2128
2,2,2,6,115,2128
2,6,2,6,115,2128
1,1,2,6,115,2128
1,7,2,6,115,2128
6,4,2,6,115,2128
5,3,2,6,115,2128
5,5,2,6,115,2128
4,2,2,6,115,2128
4,6,2,6,115,2128
3,1,2,6,115,2128
3,7,2,6,115,2128
2,0,2,6,115,2128
2,8,2,6,115,2128
0,5,4,6,116,1650
1,5,4,6,116,1650
0,4,4,6,116,1650
0,6,4,6,116,1650
3,5,4,6,116,1650
2,4,4,6,116,1650
2,6,4,6,116,1650
1,3,4,6,116,1650
1,7,4,6,116,1650
5,5,4,6,116,1650
4,4,4,6,116,1650
4,6,4,6,116,1650
3,3,4,6,116,1650
3,7,4,6,116,1650
2,2,4,6,116,1650
2,8,4,6,116,1650
0,6,4,6,81,1136
2,6,4,6,81,1136
1,5,4,6,81,1136
1,7,4,6,81,1136
4,6,4,6,81,1136
3,5,4,6,81,1136
3,7,4,6,81,1136
2,4,4,6,81,1136
2,8,4,6,81,1136
1,7,2,6,6,588
3,7,2,6,6,588
2,6,2,6,6,588
2,8,2,6,6,588
2,8,2,8,0,0
0,1,6,2,117,3761
1,1,6,2,117,3761
0,0,6,2,117,3761
0,2,6,2,117,3761
2,1,6,2,117,3761
1,0,6,2,117,3761
1,2,6,2,117,3761
0,3,6,2,117,3761
3,1,6,2,117,3761
2,0,6,2,117,3761
2,2,6,2,117,3761
1,3,6,2,117,3761
0,4,6,2,117,3761
4,1,6,2,117,3761
3,0,6,2,117,3761
3,2,6,2,117,3761
2,3,6,2,117,3761
1,4,6,2,117,3761
0,5,6,2,117,3761
5,1,6,2,117,3761
4,0,6,2,117,3761
4,2,6,2,117,3761
3,3,6,2,117,3761
2,4,6,2,117,3761
1,5,6,2,117,3761
0,6,6,2,117,3761
6,1,6,2,117,3761
5,0,6,2,117,3761
5,2,6,2,117,3761
4,3,6,2,117,3761
3,4,6,2,117,3761
2,5,6,2,117,3761
1,6,6,2,117,3761
0,7,6,2,117,3761
7,1,6,2,117,3761
6,0,6,2,117,3761
6,2,6,2,117,3761
5,3,6,2,117,3761
4,4,6,2,117,3761
3,5,6,2,117,3761
2,6,6,2,117,3761
1,7,6,2,117,3761
0,8,6,2,117,3761
9,1,6,2,117,3761
8,0,6,2,117,3761
8,2,6,2,117,3761
7,0,6,2,117,3761
7,3,6,2,117,3761
6,4,6,2,117,3761
5,5,6,2,117,3761
4,6,6,2,117,3761
3,7,6,2,117,3761
2,8,6,2,117,3761
1,9,6,2,117,3761
0,2,6,0,118,3379
1,2,6,0,118,3379
0,1,6,0,118,3379
0,3,6,0,118,3379
2,2,6,0,118,3379
1,1,6,0,118,3379
1,3,6,0,118,3379
0,0,6,0,118,3379
0,4,6,0,118,3379
3,2,6,0,118,3379
2,1,6,0,118,3379
2,3,6,0,118,3379
1,0,6,0,118,3379
1,4,6,0,118,3379
0,5,6,0,118,3379
4,2,6,0,118,3379
3,1,6,0,118,3379
3,3,6,0,118,3379
2,0,6,0,118,3379
2,4,6,0,118,3379
1,5,6,0,118,3379
0,6,6,0,118,3379
5,2,6,0,118,3379
4,1,6,0,118,3379
4,3,6,0,118,3379
3,0,6,0,118,3379
3,4,6,0,118,3379
2,5,6,0,118,3379
1,6,6,0,118,3379
0,7,6,0,118,3379
6,2,6,0,118,3379
5,1,6,0,118,3379
5,3,6,0,118,3379
4,0,6,0,118,3379
4,4,6,0,118,3379
3,5,6,0,118,3379
2,6,6,0,118,3379
1,7,6,0,118,3379
0,8,6,0,118,3379
8,2,6,0,118,3379
7,1,6,0,118,3379
7,3,6,0,118,3379
6,0,6,0,118,3379
6,4,6,0,118,3379
5,0,6,0,118,3379
5,5,6,0,118,3379
4,6,6,0,118,3379
3,7,6,0,118,3379
2,8,6,0,118,3379
1,9,6,0,118,3379
0,3,4,6,119,2992
1,3,4,6,119,2992
0,2,4,6,119,2992
0,4,4,6,119,2992
2,3,4,6,119,2992
1,2,4,6,119,2992
1,4,4,6,119,2992
0,1,4,6,119,2992
0,5,4,6,119,2992
3,3,4,6,119,2992
2,2,4,6,119,2992
2,4,4,6,119,2992
1,1,4,6,119,2992
1,5,4,6,119,2992
0,0,4,6,119,2992
0,6,4,6,119,2992
4,3,4,6,119,2992
3,2,4,6,119,2992
3,4,4,6,119,2992
2,1,4,6,119,2992
2,5,4,6,119,2992
1,0,4,6,119,2992
1,6,4,6,119,2992
0,7,4,6,119,2992
5,3,4,6,119,2992
4,2,4,6,119,2992
4,4,4,6,119,2992
3,1,4,6,119,2992
3,5,4,6,119,2992
2,0,4,6,119,2992
2,6,4,6,119,2992
1,7,4,6,119,2992
0,8,4,6,119,2992
7,3,4,6,119,2992
6,2,4,6,119,2992
6,4,4,6,119,2992
5,1,4,6,119,2992
5,5,4,6,119,2992
4,0,4,6,119,2992
4,6,4,6,119,2992
3,0,4,6,119,2992
3,7,4,6,119,2992
2,8,4,6,119,2992
1,9,4,6,119,2992
0,4,4,6,120,2574
1,4,4,6,120,2574
0,3,4,6,120,2574
0,5,4,6,120,2574
2,4,4,6,120,2574
1,3,4,6,120,2574
1,5,4,6,120,2574
0,2,4,6,120,2574
0,6,4,6,120,2574
3,4,4,6,120,2574
2,3,4,6,120,2574
2,5,4,6,120,2574
1,2,4,6,120,2574
1,6,4,6,120,2574
0,1,4,6,120,2574
0,7,4,6,120,2574
4,4,4,6,120,2574
3,3,4,6,120,2574
3,5,4,6,120,2574
2,2,4,6,120,2574
2,6,4,6,120,2574
1,1,4,6,120,2574
1,7,4,6,120,2574
0,0,4,6,120,2574
0,8,4,6,120,2574
6,4,4,6,120,2574
5,3,4,6,120,2574
5,5,4,6,120,2574
4,2,4,6,120,2574
4,6,4,6,120,2574
3,1,4,6,120,2574
3,7,4,6,120,2574
2,0,4,6,120,2574
2,8,4,6,120,2574
1,0,4,6,120,2574
1,9,4,6,120,2574
0,5,4,6,121,2127
1,5,4,6,121,2127
0,4,4,6,121,2127
0,6,4,6,121,2127
2,5,4,6,121,2127
1,4,4,6,121,2127
1,6,4,6,121,2127
0,3,4,6,121,2127
0,7,4,6,121,2127
3,5,4,6,121,2127
2,4,4,6,121,2127
2,6,4,6,121,2127
1,3,4,6,121,2127
1,7,4,6,121,2127
0,2,4,6,121,2127
0,8,4,6,121,2127
5,5,4,6,121,2127
4,4,4,6,121,2127
4,6,4,6,121,2127
3,3,4,6,121,2127
3,7,4,6,121,2127
2,2,4,6,121,2127
2,8,4,6,121,2127
1,1,4,6,121,2127
1,9,4,6,121,2127
0,6,4,6,122,1646
1,6,4,6,122,1646
0,5,4,6,122,1646
0,7,4,6,122,1646
2,6,4,6,122,1646
1,5,4,6,122,1646
1,7,4,6,122,1646
0,4,4,6,122,1646
0,8,4,6,122,1646
4,6,4,6,122,1646
3,5,4,6,122,1646
3,7,4,6,122,1646
2,4,4,6,122,1646
2,8,4,6,122,1646
1,3,4,6,122,1646
1,9,4,6,122,1646
0,7,2,6,123,1138
1,7,2,6,123,1138
0,6,2,6,123,1138
0,8,2,6,123,1138
3,7,2,6,123,1138
2,6,2,6,123,1138
2,8,2,6,123,1138
1,5,2,6,123,1138
1,9,2,6,123,1138
0,8,1,7,6,588
2,8,1,7,6,588
1,7,1,7,6,588
1,9,1,7,6,588
1,9,1,9,0,0
0,3,4,6,124,3401
1,3,4,6,124,3401
0,2,4,6,124,3401
0,4,4,6,124,3401
2,3,4,6,124,3401
1,2,4,6,124,3401
1,4,4,6,124,3401
0,1,4,6,124,3401
0,5,4,6,124,3401
3,3,4,6,124,3401
2,2,4,6,124,3401
2,4,4,6,124,3401
1,1,4,6,124,3401
1,5,4,6,124,3401
0,0,4,6,124,3401
0,6,4,6,124,3401
4,3,4,6,124,3401
3,2,4,6,124,3401
3,4,4,6,124,3401
2,1,4,6,124,3401
2,5,4,6,124,3401
1,0,4,6,124,3401
1,6,4,6,124,3401
0,7,4,6,124,3401
5,3,4,6,124,3401
4,2,4,6,124,3401
4,4,4,6,124,3401
3,1,4,6,124,3401
3,5,4,6,124,3401
2,0,4,6,124,3401
2,6,4,6,124,3401
1,7,4,6,124,3401
0,8,4,6,124,3401
6,3,4,6,124,3401
5,2,4,6,124,3401
5,4,4,6,124,3401
4,1,4,6,124,3401
4,5,4,6,124,3401
3,0,4,6,124,3401
3,6,4,6,124,3401
2,7,4,6,124,3401
1,8,4,6,124,3401
0,9,4,6,124,3401
7,3,4,6,124,3401
6,2,4,6,124,3401
6,4,4,6,124,3401
5,1,4,6,124,3401
5,5,4,6,124,3401
4,0,4,6,124,3401
4,6,4,6,124,3401
3,7,4,6,124,3401
2,8,4,6,124,3401
1,9,4,6,124,3401
0,4,4,6,125,3003
1,4,4,6,125,3003
0,3,4,6,125,3003
0,5,4,6,125,3003
2,4,4,6,125,3003
1,3,4,6,125,3003
1,5,4,6,125,3003
0,2,4,6,125,3003
0,6,4,6,125,3003
3,4,4,6,125,3003
2,3,4,6,125,3003
2,5,4,6,125,3003
1,2,4,6,125,3003
1,6,4,6,125,3003
0,1,4,6,125,3003
0,7,4,6,125,3003
4,4,4,6,125,3003
3,3,4,6,125,3003
3,5,4,6,125,3003
2,2,4,6,125,3003
2,6,4,6,125,3003
1,1,4,6,125,3003
1,7,4,6,125,3003
0,0,4,6,125,3003
0,8,4,6,125,3003
5,4,4,6,125,3003
4,3,4,6,125,3003
4,5,4,6,125,3003
3,2,4,6,125,3003
3,6,4,6,125,3003
2,1,4,6,125,3003
2,7,4,6,125,3003
1,0,4,6,125,3003
1,8,4,6,125,3003
0,9,4,6,125,3003
6,4,4,6,125,3003
5,3,4,6,125,3003
5,5,4,6,125,3003
4,2,4,6,125,3003
4,6,4,6,125,3003
3,1,4,6,125,3003
3,7,4,6,125,3003
2,0,4,6,125,3003
2,8,4,6,125,3003
1,9,4,6,125,3003
0,5,4,6,126,2576
1,5,4,6,126,2576
0,4,4,6,126,2576
0,6,4,6,126,2576
2,5,4,6,126,2576
1,4,4,6,126,2576
1,6,4,6,126,2576
0,3,4,6,126,2576
0,7,4,6,126,2576
3,5,4,6,126,2576
2,4,4,6,126,2576
2,6,4,6,126,2576
1,3,4,6,126,2576
1,7,4,6,126,2576
0,2,4,6,126,2576
0,8,4,6,126,2576
4,5,4,6,126,2576
3,4,4,6,126,2576
3,6,4,6,126,2576
2,3,4,6,126,2576
2,7,4,6,126,2576
1,2,4,6,126,2576
1,8,4,6,126,2576
0,1,4,6,126,2576
0,9,4,6,126,2576
5,5,4,6,126,2576
4,4,4,6,126,2576
4,6,4,6,126,2576
3,3,4,6,126,2576
3,7,4,6,126,2576
2,2,4,6,126,2576
2,8,4,6,126,2576
1,1,4,6,126,2576
1,9,4,6,126,2576
0,0,4,6,126,2576
0,6,4,6,127,2127
1,6,4,6,127,2127
0,5,4,6,127,2127
0,7,4,6,127,2127
2,6,4,6,127,2127
1,5,4,6,127,2127
1,7,4,6,127,2127
0,4,4,6,127,2127
0,8,4,6,127,2127
3,6,4,6,127,2127
2,5,4,6,127,2127
2,7,4,6,127,2127
1,4,4,6,127,2127
1,8,4,6,127,2127
0,3,4,6,127,2127
0,9,4,6,127,2127
4,6,4,6,127,2127
3,5,4,6,127,2127
3,7,4,6,127,2127
2,4,4,6,127,2127
2,8,4,6,127,2127
1,3,4,6,127,2127
1,9,4,6,127,2127
0,2,4,6,127,2127
0,8,1,7,128,1138
1,8,1,7,128,1138
0,7,1,7,128,1138
0,9,1,7,128,1138
2,8,1,7,128,1138
1,7,1,7,128,1138
1,9,1,7,128,1138
0,6,1,7,128,1138
0,9,1,9,129,586
1,9,1,9,129,586
0,8,1,9,129,586
0,0,7,3,130,4114
1,0,7,3,130,4114
0,1,7,3,130,4114
2,0,7,3,130,4114
1,1,7,3,130,4114
0,2,7,3,130,4114
3,0,7,3,130,4114
2,1,7,3,130,4114
1,2,7,3,130,4114
0,3,7,3,130,4114
4,0,7,3,130,4114
3,1,7,3,130,4114
2,2,7,3,130,4114
1,3,7,3,130,4114
0,4,7,3,130,4114
5,0,7,3,130,4114
4,1,7,3,130,4114
3,2,7,3,130,4114
2,3,7,3,130,4114
1,4,7,3,130,4114
0,5,7,3,130,4114
6,0,7,3,130,4114
5,1,7,3,130,4114
4,2,7,3,130,4114
3,3,7,3,130,4114
2,4,7,3,130,4114
1,5,7,3,130,4114
0,6,7,3,130,4114
7,0,7,3,130,4114
6,1,7,3,130,4114
5,2,7,3,130,4114
4,3,7,3,130,4114
3,4,7,3,130,4114
2,5,7,3,130,4114
1,6,7,3,130,4114
0,7,7,3,130,4114
8,0,7,3,130,4114
7,1,7,3,130,4114
6,2,7,3,130,4114
5,3,7,3,130,4114
4,4,7,3,130,4114
3,5,7,3,130,4114
2,6,7,3,130,4114
1,7,7,3,130,4114
0,8,7,3,130,4114
9,0,7,3,130,4114
9,1,7,3,130,4114
8,1,7,3,130,4114
8,2,7,3,130,4114
7,2,7,3,130,4114
7,3,7,3,130,4114
6,3,7,3,130,4114
6,4,7,3,130,4114
5,4,7,3,130,4114
5,5,7,3,130,4114
4,5,7,3,130,4114
4,6,7,3,130,4114
3,6,7,3,130,4114
3,7,7,3,130,4114
2,7,7,3,130,4114
2,8,7,3,130,4114
1,8,7,3,130,4114
1,9,7,3,130,4114
0,0,7,4,131,4117
1,0,7,4,131,4117
0,1,7,4,131,4117
2,0,7,4,131,4117
1,1,7,4,131,4117
0,2,7,4,131,4117
3,0,7,4,131,4117
2,1,7,4,131,4117
1,2,7,4,131,4117
0,3,7,4,131,4117
4,0,7,4,131,4117
3,1,7,4,131,4117
2,2,7,4,131,4117
1,3,7,4,131,4117
0,4,7,4,131,4117
5,0,7,4,131,4117
4,1,7,4,131,4117
3,2,7,4,131,4117
2,3,7,4,131,4117
1,4,7,4,131,4117
0,5,7,4,131,4117
6,0,7,4,131,4117
5,1,7,4,131,4117
4,2,7,4,131,4117
3,3,7,4,131,4117
2,4,7,4,131,4117
1,5,7,4,131,4117
0,6,7,4,131,4117
7,0,7,4,131,4117
6,1,7,4,131,4117
5,2,7,4,131,4117
4,3,7,4,131,4117
3,4,7,4,131,4117
2,5,7,4,131,4117
1,6,7,4,131,4117
0,7,7,4,131,4117
9,0,7,4,131,4117
8,0,7,4,131,4117
8,1,7,4,131,4117
7,1,7,4,131,4117
7,2,7,4,131,4117
6,2,7,4,131,4117
6,3,7,4,131,4117
5,3,7,4,131,4117
5,4,7,4,131,4117
4,4,7,4,131,4117
4,5,7,4,131,4117
3,5,7,4,131,4117
3,6,7,4,131,4117
2,6,7,4,131,4117
2,7,7,4,131,4117
1,7,7,4,131,4117
1,8,7,4,131,4117
9,1,7,4,131,4117
9,2,7,4,131,4117
8,2,7,4,131,4117
8,3,7,4,131,4117
7,3,7,4,131,4117
7,4,7,4,131,4117
6,4,7,4,131,4117
6,5,7,4,131,4117
5,5,7,4,131,4117
5,6,7,4,131,4117
4,6,7,4,131,4117
4,7,7,4,131,4117
3,7,7,4,131,4117
3,8,7,4,131,4117
2,8,7,4,131,4117
2,9,7,4,131,4117
0,0,7,4,132,3771
1,0,7,4,132,3771
0,1,7,4,132,3771
2,0,7,4,132,3771
1,1,7,4,132,3771
0,2,7,4,132,3771
3,0,7,4,132,3771
2,1,7,4,132,3771
1,2,7,4,132,3771
0,3,7,4,132,3771
4,0,7,4,132,3771
3,1,7,4,132,3771
2,2,7,4,132,3771
1,3,7,4,132,3771
0,4,7,4,132,3771
5,0,7,4,132,3771
4,1,7,4,132,3771
3,2,7,4,132,3771
2,3,7,4,132,3771
1,4,7,4,132,3771
0,5,7,4,132,3771
7,0,7,4,132,3771
6,0,7,4,132,3771
6,1,7,4,132,3771
5,1,7,4,132,3771
5,2,7,4,132,3771
4,2,7,4,132,3771
4,3,7,4,132,3771
3,3,7,4,132,3771
3,4,7,4,132,3771
2,4,7,4,132,3771
2,5,7,4,132,3771
1,5,7,4,132,3771
1,6,7,4,132,3771
9,0,7,4,132,3771
8,0,7,4,132,3771
8,1,7,4,132,3771
7,1,7,4,132,3771
7,2,7,4,132,3771
6,2,7,4,132,3771
6,3,7,4,132,3771
5,3,7,4,132,3771
5,4,7,4,132,3771
4,4,7,4,132,3771
4,5,7,4,132,3771
3,5,7,4,132,3771
3,6,7,4,132,3771
2,6,7,4,132,3771
2,7,7,4,132,3771
9,1,7,4,132,3771
9,2,7,4,132,3771
8,2,7,4,132,3771
8,3,7,4,132,3771
7,3,7,4,132,3771
7,4,7,4,132,3771
6,4,7,4,132,3771
6,5,7,4,132,3771
5,5,7,4,132,3771
5,6,7,4,132,3771
4,6,7,4,132,3771
4,7,7,4,132,3771
3,7,7,4,132,3771
3,8,7,4,132,3771
0,0,7,4,133,3401
1,0,7,4,133,3401
0,1,7,4,133,3401
2,0,7,4,133,3401
1,1,7,4,133,3401
0,2,7,4,133,3401
3,0,7,4,133,3401
2,1,7,4,133,3401
1,2,7,4,133,3401
0,3,7,4,133,3401
5,0,7,4,133,3401
4,0,7,4,133,3401
4,1,7,4,133,3401
3,1,7,4,133,3401
3,2,7,4,133,3401
2,2,7,4,133,3401
2,3,7,4,133,3401
1,3,7,4,133,3401
1,4,7,4,133,3401
7,0,7,4,133,3401
6,0,7,4,133,3401
6,1,7,4,133,3401
5,1,7,4,133,3401
5,2,7,4,133,3401
4,2,7,4,133,3401
4,3,7,4,133,3401
3,3,7,4,133,3401
3,4,7,4,133,3401
2,4,7,4,133,3401
2,5,7,4,133,3401
9,0,7,4,133,3401
8,0,7,4,133,3401
8,1,7,4,133,3401
7,1,7,4,133,3401
7,2,7,4,133,3401
6,2,7,4,133,3401
6,3,7,4,133,3401
5,3,7,4,133,3401
5,4,7,4,133,3401
4,4,7,4,133,3401
4,5,7,4,133,3401
3,5,7,4,133,3401
3,6,7,4,133,3401
9,1,7,4,133,3401
9,2,7,4,133,3401
8,2,7,4,133,3401
8,3,7,4,133,3401
7,3,7,4,133,3401
7,4,7,4,133,3401
6,4,7,4,133,3401
6,5,7,4,133,3401
5,5,7,4,133,3401
5,6,7,4,133,3401
4,6,7,4,133,3401
4,7,7,4,133,3401
0,0,7,4,134,3003
1,0,7,4,134,3003
0,1,7,4,134,3003
3,0,7,4,134,3003
2,0,7,4,134,3003
2,1,7,4,134,3003
1,1,7,4,134,3003
1,2,7,4,134,3003
5,0,7,4,134,3003
4,0,7,4,134,3003
4,1,7,4,134,3003
3,1,7,4,134,3003
3,2,7,4,134,3003
2,2,7,4,134,3003
2,3,7,4,134,3003
7,0,7,4,134,3003
6,0,7,4,134,3003
6,1,7,4,134,3003
5,1,7,4,134,3003
5,2,7,4,134,3003
4,2,7,4,134,3003
4,3,7,4,134,3003
3,3,7,4,134,3003
3,4,7,4,134,3003
9,0,7,4,134,3003
8,0,7,4,134,3003
8,1,7,4,134,3003
7,1,7,4,134,3003
7,2,7,4,134,3003
6,2,7,4,134,3003
6,3,7,4,134,3003
5,3,7,4,134,3003
5,4,7,4,134,3003
4,4,7,4,134,3003
4,5,7,4,134,3003
9,1,7,4,134,3003
9,2,7,4,134,3003
8,2,7,4,134,3003
8,3,7,4,134,3003
7,3,7,4,134,3003
7,4,7,4,134,3003
6,4,7,4,134,3003
6,5,7,4,134,3003
5,5,7,4,134,3003
5,6,7,4,134,3003
1,0,7,4,135,2576
3,0,7,4,135,2576
2,0,7,4,135,2576
2,1,7,4,135,2576
5,0,7,4,135,2576
4,0,7,4,135,2576
4,1,7,4,135,2576
3,1,7,4,135,2576
3,2,7,4,135,2576
7,0,7,4,135,2576
6,0,7,4,135,2576
6,1,7,4,135,2576
5,1,7,4,135,2576
5,2,7,4,135,2576
4,2,7,4,135,2576
4,3,7,4,135,2576
9,0,7,4,135,2576
8,0,7,4,135,2576
8,1,7,4,135,2576
7,1,7,4,135,2576
7,2,7,4,135,2576
6,2,7,4,135,2576
6,3,7,4,135,2576
5,3,7,4,135,2576
5,4,7,4,135,2576
9,1,7,4,135,2576
9,2,7,4,135,2576
8,2,7,4,135,2576
8,3,7,4,135,2576
7,3,7,4,135,2576
7,4,7,4,135,2576
6,4,7,4,135,2576
6,5,7,4,135,2576
3,0,7,2,136,2135
5,0,7,2,136,2135
4,0,7,2,136,2135
4,1,7,2,136,2135
7,0,7,2,136,2135
6,0,7,2,136,2135
6,1,7,2,136,2135
5,1,7,2,136,2135
5,2,7,2,136,2135
9,0,7,2,136,2135
8,0,7,2,136,2135
8,1,7,2,136,2135
7,1,7,2,136,2135
7,2,7,2,136,2135
6,2,7,2,136,2135
6,3,7,2,136,2135
9,1,7,2,136,2135
9,2,7,2,136,2135
8,2,7,2,136,2135
8,3,7,2,136,2135
7,3,7,2,136,2135
7,4,7,2,136,2135
5,0,6,1,137,1653
7,0,6,1,137,1653
6,0,6,1,137,1653
6,1,6,1,137,1653
9,0,6,1,137,1653
8,0,6,1,137,1653
8,1,6,1,137,1653
7,1,6,1,137,1653
7,2,6,1,137,1653
9,1,6,1,137,1653
9,2,6,1,137,1653
8,2,6,1,137,1653
8,3,6,1,137,1653
7,0,7,0,138,1134
9,0,7,0,138,1134
8,0,7,0,138,1134
8,1,7,0,138,1134
9,1,7,0,138,1134
9,2,7,0,138,1134
8,1,8,1,139,588
9,1,8,1,139,588
9,0,8,1,139,588
9,2,8,1,139,588
6,1,7,2,140,1138
8,1,7,2,140,1138
7,0,7,2,140,1138
7,2,7,2,140,1138
9,1,7,2,140,1138
9,0,7,2,140,1138
9,2,7,2,140,1138
8,0,7,2,140,1138
8,3,7,2,140,1138
7,2,7,2,43,588
9,2,7,2,43,588
8,1,7,2,43,588
8,3,7,2,43,588
4,1,7,4,141,1646
6,1,7,4,141,1646
5,0,7,4,141,1646
5,2,7,4,141,1646
8,1,7,4,141,1646
7,0,7,4,141,1646
7,2,7,4,141,1646
6,0,7,4,141,1646
6,3,7,4,141,1646
9,1,7,4,141,1646
9,0,7,4,141,1646
9,2,7,4,141,1646
8,0,7,4,141,1646
8,3,7,4,141,1646
7,1,7,4,141,1646
7,4,7,4,141,1646
5,2,7,4,82,1136
7,2,7,4,82,1136
6,1,7,4,82,1136
6,3,7,4,82,1136
9,2,7,4,82,1136
8,1,7,4,82,1136
8,3,7,4,82,1136
7,0,7,4,82,1136
7,4,7,4,82,1136
6,3,7,4,18,588
8,3,7,4,18,588
7,2,7,4,18,588
7,4,7,4,18,588
2,1,7,4,142,2127
4,1,7,4,142,2127
3,0,7,4,142,2127
3,2,7,4,142,2127
6,1,7,4,142,2127
5,0,7,4,142,2127
5,2,7,4,142,2127
4,0,7,4,142,2127
4,3,7,4,142,2127
8,1,7,4,142,2127
7,0,7,4,142,2127
7,2,7,4,142,2127
6,0,7,4,142,2127
6,3,7,4,142,2127
5,1,7,4,142,2127
5,4,7,4,142,2127
9,1,7,4,142,2127
9,0,7,4,142,2127
9,2,7,4,142,2127
8,0,7,4,142,2127
8,3,7,4,142,2127
7,1,7,4,142,2127
7,4,7,4,142,2127
6,2,7,4,142,2127
6,5,7,4,142,2127
3,2,7,4,143,1650
5,2,7,4,143,1650
4,1,7,4,143,1650
4,3,7,4,143,1650
7,2,7,4,143,1650
6,1,7,4,143,1650
6,3,7,4,143,1650
5,0,7,4,143,1650
5,4,7,4,143,1650
9,2,7,4,143,1650
8,1,7,4,143,1650
8,3,7,4,143,1650
7,0,7,4,143,1650
7,4,7,4,143,1650
6,0,7,4,143,1650
6,5,7,4,143,1650
4,3,6,5,82,1136
6,3,6,5,82,1136
5,2,6,5,82,1136
5,4,6,5,82,1136
8,3,6,5,82,1136
7,2,6,5,82,1136
7,4,6,5,82,1136
6,1,6,5,82,1136
6,5,6,5,82,1136
5,4,6,5,18,588
7,4,6,5,18,588
6,3,6,5,18,588
6,5,6,5,18,588
0,1,7,4,144,2574
2,1,7,4,144,2574
1,0,7,4,144,2574
1,2,7,4,144,2574
4,1,7,4,144,2574
3,0,7,4,144,2574
3,2,7,4,144,2574
2,0,7,4,144,2574
2,3,7,4,144,2574
6,1,7,4,144,2574
5,0,7,4,144,2574
5,2,7,4,144,2574
4,0,7,4,144,2574
4,3,7,4,144,2574
3,1,7,4,144,2574
3,4,7,4,144,2574
8,1,7,4,144,2574
7,0,7,4,144,2574
7,2,7,4,144,2574
6,0,7,4,144,2574
6,3,7,4,144,2574
5,1,7,4,144,2574
5,4,7,4,144,2574
4,2,7,4,144,2574
4,5,7,4,144,2574
9,1,7,4,144,2574
9,0,7,4,144,2574
9,2,7,4,144,2574
8,0,7,4,144,2574
8,3,7,4,144,2574
7,1,7,4,144,2574
7,4,7,4,144,2574
6,2,7,4,144,2574
6,5,7,4,144,2574
5,3,7,4,144,2574
5,6,7,4,144,2574
1,2,7,4,145,2128
3,2,7,4,145,2128
2,1,7,4,145,2128
2,3,7,4,145,2128
5,2,7,4,145,2128
4,1,7,4,145,2128
4,3,7,4,145,2128
3,0,7,4,145,2128
3,4,7,4,145,2128
7,2,7,4,145,2128
6,1,7,4,145,2128
6,3,7,4,145,2128
5,0,7,4,145,2128
5,4,7,4,145,2128
4,0,7,4,145,2128
4,5,7,4,145,2128
9,2,7,4,145,2128
8,1,7,4,145,2128
8,3,7,4,145,2128
7,0,7,4,145,2128
7,4,7,4,145,2128
6,0,7,4,145,2128
6,5,7,4,145,2128
5,1,7,4,145,2128
5,6,7,4,145,2128
0,3,5,6,146,2127
2,3,5,6,146,2127
1,2,5,6,146,2127
1,4,5,6,146,2127
4,3,5,6,146,2127
3,2,5,6,146,2127
3,4,5,6,146,2127
2,1,5,6,146,2127
2,5,5,6,146,2127
6,3,5,6,146,2127
5,2,5,6,146,2127
5,4,5,6,146,2127
4,1,5,6,146,2127
4,5,5,6,146,2127
3,0,5,6,146,2127
3,6,5,6,146,2127
8,3,5,6,146,2127
7,2,5,6,146,2127
7,4,5,6,146,2127
6,1,5,6,146,2127
6,5,5,6,146,2127
5,0,5,6,146,2127
5,6,5,6,146,2127
4,0,5,6,146,2127
4,7,5,6,146,2127
1,4,5,6,147,1650
3,4,5,6,147,1650
2,3,5,6,147,1650
2,5,5,6,147,1650
5,4,5,6,147,1650
4,3,5,6,147,1650
4,5,5,6,147,1650
3,2,5,6,147,1650
3,6,5,6,147,1650
7,4,5,6,147,1650
6,3,5,6,147,1650
6,5,5,6,147,1650
5,2,5,6,147,1650
5,6,5,6,147,1650
4,1,5,6,147,1650
4,7,5,6,147,1650
2,5,5,6,87,1138
4,5,5,6,87,1138
3,4,5,6,87,1138
3,6,5,6,87,1138
6,5,5,6,87,1138
5,4,5,6,87,1138
5,6,5,6,87,1138
4,3,5,6,87,1138
4,7,5,6,87,1138
3,6,5,6,39,588
5,6,5,6,39,588
4,5,5,6,39,588
4,7,5,6,39,588
0,1,7,2,148,3396
1,1,7,2,148,3396
0,0,7,2,148,3396
0,2,7,2,148,3396
2,1,7,2,148,3396
1,0,7,2,148,3396
1,2,7,2,148,3396
0,3,7,2,148,3396
3,1,7,2,148,3396
2,0,7,2,148,3396
2,2,7,2,148,3396
1,3,7,2,148,3396
0,4,7,2,148,3396
4,1,7,2,148,3396
3,0,7,2,148,3396
3,2,7,2,148,3396
2,3,7,2,148,3396
1,4,7,2,148,3396
0,5,7,2,148,3396
6,1,7,2,148,3396
5,0,7,2,148,3396
5,2,7,2,148,3396
4,0,7,2,148,3396
4,3,7,2,148,3396
3,4,7,2,148,3396
2,5,7,2,148,3396
1,6,7,2,148,3396
8,1,7,2,148,3396
7,0,7,2,148,3396
7,2,7,2,148,3396
6,0,7,2,148,3396
6,3,7,2,148,3396
5,1,7,2,148,3396
5,4,7,2,148,3396
4,2,7,2,148,3396
4,5,7,2,148,3396
3,3,7,2,148,3396
3,6,7,2,148,3396
2,4,7,2,148,3396
2,7,7,2,148,3396
9,1,7,2,148,3396
9,0,7,2,148,3396
9,2,7,2,148,3396
8,0,7,2,148,3396
8,3,7,2,148,3396
7,1,7,2,148,3396
7,4,7,2,148,3396
6,2,7,2,148,3396
6,5,7,2,148,3396
5,3,7,2,148,3396
5,6,7,2,148,3396
4,4,7,2,148,3396
4,7,7,2,148,3396
3,5,7,2,148,3396
3,8,7,2,148,3396
1,6,5,6,81,1136
3,6,5,6,81,1136
2,5,5,6,81,1136
2,7,5,6,81,1136
5,6,5,6,81,1136
4,5,5,6,81,1136
4,7,5,6,81,1136
3,4,5,6,81,1136
3,8,5,6,81,1136
0,1,7,2,149,3763
1,1,7,2,149,3763
0,0,7,2,149,3763
0,2,7,2,149,3763
2,1,7,2,149,3763
1,0,7,2,149,3763
1,2,7,2,149,3763
0,3,7,2,149,3763
3,1,7,2,149,3763
2,0,7,2,149,3763
2,2,7,2,149,3763
1,3,7,2,149,3763
0,4,7,2,149,3763
4,1,7,2,149,3763
3,0,7,2,149,3763
3,2,7,2,149,3763
2,3,7,2,149,3763
1,4,7,2,149,3763
0,5,7,2,149,3763
5,1,7,2,149,3763
4,0,7,2,149,3763
4,2,7,2,149,3763
3,3,7,2,149,3763
2,4,7,2,149,3763
1,5,7,2,149,3763
0,6,7,2,149,3763
6,1,7,2,149,3763
5,0,7,2,149,3763
5,2,7,2,149,3763
4,3,7,2,149,3763
3,4,7,2,149,3763
2,5,7,2,149,3763
1,6,7,2,149,3763
0,7,7,2,149,3763
8,1,7,2,149,3763
7,0,7,2,149,3763
7,2,7,2,149,3763
6,0,7,2,149,3763
6,3,7,2,149,3763
5,4,7,2,149,3763
4,5,7,2,149,3763
3,6,7,2,149,3763
2,7,7,2,149,3763
1,8,7,2,149,3763
9,1,7,2,149,3763
9,0,7,2,149,3763
9,2,7,2,149,3763
8,0,7,2,149,3763
8,3,7,2,149,3763
7,1,7,2,149,3763
7,4,7,2,149,3763
6,2,7,2,149,3763
6,5,7,2,149,3763
5,3,7,2,149,3763
5,6,7,2,149,3763
4,4,7,2,149,3763
4,7,7,2,149,3763
3,5,7,2,149,3763
3,8,7,2,149,3763
2,6,7,2,149,3763
2,9,7,2,149,3763
0,2,6,1,150,3387
1,2,6,1,150,3387
0,1,6,1,150,3387
0,3,6,1,150,3387
2,2,6,1,150,3387
1,1,6,1,150,3387
1,3,6,1,150,3387
0,0,6,1,150,3387
0,4,6,1,150,3387
3,2,6,1,150,3387
2,1,6,1,150,3387
2,3,6,1,150,3387
1,0,6,1,150,3387
1,4,6,1,150,3387
0,5,6,1,150,3387
4,2,6,1,150,3387
3,1,6,1,150,3387
3,3,6,1,150,3387
2,0,6,1,150,3387
2,4,6,1,150,3387
1,5,6,1,150,3387
0,6,6,1,150,3387
5,2,6,1,150,3387
4,1,6,1,150,3387
4,3,6,1,150,3387
3,0,6,1,150,3387
3,4,6,1,150,3387
2,5,6,1,150,3387
1,6,6,1,150,3387
0,7,6,1,150,3387
7,2,6,1,150,3387
6,1,6,1,150,3387
6,3,6,1,150,3387
5,0,6,1,150,3387
5,4,6,1,150,3387
4,0,6,1,150,3387
4,5,6,1,150,3387
3,6,6,1,150,3387
2,7,6,1,150,3387
1,8,6,1,150,3387
9,2,6,1,150,3387
8,1,6,1,150,3387
8,3,6,1,150,3387
7,0,6,1,150,3387
7,4,6,1,150,3387
6,0,6,1,150,3387
6,5,6,1,150,3387
5,1,6,1,150,3387
5,6,6,1,150,3387
4,7,6,1,150,3387
3,8,6,1,150,3387
2,9,6,1,150,3387
0,4,3,6,151,2574
1,4,3,6,151,2574
0,3,3,6,151,2574
0,5,3,6,151,2574
2,4,3,6,151,2574
1,3,3,6,151,2574
1,5,3,6,151,2574
0,2,3,6,151,2574
0,6,3,6,151,2574
3,4,3,6,151,2574
2,3,3,6,151,2574
2,5,3,6,151,2574
1,2,3,6,151,2574
1,6,3,6,151,2574
0,1,3,6,151,2574
0,7,3,6,151,2574
5,4,3,6,151,2574
4,3,3,6,151,2574
4,5,3,6,151,2574
3,2,3,6,151,2574
3,6,3,6,151,2574
2,1,3,6,151,2574
2,7,3,6,151,2574
1,0,3,6,151,2574
1,8,3,6,151,2574
7,4,3,6,151,2574
6,3,3,6,151,2574
6,5,3,6,151,2574
5,2,3,6,151,2574
5,6,3,6,151,2574
4,1,3,6,151,2574
4,7,3,6,151,2574
3,0,3,6,151,2574
3,8,3,6,151,2574
2,0,3,6,151,2574
2,9,3,6,151,2574
0,5,5,6,152,2127
1,5,5,6,152,2127
0,4,5,6,152,2127
0,6,5,6,152,2127
2,5,5,6,152,2127
1,4,5,6,152,2127
1,6,5,6,152,2127
0,3,5,6,152,2127
0,7,5,6,152,2127
4,5,5,6,152,2127
3,4,5,6,152,2127
3,6,5,6,152,2127
2,3,5,6,152,2127
2,7,5,6,152,2127
1,2,5,6,152,2127
1,8,5,6,152,2127
6,5,5,6,152,2127
5,4,5,6,152,2127
5,6,5,6,152,2127
4,3,5,6,152,2127
4,7,5,6,152,2127
3,2,5,6,152,2127
3,8,5,6,152,2127
2,1,5,6,152,2127
2,9,5,6,152,2127
0,6,5,6,153,1646
1,6,5,6,153,1646
0,5,5,6,153,1646
0,7,5,6,153,1646
3,6,5,6,153,1646
2,5,5,6,153,1646
2,7,5,6,153,1646
1,4,5,6,153,1646
1,8,5,6,153,1646
5,6,5,6,153,1646
4,5,5,6,153,1646
4,7,5,6,153,1646
3,4,5,6,153,1646
3,8,5,6,153,1646
2,3,5,6,153,1646
2,9,5,6,153,1646
0,7,3,6,154,1138
2,7,3,6,154,1138
1,6,3,6,154,1138
1,8,3,6,154,1138
4,7,3,6,154,1138
3,6,3,6,154,1138
3,8,3,6,154,1138
2,5,3,6,154,1138
2,9,3,6,154,1138
1,8,1,8,43,588
3,8,1,8,43,588
2,7,1,8,43,588
2,9,1,8,43,588
0,1,7,2,155,4105
1,1,7,2,155,4105
0,0,7,2,155,4105
0,2,7,2,155,4105
2,1,7,2,155,4105
1,0,7,2,155,4105
1,2,7,2,155,4105
0,3,7,2,155,4105
3,1,7,2,155,4105
2,0,7,2,155,4105
2,2,7,2,155,4105
1,3,7,2,155,4105
0,4,7,2,155,4105
4,1,7,2,155,4105
3,0,7,2,155,4105
3,2,7,2,155,4105
2,3,7,2,155,4105
1,4,7,2,155,4105
0,5,7,2,155,4105
5,1,7,2,155,4105
4,0,7,2,155,4105
4,2,7,2,155,4105
3,3,7,2,155,4105
2,4,7,2,155,4105
1,5,7,2,155,4105
0,6,7,2,155,4105
6,1,7,2,155,4105
5,0,7,2,155,4105
5,2,7,2,155,4105
4,3,7,2,155,4105
3,4,7,2,155,4105
2,5,7,2,155,4105
1,6,7,2,155,4105
0,7,7,2,155,4105
7,1,7,2,155,4105
6,0,7,2,155,4105
6,2,7,2,155,4105
5,3,7,2,155,4105
4,4,7,2,155,4105
3,5,7,2,155,4105
2,6,7,2,155,4105
1,7,7,2,155,4105
0,8,7,2,155,4105
8,1,7,2,155,4105
7,0,7,2,155,4105
7,2,7,2,155,4105
6,3,7,2,155,4105
5,4,7,2,155,4105
4,5,7,2,155,4105
3,6,7,2,155,4105
2,7,7,2,155,4105
1,8,7,2,155,4105
0,9,7,2,155,4105
9,1,7,2,155,4105
9,0,7,2,155,4105
9,2,7,2,155,4105
8,0,7,2,155,4105
8,3,7,2,155,4105
7,4,7,2,155,4105
6,5,7,2,155,4105
5,6,7,2,155,4105
4,7,7,2,155,4105
3,8,7,2,155,4105
2,9,7,2,155,4105
1,9,7,2,155,4105
0,2,6,1,156,3752
1,2,6,1,156,3752
0,1,6,1,156,3752
0,3,6,1,156,3752
2,2,6,1,156,3752
1,1,6,1,156,3752
1,3,6,1,156,3752
0,0,6,1,156,3752
0,4,6,1,156,3752
3,2,6,1,156,3752
2,1,6,1,156,3752
2,3,6,1,156,3752
1,0,6,1,156,3752
1,4,6,1,156,3752
0,5,6,1,156,3752
4,2,6,1,156,3752
3,1,6,1,156,3752
3,3,6,1,156,3752
2,0,6,1,156,3752
2,4,6,1,156,3752
1,5,6,1,156,3752
0,6,6,1,156,3752
5,2,6,1,156,3752
4,1,6,1,156,3752
4,3,6,1,156,3752
3,0,6,1,156,3752
3,4,6,1,156,3752
2,5,6,1,156,3752
1,6,6,1,156,3752
0,7,6,1,156,3752
6,2,6,1,156,3752
5,1,6,1,156,3752
5,3,6,1,156,3752
4,0,6,1,156,3752
4,4,6,1,156,3752
3,5,6,1,156,3752
2,6,6,1,156,3752
1,7,6,1,156,3752
0,8,6,1,156,3752
7,2,6,1,156,3752
6,1,6,1,156,3752
6,3,6,1,156,3752
5,0,6,1,156,3752
5,4,6,1,156,3752
4,5,6,1,156,3752
3,6,6,1,156,3752
2,7,6,1,156,3752
1,8,6,1,156,3752
0,9,6,1,156,3752
9,2,6,1,156,3752
8,1,6,1,156,3752
8,3,6,1,156,3752
7,0,6,1,156,3752
7,4,6,1,156,3752
6,0,6,1,156,3752
6,5,6,1,156,3752
5,6,6,1,156,3752
4,7,6,1,156,3752
3,8,6,1,156,3752
2,9,6,1,156,3752
1,9,6,1,156,3752
0,3,5,6,157,3381
1,3,5,6,157,3381
0,2,5,6,157,3381
0,4,5,6,157,3381
2,3,5,6,157,3381
1,2,5,6,157,3381
1,4,5,6,157,3381
0,1,5,6,157,3381
0,5,5,6,157,3381
3,3,5,6,157,3381
2,2,5,6,157,3381
2,4,5,6,157,3381
1,1,5,6,157,3381
1,5,5,6,157,3381
0,0,5,6,157,3381
0,6,5,6,157,3381
4,3,5,6,157,3381
3,2,5,6,157,3381
3,4,5,6,157,3381
2,1,5,6,157,3381
2,5,5,6,157,3381
1,0,5,6,157,3381
1,6,5,6,157,3381
0,7,5,6,157,3381
5,3,5,6,157,3381
4,2,5,6,157,3381
4,4,5,6,157,3381
3,1,5,6,157,3381
3,5,5,6,157,3381
2,0,5,6,157,3381
2,6,5,6,157,3381
1,7,5,6,157,3381
0,8,5,6,157,3381
6,3,5,6,157,3381
5,2,5,6,157,3381
5,4,5,6,157,3381
4,1,5,6,157,3381
4,5,5,6,157,3381
3,0,5,6,157,3381
3,6,5,6,157,3381
2,7,5,6,157,3381
1,8,5,6,157,3381
0,9,5,6,157,3381
8,3,5,6,157,3381
7,2,5,6,157,3381
7,4,5,6,157,3381
6,1,5,6,157,3381
6,5,5,6,157,3381
5,0,5,6,157,3381
5,6,5,6,157,3381
4,0,5,6,157,3381
4,7,5,6,157,3381
3,8,5,6,157,3381
2,9,5,6,157,3381
1,9,5,6,157,3381
0,4,5,6,158,2991
1,4,5,6,158,2991
0,3,5,6,158,2991
0,5,5,6,158,2991
2,4,5,6,158,2991
1,3,5,6,158,2991
1,5,5,6,158,2991
0,2,5,6,158,2991
0,6,5,6,158,2991
3,4,5,6,158,2991
2,3,5,6,158,2991
2,5,5,6,158,2991
1,2,5,6,158,2991
1,6,5,6,158,2991
0,1,5,6,158,2991
0,7,5,6,158,2991
4,4,5,6,158,2991
3,3,5,6,158,2991
3,5,5,6,158,2991
2,2,5,6,158,2991
2,6,5,6,158,2991
1,1,5,6,158,2991
1,7,5,6,158,2991
0,0,5,6,158,2991
0,8,5,6,158,2991
5,4,5,6,158,2991
4,3,5,6,158,2991
4,5,5,6,158,2991
3,2,5,6,158,2991
3,6,5,6,158,2991
2,1,5,6,158,2991
2,7,5,6,158,2991
1,0,5,6,158,2991
1,8,5,6,158,2991
0,9,5,6,158,2991
7,4,5,6,158,2991
6,3,5,6,158,2991
6,5,5,6,158,2991
5,2,5,6,158,2991
5,6,5,6,158,2991
4,1,5,6,158,2991
4,7,5,6,158,2991
3,0,5,6,158,2991
3,8,5,6,158,2991
2,0,5,6,158,2991
2,9,5,6,158,2991
1,9,5,6,158,2991
0,5,5,6,159,2571
1,5,5,6,159,2571
0,4,5,6,159,2571
0,6,5,6,159,2571
2,5,5,6,159,2571
1,4,5,6,159,2571
1,6,5,6,159,2571
0,3,5,6,159,2571
0,7,5,6,159,2571
3,5,5,6,159,2571
2,4,5,6,159,2571
2,6,5,6,159,2571
1,3,5,6,159,2571
1,7,5,6,159,2571
0,2,5,6,159,2571
0,8,5,6,159,2571
4,5,5,6,159,2571
3,4,5,6,159,2571
3,6,5,6,159,2571
2,3,5,6,159,2571
2,7,5,6,159,2571
1,2,5,6,159,2571
1,8,5,6,159,2571
0,1,5,6,159,2571
0,9,5,6,159,2571
6,5,5,6,159,2571
5,4,5,6,159,2571
5,6,5,6,159,2571
4,3,5,6,159,2571
4,7,5,6,159,2571
3,2,5,6,159,2571
3,8,5,6,159,2571
2,1,5,6,159,2571
2,9,5,6,159,2571
1,0,5,6,159,2571
1,9,5,6,159,2571
0,6,5,6,160,2122
1,6,5,6,160,2122
0,5,5,6,160,2122
0,7,5,6,160,2122
2,6,5,6,160,2122
1,5,5,6,160,2122
1,7,5,6,160,2122
0,4,5,6,160,2122
0,8,5,6,160,2122
3,6,5,6,160,2122
2,5,5,6,160,2122
2,7,5,6,160,2122
1,4,5,6,160,2122
1,8,5,6,160,2122
0,3,5,6,160,2122
0,9,5,6,160,2122
5,6,5,6,160,2122
4,5,5,6,160,2122
4,7,5,6,160,2122
3,4,5,6,160,2122
3,8,5,6,160,2122
2,3,5,6,160,2122
2,9,5,6,160,2122
1,2,5,6,160,2122
1,9,5,6,160,2122
0,7,3,6,161,1650
1,7,3,6,161,1650
0,6,3,6,161,1650
0,8,3,6,161,1650
2,7,3,6,161,1650
1,6,3,6,161,1650
1,8,3,6,161,1650
0,5,3,6,161,1650
0,9,3,6,161,1650
4,7,3,6,161,1650
3,6,3,6,161,1650
3,8,3,6,161,1650
2,5,3,6,161,1650
2,9,3,6,161,1650
1,4,3,6,161,1650
1,9,3,6,161,1650
0,8,1,6,162,1136
1,8,1,6,162,1136
0,7,1,6,162,1136
0,9,1,6,162,1136
3,8,1,6,162,1136
2,7,1,6,162,1136
2,9,1,6,162,1136
1,6,1,6,162,1136
1,9,1,6,162,1136
0,9,1,8,163,588
2,9,1,8,163,588
1,8,1,8,163,588
1,9,1,8,163,588
0,3,5,6,164,3767
1,3,5,6,164,3767
0,2,5,6,164,3767
0,4,5,6,164,3767
2,3,5,6,164,3767
1,2,5,6,164,3767
1,4,5,6,164,3767
0,1,5,6,164,3767
0,5,5,6,164,3767
3,3,5,6,164,3767
2,2,5,6,164,3767
2,4,5,6,164,3767
1,1,5,6,164,3767
1,5,5,6,164,3767
0,0,5,6,164,3767
0,6,5,6,164,3767
4,3,5,6,164,3767
3,2,5,6,164,3767
3,4,5,6,164,3767
2,1,5,6,164,3767
2,5,5,6,164,3767
1,0,5,6,164,3767
1,6,5,6,164,3767
0,7,5,6,164,3767
5,3,5,6,164,3767
4,2,5,6,164,3767
4,4,5,6,164,3767
3,1,5,6,164,3767
3,5,5,6,164,3767
2,0,5,6,164,3767
2,6,5,6,164,3767
1,7,5,6,164,3767
0,8,5,6,164,3767
6,3,5,6,164,3767
5,2,5,6,164,3767
5,4,5,6,164,3767
4,1,5,6,164,3767
4,5,5,6,164,3767
3,0,5,6,164,3767
3,6,5,6,164,3767
2,7,5,6,164,3767
1,8,5,6,164,3767
0,9,5,6,164,3767
7,3,5,6,164,3767
6,2,5,6,164,3767
6,4,5,6,164,3767
5,1,5,6,164,3767
5,5,5,6,164,3767
4,0,5,6,164,3767
4,6,5,6,164,3767
3,7,5,6,164,3767
2,8,5,6,164,3767
1,9,5,6,164,3767
8,3,5,6,164,3767
7,2,5,6,164,3767
7,4,5,6,164,3767
6,1,5,6,164,3767
6,5,5,6,164,3767
5,0,5,6,164,3767
5,6,5,6,164,3767
4,7,5,6,164,3767
3,8,5,6,164,3767
2,9,5,6,164,3767
0,4,5,6,165,3393
1,4,5,6,165,3393
0,3,5,6,165,3393
0,5,5,6,165,3393
2,4,5,6,165,3393
1,3,5,6,165,3393
1,5,5,6,165,3393
0,2,5,6,165,3393
0,6,5,6,165,3393
3,4,5,6,165,3393
2,3,5,6,165,3393
2,5,5,6,165,3393
1,2,5,6,165,3393
1,6,5,6,165,3393
0,1,5,6,165,3393
0,7,5,6,165,3393
4,4,5,6,165,3393
3,3,5,6,165,3393
3,5,5,6,165,3393
2,2,5,6,165,3393
2,6,5,6,165,3393
1,1,5,6,165,3393
1,7,5,6,165,3393
0,0,5,6,165,3393
0,8,5,6,165,3393
5,4,5,6,165,3393
4,3,5,6,165,3393
4,5,5,6,165,3393
3,2,5,6,165,3393
3,6,5,6,165,3393
2,1,5,6,165,3393
2,7,5,6,165,3393
1,0,5,6,165,3393
1,8,5,6,165,3393
0,9,5,6,165,3393
6,4,5,6,165,3393
5,3,5,6,165,3393
5,5,5,6,165,3393
4,2,5,6,165,3393
4,6,5,6,165,3393
3,1,5,6,165,3393
3,7,5,6,165,3393
2,0,5,6,165,3393
2,8,5,6,165,3393
1,9,5,6,165,3393
7,4,5,6,165,3393
6,3,5,6,165,3393
6,5,5,6,165,3393
5,2,5,6,165,3393
5,6,5,6,165,3393
4,1,5,6,165,3393
4,7,5,6,165,3393
3,0,5,6,165,3393
3,8,5,6,165,3393
2,9,5,6,165,3393
0,5,5,6,166,2992
1,5,5,6,166,2992
0,4,5,6,166,2992
0,6,5,6,166,2992
2,5,5,6,166,2992
1,4,5,6,166,2992
1,6,5,6,166,2992
0,3,5,6,166,2992
0,7,5,6,166,2992
3,5,5,6,166,2992
2,4,5,6,166,2992
2,6,5,6,166,2992
1,3,5,6,166,2992
1,7,5,6,166,2992
0,2,5,6,166,2992
0,8,5,6,166,2992
4,5,5,6,166,2992
3,4,5,6,166,2992
3,6,5,6,166,2992
2,3,5,6,166,2992
2,7,5,6,166,2992
1,2,5,6,166,2992
1,8,5,6,166,2992
0,1,5,6,166,2992
0,9,5,6,166,2992
5,5,5,6,166,2992
4,4,5,6,166,2992
4,6,5,6,166,2992
3,3,5,6,166,2992
3,7,5,6,166,2992
2,2,5,6,166,2992
2,8,5,6,166,2992
1,1,5,6,166,2992
1,9,5,6,166,2992
0,0,5,6,166,2992
6,5,5,6,166,2992
5,4,5,6,166,2992
5,6,5,6,166,2992
4,3,5,6,166,2992
4,7,5,6,166,2992
3,2,5,6,166,2992
3,8,5,6,166,2992
2,1,5,6,166,2992
2,9,5,6,166,2992
1,0,5,6,166,2992
0,6,5,6,167,2572
1,6,5,6,167,2572
0,5,5,6,167,2572
0,7,5,6,167,2572
2,6,5,6,167,2572
1,5,5,6,167,2572
1,7,5,6,167,2572
0,4,5,6,167,2572
0,8,5,6,167,2572
3,6,5,6,167,2572
2,5,5,6,167,2572
2,7,5,6,167,2572
1,4,5,6,167,2572
1,8,5,6,167,2572
0,3,5,6,167,2572
0,9,5,6,167,2572
4,6,5,6,167,2572
3,5,5,6,167,2572
3,7,5,6,167,2572
2,4,5,6,167,2572
2,8,5,6,167,2572
1,3,5,6,167,2572
1,9,5,6,167,2572
0,2,5,6,167,2572
5,6,5,6,167,2572
4,5,5,6,167,2572
4,7,5,6,167,2572
3,4,5,6,167,2572
3,8,5,6,167,2572
2,3,5,6,167,2572
2,9,5,6,167,2572
1,2,5,6,167,2572
0,1,5,6,167,2572
0,8,1,6,168,1650
1,8,1,6,168,1650
0,7,1,6,168,1650
0,9,1,6,168,1650
2,8,1,6,168,1650
1,7,1,6,168,1650
1,9,1,6,168,1650
0,6,1,6,168,1650
3,8,1,6,168,1650
2,7,1,6,168,1650
2,9,1,6,168,1650
1,6,1,6,168,1650
0,5,1,6,168,1650
0,9,1,8,169,1137
1,9,1,8,169,1137
0,8,1,8,169,1137
2,9,1,8,169,1137
1,8,1,8,169,1137
0,7,1,8,169,1137
0,0,7,4,170,4440
1,0,7,4,170,4440
0,1,7,4,170,4440
2,0,7,4,170,4440
1,1,7,4,170,4440
0,2,7,4,170,4440
3,0,7,4,170,4440
2,1,7,4,170,4440
1,2,7,4,170,4440
0,3,7,4,170,4440
4,0,7,4,170,4440
3,1,7,4,170,4440
2,2,7,4,170,4440
1,3,7,4,170,4440
0,4,7,4,170,4440
5,0,7,4,170,4440
4,1,7,4,170,4440
3,2,7,4,170,4440
2,3,7,4,170,4440
1,4,7,4,170,4440
0,5,7,4,170,4440
6,0,7,4,170,4440
5,1,7,4,170,4440
4,2,7,4,170,4440
3,3,7,4,170,4440
2,4,7,4,170,4440
1,5,7,4,170,4440
0,6,7,4,170,4440
7,0,7,4,170,4440
6,1,7,4,170,4440
5,2,7,4,170,4440
4,3,7,4,170,4440
3,4,7,4,170,4440
2,5,7,4,170,4440
1,6,7,4,170,4440
0,7,7,4,170,4440
8,0,7,4,170,4440
7,1,7,4,170,4440
6,2,7,4,170,4440
5,3,7,4,170,4440
4,4,7,4,170,4440
3,5,7,4,170,4440
2,6,7,4,170,4440
1,7,7,4,170,4440
0,8,7,4,170,4440
9,0,7,4,170,4440
8,1,7,4,170,4440
7,2,7,4,170,4440
6,3,7,4,170,4440
5,4,7,4,170,4440
4,5,7,4,170,4440
3,6,7,4,170,4440
2,7,7,4,170,4440
1,8,7,4,170,4440
0,9,7,4,170,4440
9,1,7,4,170,4440
9,2,7,4,170,4440
8,2,7,4,170,4440
8,3,7,4,170,4440
7,3,7,4,170,4440
7,4,7,4,170,4440
6,4,7,4,170,4440
6,5,7,4,170,4440
5,5,7,4,170,4440
5,6,7,4,170,4440
4,6,7,4,170,4440
4,7,7,4,170,4440
3,7,7,4,170,4440
3,8,7,4,170,4440
2,8,7,4,170,4440
2,9,7,4,170,4440
1,9,7,4,170,4440
0,0,6,4,171,4439
1,0,6,4,171,4439
0,1,6,4,171,4439
2,0,6,4,171,4439
1,1,6,4,171,4439
0,2,6,4,171,4439
3,0,6,4,171,4439
2,1,6,4,171,4439
1,2,6,4,171,4439
0,3,6,4,171,4439
4,0,6,4,171,4439
3,1,6,4,171,4439
2,2,6,4,171,4439
1,3,6,4,171,4439
0,4,6,4,171,4439
5,0,6,4,171,4439
4,1,6,4,171,4439
3,2,6,4,171,4439
2,3,6,4,171,4439
1,4,6,4,171,4439
0,5,6,4,171,4439
6,0,6,4,171,4439
5,1,6,4,171,4439
4,2,6,4,171,4439
3,3,6,4,171,4439
2,4,6,4,171,4439
1,5,6,4,171,4439
0,6,6,4,171,4439
7,0,6,4,171,4439
6,1,6,4,171,4439
5,2,6,4,171,4439
4,3,6,4,171,4439
3,4,6,4,171,4439
2,5,6,4,171,4439
1,6,6,4,171,4439
0,7,6,4,171,4439
8,0,6,4,171,4439
7,1,6,4,171,4439
6,2,6,4,171,4439
5,3,6,4,171,4439
4,4,6,4,171,4439
3,5,6,4,171,4439
2,6,6,4,171,4439
1,7,6,4,171,4439
0,8,6,4,171,4439
9,0,6,4,171,4439
9,1,6,4,171,4439
8,1,6,4,171,4439
8,2,6,4,171,4439
7,2,6,4,171,4439
7,3,6,4,171,4439
6,3,6,4,171,4439
6,4,6,4,171,4439
5,4,6,4,171,4439
5,5,6,4,171,4439
4,5,6,4,171,4439
4,6,6,4,171,4439
3,6,6,4,171,4439
3,7,6,4,171,4439
2,7,6,4,171,4439
2,8,6,4,171,4439
1,8,6,4,171,4439
1,9,6,4,171,4439
9,2,6,4,171,4439
9,2,9,2,0,0
9,3,6,4,171,4439
8,3,6,4,171,4439
8,3,8,3,0,0
8,4,6,4,171,4439
7,4,6,4,171,4439
7,4,7,4,0,0
7,5,6,4,171,4439
6,5,6,4,171,4439
6,5,6,5,0,0
6,6,6,4,171,4439
5,6,6,4,171,4439
5,6,5,6,0,0
5,7,6,4,171,4439
4,7,6,4,171,4439
4,7,4,7,0,0
4,8,6,4,171,4439
3,8,6,4,171,4439
3,8,3,8,0,0
3,9,6,4,171,4439
2,9,6,4,171,4439
2,9,2,9,0,0
0,0,6,4,172,4114
1,0,6,4,172,4114
0,1,6,4,172,4114
2,0,6,4,172,4114
1,1,6,4,172,4114
0,2,6,4,172,4114
3,0,6,4,172,4114
2,1,6,4,172,4114
1,2,6,4,172,4114
0,3,6,4,172,4114
4,0,6,4,172,4114
3,1,6,4,172,4114
2,2,6,4,172,4114
1,3,6,4,172,4114
0,4,6,4,172,4114
5,0,6,4,172,4114
4,1,6,4,172,4114
3,2,6,4,172,4114
2,3,6,4,172,4114
1,4,6,4,172,4114
0,5,6,4,172,4114
6,0,6,4,172,4114
5,1,6,4,172,4114
4,2,6,4,172,4114
3,3,6,4,172,4114
2,4,6,4,172,4114
1,5,6,4,172,4114
0,6,6,4,172,4114
8,0,6,4,172,4114
7,0,6,4,172,4114
7,1,6,4,172,4114
6,1,6,4,172,4114
6,2,6,4,172,4114
5,2,6,4,172,4114
5,3,6,4,172,4114
4,3,6,4,172,4114
4,4,6,4,172,4114
3,4,6,4,172,4114
3,5,6,4,172,4114
2,5,6,4,172,4114
2,6,6,4,172,4114
1,6,6,4,172,4114
1,7,6,4,172,4114
9,0,6,4,172,4114
9,1,6,4,172,4114
8,1,6,4,172,4114
8,2,6,4,172,4114
7,2,6,4,172,4114
7,3,6,4,172,4114
6,3,6,4,172,4114
6,4,6,4,172,4114
5,4,6,4,172,4114
5,5,6,4,172,4114
4,5,6,4,172,4114
4,6,6,4,172,4114
3,6,6,4,172,4114
3,7,6,4,172,4114
2,7,6,4,172,4114
2,8,6,4,172,4114
9,2,6,4,172,4114
9,3,6,4,172,4114
8,3,6,4,172,4114
8,4,6,4,172,4114
7,4,6,4,172,4114
7,5,6,4,172,4114
6,5,6,4,172,4114
6,6,6,4,172,4114
5,6,6,4,172,4114
5,7,6,4,172,4114
4,7,6,4,172,4114
4,8,6,4,172,4114
3,8,6,4,172,4114
3,9,6,4,172,4114
0,0,6,4,173,3767
1,0,6,4,173,3767
0,1,6,4,173,3767
2,0,6,4,173,3767
1,1,6,4,173,3767
0,2,6,4,173,3767
3,0,6,4,173,3767
2,1,6,4,173,3767
1,2,6,4,173,3767
0,3,6,4,173,3767
4,0,6,4,173,3767
3,1,6,4,173,3767
2,2,6,4,173,3767
1,3,6,4,173,3767
0,4,6,4,173,3767
6,0,6,4,173,3767
5,0,6,4,173,3767
5,1,6,4,173,3767
4,1,6,4,173,3767
4,2,6,4,173,3767
3,2,6,4,173,3767
3,3,6,4,173,3767
2,3,6,4,173,3767
2,4,6,4,173,3767
1,4,6,4,173,3767
1,5,6,4,173,3767
8,0,6,4,173,3767
7,0,6,4,173,3767
7,1,6,4,173,3767
6,1,6,4,173,3767
6,2,6,4,173,3767
5,2,6,4,173,3767
5,3,6,4,173,3767
4,3,6,4,173,3767
4,4,6,4,173,3767
3,4,6,4,173,3767
3,5,6,4,173,3767
2,5,6,4,173,3767
2,6,6,4,173,3767
9,0,6,4,173,3767
9,1,6,4,173,3767
8,1,6,4,173,3767
8,2,6,4,173,3767
7,2,6,4,173,3767
7,3,6,4,173,3767
6,3,6,4,173,3767
6,4,6,4,173,3767
5,4,6,4,173,3767
5,5,6,4,173,3767
4,5,6,4,173,3767
4,6,6,4,173,3767
3,6,6,4,173,3767
3,7,6,4,173,3767
9,2,6,4,173,3767
9,3,6,4,173,3767
8,3,6,4,173,3767
8,4,6,4,173,3767
7,4,6,4,173,3767
7,5,6,4,173,3767
6,5,6,4,173,3767
6,6,6,4,173,3767
5,6,6,4,173,3767
5,7,6,4,173,3767
4,7,6,4,173,3767
4,8,6,4,173,3767
0,0,6,4,174,3395
1,0,6,4,174,3395
0,1,6,4,174,3395
2,0,6,4,174,3395
1,1,6,4,174,3395
0,2,6,4,174,3395
4,0,6,4,174,3395
3,0,6,4,174,3395
3,1,6,4,174,3395
2,1,6,4,174,3395
2,2,6,4,174,3395
1,2,6,4,174,3395
1,3,6,4,174,3395
6,0,6,4,174,3395
5,0,6,4,174,3395
5,1,6,4,174,3395
4,1,6,4,174,3395
4,2,6,4,174,3395
3,2,6,4,174,3395
3,3,6,4,174,3395
2,3,6,4,174,3395
2,4,6,4,174,3395
8,0,6,4,174,3395
7,0,6,4,174,3395
7,1,6,4,174,3395
6,1,6,4,174,3395
6,2,6,4,174,3395
5,2,6,4,174,3395
5,3,6,4,174,3395
4,3,6,4,174,3395
4,4,6,4,174,3395
3,4,6,4,174,3395
3,5,6,4,174,3395
9,0,6,4,174,3395
9,1,6,4,174,3395
8,1,6,4,174,3395
8,2,6,4,174,3395
7,2,6,4,174,3395
7,3,6,4,174,3395
6,3,6,4,174,3395
6,4,6,4,174,3395
5,4,6,4,174,3395
5,5,6,4,174,3395
4,5,6,4,174,3395
4,6,6,4,174,3395
9,2,6,4,174,3395
9,3,6,4,174,3395
8,3,6,4,174,3395
8,4,6,4,174,3395
7,4,6,4,174,3395
7,5,6,4,174,3395
6,5,6,4,174,3395
6,6,6,4,174,3395
5,6,6,4,174,3395
5,7,6,4,174,3395
0,0,6,4,175,2995
2,0,6,4,175,2995
1,0,6,4,175,2995
1,1,6,4,175,2995
4,0,6,4,175,2995
3,0,6,4,175,2995
3,1,6,4,175,2995
2,1,6,4,175,2995
2,2,6,4,175,2995
6,0,6,4,175,2995
5,0,6,4,175,2995
5,1,6,4,175,2995
4,1,6,4,175,2995
4,2,6,4,175,2995
3,2,6,4,175,2995
3,3,6,4,175,2995
8,0,6,4,175,2995
7,0,6,4,175,2995
7,1,6,4,175,2995
6,1,6,4,175,2995
6,2,6,4,175,2995
5,2,6,4,175,2995
5,3,6,4,175,2995
4,3,6,4,175,2995
4,4,6,4,175,2995
9,0,6,4,175,2995
9,1,6,4,175,2995
8,1,6,4,175,2995
8,2,6,4,175,2995
7,2,6,4,175,2995
7,3,6,4,175,2995
6,3,6,4,175,2995
6,4,6,4,175,2995
5,4,6,4,175,2995
5,5,6,4,175,2995
9,2,6,4,175,2995
9,3,6,4,175,2995
8,3,6,4,175,2995
8,4,6,4,175,2995
7,4,6,4,175,2995
7,5,6,4,175,2995
6,5,6,4,175,2995
6,6,6,4,175,2995
2,0,7,3,176,2584
4,0,7,3,176,2584
3,0,7,3,176,2584
3,1,7,3,176,2584
6,0,7,3,176,2584
5,0,7,3,176,2584
5,1,7,3,176,2584
4,1,7,3,176,2584
4,2,7,3,176,2584
8,0,7,3,176,2584
7,0,7,3,176,2584
7,1,7,3,176,2584
6,1,7,3,176,2584
6,2,7,3,176,2584
5,2,7,3,176,2584
5,3,7,3,176,2584
9,0,7,3,176,2584
9,1,7,3,176,2584
8,1,7,3,176,2584
8,2,7,3,176,2584
7,2,7,3,176,2584
7,3,7,3,176,2584
6,3,7,3,176,2584
6,4,7,3,176,2584
9,2,7,3,176,2584
9,3,7,3,176,2584
8,3,7,3,176,2584
8,4,7,3,176,2584
7,4,7,3,176,2584
7,5,7,3,176,2584
4,0,6,2,177,2137
6,0,6,2,177,2137
5,0,6,2,177,2137
5,1,6,2,177,2137
8,0,6,2,177,2137
7,0,6,2,177,2137
7,1,6,2,177,2137
6,1,6,2,177,2137
6,2,6,2,177,2137
9,0,6,2,177,2137
9,1,6,2,177,2137
8,1,6,2,177,2137
8,2,6,2,177,2137
7,2,6,2,177,2137
7,3,6,2,177,2137
9,2,6,2,177,2137
9,3,6,2,177,2137
8,3,6,2,177,2137
8,4,6,2,177,2137
6,0,6,0,178,1644
8,0,6,0,178,1644
7,0,6,0,178,1644
7,1,6,0,178,1644
9,0,6,0,178,1644
9,1,6,0,178,1644
8,1,6,0,178,1644
8,2,6,0,178,1644
9,2,6,0,178,1644
9,3,6,0,178,1644
7,1,7,1,179,1138
9,1,7,1,179,1138
8,0,7,1,179,1138
8,2,7,1,179,1138
8,1,7,1,179,1138
9,0,7,1,179,1138
9,2,7,1,179,1138
9,3,7,1,179,1138
5,1,7,3,180,1650
7,1,7,3,180,1650
6,0,7,3,180,1650
6,2,7,3,180,1650
9,1,7,3,180,1650
8,0,7,3,180,1650
8,2,7,3,180,1650
7,0,7,3,180,1650
7,3,7,3,180,1650
8,1,7,3,180,1650
9,0,7,3,180,1650
9,2,7,3,180,1650
9,3,7,3,180,1650
8,4,7,3,180,1650
6,2,7,3,181,1138
8,2,7,3,181,1138
7,1,7,3,181,1138
7,3,7,3,181,1138
9,2,7,3,181,1138
9,1,7,3,181,1138
9,3,7,3,181,1138
8,0,7,3,181,1138
8,4,7,3,181,1138
3,1,6,4,182,2127
5,1,6,4,182,2127
4,0,6,4,182,2127
4,2,6,4,182,2127
7,1,6,4,182,2127
6,0,6,4,182,2127
6,2,6,4,182,2127
5,0,6,4,182,2127
5,3,6,4,182,2127
9,1,6,4,182,2127
8,0,6,4,182,2127
8,2,6,4,182,2127
7,0,6,4,182,2127
7,3,6,4,182,2127
6,1,6,4,182,2127
6,4,6,4,182,2127
8,1,6,4,182,2127
9,0,6,4,182,2127
9,2,6,4,182,2127
9,3,6,4,182,2127
8,4,6,4,182,2127
7,2,6,4,182,2127
7,5,6,4,182,2127
4,2,6,4,183,1650
6,2,6,4,183,1650
5,1,6,4,183,1650
5,3,6,4,183,1650
8,2,6,4,183,1650
7,1,6,4,183,1650
7,3,6,4,183,1650
6,0,6,4,183,1650
6,4,6,4,183,1650
9,2,6,4,183,1650
9,1,6,4,183,1650
9,3,6,4,183,1650
8,0,6,4,183,1650
8,4,6,4,183,1650
7,0,6,4,183,1650
7,5,6,4,183,1650
5,3,6,4,62,1138
7,3,6,4,62,1138
6,2,6,4,62,1138
6,4,6,4,62,1138
9,3,6,4,62,1138
8,2,6,4,62,1138
8,4,6,4,62,1138
7,1,6,4,62,1138
7,5,6,4,62,1138
1,1,6,4,184,2574
3,1,6,4,184,2574
2,0,6,4,184,2574
2,2,6,4,184,2574
5,1,6,4,184,2574
4,0,6,4,184,2574
4,2,6,4,184,2574
3,0,6,4,184,2574
3,3,6,4,184,2574
7,1,6,4,184,2574
6,0,6,4,184,2574
6,2,6,4,184,2574
5,0,6,4,184,2574
5,3,6,4,184,2574
4,1,6,4,184,2574
4,4,6,4,184,2574
9,1,6,4,184,2574
8,0,6,4,184,2574
8,2,6,4,184,2574
7,0,6,4,184,2574
7,3,6,4,184,2574
6,1,6,4,184,2574
6,4,6,4,184,2574
5,2,6,4,184,2574
5,5,6,4,184,2574
8,1,6,4,184,2574
9,0,6,4,184,2574
9,2,6,4,184,2574
9,3,6,4,184,2574
8,4,6,4,184,2574
7,2,6,4,184,2574
7,5,6,4,184,2574
6,3,6,4,184,2574
6,6,6,4,184,2574
2,2,6,4,185,2128
4,2,6,4,185,2128
3,1,6,4,185,2128
3,3,6,4,185,2128
6,2,6,4,185,2128
5,1,6,4,185,2128
5,3,6,4,185,2128
4,0,6,4,185,2128
4,4,6,4,185,2128
8,2,6,4,185,2128
7,1,6,4,185,2128
7,3,6,4,185,2128
6,0,6,4,185,2128
6,4,6,4,185,2128
5,0,6,4,185,2128
5,5,6,4,185,2128
9,2,6,4,185,2128
9,1,6,4,185,2128
9,3,6,4,185,2128
8,0,6,4,185,2128
8,4,6,4,185,2128
7,0,6,4,185,2128
7,5,6,4,185,2128
6,1,6,4,185,2128
6,6,6,4,185,2128
3,3,6,6,111,1646
5,3,6,6,111,1646
4,2,6,6,111,1646
4,4,6,6,111,1646
7,3,6,6,111,1646
6,2,6,6,111,1646
6,4,6,6,111,1646
5,1,6,6,111,1646
5,5,6,6,111,1646
9,3,6,6,111,1646
8,2,6,6,111,1646
8,4,6,6,111,1646
7,1,6,6,111,1646
7,5,6,6,111,1646
6,0,6,6,111,1646
6,6,6,6,111,1646
4,4,6,6,82,1136
6,4,6,6,82,1136
5,3,6,6,82,1136
5,5,6,6,82,1136
8,4,6,6,82,1136
7,3,6,6,82,1136
7,5,6,6,82,1136
6,2,6,6,82,1136
6,6,6,6,82,1136
0,1,6,4,186,2992
1,1,6,4,186,2992
0,0,6,4,186,2992
0,2,6,4,186,2992
3,1,6,4,186,2992
2,0,6,4,186,2992
2,2,6,4,186,2992
1,0,6,4,186,2992
1,3,6,4,186,2992
5,1,6,4,186,2992
4,0,6,4,186,2992
4,2,6,4,186,2992
3,0,6,4,186,2992
3,3,6,4,186,2992
2,1,6,4,186,2992
2,4,6,4,186,2992
7,1,6,4,186,2992
6,0,6,4,186,2992
6,2,6,4,186,2992
5,0,6,4,186,2992
5,3,6,4,186,2992
4,1,6,4,186,2992
4,4,6,4,186,2992
3,2,6,4,186,2992
3,5,6,4,186,2992
9,1,6,4,186,2992
8,0,6,4,186,2992
8,2,6,4,186,2992
7,0,6,4,186,2992
7,3,6,4,186,2992
6,1,6,4,186,2992
6,4,6,4,186,2992
5,2,6,4,186,2992
5,5,6,4,186,2992
4,3,6,4,186,2992
4,6,6,4,186,2992
8,1,6,4,186,2992
9,0,6,4,186,2992
9,2,6,4,186,2992
9,3,6,4,186,2992
8,4,6,4,186,2992
7,2,6,4,186,2992
7,5,6,4,186,2992
6,3,6,4,186,2992
6,6,6,4,186,2992
5,4,6,4,186,2992
5,7,6,4,186,2992
0,2,6,4,187,2574
2,2,6,4,187,2574
1,1,6,4,187,2574
1,3,6,4,187,2574
4,2,6,4,187,2574
3,1,6,4,187,2574
3,3,6,4,187,2574
2,0,6,4,187,2574
2,4,6,4,187,2574
6,2,6,4,187,2574
5,1,6,4,187,2574
5,3,6,4,187,2574
4,0,6,4,187,2574
4,4,6,4,187,2574
3,0,6,4,187,2574
3,5,6,4,187,2574
8,2,6,4,187,2574
7,1,6,4,187,2574
7,3,6,4,187,2574
6,0,6,4,187,2574
6,4,6,4,187,2574
5,0,6,4,187,2574
5,5,6,4,187,2574
4,1,6,4,187,2574
4,6,6,4,187,2574
9,2,6,4,187,2574
9,1,6,4,187,2574
9,3,6,4,187,2574
8,0,6,4,187,2574
8,4,6,4,187,2574
7,0,6,4,187,2574
7,5,6,4,187,2574
6,1,6,4,187,2574
6,6,6,4,187,2574
5,2,6,4,187,2574
5,7,6,4,187,2574
0,3,5,7,188,2571
1,3,5,7,188,2571
0,2,5,7,188,2571
0,4,5,7,188,2571
3,3,5,7,188,2571
2,2,5,7,188,2571
2,4,5,7,188,2571
1,1,5,7,188,2571
1,5,5,7,188,2571
5,3,5,7,188,2571
4,2,5,7,188,2571
4,4,5,7,188,2571
3,1,5,7,188,2571
3,5,5,7,188,2571
2,0,5,7,188,2571
2,6,5,7,188,2571
7,3,5,7,188,2571
6,2,5,7,188,2571
6,4,5,7,188,2571
5,1,5,7,188,2571
5,5,5,7,188,2571
4,0,5,7,188,2571
4,6,5,7,188,2571
3,0,5,7,188,2571
3,7,5,7,188,2571
9,3,5,7,188,2571
8,2,5,7,188,2571
8,4,5,7,188,2571
7,1,5,7,188,2571
7,5,5,7,188,2571
6,0,5,7,188,2571
6,6,5,7,188,2571
5,0,5,7,188,2571
5,7,5,7,188,2571
4,1,5,7,188,2571
4,8,5,7,188,2571
0,4,5,7,189,2127
2,4,5,7,189,2127
1,3,5,7,189,2127
1,5,5,7,189,2127
4,4,5,7,189,2127
3,3,5,7,189,2127
3,5,5,7,189,2127
2,2,5,7,189,2127
2,6,5,7,189,2127
6,4,5,7,189,2127
5,3,5,7,189,2127
5,5,5,7,189,2127
4,2,5,7,189,2127
4,6,5,7,189,2127
3,1,5,7,189,2127
3,7,5,7,189,2127
8,4,5,7,189,2127
7,3,5,7,189,2127
7,5,5,7,189,2127
6,2,5,7,189,2127
6,6,5,7,189,2127
5,1,5,7,189,2127
5,7,5,7,189,2127
4,0,5,7,189,2127
4,8,5,7,189,2127
1,5,5,7,147,1650
3,5,5,7,147,1650
2,4,5,7,147,1650
2,6,5,7,147,1650
5,5,5,7,147,1650
4,4,5,7,147,1650
4,6,5,7,147,1650
3,3,5,7,147,1650
3,7,5,7,147,1650
7,5,5,7,147,1650
6,4,5,7,147,1650
6,6,5,7,147,1650
5,3,5,7,147,1650
5,7,5,7,147,1650
4,2,5,7,147,1650
4,8,5,7,147,1650
2,6,5,7,87,1138
4,6,5,7,87,1138
3,5,5,7,87,1138
3,7,5,7,87,1138
6,6,5,7,87,1138
5,5,5,7,87,1138
5,7,5,7,87,1138
4,4,5,7,87,1138
4,8,5,7,87,1138
0,1,7,3,190,3766
1,1,7,3,190,3766
0,0,7,3,190,3766
0,2,7,3,190,3766
2,1,7,3,190,3766
1,0,7,3,190,3766
1,2,7,3,190,3766
0,3,7,3,190,3766
3,1,7,3,190,3766
2,0,7,3,190,3766
2,2,7,3,190,3766
1,3,7,3,190,3766
0,4,7,3,190,3766
4,1,7,3,190,3766
3,0,7,3,190,3766
3,2,7,3,190,3766
2,3,7,3,190,3766
1,4,7,3,190,3766
0,5,7,3,190,3766
5,1,7,3,190,3766
4,0,7,3,190,3766
4,2,7,3,190,3766
3,3,7,3,190,3766
2,4,7,3,190,3766
1,5,7,3,190,3766
0,6,7,3,190,3766
7,1,7,3,190,3766
6,0,7,3,190,3766
6,2,7,3,190,3766
5,0,7,3,190,3766
5,3,7,3,190,3766
4,4,7,3,190,3766
3,5,7,3,190,3766
2,6,7,3,190,3766
1,7,7,3,190,3766
9,1,7,3,190,3766
8,0,7,3,190,3766
8,2,7,3,190,3766
7,0,7,3,190,3766
7,3,7,3,190,3766
6,1,7,3,190,3766
6,4,7,3,190,3766
5,2,7,3,190,3766
5,5,7,3,190,3766
4,3,7,3,190,3766
4,6,7,3,190,3766
3,4,7,3,190,3766
3,7,7,3,190,3766
2,5,7,3,190,3766
2,8,7,3,190,3766
8,1,7,3,190,3766
9,0,7,3,190,3766
9,2,7,3,190,3766
9,3,7,3,190,3766
8,4,7,3,190,3766
7,2,7,3,190,3766
7,5,7,3,190,3766
6,3,7,3,190,3766
6,6,7,3,190,3766
5,4,7,3,190,3766
5,7,7,3,190,3766
4,5,7,3,190,3766
4,8,7,3,190,3766
3,6,7,3,190,3766
3,9,7,3,190,3766
0,6,5,7,191,1650
2,6,5,7,191,1650
1,5,5,7,191,1650
1,7,5,7,191,1650
4,6,5,7,191,1650
3,5,5,7,191,1650
3,7,5,7,191,1650
2,4,5,7,191,1650
2,8,5,7,191,1650
6,6,5,7,191,1650
5,5,5,7,191,1650
5,7,5,7,191,1650
4,4,5,7,191,1650
4,8,5,7,191,1650
3,3,5,7,191,1650
3,9,5,7,191,1650
0,1,7,3,192,4110
1,1,7,3,192,4110
0,0,7,3,192,4110
0,2,7,3,192,4110
2,1,7,3,192,4110
1,0,7,3,192,4110
1,2,7,3,192,4110
0,3,7,3,192,4110
3,1,7,3,192,4110
2,0,7,3,192,4110
2,2,7,3,192,4110
1,3,7,3,192,4110
0,4,7,3,192,4110
4,1,7,3,192,4110
3,0,7,3,192,4110
3,2,7,3,192,4110
2,3,7,3,192,4110
1,4,7,3,192,4110
0,5,7,3,192,4110
5,1,7,3,192,4110
4,0,7,3,192,4110
4,2,7,3,192,4110
3,3,7,3,192,4110
2,4,7,3,192,4110
1,5,7,3,192,4110
0,6,7,3,192,4110
6,1,7,3,192,4110
5,0,7,3,192,4110
5,2,7,3,192,4110
4,3,7,3,192,4110
3,4,7,3,192,4110
2,5,7,3,192,4110
1,6,7,3,192,4110
0,7,7,3,192,4110
7,1,7,3,192,4110
6,0,7,3,192,4110
6,2,7,3,192,4110
5,3,7,3,192,4110
4,4,7,3,192,4110
3,5,7,3,192,4110
2,6,7,3,192,4110
1,7,7,3,192,4110
0,8,7,3,192,4110
9,1,7,3,192,4110
8,0,7,3,192,4110
8,2,7,3,192,4110
7,0,7,3,192,4110
7,3,7,3,192,4110
6,4,7,3,192,4110
5,5,7,3,192,4110
4,6,7,3,192,4110
3,7,7,3,192,4110
2,8,7,3,192,4110
1,9,7,3,192,4110
8,1,7,3,192,4110
9,0,7,3,192,4110
9,2,7,3,192,4110
9,3,7,3,192,4110
8,4,7,3,192,4110
7,2,7,3,192,4110
7,5,7,3,192,4110
6,3,7,3,192,4110
6,6,7,3,192,4110
5,4,7,3,192,4110
5,7,7,3,192,4110
4,5,7,3,192,4110
4,8,7,3,192,4110
3,6,7,3,192,4110
3,9,7,3,192,4110
2,7,7,3,192,4110
2,9,7,3,192,4110
0,2,6,2,193,3759
1,2,6,2,193,3759
0,1,6,2,193,3759
0,3,6,2,193,3759
2,2,6,2,193,3759
1,1,6,2,193,3759
1,3,6,2,193,3759
0,0,6,2,193,3759
0,4,6,2,193,3759
3,2,6,2,193,3759
2,1,6,2,193,3759
2,3,6,2,193,3759
1,0,6,2,193,3759
1,4,6,2,193,3759
0,5,6,2,193,3759
4,2,6,2,193,3759
3,1,6,2,193,3759
3,3,6,2,193,3759
2,0,6,2,193,3759
2,4,6,2,193,3759
1,5,6,2,193,3759
0,6,6,2,193,3759
5,2,6,2,193,3759
4,1,6,2,193,3759
4,3,6,2,193,3759
3,0,6,2,193,3759
3,4,6,2,193,3759
2,5,6,2,193,3759
1,6,6,2,193,3759
0,7,6,2,193,3759
6,2,6,2,193,3759
5,1,6,2,193,3759
5,3,6,2,193,3759
4,0,6,2,193,3759
4,4,6,2,193,3759
3,5,6,2,193,3759
2,6,6,2,193,3759
1,7,6,2,193,3759
0,8,6,2,193,3759
8,2,6,2,193,3759
7,1,6,2,193,3759
7,3,6,2,193,3759
6,0,6,2,193,3759
6,4,6,2,193,3759
5,0,6,2,193,3759
5,5,6,2,193,3759
4,6,6,2,193,3759
3,7,6,2,193,3759
2,8,6,2,193,3759
1,9,6,2,193,3759
9,2,6,2,193,3759
9,1,6,2,193,3759
9,3,6,2,193,3759
8,0,6,2,193,3759
8,4,6,2,193,3759
7,0,6,2,193,3759
7,5,6,2,193,3759
6,1,6,2,193,3759
6,6,6,2,193,3759
5,7,6,2,193,3759
4,8,6,2,193,3759
3,9,6,2,193,3759
2,9,6,2,193,3759
0,4,4,6,194,2991
1,4,4,6,194,2991
0,3,4,6,194,2991
0,5,4,6,194,2991
2,4,4,6,194,2991
1,3,4,6,194,2991
1,5,4,6,194,2991
0,2,4,6,194,2991
0,6,4,6,194,2991
3,4,4,6,194,2991
2,3,4,6,194,2991
2,5,4,6,194,2991
1,2,4,6,194,2991
1,6,4,6,194,2991
0,1,4,6,194,2991
0,7,4,6,194,2991
4,4,4,6,194,2991
3,3,4,6,194,2991
3,5,4,6,194,2991
2,2,4,6,194,2991
2,6,4,6,194,2991
1,1,4,6,194,2991
1,7,4,6,194,2991
0,0,4,6,194,2991
0,8,4,6,194,2991
6,4,4,6,194,2991
5,3,4,6,194,2991
5,5,4,6,194,2991
4,2,4,6,194,2991
4,6,4,6,194,2991
3,1,4,6,194,2991
3,7,4,6,194,2991
2,0,4,6,194,2991
2,8,4,6,194,2991
1,0,4,6,194,2991
1,9,4,6,194,2991
8,4,4,6,194,2991
7,3,4,6,194,2991
7,5,4,6,194,2991
6,2,4,6,194,2991
6,6,4,6,194,2991
5,1,4,6,194,2991
5,7,4,6,194,2991
4,0,4,6,194,2991
4,8,4,6,194,2991
3,0,4,6,194,2991
3,9,4,6,194,2991
2,1,4,6,194,2991
2,9,4,6,194,2991
0,5,5,7,195,2574
1,5,5,7,195,2574
0,4,5,7,195,2574
0,6,5,7,195,2574
2,5,5,7,195,2574
1,4,5,7,195,2574
1,6,5,7,195,2574
0,3,5,7,195,2574
0,7,5,7,195,2574
3,5,5,7,195,2574
2,4,5,7,195,2574
2,6,5,7,195,2574
1,3,5,7,195,2574
1,7,5,7,195,2574
0,2,5,7,195,2574
0,8,5,7,195,2574
5,5,5,7,195,2574
4,4,5,7,195,2574
4,6,5,7,195,2574
3,3,5,7,195,2574
3,7,5,7,195,2574
2,2,5,7,195,2574
2,8,5,7,195,2574
1,1,5,7,195,2574
1,9,5,7,195,2574
7,5,5,7,195,2574
6,4,5,7,195,2574
6,6,5,7,195,2574
5,3,5,7,195,2574
5,7,5,7,195,2574
4,2,5,7,195,2574
4,8,5,7,195,2574
3,1,5,7,195,2574
3,9,5,7,195,2574
2,0,5,7,195,2574
2,9,5,7,195,2574
0,6,5,7,196,2127
1,6,5,7,196,2127
0,5,5,7,196,2127
0,7,5,7,196,2127
2,6,5,7,196,2127
1,5,5,7,196,2127
1,7,5,7,196,2127
0,4,5,7,196,2127
0,8,5,7,196,2127
4,6,5,7,196,2127
3,5,5,7,196,2127
3,7,5,7,196,2127
2,4,5,7,196,2127
2,8,5,7,196,2127
1,3,5,7,196,2127
1,9,5,7,196,2127
6,6,5,7,196,2127
5,5,5,7,196,2127
5,7,5,7,196,2127
4,4,5,7,196,2127
4,8,5,7,196,2127
3,3,5,7,196,2127
3,9,5,7,196,2127
2,2,5,7,196,2127
2,9,5,7,196,2127
0,7,4,6,197,1650
1,7,4,6,197,1650
0,6,4,6,197,1650
0,8,4,6,197,1650
3,7,4,6,197,1650
2,6,4,6,197,1650
2,8,4,6,197,1650
1,5,4,6,197,1650
1,9,4,6,197,1650
5,7,4,6,197,1650
4,6,4,6,197,1650
4,8,4,6,197,1650
3,5,4,6,197,1650
3,9,4,6,197,1650
2,4,4,6,197,1650
2,9,4,6,197,1650
0,8,1,7,198,1138
2,8,1,7,198,1138
1,7,1,7,198,1138
1,9,1,7,198,1138
4,8,1,7,198,1138
3,7,1,7,198,1138
3,9,1,7,198,1138
2,6,1,7,198,1138
2,9,1,7,198,1138
0,1,7,3,199,4432
1,1,7,3,199,4432
0,0,7,3,199,4432
0,2,7,3,199,4432
2,1,7,3,199,4432
1,0,7,3,199,4432
1,2,7,3,199,4432
0,3,7,3,199,4432
3,1,7,3,199,4432
2,0,7,3,199,4432
2,2,7,3,199,4432
1,3,7,3,199,4432
0,4,7,3,199,4432
4,1,7,3,199,4432
3,0,7,3,199,4432
3,2,7,3,199,4432
2,3,7,3,199,4432
1,4,7,3,199,4432
0,5,7,3,199,4432
5,1,7,3,199,4432
4,0,7,3,199,4432
4,2,7,3,199,4432
3,3,7,3,199,4432
2,4,7,3,199,4432
1,5,7,3,199,4432
0,6,7,3,199,4432
6,1,7,3,199,4432
5,0,7,3,199,4432
5,2,7,3,199,4432
4,3,7,3,199,4432
3,4,7,3,199,4432
2,5,7,3,199,4432
1,6,7,3,199,4432
0,7,7,3,199,4432
7,1,7,3,199,4432
6,0,7,3,199,4432
6,2,7,3,199,4432
5,3,7,3,199,4432
4,4,7,3,199,4432
3,5,7,3,199,4432
2,6,7,3,199,4432
1,7,7,3,199,4432
0,8,7,3,199,4432
8,1,7,3,199,4432
7,0,7,3,199,4432
7,2,7,3,199,4432
6,3,7,3,199,4432
5,4,7,3,199,4432
4,5,7,3,199,4432
3,6,7,3,199,4432
2,7,7,3,199,4432
1,8,7,3,199,4432
0,9,7,3,199,4432
9,1,7,3,199,4432
8,0,7,3,199,4432
8,2,7,3,199,4432
7,3,7,3,199,4432
6,4,7,3,199,4432
5,5,7,3,199,4432
4,6,7,3,199,4432
3,7,7,3,199,4432
2,8,7,3,199,4432
1,9,7,3,199,4432
9,0,7,3,199,4432
9,2,7,3,199,4432
9,3,7,3,199,4432
8,4,7,3,199,4432
7,5,7,3,199,4432
6,6,7,3,199,4432
5,7,7,3,199,4432
4,8,7,3,199,4432
3,9,7,3,199,4432
2,9,7,3,199,4432
0,2,6,2,200,4101
1,2,6,2,200,4101
0,1,6,2,200,4101
0,3,6,2,200,4101
2,2,6,2,200,4101
1,1,6,2,200,4101
1,3,6,2,200,4101
0,0,6,2,200,4101
0,4,6,2,200,4101
3,2,6,2,200,4101
2,1,6,2,200,4101
2,3,6,2,200,4101
1,0,6,2,200,4101
1,4,6,2,200,4101
0,5,6,2,200,4101
4,2,6,2,200,4101
3,1,6,2,200,4101
3,3,6,2,200,4101
2,0,6,2,200,4101
2,4,6,2,200,4101
1,5,6,2,200,4101
0,6,6,2,200,4101
5,2,6,2,200,4101
4,1,6,2,200,4101
4,3,6,2,200,4101
3,0,6,2,200,4101
3,4,6,2,200,4101
2,5,6,2,200,4101
1,6,6,2,200,4101
0,7,6,2,200,4101
6,2,6,2,200,4101
5,1,6,2,200,4101
5,3,6,2,200,4101
4,0,6,2,200,4101
4,4,6,2,200,4101
3,5,6,2,200,4101
2,6,6,2,200,4101
1,7,6,2,200,4101
0,8,6,2,200,4101
7,2,6,2,200,4101
6,1,6,2,200,4101
6,3,6,2,200,4101
5,0,6,2,200,4101
5,4,6,2,200,4101
4,5,6,2,200,4101
3,6,6,2,200,4101
2,7,6,2,200,4101
1,8,6,2,200,4101
0,9,6,2,200,4101
8,2,6,2,200,4101
7,1,6,2,200,4101
7,3,6,2,200,4101
6,0,6,2,200,4101
6,4,6,2,200,4101
5,5,6,2,200,4101
4,6,6,2,200,4101
3,7,6,2,200,4101
2,8,6,2,200,4101
1,9,6,2,200,4101
9,2,6,2,200,4101
9,1,6,2,200,4101
9,3,6,2,200,4101
8,0,6,2,200,4101
8,4,6,2,200,4101
7,0,6,2,200,4101
7,5,6,2,200,4101
6,6,6,2,200,4101
5,7,6,2,200,4101
4,8,6,2,200,4101
3,9,6,2,200,4101
2,9,6,2,200,4101
0,3,5,7,201,3746
1,3,5,7,201,3746
0,2,5,7,201,3746
0,4,5,7,201,3746
2,3,5,7,201,3746
1,2,5,7,201,3746
1,4,5,7,201,3746
0,1,5,7,201,3746
0,5,5,7,201,3746
3,3,5,7,201,3746
2,2,5,7,201,3746
2,4,5,7,201,3746
1,1,5,7,201,3746
1,5,5,7,201,3746
0,0,5,7,201,3746
0,6,5,7,201,3746
4,3,5,7,201,3746
3,2,5,7,201,3746
3,4,5,7,201,3746
2,1,5,7,201,3746
2,5,5,7,201,3746
1,0,5,7,201,3746
1,6,5,7,201,3746
0,7,5,7,201,3746
5,3,5,7,201,3746
4,2,5,7,201,3746
4,4,5,7,201,3746
3,1,5,7,201,3746
3,5,5,7,201,3746
2,0,5,7,201,3746
2,6,5,7,201,3746
1,7,5,7,201,3746
0,8,5,7,201,3746
6,3,5,7,201,3746
5,2,5,7,201,3746
5,4,5,7,201,3746
4,1,5,7,201,3746
4,5,5,7,201,3746
3,0,5,7,201,3746
3,6,5,7,201,3746
2,7,5,7,201,3746
1,8,5,7,201,3746
0,9,5,7,201,3746
7,3,5,7,201,3746
6,2,5,7,201,3746
6,4,5,7,201,3746
5,1,5,7,201,3746
5,5,5,7,201,3746
4,0,5,7,201,3746
4,6,5,7,201,3746
3,7,5,7,201,3746
2,8,5,7,201,3746
1,9,5,7,201,3746
9,3,5,7,201,3746
8,2,5,7,201,3746
8,4,5,7,201,3746
7,1,5,7,201,3746
7,5,5,7,201,3746
6,0,5,7,201,3746
6,6,5,7,201,3746
5,0,5,7,201,3746
5,7,5,7,201,3746
4,8,5,7,201,3746
3,9,5,7,201,3746
2,9,5,7,201,3746
0,4,5,7,202,3381
1,4,5,7,202,3381
0,3,5,7,202,3381
0,5,5,7,202,3381
2,4,5,7,202,3381
1,3,5,7,202,3381
1,5,5,7,202,3381
0,2,5,7,202,3381
0,6,5,7,202,3381
3,4,5,7,202,3381
2,3,5,7,202,3381
2,5,5,7,202,3381
1,2,5,7,202,3381
1,6,5,7,202,3381
0,1,5,7,202,3381
0,7,5,7,202,3381
4,4,5,7,202,3381
3,3,5,7,202,3381
3,5,5,7,202,3381
2,2,5,7,202,3381
2,6,5,7,202,3381
1,1,5,7,202,3381
1,7,5,7,202,3381
0,0,5,7,202,3381
0,8,5,7,202,3381
5,4,5,7,202,3381
4,3,5,7,202,3381
4,5,5,7,202,3381
3,2,5,7,202,3381
3,6,5,7,202,3381
2,1,5,7,202,3381
2,7,5,7,202,3381
1,0,5,7,202,3381
1,8,5,7,202,3381
0,9,5,7,202,3381
6,4,5,7,202,3381
5,3,5,7,202,3381
5,5,5,7,202,3381
4,2,5,7,202,3381
4,6,5,7,202,3381
3,1,5,7,202,3381
3,7,5,7,202,3381
2,0,5,7,202,3381
2,8,5,7,202,3381
1,9,5,7,202,3381
8,4,5,7,202,3381
7,3,5,7,202,3381
7,5,5,7,202,3381
6,2,5,7,202,3381
6,6,5,7,202,3381
5,1,5,7,202,3381
5,7,5,7,202,3381
4,0,5,7,202,3381
4,8,5,7,202,3381
3,0,5,7,202,3381
3,9,5,7,202,3381
2,9,5,7,202,3381
0,5,5,7,203,2991
1,5,5,7,203,2991
0,4,5,7,203,2991
0,6,5,7,203,2991
2,5,5,7,203,2991
1,4,5,7,203,2991
1,6,5,7,203,2991
0,3,5,7,203,2991
0,7,5,7,203,2991
3,5,5,7,203,2991
2,4,5,7,203,2991
2,6,5,7,203,2991
1,3,5,7,203,2991
1,7,5,7,203,2991
0,2,5,7,203,2991
0,8,5,7,203,2991
4,5,5,7,203,2991
3,4,5,7,203,2991
3,6,5,7,203,2991
2,3,5,7,203,2991
2,7,5,7,203,2991
1,2,5,7,203,2991
1,8,5,7,203,2991
0,1,5,7,203,2991
0,9,5,7,203,2991
5,5,5,7,203,2991
4,4,5,7,203,2991
4,6,5,7,203,2991
3,3,5,7,203,2991
3,7,5,7,203,2991
2,2,5,7,203,2991
2,8,5,7,203,2991
1,1,5,7,203,2991
1,9,5,7,203,2991
0,0,5,7,203,2991
7,5,5,7,203,2991
6,4,5,7,203,2991
6,6,5,7,203,2991
5,3,5,7,203,2991
5,7,5,7,203,2991
4,2,5,7,203,2991
4,8,5,7,203,2991
3,1,5,7,203,2991
3,9,5,7,203,2991
2,0,5,7,203,2991
2,9,5,7,203,2991
1,0,5,7,203,2991
0,6,5,7,204,2571
1,6,5,7,204,2571
0,5,5,7,204,2571
0,7,5,7,204,2571
2,6,5,7,204,2571
1,5,5,7,204,2571
1,7,5,7,204,2571
0,4,5,7,204,2571
0,8,5,7,204,2571
3,6,5,7,204,2571
2,5,5,7,204,2571
2,7,5,7,204,2571
1,4,5,7,204,2571
1,8,5,7,204,2571
0,3,5,7,204,2571
0,9,5,7,204,2571
4,6,5,7,204,2571
3,5,5,7,204,2571
3,7,5,7,204,2571
2,4,5,7,204,2571
2,8,5,7,204,2571
1,3,5,7,204,2571
1,9,5,7,204,2571
0,2,5,7,204,2571
6,6,5,7,204,2571
5,5,5,7,204,2571
5,7,5,7,204,2571
4,4,5,7,204,2571
4,8,5,7,204,2571
3,3,5,7,204,2571
3,9,5,7,204,2571
2,2,5,7,204,2571
2,9,5,7,204,2571
1,1,5,7,204,2571
0,7,4,6,205,2127
1,7,4,6,205,2127
0,6,4,6,205,2127
0,8,4,6,205,2127
2,7,4,6,205,2127
1,6,4,6,205,2127
1,8,4,6,205,2127
0,5,4,6,205,2127
0,9,4,6,205,2127
3,7,4,6,205,2127
2,6,4,6,205,2127
2,8,4,6,205,2127
1,5,4,6,205,2127
1,9,4,6,205,2127
0,4,4,6,205,2127
5,7,4,6,205,2127
4,6,4,6,205,2127
4,8,4,6,205,2127
3,5,4,6,205,2127
3,9,4,6,205,2127
2,4,4,6,205,2127
2,9,4,6,205,2127
1,3,4,6,205,2127
0,8,2,6,206,1650
1,8,2,6,206,1650
0,7,2,6,206,1650
0,9,2,6,206,1650
2,8,2,6,206,1650
1,7,2,6,206,1650
1,9,2,6,206,1650
0,6,2,6,206,1650
4,8,2,6,206,1650
3,7,2,6,206,1650
3,9,2,6,206,1650
2,6,2,6,206,1650
2,9,2,6,206,1650
1,5,2,6,206,1650
0,9,1,7,207,1138
1,9,1,7,207,1138
0,8,1,7,207,1138
3,9,1,7,207,1138
2,8,1,7,207,1138
2,9,1,7,207,1138
1,7,1,7,207,1138
1,8,1,7,207,1138
0,3,5,7,208,4110
1,3,5,7,208,4110
0,2,5,7,208,4110
0,4,5,7,208,4110
2,3,5,7,208,4110
1,2,5,7,208,4110
1,4,5,7,208,4110
0,1,5,7,208,4110
0,5,5,7,208,4110
3,3,5,7,208,4110
2,2,5,7,208,4110
2,4,5,7,208,4110
1,1,5,7,208,4110
1,5,5,7,208,4110
0,0,5,7,208,4110
0,6,5,7,208,4110
4,3,5,7,208,4110
3,2,5,7,208,4110
3,4,5,7,208,4110
2,1,5,7,208,4110
2,5,5,7,208,4110
1,0,5,7,208,4110
1,6,5,7,208,4110
0,7,5,7,208,4110
5,3,5,7,208,4110
4,2,5,7,208,4110
4,4,5,7,208,4110
3,1,5,7,208,4110
3,5,5,7,208,4110
2,0,5,7,208,4110
2,6,5,7,208,4110
1,7,5,7,208,4110
0,8,5,7,208,4110
6,3,5,7,208,4110
5,2,5,7,208,4110
5,4,5,7,208,4110
4,1,5,7,208,4110
4,5,5,7,208,4110
3,0,5,7,208,4110
3,6,5,7,208,4110
2,7,5,7,208,4110
1,8,5,7,208,4110
0,9,5,7,208,4110
7,3,5,7,208,4110
6,2,5,7,208,4110
6,4,5,7,208,4110
5,1,5,7,208,4110
5,5,5,7,208,4110
4,0,5,7,208,4110
4,6,5,7,208,4110
3,7,5,7,208,4110
2,8,5,7,208,4110
1,9,5,7,208,4110
8,3,5,7,208,4110
7,2,5,7,208,4110
7,4,5,7,208,4110
6,1,5,7,208,4110
6,5,5,7,208,4110
5,0,5,7,208,4110
5,6,5,7,208,4110
4,7,5,7,208,4110
3,8,5,7,208,4110
2,9,5,7,208,4110
9,3,5,7,208,4110
8,2,5,7,208,4110
8,4,5,7,208,4110
7,1,5,7,208,4110
7,5,5,7,208,4110
6,0,5,7,208,4110
6,6,5,7,208,4110
5,7,5,7,208,4110
4,8,5,7,208,4110
3,9,5,7,208,4110
0,4,5,7,209,3760
1,4,5,7,209,3760
0,3,5,7,209,3760
0,5,5,7,209,3760
2,4,5,7,209,3760
1,3,5,7,209,3760
1,5,5,7,209,3760
0,2,5,7,209,3760
0,6,5,7,209,3760
3,4,5,7,209,3760
2,3,5,7,209,3760
2,5,5,7,209,3760
1,2,5,7,209,3760
1,6,5,7,209,3760
0,1,5,7,209,3760
0,7,5,7,209,3760
4,4,5,7,209,3760
3,3,5,7,209,3760
3,5,5,7,209,3760
2,2,5,7,209,3760
2,6,5,7,209,3760
1,1,5,7,209,3760
1,7,5,7,209,3760
0,0,5,7,209,3760
0,8,5,7,209,3760
5,4,5,7,209,3760
4,3,5,7,209,3760
4,5,5,7,209,3760
3,2,5,7,209,3760
3,6,5,7,209,3760
2,1,5,7,209,3760
2,7,5,7,209,3760
1,0,5,7,209,3760
1,8,5,7,209,3760
0,9,5,7,209,3760
6,4,5,7,209,3760
5,3,5,7,209,3760
5,5,5,7,209,3760
4,2,5,7,209,3760
4,6,5,7,209,3760
3,1,5,7,209,3760
3,7,5,7,209,3760
2,0,5,7,209,3760
2,8,5,7,209,3760
1,9,5,7,209,3760
7,4,5,7,209,3760
6,3,5,7,209,3760
6,5,5,7,209,3760
5,2,5,7,209,3760
5,6,5,7,209,3760
4,1,5,7,209,3760
4,7,5,7,209,3760
3,0,5,7,209,3760
3,8,5,7,209,3760
2,9,5,7,209,3760
8,4,5,7,209,3760
7,3,5,7,209,3760
7,5,5,7,209,3760
6,2,5,7,209,3760
6,6,5,7,209,3760
5,1,5,7,209,3760
5,7,5,7,209,3760
4,0,5,7,209,3760
4,8,5,7,209,3760
3,9,5,7,209,3760
0,5,5,7,210,3385
1,5,5,7,210,3385
0,4,5,7,210,3385
0,6,5,7,210,3385
2,5,5,7,210,3385
1,4,5,7,210,3385
1,6,5,7,210,3385
0,3,5,7,210,3385
0,7,5,7,210,3385
3,5,5,7,210,3385
2,4,5,7,210,3385
2,6,5,7,210,3385
1,3,5,7,210,3385
1,7,5,7,210,3385
0,2,5,7,210,3385
0,8,5,7,210,3385
4,5,5,7,210,3385
3,4,5,7,210,3385
3,6,5,7,210,3385
2,3,5,7,210,3385
2,7,5,7,210,3385
1,2,5,7,210,3385
1,8,5,7,210,3385
0,1,5,7,210,3385
0,9,5,7,210,3385
5,5,5,7,210,3385
4,4,5,7,210,3385
4,6,5,7,210,3385
3,3,5,7,210,3385
3,7,5,7,210,3385
2,2,5,7,210,3385
2,8,5,7,210,3385
1,1,5,7,210,3385
1,9,5,7,210,3385
0,0,5,7,210,3385
6,5,5,7,210,3385
5,4,5,7,210,3385
5,6,5,7,210,3385
4,3,5,7,210,3385
4,7,5,7,210,3385
3,2,5,7,210,3385
3,8,5,7,210,3385
2,1,5,7,210,3385
2,9,5,7,210,3385
1,0,5,7,210,3385
7,5,5,7,210,3385
6,4,5,7,210,3385
6,6,5,7,210,3385
5,3,5,7,210,3385
5,7,5,7,210,3385
4,2,5,7,210,3385
4,8,5,7,210,3385
3,1,5,7,210,3385
3,9,5,7,210,3385
2,0,5,7,210,3385
0,6,5,7,211,2993
1,6,5,7,211,2993
0,5,5,7,211,2993
0,7,5,7,211,2993
2,6,5,7,211,2993
1,5,5,7,211,2993
1,7,5,7,211,2993
0,4,5,7,211,2993
0,8,5,7,211,2993
3,6,5,7,211,2993
2,5,5,7,211,2993
2,7,5,7,211,2993
1,4,5,7,211,2993
1,8,5,7,211,2993
0,3,5,7,211,2993
0,9,5,7,211,2993
4,6,5,7,211,2993
3,5,5,7,211,2993
3,7,5,7,211,2993
2,4,5,7,211,2993
2,8,5,7,211,2993
1,3,5,7,211,2993
1,9,5,7,211,2993
0,2,5,7,211,2993
5,6,5,7,211,2993
4,5,5,7,211,2993
4,7,5,7,211,2993
3,4,5,7,211,2993
3,8,5,7,211,2993
2,3,5,7,211,2993
2,9,5,7,211,2993
1,2,5,7,211,2993
0,1,5,7,211,2993
6,6,5,7,211,2993
5,5,5,7,211,2993
5,7,5,7,211,2993
4,4,5,7,211,2993
4,8,5,7,211,2993
3,3,5,7,211,2993
3,9,5,7,211,2993
2,2,5,7,211,2993
1,1,5,7,211,2993
0,0,5,7,211,2993
0,8,2,6,212,2130
1,8,2,6,212,2130
0,7,2,6,212,2130
0,9,2,6,212,2130
2,8,2,6,212,2130
1,7,2,6,212,2130
1,9,2,6,212,2130
0,6,2,6,212,2130
3,8,2,6,212,2130
2,7,2,6,212,2130
2,9,2,6,212,2130
1,6,2,6,212,2130
0,5,2,6,212,2130
4,8,2,6,212,2130
3,7,2,6,212,2130
3,9,2,6,212,2130
2,6,2,6,212,2130
1,5,2,6,212,2130
0,4,2,6,212,2130
0,9,1,7,213,1653
1,9,1,7,213,1653
0,8,1,7,213,1653
2,9,1,7,213,1653
1,8,1,7,213,1653
0,7,1,7,213,1653
3,9,1,7,213,1653
2,8,1,7,213,1653
1,7,1,7,213,1653
0,6,1,7,213,1653
8,2,8,2,139,588
9,2,8,2,139,588
9,1,8,2,139,588
9,3,8,2,139,588
9,3,9,3,0,0
7,3,7,3,43,588
9,3,7,3,43,588
8,2,7,3,43,588
8,4,7,3,43,588
8,4,8,4,0,0
6,4,6,4,43,588
8,4,6,4,43,588
7,3,6,4,43,588
7,5,6,4,43,588
7,5,7,5,0,0
5,5,6,6,18,588
7,5,6,6,18,588
6,4,6,6,18,588
6,6,6,6,18,588
6,6,6,6,0,0
4,6,5,7,18,588
6,6,5,7,18,588
5,5,5,7,18,588
5,7,5,7,18,588
5,7,5,7,0,0
3,7,5,7,39,588
5,7,5,7,39,588
4,6,5,7,39,588
4,8,5,7,39,588
4,8,4,8,0,0
2,8,2,8,43,588
4,8,2,8,43,588
3,7,2,8,43,588
3,9,2,8,43,588
3,9,3,9,0,0
1,9,1,9,214,588
3,9,1,9,214,588
2,8,1,9,214,588
2,9,1,9,214,588
0,0,6,5,215,4437
1,0,6,5,215,4437
0,1,6,5,215,4437
2,0,6,5,215,4437
1,1,6,5,215,4437
0,2,6,5,215,4437
3,0,6,5,215,4437
2,1,6,5,215,4437
1,2,6,5,215,4437
0,3,6,5,215,4437
4,0,6,5,215,4437
3,1,6,5,215,4437
2,2,6,5,215,4437
1,3,6,5,215,4437
0,4,6,5,215,4437
5,0,6,5,215,4437
4,1,6,5,215,4437
3,2,6,5,215,4437
2,3,6,5,215,4437
1,4,6,5,215,4437
0,5,6,5,215,4437
6,0,6,5,215,4437
5,1,6,5,215,4437
4,2,6,5,215,4437
3,3,6,5,215,4437
2,4,6,5,215,4437
1,5,6,5,215,4437
0,6,6,5,215,4437
7,0,6,5,215,4437
6,1,6,5,215,4437
5,2,6,5,215,4437
4,3,6,5,215,4437
3,4,6,5,215,4437
2,5,6,5,215,4437
1,6,6,5,215,4437
0,7,6,5,215,4437
9,0,6,5,215,4437
8,0,6,5,215,4437
8,1,6,5,215,4437
7,1,6,5,215,4437
7,2,6,5,215,4437
6,2,6,5,215,4437
6,3,6,5,215,4437
5,3,6,5,215,4437
5,4,6,5,215,4437
4,4,6,5,215,4437
4,5,6,5,215,4437
3,5,6,5,215,4437
3,6,6,5,215,4437
2,6,6,5,215,4437
2,7,6,5,215,4437
1,7,6,5,215,4437
1,8,6,5,215,4437
9,1,6,5,215,4437
9,2,6,5,215,4437
8,2,6,5,215,4437
8,3,6,5,215,4437
7,3,6,5,215,4437
7,4,6,5,215,4437
6,4,6,5,215,4437
6,5,6,5,215,4437
5,5,6,5,215,4437
5,6,6,5,215,4437
4,6,6,5,215,4437
4,7,6,5,215,4437
3,7,6,5,215,4437
3,8,6,5,215,4437
2,8,6,5,215,4437
2,9,6,5,215,4437
9,3,6,5,215,4437
9,4,6,5,215,4437
8,4,6,5,215,4437
8,5,6,5,215,4437
7,5,6,5,215,4437
7,6,6,5,215,4437
6,6,6,5,215,4437
6,7,6,5,215,4437
5,7,6,5,215,4437
5,8,6,5,215,4437
4,8,6,5,215,4437
4,9,6,5,215,4437
3,9,6,5,215,4437
0,0,6,5,216,4110
1,0,6,5,216,4110
0,1,6,5,216,4110
2,0,6,5,216,4110
1,1,6,5,216,4110
0,2,6,5,216,4110
3,0,6,5,216,4110
2,1,6,5,216,4110
1,2,6,5,216,4110
0,3,6,5,216,4110
4,0,6,5,216,4110
3,1,6,5,216,4110
2,2,6,5,216,4110
1,3,6,5,216,4110
0,4,6,5,216,4110
5,0,6,5,216,4110
4,1,6,5,216,4110
3,2,6,5,216,4110
2,3,6,5,216,4110
1,4,6,5,216,4110
0,5,6,5,216,4110
7,0,6,5,216,4110
6,0,6,5,216,4110
6,1,6,5,216,4110
5,1,6,5,216,4110
5,2,6,5,216,4110
4,2,6,5,216,4110
4,3,6,5,216,4110
3,3,6,5,216,4110
3,4,6,5,216,4110
2,4,6,5,216,4110
2,5,6,5,216,4110
1,5,6,5,216,4110
1,6,6,5,216,4110
9,0,6,5,216,4110
8,0,6,5,216,4110
8,1,6,5,216,4110
7,1,6,5,216,4110
7,2,6,5,216,4110
6,2,6,5,216,4110
6,3,6,5,216,4110
5,3,6,5,216,4110
5,4,6,5,216,4110
4,4,6,5,216,4110
4,5,6,5,216,4110
3,5,6,5,216,4110
3,6,6,5,216,4110
2,6,6,5,216,4110
2,7,6,5,216,4110
9,1,6,5,216,4110
9,2,6,5,216,4110
8,2,6,5,216,4110
8,3,6,5,216,4110
7,3,6,5,216,4110
7,4,6,5,216,4110
6,4,6,5,216,4110
6,5,6,5,216,4110
5,5,6,5,216,4110
5,6,6,5,216,4110
4,6,6,5,216,4110
4,7,6,5,216,4110
3,7,6,5,216,4110
3,8,6,5,216,4110
9,3,6,5,216,4110
9,4,6,5,216,4110
8,4,6,5,216,4110
8,5,6,5,216,4110
7,5,6,5,216,4110
7,6,6,5,216,4110
6,6,6,5,216,4110
6,7,6,5,216,4110
5,7,6,5,216,4110
5,8,6,5,216,4110
4,8,6,5,216,4110
4,9,6,5,216,4110
0,0,6,5,217,3760
1,0,6,5,217,3760
0,1,6,5,217,3760
2,0,6,5,217,3760
1,1,6,5,217,3760
0,2,6,5,217,3760
3,0,6,5,217,3760
2,1,6,5,217,3760
1,2,6,5,217,3760
0,3,6,5,217,3760
5,0,6,5,217,3760
4,0,6,5,217,3760
4,1,6,5,217,3760
3,1,6,5,217,3760
3,2,6,5,217,3760
2,2,6,5,217,3760
2,3,6,5,217,3760
1,3,6,5,217,3760
1,4,6,5,217,3760
7,0,6,5,217,3760
6,0,6,5,217,3760
6,1,6,5,217,3760
5,1,6,5,217,3760
5,2,6,5,217,3760
4,2,6,5,217,3760
4,3,6,5,217,3760
3,3,6,5,217,3760
3,4,6,5,217,3760
2,4,6,5,217,3760
2,5,6,5,217,3760
9,0,6,5,217,3760
8,0,6,5,217,3760
8,1,6,5,217,3760
7,1,6,5,217,3760
7,2,6,5,217,3760
6,2,6,5,217,3760
6,3,6,5,217,3760
5,3,6,5,217,3760
5,4,6,5,217,3760
4,4,6,5,217,3760
4,5,6,5,217,3760
3,5,6,5,217,3760
3,6,6,5,217,3760
9,1,6,5,217,3760
9,2,6,5,217,3760
8,2,6,5,217,3760
8,3,6,5,217,3760
7,3,6,5,217,3760
7,4,6,5,217,3760
6,4,6,5,217,3760
6,5,6,5,217,3760
5,5,6,5,217,3760
5,6,6,5,217,3760
4,6,6,5,217,3760
4,7,6,5,217,3760
9,3,6,5,217,3760
9,4,6,5,217,3760
8,4,6,5,217,3760
8,5,6,5,217,3760
7,5,6,5,217,3760
7,6,6,5,217,3760
6,6,6,5,217,3760
6,7,6,5,217,3760
5,7,6,5,217,3760
5,8,6,5,217,3760
0,0,6,5,218,3385
1,0,6,5,218,3385
0,1,6,5,218,3385
3,0,6,5,218,3385
2,0,6,5,218,3385
2,1,6,5,218,3385
1,1,6,5,218,3385
1,2,6,5,218,3385
5,0,6,5,218,3385
4,0,6,5,218,3385
4,1,6,5,218,3385
3,1,6,5,218,3385
3,2,6,5,218,3385
2,2,6,5,218,3385
2,3,6,5,218,3385
7,0,6,5,218,3385
6,0,6,5,218,3385
6,1,6,5,218,3385
5,1,6,5,218,3385
5,2,6,5,218,3385
4,2,6,5,218,3385
4,3,6,5,218,3385
3,3,6,5,218,3385
3,4,6,5,218,3385
9,0,6,5,218,3385
8,0,6,5,218,3385
8,1,6,5,218,3385
7,1,6,5,218,3385
7,2,6,5,218,3385
6,2,6,5,218,3385
6,3,6,5,218,3385
5,3,6,5,218,3385
5,4,6,5,218,3385
4,4,6,5,218,3385
4,5,6,5,218,3385
9,1,6,5,218,3385
9,2,6,5,218,3385
8,2,6,5,218,3385
8,3,6,5,218,3385
7,3,6,5,218,3385
7,4,6,5,218,3385
6,4,6,5,218,3385
6,5,6,5,218,3385
5,5,6,5,218,3385
5,6,6,5,218,3385
9,3,6,5,218,3385
9,4,6,5,218,3385
8,4,6,5,218,3385
8,5,6,5,218,3385
7,5,6,5,218,3385
7,6,6,5,218,3385
6,6,6,5,218,3385
6,7,6,5,218,3385
1,0,7,4,219,3003
3,0,7,4,219,3003
2,0,7,4,219,3003
2,1,7,4,219,3003
5,0,7,4,219,3003
4,0,7,4,219,3003
4,1,7,4,219,3003
3,1,7,4,219,3003
3,2,7,4,219,3003
7,0,7,4,219,3003
6,0,7,4,219,3003
6,1,7,4,219,3003
5,1,7,4,219,3003
5,2,7,4,219,3003
4,2,7,4,219,3003
4,3,7,4,219,3003
9,0,7,4,219,3003
8,0,7,4,219,3003
8,1,7,4,219,3003
7,1,7,4,219,3003
7,2,7,4,219,3003
6,2,7,4,219,3003
6,3,7,4,219,3003
5,3,7,4,219,3003
5,4,7,4,219,3003
9,1,7,4,219,3003
9,2,7,4,219,3003
8,2,7,4,219,3003
8,3,7,4,219,3003
7,3,7,4,219,3003
7,4,7,4,219,3003
6,4,7,4,219,3003
6,5,7,4,219,3003
9,3,7,4,219,3003
9,4,7,4,219,3003
8,4,7,4,219,3003
8,5,7,4,219,3003
7,5,7,4,219,3003
7,6,7,4,219,3003
3,0,7,2,220,2586
5,0,7,2,220,2586
4,0,7,2,220,2586
4,1,7,2,220,2586
7,0,7,2,220,2586
6,0,7,2,220,2586
6,1,7,2,220,2586
5,1,7,2,220,2586
5,2,7,2,220,2586
9,0,7,2,220,2586
8,0,7,2,220,2586
8,1,7,2,220,2586
7,1,7,2,220,2586
7,2,7,2,220,2586
6,2,7,2,220,2586
6,3,7,2,220,2586
9,1,7,2,220,2586
9,2,7,2,220,2586
8,2,7,2,220,2586
8,3,7,2,220,2586
7,3,7,2,220,2586
7,4,7,2,220,2586
9,3,7,2,220,2586
9,4,7,2,220,2586
8,4,7,2,220,2586
8,5,7,2,220,2586
5,0,6,1,221,2130
7,0,6,1,221,2130
6,0,6,1,221,2130
6,1,6,1,221,2130
9,0,6,1,221,2130
8,0,6,1,221,2130
8,1,6,1,221,2130
7,1,6,1,221,2130
7,2,6,1,221,2130
9,1,6,1,221,2130
9,2,6,1,221,2130
8,2,6,1,221,2130
8,3,6,1,221,2130
9,3,6,1,221,2130
9,4,6,1,221,2130
6,1,7,2,222,1651
8,1,7,2,222,1651
7,0,7,2,222,1651
7,2,7,2,222,1651
9,1,7,2,222,1651
9,0,7,2,222,1651
9,2,7,2,222,1651
8,0,7,2,222,1651
8,3,7,2,222,1651
7,1,7,2,222,1651
8,2,7,2,222,1651
9,3,7,2,222,1651
9,4,7,2,222,1651
4,1,7,4,223,2127
6,1,7,4,223,2127
5,0,7,4,223,2127
5,2,7,4,223,2127
8,1,7,4,223,2127
7,0,7,4,223,2127
7,2,7,4,223,2127
6,0,7,4,223,2127
6,3,7,4,223,2127
9,1,7,4,223,2127
9,0,7,4,223,2127
9,2,7,4,223,2127
8,0,7,4,223,2127
8,3,7,4,223,2127
7,1,7,4,223,2127
7,4,7,4,223,2127
8,2,7,4,223,2127
9,3,7,4,223,2127
9,4,7,4,223,2127
8,5,7,4,223,2127
5,2,7,4,224,1650
7,2,7,4,224,1650
6,1,7,4,224,1650
6,3,7,4,224,1650
9,2,7,4,224,1650
8,1,7,4,224,1650
8,3,7,4,224,1650
7,0,7,4,224,1650
7,4,7,4,224,1650
8,2,7,4,224,1650
9,1,7,4,224,1650
9,3,7,4,224,1650
9,0,7,4,224,1650
9,4,7,4,224,1650
8,0,7,4,224,1650
8,5,7,4,224,1650
2,1,6,5,225,2571
4,1,6,5,225,2571
3,0,6,5,225,2571
3,2,6,5,225,2571
6,1,6,5,225,2571
5,0,6,5,225,2571
5,2,6,5,225,2571
4,0,6,5,225,2571
4,3,6,5,225,2571
8,1,6,5,225,2571
7,0,6,5,225,2571
7,2,6,5,225,2571
6,0,6,5,225,2571
6,3,6,5,225,2571
5,1,6,5,225,2571
5,4,6,5,225,2571
9,1,6,5,225,2571
9,0,6,5,225,2571
9,2,6,5,225,2571
8,0,6,5,225,2571
8,3,6,5,225,2571
7,1,6,5,225,2571
7,4,6,5,225,2571
6,2,6,5,225,2571
6,5,6,5,225,2571
8,2,6,5,225,2571
9,3,6,5,225,2571
9,4,6,5,225,2571
8,5,6,5,225,2571
7,3,6,5,225,2571
7,6,6,5,225,2571
3,2,6,5,226,2127
5,2,6,5,226,2127
4,1,6,5,226,2127
4,3,6,5,226,2127
7,2,6,5,226,2127
6,1,6,5,226,2127
6,3,6,5,226,2127
5,0,6,5,226,2127
5,4,6,5,226,2127
9,2,6,5,226,2127
8,1,6,5,226,2127
8,3,6,5,226,2127
7,0,6,5,226,2127
7,4,6,5,226,2127
6,0,6,5,226,2127
6,5,6,5,226,2127
8,2,6,5,226,2127
9,1,6,5,226,2127
9,3,6,5,226,2127
9,0,6,5,226,2127
9,4,6,5,226,2127
8,0,6,5,226,2127
8,5,6,5,226,2127
7,1,6,5,226,2127
7,6,6,5,226,2127
4,3,6,5,227,1650
6,3,6,5,227,1650
5,2,6,5,227,1650
5,4,6,5,227,1650
8,3,6,5,227,1650
7,2,6,5,227,1650
7,4,6,5,227,1650
6,1,6,5,227,1650
6,5,6,5,227,1650
9,3,6,5,227,1650
9,2,6,5,227,1650
9,4,6,5,227,1650
8,1,6,5,227,1650
8,5,6,5,227,1650
7,0,6,5,227,1650
7,6,6,5,227,1650
0,1,6,5,228,2991
2,1,6,5,228,2991
1,0,6,5,228,2991
1,2,6,5,228,2991
4,1,6,5,228,2991
3,0,6,5,228,2991
3,2,6,5,228,2991
2,0,6,5,228,2991
2,3,6,5,228,2991
6,1,6,5,228,2991
5,0,6,5,228,2991
5,2,6,5,228,2991
4,0,6,5,228,2991
4,3,6,5,228,2991
3,1,6,5,228,2991
3,4,6,5,228,2991
8,1,6,5,228,2991
7,0,6,5,228,2991
7,2,6,5,228,2991
6,0,6,5,228,2991
6,3,6,5,228,2991
5,1,6,5,228,2991
5,4,6,5,228,2991
4,2,6,5,228,2991
4,5,6,5,228,2991
9,1,6,5,228,2991
9,0,6,5,228,2991
9,2,6,5,228,2991
8,0,6,5,228,2991
8,3,6,5,228,2991
7,1,6,5,228,2991
7,4,6,5,228,2991
6,2,6,5,228,2991
6,5,6,5,228,2991
5,3,6,5,228,2991
5,6,6,5,228,2991
8,2,6,5,228,2991
9,3,6,5,228,2991
9,4,6,5,228,2991
8,5,6,5,228,2991
7,3,6,5,228,2991
7,6,6,5,228,2991
6,4,6,5,228,2991
6,7,6,5,228,2991
1,2,6,5,229,2574
3,2,6,5,229,2574
2,1,6,5,229,2574
2,3,6,5,229,2574
5,2,6,5,229,2574
4,1,6,5,229,2574
4,3,6,5,229,2574
3,0,6,5,229,2574
3,4,6,5,229,2574
7,2,6,5,229,2574
6,1,6,5,229,2574
6,3,6,5,229,2574
5,0,6,5,229,2574
5,4,6,5,229,2574
4,0,6,5,229,2574
4,5,6,5,229,2574
9,2,6,5,229,2574
8,1,6,5,229,2574
8,3,6,5,229,2574
7,0,6,5,229,2574
7,4,6,5,229,2574
6,0,6,5,229,2574
6,5,6,5,229,2574
5,1,6,5,229,2574
5,6,6,5,229,2574
8,2,6,5,229,2574
9,1,6,5,229,2574
9,3,6,5,229,2574
9,0,6,5,229,2574
9,4,6,5,229,2574
8,0,6,5,229,2574
8,5,6,5,229,2574
7,1,6,5,229,2574
7,6,6,5,229,2574
6,2,6,5,229,2574
6,7,6,5,229,2574
2,3,6,7,230,2122
4,3,6,7,230,2122
3,2,6,7,230,2122
3,4,6,7,230,2122
6,3,6,7,230,2122
5,2,6,7,230,2122
5,4,6,7,230,2122
4,1,6,7,230,2122
4,5,6,7,230,2122
8,3,6,7,230,2122
7,2,6,7,230,2122
7,4,6,7,230,2122
6,1,6,7,230,2122
6,5,6,7,230,2122
5,0,6,7,230,2122
5,6,6,7,230,2122
9,3,6,7,230,2122
9,2,6,7,230,2122
9,4,6,7,230,2122
8,1,6,7,230,2122
8,5,6,7,230,2122
7,0,6,7,230,2122
7,6,6,7,230,2122
6,0,6,7,230,2122
6,7,6,7,230,2122
3,4,6,7,111,1646
5,4,6,7,111,1646
4,3,6,7,111,1646
4,5,6,7,111,1646
7,4,6,7,111,1646
6,3,6,7,111,1646
6,5,6,7,111,1646
5,2,6,7,111,1646
5,6,6,7,111,1646
9,4,6,7,111,1646
8,3,6,7,111,1646
8,5,6,7,111,1646
7,2,6,7,111,1646
7,6,6,7,111,1646
6,1,6,7,111,1646
6,7,6,7,111,1646
0,1,6,5,231,3381
1,1,6,5,231,3381
0,0,6,5,231,3381
0,2,6,5,231,3381
2,1,6,5,231,3381
1,0,6,5,231,3381
1,2,6,5,231,3381
0,3,6,5,231,3381
4,1,6,5,231,3381
3,0,6,5,231,3381
3,2,6,5,231,3381
2,0,6,5,231,3381
2,3,6,5,231,3381
1,4,6,5,231,3381
6,1,6,5,231,3381
5,0,6,5,231,3381
5,2,6,5,231,3381
4,0,6,5,231,3381
4,3,6,5,231,3381
3,1,6,5,231,3381
3,4,6,5,231,3381
2,2,6,5,231,3381
2,5,6,5,231,3381
8,1,6,5,231,3381
7,0,6,5,231,3381
7,2,6,5,231,3381
6,0,6,5,231,3381
6,3,6,5,231,3381
5,1,6,5,231,3381
5,4,6,5,231,3381
4,2,6,5,231,3381
4,5,6,5,231,3381
3,3,6,5,231,3381
3,6,6,5,231,3381
9,1,6,5,231,3381
9,0,6,5,231,3381
9,2,6,5,231,3381
8,0,6,5,231,3381
8,3,6,5,231,3381
7,1,6,5,231,3381
7,4,6,5,231,3381
6,2,6,5,231,3381
6,5,6,5,231,3381
5,3,6,5,231,3381
5,6,6,5,231,3381
4,4,6,5,231,3381
4,7,6,5,231,3381
8,2,6,5,231,3381
9,3,6,5,231,3381
9,4,6,5,231,3381
8,5,6,5,231,3381
7,3,6,5,231,3381
7,6,6,5,231,3381
6,4,6,5,231,3381
6,7,6,5,231,3381
5,5,6,5,231,3381
5,8,6,5,231,3381
0,2,6,5,232,2992
1,2,6,5,232,2992
0,1,6,5,232,2992
0,3,6,5,232,2992
3,2,6,5,232,2992
2,1,6,5,232,2992
2,3,6,5,232,2992
1,0,6,5,232,2992
1,4,6,5,232,2992
5,2,6,5,232,2992
4,1,6,5,232,2992
4,3,6,5,232,2992
3,0,6,5,232,2992
3,4,6,5,232,2992
2,0,6,5,232,2992
2,5,6,5,232,2992
7,2,6,5,232,2992
6,1,6,5,232,2992
6,3,6,5,232,2992
5,0,6,5,232,2992
5,4,6,5,232,2992
4,0,6,5,232,2992
4,5,6,5,232,2992
3,1,6,5,232,2992
3,6,6,5,232,2992
9,2,6,5,232,2992
8,1,6,5,232,2992
8,3,6,5,232,2992
7,0,6,5,232,2992
7,4,6,5,232,2992
6,0,6,5,232,2992
6,5,6,5,232,2992
5,1,6,5,232,2992
5,6,6,5,232,2992
4,2,6,5,232,2992
4,7,6,5,232,2992
8,2,6,5,232,2992
9,1,6,5,232,2992
9,3,6,5,232,2992
9,0,6,5,232,2992
9,4,6,5,232,2992
8,0,6,5,232,2992
8,5,6,5,232,2992
7,1,6,5,232,2992
7,6,6,5,232,2992
6,2,6,5,232,2992
6,7,6,5,232,2992
5,3,6,5,232,2992
5,8,6,5,232,2992
0,3,6,7,233,2991
1,3,6,7,233,2991
0,2,6,7,233,2991
0,4,6,7,233,2991
2,3,6,7,233,2991
1,2,6,7,233,2991
1,4,6,7,233,2991
0,1,6,7,233,2991
0,5,6,7,233,2991
4,3,6,7,233,2991
3,2,6,7,233,2991
3,4,6,7,233,2991
2,1,6,7,233,2991
2,5,6,7,233,2991
1,0,6,7,233,2991
1,6,6,7,233,2991
6,3,6,7,233,2991
5,2,6,7,233,2991
5,4,6,7,233,2991
4,1,6,7,233,2991
4,5,6,7,233,2991
3,0,6,7,233,2991
3,6,6,7,233,2991
2,0,6,7,233,2991
2,7,6,7,233,2991
8,3,6,7,233,2991
7,2,6,7,233,2991
7,4,6,7,233,2991
6,1,6,7,233,2991
6,5,6,7,233,2991
5,0,6,7,233,2991
5,6,6,7,233,2991
4,0,6,7,233,2991
4,7,6,7,233,2991
3,1,6,7,233,2991
3,8,6,7,233,2991
9,3,6,7,233,2991
9,2,6,7,233,2991
9,4,6,7,233,2991
8,1,6,7,233,2991
8,5,6,7,233,2991
7,0,6,7,233,2991
7,6,6,7,233,2991
6,0,6,7,233,2991
6,7,6,7,233,2991
5,1,6,7,233,2991
5,8,6,7,233,2991
4,2,6,7,233,2991
4,9,6,7,233,2991
0,4,6,7,234,2574
1,4,6,7,234,2574
0,3,6,7,234,2574
0,5,6,7,234,2574
3,4,6,7,234,2574
2,3,6,7,234,2574
2,5,6,7,234,2574
1,2,6,7,234,2574
1,6,6,7,234,2574
5,4,6,7,234,2574
4,3,6,7,234,2574
4,5,6,7,234,2574
3,2,6,7,234,2574
3,6,6,7,234,2574
2,1,6,7,234,2574
2,7,6,7,234,2574
7,4,6,7,234,2574
6,3,6,7,234,2574
6,5,6,7,234,2574
5,2,6,7,234,2574
5,6,6,7,234,2574
4,1,6,7,234,2574
4,7,6,7,234,2574
3,0,6,7,234,2574
3,8,6,7,234,2574
9,4,6,7,234,2574
8,3,6,7,234,2574
8,5,6,7,234,2574
7,2,6,7,234,2574
7,6,6,7,234,2574
6,1,6,7,234,2574
6,7,6,7,234,2574
5,0,6,7,234,2574
5,8,6,7,234,2574
4,0,6,7,234,2574
4,9,6,7,234,2574
0,5,6,7,235,2128
2,5,6,7,235,2128
1,4,6,7,235,2128
1,6,6,7,235,2128
4,5,6,7,235,2128
3,4,6,7,235,2128
3,6,6,7,235,2128
2,3,6,7,235,2128
2,7,6,7,235,2128
6,5,6,7,235,2128
5,4,6,7,235,2128
5,6,6,7,235,2128
4,3,6,7,235,2128
4,7,6,7,235,2128
3,2,6,7,235,2128
3,8,6,7,235,2128
8,5,6,7,235,2128
7,4,6,7,235,2128
7,6,6,7,235,2128
6,3,6,7,235,2128
6,7,6,7,235,2128
5,2,6,7,235,2128
5,8,6,7,235,2128
4,1,6,7,235,2128
4,9,6,7,235,2128
1,6,6,7,191,1650
3,6,6,7,191,1650
2,5,6,7,191,1650
2,7,6,7,191,1650
5,6,6,7,191,1650
4,5,6,7,191,1650
4,7,6,7,191,1650
3,4,6,7,191,1650
3,8,6,7,191,1650
7,6,6,7,191,1650
6,5,6,7,191,1650
6,7,6,7,191,1650
5,4,6,7,191,1650
5,8,6,7,191,1650
4,3,6,7,191,1650
4,9,6,7,191,1650
0,1,7,4,236,4110
1,1,7,4,236,4110
0,0,7,4,236,4110
0,2,7,4,236,4110
2,1,7,4,236,4110
1,0,7,4,236,4110
1,2,7,4,236,4110
0,3,7,4,236,4110
3,1,7,4,236,4110
2,0,7,4,236,4110
2,2,7,4,236,4110
1,3,7,4,236,4110
0,4,7,4,236,4110
4,1,7,4,236,4110
3,0,7,4,236,4110
3,2,7,4,236,4110
2,3,7,4,236,4110
1,4,7,4,236,4110
0,5,7,4,236,4110
5,1,7,4,236,4110
4,0,7,4,236,4110
4,2,7,4,236,4110
3,3,7,4,236,4110
2,4,7,4,236,4110
1,5,7,4,236,4110
0,6,7,4,236,4110
6,1,7,4,236,4110
5,0,7,4,236,4110
5,2,7,4,236,4110
4,3,7,4,236,4110
3,4,7,4,236,4110
2,5,7,4,236,4110
1,6,7,4,236,4110
0,7,7,4,236,4110
8,1,7,4,236,4110
7,0,7,4,236,4110
7,2,7,4,236,4110
6,0,7,4,236,4110
6,3,7,4,236,4110
5,4,7,4,236,4110
4,5,7,4,236,4110
3,6,7,4,236,4110
2,7,7,4,236,4110
1,8,7,4,236,4110
9,1,7,4,236,4110
9,0,7,4,236,4110
9,2,7,4,236,4110
8,0,7,4,236,4110
8,3,7,4,236,4110
7,1,7,4,236,4110
7,4,7,4,236,4110
6,2,7,4,236,4110
6,5,7,4,236,4110
5,3,7,4,236,4110
5,6,7,4,236,4110
4,4,7,4,236,4110
4,7,7,4,236,4110
3,5,7,4,236,4110
3,8,7,4,236,4110
2,6,7,4,236,4110
2,9,7,4,236,4110
8,2,7,4,236,4110
9,3,7,4,236,4110
9,4,7,4,236,4110
8,5,7,4,236,4110
7,3,7,4,236,4110
7,6,7,4,236,4110
6,4,7,4,236,4110
6,7,7,4,236,4110
5,5,7,4,236,4110
5,8,7,4,236,4110
4,6,7,4,236,4110
4,9,7,4,236,4110
3,7,7,4,236,4110
3,9,7,4,236,4110
0,6,6,7,237,2127
1,6,6,7,237,2127
0,5,6,7,237,2127
0,7,6,7,237,2127
3,6,6,7,237,2127
2,5,6,7,237,2127
2,7,6,7,237,2127
1,4,6,7,237,2127
1,8,6,7,237,2127
5,6,6,7,237,2127
4,5,6,7,237,2127
4,7,6,7,237,2127
3,4,6,7,237,2127
3,8,6,7,237,2127
2,3,6,7,237,2127
2,9,6,7,237,2127
7,6,6,7,237,2127
6,5,6,7,237,2127
6,7,6,7,237,2127
5,4,6,7,237,2127
5,8,6,7,237,2127
4,3,6,7,237,2127
4,9,6,7,237,2127
3,2,6,7,237,2127
3,9,6,7,237,2127
0,1,7,4,238,4434
1,1,7,4,238,4434
0,0,7,4,238,4434
0,2,7,4,238,4434
2,1,7,4,238,4434
1,0,7,4,238,4434
1,2,7,4,238,4434
0,3,7,4,238,4434
3,1,7,4,238,4434
2,0,7,4,238,4434
2,2,7,4,238,4434
1,3,7,4,238,4434
0,4,7,4,238,4434
4,1,7,4,238,4434
3,0,7,4,238,4434
3,2,7,4,238,4434
2,3,7,4,238,4434
1,4,7,4,238,4434
0,5,7,4,238,4434
5,1,7,4,238,4434
4,0,7,4,238,4434
4,2,7,4,238,4434
3,3,7,4,238,4434
2,4,7,4,238,4434
1,5,7,4,238,4434
0,6,7,4,238,4434
6,1,7,4,238,4434
5,0,7,4,238,4434
5,2,7,4,238,4434
4,3,7,4,238,4434
3,4,7,4,238,4434
2,5,7,4,238,4434
1,6,7,4,238,4434
0,7,7,4,238,4434
7,1,7,4,238,4434
6,0,7,4,238,4434
6,2,7,4,238,4434
5,3,7,4,238,4434
4,4,7,4,238,4434
3,5,7,4,238,4434
2,6,7,4,238,4434
1,7,7,4,238,4434
0,8,7,4,238,4434
8,1,7,4,238,4434
7,0,7,4,238,4434
7,2,7,4,238,4434
6,3,7,4,238,4434
5,4,7,4,238,4434
4,5,7,4,238,4434
3,6,7,4,238,4434
2,7,7,4,238,4434
1,8,7,4,238,4434
0,9,7,4,238,4434
9,1,7,4,238,4434
9,0,7,4,238,4434
9,2,7,4,238,4434
8,0,7,4,238,4434
8,3,7,4,238,4434
7,4,7,4,238,4434
6,5,7,4,238,4434
5,6,7,4,238,4434
4,7,7,4,238,4434
3,8,7,4,238,4434
2,9,7,4,238,4434
1,9,7,4,238,4434
8,2,7,4,238,4434
9,3,7,4,238,4434
9,4,7,4,238,4434
8,5,7,4,238,4434
7,3,7,4,238,4434
7,6,7,4,238,4434
6,4,7,4,238,4434
6,7,7,4,238,4434
5,5,7,4,238,4434
5,8,7,4,238,4434
4,6,7,4,238,4434
4,9,7,4,238,4434
3,7,7,4,238,4434
3,9,7,4,238,4434
2,8,7,4,238,4434
0,2,7,2,239,4104
1,2,7,2,239,4104
0,1,7,2,239,4104
0,3,7,2,239,4104
2,2,7,2,239,4104
1,1,7,2,239,4104
1,3,7,2,239,4104
0,0,7,2,239,4104
0,4,7,2,239,4104
3,2,7,2,239,4104
2,1,7,2,239,4104
2,3,7,2,239,4104
1,0,7,2,239,4104
1,4,7,2,239,4104
0,5,7,2,239,4104
4,2,7,2,239,4104
3,1,7,2,239,4104
3,3,7,2,239,4104
2,0,7,2,239,4104
2,4,7,2,239,4104
1,5,7,2,239,4104
0,6,7,2,239,4104
5,2,7,2,239,4104
4,1,7,2,239,4104
4,3,7,2,239,4104
3,0,7,2,239,4104
3,4,7,2,239,4104
2,5,7,2,239,4104
1,6,7,2,239,4104
0,7,7,2,239,4104
6,2,7,2,239,4104
5,1,7,2,239,4104
5,3,7,2,239,4104
4,0,7,2,239,4104
4,4,7,2,239,4104
3,5,7,2,239,4104
2,6,7,2,239,4104
1,7,7,2,239,4104
0,8,7,2,239,4104
7,2,7,2,239,4104
6,1,7,2,239,4104
6,3,7,2,239,4104
5,0,7,2,239,4104
5,4,7,2,239,4104
4,5,7,2,239,4104
3,6,7,2,239,4104
2,7,7,2,239,4104
1,8,7,2,239,4104
0,9,7,2,239,4104
9,2,7,2,239,4104
8,1,7,2,239,4104
8,3,7,2,239,4104
7,0,7,2,239,4104
7,4,7,2,239,4104
6,0,7,2,239,4104
6,5,7,2,239,4104
5,6,7,2,239,4104
4,7,7,2,239,4104
3,8,7,2,239,4104
2,9,7,2,239,4104
1,9,7,2,239,4104
8,2,7,2,239,4104
9,1,7,2,239,4104
9,3,7,2,239,4104
9,0,7,2,239,4104
9,4,7,2,239,4104
8,0,7,2,239,4104
8,5,7,2,239,4104
7,1,7,2,239,4104
7,6,7,2,239,4104
6,7,7,2,239,4104
5,8,7,2,239,4104
4,9,7,2,239,4104
3,9,7,2,239,4104
2,8,7,2,239,4104
0,4,5,6,240,3379
1,4,5,6,240,3379
0,3,5,6,240,3379
0,5,5,6,240,3379
2,4,5,6,240,3379
1,3,5,6,240,3379
1,5,5,6,240,3379
0,2,5,6,240,3379
0,6,5,6,240,3379
3,4,5,6,240,3379
2,3,5,6,240,3379
2,5,5,6,240,3379
1,2,5,6,240,3379
1,6,5,6,240,3379
0,1,5,6,240,3379
0,7,5,6,240,3379
4,4,5,6,240,3379
3,3,5,6,240,3379
3,5,5,6,240,3379
2,2,5,6,240,3379
2,6,5,6,240,3379
1,1,5,6,240,3379
1,7,5,6,240,3379
0,0,5,6,240,3379
0,8,5,6,240,3379
5,4,5,6,240,3379
4,3,5,6,240,3379
4,5,5,6,240,3379
3,2,5,6,240,3379
3,6,5,6,240,3379
2,1,5,6,240,3379
2,7,5,6,240,3379
1,0,5,6,240,3379
1,8,5,6,240,3379
0,9,5,6,240,3379
7,4,5,6,240,3379
6,3,5,6,240,3379
6,5,5,6,240,3379
5,2,5,6,240,3379
5,6,5,6,240,3379
4,1,5,6,240,3379
4,7,5,6,240,3379
3,0,5,6,240,3379
3,8,5,6,240,3379
2,0,5,6,240,3379
2,9,5,6,240,3379
1,9,5,6,240,3379
9,4,5,6,240,3379
8,3,5,6,240,3379
8,5,5,6,240,3379
7,2,5,6,240,3379
7,6,5,6,240,3379
6,1,5,6,240,3379
6,7,5,6,240,3379
5,0,5,6,240,3379
5,8,5,6,240,3379
4,0,5,6,240,3379
4,9,5,6,240,3379
3,1,5,6,240,3379
3,9,5,6,240,3379
2,8,5,6,240,3379
0,5,6,7,241,2991
1,5,6,7,241,2991
0,4,6,7,241,2991
0,6,6,7,241,2991
2,5,6,7,241,2991
1,4,6,7,241,2991
1,6,6,7,241,2991
0,3,6,7,241,2991
0,7,6,7,241,2991
3,5,6,7,241,2991
2,4,6,7,241,2991
2,6,6,7,241,2991
1,3,6,7,241,2991
1,7,6,7,241,2991
0,2,6,7,241,2991
0,8,6,7,241,2991
4,5,6,7,241,2991
3,4,6,7,241,2991
3,6,6,7,241,2991
2,3,6,7,241,2991
2,7,6,7,241,2991
1,2,6,7,241,2991
1,8,6,7,241,2991
0,1,6,7,241,2991
0,9,6,7,241,2991
6,5,6,7,241,2991
5,4,6,7,241,2991
5,6,6,7,241,2991
4,3,6,7,241,2991
4,7,6,7,241,2991
3,2,6,7,241,2991
3,8,6,7,241,2991
2,1,6,7,241,2991
2,9,6,7,241,2991
1,0,6,7,241,2991
1,9,6,7,241,2991
8,5,6,7,241,2991
7,4,6,7,241,2991
7,6,6,7,241,2991
6,3,6,7,241,2991
6,7,6,7,241,2991
5,2,6,7,241,2991
5,8,6,7,241,2991
4,1,6,7,241,2991
4,9,6,7,241,2991
3,0,6,7,241,2991
3,9,6,7,241,2991
2,0,6,7,241,2991
2,8,6,7,241,2991
0,6,6,7,242,2571
1,6,6,7,242,2571
0,5,6,7,242,2571
0,7,6,7,242,2571
2,6,6,7,242,2571
1,5,6,7,242,2571
1,7,6,7,242,2571
0,4,6,7,242,2571
0,8,6,7,242,2571
3,6,6,7,242,2571
2,5,6,7,242,2571
2,7,6,7,242,2571
1,4,6,7,242,2571
1,8,6,7,242,2571
0,3,6,7,242,2571
0,9,6,7,242,2571
5,6,6,7,242,2571
4,5,6,7,242,2571
4,7,6,7,242,2571
3,4,6,7,242,2571
3,8,6,7,242,2571
2,3,6,7,242,2571
2,9,6,7,242,2571
1,2,6,7,242,2571
1,9,6,7,242,2571
7,6,6,7,242,2571
6,5,6,7,242,2571
6,7,6,7,242,2571
5,4,6,7,242,2571
5,8,6,7,242,2571
4,3,6,7,242,2571
4,9,6,7,242,2571
3,2,6,7,242,2571
3,9,6,7,242,2571
2,1,6,7,242,2571
2,8,6,7,242,2571
0,7,5,6,243,2127
1,7,5,6,243,2127
0,6,5,6,243,2127
0,8,5,6,243,2127
2,7,5,6,243,2127
1,6,5,6,243,2127
1,8,5,6,243,2127
0,5,5,6,243,2127
0,9,5,6,243,2127
4,7,5,6,243,2127
3,6,5,6,243,2127
3,8,5,6,243,2127
2,5,5,6,243,2127
2,9,5,6,243,2127
1,4,5,6,243,2127
1,9,5,6,243,2127
6,7,5,6,243,2127
5,6,5,6,243,2127
5,8,5,6,243,2127
4,5,5,6,243,2127
4,9,5,6,243,2127
3,4,5,6,243,2127
3,9,5,6,243,2127
2,3,5,6,243,2127
2,8,5,6,243,2127
0,8,1,6,244,1650
1,8,1,6,244,1650
0,7,1,6,244,1650
0,9,1,6,244,1650
3,8,1,6,244,1650
2,7,1,6,244,1650
2,9,1,6,244,1650
1,6,1,6,244,1650
1,9,1,6,244,1650
5,8,1,6,244,1650
4,7,1,6,244,1650
4,9,1,6,244,1650
3,6,1,6,244,1650
3,9,1,6,244,1650
2,5,1,6,244,1650
2,8,1,6,244,1650
0,2,7,2,245,4424
1,2,7,2,245,4424
0,1,7,2,245,4424
0,3,7,2,245,4424
2,2,7,2,245,4424
1,1,7,2,245,4424
1,3,7,2,245,4424
0,0,7,2,245,4424
0,4,7,2,245,4424
3,2,7,2,245,4424
2,1,7,2,245,4424
2,3,7,2,245,4424
1,0,7,2,245,4424
1,4,7,2,245,4424
0,5,7,2,245,4424
4,2,7,2,245,4424
3,1,7,2,245,4424
3,3,7,2,245,4424
2,0,7,2,245,4424
2,4,7,2,245,4424
1,5,7,2,245,4424
0,6,7,2,245,4424
5,2,7,2,245,4424
4,1,7,2,245,4424
4,3,7,2,245,4424
3,0,7,2,245,4424
3,4,7,2,245,4424
2,5,7,2,245,4424
1,6,7,2,245,4424
0,7,7,2,245,4424
6,2,7,2,245,4424
5,1,7,2,245,4424
5,3,7,2,245,4424
4,0,7,2,245,4424
4,4,7,2,245,4424
3,5,7,2,245,4424
2,6,7,2,245,4424
1,7,7,2,245,4424
0,8,7,2,245,4424
7,2,7,2,245,4424
6,1,7,2,245,4424
6,3,7,2,245,4424
5,0,7,2,245,4424
5,4,7,2,245,4424
4,5,7,2,245,4424
3,6,7,2,245,4424
2,7,7,2,245,4424
1,8,7,2,245,4424
0,9,7,2,245,4424
8,2,7,2,245,4424
7,1,7,2,245,4424
7,3,7,2,245,4424
6,0,7,2,245,4424
6,4,7,2,245,4424
5,5,7,2,245,4424
4,6,7,2,245,4424
3,7,7,2,245,4424
2,8,7,2,245,4424
1,9,7,2,245,4424
9,2,7,2,245,4424
8,1,7,2,245,4424
8,3,7,2,245,4424
7,0,7,2,245,4424
7,4,7,2,245,4424
6,5,7,2,245,4424
5,6,7,2,245,4424
4,7,7,2,245,4424
3,8,7,2,245,4424
2,9,7,2,245,4424
9,1,7,2,245,4424
9,3,7,2,245,4424
9,0,7,2,245,4424
9,4,7,2,245,4424
8,0,7,2,245,4424
8,5,7,2,245,4424
7,6,7,2,245,4424
6,7,7,2,245,4424
5,8,7,2,245,4424
4,9,7,2,245,4424
3,9,7,2,245,4424
0,3,6,7,246,4086
1,3,6,7,246,4086
0,2,6,7,246,4086
0,4,6,7,246,4086
2,3,6,7,246,4086
1,2,6,7,246,4086
1,4,6,7,246,4086
0,1,6,7,246,4086
0,5,6,7,246,4086
3,3,6,7,246,4086
2,2,6,7,246,4086
2,4,6,7,246,4086
1,1,6,7,246,4086
1,5,6,7,246,4086
0,0,6,7,246,4086
0,6,6,7,246,4086
4,3,6,7,246,4086
3,2,6,7,246,4086
3,4,6,7,246,4086
2,1,6,7,246,4086
2,5,6,7,246,4086
1,0,6,7,246,4086
1,6,6,7,246,4086
0,7,6,7,246,4086
5,3,6,7,246,4086
4,2,6,7,246,4086
4,4,6,7,246,4086
3,1,6,7,246,4086
3,5,6,7,246,4086
2,0,6,7,246,4086
2,6,6,7,246,4086
1,7,6,7,246,4086
0,8,6,7,246,4086
6,3,6,7,246,4086
5,2,6,7,246,4086
5,4,6,7,246,4086
4,1,6,7,246,4086
4,5,6,7,246,4086
3,0,6,7,246,4086
3,6,6,7,246,4086
2,7,6,7,246,4086
1,8,6,7,246,4086
0,9,6,7,246,4086
7,3,6,7,246,4086
6,2,6,7,246,4086
6,4,6,7,246,4086
5,1,6,7,246,4086
5,5,6,7,246,4086
4,0,6,7,246,4086
4,6,6,7,246,4086
3,7,6,7,246,4086
2,8,6,7,246,4086
1,9,6,7,246,4086
8,3,6,7,246,4086
7,2,6,7,246,4086
7,4,6,7,246,4086
6,1,6,7,246,4086
6,5,6,7,246,4086
5,0,6,7,246,4086
5,6,6,7,246,4086
4,7,6,7,246,4086
3,8,6,7,246,4086
2,9,6,7,246,4086
9,3,6,7,246,4086
9,2,6,7,246,4086
9,4,6,7,246,4086
8,1,6,7,246,4086
8,5,6,7,246,4086
7,0,6,7,246,4086
7,6,6,7,246,4086
6,0,6,7,246,4086
6,7,6,7,246,4086
5,8,6,7,246,4086
4,9,6,7,246,4086
3,9,6,7,246,4086
0,4,6,7,247,3745
1,4,6,7,247,3745
0,3,6,7,247,3745
0,5,6,7,247,3745
2,4,6,7,247,3745
1,3,6,7,247,3745
1,5,6,7,247,3745
0,2,6,7,247,3745
0,6,6,7,247,3745
3,4,6,7,247,3745
2,3,6,7,247,3745
2,5,6,7,247,3745
1,2,6,7,247,3745
1,6,6,7,247,3745
0,1,6,7,247,3745
0,7,6,7,247,3745
4,4,6,7,247,3745
3,3,6,7,247,3745
3,5,6,7,247,3745
2,2,6,7,247,3745
2,6,6,7,247,3745
1,1,6,7,247,3745
1,7,6,7,247,3745
0,0,6,7,247,3745
0,8,6,7,247,3745
5,4,6,7,247,3745
4,3,6,7,247,3745
4,5,6,7,247,3745
3,2,6,7,247,3745
3,6,6,7,247,3745
2,1,6,7,247,3745
2,7,6,7,247,3745
1,0,6,7,247,3745
1,8,6,7,247,3745
0,9,6,7,247,3745
6,4,6,7,247,3745
5,3,6,7,247,3745
5,5,6,7,247,3745
4,2,6,7,247,3745
4,6,6,7,247,3745
3,1,6,7,247,3745
3,7,6,7,247,3745
2,0,6,7,247,3745
2,8,6,7,247,3745
1,9,6,7,247,3745
7,4,6,7,247,3745
6,3,6,7,247,3745
6,5,6,7,247,3745
5,2,6,7,247,3745
5,6,6,7,247,3745
4,1,6,7,247,3745
4,7,6,7,247,3745
3,0,6,7,247,3745
3,8,6,7,247,3745
2,9,6,7,247,3745
9,4,6,7,247,3745
8,3,6,7,247,3745
8,5,6,7,247,3745
7,2,6,7,247,3745
7,6,6,7,247,3745
6,1,6,7,247,3745
6,7,6,7,247,3745
5,0,6,7,247,3745
5,8,6,7,247,3745
4,0,6,7,247,3745
4,9,6,7,247,3745
3,9,6,7,247,3745
0,5,6,7,248,3379
1,5,6,7,248,3379
0,4,6,7,248,3379
0,6,6,7,248,3379
2,5,6,7,248,3379
1,4,6,7,248,3379
1,6,6,7,248,3379
0,3,6,7,248,3379
0,7,6,7,248,3379
3,5,6,7,248,3379
2,4,6,7,248,3379
2,6,6,7,248,3379
1,3,6,7,248,3379
1,7,6,7,248,3379
0,2,6,7,248,3379
0,8,6,7,248,3379
4,5,6,7,248,3379
3,4,6,7,248,3379
3,6,6,7,248,3379
2,3,6,7,248,3379
2,7,6,7,248,3379
1,2,6,7,248,3379
1,8,6,7,248,3379
0,1,6,7,248,3379
0,9,6,7,248,3379
5,5,6,7,248,3379
4,4,6,7,248,3379
4,6,6,7,248,3379
3,3,6,7,248,3379
3,7,6,7,248,3379
2,2,6,7,248,3379
2,8,6,7,248,3379
1,1,6,7,248,3379
1,9,6,7,248,3379
0,0,6,7,248,3379
6,5,6,7,248,3379
5,4,6,7,248,3379
5,6,6,7,248,3379
4,3,6,7,248,3379
4,7,6,7,248,3379
3,2,6,7,248,3379
3,8,6,7,248,3379
2,1,6,7,248,3379
2,9,6,7,248,3379
1,0,6,7,248,3379
8,5,6,7,248,3379
7,4,6,7,248,3379
7,6,6,7,248,3379
6,3,6,7,248,3379
6,7,6,7,248,3379
5,2,6,7,248,3379
5,8,6,7,248,3379
4,1,6,7,248,3379
4,9,6,7,248,3379
3,0,6,7,248,3379
3,9,6,7,248,3379
2,0,6,7,248,3379
0,6,6,7,249,2986
1,6,6,7,249,2986
0,5,6,7,249,2986
0,7,6,7,249,2986
2,6,6,7,249,2986
1,5,6,7,249,2986
1,7,6,7,249,2986
0,4,6,7,249,2986
0,8,6,7,249,2986
3,6,6,7,249,2986
2,5,6,7,249,2986
2,7,6,7,249,2986
1,4,6,7,249,2986
1,8,6,7,249,2986
0,3,6,7,249,2986
0,9,6,7,249,2986
4,6,6,7,249,2986
3,5,6,7,249,2986
3,7,6,7,249,2986
2,4,6,7,249,2986
2,8,6,7,249,2986
1,3,6,7,249,2986
1,9,6,7,249,2986
0,2,6,7,249,2986
5,6,6,7,249,2986
4,5,6,7,249,2986
4,7,6,7,249,2986
3,4,6,7,249,2986
3,8,6,7,249,2986
2,3,6,7,249,2986
2,9,6,7,249,2986
1,2,6,7,249,2986
0,1,6,7,249,2986
7,6,6,7,249,2986
6,5,6,7,249,2986
6,7,6,7,249,2986
5,4,6,7,249,2986
5,8,6,7,249,2986
4,3,6,7,249,2986
4,9,6,7,249,2986
3,2,6,7,249,2986
3,9,6,7,249,2986
2,1,6,7,249,2986
1,0,6,7,249,2986
0,7,5,6,250,2571
1,7,5,6,250,2571
0,6,5,6,250,2571
0,8,5,6,250,2571
2,7,5,6,250,2571
1,6,5,6,250,2571
1,8,5,6,250,2571
0,5,5,6,250,2571
0,9,5,6,250,2571
3,7,5,6,250,2571
2,6,5,6,250,2571
2,8,5,6,250,2571
1,5,5,6,250,2571
1,9,5,6,250,2571
0,4,5,6,250,2571
4,7,5,6,250,2571
3,6,5,6,250,2571
3,8,5,6,250,2571
2,5,5,6,250,2571
2,9,5,6,250,2571
1,4,5,6,250,2571
0,3,5,6,250,2571
6,7,5,6,250,2571
5,6,5,6,250,2571
5,8,5,6,250,2571
4,5,5,6,250,2571
4,9,5,6,250,2571
3,4,5,6,250,2571
3,9,5,6,250,2571
2,3,5,6,250,2571
1,2,5,6,250,2571
0,8,3,6,251,2128
1,8,3,6,251,2128
0,7,3,6,251,2128
0,9,3,6,251,2128
2,8,3,6,251,2128
1,7,3,6,251,2128
1,9,3,6,251,2128
0,6,3,6,251,2128
3,8,3,6,251,2128
2,7,3,6,251,2128
2,9,3,6,251,2128
1,6,3,6,251,2128
0,5,3,6,251,2128
5,8,3,6,251,2128
4,7,3,6,251,2128
4,9,3,6,251,2128
3,6,3,6,251,2128
3,9,3,6,251,2128
2,5,3,6,251,2128
1,4,3,6,251,2128
0,9,1,6,252,1650
1,9,1,6,252,1650
0,8,1,6,252,1650
2,9,1,6,252,1650
1,8,1,6,252,1650
0,7,1,6,252,1650
4,9,1,6,252,1650
3,8,1,6,252,1650
3,9,1,6,252,1650
2,7,1,6,252,1650
2,8,1,6,252,1650
1,6,1,6,252,1650
1,7,1,6,252,1650
0,3,6,7,253,4431
1,3,6,7,253,4431
0,2,6,7,253,4431
0,4,6,7,253,4431
2,3,6,7,253,4431
1,2,6,7,253,4431
1,4,6,7,253,4431
0,1,6,7,253,4431
0,5,6,7,253,4431
3,3,6,7,253,4431
2,2,6,7,253,4431
2,4,6,7,253,4431
1,1,6,7,253,4431
1,5,6,7,253,4431
0,0,6,7,253,4431
0,6,6,7,253,4431
4,3,6,7,253,4431
3,2,6,7,253,4431
3,4,6,7,253,4431
2,1,6,7,253,4431
2,5,6,7,253,4431
1,0,6,7,253,4431
1,6,6,7,253,4431
0,7,6,7,253,4431
5,3,6,7,253,4431
4,2,6,7,253,4431
4,4,6,7,253,4431
3,1,6,7,253,4431
3,5,6,7,253,4431
2,0,6,7,253,4431
2,6,6,7,253,4431
1,7,6,7,253,4431
0,8,6,7,253,4431
6,3,6,7,253,4431
5,2,6,7,253,4431
5,4,6,7,253,4431
4,1,6,7,253,4431
4,5,6,7,253,4431
3,0,6,7,253,4431
3,6,6,7,253,4431
2,7,6,7,253,4431
1,8,6,7,253,4431
0,9,6,7,253,4431
7,3,6,7,253,4431
6,2,6,7,253,4431
6,4,6,7,253,4431
5,1,6,7,253,4431
5,5,6,7,253,4431
4,0,6,7,253,4431
4,6,6,7,253,4431
3,7,6,7,253,4431
2,8,6,7,253,4431
1,9,6,7,253,4431
8,3,6,7,253,4431
7,2,6,7,253,4431
7,4,6,7,253,4431
6,1,6,7,253,4431
6,5,6,7,253,4431
5,0,6,7,253,4431
5,6,6,7,253,4431
4,7,6,7,253,4431
3,8,6,7,253,4431
2,9,6,7,253,4431
9,3,6,7,253,4431
8,2,6,7,253,4431
8,4,6,7,253,4431
7,1,6,7,253,4431
7,5,6,7,253,4431
6,0,6,7,253,4431
6,6,6,7,253,4431
5,7,6,7,253,4431
4,8,6,7,253,4431
3,9,6,7,253,4431
9,2,6,7,253,4431
9,4,6,7,253,4431
8,1,6,7,253,4431
8,5,6,7,253,4431
7,0,6,7,253,4431
7,6,6,7,253,4431
6,7,6,7,253,4431
5,8,6,7,253,4431
4,9,6,7,253,4431
0,4,6,7,254,4101
1,4,6,7,254,4101
0,3,6,7,254,4101
0,5,6,7,254,4101
2,4,6,7,254,4101
1,3,6,7,254,4101
1,5,6,7,254,4101
0,2,6,7,254,4101
0,6,6,7,254,4101
3,4,6,7,254,4101
2,3,6,7,254,4101
2,5,6,7,254,4101
1,2,6,7,254,4101
1,6,6,7,254,4101
0,1,6,7,254,4101
0,7,6,7,254,4101
4,4,6,7,254,4101
3,3,6,7,254,4101
3,5,6,7,254,4101
2,2,6,7,254,4101
2,6,6,7,254,4101
1,1,6,7,254,4101
1,7,6,7,254,4101
0,0,6,7,254,4101
0,8,6,7,254,4101
5,4,6,7,254,4101
4,3,6,7,254,4101
4,5,6,7,254,4101
3,2,6,7,254,4101
3,6,6,7,254,4101
2,1,6,7,254,4101
2,7,6,7,254,4101
1,0,6,7,254,4101
1,8,6,7,254,4101
0,9,6,7,254,4101
6,4,6,7,254,4101
5,3,6,7,254,4101
5,5,6,7,254,4101
4,2,6,7,254,4101
4,6,6,7,254,4101
3,1,6,7,254,4101
3,7,6,7,254,4101
2,0,6,7,254,4101
2,8,6,7,254,4101
1,9,6,7,254,4101
7,4,6,7,254,4101
6,3,6,7,254,4101
6,5,6,7,254,4101
5,2,6,7,254,4101
5,6,6,7,254,4101
4,1,6,7,254,4101
4,7,6,7,254,4101
3,0,6,7,254,4101
3,8,6,7,254,4101
2,9,6,7,254,4101
8,4,6,7,254,4101
7,3,6,7,254,4101
7,5,6,7,254,4101
6,2,6,7,254,4101
6,6,6,7,254,4101
5,1,6,7,254,4101
5,7,6,7,254,4101
4,0,6,7,254,4101
4,8,6,7,254,4101
3,9,6,7,254,4101
9,4,6,7,254,4101
8,3,6,7,254,4101
8,5,6,7,254,4101
7,2,6,7,254,4101
7,6,6,7,254,4101
6,1,6,7,254,4101
6,7,6,7,254,4101
5,0,6,7,254,4101
5,8,6,7,254,4101
4,9,6,7,254,4101
0,5,6,7,255,3748
1,5,6,7,255,3748
0,4,6,7,255,3748
0,6,6,7,255,3748
2,5,6,7,255,3748
1,4,6,7,255,3748
1,6,6,7,255,3748
0,3,6,7,255,3748
0,7,6,7,255,3748
3,5,6,7,255,3748
2,4,6,7,255,3748
2,6,6,7,255,3748
1,3,6,7,255,3748
1,7,6,7,255,3748
0,2,6,7,255,3748
0,8,6,7,255,3748
4,5,6,7,255,3748
3,4,6,7,255,3748
3,6,6,7,255,3748
2,3,6,7,255,3748
2,7,6,7,255,3748
1,2,6,7,255,3748
1,8,6,7,255,3748
0,1,6,7,255,3748
0,9,6,7,255,3748
5,5,6,7,255,3748
4,4,6,7,255,3748
4,6,6,7,255,3748
3,3,6,7,255,3748
3,7,6,7,255,3748
2,2,6,7,255,3748
2,8,6,7,255,3748
1,1,6,7,255,3748
1,9,6,7,255,3748
0,0,6,7,255,3748
6,5,6,7,255,3748
5,4,6,7,255,3748
5,6,6,7,255,3748
4,3,6,7,255,3748
4,7,6,7,255,3748
3,2,6,7,255,3748
3,8,6,7,255,3748
2,1,6,7,255,3748
2,9,6,7,255,3748
1,0,6,7,255,3748
7,5,6,7,255,3748
6,4,6,7,255,3748
6,6,6,7,255,3748
5,3,6,7,255,3748
5,7,6,7,255,3748
4,2,6,7,255,3748
4,8,6,7,255,3748
3,1,6,7,255,3748
3,9,6,7,255,3748
2,0,6,7,255,3748
8,5,6,7,255,3748
7,4,6,7,255,3748
7,6,6,7,255,3748
6,3,6,7,255,3748
6,7,6,7,255,3748
5,2,6,7,255,3748
5,8,6,7,255,3748
4,1,6,7,255,3748
4,9,6,7,255,3748
3,0,6,7,255,3748
0,6,6,7,256,3381
1,6,6,7,256,3381
0,5,6,7,256,3381
0,7,6,7,256,3381
2,6,6,7,256,3381
1,5,6,7,256,3381
1,7,6,7,256,3381
0,4,6,7,256,3381
0,8,6,7,256,3381
3,6,6,7,256,3381
2,5,6,7,256,3381
2,7,6,7,256,3381
1,4,6,7,256,3381
1,8,6,7,256,3381
0,3,6,7,256,3381
0,9,6,7,256,3381
4,6,6,7,256,3381
3,5,6,7,256,3381
3,7,6,7,256,3381
2,4,6,7,256,3381
2,8,6,7,256,3381
1,3,6,7,256,3381
1,9,6,7,256,3381
0,2,6,7,256,3381
5,6,6,7,256,3381
4,5,6,7,256,3381
4,7,6,7,256,3381
3,4,6,7,256,3381
3,8,6,7,256,3381
2,3,6,7,256,3381
2,9,6,7,256,3381
1,2,6,7,256,3381
0,1,6,7,256,3381
6,6,6,7,256,3381
5,5,6,7,256,3381
5,7,6,7,256,3381
4,4,6,7,256,3381
4,8,6,7,256,3381
3,3,6,7,256,3381
3,9,6,7,256,3381
2,2,6,7,256,3381
1,1,6,7,256,3381
0,0,6,7,256,3381
7,6,6,7,256,3381
6,5,6,7,256,3381
6,7,6,7,256,3381
5,4,6,7,256,3381
5,8,6,7,256,3381
4,3,6,7,256,3381
4,9,6,7,256,3381
3,2,6,7,256,3381
2,1,6,7,256,3381
1,0,6,7,256,3381
0,8,3,6,257,2578
1,8,3,6,257,2578
0,7,3,6,257,2578
0,9,3,6,257,2578
2,8,3,6,257,2578
1,7,3,6,257,2578
1,9,3,6,257,2578
0,6,3,6,257,2578
3,8,3,6,257,2578
2,7,3,6,257,2578
2,9,3,6,257,2578
1,6,3,6,257,2578
0,5,3,6,257,2578
4,8,3,6,257,2578
3,7,3,6,257,2578
3,9,3,6,257,2578
2,6,3,6,257,2578
1,5,3,6,257,2578
0,4,3,6,257,2578
5,8,3,6,257,2578
4,7,3,6,257,2578
4,9,3,6,257,2578
3,6,3,6,257,2578
2,5,3,6,257,2578
1,4,3,6,257,2578
0,3,3,6,257,2578
0,9,1,6,258,2133
1,9,1,6,258,2133
0,8,1,6,258,2133
2,9,1,6,258,2133
1,8,1,6,258,2133
0,7,1,6,258,2133
3,9,1,6,258,2133
2,8,1,6,258,2133
1,7,1,6,258,2133
0,6,1,6,258,2133
4,9,1,6,258,2133
3,8,1,6,258,2133
2,7,1,6,258,2133
1,6,1,6,258,2133
0,5,1,6,258,2133
7,2,7,2,259,1138
9,2,7,2,259,1138
8,1,7,2,259,1138
8,3,7,2,259,1138
8,2,7,2,259,1138
9,1,7,2,259,1138
9,3,7,2,259,1138
9,0,7,2,259,1138
9,4,7,2,259,1138
8,3,8,3,139,588
9,3,8,3,139,588
9,2,8,3,139,588
9,4,8,3,139,588
6,3,7,4,181,1138
8,3,7,4,181,1138
7,2,7,4,181,1138
7,4,7,4,181,1138
9,3,7,4,181,1138
9,2,7,4,181,1138
9,4,7,4,181,1138
8,1,7,4,181,1138
8,5,7,4,181,1138
7,4,7,4,43,588
9,4,7,4,43,588
8,3,7,4,43,588
8,5,7,4,43,588
5,4,6,5,62,1138
7,4,6,5,62,1138
6,3,6,5,62,1138
6,5,6,5,62,1138
9,4,6,5,62,1138
8,3,6,5,62,1138
8,5,6,5,62,1138
7,2,6,5,62,1138
7,6,6,5,62,1138
6,5,6,5,43,588
8,5,6,5,43,588
7,4,6,5,43,588
7,6,6,5,43,588
4,5,6,7,82,1136
6,5,6,7,82,1136
5,4,6,7,82,1136
5,6,6,7,82,1136
8,5,6,7,82,1136
7,4,6,7,82,1136
7,6,6,7,82,1136
6,3,6,7,82,1136
6,7,6,7,82,1136
5,6,6,7,18,588
7,6,6,7,18,588
6,5,6,7,18,588
6,7,6,7,18,588
3,6,6,7,87,1138
5,6,6,7,87,1138
4,5,6,7,87,1138
4,7,6,7,87,1138
7,6,6,7,87,1138
6,5,6,7,87,1138
6,7,6,7,87,1138
5,4,6,7,87,1138
5,8,6,7,87,1138
4,7,6,7,39,588
6,7,6,7,39,588
5,6,6,7,39,588
5,8,6,7,39,588
2,7,6,7,81,1136
4,7,6,7,81,1136
3,6,6,7,81,1136
3,8,6,7,81,1136
6,7,6,7,81,1136
5,6,6,7,81,1136
5,8,6,7,81,1136
4,5,6,7,81,1136
4,9,6,7,81,1136
1,8,1,8,260,1136
3,8,1,8,260,1136
2,7,1,8,260,1136
2,9,1,8,260,1136
5,8,1,8,260,1136
4,7,1,8,260,1136
4,9,1,8,260,1136
3,6,1,8,260,1136
3,9,1,8,260,1136
0,9,1,8,261,1139
2,9,1,8,261,1139
1,8,1,8,261,1139
1,9,1,8,261,1139
4,9,1,8,261,1139
3,8,1,8,261,1139
3,9,1,8,261,1139
2,7,1,8,261,1139
2,8,1,8,261,1139
9,4,9,4,0,0
8,5,8,5,0,0
7,6,7,6,0,0
6,7,6,7,0,0
5,8,5,8,0,0
4,9,4,9,0,0
0,0,6,6,262,4431
1,0,6,6,262,4431
0,1,6,6,262,4431
2,0,6,6,262,4431
1,1,6,6,262,4431
0,2,6,6,262,4431
3,0,6,6,262,4431
2,1,6,6,262,4431
1,2,6,6,262,4431
0,3,6,6,262,4431
4,0,6,6,262,4431
3,1,6,6,262,4431
2,2,6,6,262,4431
1,3,6,6,262,4431
0,4,6,6,262,4431
5,0,6,6,262,4431
4,1,6,6,262,4431
3,2,6,6,262,4431
2,3,6,6,262,4431
1,4,6,6,262,4431
0,5,6,6,262,4431
6,0,6,6,262,4431
5,1,6,6,262,4431
4,2,6,6,262,4431
3,3,6,6,262,4431
2,4,6,6,262,4431
1,5,6,6,262,4431
0,6,6,6,262,4431
8,0,6,6,262,4431
7,0,6,6,262,4431
7,1,6,6,262,4431
6,1,6,6,262,4431
6,2,6,6,262,4431
5,2,6,6,262,4431
5,3,6,6,262,4431
4,3,6,6,262,4431
4,4,6,6,262,4431
3,4,6,6,262,4431
3,5,6,6,262,4431
2,5,6,6,262,4431
2,6,6,6,262,4431
1,6,6,6,262,4431
1,7,6,6,262,4431
9,0,6,6,262,4431
9,1,6,6,262,4431
8,1,6,6,262,4431
8,2,6,6,262,4431
7,2,6,6,262,4431
7,3,6,6,262,4431
6,3,6,6,262,4431
6,4,6,6,262,4431
5,4,6,6,262,4431
5,5,6,6,262,4431
4,5,6,6,262,4431
4,6,6,6,262,4431
3,6,6,6,262,4431
3,7,6,6,262,4431
2,7,6,6,262,4431
2,8,6,6,262,4431
9,2,6,6,262,4431
9,3,6,6,262,4431
8,3,6,6,262,4431
8,4,6,6,262,4431
7,4,6,6,262,4431
7,5,6,6,262,4431
6,5,6,6,262,4431
6,6,6,6,262,4431
5,6,6,6,262,4431
5,7,6,6,262,4431
4,7,6,6,262,4431
4,8,6,6,262,4431
3,8,6,6,262,4431
3,9,6,6,262,4431
9,4,6,6,262,4431
9,5,6,6,262,4431
8,5,6,6,262,4431
8,6,6,6,262,4431
7,6,6,6,262,4431
7,7,6,6,262,4431
6,7,6,6,262,4431
6,8,6,6,262,4431
5,8,6,6,262,4431
5,9,6,6,262,4431
4,9,6,6,262,4431
0,0,6,6,263,4101
1,0,6,6,263,4101
0,1,6,6,263,4101
2,0,6,6,263,4101
1,1,6,6,263,4101
0,2,6,6,263,4101
3,0,6,6,263,4101
2,1,6,6,263,4101
1,2,6,6,263,4101
0,3,6,6,263,4101
4,0,6,6,263,4101
3,1,6,6,263,4101
2,2,6,6,263,4101
1,3,6,6,263,4101
0,4,6,6,263,4101
6,0,6,6,263,4101
5,0,6,6,263,4101
5,1,6,6,263,4101
4,1,6,6,263,4101
4,2,6,6,263,4101
3,2,6,6,263,4101
3,3,6,6,263,4101
2,3,6,6,263,4101
2,4,6,6,263,4101
1,4,6,6,263,4101
1,5,6,6,263,4101
8,0,6,6,263,4101
7,0,6,6,263,4101
7,1,6,6,263,4101
6,1,6,6,263,4101
6,2,6,6,263,4101
5,2,6,6,263,4101
5,3,6,6,263,4101
4,3,6,6,263,4101
4,4,6,6,263,4101
3,4,6,6,263,4101
3,5,6,6,263,4101
2,5,6,6,263,4101
2,6,6,6,263,4101
9,0,6,6,263,4101
9,1,6,6,263,4101
8,1,6,6,263,4101
8,2,6,6,263,4101
7,2,6,6,263,4101
7,3,6,6,263,4101
6,3,6,6,263,4101
6,4,6,6,263,4101
5,4,6,6,263,4101
5,5,6,6,263,4101
4,5,6,6,263,4101
4,6,6,6,263,4101
3,6,6,6,263,4101
3,7,6,6,263,4101
9,2,6,6,263,4101
9,3,6,6,263,4101
8,3,6,6,263,4101
8,4,6,6,263,4101
7,4,6,6,263,4101
7,5,6,6,263,4101
6,5,6,6,263,4101
6,6,6,6,263,4101
5,6,6,6,263,4101
5,7,6,6,263,4101
4,7,6,6,263,4101
4,8,6,6,263,4101
9,4,6,6,263,4101
9,5,6,6,263,4101
8,5,6,6,263,4101
8,6,6,6,263,4101
7,6,6,6,263,4101
7,7,6,6,263,4101
6,7,6,6,263,4101
6,8,6,6,263,4101
5,8,6,6,263,4101
5,9,6,6,263,4101
0,0,6,6,264,3748
1,0,6,6,264,3748
0,1,6,6,264,3748
2,0,6,6,264,3748
1,1,6,6,264,3748
0,2,6,6,264,3748
4,0,6,6,264,3748
3,0,6,6,264,3748
3,1,6,6,264,3748
2,1,6,6,264,3748
2,2,6,6,264,3748
1,2,6,6,264,3748
1,3,6,6,264,3748
6,0,6,6,264,3748
5,0,6,6,264,3748
5,1,6,6,264,3748
4,1,6,6,264,3748
4,2,6,6,264,3748
3,2,6,6,264,3748
3,3,6,6,264,3748
2,3,6,6,264,3748
2,4,6,6,264,3748
8,0,6,6,264,3748
7,0,6,6,264,3748
7,1,6,6,264,3748
6,1,6,6,264,3748
6,2,6,6,264,3748
5,2,6,6,264,3748
5,3,6,6,264,3748
4,3,6,6,264,3748
4,4,6,6,264,3748
3,4,6,6,264,3748
3,5,6,6,264,3748
9,0,6,6,264,3748
9,1,6,6,264,3748
8,1,6,6,264,3748
8,2,6,6,264,3748
7,2,6,6,264,3748
7,3,6,6,264,3748
6,3,6,6,264,3748
6,4,6,6,264,3748
5,4,6,6,264,3748
5,5,6,6,264,3748
4,5,6,6,264,3748
4,6,6,6,264,3748
9,2,6,6,264,3748
9,3,6,6,264,3748
8,3,6,6,264,3748
8,4,6,6,264,3748
7,4,6,6,264,3748
7,5,6,6,264,3748
6,5,6,6,264,3748
6,6,6,6,264,3748
5,6,6,6,264,3748
5,7,6,6,264,3748
9,4,6,6,264,3748
9,5,6,6,264,3748
8,5,6,6,264,3748
8,6,6,6,264,3748
7,6,6,6,264,3748
7,7,6,6,264,3748
6,7,6,6,264,3748
6,8,6,6,264,3748
0,0,6,4,265,3395
2,0,6,4,265,3395
1,0,6,4,265,3395
1,1,6,4,265,3395
4,0,6,4,265,3395
3,0,6,4,265,3395
3,1,6,4,265,3395
2,1,6,4,265,3395
2,2,6,4,265,3395
6,0,6,4,265,3395
5,0,6,4,265,3395
5,1,6,4,265,3395
4,1,6,4,265,3395
4,2,6,4,265,3395
3,2,6,4,265,3395
3,3,6,4,265,3395
8,0,6,4,265,3395
7,0,6,4,265,3395
7,1,6,4,265,3395
6,1,6,4,265,3395
6,2,6,4,265,3395
5,2,6,4,265,3395
5,3,6,4,265,3395
4,3,6,4,265,3395
4,4,6,4,265,3395
9,0,6,4,265,3395
9,1,6,4,265,3395
8,1,6,4,265,3395
8,2,6,4,265,3395
7,2,6,4,265,3395
7,3,6,4,265,3395
6,3,6,4,265,3395
6,4,6,4,265,3395
5,4,6,4,265,3395
5,5,6,4,265,3395
9,2,6,4,265,3395
9,3,6,4,265,3395
8,3,6,4,265,3395
8,4,6,4,265,3395
7,4,6,4,265,3395
7,5,6,4,265,3395
6,5,6,4,265,3395
6,6,6,4,265,3395
9,4,6,4,265,3395
9,5,6,4,265,3395
8,5,6,4,265,3395
8,6,6,4,265,3395
7,6,6,4,265,3395
7,7,6,4,265,3395
2,0,7,3,266,3008
4,0,7,3,266,3008
3,0,7,3,266,3008
3,1,7,3,266,3008
6,0,7,3,266,3008
5,0,7,3,266,3008
5,1,7,3,266,3008
4,1,7,3,266,3008
4,2,7,3,266,3008
8,0,7,3,266,3008
7,0,7,3,266,3008
7,1,7,3,266,3008
6,1,7,3,266,3008
6,2,7,3,266,3008
5,2,7,3,266,3008
5,3,7,3,266,3008
9,0,7,3,266,3008
9,1,7,3,266,3008
8,1,7,3,266,3008
8,2,7,3,266,3008
7,2,7,3,266,3008
7,3,7,3,266,3008
6,3,7,3,266,3008
6,4,7,3,266,3008
9,2,7,3,266,3008
9,3,7,3,266,3008
8,3,7,3,266,3008
8,4,7,3,266,3008
7,4,7,3,266,3008
7,5,7,3,266,3008
9,4,7,3,266,3008
9,5,7,3,266,3008
8,5,7,3,266,3008
8,6,7,3,266,3008
4,0,6,2,267,2585
6,0,6,2,267,2585
5,0,6,2,267,2585
5,1,6,2,267,2585
8,0,6,2,267,2585
7,0,6,2,267,2585
7,1,6,2,267,2585
6,1,6,2,267,2585
6,2,6,2,267,2585
9,0,6,2,267,2585
9,1,6,2,267,2585
8,1,6,2,267,2585
8,2,6,2,267,2585
7,2,6,2,267,2585
7,3,6,2,267,2585
9,2,6,2,267,2585
9,3,6,2,267,2585
8,3,6,2,267,2585
8,4,6,2,267,2585
9,4,6,2,267,2585
9,5,6,2,267,2585
5,1,7,3,268,2130
7,1,7,3,268,2130
6,0,7,3,268,2130
6,2,7,3,268,2130
9,1,7,3,268,2130
8,0,7,3,268,2130
8,2,7,3,268,2130
7,0,7,3,268,2130
7,3,7,3,268,2130
8,1,7,3,268,2130
9,0,7,3,268,2130
9,2,7,3,268,2130
9,3,7,3,268,2130
8,4,7,3,268,2130
6,1,7,3,268,2130
7,2,7,3,268,2130
8,3,7,3,268,2130
9,4,7,3,268,2130
9,5,7,3,268,2130
3,1,6,4,269,2574
5,1,6,4,269,2574
4,0,6,4,269,2574
4,2,6,4,269,2574
7,1,6,4,269,2574
6,0,6,4,269,2574
6,2,6,4,269,2574
5,0,6,4,269,2574
5,3,6,4,269,2574
9,1,6,4,269,2574
8,0,6,4,269,2574
8,2,6,4,269,2574
7,0,6,4,269,2574
7,3,6,4,269,2574
6,1,6,4,269,2574
6,4,6,4,269,2574
8,1,6,4,269,2574
9,0,6,4,269,2574
9,2,6,4,269,2574
9,3,6,4,269,2574
8,4,6,4,269,2574
7,2,6,4,269,2574
7,5,6,4,269,2574
8,3,6,4,269,2574
9,4,6,4,269,2574
9,5,6,4,269,2574
8,6,6,4,269,2574
4,2,6,4,270,2128
6,2,6,4,270,2128
5,1,6,4,270,2128
5,3,6,4,270,2128
8,2,6,4,270,2128
7,1,6,4,270,2128
7,3,6,4,270,2128
6,0,6,4,270,2128
6,4,6,4,270,2128
9,2,6,4,270,2128
9,1,6,4,270,2128
9,3,6,4,270,2128
8,0,6,4,270,2128
8,4,6,4,270,2128
7,0,6,4,270,2128
7,5,6,4,270,2128
7,2,6,4,270,2128
8,1,6,4,270,2128
8,3,6,4,270,2128
9,0,6,4,270,2128
9,4,6,4,270,2128
9,5,6,4,270,2128
8,6,6,4,270,2128
1,1,6,6,271,2986
3,1,6,6,271,2986
2,0,6,6,271,2986
2,2,6,6,271,2986
5,1,6,6,271,2986
4,0,6,6,271,2986
4,2,6,6,271,2986
3,0,6,6,271,2986
3,3,6,6,271,2986
7,1,6,6,271,2986
6,0,6,6,271,2986
6,2,6,6,271,2986
5,0,6,6,271,2986
5,3,6,6,271,2986
4,1,6,6,271,2986
4,4,6,6,271,2986
9,1,6,6,271,2986
8,0,6,6,271,2986
8,2,6,6,271,2986
7,0,6,6,271,2986
7,3,6,6,271,2986
6,1,6,6,271,2986
6,4,6,6,271,2986
5,2,6,6,271,2986
5,5,6,6,271,2986
8,1,6,6,271,2986
9,0,6,6,271,2986
9,2,6,6,271,2986
9,3,6,6,271,2986
8,4,6,6,271,2986
7,2,6,6,271,2986
7,5,6,6,271,2986
6,3,6,6,271,2986
6,6,6,6,271,2986
8,3,6,6,271,2986
9,4,6,6,271,2986
9,5,6,6,271,2986
8,6,6,6,271,2986
7,4,6,6,271,2986
7,7,6,6,271,2986
2,2,6,6,272,2571
4,2,6,6,272,2571
3,1,6,6,272,2571
3,3,6,6,272,2571
6,2,6,6,272,2571
5,1,6,6,272,2571
5,3,6,6,272,2571
4,0,6,6,272,2571
4,4,6,6,272,2571
8,2,6,6,272,2571
7,1,6,6,272,2571
7,3,6,6,272,2571
6,0,6,6,272,2571
6,4,6,6,272,2571
5,0,6,6,272,2571
5,5,6,6,272,2571
9,2,6,6,272,2571
9,1,6,6,272,2571
9,3,6,6,272,2571
8,0,6,6,272,2571
8,4,6,6,272,2571
7,0,6,6,272,2571
7,5,6,6,272,2571
6,1,6,6,272,2571
6,6,6,6,272,2571
7,2,6,6,272,2571
8,1,6,6,272,2571
8,3,6,6,272,2571
9,0,6,6,272,2571
9,4,6,6,272,2571
9,5,6,6,272,2571
8,6,6,6,272,2571
7,7,6,6,272,2571
3,3,6,6,273,2127
5,3,6,6,273,2127
4,2,6,6,273,2127
4,4,6,6,273,2127
7,3,6,6,273,2127
6,2,6,6,273,2127
6,4,6,6,273,2127
5,1,6,6,273,2127
5,5,6,6,273,2127
9,3,6,6,273,2127
8,2,6,6,273,2127
8,4,6,6,273,2127
7,1,6,6,273,2127
7,5,6,6,273,2127
6,0,6,6,273,2127
6,6,6,6,273,2127
8,3,6,6,273,2127
9,2,6,6,273,2127
9,4,6,6,273,2127
9,1,6,6,273,2127
9,5,6,6,273,2127
8,0,6,6,273,2127
8,6,6,6,273,2127
7,0,6,6,273,2127
7,7,6,6,273,2127
0,1,6,6,274,3379
1,1,6,6,274,3379
0,0,6,6,274,3379
0,2,6,6,274,3379
3,1,6,6,274,3379
2,0,6,6,274,3379
2,2,6,6,274,3379
1,0,6,6,274,3379
1,3,6,6,274,3379
5,1,6,6,274,3379
4,0,6,6,274,3379
4,2,6,6,274,3379
3,0,6,6,274,3379
3,3,6,6,274,3379
2,1,6,6,274,3379
2,4,6,6,274,3379
7,1,6,6,274,3379
6,0,6,6,274,3379
6,2,6,6,274,3379
5,0,6,6,274,3379
5,3,6,6,274,3379
4,1,6,6,274,3379
4,4,6,6,274,3379
3,2,6,6,274,3379
3,5,6,6,274,3379
9,1,6,6,274,3379
8,0,6,6,274,3379
8,2,6,6,274,3379
7,0,6,6,274,3379
7,3,6,6,274,3379
6,1,6,6,274,3379
6,4,6,6,274,3379
5,2,6,6,274,3379
5,5,6,6,274,3379
4,3,6,6,274,3379
4,6,6,6,274,3379
8,1,6,6,274,3379
9,0,6,6,274,3379
9,2,6,6,274,3379
9,3,6,6,274,3379
8,4,6,6,274,3379
7,2,6,6,274,3379
7,5,6,6,274,3379
6,3,6,6,274,3379
6,6,6,6,274,3379
5,4,6,6,274,3379
5,7,6,6,274,3379
8,3,6,6,274,3379
9,4,6,6,274,3379
9,5,6,6,274,3379
8,6,6,6,274,3379
7,4,6,6,274,3379
7,7,6,6,274,3379
6,5,6,6,274,3379
6,8,6,6,274,3379
0,2,6,6,275,2991
2,2,6,6,275,2991
1,1,6,6,275,2991
1,3,6,6,275,2991
4,2,6,6,275,2991
3,1,6,6,275,2991
3,3,6,6,275,2991
2,0,6,6,275,2991
2,4,6,6,275,2991
6,2,6,6,275,2991
5,1,6,6,275,2991
5,3,6,6,275,2991
4,0,6,6,275,2991
4,4,6,6,275,2991
3,0,6,6,275,2991
3,5,6,6,275,2991
8,2,6,6,275,2991
7,1,6,6,275,2991
7,3,6,6,275,2991
6,0,6,6,275,2991
6,4,6,6,275,2991
5,0,6,6,275,2991
5,5,6,6,275,2991
4,1,6,6,275,2991
4,6,6,6,275,2991
9,2,6,6,275,2991
9,1,6,6,275,2991
9,3,6,6,275,2991
8,0,6,6,275,2991
8,4,6,6,275,2991
7,0,6,6,275,2991
7,5,6,6,275,2991
6,1,6,6,275,2991
6,6,6,6,275,2991
5,2,6,6,275,2991
5,7,6,6,275,2991
7,2,6,6,275,2991
8,1,6,6,275,2991
8,3,6,6,275,2991
9,0,6,6,275,2991
9,4,6,6,275,2991
9,5,6,6,275,2991
8,6,6,6,275,2991
7,7,6,6,275,2991
6,3,6,6,275,2991
6,8,6,6,275,2991
1,3,7,7,276,2571
3,3,7,7,276,2571
2,2,7,7,276,2571
2,4,7,7,276,2571
5,3,7,7,276,2571
4,2,7,7,276,2571
4,4,7,7,276,2571
3,1,7,7,276,2571
3,5,7,7,276,2571
7,3,7,7,276,2571
6,2,7,7,276,2571
6,4,7,7,276,2571
5,1,7,7,276,2571
5,5,7,7,276,2571
4,0,7,7,276,2571
4,6,7,7,276,2571
9,3,7,7,276,2571
8,2,7,7,276,2571
8,4,7,7,276,2571
7,1,7,7,276,2571
7,5,7,7,276,2571
6,0,7,7,276,2571
6,6,7,7,276,2571
5,0,7,7,276,2571
5,7,7,7,276,2571
8,3,7,7,276,2571
9,2,7,7,276,2571
9,4,7,7,276,2571
9,1,7,7,276,2571
9,5,7,7,276,2571
8,0,7,7,276,2571
8,6,7,7,276,2571
7,0,7,7,276,2571
7,7,7,7,276,2571
6,1,7,7,276,2571
6,8,7,7,276,2571
2,4,7,7,277,2127
4,4,7,7,277,2127
3,3,7,7,277,2127
3,5,7,7,277,2127
6,4,7,7,277,2127
5,3,7,7,277,2127
5,5,7,7,277,2127
4,2,7,7,277,2127
4,6,7,7,277,2127
8,4,7,7,277,2127
7,3,7,7,277,2127
7,5,7,7,277,2127
6,2,7,7,277,2127
6,6,7,7,277,2127
5,1,7,7,277,2127
5,7,7,7,277,2127
9,4,7,7,277,2127
9,3,7,7,277,2127
9,5,7,7,277,2127
8,2,7,7,277,2127
8,6,7,7,277,2127
7,1,7,7,277,2127
7,7,7,7,277,2127
6,0,7,7,277,2127
6,8,7,7,277,2127
0,1,6,6,278,3745
1,1,6,6,278,3745
0,0,6,6,278,3745
0,2,6,6,278,3745
2,1,6,6,278,3745
1,0,6,6,278,3745
1,2,6,6,278,3745
0,3,6,6,278,3745
3,1,6,6,278,3745
2,0,6,6,278,3745
2,2,6,6,278,3745
1,3,6,6,278,3745
0,4,6,6,278,3745
5,1,6,6,278,3745
4,0,6,6,278,3745
4,2,6,6,278,3745
3,0,6,6,278,3745
3,3,6,6,278,3745
2,4,6,6,278,3745
1,5,6,6,278,3745
7,1,6,6,278,3745
6,0,6,6,278,3745
6,2,6,6,278,3745
5,0,6,6,278,3745
5,3,6,6,278,3745
4,1,6,6,278,3745
4,4,6,6,278,3745
3,2,6,6,278,3745
3,5,6,6,278,3745
2,3,6,6,278,3745
2,6,6,6,278,3745
9,1,6,6,278,3745
8,0,6,6,278,3745
8,2,6,6,278,3745
7,0,6,6,278,3745
7,3,6,6,278,3745
6,1,6,6,278,3745
6,4,6,6,278,3745
5,2,6,6,278,3745
5,5,6,6,278,3745
4,3,6,6,278,3745
4,6,6,6,278,3745
3,4,6,6,278,3745
3,7,6,6,278,3745
8,1,6,6,278,3745
9,0,6,6,278,3745
9,2,6,6,278,3745
9,3,6,6,278,3745
8,4,6,6,278,3745
7,2,6,6,278,3745
7,5,6,6,278,3745
6,3,6,6,278,3745
6,6,6,6,278,3745
5,4,6,6,278,3745
5,7,6,6,278,3745
4,5,6,6,278,3745
4,8,6,6,278,3745
8,3,6,6,278,3745
9,4,6,6,278,3745
9,5,6,6,278,3745
8,6,6,6,278,3745
7,4,6,6,278,3745
7,7,6,6,278,3745
6,5,6,6,278,3745
6,8,6,6,278,3745
5,6,6,6,278,3745
5,9,6,6,278,3745
0,2,6,6,279,3381
1,2,6,6,279,3381
0,1,6,6,279,3381
0,3,6,6,279,3381
2,2,6,6,279,3381
1,1,6,6,279,3381
1,3,6,6,279,3381
0,0,6,6,279,3381
0,4,6,6,279,3381
4,2,6,6,279,3381
3,1,6,6,279,3381
3,3,6,6,279,3381
2,0,6,6,279,3381
2,4,6,6,279,3381
1,0,6,6,279,3381
1,5,6,6,279,3381
6,2,6,6,279,3381
5,1,6,6,279,3381
5,3,6,6,279,3381
4,0,6,6,279,3381
4,4,6,6,279,3381
3,0,6,6,279,3381
3,5,6,6,279,3381
2,1,6,6,279,3381
2,6,6,6,279,3381
8,2,6,6,279,3381
7,1,6,6,279,3381
7,3,6,6,279,3381
6,0,6,6,279,3381
6,4,6,6,279,3381
5,0,6,6,279,3381
5,5,6,6,279,3381
4,1,6,6,279,3381
4,6,6,6,279,3381
3,2,6,6,279,3381
3,7,6,6,279,3381
9,2,6,6,279,3381
9,1,6,6,279,3381
9,3,6,6,279,3381
8,0,6,6,279,3381
8,4,6,6,279,3381
7,0,6,6,279,3381
7,5,6,6,279,3381
6,1,6,6,279,3381
6,6,6,6,279,3381
5,2,6,6,279,3381
5,7,6,6,279,3381
4,3,6,6,279,3381
4,8,6,6,279,3381
7,2,6,6,279,3381
8,1,6,6,279,3381
8,3,6,6,279,3381
9,0,6,6,279,3381
9,4,6,6,279,3381
9,5,6,6,279,3381
8,6,6,6,279,3381
7,7,6,6,279,3381
6,3,6,6,279,3381
6,8,6,6,279,3381
5,4,6,6,279,3381
5,9,6,6,279,3381
0,3,7,7,280,3381
1,3,7,7,280,3381
0,2,7,7,280,3381
0,4,7,7,280,3381
2,3,7,7,280,3381
1,2,7,7,280,3381
1,4,7,7,280,3381
0,1,7,7,280,3381
0,5,7,7,280,3381
3,3,7,7,280,3381
2,2,7,7,280,3381
2,4,7,7,280,3381
1,1,7,7,280,3381
1,5,7,7,280,3381
0,0,7,7,280,3381
0,6,7,7,280,3381
5,3,7,7,280,3381
4,2,7,7,280,3381
4,4,7,7,280,3381
3,1,7,7,280,3381
3,5,7,7,280,3381
2,0,7,7,280,3381
2,6,7,7,280,3381
1,0,7,7,280,3381
1,7,7,7,280,3381
7,3,7,7,280,3381
6,2,7,7,280,3381
6,4,7,7,280,3381
5,1,7,7,280,3381
5,5,7,7,280,3381
4,0,7,7,280,3381
4,6,7,7,280,3381
3,0,7,7,280,3381
3,7,7,7,280,3381
2,1,7,7,280,3381
2,8,7,7,280,3381
9,3,7,7,280,3381
8,2,7,7,280,3381
8,4,7,7,280,3381
7,1,7,7,280,3381
7,5,7,7,280,3381
6,0,7,7,280,3381
6,6,7,7,280,3381
5,0,7,7,280,3381
5,7,7,7,280,3381
4,1,7,7,280,3381
4,8,7,7,280,3381
3,2,7,7,280,3381
3,9,7,7,280,3381
8,3,7,7,280,3381
9,2,7,7,280,3381
9,4,7,7,280,3381
9,1,7,7,280,3381
9,5,7,7,280,3381
8,0,7,7,280,3381
8,6,7,7,280,3381
7,0,7,7,280,3381
7,7,7,7,280,3381
6,1,7,7,280,3381
6,8,7,7,280,3381
5,2,7,7,280,3381
5,9,7,7,280,3381
4,3,7,7,280,3381
4,9,7,7,280,3381
0,4,7,7,281,2992
1,4,7,7,281,2992
0,3,7,7,281,2992
0,5,7,7,281,2992
2,4,7,7,281,2992
1,3,7,7,281,2992
1,5,7,7,281,2992
0,2,7,7,281,2992
0,6,7,7,281,2992
4,4,7,7,281,2992
3,3,7,7,281,2992
3,5,7,7,281,2992
2,2,7,7,281,2992
2,6,7,7,281,2992
1,1,7,7,281,2992
1,7,7,7,281,2992
6,4,7,7,281,2992
5,3,7,7,281,2992
5,5,7,7,281,2992
4,2,7,7,281,2992
4,6,7,7,281,2992
3,1,7,7,281,2992
3,7,7,7,281,2992
2,0,7,7,281,2992
2,8,7,7,281,2992
8,4,7,7,281,2992
7,3,7,7,281,2992
7,5,7,7,281,2992
6,2,7,7,281,2992
6,6,7,7,281,2992
5,1,7,7,281,2992
5,7,7,7,281,2992
4,0,7,7,281,2992
4,8,7,7,281,2992
3,0,7,7,281,2992
3,9,7,7,281,2992
9,4,7,7,281,2992
9,3,7,7,281,2992
9,5,7,7,281,2992
8,2,7,7,281,2992
8,6,7,7,281,2992
7,1,7,7,281,2992
7,7,7,7,281,2992
6,0,7,7,281,2992
6,8,7,7,281,2992
5,0,7,7,281,2992
5,9,7,7,281,2992
4,1,7,7,281,2992
4,9,7,7,281,2992
0,5,7,7,282,2574
1,5,7,7,282,2574
0,4,7,7,282,2574
0,6,7,7,282,2574
3,5,7,7,282,2574
2,4,7,7,282,2574
2,6,7,7,282,2574
1,3,7,7,282,2574
1,7,7,7,282,2574
5,5,7,7,282,2574
4,4,7,7,282,2574
4,6,7,7,282,2574
3,3,7,7,282,2574
3,7,7,7,282,2574
2,2,7,7,282,2574
2,8,7,7,282,2574
7,5,7,7,282,2574
6,4,7,7,282,2574
6,6,7,7,282,2574
5,3,7,7,282,2574
5,7,7,7,282,2574
4,2,7,7,282,2574
4,8,7,7,282,2574
3,1,7,7,282,2574
3,9,7,7,282,2574
9,5,7,7,282,2574
8,4,7,7,282,2574
8,6,7,7,282,2574
7,3,7,7,282,2574
7,7,7,7,282,2574
6,2,7,7,282,2574
6,8,7,7,282,2574
5,1,7,7,282,2574
5,9,7,7,282,2574
4,0,7,7,282,2574
4,9,7,7,282,2574
0,6,7,7,283,2127
2,6,7,7,283,2127
1,5,7,7,283,2127
1,7,7,7,283,2127
4,6,7,7,283,2127
3,5,7,7,283,2127
3,7,7,7,283,2127
2,4,7,7,283,2127
2,8,7,7,283,2127
6,6,7,7,283,2127
5,5,7,7,283,2127
5,7,7,7,283,2127
4,4,7,7,283,2127
4,8,7,7,283,2127
3,3,7,7,283,2127
3,9,7,7,283,2127
8,6,7,7,283,2127
7,5,7,7,283,2127
7,7,7,7,283,2127
6,4,7,7,283,2127
6,8,7,7,283,2127
5,3,7,7,283,2127
5,9,7,7,283,2127
4,2,7,7,283,2127
4,9,7,7,283,2127
0,1,6,4,284,4432
1,1,6,4,284,4432
0,0,6,4,284,4432
0,2,6,4,284,4432
2,1,6,4,284,4432
1,0,6,4,284,4432
1,2,6,4,284,4432
0,3,6,4,284,4432
3,1,6,4,284,4432
2,0,6,4,284,4432
2,2,6,4,284,4432
1,3,6,4,284,4432
0,4,6,4,284,4432
4,1,6,4,284,4432
3,0,6,4,284,4432
3,2,6,4,284,4432
2,3,6,4,284,4432
1,4,6,4,284,4432
0,5,6,4,284,4432
5,1,6,4,284,4432
4,0,6,4,284,4432
4,2,6,4,284,4432
3,3,6,4,284,4432
2,4,6,4,284,4432
1,5,6,4,284,4432
0,6,6,4,284,4432
6,1,6,4,284,4432
5,0,6,4,284,4432
5,2,6,4,284,4432
4,3,6,4,284,4432
3,4,6,4,284,4432
2,5,6,4,284,4432
1,6,6,4,284,4432
0,7,6,4,284,4432
7,1,6,4,284,4432
6,0,6,4,284,4432
6,2,6,4,284,4432
5,3,6,4,284,4432
4,4,6,4,284,4432
3,5,6,4,284,4432
2,6,6,4,284,4432
1,7,6,4,284,4432
0,8,6,4,284,4432
9,1,6,4,284,4432
8,0,6,4,284,4432
8,2,6,4,284,4432
7,0,6,4,284,4432
7,3,6,4,284,4432
6,4,6,4,284,4432
5,5,6,4,284,4432
4,6,6,4,284,4432
3,7,6,4,284,4432
2,8,6,4,284,4432
1,9,6,4,284,4432
8,1,6,4,284,4432
9,0,6,4,284,4432
9,2,6,4,284,4432
9,3,6,4,284,4432
8,4,6,4,284,4432
7,2,6,4,284,4432
7,5,6,4,284,4432
6,3,6,4,284,4432
6,6,6,4,284,4432
5,4,6,4,284,4432
5,7,6,4,284,4432
4,5,6,4,284,4432
4,8,6,4,284,4432
3,6,6,4,284,4432
3,9,6,4,284,4432
2,7,6,4,284,4432
2,9,6,4,284,4432
8,3,6,4,284,4432
9,4,6,4,284,4432
9,5,6,4,284,4432
8,6,6,4,284,4432
7,4,6,4,284,4432
7,7,6,4,284,4432
6,5,6,4,284,4432
6,8,6,4,284,4432
5,6,6,4,284,4432
5,9,6,4,284,4432
4,7,6,4,284,4432
4,9,6,4,284,4432
3,8,6,4,284,4432
0,6,7,7,285,2571
1,6,7,7,285,2571
0,5,7,7,285,2571
0,7,7,7,285,2571
2,6,7,7,285,2571
1,5,7,7,285,2571
1,7,7,7,285,2571
0,4,7,7,285,2571
0,8,7,7,285,2571
4,6,7,7,285,2571
3,5,7,7,285,2571
3,7,7,7,285,2571
2,4,7,7,285,2571
2,8,7,7,285,2571
1,3,7,7,285,2571
1,9,7,7,285,2571
6,6,7,7,285,2571
5,5,7,7,285,2571
5,7,7,7,285,2571
4,4,7,7,285,2571
4,8,7,7,285,2571
3,3,7,7,285,2571
3,9,7,7,285,2571
2,2,7,7,285,2571
2,9,7,7,285,2571
8,6,7,7,285,2571
7,5,7,7,285,2571
7,7,7,7,285,2571
6,4,7,7,285,2571
6,8,7,7,285,2571
5,3,7,7,285,2571
5,9,7,7,285,2571
4,2,7,7,285,2571
4,9,7,7,285,2571
3,1,7,7,285,2571
3,8,7,7,285,2571
0,2,7,3,286,4428
1,2,7,3,286,4428
0,1,7,3,286,4428
0,3,7,3,286,4428
2,2,7,3,286,4428
1,1,7,3,286,4428
1,3,7,3,286,4428
0,0,7,3,286,4428
0,4,7,3,286,4428
3,2,7,3,286,4428
2,1,7,3,286,4428
2,3,7,3,286,4428
1,0,7,3,286,4428
1,4,7,3,286,4428
0,5,7,3,286,4428
4,2,7,3,286,4428
3,1,7,3,286,4428
3,3,7,3,286,4428
2,0,7,3,286,4428
2,4,7,3,286,4428
1,5,7,3,286,4428
0,6,7,3,286,4428
5,2,7,3,286,4428
4,1,7,3,286,4428
4,3,7,3,286,4428
3,0,7,3,286,4428
3,4,7,3,286,4428
2,5,7,3,286,4428
1,6,7,3,286,4428
0,7,7,3,286,4428
6,2,7,3,286,4428
5,1,7,3,286,4428
5,3,7,3,286,4428
4,0,7,3,286,4428
4,4,7,3,286,4428
3,5,7,3,286,4428
2,6,7,3,286,4428
1,7,7,3,286,4428
0,8,7,3,286,4428
7,2,7,3,286,4428
6,1,7,3,286,4428
6,3,7,3,286,4428
5,0,7,3,286,4428
5,4,7,3,286,4428
4,5,7,3,286,4428
3,6,7,3,286,4428
2,7,7,3,286,4428
1,8,7,3,286,4428
0,9,7,3,286,4428
8,2,7,3,286,4428
7,1,7,3,286,4428
7,3,7,3,286,4428
6,0,7,3,286,4428
6,4,7,3,286,4428
5,5,7,3,286,4428
4,6,7,3,286,4428
3,7,7,3,286,4428
2,8,7,3,286,4428
1,9,7,3,286,4428
9,2,7,3,286,4428
9,1,7,3,286,4428
9,3,7,3,286,4428
8,0,7,3,286,4428
8,4,7,3,286,4428
7,0,7,3,286,4428
7,5,7,3,286,4428
6,6,7,3,286,4428
5,7,7,3,286,4428
4,8,7,3,286,4428
3,9,7,3,286,4428
2,9,7,3,286,4428
8,1,7,3,286,4428
8,3,7,3,286,4428
9,0,7,3,286,4428
9,4,7,3,286,4428
9,5,7,3,286,4428
8,6,7,3,286,4428
7,7,7,3,286,4428
6,8,7,3,286,4428
5,9,7,3,286,4428
4,9,7,3,286,4428
3,8,7,3,286,4428
0,4,5,7,287,3745
1,4,5,7,287,3745
0,3,5,7,287,3745
0,5,5,7,287,3745
2,4,5,7,287,3745
1,3,5,7,287,3745
1,5,5,7,287,3745
0,2,5,7,287,3745
0,6,5,7,287,3745
3,4,5,7,287,3745
2,3,5,7,287,3745
2,5,5,7,287,3745
1,2,5,7,287,3745
1,6,5,7,287,3745
0,1,5,7,287,3745
0,7,5,7,287,3745
4,4,5,7,287,3745
3,3,5,7,287,3745
3,5,5,7,287,3745
2,2,5,7,287,3745
2,6,5,7,287,3745
1,1,5,7,287,3745
1,7,5,7,287,3745
0,0,5,7,287,3745
0,8,5,7,287,3745
5,4,5,7,287,3745
4,3,5,7,287,3745
4,5,5,7,287,3745
3,2,5,7,287,3745
3,6,5,7,287,3745
2,1,5,7,287,3745
2,7,5,7,287,3745
1,0,5,7,287,3745
1,8,5,7,287,3745
0,9,5,7,287,3745
6,4,5,7,287,3745
5,3,5,7,287,3745
5,5,5,7,287,3745
4,2,5,7,287,3745
4,6,5,7,287,3745
3,1,5,7,287,3745
3,7,5,7,287,3745
2,0,5,7,287,3745
2,8,5,7,287,3745
1,9,5,7,287,3745
8,4,5,7,287,3745
7,3,5,7,287,3745
7,5,5,7,287,3745
6,2,5,7,287,3745
6,6,5,7,287,3745
5,1,5,7,287,3745
5,7,5,7,287,3745
4,0,5,7,287,3745
4,8,5,7,287,3745
3,0,5,7,287,3745
3,9,5,7,287,3745
2,9,5,7,287,3745
9,4,5,7,287,3745
9,3,5,7,287,3745
9,5,5,7,287,3745
8,2,5,7,287,3745
8,6,5,7,287,3745
7,1,5,7,287,3745
7,7,5,7,287,3745
6,0,5,7,287,3745
6,8,5,7,287,3745
5,0,5,7,287,3745
5,9,5,7,287,3745
4,1,5,7,287,3745
4,9,5,7,287,3745
3,8,5,7,287,3745
0,5,7,7,288,3379
1,5,7,7,288,3379
0,4,7,7,288,3379
0,6,7,7,288,3379
2,5,7,7,288,3379
1,4,7,7,288,3379
1,6,7,7,288,3379
0,3,7,7,288,3379
0,7,7,7,288,3379
3,5,7,7,288,3379
2,4,7,7,288,3379
2,6,7,7,288,3379
1,3,7,7,288,3379
1,7,7,7,288,3379
0,2,7,7,288,3379
0,8,7,7,288,3379
4,5,7,7,288,3379
3,4,7,7,288,3379
3,6,7,7,288,3379
2,3,7,7,288,3379
2,7,7,7,288,3379
1,2,7,7,288,3379
1,8,7,7,288,3379
0,1,7,7,288,3379
0,9,7,7,288,3379
5,5,7,7,288,3379
4,4,7,7,288,3379
4,6,7,7,288,3379
3,3,7,7,288,3379
3,7,7,7,288,3379
2,2,7,7,288,3379
2,8,7,7,288,3379
1,1,7,7,288,3379
1,9,7,7,288,3379
0,0,7,7,288,3379
7,5,7,7,288,3379
6,4,7,7,288,3379
6,6,7,7,288,3379
5,3,7,7,288,3379
5,7,7,7,288,3379
4,2,7,7,288,3379
4,8,7,7,288,3379
3,1,7,7,288,3379
3,9,7,7,288,3379
2,0,7,7,288,3379
2,9,7,7,288,3379
1,0,7,7,288,3379
9,5,7,7,288,3379
8,4,7,7,288,3379
8,6,7,7,288,3379
7,3,7,7,288,3379
7,7,7,7,288,3379
6,2,7,7,288,3379
6,8,7,7,288,3379
5,1,7,7,288,3379
5,9,7,7,288,3379
4,0,7,7,288,3379
4,9,7,7,288,3379
3,0,7,7,288,3379
3,8,7,7,288,3379
2,1,7,7,288,3379
0,6,7,7,289,2986
1,6,7,7,289,2986
0,5,7,7,289,2986
0,7,7,7,289,2986
2,6,7,7,289,2986
1,5,7,7,289,2986
1,7,7,7,289,2986
0,4,7,7,289,2986
0,8,7,7,289,2986
3,6,7,7,289,2986
2,5,7,7,289,2986
2,7,7,7,289,2986
1,4,7,7,289,2986
1,8,7,7,289,2986
0,3,7,7,289,2986
0,9,7,7,289,2986
4,6,7,7,289,2986
3,5,7,7,289,2986
3,7,7,7,289,2986
2,4,7,7,289,2986
2,8,7,7,289,2986
1,3,7,7,289,2986
1,9,7,7,289,2986
0,2,7,7,289,2986
6,6,7,7,289,2986
5,5,7,7,289,2986
5,7,7,7,289,2986
4,4,7,7,289,2986
4,8,7,7,289,2986
3,3,7,7,289,2986
3,9,7,7,289,2986
2,2,7,7,289,2986
2,9,7,7,289,2986
1,1,7,7,289,2986
8,6,7,7,289,2986
7,5,7,7,289,2986
7,7,7,7,289,2986
6,4,7,7,289,2986
6,8,7,7,289,2986
5,3,7,7,289,2986
5,9,7,7,289,2986
4,2,7,7,289,2986
4,9,7,7,289,2986
3,1,7,7,289,2986
3,8,7,7,289,2986
2,0,7,7,289,2986
0,7,5,7,290,2574
1,7,5,7,290,2574
0,6,5,7,290,2574
0,8,5,7,290,2574
2,7,5,7,290,2574
1,6,5,7,290,2574
1,8,5,7,290,2574
0,5,5,7,290,2574
0,9,5,7,290,2574
3,7,5,7,290,2574
2,6,5,7,290,2574
2,8,5,7,290,2574
1,5,5,7,290,2574
1,9,5,7,290,2574
0,4,5,7,290,2574
5,7,5,7,290,2574
4,6,5,7,290,2574
4,8,5,7,290,2574
3,5,5,7,290,2574
3,9,5,7,290,2574
2,4,5,7,290,2574
2,9,5,7,290,2574
1,3,5,7,290,2574
7,7,5,7,290,2574
6,6,5,7,290,2574
6,8,5,7,290,2574
5,5,5,7,290,2574
5,9,5,7,290,2574
4,4,5,7,290,2574
4,9,5,7,290,2574
3,3,5,7,290,2574
3,8,5,7,290,2574
2,2,5,7,290,2574
0,8,2,6,291,2128
1,8,2,6,291,2128
0,7,2,6,291,2128
0,9,2,6,291,2128
2,8,2,6,291,2128
1,7,2,6,291,2128
1,9,2,6,291,2128
0,6,2,6,291,2128
4,8,2,6,291,2128
3,7,2,6,291,2128
3,9,2,6,291,2128
2,6,2,6,291,2128
2,9,2,6,291,2128
1,5,2,6,291,2128
6,8,2,6,291,2128
5,7,2,6,291,2128
5,9,2,6,291,2128
4,6,2,6,291,2128
4,9,2,6,291,2128
3,5,2,6,291,2128
3,8,2,6,291,2128
2,4,2,6,291,2128
2,7,2,6,291,2128
0,3,7,7,292,4403
1,3,7,7,292,4403
0,2,7,7,292,4403
0,4,7,7,292,4403
2,3,7,7,292,4403
1,2,7,7,292,4403
1,4,7,7,292,4403
0,1,7,7,292,4403
0,5,7,7,292,4403
3,3,7,7,292,4403
2,2,7,7,292,4403
2,4,7,7,292,4403
1,1,7,7,292,4403
1,5,7,7,292,4403
0,0,7,7,292,4403
0,6,7,7,292,4403
4,3,7,7,292,4403
3,2,7,7,292,4403
3,4,7,7,292,4403
2,1,7,7,292,4403
2,5,7,7,292,4403
1,0,7,7,292,4403
1,6,7,7,292,4403
0,7,7,7,292,4403
5,3,7,7,292,4403
4,2,7,7,292,4403
4,4,7,7,292,4403
3,1,7,7,292,4403
3,5,7,7,292,4403
2,0,7,7,292,4403
2,6,7,7,292,4403
1,7,7,7,292,4403
0,8,7,7,292,4403
6,3,7,7,292,4403
5,2,7,7,292,4403
5,4,7,7,292,4403
4,1,7,7,292,4403
4,5,7,7,292,4403
3,0,7,7,292,4403
3,6,7,7,292,4403
2,7,7,7,292,4403
1,8,7,7,292,4403
0,9,7,7,292,4403
7,3,7,7,292,4403
6,2,7,7,292,4403
6,4,7,7,292,4403
5,1,7,7,292,4403
5,5,7,7,292,4403
4,0,7,7,292,4403
4,6,7,7,292,4403
3,7,7,7,292,4403
2,8,7,7,292,4403
1,9,7,7,292,4403
8,3,7,7,292,4403
7,2,7,7,292,4403
7,4,7,7,292,4403
6,1,7,7,292,4403
6,5,7,7,292,4403
5,0,7,7,292,4403
5,6,7,7,292,4403
4,7,7,7,292,4403
3,8,7,7,292,4403
2,9,7,7,292,4403
9,3,7,7,292,4403
8,2,7,7,292,4403
8,4,7,7,292,4403
7,1,7,7,292,4403
7,5,7,7,292,4403
6,0,7,7,292,4403
6,6,7,7,292,4403
5,7,7,7,292,4403
4,8,7,7,292,4403
3,9,7,7,292,4403
9,2,7,7,292,4403
9,4,7,7,292,4403
9,1,7,7,292,4403
9,5,7,7,292,4403
8,0,7,7,292,4403
8,6,7,7,292,4403
7,0,7,7,292,4403
7,7,7,7,292,4403
6,8,7,7,292,4403
5,9,7,7,292,4403
4,9,7,7,292,4403
0,4,7,7,293,4084
1,4,7,7,293,4084
0,3,7,7,293,4084
0,5,7,7,293,4084
2,4,7,7,293,4084
1,3,7,7,293,4084
1,5,7,7,293,4084
0,2,7,7,293,4084
0,6,7,7,293,4084
3,4,7,7,293,4084
2,3,7,7,293,4084
2,5,7,7,293,4084
1,2,7,7,293,4084
1,6,7,7,293,4084
0,1,7,7,293,4084
0,7,7,7,293,4084
4,4,7,7,293,4084
3,3,7,7,293,4084
3,5,7,7,293,4084
2,2,7,7,293,4084
2,6,7,7,293,4084
1,1,7,7,293,4084
1,7,7,7,293,4084
0,0,7,7,293,4084
0,8,7,7,293,4084
5,4,7,7,293,4084
4,3,7,7,293,4084
4,5,7,7,293,4084
3,2,7,7,293,4084
3,6,7,7,293,4084
2,1,7,7,293,4084
2,7,7,7,293,4084
1,0,7,7,293,4084
1,8,7,7,293,4084
0,9,7,7,293,4084
6,4,7,7,293,4084
5,3,7,7,293,4084
5,5,7,7,293,4084
4,2,7,7,293,4084
4,6,7,7,293,4084
3,1,7,7,293,4084
3,7,7,7,293,4084
2,0,7,7,293,4084
2,8,7,7,293,4084
1,9,7,7,293,4084
7,4,7,7,293,4084
6,3,7,7,293,4084
6,5,7,7,293,4084
5,2,7,7,293,4084
5,6,7,7,293,4084
4,1,7,7,293,4084
4,7,7,7,293,4084
3,0,7,7,293,4084
3,8,7,7,293,4084
2,9,7,7,293,4084
8,4,7,7,293,4084
7,3,7,7,293,4084
7,5,7,7,293,4084
6,2,7,7,293,4084
6,6,7,7,293,4084
5,1,7,7,293,4084
5,7,7,7,293,4084
4,0,7,7,293,4084
4,8,7,7,293,4084
3,9,7,7,293,4084
9,4,7,7,293,4084
9,3,7,7,293,4084
9,5,7,7,293,4084
8,2,7,7,293,4084
8,6,7,7,293,4084
7,1,7,7,293,4084
7,7,7,7,293,4084
6,0,7,7,293,4084
6,8,7,7,293,4084
5,0,7,7,293,4084
5,9,7,7,293,4084
4,9,7,7,293,4084
0,5,7,7,294,3741
1,5,7,7,294,3741
0,4,7,7,294,3741
0,6,7,7,294,3741
2,5,7,7,294,3741
1,4,7,7,294,3741
1,6,7,7,294,3741
0,3,7,7,294,3741
0,7,7,7,294,3741
3,5,7,7,294,3741
2,4,7,7,294,3741
2,6,7,7,294,3741
1,3,7,7,294,3741
1,7,7,7,294,3741
0,2,7,7,294,3741
0,8,7,7,294,3741
4,5,7,7,294,3741
3,4,7,7,294,3741
3,6,7,7,294,3741
2,3,7,7,294,3741
2,7,7,7,294,3741
1,2,7,7,294,3741
1,8,7,7,294,3741
0,1,7,7,294,3741
0,9,7,7,294,3741
5,5,7,7,294,3741
4,4,7,7,294,3741
4,6,7,7,294,3741
3,3,7,7,294,3741
3,7,7,7,294,3741
2,2,7,7,294,3741
2,8,7,7,294,3741
1,1,7,7,294,3741
1,9,7,7,294,3741
0,0,7,7,294,3741
6,5,7,7,294,3741
5,4,7,7,294,3741
5,6,7,7,294,3741
4,3,7,7,294,3741
4,7,7,7,294,3741
3,2,7,7,294,3741
3,8,7,7,294,3741
2,1,7,7,294,3741
2,9,7,7,294,3741
1,0,7,7,294,3741
7,5,7,7,294,3741
6,4,7,7,294,3741
6,6,7,7,294,3741
5,3,7,7,294,3741
5,7,7,7,294,3741
4,2,7,7,294,3741
4,8,7,7,294,3741
3,1,7,7,294,3741
3,9,7,7,294,3741
2,0,7,7,294,3741
9,5,7,7,294,3741
8,4,7,7,294,3741
8,6,7,7,294,3741
7,3,7,7,294,3741
7,7,7,7,294,3741
6,2,7,7,294,3741
6,8,7,7,294,3741
5,1,7,7,294,3741
5,9,7,7,294,3741
4,0,7,7,294,3741
4,9,7,7,294,3741
3,0,7,7,294,3741
0,6,7,7,295,3373
1,6,7,7,295,3373
0,5,7,7,295,3373
0,7,7,7,295,3373
2,6,7,7,295,3373
1,5,7,7,295,3373
1,7,7,7,295,3373
0,4,7,7,295,3373
0,8,7,7,295,3373
3,6,7,7,295,3373
2,5,7,7,295,3373
2,7,7,7,295,3373
1,4,7,7,295,3373
1,8,7,7,295,3373
0,3,7,7,295,3373
0,9,7,7,295,3373
4,6,7,7,295,3373
3,5,7,7,295,3373
3,7,7,7,295,3373
2,4,7,7,295,3373
2,8,7,7,295,3373
1,3,7,7,295,3373
1,9,7,7,295,3373
0,2,7,7,295,3373
5,6,7,7,295,3373
4,5,7,7,295,3373
4,7,7,7,295,3373
3,4,7,7,295,3373
3,8,7,7,295,3373
2,3,7,7,295,3373
2,9,7,7,295,3373
1,2,7,7,295,3373
0,1,7,7,295,3373
6,6,7,7,295,3373
5,5,7,7,295,3373
5,7,7,7,295,3373
4,4,7,7,295,3373
4,8,7,7,295,3373
3,3,7,7,295,3373
3,9,7,7,295,3373
2,2,7,7,295,3373
1,1,7,7,295,3373
0,0,7,7,295,3373
8,6,7,7,295,3373
7,5,7,7,295,3373
7,7,7,7,295,3373
6,4,7,7,295,3373
6,8,7,7,295,3373
5,3,7,7,295,3373
5,9,7,7,295,3373
4,2,7,7,295,3373
4,9,7,7,295,3373
3,1,7,7,295,3373
2,0,7,7,295,3373
1,0,7,7,295,3373
0,7,5,7,296,2991
1,7,5,7,296,2991
0,6,5,7,296,2991
0,8,5,7,296,2991
2,7,5,7,296,2991
1,6,5,7,296,2991
1,8,5,7,296,2991
0,5,5,7,296,2991
0,9,5,7,296,2991
3,7,5,7,296,2991
2,6,5,7,296,2991
2,8,5,7,296,2991
1,5,5,7,296,2991
1,9,5,7,296,2991
0,4,5,7,296,2991
4,7,5,7,296,2991
3,6,5,7,296,2991
3,8,5,7,296,2991
2,5,5,7,296,2991
2,9,5,7,296,2991
1,4,5,7,296,2991
0,3,5,7,296,2991
5,7,5,7,296,2991
4,6,5,7,296,2991
4,8,5,7,296,2991
3,5,5,7,296,2991
3,9,5,7,296,2991
2,4,5,7,296,2991
1,3,5,7,296,2991
0,2,5,7,296,2991
7,7,5,7,296,2991
6,6,5,7,296,2991
6,8,5,7,296,2991
5,5,5,7,296,2991
5,9,5,7,296,2991
4,4,5,7,296,2991
4,9,5,7,296,2991
3,3,5,7,296,2991
2,2,5,7,296,2991
1,1,5,7,296,2991
0,8,4,6,297,2574
1,8,4,6,297,2574
0,7,4,6,297,2574
0,9,4,6,297,2574
2,8,4,6,297,2574
1,7,4,6,297,2574
1,9,4,6,297,2574
0,6,4,6,297,2574
3,8,4,6,297,2574
2,7,4,6,297,2574
2,9,4,6,297,2574
1,6,4,6,297,2574
0,5,4,6,297,2574
4,8,4,6,297,2574
3,7,4,6,297,2574
3,9,4,6,297,2574
2,6,4,6,297,2574
1,5,4,6,297,2574
0,4,4,6,297,2574
6,8,4,6,297,2574
5,7,4,6,297,2574
5,9,4,6,297,2574
4,6,4,6,297,2574
4,9,4,6,297,2574
3,5,4,6,297,2574
2,4,4,6,297,2574
1,3,4,6,297,2574
0,9,2,6,298,2130
1,9,2,6,298,2130
0,8,2,6,298,2130
2,9,2,6,298,2130
1,8,2,6,298,2130
0,7,2,6,298,2130
3,9,2,6,298,2130
2,8,2,6,298,2130
1,7,2,6,298,2130
0,6,2,6,298,2130
5,9,2,6,298,2130
4,8,2,6,298,2130
4,9,2,6,298,2130
3,7,2,6,298,2130
3,8,2,6,298,2130
2,6,2,6,298,2130
2,7,2,6,298,2130
1,5,2,6,298,2130
1,6,2,6,298,2130
0,4,7,7,299,4419
1,4,7,7,299,4419
0,3,7,7,299,4419
0,5,7,7,299,4419
2,4,7,7,299,4419
1,3,7,7,299,4419
1,5,7,7,299,4419
0,2,7,7,299,4419
0,6,7,7,299,4419
3,4,7,7,299,4419
2,3,7,7,299,4419
2,5,7,7,299,4419
1,2,7,7,299,4419
1,6,7,7,299,4419
0,1,7,7,299,4419
0,7,7,7,299,4419
4,4,7,7,299,4419
3,3,7,7,299,4419
3,5,7,7,299,4419
2,2,7,7,299,4419
2,6,7,7,299,4419
1,1,7,7,299,4419
1,7,7,7,299,4419
0,0,7,7,299,4419
0,8,7,7,299,4419
5,4,7,7,299,4419
4,3,7,7,299,4419
4,5,7,7,299,4419
3,2,7,7,299,4419
3,6,7,7,299,4419
2,1,7,7,299,4419
2,7,7,7,299,4419
1,0,7,7,299,4419
1,8,7,7,299,4419
0,9,7,7,299,4419
6,4,7,7,299,4419
5,3,7,7,299,4419
5,5,7,7,299,4419
4,2,7,7,299,4419
4,6,7,7,299,4419
3,1,7,7,299,4419
3,7,7,7,299,4419
2,0,7,7,299,4419
2,8,7,7,299,4419
1,9,7,7,299,4419
7,4,7,7,299,4419
6,3,7,7,299,4419
6,5,7,7,299,4419
5,2,7,7,299,4419
5,6,7,7,299,4419
4,1,7,7,299,4419
4,7,7,7,299,4419
3,0,7,7,299,4419
3,8,7,7,299,4419
2,9,7,7,299,4419
8,4,7,7,299,4419
7,3,7,7,299,4419
7,5,7,7,299,4419
6,2,7,7,299,4419
6,6,7,7,299,4419
5,1,7,7,299,4419
5,7,7,7,299,4419
4,0,7,7,299,4419
4,8,7,7,299,4419
3,9,7,7,299,4419
9,4,7,7,299,4419
8,3,7,7,299,4419
8,5,7,7,299,4419
7,2,7,7,299,4419
7,6,7,7,299,4419
6,1,7,7,299,4419
6,7,7,7,299,4419
5,0,7,7,299,4419
5,8,7,7,299,4419
4,9,7,7,299,4419
9,3,7,7,299,4419
9,5,7,7,299,4419
8,2,7,7,299,4419
8,6,7,7,299,4419
7,1,7,7,299,4419
7,7,7,7,299,4419
6,0,7,7,299,4419
6,8,7,7,299,4419
5,9,7,7,299,4419
0,5,7,7,300,4087
1,5,7,7,300,4087
0,4,7,7,300,4087
0,6,7,7,300,4087
2,5,7,7,300,4087
1,4,7,7,300,4087
1,6,7,7,300,4087
0,3,7,7,300,4087
0,7,7,7,300,4087
3,5,7,7,300,4087
2,4,7,7,300,4087
2,6,7,7,300,4087
1,3,7,7,300,4087
1,7,7,7,300,4087
0,2,7,7,300,4087
0,8,7,7,300,4087
4,5,7,7,300,4087
3,4,7,7,300,4087
3,6,7,7,300,4087
2,3,7,7,300,4087
2,7,7,7,300,4087
1,2,7,7,300,4087
1,8,7,7,300,4087
0,1,7,7,300,4087
0,9,7,7,300,4087
5,5,7,7,300,4087
4,4,7,7,300,4087
4,6,7,7,300,4087
3,3,7,7,300,4087
3,7,7,7,300,4087
2,2,7,7,300,4087
2,8,7,7,300,4087
1,1,7,7,300,4087
1,9,7,7,300,4087
0,0,7,7,300,4087
6,5,7,7,300,4087
5,4,7,7,300,4087
5,6,7,7,300,4087
4,3,7,7,300,4087
4,7,7,7,300,4087
3,2,7,7,300,4087
3,8,7,7,300,4087
2,1,7,7,300,4087
2,9,7,7,300,4087
1,0,7,7,300,4087
7,5,7,7,300,4087
6,4,7,7,300,4087
6,6,7,7,300,4087
5,3,7,7,300,4087
5,7,7,7,300,4087
4,2,7,7,300,4087
4,8,7,7,300,4087
3,1,7,7,300,4087
3,9,7,7,300,4087
2,0,7,7,300,4087
8,5,7,7,300,4087
7,4,7,7,300,4087
7,6,7,7,300,4087
6,3,7,7,300,4087
6,7,7,7,300,4087
5,2,7,7,300,4087
5,8,7,7,300,4087
4,1,7,7,300,4087
4,9,7,7,300,4087
3,0,7,7,300,4087
9,5,7,7,300,4087
8,4,7,7,300,4087
8,6,7,7,300,4087
7,3,7,7,300,4087
7,7,7,7,300,4087
6,2,7,7,300,4087
6,8,7,7,300,4087
5,1,7,7,300,4087
5,9,7,7,300,4087
4,0,7,7,300,4087
0,6,7,7,301,3743
1,6,7,7,301,3743
0,5,7,7,301,3743
0,7,7,7,301,3743
2,6,7,7,301,3743
1,5,7,7,301,3743
1,7,7,7,301,3743
0,4,7,7,301,3743
0,8,7,7,301,3743
3,6,7,7,301,3743
2,5,7,7,301,3743
2,7,7,7,301,3743
1,4,7,7,301,3743
1,8,7,7,301,3743
0,3,7,7,301,3743
0,9,7,7,301,3743
4,6,7,7,301,3743
3,5,7,7,301,3743
3,7,7,7,301,3743
2,4,7,7,301,3743
2,8,7,7,301,3743
1,3,7,7,301,3743
1,9,7,7,301,3743
0,2,7,7,301,3743
5,6,7,7,301,3743
4,5,7,7,301,3743
4,7,7,7,301,3743
3,4,7,7,301,3743
3,8,7,7,301,3743
2,3,7,7,301,3743
2,9,7,7,301,3743
1,2,7,7,301,3743
0,1,7,7,301,3743
6,6,7,7,301,3743
5,5,7,7,301,3743
5,7,7,7,301,3743
4,4,7,7,301,3743
4,8,7,7,301,3743
3,3,7,7,301,3743
3,9,7,7,301,3743
2,2,7,7,301,3743
1,1,7,7,301,3743
0,0,7,7,301,3743
7,6,7,7,301,3743
6,5,7,7,301,3743
6,7,7,7,301,3743
5,4,7,7,301,3743
5,8,7,7,301,3743
4,3,7,7,301,3743
4,9,7,7,301,3743
3,2,7,7,301,3743
2,1,7,7,301,3743
1,0,7,7,301,3743
8,6,7,7,301,3743
7,5,7,7,301,3743
7,7,7,7,301,3743
6,4,7,7,301,3743
6,8,7,7,301,3743
5,3,7,7,301,3743
5,9,7,7,301,3743
4,2,7,7,301,3743
3,1,7,7,301,3743
2,0,7,7,301,3743
0,8,4,6,302,2995
1,8,4,6,302,2995
0,7,4,6,302,2995
0,9,4,6,302,2995
2,8,4,6,302,2995
1,7,4,6,302,2995
1,9,4,6,302,2995
0,6,4,6,302,2995
3,8,4,6,302,2995
2,7,4,6,302,2995
2,9,4,6,302,2995
1,6,4,6,302,2995
0,5,4,6,302,2995
4,8,4,6,302,2995
3,7,4,6,302,2995
3,9,4,6,302,2995
2,6,4,6,302,2995
1,5,4,6,302,2995
0,4,4,6,302,2995
5,8,4,6,302,2995
4,7,4,6,302,2995
4,9,4,6,302,2995
3,6,4,6,302,2995
2,5,4,6,302,2995
1,4,4,6,302,2995
0,3,4,6,302,2995
6,8,4,6,302,2995
5,7,4,6,302,2995
5,9,4,6,302,2995
4,6,4,6,302,2995
3,5,4,6,302,2995
2,4,4,6,302,2995
1,3,4,6,302,2995
0,2,4,6,302,2995
0,9,2,6,303,2584
1,9,2,6,303,2584
0,8,2,6,303,2584
2,9,2,6,303,2584
1,8,2,6,303,2584
0,7,2,6,303,2584
3,9,2,6,303,2584
2,8,2,6,303,2584
1,7,2,6,303,2584
0,6,2,6,303,2584
4,9,2,6,303,2584
3,8,2,6,303,2584
2,7,2,6,303,2584
1,6,2,6,303,2584
0,5,2,6,303,2584
5,9,2,6,303,2584
4,8,2,6,303,2584
3,7,2,6,303,2584
2,6,2,6,303,2584
1,5,2,6,303,2584
0,4,2,6,303,2584
6,2,7,3,304,1651
8,2,7,3,304,1651
7,1,7,3,304,1651
7,3,7,3,304,1651
9,2,7,3,304,1651
9,1,7,3,304,1651
9,3,7,3,304,1651
8,0,7,3,304,1651
8,4,7,3,304,1651
7,2,7,3,304,1651
8,1,7,3,304,1651
8,3,7,3,304,1651
9,0,7,3,304,1651
9,4,7,3,304,1651
9,5,7,3,304,1651
7,3,7,3,259,1138
9,3,7,3,259,1138
8,2,7,3,259,1138
8,4,7,3,259,1138
8,3,7,3,259,1138
9,2,7,3,259,1138
9,4,7,3,259,1138
9,1,7,3,259,1138
9,5,7,3,259,1138
5,3,6,4,305,1650
7,3,6,4,305,1650
6,2,6,4,305,1650
6,4,6,4,305,1650
9,3,6,4,305,1650
8,2,6,4,305,1650
8,4,6,4,305,1650
7,1,6,4,305,1650
7,5,6,4,305,1650
8,3,6,4,305,1650
9,2,6,4,305,1650
9,4,6,4,305,1650
9,1,6,4,305,1650
9,5,6,4,305,1650
8,0,6,4,305,1650
8,6,6,4,305,1650
6,4,6,4,306,1136
8,4,6,4,306,1136
7,3,6,4,306,1136
7,5,6,4,306,1136
9,4,6,4,306,1136
9,3,6,4,306,1136
9,5,6,4,306,1136
8,2,6,4,306,1136
8,6,6,4,306,1136
4,4,6,6,227,1650
6,4,6,6,227,1650
5,3,6,6,227,1650
5,5,6,6,227,1650
8,4,6,6,227,1650
7,3,6,6,227,1650
7,5,6,6,227,1650
6,2,6,6,227,1650
6,6,6,6,227,1650
9,4,6,6,227,1650
9,3,6,6,227,1650
9,5,6,6,227,1650
8,2,6,6,227,1650
8,6,6,6,227,1650
7,1,6,6,227,1650
7,7,6,6,227,1650
5,5,6,6,62,1138
7,5,6,6,62,1138
6,4,6,6,62,1138
6,6,6,6,62,1138
9,5,6,6,62,1138
8,4,6,6,62,1138
8,6,6,6,62,1138
7,3,6,6,62,1138
7,7,6,6,62,1138
3,5,7,7,147,1650
5,5,7,7,147,1650
4,4,7,7,147,1650
4,6,7,7,147,1650
7,5,7,7,147,1650
6,4,7,7,147,1650
6,6,7,7,147,1650
5,3,7,7,147,1650
5,7,7,7,147,1650
9,5,7,7,147,1650
8,4,7,7,147,1650
8,6,7,7,147,1650
7,3,7,7,147,1650
7,7,7,7,147,1650
6,2,7,7,147,1650
6,8,7,7,147,1650
4,6,7,7,87,1138
6,6,7,7,87,1138
5,5,7,7,87,1138
5,7,7,7,87,1138
8,6,7,7,87,1138
7,5,7,7,87,1138
7,7,7,7,87,1138
6,4,7,7,87,1138
6,8,7,7,87,1138
2,6,7,7,191,1650
4,6,7,7,191,1650
3,5,7,7,191,1650
3,7,7,7,191,1650
6,6,7,7,191,1650
5,5,7,7,191,1650
5,7,7,7,191,1650
4,4,7,7,191,1650
4,8,7,7,191,1650
8,6,7,7,191,1650
7,5,7,7,191,1650
7,7,7,7,191,1650
6,4,7,7,191,1650
6,8,7,7,191,1650
5,3,7,7,191,1650
5,9,7,7,191,1650
3,7,7,7,81,1136
5,7,7,7,81,1136
4,6,7,7,81,1136
4,8,7,7,81,1136
7,7,7,7,81,1136
6,6,7,7,81,1136
6,8,7,7,81,1136
5,5,7,7,81,1136
5,9,7,7,81,1136
1,7,7,7,307,1646
3,7,7,7,307,1646
2,6,7,7,307,1646
2,8,7,7,307,1646
5,7,7,7,307,1646
4,6,7,7,307,1646
4,8,7,7,307,1646
3,5,7,7,307,1646
3,9,7,7,307,1646
7,7,7,7,307,1646
6,6,7,7,307,1646
6,8,7,7,307,1646
5,5,7,7,307,1646
5,9,7,7,307,1646
4,4,7,7,307,1646
4,9,7,7,307,1646
0,8,1,7,308,1650
2,8,1,7,308,1650
1,7,1,7,308,1650
1,9,1,7,308,1650
4,8,1,7,308,1650
3,7,1,7,308,1650
3,9,1,7,308,1650
2,6,1,7,308,1650
2,9,1,7,308,1650
6,8,1,7,308,1650
5,7,1,7,308,1650
5,9,1,7,308,1650
4,6,1,7,308,1650
4,9,1,7,308,1650
3,5,1,7,308,1650
3,8,1,7,308,1650
0,9,1,7,309,1655
1,9,1,7,309,1655
0,8,1,7,309,1655
3,9,1,7,309,1655
2,8,1,7,309,1655
2,9,1,7,309,1655
1,7,1,7,309,1655
1,8,1,7,309,1655
5,9,1,7,309,1655
4,8,1,7,309,1655
4,9,1,7,309,1655
3,7,1,7,309,1655
3,8,1,7,309,1655
2,6,1,7,309,1655
2,7,1,7,309,1655
8,4,9,3,310,588
9,4,9,3,310,588
9,3,9,3,310,588
9,5,9,3,310,588
5,7,7,7,39,588
7,7,7,7,39,588
6,6,7,7,39,588
6,8,7,7,39,588
9,5,9,5,0,0
8,6,8,6,0,0
7,7,7,7,0,0
6,8,6,8,0,0
5,9,5,9,0,0
0,0,6,7,311,4419
1,0,6,7,311,4419
0,1,6,7,311,4419
2,0,6,7,311,4419
1,1,6,7,311,4419
0,2,6,7,311,4419
3,0,6,7,311,4419
2,1,6,7,311,4419
1,2,6,7,311,4419
0,3,6,7,311,4419
4,0,6,7,311,4419
3,1,6,7,311,4419
2,2,6,7,311,4419
1,3,6,7,311,4419
0,4,6,7,311,4419
5,0,6,7,311,4419
4,1,6,7,311,4419
3,2,6,7,311,4419
2,3,6,7,311,4419
1,4,6,7,311,4419
0,5,6,7,311,4419
7,0,6,7,311,4419
6,0,6,7,311,4419
6,1,6,7,311,4419
5,1,6,7,311,4419
5,2,6,7,311,4419
4,2,6,7,311,4419
4,3,6,7,311,4419
3,3,6,7,311,4419
3,4,6,7,311,4419
2,4,6,7,311,4419
2,5,6,7,311,4419
1,5,6,7,311,4419
1,6,6,7,311,4419
9,0,6,7,311,4419
8,0,6,7,311,4419
8,1,6,7,311,4419
7,1,6,7,311,4419
7,2,6,7,311,4419
6,2,6,7,311,4419
6,3,6,7,311,4419
5,3,6,7,311,4419
5,4,6,7,311,4419
4,4,6,7,311,4419
4,5,6,7,311,4419
3,5,6,7,311,4419
3,6,6,7,311,4419
2,6,6,7,311,4419
2,7,6,7,311,4419
9,1,6,7,311,4419
9,2,6,7,311,4419
8,2,6,7,311,4419
8,3,6,7,311,4419
7,3,6,7,311,4419
7,4,6,7,311,4419
6,4,6,7,311,4419
6,5,6,7,311,4419
5,5,6,7,311,4419
5,6,6,7,311,4419
4,6,6,7,311,4419
4,7,6,7,311,4419
3,7,6,7,311,4419
3,8,6,7,311,4419
9,3,6,7,311,4419
9,4,6,7,311,4419
8,4,6,7,311,4419
8,5,6,7,311,4419
7,5,6,7,311,4419
7,6,6,7,311,4419
6,6,6,7,311,4419
6,7,6,7,311,4419
5,7,6,7,311,4419
5,8,6,7,311,4419
4,8,6,7,311,4419
4,9,6,7,311,4419
9,5,6,7,311,4419
9,6,6,7,311,4419
8,6,6,7,311,4419
8,7,6,7,311,4419
7,7,6,7,311,4419
7,8,6,7,311,4419
6,8,6,7,311,4419
6,9,6,7,311,4419
5,9,6,7,311,4419
0,0,6,7,312,4087
1,0,6,7,312,4087
0,1,6,7,312,4087
2,0,6,7,312,4087
1,1,6,7,312,4087
0,2,6,7,312,4087
3,0,6,7,312,4087
2,1,6,7,312,4087
1,2,6,7,312,4087
0,3,6,7,312,4087
5,0,6,7,312,4087
4,0,6,7,312,4087
4,1,6,7,312,4087
3,1,6,7,312,4087
3,2,6,7,312,4087
2,2,6,7,312,4087
2,3,6,7,312,4087
1,3,6,7,312,4087
1,4,6,7,312,4087
7,0,6,7,312,4087
6,0,6,7,312,4087
6,1,6,7,312,4087
5,1,6,7,312,4087
5,2,6,7,312,4087
4,2,6,7,312,4087
4,3,6,7,312,4087
3,3,6,7,312,4087
3,4,6,7,312,4087
2,4,6,7,312,4087
2,5,6,7,312,4087
9,0,6,7,312,4087
8,0,6,7,312,4087
8,1,6,7,312,4087
7,1,6,7,312,4087
7,2,6,7,312,4087
6,2,6,7,312,4087
6,3,6,7,312,4087
5,3,6,7,312,4087
5,4,6,7,312,4087
4,4,6,7,312,4087
4,5,6,7,312,4087
3,5,6,7,312,4087
3,6,6,7,312,4087
9,1,6,7,312,4087
9,2,6,7,312,4087
8,2,6,7,312,4087
8,3,6,7,312,4087
7,3,6,7,312,4087
7,4,6,7,312,4087
6,4,6,7,312,4087
6,5,6,7,312,4087
5,5,6,7,312,4087
5,6,6,7,312,4087
4,6,6,7,312,4087
4,7,6,7,312,4087
9,3,6,7,312,4087
9,4,6,7,312,4087
8,4,6,7,312,4087
8,5,6,7,312,4087
7,5,6,7,312,4087
7,6,6,7,312,4087
6,6,6,7,312,4087
6,7,6,7,312,4087
5,7,6,7,312,4087
5,8,6,7,312,4087
9,5,6,7,312,4087
9,6,6,7,312,4087
8,6,6,7,312,4087
8,7,6,7,312,4087
7,7,6,7,312,4087
7,8,6,7,312,4087
6,8,6,7,312,4087
6,9,6,7,312,4087
0,0,6,5,313,3760
1,0,6,5,313,3760
0,1,6,5,313,3760
3,0,6,5,313,3760
2,0,6,5,313,3760
2,1,6,5,313,3760
1,1,6,5,313,3760
1,2,6,5,313,3760
5,0,6,5,313,3760
4,0,6,5,313,3760
4,1,6,5,313,3760
3,1,6,5,313,3760
3,2,6,5,313,3760
2,2,6,5,313,3760
2,3,6,5,313,3760
7,0,6,5,313,3760
6,0,6,5,313,3760
6,1,6,5,313,3760
5,1,6,5,313,3760
5,2,6,5,313,3760
4,2,6,5,313,3760
4,3,6,5,313,3760
3,3,6,5,313,3760
3,4,6,5,313,3760
9,0,6,5,313,3760
8,0,6,5,313,3760
8,1,6,5,313,3760
7,1,6,5,313,3760
7,2,6,5,313,3760
6,2,6,5,313,3760
6,3,6,5,313,3760
5,3,6,5,313,3760
5,4,6,5,313,3760
4,4,6,5,313,3760
4,5,6,5,313,3760
9,1,6,5,313,3760
9,2,6,5,313,3760
8,2,6,5,313,3760
8,3,6,5,313,3760
7,3,6,5,313,3760
7,4,6,5,313,3760
6,4,6,5,313,3760
6,5,6,5,313,3760
5,5,6,5,313,3760
5,6,6,5,313,3760
9,3,6,5,313,3760
9,4,6,5,313,3760
8,4,6,5,313,3760
8,5,6,5,313,3760
7,5,6,5,313,3760
7,6,6,5,313,3760
6,6,6,5,313,3760
6,7,6,5,313,3760
9,5,6,5,313,3760
9,6,6,5,313,3760
8,6,6,5,313,3760
8,7,6,5,313,3760
7,7,6,5,313,3760
7,8,6,5,313,3760
1,0,7,4,314,3401
3,0,7,4,314,3401
2,0,7,4,314,3401
2,1,7,4,314,3401
5,0,7,4,314,3401
4,0,7,4,314,3401
4,1,7,4,314,3401
3,1,7,4,314,3401
3,2,7,4,314,3401
7,0,7,4,314,3401
6,0,7,4,314,3401
6,1,7,4,314,3401
5,1,7,4,314,3401
5,2,7,4,314,3401
4,2,7,4,314,3401
4,3,7,4,314,3401
9,0,7,4,314,3401
8,0,7,4,314,3401
8,1,7,4,314,3401
7,1,7,4,314,3401
7,2,7,4,314,3401
6,2,7,4,314,3401
6,3,7,4,314,3401
5,3,7,4,314,3401
5,4,7,4,314,3401
9,1,7,4,314,3401
9,2,7,4,314,3401
8,2,7,4,314,3401
8,3,7,4,314,3401
7,3,7,4,314,3401
7,4,7,4,314,3401
6,4,7,4,314,3401
6,5,7,4,314,3401
9,3,7,4,314,3401
9,4,7,4,314,3401
8,4,7,4,314,3401
8,5,7,4,314,3401
7,5,7,4,314,3401
7,6,7,4,314,3401
9,5,7,4,314,3401
9,6,7,4,314,3401
8,6,7,4,314,3401
8,7,7,4,314,3401
3,0,7,2,315,3006
5,0,7,2,315,3006
4,0,7,2,315,3006
4,1,7,2,315,3006
7,0,7,2,315,3006
6,0,7,2,315,3006
6,1,7,2,315,3006
5,1,7,2,315,3006
5,2,7,2,315,3006
9,0,7,2,315,3006
8,0,7,2,315,3006
8,1,7,2,315,3006
7,1,7,2,315,3006
7,2,7,2,315,3006
6,2,7,2,315,3006
6,3,7,2,315,3006
9,1,7,2,315,3006
9,2,7,2,315,3006
8,2,7,2,315,3006
8,3,7,2,315,3006
7,3,7,2,315,3006
7,4,7,2,315,3006
9,3,7,2,315,3006
9,4,7,2,315,3006
8,4,7,2,315,3006
8,5,7,2,315,3006
9,5,7,2,315,3006
9,6,7,2,315,3006
4,1,7,4,316,2576
6,1,7,4,316,2576
5,0,7,4,316,2576
5,2,7,4,316,2576
8,1,7,4,316,2576
7,0,7,4,316,2576
7,2,7,4,316,2576
6,0,7,4,316,2576
6,3,7,4,316,2576
9,1,7,4,316,2576
9,0,7,4,316,2576
9,2,7,4,316,2576
8,0,7,4,316,2576
8,3,7,4,316,2576
7,1,7,4,316,2576
7,4,7,4,316,2576
8,2,7,4,316,2576
9,3,7,4,316,2576
9,4,7,4,316,2576
8,5,7,4,316,2576
5,1,7,4,316,2576
6,2,7,4,316,2576
7,3,7,4,316,2576
8,4,7,4,316,2576
9,5,7,4,316,2576
9,6,7,4,316,2576
2,1,6,5,317,2991
4,1,6,5,317,2991
3,0,6,5,317,2991
3,2,6,5,317,2991
6,1,6,5,317,2991
5,0,6,5,317,2991
5,2,6,5,317,2991
4,0,6,5,317,2991
4,3,6,5,317,2991
8,1,6,5,317,2991
7,0,6,5,317,2991
7,2,6,5,317,2991
6,0,6,5,317,2991
6,3,6,5,317,2991
5,1,6,5,317,2991
5,4,6,5,317,2991
9,1,6,5,317,2991
9,0,6,5,317,2991
9,2,6,5,317,2991
8,0,6,5,317,2991
8,3,6,5,317,2991
7,1,6,5,317,2991
7,4,6,5,317,2991
6,2,6,5,317,2991
6,5,6,5,317,2991
8,2,6,5,317,2991
9,3,6,5,317,2991
9,4,6,5,317,2991
8,5,6,5,317,2991
7,3,6,5,317,2991
7,6,6,5,317,2991
8,4,6,5,317,2991
9,5,6,5,317,2991
9,6,6,5,317,2991
8,7,6,5,317,2991
3,2,6,5,318,2574
5,2,6,5,318,2574
4,1,6,5,318,2574
4,3,6,5,318,2574
7,2,6,5,318,2574
6,1,6,5,318,2574
6,3,6,5,318,2574
5,0,6,5,318,2574
5,4,6,5,318,2574
9,2,6,5,318,2574
8,1,6,5,318,2574
8,3,6,5,318,2574
7,0,6,5,318,2574
7,4,6,5,318,2574
6,0,6,5,318,2574
6,5,6,5,318,2574
8,2,6,5,318,2574
9,1,6,5,318,2574
9,3,6,5,318,2574
9,0,6,5,318,2574
9,4,6,5,318,2574
8,0,6,5,318,2574
8,5,6,5,318,2574
7,1,6,5,318,2574
7,6,6,5,318,2574
6,2,6,5,318,2574
7,3,6,5,318,2574
8,4,6,5,318,2574
9,5,6,5,318,2574
9,6,6,5,318,2574
8,7,6,5,318,2574
0,1,6,7,319,3373
2,1,6,7,319,3373
1,0,6,7,319,3373
1,2,6,7,319,3373
4,1,6,7,319,3373
3,0,6,7,319,3373
3,2,6,7,319,3373
2,0,6,7,319,3373
2,3,6,7,319,3373
6,1,6,7,319,3373
5,0,6,7,319,3373
5,2,6,7,319,3373
4,0,6,7,319,3373
4,3,6,7,319,3373
3,1,6,7,319,3373
3,4,6,7,319,3373
8,1,6,7,319,3373
7,0,6,7,319,3373
7,2,6,7,319,3373
6,0,6,7,319,3373
6,3,6,7,319,3373
5,1,6,7,319,3373
5,4,6,7,319,3373
4,2,6,7,319,3373
4,5,6,7,319,3373
9,1,6,7,319,3373
9,0,6,7,319,3373
9,2,6,7,319,3373
8,0,6,7,319,3373
8,3,6,7,319,3373
7,1,6,7,319,3373
7,4,6,7,319,3373
6,2,6,7,319,3373
6,5,6,7,319,3373
5,3,6,7,319,3373
5,6,6,7,319,3373
8,2,6,7,319,3373
9,3,6,7,319,3373
9,4,6,7,319,3373
8,5,6,7,319,3373
7,3,6,7,319,3373
7,6,6,7,319,3373
6,4,6,7,319,3373
6,7,6,7,319,3373
8,4,6,7,319,3373
9,5,6,7,319,3373
9,6,6,7,319,3373
8,7,6,7,319,3373
7,5,6,7,319,3373
7,8,6,7,319,3373
1,2,6,7,320,2986
3,2,6,7,320,2986
2,1,6,7,320,2986
2,3,6,7,320,2986
5,2,6,7,320,2986
4,1,6,7,320,2986
4,3,6,7,320,2986
3,0,6,7,320,2986
3,4,6,7,320,2986
7,2,6,7,320,2986
6,1,6,7,320,2986
6,3,6,7,320,2986
5,0,6,7,320,2986
5,4,6,7,320,2986
4,0,6,7,320,2986
4,5,6,7,320,2986
9,2,6,7,320,2986
8,1,6,7,320,2986
8,3,6,7,320,2986
7,0,6,7,320,2986
7,4,6,7,320,2986
6,0,6,7,320,2986
6,5,6,7,320,2986
5,1,6,7,320,2986
5,6,6,7,320,2986
8,2,6,7,320,2986
9,1,6,7,320,2986
9,3,6,7,320,2986
9,0,6,7,320,2986
9,4,6,7,320,2986
8,0,6,7,320,2986
8,5,6,7,320,2986
7,1,6,7,320,2986
7,6,6,7,320,2986
6,2,6,7,320,2986
6,7,6,7,320,2986
7,3,6,7,320,2986
8,4,6,7,320,2986
9,5,6,7,320,2986
9,6,6,7,320,2986
8,7,6,7,320,2986
7,8,6,7,320,2986
2,3,6,7,321,2571
4,3,6,7,321,2571
3,2,6,7,321,2571
3,4,6,7,321,2571
6,3,6,7,321,2571
5,2,6,7,321,2571
5,4,6,7,321,2571
4,1,6,7,321,2571
4,5,6,7,321,2571
8,3,6,7,321,2571
7,2,6,7,321,2571
7,4,6,7,321,2571
6,1,6,7,321,2571
6,5,6,7,321,2571
5,0,6,7,321,2571
5,6,6,7,321,2571
9,3,6,7,321,2571
9,2,6,7,321,2571
9,4,6,7,321,2571
8,1,6,7,321,2571
8,5,6,7,321,2571
7,0,6,7,321,2571
7,6,6,7,321,2571
6,0,6,7,321,2571
6,7,6,7,321,2571
7,3,6,7,321,2571
8,2,6,7,321,2571
8,4,6,7,321,2571
9,1,6,7,321,2571
9,5,6,7,321,2571
9,0,6,7,321,2571
9,6,6,7,321,2571
8,0,6,7,321,2571
8,7,6,7,321,2571
7,1,6,7,321,2571
7,8,6,7,321,2571
0,1,6,7,322,3741
1,1,6,7,322,3741
0,0,6,7,322,3741
0,2,6,7,322,3741
2,1,6,7,322,3741
1,0,6,7,322,3741
1,2,6,7,322,3741
0,3,6,7,322,3741
4,1,6,7,322,3741
3,0,6,7,322,3741
3,2,6,7,322,3741
2,0,6,7,322,3741
2,3,6,7,322,3741
1,4,6,7,322,3741
6,1,6,7,322,3741
5,0,6,7,322,3741
5,2,6,7,322,3741
4,0,6,7,322,3741
4,3,6,7,322,3741
3,1,6,7,322,3741
3,4,6,7,322,3741
2,2,6,7,322,3741
2,5,6,7,322,3741
8,1,6,7,322,3741
7,0,6,7,322,3741
7,2,6,7,322,3741
6,0,6,7,322,3741
6,3,6,7,322,3741
5,1,6,7,322,3741
5,4,6,7,322,3741
4,2,6,7,322,3741
4,5,6,7,322,3741
3,3,6,7,322,3741
3,6,6,7,322,3741
9,1,6,7,322,3741
9,0,6,7,322,3741
9,2,6,7,322,3741
8,0,6,7,322,3741
8,3,6,7,322,3741
7,1,6,7,322,3741
7,4,6,7,322,3741
6,2,6,7,322,3741
6,5,6,7,322,3741
5,3,6,7,322,3741
5,6,6,7,322,3741
4,4,6,7,322,3741
4,7,6,7,322,3741
8,2,6,7,322,3741
9,3,6,7,322,3741
9,4,6,7,322,3741
8,5,6,7,322,3741
7,3,6,7,322,3741
7,6,6,7,322,3741
6,4,6,7,322,3741
6,7,6,7,322,3741
5,5,6,7,322,3741
5,8,6,7,322,3741
8,4,6,7,322,3741
9,5,6,7,322,3741
9,6,6,7,322,3741
8,7,6,7,322,3741
7,5,6,7,322,3741
7,8,6,7,322,3741
6,6,6,7,322,3741
6,9,6,7,322,3741
0,2,6,7,323,3379
1,2,6,7,323,3379
0,1,6,7,323,3379
0,3,6,7,323,3379
3,2,6,7,323,3379
2,1,6,7,323,3379
2,3,6,7,323,3379
1,0,6,7,323,3379
1,4,6,7,323,3379
5,2,6,7,323,3379
4,1,6,7,323,3379
4,3,6,7,323,3379
3,0,6,7,323,3379
3,4,6,7,323,3379
2,0,6,7,323,3379
2,5,6,7,323,3379
7,2,6,7,323,3379
6,1,6,7,323,3379
6,3,6,7,323,3379
5,0,6,7,323,3379
5,4,6,7,323,3379
4,0,6,7,323,3379
4,5,6,7,323,3379
3,1,6,7,323,3379
3,6,6,7,323,3379
9,2,6,7,323,3379
8,1,6,7,323,3379
8,3,6,7,323,3379
7,0,6,7,323,3379
7,4,6,7,323,3379
6,0,6,7,323,3379
6,5,6,7,323,3379
5,1,6,7,323,3379
5,6,6,7,323,3379
4,2,6,7,323,3379
4,7,6,7,323,3379
8,2,6,7,323,3379
9,1,6,7,323,3379
9,3,6,7,323,3379
9,0,6,7,323,3379
9,4,6,7,323,3379
8,0,6,7,323,3379
8,5,6,7,323,3379
7,1,6,7,323,3379
7,6,6,7,323,3379
6,2,6,7,323,3379
6,7,6,7,323,3379
5,3,6,7,323,3379
5,8,6,7,323,3379
7,3,6,7,323,3379
8,4,6,7,323,3379
9,5,6,7,323,3379
9,6,6,7,323,3379
8,7,6,7,323,3379
7,8,6,7,323,3379
6,4,6,7,323,3379
6,9,6,7,323,3379
0,3,7,8,324,2986
2,3,7,8,324,2986
1,2,7,8,324,2986
1,4,7,8,324,2986
4,3,7,8,324,2986
3,2,7,8,324,2986
3,4,7,8,324,2986
2,1,7,8,324,2986
2,5,7,8,324,2986
6,3,7,8,324,2986
5,2,7,8,324,2986
5,4,7,8,324,2986
4,1,7,8,324,2986
4,5,7,8,324,2986
3,0,7,8,324,2986
3,6,7,8,324,2986
8,3,7,8,324,2986
7,2,7,8,324,2986
7,4,7,8,324,2986
6,1,7,8,324,2986
6,5,7,8,324,2986
5,0,7,8,324,2986
5,6,7,8,324,2986
4,0,7,8,324,2986
4,7,7,8,324,2986
9,3,7,8,324,2986
9,2,7,8,324,2986
9,4,7,8,324,2986
8,1,7,8,324,2986
8,5,7,8,324,2986
7,0,7,8,324,2986
7,6,7,8,324,2986
6,0,7,8,324,2986
6,7,7,8,324,2986
5,1,7,8,324,2986
5,8,7,8,324,2986
7,3,7,8,324,2986
8,2,7,8,324,2986
8,4,7,8,324,2986
9,1,7,8,324,2986
9,5,7,8,324,2986
9,0,7,8,324,2986
9,6,7,8,324,2986
8,0,7,8,324,2986
8,7,7,8,324,2986
7,1,7,8,324,2986
7,8,7,8,324,2986
6,2,7,8,324,2986
6,9,7,8,324,2986
1,4,7,8,325,2571
3,4,7,8,325,2571
2,3,7,8,325,2571
2,5,7,8,325,2571
5,4,7,8,325,2571
4,3,7,8,325,2571
4,5,7,8,325,2571
3,2,7,8,325,2571
3,6,7,8,325,2571
7,4,7,8,325,2571
6,3,7,8,325,2571
6,5,7,8,325,2571
5,2,7,8,325,2571
5,6,7,8,325,2571
4,1,7,8,325,2571
4,7,7,8,325,2571
9,4,7,8,325,2571
8,3,7,8,325,2571
8,5,7,8,325,2571
7,2,7,8,325,2571
7,6,7,8,325,2571
6,1,7,8,325,2571
6,7,7,8,325,2571
5,0,7,8,325,2571
5,8,7,8,325,2571
8,4,7,8,325,2571
9,3,7,8,325,2571
9,5,7,8,325,2571
9,2,7,8,325,2571
9,6,7,8,325,2571
8,1,7,8,325,2571
8,7,7,8,325,2571
7,0,7,8,325,2571
7,8,7,8,325,2571
6,0,7,8,325,2571
6,9,7,8,325,2571
0,1,6,7,326,4084
1,1,6,7,326,4084
0,0,6,7,326,4084
0,2,6,7,326,4084
2,1,6,7,326,4084
1,0,6,7,326,4084
1,2,6,7,326,4084
0,3,6,7,326,4084
3,1,6,7,326,4084
2,0,6,7,326,4084
2,2,6,7,326,4084
1,3,6,7,326,4084
0,4,6,7,326,4084
4,1,6,7,326,4084
3,0,6,7,326,4084
3,2,6,7,326,4084
2,3,6,7,326,4084
1,4,6,7,326,4084
0,5,6,7,326,4084
6,1,6,7,326,4084
5,0,6,7,326,4084
5,2,6,7,326,4084
4,0,6,7,326,4084
4,3,6,7,326,4084
3,4,6,7,326,4084
2,5,6,7,326,4084
1,6,6,7,326,4084
8,1,6,7,326,4084
7,0,6,7,326,4084
7,2,6,7,326,4084
6,0,6,7,326,4084
6,3,6,7,326,4084
5,1,6,7,326,4084
5,4,6,7,326,4084
4,2,6,7,326,4084
4,5,6,7,326,4084
3,3,6,7,326,4084
3,6,6,7,326,4084
2,4,6,7,326,4084
2,7,6,7,326,4084
9,1,6,7,326,4084
9,0,6,7,326,4084
9,2,6,7,326,4084
8,0,6,7,326,4084
8,3,6,7,326,4084
7,1,6,7,326,4084
7,4,6,7,326,4084
6,2,6,7,326,4084
6,5,6,7,326,4084
5,3,6,7,326,4084
5,6,6,7,326,4084
4,4,6,7,326,4084
4,7,6,7,326,4084
3,5,6,7,326,4084
3,8,6,7,326,4084
8,2,6,7,326,4084
9,3,6,7,326,4084
9,4,6,7,326,4084
8,5,6,7,326,4084
7,3,6,7,326,4084
7,6,6,7,326,4084
6,4,6,7,326,4084
6,7,6,7,326,4084
5,5,6,7,326,4084
5,8,6,7,326,4084
4,6,6,7,326,4084
4,9,6,7,326,4084
8,4,6,7,326,4084
9,5,6,7,326,4084
9,6,6,7,326,4084
8,7,6,7,326,4084
7,5,6,7,326,4084
7,8,6,7,326,4084
6,6,6,7,326,4084
6,9,6,7,326,4084
5,7,6,7,326,4084
5,9,6,7,326,4084
0,2,6,7,327,3745
1,2,6,7,327,3745
0,1,6,7,327,3745
0,3,6,7,327,3745
2,2,6,7,327,3745
1,1,6,7,327,3745
1,3,6,7,327,3745
0,0,6,7,327,3745
0,4,6,7,327,3745
3,2,6,7,327,3745
2,1,6,7,327,3745
2,3,6,7,327,3745
1,0,6,7,327,3745
1,4,6,7,327,3745
0,5,6,7,327,3745
5,2,6,7,327,3745
4,1,6,7,327,3745
4,3,6,7,327,3745
3,0,6,7,327,3745
3,4,6,7,327,3745
2,0,6,7,327,3745
2,5,6,7,327,3745
1,6,6,7,327,3745
7,2,6,7,327,3745
6,1,6,7,327,3745
6,3,6,7,327,3745
5,0,6,7,327,3745
5,4,6,7,327,3745
4,0,6,7,327,3745
4,5,6,7,327,3745
3,1,6,7,327,3745
3,6,6,7,327,3745
2,7,6,7,327,3745
9,2,6,7,327,3745
8,1,6,7,327,3745
8,3,6,7,327,3745
7,0,6,7,327,3745
7,4,6,7,327,3745
6,0,6,7,327,3745
6,5,6,7,327,3745
5,1,6,7,327,3745
5,6,6,7,327,3745
4,2,6,7,327,3745
4,7,6,7,327,3745
3,3,6,7,327,3745
3,8,6,7,327,3745
8,2,6,7,327,3745
9,1,6,7,327,3745
9,3,6,7,327,3745
9,0,6,7,327,3745
9,4,6,7,327,3745
8,0,6,7,327,3745
8,5,6,7,327,3745
7,1,6,7,327,3745
7,6,6,7,327,3745
6,2,6,7,327,3745
6,7,6,7,327,3745
5,3,6,7,327,3745
5,8,6,7,327,3745
4,4,6,7,327,3745
4,9,6,7,327,3745
7,3,6,7,327,3745
8,4,6,7,327,3745
9,5,6,7,327,3745
9,6,6,7,327,3745
8,7,6,7,327,3745
7,8,6,7,327,3745
6,4,6,7,327,3745
6,9,6,7,327,3745
5,5,6,7,327,3745
5,9,6,7,327,3745
0,3,7,8,328,3745
1,3,7,8,328,3745
0,2,7,8,328,3745
0,4,7,8,328,3745
2,3,7,8,328,3745
1,2,7,8,328,3745
1,4,7,8,328,3745
0,1,7,8,328,3745
0,5,7,8,328,3745
3,3,7,8,328,3745
2,2,7,8,328,3745
2,4,7,8,328,3745
1,1,7,8,328,3745
1,5,7,8,328,3745
0,0,7,8,328,3745
0,6,7,8,328,3745
4,3,7,8,328,3745
3,2,7,8,328,3745
3,4,7,8,328,3745
2,1,7,8,328,3745
2,5,7,8,328,3745
1,0,7,8,328,3745
1,6,7,8,328,3745
0,7,7,8,328,3745
6,3,7,8,328,3745
5,2,7,8,328,3745
5,4,7,8,328,3745
4,1,7,8,328,3745
4,5,7,8,328,3745
3,0,7,8,328,3745
3,6,7,8,328,3745
2,0,7,8,328,3745
2,7,7,8,328,3745
1,8,7,8,328,3745
8,3,7,8,328,3745
7,2,7,8,328,3745
7,4,7,8,328,3745
6,1,7,8,328,3745
6,5,7,8,328,3745
5,0,7,8,328,3745
5,6,7,8,328,3745
4,0,7,8,328,3745
4,7,7,8,328,3745
3,1,7,8,328,3745
3,8,7,8,328,3745
2,9,7,8,328,3745
9,3,7,8,328,3745
9,2,7,8,328,3745
9,4,7,8,328,3745
8,1,7,8,328,3745
8,5,7,8,328,3745
7,0,7,8,328,3745
7,6,7,8,328,3745
6,0,7,8,328,3745
6,7,7,8,328,3745
5,1,7,8,328,3745
5,8,7,8,328,3745
4,2,7,8,328,3745
4,9,7,8,328,3745
3,9,7,8,328,3745
7,3,7,8,328,3745
8,2,7,8,328,3745
8,4,7,8,328,3745
9,1,7,8,328,3745
9,5,7,8,328,3745
9,0,7,8,328,3745
9,6,7,8,328,3745
8,0,7,8,328,3745
8,7,7,8,328,3745
7,1,7,8,328,3745
7,8,7,8,328,3745
6,2,7,8,328,3745
6,9,7,8,328,3745
5,3,7,8,328,3745
5,9,7,8,328,3745
4,4,7,8,328,3745
4,8,7,8,328,3745
0,4,7,8,329,3381
1,4,7,8,329,3381
0,3,7,8,329,3381
0,5,7,8,329,3381
2,4,7,8,329,3381
1,3,7,8,329,3381
1,5,7,8,329,3381
0,2,7,8,329,3381
0,6,7,8,329,3381
3,4,7,8,329,3381
2,3,7,8,329,3381
2,5,7,8,329,3381
1,2,7,8,329,3381
1,6,7,8,329,3381
0,1,7,8,329,3381
0,7,7,8,329,3381
5,4,7,8,329,3381
4,3,7,8,329,3381
4,5,7,8,329,3381
3,2,7,8,329,3381
3,6,7,8,329,3381
2,1,7,8,329,3381
2,7,7,8,329,3381
1,0,7,8,329,3381
1,8,7,8,329,3381
7,4,7,8,329,3381
6,3,7,8,329,3381
6,5,7,8,329,3381
5,2,7,8,329,3381
5,6,7,8,329,3381
4,1,7,8,329,3381
4,7,7,8,329,3381
3,0,7,8,329,3381
3,8,7,8,329,3381
2,0,7,8,329,3381
2,9,7,8,329,3381
9,4,7,8,329,3381
8,3,7,8,329,3381
8,5,7,8,329,3381
7,2,7,8,329,3381
7,6,7,8,329,3381
6,1,7,8,329,3381
6,7,7,8,329,3381
5,0,7,8,329,3381
5,8,7,8,329,3381
4,0,7,8,329,3381
4,9,7,8,329,3381
3,1,7,8,329,3381
3,9,7,8,329,3381
8,4,7,8,329,3381
9,3,7,8,329,3381
9,5,7,8,329,3381
9,2,7,8,329,3381
9,6,7,8,329,3381
8,1,7,8,329,3381
8,7,7,8,329,3381
7,0,7,8,329,3381
7,8,7,8,329,3381
6,0,7,8,329,3381
6,9,7,8,329,3381
5,1,7,8,329,3381
5,9,7,8,329,3381
4,2,7,8,329,3381
4,8,7,8,329,3381
0,5,7,8,330,2992
1,5,7,8,330,2992
0,4,7,8,330,2992
0,6,7,8,330,2992
2,5,7,8,330,2992
1,4,7,8,330,2992
1,6,7,8,330,2992
0,3,7,8,330,2992
0,7,7,8,330,2992
4,5,7,8,330,2992
3,4,7,8,330,2992
3,6,7,8,330,2992
2,3,7,8,330,2992
2,7,7,8,330,2992
1,2,7,8,330,2992
1,8,7,8,330,2992
6,5,7,8,330,2992
5,4,7,8,330,2992
5,6,7,8,330,2992
4,3,7,8,330,2992
4,7,7,8,330,2992
3,2,7,8,330,2992
3,8,7,8,330,2992
2,1,7,8,330,2992
2,9,7,8,330,2992
8,5,7,8,330,2992
7,4,7,8,330,2992
7,6,7,8,330,2992
6,3,7,8,330,2992
6,7,7,8,330,2992
5,2,7,8,330,2992
5,8,7,8,330,2992
4,1,7,8,330,2992
4,9,7,8,330,2992
3,0,7,8,330,2992
3,9,7,8,330,2992
9,5,7,8,330,2992
9,4,7,8,330,2992
9,6,7,8,330,2992
8,3,7,8,330,2992
8,7,7,8,330,2992
7,2,7,8,330,2992
7,8,7,8,330,2992
6,1,7,8,330,2992
6,9,7,8,330,2992
5,0,7,8,330,2992
5,9,7,8,330,2992
4,0,7,8,330,2992
4,8,7,8,330,2992
0,6,7,8,331,2574
1,6,7,8,331,2574
0,5,7,8,331,2574
0,7,7,8,331,2574
3,6,7,8,331,2574
2,5,7,8,331,2574
2,7,7,8,331,2574
1,4,7,8,331,2574
1,8,7,8,331,2574
5,6,7,8,331,2574
4,5,7,8,331,2574
4,7,7,8,331,2574
3,4,7,8,331,2574
3,8,7,8,331,2574
2,3,7,8,331,2574
2,9,7,8,331,2574
7,6,7,8,331,2574
6,5,7,8,331,2574
6,7,7,8,331,2574
5,4,7,8,331,2574
5,8,7,8,331,2574
4,3,7,8,331,2574
4,9,7,8,331,2574
3,2,7,8,331,2574
3,9,7,8,331,2574
9,6,7,8,331,2574
8,5,7,8,331,2574
8,7,7,8,331,2574
7,4,7,8,331,2574
7,8,7,8,331,2574
6,3,7,8,331,2574
6,9,7,8,331,2574
5,2,7,8,331,2574
5,9,7,8,331,2574
4,1,7,8,331,2574
4,8,7,8,331,2574
0,6,7,8,332,2991
1,6,7,8,332,2991
0,5,7,8,332,2991
0,7,7,8,332,2991
2,6,7,8,332,2991
1,5,7,8,332,2991
1,7,7,8,332,2991
0,4,7,8,332,2991
0,8,7,8,332,2991
3,6,7,8,332,2991
2,5,7,8,332,2991
2,7,7,8,332,2991
1,4,7,8,332,2991
1,8,7,8,332,2991
0,3,7,8,332,2991
0,9,7,8,332,2991
5,6,7,8,332,2991
4,5,7,8,332,2991
4,7,7,8,332,2991
3,4,7,8,332,2991
3,8,7,8,332,2991
2,3,7,8,332,2991
2,9,7,8,332,2991
1,2,7,8,332,2991
1,9,7,8,332,2991
7,6,7,8,332,2991
6,5,7,8,332,2991
6,7,7,8,332,2991
5,4,7,8,332,2991
5,8,7,8,332,2991
4,3,7,8,332,2991
4,9,7,8,332,2991
3,2,7,8,332,2991
3,9,7,8,332,2991
2,1,7,8,332,2991
2,8,7,8,332,2991
9,6,7,8,332,2991
8,5,7,8,332,2991
8,7,7,8,332,2991
7,4,7,8,332,2991
7,8,7,8,332,2991
6,3,7,8,332,2991
6,9,7,8,332,2991
5,2,7,8,332,2991
5,9,7,8,332,2991
4,1,7,8,332,2991
4,8,7,8,332,2991
3,0,7,8,332,2991
3,7,7,8,332,2991
0,4,6,7,333,4084
1,4,6,7,333,4084
0,3,6,7,333,4084
0,5,6,7,333,4084
2,4,6,7,333,4084
1,3,6,7,333,4084
1,5,6,7,333,4084
0,2,6,7,333,4084
0,6,6,7,333,4084
3,4,6,7,333,4084
2,3,6,7,333,4084
2,5,6,7,333,4084
1,2,6,7,333,4084
1,6,6,7,333,4084
0,1,6,7,333,4084
0,7,6,7,333,4084
4,4,6,7,333,4084
3,3,6,7,333,4084
3,5,6,7,333,4084
2,2,6,7,333,4084
2,6,6,7,333,4084
1,1,6,7,333,4084
1,7,6,7,333,4084
0,0,6,7,333,4084
0,8,6,7,333,4084
5,4,6,7,333,4084
4,3,6,7,333,4084
4,5,6,7,333,4084
3,2,6,7,333,4084
3,6,6,7,333,4084
2,1,6,7,333,4084
2,7,6,7,333,4084
1,0,6,7,333,4084
1,8,6,7,333,4084
0,9,6,7,333,4084
6,4,6,7,333,4084
5,3,6,7,333,4084
5,5,6,7,333,4084
4,2,6,7,333,4084
4,6,6,7,333,4084
3,1,6,7,333,4084
3,7,6,7,333,4084
2,0,6,7,333,4084
2,8,6,7,333,4084
1,9,6,7,333,4084
7,4,6,7,333,4084
6,3,6,7,333,4084
6,5,6,7,333,4084
5,2,6,7,333,4084
5,6,6,7,333,4084
4,1,6,7,333,4084
4,7,6,7,333,4084
3,0,6,7,333,4084
3,8,6,7,333,4084
2,9,6,7,333,4084
9,4,6,7,333,4084
8,3,6,7,333,4084
8,5,6,7,333,4084
7,2,6,7,333,4084
7,6,6,7,333,4084
6,1,6,7,333,4084
6,7,6,7,333,4084
5,0,6,7,333,4084
5,8,6,7,333,4084
4,0,6,7,333,4084
4,9,6,7,333,4084
3,9,6,7,333,4084
8,4,6,7,333,4084
9,3,6,7,333,4084
9,5,6,7,333,4084
9,2,6,7,333,4084
9,6,6,7,333,4084
8,1,6,7,333,4084
8,7,6,7,333,4084
7,0,6,7,333,4084
7,8,6,7,333,4084
6,0,6,7,333,4084
6,9,6,7,333,4084
5,1,6,7,333,4084
5,9,6,7,333,4084
4,8,6,7,333,4084
0,5,7,8,334,3745
1,5,7,8,334,3745
0,4,7,8,334,3745
0,6,7,8,334,3745
2,5,7,8,334,3745
1,4,7,8,334,3745
1,6,7,8,334,3745
0,3,7,8,334,3745
0,7,7,8,334,3745
3,5,7,8,334,3745
2,4,7,8,334,3745
2,6,7,8,334,3745
1,3,7,8,334,3745
1,7,7,8,334,3745
0,2,7,8,334,3745
0,8,7,8,334,3745
4,5,7,8,334,3745
3,4,7,8,334,3745
3,6,7,8,334,3745
2,3,7,8,334,3745
2,7,7,8,334,3745
1,2,7,8,334,3745
1,8,7,8,334,3745
0,1,7,8,334,3745
0,9,7,8,334,3745
5,5,7,8,334,3745
4,4,7,8,334,3745
4,6,7,8,334,3745
3,3,7,8,334,3745
3,7,7,8,334,3745
2,2,7,8,334,3745
2,8,7,8,334,3745
1,1,7,8,334,3745
1,9,7,8,334,3745
0,0,7,8,334,3745
6,5,7,8,334,3745
5,4,7,8,334,3745
5,6,7,8,334,3745
4,3,7,8,334,3745
4,7,7,8,334,3745
3,2,7,8,334,3745
3,8,7,8,334,3745
2,1,7,8,334,3745
2,9,7,8,334,3745
1,0,7,8,334,3745
8,5,7,8,334,3745
7,4,7,8,334,3745
7,6,7,8,334,3745
6,3,7,8,334,3745
6,7,7,8,334,3745
5,2,7,8,334,3745
5,8,7,8,334,3745
4,1,7,8,334,3745
4,9,7,8,334,3745
3,0,7,8,334,3745
3,9,7,8,334,3745
2,0,7,8,334,3745
9,5,7,8,334,3745
9,4,7,8,334,3745
9,6,7,8,334,3745
8,3,7,8,334,3745
8,7,7,8,334,3745
7,2,7,8,334,3745
7,8,7,8,334,3745
6,1,7,8,334,3745
6,9,7,8,334,3745
5,0,7,8,334,3745
5,9,7,8,334,3745
4,0,7,8,334,3745
4,8,7,8,334,3745
3,1,7,8,334,3745
0,6,7,8,335,3379
1,6,7,8,335,3379
0,5,7,8,335,3379
0,7,7,8,335,3379
2,6,7,8,335,3379
1,5,7,8,335,3379
1,7,7,8,335,3379
0,4,7,8,335,3379
0,8,7,8,335,3379
3,6,7,8,335,3379
2,5,7,8,335,3379
2,7,7,8,335,3379
1,4,7,8,335,3379
1,8,7,8,335,3379
0,3,7,8,335,3379
0,9,7,8,335,3379
4,6,7,8,335,3379
3,5,7,8,335,3379
3,7,7,8,335,3379
2,4,7,8,335,3379
2,8,7,8,335,3379
1,3,7,8,335,3379
1,9,7,8,335,3379
0,2,7,8,335,3379
5,6,7,8,335,3379
4,5,7,8,335,3379
4,7,7,8,335,3379
3,4,7,8,335,3379
3,8,7,8,335,3379
2,3,7,8,335,3379
2,9,7,8,335,3379
1,2,7,8,335,3379
0,1,7,8,335,3379
7,6,7,8,335,3379
6,5,7,8,335,3379
6,7,7,8,335,3379
5,4,7,8,335,3379
5,8,7,8,335,3379
4,3,7,8,335,3379
4,9,7,8,335,3379
3,2,7,8,335,3379
3,9,7,8,335,3379
2,1,7,8,335,3379
1,0,7,8,335,3379
9,6,7,8,335,3379
8,5,7,8,335,3379
8,7,7,8,335,3379
7,4,7,8,335,3379
7,8,7,8,335,3379
6,3,7,8,335,3379
6,9,7,8,335,3379
5,2,7,8,335,3379
5,9,7,8,335,3379
4,1,7,8,335,3379
4,8,7,8,335,3379
3,0,7,8,335,3379
2,0,7,8,335,3379
0,7,6,7,336,2991
1,7,6,7,336,2991
0,6,6,7,336,2991
0,8,6,7,336,2991
2,7,6,7,336,2991
1,6,6,7,336,2991
1,8,6,7,336,2991
0,5,6,7,336,2991
0,9,6,7,336,2991
3,7,6,7,336,2991
2,6,6,7,336,2991
2,8,6,7,336,2991
1,5,6,7,336,2991
1,9,6,7,336,2991
0,4,6,7,336,2991
4,7,6,7,336,2991
3,6,6,7,336,2991
3,8,6,7,336,2991
2,5,6,7,336,2991
2,9,6,7,336,2991
1,4,6,7,336,2991
0,3,6,7,336,2991
6,7,6,7,336,2991
5,6,6,7,336,2991
5,8,6,7,336,2991
4,5,6,7,336,2991
4,9,6,7,336,2991
3,4,6,7,336,2991
3,9,6,7,336,2991
2,3,6,7,336,2991
1,2,6,7,336,2991
8,7,6,7,336,2991
7,6,6,7,336,2991
7,8,6,7,336,2991
6,5,6,7,336,2991
6,9,6,7,336,2991
5,4,6,7,336,2991
5,9,6,7,336,2991
4,3,6,7,336,2991
4,8,6,7,336,2991
3,2,6,7,336,2991
2,1,6,7,336,2991
0,8,3,6,337,2574
1,8,3,6,337,2574
0,7,3,6,337,2574
0,9,3,6,337,2574
2,8,3,6,337,2574
1,7,3,6,337,2574
1,9,3,6,337,2574
0,6,3,6,337,2574
3,8,3,6,337,2574
2,7,3,6,337,2574
2,9,3,6,337,2574
1,6,3,6,337,2574
0,5,3,6,337,2574
5,8,3,6,337,2574
4,7,3,6,337,2574
4,9,3,6,337,2574
3,6,3,6,337,2574
3,9,3,6,337,2574
2,5,3,6,337,2574
1,4,3,6,337,2574
7,8,3,6,337,2574
6,7,3,6,337,2574
6,9,3,6,337,2574
5,6,3,6,337,2574
5,9,3,6,337,2574
4,5,3,6,337,2574
4,8,3,6,337,2574
3,4,3,6,337,2574
3,7,3,6,337,2574
2,3,3,6,337,2574
2,6,3,6,337,2574
0,3,7,8,338,4702
1,3,7,8,338,4702
0,2,7,8,338,4702
0,4,7,8,338,4702
2,3,7,8,338,4702
1,2,7,8,338,4702
1,4,7,8,338,4702
0,1,7,8,338,4702
0,5,7,8,338,4702
3,3,7,8,338,4702
2,2,7,8,338,4702
2,4,7,8,338,4702
1,1,7,8,338,4702
1,5,7,8,338,4702
0,0,7,8,338,4702
0,6,7,8,338,4702
4,3,7,8,338,4702
3,2,7,8,338,4702
3,4,7,8,338,4702
2,1,7,8,338,4702
2,5,7,8,338,4702
1,0,7,8,338,4702
1,6,7,8,338,4702
0,7,7,8,338,4702
5,3,7,8,338,4702
4,2,7,8,338,4702
4,4,7,8,338,4702
3,1,7,8,338,4702
3,5,7,8,338,4702
2,0,7,8,338,4702
2,6,7,8,338,4702
1,7,7,8,338,4702
0,8,7,8,338,4702
6,3,7,8,338,4702
5,2,7,8,338,4702
5,4,7,8,338,4702
4,1,7,8,338,4702
4,5,7,8,338,4702
3,0,7,8,338,4702
3,6,7,8,338,4702
2,7,7,8,338,4702
1,8,7,8,338,4702
0,9,7,8,338,4702
7,3,7,8,338,4702
6,2,7,8,338,4702
6,4,7,8,338,4702
5,1,7,8,338,4702
5,5,7,8,338,4702
4,0,7,8,338,4702
4,6,7,8,338,4702
3,7,7,8,338,4702
2,8,7,8,338,4702
1,9,7,8,338,4702
8,3,7,8,338,4702
7,2,7,8,338,4702
7,4,7,8,338,4702
6,1,7,8,338,4702
6,5,7,8,338,4702
5,0,7,8,338,4702
5,6,7,8,338,4702
4,7,7,8,338,4702
3,8,7,8,338,4702
2,9,7,8,338,4702
9,3,7,8,338,4702
8,2,7,8,338,4702
8,4,7,8,338,4702
7,1,7,8,338,4702
7,5,7,8,338,4702
6,0,7,8,338,4702
6,6,7,8,338,4702
5,7,7,8,338,4702
4,8,7,8,338,4702
3,9,7,8,338,4702
9,2,7,8,338,4702
9,4,7,8,338,4702
8,1,7,8,338,4702
8,5,7,8,338,4702
7,0,7,8,338,4702
7,6,7,8,338,4702
6,7,7,8,338,4702
5,8,7,8,338,4702
4,9,7,8,338,4702
9,1,7,8,338,4702
9,5,7,8,338,4702
9,0,7,8,338,4702
9,6,7,8,338,4702
8,0,7,8,338,4702
8,7,7,8,338,4702
7,8,7,8,338,4702
6,9,7,8,338,4702
5,9,7,8,338,4702
0,4,7,8,339,4403
1,4,7,8,339,4403
0,3,7,8,339,4403
0,5,7,8,339,4403
2,4,7,8,339,4403
1,3,7,8,339,4403
1,5,7,8,339,4403
0,2,7,8,339,4403
0,6,7,8,339,4403
3,4,7,8,339,4403
2,3,7,8,339,4403
2,5,7,8,339,4403
1,2,7,8,339,4403
1,6,7,8,339,4403
0,1,7,8,339,4403
0,7,7,8,339,4403
4,4,7,8,339,4403
3,3,7,8,339,4403
3,5,7,8,339,4403
2,2,7,8,339,4403
2,6,7,8,339,4403
1,1,7,8,339,4403
1,7,7,8,339,4403
0,0,7,8,339,4403
0,8,7,8,339,4403
5,4,7,8,339,4403
4,3,7,8,339,4403
4,5,7,8,339,4403
3,2,7,8,339,4403
3,6,7,8,339,4403
2,1,7,8,339,4403
2,7,7,8,339,4403
1,0,7,8,339,4403
1,8,7,8,339,4403
0,9,7,8,339,4403
6,4,7,8,339,4403
5,3,7,8,339,4403
5,5,7,8,339,4403
4,2,7,8,339,4403
4,6,7,8,339,4403
3,1,7,8,339,4403
3,7,7,8,339,4403
2,0,7,8,339,4403
2,8,7,8,339,4403
1,9,7,8,339,4403
7,4,7,8,339,4403
6,3,7,8,339,4403
6,5,7,8,339,4403
5,2,7,8,339,4403
5,6,7,8,339,4403
4,1,7,8,339,4403
4,7,7,8,339,4403
3,0,7,8,339,4403
3,8,7,8,339,4403
2,9,7,8,339,4403
8,4,7,8,339,4403
7,3,7,8,339,4403
7,5,7,8,339,4403
6,2,7,8,339,4403
6,6,7,8,339,4403
5,1,7,8,339,4403
5,7,7,8,339,4403
4,0,7,8,339,4403
4,8,7,8,339,4403
3,9,7,8,339,4403
9,4,7,8,339,4403
8,3,7,8,339,4403
8,5,7,8,339,4403
7,2,7,8,339,4403
7,6,7,8,339,4403
6,1,7,8,339,4403
6,7,7,8,339,4403
5,0,7,8,339,4403
5,8,7,8,339,4403
4,9,7,8,339,4403
9,3,7,8,339,4403
9,5,7,8,339,4403
9,2,7,8,339,4403
9,6,7,8,339,4403
8,1,7,8,339,4403
8,7,7,8,339,4403
7,0,7,8,339,4403
7,8,7,8,339,4403
6,0,7,8,339,4403
6,9,7,8,339,4403
5,9,7,8,339,4403
0,5,7,8,340,4084
1,5,7,8,340,4084
0,4,7,8,340,4084
0,6,7,8,340,4084
2,5,7,8,340,4084
1,4,7,8,340,4084
1,6,7,8,340,4084
0,3,7,8,340,4084
0,7,7,8,340,4084
3,5,7,8,340,4084
2,4,7,8,340,4084
2,6,7,8,340,4084
1,3,7,8,340,4084
1,7,7,8,340,4084
0,2,7,8,340,4084
0,8,7,8,340,4084
4,5,7,8,340,4084
3,4,7,8,340,4084
3,6,7,8,340,4084
2,3,7,8,340,4084
2,7,7,8,340,4084
1,2,7,8,340,4084
1,8,7,8,340,4084
0,1,7,8,340,4084
0,9,7,8,340,4084
5,5,7,8,340,4084
4,4,7,8,340,4084
4,6,7,8,340,4084
3,3,7,8,340,4084
3,7,7,8,340,4084
2,2,7,8,340,4084
2,8,7,8,340,4084
1,1,7,8,340,4084
1,9,7,8,340,4084
0,0,7,8,340,4084
6,5,7,8,340,4084
5,4,7,8,340,4084
5,6,7,8,340,4084
4,3,7,8,340,4084
4,7,7,8,340,4084
3,2,7,8,340,4084
3,8,7,8,340,4084
2,1,7,8,340,4084
2,9,7,8,340,4084
1,0,7,8,340,4084
7,5,7,8,340,4084
6,4,7,8,340,4084
6,6,7,8,340,4084
5,3,7,8,340,4084
5,7,7,8,340,4084
4,2,7,8,340,4084
4,8,7,8,340,4084
3,1,7,8,340,4084
3,9,7,8,340,4084
2,0,7,8,340,4084
8,5,7,8,340,4084
7,4,7,8,340,4084
7,6,7,8,340,4084
6,3,7,8,340,4084
6,7,7,8,340,4084
5,2,7,8,340,4084
5,8,7,8,340,4084
4,1,7,8,340,4084
4,9,7,8,340,4084
3,0,7,8,340,4084
9,5,7,8,340,4084
9,4,7,8,340,4084
9,6,7,8,340,4084
8,3,7,8,340,4084
8,7,7,8,340,4084
7,2,7,8,340,4084
7,8,7,8,340,4084
6,1,7,8,340,4084
6,9,7,8,340,4084
5,0,7,8,340,4084
5,9,7,8,340,4084
4,0,7,8,340,4084
0,6,7,8,341,3741
1,6,7,8,341,3741
0,5,7,8,341,3741
0,7,7,8,341,3741
2,6,7,8,341,3741
1,5,7,8,341,3741
1,7,7,8,341,3741
0,4,7,8,341,3741
0,8,7,8,341,3741
3,6,7,8,341,3741
2,5,7,8,341,3741
2,7,7,8,341,3741
1,4,7,8,341,3741
1,8,7,8,341,3741
0,3,7,8,341,3741
0,9,7,8,341,3741
4,6,7,8,341,3741
3,5,7,8,341,3741
3,7,7,8,341,3741
2,4,7,8,341,3741
2,8,7,8,341,3741
1,3,7,8,341,3741
1,9,7,8,341,3741
0,2,7,8,341,3741
5,6,7,8,341,3741
4,5,7,8,341,3741
4,7,7,8,341,3741
3,4,7,8,341,3741
3,8,7,8,341,3741
2,3,7,8,341,3741
2,9,7,8,341,3741
1,2,7,8,341,3741
0,1,7,8,341,3741
6,6,7,8,341,3741
5,5,7,8,341,3741
5,7,7,8,341,3741
4,4,7,8,341,3741
4,8,7,8,341,3741
3,3,7,8,341,3741
3,9,7,8,341,3741
2,2,7,8,341,3741
1,1,7,8,341,3741
0,0,7,8,341,3741
7,6,7,8,341,3741
6,5,7,8,341,3741
6,7,7,8,341,3741
5,4,7,8,341,3741
5,8,7,8,341,3741
4,3,7,8,341,3741
4,9,7,8,341,3741
3,2,7,8,341,3741
2,1,7,8,341,3741
1,0,7,8,341,3741
9,6,7,8,341,3741
8,5,7,8,341,3741
8,7,7,8,341,3741
7,4,7,8,341,3741
7,8,7,8,341,3741
6,3,7,8,341,3741
6,9,7,8,341,3741
5,2,7,8,341,3741
5,9,7,8,341,3741
4,1,7,8,341,3741
3,0,7,8,341,3741
2,0,7,8,341,3741
0,7,6,7,342,3379
1,7,6,7,342,3379
0,6,6,7,342,3379
0,8,6,7,342,3379
2,7,6,7,342,3379
1,6,6,7,342,3379
1,8,6,7,342,3379
0,5,6,7,342,3379
0,9,6,7,342,3379
3,7,6,7,342,3379
2,6,6,7,342,3379
2,8,6,7,342,3379
1,5,6,7,342,3379
1,9,6,7,342,3379
0,4,6,7,342,3379
4,7,6,7,342,3379
3,6,6,7,342,3379
3,8,6,7,342,3379
2,5,6,7,342,3379
2,9,6,7,342,3379
1,4,6,7,342,3379
0,3,6,7,342,3379
5,7,6,7,342,3379
4,6,6,7,342,3379
4,8,6,7,342,3379
3,5,6,7,342,3379
3,9,6,7,342,3379
2,4,6,7,342,3379
1,3,6,7,342,3379
0,2,6,7,342,3379
6,7,6,7,342,3379
5,6,6,7,342,3379
5,8,6,7,342,3379
4,5,6,7,342,3379
4,9,6,7,342,3379
3,4,6,7,342,3379
2,3,6,7,342,3379
1,2,6,7,342,3379
0,1,6,7,342,3379
8,7,6,7,342,3379
7,6,6,7,342,3379
7,8,6,7,342,3379
6,5,6,7,342,3379
6,9,6,7,342,3379
5,4,6,7,342,3379
5,9,6,7,342,3379
4,3,6,7,342,3379
3,2,6,7,342,3379
2,1,6,7,342,3379
1,0,6,7,342,3379
0,8,5,6,343,2991
1,8,5,6,343,2991
0,7,5,6,343,2991
0,9,5,6,343,2991
2,8,5,6,343,2991
1,7,5,6,343,2991
1,9,5,6,343,2991
0,6,5,6,343,2991
3,8,5,6,343,2991
2,7,5,6,343,2991
2,9,5,6,343,2991
1,6,5,6,343,2991
0,5,5,6,343,2991
4,8,5,6,343,2991
3,7,5,6,343,2991
3,9,5,6,343,2991
2,6,5,6,343,2991
1,5,5,6,343,2991
0,4,5,6,343,2991
5,8,5,6,343,2991
4,7,5,6,343,2991
4,9,5,6,343,2991
3,6,5,6,343,2991
2,5,5,6,343,2991
1,4,5,6,343,2991
0,3,5,6,343,2991
7,8,5,6,343,2991
6,7,5,6,343,2991
6,9,5,6,343,2991
5,6,5,6,343,2991
5,9,5,6,343,2991
4,5,5,6,343,2991
3,4,5,6,343,2991
2,3,5,6,343,2991
1,2,5,6,343,2991
0,9,3,6,344,2578
1,9,3,6,344,2578
0,8,3,6,344,2578
2,9,3,6,344,2578
1,8,3,6,344,2578
0,7,3,6,344,2578
3,9,3,6,344,2578
2,8,3,6,344,2578
1,7,3,6,344,2578
0,6,3,6,344,2578
4,9,3,6,344,2578
3,8,3,6,344,2578
2,7,3,6,344,2578
1,6,3,6,344,2578
0,5,3,6,344,2578
6,9,3,6,344,2578
5,8,3,6,344,2578
5,9,3,6,344,2578
4,7,3,6,344,2578
4,8,3,6,344,2578
3,6,3,6,344,2578
3,7,3,6,344,2578
2,5,3,6,344,2578
2,6,3,6,344,2578
1,4,3,6,344,2578
1,5,3,6,344,2578
0,5,7,8,345,4408
1,5,7,8,345,4408
0,4,7,8,345,4408
0,6,7,8,345,4408
2,5,7,8,345,4408
1,4,7,8,345,4408
1,6,7,8,345,4408
0,3,7,8,345,4408
0,7,7,8,345,4408
3,5,7,8,345,4408
2,4,7,8,345,4408
2,6,7,8,345,4408
1,3,7,8,345,4408
1,7,7,8,345,4408
0,2,7,8,345,4408
0,8,7,8,345,4408
4,5,7,8,345,4408
3,4,7,8,345,4408
3,6,7,8,345,4408
2,3,7,8,345,4408
2,7,7,8,345,4408
1,2,7,8,345,4408
1,8,7,8,345,4408
0,1,7,8,345,4408
0,9,7,8,345,4408
5,5,7,8,345,4408
4,4,7,8,345,4408
4,6,7,8,345,4408
3,3,7,8,345,4408
3,7,7,8,345,4408
2,2,7,8,345,4408
2,8,7,8,345,4408
1,1,7,8,345,4408
1,9,7,8,345,4408
0,0,7,8,345,4408
6,5,7,8,345,4408
5,4,7,8,345,4408
5,6,7,8,345,4408
4,3,7,8,345,4408
4,7,7,8,345,4408
3,2,7,8,345,4408
3,8,7,8,345,4408
2,1,7,8,345,4408
2,9,7,8,345,4408
1,0,7,8,345,4408
7,5,7,8,345,4408
6,4,7,8,345,4408
6,6,7,8,345,4408
5,3,7,8,345,4408
5,7,7,8,345,4408
4,2,7,8,345,4408
4,8,7,8,345,4408
3,1,7,8,345,4408
3,9,7,8,345,4408
2,0,7,8,345,4408
8,5,7,8,345,4408
7,4,7,8,345,4408
7,6,7,8,345,4408
6,3,7,8,345,4408
6,7,7,8,345,4408
5,2,7,8,345,4408
5,8,7,8,345,4408
4,1,7,8,345,4408
4,9,7,8,345,4408
3,0,7,8,345,4408
9,5,7,8,345,4408
8,4,7,8,345,4408
8,6,7,8,345,4408
7,3,7,8,345,4408
7,7,7,8,345,4408
6,2,7,8,345,4408
6,8,7,8,345,4408
5,1,7,8,345,4408
5,9,7,8,345,4408
4,0,7,8,345,4408
9,4,7,8,345,4408
9,6,7,8,345,4408
8,3,7,8,345,4408
8,7,7,8,345,4408
7,2,7,8,345,4408
7,8,7,8,345,4408
6,1,7,8,345,4408
6,9,7,8,345,4408
5,0,7,8,345,4408
0,6,7,8,346,4087
1,6,7,8,346,4087
0,5,7,8,346,4087
0,7,7,8,346,4087
2,6,7,8,346,4087
1,5,7,8,346,4087
1,7,7,8,346,4087
0,4,7,8,346,4087
0,8,7,8,346,4087
3,6,7,8,346,4087
2,5,7,8,346,4087
2,7,7,8,346,4087
1,4,7,8,346,4087
1,8,7,8,346,4087
0,3,7,8,346,4087
0,9,7,8,346,4087
4,6,7,8,346,4087
3,5,7,8,346,4087
3,7,7,8,346,4087
2,4,7,8,346,4087
2,8,7,8,346,4087
1,3,7,8,346,4087
1,9,7,8,346,4087
0,2,7,8,346,4087
5,6,7,8,346,4087
4,5,7,8,346,4087
4,7,7,8,346,4087
3,4,7,8,346,4087
3,8,7,8,346,4087
2,3,7,8,346,4087
2,9,7,8,346,4087
1,2,7,8,346,4087
0,1,7,8,346,4087
6,6,7,8,346,4087
5,5,7,8,346,4087
5,7,7,8,346,4087
4,4,7,8,346,4087
4,8,7,8,346,4087
3,3,7,8,346,4087
3,9,7,8,346,4087
2,2,7,8,346,4087
1,1,7,8,346,4087
0,0,7,8,346,4087
7,6,7,8,346,4087
6,5,7,8,346,4087
6,7,7,8,346,4087
5,4,7,8,346,4087
5,8,7,8,346,4087
4,3,7,8,346,4087
4,9,7,8,346,4087
3,2,7,8,346,4087
2,1,7,8,346,4087
1,0,7,8,346,4087
8,6,7,8,346,4087
7,5,7,8,346,4087
7,7,7,8,346,4087
6,4,7,8,346,4087
6,8,7,8,346,4087
5,3,7,8,346,4087
5,9,7,8,346,4087
4,2,7,8,346,4087
3,1,7,8,346,4087
2,0,7,8,346,4087
9,6,7,8,346,4087
8,5,7,8,346,4087
8,7,7,8,346,4087
7,4,7,8,346,4087
7,8,7,8,346,4087
6,3,7,8,346,4087
6,9,7,8,346,4087
5,2,7,8,346,4087
4,1,7,8,346,4087
3,0,7,8,346,4087
0,8,5,6,347,3385
1,8,5,6,347,3385
0,7,5,6,347,3385
0,9,5,6,347,3385
2,8,5,6,347,3385
1,7,5,6,347,3385
1,9,5,6,347,3385
0,6,5,6,347,3385
3,8,5,6,347,3385
2,7,5,6,347,3385
2,9,5,6,347,3385
1,6,5,6,347,3385
0,5,5,6,347,3385
4,8,5,6,347,3385
3,7,5,6,347,3385
3,9,5,6,347,3385
2,6,5,6,347,3385
1,5,5,6,347,3385
0,4,5,6,347,3385
5,8,5,6,347,3385
4,7,5,6,347,3385
4,9,5,6,347,3385
3,6,5,6,347,3385
2,5,5,6,347,3385
1,4,5,6,347,3385
0,3,5,6,347,3385
6,8,5,6,347,3385
5,7,5,6,347,3385
5,9,5,6,347,3385
4,6,5,6,347,3385
3,5,5,6,347,3385
2,4,5,6,347,3385
1,3,5,6,347,3385
0,2,5,6,347,3385
7,8,5,6,347,3385
6,7,5,6,347,3385
6,9,5,6,347,3385
5,6,5,6,347,3385
4,5,5,6,347,3385
3,4,5,6,347,3385
2,3,5,6,347,3385
1,2,5,6,347,3385
0,1,5,6,347,3385
0,9,3,6,348,3004
1,9,3,6,348,3004
0,8,3,6,348,3004
2,9,3,6,348,3004
1,8,3,6,348,3004
0,7,3,6,348,3004
3,9,3,6,348,3004
2,8,3,6,348,3004
1,7,3,6,348,3004
0,6,3,6,348,3004
4,9,3,6,348,3004
3,8,3,6,348,3004
2,7,3,6,348,3004
1,6,3,6,348,3004
0,5,3,6,348,3004
5,9,3,6,348,3004
4,8,3,6,348,3004
3,7,3,6,348,3004
2,6,3,6,348,3004
1,5,3,6,348,3004
0,4,3,6,348,3004
6,9,3,6,348,3004
5,8,3,6,348,3004
4,7,3,6,348,3004
3,6,3,6,348,3004
2,5,3,6,348,3004
1,4,3,6,348,3004
0,3,3,6,348,3004
5,2,7,4,349,2130
7,2,7,4,349,2130
6,1,7,4,349,2130
6,3,7,4,349,2130
9,2,7,4,349,2130
8,1,7,4,349,2130
8,3,7,4,349,2130
7,0,7,4,349,2130
7,4,7,4,349,2130
8,2,7,4,349,2130
9,1,7,4,349,2130
9,3,7,4,349,2130
9,0,7,4,349,2130
9,4,7,4,349,2130
8,0,7,4,349,2130
8,5,7,4,349,2130
6,2,7,4,349,2130
7,1,7,4,349,2130
7,3,7,4,349,2130
8,4,7,4,349,2130
9,5,7,4,349,2130
9,6,7,4,349,2130
6,3,7,4,350,1651
8,3,7,4,350,1651
7,2,7,4,350,1651
7,4,7,4,350,1651
9,3,7,4,350,1651
9,2,7,4,350,1651
9,4,7,4,350,1651
8,1,7,4,350,1651
8,5,7,4,350,1651
7,3,7,4,350,1651
8,2,7,4,350,1651
8,4,7,4,350,1651
9,1,7,4,350,1651
9,5,7,4,350,1651
9,0,7,4,350,1651
9,6,7,4,350,1651
4,3,6,5,351,2128
6,3,6,5,351,2128
5,2,6,5,351,2128
5,4,6,5,351,2128
8,3,6,5,351,2128
7,2,6,5,351,2128
7,4,6,5,351,2128
6,1,6,5,351,2128
6,5,6,5,351,2128
9,3,6,5,351,2128
9,2,6,5,351,2128
9,4,6,5,351,2128
8,1,6,5,351,2128
8,5,6,5,351,2128
7,0,6,5,351,2128
7,6,6,5,351,2128
7,3,6,5,351,2128
8,2,6,5,351,2128
8,4,6,5,351,2128
9,1,6,5,351,2128
9,5,6,5,351,2128
9,0,6,5,351,2128
9,6,6,5,351,2128
8,0,6,5,351,2128
8,7,6,5,351,2128
5,4,6,5,352,1650
7,4,6,5,352,1650
6,3,6,5,352,1650
6,5,6,5,352,1650
9,4,6,5,352,1650
8,3,6,5,352,1650
8,5,6,5,352,1650
7,2,6,5,352,1650
7,6,6,5,352,1650
8,4,6,5,352,1650
9,3,6,5,352,1650
9,5,6,5,352,1650
9,2,6,5,352,1650
9,6,6,5,352,1650
8,1,6,5,352,1650
8,7,6,5,352,1650
3,4,6,7,353,2127
5,4,6,7,353,2127
4,3,6,7,353,2127
4,5,6,7,353,2127
7,4,6,7,353,2127
6,3,6,7,353,2127
6,5,6,7,353,2127
5,2,6,7,353,2127
5,6,6,7,353,2127
9,4,6,7,353,2127
8,3,6,7,353,2127
8,5,6,7,353,2127
7,2,6,7,353,2127
7,6,6,7,353,2127
6,1,6,7,353,2127
6,7,6,7,353,2127
8,4,6,7,353,2127
9,3,6,7,353,2127
9,5,6,7,353,2127
9,2,6,7,353,2127
9,6,6,7,353,2127
8,1,6,7,353,2127
8,7,6,7,353,2127
7,0,6,7,353,2127
7,8,6,7,353,2127
4,5,6,7,227,1650
6,5,6,7,227,1650
5,4,6,7,227,1650
5,6,6,7,227,1650
8,5,6,7,227,1650
7,4,6,7,227,1650
7,6,6,7,227,1650
6,3,6,7,227,1650
6,7,6,7,227,1650
9,5,6,7,227,1650
9,4,6,7,227,1650
9,6,6,7,227,1650
8,3,6,7,227,1650
8,7,6,7,227,1650
7,2,6,7,227,1650
7,8,6,7,227,1650
2,5,7,8,277,2127
4,5,7,8,277,2127
3,4,7,8,277,2127
3,6,7,8,277,2127
6,5,7,8,277,2127
5,4,7,8,277,2127
5,6,7,8,277,2127
4,3,7,8,277,2127
4,7,7,8,277,2127
8,5,7,8,277,2127
7,4,7,8,277,2127
7,6,7,8,277,2127
6,3,7,8,277,2127
6,7,7,8,277,2127
5,2,7,8,277,2127
5,8,7,8,277,2127
9,5,7,8,277,2127
9,4,7,8,277,2127
9,6,7,8,277,2127
8,3,7,8,277,2127
8,7,7,8,277,2127
7,2,7,8,277,2127
7,8,7,8,277,2127
6,1,7,8,277,2127
6,9,7,8,277,2127
3,6,7,8,147,1650
5,6,7,8,147,1650
4,5,7,8,147,1650
4,7,7,8,147,1650
7,6,7,8,147,1650
6,5,7,8,147,1650
6,7,7,8,147,1650
5,4,7,8,147,1650
5,8,7,8,147,1650
9,6,7,8,147,1650
8,5,7,8,147,1650
8,7,7,8,147,1650
7,4,7,8,147,1650
7,8,7,8,147,1650
6,3,7,8,147,1650
6,9,7,8,147,1650
1,6,7,8,354,2128
3,6,7,8,354,2128
2,5,7,8,354,2128
2,7,7,8,354,2128
5,6,7,8,354,2128
4,5,7,8,354,2128
4,7,7,8,354,2128
3,4,7,8,354,2128
3,8,7,8,354,2128
7,6,7,8,354,2128
6,5,7,8,354,2128
6,7,7,8,354,2128
5,4,7,8,354,2128
5,8,7,8,354,2128
4,3,7,8,354,2128
4,9,7,8,354,2128
9,6,7,8,354,2128
8,5,7,8,354,2128
8,7,7,8,354,2128
7,4,7,8,354,2128
7,8,7,8,354,2128
6,3,7,8,354,2128
6,9,7,8,354,2128
5,2,7,8,354,2128
5,9,7,8,354,2128
2,7,7,8,355,1650
4,7,7,8,355,1650
3,6,7,8,355,1650
3,8,7,8,355,1650
6,7,7,8,355,1650
5,6,7,8,355,1650
5,8,7,8,355,1650
4,5,7,8,355,1650
4,9,7,8,355,1650
8,7,7,8,355,1650
7,6,7,8,355,1650
7,8,7,8,355,1650
6,5,7,8,355,1650
6,9,7,8,355,1650
5,4,7,8,355,1650
5,9,7,8,355,1650
0,7,7,8,356,2127
2,7,7,8,356,2127
1,6,7,8,356,2127
1,8,7,8,356,2127
4,7,7,8,356,2127
3,6,7,8,356,2127
3,8,7,8,356,2127
2,5,7,8,356,2127
2,9,7,8,356,2127
6,7,7,8,356,2127
5,6,7,8,356,2127
5,8,7,8,356,2127
4,5,7,8,356,2127
4,9,7,8,356,2127
3,4,7,8,356,2127
3,9,7,8,356,2127
8,7,7,8,356,2127
7,6,7,8,356,2127
7,8,7,8,356,2127
6,5,7,8,356,2127
6,9,7,8,356,2127
5,4,7,8,356,2127
5,9,7,8,356,2127
4,3,7,8,356,2127
4,8,7,8,356,2127
0,8,1,6,357,2128
1,8,1,6,357,2128
0,7,1,6,357,2128
0,9,1,6,357,2128
3,8,1,6,357,2128
2,7,1,6,357,2128
2,9,1,6,357,2128
1,6,1,6,357,2128
1,9,1,6,357,2128
5,8,1,6,357,2128
4,7,1,6,357,2128
4,9,1,6,357,2128
3,6,1,6,357,2128
3,9,1,6,357,2128
2,5,1,6,357,2128
2,8,1,6,357,2128
7,8,1,6,357,2128
6,7,1,6,357,2128
6,9,1,6,357,2128
5,6,1,6,357,2128
5,9,1,6,357,2128
4,5,1,6,357,2128
4,8,1,6,357,2128
3,4,1,6,357,2128
3,7,1,6,357,2128
0,9,1,6,358,2135
1,9,1,6,358,2135
0,8,1,6,358,2135
2,9,1,6,358,2135
1,8,1,6,358,2135
0,7,1,6,358,2135
4,9,1,6,358,2135
3,8,1,6,358,2135
3,9,1,6,358,2135
2,7,1,6,358,2135
2,8,1,6,358,2135
1,6,1,6,358,2135
1,7,1,6,358,2135
6,9,1,6,358,2135
5,8,1,6,358,2135
5,9,1,6,358,2135
4,7,1,6,358,2135
4,8,1,6,358,2135
3,6,1,6,358,2135
3,7,1,6,358,2135
2,5,1,6,358,2135
2,6,1,6,358,2135
7,4,8,3,359,1139
9,4,8,3,359,1139
8,3,8,3,359,1139
8,5,8,3,359,1139
8,4,8,3,359,1139
9,3,8,3,359,1139
9,5,8,3,359,1139
9,2,8,3,359,1139
9,6,8,3,359,1139
4,7,7,8,87,1138
6,7,7,8,87,1138
5,6,7,8,87,1138
5,8,7,8,87,1138
8,7,7,8,87,1138
7,6,7,8,87,1138
7,8,7,8,87,1138
6,5,7,8,87,1138
6,9,7,8,87,1138
8,5,9,4,310,588
9,5,9,4,310,588
9,4,9,4,310,588
9,6,9,4,310,588
7,6,8,7,18,588
9,6,8,7,18,588
8,5,8,7,18,588
8,7,8,7,18,588
6,7,7,8,18,588
8,7,7,8,18,588
7,6,7,8,18,588
7,8,7,8,18,588
5,8,7,8,39,588
7,8,7,8,39,588
6,7,7,8,39,588
6,9,7,8,39,588
9,6,9,6,0,0
8,7,8,7,0,0
7,8,7,8,0,0
6,9,6,9,0,0
0,0,7,7,360,4408
1,0,7,7,360,4408
0,1,7,7,360,4408
2,0,7,7,360,4408
1,1,7,7,360,4408
0,2,7,7,360,4408
3,0,7,7,360,4408
2,1,7,7,360,4408
1,2,7,7,360,4408
0,3,7,7,360,4408
4,0,7,7,360,4408
3,1,7,7,360,4408
2,2,7,7,360,4408
1,3,7,7,360,4408
0,4,7,7,360,4408
6,0,7,7,360,4408
5,0,7,7,360,4408
5,1,7,7,360,4408
4,1,7,7,360,4408
4,2,7,7,360,4408
3,2,7,7,360,4408
3,3,7,7,360,4408
2,3,7,7,360,4408
2,4,7,7,360,4408
1,4,7,7,360,4408
1,5,7,7,360,4408
8,0,7,7,360,4408
7,0,7,7,360,4408
7,1,7,7,360,4408
6,1,7,7,360,4408
6,2,7,7,360,4408
5,2,7,7,360,4408
5,3,7,7,360,4408
4,3,7,7,360,4408
4,4,7,7,360,4408
3,4,7,7,360,4408
3,5,7,7,360,4408
2,5,7,7,360,4408
2,6,7,7,360,4408
9,0,7,7,360,4408
9,1,7,7,360,4408
8,1,7,7,360,4408
8,2,7,7,360,4408
7,2,7,7,360,4408
7,3,7,7,360,4408
6,3,7,7,360,4408
6,4,7,7,360,4408
5,4,7,7,360,4408
5,5,7,7,360,4408
4,5,7,7,360,4408
4,6,7,7,360,4408
3,6,7,7,360,4408
3,7,7,7,360,4408
9,2,7,7,360,4408
9,3,7,7,360,4408
8,3,7,7,360,4408
8,4,7,7,360,4408
7,4,7,7,360,4408
7,5,7,7,360,4408
6,5,7,7,360,4408
6,6,7,7,360,4408
5,6,7,7,360,4408
5,7,7,7,360,4408
4,7,7,7,360,4408
4,8,7,7,360,4408
9,4,7,7,360,4408
9,5,7,7,360,4408
8,5,7,7,360,4408
8,6,7,7,360,4408
7,6,7,7,360,4408
7,7,7,7,360,4408
6,7,7,7,360,4408
6,8,7,7,360,4408
5,8,7,7,360,4408
5,9,7,7,360,4408
9,6,7,7,360,4408
9,7,7,7,360,4408
8,7,7,7,360,4408
8,8,7,7,360,4408
7,8,7,7,360,4408
7,9,7,7,360,4408
6,9,7,7,360,4408
0,0,6,6,361,4101
1,0,6,6,361,4101
0,1,6,6,361,4101
2,0,6,6,361,4101
1,1,6,6,361,4101
0,2,6,6,361,4101
4,0,6,6,361,4101
3,0,6,6,361,4101
3,1,6,6,361,4101
2,1,6,6,361,4101
2,2,6,6,361,4101
1,2,6,6,361,4101
1,3,6,6,361,4101
6,0,6,6,361,4101
5,0,6,6,361,4101
5,1,6,6,361,4101
4,1,6,6,361,4101
4,2,6,6,361,4101
3,2,6,6,361,4101
3,3,6,6,361,4101
2,3,6,6,361,4101
2,4,6,6,361,4101
8,0,6,6,361,4101
7,0,6,6,361,4101
7,1,6,6,361,4101
6,1,6,6,361,4101
6,2,6,6,361,4101
5,2,6,6,361,4101
5,3,6,6,361,4101
4,3,6,6,361,4101
4,4,6,6,361,4101
3,4,6,6,361,4101
3,5,6,6,361,4101
9,0,6,6,361,4101
9,1,6,6,361,4101
8,1,6,6,361,4101
8,2,6,6,361,4101
7,2,6,6,361,4101
7,3,6,6,361,4101
6,3,6,6,361,4101
6,4,6,6,361,4101
5,4,6,6,361,4101
5,5,6,6,361,4101
4,5,6,6,361,4101
4,6,6,6,361,4101
9,2,6,6,361,4101
9,3,6,6,361,4101
8,3,6,6,361,4101
8,4,6,6,361,4101
7,4,6,6,361,4101
7,5,6,6,361,4101
6,5,6,6,361,4101
6,6,6,6,361,4101
5,6,6,6,361,4101
5,7,6,6,361,4101
9,4,6,6,361,4101
9,5,6,6,361,4101
8,5,6,6,361,4101
8,6,6,6,361,4101
7,6,6,6,361,4101
7,7,6,6,361,4101
6,7,6,6,361,4101
6,8,6,6,361,4101
9,6,6,6,361,4101
9,7,6,6,361,4101
8,7,6,6,361,4101
8,8,6,6,361,4101
7,8,6,6,361,4101
7,9,6,6,361,4101
0,0,6,4,362,3767
2,0,6,4,362,3767
1,0,6,4,362,3767
1,1,6,4,362,3767
4,0,6,4,362,3767
3,0,6,4,362,3767
3,1,6,4,362,3767
2,1,6,4,362,3767
2,2,6,4,362,3767
6,0,6,4,362,3767
5,0,6,4,362,3767
5,1,6,4,362,3767
4,1,6,4,362,3767
4,2,6,4,362,3767
3,2,6,4,362,3767
3,3,6,4,362,3767
8,0,6,4,362,3767
7,0,6,4,362,3767
7,1,6,4,362,3767
6,1,6,4,362,3767
6,2,6,4,362,3767
5,2,6,4,362,3767
5,3,6,4,362,3767
4,3,6,4,362,3767
4,4,6,4,362,3767
9,0,6,4,362,3767
9,1,6,4,362,3767
8,1,6,4,362,3767
8,2,6,4,362,3767
7,2,6,4,362,3767
7,3,6,4,362,3767
6,3,6,4,362,3767
6,4,6,4,362,3767
5,4,6,4,362,3767
5,5,6,4,362,3767
9,2,6,4,362,3767
9,3,6,4,362,3767
8,3,6,4,362,3767
8,4,6,4,362,3767
7,4,6,4,362,3767
7,5,6,4,362,3767
6,5,6,4,362,3767
6,6,6,4,362,3767
9,4,6,4,362,3767
9,5,6,4,362,3767
8,5,6,4,362,3767
8,6,6,4,362,3767
7,6,6,4,362,3767
7,7,6,4,362,3767
9,6,6,4,362,3767
9,7,6,4,362,3767
8,7,6,4,362,3767
8,8,6,4,362,3767
2,0,7,3,363,3402
4,0,7,3,363,3402
3,0,7,3,363,3402
3,1,7,3,363,3402
6,0,7,3,363,3402
5,0,7,3,363,3402
5,1,7,3,363,3402
4,1,7,3,363,3402
4,2,7,3,363,3402
8,0,7,3,363,3402
7,0,7,3,363,3402
7,1,7,3,363,3402
6,1,7,3,363,3402
6,2,7,3,363,3402
5,2,7,3,363,3402
5,3,7,3,363,3402
9,0,7,3,363,3402
9,1,7,3,363,3402
8,1,7,3,363,3402
8,2,7,3,363,3402
7,2,7,3,363,3402
7,3,7,3,363,3402
6,3,7,3,363,3402
6,4,7,3,363,3402
9,2,7,3,363,3402
9,3,7,3,363,3402
8,3,7,3,363,3402
8,4,7,3,363,3402
7,4,7,3,363,3402
7,5,7,3,363,3402
9,4,7,3,363,3402
9,5,7,3,363,3402
8,5,7,3,363,3402
8,6,7,3,363,3402
9,6,7,3,363,3402
9,7,7,3,363,3402
3,1,6,4,364,2995
5,1,6,4,364,2995
4,0,6,4,364,2995
4,2,6,4,364,2995
7,1,6,4,364,2995
6,0,6,4,364,2995
6,2,6,4,364,2995
5,0,6,4,364,2995
5,3,6,4,364,2995
9,1,6,4,364,2995
8,0,6,4,364,2995
8,2,6,4,364,2995
7,0,6,4,364,2995
7,3,6,4,364,2995
6,1,6,4,364,2995
6,4,6,4,364,2995
8,1,6,4,364,2995
9,0,6,4,364,2995
9,2,6,4,364,2995
9,3,6,4,364,2995
8,4,6,4,364,2995
7,2,6,4,364,2995
7,5,6,4,364,2995
8,3,6,4,364,2995
9,4,6,4,364,2995
9,5,6,4,364,2995
8,6,6,4,364,2995
4,1,6,4,364,2995
5,2,6,4,364,2995
6,3,6,4,364,2995
7,4,6,4,364,2995
8,5,6,4,364,2995
9,6,6,4,364,2995
9,7,6,4,364,2995
1,1,6,6,365,3379
3,1,6,6,365,3379
2,0,6,6,365,3379
2,2,6,6,365,3379
5,1,6,6,365,3379
4,0,6,6,365,3379
4,2,6,6,365,3379
3,0,6,6,365,3379
3,3,6,6,365,3379
7,1,6,6,365,3379
6,0,6,6,365,3379
6,2,6,6,365,3379
5,0,6,6,365,3379
5,3,6,6,365,3379
4,1,6,6,365,3379
4,4,6,6,365,3379
9,1,6,6,365,3379
8,0,6,6,365,3379
8,2,6,6,365,3379
7,0,6,6,365,3379
7,3,6,6,365,3379
6,1,6,6,365,3379
6,4,6,6,365,3379
5,2,6,6,365,3379
5,5,6,6,365,3379
8,1,6,6,365,3379
9,0,6,6,365,3379
9,2,6,6,365,3379
9,3,6,6,365,3379
8,4,6,6,365,3379
7,2,6,6,365,3379
7,5,6,6,365,3379
6,3,6,6,365,3379
6,6,6,6,365,3379
8,3,6,6,365,3379
9,4,6,6,365,3379
9,5,6,6,365,3379
8,6,6,6,365,3379
7,4,6,6,365,3379
7,7,6,6,365,3379
8,5,6,6,365,3379
9,6,6,6,365,3379
9,7,6,6,365,3379
8,8,6,6,365,3379
2,2,6,6,366,2991
4,2,6,6,366,2991
3,1,6,6,366,2991
3,3,6,6,366,2991
6,2,6,6,366,2991
5,1,6,6,366,2991
5,3,6,6,366,2991
4,0,6,6,366,2991
4,4,6,6,366,2991
8,2,6,6,366,2991
7,1,6,6,366,2991
7,3,6,6,366,2991
6,0,6,6,366,2991
6,4,6,6,366,2991
5,0,6,6,366,2991
5,5,6,6,366,2991
9,2,6,6,366,2991
9,1,6,6,366,2991
9,3,6,6,366,2991
8,0,6,6,366,2991
8,4,6,6,366,2991
7,0,6,6,366,2991
7,5,6,6,366,2991
6,1,6,6,366,2991
6,6,6,6,366,2991
7,2,6,6,366,2991
8,1,6,6,366,2991
8,3,6,6,366,2991
9,0,6,6,366,2991
9,4,6,6,366,2991
9,5,6,6,366,2991
8,6,6,6,366,2991
7,7,6,6,366,2991
5,2,6,6,366,2991
6,3,6,6,366,2991
7,4,6,6,366,2991
8,5,6,6,366,2991
9,6,6,6,366,2991
9,7,6,6,366,2991
8,8,6,6,366,2991
0,1,7,7,367,3741
1,1,7,7,367,3741
0,0,7,7,367,3741
0,2,7,7,367,3741
3,1,7,7,367,3741
2,0,7,7,367,3741
2,2,7,7,367,3741
1,0,7,7,367,3741
1,3,7,7,367,3741
5,1,7,7,367,3741
4,0,7,7,367,3741
4,2,7,7,367,3741
3,0,7,7,367,3741
3,3,7,7,367,3741
2,1,7,7,367,3741
2,4,7,7,367,3741
7,1,7,7,367,3741
6,0,7,7,367,3741
6,2,7,7,367,3741
5,0,7,7,367,3741
5,3,7,7,367,3741
4,1,7,7,367,3741
4,4,7,7,367,3741
3,2,7,7,367,3741
3,5,7,7,367,3741
9,1,7,7,367,3741
8,0,7,7,367,3741
8,2,7,7,367,3741
7,0,7,7,367,3741
7,3,7,7,367,3741
6,1,7,7,367,3741
6,4,7,7,367,3741
5,2,7,7,367,3741
5,5,7,7,367,3741
4,3,7,7,367,3741
4,6,7,7,367,3741
8,1,7,7,367,3741
9,0,7,7,367,3741
9,2,7,7,367,3741
9,3,7,7,367,3741
8,4,7,7,367,3741
7,2,7,7,367,3741
7,5,7,7,367,3741
6,3,7,7,367,3741
6,6,7,7,367,3741
5,4,7,7,367,3741
5,7,7,7,367,3741
8,3,7,7,367,3741
9,4,7,7,367,3741
9,5,7,7,367,3741
8,6,7,7,367,3741
7,4,7,7,367,3741
7,7,7,7,367,3741
6,5,7,7,367,3741
6,8,7,7,367,3741
8,5,7,7,367,3741
9,6,7,7,367,3741
9,7,7,7,367,3741
8,8,7,7,367,3741
7,6,7,7,367,3741
7,9,7,7,367,3741
0,2,7,7,368,3379
2,2,7,7,368,3379
1,1,7,7,368,3379
1,3,7,7,368,3379
4,2,7,7,368,3379
3,1,7,7,368,3379
3,3,7,7,368,3379
2,0,7,7,368,3379
2,4,7,7,368,3379
6,2,7,7,368,3379
5,1,7,7,368,3379
5,3,7,7,368,3379
4,0,7,7,368,3379
4,4,7,7,368,3379
3,0,7,7,368,3379
3,5,7,7,368,3379
8,2,7,7,368,3379
7,1,7,7,368,3379
7,3,7,7,368,3379
6,0,7,7,368,3379
6,4,7,7,368,3379
5,0,7,7,368,3379
5,5,7,7,368,3379
4,1,7,7,368,3379
4,6,7,7,368,3379
9,2,7,7,368,3379
9,1,7,7,368,3379
9,3,7,7,368,3379
8,0,7,7,368,3379
8,4,7,7,368,3379
7,0,7,7,368,3379
7,5,7,7,368,3379
6,1,7,7,368,3379
6,6,7,7,368,3379
5,2,7,7,368,3379
5,7,7,7,368,3379
7,2,7,7,368,3379
8,1,7,7,368,3379
8,3,7,7,368,3379
9,0,7,7,368,3379
9,4,7,7,368,3379
9,5,7,7,368,3379
8,6,7,7,368,3379
7,7,7,7,368,3379
6,3,7,7,368,3379
6,8,7,7,368,3379
7,4,7,7,368,3379
8,5,7,7,368,3379
9,6,7,7,368,3379
9,7,7,7,368,3379
8,8,7,7,368,3379
7,9,7,7,368,3379
1,3,7,7,369,2991
3,3,7,7,369,2991
2,2,7,7,369,2991
2,4,7,7,369,2991
5,3,7,7,369,2991
4,2,7,7,369,2991
4,4,7,7,369,2991
3,1,7,7,369,2991
3,5,7,7,369,2991
7,3,7,7,369,2991
6,2,7,7,369,2991
6,4,7,7,369,2991
5,1,7,7,369,2991
5,5,7,7,369,2991
4,0,7,7,369,2991
4,6,7,7,369,2991
9,3,7,7,369,2991
8,2,7,7,369,2991
8,4,7,7,369,2991
7,1,7,7,369,2991
7,5,7,7,369,2991
6,0,7,7,369,2991
6,6,7,7,369,2991
5,0,7,7,369,2991
5,7,7,7,369,2991
8,3,7,7,369,2991
9,2,7,7,369,2991
9,4,7,7,369,2991
9,1,7,7,369,2991
9,5,7,7,369,2991
8,0,7,7,369,2991
8,6,7,7,369,2991
7,0,7,7,369,2991
7,7,7,7,369,2991
6,1,7,7,369,2991
6,8,7,7,369,2991
6,3,7,7,369,2991
7,2,7,7,369,2991
7,4,7,7,369,2991
8,1,7,7,369,2991
8,5,7,7,369,2991
9,0,7,7,369,2991
9,6,7,7,369,2991
9,7,7,7,369,2991
8,8,7,7,369,2991
7,9,7,7,369,2991
0,1,7,7,370,4084
1,1,7,7,370,4084
0,0,7,7,370,4084
0,2,7,7,370,4084
2,1,7,7,370,4084
1,0,7,7,370,4084
1,2,7,7,370,4084
0,3,7,7,370,4084
3,1,7,7,370,4084
2,0,7,7,370,4084
2,2,7,7,370,4084
1,3,7,7,370,4084
0,4,7,7,370,4084
5,1,7,7,370,4084
4,0,7,7,370,4084
4,2,7,7,370,4084
3,0,7,7,370,4084
3,3,7,7,370,4084
2,4,7,7,370,4084
1,5,7,7,370,4084
7,1,7,7,370,4084
6,0,7,7,370,4084
6,2,7,7,370,4084
5,0,7,7,370,4084
5,3,7,7,370,4084
4,1,7,7,370,4084
4,4,7,7,370,4084
3,2,7,7,370,4084
3,5,7,7,370,4084
2,3,7,7,370,4084
2,6,7,7,370,4084
9,1,7,7,370,4084
8,0,7,7,370,4084
8,2,7,7,370,4084
7,0,7,7,370,4084
7,3,7,7,370,4084
6,1,7,7,370,4084
6,4,7,7,370,4084
5,2,7,7,370,4084
5,5,7,7,370,4084
4,3,7,7,370,4084
4,6,7,7,370,4084
3,4,7,7,370,4084
3,7,7,7,370,4084
8,1,7,7,370,4084
9,0,7,7,370,4084
9,2,7,7,370,4084
9,3,7,7,370,4084
8,4,7,7,370,4084
7,2,7,7,370,4084
7,5,7,7,370,4084
6,3,7,7,370,4084
6,6,7,7,370,4084
5,4,7,7,370,4084
5,7,7,7,370,4084
4,5,7,7,370,4084
4,8,7,7,370,4084
8,3,7,7,370,4084
9,4,7,7,370,4084
9,5,7,7,370,4084
8,6,7,7,370,4084
7,4,7,7,370,4084
7,7,7,7,370,4084
6,5,7,7,370,4084
6,8,7,7,370,4084
5,6,7,7,370,4084
5,9,7,7,370,4084
8,5,7,7,370,4084
9,6,7,7,370,4084
9,7,7,7,370,4084
8,8,7,7,370,4084
7,6,7,7,370,4084
7,9,7,7,370,4084
6,7,7,7,370,4084
6,9,7,7,370,4084
0,2,7,7,371,3745
1,2,7,7,371,3745
0,1,7,7,371,3745
0,3,7,7,371,3745
2,2,7,7,371,3745
1,1,7,7,371,3745
1,3,7,7,371,3745
0,0,7,7,371,3745
0,4,7,7,371,3745
4,2,7,7,371,3745
3,1,7,7,371,3745
3,3,7,7,371,3745
2,0,7,7,371,3745
2,4,7,7,371,3745
1,0,7,7,371,3745
1,5,7,7,371,3745
6,2,7,7,371,3745
5,1,7,7,371,3745
5,3,7,7,371,3745
4,0,7,7,371,3745
4,4,7,7,371,3745
3,0,7,7,371,3745
3,5,7,7,371,3745
2,1,7,7,371,3745
2,6,7,7,371,3745
8,2,7,7,371,3745
7,1,7,7,371,3745
7,3,7,7,371,3745
6,0,7,7,371,3745
6,4,7,7,371,3745
5,0,7,7,371,3745
5,5,7,7,371,3745
4,1,7,7,371,3745
4,6,7,7,371,3745
3,2,7,7,371,3745
3,7,7,7,371,3745
9,2,7,7,371,3745
9,1,7,7,371,3745
9,3,7,7,371,3745
8,0,7,7,371,3745
8,4,7,7,371,3745
7,0,7,7,371,3745
7,5,7,7,371,3745
6,1,7,7,371,3745
6,6,7,7,371,3745
5,2,7,7,371,3745
5,7,7,7,371,3745
4,3,7,7,371,3745
4,8,7,7,371,3745
7,2,7,7,371,3745
8,1,7,7,371,3745
8,3,7,7,371,3745
9,0,7,7,371,3745
9,4,7,7,371,3745
9,5,7,7,371,3745
8,6,7,7,371,3745
7,7,7,7,371,3745
6,3,7,7,371,3745
6,8,7,7,371,3745
5,4,7,7,371,3745
5,9,7,7,371,3745
7,4,7,7,371,3745
8,5,7,7,371,3745
9,6,7,7,371,3745
9,7,7,7,371,3745
8,8,7,7,371,3745
7,9,7,7,371,3745
6,5,7,7,371,3745
6,9,7,7,371,3745
0,3,7,9,372,3373
1,3,7,9,372,3373
0,2,7,9,372,3373
0,4,7,9,372,3373
3,3,7,9,372,3373
2,2,7,9,372,3373
2,4,7,9,372,3373
1,1,7,9,372,3373
1,5,7,9,372,3373
5,3,7,9,372,3373
4,2,7,9,372,3373
4,4,7,9,372,3373
3,1,7,9,372,3373
3,5,7,9,372,3373
2,0,7,9,372,3373
2,6,7,9,372,3373
7,3,7,9,372,3373
6,2,7,9,372,3373
6,4,7,9,372,3373
5,1,7,9,372,3373
5,5,7,9,372,3373
4,0,7,9,372,3373
4,6,7,9,372,3373
3,0,7,9,372,3373
3,7,7,9,372,3373
9,3,7,9,372,3373
8,2,7,9,372,3373
8,4,7,9,372,3373
7,1,7,9,372,3373
7,5,7,9,372,3373
6,0,7,9,372,3373
6,6,7,9,372,3373
5,0,7,9,372,3373
5,7,7,9,372,3373
4,1,7,9,372,3373
4,8,7,9,372,3373
8,3,7,9,372,3373
9,2,7,9,372,3373
9,4,7,9,372,3373
9,1,7,9,372,3373
9,5,7,9,372,3373
8,0,7,9,372,3373
8,6,7,9,372,3373
7,0,7,9,372,3373
7,7,7,9,372,3373
6,1,7,9,372,3373
6,8,7,9,372,3373
5,2,7,9,372,3373
5,9,7,9,372,3373
6,3,7,9,372,3373
7,2,7,9,372,3373
7,4,7,9,372,3373
8,1,7,9,372,3373
8,5,7,9,372,3373
9,0,7,9,372,3373
9,6,7,9,372,3373
9,7,7,9,372,3373
8,8,7,9,372,3373
7,9,7,9,372,3373
6,9,7,9,372,3373
0,4,7,9,373,2986
2,4,7,9,373,2986
1,3,7,9,373,2986
1,5,7,9,373,2986
4,4,7,9,373,2986
3,3,7,9,373,2986
3,5,7,9,373,2986
2,2,7,9,373,2986
2,6,7,9,373,2986
6,4,7,9,373,2986
5,3,7,9,373,2986
5,5,7,9,373,2986
4,2,7,9,373,2986
4,6,7,9,373,2986
3,1,7,9,373,2986
3,7,7,9,373,2986
8,4,7,9,373,2986
7,3,7,9,373,2986
7,5,7,9,373,2986
6,2,7,9,373,2986
6,6,7,9,373,2986
5,1,7,9,373,2986
5,7,7,9,373,2986
4,0,7,9,373,2986
4,8,7,9,373,2986
9,4,7,9,373,2986
9,3,7,9,373,2986
9,5,7,9,373,2986
8,2,7,9,373,2986
8,6,7,9,373,2986
7,1,7,9,373,2986
7,7,7,9,373,2986
6,0,7,9,373,2986
6,8,7,9,373,2986
5,0,7,9,373,2986
5,9,7,9,373,2986
7,4,7,9,373,2986
8,3,7,9,373,2986
8,5,7,9,373,2986
9,2,7,9,373,2986
9,6,7,9,373,2986
9,1,7,9,373,2986
9,7,7,9,373,2986
8,0,7,9,373,2986
8,8,7,9,373,2986
7,0,7,9,373,2986
7,9,7,9,373,2986
6,1,7,9,373,2986
6,9,7,9,373,2986
0,1,7,7,374,4403
1,1,7,7,374,4403
0,0,7,7,374,4403
0,2,7,7,374,4403
2,1,7,7,374,4403
1,0,7,7,374,4403
1,2,7,7,374,4403
0,3,7,7,374,4403
3,1,7,7,374,4403
2,0,7,7,374,4403
2,2,7,7,374,4403
1,3,7,7,374,4403
0,4,7,7,374,4403
4,1,7,7,374,4403
3,0,7,7,374,4403
3,2,7,7,374,4403
2,3,7,7,374,4403
1,4,7,7,374,4403
0,5,7,7,374,4403
5,1,7,7,374,4403
4,0,7,7,374,4403
4,2,7,7,374,4403
3,3,7,7,374,4403
2,4,7,7,374,4403
1,5,7,7,374,4403
0,6,7,7,374,4403
7,1,7,7,374,4403
6,0,7,7,374,4403
6,2,7,7,374,4403
5,0,7,7,374,4403
5,3,7,7,374,4403
4,4,7,7,374,4403
3,5,7,7,374,4403
2,6,7,7,374,4403
1,7,7,7,374,4403
9,1,7,7,374,4403
8,0,7,7,374,4403
8,2,7,7,374,4403
7,0,7,7,374,4403
7,3,7,7,374,4403
6,1,7,7,374,4403
6,4,7,7,374,4403
5,2,7,7,374,4403
5,5,7,7,374,4403
4,3,7,7,374,4403
4,6,7,7,374,4403
3,4,7,7,374,4403
3,7,7,7,374,4403
2,5,7,7,374,4403
2,8,7,7,374,4403
8,1,7,7,374,4403
9,0,7,7,374,4403
9,2,7,7,374,4403
9,3,7,7,374,4403
8,4,7,7,374,4403
7,2,7,7,374,4403
7,5,7,7,374,4403
6,3,7,7,374,4403
6,6,7,7,374,4403
5,4,7,7,374,4403
5,7,7,7,374,4403
4,5,7,7,374,4403
4,8,7,7,374,4403
3,6,7,7,374,4403
3,9,7,7,374,4403
8,3,7,7,374,4403
9,4,7,7,374,4403
9,5,7,7,374,4403
8,6,7,7,374,4403
7,4,7,7,374,4403
7,7,7,7,374,4403
6,5,7,7,374,4403
6,8,7,7,374,4403
5,6,7,7,374,4403
5,9,7,7,374,4403
4,7,7,7,374,4403
4,9,7,7,374,4403
8,5,7,7,374,4403
9,6,7,7,374,4403
9,7,7,7,374,4403
8,8,7,7,374,4403
7,6,7,7,374,4403
7,9,7,7,374,4403
6,7,7,7,374,4403
6,9,7,7,374,4403
5,8,7,7,374,4403
0,2,7,7,375,4086
1,2,7,7,375,4086
0,1,7,7,375,4086
0,3,7,7,375,4086
2,2,7,7,375,4086
1,1,7,7,375,4086
1,3,7,7,375,4086
0,0,7,7,375,4086
0,4,7,7,375,4086
3,2,7,7,375,4086
2,1,7,7,375,4086
2,3,7,7,375,4086
1,0,7,7,375,4086
1,4,7,7,375,4086
0,5,7,7,375,4086
4,2,7,7,375,4086
3,1,7,7,375,4086
3,3,7,7,375,4086
2,0,7,7,375,4086
2,4,7,7,375,4086
1,5,7,7,375,4086
0,6,7,7,375,4086
6,2,7,7,375,4086
5,1,7,7,375,4086
5,3,7,7,375,4086
4,0,7,7,375,4086
4,4,7,7,375,4086
3,0,7,7,375,4086
3,5,7,7,375,4086
2,6,7,7,375,4086
1,7,7,7,375,4086
8,2,7,7,375,4086
7,1,7,7,375,4086
7,3,7,7,375,4086
6,0,7,7,375,4086
6,4,7,7,375,4086
5,0,7,7,375,4086
5,5,7,7,375,4086
4,1,7,7,375,4086
4,6,7,7,375,4086
3,7,7,7,375,4086
2,8,7,7,375,4086
9,2,7,7,375,4086
9,1,7,7,375,4086
9,3,7,7,375,4086
8,0,7,7,375,4086
8,4,7,7,375,4086
7,0,7,7,375,4086
7,5,7,7,375,4086
6,1,7,7,375,4086
6,6,7,7,375,4086
5,2,7,7,375,4086
5,7,7,7,375,4086
4,3,7,7,375,4086
4,8,7,7,375,4086
3,4,7,7,375,4086
3,9,7,7,375,4086
7,2,7,7,375,4086
8,1,7,7,375,4086
8,3,7,7,375,4086
9,0,7,7,375,4086
9,4,7,7,375,4086
9,5,7,7,375,4086
8,6,7,7,375,4086
7,7,7,7,375,4086
6,3,7,7,375,4086
6,8,7,7,375,4086
5,4,7,7,375,4086
5,9,7,7,375,4086
4,5,7,7,375,4086
4,9,7,7,375,4086
7,4,7,7,375,4086
8,5,7,7,375,4086
9,6,7,7,375,4086
9,7,7,7,375,4086
8,8,7,7,375,4086
7,9,7,7,375,4086
6,5,7,7,375,4086
6,9,7,7,375,4086
5,6,7,7,375,4086
5,8,7,7,375,4086
0,3,7,9,376,4083
1,3,7,9,376,4083
0,2,7,9,376,4083
0,4,7,9,376,4083
2,3,7,9,376,4083
1,2,7,9,376,4083
1,4,7,9,376,4083
0,1,7,9,376,4083
0,5,7,9,376,4083
3,3,7,9,376,4083
2,2,7,9,376,4083
2,4,7,9,376,4083
1,1,7,9,376,4083
1,5,7,9,376,4083
0,0,7,9,376,4083
0,6,7,9,376,4083
4,3,7,9,376,4083
3,2,7,9,376,4083
3,4,7,9,376,4083
2,1,7,9,376,4083
2,5,7,9,376,4083
1,0,7,9,376,4083
1,6,7,9,376,4083
0,7,7,9,376,4083
5,3,7,9,376,4083
4,2,7,9,376,4083
4,4,7,9,376,4083
3,1,7,9,376,4083
3,5,7,9,376,4083
2,0,7,9,376,4083
2,6,7,9,376,4083
1,7,7,9,376,4083
0,8,7,9,376,4083
7,3,7,9,376,4083
6,2,7,9,376,4083
6,4,7,9,376,4083
5,1,7,9,376,4083
5,5,7,9,376,4083
4,0,7,9,376,4083
4,6,7,9,376,4083
3,0,7,9,376,4083
3,7,7,9,376,4083
2,8,7,9,376,4083
1,9,7,9,376,4083
9,3,7,9,376,4083
8,2,7,9,376,4083
8,4,7,9,376,4083
7,1,7,9,376,4083
7,5,7,9,376,4083
6,0,7,9,376,4083
6,6,7,9,376,4083
5,0,7,9,376,4083
5,7,7,9,376,4083
4,1,7,9,376,4083
4,8,7,9,376,4083
3,9,7,9,376,4083
2,9,7,9,376,4083
8,3,7,9,376,4083
9,2,7,9,376,4083
9,4,7,9,376,4083
9,1,7,9,376,4083
9,5,7,9,376,4083
8,0,7,9,376,4083
8,6,7,9,376,4083
7,0,7,9,376,4083
7,7,7,9,376,4083
6,1,7,9,376,4083
6,8,7,9,376,4083
5,2,7,9,376,4083
5,9,7,9,376,4083
4,9,7,9,376,4083
3,8,7,9,376,4083
6,3,7,9,376,4083
7,2,7,9,376,4083
7,4,7,9,376,4083
8,1,7,9,376,4083
8,5,7,9,376,4083
9,0,7,9,376,4083
9,6,7,9,376,4083
9,7,7,9,376,4083
8,8,7,9,376,4083
7,9,7,9,376,4083
6,9,7,9,376,4083
5,4,7,9,376,4083
5,8,7,9,376,4083
4,5,7,9,376,4083
4,7,7,9,376,4083
0,4,7,9,377,3744
1,4,7,9,377,3744
0,3,7,9,377,3744
0,5,7,9,377,3744
2,4,7,9,377,3744
1,3,7,9,377,3744
1,5,7,9,377,3744
0,2,7,9,377,3744
0,6,7,9,377,3744
3,4,7,9,377,3744
2,3,7,9,377,3744
2,5,7,9,377,3744
1,2,7,9,377,3744
1,6,7,9,377,3744
0,1,7,9,377,3744
0,7,7,9,377,3744
4,4,7,9,377,3744
3,3,7,9,377,3744
3,5,7,9,377,3744
2,2,7,9,377,3744
2,6,7,9,377,3744
1,1,7,9,377,3744
1,7,7,9,377,3744
0,0,7,9,377,3744
0,8,7,9,377,3744
6,4,7,9,377,3744
5,3,7,9,377,3744
5,5,7,9,377,3744
4,2,7,9,377,3744
4,6,7,9,377,3744
3,1,7,9,377,3744
3,7,7,9,377,3744
2,0,7,9,377,3744
2,8,7,9,377,3744
1,0,7,9,377,3744
1,9,7,9,377,3744
8,4,7,9,377,3744
7,3,7,9,377,3744
7,5,7,9,377,3744
6,2,7,9,377,3744
6,6,7,9,377,3744
5,1,7,9,377,3744
5,7,7,9,377,3744
4,0,7,9,377,3744
4,8,7,9,377,3744
3,0,7,9,377,3744
3,9,7,9,377,3744
2,1,7,9,377,3744
2,9,7,9,377,3744
9,4,7,9,377,3744
9,3,7,9,377,3744
9,5,7,9,377,3744
8,2,7,9,377,3744
8,6,7,9,377,3744
7,1,7,9,377,3744
7,7,7,9,377,3744
6,0,7,9,377,3744
6,8,7,9,377,3744
5,0,7,9,377,3744
5,9,7,9,377,3744
4,1,7,9,377,3744
4,9,7,9,377,3744
3,2,7,9,377,3744
3,8,7,9,377,3744
7,4,7,9,377,3744
8,3,7,9,377,3744
8,5,7,9,377,3744
9,2,7,9,377,3744
9,6,7,9,377,3744
9,1,7,9,377,3744
9,7,7,9,377,3744
8,0,7,9,377,3744
8,8,7,9,377,3744
7,0,7,9,377,3744
7,9,7,9,377,3744
6,1,7,9,377,3744
6,9,7,9,377,3744
5,2,7,9,377,3744
5,8,7,9,377,3744
4,3,7,9,377,3744
4,7,7,9,377,3744
0,5,7,9,378,3381
1,5,7,9,378,3381
0,4,7,9,378,3381
0,6,7,9,378,3381
2,5,7,9,378,3381
1,4,7,9,378,3381
1,6,7,9,378,3381
0,3,7,9,378,3381
0,7,7,9,378,3381
3,5,7,9,378,3381
2,4,7,9,378,3381
2,6,7,9,378,3381
1,3,7,9,378,3381
1,7,7,9,378,3381
0,2,7,9,378,3381
0,8,7,9,378,3381
5,5,7,9,378,3381
4,4,7,9,378,3381
4,6,7,9,378,3381
3,3,7,9,378,3381
3,7,7,9,378,3381
2,2,7,9,378,3381
2,8,7,9,378,3381
1,1,7,9,378,3381
1,9,7,9,378,3381
7,5,7,9,378,3381
6,4,7,9,378,3381
6,6,7,9,378,3381
5,3,7,9,378,3381
5,7,7,9,378,3381
4,2,7,9,378,3381
4,8,7,9,378,3381
3,1,7,9,378,3381
3,9,7,9,378,3381
2,0,7,9,378,3381
2,9,7,9,378,3381
9,5,7,9,378,3381
8,4,7,9,378,3381
8,6,7,9,378,3381
7,3,7,9,378,3381
7,7,7,9,378,3381
6,2,7,9,378,3381
6,8,7,9,378,3381
5,1,7,9,378,3381
5,9,7,9,378,3381
4,0,7,9,378,3381
4,9,7,9,378,3381
3,0,7,9,378,3381
3,8,7,9,378,3381
8,5,7,9,378,3381
9,4,7,9,378,3381
9,6,7,9,378,3381
9,3,7,9,378,3381
9,7,7,9,378,3381
8,2,7,9,378,3381
8,8,7,9,378,3381
7,1,7,9,378,3381
7,9,7,9,378,3381
6,0,7,9,378,3381
6,9,7,9,378,3381
5,0,7,9,378,3381
5,8,7,9,378,3381
4,1,7,9,378,3381
4,7,7,9,378,3381
0,6,7,9,379,2992
1,6,7,9,379,2992
0,5,7,9,379,2992
0,7,7,9,379,2992
2,6,7,9,379,2992
1,5,7,9,379,2992
1,7,7,9,379,2992
0,4,7,9,379,2992
0,8,7,9,379,2992
4,6,7,9,379,2992
3,5,7,9,379,2992
3,7,7,9,379,2992
2,4,7,9,379,2992
2,8,7,9,379,2992
1,3,7,9,379,2992
1,9,7,9,379,2992
6,6,7,9,379,2992
5,5,7,9,379,2992
5,7,7,9,379,2992
4,4,7,9,379,2992
4,8,7,9,379,2992
3,3,7,9,379,2992
3,9,7,9,379,2992
2,2,7,9,379,2992
2,9,7,9,379,2992
8,6,7,9,379,2992
7,5,7,9,379,2992
7,7,7,9,379,2992
6,4,7,9,379,2992
6,8,7,9,379,2992
5,3,7,9,379,2992
5,9,7,9,379,2992
4,2,7,9,379,2992
4,9,7,9,379,2992
3,1,7,9,379,2992
3,8,7,9,379,2992
9,6,7,9,379,2992
9,5,7,9,379,2992
9,7,7,9,379,2992
8,4,7,9,379,2992
8,8,7,9,379,2992
7,3,7,9,379,2992
7,9,7,9,379,2992
6,2,7,9,379,2992
6,9,7,9,379,2992
5,1,7,9,379,2992
5,8,7,9,379,2992
4,0,7,9,379,2992
4,7,7,9,379,2992
0,6,7,9,380,3381
1,6,7,9,380,3381
0,5,7,9,380,3381
0,7,7,9,380,3381
2,6,7,9,380,3381
1,5,7,9,380,3381
1,7,7,9,380,3381
0,4,7,9,380,3381
0,8,7,9,380,3381
3,6,7,9,380,3381
2,5,7,9,380,3381
2,7,7,9,380,3381
1,4,7,9,380,3381
1,8,7,9,380,3381
0,3,7,9,380,3381
0,9,7,9,380,3381
4,6,7,9,380,3381
3,5,7,9,380,3381
3,7,7,9,380,3381
2,4,7,9,380,3381
2,8,7,9,380,3381
1,3,7,9,380,3381
1,9,7,9,380,3381
0,2,7,9,380,3381
6,6,7,9,380,3381
5,5,7,9,380,3381
5,7,7,9,380,3381
4,4,7,9,380,3381
4,8,7,9,380,3381
3,3,7,9,380,3381
3,9,7,9,380,3381
2,2,7,9,380,3381
2,9,7,9,380,3381
1,1,7,9,380,3381
8,6,7,9,380,3381
7,5,7,9,380,3381
7,7,7,9,380,3381
6,4,7,9,380,3381
6,8,7,9,380,3381
5,3,7,9,380,3381
5,9,7,9,380,3381
4,2,7,9,380,3381
4,9,7,9,380,3381
3,1,7,9,380,3381
3,8,7,9,380,3381
2,0,7,9,380,3381
9,6,7,9,380,3381
9,5,7,9,380,3381
9,7,7,9,380,3381
8,4,7,9,380,3381
8,8,7,9,380,3381
7,3,7,9,380,3381
7,9,7,9,380,3381
6,2,7,9,380,3381
6,9,7,9,380,3381
5,1,7,9,380,3381
5,8,7,9,380,3381
4,0,7,9,380,3381
4,7,7,9,380,3381
3,0,7,9,380,3381
0,4,7,7,381,4400
1,4,7,7,381,4400
0,3,7,7,381,4400
0,5,7,7,381,4400
2,4,7,7,381,4400
1,3,7,7,381,4400
1,5,7,7,381,4400
0,2,7,7,381,4400
0,6,7,7,381,4400
3,4,7,7,381,4400
2,3,7,7,381,4400
2,5,7,7,381,4400
1,2,7,7,381,4400
1,6,7,7,381,4400
0,1,7,7,381,4400
0,7,7,7,381,4400
4,4,7,7,381,4400
3,3,7,7,381,4400
3,5,7,7,381,4400
2,2,7,7,381,4400
2,6,7,7,381,4400
1,1,7,7,381,4400
1,7,7,7,381,4400
0,0,7,7,381,4400
0,8,7,7,381,4400
5,4,7,7,381,4400
4,3,7,7,381,4400
4,5,7,7,381,4400
3,2,7,7,381,4400
3,6,7,7,381,4400
2,1,7,7,381,4400
2,7,7,7,381,4400
1,0,7,7,381,4400
1,8,7,7,381,4400
0,9,7,7,381,4400
6,4,7,7,381,4400
5,3,7,7,381,4400
5,5,7,7,381,4400
4,2,7,7,381,4400
4,6,7,7,381,4400
3,1,7,7,381,4400
3,7,7,7,381,4400
2,0,7,7,381,4400
2,8,7,7,381,4400
1,9,7,7,381,4400
7,4,7,7,381,4400
6,3,7,7,381,4400
6,5,7,7,381,4400
5,2,7,7,381,4400
5,6,7,7,381,4400
4,1,7,7,381,4400
4,7,7,7,381,4400
3,0,7,7,381,4400
3,8,7,7,381,4400
2,9,7,7,381,4400
8,4,7,7,381,4400
7,3,7,7,381,4400
7,5,7,7,381,4400
6,2,7,7,381,4400
6,6,7,7,381,4400
5,1,7,7,381,4400
5,7,7,7,381,4400
4,0,7,7,381,4400
4,8,7,7,381,4400
3,9,7,7,381,4400
9,4,7,7,381,4400
9,3,7,7,381,4400
9,5,7,7,381,4400
8,2,7,7,381,4400
8,6,7,7,381,4400
7,1,7,7,381,4400
7,7,7,7,381,4400
6,0,7,7,381,4400
6,8,7,7,381,4400
5,0,7,7,381,4400
5,9,7,7,381,4400
4,9,7,7,381,4400
8,3,7,7,381,4400
8,5,7,7,381,4400
9,2,7,7,381,4400
9,6,7,7,381,4400
9,1,7,7,381,4400
9,7,7,7,381,4400
8,0,7,7,381,4400
8,8,7,7,381,4400
7,0,7,7,381,4400
7,9,7,7,381,4400
6,1,7,7,381,4400
6,9,7,7,381,4400
5,8,7,7,381,4400
0,5,7,9,382,4085
1,5,7,9,382,4085
0,4,7,9,382,4085
0,6,7,9,382,4085
2,5,7,9,382,4085
1,4,7,9,382,4085
1,6,7,9,382,4085
0,3,7,9,382,4085
0,7,7,9,382,4085
3,5,7,9,382,4085
2,4,7,9,382,4085
2,6,7,9,382,4085
1,3,7,9,382,4085
1,7,7,9,382,4085
0,2,7,9,382,4085
0,8,7,9,382,4085
4,5,7,9,382,4085
3,4,7,9,382,4085
3,6,7,9,382,4085
2,3,7,9,382,4085
2,7,7,9,382,4085
1,2,7,9,382,4085
1,8,7,9,382,4085
0,1,7,9,382,4085
0,9,7,9,382,4085
5,5,7,9,382,4085
4,4,7,9,382,4085
4,6,7,9,382,4085
3,3,7,9,382,4085
3,7,7,9,382,4085
2,2,7,9,382,4085
2,8,7,9,382,4085
1,1,7,9,382,4085
1,9,7,9,382,4085
0,0,7,9,382,4085
6,5,7,9,382,4085
5,4,7,9,382,4085
5,6,7,9,382,4085
4,3,7,9,382,4085
4,7,7,9,382,4085
3,2,7,9,382,4085
3,8,7,9,382,4085
2,1,7,9,382,4085
2,9,7,9,382,4085
1,0,7,9,382,4085
7,5,7,9,382,4085
6,4,7,9,382,4085
6,6,7,9,382,4085
5,3,7,9,382,4085
5,7,7,9,382,4085
4,2,7,9,382,4085
4,8,7,9,382,4085
3,1,7,9,382,4085
3,9,7,9,382,4085
2,0,7,9,382,4085
9,5,7,9,382,4085
8,4,7,9,382,4085
8,6,7,9,382,4085
7,3,7,9,382,4085
7,7,7,9,382,4085
6,2,7,9,382,4085
6,8,7,9,382,4085
5,1,7,9,382,4085
5,9,7,9,382,4085
4,0,7,9,382,4085
4,9,7,9,382,4085
3,0,7,9,382,4085
8,5,7,9,382,4085
9,4,7,9,382,4085
9,6,7,9,382,4085
9,3,7,9,382,4085
9,7,7,9,382,4085
8,2,7,9,382,4085
8,8,7,9,382,4085
7,1,7,9,382,4085
7,9,7,9,382,4085
6,0,7,9,382,4085
6,9,7,9,382,4085
5,0,7,9,382,4085
5,8,7,9,382,4085
4,1,7,9,382,4085
0,6,7,9,383,3744
1,6,7,9,383,3744
0,5,7,9,383,3744
0,7,7,9,383,3744
2,6,7,9,383,3744
1,5,7,9,383,3744
1,7,7,9,383,3744
0,4,7,9,383,3744
0,8,7,9,383,3744
3,6,7,9,383,3744
2,5,7,9,383,3744
2,7,7,9,383,3744
1,4,7,9,383,3744
1,8,7,9,383,3744
0,3,7,9,383,3744
0,9,7,9,383,3744
4,6,7,9,383,3744
3,5,7,9,383,3744
3,7,7,9,383,3744
2,4,7,9,383,3744
2,8,7,9,383,3744
1,3,7,9,383,3744
1,9,7,9,383,3744
0,2,7,9,383,3744
5,6,7,9,383,3744
4,5,7,9,383,3744
4,7,7,9,383,3744
3,4,7,9,383,3744
3,8,7,9,383,3744
2,3,7,9,383,3744
2,9,7,9,383,3744
1,2,7,9,383,3744
0,1,7,9,383,3744
6,6,7,9,383,3744
5,5,7,9,383,3744
5,7,7,9,383,3744
4,4,7,9,383,3744
4,8,7,9,383,3744
3,3,7,9,383,3744
3,9,7,9,383,3744
2,2,7,9,383,3744
1,1,7,9,383,3744
0,0,7,9,383,3744
8,6,7,9,383,3744
7,5,7,9,383,3744
7,7,7,9,383,3744
6,4,7,9,383,3744
6,8,7,9,383,3744
5,3,7,9,383,3744
5,9,7,9,383,3744
4,2,7,9,383,3744
4,9,7,9,383,3744
3,1,7,9,383,3744
2,0,7,9,383,3744
1,0,7,9,383,3744
9,6,7,9,383,3744
9,5,7,9,383,3744
9,7,7,9,383,3744
8,4,7,9,383,3744
8,8,7,9,383,3744
7,3,7,9,383,3744
7,9,7,9,383,3744
6,2,7,9,383,3744
6,9,7,9,383,3744
5,1,7,9,383,3744
5,8,7,9,383,3744
4,0,7,9,383,3744
3,0,7,9,383,3744
2,1,7,9,383,3744
0,7,7,7,384,3379
1,7,7,7,384,3379
0,6,7,7,384,3379
0,8,7,7,384,3379
2,7,7,7,384,3379
1,6,7,7,384,3379
1,8,7,7,384,3379
0,5,7,7,384,3379
0,9,7,7,384,3379
3,7,7,7,384,3379
2,6,7,7,384,3379
2,8,7,7,384,3379
1,5,7,7,384,3379
1,9,7,7,384,3379
0,4,7,7,384,3379
4,7,7,7,384,3379
3,6,7,7,384,3379
3,8,7,7,384,3379
2,5,7,7,384,3379
2,9,7,7,384,3379
1,4,7,7,384,3379
0,3,7,7,384,3379
5,7,7,7,384,3379
4,6,7,7,384,3379
4,8,7,7,384,3379
3,5,7,7,384,3379
3,9,7,7,384,3379
2,4,7,7,384,3379
1,3,7,7,384,3379
0,2,7,7,384,3379
7,7,7,7,384,3379
6,6,7,7,384,3379
6,8,7,7,384,3379
5,5,7,7,384,3379
5,9,7,7,384,3379
4,4,7,7,384,3379
4,9,7,7,384,3379
3,3,7,7,384,3379
2,2,7,7,384,3379
1,1,7,7,384,3379
9,7,7,7,384,3379
8,6,7,7,384,3379
8,8,7,7,384,3379
7,5,7,7,384,3379
7,9,7,7,384,3379
6,4,7,7,384,3379
6,9,7,7,384,3379
5,3,7,7,384,3379
5,8,7,7,384,3379
4,2,7,7,384,3379
3,1,7,7,384,3379
2,0,7,7,384,3379
0,8,4,6,385,2991
1,8,4,6,385,2991
0,7,4,6,385,2991
0,9,4,6,385,2991
2,8,4,6,385,2991
1,7,4,6,385,2991
1,9,4,6,385,2991
0,6,4,6,385,2991
3,8,4,6,385,2991
2,7,4,6,385,2991
2,9,4,6,385,2991
1,6,4,6,385,2991
0,5,4,6,385,2991
4,8,4,6,385,2991
3,7,4,6,385,2991
3,9,4,6,385,2991
2,6,4,6,385,2991
1,5,4,6,385,2991
0,4,4,6,385,2991
6,8,4,6,385,2991
5,7,4,6,385,2991
5,9,4,6,385,2991
4,6,4,6,385,2991
4,9,4,6,385,2991
3,5,4,6,385,2991
2,4,4,6,385,2991
1,3,4,6,385,2991
8,8,4,6,385,2991
7,7,4,6,385,2991
7,9,4,6,385,2991
6,6,4,6,385,2991
6,9,4,6,385,2991
5,5,4,6,385,2991
5,8,4,6,385,2991
4,4,4,6,385,2991
4,7,4,6,385,2991
3,3,4,6,385,2991
3,6,4,6,385,2991
2,2,4,6,385,2991
2,5,4,6,385,2991
0,4,7,9,386,4701
1,4,7,9,386,4701
0,3,7,9,386,4701
0,5,7,9,386,4701
2,4,7,9,386,4701
1,3,7,9,386,4701
1,5,7,9,386,4701
0,2,7,9,386,4701
0,6,7,9,386,4701
3,4,7,9,386,4701
2,3,7,9,386,4701
2,5,7,9,386,4701
1,2,7,9,386,4701
1,6,7,9,386,4701
0,1,7,9,386,4701
0,7,7,9,386,4701
4,4,7,9,386,4701
3,3,7,9,386,4701
3,5,7,9,386,4701
2,2,7,9,386,4701
2,6,7,9,386,4701
1,1,7,9,386,4701
1,7,7,9,386,4701
0,0,7,9,386,4701
0,8,7,9,386,4701
5,4,7,9,386,4701
4,3,7,9,386,4701
4,5,7,9,386,4701
3,2,7,9,386,4701
3,6,7,9,386,4701
2,1,7,9,386,4701
2,7,7,9,386,4701
1,0,7,9,386,4701
1,8,7,9,386,4701
0,9,7,9,386,4701
6,4,7,9,386,4701
5,3,7,9,386,4701
5,5,7,9,386,4701
4,2,7,9,386,4701
4,6,7,9,386,4701
3,1,7,9,386,4701
3,7,7,9,386,4701
2,0,7,9,386,4701
2,8,7,9,386,4701
1,9,7,9,386,4701
7,4,7,9,386,4701
6,3,7,9,386,4701
6,5,7,9,386,4701
5,2,7,9,386,4701
5,6,7,9,386,4701
4,1,7,9,386,4701
4,7,7,9,386,4701
3,0,7,9,386,4701
3,8,7,9,386,4701
2,9,7,9,386,4701
8,4,7,9,386,4701
7,3,7,9,386,4701
7,5,7,9,386,4701
6,2,7,9,386,4701
6,6,7,9,386,4701
5,1,7,9,386,4701
5,7,7,9,386,4701
4,0,7,9,386,4701
4,8,7,9,386,4701
3,9,7,9,386,4701
9,4,7,9,386,4701
8,3,7,9,386,4701
8,5,7,9,386,4701
7,2,7,9,386,4701
7,6,7,9,386,4701
6,1,7,9,386,4701
6,7,7,9,386,4701
5,0,7,9,386,4701
5,8,7,9,386,4701
4,9,7,9,386,4701
9,3,7,9,386,4701
9,5,7,9,386,4701
8,2,7,9,386,4701
8,6,7,9,386,4701
7,1,7,9,386,4701
7,7,7,9,386,4701
6,0,7,9,386,4701
6,8,7,9,386,4701
5,9,7,9,386,4701
9,2,7,9,386,4701
9,6,7,9,386,4701
9,1,7,9,386,4701
9,7,7,9,386,4701
8,0,7,9,386,4701
8,8,7,9,386,4701
7,0,7,9,386,4701
7,9,7,9,386,4701
6,9,7,9,386,4701
0,5,7,9,387,4402
1,5,7,9,387,4402
0,4,7,9,387,4402
0,6,7,9,387,4402
2,5,7,9,387,4402
1,4,7,9,387,4402
1,6,7,9,387,4402
0,3,7,9,387,4402
0,7,7,9,387,4402
3,5,7,9,387,4402
2,4,7,9,387,4402
2,6,7,9,387,4402
1,3,7,9,387,4402
1,7,7,9,387,4402
0,2,7,9,387,4402
0,8,7,9,387,4402
4,5,7,9,387,4402
3,4,7,9,387,4402
3,6,7,9,387,4402
2,3,7,9,387,4402
2,7,7,9,387,4402
1,2,7,9,387,4402
1,8,7,9,387,4402
0,1,7,9,387,4402
0,9,7,9,387,4402
5,5,7,9,387,4402
4,4,7,9,387,4402
4,6,7,9,387,4402
3,3,7,9,387,4402
3,7,7,9,387,4402
2,2,7,9,387,4402
2,8,7,9,387,4402
1,1,7,9,387,4402
1,9,7,9,387,4402
0,0,7,9,387,4402
6,5,7,9,387,4402
5,4,7,9,387,4402
5,6,7,9,387,4402
4,3,7,9,387,4402
4,7,7,9,387,4402
3,2,7,9,387,4402
3,8,7,9,387,4402
2,1,7,9,387,4402
2,9,7,9,387,4402
1,0,7,9,387,4402
7,5,7,9,387,4402
6,4,7,9,387,4402
6,6,7,9,387,4402
5,3,7,9,387,4402
5,7,7,9,387,4402
4,2,7,9,387,4402
4,8,7,9,387,4402
3,1,7,9,387,4402
3,9,7,9,387,4402
2,0,7,9,387,4402
8,5,7,9,387,4402
7,4,7,9,387,4402
7,6,7,9,387,4402
6,3,7,9,387,4402
6,7,7,9,387,4402
5,2,7,9,387,4402
5,8,7,9,387,4402
4,1,7,9,387,4402
4,9,7,9,387,4402
3,0,7,9,387,4402
9,5,7,9,387,4402
8,4,7,9,387,4402
8,6,7,9,387,4402
7,3,7,9,387,4402
7,7,7,9,387,4402
6,2,7,9,387,4402
6,8,7,9,387,4402
5,1,7,9,387,4402
5,9,7,9,387,4402
4,0,7,9,387,4402
9,4,7,9,387,4402
9,6,7,9,387,4402
9,3,7,9,387,4402
9,7,7,9,387,4402
8,2,7,9,387,4402
8,8,7,9,387,4402
7,1,7,9,387,4402
7,9,7,9,387,4402
6,0,7,9,387,4402
6,9,7,9,387,4402
5,0,7,9,387,4402
0,6,7,9,388,4082
1,6,7,9,388,4082
0,5,7,9,388,4082
0,7,7,9,388,4082
2,6,7,9,388,4082
1,5,7,9,388,4082
1,7,7,9,388,4082
0,4,7,9,388,4082
0,8,7,9,388,4082
3,6,7,9,388,4082
2,5,7,9,388,4082
2,7,7,9,388,4082
1,4,7,9,388,4082
1,8,7,9,388,4082
0,3,7,9,388,4082
0,9,7,9,388,4082
4,6,7,9,388,4082
3,5,7,9,388,4082
3,7,7,9,388,4082
2,4,7,9,388,4082
2,8,7,9,388,4082
1,3,7,9,388,4082
1,9,7,9,388,4082
0,2,7,9,388,4082
5,6,7,9,388,4082
4,5,7,9,388,4082
4,7,7,9,388,4082
3,4,7,9,388,4082
3,8,7,9,388,4082
2,3,7,9,388,4082
2,9,7,9,388,4082
1,2,7,9,388,4082
0,1,7,9,388,4082
6,6,7,9,388,4082
5,5,7,9,388,4082
5,7,7,9,388,4082
4,4,7,9,388,4082
4,8,7,9,388,4082
3,3,7,9,388,4082
3,9,7,9,388,4082
2,2,7,9,388,4082
1,1,7,9,388,4082
0,0,7,9,388,4082
7,6,7,9,388,4082
6,5,7,9,388,4082
6,7,7,9,388,4082
5,4,7,9,388,4082
5,8,7,9,388,4082
4,3,7,9,388,4082
4,9,7,9,388,4082
3,2,7,9,388,4082
2,1,7,9,388,4082
1,0,7,9,388,4082
8,6,7,9,388,4082
7,5,7,9,388,4082
7,7,7,9,388,4082
6,4,7,9,388,4082
6,8,7,9,388,4082
5,3,7,9,388,4082
5,9,7,9,388,4082
4,2,7,9,388,4082
3,1,7,9,388,4082
2,0,7,9,388,4082
9,6,7,9,388,4082
9,5,7,9,388,4082
9,7,7,9,388,4082
8,4,7,9,388,4082
8,8,7,9,388,4082
7,3,7,9,388,4082
7,9,7,9,388,4082
6,2,7,9,388,4082
6,9,7,9,388,4082
5,1,7,9,388,4082
4,0,7,9,388,4082
3,0,7,9,388,4082
0,7,7,7,389,3741
1,7,7,7,389,3741
0,6,7,7,389,3741
0,8,7,7,389,3741
2,7,7,7,389,3741
1,6,7,7,389,3741
1,8,7,7,389,3741
0,5,7,7,389,3741
0,9,7,7,389,3741
3,7,7,7,389,3741
2,6,7,7,389,3741
2,8,7,7,389,3741
1,5,7,7,389,3741
1,9,7,7,389,3741
0,4,7,7,389,3741
4,7,7,7,389,3741
3,6,7,7,389,3741
3,8,7,7,389,3741
2,5,7,7,389,3741
2,9,7,7,389,3741
1,4,7,7,389,3741
0,3,7,7,389,3741
5,7,7,7,389,3741
4,6,7,7,389,3741
4,8,7,7,389,3741
3,5,7,7,389,3741
3,9,7,7,389,3741
2,4,7,7,389,3741
1,3,7,7,389,3741
0,2,7,7,389,3741
6,7,7,7,389,3741
5,6,7,7,389,3741
5,8,7,7,389,3741
4,5,7,7,389,3741
4,9,7,7,389,3741
3,4,7,7,389,3741
2,3,7,7,389,3741
1,2,7,7,389,3741
0,1,7,7,389,3741
7,7,7,7,389,3741
6,6,7,7,389,3741
6,8,7,7,389,3741
5,5,7,7,389,3741
5,9,7,7,389,3741
4,4,7,7,389,3741
3,3,7,7,389,3741
2,2,7,7,389,3741
1,1,7,7,389,3741
0,0,7,7,389,3741
9,7,7,7,389,3741
8,6,7,7,389,3741
8,8,7,7,389,3741
7,5,7,7,389,3741
7,9,7,7,389,3741
6,4,7,7,389,3741
6,9,7,7,389,3741
5,3,7,7,389,3741
4,2,7,7,389,3741
3,1,7,7,389,3741
2,0,7,7,389,3741
1,0,7,7,389,3741
0,8,5,7,390,3381
1,8,5,7,390,3381
0,7,5,7,390,3381
0,9,5,7,390,3381
2,8,5,7,390,3381
1,7,5,7,390,3381
1,9,5,7,390,3381
0,6,5,7,390,3381
3,8,5,7,390,3381
2,7,5,7,390,3381
2,9,5,7,390,3381
1,6,5,7,390,3381
0,5,5,7,390,3381
4,8,5,7,390,3381
3,7,5,7,390,3381
3,9,5,7,390,3381
2,6,5,7,390,3381
1,5,5,7,390,3381
0,4,5,7,390,3381
5,8,5,7,390,3381
4,7,5,7,390,3381
4,9,5,7,390,3381
3,6,5,7,390,3381
2,5,5,7,390,3381
1,4,5,7,390,3381
0,3,5,7,390,3381
6,8,5,7,390,3381
5,7,5,7,390,3381
5,9,5,7,390,3381
4,6,5,7,390,3381
3,5,5,7,390,3381
2,4,5,7,390,3381
1,3,5,7,390,3381
0,2,5,7,390,3381
8,8,5,7,390,3381
7,7,5,7,390,3381
7,9,5,7,390,3381
6,6,5,7,390,3381
6,9,5,7,390,3381
5,5,5,7,390,3381
4,4,5,7,390,3381
3,3,5,7,390,3381
2,2,5,7,390,3381
1,1,5,7,390,3381
0,9,4,6,391,2995
1,9,4,6,391,2995
0,8,4,6,391,2995
2,9,4,6,391,2995
1,8,4,6,391,2995
0,7,4,6,391,2995
3,9,4,6,391,2995
2,8,4,6,391,2995
1,7,4,6,391,2995
0,6,4,6,391,2995
4,9,4,6,391,2995
3,8,4,6,391,2995
2,7,4,6,391,2995
1,6,4,6,391,2995
0,5,4,6,391,2995
5,9,4,6,391,2995
4,8,4,6,391,2995
3,7,4,6,391,2995
2,6,4,6,391,2995
1,5,4,6,391,2995
0,4,4,6,391,2995
7,9,4,6,391,2995
6,8,4,6,391,2995
6,9,4,6,391,2995
5,7,4,6,391,2995
5,8,4,6,391,2995
4,6,4,6,391,2995
4,7,4,6,391,2995
3,5,4,6,391,2995
3,6,4,6,391,2995
2,4,4,6,391,2995
2,5,4,6,391,2995
1,3,4,6,391,2995
1,4,4,6,391,2995
0,6,7,9,392,4398
1,6,7,9,392,4398
0,5,7,9,392,4398
0,7,7,9,392,4398
2,6,7,9,392,4398
1,5,7,9,392,4398
1,7,7,9,392,4398
0,4,7,9,392,4398
0,8,7,9,392,4398
3,6,7,9,392,4398
2,5,7,9,392,4398
2,7,7,9,392,4398
1,4,7,9,392,4398
1,8,7,9,392,4398
0,3,7,9,392,4398
0,9,7,9,392,4398
4,6,7,9,392,4398
3,5,7,9,392,4398
3,7,7,9,392,4398
2,4,7,9,392,4398
2,8,7,9,392,4398
1,3,7,9,392,4398
1,9,7,9,392,4398
0,2,7,9,392,4398
5,6,7,9,392,4398
4,5,7,9,392,4398
4,7,7,9,392,4398
3,4,7,9,392,4398
3,8,7,9,392,4398
2,3,7,9,392,4398
2,9,7,9,392,4398
1,2,7,9,392,4398
0,1,7,9,392,4398
6,6,7,9,392,4398
5,5,7,9,392,4398
5,7,7,9,392,4398
4,4,7,9,392,4398
4,8,7,9,392,4398
3,3,7,9,392,4398
3,9,7,9,392,4398
2,2,7,9,392,4398
1,1,7,9,392,4398
0,0,7,9,392,4398
7,6,7,9,392,4398
6,5,7,9,392,4398
6,7,7,9,392,4398
5,4,7,9,392,4398
5,8,7,9,392,4398
4,3,7,9,392,4398
4,9,7,9,392,4398
3,2,7,9,392,4398
2,1,7,9,392,4398
1,0,7,9,392,4398
8,6,7,9,392,4398
7,5,7,9,392,4398
7,7,7,9,392,4398
6,4,7,9,392,4398
6,8,7,9,392,4398
5,3,7,9,392,4398
5,9,7,9,392,4398
4,2,7,9,392,4398
3,1,7,9,392,4398
2,0,7,9,392,4398
9,6,7,9,392,4398
8,5,7,9,392,4398
8,7,7,9,392,4398
7,4,7,9,392,4398
7,8,7,9,392,4398
6,3,7,9,392,4398
6,9,7,9,392,4398
5,2,7,9,392,4398
4,1,7,9,392,4398
3,0,7,9,392,4398
9,5,7,9,392,4398
9,7,7,9,392,4398
8,4,7,9,392,4398
8,8,7,9,392,4398
7,3,7,9,392,4398
7,9,7,9,392,4398
6,2,7,9,392,4398
5,1,7,9,392,4398
4,0,7,9,392,4398
0,8,5,7,393,3750
1,8,5,7,393,3750
0,7,5,7,393,3750
0,9,5,7,393,3750
2,8,5,7,393,3750
1,7,5,7,393,3750
1,9,5,7,393,3750
0,6,5,7,393,3750
3,8,5,7,393,3750
2,7,5,7,393,3750
2,9,5,7,393,3750
1,6,5,7,393,3750
0,5,5,7,393,3750
4,8,5,7,393,3750
3,7,5,7,393,3750
3,9,5,7,393,3750
2,6,5,7,393,3750
1,5,5,7,393,3750
0,4,5,7,393,3750
5,8,5,7,393,3750
4,7,5,7,393,3750
4,9,5,7,393,3750
3,6,5,7,393,3750
2,5,5,7,393,3750
1,4,5,7,393,3750
0,3,5,7,393,3750
6,8,5,7,393,3750
5,7,5,7,393,3750
5,9,5,7,393,3750
4,6,5,7,393,3750
3,5,5,7,393,3750
2,4,5,7,393,3750
1,3,5,7,393,3750
0,2,5,7,393,3750
7,8,5,7,393,3750
6,7,5,7,393,3750
6,9,5,7,393,3750
5,6,5,7,393,3750
4,5,5,7,393,3750
3,4,5,7,393,3750
2,3,5,7,393,3750
1,2,5,7,393,3750
0,1,5,7,393,3750
8,8,5,7,393,3750
7,7,5,7,393,3750
7,9,5,7,393,3750
6,6,5,7,393,3750
5,5,5,7,393,3750
4,4,5,7,393,3750
3,3,5,7,393,3750
2,2,5,7,393,3750
1,1,5,7,393,3750
0,0,5,7,393,3750
0,9,4,6,394,3396
1,9,4,6,394,3396
0,8,4,6,394,3396
2,9,4,6,394,3396
1,8,4,6,394,3396
0,7,4,6,394,3396
3,9,4,6,394,3396
2,8,4,6,394,3396
1,7,4,6,394,3396
0,6,4,6,394,3396
4,9,4,6,394,3396
3,8,4,6,394,3396
2,7,4,6,394,3396
1,6,4,6,394,3396
0,5,4,6,394,3396
5,9,4,6,394,3396
4,8,4,6,394,3396
3,7,4,6,394,3396
2,6,4,6,394,3396
1,5,4,6,394,3396
0,4,4,6,394,3396
6,9,4,6,394,3396
5,8,4,6,394,3396
4,7,4,6,394,3396
3,6,4,6,394,3396
2,5,4,6,394,3396
1,4,4,6,394,3396
0,3,4,6,394,3396
7,9,4,6,394,3396
6,8,4,6,394,3396
5,7,4,6,394,3396
4,6,4,6,394,3396
3,5,4,6,394,3396
2,4,4,6,394,3396
1,3,4,6,394,3396
0,2,4,6,394,3396
4,2,6,4,395,2578
6,2,6,4,395,2578
5,1,6,4,395,2578
5,3,6,4,395,2578
8,2,6,4,395,2578
7,1,6,4,395,2578
7,3,6,4,395,2578
6,0,6,4,395,2578
6,4,6,4,395,2578
9,2,6,4,395,2578
9,1,6,4,395,2578
9,3,6,4,395,2578
8,0,6,4,395,2578
8,4,6,4,395,2578
7,0,6,4,395,2578
7,5,6,4,395,2578
7,2,6,4,395,2578
8,1,6,4,395,2578
8,3,6,4,395,2578
9,0,6,4,395,2578
9,4,6,4,395,2578
9,5,6,4,395,2578
8,6,6,4,395,2578
5,2,6,4,395,2578
6,1,6,4,395,2578
6,3,6,4,395,2578
7,4,6,4,395,2578
8,5,6,4,395,2578
9,6,6,4,395,2578
9,7,6,4,395,2578
5,3,6,4,396,2130
7,3,6,4,396,2130
6,2,6,4,396,2130
6,4,6,4,396,2130
9,3,6,4,396,2130
8,2,6,4,396,2130
8,4,6,4,396,2130
7,1,6,4,396,2130
7,5,6,4,396,2130
8,3,6,4,396,2130
9,2,6,4,396,2130
9,4,6,4,396,2130
9,1,6,4,396,2130
9,5,6,4,396,2130
8,0,6,4,396,2130
8,6,6,4,396,2130
6,3,6,4,396,2130
7,2,6,4,396,2130
7,4,6,4,396,2130
8,1,6,4,396,2130
8,5,6,4,396,2130
9,0,6,4,396,2130
9,6,6,4,396,2130
9,7,6,4,396,2130
3,3,6,6,397,2574
5,3,6,6,397,2574
4,2,6,6,397,2574
4,4,6,6,397,2574
7,3,6,6,397,2574
6,2,6,6,397,2574
6,4,6,6,397,2574
5,1,6,6,397,2574
5,5,6,6,397,2574
9,3,6,6,397,2574
8,2,6,6,397,2574
8,4,6,6,397,2574
7,1,6,6,397,2574
7,5,6,6,397,2574
6,0,6,6,397,2574
6,6,6,6,397,2574
8,3,6,6,397,2574
9,2,6,6,397,2574
9,4,6,6,397,2574
9,1,6,6,397,2574
9,5,6,6,397,2574
8,0,6,6,397,2574
8,6,6,6,397,2574
7,0,6,6,397,2574
7,7,6,6,397,2574
6,3,6,6,397,2574
7,2,6,6,397,2574
7,4,6,6,397,2574
8,1,6,6,397,2574
8,5,6,6,397,2574
9,0,6,6,397,2574
9,6,6,6,397,2574
9,7,6,6,397,2574
8,8,6,6,397,2574
4,4,6,6,398,2128
6,4,6,6,398,2128
5,3,6,6,398,2128
5,5,6,6,398,2128
8,4,6,6,398,2128
7,3,6,6,398,2128
7,5,6,6,398,2128
6,2,6,6,398,2128
6,6,6,6,398,2128
9,4,6,6,398,2128
9,3,6,6,398,2128
9,5,6,6,398,2128
8,2,6,6,398,2128
8,6,6,6,398,2128
7,1,6,6,398,2128
7,7,6,6,398,2128
7,4,6,6,398,2128
8,3,6,6,398,2128
8,5,6,6,398,2128
9,2,6,6,398,2128
9,6,6,6,398,2128
9,1,6,6,398,2128
9,7,6,6,398,2128
8,0,6,6,398,2128
8,8,6,6,398,2128
2,4,7,7,399,2574
4,4,7,7,399,2574
3,3,7,7,399,2574
3,5,7,7,399,2574
6,4,7,7,399,2574
5,3,7,7,399,2574
5,5,7,7,399,2574
4,2,7,7,399,2574
4,6,7,7,399,2574
8,4,7,7,399,2574
7,3,7,7,399,2574
7,5,7,7,399,2574
6,2,7,7,399,2574
6,6,7,7,399,2574
5,1,7,7,399,2574
5,7,7,7,399,2574
9,4,7,7,399,2574
9,3,7,7,399,2574
9,5,7,7,399,2574
8,2,7,7,399,2574
8,6,7,7,399,2574
7,1,7,7,399,2574
7,7,7,7,399,2574
6,0,7,7,399,2574
6,8,7,7,399,2574
7,4,7,7,399,2574
8,3,7,7,399,2574
8,5,7,7,399,2574
9,2,7,7,399,2574
9,6,7,7,399,2574
9,1,7,7,399,2574
9,7,7,7,399,2574
8,0,7,7,399,2574
8,8,7,7,399,2574
7,0,7,7,399,2574
7,9,7,7,399,2574
3,5,7,7,400,2128
5,5,7,7,400,2128
4,4,7,7,400,2128
4,6,7,7,400,2128
7,5,7,7,400,2128
6,4,7,7,400,2128
6,6,7,7,400,2128
5,3,7,7,400,2128
5,7,7,7,400,2128
9,5,7,7,400,2128
8,4,7,7,400,2128
8,6,7,7,400,2128
7,3,7,7,400,2128
7,7,7,7,400,2128
6,2,7,7,400,2128
6,8,7,7,400,2128
8,5,7,7,400,2128
9,4,7,7,400,2128
9,6,7,7,400,2128
9,3,7,7,400,2128
9,7,7,7,400,2128
8,2,7,7,400,2128
8,8,7,7,400,2128
7,1,7,7,400,2128
7,9,7,7,400,2128
1,5,7,9,401,2571
3,5,7,9,401,2571
2,4,7,9,401,2571
2,6,7,9,401,2571
5,5,7,9,401,2571
4,4,7,9,401,2571
4,6,7,9,401,2571
3,3,7,9,401,2571
3,7,7,9,401,2571
7,5,7,9,401,2571
6,4,7,9,401,2571
6,6,7,9,401,2571
5,3,7,9,401,2571
5,7,7,9,401,2571
4,2,7,9,401,2571
4,8,7,9,401,2571
9,5,7,9,401,2571
8,4,7,9,401,2571
8,6,7,9,401,2571
7,3,7,9,401,2571
7,7,7,9,401,2571
6,2,7,9,401,2571
6,8,7,9,401,2571
5,1,7,9,401,2571
5,9,7,9,401,2571
8,5,7,9,401,2571
9,4,7,9,401,2571
9,6,7,9,401,2571
9,3,7,9,401,2571
9,7,7,9,401,2571
8,2,7,9,401,2571
8,8,7,9,401,2571
7,1,7,9,401,2571
7,9,7,9,401,2571
6,0,7,9,401,2571
6,9,7,9,401,2571
2,6,7,9,402,2127
4,6,7,9,402,2127
3,5,7,9,402,2127
3,7,7,9,402,2127
6,6,7,9,402,2127
5,5,7,9,402,2127
5,7,7,9,402,2127
4,4,7,9,402,2127
4,8,7,9,402,2127
8,6,7,9,402,2127
7,5,7,9,402,2127
7,7,7,9,402,2127
6,4,7,9,402,2127
6,8,7,9,402,2127
5,3,7,9,402,2127
5,9,7,9,402,2127
9,6,7,9,402,2127
9,5,7,9,402,2127
9,7,7,9,402,2127
8,4,7,9,402,2127
8,8,7,9,402,2127
7,3,7,9,402,2127
7,9,7,9,402,2127
6,2,7,9,402,2127
6,9,7,9,402,2127
0,6,7,9,403,2574
2,6,7,9,403,2574
1,5,7,9,403,2574
1,7,7,9,403,2574
4,6,7,9,403,2574
3,5,7,9,403,2574
3,7,7,9,403,2574
2,4,7,9,403,2574
2,8,7,9,403,2574
6,6,7,9,403,2574
5,5,7,9,403,2574
5,7,7,9,403,2574
4,4,7,9,403,2574
4,8,7,9,403,2574
3,3,7,9,403,2574
3,9,7,9,403,2574
8,6,7,9,403,2574
7,5,7,9,403,2574
7,7,7,9,403,2574
6,4,7,9,403,2574
6,8,7,9,403,2574
5,3,7,9,403,2574
5,9,7,9,403,2574
4,2,7,9,403,2574
4,9,7,9,403,2574
9,6,7,9,403,2574
9,5,7,9,403,2574
9,7,7,9,403,2574
8,4,7,9,403,2574
8,8,7,9,403,2574
7,3,7,9,403,2574
7,9,7,9,403,2574
6,2,7,9,403,2574
6,9,7,9,403,2574
5,1,7,9,403,2574
5,8,7,9,403,2574
1,7,7,9,404,2128
3,7,7,9,404,2128
2,6,7,9,404,2128
2,8,7,9,404,2128
5,7,7,9,404,2128
4,6,7,9,404,2128
4,8,7,9,404,2128
3,5,7,9,404,2128
3,9,7,9,404,2128
7,7,7,9,404,2128
6,6,7,9,404,2128
6,8,7,9,404,2128
5,5,7,9,404,2128
5,9,7,9,404,2128
4,4,7,9,404,2128
4,9,7,9,404,2128
9,7,7,9,404,2128
8,6,7,9,404,2128
8,8,7,9,404,2128
7,5,7,9,404,2128
7,9,7,9,404,2128
6,4,7,9,404,2128
6,9,7,9,404,2128
5,3,7,9,404,2128
5,8,7,9,404,2128
0,7,7,9,405,2574
1,7,7,9,405,2574
0,6,7,9,405,2574
0,8,7,9,405,2574
3,7,7,9,405,2574
2,6,7,9,405,2574
2,8,7,9,405,2574
1,5,7,9,405,2574
1,9,7,9,405,2574
5,7,7,9,405,2574
4,6,7,9,405,2574
4,8,7,9,405,2574
3,5,7,9,405,2574
3,9,7,9,405,2574
2,4,7,9,405,2574
2,9,7,9,405,2574
7,7,7,9,405,2574
6,6,7,9,405,2574
6,8,7,9,405,2574
5,5,7,9,405,2574
5,9,7,9,405,2574
4,4,7,9,405,2574
4,9,7,9,405,2574
3,3,7,9,405,2574
3,8,7,9,405,2574
9,7,7,9,405,2574
8,6,7,9,405,2574
8,8,7,9,405,2574
7,5,7,9,405,2574
7,9,7,9,405,2574
6,4,7,9,405,2574
6,9,7,9,405,2574
5,3,7,9,405,2574
5,8,7,9,405,2574
4,2,7,9,405,2574
4,7,7,9,405,2574
0,8,2,6,406,2574
1,8,2,6,406,2574
0,7,2,6,406,2574
0,9,2,6,406,2574
2,8,2,6,406,2574
1,7,2,6,406,2574
1,9,2,6,406,2574
0,6,2,6,406,2574
4,8,2,6,406,2574
3,7,2,6,406,2574
3,9,2,6,406,2574
2,6,2,6,406,2574
2,9,2,6,406,2574
1,5,2,6,406,2574
6,8,2,6,406,2574
5,7,2,6,406,2574
5,9,2,6,406,2574
4,6,2,6,406,2574
4,9,2,6,406,2574
3,5,2,6,406,2574
3,8,2,6,406,2574
2,4,2,6,406,2574
2,7,2,6,406,2574
8,8,2,6,406,2574
7,7,2,6,406,2574
7,9,2,6,406,2574
6,6,2,6,406,2574
6,9,2,6,406,2574
5,5,2,6,406,2574
5,8,2,6,406,2574
4,4,2,6,406,2574
4,7,2,6,406,2574
3,3,2,6,406,2574
3,6,2,6,406,2574
0,9,2,6,407,2584
1,9,2,6,407,2584
0,8,2,6,407,2584
2,9,2,6,407,2584
1,8,2,6,407,2584
0,7,2,6,407,2584
3,9,2,6,407,2584
2,8,2,6,407,2584
1,7,2,6,407,2584
0,6,2,6,407,2584
5,9,2,6,407,2584
4,8,2,6,407,2584
4,9,2,6,407,2584
3,7,2,6,407,2584
3,8,2,6,407,2584
2,6,2,6,407,2584
2,7,2,6,407,2584
1,5,2,6,407,2584
1,6,2,6,407,2584
7,9,2,6,407,2584
6,8,2,6,407,2584
6,9,2,6,407,2584
5,7,2,6,407,2584
5,8,2,6,407,2584
4,6,2,6,407,2584
4,7,2,6,407,2584
3,5,2,6,407,2584
3,6,2,6,407,2584
2,4,2,6,407,2584
2,5,2,6,407,2584
6,4,7,3,408,1655
8,4,7,3,408,1655
7,3,7,3,408,1655
7,5,7,3,408,1655
9,4,7,3,408,1655
9,3,7,3,408,1655
9,5,7,3,408,1655
8,2,7,3,408,1655
8,6,7,3,408,1655
7,4,7,3,408,1655
8,3,7,3,408,1655
8,5,7,3,408,1655
9,2,7,3,408,1655
9,6,7,3,408,1655
9,1,7,3,408,1655
9,7,7,3,408,1655
3,7,7,9,409,1650
5,7,7,9,409,1650
4,6,7,9,409,1650
4,8,7,9,409,1650
7,7,7,9,409,1650
6,6,7,9,409,1650
6,8,7,9,409,1650
5,5,7,9,409,1650
5,9,7,9,409,1650
9,7,7,9,409,1650
8,6,7,9,409,1650
8,8,7,9,409,1650
7,5,7,9,409,1650
7,9,7,9,409,1650
6,4,7,9,409,1650
6,9,7,9,409,1650
7,5,9,3,410,1136
9,5,9,3,410,1136
8,4,9,3,410,1136
8,6,9,3,410,1136
8,5,9,3,410,1136
9,4,9,3,410,1136
9,6,9,3,410,1136
9,3,9,3,410,1136
9,7,9,3,410,1136
6,6,8,8,411,1136
8,6,8,8,411,1136
7,5,8,8,411,1136
7,7,8,8,411,1136
9,6,8,8,411,1136
9,5,8,8,411,1136
9,7,8,8,411,1136
8,4,8,8,411,1136
8,8,8,8,411,1136
5,7,7,9,82,1136
7,7,7,9,82,1136
6,6,7,9,82,1136
6,8,7,9,82,1136
9,7,7,9,82,1136
8,6,7,9,82,1136
8,8,7,9,82,1136
7,5,7,9,82,1136
7,9,7,9,82,1136
4,8,7,9,412,1138
6,8,7,9,412,1138
5,7,7,9,412,1138
5,9,7,9,412,1138
8,8,7,9,412,1138
7,7,7,9,412,1138
7,9,7,9,412,1138
6,6,7,9,412,1138
6,9,7,9,412,1138
8,6,8,6,139,588
9,6,8,6,139,588
9,5,8,6,139,588
9,7,8,6,139,588
7,7,8,8,18,588
9,7,8,8,18,588
8,6,8,8,18,588
8,8,8,8,18,588
6,8,7,9,18,588
8,8,7,9,18,588
7,7,7,9,18,588
7,9,7,9,18,588
9,7,9,7,0,0
8,8,8,8,0,0
7,9,7,9,0,0
0,0,6,7,413,4419
1,0,6,7,413,4419
0,1,6,7,413,4419
2,0,6,7,413,4419
1,1,6,7,413,4419
0,2,6,7,413,4419
3,0,6,7,413,4419
2,1,6,7,413,4419
1,2,6,7,413,4419
0,3,6,7,413,4419
5,0,6,7,413,4419
4,0,6,7,413,4419
4,1,6,7,413,4419
3,1,6,7,413,4419
3,2,6,7,413,4419
2,2,6,7,413,4419
2,3,6,7,413,4419
1,3,6,7,413,4419
1,4,6,7,413,4419
7,0,6,7,413,4419
6,0,6,7,413,4419
6,1,6,7,413,4419
5,1,6,7,413,4419
5,2,6,7,413,4419
4,2,6,7,413,4419
4,3,6,7,413,4419
3,3,6,7,413,4419
3,4,6,7,413,4419
2,4,6,7,413,4419
2,5,6,7,413,4419
9,0,6,7,413,4419
8,0,6,7,413,4419
8,1,6,7,413,4419
7,1,6,7,413,4419
7,2,6,7,413,4419
6,2,6,7,413,4419
6,3,6,7,413,4419
5,3,6,7,413,4419
5,4,6,7,413,4419
4,4,6,7,413,4419
4,5,6,7,413,4419
3,5,6,7,413,4419
3,6,6,7,413,4419
9,1,6,7,413,4419
9,2,6,7,413,4419
8,2,6,7,413,4419
8,3,6,7,413,4419
7,3,6,7,413,4419
7,4,6,7,413,4419
6,4,6,7,413,4419
6,5,6,7,413,4419
5,5,6,7,413,4419
5,6,6,7,413,4419
4,6,6,7,413,4419
4,7,6,7,413,4419
9,3,6,7,413,4419
9,4,6,7,413,4419
8,4,6,7,413,4419
8,5,6,7,413,4419
7,5,6,7,413,4419
7,6,6,7,413,4419
6,6,6,7,413,4419
6,7,6,7,413,4419
5,7,6,7,413,4419
5,8,6,7,413,4419
9,5,6,7,413,4419
9,6,6,7,413,4419
8,6,6,7,413,4419
8,7,6,7,413,4419
7,7,6,7,413,4419
7,8,6,7,413,4419
6,8,6,7,413,4419
6,9,6,7,413,4419
9,7,6,7,413,4419
9,8,6,7,413,4419
8,8,6,7,413,4419
8,9,6,7,413,4419
7,9,6,7,413,4419
0,0,6,5,414,4110
1,0,6,5,414,4110
0,1,6,5,414,4110
3,0,6,5,414,4110
2,0,6,5,414,4110
2,1,6,5,414,4110
1,1,6,5,414,4110
1,2,6,5,414,4110
5,0,6,5,414,4110
4,0,6,5,414,4110
4,1,6,5,414,4110
3,1,6,5,414,4110
3,2,6,5,414,4110
2,2,6,5,414,4110
2,3,6,5,414,4110
7,0,6,5,414,4110
6,0,6,5,414,4110
6,1,6,5,414,4110
5,1,6,5,414,4110
5,2,6,5,414,4110
4,2,6,5,414,4110
4,3,6,5,414,4110
3,3,6,5,414,4110
3,4,6,5,414,4110
9,0,6,5,414,4110
8,0,6,5,414,4110
8,1,6,5,414,4110
7,1,6,5,414,4110
7,2,6,5,414,4110
6,2,6,5,414,4110
6,3,6,5,414,4110
5,3,6,5,414,4110
5,4,6,5,414,4110
4,4,6,5,414,4110
4,5,6,5,414,4110
9,1,6,5,414,4110
9,2,6,5,414,4110
8,2,6,5,414,4110
8,3,6,5,414,4110
7,3,6,5,414,4110
7,4,6,5,414,4110
6,4,6,5,414,4110
6,5,6,5,414,4110
5,5,6,5,414,4110
5,6,6,5,414,4110
9,3,6,5,414,4110
9,4,6,5,414,4110
8,4,6,5,414,4110
8,5,6,5,414,4110
7,5,6,5,414,4110
7,6,6,5,414,4110
6,6,6,5,414,4110
6,7,6,5,414,4110
9,5,6,5,414,4110
9,6,6,5,414,4110
8,6,6,5,414,4110
8,7,6,5,414,4110
7,7,6,5,414,4110
7,8,6,5,414,4110
9,7,6,5,414,4110
9,8,6,5,414,4110
8,8,6,5,414,4110
8,9,6,5,414,4110
1,0,7,4,415,3772
3,0,7,4,415,3772
2,0,7,4,415,3772
2,1,7,4,415,3772
5,0,7,4,415,3772
4,0,7,4,415,3772
4,1,7,4,415,3772
3,1,7,4,415,3772
3,2,7,4,415,3772
7,0,7,4,415,3772
6,0,7,4,415,3772
6,1,7,4,415,3772
5,1,7,4,415,3772
5,2,7,4,415,3772
4,2,7,4,415,3772
4,3,7,4,415,3772
9,0,7,4,415,3772
8,0,7,4,415,3772
8,1,7,4,415,3772
7,1,7,4,415,3772
7,2,7,4,415,3772
6,2,7,4,415,3772
6,3,7,4,415,3772
5,3,7,4,415,3772
5,4,7,4,415,3772
9,1,7,4,415,3772
9,2,7,4,415,3772
8,2,7,4,415,3772
8,3,7,4,415,3772
7,3,7,4,415,3772
7,4,7,4,415,3772
6,4,7,4,415,3772
6,5,7,4,415,3772
9,3,7,4,415,3772
9,4,7,4,415,3772
8,4,7,4,415,3772
8,5,7,4,415,3772
7,5,7,4,415,3772
7,6,7,4,415,3772
9,5,7,4,415,3772
9,6,7,4,415,3772
8,6,7,4,415,3772
8,7,7,4,415,3772
9,7,7,4,415,3772
9,8,7,4,415,3772
2,1,6,5,416,3385
4,1,6,5,416,3385
3,0,6,5,416,3385
3,2,6,5,416,3385
6,1,6,5,416,3385
5,0,6,5,416,3385
5,2,6,5,416,3385
4,0,6,5,416,3385
4,3,6,5,416,3385
8,1,6,5,416,3385
7,0,6,5,416,3385
7,2,6,5,416,3385
6,0,6,5,416,3385
6,3,6,5,416,3385
5,1,6,5,416,3385
5,4,6,5,416,3385
9,1,6,5,416,3385
9,0,6,5,416,3385
9,2,6,5,416,3385
8,0,6,5,416,3385
8,3,6,5,416,3385
7,1,6,5,416,3385
7,4,6,5,416,3385
6,2,6,5,416,3385
6,5,6,5,416,3385
8,2,6,5,416,3385
9,3,6,5,416,3385
9,4,6,5,416,3385
8,5,6,5,416,3385
7,3,6,5,416,3385
7,6,6,5,416,3385
8,4,6,5,416,3385
9,5,6,5,416,3385
9,6,6,5,416,3385
8,7,6,5,416,3385
3,1,6,5,416,3385
4,2,6,5,416,3385
5,3,6,5,416,3385
6,4,6,5,416,3385
7,5,6,5,416,3385
8,6,6,5,416,3385
9,7,6,5,416,3385
9,8,6,5,416,3385
0,1,6,7,417,3741
2,1,6,7,417,3741
1,0,6,7,417,3741
1,2,6,7,417,3741
4,1,6,7,417,3741
3,0,6,7,417,3741
3,2,6,7,417,3741
2,0,6,7,417,3741
2,3,6,7,417,3741
6,1,6,7,417,3741
5,0,6,7,417,3741
5,2,6,7,417,3741
4,0,6,7,417,3741
4,3,6,7,417,3741
3,1,6,7,417,3741
3,4,6,7,417,3741
8,1,6,7,417,3741
7,0,6,7,417,3741
7,2,6,7,417,3741
6,0,6,7,417,3741
6,3,6,7,417,3741
5,1,6,7,417,3741
5,4,6,7,417,3741
4,2,6,7,417,3741
4,5,6,7,417,3741
9,1,6,7,417,3741
9,0,6,7,417,3741
9,2,6,7,417,3741
8,0,6,7,417,3741
8,3,6,7,417,3741
7,1,6,7,417,3741
7,4,6,7,417,3741
6,2,6,7,417,3741
6,5,6,7,417,3741
5,3,6,7,417,3741
5,6,6,7,417,3741
8,2,6,7,417,3741
9,3,6,7,417,3741
9,4,6,7,417,3741
8,5,6,7,417,3741
7,3,6,7,417,3741
7,6,6,7,417,3741
6,4,6,7,417,3741
6,7,6,7,417,3741
8,4,6,7,417,3741
9,5,6,7,417,3741
9,6,6,7,417,3741
8,7,6,7,417,3741
7,5,6,7,417,3741
7,8,6,7,417,3741
8,6,6,7,417,3741
9,7,6,7,417,3741
9,8,6,7,417,3741
8,9,6,7,417,3741
1,2,6,7,418,3379
3,2,6,7,418,3379
2,1,6,7,418,3379
2,3,6,7,418,3379
5,2,6,7,418,3379
4,1,6,7,418,3379
4,3,6,7,418,3379
3,0,6,7,418,3379
3,4,6,7,418,3379
7,2,6,7,418,3379
6,1,6,7,418,3379
6,3,6,7,418,3379
5,0,6,7,418,3379
5,4,6,7,418,3379
4,0,6,7,418,3379
4,5,6,7,418,3379
9,2,6,7,418,3379
8,1,6,7,418,3379
8,3,6,7,418,3379
7,0,6,7,418,3379
7,4,6,7,418,3379
6,0,6,7,418,3379
6,5,6,7,418,3379
5,1,6,7,418,3379
5,6,6,7,418,3379
8,2,6,7,418,3379
9,1,6,7,418,3379
9,3,6,7,418,3379
9,0,6,7,418,3379
9,4,6,7,418,3379
8,0,6,7,418,3379
8,5,6,7,418,3379
7,1,6,7,418,3379
7,6,6,7,418,3379
6,2,6,7,418,3379
6,7,6,7,418,3379
7,3,6,7,418,3379
8,4,6,7,418,3379
9,5,6,7,418,3379
9,6,6,7,418,3379
8,7,6,7,418,3379
7,8,6,7,418,3379
4,2,6,7,418,3379
5,3,6,7,418,3379
6,4,6,7,418,3379
7,5,6,7,418,3379
8,6,6,7,418,3379
9,7,6,7,418,3379
9,8,6,7,418,3379
8,9,6,7,418,3379
0,1,7,8,419,4079
1,1,7,8,419,4079
0,0,7,8,419,4079
0,2,7,8,419,4079
2,1,7,8,419,4079
1,0,7,8,419,4079
1,2,7,8,419,4079
0,3,7,8,419,4079
4,1,7,8,419,4079
3,0,7,8,419,4079
3,2,7,8,419,4079
2,0,7,8,419,4079
2,3,7,8,419,4079
1,4,7,8,419,4079
6,1,7,8,419,4079
5,0,7,8,419,4079
5,2,7,8,419,4079
4,0,7,8,419,4079
4,3,7,8,419,4079
3,1,7,8,419,4079
3,4,7,8,419,4079
2,2,7,8,419,4079
2,5,7,8,419,4079
8,1,7,8,419,4079
7,0,7,8,419,4079
7,2,7,8,419,4079
6,0,7,8,419,4079
6,3,7,8,419,4079
5,1,7,8,419,4079
5,4,7,8,419,4079
4,2,7,8,419,4079
4,5,7,8,419,4079
3,3,7,8,419,4079
3,6,7,8,419,4079
9,1,7,8,419,4079
9,0,7,8,419,4079
9,2,7,8,419,4079
8,0,7,8,419,4079
8,3,7,8,419,4079
7,1,7,8,419,4079
7,4,7,8,419,4079
6,2,7,8,419,4079
6,5,7,8,419,4079
5,3,7,8,419,4079
5,6,7,8,419,4079
4,4,7,8,419,4079
4,7,7,8,419,4079
8,2,7,8,419,4079
9,3,7,8,419,4079
9,4,7,8,419,4079
8,5,7,8,419,4079
7,3,7,8,419,4079
7,6,7,8,419,4079
6,4,7,8,419,4079
6,7,7,8,419,4079
5,5,7,8,419,4079
5,8,7,8,419,4079
8,4,7,8,419,4079
9,5,7,8,419,4079
9,6,7,8,419,4079
8,7,7,8,419,4079
7,5,7,8,419,4079
7,8,7,8,419,4079
6,6,7,8,419,4079
6,9,7,8,419,4079
8,6,7,8,419,4079
9,7,7,8,419,4079
9,8,7,8,419,4079
8,9,7,8,419,4079
7,7,7,8,419,4079
7,9,7,8,419,4079
0,2,7,8,420,3741
1,2,7,8,420,3741
0,1,7,8,420,3741
0,3,7,8,420,3741
3,2,7,8,420,3741
2,1,7,8,420,3741
2,3,7,8,420,3741
1,0,7,8,420,3741
1,4,7,8,420,3741
5,2,7,8,420,3741
4,1,7,8,420,3741
4,3,7,8,420,3741
3,0,7,8,420,3741
3,4,7,8,420,3741
2,0,7,8,420,3741
2,5,7,8,420,3741
7,2,7,8,420,3741
6,1,7,8,420,3741
6,3,7,8,420,3741
5,0,7,8,420,3741
5,4,7,8,420,3741
4,0,7,8,420,3741
4,5,7,8,420,3741
3,1,7,8,420,3741
3,6,7,8,420,3741
9,2,7,8,420,3741
8,1,7,8,420,3741
8,3,7,8,420,3741
7,0,7,8,420,3741
7,4,7,8,420,3741
6,0,7,8,420,3741
6,5,7,8,420,3741
5,1,7,8,420,3741
5,6,7,8,420,3741
4,2,7,8,420,3741
4,7,7,8,420,3741
8,2,7,8,420,3741
9,1,7,8,420,3741
9,3,7,8,420,3741
9,0,7,8,420,3741
9,4,7,8,420,3741
8,0,7,8,420,3741
8,5,7,8,420,3741
7,1,7,8,420,3741
7,6,7,8,420,3741
6,2,7,8,420,3741
6,7,7,8,420,3741
5,3,7,8,420,3741
5,8,7,8,420,3741
7,3,7,8,420,3741
8,4,7,8,420,3741
9,5,7,8,420,3741
9,6,7,8,420,3741
8,7,7,8,420,3741
7,8,7,8,420,3741
6,4,7,8,420,3741
6,9,7,8,420,3741
7,5,7,8,420,3741
8,6,7,8,420,3741
9,7,7,8,420,3741
9,8,7,8,420,3741
8,9,7,8,420,3741
7,9,7,8,420,3741
0,3,7,8,421,3379
2,3,7,8,421,3379
1,2,7,8,421,3379
1,4,7,8,421,3379
4,3,7,8,421,3379
3,2,7,8,421,3379
3,4,7,8,421,3379
2,1,7,8,421,3379
2,5,7,8,421,3379
6,3,7,8,421,3379
5,2,7,8,421,3379
5,4,7,8,421,3379
4,1,7,8,421,3379
4,5,7,8,421,3379
3,0,7,8,421,3379
3,6,7,8,421,3379
8,3,7,8,421,3379
7,2,7,8,421,3379
7,4,7,8,421,3379
6,1,7,8,421,3379
6,5,7,8,421,3379
5,0,7,8,421,3379
5,6,7,8,421,3379
4,0,7,8,421,3379
4,7,7,8,421,3379
9,3,7,8,421,3379
9,2,7,8,421,3379
9,4,7,8,421,3379
8,1,7,8,421,3379
8,5,7,8,421,3379
7,0,7,8,421,3379
7,6,7,8,421,3379
6,0,7,8,421,3379
6,7,7,8,421,3379
5,1,7,8,421,3379
5,8,7,8,421,3379
7,3,7,8,421,3379
8,2,7,8,421,3379
8,4,7,8,421,3379
9,1,7,8,421,3379
9,5,7,8,421,3379
9,0,7,8,421,3379
9,6,7,8,421,3379
8,0,7,8,421,3379
8,7,7,8,421,3379
7,1,7,8,421,3379
7,8,7,8,421,3379
6,2,7,8,421,3379
6,9,7,8,421,3379
5,3,7,8,421,3379
6,4,7,8,421,3379
7,5,7,8,421,3379
8,6,7,8,421,3379
9,7,7,8,421,3379
9,8,7,8,421,3379
8,9,7,8,421,3379
7,9,7,8,421,3379
0,1,7,8,422,4400
1,1,7,8,422,4400
0,0,7,8,422,4400
0,2,7,8,422,4400
2,1,7,8,422,4400
1,0,7,8,422,4400
1,2,7,8,422,4400
0,3,7,8,422,4400
3,1,7,8,422,4400
2,0,7,8,422,4400
2,2,7,8,422,4400
1,3,7,8,422,4400
0,4,7,8,422,4400
4,1,7,8,422,4400
3,0,7,8,422,4400
3,2,7,8,422,4400
2,3,7,8,422,4400
1,4,7,8,422,4400
0,5,7,8,422,4400
6,1,7,8,422,4400
5,0,7,8,422,4400
5,2,7,8,422,4400
4,0,7,8,422,4400
4,3,7,8,422,4400
3,4,7,8,422,4400
2,5,7,8,422,4400
1,6,7,8,422,4400
8,1,7,8,422,4400
7,0,7,8,422,4400
7,2,7,8,422,4400
6,0,7,8,422,4400
6,3,7,8,422,4400
5,1,7,8,422,4400
5,4,7,8,422,4400
4,2,7,8,422,4400
4,5,7,8,422,4400
3,3,7,8,422,4400
3,6,7,8,422,4400
2,4,7,8,422,4400
2,7,7,8,422,4400
9,1,7,8,422,4400
9,0,7,8,422,4400
9,2,7,8,422,4400
8,0,7,8,422,4400
8,3,7,8,422,4400
7,1,7,8,422,4400
7,4,7,8,422,4400
6,2,7,8,422,4400
6,5,7,8,422,4400
5,3,7,8,422,4400
5,6,7,8,422,4400
4,4,7,8,422,4400
4,7,7,8,422,4400
3,5,7,8,422,4400
3,8,7,8,422,4400
8,2,7,8,422,4400
9,3,7,8,422,4400
9,4,7,8,422,4400
8,5,7,8,422,4400
7,3,7,8,422,4400
7,6,7,8,422,4400
6,4,7,8,422,4400
6,7,7,8,422,4400
5,5,7,8,422,4400
5,8,7,8,422,4400
4,6,7,8,422,4400
4,9,7,8,422,4400
8,4,7,8,422,4400
9,5,7,8,422,4400
9,6,7,8,422,4400
8,7,7,8,422,4400
7,5,7,8,422,4400
7,8,7,8,422,4400
6,6,7,8,422,4400
6,9,7,8,422,4400
5,7,7,8,422,4400
5,9,7,8,422,4400
8,6,7,8,422,4400
9,7,7,8,422,4400
9,8,7,8,422,4400
8,9,7,8,422,4400
7,7,7,8,422,4400
7,9,7,8,422,4400
6,8,7,8,422,4400
0,2,7,8,423,4084
1,2,7,8,423,4084
0,1,7,8,423,4084
0,3,7,8,423,4084
2,2,7,8,423,4084
1,1,7,8,423,4084
1,3,7,8,423,4084
0,0,7,8,423,4084
0,4,7,8,423,4084
3,2,7,8,423,4084
2,1,7,8,423,4084
2,3,7,8,423,4084
1,0,7,8,423,4084
1,4,7,8,423,4084
0,5,7,8,423,4084
5,2,7,8,423,4084
4,1,7,8,423,4084
4,3,7,8,423,4084
3,0,7,8,423,4084
3,4,7,8,423,4084
2,0,7,8,423,4084
2,5,7,8,423,4084
1,6,7,8,423,4084
7,2,7,8,423,4084
6,1,7,8,423,4084
6,3,7,8,423,4084
5,0,7,8,423,4084
5,4,7,8,423,4084
4,0,7,8,423,4084
4,5,7,8,423,4084
3,1,7,8,423,4084
3,6,7,8,423,4084
2,7,7,8,423,4084
9,2,7,8,423,4084
8,1,7,8,423,4084
8,3,7,8,423,4084
7,0,7,8,423,4084
7,4,7,8,423,4084
6,0,7,8,423,4084
6,5,7,8,423,4084
5,1,7,8,423,4084
5,6,7,8,423,4084
4,2,7,8,423,4084
4,7,7,8,423,4084
3,3,7,8,423,4084
3,8,7,8,423,4084
8,2,7,8,423,4084
9,1,7,8,423,4084
9,3,7,8,423,4084
9,0,7,8,423,4084
9,4,7,8,423,4084
8,0,7,8,423,4084
8,5,7,8,423,4084
7,1,7,8,423,4084
7,6,7,8,423,4084
6,2,7,8,423,4084
6,7,7,8,423,4084
5,3,7,8,423,4084
5,8,7,8,423,4084
4,4,7,8,423,4084
4,9,7,8,423,4084
7,3,7,8,423,4084
8,4,7,8,423,4084
9,5,7,8,423,4084
9,6,7,8,423,4084
8,7,7,8,423,4084
7,8,7,8,423,4084
6,4,7,8,423,4084
6,9,7,8,423,4084
5,5,7,8,423,4084
5,9,7,8,423,4084
7,5,7,8,423,4084
8,6,7,8,423,4084
9,7,7,8,423,4084
9,8,7,8,423,4084
8,9,7,8,423,4084
7,9,7,8,423,4084
6,6,7,8,423,4084
6,8,7,8,423,4084
0,3,8,9,424,3741
1,3,8,9,424,3741
0,2,8,9,424,3741
0,4,8,9,424,3741
2,3,8,9,424,3741
1,2,8,9,424,3741
1,4,8,9,424,3741
0,1,8,9,424,3741
0,5,8,9,424,3741
4,3,8,9,424,3741
3,2,8,9,424,3741
3,4,8,9,424,3741
2,1,8,9,424,3741
2,5,8,9,424,3741
1,0,8,9,424,3741
1,6,8,9,424,3741
6,3,8,9,424,3741
5,2,8,9,424,3741
5,4,8,9,424,3741
4,1,8,9,424,3741
4,5,8,9,424,3741
3,0,8,9,424,3741
3,6,8,9,424,3741
2,0,8,9,424,3741
2,7,8,9,424,3741
8,3,8,9,424,3741
7,2,8,9,424,3741
7,4,8,9,424,3741
6,1,8,9,424,3741
6,5,8,9,424,3741
5,0,8,9,424,3741
5,6,8,9,424,3741
4,0,8,9,424,3741
4,7,8,9,424,3741
3,1,8,9,424,3741
3,8,8,9,424,3741
9,3,8,9,424,3741
9,2,8,9,424,3741
9,4,8,9,424,3741
8,1,8,9,424,3741
8,5,8,9,424,3741
7,0,8,9,424,3741
7,6,8,9,424,3741
6,0,8,9,424,3741
6,7,8,9,424,3741
5,1,8,9,424,3741
5,8,8,9,424,3741
4,2,8,9,424,3741
4,9,8,9,424,3741
7,3,8,9,424,3741
8,2,8,9,424,3741
8,4,8,9,424,3741
9,1,8,9,424,3741
9,5,8,9,424,3741
9,0,8,9,424,3741
9,6,8,9,424,3741
8,0,8,9,424,3741
8,7,8,9,424,3741
7,1,8,9,424,3741
7,8,8,9,424,3741
6,2,8,9,424,3741
6,9,8,9,424,3741
5,3,8,9,424,3741
5,9,8,9,424,3741
6,4,8,9,424,3741
7,5,8,9,424,3741
8,6,8,9,424,3741
9,7,8,9,424,3741
9,8,8,9,424,3741
8,9,8,9,424,3741
7,9,8,9,424,3741
6,8,8,9,424,3741
0,4,8,9,425,3379
1,4,8,9,425,3379
0,3,8,9,425,3379
0,5,8,9,425,3379
3,4,8,9,425,3379
2,3,8,9,425,3379
2,5,8,9,425,3379
1,2,8,9,425,3379
1,6,8,9,425,3379
5,4,8,9,425,3379
4,3,8,9,425,3379
4,5,8,9,425,3379
3,2,8,9,425,3379
3,6,8,9,425,3379
2,1,8,9,425,3379
2,7,8,9,425,3379
7,4,8,9,425,3379
6,3,8,9,425,3379
6,5,8,9,425,3379
5,2,8,9,425,3379
5,6,8,9,425,3379
4,1,8,9,425,3379
4,7,8,9,425,3379
3,0,8,9,425,3379
3,8,8,9,425,3379
9,4,8,9,425,3379
8,3,8,9,425,3379
8,5,8,9,425,3379
7,2,8,9,425,3379
7,6,8,9,425,3379
6,1,8,9,425,3379
6,7,8,9,425,3379
5,0,8,9,425,3379
5,8,8,9,425,3379
4,0,8,9,425,3379
4,9,8,9,425,3379
8,4,8,9,425,3379
9,3,8,9,425,3379
9,5,8,9,425,3379
9,2,8,9,425,3379
9,6,8,9,425,3379
8,1,8,9,425,3379
8,7,8,9,425,3379
7,0,8,9,425,3379
7,8,8,9,425,3379
6,0,8,9,425,3379
6,9,8,9,425,3379
5,1,8,9,425,3379
5,9,8,9,425,3379
6,4,8,9,425,3379
7,3,8,9,425,3379
7,5,8,9,425,3379
8,2,8,9,425,3379
8,6,8,9,425,3379
9,1,8,9,425,3379
9,7,8,9,425,3379
9,0,8,9,425,3379
9,8,8,9,425,3379
8,0,8,9,425,3379
8,9,8,9,425,3379
7,1,8,9,425,3379
7,9,8,9,425,3379
6,2,8,9,425,3379
6,8,8,9,425,3379
0,1,7,8,426,4700
1,1,7,8,426,4700
0,0,7,8,426,4700
0,2,7,8,426,4700
2,1,7,8,426,4700
1,0,7,8,426,4700
1,2,7,8,426,4700
0,3,7,8,426,4700
3,1,7,8,426,4700
2,0,7,8,426,4700
2,2,7,8,426,4700
1,3,7,8,426,4700
0,4,7,8,426,4700
4,1,7,8,426,4700
3,0,7,8,426,4700
3,2,7,8,426,4700
2,3,7,8,426,4700
1,4,7,8,426,4700
0,5,7,8,426,4700
5,1,7,8,426,4700
4,0,7,8,426,4700
4,2,7,8,426,4700
3,3,7,8,426,4700
2,4,7,8,426,4700
1,5,7,8,426,4700
0,6,7,8,426,4700
6,1,7,8,426,4700
5,0,7,8,426,4700
5,2,7,8,426,4700
4,3,7,8,426,4700
3,4,7,8,426,4700
2,5,7,8,426,4700
1,6,7,8,426,4700
0,7,7,8,426,4700
8,1,7,8,426,4700
7,0,7,8,426,4700
7,2,7,8,426,4700
6,0,7,8,426,4700
6,3,7,8,426,4700
5,4,7,8,426,4700
4,5,7,8,426,4700
3,6,7,8,426,4700
2,7,7,8,426,4700
1,8,7,8,426,4700
9,1,7,8,426,4700
9,0,7,8,426,4700
9,2,7,8,426,4700
8,0,7,8,426,4700
8,3,7,8,426,4700
7,1,7,8,426,4700
7,4,7,8,426,4700
6,2,7,8,426,4700
6,5,7,8,426,4700
5,3,7,8,426,4700
5,6,7,8,426,4700
4,4,7,8,426,4700
4,7,7,8,426,4700
3,5,7,8,426,4700
3,8,7,8,426,4700
2,6,7,8,426,4700
2,9,7,8,426,4700
8,2,7,8,426,4700
9,3,7,8,426,4700
9,4,7,8,426,4700
8,5,7,8,426,4700
7,3,7,8,426,4700
7,6,7,8,426,4700
6,4,7,8,426,4700
6,7,7,8,426,4700
5,5,7,8,426,4700
5,8,7,8,426,4700
4,6,7,8,426,4700
4,9,7,8,426,4700
3,7,7,8,426,4700
3,9,7,8,426,4700
8,4,7,8,426,4700
9,5,7,8,426,4700
9,6,7,8,426,4700
8,7,7,8,426,4700
7,5,7,8,426,4700
7,8,7,8,426,4700
6,6,7,8,426,4700
6,9,7,8,426,4700
5,7,7,8,426,4700
5,9,7,8,426,4700
4,8,7,8,426,4700
8,6,7,8,426,4700
9,7,7,8,426,4700
9,8,7,8,426,4700
8,9,7,8,426,4700
7,7,7,8,426,4700
7,9,7,8,426,4700
6,8,7,8,426,4700
0,2,7,8,427,4403
1,2,7,8,427,4403
0,1,7,8,427,4403
0,3,7,8,427,4403
2,2,7,8,427,4403
1,1,7,8,427,4403
1,3,7,8,427,4403
0,0,7,8,427,4403
0,4,7,8,427,4403
3,2,7,8,427,4403
2,1,7,8,427,4403
2,3,7,8,427,4403
1,0,7,8,427,4403
1,4,7,8,427,4403
0,5,7,8,427,4403
4,2,7,8,427,4403
3,1,7,8,427,4403
3,3,7,8,427,4403
2,0,7,8,427,4403
2,4,7,8,427,4403
1,5,7,8,427,4403
0,6,7,8,427,4403
5,2,7,8,427,4403
4,1,7,8,427,4403
4,3,7,8,427,4403
3,0,7,8,427,4403
3,4,7,8,427,4403
2,5,7,8,427,4403
1,6,7,8,427,4403
0,7,7,8,427,4403
7,2,7,8,427,4403
6,1,7,8,427,4403
6,3,7,8,427,4403
5,0,7,8,427,4403
5,4,7,8,427,4403
4,0,7,8,427,4403
4,5,7,8,427,4403
3,6,7,8,427,4403
2,7,7,8,427,4403
1,8,7,8,427,4403
9,2,7,8,427,4403
8,1,7,8,427,4403
8,3,7,8,427,4403
7,0,7,8,427,4403
7,4,7,8,427,4403
6,0,7,8,427,4403
6,5,7,8,427,4403
5,1,7,8,427,4403
5,6,7,8,427,4403
4,7,7,8,427,4403
3,8,7,8,427,4403
2,9,7,8,427,4403
8,2,7,8,427,4403
9,1,7,8,427,4403
9,3,7,8,427,4403
9,0,7,8,427,4403
9,4,7,8,427,4403
8,0,7,8,427,4403
8,5,7,8,427,4403
7,1,7,8,427,4403
7,6,7,8,427,4403
6,2,7,8,427,4403
6,7,7,8,427,4403
5,3,7,8,427,4403
5,8,7,8,427,4403
4,4,7,8,427,4403
4,9,7,8,427,4403
3,5,7,8,427,4403
3,9,7,8,427,4403
7,3,7,8,427,4403
8,4,7,8,427,4403
9,5,7,8,427,4403
9,6,7,8,427,4403
8,7,7,8,427,4403
7,8,7,8,427,4403
6,4,7,8,427,4403
6,9,7,8,427,4403
5,5,7,8,427,4403
5,9,7,8,427,4403
4,6,7,8,427,4403
4,8,7,8,427,4403
7,5,7,8,427,4403
8,6,7,8,427,4403
9,7,7,8,427,4403
9,8,7,8,427,4403
8,9,7,8,427,4403
7,9,7,8,427,4403
6,6,7,8,427,4403
6,8,7,8,427,4403
5,7,7,8,427,4403
0,3,8,9,428,4403
1,3,8,9,428,4403
0,2,8,9,428,4403
0,4,8,9,428,4403
2,3,8,9,428,4403
1,2,8,9,428,4403
1,4,8,9,428,4403
0,1,8,9,428,4403
0,5,8,9,428,4403
3,3,8,9,428,4403
2,2,8,9,428,4403
2,4,8,9,428,4403
1,1,8,9,428,4403
1,5,8,9,428,4403
0,0,8,9,428,4403
0,6,8,9,428,4403
4,3,8,9,428,4403
3,2,8,9,428,4403
3,4,8,9,428,4403
2,1,8,9,428,4403
2,5,8,9,428,4403
1,0,8,9,428,4403
1,6,8,9,428,4403
0,7,8,9,428,4403
5,3,8,9,428,4403
4,2,8,9,428,4403
4,4,8,9,428,4403
3,1,8,9,428,4403
3,5,8,9,428,4403
2,0,8,9,428,4403
2,6,8,9,428,4403
1,7,8,9,428,4403
0,8,8,9,428,4403
6,3,8,9,428,4403
5,2,8,9,428,4403
5,4,8,9,428,4403
4,1,8,9,428,4403
4,5,8,9,428,4403
3,0,8,9,428,4403
3,6,8,9,428,4403
2,7,8,9,428,4403
1,8,8,9,428,4403
0,9,8,9,428,4403
8,3,8,9,428,4403
7,2,8,9,428,4403
7,4,8,9,428,4403
6,1,8,9,428,4403
6,5,8,9,428,4403
5,0,8,9,428,4403
5,6,8,9,428,4403
4,0,8,9,428,4403
4,7,8,9,428,4403
3,8,8,9,428,4403
2,9,8,9,428,4403
1,9,8,9,428,4403
9,3,8,9,428,4403
9,2,8,9,428,4403
9,4,8,9,428,4403
8,1,8,9,428,4403
8,5,8,9,428,4403
7,0,8,9,428,4403
7,6,8,9,428,4403
6,0,8,9,428,4403
6,7,8,9,428,4403
5,1,8,9,428,4403
5,8,8,9,428,4403
4,9,8,9,428,4403
3,9,8,9,428,4403
2,8,8,9,428,4403
7,3,8,9,428,4403
8,2,8,9,428,4403
8,4,8,9,428,4403
9,1,8,9,428,4403
9,5,8,9,428,4403
9,0,8,9,428,4403
9,6,8,9,428,4403
8,0,8,9,428,4403
8,7,8,9,428,4403
7,1,8,9,428,4403
7,8,8,9,428,4403
6,2,8,9,428,4403
6,9,8,9,428,4403
5,9,8,9,428,4403
4,8,8,9,428,4403
3,7,8,9,428,4403
6,4,8,9,428,4403
7,5,8,9,428,4403
8,6,8,9,428,4403
9,7,8,9,428,4403
9,8,8,9,428,4403
8,9,8,9,428,4403
7,9,8,9,428,4403
6,8,8,9,428,4403
5,5,8,9,428,4403
5,7,8,9,428,4403
4,6,8,9,428,4403
0,4,8,9,429,4086
1,4,8,9,429,4086
0,3,8,9,429,4086
0,5,8,9,429,4086
2,4,8,9,429,4086
1,3,8,9,429,4086
1,5,8,9,429,4086
0,2,8,9,429,4086
0,6,8,9,429,4086
3,4,8,9,429,4086
2,3,8,9,429,4086
2,5,8,9,429,4086
1,2,8,9,429,4086
1,6,8,9,429,4086
0,1,8,9,429,4086
0,7,8,9,429,4086
4,4,8,9,429,4086
3,3,8,9,429,4086
3,5,8,9,429,4086
2,2,8,9,429,4086
2,6,8,9,429,4086
1,1,8,9,429,4086
1,7,8,9,429,4086
0,0,8,9,429,4086
0,8,8,9,429,4086
5,4,8,9,429,4086
4,3,8,9,429,4086
4,5,8,9,429,4086
3,2,8,9,429,4086
3,6,8,9,429,4086
2,1,8,9,429,4086
2,7,8,9,429,4086
1,0,8,9,429,4086
1,8,8,9,429,4086
0,9,8,9,429,4086
7,4,8,9,429,4086
6,3,8,9,429,4086
6,5,8,9,429,4086
5,2,8,9,429,4086
5,6,8,9,429,4086
4,1,8,9,429,4086
4,7,8,9,429,4086
3,0,8,9,429,4086
3,8,8,9,429,4086
2,0,8,9,429,4086
2,9,8,9,429,4086
1,9,8,9,429,4086
9,4,8,9,429,4086
8,3,8,9,429,4086
8,5,8,9,429,4086
7,2,8,9,429,4086
7,6,8,9,429,4086
6,1,8,9,429,4086
6,7,8,9,429,4086
5,0,8,9,429,4086
5,8,8,9,429,4086
4,0,8,9,429,4086
4,9,8,9,429,4086
3,1,8,9,429,4086
3,9,8,9,429,4086
2,8,8,9,429,4086
8,4,8,9,429,4086
9,3,8,9,429,4086
9,5,8,9,429,4086
9,2,8,9,429,4086
9,6,8,9,429,4086
8,1,8,9,429,4086
8,7,8,9,429,4086
7,0,8,9,429,4086
7,8,8,9,429,4086
6,0,8,9,429,4086
6,9,8,9,429,4086
5,1,8,9,429,4086
5,9,8,9,429,4086
4,2,8,9,429,4086
4,8,8,9,429,4086
3,7,8,9,429,4086
6,4,8,9,429,4086
7,3,8,9,429,4086
7,5,8,9,429,4086
8,2,8,9,429,4086
8,6,8,9,429,4086
9,1,8,9,429,4086
9,7,8,9,429,4086
9,0,8,9,429,4086
9,8,8,9,429,4086
8,0,8,9,429,4086
8,9,8,9,429,4086
7,1,8,9,429,4086
7,9,8,9,429,4086
6,2,8,9,429,4086
6,8,8,9,429,4086
5,3,8,9,429,4086
5,7,8,9,429,4086
4,6,8,9,429,4086
0,5,8,9,430,3746
1,5,8,9,430,3746
0,4,8,9,430,3746
0,6,8,9,430,3746
2,5,8,9,430,3746
1,4,8,9,430,3746
1,6,8,9,430,3746
0,3,8,9,430,3746
0,7,8,9,430,3746
3,5,8,9,430,3746
2,4,8,9,430,3746
2,6,8,9,430,3746
1,3,8,9,430,3746
1,7,8,9,430,3746
0,2,8,9,430,3746
0,8,8,9,430,3746
4,5,8,9,430,3746
3,4,8,9,430,3746
3,6,8,9,430,3746
2,3,8,9,430,3746
2,7,8,9,430,3746
1,2,8,9,430,3746
1,8,8,9,430,3746
0,1,8,9,430,3746
0,9,8,9,430,3746
6,5,8,9,430,3746
5,4,8,9,430,3746
5,6,8,9,430,3746
4,3,8,9,430,3746
4,7,8,9,430,3746
3,2,8,9,430,3746
3,8,8,9,430,3746
2,1,8,9,430,3746
2,9,8,9,430,3746
1,0,8,9,430,3746
1,9,8,9,430,3746
8,5,8,9,430,3746
7,4,8,9,430,3746
7,6,8,9,430,3746
6,3,8,9,430,3746
6,7,8,9,430,3746
5,2,8,9,430,3746
5,8,8,9,430,3746
4,1,8,9,430,3746
4,9,8,9,430,3746
3,0,8,9,430,3746
3,9,8,9,430,3746
2,0,8,9,430,3746
2,8,8,9,430,3746
9,5,8,9,430,3746
9,4,8,9,430,3746
9,6,8,9,430,3746
8,3,8,9,430,3746
8,7,8,9,430,3746
7,2,8,9,430,3746
7,8,8,9,430,3746
6,1,8,9,430,3746
6,9,8,9,430,3746
5,0,8,9,430,3746
5,9,8,9,430,3746
4,0,8,9,430,3746
4,8,8,9,430,3746
3,1,8,9,430,3746
3,7,8,9,430,3746
7,5,8,9,430,3746
8,4,8,9,430,3746
8,6,8,9,430,3746
9,3,8,9,430,3746
9,7,8,9,430,3746
9,2,8,9,430,3746
9,8,8,9,430,3746
8,1,8,9,430,3746
8,9,8,9,430,3746
7,0,8,9,430,3746
7,9,8,9,430,3746
6,0,8,9,430,3746
6,8,8,9,430,3746
5,1,8,9,430,3746
5,7,8,9,430,3746
4,2,8,9,430,3746
4,6,8,9,430,3746
0,6,8,9,431,3381
1,6,8,9,431,3381
0,5,8,9,431,3381
0,7,8,9,431,3381
2,6,8,9,431,3381
1,5,8,9,431,3381
1,7,8,9,431,3381
0,4,8,9,431,3381
0,8,8,9,431,3381
3,6,8,9,431,3381
2,5,8,9,431,3381
2,7,8,9,431,3381
1,4,8,9,431,3381
1,8,8,9,431,3381
0,3,8,9,431,3381
0,9,8,9,431,3381
5,6,8,9,431,3381
4,5,8,9,431,3381
4,7,8,9,431,3381
3,4,8,9,431,3381
3,8,8,9,431,3381
2,3,8,9,431,3381
2,9,8,9,431,3381
1,2,8,9,431,3381
1,9,8,9,431,3381
7,6,8,9,431,3381
6,5,8,9,431,3381
6,7,8,9,431,3381
5,4,8,9,431,3381
5,8,8,9,431,3381
4,3,8,9,431,3381
4,9,8,9,431,3381
3,2,8,9,431,3381
3,9,8,9,431,3381
2,1,8,9,431,3381
2,8,8,9,431,3381
9,6,8,9,431,3381
8,5,8,9,431,3381
8,7,8,9,431,3381
7,4,8,9,431,3381
7,8,8,9,431,3381
6,3,8,9,431,3381
6,9,8,9,431,3381
5,2,8,9,431,3381
5,9,8,9,431,3381
4,1,8,9,431,3381
4,8,8,9,431,3381
3,0,8,9,431,3381
3,7,8,9,431,3381
8,6,8,9,431,3381
9,5,8,9,431,3381
9,7,8,9,431,3381
9,4,8,9,431,3381
9,8,8,9,431,3381
8,3,8,9,431,3381
8,9,8,9,431,3381
7,2,8,9,431,3381
7,9,8,9,431,3381
6,1,8,9,431,3381
6,8,8,9,431,3381
5,0,8,9,431,3381
5,7,8,9,431,3381
4,0,8,9,431,3381
4,6,8,9,431,3381
0,6,8,9,432,3744
1,6,8,9,432,3744
0,5,8,9,432,3744
0,7,8,9,432,3744
2,6,8,9,432,3744
1,5,8,9,432,3744
1,7,8,9,432,3744
0,4,8,9,432,3744
0,8,8,9,432,3744
3,6,8,9,432,3744
2,5,8,9,432,3744
2,7,8,9,432,3744
1,4,8,9,432,3744
1,8,8,9,432,3744
0,3,8,9,432,3744
0,9,8,9,432,3744
4,6,8,9,432,3744
3,5,8,9,432,3744
3,7,8,9,432,3744
2,4,8,9,432,3744
2,8,8,9,432,3744
1,3,8,9,432,3744
1,9,8,9,432,3744
0,2,8,9,432,3744
5,6,8,9,432,3744
4,5,8,9,432,3744
4,7,8,9,432,3744
3,4,8,9,432,3744
3,8,8,9,432,3744
2,3,8,9,432,3744
2,9,8,9,432,3744
1,2,8,9,432,3744
0,1,8,9,432,3744
7,6,8,9,432,3744
6,5,8,9,432,3744
6,7,8,9,432,3744
5,4,8,9,432,3744
5,8,8,9,432,3744
4,3,8,9,432,3744
4,9,8,9,432,3744
3,2,8,9,432,3744
3,9,8,9,432,3744
2,1,8,9,432,3744
1,0,8,9,432,3744
9,6,8,9,432,3744
8,5,8,9,432,3744
8,7,8,9,432,3744
7,4,8,9,432,3744
7,8,8,9,432,3744
6,3,8,9,432,3744
6,9,8,9,432,3744
5,2,8,9,432,3744
5,9,8,9,432,3744
4,1,8,9,432,3744
4,8,8,9,432,3744
3,0,8,9,432,3744
2,0,8,9,432,3744
8,6,8,9,432,3744
9,5,8,9,432,3744
9,7,8,9,432,3744
9,4,8,9,432,3744
9,8,8,9,432,3744
8,3,8,9,432,3744
8,9,8,9,432,3744
7,2,8,9,432,3744
7,9,8,9,432,3744
6,1,8,9,432,3744
6,8,8,9,432,3744
5,0,8,9,432,3744
5,7,8,9,432,3744
4,0,8,9,432,3744
3,1,8,9,432,3744
0,4,7,8,433,4700
1,4,7,8,433,4700
0,3,7,8,433,4700
0,5,7,8,433,4700
2,4,7,8,433,4700
1,3,7,8,433,4700
1,5,7,8,433,4700
0,2,7,8,433,4700
0,6,7,8,433,4700
3,4,7,8,433,4700
2,3,7,8,433,4700
2,5,7,8,433,4700
1,2,7,8,433,4700
1,6,7,8,433,4700
0,1,7,8,433,4700
0,7,7,8,433,4700
4,4,7,8,433,4700
3,3,7,8,433,4700
3,5,7,8,433,4700
2,2,7,8,433,4700
2,6,7,8,433,4700
1,1,7,8,433,4700
1,7,7,8,433,4700
0,0,7,8,433,4700
0,8,7,8,433,4700
5,4,7,8,433,4700
4,3,7,8,433,4700
4,5,7,8,433,4700
3,2,7,8,433,4700
3,6,7,8,433,4700
2,1,7,8,433,4700
2,7,7,8,433,4700
1,0,7,8,433,4700
1,8,7,8,433,4700
0,9,7,8,433,4700
6,4,7,8,433,4700
5,3,7,8,433,4700
5,5,7,8,433,4700
4,2,7,8,433,4700
4,6,7,8,433,4700
3,1,7,8,433,4700
3,7,7,8,433,4700
2,0,7,8,433,4700
2,8,7,8,433,4700
1,9,7,8,433,4700
7,4,7,8,433,4700
6,3,7,8,433,4700
6,5,7,8,433,4700
5,2,7,8,433,4700
5,6,7,8,433,4700
4,1,7,8,433,4700
4,7,7,8,433,4700
3,0,7,8,433,4700
3,8,7,8,433,4700
2,9,7,8,433,4700
8,4,7,8,433,4700
7,3,7,8,433,4700
7,5,7,8,433,4700
6,2,7,8,433,4700
6,6,7,8,433,4700
5,1,7,8,433,4700
5,7,7,8,433,4700
4,0,7,8,433,4700
4,8,7,8,433,4700
3,9,7,8,433,4700
9,4,7,8,433,4700
8,3,7,8,433,4700
8,5,7,8,433,4700
7,2,7,8,433,4700
7,6,7,8,433,4700
6,1,7,8,433,4700
6,7,7,8,433,4700
5,0,7,8,433,4700
5,8,7,8,433,4700
4,9,7,8,433,4700
9,3,7,8,433,4700
9,5,7,8,433,4700
9,2,7,8,433,4700
9,6,7,8,433,4700
8,1,7,8,433,4700
8,7,7,8,433,4700
7,0,7,8,433,4700
7,8,7,8,433,4700
6,0,7,8,433,4700
6,9,7,8,433,4700
5,9,7,8,433,4700
8,2,7,8,433,4700
8,6,7,8,433,4700
9,1,7,8,433,4700
9,7,7,8,433,4700
9,0,7,8,433,4700
9,8,7,8,433,4700
8,0,7,8,433,4700
8,9,7,8,433,4700
7,1,7,8,433,4700
7,9,7,8,433,4700
6,8,7,8,433,4700
0,5,8,9,434,4403
1,5,8,9,434,4403
0,4,8,9,434,4403
0,6,8,9,434,4403
2,5,8,9,434,4403
1,4,8,9,434,4403
1,6,8,9,434,4403
0,3,8,9,434,4403
0,7,8,9,434,4403
3,5,8,9,434,4403
2,4,8,9,434,4403
2,6,8,9,434,4403
1,3,8,9,434,4403
1,7,8,9,434,4403
0,2,8,9,434,4403
0,8,8,9,434,4403
4,5,8,9,434,4403
3,4,8,9,434,4403
3,6,8,9,434,4403
2,3,8,9,434,4403
2,7,8,9,434,4403
1,2,8,9,434,4403
1,8,8,9,434,4403
0,1,8,9,434,4403
0,9,8,9,434,4403
5,5,8,9,434,4403
4,4,8,9,434,4403
4,6,8,9,434,4403
3,3,8,9,434,4403
3,7,8,9,434,4403
2,2,8,9,434,4403
2,8,8,9,434,4403
1,1,8,9,434,4403
1,9,8,9,434,4403
0,0,8,9,434,4403
6,5,8,9,434,4403
5,4,8,9,434,4403
5,6,8,9,434,4403
4,3,8,9,434,4403
4,7,8,9,434,4403
3,2,8,9,434,4403
3,8,8,9,434,4403
2,1,8,9,434,4403
2,9,8,9,434,4403
1,0,8,9,434,4403
7,5,8,9,434,4403
6,4,8,9,434,4403
6,6,8,9,434,4403
5,3,8,9,434,4403
5,7,8,9,434,4403
4,2,8,9,434,4403
4,8,8,9,434,4403
3,1,8,9,434,4403
3,9,8,9,434,4403
2,0,8,9,434,4403
8,5,8,9,434,4403
7,4,8,9,434,4403
7,6,8,9,434,4403
6,3,8,9,434,4403
6,7,8,9,434,4403
5,2,8,9,434,4403
5,8,8,9,434,4403
4,1,8,9,434,4403
4,9,8,9,434,4403
3,0,8,9,434,4403
9,5,8,9,434,4403
9,4,8,9,434,4403
9,6,8,9,434,4403
8,3,8,9,434,4403
8,7,8,9,434,4403
7,2,8,9,434,4403
7,8,8,9,434,4403
6,1,8,9,434,4403
6,9,8,9,434,4403
5,0,8,9,434,4403
5,9,8,9,434,4403
4,0,8,9,434,4403
8,4,8,9,434,4403
8,6,8,9,434,4403
9,3,8,9,434,4403
9,7,8,9,434,4403
9,2,8,9,434,4403
9,8,8,9,434,4403
8,1,8,9,434,4403
8,9,8,9,434,4403
7,0,8,9,434,4403
7,9,8,9,434,4403
6,0,8,9,434,4403
6,8,8,9,434,4403
5,1,8,9,434,4403
0,6,8,9,435,4083
1,6,8,9,435,4083
0,5,8,9,435,4083
0,7,8,9,435,4083
2,6,8,9,435,4083
1,5,8,9,435,4083
1,7,8,9,435,4083
0,4,8,9,435,4083
0,8,8,9,435,4083
3,6,8,9,435,4083
2,5,8,9,435,4083
2,7,8,9,435,4083
1,4,8,9,435,4083
1,8,8,9,435,4083
0,3,8,9,435,4083
0,9,8,9,435,4083
4,6,8,9,435,4083
3,5,8,9,435,4083
3,7,8,9,435,4083
2,4,8,9,435,4083
2,8,8,9,435,4083
1,3,8,9,435,4083
1,9,8,9,435,4083
0,2,8,9,435,4083
5,6,8,9,435,4083
4,5,8,9,435,4083
4,7,8,9,435,4083
3,4,8,9,435,4083
3,8,8,9,435,4083
2,3,8,9,435,4083
2,9,8,9,435,4083
1,2,8,9,435,4083
0,1,8,9,435,4083
6,6,8,9,435,4083
5,5,8,9,435,4083
5,7,8,9,435,4083
4,4,8,9,435,4083
4,8,8,9,435,4083
3,3,8,9,435,4083
3,9,8,9,435,4083
2,2,8,9,435,4083
1,1,8,9,435,4083
0,0,8,9,435,4083
7,6,8,9,435,4083
6,5,8,9,435,4083
6,7,8,9,435,4083
5,4,8,9,435,4083
5,8,8,9,435,4083
4,3,8,9,435,4083
4,9,8,9,435,4083
3,2,8,9,435,4083
2,1,8,9,435,4083
1,0,8,9,435,4083
9,6,8,9,435,4083
8,5,8,9,435,4083
8,7,8,9,435,4083
7,4,8,9,435,4083
7,8,8,9,435,4083
6,3,8,9,435,4083
6,9,8,9,435,4083
5,2,8,9,435,4083
5,9,8,9,435,4083
4,1,8,9,435,4083
3,0,8,9,435,4083
2,0,8,9,435,4083
8,6,8,9,435,4083
9,5,8,9,435,4083
9,7,8,9,435,4083
9,4,8,9,435,4083
9,8,8,9,435,4083
8,3,8,9,435,4083
8,9,8,9,435,4083
7,2,8,9,435,4083
7,9,8,9,435,4083
6,1,8,9,435,4083
6,8,8,9,435,4083
5,0,8,9,435,4083
4,0,8,9,435,4083
3,1,8,9,435,4083
0,7,7,8,436,3744
1,7,7,8,436,3744
0,6,7,8,436,3744
0,8,7,8,436,3744
2,7,7,8,436,3744
1,6,7,8,436,3744
1,8,7,8,436,3744
0,5,7,8,436,3744
0,9,7,8,436,3744
3,7,7,8,436,3744
2,6,7,8,436,3744
2,8,7,8,436,3744
1,5,7,8,436,3744
1,9,7,8,436,3744
0,4,7,8,436,3744
4,7,7,8,436,3744
3,6,7,8,436,3744
3,8,7,8,436,3744
2,5,7,8,436,3744
2,9,7,8,436,3744
1,4,7,8,436,3744
0,3,7,8,436,3744
5,7,7,8,436,3744
4,6,7,8,436,3744
4,8,7,8,436,3744
3,5,7,8,436,3744
3,9,7,8,436,3744
2,4,7,8,436,3744
1,3,7,8,436,3744
0,2,7,8,436,3744
6,7,7,8,436,3744
5,6,7,8,436,3744
5,8,7,8,436,3744
4,5,7,8,436,3744
4,9,7,8,436,3744
3,4,7,8,436,3744
2,3,7,8,436,3744
1,2,7,8,436,3744
0,1,7,8,436,3744
8,7,7,8,436,3744
7,6,7,8,436,3744
7,8,7,8,436,3744
6,5,7,8,436,3744
6,9,7,8,436,3744
5,4,7,8,436,3744
5,9,7,8,436,3744
4,3,7,8,436,3744
3,2,7,8,436,3744
2,1,7,8,436,3744
1,0,7,8,436,3744
9,7,7,8,436,3744
9,6,7,8,436,3744
9,8,7,8,436,3744
8,5,7,8,436,3744
8,9,7,8,436,3744
7,4,7,8,436,3744
7,9,7,8,436,3744
6,3,7,8,436,3744
6,8,7,8,436,3744
5,2,7,8,436,3744
4,1,7,8,436,3744
3,0,7,8,436,3744
2,0,7,8,436,3744
0,8,5,6,437,3379
1,8,5,6,437,3379
0,7,5,6,437,3379
0,9,5,6,437,3379
2,8,5,6,437,3379
1,7,5,6,437,3379
1,9,5,6,437,3379
0,6,5,6,437,3379
3,8,5,6,437,3379
2,7,5,6,437,3379
2,9,5,6,437,3379
1,6,5,6,437,3379
0,5,5,6,437,3379
4,8,5,6,437,3379
3,7,5,6,437,3379
3,9,5,6,437,3379
2,6,5,6,437,3379
1,5,5,6,437,3379
0,4,5,6,437,3379
5,8,5,6,437,3379
4,7,5,6,437,3379
4,9,5,6,437,3379
3,6,5,6,437,3379
2,5,5,6,437,3379
1,4,5,6,437,3379
0,3,5,6,437,3379
7,8,5,6,437,3379
6,7,5,6,437,3379
6,9,5,6,437,3379
5,6,5,6,437,3379
5,9,5,6,437,3379
4,5,5,6,437,3379
3,4,5,6,437,3379
2,3,5,6,437,3379
1,2,5,6,437,3379
9,8,5,6,437,3379
8,7,5,6,437,3379
8,9,5,6,437,3379
7,6,5,6,437,3379
7,9,5,6,437,3379
6,5,5,6,437,3379
6,8,5,6,437,3379
5,4,5,6,437,3379
5,7,5,6,437,3379
4,3,5,6,437,3379
4,6,5,6,437,3379
3,2,5,6,437,3379
3,5,5,6,437,3379
2,1,5,6,437,3379
2,4,5,6,437,3379
0,5,8,9,438,4699
1,5,8,9,438,4699
0,4,8,9,438,4699
0,6,8,9,438,4699
2,5,8,9,438,4699
1,4,8,9,438,4699
1,6,8,9,438,4699
0,3,8,9,438,4699
0,7,8,9,438,4699
3,5,8,9,438,4699
2,4,8,9,438,4699
2,6,8,9,438,4699
1,3,8,9,438,4699
1,7,8,9,438,4699
0,2,8,9,438,4699
0,8,8,9,438,4699
4,5,8,9,438,4699
3,4,8,9,438,4699
3,6,8,9,438,4699
2,3,8,9,438,4699
2,7,8,9,438,4699
1,2,8,9,438,4699
1,8,8,9,438,4699
0,1,8,9,438,4699
0,9,8,9,438,4699
5,5,8,9,438,4699
4,4,8,9,438,4699
4,6,8,9,438,4699
3,3,8,9,438,4699
3,7,8,9,438,4699
2,2,8,9,438,4699
2,8,8,9,438,4699
1,1,8,9,438,4699
1,9,8,9,438,4699
0,0,8,9,438,4699
6,5,8,9,438,4699
5,4,8,9,438,4699
5,6,8,9,438,4699
4,3,8,9,438,4699
4,7,8,9,438,4699
3,2,8,9,438,4699
3,8,8,9,438,4699
2,1,8,9,438,4699
2,9,8,9,438,4699
1,0,8,9,438,4699
7,5,8,9,438,4699
6,4,8,9,438,4699
6,6,8,9,438,4699
5,3,8,9,438,4699
5,7,8,9,438,4699
4,2,8,9,438,4699
4,8,8,9,438,4699
3,1,8,9,438,4699
3,9,8,9,438,4699
2,0,8,9,438,4699
8,5,8,9,438,4699
7,4,8,9,438,4699
7,6,8,9,438,4699
6,3,8,9,438,4699
6,7,8,9,438,4699
5,2,8,9,438,4699
5,8,8,9,438,4699
4,1,8,9,438,4699
4,9,8,9,438,4699
3,0,8,9,438,4699
9,5,8,9,438,4699
8,4,8,9,438,4699
8,6,8,9,438,4699
7,3,8,9,438,4699
7,7,8,9,438,4699
6,2,8,9,438,4699
6,8,8,9,438,4699
5,1,8,9,438,4699
5,9,8,9,438,4699
4,0,8,9,438,4699
9,4,8,9,438,4699
9,6,8,9,438,4699
8,3,8,9,438,4699
8,7,8,9,438,4699
7,2,8,9,438,4699
7,8,8,9,438,4699
6,1,8,9,438,4699
6,9,8,9,438,4699
5,0,8,9,438,4699
9,3,8,9,438,4699
9,7,8,9,438,4699
9,2,8,9,438,4699
9,8,8,9,438,4699
8,1,8,9,438,4699
8,9,8,9,438,4699
7,0,8,9,438,4699
7,9,8,9,438,4699
6,0,8,9,438,4699
0,6,8,9,439,4399
1,6,8,9,439,4399
0,5,8,9,439,4399
0,7,8,9,439,4399
2,6,8,9,439,4399
1,5,8,9,439,4399
1,7,8,9,439,4399
0,4,8,9,439,4399
0,8,8,9,439,4399
3,6,8,9,439,4399
2,5,8,9,439,4399
2,7,8,9,439,4399
1,4,8,9,439,4399
1,8,8,9,439,4399
0,3,8,9,439,4399
0,9,8,9,439,4399
4,6,8,9,439,4399
3,5,8,9,439,4399
3,7,8,9,439,4399
2,4,8,9,439,4399
2,8,8,9,439,4399
1,3,8,9,439,4399
1,9,8,9,439,4399
0,2,8,9,439,4399
5,6,8,9,439,4399
4,5,8,9,439,4399
4,7,8,9,439,4399
3,4,8,9,439,4399
3,8,8,9,439,4399
2,3,8,9,439,4399
2,9,8,9,439,4399
1,2,8,9,439,4399
0,1,8,9,439,4399
6,6,8,9,439,4399
5,5,8,9,439,4399
5,7,8,9,439,4399
4,4,8,9,439,4399
4,8,8,9,439,4399
3,3,8,9,439,4399
3,9,8,9,439,4399
2,2,8,9,439,4399
1,1,8,9,439,4399
0,0,8,9,439,4399
7,6,8,9,439,4399
6,5,8,9,439,4399
6,7,8,9,439,4399
5,4,8,9,439,4399
5,8,8,9,439,4399
4,3,8,9,439,4399
4,9,8,9,439,4399
3,2,8,9,439,4399
2,1,8,9,439,4399
1,0,8,9,439,4399
8,6,8,9,439,4399
7,5,8,9,439,4399
7,7,8,9,439,4399
6,4,8,9,439,4399
6,8,8,9,439,4399
5,3,8,9,439,4399
5,9,8,9,439,4399
4,2,8,9,439,4399
3,1,8,9,439,4399
2,0,8,9,439,4399
9,6,8,9,439,4399
8,5,8,9,439,4399
8,7,8,9,439,4399
7,4,8,9,439,4399
7,8,8,9,439,4399
6,3,8,9,439,4399
6,9,8,9,439,4399
5,2,8,9,439,4399
4,1,8,9,439,4399
3,0,8,9,439,4399
9,5,8,9,439,4399
9,7,8,9,439,4399
9,4,8,9,439,4399
9,8,8,9,439,4399
8,3,8,9,439,4399
8,9,8,9,439,4399
7,2,8,9,439,4399
7,9,8,9,439,4399
6,1,8,9,439,4399
5,0,8,9,439,4399
4,0,8,9,439,4399
0,7,7,8,440,4083
1,7,7,8,440,4083
0,6,7,8,440,4083
0,8,7,8,440,4083
2,7,7,8,440,4083
1,6,7,8,440,4083
1,8,7,8,440,4083
0,5,7,8,440,4083
0,9,7,8,440,4083
3,7,7,8,440,4083
2,6,7,8,440,4083
2,8,7,8,440,4083
1,5,7,8,440,4083
1,9,7,8,440,4083
0,4,7,8,440,4083
4,7,7,8,440,4083
3,6,7,8,440,4083
3,8,7,8,440,4083
2,5,7,8,440,4083
2,9,7,8,440,4083
1,4,7,8,440,4083
0,3,7,8,440,4083
5,7,7,8,440,4083
4,6,7,8,440,4083
4,8,7,8,440,4083
3,5,7,8,440,4083
3,9,7,8,440,4083
2,4,7,8,440,4083
1,3,7,8,440,4083
0,2,7,8,440,4083
6,7,7,8,440,4083
5,6,7,8,440,4083
5,8,7,8,440,4083
4,5,7,8,440,4083
4,9,7,8,440,4083
3,4,7,8,440,4083
2,3,7,8,440,4083
1,2,7,8,440,4083
0,1,7,8,440,4083
7,7,7,8,440,4083
6,6,7,8,440,4083
6,8,7,8,440,4083
5,5,7,8,440,4083
5,9,7,8,440,4083
4,4,7,8,440,4083
3,3,7,8,440,4083
2,2,7,8,440,4083
1,1,7,8,440,4083
0,0,7,8,440,4083
8,7,7,8,440,4083
7,6,7,8,440,4083
7,8,7,8,440,4083
6,5,7,8,440,4083
6,9,7,8,440,4083
5,4,7,8,440,4083
4,3,7,8,440,4083
3,2,7,8,440,4083
2,1,7,8,440,4083
1,0,7,8,440,4083
9,7,7,8,440,4083
9,6,7,8,440,4083
9,8,7,8,440,4083
8,5,7,8,440,4083
8,9,7,8,440,4083
7,4,7,8,440,4083
7,9,7,8,440,4083
6,3,7,8,440,4083
5,2,7,8,440,4083
4,1,7,8,440,4083
3,0,7,8,440,4083
2,0,7,8,440,4083
0,8,6,7,441,3745
1,8,6,7,441,3745
0,7,6,7,441,3745
0,9,6,7,441,3745
2,8,6,7,441,3745
1,7,6,7,441,3745
1,9,6,7,441,3745
0,6,6,7,441,3745
3,8,6,7,441,3745
2,7,6,7,441,3745
2,9,6,7,441,3745
1,6,6,7,441,3745
0,5,6,7,441,3745
4,8,6,7,441,3745
3,7,6,7,441,3745
3,9,6,7,441,3745
2,6,6,7,441,3745
1,5,6,7,441,3745
0,4,6,7,441,3745
5,8,6,7,441,3745
4,7,6,7,441,3745
4,9,6,7,441,3745
3,6,6,7,441,3745
2,5,6,7,441,3745
1,4,6,7,441,3745
0,3,6,7,441,3745
6,8,6,7,441,3745
5,7,6,7,441,3745
5,9,6,7,441,3745
4,6,6,7,441,3745
3,5,6,7,441,3745
2,4,6,7,441,3745
1,3,6,7,441,3745
0,2,6,7,441,3745
7,8,6,7,441,3745
6,7,6,7,441,3745
6,9,6,7,441,3745
5,6,6,7,441,3745
4,5,6,7,441,3745
3,4,6,7,441,3745
2,3,6,7,441,3745
1,2,6,7,441,3745
0,1,6,7,441,3745
9,8,6,7,441,3745
8,7,6,7,441,3745
8,9,6,7,441,3745
7,6,6,7,441,3745
7,9,6,7,441,3745
6,5,6,7,441,3745
5,4,6,7,441,3745
4,3,6,7,441,3745
3,2,6,7,441,3745
2,1,6,7,441,3745
1,0,6,7,441,3745
0,9,5,6,442,3385
1,9,5,6,442,3385
0,8,5,6,442,3385
2,9,5,6,442,3385
1,8,5,6,442,3385
0,7,5,6,442,3385
3,9,5,6,442,3385
2,8,5,6,442,3385
1,7,5,6,442,3385
0,6,5,6,442,3385
4,9,5,6,442,3385
3,8,5,6,442,3385
2,7,5,6,442,3385
1,6,5,6,442,3385
0,5,5,6,442,3385
5,9,5,6,442,3385
4,8,5,6,442,3385
3,7,5,6,442,3385
2,6,5,6,442,3385
1,5,5,6,442,3385
0,4,5,6,442,3385
6,9,5,6,442,3385
5,8,5,6,442,3385
4,7,5,6,442,3385
3,6,5,6,442,3385
2,5,5,6,442,3385
1,4,5,6,442,3385
0,3,5,6,442,3385
8,9,5,6,442,3385
7,8,5,6,442,3385
7,9,5,6,442,3385
6,7,5,6,442,3385
6,8,5,6,442,3385
5,6,5,6,442,3385
5,7,5,6,442,3385
4,5,5,6,442,3385
4,6,5,6,442,3385
3,4,5,6,442,3385
3,5,5,6,442,3385
2,3,5,6,442,3385
2,4,5,6,442,3385
1,2,5,6,442,3385
1,3,5,6,442,3385
0,6,8,9,443,4693
1,6,8,9,443,4693
0,5,8,9,443,4693
0,7,8,9,443,4693
2,6,8,9,443,4693
1,5,8,9,443,4693
1,7,8,9,443,4693
0,4,8,9,443,4693
0,8,8,9,443,4693
3,6,8,9,443,4693
2,5,8,9,443,4693
2,7,8,9,443,4693
1,4,8,9,443,4693
1,8,8,9,443,4693
0,3,8,9,443,4693
0,9,8,9,443,4693
4,6,8,9,443,4693
3,5,8,9,443,4693
3,7,8,9,443,4693
2,4,8,9,443,4693
2,8,8,9,443,4693
1,3,8,9,443,4693
1,9,8,9,443,4693
0,2,8,9,443,4693
5,6,8,9,443,4693
4,5,8,9,443,4693
4,7,8,9,443,4693
3,4,8,9,443,4693
3,8,8,9,443,4693
2,3,8,9,443,4693
2,9,8,9,443,4693
1,2,8,9,443,4693
0,1,8,9,443,4693
6,6,8,9,443,4693
5,5,8,9,443,4693
5,7,8,9,443,4693
4,4,8,9,443,4693
4,8,8,9,443,4693
3,3,8,9,443,4693
3,9,8,9,443,4693
2,2,8,9,443,4693
1,1,8,9,443,4693
0,0,8,9,443,4693
7,6,8,9,443,4693
6,5,8,9,443,4693
6,7,8,9,443,4693
5,4,8,9,443,4693
5,8,8,9,443,4693
4,3,8,9,443,4693
4,9,8,9,443,4693
3,2,8,9,443,4693
2,1,8,9,443,4693
1,0,8,9,443,4693
8,6,8,9,443,4693
7,5,8,9,443,4693
7,7,8,9,443,4693
6,4,8,9,443,4693
6,8,8,9,443,4693
5,3,8,9,443,4693
5,9,8,9,443,4693
4,2,8,9,443,4693
3,1,8,9,443,4693
2,0,8,9,443,4693
9,6,8,9,443,4693
8,5,8,9,443,4693
8,7,8,9,443,4693
7,4,8,9,443,4693
7,8,8,9,443,4693
6,3,8,9,443,4693
6,9,8,9,443,4693
5,2,8,9,443,4693
4,1,8,9,443,4693
3,0,8,9,443,4693
9,5,8,9,443,4693
9,7,8,9,443,4693
8,4,8,9,443,4693
8,8,8,9,443,4693
7,3,8,9,443,4693
7,9,8,9,443,4693
6,2,8,9,443,4693
5,1,8,9,443,4693
4,0,8,9,443,4693
9,4,8,9,443,4693
9,8,8,9,443,4693
8,3,8,9,443,4693
8,9,8,9,443,4693
7,2,8,9,443,4693
6,1,8,9,443,4693
5,0,8,9,443,4693
0,8,6,7,444,4091
1,8,6,7,444,4091
0,7,6,7,444,4091
0,9,6,7,444,4091
2,8,6,7,444,4091
1,7,6,7,444,4091
1,9,6,7,444,4091
0,6,6,7,444,4091
3,8,6,7,444,4091
2,7,6,7,444,4091
2,9,6,7,444,4091
1,6,6,7,444,4091
0,5,6,7,444,4091
4,8,6,7,444,4091
3,7,6,7,444,4091
3,9,6,7,444,4091
2,6,6,7,444,4091
1,5,6,7,444,4091
0,4,6,7,444,4091
5,8,6,7,444,4091
4,7,6,7,444,4091
4,9,6,7,444,4091
3,6,6,7,444,4091
2,5,6,7,444,4091
1,4,6,7,444,4091
0,3,6,7,444,4091
6,8,6,7,444,4091
5,7,6,7,444,4091
5,9,6,7,444,4091
4,6,6,7,444,4091
3,5,6,7,444,4091
2,4,6,7,444,4091
1,3,6,7,444,4091
0,2,6,7,444,4091
7,8,6,7,444,4091
6,7,6,7,444,4091
6,9,6,7,444,4091
5,6,6,7,444,4091
4,5,6,7,444,4091
3,4,6,7,444,4091
2,3,6,7,444,4091
1,2,6,7,444,4091
0,1,6,7,444,4091
8,8,6,7,444,4091
7,7,6,7,444,4091
7,9,6,7,444,4091
6,6,6,7,444,4091
5,5,6,7,444,4091
4,4,6,7,444,4091
3,3,6,7,444,4091
2,2,6,7,444,4091
1,1,6,7,444,4091
0,0,6,7,444,4091
9,8,6,7,444,4091
8,7,6,7,444,4091
8,9,6,7,444,4091
7,6,6,7,444,4091
6,5,6,7,444,4091
5,4,6,7,444,4091
4,3,6,7,444,4091
3,2,6,7,444,4091
2,1,6,7,444,4091
1,0,6,7,444,4091
0,9,5,6,445,3762
1,9,5,6,445,3762
0,8,5,6,445,3762
2,9,5,6,445,3762
1,8,5,6,445,3762
0,7,5,6,445,3762
3,9,5,6,445,3762
2,8,5,6,445,3762
1,7,5,6,445,3762
0,6,5,6,445,3762
4,9,5,6,445,3762
3,8,5,6,445,3762
2,7,5,6,445,3762
1,6,5,6,445,3762
0,5,5,6,445,3762
5,9,5,6,445,3762
4,8,5,6,445,3762
3,7,5,6,445,3762
2,6,5,6,445,3762
1,5,5,6,445,3762
0,4,5,6,445,3762
6,9,5,6,445,3762
5,8,5,6,445,3762
4,7,5,6,445,3762
3,6,5,6,445,3762
2,5,5,6,445,3762
1,4,5,6,445,3762
0,3,5,6,445,3762
7,9,5,6,445,3762
6,8,5,6,445,3762
5,7,5,6,445,3762
4,6,5,6,445,3762
3,5,5,6,445,3762
2,4,5,6,445,3762
1,3,5,6,445,3762
0,2,5,6,445,3762
8,9,5,6,445,3762
7,8,5,6,445,3762
6,7,5,6,445,3762
5,6,5,6,445,3762
4,5,5,6,445,3762
3,4,5,6,445,3762
2,3,5,6,445,3762
1,2,5,6,445,3762
0,1,5,6,445,3762
3,2,6,5,446,2995
5,2,6,5,446,2995
4,1,6,5,446,2995
4,3,6,5,446,2995
7,2,6,5,446,2995
6,1,6,5,446,2995
6,3,6,5,446,2995
5,0,6,5,446,2995
5,4,6,5,446,2995
9,2,6,5,446,2995
8,1,6,5,446,2995
8,3,6,5,446,2995
7,0,6,5,446,2995
7,4,6,5,446,2995
6,0,6,5,446,2995
6,5,6,5,446,2995
8,2,6,5,446,2995
9,1,6,5,446,2995
9,3,6,5,446,2995
9,0,6,5,446,2995
9,4,6,5,446,2995
8,0,6,5,446,2995
8,5,6,5,446,2995
7,1,6,5,446,2995
7,6,6,5,446,2995
6,2,6,5,446,2995
7,3,6,5,446,2995
8,4,6,5,446,2995
9,5,6,5,446,2995
9,6,6,5,446,2995
8,7,6,5,446,2995
4,2,6,5,446,2995
5,1,6,5,446,2995
5,3,6,5,446,2995
6,4,6,5,446,2995
7,5,6,5,446,2995
8,6,6,5,446,2995
9,7,6,5,446,2995
9,8,6,5,446,2995
4,3,6,5,447,2578
6,3,6,5,447,2578
5,2,6,5,447,2578
5,4,6,5,447,2578
8,3,6,5,447,2578
7,2,6,5,447,2578
7,4,6,5,447,2578
6,1,6,5,447,2578
6,5,6,5,447,2578
9,3,6,5,447,2578
9,2,6,5,447,2578
9,4,6,5,447,2578
8,1,6,5,447,2578
8,5,6,5,447,2578
7,0,6,5,447,2578
7,6,6,5,447,2578
7,3,6,5,447,2578
8,2,6,5,447,2578
8,4,6,5,447,2578
9,1,6,5,447,2578
9,5,6,5,447,2578
9,0,6,5,447,2578
9,6,6,5,447,2578
8,0,6,5,447,2578
8,7,6,5,447,2578
5,3,6,5,447,2578
6,2,6,5,447,2578
6,4,6,5,447,2578
7,1,6,5,447,2578
7,5,6,5,447,2578
8,6,6,5,447,2578
9,7,6,5,447,2578
9,8,6,5,447,2578
2,3,6,7,448,2991
4,3,6,7,448,2991
3,2,6,7,448,2991
3,4,6,7,448,2991
6,3,6,7,448,2991
5,2,6,7,448,2991
5,4,6,7,448,2991
4,1,6,7,448,2991
4,5,6,7,448,2991
8,3,6,7,448,2991
7,2,6,7,448,2991
7,4,6,7,448,2991
6,1,6,7,448,2991
6,5,6,7,448,2991
5,0,6,7,448,2991
5,6,6,7,448,2991
9,3,6,7,448,2991
9,2,6,7,448,2991
9,4,6,7,448,2991
8,1,6,7,448,2991
8,5,6,7,448,2991
7,0,6,7,448,2991
7,6,6,7,448,2991
6,0,6,7,448,2991
6,7,6,7,448,2991
7,3,6,7,448,2991
8,2,6,7,448,2991
8,4,6,7,448,2991
9,1,6,7,448,2991
9,5,6,7,448,2991
9,0,6,7,448,2991
9,6,6,7,448,2991
8,0,6,7,448,2991
8,7,6,7,448,2991
7,1,6,7,448,2991
7,8,6,7,448,2991
5,3,6,7,448,2991
6,2,6,7,448,2991
6,4,6,7,448,2991
7,5,6,7,448,2991
8,6,6,7,448,2991
9,7,6,7,448,2991
9,8,6,7,448,2991
8,9,6,7,448,2991
3,4,6,7,449,2574
5,4,6,7,449,2574
4,3,6,7,449,2574
4,5,6,7,449,2574
7,4,6,7,449,2574
6,3,6,7,449,2574
6,5,6,7,449,2574
5,2,6,7,449,2574
5,6,6,7,449,2574
9,4,6,7,449,2574
8,3,6,7,449,2574
8,5,6,7,449,2574
7,2,6,7,449,2574
7,6,6,7,449,2574
6,1,6,7,449,2574
6,7,6,7,449,2574
8,4,6,7,449,2574
9,3,6,7,449,2574
9,5,6,7,449,2574
9,2,6,7,449,2574
9,6,6,7,449,2574
8,1,6,7,449,2574
8,7,6,7,449,2574
7,0,6,7,449,2574
7,8,6,7,449,2574
6,4,6,7,449,2574
7,3,6,7,449,2574
7,5,6,7,449,2574
8,2,6,7,449,2574
8,6,6,7,449,2574
9,1,6,7,449,2574
9,7,6,7,449,2574
9,0,6,7,449,2574
9,8,6,7,449,2574
8,0,6,7,449,2574
8,9,6,7,449,2574
1,4,7,8,450,2991
3,4,7,8,450,2991
2,3,7,8,450,2991
2,5,7,8,450,2991
5,4,7,8,450,2991
4,3,7,8,450,2991
4,5,7,8,450,2991
3,2,7,8,450,2991
3,6,7,8,450,2991
7,4,7,8,450,2991
6,3,7,8,450,2991
6,5,7,8,450,2991
5,2,7,8,450,2991
5,6,7,8,450,2991
4,1,7,8,450,2991
4,7,7,8,450,2991
9,4,7,8,450,2991
8,3,7,8,450,2991
8,5,7,8,450,2991
7,2,7,8,450,2991
7,6,7,8,450,2991
6,1,7,8,450,2991
6,7,7,8,450,2991
5,0,7,8,450,2991
5,8,7,8,450,2991
8,4,7,8,450,2991
9,3,7,8,450,2991
9,5,7,8,450,2991
9,2,7,8,450,2991
9,6,7,8,450,2991
8,1,7,8,450,2991
8,7,7,8,450,2991
7,0,7,8,450,2991
7,8,7,8,450,2991
6,0,7,8,450,2991
6,9,7,8,450,2991
6,4,7,8,450,2991
7,3,7,8,450,2991
7,5,7,8,450,2991
8,2,7,8,450,2991
8,6,7,8,450,2991
9,1,7,8,450,2991
9,7,7,8,450,2991
9,0,7,8,450,2991
9,8,7,8,450,2991
8,0,7,8,450,2991
8,9,7,8,450,2991
7,1,7,8,450,2991
7,9,7,8,450,2991
2,5,7,8,451,2574
4,5,7,8,451,2574
3,4,7,8,451,2574
3,6,7,8,451,2574
6,5,7,8,451,2574
5,4,7,8,451,2574
5,6,7,8,451,2574
4,3,7,8,451,2574
4,7,7,8,451,2574
8,5,7,8,451,2574
7,4,7,8,451,2574
7,6,7,8,451,2574
6,3,7,8,451,2574
6,7,7,8,451,2574
5,2,7,8,451,2574
5,8,7,8,451,2574
9,5,7,8,451,2574
9,4,7,8,451,2574
9,6,7,8,451,2574
8,3,7,8,451,2574
8,7,7,8,451,2574
7,2,7,8,451,2574
7,8,7,8,451,2574
6,1,7,8,451,2574
6,9,7,8,451,2574
7,5,7,8,451,2574
8,4,7,8,451,2574
8,6,7,8,451,2574
9,3,7,8,451,2574
9,7,7,8,451,2574
9,2,7,8,451,2574
9,8,7,8,451,2574
8,1,7,8,451,2574
8,9,7,8,451,2574
7,0,7,8,451,2574
7,9,7,8,451,2574
0,5,8,9,452,2991
2,5,8,9,452,2991
1,4,8,9,452,2991
1,6,8,9,452,2991
4,5,8,9,452,2991
3,4,8,9,452,2991
3,6,8,9,452,2991
2,3,8,9,452,2991
2,7,8,9,452,2991
6,5,8,9,452,2991
5,4,8,9,452,2991
5,6,8,9,452,2991
4,3,8,9,452,2991
4,7,8,9,452,2991
3,2,8,9,452,2991
3,8,8,9,452,2991
8,5,8,9,452,2991
7,4,8,9,452,2991
7,6,8,9,452,2991
6,3,8,9,452,2991
6,7,8,9,452,2991
5,2,8,9,452,2991
5,8,8,9,452,2991
4,1,8,9,452,2991
4,9,8,9,452,2991
9,5,8,9,452,2991
9,4,8,9,452,2991
9,6,8,9,452,2991
8,3,8,9,452,2991
8,7,8,9,452,2991
7,2,8,9,452,2991
7,8,8,9,452,2991
6,1,8,9,452,2991
6,9,8,9,452,2991
5,0,8,9,452,2991
5,9,8,9,452,2991
7,5,8,9,452,2991
8,4,8,9,452,2991
8,6,8,9,452,2991
9,3,8,9,452,2991
9,7,8,9,452,2991
9,2,8,9,452,2991
9,8,8,9,452,2991
8,1,8,9,452,2991
8,9,8,9,452,2991
7,0,8,9,452,2991
7,9,8,9,452,2991
6,0,8,9,452,2991
6,8,8,9,452,2991
1,6,8,9,453,2574
3,6,8,9,453,2574
2,5,8,9,453,2574
2,7,8,9,453,2574
5,6,8,9,453,2574
4,5,8,9,453,2574
4,7,8,9,453,2574
3,4,8,9,453,2574
3,8,8,9,453,2574
7,6,8,9,453,2574
6,5,8,9,453,2574
6,7,8,9,453,2574
5,4,8,9,453,2574
5,8,8,9,453,2574
4,3,8,9,453,2574
4,9,8,9,453,2574
9,6,8,9,453,2574
8,5,8,9,453,2574
8,7,8,9,453,2574
7,4,8,9,453,2574
7,8,8,9,453,2574
6,3,8,9,453,2574
6,9,8,9,453,2574
5,2,8,9,453,2574
5,9,8,9,453,2574
8,6,8,9,453,2574
9,5,8,9,453,2574
9,7,8,9,453,2574
9,4,8,9,453,2574
9,8,8,9,453,2574
8,3,8,9,453,2574
8,9,8,9,453,2574
7,2,8,9,453,2574
7,9,8,9,453,2574
6,1,8,9,453,2574
6,8,8,9,453,2574
0,6,8,9,454,2992
1,6,8,9,454,2992
0,5,8,9,454,2992
0,7,8,9,454,2992
3,6,8,9,454,2992
2,5,8,9,454,2992
2,7,8,9,454,2992
1,4,8,9,454,2992
1,8,8,9,454,2992
5,6,8,9,454,2992
4,5,8,9,454,2992
4,7,8,9,454,2992
3,4,8,9,454,2992
3,8,8,9,454,2992
2,3,8,9,454,2992
2,9,8,9,454,2992
7,6,8,9,454,2992
6,5,8,9,454,2992
6,7,8,9,454,2992
5,4,8,9,454,2992
5,8,8,9,454,2992
4,3,8,9,454,2992
4,9,8,9,454,2992
3,2,8,9,454,2992
3,9,8,9,454,2992
9,6,8,9,454,2992
8,5,8,9,454,2992
8,7,8,9,454,2992
7,4,8,9,454,2992
7,8,8,9,454,2992
6,3,8,9,454,2992
6,9,8,9,454,2992
5,2,8,9,454,2992
5,9,8,9,454,2992
4,1,8,9,454,2992
4,8,8,9,454,2992
8,6,8,9,454,2992
9,5,8,9,454,2992
9,7,8,9,454,2992
9,4,8,9,454,2992
9,8,8,9,454,2992
8,3,8,9,454,2992
8,9,8,9,454,2992
7,2,8,9,454,2992
7,9,8,9,454,2992
6,1,8,9,454,2992
6,8,8,9,454,2992
5,0,8,9,454,2992
5,7,8,9,454,2992
0,7,8,9,455,2574
2,7,8,9,455,2574
1,6,8,9,455,2574
1,8,8,9,455,2574
4,7,8,9,455,2574
3,6,8,9,455,2574
3,8,8,9,455,2574
2,5,8,9,455,2574
2,9,8,9,455,2574
6,7,8,9,455,2574
5,6,8,9,455,2574
5,8,8,9,455,2574
4,5,8,9,455,2574
4,9,8,9,455,2574
3,4,8,9,455,2574
3,9,8,9,455,2574
8,7,8,9,455,2574
7,6,8,9,455,2574
7,8,8,9,455,2574
6,5,8,9,455,2574
6,9,8,9,455,2574
5,4,8,9,455,2574
5,9,8,9,455,2574
4,3,8,9,455,2574
4,8,8,9,455,2574
9,7,8,9,455,2574
9,6,8,9,455,2574
9,8,8,9,455,2574
8,5,8,9,455,2574
8,9,8,9,455,2574
7,4,8,9,455,2574
7,9,8,9,455,2574
6,3,8,9,455,2574
6,8,8,9,455,2574
5,2,8,9,455,2574
5,7,8,9,455,2574
0,7,8,9,456,2990
1,7,8,9,456,2990
0,6,8,9,456,2990
0,8,8,9,456,2990
2,7,8,9,456,2990
1,6,8,9,456,2990
1,8,8,9,456,2990
0,5,8,9,456,2990
0,9,8,9,456,2990
4,7,8,9,456,2990
3,6,8,9,456,2990
3,8,8,9,456,2990
2,5,8,9,456,2990
2,9,8,9,456,2990
1,4,8,9,456,2990
1,9,8,9,456,2990
6,7,8,9,456,2990
5,6,8,9,456,2990
5,8,8,9,456,2990
4,5,8,9,456,2990
4,9,8,9,456,2990
3,4,8,9,456,2990
3,9,8,9,456,2990
2,3,8,9,456,2990
2,8,8,9,456,2990
8,7,8,9,456,2990
7,6,8,9,456,2990
7,8,8,9,456,2990
6,5,8,9,456,2990
6,9,8,9,456,2990
5,4,8,9,456,2990
5,9,8,9,456,2990
4,3,8,9,456,2990
4,8,8,9,456,2990
3,2,8,9,456,2990
3,7,8,9,456,2990
9,7,8,9,456,2990
9,6,8,9,456,2990
9,8,8,9,456,2990
8,5,8,9,456,2990
8,9,8,9,456,2990
7,4,8,9,456,2990
7,9,8,9,456,2990
6,3,8,9,456,2990
6,8,8,9,456,2990
5,2,8,9,456,2990
5,7,8,9,456,2990
4,1,8,9,456,2990
4,6,8,9,456,2990
0,8,3,6,457,2991
1,8,3,6,457,2991
0,7,3,6,457,2991
0,9,3,6,457,2991
2,8,3,6,457,2991
1,7,3,6,457,2991
1,9,3,6,457,2991
0,6,3,6,457,2991
3,8,3,6,457,2991
2,7,3,6,457,2991
2,9,3,6,457,2991
1,6,3,6,457,2991
0,5,3,6,457,2991
5,8,3,6,457,2991
4,7,3,6,457,2991
4,9,3,6,457,2991
3,6,3,6,457,2991
3,9,3,6,457,2991
2,5,3,6,457,2991
1,4,3,6,457,2991
7,8,3,6,457,2991
6,7,3,6,457,2991
6,9,3,6,457,2991
5,6,3,6,457,2991
5,9,3,6,457,2991
4,5,3,6,457,2991
4,8,3,6,457,2991
3,4,3,6,457,2991
3,7,3,6,457,2991
2,3,3,6,457,2991
2,6,3,6,457,2991
9,8,3,6,457,2991
8,7,3,6,457,2991
8,9,3,6,457,2991
7,6,3,6,457,2991
7,9,3,6,457,2991
6,5,3,6,457,2991
6,8,3,6,457,2991
5,4,3,6,457,2991
5,7,3,6,457,2991
4,3,3,6,457,2991
4,6,3,6,457,2991
3,2,3,6,457,2991
3,5,3,6,457,2991
0,9,3,6,458,3003
1,9,3,6,458,3003
0,8,3,6,458,3003
2,9,3,6,458,3003
1,8,3,6,458,3003
0,7,3,6,458,3003
3,9,3,6,458,3003
2,8,3,6,458,3003
1,7,3,6,458,3003
0,6,3,6,458,3003
4,9,3,6,458,3003
3,8,3,6,458,3003
2,7,3,6,458,3003
1,6,3,6,458,3003
0,5,3,6,458,3003
6,9,3,6,458,3003
5,8,3,6,458,3003
5,9,3,6,458,3003
4,7,3,6,458,3003
4,8,3,6,458,3003
3,6,3,6,458,3003
3,7,3,6,458,3003
2,5,3,6,458,3003
2,6,3,6,458,3003
1,4,3,6,458,3003
1,5,3,6,458,3003
8,9,3,6,458,3003
7,8,3,6,458,3003
7,9,3,6,458,3003
6,7,3,6,458,3003
6,8,3,6,458,3003
5,6,3,6,458,3003
5,7,3,6,458,3003
4,5,3,6,458,3003
4,6,3,6,458,3003
3,4,3,6,458,3003
3,5,3,6,458,3003
2,3,3,6,458,3003
2,4,3,6,458,3003
5,4,7,4,459,2135
7,4,7,4,459,2135
6,3,7,4,459,2135
6,5,7,4,459,2135
9,4,7,4,459,2135
8,3,7,4,459,2135
8,5,7,4,459,2135
7,2,7,4,459,2135
7,6,7,4,459,2135
8,4,7,4,459,2135
9,3,7,4,459,2135
9,5,7,4,459,2135
9,2,7,4,459,2135
9,6,7,4,459,2135
8,1,7,4,459,2135
8,7,7,4,459,2135
6,4,7,4,459,2135
7,3,7,4,459,2135
7,5,7,4,459,2135
8,2,7,4,459,2135
8,6,7,4,459,2135
9,1,7,4,459,2135
9,7,7,4,459,2135
9,0,7,4,459,2135
9,8,7,4,459,2135
2,7,8,9,460,2128
4,7,8,9,460,2128
3,6,8,9,460,2128
3,8,8,9,460,2128
6,7,8,9,460,2128
5,6,8,9,460,2128
5,8,8,9,460,2128
4,5,8,9,460,2128
4,9,8,9,460,2128
8,7,8,9,460,2128
7,6,8,9,460,2128
7,8,8,9,460,2128
6,5,8,9,460,2128
6,9,8,9,460,2128
5,4,8,9,460,2128
5,9,8,9,460,2128
9,7,8,9,460,2128
9,6,8,9,460,2128
9,8,8,9,460,2128
8,5,8,9,460,2128
8,9,8,9,460,2128
7,4,8,9,460,2128
7,9,8,9,460,2128
6,3,8,9,460,2128
6,8,8,9,460,2128
6,5,8,3,461,1653
8,5,8,3,461,1653
7,4,8,3,461,1653
7,6,8,3,461,1653
9,5,8,3,461,1653
9,4,8,3,461,1653
9,6,8,3,461,1653
8,3,8,3,461,1653
8,7,8,3,461,1653
7,5,8,3,461,1653
8,4,8,3,461,1653
8,6,8,3,461,1653
9,3,8,3,461,1653
9,7,8,3,461,1653
9,2,8,3,461,1653
9,8,8,3,461,1653
5,6,8,9,462,1646
7,6,8,9,462,1646
6,5,8,9,462,1646
6,7,8,9,462,1646
9,6,8,9,462,1646
8,5,8,9,462,1646
8,7,8,9,462,1646
7,4,8,9,462,1646
7,8,8,9,462,1646
8,6,8,9,462,1646
9,5,8,9,462,1646
9,7,8,9,462,1646
9,4,8,9,462,1646
9,8,8,9,462,1646
8,3,8,9,462,1646
8,9,8,9,462,1646
4,7,8,9,463,1650
6,7,8,9,463,1650
5,6,8,9,463,1650
5,8,8,9,463,1650
8,7,8,9,463,1650
7,6,8,9,463,1650
7,8,8,9,463,1650
6,5,8,9,463,1650
6,9,8,9,463,1650
9,7,8,9,463,1650
9,6,8,9,463,1650
9,8,8,9,463,1650
8,5,8,9,463,1650
8,9,8,9,463,1650
7,4,8,9,463,1650
7,9,8,9,463,1650
3,8,8,9,464,1650
5,8,8,9,464,1650
4,7,8,9,464,1650
4,9,8,9,464,1650
7,8,8,9,464,1650
6,7,8,9,464,1650
6,9,8,9,464,1650
5,6,8,9,464,1650
5,9,8,9,464,1650
9,8,8,9,464,1650
8,7,8,9,464,1650
8,9,8,9,464,1650
7,6,8,9,464,1650
7,9,8,9,464,1650
6,5,8,9,464,1650
6,8,8,9,464,1650
7,6,8,7,465,1138
9,6,8,7,465,1138
8,5,8,7,465,1138
8,7,8,7,465,1138
8,6,8,7,465,1138
9,5,8,7,465,1138
9,7,8,7,465,1138
9,4,8,7,465,1138
9,8,8,7,465,1138
6,7,8,9,411,1136
8,7,8,9,411,1136
7,6,8,9,411,1136
7,8,8,9,411,1136
9,7,8,9,411,1136
9,6,8,9,411,1136
9,8,8,9,411,1136
8,5,8,9,411,1136
8,9,8,9,411,1136
5,8,8,9,412,1138
7,8,8,9,412,1138
6,7,8,9,412,1138
6,9,8,9,412,1138
9,8,8,9,412,1138
8,7,8,9,412,1138
8,9,8,9,412,1138
7,6,8,9,412,1138
7,9,8,9,412,1138
7,8,8,9,18,588
9,8,8,9,18,588
8,7,8,9,18,588
8,9,8,9,18,588
6,9,8,9,466,588
8,9,8,9,466,588
7,8,8,9,466,588
7,9,8,9,466,588
9,8,9,8,0,0
8,9,8,9,0,0
0,0,6,6,467,4430
1,0,6,6,467,4430
0,1,6,6,467,4430
2,0,6,6,467,4430
1,1,6,6,467,4430
0,2,6,6,467,4430
4,0,6,6,467,4430
3,0,6,6,467,4430
3,1,6,6,467,4430
2,1,6,6,467,4430
2,2,6,6,467,4430
1,2,6,6,467,4430
1,3,6,6,467,4430
6,0,6,6,467,4430
5,0,6,6,467,4430
5,1,6,6,467,4430
4,1,6,6,467,4430
4,2,6,6,467,4430
3,2,6,6,467,4430
3,3,6,6,467,4430
2,3,6,6,467,4430
2,4,6,6,467,4430
8,0,6,6,467,4430
7,0,6,6,467,4430
7,1,6,6,467,4430
6,1,6,6,467,4430
6,2,6,6,467,4430
5,2,6,6,467,4430
5,3,6,6,467,4430
4,3,6,6,467,4430
4,4,6,6,467,4430
3,4,6,6,467,4430
3,5,6,6,467,4430
9,0,6,6,467,4430
9,1,6,6,467,4430
8,1,6,6,467,4430
8,2,6,6,467,4430
7,2,6,6,467,4430
7,3,6,6,467,4430
6,3,6,6,467,4430
6,4,6,6,467,4430
5,4,6,6,467,4430
5,5,6,6,467,4430
4,5,6,6,467,4430
4,6,6,6,467,4430
9,2,6,6,467,4430
9,3,6,6,467,4430
8,3,6,6,467,4430
8,4,6,6,467,4430
7,4,6,6,467,4430
7,5,6,6,467,4430
6,5,6,6,467,4430
6,6,6,6,467,4430
5,6,6,6,467,4430
5,7,6,6,467,4430
9,4,6,6,467,4430
9,5,6,6,467,4430
8,5,6,6,467,4430
8,6,6,6,467,4430
7,6,6,6,467,4430
7,7,6,6,467,4430
6,7,6,6,467,4430
6,8,6,6,467,4430
9,6,6,6,467,4430
9,7,6,6,467,4430
8,7,6,6,467,4430
8,8,6,6,467,4430
7,8,6,6,467,4430
7,9,6,6,467,4430
9,8,6,6,467,4430
9,9,6,6,467,4430
8,9,6,6,467,4430
0,0,6,4,468,4116
2,0,6,4,468,4116
1,0,6,4,468,4116
1,1,6,4,468,4116
4,0,6,4,468,4116
3,0,6,4,468,4116
3,1,6,4,468,4116
2,1,6,4,468,4116
2,2,6,4,468,4116
6,0,6,4,468,4116
5,0,6,4,468,4116
5,1,6,4,468,4116
4,1,6,4,468,4116
4,2,6,4,468,4116
3,2,6,4,468,4116
3,3,6,4,468,4116
8,0,6,4,468,4116
7,0,6,4,468,4116
7,1,6,4,468,4116
6,1,6,4,468,4116
6,2,6,4,468,4116
5,2,6,4,468,4116
5,3,6,4,468,4116
4,3,6,4,468,4116
4,4,6,4,468,4116
9,0,6,4,468,4116
9,1,6,4,468,4116
8,1,6,4,468,4116
8,2,6,4,468,4116
7,2,6,4,468,4116
7,3,6,4,468,4116
6,3,6,4,468,4116
6,4,6,4,468,4116
5,4,6,4,468,4116
5,5,6,4,468,4116
9,2,6,4,468,4116
9,3,6,4,468,4116
8,3,6,4,468,4116
8,4,6,4,468,4116
7,4,6,4,468,4116
7,5,6,4,468,4116
6,5,6,4,468,4116
6,6,6,4,468,4116
9,4,6,4,468,4116
9,5,6,4,468,4116
8,5,6,4,468,4116
8,6,6,4,468,4116
7,6,6,4,468,4116
7,7,6,4,468,4116
9,6,6,4,468,4116
9,7,6,4,468,4116
8,7,6,4,468,4116
8,8,6,4,468,4116
9,8,6,4,468,4116
9,9,6,4,468,4116
1,1,6,6,469,3748
3,1,6,6,469,3748
2,0,6,6,469,3748
2,2,6,6,469,3748
5,1,6,6,469,3748
4,0,6,6,469,3748
4,2,6,6,469,3748
3,0,6,6,469,3748
3,3,6,6,469,3748
7,1,6,6,469,3748
6,0,6,6,469,3748
6,2,6,6,469,3748
5,0,6,6,469,3748
5,3,6,6,469,3748
4,1,6,6,469,3748
4,4,6,6,469,3748
9,1,6,6,469,3748
8,0,6,6,469,3748
8,2,6,6,469,3748
7,0,6,6,469,3748
7,3,6,6,469,3748
6,1,6,6,469,3748
6,4,6,6,469,3748
5,2,6,6,469,3748
5,5,6,6,469,3748
8,1,6,6,469,3748
9,0,6,6,469,3748
9,2,6,6,469,3748
9,3,6,6,469,3748
8,4,6,6,469,3748
7,2,6,6,469,3748
7,5,6,6,469,3748
6,3,6,6,469,3748
6,6,6,6,469,3748
8,3,6,6,469,3748
9,4,6,6,469,3748
9,5,6,6,469,3748
8,6,6,6,469,3748
7,4,6,6,469,3748
7,7,6,6,469,3748
8,5,6,6,469,3748
9,6,6,6,469,3748
9,7,6,6,469,3748
8,8,6,6,469,3748
2,1,6,6,469,3748
3,2,6,6,469,3748
4,3,6,6,469,3748
5,4,6,6,469,3748
6,5,6,6,469,3748
7,6,6,6,469,3748
8,7,6,6,469,3748
9,8,6,6,469,3748
9,9,6,6,469,3748
0,1,7,7,470,4083
1,1,7,7,470,4083
0,0,7,7,470,4083
0,2,7,7,470,4083
3,1,7,7,470,4083
2,0,7,7,470,4083
2,2,7,7,470,4083
1,0,7,7,470,4083
1,3,7,7,470,4083
5,1,7,7,470,4083
4,0,7,7,470,4083
4,2,7,7,470,4083
3,0,7,7,470,4083
3,3,7,7,470,4083
2,1,7,7,470,4083
2,4,7,7,470,4083
7,1,7,7,470,4083
6,0,7,7,470,4083
6,2,7,7,470,4083
5,0,7,7,470,4083
5,3,7,7,470,4083
4,1,7,7,470,4083
4,4,7,7,470,4083
3,2,7,7,470,4083
3,5,7,7,470,4083
9,1,7,7,470,4083
8,0,7,7,470,4083
8,2,7,7,470,4083
7,0,7,7,470,4083
7,3,7,7,470,4083
6,1,7,7,470,4083
6,4,7,7,470,4083
5,2,7,7,470,4083
5,5,7,7,470,4083
4,3,7,7,470,4083
4,6,7,7,470,4083
8,1,7,7,470,4083
9,0,7,7,470,4083
9,2,7,7,470,4083
9,3,7,7,470,4083
8,4,7,7,470,4083
7,2,7,7,470,4083
7,5,7,7,470,4083
6,3,7,7,470,4083
6,6,7,7,470,4083
5,4,7,7,470,4083
5,7,7,7,470,4083
8,3,7,7,470,4083
9,4,7,7,470,4083
9,5,7,7,470,4083
8,6,7,7,470,4083
7,4,7,7,470,4083
7,7,7,7,470,4083
6,5,7,7,470,4083
6,8,7,7,470,4083
8,5,7,7,470,4083
9,6,7,7,470,4083
9,7,7,7,470,4083
8,8,7,7,470,4083
7,6,7,7,470,4083
7,9,7,7,470,4083
8,7,7,7,470,4083
9,8,7,7,470,4083
9,9,7,7,470,4083
8,9,7,7,470,4083
0,2,7,7,471,3745
2,2,7,7,471,3745
1,1,7,7,471,3745
1,3,7,7,471,3745
4,2,7,7,471,3745
3,1,7,7,471,3745
3,3,7,7,471,3745
2,0,7,7,471,3745
2,4,7,7,471,3745
6,2,7,7,471,3745
5,1,7,7,471,3745
5,3,7,7,471,3745
4,0,7,7,471,3745
4,4,7,7,471,3745
3,0,7,7,471,3745
3,5,7,7,471,3745
8,2,7,7,471,3745
7,1,7,7,471,3745
7,3,7,7,471,3745
6,0,7,7,471,3745
6,4,7,7,471,3745
5,0,7,7,471,3745
5,5,7,7,471,3745
4,1,7,7,471,3745
4,6,7,7,471,3745
9,2,7,7,471,3745
9,1,7,7,471,3745
9,3,7,7,471,3745
8,0,7,7,471,3745
8,4,7,7,471,3745
7,0,7,7,471,3745
7,5,7,7,471,3745
6,1,7,7,471,3745
6,6,7,7,471,3745
5,2,7,7,471,3745
5,7,7,7,471,3745
7,2,7,7,471,3745
8,1,7,7,471,3745
8,3,7,7,471,3745
9,0,7,7,471,3745
9,4,7,7,471,3745
9,5,7,7,471,3745
8,6,7,7,471,3745
7,7,7,7,471,3745
6,3,7,7,471,3745
6,8,7,7,471,3745
7,4,7,7,471,3745
8,5,7,7,471,3745
9,6,7,7,471,3745
9,7,7,7,471,3745
8,8,7,7,471,3745
7,9,7,7,471,3745
3,2,7,7,471,3745
4,3,7,7,471,3745
5,4,7,7,471,3745
6,5,7,7,471,3745
7,6,7,7,471,3745
8,7,7,7,471,3745
9,8,7,7,471,3745
9,9,7,7,471,3745
8,9,7,7,471,3745
0,1,7,9,472,4393
1,1,7,9,472,4393
0,0,7,9,472,4393
0,2,7,9,472,4393
2,1,7,9,472,4393
1,0,7,9,472,4393
1,2,7,9,472,4393
0,3,7,9,472,4393
3,1,7,9,472,4393
2,0,7,9,472,4393
2,2,7,9,472,4393
1,3,7,9,472,4393
0,4,7,9,472,4393
5,1,7,9,472,4393
4,0,7,9,472,4393
4,2,7,9,472,4393
3,0,7,9,472,4393
3,3,7,9,472,4393
2,4,7,9,472,4393
1,5,7,9,472,4393
7,1,7,9,472,4393
6,0,7,9,472,4393
6,2,7,9,472,4393
5,0,7,9,472,4393
5,3,7,9,472,4393
4,1,7,9,472,4393
4,4,7,9,472,4393
3,2,7,9,472,4393
3,5,7,9,472,4393
2,3,7,9,472,4393
2,6,7,9,472,4393
9,1,7,9,472,4393
8,0,7,9,472,4393
8,2,7,9,472,4393
7,0,7,9,472,4393
7,3,7,9,472,4393
6,1,7,9,472,4393
6,4,7,9,472,4393
5,2,7,9,472,4393
5,5,7,9,472,4393
4,3,7,9,472,4393
4,6,7,9,472,4393
3,4,7,9,472,4393
3,7,7,9,472,4393
8,1,7,9,472,4393
9,0,7,9,472,4393
9,2,7,9,472,4393
9,3,7,9,472,4393
8,4,7,9,472,4393
7,2,7,9,472,4393
7,5,7,9,472,4393
6,3,7,9,472,4393
6,6,7,9,472,4393
5,4,7,9,472,4393
5,7,7,9,472,4393
4,5,7,9,472,4393
4,8,7,9,472,4393
8,3,7,9,472,4393
9,4,7,9,472,4393
9,5,7,9,472,4393
8,6,7,9,472,4393
7,4,7,9,472,4393
7,7,7,9,472,4393
6,5,7,9,472,4393
6,8,7,9,472,4393
5,6,7,9,472,4393
5,9,7,9,472,4393
8,5,7,9,472,4393
9,6,7,9,472,4393
9,7,7,9,472,4393
8,8,7,9,472,4393
7,6,7,9,472,4393
7,9,7,9,472,4393
6,7,7,9,472,4393
6,9,7,9,472,4393
8,7,7,9,472,4393
9,8,7,9,472,4393
9,9,7,9,472,4393
8,9,7,9,472,4393
7,8,7,9,472,4393
0,2,7,9,473,4077
1,2,7,9,473,4077
0,1,7,9,473,4077
0,3,7,9,473,4077
2,2,7,9,473,4077
1,1,7,9,473,4077
1,3,7,9,473,4077
0,0,7,9,473,4077
0,4,7,9,473,4077
4,2,7,9,473,4077
3,1,7,9,473,4077
3,3,7,9,473,4077
2,0,7,9,473,4077
2,4,7,9,473,4077
1,0,7,9,473,4077
1,5,7,9,473,4077
6,2,7,9,473,4077
5,1,7,9,473,4077
5,3,7,9,473,4077
4,0,7,9,473,4077
4,4,7,9,473,4077
3,0,7,9,473,4077
3,5,7,9,473,4077
2,1,7,9,473,4077
2,6,7,9,473,4077
8,2,7,9,473,4077
7,1,7,9,473,4077
7,3,7,9,473,4077
6,0,7,9,473,4077
6,4,7,9,473,4077
5,0,7,9,473,4077
5,5,7,9,473,4077
4,1,7,9,473,4077
4,6,7,9,473,4077
3,2,7,9,473,4077
3,7,7,9,473,4077
9,2,7,9,473,4077
9,1,7,9,473,4077
9,3,7,9,473,4077
8,0,7,9,473,4077
8,4,7,9,473,4077
7,0,7,9,473,4077
7,5,7,9,473,4077
6,1,7,9,473,4077
6,6,7,9,473,4077
5,2,7,9,473,4077
5,7,7,9,473,4077
4,3,7,9,473,4077
4,8,7,9,473,4077
7,2,7,9,473,4077
8,1,7,9,473,4077
8,3,7,9,473,4077
9,0,7,9,473,4077
9,4,7,9,473,4077
9,5,7,9,473,4077
8,6,7,9,473,4077
7,7,7,9,473,4077
6,3,7,9,473,4077
6,8,7,9,473,4077
5,4,7,9,473,4077
5,9,7,9,473,4077
7,4,7,9,473,4077
8,5,7,9,473,4077
9,6,7,9,473,4077
9,7,7,9,473,4077
8,8,7,9,473,4077
7,9,7,9,473,4077
6,5,7,9,473,4077
6,9,7,9,473,4077
7,6,7,9,473,4077
8,7,7,9,473,4077
9,8,7,9,473,4077
9,9,7,9,473,4077
8,9,7,9,473,4077
7,8,7,9,473,4077
0,3,7,9,474,3739
1,3,7,9,474,3739
0,2,7,9,474,3739
0,4,7,9,474,3739
3,3,7,9,474,3739
2,2,7,9,474,3739
2,4,7,9,474,3739
1,1,7,9,474,3739
1,5,7,9,474,3739
5,3,7,9,474,3739
4,2,7,9,474,3739
4,4,7,9,474,3739
3,1,7,9,474,3739
3,5,7,9,474,3739
2,0,7,9,474,3739
2,6,7,9,474,3739
7,3,7,9,474,3739
6,2,7,9,474,3739
6,4,7,9,474,3739
5,1,7,9,474,3739
5,5,7,9,474,3739
4,0,7,9,474,3739
4,6,7,9,474,3739
3,0,7,9,474,3739
3,7,7,9,474,3739
9,3,7,9,474,3739
8,2,7,9,474,3739
8,4,7,9,474,3739
7,1,7,9,474,3739
7,5,7,9,474,3739
6,0,7,9,474,3739
6,6,7,9,474,3739
5,0,7,9,474,3739
5,7,7,9,474,3739
4,1,7,9,474,3739
4,8,7,9,474,3739
8,3,7,9,474,3739
9,2,7,9,474,3739
9,4,7,9,474,3739
9,1,7,9,474,3739
9,5,7,9,474,3739
8,0,7,9,474,3739
8,6,7,9,474,3739
7,0,7,9,474,3739
7,7,7,9,474,3739
6,1,7,9,474,3739
6,8,7,9,474,3739
5,2,7,9,474,3739
5,9,7,9,474,3739
6,3,7,9,474,3739
7,2,7,9,474,3739
7,4,7,9,474,3739
8,1,7,9,474,3739
8,5,7,9,474,3739
9,0,7,9,474,3739
9,6,7,9,474,3739
9,7,7,9,474,3739
8,8,7,9,474,3739
7,9,7,9,474,3739
6,9,7,9,474,3739
4,3,7,9,474,3739
5,4,7,9,474,3739
6,5,7,9,474,3739
7,6,7,9,474,3739
8,7,7,9,474,3739
9,8,7,9,474,3739
9,9,7,9,474,3739
8,9,7,9,474,3739
7,8,7,9,474,3739
0,1,7,9,475,4693
1,1,7,9,475,4693
0,0,7,9,475,4693
0,2,7,9,475,4693
2,1,7,9,475,4693
1,0,7,9,475,4693
1,2,7,9,475,4693
0,3,7,9,475,4693
3,1,7,9,475,4693
2,0,7,9,475,4693
2,2,7,9,475,4693
1,3,7,9,475,4693
0,4,7,9,475,4693
4,1,7,9,475,4693
3,0,7,9,475,4693
3,2,7,9,475,4693
2,3,7,9,475,4693
1,4,7,9,475,4693
0,5,7,9,475,4693
5,1,7,9,475,4693
4,0,7,9,475,4693
4,2,7,9,475,4693
3,3,7,9,475,4693
2,4,7,9,475,4693
1,5,7,9,475,4693
0,6,7,9,475,4693
7,1,7,9,475,4693
6,0,7,9,475,4693
6,2,7,9,475,4693
5,0,7,9,475,4693
5,3,7,9,475,4693
4,4,7,9,475,4693
3,5,7,9,475,4693
2,6,7,9,475,4693
1,7,7,9,475,4693
9,1,7,9,475,4693
8,0,7,9,475,4693
8,2,7,9,475,4693
7,0,7,9,475,4693
7,3,7,9,475,4693
6,1,7,9,475,4693
6,4,7,9,475,4693
5,2,7,9,475,4693
5,5,7,9,475,4693
4,3,7,9,475,4693
4,6,7,9,475,4693
3,4,7,9,475,4693
3,7,7,9,475,4693
2,5,7,9,475,4693
2,8,7,9,475,4693
8,1,7,9,475,4693
9,0,7,9,475,4693
9,2,7,9,475,4693
9,3,7,9,475,4693
8,4,7,9,475,4693
7,2,7,9,475,4693
7,5,7,9,475,4693
6,3,7,9,475,4693
6,6,7,9,475,4693
5,4,7,9,475,4693
5,7,7,9,475,4693
4,5,7,9,475,4693
4,8,7,9,475,4693
3,6,7,9,475,4693
3,9,7,9,475,4693
8,3,7,9,475,4693
9,4,7,9,475,4693
9,5,7,9,475,4693
8,6,7,9,475,4693
7,4,7,9,475,4693
7,7,7,9,475,4693
6,5,7,9,475,4693
6,8,7,9,475,4693
5,6,7,9,475,4693
5,9,7,9,475,4693
4,7,7,9,475,4693
4,9,7,9,475,4693
8,5,7,9,475,4693
9,6,7,9,475,4693
9,7,7,9,475,4693
8,8,7,9,475,4693
7,6,7,9,475,4693
7,9,7,9,475,4693
6,7,7,9,475,4693
6,9,7,9,475,4693
5,8,7,9,475,4693
8,7,7,9,475,4693
9,8,7,9,475,4693
9,9,7,9,475,4693
8,9,7,9,475,4693
7,8,7,9,475,4693
0,2,7,9,476,4398
1,2,7,9,476,4398
0,1,7,9,476,4398
0,3,7,9,476,4398
2,2,7,9,476,4398
1,1,7,9,476,4398
1,3,7,9,476,4398
0,0,7,9,476,4398
0,4,7,9,476,4398
3,2,7,9,476,4398
2,1,7,9,476,4398
2,3,7,9,476,4398
1,0,7,9,476,4398
1,4,7,9,476,4398
0,5,7,9,476,4398
4,2,7,9,476,4398
3,1,7,9,476,4398
3,3,7,9,476,4398
2,0,7,9,476,4398
2,4,7,9,476,4398
1,5,7,9,476,4398
0,6,7,9,476,4398
6,2,7,9,476,4398
5,1,7,9,476,4398
5,3,7,9,476,4398
4,0,7,9,476,4398
4,4,7,9,476,4398
3,0,7,9,476,4398
3,5,7,9,476,4398
2,6,7,9,476,4398
1,7,7,9,476,4398
8,2,7,9,476,4398
7,1,7,9,476,4398
7,3,7,9,476,4398
6,0,7,9,476,4398
6,4,7,9,476,4398
5,0,7,9,476,4398
5,5,7,9,476,4398
4,1,7,9,476,4398
4,6,7,9,476,4398
3,7,7,9,476,4398
2,8,7,9,476,4398
9,2,7,9,476,4398
9,1,7,9,476,4398
9,3,7,9,476,4398
8,0,7,9,476,4398
8,4,7,9,476,4398
7,0,7,9,476,4398
7,5,7,9,476,4398
6,1,7,9,476,4398
6,6,7,9,476,4398
5,2,7,9,476,4398
5,7,7,9,476,4398
4,3,7,9,476,4398
4,8,7,9,476,4398
3,4,7,9,476,4398
3,9,7,9,476,4398
7,2,7,9,476,4398
8,1,7,9,476,4398
8,3,7,9,476,4398
9,0,7,9,476,4398
9,4,7,9,476,4398
9,5,7,9,476,4398
8,6,7,9,476,4398
7,7,7,9,476,4398
6,3,7,9,476,4398
6,8,7,9,476,4398
5,4,7,9,476,4398
5,9,7,9,476,4398
4,5,7,9,476,4398
4,9,7,9,476,4398
7,4,7,9,476,4398
8,5,7,9,476,4398
9,6,7,9,476,4398
9,7,7,9,476,4398
8,8,7,9,476,4398
7,9,7,9,476,4398
6,5,7,9,476,4398
6,9,7,9,476,4398
5,6,7,9,476,4398
5,8,7,9,476,4398
7,6,7,9,476,4398
8,7,7,9,476,4398
9,8,7,9,476,4398
9,9,7,9,476,4398
8,9,7,9,476,4398
7,8,7,9,476,4398
6,7,7,9,476,4398
0,3,9,9,477,4082
1,3,9,9,477,4082
0,2,9,9,477,4082
0,4,9,9,477,4082
2,3,9,9,477,4082
1,2,9,9,477,4082
1,4,9,9,477,4082
0,1,9,9,477,4082
0,5,9,9,477,4082
3,3,9,9,477,4082
2,2,9,9,477,4082
2,4,9,9,477,4082
1,1,9,9,477,4082
1,5,9,9,477,4082
0,0,9,9,477,4082
0,6,9,9,477,4082
5,3,9,9,477,4082
4,2,9,9,477,4082
4,4,9,9,477,4082
3,1,9,9,477,4082
3,5,9,9,477,4082
2,0,9,9,477,4082
2,6,9,9,477,4082
1,0,9,9,477,4082
1,7,9,9,477,4082
7,3,9,9,477,4082
6,2,9,9,477,4082
6,4,9,9,477,4082
5,1,9,9,477,4082
5,5,9,9,477,4082
4,0,9,9,477,4082
4,6,9,9,477,4082
3,0,9,9,477,4082
3,7,9,9,477,4082
2,1,9,9,477,4082
2,8,9,9,477,4082
9,3,9,9,477,4082
8,2,9,9,477,4082
8,4,9,9,477,4082
7,1,9,9,477,4082
7,5,9,9,477,4082
6,0,9,9,477,4082
6,6,9,9,477,4082
5,0,9,9,477,4082
5,7,9,9,477,4082
4,1,9,9,477,4082
4,8,9,9,477,4082
3,2,9,9,477,4082
3,9,9,9,477,4082
8,3,9,9,477,4082
9,2,9,9,477,4082
9,4,9,9,477,4082
9,1,9,9,477,4082
9,5,9,9,477,4082
8,0,9,9,477,4082
8,6,9,9,477,4082
7,0,9,9,477,4082
7,7,9,9,477,4082
6,1,9,9,477,4082
6,8,9,9,477,4082
5,2,9,9,477,4082
5,9,9,9,477,4082
4,3,9,9,477,4082
4,9,9,9,477,4082
6,3,9,9,477,4082
7,2,9,9,477,4082
7,4,9,9,477,4082
8,1,9,9,477,4082
8,5,9,9,477,4082
9,0,9,9,477,4082
9,6,9,9,477,4082
9,7,9,9,477,4082
8,8,9,9,477,4082
7,9,9,9,477,4082
6,9,9,9,477,4082
5,4,9,9,477,4082
5,8,9,9,477,4082
6,5,9,9,477,4082
7,6,9,9,477,4082
8,7,9,9,477,4082
9,8,9,9,477,4082
9,9,9,9,477,4082
8,9,9,9,477,4082
7,8,9,9,477,4082
6,7,9,9,477,4082
0,4,9,9,478,3744
1,4,9,9,478,3744
0,3,9,9,478,3744
0,5,9,9,478,3744
2,4,9,9,478,3744
1,3,9,9,478,3744
1,5,9,9,478,3744
0,2,9,9,478,3744
0,6,9,9,478,3744
4,4,9,9,478,3744
3,3,9,9,478,3744
3,5,9,9,478,3744
2,2,9,9,478,3744
2,6,9,9,478,3744
1,1,9,9,478,3744
1,7,9,9,478,3744
6,4,9,9,478,3744
5,3,9,9,478,3744
5,5,9,9,478,3744
4,2,9,9,478,3744
4,6,9,9,478,3744
3,1,9,9,478,3744
3,7,9,9,478,3744
2,0,9,9,478,3744
2,8,9,9,478,3744
8,4,9,9,478,3744
7,3,9,9,478,3744
7,5,9,9,478,3744
6,2,9,9,478,3744
6,6,9,9,478,3744
5,1,9,9,478,3744
5,7,9,9,478,3744
4,0,9,9,478,3744
4,8,9,9,478,3744
3,0,9,9,478,3744
3,9,9,9,478,3744
9,4,9,9,478,3744
9,3,9,9,478,3744
9,5,9,9,478,3744
8,2,9,9,478,3744
8,6,9,9,478,3744
7,1,9,9,478,3744
7,7,9,9,478,3744
6,0,9,9,478,3744
6,8,9,9,478,3744
5,0,9,9,478,3744
5,9,9,9,478,3744
4,1,9,9,478,3744
4,9,9,9,478,3744
7,4,9,9,478,3744
8,3,9,9,478,3744
8,5,9,9,478,3744
9,2,9,9,478,3744
9,6,9,9,478,3744
9,1,9,9,478,3744
9,7,9,9,478,3744
8,0,9,9,478,3744
8,8,9,9,478,3744
7,0,9,9,478,3744
7,9,9,9,478,3744
6,1,9,9,478,3744
6,9,9,9,478,3744
5,2,9,9,478,3744
5,8,9,9,478,3744
5,4,9,9,478,3744
6,3,9,9,478,3744
6,5,9,9,478,3744
7,2,9,9,478,3744
7,6,9,9,478,3744
8,1,9,9,478,3744
8,7,9,9,478,3744
9,0,9,9,478,3744
9,8,9,9,478,3744
9,9,9,9,478,3744
8,9,9,9,478,3744
7,8,9,9,478,3744
6,7,9,9,478,3744
0,2,7,9,479,4696
1,2,7,9,479,4696
0,1,7,9,479,4696
0,3,7,9,479,4696
2,2,7,9,479,4696
1,1,7,9,479,4696
1,3,7,9,479,4696
0,0,7,9,479,4696
0,4,7,9,479,4696
3,2,7,9,479,4696
2,1,7,9,479,4696
2,3,7,9,479,4696
1,0,7,9,479,4696
1,4,7,9,479,4696
0,5,7,9,479,4696
4,2,7,9,479,4696
3,1,7,9,479,4696
3,3,7,9,479,4696
2,0,7,9,479,4696
2,4,7,9,479,4696
1,5,7,9,479,4696
0,6,7,9,479,4696
5,2,7,9,479,4696
4,1,7,9,479,4696
4,3,7,9,479,4696
3,0,7,9,479,4696
3,4,7,9,479,4696
2,5,7,9,479,4696
1,6,7,9,479,4696
0,7,7,9,479,4696
6,2,7,9,479,4696
5,1,7,9,479,4696
5,3,7,9,479,4696
4,0,7,9,479,4696
4,4,7,9,479,4696
3,5,7,9,479,4696
2,6,7,9,479,4696
1,7,7,9,479,4696
0,8,7,9,479,4696
8,2,7,9,479,4696
7,1,7,9,479,4696
7,3,7,9,479,4696
6,0,7,9,479,4696
6,4,7,9,479,4696
5,0,7,9,479,4696
5,5,7,9,479,4696
4,6,7,9,479,4696
3,7,7,9,479,4696
2,8,7,9,479,4696
1,9,7,9,479,4696
9,2,7,9,479,4696
9,1,7,9,479,4696
9,3,7,9,479,4696
8,0,7,9,479,4696
8,4,7,9,479,4696
7,0,7,9,479,4696
7,5,7,9,479,4696
6,1,7,9,479,4696
6,6,7,9,479,4696
5,7,7,9,479,4696
4,8,7,9,479,4696
3,9,7,9,479,4696
2,9,7,9,479,4696
7,2,7,9,479,4696
8,1,7,9,479,4696
8,3,7,9,479,4696
9,0,7,9,479,4696
9,4,7,9,479,4696
9,5,7,9,479,4696
8,6,7,9,479,4696
7,7,7,9,479,4696
6,3,7,9,479,4696
6,8,7,9,479,4696
5,4,7,9,479,4696
5,9,7,9,479,4696
4,5,7,9,479,4696
4,9,7,9,479,4696
3,6,7,9,479,4696
3,8,7,9,479,4696
7,4,7,9,479,4696
8,5,7,9,479,4696
9,6,7,9,479,4696
9,7,7,9,479,4696
8,8,7,9,479,4696
7,9,7,9,479,4696
6,5,7,9,479,4696
6,9,7,9,479,4696
5,6,7,9,479,4696
5,8,7,9,479,4696
4,7,7,9,479,4696
7,6,7,9,479,4696
8,7,7,9,479,4696
9,8,7,9,479,4696
9,9,7,9,479,4696
8,9,7,9,479,4696
7,8,7,9,479,4696
6,7,7,9,479,4696
0,3,9,9,480,4701
1,3,9,9,480,4701
0,2,9,9,480,4701
0,4,9,9,480,4701
2,3,9,9,480,4701
1,2,9,9,480,4701
1,4,9,9,480,4701
0,1,9,9,480,4701
0,5,9,9,480,4701
3,3,9,9,480,4701
2,2,9,9,480,4701
2,4,9,9,480,4701
1,1,9,9,480,4701
1,5,9,9,480,4701
0,0,9,9,480,4701
0,6,9,9,480,4701
4,3,9,9,480,4701
3,2,9,9,480,4701
3,4,9,9,480,4701
2,1,9,9,480,4701
2,5,9,9,480,4701
1,0,9,9,480,4701
1,6,9,9,480,4701
0,7,9,9,480,4701
5,3,9,9,480,4701
4,2,9,9,480,4701
4,4,9,9,480,4701
3,1,9,9,480,4701
3,5,9,9,480,4701
2,0,9,9,480,4701
2,6,9,9,480,4701
1,7,9,9,480,4701
0,8,9,9,480,4701
6,3,9,9,480,4701
5,2,9,9,480,4701
5,4,9,9,480,4701
4,1,9,9,480,4701
4,5,9,9,480,4701
3,0,9,9,480,4701
3,6,9,9,480,4701
2,7,9,9,480,4701
1,8,9,9,480,4701
0,9,9,9,480,4701
7,3,9,9,480,4701
6,2,9,9,480,4701
6,4,9,9,480,4701
5,1,9,9,480,4701
5,5,9,9,480,4701
4,0,9,9,480,4701
4,6,9,9,480,4701
3,7,9,9,480,4701
2,8,9,9,480,4701
1,9,9,9,480,4701
9,3,9,9,480,4701
8,2,9,9,480,4701
8,4,9,9,480,4701
7,1,9,9,480,4701
7,5,9,9,480,4701
6,0,9,9,480,4701
6,6,9,9,480,4701
5,0,9,9,480,4701
5,7,9,9,480,4701
4,8,9,9,480,4701
3,9,9,9,480,4701
2,9,9,9,480,4701
8,3,9,9,480,4701
9,2,9,9,480,4701
9,4,9,9,480,4701
9,1,9,9,480,4701
9,5,9,9,480,4701
8,0,9,9,480,4701
8,6,9,9,480,4701
7,0,9,9,480,4701
7,7,9,9,480,4701
6,1,9,9,480,4701
6,8,9,9,480,4701
5,9,9,9,480,4701
4,9,9,9,480,4701
3,8,9,9,480,4701
7,2,9,9,480,4701
7,4,9,9,480,4701
8,1,9,9,480,4701
8,5,9,9,480,4701
9,0,9,9,480,4701
9,6,9,9,480,4701
9,7,9,9,480,4701
8,8,9,9,480,4701
7,9,9,9,480,4701
6,9,9,9,480,4701
5,8,9,9,480,4701
4,7,9,9,480,4701
6,5,9,9,480,4701
7,6,9,9,480,4701
8,7,9,9,480,4701
9,8,9,9,480,4701
9,9,9,9,480,4701
8,9,9,9,480,4701
7,8,9,9,480,4701
6,7,9,9,480,4701
5,6,9,9,480,4701
0,4,9,9,481,4404
1,4,9,9,481,4404
0,3,9,9,481,4404
0,5,9,9,481,4404
2,4,9,9,481,4404
1,3,9,9,481,4404
1,5,9,9,481,4404
0,2,9,9,481,4404
0,6,9,9,481,4404
3,4,9,9,481,4404
2,3,9,9,481,4404
2,5,9,9,481,4404
1,2,9,9,481,4404
1,6,9,9,481,4404
0,1,9,9,481,4404
0,7,9,9,481,4404
4,4,9,9,481,4404
3,3,9,9,481,4404
3,5,9,9,481,4404
2,2,9,9,481,4404
2,6,9,9,481,4404
1,1,9,9,481,4404
1,7,9,9,481,4404
0,0,9,9,481,4404
0,8,9,9,481,4404
5,4,9,9,481,4404
4,3,9,9,481,4404
4,5,9,9,481,4404
3,2,9,9,481,4404
3,6,9,9,481,4404
2,1,9,9,481,4404
2,7,9,9,481,4404
1,0,9,9,481,4404
1,8,9,9,481,4404
0,9,9,9,481,4404
6,4,9,9,481,4404
5,3,9,9,481,4404
5,5,9,9,481,4404
4,2,9,9,481,4404
4,6,9,9,481,4404
3,1,9,9,481,4404
3,7,9,9,481,4404
2,0,9,9,481,4404
2,8,9,9,481,4404
1,9,9,9,481,4404
8,4,9,9,481,4404
7,3,9,9,481,4404
7,5,9,9,481,4404
6,2,9,9,481,4404
6,6,9,9,481,4404
5,1,9,9,481,4404
5,7,9,9,481,4404
4,0,9,9,481,4404
4,8,9,9,481,4404
3,0,9,9,481,4404
3,9,9,9,481,4404
2,9,9,9,481,4404
9,4,9,9,481,4404
9,3,9,9,481,4404
9,5,9,9,481,4404
8,2,9,9,481,4404
8,6,9,9,481,4404
7,1,9,9,481,4404
7,7,9,9,481,4404
6,0,9,9,481,4404
6,8,9,9,481,4404
5,0,9,9,481,4404
5,9,9,9,481,4404
4,1,9,9,481,4404
4,9,9,9,481,4404
3,8,9,9,481,4404
7,4,9,9,481,4404
8,3,9,9,481,4404
8,5,9,9,481,4404
9,2,9,9,481,4404
9,6,9,9,481,4404
9,1,9,9,481,4404
9,7,9,9,481,4404
8,0,9,9,481,4404
8,8,9,9,481,4404
7,0,9,9,481,4404
7,9,9,9,481,4404
6,1,9,9,481,4404
6,9,9,9,481,4404
5,2,9,9,481,4404
5,8,9,9,481,4404
4,7,9,9,481,4404
6,3,9,9,481,4404
6,5,9,9,481,4404
7,2,9,9,481,4404
7,6,9,9,481,4404
8,1,9,9,481,4404
8,7,9,9,481,4404
9,0,9,9,481,4404
9,8,9,9,481,4404
9,9,9,9,481,4404
8,9,9,9,481,4404
7,8,9,9,481,4404
6,7,9,9,481,4404
5,6,9,9,481,4404
0,5,9,9,482,4085
1,5,9,9,482,4085
0,4,9,9,482,4085
0,6,9,9,482,4085
2,5,9,9,482,4085
1,4,9,9,482,4085
1,6,9,9,482,4085
0,3,9,9,482,4085
0,7,9,9,482,4085
3,5,9,9,482,4085
2,4,9,9,482,4085
2,6,9,9,482,4085
1,3,9,9,482,4085
1,7,9,9,482,4085
0,2,9,9,482,4085
0,8,9,9,482,4085
4,5,9,9,482,4085
3,4,9,9,482,4085
3,6,9,9,482,4085
2,3,9,9,482,4085
2,7,9,9,482,4085
1,2,9,9,482,4085
1,8,9,9,482,4085
0,1,9,9,482,4085
0,9,9,9,482,4085
5,5,9,9,482,4085
4,4,9,9,482,4085
4,6,9,9,482,4085
3,3,9,9,482,4085
3,7,9,9,482,4085
2,2,9,9,482,4085
2,8,9,9,482,4085
1,1,9,9,482,4085
1,9,9,9,482,4085
0,0,9,9,482,4085
7,5,9,9,482,4085
6,4,9,9,482,4085
6,6,9,9,482,4085
5,3,9,9,482,4085
5,7,9,9,482,4085
4,2,9,9,482,4085
4,8,9,9,482,4085
3,1,9,9,482,4085
3,9,9,9,482,4085
2,0,9,9,482,4085
2,9,9,9,482,4085
1,0,9,9,482,4085
9,5,9,9,482,4085
8,4,9,9,482,4085
8,6,9,9,482,4085
7,3,9,9,482,4085
7,7,9,9,482,4085
6,2,9,9,482,4085
6,8,9,9,482,4085
5,1,9,9,482,4085
5,9,9,9,482,4085
4,0,9,9,482,4085
4,9,9,9,482,4085
3,0,9,9,482,4085
3,8,9,9,482,4085
2,1,9,9,482,4085
8,5,9,9,482,4085
9,4,9,9,482,4085
9,6,9,9,482,4085
9,3,9,9,482,4085
9,7,9,9,482,4085
8,2,9,9,482,4085
8,8,9,9,482,4085
7,1,9,9,482,4085
7,9,9,9,482,4085
6,0,9,9,482,4085
6,9,9,9,482,4085
5,0,9,9,482,4085
5,8,9,9,482,4085
4,1,9,9,482,4085
4,7,9,9,482,4085
3,2,9,9,482,4085
6,5,9,9,482,4085
7,4,9,9,482,4085
7,6,9,9,482,4085
8,3,9,9,482,4085
8,7,9,9,482,4085
9,2,9,9,482,4085
9,8,9,9,482,4085
9,1,9,9,482,4085
9,9,9,9,482,4085
8,0,9,9,482,4085
8,9,9,9,482,4085
7,0,9,9,482,4085
7,8,9,9,482,4085
6,1,9,9,482,4085
6,7,9,9,482,4085
5,2,9,9,482,4085
5,6,9,9,482,4085
4,3,9,9,482,4085
0,6,9,9,483,3744
1,6,9,9,483,3744
0,5,9,9,483,3744
0,7,9,9,483,3744
2,6,9,9,483,3744
1,5,9,9,483,3744
1,7,9,9,483,3744
0,4,9,9,483,3744
0,8,9,9,483,3744
3,6,9,9,483,3744
2,5,9,9,483,3744
2,7,9,9,483,3744
1,4,9,9,483,3744
1,8,9,9,483,3744
0,3,9,9,483,3744
0,9,9,9,483,3744
4,6,9,9,483,3744
3,5,9,9,483,3744
3,7,9,9,483,3744
2,4,9,9,483,3744
2,8,9,9,483,3744
1,3,9,9,483,3744
1,9,9,9,483,3744
0,2,9,9,483,3744
6,6,9,9,483,3744
5,5,9,9,483,3744
5,7,9,9,483,3744
4,4,9,9,483,3744
4,8,9,9,483,3744
3,3,9,9,483,3744
3,9,9,9,483,3744
2,2,9,9,483,3744
2,9,9,9,483,3744
1,1,9,9,483,3744
8,6,9,9,483,3744
7,5,9,9,483,3744
7,7,9,9,483,3744
6,4,9,9,483,3744
6,8,9,9,483,3744
5,3,9,9,483,3744
5,9,9,9,483,3744
4,2,9,9,483,3744
4,9,9,9,483,3744
3,1,9,9,483,3744
3,8,9,9,483,3744
2,0,9,9,483,3744
9,6,9,9,483,3744
9,5,9,9,483,3744
9,7,9,9,483,3744
8,4,9,9,483,3744
8,8,9,9,483,3744
7,3,9,9,483,3744
7,9,9,9,483,3744
6,2,9,9,483,3744
6,9,9,9,483,3744
5,1,9,9,483,3744
5,8,9,9,483,3744
4,0,9,9,483,3744
4,7,9,9,483,3744
3,0,9,9,483,3744
7,6,9,9,483,3744
8,5,9,9,483,3744
8,7,9,9,483,3744
9,4,9,9,483,3744
9,8,9,9,483,3744
9,3,9,9,483,3744
9,9,9,9,483,3744
8,2,9,9,483,3744
8,9,9,9,483,3744
7,1,9,9,483,3744
7,8,9,9,483,3744
6,0,9,9,483,3744
6,7,9,9,483,3744
5,0,9,9,483,3744
5,6,9,9,483,3744
4,1,9,9,483,3744
4,5,9,9,483,3744
0,6,9,9,484,4083
1,6,9,9,484,4083
0,5,9,9,484,4083
0,7,9,9,484,4083
2,6,9,9,484,4083
1,5,9,9,484,4083
1,7,9,9,484,4083
0,4,9,9,484,4083
0,8,9,9,484,4083
3,6,9,9,484,4083
2,5,9,9,484,4083
2,7,9,9,484,4083
1,4,9,9,484,4083
1,8,9,9,484,4083
0,3,9,9,484,4083
0,9,9,9,484,4083
4,6,9,9,484,4083
3,5,9,9,484,4083
3,7,9,9,484,4083
2,4,9,9,484,4083
2,8,9,9,484,4083
1,3,9,9,484,4083
1,9,9,9,484,4083
0,2,9,9,484,4083
5,6,9,9,484,4083
4,5,9,9,484,4083
4,7,9,9,484,4083
3,4,9,9,484,4083
3,8,9,9,484,4083
2,3,9,9,484,4083
2,9,9,9,484,4083
1,2,9,9,484,4083
0,1,9,9,484,4083
6,6,9,9,484,4083
5,5,9,9,484,4083
5,7,9,9,484,4083
4,4,9,9,484,4083
4,8,9,9,484,4083
3,3,9,9,484,4083
3,9,9,9,484,4083
2,2,9,9,484,4083
1,1,9,9,484,4083
0,0,9,9,484,4083
8,6,9,9,484,4083
7,5,9,9,484,4083
7,7,9,9,484,4083
6,4,9,9,484,4083
6,8,9,9,484,4083
5,3,9,9,484,4083
5,9,9,9,484,4083
4,2,9,9,484,4083
4,9,9,9,484,4083
3,1,9,9,484,4083
2,0,9,9,484,4083
1,0,9,9,484,4083
9,6,9,9,484,4083
9,5,9,9,484,4083
9,7,9,9,484,4083
8,4,9,9,484,4083
8,8,9,9,484,4083
7,3,9,9,484,4083
7,9,9,9,484,4083
6,2,9,9,484,4083
6,9,9,9,484,4083
5,1,9,9,484,4083
5,8,9,9,484,4083
4,0,9,9,484,4083
3,0,9,9,484,4083
2,1,9,9,484,4083
7,6,9,9,484,4083
8,5,9,9,484,4083
8,7,9,9,484,4083
9,4,9,9,484,4083
9,8,9,9,484,4083
9,3,9,9,484,4083
9,9,9,9,484,4083
8,2,9,9,484,4083
8,9,9,9,484,4083
7,1,9,9,484,4083
7,8,9,9,484,4083
6,0,9,9,484,4083
6,7,9,9,484,4083
5,0,9,9,484,4083
4,1,9,9,484,4083
3,2,9,9,484,4083
0,5,9,9,485,4699
1,5,9,9,485,4699
0,4,9,9,485,4699
0,6,9,9,485,4699
2,5,9,9,485,4699
1,4,9,9,485,4699
1,6,9,9,485,4699
0,3,9,9,485,4699
0,7,9,9,485,4699
3,5,9,9,485,4699
2,4,9,9,485,4699
2,6,9,9,485,4699
1,3,9,9,485,4699
1,7,9,9,485,4699
0,2,9,9,485,4699
0,8,9,9,485,4699
4,5,9,9,485,4699
3,4,9,9,485,4699
3,6,9,9,485,4699
2,3,9,9,485,4699
2,7,9,9,485,4699
1,2,9,9,485,4699
1,8,9,9,485,4699
0,1,9,9,485,4699
0,9,9,9,485,4699
5,5,9,9,485,4699
4,4,9,9,485,4699
4,6,9,9,485,4699
3,3,9,9,485,4699
3,7,9,9,485,4699
2,2,9,9,485,4699
2,8,9,9,485,4699
1,1,9,9,485,4699
1,9,9,9,485,4699
0,0,9,9,485,4699
6,5,9,9,485,4699
5,4,9,9,485,4699
5,6,9,9,485,4699
4,3,9,9,485,4699
4,7,9,9,485,4699
3,2,9,9,485,4699
3,8,9,9,485,4699
2,1,9,9,485,4699
2,9,9,9,485,4699
1,0,9,9,485,4699
7,5,9,9,485,4699
6,4,9,9,485,4699
6,6,9,9,485,4699
5,3,9,9,485,4699
5,7,9,9,485,4699
4,2,9,9,485,4699
4,8,9,9,485,4699
3,1,9,9,485,4699
3,9,9,9,485,4699
2,0,9,9,485,4699
8,5,9,9,485,4699
7,4,9,9,485,4699
7,6,9,9,485,4699
6,3,9,9,485,4699
6,7,9,9,485,4699
5,2,9,9,485,4699
5,8,9,9,485,4699
4,1,9,9,485,4699
4,9,9,9,485,4699
3,0,9,9,485,4699
9,5,9,9,485,4699
8,4,9,9,485,4699
8,6,9,9,485,4699
7,3,9,9,485,4699
7,7,9,9,485,4699
6,2,9,9,485,4699
6,8,9,9,485,4699
5,1,9,9,485,4699
5,9,9,9,485,4699
4,0,9,9,485,4699
9,4,9,9,485,4699
9,6,9,9,485,4699
9,3,9,9,485,4699
9,7,9,9,485,4699
8,2,9,9,485,4699
8,8,9,9,485,4699
7,1,9,9,485,4699
7,9,9,9,485,4699
6,0,9,9,485,4699
6,9,9,9,485,4699
5,0,9,9,485,4699
8,3,9,9,485,4699
8,7,9,9,485,4699
9,2,9,9,485,4699
9,8,9,9,485,4699
9,1,9,9,485,4699
9,9,9,9,485,4699
8,0,9,9,485,4699
8,9,9,9,485,4699
7,0,9,9,485,4699
7,8,9,9,485,4699
6,1,9,9,485,4699
0,6,9,9,486,4399
1,6,9,9,486,4399
0,5,9,9,486,4399
0,7,9,9,486,4399
2,6,9,9,486,4399
1,5,9,9,486,4399
1,7,9,9,486,4399
0,4,9,9,486,4399
0,8,9,9,486,4399
3,6,9,9,486,4399
2,5,9,9,486,4399
2,7,9,9,486,4399
1,4,9,9,486,4399
1,8,9,9,486,4399
0,3,9,9,486,4399
0,9,9,9,486,4399
4,6,9,9,486,4399
3,5,9,9,486,4399
3,7,9,9,486,4399
2,4,9,9,486,4399
2,8,9,9,486,4399
1,3,9,9,486,4399
1,9,9,9,486,4399
0,2,9,9,486,4399
5,6,9,9,486,4399
4,5,9,9,486,4399
4,7,9,9,486,4399
3,4,9,9,486,4399
3,8,9,9,486,4399
2,3,9,9,486,4399
2,9,9,9,486,4399
1,2,9,9,486,4399
0,1,9,9,486,4399
6,6,9,9,486,4399
5,5,9,9,486,4399
5,7,9,9,486,4399
4,4,9,9,486,4399
4,8,9,9,486,4399
3,3,9,9,486,4399
3,9,9,9,486,4399
2,2,9,9,486,4399
1,1,9,9,486,4399
0,0,9,9,486,4399
7,6,9,9,486,4399
6,5,9,9,486,4399
6,7,9,9,486,4399
5,4,9,9,486,4399
5,8,9,9,486,4399
4,3,9,9,486,4399
4,9,9,9,486,4399
3,2,9,9,486,4399
2,1,9,9,486,4399
1,0,9,9,486,4399
8,6,9,9,486,4399
7,5,9,9,486,4399
7,7,9,9,486,4399
6,4,9,9,486,4399
6,8,9,9,486,4399
5,3,9,9,486,4399
5,9,9,9,486,4399
4,2,9,9,486,4399
3,1,9,9,486,4399
2,0,9,9,486,4399
9,6,9,9,486,4399
9,5,9,9,486,4399
9,7,9,9,486,4399
8,4,9,9,486,4399
8,8,9,9,486,4399
7,3,9,9,486,4399
7,9,9,9,486,4399
6,2,9,9,486,4399
6,9,9,9,486,4399
5,1,9,9,486,4399
4,0,9,9,486,4399
3,0,9,9,486,4399
8,5,9,9,486,4399
8,7,9,9,486,4399
9,4,9,9,486,4399
9,8,9,9,486,4399
9,3,9,9,486,4399
9,9,9,9,486,4399
8,2,9,9,486,4399
8,9,9,9,486,4399
7,1,9,9,486,4399
7,8,9,9,486,4399
6,0,9,9,486,4399
5,0,9,9,486,4399
4,1,9,9,486,4399
0,7,7,9,487,3960
1,7,7,9,487,3960
0,6,7,9,487,3960
0,8,7,9,487,3960
2,7,7,9,487,3960
1,6,7,9,487,3960
1,8,7,9,487,3960
0,5,7,9,487,3960
0,9,7,9,487,3960
3,7,7,9,487,3960
2,6,7,9,487,3960
2,8,7,9,487,3960
1,5,7,9,487,3960
1,9,7,9,487,3960
0,4,7,9,487,3960
4,7,7,9,487,3960
3,6,7,9,487,3960
3,8,7,9,487,3960
2,5,7,9,487,3960
2,9,7,9,487,3960
1,4,7,9,487,3960
0,3,7,9,487,3960
5,7,7,9,487,3960
4,6,7,9,487,3960
4,8,7,9,487,3960
3,5,7,9,487,3960
3,9,7,9,487,3960
2,4,7,9,487,3960
1,3,7,9,487,3960
0,2,7,9,487,3960
6,7,7,9,487,3960
5,6,7,9,487,3960
5,8,7,9,487,3960
4,5,7,9,487,3960
4,9,7,9,487,3960
3,4,7,9,487,3960
2,3,7,9,487,3960
1,2,7,9,487,3960
0,1,7,9,487,3960
7,7,7,9,487,3960
6,6,7,9,487,3960
6,8,7,9,487,3960
5,5,7,9,487,3960
5,9,7,9,487,3960
4,4,7,9,487,3960
3,3,7,9,487,3960
2,2,7,9,487,3960
1,1,7,9,487,3960
0,0,7,9,487,3960
9,7,7,9,487,3960
8,6,7,9,487,3960
8,8,7,9,487,3960
7,5,7,9,487,3960
7,9,7,9,487,3960
6,4,7,9,487,3960
6,9,7,9,487,3960
5,3,7,9,487,3960
4,2,7,9,487,3960
3,1,7,9,487,3960
2,0,7,9,487,3960
1,0,7,9,487,3960
8,7,7,9,487,3960
9,6,7,9,487,3960
9,8,7,9,487,3960
9,5,7,9,487,3960
9,9,7,9,487,3960
8,4,7,9,487,3960
8,9,7,9,487,3960
7,3,7,9,487,3960
7,8,7,9,487,3960
6,2,7,9,487,3960
5,1,7,9,487,3960
4,0,7,9,487,3960
3,0,7,9,487,3960
2,1,7,9,487,3960
0,8,5,7,488,3745
1,8,5,7,488,3745
0,7,5,7,488,3745
0,9,5,7,488,3745
2,8,5,7,488,3745
1,7,5,7,488,3745
1,9,5,7,488,3745
0,6,5,7,488,3745
3,8,5,7,488,3745
2,7,5,7,488,3745
2,9,5,7,488,3745
1,6,5,7,488,3745
0,5,5,7,488,3745
4,8,5,7,488,3745
3,7,5,7,488,3745
3,9,5,7,488,3745
2,6,5,7,488,3745
1,5,5,7,488,3745
0,4,5,7,488,3745
5,8,5,7,488,3745
4,7,5,7,488,3745
4,9,5,7,488,3745
3,6,5,7,488,3745
2,5,5,7,488,3745
1,4,5,7,488,3745
0,3,5,7,488,3745
6,8,5,7,488,3745
5,7,5,7,488,3745
5,9,5,7,488,3745
4,6,5,7,488,3745
3,5,5,7,488,3745
2,4,5,7,488,3745
1,3,5,7,488,3745
0,2,5,7,488,3745
8,8,5,7,488,3745
7,7,5,7,488,3745
7,9,5,7,488,3745
6,6,5,7,488,3745
6,9,5,7,488,3745
5,5,5,7,488,3745
4,4,5,7,488,3745
3,3,5,7,488,3745
2,2,5,7,488,3745
1,1,5,7,488,3745
9,8,5,7,488,3745
9,7,5,7,488,3745
9,9,5,7,488,3745
8,6,5,7,488,3745
8,9,5,7,488,3745
7,5,5,7,488,3745
7,8,5,7,488,3745
6,4,5,7,488,3745
6,7,5,7,488,3745
5,3,5,7,488,3745
5,6,5,7,488,3745
4,2,5,7,488,3745
4,5,5,7,488,3745
3,1,5,7,488,3745
3,4,5,7,488,3745
2,0,5,7,488,3745
2,3,5,7,488,3745
0,6,9,9,489,4694
1,6,9,9,489,4694
0,5,9,9,489,4694
0,7,9,9,489,4694
2,6,9,9,489,4694
1,5,9,9,489,4694
1,7,9,9,489,4694
0,4,9,9,489,4694
0,8,9,9,489,4694
3,6,9,9,489,4694
2,5,9,9,489,4694
2,7,9,9,489,4694
1,4,9,9,489,4694
1,8,9,9,489,4694
0,3,9,9,489,4694
0,9,9,9,489,4694
4,6,9,9,489,4694
3,5,9,9,489,4694
3,7,9,9,489,4694
2,4,9,9,489,4694
2,8,9,9,489,4694
1,3,9,9,489,4694
1,9,9,9,489,4694
0,2,9,9,489,4694
5,6,9,9,489,4694
4,5,9,9,489,4694
4,7,9,9,489,4694
3,4,9,9,489,4694
3,8,9,9,489,4694
2,3,9,9,489,4694
2,9,9,9,489,4694
1,2,9,9,489,4694
0,1,9,9,489,4694
6,6,9,9,489,4694
5,5,9,9,489,4694
5,7,9,9,489,4694
4,4,9,9,489,4694
4,8,9,9,489,4694
3,3,9,9,489,4694
3,9,9,9,489,4694
2,2,9,9,489,4694
1,1,9,9,489,4694
0,0,9,9,489,4694
7,6,9,9,489,4694
6,5,9,9,489,4694
6,7,9,9,489,4694
5,4,9,9,489,4694
5,8,9,9,489,4694
4,3,9,9,489,4694
4,9,9,9,489,4694
3,2,9,9,489,4694
2,1,9,9,489,4694
1,0,9,9,489,4694
8,6,9,9,489,4694
7,5,9,9,489,4694
7,7,9,9,489,4694
6,4,9,9,489,4694
6,8,9,9,489,4694
5,3,9,9,489,4694
5,9,9,9,489,4694
4,2,9,9,489,4694
3,1,9,9,489,4694
2,0,9,9,489,4694
9,6,9,9,489,4694
8,5,9,9,489,4694
8,7,9,9,489,4694
7,4,9,9,489,4694
7,8,9,9,489,4694
6,3,9,9,489,4694
6,9,9,9,489,4694
5,2,9,9,489,4694
4,1,9,9,489,4694
3,0,9,9,489,4694
9,5,9,9,489,4694
9,7,9,9,489,4694
8,4,9,9,489,4694
8,8,9,9,489,4694
7,3,9,9,489,4694
7,9,9,9,489,4694
6,2,9,9,489,4694
5,1,9,9,489,4694
4,0,9,9,489,4694
9,4,9,9,489,4694
9,8,9,9,489,4694
9,3,9,9,489,4694
9,9,9,9,489,4694
8,2,9,9,489,4694
8,9,9,9,489,4694
7,1,9,9,489,4694
6,0,9,9,489,4694
5,0,9,9,489,4694
0,7,7,9,490,4282
1,7,7,9,490,4282
0,6,7,9,490,4282
0,8,7,9,490,4282
2,7,7,9,490,4282
1,6,7,9,490,4282
1,8,7,9,490,4282
0,5,7,9,490,4282
0,9,7,9,490,4282
3,7,7,9,490,4282
2,6,7,9,490,4282
2,8,7,9,490,4282
1,5,7,9,490,4282
1,9,7,9,490,4282
0,4,7,9,490,4282
4,7,7,9,490,4282
3,6,7,9,490,4282
3,8,7,9,490,4282
2,5,7,9,490,4282
2,9,7,9,490,4282
1,4,7,9,490,4282
0,3,7,9,490,4282
5,7,7,9,490,4282
4,6,7,9,490,4282
4,8,7,9,490,4282
3,5,7,9,490,4282
3,9,7,9,490,4282
2,4,7,9,490,4282
1,3,7,9,490,4282
0,2,7,9,490,4282
6,7,7,9,490,4282
5,6,7,9,490,4282
5,8,7,9,490,4282
4,5,7,9,490,4282
4,9,7,9,490,4282
3,4,7,9,490,4282
2,3,7,9,490,4282
1,2,7,9,490,4282
0,1,7,9,490,4282
7,7,7,9,490,4282
6,6,7,9,490,4282
6,8,7,9,490,4282
5,5,7,9,490,4282
5,9,7,9,490,4282
4,4,7,9,490,4282
3,3,7,9,490,4282
2,2,7,9,490,4282
1,1,7,9,490,4282
0,0,7,9,490,4282
8,7,7,9,490,4282
7,6,7,9,490,4282
7,8,7,9,490,4282
6,5,7,9,490,4282
6,9,7,9,490,4282
5,4,7,9,490,4282
4,3,7,9,490,4282
3,2,7,9,490,4282
2,1,7,9,490,4282
1,0,7,9,490,4282
9,7,7,9,490,4282
8,6,7,9,490,4282
8,8,7,9,490,4282
7,5,7,9,490,4282
7,9,7,9,490,4282
6,4,7,9,490,4282
5,3,7,9,490,4282
4,2,7,9,490,4282
3,1,7,9,490,4282
2,0,7,9,490,4282
9,6,7,9,490,4282
9,8,7,9,490,4282
9,5,7,9,490,4282
9,9,7,9,490,4282
8,4,7,9,490,4282
8,9,7,9,490,4282
7,3,7,9,490,4282
6,2,7,9,490,4282
5,1,7,9,490,4282
4,0,7,9,490,4282
3,0,7,9,490,4282
0,8,7,7,491,4083
1,8,7,7,491,4083
0,7,7,7,491,4083
0,9,7,7,491,4083
2,8,7,7,491,4083
1,7,7,7,491,4083
1,9,7,7,491,4083
0,6,7,7,491,4083
3,8,7,7,491,4083
2,7,7,7,491,4083
2,9,7,7,491,4083
1,6,7,7,491,4083
0,5,7,7,491,4083
4,8,7,7,491,4083
3,7,7,7,491,4083
3,9,7,7,491,4083
2,6,7,7,491,4083
1,5,7,7,491,4083
0,4,7,7,491,4083
5,8,7,7,491,4083
4,7,7,7,491,4083
4,9,7,7,491,4083
3,6,7,7,491,4083
2,5,7,7,491,4083
1,4,7,7,491,4083
0,3,7,7,491,4083
6,8,7,7,491,4083
5,7,7,7,491,4083
5,9,7,7,491,4083
4,6,7,7,491,4083
3,5,7,7,491,4083
2,4,7,7,491,4083
1,3,7,7,491,4083
0,2,7,7,491,4083
7,8,7,7,491,4083
6,7,7,7,491,4083
6,9,7,7,491,4083
5,6,7,7,491,4083
4,5,7,7,491,4083
3,4,7,7,491,4083
2,3,7,7,491,4083
1,2,7,7,491,4083
0,1,7,7,491,4083
8,8,7,7,491,4083
7,7,7,7,491,4083
7,9,7,7,491,4083
6,6,7,7,491,4083
5,5,7,7,491,4083
4,4,7,7,491,4083
3,3,7,7,491,4083
2,2,7,7,491,4083
1,1,7,7,491,4083
0,0,7,7,491,4083
9,8,7,7,491,4083
9,7,7,7,491,4083
9,9,7,7,491,4083
8,6,7,7,491,4083
8,9,7,7,491,4083
7,5,7,7,491,4083
6,4,7,7,491,4083
5,3,7,7,491,4083
4,2,7,7,491,4083
3,1,7,7,491,4083
2,0,7,7,491,4083
1,0,7,7,491,4083
0,9,5,7,492,3751
1,9,5,7,492,3751
0,8,5,7,492,3751
2,9,5,7,492,3751
1,8,5,7,492,3751
0,7,5,7,492,3751
3,9,5,7,492,3751
2,8,5,7,492,3751
1,7,5,7,492,3751
0,6,5,7,492,3751
4,9,5,7,492,3751
3,8,5,7,492,3751
2,7,5,7,492,3751
1,6,5,7,492,3751
0,5,5,7,492,3751
5,9,5,7,492,3751
4,8,5,7,492,3751
3,7,5,7,492,3751
2,6,5,7,492,3751
1,5,5,7,492,3751
0,4,5,7,492,3751
6,9,5,7,492,3751
5,8,5,7,492,3751
4,7,5,7,492,3751
3,6,5,7,492,3751
2,5,5,7,492,3751
1,4,5,7,492,3751
0,3,5,7,492,3751
7,9,5,7,492,3751
6,8,5,7,492,3751
5,7,5,7,492,3751
4,6,5,7,492,3751
3,5,5,7,492,3751
2,4,5,7,492,3751
1,3,5,7,492,3751
0,2,5,7,492,3751
9,9,5,7,492,3751
8,8,5,7,492,3751
8,9,5,7,492,3751
7,7,5,7,492,3751
7,8,5,7,492,3751
6,6,5,7,492,3751
6,7,5,7,492,3751
5,5,5,7,492,3751
5,6,5,7,492,3751
4,4,5,7,492,3751
4,5,5,7,492,3751
3,3,5,7,492,3751
3,4,5,7,492,3751
2,2,5,7,492,3751
2,3,5,7,492,3751
1,1,5,7,492,3751
1,2,5,7,492,3751
0,8,7,7,493,4408
1,8,7,7,493,4408
0,7,7,7,493,4408
0,9,7,7,493,4408
2,8,7,7,493,4408
1,7,7,7,493,4408
1,9,7,7,493,4408
0,6,7,7,493,4408
3,8,7,7,493,4408
2,7,7,7,493,4408
2,9,7,7,493,4408
1,6,7,7,493,4408
0,5,7,7,493,4408
4,8,7,7,493,4408
3,7,7,7,493,4408
3,9,7,7,493,4408
2,6,7,7,493,4408
1,5,7,7,493,4408
0,4,7,7,493,4408
5,8,7,7,493,4408
4,7,7,7,493,4408
4,9,7,7,493,4408
3,6,7,7,493,4408
2,5,7,7,493,4408
1,4,7,7,493,4408
0,3,7,7,493,4408
6,8,7,7,493,4408
5,7,7,7,493,4408
5,9,7,7,493,4408
4,6,7,7,493,4408
3,5,7,7,493,4408
2,4,7,7,493,4408
1,3,7,7,493,4408
0,2,7,7,493,4408
7,8,7,7,493,4408
6,7,7,7,493,4408
6,9,7,7,493,4408
5,6,7,7,493,4408
4,5,7,7,493,4408
3,4,7,7,493,4408
2,3,7,7,493,4408
1,2,7,7,493,4408
0,1,7,7,493,4408
8,8,7,7,493,4408
7,7,7,7,493,4408
7,9,7,7,493,4408
6,6,7,7,493,4408
5,5,7,7,493,4408
4,4,7,7,493,4408
3,3,7,7,493,4408
2,2,7,7,493,4408
1,1,7,7,493,4408
0,0,7,7,493,4408
9,8,7,7,493,4408
8,7,7,7,493,4408
8,9,7,7,493,4408
7,6,7,7,493,4408
6,5,7,7,493,4408
5,4,7,7,493,4408
4,3,7,7,493,4408
3,2,7,7,493,4408
2,1,7,7,493,4408
1,0,7,7,493,4408
9,7,7,7,493,4408
9,9,7,7,493,4408
8,6,7,7,493,4408
7,5,7,7,493,4408
6,4,7,7,493,4408
5,3,7,7,493,4408
4,2,7,7,493,4408
3,1,7,7,493,4408
2,0,7,7,493,4408
0,9,5,7,494,4105
1,9,5,7,494,4105
0,8,5,7,494,4105
2,9,5,7,494,4105
1,8,5,7,494,4105
0,7,5,7,494,4105
3,9,5,7,494,4105
2,8,5,7,494,4105
1,7,5,7,494,4105
0,6,5,7,494,4105
4,9,5,7,494,4105
3,8,5,7,494,4105
2,7,5,7,494,4105
1,6,5,7,494,4105
0,5,5,7,494,4105
5,9,5,7,494,4105
4,8,5,7,494,4105
3,7,5,7,494,4105
2,6,5,7,494,4105
1,5,5,7,494,4105
0,4,5,7,494,4105
6,9,5,7,494,4105
5,8,5,7,494,4105
4,7,5,7,494,4105
3,6,5,7,494,4105
2,5,5,7,494,4105
1,4,5,7,494,4105
0,3,5,7,494,4105
7,9,5,7,494,4105
6,8,5,7,494,4105
5,7,5,7,494,4105
4,6,5,7,494,4105
3,5,5,7,494,4105
2,4,5,7,494,4105
1,3,5,7,494,4105
0,2,5,7,494,4105
8,9,5,7,494,4105
7,8,5,7,494,4105
6,7,5,7,494,4105
5,6,5,7,494,4105
4,5,5,7,494,4105
3,4,5,7,494,4105
2,3,5,7,494,4105
1,2,5,7,494,4105
0,1,5,7,494,4105
9,9,5,7,494,4105
8,8,5,7,494,4105
7,7,5,7,494,4105
6,6,5,7,494,4105
5,5,5,7,494,4105
4,4,5,7,494,4105
3,3,5,7,494,4105
2,2,5,7,494,4105
1,1,5,7,494,4105
0,0,5,7,494,4105
2,2,6,6,495,3385
4,2,6,6,495,3385
3,1,6,6,495,3385
3,3,6,6,495,3385
6,2,6,6,495,3385
5,1,6,6,495,3385
5,3,6,6,495,3385
4,0,6,6,495,3385
4,4,6,6,495,3385
8,2,6,6,495,3385
7,1,6,6,495,3385
7,3,6,6,495,3385
6,0,6,6,495,3385
6,4,6,6,495,3385
5,0,6,6,495,3385
5,5,6,6,495,3385
9,2,6,6,495,3385
9,1,6,6,495,3385
9,3,6,6,495,3385
8,0,6,6,495,3385
8,4,6,6,495,3385
7,0,6,6,495,3385
7,5,6,6,495,3385
6,1,6,6,495,3385
6,6,6,6,495,3385
7,2,6,6,495,3385
8,1,6,6,495,3385
8,3,6,6,495,3385
9,0,6,6,495,3385
9,4,6,6,495,3385
9,5,6,6,495,3385
8,6,6,6,495,3385
7,7,6,6,495,3385
5,2,6,6,495,3385
6,3,6,6,495,3385
7,4,6,6,495,3385
8,5,6,6,495,3385
9,6,6,6,495,3385
9,7,6,6,495,3385
8,8,6,6,495,3385
3,2,6,6,495,3385
4,1,6,6,495,3385
4,3,6,6,495,3385
5,4,6,6,495,3385
6,5,6,6,495,3385
7,6,6,6,495,3385
8,7,6,6,495,3385
9,8,6,6,495,3385
9,9,6,6,495,3385
3,3,6,6,496,2995
5,3,6,6,496,2995
4,2,6,6,496,2995
4,4,6,6,496,2995
7,3,6,6,496,2995
6,2,6,6,496,2995
6,4,6,6,496,2995
5,1,6,6,496,2995
5,5,6,6,496,2995
9,3,6,6,496,2995
8,2,6,6,496,2995
8,4,6,6,496,2995
7,1,6,6,496,2995
7,5,6,6,496,2995
6,0,6,6,496,2995
6,6,6,6,496,2995
8,3,6,6,496,2995
9,2,6,6,496,2995
9,4,6,6,496,2995
9,1,6,6,496,2995
9,5,6,6,496,2995
8,0,6,6,496,2995
8,6,6,6,496,2995
7,0,6,6,496,2995
7,7,6,6,496,2995
6,3,6,6,496,2995
7,2,6,6,496,2995
7,4,6,6,496,2995
8,1,6,6,496,2995
8,5,6,6,496,2995
9,0,6,6,496,2995
9,6,6,6,496,2995
9,7,6,6,496,2995
8,8,6,6,496,2995
4,3,6,6,496,2995
5,2,6,6,496,2995
5,4,6,6,496,2995
6,1,6,6,496,2995
6,5,6,6,496,2995
7,6,6,6,496,2995
8,7,6,6,496,2995
9,8,6,6,496,2995
9,9,6,6,496,2995
1,3,7,7,497,3381
3,3,7,7,497,3381
2,2,7,7,497,3381
2,4,7,7,497,3381
5,3,7,7,497,3381
4,2,7,7,497,3381
4,4,7,7,497,3381
3,1,7,7,497,3381
3,5,7,7,497,3381
7,3,7,7,497,3381
6,2,7,7,497,3381
6,4,7,7,497,3381
5,1,7,7,497,3381
5,5,7,7,497,3381
4,0,7,7,497,3381
4,6,7,7,497,3381
9,3,7,7,497,3381
8,2,7,7,497,3381
8,4,7,7,497,3381
7,1,7,7,497,3381
7,5,7,7,497,3381
6,0,7,7,497,3381
6,6,7,7,497,3381
5,0,7,7,497,3381
5,7,7,7,497,3381
8,3,7,7,497,3381
9,2,7,7,497,3381
9,4,7,7,497,3381
9,1,7,7,497,3381
9,5,7,7,497,3381
8,0,7,7,497,3381
8,6,7,7,497,3381
7,0,7,7,497,3381
7,7,7,7,497,3381
6,1,7,7,497,3381
6,8,7,7,497,3381
6,3,7,7,497,3381
7,2,7,7,497,3381
7,4,7,7,497,3381
8,1,7,7,497,3381
8,5,7,7,497,3381
9,0,7,7,497,3381
9,6,7,7,497,3381
9,7,7,7,497,3381
8,8,7,7,497,3381
7,9,7,7,497,3381
4,3,7,7,497,3381
5,2,7,7,497,3381
5,4,7,7,497,3381
6,5,7,7,497,3381
7,6,7,7,497,3381
8,7,7,7,497,3381
9,8,7,7,497,3381
9,9,7,7,497,3381
8,9,7,7,497,3381
2,4,7,7,498,2992
4,4,7,7,498,2992
3,3,7,7,498,2992
3,5,7,7,498,2992
6,4,7,7,498,2992
5,3,7,7,498,2992
5,5,7,7,498,2992
4,2,7,7,498,2992
4,6,7,7,498,2992
8,4,7,7,498,2992
7,3,7,7,498,2992
7,5,7,7,498,2992
6,2,7,7,498,2992
6,6,7,7,498,2992
5,1,7,7,498,2992
5,7,7,7,498,2992
9,4,7,7,498,2992
9,3,7,7,498,2992
9,5,7,7,498,2992
8,2,7,7,498,2992
8,6,7,7,498,2992
7,1,7,7,498,2992
7,7,7,7,498,2992
6,0,7,7,498,2992
6,8,7,7,498,2992
7,4,7,7,498,2992
8,3,7,7,498,2992
8,5,7,7,498,2992
9,2,7,7,498,2992
9,6,7,7,498,2992
9,1,7,7,498,2992
9,7,7,7,498,2992
8,0,7,7,498,2992
8,8,7,7,498,2992
7,0,7,7,498,2992
7,9,7,7,498,2992
5,4,7,7,498,2992
6,3,7,7,498,2992
6,5,7,7,498,2992
7,2,7,7,498,2992
7,6,7,7,498,2992
8,1,7,7,498,2992
8,7,7,7,498,2992
9,0,7,7,498,2992
9,8,7,7,498,2992
9,9,7,7,498,2992
8,9,7,7,498,2992
0,4,7,9,499,3377
2,4,7,9,499,3377
1,3,7,9,499,3377
1,5,7,9,499,3377
4,4,7,9,499,3377
3,3,7,9,499,3377
3,5,7,9,499,3377
2,2,7,9,499,3377
2,6,7,9,499,3377
6,4,7,9,499,3377
5,3,7,9,499,3377
5,5,7,9,499,3377
4,2,7,9,499,3377
4,6,7,9,499,3377
3,1,7,9,499,3377
3,7,7,9,499,3377
8,4,7,9,499,3377
7,3,7,9,499,3377
7,5,7,9,499,3377
6,2,7,9,499,3377
6,6,7,9,499,3377
5,1,7,9,499,3377
5,7,7,9,499,3377
4,0,7,9,499,3377
4,8,7,9,499,3377
9,4,7,9,499,3377
9,3,7,9,499,3377
9,5,7,9,499,3377
8,2,7,9,499,3377
8,6,7,9,499,3377
7,1,7,9,499,3377
7,7,7,9,499,3377
6,0,7,9,499,3377
6,8,7,9,499,3377
5,0,7,9,499,3377
5,9,7,9,499,3377
7,4,7,9,499,3377
8,3,7,9,499,3377
8,5,7,9,499,3377
9,2,7,9,499,3377
9,6,7,9,499,3377
9,1,7,9,499,3377
9,7,7,9,499,3377
8,0,7,9,499,3377
8,8,7,9,499,3377
7,0,7,9,499,3377
7,9,7,9,499,3377
6,1,7,9,499,3377
6,9,7,9,499,3377
5,4,7,9,499,3377
6,3,7,9,499,3377
6,5,7,9,499,3377
7,2,7,9,499,3377
7,6,7,9,499,3377
8,1,7,9,499,3377
8,7,7,9,499,3377
9,0,7,9,499,3377
9,8,7,9,499,3377
9,9,7,9,499,3377
8,9,7,9,499,3377
7,8,7,9,499,3377
1,5,7,9,500,2989
3,5,7,9,500,2989
2,4,7,9,500,2989
2,6,7,9,500,2989
5,5,7,9,500,2989
4,4,7,9,500,2989
4,6,7,9,500,2989
3,3,7,9,500,2989
3,7,7,9,500,2989
7,5,7,9,500,2989
6,4,7,9,500,2989
6,6,7,9,500,2989
5,3,7,9,500,2989
5,7,7,9,500,2989
4,2,7,9,500,2989
4,8,7,9,500,2989
9,5,7,9,500,2989
8,4,7,9,500,2989
8,6,7,9,500,2989
7,3,7,9,500,2989
7,7,7,9,500,2989
6,2,7,9,500,2989
6,8,7,9,500,2989
5,1,7,9,500,2989
5,9,7,9,500,2989
8,5,7,9,500,2989
9,4,7,9,500,2989
9,6,7,9,500,2989
9,3,7,9,500,2989
9,7,7,9,500,2989
8,2,7,9,500,2989
8,8,7,9,500,2989
7,1,7,9,500,2989
7,9,7,9,500,2989
6,0,7,9,500,2989
6,9,7,9,500,2989
6,5,7,9,500,2989
7,4,7,9,500,2989
7,6,7,9,500,2989
8,3,7,9,500,2989
8,7,7,9,500,2989
9,2,7,9,500,2989
9,8,7,9,500,2989
9,1,7,9,500,2989
9,9,7,9,500,2989
8,0,7,9,500,2989
8,9,7,9,500,2989
7,0,7,9,500,2989
7,8,7,9,500,2989
0,5,9,9,501,3381
1,5,9,9,501,3381
0,4,9,9,501,3381
0,6,9,9,501,3381
3,5,9,9,501,3381
2,4,9,9,501,3381
2,6,9,9,501,3381
1,3,9,9,501,3381
1,7,9,9,501,3381
5,5,9,9,501,3381
4,4,9,9,501,3381
4,6,9,9,501,3381
3,3,9,9,501,3381
3,7,9,9,501,3381
2,2,9,9,501,3381
2,8,9,9,501,3381
7,5,9,9,501,3381
6,4,9,9,501,3381
6,6,9,9,501,3381
5,3,9,9,501,3381
5,7,9,9,501,3381
4,2,9,9,501,3381
4,8,9,9,501,3381
3,1,9,9,501,3381
3,9,9,9,501,3381
9,5,9,9,501,3381
8,4,9,9,501,3381
8,6,9,9,501,3381
7,3,9,9,501,3381
7,7,9,9,501,3381
6,2,9,9,501,3381
6,8,9,9,501,3381
5,1,9,9,501,3381
5,9,9,9,501,3381
4,0,9,9,501,3381
4,9,9,9,501,3381
8,5,9,9,501,3381
9,4,9,9,501,3381
9,6,9,9,501,3381
9,3,9,9,501,3381
9,7,9,9,501,3381
8,2,9,9,501,3381
8,8,9,9,501,3381
7,1,9,9,501,3381
7,9,9,9,501,3381
6,0,9,9,501,3381
6,9,9,9,501,3381
5,0,9,9,501,3381
5,8,9,9,501,3381
6,5,9,9,501,3381
7,4,9,9,501,3381
7,6,9,9,501,3381
8,3,9,9,501,3381
8,7,9,9,501,3381
9,2,9,9,501,3381
9,8,9,9,501,3381
9,1,9,9,501,3381
9,9,9,9,501,3381
8,0,9,9,501,3381
8,9,9,9,501,3381
7,0,9,9,501,3381
7,8,9,9,501,3381
6,1,9,9,501,3381
6,7,9,9,501,3381
0,6,9,9,502,2992
2,6,9,9,502,2992
1,5,9,9,502,2992
1,7,9,9,502,2992
4,6,9,9,502,2992
3,5,9,9,502,2992
3,7,9,9,502,2992
2,4,9,9,502,2992
2,8,9,9,502,2992
6,6,9,9,502,2992
5,5,9,9,502,2992
5,7,9,9,502,2992
4,4,9,9,502,2992
4,8,9,9,502,2992
3,3,9,9,502,2992
3,9,9,9,502,2992
8,6,9,9,502,2992
7,5,9,9,502,2992
7,7,9,9,502,2992
6,4,9,9,502,2992
6,8,9,9,502,2992
5,3,9,9,502,2992
5,9,9,9,502,2992
4,2,9,9,502,2992
4,9,9,9,502,2992
9,6,9,9,502,2992
9,5,9,9,502,2992
9,7,9,9,502,2992
8,4,9,9,502,2992
8,8,9,9,502,2992
7,3,9,9,502,2992
7,9,9,9,502,2992
6,2,9,9,502,2992
6,9,9,9,502,2992
5,1,9,9,502,2992
5,8,9,9,502,2992
7,6,9,9,502,2992
8,5,9,9,502,2992
8,7,9,9,502,2992
9,4,9,9,502,2992
9,8,9,9,502,2992
9,3,9,9,502,2992
9,9,9,9,502,2992
8,2,9,9,502,2992
8,9,9,9,502,2992
7,1,9,9,502,2992
7,8,9,9,502,2992
6,0,9,9,502,2992
6,7,9,9,502,2992
0,6,9,9,503,3381
1,6,9,9,503,3381
0,5,9,9,503,3381
0,7,9,9,503,3381
2,6,9,9,503,3381
1,5,9,9,503,3381
1,7,9,9,503,3381
0,4,9,9,503,3381
0,8,9,9,503,3381
4,6,9,9,503,3381
3,5,9,9,503,3381
3,7,9,9,503,3381
2,4,9,9,503,3381
2,8,9,9,503,3381
1,3,9,9,503,3381
1,9,9,9,503,3381
6,6,9,9,503,3381
5,5,9,9,503,3381
5,7,9,9,503,3381
4,4,9,9,503,3381
4,8,9,9,503,3381
3,3,9,9,503,3381
3,9,9,9,503,3381
2,2,9,9,503,3381
2,9,9,9,503,3381
8,6,9,9,503,3381
7,5,9,9,503,3381
7,7,9,9,503,3381
6,4,9,9,503,3381
6,8,9,9,503,3381
5,3,9,9,503,3381
5,9,9,9,503,3381
4,2,9,9,503,3381
4,9,9,9,503,3381
3,1,9,9,503,3381
3,8,9,9,503,3381
9,6,9,9,503,3381
9,5,9,9,503,3381
9,7,9,9,503,3381
8,4,9,9,503,3381
8,8,9,9,503,3381
7,3,9,9,503,3381
7,9,9,9,503,3381
6,2,9,9,503,3381
6,9,9,9,503,3381
5,1,9,9,503,3381
5,8,9,9,503,3381
4,0,9,9,503,3381
4,7,9,9,503,3381
7,6,9,9,503,3381
8,5,9,9,503,3381
8,7,9,9,503,3381
9,4,9,9,503,3381
9,8,9,9,503,3381
9,3,9,9,503,3381
9,9,9,9,503,3381
8,2,9,9,503,3381
8,9,9,9,503,3381
7,1,9,9,503,3381
7,8,9,9,503,3381
6,0,9,9,503,3381
6,7,9,9,503,3381
5,0,9,9,503,3381
5,6,9,9,503,3381
0,7,9,9,504,2990
1,7,9,9,504,2990
0,6,9,9,504,2990
0,8,9,9,504,2990
3,7,9,9,504,2990
2,6,9,9,504,2990
2,8,9,9,504,2990
1,5,9,9,504,2990
1,9,9,9,504,2990
5,7,9,9,504,2990
4,6,9,9,504,2990
4,8,9,9,504,2990
3,5,9,9,504,2990
3,9,9,9,504,2990
2,4,9,9,504,2990
2,9,9,9,504,2990
7,7,9,9,504,2990
6,6,9,9,504,2990
6,8,9,9,504,2990
5,5,9,9,504,2990
5,9,9,9,504,2990
4,4,9,9,504,2990
4,9,9,9,504,2990
3,3,9,9,504,2990
3,8,9,9,504,2990
9,7,9,9,504,2990
8,6,9,9,504,2990
8,8,9,9,504,2990
7,5,9,9,504,2990
7,9,9,9,504,2990
6,4,9,9,504,2990
6,9,9,9,504,2990
5,3,9,9,504,2990
5,8,9,9,504,2990
4,2,9,9,504,2990
4,7,9,9,504,2990
8,7,9,9,504,2990
9,6,9,9,504,2990
9,8,9,9,504,2990
9,5,9,9,504,2990
9,9,9,9,504,2990
8,4,9,9,504,2990
8,9,9,9,504,2990
7,3,9,9,504,2990
7,8,9,9,504,2990
6,2,9,9,504,2990
6,7,9,9,504,2990
5,1,9,9,504,2990
5,6,9,9,504,2990
0,7,9,9,505,3378
1,7,9,9,505,3378
0,6,9,9,505,3378
0,8,9,9,505,3378
2,7,9,9,505,3378
1,6,9,9,505,3378
1,8,9,9,505,3378
0,5,9,9,505,3378
0,9,9,9,505,3378
3,7,9,9,505,3378
2,6,9,9,505,3378
2,8,9,9,505,3378
1,5,9,9,505,3378
1,9,9,9,505,3378
0,4,9,9,505,3378
5,7,9,9,505,3378
4,6,9,9,505,3378
4,8,9,9,505,3378
3,5,9,9,505,3378
3,9,9,9,505,3378
2,4,9,9,505,3378
2,9,9,9,505,3378
1,3,9,9,505,3378
7,7,9,9,505,3378
6,6,9,9,505,3378
6,8,9,9,505,3378
5,5,9,9,505,3378
5,9,9,9,505,3378
4,4,9,9,505,3378
4,9,9,9,505,3378
3,3,9,9,505,3378
3,8,9,9,505,3378
2,2,9,9,505,3378
9,7,9,9,505,3378
8,6,9,9,505,3378
8,8,9,9,505,3378
7,5,9,9,505,3378
7,9,9,9,505,3378
6,4,9,9,505,3378
6,9,9,9,505,3378
5,3,9,9,505,3378
5,8,9,9,505,3378
4,2,9,9,505,3378
4,7,9,9,505,3378
3,1,9,9,505,3378
3,6,9,9,505,3378
8,7,9,9,505,3378
9,6,9,9,505,3378
9,8,9,9,505,3378
9,5,9,9,505,3378
9,9,9,9,505,3378
8,4,9,9,505,3378
8,9,9,9,505,3378
7,3,9,9,505,3378
7,8,9,9,505,3378
6,2,9,9,505,3378
6,7,9,9,505,3378
5,1,9,9,505,3378
5,6,9,9,505,3378
4,0,9,9,505,3378
4,5,9,9,505,3378
0,8,4,6,506,3379
1,8,4,6,506,3379
0,7,4,6,506,3379
0,9,4,6,506,3379
2,8,4,6,506,3379
1,7,4,6,506,3379
1,9,4,6,506,3379
0,6,4,6,506,3379
3,8,4,6,506,3379
2,7,4,6,506,3379
2,9,4,6,506,3379
1,6,4,6,506,3379
0,5,4,6,506,3379
4,8,4,6,506,3379
3,7,4,6,506,3379
3,9,4,6,506,3379
2,6,4,6,506,3379
1,5,4,6,506,3379
0,4,4,6,506,3379
6,8,4,6,506,3379
5,7,4,6,506,3379
5,9,4,6,506,3379
4,6,4,6,506,3379
4,9,4,6,506,3379
3,5,4,6,506,3379
2,4,4,6,506,3379
1,3,4,6,506,3379
8,8,4,6,506,3379
7,7,4,6,506,3379
7,9,4,6,506,3379
6,6,4,6,506,3379
6,9,4,6,506,3379
5,5,4,6,506,3379
5,8,4,6,506,3379
4,4,4,6,506,3379
4,7,4,6,506,3379
3,3,4,6,506,3379
3,6,4,6,506,3379
2,2,4,6,506,3379
2,5,4,6,506,3379
9,8,4,6,506,3379
9,7,4,6,506,3379
9,9,4,6,506,3379
8,6,4,6,506,3379
8,9,4,6,506,3379
7,5,4,6,506,3379
7,8,4,6,506,3379
6,4,4,6,506,3379
6,7,4,6,506,3379
5,3,4,6,506,3379
5,6,4,6,506,3379
4,2,4,6,506,3379
4,5,4,6,506,3379
3,1,4,6,506,3379
3,4,4,6,506,3379
0,9,4,6,507,3393
1,9,4,6,507,3393
0,8,4,6,507,3393
2,9,4,6,507,3393
1,8,4,6,507,3393
0,7,4,6,507,3393
3,9,4,6,507,3393
2,8,4,6,507,3393
1,7,4,6,507,3393
0,6,4,6,507,3393
4,9,4,6,507,3393
3,8,4,6,507,3393
2,7,4,6,507,3393
1,6,4,6,507,3393
0,5,4,6,507,3393
5,9,4,6,507,3393
4,8,4,6,507,3393
3,7,4,6,507,3393
2,6,4,6,507,3393
1,5,4,6,507,3393
0,4,4,6,507,3393
7,9,4,6,507,3393
6,8,4,6,507,3393
6,9,4,6,507,3393
5,7,4,6,507,3393
5,8,4,6,507,3393
4,6,4,6,507,3393
4,7,4,6,507,3393
3,5,4,6,507,3393
3,6,4,6,507,3393
2,4,4,6,507,3393
2,5,4,6,507,3393
1,3,4,6,507,3393
1,4,4,6,507,3393
9,9,4,6,507,3393
8,8,4,6,507,3393
8,9,4,6,507,3393
7,7,4,6,507,3393
7,8,4,6,507,3393
6,6,4,6,507,3393
6,7,4,6,507,3393
5,5,4,6,507,3393
5,6,4,6,507,3393
4,4,4,6,507,3393
4,5,4,6,507,3393
3,3,4,6,507,3393
3,4,4,6,507,3393
2,2,4,6,507,3393
2,3,4,6,507,3393
4,4,6,4,508,2584
6,4,6,4,508,2584
5,3,6,4,508,2584
5,5,6,4,508,2584
8,4,6,4,508,2584
7,3,6,4,508,2584
7,5,6,4,508,2584
6,2,6,4,508,2584
6,6,6,4,508,2584
9,4,6,4,508,2584
9,3,6,4,508,2584
9,5,6,4,508,2584
8,2,6,4,508,2584
8,6,6,4,508,2584
7,1,6,4,508,2584
7,7,6,4,508,2584
7,4,6,4,508,2584
8,3,6,4,508,2584
8,5,6,4,508,2584
9,2,6,4,508,2584
9,6,6,4,508,2584
9,1,6,4,508,2584
9,7,6,4,508,2584
8,0,6,4,508,2584
8,8,6,4,508,2584
5,4,6,4,508,2584
6,3,6,4,508,2584
6,5,6,4,508,2584
7,2,6,4,508,2584
7,6,6,4,508,2584
8,1,6,4,508,2584
8,7,6,4,508,2584
9,0,6,4,508,2584
9,8,6,4,508,2584
9,9,6,4,508,2584
1,7,9,9,509,2574
3,7,9,9,509,2574
2,6,9,9,509,2574
2,8,9,9,509,2574
5,7,9,9,509,2574
4,6,9,9,509,2574
4,8,9,9,509,2574
3,5,9,9,509,2574
3,9,9,9,509,2574
7,7,9,9,509,2574
6,6,9,9,509,2574
6,8,9,9,509,2574
5,5,9,9,509,2574
5,9,9,9,509,2574
4,4,9,9,509,2574
4,9,9,9,509,2574
9,7,9,9,509,2574
8,6,9,9,509,2574
8,8,9,9,509,2574
7,5,9,9,509,2574
7,9,9,9,509,2574
6,4,9,9,509,2574
6,9,9,9,509,2574
5,3,9,9,509,2574
5,8,9,9,509,2574
8,7,9,9,509,2574
9,6,9,9,509,2574
9,8,9,9,509,2574
9,5,9,9,509,2574
9,9,9,9,509,2574
8,4,9,9,509,2574
8,9,9,9,509,2574
7,3,9,9,509,2574
7,8,9,9,509,2574
6,2,9,9,509,2574
6,7,9,9,509,2574
5,5,7,3,510,2137
7,5,7,3,510,2137
6,4,7,3,510,2137
6,6,7,3,510,2137
9,5,7,3,510,2137
8,4,7,3,510,2137
8,6,7,3,510,2137
7,3,7,3,510,2137
7,7,7,3,510,2137
8,5,7,3,510,2137
9,4,7,3,510,2137
9,6,7,3,510,2137
9,3,7,3,510,2137
9,7,7,3,510,2137
8,2,7,3,510,2137
8,8,7,3,510,2137
6,5,7,3,510,2137
7,4,7,3,510,2137
7,6,7,3,510,2137
8,3,7,3,510,2137
8,7,7,3,510,2137
9,2,7,3,510,2137
9,8,7,3,510,2137
9,1,7,3,510,2137
9,9,7,3,510,2137
4,6,9,9,511,2126
6,6,9,9,511,2126
5,5,9,9,511,2126
5,7,9,9,511,2126
8,6,9,9,511,2126
7,5,9,9,511,2126
7,7,9,9,511,2126
6,4,9,9,511,2126
6,8,9,9,511,2126
9,6,9,9,511,2126
9,5,9,9,511,2126
9,7,9,9,511,2126
8,4,9,9,511,2126
8,8,9,9,511,2126
7,3,9,9,511,2126
7,9,9,9,511,2126
7,6,9,9,511,2126
8,5,9,9,511,2126
8,7,9,9,511,2126
9,4,9,9,511,2126
9,8,9,9,511,2126
9,3,9,9,511,2126
9,9,9,9,511,2126
8,2,9,9,511,2126
8,9,9,9,511,2126
3,7,9,9,512,2128
5,7,9,9,512,2128
4,6,9,9,512,2128
4,8,9,9,512,2128
7,7,9,9,512,2128
6,6,9,9,512,2128
6,8,9,9,512,2128
5,5,9,9,512,2128
5,9,9,9,512,2128
9,7,9,9,512,2128
8,6,9,9,512,2128
8,8,9,9,512,2128
7,5,9,9,512,2128
7,9,9,9,512,2128
6,4,9,9,512,2128
6,9,9,9,512,2128
8,7,9,9,512,2128
9,6,9,9,512,2128
9,8,9,9,512,2128
9,5,9,9,512,2128
9,9,9,9,512,2128
8,4,9,9,512,2128
8,9,9,9,512,2128
7,3,9,9,512,2128
7,8,9,9,512,2128
2,8,9,9,513,2127
4,8,9,9,513,2127
3,7,9,9,513,2127
3,9,9,9,513,2127
6,8,9,9,513,2127
5,7,9,9,513,2127
5,9,9,9,513,2127
4,6,9,9,513,2127
4,9,9,9,513,2127
8,8,9,9,513,2127
7,7,9,9,513,2127
7,9,9,9,513,2127
6,6,9,9,513,2127
6,9,9,9,513,2127
5,5,9,9,513,2127
5,8,9,9,513,2127
9,8,9,9,513,2127
9,7,9,9,513,2127
9,9,9,9,513,2127
8,6,9,9,513,2127
8,9,9,9,513,2127
7,5,9,9,513,2127
7,8,9,9,513,2127
6,4,9,9,513,2127
6,7,9,9,513,2127
6,6,8,8,514,1650
8,6,8,8,514,1650
7,5,8,8,514,1650
7,7,8,8,514,1650
9,6,8,8,514,1650
9,5,8,8,514,1650
9,7,8,8,514,1650
8,4,8,8,514,1650
8,8,8,8,514,1650
7,6,8,8,514,1650
8,5,8,8,514,1650
8,7,8,8,514,1650
9,4,8,8,514,1650
9,8,8,8,514,1650
9,3,8,8,514,1650
9,9,8,8,514,1650
5,7,9,9,515,1649
7,7,9,9,515,1649
6,6,9,9,515,1649
6,8,9,9,515,1649
9,7,9,9,515,1649
8,6,9,9,515,1649
8,8,9,9,515,1649
7,5,9,9,515,1649
7,9,9,9,515,1649
8,7,9,9,515,1649
9,6,9,9,515,1649
9,8,9,9,515,1649
9,5,9,9,515,1649
9,9,9,9,515,1649
8,4,9,9,515,1649
8,9,9,9,515,1649
4,8,9,9,516,1650
6,8,9,9,516,1650
5,7,9,9,516,1650
5,9,9,9,516,1650
8,8,9,9,516,1650
7,7,9,9,516,1650
7,9,9,9,516,1650
6,6,9,9,516,1650
6,9,9,9,516,1650
9,8,9,9,516,1650
9,7,9,9,516,1650
9,9,9,9,516,1650
8,6,9,9,516,1650
8,9,9,9,516,1650
7,5,9,9,516,1650
7,8,9,9,516,1650
6,8,9,9,517,1138
8,8,9,9,517,1138
7,7,9,9,517,1138
7,9,9,9,517,1138
9,8,9,9,517,1138
9,7,9,9,517,1138
9,9,9,9,517,1138
8,6,9,9,517,1138
8,9,9,9,517,1138
5,9,9,9,518,1136
7,9,9,9,518,1136
6,8,9,9,518,1136
6,9,9,9,518,1136
9,9,9,9,518,1136
8,8,9,9,518,1136
8,9,9,9,518,1136
7,7,9,9,518,1136
7,8,9,9,518,1136
7,9,9,9,466,588
9,9,9,9,466,588
8,8,9,9,466,588
8,9,9,9,466,588
9,9,9,9,0,0
0,0,6,5,519,4438
1,0,6,5,519,4438
0,1,6,5,519,4438
3,0,6,5,519,4438
2,0,6,5,519,4438
2,1,6,5,519,4438
1,1,6,5,519,4438
1,2,6,5,519,4438
5,0,6,5,519,4438
4,0,6,5,519,4438
4,1,6,5,519,4438
3,1,6,5,519,4438
3,2,6,5,519,4438
2,2,6,5,519,4438
2,3,6,5,519,4438
7,0,6,5,519,4438
6,0,6,5,519,4438
6,1,6,5,519,4438
5,1,6,5,519,4438
5,2,6,5,519,4438
4,2,6,5,519,4438
4,3,6,5,519,4438
3,3,6,5,519,4438
3,4,6,5,519,4438
9,0,6,5,519,4438
8,0,6,5,519,4438
8,1,6,5,519,4438
7,1,6,5,519,4438
7,2,6,5,519,4438
6,2,6,5,519,4438
6,3,6,5,519,4438
5,3,6,5,519,4438
5,4,6,5,519,4438
4,4,6,5,519,4438
4,5,6,5,519,4438
9,1,6,5,519,4438
9,2,6,5,519,4438
8,2,6,5,519,4438
8,3,6,5,519,4438
7,3,6,5,519,4438
7,4,6,5,519,4438
6,4,6,5,519,4438
6,5,6,5,519,4438
5,5,6,5,519,4438
5,6,6,5,519,4438
9,3,6,5,519,4438
9,4,6,5,519,4438
8,4,6,5,519,4438
8,5,6,5,519,4438
7,5,6,5,519,4438
7,6,6,5,519,4438
6,6,6,5,519,4438
6,7,6,5,519,4438
9,5,6,5,519,4438
9,6,6,5,519,4438
8,6,6,5,519,4438
8,7,6,5,519,4438
7,7,6,5,519,4438
7,8,6,5,519,4438
9,7,6,5,519,4438
9,8,6,5,519,4438
8,8,6,5,519,4438
8,9,6,5,519,4438
9,9,6,5,519,4438
0,1,6,7,520,4087
2,1,6,7,520,4087
1,0,6,7,520,4087
1,2,6,7,520,4087
4,1,6,7,520,4087
3,0,6,7,520,4087
3,2,6,7,520,4087
2,0,6,7,520,4087
2,3,6,7,520,4087
6,1,6,7,520,4087
5,0,6,7,520,4087
5,2,6,7,520,4087
4,0,6,7,520,4087
4,3,6,7,520,4087
3,1,6,7,520,4087
3,4,6,7,520,4087
8,1,6,7,520,4087
7,0,6,7,520,4087
7,2,6,7,520,4087
6,0,6,7,520,4087
6,3,6,7,520,4087
5,1,6,7,520,4087
5,4,6,7,520,4087
4,2,6,7,520,4087
4,5,6,7,520,4087
9,1,6,7,520,4087
9,0,6,7,520,4087
9,2,6,7,520,4087
8,0,6,7,520,4087
8,3,6,7,520,4087
7,1,6,7,520,4087
7,4,6,7,520,4087
6,2,6,7,520,4087
6,5,6,7,520,4087
5,3,6,7,520,4087
5,6,6,7,520,4087
8,2,6,7,520,4087
9,3,6,7,520,4087
9,4,6,7,520,4087
8,5,6,7,520,4087
7,3,6,7,520,4087
7,6,6,7,520,4087
6,4,6,7,520,4087
6,7,6,7,520,4087
8,4,6,7,520,4087
9,5,6,7,520,4087
9,6,6,7,520,4087
8,7,6,7,520,4087
7,5,6,7,520,4087
7,8,6,7,520,4087
8,6,6,7,520,4087
9,7,6,7,520,4087
9,8,6,7,520,4087
8,9,6,7,520,4087
1,1,6,7,520,4087
2,2,6,7,520,4087
3,3,6,7,520,4087
4,4,6,7,520,4087
5,5,6,7,520,4087
6,6,6,7,520,4087
7,7,6,7,520,4087
8,8,6,7,520,4087
9,9,6,7,520,4087
0,1,7,8,521,4400
1,1,7,8,521,4400
0,0,7,8,521,4400
0,2,7,8,521,4400
2,1,7,8,521,4400
1,0,7,8,521,4400
1,2,7,8,521,4400
0,3,7,8,521,4400
4,1,7,8,521,4400
3,0,7,8,521,4400
3,2,7,8,521,4400
2,0,7,8,521,4400
2,3,7,8,521,4400
1,4,7,8,521,4400
6,1,7,8,521,4400
5,0,7,8,521,4400
5,2,7,8,521,4400
4,0,7,8,521,4400
4,3,7,8,521,4400
3,1,7,8,521,4400
3,4,7,8,521,4400
2,2,7,8,521,4400
2,5,7,8,521,4400
8,1,7,8,521,4400
7,0,7,8,521,4400
7,2,7,8,521,4400
6,0,7,8,521,4400
6,3,7,8,521,4400
5,1,7,8,521,4400
5,4,7,8,521,4400
4,2,7,8,521,4400
4,5,7,8,521,4400
3,3,7,8,521,4400
3,6,7,8,521,4400
9,1,7,8,521,4400
9,0,7,8,521,4400
9,2,7,8,521,4400
8,0,7,8,521,4400
8,3,7,8,521,4400
7,1,7,8,521,4400
7,4,7,8,521,4400
6,2,7,8,521,4400
6,5,7,8,521,4400
5,3,7,8,521,4400
5,6,7,8,521,4400
4,4,7,8,521,4400
4,7,7,8,521,4400
8,2,7,8,521,4400
9,3,7,8,521,4400
9,4,7,8,521,4400
8,5,7,8,521,4400
7,3,7,8,521,4400
7,6,7,8,521,4400
6,4,7,8,521,4400
6,7,7,8,521,4400
5,5,7,8,521,4400
5,8,7,8,521,4400
8,4,7,8,521,4400
9,5,7,8,521,4400
9,6,7,8,521,4400
8,7,7,8,521,4400
7,5,7,8,521,4400
7,8,7,8,521,4400
6,6,7,8,521,4400
6,9,7,8,521,4400
8,6,7,8,521,4400
9,7,7,8,521,4400
9,8,7,8,521,4400
8,9,7,8,521,4400
7,7,7,8,521,4400
7,9,7,8,521,4400
8,8,7,8,521,4400
9,9,7,8,521,4400
0,2,7,8,522,4083
1,2,7,8,522,4083
0,1,7,8,522,4083
0,3,7,8,522,4083
3,2,7,8,522,4083
2,1,7,8,522,4083
2,3,7,8,522,4083
1,0,7,8,522,4083
1,4,7,8,522,4083
5,2,7,8,522,4083
4,1,7,8,522,4083
4,3,7,8,522,4083
3,0,7,8,522,4083
3,4,7,8,522,4083
2,0,7,8,522,4083
2,5,7,8,522,4083
7,2,7,8,522,4083
6,1,7,8,522,4083
6,3,7,8,522,4083
5,0,7,8,522,4083
5,4,7,8,522,4083
4,0,7,8,522,4083
4,5,7,8,522,4083
3,1,7,8,522,4083
3,6,7,8,522,4083
9,2,7,8,522,4083
8,1,7,8,522,4083
8,3,7,8,522,4083
7,0,7,8,522,4083
7,4,7,8,522,4083
6,0,7,8,522,4083
6,5,7,8,522,4083
5,1,7,8,522,4083
5,6,7,8,522,4083
4,2,7,8,522,4083
4,7,7,8,522,4083
8,2,7,8,522,4083
9,1,7,8,522,4083
9,3,7,8,522,4083
9,0,7,8,522,4083
9,4,7,8,522,4083
8,0,7,8,522,4083
8,5,7,8,522,4083
7,1,7,8,522,4083
7,6,7,8,522,4083
6,2,7,8,522,4083
6,7,7,8,522,4083
5,3,7,8,522,4083
5,8,7,8,522,4083
7,3,7,8,522,4083
8,4,7,8,522,4083
9,5,7,8,522,4083
9,6,7,8,522,4083
8,7,7,8,522,4083
7,8,7,8,522,4083
6,4,7,8,522,4083
6,9,7,8,522,4083
7,5,7,8,522,4083
8,6,7,8,522,4083
9,7,7,8,522,4083
9,8,7,8,522,4083
8,9,7,8,522,4083
7,9,7,8,522,4083
2,2,7,8,522,4083
3,3,7,8,522,4083
4,4,7,8,522,4083
5,5,7,8,522,4083
6,6,7,8,522,4083
7,7,7,8,522,4083
8,8,7,8,522,4083
9,9,7,8,522,4083
0,1,8,9,523,4692
1,1,8,9,523,4692
0,0,8,9,523,4692
0,2,8,9,523,4692
2,1,8,9,523,4692
1,0,8,9,523,4692
1,2,8,9,523,4692
0,3,8,9,523,4692
3,1,8,9,523,4692
2,0,8,9,523,4692
2,2,8,9,523,4692
1,3,8,9,523,4692
0,4,8,9,523,4692
4,1,8,9,523,4692
3,0,8,9,523,4692
3,2,8,9,523,4692
2,3,8,9,523,4692
1,4,8,9,523,4692
0,5,8,9,523,4692
6,1,8,9,523,4692
5,0,8,9,523,4692
5,2,8,9,523,4692
4,0,8,9,523,4692
4,3,8,9,523,4692
3,4,8,9,523,4692
2,5,8,9,523,4692
1,6,8,9,523,4692
8,1,8,9,523,4692
7,0,8,9,523,4692
7,2,8,9,523,4692
6,0,8,9,523,4692
6,3,8,9,523,4692
5,1,8,9,523,4692
5,4,8,9,523,4692
4,2,8,9,523,4692
4,5,8,9,523,4692
3,3,8,9,523,4692
3,6,8,9,523,4692
2,4,8,9,523,4692
2,7,8,9,523,4692
9,1,8,9,523,4692
9,0,8,9,523,4692
9,2,8,9,523,4692
8,0,8,9,523,4692
8,3,8,9,523,4692
7,1,8,9,523,4692
7,4,8,9,523,4692
6,2,8,9,523,4692
6,5,8,9,523,4692
5,3,8,9,523,4692
5,6,8,9,523,4692
4,4,8,9,523,4692
4,7,8,9,523,4692
3,5,8,9,523,4692
3,8,8,9,523,4692
8,2,8,9,523,4692
9,3,8,9,523,4692
9,4,8,9,523,4692
8,5,8,9,523,4692
7,3,8,9,523,4692
7,6,8,9,523,4692
6,4,8,9,523,4692
6,7,8,9,523,4692
5,5,8,9,523,4692
5,8,8,9,523,4692
4,6,8,9,523,4692
4,9,8,9,523,4692
8,4,8,9,523,4692
9,5,8,9,523,4692
9,6,8,9,523,4692
8,7,8,9,523,4692
7,5,8,9,523,4692
7,8,8,9,523,4692
6,6,8,9,523,4692
6,9,8,9,523,4692
5,7,8,9,523,4692
5,9,8,9,523,4692
8,6,8,9,523,4692
9,7,8,9,523,4692
9,8,8,9,523,4692
8,9,8,9,523,4692
7,7,8,9,523,4692
7,9,8,9,523,4692
6,8,8,9,523,4692
8,8,8,9,523,4692
9,9,8,9,523,4692
0,2,8,9,524,4397
1,2,8,9,524,4397
0,1,8,9,524,4397
0,3,8,9,524,4397
2,2,8,9,524,4397
1,1,8,9,524,4397
1,3,8,9,524,4397
0,0,8,9,524,4397
0,4,8,9,524,4397
3,2,8,9,524,4397
2,1,8,9,524,4397
2,3,8,9,524,4397
1,0,8,9,524,4397
1,4,8,9,524,4397
0,5,8,9,524,4397
5,2,8,9,524,4397
4,1,8,9,524,4397
4,3,8,9,524,4397
3,0,8,9,524,4397
3,4,8,9,524,4397
2,0,8,9,524,4397
2,5,8,9,524,4397
1,6,8,9,524,4397
7,2,8,9,524,4397
6,1,8,9,524,4397
6,3,8,9,524,4397
5,0,8,9,524,4397
5,4,8,9,524,4397
4,0,8,9,524,4397
4,5,8,9,524,4397
3,1,8,9,524,4397
3,6,8,9,524,4397
2,7,8,9,524,4397
9,2,8,9,524,4397
8,1,8,9,524,4397
8,3,8,9,524,4397
7,0,8,9,524,4397
7,4,8,9,524,4397
6,0,8,9,524,4397
6,5,8,9,524,4397
5,1,8,9,524,4397
5,6,8,9,524,4397
4,2,8,9,524,4397
4,7,8,9,524,4397
3,3,8,9,524,4397
3,8,8,9,524,4397
8,2,8,9,524,4397
9,1,8,9,524,4397
9,3,8,9,524,4397
9,0,8,9,524,4397
9,4,8,9,524,4397
8,0,8,9,524,4397
8,5,8,9,524,4397
7,1,8,9,524,4397
7,6,8,9,524,4397
6,2,8,9,524,4397
6,7,8,9,524,4397
5,3,8,9,524,4397
5,8,8,9,524,4397
4,4,8,9,524,4397
4,9,8,9,524,4397
7,3,8,9,524,4397
8,4,8,9,524,4397
9,5,8,9,524,4397
9,6,8,9,524,4397
8,7,8,9,524,4397
7,8,8,9,524,4397
6,4,8,9,524,4397
6,9,8,9,524,4397
5,5,8,9,524,4397
5,9,8,9,524,4397
7,5,8,9,524,4397
8,6,8,9,524,4397
9,7,8,9,524,4397
9,8,8,9,524,4397
8,9,8,9,524,4397
7,9,8,9,524,4397
6,6,8,9,524,4397
6,8,8,9,524,4397
7,7,8,9,524,4397
8,8,8,9,524,4397
9,9,8,9,524,4397
0,3,8,9,525,4080
1,3,8,9,525,4080
0,2,8,9,525,4080
0,4,8,9,525,4080
2,3,8,9,525,4080
1,2,8,9,525,4080
1,4,8,9,525,4080
0,1,8,9,525,4080
0,5,8,9,525,4080
4,3,8,9,525,4080
3,2,8,9,525,4080
3,4,8,9,525,4080
2,1,8,9,525,4080
2,5,8,9,525,4080
1,0,8,9,525,4080
1,6,8,9,525,4080
6,3,8,9,525,4080
5,2,8,9,525,4080
5,4,8,9,525,4080
4,1,8,9,525,4080
4,5,8,9,525,4080
3,0,8,9,525,4080
3,6,8,9,525,4080
2,0,8,9,525,4080
2,7,8,9,525,4080
8,3,8,9,525,4080
7,2,8,9,525,4080
7,4,8,9,525,4080
6,1,8,9,525,4080
6,5,8,9,525,4080
5,0,8,9,525,4080
5,6,8,9,525,4080
4,0,8,9,525,4080
4,7,8,9,525,4080
3,1,8,9,525,4080
3,8,8,9,525,4080
9,3,8,9,525,4080
9,2,8,9,525,4080
9,4,8,9,525,4080
8,1,8,9,525,4080
8,5,8,9,525,4080
7,0,8,9,525,4080
7,6,8,9,525,4080
6,0,8,9,525,4080
6,7,8,9,525,4080
5,1,8,9,525,4080
5,8,8,9,525,4080
4,2,8,9,525,4080
4,9,8,9,525,4080
7,3,8,9,525,4080
8,2,8,9,525,4080
8,4,8,9,525,4080
9,1,8,9,525,4080
9,5,8,9,525,4080
9,0,8,9,525,4080
9,6,8,9,525,4080
8,0,8,9,525,4080
8,7,8,9,525,4080
7,1,8,9,525,4080
7,8,8,9,525,4080
6,2,8,9,525,4080
6,9,8,9,525,4080
5,3,8,9,525,4080
5,9,8,9,525,4080
6,4,8,9,525,4080
7,5,8,9,525,4080
8,6,8,9,525,4080
9,7,8,9,525,4080
9,8,8,9,525,4080
8,9,8,9,525,4080
7,9,8,9,525,4080
6,8,8,9,525,4080
3,3,8,9,525,4080
4,4,8,9,525,4080
5,5,8,9,525,4080
6,6,8,9,525,4080
7,7,8,9,525,4080
8,8,8,9,525,4080
9,9,8,9,525,4080
0,2,8,9,526,4696
1,2,8,9,526,4696
0,1,8,9,526,4696
0,3,8,9,526,4696
2,2,8,9,526,4696
1,1,8,9,526,4696
1,3,8,9,526,4696
0,0,8,9,526,4696
0,4,8,9,526,4696
3,2,8,9,526,4696
2,1,8,9,526,4696
2,3,8,9,526,4696
1,0,8,9,526,4696
1,4,8,9,526,4696
0,5,8,9,526,4696
4,2,8,9,526,4696
3,1,8,9,526,4696
3,3,8,9,526,4696
2,0,8,9,526,4696
2,4,8,9,526,4696
1,5,8,9,526,4696
0,6,8,9,526,4696
5,2,8,9,526,4696
4,1,8,9,526,4696
4,3,8,9,526,4696
3,0,8,9,526,4696
3,4,8,9,526,4696
2,5,8,9,526,4696
1,6,8,9,526,4696
0,7,8,9,526,4696
7,2,8,9,526,4696
6,1,8,9,526,4696
6,3,8,9,526,4696
5,0,8,9,526,4696
5,4,8,9,526,4696
4,0,8,9,526,4696
4,5,8,9,526,4696
3,6,8,9,526,4696
2,7,8,9,526,4696
1,8,8,9,526,4696
9,2,8,9,526,4696
8,1,8,9,526,4696
8,3,8,9,526,4696
7,0,8,9,526,4696
7,4,8,9,526,4696
6,0,8,9,526,4696
6,5,8,9,526,4696
5,1,8,9,526,4696
5,6,8,9,526,4696
4,7,8,9,526,4696
3,8,8,9,526,4696
2,9,8,9,526,4696
8,2,8,9,526,4696
9,1,8,9,526,4696
9,3,8,9,526,4696
9,0,8,9,526,4696
9,4,8,9,526,4696
8,0,8,9,526,4696
8,5,8,9,526,4696
7,1,8,9,526,4696
7,6,8,9,526,4696
6,2,8,9,526,4696
6,7,8,9,526,4696
5,3,8,9,526,4696
5,8,8,9,526,4696
4,4,8,9,526,4696
4,9,8,9,526,4696
3,5,8,9,526,4696
3,9,8,9,526,4696
7,3,8,9,526,4696
8,4,8,9,526,4696
9,5,8,9,526,4696
9,6,8,9,526,4696
8,7,8,9,526,4696
7,8,8,9,526,4696
6,4,8,9,526,4696
6,9,8,9,526,4696
5,5,8,9,526,4696
5,9,8,9,526,4696
4,6,8,9,526,4696
4,8,8,9,526,4696
7,5,8,9,526,4696
8,6,8,9,526,4696
9,7,8,9,526,4696
9,8,8,9,526,4696
8,9,8,9,526,4696
7,9,8,9,526,4696
6,6,8,9,526,4696
6,8,8,9,526,4696
5,7,8,9,526,4696
7,7,8,9,526,4696
8,8,8,9,526,4696
9,9,8,9,526,4696
0,7,8,9,527,4284
1,7,8,9,527,4284
0,6,8,9,527,4284
0,8,8,9,527,4284
2,7,8,9,527,4284
1,6,8,9,527,4284
1,8,8,9,527,4284
0,5,8,9,527,4284
0,9,8,9,527,4284
3,7,8,9,527,4284
2,6,8,9,527,4284
2,8,8,9,527,4284
1,5,8,9,527,4284
1,9,8,9,527,4284
0,4,8,9,527,4284
4,7,8,9,527,4284
3,6,8,9,527,4284
3,8,8,9,527,4284
2,5,8,9,527,4284
2,9,8,9,527,4284
1,4,8,9,527,4284
0,3,8,9,527,4284
5,7,8,9,527,4284
4,6,8,9,527,4284
4,8,8,9,527,4284
3,5,8,9,527,4284
3,9,8,9,527,4284
2,4,8,9,527,4284
1,3,8,9,527,4284
0,2,8,9,527,4284
6,7,8,9,527,4284
5,6,8,9,527,4284
5,8,8,9,527,4284
4,5,8,9,527,4284
4,9,8,9,527,4284
3,4,8,9,527,4284
2,3,8,9,527,4284
1,2,8,9,527,4284
0,1,8,9,527,4284
7,7,8,9,527,4284
6,6,8,9,527,4284
6,8,8,9,527,4284
5,5,8,9,527,4284
5,9,8,9,527,4284
4,4,8,9,527,4284
3,3,8,9,527,4284
2,2,8,9,527,4284
1,1,8,9,527,4284
0,0,8,9,527,4284
8,7,8,9,527,4284
7,6,8,9,527,4284
7,8,8,9,527,4284
6,5,8,9,527,4284
6,9,8,9,527,4284
5,4,8,9,527,4284
4,3,8,9,527,4284
3,2,8,9,527,4284
2,1,8,9,527,4284
1,0,8,9,527,4284
9,7,8,9,527,4284
9,6,8,9,527,4284
9,8,8,9,527,4284
8,5,8,9,527,4284
8,9,8,9,527,4284
7,4,8,9,527,4284
7,9,8,9,527,4284
6,3,8,9,527,4284
5,2,8,9,527,4284
4,1,8,9,527,4284
3,0,8,9,527,4284
2,0,8,9,527,4284
8,6,8,9,527,4284
8,8,8,9,527,4284
9,5,8,9,527,4284
9,9,8,9,527,4284
9,4,8,9,527,4284
8,3,8,9,527,4284
7,2,8,9,527,4284
6,1,8,9,527,4284
5,0,8,9,527,4284
4,0,8,9,527,4284
3,1,8,9,527,4284
0,8,6,7,528,4083
1,8,6,7,528,4083
0,7,6,7,528,4083
0,9,6,7,528,4083
2,8,6,7,528,4083
1,7,6,7,528,4083
1,9,6,7,528,4083
0,6,6,7,528,4083
3,8,6,7,528,4083
2,7,6,7,528,4083
2,9,6,7,528,4083
1,6,6,7,528,4083
0,5,6,7,528,4083
4,8,6,7,528,4083
3,7,6,7,528,4083
3,9,6,7,528,4083
2,6,6,7,528,4083
1,5,6,7,528,4083
0,4,6,7,528,4083
5,8,6,7,528,4083
4,7,6,7,528,4083
4,9,6,7,528,4083
3,6,6,7,528,4083
2,5,6,7,528,4083
1,4,6,7,528,4083
0,3,6,7,528,4083
6,8,6,7,528,4083
5,7,6,7,528,4083
5,9,6,7,528,4083
4,6,6,7,528,4083
3,5,6,7,528,4083
2,4,6,7,528,4083
1,3,6,7,528,4083
0,2,6,7,528,4083
7,8,6,7,528,4083
6,7,6,7,528,4083
6,9,6,7,528,4083
5,6,6,7,528,4083
4,5,6,7,528,4083
3,4,6,7,528,4083
2,3,6,7,528,4083
1,2,6,7,528,4083
0,1,6,7,528,4083
9,8,6,7,528,4083
8,7,6,7,528,4083
8,9,6,7,528,4083
7,6,6,7,528,4083
7,9,6,7,528,4083
6,5,6,7,528,4083
5,4,6,7,528,4083
4,3,6,7,528,4083
3,2,6,7,528,4083
2,1,6,7,528,4083
1,0,6,7,528,4083
8,8,6,7,528,4083
9,7,6,7,528,4083
9,9,6,7,528,4083
9,6,6,7,528,4083
8,5,6,7,528,4083
7,4,6,7,528,4083
7,7,6,7,528,4083
6,3,6,7,528,4083
6,6,6,7,528,4083
5,2,6,7,528,4083
5,5,6,7,528,4083
4,1,6,7,528,4083
4,4,6,7,528,4083
3,0,6,7,528,4083
3,3,6,7,528,4083
2,0,6,7,528,4083
2,2,6,7,528,4083
0,7,8,9,529,4585
1,7,8,9,529,4585
0,6,8,9,529,4585
0,8,8,9,529,4585
2,7,8,9,529,4585
1,6,8,9,529,4585
1,8,8,9,529,4585
0,5,8,9,529,4585
0,9,8,9,529,4585
3,7,8,9,529,4585
2,6,8,9,529,4585
2,8,8,9,529,4585
1,5,8,9,529,4585
1,9,8,9,529,4585
0,4,8,9,529,4585
4,7,8,9,529,4585
3,6,8,9,529,4585
3,8,8,9,529,4585
2,5,8,9,529,4585
2,9,8,9,529,4585
1,4,8,9,529,4585
0,3,8,9,529,4585
5,7,8,9,529,4585
4,6,8,9,529,4585
4,8,8,9,529,4585
3,5,8,9,529,4585
3,9,8,9,529,4585
2,4,8,9,529,4585
1,3,8,9,529,4585
0,2,8,9,529,4585
6,7,8,9,529,4585
5,6,8,9,529,4585
5,8,8,9,529,4585
4,5,8,9,529,4585
4,9,8,9,529,4585
3,4,8,9,529,4585
2,3,8,9,529,4585
1,2,8,9,529,4585
0,1,8,9,529,4585
7,7,8,9,529,4585
6,6,8,9,529,4585
6,8,8,9,529,4585
5,5,8,9,529,4585
5,9,8,9,529,4585
4,4,8,9,529,4585
3,3,8,9,529,4585
2,2,8,9,529,4585
1,1,8,9,529,4585
0,0,8,9,529,4585
8,7,8,9,529,4585
7,6,8,9,529,4585
7,8,8,9,529,4585
6,5,8,9,529,4585
6,9,8,9,529,4585
5,4,8,9,529,4585
4,3,8,9,529,4585
3,2,8,9,529,4585
2,1,8,9,529,4585
1,0,8,9,529,4585
9,7,8,9,529,4585
8,6,8,9,529,4585
8,8,8,9,529,4585
7,5,8,9,529,4585
7,9,8,9,529,4585
6,4,8,9,529,4585
5,3,8,9,529,4585
4,2,8,9,529,4585
3,1,8,9,529,4585
2,0,8,9,529,4585
9,6,8,9,529,4585
9,8,8,9,529,4585
8,5,8,9,529,4585
8,9,8,9,529,4585
7,4,8,9,529,4585
6,3,8,9,529,4585
5,2,8,9,529,4585
4,1,8,9,529,4585
3,0,8,9,529,4585
9,5,8,9,529,4585
9,9,8,9,529,4585
9,4,8,9,529,4585
8,3,8,9,529,4585
7,2,8,9,529,4585
6,1,8,9,529,4585
5,0,8,9,529,4585
4,0,8,9,529,4585
0,8,7,8,530,4402
1,8,7,8,530,4402
0,7,7,8,530,4402
0,9,7,8,530,4402
2,8,7,8,530,4402
1,7,7,8,530,4402
1,9,7,8,530,4402
0,6,7,8,530,4402
3,8,7,8,530,4402
2,7,7,8,530,4402
2,9,7,8,530,4402
1,6,7,8,530,4402
0,5,7,8,530,4402
4,8,7,8,530,4402
3,7,7,8,530,4402
3,9,7,8,530,4402
2,6,7,8,530,4402
1,5,7,8,530,4402
0,4,7,8,530,4402
5,8,7,8,530,4402
4,7,7,8,530,4402
4,9,7,8,530,4402
3,6,7,8,530,4402
2,5,7,8,530,4402
1,4,7,8,530,4402
0,3,7,8,530,4402
6,8,7,8,530,4402
5,7,7,8,530,4402
5,9,7,8,530,4402
4,6,7,8,530,4402
3,5,7,8,530,4402
2,4,7,8,530,4402
1,3,7,8,530,4402
0,2,7,8,530,4402
7,8,7,8,530,4402
6,7,7,8,530,4402
6,9,7,8,530,4402
5,6,7,8,530,4402
4,5,7,8,530,4402
3,4,7,8,530,4402
2,3,7,8,530,4402
1,2,7,8,530,4402
0,1,7,8,530,4402
8,8,7,8,530,4402
7,7,7,8,530,4402
7,9,7,8,530,4402
6,6,7,8,530,4402
5,5,7,8,530,4402
4,4,7,8,530,4402
3,3,7,8,530,4402
2,2,7,8,530,4402
1,1,7,8,530,4402
0,0,7,8,530,4402
9,8,7,8,530,4402
8,7,7,8,530,4402
8,9,7,8,530,4402
7,6,7,8,530,4402
6,5,7,8,530,4402
5,4,7,8,530,4402
4,3,7,8,530,4402
3,2,7,8,530,4402
2,1,7,8,530,4402
1,0,7,8,530,4402
9,7,7,8,530,4402
9,9,7,8,530,4402
9,6,7,8,530,4402
8,5,7,8,530,4402
7,4,7,8,530,4402
6,3,7,8,530,4402
5,2,7,8,530,4402
4,1,7,8,530,4402
3,0,7,8,530,4402
2,0,7,8,530,4402
0,9,6,7,531,4091
1,9,6,7,531,4091
0,8,6,7,531,4091
2,9,6,7,531,4091
1,8,6,7,531,4091
0,7,6,7,531,4091
3,9,6,7,531,4091
2,8,6,7,531,4091
1,7,6,7,531,4091
0,6,6,7,531,4091
4,9,6,7,531,4091
3,8,6,7,531,4091
2,7,6,7,531,4091
1,6,6,7,531,4091
0,5,6,7,531,4091
5,9,6,7,531,4091
4,8,6,7,531,4091
3,7,6,7,531,4091
2,6,6,7,531,4091
1,5,6,7,531,4091
0,4,6,7,531,4091
6,9,6,7,531,4091
5,8,6,7,531,4091
4,7,6,7,531,4091
3,6,6,7,531,4091
2,5,6,7,531,4091
1,4,6,7,531,4091
0,3,6,7,531,4091
7,9,6,7,531,4091
6,8,6,7,531,4091
5,7,6,7,531,4091
4,6,6,7,531,4091
3,5,6,7,531,4091
2,4,6,7,531,4091
1,3,6,7,531,4091
0,2,6,7,531,4091
8,9,6,7,531,4091
7,8,6,7,531,4091
6,7,6,7,531,4091
5,6,6,7,531,4091
4,5,6,7,531,4091
3,4,6,7,531,4091
2,3,6,7,531,4091
1,2,6,7,531,4091
0,1,6,7,531,4091
9,9,6,7,531,4091
9,8,6,7,531,4091
8,7,6,7,531,4091
8,8,6,7,531,4091
7,6,6,7,531,4091
7,7,6,7,531,4091
6,5,6,7,531,4091
6,6,6,7,531,4091
5,4,6,7,531,4091
5,5,6,7,531,4091
4,3,6,7,531,4091
4,4,6,7,531,4091
3,2,6,7,531,4091
3,3,6,7,531,4091
2,1,6,7,531,4091
2,2,6,7,531,4091
1,0,6,7,531,4091
1,1,6,7,531,4091
0,9,6,7,532,4424
1,9,6,7,532,4424
0,8,6,7,532,4424
2,9,6,7,532,4424
1,8,6,7,532,4424
0,7,6,7,532,4424
3,9,6,7,532,4424
2,8,6,7,532,4424
1,7,6,7,532,4424
0,6,6,7,532,4424
4,9,6,7,532,4424
3,8,6,7,532,4424
2,7,6,7,532,4424
1,6,6,7,532,4424
0,5,6,7,532,4424
5,9,6,7,532,4424
4,8,6,7,532,4424
3,7,6,7,532,4424
2,6,6,7,532,4424
1,5,6,7,532,4424
0,4,6,7,532,4424
6,9,6,7,532,4424
5,8,6,7,532,4424
4,7,6,7,532,4424
3,6,6,7,532,4424
2,5,6,7,532,4424
1,4,6,7,532,4424
0,3,6,7,532,4424
7,9,6,7,532,4424
6,8,6,7,532,4424
5,7,6,7,532,4424
4,6,6,7,532,4424
3,5,6,7,532,4424
2,4,6,7,532,4424
1,3,6,7,532,4424
0,2,6,7,532,4424
8,9,6,7,532,4424
7,8,6,7,532,4424
6,7,6,7,532,4424
5,6,6,7,532,4424
4,5,6,7,532,4424
3,4,6,7,532,4424
2,3,6,7,532,4424
1,2,6,7,532,4424
0,1,6,7,532,4424
9,9,6,7,532,4424
8,8,6,7,532,4424
7,7,6,7,532,4424
6,6,6,7,532,4424
5,5,6,7,532,4424
4,4,6,7,532,4424
3,3,6,7,532,4424
2,2,6,7,532,4424
1,1,6,7,532,4424
0,0,6,7,532,4424
9,8,6,7,532,4424
8,7,6,7,532,4424
7,6,6,7,532,4424
6,5,6,7,532,4424
5,4,6,7,532,4424
4,3,6,7,532,4424
3,2,6,7,532,4424
2,1,6,7,532,4424
1,0,6,7,532,4424
1,2,6,7,533,3748
3,2,6,7,533,3748
2,1,6,7,533,3748
2,3,6,7,533,3748
5,2,6,7,533,3748
4,1,6,7,533,3748
4,3,6,7,533,3748
3,0,6,7,533,3748
3,4,6,7,533,3748
7,2,6,7,533,3748
6,1,6,7,533,3748
6,3,6,7,533,3748
5,0,6,7,533,3748
5,4,6,7,533,3748
4,0,6,7,533,3748
4,5,6,7,533,3748
9,2,6,7,533,3748
8,1,6,7,533,3748
8,3,6,7,533,3748
7,0,6,7,533,3748
7,4,6,7,533,3748
6,0,6,7,533,3748
6,5,6,7,533,3748
5,1,6,7,533,3748
5,6,6,7,533,3748
8,2,6,7,533,3748
9,1,6,7,533,3748
9,3,6,7,533,3748
9,0,6,7,533,3748
9,4,6,7,533,3748
8,0,6,7,533,3748
8,5,6,7,533,3748
7,1,6,7,533,3748
7,6,6,7,533,3748
6,2,6,7,533,3748
6,7,6,7,533,3748
7,3,6,7,533,3748
8,4,6,7,533,3748
9,5,6,7,533,3748
9,6,6,7,533,3748
8,7,6,7,533,3748
7,8,6,7,533,3748
4,2,6,7,533,3748
5,3,6,7,533,3748
6,4,6,7,533,3748
7,5,6,7,533,3748
8,6,6,7,533,3748
9,7,6,7,533,3748
9,8,6,7,533,3748
8,9,6,7,533,3748
2,2,6,7,533,3748
3,1,6,7,533,3748
3,3,6,7,533,3748
4,4,6,7,533,3748
5,5,6,7,533,3748
6,6,6,7,533,3748
7,7,6,7,533,3748
8,8,6,7,533,3748
9,9,6,7,533,3748
2,3,6,7,534,3385
4,3,6,7,534,3385
3,2,6,7,534,3385
3,4,6,7,534,3385
6,3,6,7,534,3385
5,2,6,7,534,3385
5,4,6,7,534,3385
4,1,6,7,534,3385
4,5,6,7,534,3385
8,3,6,7,534,3385
7,2,6,7,534,3385
7,4,6,7,534,3385
6,1,6,7,534,3385
6,5,6,7,534,3385
5,0,6,7,534,3385
5,6,6,7,534,3385
9,3,6,7,534,3385
9,2,6,7,534,3385
9,4,6,7,534,3385
8,1,6,7,534,3385
8,5,6,7,534,3385
7,0,6,7,534,3385
7,6,6,7,534,3385
6,0,6,7,534,3385
6,7,6,7,534,3385
7,3,6,7,534,3385
8,2,6,7,534,3385
8,4,6,7,534,3385
9,1,6,7,534,3385
9,5,6,7,534,3385
9,0,6,7,534,3385
9,6,6,7,534,3385
8,0,6,7,534,3385
8,7,6,7,534,3385
7,1,6,7,534,3385
7,8,6,7,534,3385
5,3,6,7,534,3385
6,2,6,7,534,3385
6,4,6,7,534,3385
7,5,6,7,534,3385
8,6,6,7,534,3385
9,7,6,7,534,3385
9,8,6,7,534,3385
8,9,6,7,534,3385
3,3,6,7,534,3385
4,2,6,7,534,3385
4,4,6,7,534,3385
5,1,6,7,534,3385
5,5,6,7,534,3385
6,6,6,7,534,3385
7,7,6,7,534,3385
8,8,6,7,534,3385
9,9,6,7,534,3385
0,3,7,8,535,3745
2,3,7,8,535,3745
1,2,7,8,535,3745
1,4,7,8,535,3745
4,3,7,8,535,3745
3,2,7,8,535,3745
3,4,7,8,535,3745
2,1,7,8,535,3745
2,5,7,8,535,3745
6,3,7,8,535,3745
5,2,7,8,535,3745
5,4,7,8,535,3745
4,1,7,8,535,3745
4,5,7,8,535,3745
3,0,7,8,535,3745
3,6,7,8,535,3745
8,3,7,8,535,3745
7,2,7,8,535,3745
7,4,7,8,535,3745
6,1,7,8,535,3745
6,5,7,8,535,3745
5,0,7,8,535,3745
5,6,7,8,535,3745
4,0,7,8,535,3745
4,7,7,8,535,3745
9,3,7,8,535,3745
9,2,7,8,535,3745
9,4,7,8,535,3745
8,1,7,8,535,3745
8,5,7,8,535,3745
7,0,7,8,535,3745
7,6,7,8,535,3745
6,0,7,8,535,3745
6,7,7,8,535,3745
5,1,7,8,535,3745
5,8,7,8,535,3745
7,3,7,8,535,3745
8,2,7,8,535,3745
8,4,7,8,535,3745
9,1,7,8,535,3745
9,5,7,8,535,3745
9,0,7,8,535,3745
9,6,7,8,535,3745
8,0,7,8,535,3745
8,7,7,8,535,3745
7,1,7,8,535,3745
7,8,7,8,535,3745
6,2,7,8,535,3745
6,9,7,8,535,3745
5,3,7,8,535,3745
6,4,7,8,535,3745
7,5,7,8,535,3745
8,6,7,8,535,3745
9,7,7,8,535,3745
9,8,7,8,535,3745
8,9,7,8,535,3745
7,9,7,8,535,3745
3,3,7,8,535,3745
4,2,7,8,535,3745
4,4,7,8,535,3745
5,5,7,8,535,3745
6,6,7,8,535,3745
7,7,7,8,535,3745
8,8,7,8,535,3745
9,9,7,8,535,3745
1,4,7,8,536,3381
3,4,7,8,536,3381
2,3,7,8,536,3381
2,5,7,8,536,3381
5,4,7,8,536,3381
4,3,7,8,536,3381
4,5,7,8,536,3381
3,2,7,8,536,3381
3,6,7,8,536,3381
7,4,7,8,536,3381
6,3,7,8,536,3381
6,5,7,8,536,3381
5,2,7,8,536,3381
5,6,7,8,536,3381
4,1,7,8,536,3381
4,7,7,8,536,3381
9,4,7,8,536,3381
8,3,7,8,536,3381
8,5,7,8,536,3381
7,2,7,8,536,3381
7,6,7,8,536,3381
6,1,7,8,536,3381
6,7,7,8,536,3381
5,0,7,8,536,3381
5,8,7,8,536,3381
8,4,7,8,536,3381
9,3,7,8,536,3381
9,5,7,8,536,3381
9,2,7,8,536,3381
9,6,7,8,536,3381
8,1,7,8,536,3381
8,7,7,8,536,3381
7,0,7,8,536,3381
7,8,7,8,536,3381
6,0,7,8,536,3381
6,9,7,8,536,3381
6,4,7,8,536,3381
7,3,7,8,536,3381
7,5,7,8,536,3381
8,2,7,8,536,3381
8,6,7,8,536,3381
9,1,7,8,536,3381
9,7,7,8,536,3381
9,0,7,8,536,3381
9,8,7,8,536,3381
8,0,7,8,536,3381
8,9,7,8,536,3381
7,1,7,8,536,3381
7,9,7,8,536,3381
4,4,7,8,536,3381
5,3,7,8,536,3381
5,5,7,8,536,3381
6,2,7,8,536,3381
6,6,7,8,536,3381
7,7,7,8,536,3381
8,8,7,8,536,3381
9,9,7,8,536,3381
0,4,8,9,537,3741
1,4,8,9,537,3741
0,3,8,9,537,3741
0,5,8,9,537,3741
3,4,8,9,537,3741
2,3,8,9,537,3741
2,5,8,9,537,3741
1,2,8,9,537,3741
1,6,8,9,537,3741
5,4,8,9,537,3741
4,3,8,9,537,3741
4,5,8,9,537,3741
3,2,8,9,537,3741
3,6,8,9,537,3741
2,1,8,9,537,3741
2,7,8,9,537,3741
7,4,8,9,537,3741
6,3,8,9,537,3741
6,5,8,9,537,3741
5,2,8,9,537,3741
5,6,8,9,537,3741
4,1,8,9,537,3741
4,7,8,9,537,3741
3,0,8,9,537,3741
3,8,8,9,537,3741
9,4,8,9,537,3741
8,3,8,9,537,3741
8,5,8,9,537,3741
7,2,8,9,537,3741
7,6,8,9,537,3741
6,1,8,9,537,3741
6,7,8,9,537,3741
5,0,8,9,537,3741
5,8,8,9,537,3741
4,0,8,9,537,3741
4,9,8,9,537,3741
8,4,8,9,537,3741
9,3,8,9,537,3741
9,5,8,9,537,3741
9,2,8,9,537,3741
9,6,8,9,537,3741
8,1,8,9,537,3741
8,7,8,9,537,3741
7,0,8,9,537,3741
7,8,8,9,537,3741
6,0,8,9,537,3741
6,9,8,9,537,3741
5,1,8,9,537,3741
5,9,8,9,537,3741
6,4,8,9,537,3741
7,3,8,9,537,3741
7,5,8,9,537,3741
8,2,8,9,537,3741
8,6,8,9,537,3741
9,1,8,9,537,3741
9,7,8,9,537,3741
9,0,8,9,537,3741
9,8,8,9,537,3741
8,0,8,9,537,3741
8,9,8,9,537,3741
7,1,8,9,537,3741
7,9,8,9,537,3741
6,2,8,9,537,3741
6,8,8,9,537,3741
4,4,8,9,537,3741
5,3,8,9,537,3741
5,5,8,9,537,3741
6,6,8,9,537,3741
7,7,8,9,537,3741
8,8,8,9,537,3741
9,9,8,9,537,3741
0,5,8,9,538,3378
2,5,8,9,538,3378
1,4,8,9,538,3378
1,6,8,9,538,3378
4,5,8,9,538,3378
3,4,8,9,538,3378
3,6,8,9,538,3378
2,3,8,9,538,3378
2,7,8,9,538,3378
6,5,8,9,538,3378
5,4,8,9,538,3378
5,6,8,9,538,3378
4,3,8,9,538,3378
4,7,8,9,538,3378
3,2,8,9,538,3378
3,8,8,9,538,3378
8,5,8,9,538,3378
7,4,8,9,538,3378
7,6,8,9,538,3378
6,3,8,9,538,3378
6,7,8,9,538,3378
5,2,8,9,538,3378
5,8,8,9,538,3378
4,1,8,9,538,3378
4,9,8,9,538,3378
9,5,8,9,538,3378
9,4,8,9,538,3378
9,6,8,9,538,3378
8,3,8,9,538,3378
8,7,8,9,538,3378
7,2,8,9,538,3378
7,8,8,9,538,3378
6,1,8,9,538,3378
6,9,8,9,538,3378
5,0,8,9,538,3378
5,9,8,9,538,3378
7,5,8,9,538,3378
8,4,8,9,538,3378
8,6,8,9,538,3378
9,3,8,9,538,3378
9,7,8,9,538,3378
9,2,8,9,538,3378
9,8,8,9,538,3378
8,1,8,9,538,3378
8,9,8,9,538,3378
7,0,8,9,538,3378
7,9,8,9,538,3378
6,0,8,9,538,3378
6,8,8,9,538,3378
5,5,8,9,538,3378
6,4,8,9,538,3378
6,6,8,9,538,3378
7,3,8,9,538,3378
7,7,8,9,538,3378
8,2,8,9,538,3378
8,8,8,9,538,3378
9,1,8,9,538,3378
9,9,8,9,538,3378
9,0,8,9,538,3378
8,0,8,9,538,3378
7,1,8,9,538,3378
0,8,5,6,539,3741
1,8,5,6,539,3741
0,7,5,6,539,3741
0,9,5,6,539,3741
2,8,5,6,539,3741
1,7,5,6,539,3741
1,9,5,6,539,3741
0,6,5,6,539,3741
3,8,5,6,539,3741
2,7,5,6,539,3741
2,9,5,6,539,3741
1,6,5,6,539,3741
0,5,5,6,539,3741
4,8,5,6,539,3741
3,7,5,6,539,3741
3,9,5,6,539,3741
2,6,5,6,539,3741
1,5,5,6,539,3741
0,4,5,6,539,3741
5,8,5,6,539,3741
4,7,5,6,539,3741
4,9,5,6,539,3741
3,6,5,6,539,3741
2,5,5,6,539,3741
1,4,5,6,539,3741
0,3,5,6,539,3741
7,8,5,6,539,3741
6,7,5,6,539,3741
6,9,5,6,539,3741
5,6,5,6,539,3741
5,9,5,6,539,3741
4,5,5,6,539,3741
3,4,5,6,539,3741
2,3,5,6,539,3741
1,2,5,6,539,3741
9,8,5,6,539,3741
8,7,5,6,539,3741
8,9,5,6,539,3741
7,6,5,6,539,3741
7,9,5,6,539,3741
6,5,5,6,539,3741
6,8,5,6,539,3741
5,4,5,6,539,3741
5,7,5,6,539,3741
4,3,5,6,539,3741
4,6,5,6,539,3741
3,2,5,6,539,3741
3,5,5,6,539,3741
2,1,5,6,539,3741
2,4,5,6,539,3741
8,8,5,6,539,3741
9,7,5,6,539,3741
9,9,5,6,539,3741
9,6,5,6,539,3741
8,5,5,6,539,3741
7,4,5,6,539,3741
7,7,5,6,539,3741
6,3,5,6,539,3741
6,6,5,6,539,3741
5,2,5,6,539,3741
5,5,5,6,539,3741
4,1,5,6,539,3741
4,4,5,6,539,3741
3,0,5,6,539,3741
3,3,5,6,539,3741
0,9,5,6,540,3758
1,9,5,6,540,3758
0,8,5,6,540,3758
2,9,5,6,540,3758
1,8,5,6,540,3758
0,7,5,6,540,3758
3,9,5,6,540,3758
2,8,5,6,540,3758
1,7,5,6,540,3758
0,6,5,6,540,3758
4,9,5,6,540,3758
3,8,5,6,540,3758
2,7,5,6,540,3758
1,6,5,6,540,3758
0,5,5,6,540,3758
5,9,5,6,540,3758
4,8,5,6,540,3758
3,7,5,6,540,3758
2,6,5,6,540,3758
1,5,5,6,540,3758
0,4,5,6,540,3758
6,9,5,6,540,3758
5,8,5,6,540,3758
4,7,5,6,540,3758
3,6,5,6,540,3758
2,5,5,6,540,3758
1,4,5,6,540,3758
0,3,5,6,540,3758
8,9,5,6,540,3758
7,8,5,6,540,3758
7,9,5,6,540,3758
6,7,5,6,540,3758
6,8,5,6,540,3758
5,6,5,6,540,3758
5,7,5,6,540,3758
4,5,5,6,540,3758
4,6,5,6,540,3758
3,4,5,6,540,3758
3,5,5,6,540,3758
2,3,5,6,540,3758
2,4,5,6,540,3758
1,2,5,6,540,3758
1,3,5,6,540,3758
9,9,5,6,540,3758
9,8,5,6,540,3758
8,7,5,6,540,3758
8,8,5,6,540,3758
7,6,5,6,540,3758
7,7,5,6,540,3758
6,5,5,6,540,3758
6,6,5,6,540,3758
5,4,5,6,540,3758
5,5,5,6,540,3758
4,3,5,6,540,3758
4,4,5,6,540,3758
3,2,5,6,540,3758
3,3,5,6,540,3758
2,1,5,6,540,3758
2,2,5,6,540,3758
3,4,6,5,541,3003
5,4,6,5,541,3003
4,3,6,5,541,3003
4,5,6,5,541,3003
7,4,6,5,541,3003
6,3,6,5,541,3003
6,5,6,5,541,3003
5,2,6,5,541,3003
5,6,6,5,541,3003
9,4,6,5,541,3003
8,3,6,5,541,3003
8,5,6,5,541,3003
7,2,6,5,541,3003
7,6,6,5,541,3003
6,1,6,5,541,3003
6,7,6,5,541,3003
8,4,6,5,541,3003
9,3,6,5,541,3003
9,5,6,5,541,3003
9,2,6,5,541,3003
9,6,6,5,541,3003
8,1,6,5,541,3003
8,7,6,5,541,3003
7,0,6,5,541,3003
7,8,6,5,541,3003
6,4,6,5,541,3003
7,3,6,5,541,3003
7,5,6,5,541,3003
8,2,6,5,541,3003
8,6,6,5,541,3003
9,1,6,5,541,3003
9,7,6,5,541,3003
9,0,6,5,541,3003
9,8,6,5,541,3003
8,0,6,5,541,3003
8,9,6,5,541,3003
4,4,6,5,541,3003
5,3,6,5,541,3003
5,5,6,5,541,3003
6,2,6,5,541,3003
6,6,6,5,541,3003
7,1,6,5,541,3003
7,7,6,5,541,3003
8,8,6,5,541,3003
9,9,6,5,541,3003
4,5,7,4,542,2586
6,5,7,4,542,2586
5,4,7,4,542,2586
5,6,7,4,542,2586
8,5,7,4,542,2586
7,4,7,4,542,2586
7,6,7,4,542,2586
6,3,7,4,542,2586
6,7,7,4,542,2586
9,5,7,4,542,2586
9,4,7,4,542,2586
9,6,7,4,542,2586
8,3,7,4,542,2586
8,7,7,4,542,2586
7,2,7,4,542,2586
7,8,7,4,542,2586
7,5,7,4,542,2586
8,4,7,4,542,2586
8,6,7,4,542,2586
9,3,7,4,542,2586
9,7,7,4,542,2586
9,2,7,4,542,2586
9,8,7,4,542,2586
8,1,7,4,542,2586
8,9,7,4,542,2586
5,5,7,4,542,2586
6,4,7,4,542,2586
6,6,7,4,542,2586
7,3,7,4,542,2586
7,7,7,4,542,2586
8,2,7,4,542,2586
8,8,7,4,542,2586
9,1,7,4,542,2586
9,9,7,4,542,2586
9,0,7,4,542,2586
5,6,8,9,543,2125
7,6,8,9,543,2125
6,5,8,9,543,2125
6,7,8,9,543,2125
9,6,8,9,543,2125
8,5,8,9,543,2125
8,7,8,9,543,2125
7,4,8,9,543,2125
7,8,8,9,543,2125
8,6,8,9,543,2125
9,5,8,9,543,2125
9,7,8,9,543,2125
9,4,8,9,543,2125
9,8,8,9,543,2125
8,3,8,9,543,2125
8,9,8,9,543,2125
6,6,8,9,543,2125
7,5,8,9,543,2125
7,7,8,9,543,2125
8,4,8,9,543,2125
8,8,8,9,543,2125
9,3,8,9,543,2125
9,9,8,9,543,2125
9,2,8,9,543,2125
0,1,7,7,544,4408
1,1,7,7,544,4408
0,0,7,7,544,4408
0,2,7,7,544,4408
3,1,7,7,544,4408
2,0,7,7,544,4408
2,2,7,7,544,4408
1,0,7,7,544,4408
1,3,7,7,544,4408
5,1,7,7,544,4408
4,0,7,7,544,4408
4,2,7,7,544,4408
3,0,7,7,544,4408
3,3,7,7,544,4408
2,1,7,7,544,4408
2,4,7,7,544,4408
7,1,7,7,544,4408
6,0,7,7,544,4408
6,2,7,7,544,4408
5,0,7,7,544,4408
5,3,7,7,544,4408
4,1,7,7,544,4408
4,4,7,7,544,4408
3,2,7,7,544,4408
3,5,7,7,544,4408
9,1,7,7,544,4408
8,0,7,7,544,4408
8,2,7,7,544,4408
7,0,7,7,544,4408
7,3,7,7,544,4408
6,1,7,7,544,4408
6,4,7,7,544,4408
5,2,7,7,544,4408
5,5,7,7,544,4408
4,3,7,7,544,4408
4,6,7,7,544,4408
8,1,7,7,544,4408
9,0,7,7,544,4408
9,2,7,7,544,4408
9,3,7,7,544,4408
8,4,7,7,544,4408
7,2,7,7,544,4408
7,5,7,7,544,4408
6,3,7,7,544,4408
6,6,7,7,544,4408
5,4,7,7,544,4408
5,7,7,7,544,4408
8,3,7,7,544,4408
9,4,7,7,544,4408
9,5,7,7,544,4408
8,6,7,7,544,4408
7,4,7,7,544,4408
7,7,7,7,544,4408
6,5,7,7,544,4408
6,8,7,7,544,4408
8,5,7,7,544,4408
9,6,7,7,544,4408
9,7,7,7,544,4408
8,8,7,7,544,4408
7,6,7,7,544,4408
7,9,7,7,544,4408
8,7,7,7,544,4408
9,8,7,7,544,4408
9,9,7,7,544,4408
8,9,7,7,544,4408
1,2,7,7,544,4408
2,3,7,7,544,4408
3,4,7,7,544,4408
4,5,7,7,544,4408
5,6,7,7,544,4408
6,7,7,7,544,4408
7,8,7,7,544,4408
0,1,7,9,545,4693
1,1,7,9,545,4693
0,0,7,9,545,4693
0,2,7,9,545,4693
2,1,7,9,545,4693
1,0,7,9,545,4693
1,2,7,9,545,4693
0,3,7,9,545,4693
3,1,7,9,545,4693
2,0,7,9,545,4693
2,2,7,9,545,4693
1,3,7,9,545,4693
0,4,7,9,545,4693
5,1,7,9,545,4693
4,0,7,9,545,4693
4,2,7,9,545,4693
3,0,7,9,545,4693
3,3,7,9,545,4693
2,4,7,9,545,4693
1,5,7,9,545,4693
7,1,7,9,545,4693
6,0,7,9,545,4693
6,2,7,9,545,4693
5,0,7,9,545,4693
5,3,7,9,545,4693
4,1,7,9,545,4693
4,4,7,9,545,4693
3,2,7,9,545,4693
3,5,7,9,545,4693
2,3,7,9,545,4693
2,6,7,9,545,4693
9,1,7,9,545,4693
8,0,7,9,545,4693
8,2,7,9,545,4693
7,0,7,9,545,4693
7,3,7,9,545,4693
6,1,7,9,545,4693
6,4,7,9,545,4693
5,2,7,9,545,4693
5,5,7,9,545,4693
4,3,7,9,545,4693
4,6,7,9,545,4693
3,4,7,9,545,4693
3,7,7,9,545,4693
8,1,7,9,545,4693
9,0,7,9,545,4693
9,2,7,9,545,4693
9,3,7,9,545,4693
8,4,7,9,545,4693
7,2,7,9,545,4693
7,5,7,9,545,4693
6,3,7,9,545,4693
6,6,7,9,545,4693
5,4,7,9,545,4693
5,7,7,9,545,4693
4,5,7,9,545,4693
4,8,7,9,545,4693
8,3,7,9,545,4693
9,4,7,9,545,4693
9,5,7,9,545,4693
8,6,7,9,545,4693
7,4,7,9,545,4693
7,7,7,9,545,4693
6,5,7,9,545,4693
6,8,7,9,545,4693
5,6,7,9,545,4693
5,9,7,9,545,4693
8,5,7,9,545,4693
9,6,7,9,545,4693
9,7,7,9,545,4693
8,8,7,9,545,4693
7,6,7,9,545,4693
7,9,7,9,545,4693
6,7,7,9,545,4693
6,9,7,9,545,4693
8,7,7,9,545,4693
9,8,7,9,545,4693
9,9,7,9,545,4693
8,9,7,9,545,4693
7,8,7,9,545,4693
0,2,7,9,546,4398
1,2,7,9,546,4398
0,1,7,9,546,4398
0,3,7,9,546,4398
2,2,7,9,546,4398
1,1,7,9,546,4398
1,3,7,9,546,4398
0,0,7,9,546,4398
0,4,7,9,546,4398
4,2,7,9,546,4398
3,1,7,9,546,4398
3,3,7,9,546,4398
2,0,7,9,546,4398
2,4,7,9,546,4398
1,0,7,9,546,4398
1,5,7,9,546,4398
6,2,7,9,546,4398
5,1,7,9,546,4398
5,3,7,9,546,4398
4,0,7,9,546,4398
4,4,7,9,546,4398
3,0,7,9,546,4398
3,5,7,9,546,4398
2,1,7,9,546,4398
2,6,7,9,546,4398
8,2,7,9,546,4398
7,1,7,9,546,4398
7,3,7,9,546,4398
6,0,7,9,546,4398
6,4,7,9,546,4398
5,0,7,9,546,4398
5,5,7,9,546,4398
4,1,7,9,546,4398
4,6,7,9,546,4398
3,2,7,9,546,4398
3,7,7,9,546,4398
9,2,7,9,546,4398
9,1,7,9,546,4398
9,3,7,9,546,4398
8,0,7,9,546,4398
8,4,7,9,546,4398
7,0,7,9,546,4398
7,5,7,9,546,4398
6,1,7,9,546,4398
6,6,7,9,546,4398
5,2,7,9,546,4398
5,7,7,9,546,4398
4,3,7,9,546,4398
4,8,7,9,546,4398
7,2,7,9,546,4398
8,1,7,9,546,4398
8,3,7,9,546,4398
9,0,7,9,546,4398
9,4,7,9,546,4398
9,5,7,9,546,4398
8,6,7,9,546,4398
7,7,7,9,546,4398
6,3,7,9,546,4398
6,8,7,9,546,4398
5,4,7,9,546,4398
5,9,7,9,546,4398
7,4,7,9,546,4398
8,5,7,9,546,4398
9,6,7,9,546,4398
9,7,7,9,546,4398
8,8,7,9,546,4398
7,9,7,9,546,4398
6,5,7,9,546,4398
6,9,7,9,546,4398
7,6,7,9,546,4398
8,7,7,9,546,4398
9,8,7,9,546,4398
9,9,7,9,546,4398
8,9,7,9,546,4398
7,8,7,9,546,4398
2,3,7,9,546,4398
3,4,7,9,546,4398
4,5,7,9,546,4398
5,6,7,9,546,4398
6,7,7,9,546,4398
0,2,9,9,547,4471
1,2,9,9,547,4471
0,1,9,9,547,4471
0,3,9,9,547,4471
2,2,9,9,547,4471
1,1,9,9,547,4471
1,3,9,9,547,4471
0,0,9,9,547,4471
0,4,9,9,547,4471
3,2,9,9,547,4471
2,1,9,9,547,4471
2,3,9,9,547,4471
1,0,9,9,547,4471
1,4,9,9,547,4471
0,5,9,9,547,4471
4,2,9,9,547,4471
3,1,9,9,547,4471
3,3,9,9,547,4471
2,0,9,9,547,4471
2,4,9,9,547,4471
1,5,9,9,547,4471
0,6,9,9,547,4471
6,2,9,9,547,4471
5,1,9,9,547,4471
5,3,9,9,547,4471
4,0,9,9,547,4471
4,4,9,9,547,4471
3,0,9,9,547,4471
3,5,9,9,547,4471
2,6,9,9,547,4471
1,7,9,9,547,4471
8,2,9,9,547,4471
7,1,9,9,547,4471
7,3,9,9,547,4471
6,0,9,9,547,4471
6,4,9,9,547,4471
5,0,9,9,547,4471
5,5,9,9,547,4471
4,1,9,9,547,4471
4,6,9,9,547,4471
3,7,9,9,547,4471
2,8,9,9,547,4471
9,2,9,9,547,4471
9,1,9,9,547,4471
9,3,9,9,547,4471
8,0,9,9,547,4471
8,4,9,9,547,4471
7,0,9,9,547,4471
7,5,9,9,547,4471
6,1,9,9,547,4471
6,6,9,9,547,4471
5,2,9,9,547,4471
5,7,9,9,547,4471
4,3,9,9,547,4471
4,8,9,9,547,4471
3,4,9,9,547,4471
3,9,9,9,547,4471
7,2,9,9,547,4471
8,1,9,9,547,4471
8,3,9,9,547,4471
9,0,9,9,547,4471
9,4,9,9,547,4471
9,5,9,9,547,4471
8,6,9,9,547,4471
7,7,9,9,547,4471
6,3,9,9,547,4471
6,8,9,9,547,4471
5,4,9,9,547,4471
5,9,9,9,547,4471
4,5,9,9,547,4471
4,9,9,9,547,4471
7,4,9,9,547,4471
8,5,9,9,547,4471
9,6,9,9,547,4471
9,7,9,9,547,4471
8,8,9,9,547,4471
7,9,9,9,547,4471
6,5,9,9,547,4471
6,9,9,9,547,4471
5,6,9,9,547,4471
5,8,9,9,547,4471
7,6,9,9,547,4471
8,7,9,9,547,4471
9,8,9,9,547,4471
9,9,9,9,547,4471
8,9,9,9,547,4471
7,8,9,9,547,4471
6,7,9,9,547,4471
0,3,9,9,548,4163
1,3,9,9,548,4163
0,2,9,9,548,4163
0,4,9,9,548,4163
2,3,9,9,548,4163
1,2,9,9,548,4163
1,4,9,9,548,4163
0,1,9,9,548,4163
0,5,9,9,548,4163
3,3,9,9,548,4163
2,2,9,9,548,4163
2,4,9,9,548,4163
1,1,9,9,548,4163
1,5,9,9,548,4163
0,0,9,9,548,4163
0,6,9,9,548,4163
5,3,9,9,548,4163
4,2,9,9,548,4163
4,4,9,9,548,4163
3,1,9,9,548,4163
3,5,9,9,548,4163
2,0,9,9,548,4163
2,6,9,9,548,4163
1,0,9,9,548,4163
1,7,9,9,548,4163
7,3,9,9,548,4163
6,2,9,9,548,4163
6,4,9,9,548,4163
5,1,9,9,548,4163
5,5,9,9,548,4163
4,0,9,9,548,4163
4,6,9,9,548,4163
3,0,9,9,548,4163
3,7,9,9,548,4163
2,1,9,9,548,4163
2,8,9,9,548,4163
9,3,9,9,548,4163
8,2,9,9,548,4163
8,4,9,9,548,4163
7,1,9,9,548,4163
7,5,9,9,548,4163
6,0,9,9,548,4163
6,6,9,9,548,4163
5,0,9,9,548,4163
5,7,9,9,548,4163
4,1,9,9,548,4163
4,8,9,9,548,4163
3,2,9,9,548,4163
3,9,9,9,548,4163
8,3,9,9,548,4163
9,2,9,9,548,4163
9,4,9,9,548,4163
9,1,9,9,548,4163
9,5,9,9,548,4163
8,0,9,9,548,4163
8,6,9,9,548,4163
7,0,9,9,548,4163
7,7,9,9,548,4163
6,1,9,9,548,4163
6,8,9,9,548,4163
5,2,9,9,548,4163
5,9,9,9,548,4163
4,3,9,9,548,4163
4,9,9,9,548,4163
6,3,9,9,548,4163
7,2,9,9,548,4163
7,4,9,9,548,4163
8,1,9,9,548,4163
8,5,9,9,548,4163
9,0,9,9,548,4163
9,6,9,9,548,4163
9,7,9,9,548,4163
8,8,9,9,548,4163
7,9,9,9,548,4163
6,9,9,9,548,4163
5,4,9,9,548,4163
5,8,9,9,548,4163
6,5,9,9,548,4163
7,6,9,9,548,4163
8,7,9,9,548,4163
9,8,9,9,548,4163
9,9,9,9,548,4163
8,9,9,9,548,4163
7,8,9,9,548,4163
6,7,9,9,548,4163
3,4,9,9,548,4163
4,5,9,9,548,4163
5,6,9,9,548,4163
0,7,9,9,549,4473
1,7,9,9,549,4473
0,6,9,9,549,4473
0,8,9,9,549,4473
2,7,9,9,549,4473
1,6,9,9,549,4473
1,8,9,9,549,4473
0,5,9,9,549,4473
0,9,9,9,549,4473
3,7,9,9,549,4473
2,6,9,9,549,4473
2,8,9,9,549,4473
1,5,9,9,549,4473
1,9,9,9,549,4473
0,4,9,9,549,4473
4,7,9,9,549,4473
3,6,9,9,549,4473
3,8,9,9,549,4473
2,5,9,9,549,4473
2,9,9,9,549,4473
1,4,9,9,549,4473
0,3,9,9,549,4473
5,7,9,9,549,4473
4,6,9,9,549,4473
4,8,9,9,549,4473
3,5,9,9,549,4473
3,9,9,9,549,4473
2,4,9,9,549,4473
1,3,9,9,549,4473
0,2,9,9,549,4473
6,7,9,9,549,4473
5,6,9,9,549,4473
5,8,9,9,549,4473
4,5,9,9,549,4473
4,9,9,9,549,4473
3,4,9,9,549,4473
2,3,9,9,549,4473
1,2,9,9,549,4473
0,1,9,9,549,4473
7,7,9,9,549,4473
6,6,9,9,549,4473
6,8,9,9,549,4473
5,5,9,9,549,4473
5,9,9,9,549,4473
4,4,9,9,549,4473
3,3,9,9,549,4473
2,2,9,9,549,4473
1,1,9,9,549,4473
0,0,9,9,549,4473
8,7,9,9,549,4473
7,6,9,9,549,4473
7,8,9,9,549,4473
6,5,9,9,549,4473
6,9,9,9,549,4473
5,4,9,9,549,4473
4,3,9,9,549,4473
3,2,9,9,549,4473
2,1,9,9,549,4473
1,0,9,9,549,4473
9,7,9,9,549,4473
8,6,9,9,549,4473
8,8,9,9,549,4473
7,5,9,9,549,4473
7,9,9,9,549,4473
6,4,9,9,549,4473
5,3,9,9,549,4473
4,2,9,9,549,4473
3,1,9,9,549,4473
2,0,9,9,549,4473
9,6,9,9,549,4473
9,8,9,9,549,4473
9,5,9,9,549,4473
9,9,9,9,549,4473
8,4,9,9,549,4473
8,9,9,9,549,4473
7,3,9,9,549,4473
6,2,9,9,549,4473
5,1,9,9,549,4473
4,0,9,9,549,4473
3,0,9,9,549,4473
8,5,9,9,549,4473
9,4,9,9,549,4473
9,3,9,9,549,4473
8,2,9,9,549,4473
7,1,9,9,549,4473
6,0,9,9,549,4473
5,0,9,9,549,4473
4,1,9,9,549,4473
0,8,7,7,550,4400
1,8,7,7,550,4400
0,7,7,7,550,4400
0,9,7,7,550,4400
2,8,7,7,550,4400
1,7,7,7,550,4400
1,9,7,7,550,4400
0,6,7,7,550,4400
3,8,7,7,550,4400
2,7,7,7,550,4400
2,9,7,7,550,4400
1,6,7,7,550,4400
0,5,7,7,550,4400
4,8,7,7,550,4400
3,7,7,7,550,4400
3,9,7,7,550,4400
2,6,7,7,550,4400
1,5,7,7,550,4400
0,4,7,7,550,4400
5,8,7,7,550,4400
4,7,7,7,550,4400
4,9,7,7,550,4400
3,6,7,7,550,4400
2,5,7,7,550,4400
1,4,7,7,550,4400
0,3,7,7,550,4400
6,8,7,7,550,4400
5,7,7,7,550,4400
5,9,7,7,550,4400
4,6,7,7,550,4400
3,5,7,7,550,4400
2,4,7,7,550,4400
1,3,7,7,550,4400
0,2,7,7,550,4400
7,8,7,7,550,4400
6,7,7,7,550,4400
6,9,7,7,550,4400
5,6,7,7,550,4400
4,5,7,7,550,4400
3,4,7,7,550,4400
2,3,7,7,550,4400
1,2,7,7,550,4400
0,1,7,7,550,4400
8,8,7,7,550,4400
7,7,7,7,550,4400
7,9,7,7,550,4400
6,6,7,7,550,4400
5,5,7,7,550,4400
4,4,7,7,550,4400
3,3,7,7,550,4400
2,2,7,7,550,4400
1,1,7,7,550,4400
0,0,7,7,550,4400
9,8,7,7,550,4400
9,7,7,7,550,4400
9,9,7,7,550,4400
8,6,7,7,550,4400
8,9,7,7,550,4400
7,5,7,7,550,4400
6,4,7,7,550,4400
5,3,7,7,550,4400
4,2,7,7,550,4400
3,1,7,7,550,4400
2,0,7,7,550,4400
1,0,7,7,550,4400
8,7,7,7,550,4400
9,6,7,7,550,4400
9,5,7,7,550,4400
8,4,7,7,550,4400
7,3,7,7,550,4400
7,6,7,7,550,4400
6,2,7,7,550,4400
6,5,7,7,550,4400
5,1,7,7,550,4400
5,4,7,7,550,4400
4,0,7,7,550,4400
4,3,7,7,550,4400
3,0,7,7,550,4400
3,2,7,7,550,4400
2,1,7,7,550,4400
0,8,7,9,551,4470
1,8,7,9,551,4470
0,7,7,9,551,4470
0,9,7,9,551,4470
2,8,7,9,551,4470
1,7,7,9,551,4470
1,9,7,9,551,4470
0,6,7,9,551,4470
3,8,7,9,551,4470
2,7,7,9,551,4470
2,9,7,9,551,4470
1,6,7,9,551,4470
0,5,7,9,551,4470
4,8,7,9,551,4470
3,7,7,9,551,4470
3,9,7,9,551,4470
2,6,7,9,551,4470
1,5,7,9,551,4470
0,4,7,9,551,4470
5,8,7,9,551,4470
4,7,7,9,551,4470
4,9,7,9,551,4470
3,6,7,9,551,4470
2,5,7,9,551,4470
1,4,7,9,551,4470
0,3,7,9,551,4470
6,8,7,9,551,4470
5,7,7,9,551,4470
5,9,7,9,551,4470
4,6,7,9,551,4470
3,5,7,9,551,4470
2,4,7,9,551,4470
1,3,7,9,551,4470
0,2,7,9,551,4470
7,8,7,9,551,4470
6,7,7,9,551,4470
6,9,7,9,551,4470
5,6,7,9,551,4470
4,5,7,9,551,4470
3,4,7,9,551,4470
2,3,7,9,551,4470
1,2,7,9,551,4470
0,1,7,9,551,4470
8,8,7,9,551,4470
7,7,7,9,551,4470
7,9,7,9,551,4470
6,6,7,9,551,4470
5,5,7,9,551,4470
4,4,7,9,551,4470
3,3,7,9,551,4470
2,2,7,9,551,4470
1,1,7,9,551,4470
0,0,7,9,551,4470
9,8,7,9,551,4470
8,7,7,9,551,4470
8,9,7,9,551,4470
7,6,7,9,551,4470
6,5,7,9,551,4470
5,4,7,9,551,4470
4,3,7,9,551,4470
3,2,7,9,551,4470
2,1,7,9,551,4470
1,0,7,9,551,4470
9,7,7,9,551,4470
9,9,7,9,551,4470
8,6,7,9,551,4470
7,5,7,9,551,4470
6,4,7,9,551,4470
5,3,7,9,551,4470
4,2,7,9,551,4470
3,1,7,9,551,4470
2,0,7,9,551,4470
9,6,7,9,551,4470
9,5,7,9,551,4470
8,4,7,9,551,4470
7,3,7,9,551,4470
6,2,7,9,551,4470
5,1,7,9,551,4470
4,0,7,9,551,4470
3,0,7,9,551,4470
0,9,7,7,552,4408
1,9,7,7,552,4408
0,8,7,7,552,4408
2,9,7,7,552,4408
1,8,7,7,552,4408
0,7,7,7,552,4408
3,9,7,7,552,4408
2,8,7,7,552,4408
1,7,7,7,552,4408
0,6,7,7,552,4408
4,9,7,7,552,4408
3,8,7,7,552,4408
2,7,7,7,552,4408
1,6,7,7,552,4408
0,5,7,7,552,4408
5,9,7,7,552,4408
4,8,7,7,552,4408
3,7,7,7,552,4408
2,6,7,7,552,4408
1,5,7,7,552,4408
0,4,7,7,552,4408
6,9,7,7,552,4408
5,8,7,7,552,4408
4,7,7,7,552,4408
3,6,7,7,552,4408
2,5,7,7,552,4408
1,4,7,7,552,4408
0,3,7,7,552,4408
7,9,7,7,552,4408
6,8,7,7,552,4408
5,7,7,7,552,4408
4,6,7,7,552,4408
3,5,7,7,552,4408
2,4,7,7,552,4408
1,3,7,7,552,4408
0,2,7,7,552,4408
8,9,7,7,552,4408
7,8,7,7,552,4408
6,7,7,7,552,4408
5,6,7,7,552,4408
4,5,7,7,552,4408
3,4,7,7,552,4408
2,3,7,7,552,4408
1,2,7,7,552,4408
0,1,7,7,552,4408
9,9,7,7,552,4408
8,8,7,7,552,4408
7,7,7,7,552,4408
6,6,7,7,552,4408
5,5,7,7,552,4408
4,4,7,7,552,4408
3,3,7,7,552,4408
2,2,7,7,552,4408
1,1,7,7,552,4408
0,0,7,7,552,4408
9,8,7,7,552,4408
9,7,7,7,552,4408
8,6,7,7,552,4408
8,7,7,7,552,4408
7,5,7,7,552,4408
7,6,7,7,552,4408
6,4,7,7,552,4408
6,5,7,7,552,4408
5,3,7,7,552,4408
5,4,7,7,552,4408
4,2,7,7,552,4408
4,3,7,7,552,4408
3,1,7,7,552,4408
3,2,7,7,552,4408
2,0,7,7,552,4408
2,1,7,7,552,4408
1,0,7,7,552,4408
0,2,7,7,553,4091
2,2,7,7,553,4091
1,1,7,7,553,4091
1,3,7,7,553,4091
4,2,7,7,553,4091
3,1,7,7,553,4091
3,3,7,7,553,4091
2,0,7,7,553,4091
2,4,7,7,553,4091
6,2,7,7,553,4091
5,1,7,7,553,4091
5,3,7,7,553,4091
4,0,7,7,553,4091
4,4,7,7,553,4091
3,0,7,7,553,4091
3,5,7,7,553,4091
8,2,7,7,553,4091
7,1,7,7,553,4091
7,3,7,7,553,4091
6,0,7,7,553,4091
6,4,7,7,553,4091
5,0,7,7,553,4091
5,5,7,7,553,4091
4,1,7,7,553,4091
4,6,7,7,553,4091
9,2,7,7,553,4091
9,1,7,7,553,4091
9,3,7,7,553,4091
8,0,7,7,553,4091
8,4,7,7,553,4091
7,0,7,7,553,4091
7,5,7,7,553,4091
6,1,7,7,553,4091
6,6,7,7,553,4091
5,2,7,7,553,4091
5,7,7,7,553,4091
7,2,7,7,553,4091
8,1,7,7,553,4091
8,3,7,7,553,4091
9,0,7,7,553,4091
9,4,7,7,553,4091
9,5,7,7,553,4091
8,6,7,7,553,4091
7,7,7,7,553,4091
6,3,7,7,553,4091
6,8,7,7,553,4091
7,4,7,7,553,4091
8,5,7,7,553,4091
9,6,7,7,553,4091
9,7,7,7,553,4091
8,8,7,7,553,4091
7,9,7,7,553,4091
3,2,7,7,553,4091
4,3,7,7,553,4091
5,4,7,7,553,4091
6,5,7,7,553,4091
7,6,7,7,553,4091
8,7,7,7,553,4091
9,8,7,7,553,4091
9,9,7,7,553,4091
8,9,7,7,553,4091
1,2,7,7,553,4091
2,1,7,7,553,4091
2,3,7,7,553,4091
3,4,7,7,553,4091
4,5,7,7,553,4091
5,6,7,7,553,4091
6,7,7,7,553,4091
7,8,7,7,553,4091
1,3,7,7,554,3751
3,3,7,7,554,3751
2,2,7,7,554,3751
2,4,7,7,554,3751
5,3,7,7,554,3751
4,2,7,7,554,3751
4,4,7,7,554,3751
3,1,7,7,554,3751
3,5,7,7,554,3751
7,3,7,7,554,3751
6,2,7,7,554,3751
6,4,7,7,554,3751
5,1,7,7,554,3751
5,5,7,7,554,3751
4,0,7,7,554,3751
4,6,7,7,554,3751
9,3,7,7,554,3751
8,2,7,7,554,3751
8,4,7,7,554,3751
7,1,7,7,554,3751
7,5,7,7,554,3751
6,0,7,7,554,3751
6,6,7,7,554,3751
5,0,7,7,554,3751
5,7,7,7,554,3751
8,3,7,7,554,3751
9,2,7,7,554,3751
9,4,7,7,554,3751
9,1,7,7,554,3751
9,5,7,7,554,3751
8,0,7,7,554,3751
8,6,7,7,554,3751
7,0,7,7,554,3751
7,7,7,7,554,3751
6,1,7,7,554,3751
6,8,7,7,554,3751
6,3,7,7,554,3751
7,2,7,7,554,3751
7,4,7,7,554,3751
8,1,7,7,554,3751
8,5,7,7,554,3751
9,0,7,7,554,3751
9,6,7,7,554,3751
9,7,7,7,554,3751
8,8,7,7,554,3751
7,9,7,7,554,3751
4,3,7,7,554,3751
5,2,7,7,554,3751
5,4,7,7,554,3751
6,5,7,7,554,3751
7,6,7,7,554,3751
8,7,7,7,554,3751
9,8,7,7,554,3751
9,9,7,7,554,3751
8,9,7,7,554,3751
2,3,7,7,554,3751
3,2,7,7,554,3751
3,4,7,7,554,3751
4,1,7,7,554,3751
4,5,7,7,554,3751
5,6,7,7,554,3751
6,7,7,7,554,3751
7,8,7,7,554,3751
0,3,7,9,555,4081
1,3,7,9,555,4081
0,2,7,9,555,4081
0,4,7,9,555,4081
3,3,7,9,555,4081
2,2,7,9,555,4081
2,4,7,9,555,4081
1,1,7,9,555,4081
1,5,7,9,555,4081
5,3,7,9,555,4081
4,2,7,9,555,4081
4,4,7,9,555,4081
3,1,7,9,555,4081
3,5,7,9,555,4081
2,0,7,9,555,4081
2,6,7,9,555,4081
7,3,7,9,555,4081
6,2,7,9,555,4081
6,4,7,9,555,4081
5,1,7,9,555,4081
5,5,7,9,555,4081
4,0,7,9,555,4081
4,6,7,9,555,4081
3,0,7,9,555,4081
3,7,7,9,555,4081
9,3,7,9,555,4081
8,2,7,9,555,4081
8,4,7,9,555,4081
7,1,7,9,555,4081
7,5,7,9,555,4081
6,0,7,9,555,4081
6,6,7,9,555,4081
5,0,7,9,555,4081
5,7,7,9,555,4081
4,1,7,9,555,4081
4,8,7,9,555,4081
8,3,7,9,555,4081
9,2,7,9,555,4081
9,4,7,9,555,4081
9,1,7,9,555,4081
9,5,7,9,555,4081
8,0,7,9,555,4081
8,6,7,9,555,4081
7,0,7,9,555,4081
7,7,7,9,555,4081
6,1,7,9,555,4081
6,8,7,9,555,4081
5,2,7,9,555,4081
5,9,7,9,555,4081
6,3,7,9,555,4081
7,2,7,9,555,4081
7,4,7,9,555,4081
8,1,7,9,555,4081
8,5,7,9,555,4081
9,0,7,9,555,4081
9,6,7,9,555,4081
9,7,7,9,555,4081
8,8,7,9,555,4081
7,9,7,9,555,4081
6,9,7,9,555,4081
4,3,7,9,555,4081
5,4,7,9,555,4081
6,5,7,9,555,4081
7,6,7,9,555,4081
8,7,7,9,555,4081
9,8,7,9,555,4081
9,9,7,9,555,4081
8,9,7,9,555,4081
7,8,7,9,555,4081
2,3,7,9,555,4081
3,2,7,9,555,4081
3,4,7,9,555,4081
4,5,7,9,555,4081
5,6,7,9,555,4081
6,7,7,9,555,4081
0,4,7,9,556,3742
2,4,7,9,556,3742
1,3,7,9,556,3742
1,5,7,9,556,3742
4,4,7,9,556,3742
3,3,7,9,556,3742
3,5,7,9,556,3742
2,2,7,9,556,3742
2,6,7,9,556,3742
6,4,7,9,556,3742
5,3,7,9,556,3742
5,5,7,9,556,3742
4,2,7,9,556,3742
4,6,7,9,556,3742
3,1,7,9,556,3742
3,7,7,9,556,3742
8,4,7,9,556,3742
7,3,7,9,556,3742
7,5,7,9,556,3742
6,2,7,9,556,3742
6,6,7,9,556,3742
5,1,7,9,556,3742
5,7,7,9,556,3742
4,0,7,9,556,3742
4,8,7,9,556,3742
9,4,7,9,556,3742
9,3,7,9,556,3742
9,5,7,9,556,3742
8,2,7,9,556,3742
8,6,7,9,556,3742
7,1,7,9,556,3742
7,7,7,9,556,3742
6,0,7,9,556,3742
6,8,7,9,556,3742
5,0,7,9,556,3742
5,9,7,9,556,3742
7,4,7,9,556,3742
8,3,7,9,556,3742
8,5,7,9,556,3742
9,2,7,9,556,3742
9,6,7,9,556,3742
9,1,7,9,556,3742
9,7,7,9,556,3742
8,0,7,9,556,3742
8,8,7,9,556,3742
7,0,7,9,556,3742
7,9,7,9,556,3742
6,1,7,9,556,3742
6,9,7,9,556,3742
5,4,7,9,556,3742
6,3,7,9,556,3742
6,5,7,9,556,3742
7,2,7,9,556,3742
7,6,7,9,556,3742
8,1,7,9,556,3742
8,7,7,9,556,3742
9,0,7,9,556,3742
9,8,7,9,556,3742
9,9,7,9,556,3742
8,9,7,9,556,3742
7,8,7,9,556,3742
3,4,7,9,556,3742
4,3,7,9,556,3742
4,5,7,9,556,3742
5,2,7,9,556,3742
5,6,7,9,556,3742
6,7,7,9,556,3742
0,4,9,9,557,3833
1,4,9,9,557,3833
0,3,9,9,557,3833
0,5,9,9,557,3833
2,4,9,9,557,3833
1,3,9,9,557,3833
1,5,9,9,557,3833
0,2,9,9,557,3833
0,6,9,9,557,3833
4,4,9,9,557,3833
3,3,9,9,557,3833
3,5,9,9,557,3833
2,2,9,9,557,3833
2,6,9,9,557,3833
1,1,9,9,557,3833
1,7,9,9,557,3833
6,4,9,9,557,3833
5,3,9,9,557,3833
5,5,9,9,557,3833
4,2,9,9,557,3833
4,6,9,9,557,3833
3,1,9,9,557,3833
3,7,9,9,557,3833
2,0,9,9,557,3833
2,8,9,9,557,3833
8,4,9,9,557,3833
7,3,9,9,557,3833
7,5,9,9,557,3833
6,2,9,9,557,3833
6,6,9,9,557,3833
5,1,9,9,557,3833
5,7,9,9,557,3833
4,0,9,9,557,3833
4,8,9,9,557,3833
3,0,9,9,557,3833
3,9,9,9,557,3833
9,4,9,9,557,3833
9,3,9,9,557,3833
9,5,9,9,557,3833
8,2,9,9,557,3833
8,6,9,9,557,3833
7,1,9,9,557,3833
7,7,9,9,557,3833
6,0,9,9,557,3833
6,8,9,9,557,3833
5,0,9,9,557,3833
5,9,9,9,557,3833
4,1,9,9,557,3833
4,9,9,9,557,3833
7,4,9,9,557,3833
8,3,9,9,557,3833
8,5,9,9,557,3833
9,2,9,9,557,3833
9,6,9,9,557,3833
9,1,9,9,557,3833
9,7,9,9,557,3833
8,0,9,9,557,3833
8,8,9,9,557,3833
7,0,9,9,557,3833
7,9,9,9,557,3833
6,1,9,9,557,3833
6,9,9,9,557,3833
5,2,9,9,557,3833
5,8,9,9,557,3833
5,4,9,9,557,3833
6,3,9,9,557,3833
6,5,9,9,557,3833
7,2,9,9,557,3833
7,6,9,9,557,3833
8,1,9,9,557,3833
8,7,9,9,557,3833
9,0,9,9,557,3833
9,8,9,9,557,3833
9,9,9,9,557,3833
8,9,9,9,557,3833
7,8,9,9,557,3833
6,7,9,9,557,3833
3,4,9,9,557,3833
4,3,9,9,557,3833
4,5,9,9,557,3833
5,6,9,9,557,3833
0,5,9,9,558,3480
1,5,9,9,558,3480
0,4,9,9,558,3480
0,6,9,9,558,3480
3,5,9,9,558,3480
2,4,9,9,558,3480
2,6,9,9,558,3480
1,3,9,9,558,3480
1,7,9,9,558,3480
5,5,9,9,558,3480
4,4,9,9,558,3480
4,6,9,9,558,3480
3,3,9,9,558,3480
3,7,9,9,558,3480
2,2,9,9,558,3480
2,8,9,9,558,3480
7,5,9,9,558,3480
6,4,9,9,558,3480
6,6,9,9,558,3480
5,3,9,9,558,3480
5,7,9,9,558,3480
4,2,9,9,558,3480
4,8,9,9,558,3480
3,1,9,9,558,3480
3,9,9,9,558,3480
9,5,9,9,558,3480
8,4,9,9,558,3480
8,6,9,9,558,3480
7,3,9,9,558,3480
7,7,9,9,558,3480
6,2,9,9,558,3480
6,8,9,9,558,3480
5,1,9,9,558,3480
5,9,9,9,558,3480
4,0,9,9,558,3480
4,9,9,9,558,3480
8,5,9,9,558,3480
9,4,9,9,558,3480
9,6,9,9,558,3480
9,3,9,9,558,3480
9,7,9,9,558,3480
8,2,9,9,558,3480
8,8,9,9,558,3480
7,1,9,9,558,3480
7,9,9,9,558,3480
6,0,9,9,558,3480
6,9,9,9,558,3480
5,0,9,9,558,3480
5,8,9,9,558,3480
6,5,9,9,558,3480
7,4,9,9,558,3480
7,6,9,9,558,3480
8,3,9,9,558,3480
8,7,9,9,558,3480
9,2,9,9,558,3480
9,8,9,9,558,3480
9,1,9,9,558,3480
9,9,9,9,558,3480
8,0,9,9,558,3480
8,9,9,9,558,3480
7,0,9,9,558,3480
7,8,9,9,558,3480
6,1,9,9,558,3480
6,7,9,9,558,3480
4,5,9,9,558,3480
5,4,9,9,558,3480
5,6,9,9,558,3480
6,3,9,9,558,3480
7,2,9,9,558,3480
8,1,9,9,558,3480
9,0,9,9,558,3480
0,8,5,7,559,4083
1,8,5,7,559,4083
0,7,5,7,559,4083
0,9,5,7,559,4083
2,8,5,7,559,4083
1,7,5,7,559,4083
1,9,5,7,559,4083
0,6,5,7,559,4083
3,8,5,7,559,4083
2,7,5,7,559,4083
2,9,5,7,559,4083
1,6,5,7,559,4083
0,5,5,7,559,4083
4,8,5,7,559,4083
3,7,5,7,559,4083
3,9,5,7,559,4083
2,6,5,7,559,4083
1,5,5,7,559,4083
0,4,5,7,559,4083
5,8,5,7,559,4083
4,7,5,7,559,4083
4,9,5,7,559,4083
3,6,5,7,559,4083
2,5,5,7,559,4083
1,4,5,7,559,4083
0,3,5,7,559,4083
6,8,5,7,559,4083
5,7,5,7,559,4083
5,9,5,7,559,4083
4,6,5,7,559,4083
3,5,5,7,559,4083
2,4,5,7,559,4083
1,3,5,7,559,4083
0,2,5,7,559,4083
8,8,5,7,559,4083
7,7,5,7,559,4083
7,9,5,7,559,4083
6,6,5,7,559,4083
6,9,5,7,559,4083
5,5,5,7,559,4083
4,4,5,7,559,4083
3,3,5,7,559,4083
2,2,5,7,559,4083
1,1,5,7,559,4083
9,8,5,7,559,4083
9,7,5,7,559,4083
9,9,5,7,559,4083
8,6,5,7,559,4083
8,9,5,7,559,4083
7,5,5,7,559,4083
7,8,5,7,559,4083
6,4,5,7,559,4083
6,7,5,7,559,4083
5,3,5,7,559,4083
5,6,5,7,559,4083
4,2,5,7,559,4083
4,5,5,7,559,4083
3,1,5,7,559,4083
3,4,5,7,559,4083
2,0,5,7,559,4083
2,3,5,7,559,4083
8,7,5,7,559,4083
9,6,5,7,559,4083
9,5,5,7,559,4083
8,4,5,7,559,4083
7,3,5,7,559,4083
7,6,5,7,559,4083
6,2,5,7,559,4083
6,5,5,7,559,4083
5,1,5,7,559,4083
5,4,5,7,559,4083
4,0,5,7,559,4083
4,3,5,7,559,4083
3,0,5,7,559,4083
3,2,5,7,559,4083
0,9,5,7,560,4101
1,9,5,7,560,4101
0,8,5,7,560,4101
2,9,5,7,560,4101
1,8,5,7,560,4101
0,7,5,7,560,4101
3,9,5,7,560,4101
2,8,5,7,560,4101
1,7,5,7,560,4101
0,6,5,7,560,4101
4,9,5,7,560,4101
3,8,5,7,560,4101
2,7,5,7,560,4101
1,6,5,7,560,4101
0,5,5,7,560,4101
5,9,5,7,560,4101
4,8,5,7,560,4101
3,7,5,7,560,4101
2,6,5,7,560,4101
1,5,5,7,560,4101
0,4,5,7,560,4101
6,9,5,7,560,4101
5,8,5,7,560,4101
4,7,5,7,560,4101
3,6,5,7,560,4101
2,5,5,7,560,4101
1,4,5,7,560,4101
0,3,5,7,560,4101
7,9,5,7,560,4101
6,8,5,7,560,4101
5,7,5,7,560,4101
4,6,5,7,560,4101
3,5,5,7,560,4101
2,4,5,7,560,4101
1,3,5,7,560,4101
0,2,5,7,560,4101
9,9,5,7,560,4101
8,8,5,7,560,4101
8,9,5,7,560,4101
7,7,5,7,560,4101
7,8,5,7,560,4101
6,6,5,7,560,4101
6,7,5,7,560,4101
5,5,5,7,560,4101
5,6,5,7,560,4101
4,4,5,7,560,4101
4,5,5,7,560,4101
3,3,5,7,560,4101
3,4,5,7,560,4101
2,2,5,7,560,4101
2,3,5,7,560,4101
1,1,5,7,560,4101
1,2,5,7,560,4101
9,8,5,7,560,4101
9,7,5,7,560,4101
8,6,5,7,560,4101
8,7,5,7,560,4101
7,5,5,7,560,4101
7,6,5,7,560,4101
6,4,5,7,560,4101
6,5,5,7,560,4101
5,3,5,7,560,4101
5,4,5,7,560,4101
4,2,5,7,560,4101
4,3,5,7,560,4101
3,1,5,7,560,4101
3,2,5,7,560,4101
2,0,5,7,560,4101
2,1,5,7,560,4101
2,4,6,6,561,3393
4,4,6,6,561,3393
3,3,6,6,561,3393
3,5,6,6,561,3393
6,4,6,6,561,3393
5,3,6,6,561,3393
5,5,6,6,561,3393
4,2,6,6,561,3393
4,6,6,6,561,3393
8,4,6,6,561,3393
7,3,6,6,561,3393
7,5,6,6,561,3393
6,2,6,6,561,3393
6,6,6,6,561,3393
5,1,6,6,561,3393
5,7,6,6,561,3393
9,4,6,6,561,3393
9,3,6,6,561,3393
9,5,6,6,561,3393
8,2,6,6,561,3393
8,6,6,6,561,3393
7,1,6,6,561,3393
7,7,6,6,561,3393
6,0,6,6,561,3393
6,8,6,6,561,3393
7,4,6,6,561,3393
8,3,6,6,561,3393
8,5,6,6,561,3393
9,2,6,6,561,3393
9,6,6,6,561,3393
9,1,6,6,561,3393
9,7,6,6,561,3393
8,0,6,6,561,3393
8,8,6,6,561,3393
7,0,6,6,561,3393
7,9,6,6,561,3393
5,4,6,6,561,3393
6,3,6,6,561,3393
6,5,6,6,561,3393
7,2,6,6,561,3393
7,6,6,6,561,3393
8,1,6,6,561,3393
8,7,6,6,561,3393
9,0,6,6,561,3393
9,8,6,6,561,3393
9,9,6,6,561,3393
8,9,6,6,561,3393
3,4,6,6,561,3393
4,3,6,6,561,3393
4,5,6,6,561,3393
5,2,6,6,561,3393
5,6,6,6,561,3393
6,1,6,6,561,3393
6,7,6,6,561,3393
7,8,6,6,561,3393
3,5,6,4,562,3008
5,5,6,4,562,3008
4,4,6,4,562,3008
4,6,6,4,562,3008
7,5,6,4,562,3008
6,4,6,4,562,3008
6,6,6,4,562,3008
5,3,6,4,562,3008
5,7,6,4,562,3008
9,5,6,4,562,3008
8,4,6,4,562,3008
8,6,6,4,562,3008
7,3,6,4,562,3008
7,7,6,4,562,3008
6,2,6,4,562,3008
6,8,6,4,562,3008
8,5,6,4,562,3008
9,4,6,4,562,3008
9,6,6,4,562,3008
9,3,6,4,562,3008
9,7,6,4,562,3008
8,2,6,4,562,3008
8,8,6,4,562,3008
7,1,6,4,562,3008
7,9,6,4,562,3008
6,5,6,4,562,3008
7,4,6,4,562,3008
7,6,6,4,562,3008
8,3,6,4,562,3008
8,7,6,4,562,3008
9,2,6,4,562,3008
9,8,6,4,562,3008
9,1,6,4,562,3008
9,9,6,4,562,3008
8,0,6,4,562,3008
8,9,6,4,562,3008
4,5,6,4,562,3008
5,4,6,4,562,3008
5,6,6,4,562,3008
6,3,6,4,562,3008
6,7,6,4,562,3008
7,2,6,4,562,3008
7,8,6,4,562,3008
8,1,6,4,562,3008
9,0,6,4,562,3008
4,6,9,9,563,2263
6,6,9,9,563,2263
5,5,9,9,563,2263
5,7,9,9,563,2263
8,6,9,9,563,2263
7,5,9,9,563,2263
7,7,9,9,563,2263
6,4,9,9,563,2263
6,8,9,9,563,2263
9,6,9,9,563,2263
9,5,9,9,563,2263
9,7,9,9,563,2263
8,4,9,9,563,2263
8,8,9,9,563,2263
7,3,9,9,563,2263
7,9,9,9,563,2263
7,6,9,9,563,2263
8,5,9,9,563,2263
8,7,9,9,563,2263
9,4,9,9,563,2263
9,8,9,9,563,2263
9,3,9,9,563,2263
9,9,9,9,563,2263
8,2,9,9,563,2263
8,9,9,9,563,2263
5,6,9,9,563,2263
6,5,9,9,563,2263
6,7,9,9,563,2263
7,4,9,9,563,2263
7,8,9,9,563,2263
8,3,9,9,563,2263
9,2,9,9,563,2263
9,1,9,9,563,2263
0,2,8,9,564,4691
1,2,8,9,564,4691
0,1,8,9,564,4691
0,3,8,9,564,4691
2,2,8,9,564,4691
1,1,8,9,564,4691
1,3,8,9,564,4691
0,0,8,9,564,4691
0,4,8,9,564,4691
3,2,8,9,564,4691
2,1,8,9,564,4691
2,3,8,9,564,4691
1,0,8,9,564,4691
1,4,8,9,564,4691
0,5,8,9,564,4691
5,2,8,9,564,4691
4,1,8,9,564,4691
4,3,8,9,564,4691
3,0,8,9,564,4691
3,4,8,9,564,4691
2,0,8,9,564,4691
2,5,8,9,564,4691
1,6,8,9,564,4691
7,2,8,9,564,4691
6,1,8,9,564,4691
6,3,8,9,564,4691
5,0,8,9,564,4691
5,4,8,9,564,4691
4,0,8,9,564,4691
4,5,8,9,564,4691
3,1,8,9,564,4691
3,6,8,9,564,4691
2,7,8,9,564,4691
9,2,8,9,564,4691
8,1,8,9,564,4691
8,3,8,9,564,4691
7,0,8,9,564,4691
7,4,8,9,564,4691
6,0,8,9,564,4691
6,5,8,9,564,4691
5,1,8,9,564,4691
5,6,8,9,564,4691
4,2,8,9,564,4691
4,7,8,9,564,4691
3,3,8,9,564,4691
3,8,8,9,564,4691
8,2,8,9,564,4691
9,1,8,9,564,4691
9,3,8,9,564,4691
9,0,8,9,564,4691
9,4,8,9,564,4691
8,0,8,9,564,4691
8,5,8,9,564,4691
7,1,8,9,564,4691
7,6,8,9,564,4691
6,2,8,9,564,4691
6,7,8,9,564,4691
5,3,8,9,564,4691
5,8,8,9,564,4691
4,4,8,9,564,4691
4,9,8,9,564,4691
7,3,8,9,564,4691
8,4,8,9,564,4691
9,5,8,9,564,4691
9,6,8,9,564,4691
8,7,8,9,564,4691
7,8,8,9,564,4691
6,4,8,9,564,4691
6,9,8,9,564,4691
5,5,8,9,564,4691
5,9,8,9,564,4691
7,5,8,9,564,4691
8,6,8,9,564,4691
9,7,8,9,564,4691
9,8,8,9,564,4691
8,9,8,9,564,4691
7,9,8,9,564,4691
6,6,8,9,564,4691
6,8,8,9,564,4691
7,7,8,9,564,4691
8,8,8,9,564,4691
9,9,8,9,564,4691
2,4,8,9,564,4691
3,5,8,9,564,4691
4,6,8,9,564,4691
5,7,8,9,564,4691
0,8,7,8,565,4698
1,8,7,8,565,4698
0,7,7,8,565,4698
0,9,7,8,565,4698
2,8,7,8,565,4698
1,7,7,8,565,4698
1,9,7,8,565,4698
0,6,7,8,565,4698
3,8,7,8,565,4698
2,7,7,8,565,4698
2,9,7,8,565,4698
1,6,7,8,565,4698
0,5,7,8,565,4698
4,8,7,8,565,4698
3,7,7,8,565,4698
3,9,7,8,565,4698
2,6,7,8,565,4698
1,5,7,8,565,4698
0,4,7,8,565,4698
5,8,7,8,565,4698
4,7,7,8,565,4698
4,9,7,8,565,4698
3,6,7,8,565,4698
2,5,7,8,565,4698
1,4,7,8,565,4698
0,3,7,8,565,4698
6,8,7,8,565,4698
5,7,7,8,565,4698
5,9,7,8,565,4698
4,6,7,8,565,4698
3,5,7,8,565,4698
2,4,7,8,565,4698
1,3,7,8,565,4698
0,2,7,8,565,4698
7,8,7,8,565,4698
6,7,7,8,565,4698
6,9,7,8,565,4698
5,6,7,8,565,4698
4,5,7,8,565,4698
3,4,7,8,565,4698
2,3,7,8,565,4698
1,2,7,8,565,4698
0,1,7,8,565,4698
8,8,7,8,565,4698
7,7,7,8,565,4698
7,9,7,8,565,4698
6,6,7,8,565,4698
5,5,7,8,565,4698
4,4,7,8,565,4698
3,3,7,8,565,4698
2,2,7,8,565,4698
1,1,7,8,565,4698
0,0,7,8,565,4698
9,8,7,8,565,4698
8,7,7,8,565,4698
8,9,7,8,565,4698
7,6,7,8,565,4698
6,5,7,8,565,4698
5,4,7,8,565,4698
4,3,7,8,565,4698
3,2,7,8,565,4698
2,1,7,8,565,4698
1,0,7,8,565,4698
9,7,7,8,565,4698
9,9,7,8,565,4698
9,6,7,8,565,4698
8,5,7,8,565,4698
7,4,7,8,565,4698
6,3,7,8,565,4698
5,2,7,8,565,4698
4,1,7,8,565,4698
3,0,7,8,565,4698
2,0,7,8,565,4698
8,6,7,8,565,4698
9,5,7,8,565,4698
9,4,7,8,565,4698
8,3,7,8,565,4698
7,2,7,8,565,4698
7,5,7,8,565,4698
6,1,7,8,565,4698
6,4,7,8,565,4698
5,0,7,8,565,4698
5,3,7,8,565,4698
4,0,7,8,565,4698
4,2,7,8,565,4698
3,1,7,8,565,4698
0,2,7,8,566,4408
1,2,7,8,566,4408
0,1,7,8,566,4408
0,3,7,8,566,4408
3,2,7,8,566,4408
2,1,7,8,566,4408
2,3,7,8,566,4408
1,0,7,8,566,4408
1,4,7,8,566,4408
5,2,7,8,566,4408
4,1,7,8,566,4408
4,3,7,8,566,4408
3,0,7,8,566,4408
3,4,7,8,566,4408
2,0,7,8,566,4408
2,5,7,8,566,4408
7,2,7,8,566,4408
6,1,7,8,566,4408
6,3,7,8,566,4408
5,0,7,8,566,4408
5,4,7,8,566,4408
4,0,7,8,566,4408
4,5,7,8,566,4408
3,1,7,8,566,4408
3,6,7,8,566,4408
9,2,7,8,566,4408
8,1,7,8,566,4408
8,3,7,8,566,4408
7,0,7,8,566,4408
7,4,7,8,566,4408
6,0,7,8,566,4408
6,5,7,8,566,4408
5,1,7,8,566,4408
5,6,7,8,566,4408
4,2,7,8,566,4408
4,7,7,8,566,4408
8,2,7,8,566,4408
9,1,7,8,566,4408
9,3,7,8,566,4408
9,0,7,8,566,4408
9,4,7,8,566,4408
8,0,7,8,566,4408
8,5,7,8,566,4408
7,1,7,8,566,4408
7,6,7,8,566,4408
6,2,7,8,566,4408
6,7,7,8,566,4408
5,3,7,8,566,4408
5,8,7,8,566,4408
7,3,7,8,566,4408
8,4,7,8,566,4408
9,5,7,8,566,4408
9,6,7,8,566,4408
8,7,7,8,566,4408
7,8,7,8,566,4408
6,4,7,8,566,4408
6,9,7,8,566,4408
7,5,7,8,566,4408
8,6,7,8,566,4408
9,7,7,8,566,4408
9,8,7,8,566,4408
8,9,7,8,566,4408
7,9,7,8,566,4408
2,2,7,8,566,4408
3,3,7,8,566,4408
4,4,7,8,566,4408
5,5,7,8,566,4408
6,6,7,8,566,4408
7,7,7,8,566,4408
8,8,7,8,566,4408
9,9,7,8,566,4408
1,1,7,8,566,4408
1,3,7,8,566,4408
2,4,7,8,566,4408
3,5,7,8,566,4408
4,6,7,8,566,4408
5,7,7,8,566,4408
6,8,7,8,566,4408
0,3,7,8,567,4091
2,3,7,8,567,4091
1,2,7,8,567,4091
1,4,7,8,567,4091
4,3,7,8,567,4091
3,2,7,8,567,4091
3,4,7,8,567,4091
2,1,7,8,567,4091
2,5,7,8,567,4091
6,3,7,8,567,4091
5,2,7,8,567,4091
5,4,7,8,567,4091
4,1,7,8,567,4091
4,5,7,8,567,4091
3,0,7,8,567,4091
3,6,7,8,567,4091
8,3,7,8,567,4091
7,2,7,8,567,4091
7,4,7,8,567,4091
6,1,7,8,567,4091
6,5,7,8,567,4091
5,0,7,8,567,4091
5,6,7,8,567,4091
4,0,7,8,567,4091
4,7,7,8,567,4091
9,3,7,8,567,4091
9,2,7,8,567,4091
9,4,7,8,567,4091
8,1,7,8,567,4091
8,5,7,8,567,4091
7,0,7,8,567,4091
7,6,7,8,567,4091
6,0,7,8,567,4091
6,7,7,8,567,4091
5,1,7,8,567,4091
5,8,7,8,567,4091
7,3,7,8,567,4091
8,2,7,8,567,4091
8,4,7,8,567,4091
9,1,7,8,567,4091
9,5,7,8,567,4091
9,0,7,8,567,4091
9,6,7,8,567,4091
8,0,7,8,567,4091
8,7,7,8,567,4091
7,1,7,8,567,4091
7,8,7,8,567,4091
6,2,7,8,567,4091
6,9,7,8,567,4091
5,3,7,8,567,4091
6,4,7,8,567,4091
7,5,7,8,567,4091
8,6,7,8,567,4091
9,7,7,8,567,4091
9,8,7,8,567,4091
8,9,7,8,567,4091
7,9,7,8,567,4091
3,3,7,8,567,4091
4,2,7,8,567,4091
4,4,7,8,567,4091
5,5,7,8,567,4091
6,6,7,8,567,4091
7,7,7,8,567,4091
8,8,7,8,567,4091
9,9,7,8,567,4091
1,3,7,8,567,4091
2,2,7,8,567,4091
2,4,7,8,567,4091
3,1,7,8,567,4091
3,5,7,8,567,4091
4,6,7,8,567,4091
5,7,7,8,567,4091
6,8,7,8,567,4091
0,3,8,9,568,4394
1,3,8,9,568,4394
0,2,8,9,568,4394
0,4,8,9,568,4394
2,3,8,9,568,4394
1,2,8,9,568,4394
1,4,8,9,568,4394
0,1,8,9,568,4394
0,5,8,9,568,4394
4,3,8,9,568,4394
3,2,8,9,568,4394
3,4,8,9,568,4394
2,1,8,9,568,4394
2,5,8,9,568,4394
1,0,8,9,568,4394
1,6,8,9,568,4394
6,3,8,9,568,4394
5,2,8,9,568,4394
5,4,8,9,568,4394
4,1,8,9,568,4394
4,5,8,9,568,4394
3,0,8,9,568,4394
3,6,8,9,568,4394
2,0,8,9,568,4394
2,7,8,9,568,4394
8,3,8,9,568,4394
7,2,8,9,568,4394
7,4,8,9,568,4394
6,1,8,9,568,4394
6,5,8,9,568,4394
5,0,8,9,568,4394
5,6,8,9,568,4394
4,0,8,9,568,4394
4,7,8,9,568,4394
3,1,8,9,568,4394
3,8,8,9,568,4394
9,3,8,9,568,4394
9,2,8,9,568,4394
9,4,8,9,568,4394
8,1,8,9,568,4394
8,5,8,9,568,4394
7,0,8,9,568,4394
7,6,8,9,568,4394
6,0,8,9,568,4394
6,7,8,9,568,4394
5,1,8,9,568,4394
5,8,8,9,568,4394
4,2,8,9,568,4394
4,9,8,9,568,4394
7,3,8,9,568,4394
8,2,8,9,568,4394
8,4,8,9,568,4394
9,1,8,9,568,4394
9,5,8,9,568,4394
9,0,8,9,568,4394
9,6,8,9,568,4394
8,0,8,9,568,4394
8,7,8,9,568,4394
7,1,8,9,568,4394
7,8,8,9,568,4394
6,2,8,9,568,4394
6,9,8,9,568,4394
5,3,8,9,568,4394
5,9,8,9,568,4394
6,4,8,9,568,4394
7,5,8,9,568,4394
8,6,8,9,568,4394
9,7,8,9,568,4394
9,8,8,9,568,4394
8,9,8,9,568,4394
7,9,8,9,568,4394
6,8,8,9,568,4394
3,3,8,9,568,4394
4,4,8,9,568,4394
5,5,8,9,568,4394
6,6,8,9,568,4394
7,7,8,9,568,4394
8,8,8,9,568,4394
9,9,8,9,568,4394
2,2,8,9,568,4394
2,4,8,9,568,4394
3,5,8,9,568,4394
4,6,8,9,568,4394
5,7,8,9,568,4394
0,4,8,9,569,4077
1,4,8,9,569,4077
0,3,8,9,569,4077
0,5,8,9,569,4077
3,4,8,9,569,4077
2,3,8,9,569,4077
2,5,8,9,569,4077
1,2,8,9,569,4077
1,6,8,9,569,4077
5,4,8,9,569,4077
4,3,8,9,569,4077
4,5,8,9,569,4077
3,2,8,9,569,4077
3,6,8,9,569,4077
2,1,8,9,569,4077
2,7,8,9,569,4077
7,4,8,9,569,4077
6,3,8,9,569,4077
6,5,8,9,569,4077
5,2,8,9,569,4077
5,6,8,9,569,4077
4,1,8,9,569,4077
4,7,8,9,569,4077
3,0,8,9,569,4077
3,8,8,9,569,4077
9,4,8,9,569,4077
8,3,8,9,569,4077
8,5,8,9,569,4077
7,2,8,9,569,4077
7,6,8,9,569,4077
6,1,8,9,569,4077
6,7,8,9,569,4077
5,0,8,9,569,4077
5,8,8,9,569,4077
4,0,8,9,569,4077
4,9,8,9,569,4077
8,4,8,9,569,4077
9,3,8,9,569,4077
9,5,8,9,569,4077
9,2,8,9,569,4077
9,6,8,9,569,4077
8,1,8,9,569,4077
8,7,8,9,569,4077
7,0,8,9,569,4077
7,8,8,9,569,4077
6,0,8,9,569,4077
6,9,8,9,569,4077
5,1,8,9,569,4077
5,9,8,9,569,4077
6,4,8,9,569,4077
7,3,8,9,569,4077
7,5,8,9,569,4077
8,2,8,9,569,4077
8,6,8,9,569,4077
9,1,8,9,569,4077
9,7,8,9,569,4077
9,0,8,9,569,4077
9,8,8,9,569,4077
8,0,8,9,569,4077
8,9,8,9,569,4077
7,1,8,9,569,4077
7,9,8,9,569,4077
6,2,8,9,569,4077
6,8,8,9,569,4077
4,4,8,9,569,4077
5,3,8,9,569,4077
5,5,8,9,569,4077
6,6,8,9,569,4077
7,7,8,9,569,4077
8,8,8,9,569,4077
9,9,8,9,569,4077
2,4,8,9,569,4077
3,3,8,9,569,4077
3,5,8,9,569,4077
4,2,8,9,569,4077
4,6,8,9,569,4077
5,7,8,9,569,4077
0,8,6,7,570,4400
1,8,6,7,570,4400
0,7,6,7,570,4400
0,9,6,7,570,4400
2,8,6,7,570,4400
1,7,6,7,570,4400
1,9,6,7,570,4400
0,6,6,7,570,4400
3,8,6,7,570,4400
2,7,6,7,570,4400
2,9,6,7,570,4400
1,6,6,7,570,4400
0,5,6,7,570,4400
4,8,6,7,570,4400
3,7,6,7,570,4400
3,9,6,7,570,4400
2,6,6,7,570,4400
1,5,6,7,570,4400
0,4,6,7,570,4400
5,8,6,7,570,4400
4,7,6,7,570,4400
4,9,6,7,570,4400
3,6,6,7,570,4400
2,5,6,7,570,4400
1,4,6,7,570,4400
0,3,6,7,570,4400
6,8,6,7,570,4400
5,7,6,7,570,4400
5,9,6,7,570,4400
4,6,6,7,570,4400
3,5,6,7,570,4400
2,4,6,7,570,4400
1,3,6,7,570,4400
0,2,6,7,570,4400
7,8,6,7,570,4400
6,7,6,7,570,4400
6,9,6,7,570,4400
5,6,6,7,570,4400
4,5,6,7,570,4400
3,4,6,7,570,4400
2,3,6,7,570,4400
1,2,6,7,570,4400
0,1,6,7,570,4400
9,8,6,7,570,4400
8,7,6,7,570,4400
8,9,6,7,570,4400
7,6,6,7,570,4400
7,9,6,7,570,4400
6,5,6,7,570,4400
5,4,6,7,570,4400
4,3,6,7,570,4400
3,2,6,7,570,4400
2,1,6,7,570,4400
1,0,6,7,570,4400
8,8,6,7,570,4400
9,7,6,7,570,4400
9,9,6,7,570,4400
9,6,6,7,570,4400
8,5,6,7,570,4400
7,4,6,7,570,4400
7,7,6,7,570,4400
6,3,6,7,570,4400
6,6,6,7,570,4400
5,2,6,7,570,4400
5,5,6,7,570,4400
4,1,6,7,570,4400
4,4,6,7,570,4400
3,0,6,7,570,4400
3,3,6,7,570,4400
2,0,6,7,570,4400
2,2,6,7,570,4400
8,6,6,7,570,4400
9,5,6,7,570,4400
9,4,6,7,570,4400
8,3,6,7,570,4400
7,2,6,7,570,4400
7,5,6,7,570,4400
6,1,6,7,570,4400
6,4,6,7,570,4400
5,0,6,7,570,4400
5,3,6,7,570,4400
4,0,6,7,570,4400
4,2,6,7,570,4400
3,1,6,7,570,4400
0,9,6,7,571,4419
1,9,6,7,571,4419
0,8,6,7,571,4419
2,9,6,7,571,4419
1,8,6,7,571,4419
0,7,6,7,571,4419
3,9,6,7,571,4419
2,8,6,7,571,4419
1,7,6,7,571,4419
0,6,6,7,571,4419
4,9,6,7,571,4419
3,8,6,7,571,4419
2,7,6,7,571,4419
1,6,6,7,571,4419
0,5,6,7,571,4419
5,9,6,7,571,4419
4,8,6,7,571,4419
3,7,6,7,571,4419
2,6,6,7,571,4419
1,5,6,7,571,4419
0,4,6,7,571,4419
6,9,6,7,571,4419
5,8,6,7,571,4419
4,7,6,7,571,4419
3,6,6,7,571,4419
2,5,6,7,571,4419
1,4,6,7,571,4419
0,3,6,7,571,4419
7,9,6,7,571,4419
6,8,6,7,571,4419
5,7,6,7,571,4419
4,6,6,7,571,4419
3,5,6,7,571,4419
2,4,6,7,571,4419
1,3,6,7,571,4419
0,2,6,7,571,4419
8,9,6,7,571,4419
7,8,6,7,571,4419
6,7,6,7,571,4419
5,6,6,7,571,4419
4,5,6,7,571,4419
3,4,6,7,571,4419
2,3,6,7,571,4419
1,2,6,7,571,4419
0,1,6,7,571,4419
9,9,6,7,571,4419
9,8,6,7,571,4419
8,7,6,7,571,4419
8,8,6,7,571,4419
7,6,6,7,571,4419
7,7,6,7,571,4419
6,5,6,7,571,4419
6,6,6,7,571,4419
5,4,6,7,571,4419
5,5,6,7,571,4419
4,3,6,7,571,4419
4,4,6,7,571,4419
3,2,6,7,571,4419
3,3,6,7,571,4419
2,1,6,7,571,4419
2,2,6,7,571,4419
1,0,6,7,571,4419
1,1,6,7,571,4419
9,7,6,7,571,4419
9,6,6,7,571,4419
8,5,6,7,571,4419
8,6,6,7,571,4419
7,4,6,7,571,4419
7,5,6,7,571,4419
6,3,6,7,571,4419
6,4,6,7,571,4419
5,2,6,7,571,4419
5,3,6,7,571,4419
4,1,6,7,571,4419
4,2,6,7,571,4419
3,0,6,7,571,4419
3,1,6,7,571,4419
2,0,6,7,571,4419
1,4,6,7,572,3758
3,4,6,7,572,3758
2,3,6,7,572,3758
2,5,6,7,572,3758
5,4,6,7,572,3758
4,3,6,7,572,3758
4,5,6,7,572,3758
3,2,6,7,572,3758
3,6,6,7,572,3758
7,4,6,7,572,3758
6,3,6,7,572,3758
6,5,6,7,572,3758
5,2,6,7,572,3758
5,6,6,7,572,3758
4,1,6,7,572,3758
4,7,6,7,572,3758
9,4,6,7,572,3758
8,3,6,7,572,3758
8,5,6,7,572,3758
7,2,6,7,572,3758
7,6,6,7,572,3758
6,1,6,7,572,3758
6,7,6,7,572,3758
5,0,6,7,572,3758
5,8,6,7,572,3758
8,4,6,7,572,3758
9,3,6,7,572,3758
9,5,6,7,572,3758
9,2,6,7,572,3758
9,6,6,7,572,3758
8,1,6,7,572,3758
8,7,6,7,572,3758
7,0,6,7,572,3758
7,8,6,7,572,3758
6,0,6,7,572,3758
6,9,6,7,572,3758
6,4,6,7,572,3758
7,3,6,7,572,3758
7,5,6,7,572,3758
8,2,6,7,572,3758
8,6,6,7,572,3758
9,1,6,7,572,3758
9,7,6,7,572,3758
9,0,6,7,572,3758
9,8,6,7,572,3758
8,0,6,7,572,3758
8,9,6,7,572,3758
7,1,6,7,572,3758
7,9,6,7,572,3758
4,4,6,7,572,3758
5,3,6,7,572,3758
5,5,6,7,572,3758
6,2,6,7,572,3758
6,6,6,7,572,3758
7,7,6,7,572,3758
8,8,6,7,572,3758
9,9,6,7,572,3758
2,4,6,7,572,3758
3,3,6,7,572,3758
3,5,6,7,572,3758
4,2,6,7,572,3758
4,6,6,7,572,3758
5,1,6,7,572,3758
5,7,6,7,572,3758
6,8,6,7,572,3758
2,5,6,5,573,3399
4,5,6,5,573,3399
3,4,6,5,573,3399
3,6,6,5,573,3399
6,5,6,5,573,3399
5,4,6,5,573,3399
5,6,6,5,573,3399
4,3,6,5,573,3399
4,7,6,5,573,3399
8,5,6,5,573,3399
7,4,6,5,573,3399
7,6,6,5,573,3399
6,3,6,5,573,3399
6,7,6,5,573,3399
5,2,6,5,573,3399
5,8,6,5,573,3399
9,5,6,5,573,3399
9,4,6,5,573,3399
9,6,6,5,573,3399
8,3,6,5,573,3399
8,7,6,5,573,3399
7,2,6,5,573,3399
7,8,6,5,573,3399
6,1,6,5,573,3399
6,9,6,5,573,3399
7,5,6,5,573,3399
8,4,6,5,573,3399
8,6,6,5,573,3399
9,3,6,5,573,3399
9,7,6,5,573,3399
9,2,6,5,573,3399
9,8,6,5,573,3399
8,1,6,5,573,3399
8,9,6,5,573,3399
7,0,6,5,573,3399
7,9,6,5,573,3399
5,5,6,5,573,3399
6,4,6,5,573,3399
6,6,6,5,573,3399
7,3,6,5,573,3399
7,7,6,5,573,3399
8,2,6,5,573,3399
8,8,6,5,573,3399
9,1,6,5,573,3399
9,9,6,5,573,3399
9,0,6,5,573,3399
8,0,6,5,573,3399
3,5,6,5,573,3399
4,4,6,5,573,3399
4,6,6,5,573,3399
5,3,6,5,573,3399
5,7,6,5,573,3399
6,2,6,5,573,3399
6,8,6,5,573,3399
7,1,6,5,573,3399
0,3,7,9,574,4400
1,3,7,9,574,4400
0,2,7,9,574,4400
0,4,7,9,574,4400
3,3,7,9,574,4400
2,2,7,9,574,4400
2,4,7,9,574,4400
1,1,7,9,574,4400
1,5,7,9,574,4400
5,3,7,9,574,4400
4,2,7,9,574,4400
4,4,7,9,574,4400
3,1,7,9,574,4400
3,5,7,9,574,4400
2,0,7,9,574,4400
2,6,7,9,574,4400
7,3,7,9,574,4400
6,2,7,9,574,4400
6,4,7,9,574,4400
5,1,7,9,574,4400
5,5,7,9,574,4400
4,0,7,9,574,4400
4,6,7,9,574,4400
3,0,7,9,574,4400
3,7,7,9,574,4400
9,3,7,9,574,4400
8,2,7,9,574,4400
8,4,7,9,574,4400
7,1,7,9,574,4400
7,5,7,9,574,4400
6,0,7,9,574,4400
6,6,7,9,574,4400
5,0,7,9,574,4400
5,7,7,9,574,4400
4,1,7,9,574,4400
4,8,7,9,574,4400
8,3,7,9,574,4400
9,2,7,9,574,4400
9,4,7,9,574,4400
9,1,7,9,574,4400
9,5,7,9,574,4400
8,0,7,9,574,4400
8,6,7,9,574,4400
7,0,7,9,574,4400
7,7,7,9,574,4400
6,1,7,9,574,4400
6,8,7,9,574,4400
5,2,7,9,574,4400
5,9,7,9,574,4400
6,3,7,9,574,4400
7,2,7,9,574,4400
7,4,7,9,574,4400
8,1,7,9,574,4400
8,5,7,9,574,4400
9,0,7,9,574,4400
9,6,7,9,574,4400
9,7,7,9,574,4400
8,8,7,9,574,4400
7,9,7,9,574,4400
6,9,7,9,574,4400
4,3,7,9,574,4400
5,4,7,9,574,4400
6,5,7,9,574,4400
7,6,7,9,574,4400
8,7,7,9,574,4400
9,8,7,9,574,4400
9,9,7,9,574,4400
8,9,7,9,574,4400
7,8,7,9,574,4400
2,3,7,9,574,4400
3,2,7,9,574,4400
3,4,7,9,574,4400
4,5,7,9,574,4400
5,6,7,9,574,4400
6,7,7,9,574,4400
1,2,7,9,574,4400
1,4,7,9,574,4400
2,1,7,9,574,4400
2,5,7,9,574,4400
3,6,7,9,574,4400
4,7,7,9,574,4400
5,8,7,9,574,4400
0,3,9,9,575,4240
1,3,9,9,575,4240
0,2,9,9,575,4240
0,4,9,9,575,4240
2,3,9,9,575,4240
1,2,9,9,575,4240
1,4,9,9,575,4240
0,1,9,9,575,4240
0,5,9,9,575,4240
3,3,9,9,575,4240
2,2,9,9,575,4240
2,4,9,9,575,4240
1,1,9,9,575,4240
1,5,9,9,575,4240
0,0,9,9,575,4240
0,6,9,9,575,4240
5,3,9,9,575,4240
4,2,9,9,575,4240
4,4,9,9,575,4240
3,1,9,9,575,4240
3,5,9,9,575,4240
2,0,9,9,575,4240
2,6,9,9,575,4240
1,0,9,9,575,4240
1,7,9,9,575,4240
7,3,9,9,575,4240
6,2,9,9,575,4240
6,4,9,9,575,4240
5,1,9,9,575,4240
5,5,9,9,575,4240
4,0,9,9,575,4240
4,6,9,9,575,4240
3,0,9,9,575,4240
3,7,9,9,575,4240
2,1,9,9,575,4240
2,8,9,9,575,4240
9,3,9,9,575,4240
8,2,9,9,575,4240
8,4,9,9,575,4240
7,1,9,9,575,4240
7,5,9,9,575,4240
6,0,9,9,575,4240
6,6,9,9,575,4240
5,0,9,9,575,4240
5,7,9,9,575,4240
4,1,9,9,575,4240
4,8,9,9,575,4240
3,2,9,9,575,4240
3,9,9,9,575,4240
8,3,9,9,575,4240
9,2,9,9,575,4240
9,4,9,9,575,4240
9,1,9,9,575,4240
9,5,9,9,575,4240
8,0,9,9,575,4240
8,6,9,9,575,4240
7,0,9,9,575,4240
7,7,9,9,575,4240
6,1,9,9,575,4240
6,8,9,9,575,4240
5,2,9,9,575,4240
5,9,9,9,575,4240
4,3,9,9,575,4240
4,9,9,9,575,4240
6,3,9,9,575,4240
7,2,9,9,575,4240
7,4,9,9,575,4240
8,1,9,9,575,4240
8,5,9,9,575,4240
9,0,9,9,575,4240
9,6,9,9,575,4240
9,7,9,9,575,4240
8,8,9,9,575,4240
7,9,9,9,575,4240
6,9,9,9,575,4240
5,4,9,9,575,4240
5,8,9,9,575,4240
6,5,9,9,575,4240
7,6,9,9,575,4240
8,7,9,9,575,4240
9,8,9,9,575,4240
9,9,9,9,575,4240
8,9,9,9,575,4240
7,8,9,9,575,4240
6,7,9,9,575,4240
3,4,9,9,575,4240
4,5,9,9,575,4240
5,6,9,9,575,4240
2,5,9,9,575,4240
3,6,9,9,575,4240
4,7,9,9,575,4240
0,4,9,9,576,3918
1,4,9,9,576,3918
0,3,9,9,576,3918
0,5,9,9,576,3918
2,4,9,9,576,3918
1,3,9,9,576,3918
1,5,9,9,576,3918
0,2,9,9,576,3918
0,6,9,9,576,3918
4,4,9,9,576,3918
3,3,9,9,576,3918
3,5,9,9,576,3918
2,2,9,9,576,3918
2,6,9,9,576,3918
1,1,9,9,576,3918
1,7,9,9,576,3918
6,4,9,9,576,3918
5,3,9,9,576,3918
5,5,9,9,576,3918
4,2,9,9,576,3918
4,6,9,9,576,3918
3,1,9,9,576,3918
3,7,9,9,576,3918
2,0,9,9,576,3918
2,8,9,9,576,3918
8,4,9,9,576,3918
7,3,9,9,576,3918
7,5,9,9,576,3918
6,2,9,9,576,3918
6,6,9,9,576,3918
5,1,9,9,576,3918
5,7,9,9,576,3918
4,0,9,9,576,3918
4,8,9,9,576,3918
3,0,9,9,576,3918
3,9,9,9,576,3918
9,4,9,9,576,3918
9,3,9,9,576,3918
9,5,9,9,576,3918
8,2,9,9,576,3918
8,6,9,9,576,3918
7,1,9,9,576,3918
7,7,9,9,576,3918
6,0,9,9,576,3918
6,8,9,9,576,3918
5,0,9,9,576,3918
5,9,9,9,576,3918
4,1,9,9,576,3918
4,9,9,9,576,3918
7,4,9,9,576,3918
8,3,9,9,576,3918
8,5,9,9,576,3918
9,2,9,9,576,3918
9,6,9,9,576,3918
9,1,9,9,576,3918
9,7,9,9,576,3918
8,0,9,9,576,3918
8,8,9,9,576,3918
7,0,9,9,576,3918
7,9,9,9,576,3918
6,1,9,9,576,3918
6,9,9,9,576,3918
5,2,9,9,576,3918
5,8,9,9,576,3918
5,4,9,9,576,3918
6,3,9,9,576,3918
6,5,9,9,576,3918
7,2,9,9,576,3918
7,6,9,9,576,3918
8,1,9,9,576,3918
8,7,9,9,576,3918
9,0,9,9,576,3918
9,8,9,9,576,3918
9,9,9,9,576,3918
8,9,9,9,576,3918
7,8,9,9,576,3918
6,7,9,9,576,3918
3,4,9,9,576,3918
4,3,9,9,576,3918
4,5,9,9,576,3918
5,6,9,9,576,3918
2,3,9,9,576,3918
2,5,9,9,576,3918
3,2,9,9,576,3918
3,6,9,9,576,3918
4,7,9,9,576,3918
0,8,7,7,577,4696
1,8,7,7,577,4696
0,7,7,7,577,4696
0,9,7,7,577,4696
2,8,7,7,577,4696
1,7,7,7,577,4696
1,9,7,7,577,4696
0,6,7,7,577,4696
3,8,7,7,577,4696
2,7,7,7,577,4696
2,9,7,7,577,4696
1,6,7,7,577,4696
0,5,7,7,577,4696
4,8,7,7,577,4696
3,7,7,7,577,4696
3,9,7,7,577,4696
2,6,7,7,577,4696
1,5,7,7,577,4696
0,4,7,7,577,4696
5,8,7,7,577,4696
4,7,7,7,577,4696
4,9,7,7,577,4696
3,6,7,7,577,4696
2,5,7,7,577,4696
1,4,7,7,577,4696
0,3,7,7,577,4696
6,8,7,7,577,4696
5,7,7,7,577,4696
5,9,7,7,577,4696
4,6,7,7,577,4696
3,5,7,7,577,4696
2,4,7,7,577,4696
1,3,7,7,577,4696
0,2,7,7,577,4696
7,8,7,7,577,4696
6,7,7,7,577,4696
6,9,7,7,577,4696
5,6,7,7,577,4696
4,5,7,7,577,4696
3,4,7,7,577,4696
2,3,7,7,577,4696
1,2,7,7,577,4696
0,1,7,7,577,4696
8,8,7,7,577,4696
7,7,7,7,577,4696
7,9,7,7,577,4696
6,6,7,7,577,4696
5,5,7,7,577,4696
4,4,7,7,577,4696
3,3,7,7,577,4696
2,2,7,7,577,4696
1,1,7,7,577,4696
0,0,7,7,577,4696
9,8,7,7,577,4696
9,7,7,7,577,4696
9,9,7,7,577,4696
8,6,7,7,577,4696
8,9,7,7,577,4696
7,5,7,7,577,4696
6,4,7,7,577,4696
5,3,7,7,577,4696
4,2,7,7,577,4696
3,1,7,7,577,4696
2,0,7,7,577,4696
1,0,7,7,577,4696
8,7,7,7,577,4696
9,6,7,7,577,4696
9,5,7,7,577,4696
8,4,7,7,577,4696
7,3,7,7,577,4696
7,6,7,7,577,4696
6,2,7,7,577,4696
6,5,7,7,577,4696
5,1,7,7,577,4696
5,4,7,7,577,4696
4,0,7,7,577,4696
4,3,7,7,577,4696
3,0,7,7,577,4696
3,2,7,7,577,4696
2,1,7,7,577,4696
8,5,7,7,577,4696
9,4,7,7,577,4696
9,3,7,7,577,4696
8,2,7,7,577,4696
7,1,7,7,577,4696
7,4,7,7,577,4696
6,0,7,7,577,4696
6,3,7,7,577,4696
5,0,7,7,577,4696
5,2,7,7,577,4696
4,1,7,7,577,4696
0,4,7,7,578,4101
2,4,7,7,578,4101
1,3,7,7,578,4101
1,5,7,7,578,4101
4,4,7,7,578,4101
3,3,7,7,578,4101
3,5,7,7,578,4101
2,2,7,7,578,4101
2,6,7,7,578,4101
6,4,7,7,578,4101
5,3,7,7,578,4101
5,5,7,7,578,4101
4,2,7,7,578,4101
4,6,7,7,578,4101
3,1,7,7,578,4101
3,7,7,7,578,4101
8,4,7,7,578,4101
7,3,7,7,578,4101
7,5,7,7,578,4101
6,2,7,7,578,4101
6,6,7,7,578,4101
5,1,7,7,578,4101
5,7,7,7,578,4101
4,0,7,7,578,4101
4,8,7,7,578,4101
9,4,7,7,578,4101
9,3,7,7,578,4101
9,5,7,7,578,4101
8,2,7,7,578,4101
8,6,7,7,578,4101
7,1,7,7,578,4101
7,7,7,7,578,4101
6,0,7,7,578,4101
6,8,7,7,578,4101
5,0,7,7,578,4101
5,9,7,7,578,4101
7,4,7,7,578,4101
8,3,7,7,578,4101
8,5,7,7,578,4101
9,2,7,7,578,4101
9,6,7,7,578,4101
9,1,7,7,578,4101
9,7,7,7,578,4101
8,0,7,7,578,4101
8,8,7,7,578,4101
7,0,7,7,578,4101
7,9,7,7,578,4101
6,1,7,7,578,4101
6,9,7,7,578,4101
5,4,7,7,578,4101
6,3,7,7,578,4101
6,5,7,7,578,4101
7,2,7,7,578,4101
7,6,7,7,578,4101
8,1,7,7,578,4101
8,7,7,7,578,4101
9,0,7,7,578,4101
9,8,7,7,578,4101
9,9,7,7,578,4101
8,9,7,7,578,4101
7,8,7,7,578,4101
3,4,7,7,578,4101
4,3,7,7,578,4101
4,5,7,7,578,4101
5,2,7,7,578,4101
5,6,7,7,578,4101
6,7,7,7,578,4101
1,4,7,7,578,4101
2,3,7,7,578,4101
2,5,7,7,578,4101
3,2,7,7,578,4101
3,6,7,7,578,4101
4,1,7,7,578,4101
4,7,7,7,578,4101
5,8,7,7,578,4101
1,5,6,6,579,3765
3,5,6,6,579,3765
2,4,6,6,579,3765
2,6,6,6,579,3765
5,5,6,6,579,3765
4,4,6,6,579,3765
4,6,6,6,579,3765
3,3,6,6,579,3765
3,7,6,6,579,3765
7,5,6,6,579,3765
6,4,6,6,579,3765
6,6,6,6,579,3765
5,3,6,6,579,3765
5,7,6,6,579,3765
4,2,6,6,579,3765
4,8,6,6,579,3765
9,5,6,6,579,3765
8,4,6,6,579,3765
8,6,6,6,579,3765
7,3,6,6,579,3765
7,7,6,6,579,3765
6,2,6,6,579,3765
6,8,6,6,579,3765
5,1,6,6,579,3765
5,9,6,6,579,3765
8,5,6,6,579,3765
9,4,6,6,579,3765
9,6,6,6,579,3765
9,3,6,6,579,3765
9,7,6,6,579,3765
8,2,6,6,579,3765
8,8,6,6,579,3765
7,1,6,6,579,3765
7,9,6,6,579,3765
6,0,6,6,579,3765
6,9,6,6,579,3765
6,5,6,6,579,3765
7,4,6,6,579,3765
7,6,6,6,579,3765
8,3,6,6,579,3765
8,7,6,6,579,3765
9,2,6,6,579,3765
9,8,6,6,579,3765
9,1,6,6,579,3765
9,9,6,6,579,3765
8,0,6,6,579,3765
8,9,6,6,579,3765
7,0,6,6,579,3765
7,8,6,6,579,3765
4,5,6,6,579,3765
5,4,6,6,579,3765
5,6,6,6,579,3765
6,3,6,6,579,3765
6,7,6,6,579,3765
7,2,6,6,579,3765
8,1,6,6,579,3765
9,0,6,6,579,3765
2,5,6,6,579,3765
3,4,6,6,579,3765
3,6,6,6,579,3765
4,3,6,6,579,3765
4,7,6,6,579,3765
5,2,6,6,579,3765
5,8,6,6,579,3765
6,1,6,6,579,3765
0,3,8,9,580,4685
1,3,8,9,580,4685
0,2,8,9,580,4685
0,4,8,9,580,4685
2,3,8,9,580,4685
1,2,8,9,580,4685
1,4,8,9,580,4685
0,1,8,9,580,4685
0,5,8,9,580,4685
4,3,8,9,580,4685
3,2,8,9,580,4685
3,4,8,9,580,4685
2,1,8,9,580,4685
2,5,8,9,580,4685
1,0,8,9,580,4685
1,6,8,9,580,4685
6,3,8,9,580,4685
5,2,8,9,580,4685
5,4,8,9,580,4685
4,1,8,9,580,4685
4,5,8,9,580,4685
3,0,8,9,580,4685
3,6,8,9,580,4685
2,0,8,9,580,4685
2,7,8,9,580,4685
8,3,8,9,580,4685
7,2,8,9,580,4685
7,4,8,9,580,4685
6,1,8,9,580,4685
6,5,8,9,580,4685
5,0,8,9,580,4685
5,6,8,9,580,4685
4,0,8,9,580,4685
4,7,8,9,580,4685
3,1,8,9,580,4685
3,8,8,9,580,4685
9,3,8,9,580,4685
9,2,8,9,580,4685
9,4,8,9,580,4685
8,1,8,9,580,4685
8,5,8,9,580,4685
7,0,8,9,580,4685
7,6,8,9,580,4685
6,0,8,9,580,4685
6,7,8,9,580,4685
5,1,8,9,580,4685
5,8,8,9,580,4685
4,2,8,9,580,4685
4,9,8,9,580,4685
7,3,8,9,580,4685
8,2,8,9,580,4685
8,4,8,9,580,4685
9,1,8,9,580,4685
9,5,8,9,580,4685
9,0,8,9,580,4685
9,6,8,9,580,4685
8,0,8,9,580,4685
8,7,8,9,580,4685
7,1,8,9,580,4685
7,8,8,9,580,4685
6,2,8,9,580,4685
6,9,8,9,580,4685
5,3,8,9,580,4685
5,9,8,9,580,4685
6,4,8,9,580,4685
7,5,8,9,580,4685
8,6,8,9,580,4685
9,7,8,9,580,4685
9,8,8,9,580,4685
8,9,8,9,580,4685
7,9,8,9,580,4685
6,8,8,9,580,4685
3,3,8,9,580,4685
4,4,8,9,580,4685
5,5,8,9,580,4685
6,6,8,9,580,4685
7,7,8,9,580,4685
8,8,8,9,580,4685
9,9,8,9,580,4685
2,2,8,9,580,4685
2,4,8,9,580,4685
3,5,8,9,580,4685
4,6,8,9,580,4685
5,7,8,9,580,4685
1,1,8,9,580,4685
1,5,8,9,580,4685
2,6,8,9,580,4685
3,7,8,9,580,4685
4,8,8,9,580,4685
0,4,7,8,581,4418
1,4,7,8,581,4418
0,3,7,8,581,4418
0,5,7,8,581,4418
3,4,7,8,581,4418
2,3,7,8,581,4418
2,5,7,8,581,4418
1,2,7,8,581,4418
1,6,7,8,581,4418
5,4,7,8,581,4418
4,3,7,8,581,4418
4,5,7,8,581,4418
3,2,7,8,581,4418
3,6,7,8,581,4418
2,1,7,8,581,4418
2,7,7,8,581,4418
7,4,7,8,581,4418
6,3,7,8,581,4418
6,5,7,8,581,4418
5,2,7,8,581,4418
5,6,7,8,581,4418
4,1,7,8,581,4418
4,7,7,8,581,4418
3,0,7,8,581,4418
3,8,7,8,581,4418
9,4,7,8,581,4418
8,3,7,8,581,4418
8,5,7,8,581,4418
7,2,7,8,581,4418
7,6,7,8,581,4418
6,1,7,8,581,4418
6,7,7,8,581,4418
5,0,7,8,581,4418
5,8,7,8,581,4418
4,0,7,8,581,4418
4,9,7,8,581,4418
8,4,7,8,581,4418
9,3,7,8,581,4418
9,5,7,8,581,4418
9,2,7,8,581,4418
9,6,7,8,581,4418
8,1,7,8,581,4418
8,7,7,8,581,4418
7,0,7,8,581,4418
7,8,7,8,581,4418
6,0,7,8,581,4418
6,9,7,8,581,4418
5,1,7,8,581,4418
5,9,7,8,581,4418
6,4,7,8,581,4418
7,3,7,8,581,4418
7,5,7,8,581,4418
8,2,7,8,581,4418
8,6,7,8,581,4418
9,1,7,8,581,4418
9,7,7,8,581,4418
9,0,7,8,581,4418
9,8,7,8,581,4418
8,0,7,8,581,4418
8,9,7,8,581,4418
7,1,7,8,581,4418
7,9,7,8,581,4418
6,2,7,8,581,4418
6,8,7,8,581,4418
4,4,7,8,581,4418
5,3,7,8,581,4418
5,5,7,8,581,4418
6,6,7,8,581,4418
7,7,7,8,581,4418
8,8,7,8,581,4418
9,9,7,8,581,4418
2,4,7,8,581,4418
3,3,7,8,581,4418
3,5,7,8,581,4418
4,2,7,8,581,4418
4,6,7,8,581,4418
5,7,7,8,581,4418
1,3,7,8,581,4418
1,5,7,8,581,4418
2,2,7,8,581,4418
2,6,7,8,581,4418
3,1,7,8,581,4418
3,7,7,8,581,4418
4,8,7,8,581,4418
0,5,6,7,582,4105
2,5,6,7,582,4105
1,4,6,7,582,4105
1,6,6,7,582,4105
4,5,6,7,582,4105
3,4,6,7,582,4105
3,6,6,7,582,4105
2,3,6,7,582,4105
2,7,6,7,582,4105
6,5,6,7,582,4105
5,4,6,7,582,4105
5,6,6,7,582,4105
4,3,6,7,582,4105
4,7,6,7,582,4105
3,2,6,7,582,4105
3,8,6,7,582,4105
8,5,6,7,582,4105
7,4,6,7,582,4105
7,6,6,7,582,4105
6,3,6,7,582,4105
6,7,6,7,582,4105
5,2,6,7,582,4105
5,8,6,7,582,4105
4,1,6,7,582,4105
4,9,6,7,582,4105
9,5,6,7,582,4105
9,4,6,7,582,4105
9,6,6,7,582,4105
8,3,6,7,582,4105
8,7,6,7,582,4105
7,2,6,7,582,4105
7,8,6,7,582,4105
6,1,6,7,582,4105
6,9,6,7,582,4105
5,0,6,7,582,4105
5,9,6,7,582,4105
7,5,6,7,582,4105
8,4,6,7,582,4105
8,6,6,7,582,4105
9,3,6,7,582,4105
9,7,6,7,582,4105
9,2,6,7,582,4105
9,8,6,7,582,4105
8,1,6,7,582,4105
8,9,6,7,582,4105
7,0,6,7,582,4105
7,9,6,7,582,4105
6,0,6,7,582,4105
6,8,6,7,582,4105
5,5,6,7,582,4105
6,4,6,7,582,4105
6,6,6,7,582,4105
7,3,6,7,582,4105
7,7,6,7,582,4105
8,2,6,7,582,4105
8,8,6,7,582,4105
9,1,6,7,582,4105
9,9,6,7,582,4105
9,0,6,7,582,4105
8,0,6,7,582,4105
7,1,6,7,582,4105
3,5,6,7,582,4105
4,4,6,7,582,4105
4,6,6,7,582,4105
5,3,6,7,582,4105
5,7,6,7,582,4105
6,2,6,7,582,4105
1,5,6,7,582,4105
2,4,6,7,582,4105
2,6,6,7,582,4105
3,3,6,7,582,4105
3,7,6,7,582,4105
4,2,6,7,582,4105
4,8,6,7,582,4105
5,1,6,7,582,4105
0,5,7,7,583,4428
1,5,7,7,583,4428
0,4,7,7,583,4428
0,6,7,7,583,4428
3,5,7,7,583,4428
2,4,7,7,583,4428
2,6,7,7,583,4428
1,3,7,7,583,4428
1,7,7,7,583,4428
5,5,7,7,583,4428
4,4,7,7,583,4428
4,6,7,7,583,4428
3,3,7,7,583,4428
3,7,7,7,583,4428
2,2,7,7,583,4428
2,8,7,7,583,4428
7,5,7,7,583,4428
6,4,7,7,583,4428
6,6,7,7,583,4428
5,3,7,7,583,4428
5,7,7,7,583,4428
4,2,7,7,583,4428
4,8,7,7,583,4428
3,1,7,7,583,4428
3,9,7,7,583,4428
9,5,7,7,583,4428
8,4,7,7,583,4428
8,6,7,7,583,4428
7,3,7,7,583,4428
7,7,7,7,583,4428
6,2,7,7,583,4428
6,8,7,7,583,4428
5,1,7,7,583,4428
5,9,7,7,583,4428
4,0,7,7,583,4428
4,9,7,7,583,4428
8,5,7,7,583,4428
9,4,7,7,583,4428
9,6,7,7,583,4428
9,3,7,7,583,4428
9,7,7,7,583,4428
8,2,7,7,583,4428
8,8,7,7,583,4428
7,1,7,7,583,4428
7,9,7,7,583,4428
6,0,7,7,583,4428
6,9,7,7,583,4428
5,0,7,7,583,4428
5,8,7,7,583,4428
6,5,7,7,583,4428
7,4,7,7,583,4428
7,6,7,7,583,4428
8,3,7,7,583,4428
8,7,7,7,583,4428
9,2,7,7,583,4428
9,8,7,7,583,4428
9,1,7,7,583,4428
9,9,7,7,583,4428
8,0,7,7,583,4428
8,9,7,7,583,4428
7,0,7,7,583,4428
7,8,7,7,583,4428
6,1,7,7,583,4428
6,7,7,7,583,4428
4,5,7,7,583,4428
5,4,7,7,583,4428
5,6,7,7,583,4428
6,3,7,7,583,4428
7,2,7,7,583,4428
8,1,7,7,583,4428
9,0,7,7,583,4428
2,5,7,7,583,4428
3,4,7,7,583,4428
3,6,7,7,583,4428
4,3,7,7,583,4428
4,7,7,7,583,4428
5,2,7,7,583,4428
1,4,7,7,583,4428
1,6,7,7,583,4428
2,3,7,7,583,4428
2,7,7,7,583,4428
3,2,7,7,583,4428
3,8,7,7,583,4428
4,1,7,7,583,4428
