x,y,xhat,yhat,belief_id,uncertainty
0,0,0,0,0,0
0,0,1,0,1,586
1,0,1,0,1,586
0,1,1,0,1,586
0,0,2,0,2,1134
1,0,2,0,2,1134
0,1,2,0,2,1134
2,0,2,0,2,1134
1,1,2,0,2,1134
0,2,2,0,2,1134
0,0,3,0,3,1644
1,0,3,0,3,1644
0,1,3,0,3,1644
1,0,1,0,0,0
2,0,3,0,3,1644
1,1,3,0,3,1644
0,1,0,1,0,0
0,2,3,0,3,1644
2,0,2,0,0,0
3,0,3,0,3,1644
2,1,3,0,3,1644
1,1,1,1,0,0
1,2,3,0,3,1644
0,2,0,2,0,0
0,3,3,0,3,1644
0,0,4,0,4,2120
1,0,4,0,4,2120
0,1,4,0,4,2120
2,0,4,0,4,2120
1,1,4,0,4,2120
0,2,4,0,4,2120
0,0,2,0,5,588
2,0,2,0,5,588
1,0,2,0,5,588
1,1,2,0,5,588
3,0,4,0,4,2120
2,1,4,0,4,2120
1,2,4,0,4,2120
0,1,0,0,6,588
1,1,0,0,6,588
0,0,0,0,6,588
0,2,0,0,6,588
0,3,4,0,4,2120
1,0,3,0,5,588
3,0,3,0,5,588
2,0,3,0,5,588
2,1,3,0,5,588
3,0,3,0,0,0
4,0,4,0,4,2120
3,1,4,0,4,2120
2,1,2,1,0,0
2,2,4,0,4,2120
0,1,1,0,7,588
2,1,1,0,7,588
1,0,1,0,7,588
1,2,1,0,7,588
1,2,1,2,0,0
1,3,4,0,4,2120
0,3,0,3,0,0
0,4,4,0,4,2120
0,0,5,0,8,2564
1,0,5,0,8,2564
0,1,5,0,8,2564
2,0,5,0,8,2564
1,1,5,0,8,2564
0,2,5,0,8,2564
3,0,5,0,8,2564
2,1,5,0,8,2564
1,2,5,0,8,2564
0,3,5,0,8,2564
0,0,3,0,9,1136
1,0,3,0,9,1136
0,1,3,0,9,1136
3,0,3,0,9,1136
2,0,3,0,9,1136
2,1,3,0,9,1136
1,1,3,0,9,1136
1,2,3,0,9,1136
4,0,5,0,8,2564
3,1,5,0,8,2564
2,2,5,0,8,2564
1,3,5,0,8,2564
0,1,1,0,10,1138
1,1,1,0,10,1138
0,0,1,0,10,1138
0,2,1,0,10,1138
2,1,1,0,10,1138
1,0,1,0,10,1138
1,2,1,0,10,1138
0,3,1,0,10,1138
0,4,5,0,8,2564
0,0,4,0,11,1136
2,0,4,0,11,1136
1,0,4,0,11,1136
1,1,4,0,11,1136
4,0,4,0,11,1136
3,0,4,0,11,1136
3,1,4,0,11,1136
2,1,4,0,11,1136
2,2,4,0,11,1136
2,0,4,0,5,588
4,0,4,0,5,588
3,0,4,0,5,588
3,1,4,0,5,588
4,0,4,0,0,0
5,0,5,0,8,2564
4,1,5,0,8,2564
3,1,3,1,0,0
3,2,5,0,8,2564
1,1,2,0,7,588
3,1,2,0,7,588
2,0,2,0,7,588
2,2,2,0,7,588
2,2,2,2,0,0
2,3,5,0,8,2564
0,1,2,0,12,1138
1,1,2,0,12,1138
0,0,2,0,12,1138
0,2,2,0,12,1138
3,1,2,0,12,1138
2,0,2,0,12,1138
2,2,2,0,12,1138
1,0,2,0,12,1138
1,3,2,0,12,1138
0,2,1,1,7,588
2,2,1,1,7,588
1,1,1,1,7,588
1,3,1,1,7,588
1,3,1,3,0,0
1,4,5,0,8,2564
0,3,1,3,13,588
1,3,1,3,13,588
0,2,1,3,13,588
0,4,1,3,13,588
0,4,0,4,0,0
0,5,5,0,8,2564
0,0,6,0,14,2977
1,0,6,0,14,2977
0,1,6,0,14,2977
2,0,6,0,14,2977
1,1,6,0,14,2977
0,2,6,0,14,2977
3,0,6,0,14,2977
2,1,6,0,14,2977
1,2,6,0,14,2977
0,3,6,0,14,2977
4,0,6,0,14,2977
3,1,6,0,14,2977
2,2,6,0,14,2977
1,3,6,0,14,2977
0,4,6,0,14,2977
0,0,4,0,15,1646
1,0,4,0,15,1646
0,1,4,0,15,1646
2,0,4,0,15,1646
1,1,4,0,15,1646
0,2,4,0,15,1646
4,0,4,0,15,1646
3,0,4,0,15,1646
3,1,4,0,15,1646
2,1,4,0,15,1646
2,2,4,0,15,1646
1,2,4,0,15,1646
1,3,4,0,15,1646
5,0,6,0,14,2977
4,1,6,0,14,2977
3,2,6,0,14,2977
2,3,6,0,14,2977
1,4,6,0,14,2977
0,1,2,0,16,1651
1,1,2,0,16,1651
0,0,2,0,16,1651
0,2,2,0,16,1651
2,1,2,0,16,1651
1,0,2,0,16,1651
1,2,2,0,16,1651
0,3,2,0,16,1651
3,1,2,0,16,1651
2,0,2,0,16,1651
2,2,2,0,16,1651
1,3,2,0,16,1651
0,4,2,0,16,1651
0,5,6,0,14,2977
0,0,5,0,17,1646
1,0,5,0,17,1646
0,1,5,0,17,1646
3,0,5,0,17,1646
2,0,5,0,17,1646
2,1,5,0,17,1646
1,1,5,0,17,1646
1,2,5,0,17,1646
5,0,5,0,17,1646
4,0,5,0,17,1646
4,1,5,0,17,1646
3,1,5,0,17,1646
3,2,5,0,17,1646
2,2,5,0,17,1646
2,3,5,0,17,1646
1,0,5,0,11,1136
3,0,5,0,11,1136
2,0,5,0,11,1136
2,1,5,0,11,1136
5,0,5,0,11,1136
4,0,5,0,11,1136
4,1,5,0,11,1136
3,1,5,0,11,1136
3,2,5,0,11,1136
3,0,5,0,5,588
5,0,5,0,5,588
4,0,5,0,5,588
4,1,5,0,5,588
5,0,5,0,0,0
6,0,6,0,14,2977
5,1,6,0,14,2977
4,1,4,1,0,0
4,2,6,0,14,2977
3,2,3,2,0,0
3,3,6,0,14,2977
0,1,3,0,18,1138
2,1,3,0,18,1138
1,0,3,0,18,1138
1,2,3,0,18,1138
4,1,3,0,18,1138
3,0,3,0,18,1138
3,2,3,0,18,1138
2,0,3,0,18,1138
2,3,3,0,18,1138
1,2,1,2,19,588
3,2,1,2,19,588
2,1,1,2,19,588
2,3,1,2,19,588
2,3,2,3,0,0
2,4,6,0,14,2977
0,1,3,0,20,1650
1,1,3,0,20,1650
0,0,3,0,20,1650
0,2,3,0,20,1650
2,1,3,0,20,1650
1,0,3,0,20,1650
1,2,3,0,20,1650
0,3,3,0,20,1650
4,1,3,0,20,1650
3,0,3,0,20,1650
3,2,3,0,20,1650
2,0,3,0,20,1650
2,3,3,0,20,1650
1,4,3,0,20,1650
0,2,1,0,21,1136
1,2,1,0,21,1136
0,1,1,0,21,1136
0,3,1,0,21,1136
3,2,1,0,21,1136
2,1,1,0,21,1136
2,3,1,0,21,1136
1,0,1,0,21,1136
1,4,1,0,21,1136
0,3,1,2,7,588
2,3,1,2,7,588
1,2,1,2,7,588
1,4,1,2,7,588
1,4,1,4,0,0
1,5,6,0,14,2977
0,3,1,2,22,1138
1,3,1,2,22,1138
0,2,1,2,22,1138
0,4,1,2,22,1138
2,3,1,2,22,1138
1,2,1,2,22,1138
1,4,1,2,22,1138
0,1,1,2,22,1138
0,5,1,2,22,1138
0,4,0,3,6,588
1,4,0,3,6,588
0,3,0,3,6,588
0,5,0,3,6,588
0,5,0,5,0,0
0,6,6,0,14,2977
0,0,7,0,23,3363
1,0,7,0,23,3363
0,1,7,0,23,3363
2,0,7,0,23,3363
1,1,7,0,23,3363
0,2,7,0,23,3363
3,0,7,0,23,3363
2,1,7,0,23,3363
1,2,7,0,23,3363
0,3,7,0,23,3363
4,0,7,0,23,3363
3,1,7,0,23,3363
2,2,7,0,23,3363
1,3,7,0,23,3363
0,4,7,0,23,3363
5,0,7,0,23,3363
4,1,7,0,23,3363
3,2,7,0,23,3363
2,3,7,0,23,3363
1,4,7,0,23,3363
0,5,7,0,23,3363
0,0,5,0,24,2122
1,0,5,0,24,2122
0,1,5,0,24,2122
2,0,5,0,24,2122
1,1,5,0,24,2122
0,2,5,0,24,2122
3,0,5,0,24,2122
2,1,5,0,24,2122
1,2,5,0,24,2122
0,3,5,0,24,2122
5,0,5,0,24,2122
4,0,5,0,24,2122
4,1,5,0,24,2122
3,1,5,0,24,2122
3,2,5,0,24,2122
2,2,5,0,24,2122
2,3,5,0,24,2122
1,3,5,0,24,2122
1,4,5,0,24,2122
6,0,7,0,23,3363
5,1,7,0,23,3363
4,2,7,0,23,3363
3,3,7,0,23,3363
2,4,7,0,23,3363
1,5,7,0,23,3363
0,1,3,0,25,2130
1,1,3,0,25,2130
0,0,3,0,25,2130
0,2,3,0,25,2130
2,1,3,0,25,2130
1,0,3,0,25,2130
1,2,3,0,25,2130
0,3,3,0,25,2130
3,1,3,0,25,2130
2,0,3,0,25,2130
2,2,3,0,25,2130
1,3,3,0,25,2130
0,4,3,0,25,2130
4,1,3,0,25,2130
3,0,3,0,25,2130
3,2,3,0,25,2130
2,3,3,0,25,2130
1,4,3,0,25,2130
0,5,3,0,25,2130
0,6,7,0,23,3363
0,0,6,0,26,2122
1,0,6,0,26,2122
0,1,6,0,26,2122
2,0,6,0,26,2122
1,1,6,0,26,2122
0,2,6,0,26,2122
4,0,6,0,26,2122
3,0,6,0,26,2122
3,1,6,0,26,2122
2,1,6,0,26,2122
2,2,6,0,26,2122
1,2,6,0,26,2122
1,3,6,0,26,2122
6,0,6,0,26,2122
5,0,6,0,26,2122
5,1,6,0,26,2122
4,1,6,0,26,2122
4,2,6,0,26,2122
3,2,6,0,26,2122
3,3,6,0,26,2122
2,3,6,0,26,2122
2,4,6,0,26,2122
0,0,6,0,27,1646
2,0,6,0,27,1646
1,0,6,0,27,1646
1,1,6,0,27,1646
4,0,6,0,27,1646
3,0,6,0,27,1646
3,1,6,0,27,1646
2,1,6,0,27,1646
2,2,6,0,27,1646
6,0,6,0,27,1646
5,0,6,0,27,1646
5,1,6,0,27,1646
4,1,6,0,27,1646
4,2,6,0,27,1646
3,2,6,0,27,1646
3,3,6,0,27,1646
2,0,6,0,11,1136
4,0,6,0,11,1136
3,0,6,0,11,1136
3,1,6,0,11,1136
6,0,6,0,11,1136
5,0,6,0,11,1136
5,1,6,0,11,1136
4,1,6,0,11,1136
4,2,6,0,11,1136
4,0,6,0,5,588
6,0,6,0,5,588
5,0,6,0,5,588
5,1,6,0,5,588
6,0,6,0,0,0
7,0,7,0,23,3363
6,1,7,0,23,3363
5,1,5,1,0,0
5,2,7,0,23,3363
3,1,4,0,7,588
5,1,4,0,7,588
4,0,4,0,7,588
4,2,4,0,7,588
4,2,4,2,0,0
4,3,7,0,23,3363
2,2,2,2,19,588
4,2,2,2,19,588
3,1,2,2,19,588
3,3,2,2,19,588
3,3,3,3,0,0
3,4,7,0,23,3363
0,1,4,0,28,1650
1,1,4,0,28,1650
0,0,4,0,28,1650
0,2,4,0,28,1650
3,1,4,0,28,1650
2,0,4,0,28,1650
2,2,4,0,28,1650
1,0,4,0,28,1650
1,3,4,0,28,1650
5,1,4,0,28,1650
4,0,4,0,28,1650
4,2,4,0,28,1650
3,0,4,0,28,1650
3,3,4,0,28,1650
2,1,4,0,28,1650
2,4,4,0,28,1650
0,2,1,1,29,1138
2,2,1,1,29,1138
1,1,1,1,29,1138
1,3,1,1,29,1138
4,2,1,1,29,1138
3,1,1,1,29,1138
3,3,1,1,29,1138
2,0,1,1,29,1138
2,4,1,1,29,1138
2,4,2,4,0,0
2,5,7,0,23,3363
0,1,4,0,30,2127
1,1,4,0,30,2127
0,0,4,0,30,2127
0,2,4,0,30,2127
2,1,4,0,30,2127
1,0,4,0,30,2127
1,2,4,0,30,2127
0,3,4,0,30,2127
3,1,4,0,30,2127
2,0,4,0,30,2127
2,2,4,0,30,2127
1,3,4,0,30,2127
0,4,4,0,30,2127
5,1,4,0,30,2127
4,0,4,0,30,2127
4,2,4,0,30,2127
3,0,4,0,30,2127
3,3,4,0,30,2127
2,4,4,0,30,2127
1,5,4,0,30,2127
0,2,2,0,31,1650
1,2,2,0,31,1650
0,1,2,0,31,1650
0,3,2,0,31,1650
2,2,2,0,31,1650
1,1,2,0,31,1650
1,3,2,0,31,1650
0,0,2,0,31,1650
0,4,2,0,31,1650
4,2,2,0,31,1650
3,1,2,0,31,1650
3,3,2,0,31,1650
2,0,2,0,31,1650
2,4,2,0,31,1650
1,0,2,0,31,1650
1,5,2,0,31,1650
0,3,1,1,21,1136
1,3,1,1,21,1136
0,2,1,1,21,1136
0,4,1,1,21,1136
3,3,1,1,21,1136
2,2,1,1,21,1136
2,4,1,1,21,1136
1,1,1,1,21,1136
1,5,1,1,21,1136
1,5,1,5,0,0
1,6,7,0,23,3363
0,3,1,1,32,1650
1,3,1,1,32,1650
0,2,1,1,32,1650
0,4,1,1,32,1650
2,3,1,1,32,1650
1,2,1,1,32,1650
1,4,1,1,32,1650
0,1,1,1,32,1650
0,5,1,1,32,1650
3,3,1,1,32,1650
2,2,1,1,32,1650
2,4,1,1,32,1650
1,1,1,1,32,1650
1,5,1,1,32,1650
0,0,1,1,32,1650
0,6,1,1,32,1650
0,4,1,3,33,1139
1,4,1,3,33,1139
0,3,1,3,33,1139
0,5,1,3,33,1139
2,4,1,3,33,1139
1,3,1,3,33,1139
1,5,1,3,33,1139
0,2,1,3,33,1139
0,6,1,3,33,1139
0,6,0,6,0,0
0,7,7,0,23,3363
0,0,7,1,34,3743
1,0,7,1,34,3743
0,1,7,1,34,3743
2,0,7,1,34,3743
1,1,7,1,34,3743
0,2,7,1,34,3743
3,0,7,1,34,3743
2,1,7,1,34,3743
1,2,7,1,34,3743
0,3,7,1,34,3743
4,0,7,1,34,3743
3,1,7,1,34,3743
2,2,7,1,34,3743
1,3,7,1,34,3743
0,4,7,1,34,3743
5,0,7,1,34,3743
4,1,7,1,34,3743
3,2,7,1,34,3743
2,3,7,1,34,3743
1,4,7,1,34,3743
0,5,7,1,34,3743
6,0,7,1,34,3743
5,1,7,1,34,3743
4,2,7,1,34,3743
3,3,7,1,34,3743
2,4,7,1,34,3743
1,5,7,1,34,3743
0,6,7,1,34,3743
0,0,6,0,35,2565
1,0,6,0,35,2565
0,1,6,0,35,2565
2,0,6,0,35,2565
1,1,6,0,35,2565
0,2,6,0,35,2565
3,0,6,0,35,2565
2,1,6,0,35,2565
1,2,6,0,35,2565
0,3,6,0,35,2565
4,0,6,0,35,2565
3,1,6,0,35,2565
2,2,6,0,35,2565
1,3,6,0,35,2565
0,4,6,0,35,2565
6,0,6,0,35,2565
5,0,6,0,35,2565
5,1,6,0,35,2565
4,1,6,0,35,2565
4,2,6,0,35,2565
3,2,6,0,35,2565
3,3,6,0,35,2565
2,3,6,0,35,2565
2,4,6,0,35,2565
1,4,6,0,35,2565
1,5,6,0,35,2565
7,0,7,1,34,3743
6,1,7,1,34,3743
5,2,7,1,34,3743
4,3,7,1,34,3743
3,4,7,1,34,3743
2,5,7,1,34,3743
1,6,7,1,34,3743
0,1,4,0,36,2576
1,1,4,0,36,2576
0,0,4,0,36,2576
0,2,4,0,36,2576
2,1,4,0,36,2576
1,0,4,0,36,2576
1,2,4,0,36,2576
0,3,4,0,36,2576
3,1,4,0,36,2576
2,0,4,0,36,2576
2,2,4,0,36,2576
1,3,4,0,36,2576
0,4,4,0,36,2576
4,1,4,0,36,2576
3,0,4,0,36,2576
3,2,4,0,36,2576
2,3,4,0,36,2576
1,4,4,0,36,2576
0,5,4,0,36,2576
5,1,4,0,36,2576
4,0,4,0,36,2576
4,2,4,0,36,2576
3,3,4,0,36,2576
2,4,4,0,36,2576
1,5,4,0,36,2576
0,6,4,0,36,2576
0,7,7,1,34,3743
0,0,7,0,37,2565
1,0,7,0,37,2565
0,1,7,0,37,2565
2,0,7,0,37,2565
1,1,7,0,37,2565
0,2,7,0,37,2565
3,0,7,0,37,2565
2,1,7,0,37,2565
1,2,7,0,37,2565
0,3,7,0,37,2565
5,0,7,0,37,2565
4,0,7,0,37,2565
4,1,7,0,37,2565
3,1,7,0,37,2565
3,2,7,0,37,2565
2,2,7,0,37,2565
2,3,7,0,37,2565
1,3,7,0,37,2565
1,4,7,0,37,2565
7,0,7,0,37,2565
6,0,7,0,37,2565
6,1,7,0,37,2565
5,1,7,0,37,2565
5,2,7,0,37,2565
4,2,7,0,37,2565
4,3,7,0,37,2565
3,3,7,0,37,2565
3,4,7,0,37,2565
2,4,7,0,37,2565
2,5,7,0,37,2565
0,0,7,0,38,2122
1,0,7,0,38,2122
0,1,7,0,38,2122
3,0,7,0,38,2122
2,0,7,0,38,2122
2,1,7,0,38,2122
1,1,7,0,38,2122
1,2,7,0,38,2122
5,0,7,0,38,2122
4,0,7,0,38,2122
4,1,7,0,38,2122
3,1,7,0,38,2122
3,2,7,0,38,2122
2,2,7,0,38,2122
2,3,7,0,38,2122
7,0,7,0,38,2122
6,0,7,0,38,2122
6,1,7,0,38,2122
5,1,7,0,38,2122
5,2,7,0,38,2122
4,2,7,0,38,2122
4,3,7,0,38,2122
3,3,7,0,38,2122
3,4,7,0,38,2122
1,0,7,0,27,1646
3,0,7,0,27,1646
2,0,7,0,27,1646
2,1,7,0,27,1646
5,0,7,0,27,1646
4,0,7,0,27,1646
4,1,7,0,27,1646
3,1,7,0,27,1646
3,2,7,0,27,1646
7,0,7,0,27,1646
6,0,7,0,27,1646
6,1,7,0,27,1646
5,1,7,0,27,1646
5,2,7,0,27,1646
4,2,7,0,27,1646
4,3,7,0,27,1646
3,0,7,0,11,1136
5,0,7,0,11,1136
4,0,7,0,11,1136
4,1,7,0,11,1136
7,0,7,0,11,1136
6,0,7,0,11,1136
6,1,7,0,11,1136
5,1,7,0,11,1136
5,2,7,0,11,1136
5,0,7,0,5,588
7,0,7,0,5,588
6,0,7,0,5,588
6,1,7,0,5,588
7,0,7,0,0,0
8,0,7,1,34,3743
7,1,7,1,34,3743
6,1,6,1,0,0
6,2,7,1,34,3743
4,1,5,0,7,588
6,1,5,0,7,588
5,0,5,0,7,588
5,2,5,0,7,588
5,2,5,2,0,0
5,3,7,1,34,3743
2,1,5,0,18,1138
4,1,5,0,18,1138
3,0,5,0,18,1138
3,2,5,0,18,1138
6,1,5,0,18,1138
5,0,5,0,18,1138
5,2,5,0,18,1138
4,0,5,0,18,1138
4,3,5,0,18,1138
4,3,4,3,0,0
4,4,7,1,34,3743
1,2,1,2,39,1136
3,2,1,2,39,1136
2,1,1,2,39,1136
2,3,1,2,39,1136
5,2,1,2,39,1136
4,1,1,2,39,1136
4,3,1,2,39,1136
3,0,1,2,39,1136
3,4,1,2,39,1136
3,4,3,4,0,0
3,5,7,1,34,3743
0,1,5,0,40,2127
1,1,5,0,40,2127
0,0,5,0,40,2127
0,2,5,0,40,2127
2,1,5,0,40,2127
1,0,5,0,40,2127
1,2,5,0,40,2127
0,3,5,0,40,2127
4,1,5,0,40,2127
3,0,5,0,40,2127
3,2,5,0,40,2127
2,0,5,0,40,2127
2,3,5,0,40,2127
1,4,5,0,40,2127
6,1,5,0,40,2127
5,0,5,0,40,2127
5,2,5,0,40,2127
4,0,5,0,40,2127
4,3,5,0,40,2127
3,1,5,0,40,2127
3,4,5,0,40,2127
2,2,5,0,40,2127
2,5,5,0,40,2127
0,2,1,0,41,1650
1,2,1,0,41,1650
0,1,1,0,41,1650
0,3,1,0,41,1650
3,2,1,0,41,1650
2,1,1,0,41,1650
2,3,1,0,41,1650
1,0,1,0,41,1650
1,4,1,0,41,1650
5,2,1,0,41,1650
4,1,1,0,41,1650
4,3,1,0,41,1650
3,0,1,0,41,1650
3,4,1,0,41,1650
2,0,1,0,41,1650
2,5,1,0,41,1650
2,5,2,5,0,0
2,6,7,1,34,3743
0,1,5,0,42,2571
1,1,5,0,42,2571
0,0,5,0,42,2571
0,2,5,0,42,2571
2,1,5,0,42,2571
1,0,5,0,42,2571
1,2,5,0,42,2571
0,3,5,0,42,2571
3,1,5,0,42,2571
2,0,5,0,42,2571
2,2,5,0,42,2571
1,3,5,0,42,2571
0,4,5,0,42,2571
4,1,5,0,42,2571
3,0,5,0,42,2571
3,2,5,0,42,2571
2,3,5,0,42,2571
1,4,5,0,42,2571
0,5,5,0,42,2571
6,1,5,0,42,2571
5,0,5,0,42,2571
5,2,5,0,42,2571
4,0,5,0,42,2571
4,3,5,0,42,2571
3,4,5,0,42,2571
2,5,5,0,42,2571
1,6,5,0,42,2571
0,2,3,0,43,2128
1,2,3,0,43,2128
0,1,3,0,43,2128
0,3,3,0,43,2128
2,2,3,0,43,2128
1,1,3,0,43,2128
1,3,3,0,43,2128
0,0,3,0,43,2128
0,4,3,0,43,2128
3,2,3,0,43,2128
2,1,3,0,43,2128
2,3,3,0,43,2128
1,0,3,0,43,2128
1,4,3,0,43,2128
0,5,3,0,43,2128
5,2,3,0,43,2128
4,1,3,0,43,2128
4,3,3,0,43,2128
3,0,3,0,43,2128
3,4,3,0,43,2128
2,0,3,0,43,2128
2,5,3,0,43,2128
1,6,3,0,43,2128
0,3,1,0,44,1646
1,3,1,0,44,1646
0,2,1,0,44,1646
0,4,1,0,44,1646
2,3,1,0,44,1646
1,2,1,0,44,1646
1,4,1,0,44,1646
0,1,1,0,44,1646
0,5,1,0,44,1646
4,3,1,0,44,1646
3,2,1,0,44,1646
3,4,1,0,44,1646
2,1,1,0,44,1646
2,5,1,0,44,1646
1,0,1,0,44,1646
1,6,1,0,44,1646
1,6,1,6,0,0
1,7,7,1,34,3743
0,3,1,0,45,2125
1,3,1,0,45,2125
0,2,1,0,45,2125
0,4,1,0,45,2125
2,3,1,0,45,2125
1,2,1,0,45,2125
1,4,1,0,45,2125
0,1,1,0,45,2125
0,5,1,0,45,2125
3,3,1,0,45,2125
2,2,1,0,45,2125
2,4,1,0,45,2125
1,1,1,0,45,2125
1,5,1,0,45,2125
0,0,1,0,45,2125
0,6,1,0,45,2125
4,3,1,0,45,2125
3,2,1,0,45,2125
3,4,1,0,45,2125
2,1,1,0,45,2125
2,5,1,0,45,2125
1,0,1,0,45,2125
1,6,1,0,45,2125
0,7,1,0,45,2125
0,4,1,2,46,1653
1,4,1,2,46,1653
0,3,1,2,46,1653
0,5,1,2,46,1653
2,4,1,2,46,1653
1,3,1,2,46,1653
1,5,1,2,46,1653
0,2,1,2,46,1653
0,6,1,2,46,1653
3,4,1,2,46,1653
2,3,1,2,46,1653
2,5,1,2,46,1653
1,2,1,2,46,1653
1,6,1,2,46,1653
0,1,1,2,46,1653
0,7,1,2,46,1653
0,7,0,7,0,0
0,8,7,1,34,3743
0,0,7,2,47,4099
1,0,7,2,47,4099
0,1,7,2,47,4099
2,0,7,2,47,4099
1,1,7,2,47,4099
0,2,7,2,47,4099
3,0,7,2,47,4099
2,1,7,2,47,4099
1,2,7,2,47,4099
0,3,7,2,47,4099
4,0,7,2,47,4099
3,1,7,2,47,4099
2,2,7,2,47,4099
1,3,7,2,47,4099
0,4,7,2,47,4099
5,0,7,2,47,4099
4,1,7,2,47,4099
3,2,7,2,47,4099
2,3,7,2,47,4099
1,4,7,2,47,4099
0,5,7,2,47,4099
6,0,7,2,47,4099
5,1,7,2,47,4099
4,2,7,2,47,4099
3,3,7,2,47,4099
2,4,7,2,47,4099
1,5,7,2,47,4099
0,6,7,2,47,4099
7,0,7,2,47,4099
6,1,7,2,47,4099
5,2,7,2,47,4099
4,3,7,2,47,4099
3,4,7,2,47,4099
2,5,7,2,47,4099
1,6,7,2,47,4099
0,7,7,2,47,4099
0,0,7,0,48,2979
1,0,7,0,48,2979
0,1,7,0,48,2979
2,0,7,0,48,2979
1,1,7,0,48,2979
0,2,7,0,48,2979
3,0,7,0,48,2979
2,1,7,0,48,2979
1,2,7,0,48,2979
0,3,7,0,48,2979
4,0,7,0,48,2979
3,1,7,0,48,2979
2,2,7,0,48,2979
1,3,7,0,48,2979
0,4,7,0,48,2979
5,0,7,0,48,2979
4,1,7,0,48,2979
3,2,7,0,48,2979
2,3,7,0,48,2979
1,4,7,0,48,2979
0,5,7,0,48,2979
7,0,7,0,48,2979
6,0,7,0,48,2979
6,1,7,0,48,2979
5,1,7,0,48,2979
5,2,7,0,48,2979
4,2,7,0,48,2979
4,3,7,0,48,2979
3,3,7,0,48,2979
3,4,7,0,48,2979
2,4,7,0,48,2979
2,5,7,0,48,2979
1,5,7,0,48,2979
1,6,7,0,48,2979
8,0,7,2,47,4099
7,1,7,2,47,4099
6,2,7,2,47,4099
5,3,7,2,47,4099
4,4,7,2,47,4099
3,5,7,2,47,4099
2,6,7,2,47,4099
1,7,7,2,47,4099
0,1,5,0,49,2992
1,1,5,0,49,2992
0,0,5,0,49,2992
0,2,5,0,49,2992
2,1,5,0,49,2992
1,0,5,0,49,2992
1,2,5,0,49,2992
0,3,5,0,49,2992
3,1,5,0,49,2992
2,0,5,0,49,2992
2,2,5,0,49,2992
1,3,5,0,49,2992
0,4,5,0,49,2992
4,1,5,0,49,2992
3,0,5,0,49,2992
3,2,5,0,49,2992
2,3,5,0,49,2992
1,4,5,0,49,2992
0,5,5,0,49,2992
5,1,5,0,49,2992
4,0,5,0,49,2992
4,2,5,0,49,2992
3,3,5,0,49,2992
2,4,5,0,49,2992
1,5,5,0,49,2992
0,6,5,0,49,2992
6,1,5,0,49,2992
5,0,5,0,49,2992
5,2,5,0,49,2992
4,3,5,0,49,2992
3,4,5,0,49,2992
2,5,5,0,49,2992
1,6,5,0,49,2992
0,7,5,0,49,2992
0,8,7,2,47,4099
0,0,7,1,50,2994
1,0,7,1,50,2994
0,1,7,1,50,2994
2,0,7,1,50,2994
1,1,7,1,50,2994
0,2,7,1,50,2994
3,0,7,1,50,2994
2,1,7,1,50,2994
1,2,7,1,50,2994
0,3,7,1,50,2994
4,0,7,1,50,2994
3,1,7,1,50,2994
2,2,7,1,50,2994
1,3,7,1,50,2994
0,4,7,1,50,2994
6,0,7,1,50,2994
5,0,7,1,50,2994
5,1,7,1,50,2994
4,1,7,1,50,2994
4,2,7,1,50,2994
3,2,7,1,50,2994
3,3,7,1,50,2994
2,3,7,1,50,2994
2,4,7,1,50,2994
1,4,7,1,50,2994
1,5,7,1,50,2994
8,0,7,1,50,2994
7,0,7,1,50,2994
7,1,7,1,50,2994
6,1,7,1,50,2994
6,2,7,1,50,2994
5,2,7,1,50,2994
5,3,7,1,50,2994
4,3,7,1,50,2994
4,4,7,1,50,2994
3,4,7,1,50,2994
3,5,7,1,50,2994
2,5,7,1,50,2994
2,6,7,1,50,2994
0,0,7,1,51,2578
1,0,7,1,51,2578
0,1,7,1,51,2578
2,0,7,1,51,2578
1,1,7,1,51,2578
0,2,7,1,51,2578
4,0,7,1,51,2578
3,0,7,1,51,2578
3,1,7,1,51,2578
2,1,7,1,51,2578
2,2,7,1,51,2578
1,2,7,1,51,2578
1,3,7,1,51,2578
6,0,7,1,51,2578
5,0,7,1,51,2578
5,1,7,1,51,2578
4,1,7,1,51,2578
4,2,7,1,51,2578
3,2,7,1,51,2578
3,3,7,1,51,2578
2,3,7,1,51,2578
2,4,7,1,51,2578
8,0,7,1,51,2578
7,0,7,1,51,2578
7,1,7,1,51,2578
6,1,7,1,51,2578
6,2,7,1,51,2578
5,2,7,1,51,2578
5,3,7,1,51,2578
4,3,7,1,51,2578
4,4,7,1,51,2578
3,4,7,1,51,2578
3,5,7,1,51,2578
0,0,7,1,52,2132
2,0,7,1,52,2132
1,0,7,1,52,2132
1,1,7,1,52,2132
4,0,7,1,52,2132
3,0,7,1,52,2132
3,1,7,1,52,2132
2,1,7,1,52,2132
2,2,7,1,52,2132
6,0,7,1,52,2132
5,0,7,1,52,2132
5,1,7,1,52,2132
4,1,7,1,52,2132
4,2,7,1,52,2132
3,2,7,1,52,2132
3,3,7,1,52,2132
8,0,7,1,52,2132
7,0,7,1,52,2132
7,1,7,1,52,2132
6,1,7,1,52,2132
6,2,7,1,52,2132
5,2,7,1,52,2132
5,3,7,1,52,2132
4,3,7,1,52,2132
4,4,7,1,52,2132
2,0,7,1,53,1653
4,0,7,1,53,1653
3,0,7,1,53,1653
3,1,7,1,53,1653
6,0,7,1,53,1653
5,0,7,1,53,1653
5,1,7,1,53,1653
4,1,7,1,53,1653
4,2,7,1,53,1653
8,0,7,1,53,1653
7,0,7,1,53,1653
7,1,7,1,53,1653
6,1,7,1,53,1653
6,2,7,1,53,1653
5,2,7,1,53,1653
5,3,7,1,53,1653
4,0,7,1,54,1139
6,0,7,1,54,1139
5,0,7,1,54,1139
5,1,7,1,54,1139
8,0,7,1,54,1139
7,0,7,1,54,1139
7,1,7,1,54,1139
6,1,7,1,54,1139
6,2,7,1,54,1139
6,0,7,1,55,588
8,0,7,1,55,588
7,0,7,1,55,588
7,1,7,1,55,588
8,0,8,0,0,0
9,0,7,2,47,4099
8,1,7,2,47,4099
7,1,7,1,0,0
7,2,7,2,47,4099
5,1,7,1,56,588
7,1,7,1,56,588
6,0,7,1,56,588
6,2,7,1,56,588
6,2,6,2,0,0
6,3,7,2,47,4099
3,1,6,0,18,1138
5,1,6,0,18,1138
4,0,6,0,18,1138
4,2,6,0,18,1138
7,1,6,0,18,1138
6,0,6,0,18,1138
6,2,6,0,18,1138
5,0,6,0,18,1138
5,3,6,0,18,1138
4,2,5,1,7,588
6,2,5,1,7,588
5,1,5,1,7,588
5,3,5,1,7,588
5,3,5,3,0,0
5,4,7,2,47,4099
1,1,6,0,57,1650
3,1,6,0,57,1650
2,0,6,0,57,1650
2,2,6,0,57,1650
5,1,6,0,57,1650
4,0,6,0,57,1650
4,2,6,0,57,1650
3,0,6,0,57,1650
3,3,6,0,57,1650
7,1,6,0,57,1650
6,0,6,0,57,1650
6,2,6,0,57,1650
5,0,6,0,57,1650
5,3,6,0,57,1650
4,1,6,0,57,1650
4,4,6,0,57,1650
4,4,4,4,0,0
4,5,7,2,47,4099
0,2,1,1,58,1650
2,2,1,1,58,1650
1,1,1,1,58,1650
1,3,1,1,58,1650
4,2,1,1,58,1650
3,1,1,1,58,1650
3,3,1,1,58,1650
2,0,1,1,58,1650
2,4,1,1,58,1650
6,2,1,1,58,1650
5,1,1,1,58,1650
5,3,1,1,58,1650
4,0,1,1,58,1650
4,4,1,1,58,1650
3,0,1,1,58,1650
3,5,1,1,58,1650
3,5,3,5,0,0
3,6,7,2,47,4099
0,1,6,0,59,2571
1,1,6,0,59,2571
0,0,6,0,59,2571
0,2,6,0,59,2571
2,1,6,0,59,2571
1,0,6,0,59,2571
1,2,6,0,59,2571
0,3,6,0,59,2571
3,1,6,0,59,2571
2,0,6,0,59,2571
2,2,6,0,59,2571
1,3,6,0,59,2571
0,4,6,0,59,2571
5,1,6,0,59,2571
4,0,6,0,59,2571
4,2,6,0,59,2571
3,0,6,0,59,2571
3,3,6,0,59,2571
2,4,6,0,59,2571
1,5,6,0,59,2571
7,1,6,0,59,2571
6,0,6,0,59,2571
6,2,6,0,59,2571
5,0,6,0,59,2571
5,3,6,0,59,2571
4,1,6,0,59,2571
4,4,6,0,59,2571
3,2,6,0,59,2571
3,5,6,0,59,2571
2,3,6,0,59,2571
2,6,6,0,59,2571
0,2,2,0,60,2128
1,2,2,0,60,2128
0,1,2,0,60,2128
0,3,2,0,60,2128
2,2,2,0,60,2128
1,1,2,0,60,2128
1,3,2,0,60,2128
0,0,2,0,60,2128
0,4,2,0,60,2128
4,2,2,0,60,2128
3,1,2,0,60,2128
3,3,2,0,60,2128
2,0,2,0,60,2128
2,4,2,0,60,2128
1,0,2,0,60,2128
1,5,2,0,60,2128
6,2,2,0,60,2128
5,1,2,0,60,2128
5,3,2,0,60,2128
4,0,2,0,60,2128
4,4,2,0,60,2128
3,0,2,0,60,2128
3,5,2,0,60,2128
2,1,2,0,60,2128
2,6,2,0,60,2128
2,6,2,6,0,0
2,7,7,2,47,4099
0,1,6,0,61,2986
1,1,6,0,61,2986
0,0,6,0,61,2986
0,2,6,0,61,2986
2,1,6,0,61,2986
1,0,6,0,61,2986
1,2,6,0,61,2986
0,3,6,0,61,2986
3,1,6,0,61,2986
2,0,6,0,61,2986
2,2,6,0,61,2986
1,3,6,0,61,2986
0,4,6,0,61,2986
4,1,6,0,61,2986
3,0,6,0,61,2986
3,2,6,0,61,2986
2,3,6,0,61,2986
1,4,6,0,61,2986
0,5,6,0,61,2986
5,1,6,0,61,2986
4,0,6,0,61,2986
4,2,6,0,61,2986
3,3,6,0,61,2986
2,4,6,0,61,2986
1,5,6,0,61,2986
0,6,6,0,61,2986
7,1,6,0,61,2986
6,0,6,0,61,2986
6,2,6,0,61,2986
5,0,6,0,61,2986
5,3,6,0,61,2986
4,4,6,0,61,2986
3,5,6,0,61,2986
2,6,6,0,61,2986
1,7,6,0,61,2986
0,2,4,0,62,2574
1,2,4,0,62,2574
0,1,4,0,62,2574
0,3,4,0,62,2574
2,2,4,0,62,2574
1,1,4,0,62,2574
1,3,4,0,62,2574
0,0,4,0,62,2574
0,4,4,0,62,2574
3,2,4,0,62,2574
2,1,4,0,62,2574
2,3,4,0,62,2574
1,0,4,0,62,2574
1,4,4,0,62,2574
0,5,4,0,62,2574
4,2,4,0,62,2574
3,1,4,0,62,2574
3,3,4,0,62,2574
2,0,4,0,62,2574
2,4,4,0,62,2574
1,5,4,0,62,2574
0,6,4,0,62,2574
6,2,4,0,62,2574
5,1,4,0,62,2574
5,3,4,0,62,2574
4,0,4,0,62,2574
4,4,4,0,62,2574
3,0,4,0,62,2574
3,5,4,0,62,2574
2,6,4,0,62,2574
1,7,4,0,62,2574
0,3,2,0,63,2127
1,3,2,0,63,2127
0,2,2,0,63,2127
0,4,2,0,63,2127
2,3,2,0,63,2127
1,2,2,0,63,2127
1,4,2,0,63,2127
0,1,2,0,63,2127
0,5,2,0,63,2127
3,3,2,0,63,2127
2,2,2,0,63,2127
2,4,2,0,63,2127
1,1,2,0,63,2127
1,5,2,0,63,2127
0,0,2,0,63,2127
0,6,2,0,63,2127
5,3,2,0,63,2127
4,2,2,0,63,2127
4,4,2,0,63,2127
3,1,2,0,63,2127
3,5,2,0,63,2127
2,0,2,0,63,2127
2,6,2,0,63,2127
1,0,2,0,63,2127
1,7,2,0,63,2127
1,7,1,7,0,0
1,8,7,2,47,4099
0,3,2,0,64,2573
1,3,2,0,64,2573
0,2,2,0,64,2573
0,4,2,0,64,2573
2,3,2,0,64,2573
1,2,2,0,64,2573
1,4,2,0,64,2573
0,1,2,0,64,2573
0,5,2,0,64,2573
3,3,2,0,64,2573
2,2,2,0,64,2573
2,4,2,0,64,2573
1,1,2,0,64,2573
1,5,2,0,64,2573
0,0,2,0,64,2573
0,6,2,0,64,2573
4,3,2,0,64,2573
3,2,2,0,64,2573
3,4,2,0,64,2573
2,1,2,0,64,2573
2,5,2,0,64,2573
1,0,2,0,64,2573
1,6,2,0,64,2573
0,7,2,0,64,2573
5,3,2,0,64,2573
4,2,2,0,64,2573
4,4,2,0,64,2573
3,1,2,0,64,2573
3,5,2,0,64,2573
2,0,2,0,64,2573
2,6,2,0,64,2573
1,7,2,0,64,2573
0,8,2,0,64,2573
0,4,1,1,65,2132
1,4,1,1,65,2132
0,3,1,1,65,2132
0,5,1,1,65,2132
2,4,1,1,65,2132
1,3,1,1,65,2132
1,5,1,1,65,2132
0,2,1,1,65,2132
0,6,1,1,65,2132
3,4,1,1,65,2132
2,3,1,1,65,2132
2,5,1,1,65,2132
1,2,1,1,65,2132
1,6,1,1,65,2132
0,1,1,1,65,2132
0,7,1,1,65,2132
4,4,1,1,65,2132
3,3,1,1,65,2132
3,5,1,1,65,2132
2,2,1,1,65,2132
2,6,1,1,65,2132
1,1,1,1,65,2132
1,7,1,1,65,2132
0,0,1,1,65,2132
0,8,1,1,65,2132
0,8,0,8,0,0
0,9,7,2,47,4099
0,0,8,2,66,4423
1,0,8,2,66,4423
0,1,8,2,66,4423
2,0,8,2,66,4423
1,1,8,2,66,4423
0,2,8,2,66,4423
3,0,8,2,66,4423
2,1,8,2,66,4423
1,2,8,2,66,4423
0,3,8,2,66,4423
4,0,8,2,66,4423
3,1,8,2,66,4423
2,2,8,2,66,4423
1,3,8,2,66,4423
0,4,8,2,66,4423
5,0,8,2,66,4423
4,1,8,2,66,4423
3,2,8,2,66,4423
2,3,8,2,66,4423
1,4,8,2,66,4423
0,5,8,2,66,4423
6,0,8,2,66,4423
5,1,8,2,66,4423
4,2,8,2,66,4423
3,3,8,2,66,4423
2,4,8,2,66,4423
1,5,8,2,66,4423
0,6,8,2,66,4423
7,0,8,2,66,4423
6,1,8,2,66,4423
5,2,8,2,66,4423
4,3,8,2,66,4423
3,4,8,2,66,4423
2,5,8,2,66,4423
1,6,8,2,66,4423
0,7,8,2,66,4423
8,0,8,2,66,4423
7,1,8,2,66,4423
6,2,8,2,66,4423
5,3,8,2,66,4423
4,4,8,2,66,4423
3,5,8,2,66,4423
2,6,8,2,66,4423
1,7,8,2,66,4423
0,8,8,2,66,4423
0,0,7,1,67,3382
1,0,7,1,67,3382
0,1,7,1,67,3382
2,0,7,1,67,3382
1,1,7,1,67,3382
0,2,7,1,67,3382
3,0,7,1,67,3382
2,1,7,1,67,3382
1,2,7,1,67,3382
0,3,7,1,67,3382
4,0,7,1,67,3382
3,1,7,1,67,3382
2,2,7,1,67,3382
1,3,7,1,67,3382
0,4,7,1,67,3382
5,0,7,1,67,3382
4,1,7,1,67,3382
3,2,7,1,67,3382
2,3,7,1,67,3382
1,4,7,1,67,3382
0,5,7,1,67,3382
6,0,7,1,67,3382
5,1,7,1,67,3382
4,2,7,1,67,3382
3,3,7,1,67,3382
2,4,7,1,67,3382
1,5,7,1,67,3382
0,6,7,1,67,3382
8,0,7,1,67,3382
7,0,7,1,67,3382
7,1,7,1,67,3382
6,1,7,1,67,3382
6,2,7,1,67,3382
5,2,7,1,67,3382
5,3,7,1,67,3382
4,3,7,1,67,3382
4,4,7,1,67,3382
3,4,7,1,67,3382
3,5,7,1,67,3382
2,5,7,1,67,3382
2,6,7,1,67,3382
1,6,7,1,67,3382
1,7,7,1,67,3382
9,0,8,2,66,4423
8,1,8,2,66,4423
7,2,8,2,66,4423
6,3,8,2,66,4423
5,4,8,2,66,4423
4,5,8,2,66,4423
3,6,8,2,66,4423
2,7,8,2,66,4423
1,8,8,2,66,4423
0,1,6,0,68,3380
1,1,6,0,68,3380
0,0,6,0,68,3380
0,2,6,0,68,3380
2,1,6,0,68,3380
1,0,6,0,68,3380
1,2,6,0,68,3380
0,3,6,0,68,3380
3,1,6,0,68,3380
2,0,6,0,68,3380
2,2,6,0,68,3380
1,3,6,0,68,3380
0,4,6,0,68,3380
4,1,6,0,68,3380
3,0,6,0,68,3380
3,2,6,0,68,3380
2,3,6,0,68,3380
1,4,6,0,68,3380
0,5,6,0,68,3380
5,1,6,0,68,3380
4,0,6,0,68,3380
4,2,6,0,68,3380
3,3,6,0,68,3380
2,4,6,0,68,3380
1,5,6,0,68,3380
0,6,6,0,68,3380
6,1,6,0,68,3380
5,0,6,0,68,3380
5,2,6,0,68,3380
4,3,6,0,68,3380
3,4,6,0,68,3380
2,5,6,0,68,3380
1,6,6,0,68,3380
0,7,6,0,68,3380
7,1,6,0,68,3380
6,0,6,0,68,3380
6,2,6,0,68,3380
5,3,6,0,68,3380
4,4,6,0,68,3380
3,5,6,0,68,3380
2,6,6,0,68,3380
1,7,6,0,68,3380
0,8,6,0,68,3380
0,9,8,2,66,4423
0,0,7,2,69,3395
1,0,7,2,69,3395
0,1,7,2,69,3395
2,0,7,2,69,3395
1,1,7,2,69,3395
0,2,7,2,69,3395
3,0,7,2,69,3395
2,1,7,2,69,3395
1,2,7,2,69,3395
0,3,7,2,69,3395
4,0,7,2,69,3395
3,1,7,2,69,3395
2,2,7,2,69,3395
1,3,7,2,69,3395
0,4,7,2,69,3395
5,0,7,2,69,3395
4,1,7,2,69,3395
3,2,7,2,69,3395
2,3,7,2,69,3395
1,4,7,2,69,3395
0,5,7,2,69,3395
7,0,7,2,69,3395
6,0,7,2,69,3395
6,1,7,2,69,3395
5,1,7,2,69,3395
5,2,7,2,69,3395
4,2,7,2,69,3395
4,3,7,2,69,3395
3,3,7,2,69,3395
3,4,7,2,69,3395
2,4,7,2,69,3395
2,5,7,2,69,3395
1,5,7,2,69,3395
1,6,7,2,69,3395
9,0,7,2,69,3395
8,0,7,2,69,3395
8,1,7,2,69,3395
7,1,7,2,69,3395
7,2,7,2,69,3395
6,2,7,2,69,3395
6,3,7,2,69,3395
5,3,7,2,69,3395
5,4,7,2,69,3395
4,4,7,2,69,3395
4,5,7,2,69,3395
3,5,7,2,69,3395
3,6,7,2,69,3395
2,6,7,2,69,3395
2,7,7,2,69,3395
0,0,7,2,70,3005
1,0,7,2,70,3005
0,1,7,2,70,3005
2,0,7,2,70,3005
1,1,7,2,70,3005
0,2,7,2,70,3005
3,0,7,2,70,3005
2,1,7,2,70,3005
1,2,7,2,70,3005
0,3,7,2,70,3005
5,0,7,2,70,3005
4,0,7,2,70,3005
4,1,7,2,70,3005
3,1,7,2,70,3005
3,2,7,2,70,3005
2,2,7,2,70,3005
2,3,7,2,70,3005
1,3,7,2,70,3005
1,4,7,2,70,3005
7,0,7,2,70,3005
6,0,7,2,70,3005
6,1,7,2,70,3005
5,1,7,2,70,3005
5,2,7,2,70,3005
4,2,7,2,70,3005
4,3,7,2,70,3005
3,3,7,2,70,3005
3,4,7,2,70,3005
2,4,7,2,70,3005
2,5,7,2,70,3005
9,0,7,2,70,3005
8,0,7,2,70,3005
8,1,7,2,70,3005
7,1,7,2,70,3005
7,2,7,2,70,3005
6,2,7,2,70,3005
6,3,7,2,70,3005
5,3,7,2,70,3005
5,4,7,2,70,3005
4,4,7,2,70,3005
4,5,7,2,70,3005
3,5,7,2,70,3005
3,6,7,2,70,3005
0,0,7,2,71,2586
1,0,7,2,71,2586
0,1,7,2,71,2586
3,0,7,2,71,2586
2,0,7,2,71,2586
2,1,7,2,71,2586
1,1,7,2,71,2586
1,2,7,2,71,2586
5,0,7,2,71,2586
4,0,7,2,71,2586
4,1,7,2,71,2586
3,1,7,2,71,2586
3,2,7,2,71,2586
2,2,7,2,71,2586
2,3,7,2,71,2586
7,0,7,2,71,2586
6,0,7,2,71,2586
6,1,7,2,71,2586
5,1,7,2,71,2586
5,2,7,2,71,2586
4,2,7,2,71,2586
4,3,7,2,71,2586
3,3,7,2,71,2586
3,4,7,2,71,2586
9,0,7,2,71,2586
8,0,7,2,71,2586
8,1,7,2,71,2586
7,1,7,2,71,2586
7,2,7,2,71,2586
6,2,7,2,71,2586
6,3,7,2,71,2586
5,3,7,2,71,2586
5,4,7,2,71,2586
4,4,7,2,71,2586
4,5,7,2,71,2586
1,0,7,2,72,2137
3,0,7,2,72,2137
2,0,7,2,72,2137
2,1,7,2,72,2137
5,0,7,2,72,2137
4,0,7,2,72,2137
4,1,7,2,72,2137
3,1,7,2,72,2137
3,2,7,2,72,2137
7,0,7,2,72,2137
6,0,7,2,72,2137
6,1,7,2,72,2137
5,1,7,2,72,2137
5,2,7,2,72,2137
4,2,7,2,72,2137
4,3,7,2,72,2137
9,0,7,2,72,2137
8,0,7,2,72,2137
8,1,7,2,72,2137
7,1,7,2,72,2137
7,2,7,2,72,2137
6,2,7,2,72,2137
6,3,7,2,72,2137
5,3,7,2,72,2137
5,4,7,2,72,2137
3,0,7,2,73,1655
5,0,7,2,73,1655
4,0,7,2,73,1655
4,1,7,2,73,1655
7,0,7,2,73,1655
6,0,7,2,73,1655
6,1,7,2,73,1655
5,1,7,2,73,1655
5,2,7,2,73,1655
9,0,7,2,73,1655
8,0,7,2,73,1655
8,1,7,2,73,1655
7,1,7,2,73,1655
7,2,7,2,73,1655
6,2,7,2,73,1655
6,3,7,2,73,1655
5,0,7,2,74,1138
7,0,7,2,74,1138
6,0,7,2,74,1138
6,1,7,2,74,1138
9,0,7,2,74,1138
8,0,7,2,74,1138
8,1,7,2,74,1138
7,1,7,2,74,1138
7,2,7,2,74,1138
7,0,7,0,75,588
9,0,7,0,75,588
8,0,7,0,75,588
8,1,7,0,75,588
9,0,9,0,0,0
9,1,8,2,66,4423
8,1,8,1,0,0
8,2,8,2,66,4423
6,1,7,2,76,588
8,1,7,2,76,588
7,0,7,2,76,588
7,2,7,2,76,588
7,2,7,2,0,0
7,3,8,2,66,4423
4,1,7,2,77,1138
6,1,7,2,77,1138
5,0,7,2,77,1138
5,2,7,2,77,1138
8,1,7,2,77,1138
7,0,7,2,77,1138
7,2,7,2,77,1138
6,0,7,2,77,1138
6,3,7,2,77,1138
6,3,6,3,0,0
6,4,8,2,66,4423
2,1,7,0,57,1650
4,1,7,0,57,1650
3,0,7,0,57,1650
3,2,7,0,57,1650
6,1,7,0,57,1650
5,0,7,0,57,1650
5,2,7,0,57,1650
4,0,7,0,57,1650
4,3,7,0,57,1650
8,1,7,0,57,1650
7,0,7,0,57,1650
7,2,7,0,57,1650
6,0,7,0,57,1650
6,3,7,0,57,1650
5,1,7,0,57,1650
5,4,7,0,57,1650
3,2,5,0,78,1136
5,2,5,0,78,1136
4,1,5,0,78,1136
4,3,5,0,78,1136
7,2,5,0,78,1136
6,1,5,0,78,1136
6,3,5,0,78,1136
5,0,5,0,78,1136
5,4,5,0,78,1136
5,4,5,4,0,0
5,5,8,2,66,4423
0,1,7,0,79,2127
2,1,7,0,79,2127
1,0,7,0,79,2127
1,2,7,0,79,2127
4,1,7,0,79,2127
3,0,7,0,79,2127
3,2,7,0,79,2127
2,0,7,0,79,2127
2,3,7,0,79,2127
6,1,7,0,79,2127
5,0,7,0,79,2127
5,2,7,0,79,2127
4,0,7,0,79,2127
4,3,7,0,79,2127
3,1,7,0,79,2127
3,4,7,0,79,2127
8,1,7,0,79,2127
7,0,7,0,79,2127
7,2,7,0,79,2127
6,0,7,0,79,2127
6,3,7,0,79,2127
5,1,7,0,79,2127
5,4,7,0,79,2127
4,2,7,0,79,2127
4,5,7,0,79,2127
4,5,4,5,0,0
4,6,8,2,66,4423
0,2,1,0,80,2128
1,2,1,0,80,2128
0,1,1,0,80,2128
0,3,1,0,80,2128
3,2,1,0,80,2128
2,1,1,0,80,2128
2,3,1,0,80,2128
1,0,1,0,80,2128
1,4,1,0,80,2128
5,2,1,0,80,2128
4,1,1,0,80,2128
4,3,1,0,80,2128
3,0,1,0,80,2128
3,4,1,0,80,2128
2,0,1,0,80,2128
2,5,1,0,80,2128
7,2,1,0,80,2128
6,1,1,0,80,2128
6,3,1,0,80,2128
5,0,1,0,80,2128
5,4,1,0,80,2128
4,0,1,0,80,2128
4,5,1,0,80,2128
3,1,1,0,80,2128
3,6,1,0,80,2128
3,6,3,6,0,0
3,7,8,2,66,4423
0,1,7,0,81,2986
1,1,7,0,81,2986
0,0,7,0,81,2986
0,2,7,0,81,2986
2,1,7,0,81,2986
1,0,7,0,81,2986
1,2,7,0,81,2986
0,3,7,0,81,2986
3,1,7,0,81,2986
2,0,7,0,81,2986
2,2,7,0,81,2986
1,3,7,0,81,2986
0,4,7,0,81,2986
4,1,7,0,81,2986
3,0,7,0,81,2986
3,2,7,0,81,2986
2,3,7,0,81,2986
1,4,7,0,81,2986
0,5,7,0,81,2986
6,1,7,0,81,2986
5,0,7,0,81,2986
5,2,7,0,81,2986
4,0,7,0,81,2986
4,3,7,0,81,2986
3,4,7,0,81,2986
2,5,7,0,81,2986
1,6,7,0,81,2986
8,1,7,0,81,2986
7,0,7,0,81,2986
7,2,7,0,81,2986
6,0,7,0,81,2986
6,3,7,0,81,2986
5,1,7,0,81,2986
5,4,7,0,81,2986
4,2,7,0,81,2986
4,5,7,0,81,2986
3,3,7,0,81,2986
3,6,7,0,81,2986
2,4,7,0,81,2986
2,7,7,0,81,2986
0,2,3,0,82,2574
1,2,3,0,82,2574
0,1,3,0,82,2574
0,3,3,0,82,2574
2,2,3,0,82,2574
1,1,3,0,82,2574
1,3,3,0,82,2574
0,0,3,0,82,2574
0,4,3,0,82,2574
3,2,3,0,82,2574
2,1,3,0,82,2574
2,3,3,0,82,2574
1,0,3,0,82,2574
1,4,3,0,82,2574
0,5,3,0,82,2574
5,2,3,0,82,2574
4,1,3,0,82,2574
4,3,3,0,82,2574
3,0,3,0,82,2574
3,4,3,0,82,2574
2,0,3,0,82,2574
2,5,3,0,82,2574
1,6,3,0,82,2574
7,2,3,0,82,2574
6,1,3,0,82,2574
6,3,3,0,82,2574
5,0,3,0,82,2574
5,4,3,0,82,2574
4,0,3,0,82,2574
4,5,3,0,82,2574
3,1,3,0,82,2574
3,6,3,0,82,2574
2,7,3,0,82,2574
2,7,2,7,0,0
2,8,8,2,66,4423
0,1,7,0,83,3373
1,1,7,0,83,3373
0,0,7,0,83,3373
0,2,7,0,83,3373
2,1,7,0,83,3373
1,0,7,0,83,3373
1,2,7,0,83,3373
0,3,7,0,83,3373
3,1,7,0,83,3373
2,0,7,0,83,3373
2,2,7,0,83,3373
1,3,7,0,83,3373
0,4,7,0,83,3373
4,1,7,0,83,3373
3,0,7,0,83,3373
3,2,7,0,83,3373
2,3,7,0,83,3373
1,4,7,0,83,3373
0,5,7,0,83,3373
5,1,7,0,83,3373
4,0,7,0,83,3373
4,2,7,0,83,3373
3,3,7,0,83,3373
2,4,7,0,83,3373
1,5,7,0,83,3373
0,6,7,0,83,3373
6,1,7,0,83,3373
5,0,7,0,83,3373
5,2,7,0,83,3373
4,3,7,0,83,3373
3,4,7,0,83,3373
2,5,7,0,83,3373
1,6,7,0,83,3373
0,7,7,0,83,3373
8,1,7,0,83,3373
7,0,7,0,83,3373
7,2,7,0,83,3373
6,0,7,0,83,3373
6,3,7,0,83,3373
5,4,7,0,83,3373
4,5,7,0,83,3373
3,6,7,0,83,3373
2,7,7,0,83,3373
1,8,7,0,83,3373
0,2,5,0,84,2991
1,2,5,0,84,2991
0,1,5,0,84,2991
0,3,5,0,84,2991
2,2,5,0,84,2991
1,1,5,0,84,2991
1,3,5,0,84,2991
0,0,5,0,84,2991
0,4,5,0,84,2991
3,2,5,0,84,2991
2,1,5,0,84,2991
2,3,5,0,84,2991
1,0,5,0,84,2991
1,4,5,0,84,2991
0,5,5,0,84,2991
4,2,5,0,84,2991
3,1,5,0,84,2991
3,3,5,0,84,2991
2,0,5,0,84,2991
2,4,5,0,84,2991
1,5,5,0,84,2991
0,6,5,0,84,2991
5,2,5,0,84,2991
4,1,5,0,84,2991
4,3,5,0,84,2991
3,0,5,0,84,2991
3,4,5,0,84,2991
2,5,5,0,84,2991
1,6,5,0,84,2991
0,7,5,0,84,2991
7,2,5,0,84,2991
6,1,5,0,84,2991
6,3,5,0,84,2991
5,0,5,0,84,2991
5,4,5,0,84,2991
4,0,5,0,84,2991
4,5,5,0,84,2991
3,6,5,0,84,2991
2,7,5,0,84,2991
1,8,5,0,84,2991
0,3,3,0,85,2574
1,3,3,0,85,2574
0,2,3,0,85,2574
0,4,3,0,85,2574
2,3,3,0,85,2574
1,2,3,0,85,2574
1,4,3,0,85,2574
0,1,3,0,85,2574
0,5,3,0,85,2574
3,3,3,0,85,2574
2,2,3,0,85,2574
2,4,3,0,85,2574
1,1,3,0,85,2574
1,5,3,0,85,2574
0,0,3,0,85,2574
0,6,3,0,85,2574
4,3,3,0,85,2574
3,2,3,0,85,2574
3,4,3,0,85,2574
2,1,3,0,85,2574
2,5,3,0,85,2574
1,0,3,0,85,2574
1,6,3,0,85,2574
0,7,3,0,85,2574
6,3,3,0,85,2574
5,2,3,0,85,2574
5,4,3,0,85,2574
4,1,3,0,85,2574
4,5,3,0,85,2574
3,0,3,0,85,2574
3,6,3,0,85,2574
2,0,3,0,85,2574
2,7,3,0,85,2574
1,8,3,0,85,2574
1,8,1,8,0,0
1,9,8,2,66,4423
0,3,3,0,86,2991
1,3,3,0,86,2991
0,2,3,0,86,2991
0,4,3,0,86,2991
2,3,3,0,86,2991
1,2,3,0,86,2991
1,4,3,0,86,2991
0,1,3,0,86,2991
0,5,3,0,86,2991
3,3,3,0,86,2991
2,2,3,0,86,2991
2,4,3,0,86,2991
1,1,3,0,86,2991
1,5,3,0,86,2991
0,0,3,0,86,2991
0,6,3,0,86,2991
4,3,3,0,86,2991
3,2,3,0,86,2991
3,4,3,0,86,2991
2,1,3,0,86,2991
2,5,3,0,86,2991
1,0,3,0,86,2991
1,6,3,0,86,2991
0,7,3,0,86,2991
5,3,3,0,86,2991
4,2,3,0,86,2991
4,4,3,0,86,2991
3,1,3,0,86,2991
3,5,3,0,86,2991
2,0,3,0,86,2991
2,6,3,0,86,2991
1,7,3,0,86,2991
0,8,3,0,86,2991
6,3,3,0,86,2991
5,2,3,0,86,2991
5,4,3,0,86,2991
4,1,3,0,86,2991
4,5,3,0,86,2991
3,0,3,0,86,2991
3,6,3,0,86,2991
2,7,3,0,86,2991
1,8,3,0,86,2991
0,9,3,0,86,2991
0,4,1,0,87,2576
1,4,1,0,87,2576
0,3,1,0,87,2576
0,5,1,0,87,2576
2,4,1,0,87,2576
1,3,1,0,87,2576
1,5,1,0,87,2576
0,2,1,0,87,2576
0,6,1,0,87,2576
3,4,1,0,87,2576
2,3,1,0,87,2576
2,5,1,0,87,2576
1,2,1,0,87,2576
1,6,1,0,87,2576
0,1,1,0,87,2576
0,7,1,0,87,2576
4,4,1,0,87,2576
3,3,1,0,87,2576
3,5,1,0,87,2576
2,2,1,0,87,2576
2,6,1,0,87,2576
1,1,1,0,87,2576
1,7,1,0,87,2576
0,0,1,0,87,2576
0,8,1,0,87,2576
5,4,1,0,87,2576
4,3,1,0,87,2576
4,5,1,0,87,2576
3,2,1,0,87,2576
3,6,1,0,87,2576
2,1,1,0,87,2576
2,7,1,0,87,2576
1,0,1,0,87,2576
1,8,1,0,87,2576
0,9,1,0,87,2576
0,9,0,9,0,0
0,0,7,2,88,3760
1,0,7,2,88,3760
0,1,7,2,88,3760
2,0,7,2,88,3760
1,1,7,2,88,3760
0,2,7,2,88,3760
3,0,7,2,88,3760
2,1,7,2,88,3760
1,2,7,2,88,3760
0,3,7,2,88,3760
4,0,7,2,88,3760
3,1,7,2,88,3760
2,2,7,2,88,3760
1,3,7,2,88,3760
0,4,7,2,88,3760
5,0,7,2,88,3760
4,1,7,2,88,3760
3,2,7,2,88,3760
2,3,7,2,88,3760
1,4,7,2,88,3760
0,5,7,2,88,3760
6,0,7,2,88,3760
5,1,7,2,88,3760
4,2,7,2,88,3760
3,3,7,2,88,3760
2,4,7,2,88,3760
1,5,7,2,88,3760
0,6,7,2,88,3760
7,0,7,2,88,3760
6,1,7,2,88,3760
5,2,7,2,88,3760
4,3,7,2,88,3760
3,4,7,2,88,3760
2,5,7,2,88,3760
1,6,7,2,88,3760
0,7,7,2,88,3760
9,0,7,2,88,3760
8,0,7,2,88,3760
8,1,7,2,88,3760
7,1,7,2,88,3760
7,2,7,2,88,3760
6,2,7,2,88,3760
6,3,7,2,88,3760
5,3,7,2,88,3760
5,4,7,2,88,3760
4,4,7,2,88,3760
4,5,7,2,88,3760
3,5,7,2,88,3760
3,6,7,2,88,3760
2,6,7,2,88,3760
2,7,7,2,88,3760
1,7,7,2,88,3760
1,8,7,2,88,3760
0,1,7,0,89,3742
1,1,7,0,89,3742
0,0,7,0,89,3742
0,2,7,0,89,3742
2,1,7,0,89,3742
1,0,7,0,89,3742
1,2,7,0,89,3742
0,3,7,0,89,3742
3,1,7,0,89,3742
2,0,7,0,89,3742
2,2,7,0,89,3742
1,3,7,0,89,3742
0,4,7,0,89,3742
4,1,7,0,89,3742
3,0,7,0,89,3742
3,2,7,0,89,3742
2,3,7,0,89,3742
1,4,7,0,89,3742
0,5,7,0,89,3742
5,1,7,0,89,3742
4,0,7,0,89,3742
4,2,7,0,89,3742
3,3,7,0,89,3742
2,4,7,0,89,3742
1,5,7,0,89,3742
0,6,7,0,89,3742
6,1,7,0,89,3742
5,0,7,0,89,3742
5,2,7,0,89,3742
4,3,7,0,89,3742
3,4,7,0,89,3742
2,5,7,0,89,3742
1,6,7,0,89,3742
0,7,7,0,89,3742
7,1,7,0,89,3742
6,0,7,0,89,3742
6,2,7,0,89,3742
5,3,7,0,89,3742
4,4,7,0,89,3742
3,5,7,0,89,3742
2,6,7,0,89,3742
1,7,7,0,89,3742
0,8,7,0,89,3742
8,1,7,0,89,3742
7,0,7,0,89,3742
7,2,7,0,89,3742
6,3,7,0,89,3742
5,4,7,0,89,3742
4,5,7,0,89,3742
3,6,7,0,89,3742
2,7,7,0,89,3742
1,8,7,0,89,3742
0,9,7,0,89,3742
0,0,8,2,90,3764
1,0,8,2,90,3764
0,1,8,2,90,3764
2,0,8,2,90,3764
1,1,8,2,90,3764
0,2,8,2,90,3764
3,0,8,2,90,3764
2,1,8,2,90,3764
1,2,8,2,90,3764
0,3,8,2,90,3764
4,0,8,2,90,3764
3,1,8,2,90,3764
2,2,8,2,90,3764
1,3,8,2,90,3764
0,4,8,2,90,3764
5,0,8,2,90,3764
4,1,8,2,90,3764
3,2,8,2,90,3764
2,3,8,2,90,3764
1,4,8,2,90,3764
0,5,8,2,90,3764
6,0,8,2,90,3764
5,1,8,2,90,3764
4,2,8,2,90,3764
3,3,8,2,90,3764
2,4,8,2,90,3764
1,5,8,2,90,3764
0,6,8,2,90,3764
8,0,8,2,90,3764
7,0,8,2,90,3764
7,1,8,2,90,3764
6,1,8,2,90,3764
6,2,8,2,90,3764
5,2,8,2,90,3764
5,3,8,2,90,3764
4,3,8,2,90,3764
4,4,8,2,90,3764
3,4,8,2,90,3764
3,5,8,2,90,3764
2,5,8,2,90,3764
2,6,8,2,90,3764
1,6,8,2,90,3764
1,7,8,2,90,3764
9,0,8,2,90,3764
9,1,8,2,90,3764
8,1,8,2,90,3764
8,2,8,2,90,3764
7,2,8,2,90,3764
7,3,8,2,90,3764
6,3,8,2,90,3764
6,4,8,2,90,3764
5,4,8,2,90,3764
5,5,8,2,90,3764
4,5,8,2,90,3764
4,6,8,2,90,3764
3,6,8,2,90,3764
3,7,8,2,90,3764
2,7,8,2,90,3764
2,8,8,2,90,3764
0,0,8,2,91,3398
1,0,8,2,91,3398
0,1,8,2,91,3398
2,0,8,2,91,3398
1,1,8,2,91,3398
0,2,8,2,91,3398
3,0,8,2,91,3398
2,1,8,2,91,3398
1,2,8,2,91,3398
0,3,8,2,91,3398
4,0,8,2,91,3398
3,1,8,2,91,3398
2,2,8,2,91,3398
1,3,8,2,91,3398
0,4,8,2,91,3398
6,0,8,2,91,3398
5,0,8,2,91,3398
5,1,8,2,91,3398
4,1,8,2,91,3398
4,2,8,2,91,3398
3,2,8,2,91,3398
3,3,8,2,91,3398
2,3,8,2,91,3398
2,4,8,2,91,3398
1,4,8,2,91,3398
1,5,8,2,91,3398
8,0,8,2,91,3398
7,0,8,2,91,3398
7,1,8,2,91,3398
6,1,8,2,91,3398
6,2,8,2,91,3398
5,2,8,2,91,3398
5,3,8,2,91,3398
4,3,8,2,91,3398
4,4,8,2,91,3398
3,4,8,2,91,3398
3,5,8,2,91,3398
2,5,8,2,91,3398
2,6,8,2,91,3398
9,0,8,2,91,3398
9,1,8,2,91,3398
8,1,8,2,91,3398
8,2,8,2,91,3398
7,2,8,2,91,3398
7,3,8,2,91,3398
6,3,8,2,91,3398
6,4,8,2,91,3398
5,4,8,2,91,3398
5,5,8,2,91,3398
4,5,8,2,91,3398
4,6,8,2,91,3398
3,6,8,2,91,3398
3,7,8,2,91,3398
0,0,8,2,92,3006
1,0,8,2,92,3006
0,1,8,2,92,3006
2,0,8,2,92,3006
1,1,8,2,92,3006
0,2,8,2,92,3006
4,0,8,2,92,3006
3,0,8,2,92,3006
3,1,8,2,92,3006
2,1,8,2,92,3006
2,2,8,2,92,3006
1,2,8,2,92,3006
1,3,8,2,92,3006
6,0,8,2,92,3006
5,0,8,2,92,3006
5,1,8,2,92,3006
4,1,8,2,92,3006
4,2,8,2,92,3006
3,2,8,2,92,3006
3,3,8,2,92,3006
2,3,8,2,92,3006
2,4,8,2,92,3006
8,0,8,2,92,3006
7,0,8,2,92,3006
7,1,8,2,92,3006
6,1,8,2,92,3006
6,2,8,2,92,3006
5,2,8,2,92,3006
5,3,8,2,92,3006
4,3,8,2,92,3006
4,4,8,2,92,3006
3,4,8,2,92,3006
3,5,8,2,92,3006
9,0,8,2,92,3006
9,1,8,2,92,3006
8,1,8,2,92,3006
8,2,8,2,92,3006
7,2,8,2,92,3006
7,3,8,2,92,3006
6,3,8,2,92,3006
6,4,8,2,92,3006
5,4,8,2,92,3006
5,5,8,2,92,3006
4,5,8,2,92,3006
4,6,8,2,92,3006
0,0,8,2,93,2586
2,0,8,2,93,2586
1,0,8,2,93,2586
1,1,8,2,93,2586
4,0,8,2,93,2586
3,0,8,2,93,2586
3,1,8,2,93,2586
2,1,8,2,93,2586
2,2,8,2,93,2586
6,0,8,2,93,2586
5,0,8,2,93,2586
5,1,8,2,93,2586
4,1,8,2,93,2586
4,2,8,2,93,2586
3,2,8,2,93,2586
3,3,8,2,93,2586
8,0,8,2,93,2586
7,0,8,2,93,2586
7,1,8,2,93,2586
6,1,8,2,93,2586
6,2,8,2,93,2586
5,2,8,2,93,2586
5,3,8,2,93,2586
4,3,8,2,93,2586
4,4,8,2,93,2586
9,0,8,2,93,2586
9,1,8,2,93,2586
8,1,8,2,93,2586
8,2,8,2,93,2586
7,2,8,2,93,2586
7,3,8,2,93,2586
6,3,8,2,93,2586
6,4,8,2,93,2586
5,4,8,2,93,2586
5,5,8,2,93,2586
2,0,8,2,94,2135
4,0,8,2,94,2135
3,0,8,2,94,2135
3,1,8,2,94,2135
6,0,8,2,94,2135
5,0,8,2,94,2135
5,1,8,2,94,2135
4,1,8,2,94,2135
4,2,8,2,94,2135
8,0,8,2,94,2135
7,0,8,2,94,2135
7,1,8,2,94,2135
6,1,8,2,94,2135
6,2,8,2,94,2135
5,2,8,2,94,2135
5,3,8,2,94,2135
9,0,8,2,94,2135
9,1,8,2,94,2135
8,1,8,2,94,2135
8,2,8,2,94,2135
7,2,8,2,94,2135
7,3,8,2,94,2135
6,3,8,2,94,2135
6,4,8,2,94,2135
4,0,8,2,95,1651
6,0,8,2,95,1651
5,0,8,2,95,1651
5,1,8,2,95,1651
8,0,8,2,95,1651
7,0,8,2,95,1651
7,1,8,2,95,1651
6,1,8,2,95,1651
6,2,8,2,95,1651
9,0,8,2,95,1651
9,1,8,2,95,1651
8,1,8,2,95,1651
8,2,8,2,95,1651
7,2,8,2,95,1651
7,3,8,2,95,1651
6,0,7,1,96,1139
8,0,7,1,96,1139
7,0,7,1,96,1139
7,1,7,1,96,1139
9,0,7,1,96,1139
9,1,7,1,96,1139
8,1,7,1,96,1139
8,2,7,1,96,1139
8,0,8,0,97,586
9,0,8,0,97,586
9,1,8,0,97,586
9,1,9,1,0,0
7,1,8,2,76,588
9,1,8,2,76,588
8,0,8,2,76,588
8,2,8,2,76,588
8,2,8,2,0,0
5,1,8,2,77,1138
7,1,8,2,77,1138
6,0,8,2,77,1138
6,2,8,2,77,1138
9,1,8,2,77,1138
8,0,8,2,77,1138
8,2,8,2,77,1138
7,0,8,2,77,1138
7,3,8,2,77,1138
6,2,8,2,56,588
8,2,8,2,56,588
7,1,8,2,56,588
7,3,8,2,56,588
7,3,7,3,0,0
3,1,8,2,98,1650
5,1,8,2,98,1650
4,0,8,2,98,1650
4,2,8,2,98,1650
7,1,8,2,98,1650
6,0,8,2,98,1650
6,2,8,2,98,1650
5,0,8,2,98,1650
5,3,8,2,98,1650
9,1,8,2,98,1650
8,0,8,2,98,1650
8,2,8,2,98,1650
7,0,8,2,98,1650
7,3,8,2,98,1650
6,1,8,2,98,1650
6,4,8,2,98,1650
6,4,6,4,0,0
1,1,7,1,99,2132
3,1,7,1,99,2132
2,0,7,1,99,2132
2,2,7,1,99,2132
5,1,7,1,99,2132
4,0,7,1,99,2132
4,2,7,1,99,2132
3,0,7,1,99,2132
3,3,7,1,99,2132
7,1,7,1,99,2132
6,0,7,1,99,2132
6,2,7,1,99,2132
5,0,7,1,99,2132
5,3,7,1,99,2132
4,1,7,1,99,2132
4,4,7,1,99,2132
9,1,7,1,99,2132
8,0,7,1,99,2132
8,2,7,1,99,2132
7,0,7,1,99,2132
7,3,7,1,99,2132
6,1,7,1,99,2132
6,4,7,1,99,2132
5,2,7,1,99,2132
5,5,7,1,99,2132
2,2,6,0,100,1650
4,2,6,0,100,1650
3,1,6,0,100,1650
3,3,6,0,100,1650
6,2,6,0,100,1650
5,1,6,0,100,1650
5,3,6,0,100,1650
4,0,6,0,100,1650
4,4,6,0,100,1650
8,2,6,0,100,1650
7,1,6,0,100,1650
7,3,6,0,100,1650
6,0,6,0,100,1650
6,4,6,0,100,1650
5,0,6,0,100,1650
5,5,6,0,100,1650
5,5,5,5,0,0
0,1,7,1,101,2579
1,1,7,1,101,2579
0,0,7,1,101,2579
0,2,7,1,101,2579
3,1,7,1,101,2579
2,0,7,1,101,2579
2,2,7,1,101,2579
1,0,7,1,101,2579
1,3,7,1,101,2579
5,1,7,1,101,2579
4,0,7,1,101,2579
4,2,7,1,101,2579
3,0,7,1,101,2579
3,3,7,1,101,2579
2,1,7,1,101,2579
2,4,7,1,101,2579
7,1,7,1,101,2579
6,0,7,1,101,2579
6,2,7,1,101,2579
5,0,7,1,101,2579
5,3,7,1,101,2579
4,1,7,1,101,2579
4,4,7,1,101,2579
3,2,7,1,101,2579
3,5,7,1,101,2579
9,1,7,1,101,2579
8,0,7,1,101,2579
8,2,7,1,101,2579
7,0,7,1,101,2579
7,3,7,1,101,2579
6,1,7,1,101,2579
6,4,7,1,101,2579
5,2,7,1,101,2579
5,5,7,1,101,2579
4,3,7,1,101,2579
4,6,7,1,101,2579
3,5,4,6,76,588
5,5,4,6,76,588
4,4,4,6,76,588
4,6,4,6,76,588
4,6,4,6,0,0
0,2,2,0,102,2574
1,2,2,0,102,2574
0,1,2,0,102,2574
0,3,2,0,102,2574
2,2,2,0,102,2574
1,1,2,0,102,2574
1,3,2,0,102,2574
0,0,2,0,102,2574
0,4,2,0,102,2574
4,2,2,0,102,2574
3,1,2,0,102,2574
3,3,2,0,102,2574
2,0,2,0,102,2574
2,4,2,0,102,2574
1,0,2,0,102,2574
1,5,2,0,102,2574
6,2,2,0,102,2574
5,1,2,0,102,2574
5,3,2,0,102,2574
4,0,2,0,102,2574
4,4,2,0,102,2574
3,0,2,0,102,2574
3,5,2,0,102,2574
2,1,2,0,102,2574
2,6,2,0,102,2574
8,2,2,0,102,2574
7,1,2,0,102,2574
7,3,2,0,102,2574
6,0,2,0,102,2574
6,4,2,0,102,2574
5,0,2,0,102,2574
5,5,2,0,102,2574
4,1,2,0,102,2574
4,6,2,0,102,2574
3,2,2,0,102,2574
3,7,2,0,102,2574
3,7,3,7,0,0
0,1,7,1,103,3386
1,1,7,1,103,3386
0,0,7,1,103,3386
0,2,7,1,103,3386
2,1,7,1,103,3386
1,0,7,1,103,3386
1,2,7,1,103,3386
0,3,7,1,103,3386
3,1,7,1,103,3386
2,0,7,1,103,3386
2,2,7,1,103,3386
1,3,7,1,103,3386
0,4,7,1,103,3386
4,1,7,1,103,3386
3,0,7,1,103,3386
3,2,7,1,103,3386
2,3,7,1,103,3386
1,4,7,1,103,3386
0,5,7,1,103,3386
5,1,7,1,103,3386
4,0,7,1,103,3386
4,2,7,1,103,3386
3,3,7,1,103,3386
2,4,7,1,103,3386
1,5,7,1,103,3386
0,6,7,1,103,3386
7,1,7,1,103,3386
6,0,7,1,103,3386
6,2,7,1,103,3386
5,0,7,1,103,3386
5,3,7,1,103,3386
4,4,7,1,103,3386
3,5,7,1,103,3386
2,6,7,1,103,3386
1,7,7,1,103,3386
9,1,7,1,103,3386
8,0,7,1,103,3386
8,2,7,1,103,3386
7,0,7,1,103,3386
7,3,7,1,103,3386
6,1,7,1,103,3386
6,4,7,1,103,3386
5,2,7,1,103,3386
5,5,7,1,103,3386
4,3,7,1,103,3386
4,6,7,1,103,3386
3,4,7,1,103,3386
3,7,7,1,103,3386
2,5,7,1,103,3386
2,8,7,1,103,3386
0,2,4,0,104,2991
1,2,4,0,104,2991
0,1,4,0,104,2991
0,3,4,0,104,2991
2,2,4,0,104,2991
1,1,4,0,104,2991
1,3,4,0,104,2991
0,0,4,0,104,2991
0,4,4,0,104,2991
3,2,4,0,104,2991
2,1,4,0,104,2991
2,3,4,0,104,2991
1,0,4,0,104,2991
1,4,4,0,104,2991
0,5,4,0,104,2991
4,2,4,0,104,2991
3,1,4,0,104,2991
3,3,4,0,104,2991
2,0,4,0,104,2991
2,4,4,0,104,2991
1,5,4,0,104,2991
0,6,4,0,104,2991
6,2,4,0,104,2991
5,1,4,0,104,2991
5,3,4,0,104,2991
4,0,4,0,104,2991
4,4,4,0,104,2991
3,0,4,0,104,2991
3,5,4,0,104,2991
2,6,4,0,104,2991
1,7,4,0,104,2991
8,2,4,0,104,2991
7,1,4,0,104,2991
7,3,4,0,104,2991
6,0,4,0,104,2991
6,4,4,0,104,2991
5,0,4,0,104,2991
5,5,4,0,104,2991
4,1,4,0,104,2991
4,6,4,0,104,2991
3,7,4,0,104,2991
2,8,4,0,104,2991
2,8,2,8,0,0
0,1,7,1,105,3750
1,1,7,1,105,3750
0,0,7,1,105,3750
0,2,7,1,105,3750
2,1,7,1,105,3750
1,0,7,1,105,3750
1,2,7,1,105,3750
0,3,7,1,105,3750
3,1,7,1,105,3750
2,0,7,1,105,3750
2,2,7,1,105,3750
1,3,7,1,105,3750
0,4,7,1,105,3750
4,1,7,1,105,3750
3,0,7,1,105,3750
3,2,7,1,105,3750
2,3,7,1,105,3750
1,4,7,1,105,3750
0,5,7,1,105,3750
5,1,7,1,105,3750
4,0,7,1,105,3750
4,2,7,1,105,3750
3,3,7,1,105,3750
2,4,7,1,105,3750
1,5,7,1,105,3750
0,6,7,1,105,3750
6,1,7,1,105,3750
5,0,7,1,105,3750
5,2,7,1,105,3750
4,3,7,1,105,3750
3,4,7,1,105,3750
2,5,7,1,105,3750
1,6,7,1,105,3750
0,7,7,1,105,3750
7,1,7,1,105,3750
6,0,7,1,105,3750
6,2,7,1,105,3750
5,3,7,1,105,3750
4,4,7,1,105,3750
3,5,7,1,105,3750
2,6,7,1,105,3750
1,7,7,1,105,3750
0,8,7,1,105,3750
9,1,7,1,105,3750
8,0,7,1,105,3750
8,2,7,1,105,3750
7,0,7,1,105,3750
7,3,7,1,105,3750
6,4,7,1,105,3750
5,5,7,1,105,3750
4,6,7,1,105,3750
3,7,7,1,105,3750
2,8,7,1,105,3750
1,9,7,1,105,3750
0,2,6,0,106,3379
1,2,6,0,106,3379
0,1,6,0,106,3379
0,3,6,0,106,3379
2,2,6,0,106,3379
1,1,6,0,106,3379
1,3,6,0,106,3379
0,0,6,0,106,3379
0,4,6,0,106,3379
3,2,6,0,106,3379
2,1,6,0,106,3379
2,3,6,0,106,3379
1,0,6,0,106,3379
1,4,6,0,106,3379
0,5,6,0,106,3379
4,2,6,0,106,3379
3,1,6,0,106,3379
3,3,6,0,106,3379
2,0,6,0,106,3379
2,4,6,0,106,3379
1,5,6,0,106,3379
0,6,6,0,106,3379
5,2,6,0,106,3379
4,1,6,0,106,3379
4,3,6,0,106,3379
3,0,6,0,106,3379
3,4,6,0,106,3379
2,5,6,0,106,3379
1,6,6,0,106,3379
0,7,6,0,106,3379
6,2,6,0,106,3379
5,1,6,0,106,3379
5,3,6,0,106,3379
4,0,6,0,106,3379
4,4,6,0,106,3379
3,5,6,0,106,3379
2,6,6,0,106,3379
1,7,6,0,106,3379
0,8,6,0,106,3379
8,2,6,0,106,3379
7,1,6,0,106,3379
7,3,6,0,106,3379
6,0,6,0,106,3379
6,4,6,0,106,3379
5,0,6,0,106,3379
5,5,6,0,106,3379
4,6,6,0,106,3379
3,7,6,0,106,3379
2,8,6,0,106,3379
1,9,6,0,106,3379
0,3,4,0,107,2992
1,3,4,0,107,2992
0,2,4,0,107,2992
0,4,4,0,107,2992
2,3,4,0,107,2992
1,2,4,0,107,2992
1,4,4,0,107,2992
0,1,4,0,107,2992
0,5,4,0,107,2992
3,3,4,0,107,2992
2,2,4,0,107,2992
2,4,4,0,107,2992
1,1,4,0,107,2992
1,5,4,0,107,2992
0,0,4,0,107,2992
0,6,4,0,107,2992
4,3,4,0,107,2992
3,2,4,0,107,2992
3,4,4,0,107,2992
2,1,4,0,107,2992
2,5,4,0,107,2992
1,0,4,0,107,2992
1,6,4,0,107,2992
0,7,4,0,107,2992
5,3,4,0,107,2992
4,2,4,0,107,2992
4,4,4,0,107,2992
3,1,4,0,107,2992
3,5,4,0,107,2992
2,0,4,0,107,2992
2,6,4,0,107,2992
1,7,4,0,107,2992
0,8,4,0,107,2992
7,3,4,0,107,2992
6,2,4,0,107,2992
6,4,4,0,107,2992
5,1,4,0,107,2992
5,5,4,0,107,2992
4,0,4,0,107,2992
4,6,4,0,107,2992
3,0,4,0,107,2992
3,7,4,0,107,2992
2,8,4,0,107,2992
1,9,4,0,107,2992
1,9,1,9,0,0
0,3,4,0,108,3380
1,3,4,0,108,3380
0,2,4,0,108,3380
0,4,4,0,108,3380
2,3,4,0,108,3380
1,2,4,0,108,3380
1,4,4,0,108,3380
0,1,4,0,108,3380
0,5,4,0,108,3380
3,3,4,0,108,3380
2,2,4,0,108,3380
2,4,4,0,108,3380
1,1,4,0,108,3380
1,5,4,0,108,3380
0,0,4,0,108,3380
0,6,4,0,108,3380
4,3,4,0,108,3380
3,2,4,0,108,3380
3,4,4,0,108,3380
2,1,4,0,108,3380
2,5,4,0,108,3380
1,0,4,0,108,3380
1,6,4,0,108,3380
0,7,4,0,108,3380
5,3,4,0,108,3380
4,2,4,0,108,3380
4,4,4,0,108,3380
3,1,4,0,108,3380
3,5,4,0,108,3380
2,0,4,0,108,3380
2,6,4,0,108,3380
1,7,4,0,108,3380
0,8,4,0,108,3380
6,3,4,0,108,3380
5,2,4,0,108,3380
5,4,4,0,108,3380
4,1,4,0,108,3380
4,5,4,0,108,3380
3,0,4,0,108,3380
3,6,4,0,108,3380
2,7,4,0,108,3380
1,8,4,0,108,3380
0,9,4,0,108,3380
7,3,4,0,108,3380
6,2,4,0,108,3380
6,4,4,0,108,3380
5,1,4,0,108,3380
5,5,4,0,108,3380
4,0,4,0,108,3380
4,6,4,0,108,3380
3,7,4,0,108,3380
2,8,4,0,108,3380
1,9,4,0,108,3380
0,4,2,0,109,2997
1,4,2,0,109,2997
0,3,2,0,109,2997
0,5,2,0,109,2997
2,4,2,0,109,2997
1,3,2,0,109,2997
1,5,2,0,109,2997
0,2,2,0,109,2997
0,6,2,0,109,2997
3,4,2,0,109,2997
2,3,2,0,109,2997
2,5,2,0,109,2997
1,2,2,0,109,2997
1,6,2,0,109,2997
0,1,2,0,109,2997
0,7,2,0,109,2997
4,4,2,0,109,2997
3,3,2,0,109,2997
3,5,2,0,109,2997
2,2,2,0,109,2997
2,6,2,0,109,2997
1,1,2,0,109,2997
1,7,2,0,109,2997
0,0,2,0,109,2997
0,8,2,0,109,2997
5,4,2,0,109,2997
4,3,2,0,109,2997
4,5,2,0,109,2997
3,2,2,0,109,2997
3,6,2,0,109,2997
2,1,2,0,109,2997
2,7,2,0,109,2997
1,0,2,0,109,2997
1,8,2,0,109,2997
0,9,2,0,109,2997
6,4,2,0,109,2997
5,3,2,0,109,2997
5,5,2,0,109,2997
4,2,2,0,109,2997
4,6,2,0,109,2997
3,1,2,0,109,2997
3,7,2,0,109,2997
2,0,2,0,109,2997
2,8,2,0,109,2997
1,9,2,0,109,2997
0,0,8,2,110,4105
1,0,8,2,110,4105
0,1,8,2,110,4105
2,0,8,2,110,4105
1,1,8,2,110,4105
0,2,8,2,110,4105
3,0,8,2,110,4105
2,1,8,2,110,4105
1,2,8,2,110,4105
0,3,8,2,110,4105
4,0,8,2,110,4105
3,1,8,2,110,4105
2,2,8,2,110,4105
1,3,8,2,110,4105
0,4,8,2,110,4105
5,0,8,2,110,4105
4,1,8,2,110,4105
3,2,8,2,110,4105
2,3,8,2,110,4105
1,4,8,2,110,4105
0,5,8,2,110,4105
6,0,8,2,110,4105
5,1,8,2,110,4105
4,2,8,2,110,4105
3,3,8,2,110,4105
2,4,8,2,110,4105
1,5,8,2,110,4105
0,6,8,2,110,4105
7,0,8,2,110,4105
6,1,8,2,110,4105
5,2,8,2,110,4105
4,3,8,2,110,4105
3,4,8,2,110,4105
2,5,8,2,110,4105
1,6,8,2,110,4105
0,7,8,2,110,4105
8,0,8,2,110,4105
7,1,8,2,110,4105
6,2,8,2,110,4105
5,3,8,2,110,4105
4,4,8,2,110,4105
3,5,8,2,110,4105
2,6,8,2,110,4105
1,7,8,2,110,4105
0,8,8,2,110,4105
9,0,8,2,110,4105
9,1,8,2,110,4105
8,1,8,2,110,4105
8,2,8,2,110,4105
7,2,8,2,110,4105
7,3,8,2,110,4105
6,3,8,2,110,4105
6,4,8,2,110,4105
5,4,8,2,110,4105
5,5,8,2,110,4105
4,5,8,2,110,4105
4,6,8,2,110,4105
3,6,8,2,110,4105
3,7,8,2,110,4105
2,7,8,2,110,4105
2,8,8,2,110,4105
1,8,8,2,110,4105
1,9,8,2,110,4105
0,1,7,1,111,4097
1,1,7,1,111,4097
0,0,7,1,111,4097
0,2,7,1,111,4097
2,1,7,1,111,4097
1,0,7,1,111,4097
1,2,7,1,111,4097
0,3,7,1,111,4097
3,1,7,1,111,4097
2,0,7,1,111,4097
2,2,7,1,111,4097
1,3,7,1,111,4097
0,4,7,1,111,4097
4,1,7,1,111,4097
3,0,7,1,111,4097
3,2,7,1,111,4097
2,3,7,1,111,4097
1,4,7,1,111,4097
0,5,7,1,111,4097
5,1,7,1,111,4097
4,0,7,1,111,4097
4,2,7,1,111,4097
3,3,7,1,111,4097
2,4,7,1,111,4097
1,5,7,1,111,4097
0,6,7,1,111,4097
6,1,7,1,111,4097
5,0,7,1,111,4097
5,2,7,1,111,4097
4,3,7,1,111,4097
3,4,7,1,111,4097
2,5,7,1,111,4097
1,6,7,1,111,4097
0,7,7,1,111,4097
7,1,7,1,111,4097
6,0,7,1,111,4097
6,2,7,1,111,4097
5,3,7,1,111,4097
4,4,7,1,111,4097
3,5,7,1,111,4097
2,6,7,1,111,4097
1,7,7,1,111,4097
0,8,7,1,111,4097
8,1,7,1,111,4097
7,0,7,1,111,4097
7,2,7,1,111,4097
6,3,7,1,111,4097
5,4,7,1,111,4097
4,5,7,1,111,4097
3,6,7,1,111,4097
2,7,7,1,111,4097
1,8,7,1,111,4097
0,9,7,1,111,4097
9,1,7,1,111,4097
8,0,7,1,111,4097
8,2,7,1,111,4097
7,3,7,1,111,4097
6,4,7,1,111,4097
5,5,7,1,111,4097
4,6,7,1,111,4097
3,7,7,1,111,4097
2,8,7,1,111,4097
1,9,7,1,111,4097
0,0,8,3,112,4114
1,0,8,3,112,4114
0,1,8,3,112,4114
2,0,8,3,112,4114
1,1,8,3,112,4114
0,2,8,3,112,4114
3,0,8,3,112,4114
2,1,8,3,112,4114
1,2,8,3,112,4114
0,3,8,3,112,4114
4,0,8,3,112,4114
3,1,8,3,112,4114
2,2,8,3,112,4114
1,3,8,3,112,4114
0,4,8,3,112,4114
5,0,8,3,112,4114
4,1,8,3,112,4114
3,2,8,3,112,4114
2,3,8,3,112,4114
1,4,8,3,112,4114
0,5,8,3,112,4114
6,0,8,3,112,4114
5,1,8,3,112,4114
4,2,8,3,112,4114
3,3,8,3,112,4114
2,4,8,3,112,4114
1,5,8,3,112,4114
0,6,8,3,112,4114
7,0,8,3,112,4114
6,1,8,3,112,4114
5,2,8,3,112,4114
4,3,8,3,112,4114
3,4,8,3,112,4114
2,5,8,3,112,4114
1,6,8,3,112,4114
0,7,8,3,112,4114
9,0,8,3,112,4114
8,0,8,3,112,4114
8,1,8,3,112,4114
7,1,8,3,112,4114
7,2,8,3,112,4114
6,2,8,3,112,4114
6,3,8,3,112,4114
5,3,8,3,112,4114
5,4,8,3,112,4114
4,4,8,3,112,4114
4,5,8,3,112,4114
3,5,8,3,112,4114
3,6,8,3,112,4114
2,6,8,3,112,4114
2,7,8,3,112,4114
1,7,8,3,112,4114
1,8,8,3,112,4114
9,1,8,3,112,4114
9,2,8,3,112,4114
8,2,8,3,112,4114
8,3,8,3,112,4114
7,3,8,3,112,4114
7,4,8,3,112,4114
6,4,8,3,112,4114
6,5,8,3,112,4114
5,5,8,3,112,4114
5,6,8,3,112,4114
4,6,8,3,112,4114
4,7,8,3,112,4114
3,7,8,3,112,4114
3,8,8,3,112,4114
2,8,8,3,112,4114
2,9,8,3,112,4114
0,0,8,3,113,3770
1,0,8,3,113,3770
0,1,8,3,113,3770
2,0,8,3,113,3770
1,1,8,3,113,3770
0,2,8,3,113,3770
3,0,8,3,113,3770
2,1,8,3,113,3770
1,2,8,3,113,3770
0,3,8,3,113,3770
4,0,8,3,113,3770
3,1,8,3,113,3770
2,2,8,3,113,3770
1,3,8,3,113,3770
0,4,8,3,113,3770
5,0,8,3,113,3770
4,1,8,3,113,3770
3,2,8,3,113,3770
2,3,8,3,113,3770
1,4,8,3,113,3770
0,5,8,3,113,3770
7,0,8,3,113,3770
6,0,8,3,113,3770
6,1,8,3,113,3770
5,1,8,3,113,3770
5,2,8,3,113,3770
4,2,8,3,113,3770
4,3,8,3,113,3770
3,3,8,3,113,3770
3,4,8,3,113,3770
2,4,8,3,113,3770
2,5,8,3,113,3770
1,5,8,3,113,3770
1,6,8,3,113,3770
9,0,8,3,113,3770
8,0,8,3,113,3770
8,1,8,3,113,3770
7,1,8,3,113,3770
7,2,8,3,113,3770
6,2,8,3,113,3770
6,3,8,3,113,3770
5,3,8,3,113,3770
5,4,8,3,113,3770
4,4,8,3,113,3770
4,5,8,3,113,3770
3,5,8,3,113,3770
3,6,8,3,113,3770
2,6,8,3,113,3770
2,7,8,3,113,3770
9,1,8,3,113,3770
9,2,8,3,113,3770
8,2,8,3,113,3770
8,3,8,3,113,3770
7,3,8,3,113,3770
7,4,8,3,113,3770
6,4,8,3,113,3770
6,5,8,3,113,3770
5,5,8,3,113,3770
5,6,8,3,113,3770
4,6,8,3,113,3770
4,7,8,3,113,3770
3,7,8,3,113,3770
3,8,8,3,113,3770
0,0,8,3,114,3402
1,0,8,3,114,3402
0,1,8,3,114,3402
2,0,8,3,114,3402
1,1,8,3,114,3402
0,2,8,3,114,3402
3,0,8,3,114,3402
2,1,8,3,114,3402
1,2,8,3,114,3402
0,3,8,3,114,3402
5,0,8,3,114,3402
4,0,8,3,114,3402
4,1,8,3,114,3402
3,1,8,3,114,3402
3,2,8,3,114,3402
2,2,8,3,114,3402
2,3,8,3,114,3402
1,3,8,3,114,3402
1,4,8,3,114,3402
7,0,8,3,114,3402
6,0,8,3,114,3402
6,1,8,3,114,3402
5,1,8,3,114,3402
5,2,8,3,114,3402
4,2,8,3,114,3402
4,3,8,3,114,3402
3,3,8,3,114,3402
3,4,8,3,114,3402
2,4,8,3,114,3402
2,5,8,3,114,3402
9,0,8,3,114,3402
8,0,8,3,114,3402
8,1,8,3,114,3402
7,1,8,3,114,3402
7,2,8,3,114,3402
6,2,8,3,114,3402
6,3,8,3,114,3402
5,3,8,3,114,3402
5,4,8,3,114,3402
4,4,8,3,114,3402
4,5,8,3,114,3402
3,5,8,3,114,3402
3,6,8,3,114,3402
9,1,8,3,114,3402
9,2,8,3,114,3402
8,2,8,3,114,3402
8,3,8,3,114,3402
7,3,8,3,114,3402
7,4,8,3,114,3402
6,4,8,3,114,3402
6,5,8,3,114,3402
5,5,8,3,114,3402
5,6,8,3,114,3402
4,6,8,3,114,3402
4,7,8,3,114,3402
0,0,8,3,115,3008
1,0,8,3,115,3008
0,1,8,3,115,3008
3,0,8,3,115,3008
2,0,8,3,115,3008
2,1,8,3,115,3008
1,1,8,3,115,3008
1,2,8,3,115,3008
5,0,8,3,115,3008
4,0,8,3,115,3008
4,1,8,3,115,3008
3,1,8,3,115,3008
3,2,8,3,115,3008
2,2,8,3,115,3008
2,3,8,3,115,3008
7,0,8,3,115,3008
6,0,8,3,115,3008
6,1,8,3,115,3008
5,1,8,3,115,3008
5,2,8,3,115,3008
4,2,8,3,115,3008
4,3,8,3,115,3008
3,3,8,3,115,3008
3,4,8,3,115,3008
9,0,8,3,115,3008
8,0,8,3,115,3008
8,1,8,3,115,3008
7,1,8,3,115,3008
7,2,8,3,115,3008
6,2,8,3,115,3008
6,3,8,3,115,3008
5,3,8,3,115,3008
5,4,8,3,115,3008
4,4,8,3,115,3008
4,5,8,3,115,3008
9,1,8,3,115,3008
9,2,8,3,115,3008
8,2,8,3,115,3008
8,3,8,3,115,3008
7,3,8,3,115,3008
7,4,8,3,115,3008
6,4,8,3,115,3008
6,5,8,3,115,3008
5,5,8,3,115,3008
5,6,8,3,115,3008
1,0,8,3,116,2584
3,0,8,3,116,2584
2,0,8,3,116,2584
2,1,8,3,116,2584
5,0,8,3,116,2584
4,0,8,3,116,2584
4,1,8,3,116,2584
3,1,8,3,116,2584
3,2,8,3,116,2584
7,0,8,3,116,2584
6,0,8,3,116,2584
6,1,8,3,116,2584
5,1,8,3,116,2584
5,2,8,3,116,2584
4,2,8,3,116,2584
4,3,8,3,116,2584
9,0,8,3,116,2584
8,0,8,3,116,2584
8,1,8,3,116,2584
7,1,8,3,116,2584
7,2,8,3,116,2584
6,2,8,3,116,2584
6,3,8,3,116,2584
5,3,8,3,116,2584
5,4,8,3,116,2584
9,1,8,3,116,2584
9,2,8,3,116,2584
8,2,8,3,116,2584
8,3,8,3,116,2584
7,3,8,3,116,2584
7,4,8,3,116,2584
6,4,8,3,116,2584
6,5,8,3,116,2584
3,0,8,3,117,2130
5,0,8,3,117,2130
4,0,8,3,117,2130
4,1,8,3,117,2130
7,0,8,3,117,2130
6,0,8,3,117,2130
6,1,8,3,117,2130
5,1,8,3,117,2130
5,2,8,3,117,2130
9,0,8,3,117,2130
8,0,8,3,117,2130
8,1,8,3,117,2130
7,1,8,3,117,2130
7,2,8,3,117,2130
6,2,8,3,117,2130
6,3,8,3,117,2130
9,1,8,3,117,2130
9,2,8,3,117,2130
8,2,8,3,117,2130
8,3,8,3,117,2130
7,3,8,3,117,2130
7,4,8,3,117,2130
5,0,7,2,118,1655
7,0,7,2,118,1655
6,0,7,2,118,1655
6,1,7,2,118,1655
9,0,7,2,118,1655
8,0,7,2,118,1655
8,1,7,2,118,1655
7,1,7,2,118,1655
7,2,7,2,118,1655
9,1,7,2,118,1655
9,2,7,2,118,1655
8,2,7,2,118,1655
8,3,7,2,118,1655
7,0,7,0,119,1134
9,0,7,0,119,1134
8,0,7,0,119,1134
8,1,7,0,119,1134
9,1,7,0,119,1134
9,2,7,0,119,1134
6,1,8,3,120,1136
8,1,8,3,120,1136
7,0,8,3,120,1136
7,2,8,3,120,1136
9,1,8,3,120,1136
9,0,8,3,120,1136
9,2,8,3,120,1136
8,0,8,3,120,1136
8,3,8,3,120,1136
7,2,8,3,76,588
9,2,8,3,76,588
8,1,8,3,76,588
8,3,8,3,76,588
4,1,8,3,121,1650
6,1,8,3,121,1650
5,0,8,3,121,1650
5,2,8,3,121,1650
8,1,8,3,121,1650
7,0,8,3,121,1650
7,2,8,3,121,1650
6,0,8,3,121,1650
6,3,8,3,121,1650
9,1,8,3,121,1650
9,0,8,3,121,1650
9,2,8,3,121,1650
8,0,8,3,121,1650
8,3,8,3,121,1650
7,1,8,3,121,1650
7,4,8,3,121,1650
5,2,8,3,122,1138
7,2,8,3,122,1138
6,1,8,3,122,1138
6,3,8,3,122,1138
9,2,8,3,122,1138
8,1,8,3,122,1138
8,3,8,3,122,1138
7,0,8,3,122,1138
7,4,8,3,122,1138
6,3,7,4,76,588
8,3,7,4,76,588
7,2,7,4,76,588
7,4,7,4,76,588
2,1,8,3,123,2128
4,1,8,3,123,2128
3,0,8,3,123,2128
3,2,8,3,123,2128
6,1,8,3,123,2128
5,0,8,3,123,2128
5,2,8,3,123,2128
4,0,8,3,123,2128
4,3,8,3,123,2128
8,1,8,3,123,2128
7,0,8,3,123,2128
7,2,8,3,123,2128
6,0,8,3,123,2128
6,3,8,3,123,2128
5,1,8,3,123,2128
5,4,8,3,123,2128
9,1,8,3,123,2128
9,0,8,3,123,2128
9,2,8,3,123,2128
8,0,8,3,123,2128
8,3,8,3,123,2128
7,1,8,3,123,2128
7,4,8,3,123,2128
6,2,8,3,123,2128
6,5,8,3,123,2128
0,1,7,2,124,2583
2,1,7,2,124,2583
1,0,7,2,124,2583
1,2,7,2,124,2583
4,1,7,2,124,2583
3,0,7,2,124,2583
3,2,7,2,124,2583
2,0,7,2,124,2583
2,3,7,2,124,2583
6,1,7,2,124,2583
5,0,7,2,124,2583
5,2,7,2,124,2583
4,0,7,2,124,2583
4,3,7,2,124,2583
3,1,7,2,124,2583
3,4,7,2,124,2583
8,1,7,2,124,2583
7,0,7,2,124,2583
7,2,7,2,124,2583
6,0,7,2,124,2583
6,3,7,2,124,2583
5,1,7,2,124,2583
5,4,7,2,124,2583
4,2,7,2,124,2583
4,5,7,2,124,2583
9,1,7,2,124,2583
9,0,7,2,124,2583
9,2,7,2,124,2583
8,0,7,2,124,2583
8,3,7,2,124,2583
7,1,7,2,124,2583
7,4,7,2,124,2583
6,2,7,2,124,2583
6,5,7,2,124,2583
5,3,7,2,124,2583
5,6,7,2,124,2583
1,2,7,0,125,2128
3,2,7,0,125,2128
2,1,7,0,125,2128
2,3,7,0,125,2128
5,2,7,0,125,2128
4,1,7,0,125,2128
4,3,7,0,125,2128
3,0,7,0,125,2128
3,4,7,0,125,2128
7,2,7,0,125,2128
6,1,7,0,125,2128
6,3,7,0,125,2128
5,0,7,0,125,2128
5,4,7,0,125,2128
4,0,7,0,125,2128
4,5,7,0,125,2128
9,2,7,0,125,2128
8,1,7,0,125,2128
8,3,7,0,125,2128
7,0,7,0,125,2128
7,4,7,0,125,2128
6,0,7,0,125,2128
6,5,7,0,125,2128
5,1,7,0,125,2128
5,6,7,0,125,2128
0,1,7,2,126,3003
1,1,7,2,126,3003
0,0,7,2,126,3003
0,2,7,2,126,3003
2,1,7,2,126,3003
1,0,7,2,126,3003
1,2,7,2,126,3003
0,3,7,2,126,3003
4,1,7,2,126,3003
3,0,7,2,126,3003
3,2,7,2,126,3003
2,0,7,2,126,3003
2,3,7,2,126,3003
1,4,7,2,126,3003
6,1,7,2,126,3003
5,0,7,2,126,3003
5,2,7,2,126,3003
4,0,7,2,126,3003
4,3,7,2,126,3003
3,1,7,2,126,3003
3,4,7,2,126,3003
2,2,7,2,126,3003
2,5,7,2,126,3003
8,1,7,2,126,3003
7,0,7,2,126,3003
7,2,7,2,126,3003
6,0,7,2,126,3003
6,3,7,2,126,3003
5,1,7,2,126,3003
5,4,7,2,126,3003
4,2,7,2,126,3003
4,5,7,2,126,3003
3,3,7,2,126,3003
3,6,7,2,126,3003
9,1,7,2,126,3003
9,0,7,2,126,3003
9,2,7,2,126,3003
8,0,7,2,126,3003
8,3,7,2,126,3003
7,1,7,2,126,3003
7,4,7,2,126,3003
6,2,7,2,126,3003
6,5,7,2,126,3003
5,3,7,2,126,3003
5,6,7,2,126,3003
4,4,7,2,126,3003
4,7,7,2,126,3003
2,5,4,7,127,1136
4,5,4,7,127,1136
3,4,4,7,127,1136
3,6,4,7,127,1136
6,5,4,7,127,1136
5,4,4,7,127,1136
5,6,4,7,127,1136
4,3,4,7,127,1136
4,7,4,7,127,1136
3,6,4,7,76,588
5,6,4,7,76,588
4,5,4,7,76,588
4,7,4,7,76,588
0,2,3,0,128,2990
1,2,3,0,128,2990
0,1,3,0,128,2990
0,3,3,0,128,2990
2,2,3,0,128,2990
1,1,3,0,128,2990
1,3,3,0,128,2990
0,0,3,0,128,2990
0,4,3,0,128,2990
3,2,3,0,128,2990
2,1,3,0,128,2990
2,3,3,0,128,2990
1,0,3,0,128,2990
1,4,3,0,128,2990
0,5,3,0,128,2990
5,2,3,0,128,2990
4,1,3,0,128,2990
4,3,3,0,128,2990
3,0,3,0,128,2990
3,4,3,0,128,2990
2,0,3,0,128,2990
2,5,3,0,128,2990
1,6,3,0,128,2990
7,2,3,0,128,2990
6,1,3,0,128,2990
6,3,3,0,128,2990
5,0,3,0,128,2990
5,4,3,0,128,2990
4,0,3,0,128,2990
4,5,3,0,128,2990
3,1,3,0,128,2990
3,6,3,0,128,2990
2,7,3,0,128,2990
9,2,3,0,128,2990
8,1,3,0,128,2990
8,3,3,0,128,2990
7,0,3,0,128,2990
7,4,3,0,128,2990
6,0,3,0,128,2990
6,5,3,0,128,2990
5,1,3,0,128,2990
5,6,3,0,128,2990
4,2,3,0,128,2990
4,7,3,0,128,2990
3,3,3,0,128,2990
3,8,3,0,128,2990
2,7,4,7,56,588
4,7,4,7,56,588
3,6,4,7,56,588
3,8,4,7,56,588
0,1,7,2,129,3761
1,1,7,2,129,3761
0,0,7,2,129,3761
0,2,7,2,129,3761
2,1,7,2,129,3761
1,0,7,2,129,3761
1,2,7,2,129,3761
0,3,7,2,129,3761
3,1,7,2,129,3761
2,0,7,2,129,3761
2,2,7,2,129,3761
1,3,7,2,129,3761
0,4,7,2,129,3761
4,1,7,2,129,3761
3,0,7,2,129,3761
3,2,7,2,129,3761
2,3,7,2,129,3761
1,4,7,2,129,3761
0,5,7,2,129,3761
5,1,7,2,129,3761
4,0,7,2,129,3761
4,2,7,2,129,3761
3,3,7,2,129,3761
2,4,7,2,129,3761
1,5,7,2,129,3761
0,6,7,2,129,3761
6,1,7,2,129,3761
5,0,7,2,129,3761
5,2,7,2,129,3761
4,3,7,2,129,3761
3,4,7,2,129,3761
2,5,7,2,129,3761
1,6,7,2,129,3761
0,7,7,2,129,3761
8,1,7,2,129,3761
7,0,7,2,129,3761
7,2,7,2,129,3761
6,0,7,2,129,3761
6,3,7,2,129,3761
5,4,7,2,129,3761
4,5,7,2,129,3761
3,6,7,2,129,3761
2,7,7,2,129,3761
1,8,7,2,129,3761
9,1,7,2,129,3761
9,0,7,2,129,3761
9,2,7,2,129,3761
8,0,7,2,129,3761
8,3,7,2,129,3761
7,1,7,2,129,3761
7,4,7,2,129,3761
6,2,7,2,129,3761
6,5,7,2,129,3761
5,3,7,2,129,3761
5,6,7,2,129,3761
4,4,7,2,129,3761
4,7,7,2,129,3761
3,5,7,2,129,3761
3,8,7,2,129,3761
2,6,7,2,129,3761
2,9,7,2,129,3761
0,2,5,0,130,3379
1,2,5,0,130,3379
0,1,5,0,130,3379
0,3,5,0,130,3379
2,2,5,0,130,3379
1,1,5,0,130,3379
1,3,5,0,130,3379
0,0,5,0,130,3379
0,4,5,0,130,3379
3,2,5,0,130,3379
2,1,5,0,130,3379
2,3,5,0,130,3379
1,0,5,0,130,3379
1,4,5,0,130,3379
0,5,5,0,130,3379
4,2,5,0,130,3379
3,1,5,0,130,3379
3,3,5,0,130,3379
2,0,5,0,130,3379
2,4,5,0,130,3379
1,5,5,0,130,3379
0,6,5,0,130,3379
5,2,5,0,130,3379
4,1,5,0,130,3379
4,3,5,0,130,3379
3,0,5,0,130,3379
3,4,5,0,130,3379
2,5,5,0,130,3379
1,6,5,0,130,3379
0,7,5,0,130,3379
7,2,5,0,130,3379
6,1,5,0,130,3379
6,3,5,0,130,3379
5,0,5,0,130,3379
5,4,5,0,130,3379
4,0,5,0,130,3379
4,5,5,0,130,3379
3,6,5,0,130,3379
2,7,5,0,130,3379
1,8,5,0,130,3379
9,2,5,0,130,3379
8,1,5,0,130,3379
8,3,5,0,130,3379
7,0,5,0,130,3379
7,4,5,0,130,3379
6,0,5,0,130,3379
6,5,5,0,130,3379
5,1,5,0,130,3379
5,6,5,0,130,3379
4,7,5,0,130,3379
3,8,5,0,130,3379
2,9,5,0,130,3379
0,1,7,2,131,4102
1,1,7,2,131,4102
0,0,7,2,131,4102
0,2,7,2,131,4102
2,1,7,2,131,4102
1,0,7,2,131,4102
1,2,7,2,131,4102
0,3,7,2,131,4102
3,1,7,2,131,4102
2,0,7,2,131,4102
2,2,7,2,131,4102
1,3,7,2,131,4102
0,4,7,2,131,4102
4,1,7,2,131,4102
3,0,7,2,131,4102
3,2,7,2,131,4102
2,3,7,2,131,4102
1,4,7,2,131,4102
0,5,7,2,131,4102
5,1,7,2,131,4102
4,0,7,2,131,4102
4,2,7,2,131,4102
3,3,7,2,131,4102
2,4,7,2,131,4102
1,5,7,2,131,4102
0,6,7,2,131,4102
6,1,7,2,131,4102
5,0,7,2,131,4102
5,2,7,2,131,4102
4,3,7,2,131,4102
3,4,7,2,131,4102
2,5,7,2,131,4102
1,6,7,2,131,4102
0,7,7,2,131,4102
7,1,7,2,131,4102
6,0,7,2,131,4102
6,2,7,2,131,4102
5,3,7,2,131,4102
4,4,7,2,131,4102
3,5,7,2,131,4102
2,6,7,2,131,4102
1,7,7,2,131,4102
0,8,7,2,131,4102
8,1,7,2,131,4102
7,0,7,2,131,4102
7,2,7,2,131,4102
6,3,7,2,131,4102
5,4,7,2,131,4102
4,5,7,2,131,4102
3,6,7,2,131,4102
2,7,7,2,131,4102
1,8,7,2,131,4102
0,9,7,2,131,4102
9,1,7,2,131,4102
9,0,7,2,131,4102
9,2,7,2,131,4102
8,0,7,2,131,4102
8,3,7,2,131,4102
7,4,7,2,131,4102
6,5,7,2,131,4102
5,6,7,2,131,4102
4,7,7,2,131,4102
3,8,7,2,131,4102
2,9,7,2,131,4102
1,9,7,2,131,4102
0,2,7,0,132,3741
1,2,7,0,132,3741
0,1,7,0,132,3741
0,3,7,0,132,3741
2,2,7,0,132,3741
1,1,7,0,132,3741
1,3,7,0,132,3741
0,0,7,0,132,3741
0,4,7,0,132,3741
3,2,7,0,132,3741
2,1,7,0,132,3741
2,3,7,0,132,3741
1,0,7,0,132,3741
1,4,7,0,132,3741
0,5,7,0,132,3741
4,2,7,0,132,3741
3,1,7,0,132,3741
3,3,7,0,132,3741
2,0,7,0,132,3741
2,4,7,0,132,3741
1,5,7,0,132,3741
0,6,7,0,132,3741
5,2,7,0,132,3741
4,1,7,0,132,3741
4,3,7,0,132,3741
3,0,7,0,132,3741
3,4,7,0,132,3741
2,5,7,0,132,3741
1,6,7,0,132,3741
0,7,7,0,132,3741
6,2,7,0,132,3741
5,1,7,0,132,3741
5,3,7,0,132,3741
4,0,7,0,132,3741
4,4,7,0,132,3741
3,5,7,0,132,3741
2,6,7,0,132,3741
1,7,7,0,132,3741
0,8,7,0,132,3741
7,2,7,0,132,3741
6,1,7,0,132,3741
6,3,7,0,132,3741
5,0,7,0,132,3741
5,4,7,0,132,3741
4,5,7,0,132,3741
3,6,7,0,132,3741
2,7,7,0,132,3741
1,8,7,0,132,3741
0,9,7,0,132,3741
9,2,7,0,132,3741
8,1,7,0,132,3741
8,3,7,0,132,3741
7,0,7,0,132,3741
7,4,7,0,132,3741
6,0,7,0,132,3741
6,5,7,0,132,3741
5,6,7,0,132,3741
4,7,7,0,132,3741
3,8,7,0,132,3741
2,9,7,0,132,3741
1,9,7,0,132,3741
0,3,5,0,133,3381
1,3,5,0,133,3381
0,2,5,0,133,3381
0,4,5,0,133,3381
2,3,5,0,133,3381
1,2,5,0,133,3381
1,4,5,0,133,3381
0,1,5,0,133,3381
0,5,5,0,133,3381
3,3,5,0,133,3381
2,2,5,0,133,3381
2,4,5,0,133,3381
1,1,5,0,133,3381
1,5,5,0,133,3381
0,0,5,0,133,3381
0,6,5,0,133,3381
4,3,5,0,133,3381
3,2,5,0,133,3381
3,4,5,0,133,3381
2,1,5,0,133,3381
2,5,5,0,133,3381
1,0,5,0,133,3381
1,6,5,0,133,3381
0,7,5,0,133,3381
5,3,5,0,133,3381
4,2,5,0,133,3381
4,4,5,0,133,3381
3,1,5,0,133,3381
3,5,5,0,133,3381
2,0,5,0,133,3381
2,6,5,0,133,3381
1,7,5,0,133,3381
0,8,5,0,133,3381
6,3,5,0,133,3381
5,2,5,0,133,3381
5,4,5,0,133,3381
4,1,5,0,133,3381
4,5,5,0,133,3381
3,0,5,0,133,3381
3,6,5,0,133,3381
2,7,5,0,133,3381
1,8,5,0,133,3381
0,9,5,0,133,3381
8,3,5,0,133,3381
7,2,5,0,133,3381
7,4,5,0,133,3381
6,1,5,0,133,3381
6,5,5,0,133,3381
5,0,5,0,133,3381
5,6,5,0,133,3381
4,0,5,0,133,3381
4,7,5,0,133,3381
3,8,5,0,133,3381
2,9,5,0,133,3381
1,9,5,0,133,3381
0,3,5,0,134,3743
1,3,5,0,134,3743
0,2,5,0,134,3743
0,4,5,0,134,3743
2,3,5,0,134,3743
1,2,5,0,134,3743
1,4,5,0,134,3743
0,1,5,0,134,3743
0,5,5,0,134,3743
3,3,5,0,134,3743
2,2,5,0,134,3743
2,4,5,0,134,3743
1,1,5,0,134,3743
1,5,5,0,134,3743
0,0,5,0,134,3743
0,6,5,0,134,3743
4,3,5,0,134,3743
3,2,5,0,134,3743
3,4,5,0,134,3743
2,1,5,0,134,3743
2,5,5,0,134,3743
1,0,5,0,134,3743
1,6,5,0,134,3743
0,7,5,0,134,3743
5,3,5,0,134,3743
4,2,5,0,134,3743
4,4,5,0,134,3743
3,1,5,0,134,3743
3,5,5,0,134,3743
2,0,5,0,134,3743
2,6,5,0,134,3743
1,7,5,0,134,3743
0,8,5,0,134,3743
6,3,5,0,134,3743
5,2,5,0,134,3743
5,4,5,0,134,3743
4,1,5,0,134,3743
4,5,5,0,134,3743
3,0,5,0,134,3743
3,6,5,0,134,3743
2,7,5,0,134,3743
1,8,5,0,134,3743
0,9,5,0,134,3743
7,3,5,0,134,3743
6,2,5,0,134,3743
6,4,5,0,134,3743
5,1,5,0,134,3743
5,5,5,0,134,3743
4,0,5,0,134,3743
4,6,5,0,134,3743
3,7,5,0,134,3743
2,8,5,0,134,3743
1,9,5,0,134,3743
8,3,5,0,134,3743
7,2,5,0,134,3743
7,4,5,0,134,3743
6,1,5,0,134,3743
6,5,5,0,134,3743
5,0,5,0,134,3743
5,6,5,0,134,3743
4,7,5,0,134,3743
3,8,5,0,134,3743
2,9,5,0,134,3743
0,4,3,0,135,3389
1,4,3,0,135,3389
0,3,3,0,135,3389
0,5,3,0,135,3389
2,4,3,0,135,3389
1,3,3,0,135,3389
1,5,3,0,135,3389
0,2,3,0,135,3389
0,6,3,0,135,3389
3,4,3,0,135,3389
2,3,3,0,135,3389
2,5,3,0,135,3389
1,2,3,0,135,3389
1,6,3,0,135,3389
0,1,3,0,135,3389
0,7,3,0,135,3389
4,4,3,0,135,3389
3,3,3,0,135,3389
3,5,3,0,135,3389
2,2,3,0,135,3389
2,6,3,0,135,3389
1,1,3,0,135,3389
1,7,3,0,135,3389
0,0,3,0,135,3389
0,8,3,0,135,3389
5,4,3,0,135,3389
4,3,3,0,135,3389
4,5,3,0,135,3389
3,2,3,0,135,3389
3,6,3,0,135,3389
2,1,3,0,135,3389
2,7,3,0,135,3389
1,0,3,0,135,3389
1,8,3,0,135,3389
0,9,3,0,135,3389
6,4,3,0,135,3389
5,3,3,0,135,3389
5,5,3,0,135,3389
4,2,3,0,135,3389
4,6,3,0,135,3389
3,1,3,0,135,3389
3,7,3,0,135,3389
2,0,3,0,135,3389
2,8,3,0,135,3389
1,9,3,0,135,3389
7,4,3,0,135,3389
6,3,3,0,135,3389
6,5,3,0,135,3389
5,2,3,0,135,3389
5,6,3,0,135,3389
4,1,3,0,135,3389
4,7,3,0,135,3389
3,0,3,0,135,3389
3,8,3,0,135,3389
2,9,3,0,135,3389
0,0,8,3,136,4434
1,0,8,3,136,4434
0,1,8,3,136,4434
2,0,8,3,136,4434
1,1,8,3,136,4434
0,2,8,3,136,4434
3,0,8,3,136,4434
2,1,8,3,136,4434
1,2,8,3,136,4434
0,3,8,3,136,4434
4,0,8,3,136,4434
3,1,8,3,136,4434
2,2,8,3,136,4434
1,3,8,3,136,4434
0,4,8,3,136,4434
5,0,8,3,136,4434
4,1,8,3,136,4434
3,2,8,3,136,4434
2,3,8,3,136,4434
1,4,8,3,136,4434
0,5,8,3,136,4434
6,0,8,3,136,4434
5,1,8,3,136,4434
4,2,8,3,136,4434
3,3,8,3,136,4434
2,4,8,3,136,4434
1,5,8,3,136,4434
0,6,8,3,136,4434
7,0,8,3,136,4434
6,1,8,3,136,4434
5,2,8,3,136,4434
4,3,8,3,136,4434
3,4,8,3,136,4434
2,5,8,3,136,4434
1,6,8,3,136,4434
0,7,8,3,136,4434
8,0,8,3,136,4434
7,1,8,3,136,4434
6,2,8,3,136,4434
5,3,8,3,136,4434
4,4,8,3,136,4434
3,5,8,3,136,4434
2,6,8,3,136,4434
1,7,8,3,136,4434
0,8,8,3,136,4434
9,0,8,3,136,4434
8,1,8,3,136,4434
7,2,8,3,136,4434
6,3,8,3,136,4434
5,4,8,3,136,4434
4,5,8,3,136,4434
3,6,8,3,136,4434
2,7,8,3,136,4434
1,8,8,3,136,4434
0,9,8,3,136,4434
9,1,8,3,136,4434
9,2,8,3,136,4434
8,2,8,3,136,4434
8,3,8,3,136,4434
7,3,8,3,136,4434
7,4,8,3,136,4434
6,4,8,3,136,4434
6,5,8,3,136,4434
5,5,8,3,136,4434
5,6,8,3,136,4434
4,6,8,3,136,4434
4,7,8,3,136,4434
3,7,8,3,136,4434
3,8,8,3,136,4434
2,8,8,3,136,4434
2,9,8,3,136,4434
1,9,8,3,136,4434
0,1,7,2,137,4430
1,1,7,2,137,4430
0,0,7,2,137,4430
0,2,7,2,137,4430
2,1,7,2,137,4430
1,0,7,2,137,4430
1,2,7,2,137,4430
0,3,7,2,137,4430
3,1,7,2,137,4430
2,0,7,2,137,4430
2,2,7,2,137,4430
1,3,7,2,137,4430
0,4,7,2,137,4430
4,1,7,2,137,4430
3,0,7,2,137,4430
3,2,7,2,137,4430
2,3,7,2,137,4430
1,4,7,2,137,4430
0,5,7,2,137,4430
5,1,7,2,137,4430
4,0,7,2,137,4430
4,2,7,2,137,4430
3,3,7,2,137,4430
2,4,7,2,137,4430
1,5,7,2,137,4430
0,6,7,2,137,4430
6,1,7,2,137,4430
5,0,7,2,137,4430
5,2,7,2,137,4430
4,3,7,2,137,4430
3,4,7,2,137,4430
2,5,7,2,137,4430
1,6,7,2,137,4430
0,7,7,2,137,4430
7,1,7,2,137,4430
6,0,7,2,137,4430
6,2,7,2,137,4430
5,3,7,2,137,4430
4,4,7,2,137,4430
3,5,7,2,137,4430
2,6,7,2,137,4430
1,7,7,2,137,4430
0,8,7,2,137,4430
8,1,7,2,137,4430
7,0,7,2,137,4430
7,2,7,2,137,4430
6,3,7,2,137,4430
5,4,7,2,137,4430
4,5,7,2,137,4430
3,6,7,2,137,4430
2,7,7,2,137,4430
1,8,7,2,137,4430
0,9,7,2,137,4430
9,1,7,2,137,4430
8,0,7,2,137,4430
8,2,7,2,137,4430
7,3,7,2,137,4430
6,4,7,2,137,4430
5,5,7,2,137,4430
4,6,7,2,137,4430
3,7,7,2,137,4430
2,8,7,2,137,4430
1,9,7,2,137,4430
9,0,7,2,137,4430
9,2,7,2,137,4430
8,3,7,2,137,4430
7,4,7,2,137,4430
6,5,7,2,137,4430
5,6,7,2,137,4430
4,7,7,2,137,4430
3,8,7,2,137,4430
2,9,7,2,137,4430
0,0,8,4,138,4440
1,0,8,4,138,4440
0,1,8,4,138,4440
2,0,8,4,138,4440
1,1,8,4,138,4440
0,2,8,4,138,4440
3,0,8,4,138,4440
2,1,8,4,138,4440
1,2,8,4,138,4440
0,3,8,4,138,4440
4,0,8,4,138,4440
3,1,8,4,138,4440
2,2,8,4,138,4440
1,3,8,4,138,4440
0,4,8,4,138,4440
5,0,8,4,138,4440
4,1,8,4,138,4440
3,2,8,4,138,4440
2,3,8,4,138,4440
1,4,8,4,138,4440
0,5,8,4,138,4440
6,0,8,4,138,4440
5,1,8,4,138,4440
4,2,8,4,138,4440
3,3,8,4,138,4440
2,4,8,4,138,4440
1,5,8,4,138,4440
0,6,8,4,138,4440
7,0,8,4,138,4440
6,1,8,4,138,4440
5,2,8,4,138,4440
4,3,8,4,138,4440
3,4,8,4,138,4440
2,5,8,4,138,4440
1,6,8,4,138,4440
0,7,8,4,138,4440
8,0,8,4,138,4440
7,1,8,4,138,4440
6,2,8,4,138,4440
5,3,8,4,138,4440
4,4,8,4,138,4440
3,5,8,4,138,4440
2,6,8,4,138,4440
1,7,8,4,138,4440
0,8,8,4,138,4440
9,0,8,4,138,4440
9,1,8,4,138,4440
8,1,8,4,138,4440
8,2,8,4,138,4440
7,2,8,4,138,4440
7,3,8,4,138,4440
6,3,8,4,138,4440
6,4,8,4,138,4440
5,4,8,4,138,4440
5,5,8,4,138,4440
4,5,8,4,138,4440
4,6,8,4,138,4440
3,6,8,4,138,4440
3,7,8,4,138,4440
2,7,8,4,138,4440
2,8,8,4,138,4440
1,8,8,4,138,4440
1,9,8,4,138,4440
9,2,8,4,138,4440
9,2,9,2,0,0
9,3,8,4,138,4440
8,3,8,4,138,4440
8,3,8,3,0,0
8,4,8,4,138,4440
7,4,8,4,138,4440
7,4,7,4,0,0
7,5,8,4,138,4440
6,5,8,4,138,4440
6,5,6,5,0,0
6,6,8,4,138,4440
5,6,8,4,138,4440
5,6,5,6,0,0
5,7,8,4,138,4440
4,7,8,4,138,4440
4,7,4,7,0,0
4,8,8,4,138,4440
3,8,8,4,138,4440
3,8,3,8,0,0
3,9,8,4,138,4440
2,9,8,4,138,4440
2,9,2,9,0,0
0,0,8,4,139,4117
1,0,8,4,139,4117
0,1,8,4,139,4117
2,0,8,4,139,4117
1,1,8,4,139,4117
0,2,8,4,139,4117
3,0,8,4,139,4117
2,1,8,4,139,4117
1,2,8,4,139,4117
0,3,8,4,139,4117
4,0,8,4,139,4117
3,1,8,4,139,4117
2,2,8,4,139,4117
1,3,8,4,139,4117
0,4,8,4,139,4117
5,0,8,4,139,4117
4,1,8,4,139,4117
3,2,8,4,139,4117
2,3,8,4,139,4117
1,4,8,4,139,4117
0,5,8,4,139,4117
6,0,8,4,139,4117
5,1,8,4,139,4117
4,2,8,4,139,4117
3,3,8,4,139,4117
2,4,8,4,139,4117
1,5,8,4,139,4117
0,6,8,4,139,4117
8,0,8,4,139,4117
7,0,8,4,139,4117
7,1,8,4,139,4117
6,1,8,4,139,4117
6,2,8,4,139,4117
5,2,8,4,139,4117
5,3,8,4,139,4117
4,3,8,4,139,4117
4,4,8,4,139,4117
3,4,8,4,139,4117
3,5,8,4,139,4117
2,5,8,4,139,4117
2,6,8,4,139,4117
1,6,8,4,139,4117
1,7,8,4,139,4117
9,0,8,4,139,4117
9,1,8,4,139,4117
8,1,8,4,139,4117
8,2,8,4,139,4117
7,2,8,4,139,4117
7,3,8,4,139,4117
6,3,8,4,139,4117
6,4,8,4,139,4117
5,4,8,4,139,4117
5,5,8,4,139,4117
4,5,8,4,139,4117
4,6,8,4,139,4117
3,6,8,4,139,4117
3,7,8,4,139,4117
2,7,8,4,139,4117
2,8,8,4,139,4117
9,2,8,4,139,4117
9,3,8,4,139,4117
8,3,8,4,139,4117
8,4,8,4,139,4117
7,4,8,4,139,4117
7,5,8,4,139,4117
6,5,8,4,139,4117
6,6,8,4,139,4117
5,6,8,4,139,4117
5,7,8,4,139,4117
4,7,8,4,139,4117
4,8,8,4,139,4117
3,8,8,4,139,4117
3,9,8,4,139,4117
0,0,8,4,140,3771
1,0,8,4,140,3771
0,1,8,4,140,3771
2,0,8,4,140,3771
1,1,8,4,140,3771
0,2,8,4,140,3771
3,0,8,4,140,3771
2,1,8,4,140,3771
1,2,8,4,140,3771
0,3,8,4,140,3771
4,0,8,4,140,3771
3,1,8,4,140,3771
2,2,8,4,140,3771
1,3,8,4,140,3771
0,4,8,4,140,3771
6,0,8,4,140,3771
5,0,8,4,140,3771
5,1,8,4,140,3771
4,1,8,4,140,3771
4,2,8,4,140,3771
3,2,8,4,140,3771
3,3,8,4,140,3771
2,3,8,4,140,3771
2,4,8,4,140,3771
1,4,8,4,140,3771
1,5,8,4,140,3771
8,0,8,4,140,3771
7,0,8,4,140,3771
7,1,8,4,140,3771
6,1,8,4,140,3771
6,2,8,4,140,3771
5,2,8,4,140,3771
5,3,8,4,140,3771
4,3,8,4,140,3771
4,4,8,4,140,3771
3,4,8,4,140,3771
3,5,8,4,140,3771
2,5,8,4,140,3771
2,6,8,4,140,3771
9,0,8,4,140,3771
9,1,8,4,140,3771
8,1,8,4,140,3771
8,2,8,4,140,3771
7,2,8,4,140,3771
7,3,8,4,140,3771
6,3,8,4,140,3771
6,4,8,4,140,3771
5,4,8,4,140,3771
5,5,8,4,140,3771
4,5,8,4,140,3771
4,6,8,4,140,3771
3,6,8,4,140,3771
3,7,8,4,140,3771
9,2,8,4,140,3771
9,3,8,4,140,3771
8,3,8,4,140,3771
8,4,8,4,140,3771
7,4,8,4,140,3771
7,5,8,4,140,3771
6,5,8,4,140,3771
6,6,8,4,140,3771
5,6,8,4,140,3771
5,7,8,4,140,3771
4,7,8,4,140,3771
4,8,8,4,140,3771
0,0,8,4,141,3401
1,0,8,4,141,3401
0,1,8,4,141,3401
2,0,8,4,141,3401
1,1,8,4,141,3401
0,2,8,4,141,3401
4,0,8,4,141,3401
3,0,8,4,141,3401
3,1,8,4,141,3401
2,1,8,4,141,3401
2,2,8,4,141,3401
1,2,8,4,141,3401
1,3,8,4,141,3401
6,0,8,4,141,3401
5,0,8,4,141,3401
5,1,8,4,141,3401
4,1,8,4,141,3401
4,2,8,4,141,3401
3,2,8,4,141,3401
3,3,8,4,141,3401
2,3,8,4,141,3401
2,4,8,4,141,3401
8,0,8,4,141,3401
7,0,8,4,141,3401
7,1,8,4,141,3401
6,1,8,4,141,3401
6,2,8,4,141,3401
5,2,8,4,141,3401
5,3,8,4,141,3401
4,3,8,4,141,3401
4,4,8,4,141,3401
3,4,8,4,141,3401
3,5,8,4,141,3401
9,0,8,4,141,3401
9,1,8,4,141,3401
8,1,8,4,141,3401
8,2,8,4,141,3401
7,2,8,4,141,3401
7,3,8,4,141,3401
6,3,8,4,141,3401
6,4,8,4,141,3401
5,4,8,4,141,3401
5,5,8,4,141,3401
4,5,8,4,141,3401
4,6,8,4,141,3401
9,2,8,4,141,3401
9,3,8,4,141,3401
8,3,8,4,141,3401
8,4,8,4,141,3401
7,4,8,4,141,3401
7,5,8,4,141,3401
6,5,8,4,141,3401
6,6,8,4,141,3401
5,6,8,4,141,3401
5,7,8,4,141,3401
0,0,8,4,142,3003
2,0,8,4,142,3003
1,0,8,4,142,3003
1,1,8,4,142,3003
4,0,8,4,142,3003
3,0,8,4,142,3003
3,1,8,4,142,3003
2,1,8,4,142,3003
2,2,8,4,142,3003
6,0,8,4,142,3003
5,0,8,4,142,3003
5,1,8,4,142,3003
4,1,8,4,142,3003
4,2,8,4,142,3003
3,2,8,4,142,3003
3,3,8,4,142,3003
8,0,8,4,142,3003
7,0,8,4,142,3003
7,1,8,4,142,3003
6,1,8,4,142,3003
6,2,8,4,142,3003
5,2,8,4,142,3003
5,3,8,4,142,3003
4,3,8,4,142,3003
4,4,8,4,142,3003
9,0,8,4,142,3003
9,1,8,4,142,3003
8,1,8,4,142,3003
8,2,8,4,142,3003
7,2,8,4,142,3003
7,3,8,4,142,3003
6,3,8,4,142,3003
6,4,8,4,142,3003
5,4,8,4,142,3003
5,5,8,4,142,3003
9,2,8,4,142,3003
9,3,8,4,142,3003
8,3,8,4,142,3003
8,4,8,4,142,3003
7,4,8,4,142,3003
7,5,8,4,142,3003
6,5,8,4,142,3003
6,6,8,4,142,3003
2,0,8,4,143,2576
4,0,8,4,143,2576
3,0,8,4,143,2576
3,1,8,4,143,2576
6,0,8,4,143,2576
5,0,8,4,143,2576
5,1,8,4,143,2576
4,1,8,4,143,2576
4,2,8,4,143,2576
8,0,8,4,143,2576
7,0,8,4,143,2576
7,1,8,4,143,2576
6,1,8,4,143,2576
6,2,8,4,143,2576
5,2,8,4,143,2576
5,3,8,4,143,2576
9,0,8,4,143,2576
9,1,8,4,143,2576
8,1,8,4,143,2576
8,2,8,4,143,2576
7,2,8,4,143,2576
7,3,8,4,143,2576
6,3,8,4,143,2576
6,4,8,4,143,2576
9,2,8,4,143,2576
9,3,8,4,143,2576
8,3,8,4,143,2576
8,4,8,4,143,2576
7,4,8,4,143,2576
7,5,8,4,143,2576
4,0,8,2,144,2133
6,0,8,2,144,2133
5,0,8,2,144,2133
5,1,8,2,144,2133
8,0,8,2,144,2133
7,0,8,2,144,2133
7,1,8,2,144,2133
6,1,8,2,144,2133
6,2,8,2,144,2133
9,0,8,2,144,2133
9,1,8,2,144,2133
8,1,8,2,144,2133
8,2,8,2,144,2133
7,2,8,2,144,2133
7,3,8,2,144,2133
9,2,8,2,144,2133
9,3,8,2,144,2133
8,3,8,2,144,2133
8,4,8,2,144,2133
6,0,7,1,145,1651
8,0,7,1,145,1651
7,0,7,1,145,1651
7,1,7,1,145,1651
9,0,7,1,145,1651
9,1,7,1,145,1651
8,1,7,1,145,1651
8,2,7,1,145,1651
9,2,7,1,145,1651
9,3,7,1,145,1651
5,1,8,4,146,1646
7,1,8,4,146,1646
6,0,8,4,146,1646
6,2,8,4,146,1646
9,1,8,4,146,1646
8,0,8,4,146,1646
8,2,8,4,146,1646
7,0,8,4,146,1646
7,3,8,4,146,1646
8,1,8,4,146,1646
9,0,8,4,146,1646
9,2,8,4,146,1646
9,3,8,4,146,1646
8,4,8,4,146,1646
6,2,8,4,147,1136
8,2,8,4,147,1136
7,1,8,4,147,1136
7,3,8,4,147,1136
9,2,8,4,147,1136
9,1,8,4,147,1136
9,3,8,4,147,1136
8,0,8,4,147,1136
8,4,8,4,147,1136
3,1,8,4,148,2127
5,1,8,4,148,2127
4,0,8,4,148,2127
4,2,8,4,148,2127
7,1,8,4,148,2127
6,0,8,4,148,2127
6,2,8,4,148,2127
5,0,8,4,148,2127
5,3,8,4,148,2127
9,1,8,4,148,2127
8,0,8,4,148,2127
8,2,8,4,148,2127
7,0,8,4,148,2127
7,3,8,4,148,2127
6,1,8,4,148,2127
6,4,8,4,148,2127
8,1,8,4,148,2127
9,0,8,4,148,2127
9,2,8,4,148,2127
9,3,8,4,148,2127
8,4,8,4,148,2127
7,2,8,4,148,2127
7,5,8,4,148,2127
4,2,8,4,149,1650
6,2,8,4,149,1650
5,1,8,4,149,1650
5,3,8,4,149,1650
8,2,8,4,149,1650
7,1,8,4,149,1650
7,3,8,4,149,1650
6,0,8,4,149,1650
6,4,8,4,149,1650
9,2,8,4,149,1650
9,1,8,4,149,1650
9,3,8,4,149,1650
8,0,8,4,149,1650
8,4,8,4,149,1650
7,0,8,4,149,1650
7,5,8,4,149,1650
5,3,7,5,127,1136
7,3,7,5,127,1136
6,2,7,5,127,1136
6,4,7,5,127,1136
9,3,7,5,127,1136
8,2,7,5,127,1136
8,4,7,5,127,1136
7,1,7,5,127,1136
7,5,7,5,127,1136
1,1,8,4,150,2574
3,1,8,4,150,2574
2,0,8,4,150,2574
2,2,8,4,150,2574
5,1,8,4,150,2574
4,0,8,4,150,2574
4,2,8,4,150,2574
3,0,8,4,150,2574
3,3,8,4,150,2574
7,1,8,4,150,2574
6,0,8,4,150,2574
6,2,8,4,150,2574
5,0,8,4,150,2574
5,3,8,4,150,2574
4,1,8,4,150,2574
4,4,8,4,150,2574
9,1,8,4,150,2574
8,0,8,4,150,2574
8,2,8,4,150,2574
7,0,8,4,150,2574
7,3,8,4,150,2574
6,1,8,4,150,2574
6,4,8,4,150,2574
5,2,8,4,150,2574
5,5,8,4,150,2574
8,1,8,4,150,2574
9,0,8,4,150,2574
9,2,8,4,150,2574
9,3,8,4,150,2574
8,4,8,4,150,2574
7,2,8,4,150,2574
7,5,8,4,150,2574
6,3,8,4,150,2574
6,6,8,4,150,2574
0,1,8,2,151,3003
1,1,8,2,151,3003
0,0,8,2,151,3003
0,2,8,2,151,3003
3,1,8,2,151,3003
2,0,8,2,151,3003
2,2,8,2,151,3003
1,0,8,2,151,3003
1,3,8,2,151,3003
5,1,8,2,151,3003
4,0,8,2,151,3003
4,2,8,2,151,3003
3,0,8,2,151,3003
3,3,8,2,151,3003
2,1,8,2,151,3003
2,4,8,2,151,3003
7,1,8,2,151,3003
6,0,8,2,151,3003
6,2,8,2,151,3003
5,0,8,2,151,3003
5,3,8,2,151,3003
4,1,8,2,151,3003
4,4,8,2,151,3003
3,2,8,2,151,3003
3,5,8,2,151,3003
9,1,8,2,151,3003
8,0,8,2,151,3003
8,2,8,2,151,3003
7,0,8,2,151,3003
7,3,8,2,151,3003
6,1,8,2,151,3003
6,4,8,2,151,3003
5,2,8,2,151,3003
5,5,8,2,151,3003
4,3,8,2,151,3003
4,6,8,2,151,3003
8,1,8,2,151,3003
9,0,8,2,151,3003
9,2,8,2,151,3003
9,3,8,2,151,3003
8,4,8,2,151,3003
7,2,8,2,151,3003
7,5,8,2,151,3003
6,3,8,2,151,3003
6,6,8,2,151,3003
5,4,8,2,151,3003
5,7,8,2,151,3003
0,2,7,1,152,2578
2,2,7,1,152,2578
1,1,7,1,152,2578
1,3,7,1,152,2578
4,2,7,1,152,2578
3,1,7,1,152,2578
3,3,7,1,152,2578
2,0,7,1,152,2578
2,4,7,1,152,2578
6,2,7,1,152,2578
5,1,7,1,152,2578
5,3,7,1,152,2578
4,0,7,1,152,2578
4,4,7,1,152,2578
3,0,7,1,152,2578
3,5,7,1,152,2578
8,2,7,1,152,2578
7,1,7,1,152,2578
7,3,7,1,152,2578
6,0,7,1,152,2578
6,4,7,1,152,2578
5,0,7,1,152,2578
5,5,7,1,152,2578
4,1,7,1,152,2578
4,6,7,1,152,2578
9,2,7,1,152,2578
9,1,7,1,152,2578
9,3,7,1,152,2578
8,0,7,1,152,2578
8,4,7,1,152,2578
7,0,7,1,152,2578
7,5,7,1,152,2578
6,1,7,1,152,2578
6,6,7,1,152,2578
5,2,7,1,152,2578
5,7,7,1,152,2578
0,1,8,2,153,3396
1,1,8,2,153,3396
0,0,8,2,153,3396
0,2,8,2,153,3396
2,1,8,2,153,3396
1,0,8,2,153,3396
1,2,8,2,153,3396
0,3,8,2,153,3396
3,1,8,2,153,3396
2,0,8,2,153,3396
2,2,8,2,153,3396
1,3,8,2,153,3396
0,4,8,2,153,3396
5,1,8,2,153,3396
4,0,8,2,153,3396
4,2,8,2,153,3396
3,0,8,2,153,3396
3,3,8,2,153,3396
2,4,8,2,153,3396
1,5,8,2,153,3396
7,1,8,2,153,3396
6,0,8,2,153,3396
6,2,8,2,153,3396
5,0,8,2,153,3396
5,3,8,2,153,3396
4,1,8,2,153,3396
4,4,8,2,153,3396
3,2,8,2,153,3396
3,5,8,2,153,3396
2,3,8,2,153,3396
2,6,8,2,153,3396
9,1,8,2,153,3396
8,0,8,2,153,3396
8,2,8,2,153,3396
7,0,8,2,153,3396
7,3,8,2,153,3396
6,1,8,2,153,3396
6,4,8,2,153,3396
5,2,8,2,153,3396
5,5,8,2,153,3396
4,3,8,2,153,3396
4,6,8,2,153,3396
3,4,8,2,153,3396
3,7,8,2,153,3396
8,1,8,2,153,3396
9,0,8,2,153,3396
9,2,8,2,153,3396
9,3,8,2,153,3396
8,4,8,2,153,3396
7,2,8,2,153,3396
7,5,8,2,153,3396
6,3,8,2,153,3396
6,6,8,2,153,3396
5,4,8,2,153,3396
5,7,8,2,153,3396
4,5,8,2,153,3396
4,8,8,2,153,3396
1,5,5,7,154,1650
3,5,5,7,154,1650
2,4,5,7,154,1650
2,6,5,7,154,1650
5,5,5,7,154,1650
4,4,5,7,154,1650
4,6,5,7,154,1650
3,3,5,7,154,1650
3,7,5,7,154,1650
7,5,5,7,154,1650
6,4,5,7,154,1650
6,6,5,7,154,1650
5,3,5,7,154,1650
5,7,5,7,154,1650
4,2,5,7,154,1650
4,8,5,7,154,1650
2,6,5,7,122,1138
4,6,5,7,122,1138
3,5,5,7,122,1138
3,7,5,7,122,1138
6,6,5,7,122,1138
5,5,5,7,122,1138
5,7,5,7,122,1138
4,4,5,7,122,1138
4,8,5,7,122,1138
0,2,4,0,155,3379
1,2,4,0,155,3379
0,1,4,0,155,3379
0,3,4,0,155,3379
2,2,4,0,155,3379
1,1,4,0,155,3379
1,3,4,0,155,3379
0,0,4,0,155,3379
0,4,4,0,155,3379
3,2,4,0,155,3379
2,1,4,0,155,3379
2,3,4,0,155,3379
1,0,4,0,155,3379
1,4,4,0,155,3379
0,5,4,0,155,3379
4,2,4,0,155,3379
3,1,4,0,155,3379
3,3,4,0,155,3379
2,0,4,0,155,3379
2,4,4,0,155,3379
1,5,4,0,155,3379
0,6,4,0,155,3379
6,2,4,0,155,3379
5,1,4,0,155,3379
5,3,4,0,155,3379
4,0,4,0,155,3379
4,4,4,0,155,3379
3,0,4,0,155,3379
3,5,4,0,155,3379
2,6,4,0,155,3379
1,7,4,0,155,3379
8,2,4,0,155,3379
7,1,4,0,155,3379
7,3,4,0,155,3379
6,0,4,0,155,3379
6,4,4,0,155,3379
5,0,4,0,155,3379
5,5,4,0,155,3379
4,1,4,0,155,3379
4,6,4,0,155,3379
3,7,4,0,155,3379
2,8,4,0,155,3379
9,2,4,0,155,3379
9,1,4,0,155,3379
9,3,4,0,155,3379
8,0,4,0,155,3379
8,4,4,0,155,3379
7,0,4,0,155,3379
7,5,4,0,155,3379
6,1,4,0,155,3379
6,6,4,0,155,3379
5,2,4,0,155,3379
5,7,4,0,155,3379
4,3,4,0,155,3379
4,8,4,0,155,3379
3,4,4,0,155,3379
3,9,4,0,155,3379
1,7,5,7,156,1136
3,7,5,7,156,1136
2,6,5,7,156,1136
2,8,5,7,156,1136
5,7,5,7,156,1136
4,6,5,7,156,1136
4,8,5,7,156,1136
3,5,5,7,156,1136
3,9,5,7,156,1136
0,1,8,2,157,4105
1,1,8,2,157,4105
0,0,8,2,157,4105
0,2,8,2,157,4105
2,1,8,2,157,4105
1,0,8,2,157,4105
1,2,8,2,157,4105
0,3,8,2,157,4105
3,1,8,2,157,4105
2,0,8,2,157,4105
2,2,8,2,157,4105
1,3,8,2,157,4105
0,4,8,2,157,4105
4,1,8,2,157,4105
3,0,8,2,157,4105
3,2,8,2,157,4105
2,3,8,2,157,4105
1,4,8,2,157,4105
0,5,8,2,157,4105
5,1,8,2,157,4105
4,0,8,2,157,4105
4,2,8,2,157,4105
3,3,8,2,157,4105
2,4,8,2,157,4105
1,5,8,2,157,4105
0,6,8,2,157,4105
6,1,8,2,157,4105
5,0,8,2,157,4105
5,2,8,2,157,4105
4,3,8,2,157,4105
3,4,8,2,157,4105
2,5,8,2,157,4105
1,6,8,2,157,4105
0,7,8,2,157,4105
7,1,8,2,157,4105
6,0,8,2,157,4105
6,2,8,2,157,4105
5,3,8,2,157,4105
4,4,8,2,157,4105
3,5,8,2,157,4105
2,6,8,2,157,4105
1,7,8,2,157,4105
0,8,8,2,157,4105
9,1,8,2,157,4105
8,0,8,2,157,4105
8,2,8,2,157,4105
7,0,8,2,157,4105
7,3,8,2,157,4105
6,4,8,2,157,4105
5,5,8,2,157,4105
4,6,8,2,157,4105
3,7,8,2,157,4105
2,8,8,2,157,4105
1,9,8,2,157,4105
8,1,8,2,157,4105
9,0,8,2,157,4105
9,2,8,2,157,4105
9,3,8,2,157,4105
8,4,8,2,157,4105
7,2,8,2,157,4105
7,5,8,2,157,4105
6,3,8,2,157,4105
6,6,8,2,157,4105
5,4,8,2,157,4105
5,7,8,2,157,4105
4,5,8,2,157,4105
4,8,8,2,157,4105
3,6,8,2,157,4105
3,9,8,2,157,4105
2,7,8,2,157,4105
2,9,8,2,157,4105
0,2,6,0,158,3741
1,2,6,0,158,3741
0,1,6,0,158,3741
0,3,6,0,158,3741
2,2,6,0,158,3741
1,1,6,0,158,3741
1,3,6,0,158,3741
0,0,6,0,158,3741
0,4,6,0,158,3741
3,2,6,0,158,3741
2,1,6,0,158,3741
2,3,6,0,158,3741
1,0,6,0,158,3741
1,4,6,0,158,3741
0,5,6,0,158,3741
4,2,6,0,158,3741
3,1,6,0,158,3741
3,3,6,0,158,3741
2,0,6,0,158,3741
2,4,6,0,158,3741
1,5,6,0,158,3741
0,6,6,0,158,3741
5,2,6,0,158,3741
4,1,6,0,158,3741
4,3,6,0,158,3741
3,0,6,0,158,3741
3,4,6,0,158,3741
2,5,6,0,158,3741
1,6,6,0,158,3741
0,7,6,0,158,3741
6,2,6,0,158,3741
5,1,6,0,158,3741
5,3,6,0,158,3741
4,0,6,0,158,3741
4,4,6,0,158,3741
3,5,6,0,158,3741
2,6,6,0,158,3741
1,7,6,0,158,3741
0,8,6,0,158,3741
8,2,6,0,158,3741
7,1,6,0,158,3741
7,3,6,0,158,3741
6,0,6,0,158,3741
6,4,6,0,158,3741
5,0,6,0,158,3741
5,5,6,0,158,3741
4,6,6,0,158,3741
3,7,6,0,158,3741
2,8,6,0,158,3741
1,9,6,0,158,3741
9,2,6,0,158,3741
9,1,6,0,158,3741
9,3,6,0,158,3741
8,0,6,0,158,3741
8,4,6,0,158,3741
7,0,6,0,158,3741
7,5,6,0,158,3741
6,1,6,0,158,3741
6,6,6,0,158,3741
5,7,6,0,158,3741
4,8,6,0,158,3741
3,9,6,0,158,3741
2,9,6,0,158,3741
0,1,8,2,159,4425
1,1,8,2,159,4425
0,0,8,2,159,4425
0,2,8,2,159,4425
2,1,8,2,159,4425
1,0,8,2,159,4425
1,2,8,2,159,4425
0,3,8,2,159,4425
3,1,8,2,159,4425
2,0,8,2,159,4425
2,2,8,2,159,4425
1,3,8,2,159,4425
0,4,8,2,159,4425
4,1,8,2,159,4425
3,0,8,2,159,4425
3,2,8,2,159,4425
2,3,8,2,159,4425
1,4,8,2,159,4425
0,5,8,2,159,4425
5,1,8,2,159,4425
4,0,8,2,159,4425
4,2,8,2,159,4425
3,3,8,2,159,4425
2,4,8,2,159,4425
1,5,8,2,159,4425
0,6,8,2,159,4425
6,1,8,2,159,4425
5,0,8,2,159,4425
5,2,8,2,159,4425
4,3,8,2,159,4425
3,4,8,2,159,4425
2,5,8,2,159,4425
1,6,8,2,159,4425
0,7,8,2,159,4425
7,1,8,2,159,4425
6,0,8,2,159,4425
6,2,8,2,159,4425
5,3,8,2,159,4425
4,4,8,2,159,4425
3,5,8,2,159,4425
2,6,8,2,159,4425
1,7,8,2,159,4425
0,8,8,2,159,4425
8,1,8,2,159,4425
7,0,8,2,159,4425
7,2,8,2,159,4425
6,3,8,2,159,4425
5,4,8,2,159,4425
4,5,8,2,159,4425
3,6,8,2,159,4425
2,7,8,2,159,4425
1,8,8,2,159,4425
0,9,8,2,159,4425
9,1,8,2,159,4425
8,0,8,2,159,4425
8,2,8,2,159,4425
7,3,8,2,159,4425
6,4,8,2,159,4425
5,5,8,2,159,4425
4,6,8,2,159,4425
3,7,8,2,159,4425
2,8,8,2,159,4425
1,9,8,2,159,4425
9,0,8,2,159,4425
9,2,8,2,159,4425
9,3,8,2,159,4425
8,4,8,2,159,4425
7,5,8,2,159,4425
6,6,8,2,159,4425
5,7,8,2,159,4425
4,8,8,2,159,4425
3,9,8,2,159,4425
2,9,8,2,159,4425
0,2,7,1,160,4092
1,2,7,1,160,4092
0,1,7,1,160,4092
0,3,7,1,160,4092
2,2,7,1,160,4092
1,1,7,1,160,4092
1,3,7,1,160,4092
0,0,7,1,160,4092
0,4,7,1,160,4092
3,2,7,1,160,4092
2,1,7,1,160,4092
2,3,7,1,160,4092
1,0,7,1,160,4092
1,4,7,1,160,4092
0,5,7,1,160,4092
4,2,7,1,160,4092
3,1,7,1,160,4092
3,3,7,1,160,4092
2,0,7,1,160,4092
2,4,7,1,160,4092
1,5,7,1,160,4092
0,6,7,1,160,4092
5,2,7,1,160,4092
4,1,7,1,160,4092
4,3,7,1,160,4092
3,0,7,1,160,4092
3,4,7,1,160,4092
2,5,7,1,160,4092
1,6,7,1,160,4092
0,7,7,1,160,4092
6,2,7,1,160,4092
5,1,7,1,160,4092
5,3,7,1,160,4092
4,0,7,1,160,4092
4,4,7,1,160,4092
3,5,7,1,160,4092
2,6,7,1,160,4092
1,7,7,1,160,4092
0,8,7,1,160,4092
7,2,7,1,160,4092
6,1,7,1,160,4092
6,3,7,1,160,4092
5,0,7,1,160,4092
5,4,7,1,160,4092
4,5,7,1,160,4092
3,6,7,1,160,4092
2,7,7,1,160,4092
1,8,7,1,160,4092
0,9,7,1,160,4092
8,2,7,1,160,4092
7,1,7,1,160,4092
7,3,7,1,160,4092
6,0,7,1,160,4092
6,4,7,1,160,4092
5,5,7,1,160,4092
4,6,7,1,160,4092
3,7,7,1,160,4092
2,8,7,1,160,4092
1,9,7,1,160,4092
9,2,7,1,160,4092
9,1,7,1,160,4092
9,3,7,1,160,4092
8,0,7,1,160,4092
8,4,7,1,160,4092
7,0,7,1,160,4092
7,5,7,1,160,4092
6,6,7,1,160,4092
5,7,7,1,160,4092
4,8,7,1,160,4092
3,9,7,1,160,4092
2,9,7,1,160,4092
0,3,6,0,161,3745
1,3,6,0,161,3745
0,2,6,0,161,3745
0,4,6,0,161,3745
2,3,6,0,161,3745
1,2,6,0,161,3745
1,4,6,0,161,3745
0,1,6,0,161,3745
0,5,6,0,161,3745
3,3,6,0,161,3745
2,2,6,0,161,3745
2,4,6,0,161,3745
1,1,6,0,161,3745
1,5,6,0,161,3745
0,0,6,0,161,3745
0,6,6,0,161,3745
4,3,6,0,161,3745
3,2,6,0,161,3745
3,4,6,0,161,3745
2,1,6,0,161,3745
2,5,6,0,161,3745
1,0,6,0,161,3745
1,6,6,0,161,3745
0,7,6,0,161,3745
5,3,6,0,161,3745
4,2,6,0,161,3745
4,4,6,0,161,3745
3,1,6,0,161,3745
3,5,6,0,161,3745
2,0,6,0,161,3745
2,6,6,0,161,3745
1,7,6,0,161,3745
0,8,6,0,161,3745
6,3,6,0,161,3745
5,2,6,0,161,3745
5,4,6,0,161,3745
4,1,6,0,161,3745
4,5,6,0,161,3745
3,0,6,0,161,3745
3,6,6,0,161,3745
2,7,6,0,161,3745
1,8,6,0,161,3745
0,9,6,0,161,3745
7,3,6,0,161,3745
6,2,6,0,161,3745
6,4,6,0,161,3745
5,1,6,0,161,3745
5,5,6,0,161,3745
4,0,6,0,161,3745
4,6,6,0,161,3745
3,7,6,0,161,3745
2,8,6,0,161,3745
1,9,6,0,161,3745
9,3,6,0,161,3745
8,2,6,0,161,3745
8,4,6,0,161,3745
7,1,6,0,161,3745
7,5,6,0,161,3745
6,0,6,0,161,3745
6,6,6,0,161,3745
5,0,6,0,161,3745
5,7,6,0,161,3745
4,8,6,0,161,3745
3,9,6,0,161,3745
2,9,6,0,161,3745
0,3,6,0,162,4082
1,3,6,0,162,4082
0,2,6,0,162,4082
0,4,6,0,162,4082
2,3,6,0,162,4082
1,2,6,0,162,4082
1,4,6,0,162,4082
0,1,6,0,162,4082
0,5,6,0,162,4082
3,3,6,0,162,4082
2,2,6,0,162,4082
2,4,6,0,162,4082
1,1,6,0,162,4082
1,5,6,0,162,4082
0,0,6,0,162,4082
0,6,6,0,162,4082
4,3,6,0,162,4082
3,2,6,0,162,4082
3,4,6,0,162,4082
2,1,6,0,162,4082
2,5,6,0,162,4082
1,0,6,0,162,4082
1,6,6,0,162,4082
0,7,6,0,162,4082
5,3,6,0,162,4082
4,2,6,0,162,4082
4,4,6,0,162,4082
3,1,6,0,162,4082
3,5,6,0,162,4082
2,0,6,0,162,4082
2,6,6,0,162,4082
1,7,6,0,162,4082
0,8,6,0,162,4082
6,3,6,0,162,4082
5,2,6,0,162,4082
5,4,6,0,162,4082
4,1,6,0,162,4082
4,5,6,0,162,4082
3,0,6,0,162,4082
3,6,6,0,162,4082
2,7,6,0,162,4082
1,8,6,0,162,4082
0,9,6,0,162,4082
7,3,6,0,162,4082
6,2,6,0,162,4082
6,4,6,0,162,4082
5,1,6,0,162,4082
5,5,6,0,162,4082
4,0,6,0,162,4082
4,6,6,0,162,4082
3,7,6,0,162,4082
2,8,6,0,162,4082
1,9,6,0,162,4082
8,3,6,0,162,4082
7,2,6,0,162,4082
7,4,6,0,162,4082
6,1,6,0,162,4082
6,5,6,0,162,4082
5,0,6,0,162,4082
5,6,6,0,162,4082
4,7,6,0,162,4082
3,8,6,0,162,4082
2,9,6,0,162,4082
9,3,6,0,162,4082
8,2,6,0,162,4082
8,4,6,0,162,4082
7,1,6,0,162,4082
7,5,6,0,162,4082
6,0,6,0,162,4082
6,6,6,0,162,4082
5,7,6,0,162,4082
4,8,6,0,162,4082
3,9,6,0,162,4082
0,4,4,0,163,3754
1,4,4,0,163,3754
0,3,4,0,163,3754
0,5,4,0,163,3754
2,4,4,0,163,3754
1,3,4,0,163,3754
1,5,4,0,163,3754
0,2,4,0,163,3754
0,6,4,0,163,3754
3,4,4,0,163,3754
2,3,4,0,163,3754
2,5,4,0,163,3754
1,2,4,0,163,3754
1,6,4,0,163,3754
0,1,4,0,163,3754
0,7,4,0,163,3754
4,4,4,0,163,3754
3,3,4,0,163,3754
3,5,4,0,163,3754
2,2,4,0,163,3754
2,6,4,0,163,3754
1,1,4,0,163,3754
1,7,4,0,163,3754
0,0,4,0,163,3754
0,8,4,0,163,3754
5,4,4,0,163,3754
4,3,4,0,163,3754
4,5,4,0,163,3754
3,2,4,0,163,3754
3,6,4,0,163,3754
2,1,4,0,163,3754
2,7,4,0,163,3754
1,0,4,0,163,3754
1,8,4,0,163,3754
0,9,4,0,163,3754
6,4,4,0,163,3754
5,3,4,0,163,3754
5,5,4,0,163,3754
4,2,4,0,163,3754
4,6,4,0,163,3754
3,1,4,0,163,3754
3,7,4,0,163,3754
2,0,4,0,163,3754
2,8,4,0,163,3754
1,9,4,0,163,3754
7,4,4,0,163,3754
6,3,4,0,163,3754
6,5,4,0,163,3754
5,2,4,0,163,3754
5,6,4,0,163,3754
4,1,4,0,163,3754
4,7,4,0,163,3754
3,0,4,0,163,3754
3,8,4,0,163,3754
2,9,4,0,163,3754
8,4,4,0,163,3754
7,3,4,0,163,3754
7,5,4,0,163,3754
6,2,4,0,163,3754
6,6,4,0,163,3754
5,1,4,0,163,3754
5,7,4,0,163,3754
4,0,4,0,163,3754
4,8,4,0,163,3754
3,9,4,0,163,3754
8,2,8,2,164,588
9,2,8,2,164,588
9,1,8,2,164,588
9,3,8,2,164,588
9,3,9,3,0,0
7,3,8,4,76,588
9,3,8,4,76,588
8,2,8,4,76,588
8,4,8,4,76,588
8,4,8,4,0,0
6,4,7,5,76,588
8,4,7,5,76,588
7,3,7,5,76,588
7,5,7,5,76,588
7,5,7,5,0,0
5,5,7,5,56,588
7,5,7,5,56,588
6,4,7,5,56,588
6,6,7,5,56,588
6,6,6,6,0,0
5,7,5,7,0,0
3,7,5,7,56,588
5,7,5,7,56,588
4,6,5,7,56,588
4,8,5,7,56,588
4,8,4,8,0,0
3,9,3,9,0,0
0,0,8,5,165,4441
1,0,8,5,165,4441
0,1,8,5,165,4441
2,0,8,5,165,4441
1,1,8,5,165,4441
0,2,8,5,165,4441
3,0,8,5,165,4441
2,1,8,5,165,4441
1,2,8,5,165,4441
0,3,8,5,165,4441
4,0,8,5,165,4441
3,1,8,5,165,4441
2,2,8,5,165,4441
1,3,8,5,165,4441
0,4,8,5,165,4441
5,0,8,5,165,4441
4,1,8,5,165,4441
3,2,8,5,165,4441
2,3,8,5,165,4441
1,4,8,5,165,4441
0,5,8,5,165,4441
6,0,8,5,165,4441
5,1,8,5,165,4441
4,2,8,5,165,4441
3,3,8,5,165,4441
2,4,8,5,165,4441
1,5,8,5,165,4441
0,6,8,5,165,4441
7,0,8,5,165,4441
6,1,8,5,165,4441
5,2,8,5,165,4441
4,3,8,5,165,4441
3,4,8,5,165,4441
2,5,8,5,165,4441
1,6,8,5,165,4441
0,7,8,5,165,4441
9,0,8,5,165,4441
8,0,8,5,165,4441
8,1,8,5,165,4441
7,1,8,5,165,4441
7,2,8,5,165,4441
6,2,8,5,165,4441
6,3,8,5,165,4441
5,3,8,5,165,4441
5,4,8,5,165,4441
4,4,8,5,165,4441
4,5,8,5,165,4441
3,5,8,5,165,4441
3,6,8,5,165,4441
2,6,8,5,165,4441
2,7,8,5,165,4441
1,7,8,5,165,4441
1,8,8,5,165,4441
9,1,8,5,165,4441
9,2,8,5,165,4441
8,2,8,5,165,4441
8,3,8,5,165,4441
7,3,8,5,165,4441
7,4,8,5,165,4441
6,4,8,5,165,4441
6,5,8,5,165,4441
5,5,8,5,165,4441
5,6,8,5,165,4441
4,6,8,5,165,4441
4,7,8,5,165,4441
3,7,8,5,165,4441
3,8,8,5,165,4441
2,8,8,5,165,4441
2,9,8,5,165,4441
9,3,8,5,165,4441
9,4,8,5,165,4441
8,4,8,5,165,4441
8,5,8,5,165,4441
7,5,8,5,165,4441
7,6,8,5,165,4441
6,6,8,5,165,4441
6,7,8,5,165,4441
5,7,8,5,165,4441
5,8,8,5,165,4441
4,8,8,5,165,4441
4,9,8,5,165,4441
3,9,8,5,165,4441
0,0,8,5,166,4116
1,0,8,5,166,4116
0,1,8,5,166,4116
2,0,8,5,166,4116
1,1,8,5,166,4116
0,2,8,5,166,4116
3,0,8,5,166,4116
2,1,8,5,166,4116
1,2,8,5,166,4116
0,3,8,5,166,4116
4,0,8,5,166,4116
3,1,8,5,166,4116
2,2,8,5,166,4116
1,3,8,5,166,4116
0,4,8,5,166,4116
5,0,8,5,166,4116
4,1,8,5,166,4116
3,2,8,5,166,4116
2,3,8,5,166,4116
1,4,8,5,166,4116
0,5,8,5,166,4116
7,0,8,5,166,4116
6,0,8,5,166,4116
6,1,8,5,166,4116
5,1,8,5,166,4116
5,2,8,5,166,4116
4,2,8,5,166,4116
4,3,8,5,166,4116
3,3,8,5,166,4116
3,4,8,5,166,4116
2,4,8,5,166,4116
2,5,8,5,166,4116
1,5,8,5,166,4116
1,6,8,5,166,4116
9,0,8,5,166,4116
8,0,8,5,166,4116
8,1,8,5,166,4116
7,1,8,5,166,4116
7,2,8,5,166,4116
6,2,8,5,166,4116
6,3,8,5,166,4116
5,3,8,5,166,4116
5,4,8,5,166,4116
4,4,8,5,166,4116
4,5,8,5,166,4116
3,5,8,5,166,4116
3,6,8,5,166,4116
2,6,8,5,166,4116
2,7,8,5,166,4116
9,1,8,5,166,4116
9,2,8,5,166,4116
8,2,8,5,166,4116
8,3,8,5,166,4116
7,3,8,5,166,4116
7,4,8,5,166,4116
6,4,8,5,166,4116
6,5,8,5,166,4116
5,5,8,5,166,4116
5,6,8,5,166,4116
4,6,8,5,166,4116
4,7,8,5,166,4116
3,7,8,5,166,4116
3,8,8,5,166,4116
9,3,8,5,166,4116
9,4,8,5,166,4116
8,4,8,5,166,4116
8,5,8,5,166,4116
7,5,8,5,166,4116
7,6,8,5,166,4116
6,6,8,5,166,4116
6,7,8,5,166,4116
5,7,8,5,166,4116
5,8,8,5,166,4116
4,8,8,5,166,4116
4,9,8,5,166,4116
0,0,8,5,167,3767
1,0,8,5,167,3767
0,1,8,5,167,3767
2,0,8,5,167,3767
1,1,8,5,167,3767
0,2,8,5,167,3767
3,0,8,5,167,3767
2,1,8,5,167,3767
1,2,8,5,167,3767
0,3,8,5,167,3767
5,0,8,5,167,3767
4,0,8,5,167,3767
4,1,8,5,167,3767
3,1,8,5,167,3767
3,2,8,5,167,3767
2,2,8,5,167,3767
2,3,8,5,167,3767
1,3,8,5,167,3767
1,4,8,5,167,3767
7,0,8,5,167,3767
6,0,8,5,167,3767
6,1,8,5,167,3767
5,1,8,5,167,3767
5,2,8,5,167,3767
4,2,8,5,167,3767
4,3,8,5,167,3767
3,3,8,5,167,3767
3,4,8,5,167,3767
2,4,8,5,167,3767
2,5,8,5,167,3767
9,0,8,5,167,3767
8,0,8,5,167,3767
8,1,8,5,167,3767
7,1,8,5,167,3767
7,2,8,5,167,3767
6,2,8,5,167,3767
6,3,8,5,167,3767
5,3,8,5,167,3767
5,4,8,5,167,3767
4,4,8,5,167,3767
4,5,8,5,167,3767
3,5,8,5,167,3767
3,6,8,5,167,3767
9,1,8,5,167,3767
9,2,8,5,167,3767
8,2,8,5,167,3767
8,3,8,5,167,3767
7,3,8,5,167,3767
7,4,8,5,167,3767
6,4,8,5,167,3767
6,5,8,5,167,3767
5,5,8,5,167,3767
5,6,8,5,167,3767
4,6,8,5,167,3767
4,7,8,5,167,3767
9,3,8,5,167,3767
9,4,8,5,167,3767
8,4,8,5,167,3767
8,5,8,5,167,3767
7,5,8,5,167,3767
7,6,8,5,167,3767
6,6,8,5,167,3767
6,7,8,5,167,3767
5,7,8,5,167,3767
5,8,8,5,167,3767
0,0,8,5,168,3393
1,0,8,5,168,3393
0,1,8,5,168,3393
3,0,8,5,168,3393
2,0,8,5,168,3393
2,1,8,5,168,3393
1,1,8,5,168,3393
1,2,8,5,168,3393
5,0,8,5,168,3393
4,0,8,5,168,3393
4,1,8,5,168,3393
3,1,8,5,168,3393
3,2,8,5,168,3393
2,2,8,5,168,3393
2,3,8,5,168,3393
7,0,8,5,168,3393
6,0,8,5,168,3393
6,1,8,5,168,3393
5,1,8,5,168,3393
5,2,8,5,168,3393
4,2,8,5,168,3393
4,3,8,5,168,3393
3,3,8,5,168,3393
3,4,8,5,168,3393
9,0,8,5,168,3393
8,0,8,5,168,3393
8,1,8,5,168,3393
7,1,8,5,168,3393
7,2,8,5,168,3393
6,2,8,5,168,3393
6,3,8,5,168,3393
5,3,8,5,168,3393
5,4,8,5,168,3393
4,4,8,5,168,3393
4,5,8,5,168,3393
9,1,8,5,168,3393
9,2,8,5,168,3393
8,2,8,5,168,3393
8,3,8,5,168,3393
7,3,8,5,168,3393
7,4,8,5,168,3393
6,4,8,5,168,3393
6,5,8,5,168,3393
5,5,8,5,168,3393
5,6,8,5,168,3393
9,3,8,5,168,3393
9,4,8,5,168,3393
8,4,8,5,168,3393
8,5,8,5,168,3393
7,5,8,5,168,3393
7,6,8,5,168,3393
6,6,8,5,168,3393
6,7,8,5,168,3393
1,0,8,5,169,2993
3,0,8,5,169,2993
2,0,8,5,169,2993
2,1,8,5,169,2993
5,0,8,5,169,2993
4,0,8,5,169,2993
4,1,8,5,169,2993
3,1,8,5,169,2993
3,2,8,5,169,2993
7,0,8,5,169,2993
6,0,8,5,169,2993
6,1,8,5,169,2993
5,1,8,5,169,2993
5,2,8,5,169,2993
4,2,8,5,169,2993
4,3,8,5,169,2993
9,0,8,5,169,2993
8,0,8,5,169,2993
8,1,8,5,169,2993
7,1,8,5,169,2993
7,2,8,5,169,2993
6,2,8,5,169,2993
6,3,8,5,169,2993
5,3,8,5,169,2993
5,4,8,5,169,2993
9,1,8,5,169,2993
9,2,8,5,169,2993
8,2,8,5,169,2993
8,3,8,5,169,2993
7,3,8,5,169,2993
7,4,8,5,169,2993
6,4,8,5,169,2993
6,5,8,5,169,2993
9,3,8,5,169,2993
9,4,8,5,169,2993
8,4,8,5,169,2993
8,5,8,5,169,2993
7,5,8,5,169,2993
7,6,8,5,169,2993
3,0,8,3,170,2582
5,0,8,3,170,2582
4,0,8,3,170,2582
4,1,8,3,170,2582
7,0,8,3,170,2582
6,0,8,3,170,2582
6,1,8,3,170,2582
5,1,8,3,170,2582
5,2,8,3,170,2582
9,0,8,3,170,2582
8,0,8,3,170,2582
8,1,8,3,170,2582
7,1,8,3,170,2582
7,2,8,3,170,2582
6,2,8,3,170,2582
6,3,8,3,170,2582
9,1,8,3,170,2582
9,2,8,3,170,2582
8,2,8,3,170,2582
8,3,8,3,170,2582
7,3,8,3,170,2582
7,4,8,3,170,2582
9,3,8,3,170,2582
9,4,8,3,170,2582
8,4,8,3,170,2582
8,5,8,3,170,2582
5,0,7,2,171,2135
7,0,7,2,171,2135
6,0,7,2,171,2135
6,1,7,2,171,2135
9,0,7,2,171,2135
8,0,7,2,171,2135
8,1,7,2,171,2135
7,1,7,2,171,2135
7,2,7,2,171,2135
9,1,7,2,171,2135
9,2,7,2,171,2135
8,2,7,2,171,2135
8,3,7,2,171,2135
9,3,7,2,171,2135
9,4,7,2,171,2135
4,1,8,5,172,2122
6,1,8,5,172,2122
5,0,8,5,172,2122
5,2,8,5,172,2122
8,1,8,5,172,2122
7,0,8,5,172,2122
7,2,8,5,172,2122
6,0,8,5,172,2122
6,3,8,5,172,2122
9,1,8,5,172,2122
9,0,8,5,172,2122
9,2,8,5,172,2122
8,0,8,5,172,2122
8,3,8,5,172,2122
7,1,8,5,172,2122
7,4,8,5,172,2122
8,2,8,5,172,2122
9,3,8,5,172,2122
9,4,8,5,172,2122
8,5,8,5,172,2122
5,2,8,5,173,1646
7,2,8,5,173,1646
6,1,8,5,173,1646
6,3,8,5,173,1646
9,2,8,5,173,1646
8,1,8,5,173,1646
8,3,8,5,173,1646
7,0,8,5,173,1646
7,4,8,5,173,1646
8,2,8,5,173,1646
9,1,8,5,173,1646
9,3,8,5,173,1646
9,0,8,5,173,1646
9,4,8,5,173,1646
8,0,8,5,173,1646
8,5,8,5,173,1646
2,1,8,5,174,2571
4,1,8,5,174,2571
3,0,8,5,174,2571
3,2,8,5,174,2571
6,1,8,5,174,2571
5,0,8,5,174,2571
5,2,8,5,174,2571
4,0,8,5,174,2571
4,3,8,5,174,2571
8,1,8,5,174,2571
7,0,8,5,174,2571
7,2,8,5,174,2571
6,0,8,5,174,2571
6,3,8,5,174,2571
5,1,8,5,174,2571
5,4,8,5,174,2571
9,1,8,5,174,2571
9,0,8,5,174,2571
9,2,8,5,174,2571
8,0,8,5,174,2571
8,3,8,5,174,2571
7,1,8,5,174,2571
7,4,8,5,174,2571
6,2,8,5,174,2571
6,5,8,5,174,2571
8,2,8,5,174,2571
9,3,8,5,174,2571
9,4,8,5,174,2571
8,5,8,5,174,2571
7,3,8,5,174,2571
7,6,8,5,174,2571
3,2,8,5,175,2127
5,2,8,5,175,2127
4,1,8,5,175,2127
4,3,8,5,175,2127
7,2,8,5,175,2127
6,1,8,5,175,2127
6,3,8,5,175,2127
5,0,8,5,175,2127
5,4,8,5,175,2127
9,2,8,5,175,2127
8,1,8,5,175,2127
8,3,8,5,175,2127
7,0,8,5,175,2127
7,4,8,5,175,2127
6,0,8,5,175,2127
6,5,8,5,175,2127
8,2,8,5,175,2127
9,1,8,5,175,2127
9,3,8,5,175,2127
9,0,8,5,175,2127
9,4,8,5,175,2127
8,0,8,5,175,2127
8,5,8,5,175,2127
7,1,8,5,175,2127
7,6,8,5,175,2127
4,3,7,6,176,1646
6,3,7,6,176,1646
5,2,7,6,176,1646
5,4,7,6,176,1646
8,3,7,6,176,1646
7,2,7,6,176,1646
7,4,7,6,176,1646
6,1,7,6,176,1646
6,5,7,6,176,1646
9,3,7,6,176,1646
9,2,7,6,176,1646
9,4,7,6,176,1646
8,1,7,6,176,1646
8,5,7,6,176,1646
7,0,7,6,176,1646
7,6,7,6,176,1646
0,1,8,5,177,2991
2,1,8,5,177,2991
1,0,8,5,177,2991
1,2,8,5,177,2991
4,1,8,5,177,2991
3,0,8,5,177,2991
3,2,8,5,177,2991
2,0,8,5,177,2991
2,3,8,5,177,2991
6,1,8,5,177,2991
5,0,8,5,177,2991
5,2,8,5,177,2991
4,0,8,5,177,2991
4,3,8,5,177,2991
3,1,8,5,177,2991
3,4,8,5,177,2991
8,1,8,5,177,2991
7,0,8,5,177,2991
7,2,8,5,177,2991
6,0,8,5,177,2991
6,3,8,5,177,2991
5,1,8,5,177,2991
5,4,8,5,177,2991
4,2,8,5,177,2991
4,5,8,5,177,2991
9,1,8,5,177,2991
9,0,8,5,177,2991
9,2,8,5,177,2991
8,0,8,5,177,2991
8,3,8,5,177,2991
7,1,8,5,177,2991
7,4,8,5,177,2991
6,2,8,5,177,2991
6,5,8,5,177,2991
5,3,8,5,177,2991
5,6,8,5,177,2991
8,2,8,5,177,2991
9,3,8,5,177,2991
9,4,8,5,177,2991
8,5,8,5,177,2991
7,3,8,5,177,2991
7,6,8,5,177,2991
6,4,8,5,177,2991
6,7,8,5,177,2991
0,1,8,3,178,3396
1,1,8,3,178,3396
0,0,8,3,178,3396
0,2,8,3,178,3396
2,1,8,3,178,3396
1,0,8,3,178,3396
1,2,8,3,178,3396
0,3,8,3,178,3396
4,1,8,3,178,3396
3,0,8,3,178,3396
3,2,8,3,178,3396
2,0,8,3,178,3396
2,3,8,3,178,3396
1,4,8,3,178,3396
6,1,8,3,178,3396
5,0,8,3,178,3396
5,2,8,3,178,3396
4,0,8,3,178,3396
4,3,8,3,178,3396
3,1,8,3,178,3396
3,4,8,3,178,3396
2,2,8,3,178,3396
2,5,8,3,178,3396
8,1,8,3,178,3396
7,0,8,3,178,3396
7,2,8,3,178,3396
6,0,8,3,178,3396
6,3,8,3,178,3396
5,1,8,3,178,3396
5,4,8,3,178,3396
4,2,8,3,178,3396
4,5,8,3,178,3396
3,3,8,3,178,3396
3,6,8,3,178,3396
9,1,8,3,178,3396
9,0,8,3,178,3396
9,2,8,3,178,3396
8,0,8,3,178,3396
8,3,8,3,178,3396
7,1,8,3,178,3396
7,4,8,3,178,3396
6,2,8,3,178,3396
6,5,8,3,178,3396
5,3,8,3,178,3396
5,6,8,3,178,3396
4,4,8,3,178,3396
4,7,8,3,178,3396
8,2,8,3,178,3396
9,3,8,3,178,3396
9,4,8,3,178,3396
8,5,8,3,178,3396
7,3,8,3,178,3396
7,6,8,3,178,3396
6,4,8,3,178,3396
6,7,8,3,178,3396
5,5,8,3,178,3396
5,8,8,3,178,3396
0,2,7,2,179,2998
1,2,7,2,179,2998
0,1,7,2,179,2998
0,3,7,2,179,2998
3,2,7,2,179,2998
2,1,7,2,179,2998
2,3,7,2,179,2998
1,0,7,2,179,2998
1,4,7,2,179,2998
5,2,7,2,179,2998
4,1,7,2,179,2998
4,3,7,2,179,2998
3,0,7,2,179,2998
3,4,7,2,179,2998
2,0,7,2,179,2998
2,5,7,2,179,2998
7,2,7,2,179,2998
6,1,7,2,179,2998
6,3,7,2,179,2998
5,0,7,2,179,2998
5,4,7,2,179,2998
4,0,7,2,179,2998
4,5,7,2,179,2998
3,1,7,2,179,2998
3,6,7,2,179,2998
9,2,7,2,179,2998
8,1,7,2,179,2998
8,3,7,2,179,2998
7,0,7,2,179,2998
7,4,7,2,179,2998
6,0,7,2,179,2998
6,5,7,2,179,2998
5,1,7,2,179,2998
5,6,7,2,179,2998
4,2,7,2,179,2998
4,7,7,2,179,2998
8,2,7,2,179,2998
9,1,7,2,179,2998
9,3,7,2,179,2998
9,0,7,2,179,2998
9,4,7,2,179,2998
8,0,7,2,179,2998
8,5,7,2,179,2998
7,1,7,2,179,2998
7,6,7,2,179,2998
6,2,7,2,179,2998
6,7,7,2,179,2998
5,3,7,2,179,2998
5,8,7,2,179,2998
0,1,8,3,180,3766
1,1,8,3,180,3766
0,0,8,3,180,3766
0,2,8,3,180,3766
2,1,8,3,180,3766
1,0,8,3,180,3766
1,2,8,3,180,3766
0,3,8,3,180,3766
3,1,8,3,180,3766
2,0,8,3,180,3766
2,2,8,3,180,3766
1,3,8,3,180,3766
0,4,8,3,180,3766
4,1,8,3,180,3766
3,0,8,3,180,3766
3,2,8,3,180,3766
2,3,8,3,180,3766
1,4,8,3,180,3766
0,5,8,3,180,3766
6,1,8,3,180,3766
5,0,8,3,180,3766
5,2,8,3,180,3766
4,0,8,3,180,3766
4,3,8,3,180,3766
3,4,8,3,180,3766
2,5,8,3,180,3766
1,6,8,3,180,3766
8,1,8,3,180,3766
7,0,8,3,180,3766
7,2,8,3,180,3766
6,0,8,3,180,3766
6,3,8,3,180,3766
5,1,8,3,180,3766
5,4,8,3,180,3766
4,2,8,3,180,3766
4,5,8,3,180,3766
3,3,8,3,180,3766
3,6,8,3,180,3766
2,4,8,3,180,3766
2,7,8,3,180,3766
9,1,8,3,180,3766
9,0,8,3,180,3766
9,2,8,3,180,3766
8,0,8,3,180,3766
8,3,8,3,180,3766
7,1,8,3,180,3766
7,4,8,3,180,3766
6,2,8,3,180,3766
6,5,8,3,180,3766
5,3,8,3,180,3766
5,6,8,3,180,3766
4,4,8,3,180,3766
4,7,8,3,180,3766
3,5,8,3,180,3766
3,8,8,3,180,3766
8,2,8,3,180,3766
9,3,8,3,180,3766
9,4,8,3,180,3766
8,5,8,3,180,3766
7,3,8,3,180,3766
7,6,8,3,180,3766
6,4,8,3,180,3766
6,7,8,3,180,3766
5,5,8,3,180,3766
5,8,8,3,180,3766
4,6,8,3,180,3766
4,9,8,3,180,3766
0,5,5,8,181,2127
2,5,5,8,181,2127
1,4,5,8,181,2127
1,6,5,8,181,2127
4,5,5,8,181,2127
3,4,5,8,181,2127
3,6,5,8,181,2127
2,3,5,8,181,2127
2,7,5,8,181,2127
6,5,5,8,181,2127
5,4,5,8,181,2127
5,6,5,8,181,2127
4,3,5,8,181,2127
4,7,5,8,181,2127
3,2,5,8,181,2127
3,8,5,8,181,2127
8,5,5,8,181,2127
7,4,5,8,181,2127
7,6,5,8,181,2127
6,3,5,8,181,2127
6,7,5,8,181,2127
5,2,5,8,181,2127
5,8,5,8,181,2127
4,1,5,8,181,2127
4,9,5,8,181,2127
1,6,5,8,154,1650
3,6,5,8,154,1650
2,5,5,8,154,1650
2,7,5,8,154,1650
5,6,5,8,154,1650
4,5,5,8,154,1650
4,7,5,8,154,1650
3,4,5,8,154,1650
3,8,5,8,154,1650
7,6,5,8,154,1650
6,5,5,8,154,1650
6,7,5,8,154,1650
5,4,5,8,154,1650
5,8,5,8,154,1650
4,3,5,8,154,1650
4,9,5,8,154,1650
0,2,5,0,182,3741
1,2,5,0,182,3741
0,1,5,0,182,3741
0,3,5,0,182,3741
2,2,5,0,182,3741
1,1,5,0,182,3741
1,3,5,0,182,3741
0,0,5,0,182,3741
0,4,5,0,182,3741
3,2,5,0,182,3741
2,1,5,0,182,3741
2,3,5,0,182,3741
1,0,5,0,182,3741
1,4,5,0,182,3741
0,5,5,0,182,3741
4,2,5,0,182,3741
3,1,5,0,182,3741
3,3,5,0,182,3741
2,0,5,0,182,3741
2,4,5,0,182,3741
1,5,5,0,182,3741
0,6,5,0,182,3741
5,2,5,0,182,3741
4,1,5,0,182,3741
4,3,5,0,182,3741
3,0,5,0,182,3741
3,4,5,0,182,3741
2,5,5,0,182,3741
1,6,5,0,182,3741
0,7,5,0,182,3741
7,2,5,0,182,3741
6,1,5,0,182,3741
6,3,5,0,182,3741
5,0,5,0,182,3741
5,4,5,0,182,3741
4,0,5,0,182,3741
4,5,5,0,182,3741
3,6,5,0,182,3741
2,7,5,0,182,3741
1,8,5,0,182,3741
9,2,5,0,182,3741
8,1,5,0,182,3741
8,3,5,0,182,3741
7,0,5,0,182,3741
7,4,5,0,182,3741
6,0,5,0,182,3741
6,5,5,0,182,3741
5,1,5,0,182,3741
5,6,5,0,182,3741
4,7,5,0,182,3741
3,8,5,0,182,3741
2,9,5,0,182,3741
8,2,5,0,182,3741
9,1,5,0,182,3741
9,3,5,0,182,3741
9,0,5,0,182,3741
9,4,5,0,182,3741
8,0,5,0,182,3741
8,5,5,0,182,3741
7,1,5,0,182,3741
7,6,5,0,182,3741
6,2,5,0,182,3741
6,7,5,0,182,3741
5,3,5,0,182,3741
5,8,5,0,182,3741
4,4,5,0,182,3741
4,9,5,0,182,3741
3,5,5,0,182,3741
3,9,5,0,182,3741
0,7,5,8,183,1650
2,7,5,8,183,1650
1,6,5,8,183,1650
1,8,5,8,183,1650
4,7,5,8,183,1650
3,6,5,8,183,1650
3,8,5,8,183,1650
2,5,5,8,183,1650
2,9,5,8,183,1650
6,7,5,8,183,1650
5,6,5,8,183,1650
5,8,5,8,183,1650
4,5,5,8,183,1650
4,9,5,8,183,1650
3,4,5,8,183,1650
3,9,5,8,183,1650
0,1,8,3,184,4432
1,1,8,3,184,4432
0,0,8,3,184,4432
0,2,8,3,184,4432
2,1,8,3,184,4432
1,0,8,3,184,4432
1,2,8,3,184,4432
0,3,8,3,184,4432
3,1,8,3,184,4432
2,0,8,3,184,4432
2,2,8,3,184,4432
1,3,8,3,184,4432
0,4,8,3,184,4432
4,1,8,3,184,4432
3,0,8,3,184,4432
3,2,8,3,184,4432
2,3,8,3,184,4432
1,4,8,3,184,4432
0,5,8,3,184,4432
5,1,8,3,184,4432
4,0,8,3,184,4432
4,2,8,3,184,4432
3,3,8,3,184,4432
2,4,8,3,184,4432
1,5,8,3,184,4432
0,6,8,3,184,4432
6,1,8,3,184,4432
5,0,8,3,184,4432
5,2,8,3,184,4432
4,3,8,3,184,4432
3,4,8,3,184,4432
2,5,8,3,184,4432
1,6,8,3,184,4432
0,7,8,3,184,4432
7,1,8,3,184,4432
6,0,8,3,184,4432
6,2,8,3,184,4432
5,3,8,3,184,4432
4,4,8,3,184,4432
3,5,8,3,184,4432
2,6,8,3,184,4432
1,7,8,3,184,4432
0,8,8,3,184,4432
8,1,8,3,184,4432
7,0,8,3,184,4432
7,2,8,3,184,4432
6,3,8,3,184,4432
5,4,8,3,184,4432
4,5,8,3,184,4432
3,6,8,3,184,4432
2,7,8,3,184,4432
1,8,8,3,184,4432
0,9,8,3,184,4432
9,1,8,3,184,4432
9,0,8,3,184,4432
9,2,8,3,184,4432
8,0,8,3,184,4432
8,3,8,3,184,4432
7,4,8,3,184,4432
6,5,8,3,184,4432
5,6,8,3,184,4432
4,7,8,3,184,4432
3,8,8,3,184,4432
2,9,8,3,184,4432
1,9,8,3,184,4432
8,2,8,3,184,4432
9,3,8,3,184,4432
9,4,8,3,184,4432
8,5,8,3,184,4432
7,3,8,3,184,4432
7,6,8,3,184,4432
6,4,8,3,184,4432
6,7,8,3,184,4432
5,5,8,3,184,4432
5,8,8,3,184,4432
4,6,8,3,184,4432
4,9,8,3,184,4432
3,7,8,3,184,4432
3,9,8,3,184,4432
2,8,8,3,184,4432
0,2,7,0,185,4079
1,2,7,0,185,4079
0,1,7,0,185,4079
0,3,7,0,185,4079
2,2,7,0,185,4079
1,1,7,0,185,4079
1,3,7,0,185,4079
0,0,7,0,185,4079
0,4,7,0,185,4079
3,2,7,0,185,4079
2,1,7,0,185,4079
2,3,7,0,185,4079
1,0,7,0,185,4079
1,4,7,0,185,4079
0,5,7,0,185,4079
4,2,7,0,185,4079
3,1,7,0,185,4079
3,3,7,0,185,4079
2,0,7,0,185,4079
2,4,7,0,185,4079
1,5,7,0,185,4079
0,6,7,0,185,4079
5,2,7,0,185,4079
4,1,7,0,185,4079
4,3,7,0,185,4079
3,0,7,0,185,4079
3,4,7,0,185,4079
2,5,7,0,185,4079
1,6,7,0,185,4079
0,7,7,0,185,4079
6,2,7,0,185,4079
5,1,7,0,185,4079
5,3,7,0,185,4079
4,0,7,0,185,4079
4,4,7,0,185,4079
3,5,7,0,185,4079
2,6,7,0,185,4079
1,7,7,0,185,4079
0,8,7,0,185,4079
7,2,7,0,185,4079
6,1,7,0,185,4079
6,3,7,0,185,4079
5,0,7,0,185,4079
5,4,7,0,185,4079
4,5,7,0,185,4079
3,6,7,0,185,4079
2,7,7,0,185,4079
1,8,7,0,185,4079
0,9,7,0,185,4079
9,2,7,0,185,4079
8,1,7,0,185,4079
8,3,7,0,185,4079
7,0,7,0,185,4079
7,4,7,0,185,4079
6,0,7,0,185,4079
6,5,7,0,185,4079
5,6,7,0,185,4079
4,7,7,0,185,4079
3,8,7,0,185,4079
2,9,7,0,185,4079
1,9,7,0,185,4079
8,2,7,0,185,4079
9,1,7,0,185,4079
9,3,7,0,185,4079
9,0,7,0,185,4079
9,4,7,0,185,4079
8,0,7,0,185,4079
8,5,7,0,185,4079
7,1,7,0,185,4079
7,6,7,0,185,4079
6,7,7,0,185,4079
5,8,7,0,185,4079
4,9,7,0,185,4079
3,9,7,0,185,4079
2,8,7,0,185,4079
0,2,7,2,186,4421
1,2,7,2,186,4421
0,1,7,2,186,4421
0,3,7,2,186,4421
2,2,7,2,186,4421
1,1,7,2,186,4421
1,3,7,2,186,4421
0,0,7,2,186,4421
0,4,7,2,186,4421
3,2,7,2,186,4421
2,1,7,2,186,4421
2,3,7,2,186,4421
1,0,7,2,186,4421
1,4,7,2,186,4421
0,5,7,2,186,4421
4,2,7,2,186,4421
3,1,7,2,186,4421
3,3,7,2,186,4421
2,0,7,2,186,4421
2,4,7,2,186,4421
1,5,7,2,186,4421
0,6,7,2,186,4421
5,2,7,2,186,4421
4,1,7,2,186,4421
4,3,7,2,186,4421
3,0,7,2,186,4421
3,4,7,2,186,4421
2,5,7,2,186,4421
1,6,7,2,186,4421
0,7,7,2,186,4421
6,2,7,2,186,4421
5,1,7,2,186,4421
5,3,7,2,186,4421
4,0,7,2,186,4421
4,4,7,2,186,4421
3,5,7,2,186,4421
2,6,7,2,186,4421
1,7,7,2,186,4421
0,8,7,2,186,4421
7,2,7,2,186,4421
6,1,7,2,186,4421
6,3,7,2,186,4421
5,0,7,2,186,4421
5,4,7,2,186,4421
4,5,7,2,186,4421
3,6,7,2,186,4421
2,7,7,2,186,4421
1,8,7,2,186,4421
0,9,7,2,186,4421
8,2,7,2,186,4421
7,1,7,2,186,4421
7,3,7,2,186,4421
6,0,7,2,186,4421
6,4,7,2,186,4421
5,5,7,2,186,4421
4,6,7,2,186,4421
3,7,7,2,186,4421
2,8,7,2,186,4421
1,9,7,2,186,4421
9,2,7,2,186,4421
8,1,7,2,186,4421
8,3,7,2,186,4421
7,0,7,2,186,4421
7,4,7,2,186,4421
6,5,7,2,186,4421
5,6,7,2,186,4421
4,7,7,2,186,4421
3,8,7,2,186,4421
2,9,7,2,186,4421
9,1,7,2,186,4421
9,3,7,2,186,4421
9,0,7,2,186,4421
9,4,7,2,186,4421
8,0,7,2,186,4421
8,5,7,2,186,4421
7,6,7,2,186,4421
6,7,7,2,186,4421
5,8,7,2,186,4421
4,9,7,2,186,4421
3,9,7,2,186,4421
0,3,7,0,187,4084
1,3,7,0,187,4084
0,2,7,0,187,4084
0,4,7,0,187,4084
2,3,7,0,187,4084
1,2,7,0,187,4084
1,4,7,0,187,4084
0,1,7,0,187,4084
0,5,7,0,187,4084
3,3,7,0,187,4084
2,2,7,0,187,4084
2,4,7,0,187,4084
1,1,7,0,187,4084
1,5,7,0,187,4084
0,0,7,0,187,4084
0,6,7,0,187,4084
4,3,7,0,187,4084
3,2,7,0,187,4084
3,4,7,0,187,4084
2,1,7,0,187,4084
2,5,7,0,187,4084
1,0,7,0,187,4084
1,6,7,0,187,4084
0,7,7,0,187,4084
5,3,7,0,187,4084
4,2,7,0,187,4084
4,4,7,0,187,4084
3,1,7,0,187,4084
3,5,7,0,187,4084
2,0,7,0,187,4084
2,6,7,0,187,4084
1,7,7,0,187,4084
0,8,7,0,187,4084
6,3,7,0,187,4084
5,2,7,0,187,4084
5,4,7,0,187,4084
4,1,7,0,187,4084
4,5,7,0,187,4084
3,0,7,0,187,4084
3,6,7,0,187,4084
2,7,7,0,187,4084
1,8,7,0,187,4084
0,9,7,0,187,4084
7,3,7,0,187,4084
6,2,7,0,187,4084
6,4,7,0,187,4084
5,1,7,0,187,4084
5,5,7,0,187,4084
4,0,7,0,187,4084
4,6,7,0,187,4084
3,7,7,0,187,4084
2,8,7,0,187,4084
1,9,7,0,187,4084
8,3,7,0,187,4084
7,2,7,0,187,4084
7,4,7,0,187,4084
6,1,7,0,187,4084
6,5,7,0,187,4084
5,0,7,0,187,4084
5,6,7,0,187,4084
4,7,7,0,187,4084
3,8,7,0,187,4084
2,9,7,0,187,4084
9,3,7,0,187,4084
9,2,7,0,187,4084
9,4,7,0,187,4084
8,1,7,0,187,4084
8,5,7,0,187,4084
7,0,7,0,187,4084
7,6,7,0,187,4084
6,0,7,0,187,4084
6,7,7,0,187,4084
5,8,7,0,187,4084
4,9,7,0,187,4084
3,9,7,0,187,4084
0,3,7,0,188,4399
1,3,7,0,188,4399
0,2,7,0,188,4399
0,4,7,0,188,4399
2,3,7,0,188,4399
1,2,7,0,188,4399
1,4,7,0,188,4399
0,1,7,0,188,4399
0,5,7,0,188,4399
3,3,7,0,188,4399
2,2,7,0,188,4399
2,4,7,0,188,4399
1,1,7,0,188,4399
1,5,7,0,188,4399
0,0,7,0,188,4399
0,6,7,0,188,4399
4,3,7,0,188,4399
3,2,7,0,188,4399
3,4,7,0,188,4399
2,1,7,0,188,4399
2,5,7,0,188,4399
1,0,7,0,188,4399
1,6,7,0,188,4399
0,7,7,0,188,4399
5,3,7,0,188,4399
4,2,7,0,188,4399
4,4,7,0,188,4399
3,1,7,0,188,4399
3,5,7,0,188,4399
2,0,7,0,188,4399
2,6,7,0,188,4399
1,7,7,0,188,4399
0,8,7,0,188,4399
6,3,7,0,188,4399
5,2,7,0,188,4399
5,4,7,0,188,4399
4,1,7,0,188,4399
4,5,7,0,188,4399
3,0,7,0,188,4399
3,6,7,0,188,4399
2,7,7,0,188,4399
1,8,7,0,188,4399
0,9,7,0,188,4399
7,3,7,0,188,4399
6,2,7,0,188,4399
6,4,7,0,188,4399
5,1,7,0,188,4399
5,5,7,0,188,4399
4,0,7,0,188,4399
4,6,7,0,188,4399
3,7,7,0,188,4399
2,8,7,0,188,4399
1,9,7,0,188,4399
8,3,7,0,188,4399
7,2,7,0,188,4399
7,4,7,0,188,4399
6,1,7,0,188,4399
6,5,7,0,188,4399
5,0,7,0,188,4399
5,6,7,0,188,4399
4,7,7,0,188,4399
3,8,7,0,188,4399
2,9,7,0,188,4399
9,3,7,0,188,4399
8,2,7,0,188,4399
8,4,7,0,188,4399
7,1,7,0,188,4399
7,5,7,0,188,4399
6,0,7,0,188,4399
6,6,7,0,188,4399
5,7,7,0,188,4399
4,8,7,0,188,4399
3,9,7,0,188,4399
9,2,7,0,188,4399
9,4,7,0,188,4399
8,1,7,0,188,4399
8,5,7,0,188,4399
7,0,7,0,188,4399
7,6,7,0,188,4399
6,7,7,0,188,4399
5,8,7,0,188,4399
4,9,7,0,188,4399
0,4,5,0,189,4095
1,4,5,0,189,4095
0,3,5,0,189,4095
0,5,5,0,189,4095
2,4,5,0,189,4095
1,3,5,0,189,4095
1,5,5,0,189,4095
0,2,5,0,189,4095
0,6,5,0,189,4095
3,4,5,0,189,4095
2,3,5,0,189,4095
2,5,5,0,189,4095
1,2,5,0,189,4095
1,6,5,0,189,4095
0,1,5,0,189,4095
0,7,5,0,189,4095
4,4,5,0,189,4095
3,3,5,0,189,4095
3,5,5,0,189,4095
2,2,5,0,189,4095
2,6,5,0,189,4095
1,1,5,0,189,4095
1,7,5,0,189,4095
0,0,5,0,189,4095
0,8,5,0,189,4095
5,4,5,0,189,4095
4,3,5,0,189,4095
4,5,5,0,189,4095
3,2,5,0,189,4095
3,6,5,0,189,4095
2,1,5,0,189,4095
2,7,5,0,189,4095
1,0,5,0,189,4095
1,8,5,0,189,4095
0,9,5,0,189,4095
6,4,5,0,189,4095
5,3,5,0,189,4095
5,5,5,0,189,4095
4,2,5,0,189,4095
4,6,5,0,189,4095
3,1,5,0,189,4095
3,7,5,0,189,4095
2,0,5,0,189,4095
2,8,5,0,189,4095
1,9,5,0,189,4095
7,4,5,0,189,4095
6,3,5,0,189,4095
6,5,5,0,189,4095
5,2,5,0,189,4095
5,6,5,0,189,4095
4,1,5,0,189,4095
4,7,5,0,189,4095
3,0,5,0,189,4095
3,8,5,0,189,4095
2,9,5,0,189,4095
8,4,5,0,189,4095
7,3,5,0,189,4095
7,5,5,0,189,4095
6,2,5,0,189,4095
6,6,5,0,189,4095
5,1,5,0,189,4095
5,7,5,0,189,4095
4,0,5,0,189,4095
4,8,5,0,189,4095
3,9,5,0,189,4095
9,4,5,0,189,4095
8,3,5,0,189,4095
8,5,5,0,189,4095
7,2,5,0,189,4095
7,6,5,0,189,4095
6,1,5,0,189,4095
6,7,5,0,189,4095
5,0,5,0,189,4095
5,8,5,0,189,4095
4,9,5,0,189,4095
7,2,8,3,190,1138
9,2,8,3,190,1138
8,1,8,3,190,1138
8,3,8,3,190,1138
8,2,8,3,190,1138
9,1,8,3,190,1138
9,3,8,3,190,1138
9,0,8,3,190,1138
9,4,8,3,190,1138
6,3,8,5,147,1136
8,3,8,5,147,1136
7,2,8,5,147,1136
7,4,8,5,147,1136
9,3,8,5,147,1136
9,2,8,5,147,1136
9,4,8,5,147,1136
8,1,8,5,147,1136
8,5,8,5,147,1136
7,4,8,5,76,588
9,4,8,5,76,588
8,3,8,5,76,588
8,5,8,5,76,588
5,4,7,6,127,1136
7,4,7,6,127,1136
6,3,7,6,127,1136
6,5,7,6,127,1136
9,4,7,6,127,1136
8,3,7,6,127,1136
8,5,7,6,127,1136
7,2,7,6,127,1136
7,6,7,6,127,1136
6,5,7,6,76,588
8,5,7,6,76,588
7,4,7,6,76,588
7,6,7,6,76,588
4,5,7,6,122,1138
6,5,7,6,122,1138
5,4,7,6,122,1138
5,6,7,6,122,1138
8,5,7,6,122,1138
7,4,7,6,122,1138
7,6,7,6,122,1138
6,3,7,6,122,1138
6,7,7,6,122,1138
4,7,5,8,76,588
6,7,5,8,76,588
5,6,5,8,76,588
5,8,5,8,76,588
2,7,5,8,122,1138
4,7,5,8,122,1138
3,6,5,8,122,1138
3,8,5,8,122,1138
6,7,5,8,122,1138
5,6,5,8,122,1138
5,8,5,8,122,1138
4,5,5,8,122,1138
4,9,5,8,122,1138
3,8,5,8,56,588
5,8,5,8,56,588
4,7,5,8,56,588
4,9,5,8,56,588
9,4,9,4,0,0
8,5,8,5,0,0
7,6,7,6,0,0
6,7,6,7,0,0
5,8,5,8,0,0
4,9,4,9,0,0
0,0,8,6,191,4437
1,0,8,6,191,4437
0,1,8,6,191,4437
2,0,8,6,191,4437
1,1,8,6,191,4437
0,2,8,6,191,4437
3,0,8,6,191,4437
2,1,8,6,191,4437
1,2,8,6,191,4437
0,3,8,6,191,4437
4,0,8,6,191,4437
3,1,8,6,191,4437
2,2,8,6,191,4437
1,3,8,6,191,4437
0,4,8,6,191,4437
5,0,8,6,191,4437
4,1,8,6,191,4437
3,2,8,6,191,4437
2,3,8,6,191,4437
1,4,8,6,191,4437
0,5,8,6,191,4437
6,0,8,6,191,4437
5,1,8,6,191,4437
4,2,8,6,191,4437
3,3,8,6,191,4437
2,4,8,6,191,4437
1,5,8,6,191,4437
0,6,8,6,191,4437
8,0,8,6,191,4437
7,0,8,6,191,4437
7,1,8,6,191,4437
6,1,8,6,191,4437
6,2,8,6,191,4437
5,2,8,6,191,4437
5,3,8,6,191,4437
4,3,8,6,191,4437
4,4,8,6,191,4437
3,4,8,6,191,4437
3,5,8,6,191,4437
2,5,8,6,191,4437
2,6,8,6,191,4437
1,6,8,6,191,4437
1,7,8,6,191,4437
9,0,8,6,191,4437
9,1,8,6,191,4437
8,1,8,6,191,4437
8,2,8,6,191,4437
7,2,8,6,191,4437
7,3,8,6,191,4437
6,3,8,6,191,4437
6,4,8,6,191,4437
5,4,8,6,191,4437
5,5,8,6,191,4437
4,5,8,6,191,4437
4,6,8,6,191,4437
3,6,8,6,191,4437
3,7,8,6,191,4437
2,7,8,6,191,4437
2,8,8,6,191,4437
9,2,8,6,191,4437
9,3,8,6,191,4437
8,3,8,6,191,4437
8,4,8,6,191,4437
7,4,8,6,191,4437
7,5,8,6,191,4437
6,5,8,6,191,4437
6,6,8,6,191,4437
5,6,8,6,191,4437
5,7,8,6,191,4437
4,7,8,6,191,4437
4,8,8,6,191,4437
3,8,8,6,191,4437
3,9,8,6,191,4437
9,4,8,6,191,4437
9,5,8,6,191,4437
8,5,8,6,191,4437
8,6,8,6,191,4437
7,6,8,6,191,4437
7,7,8,6,191,4437
6,7,8,6,191,4437
6,8,8,6,191,4437
5,8,8,6,191,4437
5,9,8,6,191,4437
4,9,8,6,191,4437
0,0,8,6,192,4109
1,0,8,6,192,4109
0,1,8,6,192,4109
2,0,8,6,192,4109
1,1,8,6,192,4109
0,2,8,6,192,4109
3,0,8,6,192,4109
2,1,8,6,192,4109
1,2,8,6,192,4109
0,3,8,6,192,4109
4,0,8,6,192,4109
3,1,8,6,192,4109
2,2,8,6,192,4109
1,3,8,6,192,4109
0,4,8,6,192,4109
6,0,8,6,192,4109
5,0,8,6,192,4109
5,1,8,6,192,4109
4,1,8,6,192,4109
4,2,8,6,192,4109
3,2,8,6,192,4109
3,3,8,6,192,4109
2,3,8,6,192,4109
2,4,8,6,192,4109
1,4,8,6,192,4109
1,5,8,6,192,4109
8,0,8,6,192,4109
7,0,8,6,192,4109
7,1,8,6,192,4109
6,1,8,6,192,4109
6,2,8,6,192,4109
5,2,8,6,192,4109
5,3,8,6,192,4109
4,3,8,6,192,4109
4,4,8,6,192,4109
3,4,8,6,192,4109
3,5,8,6,192,4109
2,5,8,6,192,4109
2,6,8,6,192,4109
9,0,8,6,192,4109
9,1,8,6,192,4109
8,1,8,6,192,4109
8,2,8,6,192,4109
7,2,8,6,192,4109
7,3,8,6,192,4109
6,3,8,6,192,4109
6,4,8,6,192,4109
5,4,8,6,192,4109
5,5,8,6,192,4109
4,5,8,6,192,4109
4,6,8,6,192,4109
3,6,8,6,192,4109
3,7,8,6,192,4109
9,2,8,6,192,4109
9,3,8,6,192,4109
8,3,8,6,192,4109
8,4,8,6,192,4109
7,4,8,6,192,4109
7,5,8,6,192,4109
6,5,8,6,192,4109
6,6,8,6,192,4109
5,6,8,6,192,4109
5,7,8,6,192,4109
4,7,8,6,192,4109
4,8,8,6,192,4109
9,4,8,6,192,4109
9,5,8,6,192,4109
8,5,8,6,192,4109
8,6,8,6,192,4109
7,6,8,6,192,4109
7,7,8,6,192,4109
6,7,8,6,192,4109
6,8,8,6,192,4109
5,8,8,6,192,4109
5,9,8,6,192,4109
0,0,8,6,193,3758
1,0,8,6,193,3758
0,1,8,6,193,3758
2,0,8,6,193,3758
1,1,8,6,193,3758
0,2,8,6,193,3758
4,0,8,6,193,3758
3,0,8,6,193,3758
3,1,8,6,193,3758
2,1,8,6,193,3758
2,2,8,6,193,3758
1,2,8,6,193,3758
1,3,8,6,193,3758
6,0,8,6,193,3758
5,0,8,6,193,3758
5,1,8,6,193,3758
4,1,8,6,193,3758
4,2,8,6,193,3758
3,2,8,6,193,3758
3,3,8,6,193,3758
2,3,8,6,193,3758
2,4,8,6,193,3758
8,0,8,6,193,3758
7,0,8,6,193,3758
7,1,8,6,193,3758
6,1,8,6,193,3758
6,2,8,6,193,3758
5,2,8,6,193,3758
5,3,8,6,193,3758
4,3,8,6,193,3758
4,4,8,6,193,3758
3,4,8,6,193,3758
3,5,8,6,193,3758
9,0,8,6,193,3758
9,1,8,6,193,3758
8,1,8,6,193,3758
8,2,8,6,193,3758
7,2,8,6,193,3758
7,3,8,6,193,3758
6,3,8,6,193,3758
6,4,8,6,193,3758
5,4,8,6,193,3758
5,5,8,6,193,3758
4,5,8,6,193,3758
4,6,8,6,193,3758
9,2,8,6,193,3758
9,3,8,6,193,3758
8,3,8,6,193,3758
8,4,8,6,193,3758
7,4,8,6,193,3758
7,5,8,6,193,3758
6,5,8,6,193,3758
6,6,8,6,193,3758
5,6,8,6,193,3758
5,7,8,6,193,3758
9,4,8,6,193,3758
9,5,8,6,193,3758
8,5,8,6,193,3758
8,6,8,6,193,3758
7,6,8,6,193,3758
7,7,8,6,193,3758
6,7,8,6,193,3758
6,8,8,6,193,3758
0,0,8,6,194,3381
2,0,8,6,194,3381
1,0,8,6,194,3381
1,1,8,6,194,3381
4,0,8,6,194,3381
3,0,8,6,194,3381
3,1,8,6,194,3381
2,1,8,6,194,3381
2,2,8,6,194,3381
6,0,8,6,194,3381
5,0,8,6,194,3381
5,1,8,6,194,3381
4,1,8,6,194,3381
4,2,8,6,194,3381
3,2,8,6,194,3381
3,3,8,6,194,3381
8,0,8,6,194,3381
7,0,8,6,194,3381
7,1,8,6,194,3381
6,1,8,6,194,3381
6,2,8,6,194,3381
5,2,8,6,194,3381
5,3,8,6,194,3381
4,3,8,6,194,3381
4,4,8,6,194,3381
9,0,8,6,194,3381
9,1,8,6,194,3381
8,1,8,6,194,3381
8,2,8,6,194,3381
7,2,8,6,194,3381
7,3,8,6,194,3381
6,3,8,6,194,3381
6,4,8,6,194,3381
5,4,8,6,194,3381
5,5,8,6,194,3381
9,2,8,6,194,3381
9,3,8,6,194,3381
8,3,8,6,194,3381
8,4,8,6,194,3381
7,4,8,6,194,3381
7,5,8,6,194,3381
6,5,8,6,194,3381
6,6,8,6,194,3381
9,4,8,6,194,3381
9,5,8,6,194,3381
8,5,8,6,194,3381
8,6,8,6,194,3381
7,6,8,6,194,3381
7,7,8,6,194,3381
2,0,8,4,195,3001
4,0,8,4,195,3001
3,0,8,4,195,3001
3,1,8,4,195,3001
6,0,8,4,195,3001
5,0,8,4,195,3001
5,1,8,4,195,3001
4,1,8,4,195,3001
4,2,8,4,195,3001
8,0,8,4,195,3001
7,0,8,4,195,3001
7,1,8,4,195,3001
6,1,8,4,195,3001
6,2,8,4,195,3001
5,2,8,4,195,3001
5,3,8,4,195,3001
9,0,8,4,195,3001
9,1,8,4,195,3001
8,1,8,4,195,3001
8,2,8,4,195,3001
7,2,8,4,195,3001
7,3,8,4,195,3001
6,3,8,4,195,3001
6,4,8,4,195,3001
9,2,8,4,195,3001
9,3,8,4,195,3001
8,3,8,4,195,3001
8,4,8,4,195,3001
7,4,8,4,195,3001
7,5,8,4,195,3001
9,4,8,4,195,3001
9,5,8,4,195,3001
8,5,8,4,195,3001
8,6,8,4,195,3001
4,0,8,2,196,2580
6,0,8,2,196,2580
5,0,8,2,196,2580
5,1,8,2,196,2580
8,0,8,2,196,2580
7,0,8,2,196,2580
7,1,8,2,196,2580
6,1,8,2,196,2580
6,2,8,2,196,2580
9,0,8,2,196,2580
9,1,8,2,196,2580
8,1,8,2,196,2580
8,2,8,2,196,2580
7,2,8,2,196,2580
7,3,8,2,196,2580
9,2,8,2,196,2580
9,3,8,2,196,2580
8,3,8,2,196,2580
8,4,8,2,196,2580
9,4,8,2,196,2580
9,5,8,2,196,2580
3,1,8,6,197,2565
5,1,8,6,197,2565
4,0,8,6,197,2565
4,2,8,6,197,2565
7,1,8,6,197,2565
6,0,8,6,197,2565
6,2,8,6,197,2565
5,0,8,6,197,2565
5,3,8,6,197,2565
9,1,8,6,197,2565
8,0,8,6,197,2565
8,2,8,6,197,2565
7,0,8,6,197,2565
7,3,8,6,197,2565
6,1,8,6,197,2565
6,4,8,6,197,2565
8,1,8,6,197,2565
9,0,8,6,197,2565
9,2,8,6,197,2565
9,3,8,6,197,2565
8,4,8,6,197,2565
7,2,8,6,197,2565
7,5,8,6,197,2565
8,3,8,6,197,2565
9,4,8,6,197,2565
9,5,8,6,197,2565
8,6,8,6,197,2565
4,2,8,6,198,2122
6,2,8,6,198,2122
5,1,8,6,198,2122
5,3,8,6,198,2122
8,2,8,6,198,2122
7,1,8,6,198,2122
7,3,8,6,198,2122
6,0,8,6,198,2122
6,4,8,6,198,2122
9,2,8,6,198,2122
9,1,8,6,198,2122
9,3,8,6,198,2122
8,0,8,6,198,2122
8,4,8,6,198,2122
7,0,8,6,198,2122
7,5,8,6,198,2122
7,2,8,6,198,2122
8,1,8,6,198,2122
8,3,8,6,198,2122
9,0,8,6,198,2122
9,4,8,6,198,2122
9,5,8,6,198,2122
8,6,8,6,198,2122
1,1,8,6,199,2986
3,1,8,6,199,2986
2,0,8,6,199,2986
2,2,8,6,199,2986
5,1,8,6,199,2986
4,0,8,6,199,2986
4,2,8,6,199,2986
3,0,8,6,199,2986
3,3,8,6,199,2986
7,1,8,6,199,2986
6,0,8,6,199,2986
6,2,8,6,199,2986
5,0,8,6,199,2986
5,3,8,6,199,2986
4,1,8,6,199,2986
4,4,8,6,199,2986
9,1,8,6,199,2986
8,0,8,6,199,2986
8,2,8,6,199,2986
7,0,8,6,199,2986
7,3,8,6,199,2986
6,1,8,6,199,2986
6,4,8,6,199,2986
5,2,8,6,199,2986
5,5,8,6,199,2986
8,1,8,6,199,2986
9,0,8,6,199,2986
9,2,8,6,199,2986
9,3,8,6,199,2986
8,4,8,6,199,2986
7,2,8,6,199,2986
7,5,8,6,199,2986
6,3,8,6,199,2986
6,6,8,6,199,2986
8,3,8,6,199,2986
9,4,8,6,199,2986
9,5,8,6,199,2986
8,6,8,6,199,2986
7,4,8,6,199,2986
7,7,8,6,199,2986
2,2,8,6,200,2571
4,2,8,6,200,2571
3,1,8,6,200,2571
3,3,8,6,200,2571
6,2,8,6,200,2571
5,1,8,6,200,2571
5,3,8,6,200,2571
4,0,8,6,200,2571
4,4,8,6,200,2571
8,2,8,6,200,2571
7,1,8,6,200,2571
7,3,8,6,200,2571
6,0,8,6,200,2571
6,4,8,6,200,2571
5,0,8,6,200,2571
5,5,8,6,200,2571
9,2,8,6,200,2571
9,1,8,6,200,2571
9,3,8,6,200,2571
8,0,8,6,200,2571
8,4,8,6,200,2571
7,0,8,6,200,2571
7,5,8,6,200,2571
6,1,8,6,200,2571
6,6,8,6,200,2571
7,2,8,6,200,2571
8,1,8,6,200,2571
8,3,8,6,200,2571
9,0,8,6,200,2571
9,4,8,6,200,2571
9,5,8,6,200,2571
8,6,8,6,200,2571
7,7,8,6,200,2571
3,3,8,6,201,2127
5,3,8,6,201,2127
4,2,8,6,201,2127
4,4,8,6,201,2127
7,3,8,6,201,2127
6,2,8,6,201,2127
6,4,8,6,201,2127
5,1,8,6,201,2127
5,5,8,6,201,2127
9,3,8,6,201,2127
8,2,8,6,201,2127
8,4,8,6,201,2127
7,1,8,6,201,2127
7,5,8,6,201,2127
6,0,8,6,201,2127
6,6,8,6,201,2127
8,3,8,6,201,2127
9,2,8,6,201,2127
9,4,8,6,201,2127
9,1,8,6,201,2127
9,5,8,6,201,2127
8,0,8,6,201,2127
8,6,8,6,201,2127
7,0,8,6,201,2127
7,7,8,6,201,2127
0,1,8,6,202,3379
1,1,8,6,202,3379
0,0,8,6,202,3379
0,2,8,6,202,3379
3,1,8,6,202,3379
2,0,8,6,202,3379
2,2,8,6,202,3379
1,0,8,6,202,3379
1,3,8,6,202,3379
5,1,8,6,202,3379
4,0,8,6,202,3379
4,2,8,6,202,3379
3,0,8,6,202,3379
3,3,8,6,202,3379
2,1,8,6,202,3379
2,4,8,6,202,3379
7,1,8,6,202,3379
6,0,8,6,202,3379
6,2,8,6,202,3379
5,0,8,6,202,3379
5,3,8,6,202,3379
4,1,8,6,202,3379
4,4,8,6,202,3379
3,2,8,6,202,3379
3,5,8,6,202,3379
9,1,8,6,202,3379
8,0,8,6,202,3379
8,2,8,6,202,3379
7,0,8,6,202,3379
7,3,8,6,202,3379
6,1,8,6,202,3379
6,4,8,6,202,3379
5,2,8,6,202,3379
5,5,8,6,202,3379
4,3,8,6,202,3379
4,6,8,6,202,3379
8,1,8,6,202,3379
9,0,8,6,202,3379
9,2,8,6,202,3379
9,3,8,6,202,3379
8,4,8,6,202,3379
7,2,8,6,202,3379
7,5,8,6,202,3379
6,3,8,6,202,3379
6,6,8,6,202,3379
5,4,8,6,202,3379
5,7,8,6,202,3379
8,3,8,6,202,3379
9,4,8,6,202,3379
9,5,8,6,202,3379
8,6,8,6,202,3379
7,4,8,6,202,3379
7,7,8,6,202,3379
6,5,8,6,202,3379
6,8,8,6,202,3379
0,1,8,4,203,3763
1,1,8,4,203,3763
0,0,8,4,203,3763
0,2,8,4,203,3763
2,1,8,4,203,3763
1,0,8,4,203,3763
1,2,8,4,203,3763
0,3,8,4,203,3763
3,1,8,4,203,3763
2,0,8,4,203,3763
2,2,8,4,203,3763
1,3,8,4,203,3763
0,4,8,4,203,3763
5,1,8,4,203,3763
4,0,8,4,203,3763
4,2,8,4,203,3763
3,0,8,4,203,3763
3,3,8,4,203,3763
2,4,8,4,203,3763
1,5,8,4,203,3763
7,1,8,4,203,3763
6,0,8,4,203,3763
6,2,8,4,203,3763
5,0,8,4,203,3763
5,3,8,4,203,3763
4,1,8,4,203,3763
4,4,8,4,203,3763
3,2,8,4,203,3763
3,5,8,4,203,3763
2,3,8,4,203,3763
2,6,8,4,203,3763
9,1,8,4,203,3763
8,0,8,4,203,3763
8,2,8,4,203,3763
7,0,8,4,203,3763
7,3,8,4,203,3763
6,1,8,4,203,3763
6,4,8,4,203,3763
5,2,8,4,203,3763
5,5,8,4,203,3763
4,3,8,4,203,3763
4,6,8,4,203,3763
3,4,8,4,203,3763
3,7,8,4,203,3763
8,1,8,4,203,3763
9,0,8,4,203,3763
9,2,8,4,203,3763
9,3,8,4,203,3763
8,4,8,4,203,3763
7,2,8,4,203,3763
7,5,8,4,203,3763
6,3,8,4,203,3763
6,6,8,4,203,3763
5,4,8,4,203,3763
5,7,8,4,203,3763
4,5,8,4,203,3763
4,8,8,4,203,3763
8,3,8,4,203,3763
9,4,8,4,203,3763
9,5,8,4,203,3763
8,6,8,4,203,3763
7,4,8,4,203,3763
7,7,8,4,203,3763
6,5,8,4,203,3763
6,8,8,4,203,3763
5,6,8,4,203,3763
5,9,8,4,203,3763
0,2,8,2,204,3392
1,2,8,2,204,3392
0,1,8,2,204,3392
0,3,8,2,204,3392
2,2,8,2,204,3392
1,1,8,2,204,3392
1,3,8,2,204,3392
0,0,8,2,204,3392
0,4,8,2,204,3392
4,2,8,2,204,3392
3,1,8,2,204,3392
3,3,8,2,204,3392
2,0,8,2,204,3392
2,4,8,2,204,3392
1,0,8,2,204,3392
1,5,8,2,204,3392
6,2,8,2,204,3392
5,1,8,2,204,3392
5,3,8,2,204,3392
4,0,8,2,204,3392
4,4,8,2,204,3392
3,0,8,2,204,3392
3,5,8,2,204,3392
2,1,8,2,204,3392
2,6,8,2,204,3392
8,2,8,2,204,3392
7,1,8,2,204,3392
7,3,8,2,204,3392
6,0,8,2,204,3392
6,4,8,2,204,3392
5,0,8,2,204,3392
5,5,8,2,204,3392
4,1,8,2,204,3392
4,6,8,2,204,3392
3,2,8,2,204,3392
3,7,8,2,204,3392
9,2,8,2,204,3392
9,1,8,2,204,3392
9,3,8,2,204,3392
8,0,8,2,204,3392
8,4,8,2,204,3392
7,0,8,2,204,3392
7,5,8,2,204,3392
6,1,8,2,204,3392
6,6,8,2,204,3392
5,2,8,2,204,3392
5,7,8,2,204,3392
4,3,8,2,204,3392
4,8,8,2,204,3392
7,2,8,2,204,3392
8,1,8,2,204,3392
8,3,8,2,204,3392
9,0,8,2,204,3392
9,4,8,2,204,3392
9,5,8,2,204,3392
8,6,8,2,204,3392
7,7,8,2,204,3392
6,3,8,2,204,3392
6,8,8,2,204,3392
5,4,8,2,204,3392
5,9,8,2,204,3392
0,1,8,4,205,4110
1,1,8,4,205,4110
0,0,8,4,205,4110
0,2,8,4,205,4110
2,1,8,4,205,4110
1,0,8,4,205,4110
1,2,8,4,205,4110
0,3,8,4,205,4110
3,1,8,4,205,4110
2,0,8,4,205,4110
2,2,8,4,205,4110
1,3,8,4,205,4110
0,4,8,4,205,4110
4,1,8,4,205,4110
3,0,8,4,205,4110
3,2,8,4,205,4110
2,3,8,4,205,4110
1,4,8,4,205,4110
0,5,8,4,205,4110
5,1,8,4,205,4110
4,0,8,4,205,4110
4,2,8,4,205,4110
3,3,8,4,205,4110
2,4,8,4,205,4110
1,5,8,4,205,4110
0,6,8,4,205,4110
7,1,8,4,205,4110
6,0,8,4,205,4110
6,2,8,4,205,4110
5,0,8,4,205,4110
5,3,8,4,205,4110
4,4,8,4,205,4110
3,5,8,4,205,4110
2,6,8,4,205,4110
1,7,8,4,205,4110
9,1,8,4,205,4110
8,0,8,4,205,4110
8,2,8,4,205,4110
7,0,8,4,205,4110
7,3,8,4,205,4110
6,1,8,4,205,4110
6,4,8,4,205,4110
5,2,8,4,205,4110
5,5,8,4,205,4110
4,3,8,4,205,4110
4,6,8,4,205,4110
3,4,8,4,205,4110
3,7,8,4,205,4110
2,5,8,4,205,4110
2,8,8,4,205,4110
8,1,8,4,205,4110
9,0,8,4,205,4110
9,2,8,4,205,4110
9,3,8,4,205,4110
8,4,8,4,205,4110
7,2,8,4,205,4110
7,5,8,4,205,4110
6,3,8,4,205,4110
6,6,8,4,205,4110
5,4,8,4,205,4110
5,7,8,4,205,4110
4,5,8,4,205,4110
4,8,8,4,205,4110
3,6,8,4,205,4110
3,9,8,4,205,4110
8,3,8,4,205,4110
9,4,8,4,205,4110
9,5,8,4,205,4110
8,6,8,4,205,4110
7,4,8,4,205,4110
7,7,8,4,205,4110
6,5,8,4,205,4110
6,8,8,4,205,4110
5,6,8,4,205,4110
5,9,8,4,205,4110
4,7,8,4,205,4110
4,9,8,4,205,4110
0,5,6,8,206,2574
1,5,6,8,206,2574
0,4,6,8,206,2574
0,6,6,8,206,2574
3,5,6,8,206,2574
2,4,6,8,206,2574
2,6,6,8,206,2574
1,3,6,8,206,2574
1,7,6,8,206,2574
5,5,6,8,206,2574
4,4,6,8,206,2574
4,6,6,8,206,2574
3,3,6,8,206,2574
3,7,6,8,206,2574
2,2,6,8,206,2574
2,8,6,8,206,2574
7,5,6,8,206,2574
6,4,6,8,206,2574
6,6,6,8,206,2574
5,3,6,8,206,2574
5,7,6,8,206,2574
4,2,6,8,206,2574
4,8,6,8,206,2574
3,1,6,8,206,2574
3,9,6,8,206,2574
9,5,6,8,206,2574
8,4,6,8,206,2574
8,6,6,8,206,2574
7,3,6,8,206,2574
7,7,6,8,206,2574
6,2,6,8,206,2574
6,8,6,8,206,2574
5,1,6,8,206,2574
5,9,6,8,206,2574
4,0,6,8,206,2574
4,9,6,8,206,2574
0,6,6,8,207,2128
2,6,6,8,207,2128
1,5,6,8,207,2128
1,7,6,8,207,2128
4,6,6,8,207,2128
3,5,6,8,207,2128
3,7,6,8,207,2128
2,4,6,8,207,2128
2,8,6,8,207,2128
6,6,6,8,207,2128
5,5,6,8,207,2128
5,7,6,8,207,2128
4,4,6,8,207,2128
4,8,6,8,207,2128
3,3,6,8,207,2128
3,9,6,8,207,2128
8,6,6,8,207,2128
7,5,6,8,207,2128
7,7,6,8,207,2128
6,4,6,8,207,2128
6,8,6,8,207,2128
5,3,6,8,207,2128
5,9,6,8,207,2128
4,2,6,8,207,2128
4,9,6,8,207,2128
0,2,6,0,208,4079
1,2,6,0,208,4079
0,1,6,0,208,4079
0,3,6,0,208,4079
2,2,6,0,208,4079
1,1,6,0,208,4079
1,3,6,0,208,4079
0,0,6,0,208,4079
0,4,6,0,208,4079
3,2,6,0,208,4079
2,1,6,0,208,4079
2,3,6,0,208,4079
1,0,6,0,208,4079
1,4,6,0,208,4079
0,5,6,0,208,4079
4,2,6,0,208,4079
3,1,6,0,208,4079
3,3,6,0,208,4079
2,0,6,0,208,4079
2,4,6,0,208,4079
1,5,6,0,208,4079
0,6,6,0,208,4079
5,2,6,0,208,4079
4,1,6,0,208,4079
4,3,6,0,208,4079
3,0,6,0,208,4079
3,4,6,0,208,4079
2,5,6,0,208,4079
1,6,6,0,208,4079
0,7,6,0,208,4079
6,2,6,0,208,4079
5,1,6,0,208,4079
5,3,6,0,208,4079
4,0,6,0,208,4079
4,4,6,0,208,4079
3,5,6,0,208,4079
2,6,6,0,208,4079
1,7,6,0,208,4079
0,8,6,0,208,4079
8,2,6,0,208,4079
7,1,6,0,208,4079
7,3,6,0,208,4079
6,0,6,0,208,4079
6,4,6,0,208,4079
5,0,6,0,208,4079
5,5,6,0,208,4079
4,6,6,0,208,4079
3,7,6,0,208,4079
2,8,6,0,208,4079
1,9,6,0,208,4079
9,2,6,0,208,4079
9,1,6,0,208,4079
9,3,6,0,208,4079
8,0,6,0,208,4079
8,4,6,0,208,4079
7,0,6,0,208,4079
7,5,6,0,208,4079
6,1,6,0,208,4079
6,6,6,0,208,4079
5,7,6,0,208,4079
4,8,6,0,208,4079
3,9,6,0,208,4079
2,9,6,0,208,4079
7,2,6,0,208,4079
8,1,6,0,208,4079
8,3,6,0,208,4079
9,0,6,0,208,4079
9,4,6,0,208,4079
9,5,6,0,208,4079
8,6,6,0,208,4079
7,7,6,0,208,4079
6,3,6,0,208,4079
6,8,6,0,208,4079
5,4,6,0,208,4079
5,9,6,0,208,4079
4,5,6,0,208,4079
4,9,6,0,208,4079
3,6,6,0,208,4079
3,8,6,0,208,4079
0,7,6,8,209,2127
1,7,6,8,209,2127
0,6,6,8,209,2127
0,8,6,8,209,2127
3,7,6,8,209,2127
2,6,6,8,209,2127
2,8,6,8,209,2127
1,5,6,8,209,2127
1,9,6,8,209,2127
5,7,6,8,209,2127
4,6,6,8,209,2127
4,8,6,8,209,2127
3,5,6,8,209,2127
3,9,6,8,209,2127
2,4,6,8,209,2127
2,9,6,8,209,2127
7,7,6,8,209,2127
6,6,6,8,209,2127
6,8,6,8,209,2127
5,5,6,8,209,2127
5,9,6,8,209,2127
4,4,6,8,209,2127
4,9,6,8,209,2127
3,3,6,8,209,2127
3,8,6,8,209,2127
0,2,7,1,210,4409
1,2,7,1,210,4409
0,1,7,1,210,4409
0,3,7,1,210,4409
2,2,7,1,210,4409
1,1,7,1,210,4409
1,3,7,1,210,4409
0,0,7,1,210,4409
0,4,7,1,210,4409
3,2,7,1,210,4409
2,1,7,1,210,4409
2,3,7,1,210,4409
1,0,7,1,210,4409
1,4,7,1,210,4409
0,5,7,1,210,4409
4,2,7,1,210,4409
3,1,7,1,210,4409
3,3,7,1,210,4409
2,0,7,1,210,4409
2,4,7,1,210,4409
1,5,7,1,210,4409
0,6,7,1,210,4409
5,2,7,1,210,4409
4,1,7,1,210,4409
4,3,7,1,210,4409
3,0,7,1,210,4409
3,4,7,1,210,4409
2,5,7,1,210,4409
1,6,7,1,210,4409
0,7,7,1,210,4409
6,2,7,1,210,4409
5,1,7,1,210,4409
5,3,7,1,210,4409
4,0,7,1,210,4409
4,4,7,1,210,4409
3,5,7,1,210,4409
2,6,7,1,210,4409
1,7,7,1,210,4409
0,8,7,1,210,4409
7,2,7,1,210,4409
6,1,7,1,210,4409
6,3,7,1,210,4409
5,0,7,1,210,4409
5,4,7,1,210,4409
4,5,7,1,210,4409
3,6,7,1,210,4409
2,7,7,1,210,4409
1,8,7,1,210,4409
0,9,7,1,210,4409
8,2,7,1,210,4409
7,1,7,1,210,4409
7,3,7,1,210,4409
6,0,7,1,210,4409
6,4,7,1,210,4409
5,5,7,1,210,4409
4,6,7,1,210,4409
3,7,7,1,210,4409
2,8,7,1,210,4409
1,9,7,1,210,4409
9,2,7,1,210,4409
9,1,7,1,210,4409
9,3,7,1,210,4409
8,0,7,1,210,4409
8,4,7,1,210,4409
7,0,7,1,210,4409
7,5,7,1,210,4409
6,6,7,1,210,4409
5,7,7,1,210,4409
4,8,7,1,210,4409
3,9,7,1,210,4409
2,9,7,1,210,4409
8,1,7,1,210,4409
8,3,7,1,210,4409
9,0,7,1,210,4409
9,4,7,1,210,4409
9,5,7,1,210,4409
8,6,7,1,210,4409
7,7,7,1,210,4409
6,8,7,1,210,4409
5,9,7,1,210,4409
4,9,7,1,210,4409
3,8,7,1,210,4409
0,3,7,1,211,4411
1,3,7,1,211,4411
0,2,7,1,211,4411
0,4,7,1,211,4411
2,3,7,1,211,4411
1,2,7,1,211,4411
1,4,7,1,211,4411
0,1,7,1,211,4411
0,5,7,1,211,4411
3,3,7,1,211,4411
2,2,7,1,211,4411
2,4,7,1,211,4411
1,1,7,1,211,4411
1,5,7,1,211,4411
0,0,7,1,211,4411
0,6,7,1,211,4411
4,3,7,1,211,4411
3,2,7,1,211,4411
3,4,7,1,211,4411
2,1,7,1,211,4411
2,5,7,1,211,4411
1,0,7,1,211,4411
1,6,7,1,211,4411
0,7,7,1,211,4411
5,3,7,1,211,4411
4,2,7,1,211,4411
4,4,7,1,211,4411
3,1,7,1,211,4411
3,5,7,1,211,4411
2,0,7,1,211,4411
2,6,7,1,211,4411
1,7,7,1,211,4411
0,8,7,1,211,4411
6,3,7,1,211,4411
5,2,7,1,211,4411
5,4,7,1,211,4411
4,1,7,1,211,4411
4,5,7,1,211,4411
3,0,7,1,211,4411
3,6,7,1,211,4411
2,7,7,1,211,4411
1,8,7,1,211,4411
0,9,7,1,211,4411
7,3,7,1,211,4411
6,2,7,1,211,4411
6,4,7,1,211,4411
5,1,7,1,211,4411
5,5,7,1,211,4411
4,0,7,1,211,4411
4,6,7,1,211,4411
3,7,7,1,211,4411
2,8,7,1,211,4411
1,9,7,1,211,4411
8,3,7,1,211,4411
7,2,7,1,211,4411
7,4,7,1,211,4411
6,1,7,1,211,4411
6,5,7,1,211,4411
5,0,7,1,211,4411
5,6,7,1,211,4411
4,7,7,1,211,4411
3,8,7,1,211,4411
2,9,7,1,211,4411
9,3,7,1,211,4411
8,2,7,1,211,4411
8,4,7,1,211,4411
7,1,7,1,211,4411
7,5,7,1,211,4411
6,0,7,1,211,4411
6,6,7,1,211,4411
5,7,7,1,211,4411
4,8,7,1,211,4411
3,9,7,1,211,4411
9,2,7,1,211,4411
9,4,7,1,211,4411
9,1,7,1,211,4411
9,5,7,1,211,4411
8,0,7,1,211,4411
8,6,7,1,211,4411
7,0,7,1,211,4411
7,7,7,1,211,4411
6,8,7,1,211,4411
5,9,7,1,211,4411
4,9,7,1,211,4411
0,3,7,1,212,4708
1,3,7,1,212,4708
0,2,7,1,212,4708
0,4,7,1,212,4708
2,3,7,1,212,4708
1,2,7,1,212,4708
1,4,7,1,212,4708
0,1,7,1,212,4708
0,5,7,1,212,4708
3,3,7,1,212,4708
2,2,7,1,212,4708
2,4,7,1,212,4708
1,1,7,1,212,4708
1,5,7,1,212,4708
0,0,7,1,212,4708
0,6,7,1,212,4708
4,3,7,1,212,4708
3,2,7,1,212,4708
3,4,7,1,212,4708
2,1,7,1,212,4708
2,5,7,1,212,4708
1,0,7,1,212,4708
1,6,7,1,212,4708
0,7,7,1,212,4708
5,3,7,1,212,4708
4,2,7,1,212,4708
4,4,7,1,212,4708
3,1,7,1,212,4708
3,5,7,1,212,4708
2,0,7,1,212,4708
2,6,7,1,212,4708
1,7,7,1,212,4708
0,8,7,1,212,4708
6,3,7,1,212,4708
5,2,7,1,212,4708
5,4,7,1,212,4708
4,1,7,1,212,4708
4,5,7,1,212,4708
3,0,7,1,212,4708
3,6,7,1,212,4708
2,7,7,1,212,4708
1,8,7,1,212,4708
0,9,7,1,212,4708
7,3,7,1,212,4708
6,2,7,1,212,4708
6,4,7,1,212,4708
5,1,7,1,212,4708
5,5,7,1,212,4708
4,0,7,1,212,4708
4,6,7,1,212,4708
3,7,7,1,212,4708
2,8,7,1,212,4708
1,9,7,1,212,4708
8,3,7,1,212,4708
7,2,7,1,212,4708
7,4,7,1,212,4708
6,1,7,1,212,4708
6,5,7,1,212,4708
5,0,7,1,212,4708
5,6,7,1,212,4708
4,7,7,1,212,4708
3,8,7,1,212,4708
2,9,7,1,212,4708
9,3,7,1,212,4708
8,2,7,1,212,4708
8,4,7,1,212,4708
7,1,7,1,212,4708
7,5,7,1,212,4708
6,0,7,1,212,4708
6,6,7,1,212,4708
5,7,7,1,212,4708
4,8,7,1,212,4708
3,9,7,1,212,4708
9,2,7,1,212,4708
9,4,7,1,212,4708
8,1,7,1,212,4708
8,5,7,1,212,4708
7,0,7,1,212,4708
7,6,7,1,212,4708
6,7,7,1,212,4708
5,8,7,1,212,4708
4,9,7,1,212,4708
9,1,7,1,212,4708
9,5,7,1,212,4708
8,0,7,1,212,4708
8,6,7,1,212,4708
7,7,7,1,212,4708
6,8,7,1,212,4708
5,9,7,1,212,4708
0,4,6,0,213,4413
1,4,6,0,213,4413
0,3,6,0,213,4413
0,5,6,0,213,4413
2,4,6,0,213,4413
1,3,6,0,213,4413
1,5,6,0,213,4413
0,2,6,0,213,4413
0,6,6,0,213,4413
3,4,6,0,213,4413
2,3,6,0,213,4413
2,5,6,0,213,4413
1,2,6,0,213,4413
1,6,6,0,213,4413
0,1,6,0,213,4413
0,7,6,0,213,4413
4,4,6,0,213,4413
3,3,6,0,213,4413
3,5,6,0,213,4413
2,2,6,0,213,4413
2,6,6,0,213,4413
1,1,6,0,213,4413
1,7,6,0,213,4413
0,0,6,0,213,4413
0,8,6,0,213,4413
5,4,6,0,213,4413
4,3,6,0,213,4413
4,5,6,0,213,4413
3,2,6,0,213,4413
3,6,6,0,213,4413
2,1,6,0,213,4413
2,7,6,0,213,4413
1,0,6,0,213,4413
1,8,6,0,213,4413
0,9,6,0,213,4413
6,4,6,0,213,4413
5,3,6,0,213,4413
5,5,6,0,213,4413
4,2,6,0,213,4413
4,6,6,0,213,4413
3,1,6,0,213,4413
3,7,6,0,213,4413
2,0,6,0,213,4413
2,8,6,0,213,4413
1,9,6,0,213,4413
7,4,6,0,213,4413
6,3,6,0,213,4413
6,5,6,0,213,4413
5,2,6,0,213,4413
5,6,6,0,213,4413
4,1,6,0,213,4413
4,7,6,0,213,4413
3,0,6,0,213,4413
3,8,6,0,213,4413
2,9,6,0,213,4413
8,4,6,0,213,4413
7,3,6,0,213,4413
7,5,6,0,213,4413
6,2,6,0,213,4413
6,6,6,0,213,4413
5,1,6,0,213,4413
5,7,6,0,213,4413
4,0,6,0,213,4413
4,8,6,0,213,4413
3,9,6,0,213,4413
9,4,6,0,213,4413
8,3,6,0,213,4413
8,5,6,0,213,4413
7,2,6,0,213,4413
7,6,6,0,213,4413
6,1,6,0,213,4413
6,7,6,0,213,4413
5,0,6,0,213,4413
5,8,6,0,213,4413
4,9,6,0,213,4413
9,3,6,0,213,4413
9,5,6,0,213,4413
8,2,6,0,213,4413
8,6,6,0,213,4413
7,1,6,0,213,4413
7,7,6,0,213,4413
6,0,6,0,213,4413
6,8,6,0,213,4413
5,9,6,0,213,4413
6,2,8,4,214,1650
8,2,8,4,214,1650
7,1,8,4,214,1650
7,3,8,4,214,1650
9,2,8,4,214,1650
9,1,8,4,214,1650
9,3,8,4,214,1650
8,0,8,4,214,1650
8,4,8,4,214,1650
7,2,8,4,214,1650
8,1,8,4,214,1650
8,3,8,4,214,1650
9,0,8,4,214,1650
9,4,8,4,214,1650
9,5,8,4,214,1650
5,3,8,6,215,1646
7,3,8,6,215,1646
6,2,8,6,215,1646
6,4,8,6,215,1646
9,3,8,6,215,1646
8,2,8,6,215,1646
8,4,8,6,215,1646
7,1,8,6,215,1646
7,5,8,6,215,1646
8,3,8,6,215,1646
9,2,8,6,215,1646
9,4,8,6,215,1646
9,1,8,6,215,1646
9,5,8,6,215,1646
8,0,8,6,215,1646
8,6,8,6,215,1646
6,4,8,6,147,1136
8,4,8,6,147,1136
7,3,8,6,147,1136
7,5,8,6,147,1136
9,4,8,6,147,1136
9,3,8,6,147,1136
9,5,8,6,147,1136
8,2,8,6,147,1136
8,6,8,6,147,1136
4,4,8,6,216,1650
6,4,8,6,216,1650
5,3,8,6,216,1650
5,5,8,6,216,1650
8,4,8,6,216,1650
7,3,8,6,216,1650
7,5,8,6,216,1650
6,2,8,6,216,1650
6,6,8,6,216,1650
9,4,8,6,216,1650
9,3,8,6,216,1650
9,5,8,6,216,1650
8,2,8,6,216,1650
8,6,8,6,216,1650
7,1,8,6,216,1650
7,7,8,6,216,1650
5,5,8,6,122,1138
7,5,8,6,122,1138
6,4,8,6,122,1138
6,6,8,6,122,1138
9,5,8,6,122,1138
8,4,8,6,122,1138
8,6,8,6,122,1138
7,3,8,6,122,1138
7,7,8,6,122,1138
3,5,8,6,217,1650
5,5,8,6,217,1650
4,4,8,6,217,1650
4,6,8,6,217,1650
7,5,8,6,217,1650
6,4,8,6,217,1650
6,6,8,6,217,1650
5,3,8,6,217,1650
5,7,8,6,217,1650
9,5,8,6,217,1650
8,4,8,6,217,1650
8,6,8,6,217,1650
7,3,8,6,217,1650
7,7,8,6,217,1650
6,2,8,6,217,1650
6,8,8,6,217,1650
3,7,6,8,122,1138
5,7,6,8,122,1138
4,6,6,8,122,1138
4,8,6,8,122,1138
7,7,6,8,122,1138
6,6,6,8,122,1138
6,8,6,8,122,1138
5,5,6,8,122,1138
5,9,6,8,122,1138
1,7,6,8,183,1650
3,7,6,8,183,1650
2,6,6,8,183,1650
2,8,6,8,183,1650
5,7,6,8,183,1650
4,6,6,8,183,1650
4,8,6,8,183,1650
3,5,6,8,183,1650
3,9,6,8,183,1650
7,7,6,8,183,1650
6,6,6,8,183,1650
6,8,6,8,183,1650
5,5,6,8,183,1650
5,9,6,8,183,1650
4,4,6,8,183,1650
4,9,6,8,183,1650
2,8,6,8,218,1136
4,8,6,8,218,1136
3,7,6,8,218,1136
3,9,6,8,218,1136
6,8,6,8,218,1136
5,7,6,8,218,1136
5,9,6,8,218,1136
4,6,6,8,218,1136
4,9,6,8,218,1136
8,4,8,4,164,588
9,4,8,4,164,588
9,3,8,4,164,588
9,5,8,4,164,588
7,5,8,6,76,588
9,5,8,6,76,588
8,4,8,6,76,588
8,6,8,6,76,588
6,6,8,6,56,588
8,6,8,6,56,588
7,5,8,6,56,588
7,7,8,6,56,588
5,7,6,8,76,588
7,7,6,8,76,588
6,6,6,8,76,588
6,8,6,8,76,588
4,8,6,8,56,588
6,8,6,8,56,588
5,7,6,8,56,588
5,9,6,8,56,588
9,5,9,5,0,0
8,6,8,6,0,0
7,7,7,7,0,0
6,8,6,8,0,0
5,9,5,9,0,0
0,0,9,6,219,4421
1,0,9,6,219,4421
0,1,9,6,219,4421
2,0,9,6,219,4421
1,1,9,6,219,4421
0,2,9,6,219,4421
3,0,9,6,219,4421
2,1,9,6,219,4421
1,2,9,6,219,4421
0,3,9,6,219,4421
4,0,9,6,219,4421
3,1,9,6,219,4421
2,2,9,6,219,4421
1,3,9,6,219,4421
0,4,9,6,219,4421
5,0,9,6,219,4421
4,1,9,6,219,4421
3,2,9,6,219,4421
2,3,9,6,219,4421
1,4,9,6,219,4421
0,5,9,6,219,4421
7,0,9,6,219,4421
6,0,9,6,219,4421
6,1,9,6,219,4421
5,1,9,6,219,4421
5,2,9,6,219,4421
4,2,9,6,219,4421
4,3,9,6,219,4421
3,3,9,6,219,4421
3,4,9,6,219,4421
2,4,9,6,219,4421
2,5,9,6,219,4421
1,5,9,6,219,4421
1,6,9,6,219,4421
9,0,9,6,219,4421
8,0,9,6,219,4421
8,1,9,6,219,4421
7,1,9,6,219,4421
7,2,9,6,219,4421
6,2,9,6,219,4421
6,3,9,6,219,4421
5,3,9,6,219,4421
5,4,9,6,219,4421
4,4,9,6,219,4421
4,5,9,6,219,4421
3,5,9,6,219,4421
3,6,9,6,219,4421
2,6,9,6,219,4421
2,7,9,6,219,4421
9,1,9,6,219,4421
9,2,9,6,219,4421
8,2,9,6,219,4421
8,3,9,6,219,4421
7,3,9,6,219,4421
7,4,9,6,219,4421
6,4,9,6,219,4421
6,5,9,6,219,4421
5,5,9,6,219,4421
5,6,9,6,219,4421
4,6,9,6,219,4421
4,7,9,6,219,4421
3,7,9,6,219,4421
3,8,9,6,219,4421
9,3,9,6,219,4421
9,4,9,6,219,4421
8,4,9,6,219,4421
8,5,9,6,219,4421
7,5,9,6,219,4421
7,6,9,6,219,4421
6,6,9,6,219,4421
6,7,9,6,219,4421
5,7,9,6,219,4421
5,8,9,6,219,4421
4,8,9,6,219,4421
4,9,9,6,219,4421
9,5,9,6,219,4421
9,6,9,6,219,4421
8,6,9,6,219,4421
8,7,9,6,219,4421
7,7,9,6,219,4421
7,8,9,6,219,4421
6,8,9,6,219,4421
6,9,9,6,219,4421
5,9,9,6,219,4421
0,0,9,6,220,4092
1,0,9,6,220,4092
0,1,9,6,220,4092
2,0,9,6,220,4092
1,1,9,6,220,4092
0,2,9,6,220,4092
3,0,9,6,220,4092
2,1,9,6,220,4092
1,2,9,6,220,4092
0,3,9,6,220,4092
5,0,9,6,220,4092
4,0,9,6,220,4092
4,1,9,6,220,4092
3,1,9,6,220,4092
3,2,9,6,220,4092
2,2,9,6,220,4092
2,3,9,6,220,4092
1,3,9,6,220,4092
1,4,9,6,220,4092
7,0,9,6,220,4092
6,0,9,6,220,4092
6,1,9,6,220,4092
5,1,9,6,220,4092
5,2,9,6,220,4092
4,2,9,6,220,4092
4,3,9,6,220,4092
3,3,9,6,220,4092
3,4,9,6,220,4092
2,4,9,6,220,4092
2,5,9,6,220,4092
9,0,9,6,220,4092
8,0,9,6,220,4092
8,1,9,6,220,4092
7,1,9,6,220,4092
7,2,9,6,220,4092
6,2,9,6,220,4092
6,3,9,6,220,4092
5,3,9,6,220,4092
5,4,9,6,220,4092
4,4,9,6,220,4092
4,5,9,6,220,4092
3,5,9,6,220,4092
3,6,9,6,220,4092
9,1,9,6,220,4092
9,2,9,6,220,4092
8,2,9,6,220,4092
8,3,9,6,220,4092
7,3,9,6,220,4092
7,4,9,6,220,4092
6,4,9,6,220,4092
6,5,9,6,220,4092
5,5,9,6,220,4092
5,6,9,6,220,4092
4,6,9,6,220,4092
4,7,9,6,220,4092
9,3,9,6,220,4092
9,4,9,6,220,4092
8,4,9,6,220,4092
8,5,9,6,220,4092
7,5,9,6,220,4092
7,6,9,6,220,4092
6,6,9,6,220,4092
6,7,9,6,220,4092
5,7,9,6,220,4092
5,8,9,6,220,4092
9,5,9,6,220,4092
9,6,9,6,220,4092
8,6,9,6,220,4092
8,7,9,6,220,4092
7,7,9,6,220,4092
7,8,9,6,220,4092
6,8,9,6,220,4092
6,9,9,6,220,4092
0,0,9,6,221,3739
1,0,9,6,221,3739
0,1,9,6,221,3739
3,0,9,6,221,3739
2,0,9,6,221,3739
2,1,9,6,221,3739
1,1,9,6,221,3739
1,2,9,6,221,3739
5,0,9,6,221,3739
4,0,9,6,221,3739
4,1,9,6,221,3739
3,1,9,6,221,3739
3,2,9,6,221,3739
2,2,9,6,221,3739
2,3,9,6,221,3739
7,0,9,6,221,3739
6,0,9,6,221,3739
6,1,9,6,221,3739
5,1,9,6,221,3739
5,2,9,6,221,3739
4,2,9,6,221,3739
4,3,9,6,221,3739
3,3,9,6,221,3739
3,4,9,6,221,3739
9,0,9,6,221,3739
8,0,9,6,221,3739
8,1,9,6,221,3739
7,1,9,6,221,3739
7,2,9,6,221,3739
6,2,9,6,221,3739
6,3,9,6,221,3739
5,3,9,6,221,3739
5,4,9,6,221,3739
4,4,9,6,221,3739
4,5,9,6,221,3739
9,1,9,6,221,3739
9,2,9,6,221,3739
8,2,9,6,221,3739
8,3,9,6,221,3739
7,3,9,6,221,3739
7,4,9,6,221,3739
6,4,9,6,221,3739
6,5,9,6,221,3739
5,5,9,6,221,3739
5,6,9,6,221,3739
9,3,9,6,221,3739
9,4,9,6,221,3739
8,4,9,6,221,3739
8,5,9,6,221,3739
7,5,9,6,221,3739
7,6,9,6,221,3739
6,6,9,6,221,3739
6,7,9,6,221,3739
9,5,9,6,221,3739
9,6,9,6,221,3739
8,6,9,6,221,3739
8,7,9,6,221,3739
7,7,9,6,221,3739
7,8,9,6,221,3739
1,0,8,5,222,3391
3,0,8,5,222,3391
2,0,8,5,222,3391
2,1,8,5,222,3391
5,0,8,5,222,3391
4,0,8,5,222,3391
4,1,8,5,222,3391
3,1,8,5,222,3391
3,2,8,5,222,3391
7,0,8,5,222,3391
6,0,8,5,222,3391
6,1,8,5,222,3391
5,1,8,5,222,3391
5,2,8,5,222,3391
4,2,8,5,222,3391
4,3,8,5,222,3391
9,0,8,5,222,3391
8,0,8,5,222,3391
8,1,8,5,222,3391
7,1,8,5,222,3391
7,2,8,5,222,3391
6,2,8,5,222,3391
6,3,8,5,222,3391
5,3,8,5,222,3391
5,4,8,5,222,3391
9,1,8,5,222,3391
9,2,8,5,222,3391
8,2,8,5,222,3391
8,3,8,5,222,3391
7,3,8,5,222,3391
7,4,8,5,222,3391
6,4,8,5,222,3391
6,5,8,5,222,3391
9,3,8,5,222,3391
9,4,8,5,222,3391
8,4,8,5,222,3391
8,5,8,5,222,3391
7,5,8,5,222,3391
7,6,8,5,222,3391
9,5,8,5,222,3391
9,6,8,5,222,3391
8,6,8,5,222,3391
8,7,8,5,222,3391
3,0,8,3,223,3002
5,0,8,3,223,3002
4,0,8,3,223,3002
4,1,8,3,223,3002
7,0,8,3,223,3002
6,0,8,3,223,3002
6,1,8,3,223,3002
5,1,8,3,223,3002
5,2,8,3,223,3002
9,0,8,3,223,3002
8,0,8,3,223,3002
8,1,8,3,223,3002
7,1,8,3,223,3002
7,2,8,3,223,3002
6,2,8,3,223,3002
6,3,8,3,223,3002
9,1,8,3,223,3002
9,2,8,3,223,3002
8,2,8,3,223,3002
8,3,8,3,223,3002
7,3,8,3,223,3002
7,4,8,3,223,3002
9,3,8,3,223,3002
9,4,8,3,223,3002
8,4,8,3,223,3002
8,5,8,3,223,3002
9,5,8,3,223,3002
9,6,8,3,223,3002
2,1,9,6,224,2985
4,1,9,6,224,2985
3,0,9,6,224,2985
3,2,9,6,224,2985
6,1,9,6,224,2985
5,0,9,6,224,2985
5,2,9,6,224,2985
4,0,9,6,224,2985
4,3,9,6,224,2985
8,1,9,6,224,2985
7,0,9,6,224,2985
7,2,9,6,224,2985
6,0,9,6,224,2985
6,3,9,6,224,2985
5,1,9,6,224,2985
5,4,9,6,224,2985
9,1,9,6,224,2985
9,0,9,6,224,2985
9,2,9,6,224,2985
8,0,9,6,224,2985
8,3,9,6,224,2985
7,1,9,6,224,2985
7,4,9,6,224,2985
6,2,9,6,224,2985
6,5,9,6,224,2985
8,2,9,6,224,2985
9,3,9,6,224,2985
9,4,9,6,224,2985
8,5,9,6,224,2985
7,3,9,6,224,2985
7,6,9,6,224,2985
8,4,9,6,224,2985
9,5,9,6,224,2985
9,6,9,6,224,2985
8,7,9,6,224,2985
3,2,9,6,225,2571
5,2,9,6,225,2571
4,1,9,6,225,2571
4,3,9,6,225,2571
7,2,9,6,225,2571
6,1,9,6,225,2571
6,3,9,6,225,2571
5,0,9,6,225,2571
5,4,9,6,225,2571
9,2,9,6,225,2571
8,1,9,6,225,2571
8,3,9,6,225,2571
7,0,9,6,225,2571
7,4,9,6,225,2571
6,0,9,6,225,2571
6,5,9,6,225,2571
8,2,9,6,225,2571
9,1,9,6,225,2571
9,3,9,6,225,2571
9,0,9,6,225,2571
9,4,9,6,225,2571
8,0,9,6,225,2571
8,5,9,6,225,2571
7,1,9,6,225,2571
7,6,9,6,225,2571
6,2,9,6,225,2571
7,3,9,6,225,2571
8,4,9,6,225,2571
9,5,9,6,225,2571
9,6,9,6,225,2571
8,7,9,6,225,2571
0,1,9,6,226,3378
2,1,9,6,226,3378
1,0,9,6,226,3378
1,2,9,6,226,3378
4,1,9,6,226,3378
3,0,9,6,226,3378
3,2,9,6,226,3378
2,0,9,6,226,3378
2,3,9,6,226,3378
6,1,9,6,226,3378
5,0,9,6,226,3378
5,2,9,6,226,3378
4,0,9,6,226,3378
4,3,9,6,226,3378
3,1,9,6,226,3378
3,4,9,6,226,3378
8,1,9,6,226,3378
7,0,9,6,226,3378
7,2,9,6,226,3378
6,0,9,6,226,3378
6,3,9,6,226,3378
5,1,9,6,226,3378
5,4,9,6,226,3378
4,2,9,6,226,3378
4,5,9,6,226,3378
9,1,9,6,226,3378
9,0,9,6,226,3378
9,2,9,6,226,3378
8,0,9,6,226,3378
8,3,9,6,226,3378
7,1,9,6,226,3378
7,4,9,6,226,3378
6,2,9,6,226,3378
6,5,9,6,226,3378
5,3,9,6,226,3378
5,6,9,6,226,3378
8,2,9,6,226,3378
9,3,9,6,226,3378
9,4,9,6,226,3378
8,5,9,6,226,3378
7,3,9,6,226,3378
7,6,9,6,226,3378
6,4,9,6,226,3378
6,7,9,6,226,3378
8,4,9,6,226,3378
9,5,9,6,226,3378
9,6,9,6,226,3378
8,7,9,6,226,3378
7,5,9,6,226,3378
7,8,9,6,226,3378
1,2,9,6,227,2990
3,2,9,6,227,2990
2,1,9,6,227,2990
2,3,9,6,227,2990
5,2,9,6,227,2990
4,1,9,6,227,2990
4,3,9,6,227,2990
3,0,9,6,227,2990
3,4,9,6,227,2990
7,2,9,6,227,2990
6,1,9,6,227,2990
6,3,9,6,227,2990
5,0,9,6,227,2990
5,4,9,6,227,2990
4,0,9,6,227,2990
4,5,9,6,227,2990
9,2,9,6,227,2990
8,1,9,6,227,2990
8,3,9,6,227,2990
7,0,9,6,227,2990
7,4,9,6,227,2990
6,0,9,6,227,2990
6,5,9,6,227,2990
5,1,9,6,227,2990
5,6,9,6,227,2990
8,2,9,6,227,2990
9,1,9,6,227,2990
9,3,9,6,227,2990
9,0,9,6,227,2990
9,4,9,6,227,2990
8,0,9,6,227,2990
8,5,9,6,227,2990
7,1,9,6,227,2990
7,6,9,6,227,2990
6,2,9,6,227,2990
6,7,9,6,227,2990
7,3,9,6,227,2990
8,4,9,6,227,2990
9,5,9,6,227,2990
9,6,9,6,227,2990
8,7,9,6,227,2990
7,8,9,6,227,2990
2,3,9,6,228,2574
4,3,9,6,228,2574
3,2,9,6,228,2574
3,4,9,6,228,2574
6,3,9,6,228,2574
5,2,9,6,228,2574
5,4,9,6,228,2574
4,1,9,6,228,2574
4,5,9,6,228,2574
8,3,9,6,228,2574
7,2,9,6,228,2574
7,4,9,6,228,2574
6,1,9,6,228,2574
6,5,9,6,228,2574
5,0,9,6,228,2574
5,6,9,6,228,2574
9,3,9,6,228,2574
9,2,9,6,228,2574
9,4,9,6,228,2574
8,1,9,6,228,2574
8,5,9,6,228,2574
7,0,9,6,228,2574
7,6,9,6,228,2574
6,0,9,6,228,2574
6,7,9,6,228,2574
7,3,9,6,228,2574
8,2,9,6,228,2574
8,4,9,6,228,2574
9,1,9,6,228,2574
9,5,9,6,228,2574
9,0,9,6,228,2574
9,6,9,6,228,2574
8,0,9,6,228,2574
8,7,9,6,228,2574
7,1,9,6,228,2574
7,8,9,6,228,2574
0,1,9,6,229,3744
1,1,9,6,229,3744
0,0,9,6,229,3744
0,2,9,6,229,3744
2,1,9,6,229,3744
1,0,9,6,229,3744
1,2,9,6,229,3744
0,3,9,6,229,3744
4,1,9,6,229,3744
3,0,9,6,229,3744
3,2,9,6,229,3744
2,0,9,6,229,3744
2,3,9,6,229,3744
1,4,9,6,229,3744
6,1,9,6,229,3744
5,0,9,6,229,3744
5,2,9,6,229,3744
4,0,9,6,229,3744
4,3,9,6,229,3744
3,1,9,6,229,3744
3,4,9,6,229,3744
2,2,9,6,229,3744
2,5,9,6,229,3744
8,1,9,6,229,3744
7,0,9,6,229,3744
7,2,9,6,229,3744
6,0,9,6,229,3744
6,3,9,6,229,3744
5,1,9,6,229,3744
5,4,9,6,229,3744
4,2,9,6,229,3744
4,5,9,6,229,3744
3,3,9,6,229,3744
3,6,9,6,229,3744
9,1,9,6,229,3744
9,0,9,6,229,3744
9,2,9,6,229,3744
8,0,9,6,229,3744
8,3,9,6,229,3744
7,1,9,6,229,3744
7,4,9,6,229,3744
6,2,9,6,229,3744
6,5,9,6,229,3744
5,3,9,6,229,3744
5,6,9,6,229,3744
4,4,9,6,229,3744
4,7,9,6,229,3744
8,2,9,6,229,3744
9,3,9,6,229,3744
9,4,9,6,229,3744
8,5,9,6,229,3744
7,3,9,6,229,3744
7,6,9,6,229,3744
6,4,9,6,229,3744
6,7,9,6,229,3744
5,5,9,6,229,3744
5,8,9,6,229,3744
8,4,9,6,229,3744
9,5,9,6,229,3744
9,6,9,6,229,3744
8,7,9,6,229,3744
7,5,9,6,229,3744
7,8,9,6,229,3744
6,6,9,6,229,3744
6,9,9,6,229,3744
0,1,8,5,230,4105
1,1,8,5,230,4105
0,0,8,5,230,4105
0,2,8,5,230,4105
2,1,8,5,230,4105
1,0,8,5,230,4105
1,2,8,5,230,4105
0,3,8,5,230,4105
3,1,8,5,230,4105
2,0,8,5,230,4105
2,2,8,5,230,4105
1,3,8,5,230,4105
0,4,8,5,230,4105
4,1,8,5,230,4105
3,0,8,5,230,4105
3,2,8,5,230,4105
2,3,8,5,230,4105
1,4,8,5,230,4105
0,5,8,5,230,4105
6,1,8,5,230,4105
5,0,8,5,230,4105
5,2,8,5,230,4105
4,0,8,5,230,4105
4,3,8,5,230,4105
3,4,8,5,230,4105
2,5,8,5,230,4105
1,6,8,5,230,4105
8,1,8,5,230,4105
7,0,8,5,230,4105
7,2,8,5,230,4105
6,0,8,5,230,4105
6,3,8,5,230,4105
5,1,8,5,230,4105
5,4,8,5,230,4105
4,2,8,5,230,4105
4,5,8,5,230,4105
3,3,8,5,230,4105
3,6,8,5,230,4105
2,4,8,5,230,4105
2,7,8,5,230,4105
9,1,8,5,230,4105
9,0,8,5,230,4105
9,2,8,5,230,4105
8,0,8,5,230,4105
8,3,8,5,230,4105
7,1,8,5,230,4105
7,4,8,5,230,4105
6,2,8,5,230,4105
6,5,8,5,230,4105
5,3,8,5,230,4105
5,6,8,5,230,4105
4,4,8,5,230,4105
4,7,8,5,230,4105
3,5,8,5,230,4105
3,8,8,5,230,4105
8,2,8,5,230,4105
9,3,8,5,230,4105
9,4,8,5,230,4105
8,5,8,5,230,4105
7,3,8,5,230,4105
7,6,8,5,230,4105
6,4,8,5,230,4105
6,7,8,5,230,4105
5,5,8,5,230,4105
5,8,8,5,230,4105
4,6,8,5,230,4105
4,9,8,5,230,4105
8,4,8,5,230,4105
9,5,8,5,230,4105
9,6,8,5,230,4105
8,7,8,5,230,4105
7,5,8,5,230,4105
7,8,8,5,230,4105
6,6,8,5,230,4105
6,9,8,5,230,4105
5,7,8,5,230,4105
5,9,8,5,230,4105
0,2,8,3,231,3759
1,2,8,3,231,3759
0,1,8,3,231,3759
0,3,8,3,231,3759
2,2,8,3,231,3759
1,1,8,3,231,3759
1,3,8,3,231,3759
0,0,8,3,231,3759
0,4,8,3,231,3759
3,2,8,3,231,3759
2,1,8,3,231,3759
2,3,8,3,231,3759
1,0,8,3,231,3759
1,4,8,3,231,3759
0,5,8,3,231,3759
5,2,8,3,231,3759
4,1,8,3,231,3759
4,3,8,3,231,3759
3,0,8,3,231,3759
3,4,8,3,231,3759
2,0,8,3,231,3759
2,5,8,3,231,3759
1,6,8,3,231,3759
7,2,8,3,231,3759
6,1,8,3,231,3759
6,3,8,3,231,3759
5,0,8,3,231,3759
5,4,8,3,231,3759
4,0,8,3,231,3759
4,5,8,3,231,3759
3,1,8,3,231,3759
3,6,8,3,231,3759
2,7,8,3,231,3759
9,2,8,3,231,3759
8,1,8,3,231,3759
8,3,8,3,231,3759
7,0,8,3,231,3759
7,4,8,3,231,3759
6,0,8,3,231,3759
6,5,8,3,231,3759
5,1,8,3,231,3759
5,6,8,3,231,3759
4,2,8,3,231,3759
4,7,8,3,231,3759
3,3,8,3,231,3759
3,8,8,3,231,3759
8,2,8,3,231,3759
9,1,8,3,231,3759
9,3,8,3,231,3759
9,0,8,3,231,3759
9,4,8,3,231,3759
8,0,8,3,231,3759
8,5,8,3,231,3759
7,1,8,3,231,3759
7,6,8,3,231,3759
6,2,8,3,231,3759
6,7,8,3,231,3759
5,3,8,3,231,3759
5,8,8,3,231,3759
4,4,8,3,231,3759
4,9,8,3,231,3759
7,3,8,3,231,3759
8,4,8,3,231,3759
9,5,8,3,231,3759
9,6,8,3,231,3759
8,7,8,3,231,3759
7,8,8,3,231,3759
6,4,8,3,231,3759
6,9,8,3,231,3759
5,5,8,3,231,3759
5,9,8,3,231,3759
0,1,8,5,232,4432
1,1,8,5,232,4432
0,0,8,5,232,4432
0,2,8,5,232,4432
2,1,8,5,232,4432
1,0,8,5,232,4432
1,2,8,5,232,4432
0,3,8,5,232,4432
3,1,8,5,232,4432
2,0,8,5,232,4432
2,2,8,5,232,4432
1,3,8,5,232,4432
0,4,8,5,232,4432
4,1,8,5,232,4432
3,0,8,5,232,4432
3,2,8,5,232,4432
2,3,8,5,232,4432
1,4,8,5,232,4432
0,5,8,5,232,4432
5,1,8,5,232,4432
4,0,8,5,232,4432
4,2,8,5,232,4432
3,3,8,5,232,4432
2,4,8,5,232,4432
1,5,8,5,232,4432
0,6,8,5,232,4432
6,1,8,5,232,4432
5,0,8,5,232,4432
5,2,8,5,232,4432
4,3,8,5,232,4432
3,4,8,5,232,4432
2,5,8,5,232,4432
1,6,8,5,232,4432
0,7,8,5,232,4432
8,1,8,5,232,4432
7,0,8,5,232,4432
7,2,8,5,232,4432
6,0,8,5,232,4432
6,3,8,5,232,4432
5,4,8,5,232,4432
4,5,8,5,232,4432
3,6,8,5,232,4432
2,7,8,5,232,4432
1,8,8,5,232,4432
9,1,8,5,232,4432
9,0,8,5,232,4432
9,2,8,5,232,4432
8,0,8,5,232,4432
8,3,8,5,232,4432
7,1,8,5,232,4432
7,4,8,5,232,4432
6,2,8,5,232,4432
6,5,8,5,232,4432
5,3,8,5,232,4432
5,6,8,5,232,4432
4,4,8,5,232,4432
4,7,8,5,232,4432
3,5,8,5,232,4432
3,8,8,5,232,4432
2,6,8,5,232,4432
2,9,8,5,232,4432
8,2,8,5,232,4432
9,3,8,5,232,4432
9,4,8,5,232,4432
8,5,8,5,232,4432
7,3,8,5,232,4432
7,6,8,5,232,4432
6,4,8,5,232,4432
6,7,8,5,232,4432
5,5,8,5,232,4432
5,8,8,5,232,4432
4,6,8,5,232,4432
4,9,8,5,232,4432
3,7,8,5,232,4432
3,9,8,5,232,4432
8,4,8,5,232,4432
9,5,8,5,232,4432
9,6,8,5,232,4432
8,7,8,5,232,4432
7,5,8,5,232,4432
7,8,8,5,232,4432
6,6,8,5,232,4432
6,9,8,5,232,4432
5,7,8,5,232,4432
5,9,8,5,232,4432
4,8,8,5,232,4432
0,5,6,9,233,2990
1,5,6,9,233,2990
0,4,6,9,233,2990
0,6,6,9,233,2990
2,5,6,9,233,2990
1,4,6,9,233,2990
1,6,6,9,233,2990
0,3,6,9,233,2990
0,7,6,9,233,2990
4,5,6,9,233,2990
3,4,6,9,233,2990
3,6,6,9,233,2990
2,3,6,9,233,2990
2,7,6,9,233,2990
1,2,6,9,233,2990
1,8,6,9,233,2990
6,5,6,9,233,2990
5,4,6,9,233,2990
5,6,6,9,233,2990
4,3,6,9,233,2990
4,7,6,9,233,2990
3,2,6,9,233,2990
3,8,6,9,233,2990
2,1,6,9,233,2990
2,9,6,9,233,2990
8,5,6,9,233,2990
7,4,6,9,233,2990
7,6,6,9,233,2990
6,3,6,9,233,2990
6,7,6,9,233,2990
5,2,6,9,233,2990
5,8,6,9,233,2990
4,1,6,9,233,2990
4,9,6,9,233,2990
3,0,6,9,233,2990
3,9,6,9,233,2990
9,5,6,9,233,2990
9,4,6,9,233,2990
9,6,6,9,233,2990
8,3,6,9,233,2990
8,7,6,9,233,2990
7,2,6,9,233,2990
7,8,6,9,233,2990
6,1,6,9,233,2990
6,9,6,9,233,2990
5,0,6,9,233,2990
5,9,6,9,233,2990
4,0,6,9,233,2990
4,8,6,9,233,2990
0,6,6,9,234,2574
1,6,6,9,234,2574
0,5,6,9,234,2574
0,7,6,9,234,2574
3,6,6,9,234,2574
2,5,6,9,234,2574
2,7,6,9,234,2574
1,4,6,9,234,2574
1,8,6,9,234,2574
5,6,6,9,234,2574
4,5,6,9,234,2574
4,7,6,9,234,2574
3,4,6,9,234,2574
3,8,6,9,234,2574
2,3,6,9,234,2574
2,9,6,9,234,2574
7,6,6,9,234,2574
6,5,6,9,234,2574
6,7,6,9,234,2574
5,4,6,9,234,2574
5,8,6,9,234,2574
4,3,6,9,234,2574
4,9,6,9,234,2574
3,2,6,9,234,2574
3,9,6,9,234,2574
9,6,6,9,234,2574
8,5,6,9,234,2574
8,7,6,9,234,2574
7,4,6,9,234,2574
7,8,6,9,234,2574
6,3,6,9,234,2574
6,9,6,9,234,2574
5,2,6,9,234,2574
5,9,6,9,234,2574
4,1,6,9,234,2574
4,8,6,9,234,2574
0,2,7,0,235,4394
1,2,7,0,235,4394
0,1,7,0,235,4394
0,3,7,0,235,4394
2,2,7,0,235,4394
1,1,7,0,235,4394
1,3,7,0,235,4394
0,0,7,0,235,4394
0,4,7,0,235,4394
3,2,7,0,235,4394
2,1,7,0,235,4394
2,3,7,0,235,4394
1,0,7,0,235,4394
1,4,7,0,235,4394
0,5,7,0,235,4394
4,2,7,0,235,4394
3,1,7,0,235,4394
3,3,7,0,235,4394
2,0,7,0,235,4394
2,4,7,0,235,4394
1,5,7,0,235,4394
0,6,7,0,235,4394
5,2,7,0,235,4394
4,1,7,0,235,4394
4,3,7,0,235,4394
3,0,7,0,235,4394
3,4,7,0,235,4394
2,5,7,0,235,4394
1,6,7,0,235,4394
0,7,7,0,235,4394
6,2,7,0,235,4394
5,1,7,0,235,4394
5,3,7,0,235,4394
4,0,7,0,235,4394
4,4,7,0,235,4394
3,5,7,0,235,4394
2,6,7,0,235,4394
1,7,7,0,235,4394
0,8,7,0,235,4394
7,2,7,0,235,4394
6,1,7,0,235,4394
6,3,7,0,235,4394
5,0,7,0,235,4394
5,4,7,0,235,4394
4,5,7,0,235,4394
3,6,7,0,235,4394
2,7,7,0,235,4394
1,8,7,0,235,4394
0,9,7,0,235,4394
9,2,7,0,235,4394
8,1,7,0,235,4394
8,3,7,0,235,4394
7,0,7,0,235,4394
7,4,7,0,235,4394
6,0,7,0,235,4394
6,5,7,0,235,4394
5,6,7,0,235,4394
4,7,7,0,235,4394
3,8,7,0,235,4394
2,9,7,0,235,4394
1,9,7,0,235,4394
8,2,7,0,235,4394
9,1,7,0,235,4394
9,3,7,0,235,4394
9,0,7,0,235,4394
9,4,7,0,235,4394
8,0,7,0,235,4394
8,5,7,0,235,4394
7,1,7,0,235,4394
7,6,7,0,235,4394
6,7,7,0,235,4394
5,8,7,0,235,4394
4,9,7,0,235,4394
3,9,7,0,235,4394
2,8,7,0,235,4394
7,3,7,0,235,4394
8,4,7,0,235,4394
9,5,7,0,235,4394
9,6,7,0,235,4394
8,7,7,0,235,4394
7,8,7,0,235,4394
6,4,7,0,235,4394
6,9,7,0,235,4394
5,5,7,0,235,4394
5,9,7,0,235,4394
4,6,7,0,235,4394
4,8,7,0,235,4394
3,7,7,0,235,4394
0,7,6,9,236,2574
1,7,6,9,236,2574
0,6,6,9,236,2574
0,8,6,9,236,2574
2,7,6,9,236,2574
1,6,6,9,236,2574
1,8,6,9,236,2574
0,5,6,9,236,2574
0,9,6,9,236,2574
4,7,6,9,236,2574
3,6,6,9,236,2574
3,8,6,9,236,2574
2,5,6,9,236,2574
2,9,6,9,236,2574
1,4,6,9,236,2574
1,9,6,9,236,2574
6,7,6,9,236,2574
5,6,6,9,236,2574
5,8,6,9,236,2574
4,5,6,9,236,2574
4,9,6,9,236,2574
3,4,6,9,236,2574
3,9,6,9,236,2574
2,3,6,9,236,2574
2,8,6,9,236,2574
8,7,6,9,236,2574
7,6,6,9,236,2574
7,8,6,9,236,2574
6,5,6,9,236,2574
6,9,6,9,236,2574
5,4,6,9,236,2574
5,9,6,9,236,2574
4,3,6,9,236,2574
4,8,6,9,236,2574
3,2,6,9,236,2574
3,7,6,9,236,2574
0,2,7,2,237,4719
1,2,7,2,237,4719
0,1,7,2,237,4719
0,3,7,2,237,4719
2,2,7,2,237,4719
1,1,7,2,237,4719
1,3,7,2,237,4719
0,0,7,2,237,4719
0,4,7,2,237,4719
3,2,7,2,237,4719
2,1,7,2,237,4719
2,3,7,2,237,4719
1,0,7,2,237,4719
1,4,7,2,237,4719
0,5,7,2,237,4719
4,2,7,2,237,4719
3,1,7,2,237,4719
3,3,7,2,237,4719
2,0,7,2,237,4719
2,4,7,2,237,4719
1,5,7,2,237,4719
0,6,7,2,237,4719
5,2,7,2,237,4719
4,1,7,2,237,4719
4,3,7,2,237,4719
3,0,7,2,237,4719
3,4,7,2,237,4719
2,5,7,2,237,4719
1,6,7,2,237,4719
0,7,7,2,237,4719
6,2,7,2,237,4719
5,1,7,2,237,4719
5,3,7,2,237,4719
4,0,7,2,237,4719
4,4,7,2,237,4719
3,5,7,2,237,4719
2,6,7,2,237,4719
1,7,7,2,237,4719
0,8,7,2,237,4719
7,2,7,2,237,4719
6,1,7,2,237,4719
6,3,7,2,237,4719
5,0,7,2,237,4719
5,4,7,2,237,4719
4,5,7,2,237,4719
3,6,7,2,237,4719
2,7,7,2,237,4719
1,8,7,2,237,4719
0,9,7,2,237,4719
8,2,7,2,237,4719
7,1,7,2,237,4719
7,3,7,2,237,4719
6,0,7,2,237,4719
6,4,7,2,237,4719
5,5,7,2,237,4719
4,6,7,2,237,4719
3,7,7,2,237,4719
2,8,7,2,237,4719
1,9,7,2,237,4719
9,2,7,2,237,4719
8,1,7,2,237,4719
8,3,7,2,237,4719
7,0,7,2,237,4719
7,4,7,2,237,4719
6,5,7,2,237,4719
5,6,7,2,237,4719
4,7,7,2,237,4719
3,8,7,2,237,4719
2,9,7,2,237,4719
9,1,7,2,237,4719
9,3,7,2,237,4719
9,0,7,2,237,4719
9,4,7,2,237,4719
8,0,7,2,237,4719
8,5,7,2,237,4719
7,6,7,2,237,4719
6,7,7,2,237,4719
5,8,7,2,237,4719
4,9,7,2,237,4719
3,9,7,2,237,4719
8,4,7,2,237,4719
9,5,7,2,237,4719
9,6,7,2,237,4719
8,7,7,2,237,4719
7,8,7,2,237,4719
6,9,7,2,237,4719
5,9,7,2,237,4719
4,8,7,2,237,4719
0,3,7,2,238,4718
1,3,7,2,238,4718
0,2,7,2,238,4718
0,4,7,2,238,4718
2,3,7,2,238,4718
1,2,7,2,238,4718
1,4,7,2,238,4718
0,1,7,2,238,4718
0,5,7,2,238,4718
3,3,7,2,238,4718
2,2,7,2,238,4718
2,4,7,2,238,4718
1,1,7,2,238,4718
1,5,7,2,238,4718
0,0,7,2,238,4718
0,6,7,2,238,4718
4,3,7,2,238,4718
3,2,7,2,238,4718
3,4,7,2,238,4718
2,1,7,2,238,4718
2,5,7,2,238,4718
1,0,7,2,238,4718
1,6,7,2,238,4718
0,7,7,2,238,4718
5,3,7,2,238,4718
4,2,7,2,238,4718
4,4,7,2,238,4718
3,1,7,2,238,4718
3,5,7,2,238,4718
2,0,7,2,238,4718
2,6,7,2,238,4718
1,7,7,2,238,4718
0,8,7,2,238,4718
6,3,7,2,238,4718
5,2,7,2,238,4718
5,4,7,2,238,4718
4,1,7,2,238,4718
4,5,7,2,238,4718
3,0,7,2,238,4718
3,6,7,2,238,4718
2,7,7,2,238,4718
1,8,7,2,238,4718
0,9,7,2,238,4718
7,3,7,2,238,4718
6,2,7,2,238,4718
6,4,7,2,238,4718
5,1,7,2,238,4718
5,5,7,2,238,4718
4,0,7,2,238,4718
4,6,7,2,238,4718
3,7,7,2,238,4718
2,8,7,2,238,4718
1,9,7,2,238,4718
8,3,7,2,238,4718
7,2,7,2,238,4718
7,4,7,2,238,4718
6,1,7,2,238,4718
6,5,7,2,238,4718
5,0,7,2,238,4718
5,6,7,2,238,4718
4,7,7,2,238,4718
3,8,7,2,238,4718
2,9,7,2,238,4718
9,3,7,2,238,4718
8,2,7,2,238,4718
8,4,7,2,238,4718
7,1,7,2,238,4718
7,5,7,2,238,4718
6,0,7,2,238,4718
6,6,7,2,238,4718
5,7,7,2,238,4718
4,8,7,2,238,4718
3,9,7,2,238,4718
9,2,7,2,238,4718
9,4,7,2,238,4718
8,1,7,2,238,4718
8,5,7,2,238,4718
7,0,7,2,238,4718
7,6,7,2,238,4718
6,7,7,2,238,4718
5,8,7,2,238,4718
4,9,7,2,238,4718
9,1,7,2,238,4718
9,5,7,2,238,4718
9,0,7,2,238,4718
9,6,7,2,238,4718
8,0,7,2,238,4718
8,7,7,2,238,4718
7,8,7,2,238,4718
6,9,7,2,238,4718
5,9,7,2,238,4718
0,4,7,0,239,4711
1,4,7,0,239,4711
0,3,7,0,239,4711
0,5,7,0,239,4711
2,4,7,0,239,4711
1,3,7,0,239,4711
1,5,7,0,239,4711
0,2,7,0,239,4711
0,6,7,0,239,4711
3,4,7,0,239,4711
2,3,7,0,239,4711
2,5,7,0,239,4711
1,2,7,0,239,4711
1,6,7,0,239,4711
0,1,7,0,239,4711
0,7,7,0,239,4711
4,4,7,0,239,4711
3,3,7,0,239,4711
3,5,7,0,239,4711
2,2,7,0,239,4711
2,6,7,0,239,4711
1,1,7,0,239,4711
1,7,7,0,239,4711
0,0,7,0,239,4711
0,8,7,0,239,4711
5,4,7,0,239,4711
4,3,7,0,239,4711
4,5,7,0,239,4711
3,2,7,0,239,4711
3,6,7,0,239,4711
2,1,7,0,239,4711
2,7,7,0,239,4711
1,0,7,0,239,4711
1,8,7,0,239,4711
0,9,7,0,239,4711
6,4,7,0,239,4711
5,3,7,0,239,4711
5,5,7,0,239,4711
4,2,7,0,239,4711
4,6,7,0,239,4711
3,1,7,0,239,4711
3,7,7,0,239,4711
2,0,7,0,239,4711
2,8,7,0,239,4711
1,9,7,0,239,4711
7,4,7,0,239,4711
6,3,7,0,239,4711
6,5,7,0,239,4711
5,2,7,0,239,4711
5,6,7,0,239,4711
4,1,7,0,239,4711
4,7,7,0,239,4711
3,0,7,0,239,4711
3,8,7,0,239,4711
2,9,7,0,239,4711
8,4,7,0,239,4711
7,3,7,0,239,4711
7,5,7,0,239,4711
6,2,7,0,239,4711
6,6,7,0,239,4711
5,1,7,0,239,4711
5,7,7,0,239,4711
4,0,7,0,239,4711
4,8,7,0,239,4711
3,9,7,0,239,4711
9,4,7,0,239,4711
8,3,7,0,239,4711
8,5,7,0,239,4711
7,2,7,0,239,4711
7,6,7,0,239,4711
6,1,7,0,239,4711
6,7,7,0,239,4711
5,0,7,0,239,4711
5,8,7,0,239,4711
4,9,7,0,239,4711
9,3,7,0,239,4711
9,5,7,0,239,4711
8,2,7,0,239,4711
8,6,7,0,239,4711
7,1,7,0,239,4711
7,7,7,0,239,4711
6,0,7,0,239,4711
6,8,7,0,239,4711
5,9,7,0,239,4711
9,2,7,0,239,4711
9,6,7,0,239,4711
8,1,7,0,239,4711
8,7,7,0,239,4711
7,0,7,0,239,4711
7,8,7,0,239,4711
6,9,7,0,239,4711
5,2,8,5,240,2127
7,2,8,5,240,2127
6,1,8,5,240,2127
6,3,8,5,240,2127
9,2,8,5,240,2127
8,1,8,5,240,2127
8,3,8,5,240,2127
7,0,8,5,240,2127
7,4,8,5,240,2127
8,2,8,5,240,2127
9,1,8,5,240,2127
9,3,8,5,240,2127
9,0,8,5,240,2127
9,4,8,5,240,2127
8,0,8,5,240,2127
8,5,8,5,240,2127
6,2,8,5,240,2127
7,1,8,5,240,2127
7,3,8,5,240,2127
8,4,8,5,240,2127
9,5,8,5,240,2127
9,6,8,5,240,2127
4,3,9,6,241,2126
6,3,9,6,241,2126
5,2,9,6,241,2126
5,4,9,6,241,2126
8,3,9,6,241,2126
7,2,9,6,241,2126
7,4,9,6,241,2126
6,1,9,6,241,2126
6,5,9,6,241,2126
9,3,9,6,241,2126
9,2,9,6,241,2126
9,4,9,6,241,2126
8,1,9,6,241,2126
8,5,9,6,241,2126
7,0,9,6,241,2126
7,6,9,6,241,2126
7,3,9,6,241,2126
8,2,9,6,241,2126
8,4,9,6,241,2126
9,1,9,6,241,2126
9,5,9,6,241,2126
9,0,9,6,241,2126
9,6,9,6,241,2126
8,0,9,6,241,2126
8,7,9,6,241,2126
5,4,9,6,242,1649
7,4,9,6,242,1649
6,3,9,6,242,1649
6,5,9,6,242,1649
9,4,9,6,242,1649
8,3,9,6,242,1649
8,5,9,6,242,1649
7,2,9,6,242,1649
7,6,9,6,242,1649
8,4,9,6,242,1649
9,3,9,6,242,1649
9,5,9,6,242,1649
9,2,9,6,242,1649
9,6,9,6,242,1649
8,1,9,6,242,1649
8,7,9,6,242,1649
3,4,9,6,243,2128
5,4,9,6,243,2128
4,3,9,6,243,2128
4,5,9,6,243,2128
7,4,9,6,243,2128
6,3,9,6,243,2128
6,5,9,6,243,2128
5,2,9,6,243,2128
5,6,9,6,243,2128
9,4,9,6,243,2128
8,3,9,6,243,2128
8,5,9,6,243,2128
7,2,9,6,243,2128
7,6,9,6,243,2128
6,1,9,6,243,2128
6,7,9,6,243,2128
8,4,9,6,243,2128
9,3,9,6,243,2128
9,5,9,6,243,2128
9,2,9,6,243,2128
9,6,9,6,243,2128
8,1,9,6,243,2128
8,7,9,6,243,2128
7,0,9,6,243,2128
7,8,9,6,243,2128
4,5,9,6,244,1650
6,5,9,6,244,1650
5,4,9,6,244,1650
5,6,9,6,244,1650
8,5,9,6,244,1650
7,4,9,6,244,1650
7,6,9,6,244,1650
6,3,9,6,244,1650
6,7,9,6,244,1650
9,5,9,6,244,1650
9,4,9,6,244,1650
9,6,9,6,244,1650
8,3,9,6,244,1650
8,7,9,6,244,1650
7,2,9,6,244,1650
7,8,9,6,244,1650
2,5,9,6,245,2127
4,5,9,6,245,2127
3,4,9,6,245,2127
3,6,9,6,245,2127
6,5,9,6,245,2127
5,4,9,6,245,2127
5,6,9,6,245,2127
4,3,9,6,245,2127
4,7,9,6,245,2127
8,5,9,6,245,2127
7,4,9,6,245,2127
7,6,9,6,245,2127
6,3,9,6,245,2127
6,7,9,6,245,2127
5,2,9,6,245,2127
5,8,9,6,245,2127
9,5,9,6,245,2127
9,4,9,6,245,2127
9,6,9,6,245,2127
8,3,9,6,245,2127
8,7,9,6,245,2127
7,2,9,6,245,2127
7,8,9,6,245,2127
6,1,9,6,245,2127
6,9,9,6,245,2127
2,7,6,9,246,1650
4,7,6,9,246,1650
3,6,6,9,246,1650
3,8,6,9,246,1650
6,7,6,9,246,1650
5,6,6,9,246,1650
5,8,6,9,246,1650
4,5,6,9,246,1650
4,9,6,9,246,1650
8,7,6,9,246,1650
7,6,6,9,246,1650
7,8,6,9,246,1650
6,5,6,9,246,1650
6,9,6,9,246,1650
5,4,6,9,246,1650
5,9,6,9,246,1650
0,7,6,9,247,2128
2,7,6,9,247,2128
1,6,6,9,247,2128
1,8,6,9,247,2128
4,7,6,9,247,2128
3,6,6,9,247,2128
3,8,6,9,247,2128
2,5,6,9,247,2128
2,9,6,9,247,2128
6,7,6,9,247,2128
5,6,6,9,247,2128
5,8,6,9,247,2128
4,5,6,9,247,2128
4,9,6,9,247,2128
3,4,6,9,247,2128
3,9,6,9,247,2128
8,7,6,9,247,2128
7,6,6,9,247,2128
7,8,6,9,247,2128
6,5,6,9,247,2128
6,9,6,9,247,2128
5,4,6,9,247,2128
5,9,6,9,247,2128
4,3,6,9,247,2128
4,8,6,9,247,2128
1,8,6,9,248,1649
3,8,6,9,248,1649
2,7,6,9,248,1649
2,9,6,9,248,1649
5,8,6,9,248,1649
4,7,6,9,248,1649
4,9,6,9,248,1649
3,6,6,9,248,1649
3,9,6,9,248,1649
7,8,6,9,248,1649
6,7,6,9,248,1649
6,9,6,9,248,1649
5,6,6,9,248,1649
5,9,6,9,248,1649
4,5,6,9,248,1649
4,8,6,9,248,1649
7,4,8,5,190,1138
9,4,8,5,190,1138
8,3,8,5,190,1138
8,5,8,5,190,1138
8,4,8,5,190,1138
9,3,8,5,190,1138
9,5,8,5,190,1138
9,2,8,5,190,1138
9,6,8,5,190,1138
6,5,9,6,249,1138
8,5,9,6,249,1138
7,4,9,6,249,1138
7,6,9,6,249,1138
9,5,9,6,249,1138
9,4,9,6,249,1138
9,6,9,6,249,1138
8,3,9,6,249,1138
8,7,9,6,249,1138
5,6,9,6,156,1136
7,6,9,6,156,1136
6,5,9,6,156,1136
6,7,9,6,156,1136
9,6,9,6,156,1136
8,5,9,6,156,1136
8,7,9,6,156,1136
7,4,9,6,156,1136
7,8,9,6,156,1136
4,7,6,9,127,1136
6,7,6,9,127,1136
5,6,6,9,127,1136
5,8,6,9,127,1136
8,7,6,9,127,1136
7,6,6,9,127,1136
7,8,6,9,127,1136
6,5,6,9,127,1136
6,9,6,9,127,1136
3,8,6,9,250,1138
5,8,6,9,250,1138
4,7,6,9,250,1138
4,9,6,9,250,1138
7,8,6,9,250,1138
6,7,6,9,250,1138
6,9,6,9,250,1138
5,6,6,9,250,1138
5,9,6,9,250,1138
7,6,9,6,56,588
9,6,9,6,56,588
8,5,9,6,56,588
8,7,9,6,56,588
6,7,6,7,19,588
8,7,6,7,19,588
7,6,6,7,19,588
7,8,6,7,19,588
5,8,6,9,76,588
7,8,6,9,76,588
6,7,6,9,76,588
6,9,6,9,76,588
9,6,9,6,0,0
8,7,8,7,0,0
7,8,7,8,0,0
6,9,6,9,0,0
0,0,9,7,251,4409
1,0,9,7,251,4409
0,1,9,7,251,4409
2,0,9,7,251,4409
1,1,9,7,251,4409
0,2,9,7,251,4409
3,0,9,7,251,4409
2,1,9,7,251,4409
1,2,9,7,251,4409
0,3,9,7,251,4409
4,0,9,7,251,4409
3,1,9,7,251,4409
2,2,9,7,251,4409
1,3,9,7,251,4409
0,4,9,7,251,4409
6,0,9,7,251,4409
5,0,9,7,251,4409
5,1,9,7,251,4409
4,1,9,7,251,4409
4,2,9,7,251,4409
3,2,9,7,251,4409
3,3,9,7,251,4409
2,3,9,7,251,4409
2,4,9,7,251,4409
1,4,9,7,251,4409
1,5,9,7,251,4409
8,0,9,7,251,4409
7,0,9,7,251,4409
7,1,9,7,251,4409
6,1,9,7,251,4409
6,2,9,7,251,4409
5,2,9,7,251,4409
5,3,9,7,251,4409
4,3,9,7,251,4409
4,4,9,7,251,4409
3,4,9,7,251,4409
3,5,9,7,251,4409
2,5,9,7,251,4409
2,6,9,7,251,4409
9,0,9,7,251,4409
9,1,9,7,251,4409
8,1,9,7,251,4409
8,2,9,7,251,4409
7,2,9,7,251,4409
7,3,9,7,251,4409
6,3,9,7,251,4409
6,4,9,7,251,4409
5,4,9,7,251,4409
5,5,9,7,251,4409
4,5,9,7,251,4409
4,6,9,7,251,4409
3,6,9,7,251,4409
3,7,9,7,251,4409
9,2,9,7,251,4409
9,3,9,7,251,4409
8,3,9,7,251,4409
8,4,9,7,251,4409
7,4,9,7,251,4409
7,5,9,7,251,4409
6,5,9,7,251,4409
6,6,9,7,251,4409
5,6,9,7,251,4409
5,7,9,7,251,4409
4,7,9,7,251,4409
4,8,9,7,251,4409
9,4,9,7,251,4409
9,5,9,7,251,4409
8,5,9,7,251,4409
8,6,9,7,251,4409
7,6,9,7,251,4409
7,7,9,7,251,4409
6,7,9,7,251,4409
6,8,9,7,251,4409
5,8,9,7,251,4409
5,9,9,7,251,4409
9,6,9,7,251,4409
9,7,9,7,251,4409
8,7,9,7,251,4409
8,8,9,7,251,4409
7,8,9,7,251,4409
7,9,9,7,251,4409
6,9,9,7,251,4409
0,0,9,7,252,4077
1,0,9,7,252,4077
0,1,9,7,252,4077
2,0,9,7,252,4077
1,1,9,7,252,4077
0,2,9,7,252,4077
4,0,9,7,252,4077
3,0,9,7,252,4077
3,1,9,7,252,4077
2,1,9,7,252,4077
2,2,9,7,252,4077
1,2,9,7,252,4077
1,3,9,7,252,4077
6,0,9,7,252,4077
5,0,9,7,252,4077
5,1,9,7,252,4077
4,1,9,7,252,4077
4,2,9,7,252,4077
3,2,9,7,252,4077
3,3,9,7,252,4077
2,3,9,7,252,4077
2,4,9,7,252,4077
8,0,9,7,252,4077
7,0,9,7,252,4077
7,1,9,7,252,4077
6,1,9,7,252,4077
6,2,9,7,252,4077
5,2,9,7,252,4077
5,3,9,7,252,4077
4,3,9,7,252,4077
4,4,9,7,252,4077
3,4,9,7,252,4077
3,5,9,7,252,4077
9,0,9,7,252,4077
9,1,9,7,252,4077
8,1,9,7,252,4077
8,2,9,7,252,4077
7,2,9,7,252,4077
7,3,9,7,252,4077
6,3,9,7,252,4077
6,4,9,7,252,4077
5,4,9,7,252,4077
5,5,9,7,252,4077
4,5,9,7,252,4077
4,6,9,7,252,4077
9,2,9,7,252,4077
9,3,9,7,252,4077
8,3,9,7,252,4077
8,4,9,7,252,4077
7,4,9,7,252,4077
7,5,9,7,252,4077
6,5,9,7,252,4077
6,6,9,7,252,4077
5,6,9,7,252,4077
5,7,9,7,252,4077
9,4,9,7,252,4077
9,5,9,7,252,4077
8,5,9,7,252,4077
8,6,9,7,252,4077
7,6,9,7,252,4077
7,7,9,7,252,4077
6,7,9,7,252,4077
6,8,9,7,252,4077
9,6,9,7,252,4077
9,7,9,7,252,4077
8,7,9,7,252,4077
8,8,9,7,252,4077
7,8,9,7,252,4077
7,9,9,7,252,4077
0,0,8,6,253,3755
2,0,8,6,253,3755
1,0,8,6,253,3755
1,1,8,6,253,3755
4,0,8,6,253,3755
3,0,8,6,253,3755
3,1,8,6,253,3755
2,1,8,6,253,3755
2,2,8,6,253,3755
6,0,8,6,253,3755
5,0,8,6,253,3755
5,1,8,6,253,3755
4,1,8,6,253,3755
4,2,8,6,253,3755
3,2,8,6,253,3755
3,3,8,6,253,3755
8,0,8,6,253,3755
7,0,8,6,253,3755
7,1,8,6,253,3755
6,1,8,6,253,3755
6,2,8,6,253,3755
5,2,8,6,253,3755
5,3,8,6,253,3755
4,3,8,6,253,3755
4,4,8,6,253,3755
9,0,8,6,253,3755
9,1,8,6,253,3755
8,1,8,6,253,3755
8,2,8,6,253,3755
7,2,8,6,253,3755
7,3,8,6,253,3755
6,3,8,6,253,3755
6,4,8,6,253,3755
5,4,8,6,253,3755
5,5,8,6,253,3755
9,2,8,6,253,3755
9,3,8,6,253,3755
8,3,8,6,253,3755
8,4,8,6,253,3755
7,4,8,6,253,3755
7,5,8,6,253,3755
6,5,8,6,253,3755
6,6,8,6,253,3755
9,4,8,6,253,3755
9,5,8,6,253,3755
8,5,8,6,253,3755
8,6,8,6,253,3755
7,6,8,6,253,3755
7,7,8,6,253,3755
9,6,8,6,253,3755
9,7,8,6,253,3755
8,7,8,6,253,3755
8,8,8,6,253,3755
2,0,8,4,254,3395
4,0,8,4,254,3395
3,0,8,4,254,3395
3,1,8,4,254,3395
6,0,8,4,254,3395
5,0,8,4,254,3395
5,1,8,4,254,3395
4,1,8,4,254,3395
4,2,8,4,254,3395
8,0,8,4,254,3395
7,0,8,4,254,3395
7,1,8,4,254,3395
6,1,8,4,254,3395
6,2,8,4,254,3395
5,2,8,4,254,3395
5,3,8,4,254,3395
9,0,8,4,254,3395
9,1,8,4,254,3395
8,1,8,4,254,3395
8,2,8,4,254,3395
7,2,8,4,254,3395
7,3,8,4,254,3395
6,3,8,4,254,3395
6,4,8,4,254,3395
9,2,8,4,254,3395
9,3,8,4,254,3395
8,3,8,4,254,3395
8,4,8,4,254,3395
7,4,8,4,254,3395
7,5,8,4,254,3395
9,4,8,4,254,3395
9,5,8,4,254,3395
8,5,8,4,254,3395
8,6,8,4,254,3395
9,6,8,4,254,3395
9,7,8,4,254,3395
1,1,9,7,255,3372
3,1,9,7,255,3372
2,0,9,7,255,3372
2,2,9,7,255,3372
5,1,9,7,255,3372
4,0,9,7,255,3372
4,2,9,7,255,3372
3,0,9,7,255,3372
3,3,9,7,255,3372
7,1,9,7,255,3372
6,0,9,7,255,3372
6,2,9,7,255,3372
5,0,9,7,255,3372
5,3,9,7,255,3372
4,1,9,7,255,3372
4,4,9,7,255,3372
9,1,9,7,255,3372
8,0,9,7,255,3372
8,2,9,7,255,3372
7,0,9,7,255,3372
7,3,9,7,255,3372
6,1,9,7,255,3372
6,4,9,7,255,3372
5,2,9,7,255,3372
5,5,9,7,255,3372
8,1,9,7,255,3372
9,0,9,7,255,3372
9,2,9,7,255,3372
9,3,9,7,255,3372
8,4,9,7,255,3372
7,2,9,7,255,3372
7,5,9,7,255,3372
6,3,9,7,255,3372
6,6,9,7,255,3372
8,3,9,7,255,3372
9,4,9,7,255,3372
9,5,9,7,255,3372
8,6,9,7,255,3372
7,4,9,7,255,3372
7,7,9,7,255,3372
8,5,9,7,255,3372
9,6,9,7,255,3372
9,7,9,7,255,3372
8,8,9,7,255,3372
2,2,9,7,256,2986
4,2,9,7,256,2986
3,1,9,7,256,2986
3,3,9,7,256,2986
6,2,9,7,256,2986
5,1,9,7,256,2986
5,3,9,7,256,2986
4,0,9,7,256,2986
4,4,9,7,256,2986
8,2,9,7,256,2986
7,1,9,7,256,2986
7,3,9,7,256,2986
6,0,9,7,256,2986
6,4,9,7,256,2986
5,0,9,7,256,2986
5,5,9,7,256,2986
9,2,9,7,256,2986
9,1,9,7,256,2986
9,3,9,7,256,2986
8,0,9,7,256,2986
8,4,9,7,256,2986
7,0,9,7,256,2986
7,5,9,7,256,2986
6,1,9,7,256,2986
6,6,9,7,256,2986
7,2,9,7,256,2986
8,1,9,7,256,2986
8,3,9,7,256,2986
9,0,9,7,256,2986
9,4,9,7,256,2986
9,5,9,7,256,2986
8,6,9,7,256,2986
7,7,9,7,256,2986
5,2,9,7,256,2986
6,3,9,7,256,2986
7,4,9,7,256,2986
8,5,9,7,256,2986
9,6,9,7,256,2986
9,7,9,7,256,2986
8,8,9,7,256,2986
0,1,9,7,257,3740
1,1,9,7,257,3740
0,0,9,7,257,3740
0,2,9,7,257,3740
3,1,9,7,257,3740
2,0,9,7,257,3740
2,2,9,7,257,3740
1,0,9,7,257,3740
1,3,9,7,257,3740
5,1,9,7,257,3740
4,0,9,7,257,3740
4,2,9,7,257,3740
3,0,9,7,257,3740
3,3,9,7,257,3740
2,1,9,7,257,3740
2,4,9,7,257,3740
7,1,9,7,257,3740
6,0,9,7,257,3740
6,2,9,7,257,3740
5,0,9,7,257,3740
5,3,9,7,257,3740
4,1,9,7,257,3740
4,4,9,7,257,3740
3,2,9,7,257,3740
3,5,9,7,257,3740
9,1,9,7,257,3740
8,0,9,7,257,3740
8,2,9,7,257,3740
7,0,9,7,257,3740
7,3,9,7,257,3740
6,1,9,7,257,3740
6,4,9,7,257,3740
5,2,9,7,257,3740
5,5,9,7,257,3740
4,3,9,7,257,3740
4,6,9,7,257,3740
8,1,9,7,257,3740
9,0,9,7,257,3740
9,2,9,7,257,3740
9,3,9,7,257,3740
8,4,9,7,257,3740
7,2,9,7,257,3740
7,5,9,7,257,3740
6,3,9,7,257,3740
6,6,9,7,257,3740
5,4,9,7,257,3740
5,7,9,7,257,3740
8,3,9,7,257,3740
9,4,9,7,257,3740
9,5,9,7,257,3740
8,6,9,7,257,3740
7,4,9,7,257,3740
7,7,9,7,257,3740
6,5,9,7,257,3740
6,8,9,7,257,3740
8,5,9,7,257,3740
9,6,9,7,257,3740
9,7,9,7,257,3740
8,8,9,7,257,3740
7,6,9,7,257,3740
7,9,9,7,257,3740
0,2,9,7,258,3378
2,2,9,7,258,3378
1,1,9,7,258,3378
1,3,9,7,258,3378
4,2,9,7,258,3378
3,1,9,7,258,3378
3,3,9,7,258,3378
2,0,9,7,258,3378
2,4,9,7,258,3378
6,2,9,7,258,3378
5,1,9,7,258,3378
5,3,9,7,258,3378
4,0,9,7,258,3378
4,4,9,7,258,3378
3,0,9,7,258,3378
3,5,9,7,258,3378
8,2,9,7,258,3378
7,1,9,7,258,3378
7,3,9,7,258,3378
6,0,9,7,258,3378
6,4,9,7,258,3378
5,0,9,7,258,3378
5,5,9,7,258,3378
4,1,9,7,258,3378
4,6,9,7,258,3378
9,2,9,7,258,3378
9,1,9,7,258,3378
9,3,9,7,258,3378
8,0,9,7,258,3378
8,4,9,7,258,3378
7,0,9,7,258,3378
7,5,9,7,258,3378
6,1,9,7,258,3378
6,6,9,7,258,3378
5,2,9,7,258,3378
5,7,9,7,258,3378
7,2,9,7,258,3378
8,1,9,7,258,3378
8,3,9,7,258,3378
9,0,9,7,258,3378
9,4,9,7,258,3378
9,5,9,7,258,3378
8,6,9,7,258,3378
7,7,9,7,258,3378
6,3,9,7,258,3378
6,8,9,7,258,3378
7,4,9,7,258,3378
8,5,9,7,258,3378
9,6,9,7,258,3378
9,7,9,7,258,3378
8,8,9,7,258,3378
7,9,9,7,258,3378
1,3,9,7,259,2990
3,3,9,7,259,2990
2,2,9,7,259,2990
2,4,9,7,259,2990
5,3,9,7,259,2990
4,2,9,7,259,2990
4,4,9,7,259,2990
3,1,9,7,259,2990
3,5,9,7,259,2990
7,3,9,7,259,2990
6,2,9,7,259,2990
6,4,9,7,259,2990
5,1,9,7,259,2990
5,5,9,7,259,2990
4,0,9,7,259,2990
4,6,9,7,259,2990
9,3,9,7,259,2990
8,2,9,7,259,2990
8,4,9,7,259,2990
7,1,9,7,259,2990
7,5,9,7,259,2990
6,0,9,7,259,2990
6,6,9,7,259,2990
5,0,9,7,259,2990
5,7,9,7,259,2990
8,3,9,7,259,2990
9,2,9,7,259,2990
9,4,9,7,259,2990
9,1,9,7,259,2990
9,5,9,7,259,2990
8,0,9,7,259,2990
8,6,9,7,259,2990
7,0,9,7,259,2990
7,7,9,7,259,2990
6,1,9,7,259,2990
6,8,9,7,259,2990
6,3,9,7,259,2990
7,2,9,7,259,2990
7,4,9,7,259,2990
8,1,9,7,259,2990
8,5,9,7,259,2990
9,0,9,7,259,2990
9,6,9,7,259,2990
9,7,9,7,259,2990
8,8,9,7,259,2990
7,9,9,7,259,2990
0,1,9,7,260,4083
1,1,9,7,260,4083
0,0,9,7,260,4083
0,2,9,7,260,4083
2,1,9,7,260,4083
1,0,9,7,260,4083
1,2,9,7,260,4083
0,3,9,7,260,4083
3,1,9,7,260,4083
2,0,9,7,260,4083
2,2,9,7,260,4083
1,3,9,7,260,4083
0,4,9,7,260,4083
5,1,9,7,260,4083
4,0,9,7,260,4083
4,2,9,7,260,4083
3,0,9,7,260,4083
3,3,9,7,260,4083
2,4,9,7,260,4083
1,5,9,7,260,4083
7,1,9,7,260,4083
6,0,9,7,260,4083
6,2,9,7,260,4083
5,0,9,7,260,4083
5,3,9,7,260,4083
4,1,9,7,260,4083
4,4,9,7,260,4083
3,2,9,7,260,4083
3,5,9,7,260,4083
2,3,9,7,260,4083
2,6,9,7,260,4083
9,1,9,7,260,4083
8,0,9,7,260,4083
8,2,9,7,260,4083
7,0,9,7,260,4083
7,3,9,7,260,4083
6,1,9,7,260,4083
6,4,9,7,260,4083
5,2,9,7,260,4083
5,5,9,7,260,4083
4,3,9,7,260,4083
4,6,9,7,260,4083
3,4,9,7,260,4083
3,7,9,7,260,4083
8,1,9,7,260,4083
9,0,9,7,260,4083
9,2,9,7,260,4083
9,3,9,7,260,4083
8,4,9,7,260,4083
7,2,9,7,260,4083
7,5,9,7,260,4083
6,3,9,7,260,4083
6,6,9,7,260,4083
5,4,9,7,260,4083
5,7,9,7,260,4083
4,5,9,7,260,4083
4,8,9,7,260,4083
8,3,9,7,260,4083
9,4,9,7,260,4083
9,5,9,7,260,4083
8,6,9,7,260,4083
7,4,9,7,260,4083
7,7,9,7,260,4083
6,5,9,7,260,4083
6,8,9,7,260,4083
5,6,9,7,260,4083
5,9,9,7,260,4083
8,5,9,7,260,4083
9,6,9,7,260,4083
9,7,9,7,260,4083
8,8,9,7,260,4083
7,6,9,7,260,4083
7,9,9,7,260,4083
6,7,9,7,260,4083
6,9,9,7,260,4083
0,1,8,6,261,4424
1,1,8,6,261,4424
0,0,8,6,261,4424
0,2,8,6,261,4424
2,1,8,6,261,4424
1,0,8,6,261,4424
1,2,8,6,261,4424
0,3,8,6,261,4424
3,1,8,6,261,4424
2,0,8,6,261,4424
2,2,8,6,261,4424
1,3,8,6,261,4424
0,4,8,6,261,4424
4,1,8,6,261,4424
3,0,8,6,261,4424
3,2,8,6,261,4424
2,3,8,6,261,4424
1,4,8,6,261,4424
0,5,8,6,261,4424
5,1,8,6,261,4424
4,0,8,6,261,4424
4,2,8,6,261,4424
3,3,8,6,261,4424
2,4,8,6,261,4424
1,5,8,6,261,4424
0,6,8,6,261,4424
7,1,8,6,261,4424
6,0,8,6,261,4424
6,2,8,6,261,4424
5,0,8,6,261,4424
5,3,8,6,261,4424
4,4,8,6,261,4424
3,5,8,6,261,4424
2,6,8,6,261,4424
1,7,8,6,261,4424
9,1,8,6,261,4424
8,0,8,6,261,4424
8,2,8,6,261,4424
7,0,8,6,261,4424
7,3,8,6,261,4424
6,1,8,6,261,4424
6,4,8,6,261,4424
5,2,8,6,261,4424
5,5,8,6,261,4424
4,3,8,6,261,4424
4,6,8,6,261,4424
3,4,8,6,261,4424
3,7,8,6,261,4424
2,5,8,6,261,4424
2,8,8,6,261,4424
8,1,8,6,261,4424
9,0,8,6,261,4424
9,2,8,6,261,4424
9,3,8,6,261,4424
8,4,8,6,261,4424
7,2,8,6,261,4424
7,5,8,6,261,4424
6,3,8,6,261,4424
6,6,8,6,261,4424
5,4,8,6,261,4424
5,7,8,6,261,4424
4,5,8,6,261,4424
4,8,8,6,261,4424
3,6,8,6,261,4424
3,9,8,6,261,4424
8,3,8,6,261,4424
9,4,8,6,261,4424
9,5,8,6,261,4424
8,6,8,6,261,4424
7,4,8,6,261,4424
7,7,8,6,261,4424
6,5,8,6,261,4424
6,8,8,6,261,4424
5,6,8,6,261,4424
5,9,8,6,261,4424
4,7,8,6,261,4424
4,9,8,6,261,4424
8,5,8,6,261,4424
9,6,8,6,261,4424
9,7,8,6,261,4424
8,8,8,6,261,4424
7,6,8,6,261,4424
7,9,8,6,261,4424
6,7,8,6,261,4424
6,9,8,6,261,4424
5,8,8,6,261,4424
0,2,8,4,262,4101
1,2,8,4,262,4101
0,1,8,4,262,4101
0,3,8,4,262,4101
2,2,8,4,262,4101
1,1,8,4,262,4101
1,3,8,4,262,4101
0,0,8,4,262,4101
0,4,8,4,262,4101
3,2,8,4,262,4101
2,1,8,4,262,4101
2,3,8,4,262,4101
1,0,8,4,262,4101
1,4,8,4,262,4101
0,5,8,4,262,4101
4,2,8,4,262,4101
3,1,8,4,262,4101
3,3,8,4,262,4101
2,0,8,4,262,4101
2,4,8,4,262,4101
1,5,8,4,262,4101
0,6,8,4,262,4101
6,2,8,4,262,4101
5,1,8,4,262,4101
5,3,8,4,262,4101
4,0,8,4,262,4101
4,4,8,4,262,4101
3,0,8,4,262,4101
3,5,8,4,262,4101
2,6,8,4,262,4101
1,7,8,4,262,4101
8,2,8,4,262,4101
7,1,8,4,262,4101
7,3,8,4,262,4101
6,0,8,4,262,4101
6,4,8,4,262,4101
5,0,8,4,262,4101
5,5,8,4,262,4101
4,1,8,4,262,4101
4,6,8,4,262,4101
3,7,8,4,262,4101
2,8,8,4,262,4101
9,2,8,4,262,4101
9,1,8,4,262,4101
9,3,8,4,262,4101
8,0,8,4,262,4101
8,4,8,4,262,4101
7,0,8,4,262,4101
7,5,8,4,262,4101
6,1,8,4,262,4101
6,6,8,4,262,4101
5,2,8,4,262,4101
5,7,8,4,262,4101
4,3,8,4,262,4101
4,8,8,4,262,4101
3,4,8,4,262,4101
3,9,8,4,262,4101
7,2,8,4,262,4101
8,1,8,4,262,4101
8,3,8,4,262,4101
9,0,8,4,262,4101
9,4,8,4,262,4101
9,5,8,4,262,4101
8,6,8,4,262,4101
7,7,8,4,262,4101
6,3,8,4,262,4101
6,8,8,4,262,4101
5,4,8,4,262,4101
5,9,8,4,262,4101
4,5,8,4,262,4101
4,9,8,4,262,4101
7,4,8,4,262,4101
8,5,8,4,262,4101
9,6,8,4,262,4101
9,7,8,4,262,4101
8,8,8,4,262,4101
7,9,8,4,262,4101
6,5,8,4,262,4101
6,9,8,4,262,4101
5,6,8,4,262,4101
5,8,8,4,262,4101
0,5,7,9,263,3381
1,5,7,9,263,3381
0,4,7,9,263,3381
0,6,7,9,263,3381
2,5,7,9,263,3381
1,4,7,9,263,3381
1,6,7,9,263,3381
0,3,7,9,263,3381
0,7,7,9,263,3381
3,5,7,9,263,3381
2,4,7,9,263,3381
2,6,7,9,263,3381
1,3,7,9,263,3381
1,7,7,9,263,3381
0,2,7,9,263,3381
0,8,7,9,263,3381
5,5,7,9,263,3381
4,4,7,9,263,3381
4,6,7,9,263,3381
3,3,7,9,263,3381
3,7,7,9,263,3381
2,2,7,9,263,3381
2,8,7,9,263,3381
1,1,7,9,263,3381
1,9,7,9,263,3381
7,5,7,9,263,3381
6,4,7,9,263,3381
6,6,7,9,263,3381
5,3,7,9,263,3381
5,7,7,9,263,3381
4,2,7,9,263,3381
4,8,7,9,263,3381
3,1,7,9,263,3381
3,9,7,9,263,3381
2,0,7,9,263,3381
2,9,7,9,263,3381
9,5,7,9,263,3381
8,4,7,9,263,3381
8,6,7,9,263,3381
7,3,7,9,263,3381
7,7,7,9,263,3381
6,2,7,9,263,3381
6,8,7,9,263,3381
5,1,7,9,263,3381
5,9,7,9,263,3381
4,0,7,9,263,3381
4,9,7,9,263,3381
3,0,7,9,263,3381
3,8,7,9,263,3381
8,5,7,9,263,3381
9,4,7,9,263,3381
9,6,7,9,263,3381
9,3,7,9,263,3381
9,7,7,9,263,3381
8,2,7,9,263,3381
8,8,7,9,263,3381
7,1,7,9,263,3381
7,9,7,9,263,3381
6,0,7,9,263,3381
6,9,7,9,263,3381
5,0,7,9,263,3381
5,8,7,9,263,3381
4,1,7,9,263,3381
4,7,7,9,263,3381
0,6,7,9,264,2992
1,6,7,9,264,2992
0,5,7,9,264,2992
0,7,7,9,264,2992
2,6,7,9,264,2992
1,5,7,9,264,2992
1,7,7,9,264,2992
0,4,7,9,264,2992
0,8,7,9,264,2992
4,6,7,9,264,2992
3,5,7,9,264,2992
3,7,7,9,264,2992
2,4,7,9,264,2992
2,8,7,9,264,2992
1,3,7,9,264,2992
1,9,7,9,264,2992
6,6,7,9,264,2992
5,5,7,9,264,2992
5,7,7,9,264,2992
4,4,7,9,264,2992
4,8,7,9,264,2992
3,3,7,9,264,2992
3,9,7,9,264,2992
2,2,7,9,264,2992
2,9,7,9,264,2992
8,6,7,9,264,2992
7,5,7,9,264,2992
7,7,7,9,264,2992
6,4,7,9,264,2992
6,8,7,9,264,2992
5,3,7,9,264,2992
5,9,7,9,264,2992
4,2,7,9,264,2992
4,9,7,9,264,2992
3,1,7,9,264,2992
3,8,7,9,264,2992
9,6,7,9,264,2992
9,5,7,9,264,2992
9,7,7,9,264,2992
8,4,7,9,264,2992
8,8,7,9,264,2992
7,3,7,9,264,2992
7,9,7,9,264,2992
6,2,7,9,264,2992
6,9,7,9,264,2992
5,1,7,9,264,2992
5,8,7,9,264,2992
4,0,7,9,264,2992
4,7,7,9,264,2992
0,2,7,1,265,4706
1,2,7,1,265,4706
0,1,7,1,265,4706
0,3,7,1,265,4706
2,2,7,1,265,4706
1,1,7,1,265,4706
1,3,7,1,265,4706
0,0,7,1,265,4706
0,4,7,1,265,4706
3,2,7,1,265,4706
2,1,7,1,265,4706
2,3,7,1,265,4706
1,0,7,1,265,4706
1,4,7,1,265,4706
0,5,7,1,265,4706
4,2,7,1,265,4706
3,1,7,1,265,4706
3,3,7,1,265,4706
2,0,7,1,265,4706
2,4,7,1,265,4706
1,5,7,1,265,4706
0,6,7,1,265,4706
5,2,7,1,265,4706
4,1,7,1,265,4706
4,3,7,1,265,4706
3,0,7,1,265,4706
3,4,7,1,265,4706
2,5,7,1,265,4706
1,6,7,1,265,4706
0,7,7,1,265,4706
6,2,7,1,265,4706
5,1,7,1,265,4706
5,3,7,1,265,4706
4,0,7,1,265,4706
4,4,7,1,265,4706
3,5,7,1,265,4706
2,6,7,1,265,4706
1,7,7,1,265,4706
0,8,7,1,265,4706
7,2,7,1,265,4706
6,1,7,1,265,4706
6,3,7,1,265,4706
5,0,7,1,265,4706
5,4,7,1,265,4706
4,5,7,1,265,4706
3,6,7,1,265,4706
2,7,7,1,265,4706
1,8,7,1,265,4706
0,9,7,1,265,4706
8,2,7,1,265,4706
7,1,7,1,265,4706
7,3,7,1,265,4706
6,0,7,1,265,4706
6,4,7,1,265,4706
5,5,7,1,265,4706
4,6,7,1,265,4706
3,7,7,1,265,4706
2,8,7,1,265,4706
1,9,7,1,265,4706
9,2,7,1,265,4706
9,1,7,1,265,4706
9,3,7,1,265,4706
8,0,7,1,265,4706
8,4,7,1,265,4706
7,0,7,1,265,4706
7,5,7,1,265,4706
6,6,7,1,265,4706
5,7,7,1,265,4706
4,8,7,1,265,4706
3,9,7,1,265,4706
2,9,7,1,265,4706
8,1,7,1,265,4706
8,3,7,1,265,4706
9,0,7,1,265,4706
9,4,7,1,265,4706
9,5,7,1,265,4706
8,6,7,1,265,4706
7,7,7,1,265,4706
6,8,7,1,265,4706
5,9,7,1,265,4706
4,9,7,1,265,4706
3,8,7,1,265,4706
7,4,7,1,265,4706
8,5,7,1,265,4706
9,6,7,1,265,4706
9,7,7,1,265,4706
8,8,7,1,265,4706
7,9,7,1,265,4706
6,5,7,1,265,4706
6,9,7,1,265,4706
5,6,7,1,265,4706
5,8,7,1,265,4706
4,7,7,1,265,4706
0,7,7,9,266,2990
1,7,7,9,266,2990
0,6,7,9,266,2990
0,8,7,9,266,2990
2,7,7,9,266,2990
1,6,7,9,266,2990
1,8,7,9,266,2990
0,5,7,9,266,2990
0,9,7,9,266,2990
3,7,7,9,266,2990
2,6,7,9,266,2990
2,8,7,9,266,2990
1,5,7,9,266,2990
1,9,7,9,266,2990
0,4,7,9,266,2990
5,7,7,9,266,2990
4,6,7,9,266,2990
4,8,7,9,266,2990
3,5,7,9,266,2990
3,9,7,9,266,2990
2,4,7,9,266,2990
2,9,7,9,266,2990
1,3,7,9,266,2990
7,7,7,9,266,2990
6,6,7,9,266,2990
6,8,7,9,266,2990
5,5,7,9,266,2990
5,9,7,9,266,2990
4,4,7,9,266,2990
4,9,7,9,266,2990
3,3,7,9,266,2990
3,8,7,9,266,2990
2,2,7,9,266,2990
9,7,7,9,266,2990
8,6,7,9,266,2990
8,8,7,9,266,2990
7,5,7,9,266,2990
7,9,7,9,266,2990
6,4,7,9,266,2990
6,9,7,9,266,2990
5,3,7,9,266,2990
5,8,7,9,266,2990
4,2,7,9,266,2990
4,7,7,9,266,2990
3,1,7,9,266,2990
3,6,7,9,266,2990
4,2,8,6,267,2571
6,2,8,6,267,2571
5,1,8,6,267,2571
5,3,8,6,267,2571
8,2,8,6,267,2571
7,1,8,6,267,2571
7,3,8,6,267,2571
6,0,8,6,267,2571
6,4,8,6,267,2571
9,2,8,6,267,2571
9,1,8,6,267,2571
9,3,8,6,267,2571
8,0,8,6,267,2571
8,4,8,6,267,2571
7,0,8,6,267,2571
7,5,8,6,267,2571
7,2,8,6,267,2571
8,1,8,6,267,2571
8,3,8,6,267,2571
9,0,8,6,267,2571
9,4,8,6,267,2571
9,5,8,6,267,2571
8,6,8,6,267,2571
5,2,8,6,267,2571
6,1,8,6,267,2571
6,3,8,6,267,2571
7,4,8,6,267,2571
8,5,8,6,267,2571
9,6,8,6,267,2571
9,7,8,6,267,2571
3,3,9,7,268,2571
5,3,9,7,268,2571
4,2,9,7,268,2571
4,4,9,7,268,2571
7,3,9,7,268,2571
6,2,9,7,268,2571
6,4,9,7,268,2571
5,1,9,7,268,2571
5,5,9,7,268,2571
9,3,9,7,268,2571
8,2,9,7,268,2571
8,4,9,7,268,2571
7,1,9,7,268,2571
7,5,9,7,268,2571
6,0,9,7,268,2571
6,6,9,7,268,2571
8,3,9,7,268,2571
9,2,9,7,268,2571
9,4,9,7,268,2571
9,1,9,7,268,2571
9,5,9,7,268,2571
8,0,9,7,268,2571
8,6,9,7,268,2571
7,0,9,7,268,2571
7,7,9,7,268,2571
6,3,9,7,268,2571
7,2,9,7,268,2571
7,4,9,7,268,2571
8,1,9,7,268,2571
8,5,9,7,268,2571
9,0,9,7,268,2571
9,6,9,7,268,2571
9,7,9,7,268,2571
8,8,9,7,268,2571
4,4,9,7,269,2127
6,4,9,7,269,2127
5,3,9,7,269,2127
5,5,9,7,269,2127
8,4,9,7,269,2127
7,3,9,7,269,2127
7,5,9,7,269,2127
6,2,9,7,269,2127
6,6,9,7,269,2127
9,4,9,7,269,2127
9,3,9,7,269,2127
9,5,9,7,269,2127
8,2,9,7,269,2127
8,6,9,7,269,2127
7,1,9,7,269,2127
7,7,9,7,269,2127
7,4,9,7,269,2127
8,3,9,7,269,2127
8,5,9,7,269,2127
9,2,9,7,269,2127
9,6,9,7,269,2127
9,1,9,7,269,2127
9,7,9,7,269,2127
8,0,9,7,269,2127
8,8,9,7,269,2127
2,4,9,7,270,2574
4,4,9,7,270,2574
3,3,9,7,270,2574
3,5,9,7,270,2574
6,4,9,7,270,2574
5,3,9,7,270,2574
5,5,9,7,270,2574
4,2,9,7,270,2574
4,6,9,7,270,2574
8,4,9,7,270,2574
7,3,9,7,270,2574
7,5,9,7,270,2574
6,2,9,7,270,2574
6,6,9,7,270,2574
5,1,9,7,270,2574
5,7,9,7,270,2574
9,4,9,7,270,2574
9,3,9,7,270,2574
9,5,9,7,270,2574
8,2,9,7,270,2574
8,6,9,7,270,2574
7,1,9,7,270,2574
7,7,9,7,270,2574
6,0,9,7,270,2574
6,8,9,7,270,2574
7,4,9,7,270,2574
8,3,9,7,270,2574
8,5,9,7,270,2574
9,2,9,7,270,2574
9,6,9,7,270,2574
9,1,9,7,270,2574
9,7,9,7,270,2574
8,0,9,7,270,2574
8,8,9,7,270,2574
7,0,9,7,270,2574
7,9,9,7,270,2574
3,5,9,7,271,2128
5,5,9,7,271,2128
4,4,9,7,271,2128
4,6,9,7,271,2128
7,5,9,7,271,2128
6,4,9,7,271,2128
6,6,9,7,271,2128
5,3,9,7,271,2128
5,7,9,7,271,2128
9,5,9,7,271,2128
8,4,9,7,271,2128
8,6,9,7,271,2128
7,3,9,7,271,2128
7,7,9,7,271,2128
6,2,9,7,271,2128
6,8,9,7,271,2128
8,5,9,7,271,2128
9,4,9,7,271,2128
9,6,9,7,271,2128
9,3,9,7,271,2128
9,7,9,7,271,2128
8,2,9,7,271,2128
8,8,9,7,271,2128
7,1,9,7,271,2128
7,9,9,7,271,2128
1,5,9,7,272,2574
3,5,9,7,272,2574
2,4,9,7,272,2574
2,6,9,7,272,2574
5,5,9,7,272,2574
4,4,9,7,272,2574
4,6,9,7,272,2574
3,3,9,7,272,2574
3,7,9,7,272,2574
7,5,9,7,272,2574
6,4,9,7,272,2574
6,6,9,7,272,2574
5,3,9,7,272,2574
5,7,9,7,272,2574
4,2,9,7,272,2574
4,8,9,7,272,2574
9,5,9,7,272,2574
8,4,9,7,272,2574
8,6,9,7,272,2574
7,3,9,7,272,2574
7,7,9,7,272,2574
6,2,9,7,272,2574
6,8,9,7,272,2574
5,1,9,7,272,2574
5,9,9,7,272,2574
8,5,9,7,272,2574
9,4,9,7,272,2574
9,6,9,7,272,2574
9,3,9,7,272,2574
9,7,9,7,272,2574
8,2,9,7,272,2574
8,8,9,7,272,2574
7,1,9,7,272,2574
7,9,9,7,272,2574
6,0,9,7,272,2574
6,9,9,7,272,2574
1,7,7,9,273,2128
3,7,7,9,273,2128
2,6,7,9,273,2128
2,8,7,9,273,2128
5,7,7,9,273,2128
4,6,7,9,273,2128
4,8,7,9,273,2128
3,5,7,9,273,2128
3,9,7,9,273,2128
7,7,7,9,273,2128
6,6,7,9,273,2128
6,8,7,9,273,2128
5,5,7,9,273,2128
5,9,7,9,273,2128
4,4,7,9,273,2128
4,9,7,9,273,2128
9,7,7,9,273,2128
8,6,7,9,273,2128
8,8,7,9,273,2128
7,5,7,9,273,2128
7,9,7,9,273,2128
6,4,7,9,273,2128
6,9,7,9,273,2128
5,3,7,9,273,2128
5,8,7,9,273,2128
0,7,7,9,274,2574
1,7,7,9,274,2574
0,6,7,9,274,2574
0,8,7,9,274,2574
3,7,7,9,274,2574
2,6,7,9,274,2574
2,8,7,9,274,2574
1,5,7,9,274,2574
1,9,7,9,274,2574
5,7,7,9,274,2574
4,6,7,9,274,2574
4,8,7,9,274,2574
3,5,7,9,274,2574
3,9,7,9,274,2574
2,4,7,9,274,2574
2,9,7,9,274,2574
7,7,7,9,274,2574
6,6,7,9,274,2574
6,8,7,9,274,2574
5,5,7,9,274,2574
5,9,7,9,274,2574
4,4,7,9,274,2574
4,9,7,9,274,2574
3,3,7,9,274,2574
3,8,7,9,274,2574
9,7,7,9,274,2574
8,6,7,9,274,2574
8,8,7,9,274,2574
7,5,7,9,274,2574
7,9,7,9,274,2574
6,4,7,9,274,2574
6,9,7,9,274,2574
5,3,7,9,274,2574
5,8,7,9,274,2574
4,2,7,9,274,2574
4,7,7,9,274,2574
0,8,7,9,275,2127
2,8,7,9,275,2127
1,7,7,9,275,2127
1,9,7,9,275,2127
4,8,7,9,275,2127
3,7,7,9,275,2127
3,9,7,9,275,2127
2,6,7,9,275,2127
2,9,7,9,275,2127
6,8,7,9,275,2127
5,7,7,9,275,2127
5,9,7,9,275,2127
4,6,7,9,275,2127
4,9,7,9,275,2127
3,5,7,9,275,2127
3,8,7,9,275,2127
8,8,7,9,275,2127
7,7,7,9,275,2127
7,9,7,9,275,2127
6,6,7,9,275,2127
6,9,7,9,275,2127
5,5,7,9,275,2127
5,8,7,9,275,2127
4,4,7,9,275,2127
4,7,7,9,275,2127
6,4,8,6,276,1650
8,4,8,6,276,1650
7,3,8,6,276,1650
7,5,8,6,276,1650
9,4,8,6,276,1650
9,3,8,6,276,1650
9,5,8,6,276,1650
8,2,8,6,276,1650
8,6,8,6,276,1650
7,4,8,6,276,1650
8,3,8,6,276,1650
8,5,8,6,276,1650
9,2,8,6,276,1650
9,6,8,6,276,1650
9,1,8,6,276,1650
9,7,8,6,276,1650
5,5,9,7,277,1650
7,5,9,7,277,1650
6,4,9,7,277,1650
6,6,9,7,277,1650
9,5,9,7,277,1650
8,4,9,7,277,1650
8,6,9,7,277,1650
7,3,9,7,277,1650
7,7,9,7,277,1650
8,5,9,7,277,1650
9,4,9,7,277,1650
9,6,9,7,277,1650
9,3,9,7,277,1650
9,7,9,7,277,1650
8,2,9,7,277,1650
8,8,9,7,277,1650
4,6,9,7,244,1650
6,6,9,7,244,1650
5,5,9,7,244,1650
5,7,9,7,244,1650
8,6,9,7,244,1650
7,5,9,7,244,1650
7,7,9,7,244,1650
6,4,9,7,244,1650
6,8,9,7,244,1650
9,6,9,7,244,1650
9,5,9,7,244,1650
9,7,9,7,244,1650
8,4,9,7,244,1650
8,8,9,7,244,1650
7,3,9,7,244,1650
7,9,9,7,244,1650
3,7,7,9,246,1650
5,7,7,9,246,1650
4,6,7,9,246,1650
4,8,7,9,246,1650
7,7,7,9,246,1650
6,6,7,9,246,1650
6,8,7,9,246,1650
5,5,7,9,246,1650
5,9,7,9,246,1650
9,7,7,9,246,1650
8,6,7,9,246,1650
8,8,7,9,246,1650
7,5,7,9,246,1650
7,9,7,9,246,1650
6,4,7,9,246,1650
6,9,7,9,246,1650
2,8,7,9,278,1650
4,8,7,9,278,1650
3,7,7,9,278,1650
3,9,7,9,278,1650
6,8,7,9,278,1650
5,7,7,9,278,1650
5,9,7,9,278,1650
4,6,7,9,278,1650
4,9,7,9,278,1650
8,8,7,9,278,1650
7,7,7,9,278,1650
7,9,7,9,278,1650
6,6,7,9,278,1650
6,9,7,9,278,1650
5,5,7,9,278,1650
5,8,7,9,278,1650
6,6,9,7,249,1138
8,6,9,7,249,1138
7,5,9,7,249,1138
7,7,9,7,249,1138
9,6,9,7,249,1138
9,5,9,7,249,1138
9,7,9,7,249,1138
8,4,9,7,249,1138
8,8,9,7,249,1138
5,7,6,8,279,1138
7,7,6,8,279,1138
6,6,6,8,279,1138
6,8,6,8,279,1138
9,7,6,8,279,1138
8,6,6,8,279,1138
8,8,6,8,279,1138
7,5,6,8,279,1138
7,9,6,8,279,1138
4,8,7,9,250,1138
6,8,7,9,250,1138
5,7,7,9,250,1138
5,9,7,9,250,1138
8,8,7,9,250,1138
7,7,7,9,250,1138
7,9,7,9,250,1138
6,6,7,9,250,1138
6,9,7,9,250,1138
8,6,9,7,280,588
9,6,9,7,280,588
9,5,9,7,280,588
9,7,9,7,280,588
5,9,7,9,281,588
7,9,7,9,281,588
6,8,7,9,281,588
6,9,7,9,281,588
0,0,9,8,282,4705
1,0,9,8,282,4705
0,1,9,8,282,4705
2,0,9,8,282,4705
1,1,9,8,282,4705
0,2,9,8,282,4705
3,0,9,8,282,4705
2,1,9,8,282,4705
1,2,9,8,282,4705
0,3,9,8,282,4705
4,0,9,8,282,4705
3,1,9,8,282,4705
2,2,9,8,282,4705
1,3,9,8,282,4705
0,4,9,8,282,4705
5,0,9,8,282,4705
4,1,9,8,282,4705
3,2,9,8,282,4705
2,3,9,8,282,4705
1,4,9,8,282,4705
0,5,9,8,282,4705
7,0,9,8,282,4705
6,0,9,8,282,4705
6,1,9,8,282,4705
5,1,9,8,282,4705
5,2,9,8,282,4705
4,2,9,8,282,4705
4,3,9,8,282,4705
3,3,9,8,282,4705
3,4,9,8,282,4705
2,4,9,8,282,4705
2,5,9,8,282,4705
1,5,9,8,282,4705
1,6,9,8,282,4705
9,0,9,8,282,4705
8,0,9,8,282,4705
8,1,9,8,282,4705
7,1,9,8,282,4705
7,2,9,8,282,4705
6,2,9,8,282,4705
6,3,9,8,282,4705
5,3,9,8,282,4705
5,4,9,8,282,4705
4,4,9,8,282,4705
4,5,9,8,282,4705
3,5,9,8,282,4705
3,6,9,8,282,4705
2,6,9,8,282,4705
2,7,9,8,282,4705
9,1,9,8,282,4705
9,2,9,8,282,4705
8,2,9,8,282,4705
8,3,9,8,282,4705
7,3,9,8,282,4705
7,4,9,8,282,4705
6,4,9,8,282,4705
6,5,9,8,282,4705
5,5,9,8,282,4705
5,6,9,8,282,4705
4,6,9,8,282,4705
4,7,9,8,282,4705
3,7,9,8,282,4705
3,8,9,8,282,4705
9,3,9,8,282,4705
9,4,9,8,282,4705
8,4,9,8,282,4705
8,5,9,8,282,4705
7,5,9,8,282,4705
7,6,9,8,282,4705
6,6,9,8,282,4705
6,7,9,8,282,4705
5,7,9,8,282,4705
5,8,9,8,282,4705
4,8,9,8,282,4705
4,9,9,8,282,4705
9,5,9,8,282,4705
9,6,9,8,282,4705
8,6,9,8,282,4705
8,7,9,8,282,4705
7,7,9,8,282,4705
7,8,9,8,282,4705
6,8,9,8,282,4705
6,9,9,8,282,4705
5,9,9,8,282,4705
9,7,9,8,282,4705
9,7,9,7,0,0
9,8,9,8,282,4705
8,8,9,8,282,4705
8,8,8,8,0,0
8,9,9,8,282,4705
7,9,9,8,282,4705
7,9,7,9,0,0
0,0,9,8,283,4392
1,0,9,8,283,4392
0,1,9,8,283,4392
2,0,9,8,283,4392
1,1,9,8,283,4392
0,2,9,8,283,4392
3,0,9,8,283,4392
2,1,9,8,283,4392
1,2,9,8,283,4392
0,3,9,8,283,4392
5,0,9,8,283,4392
4,0,9,8,283,4392
4,1,9,8,283,4392
3,1,9,8,283,4392
3,2,9,8,283,4392
2,2,9,8,283,4392
2,3,9,8,283,4392
1,3,9,8,283,4392
1,4,9,8,283,4392
7,0,9,8,283,4392
6,0,9,8,283,4392
6,1,9,8,283,4392
5,1,9,8,283,4392
5,2,9,8,283,4392
4,2,9,8,283,4392
4,3,9,8,283,4392
3,3,9,8,283,4392
3,4,9,8,283,4392
2,4,9,8,283,4392
2,5,9,8,283,4392
9,0,9,8,283,4392
8,0,9,8,283,4392
8,1,9,8,283,4392
7,1,9,8,283,4392
7,2,9,8,283,4392
6,2,9,8,283,4392
6,3,9,8,283,4392
5,3,9,8,283,4392
5,4,9,8,283,4392
4,4,9,8,283,4392
4,5,9,8,283,4392
3,5,9,8,283,4392
3,6,9,8,283,4392
9,1,9,8,283,4392
9,2,9,8,283,4392
8,2,9,8,283,4392
8,3,9,8,283,4392
7,3,9,8,283,4392
7,4,9,8,283,4392
6,4,9,8,283,4392
6,5,9,8,283,4392
5,5,9,8,283,4392
5,6,9,8,283,4392
4,6,9,8,283,4392
4,7,9,8,283,4392
9,3,9,8,283,4392
9,4,9,8,283,4392
8,4,9,8,283,4392
8,5,9,8,283,4392
7,5,9,8,283,4392
7,6,9,8,283,4392
6,6,9,8,283,4392
6,7,9,8,283,4392
5,7,9,8,283,4392
5,8,9,8,283,4392
9,5,9,8,283,4392
9,6,9,8,283,4392
8,6,9,8,283,4392
8,7,9,8,283,4392
7,7,9,8,283,4392
7,8,9,8,283,4392
6,8,9,8,283,4392
6,9,9,8,283,4392
9,7,9,8,283,4392
9,8,9,8,283,4392
8,8,9,8,283,4392
8,9,9,8,283,4392
7,9,9,8,283,4392
0,0,9,6,284,3843
1,0,9,6,284,3843
0,1,9,6,284,3843
3,0,9,6,284,3843
2,0,9,6,284,3843
2,1,9,6,284,3843
1,1,9,6,284,3843
1,2,9,6,284,3843
5,0,9,6,284,3843
4,0,9,6,284,3843
4,1,9,6,284,3843
3,1,9,6,284,3843
3,2,9,6,284,3843
2,2,9,6,284,3843
2,3,9,6,284,3843
7,0,9,6,284,3843
6,0,9,6,284,3843
6,1,9,6,284,3843
5,1,9,6,284,3843
5,2,9,6,284,3843
4,2,9,6,284,3843
4,3,9,6,284,3843
3,3,9,6,284,3843
3,4,9,6,284,3843
9,0,9,6,284,3843
8,0,9,6,284,3843
8,1,9,6,284,3843
7,1,9,6,284,3843
7,2,9,6,284,3843
6,2,9,6,284,3843
6,3,9,6,284,3843
5,3,9,6,284,3843
5,4,9,6,284,3843
4,4,9,6,284,3843
4,5,9,6,284,3843
9,1,9,6,284,3843
9,2,9,6,284,3843
8,2,9,6,284,3843
8,3,9,6,284,3843
7,3,9,6,284,3843
7,4,9,6,284,3843
6,4,9,6,284,3843
6,5,9,6,284,3843
5,5,9,6,284,3843
5,6,9,6,284,3843
9,3,9,6,284,3843
9,4,9,6,284,3843
8,4,9,6,284,3843
8,5,9,6,284,3843
7,5,9,6,284,3843
7,6,9,6,284,3843
6,6,9,6,284,3843
6,7,9,6,284,3843
9,5,9,6,284,3843
9,6,9,6,284,3843
8,6,9,6,284,3843
8,7,9,6,284,3843
7,7,9,6,284,3843
7,8,9,6,284,3843
9,7,9,6,284,3843
9,8,9,6,284,3843
8,8,9,6,284,3843
8,9,9,6,284,3843
1,0,8,5,285,3762
3,0,8,5,285,3762
2,0,8,5,285,3762
2,1,8,5,285,3762
5,0,8,5,285,3762
4,0,8,5,285,3762
4,1,8,5,285,3762
3,1,8,5,285,3762
3,2,8,5,285,3762
7,0,8,5,285,3762
6,0,8,5,285,3762
6,1,8,5,285,3762
5,1,8,5,285,3762
5,2,8,5,285,3762
4,2,8,5,285,3762
4,3,8,5,285,3762
9,0,8,5,285,3762
8,0,8,5,285,3762
8,1,8,5,285,3762
7,1,8,5,285,3762
7,2,8,5,285,3762
6,2,8,5,285,3762
6,3,8,5,285,3762
5,3,8,5,285,3762
5,4,8,5,285,3762
9,1,8,5,285,3762
9,2,8,5,285,3762
8,2,8,5,285,3762
8,3,8,5,285,3762
7,3,8,5,285,3762
7,4,8,5,285,3762
6,4,8,5,285,3762
6,5,8,5,285,3762
9,3,8,5,285,3762
9,4,8,5,285,3762
8,4,8,5,285,3762
8,5,8,5,285,3762
7,5,8,5,285,3762
7,6,8,5,285,3762
9,5,8,5,285,3762
9,6,8,5,285,3762
8,6,8,5,285,3762
8,7,8,5,285,3762
9,7,8,5,285,3762
9,8,8,5,285,3762
0,1,9,8,286,3733
2,1,9,8,286,3733
1,0,9,8,286,3733
1,2,9,8,286,3733
4,1,9,8,286,3733
3,0,9,8,286,3733
3,2,9,8,286,3733
2,0,9,8,286,3733
2,3,9,8,286,3733
6,1,9,8,286,3733
5,0,9,8,286,3733
5,2,9,8,286,3733
4,0,9,8,286,3733
4,3,9,8,286,3733
3,1,9,8,286,3733
3,4,9,8,286,3733
8,1,9,8,286,3733
7,0,9,8,286,3733
7,2,9,8,286,3733
6,0,9,8,286,3733
6,3,9,8,286,3733
5,1,9,8,286,3733
5,4,9,8,286,3733
4,2,9,8,286,3733
4,5,9,8,286,3733
9,1,9,8,286,3733
9,0,9,8,286,3733
9,2,9,8,286,3733
8,0,9,8,286,3733
8,3,9,8,286,3733
7,1,9,8,286,3733
7,4,9,8,286,3733
6,2,9,8,286,3733
6,5,9,8,286,3733
5,3,9,8,286,3733
5,6,9,8,286,3733
8,2,9,8,286,3733
9,3,9,8,286,3733
9,4,9,8,286,3733
8,5,9,8,286,3733
7,3,9,8,286,3733
7,6,9,8,286,3733
6,4,9,8,286,3733
6,7,9,8,286,3733
8,4,9,8,286,3733
9,5,9,8,286,3733
9,6,9,8,286,3733
8,7,9,8,286,3733
7,5,9,8,286,3733
7,8,9,8,286,3733
8,6,9,8,286,3733
9,7,9,8,286,3733
9,8,9,8,286,3733
8,9,9,8,286,3733
1,2,9,8,287,3373
3,2,9,8,287,3373
2,1,9,8,287,3373
2,3,9,8,287,3373
5,2,9,8,287,3373
4,1,9,8,287,3373
4,3,9,8,287,3373
3,0,9,8,287,3373
3,4,9,8,287,3373
7,2,9,8,287,3373
6,1,9,8,287,3373
6,3,9,8,287,3373
5,0,9,8,287,3373
5,4,9,8,287,3373
4,0,9,8,287,3373
4,5,9,8,287,3373
9,2,9,8,287,3373
8,1,9,8,287,3373
8,3,9,8,287,3373
7,0,9,8,287,3373
7,4,9,8,287,3373
6,0,9,8,287,3373
6,5,9,8,287,3373
5,1,9,8,287,3373
5,6,9,8,287,3373
8,2,9,8,287,3373
9,1,9,8,287,3373
9,3,9,8,287,3373
9,0,9,8,287,3373
9,4,9,8,287,3373
8,0,9,8,287,3373
8,5,9,8,287,3373
7,1,9,8,287,3373
7,6,9,8,287,3373
6,2,9,8,287,3373
6,7,9,8,287,3373
7,3,9,8,287,3373
8,4,9,8,287,3373
9,5,9,8,287,3373
9,6,9,8,287,3373
8,7,9,8,287,3373
7,8,9,8,287,3373
4,2,9,8,287,3373
5,3,9,8,287,3373
6,4,9,8,287,3373
7,5,9,8,287,3373
8,6,9,8,287,3373
9,7,9,8,287,3373
9,8,9,8,287,3373
8,9,9,8,287,3373
0,1,9,8,288,4078
1,1,9,8,288,4078
0,0,9,8,288,4078
0,2,9,8,288,4078
2,1,9,8,288,4078
1,0,9,8,288,4078
1,2,9,8,288,4078
0,3,9,8,288,4078
4,1,9,8,288,4078
3,0,9,8,288,4078
3,2,9,8,288,4078
2,0,9,8,288,4078
2,3,9,8,288,4078
1,4,9,8,288,4078
6,1,9,8,288,4078
5,0,9,8,288,4078
5,2,9,8,288,4078
4,0,9,8,288,4078
4,3,9,8,288,4078
3,1,9,8,288,4078
3,4,9,8,288,4078
2,2,9,8,288,4078
2,5,9,8,288,4078
8,1,9,8,288,4078
7,0,9,8,288,4078
7,2,9,8,288,4078
6,0,9,8,288,4078
6,3,9,8,288,4078
5,1,9,8,288,4078
5,4,9,8,288,4078
4,2,9,8,288,4078
4,5,9,8,288,4078
3,3,9,8,288,4078
3,6,9,8,288,4078
9,1,9,8,288,4078
9,0,9,8,288,4078
9,2,9,8,288,4078
8,0,9,8,288,4078
8,3,9,8,288,4078
7,1,9,8,288,4078
7,4,9,8,288,4078
6,2,9,8,288,4078
6,5,9,8,288,4078
5,3,9,8,288,4078
5,6,9,8,288,4078
4,4,9,8,288,4078
4,7,9,8,288,4078
8,2,9,8,288,4078
9,3,9,8,288,4078
9,4,9,8,288,4078
8,5,9,8,288,4078
7,3,9,8,288,4078
7,6,9,8,288,4078
6,4,9,8,288,4078
6,7,9,8,288,4078
5,5,9,8,288,4078
5,8,9,8,288,4078
8,4,9,8,288,4078
9,5,9,8,288,4078
9,6,9,8,288,4078
8,7,9,8,288,4078
7,5,9,8,288,4078
7,8,9,8,288,4078
6,6,9,8,288,4078
6,9,9,8,288,4078
8,6,9,8,288,4078
9,7,9,8,288,4078
9,8,9,8,288,4078
8,9,9,8,288,4078
7,7,9,8,288,4078
7,9,9,8,288,4078
0,2,9,8,289,3740
1,2,9,8,289,3740
0,1,9,8,289,3740
0,3,9,8,289,3740
3,2,9,8,289,3740
2,1,9,8,289,3740
2,3,9,8,289,3740
1,0,9,8,289,3740
1,4,9,8,289,3740
5,2,9,8,289,3740
4,1,9,8,289,3740
4,3,9,8,289,3740
3,0,9,8,289,3740
3,4,9,8,289,3740
2,0,9,8,289,3740
2,5,9,8,289,3740
7,2,9,8,289,3740
6,1,9,8,289,3740
6,3,9,8,289,3740
5,0,9,8,289,3740
5,4,9,8,289,3740
4,0,9,8,289,3740
4,5,9,8,289,3740
3,1,9,8,289,3740
3,6,9,8,289,3740
9,2,9,8,289,3740
8,1,9,8,289,3740
8,3,9,8,289,3740
7,0,9,8,289,3740
7,4,9,8,289,3740
6,0,9,8,289,3740
6,5,9,8,289,3740
5,1,9,8,289,3740
5,6,9,8,289,3740
4,2,9,8,289,3740
4,7,9,8,289,3740
8,2,9,8,289,3740
9,1,9,8,289,3740
9,3,9,8,289,3740
9,0,9,8,289,3740
9,4,9,8,289,3740
8,0,9,8,289,3740
8,5,9,8,289,3740
7,1,9,8,289,3740
7,6,9,8,289,3740
6,2,9,8,289,3740
6,7,9,8,289,3740
5,3,9,8,289,3740
5,8,9,8,289,3740
7,3,9,8,289,3740
8,4,9,8,289,3740
9,5,9,8,289,3740
9,6,9,8,289,3740
8,7,9,8,289,3740
7,8,9,8,289,3740
6,4,9,8,289,3740
6,9,9,8,289,3740
7,5,9,8,289,3740
8,6,9,8,289,3740
9,7,9,8,289,3740
9,8,9,8,289,3740
8,9,9,8,289,3740
7,9,9,8,289,3740
0,3,9,8,290,3378
2,3,9,8,290,3378
1,2,9,8,290,3378
1,4,9,8,290,3378
4,3,9,8,290,3378
3,2,9,8,290,3378
3,4,9,8,290,3378
2,1,9,8,290,3378
2,5,9,8,290,3378
6,3,9,8,290,3378
5,2,9,8,290,3378
5,4,9,8,290,3378
4,1,9,8,290,3378
4,5,9,8,290,3378
3,0,9,8,290,3378
3,6,9,8,290,3378
8,3,9,8,290,3378
7,2,9,8,290,3378
7,4,9,8,290,3378
6,1,9,8,290,3378
6,5,9,8,290,3378
5,0,9,8,290,3378
5,6,9,8,290,3378
4,0,9,8,290,3378
4,7,9,8,290,3378
9,3,9,8,290,3378
9,2,9,8,290,3378
9,4,9,8,290,3378
8,1,9,8,290,3378
8,5,9,8,290,3378
7,0,9,8,290,3378
7,6,9,8,290,3378
6,0,9,8,290,3378
6,7,9,8,290,3378
5,1,9,8,290,3378
5,8,9,8,290,3378
7,3,9,8,290,3378
8,2,9,8,290,3378
8,4,9,8,290,3378
9,1,9,8,290,3378
9,5,9,8,290,3378
9,0,9,8,290,3378
9,6,9,8,290,3378
8,0,9,8,290,3378
8,7,9,8,290,3378
7,1,9,8,290,3378
7,8,9,8,290,3378
6,2,9,8,290,3378
6,9,9,8,290,3378
5,3,9,8,290,3378
6,4,9,8,290,3378
7,5,9,8,290,3378
8,6,9,8,290,3378
9,7,9,8,290,3378
9,8,9,8,290,3378
8,9,9,8,290,3378
7,9,9,8,290,3378
0,1,9,8,291,4399
1,1,9,8,291,4399
0,0,9,8,291,4399
0,2,9,8,291,4399
2,1,9,8,291,4399
1,0,9,8,291,4399
1,2,9,8,291,4399
0,3,9,8,291,4399
3,1,9,8,291,4399
2,0,9,8,291,4399
2,2,9,8,291,4399
1,3,9,8,291,4399
0,4,9,8,291,4399
4,1,9,8,291,4399
3,0,9,8,291,4399
3,2,9,8,291,4399
2,3,9,8,291,4399
1,4,9,8,291,4399
0,5,9,8,291,4399
6,1,9,8,291,4399
5,0,9,8,291,4399
5,2,9,8,291,4399
4,0,9,8,291,4399
4,3,9,8,291,4399
3,4,9,8,291,4399
2,5,9,8,291,4399
1,6,9,8,291,4399
8,1,9,8,291,4399
7,0,9,8,291,4399
7,2,9,8,291,4399
6,0,9,8,291,4399
6,3,9,8,291,4399
5,1,9,8,291,4399
5,4,9,8,291,4399
4,2,9,8,291,4399
4,5,9,8,291,4399
3,3,9,8,291,4399
3,6,9,8,291,4399
2,4,9,8,291,4399
2,7,9,8,291,4399
9,1,9,8,291,4399
9,0,9,8,291,4399
9,2,9,8,291,4399
8,0,9,8,291,4399
8,3,9,8,291,4399
7,1,9,8,291,4399
7,4,9,8,291,4399
6,2,9,8,291,4399
6,5,9,8,291,4399
5,3,9,8,291,4399
5,6,9,8,291,4399
4,4,9,8,291,4399
4,7,9,8,291,4399
3,5,9,8,291,4399
3,8,9,8,291,4399
8,2,9,8,291,4399
9,3,9,8,291,4399
9,4,9,8,291,4399
8,5,9,8,291,4399
7,3,9,8,291,4399
7,6,9,8,291,4399
6,4,9,8,291,4399
6,7,9,8,291,4399
5,5,9,8,291,4399
5,8,9,8,291,4399
4,6,9,8,291,4399
4,9,9,8,291,4399
8,4,9,8,291,4399
9,5,9,8,291,4399
9,6,9,8,291,4399
8,7,9,8,291,4399
7,5,9,8,291,4399
7,8,9,8,291,4399
6,6,9,8,291,4399
6,9,9,8,291,4399
5,7,9,8,291,4399
5,9,9,8,291,4399
8,6,9,8,291,4399
9,7,9,8,291,4399
9,8,9,8,291,4399
8,9,9,8,291,4399
7,7,9,8,291,4399
7,9,9,8,291,4399
6,8,9,8,291,4399
0,2,8,5,292,4420
1,2,8,5,292,4420
0,1,8,5,292,4420
0,3,8,5,292,4420
2,2,8,5,292,4420
1,1,8,5,292,4420
1,3,8,5,292,4420
0,0,8,5,292,4420
0,4,8,5,292,4420
3,2,8,5,292,4420
2,1,8,5,292,4420
2,3,8,5,292,4420
1,0,8,5,292,4420
1,4,8,5,292,4420
0,5,8,5,292,4420
4,2,8,5,292,4420
3,1,8,5,292,4420
3,3,8,5,292,4420
2,0,8,5,292,4420
2,4,8,5,292,4420
1,5,8,5,292,4420
0,6,8,5,292,4420
5,2,8,5,292,4420
4,1,8,5,292,4420
4,3,8,5,292,4420
3,0,8,5,292,4420
3,4,8,5,292,4420
2,5,8,5,292,4420
1,6,8,5,292,4420
0,7,8,5,292,4420
7,2,8,5,292,4420
6,1,8,5,292,4420
6,3,8,5,292,4420
5,0,8,5,292,4420
5,4,8,5,292,4420
4,0,8,5,292,4420
4,5,8,5,292,4420
3,6,8,5,292,4420
2,7,8,5,292,4420
1,8,8,5,292,4420
9,2,8,5,292,4420
8,1,8,5,292,4420
8,3,8,5,292,4420
7,0,8,5,292,4420
7,4,8,5,292,4420
6,0,8,5,292,4420
6,5,8,5,292,4420
5,1,8,5,292,4420
5,6,8,5,292,4420
4,7,8,5,292,4420
3,8,8,5,292,4420
2,9,8,5,292,4420
8,2,8,5,292,4420
9,1,8,5,292,4420
9,3,8,5,292,4420
9,0,8,5,292,4420
9,4,8,5,292,4420
8,0,8,5,292,4420
8,5,8,5,292,4420
7,1,8,5,292,4420
7,6,8,5,292,4420
6,2,8,5,292,4420
6,7,8,5,292,4420
5,3,8,5,292,4420
5,8,8,5,292,4420
4,4,8,5,292,4420
4,9,8,5,292,4420
3,5,8,5,292,4420
3,9,8,5,292,4420
7,3,8,5,292,4420
8,4,8,5,292,4420
9,5,8,5,292,4420
9,6,8,5,292,4420
8,7,8,5,292,4420
7,8,8,5,292,4420
6,4,8,5,292,4420
6,9,8,5,292,4420
5,5,8,5,292,4420
5,9,8,5,292,4420
4,6,8,5,292,4420
4,8,8,5,292,4420
7,5,8,5,292,4420
8,6,8,5,292,4420
9,7,8,5,292,4420
9,8,8,5,292,4420
8,9,8,5,292,4420
7,9,8,5,292,4420
6,6,8,5,292,4420
6,8,8,5,292,4420
5,7,8,5,292,4420
0,5,8,9,293,3746
1,5,8,9,293,3746
0,4,8,9,293,3746
0,6,8,9,293,3746
2,5,8,9,293,3746
1,4,8,9,293,3746
1,6,8,9,293,3746
0,3,8,9,293,3746
0,7,8,9,293,3746
3,5,8,9,293,3746
2,4,8,9,293,3746
2,6,8,9,293,3746
1,3,8,9,293,3746
1,7,8,9,293,3746
0,2,8,9,293,3746
0,8,8,9,293,3746
4,5,8,9,293,3746
3,4,8,9,293,3746
3,6,8,9,293,3746
2,3,8,9,293,3746
2,7,8,9,293,3746
1,2,8,9,293,3746
1,8,8,9,293,3746
0,1,8,9,293,3746
0,9,8,9,293,3746
6,5,8,9,293,3746
5,4,8,9,293,3746
5,6,8,9,293,3746
4,3,8,9,293,3746
4,7,8,9,293,3746
3,2,8,9,293,3746
3,8,8,9,293,3746
2,1,8,9,293,3746
2,9,8,9,293,3746
1,0,8,9,293,3746
1,9,8,9,293,3746
8,5,8,9,293,3746
7,4,8,9,293,3746
7,6,8,9,293,3746
6,3,8,9,293,3746
6,7,8,9,293,3746
5,2,8,9,293,3746
5,8,8,9,293,3746
4,1,8,9,293,3746
4,9,8,9,293,3746
3,0,8,9,293,3746
3,9,8,9,293,3746
2,0,8,9,293,3746
2,8,8,9,293,3746
9,5,8,9,293,3746
9,4,8,9,293,3746
9,6,8,9,293,3746
8,3,8,9,293,3746
8,7,8,9,293,3746
7,2,8,9,293,3746
7,8,8,9,293,3746
6,1,8,9,293,3746
6,9,8,9,293,3746
5,0,8,9,293,3746
5,9,8,9,293,3746
4,0,8,9,293,3746
4,8,8,9,293,3746
3,1,8,9,293,3746
3,7,8,9,293,3746
7,5,8,9,293,3746
8,4,8,9,293,3746
8,6,8,9,293,3746
9,3,8,9,293,3746
9,7,8,9,293,3746
9,2,8,9,293,3746
9,8,8,9,293,3746
8,1,8,9,293,3746
8,9,8,9,293,3746
7,0,8,9,293,3746
7,9,8,9,293,3746
6,0,8,9,293,3746
6,8,8,9,293,3746
5,1,8,9,293,3746
5,7,8,9,293,3746
4,2,8,9,293,3746
4,6,8,9,293,3746
0,6,8,9,294,3381
1,6,8,9,294,3381
0,5,8,9,294,3381
0,7,8,9,294,3381
2,6,8,9,294,3381
1,5,8,9,294,3381
1,7,8,9,294,3381
0,4,8,9,294,3381
0,8,8,9,294,3381
3,6,8,9,294,3381
2,5,8,9,294,3381
2,7,8,9,294,3381
1,4,8,9,294,3381
1,8,8,9,294,3381
0,3,8,9,294,3381
0,9,8,9,294,3381
5,6,8,9,294,3381
4,5,8,9,294,3381
4,7,8,9,294,3381
3,4,8,9,294,3381
3,8,8,9,294,3381
2,3,8,9,294,3381
2,9,8,9,294,3381
1,2,8,9,294,3381
1,9,8,9,294,3381
7,6,8,9,294,3381
6,5,8,9,294,3381
6,7,8,9,294,3381
5,4,8,9,294,3381
5,8,8,9,294,3381
4,3,8,9,294,3381
4,9,8,9,294,3381
3,2,8,9,294,3381
3,9,8,9,294,3381
2,1,8,9,294,3381
2,8,8,9,294,3381
9,6,8,9,294,3381
8,5,8,9,294,3381
8,7,8,9,294,3381
7,4,8,9,294,3381
7,8,8,9,294,3381
6,3,8,9,294,3381
6,9,8,9,294,3381
5,2,8,9,294,3381
5,9,8,9,294,3381
4,1,8,9,294,3381
4,8,8,9,294,3381
3,0,8,9,294,3381
3,7,8,9,294,3381
8,6,8,9,294,3381
9,5,8,9,294,3381
9,7,8,9,294,3381
9,4,8,9,294,3381
9,8,8,9,294,3381
8,3,8,9,294,3381
8,9,8,9,294,3381
7,2,8,9,294,3381
7,9,8,9,294,3381
6,1,8,9,294,3381
6,8,8,9,294,3381
5,0,8,9,294,3381
5,7,8,9,294,3381
4,0,8,9,294,3381
4,6,8,9,294,3381
0,7,8,9,295,3378
1,7,8,9,295,3378
0,6,8,9,295,3378
0,8,8,9,295,3378
2,7,8,9,295,3378
1,6,8,9,295,3378
1,8,8,9,295,3378
0,5,8,9,295,3378
0,9,8,9,295,3378
3,7,8,9,295,3378
2,6,8,9,295,3378
2,8,8,9,295,3378
1,5,8,9,295,3378
1,9,8,9,295,3378
0,4,8,9,295,3378
4,7,8,9,295,3378
3,6,8,9,295,3378
3,8,8,9,295,3378
2,5,8,9,295,3378
2,9,8,9,295,3378
1,4,8,9,295,3378
0,3,8,9,295,3378
6,7,8,9,295,3378
5,6,8,9,295,3378
5,8,8,9,295,3378
4,5,8,9,295,3378
4,9,8,9,295,3378
3,4,8,9,295,3378
3,9,8,9,295,3378
2,3,8,9,295,3378
1,2,8,9,295,3378
8,7,8,9,295,3378
7,6,8,9,295,3378
7,8,8,9,295,3378
6,5,8,9,295,3378
6,9,8,9,295,3378
5,4,8,9,295,3378
5,9,8,9,295,3378
4,3,8,9,295,3378
4,8,8,9,295,3378
3,2,8,9,295,3378
2,1,8,9,295,3378
9,7,8,9,295,3378
9,6,8,9,295,3378
9,8,8,9,295,3378
8,5,8,9,295,3378
8,9,8,9,295,3378
7,4,8,9,295,3378
7,9,8,9,295,3378
6,3,8,9,295,3378
6,8,8,9,295,3378
5,2,8,9,295,3378
5,7,8,9,295,3378
4,1,8,9,295,3378
4,6,8,9,295,3378
3,0,8,9,295,3378
3,5,8,9,295,3378
3,2,9,6,296,2842
5,2,9,6,296,2842
4,1,9,6,296,2842
4,3,9,6,296,2842
7,2,9,6,296,2842
6,1,9,6,296,2842
6,3,9,6,296,2842
5,0,9,6,296,2842
5,4,9,6,296,2842
9,2,9,6,296,2842
8,1,9,6,296,2842
8,3,9,6,296,2842
7,0,9,6,296,2842
7,4,9,6,296,2842
6,0,9,6,296,2842
6,5,9,6,296,2842
8,2,9,6,296,2842
9,1,9,6,296,2842
9,3,9,6,296,2842
9,0,9,6,296,2842
9,4,9,6,296,2842
8,0,9,6,296,2842
8,5,9,6,296,2842
7,1,9,6,296,2842
7,6,9,6,296,2842
6,2,9,6,296,2842
7,3,9,6,296,2842
8,4,9,6,296,2842
9,5,9,6,296,2842
9,6,9,6,296,2842
8,7,9,6,296,2842
4,2,9,6,296,2842
5,1,9,6,296,2842
5,3,9,6,296,2842
6,4,9,6,296,2842
7,5,9,6,296,2842
8,6,9,6,296,2842
9,7,9,6,296,2842
9,8,9,6,296,2842
2,3,9,8,297,2986
4,3,9,8,297,2986
3,2,9,8,297,2986
3,4,9,8,297,2986
6,3,9,8,297,2986
5,2,9,8,297,2986
5,4,9,8,297,2986
4,1,9,8,297,2986
4,5,9,8,297,2986
8,3,9,8,297,2986
7,2,9,8,297,2986
7,4,9,8,297,2986
6,1,9,8,297,2986
6,5,9,8,297,2986
5,0,9,8,297,2986
5,6,9,8,297,2986
9,3,9,8,297,2986
9,2,9,8,297,2986
9,4,9,8,297,2986
8,1,9,8,297,2986
8,5,9,8,297,2986
7,0,9,8,297,2986
7,6,9,8,297,2986
6,0,9,8,297,2986
6,7,9,8,297,2986
7,3,9,8,297,2986
8,2,9,8,297,2986
8,4,9,8,297,2986
9,1,9,8,297,2986
9,5,9,8,297,2986
9,0,9,8,297,2986
9,6,9,8,297,2986
8,0,9,8,297,2986
8,7,9,8,297,2986
7,1,9,8,297,2986
7,8,9,8,297,2986
5,3,9,8,297,2986
6,2,9,8,297,2986
6,4,9,8,297,2986
7,5,9,8,297,2986
8,6,9,8,297,2986
9,7,9,8,297,2986
9,8,9,8,297,2986
8,9,9,8,297,2986
3,4,9,8,298,2571
5,4,9,8,298,2571
4,3,9,8,298,2571
4,5,9,8,298,2571
7,4,9,8,298,2571
6,3,9,8,298,2571
6,5,9,8,298,2571
5,2,9,8,298,2571
5,6,9,8,298,2571
9,4,9,8,298,2571
8,3,9,8,298,2571
8,5,9,8,298,2571
7,2,9,8,298,2571
7,6,9,8,298,2571
6,1,9,8,298,2571
6,7,9,8,298,2571
8,4,9,8,298,2571
9,3,9,8,298,2571
9,5,9,8,298,2571
9,2,9,8,298,2571
9,6,9,8,298,2571
8,1,9,8,298,2571
8,7,9,8,298,2571
7,0,9,8,298,2571
7,8,9,8,298,2571
6,4,9,8,298,2571
7,3,9,8,298,2571
7,5,9,8,298,2571
8,2,9,8,298,2571
8,6,9,8,298,2571
9,1,9,8,298,2571
9,7,9,8,298,2571
9,0,9,8,298,2571
9,8,9,8,298,2571
8,0,9,8,298,2571
8,9,9,8,298,2571
1,4,9,8,299,2990
3,4,9,8,299,2990
2,3,9,8,299,2990
2,5,9,8,299,2990
5,4,9,8,299,2990
4,3,9,8,299,2990
4,5,9,8,299,2990
3,2,9,8,299,2990
3,6,9,8,299,2990
7,4,9,8,299,2990
6,3,9,8,299,2990
6,5,9,8,299,2990
5,2,9,8,299,2990
5,6,9,8,299,2990
4,1,9,8,299,2990
4,7,9,8,299,2990
9,4,9,8,299,2990
8,3,9,8,299,2990
8,5,9,8,299,2990
7,2,9,8,299,2990
7,6,9,8,299,2990
6,1,9,8,299,2990
6,7,9,8,299,2990
5,0,9,8,299,2990
5,8,9,8,299,2990
8,4,9,8,299,2990
9,3,9,8,299,2990
9,5,9,8,299,2990
9,2,9,8,299,2990
9,6,9,8,299,2990
8,1,9,8,299,2990
8,7,9,8,299,2990
7,0,9,8,299,2990
7,8,9,8,299,2990
6,0,9,8,299,2990
6,9,9,8,299,2990
6,4,9,8,299,2990
7,3,9,8,299,2990
7,5,9,8,299,2990
8,2,9,8,299,2990
8,6,9,8,299,2990
9,1,9,8,299,2990
9,7,9,8,299,2990
9,0,9,8,299,2990
9,8,9,8,299,2990
8,0,9,8,299,2990
8,9,9,8,299,2990
7,1,9,8,299,2990
7,9,9,8,299,2990
2,5,9,8,300,2574
4,5,9,8,300,2574
3,4,9,8,300,2574
3,6,9,8,300,2574
6,5,9,8,300,2574
5,4,9,8,300,2574
5,6,9,8,300,2574
4,3,9,8,300,2574
4,7,9,8,300,2574
8,5,9,8,300,2574
7,4,9,8,300,2574
7,6,9,8,300,2574
6,3,9,8,300,2574
6,7,9,8,300,2574
5,2,9,8,300,2574
5,8,9,8,300,2574
9,5,9,8,300,2574
9,4,9,8,300,2574
9,6,9,8,300,2574
8,3,9,8,300,2574
8,7,9,8,300,2574
7,2,9,8,300,2574
7,8,9,8,300,2574
6,1,9,8,300,2574
6,9,9,8,300,2574
7,5,9,8,300,2574
8,4,9,8,300,2574
8,6,9,8,300,2574
9,3,9,8,300,2574
9,7,9,8,300,2574
9,2,9,8,300,2574
9,8,9,8,300,2574
8,1,9,8,300,2574
8,9,9,8,300,2574
7,0,9,8,300,2574
7,9,9,8,300,2574
0,5,9,8,301,2992
2,5,9,8,301,2992
1,4,9,8,301,2992
1,6,9,8,301,2992
4,5,9,8,301,2992
3,4,9,8,301,2992
3,6,9,8,301,2992
2,3,9,8,301,2992
2,7,9,8,301,2992
6,5,9,8,301,2992
5,4,9,8,301,2992
5,6,9,8,301,2992
4,3,9,8,301,2992
4,7,9,8,301,2992
3,2,9,8,301,2992
3,8,9,8,301,2992
8,5,9,8,301,2992
7,4,9,8,301,2992
7,6,9,8,301,2992
6,3,9,8,301,2992
6,7,9,8,301,2992
5,2,9,8,301,2992
5,8,9,8,301,2992
4,1,9,8,301,2992
4,9,9,8,301,2992
9,5,9,8,301,2992
9,4,9,8,301,2992
9,6,9,8,301,2992
8,3,9,8,301,2992
8,7,9,8,301,2992
7,2,9,8,301,2992
7,8,9,8,301,2992
6,1,9,8,301,2992
6,9,9,8,301,2992
5,0,9,8,301,2992
5,9,9,8,301,2992
7,5,9,8,301,2992
8,4,9,8,301,2992
8,6,9,8,301,2992
9,3,9,8,301,2992
9,7,9,8,301,2992
9,2,9,8,301,2992
9,8,9,8,301,2992
8,1,9,8,301,2992
8,9,9,8,301,2992
7,0,9,8,301,2992
7,9,9,8,301,2992
6,0,9,8,301,2992
6,8,9,8,301,2992
0,7,8,9,302,2574
2,7,8,9,302,2574
1,6,8,9,302,2574
1,8,8,9,302,2574
4,7,8,9,302,2574
3,6,8,9,302,2574
3,8,8,9,302,2574
2,5,8,9,302,2574
2,9,8,9,302,2574
6,7,8,9,302,2574
5,6,8,9,302,2574
5,8,8,9,302,2574
4,5,8,9,302,2574
4,9,8,9,302,2574
3,4,8,9,302,2574
3,9,8,9,302,2574
8,7,8,9,302,2574
7,6,8,9,302,2574
7,8,8,9,302,2574
6,5,8,9,302,2574
6,9,8,9,302,2574
5,4,8,9,302,2574
5,9,8,9,302,2574
4,3,8,9,302,2574
4,8,8,9,302,2574
9,7,8,9,302,2574
9,6,8,9,302,2574
9,8,8,9,302,2574
8,5,8,9,302,2574
8,9,8,9,302,2574
7,4,8,9,302,2574
7,9,8,9,302,2574
6,3,8,9,302,2574
6,8,8,9,302,2574
5,2,8,9,302,2574
5,7,8,9,302,2574
0,7,8,9,303,2990
1,7,8,9,303,2990
0,6,8,9,303,2990
0,8,8,9,303,2990
2,7,8,9,303,2990
1,6,8,9,303,2990
1,8,8,9,303,2990
0,5,8,9,303,2990
0,9,8,9,303,2990
4,7,8,9,303,2990
3,6,8,9,303,2990
3,8,8,9,303,2990
2,5,8,9,303,2990
2,9,8,9,303,2990
1,4,8,9,303,2990
1,9,8,9,303,2990
6,7,8,9,303,2990
5,6,8,9,303,2990
5,8,8,9,303,2990
4,5,8,9,303,2990
4,9,8,9,303,2990
3,4,8,9,303,2990
3,9,8,9,303,2990
2,3,8,9,303,2990
2,8,8,9,303,2990
8,7,8,9,303,2990
7,6,8,9,303,2990
7,8,8,9,303,2990
6,5,8,9,303,2990
6,9,8,9,303,2990
5,4,8,9,303,2990
5,9,8,9,303,2990
4,3,8,9,303,2990
4,8,8,9,303,2990
3,2,8,9,303,2990
3,7,8,9,303,2990
9,7,8,9,303,2990
9,6,8,9,303,2990
9,8,8,9,303,2990
8,5,8,9,303,2990
8,9,8,9,303,2990
7,4,8,9,303,2990
7,9,8,9,303,2990
6,3,8,9,303,2990
6,8,8,9,303,2990
5,2,8,9,303,2990
5,7,8,9,303,2990
4,1,8,9,303,2990
4,6,8,9,303,2990
0,8,8,9,304,2571
1,8,8,9,304,2571
0,7,8,9,304,2571
0,9,8,9,304,2571
3,8,8,9,304,2571
2,7,8,9,304,2571
2,9,8,9,304,2571
1,6,8,9,304,2571
1,9,8,9,304,2571
5,8,8,9,304,2571
4,7,8,9,304,2571
4,9,8,9,304,2571
3,6,8,9,304,2571
3,9,8,9,304,2571
2,5,8,9,304,2571
2,8,8,9,304,2571
7,8,8,9,304,2571
6,7,8,9,304,2571
6,9,8,9,304,2571
5,6,8,9,304,2571
5,9,8,9,304,2571
4,5,8,9,304,2571
4,8,8,9,304,2571
3,4,8,9,304,2571
3,7,8,9,304,2571
9,8,8,9,304,2571
8,7,8,9,304,2571
8,9,8,9,304,2571
7,6,8,9,304,2571
7,9,8,9,304,2571
6,5,8,9,304,2571
6,8,8,9,304,2571
5,4,8,9,304,2571
5,7,8,9,304,2571
4,3,8,9,304,2571
4,6,8,9,304,2571
5,4,9,6,305,1965
7,4,9,6,305,1965
6,3,9,6,305,1965
6,5,9,6,305,1965
9,4,9,6,305,1965
8,3,9,6,305,1965
8,5,9,6,305,1965
7,2,9,6,305,1965
7,6,9,6,305,1965
8,4,9,6,305,1965
9,3,9,6,305,1965
9,5,9,6,305,1965
9,2,9,6,305,1965
9,6,9,6,305,1965
8,1,9,6,305,1965
8,7,9,6,305,1965
6,4,9,6,305,1965
7,3,9,6,305,1965
7,5,9,6,305,1965
8,2,9,6,305,1965
8,6,9,6,305,1965
9,1,9,6,305,1965
9,7,9,6,305,1965
9,0,9,6,305,1965
9,8,9,6,305,1965
4,5,9,8,306,2127
6,5,9,8,306,2127
5,4,9,8,306,2127
5,6,9,8,306,2127
8,5,9,8,306,2127
7,4,9,8,306,2127
7,6,9,8,306,2127
6,3,9,8,306,2127
6,7,9,8,306,2127
9,5,9,8,306,2127
9,4,9,8,306,2127
9,6,9,8,306,2127
8,3,9,8,306,2127
8,7,9,8,306,2127
7,2,9,8,306,2127
7,8,9,8,306,2127
7,5,9,8,306,2127
8,4,9,8,306,2127
8,6,9,8,306,2127
9,3,9,8,306,2127
9,7,9,8,306,2127
9,2,9,8,306,2127
9,8,9,8,306,2127
8,1,9,8,306,2127
8,9,9,8,306,2127
3,6,9,8,307,2128
5,6,9,8,307,2128
4,5,9,8,307,2128
4,7,9,8,307,2128
7,6,9,8,307,2128
6,5,9,8,307,2128
6,7,9,8,307,2128
5,4,9,8,307,2128
5,8,9,8,307,2128
9,6,9,8,307,2128
8,5,9,8,307,2128
8,7,9,8,307,2128
7,4,9,8,307,2128
7,8,9,8,307,2128
6,3,9,8,307,2128
6,9,9,8,307,2128
8,6,9,8,307,2128
9,5,9,8,307,2128
9,7,9,8,307,2128
9,4,9,8,307,2128
9,8,9,8,307,2128
8,3,9,8,307,2128
8,9,9,8,307,2128
7,2,9,8,307,2128
7,9,9,8,307,2128
2,7,8,9,308,2128
4,7,8,9,308,2128
3,6,8,9,308,2128
3,8,8,9,308,2128
6,7,8,9,308,2128
5,6,8,9,308,2128
5,8,8,9,308,2128
4,5,8,9,308,2128
4,9,8,9,308,2128
8,7,8,9,308,2128
7,6,8,9,308,2128
7,8,8,9,308,2128
6,5,8,9,308,2128
6,9,8,9,308,2128
5,4,8,9,308,2128
5,9,8,9,308,2128
9,7,8,9,308,2128
9,6,8,9,308,2128
9,8,8,9,308,2128
8,5,8,9,308,2128
8,9,8,9,308,2128
7,4,8,9,308,2128
7,9,8,9,308,2128
6,3,8,9,308,2128
6,8,8,9,308,2128
1,8,8,9,309,2127
3,8,8,9,309,2127
2,7,8,9,309,2127
2,9,8,9,309,2127
5,8,8,9,309,2127
4,7,8,9,309,2127
4,9,8,9,309,2127
3,6,8,9,309,2127
3,9,8,9,309,2127
7,8,8,9,309,2127
6,7,8,9,309,2127
6,9,8,9,309,2127
5,6,8,9,309,2127
5,9,8,9,309,2127
4,5,8,9,309,2127
4,8,8,9,309,2127
9,8,8,9,309,2127
8,7,8,9,309,2127
8,9,8,9,309,2127
7,6,8,9,309,2127
7,9,8,9,309,2127
6,5,8,9,309,2127
6,8,8,9,309,2127
5,4,8,9,309,2127
5,7,8,9,309,2127
5,6,9,8,277,1650
7,6,9,8,277,1650
6,5,9,8,277,1650
6,7,9,8,277,1650
9,6,9,8,277,1650
8,5,9,8,277,1650
8,7,9,8,277,1650
7,4,9,8,277,1650
7,8,9,8,277,1650
8,6,9,8,277,1650
9,5,9,8,277,1650
9,7,9,8,277,1650
9,4,9,8,277,1650
9,8,9,8,277,1650
8,3,9,8,277,1650
8,9,9,8,277,1650
4,7,6,9,310,1650
6,7,6,9,310,1650
5,6,6,9,310,1650
5,8,6,9,310,1650
8,7,6,9,310,1650
7,6,6,9,310,1650
7,8,6,9,310,1650
6,5,6,9,310,1650
6,9,6,9,310,1650
9,7,6,9,310,1650
9,6,6,9,310,1650
9,8,6,9,310,1650
8,5,6,9,310,1650
8,9,6,9,310,1650
7,4,6,9,310,1650
7,9,6,9,310,1650
3,8,8,9,278,1650
5,8,8,9,278,1650
4,7,8,9,278,1650
4,9,8,9,278,1650
7,8,8,9,278,1650
6,7,8,9,278,1650
6,9,8,9,278,1650
5,6,8,9,278,1650
5,9,8,9,278,1650
9,8,8,9,278,1650
8,7,8,9,278,1650
8,9,8,9,278,1650
7,6,8,9,278,1650
7,9,8,9,278,1650
6,5,8,9,278,1650
6,8,8,9,278,1650
7,6,9,8,311,1136
9,6,9,8,311,1136
8,5,9,8,311,1136
8,7,9,8,311,1136
8,6,9,8,311,1136
9,5,9,8,311,1136
9,7,9,8,311,1136
9,4,9,8,311,1136
9,8,9,8,311,1136
4,9,8,9,312,1136
6,9,8,9,312,1136
5,8,8,9,312,1136
5,9,8,9,312,1136
8,9,8,9,312,1136
7,8,8,9,312,1136
7,9,8,9,312,1136
6,7,8,9,312,1136
6,8,8,9,312,1136
8,7,9,8,280,588
9,7,9,8,280,588
9,6,9,8,280,588
9,8,9,8,280,588
9,8,9,8,0,0
8,9,8,9,0,0
6,9,8,9,281,588
8,9,8,9,281,588
7,8,8,9,281,588
7,9,8,9,281,588
0,0,9,9,313,4687
1,0,9,9,313,4687
0,1,9,9,313,4687
2,0,9,9,313,4687
1,1,9,9,313,4687
0,2,9,9,313,4687
3,0,9,9,313,4687
2,1,9,9,313,4687
1,2,9,9,313,4687
0,3,9,9,313,4687
4,0,9,9,313,4687
3,1,9,9,313,4687
2,2,9,9,313,4687
1,3,9,9,313,4687
0,4,9,9,313,4687
6,0,9,9,313,4687
5,0,9,9,313,4687
5,1,9,9,313,4687
4,1,9,9,313,4687
4,2,9,9,313,4687
3,2,9,9,313,4687
3,3,9,9,313,4687
2,3,9,9,313,4687
2,4,9,9,313,4687
1,4,9,9,313,4687
1,5,9,9,313,4687
8,0,9,9,313,4687
7,0,9,9,313,4687
7,1,9,9,313,4687
6,1,9,9,313,4687
6,2,9,9,313,4687
5,2,9,9,313,4687
5,3,9,9,313,4687
4,3,9,9,313,4687
4,4,9,9,313,4687
3,4,9,9,313,4687
3,5,9,9,313,4687
2,5,9,9,313,4687
2,6,9,9,313,4687
9,0,9,9,313,4687
9,1,9,9,313,4687
8,1,9,9,313,4687
8,2,9,9,313,4687
7,2,9,9,313,4687
7,3,9,9,313,4687
6,3,9,9,313,4687
6,4,9,9,313,4687
5,4,9,9,313,4687
5,5,9,9,313,4687
4,5,9,9,313,4687
4,6,9,9,313,4687
3,6,9,9,313,4687
3,7,9,9,313,4687
9,2,9,9,313,4687
9,3,9,9,313,4687
8,3,9,9,313,4687
8,4,9,9,313,4687
7,4,9,9,313,4687
7,5,9,9,313,4687
6,5,9,9,313,4687
6,6,9,9,313,4687
5,6,9,9,313,4687
5,7,9,9,313,4687
4,7,9,9,313,4687
4,8,9,9,313,4687
9,4,9,9,313,4687
9,5,9,9,313,4687
8,5,9,9,313,4687
8,6,9,9,313,4687
7,6,9,9,313,4687
7,7,9,9,313,4687
6,7,9,9,313,4687
6,8,9,9,313,4687
5,8,9,9,313,4687
5,9,9,9,313,4687
9,6,9,9,313,4687
9,7,9,9,313,4687
8,7,9,9,313,4687
8,8,9,9,313,4687
7,8,9,9,313,4687
7,9,9,9,313,4687
6,9,9,9,313,4687
9,8,9,9,313,4687
9,9,9,9,313,4687
8,9,9,9,313,4687
0,0,9,7,314,4174
1,0,9,7,314,4174
0,1,9,7,314,4174
2,0,9,7,314,4174
1,1,9,7,314,4174
0,2,9,7,314,4174
4,0,9,7,314,4174
3,0,9,7,314,4174
3,1,9,7,314,4174
2,1,9,7,314,4174
2,2,9,7,314,4174
1,2,9,7,314,4174
1,3,9,7,314,4174
6,0,9,7,314,4174
5,0,9,7,314,4174
5,1,9,7,314,4174
4,1,9,7,314,4174
4,2,9,7,314,4174
3,2,9,7,314,4174
3,3,9,7,314,4174
2,3,9,7,314,4174
2,4,9,7,314,4174
8,0,9,7,314,4174
7,0,9,7,314,4174
7,1,9,7,314,4174
6,1,9,7,314,4174
6,2,9,7,314,4174
5,2,9,7,314,4174
5,3,9,7,314,4174
4,3,9,7,314,4174
4,4,9,7,314,4174
3,4,9,7,314,4174
3,5,9,7,314,4174
9,0,9,7,314,4174
9,1,9,7,314,4174
8,1,9,7,314,4174
8,2,9,7,314,4174
7,2,9,7,314,4174
7,3,9,7,314,4174
6,3,9,7,314,4174
6,4,9,7,314,4174
5,4,9,7,314,4174
5,5,9,7,314,4174
4,5,9,7,314,4174
4,6,9,7,314,4174
9,2,9,7,314,4174
9,3,9,7,314,4174
8,3,9,7,314,4174
8,4,9,7,314,4174
7,4,9,7,314,4174
7,5,9,7,314,4174
6,5,9,7,314,4174
6,6,9,7,314,4174
5,6,9,7,314,4174
5,7,9,7,314,4174
9,4,9,7,314,4174
9,5,9,7,314,4174
8,5,9,7,314,4174
8,6,9,7,314,4174
7,6,9,7,314,4174
7,7,9,7,314,4174
6,7,9,7,314,4174
6,8,9,7,314,4174
9,6,9,7,314,4174
9,7,9,7,314,4174
8,7,9,7,314,4174
8,8,9,7,314,4174
7,8,9,7,314,4174
7,9,9,7,314,4174
9,8,9,7,314,4174
9,9,9,7,314,4174
8,9,9,7,314,4174
0,0,8,6,315,4103
2,0,8,6,315,4103
1,0,8,6,315,4103
1,1,8,6,315,4103
4,0,8,6,315,4103
3,0,8,6,315,4103
3,1,8,6,315,4103
2,1,8,6,315,4103
2,2,8,6,315,4103
6,0,8,6,315,4103
5,0,8,6,315,4103
5,1,8,6,315,4103
4,1,8,6,315,4103
4,2,8,6,315,4103
3,2,8,6,315,4103
3,3,8,6,315,4103
8,0,8,6,315,4103
7,0,8,6,315,4103
7,1,8,6,315,4103
6,1,8,6,315,4103
6,2,8,6,315,4103
5,2,8,6,315,4103
5,3,8,6,315,4103
4,3,8,6,315,4103
4,4,8,6,315,4103
9,0,8,6,315,4103
9,1,8,6,315,4103
8,1,8,6,315,4103
8,2,8,6,315,4103
7,2,8,6,315,4103
7,3,8,6,315,4103
6,3,8,6,315,4103
6,4,8,6,315,4103
5,4,8,6,315,4103
5,5,8,6,315,4103
9,2,8,6,315,4103
9,3,8,6,315,4103
8,3,8,6,315,4103
8,4,8,6,315,4103
7,4,8,6,315,4103
7,5,8,6,315,4103
6,5,8,6,315,4103
6,6,8,6,315,4103
9,4,8,6,315,4103
9,5,8,6,315,4103
8,5,8,6,315,4103
8,6,8,6,315,4103
7,6,8,6,315,4103
7,7,8,6,315,4103
9,6,8,6,315,4103
9,7,8,6,315,4103
8,7,8,6,315,4103
8,8,8,6,315,4103
9,8,8,6,315,4103
9,9,8,6,315,4103
0,1,9,9,316,4070
1,1,9,9,316,4070
0,0,9,9,316,4070
0,2,9,9,316,4070
3,1,9,9,316,4070
2,0,9,9,316,4070
2,2,9,9,316,4070
1,0,9,9,316,4070
1,3,9,9,316,4070
5,1,9,9,316,4070
4,0,9,9,316,4070
4,2,9,9,316,4070
3,0,9,9,316,4070
3,3,9,9,316,4070
2,1,9,9,316,4070
2,4,9,9,316,4070
7,1,9,9,316,4070
6,0,9,9,316,4070
6,2,9,9,316,4070
5,0,9,9,316,4070
5,3,9,9,316,4070
4,1,9,9,316,4070
4,4,9,9,316,4070
3,2,9,9,316,4070
3,5,9,9,316,4070
9,1,9,9,316,4070
8,0,9,9,316,4070
8,2,9,9,316,4070
7,0,9,9,316,4070
7,3,9,9,316,4070
6,1,9,9,316,4070
6,4,9,9,316,4070
5,2,9,9,316,4070
5,5,9,9,316,4070
4,3,9,9,316,4070
4,6,9,9,316,4070
8,1,9,9,316,4070
9,0,9,9,316,4070
9,2,9,9,316,4070
9,3,9,9,316,4070
8,4,9,9,316,4070
7,2,9,9,316,4070
7,5,9,9,316,4070
6,3,9,9,316,4070
6,6,9,9,316,4070
5,4,9,9,316,4070
5,7,9,9,316,4070
8,3,9,9,316,4070
9,4,9,9,316,4070
9,5,9,9,316,4070
8,6,9,9,316,4070
7,4,9,9,316,4070
7,7,9,9,316,4070
6,5,9,9,316,4070
6,8,9,9,316,4070
8,5,9,9,316,4070
9,6,9,9,316,4070
9,7,9,9,316,4070
8,8,9,9,316,4070
7,6,9,9,316,4070
7,9,9,9,316,4070
8,7,9,9,316,4070
9,8,9,9,316,4070
9,9,9,9,316,4070
8,9,9,9,316,4070
0,2,9,9,317,3734
2,2,9,9,317,3734
1,1,9,9,317,3734
1,3,9,9,317,3734
4,2,9,9,317,3734
3,1,9,9,317,3734
3,3,9,9,317,3734
2,0,9,9,317,3734
2,4,9,9,317,3734
6,2,9,9,317,3734
5,1,9,9,317,3734
5,3,9,9,317,3734
4,0,9,9,317,3734
4,4,9,9,317,3734
3,0,9,9,317,3734
3,5,9,9,317,3734
8,2,9,9,317,3734
7,1,9,9,317,3734
7,3,9,9,317,3734
6,0,9,9,317,3734
6,4,9,9,317,3734
5,0,9,9,317,3734
5,5,9,9,317,3734
4,1,9,9,317,3734
4,6,9,9,317,3734
9,2,9,9,317,3734
9,1,9,9,317,3734
9,3,9,9,317,3734
8,0,9,9,317,3734
8,4,9,9,317,3734
7,0,9,9,317,3734
7,5,9,9,317,3734
6,1,9,9,317,3734
6,6,9,9,317,3734
5,2,9,9,317,3734
5,7,9,9,317,3734
7,2,9,9,317,3734
8,1,9,9,317,3734
8,3,9,9,317,3734
9,0,9,9,317,3734
9,4,9,9,317,3734
9,5,9,9,317,3734
8,6,9,9,317,3734
7,7,9,9,317,3734
6,3,9,9,317,3734
6,8,9,9,317,3734
7,4,9,9,317,3734
8,5,9,9,317,3734
9,6,9,9,317,3734
9,7,9,9,317,3734
8,8,9,9,317,3734
7,9,9,9,317,3734
3,2,9,9,317,3734
4,3,9,9,317,3734
5,4,9,9,317,3734
6,5,9,9,317,3734
7,6,9,9,317,3734
8,7,9,9,317,3734
9,8,9,9,317,3734
9,9,9,9,317,3734
8,9,9,9,317,3734
0,1,9,9,318,4393
1,1,9,9,318,4393
0,0,9,9,318,4393
0,2,9,9,318,4393
2,1,9,9,318,4393
1,0,9,9,318,4393
1,2,9,9,318,4393
0,3,9,9,318,4393
3,1,9,9,318,4393
2,0,9,9,318,4393
2,2,9,9,318,4393
1,3,9,9,318,4393
0,4,9,9,318,4393
5,1,9,9,318,4393
4,0,9,9,318,4393
4,2,9,9,318,4393
3,0,9,9,318,4393
3,3,9,9,318,4393
2,4,9,9,318,4393
1,5,9,9,318,4393
7,1,9,9,318,4393
6,0,9,9,318,4393
6,2,9,9,318,4393
5,0,9,9,318,4393
5,3,9,9,318,4393
4,1,9,9,318,4393
4,4,9,9,318,4393
3,2,9,9,318,4393
3,5,9,9,318,4393
2,3,9,9,318,4393
2,6,9,9,318,4393
9,1,9,9,318,4393
8,0,9,9,318,4393
8,2,9,9,318,4393
7,0,9,9,318,4393
7,3,9,9,318,4393
6,1,9,9,318,4393
6,4,9,9,318,4393
5,2,9,9,318,4393
5,5,9,9,318,4393
4,3,9,9,318,4393
4,6,9,9,318,4393
3,4,9,9,318,4393
3,7,9,9,318,4393
8,1,9,9,318,4393
9,0,9,9,318,4393
9,2,9,9,318,4393
9,3,9,9,318,4393
8,4,9,9,318,4393
7,2,9,9,318,4393
7,5,9,9,318,4393
6,3,9,9,318,4393
6,6,9,9,318,4393
5,4,9,9,318,4393
5,7,9,9,318,4393
4,5,9,9,318,4393
4,8,9,9,318,4393
8,3,9,9,318,4393
9,4,9,9,318,4393
9,5,9,9,318,4393
8,6,9,9,318,4393
7,4,9,9,318,4393
7,7,9,9,318,4393
6,5,9,9,318,4393
6,8,9,9,318,4393
5,6,9,9,318,4393
5,9,9,9,318,4393
8,5,9,9,318,4393
9,6,9,9,318,4393
9,7,9,9,318,4393
8,8,9,9,318,4393
7,6,9,9,318,4393
7,9,9,9,318,4393
6,7,9,9,318,4393
6,9,9,9,318,4393
8,7,9,9,318,4393
9,8,9,9,318,4393
9,9,9,9,318,4393
8,9,9,9,318,4393
7,8,9,9,318,4393
0,2,9,9,319,4078
1,2,9,9,319,4078
0,1,9,9,319,4078
0,3,9,9,319,4078
2,2,9,9,319,4078
1,1,9,9,319,4078
1,3,9,9,319,4078
0,0,9,9,319,4078
0,4,9,9,319,4078
4,2,9,9,319,4078
3,1,9,9,319,4078
3,3,9,9,319,4078
2,0,9,9,319,4078
2,4,9,9,319,4078
1,0,9,9,319,4078
1,5,9,9,319,4078
6,2,9,9,319,4078
5,1,9,9,319,4078
5,3,9,9,319,4078
4,0,9,9,319,4078
4,4,9,9,319,4078
3,0,9,9,319,4078
3,5,9,9,319,4078
2,1,9,9,319,4078
2,6,9,9,319,4078
8,2,9,9,319,4078
7,1,9,9,319,4078
7,3,9,9,319,4078
6,0,9,9,319,4078
6,4,9,9,319,4078
5,0,9,9,319,4078
5,5,9,9,319,4078
4,1,9,9,319,4078
4,6,9,9,319,4078
3,2,9,9,319,4078
3,7,9,9,319,4078
9,2,9,9,319,4078
9,1,9,9,319,4078
9,3,9,9,319,4078
8,0,9,9,319,4078
8,4,9,9,319,4078
7,0,9,9,319,4078
7,5,9,9,319,4078
6,1,9,9,319,4078
6,6,9,9,319,4078
5,2,9,9,319,4078
5,7,9,9,319,4078
4,3,9,9,319,4078
4,8,9,9,319,4078
7,2,9,9,319,4078
8,1,9,9,319,4078
8,3,9,9,319,4078
9,0,9,9,319,4078
9,4,9,9,319,4078
9,5,9,9,319,4078
8,6,9,9,319,4078
7,7,9,9,319,4078
6,3,9,9,319,4078
6,8,9,9,319,4078
5,4,9,9,319,4078
5,9,9,9,319,4078
7,4,9,9,319,4078
8,5,9,9,319,4078
9,6,9,9,319,4078
9,7,9,9,319,4078
8,8,9,9,319,4078
7,9,9,9,319,4078
6,5,9,9,319,4078
6,9,9,9,319,4078
7,6,9,9,319,4078
8,7,9,9,319,4078
9,8,9,9,319,4078
9,9,9,9,319,4078
8,9,9,9,319,4078
7,8,9,9,319,4078
0,3,9,9,320,3740
1,3,9,9,320,3740
0,2,9,9,320,3740
0,4,9,9,320,3740
3,3,9,9,320,3740
2,2,9,9,320,3740
2,4,9,9,320,3740
1,1,9,9,320,3740
1,5,9,9,320,3740
5,3,9,9,320,3740
4,2,9,9,320,3740
4,4,9,9,320,3740
3,1,9,9,320,3740
3,5,9,9,320,3740
2,0,9,9,320,3740
2,6,9,9,320,3740
7,3,9,9,320,3740
6,2,9,9,320,3740
6,4,9,9,320,3740
5,1,9,9,320,3740
5,5,9,9,320,3740
4,0,9,9,320,3740
4,6,9,9,320,3740
3,0,9,9,320,3740
3,7,9,9,320,3740
9,3,9,9,320,3740
8,2,9,9,320,3740
8,4,9,9,320,3740
7,1,9,9,320,3740
7,5,9,9,320,3740
6,0,9,9,320,3740
6,6,9,9,320,3740
5,0,9,9,320,3740
5,7,9,9,320,3740
4,1,9,9,320,3740
4,8,9,9,320,3740
8,3,9,9,320,3740
9,2,9,9,320,3740
9,4,9,9,320,3740
9,1,9,9,320,3740
9,5,9,9,320,3740
8,0,9,9,320,3740
8,6,9,9,320,3740
7,0,9,9,320,3740
7,7,9,9,320,3740
6,1,9,9,320,3740
6,8,9,9,320,3740
5,2,9,9,320,3740
5,9,9,9,320,3740
6,3,9,9,320,3740
7,2,9,9,320,3740
7,4,9,9,320,3740
8,1,9,9,320,3740
8,5,9,9,320,3740
9,0,9,9,320,3740
9,6,9,9,320,3740
9,7,9,9,320,3740
8,8,9,9,320,3740
7,9,9,9,320,3740
6,9,9,9,320,3740
4,3,9,9,320,3740
5,4,9,9,320,3740
6,5,9,9,320,3740
7,6,9,9,320,3740
8,7,9,9,320,3740
9,8,9,9,320,3740
9,9,9,9,320,3740
8,9,9,9,320,3740
7,8,9,9,320,3740
0,1,9,9,321,4694
1,1,9,9,321,4694
0,0,9,9,321,4694
0,2,9,9,321,4694
2,1,9,9,321,4694
1,0,9,9,321,4694
1,2,9,9,321,4694
0,3,9,9,321,4694
3,1,9,9,321,4694
2,0,9,9,321,4694
2,2,9,9,321,4694
1,3,9,9,321,4694
0,4,9,9,321,4694
4,1,9,9,321,4694
3,0,9,9,321,4694
3,2,9,9,321,4694
2,3,9,9,321,4694
1,4,9,9,321,4694
0,5,9,9,321,4694
5,1,9,9,321,4694
4,0,9,9,321,4694
4,2,9,9,321,4694
3,3,9,9,321,4694
2,4,9,9,321,4694
1,5,9,9,321,4694
0,6,9,9,321,4694
7,1,9,9,321,4694
6,0,9,9,321,4694
6,2,9,9,321,4694
5,0,9,9,321,4694
5,3,9,9,321,4694
4,4,9,9,321,4694
3,5,9,9,321,4694
2,6,9,9,321,4694
1,7,9,9,321,4694
9,1,9,9,321,4694
8,0,9,9,321,4694
8,2,9,9,321,4694
7,0,9,9,321,4694
7,3,9,9,321,4694
6,1,9,9,321,4694
6,4,9,9,321,4694
5,2,9,9,321,4694
5,5,9,9,321,4694
4,3,9,9,321,4694
4,6,9,9,321,4694
3,4,9,9,321,4694
3,7,9,9,321,4694
2,5,9,9,321,4694
2,8,9,9,321,4694
8,1,9,9,321,4694
9,0,9,9,321,4694
9,2,9,9,321,4694
9,3,9,9,321,4694
8,4,9,9,321,4694
7,2,9,9,321,4694
7,5,9,9,321,4694
6,3,9,9,321,4694
6,6,9,9,321,4694
5,4,9,9,321,4694
5,7,9,9,321,4694
4,5,9,9,321,4694
4,8,9,9,321,4694
3,6,9,9,321,4694
3,9,9,9,321,4694
8,3,9,9,321,4694
9,4,9,9,321,4694
9,5,9,9,321,4694
8,6,9,9,321,4694
7,4,9,9,321,4694
7,7,9,9,321,4694
6,5,9,9,321,4694
6,8,9,9,321,4694
5,6,9,9,321,4694
5,9,9,9,321,4694
4,7,9,9,321,4694
4,9,9,9,321,4694
8,5,9,9,321,4694
9,6,9,9,321,4694
9,7,9,9,321,4694
8,8,9,9,321,4694
7,6,9,9,321,4694
7,9,9,9,321,4694
6,7,9,9,321,4694
6,9,9,9,321,4694
5,8,9,9,321,4694
8,7,9,9,321,4694
9,8,9,9,321,4694
9,9,9,9,321,4694
8,9,9,9,321,4694
7,8,9,9,321,4694
0,2,8,6,322,4719
1,2,8,6,322,4719
0,1,8,6,322,4719
0,3,8,6,322,4719
2,2,8,6,322,4719
1,1,8,6,322,4719
1,3,8,6,322,4719
0,0,8,6,322,4719
0,4,8,6,322,4719
3,2,8,6,322,4719
2,1,8,6,322,4719
2,3,8,6,322,4719
1,0,8,6,322,4719
1,4,8,6,322,4719
0,5,8,6,322,4719
4,2,8,6,322,4719
3,1,8,6,322,4719
3,3,8,6,322,4719
2,0,8,6,322,4719
2,4,8,6,322,4719
1,5,8,6,322,4719
0,6,8,6,322,4719
5,2,8,6,322,4719
4,1,8,6,322,4719
4,3,8,6,322,4719
3,0,8,6,322,4719
3,4,8,6,322,4719
2,5,8,6,322,4719
1,6,8,6,322,4719
0,7,8,6,322,4719
6,2,8,6,322,4719
5,1,8,6,322,4719
5,3,8,6,322,4719
4,0,8,6,322,4719
4,4,8,6,322,4719
3,5,8,6,322,4719
2,6,8,6,322,4719
1,7,8,6,322,4719
0,8,8,6,322,4719
8,2,8,6,322,4719
7,1,8,6,322,4719
7,3,8,6,322,4719
6,0,8,6,322,4719
6,4,8,6,322,4719
5,0,8,6,322,4719
5,5,8,6,322,4719
4,6,8,6,322,4719
3,7,8,6,322,4719
2,8,8,6,322,4719
1,9,8,6,322,4719
9,2,8,6,322,4719
9,1,8,6,322,4719
9,3,8,6,322,4719
8,0,8,6,322,4719
8,4,8,6,322,4719
7,0,8,6,322,4719
7,5,8,6,322,4719
6,1,8,6,322,4719
6,6,8,6,322,4719
5,7,8,6,322,4719
4,8,8,6,322,4719
3,9,8,6,322,4719
2,9,8,6,322,4719
7,2,8,6,322,4719
8,1,8,6,322,4719
8,3,8,6,322,4719
9,0,8,6,322,4719
9,4,8,6,322,4719
9,5,8,6,322,4719
8,6,8,6,322,4719
7,7,8,6,322,4719
6,3,8,6,322,4719
6,8,8,6,322,4719
5,4,8,6,322,4719
5,9,8,6,322,4719
4,5,8,6,322,4719
4,9,8,6,322,4719
3,6,8,6,322,4719
3,8,8,6,322,4719
7,4,8,6,322,4719
8,5,8,6,322,4719
9,6,8,6,322,4719
9,7,8,6,322,4719
8,8,8,6,322,4719
7,9,8,6,322,4719
6,5,8,6,322,4719
6,9,8,6,322,4719
5,6,8,6,322,4719
5,8,8,6,322,4719
4,7,8,6,322,4719
7,6,8,6,322,4719
8,7,8,6,322,4719
9,8,8,6,322,4719
9,9,8,6,322,4719
8,9,8,6,322,4719
7,8,8,6,322,4719
6,7,8,6,322,4719
0,5,9,9,323,4086
1,5,9,9,323,4086
0,4,9,9,323,4086
0,6,9,9,323,4086
2,5,9,9,323,4086
1,4,9,9,323,4086
1,6,9,9,323,4086
0,3,9,9,323,4086
0,7,9,9,323,4086
3,5,9,9,323,4086
2,4,9,9,323,4086
2,6,9,9,323,4086
1,3,9,9,323,4086
1,7,9,9,323,4086
0,2,9,9,323,4086
0,8,9,9,323,4086
4,5,9,9,323,4086
3,4,9,9,323,4086
3,6,9,9,323,4086
2,3,9,9,323,4086
2,7,9,9,323,4086
1,2,9,9,323,4086
1,8,9,9,323,4086
0,1,9,9,323,4086
0,9,9,9,323,4086
5,5,9,9,323,4086
4,4,9,9,323,4086
4,6,9,9,323,4086
3,3,9,9,323,4086
3,7,9,9,323,4086
2,2,9,9,323,4086
2,8,9,9,323,4086
1,1,9,9,323,4086
1,9,9,9,323,4086
0,0,9,9,323,4086
7,5,9,9,323,4086
6,4,9,9,323,4086
6,6,9,9,323,4086
5,3,9,9,323,4086
5,7,9,9,323,4086
4,2,9,9,323,4086
4,8,9,9,323,4086
3,1,9,9,323,4086
3,9,9,9,323,4086
2,0,9,9,323,4086
2,9,9,9,323,4086
1,0,9,9,323,4086
9,5,9,9,323,4086
8,4,9,9,323,4086
8,6,9,9,323,4086
7,3,9,9,323,4086
7,7,9,9,323,4086
6,2,9,9,323,4086
6,8,9,9,323,4086
5,1,9,9,323,4086
5,9,9,9,323,4086
4,0,9,9,323,4086
4,9,9,9,323,4086
3,0,9,9,323,4086
3,8,9,9,323,4086
2,1,9,9,323,4086
8,5,9,9,323,4086
9,4,9,9,323,4086
9,6,9,9,323,4086
9,3,9,9,323,4086
9,7,9,9,323,4086
8,2,9,9,323,4086
8,8,9,9,323,4086
7,1,9,9,323,4086
7,9,9,9,323,4086
6,0,9,9,323,4086
6,9,9,9,323,4086
5,0,9,9,323,4086
5,8,9,9,323,4086
4,1,9,9,323,4086
4,7,9,9,323,4086
3,2,9,9,323,4086
6,5,9,9,323,4086
7,4,9,9,323,4086
7,6,9,9,323,4086
8,3,9,9,323,4086
8,7,9,9,323,4086
9,2,9,9,323,4086
9,8,9,9,323,4086
9,1,9,9,323,4086
9,9,9,9,323,4086
8,0,9,9,323,4086
8,9,9,9,323,4086
7,0,9,9,323,4086
7,8,9,9,323,4086
6,1,9,9,323,4086
6,7,9,9,323,4086
5,2,9,9,323,4086
5,6,9,9,323,4086
4,3,9,9,323,4086
0,6,9,9,324,3744
1,6,9,9,324,3744
0,5,9,9,324,3744
0,7,9,9,324,3744
2,6,9,9,324,3744
1,5,9,9,324,3744
1,7,9,9,324,3744
0,4,9,9,324,3744
0,8,9,9,324,3744
3,6,9,9,324,3744
2,5,9,9,324,3744
2,7,9,9,324,3744
1,4,9,9,324,3744
1,8,9,9,324,3744
0,3,9,9,324,3744
0,9,9,9,324,3744
4,6,9,9,324,3744
3,5,9,9,324,3744
3,7,9,9,324,3744
2,4,9,9,324,3744
2,8,9,9,324,3744
1,3,9,9,324,3744
1,9,9,9,324,3744
0,2,9,9,324,3744
6,6,9,9,324,3744
5,5,9,9,324,3744
5,7,9,9,324,3744
4,4,9,9,324,3744
4,8,9,9,324,3744
3,3,9,9,324,3744
3,9,9,9,324,3744
2,2,9,9,324,3744
2,9,9,9,324,3744
1,1,9,9,324,3744
8,6,9,9,324,3744
7,5,9,9,324,3744
7,7,9,9,324,3744
6,4,9,9,324,3744
6,8,9,9,324,3744
5,3,9,9,324,3744
5,9,9,9,324,3744
4,2,9,9,324,3744
4,9,9,9,324,3744
3,1,9,9,324,3744
3,8,9,9,324,3744
2,0,9,9,324,3744
9,6,9,9,324,3744
9,5,9,9,324,3744
9,7,9,9,324,3744
8,4,9,9,324,3744
8,8,9,9,324,3744
7,3,9,9,324,3744
7,9,9,9,324,3744
6,2,9,9,324,3744
6,9,9,9,324,3744
5,1,9,9,324,3744
5,8,9,9,324,3744
4,0,9,9,324,3744
4,7,9,9,324,3744
3,0,9,9,324,3744
7,6,9,9,324,3744
8,5,9,9,324,3744
8,7,9,9,324,3744
9,4,9,9,324,3744
9,8,9,9,324,3744
9,3,9,9,324,3744
9,9,9,9,324,3744
8,2,9,9,324,3744
8,9,9,9,324,3744
7,1,9,9,324,3744
7,8,9,9,324,3744
6,0,9,9,324,3744
6,7,9,9,324,3744
5,0,9,9,324,3744
5,6,9,9,324,3744
4,1,9,9,324,3744
4,5,9,9,324,3744
0,7,9,9,325,3740
1,7,9,9,325,3740
0,6,9,9,325,3740
0,8,9,9,325,3740
2,7,9,9,325,3740
1,6,9,9,325,3740
1,8,9,9,325,3740
0,5,9,9,325,3740
0,9,9,9,325,3740
3,7,9,9,325,3740
2,6,9,9,325,3740
2,8,9,9,325,3740
1,5,9,9,325,3740
1,9,9,9,325,3740
0,4,9,9,325,3740
4,7,9,9,325,3740
3,6,9,9,325,3740
3,8,9,9,325,3740
2,5,9,9,325,3740
2,9,9,9,325,3740
1,4,9,9,325,3740
0,3,9,9,325,3740
5,7,9,9,325,3740
4,6,9,9,325,3740
4,8,9,9,325,3740
3,5,9,9,325,3740
3,9,9,9,325,3740
2,4,9,9,325,3740
1,3,9,9,325,3740
0,2,9,9,325,3740
7,7,9,9,325,3740
6,6,9,9,325,3740
6,8,9,9,325,3740
5,5,9,9,325,3740
5,9,9,9,325,3740
4,4,9,9,325,3740
4,9,9,9,325,3740
3,3,9,9,325,3740
2,2,9,9,325,3740
1,1,9,9,325,3740
9,7,9,9,325,3740
8,6,9,9,325,3740
8,8,9,9,325,3740
7,5,9,9,325,3740
7,9,9,9,325,3740
6,4,9,9,325,3740
6,9,9,9,325,3740
5,3,9,9,325,3740
5,8,9,9,325,3740
4,2,9,9,325,3740
3,1,9,9,325,3740
2,0,9,9,325,3740
8,7,9,9,325,3740
9,6,9,9,325,3740
9,8,9,9,325,3740
9,5,9,9,325,3740
9,9,9,9,325,3740
8,4,9,9,325,3740
8,9,9,9,325,3740
7,3,9,9,325,3740
7,8,9,9,325,3740
6,2,9,9,325,3740
6,7,9,9,325,3740
5,1,9,9,325,3740
5,6,9,9,325,3740
4,0,9,9,325,3740
4,5,9,9,325,3740
3,0,9,9,325,3740
3,4,9,9,325,3740
2,2,9,7,326,3238
4,2,9,7,326,3238
3,1,9,7,326,3238
3,3,9,7,326,3238
6,2,9,7,326,3238
5,1,9,7,326,3238
5,3,9,7,326,3238
4,0,9,7,326,3238
4,4,9,7,326,3238
8,2,9,7,326,3238
7,1,9,7,326,3238
7,3,9,7,326,3238
6,0,9,7,326,3238
6,4,9,7,326,3238
5,0,9,7,326,3238
5,5,9,7,326,3238
9,2,9,7,326,3238
9,1,9,7,326,3238
9,3,9,7,326,3238
8,0,9,7,326,3238
8,4,9,7,326,3238
7,0,9,7,326,3238
7,5,9,7,326,3238
6,1,9,7,326,3238
6,6,9,7,326,3238
7,2,9,7,326,3238
8,1,9,7,326,3238
8,3,9,7,326,3238
9,0,9,7,326,3238
9,4,9,7,326,3238
9,5,9,7,326,3238
8,6,9,7,326,3238
7,7,9,7,326,3238
5,2,9,7,326,3238
6,3,9,7,326,3238
7,4,9,7,326,3238
8,5,9,7,326,3238
9,6,9,7,326,3238
9,7,9,7,326,3238
8,8,9,7,326,3238
3,2,9,7,326,3238
4,1,9,7,326,3238
4,3,9,7,326,3238
5,4,9,7,326,3238
6,5,9,7,326,3238
7,6,9,7,326,3238
8,7,9,7,326,3238
9,8,9,7,326,3238
9,9,9,7,326,3238
1,3,9,9,327,3373
3,3,9,9,327,3373
2,2,9,9,327,3373
2,4,9,9,327,3373
5,3,9,9,327,3373
4,2,9,9,327,3373
4,4,9,9,327,3373
3,1,9,9,327,3373
3,5,9,9,327,3373
7,3,9,9,327,3373
6,2,9,9,327,3373
6,4,9,9,327,3373
5,1,9,9,327,3373
5,5,9,9,327,3373
4,0,9,9,327,3373
4,6,9,9,327,3373
9,3,9,9,327,3373
8,2,9,9,327,3373
8,4,9,9,327,3373
7,1,9,9,327,3373
7,5,9,9,327,3373
6,0,9,9,327,3373
6,6,9,9,327,3373
5,0,9,9,327,3373
5,7,9,9,327,3373
8,3,9,9,327,3373
9,2,9,9,327,3373
9,4,9,9,327,3373
9,1,9,9,327,3373
9,5,9,9,327,3373
8,0,9,9,327,3373
8,6,9,9,327,3373
7,0,9,9,327,3373
7,7,9,9,327,3373
6,1,9,9,327,3373
6,8,9,9,327,3373
6,3,9,9,327,3373
7,2,9,9,327,3373
7,4,9,9,327,3373
8,1,9,9,327,3373
8,5,9,9,327,3373
9,0,9,9,327,3373
9,6,9,9,327,3373
9,7,9,9,327,3373
8,8,9,9,327,3373
7,9,9,9,327,3373
4,3,9,9,327,3373
5,2,9,9,327,3373
5,4,9,9,327,3373
6,5,9,9,327,3373
7,6,9,9,327,3373
8,7,9,9,327,3373
9,8,9,9,327,3373
9,9,9,9,327,3373
8,9,9,9,327,3373
2,4,9,9,328,2986
4,4,9,9,328,2986
3,3,9,9,328,2986
3,5,9,9,328,2986
6,4,9,9,328,2986
5,3,9,9,328,2986
5,5,9,9,328,2986
4,2,9,9,328,2986
4,6,9,9,328,2986
8,4,9,9,328,2986
7,3,9,9,328,2986
7,5,9,9,328,2986
6,2,9,9,328,2986
6,6,9,9,328,2986
5,1,9,9,328,2986
5,7,9,9,328,2986
9,4,9,9,328,2986
9,3,9,9,328,2986
9,5,9,9,328,2986
8,2,9,9,328,2986
8,6,9,9,328,2986
7,1,9,9,328,2986
7,7,9,9,328,2986
6,0,9,9,328,2986
6,8,9,9,328,2986
7,4,9,9,328,2986
8,3,9,9,328,2986
8,5,9,9,328,2986
9,2,9,9,328,2986
9,6,9,9,328,2986
9,1,9,9,328,2986
9,7,9,9,328,2986
8,0,9,9,328,2986
8,8,9,9,328,2986
7,0,9,9,328,2986
7,9,9,9,328,2986
5,4,9,9,328,2986
6,3,9,9,328,2986
6,5,9,9,328,2986
7,2,9,9,328,2986
7,6,9,9,328,2986
8,1,9,9,328,2986
8,7,9,9,328,2986
9,0,9,9,328,2986
9,8,9,9,328,2986
9,9,9,9,328,2986
8,9,9,9,328,2986
0,4,9,9,329,3378
2,4,9,9,329,3378
1,3,9,9,329,3378
1,5,9,9,329,3378
4,4,9,9,329,3378
3,3,9,9,329,3378
3,5,9,9,329,3378
2,2,9,9,329,3378
2,6,9,9,329,3378
6,4,9,9,329,3378
5,3,9,9,329,3378
5,5,9,9,329,3378
4,2,9,9,329,3378
4,6,9,9,329,3378
3,1,9,9,329,3378
3,7,9,9,329,3378
8,4,9,9,329,3378
7,3,9,9,329,3378
7,5,9,9,329,3378
6,2,9,9,329,3378
6,6,9,9,329,3378
5,1,9,9,329,3378
5,7,9,9,329,3378
4,0,9,9,329,3378
4,8,9,9,329,3378
9,4,9,9,329,3378
9,3,9,9,329,3378
9,5,9,9,329,3378
8,2,9,9,329,3378
8,6,9,9,329,3378
7,1,9,9,329,3378
7,7,9,9,329,3378
6,0,9,9,329,3378
6,8,9,9,329,3378
5,0,9,9,329,3378
5,9,9,9,329,3378
7,4,9,9,329,3378
8,3,9,9,329,3378
8,5,9,9,329,3378
9,2,9,9,329,3378
9,6,9,9,329,3378
9,1,9,9,329,3378
9,7,9,9,329,3378
8,0,9,9,329,3378
8,8,9,9,329,3378
7,0,9,9,329,3378
7,9,9,9,329,3378
6,1,9,9,329,3378
6,9,9,9,329,3378
5,4,9,9,329,3378
6,3,9,9,329,3378
6,5,9,9,329,3378
7,2,9,9,329,3378
7,6,9,9,329,3378
8,1,9,9,329,3378
8,7,9,9,329,3378
9,0,9,9,329,3378
9,8,9,9,329,3378
9,9,9,9,329,3378
8,9,9,9,329,3378
7,8,9,9,329,3378
1,5,9,9,330,2990
3,5,9,9,330,2990
2,4,9,9,330,2990
2,6,9,9,330,2990
5,5,9,9,330,2990
4,4,9,9,330,2990
4,6,9,9,330,2990
3,3,9,9,330,2990
3,7,9,9,330,2990
7,5,9,9,330,2990
6,4,9,9,330,2990
6,6,9,9,330,2990
5,3,9,9,330,2990
5,7,9,9,330,2990
4,2,9,9,330,2990
4,8,9,9,330,2990
9,5,9,9,330,2990
8,4,9,9,330,2990
8,6,9,9,330,2990
7,3,9,9,330,2990
7,7,9,9,330,2990
6,2,9,9,330,2990
6,8,9,9,330,2990
5,1,9,9,330,2990
5,9,9,9,330,2990
8,5,9,9,330,2990
9,4,9,9,330,2990
9,6,9,9,330,2990
9,3,9,9,330,2990
9,7,9,9,330,2990
8,2,9,9,330,2990
8,8,9,9,330,2990
7,1,9,9,330,2990
7,9,9,9,330,2990
6,0,9,9,330,2990
6,9,9,9,330,2990
6,5,9,9,330,2990
7,4,9,9,330,2990
7,6,9,9,330,2990
8,3,9,9,330,2990
8,7,9,9,330,2990
9,2,9,9,330,2990
9,8,9,9,330,2990
9,1,9,9,330,2990
9,9,9,9,330,2990
8,0,9,9,330,2990
8,9,9,9,330,2990
7,0,9,9,330,2990
7,8,9,9,330,2990
0,5,9,9,331,3381
1,5,9,9,331,3381
0,4,9,9,331,3381
0,6,9,9,331,3381
3,5,9,9,331,3381
2,4,9,9,331,3381
2,6,9,9,331,3381
1,3,9,9,331,3381
1,7,9,9,331,3381
5,5,9,9,331,3381
4,4,9,9,331,3381
4,6,9,9,331,3381
3,3,9,9,331,3381
3,7,9,9,331,3381
2,2,9,9,331,3381
2,8,9,9,331,3381
7,5,9,9,331,3381
6,4,9,9,331,3381
6,6,9,9,331,3381
5,3,9,9,331,3381
5,7,9,9,331,3381
4,2,9,9,331,3381
4,8,9,9,331,3381
3,1,9,9,331,3381
3,9,9,9,331,3381
9,5,9,9,331,3381
8,4,9,9,331,3381
8,6,9,9,331,3381
7,3,9,9,331,3381
7,7,9,9,331,3381
6,2,9,9,331,3381
6,8,9,9,331,3381
5,1,9,9,331,3381
5,9,9,9,331,3381
4,0,9,9,331,3381
4,9,9,9,331,3381
8,5,9,9,331,3381
9,4,9,9,331,3381
9,6,9,9,331,3381
9,3,9,9,331,3381
9,7,9,9,331,3381
8,2,9,9,331,3381
8,8,9,9,331,3381
7,1,9,9,331,3381
7,9,9,9,331,3381
6,0,9,9,331,3381
6,9,9,9,331,3381
5,0,9,9,331,3381
5,8,9,9,331,3381
6,5,9,9,331,3381
7,4,9,9,331,3381
7,6,9,9,331,3381
8,3,9,9,331,3381
8,7,9,9,331,3381
9,2,9,9,331,3381
9,8,9,9,331,3381
9,1,9,9,331,3381
9,9,9,9,331,3381
8,0,9,9,331,3381
8,9,9,9,331,3381
7,0,9,9,331,3381
7,8,9,9,331,3381
6,1,9,9,331,3381
6,7,9,9,331,3381
0,7,9,9,332,2990
1,7,9,9,332,2990
0,6,9,9,332,2990
0,8,9,9,332,2990
3,7,9,9,332,2990
2,6,9,9,332,2990
2,8,9,9,332,2990
1,5,9,9,332,2990
1,9,9,9,332,2990
5,7,9,9,332,2990
4,6,9,9,332,2990
4,8,9,9,332,2990
3,5,9,9,332,2990
3,9,9,9,332,2990
2,4,9,9,332,2990
2,9,9,9,332,2990
7,7,9,9,332,2990
6,6,9,9,332,2990
6,8,9,9,332,2990
5,5,9,9,332,2990
5,9,9,9,332,2990
4,4,9,9,332,2990
4,9,9,9,332,2990
3,3,9,9,332,2990
3,8,9,9,332,2990
9,7,9,9,332,2990
8,6,9,9,332,2990
8,8,9,9,332,2990
7,5,9,9,332,2990
7,9,9,9,332,2990
6,4,9,9,332,2990
6,9,9,9,332,2990
5,3,9,9,332,2990
5,8,9,9,332,2990
4,2,9,9,332,2990
4,7,9,9,332,2990
8,7,9,9,332,2990
9,6,9,9,332,2990
9,8,9,9,332,2990
9,5,9,9,332,2990
9,9,9,9,332,2990
8,4,9,9,332,2990
8,9,9,9,332,2990
7,3,9,9,332,2990
7,8,9,9,332,2990
6,2,9,9,332,2990
6,7,9,9,332,2990
5,1,9,9,332,2990
5,6,9,9,332,2990
0,7,9,9,333,3378
1,7,9,9,333,3378
0,6,9,9,333,3378
0,8,9,9,333,3378
2,7,9,9,333,3378
1,6,9,9,333,3378
1,8,9,9,333,3378
0,5,9,9,333,3378
0,9,9,9,333,3378
3,7,9,9,333,3378
2,6,9,9,333,3378
2,8,9,9,333,3378
1,5,9,9,333,3378
1,9,9,9,333,3378
0,4,9,9,333,3378
5,7,9,9,333,3378
4,6,9,9,333,3378
4,8,9,9,333,3378
3,5,9,9,333,3378
3,9,9,9,333,3378
2,4,9,9,333,3378
2,9,9,9,333,3378
1,3,9,9,333,3378
7,7,9,9,333,3378
6,6,9,9,333,3378
6,8,9,9,333,3378
5,5,9,9,333,3378
5,9,9,9,333,3378
4,4,9,9,333,3378
4,9,9,9,333,3378
3,3,9,9,333,3378
3,8,9,9,333,3378
2,2,9,9,333,3378
9,7,9,9,333,3378
8,6,9,9,333,3378
8,8,9,9,333,3378
7,5,9,9,333,3378
7,9,9,9,333,3378
6,4,9,9,333,3378
6,9,9,9,333,3378
5,3,9,9,333,3378
5,8,9,9,333,3378
4,2,9,9,333,3378
4,7,9,9,333,3378
3,1,9,9,333,3378
3,6,9,9,333,3378
8,7,9,9,333,3378
9,6,9,9,333,3378
9,8,9,9,333,3378
9,5,9,9,333,3378
9,9,9,9,333,3378
8,4,9,9,333,3378
8,9,9,9,333,3378
7,3,9,9,333,3378
7,8,9,9,333,3378
6,2,9,9,333,3378
6,7,9,9,333,3378
5,1,9,9,333,3378
5,6,9,9,333,3378
4,0,9,9,333,3378
4,5,9,9,333,3378
0,8,9,9,334,2986
1,8,9,9,334,2986
0,7,9,9,334,2986
0,9,9,9,334,2986
2,8,9,9,334,2986
1,7,9,9,334,2986
1,9,9,9,334,2986
0,6,9,9,334,2986
4,8,9,9,334,2986
3,7,9,9,334,2986
3,9,9,9,334,2986
2,6,9,9,334,2986
2,9,9,9,334,2986
1,5,9,9,334,2986
6,8,9,9,334,2986
5,7,9,9,334,2986
5,9,9,9,334,2986
4,6,9,9,334,2986
4,9,9,9,334,2986
3,5,9,9,334,2986
3,8,9,9,334,2986
2,4,9,9,334,2986
2,7,9,9,334,2986
8,8,9,9,334,2986
7,7,9,9,334,2986
7,9,9,9,334,2986
6,6,9,9,334,2986
6,9,9,9,334,2986
5,5,9,9,334,2986
5,8,9,9,334,2986
4,4,9,9,334,2986
4,7,9,9,334,2986
3,3,9,9,334,2986
3,6,9,9,334,2986
9,8,9,9,334,2986
9,7,9,9,334,2986
9,9,9,9,334,2986
8,6,9,9,334,2986
8,9,9,9,334,2986
7,5,9,9,334,2986
7,8,9,9,334,2986
6,4,9,9,334,2986
6,7,9,9,334,2986
5,3,9,9,334,2986
5,6,9,9,334,2986
4,2,9,9,334,2986
4,5,9,9,334,2986
4,4,9,7,335,2420
6,4,9,7,335,2420
5,3,9,7,335,2420
5,5,9,7,335,2420
8,4,9,7,335,2420
7,3,9,7,335,2420
7,5,9,7,335,2420
6,2,9,7,335,2420
6,6,9,7,335,2420
9,4,9,7,335,2420
9,3,9,7,335,2420
9,5,9,7,335,2420
8,2,9,7,335,2420
8,6,9,7,335,2420
7,1,9,7,335,2420
7,7,9,7,335,2420
7,4,9,7,335,2420
8,3,9,7,335,2420
8,5,9,7,335,2420
9,2,9,7,335,2420
9,6,9,7,335,2420
9,1,9,7,335,2420
9,7,9,7,335,2420
8,0,9,7,335,2420
8,8,9,7,335,2420
5,4,9,7,335,2420
6,3,9,7,335,2420
6,5,9,7,335,2420
7,2,9,7,335,2420
7,6,9,7,335,2420
8,1,9,7,335,2420
8,7,9,7,335,2420
9,0,9,7,335,2420
9,8,9,7,335,2420
9,9,9,7,335,2420
3,5,9,9,336,2571
5,5,9,9,336,2571
4,4,9,9,336,2571
4,6,9,9,336,2571
7,5,9,9,336,2571
6,4,9,9,336,2571
6,6,9,9,336,2571
5,3,9,9,336,2571
5,7,9,9,336,2571
9,5,9,9,336,2571
8,4,9,9,336,2571
8,6,9,9,336,2571
7,3,9,9,336,2571
7,7,9,9,336,2571
6,2,9,9,336,2571
6,8,9,9,336,2571
8,5,9,9,336,2571
9,4,9,9,336,2571
9,6,9,9,336,2571
9,3,9,9,336,2571
9,7,9,9,336,2571
8,2,9,9,336,2571
8,8,9,9,336,2571
7,1,9,9,336,2571
7,9,9,9,336,2571
6,5,9,9,336,2571
7,4,9,9,336,2571
7,6,9,9,336,2571
8,3,9,9,336,2571
8,7,9,9,336,2571
9,2,9,9,336,2571
9,8,9,9,336,2571
9,1,9,9,336,2571
9,9,9,9,336,2571
8,0,9,9,336,2571
8,9,9,9,336,2571
2,6,9,9,337,2574
4,6,9,9,337,2574
3,5,9,9,337,2574
3,7,9,9,337,2574
6,6,9,9,337,2574
5,5,9,9,337,2574
5,7,9,9,337,2574
4,4,9,9,337,2574
4,8,9,9,337,2574
8,6,9,9,337,2574
7,5,9,9,337,2574
7,7,9,9,337,2574
6,4,9,9,337,2574
6,8,9,9,337,2574
5,3,9,9,337,2574
5,9,9,9,337,2574
9,6,9,9,337,2574
9,5,9,9,337,2574
9,7,9,9,337,2574
8,4,9,9,337,2574
8,8,9,9,337,2574
7,3,9,9,337,2574
7,9,9,9,337,2574
6,2,9,9,337,2574
6,9,9,9,337,2574
7,6,9,9,337,2574
8,5,9,9,337,2574
8,7,9,9,337,2574
9,4,9,9,337,2574
9,8,9,9,337,2574
9,3,9,9,337,2574
9,9,9,9,337,2574
8,2,9,9,337,2574
8,9,9,9,337,2574
7,1,9,9,337,2574
7,8,9,9,337,2574
1,7,9,9,338,2574
3,7,9,9,338,2574
2,6,9,9,338,2574
2,8,9,9,338,2574
5,7,9,9,338,2574
4,6,9,9,338,2574
4,8,9,9,338,2574
3,5,9,9,338,2574
3,9,9,9,338,2574
7,7,9,9,338,2574
6,6,9,9,338,2574
6,8,9,9,338,2574
5,5,9,9,338,2574
5,9,9,9,338,2574
4,4,9,9,338,2574
4,9,9,9,338,2574
9,7,9,9,338,2574
8,6,9,9,338,2574
8,8,9,9,338,2574
7,5,9,9,338,2574
7,9,9,9,338,2574
6,4,9,9,338,2574
6,9,9,9,338,2574
5,3,9,9,338,2574
5,8,9,9,338,2574
8,7,9,9,338,2574
9,6,9,9,338,2574
9,8,9,9,338,2574
9,5,9,9,338,2574
9,9,9,9,338,2574
8,4,9,9,338,2574
8,9,9,9,338,2574
7,3,9,9,338,2574
7,8,9,9,338,2574
6,2,9,9,338,2574
6,7,9,9,338,2574
0,8,9,9,339,2571
2,8,9,9,339,2571
1,7,9,9,339,2571
1,9,9,9,339,2571
4,8,9,9,339,2571
3,7,9,9,339,2571
3,9,9,9,339,2571
2,6,9,9,339,2571
2,9,9,9,339,2571
6,8,9,9,339,2571
5,7,9,9,339,2571
5,9,9,9,339,2571
4,6,9,9,339,2571
4,9,9,9,339,2571
3,5,9,9,339,2571
3,8,9,9,339,2571
8,8,9,9,339,2571
7,7,9,9,339,2571
7,9,9,9,339,2571
6,6,9,9,339,2571
6,9,9,9,339,2571
5,5,9,9,339,2571
5,8,9,9,339,2571
4,4,9,9,339,2571
4,7,9,9,339,2571
9,8,9,9,339,2571
9,7,9,9,339,2571
9,9,9,9,339,2571
8,6,9,9,339,2571
8,9,9,9,339,2571
7,5,9,9,339,2571
7,8,9,9,339,2571
6,4,9,9,339,2571
6,7,9,9,339,2571
5,3,9,9,339,2571
5,6,9,9,339,2571
4,6,9,9,340,2127
6,6,9,9,340,2127
5,5,9,9,340,2127
5,7,9,9,340,2127
8,6,9,9,340,2127
7,5,9,9,340,2127
7,7,9,9,340,2127
6,4,9,9,340,2127
6,8,9,9,340,2127
9,6,9,9,340,2127
9,5,9,9,340,2127
9,7,9,9,340,2127
8,4,9,9,340,2127
8,8,9,9,340,2127
7,3,9,9,340,2127
7,9,9,9,340,2127
7,6,9,9,340,2127
8,5,9,9,340,2127
8,7,9,9,340,2127
9,4,9,9,340,2127
9,8,9,9,340,2127
9,3,9,9,340,2127
9,9,9,9,340,2127
8,2,9,9,340,2127
8,9,9,9,340,2127
3,7,7,9,341,2128
5,7,7,9,341,2128
4,6,7,9,341,2128
4,8,7,9,341,2128
7,7,7,9,341,2128
6,6,7,9,341,2128
6,8,7,9,341,2128
5,5,7,9,341,2128
5,9,7,9,341,2128
9,7,7,9,341,2128
8,6,7,9,341,2128
8,8,7,9,341,2128
7,5,7,9,341,2128
7,9,7,9,341,2128
6,4,7,9,341,2128
6,9,7,9,341,2128
8,7,7,9,341,2128
9,6,7,9,341,2128
9,8,7,9,341,2128
9,5,7,9,341,2128
9,9,7,9,341,2128
8,4,7,9,341,2128
8,9,7,9,341,2128
7,3,7,9,341,2128
7,8,7,9,341,2128
2,8,9,9,342,2127
4,8,9,9,342,2127
3,7,9,9,342,2127
3,9,9,9,342,2127
6,8,9,9,342,2127
5,7,9,9,342,2127
5,9,9,9,342,2127
4,6,9,9,342,2127
4,9,9,9,342,2127
8,8,9,9,342,2127
7,7,9,9,342,2127
7,9,9,9,342,2127
6,6,9,9,342,2127
6,9,9,9,342,2127
5,5,9,9,342,2127
5,8,9,9,342,2127
9,8,9,9,342,2127
9,7,9,9,342,2127
9,9,9,9,342,2127
8,6,9,9,342,2127
8,9,9,9,342,2127
7,5,9,9,342,2127
7,8,9,9,342,2127
6,4,9,9,342,2127
6,7,9,9,342,2127
6,6,9,9,343,1646
8,6,9,9,343,1646
7,5,9,9,343,1646
7,7,9,9,343,1646
9,6,9,9,343,1646
9,5,9,9,343,1646
9,7,9,9,343,1646
8,4,9,9,343,1646
8,8,9,9,343,1646
7,6,9,9,343,1646
8,5,9,9,343,1646
8,7,9,9,343,1646
9,4,9,9,343,1646
9,8,9,9,343,1646
9,3,9,9,343,1646
9,9,9,9,343,1646
3,9,9,9,344,1646
5,9,9,9,344,1646
4,8,9,9,344,1646
4,9,9,9,344,1646
7,9,9,9,344,1646
6,8,9,9,344,1646
6,9,9,9,344,1646
5,7,9,9,344,1646
5,8,9,9,344,1646
9,9,9,9,344,1646
8,8,9,9,344,1646
8,9,9,9,344,1646
7,7,9,9,344,1646
7,8,9,9,344,1646
6,6,9,9,344,1646
6,7,9,9,344,1646
7,7,9,9,311,1136
9,7,9,9,311,1136
8,6,9,9,311,1136
8,8,9,9,311,1136
8,7,9,9,311,1136
9,6,9,9,311,1136
9,8,9,9,311,1136
9,5,9,9,311,1136
9,9,9,9,311,1136
8,8,9,9,280,588
9,8,9,9,280,588
9,7,9,9,280,588
9,9,9,9,280,588
7,9,9,9,281,588
9,9,9,9,281,588
8,8,9,9,281,588
8,9,9,9,281,588
5,9,9,9,312,1136
7,9,9,9,312,1136
6,8,9,9,312,1136
6,9,9,9,312,1136
9,9,9,9,312,1136
8,8,9,9,312,1136
8,9,9,9,312,1136
7,7,9,9,312,1136
7,8,9,9,312,1136
9,9,9,9,0,0
0,0,9,8,345,4483
1,0,9,8,345,4483
0,1,9,8,345,4483
2,0,9,8,345,4483
1,1,9,8,345,4483
0,2,9,8,345,4483
3,0,9,8,345,4483
2,1,9,8,345,4483
1,2,9,8,345,4483
0,3,9,8,345,4483
5,0,9,8,345,4483
4,0,9,8,345,4483
4,1,9,8,345,4483
3,1,9,8,345,4483
3,2,9,8,345,4483
2,2,9,8,345,4483
2,3,9,8,345,4483
1,3,9,8,345,4483
1,4,9,8,345,4483
7,0,9,8,345,4483
6,0,9,8,345,4483
6,1,9,8,345,4483
5,1,9,8,345,4483
5,2,9,8,345,4483
4,2,9,8,345,4483
4,3,9,8,345,4483
3,3,9,8,345,4483
3,4,9,8,345,4483
2,4,9,8,345,4483
2,5,9,8,345,4483
9,0,9,8,345,4483
8,0,9,8,345,4483
8,1,9,8,345,4483
7,1,9,8,345,4483
7,2,9,8,345,4483
6,2,9,8,345,4483
6,3,9,8,345,4483
5,3,9,8,345,4483
5,4,9,8,345,4483
4,4,9,8,345,4483
4,5,9,8,345,4483
3,5,9,8,345,4483
3,6,9,8,345,4483
9,1,9,8,345,4483
9,2,9,8,345,4483
8,2,9,8,345,4483
8,3,9,8,345,4483
7,3,9,8,345,4483
7,4,9,8,345,4483
6,4,9,8,345,4483
6,5,9,8,345,4483
5,5,9,8,345,4483
5,6,9,8,345,4483
4,6,9,8,345,4483
4,7,9,8,345,4483
9,3,9,8,345,4483
9,4,9,8,345,4483
8,4,9,8,345,4483
8,5,9,8,345,4483
7,5,9,8,345,4483
7,6,9,8,345,4483
6,6,9,8,345,4483
6,7,9,8,345,4483
5,7,9,8,345,4483
5,8,9,8,345,4483
9,5,9,8,345,4483
9,6,9,8,345,4483
8,6,9,8,345,4483
8,7,9,8,345,4483
7,7,9,8,345,4483
7,8,9,8,345,4483
6,8,9,8,345,4483
6,9,9,8,345,4483
9,7,9,8,345,4483
9,8,9,8,345,4483
8,8,9,8,345,4483
8,9,9,8,345,4483
7,9,9,8,345,4483
9,9,9,8,345,4483
0,0,9,6,346,3944
1,0,9,6,346,3944
0,1,9,6,346,3944
3,0,9,6,346,3944
2,0,9,6,346,3944
2,1,9,6,346,3944
1,1,9,6,346,3944
1,2,9,6,346,3944
5,0,9,6,346,3944
4,0,9,6,346,3944
4,1,9,6,346,3944
3,1,9,6,346,3944
3,2,9,6,346,3944
2,2,9,6,346,3944
2,3,9,6,346,3944
7,0,9,6,346,3944
6,0,9,6,346,3944
6,1,9,6,346,3944
5,1,9,6,346,3944
5,2,9,6,346,3944
4,2,9,6,346,3944
4,3,9,6,346,3944
3,3,9,6,346,3944
3,4,9,6,346,3944
9,0,9,6,346,3944
8,0,9,6,346,3944
8,1,9,6,346,3944
7,1,9,6,346,3944
7,2,9,6,346,3944
6,2,9,6,346,3944
6,3,9,6,346,3944
5,3,9,6,346,3944
5,4,9,6,346,3944
4,4,9,6,346,3944
4,5,9,6,346,3944
9,1,9,6,346,3944
9,2,9,6,346,3944
8,2,9,6,346,3944
8,3,9,6,346,3944
7,3,9,6,346,3944
7,4,9,6,346,3944
6,4,9,6,346,3944
6,5,9,6,346,3944
5,5,9,6,346,3944
5,6,9,6,346,3944
9,3,9,6,346,3944
9,4,9,6,346,3944
8,4,9,6,346,3944
8,5,9,6,346,3944
7,5,9,6,346,3944
7,6,9,6,346,3944
6,6,9,6,346,3944
6,7,9,6,346,3944
9,5,9,6,346,3944
9,6,9,6,346,3944
8,6,9,6,346,3944
8,7,9,6,346,3944
7,7,9,6,346,3944
7,8,9,6,346,3944
9,7,9,6,346,3944
9,8,9,6,346,3944
8,8,9,6,346,3944
8,9,9,6,346,3944
9,9,9,6,346,3944
1,2,9,8,347,3608
3,2,9,8,347,3608
2,1,9,8,347,3608
2,3,9,8,347,3608
5,2,9,8,347,3608
4,1,9,8,347,3608
4,3,9,8,347,3608
3,0,9,8,347,3608
3,4,9,8,347,3608
7,2,9,8,347,3608
6,1,9,8,347,3608
6,3,9,8,347,3608
5,0,9,8,347,3608
5,4,9,8,347,3608
4,0,9,8,347,3608
4,5,9,8,347,3608
9,2,9,8,347,3608
8,1,9,8,347,3608
8,3,9,8,347,3608
7,0,9,8,347,3608
7,4,9,8,347,3608
6,0,9,8,347,3608
6,5,9,8,347,3608
5,1,9,8,347,3608
5,6,9,8,347,3608
8,2,9,8,347,3608
9,1,9,8,347,3608
9,3,9,8,347,3608
9,0,9,8,347,3608
9,4,9,8,347,3608
8,0,9,8,347,3608
8,5,9,8,347,3608
7,1,9,8,347,3608
7,6,9,8,347,3608
6,2,9,8,347,3608
6,7,9,8,347,3608
7,3,9,8,347,3608
8,4,9,8,347,3608
9,5,9,8,347,3608
9,6,9,8,347,3608
8,7,9,8,347,3608
7,8,9,8,347,3608
4,2,9,8,347,3608
5,3,9,8,347,3608
6,4,9,8,347,3608
7,5,9,8,347,3608
8,6,9,8,347,3608
9,7,9,8,347,3608
9,8,9,8,347,3608
8,9,9,8,347,3608
2,2,9,8,347,3608
3,1,9,8,347,3608
3,3,9,8,347,3608
4,4,9,8,347,3608
5,5,9,8,347,3608
6,6,9,8,347,3608
7,7,9,8,347,3608
8,8,9,8,347,3608
9,9,9,8,347,3608
3,4,9,8,348,2845
5,4,9,8,348,2845
4,3,9,8,348,2845
4,5,9,8,348,2845
7,4,9,8,348,2845
6,3,9,8,348,2845
6,5,9,8,348,2845
5,2,9,8,348,2845
5,6,9,8,348,2845
9,4,9,8,348,2845
8,3,9,8,348,2845
8,5,9,8,348,2845
7,2,9,8,348,2845
7,6,9,8,348,2845
6,1,9,8,348,2845
6,7,9,8,348,2845
8,4,9,8,348,2845
9,3,9,8,348,2845
9,5,9,8,348,2845
9,2,9,8,348,2845
9,6,9,8,348,2845
8,1,9,8,348,2845
8,7,9,8,348,2845
7,0,9,8,348,2845
7,8,9,8,348,2845
6,4,9,8,348,2845
7,3,9,8,348,2845
7,5,9,8,348,2845
8,2,9,8,348,2845
8,6,9,8,348,2845
9,1,9,8,348,2845
9,7,9,8,348,2845
9,0,9,8,348,2845
9,8,9,8,348,2845
8,0,9,8,348,2845
8,9,9,8,348,2845
4,4,9,8,348,2845
5,3,9,8,348,2845
5,5,9,8,348,2845
6,2,9,8,348,2845
6,6,9,8,348,2845
7,1,9,8,348,2845
7,7,9,8,348,2845
8,8,9,8,348,2845
9,9,9,8,348,2845
2,7,8,9,349,2573
4,7,8,9,349,2573
3,6,8,9,349,2573
3,8,8,9,349,2573
6,7,8,9,349,2573
5,6,8,9,349,2573
5,8,8,9,349,2573
4,5,8,9,349,2573
4,9,8,9,349,2573
8,7,8,9,349,2573
7,6,8,9,349,2573
7,8,8,9,349,2573
6,5,8,9,349,2573
6,9,8,9,349,2573
5,4,8,9,349,2573
5,9,8,9,349,2573
9,7,8,9,349,2573
9,6,8,9,349,2573
9,8,8,9,349,2573
8,5,8,9,349,2573
8,9,8,9,349,2573
7,4,8,9,349,2573
7,9,8,9,349,2573
6,3,8,9,349,2573
6,8,8,9,349,2573
7,7,8,9,349,2573
8,6,8,9,349,2573
8,8,8,9,349,2573
9,5,8,9,349,2573
9,9,8,9,349,2573
9,4,8,9,349,2573
8,3,8,9,349,2573
7,2,8,9,349,2573
0,0,9,7,350,4268
1,0,9,7,350,4268
0,1,9,7,350,4268
2,0,9,7,350,4268
1,1,9,7,350,4268
0,2,9,7,350,4268
4,0,9,7,350,4268
3,0,9,7,350,4268
3,1,9,7,350,4268
2,1,9,7,350,4268
2,2,9,7,350,4268
1,2,9,7,350,4268
1,3,9,7,350,4268
6,0,9,7,350,4268
5,0,9,7,350,4268
5,1,9,7,350,4268
4,1,9,7,350,4268
4,2,9,7,350,4268
3,2,9,7,350,4268
3,3,9,7,350,4268
2,3,9,7,350,4268
2,4,9,7,350,4268
8,0,9,7,350,4268
7,0,9,7,350,4268
7,1,9,7,350,4268
6,1,9,7,350,4268
6,2,9,7,350,4268
5,2,9,7,350,4268
5,3,9,7,350,4268
4,3,9,7,350,4268
4,4,9,7,350,4268
3,4,9,7,350,4268
3,5,9,7,350,4268
9,0,9,7,350,4268
9,1,9,7,350,4268
8,1,9,7,350,4268
8,2,9,7,350,4268
7,2,9,7,350,4268
7,3,9,7,350,4268
6,3,9,7,350,4268
6,4,9,7,350,4268
5,4,9,7,350,4268
5,5,9,7,350,4268
4,5,9,7,350,4268
4,6,9,7,350,4268
9,2,9,7,350,4268
9,3,9,7,350,4268
8,3,9,7,350,4268
8,4,9,7,350,4268
7,4,9,7,350,4268
7,5,9,7,350,4268
6,5,9,7,350,4268
6,6,9,7,350,4268
5,6,9,7,350,4268
5,7,9,7,350,4268
9,4,9,7,350,4268
9,5,9,7,350,4268
8,5,9,7,350,4268
8,6,9,7,350,4268
7,6,9,7,350,4268
7,7,9,7,350,4268
6,7,9,7,350,4268
6,8,9,7,350,4268
9,6,9,7,350,4268
9,7,9,7,350,4268
8,7,9,7,350,4268
8,8,9,7,350,4268
7,8,9,7,350,4268
7,9,9,7,350,4268
9,8,9,7,350,4268
9,9,9,7,350,4268
8,9,9,7,350,4268
0,2,9,9,351,3830
2,2,9,9,351,3830
1,1,9,9,351,3830
1,3,9,9,351,3830
4,2,9,9,351,3830
3,1,9,9,351,3830
3,3,9,9,351,3830
2,0,9,9,351,3830
2,4,9,9,351,3830
6,2,9,9,351,3830
5,1,9,9,351,3830
5,3,9,9,351,3830
4,0,9,9,351,3830
4,4,9,9,351,3830
3,0,9,9,351,3830
3,5,9,9,351,3830
8,2,9,9,351,3830
7,1,9,9,351,3830
7,3,9,9,351,3830
6,0,9,9,351,3830
6,4,9,9,351,3830
5,0,9,9,351,3830
5,5,9,9,351,3830
4,1,9,9,351,3830
4,6,9,9,351,3830
9,2,9,9,351,3830
9,1,9,9,351,3830
9,3,9,9,351,3830
8,0,9,9,351,3830
8,4,9,9,351,3830
7,0,9,9,351,3830
7,5,9,9,351,3830
6,1,9,9,351,3830
6,6,9,9,351,3830
5,2,9,9,351,3830
5,7,9,9,351,3830
7,2,9,9,351,3830
8,1,9,9,351,3830
8,3,9,9,351,3830
9,0,9,9,351,3830
9,4,9,9,351,3830
9,5,9,9,351,3830
8,6,9,9,351,3830
7,7,9,9,351,3830
6,3,9,9,351,3830
6,8,9,9,351,3830
7,4,9,9,351,3830
8,5,9,9,351,3830
9,6,9,9,351,3830
9,7,9,9,351,3830
8,8,9,9,351,3830
7,9,9,9,351,3830
3,2,9,9,351,3830
4,3,9,9,351,3830
5,4,9,9,351,3830
6,5,9,9,351,3830
7,6,9,9,351,3830
8,7,9,9,351,3830
9,8,9,9,351,3830
9,9,9,9,351,3830
8,9,9,9,351,3830
1,2,9,9,351,3830
2,1,9,9,351,3830
2,3,9,9,351,3830
3,4,9,9,351,3830
4,5,9,9,351,3830
5,6,9,9,351,3830
6,7,9,9,351,3830
7,8,9,9,351,3830
2,4,9,9,352,3102
4,4,9,9,352,3102
3,3,9,9,352,3102
3,5,9,9,352,3102
6,4,9,9,352,3102
5,3,9,9,352,3102
5,5,9,9,352,3102
4,2,9,9,352,3102
4,6,9,9,352,3102
8,4,9,9,352,3102
7,3,9,9,352,3102
7,5,9,9,352,3102
6,2,9,9,352,3102
6,6,9,9,352,3102
5,1,9,9,352,3102
5,7,9,9,352,3102
9,4,9,9,352,3102
9,3,9,9,352,3102
9,5,9,9,352,3102
8,2,9,9,352,3102
8,6,9,9,352,3102
7,1,9,9,352,3102
7,7,9,9,352,3102
6,0,9,9,352,3102
6,8,9,9,352,3102
7,4,9,9,352,3102
8,3,9,9,352,3102
8,5,9,9,352,3102
9,2,9,9,352,3102
9,6,9,9,352,3102
9,1,9,9,352,3102
9,7,9,9,352,3102
8,0,9,9,352,3102
8,8,9,9,352,3102
7,0,9,9,352,3102
7,9,9,9,352,3102
5,4,9,9,352,3102
6,3,9,9,352,3102
6,5,9,9,352,3102
7,2,9,9,352,3102
7,6,9,9,352,3102
8,1,9,9,352,3102
8,7,9,9,352,3102
9,0,9,9,352,3102
9,8,9,9,352,3102
9,9,9,9,352,3102
8,9,9,9,352,3102
3,4,9,9,352,3102
4,3,9,9,352,3102
4,5,9,9,352,3102
5,2,9,9,352,3102
5,6,9,9,352,3102
6,1,9,9,352,3102
6,7,9,9,352,3102
7,8,9,9,352,3102
1,7,9,9,353,2696
3,7,9,9,353,2696
2,6,9,9,353,2696
2,8,9,9,353,2696
5,7,9,9,353,2696
4,6,9,9,353,2696
4,8,9,9,353,2696
3,5,9,9,353,2696
3,9,9,9,353,2696
7,7,9,9,353,2696
6,6,9,9,353,2696
6,8,9,9,353,2696
5,5,9,9,353,2696
5,9,9,9,353,2696
4,4,9,9,353,2696
4,9,9,9,353,2696
9,7,9,9,353,2696
8,6,9,9,353,2696
8,8,9,9,353,2696
7,5,9,9,353,2696
7,9,9,9,353,2696
6,4,9,9,353,2696
6,9,9,9,353,2696
5,3,9,9,353,2696
5,8,9,9,353,2696
8,7,9,9,353,2696
9,6,9,9,353,2696
9,8,9,9,353,2696
9,5,9,9,353,2696
9,9,9,9,353,2696
8,4,9,9,353,2696
8,9,9,9,353,2696
7,3,9,9,353,2696
7,8,9,9,353,2696
6,2,9,9,353,2696
6,7,9,9,353,2696
7,6,9,9,353,2696
8,5,9,9,353,2696
9,4,9,9,353,2696
9,3,9,9,353,2696
8,2,9,9,353,2696
7,1,9,9,353,2696
0,0,9,8,354,4571
1,0,9,8,354,4571
0,1,9,8,354,4571
2,0,9,8,354,4571
1,1,9,8,354,4571
0,2,9,8,354,4571
3,0,9,8,354,4571
2,1,9,8,354,4571
1,2,9,8,354,4571
0,3,9,8,354,4571
5,0,9,8,354,4571
4,0,9,8,354,4571
4,1,9,8,354,4571
3,1,9,8,354,4571
3,2,9,8,354,4571
2,2,9,8,354,4571
2,3,9,8,354,4571
1,3,9,8,354,4571
1,4,9,8,354,4571
7,0,9,8,354,4571
6,0,9,8,354,4571
6,1,9,8,354,4571
5,1,9,8,354,4571
5,2,9,8,354,4571
4,2,9,8,354,4571
4,3,9,8,354,4571
3,3,9,8,354,4571
3,4,9,8,354,4571
2,4,9,8,354,4571
2,5,9,8,354,4571
9,0,9,8,354,4571
8,0,9,8,354,4571
8,1,9,8,354,4571
7,1,9,8,354,4571
7,2,9,8,354,4571
6,2,9,8,354,4571
6,3,9,8,354,4571
5,3,9,8,354,4571
5,4,9,8,354,4571
4,4,9,8,354,4571
4,5,9,8,354,4571
3,5,9,8,354,4571
3,6,9,8,354,4571
9,1,9,8,354,4571
9,2,9,8,354,4571
8,2,9,8,354,4571
8,3,9,8,354,4571
7,3,9,8,354,4571
7,4,9,8,354,4571
6,4,9,8,354,4571
6,5,9,8,354,4571
5,5,9,8,354,4571
5,6,9,8,354,4571
4,6,9,8,354,4571
4,7,9,8,354,4571
9,3,9,8,354,4571
9,4,9,8,354,4571
8,4,9,8,354,4571
8,5,9,8,354,4571
7,5,9,8,354,4571
7,6,9,8,354,4571
6,6,9,8,354,4571
6,7,9,8,354,4571
5,7,9,8,354,4571
5,8,9,8,354,4571
9,5,9,8,354,4571
9,6,9,8,354,4571
8,6,9,8,354,4571
8,7,9,8,354,4571
7,7,9,8,354,4571
7,8,9,8,354,4571
6,8,9,8,354,4571
6,9,9,8,354,4571
9,7,9,8,354,4571
9,8,9,8,354,4571
8,8,9,8,354,4571
8,9,9,8,354,4571
7,9,9,8,354,4571
9,9,9,8,354,4571
