x,y,xhat,yhat,belief_id,uncertainty
0,0,0,0,0,0
0,0,1,0,1,586
1,0,1,0,1,586
0,1,1,0,1,586
0,0,2,0,2,1134
1,0,2,0,2,1134
0,1,2,0,2,1134
2,0,2,0,2,1134
1,1,2,0,2,1134
0,2,2,0,2,1134
0,0,3,0,3,1644
1,0,3,0,3,1644
0,1,3,0,3,1644
1,0,1,0,0,0
2,0,3,0,3,1644
1,1,3,0,3,1644
0,1,0,1,0,0
0,2,3,0,3,1644
2,0,2,0,0,0
3,0,3,0,3,1644
2,1,3,0,3,1644
1,1,1,1,0,0
1,2,3,0,3,1644
0,2,0,2,0,0
0,3,3,0,3,1644
0,0,4,0,4,2120
1,0,4,0,4,2120
0,1,4,0,4,2120
2,0,4,0,4,2120
1,1,4,0,4,2120
0,2,4,0,4,2120
0,0,2,0,5,588
2,0,2,0,5,588
1,0,2,0,5,588
1,1,2,0,5,588
3,0,4,0,4,2120
2,1,4,0,4,2120
1,2,4,0,4,2120
0,3,4,0,4,2120
1,0,3,0,5,588
3,0,3,0,5,588
2,0,3,0,5,588
2,1,3,0,5,588
3,0,3,0,0,0
4,0,4,0,4,2120
3,1,4,0,4,2120
2,1,2,1,0,0
2,2,4,0,4,2120
0,1,1,0,6,588
2,1,1,0,6,588
1,0,1,0,6,588
1,2,1,0,6,588
1,2,1,2,0,0
1,3,4,0,4,2120
0,2,1,2,7,588
1,2,1,2,7,588
0,1,1,2,7,588
0,3,1,2,7,588
0,3,0,3,0,0
0,4,4,0,4,2120
0,0,5,0,8,2564
1,0,5,0,8,2564
0,1,5,0,8,2564
2,0,5,0,8,2564
1,1,5,0,8,2564
0,2,5,0,8,2564
3,0,5,0,8,2564
2,1,5,0,8,2564
1,2,5,0,8,2564
0,3,5,0,8,2564
0,0,3,0,9,1136
1,0,3,0,9,1136
0,1,3,0,9,1136
3,0,3,0,9,1136
2,0,3,0,9,1136
2,1,3,0,9,1136
1,1,3,0,9,1136
1,2,3,0,9,1136
4,0,5,0,8,2564
3,1,5,0,8,2564
2,2,5,0,8,2564
1,3,5,0,8,2564
0,4,5,0,8,2564
0,0,4,0,10,1136
2,0,4,0,10,1136
1,0,4,0,10,1136
1,1,4,0,10,1136
4,0,4,0,10,1136
3,0,4,0,10,1136
3,1,4,0,10,1136
2,1,4,0,10,1136
2,2,4,0,10,1136
2,0,4,0,5,588
4,0,4,0,5,588
3,0,4,0,5,588
3,1,4,0,5,588
4,0,4,0,0,0
5,0,5,0,8,2564
4,1,5,0,8,2564
3,1,3,1,0,0
3,2,5,0,8,2564
1,1,2,0,6,588
3,1,2,0,6,588
2,0,2,0,6,588
2,2,2,0,6,588
2,2,2,2,0,0
2,3,5,0,8,2564
0,1,2,0,11,1138
1,1,2,0,11,1138
0,0,2,0,11,1138
0,2,2,0,11,1138
3,1,2,0,11,1138
2,0,2,0,11,1138
2,2,2,0,11,1138
1,0,2,0,11,1138
1,3,2,0,11,1138
0,2,1,1,6,588
2,2,1,1,6,588
1,1,1,1,6,588
1,3,1,1,6,588
1,3,1,3,0,0
1,4,5,0,8,2564
0,2,1,1,12,1138
1,2,1,1,12,1138
0,1,1,1,12,1138
0,3,1,1,12,1138
2,2,1,1,12,1138
1,1,1,1,12,1138
1,3,1,1,12,1138
0,0,1,1,12,1138
0,4,1,1,12,1138
0,3,0,2,13,588
1,3,0,2,13,588
0,2,0,2,13,588
0,4,0,2,13,588
0,4,0,4,0,0
0,5,5,0,8,2564
0,0,6,0,14,2977
1,0,6,0,14,2977
0,1,6,0,14,2977
2,0,6,0,14,2977
1,1,6,0,14,2977
0,2,6,0,14,2977
3,0,6,0,14,2977
2,1,6,0,14,2977
1,2,6,0,14,2977
0,3,6,0,14,2977
4,0,6,0,14,2977
3,1,6,0,14,2977
2,2,6,0,14,2977
1,3,6,0,14,2977
0,4,6,0,14,2977
0,0,4,0,15,1646
1,0,4,0,15,1646
0,1,4,0,15,1646
2,0,4,0,15,1646
1,1,4,0,15,1646
0,2,4,0,15,1646
4,0,4,0,15,1646
3,0,4,0,15,1646
3,1,4,0,15,1646
2,1,4,0,15,1646
2,2,4,0,15,1646
1,2,4,0,15,1646
1,3,4,0,15,1646
5,0,6,0,14,2977
4,1,6,0,14,2977
3,2,6,0,14,2977
2,3,6,0,14,2977
1,4,6,0,14,2977
0,5,6,0,14,2977
0,0,5,0,16,1646
1,0,5,0,16,1646
0,1,5,0,16,1646
3,0,5,0,16,1646
2,0,5,0,16,1646
2,1,5,0,16,1646
1,1,5,0,16,1646
1,2,5,0,16,1646
5,0,5,0,16,1646
4,0,5,0,16,1646
4,1,5,0,16,1646
3,1,5,0,16,1646
3,2,5,0,16,1646
2,2,5,0,16,1646
2,3,5,0,16,1646
1,0,5,0,10,1136
3,0,5,0,10,1136
2,0,5,0,10,1136
2,1,5,0,10,1136
5,0,5,0,10,1136
4,0,5,0,10,1136
4,1,5,0,10,1136
3,1,5,0,10,1136
3,2,5,0,10,1136
3,0,5,0,5,588
5,0,5,0,5,588
4,0,5,0,5,588
4,1,5,0,5,588
5,0,5,0,0,0
6,0,6,0,14,2977
5,1,6,0,14,2977
4,1,4,1,0,0
4,2,6,0,14,2977
3,2,3,2,0,0
3,3,6,0,14,2977
0,1,3,0,17,1138
2,1,3,0,17,1138
1,0,3,0,17,1138
1,2,3,0,17,1138
4,1,3,0,17,1138
3,0,3,0,17,1138
3,2,3,0,17,1138
2,0,3,0,17,1138
2,3,3,0,17,1138
1,2,1,2,18,588
3,2,1,2,18,588
2,1,1,2,18,588
2,3,1,2,18,588
2,3,2,3,0,0
2,4,6,0,14,2977
0,1,3,0,19,1650
1,1,3,0,19,1650
0,0,3,0,19,1650
0,2,3,0,19,1650
2,1,3,0,19,1650
1,0,3,0,19,1650
1,2,3,0,19,1650
0,3,3,0,19,1650
4,1,3,0,19,1650
3,0,3,0,19,1650
3,2,3,0,19,1650
2,0,3,0,19,1650
2,3,3,0,19,1650
1,4,3,0,19,1650
0,2,1,0,20,1136
1,2,1,0,20,1136
0,1,1,0,20,1136
0,3,1,0,20,1136
3,2,1,0,20,1136
2,1,1,0,20,1136
2,3,1,0,20,1136
1,0,1,0,20,1136
1,4,1,0,20,1136
0,3,1,2,6,588
2,3,1,2,6,588
1,2,1,2,6,588
1,4,1,2,6,588
1,4,1,4,0,0
1,5,6,0,14,2977
0,2,1,0,21,1648
1,2,1,0,21,1648
0,1,1,0,21,1648
0,3,1,0,21,1648
2,2,1,0,21,1648
1,1,1,0,21,1648
1,3,1,0,21,1648
0,0,1,0,21,1648
0,4,1,0,21,1648
3,2,1,0,21,1648
2,1,1,0,21,1648
2,3,1,0,21,1648
1,0,1,0,21,1648
1,4,1,0,21,1648
0,5,1,0,21,1648
0,3,1,2,22,1139
1,3,1,2,22,1139
0,2,1,2,22,1139
0,4,1,2,22,1139
2,3,1,2,22,1139
1,2,1,2,22,1139
1,4,1,2,22,1139
0,1,1,2,22,1139
0,5,1,2,22,1139
0,4,0,3,13,588
1,4,0,3,13,588
0,3,0,3,13,588
0,5,0,3,13,588
0,5,0,5,0,0
0,6,6,0,14,2977
0,0,7,0,23,3363
1,0,7,0,23,3363
0,1,7,0,23,3363
2,0,7,0,23,3363
1,1,7,0,23,3363
0,2,7,0,23,3363
3,0,7,0,23,3363
2,1,7,0,23,3363
1,2,7,0,23,3363
0,3,7,0,23,3363
4,0,7,0,23,3363
3,1,7,0,23,3363
2,2,7,0,23,3363
1,3,7,0,23,3363
0,4,7,0,23,3363
5,0,7,0,23,3363
4,1,7,0,23,3363
3,2,7,0,23,3363
2,3,7,0,23,3363
1,4,7,0,23,3363
0,5,7,0,23,3363
0,0,5,0,24,2122
1,0,5,0,24,2122
0,1,5,0,24,2122
2,0,5,0,24,2122
1,1,5,0,24,2122
0,2,5,0,24,2122
3,0,5,0,24,2122
2,1,5,0,24,2122
1,2,5,0,24,2122
0,3,5,0,24,2122
5,0,5,0,24,2122
4,0,5,0,24,2122
4,1,5,0,24,2122
3,1,5,0,24,2122
3,2,5,0,24,2122
2,2,5,0,24,2122
2,3,5,0,24,2122
1,3,5,0,24,2122
1,4,5,0,24,2122
6,0,7,0,23,3363
5,1,7,0,23,3363
4,2,7,0,23,3363
3,3,7,0,23,3363
2,4,7,0,23,3363
1,5,7,0,23,3363
0,6,7,0,23,3363
0,0,6,0,25,2122
1,0,6,0,25,2122
0,1,6,0,25,2122
2,0,6,0,25,2122
1,1,6,0,25,2122
0,2,6,0,25,2122
4,0,6,0,25,2122
3,0,6,0,25,2122
3,1,6,0,25,2122
2,1,6,0,25,2122
2,2,6,0,25,2122
1,2,6,0,25,2122
1,3,6,0,25,2122
6,0,6,0,25,2122
5,0,6,0,25,2122
5,1,6,0,25,2122
4,1,6,0,25,2122
4,2,6,0,25,2122
3,2,6,0,25,2122
3,3,6,0,25,2122
2,3,6,0,25,2122
2,4,6,0,25,2122
0,0,6,0,26,1646
2,0,6,0,26,1646
1,0,6,0,26,1646
1,1,6,0,26,1646
4,0,6,0,26,1646
3,0,6,0,26,1646
3,1,6,0,26,1646
2,1,6,0,26,1646
2,2,6,0,26,1646
6,0,6,0,26,1646
5,0,6,0,26,1646
5,1,6,0,26,1646
4,1,6,0,26,1646
4,2,6,0,26,1646
3,2,6,0,26,1646
3,3,6,0,26,1646
2,0,6,0,10,1136
4,0,6,0,10,1136
3,0,6,0,10,1136
3,1,6,0,10,1136
6,0,6,0,10,1136
5,0,6,0,10,1136
5,1,6,0,10,1136
4,1,6,0,10,1136
4,2,6,0,10,1136
4,0,6,0,5,588
6,0,6,0,5,588
5,0,6,0,5,588
5,1,6,0,5,588
6,0,6,0,0,0
7,0,7,0,23,3363
6,1,7,0,23,3363
5,1,5,1,0,0
5,2,7,0,23,3363
3,1,4,0,6,588
5,1,4,0,6,588
4,0,4,0,6,588
4,2,4,0,6,588
4,2,4,2,0,0
4,3,7,0,23,3363
3,3,3,3,0,0
3,4,7,0,23,3363
0,1,4,0,27,1650
1,1,4,0,27,1650
0,0,4,0,27,1650
0,2,4,0,27,1650
3,1,4,0,27,1650
2,0,4,0,27,1650
2,2,4,0,27,1650
1,0,4,0,27,1650
1,3,4,0,27,1650
5,1,4,0,27,1650
4,0,4,0,27,1650
4,2,4,0,27,1650
3,0,4,0,27,1650
3,3,4,0,27,1650
2,1,4,0,27,1650
2,4,4,0,27,1650
0,2,1,1,28,1138
2,2,1,1,28,1138
1,1,1,1,28,1138
1,3,1,1,28,1138
4,2,1,1,28,1138
3,1,1,1,28,1138
3,3,1,1,28,1138
2,0,1,1,28,1138
2,4,1,1,28,1138
2,4,2,4,0,0
2,5,7,0,23,3363
0,1,4,0,29,2127
1,1,4,0,29,2127
0,0,4,0,29,2127
0,2,4,0,29,2127
2,1,4,0,29,2127
1,0,4,0,29,2127
1,2,4,0,29,2127
0,3,4,0,29,2127
3,1,4,0,29,2127
2,0,4,0,29,2127
2,2,4,0,29,2127
1,3,4,0,29,2127
0,4,4,0,29,2127
5,1,4,0,29,2127
4,0,4,0,29,2127
4,2,4,0,29,2127
3,0,4,0,29,2127
3,3,4,0,29,2127
2,4,4,0,29,2127
1,5,4,0,29,2127
0,2,2,0,30,1650
1,2,2,0,30,1650
0,1,2,0,30,1650
0,3,2,0,30,1650
2,2,2,0,30,1650
1,1,2,0,30,1650
1,3,2,0,30,1650
0,0,2,0,30,1650
0,4,2,0,30,1650
4,2,2,0,30,1650
3,1,2,0,30,1650
3,3,2,0,30,1650
2,0,2,0,30,1650
2,4,2,0,30,1650
1,0,2,0,30,1650
1,5,2,0,30,1650
0,3,1,1,20,1136
1,3,1,1,20,1136
0,2,1,1,20,1136
0,4,1,1,20,1136
3,3,1,1,20,1136
2,2,1,1,20,1136
2,4,1,1,20,1136
1,1,1,1,20,1136
1,5,1,1,20,1136
0,4,0,4,18,588
2,4,0,4,18,588
1,3,0,4,18,588
1,5,0,4,18,588
1,5,1,5,0,0
1,6,7,0,23,3363
0,2,2,0,31,2127
1,2,2,0,31,2127
0,1,2,0,31,2127
0,3,2,0,31,2127
2,2,2,0,31,2127
1,1,2,0,31,2127
1,3,2,0,31,2127
0,0,2,0,31,2127
0,4,2,0,31,2127
3,2,2,0,31,2127
2,1,2,0,31,2127
2,3,2,0,31,2127
1,0,2,0,31,2127
1,4,2,0,31,2127
0,5,2,0,31,2127
4,2,2,0,31,2127
3,1,2,0,31,2127
3,3,2,0,31,2127
2,0,2,0,31,2127
2,4,2,0,31,2127
1,5,2,0,31,2127
0,6,2,0,31,2127
0,3,1,1,32,1653
1,3,1,1,32,1653
0,2,1,1,32,1653
0,4,1,1,32,1653
2,3,1,1,32,1653
1,2,1,1,32,1653
1,4,1,1,32,1653
0,1,1,1,32,1653
0,5,1,1,32,1653
3,3,1,1,32,1653
2,2,1,1,32,1653
2,4,1,1,32,1653
1,1,1,1,32,1653
1,5,1,1,32,1653
0,0,1,1,32,1653
0,6,1,1,32,1653
0,4,0,2,33,1136
1,4,0,2,33,1136
0,3,0,2,33,1136
0,5,0,2,33,1136
2,4,0,2,33,1136
1,3,0,2,33,1136
1,5,0,2,33,1136
0,2,0,2,33,1136
0,6,0,2,33,1136
0,5,0,4,13,588
1,5,0,4,13,588
0,4,0,4,13,588
0,6,0,4,13,588
0,6,0,6,0,0
0,7,7,0,23,3363
0,0,8,0,34,3724
1,0,8,0,34,3724
0,1,8,0,34,3724
2,0,8,0,34,3724
1,1,8,0,34,3724
0,2,8,0,34,3724
3,0,8,0,34,3724
2,1,8,0,34,3724
1,2,8,0,34,3724
0,3,8,0,34,3724
4,0,8,0,34,3724
3,1,8,0,34,3724
2,2,8,0,34,3724
1,3,8,0,34,3724
0,4,8,0,34,3724
5,0,8,0,34,3724
4,1,8,0,34,3724
3,2,8,0,34,3724
2,3,8,0,34,3724
1,4,8,0,34,3724
0,5,8,0,34,3724
6,0,8,0,34,3724
5,1,8,0,34,3724
4,2,8,0,34,3724
3,3,8,0,34,3724
2,4,8,0,34,3724
1,5,8,0,34,3724
0,6,8,0,34,3724
0,0,6,0,35,2565
1,0,6,0,35,2565
0,1,6,0,35,2565
2,0,6,0,35,2565
1,1,6,0,35,2565
0,2,6,0,35,2565
3,0,6,0,35,2565
2,1,6,0,35,2565
1,2,6,0,35,2565
0,3,6,0,35,2565
4,0,6,0,35,2565
3,1,6,0,35,2565
2,2,6,0,35,2565
1,3,6,0,35,2565
0,4,6,0,35,2565
6,0,6,0,35,2565
5,0,6,0,35,2565
5,1,6,0,35,2565
4,1,6,0,35,2565
4,2,6,0,35,2565
3,2,6,0,35,2565
3,3,6,0,35,2565
2,3,6,0,35,2565
2,4,6,0,35,2565
1,4,6,0,35,2565
1,5,6,0,35,2565
7,0,8,0,34,3724
6,1,8,0,34,3724
5,2,8,0,34,3724
4,3,8,0,34,3724
3,4,8,0,34,3724
2,5,8,0,34,3724
1,6,8,0,34,3724
0,7,8,0,34,3724
0,0,7,0,36,2565
1,0,7,0,36,2565
0,1,7,0,36,2565
2,0,7,0,36,2565
1,1,7,0,36,2565
0,2,7,0,36,2565
3,0,7,0,36,2565
2,1,7,0,36,2565
1,2,7,0,36,2565
0,3,7,0,36,2565
5,0,7,0,36,2565
4,0,7,0,36,2565
4,1,7,0,36,2565
3,1,7,0,36,2565
3,2,7,0,36,2565
2,2,7,0,36,2565
2,3,7,0,36,2565
1,3,7,0,36,2565
1,4,7,0,36,2565
7,0,7,0,36,2565
6,0,7,0,36,2565
6,1,7,0,36,2565
5,1,7,0,36,2565
5,2,7,0,36,2565
4,2,7,0,36,2565
4,3,7,0,36,2565
3,3,7,0,36,2565
3,4,7,0,36,2565
2,4,7,0,36,2565
2,5,7,0,36,2565
0,0,7,0,37,2122
1,0,7,0,37,2122
0,1,7,0,37,2122
3,0,7,0,37,2122
2,0,7,0,37,2122
2,1,7,0,37,2122
1,1,7,0,37,2122
1,2,7,0,37,2122
5,0,7,0,37,2122
4,0,7,0,37,2122
4,1,7,0,37,2122
3,1,7,0,37,2122
3,2,7,0,37,2122
2,2,7,0,37,2122
2,3,7,0,37,2122
7,0,7,0,37,2122
6,0,7,0,37,2122
6,1,7,0,37,2122
5,1,7,0,37,2122
5,2,7,0,37,2122
4,2,7,0,37,2122
4,3,7,0,37,2122
3,3,7,0,37,2122
3,4,7,0,37,2122
1,0,7,0,26,1646
3,0,7,0,26,1646
2,0,7,0,26,1646
2,1,7,0,26,1646
5,0,7,0,26,1646
4,0,7,0,26,1646
4,1,7,0,26,1646
3,1,7,0,26,1646
3,2,7,0,26,1646
7,0,7,0,26,1646
6,0,7,0,26,1646
6,1,7,0,26,1646
5,1,7,0,26,1646
5,2,7,0,26,1646
4,2,7,0,26,1646
4,3,7,0,26,1646
3,0,7,0,10,1136
5,0,7,0,10,1136
4,0,7,0,10,1136
4,1,7,0,10,1136
7,0,7,0,10,1136
6,0,7,0,10,1136
6,1,7,0,10,1136
5,1,7,0,10,1136
5,2,7,0,10,1136
5,0,7,0,5,588
7,0,7,0,5,588
6,0,7,0,5,588
6,1,7,0,5,588
7,0,7,0,0,0
8,0,8,0,34,3724
7,1,8,0,34,3724
6,1,6,1,0,0
6,2,8,0,34,3724
5,2,5,2,0,0
5,3,8,0,34,3724
2,1,5,0,17,1138
4,1,5,0,17,1138
3,0,5,0,17,1138
3,2,5,0,17,1138
6,1,5,0,17,1138
5,0,5,0,17,1138
5,2,5,0,17,1138
4,0,5,0,17,1138
4,3,5,0,17,1138
3,2,4,1,6,588
5,2,4,1,6,588
4,1,4,1,6,588
4,3,4,1,6,588
4,3,4,3,0,0
4,4,8,0,34,3724
3,4,3,4,0,0
3,5,8,0,34,3724
0,1,5,0,38,2127
1,1,5,0,38,2127
0,0,5,0,38,2127
0,2,5,0,38,2127
2,1,5,0,38,2127
1,0,5,0,38,2127
1,2,5,0,38,2127
0,3,5,0,38,2127
4,1,5,0,38,2127
3,0,5,0,38,2127
3,2,5,0,38,2127
2,0,5,0,38,2127
2,3,5,0,38,2127
1,4,5,0,38,2127
6,1,5,0,38,2127
5,0,5,0,38,2127
5,2,5,0,38,2127
4,0,5,0,38,2127
4,3,5,0,38,2127
3,1,5,0,38,2127
3,4,5,0,38,2127
2,2,5,0,38,2127
2,5,5,0,38,2127
0,2,1,0,39,1650
1,2,1,0,39,1650
0,1,1,0,39,1650
0,3,1,0,39,1650
3,2,1,0,39,1650
2,1,1,0,39,1650
2,3,1,0,39,1650
1,0,1,0,39,1650
1,4,1,0,39,1650
5,2,1,0,39,1650
4,1,1,0,39,1650
4,3,1,0,39,1650
3,0,1,0,39,1650
3,4,1,0,39,1650
2,0,1,0,39,1650
2,5,1,0,39,1650
2,5,2,5,0,0
2,6,8,0,34,3724
0,1,5,0,40,2571
1,1,5,0,40,2571
0,0,5,0,40,2571
0,2,5,0,40,2571
2,1,5,0,40,2571
1,0,5,0,40,2571
1,2,5,0,40,2571
0,3,5,0,40,2571
3,1,5,0,40,2571
2,0,5,0,40,2571
2,2,5,0,40,2571
1,3,5,0,40,2571
0,4,5,0,40,2571
4,1,5,0,40,2571
3,0,5,0,40,2571
3,2,5,0,40,2571
2,3,5,0,40,2571
1,4,5,0,40,2571
0,5,5,0,40,2571
6,1,5,0,40,2571
5,0,5,0,40,2571
5,2,5,0,40,2571
4,0,5,0,40,2571
4,3,5,0,40,2571
3,4,5,0,40,2571
2,5,5,0,40,2571
1,6,5,0,40,2571
0,2,3,0,41,2128
1,2,3,0,41,2128
0,1,3,0,41,2128
0,3,3,0,41,2128
2,2,3,0,41,2128
1,1,3,0,41,2128
1,3,3,0,41,2128
0,0,3,0,41,2128
0,4,3,0,41,2128
3,2,3,0,41,2128
2,1,3,0,41,2128
2,3,3,0,41,2128
1,0,3,0,41,2128
1,4,3,0,41,2128
0,5,3,0,41,2128
5,2,3,0,41,2128
4,1,3,0,41,2128
4,3,3,0,41,2128
3,0,3,0,41,2128
3,4,3,0,41,2128
2,0,3,0,41,2128
2,5,3,0,41,2128
1,6,3,0,41,2128
0,3,1,0,42,1646
1,3,1,0,42,1646
0,2,1,0,42,1646
0,4,1,0,42,1646
2,3,1,0,42,1646
1,2,1,0,42,1646
1,4,1,0,42,1646
0,1,1,0,42,1646
0,5,1,0,42,1646
4,3,1,0,42,1646
3,2,1,0,42,1646
3,4,1,0,42,1646
2,1,1,0,42,1646
2,5,1,0,42,1646
1,0,1,0,42,1646
1,6,1,0,42,1646
0,4,0,3,43,1138
1,4,0,3,43,1138
0,3,0,3,43,1138
0,5,0,3,43,1138
3,4,0,3,43,1138
2,3,0,3,43,1138
2,5,0,3,43,1138
1,2,0,3,43,1138
1,6,0,3,43,1138
0,5,0,5,18,588
2,5,0,5,18,588
1,4,0,5,18,588
1,6,0,5,18,588
1,6,1,6,0,0
1,7,8,0,34,3724
0,2,3,0,44,2573
1,2,3,0,44,2573
0,1,3,0,44,2573
0,3,3,0,44,2573
2,2,3,0,44,2573
1,1,3,0,44,2573
1,3,3,0,44,2573
0,0,3,0,44,2573
0,4,3,0,44,2573
3,2,3,0,44,2573
2,1,3,0,44,2573
2,3,3,0,44,2573
1,0,3,0,44,2573
1,4,3,0,44,2573
0,5,3,0,44,2573
4,2,3,0,44,2573
3,1,3,0,44,2573
3,3,3,0,44,2573
2,0,3,0,44,2573
2,4,3,0,44,2573
1,5,3,0,44,2573
0,6,3,0,44,2573
5,2,3,0,44,2573
4,1,3,0,44,2573
4,3,3,0,44,2573
3,0,3,0,44,2573
3,4,3,0,44,2573
2,5,3,0,44,2573
1,6,3,0,44,2573
0,7,3,0,44,2573
0,3,1,0,45,2130
1,3,1,0,45,2130
0,2,1,0,45,2130
0,4,1,0,45,2130
2,3,1,0,45,2130
1,2,1,0,45,2130
1,4,1,0,45,2130
0,1,1,0,45,2130
0,5,1,0,45,2130
3,3,1,0,45,2130
2,2,1,0,45,2130
2,4,1,0,45,2130
1,1,1,0,45,2130
1,5,1,0,45,2130
0,0,1,0,45,2130
0,6,1,0,45,2130
4,3,1,0,45,2130
3,2,1,0,45,2130
3,4,1,0,45,2130
2,1,1,0,45,2130
2,5,1,0,45,2130
1,0,1,0,45,2130
1,6,1,0,45,2130
0,7,1,0,45,2130
0,4,1,2,46,1653
1,4,1,2,46,1653
0,3,1,2,46,1653
0,5,1,2,46,1653
2,4,1,2,46,1653
1,3,1,2,46,1653
1,5,1,2,46,1653
0,2,1,2,46,1653
0,6,1,2,46,1653
3,4,1,2,46,1653
2,3,1,2,46,1653
2,5,1,2,46,1653
1,2,1,2,46,1653
1,6,1,2,46,1653
0,1,1,2,46,1653
0,7,1,2,46,1653
0,5,0,3,33,1136
1,5,0,3,33,1136
0,4,0,3,33,1136
0,6,0,3,33,1136
2,5,0,3,33,1136
1,4,0,3,33,1136
1,6,0,3,33,1136
0,3,0,3,33,1136
0,7,0,3,33,1136
0,7,0,7,0,0
0,8,8,0,34,3724
0,0,8,1,47,4082
1,0,8,1,47,4082
0,1,8,1,47,4082
2,0,8,1,47,4082
1,1,8,1,47,4082
0,2,8,1,47,4082
3,0,8,1,47,4082
2,1,8,1,47,4082
1,2,8,1,47,4082
0,3,8,1,47,4082
4,0,8,1,47,4082
3,1,8,1,47,4082
2,2,8,1,47,4082
1,3,8,1,47,4082
0,4,8,1,47,4082
5,0,8,1,47,4082
4,1,8,1,47,4082
3,2,8,1,47,4082
2,3,8,1,47,4082
1,4,8,1,47,4082
0,5,8,1,47,4082
6,0,8,1,47,4082
5,1,8,1,47,4082
4,2,8,1,47,4082
3,3,8,1,47,4082
2,4,8,1,47,4082
1,5,8,1,47,4082
0,6,8,1,47,4082
7,0,8,1,47,4082
6,1,8,1,47,4082
5,2,8,1,47,4082
4,3,8,1,47,4082
3,4,8,1,47,4082
2,5,8,1,47,4082
1,6,8,1,47,4082
0,7,8,1,47,4082
0,0,7,0,48,2979
1,0,7,0,48,2979
0,1,7,0,48,2979
2,0,7,0,48,2979
1,1,7,0,48,2979
0,2,7,0,48,2979
3,0,7,0,48,2979
2,1,7,0,48,2979
1,2,7,0,48,2979
0,3,7,0,48,2979
4,0,7,0,48,2979
3,1,7,0,48,2979
2,2,7,0,48,2979
1,3,7,0,48,2979
0,4,7,0,48,2979
5,0,7,0,48,2979
4,1,7,0,48,2979
3,2,7,0,48,2979
2,3,7,0,48,2979
1,4,7,0,48,2979
0,5,7,0,48,2979
7,0,7,0,48,2979
6,0,7,0,48,2979
6,1,7,0,48,2979
5,1,7,0,48,2979
5,2,7,0,48,2979
4,2,7,0,48,2979
4,3,7,0,48,2979
3,3,7,0,48,2979
3,4,7,0,48,2979
2,4,7,0,48,2979
2,5,7,0,48,2979
1,5,7,0,48,2979
1,6,7,0,48,2979
8,0,8,1,47,4082
7,1,8,1,47,4082
6,2,8,1,47,4082
5,3,8,1,47,4082
4,4,8,1,47,4082
3,5,8,1,47,4082
2,6,8,1,47,4082
1,7,8,1,47,4082
0,8,8,1,47,4082
0,0,8,0,49,2979
1,0,8,0,49,2979
0,1,8,0,49,2979
2,0,8,0,49,2979
1,1,8,0,49,2979
0,2,8,0,49,2979
3,0,8,0,49,2979
2,1,8,0,49,2979
1,2,8,0,49,2979
0,3,8,0,49,2979
4,0,8,0,49,2979
3,1,8,0,49,2979
2,2,8,0,49,2979
1,3,8,0,49,2979
0,4,8,0,49,2979
6,0,8,0,49,2979
5,0,8,0,49,2979
5,1,8,0,49,2979
4,1,8,0,49,2979
4,2,8,0,49,2979
3,2,8,0,49,2979
3,3,8,0,49,2979
2,3,8,0,49,2979
2,4,8,0,49,2979
1,4,8,0,49,2979
1,5,8,0,49,2979
8,0,8,0,49,2979
7,0,8,0,49,2979
7,1,8,0,49,2979
6,1,8,0,49,2979
6,2,8,0,49,2979
5,2,8,0,49,2979
5,3,8,0,49,2979
4,3,8,0,49,2979
4,4,8,0,49,2979
3,4,8,0,49,2979
3,5,8,0,49,2979
2,5,8,0,49,2979
2,6,8,0,49,2979
0,0,8,0,50,2565
1,0,8,0,50,2565
0,1,8,0,50,2565
2,0,8,0,50,2565
1,1,8,0,50,2565
0,2,8,0,50,2565
4,0,8,0,50,2565
3,0,8,0,50,2565
3,1,8,0,50,2565
2,1,8,0,50,2565
2,2,8,0,50,2565
1,2,8,0,50,2565
1,3,8,0,50,2565
6,0,8,0,50,2565
5,0,8,0,50,2565
5,1,8,0,50,2565
4,1,8,0,50,2565
4,2,8,0,50,2565
3,2,8,0,50,2565
3,3,8,0,50,2565
2,3,8,0,50,2565
2,4,8,0,50,2565
8,0,8,0,50,2565
7,0,8,0,50,2565
7,1,8,0,50,2565
6,1,8,0,50,2565
6,2,8,0,50,2565
5,2,8,0,50,2565
5,3,8,0,50,2565
4,3,8,0,50,2565
4,4,8,0,50,2565
3,4,8,0,50,2565
3,5,8,0,50,2565
0,0,8,0,51,2122
2,0,8,0,51,2122
1,0,8,0,51,2122
1,1,8,0,51,2122
4,0,8,0,51,2122
3,0,8,0,51,2122
3,1,8,0,51,2122
2,1,8,0,51,2122
2,2,8,0,51,2122
6,0,8,0,51,2122
5,0,8,0,51,2122
5,1,8,0,51,2122
4,1,8,0,51,2122
4,2,8,0,51,2122
3,2,8,0,51,2122
3,3,8,0,51,2122
8,0,8,0,51,2122
7,0,8,0,51,2122
7,1,8,0,51,2122
6,1,8,0,51,2122
6,2,8,0,51,2122
5,2,8,0,51,2122
5,3,8,0,51,2122
4,3,8,0,51,2122
4,4,8,0,51,2122
2,0,8,0,26,1646
4,0,8,0,26,1646
3,0,8,0,26,1646
3,1,8,0,26,1646
6,0,8,0,26,1646
5,0,8,0,26,1646
5,1,8,0,26,1646
4,1,8,0,26,1646
4,2,8,0,26,1646
8,0,8,0,26,1646
7,0,8,0,26,1646
7,1,8,0,26,1646
6,1,8,0,26,1646
6,2,8,0,26,1646
5,2,8,0,26,1646
5,3,8,0,26,1646
4,0,8,0,10,1136
6,0,8,0,10,1136
5,0,8,0,10,1136
5,1,8,0,10,1136
8,0,8,0,10,1136
7,0,8,0,10,1136
7,1,8,0,10,1136
6,1,8,0,10,1136
6,2,8,0,10,1136
6,0,8,0,5,588
8,0,8,0,5,588
7,0,8,0,5,588
7,1,8,0,5,588
8,0,8,0,0,0
9,0,8,1,47,4082
8,1,8,1,47,4082
7,1,7,1,0,0
7,2,8,1,47,4082
5,1,6,0,6,588
7,1,6,0,6,588
6,0,6,0,6,588
6,2,6,0,6,588
6,2,6,2,0,0
6,3,8,1,47,4082
5,3,5,3,0,0
5,4,8,1,47,4082
1,1,6,0,52,1650
3,1,6,0,52,1650
2,0,6,0,52,1650
2,2,6,0,52,1650
5,1,6,0,52,1650
4,0,6,0,52,1650
4,2,6,0,52,1650
3,0,6,0,52,1650
3,3,6,0,52,1650
7,1,6,0,52,1650
6,0,6,0,52,1650
6,2,6,0,52,1650
5,0,6,0,52,1650
5,3,6,0,52,1650
4,1,6,0,52,1650
4,4,6,0,52,1650
2,2,4,0,53,1136
4,2,4,0,53,1136
3,1,4,0,53,1136
3,3,4,0,53,1136
6,2,4,0,53,1136
5,1,4,0,53,1136
5,3,4,0,53,1136
4,0,4,0,53,1136
4,4,4,0,53,1136
3,3,5,3,54,588
5,3,5,3,54,588
4,2,5,3,54,588
4,4,5,3,54,588
4,4,4,4,0,0
4,5,8,1,47,4082
2,4,4,4,54,588
4,4,4,4,54,588
3,3,4,4,54,588
3,5,4,4,54,588
3,5,3,5,0,0
3,6,8,1,47,4082
0,1,6,0,55,2571
1,1,6,0,55,2571
0,0,6,0,55,2571
0,2,6,0,55,2571
2,1,6,0,55,2571
1,0,6,0,55,2571
1,2,6,0,55,2571
0,3,6,0,55,2571
3,1,6,0,55,2571
2,0,6,0,55,2571
2,2,6,0,55,2571
1,3,6,0,55,2571
0,4,6,0,55,2571
5,1,6,0,55,2571
4,0,6,0,55,2571
4,2,6,0,55,2571
3,0,6,0,55,2571
3,3,6,0,55,2571
2,4,6,0,55,2571
1,5,6,0,55,2571
7,1,6,0,55,2571
6,0,6,0,55,2571
6,2,6,0,55,2571
5,0,6,0,55,2571
5,3,6,0,55,2571
4,1,6,0,55,2571
4,4,6,0,55,2571
3,2,6,0,55,2571
3,5,6,0,55,2571
2,3,6,0,55,2571
2,6,6,0,55,2571
0,2,2,0,56,2128
1,2,2,0,56,2128
0,1,2,0,56,2128
0,3,2,0,56,2128
2,2,2,0,56,2128
1,1,2,0,56,2128
1,3,2,0,56,2128
0,0,2,0,56,2128
0,4,2,0,56,2128
4,2,2,0,56,2128
3,1,2,0,56,2128
3,3,2,0,56,2128
2,0,2,0,56,2128
2,4,2,0,56,2128
1,0,2,0,56,2128
1,5,2,0,56,2128
6,2,2,0,56,2128
5,1,2,0,56,2128
5,3,2,0,56,2128
4,0,2,0,56,2128
4,4,2,0,56,2128
3,0,2,0,56,2128
3,5,2,0,56,2128
2,1,2,0,56,2128
2,6,2,0,56,2128
1,5,1,5,18,588
3,5,1,5,18,588
2,4,1,5,18,588
2,6,1,5,18,588
2,6,2,6,0,0
2,7,8,1,47,4082
0,1,6,0,57,2986
1,1,6,0,57,2986
0,0,6,0,57,2986
0,2,6,0,57,2986
2,1,6,0,57,2986
1,0,6,0,57,2986
1,2,6,0,57,2986
0,3,6,0,57,2986
3,1,6,0,57,2986
2,0,6,0,57,2986
2,2,6,0,57,2986
1,3,6,0,57,2986
0,4,6,0,57,2986
4,1,6,0,57,2986
3,0,6,0,57,2986
3,2,6,0,57,2986
2,3,6,0,57,2986
1,4,6,0,57,2986
0,5,6,0,57,2986
5,1,6,0,57,2986
4,0,6,0,57,2986
4,2,6,0,57,2986
3,3,6,0,57,2986
2,4,6,0,57,2986
1,5,6,0,57,2986
0,6,6,0,57,2986
7,1,6,0,57,2986
6,0,6,0,57,2986
6,2,6,0,57,2986
5,0,6,0,57,2986
5,3,6,0,57,2986
4,4,6,0,57,2986
3,5,6,0,57,2986
2,6,6,0,57,2986
1,7,6,0,57,2986
0,2,4,0,58,2574
1,2,4,0,58,2574
0,1,4,0,58,2574
0,3,4,0,58,2574
2,2,4,0,58,2574
1,1,4,0,58,2574
1,3,4,0,58,2574
0,0,4,0,58,2574
0,4,4,0,58,2574
3,2,4,0,58,2574
2,1,4,0,58,2574
2,3,4,0,58,2574
1,0,4,0,58,2574
1,4,4,0,58,2574
0,5,4,0,58,2574
4,2,4,0,58,2574
3,1,4,0,58,2574
3,3,4,0,58,2574
2,0,4,0,58,2574
2,4,4,0,58,2574
1,5,4,0,58,2574
0,6,4,0,58,2574
6,2,4,0,58,2574
5,1,4,0,58,2574
5,3,4,0,58,2574
4,0,4,0,58,2574
4,4,4,0,58,2574
3,0,4,0,58,2574
3,5,4,0,58,2574
2,6,4,0,58,2574
1,7,4,0,58,2574
0,3,2,0,59,2127
1,3,2,0,59,2127
0,2,2,0,59,2127
0,4,2,0,59,2127
2,3,2,0,59,2127
1,2,2,0,59,2127
1,4,2,0,59,2127
0,1,2,0,59,2127
0,5,2,0,59,2127
3,3,2,0,59,2127
2,2,2,0,59,2127
2,4,2,0,59,2127
1,1,2,0,59,2127
1,5,2,0,59,2127
0,0,2,0,59,2127
0,6,2,0,59,2127
5,3,2,0,59,2127
4,2,2,0,59,2127
4,4,2,0,59,2127
3,1,2,0,59,2127
3,5,2,0,59,2127
2,0,2,0,59,2127
2,6,2,0,59,2127
1,0,2,0,59,2127
1,7,2,0,59,2127
0,4,0,2,60,1650
1,4,0,2,60,1650
0,3,0,2,60,1650
0,5,0,2,60,1650
2,4,0,2,60,1650
1,3,0,2,60,1650
1,5,0,2,60,1650
0,2,0,2,60,1650
0,6,0,2,60,1650
4,4,0,2,60,1650
3,3,0,2,60,1650
3,5,0,2,60,1650
2,2,0,2,60,1650
2,6,0,2,60,1650
1,1,0,2,60,1650
1,7,0,2,60,1650
0,5,0,4,43,1138
1,5,0,4,43,1138
0,4,0,4,43,1138
0,6,0,4,43,1138
3,5,0,4,43,1138
2,4,0,4,43,1138
2,6,0,4,43,1138
1,3,0,4,43,1138
1,7,0,4,43,1138
0,6,1,5,6,588
2,6,1,5,6,588
1,5,1,5,6,588
1,7,1,5,6,588
1,7,1,7,0,0
1,8,8,1,47,4082
0,2,4,0,61,2989
1,2,4,0,61,2989
0,1,4,0,61,2989
0,3,4,0,61,2989
2,2,4,0,61,2989
1,1,4,0,61,2989
1,3,4,0,61,2989
0,0,4,0,61,2989
0,4,4,0,61,2989
3,2,4,0,61,2989
2,1,4,0,61,2989
2,3,4,0,61,2989
1,0,4,0,61,2989
1,4,4,0,61,2989
0,5,4,0,61,2989
4,2,4,0,61,2989
3,1,4,0,61,2989
3,3,4,0,61,2989
2,0,4,0,61,2989
2,4,4,0,61,2989
1,5,4,0,61,2989
0,6,4,0,61,2989
5,2,4,0,61,2989
4,1,4,0,61,2989
4,3,4,0,61,2989
3,0,4,0,61,2989
3,4,4,0,61,2989
2,5,4,0,61,2989
1,6,4,0,61,2989
0,7,4,0,61,2989
6,2,4,0,61,2989
5,1,4,0,61,2989
5,3,4,0,61,2989
4,0,4,0,61,2989
4,4,4,0,61,2989
3,5,4,0,61,2989
2,6,4,0,61,2989
1,7,4,0,61,2989
0,8,4,0,61,2989
0,3,2,0,62,2579
1,3,2,0,62,2579
0,2,2,0,62,2579
0,4,2,0,62,2579
2,3,2,0,62,2579
1,2,2,0,62,2579
1,4,2,0,62,2579
0,1,2,0,62,2579
0,5,2,0,62,2579
3,3,2,0,62,2579
2,2,2,0,62,2579
2,4,2,0,62,2579
1,1,2,0,62,2579
1,5,2,0,62,2579
0,0,2,0,62,2579
0,6,2,0,62,2579
4,3,2,0,62,2579
3,2,2,0,62,2579
3,4,2,0,62,2579
2,1,2,0,62,2579
2,5,2,0,62,2579
1,0,2,0,62,2579
1,6,2,0,62,2579
0,7,2,0,62,2579
5,3,2,0,62,2579
4,2,2,0,62,2579
4,4,2,0,62,2579
3,1,2,0,62,2579
3,5,2,0,62,2579
2,0,2,0,62,2579
2,6,2,0,62,2579
1,7,2,0,62,2579
0,8,2,0,62,2579
0,4,1,1,63,2133
1,4,1,1,63,2133
0,3,1,1,63,2133
0,5,1,1,63,2133
2,4,1,1,63,2133
1,3,1,1,63,2133
1,5,1,1,63,2133
0,2,1,1,63,2133
0,6,1,1,63,2133
3,4,1,1,63,2133
2,3,1,1,63,2133
2,5,1,1,63,2133
1,2,1,1,63,2133
1,6,1,1,63,2133
0,1,1,1,63,2133
0,7,1,1,63,2133
4,4,1,1,63,2133
3,3,1,1,63,2133
3,5,1,1,63,2133
2,2,1,1,63,2133
2,6,1,1,63,2133
1,1,1,1,63,2133
1,7,1,1,63,2133
0,0,1,1,63,2133
0,8,1,1,63,2133
0,5,0,2,64,1646
1,5,0,2,64,1646
0,4,0,2,64,1646
0,6,0,2,64,1646
2,5,0,2,64,1646
1,4,0,2,64,1646
1,6,0,2,64,1646
0,3,0,2,64,1646
0,7,0,2,64,1646
3,5,0,2,64,1646
2,4,0,2,64,1646
2,6,0,2,64,1646
1,3,0,2,64,1646
1,7,0,2,64,1646
0,2,0,2,64,1646
0,8,0,2,64,1646
0,7,1,7,7,588
1,7,1,7,7,588
0,6,1,7,7,588
0,8,1,7,7,588
0,8,0,8,0,0
0,9,8,1,47,4082
0,0,8,2,65,4416
1,0,8,2,65,4416
0,1,8,2,65,4416
2,0,8,2,65,4416
1,1,8,2,65,4416
0,2,8,2,65,4416
3,0,8,2,65,4416
2,1,8,2,65,4416
1,2,8,2,65,4416
0,3,8,2,65,4416
4,0,8,2,65,4416
3,1,8,2,65,4416
2,2,8,2,65,4416
1,3,8,2,65,4416
0,4,8,2,65,4416
5,0,8,2,65,4416
4,1,8,2,65,4416
3,2,8,2,65,4416
2,3,8,2,65,4416
1,4,8,2,65,4416
0,5,8,2,65,4416
6,0,8,2,65,4416
5,1,8,2,65,4416
4,2,8,2,65,4416
3,3,8,2,65,4416
2,4,8,2,65,4416
1,5,8,2,65,4416
0,6,8,2,65,4416
7,0,8,2,65,4416
6,1,8,2,65,4416
5,2,8,2,65,4416
4,3,8,2,65,4416
3,4,8,2,65,4416
2,5,8,2,65,4416
1,6,8,2,65,4416
0,7,8,2,65,4416
8,0,8,2,65,4416
7,1,8,2,65,4416
6,2,8,2,65,4416
5,3,8,2,65,4416
4,4,8,2,65,4416
3,5,8,2,65,4416
2,6,8,2,65,4416
1,7,8,2,65,4416
0,8,8,2,65,4416
0,0,8,0,66,3365
1,0,8,0,66,3365
0,1,8,0,66,3365
2,0,8,0,66,3365
1,1,8,0,66,3365
0,2,8,0,66,3365
3,0,8,0,66,3365
2,1,8,0,66,3365
1,2,8,0,66,3365
0,3,8,0,66,3365
4,0,8,0,66,3365
3,1,8,0,66,3365
2,2,8,0,66,3365
1,3,8,0,66,3365
0,4,8,0,66,3365
5,0,8,0,66,3365
4,1,8,0,66,3365
3,2,8,0,66,3365
2,3,8,0,66,3365
1,4,8,0,66,3365
0,5,8,0,66,3365
6,0,8,0,66,3365
5,1,8,0,66,3365
4,2,8,0,66,3365
3,3,8,0,66,3365
2,4,8,0,66,3365
1,5,8,0,66,3365
0,6,8,0,66,3365
8,0,8,0,66,3365
7,0,8,0,66,3365
7,1,8,0,66,3365
6,1,8,0,66,3365
6,2,8,0,66,3365
5,2,8,0,66,3365
5,3,8,0,66,3365
4,3,8,0,66,3365
4,4,8,0,66,3365
3,4,8,0,66,3365
3,5,8,0,66,3365
2,5,8,0,66,3365
2,6,8,0,66,3365
1,6,8,0,66,3365
1,7,8,0,66,3365
9,0,8,2,65,4416
8,1,8,2,65,4416
7,2,8,2,65,4416
6,3,8,2,65,4416
5,4,8,2,65,4416
4,5,8,2,65,4416
3,6,8,2,65,4416
2,7,8,2,65,4416
1,8,8,2,65,4416
0,9,8,2,65,4416
0,0,8,1,67,3382
1,0,8,1,67,3382
0,1,8,1,67,3382
2,0,8,1,67,3382
1,1,8,1,67,3382
0,2,8,1,67,3382
3,0,8,1,67,3382
2,1,8,1,67,3382
1,2,8,1,67,3382
0,3,8,1,67,3382
4,0,8,1,67,3382
3,1,8,1,67,3382
2,2,8,1,67,3382
1,3,8,1,67,3382
0,4,8,1,67,3382
5,0,8,1,67,3382
4,1,8,1,67,3382
3,2,8,1,67,3382
2,3,8,1,67,3382
1,4,8,1,67,3382
0,5,8,1,67,3382
7,0,8,1,67,3382
6,0,8,1,67,3382
6,1,8,1,67,3382
5,1,8,1,67,3382
5,2,8,1,67,3382
4,2,8,1,67,3382
4,3,8,1,67,3382
3,3,8,1,67,3382
3,4,8,1,67,3382
2,4,8,1,67,3382
2,5,8,1,67,3382
1,5,8,1,67,3382
1,6,8,1,67,3382
9,0,8,1,67,3382
8,0,8,1,67,3382
8,1,8,1,67,3382
7,1,8,1,67,3382
7,2,8,1,67,3382
6,2,8,1,67,3382
6,3,8,1,67,3382
5,3,8,1,67,3382
5,4,8,1,67,3382
4,4,8,1,67,3382
4,5,8,1,67,3382
3,5,8,1,67,3382
3,6,8,1,67,3382
2,6,8,1,67,3382
2,7,8,1,67,3382
0,0,8,1,68,2994
1,0,8,1,68,2994
0,1,8,1,68,2994
2,0,8,1,68,2994
1,1,8,1,68,2994
0,2,8,1,68,2994
3,0,8,1,68,2994
2,1,8,1,68,2994
1,2,8,1,68,2994
0,3,8,1,68,2994
5,0,8,1,68,2994
4,0,8,1,68,2994
4,1,8,1,68,2994
3,1,8,1,68,2994
3,2,8,1,68,2994
2,2,8,1,68,2994
2,3,8,1,68,2994
1,3,8,1,68,2994
1,4,8,1,68,2994
7,0,8,1,68,2994
6,0,8,1,68,2994
6,1,8,1,68,2994
5,1,8,1,68,2994
5,2,8,1,68,2994
4,2,8,1,68,2994
4,3,8,1,68,2994
3,3,8,1,68,2994
3,4,8,1,68,2994
2,4,8,1,68,2994
2,5,8,1,68,2994
9,0,8,1,68,2994
8,0,8,1,68,2994
8,1,8,1,68,2994
7,1,8,1,68,2994
7,2,8,1,68,2994
6,2,8,1,68,2994
6,3,8,1,68,2994
5,3,8,1,68,2994
5,4,8,1,68,2994
4,4,8,1,68,2994
4,5,8,1,68,2994
3,5,8,1,68,2994
3,6,8,1,68,2994
0,0,8,1,69,2578
1,0,8,1,69,2578
0,1,8,1,69,2578
3,0,8,1,69,2578
2,0,8,1,69,2578
2,1,8,1,69,2578
1,1,8,1,69,2578
1,2,8,1,69,2578
5,0,8,1,69,2578
4,0,8,1,69,2578
4,1,8,1,69,2578
3,1,8,1,69,2578
3,2,8,1,69,2578
2,2,8,1,69,2578
2,3,8,1,69,2578
7,0,8,1,69,2578
6,0,8,1,69,2578
6,1,8,1,69,2578
5,1,8,1,69,2578
5,2,8,1,69,2578
4,2,8,1,69,2578
4,3,8,1,69,2578
3,3,8,1,69,2578
3,4,8,1,69,2578
9,0,8,1,69,2578
8,0,8,1,69,2578
8,1,8,1,69,2578
7,1,8,1,69,2578
7,2,8,1,69,2578
6,2,8,1,69,2578
6,3,8,1,69,2578
5,3,8,1,69,2578
5,4,8,1,69,2578
4,4,8,1,69,2578
4,5,8,1,69,2578
1,0,8,1,70,2132
3,0,8,1,70,2132
2,0,8,1,70,2132
2,1,8,1,70,2132
5,0,8,1,70,2132
4,0,8,1,70,2132
4,1,8,1,70,2132
3,1,8,1,70,2132
3,2,8,1,70,2132
7,0,8,1,70,2132
6,0,8,1,70,2132
6,1,8,1,70,2132
5,1,8,1,70,2132
5,2,8,1,70,2132
4,2,8,1,70,2132
4,3,8,1,70,2132
9,0,8,1,70,2132
8,0,8,1,70,2132
8,1,8,1,70,2132
7,1,8,1,70,2132
7,2,8,1,70,2132
6,2,8,1,70,2132
6,3,8,1,70,2132
5,3,8,1,70,2132
5,4,8,1,70,2132
3,0,8,1,71,1653
5,0,8,1,71,1653
4,0,8,1,71,1653
4,1,8,1,71,1653
7,0,8,1,71,1653
6,0,8,1,71,1653
6,1,8,1,71,1653
5,1,8,1,71,1653
5,2,8,1,71,1653
9,0,8,1,71,1653
8,0,8,1,71,1653
8,1,8,1,71,1653
7,1,8,1,71,1653
7,2,8,1,71,1653
6,2,8,1,71,1653
6,3,8,1,71,1653
5,0,8,1,72,1139
7,0,8,1,72,1139
6,0,8,1,72,1139
6,1,8,1,72,1139
9,0,8,1,72,1139
8,0,8,1,72,1139
8,1,8,1,72,1139
7,1,8,1,72,1139
7,2,8,1,72,1139
7,0,8,1,73,588
9,0,8,1,73,588
8,0,8,1,73,588
8,1,8,1,73,588
9,0,9,0,0,0
9,1,8,2,65,4416
8,1,8,1,0,0
8,2,8,2,65,4416
6,1,8,1,54,588
8,1,8,1,54,588
7,0,8,1,54,588
7,2,8,1,54,588
7,2,7,2,0,0
7,3,8,2,65,4416
4,1,7,0,17,1138
6,1,7,0,17,1138
5,0,7,0,17,1138
5,2,7,0,17,1138
8,1,7,0,17,1138
7,0,7,0,17,1138
7,2,7,0,17,1138
6,0,7,0,17,1138
6,3,7,0,17,1138
6,3,6,3,0,0
6,4,8,2,65,4416
4,3,6,3,54,588
6,3,6,3,54,588
5,2,6,3,54,588
5,4,6,3,54,588
5,4,5,4,0,0
5,5,8,2,65,4416
0,1,7,0,74,2127
2,1,7,0,74,2127
1,0,7,0,74,2127
1,2,7,0,74,2127
4,1,7,0,74,2127
3,0,7,0,74,2127
3,2,7,0,74,2127
2,0,7,0,74,2127
2,3,7,0,74,2127
6,1,7,0,74,2127
5,0,7,0,74,2127
5,2,7,0,74,2127
4,0,7,0,74,2127
4,3,7,0,74,2127
3,1,7,0,74,2127
3,4,7,0,74,2127
8,1,7,0,74,2127
7,0,7,0,74,2127
7,2,7,0,74,2127
6,0,7,0,74,2127
6,3,7,0,74,2127
5,1,7,0,74,2127
5,4,7,0,74,2127
4,2,7,0,74,2127
4,5,7,0,74,2127
1,2,5,0,75,1650
3,2,5,0,75,1650
2,1,5,0,75,1650
2,3,5,0,75,1650
5,2,5,0,75,1650
4,1,5,0,75,1650
4,3,5,0,75,1650
3,0,5,0,75,1650
3,4,5,0,75,1650
7,2,5,0,75,1650
6,1,5,0,75,1650
6,3,5,0,75,1650
5,0,5,0,75,1650
5,4,5,0,75,1650
4,0,5,0,75,1650
4,5,5,0,75,1650
2,3,6,3,76,1136
4,3,6,3,76,1136
3,2,6,3,76,1136
3,4,6,3,76,1136
6,3,6,3,76,1136
5,2,6,3,76,1136
5,4,6,3,76,1136
4,1,6,3,76,1136
4,5,6,3,76,1136
3,4,5,4,54,588
5,4,5,4,54,588
4,3,5,4,54,588
4,5,5,4,54,588
4,5,4,5,0,0
4,6,8,2,65,4416
1,4,5,4,76,1136
3,4,5,4,76,1136
2,3,5,4,76,1136
2,5,5,4,76,1136
5,4,5,4,76,1136
4,3,5,4,76,1136
4,5,5,4,76,1136
3,2,5,4,76,1136
3,6,5,4,76,1136
3,6,3,6,0,0
3,7,8,2,65,4416
0,1,7,0,77,2986
1,1,7,0,77,2986
0,0,7,0,77,2986
0,2,7,0,77,2986
2,1,7,0,77,2986
1,0,7,0,77,2986
1,2,7,0,77,2986
0,3,7,0,77,2986
3,1,7,0,77,2986
2,0,7,0,77,2986
2,2,7,0,77,2986
1,3,7,0,77,2986
0,4,7,0,77,2986
4,1,7,0,77,2986
3,0,7,0,77,2986
3,2,7,0,77,2986
2,3,7,0,77,2986
1,4,7,0,77,2986
0,5,7,0,77,2986
6,1,7,0,77,2986
5,0,7,0,77,2986
5,2,7,0,77,2986
4,0,7,0,77,2986
4,3,7,0,77,2986
3,4,7,0,77,2986
2,5,7,0,77,2986
1,6,7,0,77,2986
8,1,7,0,77,2986
7,0,7,0,77,2986
7,2,7,0,77,2986
6,0,7,0,77,2986
6,3,7,0,77,2986
5,1,7,0,77,2986
5,4,7,0,77,2986
4,2,7,0,77,2986
4,5,7,0,77,2986
3,3,7,0,77,2986
3,6,7,0,77,2986
2,4,7,0,77,2986
2,7,7,0,77,2986
0,2,3,0,78,2574
1,2,3,0,78,2574
0,1,3,0,78,2574
0,3,3,0,78,2574
2,2,3,0,78,2574
1,1,3,0,78,2574
1,3,3,0,78,2574
0,0,3,0,78,2574
0,4,3,0,78,2574
3,2,3,0,78,2574
2,1,3,0,78,2574
2,3,3,0,78,2574
1,0,3,0,78,2574
1,4,3,0,78,2574
0,5,3,0,78,2574
5,2,3,0,78,2574
4,1,3,0,78,2574
4,3,3,0,78,2574
3,0,3,0,78,2574
3,4,3,0,78,2574
2,0,3,0,78,2574
2,5,3,0,78,2574
1,6,3,0,78,2574
7,2,3,0,78,2574
6,1,3,0,78,2574
6,3,3,0,78,2574
5,0,3,0,78,2574
5,4,3,0,78,2574
4,0,3,0,78,2574
4,5,3,0,78,2574
3,1,3,0,78,2574
3,6,3,0,78,2574
2,7,3,0,78,2574
0,5,0,5,79,1136
2,5,0,5,79,1136
1,4,0,5,79,1136
1,6,0,5,79,1136
4,5,0,5,79,1136
3,4,0,5,79,1136
3,6,0,5,79,1136
2,3,0,5,79,1136
2,7,0,5,79,1136
2,7,2,7,0,0
2,8,8,2,65,4416
0,1,7,0,80,3373
1,1,7,0,80,3373
0,0,7,0,80,3373
0,2,7,0,80,3373
2,1,7,0,80,3373
1,0,7,0,80,3373
1,2,7,0,80,3373
0,3,7,0,80,3373
3,1,7,0,80,3373
2,0,7,0,80,3373
2,2,7,0,80,3373
1,3,7,0,80,3373
0,4,7,0,80,3373
4,1,7,0,80,3373
3,0,7,0,80,3373
3,2,7,0,80,3373
2,3,7,0,80,3373
1,4,7,0,80,3373
0,5,7,0,80,3373
5,1,7,0,80,3373
4,0,7,0,80,3373
4,2,7,0,80,3373
3,3,7,0,80,3373
2,4,7,0,80,3373
1,5,7,0,80,3373
0,6,7,0,80,3373
6,1,7,0,80,3373
5,0,7,0,80,3373
5,2,7,0,80,3373
4,3,7,0,80,3373
3,4,7,0,80,3373
2,5,7,0,80,3373
1,6,7,0,80,3373
0,7,7,0,80,3373
8,1,7,0,80,3373
7,0,7,0,80,3373
7,2,7,0,80,3373
6,0,7,0,80,3373
6,3,7,0,80,3373
5,4,7,0,80,3373
4,5,7,0,80,3373
3,6,7,0,80,3373
2,7,7,0,80,3373
1,8,7,0,80,3373
0,2,5,0,81,2991
1,2,5,0,81,2991
0,1,5,0,81,2991
0,3,5,0,81,2991
2,2,5,0,81,2991
1,1,5,0,81,2991
1,3,5,0,81,2991
0,0,5,0,81,2991
0,4,5,0,81,2991
3,2,5,0,81,2991
2,1,5,0,81,2991
2,3,5,0,81,2991
1,0,5,0,81,2991
1,4,5,0,81,2991
0,5,5,0,81,2991
4,2,5,0,81,2991
3,1,5,0,81,2991
3,3,5,0,81,2991
2,0,5,0,81,2991
2,4,5,0,81,2991
1,5,5,0,81,2991
0,6,5,0,81,2991
5,2,5,0,81,2991
4,1,5,0,81,2991
4,3,5,0,81,2991
3,0,5,0,81,2991
3,4,5,0,81,2991
2,5,5,0,81,2991
1,6,5,0,81,2991
0,7,5,0,81,2991
7,2,5,0,81,2991
6,1,5,0,81,2991
6,3,5,0,81,2991
5,0,5,0,81,2991
5,4,5,0,81,2991
4,0,5,0,81,2991
4,5,5,0,81,2991
3,6,5,0,81,2991
2,7,5,0,81,2991
1,8,5,0,81,2991
0,3,3,0,82,2574
1,3,3,0,82,2574
0,2,3,0,82,2574
0,4,3,0,82,2574
2,3,3,0,82,2574
1,2,3,0,82,2574
1,4,3,0,82,2574
0,1,3,0,82,2574
0,5,3,0,82,2574
3,3,3,0,82,2574
2,2,3,0,82,2574
2,4,3,0,82,2574
1,1,3,0,82,2574
1,5,3,0,82,2574
0,0,3,0,82,2574
0,6,3,0,82,2574
4,3,3,0,82,2574
3,2,3,0,82,2574
3,4,3,0,82,2574
2,1,3,0,82,2574
2,5,3,0,82,2574
1,0,3,0,82,2574
1,6,3,0,82,2574
0,7,3,0,82,2574
6,3,3,0,82,2574
5,2,3,0,82,2574
5,4,3,0,82,2574
4,1,3,0,82,2574
4,5,3,0,82,2574
3,0,3,0,82,2574
3,6,3,0,82,2574
2,0,3,0,82,2574
2,7,3,0,82,2574
1,8,3,0,82,2574
0,4,1,2,83,2132
1,4,1,2,83,2132
0,3,1,2,83,2132
0,5,1,2,83,2132
2,4,1,2,83,2132
1,3,1,2,83,2132
1,5,1,2,83,2132
0,2,1,2,83,2132
0,6,1,2,83,2132
3,4,1,2,83,2132
2,3,1,2,83,2132
2,5,1,2,83,2132
1,2,1,2,83,2132
1,6,1,2,83,2132
0,1,1,2,83,2132
0,7,1,2,83,2132
5,4,1,2,83,2132
4,3,1,2,83,2132
4,5,1,2,83,2132
3,2,1,2,83,2132
3,6,1,2,83,2132
2,1,1,2,83,2132
2,7,1,2,83,2132
1,0,1,2,83,2132
1,8,1,2,83,2132
0,5,0,3,60,1650
1,5,0,3,60,1650
0,4,0,3,60,1650
0,6,0,3,60,1650
2,5,0,3,60,1650
1,4,0,3,60,1650
1,6,0,3,60,1650
0,3,0,3,60,1650
0,7,0,3,60,1650
4,5,0,3,60,1650
3,4,0,3,60,1650
3,6,0,3,60,1650
2,3,0,3,60,1650
2,7,0,3,60,1650
1,2,0,3,60,1650
1,8,0,3,60,1650
0,6,0,5,43,1138
1,6,0,5,43,1138
0,5,0,5,43,1138
0,7,0,5,43,1138
3,6,0,5,43,1138
2,5,0,5,43,1138
2,7,0,5,43,1138
1,4,0,5,43,1138
1,8,0,5,43,1138
0,7,1,6,6,588
2,7,1,6,6,588
1,6,1,6,6,588
1,8,1,6,6,588
1,8,1,8,0,0
1,9,8,2,65,4416
0,2,5,0,84,3377
1,2,5,0,84,3377
0,1,5,0,84,3377
0,3,5,0,84,3377
2,2,5,0,84,3377
1,1,5,0,84,3377
1,3,5,0,84,3377
0,0,5,0,84,3377
0,4,5,0,84,3377
3,2,5,0,84,3377
2,1,5,0,84,3377
2,3,5,0,84,3377
1,0,5,0,84,3377
1,4,5,0,84,3377
0,5,5,0,84,3377
4,2,5,0,84,3377
3,1,5,0,84,3377
3,3,5,0,84,3377
2,0,5,0,84,3377
2,4,5,0,84,3377
1,5,5,0,84,3377
0,6,5,0,84,3377
5,2,5,0,84,3377
4,1,5,0,84,3377
4,3,5,0,84,3377
3,0,5,0,84,3377
3,4,5,0,84,3377
2,5,5,0,84,3377
1,6,5,0,84,3377
0,7,5,0,84,3377
6,2,5,0,84,3377
5,1,5,0,84,3377
5,3,5,0,84,3377
4,0,5,0,84,3377
4,4,5,0,84,3377
3,5,5,0,84,3377
2,6,5,0,84,3377
1,7,5,0,84,3377
0,8,5,0,84,3377
7,2,5,0,84,3377
6,1,5,0,84,3377
6,3,5,0,84,3377
5,0,5,0,84,3377
5,4,5,0,84,3377
4,5,5,0,84,3377
3,6,5,0,84,3377
2,7,5,0,84,3377
1,8,5,0,84,3377
0,9,5,0,84,3377
0,3,3,0,85,2998
1,3,3,0,85,2998
0,2,3,0,85,2998
0,4,3,0,85,2998
2,3,3,0,85,2998
1,2,3,0,85,2998
1,4,3,0,85,2998
0,1,3,0,85,2998
0,5,3,0,85,2998
3,3,3,0,85,2998
2,2,3,0,85,2998
2,4,3,0,85,2998
1,1,3,0,85,2998
1,5,3,0,85,2998
0,0,3,0,85,2998
0,6,3,0,85,2998
4,3,3,0,85,2998
3,2,3,0,85,2998
3,4,3,0,85,2998
2,1,3,0,85,2998
2,5,3,0,85,2998
1,0,3,0,85,2998
1,6,3,0,85,2998
0,7,3,0,85,2998
5,3,3,0,85,2998
4,2,3,0,85,2998
4,4,3,0,85,2998
3,1,3,0,85,2998
3,5,3,0,85,2998
2,0,3,0,85,2998
2,6,3,0,85,2998
1,7,3,0,85,2998
0,8,3,0,85,2998
6,3,3,0,85,2998
5,2,3,0,85,2998
5,4,3,0,85,2998
4,1,3,0,85,2998
4,5,3,0,85,2998
3,0,3,0,85,2998
3,6,3,0,85,2998
2,7,3,0,85,2998
1,8,3,0,85,2998
0,9,3,0,85,2998
0,4,1,0,86,2580
1,4,1,0,86,2580
0,3,1,0,86,2580
0,5,1,0,86,2580
2,4,1,0,86,2580
1,3,1,0,86,2580
1,5,1,0,86,2580
0,2,1,0,86,2580
0,6,1,0,86,2580
3,4,1,0,86,2580
2,3,1,0,86,2580
2,5,1,0,86,2580
1,2,1,0,86,2580
1,6,1,0,86,2580
0,1,1,0,86,2580
0,7,1,0,86,2580
4,4,1,0,86,2580
3,3,1,0,86,2580
3,5,1,0,86,2580
2,2,1,0,86,2580
2,6,1,0,86,2580
1,1,1,0,86,2580
1,7,1,0,86,2580
0,0,1,0,86,2580
0,8,1,0,86,2580
5,4,1,0,86,2580
4,3,1,0,86,2580
4,5,1,0,86,2580
3,2,1,0,86,2580
3,6,1,0,86,2580
2,1,1,0,86,2580
2,7,1,0,86,2580
1,0,1,0,86,2580
1,8,1,0,86,2580
0,9,1,0,86,2580
0,5,1,2,87,2132
1,5,1,2,87,2132
0,4,1,2,87,2132
0,6,1,2,87,2132
2,5,1,2,87,2132
1,4,1,2,87,2132
1,6,1,2,87,2132
0,3,1,2,87,2132
0,7,1,2,87,2132
3,5,1,2,87,2132
2,4,1,2,87,2132
2,6,1,2,87,2132
1,3,1,2,87,2132
1,7,1,2,87,2132
0,2,1,2,87,2132
0,8,1,2,87,2132
4,5,1,2,87,2132
3,4,1,2,87,2132
3,6,1,2,87,2132
2,3,1,2,87,2132
2,7,1,2,87,2132
1,2,1,2,87,2132
1,8,1,2,87,2132
0,1,1,2,87,2132
0,9,1,2,87,2132
0,7,1,6,12,1138
1,7,1,6,12,1138
0,6,1,6,12,1138
0,8,1,6,12,1138
2,7,1,6,12,1138
1,6,1,6,12,1138
1,8,1,6,12,1138
0,5,1,6,12,1138
0,9,1,6,12,1138
0,8,0,7,13,588
1,8,0,7,13,588
0,7,0,7,13,588
0,9,0,7,13,588
0,9,0,9,0,0
0,0,8,1,88,3745
1,0,8,1,88,3745
0,1,8,1,88,3745
2,0,8,1,88,3745
1,1,8,1,88,3745
0,2,8,1,88,3745
3,0,8,1,88,3745
2,1,8,1,88,3745
1,2,8,1,88,3745
0,3,8,1,88,3745
4,0,8,1,88,3745
3,1,8,1,88,3745
2,2,8,1,88,3745
1,3,8,1,88,3745
0,4,8,1,88,3745
5,0,8,1,88,3745
4,1,8,1,88,3745
3,2,8,1,88,3745
2,3,8,1,88,3745
1,4,8,1,88,3745
0,5,8,1,88,3745
6,0,8,1,88,3745
5,1,8,1,88,3745
4,2,8,1,88,3745
3,3,8,1,88,3745
2,4,8,1,88,3745
1,5,8,1,88,3745
0,6,8,1,88,3745
7,0,8,1,88,3745
6,1,8,1,88,3745
5,2,8,1,88,3745
4,3,8,1,88,3745
3,4,8,1,88,3745
2,5,8,1,88,3745
1,6,8,1,88,3745
0,7,8,1,88,3745
9,0,8,1,88,3745
8,0,8,1,88,3745
8,1,8,1,88,3745
7,1,8,1,88,3745
7,2,8,1,88,3745
6,2,8,1,88,3745
6,3,8,1,88,3745
5,3,8,1,88,3745
5,4,8,1,88,3745
4,4,8,1,88,3745
4,5,8,1,88,3745
3,5,8,1,88,3745
3,6,8,1,88,3745
2,6,8,1,88,3745
2,7,8,1,88,3745
1,7,8,1,88,3745
1,8,8,1,88,3745
0,0,8,2,89,3760
1,0,8,2,89,3760
0,1,8,2,89,3760
2,0,8,2,89,3760
1,1,8,2,89,3760
0,2,8,2,89,3760
3,0,8,2,89,3760
2,1,8,2,89,3760
1,2,8,2,89,3760
0,3,8,2,89,3760
4,0,8,2,89,3760
3,1,8,2,89,3760
2,2,8,2,89,3760
1,3,8,2,89,3760
0,4,8,2,89,3760
5,0,8,2,89,3760
4,1,8,2,89,3760
3,2,8,2,89,3760
2,3,8,2,89,3760
1,4,8,2,89,3760
0,5,8,2,89,3760
6,0,8,2,89,3760
5,1,8,2,89,3760
4,2,8,2,89,3760
3,3,8,2,89,3760
2,4,8,2,89,3760
1,5,8,2,89,3760
0,6,8,2,89,3760
8,0,8,2,89,3760
7,0,8,2,89,3760
7,1,8,2,89,3760
6,1,8,2,89,3760
6,2,8,2,89,3760
5,2,8,2,89,3760
5,3,8,2,89,3760
4,3,8,2,89,3760
4,4,8,2,89,3760
3,4,8,2,89,3760
3,5,8,2,89,3760
2,5,8,2,89,3760
2,6,8,2,89,3760
1,6,8,2,89,3760
1,7,8,2,89,3760
9,0,8,2,89,3760
9,1,8,2,89,3760
8,1,8,2,89,3760
8,2,8,2,89,3760
7,2,8,2,89,3760
7,3,8,2,89,3760
6,3,8,2,89,3760
6,4,8,2,89,3760
5,4,8,2,89,3760
5,5,8,2,89,3760
4,5,8,2,89,3760
4,6,8,2,89,3760
3,6,8,2,89,3760
3,7,8,2,89,3760
2,7,8,2,89,3760
2,8,8,2,89,3760
0,0,8,2,90,3395
1,0,8,2,90,3395
0,1,8,2,90,3395
2,0,8,2,90,3395
1,1,8,2,90,3395
0,2,8,2,90,3395
3,0,8,2,90,3395
2,1,8,2,90,3395
1,2,8,2,90,3395
0,3,8,2,90,3395
4,0,8,2,90,3395
3,1,8,2,90,3395
2,2,8,2,90,3395
1,3,8,2,90,3395
0,4,8,2,90,3395
6,0,8,2,90,3395
5,0,8,2,90,3395
5,1,8,2,90,3395
4,1,8,2,90,3395
4,2,8,2,90,3395
3,2,8,2,90,3395
3,3,8,2,90,3395
2,3,8,2,90,3395
2,4,8,2,90,3395
1,4,8,2,90,3395
1,5,8,2,90,3395
8,0,8,2,90,3395
7,0,8,2,90,3395
7,1,8,2,90,3395
6,1,8,2,90,3395
6,2,8,2,90,3395
5,2,8,2,90,3395
5,3,8,2,90,3395
4,3,8,2,90,3395
4,4,8,2,90,3395
3,4,8,2,90,3395
3,5,8,2,90,3395
2,5,8,2,90,3395
2,6,8,2,90,3395
9,0,8,2,90,3395
9,1,8,2,90,3395
8,1,8,2,90,3395
8,2,8,2,90,3395
7,2,8,2,90,3395
7,3,8,2,90,3395
6,3,8,2,90,3395
6,4,8,2,90,3395
5,4,8,2,90,3395
5,5,8,2,90,3395
4,5,8,2,90,3395
4,6,8,2,90,3395
3,6,8,2,90,3395
3,7,8,2,90,3395
0,0,8,2,91,3005
1,0,8,2,91,3005
0,1,8,2,91,3005
2,0,8,2,91,3005
1,1,8,2,91,3005
0,2,8,2,91,3005
4,0,8,2,91,3005
3,0,8,2,91,3005
3,1,8,2,91,3005
2,1,8,2,91,3005
2,2,8,2,91,3005
1,2,8,2,91,3005
1,3,8,2,91,3005
6,0,8,2,91,3005
5,0,8,2,91,3005
5,1,8,2,91,3005
4,1,8,2,91,3005
4,2,8,2,91,3005
3,2,8,2,91,3005
3,3,8,2,91,3005
2,3,8,2,91,3005
2,4,8,2,91,3005
8,0,8,2,91,3005
7,0,8,2,91,3005
7,1,8,2,91,3005
6,1,8,2,91,3005
6,2,8,2,91,3005
5,2,8,2,91,3005
5,3,8,2,91,3005
4,3,8,2,91,3005
4,4,8,2,91,3005
3,4,8,2,91,3005
3,5,8,2,91,3005
9,0,8,2,91,3005
9,1,8,2,91,3005
8,1,8,2,91,3005
8,2,8,2,91,3005
7,2,8,2,91,3005
7,3,8,2,91,3005
6,3,8,2,91,3005
6,4,8,2,91,3005
5,4,8,2,91,3005
5,5,8,2,91,3005
4,5,8,2,91,3005
4,6,8,2,91,3005
0,0,8,2,92,2586
2,0,8,2,92,2586
1,0,8,2,92,2586
1,1,8,2,92,2586
4,0,8,2,92,2586
3,0,8,2,92,2586
3,1,8,2,92,2586
2,1,8,2,92,2586
2,2,8,2,92,2586
6,0,8,2,92,2586
5,0,8,2,92,2586
5,1,8,2,92,2586
4,1,8,2,92,2586
4,2,8,2,92,2586
3,2,8,2,92,2586
3,3,8,2,92,2586
8,0,8,2,92,2586
7,0,8,2,92,2586
7,1,8,2,92,2586
6,1,8,2,92,2586
6,2,8,2,92,2586
5,2,8,2,92,2586
5,3,8,2,92,2586
4,3,8,2,92,2586
4,4,8,2,92,2586
9,0,8,2,92,2586
9,1,8,2,92,2586
8,1,8,2,92,2586
8,2,8,2,92,2586
7,2,8,2,92,2586
7,3,8,2,92,2586
6,3,8,2,92,2586
6,4,8,2,92,2586
5,4,8,2,92,2586
5,5,8,2,92,2586
2,0,8,2,93,2137
4,0,8,2,93,2137
3,0,8,2,93,2137
3,1,8,2,93,2137
6,0,8,2,93,2137
5,0,8,2,93,2137
5,1,8,2,93,2137
4,1,8,2,93,2137
4,2,8,2,93,2137
8,0,8,2,93,2137
7,0,8,2,93,2137
7,1,8,2,93,2137
6,1,8,2,93,2137
6,2,8,2,93,2137
5,2,8,2,93,2137
5,3,8,2,93,2137
9,0,8,2,93,2137
9,1,8,2,93,2137
8,1,8,2,93,2137
8,2,8,2,93,2137
7,2,8,2,93,2137
7,3,8,2,93,2137
6,3,8,2,93,2137
6,4,8,2,93,2137
4,0,8,2,94,1655
6,0,8,2,94,1655
5,0,8,2,94,1655
5,1,8,2,94,1655
8,0,8,2,94,1655
7,0,8,2,94,1655
7,1,8,2,94,1655
6,1,8,2,94,1655
6,2,8,2,94,1655
9,0,8,2,94,1655
9,1,8,2,94,1655
8,1,8,2,94,1655
8,2,8,2,94,1655
7,2,8,2,94,1655
7,3,8,2,94,1655
6,0,8,2,95,1138
8,0,8,2,95,1138
7,0,8,2,95,1138
7,1,8,2,95,1138
9,0,8,2,95,1138
9,1,8,2,95,1138
8,1,8,2,95,1138
8,2,8,2,95,1138
8,0,8,0,96,586
9,0,8,0,96,586
9,1,8,0,96,586
9,1,9,1,0,0
7,1,8,2,97,588
9,1,8,2,97,588
8,0,8,2,97,588
8,2,8,2,97,588
8,2,8,2,0,0
5,1,8,2,98,1138
7,1,8,2,98,1138
6,0,8,2,98,1138
6,2,8,2,98,1138
9,1,8,2,98,1138
8,0,8,2,98,1138
8,2,8,2,98,1138
7,0,8,2,98,1138
7,3,8,2,98,1138
7,3,7,3,0,0
3,1,8,0,52,1650
5,1,8,0,52,1650
4,0,8,0,52,1650
4,2,8,0,52,1650
7,1,8,0,52,1650
6,0,8,0,52,1650
6,2,8,0,52,1650
5,0,8,0,52,1650
5,3,8,0,52,1650
9,1,8,0,52,1650
8,0,8,0,52,1650
8,2,8,0,52,1650
7,0,8,0,52,1650
7,3,8,0,52,1650
6,1,8,0,52,1650
6,4,8,0,52,1650
5,3,7,3,54,588
7,3,7,3,54,588
6,2,7,3,54,588
6,4,7,3,54,588
6,4,6,4,0,0
3,3,7,3,76,1136
5,3,7,3,76,1136
4,2,7,3,76,1136
4,4,7,3,76,1136
7,3,7,3,76,1136
6,2,7,3,76,1136
6,4,7,3,76,1136
5,1,7,3,76,1136
5,5,7,3,76,1136
4,4,5,3,6,588
6,4,5,3,6,588
5,3,5,3,6,588
5,5,5,3,6,588
5,5,5,5,0,0
0,1,8,0,99,2571
1,1,8,0,99,2571
0,0,8,0,99,2571
0,2,8,0,99,2571
3,1,8,0,99,2571
2,0,8,0,99,2571
2,2,8,0,99,2571
1,0,8,0,99,2571
1,3,8,0,99,2571
5,1,8,0,99,2571
4,0,8,0,99,2571
4,2,8,0,99,2571
3,0,8,0,99,2571
3,3,8,0,99,2571
2,1,8,0,99,2571
2,4,8,0,99,2571
7,1,8,0,99,2571
6,0,8,0,99,2571
6,2,8,0,99,2571
5,0,8,0,99,2571
5,3,8,0,99,2571
4,1,8,0,99,2571
4,4,8,0,99,2571
3,2,8,0,99,2571
3,5,8,0,99,2571
9,1,8,0,99,2571
8,0,8,0,99,2571
8,2,8,0,99,2571
7,0,8,0,99,2571
7,3,8,0,99,2571
6,1,8,0,99,2571
6,4,8,0,99,2571
5,2,8,0,99,2571
5,5,8,0,99,2571
4,3,8,0,99,2571
4,6,8,0,99,2571
0,2,6,0,100,2128
2,2,6,0,100,2128
1,1,6,0,100,2128
1,3,6,0,100,2128
4,2,6,0,100,2128
3,1,6,0,100,2128
3,3,6,0,100,2128
2,0,6,0,100,2128
2,4,6,0,100,2128
6,2,6,0,100,2128
5,1,6,0,100,2128
5,3,6,0,100,2128
4,0,6,0,100,2128
4,4,6,0,100,2128
3,0,6,0,100,2128
3,5,6,0,100,2128
8,2,6,0,100,2128
7,1,6,0,100,2128
7,3,6,0,100,2128
6,0,6,0,100,2128
6,4,6,0,100,2128
5,0,6,0,100,2128
5,5,6,0,100,2128
4,1,6,0,100,2128
4,6,6,0,100,2128
1,3,7,3,101,1646
3,3,7,3,101,1646
2,2,7,3,101,1646
2,4,7,3,101,1646
5,3,7,3,101,1646
4,2,7,3,101,1646
4,4,7,3,101,1646
3,1,7,3,101,1646
3,5,7,3,101,1646
7,3,7,3,101,1646
6,2,7,3,101,1646
6,4,7,3,101,1646
5,1,7,3,101,1646
5,5,7,3,101,1646
4,0,7,3,101,1646
4,6,7,3,101,1646
2,4,5,3,102,1138
4,4,5,3,102,1138
3,3,5,3,102,1138
3,5,5,3,102,1138
6,4,5,3,102,1138
5,3,5,3,102,1138
5,5,5,3,102,1138
4,2,5,3,102,1138
4,6,5,3,102,1138
3,5,4,4,6,588
5,5,4,4,6,588
4,4,4,4,6,588
4,6,4,4,6,588
4,6,4,6,0,0
0,4,5,3,103,1650
2,4,5,3,103,1650
1,3,5,3,103,1650
1,5,5,3,103,1650
4,4,5,3,103,1650
3,3,5,3,103,1650
3,5,5,3,103,1650
2,2,5,3,103,1650
2,6,5,3,103,1650
6,4,5,3,103,1650
5,3,5,3,103,1650
5,5,5,3,103,1650
4,2,5,3,103,1650
4,6,5,3,103,1650
3,1,5,3,103,1650
3,7,5,3,103,1650
3,7,3,7,0,0
0,1,8,0,104,3373
1,1,8,0,104,3373
0,0,8,0,104,3373
0,2,8,0,104,3373
2,1,8,0,104,3373
1,0,8,0,104,3373
1,2,8,0,104,3373
0,3,8,0,104,3373
3,1,8,0,104,3373
2,0,8,0,104,3373
2,2,8,0,104,3373
1,3,8,0,104,3373
0,4,8,0,104,3373
4,1,8,0,104,3373
3,0,8,0,104,3373
3,2,8,0,104,3373
2,3,8,0,104,3373
1,4,8,0,104,3373
0,5,8,0,104,3373
5,1,8,0,104,3373
4,0,8,0,104,3373
4,2,8,0,104,3373
3,3,8,0,104,3373
2,4,8,0,104,3373
1,5,8,0,104,3373
0,6,8,0,104,3373
7,1,8,0,104,3373
6,0,8,0,104,3373
6,2,8,0,104,3373
5,0,8,0,104,3373
5,3,8,0,104,3373
4,4,8,0,104,3373
3,5,8,0,104,3373
2,6,8,0,104,3373
1,7,8,0,104,3373
9,1,8,0,104,3373
8,0,8,0,104,3373
8,2,8,0,104,3373
7,0,8,0,104,3373
7,3,8,0,104,3373
6,1,8,0,104,3373
6,4,8,0,104,3373
5,2,8,0,104,3373
5,5,8,0,104,3373
4,3,8,0,104,3373
4,6,8,0,104,3373
3,4,8,0,104,3373
3,7,8,0,104,3373
2,5,8,0,104,3373
2,8,8,0,104,3373
0,2,4,0,105,2991
1,2,4,0,105,2991
0,1,4,0,105,2991
0,3,4,0,105,2991
2,2,4,0,105,2991
1,1,4,0,105,2991
1,3,4,0,105,2991
0,0,4,0,105,2991
0,4,4,0,105,2991
3,2,4,0,105,2991
2,1,4,0,105,2991
2,3,4,0,105,2991
1,0,4,0,105,2991
1,4,4,0,105,2991
0,5,4,0,105,2991
4,2,4,0,105,2991
3,1,4,0,105,2991
3,3,4,0,105,2991
2,0,4,0,105,2991
2,4,4,0,105,2991
1,5,4,0,105,2991
0,6,4,0,105,2991
6,2,4,0,105,2991
5,1,4,0,105,2991
5,3,4,0,105,2991
4,0,4,0,105,2991
4,4,4,0,105,2991
3,0,4,0,105,2991
3,5,4,0,105,2991
2,6,4,0,105,2991
1,7,4,0,105,2991
8,2,4,0,105,2991
7,1,4,0,105,2991
7,3,4,0,105,2991
6,0,4,0,105,2991
6,4,4,0,105,2991
5,0,4,0,105,2991
5,5,4,0,105,2991
4,1,4,0,105,2991
4,6,4,0,105,2991
3,7,4,0,105,2991
2,8,4,0,105,2991
0,5,0,4,106,1650
1,5,0,4,106,1650
0,4,0,4,106,1650
0,6,0,4,106,1650
3,5,0,4,106,1650
2,4,0,4,106,1650
2,6,0,4,106,1650
1,3,0,4,106,1650
1,7,0,4,106,1650
5,5,0,4,106,1650
4,4,0,4,106,1650
4,6,0,4,106,1650
3,3,0,4,106,1650
3,7,0,4,106,1650
2,2,0,4,106,1650
2,8,0,4,106,1650
2,8,2,8,0,0
0,1,8,0,107,3734
1,1,8,0,107,3734
0,0,8,0,107,3734
0,2,8,0,107,3734
2,1,8,0,107,3734
1,0,8,0,107,3734
1,2,8,0,107,3734
0,3,8,0,107,3734
3,1,8,0,107,3734
2,0,8,0,107,3734
2,2,8,0,107,3734
1,3,8,0,107,3734
0,4,8,0,107,3734
4,1,8,0,107,3734
3,0,8,0,107,3734
3,2,8,0,107,3734
2,3,8,0,107,3734
1,4,8,0,107,3734
0,5,8,0,107,3734
5,1,8,0,107,3734
4,0,8,0,107,3734
4,2,8,0,107,3734
3,3,8,0,107,3734
2,4,8,0,107,3734
1,5,8,0,107,3734
0,6,8,0,107,3734
6,1,8,0,107,3734
5,0,8,0,107,3734
5,2,8,0,107,3734
4,3,8,0,107,3734
3,4,8,0,107,3734
2,5,8,0,107,3734
1,6,8,0,107,3734
0,7,8,0,107,3734
7,1,8,0,107,3734
6,0,8,0,107,3734
6,2,8,0,107,3734
5,3,8,0,107,3734
4,4,8,0,107,3734
3,5,8,0,107,3734
2,6,8,0,107,3734
1,7,8,0,107,3734
0,8,8,0,107,3734
9,1,8,0,107,3734
8,0,8,0,107,3734
8,2,8,0,107,3734
7,0,8,0,107,3734
7,3,8,0,107,3734
6,4,8,0,107,3734
5,5,8,0,107,3734
4,6,8,0,107,3734
3,7,8,0,107,3734
2,8,8,0,107,3734
1,9,8,0,107,3734
0,2,6,0,108,3379
1,2,6,0,108,3379
0,1,6,0,108,3379
0,3,6,0,108,3379
2,2,6,0,108,3379
1,1,6,0,108,3379
1,3,6,0,108,3379
0,0,6,0,108,3379
0,4,6,0,108,3379
3,2,6,0,108,3379
2,1,6,0,108,3379
2,3,6,0,108,3379
1,0,6,0,108,3379
1,4,6,0,108,3379
0,5,6,0,108,3379
4,2,6,0,108,3379
3,1,6,0,108,3379
3,3,6,0,108,3379
2,0,6,0,108,3379
2,4,6,0,108,3379
1,5,6,0,108,3379
0,6,6,0,108,3379
5,2,6,0,108,3379
4,1,6,0,108,3379
4,3,6,0,108,3379
3,0,6,0,108,3379
3,4,6,0,108,3379
2,5,6,0,108,3379
1,6,6,0,108,3379
0,7,6,0,108,3379
6,2,6,0,108,3379
5,1,6,0,108,3379
5,3,6,0,108,3379
4,0,6,0,108,3379
4,4,6,0,108,3379
3,5,6,0,108,3379
2,6,6,0,108,3379
1,7,6,0,108,3379
0,8,6,0,108,3379
8,2,6,0,108,3379
7,1,6,0,108,3379
7,3,6,0,108,3379
6,0,6,0,108,3379
6,4,6,0,108,3379
5,0,6,0,108,3379
5,5,6,0,108,3379
4,6,6,0,108,3379
3,7,6,0,108,3379
2,8,6,0,108,3379
1,9,6,0,108,3379
0,3,4,0,109,2992
1,3,4,0,109,2992
0,2,4,0,109,2992
0,4,4,0,109,2992
2,3,4,0,109,2992
1,2,4,0,109,2992
1,4,4,0,109,2992
0,1,4,0,109,2992
0,5,4,0,109,2992
3,3,4,0,109,2992
2,2,4,0,109,2992
2,4,4,0,109,2992
1,1,4,0,109,2992
1,5,4,0,109,2992
0,0,4,0,109,2992
0,6,4,0,109,2992
4,3,4,0,109,2992
3,2,4,0,109,2992
3,4,4,0,109,2992
2,1,4,0,109,2992
2,5,4,0,109,2992
1,0,4,0,109,2992
1,6,4,0,109,2992
0,7,4,0,109,2992
5,3,4,0,109,2992
4,2,4,0,109,2992
4,4,4,0,109,2992
3,1,4,0,109,2992
3,5,4,0,109,2992
2,0,4,0,109,2992
2,6,4,0,109,2992
1,7,4,0,109,2992
0,8,4,0,109,2992
7,3,4,0,109,2992
6,2,4,0,109,2992
6,4,4,0,109,2992
5,1,4,0,109,2992
5,5,4,0,109,2992
4,0,4,0,109,2992
4,6,4,0,109,2992
3,0,4,0,109,2992
3,7,4,0,109,2992
2,8,4,0,109,2992
1,9,4,0,109,2992
0,4,1,1,110,2581
1,4,1,1,110,2581
0,3,1,1,110,2581
0,5,1,1,110,2581
2,4,1,1,110,2581
1,3,1,1,110,2581
1,5,1,1,110,2581
0,2,1,1,110,2581
0,6,1,1,110,2581
3,4,1,1,110,2581
2,3,1,1,110,2581
2,5,1,1,110,2581
1,2,1,1,110,2581
1,6,1,1,110,2581
0,1,1,1,110,2581
0,7,1,1,110,2581
4,4,1,1,110,2581
3,3,1,1,110,2581
3,5,1,1,110,2581
2,2,1,1,110,2581
2,6,1,1,110,2581
1,1,1,1,110,2581
1,7,1,1,110,2581
0,0,1,1,110,2581
0,8,1,1,110,2581
6,4,1,1,110,2581
5,3,1,1,110,2581
5,5,1,1,110,2581
4,2,1,1,110,2581
4,6,1,1,110,2581
3,1,1,1,110,2581
3,7,1,1,110,2581
2,0,1,1,110,2581
2,8,1,1,110,2581
1,0,1,1,110,2581
1,9,1,1,110,2581
0,5,0,2,111,2127
1,5,0,2,111,2127
0,4,0,2,111,2127
0,6,0,2,111,2127
2,5,0,2,111,2127
1,4,0,2,111,2127
1,6,0,2,111,2127
0,3,0,2,111,2127
0,7,0,2,111,2127
3,5,0,2,111,2127
2,4,0,2,111,2127
2,6,0,2,111,2127
1,3,0,2,111,2127
1,7,0,2,111,2127
0,2,0,2,111,2127
0,8,0,2,111,2127
5,5,0,2,111,2127
4,4,0,2,111,2127
4,6,0,2,111,2127
3,3,0,2,111,2127
3,7,0,2,111,2127
2,2,0,2,111,2127
2,8,0,2,111,2127
1,1,0,2,111,2127
1,9,0,2,111,2127
0,6,0,4,60,1650
1,6,0,4,60,1650
0,5,0,4,60,1650
0,7,0,4,60,1650
2,6,0,4,60,1650
1,5,0,4,60,1650
1,7,0,4,60,1650
0,4,0,4,60,1650
0,8,0,4,60,1650
4,6,0,4,60,1650
3,5,0,4,60,1650
3,7,0,4,60,1650
2,4,0,4,60,1650
2,8,0,4,60,1650
1,3,0,4,60,1650
1,9,0,4,60,1650
0,7,1,5,20,1136
1,7,1,5,20,1136
0,6,1,5,20,1136
0,8,1,5,20,1136
3,7,1,5,20,1136
2,6,1,5,20,1136
2,8,1,5,20,1136
1,5,1,5,20,1136
1,9,1,5,20,1136
0,8,1,7,6,588
2,8,1,7,6,588
1,7,1,7,6,588
1,9,1,7,6,588
1,9,1,9,0,0
0,2,6,0,112,3739
1,2,6,0,112,3739
0,1,6,0,112,3739
0,3,6,0,112,3739
2,2,6,0,112,3739
1,1,6,0,112,3739
1,3,6,0,112,3739
0,0,6,0,112,3739
0,4,6,0,112,3739
3,2,6,0,112,3739
2,1,6,0,112,3739
2,3,6,0,112,3739
1,0,6,0,112,3739
1,4,6,0,112,3739
0,5,6,0,112,3739
4,2,6,0,112,3739
3,1,6,0,112,3739
3,3,6,0,112,3739
2,0,6,0,112,3739
2,4,6,0,112,3739
1,5,6,0,112,3739
0,6,6,0,112,3739
5,2,6,0,112,3739
4,1,6,0,112,3739
4,3,6,0,112,3739
3,0,6,0,112,3739
3,4,6,0,112,3739
2,5,6,0,112,3739
1,6,6,0,112,3739
0,7,6,0,112,3739
6,2,6,0,112,3739
5,1,6,0,112,3739
5,3,6,0,112,3739
4,0,6,0,112,3739
4,4,6,0,112,3739
3,5,6,0,112,3739
2,6,6,0,112,3739
1,7,6,0,112,3739
0,8,6,0,112,3739
7,2,6,0,112,3739
6,1,6,0,112,3739
6,3,6,0,112,3739
5,0,6,0,112,3739
5,4,6,0,112,3739
4,5,6,0,112,3739
3,6,6,0,112,3739
2,7,6,0,112,3739
1,8,6,0,112,3739
0,9,6,0,112,3739
8,2,6,0,112,3739
7,1,6,0,112,3739
7,3,6,0,112,3739
6,0,6,0,112,3739
6,4,6,0,112,3739
5,5,6,0,112,3739
4,6,6,0,112,3739
3,7,6,0,112,3739
2,8,6,0,112,3739
1,9,6,0,112,3739
0,3,4,0,113,3389
1,3,4,0,113,3389
0,2,4,0,113,3389
0,4,4,0,113,3389
2,3,4,0,113,3389
1,2,4,0,113,3389
1,4,4,0,113,3389
0,1,4,0,113,3389
0,5,4,0,113,3389
3,3,4,0,113,3389
2,2,4,0,113,3389
2,4,4,0,113,3389
1,1,4,0,113,3389
1,5,4,0,113,3389
0,0,4,0,113,3389
0,6,4,0,113,3389
4,3,4,0,113,3389
3,2,4,0,113,3389
3,4,4,0,113,3389
2,1,4,0,113,3389
2,5,4,0,113,3389
1,0,4,0,113,3389
1,6,4,0,113,3389
0,7,4,0,113,3389
5,3,4,0,113,3389
4,2,4,0,113,3389
4,4,4,0,113,3389
3,1,4,0,113,3389
3,5,4,0,113,3389
2,0,4,0,113,3389
2,6,4,0,113,3389
1,7,4,0,113,3389
0,8,4,0,113,3389
6,3,4,0,113,3389
5,2,4,0,113,3389
5,4,4,0,113,3389
4,1,4,0,113,3389
4,5,4,0,113,3389
3,0,4,0,113,3389
3,6,4,0,113,3389
2,7,4,0,113,3389
1,8,4,0,113,3389
0,9,4,0,113,3389
7,3,4,0,113,3389
6,2,4,0,113,3389
6,4,4,0,113,3389
5,1,4,0,113,3389
5,5,4,0,113,3389
4,0,4,0,113,3389
4,6,4,0,113,3389
3,7,4,0,113,3389
2,8,4,0,113,3389
1,9,4,0,113,3389
0,4,2,0,114,3001
1,4,2,0,114,3001
0,3,2,0,114,3001
0,5,2,0,114,3001
2,4,2,0,114,3001
1,3,2,0,114,3001
1,5,2,0,114,3001
0,2,2,0,114,3001
0,6,2,0,114,3001
3,4,2,0,114,3001
2,3,2,0,114,3001
2,5,2,0,114,3001
1,2,2,0,114,3001
1,6,2,0,114,3001
0,1,2,0,114,3001
0,7,2,0,114,3001
4,4,2,0,114,3001
3,3,2,0,114,3001
3,5,2,0,114,3001
2,2,2,0,114,3001
2,6,2,0,114,3001
1,1,2,0,114,3001
1,7,2,0,114,3001
0,0,2,0,114,3001
0,8,2,0,114,3001
5,4,2,0,114,3001
4,3,2,0,114,3001
4,5,2,0,114,3001
3,2,2,0,114,3001
3,6,2,0,114,3001
2,1,2,0,114,3001
2,7,2,0,114,3001
1,0,2,0,114,3001
1,8,2,0,114,3001
0,9,2,0,114,3001
6,4,2,0,114,3001
5,3,2,0,114,3001
5,5,2,0,114,3001
4,2,2,0,114,3001
4,6,2,0,114,3001
3,1,2,0,114,3001
3,7,2,0,114,3001
2,0,2,0,114,3001
2,8,2,0,114,3001
1,9,2,0,114,3001
0,5,1,1,115,2581
1,5,1,1,115,2581
0,4,1,1,115,2581
0,6,1,1,115,2581
2,5,1,1,115,2581
1,4,1,1,115,2581
1,6,1,1,115,2581
0,3,1,1,115,2581
0,7,1,1,115,2581
3,5,1,1,115,2581
2,4,1,1,115,2581
2,6,1,1,115,2581
1,3,1,1,115,2581
1,7,1,1,115,2581
0,2,1,1,115,2581
0,8,1,1,115,2581
4,5,1,1,115,2581
3,4,1,1,115,2581
3,6,1,1,115,2581
2,3,1,1,115,2581
2,7,1,1,115,2581
1,2,1,1,115,2581
1,8,1,1,115,2581
0,1,1,1,115,2581
0,9,1,1,115,2581
5,5,1,1,115,2581
4,4,1,1,115,2581
4,6,1,1,115,2581
3,3,1,1,115,2581
3,7,1,1,115,2581
2,2,1,1,115,2581
2,8,1,1,115,2581
1,1,1,1,115,2581
1,9,1,1,115,2581
0,0,1,1,115,2581
0,7,1,5,116,1650
1,7,1,5,116,1650
0,6,1,5,116,1650
0,8,1,5,116,1650
2,7,1,5,116,1650
1,6,1,5,116,1650
1,8,1,5,116,1650
0,5,1,5,116,1650
0,9,1,5,116,1650
3,7,1,5,116,1650
2,6,1,5,116,1650
2,8,1,5,116,1650
1,5,1,5,116,1650
1,9,1,5,116,1650
0,4,1,5,116,1650
0,8,1,7,117,1139
1,8,1,7,117,1139
0,7,1,7,117,1139
0,9,1,7,117,1139
2,8,1,7,117,1139
1,7,1,7,117,1139
1,9,1,7,117,1139
0,6,1,7,117,1139
0,9,0,8,118,586
1,9,0,8,118,586
0,8,0,8,118,586
0,0,8,2,119,4100
1,0,8,2,119,4100
0,1,8,2,119,4100
2,0,8,2,119,4100
1,1,8,2,119,4100
0,2,8,2,119,4100
3,0,8,2,119,4100
2,1,8,2,119,4100
1,2,8,2,119,4100
0,3,8,2,119,4100
4,0,8,2,119,4100
3,1,8,2,119,4100
2,2,8,2,119,4100
1,3,8,2,119,4100
0,4,8,2,119,4100
5,0,8,2,119,4100
4,1,8,2,119,4100
3,2,8,2,119,4100
2,3,8,2,119,4100
1,4,8,2,119,4100
0,5,8,2,119,4100
6,0,8,2,119,4100
5,1,8,2,119,4100
4,2,8,2,119,4100
3,3,8,2,119,4100
2,4,8,2,119,4100
1,5,8,2,119,4100
0,6,8,2,119,4100
7,0,8,2,119,4100
6,1,8,2,119,4100
5,2,8,2,119,4100
4,3,8,2,119,4100
3,4,8,2,119,4100
2,5,8,2,119,4100
1,6,8,2,119,4100
0,7,8,2,119,4100
8,0,8,2,119,4100
7,1,8,2,119,4100
6,2,8,2,119,4100
5,3,8,2,119,4100
4,4,8,2,119,4100
3,5,8,2,119,4100
2,6,8,2,119,4100
1,7,8,2,119,4100
0,8,8,2,119,4100
9,0,8,2,119,4100
9,1,8,2,119,4100
8,1,8,2,119,4100
8,2,8,2,119,4100
7,2,8,2,119,4100
7,3,8,2,119,4100
6,3,8,2,119,4100
6,4,8,2,119,4100
5,4,8,2,119,4100
5,5,8,2,119,4100
4,5,8,2,119,4100
4,6,8,2,119,4100
3,6,8,2,119,4100
3,7,8,2,119,4100
2,7,8,2,119,4100
2,8,8,2,119,4100
1,8,8,2,119,4100
1,9,8,2,119,4100
0,0,8,3,120,4111
1,0,8,3,120,4111
0,1,8,3,120,4111
2,0,8,3,120,4111
1,1,8,3,120,4111
0,2,8,3,120,4111
3,0,8,3,120,4111
2,1,8,3,120,4111
1,2,8,3,120,4111
0,3,8,3,120,4111
4,0,8,3,120,4111
3,1,8,3,120,4111
2,2,8,3,120,4111
1,3,8,3,120,4111
0,4,8,3,120,4111
5,0,8,3,120,4111
4,1,8,3,120,4111
3,2,8,3,120,4111
2,3,8,3,120,4111
1,4,8,3,120,4111
0,5,8,3,120,4111
6,0,8,3,120,4111
5,1,8,3,120,4111
4,2,8,3,120,4111
3,3,8,3,120,4111
2,4,8,3,120,4111
1,5,8,3,120,4111
0,6,8,3,120,4111
7,0,8,3,120,4111
6,1,8,3,120,4111
5,2,8,3,120,4111
4,3,8,3,120,4111
3,4,8,3,120,4111
2,5,8,3,120,4111
1,6,8,3,120,4111
0,7,8,3,120,4111
9,0,8,3,120,4111
8,0,8,3,120,4111
8,1,8,3,120,4111
7,1,8,3,120,4111
7,2,8,3,120,4111
6,2,8,3,120,4111
6,3,8,3,120,4111
5,3,8,3,120,4111
5,4,8,3,120,4111
4,4,8,3,120,4111
4,5,8,3,120,4111
3,5,8,3,120,4111
3,6,8,3,120,4111
2,6,8,3,120,4111
2,7,8,3,120,4111
1,7,8,3,120,4111
1,8,8,3,120,4111
9,1,8,3,120,4111
9,2,8,3,120,4111
8,2,8,3,120,4111
8,3,8,3,120,4111
7,3,8,3,120,4111
7,4,8,3,120,4111
6,4,8,3,120,4111
6,5,8,3,120,4111
5,5,8,3,120,4111
5,6,8,3,120,4111
4,6,8,3,120,4111
4,7,8,3,120,4111
3,7,8,3,120,4111
3,8,8,3,120,4111
2,8,8,3,120,4111
2,9,8,3,120,4111
0,0,8,3,121,3769
1,0,8,3,121,3769
0,1,8,3,121,3769
2,0,8,3,121,3769
1,1,8,3,121,3769
0,2,8,3,121,3769
3,0,8,3,121,3769
2,1,8,3,121,3769
1,2,8,3,121,3769
0,3,8,3,121,3769
4,0,8,3,121,3769
3,1,8,3,121,3769
2,2,8,3,121,3769
1,3,8,3,121,3769
0,4,8,3,121,3769
5,0,8,3,121,3769
4,1,8,3,121,3769
3,2,8,3,121,3769
2,3,8,3,121,3769
1,4,8,3,121,3769
0,5,8,3,121,3769
7,0,8,3,121,3769
6,0,8,3,121,3769
6,1,8,3,121,3769
5,1,8,3,121,3769
5,2,8,3,121,3769
4,2,8,3,121,3769
4,3,8,3,121,3769
3,3,8,3,121,3769
3,4,8,3,121,3769
2,4,8,3,121,3769
2,5,8,3,121,3769
1,5,8,3,121,3769
1,6,8,3,121,3769
9,0,8,3,121,3769
8,0,8,3,121,3769
8,1,8,3,121,3769
7,1,8,3,121,3769
7,2,8,3,121,3769
6,2,8,3,121,3769
6,3,8,3,121,3769
5,3,8,3,121,3769
5,4,8,3,121,3769
4,4,8,3,121,3769
4,5,8,3,121,3769
3,5,8,3,121,3769
3,6,8,3,121,3769
2,6,8,3,121,3769
2,7,8,3,121,3769
9,1,8,3,121,3769
9,2,8,3,121,3769
8,2,8,3,121,3769
8,3,8,3,121,3769
7,3,8,3,121,3769
7,4,8,3,121,3769
6,4,8,3,121,3769
6,5,8,3,121,3769
5,5,8,3,121,3769
5,6,8,3,121,3769
4,6,8,3,121,3769
4,7,8,3,121,3769
3,7,8,3,121,3769
3,8,8,3,121,3769
0,0,8,3,122,3402
1,0,8,3,122,3402
0,1,8,3,122,3402
2,0,8,3,122,3402
1,1,8,3,122,3402
0,2,8,3,122,3402
3,0,8,3,122,3402
2,1,8,3,122,3402
1,2,8,3,122,3402
0,3,8,3,122,3402
5,0,8,3,122,3402
4,0,8,3,122,3402
4,1,8,3,122,3402
3,1,8,3,122,3402
3,2,8,3,122,3402
2,2,8,3,122,3402
2,3,8,3,122,3402
1,3,8,3,122,3402
1,4,8,3,122,3402
7,0,8,3,122,3402
6,0,8,3,122,3402
6,1,8,3,122,3402
5,1,8,3,122,3402
5,2,8,3,122,3402
4,2,8,3,122,3402
4,3,8,3,122,3402
3,3,8,3,122,3402
3,4,8,3,122,3402
2,4,8,3,122,3402
2,5,8,3,122,3402
9,0,8,3,122,3402
8,0,8,3,122,3402
8,1,8,3,122,3402
7,1,8,3,122,3402
7,2,8,3,122,3402
6,2,8,3,122,3402
6,3,8,3,122,3402
5,3,8,3,122,3402
5,4,8,3,122,3402
4,4,8,3,122,3402
4,5,8,3,122,3402
3,5,8,3,122,3402
3,6,8,3,122,3402
9,1,8,3,122,3402
9,2,8,3,122,3402
8,2,8,3,122,3402
8,3,8,3,122,3402
7,3,8,3,122,3402
7,4,8,3,122,3402
6,4,8,3,122,3402
6,5,8,3,122,3402
5,5,8,3,122,3402
5,6,8,3,122,3402
4,6,8,3,122,3402
4,7,8,3,122,3402
0,0,8,3,123,3009
1,0,8,3,123,3009
0,1,8,3,123,3009
3,0,8,3,123,3009
2,0,8,3,123,3009
2,1,8,3,123,3009
1,1,8,3,123,3009
1,2,8,3,123,3009
5,0,8,3,123,3009
4,0,8,3,123,3009
4,1,8,3,123,3009
3,1,8,3,123,3009
3,2,8,3,123,3009
2,2,8,3,123,3009
2,3,8,3,123,3009
7,0,8,3,123,3009
6,0,8,3,123,3009
6,1,8,3,123,3009
5,1,8,3,123,3009
5,2,8,3,123,3009
4,2,8,3,123,3009
4,3,8,3,123,3009
3,3,8,3,123,3009
3,4,8,3,123,3009
9,0,8,3,123,3009
8,0,8,3,123,3009
8,1,8,3,123,3009
7,1,8,3,123,3009
7,2,8,3,123,3009
6,2,8,3,123,3009
6,3,8,3,123,3009
5,3,8,3,123,3009
5,4,8,3,123,3009
4,4,8,3,123,3009
4,5,8,3,123,3009
9,1,8,3,123,3009
9,2,8,3,123,3009
8,2,8,3,123,3009
8,3,8,3,123,3009
7,3,8,3,123,3009
7,4,8,3,123,3009
6,4,8,3,123,3009
6,5,8,3,123,3009
5,5,8,3,123,3009
5,6,8,3,123,3009
1,0,8,3,124,2588
3,0,8,3,124,2588
2,0,8,3,124,2588
2,1,8,3,124,2588
5,0,8,3,124,2588
4,0,8,3,124,2588
4,1,8,3,124,2588
3,1,8,3,124,2588
3,2,8,3,124,2588
7,0,8,3,124,2588
6,0,8,3,124,2588
6,1,8,3,124,2588
5,1,8,3,124,2588
5,2,8,3,124,2588
4,2,8,3,124,2588
4,3,8,3,124,2588
9,0,8,3,124,2588
8,0,8,3,124,2588
8,1,8,3,124,2588
7,1,8,3,124,2588
7,2,8,3,124,2588
6,2,8,3,124,2588
6,3,8,3,124,2588
5,3,8,3,124,2588
5,4,8,3,124,2588
9,1,8,3,124,2588
9,2,8,3,124,2588
8,2,8,3,124,2588
8,3,8,3,124,2588
7,3,8,3,124,2588
7,4,8,3,124,2588
6,4,8,3,124,2588
6,5,8,3,124,2588
3,0,8,3,125,2135
5,0,8,3,125,2135
4,0,8,3,125,2135
4,1,8,3,125,2135
7,0,8,3,125,2135
6,0,8,3,125,2135
6,1,8,3,125,2135
5,1,8,3,125,2135
5,2,8,3,125,2135
9,0,8,3,125,2135
8,0,8,3,125,2135
8,1,8,3,125,2135
7,1,8,3,125,2135
7,2,8,3,125,2135
6,2,8,3,125,2135
6,3,8,3,125,2135
9,1,8,3,125,2135
9,2,8,3,125,2135
8,2,8,3,125,2135
8,3,8,3,125,2135
7,3,8,3,125,2135
7,4,8,3,125,2135
5,0,8,3,126,1650
7,0,8,3,126,1650
6,0,8,3,126,1650
6,1,8,3,126,1650
9,0,8,3,126,1650
8,0,8,3,126,1650
8,1,8,3,126,1650
7,1,8,3,126,1650
7,2,8,3,126,1650
9,1,8,3,126,1650
9,2,8,3,126,1650
8,2,8,3,126,1650
8,3,8,3,126,1650
7,0,8,1,127,1137
9,0,8,1,127,1137
8,0,8,1,127,1137
8,1,8,1,127,1137
9,1,8,1,127,1137
9,2,8,1,127,1137
8,1,8,1,128,588
9,1,8,1,128,588
9,0,8,1,128,588
9,2,8,1,128,588
6,1,8,3,129,1136
8,1,8,3,129,1136
7,0,8,3,129,1136
7,2,8,3,129,1136
9,1,8,3,129,1136
9,0,8,3,129,1136
9,2,8,3,129,1136
8,0,8,3,129,1136
8,3,8,3,129,1136
7,2,8,3,97,588
9,2,8,3,97,588
8,1,8,3,97,588
8,3,8,3,97,588
4,1,8,3,130,1650
6,1,8,3,130,1650
5,0,8,3,130,1650
5,2,8,3,130,1650
8,1,8,3,130,1650
7,0,8,3,130,1650
7,2,8,3,130,1650
6,0,8,3,130,1650
6,3,8,3,130,1650
9,1,8,3,130,1650
9,0,8,3,130,1650
9,2,8,3,130,1650
8,0,8,3,130,1650
8,3,8,3,130,1650
7,1,8,3,130,1650
7,4,8,3,130,1650
6,3,8,3,54,588
8,3,8,3,54,588
7,2,8,3,54,588
7,4,8,3,54,588
2,1,8,1,131,2132
4,1,8,1,131,2132
3,0,8,1,131,2132
3,2,8,1,131,2132
6,1,8,1,131,2132
5,0,8,1,131,2132
5,2,8,1,131,2132
4,0,8,1,131,2132
4,3,8,1,131,2132
8,1,8,1,131,2132
7,0,8,1,131,2132
7,2,8,1,131,2132
6,0,8,1,131,2132
6,3,8,1,131,2132
5,1,8,1,131,2132
5,4,8,1,131,2132
9,1,8,1,131,2132
9,0,8,1,131,2132
9,2,8,1,131,2132
8,0,8,1,131,2132
8,3,8,1,131,2132
7,1,8,1,131,2132
7,4,8,1,131,2132
6,2,8,1,131,2132
6,5,8,1,131,2132
4,3,8,3,76,1136
6,3,8,3,76,1136
5,2,8,3,76,1136
5,4,8,3,76,1136
8,3,8,3,76,1136
7,2,8,3,76,1136
7,4,8,3,76,1136
6,1,8,3,76,1136
6,5,8,3,76,1136
5,4,6,3,6,588
7,4,6,3,6,588
6,3,6,3,6,588
6,5,6,3,6,588
2,3,8,3,101,1646
4,3,8,3,101,1646
3,2,8,3,101,1646
3,4,8,3,101,1646
6,3,8,3,101,1646
5,2,8,3,101,1646
5,4,8,3,101,1646
4,1,8,3,101,1646
4,5,8,3,101,1646
8,3,8,3,101,1646
7,2,8,3,101,1646
7,4,8,3,101,1646
6,1,8,3,101,1646
6,5,8,3,101,1646
5,0,8,3,101,1646
5,6,8,3,101,1646
3,4,6,3,102,1138
5,4,6,3,102,1138
4,3,6,3,102,1138
4,5,6,3,102,1138
7,4,6,3,102,1138
6,3,6,3,102,1138
6,5,6,3,102,1138
5,2,6,3,102,1138
5,6,6,3,102,1138
4,5,5,4,6,588
6,5,5,4,6,588
5,4,5,4,6,588
5,6,5,4,6,588
0,1,8,1,132,2997
1,1,8,1,132,2997
0,0,8,1,132,2997
0,2,8,1,132,2997
2,1,8,1,132,2997
1,0,8,1,132,2997
1,2,8,1,132,2997
0,3,8,1,132,2997
4,1,8,1,132,2997
3,0,8,1,132,2997
3,2,8,1,132,2997
2,0,8,1,132,2997
2,3,8,1,132,2997
1,4,8,1,132,2997
6,1,8,1,132,2997
5,0,8,1,132,2997
5,2,8,1,132,2997
4,0,8,1,132,2997
4,3,8,1,132,2997
3,1,8,1,132,2997
3,4,8,1,132,2997
2,2,8,1,132,2997
2,5,8,1,132,2997
8,1,8,1,132,2997
7,0,8,1,132,2997
7,2,8,1,132,2997
6,0,8,1,132,2997
6,3,8,1,132,2997
5,1,8,1,132,2997
5,4,8,1,132,2997
4,2,8,1,132,2997
4,5,8,1,132,2997
3,3,8,1,132,2997
3,6,8,1,132,2997
9,1,8,1,132,2997
9,0,8,1,132,2997
9,2,8,1,132,2997
8,0,8,1,132,2997
8,3,8,1,132,2997
7,1,8,1,132,2997
7,4,8,1,132,2997
6,2,8,1,132,2997
6,5,8,1,132,2997
5,3,8,1,132,2997
5,6,8,1,132,2997
4,4,8,1,132,2997
4,7,8,1,132,2997
0,2,7,0,133,2574
1,2,7,0,133,2574
0,1,7,0,133,2574
0,3,7,0,133,2574
3,2,7,0,133,2574
2,1,7,0,133,2574
2,3,7,0,133,2574
1,0,7,0,133,2574
1,4,7,0,133,2574
5,2,7,0,133,2574
4,1,7,0,133,2574
4,3,7,0,133,2574
3,0,7,0,133,2574
3,4,7,0,133,2574
2,0,7,0,133,2574
2,5,7,0,133,2574
7,2,7,0,133,2574
6,1,7,0,133,2574
6,3,7,0,133,2574
5,0,7,0,133,2574
5,4,7,0,133,2574
4,0,7,0,133,2574
4,5,7,0,133,2574
3,1,7,0,133,2574
3,6,7,0,133,2574
9,2,7,0,133,2574
8,1,7,0,133,2574
8,3,7,0,133,2574
7,0,7,0,133,2574
7,4,7,0,133,2574
6,0,7,0,133,2574
6,5,7,0,133,2574
5,1,7,0,133,2574
5,6,7,0,133,2574
4,2,7,0,133,2574
4,7,7,0,133,2574
0,3,8,3,134,2122
2,3,8,3,134,2122
1,2,8,3,134,2122
1,4,8,3,134,2122
4,3,8,3,134,2122
3,2,8,3,134,2122
3,4,8,3,134,2122
2,1,8,3,134,2122
2,5,8,3,134,2122
6,3,8,3,134,2122
5,2,8,3,134,2122
5,4,8,3,134,2122
4,1,8,3,134,2122
4,5,8,3,134,2122
3,0,8,3,134,2122
3,6,8,3,134,2122
8,3,8,3,134,2122
7,2,8,3,134,2122
7,4,8,3,134,2122
6,1,8,3,134,2122
6,5,8,3,134,2122
5,0,8,3,134,2122
5,6,8,3,134,2122
4,0,8,3,134,2122
4,7,8,3,134,2122
1,4,6,3,103,1650
3,4,6,3,103,1650
2,3,6,3,103,1650
2,5,6,3,103,1650
5,4,6,3,103,1650
4,3,6,3,103,1650
4,5,6,3,103,1650
3,2,6,3,103,1650
3,6,6,3,103,1650
7,4,6,3,103,1650
6,3,6,3,103,1650
6,5,6,3,103,1650
5,2,6,3,103,1650
5,6,6,3,103,1650
4,1,6,3,103,1650
4,7,6,3,103,1650
2,5,5,4,102,1138
4,5,5,4,102,1138
3,4,5,4,102,1138
3,6,5,4,102,1138
6,5,5,4,102,1138
5,4,5,4,102,1138
5,6,5,4,102,1138
4,3,5,4,102,1138
4,7,5,4,102,1138
0,4,6,3,135,2127
1,4,6,3,135,2127
0,3,6,3,135,2127
0,5,6,3,135,2127
3,4,6,3,135,2127
2,3,6,3,135,2127
2,5,6,3,135,2127
1,2,6,3,135,2127
1,6,6,3,135,2127
5,4,6,3,135,2127
4,3,6,3,135,2127
4,5,6,3,135,2127
3,2,6,3,135,2127
3,6,6,3,135,2127
2,1,6,3,135,2127
2,7,6,3,135,2127
7,4,6,3,135,2127
6,3,6,3,135,2127
6,5,6,3,135,2127
5,2,6,3,135,2127
5,6,6,3,135,2127
4,1,6,3,135,2127
4,7,6,3,135,2127
3,0,6,3,135,2127
3,8,6,3,135,2127
2,7,4,7,54,588
4,7,4,7,54,588
3,6,4,7,54,588
3,8,4,7,54,588
0,1,8,1,136,3750
1,1,8,1,136,3750
0,0,8,1,136,3750
0,2,8,1,136,3750
2,1,8,1,136,3750
1,0,8,1,136,3750
1,2,8,1,136,3750
0,3,8,1,136,3750
3,1,8,1,136,3750
2,0,8,1,136,3750
2,2,8,1,136,3750
1,3,8,1,136,3750
0,4,8,1,136,3750
4,1,8,1,136,3750
3,0,8,1,136,3750
3,2,8,1,136,3750
2,3,8,1,136,3750
1,4,8,1,136,3750
0,5,8,1,136,3750
5,1,8,1,136,3750
4,0,8,1,136,3750
4,2,8,1,136,3750
3,3,8,1,136,3750
2,4,8,1,136,3750
1,5,8,1,136,3750
0,6,8,1,136,3750
6,1,8,1,136,3750
5,0,8,1,136,3750
5,2,8,1,136,3750
4,3,8,1,136,3750
3,4,8,1,136,3750
2,5,8,1,136,3750
1,6,8,1,136,3750
0,7,8,1,136,3750
8,1,8,1,136,3750
7,0,8,1,136,3750
7,2,8,1,136,3750
6,0,8,1,136,3750
6,3,8,1,136,3750
5,4,8,1,136,3750
4,5,8,1,136,3750
3,6,8,1,136,3750
2,7,8,1,136,3750
1,8,8,1,136,3750
9,1,8,1,136,3750
9,0,8,1,136,3750
9,2,8,1,136,3750
8,0,8,1,136,3750
8,3,8,1,136,3750
7,1,8,1,136,3750
7,4,8,1,136,3750
6,2,8,1,136,3750
6,5,8,1,136,3750
5,3,8,1,136,3750
5,6,8,1,136,3750
4,4,8,1,136,3750
4,7,8,1,136,3750
3,5,8,1,136,3750
3,8,8,1,136,3750
2,6,8,1,136,3750
2,9,8,1,136,3750
0,2,5,0,137,3379
1,2,5,0,137,3379
0,1,5,0,137,3379
0,3,5,0,137,3379
2,2,5,0,137,3379
1,1,5,0,137,3379
1,3,5,0,137,3379
0,0,5,0,137,3379
0,4,5,0,137,3379
3,2,5,0,137,3379
2,1,5,0,137,3379
2,3,5,0,137,3379
1,0,5,0,137,3379
1,4,5,0,137,3379
0,5,5,0,137,3379
4,2,5,0,137,3379
3,1,5,0,137,3379
3,3,5,0,137,3379
2,0,5,0,137,3379
2,4,5,0,137,3379
1,5,5,0,137,3379
0,6,5,0,137,3379
5,2,5,0,137,3379
4,1,5,0,137,3379
4,3,5,0,137,3379
3,0,5,0,137,3379
3,4,5,0,137,3379
2,5,5,0,137,3379
1,6,5,0,137,3379
0,7,5,0,137,3379
7,2,5,0,137,3379
6,1,5,0,137,3379
6,3,5,0,137,3379
5,0,5,0,137,3379
5,4,5,0,137,3379
4,0,5,0,137,3379
4,5,5,0,137,3379
3,6,5,0,137,3379
2,7,5,0,137,3379
1,8,5,0,137,3379
9,2,5,0,137,3379
8,1,5,0,137,3379
8,3,5,0,137,3379
7,0,5,0,137,3379
7,4,5,0,137,3379
6,0,5,0,137,3379
6,5,5,0,137,3379
5,1,5,0,137,3379
5,6,5,0,137,3379
4,7,5,0,137,3379
3,8,5,0,137,3379
2,9,5,0,137,3379
0,5,0,3,138,2128
1,5,0,3,138,2128
0,4,0,3,138,2128
0,6,0,3,138,2128
2,5,0,3,138,2128
1,4,0,3,138,2128
1,6,0,3,138,2128
0,3,0,3,138,2128
0,7,0,3,138,2128
4,5,0,3,138,2128
3,4,0,3,138,2128
3,6,0,3,138,2128
2,3,0,3,138,2128
2,7,0,3,138,2128
1,2,0,3,138,2128
1,8,0,3,138,2128
6,5,0,3,138,2128
5,4,0,3,138,2128
5,6,0,3,138,2128
4,3,0,3,138,2128
4,7,0,3,138,2128
3,2,0,3,138,2128
3,8,0,3,138,2128
2,1,0,3,138,2128
2,9,0,3,138,2128
0,1,8,1,139,4089
1,1,8,1,139,4089
0,0,8,1,139,4089
0,2,8,1,139,4089
2,1,8,1,139,4089
1,0,8,1,139,4089
1,2,8,1,139,4089
0,3,8,1,139,4089
3,1,8,1,139,4089
2,0,8,1,139,4089
2,2,8,1,139,4089
1,3,8,1,139,4089
0,4,8,1,139,4089
4,1,8,1,139,4089
3,0,8,1,139,4089
3,2,8,1,139,4089
2,3,8,1,139,4089
1,4,8,1,139,4089
0,5,8,1,139,4089
5,1,8,1,139,4089
4,0,8,1,139,4089
4,2,8,1,139,4089
3,3,8,1,139,4089
2,4,8,1,139,4089
1,5,8,1,139,4089
0,6,8,1,139,4089
6,1,8,1,139,4089
5,0,8,1,139,4089
5,2,8,1,139,4089
4,3,8,1,139,4089
3,4,8,1,139,4089
2,5,8,1,139,4089
1,6,8,1,139,4089
0,7,8,1,139,4089
7,1,8,1,139,4089
6,0,8,1,139,4089
6,2,8,1,139,4089
5,3,8,1,139,4089
4,4,8,1,139,4089
3,5,8,1,139,4089
2,6,8,1,139,4089
1,7,8,1,139,4089
0,8,8,1,139,4089
8,1,8,1,139,4089
7,0,8,1,139,4089
7,2,8,1,139,4089
6,3,8,1,139,4089
5,4,8,1,139,4089
4,5,8,1,139,4089
3,6,8,1,139,4089
2,7,8,1,139,4089
1,8,8,1,139,4089
0,9,8,1,139,4089
9,1,8,1,139,4089
9,0,8,1,139,4089
9,2,8,1,139,4089
8,0,8,1,139,4089
8,3,8,1,139,4089
7,4,8,1,139,4089
6,5,8,1,139,4089
5,6,8,1,139,4089
4,7,8,1,139,4089
3,8,8,1,139,4089
2,9,8,1,139,4089
1,9,8,1,139,4089
0,2,7,0,140,3741
1,2,7,0,140,3741
0,1,7,0,140,3741
0,3,7,0,140,3741
2,2,7,0,140,3741
1,1,7,0,140,3741
1,3,7,0,140,3741
0,0,7,0,140,3741
0,4,7,0,140,3741
3,2,7,0,140,3741
2,1,7,0,140,3741
2,3,7,0,140,3741
1,0,7,0,140,3741
1,4,7,0,140,3741
0,5,7,0,140,3741
4,2,7,0,140,3741
3,1,7,0,140,3741
3,3,7,0,140,3741
2,0,7,0,140,3741
2,4,7,0,140,3741
1,5,7,0,140,3741
0,6,7,0,140,3741
5,2,7,0,140,3741
4,1,7,0,140,3741
4,3,7,0,140,3741
3,0,7,0,140,3741
3,4,7,0,140,3741
2,5,7,0,140,3741
1,6,7,0,140,3741
0,7,7,0,140,3741
6,2,7,0,140,3741
5,1,7,0,140,3741
5,3,7,0,140,3741
4,0,7,0,140,3741
4,4,7,0,140,3741
3,5,7,0,140,3741
2,6,7,0,140,3741
1,7,7,0,140,3741
0,8,7,0,140,3741
7,2,7,0,140,3741
6,1,7,0,140,3741
6,3,7,0,140,3741
5,0,7,0,140,3741
5,4,7,0,140,3741
4,5,7,0,140,3741
3,6,7,0,140,3741
2,7,7,0,140,3741
1,8,7,0,140,3741
0,9,7,0,140,3741
9,2,7,0,140,3741
8,1,7,0,140,3741
8,3,7,0,140,3741
7,0,7,0,140,3741
7,4,7,0,140,3741
6,0,7,0,140,3741
6,5,7,0,140,3741
5,6,7,0,140,3741
4,7,7,0,140,3741
3,8,7,0,140,3741
2,9,7,0,140,3741
1,9,7,0,140,3741
0,3,5,0,141,3381
1,3,5,0,141,3381
0,2,5,0,141,3381
0,4,5,0,141,3381
2,3,5,0,141,3381
1,2,5,0,141,3381
1,4,5,0,141,3381
0,1,5,0,141,3381
0,5,5,0,141,3381
3,3,5,0,141,3381
2,2,5,0,141,3381
2,4,5,0,141,3381
1,1,5,0,141,3381
1,5,5,0,141,3381
0,0,5,0,141,3381
0,6,5,0,141,3381
4,3,5,0,141,3381
3,2,5,0,141,3381
3,4,5,0,141,3381
2,1,5,0,141,3381
2,5,5,0,141,3381
1,0,5,0,141,3381
1,6,5,0,141,3381
0,7,5,0,141,3381
5,3,5,0,141,3381
4,2,5,0,141,3381
4,4,5,0,141,3381
3,1,5,0,141,3381
3,5,5,0,141,3381
2,0,5,0,141,3381
2,6,5,0,141,3381
1,7,5,0,141,3381
0,8,5,0,141,3381
6,3,5,0,141,3381
5,2,5,0,141,3381
5,4,5,0,141,3381
4,1,5,0,141,3381
4,5,5,0,141,3381
3,0,5,0,141,3381
3,6,5,0,141,3381
2,7,5,0,141,3381
1,8,5,0,141,3381
0,9,5,0,141,3381
8,3,5,0,141,3381
7,2,5,0,141,3381
7,4,5,0,141,3381
6,1,5,0,141,3381
6,5,5,0,141,3381
5,0,5,0,141,3381
5,6,5,0,141,3381
4,0,5,0,141,3381
4,7,5,0,141,3381
3,8,5,0,141,3381
2,9,5,0,141,3381
1,9,5,0,141,3381
0,4,1,0,142,2997
1,4,1,0,142,2997
0,3,1,0,142,2997
0,5,1,0,142,2997
2,4,1,0,142,2997
1,3,1,0,142,2997
1,5,1,0,142,2997
0,2,1,0,142,2997
0,6,1,0,142,2997
3,4,1,0,142,2997
2,3,1,0,142,2997
2,5,1,0,142,2997
1,2,1,0,142,2997
1,6,1,0,142,2997
0,1,1,0,142,2997
0,7,1,0,142,2997
4,4,1,0,142,2997
3,3,1,0,142,2997
3,5,1,0,142,2997
2,2,1,0,142,2997
2,6,1,0,142,2997
1,1,1,0,142,2997
1,7,1,0,142,2997
0,0,1,0,142,2997
0,8,1,0,142,2997
5,4,1,0,142,2997
4,3,1,0,142,2997
4,5,1,0,142,2997
3,2,1,0,142,2997
3,6,1,0,142,2997
2,1,1,0,142,2997
2,7,1,0,142,2997
1,0,1,0,142,2997
1,8,1,0,142,2997
0,9,1,0,142,2997
7,4,1,0,142,2997
6,3,1,0,142,2997
6,5,1,0,142,2997
5,2,1,0,142,2997
5,6,1,0,142,2997
4,1,1,0,142,2997
4,7,1,0,142,2997
3,0,1,0,142,2997
3,8,1,0,142,2997
2,0,1,0,142,2997
2,9,1,0,142,2997
1,9,1,0,142,2997
0,5,1,2,143,2579
1,5,1,2,143,2579
0,4,1,2,143,2579
0,6,1,2,143,2579
2,5,1,2,143,2579
1,4,1,2,143,2579
1,6,1,2,143,2579
0,3,1,2,143,2579
0,7,1,2,143,2579
3,5,1,2,143,2579
2,4,1,2,143,2579
2,6,1,2,143,2579
1,3,1,2,143,2579
1,7,1,2,143,2579
0,2,1,2,143,2579
0,8,1,2,143,2579
4,5,1,2,143,2579
3,4,1,2,143,2579
3,6,1,2,143,2579
2,3,1,2,143,2579
2,7,1,2,143,2579
1,2,1,2,143,2579
1,8,1,2,143,2579
0,1,1,2,143,2579
0,9,1,2,143,2579
6,5,1,2,143,2579
5,4,1,2,143,2579
5,6,1,2,143,2579
4,3,1,2,143,2579
4,7,1,2,143,2579
3,2,1,2,143,2579
3,8,1,2,143,2579
2,1,1,2,143,2579
2,9,1,2,143,2579
1,0,1,2,143,2579
1,9,1,2,143,2579
0,6,0,3,144,2127
1,6,0,3,144,2127
0,5,0,3,144,2127
0,7,0,3,144,2127
2,6,0,3,144,2127
1,5,0,3,144,2127
1,7,0,3,144,2127
0,4,0,3,144,2127
0,8,0,3,144,2127
3,6,0,3,144,2127
2,5,0,3,144,2127
2,7,0,3,144,2127
1,4,0,3,144,2127
1,8,0,3,144,2127
0,3,0,3,144,2127
0,9,0,3,144,2127
5,6,0,3,144,2127
4,5,0,3,144,2127
4,7,0,3,144,2127
3,4,0,3,144,2127
3,8,0,3,144,2127
2,3,0,3,144,2127
2,9,0,3,144,2127
1,2,0,3,144,2127
1,9,0,3,144,2127
0,7,0,5,145,1649
1,7,0,5,145,1649
0,6,0,5,145,1649
0,8,0,5,145,1649
2,7,0,5,145,1649
1,6,0,5,145,1649
1,8,0,5,145,1649
0,5,0,5,145,1649
0,9,0,5,145,1649
4,7,0,5,145,1649
3,6,0,5,145,1649
3,8,0,5,145,1649
2,5,0,5,145,1649
2,9,0,5,145,1649
1,4,0,5,145,1649
1,9,0,5,145,1649
0,8,1,6,146,1136
1,8,1,6,146,1136
0,7,1,6,146,1136
0,9,1,6,146,1136
3,8,1,6,146,1136
2,7,1,6,146,1136
2,9,1,6,146,1136
1,6,1,6,146,1136
1,9,1,6,146,1136
0,9,0,9,147,588
2,9,0,9,147,588
1,8,0,9,147,588
1,9,0,9,147,588
0,2,7,0,148,4078
1,2,7,0,148,4078
0,1,7,0,148,4078
0,3,7,0,148,4078
2,2,7,0,148,4078
1,1,7,0,148,4078
1,3,7,0,148,4078
0,0,7,0,148,4078
0,4,7,0,148,4078
3,2,7,0,148,4078
2,1,7,0,148,4078
2,3,7,0,148,4078
1,0,7,0,148,4078
1,4,7,0,148,4078
0,5,7,0,148,4078
4,2,7,0,148,4078
3,1,7,0,148,4078
3,3,7,0,148,4078
2,0,7,0,148,4078
2,4,7,0,148,4078
1,5,7,0,148,4078
0,6,7,0,148,4078
5,2,7,0,148,4078
4,1,7,0,148,4078
4,3,7,0,148,4078
3,0,7,0,148,4078
3,4,7,0,148,4078
2,5,7,0,148,4078
1,6,7,0,148,4078
0,7,7,0,148,4078
6,2,7,0,148,4078
5,1,7,0,148,4078
5,3,7,0,148,4078
4,0,7,0,148,4078
4,4,7,0,148,4078
3,5,7,0,148,4078
2,6,7,0,148,4078
1,7,7,0,148,4078
0,8,7,0,148,4078
7,2,7,0,148,4078
6,1,7,0,148,4078
6,3,7,0,148,4078
5,0,7,0,148,4078
5,4,7,0,148,4078
4,5,7,0,148,4078
3,6,7,0,148,4078
2,7,7,0,148,4078
1,8,7,0,148,4078
0,9,7,0,148,4078
8,2,7,0,148,4078
7,1,7,0,148,4078
7,3,7,0,148,4078
6,0,7,0,148,4078
6,4,7,0,148,4078
5,5,7,0,148,4078
4,6,7,0,148,4078
3,7,7,0,148,4078
2,8,7,0,148,4078
1,9,7,0,148,4078
9,2,7,0,148,4078
8,1,7,0,148,4078
8,3,7,0,148,4078
7,0,7,0,148,4078
7,4,7,0,148,4078
6,5,7,0,148,4078
5,6,7,0,148,4078
4,7,7,0,148,4078
3,8,7,0,148,4078
2,9,7,0,148,4078
0,3,5,0,149,3753
1,3,5,0,149,3753
0,2,5,0,149,3753
0,4,5,0,149,3753
2,3,5,0,149,3753
1,2,5,0,149,3753
1,4,5,0,149,3753
0,1,5,0,149,3753
0,5,5,0,149,3753
3,3,5,0,149,3753
2,2,5,0,149,3753
2,4,5,0,149,3753
1,1,5,0,149,3753
1,5,5,0,149,3753
0,0,5,0,149,3753
0,6,5,0,149,3753
4,3,5,0,149,3753
3,2,5,0,149,3753
3,4,5,0,149,3753
2,1,5,0,149,3753
2,5,5,0,149,3753
1,0,5,0,149,3753
1,6,5,0,149,3753
0,7,5,0,149,3753
5,3,5,0,149,3753
4,2,5,0,149,3753
4,4,5,0,149,3753
3,1,5,0,149,3753
3,5,5,0,149,3753
2,0,5,0,149,3753
2,6,5,0,149,3753
1,7,5,0,149,3753
0,8,5,0,149,3753
6,3,5,0,149,3753
5,2,5,0,149,3753
5,4,5,0,149,3753
4,1,5,0,149,3753
4,5,5,0,149,3753
3,0,5,0,149,3753
3,6,5,0,149,3753
2,7,5,0,149,3753
1,8,5,0,149,3753
0,9,5,0,149,3753
7,3,5,0,149,3753
6,2,5,0,149,3753
6,4,5,0,149,3753
5,1,5,0,149,3753
5,5,5,0,149,3753
4,0,5,0,149,3753
4,6,5,0,149,3753
3,7,5,0,149,3753
2,8,5,0,149,3753
1,9,5,0,149,3753
8,3,5,0,149,3753
7,2,5,0,149,3753
7,4,5,0,149,3753
6,1,5,0,149,3753
6,5,5,0,149,3753
5,0,5,0,149,3753
5,6,5,0,149,3753
4,7,5,0,149,3753
3,8,5,0,149,3753
2,9,5,0,149,3753
0,4,3,0,150,3395
1,4,3,0,150,3395
0,3,3,0,150,3395
0,5,3,0,150,3395
2,4,3,0,150,3395
1,3,3,0,150,3395
1,5,3,0,150,3395
0,2,3,0,150,3395
0,6,3,0,150,3395
3,4,3,0,150,3395
2,3,3,0,150,3395
2,5,3,0,150,3395
1,2,3,0,150,3395
1,6,3,0,150,3395
0,1,3,0,150,3395
0,7,3,0,150,3395
4,4,3,0,150,3395
3,3,3,0,150,3395
3,5,3,0,150,3395
2,2,3,0,150,3395
2,6,3,0,150,3395
1,1,3,0,150,3395
1,7,3,0,150,3395
0,0,3,0,150,3395
0,8,3,0,150,3395
5,4,3,0,150,3395
4,3,3,0,150,3395
4,5,3,0,150,3395
3,2,3,0,150,3395
3,6,3,0,150,3395
2,1,3,0,150,3395
2,7,3,0,150,3395
1,0,3,0,150,3395
1,8,3,0,150,3395
0,9,3,0,150,3395
6,4,3,0,150,3395
5,3,3,0,150,3395
5,5,3,0,150,3395
4,2,3,0,150,3395
4,6,3,0,150,3395
3,1,3,0,150,3395
3,7,3,0,150,3395
2,0,3,0,150,3395
2,8,3,0,150,3395
1,9,3,0,150,3395
7,4,3,0,150,3395
6,3,3,0,150,3395
6,5,3,0,150,3395
5,2,3,0,150,3395
5,6,3,0,150,3395
4,1,3,0,150,3395
4,7,3,0,150,3395
3,0,3,0,150,3395
3,8,3,0,150,3395
2,9,3,0,150,3395
0,5,1,0,151,2999
1,5,1,0,151,2999
0,4,1,0,151,2999
0,6,1,0,151,2999
2,5,1,0,151,2999
1,4,1,0,151,2999
1,6,1,0,151,2999
0,3,1,0,151,2999
0,7,1,0,151,2999
3,5,1,0,151,2999
2,4,1,0,151,2999
2,6,1,0,151,2999
1,3,1,0,151,2999
1,7,1,0,151,2999
0,2,1,0,151,2999
0,8,1,0,151,2999
4,5,1,0,151,2999
3,4,1,0,151,2999
3,6,1,0,151,2999
2,3,1,0,151,2999
2,7,1,0,151,2999
1,2,1,0,151,2999
1,8,1,0,151,2999
0,1,1,0,151,2999
0,9,1,0,151,2999
5,5,1,0,151,2999
4,4,1,0,151,2999
4,6,1,0,151,2999
3,3,1,0,151,2999
3,7,1,0,151,2999
2,2,1,0,151,2999
2,8,1,0,151,2999
1,1,1,0,151,2999
1,9,1,0,151,2999
0,0,1,0,151,2999
6,5,1,0,151,2999
5,4,1,0,151,2999
5,6,1,0,151,2999
4,3,1,0,151,2999
4,7,1,0,151,2999
3,2,1,0,151,2999
3,8,1,0,151,2999
2,1,1,0,151,2999
2,9,1,0,151,2999
1,0,1,0,151,2999
0,7,0,5,152,1965
1,7,0,5,152,1965
0,6,0,5,152,1965
0,8,0,5,152,1965
2,7,0,5,152,1965
1,6,0,5,152,1965
1,8,0,5,152,1965
0,5,0,5,152,1965
0,9,0,5,152,1965
3,7,0,5,152,1965
2,6,0,5,152,1965
2,8,0,5,152,1965
1,5,0,5,152,1965
1,9,0,5,152,1965
0,4,0,5,152,1965
4,7,0,5,152,1965
3,6,0,5,152,1965
3,8,0,5,152,1965
2,5,0,5,152,1965
2,9,0,5,152,1965
1,4,0,5,152,1965
0,3,0,5,152,1965
0,8,1,6,153,1653
1,8,1,6,153,1653
0,7,1,6,153,1653
0,9,1,6,153,1653
2,8,1,6,153,1653
1,7,1,6,153,1653
1,9,1,6,153,1653
0,6,1,6,153,1653
3,8,1,6,153,1653
2,7,1,6,153,1653
2,9,1,6,153,1653
1,6,1,6,153,1653
0,5,1,6,153,1653
0,9,0,7,154,1134
1,9,0,7,154,1134
0,8,0,7,154,1134
2,9,0,7,154,1134
1,8,0,7,154,1134
0,7,0,7,154,1134
0,0,8,3,155,4431
1,0,8,3,155,4431
0,1,8,3,155,4431
2,0,8,3,155,4431
1,1,8,3,155,4431
0,2,8,3,155,4431
3,0,8,3,155,4431
2,1,8,3,155,4431
1,2,8,3,155,4431
0,3,8,3,155,4431
4,0,8,3,155,4431
3,1,8,3,155,4431
2,2,8,3,155,4431
1,3,8,3,155,4431
0,4,8,3,155,4431
5,0,8,3,155,4431
4,1,8,3,155,4431
3,2,8,3,155,4431
2,3,8,3,155,4431
1,4,8,3,155,4431
0,5,8,3,155,4431
6,0,8,3,155,4431
5,1,8,3,155,4431
4,2,8,3,155,4431
3,3,8,3,155,4431
2,4,8,3,155,4431
1,5,8,3,155,4431
0,6,8,3,155,4431
7,0,8,3,155,4431
6,1,8,3,155,4431
5,2,8,3,155,4431
4,3,8,3,155,4431
3,4,8,3,155,4431
2,5,8,3,155,4431
1,6,8,3,155,4431
0,7,8,3,155,4431
8,0,8,3,155,4431
7,1,8,3,155,4431
6,2,8,3,155,4431
5,3,8,3,155,4431
4,4,8,3,155,4431
3,5,8,3,155,4431
2,6,8,3,155,4431
1,7,8,3,155,4431
0,8,8,3,155,4431
9,0,8,3,155,4431
8,1,8,3,155,4431
7,2,8,3,155,4431
6,3,8,3,155,4431
5,4,8,3,155,4431
4,5,8,3,155,4431
3,6,8,3,155,4431
2,7,8,3,155,4431
1,8,8,3,155,4431
0,9,8,3,155,4431
9,1,8,3,155,4431
9,2,8,3,155,4431
8,2,8,3,155,4431
8,3,8,3,155,4431
7,3,8,3,155,4431
7,4,8,3,155,4431
6,4,8,3,155,4431
6,5,8,3,155,4431
5,5,8,3,155,4431
5,6,8,3,155,4431
4,6,8,3,155,4431
4,7,8,3,155,4431
3,7,8,3,155,4431
3,8,8,3,155,4431
2,8,8,3,155,4431
2,9,8,3,155,4431
1,9,8,3,155,4431
0,0,8,4,156,4439
1,0,8,4,156,4439
0,1,8,4,156,4439
2,0,8,4,156,4439
1,1,8,4,156,4439
0,2,8,4,156,4439
3,0,8,4,156,4439
2,1,8,4,156,4439
1,2,8,4,156,4439
0,3,8,4,156,4439
4,0,8,4,156,4439
3,1,8,4,156,4439
2,2,8,4,156,4439
1,3,8,4,156,4439
0,4,8,4,156,4439
5,0,8,4,156,4439
4,1,8,4,156,4439
3,2,8,4,156,4439
2,3,8,4,156,4439
1,4,8,4,156,4439
0,5,8,4,156,4439
6,0,8,4,156,4439
5,1,8,4,156,4439
4,2,8,4,156,4439
3,3,8,4,156,4439
2,4,8,4,156,4439
1,5,8,4,156,4439
0,6,8,4,156,4439
7,0,8,4,156,4439
6,1,8,4,156,4439
5,2,8,4,156,4439
4,3,8,4,156,4439
3,4,8,4,156,4439
2,5,8,4,156,4439
1,6,8,4,156,4439
0,7,8,4,156,4439
8,0,8,4,156,4439
7,1,8,4,156,4439
6,2,8,4,156,4439
5,3,8,4,156,4439
4,4,8,4,156,4439
3,5,8,4,156,4439
2,6,8,4,156,4439
1,7,8,4,156,4439
0,8,8,4,156,4439
9,0,8,4,156,4439
9,1,8,4,156,4439
8,1,8,4,156,4439
8,2,8,4,156,4439
7,2,8,4,156,4439
7,3,8,4,156,4439
6,3,8,4,156,4439
6,4,8,4,156,4439
5,4,8,4,156,4439
5,5,8,4,156,4439
4,5,8,4,156,4439
4,6,8,4,156,4439
3,6,8,4,156,4439
3,7,8,4,156,4439
2,7,8,4,156,4439
2,8,8,4,156,4439
1,8,8,4,156,4439
1,9,8,4,156,4439
9,2,8,4,156,4439
9,2,9,2,0,0
9,3,8,4,156,4439
8,3,8,4,156,4439
8,3,8,3,0,0
8,4,8,4,156,4439
7,4,8,4,156,4439
7,4,7,4,0,0
7,5,8,4,156,4439
6,5,8,4,156,4439
6,5,6,5,0,0
6,6,8,4,156,4439
5,6,8,4,156,4439
5,6,5,6,0,0
5,7,8,4,156,4439
4,7,8,4,156,4439
4,7,4,7,0,0
4,8,8,4,156,4439
3,8,8,4,156,4439
3,8,3,8,0,0
3,9,8,4,156,4439
2,9,8,4,156,4439
2,9,2,9,0,0
0,0,8,4,157,4118
1,0,8,4,157,4118
0,1,8,4,157,4118
2,0,8,4,157,4118
1,1,8,4,157,4118
0,2,8,4,157,4118
3,0,8,4,157,4118
2,1,8,4,157,4118
1,2,8,4,157,4118
0,3,8,4,157,4118
4,0,8,4,157,4118
3,1,8,4,157,4118
2,2,8,4,157,4118
1,3,8,4,157,4118
0,4,8,4,157,4118
5,0,8,4,157,4118
4,1,8,4,157,4118
3,2,8,4,157,4118
2,3,8,4,157,4118
1,4,8,4,157,4118
0,5,8,4,157,4118
6,0,8,4,157,4118
5,1,8,4,157,4118
4,2,8,4,157,4118
3,3,8,4,157,4118
2,4,8,4,157,4118
1,5,8,4,157,4118
0,6,8,4,157,4118
8,0,8,4,157,4118
7,0,8,4,157,4118
7,1,8,4,157,4118
6,1,8,4,157,4118
6,2,8,4,157,4118
5,2,8,4,157,4118
5,3,8,4,157,4118
4,3,8,4,157,4118
4,4,8,4,157,4118
3,4,8,4,157,4118
3,5,8,4,157,4118
2,5,8,4,157,4118
2,6,8,4,157,4118
1,6,8,4,157,4118
1,7,8,4,157,4118
9,0,8,4,157,4118
9,1,8,4,157,4118
8,1,8,4,157,4118
8,2,8,4,157,4118
7,2,8,4,157,4118
7,3,8,4,157,4118
6,3,8,4,157,4118
6,4,8,4,157,4118
5,4,8,4,157,4118
5,5,8,4,157,4118
4,5,8,4,157,4118
4,6,8,4,157,4118
3,6,8,4,157,4118
3,7,8,4,157,4118
2,7,8,4,157,4118
2,8,8,4,157,4118
9,2,8,4,157,4118
9,3,8,4,157,4118
8,3,8,4,157,4118
8,4,8,4,157,4118
7,4,8,4,157,4118
7,5,8,4,157,4118
6,5,8,4,157,4118
6,6,8,4,157,4118
5,6,8,4,157,4118
5,7,8,4,157,4118
4,7,8,4,157,4118
4,8,8,4,157,4118
3,8,8,4,157,4118
3,9,8,4,157,4118
0,0,8,4,158,3773
1,0,8,4,158,3773
0,1,8,4,158,3773
2,0,8,4,158,3773
1,1,8,4,158,3773
0,2,8,4,158,3773
3,0,8,4,158,3773
2,1,8,4,158,3773
1,2,8,4,158,3773
0,3,8,4,158,3773
4,0,8,4,158,3773
3,1,8,4,158,3773
2,2,8,4,158,3773
1,3,8,4,158,3773
0,4,8,4,158,3773
6,0,8,4,158,3773
5,0,8,4,158,3773
5,1,8,4,158,3773
4,1,8,4,158,3773
4,2,8,4,158,3773
3,2,8,4,158,3773
3,3,8,4,158,3773
2,3,8,4,158,3773
2,4,8,4,158,3773
1,4,8,4,158,3773
1,5,8,4,158,3773
8,0,8,4,158,3773
7,0,8,4,158,3773
7,1,8,4,158,3773
6,1,8,4,158,3773
6,2,8,4,158,3773
5,2,8,4,158,3773
5,3,8,4,158,3773
4,3,8,4,158,3773
4,4,8,4,158,3773
3,4,8,4,158,3773
3,5,8,4,158,3773
2,5,8,4,158,3773
2,6,8,4,158,3773
9,0,8,4,158,3773
9,1,8,4,158,3773
8,1,8,4,158,3773
8,2,8,4,158,3773
7,2,8,4,158,3773
7,3,8,4,158,3773
6,3,8,4,158,3773
6,4,8,4,158,3773
5,4,8,4,158,3773
5,5,8,4,158,3773
4,5,8,4,158,3773
4,6,8,4,158,3773
3,6,8,4,158,3773
3,7,8,4,158,3773
9,2,8,4,158,3773
9,3,8,4,158,3773
8,3,8,4,158,3773
8,4,8,4,158,3773
7,4,8,4,158,3773
7,5,8,4,158,3773
6,5,8,4,158,3773
6,6,8,4,158,3773
5,6,8,4,158,3773
5,7,8,4,158,3773
4,7,8,4,158,3773
4,8,8,4,158,3773
0,0,8,4,159,3404
1,0,8,4,159,3404
0,1,8,4,159,3404
2,0,8,4,159,3404
1,1,8,4,159,3404
0,2,8,4,159,3404
4,0,8,4,159,3404
3,0,8,4,159,3404
3,1,8,4,159,3404
2,1,8,4,159,3404
2,2,8,4,159,3404
1,2,8,4,159,3404
1,3,8,4,159,3404
6,0,8,4,159,3404
5,0,8,4,159,3404
5,1,8,4,159,3404
4,1,8,4,159,3404
4,2,8,4,159,3404
3,2,8,4,159,3404
3,3,8,4,159,3404
2,3,8,4,159,3404
2,4,8,4,159,3404
8,0,8,4,159,3404
7,0,8,4,159,3404
7,1,8,4,159,3404
6,1,8,4,159,3404
6,2,8,4,159,3404
5,2,8,4,159,3404
5,3,8,4,159,3404
4,3,8,4,159,3404
4,4,8,4,159,3404
3,4,8,4,159,3404
3,5,8,4,159,3404
9,0,8,4,159,3404
9,1,8,4,159,3404
8,1,8,4,159,3404
8,2,8,4,159,3404
7,2,8,4,159,3404
7,3,8,4,159,3404
6,3,8,4,159,3404
6,4,8,4,159,3404
5,4,8,4,159,3404
5,5,8,4,159,3404
4,5,8,4,159,3404
4,6,8,4,159,3404
9,2,8,4,159,3404
9,3,8,4,159,3404
8,3,8,4,159,3404
8,4,8,4,159,3404
7,4,8,4,159,3404
7,5,8,4,159,3404
6,5,8,4,159,3404
6,6,8,4,159,3404
5,6,8,4,159,3404
5,7,8,4,159,3404
0,0,8,4,160,3008
2,0,8,4,160,3008
1,0,8,4,160,3008
1,1,8,4,160,3008
4,0,8,4,160,3008
3,0,8,4,160,3008
3,1,8,4,160,3008
2,1,8,4,160,3008
2,2,8,4,160,3008
6,0,8,4,160,3008
5,0,8,4,160,3008
5,1,8,4,160,3008
4,1,8,4,160,3008
4,2,8,4,160,3008
3,2,8,4,160,3008
3,3,8,4,160,3008
8,0,8,4,160,3008
7,0,8,4,160,3008
7,1,8,4,160,3008
6,1,8,4,160,3008
6,2,8,4,160,3008
5,2,8,4,160,3008
5,3,8,4,160,3008
4,3,8,4,160,3008
4,4,8,4,160,3008
9,0,8,4,160,3008
9,1,8,4,160,3008
8,1,8,4,160,3008
8,2,8,4,160,3008
7,2,8,4,160,3008
7,3,8,4,160,3008
6,3,8,4,160,3008
6,4,8,4,160,3008
5,4,8,4,160,3008
5,5,8,4,160,3008
9,2,8,4,160,3008
9,3,8,4,160,3008
8,3,8,4,160,3008
8,4,8,4,160,3008
7,4,8,4,160,3008
7,5,8,4,160,3008
6,5,8,4,160,3008
6,6,8,4,160,3008
2,0,8,4,161,2583
4,0,8,4,161,2583
3,0,8,4,161,2583
3,1,8,4,161,2583
6,0,8,4,161,2583
5,0,8,4,161,2583
5,1,8,4,161,2583
4,1,8,4,161,2583
4,2,8,4,161,2583
8,0,8,4,161,2583
7,0,8,4,161,2583
7,1,8,4,161,2583
6,1,8,4,161,2583
6,2,8,4,161,2583
5,2,8,4,161,2583
5,3,8,4,161,2583
9,0,8,4,161,2583
9,1,8,4,161,2583
8,1,8,4,161,2583
8,2,8,4,161,2583
7,2,8,4,161,2583
7,3,8,4,161,2583
6,3,8,4,161,2583
6,4,8,4,161,2583
9,2,8,4,161,2583
9,3,8,4,161,2583
8,3,8,4,161,2583
8,4,8,4,161,2583
7,4,8,4,161,2583
7,5,8,4,161,2583
4,0,8,4,162,2127
6,0,8,4,162,2127
5,0,8,4,162,2127
5,1,8,4,162,2127
8,0,8,4,162,2127
7,0,8,4,162,2127
7,1,8,4,162,2127
6,1,8,4,162,2127
6,2,8,4,162,2127
9,0,8,4,162,2127
9,1,8,4,162,2127
8,1,8,4,162,2127
8,2,8,4,162,2127
7,2,8,4,162,2127
7,3,8,4,162,2127
9,2,8,4,162,2127
9,3,8,4,162,2127
8,3,8,4,162,2127
8,4,8,4,162,2127
6,0,8,2,163,1653
8,0,8,2,163,1653
7,0,8,2,163,1653
7,1,8,2,163,1653
9,0,8,2,163,1653
9,1,8,2,163,1653
8,1,8,2,163,1653
8,2,8,2,163,1653
9,2,8,2,163,1653
9,3,8,2,163,1653
7,1,8,2,164,1138
9,1,8,2,164,1138
8,0,8,2,164,1138
8,2,8,2,164,1138
8,1,8,2,164,1138
9,0,8,2,164,1138
9,2,8,2,164,1138
9,3,8,2,164,1138
5,1,8,4,165,1646
7,1,8,4,165,1646
6,0,8,4,165,1646
6,2,8,4,165,1646
9,1,8,4,165,1646
8,0,8,4,165,1646
8,2,8,4,165,1646
7,0,8,4,165,1646
7,3,8,4,165,1646
8,1,8,4,165,1646
9,0,8,4,165,1646
9,2,8,4,165,1646
9,3,8,4,165,1646
8,4,8,4,165,1646
6,2,8,4,166,1136
8,2,8,4,166,1136
7,1,8,4,166,1136
7,3,8,4,166,1136
9,2,8,4,166,1136
9,1,8,4,166,1136
9,3,8,4,166,1136
8,0,8,4,166,1136
8,4,8,4,166,1136
3,1,8,4,167,2127
5,1,8,4,167,2127
4,0,8,4,167,2127
4,2,8,4,167,2127
7,1,8,4,167,2127
6,0,8,4,167,2127
6,2,8,4,167,2127
5,0,8,4,167,2127
5,3,8,4,167,2127
9,1,8,4,167,2127
8,0,8,4,167,2127
8,2,8,4,167,2127
7,0,8,4,167,2127
7,3,8,4,167,2127
6,1,8,4,167,2127
6,4,8,4,167,2127
8,1,8,4,167,2127
9,0,8,4,167,2127
9,2,8,4,167,2127
9,3,8,4,167,2127
8,4,8,4,167,2127
7,2,8,4,167,2127
7,5,8,4,167,2127
5,3,8,4,168,1138
7,3,8,4,168,1138
6,2,8,4,168,1138
6,4,8,4,168,1138
9,3,8,4,168,1138
8,2,8,4,168,1138
8,4,8,4,168,1138
7,1,8,4,168,1138
7,5,8,4,168,1138
1,1,8,2,169,2583
3,1,8,2,169,2583
2,0,8,2,169,2583
2,2,8,2,169,2583
5,1,8,2,169,2583
4,0,8,2,169,2583
4,2,8,2,169,2583
3,0,8,2,169,2583
3,3,8,2,169,2583
7,1,8,2,169,2583
6,0,8,2,169,2583
6,2,8,2,169,2583
5,0,8,2,169,2583
5,3,8,2,169,2583
4,1,8,2,169,2583
4,4,8,2,169,2583
9,1,8,2,169,2583
8,0,8,2,169,2583
8,2,8,2,169,2583
7,0,8,2,169,2583
7,3,8,2,169,2583
6,1,8,2,169,2583
6,4,8,2,169,2583
5,2,8,2,169,2583
5,5,8,2,169,2583
8,1,8,2,169,2583
9,0,8,2,169,2583
9,2,8,2,169,2583
9,3,8,2,169,2583
8,4,8,2,169,2583
7,2,8,2,169,2583
7,5,8,2,169,2583
6,3,8,2,169,2583
6,6,8,2,169,2583
3,3,8,4,170,1650
5,3,8,4,170,1650
4,2,8,4,170,1650
4,4,8,4,170,1650
7,3,8,4,170,1650
6,2,8,4,170,1650
6,4,8,4,170,1650
5,1,8,4,170,1650
5,5,8,4,170,1650
9,3,8,4,170,1650
8,2,8,4,170,1650
8,4,8,4,170,1650
7,1,8,4,170,1650
7,5,8,4,170,1650
6,0,8,4,170,1650
6,6,8,4,170,1650
4,4,7,3,102,1138
6,4,7,3,102,1138
5,3,7,3,102,1138
5,5,7,3,102,1138
8,4,7,3,102,1138
7,3,7,3,102,1138
7,5,7,3,102,1138
6,2,7,3,102,1138
6,6,7,3,102,1138
1,3,8,4,171,2127
3,3,8,4,171,2127
2,2,8,4,171,2127
2,4,8,4,171,2127
5,3,8,4,171,2127
4,2,8,4,171,2127
4,4,8,4,171,2127
3,1,8,4,171,2127
3,5,8,4,171,2127
7,3,8,4,171,2127
6,2,8,4,171,2127
6,4,8,4,171,2127
5,1,8,4,171,2127
5,5,8,4,171,2127
4,0,8,4,171,2127
4,6,8,4,171,2127
9,3,8,4,171,2127
8,2,8,4,171,2127
8,4,8,4,171,2127
7,1,8,4,171,2127
7,5,8,4,171,2127
6,0,8,4,171,2127
6,6,8,4,171,2127
5,0,8,4,171,2127
5,7,8,4,171,2127
2,4,7,3,103,1650
4,4,7,3,103,1650
3,3,7,3,103,1650
3,5,7,3,103,1650
6,4,7,3,103,1650
5,3,7,3,103,1650
5,5,7,3,103,1650
4,2,7,3,103,1650
4,6,7,3,103,1650
8,4,7,3,103,1650
7,3,7,3,103,1650
7,5,7,3,103,1650
6,2,7,3,103,1650
6,6,7,3,103,1650
5,1,7,3,103,1650
5,7,7,3,103,1650
3,5,5,3,53,1136
5,5,5,3,53,1136
4,4,5,3,53,1136
4,6,5,3,53,1136
7,5,5,3,53,1136
6,4,5,3,53,1136
6,6,5,3,53,1136
5,3,5,3,53,1136
5,7,5,3,53,1136
0,1,8,2,172,3395
1,1,8,2,172,3395
0,0,8,2,172,3395
0,2,8,2,172,3395
2,1,8,2,172,3395
1,0,8,2,172,3395
1,2,8,2,172,3395
0,3,8,2,172,3395
3,1,8,2,172,3395
2,0,8,2,172,3395
2,2,8,2,172,3395
1,3,8,2,172,3395
0,4,8,2,172,3395
5,1,8,2,172,3395
4,0,8,2,172,3395
4,2,8,2,172,3395
3,0,8,2,172,3395
3,3,8,2,172,3395
2,4,8,2,172,3395
1,5,8,2,172,3395
7,1,8,2,172,3395
6,0,8,2,172,3395
6,2,8,2,172,3395
5,0,8,2,172,3395
5,3,8,2,172,3395
4,1,8,2,172,3395
4,4,8,2,172,3395
3,2,8,2,172,3395
3,5,8,2,172,3395
2,3,8,2,172,3395
2,6,8,2,172,3395
9,1,8,2,172,3395
8,0,8,2,172,3395
8,2,8,2,172,3395
7,0,8,2,172,3395
7,3,8,2,172,3395
6,1,8,2,172,3395
6,4,8,2,172,3395
5,2,8,2,172,3395
5,5,8,2,172,3395
4,3,8,2,172,3395
4,6,8,2,172,3395
3,4,8,2,172,3395
3,7,8,2,172,3395
8,1,8,2,172,3395
9,0,8,2,172,3395
9,2,8,2,172,3395
9,3,8,2,172,3395
8,4,8,2,172,3395
7,2,8,2,172,3395
7,5,8,2,172,3395
6,3,8,2,172,3395
6,6,8,2,172,3395
5,4,8,2,172,3395
5,7,8,2,172,3395
4,5,8,2,172,3395
4,8,8,2,172,3395
0,2,8,0,173,2991
1,2,8,0,173,2991
0,1,8,0,173,2991
0,3,8,0,173,2991
2,2,8,0,173,2991
1,1,8,0,173,2991
1,3,8,0,173,2991
0,0,8,0,173,2991
0,4,8,0,173,2991
4,2,8,0,173,2991
3,1,8,0,173,2991
3,3,8,0,173,2991
2,0,8,0,173,2991
2,4,8,0,173,2991
1,0,8,0,173,2991
1,5,8,0,173,2991
6,2,8,0,173,2991
5,1,8,0,173,2991
5,3,8,0,173,2991
4,0,8,0,173,2991
4,4,8,0,173,2991
3,0,8,0,173,2991
3,5,8,0,173,2991
2,1,8,0,173,2991
2,6,8,0,173,2991
8,2,8,0,173,2991
7,1,8,0,173,2991
7,3,8,0,173,2991
6,0,8,0,173,2991
6,4,8,0,173,2991
5,0,8,0,173,2991
5,5,8,0,173,2991
4,1,8,0,173,2991
4,6,8,0,173,2991
3,2,8,0,173,2991
3,7,8,0,173,2991
9,2,8,0,173,2991
9,1,8,0,173,2991
9,3,8,0,173,2991
8,0,8,0,173,2991
8,4,8,0,173,2991
7,0,8,0,173,2991
7,5,8,0,173,2991
6,1,8,0,173,2991
6,6,8,0,173,2991
5,2,8,0,173,2991
5,7,8,0,173,2991
4,3,8,0,173,2991
4,8,8,0,173,2991
0,3,8,4,174,2571
1,3,8,4,174,2571
0,2,8,4,174,2571
0,4,8,4,174,2571
3,3,8,4,174,2571
2,2,8,4,174,2571
2,4,8,4,174,2571
1,1,8,4,174,2571
1,5,8,4,174,2571
5,3,8,4,174,2571
4,2,8,4,174,2571
4,4,8,4,174,2571
3,1,8,4,174,2571
3,5,8,4,174,2571
2,0,8,4,174,2571
2,6,8,4,174,2571
7,3,8,4,174,2571
6,2,8,4,174,2571
6,4,8,4,174,2571
5,1,8,4,174,2571
5,5,8,4,174,2571
4,0,8,4,174,2571
4,6,8,4,174,2571
3,0,8,4,174,2571
3,7,8,4,174,2571
9,3,8,4,174,2571
8,2,8,4,174,2571
8,4,8,4,174,2571
7,1,8,4,174,2571
7,5,8,4,174,2571
6,0,8,4,174,2571
6,6,8,4,174,2571
5,0,8,4,174,2571
5,7,8,4,174,2571
4,1,8,4,174,2571
4,8,8,4,174,2571
0,4,7,3,175,2127
2,4,7,3,175,2127
1,3,7,3,175,2127
1,5,7,3,175,2127
4,4,7,3,175,2127
3,3,7,3,175,2127
3,5,7,3,175,2127
2,2,7,3,175,2127
2,6,7,3,175,2127
6,4,7,3,175,2127
5,3,7,3,175,2127
5,5,7,3,175,2127
4,2,7,3,175,2127
4,6,7,3,175,2127
3,1,7,3,175,2127
3,7,7,3,175,2127
8,4,7,3,175,2127
7,3,7,3,175,2127
7,5,7,3,175,2127
6,2,7,3,175,2127
6,6,7,3,175,2127
5,1,7,3,175,2127
5,7,7,3,175,2127
4,0,7,3,175,2127
4,8,7,3,175,2127
1,5,5,3,176,1650
3,5,5,3,176,1650
2,4,5,3,176,1650
2,6,5,3,176,1650
5,5,5,3,176,1650
4,4,5,3,176,1650
4,6,5,3,176,1650
3,3,5,3,176,1650
3,7,5,3,176,1650
7,5,5,3,176,1650
6,4,5,3,176,1650
6,6,5,3,176,1650
5,3,5,3,176,1650
5,7,5,3,176,1650
4,2,5,3,176,1650
4,8,5,3,176,1650
0,4,7,3,177,2571
1,4,7,3,177,2571
0,3,7,3,177,2571
0,5,7,3,177,2571
2,4,7,3,177,2571
1,3,7,3,177,2571
1,5,7,3,177,2571
0,2,7,3,177,2571
0,6,7,3,177,2571
4,4,7,3,177,2571
3,3,7,3,177,2571
3,5,7,3,177,2571
2,2,7,3,177,2571
2,6,7,3,177,2571
1,1,7,3,177,2571
1,7,7,3,177,2571
6,4,7,3,177,2571
5,3,7,3,177,2571
5,5,7,3,177,2571
4,2,7,3,177,2571
4,6,7,3,177,2571
3,1,7,3,177,2571
3,7,7,3,177,2571
2,0,7,3,177,2571
2,8,7,3,177,2571
8,4,7,3,177,2571
7,3,7,3,177,2571
7,5,7,3,177,2571
6,2,7,3,177,2571
6,6,7,3,177,2571
5,1,7,3,177,2571
5,7,7,3,177,2571
4,0,7,3,177,2571
4,8,7,3,177,2571
3,0,7,3,177,2571
3,9,7,3,177,2571
1,7,5,7,76,1136
3,7,5,7,76,1136
2,6,5,7,76,1136
2,8,5,7,76,1136
5,7,5,7,76,1136
4,6,5,7,76,1136
4,8,5,7,76,1136
3,5,5,7,76,1136
3,9,5,7,76,1136
0,1,8,2,178,4102
1,1,8,2,178,4102
0,0,8,2,178,4102
0,2,8,2,178,4102
2,1,8,2,178,4102
1,0,8,2,178,4102
1,2,8,2,178,4102
0,3,8,2,178,4102
3,1,8,2,178,4102
2,0,8,2,178,4102
2,2,8,2,178,4102
1,3,8,2,178,4102
0,4,8,2,178,4102
4,1,8,2,178,4102
3,0,8,2,178,4102
3,2,8,2,178,4102
2,3,8,2,178,4102
1,4,8,2,178,4102
0,5,8,2,178,4102
5,1,8,2,178,4102
4,0,8,2,178,4102
4,2,8,2,178,4102
3,3,8,2,178,4102
2,4,8,2,178,4102
1,5,8,2,178,4102
0,6,8,2,178,4102
6,1,8,2,178,4102
5,0,8,2,178,4102
5,2,8,2,178,4102
4,3,8,2,178,4102
3,4,8,2,178,4102
2,5,8,2,178,4102
1,6,8,2,178,4102
0,7,8,2,178,4102
7,1,8,2,178,4102
6,0,8,2,178,4102
6,2,8,2,178,4102
5,3,8,2,178,4102
4,4,8,2,178,4102
3,5,8,2,178,4102
2,6,8,2,178,4102
1,7,8,2,178,4102
0,8,8,2,178,4102
9,1,8,2,178,4102
8,0,8,2,178,4102
8,2,8,2,178,4102
7,0,8,2,178,4102
7,3,8,2,178,4102
6,4,8,2,178,4102
5,5,8,2,178,4102
4,6,8,2,178,4102
3,7,8,2,178,4102
2,8,8,2,178,4102
1,9,8,2,178,4102
8,1,8,2,178,4102
9,0,8,2,178,4102
9,2,8,2,178,4102
9,3,8,2,178,4102
8,4,8,2,178,4102
7,2,8,2,178,4102
7,5,8,2,178,4102
6,3,8,2,178,4102
6,6,8,2,178,4102
5,4,8,2,178,4102
5,7,8,2,178,4102
4,5,8,2,178,4102
4,8,8,2,178,4102
3,6,8,2,178,4102
3,9,8,2,178,4102
2,7,8,2,178,4102
2,9,8,2,178,4102
0,2,6,0,179,3741
1,2,6,0,179,3741
0,1,6,0,179,3741
0,3,6,0,179,3741
2,2,6,0,179,3741
1,1,6,0,179,3741
1,3,6,0,179,3741
0,0,6,0,179,3741
0,4,6,0,179,3741
3,2,6,0,179,3741
2,1,6,0,179,3741
2,3,6,0,179,3741
1,0,6,0,179,3741
1,4,6,0,179,3741
0,5,6,0,179,3741
4,2,6,0,179,3741
3,1,6,0,179,3741
3,3,6,0,179,3741
2,0,6,0,179,3741
2,4,6,0,179,3741
1,5,6,0,179,3741
0,6,6,0,179,3741
5,2,6,0,179,3741
4,1,6,0,179,3741
4,3,6,0,179,3741
3,0,6,0,179,3741
3,4,6,0,179,3741
2,5,6,0,179,3741
1,6,6,0,179,3741
0,7,6,0,179,3741
6,2,6,0,179,3741
5,1,6,0,179,3741
5,3,6,0,179,3741
4,0,6,0,179,3741
4,4,6,0,179,3741
3,5,6,0,179,3741
2,6,6,0,179,3741
1,7,6,0,179,3741
0,8,6,0,179,3741
8,2,6,0,179,3741
7,1,6,0,179,3741
7,3,6,0,179,3741
6,0,6,0,179,3741
6,4,6,0,179,3741
5,0,6,0,179,3741
5,5,6,0,179,3741
4,6,6,0,179,3741
3,7,6,0,179,3741
2,8,6,0,179,3741
1,9,6,0,179,3741
9,2,6,0,179,3741
9,1,6,0,179,3741
9,3,6,0,179,3741
8,0,6,0,179,3741
8,4,6,0,179,3741
7,0,6,0,179,3741
7,5,6,0,179,3741
6,1,6,0,179,3741
6,6,6,0,179,3741
5,7,6,0,179,3741
4,8,6,0,179,3741
3,9,6,0,179,3741
2,9,6,0,179,3741
0,5,0,2,180,2574
1,5,0,2,180,2574
0,4,0,2,180,2574
0,6,0,2,180,2574
2,5,0,2,180,2574
1,4,0,2,180,2574
1,6,0,2,180,2574
0,3,0,2,180,2574
0,7,0,2,180,2574
3,5,0,2,180,2574
2,4,0,2,180,2574
2,6,0,2,180,2574
1,3,0,2,180,2574
1,7,0,2,180,2574
0,2,0,2,180,2574
0,8,0,2,180,2574
5,5,0,2,180,2574
4,4,0,2,180,2574
4,6,0,2,180,2574
3,3,0,2,180,2574
3,7,0,2,180,2574
2,2,0,2,180,2574
2,8,0,2,180,2574
1,1,0,2,180,2574
1,9,0,2,180,2574
7,5,0,2,180,2574
6,4,0,2,180,2574
6,6,0,2,180,2574
5,3,0,2,180,2574
5,7,0,2,180,2574
4,2,0,2,180,2574
4,8,0,2,180,2574
3,1,0,2,180,2574
3,9,0,2,180,2574
2,0,0,2,180,2574
2,9,0,2,180,2574
0,1,8,2,181,4420
1,1,8,2,181,4420
0,0,8,2,181,4420
0,2,8,2,181,4420
2,1,8,2,181,4420
1,0,8,2,181,4420
1,2,8,2,181,4420
0,3,8,2,181,4420
3,1,8,2,181,4420
2,0,8,2,181,4420
2,2,8,2,181,4420
1,3,8,2,181,4420
0,4,8,2,181,4420
4,1,8,2,181,4420
3,0,8,2,181,4420
3,2,8,2,181,4420
2,3,8,2,181,4420
1,4,8,2,181,4420
0,5,8,2,181,4420
5,1,8,2,181,4420
4,0,8,2,181,4420
4,2,8,2,181,4420
3,3,8,2,181,4420
2,4,8,2,181,4420
1,5,8,2,181,4420
0,6,8,2,181,4420
6,1,8,2,181,4420
5,0,8,2,181,4420
5,2,8,2,181,4420
4,3,8,2,181,4420
3,4,8,2,181,4420
2,5,8,2,181,4420
1,6,8,2,181,4420
0,7,8,2,181,4420
7,1,8,2,181,4420
6,0,8,2,181,4420
6,2,8,2,181,4420
5,3,8,2,181,4420
4,4,8,2,181,4420
3,5,8,2,181,4420
2,6,8,2,181,4420
1,7,8,2,181,4420
0,8,8,2,181,4420
8,1,8,2,181,4420
7,0,8,2,181,4420
7,2,8,2,181,4420
6,3,8,2,181,4420
5,4,8,2,181,4420
4,5,8,2,181,4420
3,6,8,2,181,4420
2,7,8,2,181,4420
1,8,8,2,181,4420
0,9,8,2,181,4420
9,1,8,2,181,4420
8,0,8,2,181,4420
8,2,8,2,181,4420
7,3,8,2,181,4420
6,4,8,2,181,4420
5,5,8,2,181,4420
4,6,8,2,181,4420
3,7,8,2,181,4420
2,8,8,2,181,4420
1,9,8,2,181,4420
9,0,8,2,181,4420
9,2,8,2,181,4420
9,3,8,2,181,4420
8,4,8,2,181,4420
7,5,8,2,181,4420
6,6,8,2,181,4420
5,7,8,2,181,4420
4,8,8,2,181,4420
3,9,8,2,181,4420
2,9,8,2,181,4420
0,2,8,0,182,4079
1,2,8,0,182,4079
0,1,8,0,182,4079
0,3,8,0,182,4079
2,2,8,0,182,4079
1,1,8,0,182,4079
1,3,8,0,182,4079
0,0,8,0,182,4079
0,4,8,0,182,4079
3,2,8,0,182,4079
2,1,8,0,182,4079
2,3,8,0,182,4079
1,0,8,0,182,4079
1,4,8,0,182,4079
0,5,8,0,182,4079
4,2,8,0,182,4079
3,1,8,0,182,4079
3,3,8,0,182,4079
2,0,8,0,182,4079
2,4,8,0,182,4079
1,5,8,0,182,4079
0,6,8,0,182,4079
5,2,8,0,182,4079
4,1,8,0,182,4079
4,3,8,0,182,4079
3,0,8,0,182,4079
3,4,8,0,182,4079
2,5,8,0,182,4079
1,6,8,0,182,4079
0,7,8,0,182,4079
6,2,8,0,182,4079
5,1,8,0,182,4079
5,3,8,0,182,4079
4,0,8,0,182,4079
4,4,8,0,182,4079
3,5,8,0,182,4079
2,6,8,0,182,4079
1,7,8,0,182,4079
0,8,8,0,182,4079
7,2,8,0,182,4079
6,1,8,0,182,4079
6,3,8,0,182,4079
5,0,8,0,182,4079
5,4,8,0,182,4079
4,5,8,0,182,4079
3,6,8,0,182,4079
2,7,8,0,182,4079
1,8,8,0,182,4079
0,9,8,0,182,4079
8,2,8,0,182,4079
7,1,8,0,182,4079
7,3,8,0,182,4079
6,0,8,0,182,4079
6,4,8,0,182,4079
5,5,8,0,182,4079
4,6,8,0,182,4079
3,7,8,0,182,4079
2,8,8,0,182,4079
1,9,8,0,182,4079
9,2,8,0,182,4079
9,1,8,0,182,4079
9,3,8,0,182,4079
8,0,8,0,182,4079
8,4,8,0,182,4079
7,0,8,0,182,4079
7,5,8,0,182,4079
6,6,8,0,182,4079
5,7,8,0,182,4079
4,8,8,0,182,4079
3,9,8,0,182,4079
2,9,8,0,182,4079
0,3,6,0,183,3745
1,3,6,0,183,3745
0,2,6,0,183,3745
0,4,6,0,183,3745
2,3,6,0,183,3745
1,2,6,0,183,3745
1,4,6,0,183,3745
0,1,6,0,183,3745
0,5,6,0,183,3745
3,3,6,0,183,3745
2,2,6,0,183,3745
2,4,6,0,183,3745
1,1,6,0,183,3745
1,5,6,0,183,3745
0,0,6,0,183,3745
0,6,6,0,183,3745
4,3,6,0,183,3745
3,2,6,0,183,3745
3,4,6,0,183,3745
2,1,6,0,183,3745
2,5,6,0,183,3745
1,0,6,0,183,3745
1,6,6,0,183,3745
0,7,6,0,183,3745
5,3,6,0,183,3745
4,2,6,0,183,3745
4,4,6,0,183,3745
3,1,6,0,183,3745
3,5,6,0,183,3745
2,0,6,0,183,3745
2,6,6,0,183,3745
1,7,6,0,183,3745
0,8,6,0,183,3745
6,3,6,0,183,3745
5,2,6,0,183,3745
5,4,6,0,183,3745
4,1,6,0,183,3745
4,5,6,0,183,3745
3,0,6,0,183,3745
3,6,6,0,183,3745
2,7,6,0,183,3745
1,8,6,0,183,3745
0,9,6,0,183,3745
7,3,6,0,183,3745
6,2,6,0,183,3745
6,4,6,0,183,3745
5,1,6,0,183,3745
5,5,6,0,183,3745
4,0,6,0,183,3745
4,6,6,0,183,3745
3,7,6,0,183,3745
2,8,6,0,183,3745
1,9,6,0,183,3745
9,3,6,0,183,3745
8,2,6,0,183,3745
8,4,6,0,183,3745
7,1,6,0,183,3745
7,5,6,0,183,3745
6,0,6,0,183,3745
6,6,6,0,183,3745
5,0,6,0,183,3745
5,7,6,0,183,3745
4,8,6,0,183,3745
3,9,6,0,183,3745
2,9,6,0,183,3745
0,4,2,0,184,3390
1,4,2,0,184,3390
0,3,2,0,184,3390
0,5,2,0,184,3390
2,4,2,0,184,3390
1,3,2,0,184,3390
1,5,2,0,184,3390
0,2,2,0,184,3390
0,6,2,0,184,3390
3,4,2,0,184,3390
2,3,2,0,184,3390
2,5,2,0,184,3390
1,2,2,0,184,3390
1,6,2,0,184,3390
0,1,2,0,184,3390
0,7,2,0,184,3390
4,4,2,0,184,3390
3,3,2,0,184,3390
3,5,2,0,184,3390
2,2,2,0,184,3390
2,6,2,0,184,3390
1,1,2,0,184,3390
1,7,2,0,184,3390
0,0,2,0,184,3390
0,8,2,0,184,3390
5,4,2,0,184,3390
4,3,2,0,184,3390
4,5,2,0,184,3390
3,2,2,0,184,3390
3,6,2,0,184,3390
2,1,2,0,184,3390
2,7,2,0,184,3390
1,0,2,0,184,3390
1,8,2,0,184,3390
0,9,2,0,184,3390
6,4,2,0,184,3390
5,3,2,0,184,3390
5,5,2,0,184,3390
4,2,2,0,184,3390
4,6,2,0,184,3390
3,1,2,0,184,3390
3,7,2,0,184,3390
2,0,2,0,184,3390
2,8,2,0,184,3390
1,9,2,0,184,3390
8,4,2,0,184,3390
7,3,2,0,184,3390
7,5,2,0,184,3390
6,2,2,0,184,3390
6,6,2,0,184,3390
5,1,2,0,184,3390
5,7,2,0,184,3390
4,0,2,0,184,3390
4,8,2,0,184,3390
3,0,2,0,184,3390
3,9,2,0,184,3390
2,9,2,0,184,3390
0,5,1,1,185,3000
1,5,1,1,185,3000
0,4,1,1,185,3000
0,6,1,1,185,3000
2,5,1,1,185,3000
1,4,1,1,185,3000
1,6,1,1,185,3000
0,3,1,1,185,3000
0,7,1,1,185,3000
3,5,1,1,185,3000
2,4,1,1,185,3000
2,6,1,1,185,3000
1,3,1,1,185,3000
1,7,1,1,185,3000
0,2,1,1,185,3000
0,8,1,1,185,3000
4,5,1,1,185,3000
3,4,1,1,185,3000
3,6,1,1,185,3000
2,3,1,1,185,3000
2,7,1,1,185,3000
1,2,1,1,185,3000
1,8,1,1,185,3000
0,1,1,1,185,3000
0,9,1,1,185,3000
5,5,1,1,185,3000
4,4,1,1,185,3000
4,6,1,1,185,3000
3,3,1,1,185,3000
3,7,1,1,185,3000
2,2,1,1,185,3000
2,8,1,1,185,3000
1,1,1,1,185,3000
1,9,1,1,185,3000
0,0,1,1,185,3000
7,5,1,1,185,3000
6,4,1,1,185,3000
6,6,1,1,185,3000
5,3,1,1,185,3000
5,7,1,1,185,3000
4,2,1,1,185,3000
4,8,1,1,185,3000
3,1,1,1,185,3000
3,9,1,1,185,3000
2,0,1,1,185,3000
2,9,1,1,185,3000
1,0,1,1,185,3000
0,6,0,2,186,2571
1,6,0,2,186,2571
0,5,0,2,186,2571
0,7,0,2,186,2571
2,6,0,2,186,2571
1,5,0,2,186,2571
1,7,0,2,186,2571
0,4,0,2,186,2571
0,8,0,2,186,2571
3,6,0,2,186,2571
2,5,0,2,186,2571
2,7,0,2,186,2571
1,4,0,2,186,2571
1,8,0,2,186,2571
0,3,0,2,186,2571
0,9,0,2,186,2571
4,6,0,2,186,2571
3,5,0,2,186,2571
3,7,0,2,186,2571
2,4,0,2,186,2571
2,8,0,2,186,2571
1,3,0,2,186,2571
1,9,0,2,186,2571
0,2,0,2,186,2571
6,6,0,2,186,2571
5,5,0,2,186,2571
5,7,0,2,186,2571
4,4,0,2,186,2571
4,8,0,2,186,2571
3,3,0,2,186,2571
3,9,0,2,186,2571
2,2,0,2,186,2571
2,9,0,2,186,2571
1,1,0,2,186,2571
0,7,0,4,187,2127
1,7,0,4,187,2127
0,6,0,4,187,2127
0,8,0,4,187,2127
2,7,0,4,187,2127
1,6,0,4,187,2127
1,8,0,4,187,2127
0,5,0,4,187,2127
0,9,0,4,187,2127
3,7,0,4,187,2127
2,6,0,4,187,2127
2,8,0,4,187,2127
1,5,0,4,187,2127
1,9,0,4,187,2127
0,4,0,4,187,2127
5,7,0,4,187,2127
4,6,0,4,187,2127
4,8,0,4,187,2127
3,5,0,4,187,2127
3,9,0,4,187,2127
2,4,0,4,187,2127
2,9,0,4,187,2127
1,3,0,4,187,2127
0,8,1,5,188,1646
1,8,1,5,188,1646
0,7,1,5,188,1646
0,9,1,5,188,1646
2,8,1,5,188,1646
1,7,1,5,188,1646
1,9,1,5,188,1646
0,6,1,5,188,1646
4,8,1,5,188,1646
3,7,1,5,188,1646
3,9,1,5,188,1646
2,6,1,5,188,1646
2,9,1,5,188,1646
1,5,1,5,188,1646
0,9,0,8,189,1138
1,9,0,8,189,1138
0,8,0,8,189,1138
3,9,0,8,189,1138
2,8,0,8,189,1138
2,9,0,8,189,1138
1,7,0,8,189,1138
1,8,0,8,189,1138
0,2,8,0,190,4393
1,2,8,0,190,4393
0,1,8,0,190,4393
0,3,8,0,190,4393
2,2,8,0,190,4393
1,1,8,0,190,4393
1,3,8,0,190,4393
0,0,8,0,190,4393
0,4,8,0,190,4393
3,2,8,0,190,4393
2,1,8,0,190,4393
2,3,8,0,190,4393
1,0,8,0,190,4393
1,4,8,0,190,4393
0,5,8,0,190,4393
4,2,8,0,190,4393
3,1,8,0,190,4393
3,3,8,0,190,4393
2,0,8,0,190,4393
2,4,8,0,190,4393
1,5,8,0,190,4393
0,6,8,0,190,4393
5,2,8,0,190,4393
4,1,8,0,190,4393
4,3,8,0,190,4393
3,0,8,0,190,4393
3,4,8,0,190,4393
2,5,8,0,190,4393
1,6,8,0,190,4393
0,7,8,0,190,4393
6,2,8,0,190,4393
5,1,8,0,190,4393
5,3,8,0,190,4393
4,0,8,0,190,4393
4,4,8,0,190,4393
3,5,8,0,190,4393
2,6,8,0,190,4393
1,7,8,0,190,4393
0,8,8,0,190,4393
7,2,8,0,190,4393
6,1,8,0,190,4393
6,3,8,0,190,4393
5,0,8,0,190,4393
5,4,8,0,190,4393
4,5,8,0,190,4393
3,6,8,0,190,4393
2,7,8,0,190,4393
1,8,8,0,190,4393
0,9,8,0,190,4393
8,2,8,0,190,4393
7,1,8,0,190,4393
7,3,8,0,190,4393
6,0,8,0,190,4393
6,4,8,0,190,4393
5,5,8,0,190,4393
4,6,8,0,190,4393
3,7,8,0,190,4393
2,8,8,0,190,4393
1,9,8,0,190,4393
9,2,8,0,190,4393
8,1,8,0,190,4393
8,3,8,0,190,4393
7,0,8,0,190,4393
7,4,8,0,190,4393
6,5,8,0,190,4393
5,6,8,0,190,4393
4,7,8,0,190,4393
3,8,8,0,190,4393
2,9,8,0,190,4393
9,1,8,0,190,4393
9,3,8,0,190,4393
8,0,8,0,190,4393
8,4,8,0,190,4393
7,5,8,0,190,4393
6,6,8,0,190,4393
5,7,8,0,190,4393
4,8,8,0,190,4393
3,9,8,0,190,4393
0,3,6,0,191,4093
1,3,6,0,191,4093
0,2,6,0,191,4093
0,4,6,0,191,4093
2,3,6,0,191,4093
1,2,6,0,191,4093
1,4,6,0,191,4093
0,1,6,0,191,4093
0,5,6,0,191,4093
3,3,6,0,191,4093
2,2,6,0,191,4093
2,4,6,0,191,4093
1,1,6,0,191,4093
1,5,6,0,191,4093
0,0,6,0,191,4093
0,6,6,0,191,4093
4,3,6,0,191,4093
3,2,6,0,191,4093
3,4,6,0,191,4093
2,1,6,0,191,4093
2,5,6,0,191,4093
1,0,6,0,191,4093
1,6,6,0,191,4093
0,7,6,0,191,4093
5,3,6,0,191,4093
4,2,6,0,191,4093
4,4,6,0,191,4093
3,1,6,0,191,4093
3,5,6,0,191,4093
2,0,6,0,191,4093
2,6,6,0,191,4093
1,7,6,0,191,4093
0,8,6,0,191,4093
6,3,6,0,191,4093
5,2,6,0,191,4093
5,4,6,0,191,4093
4,1,6,0,191,4093
4,5,6,0,191,4093
3,0,6,0,191,4093
3,6,6,0,191,4093
2,7,6,0,191,4093
1,8,6,0,191,4093
0,9,6,0,191,4093
7,3,6,0,191,4093
6,2,6,0,191,4093
6,4,6,0,191,4093
5,1,6,0,191,4093
5,5,6,0,191,4093
4,0,6,0,191,4093
4,6,6,0,191,4093
3,7,6,0,191,4093
2,8,6,0,191,4093
1,9,6,0,191,4093
8,3,6,0,191,4093
7,2,6,0,191,4093
7,4,6,0,191,4093
6,1,6,0,191,4093
6,5,6,0,191,4093
5,0,6,0,191,4093
5,6,6,0,191,4093
4,7,6,0,191,4093
3,8,6,0,191,4093
2,9,6,0,191,4093
9,3,6,0,191,4093
8,2,6,0,191,4093
8,4,6,0,191,4093
7,1,6,0,191,4093
7,5,6,0,191,4093
6,0,6,0,191,4093
6,6,6,0,191,4093
5,7,6,0,191,4093
4,8,6,0,191,4093
3,9,6,0,191,4093
0,4,4,0,192,3761
1,4,4,0,192,3761
0,3,4,0,192,3761
0,5,4,0,192,3761
2,4,4,0,192,3761
1,3,4,0,192,3761
1,5,4,0,192,3761
0,2,4,0,192,3761
0,6,4,0,192,3761
3,4,4,0,192,3761
2,3,4,0,192,3761
2,5,4,0,192,3761
1,2,4,0,192,3761
1,6,4,0,192,3761
0,1,4,0,192,3761
0,7,4,0,192,3761
4,4,4,0,192,3761
3,3,4,0,192,3761
3,5,4,0,192,3761
2,2,4,0,192,3761
2,6,4,0,192,3761
1,1,4,0,192,3761
1,7,4,0,192,3761
0,0,4,0,192,3761
0,8,4,0,192,3761
5,4,4,0,192,3761
4,3,4,0,192,3761
4,5,4,0,192,3761
3,2,4,0,192,3761
3,6,4,0,192,3761
2,1,4,0,192,3761
2,7,4,0,192,3761
1,0,4,0,192,3761
1,8,4,0,192,3761
0,9,4,0,192,3761
6,4,4,0,192,3761
5,3,4,0,192,3761
5,5,4,0,192,3761
4,2,4,0,192,3761
4,6,4,0,192,3761
3,1,4,0,192,3761
3,7,4,0,192,3761
2,0,4,0,192,3761
2,8,4,0,192,3761
1,9,4,0,192,3761
7,4,4,0,192,3761
6,3,4,0,192,3761
6,5,4,0,192,3761
5,2,4,0,192,3761
5,6,4,0,192,3761
4,1,4,0,192,3761
4,7,4,0,192,3761
3,0,4,0,192,3761
3,8,4,0,192,3761
2,9,4,0,192,3761
8,4,4,0,192,3761
7,3,4,0,192,3761
7,5,4,0,192,3761
6,2,4,0,192,3761
6,6,4,0,192,3761
5,1,4,0,192,3761
5,7,4,0,192,3761
4,0,4,0,192,3761
4,8,4,0,192,3761
3,9,4,0,192,3761
0,5,2,0,193,3395
1,5,2,0,193,3395
0,4,2,0,193,3395
0,6,2,0,193,3395
2,5,2,0,193,3395
1,4,2,0,193,3395
1,6,2,0,193,3395
0,3,2,0,193,3395
0,7,2,0,193,3395
3,5,2,0,193,3395
2,4,2,0,193,3395
2,6,2,0,193,3395
1,3,2,0,193,3395
1,7,2,0,193,3395
0,2,2,0,193,3395
0,8,2,0,193,3395
4,5,2,0,193,3395
3,4,2,0,193,3395
3,6,2,0,193,3395
2,3,2,0,193,3395
2,7,2,0,193,3395
1,2,2,0,193,3395
1,8,2,0,193,3395
0,1,2,0,193,3395
0,9,2,0,193,3395
5,5,2,0,193,3395
4,4,2,0,193,3395
4,6,2,0,193,3395
3,3,2,0,193,3395
3,7,2,0,193,3395
2,2,2,0,193,3395
2,8,2,0,193,3395
1,1,2,0,193,3395
1,9,2,0,193,3395
0,0,2,0,193,3395
6,5,2,0,193,3395
5,4,2,0,193,3395
5,6,2,0,193,3395
4,3,2,0,193,3395
4,7,2,0,193,3395
3,2,2,0,193,3395
3,8,2,0,193,3395
2,1,2,0,193,3395
2,9,2,0,193,3395
1,0,2,0,193,3395
7,5,2,0,193,3395
6,4,2,0,193,3395
6,6,2,0,193,3395
5,3,2,0,193,3395
5,7,2,0,193,3395
4,2,2,0,193,3395
4,8,2,0,193,3395
3,1,2,0,193,3395
3,9,2,0,193,3395
2,0,2,0,193,3395
0,7,0,4,194,2420
1,7,0,4,194,2420
0,6,0,4,194,2420
0,8,0,4,194,2420
2,7,0,4,194,2420
1,6,0,4,194,2420
1,8,0,4,194,2420
0,5,0,4,194,2420
0,9,0,4,194,2420
3,7,0,4,194,2420
2,6,0,4,194,2420
2,8,0,4,194,2420
1,5,0,4,194,2420
1,9,0,4,194,2420
0,4,0,4,194,2420
4,7,0,4,194,2420
3,6,0,4,194,2420
3,8,0,4,194,2420
2,5,0,4,194,2420
2,9,0,4,194,2420
1,4,0,4,194,2420
0,3,0,4,194,2420
5,7,0,4,194,2420
4,6,0,4,194,2420
4,8,0,4,194,2420
3,5,0,4,194,2420
3,9,0,4,194,2420
2,4,0,4,194,2420
1,3,0,4,194,2420
0,2,0,4,194,2420
0,8,1,5,195,2132
1,8,1,5,195,2132
0,7,1,5,195,2132
0,9,1,5,195,2132
2,8,1,5,195,2132
1,7,1,5,195,2132
1,9,1,5,195,2132
0,6,1,5,195,2132
3,8,1,5,195,2132
2,7,1,5,195,2132
2,9,1,5,195,2132
1,6,1,5,195,2132
0,5,1,5,195,2132
4,8,1,5,195,2132
3,7,1,5,195,2132
3,9,1,5,195,2132
2,6,1,5,195,2132
1,5,1,5,195,2132
0,4,1,5,195,2132
0,9,1,7,196,1651
1,9,1,7,196,1651
0,8,1,7,196,1651
2,9,1,7,196,1651
1,8,1,7,196,1651
0,7,1,7,196,1651
3,9,1,7,196,1651
2,8,1,7,196,1651
1,7,1,7,196,1651
0,6,1,7,196,1651
9,3,9,3,0,0
7,3,8,4,97,588
9,3,8,4,97,588
8,2,8,4,97,588
8,4,8,4,97,588
8,4,8,4,0,0
7,5,7,5,0,0
6,6,6,6,0,0
5,7,5,7,0,0
3,7,5,7,54,588
5,7,5,7,54,588
4,6,5,7,54,588
4,8,5,7,54,588
4,8,4,8,0,0
2,8,4,8,54,588
4,8,4,8,54,588
3,7,4,8,54,588
3,9,4,8,54,588
3,9,3,9,0,0
1,9,1,9,147,588
3,9,1,9,147,588
2,8,1,9,147,588
2,9,1,9,147,588
0,0,8,5,197,4443
1,0,8,5,197,4443
0,1,8,5,197,4443
2,0,8,5,197,4443
1,1,8,5,197,4443
0,2,8,5,197,4443
3,0,8,5,197,4443
2,1,8,5,197,4443
1,2,8,5,197,4443
0,3,8,5,197,4443
4,0,8,5,197,4443
3,1,8,5,197,4443
2,2,8,5,197,4443
1,3,8,5,197,4443
0,4,8,5,197,4443
5,0,8,5,197,4443
4,1,8,5,197,4443
3,2,8,5,197,4443
2,3,8,5,197,4443
1,4,8,5,197,4443
0,5,8,5,197,4443
6,0,8,5,197,4443
5,1,8,5,197,4443
4,2,8,5,197,4443
3,3,8,5,197,4443
2,4,8,5,197,4443
1,5,8,5,197,4443
0,6,8,5,197,4443
7,0,8,5,197,4443
6,1,8,5,197,4443
5,2,8,5,197,4443
4,3,8,5,197,4443
3,4,8,5,197,4443
2,5,8,5,197,4443
1,6,8,5,197,4443
0,7,8,5,197,4443
9,0,8,5,197,4443
8,0,8,5,197,4443
8,1,8,5,197,4443
7,1,8,5,197,4443
7,2,8,5,197,4443
6,2,8,5,197,4443
6,3,8,5,197,4443
5,3,8,5,197,4443
5,4,8,5,197,4443
4,4,8,5,197,4443
4,5,8,5,197,4443
3,5,8,5,197,4443
3,6,8,5,197,4443
2,6,8,5,197,4443
2,7,8,5,197,4443
1,7,8,5,197,4443
1,8,8,5,197,4443
9,1,8,5,197,4443
9,2,8,5,197,4443
8,2,8,5,197,4443
8,3,8,5,197,4443
7,3,8,5,197,4443
7,4,8,5,197,4443
6,4,8,5,197,4443
6,5,8,5,197,4443
5,5,8,5,197,4443
5,6,8,5,197,4443
4,6,8,5,197,4443
4,7,8,5,197,4443
3,7,8,5,197,4443
3,8,8,5,197,4443
2,8,8,5,197,4443
2,9,8,5,197,4443
9,3,8,5,197,4443
9,4,8,5,197,4443
8,4,8,5,197,4443
8,5,8,5,197,4443
7,5,8,5,197,4443
7,6,8,5,197,4443
6,6,8,5,197,4443
6,7,8,5,197,4443
5,7,8,5,197,4443
5,8,8,5,197,4443
4,8,8,5,197,4443
4,9,8,5,197,4443
3,9,8,5,197,4443
0,0,8,5,198,4119
1,0,8,5,198,4119
0,1,8,5,198,4119
2,0,8,5,198,4119
1,1,8,5,198,4119
0,2,8,5,198,4119
3,0,8,5,198,4119
2,1,8,5,198,4119
1,2,8,5,198,4119
0,3,8,5,198,4119
4,0,8,5,198,4119
3,1,8,5,198,4119
2,2,8,5,198,4119
1,3,8,5,198,4119
0,4,8,5,198,4119
5,0,8,5,198,4119
4,1,8,5,198,4119
3,2,8,5,198,4119
2,3,8,5,198,4119
1,4,8,5,198,4119
0,5,8,5,198,4119
7,0,8,5,198,4119
6,0,8,5,198,4119
6,1,8,5,198,4119
5,1,8,5,198,4119
5,2,8,5,198,4119
4,2,8,5,198,4119
4,3,8,5,198,4119
3,3,8,5,198,4119
3,4,8,5,198,4119
2,4,8,5,198,4119
2,5,8,5,198,4119
1,5,8,5,198,4119
1,6,8,5,198,4119
9,0,8,5,198,4119
8,0,8,5,198,4119
8,1,8,5,198,4119
7,1,8,5,198,4119
7,2,8,5,198,4119
6,2,8,5,198,4119
6,3,8,5,198,4119
5,3,8,5,198,4119
5,4,8,5,198,4119
4,4,8,5,198,4119
4,5,8,5,198,4119
3,5,8,5,198,4119
3,6,8,5,198,4119
2,6,8,5,198,4119
2,7,8,5,198,4119
9,1,8,5,198,4119
9,2,8,5,198,4119
8,2,8,5,198,4119
8,3,8,5,198,4119
7,3,8,5,198,4119
7,4,8,5,198,4119
6,4,8,5,198,4119
6,5,8,5,198,4119
5,5,8,5,198,4119
5,6,8,5,198,4119
4,6,8,5,198,4119
4,7,8,5,198,4119
3,7,8,5,198,4119
3,8,8,5,198,4119
9,3,8,5,198,4119
9,4,8,5,198,4119
8,4,8,5,198,4119
8,5,8,5,198,4119
7,5,8,5,198,4119
7,6,8,5,198,4119
6,6,8,5,198,4119
6,7,8,5,198,4119
5,7,8,5,198,4119
5,8,8,5,198,4119
4,8,8,5,198,4119
4,9,8,5,198,4119
0,0,8,5,199,3772
1,0,8,5,199,3772
0,1,8,5,199,3772
2,0,8,5,199,3772
1,1,8,5,199,3772
0,2,8,5,199,3772
3,0,8,5,199,3772
2,1,8,5,199,3772
1,2,8,5,199,3772
0,3,8,5,199,3772
5,0,8,5,199,3772
4,0,8,5,199,3772
4,1,8,5,199,3772
3,1,8,5,199,3772
3,2,8,5,199,3772
2,2,8,5,199,3772
2,3,8,5,199,3772
1,3,8,5,199,3772
1,4,8,5,199,3772
7,0,8,5,199,3772
6,0,8,5,199,3772
6,1,8,5,199,3772
5,1,8,5,199,3772
5,2,8,5,199,3772
4,2,8,5,199,3772
4,3,8,5,199,3772
3,3,8,5,199,3772
3,4,8,5,199,3772
2,4,8,5,199,3772
2,5,8,5,199,3772
9,0,8,5,199,3772
8,0,8,5,199,3772
8,1,8,5,199,3772
7,1,8,5,199,3772
7,2,8,5,199,3772
6,2,8,5,199,3772
6,3,8,5,199,3772
5,3,8,5,199,3772
5,4,8,5,199,3772
4,4,8,5,199,3772
4,5,8,5,199,3772
3,5,8,5,199,3772
3,6,8,5,199,3772
9,1,8,5,199,3772
9,2,8,5,199,3772
8,2,8,5,199,3772
8,3,8,5,199,3772
7,3,8,5,199,3772
7,4,8,5,199,3772
6,4,8,5,199,3772
6,5,8,5,199,3772
5,5,8,5,199,3772
5,6,8,5,199,3772
4,6,8,5,199,3772
4,7,8,5,199,3772
9,3,8,5,199,3772
9,4,8,5,199,3772
8,4,8,5,199,3772
8,5,8,5,199,3772
7,5,8,5,199,3772
7,6,8,5,199,3772
6,6,8,5,199,3772
6,7,8,5,199,3772
5,7,8,5,199,3772
5,8,8,5,199,3772
0,0,8,5,200,3399
1,0,8,5,200,3399
0,1,8,5,200,3399
3,0,8,5,200,3399
2,0,8,5,200,3399
2,1,8,5,200,3399
1,1,8,5,200,3399
1,2,8,5,200,3399
5,0,8,5,200,3399
4,0,8,5,200,3399
4,1,8,5,200,3399
3,1,8,5,200,3399
3,2,8,5,200,3399
2,2,8,5,200,3399
2,3,8,5,200,3399
7,0,8,5,200,3399
6,0,8,5,200,3399
6,1,8,5,200,3399
5,1,8,5,200,3399
5,2,8,5,200,3399
4,2,8,5,200,3399
4,3,8,5,200,3399
3,3,8,5,200,3399
3,4,8,5,200,3399
9,0,8,5,200,3399
8,0,8,5,200,3399
8,1,8,5,200,3399
7,1,8,5,200,3399
7,2,8,5,200,3399
6,2,8,5,200,3399
6,3,8,5,200,3399
5,3,8,5,200,3399
5,4,8,5,200,3399
4,4,8,5,200,3399
4,5,8,5,200,3399
9,1,8,5,200,3399
9,2,8,5,200,3399
8,2,8,5,200,3399
8,3,8,5,200,3399
7,3,8,5,200,3399
7,4,8,5,200,3399
6,4,8,5,200,3399
6,5,8,5,200,3399
5,5,8,5,200,3399
5,6,8,5,200,3399
9,3,8,5,200,3399
9,4,8,5,200,3399
8,4,8,5,200,3399
8,5,8,5,200,3399
7,5,8,5,200,3399
7,6,8,5,200,3399
6,6,8,5,200,3399
6,7,8,5,200,3399
1,0,8,5,201,3000
3,0,8,5,201,3000
2,0,8,5,201,3000
2,1,8,5,201,3000
5,0,8,5,201,3000
4,0,8,5,201,3000
4,1,8,5,201,3000
3,1,8,5,201,3000
3,2,8,5,201,3000
7,0,8,5,201,3000
6,0,8,5,201,3000
6,1,8,5,201,3000
5,1,8,5,201,3000
5,2,8,5,201,3000
4,2,8,5,201,3000
4,3,8,5,201,3000
9,0,8,5,201,3000
8,0,8,5,201,3000
8,1,8,5,201,3000
7,1,8,5,201,3000
7,2,8,5,201,3000
6,2,8,5,201,3000
6,3,8,5,201,3000
5,3,8,5,201,3000
5,4,8,5,201,3000
9,1,8,5,201,3000
9,2,8,5,201,3000
8,2,8,5,201,3000
8,3,8,5,201,3000
7,3,8,5,201,3000
7,4,8,5,201,3000
6,4,8,5,201,3000
6,5,8,5,201,3000
9,3,8,5,201,3000
9,4,8,5,201,3000
8,4,8,5,201,3000
8,5,8,5,201,3000
7,5,8,5,201,3000
7,6,8,5,201,3000
3,0,8,5,202,2572
5,0,8,5,202,2572
4,0,8,5,202,2572
4,1,8,5,202,2572
7,0,8,5,202,2572
6,0,8,5,202,2572
6,1,8,5,202,2572
5,1,8,5,202,2572
5,2,8,5,202,2572
9,0,8,5,202,2572
8,0,8,5,202,2572
8,1,8,5,202,2572
7,1,8,5,202,2572
7,2,8,5,202,2572
6,2,8,5,202,2572
6,3,8,5,202,2572
9,1,8,5,202,2572
9,2,8,5,202,2572
8,2,8,5,202,2572
8,3,8,5,202,2572
7,3,8,5,202,2572
7,4,8,5,202,2572
9,3,8,5,202,2572
9,4,8,5,202,2572
8,4,8,5,202,2572
8,5,8,5,202,2572
5,0,8,3,203,2133
7,0,8,3,203,2133
6,0,8,3,203,2133
6,1,8,3,203,2133
9,0,8,3,203,2133
8,0,8,3,203,2133
8,1,8,3,203,2133
7,1,8,3,203,2133
7,2,8,3,203,2133
9,1,8,3,203,2133
9,2,8,3,203,2133
8,2,8,3,203,2133
8,3,8,3,203,2133
9,3,8,3,203,2133
9,4,8,3,203,2133
6,1,8,3,204,1650
8,1,8,3,204,1650
7,0,8,3,204,1650
7,2,8,3,204,1650
9,1,8,3,204,1650
9,0,8,3,204,1650
9,2,8,3,204,1650
8,0,8,3,204,1650
8,3,8,3,204,1650
7,1,8,3,204,1650
8,2,8,3,204,1650
9,3,8,3,204,1650
9,4,8,3,204,1650
4,1,8,5,205,2122
6,1,8,5,205,2122
5,0,8,5,205,2122
5,2,8,5,205,2122
8,1,8,5,205,2122
7,0,8,5,205,2122
7,2,8,5,205,2122
6,0,8,5,205,2122
6,3,8,5,205,2122
9,1,8,5,205,2122
9,0,8,5,205,2122
9,2,8,5,205,2122
8,0,8,5,205,2122
8,3,8,5,205,2122
7,1,8,5,205,2122
7,4,8,5,205,2122
8,2,8,5,205,2122
9,3,8,5,205,2122
9,4,8,5,205,2122
8,5,8,5,205,2122
5,2,8,5,206,1646
7,2,8,5,206,1646
6,1,8,5,206,1646
6,3,8,5,206,1646
9,2,8,5,206,1646
8,1,8,5,206,1646
8,3,8,5,206,1646
7,0,8,5,206,1646
7,4,8,5,206,1646
8,2,8,5,206,1646
9,1,8,5,206,1646
9,3,8,5,206,1646
9,0,8,5,206,1646
9,4,8,5,206,1646
8,0,8,5,206,1646
8,5,8,5,206,1646
2,1,8,5,207,2571
4,1,8,5,207,2571
3,0,8,5,207,2571
3,2,8,5,207,2571
6,1,8,5,207,2571
5,0,8,5,207,2571
5,2,8,5,207,2571
4,0,8,5,207,2571
4,3,8,5,207,2571
8,1,8,5,207,2571
7,0,8,5,207,2571
7,2,8,5,207,2571
6,0,8,5,207,2571
6,3,8,5,207,2571
5,1,8,5,207,2571
5,4,8,5,207,2571
9,1,8,5,207,2571
9,0,8,5,207,2571
9,2,8,5,207,2571
8,0,8,5,207,2571
8,3,8,5,207,2571
7,1,8,5,207,2571
7,4,8,5,207,2571
6,2,8,5,207,2571
6,5,8,5,207,2571
8,2,8,5,207,2571
9,3,8,5,207,2571
9,4,8,5,207,2571
8,5,8,5,207,2571
7,3,8,5,207,2571
7,6,8,5,207,2571
4,3,8,5,208,1650
6,3,8,5,208,1650
5,2,8,5,208,1650
5,4,8,5,208,1650
8,3,8,5,208,1650
7,2,8,5,208,1650
7,4,8,5,208,1650
6,1,8,5,208,1650
6,5,8,5,208,1650
9,3,8,5,208,1650
9,2,8,5,208,1650
9,4,8,5,208,1650
8,1,8,5,208,1650
8,5,8,5,208,1650
7,0,8,5,208,1650
7,6,8,5,208,1650
0,1,8,3,209,3003
2,1,8,3,209,3003
1,0,8,3,209,3003
1,2,8,3,209,3003
4,1,8,3,209,3003
3,0,8,3,209,3003
3,2,8,3,209,3003
2,0,8,3,209,3003
2,3,8,3,209,3003
6,1,8,3,209,3003
5,0,8,3,209,3003
5,2,8,3,209,3003
4,0,8,3,209,3003
4,3,8,3,209,3003
3,1,8,3,209,3003
3,4,8,3,209,3003
8,1,8,3,209,3003
7,0,8,3,209,3003
7,2,8,3,209,3003
6,0,8,3,209,3003
6,3,8,3,209,3003
5,1,8,3,209,3003
5,4,8,3,209,3003
4,2,8,3,209,3003
4,5,8,3,209,3003
9,1,8,3,209,3003
9,0,8,3,209,3003
9,2,8,3,209,3003
8,0,8,3,209,3003
8,3,8,3,209,3003
7,1,8,3,209,3003
7,4,8,3,209,3003
6,2,8,3,209,3003
6,5,8,3,209,3003
5,3,8,3,209,3003
5,6,8,3,209,3003
8,2,8,3,209,3003
9,3,8,3,209,3003
9,4,8,3,209,3003
8,5,8,3,209,3003
7,3,8,3,209,3003
7,6,8,3,209,3003
6,4,8,3,209,3003
6,7,8,3,209,3003
2,3,8,5,210,2128
4,3,8,5,210,2128
3,2,8,5,210,2128
3,4,8,5,210,2128
6,3,8,5,210,2128
5,2,8,5,210,2128
5,4,8,5,210,2128
4,1,8,5,210,2128
4,5,8,5,210,2128
8,3,8,5,210,2128
7,2,8,5,210,2128
7,4,8,5,210,2128
6,1,8,5,210,2128
6,5,8,5,210,2128
5,0,8,5,210,2128
5,6,8,5,210,2128
9,3,8,5,210,2128
9,2,8,5,210,2128
9,4,8,5,210,2128
8,1,8,5,210,2128
8,5,8,5,210,2128
7,0,8,5,210,2128
7,6,8,5,210,2128
6,0,8,5,210,2128
6,7,8,5,210,2128
3,4,8,3,103,1650
5,4,8,3,103,1650
4,3,8,3,103,1650
4,5,8,3,103,1650
7,4,8,3,103,1650
6,3,8,3,103,1650
6,5,8,3,103,1650
5,2,8,3,103,1650
5,6,8,3,103,1650
9,4,8,3,103,1650
8,3,8,3,103,1650
8,5,8,3,103,1650
7,2,8,3,103,1650
7,6,8,3,103,1650
6,1,8,3,103,1650
6,7,8,3,103,1650
0,3,8,5,211,2574
2,3,8,5,211,2574
1,2,8,5,211,2574
1,4,8,5,211,2574
4,3,8,5,211,2574
3,2,8,5,211,2574
3,4,8,5,211,2574
2,1,8,5,211,2574
2,5,8,5,211,2574
6,3,8,5,211,2574
5,2,8,5,211,2574
5,4,8,5,211,2574
4,1,8,5,211,2574
4,5,8,5,211,2574
3,0,8,5,211,2574
3,6,8,5,211,2574
8,3,8,5,211,2574
7,2,8,5,211,2574
7,4,8,5,211,2574
6,1,8,5,211,2574
6,5,8,5,211,2574
5,0,8,5,211,2574
5,6,8,5,211,2574
4,0,8,5,211,2574
4,7,8,5,211,2574
9,3,8,5,211,2574
9,2,8,5,211,2574
9,4,8,5,211,2574
8,1,8,5,211,2574
8,5,8,5,211,2574
7,0,8,5,211,2574
7,6,8,5,211,2574
6,0,8,5,211,2574
6,7,8,5,211,2574
5,1,8,5,211,2574
5,8,8,5,211,2574
1,4,8,3,175,2127
3,4,8,3,175,2127
2,3,8,3,175,2127
2,5,8,3,175,2127
5,4,8,3,175,2127
4,3,8,3,175,2127
4,5,8,3,175,2127
3,2,8,3,175,2127
3,6,8,3,175,2127
7,4,8,3,175,2127
6,3,8,3,175,2127
6,5,8,3,175,2127
5,2,8,3,175,2127
5,6,8,3,175,2127
4,1,8,3,175,2127
4,7,8,3,175,2127
9,4,8,3,175,2127
8,3,8,3,175,2127
8,5,8,3,175,2127
7,2,8,3,175,2127
7,6,8,3,175,2127
6,1,8,3,175,2127
6,7,8,3,175,2127
5,0,8,3,175,2127
5,8,8,3,175,2127
2,5,6,3,176,1650
4,5,6,3,176,1650
3,4,6,3,176,1650
3,6,6,3,176,1650
6,5,6,3,176,1650
5,4,6,3,176,1650
5,6,6,3,176,1650
4,3,6,3,176,1650
4,7,6,3,176,1650
8,5,6,3,176,1650
7,4,6,3,176,1650
7,6,6,3,176,1650
6,3,6,3,176,1650
6,7,6,3,176,1650
5,2,6,3,176,1650
5,8,6,3,176,1650
0,1,8,3,212,3766
1,1,8,3,212,3766
0,0,8,3,212,3766
0,2,8,3,212,3766
2,1,8,3,212,3766
1,0,8,3,212,3766
1,2,8,3,212,3766
0,3,8,3,212,3766
3,1,8,3,212,3766
2,0,8,3,212,3766
2,2,8,3,212,3766
1,3,8,3,212,3766
0,4,8,3,212,3766
4,1,8,3,212,3766
3,0,8,3,212,3766
3,2,8,3,212,3766
2,3,8,3,212,3766
1,4,8,3,212,3766
0,5,8,3,212,3766
6,1,8,3,212,3766
5,0,8,3,212,3766
5,2,8,3,212,3766
4,0,8,3,212,3766
4,3,8,3,212,3766
3,4,8,3,212,3766
2,5,8,3,212,3766
1,6,8,3,212,3766
8,1,8,3,212,3766
7,0,8,3,212,3766
7,2,8,3,212,3766
6,0,8,3,212,3766
6,3,8,3,212,3766
5,1,8,3,212,3766
5,4,8,3,212,3766
4,2,8,3,212,3766
4,5,8,3,212,3766
3,3,8,3,212,3766
3,6,8,3,212,3766
2,4,8,3,212,3766
2,7,8,3,212,3766
9,1,8,3,212,3766
9,0,8,3,212,3766
9,2,8,3,212,3766
8,0,8,3,212,3766
8,3,8,3,212,3766
7,1,8,3,212,3766
7,4,8,3,212,3766
6,2,8,3,212,3766
6,5,8,3,212,3766
5,3,8,3,212,3766
5,6,8,3,212,3766
4,4,8,3,212,3766
4,7,8,3,212,3766
3,5,8,3,212,3766
3,8,8,3,212,3766
8,2,8,3,212,3766
9,3,8,3,212,3766
9,4,8,3,212,3766
8,5,8,3,212,3766
7,3,8,3,212,3766
7,6,8,3,212,3766
6,4,8,3,212,3766
6,7,8,3,212,3766
5,5,8,3,212,3766
5,8,8,3,212,3766
4,6,8,3,212,3766
4,9,8,3,212,3766
0,2,8,1,213,3387
1,2,8,1,213,3387
0,1,8,1,213,3387
0,3,8,1,213,3387
2,2,8,1,213,3387
1,1,8,1,213,3387
1,3,8,1,213,3387
0,0,8,1,213,3387
0,4,8,1,213,3387
3,2,8,1,213,3387
2,1,8,1,213,3387
2,3,8,1,213,3387
1,0,8,1,213,3387
1,4,8,1,213,3387
0,5,8,1,213,3387
5,2,8,1,213,3387
4,1,8,1,213,3387
4,3,8,1,213,3387
3,0,8,1,213,3387
3,4,8,1,213,3387
2,0,8,1,213,3387
2,5,8,1,213,3387
1,6,8,1,213,3387
7,2,8,1,213,3387
6,1,8,1,213,3387
6,3,8,1,213,3387
5,0,8,1,213,3387
5,4,8,1,213,3387
4,0,8,1,213,3387
4,5,8,1,213,3387
3,1,8,1,213,3387
3,6,8,1,213,3387
2,7,8,1,213,3387
9,2,8,1,213,3387
8,1,8,1,213,3387
8,3,8,1,213,3387
7,0,8,1,213,3387
7,4,8,1,213,3387
6,0,8,1,213,3387
6,5,8,1,213,3387
5,1,8,1,213,3387
5,6,8,1,213,3387
4,2,8,1,213,3387
4,7,8,1,213,3387
3,3,8,1,213,3387
3,8,8,1,213,3387
8,2,8,1,213,3387
9,1,8,1,213,3387
9,3,8,1,213,3387
9,0,8,1,213,3387
9,4,8,1,213,3387
8,0,8,1,213,3387
8,5,8,1,213,3387
7,1,8,1,213,3387
7,6,8,1,213,3387
6,2,8,1,213,3387
6,7,8,1,213,3387
5,3,8,1,213,3387
5,8,8,1,213,3387
4,4,8,1,213,3387
4,9,8,1,213,3387
0,3,8,5,214,2991
1,3,8,5,214,2991
0,2,8,5,214,2991
0,4,8,5,214,2991
2,3,8,5,214,2991
1,2,8,5,214,2991
1,4,8,5,214,2991
0,1,8,5,214,2991
0,5,8,5,214,2991
4,3,8,5,214,2991
3,2,8,5,214,2991
3,4,8,5,214,2991
2,1,8,5,214,2991
2,5,8,5,214,2991
1,0,8,5,214,2991
1,6,8,5,214,2991
6,3,8,5,214,2991
5,2,8,5,214,2991
5,4,8,5,214,2991
4,1,8,5,214,2991
4,5,8,5,214,2991
3,0,8,5,214,2991
3,6,8,5,214,2991
2,0,8,5,214,2991
2,7,8,5,214,2991
8,3,8,5,214,2991
7,2,8,5,214,2991
7,4,8,5,214,2991
6,1,8,5,214,2991
6,5,8,5,214,2991
5,0,8,5,214,2991
5,6,8,5,214,2991
4,0,8,5,214,2991
4,7,8,5,214,2991
3,1,8,5,214,2991
3,8,8,5,214,2991
9,3,8,5,214,2991
9,2,8,5,214,2991
9,4,8,5,214,2991
8,1,8,5,214,2991
8,5,8,5,214,2991
7,0,8,5,214,2991
7,6,8,5,214,2991
6,0,8,5,214,2991
6,7,8,5,214,2991
5,1,8,5,214,2991
5,8,8,5,214,2991
4,2,8,5,214,2991
4,9,8,5,214,2991
0,4,8,3,215,2571
1,4,8,3,215,2571
0,3,8,3,215,2571
0,5,8,3,215,2571
3,4,8,3,215,2571
2,3,8,3,215,2571
2,5,8,3,215,2571
1,2,8,3,215,2571
1,6,8,3,215,2571
5,4,8,3,215,2571
4,3,8,3,215,2571
4,5,8,3,215,2571
3,2,8,3,215,2571
3,6,8,3,215,2571
2,1,8,3,215,2571
2,7,8,3,215,2571
7,4,8,3,215,2571
6,3,8,3,215,2571
6,5,8,3,215,2571
5,2,8,3,215,2571
5,6,8,3,215,2571
4,1,8,3,215,2571
4,7,8,3,215,2571
3,0,8,3,215,2571
3,8,8,3,215,2571
9,4,8,3,215,2571
8,3,8,3,215,2571
8,5,8,3,215,2571
7,2,8,3,215,2571
7,6,8,3,215,2571
6,1,8,3,215,2571
6,7,8,3,215,2571
5,0,8,3,215,2571
5,8,8,3,215,2571
4,0,8,3,215,2571
4,9,8,3,215,2571
0,5,6,3,216,2128
2,5,6,3,216,2128
1,4,6,3,216,2128
1,6,6,3,216,2128
4,5,6,3,216,2128
3,4,6,3,216,2128
3,6,6,3,216,2128
2,3,6,3,216,2128
2,7,6,3,216,2128
6,5,6,3,216,2128
5,4,6,3,216,2128
5,6,6,3,216,2128
4,3,6,3,216,2128
4,7,6,3,216,2128
3,2,6,3,216,2128
3,8,6,3,216,2128
8,5,6,3,216,2128
7,4,6,3,216,2128
7,6,6,3,216,2128
6,3,6,3,216,2128
6,7,6,3,216,2128
5,2,6,3,216,2128
5,8,6,3,216,2128
4,1,6,3,216,2128
4,9,6,3,216,2128
0,4,8,3,217,2986
1,4,8,3,217,2986
0,3,8,3,217,2986
0,5,8,3,217,2986
2,4,8,3,217,2986
1,3,8,3,217,2986
1,5,8,3,217,2986
0,2,8,3,217,2986
0,6,8,3,217,2986
3,4,8,3,217,2986
2,3,8,3,217,2986
2,5,8,3,217,2986
1,2,8,3,217,2986
1,6,8,3,217,2986
0,1,8,3,217,2986
0,7,8,3,217,2986
5,4,8,3,217,2986
4,3,8,3,217,2986
4,5,8,3,217,2986
3,2,8,3,217,2986
3,6,8,3,217,2986
2,1,8,3,217,2986
2,7,8,3,217,2986
1,0,8,3,217,2986
1,8,8,3,217,2986
7,4,8,3,217,2986
6,3,8,3,217,2986
6,5,8,3,217,2986
5,2,8,3,217,2986
5,6,8,3,217,2986
4,1,8,3,217,2986
4,7,8,3,217,2986
3,0,8,3,217,2986
3,8,8,3,217,2986
2,0,8,3,217,2986
2,9,8,3,217,2986
9,4,8,3,217,2986
8,3,8,3,217,2986
8,5,8,3,217,2986
7,2,8,3,217,2986
7,6,8,3,217,2986
6,1,8,3,217,2986
6,7,8,3,217,2986
5,0,8,3,217,2986
5,8,8,3,217,2986
4,0,8,3,217,2986
4,9,8,3,217,2986
3,1,8,3,217,2986
3,9,8,3,217,2986
0,7,6,7,218,1646
2,7,6,7,218,1646
1,6,6,7,218,1646
1,8,6,7,218,1646
4,7,6,7,218,1646
3,6,6,7,218,1646
3,8,6,7,218,1646
2,5,6,7,218,1646
2,9,6,7,218,1646
6,7,6,7,218,1646
5,6,6,7,218,1646
5,8,6,7,218,1646
4,5,6,7,218,1646
4,9,6,7,218,1646
3,4,6,7,218,1646
3,9,6,7,218,1646
0,1,8,3,219,4430
1,1,8,3,219,4430
0,0,8,3,219,4430
0,2,8,3,219,4430
2,1,8,3,219,4430
1,0,8,3,219,4430
1,2,8,3,219,4430
0,3,8,3,219,4430
3,1,8,3,219,4430
2,0,8,3,219,4430
2,2,8,3,219,4430
1,3,8,3,219,4430
0,4,8,3,219,4430
4,1,8,3,219,4430
3,0,8,3,219,4430
3,2,8,3,219,4430
2,3,8,3,219,4430
1,4,8,3,219,4430
0,5,8,3,219,4430
5,1,8,3,219,4430
4,0,8,3,219,4430
4,2,8,3,219,4430
3,3,8,3,219,4430
2,4,8,3,219,4430
1,5,8,3,219,4430
0,6,8,3,219,4430
6,1,8,3,219,4430
5,0,8,3,219,4430
5,2,8,3,219,4430
4,3,8,3,219,4430
3,4,8,3,219,4430
2,5,8,3,219,4430
1,6,8,3,219,4430
0,7,8,3,219,4430
7,1,8,3,219,4430
6,0,8,3,219,4430
6,2,8,3,219,4430
5,3,8,3,219,4430
4,4,8,3,219,4430
3,5,8,3,219,4430
2,6,8,3,219,4430
1,7,8,3,219,4430
0,8,8,3,219,4430
8,1,8,3,219,4430
7,0,8,3,219,4430
7,2,8,3,219,4430
6,3,8,3,219,4430
5,4,8,3,219,4430
4,5,8,3,219,4430
3,6,8,3,219,4430
2,7,8,3,219,4430
1,8,8,3,219,4430
0,9,8,3,219,4430
9,1,8,3,219,4430
9,0,8,3,219,4430
9,2,8,3,219,4430
8,0,8,3,219,4430
8,3,8,3,219,4430
7,4,8,3,219,4430
6,5,8,3,219,4430
5,6,8,3,219,4430
4,7,8,3,219,4430
3,8,8,3,219,4430
2,9,8,3,219,4430
1,9,8,3,219,4430
8,2,8,3,219,4430
9,3,8,3,219,4430
9,4,8,3,219,4430
8,5,8,3,219,4430
7,3,8,3,219,4430
7,6,8,3,219,4430
6,4,8,3,219,4430
6,7,8,3,219,4430
5,5,8,3,219,4430
5,8,8,3,219,4430
4,6,8,3,219,4430
4,9,8,3,219,4430
3,7,8,3,219,4430
3,9,8,3,219,4430
2,8,8,3,219,4430
0,2,7,0,220,4079
1,2,7,0,220,4079
0,1,7,0,220,4079
0,3,7,0,220,4079
2,2,7,0,220,4079
1,1,7,0,220,4079
1,3,7,0,220,4079
0,0,7,0,220,4079
0,4,7,0,220,4079
3,2,7,0,220,4079
2,1,7,0,220,4079
2,3,7,0,220,4079
1,0,7,0,220,4079
1,4,7,0,220,4079
0,5,7,0,220,4079
4,2,7,0,220,4079
3,1,7,0,220,4079
3,3,7,0,220,4079
2,0,7,0,220,4079
2,4,7,0,220,4079
1,5,7,0,220,4079
0,6,7,0,220,4079
5,2,7,0,220,4079
4,1,7,0,220,4079
4,3,7,0,220,4079
3,0,7,0,220,4079
3,4,7,0,220,4079
2,5,7,0,220,4079
1,6,7,0,220,4079
0,7,7,0,220,4079
6,2,7,0,220,4079
5,1,7,0,220,4079
5,3,7,0,220,4079
4,0,7,0,220,4079
4,4,7,0,220,4079
3,5,7,0,220,4079
2,6,7,0,220,4079
1,7,7,0,220,4079
0,8,7,0,220,4079
7,2,7,0,220,4079
6,1,7,0,220,4079
6,3,7,0,220,4079
5,0,7,0,220,4079
5,4,7,0,220,4079
4,5,7,0,220,4079
3,6,7,0,220,4079
2,7,7,0,220,4079
1,8,7,0,220,4079
0,9,7,0,220,4079
9,2,7,0,220,4079
8,1,7,0,220,4079
8,3,7,0,220,4079
7,0,7,0,220,4079
7,4,7,0,220,4079
6,0,7,0,220,4079
6,5,7,0,220,4079
5,6,7,0,220,4079
4,7,7,0,220,4079
3,8,7,0,220,4079
2,9,7,0,220,4079
1,9,7,0,220,4079
8,2,7,0,220,4079
9,1,7,0,220,4079
9,3,7,0,220,4079
9,0,7,0,220,4079
9,4,7,0,220,4079
8,0,7,0,220,4079
8,5,7,0,220,4079
7,1,7,0,220,4079
7,6,7,0,220,4079
6,7,7,0,220,4079
5,8,7,0,220,4079
4,9,7,0,220,4079
3,9,7,0,220,4079
2,8,7,0,220,4079
0,5,1,2,221,2997
1,5,1,2,221,2997
0,4,1,2,221,2997
0,6,1,2,221,2997
2,5,1,2,221,2997
1,4,1,2,221,2997
1,6,1,2,221,2997
0,3,1,2,221,2997
0,7,1,2,221,2997
3,5,1,2,221,2997
2,4,1,2,221,2997
2,6,1,2,221,2997
1,3,1,2,221,2997
1,7,1,2,221,2997
0,2,1,2,221,2997
0,8,1,2,221,2997
4,5,1,2,221,2997
3,4,1,2,221,2997
3,6,1,2,221,2997
2,3,1,2,221,2997
2,7,1,2,221,2997
1,2,1,2,221,2997
1,8,1,2,221,2997
0,1,1,2,221,2997
0,9,1,2,221,2997
6,5,1,2,221,2997
5,4,1,2,221,2997
5,6,1,2,221,2997
4,3,1,2,221,2997
4,7,1,2,221,2997
3,2,1,2,221,2997
3,8,1,2,221,2997
2,1,1,2,221,2997
2,9,1,2,221,2997
1,0,1,2,221,2997
1,9,1,2,221,2997
8,5,1,2,221,2997
7,4,1,2,221,2997
7,6,1,2,221,2997
6,3,1,2,221,2997
6,7,1,2,221,2997
5,2,1,2,221,2997
5,8,1,2,221,2997
4,1,1,2,221,2997
4,9,1,2,221,2997
3,0,1,2,221,2997
3,9,1,2,221,2997
2,0,1,2,221,2997
2,8,1,2,221,2997
0,2,8,1,222,4409
1,2,8,1,222,4409
0,1,8,1,222,4409
0,3,8,1,222,4409
2,2,8,1,222,4409
1,1,8,1,222,4409
1,3,8,1,222,4409
0,0,8,1,222,4409
0,4,8,1,222,4409
3,2,8,1,222,4409
2,1,8,1,222,4409
2,3,8,1,222,4409
1,0,8,1,222,4409
1,4,8,1,222,4409
0,5,8,1,222,4409
4,2,8,1,222,4409
3,1,8,1,222,4409
3,3,8,1,222,4409
2,0,8,1,222,4409
2,4,8,1,222,4409
1,5,8,1,222,4409
0,6,8,1,222,4409
5,2,8,1,222,4409
4,1,8,1,222,4409
4,3,8,1,222,4409
3,0,8,1,222,4409
3,4,8,1,222,4409
2,5,8,1,222,4409
1,6,8,1,222,4409
0,7,8,1,222,4409
6,2,8,1,222,4409
5,1,8,1,222,4409
5,3,8,1,222,4409
4,0,8,1,222,4409
4,4,8,1,222,4409
3,5,8,1,222,4409
2,6,8,1,222,4409
1,7,8,1,222,4409
0,8,8,1,222,4409
7,2,8,1,222,4409
6,1,8,1,222,4409
6,3,8,1,222,4409
5,0,8,1,222,4409
5,4,8,1,222,4409
4,5,8,1,222,4409
3,6,8,1,222,4409
2,7,8,1,222,4409
1,8,8,1,222,4409
0,9,8,1,222,4409
8,2,8,1,222,4409
7,1,8,1,222,4409
7,3,8,1,222,4409
6,0,8,1,222,4409
6,4,8,1,222,4409
5,5,8,1,222,4409
4,6,8,1,222,4409
3,7,8,1,222,4409
2,8,8,1,222,4409
1,9,8,1,222,4409
9,2,8,1,222,4409
8,1,8,1,222,4409
8,3,8,1,222,4409
7,0,8,1,222,4409
7,4,8,1,222,4409
6,5,8,1,222,4409
5,6,8,1,222,4409
4,7,8,1,222,4409
3,8,8,1,222,4409
2,9,8,1,222,4409
9,1,8,1,222,4409
9,3,8,1,222,4409
9,0,8,1,222,4409
9,4,8,1,222,4409
8,0,8,1,222,4409
8,5,8,1,222,4409
7,6,8,1,222,4409
6,7,8,1,222,4409
5,8,8,1,222,4409
4,9,8,1,222,4409
3,9,8,1,222,4409
0,3,7,0,223,4084
1,3,7,0,223,4084
0,2,7,0,223,4084
0,4,7,0,223,4084
2,3,7,0,223,4084
1,2,7,0,223,4084
1,4,7,0,223,4084
0,1,7,0,223,4084
0,5,7,0,223,4084
3,3,7,0,223,4084
2,2,7,0,223,4084
2,4,7,0,223,4084
1,1,7,0,223,4084
1,5,7,0,223,4084
0,0,7,0,223,4084
0,6,7,0,223,4084
4,3,7,0,223,4084
3,2,7,0,223,4084
3,4,7,0,223,4084
2,1,7,0,223,4084
2,5,7,0,223,4084
1,0,7,0,223,4084
1,6,7,0,223,4084
0,7,7,0,223,4084
5,3,7,0,223,4084
4,2,7,0,223,4084
4,4,7,0,223,4084
3,1,7,0,223,4084
3,5,7,0,223,4084
2,0,7,0,223,4084
2,6,7,0,223,4084
1,7,7,0,223,4084
0,8,7,0,223,4084
6,3,7,0,223,4084
5,2,7,0,223,4084
5,4,7,0,223,4084
4,1,7,0,223,4084
4,5,7,0,223,4084
3,0,7,0,223,4084
3,6,7,0,223,4084
2,7,7,0,223,4084
1,8,7,0,223,4084
0,9,7,0,223,4084
7,3,7,0,223,4084
6,2,7,0,223,4084
6,4,7,0,223,4084
5,1,7,0,223,4084
5,5,7,0,223,4084
4,0,7,0,223,4084
4,6,7,0,223,4084
3,7,7,0,223,4084
2,8,7,0,223,4084
1,9,7,0,223,4084
8,3,7,0,223,4084
7,2,7,0,223,4084
7,4,7,0,223,4084
6,1,7,0,223,4084
6,5,7,0,223,4084
5,0,7,0,223,4084
5,6,7,0,223,4084
4,7,7,0,223,4084
3,8,7,0,223,4084
2,9,7,0,223,4084
9,3,7,0,223,4084
9,2,7,0,223,4084
9,4,7,0,223,4084
8,1,7,0,223,4084
8,5,7,0,223,4084
7,0,7,0,223,4084
7,6,7,0,223,4084
6,0,7,0,223,4084
6,7,7,0,223,4084
5,8,7,0,223,4084
4,9,7,0,223,4084
3,9,7,0,223,4084
0,4,3,0,224,3757
1,4,3,0,224,3757
0,3,3,0,224,3757
0,5,3,0,224,3757
2,4,3,0,224,3757
1,3,3,0,224,3757
1,5,3,0,224,3757
0,2,3,0,224,3757
0,6,3,0,224,3757
3,4,3,0,224,3757
2,3,3,0,224,3757
2,5,3,0,224,3757
1,2,3,0,224,3757
1,6,3,0,224,3757
0,1,3,0,224,3757
0,7,3,0,224,3757
4,4,3,0,224,3757
3,3,3,0,224,3757
3,5,3,0,224,3757
2,2,3,0,224,3757
2,6,3,0,224,3757
1,1,3,0,224,3757
1,7,3,0,224,3757
0,0,3,0,224,3757
0,8,3,0,224,3757
5,4,3,0,224,3757
4,3,3,0,224,3757
4,5,3,0,224,3757
3,2,3,0,224,3757
3,6,3,0,224,3757
2,1,3,0,224,3757
2,7,3,0,224,3757
1,0,3,0,224,3757
1,8,3,0,224,3757
0,9,3,0,224,3757
6,4,3,0,224,3757
5,3,3,0,224,3757
5,5,3,0,224,3757
4,2,3,0,224,3757
4,6,3,0,224,3757
3,1,3,0,224,3757
3,7,3,0,224,3757
2,0,3,0,224,3757
2,8,3,0,224,3757
1,9,3,0,224,3757
7,4,3,0,224,3757
6,3,3,0,224,3757
6,5,3,0,224,3757
5,2,3,0,224,3757
5,6,3,0,224,3757
4,1,3,0,224,3757
4,7,3,0,224,3757
3,0,3,0,224,3757
3,8,3,0,224,3757
2,9,3,0,224,3757
9,4,3,0,224,3757
8,3,3,0,224,3757
8,5,3,0,224,3757
7,2,3,0,224,3757
7,6,3,0,224,3757
6,1,3,0,224,3757
6,7,3,0,224,3757
5,0,3,0,224,3757
5,8,3,0,224,3757
4,0,3,0,224,3757
4,9,3,0,224,3757
3,9,3,0,224,3757
0,5,1,0,225,3389
1,5,1,0,225,3389
0,4,1,0,225,3389
0,6,1,0,225,3389
2,5,1,0,225,3389
1,4,1,0,225,3389
1,6,1,0,225,3389
0,3,1,0,225,3389
0,7,1,0,225,3389
3,5,1,0,225,3389
2,4,1,0,225,3389
2,6,1,0,225,3389
1,3,1,0,225,3389
1,7,1,0,225,3389
0,2,1,0,225,3389
0,8,1,0,225,3389
4,5,1,0,225,3389
3,4,1,0,225,3389
3,6,1,0,225,3389
2,3,1,0,225,3389
2,7,1,0,225,3389
1,2,1,0,225,3389
1,8,1,0,225,3389
0,1,1,0,225,3389
0,9,1,0,225,3389
5,5,1,0,225,3389
4,4,1,0,225,3389
4,6,1,0,225,3389
3,3,1,0,225,3389
3,7,1,0,225,3389
2,2,1,0,225,3389
2,8,1,0,225,3389
1,1,1,0,225,3389
1,9,1,0,225,3389
0,0,1,0,225,3389
6,5,1,0,225,3389
5,4,1,0,225,3389
5,6,1,0,225,3389
4,3,1,0,225,3389
4,7,1,0,225,3389
3,2,1,0,225,3389
3,8,1,0,225,3389
2,1,1,0,225,3389
2,9,1,0,225,3389
1,0,1,0,225,3389
8,5,1,0,225,3389
7,4,1,0,225,3389
7,6,1,0,225,3389
6,3,1,0,225,3389
6,7,1,0,225,3389
5,2,1,0,225,3389
5,8,1,0,225,3389
4,1,1,0,225,3389
4,9,1,0,225,3389
3,0,1,0,225,3389
3,9,1,0,225,3389
2,0,1,0,225,3389
0,6,1,2,226,2997
1,6,1,2,226,2997
0,5,1,2,226,2997
0,7,1,2,226,2997
2,6,1,2,226,2997
1,5,1,2,226,2997
1,7,1,2,226,2997
0,4,1,2,226,2997
0,8,1,2,226,2997
3,6,1,2,226,2997
2,5,1,2,226,2997
2,7,1,2,226,2997
1,4,1,2,226,2997
1,8,1,2,226,2997
0,3,1,2,226,2997
0,9,1,2,226,2997
4,6,1,2,226,2997
3,5,1,2,226,2997
3,7,1,2,226,2997
2,4,1,2,226,2997
2,8,1,2,226,2997
1,3,1,2,226,2997
1,9,1,2,226,2997
0,2,1,2,226,2997
5,6,1,2,226,2997
4,5,1,2,226,2997
4,7,1,2,226,2997
3,4,1,2,226,2997
3,8,1,2,226,2997
2,3,1,2,226,2997
2,9,1,2,226,2997
1,2,1,2,226,2997
0,1,1,2,226,2997
7,6,1,2,226,2997
6,5,1,2,226,2997
6,7,1,2,226,2997
5,4,1,2,226,2997
5,8,1,2,226,2997
4,3,1,2,226,2997
4,9,1,2,226,2997
3,2,1,2,226,2997
3,9,1,2,226,2997
2,1,1,2,226,2997
1,0,1,2,226,2997
0,7,0,3,227,2571
1,7,0,3,227,2571
0,6,0,3,227,2571
0,8,0,3,227,2571
2,7,0,3,227,2571
1,6,0,3,227,2571
1,8,0,3,227,2571
0,5,0,3,227,2571
0,9,0,3,227,2571
3,7,0,3,227,2571
2,6,0,3,227,2571
2,8,0,3,227,2571
1,5,0,3,227,2571
1,9,0,3,227,2571
0,4,0,3,227,2571
4,7,0,3,227,2571
3,6,0,3,227,2571
3,8,0,3,227,2571
2,5,0,3,227,2571
2,9,0,3,227,2571
1,4,0,3,227,2571
0,3,0,3,227,2571
6,7,0,3,227,2571
5,6,0,3,227,2571
5,8,0,3,227,2571
4,5,0,3,227,2571
4,9,0,3,227,2571
3,4,0,3,227,2571
3,9,0,3,227,2571
2,3,0,3,227,2571
1,2,0,3,227,2571
0,8,0,5,228,2126
1,8,0,5,228,2126
0,7,0,5,228,2126
0,9,0,5,228,2126
2,8,0,5,228,2126
1,7,0,5,228,2126
1,9,0,5,228,2126
0,6,0,5,228,2126
3,8,0,5,228,2126
2,7,0,5,228,2126
2,9,0,5,228,2126
1,6,0,5,228,2126
0,5,0,5,228,2126
5,8,0,5,228,2126
4,7,0,5,228,2126
4,9,0,5,228,2126
3,6,0,5,228,2126
3,9,0,5,228,2126
2,5,0,5,228,2126
1,4,0,5,228,2126
0,9,0,7,229,1651
1,9,0,7,229,1651
0,8,0,7,229,1651
2,9,0,7,229,1651
1,8,0,7,229,1651
0,7,0,7,229,1651
4,9,0,7,229,1651
3,8,0,7,229,1651
3,9,0,7,229,1651
2,7,0,7,229,1651
2,8,0,7,229,1651
1,6,0,7,229,1651
1,7,0,7,229,1651
0,2,8,1,230,4705
1,2,8,1,230,4705
0,1,8,1,230,4705
0,3,8,1,230,4705
2,2,8,1,230,4705
1,1,8,1,230,4705
1,3,8,1,230,4705
0,0,8,1,230,4705
0,4,8,1,230,4705
3,2,8,1,230,4705
2,1,8,1,230,4705
2,3,8,1,230,4705
1,0,8,1,230,4705
1,4,8,1,230,4705
0,5,8,1,230,4705
4,2,8,1,230,4705
3,1,8,1,230,4705
3,3,8,1,230,4705
2,0,8,1,230,4705
2,4,8,1,230,4705
1,5,8,1,230,4705
0,6,8,1,230,4705
5,2,8,1,230,4705
4,1,8,1,230,4705
4,3,8,1,230,4705
3,0,8,1,230,4705
3,4,8,1,230,4705
2,5,8,1,230,4705
1,6,8,1,230,4705
0,7,8,1,230,4705
6,2,8,1,230,4705
5,1,8,1,230,4705
5,3,8,1,230,4705
4,0,8,1,230,4705
4,4,8,1,230,4705
3,5,8,1,230,4705
2,6,8,1,230,4705
1,7,8,1,230,4705
0,8,8,1,230,4705
7,2,8,1,230,4705
6,1,8,1,230,4705
6,3,8,1,230,4705
5,0,8,1,230,4705
5,4,8,1,230,4705
4,5,8,1,230,4705
3,6,8,1,230,4705
2,7,8,1,230,4705
1,8,8,1,230,4705
0,9,8,1,230,4705
8,2,8,1,230,4705
7,1,8,1,230,4705
7,3,8,1,230,4705
6,0,8,1,230,4705
6,4,8,1,230,4705
5,5,8,1,230,4705
4,6,8,1,230,4705
3,7,8,1,230,4705
2,8,8,1,230,4705
1,9,8,1,230,4705
9,2,8,1,230,4705
8,1,8,1,230,4705
8,3,8,1,230,4705
7,0,8,1,230,4705
7,4,8,1,230,4705
6,5,8,1,230,4705
5,6,8,1,230,4705
4,7,8,1,230,4705
3,8,8,1,230,4705
2,9,8,1,230,4705
9,1,8,1,230,4705
9,3,8,1,230,4705
8,0,8,1,230,4705
8,4,8,1,230,4705
7,5,8,1,230,4705
6,6,8,1,230,4705
5,7,8,1,230,4705
4,8,8,1,230,4705
3,9,8,1,230,4705
9,0,8,1,230,4705
9,4,8,1,230,4705
8,5,8,1,230,4705
7,6,8,1,230,4705
6,7,8,1,230,4705
5,8,8,1,230,4705
4,9,8,1,230,4705
0,3,7,0,231,4410
1,3,7,0,231,4410
0,2,7,0,231,4410
0,4,7,0,231,4410
2,3,7,0,231,4410
1,2,7,0,231,4410
1,4,7,0,231,4410
0,1,7,0,231,4410
0,5,7,0,231,4410
3,3,7,0,231,4410
2,2,7,0,231,4410
2,4,7,0,231,4410
1,1,7,0,231,4410
1,5,7,0,231,4410
0,0,7,0,231,4410
0,6,7,0,231,4410
4,3,7,0,231,4410
3,2,7,0,231,4410
3,4,7,0,231,4410
2,1,7,0,231,4410
2,5,7,0,231,4410
1,0,7,0,231,4410
1,6,7,0,231,4410
0,7,7,0,231,4410
5,3,7,0,231,4410
4,2,7,0,231,4410
4,4,7,0,231,4410
3,1,7,0,231,4410
3,5,7,0,231,4410
2,0,7,0,231,4410
2,6,7,0,231,4410
1,7,7,0,231,4410
0,8,7,0,231,4410
6,3,7,0,231,4410
5,2,7,0,231,4410
5,4,7,0,231,4410
4,1,7,0,231,4410
4,5,7,0,231,4410
3,0,7,0,231,4410
3,6,7,0,231,4410
2,7,7,0,231,4410
1,8,7,0,231,4410
0,9,7,0,231,4410
7,3,7,0,231,4410
6,2,7,0,231,4410
6,4,7,0,231,4410
5,1,7,0,231,4410
5,5,7,0,231,4410
4,0,7,0,231,4410
4,6,7,0,231,4410
3,7,7,0,231,4410
2,8,7,0,231,4410
1,9,7,0,231,4410
8,3,7,0,231,4410
7,2,7,0,231,4410
7,4,7,0,231,4410
6,1,7,0,231,4410
6,5,7,0,231,4410
5,0,7,0,231,4410
5,6,7,0,231,4410
4,7,7,0,231,4410
3,8,7,0,231,4410
2,9,7,0,231,4410
9,3,7,0,231,4410
8,2,7,0,231,4410
8,4,7,0,231,4410
7,1,7,0,231,4410
7,5,7,0,231,4410
6,0,7,0,231,4410
6,6,7,0,231,4410
5,7,7,0,231,4410
4,8,7,0,231,4410
3,9,7,0,231,4410
9,2,7,0,231,4410
9,4,7,0,231,4410
8,1,7,0,231,4410
8,5,7,0,231,4410
7,0,7,0,231,4410
7,6,7,0,231,4410
6,7,7,0,231,4410
5,8,7,0,231,4410
4,9,7,0,231,4410
0,4,5,0,232,4103
1,4,5,0,232,4103
0,3,5,0,232,4103
0,5,5,0,232,4103
2,4,5,0,232,4103
1,3,5,0,232,4103
1,5,5,0,232,4103
0,2,5,0,232,4103
0,6,5,0,232,4103
3,4,5,0,232,4103
2,3,5,0,232,4103
2,5,5,0,232,4103
1,2,5,0,232,4103
1,6,5,0,232,4103
0,1,5,0,232,4103
0,7,5,0,232,4103
4,4,5,0,232,4103
3,3,5,0,232,4103
3,5,5,0,232,4103
2,2,5,0,232,4103
2,6,5,0,232,4103
1,1,5,0,232,4103
1,7,5,0,232,4103
0,0,5,0,232,4103
0,8,5,0,232,4103
5,4,5,0,232,4103
4,3,5,0,232,4103
4,5,5,0,232,4103
3,2,5,0,232,4103
3,6,5,0,232,4103
2,1,5,0,232,4103
2,7,5,0,232,4103
1,0,5,0,232,4103
1,8,5,0,232,4103
0,9,5,0,232,4103
6,4,5,0,232,4103
5,3,5,0,232,4103
5,5,5,0,232,4103
4,2,5,0,232,4103
4,6,5,0,232,4103
3,1,5,0,232,4103
3,7,5,0,232,4103
2,0,5,0,232,4103
2,8,5,0,232,4103
1,9,5,0,232,4103
7,4,5,0,232,4103
6,3,5,0,232,4103
6,5,5,0,232,4103
5,2,5,0,232,4103
5,6,5,0,232,4103
4,1,5,0,232,4103
4,7,5,0,232,4103
3,0,5,0,232,4103
3,8,5,0,232,4103
2,9,5,0,232,4103
8,4,5,0,232,4103
7,3,5,0,232,4103
7,5,5,0,232,4103
6,2,5,0,232,4103
6,6,5,0,232,4103
5,1,5,0,232,4103
5,7,5,0,232,4103
4,0,5,0,232,4103
4,8,5,0,232,4103
3,9,5,0,232,4103
9,4,5,0,232,4103
8,3,5,0,232,4103
8,5,5,0,232,4103
7,2,5,0,232,4103
7,6,5,0,232,4103
6,1,5,0,232,4103
6,7,5,0,232,4103
5,0,5,0,232,4103
5,8,5,0,232,4103
4,9,5,0,232,4103
0,5,3,0,233,3764
1,5,3,0,233,3764
0,4,3,0,233,3764
0,6,3,0,233,3764
2,5,3,0,233,3764
1,4,3,0,233,3764
1,6,3,0,233,3764
0,3,3,0,233,3764
0,7,3,0,233,3764
3,5,3,0,233,3764
2,4,3,0,233,3764
2,6,3,0,233,3764
1,3,3,0,233,3764
1,7,3,0,233,3764
0,2,3,0,233,3764
0,8,3,0,233,3764
4,5,3,0,233,3764
3,4,3,0,233,3764
3,6,3,0,233,3764
2,3,3,0,233,3764
2,7,3,0,233,3764
1,2,3,0,233,3764
1,8,3,0,233,3764
0,1,3,0,233,3764
0,9,3,0,233,3764
5,5,3,0,233,3764
4,4,3,0,233,3764
4,6,3,0,233,3764
3,3,3,0,233,3764
3,7,3,0,233,3764
2,2,3,0,233,3764
2,8,3,0,233,3764
1,1,3,0,233,3764
1,9,3,0,233,3764
0,0,3,0,233,3764
6,5,3,0,233,3764
5,4,3,0,233,3764
5,6,3,0,233,3764
4,3,3,0,233,3764
4,7,3,0,233,3764
3,2,3,0,233,3764
3,8,3,0,233,3764
2,1,3,0,233,3764
2,9,3,0,233,3764
1,0,3,0,233,3764
7,5,3,0,233,3764
6,4,3,0,233,3764
6,6,3,0,233,3764
5,3,3,0,233,3764
5,7,3,0,233,3764
4,2,3,0,233,3764
4,8,3,0,233,3764
3,1,3,0,233,3764
3,9,3,0,233,3764
2,0,3,0,233,3764
8,5,3,0,233,3764
7,4,3,0,233,3764
7,6,3,0,233,3764
6,3,3,0,233,3764
6,7,3,0,233,3764
5,2,3,0,233,3764
5,8,3,0,233,3764
4,1,3,0,233,3764
4,9,3,0,233,3764
3,0,3,0,233,3764
0,7,0,3,234,2845
1,7,0,3,234,2845
0,6,0,3,234,2845
0,8,0,3,234,2845
2,7,0,3,234,2845
1,6,0,3,234,2845
1,8,0,3,234,2845
0,5,0,3,234,2845
0,9,0,3,234,2845
3,7,0,3,234,2845
2,6,0,3,234,2845
2,8,0,3,234,2845
1,5,0,3,234,2845
1,9,0,3,234,2845
0,4,0,3,234,2845
4,7,0,3,234,2845
3,6,0,3,234,2845
3,8,0,3,234,2845
2,5,0,3,234,2845
2,9,0,3,234,2845
1,4,0,3,234,2845
0,3,0,3,234,2845
5,7,0,3,234,2845
4,6,0,3,234,2845
4,8,0,3,234,2845
3,5,0,3,234,2845
3,9,0,3,234,2845
2,4,0,3,234,2845
1,3,0,3,234,2845
0,2,0,3,234,2845
6,7,0,3,234,2845
5,6,0,3,234,2845
5,8,0,3,234,2845
4,5,0,3,234,2845
4,9,0,3,234,2845
3,4,0,3,234,2845
2,3,0,3,234,2845
1,2,0,3,234,2845
0,1,0,3,234,2845
0,8,0,5,235,2420
1,8,0,5,235,2420
0,7,0,5,235,2420
0,9,0,5,235,2420
2,8,0,5,235,2420
1,7,0,5,235,2420
1,9,0,5,235,2420
0,6,0,5,235,2420
3,8,0,5,235,2420
2,7,0,5,235,2420
2,9,0,5,235,2420
1,6,0,5,235,2420
0,5,0,5,235,2420
4,8,0,5,235,2420
3,7,0,5,235,2420
3,9,0,5,235,2420
2,6,0,5,235,2420
1,5,0,5,235,2420
0,4,0,5,235,2420
5,8,0,5,235,2420
4,7,0,5,235,2420
4,9,0,5,235,2420
3,6,0,5,235,2420
2,5,0,5,235,2420
1,4,0,5,235,2420
0,3,0,5,235,2420
0,9,1,6,236,2133
1,9,1,6,236,2133
0,8,1,6,236,2133
2,9,1,6,236,2133
1,8,1,6,236,2133
0,7,1,6,236,2133
3,9,1,6,236,2133
2,8,1,6,236,2133
1,7,1,6,236,2133
0,6,1,6,236,2133
4,9,1,6,236,2133
3,8,1,6,236,2133
2,7,1,6,236,2133
1,6,1,6,236,2133
0,5,1,6,236,2133
8,3,9,4,237,588
9,3,9,4,237,588
9,2,9,4,237,588
9,4,9,4,237,588
6,3,8,5,166,1136
8,3,8,5,166,1136
7,2,8,5,166,1136
7,4,8,5,166,1136
9,3,8,5,166,1136
9,2,8,5,166,1136
9,4,8,5,166,1136
8,1,8,5,166,1136
8,5,8,5,166,1136
7,4,8,5,97,588
9,4,8,5,97,588
8,3,8,5,97,588
8,5,8,5,97,588
6,5,7,6,97,588
8,5,7,6,97,588
7,4,7,6,97,588
7,6,7,6,97,588
5,6,6,7,97,588
7,6,6,7,97,588
6,5,6,7,97,588
6,7,6,7,97,588
4,7,6,7,54,588
6,7,6,7,54,588
5,6,6,7,54,588
5,8,6,7,54,588
2,7,6,7,76,1136
4,7,6,7,76,1136
3,6,6,7,76,1136
3,8,6,7,76,1136
6,7,6,7,76,1136
5,6,6,7,76,1136
5,8,6,7,76,1136
4,5,6,7,76,1136
4,9,6,7,76,1136
3,8,4,7,6,588
5,8,4,7,6,588
4,7,4,7,6,588
4,9,4,7,6,588
1,8,4,7,238,1138
3,8,4,7,238,1138
2,7,4,7,238,1138
2,9,4,7,238,1138
5,8,4,7,238,1138
4,7,4,7,238,1138
4,9,4,7,238,1138
3,6,4,7,238,1138
3,9,4,7,238,1138
0,9,0,9,239,1136
2,9,0,9,239,1136
1,8,0,9,239,1136
1,9,0,9,239,1136
4,9,0,9,239,1136
3,8,0,9,239,1136
3,9,0,9,239,1136
2,7,0,9,239,1136
2,8,0,9,239,1136
9,4,9,4,0,0
8,5,8,5,0,0
7,6,7,6,0,0
6,7,6,7,0,0
5,8,5,8,0,0
4,9,4,9,0,0
0,0,9,5,240,4433
1,0,9,5,240,4433
0,1,9,5,240,4433
2,0,9,5,240,4433
1,1,9,5,240,4433
0,2,9,5,240,4433
3,0,9,5,240,4433
2,1,9,5,240,4433
1,2,9,5,240,4433
0,3,9,5,240,4433
4,0,9,5,240,4433
3,1,9,5,240,4433
2,2,9,5,240,4433
1,3,9,5,240,4433
0,4,9,5,240,4433
5,0,9,5,240,4433
4,1,9,5,240,4433
3,2,9,5,240,4433
2,3,9,5,240,4433
1,4,9,5,240,4433
0,5,9,5,240,4433
6,0,9,5,240,4433
5,1,9,5,240,4433
4,2,9,5,240,4433
3,3,9,5,240,4433
2,4,9,5,240,4433
1,5,9,5,240,4433
0,6,9,5,240,4433
8,0,9,5,240,4433
7,0,9,5,240,4433
7,1,9,5,240,4433
6,1,9,5,240,4433
6,2,9,5,240,4433
5,2,9,5,240,4433
5,3,9,5,240,4433
4,3,9,5,240,4433
4,4,9,5,240,4433
3,4,9,5,240,4433
3,5,9,5,240,4433
2,5,9,5,240,4433
2,6,9,5,240,4433
1,6,9,5,240,4433
1,7,9,5,240,4433
9,0,9,5,240,4433
9,1,9,5,240,4433
8,1,9,5,240,4433
8,2,9,5,240,4433
7,2,9,5,240,4433
7,3,9,5,240,4433
6,3,9,5,240,4433
6,4,9,5,240,4433
5,4,9,5,240,4433
5,5,9,5,240,4433
4,5,9,5,240,4433
4,6,9,5,240,4433
3,6,9,5,240,4433
3,7,9,5,240,4433
2,7,9,5,240,4433
2,8,9,5,240,4433
9,2,9,5,240,4433
9,3,9,5,240,4433
8,3,9,5,240,4433
8,4,9,5,240,4433
7,4,9,5,240,4433
7,5,9,5,240,4433
6,5,9,5,240,4433
6,6,9,5,240,4433
5,6,9,5,240,4433
5,7,9,5,240,4433
4,7,9,5,240,4433
4,8,9,5,240,4433
3,8,9,5,240,4433
3,9,9,5,240,4433
9,4,9,5,240,4433
9,5,9,5,240,4433
8,5,9,5,240,4433
8,6,9,5,240,4433
7,6,9,5,240,4433
7,7,9,5,240,4433
6,7,9,5,240,4433
6,8,9,5,240,4433
5,8,9,5,240,4433
5,9,9,5,240,4433
4,9,9,5,240,4433
0,0,9,5,241,4108
1,0,9,5,241,4108
0,1,9,5,241,4108
2,0,9,5,241,4108
1,1,9,5,241,4108
0,2,9,5,241,4108
3,0,9,5,241,4108
2,1,9,5,241,4108
1,2,9,5,241,4108
0,3,9,5,241,4108
4,0,9,5,241,4108
3,1,9,5,241,4108
2,2,9,5,241,4108
1,3,9,5,241,4108
0,4,9,5,241,4108
6,0,9,5,241,4108
5,0,9,5,241,4108
5,1,9,5,241,4108
4,1,9,5,241,4108
4,2,9,5,241,4108
3,2,9,5,241,4108
3,3,9,5,241,4108
2,3,9,5,241,4108
2,4,9,5,241,4108
1,4,9,5,241,4108
1,5,9,5,241,4108
8,0,9,5,241,4108
7,0,9,5,241,4108
7,1,9,5,241,4108
6,1,9,5,241,4108
6,2,9,5,241,4108
5,2,9,5,241,4108
5,3,9,5,241,4108
4,3,9,5,241,4108
4,4,9,5,241,4108
3,4,9,5,241,4108
3,5,9,5,241,4108
2,5,9,5,241,4108
2,6,9,5,241,4108
9,0,9,5,241,4108
9,1,9,5,241,4108
8,1,9,5,241,4108
8,2,9,5,241,4108
7,2,9,5,241,4108
7,3,9,5,241,4108
6,3,9,5,241,4108
6,4,9,5,241,4108
5,4,9,5,241,4108
5,5,9,5,241,4108
4,5,9,5,241,4108
4,6,9,5,241,4108
3,6,9,5,241,4108
3,7,9,5,241,4108
9,2,9,5,241,4108
9,3,9,5,241,4108
8,3,9,5,241,4108
8,4,9,5,241,4108
7,4,9,5,241,4108
7,5,9,5,241,4108
6,5,9,5,241,4108
6,6,9,5,241,4108
5,6,9,5,241,4108
5,7,9,5,241,4108
4,7,9,5,241,4108
4,8,9,5,241,4108
9,4,9,5,241,4108
9,5,9,5,241,4108
8,5,9,5,241,4108
8,6,9,5,241,4108
7,6,9,5,241,4108
7,7,9,5,241,4108
6,7,9,5,241,4108
6,8,9,5,241,4108
5,8,9,5,241,4108
5,9,9,5,241,4108
0,0,9,5,242,3759
1,0,9,5,242,3759
0,1,9,5,242,3759
2,0,9,5,242,3759
1,1,9,5,242,3759
0,2,9,5,242,3759
4,0,9,5,242,3759
3,0,9,5,242,3759
3,1,9,5,242,3759
2,1,9,5,242,3759
2,2,9,5,242,3759
1,2,9,5,242,3759
1,3,9,5,242,3759
6,0,9,5,242,3759
5,0,9,5,242,3759
5,1,9,5,242,3759
4,1,9,5,242,3759
4,2,9,5,242,3759
3,2,9,5,242,3759
3,3,9,5,242,3759
2,3,9,5,242,3759
2,4,9,5,242,3759
8,0,9,5,242,3759
7,0,9,5,242,3759
7,1,9,5,242,3759
6,1,9,5,242,3759
6,2,9,5,242,3759
5,2,9,5,242,3759
5,3,9,5,242,3759
4,3,9,5,242,3759
4,4,9,5,242,3759
3,4,9,5,242,3759
3,5,9,5,242,3759
9,0,9,5,242,3759
9,1,9,5,242,3759
8,1,9,5,242,3759
8,2,9,5,242,3759
7,2,9,5,242,3759
7,3,9,5,242,3759
6,3,9,5,242,3759
6,4,9,5,242,3759
5,4,9,5,242,3759
5,5,9,5,242,3759
4,5,9,5,242,3759
4,6,9,5,242,3759
9,2,9,5,242,3759
9,3,9,5,242,3759
8,3,9,5,242,3759
8,4,9,5,242,3759
7,4,9,5,242,3759
7,5,9,5,242,3759
6,5,9,5,242,3759
6,6,9,5,242,3759
5,6,9,5,242,3759
5,7,9,5,242,3759
9,4,9,5,242,3759
9,5,9,5,242,3759
8,5,9,5,242,3759
8,6,9,5,242,3759
7,6,9,5,242,3759
7,7,9,5,242,3759
6,7,9,5,242,3759
6,8,9,5,242,3759
0,0,9,5,243,3385
2,0,9,5,243,3385
1,0,9,5,243,3385
1,1,9,5,243,3385
4,0,9,5,243,3385
3,0,9,5,243,3385
3,1,9,5,243,3385
2,1,9,5,243,3385
2,2,9,5,243,3385
6,0,9,5,243,3385
5,0,9,5,243,3385
5,1,9,5,243,3385
4,1,9,5,243,3385
4,2,9,5,243,3385
3,2,9,5,243,3385
3,3,9,5,243,3385
8,0,9,5,243,3385
7,0,9,5,243,3385
7,1,9,5,243,3385
6,1,9,5,243,3385
6,2,9,5,243,3385
5,2,9,5,243,3385
5,3,9,5,243,3385
4,3,9,5,243,3385
4,4,9,5,243,3385
9,0,9,5,243,3385
9,1,9,5,243,3385
8,1,9,5,243,3385
8,2,9,5,243,3385
7,2,9,5,243,3385
7,3,9,5,243,3385
6,3,9,5,243,3385
6,4,9,5,243,3385
5,4,9,5,243,3385
5,5,9,5,243,3385
9,2,9,5,243,3385
9,3,9,5,243,3385
8,3,9,5,243,3385
8,4,9,5,243,3385
7,4,9,5,243,3385
7,5,9,5,243,3385
6,5,9,5,243,3385
6,6,9,5,243,3385
9,4,9,5,243,3385
9,5,9,5,243,3385
8,5,9,5,243,3385
8,6,9,5,243,3385
7,6,9,5,243,3385
7,7,9,5,243,3385
2,0,9,5,244,2984
4,0,9,5,244,2984
3,0,9,5,244,2984
3,1,9,5,244,2984
6,0,9,5,244,2984
5,0,9,5,244,2984
5,1,9,5,244,2984
4,1,9,5,244,2984
4,2,9,5,244,2984
8,0,9,5,244,2984
7,0,9,5,244,2984
7,1,9,5,244,2984
6,1,9,5,244,2984
6,2,9,5,244,2984
5,2,9,5,244,2984
5,3,9,5,244,2984
9,0,9,5,244,2984
9,1,9,5,244,2984
8,1,9,5,244,2984
8,2,9,5,244,2984
7,2,9,5,244,2984
7,3,9,5,244,2984
6,3,9,5,244,2984
6,4,9,5,244,2984
9,2,9,5,244,2984
9,3,9,5,244,2984
8,3,9,5,244,2984
8,4,9,5,244,2984
7,4,9,5,244,2984
7,5,9,5,244,2984
9,4,9,5,244,2984
9,5,9,5,244,2984
8,5,9,5,244,2984
8,6,9,5,244,2984
4,0,8,4,245,2581
6,0,8,4,245,2581
5,0,8,4,245,2581
5,1,8,4,245,2581
8,0,8,4,245,2581
7,0,8,4,245,2581
7,1,8,4,245,2581
6,1,8,4,245,2581
6,2,8,4,245,2581
9,0,8,4,245,2581
9,1,8,4,245,2581
8,1,8,4,245,2581
8,2,8,4,245,2581
7,2,8,4,245,2581
7,3,8,4,245,2581
9,2,8,4,245,2581
9,3,8,4,245,2581
8,3,8,4,245,2581
8,4,8,4,245,2581
9,4,8,4,245,2581
9,5,8,4,245,2581
5,1,8,4,246,2127
7,1,8,4,246,2127
6,0,8,4,246,2127
6,2,8,4,246,2127
9,1,8,4,246,2127
8,0,8,4,246,2127
8,2,8,4,246,2127
7,0,8,4,246,2127
7,3,8,4,246,2127
8,1,8,4,246,2127
9,0,8,4,246,2127
9,2,8,4,246,2127
9,3,8,4,246,2127
8,4,8,4,246,2127
6,1,8,4,246,2127
7,2,8,4,246,2127
8,3,8,4,246,2127
9,4,8,4,246,2127
9,5,8,4,246,2127
3,1,9,5,247,2571
5,1,9,5,247,2571
4,0,9,5,247,2571
4,2,9,5,247,2571
7,1,9,5,247,2571
6,0,9,5,247,2571
6,2,9,5,247,2571
5,0,9,5,247,2571
5,3,9,5,247,2571
9,1,9,5,247,2571
8,0,9,5,247,2571
8,2,9,5,247,2571
7,0,9,5,247,2571
7,3,9,5,247,2571
6,1,9,5,247,2571
6,4,9,5,247,2571
8,1,9,5,247,2571
9,0,9,5,247,2571
9,2,9,5,247,2571
9,3,9,5,247,2571
8,4,9,5,247,2571
7,2,9,5,247,2571
7,5,9,5,247,2571
8,3,9,5,247,2571
9,4,9,5,247,2571
9,5,9,5,247,2571
8,6,9,5,247,2571
4,2,9,5,248,2126
6,2,9,5,248,2126
5,1,9,5,248,2126
5,3,9,5,248,2126
8,2,9,5,248,2126
7,1,9,5,248,2126
7,3,9,5,248,2126
6,0,9,5,248,2126
6,4,9,5,248,2126
9,2,9,5,248,2126
9,1,9,5,248,2126
9,3,9,5,248,2126
8,0,9,5,248,2126
8,4,9,5,248,2126
7,0,9,5,248,2126
7,5,9,5,248,2126
7,2,9,5,248,2126
8,1,9,5,248,2126
8,3,9,5,248,2126
9,0,9,5,248,2126
9,4,9,5,248,2126
9,5,9,5,248,2126
8,6,9,5,248,2126
1,1,9,5,249,2990
3,1,9,5,249,2990
2,0,9,5,249,2990
2,2,9,5,249,2990
5,1,9,5,249,2990
4,0,9,5,249,2990
4,2,9,5,249,2990
3,0,9,5,249,2990
3,3,9,5,249,2990
7,1,9,5,249,2990
6,0,9,5,249,2990
6,2,9,5,249,2990
5,0,9,5,249,2990
5,3,9,5,249,2990
4,1,9,5,249,2990
4,4,9,5,249,2990
9,1,9,5,249,2990
8,0,9,5,249,2990
8,2,9,5,249,2990
7,0,9,5,249,2990
7,3,9,5,249,2990
6,1,9,5,249,2990
6,4,9,5,249,2990
5,2,9,5,249,2990
5,5,9,5,249,2990
8,1,9,5,249,2990
9,0,9,5,249,2990
9,2,9,5,249,2990
9,3,9,5,249,2990
8,4,9,5,249,2990
7,2,9,5,249,2990
7,5,9,5,249,2990
6,3,9,5,249,2990
6,6,9,5,249,2990
8,3,9,5,249,2990
9,4,9,5,249,2990
9,5,9,5,249,2990
8,6,9,5,249,2990
7,4,9,5,249,2990
7,7,9,5,249,2990
3,3,9,5,250,2128
5,3,9,5,250,2128
4,2,9,5,250,2128
4,4,9,5,250,2128
7,3,9,5,250,2128
6,2,9,5,250,2128
6,4,9,5,250,2128
5,1,9,5,250,2128
5,5,9,5,250,2128
9,3,9,5,250,2128
8,2,9,5,250,2128
8,4,9,5,250,2128
7,1,9,5,250,2128
7,5,9,5,250,2128
6,0,9,5,250,2128
6,6,9,5,250,2128
8,3,9,5,250,2128
9,2,9,5,250,2128
9,4,9,5,250,2128
9,1,9,5,250,2128
9,5,9,5,250,2128
8,0,9,5,250,2128
8,6,9,5,250,2128
7,0,9,5,250,2128
7,7,9,5,250,2128
0,1,8,4,251,3395
1,1,8,4,251,3395
0,0,8,4,251,3395
0,2,8,4,251,3395
3,1,8,4,251,3395
2,0,8,4,251,3395
2,2,8,4,251,3395
1,0,8,4,251,3395
1,3,8,4,251,3395
5,1,8,4,251,3395
4,0,8,4,251,3395
4,2,8,4,251,3395
3,0,8,4,251,3395
3,3,8,4,251,3395
2,1,8,4,251,3395
2,4,8,4,251,3395
7,1,8,4,251,3395
6,0,8,4,251,3395
6,2,8,4,251,3395
5,0,8,4,251,3395
5,3,8,4,251,3395
4,1,8,4,251,3395
4,4,8,4,251,3395
3,2,8,4,251,3395
3,5,8,4,251,3395
9,1,8,4,251,3395
8,0,8,4,251,3395
8,2,8,4,251,3395
7,0,8,4,251,3395
7,3,8,4,251,3395
6,1,8,4,251,3395
6,4,8,4,251,3395
5,2,8,4,251,3395
5,5,8,4,251,3395
4,3,8,4,251,3395
4,6,8,4,251,3395
8,1,8,4,251,3395
9,0,8,4,251,3395
9,2,8,4,251,3395
9,3,8,4,251,3395
8,4,8,4,251,3395
7,2,8,4,251,3395
7,5,8,4,251,3395
6,3,8,4,251,3395
6,6,8,4,251,3395
5,4,8,4,251,3395
5,7,8,4,251,3395
8,3,8,4,251,3395
9,4,8,4,251,3395
9,5,8,4,251,3395
8,6,8,4,251,3395
7,4,8,4,251,3395
7,7,8,4,251,3395
6,5,8,4,251,3395
6,8,8,4,251,3395
1,3,9,5,252,2574
3,3,9,5,252,2574
2,2,9,5,252,2574
2,4,9,5,252,2574
5,3,9,5,252,2574
4,2,9,5,252,2574
4,4,9,5,252,2574
3,1,9,5,252,2574
3,5,9,5,252,2574
7,3,9,5,252,2574
6,2,9,5,252,2574
6,4,9,5,252,2574
5,1,9,5,252,2574
5,5,9,5,252,2574
4,0,9,5,252,2574
4,6,9,5,252,2574
9,3,9,5,252,2574
8,2,9,5,252,2574
8,4,9,5,252,2574
7,1,9,5,252,2574
7,5,9,5,252,2574
6,0,9,5,252,2574
6,6,9,5,252,2574
5,0,9,5,252,2574
5,7,9,5,252,2574
8,3,9,5,252,2574
9,2,9,5,252,2574
9,4,9,5,252,2574
9,1,9,5,252,2574
9,5,9,5,252,2574
8,0,9,5,252,2574
8,6,9,5,252,2574
7,0,9,5,252,2574
7,7,9,5,252,2574
6,1,9,5,252,2574
6,8,9,5,252,2574
2,4,8,4,253,2128
4,4,8,4,253,2128
3,3,8,4,253,2128
3,5,8,4,253,2128
6,4,8,4,253,2128
5,3,8,4,253,2128
5,5,8,4,253,2128
4,2,8,4,253,2128
4,6,8,4,253,2128
8,4,8,4,253,2128
7,3,8,4,253,2128
7,5,8,4,253,2128
6,2,8,4,253,2128
6,6,8,4,253,2128
5,1,8,4,253,2128
5,7,8,4,253,2128
9,4,8,4,253,2128
9,3,8,4,253,2128
9,5,8,4,253,2128
8,2,8,4,253,2128
8,6,8,4,253,2128
7,1,8,4,253,2128
7,7,8,4,253,2128
6,0,8,4,253,2128
6,8,8,4,253,2128
0,3,9,5,254,2990
1,3,9,5,254,2990
0,2,9,5,254,2990
0,4,9,5,254,2990
3,3,9,5,254,2990
2,2,9,5,254,2990
2,4,9,5,254,2990
1,1,9,5,254,2990
1,5,9,5,254,2990
5,3,9,5,254,2990
4,2,9,5,254,2990
4,4,9,5,254,2990
3,1,9,5,254,2990
3,5,9,5,254,2990
2,0,9,5,254,2990
2,6,9,5,254,2990
7,3,9,5,254,2990
6,2,9,5,254,2990
6,4,9,5,254,2990
5,1,9,5,254,2990
5,5,9,5,254,2990
4,0,9,5,254,2990
4,6,9,5,254,2990
3,0,9,5,254,2990
3,7,9,5,254,2990
9,3,9,5,254,2990
8,2,9,5,254,2990
8,4,9,5,254,2990
7,1,9,5,254,2990
7,5,9,5,254,2990
6,0,9,5,254,2990
6,6,9,5,254,2990
5,0,9,5,254,2990
5,7,9,5,254,2990
4,1,9,5,254,2990
4,8,9,5,254,2990
8,3,9,5,254,2990
9,2,9,5,254,2990
9,4,9,5,254,2990
9,1,9,5,254,2990
9,5,9,5,254,2990
8,0,9,5,254,2990
8,6,9,5,254,2990
7,0,9,5,254,2990
7,7,9,5,254,2990
6,1,9,5,254,2990
6,8,9,5,254,2990
5,2,9,5,254,2990
5,9,9,5,254,2990
0,4,8,4,255,2574
2,4,8,4,255,2574
1,3,8,4,255,2574
1,5,8,4,255,2574
4,4,8,4,255,2574
3,3,8,4,255,2574
3,5,8,4,255,2574
2,2,8,4,255,2574
2,6,8,4,255,2574
6,4,8,4,255,2574
5,3,8,4,255,2574
5,5,8,4,255,2574
4,2,8,4,255,2574
4,6,8,4,255,2574
3,1,8,4,255,2574
3,7,8,4,255,2574
8,4,8,4,255,2574
7,3,8,4,255,2574
7,5,8,4,255,2574
6,2,8,4,255,2574
6,6,8,4,255,2574
5,1,8,4,255,2574
5,7,8,4,255,2574
4,0,8,4,255,2574
4,8,8,4,255,2574
9,4,8,4,255,2574
9,3,8,4,255,2574
9,5,8,4,255,2574
8,2,8,4,255,2574
8,6,8,4,255,2574
7,1,8,4,255,2574
7,7,8,4,255,2574
6,0,8,4,255,2574
6,8,8,4,255,2574
5,0,8,4,255,2574
5,9,8,4,255,2574
1,5,7,3,216,2128
3,5,7,3,216,2128
2,4,7,3,216,2128
2,6,7,3,216,2128
5,5,7,3,216,2128
4,4,7,3,216,2128
4,6,7,3,216,2128
3,3,7,3,216,2128
3,7,7,3,216,2128
7,5,7,3,216,2128
6,4,7,3,216,2128
6,6,7,3,216,2128
5,3,7,3,216,2128
5,7,7,3,216,2128
4,2,7,3,216,2128
4,8,7,3,216,2128
9,5,7,3,216,2128
8,4,7,3,216,2128
8,6,7,3,216,2128
7,3,7,3,216,2128
7,7,7,3,216,2128
6,2,7,3,216,2128
6,8,7,3,216,2128
5,1,7,3,216,2128
5,9,7,3,216,2128
0,1,8,4,256,4112
1,1,8,4,256,4112
0,0,8,4,256,4112
0,2,8,4,256,4112
2,1,8,4,256,4112
1,0,8,4,256,4112
1,2,8,4,256,4112
0,3,8,4,256,4112
3,1,8,4,256,4112
2,0,8,4,256,4112
2,2,8,4,256,4112
1,3,8,4,256,4112
0,4,8,4,256,4112
4,1,8,4,256,4112
3,0,8,4,256,4112
3,2,8,4,256,4112
2,3,8,4,256,4112
1,4,8,4,256,4112
0,5,8,4,256,4112
5,1,8,4,256,4112
4,0,8,4,256,4112
4,2,8,4,256,4112
3,3,8,4,256,4112
2,4,8,4,256,4112
1,5,8,4,256,4112
0,6,8,4,256,4112
7,1,8,4,256,4112
6,0,8,4,256,4112
6,2,8,4,256,4112
5,0,8,4,256,4112
5,3,8,4,256,4112
4,4,8,4,256,4112
3,5,8,4,256,4112
2,6,8,4,256,4112
1,7,8,4,256,4112
9,1,8,4,256,4112
8,0,8,4,256,4112
8,2,8,4,256,4112
7,0,8,4,256,4112
7,3,8,4,256,4112
6,1,8,4,256,4112
6,4,8,4,256,4112
5,2,8,4,256,4112
5,5,8,4,256,4112
4,3,8,4,256,4112
4,6,8,4,256,4112
3,4,8,4,256,4112
3,7,8,4,256,4112
2,5,8,4,256,4112
2,8,8,4,256,4112
8,1,8,4,256,4112
9,0,8,4,256,4112
9,2,8,4,256,4112
9,3,8,4,256,4112
8,4,8,4,256,4112
7,2,8,4,256,4112
7,5,8,4,256,4112
6,3,8,4,256,4112
6,6,8,4,256,4112
5,4,8,4,256,4112
5,7,8,4,256,4112
4,5,8,4,256,4112
4,8,8,4,256,4112
3,6,8,4,256,4112
3,9,8,4,256,4112
8,3,8,4,256,4112
9,4,8,4,256,4112
9,5,8,4,256,4112
8,6,8,4,256,4112
7,4,8,4,256,4112
7,7,8,4,256,4112
6,5,8,4,256,4112
6,8,8,4,256,4112
5,6,8,4,256,4112
5,9,8,4,256,4112
4,7,8,4,256,4112
4,9,8,4,256,4112
0,2,8,2,257,3759
1,2,8,2,257,3759
0,1,8,2,257,3759
0,3,8,2,257,3759
2,2,8,2,257,3759
1,1,8,2,257,3759
1,3,8,2,257,3759
0,0,8,2,257,3759
0,4,8,2,257,3759
3,2,8,2,257,3759
2,1,8,2,257,3759
2,3,8,2,257,3759
1,0,8,2,257,3759
1,4,8,2,257,3759
0,5,8,2,257,3759
4,2,8,2,257,3759
3,1,8,2,257,3759
3,3,8,2,257,3759
2,0,8,2,257,3759
2,4,8,2,257,3759
1,5,8,2,257,3759
0,6,8,2,257,3759
6,2,8,2,257,3759
5,1,8,2,257,3759
5,3,8,2,257,3759
4,0,8,2,257,3759
4,4,8,2,257,3759
3,0,8,2,257,3759
3,5,8,2,257,3759
2,6,8,2,257,3759
1,7,8,2,257,3759
8,2,8,2,257,3759
7,1,8,2,257,3759
7,3,8,2,257,3759
6,0,8,2,257,3759
6,4,8,2,257,3759
5,0,8,2,257,3759
5,5,8,2,257,3759
4,1,8,2,257,3759
4,6,8,2,257,3759
3,7,8,2,257,3759
2,8,8,2,257,3759
9,2,8,2,257,3759
9,1,8,2,257,3759
9,3,8,2,257,3759
8,0,8,2,257,3759
8,4,8,2,257,3759
7,0,8,2,257,3759
7,5,8,2,257,3759
6,1,8,2,257,3759
6,6,8,2,257,3759
5,2,8,2,257,3759
5,7,8,2,257,3759
4,3,8,2,257,3759
4,8,8,2,257,3759
3,4,8,2,257,3759
3,9,8,2,257,3759
7,2,8,2,257,3759
8,1,8,2,257,3759
8,3,8,2,257,3759
9,0,8,2,257,3759
9,4,8,2,257,3759
9,5,8,2,257,3759
8,6,8,2,257,3759
7,7,8,2,257,3759
6,3,8,2,257,3759
6,8,8,2,257,3759
5,4,8,2,257,3759
5,9,8,2,257,3759
4,5,8,2,257,3759
4,9,8,2,257,3759
0,3,9,5,258,3379
1,3,9,5,258,3379
0,2,9,5,258,3379
0,4,9,5,258,3379
2,3,9,5,258,3379
1,2,9,5,258,3379
1,4,9,5,258,3379
0,1,9,5,258,3379
0,5,9,5,258,3379
3,3,9,5,258,3379
2,2,9,5,258,3379
2,4,9,5,258,3379
1,1,9,5,258,3379
1,5,9,5,258,3379
0,0,9,5,258,3379
0,6,9,5,258,3379
5,3,9,5,258,3379
4,2,9,5,258,3379
4,4,9,5,258,3379
3,1,9,5,258,3379
3,5,9,5,258,3379
2,0,9,5,258,3379
2,6,9,5,258,3379
1,0,9,5,258,3379
1,7,9,5,258,3379
7,3,9,5,258,3379
6,2,9,5,258,3379
6,4,9,5,258,3379
5,1,9,5,258,3379
5,5,9,5,258,3379
4,0,9,5,258,3379
4,6,9,5,258,3379
3,0,9,5,258,3379
3,7,9,5,258,3379
2,1,9,5,258,3379
2,8,9,5,258,3379
9,3,9,5,258,3379
8,2,9,5,258,3379
8,4,9,5,258,3379
7,1,9,5,258,3379
7,5,9,5,258,3379
6,0,9,5,258,3379
6,6,9,5,258,3379
5,0,9,5,258,3379
5,7,9,5,258,3379
4,1,9,5,258,3379
4,8,9,5,258,3379
3,2,9,5,258,3379
3,9,9,5,258,3379
8,3,9,5,258,3379
9,2,9,5,258,3379
9,4,9,5,258,3379
9,1,9,5,258,3379
9,5,9,5,258,3379
8,0,9,5,258,3379
8,6,9,5,258,3379
7,0,9,5,258,3379
7,7,9,5,258,3379
6,1,9,5,258,3379
6,8,9,5,258,3379
5,2,9,5,258,3379
5,9,9,5,258,3379
4,3,9,5,258,3379
4,9,9,5,258,3379
0,4,8,4,259,2991
1,4,8,4,259,2991
0,3,8,4,259,2991
0,5,8,4,259,2991
2,4,8,4,259,2991
1,3,8,4,259,2991
1,5,8,4,259,2991
0,2,8,4,259,2991
0,6,8,4,259,2991
4,4,8,4,259,2991
3,3,8,4,259,2991
3,5,8,4,259,2991
2,2,8,4,259,2991
2,6,8,4,259,2991
1,1,8,4,259,2991
1,7,8,4,259,2991
6,4,8,4,259,2991
5,3,8,4,259,2991
5,5,8,4,259,2991
4,2,8,4,259,2991
4,6,8,4,259,2991
3,1,8,4,259,2991
3,7,8,4,259,2991
2,0,8,4,259,2991
2,8,8,4,259,2991
8,4,8,4,259,2991
7,3,8,4,259,2991
7,5,8,4,259,2991
6,2,8,4,259,2991
6,6,8,4,259,2991
5,1,8,4,259,2991
5,7,8,4,259,2991
4,0,8,4,259,2991
4,8,8,4,259,2991
3,0,8,4,259,2991
3,9,8,4,259,2991
9,4,8,4,259,2991
9,3,8,4,259,2991
9,5,8,4,259,2991
8,2,8,4,259,2991
8,6,8,4,259,2991
7,1,8,4,259,2991
7,7,8,4,259,2991
6,0,8,4,259,2991
6,8,8,4,259,2991
5,0,8,4,259,2991
5,9,8,4,259,2991
4,1,8,4,259,2991
4,9,8,4,259,2991
0,5,7,3,260,2574
1,5,7,3,260,2574
0,4,7,3,260,2574
0,6,7,3,260,2574
3,5,7,3,260,2574
2,4,7,3,260,2574
2,6,7,3,260,2574
1,3,7,3,260,2574
1,7,7,3,260,2574
5,5,7,3,260,2574
4,4,7,3,260,2574
4,6,7,3,260,2574
3,3,7,3,260,2574
3,7,7,3,260,2574
2,2,7,3,260,2574
2,8,7,3,260,2574
7,5,7,3,260,2574
6,4,7,3,260,2574
6,6,7,3,260,2574
5,3,7,3,260,2574
5,7,7,3,260,2574
4,2,7,3,260,2574
4,8,7,3,260,2574
3,1,7,3,260,2574
3,9,7,3,260,2574
9,5,7,3,260,2574
8,4,7,3,260,2574
8,6,7,3,260,2574
7,3,7,3,260,2574
7,7,7,3,260,2574
6,2,7,3,260,2574
6,8,7,3,260,2574
5,1,7,3,260,2574
5,9,7,3,260,2574
4,0,7,3,260,2574
4,9,7,3,260,2574
0,4,8,4,261,3379
1,4,8,4,261,3379
0,3,8,4,261,3379
0,5,8,4,261,3379
2,4,8,4,261,3379
1,3,8,4,261,3379
1,5,8,4,261,3379
0,2,8,4,261,3379
0,6,8,4,261,3379
3,4,8,4,261,3379
2,3,8,4,261,3379
2,5,8,4,261,3379
1,2,8,4,261,3379
1,6,8,4,261,3379
0,1,8,4,261,3379
0,7,8,4,261,3379
4,4,8,4,261,3379
3,3,8,4,261,3379
3,5,8,4,261,3379
2,2,8,4,261,3379
2,6,8,4,261,3379
1,1,8,4,261,3379
1,7,8,4,261,3379
0,0,8,4,261,3379
0,8,8,4,261,3379
6,4,8,4,261,3379
5,3,8,4,261,3379
5,5,8,4,261,3379
4,2,8,4,261,3379
4,6,8,4,261,3379
3,1,8,4,261,3379
3,7,8,4,261,3379
2,0,8,4,261,3379
2,8,8,4,261,3379
1,0,8,4,261,3379
1,9,8,4,261,3379
8,4,8,4,261,3379
7,3,8,4,261,3379
7,5,8,4,261,3379
6,2,8,4,261,3379
6,6,8,4,261,3379
5,1,8,4,261,3379
5,7,8,4,261,3379
4,0,8,4,261,3379
4,8,8,4,261,3379
3,0,8,4,261,3379
3,9,8,4,261,3379
2,1,8,4,261,3379
2,9,8,4,261,3379
9,4,8,4,261,3379
9,3,8,4,261,3379
9,5,8,4,261,3379
8,2,8,4,261,3379
8,6,8,4,261,3379
7,1,8,4,261,3379
7,7,8,4,261,3379
6,0,8,4,261,3379
6,8,8,4,261,3379
5,0,8,4,261,3379
5,9,8,4,261,3379
4,1,8,4,261,3379
4,9,8,4,261,3379
3,2,8,4,261,3379
3,8,8,4,261,3379
0,7,6,8,262,2127
1,7,6,8,262,2127
0,6,6,8,262,2127
0,8,6,8,262,2127
3,7,6,8,262,2127
2,6,6,8,262,2127
2,8,6,8,262,2127
1,5,6,8,262,2127
1,9,6,8,262,2127
5,7,6,8,262,2127
4,6,6,8,262,2127
4,8,6,8,262,2127
3,5,6,8,262,2127
3,9,6,8,262,2127
2,4,6,8,262,2127
2,9,6,8,262,2127
7,7,6,8,262,2127
6,6,6,8,262,2127
6,8,6,8,262,2127
5,5,6,8,262,2127
5,9,6,8,262,2127
4,4,6,8,262,2127
4,9,6,8,262,2127
3,3,6,8,262,2127
3,8,6,8,262,2127
0,2,8,0,263,4393
1,2,8,0,263,4393
0,1,8,0,263,4393
0,3,8,0,263,4393
2,2,8,0,263,4393
1,1,8,0,263,4393
1,3,8,0,263,4393
0,0,8,0,263,4393
0,4,8,0,263,4393
3,2,8,0,263,4393
2,1,8,0,263,4393
2,3,8,0,263,4393
1,0,8,0,263,4393
1,4,8,0,263,4393
0,5,8,0,263,4393
4,2,8,0,263,4393
3,1,8,0,263,4393
3,3,8,0,263,4393
2,0,8,0,263,4393
2,4,8,0,263,4393
1,5,8,0,263,4393
0,6,8,0,263,4393
5,2,8,0,263,4393
4,1,8,0,263,4393
4,3,8,0,263,4393
3,0,8,0,263,4393
3,4,8,0,263,4393
2,5,8,0,263,4393
1,6,8,0,263,4393
0,7,8,0,263,4393
6,2,8,0,263,4393
5,1,8,0,263,4393
5,3,8,0,263,4393
4,0,8,0,263,4393
4,4,8,0,263,4393
3,5,8,0,263,4393
2,6,8,0,263,4393
1,7,8,0,263,4393
0,8,8,0,263,4393
7,2,8,0,263,4393
6,1,8,0,263,4393
6,3,8,0,263,4393
5,0,8,0,263,4393
5,4,8,0,263,4393
4,5,8,0,263,4393
3,6,8,0,263,4393
2,7,8,0,263,4393
1,8,8,0,263,4393
0,9,8,0,263,4393
8,2,8,0,263,4393
7,1,8,0,263,4393
7,3,8,0,263,4393
6,0,8,0,263,4393
6,4,8,0,263,4393
5,5,8,0,263,4393
4,6,8,0,263,4393
3,7,8,0,263,4393
2,8,8,0,263,4393
1,9,8,0,263,4393
9,2,8,0,263,4393
9,1,8,0,263,4393
9,3,8,0,263,4393
8,0,8,0,263,4393
8,4,8,0,263,4393
7,0,8,0,263,4393
7,5,8,0,263,4393
6,6,8,0,263,4393
5,7,8,0,263,4393
4,8,8,0,263,4393
3,9,8,0,263,4393
2,9,8,0,263,4393
8,1,8,0,263,4393
8,3,8,0,263,4393
9,0,8,0,263,4393
9,4,8,0,263,4393
9,5,8,0,263,4393
8,6,8,0,263,4393
7,7,8,0,263,4393
6,8,8,0,263,4393
5,9,8,0,263,4393
4,9,8,0,263,4393
3,8,8,0,263,4393
0,5,1,1,264,3390
1,5,1,1,264,3390
0,4,1,1,264,3390
0,6,1,1,264,3390
2,5,1,1,264,3390
1,4,1,1,264,3390
1,6,1,1,264,3390
0,3,1,1,264,3390
0,7,1,1,264,3390
3,5,1,1,264,3390
2,4,1,1,264,3390
2,6,1,1,264,3390
1,3,1,1,264,3390
1,7,1,1,264,3390
0,2,1,1,264,3390
0,8,1,1,264,3390
4,5,1,1,264,3390
3,4,1,1,264,3390
3,6,1,1,264,3390
2,3,1,1,264,3390
2,7,1,1,264,3390
1,2,1,1,264,3390
1,8,1,1,264,3390
0,1,1,1,264,3390
0,9,1,1,264,3390
5,5,1,1,264,3390
4,4,1,1,264,3390
4,6,1,1,264,3390
3,3,1,1,264,3390
3,7,1,1,264,3390
2,2,1,1,264,3390
2,8,1,1,264,3390
1,1,1,1,264,3390
1,9,1,1,264,3390
0,0,1,1,264,3390
7,5,1,1,264,3390
6,4,1,1,264,3390
6,6,1,1,264,3390
5,3,1,1,264,3390
5,7,1,1,264,3390
4,2,1,1,264,3390
4,8,1,1,264,3390
3,1,1,1,264,3390
3,9,1,1,264,3390
2,0,1,1,264,3390
2,9,1,1,264,3390
1,0,1,1,264,3390
9,5,1,1,264,3390
8,4,1,1,264,3390
8,6,1,1,264,3390
7,3,1,1,264,3390
7,7,1,1,264,3390
6,2,1,1,264,3390
6,8,1,1,264,3390
5,1,1,1,264,3390
5,9,1,1,264,3390
4,0,1,1,264,3390
4,9,1,1,264,3390
3,0,1,1,264,3390
3,8,1,1,264,3390
2,1,1,1,264,3390
0,3,8,0,265,4400
1,3,8,0,265,4400
0,2,8,0,265,4400
0,4,8,0,265,4400
2,3,8,0,265,4400
1,2,8,0,265,4400
1,4,8,0,265,4400
0,1,8,0,265,4400
0,5,8,0,265,4400
3,3,8,0,265,4400
2,2,8,0,265,4400
2,4,8,0,265,4400
1,1,8,0,265,4400
1,5,8,0,265,4400
0,0,8,0,265,4400
0,6,8,0,265,4400
4,3,8,0,265,4400
3,2,8,0,265,4400
3,4,8,0,265,4400
2,1,8,0,265,4400
2,5,8,0,265,4400
1,0,8,0,265,4400
1,6,8,0,265,4400
0,7,8,0,265,4400
5,3,8,0,265,4400
4,2,8,0,265,4400
4,4,8,0,265,4400
3,1,8,0,265,4400
3,5,8,0,265,4400
2,0,8,0,265,4400
2,6,8,0,265,4400
1,7,8,0,265,4400
0,8,8,0,265,4400
6,3,8,0,265,4400
5,2,8,0,265,4400
5,4,8,0,265,4400
4,1,8,0,265,4400
4,5,8,0,265,4400
3,0,8,0,265,4400
3,6,8,0,265,4400
2,7,8,0,265,4400
1,8,8,0,265,4400
0,9,8,0,265,4400
7,3,8,0,265,4400
6,2,8,0,265,4400
6,4,8,0,265,4400
5,1,8,0,265,4400
5,5,8,0,265,4400
4,0,8,0,265,4400
4,6,8,0,265,4400
3,7,8,0,265,4400
2,8,8,0,265,4400
1,9,8,0,265,4400
8,3,8,0,265,4400
7,2,8,0,265,4400
7,4,8,0,265,4400
6,1,8,0,265,4400
6,5,8,0,265,4400
5,0,8,0,265,4400
5,6,8,0,265,4400
4,7,8,0,265,4400
3,8,8,0,265,4400
2,9,8,0,265,4400
9,3,8,0,265,4400
8,2,8,0,265,4400
8,4,8,0,265,4400
7,1,8,0,265,4400
7,5,8,0,265,4400
6,0,8,0,265,4400
6,6,8,0,265,4400
5,7,8,0,265,4400
4,8,8,0,265,4400
3,9,8,0,265,4400
9,2,8,0,265,4400
9,4,8,0,265,4400
9,1,8,0,265,4400
9,5,8,0,265,4400
8,0,8,0,265,4400
8,6,8,0,265,4400
7,0,8,0,265,4400
7,7,8,0,265,4400
6,8,8,0,265,4400
5,9,8,0,265,4400
4,9,8,0,265,4400
0,4,4,0,266,4099
1,4,4,0,266,4099
0,3,4,0,266,4099
0,5,4,0,266,4099
2,4,4,0,266,4099
1,3,4,0,266,4099
1,5,4,0,266,4099
0,2,4,0,266,4099
0,6,4,0,266,4099
3,4,4,0,266,4099
2,3,4,0,266,4099
2,5,4,0,266,4099
1,2,4,0,266,4099
1,6,4,0,266,4099
0,1,4,0,266,4099
0,7,4,0,266,4099
4,4,4,0,266,4099
3,3,4,0,266,4099
3,5,4,0,266,4099
2,2,4,0,266,4099
2,6,4,0,266,4099
1,1,4,0,266,4099
1,7,4,0,266,4099
0,0,4,0,266,4099
0,8,4,0,266,4099
5,4,4,0,266,4099
4,3,4,0,266,4099
4,5,4,0,266,4099
3,2,4,0,266,4099
3,6,4,0,266,4099
2,1,4,0,266,4099
2,7,4,0,266,4099
1,0,4,0,266,4099
1,8,4,0,266,4099
0,9,4,0,266,4099
6,4,4,0,266,4099
5,3,4,0,266,4099
5,5,4,0,266,4099
4,2,4,0,266,4099
4,6,4,0,266,4099
3,1,4,0,266,4099
3,7,4,0,266,4099
2,0,4,0,266,4099
2,8,4,0,266,4099
1,9,4,0,266,4099
7,4,4,0,266,4099
6,3,4,0,266,4099
6,5,4,0,266,4099
5,2,4,0,266,4099
5,6,4,0,266,4099
4,1,4,0,266,4099
4,7,4,0,266,4099
3,0,4,0,266,4099
3,8,4,0,266,4099
2,9,4,0,266,4099
8,4,4,0,266,4099
7,3,4,0,266,4099
7,5,4,0,266,4099
6,2,4,0,266,4099
6,6,4,0,266,4099
5,1,4,0,266,4099
5,7,4,0,266,4099
4,0,4,0,266,4099
4,8,4,0,266,4099
3,9,4,0,266,4099
9,4,4,0,266,4099
9,3,4,0,266,4099
9,5,4,0,266,4099
8,2,4,0,266,4099
8,6,4,0,266,4099
7,1,4,0,266,4099
7,7,4,0,266,4099
6,0,4,0,266,4099
6,8,4,0,266,4099
5,0,4,0,266,4099
5,9,4,0,266,4099
4,9,4,0,266,4099
0,5,2,0,267,3759
1,5,2,0,267,3759
0,4,2,0,267,3759
0,6,2,0,267,3759
2,5,2,0,267,3759
1,4,2,0,267,3759
1,6,2,0,267,3759
0,3,2,0,267,3759
0,7,2,0,267,3759
3,5,2,0,267,3759
2,4,2,0,267,3759
2,6,2,0,267,3759
1,3,2,0,267,3759
1,7,2,0,267,3759
0,2,2,0,267,3759
0,8,2,0,267,3759
4,5,2,0,267,3759
3,4,2,0,267,3759
3,6,2,0,267,3759
2,3,2,0,267,3759
2,7,2,0,267,3759
1,2,2,0,267,3759
1,8,2,0,267,3759
0,1,2,0,267,3759
0,9,2,0,267,3759
5,5,2,0,267,3759
4,4,2,0,267,3759
4,6,2,0,267,3759
3,3,2,0,267,3759
3,7,2,0,267,3759
2,2,2,0,267,3759
2,8,2,0,267,3759
1,1,2,0,267,3759
1,9,2,0,267,3759
0,0,2,0,267,3759
6,5,2,0,267,3759
5,4,2,0,267,3759
5,6,2,0,267,3759
4,3,2,0,267,3759
4,7,2,0,267,3759
3,2,2,0,267,3759
3,8,2,0,267,3759
2,1,2,0,267,3759
2,9,2,0,267,3759
1,0,2,0,267,3759
7,5,2,0,267,3759
6,4,2,0,267,3759
6,6,2,0,267,3759
5,3,2,0,267,3759
5,7,2,0,267,3759
4,2,2,0,267,3759
4,8,2,0,267,3759
3,1,2,0,267,3759
3,9,2,0,267,3759
2,0,2,0,267,3759
9,5,2,0,267,3759
8,4,2,0,267,3759
8,6,2,0,267,3759
7,3,2,0,267,3759
7,7,2,0,267,3759
6,2,2,0,267,3759
6,8,2,0,267,3759
5,1,2,0,267,3759
5,9,2,0,267,3759
4,0,2,0,267,3759
4,9,2,0,267,3759
3,0,2,0,267,3759
0,6,1,1,268,3390
1,6,1,1,268,3390
0,5,1,1,268,3390
0,7,1,1,268,3390
2,6,1,1,268,3390
1,5,1,1,268,3390
1,7,1,1,268,3390
0,4,1,1,268,3390
0,8,1,1,268,3390
3,6,1,1,268,3390
2,5,1,1,268,3390
2,7,1,1,268,3390
1,4,1,1,268,3390
1,8,1,1,268,3390
0,3,1,1,268,3390
0,9,1,1,268,3390
4,6,1,1,268,3390
3,5,1,1,268,3390
3,7,1,1,268,3390
2,4,1,1,268,3390
2,8,1,1,268,3390
1,3,1,1,268,3390
1,9,1,1,268,3390
0,2,1,1,268,3390
5,6,1,1,268,3390
4,5,1,1,268,3390
4,7,1,1,268,3390
3,4,1,1,268,3390
3,8,1,1,268,3390
2,3,1,1,268,3390
2,9,1,1,268,3390
1,2,1,1,268,3390
0,1,1,1,268,3390
6,6,1,1,268,3390
5,5,1,1,268,3390
5,7,1,1,268,3390
4,4,1,1,268,3390
4,8,1,1,268,3390
3,3,1,1,268,3390
3,9,1,1,268,3390
2,2,1,1,268,3390
1,1,1,1,268,3390
0,0,1,1,268,3390
8,6,1,1,268,3390
7,5,1,1,268,3390
7,7,1,1,268,3390
6,4,1,1,268,3390
6,8,1,1,268,3390
5,3,1,1,268,3390
5,9,1,1,268,3390
4,2,1,1,268,3390
4,9,1,1,268,3390
3,1,1,1,268,3390
2,0,1,1,268,3390
1,0,1,1,268,3390
0,7,0,2,269,2986
1,7,0,2,269,2986
0,6,0,2,269,2986
0,8,0,2,269,2986
2,7,0,2,269,2986
1,6,0,2,269,2986
1,8,0,2,269,2986
0,5,0,2,269,2986
0,9,0,2,269,2986
3,7,0,2,269,2986
2,6,0,2,269,2986
2,8,0,2,269,2986
1,5,0,2,269,2986
1,9,0,2,269,2986
0,4,0,2,269,2986
4,7,0,2,269,2986
3,6,0,2,269,2986
3,8,0,2,269,2986
2,5,0,2,269,2986
2,9,0,2,269,2986
1,4,0,2,269,2986
0,3,0,2,269,2986
5,7,0,2,269,2986
4,6,0,2,269,2986
4,8,0,2,269,2986
3,5,0,2,269,2986
3,9,0,2,269,2986
2,4,0,2,269,2986
1,3,0,2,269,2986
0,2,0,2,269,2986
7,7,0,2,269,2986
6,6,0,2,269,2986
6,8,0,2,269,2986
5,5,0,2,269,2986
5,9,0,2,269,2986
4,4,0,2,269,2986
4,9,0,2,269,2986
3,3,0,2,269,2986
2,2,0,2,269,2986
1,1,0,2,269,2986
0,8,0,4,270,2571
1,8,0,4,270,2571
0,7,0,4,270,2571
0,9,0,4,270,2571
2,8,0,4,270,2571
1,7,0,4,270,2571
1,9,0,4,270,2571
0,6,0,4,270,2571
3,8,0,4,270,2571
2,7,0,4,270,2571
2,9,0,4,270,2571
1,6,0,4,270,2571
0,5,0,4,270,2571
4,8,0,4,270,2571
3,7,0,4,270,2571
3,9,0,4,270,2571
2,6,0,4,270,2571
1,5,0,4,270,2571
0,4,0,4,270,2571
6,8,0,4,270,2571
5,7,0,4,270,2571
5,9,0,4,270,2571
4,6,0,4,270,2571
4,9,0,4,270,2571
3,5,0,4,270,2571
2,4,0,4,270,2571
1,3,0,4,270,2571
0,9,1,7,271,2135
1,9,1,7,271,2135
0,8,1,7,271,2135
2,9,1,7,271,2135
1,8,1,7,271,2135
0,7,1,7,271,2135
3,9,1,7,271,2135
2,8,1,7,271,2135
1,7,1,7,271,2135
0,6,1,7,271,2135
5,9,1,7,271,2135
4,8,1,7,271,2135
4,9,1,7,271,2135
3,7,1,7,271,2135
3,8,1,7,271,2135
2,6,1,7,271,2135
2,7,1,7,271,2135
1,5,1,7,271,2135
1,6,1,7,271,2135
0,4,6,0,272,4422
1,4,6,0,272,4422
0,3,6,0,272,4422
0,5,6,0,272,4422
2,4,6,0,272,4422
1,3,6,0,272,4422
1,5,6,0,272,4422
0,2,6,0,272,4422
0,6,6,0,272,4422
3,4,6,0,272,4422
2,3,6,0,272,4422
2,5,6,0,272,4422
1,2,6,0,272,4422
1,6,6,0,272,4422
0,1,6,0,272,4422
0,7,6,0,272,4422
4,4,6,0,272,4422
3,3,6,0,272,4422
3,5,6,0,272,4422
2,2,6,0,272,4422
2,6,6,0,272,4422
1,1,6,0,272,4422
1,7,6,0,272,4422
0,0,6,0,272,4422
0,8,6,0,272,4422
5,4,6,0,272,4422
4,3,6,0,272,4422
4,5,6,0,272,4422
3,2,6,0,272,4422
3,6,6,0,272,4422
2,1,6,0,272,4422
2,7,6,0,272,4422
1,0,6,0,272,4422
1,8,6,0,272,4422
0,9,6,0,272,4422
6,4,6,0,272,4422
5,3,6,0,272,4422
5,5,6,0,272,4422
4,2,6,0,272,4422
4,6,6,0,272,4422
3,1,6,0,272,4422
3,7,6,0,272,4422
2,0,6,0,272,4422
2,8,6,0,272,4422
1,9,6,0,272,4422
7,4,6,0,272,4422
6,3,6,0,272,4422
6,5,6,0,272,4422
5,2,6,0,272,4422
5,6,6,0,272,4422
4,1,6,0,272,4422
4,7,6,0,272,4422
3,0,6,0,272,4422
3,8,6,0,272,4422
2,9,6,0,272,4422
8,4,6,0,272,4422
7,3,6,0,272,4422
7,5,6,0,272,4422
6,2,6,0,272,4422
6,6,6,0,272,4422
5,1,6,0,272,4422
5,7,6,0,272,4422
4,0,6,0,272,4422
4,8,6,0,272,4422
3,9,6,0,272,4422
9,4,6,0,272,4422
8,3,6,0,272,4422
8,5,6,0,272,4422
7,2,6,0,272,4422
7,6,6,0,272,4422
6,1,6,0,272,4422
6,7,6,0,272,4422
5,0,6,0,272,4422
5,8,6,0,272,4422
4,9,6,0,272,4422
9,3,6,0,272,4422
9,5,6,0,272,4422
8,2,6,0,272,4422
8,6,6,0,272,4422
7,1,6,0,272,4422
7,7,6,0,272,4422
6,0,6,0,272,4422
6,8,6,0,272,4422
5,9,6,0,272,4422
0,5,4,0,273,4109
1,5,4,0,273,4109
0,4,4,0,273,4109
0,6,4,0,273,4109
2,5,4,0,273,4109
1,4,4,0,273,4109
1,6,4,0,273,4109
0,3,4,0,273,4109
0,7,4,0,273,4109
3,5,4,0,273,4109
2,4,4,0,273,4109
2,6,4,0,273,4109
1,3,4,0,273,4109
1,7,4,0,273,4109
0,2,4,0,273,4109
0,8,4,0,273,4109
4,5,4,0,273,4109
3,4,4,0,273,4109
3,6,4,0,273,4109
2,3,4,0,273,4109
2,7,4,0,273,4109
1,2,4,0,273,4109
1,8,4,0,273,4109
0,1,4,0,273,4109
0,9,4,0,273,4109
5,5,4,0,273,4109
4,4,4,0,273,4109
4,6,4,0,273,4109
3,3,4,0,273,4109
3,7,4,0,273,4109
2,2,4,0,273,4109
2,8,4,0,273,4109
1,1,4,0,273,4109
1,9,4,0,273,4109
0,0,4,0,273,4109
6,5,4,0,273,4109
5,4,4,0,273,4109
5,6,4,0,273,4109
4,3,4,0,273,4109
4,7,4,0,273,4109
3,2,4,0,273,4109
3,8,4,0,273,4109
2,1,4,0,273,4109
2,9,4,0,273,4109
1,0,4,0,273,4109
7,5,4,0,273,4109
6,4,4,0,273,4109
6,6,4,0,273,4109
5,3,4,0,273,4109
5,7,4,0,273,4109
4,2,4,0,273,4109
4,8,4,0,273,4109
3,1,4,0,273,4109
3,9,4,0,273,4109
2,0,4,0,273,4109
8,5,4,0,273,4109
7,4,4,0,273,4109
7,6,4,0,273,4109
6,3,4,0,273,4109
6,7,4,0,273,4109
5,2,4,0,273,4109
5,8,4,0,273,4109
4,1,4,0,273,4109
4,9,4,0,273,4109
3,0,4,0,273,4109
9,5,4,0,273,4109
8,4,4,0,273,4109
8,6,4,0,273,4109
7,3,4,0,273,4109
7,7,4,0,273,4109
6,2,4,0,273,4109
6,8,4,0,273,4109
5,1,4,0,273,4109
5,9,4,0,273,4109
4,0,4,0,273,4109
0,7,0,2,274,3241
1,7,0,2,274,3241
0,6,0,2,274,3241
0,8,0,2,274,3241
2,7,0,2,274,3241
1,6,0,2,274,3241
1,8,0,2,274,3241
0,5,0,2,274,3241
0,9,0,2,274,3241
3,7,0,2,274,3241
2,6,0,2,274,3241
2,8,0,2,274,3241
1,5,0,2,274,3241
1,9,0,2,274,3241
0,4,0,2,274,3241
4,7,0,2,274,3241
3,6,0,2,274,3241
3,8,0,2,274,3241
2,5,0,2,274,3241
2,9,0,2,274,3241
1,4,0,2,274,3241
0,3,0,2,274,3241
5,7,0,2,274,3241
4,6,0,2,274,3241
4,8,0,2,274,3241
3,5,0,2,274,3241
3,9,0,2,274,3241
2,4,0,2,274,3241
1,3,0,2,274,3241
0,2,0,2,274,3241
6,7,0,2,274,3241
5,6,0,2,274,3241
5,8,0,2,274,3241
4,5,0,2,274,3241
4,9,0,2,274,3241
3,4,0,2,274,3241
2,3,0,2,274,3241
1,2,0,2,274,3241
0,1,0,2,274,3241
7,7,0,2,274,3241
6,6,0,2,274,3241
6,8,0,2,274,3241
5,5,0,2,274,3241
5,9,0,2,274,3241
4,4,0,2,274,3241
3,3,0,2,274,3241
2,2,0,2,274,3241
1,1,0,2,274,3241
0,0,0,2,274,3241
0,8,0,4,275,2845
1,8,0,4,275,2845
0,7,0,4,275,2845
0,9,0,4,275,2845
2,8,0,4,275,2845
1,7,0,4,275,2845
1,9,0,4,275,2845
0,6,0,4,275,2845
3,8,0,4,275,2845
2,7,0,4,275,2845
2,9,0,4,275,2845
1,6,0,4,275,2845
0,5,0,4,275,2845
4,8,0,4,275,2845
3,7,0,4,275,2845
3,9,0,4,275,2845
2,6,0,4,275,2845
1,5,0,4,275,2845
0,4,0,4,275,2845
5,8,0,4,275,2845
4,7,0,4,275,2845
4,9,0,4,275,2845
3,6,0,4,275,2845
2,5,0,4,275,2845
1,4,0,4,275,2845
0,3,0,4,275,2845
6,8,0,4,275,2845
5,7,0,4,275,2845
5,9,0,4,275,2845
4,6,0,4,275,2845
3,5,0,4,275,2845
2,4,0,4,275,2845
1,3,0,4,275,2845
0,2,0,4,275,2845
0,9,1,5,276,2583
1,9,1,5,276,2583
0,8,1,5,276,2583
2,9,1,5,276,2583
1,8,1,5,276,2583
0,7,1,5,276,2583
3,9,1,5,276,2583
2,8,1,5,276,2583
1,7,1,5,276,2583
0,6,1,5,276,2583
4,9,1,5,276,2583
3,8,1,5,276,2583
2,7,1,5,276,2583
1,6,1,5,276,2583
0,5,1,5,276,2583
5,9,1,5,276,2583
4,8,1,5,276,2583
3,7,1,5,276,2583
2,6,1,5,276,2583
1,5,1,5,276,2583
0,4,1,5,276,2583
7,3,9,5,277,1136
9,3,9,5,277,1136
8,2,9,5,277,1136
8,4,9,5,277,1136
8,3,9,5,277,1136
9,2,9,5,277,1136
9,4,9,5,277,1136
9,1,9,5,277,1136
9,5,9,5,277,1136
5,3,9,5,278,1649
7,3,9,5,278,1649
6,2,9,5,278,1649
6,4,9,5,278,1649
9,3,9,5,278,1649
8,2,9,5,278,1649
8,4,9,5,278,1649
7,1,9,5,278,1649
7,5,9,5,278,1649
8,3,9,5,278,1649
9,2,9,5,278,1649
9,4,9,5,278,1649
9,1,9,5,278,1649
9,5,9,5,278,1649
8,0,9,5,278,1649
8,6,9,5,278,1649
6,4,9,5,279,1138
8,4,9,5,279,1138
7,3,9,5,279,1138
7,5,9,5,279,1138
9,4,9,5,279,1138
9,3,9,5,279,1138
9,5,9,5,279,1138
8,2,9,5,279,1138
8,6,9,5,279,1138
5,5,7,7,280,1136
7,5,7,7,280,1136
6,4,7,7,280,1136
6,6,7,7,280,1136
9,5,7,7,280,1136
8,4,7,7,280,1136
8,6,7,7,280,1136
7,3,7,7,280,1136
7,7,7,7,280,1136
4,6,6,8,280,1136
6,6,6,8,280,1136
5,5,6,8,280,1136
5,7,6,8,280,1136
8,6,6,8,280,1136
7,5,6,8,280,1136
7,7,6,8,280,1136
6,4,6,8,280,1136
6,8,6,8,280,1136
3,7,6,8,168,1138
5,7,6,8,168,1138
4,6,6,8,168,1138
4,8,6,8,168,1138
7,7,6,8,168,1138
6,6,6,8,168,1138
6,8,6,8,168,1138
5,5,6,8,168,1138
5,9,6,8,168,1138
1,7,6,8,281,1650
3,7,6,8,281,1650
2,6,6,8,281,1650
2,8,6,8,281,1650
5,7,6,8,281,1650
4,6,6,8,281,1650
4,8,6,8,281,1650
3,5,6,8,281,1650
3,9,6,8,281,1650
7,7,6,8,281,1650
6,6,6,8,281,1650
6,8,6,8,281,1650
5,5,6,8,281,1650
5,9,6,8,281,1650
4,4,6,8,281,1650
4,9,6,8,281,1650
2,8,5,7,238,1138
4,8,5,7,238,1138
3,7,5,7,238,1138
3,9,5,7,238,1138
6,8,5,7,238,1138
5,7,5,7,238,1138
5,9,5,7,238,1138
4,6,5,7,238,1138
4,9,5,7,238,1138
0,8,5,7,282,1650
2,8,5,7,282,1650
1,7,5,7,282,1650
1,9,5,7,282,1650
4,8,5,7,282,1650
3,7,5,7,282,1650
3,9,5,7,282,1650
2,6,5,7,282,1650
2,9,5,7,282,1650
6,8,5,7,282,1650
5,7,5,7,282,1650
5,9,5,7,282,1650
4,6,5,7,282,1650
4,9,5,7,282,1650
3,5,5,7,282,1650
3,8,5,7,282,1650
0,9,0,8,283,1651
1,9,0,8,283,1651
0,8,0,8,283,1651
3,9,0,8,283,1651
2,8,0,8,283,1651
2,9,0,8,283,1651
1,7,0,8,283,1651
1,8,0,8,283,1651
5,9,0,8,283,1651
4,8,0,8,283,1651
4,9,0,8,283,1651
3,7,0,8,283,1651
3,8,0,8,283,1651
2,6,0,8,283,1651
2,7,0,8,283,1651
8,4,9,5,237,588
9,4,9,5,237,588
9,3,9,5,237,588
9,5,9,5,237,588
7,5,9,5,54,588
9,5,9,5,54,588
8,4,9,5,54,588
8,6,9,5,54,588
6,6,7,7,97,588
8,6,7,7,97,588
7,5,7,7,97,588
7,7,7,7,97,588
5,7,6,8,97,588
7,7,6,8,97,588
6,6,6,8,97,588
6,8,6,8,97,588
3,9,4,8,284,588
5,9,4,8,284,588
4,8,4,8,284,588
4,9,4,8,284,588
9,5,9,5,0,0
8,6,8,6,0,0
7,7,7,7,0,0
6,8,6,8,0,0
5,9,5,9,0,0
0,0,9,6,285,4428
1,0,9,6,285,4428
0,1,9,6,285,4428
2,0,9,6,285,4428
1,1,9,6,285,4428
0,2,9,6,285,4428
3,0,9,6,285,4428
2,1,9,6,285,4428
1,2,9,6,285,4428
0,3,9,6,285,4428
4,0,9,6,285,4428
3,1,9,6,285,4428
2,2,9,6,285,4428
1,3,9,6,285,4428
0,4,9,6,285,4428
5,0,9,6,285,4428
4,1,9,6,285,4428
3,2,9,6,285,4428
2,3,9,6,285,4428
1,4,9,6,285,4428
0,5,9,6,285,4428
7,0,9,6,285,4428
6,0,9,6,285,4428
6,1,9,6,285,4428
5,1,9,6,285,4428
5,2,9,6,285,4428
4,2,9,6,285,4428
4,3,9,6,285,4428
3,3,9,6,285,4428
3,4,9,6,285,4428
2,4,9,6,285,4428
2,5,9,6,285,4428
1,5,9,6,285,4428
1,6,9,6,285,4428
9,0,9,6,285,4428
8,0,9,6,285,4428
8,1,9,6,285,4428
7,1,9,6,285,4428
7,2,9,6,285,4428
6,2,9,6,285,4428
6,3,9,6,285,4428
5,3,9,6,285,4428
5,4,9,6,285,4428
4,4,9,6,285,4428
4,5,9,6,285,4428
3,5,9,6,285,4428
3,6,9,6,285,4428
2,6,9,6,285,4428
2,7,9,6,285,4428
9,1,9,6,285,4428
9,2,9,6,285,4428
8,2,9,6,285,4428
8,3,9,6,285,4428
7,3,9,6,285,4428
7,4,9,6,285,4428
6,4,9,6,285,4428
6,5,9,6,285,4428
5,5,9,6,285,4428
5,6,9,6,285,4428
4,6,9,6,285,4428
4,7,9,6,285,4428
3,7,9,6,285,4428
3,8,9,6,285,4428
9,3,9,6,285,4428
9,4,9,6,285,4428
8,4,9,6,285,4428
8,5,9,6,285,4428
7,5,9,6,285,4428
7,6,9,6,285,4428
6,6,9,6,285,4428
6,7,9,6,285,4428
5,7,9,6,285,4428
5,8,9,6,285,4428
4,8,9,6,285,4428
4,9,9,6,285,4428
9,5,9,6,285,4428
9,6,9,6,285,4428
8,6,9,6,285,4428
8,7,9,6,285,4428
7,7,9,6,285,4428
7,8,9,6,285,4428
6,8,9,6,285,4428
6,9,9,6,285,4428
5,9,9,6,285,4428
0,0,9,6,286,4100
1,0,9,6,286,4100
0,1,9,6,286,4100
2,0,9,6,286,4100
1,1,9,6,286,4100
0,2,9,6,286,4100
3,0,9,6,286,4100
2,1,9,6,286,4100
1,2,9,6,286,4100
0,3,9,6,286,4100
5,0,9,6,286,4100
4,0,9,6,286,4100
4,1,9,6,286,4100
3,1,9,6,286,4100
3,2,9,6,286,4100
2,2,9,6,286,4100
2,3,9,6,286,4100
1,3,9,6,286,4100
1,4,9,6,286,4100
7,0,9,6,286,4100
6,0,9,6,286,4100
6,1,9,6,286,4100
5,1,9,6,286,4100
5,2,9,6,286,4100
4,2,9,6,286,4100
4,3,9,6,286,4100
3,3,9,6,286,4100
3,4,9,6,286,4100
2,4,9,6,286,4100
2,5,9,6,286,4100
9,0,9,6,286,4100
8,0,9,6,286,4100
8,1,9,6,286,4100
7,1,9,6,286,4100
7,2,9,6,286,4100
6,2,9,6,286,4100
6,3,9,6,286,4100
5,3,9,6,286,4100
5,4,9,6,286,4100
4,4,9,6,286,4100
4,5,9,6,286,4100
3,5,9,6,286,4100
3,6,9,6,286,4100
9,1,9,6,286,4100
9,2,9,6,286,4100
8,2,9,6,286,4100
8,3,9,6,286,4100
7,3,9,6,286,4100
7,4,9,6,286,4100
6,4,9,6,286,4100
6,5,9,6,286,4100
5,5,9,6,286,4100
5,6,9,6,286,4100
4,6,9,6,286,4100
4,7,9,6,286,4100
9,3,9,6,286,4100
9,4,9,6,286,4100
8,4,9,6,286,4100
8,5,9,6,286,4100
7,5,9,6,286,4100
7,6,9,6,286,4100
6,6,9,6,286,4100
6,7,9,6,286,4100
5,7,9,6,286,4100
5,8,9,6,286,4100
9,5,9,6,286,4100
9,6,9,6,286,4100
8,6,9,6,286,4100
8,7,9,6,286,4100
7,7,9,6,286,4100
7,8,9,6,286,4100
6,8,9,6,286,4100
6,9,9,6,286,4100
0,0,9,6,287,3748
1,0,9,6,287,3748
0,1,9,6,287,3748
3,0,9,6,287,3748
2,0,9,6,287,3748
2,1,9,6,287,3748
1,1,9,6,287,3748
1,2,9,6,287,3748
5,0,9,6,287,3748
4,0,9,6,287,3748
4,1,9,6,287,3748
3,1,9,6,287,3748
3,2,9,6,287,3748
2,2,9,6,287,3748
2,3,9,6,287,3748
7,0,9,6,287,3748
6,0,9,6,287,3748
6,1,9,6,287,3748
5,1,9,6,287,3748
5,2,9,6,287,3748
4,2,9,6,287,3748
4,3,9,6,287,3748
3,3,9,6,287,3748
3,4,9,6,287,3748
9,0,9,6,287,3748
8,0,9,6,287,3748
8,1,9,6,287,3748
7,1,9,6,287,3748
7,2,9,6,287,3748
6,2,9,6,287,3748
6,3,9,6,287,3748
5,3,9,6,287,3748
5,4,9,6,287,3748
4,4,9,6,287,3748
4,5,9,6,287,3748
9,1,9,6,287,3748
9,2,9,6,287,3748
8,2,9,6,287,3748
8,3,9,6,287,3748
7,3,9,6,287,3748
7,4,9,6,287,3748
6,4,9,6,287,3748
6,5,9,6,287,3748
5,5,9,6,287,3748
5,6,9,6,287,3748
9,3,9,6,287,3748
9,4,9,6,287,3748
8,4,9,6,287,3748
8,5,9,6,287,3748
7,5,9,6,287,3748
7,6,9,6,287,3748
6,6,9,6,287,3748
6,7,9,6,287,3748
9,5,9,6,287,3748
9,6,9,6,287,3748
8,6,9,6,287,3748
8,7,9,6,287,3748
7,7,9,6,287,3748
7,8,9,6,287,3748
1,0,9,6,288,3371
3,0,9,6,288,3371
2,0,9,6,288,3371
2,1,9,6,288,3371
5,0,9,6,288,3371
4,0,9,6,288,3371
4,1,9,6,288,3371
3,1,9,6,288,3371
3,2,9,6,288,3371
7,0,9,6,288,3371
6,0,9,6,288,3371
6,1,9,6,288,3371
5,1,9,6,288,3371
5,2,9,6,288,3371
4,2,9,6,288,3371
4,3,9,6,288,3371
9,0,9,6,288,3371
8,0,9,6,288,3371
8,1,9,6,288,3371
7,1,9,6,288,3371
7,2,9,6,288,3371
6,2,9,6,288,3371
6,3,9,6,288,3371
5,3,9,6,288,3371
5,4,9,6,288,3371
9,1,9,6,288,3371
9,2,9,6,288,3371
8,2,9,6,288,3371
8,3,9,6,288,3371
7,3,9,6,288,3371
7,4,9,6,288,3371
6,4,9,6,288,3371
6,5,9,6,288,3371
9,3,9,6,288,3371
9,4,9,6,288,3371
8,4,9,6,288,3371
8,5,9,6,288,3371
7,5,9,6,288,3371
7,6,9,6,288,3371
9,5,9,6,288,3371
9,6,9,6,288,3371
8,6,9,6,288,3371
8,7,9,6,288,3371
3,0,8,5,289,2998
5,0,8,5,289,2998
4,0,8,5,289,2998
4,1,8,5,289,2998
7,0,8,5,289,2998
6,0,8,5,289,2998
6,1,8,5,289,2998
5,1,8,5,289,2998
5,2,8,5,289,2998
9,0,8,5,289,2998
8,0,8,5,289,2998
8,1,8,5,289,2998
7,1,8,5,289,2998
7,2,8,5,289,2998
6,2,8,5,289,2998
6,3,8,5,289,2998
9,1,8,5,289,2998
9,2,8,5,289,2998
8,2,8,5,289,2998
8,3,8,5,289,2998
7,3,8,5,289,2998
7,4,8,5,289,2998
9,3,8,5,289,2998
9,4,8,5,289,2998
8,4,8,5,289,2998
8,5,8,5,289,2998
9,5,8,5,289,2998
9,6,8,5,289,2998
4,1,8,5,290,2571
6,1,8,5,290,2571
5,0,8,5,290,2571
5,2,8,5,290,2571
8,1,8,5,290,2571
7,0,8,5,290,2571
7,2,8,5,290,2571
6,0,8,5,290,2571
6,3,8,5,290,2571
9,1,8,5,290,2571
9,0,8,5,290,2571
9,2,8,5,290,2571
8,0,8,5,290,2571
8,3,8,5,290,2571
7,1,8,5,290,2571
7,4,8,5,290,2571
8,2,8,5,290,2571
9,3,8,5,290,2571
9,4,8,5,290,2571
8,5,8,5,290,2571
5,1,8,5,290,2571
6,2,8,5,290,2571
7,3,8,5,290,2571
8,4,8,5,290,2571
9,5,8,5,290,2571
9,6,8,5,290,2571
2,1,9,6,291,2986
4,1,9,6,291,2986
3,0,9,6,291,2986
3,2,9,6,291,2986
6,1,9,6,291,2986
5,0,9,6,291,2986
5,2,9,6,291,2986
4,0,9,6,291,2986
4,3,9,6,291,2986
8,1,9,6,291,2986
7,0,9,6,291,2986
7,2,9,6,291,2986
6,0,9,6,291,2986
6,3,9,6,291,2986
5,1,9,6,291,2986
5,4,9,6,291,2986
9,1,9,6,291,2986
9,0,9,6,291,2986
9,2,9,6,291,2986
8,0,9,6,291,2986
8,3,9,6,291,2986
7,1,9,6,291,2986
7,4,9,6,291,2986
6,2,9,6,291,2986
6,5,9,6,291,2986
8,2,9,6,291,2986
9,3,9,6,291,2986
9,4,9,6,291,2986
8,5,9,6,291,2986
7,3,9,6,291,2986
7,6,9,6,291,2986
8,4,9,6,291,2986
9,5,9,6,291,2986
9,6,9,6,291,2986
8,7,9,6,291,2986
3,2,9,6,292,2571
5,2,9,6,292,2571
4,1,9,6,292,2571
4,3,9,6,292,2571
7,2,9,6,292,2571
6,1,9,6,292,2571
6,3,9,6,292,2571
5,0,9,6,292,2571
5,4,9,6,292,2571
9,2,9,6,292,2571
8,1,9,6,292,2571
8,3,9,6,292,2571
7,0,9,6,292,2571
7,4,9,6,292,2571
6,0,9,6,292,2571
6,5,9,6,292,2571
8,2,9,6,292,2571
9,1,9,6,292,2571
9,3,9,6,292,2571
9,0,9,6,292,2571
9,4,9,6,292,2571
8,0,9,6,292,2571
8,5,9,6,292,2571
7,1,9,6,292,2571
7,6,9,6,292,2571
6,2,9,6,292,2571
7,3,9,6,292,2571
8,4,9,6,292,2571
9,5,9,6,292,2571
9,6,9,6,292,2571
8,7,9,6,292,2571
0,1,9,6,293,3378
2,1,9,6,293,3378
1,0,9,6,293,3378
1,2,9,6,293,3378
4,1,9,6,293,3378
3,0,9,6,293,3378
3,2,9,6,293,3378
2,0,9,6,293,3378
2,3,9,6,293,3378
6,1,9,6,293,3378
5,0,9,6,293,3378
5,2,9,6,293,3378
4,0,9,6,293,3378
4,3,9,6,293,3378
3,1,9,6,293,3378
3,4,9,6,293,3378
8,1,9,6,293,3378
7,0,9,6,293,3378
7,2,9,6,293,3378
6,0,9,6,293,3378
6,3,9,6,293,3378
5,1,9,6,293,3378
5,4,9,6,293,3378
4,2,9,6,293,3378
4,5,9,6,293,3378
9,1,9,6,293,3378
9,0,9,6,293,3378
9,2,9,6,293,3378
8,0,9,6,293,3378
8,3,9,6,293,3378
7,1,9,6,293,3378
7,4,9,6,293,3378
6,2,9,6,293,3378
6,5,9,6,293,3378
5,3,9,6,293,3378
5,6,9,6,293,3378
8,2,9,6,293,3378
9,3,9,6,293,3378
9,4,9,6,293,3378
8,5,9,6,293,3378
7,3,9,6,293,3378
7,6,9,6,293,3378
6,4,9,6,293,3378
6,7,9,6,293,3378
8,4,9,6,293,3378
9,5,9,6,293,3378
9,6,9,6,293,3378
8,7,9,6,293,3378
7,5,9,6,293,3378
7,8,9,6,293,3378
2,3,9,6,294,2574
4,3,9,6,294,2574
3,2,9,6,294,2574
3,4,9,6,294,2574
6,3,9,6,294,2574
5,2,9,6,294,2574
5,4,9,6,294,2574
4,1,9,6,294,2574
4,5,9,6,294,2574
8,3,9,6,294,2574
7,2,9,6,294,2574
7,4,9,6,294,2574
6,1,9,6,294,2574
6,5,9,6,294,2574
5,0,9,6,294,2574
5,6,9,6,294,2574
9,3,9,6,294,2574
9,2,9,6,294,2574
9,4,9,6,294,2574
8,1,9,6,294,2574
8,5,9,6,294,2574
7,0,9,6,294,2574
7,6,9,6,294,2574
6,0,9,6,294,2574
6,7,9,6,294,2574
7,3,9,6,294,2574
8,2,9,6,294,2574
8,4,9,6,294,2574
9,1,9,6,294,2574
9,5,9,6,294,2574
9,0,9,6,294,2574
9,6,9,6,294,2574
8,0,9,6,294,2574
8,7,9,6,294,2574
7,1,9,6,294,2574
7,8,9,6,294,2574
0,1,8,5,295,3760
1,1,8,5,295,3760
0,0,8,5,295,3760
0,2,8,5,295,3760
2,1,8,5,295,3760
1,0,8,5,295,3760
1,2,8,5,295,3760
0,3,8,5,295,3760
4,1,8,5,295,3760
3,0,8,5,295,3760
3,2,8,5,295,3760
2,0,8,5,295,3760
2,3,8,5,295,3760
1,4,8,5,295,3760
6,1,8,5,295,3760
5,0,8,5,295,3760
5,2,8,5,295,3760
4,0,8,5,295,3760
4,3,8,5,295,3760
3,1,8,5,295,3760
3,4,8,5,295,3760
2,2,8,5,295,3760
2,5,8,5,295,3760
8,1,8,5,295,3760
7,0,8,5,295,3760
7,2,8,5,295,3760
6,0,8,5,295,3760
6,3,8,5,295,3760
5,1,8,5,295,3760
5,4,8,5,295,3760
4,2,8,5,295,3760
4,5,8,5,295,3760
3,3,8,5,295,3760
3,6,8,5,295,3760
9,1,8,5,295,3760
9,0,8,5,295,3760
9,2,8,5,295,3760
8,0,8,5,295,3760
8,3,8,5,295,3760
7,1,8,5,295,3760
7,4,8,5,295,3760
6,2,8,5,295,3760
6,5,8,5,295,3760
5,3,8,5,295,3760
5,6,8,5,295,3760
4,4,8,5,295,3760
4,7,8,5,295,3760
8,2,8,5,295,3760
9,3,8,5,295,3760
9,4,8,5,295,3760
8,5,8,5,295,3760
7,3,8,5,295,3760
7,6,8,5,295,3760
6,4,8,5,295,3760
6,7,8,5,295,3760
5,5,8,5,295,3760
5,8,8,5,295,3760
8,4,8,5,295,3760
9,5,8,5,295,3760
9,6,8,5,295,3760
8,7,8,5,295,3760
7,5,8,5,295,3760
7,8,8,5,295,3760
6,6,8,5,295,3760
6,9,8,5,295,3760
0,3,9,6,296,2992
2,3,9,6,296,2992
1,2,9,6,296,2992
1,4,9,6,296,2992
4,3,9,6,296,2992
3,2,9,6,296,2992
3,4,9,6,296,2992
2,1,9,6,296,2992
2,5,9,6,296,2992
6,3,9,6,296,2992
5,2,9,6,296,2992
5,4,9,6,296,2992
4,1,9,6,296,2992
4,5,9,6,296,2992
3,0,9,6,296,2992
3,6,9,6,296,2992
8,3,9,6,296,2992
7,2,9,6,296,2992
7,4,9,6,296,2992
6,1,9,6,296,2992
6,5,9,6,296,2992
5,0,9,6,296,2992
5,6,9,6,296,2992
4,0,9,6,296,2992
4,7,9,6,296,2992
9,3,9,6,296,2992
9,2,9,6,296,2992
9,4,9,6,296,2992
8,1,9,6,296,2992
8,5,9,6,296,2992
7,0,9,6,296,2992
7,6,9,6,296,2992
6,0,9,6,296,2992
6,7,9,6,296,2992
5,1,9,6,296,2992
5,8,9,6,296,2992
7,3,9,6,296,2992
8,2,9,6,296,2992
8,4,9,6,296,2992
9,1,9,6,296,2992
9,5,9,6,296,2992
9,0,9,6,296,2992
9,6,9,6,296,2992
8,0,9,6,296,2992
8,7,9,6,296,2992
7,1,9,6,296,2992
7,8,9,6,296,2992
6,2,9,6,296,2992
6,9,9,6,296,2992
1,4,8,5,297,2574
3,4,8,5,297,2574
2,3,8,5,297,2574
2,5,8,5,297,2574
5,4,8,5,297,2574
4,3,8,5,297,2574
4,5,8,5,297,2574
3,2,8,5,297,2574
3,6,8,5,297,2574
7,4,8,5,297,2574
6,3,8,5,297,2574
6,5,8,5,297,2574
5,2,8,5,297,2574
5,6,8,5,297,2574
4,1,8,5,297,2574
4,7,8,5,297,2574
9,4,8,5,297,2574
8,3,8,5,297,2574
8,5,8,5,297,2574
7,2,8,5,297,2574
7,6,8,5,297,2574
6,1,8,5,297,2574
6,7,8,5,297,2574
5,0,8,5,297,2574
5,8,8,5,297,2574
8,4,8,5,297,2574
9,3,8,5,297,2574
9,5,8,5,297,2574
9,2,8,5,297,2574
9,6,8,5,297,2574
8,1,8,5,297,2574
8,7,8,5,297,2574
7,0,8,5,297,2574
7,8,8,5,297,2574
6,0,8,5,297,2574
6,9,8,5,297,2574
0,3,9,6,298,3381
1,3,9,6,298,3381
0,2,9,6,298,3381
0,4,9,6,298,3381
2,3,9,6,298,3381
1,2,9,6,298,3381
1,4,9,6,298,3381
0,1,9,6,298,3381
0,5,9,6,298,3381
4,3,9,6,298,3381
3,2,9,6,298,3381
3,4,9,6,298,3381
2,1,9,6,298,3381
2,5,9,6,298,3381
1,0,9,6,298,3381
1,6,9,6,298,3381
6,3,9,6,298,3381
5,2,9,6,298,3381
5,4,9,6,298,3381
4,1,9,6,298,3381
4,5,9,6,298,3381
3,0,9,6,298,3381
3,6,9,6,298,3381
2,0,9,6,298,3381
2,7,9,6,298,3381
8,3,9,6,298,3381
7,2,9,6,298,3381
7,4,9,6,298,3381
6,1,9,6,298,3381
6,5,9,6,298,3381
5,0,9,6,298,3381
5,6,9,6,298,3381
4,0,9,6,298,3381
4,7,9,6,298,3381
3,1,9,6,298,3381
3,8,9,6,298,3381
9,3,9,6,298,3381
9,2,9,6,298,3381
9,4,9,6,298,3381
8,1,9,6,298,3381
8,5,9,6,298,3381
7,0,9,6,298,3381
7,6,9,6,298,3381
6,0,9,6,298,3381
6,7,9,6,298,3381
5,1,9,6,298,3381
5,8,9,6,298,3381
4,2,9,6,298,3381
4,9,9,6,298,3381
7,3,9,6,298,3381
8,2,9,6,298,3381
8,4,9,6,298,3381
9,1,9,6,298,3381
9,5,9,6,298,3381
9,0,9,6,298,3381
9,6,9,6,298,3381
8,0,9,6,298,3381
8,7,9,6,298,3381
7,1,9,6,298,3381
7,8,9,6,298,3381
6,2,9,6,298,3381
6,9,9,6,298,3381
5,3,9,6,298,3381
5,9,9,6,298,3381
0,4,8,5,299,2992
1,4,8,5,299,2992
0,3,8,5,299,2992
0,5,8,5,299,2992
3,4,8,5,299,2992
2,3,8,5,299,2992
2,5,8,5,299,2992
1,2,8,5,299,2992
1,6,8,5,299,2992
5,4,8,5,299,2992
4,3,8,5,299,2992
4,5,8,5,299,2992
3,2,8,5,299,2992
3,6,8,5,299,2992
2,1,8,5,299,2992
2,7,8,5,299,2992
7,4,8,5,299,2992
6,3,8,5,299,2992
6,5,8,5,299,2992
5,2,8,5,299,2992
5,6,8,5,299,2992
4,1,8,5,299,2992
4,7,8,5,299,2992
3,0,8,5,299,2992
3,8,8,5,299,2992
9,4,8,5,299,2992
8,3,8,5,299,2992
8,5,8,5,299,2992
7,2,8,5,299,2992
7,6,8,5,299,2992
6,1,8,5,299,2992
6,7,8,5,299,2992
5,0,8,5,299,2992
5,8,8,5,299,2992
4,0,8,5,299,2992
4,9,8,5,299,2992
8,4,8,5,299,2992
9,3,8,5,299,2992
9,5,8,5,299,2992
9,2,8,5,299,2992
9,6,8,5,299,2992
8,1,8,5,299,2992
8,7,8,5,299,2992
7,0,8,5,299,2992
7,8,8,5,299,2992
6,0,8,5,299,2992
6,9,8,5,299,2992
5,1,8,5,299,2992
5,9,8,5,299,2992
0,5,8,3,300,2574
2,5,8,3,300,2574
1,4,8,3,300,2574
1,6,8,3,300,2574
4,5,8,3,300,2574
3,4,8,3,300,2574
3,6,8,3,300,2574
2,3,8,3,300,2574
2,7,8,3,300,2574
6,5,8,3,300,2574
5,4,8,3,300,2574
5,6,8,3,300,2574
4,3,8,3,300,2574
4,7,8,3,300,2574
3,2,8,3,300,2574
3,8,8,3,300,2574
8,5,8,3,300,2574
7,4,8,3,300,2574
7,6,8,3,300,2574
6,3,8,3,300,2574
6,7,8,3,300,2574
5,2,8,3,300,2574
5,8,8,3,300,2574
4,1,8,3,300,2574
4,9,8,3,300,2574
9,5,8,3,300,2574
9,4,8,3,300,2574
9,6,8,3,300,2574
8,3,8,3,300,2574
8,7,8,3,300,2574
7,2,8,3,300,2574
7,8,8,3,300,2574
6,1,8,3,300,2574
6,9,8,3,300,2574
5,0,8,3,300,2574
5,9,8,3,300,2574
0,1,8,5,301,4435
1,1,8,5,301,4435
0,0,8,5,301,4435
0,2,8,5,301,4435
2,1,8,5,301,4435
1,0,8,5,301,4435
1,2,8,5,301,4435
0,3,8,5,301,4435
3,1,8,5,301,4435
2,0,8,5,301,4435
2,2,8,5,301,4435
1,3,8,5,301,4435
0,4,8,5,301,4435
4,1,8,5,301,4435
3,0,8,5,301,4435
3,2,8,5,301,4435
2,3,8,5,301,4435
1,4,8,5,301,4435
0,5,8,5,301,4435
5,1,8,5,301,4435
4,0,8,5,301,4435
4,2,8,5,301,4435
3,3,8,5,301,4435
2,4,8,5,301,4435
1,5,8,5,301,4435
0,6,8,5,301,4435
6,1,8,5,301,4435
5,0,8,5,301,4435
5,2,8,5,301,4435
4,3,8,5,301,4435
3,4,8,5,301,4435
2,5,8,5,301,4435
1,6,8,5,301,4435
0,7,8,5,301,4435
8,1,8,5,301,4435
7,0,8,5,301,4435
7,2,8,5,301,4435
6,0,8,5,301,4435
6,3,8,5,301,4435
5,4,8,5,301,4435
4,5,8,5,301,4435
3,6,8,5,301,4435
2,7,8,5,301,4435
1,8,8,5,301,4435
9,1,8,5,301,4435
9,0,8,5,301,4435
9,2,8,5,301,4435
8,0,8,5,301,4435
8,3,8,5,301,4435
7,1,8,5,301,4435
7,4,8,5,301,4435
6,2,8,5,301,4435
6,5,8,5,301,4435
5,3,8,5,301,4435
5,6,8,5,301,4435
4,4,8,5,301,4435
4,7,8,5,301,4435
3,5,8,5,301,4435
3,8,8,5,301,4435
2,6,8,5,301,4435
2,9,8,5,301,4435
8,2,8,5,301,4435
9,3,8,5,301,4435
9,4,8,5,301,4435
8,5,8,5,301,4435
7,3,8,5,301,4435
7,6,8,5,301,4435
6,4,8,5,301,4435
6,7,8,5,301,4435
5,5,8,5,301,4435
5,8,8,5,301,4435
4,6,8,5,301,4435
4,9,8,5,301,4435
3,7,8,5,301,4435
3,9,8,5,301,4435
8,4,8,5,301,4435
9,5,8,5,301,4435
9,6,8,5,301,4435
8,7,8,5,301,4435
7,5,8,5,301,4435
7,8,8,5,301,4435
6,6,8,5,301,4435
6,9,8,5,301,4435
5,7,8,5,301,4435
5,9,8,5,301,4435
4,8,8,5,301,4435
0,2,8,3,302,4105
1,2,8,3,302,4105
0,1,8,3,302,4105
0,3,8,3,302,4105
2,2,8,3,302,4105
1,1,8,3,302,4105
1,3,8,3,302,4105
0,0,8,3,302,4105
0,4,8,3,302,4105
3,2,8,3,302,4105
2,1,8,3,302,4105
2,3,8,3,302,4105
1,0,8,3,302,4105
1,4,8,3,302,4105
0,5,8,3,302,4105
4,2,8,3,302,4105
3,1,8,3,302,4105
3,3,8,3,302,4105
2,0,8,3,302,4105
2,4,8,3,302,4105
1,5,8,3,302,4105
0,6,8,3,302,4105
5,2,8,3,302,4105
4,1,8,3,302,4105
4,3,8,3,302,4105
3,0,8,3,302,4105
3,4,8,3,302,4105
2,5,8,3,302,4105
1,6,8,3,302,4105
0,7,8,3,302,4105
7,2,8,3,302,4105
6,1,8,3,302,4105
6,3,8,3,302,4105
5,0,8,3,302,4105
5,4,8,3,302,4105
4,0,8,3,302,4105
4,5,8,3,302,4105
3,6,8,3,302,4105
2,7,8,3,302,4105
1,8,8,3,302,4105
9,2,8,3,302,4105
8,1,8,3,302,4105
8,3,8,3,302,4105
7,0,8,3,302,4105
7,4,8,3,302,4105
6,0,8,3,302,4105
6,5,8,3,302,4105
5,1,8,3,302,4105
5,6,8,3,302,4105
4,7,8,3,302,4105
3,8,8,3,302,4105
2,9,8,3,302,4105
8,2,8,3,302,4105
9,1,8,3,302,4105
9,3,8,3,302,4105
9,0,8,3,302,4105
9,4,8,3,302,4105
8,0,8,3,302,4105
8,5,8,3,302,4105
7,1,8,3,302,4105
7,6,8,3,302,4105
6,2,8,3,302,4105
6,7,8,3,302,4105
5,3,8,3,302,4105
5,8,8,3,302,4105
4,4,8,3,302,4105
4,9,8,3,302,4105
3,5,8,3,302,4105
3,9,8,3,302,4105
7,3,8,3,302,4105
8,4,8,3,302,4105
9,5,8,3,302,4105
9,6,8,3,302,4105
8,7,8,3,302,4105
7,8,8,3,302,4105
6,4,8,3,302,4105
6,9,8,3,302,4105
5,5,8,3,302,4105
5,9,8,3,302,4105
4,6,8,3,302,4105
4,8,8,3,302,4105
0,3,9,6,303,3744
1,3,9,6,303,3744
0,2,9,6,303,3744
0,4,9,6,303,3744
2,3,9,6,303,3744
1,2,9,6,303,3744
1,4,9,6,303,3744
0,1,9,6,303,3744
0,5,9,6,303,3744
3,3,9,6,303,3744
2,2,9,6,303,3744
2,4,9,6,303,3744
1,1,9,6,303,3744
1,5,9,6,303,3744
0,0,9,6,303,3744
0,6,9,6,303,3744
4,3,9,6,303,3744
3,2,9,6,303,3744
3,4,9,6,303,3744
2,1,9,6,303,3744
2,5,9,6,303,3744
1,0,9,6,303,3744
1,6,9,6,303,3744
0,7,9,6,303,3744
6,3,9,6,303,3744
5,2,9,6,303,3744
5,4,9,6,303,3744
4,1,9,6,303,3744
4,5,9,6,303,3744
3,0,9,6,303,3744
3,6,9,6,303,3744
2,0,9,6,303,3744
2,7,9,6,303,3744
1,8,9,6,303,3744
8,3,9,6,303,3744
7,2,9,6,303,3744
7,4,9,6,303,3744
6,1,9,6,303,3744
6,5,9,6,303,3744
5,0,9,6,303,3744
5,6,9,6,303,3744
4,0,9,6,303,3744
4,7,9,6,303,3744
3,1,9,6,303,3744
3,8,9,6,303,3744
2,9,9,6,303,3744
9,3,9,6,303,3744
9,2,9,6,303,3744
9,4,9,6,303,3744
8,1,9,6,303,3744
8,5,9,6,303,3744
7,0,9,6,303,3744
7,6,9,6,303,3744
6,0,9,6,303,3744
6,7,9,6,303,3744
5,1,9,6,303,3744
5,8,9,6,303,3744
4,2,9,6,303,3744
4,9,9,6,303,3744
3,9,9,6,303,3744
7,3,9,6,303,3744
8,2,9,6,303,3744
8,4,9,6,303,3744
9,1,9,6,303,3744
9,5,9,6,303,3744
9,0,9,6,303,3744
9,6,9,6,303,3744
8,0,9,6,303,3744
8,7,9,6,303,3744
7,1,9,6,303,3744
7,8,9,6,303,3744
6,2,9,6,303,3744
6,9,9,6,303,3744
5,3,9,6,303,3744
5,9,9,6,303,3744
4,4,9,6,303,3744
4,8,9,6,303,3744
0,4,8,5,304,3381
1,4,8,5,304,3381
0,3,8,5,304,3381
0,5,8,5,304,3381
2,4,8,5,304,3381
1,3,8,5,304,3381
1,5,8,5,304,3381
0,2,8,5,304,3381
0,6,8,5,304,3381
3,4,8,5,304,3381
2,3,8,5,304,3381
2,5,8,5,304,3381
1,2,8,5,304,3381
1,6,8,5,304,3381
0,1,8,5,304,3381
0,7,8,5,304,3381
5,4,8,5,304,3381
4,3,8,5,304,3381
4,5,8,5,304,3381
3,2,8,5,304,3381
3,6,8,5,304,3381
2,1,8,5,304,3381
2,7,8,5,304,3381
1,0,8,5,304,3381
1,8,8,5,304,3381
7,4,8,5,304,3381
6,3,8,5,304,3381
6,5,8,5,304,3381
5,2,8,5,304,3381
5,6,8,5,304,3381
4,1,8,5,304,3381
4,7,8,5,304,3381
3,0,8,5,304,3381
3,8,8,5,304,3381
2,0,8,5,304,3381
2,9,8,5,304,3381
9,4,8,5,304,3381
8,3,8,5,304,3381
8,5,8,5,304,3381
7,2,8,5,304,3381
7,6,8,5,304,3381
6,1,8,5,304,3381
6,7,8,5,304,3381
5,0,8,5,304,3381
5,8,8,5,304,3381
4,0,8,5,304,3381
4,9,8,5,304,3381
3,1,8,5,304,3381
3,9,8,5,304,3381
8,4,8,5,304,3381
9,3,8,5,304,3381
9,5,8,5,304,3381
9,2,8,5,304,3381
9,6,8,5,304,3381
8,1,8,5,304,3381
8,7,8,5,304,3381
7,0,8,5,304,3381
7,8,8,5,304,3381
6,0,8,5,304,3381
6,9,8,5,304,3381
5,1,8,5,304,3381
5,9,8,5,304,3381
4,2,8,5,304,3381
4,8,8,5,304,3381
0,5,8,3,305,2991
1,5,8,3,305,2991
0,4,8,3,305,2991
0,6,8,3,305,2991
2,5,8,3,305,2991
1,4,8,3,305,2991
1,6,8,3,305,2991
0,3,8,3,305,2991
0,7,8,3,305,2991
4,5,8,3,305,2991
3,4,8,3,305,2991
3,6,8,3,305,2991
2,3,8,3,305,2991
2,7,8,3,305,2991
1,2,8,3,305,2991
1,8,8,3,305,2991
6,5,8,3,305,2991
5,4,8,3,305,2991
5,6,8,3,305,2991
4,3,8,3,305,2991
4,7,8,3,305,2991
3,2,8,3,305,2991
3,8,8,3,305,2991
2,1,8,3,305,2991
2,9,8,3,305,2991
8,5,8,3,305,2991
7,4,8,3,305,2991
7,6,8,3,305,2991
6,3,8,3,305,2991
6,7,8,3,305,2991
5,2,8,3,305,2991
5,8,8,3,305,2991
4,1,8,3,305,2991
4,9,8,3,305,2991
3,0,8,3,305,2991
3,9,8,3,305,2991
9,5,8,3,305,2991
9,4,8,3,305,2991
9,6,8,3,305,2991
8,3,8,3,305,2991
8,7,8,3,305,2991
7,2,8,3,305,2991
7,8,8,3,305,2991
6,1,8,3,305,2991
6,9,8,3,305,2991
5,0,8,3,305,2991
5,9,8,3,305,2991
4,0,8,3,305,2991
4,8,8,3,305,2991
0,4,8,5,306,3745
1,4,8,5,306,3745
0,3,8,5,306,3745
0,5,8,5,306,3745
2,4,8,5,306,3745
1,3,8,5,306,3745
1,5,8,5,306,3745
0,2,8,5,306,3745
0,6,8,5,306,3745
3,4,8,5,306,3745
2,3,8,5,306,3745
2,5,8,5,306,3745
1,2,8,5,306,3745
1,6,8,5,306,3745
0,1,8,5,306,3745
0,7,8,5,306,3745
4,4,8,5,306,3745
3,3,8,5,306,3745
3,5,8,5,306,3745
2,2,8,5,306,3745
2,6,8,5,306,3745
1,1,8,5,306,3745
1,7,8,5,306,3745
0,0,8,5,306,3745
0,8,8,5,306,3745
5,4,8,5,306,3745
4,3,8,5,306,3745
4,5,8,5,306,3745
3,2,8,5,306,3745
3,6,8,5,306,3745
2,1,8,5,306,3745
2,7,8,5,306,3745
1,0,8,5,306,3745
1,8,8,5,306,3745
0,9,8,5,306,3745
7,4,8,5,306,3745
6,3,8,5,306,3745
6,5,8,5,306,3745
5,2,8,5,306,3745
5,6,8,5,306,3745
4,1,8,5,306,3745
4,7,8,5,306,3745
3,0,8,5,306,3745
3,8,8,5,306,3745
2,0,8,5,306,3745
2,9,8,5,306,3745
1,9,8,5,306,3745
9,4,8,5,306,3745
8,3,8,5,306,3745
8,5,8,5,306,3745
7,2,8,5,306,3745
7,6,8,5,306,3745
6,1,8,5,306,3745
6,7,8,5,306,3745
5,0,8,5,306,3745
5,8,8,5,306,3745
4,0,8,5,306,3745
4,9,8,5,306,3745
3,1,8,5,306,3745
3,9,8,5,306,3745
2,8,8,5,306,3745
8,4,8,5,306,3745
9,3,8,5,306,3745
9,5,8,5,306,3745
9,2,8,5,306,3745
9,6,8,5,306,3745
8,1,8,5,306,3745
8,7,8,5,306,3745
7,0,8,5,306,3745
7,8,8,5,306,3745
6,0,8,5,306,3745
6,9,8,5,306,3745
5,1,8,5,306,3745
5,9,8,5,306,3745
4,2,8,5,306,3745
4,8,8,5,306,3745
3,7,8,5,306,3745
0,7,7,8,307,2571
1,7,7,8,307,2571
0,6,7,8,307,2571
0,8,7,8,307,2571
2,7,7,8,307,2571
1,6,7,8,307,2571
1,8,7,8,307,2571
0,5,7,8,307,2571
0,9,7,8,307,2571
4,7,7,8,307,2571
3,6,7,8,307,2571
3,8,7,8,307,2571
2,5,7,8,307,2571
2,9,7,8,307,2571
1,4,7,8,307,2571
1,9,7,8,307,2571
6,7,7,8,307,2571
5,6,7,8,307,2571
5,8,7,8,307,2571
4,5,7,8,307,2571
4,9,7,8,307,2571
3,4,7,8,307,2571
3,9,7,8,307,2571
2,3,7,8,307,2571
2,8,7,8,307,2571
8,7,7,8,307,2571
7,6,7,8,307,2571
7,8,7,8,307,2571
6,5,7,8,307,2571
6,9,7,8,307,2571
5,4,7,8,307,2571
5,9,7,8,307,2571
4,3,7,8,307,2571
4,8,7,8,307,2571
3,2,7,8,307,2571
3,7,7,8,307,2571
0,2,8,1,308,4705
1,2,8,1,308,4705
0,1,8,1,308,4705
0,3,8,1,308,4705
2,2,8,1,308,4705
1,1,8,1,308,4705
1,3,8,1,308,4705
0,0,8,1,308,4705
0,4,8,1,308,4705
3,2,8,1,308,4705
2,1,8,1,308,4705
2,3,8,1,308,4705
1,0,8,1,308,4705
1,4,8,1,308,4705
0,5,8,1,308,4705
4,2,8,1,308,4705
3,1,8,1,308,4705
3,3,8,1,308,4705
2,0,8,1,308,4705
2,4,8,1,308,4705
1,5,8,1,308,4705
0,6,8,1,308,4705
5,2,8,1,308,4705
4,1,8,1,308,4705
4,3,8,1,308,4705
3,0,8,1,308,4705
3,4,8,1,308,4705
2,5,8,1,308,4705
1,6,8,1,308,4705
0,7,8,1,308,4705
6,2,8,1,308,4705
5,1,8,1,308,4705
5,3,8,1,308,4705
4,0,8,1,308,4705
4,4,8,1,308,4705
3,5,8,1,308,4705
2,6,8,1,308,4705
1,7,8,1,308,4705
0,8,8,1,308,4705
7,2,8,1,308,4705
6,1,8,1,308,4705
6,3,8,1,308,4705
5,0,8,1,308,4705
5,4,8,1,308,4705
4,5,8,1,308,4705
3,6,8,1,308,4705
2,7,8,1,308,4705
1,8,8,1,308,4705
0,9,8,1,308,4705
8,2,8,1,308,4705
7,1,8,1,308,4705
7,3,8,1,308,4705
6,0,8,1,308,4705
6,4,8,1,308,4705
5,5,8,1,308,4705
4,6,8,1,308,4705
3,7,8,1,308,4705
2,8,8,1,308,4705
1,9,8,1,308,4705
9,2,8,1,308,4705
8,1,8,1,308,4705
8,3,8,1,308,4705
7,0,8,1,308,4705
7,4,8,1,308,4705
6,5,8,1,308,4705
5,6,8,1,308,4705
4,7,8,1,308,4705
3,8,8,1,308,4705
2,9,8,1,308,4705
9,1,8,1,308,4705
9,3,8,1,308,4705
9,0,8,1,308,4705
9,4,8,1,308,4705
8,0,8,1,308,4705
8,5,8,1,308,4705
7,6,8,1,308,4705
6,7,8,1,308,4705
5,8,8,1,308,4705
4,9,8,1,308,4705
3,9,8,1,308,4705
8,4,8,1,308,4705
9,5,8,1,308,4705
9,6,8,1,308,4705
8,7,8,1,308,4705
7,8,8,1,308,4705
6,9,8,1,308,4705
5,9,8,1,308,4705
4,8,8,1,308,4705
0,5,1,0,309,3753
1,5,1,0,309,3753
0,4,1,0,309,3753
0,6,1,0,309,3753
2,5,1,0,309,3753
1,4,1,0,309,3753
1,6,1,0,309,3753
0,3,1,0,309,3753
0,7,1,0,309,3753
3,5,1,0,309,3753
2,4,1,0,309,3753
2,6,1,0,309,3753
1,3,1,0,309,3753
1,7,1,0,309,3753
0,2,1,0,309,3753
0,8,1,0,309,3753
4,5,1,0,309,3753
3,4,1,0,309,3753
3,6,1,0,309,3753
2,3,1,0,309,3753
2,7,1,0,309,3753
1,2,1,0,309,3753
1,8,1,0,309,3753
0,1,1,0,309,3753
0,9,1,0,309,3753
5,5,1,0,309,3753
4,4,1,0,309,3753
4,6,1,0,309,3753
3,3,1,0,309,3753
3,7,1,0,309,3753
2,2,1,0,309,3753
2,8,1,0,309,3753
1,1,1,0,309,3753
1,9,1,0,309,3753
0,0,1,0,309,3753
6,5,1,0,309,3753
5,4,1,0,309,3753
5,6,1,0,309,3753
4,3,1,0,309,3753
4,7,1,0,309,3753
3,2,1,0,309,3753
3,8,1,0,309,3753
2,1,1,0,309,3753
2,9,1,0,309,3753
1,0,1,0,309,3753
8,5,1,0,309,3753
7,4,1,0,309,3753
7,6,1,0,309,3753
6,3,1,0,309,3753
6,7,1,0,309,3753
5,2,1,0,309,3753
5,8,1,0,309,3753
4,1,1,0,309,3753
4,9,1,0,309,3753
3,0,1,0,309,3753
3,9,1,0,309,3753
2,0,1,0,309,3753
9,5,1,0,309,3753
9,4,1,0,309,3753
9,6,1,0,309,3753
8,3,1,0,309,3753
8,7,1,0,309,3753
7,2,1,0,309,3753
7,8,1,0,309,3753
6,1,1,0,309,3753
6,9,1,0,309,3753
5,0,1,0,309,3753
5,9,1,0,309,3753
4,0,1,0,309,3753
4,8,1,0,309,3753
3,1,1,0,309,3753
0,3,8,1,310,4709
1,3,8,1,310,4709
0,2,8,1,310,4709
0,4,8,1,310,4709
2,3,8,1,310,4709
1,2,8,1,310,4709
1,4,8,1,310,4709
0,1,8,1,310,4709
0,5,8,1,310,4709
3,3,8,1,310,4709
2,2,8,1,310,4709
2,4,8,1,310,4709
1,1,8,1,310,4709
1,5,8,1,310,4709
0,0,8,1,310,4709
0,6,8,1,310,4709
4,3,8,1,310,4709
3,2,8,1,310,4709
3,4,8,1,310,4709
2,1,8,1,310,4709
2,5,8,1,310,4709
1,0,8,1,310,4709
1,6,8,1,310,4709
0,7,8,1,310,4709
5,3,8,1,310,4709
4,2,8,1,310,4709
4,4,8,1,310,4709
3,1,8,1,310,4709
3,5,8,1,310,4709
2,0,8,1,310,4709
2,6,8,1,310,4709
1,7,8,1,310,4709
0,8,8,1,310,4709
6,3,8,1,310,4709
5,2,8,1,310,4709
5,4,8,1,310,4709
4,1,8,1,310,4709
4,5,8,1,310,4709
3,0,8,1,310,4709
3,6,8,1,310,4709
2,7,8,1,310,4709
1,8,8,1,310,4709
0,9,8,1,310,4709
7,3,8,1,310,4709
6,2,8,1,310,4709
6,4,8,1,310,4709
5,1,8,1,310,4709
5,5,8,1,310,4709
4,0,8,1,310,4709
4,6,8,1,310,4709
3,7,8,1,310,4709
2,8,8,1,310,4709
1,9,8,1,310,4709
8,3,8,1,310,4709
7,2,8,1,310,4709
7,4,8,1,310,4709
6,1,8,1,310,4709
6,5,8,1,310,4709
5,0,8,1,310,4709
5,6,8,1,310,4709
4,7,8,1,310,4709
3,8,8,1,310,4709
2,9,8,1,310,4709
9,3,8,1,310,4709
8,2,8,1,310,4709
8,4,8,1,310,4709
7,1,8,1,310,4709
7,5,8,1,310,4709
6,0,8,1,310,4709
6,6,8,1,310,4709
5,7,8,1,310,4709
4,8,8,1,310,4709
3,9,8,1,310,4709
9,2,8,1,310,4709
9,4,8,1,310,4709
8,1,8,1,310,4709
8,5,8,1,310,4709
7,0,8,1,310,4709
7,6,8,1,310,4709
6,7,8,1,310,4709
5,8,8,1,310,4709
4,9,8,1,310,4709
9,1,8,1,310,4709
9,5,8,1,310,4709
9,0,8,1,310,4709
9,6,8,1,310,4709
8,0,8,1,310,4709
8,7,8,1,310,4709
7,8,8,1,310,4709
6,9,8,1,310,4709
5,9,8,1,310,4709
0,4,5,0,311,4418
1,4,5,0,311,4418
0,3,5,0,311,4418
0,5,5,0,311,4418
2,4,5,0,311,4418
1,3,5,0,311,4418
1,5,5,0,311,4418
0,2,5,0,311,4418
0,6,5,0,311,4418
3,4,5,0,311,4418
2,3,5,0,311,4418
2,5,5,0,311,4418
1,2,5,0,311,4418
1,6,5,0,311,4418
0,1,5,0,311,4418
0,7,5,0,311,4418
4,4,5,0,311,4418
3,3,5,0,311,4418
3,5,5,0,311,4418
2,2,5,0,311,4418
2,6,5,0,311,4418
1,1,5,0,311,4418
1,7,5,0,311,4418
0,0,5,0,311,4418
0,8,5,0,311,4418
5,4,5,0,311,4418
4,3,5,0,311,4418
4,5,5,0,311,4418
3,2,5,0,311,4418
3,6,5,0,311,4418
2,1,5,0,311,4418
2,7,5,0,311,4418
1,0,5,0,311,4418
1,8,5,0,311,4418
0,9,5,0,311,4418
6,4,5,0,311,4418
5,3,5,0,311,4418
5,5,5,0,311,4418
4,2,5,0,311,4418
4,6,5,0,311,4418
3,1,5,0,311,4418
3,7,5,0,311,4418
2,0,5,0,311,4418
2,8,5,0,311,4418
1,9,5,0,311,4418
7,4,5,0,311,4418
6,3,5,0,311,4418
6,5,5,0,311,4418
5,2,5,0,311,4418
5,6,5,0,311,4418
4,1,5,0,311,4418
4,7,5,0,311,4418
3,0,5,0,311,4418
3,8,5,0,311,4418
2,9,5,0,311,4418
8,4,5,0,311,4418
7,3,5,0,311,4418
7,5,5,0,311,4418
6,2,5,0,311,4418
6,6,5,0,311,4418
5,1,5,0,311,4418
5,7,5,0,311,4418
4,0,5,0,311,4418
4,8,5,0,311,4418
3,9,5,0,311,4418
9,4,5,0,311,4418
8,3,5,0,311,4418
8,5,5,0,311,4418
7,2,5,0,311,4418
7,6,5,0,311,4418
6,1,5,0,311,4418
6,7,5,0,311,4418
5,0,5,0,311,4418
5,8,5,0,311,4418
4,9,5,0,311,4418
9,3,5,0,311,4418
9,5,5,0,311,4418
9,2,5,0,311,4418
9,6,5,0,311,4418
8,1,5,0,311,4418
8,7,5,0,311,4418
7,0,5,0,311,4418
7,8,5,0,311,4418
6,0,5,0,311,4418
6,9,5,0,311,4418
5,9,5,0,311,4418
0,5,3,0,312,4103
1,5,3,0,312,4103
0,4,3,0,312,4103
0,6,3,0,312,4103
2,5,3,0,312,4103
1,4,3,0,312,4103
1,6,3,0,312,4103
0,3,3,0,312,4103
0,7,3,0,312,4103
3,5,3,0,312,4103
2,4,3,0,312,4103
2,6,3,0,312,4103
1,3,3,0,312,4103
1,7,3,0,312,4103
0,2,3,0,312,4103
0,8,3,0,312,4103
4,5,3,0,312,4103
3,4,3,0,312,4103
3,6,3,0,312,4103
2,3,3,0,312,4103
2,7,3,0,312,4103
1,2,3,0,312,4103
1,8,3,0,312,4103
0,1,3,0,312,4103
0,9,3,0,312,4103
5,5,3,0,312,4103
4,4,3,0,312,4103
4,6,3,0,312,4103
3,3,3,0,312,4103
3,7,3,0,312,4103
2,2,3,0,312,4103
2,8,3,0,312,4103
1,1,3,0,312,4103
1,9,3,0,312,4103
0,0,3,0,312,4103
6,5,3,0,312,4103
5,4,3,0,312,4103
5,6,3,0,312,4103
4,3,3,0,312,4103
4,7,3,0,312,4103
3,2,3,0,312,4103
3,8,3,0,312,4103
2,1,3,0,312,4103
2,9,3,0,312,4103
1,0,3,0,312,4103
7,5,3,0,312,4103
6,4,3,0,312,4103
6,6,3,0,312,4103
5,3,3,0,312,4103
5,7,3,0,312,4103
4,2,3,0,312,4103
4,8,3,0,312,4103
3,1,3,0,312,4103
3,9,3,0,312,4103
2,0,3,0,312,4103
8,5,3,0,312,4103
7,4,3,0,312,4103
7,6,3,0,312,4103
6,3,3,0,312,4103
6,7,3,0,312,4103
5,2,3,0,312,4103
5,8,3,0,312,4103
4,1,3,0,312,4103
4,9,3,0,312,4103
3,0,3,0,312,4103
9,5,3,0,312,4103
9,4,3,0,312,4103
9,6,3,0,312,4103
8,3,3,0,312,4103
8,7,3,0,312,4103
7,2,3,0,312,4103
7,8,3,0,312,4103
6,1,3,0,312,4103
6,9,3,0,312,4103
5,0,3,0,312,4103
5,9,3,0,312,4103
4,0,3,0,312,4103
0,6,1,0,313,3755
1,6,1,0,313,3755
0,5,1,0,313,3755
0,7,1,0,313,3755
2,6,1,0,313,3755
1,5,1,0,313,3755
1,7,1,0,313,3755
0,4,1,0,313,3755
0,8,1,0,313,3755
3,6,1,0,313,3755
2,5,1,0,313,3755
2,7,1,0,313,3755
1,4,1,0,313,3755
1,8,1,0,313,3755
0,3,1,0,313,3755
0,9,1,0,313,3755
4,6,1,0,313,3755
3,5,1,0,313,3755
3,7,1,0,313,3755
2,4,1,0,313,3755
2,8,1,0,313,3755
1,3,1,0,313,3755
1,9,1,0,313,3755
0,2,1,0,313,3755
5,6,1,0,313,3755
4,5,1,0,313,3755
4,7,1,0,313,3755
3,4,1,0,313,3755
3,8,1,0,313,3755
2,3,1,0,313,3755
2,9,1,0,313,3755
1,2,1,0,313,3755
0,1,1,0,313,3755
6,6,1,0,313,3755
5,5,1,0,313,3755
5,7,1,0,313,3755
4,4,1,0,313,3755
4,8,1,0,313,3755
3,3,1,0,313,3755
3,9,1,0,313,3755
2,2,1,0,313,3755
1,1,1,0,313,3755
0,0,1,0,313,3755
7,6,1,0,313,3755
6,5,1,0,313,3755
6,7,1,0,313,3755
5,4,1,0,313,3755
5,8,1,0,313,3755
4,3,1,0,313,3755
4,9,1,0,313,3755
3,2,1,0,313,3755
2,1,1,0,313,3755
1,0,1,0,313,3755
9,6,1,0,313,3755
8,5,1,0,313,3755
8,7,1,0,313,3755
7,4,1,0,313,3755
7,8,1,0,313,3755
6,3,1,0,313,3755
6,9,1,0,313,3755
5,2,1,0,313,3755
5,9,1,0,313,3755
4,1,1,0,313,3755
3,0,1,0,313,3755
2,0,1,0,313,3755
0,7,1,2,314,3386
1,7,1,2,314,3386
0,6,1,2,314,3386
0,8,1,2,314,3386
2,7,1,2,314,3386
1,6,1,2,314,3386
1,8,1,2,314,3386
0,5,1,2,314,3386
0,9,1,2,314,3386
3,7,1,2,314,3386
2,6,1,2,314,3386
2,8,1,2,314,3386
1,5,1,2,314,3386
1,9,1,2,314,3386
0,4,1,2,314,3386
4,7,1,2,314,3386
3,6,1,2,314,3386
3,8,1,2,314,3386
2,5,1,2,314,3386
2,9,1,2,314,3386
1,4,1,2,314,3386
0,3,1,2,314,3386
5,7,1,2,314,3386
4,6,1,2,314,3386
4,8,1,2,314,3386
3,5,1,2,314,3386
3,9,1,2,314,3386
2,4,1,2,314,3386
1,3,1,2,314,3386
0,2,1,2,314,3386
6,7,1,2,314,3386
5,6,1,2,314,3386
5,8,1,2,314,3386
4,5,1,2,314,3386
4,9,1,2,314,3386
3,4,1,2,314,3386
2,3,1,2,314,3386
1,2,1,2,314,3386
0,1,1,2,314,3386
8,7,1,2,314,3386
7,6,1,2,314,3386
7,8,1,2,314,3386
6,5,1,2,314,3386
6,9,1,2,314,3386
5,4,1,2,314,3386
5,9,1,2,314,3386
4,3,1,2,314,3386
3,2,1,2,314,3386
2,1,1,2,314,3386
1,0,1,2,314,3386
0,8,0,3,315,2986
1,8,0,3,315,2986
0,7,0,3,315,2986
0,9,0,3,315,2986
2,8,0,3,315,2986
1,7,0,3,315,2986
1,9,0,3,315,2986
0,6,0,3,315,2986
3,8,0,3,315,2986
2,7,0,3,315,2986
2,9,0,3,315,2986
1,6,0,3,315,2986
0,5,0,3,315,2986
4,8,0,3,315,2986
3,7,0,3,315,2986
3,9,0,3,315,2986
2,6,0,3,315,2986
1,5,0,3,315,2986
0,4,0,3,315,2986
5,8,0,3,315,2986
4,7,0,3,315,2986
4,9,0,3,315,2986
3,6,0,3,315,2986
2,5,0,3,315,2986
1,4,0,3,315,2986
0,3,0,3,315,2986
7,8,0,3,315,2986
6,7,0,3,315,2986
6,9,0,3,315,2986
5,6,0,3,315,2986
5,9,0,3,315,2986
4,5,0,3,315,2986
3,4,0,3,315,2986
2,3,0,3,315,2986
1,2,0,3,315,2986
0,9,1,6,316,2587
1,9,1,6,316,2587
0,8,1,6,316,2587
2,9,1,6,316,2587
1,8,1,6,316,2587
0,7,1,6,316,2587
3,9,1,6,316,2587
2,8,1,6,316,2587
1,7,1,6,316,2587
0,6,1,6,316,2587
4,9,1,6,316,2587
3,8,1,6,316,2587
2,7,1,6,316,2587
1,6,1,6,316,2587
0,5,1,6,316,2587
6,9,1,6,316,2587
5,8,1,6,316,2587
5,9,1,6,316,2587
4,7,1,6,316,2587
4,8,1,6,316,2587
3,6,1,6,316,2587
3,7,1,6,316,2587
2,5,1,6,316,2587
2,6,1,6,316,2587
1,4,1,6,316,2587
1,5,1,6,316,2587
0,5,5,0,317,4430
1,5,5,0,317,4430
0,4,5,0,317,4430
0,6,5,0,317,4430
2,5,5,0,317,4430
1,4,5,0,317,4430
1,6,5,0,317,4430
0,3,5,0,317,4430
0,7,5,0,317,4430
3,5,5,0,317,4430
2,4,5,0,317,4430
2,6,5,0,317,4430
1,3,5,0,317,4430
1,7,5,0,317,4430
0,2,5,0,317,4430
0,8,5,0,317,4430
4,5,5,0,317,4430
3,4,5,0,317,4430
3,6,5,0,317,4430
2,3,5,0,317,4430
2,7,5,0,317,4430
1,2,5,0,317,4430
1,8,5,0,317,4430
0,1,5,0,317,4430
0,9,5,0,317,4430
5,5,5,0,317,4430
4,4,5,0,317,4430
4,6,5,0,317,4430
3,3,5,0,317,4430
3,7,5,0,317,4430
2,2,5,0,317,4430
2,8,5,0,317,4430
1,1,5,0,317,4430
1,9,5,0,317,4430
0,0,5,0,317,4430
6,5,5,0,317,4430
5,4,5,0,317,4430
5,6,5,0,317,4430
4,3,5,0,317,4430
4,7,5,0,317,4430
3,2,5,0,317,4430
3,8,5,0,317,4430
2,1,5,0,317,4430
2,9,5,0,317,4430
1,0,5,0,317,4430
7,5,5,0,317,4430
6,4,5,0,317,4430
6,6,5,0,317,4430
5,3,5,0,317,4430
5,7,5,0,317,4430
4,2,5,0,317,4430
4,8,5,0,317,4430
3,1,5,0,317,4430
3,9,5,0,317,4430
2,0,5,0,317,4430
8,5,5,0,317,4430
7,4,5,0,317,4430
7,6,5,0,317,4430
6,3,5,0,317,4430
6,7,5,0,317,4430
5,2,5,0,317,4430
5,8,5,0,317,4430
4,1,5,0,317,4430
4,9,5,0,317,4430
3,0,5,0,317,4430
9,5,5,0,317,4430
8,4,5,0,317,4430
8,6,5,0,317,4430
7,3,5,0,317,4430
7,7,5,0,317,4430
6,2,5,0,317,4430
6,8,5,0,317,4430
5,1,5,0,317,4430
5,9,5,0,317,4430
4,0,5,0,317,4430
9,4,5,0,317,4430
9,6,5,0,317,4430
8,3,5,0,317,4430
8,7,5,0,317,4430
7,2,5,0,317,4430
7,8,5,0,317,4430
6,1,5,0,317,4430
6,9,5,0,317,4430
5,0,5,0,317,4430
0,7,1,2,318,3627
1,7,1,2,318,3627
0,6,1,2,318,3627
0,8,1,2,318,3627
2,7,1,2,318,3627
1,6,1,2,318,3627
1,8,1,2,318,3627
0,5,1,2,318,3627
0,9,1,2,318,3627
3,7,1,2,318,3627
2,6,1,2,318,3627
2,8,1,2,318,3627
1,5,1,2,318,3627
1,9,1,2,318,3627
0,4,1,2,318,3627
4,7,1,2,318,3627
3,6,1,2,318,3627
3,8,1,2,318,3627
2,5,1,2,318,3627
2,9,1,2,318,3627
1,4,1,2,318,3627
0,3,1,2,318,3627
5,7,1,2,318,3627
4,6,1,2,318,3627
4,8,1,2,318,3627
3,5,1,2,318,3627
3,9,1,2,318,3627
2,4,1,2,318,3627
1,3,1,2,318,3627
0,2,1,2,318,3627
6,7,1,2,318,3627
5,6,1,2,318,3627
5,8,1,2,318,3627
4,5,1,2,318,3627
4,9,1,2,318,3627
3,4,1,2,318,3627
2,3,1,2,318,3627
1,2,1,2,318,3627
0,1,1,2,318,3627
7,7,1,2,318,3627
6,6,1,2,318,3627
6,8,1,2,318,3627
5,5,1,2,318,3627
5,9,1,2,318,3627
4,4,1,2,318,3627
3,3,1,2,318,3627
2,2,1,2,318,3627
1,1,1,2,318,3627
0,0,1,2,318,3627
8,7,1,2,318,3627
7,6,1,2,318,3627
7,8,1,2,318,3627
6,5,1,2,318,3627
6,9,1,2,318,3627
5,4,1,2,318,3627
4,3,1,2,318,3627
3,2,1,2,318,3627
2,1,1,2,318,3627
1,0,1,2,318,3627
0,8,0,3,319,3241
1,8,0,3,319,3241
0,7,0,3,319,3241
0,9,0,3,319,3241
2,8,0,3,319,3241
1,7,0,3,319,3241
1,9,0,3,319,3241
0,6,0,3,319,3241
3,8,0,3,319,3241
2,7,0,3,319,3241
2,9,0,3,319,3241
1,6,0,3,319,3241
0,5,0,3,319,3241
4,8,0,3,319,3241
3,7,0,3,319,3241
3,9,0,3,319,3241
2,6,0,3,319,3241
1,5,0,3,319,3241
0,4,0,3,319,3241
5,8,0,3,319,3241
4,7,0,3,319,3241
4,9,0,3,319,3241
3,6,0,3,319,3241
2,5,0,3,319,3241
1,4,0,3,319,3241
0,3,0,3,319,3241
6,8,0,3,319,3241
5,7,0,3,319,3241
5,9,0,3,319,3241
4,6,0,3,319,3241
3,5,0,3,319,3241
2,4,0,3,319,3241
1,3,0,3,319,3241
0,2,0,3,319,3241
7,8,0,3,319,3241
6,7,0,3,319,3241
6,9,0,3,319,3241
5,6,0,3,319,3241
4,5,0,3,319,3241
3,4,0,3,319,3241
2,3,0,3,319,3241
1,2,0,3,319,3241
0,1,0,3,319,3241
0,9,0,5,320,2841
1,9,0,5,320,2841
0,8,0,5,320,2841
2,9,0,5,320,2841
1,8,0,5,320,2841
0,7,0,5,320,2841
3,9,0,5,320,2841
2,8,0,5,320,2841
1,7,0,5,320,2841
0,6,0,5,320,2841
4,9,0,5,320,2841
3,8,0,5,320,2841
2,7,0,5,320,2841
1,6,0,5,320,2841
0,5,0,5,320,2841
5,9,0,5,320,2841
4,8,0,5,320,2841
3,7,0,5,320,2841
2,6,0,5,320,2841
1,5,0,5,320,2841
0,4,0,5,320,2841
6,9,0,5,320,2841
5,8,0,5,320,2841
4,7,0,5,320,2841
3,6,0,5,320,2841
2,5,0,5,320,2841
1,4,0,5,320,2841
0,3,0,5,320,2841
6,3,9,6,321,1646
8,3,9,6,321,1646
7,2,9,6,321,1646
7,4,9,6,321,1646
9,3,9,6,321,1646
9,2,9,6,321,1646
9,4,9,6,321,1646
8,1,9,6,321,1646
8,5,9,6,321,1646
7,3,9,6,321,1646
8,2,9,6,321,1646
8,4,9,6,321,1646
9,1,9,6,321,1646
9,5,9,6,321,1646
9,0,9,6,321,1646
9,6,9,6,321,1646
4,3,9,6,322,2127
6,3,9,6,322,2127
5,2,9,6,322,2127
5,4,9,6,322,2127
8,3,9,6,322,2127
7,2,9,6,322,2127
7,4,9,6,322,2127
6,1,9,6,322,2127
6,5,9,6,322,2127
9,3,9,6,322,2127
9,2,9,6,322,2127
9,4,9,6,322,2127
8,1,9,6,322,2127
8,5,9,6,322,2127
7,0,9,6,322,2127
7,6,9,6,322,2127
7,3,9,6,322,2127
8,2,9,6,322,2127
8,4,9,6,322,2127
9,1,9,6,322,2127
9,5,9,6,322,2127
9,0,9,6,322,2127
9,6,9,6,322,2127
8,0,9,6,322,2127
8,7,9,6,322,2127
5,4,9,6,323,1650
7,4,9,6,323,1650
6,3,9,6,323,1650
6,5,9,6,323,1650
9,4,9,6,323,1650
8,3,9,6,323,1650
8,5,9,6,323,1650
7,2,9,6,323,1650
7,6,9,6,323,1650
8,4,9,6,323,1650
9,3,9,6,323,1650
9,5,9,6,323,1650
9,2,9,6,323,1650
9,6,9,6,323,1650
8,1,9,6,323,1650
8,7,9,6,323,1650
4,5,7,8,324,1646
6,5,7,8,324,1646
5,4,7,8,324,1646
5,6,7,8,324,1646
8,5,7,8,324,1646
7,4,7,8,324,1646
7,6,7,8,324,1646
6,3,7,8,324,1646
6,7,7,8,324,1646
9,5,7,8,324,1646
9,4,7,8,324,1646
9,6,7,8,324,1646
8,3,7,8,324,1646
8,7,7,8,324,1646
7,2,7,8,324,1646
7,8,7,8,324,1646
3,6,7,8,325,1650
5,6,7,8,325,1650
4,5,7,8,325,1650
4,7,7,8,325,1650
7,6,7,8,325,1650
6,5,7,8,325,1650
6,7,7,8,325,1650
5,4,7,8,325,1650
5,8,7,8,325,1650
9,6,7,8,325,1650
8,5,7,8,325,1650
8,7,7,8,325,1650
7,4,7,8,325,1650
7,8,7,8,325,1650
6,3,7,8,325,1650
6,9,7,8,325,1650
2,7,7,8,281,1650
4,7,7,8,281,1650
3,6,7,8,281,1650
3,8,7,8,281,1650
6,7,7,8,281,1650
5,6,7,8,281,1650
5,8,7,8,281,1650
4,5,7,8,281,1650
4,9,7,8,281,1650
8,7,7,8,281,1650
7,6,7,8,281,1650
7,8,7,8,281,1650
6,5,7,8,281,1650
6,9,7,8,281,1650
5,4,7,8,281,1650
5,9,7,8,281,1650
0,7,7,8,326,2127
2,7,7,8,326,2127
1,6,7,8,326,2127
1,8,7,8,326,2127
4,7,7,8,326,2127
3,6,7,8,326,2127
3,8,7,8,326,2127
2,5,7,8,326,2127
2,9,7,8,326,2127
6,7,7,8,326,2127
5,6,7,8,326,2127
5,8,7,8,326,2127
4,5,7,8,326,2127
4,9,7,8,326,2127
3,4,7,8,326,2127
3,9,7,8,326,2127
8,7,7,8,326,2127
7,6,7,8,326,2127
7,8,7,8,326,2127
6,5,7,8,326,2127
6,9,7,8,326,2127
5,4,7,8,326,2127
5,9,7,8,326,2127
4,3,7,8,326,2127
4,8,7,8,326,2127
1,8,6,7,282,1650
3,8,6,7,282,1650
2,7,6,7,282,1650
2,9,6,7,282,1650
5,8,6,7,282,1650
4,7,6,7,282,1650
4,9,6,7,282,1650
3,6,6,7,282,1650
3,9,6,7,282,1650
7,8,6,7,282,1650
6,7,6,7,282,1650
6,9,6,7,282,1650
5,6,6,7,282,1650
5,9,6,7,282,1650
4,5,6,7,282,1650
4,8,6,7,282,1650
0,8,6,7,327,2127
1,8,6,7,327,2127
0,7,6,7,327,2127
0,9,6,7,327,2127
3,8,6,7,327,2127
2,7,6,7,327,2127
2,9,6,7,327,2127
1,6,6,7,327,2127
1,9,6,7,327,2127
5,8,6,7,327,2127
4,7,6,7,327,2127
4,9,6,7,327,2127
3,6,6,7,327,2127
3,9,6,7,327,2127
2,5,6,7,327,2127
2,8,6,7,327,2127
7,8,6,7,327,2127
6,7,6,7,327,2127
6,9,6,7,327,2127
5,6,6,7,327,2127
5,9,6,7,327,2127
4,5,6,7,327,2127
4,8,6,7,327,2127
3,4,6,7,327,2127
3,7,6,7,327,2127
0,9,0,7,328,2133
1,9,0,7,328,2133
0,8,0,7,328,2133
2,9,0,7,328,2133
1,8,0,7,328,2133
0,7,0,7,328,2133
4,9,0,7,328,2133
3,8,0,7,328,2133
3,9,0,7,328,2133
2,7,0,7,328,2133
2,8,0,7,328,2133
1,6,0,7,328,2133
1,7,0,7,328,2133
6,9,0,7,328,2133
5,8,0,7,328,2133
5,9,0,7,328,2133
4,7,0,7,328,2133
4,8,0,7,328,2133
3,6,0,7,328,2133
3,7,0,7,328,2133
2,5,0,7,328,2133
2,6,0,7,328,2133
7,4,9,6,277,1136
9,4,9,6,277,1136
8,3,9,6,277,1136
8,5,9,6,277,1136
8,4,9,6,277,1136
9,3,9,6,277,1136
9,5,9,6,277,1136
9,2,9,6,277,1136
9,6,9,6,277,1136
6,5,9,6,279,1138
8,5,9,6,279,1138
7,4,9,6,279,1138
7,6,9,6,279,1138
9,5,9,6,279,1138
9,4,9,6,279,1138
9,6,9,6,279,1138
8,3,9,6,279,1138
8,7,9,6,279,1138
5,6,7,8,280,1136
7,6,7,8,280,1136
6,5,7,8,280,1136
6,7,7,8,280,1136
9,6,7,8,280,1136
8,5,7,8,280,1136
8,7,7,8,280,1136
7,4,7,8,280,1136
7,8,7,8,280,1136
4,7,7,8,168,1138
6,7,7,8,168,1138
5,6,7,8,168,1138
5,8,7,8,168,1138
8,7,7,8,168,1138
7,6,7,8,168,1138
7,8,7,8,168,1138
6,5,7,8,168,1138
6,9,7,8,168,1138
2,9,4,7,329,1138
4,9,4,7,329,1138
3,8,4,7,329,1138
3,9,4,7,329,1138
6,9,4,7,329,1138
5,8,4,7,329,1138
5,9,4,7,329,1138
4,7,4,7,329,1138
4,8,4,7,329,1138
8,5,9,6,237,588
9,5,9,6,237,588
9,4,9,6,237,588
9,6,9,6,237,588
7,6,7,6,18,588
9,6,7,6,18,588
8,5,7,6,18,588
8,7,7,6,18,588
6,7,7,8,97,588
8,7,7,8,97,588
7,6,7,8,97,588
7,8,7,8,97,588
5,8,7,8,54,588
7,8,7,8,54,588
6,7,7,8,54,588
6,9,7,8,54,588
9,6,9,6,0,0
8,7,8,7,0,0
7,8,7,8,0,0
6,9,6,9,0,0
0,0,9,7,330,4418
1,0,9,7,330,4418
0,1,9,7,330,4418
2,0,9,7,330,4418
1,1,9,7,330,4418
0,2,9,7,330,4418
3,0,9,7,330,4418
2,1,9,7,330,4418
1,2,9,7,330,4418
0,3,9,7,330,4418
4,0,9,7,330,4418
3,1,9,7,330,4418
2,2,9,7,330,4418
1,3,9,7,330,4418
0,4,9,7,330,4418
6,0,9,7,330,4418
5,0,9,7,330,4418
5,1,9,7,330,4418
4,1,9,7,330,4418
4,2,9,7,330,4418
3,2,9,7,330,4418
3,3,9,7,330,4418
2,3,9,7,330,4418
2,4,9,7,330,4418
1,4,9,7,330,4418
1,5,9,7,330,4418
8,0,9,7,330,4418
7,0,9,7,330,4418
7,1,9,7,330,4418
6,1,9,7,330,4418
6,2,9,7,330,4418
5,2,9,7,330,4418
5,3,9,7,330,4418
4,3,9,7,330,4418
4,4,9,7,330,4418
3,4,9,7,330,4418
3,5,9,7,330,4418
2,5,9,7,330,4418
2,6,9,7,330,4418
9,0,9,7,330,4418
9,1,9,7,330,4418
8,1,9,7,330,4418
8,2,9,7,330,4418
7,2,9,7,330,4418
7,3,9,7,330,4418
6,3,9,7,330,4418
6,4,9,7,330,4418
5,4,9,7,330,4418
5,5,9,7,330,4418
4,5,9,7,330,4418
4,6,9,7,330,4418
3,6,9,7,330,4418
3,7,9,7,330,4418
9,2,9,7,330,4418
9,3,9,7,330,4418
8,3,9,7,330,4418
8,4,9,7,330,4418
7,4,9,7,330,4418
7,5,9,7,330,4418
6,5,9,7,330,4418
6,6,9,7,330,4418
5,6,9,7,330,4418
5,7,9,7,330,4418
4,7,9,7,330,4418
4,8,9,7,330,4418
9,4,9,7,330,4418
9,5,9,7,330,4418
8,5,9,7,330,4418
8,6,9,7,330,4418
7,6,9,7,330,4418
7,7,9,7,330,4418
6,7,9,7,330,4418
6,8,9,7,330,4418
5,8,9,7,330,4418
5,9,9,7,330,4418
9,6,9,7,330,4418
9,7,9,7,330,4418
8,7,9,7,330,4418
8,8,9,7,330,4418
7,8,9,7,330,4418
7,9,9,7,330,4418
6,9,9,7,330,4418
0,0,9,7,331,4087
1,0,9,7,331,4087
0,1,9,7,331,4087
2,0,9,7,331,4087
1,1,9,7,331,4087
0,2,9,7,331,4087
4,0,9,7,331,4087
3,0,9,7,331,4087
3,1,9,7,331,4087
2,1,9,7,331,4087
2,2,9,7,331,4087
1,2,9,7,331,4087
1,3,9,7,331,4087
6,0,9,7,331,4087
5,0,9,7,331,4087
5,1,9,7,331,4087
4,1,9,7,331,4087
4,2,9,7,331,4087
3,2,9,7,331,4087
3,3,9,7,331,4087
2,3,9,7,331,4087
2,4,9,7,331,4087
8,0,9,7,331,4087
7,0,9,7,331,4087
7,1,9,7,331,4087
6,1,9,7,331,4087
6,2,9,7,331,4087
5,2,9,7,331,4087
5,3,9,7,331,4087
4,3,9,7,331,4087
4,4,9,7,331,4087
3,4,9,7,331,4087
3,5,9,7,331,4087
9,0,9,7,331,4087
9,1,9,7,331,4087
8,1,9,7,331,4087
8,2,9,7,331,4087
7,2,9,7,331,4087
7,3,9,7,331,4087
6,3,9,7,331,4087
6,4,9,7,331,4087
5,4,9,7,331,4087
5,5,9,7,331,4087
4,5,9,7,331,4087
4,6,9,7,331,4087
9,2,9,7,331,4087
9,3,9,7,331,4087
8,3,9,7,331,4087
8,4,9,7,331,4087
7,4,9,7,331,4087
7,5,9,7,331,4087
6,5,9,7,331,4087
6,6,9,7,331,4087
5,6,9,7,331,4087
5,7,9,7,331,4087
9,4,9,7,331,4087
9,5,9,7,331,4087
8,5,9,7,331,4087
8,6,9,7,331,4087
7,6,9,7,331,4087
7,7,9,7,331,4087
6,7,9,7,331,4087
6,8,9,7,331,4087
9,6,9,7,331,4087
9,7,9,7,331,4087
8,7,9,7,331,4087
8,8,9,7,331,4087
7,8,9,7,331,4087
7,9,9,7,331,4087
0,0,9,7,332,3732
2,0,9,7,332,3732
1,0,9,7,332,3732
1,1,9,7,332,3732
4,0,9,7,332,3732
3,0,9,7,332,3732
3,1,9,7,332,3732
2,1,9,7,332,3732
2,2,9,7,332,3732
6,0,9,7,332,3732
5,0,9,7,332,3732
5,1,9,7,332,3732
4,1,9,7,332,3732
4,2,9,7,332,3732
3,2,9,7,332,3732
3,3,9,7,332,3732
8,0,9,7,332,3732
7,0,9,7,332,3732
7,1,9,7,332,3732
6,1,9,7,332,3732
6,2,9,7,332,3732
5,2,9,7,332,3732
5,3,9,7,332,3732
4,3,9,7,332,3732
4,4,9,7,332,3732
9,0,9,7,332,3732
9,1,9,7,332,3732
8,1,9,7,332,3732
8,2,9,7,332,3732
7,2,9,7,332,3732
7,3,9,7,332,3732
6,3,9,7,332,3732
6,4,9,7,332,3732
5,4,9,7,332,3732
5,5,9,7,332,3732
9,2,9,7,332,3732
9,3,9,7,332,3732
8,3,9,7,332,3732
8,4,9,7,332,3732
7,4,9,7,332,3732
7,5,9,7,332,3732
6,5,9,7,332,3732
6,6,9,7,332,3732
9,4,9,7,332,3732
9,5,9,7,332,3732
8,5,9,7,332,3732
8,6,9,7,332,3732
7,6,9,7,332,3732
7,7,9,7,332,3732
9,6,9,7,332,3732
9,7,9,7,332,3732
8,7,9,7,332,3732
8,8,9,7,332,3732
2,0,9,5,333,3107
4,0,9,5,333,3107
3,0,9,5,333,3107
3,1,9,5,333,3107
6,0,9,5,333,3107
5,0,9,5,333,3107
5,1,9,5,333,3107
4,1,9,5,333,3107
4,2,9,5,333,3107
8,0,9,5,333,3107
7,0,9,5,333,3107
7,1,9,5,333,3107
6,1,9,5,333,3107
6,2,9,5,333,3107
5,2,9,5,333,3107
5,3,9,5,333,3107
9,0,9,5,333,3107
9,1,9,5,333,3107
8,1,9,5,333,3107
8,2,9,5,333,3107
7,2,9,5,333,3107
7,3,9,5,333,3107
6,3,9,5,333,3107
6,4,9,5,333,3107
9,2,9,5,333,3107
9,3,9,5,333,3107
8,3,9,5,333,3107
8,4,9,5,333,3107
7,4,9,5,333,3107
7,5,9,5,333,3107
9,4,9,5,333,3107
9,5,9,5,333,3107
8,5,9,5,333,3107
8,6,9,5,333,3107
9,6,9,5,333,3107
9,7,9,5,333,3107
3,1,9,5,334,2842
5,1,9,5,334,2842
4,0,9,5,334,2842
4,2,9,5,334,2842
7,1,9,5,334,2842
6,0,9,5,334,2842
6,2,9,5,334,2842
5,0,9,5,334,2842
5,3,9,5,334,2842
9,1,9,5,334,2842
8,0,9,5,334,2842
8,2,9,5,334,2842
7,0,9,5,334,2842
7,3,9,5,334,2842
6,1,9,5,334,2842
6,4,9,5,334,2842
8,1,9,5,334,2842
9,0,9,5,334,2842
9,2,9,5,334,2842
9,3,9,5,334,2842
8,4,9,5,334,2842
7,2,9,5,334,2842
7,5,9,5,334,2842
8,3,9,5,334,2842
9,4,9,5,334,2842
9,5,9,5,334,2842
8,6,9,5,334,2842
4,1,9,5,334,2842
5,2,9,5,334,2842
6,3,9,5,334,2842
7,4,9,5,334,2842
8,5,9,5,334,2842
9,6,9,5,334,2842
9,7,9,5,334,2842
1,1,9,7,335,3373
3,1,9,7,335,3373
2,0,9,7,335,3373
2,2,9,7,335,3373
5,1,9,7,335,3373
4,0,9,7,335,3373
4,2,9,7,335,3373
3,0,9,7,335,3373
3,3,9,7,335,3373
7,1,9,7,335,3373
6,0,9,7,335,3373
6,2,9,7,335,3373
5,0,9,7,335,3373
5,3,9,7,335,3373
4,1,9,7,335,3373
4,4,9,7,335,3373
9,1,9,7,335,3373
8,0,9,7,335,3373
8,2,9,7,335,3373
7,0,9,7,335,3373
7,3,9,7,335,3373
6,1,9,7,335,3373
6,4,9,7,335,3373
5,2,9,7,335,3373
5,5,9,7,335,3373
8,1,9,7,335,3373
9,0,9,7,335,3373
9,2,9,7,335,3373
9,3,9,7,335,3373
8,4,9,7,335,3373
7,2,9,7,335,3373
7,5,9,7,335,3373
6,3,9,7,335,3373
6,6,9,7,335,3373
8,3,9,7,335,3373
9,4,9,7,335,3373
9,5,9,7,335,3373
8,6,9,7,335,3373
7,4,9,7,335,3373
7,7,9,7,335,3373
8,5,9,7,335,3373
9,6,9,7,335,3373
9,7,9,7,335,3373
8,8,9,7,335,3373
2,2,9,7,336,2986
4,2,9,7,336,2986
3,1,9,7,336,2986
3,3,9,7,336,2986
6,2,9,7,336,2986
5,1,9,7,336,2986
5,3,9,7,336,2986
4,0,9,7,336,2986
4,4,9,7,336,2986
8,2,9,7,336,2986
7,1,9,7,336,2986
7,3,9,7,336,2986
6,0,9,7,336,2986
6,4,9,7,336,2986
5,0,9,7,336,2986
5,5,9,7,336,2986
9,2,9,7,336,2986
9,1,9,7,336,2986
9,3,9,7,336,2986
8,0,9,7,336,2986
8,4,9,7,336,2986
7,0,9,7,336,2986
7,5,9,7,336,2986
6,1,9,7,336,2986
6,6,9,7,336,2986
7,2,9,7,336,2986
8,1,9,7,336,2986
8,3,9,7,336,2986
9,0,9,7,336,2986
9,4,9,7,336,2986
9,5,9,7,336,2986
8,6,9,7,336,2986
7,7,9,7,336,2986
5,2,9,7,336,2986
6,3,9,7,336,2986
7,4,9,7,336,2986
8,5,9,7,336,2986
9,6,9,7,336,2986
9,7,9,7,336,2986
8,8,9,7,336,2986
0,1,9,7,337,3740
1,1,9,7,337,3740
0,0,9,7,337,3740
0,2,9,7,337,3740
3,1,9,7,337,3740
2,0,9,7,337,3740
2,2,9,7,337,3740
1,0,9,7,337,3740
1,3,9,7,337,3740
5,1,9,7,337,3740
4,0,9,7,337,3740
4,2,9,7,337,3740
3,0,9,7,337,3740
3,3,9,7,337,3740
2,1,9,7,337,3740
2,4,9,7,337,3740
7,1,9,7,337,3740
6,0,9,7,337,3740
6,2,9,7,337,3740
5,0,9,7,337,3740
5,3,9,7,337,3740
4,1,9,7,337,3740
4,4,9,7,337,3740
3,2,9,7,337,3740
3,5,9,7,337,3740
9,1,9,7,337,3740
8,0,9,7,337,3740
8,2,9,7,337,3740
7,0,9,7,337,3740
7,3,9,7,337,3740
6,1,9,7,337,3740
6,4,9,7,337,3740
5,2,9,7,337,3740
5,5,9,7,337,3740
4,3,9,7,337,3740
4,6,9,7,337,3740
8,1,9,7,337,3740
9,0,9,7,337,3740
9,2,9,7,337,3740
9,3,9,7,337,3740
8,4,9,7,337,3740
7,2,9,7,337,3740
7,5,9,7,337,3740
6,3,9,7,337,3740
6,6,9,7,337,3740
5,4,9,7,337,3740
5,7,9,7,337,3740
8,3,9,7,337,3740
9,4,9,7,337,3740
9,5,9,7,337,3740
8,6,9,7,337,3740
7,4,9,7,337,3740
7,7,9,7,337,3740
6,5,9,7,337,3740
6,8,9,7,337,3740
8,5,9,7,337,3740
9,6,9,7,337,3740
9,7,9,7,337,3740
8,8,9,7,337,3740
7,6,9,7,337,3740
7,9,9,7,337,3740
1,3,9,7,338,2990
3,3,9,7,338,2990
2,2,9,7,338,2990
2,4,9,7,338,2990
5,3,9,7,338,2990
4,2,9,7,338,2990
4,4,9,7,338,2990
3,1,9,7,338,2990
3,5,9,7,338,2990
7,3,9,7,338,2990
6,2,9,7,338,2990
6,4,9,7,338,2990
5,1,9,7,338,2990
5,5,9,7,338,2990
4,0,9,7,338,2990
4,6,9,7,338,2990
9,3,9,7,338,2990
8,2,9,7,338,2990
8,4,9,7,338,2990
7,1,9,7,338,2990
7,5,9,7,338,2990
6,0,9,7,338,2990
6,6,9,7,338,2990
5,0,9,7,338,2990
5,7,9,7,338,2990
8,3,9,7,338,2990
9,2,9,7,338,2990
9,4,9,7,338,2990
9,1,9,7,338,2990
9,5,9,7,338,2990
8,0,9,7,338,2990
8,6,9,7,338,2990
7,0,9,7,338,2990
7,7,9,7,338,2990
6,1,9,7,338,2990
6,8,9,7,338,2990
6,3,9,7,338,2990
7,2,9,7,338,2990
7,4,9,7,338,2990
8,1,9,7,338,2990
8,5,9,7,338,2990
9,0,9,7,338,2990
9,6,9,7,338,2990
9,7,9,7,338,2990
8,8,9,7,338,2990
7,9,9,7,338,2990
0,1,9,5,339,4091
1,1,9,5,339,4091
0,0,9,5,339,4091
0,2,9,5,339,4091
2,1,9,5,339,4091
1,0,9,5,339,4091
1,2,9,5,339,4091
0,3,9,5,339,4091
3,1,9,5,339,4091
2,0,9,5,339,4091
2,2,9,5,339,4091
1,3,9,5,339,4091
0,4,9,5,339,4091
5,1,9,5,339,4091
4,0,9,5,339,4091
4,2,9,5,339,4091
3,0,9,5,339,4091
3,3,9,5,339,4091
2,4,9,5,339,4091
1,5,9,5,339,4091
7,1,9,5,339,4091
6,0,9,5,339,4091
6,2,9,5,339,4091
5,0,9,5,339,4091
5,3,9,5,339,4091
4,1,9,5,339,4091
4,4,9,5,339,4091
3,2,9,5,339,4091
3,5,9,5,339,4091
2,3,9,5,339,4091
2,6,9,5,339,4091
9,1,9,5,339,4091
8,0,9,5,339,4091
8,2,9,5,339,4091
7,0,9,5,339,4091
7,3,9,5,339,4091
6,1,9,5,339,4091
6,4,9,5,339,4091
5,2,9,5,339,4091
5,5,9,5,339,4091
4,3,9,5,339,4091
4,6,9,5,339,4091
3,4,9,5,339,4091
3,7,9,5,339,4091
8,1,9,5,339,4091
9,0,9,5,339,4091
9,2,9,5,339,4091
9,3,9,5,339,4091
8,4,9,5,339,4091
7,2,9,5,339,4091
7,5,9,5,339,4091
6,3,9,5,339,4091
6,6,9,5,339,4091
5,4,9,5,339,4091
5,7,9,5,339,4091
4,5,9,5,339,4091
4,8,9,5,339,4091
8,3,9,5,339,4091
9,4,9,5,339,4091
9,5,9,5,339,4091
8,6,9,5,339,4091
7,4,9,5,339,4091
7,7,9,5,339,4091
6,5,9,5,339,4091
6,8,9,5,339,4091
5,6,9,5,339,4091
5,9,9,5,339,4091
8,5,9,5,339,4091
9,6,9,5,339,4091
9,7,9,5,339,4091
8,8,9,5,339,4091
7,6,9,5,339,4091
7,9,9,5,339,4091
6,7,9,5,339,4091
6,9,9,5,339,4091
0,3,9,7,340,3381
1,3,9,7,340,3381
0,2,9,7,340,3381
0,4,9,7,340,3381
3,3,9,7,340,3381
2,2,9,7,340,3381
2,4,9,7,340,3381
1,1,9,7,340,3381
1,5,9,7,340,3381
5,3,9,7,340,3381
4,2,9,7,340,3381
4,4,9,7,340,3381
3,1,9,7,340,3381
3,5,9,7,340,3381
2,0,9,7,340,3381
2,6,9,7,340,3381
7,3,9,7,340,3381
6,2,9,7,340,3381
6,4,9,7,340,3381
5,1,9,7,340,3381
5,5,9,7,340,3381
4,0,9,7,340,3381
4,6,9,7,340,3381
3,0,9,7,340,3381
3,7,9,7,340,3381
9,3,9,7,340,3381
8,2,9,7,340,3381
8,4,9,7,340,3381
7,1,9,7,340,3381
7,5,9,7,340,3381
6,0,9,7,340,3381
6,6,9,7,340,3381
5,0,9,7,340,3381
5,7,9,7,340,3381
4,1,9,7,340,3381
4,8,9,7,340,3381
8,3,9,7,340,3381
9,2,9,7,340,3381
9,4,9,7,340,3381
9,1,9,7,340,3381
9,5,9,7,340,3381
8,0,9,7,340,3381
8,6,9,7,340,3381
7,0,9,7,340,3381
7,7,9,7,340,3381
6,1,9,7,340,3381
6,8,9,7,340,3381
5,2,9,7,340,3381
5,9,9,7,340,3381
6,3,9,7,340,3381
7,2,9,7,340,3381
7,4,9,7,340,3381
8,1,9,7,340,3381
8,5,9,7,340,3381
9,0,9,7,340,3381
9,6,9,7,340,3381
9,7,9,7,340,3381
8,8,9,7,340,3381
7,9,9,7,340,3381
6,9,9,7,340,3381
0,4,9,5,341,2989
2,4,9,5,341,2989
1,3,9,5,341,2989
1,5,9,5,341,2989
4,4,9,5,341,2989
3,3,9,5,341,2989
3,5,9,5,341,2989
2,2,9,5,341,2989
2,6,9,5,341,2989
6,4,9,5,341,2989
5,3,9,5,341,2989
5,5,9,5,341,2989
4,2,9,5,341,2989
4,6,9,5,341,2989
3,1,9,5,341,2989
3,7,9,5,341,2989
8,4,9,5,341,2989
7,3,9,5,341,2989
7,5,9,5,341,2989
6,2,9,5,341,2989
6,6,9,5,341,2989
5,1,9,5,341,2989
5,7,9,5,341,2989
4,0,9,5,341,2989
4,8,9,5,341,2989
9,4,9,5,341,2989
9,3,9,5,341,2989
9,5,9,5,341,2989
8,2,9,5,341,2989
8,6,9,5,341,2989
7,1,9,5,341,2989
7,7,9,5,341,2989
6,0,9,5,341,2989
6,8,9,5,341,2989
5,0,9,5,341,2989
5,9,9,5,341,2989
7,4,9,5,341,2989
8,3,9,5,341,2989
8,5,9,5,341,2989
9,2,9,5,341,2989
9,6,9,5,341,2989
9,1,9,5,341,2989
9,7,9,5,341,2989
8,0,9,5,341,2989
8,8,9,5,341,2989
7,0,9,5,341,2989
7,9,9,5,341,2989
6,1,9,5,341,2989
6,9,9,5,341,2989
0,3,9,7,342,3746
1,3,9,7,342,3746
0,2,9,7,342,3746
0,4,9,7,342,3746
2,3,9,7,342,3746
1,2,9,7,342,3746
1,4,9,7,342,3746
0,1,9,7,342,3746
0,5,9,7,342,3746
3,3,9,7,342,3746
2,2,9,7,342,3746
2,4,9,7,342,3746
1,1,9,7,342,3746
1,5,9,7,342,3746
0,0,9,7,342,3746
0,6,9,7,342,3746
5,3,9,7,342,3746
4,2,9,7,342,3746
4,4,9,7,342,3746
3,1,9,7,342,3746
3,5,9,7,342,3746
2,0,9,7,342,3746
2,6,9,7,342,3746
1,0,9,7,342,3746
1,7,9,7,342,3746
7,3,9,7,342,3746
6,2,9,7,342,3746
6,4,9,7,342,3746
5,1,9,7,342,3746
5,5,9,7,342,3746
4,0,9,7,342,3746
4,6,9,7,342,3746
3,0,9,7,342,3746
3,7,9,7,342,3746
2,1,9,7,342,3746
2,8,9,7,342,3746
9,3,9,7,342,3746
8,2,9,7,342,3746
8,4,9,7,342,3746
7,1,9,7,342,3746
7,5,9,7,342,3746
6,0,9,7,342,3746
6,6,9,7,342,3746
5,0,9,7,342,3746
5,7,9,7,342,3746
4,1,9,7,342,3746
4,8,9,7,342,3746
3,2,9,7,342,3746
3,9,9,7,342,3746
8,3,9,7,342,3746
9,2,9,7,342,3746
9,4,9,7,342,3746
9,1,9,7,342,3746
9,5,9,7,342,3746
8,0,9,7,342,3746
8,6,9,7,342,3746
7,0,9,7,342,3746
7,7,9,7,342,3746
6,1,9,7,342,3746
6,8,9,7,342,3746
5,2,9,7,342,3746
5,9,9,7,342,3746
4,3,9,7,342,3746
4,9,9,7,342,3746
6,3,9,7,342,3746
7,2,9,7,342,3746
7,4,9,7,342,3746
8,1,9,7,342,3746
8,5,9,7,342,3746
9,0,9,7,342,3746
9,6,9,7,342,3746
9,7,9,7,342,3746
8,8,9,7,342,3746
7,9,9,7,342,3746
6,9,9,7,342,3746
5,4,9,7,342,3746
5,8,9,7,342,3746
0,4,9,5,343,3379
1,4,9,5,343,3379
0,3,9,5,343,3379
0,5,9,5,343,3379
2,4,9,5,343,3379
1,3,9,5,343,3379
1,5,9,5,343,3379
0,2,9,5,343,3379
0,6,9,5,343,3379
4,4,9,5,343,3379
3,3,9,5,343,3379
3,5,9,5,343,3379
2,2,9,5,343,3379
2,6,9,5,343,3379
1,1,9,5,343,3379
1,7,9,5,343,3379
6,4,9,5,343,3379
5,3,9,5,343,3379
5,5,9,5,343,3379
4,2,9,5,343,3379
4,6,9,5,343,3379
3,1,9,5,343,3379
3,7,9,5,343,3379
2,0,9,5,343,3379
2,8,9,5,343,3379
8,4,9,5,343,3379
7,3,9,5,343,3379
7,5,9,5,343,3379
6,2,9,5,343,3379
6,6,9,5,343,3379
5,1,9,5,343,3379
5,7,9,5,343,3379
4,0,9,5,343,3379
4,8,9,5,343,3379
3,0,9,5,343,3379
3,9,9,5,343,3379
9,4,9,5,343,3379
9,3,9,5,343,3379
9,5,9,5,343,3379
8,2,9,5,343,3379
8,6,9,5,343,3379
7,1,9,5,343,3379
7,7,9,5,343,3379
6,0,9,5,343,3379
6,8,9,5,343,3379
5,0,9,5,343,3379
5,9,9,5,343,3379
4,1,9,5,343,3379
4,9,9,5,343,3379
7,4,9,5,343,3379
8,3,9,5,343,3379
8,5,9,5,343,3379
9,2,9,5,343,3379
9,6,9,5,343,3379
9,1,9,5,343,3379
9,7,9,5,343,3379
8,0,9,5,343,3379
8,8,9,5,343,3379
7,0,9,5,343,3379
7,9,9,5,343,3379
6,1,9,5,343,3379
6,9,9,5,343,3379
5,2,9,5,343,3379
5,8,9,5,343,3379
0,5,8,4,344,2992
1,5,8,4,344,2992
0,4,8,4,344,2992
0,6,8,4,344,2992
3,5,8,4,344,2992
2,4,8,4,344,2992
2,6,8,4,344,2992
1,3,8,4,344,2992
1,7,8,4,344,2992
5,5,8,4,344,2992
4,4,8,4,344,2992
4,6,8,4,344,2992
3,3,8,4,344,2992
3,7,8,4,344,2992
2,2,8,4,344,2992
2,8,8,4,344,2992
7,5,8,4,344,2992
6,4,8,4,344,2992
6,6,8,4,344,2992
5,3,8,4,344,2992
5,7,8,4,344,2992
4,2,8,4,344,2992
4,8,8,4,344,2992
3,1,8,4,344,2992
3,9,8,4,344,2992
9,5,8,4,344,2992
8,4,8,4,344,2992
8,6,8,4,344,2992
7,3,8,4,344,2992
7,7,8,4,344,2992
6,2,8,4,344,2992
6,8,8,4,344,2992
5,1,8,4,344,2992
5,9,8,4,344,2992
4,0,8,4,344,2992
4,9,8,4,344,2992
8,5,8,4,344,2992
9,4,8,4,344,2992
9,6,8,4,344,2992
9,3,8,4,344,2992
9,7,8,4,344,2992
8,2,8,4,344,2992
8,8,8,4,344,2992
7,1,8,4,344,2992
7,9,8,4,344,2992
6,0,8,4,344,2992
6,9,8,4,344,2992
5,0,8,4,344,2992
5,8,8,4,344,2992
0,2,8,4,345,4428
1,2,8,4,345,4428
0,1,8,4,345,4428
0,3,8,4,345,4428
2,2,8,4,345,4428
1,1,8,4,345,4428
1,3,8,4,345,4428
0,0,8,4,345,4428
0,4,8,4,345,4428
3,2,8,4,345,4428
2,1,8,4,345,4428
2,3,8,4,345,4428
1,0,8,4,345,4428
1,4,8,4,345,4428
0,5,8,4,345,4428
4,2,8,4,345,4428
3,1,8,4,345,4428
3,3,8,4,345,4428
2,0,8,4,345,4428
2,4,8,4,345,4428
1,5,8,4,345,4428
0,6,8,4,345,4428
5,2,8,4,345,4428
4,1,8,4,345,4428
4,3,8,4,345,4428
3,0,8,4,345,4428
3,4,8,4,345,4428
2,5,8,4,345,4428
1,6,8,4,345,4428
0,7,8,4,345,4428
6,2,8,4,345,4428
5,1,8,4,345,4428
5,3,8,4,345,4428
4,0,8,4,345,4428
4,4,8,4,345,4428
3,5,8,4,345,4428
2,6,8,4,345,4428
1,7,8,4,345,4428
0,8,8,4,345,4428
8,2,8,4,345,4428
7,1,8,4,345,4428
7,3,8,4,345,4428
6,0,8,4,345,4428
6,4,8,4,345,4428
5,0,8,4,345,4428
5,5,8,4,345,4428
4,6,8,4,345,4428
3,7,8,4,345,4428
2,8,8,4,345,4428
1,9,8,4,345,4428
9,2,8,4,345,4428
9,1,8,4,345,4428
9,3,8,4,345,4428
8,0,8,4,345,4428
8,4,8,4,345,4428
7,0,8,4,345,4428
7,5,8,4,345,4428
6,1,8,4,345,4428
6,6,8,4,345,4428
5,7,8,4,345,4428
4,8,8,4,345,4428
3,9,8,4,345,4428
2,9,8,4,345,4428
7,2,8,4,345,4428
8,1,8,4,345,4428
8,3,8,4,345,4428
9,0,8,4,345,4428
9,4,8,4,345,4428
9,5,8,4,345,4428
8,6,8,4,345,4428
7,7,8,4,345,4428
6,3,8,4,345,4428
6,8,8,4,345,4428
5,4,8,4,345,4428
5,9,8,4,345,4428
4,5,8,4,345,4428
4,9,8,4,345,4428
3,6,8,4,345,4428
3,8,8,4,345,4428
7,4,8,4,345,4428
8,5,8,4,345,4428
9,6,8,4,345,4428
9,7,8,4,345,4428
8,8,8,4,345,4428
7,9,8,4,345,4428
6,5,8,4,345,4428
6,9,8,4,345,4428
5,6,8,4,345,4428
5,8,8,4,345,4428
4,7,8,4,345,4428
0,3,9,7,346,4086
1,3,9,7,346,4086
0,2,9,7,346,4086
0,4,9,7,346,4086
2,3,9,7,346,4086
1,2,9,7,346,4086
1,4,9,7,346,4086
0,1,9,7,346,4086
0,5,9,7,346,4086
3,3,9,7,346,4086
2,2,9,7,346,4086
2,4,9,7,346,4086
1,1,9,7,346,4086
1,5,9,7,346,4086
0,0,9,7,346,4086
0,6,9,7,346,4086
4,3,9,7,346,4086
3,2,9,7,346,4086
3,4,9,7,346,4086
2,1,9,7,346,4086
2,5,9,7,346,4086
1,0,9,7,346,4086
1,6,9,7,346,4086
0,7,9,7,346,4086
5,3,9,7,346,4086
4,2,9,7,346,4086
4,4,9,7,346,4086
3,1,9,7,346,4086
3,5,9,7,346,4086
2,0,9,7,346,4086
2,6,9,7,346,4086
1,7,9,7,346,4086
0,8,9,7,346,4086
7,3,9,7,346,4086
6,2,9,7,346,4086
6,4,9,7,346,4086
5,1,9,7,346,4086
5,5,9,7,346,4086
4,0,9,7,346,4086
4,6,9,7,346,4086
3,0,9,7,346,4086
3,7,9,7,346,4086
2,8,9,7,346,4086
1,9,9,7,346,4086
9,3,9,7,346,4086
8,2,9,7,346,4086
8,4,9,7,346,4086
7,1,9,7,346,4086
7,5,9,7,346,4086
6,0,9,7,346,4086
6,6,9,7,346,4086
5,0,9,7,346,4086
5,7,9,7,346,4086
4,1,9,7,346,4086
4,8,9,7,346,4086
3,9,9,7,346,4086
2,9,9,7,346,4086
8,3,9,7,346,4086
9,2,9,7,346,4086
9,4,9,7,346,4086
9,1,9,7,346,4086
9,5,9,7,346,4086
8,0,9,7,346,4086
8,6,9,7,346,4086
7,0,9,7,346,4086
7,7,9,7,346,4086
6,1,9,7,346,4086
6,8,9,7,346,4086
5,2,9,7,346,4086
5,9,9,7,346,4086
4,9,9,7,346,4086
3,8,9,7,346,4086
6,3,9,7,346,4086
7,2,9,7,346,4086
7,4,9,7,346,4086
8,1,9,7,346,4086
8,5,9,7,346,4086
9,0,9,7,346,4086
9,6,9,7,346,4086
9,7,9,7,346,4086
8,8,9,7,346,4086
7,9,9,7,346,4086
6,9,9,7,346,4086
5,4,9,7,346,4086
5,8,9,7,346,4086
4,5,9,7,346,4086
4,7,9,7,346,4086
0,4,9,5,347,3742
1,4,9,5,347,3742
0,3,9,5,347,3742
0,5,9,5,347,3742
2,4,9,5,347,3742
1,3,9,5,347,3742
1,5,9,5,347,3742
0,2,9,5,347,3742
0,6,9,5,347,3742
3,4,9,5,347,3742
2,3,9,5,347,3742
2,5,9,5,347,3742
1,2,9,5,347,3742
1,6,9,5,347,3742
0,1,9,5,347,3742
0,7,9,5,347,3742
4,4,9,5,347,3742
3,3,9,5,347,3742
3,5,9,5,347,3742
2,2,9,5,347,3742
2,6,9,5,347,3742
1,1,9,5,347,3742
1,7,9,5,347,3742
0,0,9,5,347,3742
0,8,9,5,347,3742
6,4,9,5,347,3742
5,3,9,5,347,3742
5,5,9,5,347,3742
4,2,9,5,347,3742
4,6,9,5,347,3742
3,1,9,5,347,3742
3,7,9,5,347,3742
2,0,9,5,347,3742
2,8,9,5,347,3742
1,0,9,5,347,3742
1,9,9,5,347,3742
8,4,9,5,347,3742
7,3,9,5,347,3742
7,5,9,5,347,3742
6,2,9,5,347,3742
6,6,9,5,347,3742
5,1,9,5,347,3742
5,7,9,5,347,3742
4,0,9,5,347,3742
4,8,9,5,347,3742
3,0,9,5,347,3742
3,9,9,5,347,3742
2,1,9,5,347,3742
2,9,9,5,347,3742
9,4,9,5,347,3742
9,3,9,5,347,3742
9,5,9,5,347,3742
8,2,9,5,347,3742
8,6,9,5,347,3742
7,1,9,5,347,3742
7,7,9,5,347,3742
6,0,9,5,347,3742
6,8,9,5,347,3742
5,0,9,5,347,3742
5,9,9,5,347,3742
4,1,9,5,347,3742
4,9,9,5,347,3742
3,2,9,5,347,3742
3,8,9,5,347,3742
7,4,9,5,347,3742
8,3,9,5,347,3742
8,5,9,5,347,3742
9,2,9,5,347,3742
9,6,9,5,347,3742
9,1,9,5,347,3742
9,7,9,5,347,3742
8,0,9,5,347,3742
8,8,9,5,347,3742
7,0,9,5,347,3742
7,9,9,5,347,3742
6,1,9,5,347,3742
6,9,9,5,347,3742
5,2,9,5,347,3742
5,8,9,5,347,3742
4,3,9,5,347,3742
4,7,9,5,347,3742
0,5,8,4,348,3381
1,5,8,4,348,3381
0,4,8,4,348,3381
0,6,8,4,348,3381
2,5,8,4,348,3381
1,4,8,4,348,3381
1,6,8,4,348,3381
0,3,8,4,348,3381
0,7,8,4,348,3381
3,5,8,4,348,3381
2,4,8,4,348,3381
2,6,8,4,348,3381
1,3,8,4,348,3381
1,7,8,4,348,3381
0,2,8,4,348,3381
0,8,8,4,348,3381
5,5,8,4,348,3381
4,4,8,4,348,3381
4,6,8,4,348,3381
3,3,8,4,348,3381
3,7,8,4,348,3381
2,2,8,4,348,3381
2,8,8,4,348,3381
1,1,8,4,348,3381
1,9,8,4,348,3381
7,5,8,4,348,3381
6,4,8,4,348,3381
6,6,8,4,348,3381
5,3,8,4,348,3381
5,7,8,4,348,3381
4,2,8,4,348,3381
4,8,8,4,348,3381
3,1,8,4,348,3381
3,9,8,4,348,3381
2,0,8,4,348,3381
2,9,8,4,348,3381
9,5,8,4,348,3381
8,4,8,4,348,3381
8,6,8,4,348,3381
7,3,8,4,348,3381
7,7,8,4,348,3381
6,2,8,4,348,3381
6,8,8,4,348,3381
5,1,8,4,348,3381
5,9,8,4,348,3381
4,0,8,4,348,3381
4,9,8,4,348,3381
3,0,8,4,348,3381
3,8,8,4,348,3381
8,5,8,4,348,3381
9,4,8,4,348,3381
9,6,8,4,348,3381
9,3,8,4,348,3381
9,7,8,4,348,3381
8,2,8,4,348,3381
8,8,8,4,348,3381
7,1,8,4,348,3381
7,9,8,4,348,3381
6,0,8,4,348,3381
6,9,8,4,348,3381
5,0,8,4,348,3381
5,8,8,4,348,3381
4,1,8,4,348,3381
4,7,8,4,348,3381
0,4,9,5,349,4081
1,4,9,5,349,4081
0,3,9,5,349,4081
0,5,9,5,349,4081
2,4,9,5,349,4081
1,3,9,5,349,4081
1,5,9,5,349,4081
0,2,9,5,349,4081
0,6,9,5,349,4081
3,4,9,5,349,4081
2,3,9,5,349,4081
2,5,9,5,349,4081
1,2,9,5,349,4081
1,6,9,5,349,4081
0,1,9,5,349,4081
0,7,9,5,349,4081
4,4,9,5,349,4081
3,3,9,5,349,4081
3,5,9,5,349,4081
2,2,9,5,349,4081
2,6,9,5,349,4081
1,1,9,5,349,4081
1,7,9,5,349,4081
0,0,9,5,349,4081
0,8,9,5,349,4081
5,4,9,5,349,4081
4,3,9,5,349,4081
4,5,9,5,349,4081
3,2,9,5,349,4081
3,6,9,5,349,4081
2,1,9,5,349,4081
2,7,9,5,349,4081
1,0,9,5,349,4081
1,8,9,5,349,4081
0,9,9,5,349,4081
6,4,9,5,349,4081
5,3,9,5,349,4081
5,5,9,5,349,4081
4,2,9,5,349,4081
4,6,9,5,349,4081
3,1,9,5,349,4081
3,7,9,5,349,4081
2,0,9,5,349,4081
2,8,9,5,349,4081
1,9,9,5,349,4081
8,4,9,5,349,4081
7,3,9,5,349,4081
7,5,9,5,349,4081
6,2,9,5,349,4081
6,6,9,5,349,4081
5,1,9,5,349,4081
5,7,9,5,349,4081
4,0,9,5,349,4081
4,8,9,5,349,4081
3,0,9,5,349,4081
3,9,9,5,349,4081
2,9,9,5,349,4081
9,4,9,5,349,4081
9,3,9,5,349,4081
9,5,9,5,349,4081
8,2,9,5,349,4081
8,6,9,5,349,4081
7,1,9,5,349,4081
7,7,9,5,349,4081
6,0,9,5,349,4081
6,8,9,5,349,4081
5,0,9,5,349,4081
5,9,9,5,349,4081
4,1,9,5,349,4081
4,9,9,5,349,4081
3,8,9,5,349,4081
7,4,9,5,349,4081
8,3,9,5,349,4081
8,5,9,5,349,4081
9,2,9,5,349,4081
9,6,9,5,349,4081
9,1,9,5,349,4081
9,7,9,5,349,4081
8,0,9,5,349,4081
8,8,9,5,349,4081
7,0,9,5,349,4081
7,9,9,5,349,4081
6,1,9,5,349,4081
6,9,9,5,349,4081
5,2,9,5,349,4081
5,8,9,5,349,4081
4,7,9,5,349,4081
0,7,7,9,350,2990
1,7,7,9,350,2990
0,6,7,9,350,2990
0,8,7,9,350,2990
2,7,7,9,350,2990
1,6,7,9,350,2990
1,8,7,9,350,2990
0,5,7,9,350,2990
0,9,7,9,350,2990
3,7,7,9,350,2990
2,6,7,9,350,2990
2,8,7,9,350,2990
1,5,7,9,350,2990
1,9,7,9,350,2990
0,4,7,9,350,2990
5,7,7,9,350,2990
4,6,7,9,350,2990
4,8,7,9,350,2990
3,5,7,9,350,2990
3,9,7,9,350,2990
2,4,7,9,350,2990
2,9,7,9,350,2990
1,3,7,9,350,2990
7,7,7,9,350,2990
6,6,7,9,350,2990
6,8,7,9,350,2990
5,5,7,9,350,2990
5,9,7,9,350,2990
4,4,7,9,350,2990
4,9,7,9,350,2990
3,3,7,9,350,2990
3,8,7,9,350,2990
2,2,7,9,350,2990
9,7,7,9,350,2990
8,6,7,9,350,2990
8,8,7,9,350,2990
7,5,7,9,350,2990
7,9,7,9,350,2990
6,4,7,9,350,2990
6,9,7,9,350,2990
5,3,7,9,350,2990
5,8,7,9,350,2990
4,2,7,9,350,2990
4,7,7,9,350,2990
3,1,7,9,350,2990
3,6,7,9,350,2990
0,5,2,0,351,4098
1,5,2,0,351,4098
0,4,2,0,351,4098
0,6,2,0,351,4098
2,5,2,0,351,4098
1,4,2,0,351,4098
1,6,2,0,351,4098
0,3,2,0,351,4098
0,7,2,0,351,4098
3,5,2,0,351,4098
2,4,2,0,351,4098
2,6,2,0,351,4098
1,3,2,0,351,4098
1,7,2,0,351,4098
0,2,2,0,351,4098
0,8,2,0,351,4098
4,5,2,0,351,4098
3,4,2,0,351,4098
3,6,2,0,351,4098
2,3,2,0,351,4098
2,7,2,0,351,4098
1,2,2,0,351,4098
1,8,2,0,351,4098
0,1,2,0,351,4098
0,9,2,0,351,4098
5,5,2,0,351,4098
4,4,2,0,351,4098
4,6,2,0,351,4098
3,3,2,0,351,4098
3,7,2,0,351,4098
2,2,2,0,351,4098
2,8,2,0,351,4098
1,1,2,0,351,4098
1,9,2,0,351,4098
0,0,2,0,351,4098
6,5,2,0,351,4098
5,4,2,0,351,4098
5,6,2,0,351,4098
4,3,2,0,351,4098
4,7,2,0,351,4098
3,2,2,0,351,4098
3,8,2,0,351,4098
2,1,2,0,351,4098
2,9,2,0,351,4098
1,0,2,0,351,4098
7,5,2,0,351,4098
6,4,2,0,351,4098
6,6,2,0,351,4098
5,3,2,0,351,4098
5,7,2,0,351,4098
4,2,2,0,351,4098
4,8,2,0,351,4098
3,1,2,0,351,4098
3,9,2,0,351,4098
2,0,2,0,351,4098
9,5,2,0,351,4098
8,4,2,0,351,4098
8,6,2,0,351,4098
7,3,2,0,351,4098
7,7,2,0,351,4098
6,2,2,0,351,4098
6,8,2,0,351,4098
5,1,2,0,351,4098
5,9,2,0,351,4098
4,0,2,0,351,4098
4,9,2,0,351,4098
3,0,2,0,351,4098
8,5,2,0,351,4098
9,4,2,0,351,4098
9,6,2,0,351,4098
9,3,2,0,351,4098
9,7,2,0,351,4098
8,2,2,0,351,4098
8,8,2,0,351,4098
7,1,2,0,351,4098
7,9,2,0,351,4098
6,0,2,0,351,4098
6,9,2,0,351,4098
5,0,2,0,351,4098
5,8,2,0,351,4098
4,1,2,0,351,4098
0,5,4,0,352,4425
1,5,4,0,352,4425
0,4,4,0,352,4425
0,6,4,0,352,4425
2,5,4,0,352,4425
1,4,4,0,352,4425
1,6,4,0,352,4425
0,3,4,0,352,4425
0,7,4,0,352,4425
3,5,4,0,352,4425
2,4,4,0,352,4425
2,6,4,0,352,4425
1,3,4,0,352,4425
1,7,4,0,352,4425
0,2,4,0,352,4425
0,8,4,0,352,4425
4,5,4,0,352,4425
3,4,4,0,352,4425
3,6,4,0,352,4425
2,3,4,0,352,4425
2,7,4,0,352,4425
1,2,4,0,352,4425
1,8,4,0,352,4425
0,1,4,0,352,4425
0,9,4,0,352,4425
5,5,4,0,352,4425
4,4,4,0,352,4425
4,6,4,0,352,4425
3,3,4,0,352,4425
3,7,4,0,352,4425
2,2,4,0,352,4425
2,8,4,0,352,4425
1,1,4,0,352,4425
1,9,4,0,352,4425
0,0,4,0,352,4425
6,5,4,0,352,4425
5,4,4,0,352,4425
5,6,4,0,352,4425
4,3,4,0,352,4425
4,7,4,0,352,4425
3,2,4,0,352,4425
3,8,4,0,352,4425
2,1,4,0,352,4425
2,9,4,0,352,4425
1,0,4,0,352,4425
7,5,4,0,352,4425
6,4,4,0,352,4425
6,6,4,0,352,4425
5,3,4,0,352,4425
5,7,4,0,352,4425
4,2,4,0,352,4425
4,8,4,0,352,4425
3,1,4,0,352,4425
3,9,4,0,352,4425
2,0,4,0,352,4425
8,5,4,0,352,4425
7,4,4,0,352,4425
7,6,4,0,352,4425
6,3,4,0,352,4425
6,7,4,0,352,4425
5,2,4,0,352,4425
5,8,4,0,352,4425
4,1,4,0,352,4425
4,9,4,0,352,4425
3,0,4,0,352,4425
9,5,4,0,352,4425
8,4,4,0,352,4425
8,6,4,0,352,4425
7,3,4,0,352,4425
7,7,4,0,352,4425
6,2,4,0,352,4425
6,8,4,0,352,4425
5,1,4,0,352,4425
5,9,4,0,352,4425
4,0,4,0,352,4425
9,4,4,0,352,4425
9,6,4,0,352,4425
9,3,4,0,352,4425
9,7,4,0,352,4425
8,2,4,0,352,4425
8,8,4,0,352,4425
7,1,4,0,352,4425
7,9,4,0,352,4425
6,0,4,0,352,4425
6,9,4,0,352,4425
5,0,4,0,352,4425
0,6,2,0,353,4102
1,6,2,0,353,4102
0,5,2,0,353,4102
0,7,2,0,353,4102
2,6,2,0,353,4102
1,5,2,0,353,4102
1,7,2,0,353,4102
0,4,2,0,353,4102
0,8,2,0,353,4102
3,6,2,0,353,4102
2,5,2,0,353,4102
2,7,2,0,353,4102
1,4,2,0,353,4102
1,8,2,0,353,4102
0,3,2,0,353,4102
0,9,2,0,353,4102
4,6,2,0,353,4102
3,5,2,0,353,4102
3,7,2,0,353,4102
2,4,2,0,353,4102
2,8,2,0,353,4102
1,3,2,0,353,4102
1,9,2,0,353,4102
0,2,2,0,353,4102
5,6,2,0,353,4102
4,5,2,0,353,4102
4,7,2,0,353,4102
3,4,2,0,353,4102
3,8,2,0,353,4102
2,3,2,0,353,4102
2,9,2,0,353,4102
1,2,2,0,353,4102
0,1,2,0,353,4102
6,6,2,0,353,4102
5,5,2,0,353,4102
5,7,2,0,353,4102
4,4,2,0,353,4102
4,8,2,0,353,4102
3,3,2,0,353,4102
3,9,2,0,353,4102
2,2,2,0,353,4102
1,1,2,0,353,4102
0,0,2,0,353,4102
7,6,2,0,353,4102
6,5,2,0,353,4102
6,7,2,0,353,4102
5,4,2,0,353,4102
5,8,2,0,353,4102
4,3,2,0,353,4102
4,9,2,0,353,4102
3,2,2,0,353,4102
2,1,2,0,353,4102
1,0,2,0,353,4102
8,6,2,0,353,4102
7,5,2,0,353,4102
7,7,2,0,353,4102
6,4,2,0,353,4102
6,8,2,0,353,4102
5,3,2,0,353,4102
5,9,2,0,353,4102
4,2,2,0,353,4102
3,1,2,0,353,4102
2,0,2,0,353,4102
9,6,2,0,353,4102
9,5,2,0,353,4102
9,7,2,0,353,4102
8,4,2,0,353,4102
8,8,2,0,353,4102
7,3,2,0,353,4102
7,9,2,0,353,4102
6,2,2,0,353,4102
6,9,2,0,353,4102
5,1,2,0,353,4102
4,0,2,0,353,4102
3,0,2,0,353,4102
0,7,1,1,354,3755
1,7,1,1,354,3755
0,6,1,1,354,3755
0,8,1,1,354,3755
2,7,1,1,354,3755
1,6,1,1,354,3755
1,8,1,1,354,3755
0,5,1,1,354,3755
0,9,1,1,354,3755
3,7,1,1,354,3755
2,6,1,1,354,3755
2,8,1,1,354,3755
1,5,1,1,354,3755
1,9,1,1,354,3755
0,4,1,1,354,3755
4,7,1,1,354,3755
3,6,1,1,354,3755
3,8,1,1,354,3755
2,5,1,1,354,3755
2,9,1,1,354,3755
1,4,1,1,354,3755
0,3,1,1,354,3755
5,7,1,1,354,3755
4,6,1,1,354,3755
4,8,1,1,354,3755
3,5,1,1,354,3755
3,9,1,1,354,3755
2,4,1,1,354,3755
1,3,1,1,354,3755
0,2,1,1,354,3755
6,7,1,1,354,3755
5,6,1,1,354,3755
5,8,1,1,354,3755
4,5,1,1,354,3755
4,9,1,1,354,3755
3,4,1,1,354,3755
2,3,1,1,354,3755
1,2,1,1,354,3755
0,1,1,1,354,3755
7,7,1,1,354,3755
6,6,1,1,354,3755
6,8,1,1,354,3755
5,5,1,1,354,3755
5,9,1,1,354,3755
4,4,1,1,354,3755
3,3,1,1,354,3755
2,2,1,1,354,3755
1,1,1,1,354,3755
0,0,1,1,354,3755
9,7,1,1,354,3755
8,6,1,1,354,3755
8,8,1,1,354,3755
7,5,1,1,354,3755
7,9,1,1,354,3755
6,4,1,1,354,3755
6,9,1,1,354,3755
5,3,1,1,354,3755
4,2,1,1,354,3755
3,1,1,1,354,3755
2,0,1,1,354,3755
1,0,1,1,354,3755
0,8,0,2,355,3373
1,8,0,2,355,3373
0,7,0,2,355,3373
0,9,0,2,355,3373
2,8,0,2,355,3373
1,7,0,2,355,3373
1,9,0,2,355,3373
0,6,0,2,355,3373
3,8,0,2,355,3373
2,7,0,2,355,3373
2,9,0,2,355,3373
1,6,0,2,355,3373
0,5,0,2,355,3373
4,8,0,2,355,3373
3,7,0,2,355,3373
3,9,0,2,355,3373
2,6,0,2,355,3373
1,5,0,2,355,3373
0,4,0,2,355,3373
5,8,0,2,355,3373
4,7,0,2,355,3373
4,9,0,2,355,3373
3,6,0,2,355,3373
2,5,0,2,355,3373
1,4,0,2,355,3373
0,3,0,2,355,3373
6,8,0,2,355,3373
5,7,0,2,355,3373
5,9,0,2,355,3373
4,6,0,2,355,3373
3,5,0,2,355,3373
2,4,0,2,355,3373
1,3,0,2,355,3373
0,2,0,2,355,3373
8,8,0,2,355,3373
7,7,0,2,355,3373
7,9,0,2,355,3373
6,6,0,2,355,3373
6,9,0,2,355,3373
5,5,0,2,355,3373
4,4,0,2,355,3373
3,3,0,2,355,3373
2,2,0,2,355,3373
1,1,0,2,355,3373
0,9,1,5,356,3009
1,9,1,5,356,3009
0,8,1,5,356,3009
2,9,1,5,356,3009
1,8,1,5,356,3009
0,7,1,5,356,3009
3,9,1,5,356,3009
2,8,1,5,356,3009
1,7,1,5,356,3009
0,6,1,5,356,3009
4,9,1,5,356,3009
3,8,1,5,356,3009
2,7,1,5,356,3009
1,6,1,5,356,3009
0,5,1,5,356,3009
5,9,1,5,356,3009
4,8,1,5,356,3009
3,7,1,5,356,3009
2,6,1,5,356,3009
1,5,1,5,356,3009
0,4,1,5,356,3009
7,9,1,5,356,3009
6,8,1,5,356,3009
6,9,1,5,356,3009
5,7,1,5,356,3009
5,8,1,5,356,3009
4,6,1,5,356,3009
4,7,1,5,356,3009
3,5,1,5,356,3009
3,6,1,5,356,3009
2,4,1,5,356,3009
2,5,1,5,356,3009
1,3,1,5,356,3009
1,4,1,5,356,3009
0,7,1,1,357,3982
1,7,1,1,357,3982
0,6,1,1,357,3982
0,8,1,1,357,3982
2,7,1,1,357,3982
1,6,1,1,357,3982
1,8,1,1,357,3982
0,5,1,1,357,3982
0,9,1,1,357,3982
3,7,1,1,357,3982
2,6,1,1,357,3982
2,8,1,1,357,3982
1,5,1,1,357,3982
1,9,1,1,357,3982
0,4,1,1,357,3982
4,7,1,1,357,3982
3,6,1,1,357,3982
3,8,1,1,357,3982
2,5,1,1,357,3982
2,9,1,1,357,3982
1,4,1,1,357,3982
0,3,1,1,357,3982
5,7,1,1,357,3982
4,6,1,1,357,3982
4,8,1,1,357,3982
3,5,1,1,357,3982
3,9,1,1,357,3982
2,4,1,1,357,3982
1,3,1,1,357,3982
0,2,1,1,357,3982
6,7,1,1,357,3982
5,6,1,1,357,3982
5,8,1,1,357,3982
4,5,1,1,357,3982
4,9,1,1,357,3982
3,4,1,1,357,3982
2,3,1,1,357,3982
1,2,1,1,357,3982
0,1,1,1,357,3982
7,7,1,1,357,3982
6,6,1,1,357,3982
6,8,1,1,357,3982
5,5,1,1,357,3982
5,9,1,1,357,3982
4,4,1,1,357,3982
3,3,1,1,357,3982
2,2,1,1,357,3982
1,1,1,1,357,3982
0,0,1,1,357,3982
8,7,1,1,357,3982
7,6,1,1,357,3982
7,8,1,1,357,3982
6,5,1,1,357,3982
6,9,1,1,357,3982
5,4,1,1,357,3982
4,3,1,1,357,3982
3,2,1,1,357,3982
2,1,1,1,357,3982
1,0,1,1,357,3982
9,7,1,1,357,3982
8,6,1,1,357,3982
8,8,1,1,357,3982
7,5,1,1,357,3982
7,9,1,1,357,3982
6,4,1,1,357,3982
5,3,1,1,357,3982
4,2,1,1,357,3982
3,1,1,1,357,3982
2,0,1,1,357,3982
0,8,0,2,358,3611
1,8,0,2,358,3611
0,7,0,2,358,3611
0,9,0,2,358,3611
2,8,0,2,358,3611
1,7,0,2,358,3611
1,9,0,2,358,3611
0,6,0,2,358,3611
3,8,0,2,358,3611
2,7,0,2,358,3611
2,9,0,2,358,3611
1,6,0,2,358,3611
0,5,0,2,358,3611
4,8,0,2,358,3611
3,7,0,2,358,3611
3,9,0,2,358,3611
2,6,0,2,358,3611
1,5,0,2,358,3611
0,4,0,2,358,3611
5,8,0,2,358,3611
4,7,0,2,358,3611
4,9,0,2,358,3611
3,6,0,2,358,3611
2,5,0,2,358,3611
1,4,0,2,358,3611
0,3,0,2,358,3611
6,8,0,2,358,3611
5,7,0,2,358,3611
5,9,0,2,358,3611
4,6,0,2,358,3611
3,5,0,2,358,3611
2,4,0,2,358,3611
1,3,0,2,358,3611
0,2,0,2,358,3611
7,8,0,2,358,3611
6,7,0,2,358,3611
6,9,0,2,358,3611
5,6,0,2,358,3611
4,5,0,2,358,3611
3,4,0,2,358,3611
2,3,0,2,358,3611
1,2,0,2,358,3611
0,1,0,2,358,3611
8,8,0,2,358,3611
7,7,0,2,358,3611
7,9,0,2,358,3611
6,6,0,2,358,3611
5,5,0,2,358,3611
4,4,0,2,358,3611
3,3,0,2,358,3611
2,2,0,2,358,3611
1,1,0,2,358,3611
0,0,0,2,358,3611
0,9,0,4,359,3237
1,9,0,4,359,3237
0,8,0,4,359,3237
2,9,0,4,359,3237
1,8,0,4,359,3237
0,7,0,4,359,3237
3,9,0,4,359,3237
2,8,0,4,359,3237
1,7,0,4,359,3237
0,6,0,4,359,3237
4,9,0,4,359,3237
3,8,0,4,359,3237
2,7,0,4,359,3237
1,6,0,4,359,3237
0,5,0,4,359,3237
5,9,0,4,359,3237
4,8,0,4,359,3237
3,7,0,4,359,3237
2,6,0,4,359,3237
1,5,0,4,359,3237
0,4,0,4,359,3237
6,9,0,4,359,3237
5,8,0,4,359,3237
4,7,0,4,359,3237
3,6,0,4,359,3237
2,5,0,4,359,3237
1,4,0,4,359,3237
0,3,0,4,359,3237
7,9,0,4,359,3237
6,8,0,4,359,3237
5,7,0,4,359,3237
4,6,0,4,359,3237
3,5,0,4,359,3237
2,4,0,4,359,3237
1,3,0,4,359,3237
0,2,0,4,359,3237
5,3,9,7,360,2122
7,3,9,7,360,2122
6,2,9,7,360,2122
6,4,9,7,360,2122
9,3,9,7,360,2122
8,2,9,7,360,2122
8,4,9,7,360,2122
7,1,9,7,360,2122
7,5,9,7,360,2122
8,3,9,7,360,2122
9,2,9,7,360,2122
9,4,9,7,360,2122
9,1,9,7,360,2122
9,5,9,7,360,2122
8,0,9,7,360,2122
8,6,9,7,360,2122
6,3,9,7,360,2122
7,2,9,7,360,2122
7,4,9,7,360,2122
8,1,9,7,360,2122
8,5,9,7,360,2122
9,0,9,7,360,2122
9,6,9,7,360,2122
9,7,9,7,360,2122
3,3,9,7,361,2571
5,3,9,7,361,2571
4,2,9,7,361,2571
4,4,9,7,361,2571
7,3,9,7,361,2571
6,2,9,7,361,2571
6,4,9,7,361,2571
5,1,9,7,361,2571
5,5,9,7,361,2571
9,3,9,7,361,2571
8,2,9,7,361,2571
8,4,9,7,361,2571
7,1,9,7,361,2571
7,5,9,7,361,2571
6,0,9,7,361,2571
6,6,9,7,361,2571
8,3,9,7,361,2571
9,2,9,7,361,2571
9,4,9,7,361,2571
9,1,9,7,361,2571
9,5,9,7,361,2571
8,0,9,7,361,2571
8,6,9,7,361,2571
7,0,9,7,361,2571
7,7,9,7,361,2571
6,3,9,7,361,2571
7,2,9,7,361,2571
7,4,9,7,361,2571
8,1,9,7,361,2571
8,5,9,7,361,2571
9,0,9,7,361,2571
9,6,9,7,361,2571
9,7,9,7,361,2571
8,8,9,7,361,2571
4,4,9,7,362,2127
6,4,9,7,362,2127
5,3,9,7,362,2127
5,5,9,7,362,2127
8,4,9,7,362,2127
7,3,9,7,362,2127
7,5,9,7,362,2127
6,2,9,7,362,2127
6,6,9,7,362,2127
9,4,9,7,362,2127
9,3,9,7,362,2127
9,5,9,7,362,2127
8,2,9,7,362,2127
8,6,9,7,362,2127
7,1,9,7,362,2127
7,7,9,7,362,2127
7,4,9,7,362,2127
8,3,9,7,362,2127
8,5,9,7,362,2127
9,2,9,7,362,2127
9,6,9,7,362,2127
9,1,9,7,362,2127
9,7,9,7,362,2127
8,0,9,7,362,2127
8,8,9,7,362,2127
3,5,7,9,363,2122
5,5,7,9,363,2122
4,4,7,9,363,2122
4,6,7,9,363,2122
7,5,7,9,363,2122
6,4,7,9,363,2122
6,6,7,9,363,2122
5,3,7,9,363,2122
5,7,7,9,363,2122
9,5,7,9,363,2122
8,4,7,9,363,2122
8,6,7,9,363,2122
7,3,7,9,363,2122
7,7,7,9,363,2122
6,2,7,9,363,2122
6,8,7,9,363,2122
8,5,7,9,363,2122
9,4,7,9,363,2122
9,6,7,9,363,2122
9,3,7,9,363,2122
9,7,7,9,363,2122
8,2,7,9,363,2122
8,8,7,9,363,2122
7,1,7,9,363,2122
7,9,7,9,363,2122
2,6,7,9,364,2127
4,6,7,9,364,2127
3,5,7,9,364,2127
3,7,7,9,364,2127
6,6,7,9,364,2127
5,5,7,9,364,2127
5,7,7,9,364,2127
4,4,7,9,364,2127
4,8,7,9,364,2127
8,6,7,9,364,2127
7,5,7,9,364,2127
7,7,7,9,364,2127
6,4,7,9,364,2127
6,8,7,9,364,2127
5,3,7,9,364,2127
5,9,7,9,364,2127
9,6,7,9,364,2127
9,5,7,9,364,2127
9,7,7,9,364,2127
8,4,7,9,364,2127
8,8,7,9,364,2127
7,3,7,9,364,2127
7,9,7,9,364,2127
6,2,7,9,364,2127
6,9,7,9,364,2127
1,7,7,9,365,2128
3,7,7,9,365,2128
2,6,7,9,365,2128
2,8,7,9,365,2128
5,7,7,9,365,2128
4,6,7,9,365,2128
4,8,7,9,365,2128
3,5,7,9,365,2128
3,9,7,9,365,2128
7,7,7,9,365,2128
6,6,7,9,365,2128
6,8,7,9,365,2128
5,5,7,9,365,2128
5,9,7,9,365,2128
4,4,7,9,365,2128
4,9,7,9,365,2128
9,7,7,9,365,2128
8,6,7,9,365,2128
8,8,7,9,365,2128
7,5,7,9,365,2128
7,9,7,9,365,2128
6,4,7,9,365,2128
6,9,7,9,365,2128
5,3,7,9,365,2128
5,8,7,9,365,2128
0,7,7,9,366,2574
1,7,7,9,366,2574
0,6,7,9,366,2574
0,8,7,9,366,2574
3,7,7,9,366,2574
2,6,7,9,366,2574
2,8,7,9,366,2574
1,5,7,9,366,2574
1,9,7,9,366,2574
5,7,7,9,366,2574
4,6,7,9,366,2574
4,8,7,9,366,2574
3,5,7,9,366,2574
3,9,7,9,366,2574
2,4,7,9,366,2574
2,9,7,9,366,2574
7,7,7,9,366,2574
6,6,7,9,366,2574
6,8,7,9,366,2574
5,5,7,9,366,2574
5,9,7,9,366,2574
4,4,7,9,366,2574
4,9,7,9,366,2574
3,3,7,9,366,2574
3,8,7,9,366,2574
9,7,7,9,366,2574
8,6,7,9,366,2574
8,8,7,9,366,2574
7,5,7,9,366,2574
7,9,7,9,366,2574
6,4,7,9,366,2574
6,9,7,9,366,2574
5,3,7,9,366,2574
5,8,7,9,366,2574
4,2,7,9,366,2574
4,7,7,9,366,2574
0,8,6,8,367,2128
2,8,6,8,367,2128
1,7,6,8,367,2128
1,9,6,8,367,2128
4,8,6,8,367,2128
3,7,6,8,367,2128
3,9,6,8,367,2128
2,6,6,8,367,2128
2,9,6,8,367,2128
6,8,6,8,367,2128
5,7,6,8,367,2128
5,9,6,8,367,2128
4,6,6,8,367,2128
4,9,6,8,367,2128
3,5,6,8,367,2128
3,8,6,8,367,2128
8,8,6,8,367,2128
7,7,6,8,367,2128
7,9,6,8,367,2128
6,6,6,8,367,2128
6,9,6,8,367,2128
5,5,6,8,367,2128
5,8,6,8,367,2128
4,4,6,8,367,2128
4,7,6,8,367,2128
0,8,6,8,368,2574
1,8,6,8,368,2574
0,7,6,8,368,2574
0,9,6,8,368,2574
2,8,6,8,368,2574
1,7,6,8,368,2574
1,9,6,8,368,2574
0,6,6,8,368,2574
4,8,6,8,368,2574
3,7,6,8,368,2574
3,9,6,8,368,2574
2,6,6,8,368,2574
2,9,6,8,368,2574
1,5,6,8,368,2574
6,8,6,8,368,2574
5,7,6,8,368,2574
5,9,6,8,368,2574
4,6,6,8,368,2574
4,9,6,8,368,2574
3,5,6,8,368,2574
3,8,6,8,368,2574
2,4,6,8,368,2574
2,7,6,8,368,2574
8,8,6,8,368,2574
7,7,6,8,368,2574
7,9,6,8,368,2574
6,6,6,8,368,2574
6,9,6,8,368,2574
5,5,6,8,368,2574
5,8,6,8,368,2574
4,4,6,8,368,2574
4,7,6,8,368,2574
3,3,6,8,368,2574
3,6,6,8,368,2574
0,9,1,7,369,2586
1,9,1,7,369,2586
0,8,1,7,369,2586
2,9,1,7,369,2586
1,8,1,7,369,2586
0,7,1,7,369,2586
3,9,1,7,369,2586
2,8,1,7,369,2586
1,7,1,7,369,2586
0,6,1,7,369,2586
5,9,1,7,369,2586
4,8,1,7,369,2586
4,9,1,7,369,2586
3,7,1,7,369,2586
3,8,1,7,369,2586
2,6,1,7,369,2586
2,7,1,7,369,2586
1,5,1,7,369,2586
1,6,1,7,369,2586
7,9,1,7,369,2586
6,8,1,7,369,2586
6,9,1,7,369,2586
5,7,1,7,369,2586
5,8,1,7,369,2586
4,6,1,7,369,2586
4,7,1,7,369,2586
3,5,1,7,369,2586
3,6,1,7,369,2586
2,4,1,7,369,2586
2,5,1,7,369,2586
6,4,9,7,321,1646
8,4,9,7,321,1646
7,3,9,7,321,1646
7,5,9,7,321,1646
9,4,9,7,321,1646
9,3,9,7,321,1646
9,5,9,7,321,1646
8,2,9,7,321,1646
8,6,9,7,321,1646
7,4,9,7,321,1646
8,3,9,7,321,1646
8,5,9,7,321,1646
9,2,9,7,321,1646
9,6,9,7,321,1646
9,1,9,7,321,1646
9,7,9,7,321,1646
5,5,9,7,323,1650
7,5,9,7,323,1650
6,4,9,7,323,1650
6,6,9,7,323,1650
9,5,9,7,323,1650
8,4,9,7,323,1650
8,6,9,7,323,1650
7,3,9,7,323,1650
7,7,9,7,323,1650
8,5,9,7,323,1650
9,4,9,7,323,1650
9,6,9,7,323,1650
9,3,9,7,323,1650
9,7,9,7,323,1650
8,2,9,7,323,1650
8,8,9,7,323,1650
4,6,7,9,324,1646
6,6,7,9,324,1646
5,5,7,9,324,1646
5,7,7,9,324,1646
8,6,7,9,324,1646
7,5,7,9,324,1646
7,7,7,9,324,1646
6,4,7,9,324,1646
6,8,7,9,324,1646
9,6,7,9,324,1646
9,5,7,9,324,1646
9,7,7,9,324,1646
8,4,7,9,324,1646
8,8,7,9,324,1646
7,3,7,9,324,1646
7,9,7,9,324,1646
3,7,7,9,370,1650
5,7,7,9,370,1650
4,6,7,9,370,1650
4,8,7,9,370,1650
7,7,7,9,370,1650
6,6,7,9,370,1650
6,8,7,9,370,1650
5,5,7,9,370,1650
5,9,7,9,370,1650
9,7,7,9,370,1650
8,6,7,9,370,1650
8,8,7,9,370,1650
7,5,7,9,370,1650
7,9,7,9,370,1650
6,4,7,9,370,1650
6,9,7,9,370,1650
1,9,5,7,371,1651
3,9,5,7,371,1651
2,8,5,7,371,1651
2,9,5,7,371,1651
5,9,5,7,371,1651
4,8,5,7,371,1651
4,9,5,7,371,1651
3,7,5,7,371,1651
3,8,5,7,371,1651
7,9,5,7,371,1651
6,8,5,7,371,1651
6,9,5,7,371,1651
5,7,5,7,371,1651
5,8,5,7,371,1651
4,6,5,7,371,1651
4,7,5,7,371,1651
7,5,9,7,277,1136
9,5,9,7,277,1136
8,4,9,7,277,1136
8,6,9,7,277,1136
8,5,9,7,277,1136
9,4,9,7,277,1136
9,6,9,7,277,1136
9,3,9,7,277,1136
9,7,9,7,277,1136
6,6,7,7,372,1138
8,6,7,7,372,1138
7,5,7,7,372,1138
7,7,7,7,372,1138
9,6,7,7,372,1138
9,5,7,7,372,1138
9,7,7,7,372,1138
8,4,7,7,372,1138
8,8,7,7,372,1138
5,7,7,9,280,1136
7,7,7,9,280,1136
6,6,7,9,280,1136
6,8,7,9,280,1136
9,7,7,9,280,1136
8,6,7,9,280,1136
8,8,7,9,280,1136
7,5,7,9,280,1136
7,9,7,9,280,1136
4,8,7,9,373,1138
6,8,7,9,373,1138
5,7,7,9,373,1138
5,9,7,9,373,1138
8,8,7,9,373,1138
7,7,7,9,373,1138
7,9,7,9,373,1138
6,6,7,9,373,1138
6,9,7,9,373,1138
8,6,9,7,237,588
9,6,9,7,237,588
9,5,9,7,237,588
9,7,9,7,237,588
6,8,7,9,97,588
8,8,7,9,97,588
7,7,7,9,97,588
7,9,7,9,97,588
5,9,7,9,374,588
7,9,7,9,374,588
6,8,7,9,374,588
6,9,7,9,374,588
9,7,9,7,0,0
8,8,8,8,0,0
7,9,7,9,0,0
0,0,9,8,375,4403
1,0,9,8,375,4403
0,1,9,8,375,4403
2,0,9,8,375,4403
1,1,9,8,375,4403
0,2,9,8,375,4403
3,0,9,8,375,4403
2,1,9,8,375,4403
1,2,9,8,375,4403
0,3,9,8,375,4403
5,0,9,8,375,4403
4,0,9,8,375,4403
4,1,9,8,375,4403
3,1,9,8,375,4403
3,2,9,8,375,4403
2,2,9,8,375,4403
2,3,9,8,375,4403
1,3,9,8,375,4403
1,4,9,8,375,4403
7,0,9,8,375,4403
6,0,9,8,375,4403
6,1,9,8,375,4403
5,1,9,8,375,4403
5,2,9,8,375,4403
4,2,9,8,375,4403
4,3,9,8,375,4403
3,3,9,8,375,4403
3,4,9,8,375,4403
2,4,9,8,375,4403
2,5,9,8,375,4403
9,0,9,8,375,4403
8,0,9,8,375,4403
8,1,9,8,375,4403
7,1,9,8,375,4403
7,2,9,8,375,4403
6,2,9,8,375,4403
6,3,9,8,375,4403
5,3,9,8,375,4403
5,4,9,8,375,4403
4,4,9,8,375,4403
4,5,9,8,375,4403
3,5,9,8,375,4403
3,6,9,8,375,4403
9,1,9,8,375,4403
9,2,9,8,375,4403
8,2,9,8,375,4403
8,3,9,8,375,4403
7,3,9,8,375,4403
7,4,9,8,375,4403
6,4,9,8,375,4403
6,5,9,8,375,4403
5,5,9,8,375,4403
5,6,9,8,375,4403
4,6,9,8,375,4403
4,7,9,8,375,4403
9,3,9,8,375,4403
9,4,9,8,375,4403
8,4,9,8,375,4403
8,5,9,8,375,4403
7,5,9,8,375,4403
7,6,9,8,375,4403
6,6,9,8,375,4403
6,7,9,8,375,4403
5,7,9,8,375,4403
5,8,9,8,375,4403
9,5,9,8,375,4403
9,6,9,8,375,4403
8,6,9,8,375,4403
8,7,9,8,375,4403
7,7,9,8,375,4403
7,8,9,8,375,4403
6,8,9,8,375,4403
6,9,9,8,375,4403
9,7,9,8,375,4403
9,8,9,8,375,4403
8,8,9,8,375,4403
8,9,9,8,375,4403
7,9,9,8,375,4403
0,0,9,8,376,4069
1,0,9,8,376,4069
0,1,9,8,376,4069
3,0,9,8,376,4069
2,0,9,8,376,4069
2,1,9,8,376,4069
1,1,9,8,376,4069
1,2,9,8,376,4069
5,0,9,8,376,4069
4,0,9,8,376,4069
4,1,9,8,376,4069
3,1,9,8,376,4069
3,2,9,8,376,4069
2,2,9,8,376,4069
2,3,9,8,376,4069
7,0,9,8,376,4069
6,0,9,8,376,4069
6,1,9,8,376,4069
5,1,9,8,376,4069
5,2,9,8,376,4069
4,2,9,8,376,4069
4,3,9,8,376,4069
3,3,9,8,376,4069
3,4,9,8,376,4069
9,0,9,8,376,4069
8,0,9,8,376,4069
8,1,9,8,376,4069
7,1,9,8,376,4069
7,2,9,8,376,4069
6,2,9,8,376,4069
6,3,9,8,376,4069
5,3,9,8,376,4069
5,4,9,8,376,4069
4,4,9,8,376,4069
4,5,9,8,376,4069
9,1,9,8,376,4069
9,2,9,8,376,4069
8,2,9,8,376,4069
8,3,9,8,376,4069
7,3,9,8,376,4069
7,4,9,8,376,4069
6,4,9,8,376,4069
6,5,9,8,376,4069
5,5,9,8,376,4069
5,6,9,8,376,4069
9,3,9,8,376,4069
9,4,9,8,376,4069
8,4,9,8,376,4069
8,5,9,8,376,4069
7,5,9,8,376,4069
7,6,9,8,376,4069
6,6,9,8,376,4069
6,7,9,8,376,4069
9,5,9,8,376,4069
9,6,9,8,376,4069
8,6,9,8,376,4069
8,7,9,8,376,4069
7,7,9,8,376,4069
7,8,9,8,376,4069
9,7,9,8,376,4069
9,8,9,8,376,4069
8,8,9,8,376,4069
8,9,9,8,376,4069
1,0,9,6,377,3485
3,0,9,6,377,3485
2,0,9,6,377,3485
2,1,9,6,377,3485
5,0,9,6,377,3485
4,0,9,6,377,3485
4,1,9,6,377,3485
3,1,9,6,377,3485
3,2,9,6,377,3485
7,0,9,6,377,3485
6,0,9,6,377,3485
6,1,9,6,377,3485
5,1,9,6,377,3485
5,2,9,6,377,3485
4,2,9,6,377,3485
4,3,9,6,377,3485
9,0,9,6,377,3485
8,0,9,6,377,3485
8,1,9,6,377,3485
7,1,9,6,377,3485
7,2,9,6,377,3485
6,2,9,6,377,3485
6,3,9,6,377,3485
5,3,9,6,377,3485
5,4,9,6,377,3485
9,1,9,6,377,3485
9,2,9,6,377,3485
8,2,9,6,377,3485
8,3,9,6,377,3485
7,3,9,6,377,3485
7,4,9,6,377,3485
6,4,9,6,377,3485
6,5,9,6,377,3485
9,3,9,6,377,3485
9,4,9,6,377,3485
8,4,9,6,377,3485
8,5,9,6,377,3485
7,5,9,6,377,3485
7,6,9,6,377,3485
9,5,9,6,377,3485
9,6,9,6,377,3485
8,6,9,6,377,3485
8,7,9,6,377,3485
9,7,9,6,377,3485
9,8,9,6,377,3485
2,1,9,6,378,3238
4,1,9,6,378,3238
3,0,9,6,378,3238
3,2,9,6,378,3238
6,1,9,6,378,3238
5,0,9,6,378,3238
5,2,9,6,378,3238
4,0,9,6,378,3238
4,3,9,6,378,3238
8,1,9,6,378,3238
7,0,9,6,378,3238
7,2,9,6,378,3238
6,0,9,6,378,3238
6,3,9,6,378,3238
5,1,9,6,378,3238
5,4,9,6,378,3238
9,1,9,6,378,3238
9,0,9,6,378,3238
9,2,9,6,378,3238
8,0,9,6,378,3238
8,3,9,6,378,3238
7,1,9,6,378,3238
7,4,9,6,378,3238
6,2,9,6,378,3238
6,5,9,6,378,3238
8,2,9,6,378,3238
9,3,9,6,378,3238
9,4,9,6,378,3238
8,5,9,6,378,3238
7,3,9,6,378,3238
7,6,9,6,378,3238
8,4,9,6,378,3238
9,5,9,6,378,3238
9,6,9,6,378,3238
8,7,9,6,378,3238
3,1,9,6,378,3238
4,2,9,6,378,3238
5,3,9,6,378,3238
6,4,9,6,378,3238
7,5,9,6,378,3238
8,6,9,6,378,3238
9,7,9,6,378,3238
9,8,9,6,378,3238
0,1,9,8,379,3734
2,1,9,8,379,3734
1,0,9,8,379,3734
1,2,9,8,379,3734
4,1,9,8,379,3734
3,0,9,8,379,3734
3,2,9,8,379,3734
2,0,9,8,379,3734
2,3,9,8,379,3734
6,1,9,8,379,3734
5,0,9,8,379,3734
5,2,9,8,379,3734
4,0,9,8,379,3734
4,3,9,8,379,3734
3,1,9,8,379,3734
3,4,9,8,379,3734
8,1,9,8,379,3734
7,0,9,8,379,3734
7,2,9,8,379,3734
6,0,9,8,379,3734
6,3,9,8,379,3734
5,1,9,8,379,3734
5,4,9,8,379,3734
4,2,9,8,379,3734
4,5,9,8,379,3734
9,1,9,8,379,3734
9,0,9,8,379,3734
9,2,9,8,379,3734
8,0,9,8,379,3734
8,3,9,8,379,3734
7,1,9,8,379,3734
7,4,9,8,379,3734
6,2,9,8,379,3734
6,5,9,8,379,3734
5,3,9,8,379,3734
5,6,9,8,379,3734
8,2,9,8,379,3734
9,3,9,8,379,3734
9,4,9,8,379,3734
8,5,9,8,379,3734
7,3,9,8,379,3734
7,6,9,8,379,3734
6,4,9,8,379,3734
6,7,9,8,379,3734
8,4,9,8,379,3734
9,5,9,8,379,3734
9,6,9,8,379,3734
8,7,9,8,379,3734
7,5,9,8,379,3734
7,8,9,8,379,3734
8,6,9,8,379,3734
9,7,9,8,379,3734
9,8,9,8,379,3734
8,9,9,8,379,3734
1,2,9,8,380,3373
3,2,9,8,380,3373
2,1,9,8,380,3373
2,3,9,8,380,3373
5,2,9,8,380,3373
4,1,9,8,380,3373
4,3,9,8,380,3373
3,0,9,8,380,3373
3,4,9,8,380,3373
7,2,9,8,380,3373
6,1,9,8,380,3373
6,3,9,8,380,3373
5,0,9,8,380,3373
5,4,9,8,380,3373
4,0,9,8,380,3373
4,5,9,8,380,3373
9,2,9,8,380,3373
8,1,9,8,380,3373
8,3,9,8,380,3373
7,0,9,8,380,3373
7,4,9,8,380,3373
6,0,9,8,380,3373
6,5,9,8,380,3373
5,1,9,8,380,3373
5,6,9,8,380,3373
8,2,9,8,380,3373
9,1,9,8,380,3373
9,3,9,8,380,3373
9,0,9,8,380,3373
9,4,9,8,380,3373
8,0,9,8,380,3373
8,5,9,8,380,3373
7,1,9,8,380,3373
7,6,9,8,380,3373
6,2,9,8,380,3373
6,7,9,8,380,3373
7,3,9,8,380,3373
8,4,9,8,380,3373
9,5,9,8,380,3373
9,6,9,8,380,3373
8,7,9,8,380,3373
7,8,9,8,380,3373
4,2,9,8,380,3373
5,3,9,8,380,3373
6,4,9,8,380,3373
7,5,9,8,380,3373
8,6,9,8,380,3373
9,7,9,8,380,3373
9,8,9,8,380,3373
8,9,9,8,380,3373
0,1,9,8,381,4078
1,1,9,8,381,4078
0,0,9,8,381,4078
0,2,9,8,381,4078
2,1,9,8,381,4078
1,0,9,8,381,4078
1,2,9,8,381,4078
0,3,9,8,381,4078
4,1,9,8,381,4078
3,0,9,8,381,4078
3,2,9,8,381,4078
2,0,9,8,381,4078
2,3,9,8,381,4078
1,4,9,8,381,4078
6,1,9,8,381,4078
5,0,9,8,381,4078
5,2,9,8,381,4078
4,0,9,8,381,4078
4,3,9,8,381,4078
3,1,9,8,381,4078
3,4,9,8,381,4078
2,2,9,8,381,4078
2,5,9,8,381,4078
8,1,9,8,381,4078
7,0,9,8,381,4078
7,2,9,8,381,4078
6,0,9,8,381,4078
6,3,9,8,381,4078
5,1,9,8,381,4078
5,4,9,8,381,4078
4,2,9,8,381,4078
4,5,9,8,381,4078
3,3,9,8,381,4078
3,6,9,8,381,4078
9,1,9,8,381,4078
9,0,9,8,381,4078
9,2,9,8,381,4078
8,0,9,8,381,4078
8,3,9,8,381,4078
7,1,9,8,381,4078
7,4,9,8,381,4078
6,2,9,8,381,4078
6,5,9,8,381,4078
5,3,9,8,381,4078
5,6,9,8,381,4078
4,4,9,8,381,4078
4,7,9,8,381,4078
8,2,9,8,381,4078
9,3,9,8,381,4078
9,4,9,8,381,4078
8,5,9,8,381,4078
7,3,9,8,381,4078
7,6,9,8,381,4078
6,4,9,8,381,4078
6,7,9,8,381,4078
5,5,9,8,381,4078
5,8,9,8,381,4078
8,4,9,8,381,4078
9,5,9,8,381,4078
9,6,9,8,381,4078
8,7,9,8,381,4078
7,5,9,8,381,4078
7,8,9,8,381,4078
6,6,9,8,381,4078
6,9,9,8,381,4078
8,6,9,8,381,4078
9,7,9,8,381,4078
9,8,9,8,381,4078
8,9,9,8,381,4078
7,7,9,8,381,4078
7,9,9,8,381,4078
0,3,9,8,382,3379
2,3,9,8,382,3379
1,2,9,8,382,3379
1,4,9,8,382,3379
4,3,9,8,382,3379
3,2,9,8,382,3379
3,4,9,8,382,3379
2,1,9,8,382,3379
2,5,9,8,382,3379
6,3,9,8,382,3379
5,2,9,8,382,3379
5,4,9,8,382,3379
4,1,9,8,382,3379
4,5,9,8,382,3379
3,0,9,8,382,3379
3,6,9,8,382,3379
8,3,9,8,382,3379
7,2,9,8,382,3379
7,4,9,8,382,3379
6,1,9,8,382,3379
6,5,9,8,382,3379
5,0,9,8,382,3379
5,6,9,8,382,3379
4,0,9,8,382,3379
4,7,9,8,382,3379
9,3,9,8,382,3379
9,2,9,8,382,3379
9,4,9,8,382,3379
8,1,9,8,382,3379
8,5,9,8,382,3379
7,0,9,8,382,3379
7,6,9,8,382,3379
6,0,9,8,382,3379
6,7,9,8,382,3379
5,1,9,8,382,3379
5,8,9,8,382,3379
7,3,9,8,382,3379
8,2,9,8,382,3379
8,4,9,8,382,3379
9,1,9,8,382,3379
9,5,9,8,382,3379
9,0,9,8,382,3379
9,6,9,8,382,3379
8,0,9,8,382,3379
8,7,9,8,382,3379
7,1,9,8,382,3379
7,8,9,8,382,3379
6,2,9,8,382,3379
6,9,9,8,382,3379
5,3,9,8,382,3379
6,4,9,8,382,3379
7,5,9,8,382,3379
8,6,9,8,382,3379
9,7,9,8,382,3379
9,8,9,8,382,3379
8,9,9,8,382,3379
7,9,9,8,382,3379
0,1,9,6,383,4409
1,1,9,6,383,4409
0,0,9,6,383,4409
0,2,9,6,383,4409
2,1,9,6,383,4409
1,0,9,6,383,4409
1,2,9,6,383,4409
0,3,9,6,383,4409
3,1,9,6,383,4409
2,0,9,6,383,4409
2,2,9,6,383,4409
1,3,9,6,383,4409
0,4,9,6,383,4409
4,1,9,6,383,4409
3,0,9,6,383,4409
3,2,9,6,383,4409
2,3,9,6,383,4409
1,4,9,6,383,4409
0,5,9,6,383,4409
6,1,9,6,383,4409
5,0,9,6,383,4409
5,2,9,6,383,4409
4,0,9,6,383,4409
4,3,9,6,383,4409
3,4,9,6,383,4409
2,5,9,6,383,4409
1,6,9,6,383,4409
8,1,9,6,383,4409
7,0,9,6,383,4409
7,2,9,6,383,4409
6,0,9,6,383,4409
6,3,9,6,383,4409
5,1,9,6,383,4409
5,4,9,6,383,4409
4,2,9,6,383,4409
4,5,9,6,383,4409
3,3,9,6,383,4409
3,6,9,6,383,4409
2,4,9,6,383,4409
2,7,9,6,383,4409
9,1,9,6,383,4409
9,0,9,6,383,4409
9,2,9,6,383,4409
8,0,9,6,383,4409
8,3,9,6,383,4409
7,1,9,6,383,4409
7,4,9,6,383,4409
6,2,9,6,383,4409
6,5,9,6,383,4409
5,3,9,6,383,4409
5,6,9,6,383,4409
4,4,9,6,383,4409
4,7,9,6,383,4409
3,5,9,6,383,4409
3,8,9,6,383,4409
8,2,9,6,383,4409
9,3,9,6,383,4409
9,4,9,6,383,4409
8,5,9,6,383,4409
7,3,9,6,383,4409
7,6,9,6,383,4409
6,4,9,6,383,4409
6,7,9,6,383,4409
5,5,9,6,383,4409
5,8,9,6,383,4409
4,6,9,6,383,4409
4,9,9,6,383,4409
8,4,9,6,383,4409
9,5,9,6,383,4409
9,6,9,6,383,4409
8,7,9,6,383,4409
7,5,9,6,383,4409
7,8,9,6,383,4409
6,6,9,6,383,4409
6,9,9,6,383,4409
5,7,9,6,383,4409
5,9,9,6,383,4409
8,6,9,6,383,4409
9,7,9,6,383,4409
9,8,9,6,383,4409
8,9,9,6,383,4409
7,7,9,6,383,4409
7,9,9,6,383,4409
6,8,9,6,383,4409
0,3,9,8,384,3744
1,3,9,8,384,3744
0,2,9,8,384,3744
0,4,9,8,384,3744
2,3,9,8,384,3744
1,2,9,8,384,3744
1,4,9,8,384,3744
0,1,9,8,384,3744
0,5,9,8,384,3744
4,3,9,8,384,3744
3,2,9,8,384,3744
3,4,9,8,384,3744
2,1,9,8,384,3744
2,5,9,8,384,3744
1,0,9,8,384,3744
1,6,9,8,384,3744
6,3,9,8,384,3744
5,2,9,8,384,3744
5,4,9,8,384,3744
4,1,9,8,384,3744
4,5,9,8,384,3744
3,0,9,8,384,3744
3,6,9,8,384,3744
2,0,9,8,384,3744
2,7,9,8,384,3744
8,3,9,8,384,3744
7,2,9,8,384,3744
7,4,9,8,384,3744
6,1,9,8,384,3744
6,5,9,8,384,3744
5,0,9,8,384,3744
5,6,9,8,384,3744
4,0,9,8,384,3744
4,7,9,8,384,3744
3,1,9,8,384,3744
3,8,9,8,384,3744
9,3,9,8,384,3744
9,2,9,8,384,3744
9,4,9,8,384,3744
8,1,9,8,384,3744
8,5,9,8,384,3744
7,0,9,8,384,3744
7,6,9,8,384,3744
6,0,9,8,384,3744
6,7,9,8,384,3744
5,1,9,8,384,3744
5,8,9,8,384,3744
4,2,9,8,384,3744
4,9,9,8,384,3744
7,3,9,8,384,3744
8,2,9,8,384,3744
8,4,9,8,384,3744
9,1,9,8,384,3744
9,5,9,8,384,3744
9,0,9,8,384,3744
9,6,9,8,384,3744
8,0,9,8,384,3744
8,7,9,8,384,3744
7,1,9,8,384,3744
7,8,9,8,384,3744
6,2,9,8,384,3744
6,9,9,8,384,3744
5,3,9,8,384,3744
5,9,9,8,384,3744
6,4,9,8,384,3744
7,5,9,8,384,3744
8,6,9,8,384,3744
9,7,9,8,384,3744
9,8,9,8,384,3744
8,9,9,8,384,3744
7,9,9,8,384,3744
6,8,9,8,384,3744
0,4,9,6,385,3378
1,4,9,6,385,3378
0,3,9,6,385,3378
0,5,9,6,385,3378
3,4,9,6,385,3378
2,3,9,6,385,3378
2,5,9,6,385,3378
1,2,9,6,385,3378
1,6,9,6,385,3378
5,4,9,6,385,3378
4,3,9,6,385,3378
4,5,9,6,385,3378
3,2,9,6,385,3378
3,6,9,6,385,3378
2,1,9,6,385,3378
2,7,9,6,385,3378
7,4,9,6,385,3378
6,3,9,6,385,3378
6,5,9,6,385,3378
5,2,9,6,385,3378
5,6,9,6,385,3378
4,1,9,6,385,3378
4,7,9,6,385,3378
3,0,9,6,385,3378
3,8,9,6,385,3378
9,4,9,6,385,3378
8,3,9,6,385,3378
8,5,9,6,385,3378
7,2,9,6,385,3378
7,6,9,6,385,3378
6,1,9,6,385,3378
6,7,9,6,385,3378
5,0,9,6,385,3378
5,8,9,6,385,3378
4,0,9,6,385,3378
4,9,9,6,385,3378
8,4,9,6,385,3378
9,3,9,6,385,3378
9,5,9,6,385,3378
9,2,9,6,385,3378
9,6,9,6,385,3378
8,1,9,6,385,3378
8,7,9,6,385,3378
7,0,9,6,385,3378
7,8,9,6,385,3378
6,0,9,6,385,3378
6,9,9,6,385,3378
5,1,9,6,385,3378
5,9,9,6,385,3378
6,4,9,6,385,3378
7,3,9,6,385,3378
7,5,9,6,385,3378
8,2,9,6,385,3378
8,6,9,6,385,3378
9,1,9,6,385,3378
9,7,9,6,385,3378
9,0,9,6,385,3378
9,8,9,6,385,3378
8,0,9,6,385,3378
8,9,9,6,385,3378
7,1,9,6,385,3378
7,9,9,6,385,3378
6,2,9,6,385,3378
6,8,9,6,385,3378
0,3,9,8,386,4086
1,3,9,8,386,4086
0,2,9,8,386,4086
0,4,9,8,386,4086
2,3,9,8,386,4086
1,2,9,8,386,4086
1,4,9,8,386,4086
0,1,9,8,386,4086
0,5,9,8,386,4086
3,3,9,8,386,4086
2,2,9,8,386,4086
2,4,9,8,386,4086
1,1,9,8,386,4086
1,5,9,8,386,4086
0,0,9,8,386,4086
0,6,9,8,386,4086
4,3,9,8,386,4086
3,2,9,8,386,4086
3,4,9,8,386,4086
2,1,9,8,386,4086
2,5,9,8,386,4086
1,0,9,8,386,4086
1,6,9,8,386,4086
0,7,9,8,386,4086
6,3,9,8,386,4086
5,2,9,8,386,4086
5,4,9,8,386,4086
4,1,9,8,386,4086
4,5,9,8,386,4086
3,0,9,8,386,4086
3,6,9,8,386,4086
2,0,9,8,386,4086
2,7,9,8,386,4086
1,8,9,8,386,4086
8,3,9,8,386,4086
7,2,9,8,386,4086
7,4,9,8,386,4086
6,1,9,8,386,4086
6,5,9,8,386,4086
5,0,9,8,386,4086
5,6,9,8,386,4086
4,0,9,8,386,4086
4,7,9,8,386,4086
3,1,9,8,386,4086
3,8,9,8,386,4086
2,9,9,8,386,4086
9,3,9,8,386,4086
9,2,9,8,386,4086
9,4,9,8,386,4086
8,1,9,8,386,4086
8,5,9,8,386,4086
7,0,9,8,386,4086
7,6,9,8,386,4086
6,0,9,8,386,4086
6,7,9,8,386,4086
5,1,9,8,386,4086
5,8,9,8,386,4086
4,2,9,8,386,4086
4,9,9,8,386,4086
3,9,9,8,386,4086
7,3,9,8,386,4086
8,2,9,8,386,4086
8,4,9,8,386,4086
9,1,9,8,386,4086
9,5,9,8,386,4086
9,0,9,8,386,4086
9,6,9,8,386,4086
8,0,9,8,386,4086
8,7,9,8,386,4086
7,1,9,8,386,4086
7,8,9,8,386,4086
6,2,9,8,386,4086
6,9,9,8,386,4086
5,3,9,8,386,4086
5,9,9,8,386,4086
4,4,9,8,386,4086
4,8,9,8,386,4086
6,4,9,8,386,4086
7,5,9,8,386,4086
8,6,9,8,386,4086
9,7,9,8,386,4086
9,8,9,8,386,4086
8,9,9,8,386,4086
7,9,9,8,386,4086
6,8,9,8,386,4086
5,5,9,8,386,4086
5,7,9,8,386,4086
0,4,9,6,387,3743
1,4,9,6,387,3743
0,3,9,6,387,3743
0,5,9,6,387,3743
2,4,9,6,387,3743
1,3,9,6,387,3743
1,5,9,6,387,3743
0,2,9,6,387,3743
0,6,9,6,387,3743
3,4,9,6,387,3743
2,3,9,6,387,3743
2,5,9,6,387,3743
1,2,9,6,387,3743
1,6,9,6,387,3743
0,1,9,6,387,3743
0,7,9,6,387,3743
5,4,9,6,387,3743
4,3,9,6,387,3743
4,5,9,6,387,3743
3,2,9,6,387,3743
3,6,9,6,387,3743
2,1,9,6,387,3743
2,7,9,6,387,3743
1,0,9,6,387,3743
1,8,9,6,387,3743
7,4,9,6,387,3743
6,3,9,6,387,3743
6,5,9,6,387,3743
5,2,9,6,387,3743
5,6,9,6,387,3743
4,1,9,6,387,3743
4,7,9,6,387,3743
3,0,9,6,387,3743
3,8,9,6,387,3743
2,0,9,6,387,3743
2,9,9,6,387,3743
9,4,9,6,387,3743
8,3,9,6,387,3743
8,5,9,6,387,3743
7,2,9,6,387,3743
7,6,9,6,387,3743
6,1,9,6,387,3743
6,7,9,6,387,3743
5,0,9,6,387,3743
5,8,9,6,387,3743
4,0,9,6,387,3743
4,9,9,6,387,3743
3,1,9,6,387,3743
3,9,9,6,387,3743
8,4,9,6,387,3743
9,3,9,6,387,3743
9,5,9,6,387,3743
9,2,9,6,387,3743
9,6,9,6,387,3743
8,1,9,6,387,3743
8,7,9,6,387,3743
7,0,9,6,387,3743
7,8,9,6,387,3743
6,0,9,6,387,3743
6,9,9,6,387,3743
5,1,9,6,387,3743
5,9,9,6,387,3743
4,2,9,6,387,3743
4,8,9,6,387,3743
6,4,9,6,387,3743
7,3,9,6,387,3743
7,5,9,6,387,3743
8,2,9,6,387,3743
8,6,9,6,387,3743
9,1,9,6,387,3743
9,7,9,6,387,3743
9,0,9,6,387,3743
9,8,9,6,387,3743
8,0,9,6,387,3743
8,9,9,6,387,3743
7,1,9,6,387,3743
7,9,9,6,387,3743
6,2,9,6,387,3743
6,8,9,6,387,3743
5,3,9,6,387,3743
5,7,9,6,387,3743
0,5,8,5,388,3381
1,5,8,5,388,3381
0,4,8,5,388,3381
0,6,8,5,388,3381
2,5,8,5,388,3381
1,4,8,5,388,3381
1,6,8,5,388,3381
0,3,8,5,388,3381
0,7,8,5,388,3381
4,5,8,5,388,3381
3,4,8,5,388,3381
3,6,8,5,388,3381
2,3,8,5,388,3381
2,7,8,5,388,3381
1,2,8,5,388,3381
1,8,8,5,388,3381
6,5,8,5,388,3381
5,4,8,5,388,3381
5,6,8,5,388,3381
4,3,8,5,388,3381
4,7,8,5,388,3381
3,2,8,5,388,3381
3,8,8,5,388,3381
2,1,8,5,388,3381
2,9,8,5,388,3381
8,5,8,5,388,3381
7,4,8,5,388,3381
7,6,8,5,388,3381
6,3,8,5,388,3381
6,7,8,5,388,3381
5,2,8,5,388,3381
5,8,8,5,388,3381
4,1,8,5,388,3381
4,9,8,5,388,3381
3,0,8,5,388,3381
3,9,8,5,388,3381
9,5,8,5,388,3381
9,4,8,5,388,3381
9,6,8,5,388,3381
8,3,8,5,388,3381
8,7,8,5,388,3381
7,2,8,5,388,3381
7,8,8,5,388,3381
6,1,8,5,388,3381
6,9,8,5,388,3381
5,0,8,5,388,3381
5,9,8,5,388,3381
4,0,8,5,388,3381
4,8,8,5,388,3381
7,5,8,5,388,3381
8,4,8,5,388,3381
8,6,8,5,388,3381
9,3,8,5,388,3381
9,7,8,5,388,3381
9,2,8,5,388,3381
9,8,8,5,388,3381
8,1,8,5,388,3381
8,9,8,5,388,3381
7,0,8,5,388,3381
7,9,8,5,388,3381
6,0,8,5,388,3381
6,8,8,5,388,3381
5,1,8,5,388,3381
5,7,8,5,388,3381
0,3,9,8,389,4404
1,3,9,8,389,4404
0,2,9,8,389,4404
0,4,9,8,389,4404
2,3,9,8,389,4404
1,2,9,8,389,4404
1,4,9,8,389,4404
0,1,9,8,389,4404
0,5,9,8,389,4404
3,3,9,8,389,4404
2,2,9,8,389,4404
2,4,9,8,389,4404
1,1,9,8,389,4404
1,5,9,8,389,4404
0,0,9,8,389,4404
0,6,9,8,389,4404
4,3,9,8,389,4404
3,2,9,8,389,4404
3,4,9,8,389,4404
2,1,9,8,389,4404
2,5,9,8,389,4404
1,0,9,8,389,4404
1,6,9,8,389,4404
0,7,9,8,389,4404
5,3,9,8,389,4404
4,2,9,8,389,4404
4,4,9,8,389,4404
3,1,9,8,389,4404
3,5,9,8,389,4404
2,0,9,8,389,4404
2,6,9,8,389,4404
1,7,9,8,389,4404
0,8,9,8,389,4404
6,3,9,8,389,4404
5,2,9,8,389,4404
5,4,9,8,389,4404
4,1,9,8,389,4404
4,5,9,8,389,4404
3,0,9,8,389,4404
3,6,9,8,389,4404
2,7,9,8,389,4404
1,8,9,8,389,4404
0,9,9,8,389,4404
8,3,9,8,389,4404
7,2,9,8,389,4404
7,4,9,8,389,4404
6,1,9,8,389,4404
6,5,9,8,389,4404
5,0,9,8,389,4404
5,6,9,8,389,4404
4,0,9,8,389,4404
4,7,9,8,389,4404
3,8,9,8,389,4404
2,9,9,8,389,4404
1,9,9,8,389,4404
9,3,9,8,389,4404
9,2,9,8,389,4404
9,4,9,8,389,4404
8,1,9,8,389,4404
8,5,9,8,389,4404
7,0,9,8,389,4404
7,6,9,8,389,4404
6,0,9,8,389,4404
6,7,9,8,389,4404
5,1,9,8,389,4404
5,8,9,8,389,4404
4,9,9,8,389,4404
3,9,9,8,389,4404
2,8,9,8,389,4404
7,3,9,8,389,4404
8,2,9,8,389,4404
8,4,9,8,389,4404
9,1,9,8,389,4404
9,5,9,8,389,4404
9,0,9,8,389,4404
9,6,9,8,389,4404
8,0,9,8,389,4404
8,7,9,8,389,4404
7,1,9,8,389,4404
7,8,9,8,389,4404
6,2,9,8,389,4404
6,9,9,8,389,4404
5,9,9,8,389,4404
4,8,9,8,389,4404
3,7,9,8,389,4404
6,4,9,8,389,4404
7,5,9,8,389,4404
8,6,9,8,389,4404
9,7,9,8,389,4404
9,8,9,8,389,4404
8,9,9,8,389,4404
7,9,9,8,389,4404
6,8,9,8,389,4404
5,5,9,8,389,4404
5,7,9,8,389,4404
4,6,9,8,389,4404
0,4,9,6,390,4083
1,4,9,6,390,4083
0,3,9,6,390,4083
0,5,9,6,390,4083
2,4,9,6,390,4083
1,3,9,6,390,4083
1,5,9,6,390,4083
0,2,9,6,390,4083
0,6,9,6,390,4083
3,4,9,6,390,4083
2,3,9,6,390,4083
2,5,9,6,390,4083
1,2,9,6,390,4083
1,6,9,6,390,4083
0,1,9,6,390,4083
0,7,9,6,390,4083
4,4,9,6,390,4083
3,3,9,6,390,4083
3,5,9,6,390,4083
2,2,9,6,390,4083
2,6,9,6,390,4083
1,1,9,6,390,4083
1,7,9,6,390,4083
0,0,9,6,390,4083
0,8,9,6,390,4083
5,4,9,6,390,4083
4,3,9,6,390,4083
4,5,9,6,390,4083
3,2,9,6,390,4083
3,6,9,6,390,4083
2,1,9,6,390,4083
2,7,9,6,390,4083
1,0,9,6,390,4083
1,8,9,6,390,4083
0,9,9,6,390,4083
7,4,9,6,390,4083
6,3,9,6,390,4083
6,5,9,6,390,4083
5,2,9,6,390,4083
5,6,9,6,390,4083
4,1,9,6,390,4083
4,7,9,6,390,4083
3,0,9,6,390,4083
3,8,9,6,390,4083
2,0,9,6,390,4083
2,9,9,6,390,4083
1,9,9,6,390,4083
9,4,9,6,390,4083
8,3,9,6,390,4083
8,5,9,6,390,4083
7,2,9,6,390,4083
7,6,9,6,390,4083
6,1,9,6,390,4083
6,7,9,6,390,4083
5,0,9,6,390,4083
5,8,9,6,390,4083
4,0,9,6,390,4083
4,9,9,6,390,4083
3,1,9,6,390,4083
3,9,9,6,390,4083
2,8,9,6,390,4083
8,4,9,6,390,4083
9,3,9,6,390,4083
9,5,9,6,390,4083
9,2,9,6,390,4083
9,6,9,6,390,4083
8,1,9,6,390,4083
8,7,9,6,390,4083
7,0,9,6,390,4083
7,8,9,6,390,4083
6,0,9,6,390,4083
6,9,9,6,390,4083
5,1,9,6,390,4083
5,9,9,6,390,4083
4,2,9,6,390,4083
4,8,9,6,390,4083
3,7,9,6,390,4083
6,4,9,6,390,4083
7,3,9,6,390,4083
7,5,9,6,390,4083
8,2,9,6,390,4083
8,6,9,6,390,4083
9,1,9,6,390,4083
9,7,9,6,390,4083
9,0,9,6,390,4083
9,8,9,6,390,4083
8,0,9,6,390,4083
8,9,9,6,390,4083
7,1,9,6,390,4083
7,9,9,6,390,4083
6,2,9,6,390,4083
6,8,9,6,390,4083
5,3,9,6,390,4083
5,7,9,6,390,4083
4,6,9,6,390,4083
0,5,8,5,391,3746
1,5,8,5,391,3746
0,4,8,5,391,3746
0,6,8,5,391,3746
2,5,8,5,391,3746
1,4,8,5,391,3746
1,6,8,5,391,3746
0,3,8,5,391,3746
0,7,8,5,391,3746
3,5,8,5,391,3746
2,4,8,5,391,3746
2,6,8,5,391,3746
1,3,8,5,391,3746
1,7,8,5,391,3746
0,2,8,5,391,3746
0,8,8,5,391,3746
4,5,8,5,391,3746
3,4,8,5,391,3746
3,6,8,5,391,3746
2,3,8,5,391,3746
2,7,8,5,391,3746
1,2,8,5,391,3746
1,8,8,5,391,3746
0,1,8,5,391,3746
0,9,8,5,391,3746
6,5,8,5,391,3746
5,4,8,5,391,3746
5,6,8,5,391,3746
4,3,8,5,391,3746
4,7,8,5,391,3746
3,2,8,5,391,3746
3,8,8,5,391,3746
2,1,8,5,391,3746
2,9,8,5,391,3746
1,0,8,5,391,3746
1,9,8,5,391,3746
8,5,8,5,391,3746
7,4,8,5,391,3746
7,6,8,5,391,3746
6,3,8,5,391,3746
6,7,8,5,391,3746
5,2,8,5,391,3746
5,8,8,5,391,3746
4,1,8,5,391,3746
4,9,8,5,391,3746
3,0,8,5,391,3746
3,9,8,5,391,3746
2,0,8,5,391,3746
2,8,8,5,391,3746
9,5,8,5,391,3746
9,4,8,5,391,3746
9,6,8,5,391,3746
8,3,8,5,391,3746
8,7,8,5,391,3746
7,2,8,5,391,3746
7,8,8,5,391,3746
6,1,8,5,391,3746
6,9,8,5,391,3746
5,0,8,5,391,3746
5,9,8,5,391,3746
4,0,8,5,391,3746
4,8,8,5,391,3746
3,1,8,5,391,3746
3,7,8,5,391,3746
7,5,8,5,391,3746
8,4,8,5,391,3746
8,6,8,5,391,3746
9,3,8,5,391,3746
9,7,8,5,391,3746
9,2,8,5,391,3746
9,8,8,5,391,3746
8,1,8,5,391,3746
8,9,8,5,391,3746
7,0,8,5,391,3746
7,9,8,5,391,3746
6,0,8,5,391,3746
6,8,8,5,391,3746
5,1,8,5,391,3746
5,7,8,5,391,3746
4,2,8,5,391,3746
4,6,8,5,391,3746
0,4,9,6,392,4401
1,4,9,6,392,4401
0,3,9,6,392,4401
0,5,9,6,392,4401
2,4,9,6,392,4401
1,3,9,6,392,4401
1,5,9,6,392,4401
0,2,9,6,392,4401
0,6,9,6,392,4401
3,4,9,6,392,4401
2,3,9,6,392,4401
2,5,9,6,392,4401
1,2,9,6,392,4401
1,6,9,6,392,4401
0,1,9,6,392,4401
0,7,9,6,392,4401
4,4,9,6,392,4401
3,3,9,6,392,4401
3,5,9,6,392,4401
2,2,9,6,392,4401
2,6,9,6,392,4401
1,1,9,6,392,4401
1,7,9,6,392,4401
0,0,9,6,392,4401
0,8,9,6,392,4401
5,4,9,6,392,4401
4,3,9,6,392,4401
4,5,9,6,392,4401
3,2,9,6,392,4401
3,6,9,6,392,4401
2,1,9,6,392,4401
2,7,9,6,392,4401
1,0,9,6,392,4401
1,8,9,6,392,4401
0,9,9,6,392,4401
6,4,9,6,392,4401
5,3,9,6,392,4401
5,5,9,6,392,4401
4,2,9,6,392,4401
4,6,9,6,392,4401
3,1,9,6,392,4401
3,7,9,6,392,4401
2,0,9,6,392,4401
2,8,9,6,392,4401
1,9,9,6,392,4401
7,4,9,6,392,4401
6,3,9,6,392,4401
6,5,9,6,392,4401
5,2,9,6,392,4401
5,6,9,6,392,4401
4,1,9,6,392,4401
4,7,9,6,392,4401
3,0,9,6,392,4401
3,8,9,6,392,4401
2,9,9,6,392,4401
9,4,9,6,392,4401
8,3,9,6,392,4401
8,5,9,6,392,4401
7,2,9,6,392,4401
7,6,9,6,392,4401
6,1,9,6,392,4401
6,7,9,6,392,4401
5,0,9,6,392,4401
5,8,9,6,392,4401
4,0,9,6,392,4401
4,9,9,6,392,4401
3,9,9,6,392,4401
8,4,9,6,392,4401
9,3,9,6,392,4401
9,5,9,6,392,4401
9,2,9,6,392,4401
9,6,9,6,392,4401
8,1,9,6,392,4401
8,7,9,6,392,4401
7,0,9,6,392,4401
7,8,9,6,392,4401
6,0,9,6,392,4401
6,9,9,6,392,4401
5,1,9,6,392,4401
5,9,9,6,392,4401
4,8,9,6,392,4401
7,3,9,6,392,4401
7,5,9,6,392,4401
8,2,9,6,392,4401
8,6,9,6,392,4401
9,1,9,6,392,4401
9,7,9,6,392,4401
9,0,9,6,392,4401
9,8,9,6,392,4401
8,0,9,6,392,4401
8,9,9,6,392,4401
7,1,9,6,392,4401
7,9,9,6,392,4401
6,2,9,6,392,4401
6,8,9,6,392,4401
5,7,9,6,392,4401
0,7,8,9,393,3378
1,7,8,9,393,3378
0,6,8,9,393,3378
0,8,8,9,393,3378
2,7,8,9,393,3378
1,6,8,9,393,3378
1,8,8,9,393,3378
0,5,8,9,393,3378
0,9,8,9,393,3378
3,7,8,9,393,3378
2,6,8,9,393,3378
2,8,8,9,393,3378
1,5,8,9,393,3378
1,9,8,9,393,3378
0,4,8,9,393,3378
4,7,8,9,393,3378
3,6,8,9,393,3378
3,8,8,9,393,3378
2,5,8,9,393,3378
2,9,8,9,393,3378
1,4,8,9,393,3378
0,3,8,9,393,3378
6,7,8,9,393,3378
5,6,8,9,393,3378
5,8,8,9,393,3378
4,5,8,9,393,3378
4,9,8,9,393,3378
3,4,8,9,393,3378
3,9,8,9,393,3378
2,3,8,9,393,3378
1,2,8,9,393,3378
8,7,8,9,393,3378
7,6,8,9,393,3378
7,8,8,9,393,3378
6,5,8,9,393,3378
6,9,8,9,393,3378
5,4,8,9,393,3378
5,9,8,9,393,3378
4,3,8,9,393,3378
4,8,8,9,393,3378
3,2,8,9,393,3378
2,1,8,9,393,3378
9,7,8,9,393,3378
9,6,8,9,393,3378
9,8,8,9,393,3378
8,5,8,9,393,3378
8,9,8,9,393,3378
7,4,8,9,393,3378
7,9,8,9,393,3378
6,3,8,9,393,3378
6,8,8,9,393,3378
5,2,8,9,393,3378
5,7,8,9,393,3378
4,1,8,9,393,3378
4,6,8,9,393,3378
3,0,8,9,393,3378
3,5,8,9,393,3378
0,5,3,0,394,4420
1,5,3,0,394,4420
0,4,3,0,394,4420
0,6,3,0,394,4420
2,5,3,0,394,4420
1,4,3,0,394,4420
1,6,3,0,394,4420
0,3,3,0,394,4420
0,7,3,0,394,4420
3,5,3,0,394,4420
2,4,3,0,394,4420
2,6,3,0,394,4420
1,3,3,0,394,4420
1,7,3,0,394,4420
0,2,3,0,394,4420
0,8,3,0,394,4420
4,5,3,0,394,4420
3,4,3,0,394,4420
3,6,3,0,394,4420
2,3,3,0,394,4420
2,7,3,0,394,4420
1,2,3,0,394,4420
1,8,3,0,394,4420
0,1,3,0,394,4420
0,9,3,0,394,4420
5,5,3,0,394,4420
4,4,3,0,394,4420
4,6,3,0,394,4420
3,3,3,0,394,4420
3,7,3,0,394,4420
2,2,3,0,394,4420
2,8,3,0,394,4420
1,1,3,0,394,4420
1,9,3,0,394,4420
0,0,3,0,394,4420
6,5,3,0,394,4420
5,4,3,0,394,4420
5,6,3,0,394,4420
4,3,3,0,394,4420
4,7,3,0,394,4420
3,2,3,0,394,4420
3,8,3,0,394,4420
2,1,3,0,394,4420
2,9,3,0,394,4420
1,0,3,0,394,4420
7,5,3,0,394,4420
6,4,3,0,394,4420
6,6,3,0,394,4420
5,3,3,0,394,4420
5,7,3,0,394,4420
4,2,3,0,394,4420
4,8,3,0,394,4420
3,1,3,0,394,4420
3,9,3,0,394,4420
2,0,3,0,394,4420
8,5,3,0,394,4420
7,4,3,0,394,4420
7,6,3,0,394,4420
6,3,3,0,394,4420
6,7,3,0,394,4420
5,2,3,0,394,4420
5,8,3,0,394,4420
4,1,3,0,394,4420
4,9,3,0,394,4420
3,0,3,0,394,4420
9,5,3,0,394,4420
9,4,3,0,394,4420
9,6,3,0,394,4420
8,3,3,0,394,4420
8,7,3,0,394,4420
7,2,3,0,394,4420
7,8,3,0,394,4420
6,1,3,0,394,4420
6,9,3,0,394,4420
5,0,3,0,394,4420
5,9,3,0,394,4420
4,0,3,0,394,4420
8,4,3,0,394,4420
8,6,3,0,394,4420
9,3,3,0,394,4420
9,7,3,0,394,4420
9,2,3,0,394,4420
9,8,3,0,394,4420
8,1,3,0,394,4420
8,9,3,0,394,4420
7,0,3,0,394,4420
7,9,3,0,394,4420
6,0,3,0,394,4420
6,8,3,0,394,4420
5,1,3,0,394,4420
0,6,3,0,395,4426
1,6,3,0,395,4426
0,5,3,0,395,4426
0,7,3,0,395,4426
2,6,3,0,395,4426
1,5,3,0,395,4426
1,7,3,0,395,4426
0,4,3,0,395,4426
0,8,3,0,395,4426
3,6,3,0,395,4426
2,5,3,0,395,4426
2,7,3,0,395,4426
1,4,3,0,395,4426
1,8,3,0,395,4426
0,3,3,0,395,4426
0,9,3,0,395,4426
4,6,3,0,395,4426
3,5,3,0,395,4426
3,7,3,0,395,4426
2,4,3,0,395,4426
2,8,3,0,395,4426
1,3,3,0,395,4426
1,9,3,0,395,4426
0,2,3,0,395,4426
5,6,3,0,395,4426
4,5,3,0,395,4426
4,7,3,0,395,4426
3,4,3,0,395,4426
3,8,3,0,395,4426
2,3,3,0,395,4426
2,9,3,0,395,4426
1,2,3,0,395,4426
0,1,3,0,395,4426
6,6,3,0,395,4426
5,5,3,0,395,4426
5,7,3,0,395,4426
4,4,3,0,395,4426
4,8,3,0,395,4426
3,3,3,0,395,4426
3,9,3,0,395,4426
2,2,3,0,395,4426
1,1,3,0,395,4426
0,0,3,0,395,4426
7,6,3,0,395,4426
6,5,3,0,395,4426
6,7,3,0,395,4426
5,4,3,0,395,4426
5,8,3,0,395,4426
4,3,3,0,395,4426
4,9,3,0,395,4426
3,2,3,0,395,4426
2,1,3,0,395,4426
1,0,3,0,395,4426
8,6,3,0,395,4426
7,5,3,0,395,4426
7,7,3,0,395,4426
6,4,3,0,395,4426
6,8,3,0,395,4426
5,3,3,0,395,4426
5,9,3,0,395,4426
4,2,3,0,395,4426
3,1,3,0,395,4426
2,0,3,0,395,4426
9,6,3,0,395,4426
8,5,3,0,395,4426
8,7,3,0,395,4426
7,4,3,0,395,4426
7,8,3,0,395,4426
6,3,3,0,395,4426
6,9,3,0,395,4426
5,2,3,0,395,4426
4,1,3,0,395,4426
3,0,3,0,395,4426
9,5,3,0,395,4426
9,7,3,0,395,4426
9,4,3,0,395,4426
9,8,3,0,395,4426
8,3,3,0,395,4426
8,9,3,0,395,4426
7,2,3,0,395,4426
7,9,3,0,395,4426
6,1,3,0,395,4426
5,0,3,0,395,4426
4,0,3,0,395,4426
0,7,1,0,396,4096
1,7,1,0,396,4096
0,6,1,0,396,4096
0,8,1,0,396,4096
2,7,1,0,396,4096
1,6,1,0,396,4096
1,8,1,0,396,4096
0,5,1,0,396,4096
0,9,1,0,396,4096
3,7,1,0,396,4096
2,6,1,0,396,4096
2,8,1,0,396,4096
1,5,1,0,396,4096
1,9,1,0,396,4096
0,4,1,0,396,4096
4,7,1,0,396,4096
3,6,1,0,396,4096
3,8,1,0,396,4096
2,5,1,0,396,4096
2,9,1,0,396,4096
1,4,1,0,396,4096
0,3,1,0,396,4096
5,7,1,0,396,4096
4,6,1,0,396,4096
4,8,1,0,396,4096
3,5,1,0,396,4096
3,9,1,0,396,4096
2,4,1,0,396,4096
1,3,1,0,396,4096
0,2,1,0,396,4096
6,7,1,0,396,4096
5,6,1,0,396,4096
5,8,1,0,396,4096
4,5,1,0,396,4096
4,9,1,0,396,4096
3,4,1,0,396,4096
2,3,1,0,396,4096
1,2,1,0,396,4096
0,1,1,0,396,4096
7,7,1,0,396,4096
6,6,1,0,396,4096
6,8,1,0,396,4096
5,5,1,0,396,4096
5,9,1,0,396,4096
4,4,1,0,396,4096
3,3,1,0,396,4096
2,2,1,0,396,4096
1,1,1,0,396,4096
0,0,1,0,396,4096
8,7,1,0,396,4096
7,6,1,0,396,4096
7,8,1,0,396,4096
6,5,1,0,396,4096
6,9,1,0,396,4096
5,4,1,0,396,4096
4,3,1,0,396,4096
3,2,1,0,396,4096
2,1,1,0,396,4096
1,0,1,0,396,4096
9,7,1,0,396,4096
9,6,1,0,396,4096
9,8,1,0,396,4096
8,5,1,0,396,4096
8,9,1,0,396,4096
7,4,1,0,396,4096
7,9,1,0,396,4096
6,3,1,0,396,4096
5,2,1,0,396,4096
4,1,1,0,396,4096
3,0,1,0,396,4096
2,0,1,0,396,4096
0,8,1,2,397,3749
1,8,1,2,397,3749
0,7,1,2,397,3749
0,9,1,2,397,3749
2,8,1,2,397,3749
1,7,1,2,397,3749
1,9,1,2,397,3749
0,6,1,2,397,3749
3,8,1,2,397,3749
2,7,1,2,397,3749
2,9,1,2,397,3749
1,6,1,2,397,3749
0,5,1,2,397,3749
4,8,1,2,397,3749
3,7,1,2,397,3749
3,9,1,2,397,3749
2,6,1,2,397,3749
1,5,1,2,397,3749
0,4,1,2,397,3749
5,8,1,2,397,3749
4,7,1,2,397,3749
4,9,1,2,397,3749
3,6,1,2,397,3749
2,5,1,2,397,3749
1,4,1,2,397,3749
0,3,1,2,397,3749
6,8,1,2,397,3749
5,7,1,2,397,3749
5,9,1,2,397,3749
4,6,1,2,397,3749
3,5,1,2,397,3749
2,4,1,2,397,3749
1,3,1,2,397,3749
0,2,1,2,397,3749
7,8,1,2,397,3749
6,7,1,2,397,3749
6,9,1,2,397,3749
5,6,1,2,397,3749
4,5,1,2,397,3749
3,4,1,2,397,3749
2,3,1,2,397,3749
1,2,1,2,397,3749
0,1,1,2,397,3749
9,8,1,2,397,3749
8,7,1,2,397,3749
8,9,1,2,397,3749
7,6,1,2,397,3749
7,9,1,2,397,3749
6,5,1,2,397,3749
5,4,1,2,397,3749
4,3,1,2,397,3749
3,2,1,2,397,3749
2,1,1,2,397,3749
1,0,1,2,397,3749
0,9,0,5,398,3247
1,9,0,5,398,3247
0,8,0,5,398,3247
2,9,0,5,398,3247
1,8,0,5,398,3247
0,7,0,5,398,3247
3,9,0,5,398,3247
2,8,0,5,398,3247
1,7,0,5,398,3247
0,6,0,5,398,3247
4,9,0,5,398,3247
3,8,0,5,398,3247
2,7,0,5,398,3247
1,6,0,5,398,3247
0,5,0,5,398,3247
5,9,0,5,398,3247
4,8,0,5,398,3247
3,7,0,5,398,3247
2,6,0,5,398,3247
1,5,0,5,398,3247
0,4,0,5,398,3247
6,9,0,5,398,3247
5,8,0,5,398,3247
4,7,0,5,398,3247
3,6,0,5,398,3247
2,5,0,5,398,3247
1,4,0,5,398,3247
0,3,0,5,398,3247
8,9,0,5,398,3247
7,8,0,5,398,3247
7,9,0,5,398,3247
6,7,0,5,398,3247
6,8,0,5,398,3247
5,6,0,5,398,3247
5,7,0,5,398,3247
4,5,0,5,398,3247
4,6,0,5,398,3247
3,4,0,5,398,3247
3,5,0,5,398,3247
2,3,0,5,398,3247
2,4,0,5,398,3247
1,2,0,5,398,3247
1,3,0,5,398,3247
0,7,1,0,399,4194
1,7,1,0,399,4194
0,6,1,0,399,4194
0,8,1,0,399,4194
2,7,1,0,399,4194
1,6,1,0,399,4194
1,8,1,0,399,4194
0,5,1,0,399,4194
0,9,1,0,399,4194
3,7,1,0,399,4194
2,6,1,0,399,4194
2,8,1,0,399,4194
1,5,1,0,399,4194
1,9,1,0,399,4194
0,4,1,0,399,4194
4,7,1,0,399,4194
3,6,1,0,399,4194
3,8,1,0,399,4194
2,5,1,0,399,4194
2,9,1,0,399,4194
1,4,1,0,399,4194
0,3,1,0,399,4194
5,7,1,0,399,4194
4,6,1,0,399,4194
4,8,1,0,399,4194
3,5,1,0,399,4194
3,9,1,0,399,4194
2,4,1,0,399,4194
1,3,1,0,399,4194
0,2,1,0,399,4194
6,7,1,0,399,4194
5,6,1,0,399,4194
5,8,1,0,399,4194
4,5,1,0,399,4194
4,9,1,0,399,4194
3,4,1,0,399,4194
2,3,1,0,399,4194
1,2,1,0,399,4194
0,1,1,0,399,4194
7,7,1,0,399,4194
6,6,1,0,399,4194
6,8,1,0,399,4194
5,5,1,0,399,4194
5,9,1,0,399,4194
4,4,1,0,399,4194
3,3,1,0,399,4194
2,2,1,0,399,4194
1,1,1,0,399,4194
0,0,1,0,399,4194
8,7,1,0,399,4194
7,6,1,0,399,4194
7,8,1,0,399,4194
6,5,1,0,399,4194
6,9,1,0,399,4194
5,4,1,0,399,4194
4,3,1,0,399,4194
3,2,1,0,399,4194
2,1,1,0,399,4194
1,0,1,0,399,4194
9,7,1,0,399,4194
8,6,1,0,399,4194
8,8,1,0,399,4194
7,5,1,0,399,4194
7,9,1,0,399,4194
6,4,1,0,399,4194
5,3,1,0,399,4194
4,2,1,0,399,4194
3,1,1,0,399,4194
2,0,1,0,399,4194
9,6,1,0,399,4194
9,8,1,0,399,4194
8,5,1,0,399,4194
8,9,1,0,399,4194
7,4,1,0,399,4194
6,3,1,0,399,4194
5,2,1,0,399,4194
4,1,1,0,399,4194
3,0,1,0,399,4194
0,8,1,2,400,3974
1,8,1,2,400,3974
0,7,1,2,400,3974
0,9,1,2,400,3974
2,8,1,2,400,3974
1,7,1,2,400,3974
1,9,1,2,400,3974
0,6,1,2,400,3974
3,8,1,2,400,3974
2,7,1,2,400,3974
2,9,1,2,400,3974
1,6,1,2,400,3974
0,5,1,2,400,3974
4,8,1,2,400,3974
3,7,1,2,400,3974
3,9,1,2,400,3974
2,6,1,2,400,3974
1,5,1,2,400,3974
0,4,1,2,400,3974
5,8,1,2,400,3974
4,7,1,2,400,3974
4,9,1,2,400,3974
3,6,1,2,400,3974
2,5,1,2,400,3974
1,4,1,2,400,3974
0,3,1,2,400,3974
6,8,1,2,400,3974
5,7,1,2,400,3974
5,9,1,2,400,3974
4,6,1,2,400,3974
3,5,1,2,400,3974
2,4,1,2,400,3974
1,3,1,2,400,3974
0,2,1,2,400,3974
7,8,1,2,400,3974
6,7,1,2,400,3974
6,9,1,2,400,3974
5,6,1,2,400,3974
4,5,1,2,400,3974
3,4,1,2,400,3974
2,3,1,2,400,3974
1,2,1,2,400,3974
0,1,1,2,400,3974
8,8,1,2,400,3974
7,7,1,2,400,3974
7,9,1,2,400,3974
6,6,1,2,400,3974
5,5,1,2,400,3974
4,4,1,2,400,3974
3,3,1,2,400,3974
2,2,1,2,400,3974
1,1,1,2,400,3974
0,0,1,2,400,3974
9,8,1,2,400,3974
8,7,1,2,400,3974
8,9,1,2,400,3974
7,6,1,2,400,3974
6,5,1,2,400,3974
5,4,1,2,400,3974
4,3,1,2,400,3974
3,2,1,2,400,3974
2,1,1,2,400,3974
1,0,1,2,400,3974
0,9,0,3,401,3607
1,9,0,3,401,3607
0,8,0,3,401,3607
2,9,0,3,401,3607
1,8,0,3,401,3607
0,7,0,3,401,3607
3,9,0,3,401,3607
2,8,0,3,401,3607
1,7,0,3,401,3607
0,6,0,3,401,3607
4,9,0,3,401,3607
3,8,0,3,401,3607
2,7,0,3,401,3607
1,6,0,3,401,3607
0,5,0,3,401,3607
5,9,0,3,401,3607
4,8,0,3,401,3607
3,7,0,3,401,3607
2,6,0,3,401,3607
1,5,0,3,401,3607
0,4,0,3,401,3607
6,9,0,3,401,3607
5,8,0,3,401,3607
4,7,0,3,401,3607
3,6,0,3,401,3607
2,5,0,3,401,3607
1,4,0,3,401,3607
0,3,0,3,401,3607
7,9,0,3,401,3607
6,8,0,3,401,3607
5,7,0,3,401,3607
4,6,0,3,401,3607
3,5,0,3,401,3607
2,4,0,3,401,3607
1,3,0,3,401,3607
0,2,0,3,401,3607
8,9,0,3,401,3607
7,8,0,3,401,3607
6,7,0,3,401,3607
5,6,0,3,401,3607
4,5,0,3,401,3607
3,4,0,3,401,3607
2,3,0,3,401,3607
1,2,0,3,401,3607
0,1,0,3,401,3607
4,3,9,8,402,2565
6,3,9,8,402,2565
5,2,9,8,402,2565
5,4,9,8,402,2565
8,3,9,8,402,2565
7,2,9,8,402,2565
7,4,9,8,402,2565
6,1,9,8,402,2565
6,5,9,8,402,2565
9,3,9,8,402,2565
9,2,9,8,402,2565
9,4,9,8,402,2565
8,1,9,8,402,2565
8,5,9,8,402,2565
7,0,9,8,402,2565
7,6,9,8,402,2565
7,3,9,8,402,2565
8,2,9,8,402,2565
8,4,9,8,402,2565
9,1,9,8,402,2565
9,5,9,8,402,2565
9,0,9,8,402,2565
9,6,9,8,402,2565
8,0,9,8,402,2565
8,7,9,8,402,2565
5,3,9,8,402,2565
6,2,9,8,402,2565
6,4,9,8,402,2565
7,1,9,8,402,2565
7,5,9,8,402,2565
8,6,9,8,402,2565
9,7,9,8,402,2565
9,8,9,8,402,2565
2,3,9,8,403,2986
4,3,9,8,403,2986
3,2,9,8,403,2986
3,4,9,8,403,2986
6,3,9,8,403,2986
5,2,9,8,403,2986
5,4,9,8,403,2986
4,1,9,8,403,2986
4,5,9,8,403,2986
8,3,9,8,403,2986
7,2,9,8,403,2986
7,4,9,8,403,2986
6,1,9,8,403,2986
6,5,9,8,403,2986
5,0,9,8,403,2986
5,6,9,8,403,2986
9,3,9,8,403,2986
9,2,9,8,403,2986
9,4,9,8,403,2986
8,1,9,8,403,2986
8,5,9,8,403,2986
7,0,9,8,403,2986
7,6,9,8,403,2986
6,0,9,8,403,2986
6,7,9,8,403,2986
7,3,9,8,403,2986
8,2,9,8,403,2986
8,4,9,8,403,2986
9,1,9,8,403,2986
9,5,9,8,403,2986
9,0,9,8,403,2986
9,6,9,8,403,2986
8,0,9,8,403,2986
8,7,9,8,403,2986
7,1,9,8,403,2986
7,8,9,8,403,2986
5,3,9,8,403,2986
6,2,9,8,403,2986
6,4,9,8,403,2986
7,5,9,8,403,2986
8,6,9,8,403,2986
9,7,9,8,403,2986
9,8,9,8,403,2986
8,9,9,8,403,2986
3,4,9,8,404,2571
5,4,9,8,404,2571
4,3,9,8,404,2571
4,5,9,8,404,2571
7,4,9,8,404,2571
6,3,9,8,404,2571
6,5,9,8,404,2571
5,2,9,8,404,2571
5,6,9,8,404,2571
9,4,9,8,404,2571
8,3,9,8,404,2571
8,5,9,8,404,2571
7,2,9,8,404,2571
7,6,9,8,404,2571
6,1,9,8,404,2571
6,7,9,8,404,2571
8,4,9,8,404,2571
9,3,9,8,404,2571
9,5,9,8,404,2571
9,2,9,8,404,2571
9,6,9,8,404,2571
8,1,9,8,404,2571
8,7,9,8,404,2571
7,0,9,8,404,2571
7,8,9,8,404,2571
6,4,9,8,404,2571
7,3,9,8,404,2571
7,5,9,8,404,2571
8,2,9,8,404,2571
8,6,9,8,404,2571
9,1,9,8,404,2571
9,7,9,8,404,2571
9,0,9,8,404,2571
9,8,9,8,404,2571
8,0,9,8,404,2571
8,9,9,8,404,2571
2,5,8,9,405,2571
4,5,8,9,405,2571
3,4,8,9,405,2571
3,6,8,9,405,2571
6,5,8,9,405,2571
5,4,8,9,405,2571
5,6,8,9,405,2571
4,3,8,9,405,2571
4,7,8,9,405,2571
8,5,8,9,405,2571
7,4,8,9,405,2571
7,6,8,9,405,2571
6,3,8,9,405,2571
6,7,8,9,405,2571
5,2,8,9,405,2571
5,8,8,9,405,2571
9,5,8,9,405,2571
9,4,8,9,405,2571
9,6,8,9,405,2571
8,3,8,9,405,2571
8,7,8,9,405,2571
7,2,8,9,405,2571
7,8,8,9,405,2571
6,1,8,9,405,2571
6,9,8,9,405,2571
7,5,8,9,405,2571
8,4,8,9,405,2571
8,6,8,9,405,2571
9,3,8,9,405,2571
9,7,8,9,405,2571
9,2,8,9,405,2571
9,8,8,9,405,2571
8,1,8,9,405,2571
8,9,8,9,405,2571
7,0,8,9,405,2571
7,9,8,9,405,2571
1,6,8,9,406,2574
3,6,8,9,406,2574
2,5,8,9,406,2574
2,7,8,9,406,2574
5,6,8,9,406,2574
4,5,8,9,406,2574
4,7,8,9,406,2574
3,4,8,9,406,2574
3,8,8,9,406,2574
7,6,8,9,406,2574
6,5,8,9,406,2574
6,7,8,9,406,2574
5,4,8,9,406,2574
5,8,8,9,406,2574
4,3,8,9,406,2574
4,9,8,9,406,2574
9,6,8,9,406,2574
8,5,8,9,406,2574
8,7,8,9,406,2574
7,4,8,9,406,2574
7,8,8,9,406,2574
6,3,8,9,406,2574
6,9,8,9,406,2574
5,2,8,9,406,2574
5,9,8,9,406,2574
8,6,8,9,406,2574
9,5,8,9,406,2574
9,7,8,9,406,2574
9,4,8,9,406,2574
9,8,8,9,406,2574
8,3,8,9,406,2574
8,9,8,9,406,2574
7,2,8,9,406,2574
7,9,8,9,406,2574
6,1,8,9,406,2574
6,8,8,9,406,2574
0,7,8,9,407,2574
2,7,8,9,407,2574
1,6,8,9,407,2574
1,8,8,9,407,2574
4,7,8,9,407,2574
3,6,8,9,407,2574
3,8,8,9,407,2574
2,5,8,9,407,2574
2,9,8,9,407,2574
6,7,8,9,407,2574
5,6,8,9,407,2574
5,8,8,9,407,2574
4,5,8,9,407,2574
4,9,8,9,407,2574
3,4,8,9,407,2574
3,9,8,9,407,2574
8,7,8,9,407,2574
7,6,8,9,407,2574
7,8,8,9,407,2574
6,5,8,9,407,2574
6,9,8,9,407,2574
5,4,8,9,407,2574
5,9,8,9,407,2574
4,3,8,9,407,2574
4,8,8,9,407,2574
9,7,8,9,407,2574
9,6,8,9,407,2574
9,8,8,9,407,2574
8,5,8,9,407,2574
8,9,8,9,407,2574
7,4,8,9,407,2574
7,9,8,9,407,2574
6,3,8,9,407,2574
6,8,8,9,407,2574
5,2,8,9,407,2574
5,7,8,9,407,2574
0,7,8,9,408,2990
1,7,8,9,408,2990
0,6,8,9,408,2990
0,8,8,9,408,2990
2,7,8,9,408,2990
1,6,8,9,408,2990
1,8,8,9,408,2990
0,5,8,9,408,2990
0,9,8,9,408,2990
4,7,8,9,408,2990
3,6,8,9,408,2990
3,8,8,9,408,2990
2,5,8,9,408,2990
2,9,8,9,408,2990
1,4,8,9,408,2990
1,9,8,9,408,2990
6,7,8,9,408,2990
5,6,8,9,408,2990
5,8,8,9,408,2990
4,5,8,9,408,2990
4,9,8,9,408,2990
3,4,8,9,408,2990
3,9,8,9,408,2990
2,3,8,9,408,2990
2,8,8,9,408,2990
8,7,8,9,408,2990
7,6,8,9,408,2990
7,8,8,9,408,2990
6,5,8,9,408,2990
6,9,8,9,408,2990
5,4,8,9,408,2990
5,9,8,9,408,2990
4,3,8,9,408,2990
4,8,8,9,408,2990
3,2,8,9,408,2990
3,7,8,9,408,2990
9,7,8,9,408,2990
9,6,8,9,408,2990
9,8,8,9,408,2990
8,5,8,9,408,2990
8,9,8,9,408,2990
7,4,8,9,408,2990
7,9,8,9,408,2990
6,3,8,9,408,2990
6,8,8,9,408,2990
5,2,8,9,408,2990
5,7,8,9,408,2990
4,1,8,9,408,2990
4,6,8,9,408,2990
0,8,7,8,409,2574
1,8,7,8,409,2574
0,7,7,8,409,2574
0,9,7,8,409,2574
3,8,7,8,409,2574
2,7,7,8,409,2574
2,9,7,8,409,2574
1,6,7,8,409,2574
1,9,7,8,409,2574
5,8,7,8,409,2574
4,7,7,8,409,2574
4,9,7,8,409,2574
3,6,7,8,409,2574
3,9,7,8,409,2574
2,5,7,8,409,2574
2,8,7,8,409,2574
7,8,7,8,409,2574
6,7,7,8,409,2574
6,9,7,8,409,2574
5,6,7,8,409,2574
5,9,7,8,409,2574
4,5,7,8,409,2574
4,8,7,8,409,2574
3,4,7,8,409,2574
3,7,7,8,409,2574
9,8,7,8,409,2574
8,7,7,8,409,2574
8,9,7,8,409,2574
7,6,7,8,409,2574
7,9,7,8,409,2574
6,5,7,8,409,2574
6,8,7,8,409,2574
5,4,7,8,409,2574
5,7,7,8,409,2574
4,3,7,8,409,2574
4,6,7,8,409,2574
0,8,7,8,410,2990
1,8,7,8,410,2990
0,7,7,8,410,2990
0,9,7,8,410,2990
2,8,7,8,410,2990
1,7,7,8,410,2990
1,9,7,8,410,2990
0,6,7,8,410,2990
3,8,7,8,410,2990
2,7,7,8,410,2990
2,9,7,8,410,2990
1,6,7,8,410,2990
0,5,7,8,410,2990
5,8,7,8,410,2990
4,7,7,8,410,2990
4,9,7,8,410,2990
3,6,7,8,410,2990
3,9,7,8,410,2990
2,5,7,8,410,2990
1,4,7,8,410,2990
7,8,7,8,410,2990
6,7,7,8,410,2990
6,9,7,8,410,2990
5,6,7,8,410,2990
5,9,7,8,410,2990
4,5,7,8,410,2990
4,8,7,8,410,2990
3,4,7,8,410,2990
3,7,7,8,410,2990
2,3,7,8,410,2990
2,6,7,8,410,2990
9,8,7,8,410,2990
8,7,7,8,410,2990
8,9,7,8,410,2990
7,6,7,8,410,2990
7,9,7,8,410,2990
6,5,7,8,410,2990
6,8,7,8,410,2990
5,4,7,8,410,2990
5,7,7,8,410,2990
4,3,7,8,410,2990
4,6,7,8,410,2990
3,2,7,8,410,2990
3,5,7,8,410,2990
0,9,1,6,411,3010
1,9,1,6,411,3010
0,8,1,6,411,3010
2,9,1,6,411,3010
1,8,1,6,411,3010
0,7,1,6,411,3010
3,9,1,6,411,3010
2,8,1,6,411,3010
1,7,1,6,411,3010
0,6,1,6,411,3010
4,9,1,6,411,3010
3,8,1,6,411,3010
2,7,1,6,411,3010
1,6,1,6,411,3010
0,5,1,6,411,3010
6,9,1,6,411,3010
5,8,1,6,411,3010
5,9,1,6,411,3010
4,7,1,6,411,3010
4,8,1,6,411,3010
3,6,1,6,411,3010
3,7,1,6,411,3010
2,5,1,6,411,3010
2,6,1,6,411,3010
1,4,1,6,411,3010
1,5,1,6,411,3010
8,9,1,6,411,3010
7,8,1,6,411,3010
7,9,1,6,411,3010
6,7,1,6,411,3010
6,8,1,6,411,3010
5,6,1,6,411,3010
5,7,1,6,411,3010
4,5,1,6,411,3010
4,6,1,6,411,3010
3,4,1,6,411,3010
3,5,1,6,411,3010
2,3,1,6,411,3010
2,4,1,6,411,3010
5,4,9,8,412,2122
7,4,9,8,412,2122
6,3,9,8,412,2122
6,5,9,8,412,2122
9,4,9,8,412,2122
8,3,9,8,412,2122
8,5,9,8,412,2122
7,2,9,8,412,2122
7,6,9,8,412,2122
8,4,9,8,412,2122
9,3,9,8,412,2122
9,5,9,8,412,2122
9,2,9,8,412,2122
9,6,9,8,412,2122
8,1,9,8,412,2122
8,7,9,8,412,2122
6,4,9,8,412,2122
7,3,9,8,412,2122
7,5,9,8,412,2122
8,2,9,8,412,2122
8,6,9,8,412,2122
9,1,9,8,412,2122
9,7,9,8,412,2122
9,0,9,8,412,2122
9,8,9,8,412,2122
4,5,9,8,362,2127
6,5,9,8,362,2127
5,4,9,8,362,2127
5,6,9,8,362,2127
8,5,9,8,362,2127
7,4,9,8,362,2127
7,6,9,8,362,2127
6,3,9,8,362,2127
6,7,9,8,362,2127
9,5,9,8,362,2127
9,4,9,8,362,2127
9,6,9,8,362,2127
8,3,9,8,362,2127
8,7,9,8,362,2127
7,2,9,8,362,2127
7,8,9,8,362,2127
7,5,9,8,362,2127
8,4,9,8,362,2127
8,6,9,8,362,2127
9,3,9,8,362,2127
9,7,9,8,362,2127
9,2,9,8,362,2127
9,8,9,8,362,2127
8,1,9,8,362,2127
8,9,9,8,362,2127
3,6,8,9,413,2127
5,6,8,9,413,2127
4,5,8,9,413,2127
4,7,8,9,413,2127
7,6,8,9,413,2127
6,5,8,9,413,2127
6,7,8,9,413,2127
5,4,8,9,413,2127
5,8,8,9,413,2127
9,6,8,9,413,2127
8,5,8,9,413,2127
8,7,8,9,413,2127
7,4,8,9,413,2127
7,8,8,9,413,2127
6,3,8,9,413,2127
6,9,8,9,413,2127
8,6,8,9,413,2127
9,5,8,9,413,2127
9,7,8,9,413,2127
9,4,8,9,413,2127
9,8,8,9,413,2127
8,3,8,9,413,2127
8,9,8,9,413,2127
7,2,8,9,413,2127
7,9,8,9,413,2127
2,7,8,9,414,2128
4,7,8,9,414,2128
3,6,8,9,414,2128
3,8,8,9,414,2128
6,7,8,9,414,2128
5,6,8,9,414,2128
5,8,8,9,414,2128
4,5,8,9,414,2128
4,9,8,9,414,2128
8,7,8,9,414,2128
7,6,8,9,414,2128
7,8,8,9,414,2128
6,5,8,9,414,2128
6,9,8,9,414,2128
5,4,8,9,414,2128
5,9,8,9,414,2128
9,7,8,9,414,2128
9,6,8,9,414,2128
9,8,8,9,414,2128
8,5,8,9,414,2128
8,9,8,9,414,2128
7,4,8,9,414,2128
7,9,8,9,414,2128
6,3,8,9,414,2128
6,8,8,9,414,2128
0,9,6,7,415,2130
2,9,6,7,415,2130
1,8,6,7,415,2130
1,9,6,7,415,2130
4,9,6,7,415,2130
3,8,6,7,415,2130
3,9,6,7,415,2130
2,7,6,7,415,2130
2,8,6,7,415,2130
6,9,6,7,415,2130
5,8,6,7,415,2130
5,9,6,7,415,2130
4,7,6,7,415,2130
4,8,6,7,415,2130
3,6,6,7,415,2130
3,7,6,7,415,2130
8,9,6,7,415,2130
7,8,6,7,415,2130
7,9,6,7,415,2130
6,7,6,7,415,2130
6,8,6,7,415,2130
5,6,6,7,415,2130
5,7,6,7,415,2130
4,5,6,7,415,2130
4,6,6,7,415,2130
6,5,9,8,321,1646
8,5,9,8,321,1646
7,4,9,8,321,1646
7,6,9,8,321,1646
9,5,9,8,321,1646
9,4,9,8,321,1646
9,6,9,8,321,1646
8,3,9,8,321,1646
8,7,9,8,321,1646
7,5,9,8,321,1646
8,4,9,8,321,1646
8,6,9,8,321,1646
9,3,9,8,321,1646
9,7,9,8,321,1646
9,2,9,8,321,1646
9,8,9,8,321,1646
5,6,7,8,416,1650
7,6,7,8,416,1650
6,5,7,8,416,1650
6,7,7,8,416,1650
9,6,7,8,416,1650
8,5,7,8,416,1650
8,7,7,8,416,1650
7,4,7,8,416,1650
7,8,7,8,416,1650
8,6,7,8,416,1650
9,5,7,8,416,1650
9,7,7,8,416,1650
9,4,7,8,416,1650
9,8,7,8,416,1650
8,3,7,8,416,1650
8,9,7,8,416,1650
4,7,8,9,417,1650
6,7,8,9,417,1650
5,6,8,9,417,1650
5,8,8,9,417,1650
8,7,8,9,417,1650
7,6,8,9,417,1650
7,8,8,9,417,1650
6,5,8,9,417,1650
6,9,8,9,417,1650
9,7,8,9,417,1650
9,6,8,9,417,1650
9,8,8,9,417,1650
8,5,8,9,417,1650
8,9,8,9,417,1650
7,4,8,9,417,1650
7,9,8,9,417,1650
3,8,8,9,418,1650
5,8,8,9,418,1650
4,7,8,9,418,1650
4,9,8,9,418,1650
7,8,8,9,418,1650
6,7,8,9,418,1650
6,9,8,9,418,1650
5,6,8,9,418,1650
5,9,8,9,418,1650
9,8,8,9,418,1650
8,7,8,9,418,1650
8,9,8,9,418,1650
7,6,8,9,418,1650
7,9,8,9,418,1650
6,5,8,9,418,1650
6,8,8,9,418,1650
7,6,9,8,277,1136
9,6,9,8,277,1136
8,5,9,8,277,1136
8,7,9,8,277,1136
8,6,9,8,277,1136
9,5,9,8,277,1136
9,7,9,8,277,1136
9,4,9,8,277,1136
9,8,9,8,277,1136
5,8,8,9,373,1138
7,8,8,9,373,1138
6,7,8,9,373,1138
6,9,8,9,373,1138
9,8,8,9,373,1138
8,7,8,9,373,1138
8,9,8,9,373,1138
7,6,8,9,373,1138
7,9,8,9,373,1138
4,9,8,9,419,1136
6,9,8,9,419,1136
5,8,8,9,419,1136
5,9,8,9,419,1136
8,9,8,9,419,1136
7,8,8,9,419,1136
7,9,8,9,419,1136
6,7,8,9,419,1136
6,8,8,9,419,1136
8,7,9,8,237,588
9,7,9,8,237,588
9,6,9,8,237,588
9,8,9,8,237,588
7,8,8,9,97,588
9,8,8,9,97,588
8,7,8,9,97,588
8,9,8,9,97,588
6,9,8,9,374,588
8,9,8,9,374,588
7,8,8,9,374,588
7,9,8,9,374,588
0,0,9,9,420,4696
1,0,9,9,420,4696
0,1,9,9,420,4696
2,0,9,9,420,4696
1,1,9,9,420,4696
0,2,9,9,420,4696
3,0,9,9,420,4696
2,1,9,9,420,4696
1,2,9,9,420,4696
0,3,9,9,420,4696
4,0,9,9,420,4696
3,1,9,9,420,4696
2,2,9,9,420,4696
1,3,9,9,420,4696
0,4,9,9,420,4696
6,0,9,9,420,4696
5,0,9,9,420,4696
5,1,9,9,420,4696
4,1,9,9,420,4696
4,2,9,9,420,4696
3,2,9,9,420,4696
3,3,9,9,420,4696
2,3,9,9,420,4696
2,4,9,9,420,4696
1,4,9,9,420,4696
1,5,9,9,420,4696
8,0,9,9,420,4696
7,0,9,9,420,4696
7,1,9,9,420,4696
6,1,9,9,420,4696
6,2,9,9,420,4696
5,2,9,9,420,4696
5,3,9,9,420,4696
4,3,9,9,420,4696
4,4,9,9,420,4696
3,4,9,9,420,4696
3,5,9,9,420,4696
2,5,9,9,420,4696
2,6,9,9,420,4696
9,0,9,9,420,4696
9,1,9,9,420,4696
8,1,9,9,420,4696
8,2,9,9,420,4696
7,2,9,9,420,4696
7,3,9,9,420,4696
6,3,9,9,420,4696
6,4,9,9,420,4696
5,4,9,9,420,4696
5,5,9,9,420,4696
4,5,9,9,420,4696
4,6,9,9,420,4696
3,6,9,9,420,4696
3,7,9,9,420,4696
9,2,9,9,420,4696
9,3,9,9,420,4696
8,3,9,9,420,4696
8,4,9,9,420,4696
7,4,9,9,420,4696
7,5,9,9,420,4696
6,5,9,9,420,4696
6,6,9,9,420,4696
5,6,9,9,420,4696
5,7,9,9,420,4696
4,7,9,9,420,4696
4,8,9,9,420,4696
9,4,9,9,420,4696
9,5,9,9,420,4696
8,5,9,9,420,4696
8,6,9,9,420,4696
7,6,9,9,420,4696
7,7,9,9,420,4696
6,7,9,9,420,4696
6,8,9,9,420,4696
5,8,9,9,420,4696
5,9,9,9,420,4696
9,6,9,9,420,4696
9,7,9,9,420,4696
8,7,9,9,420,4696
8,8,9,9,420,4696
7,8,9,9,420,4696
7,9,9,9,420,4696
6,9,9,9,420,4696
9,8,9,9,420,4696
9,8,9,8,0,0
9,9,9,9,420,4696
8,9,9,9,420,4696
8,9,8,9,0,0
0,0,9,9,421,4384
1,0,9,9,421,4384
0,1,9,9,421,4384
2,0,9,9,421,4384
1,1,9,9,421,4384
0,2,9,9,421,4384
4,0,9,9,421,4384
3,0,9,9,421,4384
3,1,9,9,421,4384
2,1,9,9,421,4384
2,2,9,9,421,4384
1,2,9,9,421,4384
1,3,9,9,421,4384
6,0,9,9,421,4384
5,0,9,9,421,4384
5,1,9,9,421,4384
4,1,9,9,421,4384
4,2,9,9,421,4384
3,2,9,9,421,4384
3,3,9,9,421,4384
2,3,9,9,421,4384
2,4,9,9,421,4384
8,0,9,9,421,4384
7,0,9,9,421,4384
7,1,9,9,421,4384
6,1,9,9,421,4384
6,2,9,9,421,4384
5,2,9,9,421,4384
5,3,9,9,421,4384
4,3,9,9,421,4384
4,4,9,9,421,4384
3,4,9,9,421,4384
3,5,9,9,421,4384
9,0,9,9,421,4384
9,1,9,9,421,4384
8,1,9,9,421,4384
8,2,9,9,421,4384
7,2,9,9,421,4384
7,3,9,9,421,4384
6,3,9,9,421,4384
6,4,9,9,421,4384
5,4,9,9,421,4384
5,5,9,9,421,4384
4,5,9,9,421,4384
4,6,9,9,421,4384
9,2,9,9,421,4384
9,3,9,9,421,4384
8,3,9,9,421,4384
8,4,9,9,421,4384
7,4,9,9,421,4384
7,5,9,9,421,4384
6,5,9,9,421,4384
6,6,9,9,421,4384
5,6,9,9,421,4384
5,7,9,9,421,4384
9,4,9,9,421,4384
9,5,9,9,421,4384
8,5,9,9,421,4384
8,6,9,9,421,4384
7,6,9,9,421,4384
7,7,9,9,421,4384
6,7,9,9,421,4384
6,8,9,9,421,4384
9,6,9,9,421,4384
9,7,9,9,421,4384
8,7,9,9,421,4384
8,8,9,9,421,4384
7,8,9,9,421,4384
7,9,9,9,421,4384
9,8,9,9,421,4384
9,9,9,9,421,4384
8,9,9,9,421,4384
0,0,9,7,422,3839
2,0,9,7,422,3839
1,0,9,7,422,3839
1,1,9,7,422,3839
4,0,9,7,422,3839
3,0,9,7,422,3839
3,1,9,7,422,3839
2,1,9,7,422,3839
2,2,9,7,422,3839
6,0,9,7,422,3839
5,0,9,7,422,3839
5,1,9,7,422,3839
4,1,9,7,422,3839
4,2,9,7,422,3839
3,2,9,7,422,3839
3,3,9,7,422,3839
8,0,9,7,422,3839
7,0,9,7,422,3839
7,1,9,7,422,3839
6,1,9,7,422,3839
6,2,9,7,422,3839
5,2,9,7,422,3839
5,3,9,7,422,3839
4,3,9,7,422,3839
4,4,9,7,422,3839
9,0,9,7,422,3839
9,1,9,7,422,3839
8,1,9,7,422,3839
8,2,9,7,422,3839
7,2,9,7,422,3839
7,3,9,7,422,3839
6,3,9,7,422,3839
6,4,9,7,422,3839
5,4,9,7,422,3839
5,5,9,7,422,3839
9,2,9,7,422,3839
9,3,9,7,422,3839
8,3,9,7,422,3839
8,4,9,7,422,3839
7,4,9,7,422,3839
7,5,9,7,422,3839
6,5,9,7,422,3839
6,6,9,7,422,3839
9,4,9,7,422,3839
9,5,9,7,422,3839
8,5,9,7,422,3839
8,6,9,7,422,3839
7,6,9,7,422,3839
7,7,9,7,422,3839
9,6,9,7,422,3839
9,7,9,7,422,3839
8,7,9,7,422,3839
8,8,9,7,422,3839
9,8,9,7,422,3839
9,9,9,7,422,3839
1,1,9,7,423,3608
3,1,9,7,423,3608
2,0,9,7,423,3608
2,2,9,7,423,3608
5,1,9,7,423,3608
4,0,9,7,423,3608
4,2,9,7,423,3608
3,0,9,7,423,3608
3,3,9,7,423,3608
7,1,9,7,423,3608
6,0,9,7,423,3608
6,2,9,7,423,3608
5,0,9,7,423,3608
5,3,9,7,423,3608
4,1,9,7,423,3608
4,4,9,7,423,3608
9,1,9,7,423,3608
8,0,9,7,423,3608
8,2,9,7,423,3608
7,0,9,7,423,3608
7,3,9,7,423,3608
6,1,9,7,423,3608
6,4,9,7,423,3608
5,2,9,7,423,3608
5,5,9,7,423,3608
8,1,9,7,423,3608
9,0,9,7,423,3608
9,2,9,7,423,3608
9,3,9,7,423,3608
8,4,9,7,423,3608
7,2,9,7,423,3608
7,5,9,7,423,3608
6,3,9,7,423,3608
6,6,9,7,423,3608
8,3,9,7,423,3608
9,4,9,7,423,3608
9,5,9,7,423,3608
8,6,9,7,423,3608
7,4,9,7,423,3608
7,7,9,7,423,3608
8,5,9,7,423,3608
9,6,9,7,423,3608
9,7,9,7,423,3608
8,8,9,7,423,3608
2,1,9,7,423,3608
3,2,9,7,423,3608
4,3,9,7,423,3608
5,4,9,7,423,3608
6,5,9,7,423,3608
7,6,9,7,423,3608
8,7,9,7,423,3608
9,8,9,7,423,3608
9,9,9,7,423,3608
0,1,9,9,424,4071
1,1,9,9,424,4071
0,0,9,9,424,4071
0,2,9,9,424,4071
3,1,9,9,424,4071
2,0,9,9,424,4071
2,2,9,9,424,4071
1,0,9,9,424,4071
1,3,9,9,424,4071
5,1,9,9,424,4071
4,0,9,9,424,4071
4,2,9,9,424,4071
3,0,9,9,424,4071
3,3,9,9,424,4071
2,1,9,9,424,4071
2,4,9,9,424,4071
7,1,9,9,424,4071
6,0,9,9,424,4071
6,2,9,9,424,4071
5,0,9,9,424,4071
5,3,9,9,424,4071
4,1,9,9,424,4071
4,4,9,9,424,4071
3,2,9,9,424,4071
3,5,9,9,424,4071
9,1,9,9,424,4071
8,0,9,9,424,4071
8,2,9,9,424,4071
7,0,9,9,424,4071
7,3,9,9,424,4071
6,1,9,9,424,4071
6,4,9,9,424,4071
5,2,9,9,424,4071
5,5,9,9,424,4071
4,3,9,9,424,4071
4,6,9,9,424,4071
8,1,9,9,424,4071
9,0,9,9,424,4071
9,2,9,9,424,4071
9,3,9,9,424,4071
8,4,9,9,424,4071
7,2,9,9,424,4071
7,5,9,9,424,4071
6,3,9,9,424,4071
6,6,9,9,424,4071
5,4,9,9,424,4071
5,7,9,9,424,4071
8,3,9,9,424,4071
9,4,9,9,424,4071
9,5,9,9,424,4071
8,6,9,9,424,4071
7,4,9,9,424,4071
7,7,9,9,424,4071
6,5,9,9,424,4071
6,8,9,9,424,4071
8,5,9,9,424,4071
9,6,9,9,424,4071
9,7,9,9,424,4071
8,8,9,9,424,4071
7,6,9,9,424,4071
7,9,9,9,424,4071
8,7,9,9,424,4071
9,8,9,9,424,4071
9,9,9,9,424,4071
8,9,9,9,424,4071
0,2,9,9,425,3734
2,2,9,9,425,3734
1,1,9,9,425,3734
1,3,9,9,425,3734
4,2,9,9,425,3734
3,1,9,9,425,3734
3,3,9,9,425,3734
2,0,9,9,425,3734
2,4,9,9,425,3734
6,2,9,9,425,3734
5,1,9,9,425,3734
5,3,9,9,425,3734
4,0,9,9,425,3734
4,4,9,9,425,3734
3,0,9,9,425,3734
3,5,9,9,425,3734
8,2,9,9,425,3734
7,1,9,9,425,3734
7,3,9,9,425,3734
6,0,9,9,425,3734
6,4,9,9,425,3734
5,0,9,9,425,3734
5,5,9,9,425,3734
4,1,9,9,425,3734
4,6,9,9,425,3734
9,2,9,9,425,3734
9,1,9,9,425,3734
9,3,9,9,425,3734
8,0,9,9,425,3734
8,4,9,9,425,3734
7,0,9,9,425,3734
7,5,9,9,425,3734
6,1,9,9,425,3734
6,6,9,9,425,3734
5,2,9,9,425,3734
5,7,9,9,425,3734
7,2,9,9,425,3734
8,1,9,9,425,3734
8,3,9,9,425,3734
9,0,9,9,425,3734
9,4,9,9,425,3734
9,5,9,9,425,3734
8,6,9,9,425,3734
7,7,9,9,425,3734
6,3,9,9,425,3734
6,8,9,9,425,3734
7,4,9,9,425,3734
8,5,9,9,425,3734
9,6,9,9,425,3734
9,7,9,9,425,3734
8,8,9,9,425,3734
7,9,9,9,425,3734
3,2,9,9,425,3734
4,3,9,9,425,3734
5,4,9,9,425,3734
6,5,9,9,425,3734
7,6,9,9,425,3734
8,7,9,9,425,3734
9,8,9,9,425,3734
9,9,9,9,425,3734
8,9,9,9,425,3734
0,1,9,9,426,4394
1,1,9,9,426,4394
0,0,9,9,426,4394
0,2,9,9,426,4394
2,1,9,9,426,4394
1,0,9,9,426,4394
1,2,9,9,426,4394
0,3,9,9,426,4394
3,1,9,9,426,4394
2,0,9,9,426,4394
2,2,9,9,426,4394
1,3,9,9,426,4394
0,4,9,9,426,4394
5,1,9,9,426,4394
4,0,9,9,426,4394
4,2,9,9,426,4394
3,0,9,9,426,4394
3,3,9,9,426,4394
2,4,9,9,426,4394
1,5,9,9,426,4394
7,1,9,9,426,4394
6,0,9,9,426,4394
6,2,9,9,426,4394
5,0,9,9,426,4394
5,3,9,9,426,4394
4,1,9,9,426,4394
4,4,9,9,426,4394
3,2,9,9,426,4394
3,5,9,9,426,4394
2,3,9,9,426,4394
2,6,9,9,426,4394
9,1,9,9,426,4394
8,0,9,9,426,4394
8,2,9,9,426,4394
7,0,9,9,426,4394
7,3,9,9,426,4394
6,1,9,9,426,4394
6,4,9,9,426,4394
5,2,9,9,426,4394
5,5,9,9,426,4394
4,3,9,9,426,4394
4,6,9,9,426,4394
3,4,9,9,426,4394
3,7,9,9,426,4394
8,1,9,9,426,4394
9,0,9,9,426,4394
9,2,9,9,426,4394
9,3,9,9,426,4394
8,4,9,9,426,4394
7,2,9,9,426,4394
7,5,9,9,426,4394
6,3,9,9,426,4394
6,6,9,9,426,4394
5,4,9,9,426,4394
5,7,9,9,426,4394
4,5,9,9,426,4394
4,8,9,9,426,4394
8,3,9,9,426,4394
9,4,9,9,426,4394
9,5,9,9,426,4394
8,6,9,9,426,4394
7,4,9,9,426,4394
7,7,9,9,426,4394
6,5,9,9,426,4394
6,8,9,9,426,4394
5,6,9,9,426,4394
5,9,9,9,426,4394
8,5,9,9,426,4394
9,6,9,9,426,4394
9,7,9,9,426,4394
8,8,9,9,426,4394
7,6,9,9,426,4394
7,9,9,9,426,4394
6,7,9,9,426,4394
6,9,9,9,426,4394
8,7,9,9,426,4394
9,8,9,9,426,4394
9,9,9,9,426,4394
8,9,9,9,426,4394
7,8,9,9,426,4394
0,3,9,9,427,3741
1,3,9,9,427,3741
0,2,9,9,427,3741
0,4,9,9,427,3741
3,3,9,9,427,3741
2,2,9,9,427,3741
2,4,9,9,427,3741
1,1,9,9,427,3741
1,5,9,9,427,3741
5,3,9,9,427,3741
4,2,9,9,427,3741
4,4,9,9,427,3741
3,1,9,9,427,3741
3,5,9,9,427,3741
2,0,9,9,427,3741
2,6,9,9,427,3741
7,3,9,9,427,3741
6,2,9,9,427,3741
6,4,9,9,427,3741
5,1,9,9,427,3741
5,5,9,9,427,3741
4,0,9,9,427,3741
4,6,9,9,427,3741
3,0,9,9,427,3741
3,7,9,9,427,3741
9,3,9,9,427,3741
8,2,9,9,427,3741
8,4,9,9,427,3741
7,1,9,9,427,3741
7,5,9,9,427,3741
6,0,9,9,427,3741
6,6,9,9,427,3741
5,0,9,9,427,3741
5,7,9,9,427,3741
4,1,9,9,427,3741
4,8,9,9,427,3741
8,3,9,9,427,3741
9,2,9,9,427,3741
9,4,9,9,427,3741
9,1,9,9,427,3741
9,5,9,9,427,3741
8,0,9,9,427,3741
8,6,9,9,427,3741
7,0,9,9,427,3741
7,7,9,9,427,3741
6,1,9,9,427,3741
6,8,9,9,427,3741
5,2,9,9,427,3741
5,9,9,9,427,3741
6,3,9,9,427,3741
7,2,9,9,427,3741
7,4,9,9,427,3741
8,1,9,9,427,3741
8,5,9,9,427,3741
9,0,9,9,427,3741
9,6,9,9,427,3741
9,7,9,9,427,3741
8,8,9,9,427,3741
7,9,9,9,427,3741
6,9,9,9,427,3741
4,3,9,9,427,3741
5,4,9,9,427,3741
6,5,9,9,427,3741
7,6,9,9,427,3741
8,7,9,9,427,3741
9,8,9,9,427,3741
9,9,9,9,427,3741
8,9,9,9,427,3741
7,8,9,9,427,3741
0,3,9,9,428,4083
1,3,9,9,428,4083
0,2,9,9,428,4083
0,4,9,9,428,4083
2,3,9,9,428,4083
1,2,9,9,428,4083
1,4,9,9,428,4083
0,1,9,9,428,4083
0,5,9,9,428,4083
3,3,9,9,428,4083
2,2,9,9,428,4083
2,4,9,9,428,4083
1,1,9,9,428,4083
1,5,9,9,428,4083
0,0,9,9,428,4083
0,6,9,9,428,4083
5,3,9,9,428,4083
4,2,9,9,428,4083
4,4,9,9,428,4083
3,1,9,9,428,4083
3,5,9,9,428,4083
2,0,9,9,428,4083
2,6,9,9,428,4083
1,0,9,9,428,4083
1,7,9,9,428,4083
7,3,9,9,428,4083
6,2,9,9,428,4083
6,4,9,9,428,4083
5,1,9,9,428,4083
5,5,9,9,428,4083
4,0,9,9,428,4083
4,6,9,9,428,4083
3,0,9,9,428,4083
3,7,9,9,428,4083
2,1,9,9,428,4083
2,8,9,9,428,4083
9,3,9,9,428,4083
8,2,9,9,428,4083
8,4,9,9,428,4083
7,1,9,9,428,4083
7,5,9,9,428,4083
6,0,9,9,428,4083
6,6,9,9,428,4083
5,0,9,9,428,4083
5,7,9,9,428,4083
4,1,9,9,428,4083
4,8,9,9,428,4083
3,2,9,9,428,4083
3,9,9,9,428,4083
8,3,9,9,428,4083
9,2,9,9,428,4083
9,4,9,9,428,4083
9,1,9,9,428,4083
9,5,9,9,428,4083
8,0,9,9,428,4083
8,6,9,9,428,4083
7,0,9,9,428,4083
7,7,9,9,428,4083
6,1,9,9,428,4083
6,8,9,9,428,4083
5,2,9,9,428,4083
5,9,9,9,428,4083
4,3,9,9,428,4083
4,9,9,9,428,4083
6,3,9,9,428,4083
7,2,9,9,428,4083
7,4,9,9,428,4083
8,1,9,9,428,4083
8,5,9,9,428,4083
9,0,9,9,428,4083
9,6,9,9,428,4083
9,7,9,9,428,4083
8,8,9,9,428,4083
7,9,9,9,428,4083
6,9,9,9,428,4083
5,4,9,9,428,4083
5,8,9,9,428,4083
6,5,9,9,428,4083
7,6,9,9,428,4083
8,7,9,9,428,4083
9,8,9,9,428,4083
9,9,9,9,428,4083
8,9,9,9,428,4083
7,8,9,9,428,4083
6,7,9,9,428,4083
0,4,9,7,429,3742
1,4,9,7,429,3742
0,3,9,7,429,3742
0,5,9,7,429,3742
2,4,9,7,429,3742
1,3,9,7,429,3742
1,5,9,7,429,3742
0,2,9,7,429,3742
0,6,9,7,429,3742
4,4,9,7,429,3742
3,3,9,7,429,3742
3,5,9,7,429,3742
2,2,9,7,429,3742
2,6,9,7,429,3742
1,1,9,7,429,3742
1,7,9,7,429,3742
6,4,9,7,429,3742
5,3,9,7,429,3742
5,5,9,7,429,3742
4,2,9,7,429,3742
4,6,9,7,429,3742
3,1,9,7,429,3742
3,7,9,7,429,3742
2,0,9,7,429,3742
2,8,9,7,429,3742
8,4,9,7,429,3742
7,3,9,7,429,3742
7,5,9,7,429,3742
6,2,9,7,429,3742
6,6,9,7,429,3742
5,1,9,7,429,3742
5,7,9,7,429,3742
4,0,9,7,429,3742
4,8,9,7,429,3742
3,0,9,7,429,3742
3,9,9,7,429,3742
9,4,9,7,429,3742
9,3,9,7,429,3742
9,5,9,7,429,3742
8,2,9,7,429,3742
8,6,9,7,429,3742
7,1,9,7,429,3742
7,7,9,7,429,3742
6,0,9,7,429,3742
6,8,9,7,429,3742
5,0,9,7,429,3742
5,9,9,7,429,3742
4,1,9,7,429,3742
4,9,9,7,429,3742
7,4,9,7,429,3742
8,3,9,7,429,3742
8,5,9,7,429,3742
9,2,9,7,429,3742
9,6,9,7,429,3742
9,1,9,7,429,3742
9,7,9,7,429,3742
8,0,9,7,429,3742
8,8,9,7,429,3742
7,0,9,7,429,3742
7,9,9,7,429,3742
6,1,9,7,429,3742
6,9,9,7,429,3742
5,2,9,7,429,3742
5,8,9,7,429,3742
5,4,9,7,429,3742
6,3,9,7,429,3742
6,5,9,7,429,3742
7,2,9,7,429,3742
7,6,9,7,429,3742
8,1,9,7,429,3742
8,7,9,7,429,3742
9,0,9,7,429,3742
9,8,9,7,429,3742
9,9,9,7,429,3742
8,9,9,7,429,3742
7,8,9,7,429,3742
6,7,9,7,429,3742
0,3,9,9,430,4403
1,3,9,9,430,4403
0,2,9,9,430,4403
0,4,9,9,430,4403
2,3,9,9,430,4403
1,2,9,9,430,4403
1,4,9,9,430,4403
0,1,9,9,430,4403
0,5,9,9,430,4403
3,3,9,9,430,4403
2,2,9,9,430,4403
2,4,9,9,430,4403
1,1,9,9,430,4403
1,5,9,9,430,4403
0,0,9,9,430,4403
0,6,9,9,430,4403
4,3,9,9,430,4403
3,2,9,9,430,4403
3,4,9,9,430,4403
2,1,9,9,430,4403
2,5,9,9,430,4403
1,0,9,9,430,4403
1,6,9,9,430,4403
0,7,9,9,430,4403
5,3,9,9,430,4403
4,2,9,9,430,4403
4,4,9,9,430,4403
3,1,9,9,430,4403
3,5,9,9,430,4403
2,0,9,9,430,4403
2,6,9,9,430,4403
1,7,9,9,430,4403
0,8,9,9,430,4403
7,3,9,9,430,4403
6,2,9,9,430,4403
6,4,9,9,430,4403
5,1,9,9,430,4403
5,5,9,9,430,4403
4,0,9,9,430,4403
4,6,9,9,430,4403
3,0,9,9,430,4403
3,7,9,9,430,4403
2,8,9,9,430,4403
1,9,9,9,430,4403
9,3,9,9,430,4403
8,2,9,9,430,4403
8,4,9,9,430,4403
7,1,9,9,430,4403
7,5,9,9,430,4403
6,0,9,9,430,4403
6,6,9,9,430,4403
5,0,9,9,430,4403
5,7,9,9,430,4403
4,1,9,9,430,4403
4,8,9,9,430,4403
3,9,9,9,430,4403
2,9,9,9,430,4403
8,3,9,9,430,4403
9,2,9,9,430,4403
9,4,9,9,430,4403
9,1,9,9,430,4403
9,5,9,9,430,4403
8,0,9,9,430,4403
8,6,9,9,430,4403
7,0,9,9,430,4403
7,7,9,9,430,4403
6,1,9,9,430,4403
6,8,9,9,430,4403
5,2,9,9,430,4403
5,9,9,9,430,4403
4,9,9,9,430,4403
3,8,9,9,430,4403
6,3,9,9,430,4403
7,2,9,9,430,4403
7,4,9,9,430,4403
8,1,9,9,430,4403
8,5,9,9,430,4403
9,0,9,9,430,4403
9,6,9,9,430,4403
9,7,9,9,430,4403
8,8,9,9,430,4403
7,9,9,9,430,4403
6,9,9,9,430,4403
5,4,9,9,430,4403
5,8,9,9,430,4403
4,5,9,9,430,4403
4,7,9,9,430,4403
6,5,9,9,430,4403
7,6,9,9,430,4403
8,7,9,9,430,4403
9,8,9,9,430,4403
9,9,9,9,430,4403
8,9,9,9,430,4403
7,8,9,9,430,4403
6,7,9,9,430,4403
5,6,9,9,430,4403
0,4,9,7,431,4083
1,4,9,7,431,4083
0,3,9,7,431,4083
0,5,9,7,431,4083
2,4,9,7,431,4083
1,3,9,7,431,4083
1,5,9,7,431,4083
0,2,9,7,431,4083
0,6,9,7,431,4083
3,4,9,7,431,4083
2,3,9,7,431,4083
2,5,9,7,431,4083
1,2,9,7,431,4083
1,6,9,7,431,4083
0,1,9,7,431,4083
0,7,9,7,431,4083
4,4,9,7,431,4083
3,3,9,7,431,4083
3,5,9,7,431,4083
2,2,9,7,431,4083
2,6,9,7,431,4083
1,1,9,7,431,4083
1,7,9,7,431,4083
0,0,9,7,431,4083
0,8,9,7,431,4083
6,4,9,7,431,4083
5,3,9,7,431,4083
5,5,9,7,431,4083
4,2,9,7,431,4083
4,6,9,7,431,4083
3,1,9,7,431,4083
3,7,9,7,431,4083
2,0,9,7,431,4083
2,8,9,7,431,4083
1,0,9,7,431,4083
1,9,9,7,431,4083
8,4,9,7,431,4083
7,3,9,7,431,4083
7,5,9,7,431,4083
6,2,9,7,431,4083
6,6,9,7,431,4083
5,1,9,7,431,4083
5,7,9,7,431,4083
4,0,9,7,431,4083
4,8,9,7,431,4083
3,0,9,7,431,4083
3,9,9,7,431,4083
2,1,9,7,431,4083
2,9,9,7,431,4083
9,4,9,7,431,4083
9,3,9,7,431,4083
9,5,9,7,431,4083
8,2,9,7,431,4083
8,6,9,7,431,4083
7,1,9,7,431,4083
7,7,9,7,431,4083
6,0,9,7,431,4083
6,8,9,7,431,4083
5,0,9,7,431,4083
5,9,9,7,431,4083
4,1,9,7,431,4083
4,9,9,7,431,4083
3,2,9,7,431,4083
3,8,9,7,431,4083
7,4,9,7,431,4083
8,3,9,7,431,4083
8,5,9,7,431,4083
9,2,9,7,431,4083
9,6,9,7,431,4083
9,1,9,7,431,4083
9,7,9,7,431,4083
8,0,9,7,431,4083
8,8,9,7,431,4083
7,0,9,7,431,4083
7,9,9,7,431,4083
6,1,9,7,431,4083
6,9,9,7,431,4083
5,2,9,7,431,4083
5,8,9,7,431,4083
4,3,9,7,431,4083
4,7,9,7,431,4083
5,4,9,7,431,4083
6,3,9,7,431,4083
6,5,9,7,431,4083
7,2,9,7,431,4083
7,6,9,7,431,4083
8,1,9,7,431,4083
8,7,9,7,431,4083
9,0,9,7,431,4083
9,8,9,7,431,4083
9,9,9,7,431,4083
8,9,9,7,431,4083
7,8,9,7,431,4083
6,7,9,7,431,4083
5,6,9,7,431,4083
0,5,9,5,432,3741
1,5,9,5,432,3741
0,4,9,5,432,3741
0,6,9,5,432,3741
2,5,9,5,432,3741
1,4,9,5,432,3741
1,6,9,5,432,3741
0,3,9,5,432,3741
0,7,9,5,432,3741
3,5,9,5,432,3741
2,4,9,5,432,3741
2,6,9,5,432,3741
1,3,9,5,432,3741
1,7,9,5,432,3741
0,2,9,5,432,3741
0,8,9,5,432,3741
5,5,9,5,432,3741
4,4,9,5,432,3741
4,6,9,5,432,3741
3,3,9,5,432,3741
3,7,9,5,432,3741
2,2,9,5,432,3741
2,8,9,5,432,3741
1,1,9,5,432,3741
1,9,9,5,432,3741
7,5,9,5,432,3741
6,4,9,5,432,3741
6,6,9,5,432,3741
5,3,9,5,432,3741
5,7,9,5,432,3741
4,2,9,5,432,3741
4,8,9,5,432,3741
3,1,9,5,432,3741
3,9,9,5,432,3741
2,0,9,5,432,3741
2,9,9,5,432,3741
9,5,9,5,432,3741
8,4,9,5,432,3741
8,6,9,5,432,3741
7,3,9,5,432,3741
7,7,9,5,432,3741
6,2,9,5,432,3741
6,8,9,5,432,3741
5,1,9,5,432,3741
5,9,9,5,432,3741
4,0,9,5,432,3741
4,9,9,5,432,3741
3,0,9,5,432,3741
3,8,9,5,432,3741
8,5,9,5,432,3741
9,4,9,5,432,3741
9,6,9,5,432,3741
9,3,9,5,432,3741
9,7,9,5,432,3741
8,2,9,5,432,3741
8,8,9,5,432,3741
7,1,9,5,432,3741
7,9,9,5,432,3741
6,0,9,5,432,3741
6,9,9,5,432,3741
5,0,9,5,432,3741
5,8,9,5,432,3741
4,1,9,5,432,3741
4,7,9,5,432,3741
6,5,9,5,432,3741
7,4,9,5,432,3741
7,6,9,5,432,3741
8,3,9,5,432,3741
8,7,9,5,432,3741
9,2,9,5,432,3741
9,8,9,5,432,3741
9,1,9,5,432,3741
9,9,9,5,432,3741
8,0,9,5,432,3741
8,9,9,5,432,3741
7,0,9,5,432,3741
7,8,9,5,432,3741
6,1,9,5,432,3741
6,7,9,5,432,3741
5,2,9,5,432,3741
5,6,9,5,432,3741
0,3,9,9,433,4701
1,3,9,9,433,4701
0,2,9,9,433,4701
0,4,9,9,433,4701
2,3,9,9,433,4701
1,2,9,9,433,4701
1,4,9,9,433,4701
0,1,9,9,433,4701
0,5,9,9,433,4701
3,3,9,9,433,4701
2,2,9,9,433,4701
2,4,9,9,433,4701
1,1,9,9,433,4701
1,5,9,9,433,4701
0,0,9,9,433,4701
0,6,9,9,433,4701
4,3,9,9,433,4701
3,2,9,9,433,4701
3,4,9,9,433,4701
2,1,9,9,433,4701
2,5,9,9,433,4701
1,0,9,9,433,4701
1,6,9,9,433,4701
0,7,9,9,433,4701
5,3,9,9,433,4701
4,2,9,9,433,4701
4,4,9,9,433,4701
3,1,9,9,433,4701
3,5,9,9,433,4701
2,0,9,9,433,4701
2,6,9,9,433,4701
1,7,9,9,433,4701
0,8,9,9,433,4701
6,3,9,9,433,4701
5,2,9,9,433,4701
5,4,9,9,433,4701
4,1,9,9,433,4701
4,5,9,9,433,4701
3,0,9,9,433,4701
3,6,9,9,433,4701
2,7,9,9,433,4701
1,8,9,9,433,4701
0,9,9,9,433,4701
7,3,9,9,433,4701
6,2,9,9,433,4701
6,4,9,9,433,4701
5,1,9,9,433,4701
5,5,9,9,433,4701
4,0,9,9,433,4701
4,6,9,9,433,4701
3,7,9,9,433,4701
2,8,9,9,433,4701
1,9,9,9,433,4701
9,3,9,9,433,4701
8,2,9,9,433,4701
8,4,9,9,433,4701
7,1,9,9,433,4701
7,5,9,9,433,4701
6,0,9,9,433,4701
6,6,9,9,433,4701
5,0,9,9,433,4701
5,7,9,9,433,4701
4,8,9,9,433,4701
3,9,9,9,433,4701
2,9,9,9,433,4701
8,3,9,9,433,4701
9,2,9,9,433,4701
9,4,9,9,433,4701
9,1,9,9,433,4701
9,5,9,9,433,4701
8,0,9,9,433,4701
8,6,9,9,433,4701
7,0,9,9,433,4701
7,7,9,9,433,4701
6,1,9,9,433,4701
6,8,9,9,433,4701
5,9,9,9,433,4701
4,9,9,9,433,4701
3,8,9,9,433,4701
7,2,9,9,433,4701
7,4,9,9,433,4701
8,1,9,9,433,4701
8,5,9,9,433,4701
9,0,9,9,433,4701
9,6,9,9,433,4701
9,7,9,9,433,4701
8,8,9,9,433,4701
7,9,9,9,433,4701
6,9,9,9,433,4701
5,8,9,9,433,4701
4,7,9,9,433,4701
6,5,9,9,433,4701
7,6,9,9,433,4701
8,7,9,9,433,4701
9,8,9,9,433,4701
9,9,9,9,433,4701
8,9,9,9,433,4701
7,8,9,9,433,4701
6,7,9,9,433,4701
5,6,9,9,433,4701
0,4,9,7,434,4402
1,4,9,7,434,4402
0,3,9,7,434,4402
0,5,9,7,434,4402
2,4,9,7,434,4402
1,3,9,7,434,4402
1,5,9,7,434,4402
0,2,9,7,434,4402
0,6,9,7,434,4402
3,4,9,7,434,4402
2,3,9,7,434,4402
2,5,9,7,434,4402
1,2,9,7,434,4402
1,6,9,7,434,4402
0,1,9,7,434,4402
0,7,9,7,434,4402
4,4,9,7,434,4402
3,3,9,7,434,4402
3,5,9,7,434,4402
2,2,9,7,434,4402
2,6,9,7,434,4402
1,1,9,7,434,4402
1,7,9,7,434,4402
0,0,9,7,434,4402
0,8,9,7,434,4402
5,4,9,7,434,4402
4,3,9,7,434,4402
4,5,9,7,434,4402
3,2,9,7,434,4402
3,6,9,7,434,4402
2,1,9,7,434,4402
2,7,9,7,434,4402
1,0,9,7,434,4402
1,8,9,7,434,4402
0,9,9,7,434,4402
6,4,9,7,434,4402
5,3,9,7,434,4402
5,5,9,7,434,4402
4,2,9,7,434,4402
4,6,9,7,434,4402
3,1,9,7,434,4402
3,7,9,7,434,4402
2,0,9,7,434,4402
2,8,9,7,434,4402
1,9,9,7,434,4402
8,4,9,7,434,4402
7,3,9,7,434,4402
7,5,9,7,434,4402
6,2,9,7,434,4402
6,6,9,7,434,4402
5,1,9,7,434,4402
5,7,9,7,434,4402
4,0,9,7,434,4402
4,8,9,7,434,4402
3,0,9,7,434,4402
3,9,9,7,434,4402
2,9,9,7,434,4402
9,4,9,7,434,4402
9,3,9,7,434,4402
9,5,9,7,434,4402
8,2,9,7,434,4402
8,6,9,7,434,4402
7,1,9,7,434,4402
7,7,9,7,434,4402
6,0,9,7,434,4402
6,8,9,7,434,4402
5,0,9,7,434,4402
5,9,9,7,434,4402
4,1,9,7,434,4402
4,9,9,7,434,4402
3,8,9,7,434,4402
7,4,9,7,434,4402
8,3,9,7,434,4402
8,5,9,7,434,4402
9,2,9,7,434,4402
9,6,9,7,434,4402
9,1,9,7,434,4402
9,7,9,7,434,4402
8,0,9,7,434,4402
8,8,9,7,434,4402
7,0,9,7,434,4402
7,9,9,7,434,4402
6,1,9,7,434,4402
6,9,9,7,434,4402
5,2,9,7,434,4402
5,8,9,7,434,4402
4,7,9,7,434,4402
6,3,9,7,434,4402
6,5,9,7,434,4402
7,2,9,7,434,4402
7,6,9,7,434,4402
8,1,9,7,434,4402
8,7,9,7,434,4402
9,0,9,7,434,4402
9,8,9,7,434,4402
9,9,9,7,434,4402
8,9,9,7,434,4402
7,8,9,7,434,4402
6,7,9,7,434,4402
5,6,9,7,434,4402
0,5,9,5,435,4081
1,5,9,5,435,4081
0,4,9,5,435,4081
0,6,9,5,435,4081
2,5,9,5,435,4081
1,4,9,5,435,4081
1,6,9,5,435,4081
0,3,9,5,435,4081
0,7,9,5,435,4081
3,5,9,5,435,4081
2,4,9,5,435,4081
2,6,9,5,435,4081
1,3,9,5,435,4081
1,7,9,5,435,4081
0,2,9,5,435,4081
0,8,9,5,435,4081
4,5,9,5,435,4081
3,4,9,5,435,4081
3,6,9,5,435,4081
2,3,9,5,435,4081
2,7,9,5,435,4081
1,2,9,5,435,4081
1,8,9,5,435,4081
0,1,9,5,435,4081
0,9,9,5,435,4081
5,5,9,5,435,4081
4,4,9,5,435,4081
4,6,9,5,435,4081
3,3,9,5,435,4081
3,7,9,5,435,4081
2,2,9,5,435,4081
2,8,9,5,435,4081
1,1,9,5,435,4081
1,9,9,5,435,4081
0,0,9,5,435,4081
7,5,9,5,435,4081
6,4,9,5,435,4081
6,6,9,5,435,4081
5,3,9,5,435,4081
5,7,9,5,435,4081
4,2,9,5,435,4081
4,8,9,5,435,4081
3,1,9,5,435,4081
3,9,9,5,435,4081
2,0,9,5,435,4081
2,9,9,5,435,4081
1,0,9,5,435,4081
9,5,9,5,435,4081
8,4,9,5,435,4081
8,6,9,5,435,4081
7,3,9,5,435,4081
7,7,9,5,435,4081
6,2,9,5,435,4081
6,8,9,5,435,4081
5,1,9,5,435,4081
5,9,9,5,435,4081
4,0,9,5,435,4081
4,9,9,5,435,4081
3,0,9,5,435,4081
3,8,9,5,435,4081
2,1,9,5,435,4081
8,5,9,5,435,4081
9,4,9,5,435,4081
9,6,9,5,435,4081
9,3,9,5,435,4081
9,7,9,5,435,4081
8,2,9,5,435,4081
8,8,9,5,435,4081
7,1,9,5,435,4081
7,9,9,5,435,4081
6,0,9,5,435,4081
6,9,9,5,435,4081
5,0,9,5,435,4081
5,8,9,5,435,4081
4,1,9,5,435,4081
4,7,9,5,435,4081
3,2,9,5,435,4081
6,5,9,5,435,4081
7,4,9,5,435,4081
7,6,9,5,435,4081
8,3,9,5,435,4081
8,7,9,5,435,4081
9,2,9,5,435,4081
9,8,9,5,435,4081
9,1,9,5,435,4081
9,9,9,5,435,4081
8,0,9,5,435,4081
8,9,9,5,435,4081
7,0,9,5,435,4081
7,8,9,5,435,4081
6,1,9,5,435,4081
6,7,9,5,435,4081
5,2,9,5,435,4081
5,6,9,5,435,4081
4,3,9,5,435,4081
0,4,9,7,436,4700
1,4,9,7,436,4700
0,3,9,7,436,4700
0,5,9,7,436,4700
2,4,9,7,436,4700
1,3,9,7,436,4700
1,5,9,7,436,4700
0,2,9,7,436,4700
0,6,9,7,436,4700
3,4,9,7,436,4700
2,3,9,7,436,4700
2,5,9,7,436,4700
1,2,9,7,436,4700
1,6,9,7,436,4700
0,1,9,7,436,4700
0,7,9,7,436,4700
4,4,9,7,436,4700
3,3,9,7,436,4700
3,5,9,7,436,4700
2,2,9,7,436,4700
2,6,9,7,436,4700
1,1,9,7,436,4700
1,7,9,7,436,4700
0,0,9,7,436,4700
0,8,9,7,436,4700
5,4,9,7,436,4700
4,3,9,7,436,4700
4,5,9,7,436,4700
3,2,9,7,436,4700
3,6,9,7,436,4700
2,1,9,7,436,4700
2,7,9,7,436,4700
1,0,9,7,436,4700
1,8,9,7,436,4700
0,9,9,7,436,4700
6,4,9,7,436,4700
5,3,9,7,436,4700
5,5,9,7,436,4700
4,2,9,7,436,4700
4,6,9,7,436,4700
3,1,9,7,436,4700
3,7,9,7,436,4700
2,0,9,7,436,4700
2,8,9,7,436,4700
1,9,9,7,436,4700
7,4,9,7,436,4700
6,3,9,7,436,4700
6,5,9,7,436,4700
5,2,9,7,436,4700
5,6,9,7,436,4700
4,1,9,7,436,4700
4,7,9,7,436,4700
3,0,9,7,436,4700
3,8,9,7,436,4700
2,9,9,7,436,4700
8,4,9,7,436,4700
7,3,9,7,436,4700
7,5,9,7,436,4700
6,2,9,7,436,4700
6,6,9,7,436,4700
5,1,9,7,436,4700
5,7,9,7,436,4700
4,0,9,7,436,4700
4,8,9,7,436,4700
3,9,9,7,436,4700
9,4,9,7,436,4700
9,3,9,7,436,4700
9,5,9,7,436,4700
8,2,9,7,436,4700
8,6,9,7,436,4700
7,1,9,7,436,4700
7,7,9,7,436,4700
6,0,9,7,436,4700
6,8,9,7,436,4700
5,0,9,7,436,4700
5,9,9,7,436,4700
4,9,9,7,436,4700
8,3,9,7,436,4700
8,5,9,7,436,4700
9,2,9,7,436,4700
9,6,9,7,436,4700
9,1,9,7,436,4700
9,7,9,7,436,4700
8,0,9,7,436,4700
8,8,9,7,436,4700
7,0,9,7,436,4700
7,9,9,7,436,4700
6,1,9,7,436,4700
6,9,9,7,436,4700
5,8,9,7,436,4700
7,2,9,7,436,4700
7,6,9,7,436,4700
8,1,9,7,436,4700
8,7,9,7,436,4700
9,0,9,7,436,4700
9,8,9,7,436,4700
9,9,9,7,436,4700
8,9,9,7,436,4700
7,8,9,7,436,4700
6,7,9,7,436,4700
0,7,9,9,437,3740
1,7,9,9,437,3740
0,6,9,9,437,3740
0,8,9,9,437,3740
2,7,9,9,437,3740
1,6,9,9,437,3740
1,8,9,9,437,3740
0,5,9,9,437,3740
0,9,9,9,437,3740
3,7,9,9,437,3740
2,6,9,9,437,3740
2,8,9,9,437,3740
1,5,9,9,437,3740
1,9,9,9,437,3740
0,4,9,9,437,3740
4,7,9,9,437,3740
3,6,9,9,437,3740
3,8,9,9,437,3740
2,5,9,9,437,3740
2,9,9,9,437,3740
1,4,9,9,437,3740
0,3,9,9,437,3740
5,7,9,9,437,3740
4,6,9,9,437,3740
4,8,9,9,437,3740
3,5,9,9,437,3740
3,9,9,9,437,3740
2,4,9,9,437,3740
1,3,9,9,437,3740
0,2,9,9,437,3740
7,7,9,9,437,3740
6,6,9,9,437,3740
6,8,9,9,437,3740
5,5,9,9,437,3740
5,9,9,9,437,3740
4,4,9,9,437,3740
4,9,9,9,437,3740
3,3,9,9,437,3740
2,2,9,9,437,3740
1,1,9,9,437,3740
9,7,9,9,437,3740
8,6,9,9,437,3740
8,8,9,9,437,3740
7,5,9,9,437,3740
7,9,9,9,437,3740
6,4,9,9,437,3740
6,9,9,9,437,3740
5,3,9,9,437,3740
5,8,9,9,437,3740
4,2,9,9,437,3740
3,1,9,9,437,3740
2,0,9,9,437,3740
8,7,9,9,437,3740
9,6,9,9,437,3740
9,8,9,9,437,3740
9,5,9,9,437,3740
9,9,9,9,437,3740
8,4,9,9,437,3740
8,9,9,9,437,3740
7,3,9,9,437,3740
7,8,9,9,437,3740
6,2,9,9,437,3740
6,7,9,9,437,3740
5,1,9,9,437,3740
5,6,9,9,437,3740
4,0,9,9,437,3740
4,5,9,9,437,3740
3,0,9,9,437,3740
3,4,9,9,437,3740
0,7,2,0,438,4423
1,7,2,0,438,4423
0,6,2,0,438,4423
0,8,2,0,438,4423
2,7,2,0,438,4423
1,6,2,0,438,4423
1,8,2,0,438,4423
0,5,2,0,438,4423
0,9,2,0,438,4423
3,7,2,0,438,4423
2,6,2,0,438,4423
2,8,2,0,438,4423
1,5,2,0,438,4423
1,9,2,0,438,4423
0,4,2,0,438,4423
4,7,2,0,438,4423
3,6,2,0,438,4423
3,8,2,0,438,4423
2,5,2,0,438,4423
2,9,2,0,438,4423
1,4,2,0,438,4423
0,3,2,0,438,4423
5,7,2,0,438,4423
4,6,2,0,438,4423
4,8,2,0,438,4423
3,5,2,0,438,4423
3,9,2,0,438,4423
2,4,2,0,438,4423
1,3,2,0,438,4423
0,2,2,0,438,4423
6,7,2,0,438,4423
5,6,2,0,438,4423
5,8,2,0,438,4423
4,5,2,0,438,4423
4,9,2,0,438,4423
3,4,2,0,438,4423
2,3,2,0,438,4423
1,2,2,0,438,4423
0,1,2,0,438,4423
7,7,2,0,438,4423
6,6,2,0,438,4423
6,8,2,0,438,4423
5,5,2,0,438,4423
5,9,2,0,438,4423
4,4,2,0,438,4423
3,3,2,0,438,4423
2,2,2,0,438,4423
1,1,2,0,438,4423
0,0,2,0,438,4423
8,7,2,0,438,4423
7,6,2,0,438,4423
7,8,2,0,438,4423
6,5,2,0,438,4423
6,9,2,0,438,4423
5,4,2,0,438,4423
4,3,2,0,438,4423
3,2,2,0,438,4423
2,1,2,0,438,4423
1,0,2,0,438,4423
9,7,2,0,438,4423
8,6,2,0,438,4423
8,8,2,0,438,4423
7,5,2,0,438,4423
7,9,2,0,438,4423
6,4,2,0,438,4423
5,3,2,0,438,4423
4,2,2,0,438,4423
3,1,2,0,438,4423
2,0,2,0,438,4423
9,6,2,0,438,4423
9,8,2,0,438,4423
9,5,2,0,438,4423
9,9,2,0,438,4423
8,4,2,0,438,4423
8,9,2,0,438,4423
7,3,2,0,438,4423
6,2,2,0,438,4423
5,1,2,0,438,4423
4,0,2,0,438,4423
3,0,2,0,438,4423
0,8,1,1,439,4095
1,8,1,1,439,4095
0,7,1,1,439,4095
0,9,1,1,439,4095
2,8,1,1,439,4095
1,7,1,1,439,4095
1,9,1,1,439,4095
0,6,1,1,439,4095
3,8,1,1,439,4095
2,7,1,1,439,4095
2,9,1,1,439,4095
1,6,1,1,439,4095
0,5,1,1,439,4095
4,8,1,1,439,4095
3,7,1,1,439,4095
3,9,1,1,439,4095
2,6,1,1,439,4095
1,5,1,1,439,4095
0,4,1,1,439,4095
5,8,1,1,439,4095
4,7,1,1,439,4095
4,9,1,1,439,4095
3,6,1,1,439,4095
2,5,1,1,439,4095
1,4,1,1,439,4095
0,3,1,1,439,4095
6,8,1,1,439,4095
5,7,1,1,439,4095
5,9,1,1,439,4095
4,6,1,1,439,4095
3,5,1,1,439,4095
2,4,1,1,439,4095
1,3,1,1,439,4095
0,2,1,1,439,4095
7,8,1,1,439,4095
6,7,1,1,439,4095
6,9,1,1,439,4095
5,6,1,1,439,4095
4,5,1,1,439,4095
3,4,1,1,439,4095
2,3,1,1,439,4095
1,2,1,1,439,4095
0,1,1,1,439,4095
8,8,1,1,439,4095
7,7,1,1,439,4095
7,9,1,1,439,4095
6,6,1,1,439,4095
5,5,1,1,439,4095
4,4,1,1,439,4095
3,3,1,1,439,4095
2,2,1,1,439,4095
1,1,1,1,439,4095
0,0,1,1,439,4095
9,8,1,1,439,4095
9,7,1,1,439,4095
9,9,1,1,439,4095
8,6,1,1,439,4095
8,9,1,1,439,4095
7,5,1,1,439,4095
6,4,1,1,439,4095
5,3,1,1,439,4095
4,2,1,1,439,4095
3,1,1,1,439,4095
2,0,1,1,439,4095
1,0,1,1,439,4095
0,9,0,4,440,3619
1,9,0,4,440,3619
0,8,0,4,440,3619
2,9,0,4,440,3619
1,8,0,4,440,3619
0,7,0,4,440,3619
3,9,0,4,440,3619
2,8,0,4,440,3619
1,7,0,4,440,3619
0,6,0,4,440,3619
4,9,0,4,440,3619
3,8,0,4,440,3619
2,7,0,4,440,3619
1,6,0,4,440,3619
0,5,0,4,440,3619
5,9,0,4,440,3619
4,8,0,4,440,3619
3,7,0,4,440,3619
2,6,0,4,440,3619
1,5,0,4,440,3619
0,4,0,4,440,3619
6,9,0,4,440,3619
5,8,0,4,440,3619
4,7,0,4,440,3619
3,6,0,4,440,3619
2,5,0,4,440,3619
1,4,0,4,440,3619
0,3,0,4,440,3619
7,9,0,4,440,3619
6,8,0,4,440,3619
5,7,0,4,440,3619
4,6,0,4,440,3619
3,5,0,4,440,3619
2,4,0,4,440,3619
1,3,0,4,440,3619
0,2,0,4,440,3619
9,9,0,4,440,3619
8,8,0,4,440,3619
8,9,0,4,440,3619
7,7,0,4,440,3619
7,8,0,4,440,3619
6,6,0,4,440,3619
6,7,0,4,440,3619
5,5,0,4,440,3619
5,6,0,4,440,3619
4,4,0,4,440,3619
4,5,0,4,440,3619
3,3,0,4,440,3619
3,4,0,4,440,3619
2,2,0,4,440,3619
2,3,0,4,440,3619
1,1,0,4,440,3619
1,2,0,4,440,3619
0,7,2,0,441,4516
1,7,2,0,441,4516
0,6,2,0,441,4516
0,8,2,0,441,4516
2,7,2,0,441,4516
1,6,2,0,441,4516
1,8,2,0,441,4516
0,5,2,0,441,4516
0,9,2,0,441,4516
3,7,2,0,441,4516
2,6,2,0,441,4516
2,8,2,0,441,4516
1,5,2,0,441,4516
1,9,2,0,441,4516
0,4,2,0,441,4516
4,7,2,0,441,4516
3,6,2,0,441,4516
3,8,2,0,441,4516
2,5,2,0,441,4516
2,9,2,0,441,4516
1,4,2,0,441,4516
0,3,2,0,441,4516
5,7,2,0,441,4516
4,6,2,0,441,4516
4,8,2,0,441,4516
3,5,2,0,441,4516
3,9,2,0,441,4516
2,4,2,0,441,4516
1,3,2,0,441,4516
0,2,2,0,441,4516
6,7,2,0,441,4516
5,6,2,0,441,4516
5,8,2,0,441,4516
4,5,2,0,441,4516
4,9,2,0,441,4516
3,4,2,0,441,4516
2,3,2,0,441,4516
1,2,2,0,441,4516
0,1,2,0,441,4516
7,7,2,0,441,4516
6,6,2,0,441,4516
6,8,2,0,441,4516
5,5,2,0,441,4516
5,9,2,0,441,4516
4,4,2,0,441,4516
3,3,2,0,441,4516
2,2,2,0,441,4516
1,1,2,0,441,4516
0,0,2,0,441,4516
8,7,2,0,441,4516
7,6,2,0,441,4516
7,8,2,0,441,4516
6,5,2,0,441,4516
6,9,2,0,441,4516
5,4,2,0,441,4516
4,3,2,0,441,4516
3,2,2,0,441,4516
2,1,2,0,441,4516
1,0,2,0,441,4516
9,7,2,0,441,4516
8,6,2,0,441,4516
8,8,2,0,441,4516
7,5,2,0,441,4516
7,9,2,0,441,4516
6,4,2,0,441,4516
5,3,2,0,441,4516
4,2,2,0,441,4516
3,1,2,0,441,4516
2,0,2,0,441,4516
9,6,2,0,441,4516
9,8,2,0,441,4516
8,5,2,0,441,4516
8,9,2,0,441,4516
7,4,2,0,441,4516
6,3,2,0,441,4516
5,2,2,0,441,4516
4,1,2,0,441,4516
3,0,2,0,441,4516
9,5,2,0,441,4516
9,9,2,0,441,4516
8,4,2,0,441,4516
7,3,2,0,441,4516
6,2,2,0,441,4516
5,1,2,0,441,4516
4,0,2,0,441,4516
0,8,1,1,442,4307
1,8,1,1,442,4307
0,7,1,1,442,4307
0,9,1,1,442,4307
2,8,1,1,442,4307
1,7,1,1,442,4307
1,9,1,1,442,4307
0,6,1,1,442,4307
3,8,1,1,442,4307
2,7,1,1,442,4307
2,9,1,1,442,4307
1,6,1,1,442,4307
0,5,1,1,442,4307
4,8,1,1,442,4307
3,7,1,1,442,4307
3,9,1,1,442,4307
2,6,1,1,442,4307
1,5,1,1,442,4307
0,4,1,1,442,4307
5,8,1,1,442,4307
4,7,1,1,442,4307
4,9,1,1,442,4307
3,6,1,1,442,4307
2,5,1,1,442,4307
1,4,1,1,442,4307
0,3,1,1,442,4307
6,8,1,1,442,4307
5,7,1,1,442,4307
5,9,1,1,442,4307
4,6,1,1,442,4307
3,5,1,1,442,4307
2,4,1,1,442,4307
1,3,1,1,442,4307
0,2,1,1,442,4307
7,8,1,1,442,4307
6,7,1,1,442,4307
6,9,1,1,442,4307
5,6,1,1,442,4307
4,5,1,1,442,4307
3,4,1,1,442,4307
2,3,1,1,442,4307
1,2,1,1,442,4307
0,1,1,1,442,4307
8,8,1,1,442,4307
7,7,1,1,442,4307
7,9,1,1,442,4307
6,6,1,1,442,4307
5,5,1,1,442,4307
4,4,1,1,442,4307
3,3,1,1,442,4307
2,2,1,1,442,4307
1,1,1,1,442,4307
0,0,1,1,442,4307
9,8,1,1,442,4307
8,7,1,1,442,4307
8,9,1,1,442,4307
7,6,1,1,442,4307
6,5,1,1,442,4307
5,4,1,1,442,4307
4,3,1,1,442,4307
3,2,1,1,442,4307
2,1,1,1,442,4307
1,0,1,1,442,4307
9,7,1,1,442,4307
9,9,1,1,442,4307
8,6,1,1,442,4307
7,5,1,1,442,4307
6,4,1,1,442,4307
5,3,1,1,442,4307
4,2,1,1,442,4307
3,1,1,1,442,4307
2,0,1,1,442,4307
0,9,0,2,443,3953
1,9,0,2,443,3953
0,8,0,2,443,3953
2,9,0,2,443,3953
1,8,0,2,443,3953
0,7,0,2,443,3953
3,9,0,2,443,3953
2,8,0,2,443,3953
1,7,0,2,443,3953
0,6,0,2,443,3953
4,9,0,2,443,3953
3,8,0,2,443,3953
2,7,0,2,443,3953
1,6,0,2,443,3953
0,5,0,2,443,3953
5,9,0,2,443,3953
4,8,0,2,443,3953
3,7,0,2,443,3953
2,6,0,2,443,3953
1,5,0,2,443,3953
0,4,0,2,443,3953
6,9,0,2,443,3953
5,8,0,2,443,3953
4,7,0,2,443,3953
3,6,0,2,443,3953
2,5,0,2,443,3953
1,4,0,2,443,3953
0,3,0,2,443,3953
7,9,0,2,443,3953
6,8,0,2,443,3953
5,7,0,2,443,3953
4,6,0,2,443,3953
3,5,0,2,443,3953
2,4,0,2,443,3953
1,3,0,2,443,3953
0,2,0,2,443,3953
8,9,0,2,443,3953
7,8,0,2,443,3953
6,7,0,2,443,3953
5,6,0,2,443,3953
4,5,0,2,443,3953
3,4,0,2,443,3953
2,3,0,2,443,3953
1,2,0,2,443,3953
0,1,0,2,443,3953
9,9,0,2,443,3953
8,8,0,2,443,3953
7,7,0,2,443,3953
6,6,0,2,443,3953
5,5,0,2,443,3953
4,4,0,2,443,3953
3,3,0,2,443,3953
2,2,0,2,443,3953
1,1,0,2,443,3953
0,0,0,2,443,3953
3,3,9,9,444,2979
5,3,9,9,444,2979
4,2,9,9,444,2979
4,4,9,9,444,2979
7,3,9,9,444,2979
6,2,9,9,444,2979
6,4,9,9,444,2979
5,1,9,9,444,2979
5,5,9,9,444,2979
9,3,9,9,444,2979
8,2,9,9,444,2979
8,4,9,9,444,2979
7,1,9,9,444,2979
7,5,9,9,444,2979
6,0,9,9,444,2979
6,6,9,9,444,2979
8,3,9,9,444,2979
9,2,9,9,444,2979
9,4,9,9,444,2979
9,1,9,9,444,2979
9,5,9,9,444,2979
8,0,9,9,444,2979
8,6,9,9,444,2979
7,0,9,9,444,2979
7,7,9,9,444,2979
6,3,9,9,444,2979
7,2,9,9,444,2979
7,4,9,9,444,2979
8,1,9,9,444,2979
8,5,9,9,444,2979
9,0,9,9,444,2979
9,6,9,9,444,2979
9,7,9,9,444,2979
8,8,9,9,444,2979
4,3,9,9,444,2979
5,2,9,9,444,2979
5,4,9,9,444,2979
6,1,9,9,444,2979
6,5,9,9,444,2979
7,6,9,9,444,2979
8,7,9,9,444,2979
9,8,9,9,444,2979
9,9,9,9,444,2979
1,3,9,9,445,3373
3,3,9,9,445,3373
2,2,9,9,445,3373
2,4,9,9,445,3373
5,3,9,9,445,3373
4,2,9,9,445,3373
4,4,9,9,445,3373
3,1,9,9,445,3373
3,5,9,9,445,3373
7,3,9,9,445,3373
6,2,9,9,445,3373
6,4,9,9,445,3373
5,1,9,9,445,3373
5,5,9,9,445,3373
4,0,9,9,445,3373
4,6,9,9,445,3373
9,3,9,9,445,3373
8,2,9,9,445,3373
8,4,9,9,445,3373
7,1,9,9,445,3373
7,5,9,9,445,3373
6,0,9,9,445,3373
6,6,9,9,445,3373
5,0,9,9,445,3373
5,7,9,9,445,3373
8,3,9,9,445,3373
9,2,9,9,445,3373
9,4,9,9,445,3373
9,1,9,9,445,3373
9,5,9,9,445,3373
8,0,9,9,445,3373
8,6,9,9,445,3373
7,0,9,9,445,3373
7,7,9,9,445,3373
6,1,9,9,445,3373
6,8,9,9,445,3373
6,3,9,9,445,3373
7,2,9,9,445,3373
7,4,9,9,445,3373
8,1,9,9,445,3373
8,5,9,9,445,3373
9,0,9,9,445,3373
9,6,9,9,445,3373
9,7,9,9,445,3373
8,8,9,9,445,3373
7,9,9,9,445,3373
4,3,9,9,445,3373
5,2,9,9,445,3373
5,4,9,9,445,3373
6,5,9,9,445,3373
7,6,9,9,445,3373
8,7,9,9,445,3373
9,8,9,9,445,3373
9,9,9,9,445,3373
8,9,9,9,445,3373
2,4,9,9,446,2986
4,4,9,9,446,2986
3,3,9,9,446,2986
3,5,9,9,446,2986
6,4,9,9,446,2986
5,3,9,9,446,2986
5,5,9,9,446,2986
4,2,9,9,446,2986
4,6,9,9,446,2986
8,4,9,9,446,2986
7,3,9,9,446,2986
7,5,9,9,446,2986
6,2,9,9,446,2986
6,6,9,9,446,2986
5,1,9,9,446,2986
5,7,9,9,446,2986
9,4,9,9,446,2986
9,3,9,9,446,2986
9,5,9,9,446,2986
8,2,9,9,446,2986
8,6,9,9,446,2986
7,1,9,9,446,2986
7,7,9,9,446,2986
6,0,9,9,446,2986
6,8,9,9,446,2986
7,4,9,9,446,2986
8,3,9,9,446,2986
8,5,9,9,446,2986
9,2,9,9,446,2986
9,6,9,9,446,2986
9,1,9,9,446,2986
9,7,9,9,446,2986
8,0,9,9,446,2986
8,8,9,9,446,2986
7,0,9,9,446,2986
7,9,9,9,446,2986
5,4,9,9,446,2986
6,3,9,9,446,2986
6,5,9,9,446,2986
7,2,9,9,446,2986
7,6,9,9,446,2986
8,1,9,9,446,2986
8,7,9,9,446,2986
9,0,9,9,446,2986
9,8,9,9,446,2986
9,9,9,9,446,2986
8,9,9,9,446,2986
1,5,9,9,447,2990
3,5,9,9,447,2990
2,4,9,9,447,2990
2,6,9,9,447,2990
5,5,9,9,447,2990
4,4,9,9,447,2990
4,6,9,9,447,2990
3,3,9,9,447,2990
3,7,9,9,447,2990
7,5,9,9,447,2990
6,4,9,9,447,2990
6,6,9,9,447,2990
5,3,9,9,447,2990
5,7,9,9,447,2990
4,2,9,9,447,2990
4,8,9,9,447,2990
9,5,9,9,447,2990
8,4,9,9,447,2990
8,6,9,9,447,2990
7,3,9,9,447,2990
7,7,9,9,447,2990
6,2,9,9,447,2990
6,8,9,9,447,2990
5,1,9,9,447,2990
5,9,9,9,447,2990
8,5,9,9,447,2990
9,4,9,9,447,2990
9,6,9,9,447,2990
9,3,9,9,447,2990
9,7,9,9,447,2990
8,2,9,9,447,2990
8,8,9,9,447,2990
7,1,9,9,447,2990
7,9,9,9,447,2990
6,0,9,9,447,2990
6,9,9,9,447,2990
6,5,9,9,447,2990
7,4,9,9,447,2990
7,6,9,9,447,2990
8,3,9,9,447,2990
8,7,9,9,447,2990
9,2,9,9,447,2990
9,8,9,9,447,2990
9,1,9,9,447,2990
9,9,9,9,447,2990
8,0,9,9,447,2990
8,9,9,9,447,2990
7,0,9,9,447,2990
7,8,9,9,447,2990
0,6,9,9,448,2992
2,6,9,9,448,2992
1,5,9,9,448,2992
1,7,9,9,448,2992
4,6,9,9,448,2992
3,5,9,9,448,2992
3,7,9,9,448,2992
2,4,9,9,448,2992
2,8,9,9,448,2992
6,6,9,9,448,2992
5,5,9,9,448,2992
5,7,9,9,448,2992
4,4,9,9,448,2992
4,8,9,9,448,2992
3,3,9,9,448,2992
3,9,9,9,448,2992
8,6,9,9,448,2992
7,5,9,9,448,2992
7,7,9,9,448,2992
6,4,9,9,448,2992
6,8,9,9,448,2992
5,3,9,9,448,2992
5,9,9,9,448,2992
4,2,9,9,448,2992
4,9,9,9,448,2992
9,6,9,9,448,2992
9,5,9,9,448,2992
9,7,9,9,448,2992
8,4,9,9,448,2992
8,8,9,9,448,2992
7,3,9,9,448,2992
7,9,9,9,448,2992
6,2,9,9,448,2992
6,9,9,9,448,2992
5,1,9,9,448,2992
5,8,9,9,448,2992
7,6,9,9,448,2992
8,5,9,9,448,2992
8,7,9,9,448,2992
9,4,9,9,448,2992
9,8,9,9,448,2992
9,3,9,9,448,2992
9,9,9,9,448,2992
8,2,9,9,448,2992
8,9,9,9,448,2992
7,1,9,9,448,2992
7,8,9,9,448,2992
6,0,9,9,448,2992
6,7,9,9,448,2992
0,7,9,9,449,2990
1,7,9,9,449,2990
0,6,9,9,449,2990
0,8,9,9,449,2990
3,7,9,9,449,2990
2,6,9,9,449,2990
2,8,9,9,449,2990
1,5,9,9,449,2990
1,9,9,9,449,2990
5,7,9,9,449,2990
4,6,9,9,449,2990
4,8,9,9,449,2990
3,5,9,9,449,2990
3,9,9,9,449,2990
2,4,9,9,449,2990
2,9,9,9,449,2990
7,7,9,9,449,2990
6,6,9,9,449,2990
6,8,9,9,449,2990
5,5,9,9,449,2990
5,9,9,9,449,2990
4,4,9,9,449,2990
4,9,9,9,449,2990
3,3,9,9,449,2990
3,8,9,9,449,2990
9,7,9,9,449,2990
8,6,9,9,449,2990
8,8,9,9,449,2990
7,5,9,9,449,2990
7,9,9,9,449,2990
6,4,9,9,449,2990
6,9,9,9,449,2990
5,3,9,9,449,2990
5,8,9,9,449,2990
4,2,9,9,449,2990
4,7,9,9,449,2990
8,7,9,9,449,2990
9,6,9,9,449,2990
9,8,9,9,449,2990
9,5,9,9,449,2990
9,9,9,9,449,2990
8,4,9,9,449,2990
8,9,9,9,449,2990
7,3,9,9,449,2990
7,8,9,9,449,2990
6,2,9,9,449,2990
6,7,9,9,449,2990
5,1,9,9,449,2990
5,6,9,9,449,2990
0,7,9,9,450,3378
1,7,9,9,450,3378
0,6,9,9,450,3378
0,8,9,9,450,3378
2,7,9,9,450,3378
1,6,9,9,450,3378
1,8,9,9,450,3378
0,5,9,9,450,3378
0,9,9,9,450,3378
3,7,9,9,450,3378
2,6,9,9,450,3378
2,8,9,9,450,3378
1,5,9,9,450,3378
1,9,9,9,450,3378
0,4,9,9,450,3378
5,7,9,9,450,3378
4,6,9,9,450,3378
4,8,9,9,450,3378
3,5,9,9,450,3378
3,9,9,9,450,3378
2,4,9,9,450,3378
2,9,9,9,450,3378
1,3,9,9,450,3378
7,7,9,9,450,3378
6,6,9,9,450,3378
6,8,9,9,450,3378
5,5,9,9,450,3378
5,9,9,9,450,3378
4,4,9,9,450,3378
4,9,9,9,450,3378
3,3,9,9,450,3378
3,8,9,9,450,3378
2,2,9,9,450,3378
9,7,9,9,450,3378
8,6,9,9,450,3378
8,8,9,9,450,3378
7,5,9,9,450,3378
7,9,9,9,450,3378
6,4,9,9,450,3378
6,9,9,9,450,3378
5,3,9,9,450,3378
5,8,9,9,450,3378
4,2,9,9,450,3378
4,7,9,9,450,3378
3,1,9,9,450,3378
3,6,9,9,450,3378
8,7,9,9,450,3378
9,6,9,9,450,3378
9,8,9,9,450,3378
9,5,9,9,450,3378
9,9,9,9,450,3378
8,4,9,9,450,3378
8,9,9,9,450,3378
7,3,9,9,450,3378
7,8,9,9,450,3378
6,2,9,9,450,3378
6,7,9,9,450,3378
5,1,9,9,450,3378
5,6,9,9,450,3378
4,0,9,9,450,3378
4,5,9,9,450,3378
0,8,7,9,451,2845
1,8,7,9,451,2845
0,7,7,9,451,2845
0,9,7,9,451,2845
2,8,7,9,451,2845
1,7,7,9,451,2845
1,9,7,9,451,2845
0,6,7,9,451,2845
4,8,7,9,451,2845
3,7,7,9,451,2845
3,9,7,9,451,2845
2,6,7,9,451,2845
2,9,7,9,451,2845
1,5,7,9,451,2845
6,8,7,9,451,2845
5,7,7,9,451,2845
5,9,7,9,451,2845
4,6,7,9,451,2845
4,9,7,9,451,2845
3,5,7,9,451,2845
3,8,7,9,451,2845
2,4,7,9,451,2845
2,7,7,9,451,2845
8,8,7,9,451,2845
7,7,7,9,451,2845
7,9,7,9,451,2845
6,6,7,9,451,2845
6,9,7,9,451,2845
5,5,7,9,451,2845
5,8,7,9,451,2845
4,4,7,9,451,2845
4,7,7,9,451,2845
3,3,7,9,451,2845
3,6,7,9,451,2845
9,8,7,9,451,2845
9,7,7,9,451,2845
9,9,7,9,451,2845
8,6,7,9,451,2845
8,9,7,9,451,2845
7,5,7,9,451,2845
7,8,7,9,451,2845
6,4,7,9,451,2845
6,7,7,9,451,2845
5,3,7,9,451,2845
5,6,7,9,451,2845
4,2,7,9,451,2845
4,5,7,9,451,2845
0,8,7,9,452,3241
1,8,7,9,452,3241
0,7,7,9,452,3241
0,9,7,9,452,3241
2,8,7,9,452,3241
1,7,7,9,452,3241
1,9,7,9,452,3241
0,6,7,9,452,3241
3,8,7,9,452,3241
2,7,7,9,452,3241
2,9,7,9,452,3241
1,6,7,9,452,3241
0,5,7,9,452,3241
4,8,7,9,452,3241
3,7,7,9,452,3241
3,9,7,9,452,3241
2,6,7,9,452,3241
1,5,7,9,452,3241
0,4,7,9,452,3241
6,8,7,9,452,3241
5,7,7,9,452,3241
5,9,7,9,452,3241
4,6,7,9,452,3241
4,9,7,9,452,3241
3,5,7,9,452,3241
2,4,7,9,452,3241
1,3,7,9,452,3241
8,8,7,9,452,3241
7,7,7,9,452,3241
7,9,7,9,452,3241
6,6,7,9,452,3241
6,9,7,9,452,3241
5,5,7,9,452,3241
5,8,7,9,452,3241
4,4,7,9,452,3241
4,7,7,9,452,3241
3,3,7,9,452,3241
3,6,7,9,452,3241
2,2,7,9,452,3241
2,5,7,9,452,3241
9,8,7,9,452,3241
9,7,7,9,452,3241
9,9,7,9,452,3241
8,6,7,9,452,3241
8,9,7,9,452,3241
7,5,7,9,452,3241
7,8,7,9,452,3241
6,4,7,9,452,3241
6,7,7,9,452,3241
5,3,7,9,452,3241
5,6,7,9,452,3241
4,2,7,9,452,3241
4,5,7,9,452,3241
3,1,7,9,452,3241
3,4,7,9,452,3241
0,9,1,5,453,3406
1,9,1,5,453,3406
0,8,1,5,453,3406
2,9,1,5,453,3406
1,8,1,5,453,3406
0,7,1,5,453,3406
3,9,1,5,453,3406
2,8,1,5,453,3406
1,7,1,5,453,3406
0,6,1,5,453,3406
4,9,1,5,453,3406
3,8,1,5,453,3406
2,7,1,5,453,3406
1,6,1,5,453,3406
0,5,1,5,453,3406
5,9,1,5,453,3406
4,8,1,5,453,3406
3,7,1,5,453,3406
2,6,1,5,453,3406
1,5,1,5,453,3406
0,4,1,5,453,3406
7,9,1,5,453,3406
6,8,1,5,453,3406
6,9,1,5,453,3406
5,7,1,5,453,3406
5,8,1,5,453,3406
4,6,1,5,453,3406
4,7,1,5,453,3406
3,5,1,5,453,3406
3,6,1,5,453,3406
2,4,1,5,453,3406
2,5,1,5,453,3406
1,3,1,5,453,3406
1,4,1,5,453,3406
9,9,1,5,453,3406
8,8,1,5,453,3406
8,9,1,5,453,3406
7,7,1,5,453,3406
7,8,1,5,453,3406
6,6,1,5,453,3406
6,7,1,5,453,3406
5,5,1,5,453,3406
5,6,1,5,453,3406
4,4,1,5,453,3406
4,5,1,5,453,3406
3,3,1,5,453,3406
3,4,1,5,453,3406
2,2,1,5,453,3406
2,3,1,5,453,3406
4,4,9,9,454,2565
6,4,9,9,454,2565
5,3,9,9,454,2565
5,5,9,9,454,2565
8,4,9,9,454,2565
7,3,9,9,454,2565
7,5,9,9,454,2565
6,2,9,9,454,2565
6,6,9,9,454,2565
9,4,9,9,454,2565
9,3,9,9,454,2565
9,5,9,9,454,2565
8,2,9,9,454,2565
8,6,9,9,454,2565
7,1,9,9,454,2565
7,7,9,9,454,2565
7,4,9,9,454,2565
8,3,9,9,454,2565
8,5,9,9,454,2565
9,2,9,9,454,2565
9,6,9,9,454,2565
9,1,9,9,454,2565
9,7,9,9,454,2565
8,0,9,9,454,2565
8,8,9,9,454,2565
5,4,9,9,454,2565
6,3,9,9,454,2565
6,5,9,9,454,2565
7,2,9,9,454,2565
7,6,9,9,454,2565
8,1,9,9,454,2565
8,7,9,9,454,2565
9,0,9,9,454,2565
9,8,9,9,454,2565
9,9,9,9,454,2565
3,5,9,9,455,2571
5,5,9,9,455,2571
4,4,9,9,455,2571
4,6,9,9,455,2571
7,5,9,9,455,2571
6,4,9,9,455,2571
6,6,9,9,455,2571
5,3,9,9,455,2571
5,7,9,9,455,2571
9,5,9,9,455,2571
8,4,9,9,455,2571
8,6,9,9,455,2571
7,3,9,9,455,2571
7,7,9,9,455,2571
6,2,9,9,455,2571
6,8,9,9,455,2571
8,5,9,9,455,2571
9,4,9,9,455,2571
9,6,9,9,455,2571
9,3,9,9,455,2571
9,7,9,9,455,2571
8,2,9,9,455,2571
8,8,9,9,455,2571
7,1,9,9,455,2571
7,9,9,9,455,2571
6,5,9,9,455,2571
7,4,9,9,455,2571
7,6,9,9,455,2571
8,3,9,9,455,2571
8,7,9,9,455,2571
9,2,9,9,455,2571
9,8,9,9,455,2571
9,1,9,9,455,2571
9,9,9,9,455,2571
8,0,9,9,455,2571
8,9,9,9,455,2571
2,6,9,9,456,2574
4,6,9,9,456,2574
3,5,9,9,456,2574
3,7,9,9,456,2574
6,6,9,9,456,2574
5,5,9,9,456,2574
5,7,9,9,456,2574
4,4,9,9,456,2574
4,8,9,9,456,2574
8,6,9,9,456,2574
7,5,9,9,456,2574
7,7,9,9,456,2574
6,4,9,9,456,2574
6,8,9,9,456,2574
5,3,9,9,456,2574
5,9,9,9,456,2574
9,6,9,9,456,2574
9,5,9,9,456,2574
9,7,9,9,456,2574
8,4,9,9,456,2574
8,8,9,9,456,2574
7,3,9,9,456,2574
7,9,9,9,456,2574
6,2,9,9,456,2574
6,9,9,9,456,2574
7,6,9,9,456,2574
8,5,9,9,456,2574
8,7,9,9,456,2574
9,4,9,9,456,2574
9,8,9,9,456,2574
9,3,9,9,456,2574
9,9,9,9,456,2574
8,2,9,9,456,2574
8,9,9,9,456,2574
7,1,9,9,456,2574
7,8,9,9,456,2574
1,7,9,9,457,2574
3,7,9,9,457,2574
2,6,9,9,457,2574
2,8,9,9,457,2574
5,7,9,9,457,2574
4,6,9,9,457,2574
4,8,9,9,457,2574
3,5,9,9,457,2574
3,9,9,9,457,2574
7,7,9,9,457,2574
6,6,9,9,457,2574
6,8,9,9,457,2574
5,5,9,9,457,2574
5,9,9,9,457,2574
4,4,9,9,457,2574
4,9,9,9,457,2574
9,7,9,9,457,2574
8,6,9,9,457,2574
8,8,9,9,457,2574
7,5,9,9,457,2574
7,9,9,9,457,2574
6,4,9,9,457,2574
6,9,9,9,457,2574
5,3,9,9,457,2574
5,8,9,9,457,2574
8,7,9,9,457,2574
9,6,9,9,457,2574
9,8,9,9,457,2574
9,5,9,9,457,2574
9,9,9,9,457,2574
8,4,9,9,457,2574
8,9,9,9,457,2574
7,3,9,9,457,2574
7,8,9,9,457,2574
6,2,9,9,457,2574
6,7,9,9,457,2574
0,9,6,8,458,2576
1,9,6,8,458,2576
0,8,6,8,458,2576
3,9,6,8,458,2576
2,8,6,8,458,2576
2,9,6,8,458,2576
1,7,6,8,458,2576
1,8,6,8,458,2576
5,9,6,8,458,2576
4,8,6,8,458,2576
4,9,6,8,458,2576
3,7,6,8,458,2576
3,8,6,8,458,2576
2,6,6,8,458,2576
2,7,6,8,458,2576
7,9,6,8,458,2576
6,8,6,8,458,2576
6,9,6,8,458,2576
5,7,6,8,458,2576
5,8,6,8,458,2576
4,6,6,8,458,2576
4,7,6,8,458,2576
3,5,6,8,458,2576
3,6,6,8,458,2576
9,9,6,8,458,2576
8,8,6,8,458,2576
8,9,6,8,458,2576
7,7,6,8,458,2576
7,8,6,8,458,2576
6,6,6,8,458,2576
6,7,6,8,458,2576
5,5,6,8,458,2576
5,6,6,8,458,2576
4,4,6,8,458,2576
4,5,6,8,458,2576
5,5,9,9,412,2122
7,5,9,9,412,2122
6,4,9,9,412,2122
6,6,9,9,412,2122
9,5,9,9,412,2122
8,4,9,9,412,2122
8,6,9,9,412,2122
7,3,9,9,412,2122
7,7,9,9,412,2122
8,5,9,9,412,2122
9,4,9,9,412,2122
9,6,9,9,412,2122
9,3,9,9,412,2122
9,7,9,9,412,2122
8,2,9,9,412,2122
8,8,9,9,412,2122
6,5,9,9,412,2122
7,4,9,9,412,2122
7,6,9,9,412,2122
8,3,9,9,412,2122
8,7,9,9,412,2122
9,2,9,9,412,2122
9,8,9,9,412,2122
9,1,9,9,412,2122
9,9,9,9,412,2122
4,6,7,9,459,2127
6,6,7,9,459,2127
5,5,7,9,459,2127
5,7,7,9,459,2127
8,6,7,9,459,2127
7,5,7,9,459,2127
7,7,7,9,459,2127
6,4,7,9,459,2127
6,8,7,9,459,2127
9,6,7,9,459,2127
9,5,7,9,459,2127
9,7,7,9,459,2127
8,4,7,9,459,2127
8,8,7,9,459,2127
7,3,7,9,459,2127
7,9,7,9,459,2127
7,6,7,9,459,2127
8,5,7,9,459,2127
8,7,7,9,459,2127
9,4,7,9,459,2127
9,8,7,9,459,2127
9,3,7,9,459,2127
9,9,7,9,459,2127
8,2,7,9,459,2127
8,9,7,9,459,2127
3,7,9,9,460,2128
5,7,9,9,460,2128
4,6,9,9,460,2128
4,8,9,9,460,2128
7,7,9,9,460,2128
6,6,9,9,460,2128
6,8,9,9,460,2128
5,5,9,9,460,2128
5,9,9,9,460,2128
9,7,9,9,460,2128
8,6,9,9,460,2128
8,8,9,9,460,2128
7,5,9,9,460,2128
7,9,9,9,460,2128
6,4,9,9,460,2128
6,9,9,9,460,2128
8,7,9,9,460,2128
9,6,9,9,460,2128
9,8,9,9,460,2128
9,5,9,9,460,2128
9,9,9,9,460,2128
8,4,9,9,460,2128
8,9,9,9,460,2128
7,3,9,9,460,2128
7,8,9,9,460,2128
2,8,9,9,461,2127
4,8,9,9,461,2127
3,7,9,9,461,2127
3,9,9,9,461,2127
6,8,9,9,461,2127
5,7,9,9,461,2127
5,9,9,9,461,2127
4,6,9,9,461,2127
4,9,9,9,461,2127
8,8,9,9,461,2127
7,7,9,9,461,2127
7,9,9,9,461,2127
6,6,9,9,461,2127
6,9,9,9,461,2127
5,5,9,9,461,2127
5,8,9,9,461,2127
9,8,9,9,461,2127
9,7,9,9,461,2127
9,9,9,9,461,2127
8,6,9,9,461,2127
8,9,9,9,461,2127
7,5,9,9,461,2127
7,8,9,9,461,2127
6,4,9,9,461,2127
6,7,9,9,461,2127
6,6,9,9,321,1646
8,6,9,9,321,1646
7,5,9,9,321,1646
7,7,9,9,321,1646
9,6,9,9,321,1646
9,5,9,9,321,1646
9,7,9,9,321,1646
8,4,9,9,321,1646
8,8,9,9,321,1646
7,6,9,9,321,1646
8,5,9,9,321,1646
8,7,9,9,321,1646
9,4,9,9,321,1646
9,8,9,9,321,1646
9,3,9,9,321,1646
9,9,9,9,321,1646
4,8,9,9,462,1650
6,8,9,9,462,1650
5,7,9,9,462,1650
5,9,9,9,462,1650
8,8,9,9,462,1650
7,7,9,9,462,1650
7,9,9,9,462,1650
6,6,9,9,462,1650
6,9,9,9,462,1650
9,8,9,9,462,1650
9,7,9,9,462,1650
9,9,9,9,462,1650
8,6,9,9,462,1650
8,9,9,9,462,1650
7,5,9,9,462,1650
7,8,9,9,462,1650
3,9,9,9,463,1646
5,9,9,9,463,1646
4,8,9,9,463,1646
4,9,9,9,463,1646
7,9,9,9,463,1646
6,8,9,9,463,1646
6,9,9,9,463,1646
5,7,9,9,463,1646
5,8,9,9,463,1646
9,9,9,9,463,1646
8,8,9,9,463,1646
8,9,9,9,463,1646
7,7,9,9,463,1646
7,8,9,9,463,1646
6,6,9,9,463,1646
6,7,9,9,463,1646
7,7,9,9,277,1136
9,7,9,9,277,1136
8,6,9,9,277,1136
8,8,9,9,277,1136
8,7,9,9,277,1136
9,6,9,9,277,1136
9,8,9,9,277,1136
9,5,9,9,277,1136
9,9,9,9,277,1136
6,8,9,9,464,1138
8,8,9,9,464,1138
7,7,9,9,464,1138
7,9,9,9,464,1138
9,8,9,9,464,1138
9,7,9,9,464,1138
9,9,9,9,464,1138
8,6,9,9,464,1138
8,9,9,9,464,1138
5,9,9,9,419,1136
7,9,9,9,419,1136
6,8,9,9,419,1136
6,9,9,9,419,1136
9,9,9,9,419,1136
8,8,9,9,419,1136
8,9,9,9,419,1136
7,7,9,9,419,1136
7,8,9,9,419,1136
8,8,9,9,237,588
9,8,9,9,237,588
9,7,9,9,237,588
9,9,9,9,237,588
9,9,9,9,0,0
7,9,9,9,374,588
9,9,9,9,374,588
8,8,9,9,374,588
8,9,9,9,374,588
0,0,9,8,465,4169
1,0,9,8,465,4169
0,1,9,8,465,4169
3,0,9,8,465,4169
2,0,9,8,465,4169
2,1,9,8,465,4169
1,1,9,8,465,4169
1,2,9,8,465,4169
5,0,9,8,465,4169
4,0,9,8,465,4169
4,1,9,8,465,4169
3,1,9,8,465,4169
3,2,9,8,465,4169
2,2,9,8,465,4169
2,3,9,8,465,4169
7,0,9,8,465,4169
6,0,9,8,465,4169
6,1,9,8,465,4169
5,1,9,8,465,4169
5,2,9,8,465,4169
4,2,9,8,465,4169
4,3,9,8,465,4169
3,3,9,8,465,4169
3,4,9,8,465,4169
9,0,9,8,465,4169
8,0,9,8,465,4169
8,1,9,8,465,4169
7,1,9,8,465,4169
7,2,9,8,465,4169
6,2,9,8,465,4169
6,3,9,8,465,4169
5,3,9,8,465,4169
5,4,9,8,465,4169
4,4,9,8,465,4169
4,5,9,8,465,4169
9,1,9,8,465,4169
9,2,9,8,465,4169
8,2,9,8,465,4169
8,3,9,8,465,4169
7,3,9,8,465,4169
7,4,9,8,465,4169
6,4,9,8,465,4169
6,5,9,8,465,4169
5,5,9,8,465,4169
5,6,9,8,465,4169
9,3,9,8,465,4169
9,4,9,8,465,4169
8,4,9,8,465,4169
8,5,9,8,465,4169
7,5,9,8,465,4169
7,6,9,8,465,4169
6,6,9,8,465,4169
6,7,9,8,465,4169
9,5,9,8,465,4169
9,6,9,8,465,4169
8,6,9,8,465,4169
8,7,9,8,465,4169
7,7,9,8,465,4169
7,8,9,8,465,4169
9,7,9,8,465,4169
9,8,9,8,465,4169
8,8,9,8,465,4169
8,9,9,8,465,4169
9,9,9,8,465,4169
0,1,9,8,466,3953
2,1,9,8,466,3953
1,0,9,8,466,3953
1,2,9,8,466,3953
4,1,9,8,466,3953
3,0,9,8,466,3953
3,2,9,8,466,3953
2,0,9,8,466,3953
2,3,9,8,466,3953
6,1,9,8,466,3953
5,0,9,8,466,3953
5,2,9,8,466,3953
4,0,9,8,466,3953
4,3,9,8,466,3953
3,1,9,8,466,3953
3,4,9,8,466,3953
8,1,9,8,466,3953
7,0,9,8,466,3953
7,2,9,8,466,3953
6,0,9,8,466,3953
6,3,9,8,466,3953
5,1,9,8,466,3953
5,4,9,8,466,3953
4,2,9,8,466,3953
4,5,9,8,466,3953
9,1,9,8,466,3953
9,0,9,8,466,3953
9,2,9,8,466,3953
8,0,9,8,466,3953
8,3,9,8,466,3953
7,1,9,8,466,3953
7,4,9,8,466,3953
6,2,9,8,466,3953
6,5,9,8,466,3953
5,3,9,8,466,3953
5,6,9,8,466,3953
8,2,9,8,466,3953
9,3,9,8,466,3953
9,4,9,8,466,3953
8,5,9,8,466,3953
7,3,9,8,466,3953
7,6,9,8,466,3953
6,4,9,8,466,3953
6,7,9,8,466,3953
8,4,9,8,466,3953
9,5,9,8,466,3953
9,6,9,8,466,3953
8,7,9,8,466,3953
7,5,9,8,466,3953
7,8,9,8,466,3953
8,6,9,8,466,3953
9,7,9,8,466,3953
9,8,9,8,466,3953
8,9,9,8,466,3953
1,1,9,8,466,3953
2,2,9,8,466,3953
3,3,9,8,466,3953
4,4,9,8,466,3953
5,5,9,8,466,3953
6,6,9,8,466,3953
7,7,9,8,466,3953
8,8,9,8,466,3953
9,9,9,8,466,3953
0,4,9,8,467,4079
1,4,9,8,467,4079
0,3,9,8,467,4079
0,5,9,8,467,4079
2,4,9,8,467,4079
1,3,9,8,467,4079
1,5,9,8,467,4079
0,2,9,8,467,4079
0,6,9,8,467,4079
3,4,9,8,467,4079
2,3,9,8,467,4079
2,5,9,8,467,4079
1,2,9,8,467,4079
1,6,9,8,467,4079
0,1,9,8,467,4079
0,7,9,8,467,4079
5,4,9,8,467,4079
4,3,9,8,467,4079
4,5,9,8,467,4079
3,2,9,8,467,4079
3,6,9,8,467,4079
2,1,9,8,467,4079
2,7,9,8,467,4079
1,0,9,8,467,4079
1,8,9,8,467,4079
7,4,9,8,467,4079
6,3,9,8,467,4079
6,5,9,8,467,4079
5,2,9,8,467,4079
5,6,9,8,467,4079
4,1,9,8,467,4079
4,7,9,8,467,4079
3,0,9,8,467,4079
3,8,9,8,467,4079
2,0,9,8,467,4079
2,9,9,8,467,4079
9,4,9,8,467,4079
8,3,9,8,467,4079
8,5,9,8,467,4079
7,2,9,8,467,4079
7,6,9,8,467,4079
6,1,9,8,467,4079
6,7,9,8,467,4079
5,0,9,8,467,4079
5,8,9,8,467,4079
4,0,9,8,467,4079
4,9,9,8,467,4079
3,1,9,8,467,4079
3,9,9,8,467,4079
8,4,9,8,467,4079
9,3,9,8,467,4079
9,5,9,8,467,4079
9,2,9,8,467,4079
9,6,9,8,467,4079
8,1,9,8,467,4079
8,7,9,8,467,4079
7,0,9,8,467,4079
7,8,9,8,467,4079
6,0,9,8,467,4079
6,9,9,8,467,4079
5,1,9,8,467,4079
5,9,9,8,467,4079
4,2,9,8,467,4079
4,8,9,8,467,4079
6,4,9,8,467,4079
7,3,9,8,467,4079
7,5,9,8,467,4079
8,2,9,8,467,4079
8,6,9,8,467,4079
9,1,9,8,467,4079
9,7,9,8,467,4079
9,0,9,8,467,4079
9,8,9,8,467,4079
8,0,9,8,467,4079
8,9,9,8,467,4079
7,1,9,8,467,4079
7,9,9,8,467,4079
6,2,9,8,467,4079
6,8,9,8,467,4079
5,3,9,8,467,4079
5,7,9,8,467,4079
4,4,9,8,467,4079
5,5,9,8,467,4079
6,6,9,8,467,4079
7,7,9,8,467,4079
8,8,9,8,467,4079
9,9,9,8,467,4079
0,4,9,8,468,4400
1,4,9,8,468,4400
0,3,9,8,468,4400
0,5,9,8,468,4400
2,4,9,8,468,4400
1,3,9,8,468,4400
1,5,9,8,468,4400
0,2,9,8,468,4400
0,6,9,8,468,4400
3,4,9,8,468,4400
2,3,9,8,468,4400
2,5,9,8,468,4400
1,2,9,8,468,4400
1,6,9,8,468,4400
0,1,9,8,468,4400
0,7,9,8,468,4400
4,4,9,8,468,4400
3,3,9,8,468,4400
3,5,9,8,468,4400
2,2,9,8,468,4400
2,6,9,8,468,4400
1,1,9,8,468,4400
1,7,9,8,468,4400
0,0,9,8,468,4400
0,8,9,8,468,4400
5,4,9,8,468,4400
4,3,9,8,468,4400
4,5,9,8,468,4400
3,2,9,8,468,4400
3,6,9,8,468,4400
2,1,9,8,468,4400
2,7,9,8,468,4400
1,0,9,8,468,4400
1,8,9,8,468,4400
0,9,9,8,468,4400
7,4,9,8,468,4400
6,3,9,8,468,4400
6,5,9,8,468,4400
5,2,9,8,468,4400
5,6,9,8,468,4400
4,1,9,8,468,4400
4,7,9,8,468,4400
3,0,9,8,468,4400
3,8,9,8,468,4400
2,0,9,8,468,4400
2,9,9,8,468,4400
1,9,9,8,468,4400
9,4,9,8,468,4400
8,3,9,8,468,4400
8,5,9,8,468,4400
7,2,9,8,468,4400
7,6,9,8,468,4400
6,1,9,8,468,4400
6,7,9,8,468,4400
5,0,9,8,468,4400
5,8,9,8,468,4400
4,0,9,8,468,4400
4,9,9,8,468,4400
3,1,9,8,468,4400
3,9,9,8,468,4400
2,8,9,8,468,4400
8,4,9,8,468,4400
9,3,9,8,468,4400
9,5,9,8,468,4400
9,2,9,8,468,4400
9,6,9,8,468,4400
8,1,9,8,468,4400
8,7,9,8,468,4400
7,0,9,8,468,4400
7,8,9,8,468,4400
6,0,9,8,468,4400
6,9,9,8,468,4400
5,1,9,8,468,4400
5,9,9,8,468,4400
4,2,9,8,468,4400
4,8,9,8,468,4400
3,7,9,8,468,4400
6,4,9,8,468,4400
7,3,9,8,468,4400
7,5,9,8,468,4400
8,2,9,8,468,4400
8,6,9,8,468,4400
9,1,9,8,468,4400
9,7,9,8,468,4400
9,0,9,8,468,4400
9,8,9,8,468,4400
8,0,9,8,468,4400
8,9,9,8,468,4400
7,1,9,8,468,4400
7,9,9,8,468,4400
6,2,9,8,468,4400
6,8,9,8,468,4400
5,3,9,8,468,4400
5,7,9,8,468,4400
4,6,9,8,468,4400
5,5,9,8,468,4400
6,6,9,8,468,4400
7,7,9,8,468,4400
8,8,9,8,468,4400
9,9,9,8,468,4400
0,5,9,6,469,4081
1,5,9,6,469,4081
0,4,9,6,469,4081
0,6,9,6,469,4081
2,5,9,6,469,4081
1,4,9,6,469,4081
1,6,9,6,469,4081
0,3,9,6,469,4081
0,7,9,6,469,4081
3,5,9,6,469,4081
2,4,9,6,469,4081
2,6,9,6,469,4081
1,3,9,6,469,4081
1,7,9,6,469,4081
0,2,9,6,469,4081
0,8,9,6,469,4081
4,5,9,6,469,4081
3,4,9,6,469,4081
3,6,9,6,469,4081
2,3,9,6,469,4081
2,7,9,6,469,4081
1,2,9,6,469,4081
1,8,9,6,469,4081
0,1,9,6,469,4081
0,9,9,6,469,4081
6,5,9,6,469,4081
5,4,9,6,469,4081
5,6,9,6,469,4081
4,3,9,6,469,4081
4,7,9,6,469,4081
3,2,9,6,469,4081
3,8,9,6,469,4081
2,1,9,6,469,4081
2,9,9,6,469,4081
1,0,9,6,469,4081
1,9,9,6,469,4081
8,5,9,6,469,4081
7,4,9,6,469,4081
7,6,9,6,469,4081
6,3,9,6,469,4081
6,7,9,6,469,4081
5,2,9,6,469,4081
5,8,9,6,469,4081
4,1,9,6,469,4081
4,9,9,6,469,4081
3,0,9,6,469,4081
3,9,9,6,469,4081
2,0,9,6,469,4081
2,8,9,6,469,4081
9,5,9,6,469,4081
9,4,9,6,469,4081
9,6,9,6,469,4081
8,3,9,6,469,4081
8,7,9,6,469,4081
7,2,9,6,469,4081
7,8,9,6,469,4081
6,1,9,6,469,4081
6,9,9,6,469,4081
5,0,9,6,469,4081
5,9,9,6,469,4081
4,0,9,6,469,4081
4,8,9,6,469,4081
3,1,9,6,469,4081
3,7,9,6,469,4081
7,5,9,6,469,4081
8,4,9,6,469,4081
8,6,9,6,469,4081
9,3,9,6,469,4081
9,7,9,6,469,4081
9,2,9,6,469,4081
9,8,9,6,469,4081
8,1,9,6,469,4081
8,9,9,6,469,4081
7,0,9,6,469,4081
7,9,9,6,469,4081
6,0,9,6,469,4081
6,8,9,6,469,4081
5,1,9,6,469,4081
5,7,9,6,469,4081
4,2,9,6,469,4081
4,6,9,6,469,4081
5,5,9,6,469,4081
6,4,9,6,469,4081
6,6,9,6,469,4081
7,3,9,6,469,4081
7,7,9,6,469,4081
8,2,9,6,469,4081
8,8,9,6,469,4081
9,1,9,6,469,4081
9,9,9,6,469,4081
9,0,9,6,469,4081
8,0,9,6,469,4081
7,1,9,6,469,4081
6,2,9,6,469,4081
5,3,9,6,469,4081
0,4,9,8,470,4698
1,4,9,8,470,4698
0,3,9,8,470,4698
0,5,9,8,470,4698
2,4,9,8,470,4698
1,3,9,8,470,4698
1,5,9,8,470,4698
0,2,9,8,470,4698
0,6,9,8,470,4698
3,4,9,8,470,4698
2,3,9,8,470,4698
2,5,9,8,470,4698
1,2,9,8,470,4698
1,6,9,8,470,4698
0,1,9,8,470,4698
0,7,9,8,470,4698
4,4,9,8,470,4698
3,3,9,8,470,4698
3,5,9,8,470,4698
2,2,9,8,470,4698
2,6,9,8,470,4698
1,1,9,8,470,4698
1,7,9,8,470,4698
0,0,9,8,470,4698
0,8,9,8,470,4698
5,4,9,8,470,4698
4,3,9,8,470,4698
4,5,9,8,470,4698
3,2,9,8,470,4698
3,6,9,8,470,4698
2,1,9,8,470,4698
2,7,9,8,470,4698
1,0,9,8,470,4698
1,8,9,8,470,4698
0,9,9,8,470,4698
6,4,9,8,470,4698
5,3,9,8,470,4698
5,5,9,8,470,4698
4,2,9,8,470,4698
4,6,9,8,470,4698
3,1,9,8,470,4698
3,7,9,8,470,4698
2,0,9,8,470,4698
2,8,9,8,470,4698
1,9,9,8,470,4698
7,4,9,8,470,4698
6,3,9,8,470,4698
6,5,9,8,470,4698
5,2,9,8,470,4698
5,6,9,8,470,4698
4,1,9,8,470,4698
4,7,9,8,470,4698
3,0,9,8,470,4698
3,8,9,8,470,4698
2,9,9,8,470,4698
9,4,9,8,470,4698
8,3,9,8,470,4698
8,5,9,8,470,4698
7,2,9,8,470,4698
7,6,9,8,470,4698
6,1,9,8,470,4698
6,7,9,8,470,4698
5,0,9,8,470,4698
5,8,9,8,470,4698
4,0,9,8,470,4698
4,9,9,8,470,4698
3,9,9,8,470,4698
8,4,9,8,470,4698
9,3,9,8,470,4698
9,5,9,8,470,4698
9,2,9,8,470,4698
9,6,9,8,470,4698
8,1,9,8,470,4698
8,7,9,8,470,4698
7,0,9,8,470,4698
7,8,9,8,470,4698
6,0,9,8,470,4698
6,9,9,8,470,4698
5,1,9,8,470,4698
5,9,9,8,470,4698
4,8,9,8,470,4698
7,3,9,8,470,4698
7,5,9,8,470,4698
8,2,9,8,470,4698
8,6,9,8,470,4698
9,1,9,8,470,4698
9,7,9,8,470,4698
9,0,9,8,470,4698
9,8,9,8,470,4698
8,0,9,8,470,4698
8,9,9,8,470,4698
7,1,9,8,470,4698
7,9,9,8,470,4698
6,2,9,8,470,4698
6,8,9,8,470,4698
5,7,9,8,470,4698
6,6,9,8,470,4698
7,7,9,8,470,4698
8,8,9,8,470,4698
9,9,9,8,470,4698
0,5,9,6,471,4400
1,5,9,6,471,4400
0,4,9,6,471,4400
0,6,9,6,471,4400
2,5,9,6,471,4400
1,4,9,6,471,4400
1,6,9,6,471,4400
0,3,9,6,471,4400
0,7,9,6,471,4400
3,5,9,6,471,4400
2,4,9,6,471,4400
2,6,9,6,471,4400
1,3,9,6,471,4400
1,7,9,6,471,4400
0,2,9,6,471,4400
0,8,9,6,471,4400
4,5,9,6,471,4400
3,4,9,6,471,4400
3,6,9,6,471,4400
2,3,9,6,471,4400
2,7,9,6,471,4400
1,2,9,6,471,4400
1,8,9,6,471,4400
0,1,9,6,471,4400
0,9,9,6,471,4400
5,5,9,6,471,4400
4,4,9,6,471,4400
4,6,9,6,471,4400
3,3,9,6,471,4400
3,7,9,6,471,4400
2,2,9,6,471,4400
2,8,9,6,471,4400
1,1,9,6,471,4400
1,9,9,6,471,4400
0,0,9,6,471,4400
6,5,9,6,471,4400
5,4,9,6,471,4400
5,6,9,6,471,4400
4,3,9,6,471,4400
4,7,9,6,471,4400
3,2,9,6,471,4400
3,8,9,6,471,4400
2,1,9,6,471,4400
2,9,9,6,471,4400
1,0,9,6,471,4400
8,5,9,6,471,4400
7,4,9,6,471,4400
7,6,9,6,471,4400
6,3,9,6,471,4400
6,7,9,6,471,4400
5,2,9,6,471,4400
5,8,9,6,471,4400
4,1,9,6,471,4400
4,9,9,6,471,4400
3,0,9,6,471,4400
3,9,9,6,471,4400
2,0,9,6,471,4400
9,5,9,6,471,4400
9,4,9,6,471,4400
9,6,9,6,471,4400
8,3,9,6,471,4400
8,7,9,6,471,4400
7,2,9,6,471,4400
7,8,9,6,471,4400
6,1,9,6,471,4400
6,9,9,6,471,4400
5,0,9,6,471,4400
5,9,9,6,471,4400
4,0,9,6,471,4400
4,8,9,6,471,4400
3,1,9,6,471,4400
7,5,9,6,471,4400
8,4,9,6,471,4400
8,6,9,6,471,4400
9,3,9,6,471,4400
9,7,9,6,471,4400
9,2,9,6,471,4400
9,8,9,6,471,4400
8,1,9,6,471,4400
8,9,9,6,471,4400
7,0,9,6,471,4400
7,9,9,6,471,4400
6,0,9,6,471,4400
6,8,9,6,471,4400
5,1,9,6,471,4400
5,7,9,6,471,4400
4,2,9,6,471,4400
6,4,9,6,471,4400
6,6,9,6,471,4400
7,3,9,6,471,4400
7,7,9,6,471,4400
8,2,9,6,471,4400
8,8,9,6,471,4400
9,1,9,6,471,4400
9,9,9,6,471,4400
9,0,9,6,471,4400
8,0,9,6,471,4400
7,1,9,6,471,4400
6,2,9,6,471,4400
5,3,9,6,471,4400
0,8,1,0,472,4415
1,8,1,0,472,4415
0,7,1,0,472,4415
0,9,1,0,472,4415
2,8,1,0,472,4415
1,7,1,0,472,4415
1,9,1,0,472,4415
0,6,1,0,472,4415
3,8,1,0,472,4415
2,7,1,0,472,4415
2,9,1,0,472,4415
1,6,1,0,472,4415
0,5,1,0,472,4415
4,8,1,0,472,4415
3,7,1,0,472,4415
3,9,1,0,472,4415
2,6,1,0,472,4415
1,5,1,0,472,4415
0,4,1,0,472,4415
5,8,1,0,472,4415
4,7,1,0,472,4415
4,9,1,0,472,4415
3,6,1,0,472,4415
2,5,1,0,472,4415
1,4,1,0,472,4415
0,3,1,0,472,4415
6,8,1,0,472,4415
5,7,1,0,472,4415
5,9,1,0,472,4415
4,6,1,0,472,4415
3,5,1,0,472,4415
2,4,1,0,472,4415
1,3,1,0,472,4415
0,2,1,0,472,4415
7,8,1,0,472,4415
6,7,1,0,472,4415
6,9,1,0,472,4415
5,6,1,0,472,4415
4,5,1,0,472,4415
3,4,1,0,472,4415
2,3,1,0,472,4415
1,2,1,0,472,4415
0,1,1,0,472,4415
8,8,1,0,472,4415
7,7,1,0,472,4415
7,9,1,0,472,4415
6,6,1,0,472,4415
5,5,1,0,472,4415
4,4,1,0,472,4415
3,3,1,0,472,4415
2,2,1,0,472,4415
1,1,1,0,472,4415
0,0,1,0,472,4415
9,8,1,0,472,4415
8,7,1,0,472,4415
8,9,1,0,472,4415
7,6,1,0,472,4415
6,5,1,0,472,4415
5,4,1,0,472,4415
4,3,1,0,472,4415
3,2,1,0,472,4415
2,1,1,0,472,4415
1,0,1,0,472,4415
9,7,1,0,472,4415
9,9,1,0,472,4415
9,6,1,0,472,4415
8,5,1,0,472,4415
7,4,1,0,472,4415
6,3,1,0,472,4415
5,2,1,0,472,4415
4,1,1,0,472,4415
3,0,1,0,472,4415
2,0,1,0,472,4415
0,9,0,3,473,3967
1,9,0,3,473,3967
0,8,0,3,473,3967
2,9,0,3,473,3967
1,8,0,3,473,3967
0,7,0,3,473,3967
3,9,0,3,473,3967
2,8,0,3,473,3967
1,7,0,3,473,3967
0,6,0,3,473,3967
4,9,0,3,473,3967
3,8,0,3,473,3967
2,7,0,3,473,3967
1,6,0,3,473,3967
0,5,0,3,473,3967
5,9,0,3,473,3967
4,8,0,3,473,3967
3,7,0,3,473,3967
2,6,0,3,473,3967
1,5,0,3,473,3967
0,4,0,3,473,3967
6,9,0,3,473,3967
5,8,0,3,473,3967
4,7,0,3,473,3967
3,6,0,3,473,3967
2,5,0,3,473,3967
1,4,0,3,473,3967
0,3,0,3,473,3967
7,9,0,3,473,3967
6,8,0,3,473,3967
5,7,0,3,473,3967
4,6,0,3,473,3967
3,5,0,3,473,3967
2,4,0,3,473,3967
1,3,0,3,473,3967
0,2,0,3,473,3967
8,9,0,3,473,3967
7,8,0,3,473,3967
6,7,0,3,473,3967
5,6,0,3,473,3967
4,5,0,3,473,3967
3,4,0,3,473,3967
2,3,0,3,473,3967
1,2,0,3,473,3967
0,1,0,3,473,3967
9,9,0,3,473,3967
9,8,0,3,473,3967
8,7,0,3,473,3967
8,8,0,3,473,3967
7,6,0,3,473,3967
7,7,0,3,473,3967
6,5,0,3,473,3967
6,6,0,3,473,3967
5,4,0,3,473,3967
5,5,0,3,473,3967
4,3,0,3,473,3967
4,4,0,3,473,3967
3,2,0,3,473,3967
3,3,0,3,473,3967
2,1,0,3,473,3967
2,2,0,3,473,3967
1,0,0,3,473,3967
1,1,0,3,473,3967
0,8,1,0,474,4506
1,8,1,0,474,4506
0,7,1,0,474,4506
0,9,1,0,474,4506
2,8,1,0,474,4506
1,7,1,0,474,4506
1,9,1,0,474,4506
0,6,1,0,474,4506
3,8,1,0,474,4506
2,7,1,0,474,4506
2,9,1,0,474,4506
1,6,1,0,474,4506
0,5,1,0,474,4506
4,8,1,0,474,4506
3,7,1,0,474,4506
3,9,1,0,474,4506
2,6,1,0,474,4506
1,5,1,0,474,4506
0,4,1,0,474,4506
5,8,1,0,474,4506
4,7,1,0,474,4506
4,9,1,0,474,4506
3,6,1,0,474,4506
2,5,1,0,474,4506
1,4,1,0,474,4506
0,3,1,0,474,4506
6,8,1,0,474,4506
5,7,1,0,474,4506
5,9,1,0,474,4506
4,6,1,0,474,4506
3,5,1,0,474,4506
2,4,1,0,474,4506
1,3,1,0,474,4506
0,2,1,0,474,4506
7,8,1,0,474,4506
6,7,1,0,474,4506
6,9,1,0,474,4506
5,6,1,0,474,4506
4,5,1,0,474,4506
3,4,1,0,474,4506
2,3,1,0,474,4506
1,2,1,0,474,4506
0,1,1,0,474,4506
8,8,1,0,474,4506
7,7,1,0,474,4506
7,9,1,0,474,4506
6,6,1,0,474,4506
5,5,1,0,474,4506
4,4,1,0,474,4506
3,3,1,0,474,4506
2,2,1,0,474,4506
1,1,1,0,474,4506
0,0,1,0,474,4506
9,8,1,0,474,4506
8,7,1,0,474,4506
8,9,1,0,474,4506
7,6,1,0,474,4506
6,5,1,0,474,4506
5,4,1,0,474,4506
4,3,1,0,474,4506
3,2,1,0,474,4506
2,1,1,0,474,4506
1,0,1,0,474,4506
9,7,1,0,474,4506
9,9,1,0,474,4506
8,6,1,0,474,4506
7,5,1,0,474,4506
6,4,1,0,474,4506
5,3,1,0,474,4506
4,2,1,0,474,4506
3,1,1,0,474,4506
2,0,1,0,474,4506
9,6,1,0,474,4506
8,5,1,0,474,4506
7,4,1,0,474,4506
6,3,1,0,474,4506
5,2,1,0,474,4506
4,1,1,0,474,4506
3,0,1,0,474,4506
0,9,1,2,475,4295
1,9,1,2,475,4295
0,8,1,2,475,4295
2,9,1,2,475,4295
1,8,1,2,475,4295
0,7,1,2,475,4295
3,9,1,2,475,4295
2,8,1,2,475,4295
1,7,1,2,475,4295
0,6,1,2,475,4295
4,9,1,2,475,4295
3,8,1,2,475,4295
2,7,1,2,475,4295
1,6,1,2,475,4295
0,5,1,2,475,4295
5,9,1,2,475,4295
4,8,1,2,475,4295
3,7,1,2,475,4295
2,6,1,2,475,4295
1,5,1,2,475,4295
0,4,1,2,475,4295
6,9,1,2,475,4295
5,8,1,2,475,4295
4,7,1,2,475,4295
3,6,1,2,475,4295
2,5,1,2,475,4295
1,4,1,2,475,4295
0,3,1,2,475,4295
7,9,1,2,475,4295
6,8,1,2,475,4295
5,7,1,2,475,4295
4,6,1,2,475,4295
3,5,1,2,475,4295
2,4,1,2,475,4295
1,3,1,2,475,4295
0,2,1,2,475,4295
8,9,1,2,475,4295
7,8,1,2,475,4295
6,7,1,2,475,4295
5,6,1,2,475,4295
4,5,1,2,475,4295
3,4,1,2,475,4295
2,3,1,2,475,4295
1,2,1,2,475,4295
0,1,1,2,475,4295
9,9,1,2,475,4295
8,8,1,2,475,4295
7,7,1,2,475,4295
6,6,1,2,475,4295
5,5,1,2,475,4295
4,4,1,2,475,4295
3,3,1,2,475,4295
2,2,1,2,475,4295
1,1,1,2,475,4295
0,0,1,2,475,4295
9,8,1,2,475,4295
8,7,1,2,475,4295
7,6,1,2,475,4295
6,5,1,2,475,4295
5,4,1,2,475,4295
4,3,1,2,475,4295
3,2,1,2,475,4295
2,1,1,2,475,4295
1,0,1,2,475,4295
0,8,8,9,476,3243
1,8,8,9,476,3243
0,7,8,9,476,3243
0,9,8,9,476,3243
2,8,8,9,476,3243
1,7,8,9,476,3243
1,9,8,9,476,3243
0,6,8,9,476,3243
3,8,8,9,476,3243
2,7,8,9,476,3243
2,9,8,9,476,3243
1,6,8,9,476,3243
0,5,8,9,476,3243
5,8,8,9,476,3243
4,7,8,9,476,3243
4,9,8,9,476,3243
3,6,8,9,476,3243
3,9,8,9,476,3243
2,5,8,9,476,3243
1,4,8,9,476,3243
7,8,8,9,476,3243
6,7,8,9,476,3243
6,9,8,9,476,3243
5,6,8,9,476,3243
5,9,8,9,476,3243
4,5,8,9,476,3243
4,8,8,9,476,3243
3,4,8,9,476,3243
3,7,8,9,476,3243
2,3,8,9,476,3243
2,6,8,9,476,3243
9,8,8,9,476,3243
8,7,8,9,476,3243
8,9,8,9,476,3243
7,6,8,9,476,3243
7,9,8,9,476,3243
6,5,8,9,476,3243
6,8,8,9,476,3243
5,4,8,9,476,3243
5,7,8,9,476,3243
4,3,8,9,476,3243
4,6,8,9,476,3243
3,2,8,9,476,3243
3,5,8,9,476,3243
8,8,8,9,476,3243
9,7,8,9,476,3243
9,9,8,9,476,3243
9,6,8,9,476,3243
8,5,8,9,476,3243
7,4,8,9,476,3243
7,7,8,9,476,3243
6,3,8,9,476,3243
6,6,8,9,476,3243
5,2,8,9,476,3243
5,5,8,9,476,3243
4,1,8,9,476,3243
4,4,8,9,476,3243
0,8,8,9,477,3612
1,8,8,9,477,3612
0,7,8,9,477,3612
0,9,8,9,477,3612
2,8,8,9,477,3612
1,7,8,9,477,3612
1,9,8,9,477,3612
0,6,8,9,477,3612
3,8,8,9,477,3612
2,7,8,9,477,3612
2,9,8,9,477,3612
1,6,8,9,477,3612
0,5,8,9,477,3612
4,8,8,9,477,3612
3,7,8,9,477,3612
3,9,8,9,477,3612
2,6,8,9,477,3612
1,5,8,9,477,3612
0,4,8,9,477,3612
5,8,8,9,477,3612
4,7,8,9,477,3612
4,9,8,9,477,3612
3,6,8,9,477,3612
2,5,8,9,477,3612
1,4,8,9,477,3612
0,3,8,9,477,3612
7,8,8,9,477,3612
6,7,8,9,477,3612
6,9,8,9,477,3612
5,6,8,9,477,3612
5,9,8,9,477,3612
4,5,8,9,477,3612
3,4,8,9,477,3612
2,3,8,9,477,3612
1,2,8,9,477,3612
9,8,8,9,477,3612
8,7,8,9,477,3612
8,9,8,9,477,3612
7,6,8,9,477,3612
7,9,8,9,477,3612
6,5,8,9,477,3612
6,8,8,9,477,3612
5,4,8,9,477,3612
5,7,8,9,477,3612
4,3,8,9,477,3612
4,6,8,9,477,3612
3,2,8,9,477,3612
3,5,8,9,477,3612
2,1,8,9,477,3612
2,4,8,9,477,3612
8,8,8,9,477,3612
9,7,8,9,477,3612
9,9,8,9,477,3612
9,6,8,9,477,3612
8,5,8,9,477,3612
7,4,8,9,477,3612
7,7,8,9,477,3612
6,3,8,9,477,3612
6,6,8,9,477,3612
5,2,8,9,477,3612
5,5,8,9,477,3612
4,1,8,9,477,3612
4,4,8,9,477,3612
3,0,8,9,477,3612
3,3,8,9,477,3612
0,9,0,5,478,3626
1,9,0,5,478,3626
0,8,0,5,478,3626
2,9,0,5,478,3626
1,8,0,5,478,3626
0,7,0,5,478,3626
3,9,0,5,478,3626
2,8,0,5,478,3626
1,7,0,5,478,3626
0,6,0,5,478,3626
4,9,0,5,478,3626
3,8,0,5,478,3626
2,7,0,5,478,3626
1,6,0,5,478,3626
0,5,0,5,478,3626
5,9,0,5,478,3626
4,8,0,5,478,3626
3,7,0,5,478,3626
2,6,0,5,478,3626
1,5,0,5,478,3626
0,4,0,5,478,3626
6,9,0,5,478,3626
5,8,0,5,478,3626
4,7,0,5,478,3626
3,6,0,5,478,3626
2,5,0,5,478,3626
1,4,0,5,478,3626
0,3,0,5,478,3626
8,9,0,5,478,3626
7,8,0,5,478,3626
7,9,0,5,478,3626
6,7,0,5,478,3626
6,8,0,5,478,3626
5,6,0,5,478,3626
5,7,0,5,478,3626
4,5,0,5,478,3626
4,6,0,5,478,3626
3,4,0,5,478,3626
3,5,0,5,478,3626
2,3,0,5,478,3626
2,4,0,5,478,3626
1,2,0,5,478,3626
1,3,0,5,478,3626
9,9,0,5,478,3626
9,8,0,5,478,3626
8,7,0,5,478,3626
8,8,0,5,478,3626
7,6,0,5,478,3626
7,7,0,5,478,3626
6,5,0,5,478,3626
6,6,0,5,478,3626
5,4,0,5,478,3626
5,5,0,5,478,3626
4,3,0,5,478,3626
4,4,0,5,478,3626
3,2,0,5,478,3626
3,3,0,5,478,3626
2,1,0,5,478,3626
2,2,0,5,478,3626
0,9,7,8,479,2993
1,9,7,8,479,2993
0,8,7,8,479,2993
2,9,7,8,479,2993
1,8,7,8,479,2993
0,7,7,8,479,2993
4,9,7,8,479,2993
3,8,7,8,479,2993
3,9,7,8,479,2993
2,7,7,8,479,2993
2,8,7,8,479,2993
1,6,7,8,479,2993
1,7,7,8,479,2993
6,9,7,8,479,2993
5,8,7,8,479,2993
5,9,7,8,479,2993
4,7,7,8,479,2993
4,8,7,8,479,2993
3,6,7,8,479,2993
3,7,7,8,479,2993
2,5,7,8,479,2993
2,6,7,8,479,2993
8,9,7,8,479,2993
7,8,7,8,479,2993
7,9,7,8,479,2993
6,7,7,8,479,2993
6,8,7,8,479,2993
5,6,7,8,479,2993
5,7,7,8,479,2993
4,5,7,8,479,2993
4,6,7,8,479,2993
3,4,7,8,479,2993
3,5,7,8,479,2993
9,9,7,8,479,2993
9,8,7,8,479,2993
8,7,7,8,479,2993
8,8,7,8,479,2993
7,6,7,8,479,2993
7,7,7,8,479,2993
6,5,7,8,479,2993
6,6,7,8,479,2993
5,4,7,8,479,2993
5,5,7,8,479,2993
4,3,7,8,479,2993
4,4,7,8,479,2993
3,6,8,9,480,2573
5,6,8,9,480,2573
4,5,8,9,480,2573
4,7,8,9,480,2573
7,6,8,9,480,2573
6,5,8,9,480,2573
6,7,8,9,480,2573
5,4,8,9,480,2573
5,8,8,9,480,2573
9,6,8,9,480,2573
8,5,8,9,480,2573
8,7,8,9,480,2573
7,4,8,9,480,2573
7,8,8,9,480,2573
6,3,8,9,480,2573
6,9,8,9,480,2573
8,6,8,9,480,2573
9,5,8,9,480,2573
9,7,8,9,480,2573
9,4,8,9,480,2573
9,8,8,9,480,2573
8,3,8,9,480,2573
8,9,8,9,480,2573
7,2,8,9,480,2573
7,9,8,9,480,2573
6,6,8,9,480,2573
7,5,8,9,480,2573
7,7,8,9,480,2573
8,4,8,9,480,2573
8,8,8,9,480,2573
9,3,8,9,480,2573
9,9,8,9,480,2573
9,2,8,9,480,2573
8,1,8,9,480,2573
0,0,9,9,481,4366
1,0,9,9,481,4366
0,1,9,9,481,4366
2,0,9,9,481,4366
1,1,9,9,481,4366
0,2,9,9,481,4366
4,0,9,9,481,4366
3,0,9,9,481,4366
3,1,9,9,481,4366
2,1,9,9,481,4366
2,2,9,9,481,4366
1,2,9,9,481,4366
1,3,9,9,481,4366
6,0,9,9,481,4366
5,0,9,9,481,4366
5,1,9,9,481,4366
4,1,9,9,481,4366
4,2,9,9,481,4366
3,2,9,9,481,4366
3,3,9,9,481,4366
2,3,9,9,481,4366
2,4,9,9,481,4366
8,0,9,9,481,4366
7,0,9,9,481,4366
7,1,9,9,481,4366
6,1,9,9,481,4366
6,2,9,9,481,4366
5,2,9,9,481,4366
5,3,9,9,481,4366
4,3,9,9,481,4366
4,4,9,9,481,4366
3,4,9,9,481,4366
3,5,9,9,481,4366
9,0,9,9,481,4366
9,1,9,9,481,4366
8,1,9,9,481,4366
8,2,9,9,481,4366
7,2,9,9,481,4366
7,3,9,9,481,4366
6,3,9,9,481,4366
6,4,9,9,481,4366
5,4,9,9,481,4366
5,5,9,9,481,4366
4,5,9,9,481,4366
4,6,9,9,481,4366
9,2,9,9,481,4366
9,3,9,9,481,4366
8,3,9,9,481,4366
8,4,9,9,481,4366
7,4,9,9,481,4366
7,5,9,9,481,4366
6,5,9,9,481,4366
6,6,9,9,481,4366
5,6,9,9,481,4366
5,7,9,9,481,4366
9,4,9,9,481,4366
9,5,9,9,481,4366
8,5,9,9,481,4366
8,6,9,9,481,4366
7,6,9,9,481,4366
7,7,9,9,481,4366
6,7,9,9,481,4366
6,8,9,9,481,4366
9,6,9,9,481,4366
9,7,9,9,481,4366
8,7,9,9,481,4366
8,8,9,9,481,4366
7,8,9,9,481,4366
7,9,9,9,481,4366
9,8,9,9,481,4366
9,9,9,9,481,4366
8,9,9,9,481,4366
0,1,9,9,482,4160
1,1,9,9,482,4160
0,0,9,9,482,4160
0,2,9,9,482,4160
3,1,9,9,482,4160
2,0,9,9,482,4160
2,2,9,9,482,4160
1,0,9,9,482,4160
1,3,9,9,482,4160
5,1,9,9,482,4160
4,0,9,9,482,4160
4,2,9,9,482,4160
3,0,9,9,482,4160
3,3,9,9,482,4160
2,1,9,9,482,4160
2,4,9,9,482,4160
7,1,9,9,482,4160
6,0,9,9,482,4160
6,2,9,9,482,4160
5,0,9,9,482,4160
5,3,9,9,482,4160
4,1,9,9,482,4160
4,4,9,9,482,4160
3,2,9,9,482,4160
3,5,9,9,482,4160
9,1,9,9,482,4160
8,0,9,9,482,4160
8,2,9,9,482,4160
7,0,9,9,482,4160
7,3,9,9,482,4160
6,1,9,9,482,4160
6,4,9,9,482,4160
5,2,9,9,482,4160
5,5,9,9,482,4160
4,3,9,9,482,4160
4,6,9,9,482,4160
8,1,9,9,482,4160
9,0,9,9,482,4160
9,2,9,9,482,4160
9,3,9,9,482,4160
8,4,9,9,482,4160
7,2,9,9,482,4160
7,5,9,9,482,4160
6,3,9,9,482,4160
6,6,9,9,482,4160
5,4,9,9,482,4160
5,7,9,9,482,4160
8,3,9,9,482,4160
9,4,9,9,482,4160
9,5,9,9,482,4160
8,6,9,9,482,4160
7,4,9,9,482,4160
7,7,9,9,482,4160
6,5,9,9,482,4160
6,8,9,9,482,4160
8,5,9,9,482,4160
9,6,9,9,482,4160
9,7,9,9,482,4160
8,8,9,9,482,4160
7,6,9,9,482,4160
7,9,9,9,482,4160
8,7,9,9,482,4160
9,8,9,9,482,4160
9,9,9,9,482,4160
8,9,9,9,482,4160
1,2,9,9,482,4160
2,3,9,9,482,4160
3,4,9,9,482,4160
4,5,9,9,482,4160
5,6,9,9,482,4160
6,7,9,9,482,4160
7,8,9,9,482,4160
0,4,9,9,483,4161
1,4,9,9,483,4161
0,3,9,9,483,4161
0,5,9,9,483,4161
2,4,9,9,483,4161
1,3,9,9,483,4161
1,5,9,9,483,4161
0,2,9,9,483,4161
0,6,9,9,483,4161
3,4,9,9,483,4161
2,3,9,9,483,4161
2,5,9,9,483,4161
1,2,9,9,483,4161
1,6,9,9,483,4161
0,1,9,9,483,4161
0,7,9,9,483,4161
4,4,9,9,483,4161
3,3,9,9,483,4161
3,5,9,9,483,4161
2,2,9,9,483,4161
2,6,9,9,483,4161
1,1,9,9,483,4161
1,7,9,9,483,4161
0,0,9,9,483,4161
0,8,9,9,483,4161
6,4,9,9,483,4161
5,3,9,9,483,4161
5,5,9,9,483,4161
4,2,9,9,483,4161
4,6,9,9,483,4161
3,1,9,9,483,4161
3,7,9,9,483,4161
2,0,9,9,483,4161
2,8,9,9,483,4161
1,0,9,9,483,4161
1,9,9,9,483,4161
8,4,9,9,483,4161
7,3,9,9,483,4161
7,5,9,9,483,4161
6,2,9,9,483,4161
6,6,9,9,483,4161
5,1,9,9,483,4161
5,7,9,9,483,4161
4,0,9,9,483,4161
4,8,9,9,483,4161
3,0,9,9,483,4161
3,9,9,9,483,4161
2,1,9,9,483,4161
2,9,9,9,483,4161
9,4,9,9,483,4161
9,3,9,9,483,4161
9,5,9,9,483,4161
8,2,9,9,483,4161
8,6,9,9,483,4161
7,1,9,9,483,4161
7,7,9,9,483,4161
6,0,9,9,483,4161
6,8,9,9,483,4161
5,0,9,9,483,4161
5,9,9,9,483,4161
4,1,9,9,483,4161
4,9,9,9,483,4161
3,2,9,9,483,4161
3,8,9,9,483,4161
7,4,9,9,483,4161
8,3,9,9,483,4161
8,5,9,9,483,4161
9,2,9,9,483,4161
9,6,9,9,483,4161
9,1,9,9,483,4161
9,7,9,9,483,4161
8,0,9,9,483,4161
8,8,9,9,483,4161
7,0,9,9,483,4161
7,9,9,9,483,4161
6,1,9,9,483,4161
6,9,9,9,483,4161
5,2,9,9,483,4161
5,8,9,9,483,4161
4,3,9,9,483,4161
4,7,9,9,483,4161
5,4,9,9,483,4161
6,3,9,9,483,4161
6,5,9,9,483,4161
7,2,9,9,483,4161
7,6,9,9,483,4161
8,1,9,9,483,4161
8,7,9,9,483,4161
9,0,9,9,483,4161
9,8,9,9,483,4161
9,9,9,9,483,4161
8,9,9,9,483,4161
7,8,9,9,483,4161
6,7,9,9,483,4161
5,6,9,9,483,4161
4,5,9,9,483,4161
0,4,9,9,484,4473
1,4,9,9,484,4473
0,3,9,9,484,4473
0,5,9,9,484,4473
2,4,9,9,484,4473
1,3,9,9,484,4473
1,5,9,9,484,4473
0,2,9,9,484,4473
0,6,9,9,484,4473
3,4,9,9,484,4473
2,3,9,9,484,4473
2,5,9,9,484,4473
1,2,9,9,484,4473
1,6,9,9,484,4473
0,1,9,9,484,4473
0,7,9,9,484,4473
4,4,9,9,484,4473
3,3,9,9,484,4473
3,5,9,9,484,4473
2,2,9,9,484,4473
2,6,9,9,484,4473
1,1,9,9,484,4473
1,7,9,9,484,4473
0,0,9,9,484,4473
0,8,9,9,484,4473
5,4,9,9,484,4473
4,3,9,9,484,4473
4,5,9,9,484,4473
3,2,9,9,484,4473
3,6,9,9,484,4473
2,1,9,9,484,4473
2,7,9,9,484,4473
1,0,9,9,484,4473
1,8,9,9,484,4473
0,9,9,9,484,4473
6,4,9,9,484,4473
5,3,9,9,484,4473
5,5,9,9,484,4473
4,2,9,9,484,4473
4,6,9,9,484,4473
3,1,9,9,484,4473
3,7,9,9,484,4473
2,0,9,9,484,4473
2,8,9,9,484,4473
1,9,9,9,484,4473
8,4,9,9,484,4473
7,3,9,9,484,4473
7,5,9,9,484,4473
6,2,9,9,484,4473
6,6,9,9,484,4473
5,1,9,9,484,4473
5,7,9,9,484,4473
4,0,9,9,484,4473
4,8,9,9,484,4473
3,0,9,9,484,4473
3,9,9,9,484,4473
2,9,9,9,484,4473
9,4,9,9,484,4473
9,3,9,9,484,4473
9,5,9,9,484,4473
8,2,9,9,484,4473
8,6,9,9,484,4473
7,1,9,9,484,4473
7,7,9,9,484,4473
6,0,9,9,484,4473
6,8,9,9,484,4473
5,0,9,9,484,4473
5,9,9,9,484,4473
4,1,9,9,484,4473
4,9,9,9,484,4473
3,8,9,9,484,4473
7,4,9,9,484,4473
8,3,9,9,484,4473
8,5,9,9,484,4473
9,2,9,9,484,4473
9,6,9,9,484,4473
9,1,9,9,484,4473
9,7,9,9,484,4473
8,0,9,9,484,4473
8,8,9,9,484,4473
7,0,9,9,484,4473
7,9,9,9,484,4473
6,1,9,9,484,4473
6,9,9,9,484,4473
5,2,9,9,484,4473
5,8,9,9,484,4473
4,7,9,9,484,4473
6,3,9,9,484,4473
6,5,9,9,484,4473
7,2,9,9,484,4473
7,6,9,9,484,4473
8,1,9,9,484,4473
8,7,9,9,484,4473
9,0,9,9,484,4473
9,8,9,9,484,4473
9,9,9,9,484,4473
8,9,9,9,484,4473
7,8,9,9,484,4473
6,7,9,9,484,4473
5,6,9,9,484,4473
0,5,9,7,485,4399
1,5,9,7,485,4399
0,4,9,7,485,4399
0,6,9,7,485,4399
2,5,9,7,485,4399
1,4,9,7,485,4399
1,6,9,7,485,4399
0,3,9,7,485,4399
0,7,9,7,485,4399
3,5,9,7,485,4399
2,4,9,7,485,4399
2,6,9,7,485,4399
1,3,9,7,485,4399
1,7,9,7,485,4399
0,2,9,7,485,4399
0,8,9,7,485,4399
4,5,9,7,485,4399
3,4,9,7,485,4399
3,6,9,7,485,4399
2,3,9,7,485,4399
2,7,9,7,485,4399
1,2,9,7,485,4399
1,8,9,7,485,4399
0,1,9,7,485,4399
0,9,9,7,485,4399
5,5,9,7,485,4399
4,4,9,7,485,4399
4,6,9,7,485,4399
3,3,9,7,485,4399
3,7,9,7,485,4399
2,2,9,7,485,4399
2,8,9,7,485,4399
1,1,9,7,485,4399
1,9,9,7,485,4399
0,0,9,7,485,4399
7,5,9,7,485,4399
6,4,9,7,485,4399
6,6,9,7,485,4399
5,3,9,7,485,4399
5,7,9,7,485,4399
4,2,9,7,485,4399
4,8,9,7,485,4399
3,1,9,7,485,4399
3,9,9,7,485,4399
2,0,9,7,485,4399
2,9,9,7,485,4399
1,0,9,7,485,4399
9,5,9,7,485,4399
8,4,9,7,485,4399
8,6,9,7,485,4399
7,3,9,7,485,4399
7,7,9,7,485,4399
6,2,9,7,485,4399
6,8,9,7,485,4399
5,1,9,7,485,4399
5,9,9,7,485,4399
4,0,9,7,485,4399
4,9,9,7,485,4399
3,0,9,7,485,4399
3,8,9,7,485,4399
2,1,9,7,485,4399
8,5,9,7,485,4399
9,4,9,7,485,4399
9,6,9,7,485,4399
9,3,9,7,485,4399
9,7,9,7,485,4399
8,2,9,7,485,4399
8,8,9,7,485,4399
7,1,9,7,485,4399
7,9,9,7,485,4399
6,0,9,7,485,4399
6,9,9,7,485,4399
5,0,9,7,485,4399
5,8,9,7,485,4399
4,1,9,7,485,4399
4,7,9,7,485,4399
3,2,9,7,485,4399
6,5,9,7,485,4399
7,4,9,7,485,4399
7,6,9,7,485,4399
8,3,9,7,485,4399
8,7,9,7,485,4399
9,2,9,7,485,4399
9,8,9,7,485,4399
9,1,9,7,485,4399
9,9,9,7,485,4399
8,0,9,7,485,4399
8,9,9,7,485,4399
7,0,9,7,485,4399
7,8,9,7,485,4399
6,1,9,7,485,4399
6,7,9,7,485,4399
5,2,9,7,485,4399
5,6,9,7,485,4399
4,3,9,7,485,4399
5,4,9,7,485,4399
6,3,9,7,485,4399
7,2,9,7,485,4399
8,1,9,7,485,4399
9,0,9,7,485,4399
0,5,9,7,486,4697
1,5,9,7,486,4697
0,4,9,7,486,4697
0,6,9,7,486,4697
2,5,9,7,486,4697
1,4,9,7,486,4697
1,6,9,7,486,4697
0,3,9,7,486,4697
0,7,9,7,486,4697
3,5,9,7,486,4697
2,4,9,7,486,4697
2,6,9,7,486,4697
1,3,9,7,486,4697
1,7,9,7,486,4697
0,2,9,7,486,4697
0,8,9,7,486,4697
4,5,9,7,486,4697
3,4,9,7,486,4697
3,6,9,7,486,4697
2,3,9,7,486,4697
2,7,9,7,486,4697
1,2,9,7,486,4697
1,8,9,7,486,4697
0,1,9,7,486,4697
0,9,9,7,486,4697
5,5,9,7,486,4697
4,4,9,7,486,4697
4,6,9,7,486,4697
3,3,9,7,486,4697
3,7,9,7,486,4697
2,2,9,7,486,4697
2,8,9,7,486,4697
1,1,9,7,486,4697
1,9,9,7,486,4697
0,0,9,7,486,4697
6,5,9,7,486,4697
5,4,9,7,486,4697
5,6,9,7,486,4697
4,3,9,7,486,4697
4,7,9,7,486,4697
3,2,9,7,486,4697
3,8,9,7,486,4697
2,1,9,7,486,4697
2,9,9,7,486,4697
1,0,9,7,486,4697
7,5,9,7,486,4697
6,4,9,7,486,4697
6,6,9,7,486,4697
5,3,9,7,486,4697
5,7,9,7,486,4697
4,2,9,7,486,4697
4,8,9,7,486,4697
3,1,9,7,486,4697
3,9,9,7,486,4697
2,0,9,7,486,4697
9,5,9,7,486,4697
8,4,9,7,486,4697
8,6,9,7,486,4697
7,3,9,7,486,4697
7,7,9,7,486,4697
6,2,9,7,486,4697
6,8,9,7,486,4697
5,1,9,7,486,4697
5,9,9,7,486,4697
4,0,9,7,486,4697
4,9,9,7,486,4697
3,0,9,7,486,4697
8,5,9,7,486,4697
9,4,9,7,486,4697
9,6,9,7,486,4697
9,3,9,7,486,4697
9,7,9,7,486,4697
8,2,9,7,486,4697
8,8,9,7,486,4697
7,1,9,7,486,4697
7,9,9,7,486,4697
6,0,9,7,486,4697
6,9,9,7,486,4697
5,0,9,7,486,4697
5,8,9,7,486,4697
4,1,9,7,486,4697
7,4,9,7,486,4697
7,6,9,7,486,4697
8,3,9,7,486,4697
8,7,9,7,486,4697
9,2,9,7,486,4697
9,8,9,7,486,4697
9,1,9,7,486,4697
9,9,9,7,486,4697
8,0,9,7,486,4697
8,9,9,7,486,4697
7,0,9,7,486,4697
7,8,9,7,486,4697
6,1,9,7,486,4697
6,7,9,7,486,4697
5,2,9,7,486,4697
6,3,9,7,486,4697
7,2,9,7,486,4697
8,1,9,7,486,4697
9,0,9,7,486,4697
0,9,0,2,487,4291
1,9,0,2,487,4291
0,8,0,2,487,4291
2,9,0,2,487,4291
1,8,0,2,487,4291
0,7,0,2,487,4291
3,9,0,2,487,4291
2,8,0,2,487,4291
1,7,0,2,487,4291
0,6,0,2,487,4291
4,9,0,2,487,4291
3,8,0,2,487,4291
2,7,0,2,487,4291
1,6,0,2,487,4291
0,5,0,2,487,4291
5,9,0,2,487,4291
4,8,0,2,487,4291
3,7,0,2,487,4291
2,6,0,2,487,4291
1,5,0,2,487,4291
0,4,0,2,487,4291
6,9,0,2,487,4291
5,8,0,2,487,4291
4,7,0,2,487,4291
3,6,0,2,487,4291
2,5,0,2,487,4291
1,4,0,2,487,4291
0,3,0,2,487,4291
7,9,0,2,487,4291
6,8,0,2,487,4291
5,7,0,2,487,4291
4,6,0,2,487,4291
3,5,0,2,487,4291
2,4,0,2,487,4291
1,3,0,2,487,4291
0,2,0,2,487,4291
8,9,0,2,487,4291
7,8,0,2,487,4291
6,7,0,2,487,4291
5,6,0,2,487,4291
4,5,0,2,487,4291
3,4,0,2,487,4291
2,3,0,2,487,4291
1,2,0,2,487,4291
0,1,0,2,487,4291
9,9,0,2,487,4291
8,8,0,2,487,4291
7,7,0,2,487,4291
6,6,0,2,487,4291
5,5,0,2,487,4291
4,4,0,2,487,4291
3,3,0,2,487,4291
2,2,0,2,487,4291
1,1,0,2,487,4291
0,0,0,2,487,4291
9,8,0,2,487,4291
9,7,0,2,487,4291
8,6,0,2,487,4291
8,7,0,2,487,4291
7,5,0,2,487,4291
7,6,0,2,487,4291
6,4,0,2,487,4291
6,5,0,2,487,4291
5,3,0,2,487,4291
5,4,0,2,487,4291
4,2,0,2,487,4291
4,3,0,2,487,4291
3,1,0,2,487,4291
3,2,0,2,487,4291
2,0,0,2,487,4291
2,1,0,2,487,4291
1,0,0,2,487,4291
0,9,1,1,488,4609
1,9,1,1,488,4609
0,8,1,1,488,4609
2,9,1,1,488,4609
1,8,1,1,488,4609
0,7,1,1,488,4609
3,9,1,1,488,4609
2,8,1,1,488,4609
1,7,1,1,488,4609
0,6,1,1,488,4609
4,9,1,1,488,4609
3,8,1,1,488,4609
2,7,1,1,488,4609
1,6,1,1,488,4609
0,5,1,1,488,4609
5,9,1,1,488,4609
4,8,1,1,488,4609
3,7,1,1,488,4609
2,6,1,1,488,4609
1,5,1,1,488,4609
0,4,1,1,488,4609
6,9,1,1,488,4609
5,8,1,1,488,4609
4,7,1,1,488,4609
3,6,1,1,488,4609
2,5,1,1,488,4609
1,4,1,1,488,4609
0,3,1,1,488,4609
7,9,1,1,488,4609
6,8,1,1,488,4609
5,7,1,1,488,4609
4,6,1,1,488,4609
3,5,1,1,488,4609
2,4,1,1,488,4609
1,3,1,1,488,4609
0,2,1,1,488,4609
8,9,1,1,488,4609
7,8,1,1,488,4609
6,7,1,1,488,4609
5,6,1,1,488,4609
4,5,1,1,488,4609
3,4,1,1,488,4609
2,3,1,1,488,4609
1,2,1,1,488,4609
0,1,1,1,488,4609
9,9,1,1,488,4609
8,8,1,1,488,4609
7,7,1,1,488,4609
6,6,1,1,488,4609
5,5,1,1,488,4609
4,4,1,1,488,4609
3,3,1,1,488,4609
2,2,1,1,488,4609
1,1,1,1,488,4609
0,0,1,1,488,4609
9,8,1,1,488,4609
8,7,1,1,488,4609
7,6,1,1,488,4609
6,5,1,1,488,4609
5,4,1,1,488,4609
4,3,1,1,488,4609
3,2,1,1,488,4609
2,1,1,1,488,4609
1,0,1,1,488,4609
9,7,1,1,488,4609
8,6,1,1,488,4609
7,5,1,1,488,4609
6,4,1,1,488,4609
5,3,1,1,488,4609
4,2,1,1,488,4609
3,1,1,1,488,4609
2,0,1,1,488,4609
0,8,9,9,489,3480
1,8,9,9,489,3480
0,7,9,9,489,3480
0,9,9,9,489,3480
2,8,9,9,489,3480
1,7,9,9,489,3480
1,9,9,9,489,3480
0,6,9,9,489,3480
3,8,9,9,489,3480
2,7,9,9,489,3480
2,9,9,9,489,3480
1,6,9,9,489,3480
0,5,9,9,489,3480
4,8,9,9,489,3480
3,7,9,9,489,3480
3,9,9,9,489,3480
2,6,9,9,489,3480
1,5,9,9,489,3480
0,4,9,9,489,3480
6,8,9,9,489,3480
5,7,9,9,489,3480
5,9,9,9,489,3480
4,6,9,9,489,3480
4,9,9,9,489,3480
3,5,9,9,489,3480
2,4,9,9,489,3480
1,3,9,9,489,3480
8,8,9,9,489,3480
7,7,9,9,489,3480
7,9,9,9,489,3480
6,6,9,9,489,3480
6,9,9,9,489,3480
5,5,9,9,489,3480
5,8,9,9,489,3480
4,4,9,9,489,3480
4,7,9,9,489,3480
3,3,9,9,489,3480
3,6,9,9,489,3480
2,2,9,9,489,3480
2,5,9,9,489,3480
9,8,9,9,489,3480
9,7,9,9,489,3480
9,9,9,9,489,3480
8,6,9,9,489,3480
8,9,9,9,489,3480
7,5,9,9,489,3480
7,8,9,9,489,3480
6,4,9,9,489,3480
6,7,9,9,489,3480
5,3,9,9,489,3480
5,6,9,9,489,3480
4,2,9,9,489,3480
4,5,9,9,489,3480
3,1,9,9,489,3480
3,4,9,9,489,3480
8,7,9,9,489,3480
9,6,9,9,489,3480
9,5,9,9,489,3480
8,4,9,9,489,3480
7,3,9,9,489,3480
7,6,9,9,489,3480
6,2,9,9,489,3480
6,5,9,9,489,3480
5,1,9,9,489,3480
5,4,9,9,489,3480
4,0,9,9,489,3480
4,3,9,9,489,3480
0,8,9,9,490,3832
1,8,9,9,490,3832
0,7,9,9,490,3832
0,9,9,9,490,3832
2,8,9,9,490,3832
1,7,9,9,490,3832
1,9,9,9,490,3832
0,6,9,9,490,3832
3,8,9,9,490,3832
2,7,9,9,490,3832
2,9,9,9,490,3832
1,6,9,9,490,3832
0,5,9,9,490,3832
4,8,9,9,490,3832
3,7,9,9,490,3832
3,9,9,9,490,3832
2,6,9,9,490,3832
1,5,9,9,490,3832
0,4,9,9,490,3832
5,8,9,9,490,3832
4,7,9,9,490,3832
4,9,9,9,490,3832
3,6,9,9,490,3832
2,5,9,9,490,3832
1,4,9,9,490,3832
0,3,9,9,490,3832
6,8,9,9,490,3832
5,7,9,9,490,3832
5,9,9,9,490,3832
4,6,9,9,490,3832
3,5,9,9,490,3832
2,4,9,9,490,3832
1,3,9,9,490,3832
0,2,9,9,490,3832
8,8,9,9,490,3832
7,7,9,9,490,3832
7,9,9,9,490,3832
6,6,9,9,490,3832
6,9,9,9,490,3832
5,5,9,9,490,3832
4,4,9,9,490,3832
3,3,9,9,490,3832
2,2,9,9,490,3832
1,1,9,9,490,3832
9,8,9,9,490,3832
9,7,9,9,490,3832
9,9,9,9,490,3832
8,6,9,9,490,3832
8,9,9,9,490,3832
7,5,9,9,490,3832
7,8,9,9,490,3832
6,4,9,9,490,3832
6,7,9,9,490,3832
5,3,9,9,490,3832
5,6,9,9,490,3832
4,2,9,9,490,3832
4,5,9,9,490,3832
3,1,9,9,490,3832
3,4,9,9,490,3832
2,0,9,9,490,3832
2,3,9,9,490,3832
8,7,9,9,490,3832
9,6,9,9,490,3832
9,5,9,9,490,3832
8,4,9,9,490,3832
7,3,9,9,490,3832
7,6,9,9,490,3832
6,2,9,9,490,3832
6,5,9,9,490,3832
5,1,9,9,490,3832
5,4,9,9,490,3832
4,0,9,9,490,3832
4,3,9,9,490,3832
3,0,9,9,490,3832
3,2,9,9,490,3832
0,9,0,4,491,3976
1,9,0,4,491,3976
0,8,0,4,491,3976
2,9,0,4,491,3976
1,8,0,4,491,3976
0,7,0,4,491,3976
3,9,0,4,491,3976
2,8,0,4,491,3976
1,7,0,4,491,3976
0,6,0,4,491,3976
4,9,0,4,491,3976
3,8,0,4,491,3976
2,7,0,4,491,3976
1,6,0,4,491,3976
0,5,0,4,491,3976
5,9,0,4,491,3976
4,8,0,4,491,3976
3,7,0,4,491,3976
2,6,0,4,491,3976
1,5,0,4,491,3976
0,4,0,4,491,3976
6,9,0,4,491,3976
5,8,0,4,491,3976
4,7,0,4,491,3976
3,6,0,4,491,3976
2,5,0,4,491,3976
1,4,0,4,491,3976
0,3,0,4,491,3976
7,9,0,4,491,3976
6,8,0,4,491,3976
5,7,0,4,491,3976
4,6,0,4,491,3976
3,5,0,4,491,3976
2,4,0,4,491,3976
1,3,0,4,491,3976
0,2,0,4,491,3976
9,9,0,4,491,3976
8,8,0,4,491,3976
8,9,0,4,491,3976
7,7,0,4,491,3976
7,8,0,4,491,3976
6,6,0,4,491,3976
6,7,0,4,491,3976
5,5,0,4,491,3976
5,6,0,4,491,3976
4,4,0,4,491,3976
4,5,0,4,491,3976
3,3,0,4,491,3976
3,4,0,4,491,3976
2,2,0,4,491,3976
2,3,0,4,491,3976
1,1,0,4,491,3976
1,2,0,4,491,3976
9,8,0,4,491,3976
9,7,0,4,491,3976
8,6,0,4,491,3976
8,7,0,4,491,3976
7,5,0,4,491,3976
7,6,0,4,491,3976
6,4,0,4,491,3976
6,5,0,4,491,3976
5,3,0,4,491,3976
5,4,0,4,491,3976
4,2,0,4,491,3976
4,3,0,4,491,3976
3,1,0,4,491,3976
3,2,0,4,491,3976
2,0,0,4,491,3976
2,1,0,4,491,3976
0,9,7,9,492,3101
1,9,7,9,492,3101
0,8,7,9,492,3101
2,9,7,9,492,3101
1,8,7,9,492,3101
0,7,7,9,492,3101
3,9,7,9,492,3101
2,8,7,9,492,3101
1,7,7,9,492,3101
0,6,7,9,492,3101
5,9,7,9,492,3101
4,8,7,9,492,3101
4,9,7,9,492,3101
3,7,7,9,492,3101
3,8,7,9,492,3101
2,6,7,9,492,3101
2,7,7,9,492,3101
1,5,7,9,492,3101
1,6,7,9,492,3101
7,9,7,9,492,3101
6,8,7,9,492,3101
6,9,7,9,492,3101
5,7,7,9,492,3101
5,8,7,9,492,3101
4,6,7,9,492,3101
4,7,7,9,492,3101
3,5,7,9,492,3101
3,6,7,9,492,3101
2,4,7,9,492,3101
2,5,7,9,492,3101
9,9,7,9,492,3101
8,8,7,9,492,3101
8,9,7,9,492,3101
7,7,7,9,492,3101
7,8,7,9,492,3101
6,6,7,9,492,3101
6,7,7,9,492,3101
5,5,7,9,492,3101
5,6,7,9,492,3101
4,4,7,9,492,3101
4,5,7,9,492,3101
3,3,7,9,492,3101
3,4,7,9,492,3101
9,8,7,9,492,3101
9,7,7,9,492,3101
8,6,7,9,492,3101
8,7,7,9,492,3101
7,5,7,9,492,3101
7,6,7,9,492,3101
6,4,7,9,492,3101
6,5,7,9,492,3101
5,3,7,9,492,3101
5,4,7,9,492,3101
4,2,7,9,492,3101
4,3,7,9,492,3101
2,6,9,9,493,2697
4,6,9,9,493,2697
3,5,9,9,493,2697
3,7,9,9,493,2697
6,6,9,9,493,2697
5,5,9,9,493,2697
5,7,9,9,493,2697
4,4,9,9,493,2697
4,8,9,9,493,2697
8,6,9,9,493,2697
7,5,9,9,493,2697
7,7,9,9,493,2697
6,4,9,9,493,2697
6,8,9,9,493,2697
5,3,9,9,493,2697
5,9,9,9,493,2697
9,6,9,9,493,2697
9,5,9,9,493,2697
9,7,9,9,493,2697
8,4,9,9,493,2697
8,8,9,9,493,2697
7,3,9,9,493,2697
7,9,9,9,493,2697
6,2,9,9,493,2697
6,9,9,9,493,2697
7,6,9,9,493,2697
8,5,9,9,493,2697
8,7,9,9,493,2697
9,4,9,9,493,2697
9,8,9,9,493,2697
9,3,9,9,493,2697
9,9,9,9,493,2697
8,2,9,9,493,2697
8,9,9,9,493,2697
7,1,9,9,493,2697
7,8,9,9,493,2697
5,6,9,9,493,2697
6,5,9,9,493,2697
6,7,9,9,493,2697
7,4,9,9,493,2697
8,3,9,9,493,2697
9,2,9,9,493,2697
9,1,9,9,493,2697
8,0,9,9,493,2697
0,5,9,8,494,4690
1,5,9,8,494,4690
0,4,9,8,494,4690
0,6,9,8,494,4690
2,5,9,8,494,4690
1,4,9,8,494,4690
1,6,9,8,494,4690
0,3,9,8,494,4690
0,7,9,8,494,4690
3,5,9,8,494,4690
2,4,9,8,494,4690
2,6,9,8,494,4690
1,3,9,8,494,4690
1,7,9,8,494,4690
0,2,9,8,494,4690
0,8,9,8,494,4690
4,5,9,8,494,4690
3,4,9,8,494,4690
3,6,9,8,494,4690
2,3,9,8,494,4690
2,7,9,8,494,4690
1,2,9,8,494,4690
1,8,9,8,494,4690
0,1,9,8,494,4690
0,9,9,8,494,4690
5,5,9,8,494,4690
4,4,9,8,494,4690
4,6,9,8,494,4690
3,3,9,8,494,4690
3,7,9,8,494,4690
2,2,9,8,494,4690
2,8,9,8,494,4690
1,1,9,8,494,4690
1,9,9,8,494,4690
0,0,9,8,494,4690
6,5,9,8,494,4690
5,4,9,8,494,4690
5,6,9,8,494,4690
4,3,9,8,494,4690
4,7,9,8,494,4690
3,2,9,8,494,4690
3,8,9,8,494,4690
2,1,9,8,494,4690
2,9,9,8,494,4690
1,0,9,8,494,4690
8,5,9,8,494,4690
7,4,9,8,494,4690
7,6,9,8,494,4690
6,3,9,8,494,4690
6,7,9,8,494,4690
5,2,9,8,494,4690
5,8,9,8,494,4690
4,1,9,8,494,4690
4,9,9,8,494,4690
3,0,9,8,494,4690
3,9,9,8,494,4690
2,0,9,8,494,4690
9,5,9,8,494,4690
9,4,9,8,494,4690
9,6,9,8,494,4690
8,3,9,8,494,4690
8,7,9,8,494,4690
7,2,9,8,494,4690
7,8,9,8,494,4690
6,1,9,8,494,4690
6,9,9,8,494,4690
5,0,9,8,494,4690
5,9,9,8,494,4690
4,0,9,8,494,4690
4,8,9,8,494,4690
3,1,9,8,494,4690
7,5,9,8,494,4690
8,4,9,8,494,4690
8,6,9,8,494,4690
9,3,9,8,494,4690
9,7,9,8,494,4690
9,2,9,8,494,4690
9,8,9,8,494,4690
8,1,9,8,494,4690
8,9,9,8,494,4690
7,0,9,8,494,4690
7,9,9,8,494,4690
6,0,9,8,494,4690
6,8,9,8,494,4690
5,1,9,8,494,4690
5,7,9,8,494,4690
4,2,9,8,494,4690
6,4,9,8,494,4690
6,6,9,8,494,4690
7,3,9,8,494,4690
7,7,9,8,494,4690
8,2,9,8,494,4690
8,8,9,8,494,4690
9,1,9,8,494,4690
9,9,9,8,494,4690
9,0,9,8,494,4690
8,0,9,8,494,4690
7,1,9,8,494,4690
6,2,9,8,494,4690
5,3,9,8,494,4690
0,9,1,2,495,4611
1,9,1,2,495,4611
0,8,1,2,495,4611
2,9,1,2,495,4611
1,8,1,2,495,4611
0,7,1,2,495,4611
3,9,1,2,495,4611
2,8,1,2,495,4611
1,7,1,2,495,4611
0,6,1,2,495,4611
4,9,1,2,495,4611
3,8,1,2,495,4611
2,7,1,2,495,4611
1,6,1,2,495,4611
0,5,1,2,495,4611
5,9,1,2,495,4611
4,8,1,2,495,4611
3,7,1,2,495,4611
2,6,1,2,495,4611
1,5,1,2,495,4611
0,4,1,2,495,4611
6,9,1,2,495,4611
5,8,1,2,495,4611
4,7,1,2,495,4611
3,6,1,2,495,4611
2,5,1,2,495,4611
1,4,1,2,495,4611
0,3,1,2,495,4611
7,9,1,2,495,4611
6,8,1,2,495,4611
5,7,1,2,495,4611
4,6,1,2,495,4611
3,5,1,2,495,4611
2,4,1,2,495,4611
1,3,1,2,495,4611
0,2,1,2,495,4611
8,9,1,2,495,4611
7,8,1,2,495,4611
6,7,1,2,495,4611
5,6,1,2,495,4611
4,5,1,2,495,4611
3,4,1,2,495,4611
2,3,1,2,495,4611
1,2,1,2,495,4611
0,1,1,2,495,4611
9,9,1,2,495,4611
8,8,1,2,495,4611
7,7,1,2,495,4611
6,6,1,2,495,4611
5,5,1,2,495,4611
4,4,1,2,495,4611
3,3,1,2,495,4611
2,2,1,2,495,4611
1,1,1,2,495,4611
0,0,1,2,495,4611
9,8,1,2,495,4611
8,7,1,2,495,4611
7,6,1,2,495,4611
6,5,1,2,495,4611
5,4,1,2,495,4611
4,3,1,2,495,4611
3,2,1,2,495,4611
2,1,1,2,495,4611
1,0,1,2,495,4611
9,7,1,2,495,4611
9,6,1,2,495,4611
8,5,1,2,495,4611
8,6,1,2,495,4611
7,4,1,2,495,4611
7,5,1,2,495,4611
6,3,1,2,495,4611
6,4,1,2,495,4611
5,2,1,2,495,4611
5,3,1,2,495,4611
4,1,1,2,495,4611
4,2,1,2,495,4611
3,0,1,2,495,4611
3,1,1,2,495,4611
2,0,1,2,495,4611
0,9,0,3,496,4302
1,9,0,3,496,4302
0,8,0,3,496,4302
2,9,0,3,496,4302
1,8,0,3,496,4302
0,7,0,3,496,4302
3,9,0,3,496,4302
2,8,0,3,496,4302
1,7,0,3,496,4302
0,6,0,3,496,4302
4,9,0,3,496,4302
3,8,0,3,496,4302
2,7,0,3,496,4302
1,6,0,3,496,4302
0,5,0,3,496,4302
5,9,0,3,496,4302
4,8,0,3,496,4302
3,7,0,3,496,4302
2,6,0,3,496,4302
1,5,0,3,496,4302
0,4,0,3,496,4302
6,9,0,3,496,4302
5,8,0,3,496,4302
4,7,0,3,496,4302
3,6,0,3,496,4302
2,5,0,3,496,4302
1,4,0,3,496,4302
0,3,0,3,496,4302
7,9,0,3,496,4302
6,8,0,3,496,4302
5,7,0,3,496,4302
4,6,0,3,496,4302
3,5,0,3,496,4302
2,4,0,3,496,4302
1,3,0,3,496,4302
0,2,0,3,496,4302
8,9,0,3,496,4302
7,8,0,3,496,4302
6,7,0,3,496,4302
5,6,0,3,496,4302
4,5,0,3,496,4302
3,4,0,3,496,4302
2,3,0,3,496,4302
1,2,0,3,496,4302
0,1,0,3,496,4302
9,9,0,3,496,4302
9,8,0,3,496,4302
8,7,0,3,496,4302
8,8,0,3,496,4302
7,6,0,3,496,4302
7,7,0,3,496,4302
6,5,0,3,496,4302
6,6,0,3,496,4302
5,4,0,3,496,4302
5,5,0,3,496,4302
4,3,0,3,496,4302
4,4,0,3,496,4302
3,2,0,3,496,4302
3,3,0,3,496,4302
2,1,0,3,496,4302
2,2,0,3,496,4302
1,0,0,3,496,4302
1,1,0,3,496,4302
9,7,0,3,496,4302
9,6,0,3,496,4302
8,5,0,3,496,4302
8,6,0,3,496,4302
7,4,0,3,496,4302
7,5,0,3,496,4302
6,3,0,3,496,4302
6,4,0,3,496,4302
5,2,0,3,496,4302
5,3,0,3,496,4302
4,1,0,3,496,4302
4,2,0,3,496,4302
3,0,0,3,496,4302
3,1,0,3,496,4302
2,0,0,3,496,4302
0,9,8,9,497,3482
1,9,8,9,497,3482
0,8,8,9,497,3482
2,9,8,9,497,3482
1,8,8,9,497,3482
0,7,8,9,497,3482
3,9,8,9,497,3482
2,8,8,9,497,3482
1,7,8,9,497,3482
0,6,8,9,497,3482
4,9,8,9,497,3482
3,8,8,9,497,3482
2,7,8,9,497,3482
1,6,8,9,497,3482
0,5,8,9,497,3482
6,9,8,9,497,3482
5,8,8,9,497,3482
5,9,8,9,497,3482
4,7,8,9,497,3482
4,8,8,9,497,3482
3,6,8,9,497,3482
3,7,8,9,497,3482
2,5,8,9,497,3482
2,6,8,9,497,3482
1,4,8,9,497,3482
1,5,8,9,497,3482
8,9,8,9,497,3482
7,8,8,9,497,3482
7,9,8,9,497,3482
6,7,8,9,497,3482
6,8,8,9,497,3482
5,6,8,9,497,3482
5,7,8,9,497,3482
4,5,8,9,497,3482
4,6,8,9,497,3482
3,4,8,9,497,3482
3,5,8,9,497,3482
2,3,8,9,497,3482
2,4,8,9,497,3482
9,9,8,9,497,3482
9,8,8,9,497,3482
8,7,8,9,497,3482
8,8,8,9,497,3482
7,6,8,9,497,3482
7,7,8,9,497,3482
6,5,8,9,497,3482
6,6,8,9,497,3482
5,4,8,9,497,3482
5,5,8,9,497,3482
4,3,8,9,497,3482
4,4,8,9,497,3482
3,2,8,9,497,3482
3,3,8,9,497,3482
9,7,8,9,497,3482
9,6,8,9,497,3482
8,5,8,9,497,3482
8,6,8,9,497,3482
7,4,8,9,497,3482
7,5,8,9,497,3482
6,3,8,9,497,3482
6,4,8,9,497,3482
5,2,8,9,497,3482
5,3,8,9,497,3482
4,1,8,9,497,3482
4,2,8,9,497,3482
0,9,0,2,498,4606
1,9,0,2,498,4606
0,8,0,2,498,4606
2,9,0,2,498,4606
1,8,0,2,498,4606
0,7,0,2,498,4606
3,9,0,2,498,4606
2,8,0,2,498,4606
1,7,0,2,498,4606
0,6,0,2,498,4606
4,9,0,2,498,4606
3,8,0,2,498,4606
2,7,0,2,498,4606
1,6,0,2,498,4606
0,5,0,2,498,4606
5,9,0,2,498,4606
4,8,0,2,498,4606
3,7,0,2,498,4606
2,6,0,2,498,4606
1,5,0,2,498,4606
0,4,0,2,498,4606
6,9,0,2,498,4606
5,8,0,2,498,4606
4,7,0,2,498,4606
3,6,0,2,498,4606
2,5,0,2,498,4606
1,4,0,2,498,4606
0,3,0,2,498,4606
7,9,0,2,498,4606
6,8,0,2,498,4606
5,7,0,2,498,4606
4,6,0,2,498,4606
3,5,0,2,498,4606
2,4,0,2,498,4606
1,3,0,2,498,4606
0,2,0,2,498,4606
8,9,0,2,498,4606
7,8,0,2,498,4606
6,7,0,2,498,4606
5,6,0,2,498,4606
4,5,0,2,498,4606
3,4,0,2,498,4606
2,3,0,2,498,4606
1,2,0,2,498,4606
0,1,0,2,498,4606
9,9,0,2,498,4606
8,8,0,2,498,4606
7,7,0,2,498,4606
6,6,0,2,498,4606
5,5,0,2,498,4606
4,4,0,2,498,4606
3,3,0,2,498,4606
2,2,0,2,498,4606
1,1,0,2,498,4606
0,0,0,2,498,4606
9,8,0,2,498,4606
9,7,0,2,498,4606
8,6,0,2,498,4606
8,7,0,2,498,4606
7,5,0,2,498,4606
7,6,0,2,498,4606
6,4,0,2,498,4606
6,5,0,2,498,4606
5,3,0,2,498,4606
5,4,0,2,498,4606
4,2,0,2,498,4606
4,3,0,2,498,4606
3,1,0,2,498,4606
3,2,0,2,498,4606
2,0,0,2,498,4606
2,1,0,2,498,4606
1,0,0,2,498,4606
9,6,0,2,498,4606
9,5,0,2,498,4606
8,4,0,2,498,4606
8,5,0,2,498,4606
7,3,0,2,498,4606
7,4,0,2,498,4606
6,2,0,2,498,4606
6,3,0,2,498,4606
5,1,0,2,498,4606
5,2,0,2,498,4606
4,0,0,2,498,4606
4,1,0,2,498,4606
3,0,0,2,498,4606
0,9,9,9,499,3578
1,9,9,9,499,3578
0,8,9,9,499,3578
2,9,9,9,499,3578
1,8,9,9,499,3578
0,7,9,9,499,3578
3,9,9,9,499,3578
2,8,9,9,499,3578
1,7,9,9,499,3578
0,6,9,9,499,3578
4,9,9,9,499,3578
3,8,9,9,499,3578
2,7,9,9,499,3578
1,6,9,9,499,3578
0,5,9,9,499,3578
5,9,9,9,499,3578
4,8,9,9,499,3578
3,7,9,9,499,3578
2,6,9,9,499,3578
1,5,9,9,499,3578
0,4,9,9,499,3578
7,9,9,9,499,3578
6,8,9,9,499,3578
6,9,9,9,499,3578
5,7,9,9,499,3578
5,8,9,9,499,3578
4,6,9,9,499,3578
4,7,9,9,499,3578
3,5,9,9,499,3578
3,6,9,9,499,3578
2,4,9,9,499,3578
2,5,9,9,499,3578
1,3,9,9,499,3578
1,4,9,9,499,3578
9,9,9,9,499,3578
8,8,9,9,499,3578
8,9,9,9,499,3578
7,7,9,9,499,3578
7,8,9,9,499,3578
6,6,9,9,499,3578
6,7,9,9,499,3578
5,5,9,9,499,3578
5,6,9,9,499,3578
4,4,9,9,499,3578
4,5,9,9,499,3578
3,3,9,9,499,3578
3,4,9,9,499,3578
2,2,9,9,499,3578
2,3,9,9,499,3578
9,8,9,9,499,3578
9,7,9,9,499,3578
8,6,9,9,499,3578
8,7,9,9,499,3578
7,5,9,9,499,3578
7,6,9,9,499,3578
6,4,9,9,499,3578
6,5,9,9,499,3578
5,3,9,9,499,3578
5,4,9,9,499,3578
4,2,9,9,499,3578
4,3,9,9,499,3578
3,1,9,9,499,3578
3,2,9,9,499,3578
9,6,9,9,499,3578
9,5,9,9,499,3578
8,4,9,9,499,3578
8,5,9,9,499,3578
7,3,9,9,499,3578
7,4,9,9,499,3578
6,2,9,9,499,3578
6,3,9,9,499,3578
5,1,9,9,499,3578
5,2,9,9,499,3578
4,0,9,9,499,3578
4,1,9,9,499,3578
