belief_state,source_record,p_0_0,p_1_0,p_2_0,p_3_0,p_4_0,p_5_0,p_6_0,p_7_0,p_8_0,p_9_0,p_0_1,p_1_1,p_2_1,p_3_1,p_4_1,p_5_1,p_6_1,p_7_1,p_8_1,p_9_1,p_0_2,p_1_2,p_2_2,p_3_2,p_4_2,p_5_2,p_6_2,p_7_2,p_8_2,p_9_2,p_0_3,p_1_3,p_2_3,p_3_3,p_4_3,p_5_3,p_6_3,p_7_3,p_8_3,p_9_3,p_0_4,p_1_4,p_2_4,p_3_4,p_4_4,p_5_4,p_6_4,p_7_4,p_8_4,p_9_4,p_0_5,p_1_5,p_2_5,p_3_5,p_4_5,p_5_5,p_6_5,p_7_5,p_8_5,p_9_5,p_0_6,p_1_6,p_2_6,p_3_6,p_4_6,p_5_6,p_6_6,p_7_6,p_8_6,p_9_6,p_0_7,p_1_7,p_2_7,p_3_7,p_4_7,p_5_7,p_6_7,p_7_7,p_8_7,p_9_7,p_0_8,p_1_8,p_2_8,p_3_8,p_4_8,p_5_8,p_6_8,p_7_8,p_8_8,p_9_8,p_0_9,p_1_9,p_2_9,p_3_9,p_4_9,p_5_9,p_6_9,p_7_9,p_8_9,p_9_9
0,0,1.0,0.0,0.0,0.0,0.0,0.0,0.0,0.0,0.0,0.0,0.0,0.0,0.0,0.0,0.0,0.0,0.0,0.0,0.0,0.0,0.0,0.0,0.0,0.0,0.0,0.0,0.0,0.0,0.0,0.0,0.0,0.0,0.0,0.0,0.0,0.0,0.0,0.0,0.0,0.0,0.0,0.0,0.0,0.0,0.0,0.0,0.0,0.0,0.0,0.0,0.0,0.0,0.0,0.0,0.0,0.0,0.0,0.0,0.0,0.0,0.0,0.0,0.0,0.0,0.0,0.0,0.0,0.0,0.0,0.0,0.0,0.0,0.0,0.0,0.0,0.0,0.0,0.0,0.0,0.0,0.0,0.0,0.0,0.0,0.0,0.0,0.0,0.0,0.0,0.0,0.0,0.0,0.0,0.0,0.0,0.0,0.0,0.0,0.0,0.0
1,1,0.02,0.97,0.0,0.0,0.0,0.0,0.0,0.0,0.0,0.0,0.01,0.0,0.0,0.0,0.0,0.0,0.0,0.0,0.0,0.0,0.0,0.0,0.0,0.0,0.0,0.0,0.0,0.0,0.0,0.0,0.0,0.0,0.0,0.0,0.0,0.0,0.0,0.0,0.0,0.0,0.0,0.0,0.0,0.0,0.0,0.0,0.0,0.0,0.0,0.0,0.0,0.0,0.0,0.0,0.0,0.0,0.0,0.0,0.0,0.0,0.0,0.0,0.0,0.0,0.0,0.0,0.0,0.0,0.0,0.0,0.0,0.0,0.0,0.0,0.0,0.0,0.0,0.0,0.0,0.0,0.0,0.0,0.0,0.0,0.0,0.0,0.0,0.0,0.0,0.0,0.0,0.0,0.0,0.0,0.0,0.0,0.0,0.0,0.0,0.0
2,2,0.010199999999999999,0.0291,0.9409,0.0,0.0,0.0,0.0,0.0,0.0,0.0,0.00030000000000000003,0.0194,0.0,0.0,0.0,0.0,0.0,0.0,0.0,0.0,0.0001,0.0,0.0,0.0,0.0,0.0,0.0,0.0,0.0,0.0,0.0,0.0,0.0,0.0,0.0,0.0,0.0,0.0,0.0,0.0,0.0,0.0,0.0,0.0,0.0,0.0,0.0,0.0,0.0,0.0,0.0,0.0,0.0,0.0,0.0,0.0,0.0,0.0,0.0,0.0,0.0,0.0,0.0,0.0,0.0,0.0,0.0,0.0,0.0,0.0,0.0,0.0,0.0,0.0,0.0,0.0,0.0,0.0,0.0,0.0,0.0,0.0,0.0,0.0,0.0,0.0,0.0,0.0,0.0,0.0,0.0,0.0,0.0,0.0,0.0,0.0,0.0,0.0,0.0,0.0
3,4,0.00021083999999999995,0.0010631199999999996,0.028979719999999997,0.04563365,0.8852928099999999,0.0,0.0,0.0,0.0,0.0,1.384e-05,0.00077406,0.0009408999999999999,0.03650692,0.0,0.0,0.0,0.0,0.0,0.0,5.9600000000000005e-06,9.700000000000002e-06,0.0005645400000000001,0.0,0.0,0.0,0.0,0.0,0.0,0.0,5.000000000000001e-08,3.88e-06,0.0,0.0,0.0,0.0,0.0,0.0,0.0,0.0,1.0000000000000002e-08,0.0,0.0,0.0,0.0,0.0,0.0,0.0,0.0,0.0,0.0,0.0,0.0,0.0,0.0,0.0,0.0,0.0,0.0,0.0,0.0,0.0,0.0,0.0,0.0,0.0,0.0,0.0,0.0,0.0,0.0,0.0,0.0,0.0,0.0,0.0,0.0,0.0,0.0,0.0,0.0,0.0,0.0,0.0,0.0,0.0,0.0,0.0,0.0,0.0,0.0,0.0,0.0,0.0,0.0,0.0,0.0,0.0,0.0,0.0
4,5,1.4986399999999998e-05,0.0005126837999999999,0.0017867690999999995,0.03778466219999999,0.05311756859999999,0.8587340256999999,0.0,0.0,0.0,0.0,1.0046999999999999e-05,3.3561999999999995e-05,0.00141135,0.0013690095,0.044264640499999994,0.0,0.0,0.0,0.0,0.0,2.955e-07,1.9206000000000002e-05,1.8818000000000002e-05,0.0009126730000000001,0.0,0.0,0.0,0.0,0.0,0.0,9.9e-08,1.4550000000000003e-07,9.409000000000001e-06,0.0,0.0,0.0,0.0,0.0,0.0,0.0,6.000000000000002e-10,4.8500000000000004e-08,0.0,0.0,0.0,0.0,0.0,0.0,0.0,0.0,1.0000000000000002e-10,0.0,0.0,0.0,0.0,0.0,0.0,0.0,0.0,0.0,0.0,0.0,0.0,0.0,0.0,0.0,0.0,0.0,0.0,0.0,0.0,0.0,0.0,0.0,0.0,0.0,0.0,0.0,0.0,0.0,0.0,0.0,0.0,0.0,0.0,0.0,0.0,0.0,0.0,0.0,0.0,0.0,0.0,0.0,0.0,0.0,0.0,0.0,0.0,0.0
5,6,5.527035999999999e-06,3.7866957e-05,0.0009071310989999999,0.002655878429999999,0.04621228468199999,0.060111381799,0.8329720049289999,0.0,0.0,0.0,5.889089999999999e-07,2.9177987999999998e-05,6.430110599999999e-05,0.002198629257,0.001859114901,0.05152404154199999,0.0,0.0,0.0,0.0,2.96475e-07,8.1189e-07,4.196414000000001e-05,3.1943555e-05,0.001327939215,0.0,0.0,0.0,0.0,0.0,5.4060000000000006e-09,3.82665e-07,3.2931500000000006e-07,1.825346e-05,0.0,0.0,0.0,0.0,0.0,0.0,1.4820000000000003e-09,2.0370000000000003e-09,1.4113500000000003e-07,0.0,0.0,0.0,0.0,0.0,0.0,0.0,7.000000000000002e-12,5.820000000000001e-10,0.0,0.0,0.0,0.0,0.0,0.0,0.0,0.0,1.0000000000000002e-12,0.0,0.0,0.0,0.0,0.0,0.0,0.0,0.0,0.0,0.0,0.0,0.0,0.0,0.0,0.0,0.0,0.0,0.0,0.0,0.0,0.0,0.0,0.0,0.0,0.0,0.0,0.0,0.0,0.0,0.0,0.0,0.0,0.0,0.0,0.0,0.0,0.0,0.0,0.0
6,7,4.9509938e-07,1.5102985359999999e-05,7.300405464e-05,0.0013905850897199998,0.003658029890919999,0.05427199042423999,0.06663776039432,0.8079828447811299,0.0,0.0,3.5590408e-07,1.6010412599999997e-06,5.9779893319999995e-05,0.00010784144167999999,0.0031233130336799993,0.00240445527196,0.058308040345029996,0.0,0.0,0.0,1.70268e-08,1.00282868e-06,1.7532730600000001e-06,7.615343512000002e-05,4.9576397359999994e-05,0.00180334145397,0.0,0.0,0.0,0.0,6.860280000000001e-09,1.667624e-08,9.747724000000002e-07,6.388711000000001e-07,3.0985248350000005e-05,0.0,0.0,0.0,0.0,0.0,8.932000000000002e-11,6.68136e-09,5.269040000000001e-09,3.1943555000000006e-07,0.0,0.0,0.0,0.0,0.0,0.0,2.0720000000000004e-11,2.7160000000000006e-11,1.9758900000000003e-09,0.0,0.0,0.0,0.0,0.0,0.0,0.0,8.000000000000001e-14,6.790000000000001e-12,0.0,0.0,0.0,0.0,0.0,0.0,0.0,0.0,1.0000000000000002e-14,0.0,0.0,0.0,0.0,0.0,0.0,0.0,0.0,0.0,0.0,0.0,0.0,0.0,0.0,0.0,0.0,0.0,0.0,0.0,0.0,0.0,0.0,0.0,0.0,0.0,0.0,0.0,0.0,0.0
7,8,1.64490882e-07,1.3773272112e-06,2.9883586175999997e-05,0.00012237849722399998,0.0019594008705167993,0.004781431055097599,0.061973117166717585,0.07271845603030169,0.783743359437696,0.0,2.46907152e-08,1.1040840312e-06,3.378997716e-06,0.00010388701210559997,0.00016572681403199998,0.0041734473649019995,0.0029986992177444003,0.0646386275824904,0.0,0.0,1.38261984e-08,5.0225901600000004e-08,2.3418248280000005e-06,3.2812419696e-06,0.00012344522942640002,7.21336581588e-05,0.0023323216138012,0.0,0.0,0.0,4.065264000000001e-10,2.6497296e-08,4.0150084800000006e-08,2.0201104182000004e-06,1.1154689406000002e-06,4.808910543920001e-05,0.0,0.0,0.0,0.0,1.365168e-10,3.0636480000000005e-10,1.9442757600000003e-08,1.1499679800000003e-08,6.197049670000001e-07,0.0,0.0,0.0,0.0,0.0,1.3728000000000002e-12,1.067388e-10,7.903560000000001e-11,5.110968800000001e-09,0.0,0.0,0.0,0.0,0.0,0.0,2.760000000000001e-13,3.4920000000000007e-13,2.6345200000000003e-11,0.0,0.0,0.0,0.0,0.0,0.0,0.0,0.0,7.76e-14,0.0,0.0,0.0,0.0,0.0,0.0,0.0,0.0,0.0,0.0,0.0,0.0,0.0,0.0,0.0,0.0,0.0,0.0,0.0,0.0,0.0,0.0,0.0,0.0,0.0,0.0,0.0,0.0
8,10,5.308970418e-09,3.2833355013720006e-08,5.411138642686799e-07,2.1444606895665596e-06,2.7659454770669033e-05,6.89423409198368e-05,0.00072809694218771,0.0009038696013312073,0.00787110232281619,0.00024239485343433898,3.245192982876e-08,6.2879776610232e-07,2.7742075942411196e-06,4.2258189886968895e-05,0.00011770374166254494,0.001375440513247522,0.002163442550054732,0.01838006957929561,0.009013348503455278,0.015211085035849552,1.7718329393172e-07,1.3632808050302398e-06,3.0212950436062197e-05,0.00011849834379075603,0.0019292436426374922,0.00456165271567569,0.059691195662118515,0.06847897725710092,0.7386783495021898,0.0,2.4488826040799998e-08,1.08525762009306e-06,3.2448303260069397e-06,0.00010023209260780642,0.00015741727789137994,0.00397538137481355,0.002822875598490881,0.0608637365405835,0.0,0.0,1.353567652056e-08,4.8051533559059995e-08,2.24357127869406e-06,3.1099650184570795e-06,0.00011713388433875605,6.789220020903054e-05,0.002195414397041566,0.0,0.0,0.0,3.9113820216000014e-10,2.53137523764e-08,3.800780135844001e-08,1.9132215492730206e-06,1.04976782790222e-06,4.5259062095199955e-05,0.0,0.0,0.0,0.0,1.3055411671999998e-10,2.898254352e-10,1.8395430562320003e-08,1.0821582049380002e-08,5.831795588795399e-07,0.0,0.0,0.0,0.0,0.0,1.30380416e-12,1.0094850915999998e-10,7.437137052000001e-11,4.809421648560001e-09,0.0,0.0,0.0,0.0,0.0,0.0,2.6119384000000004e-13,3.2856228e-13,2.4789704120000002e-11,0.0,0.0,0.0,0.0,0.0,0.0,0.0,0.0,7.301384e-14,0.0,0.0,0.0,0.0,0.0,0.0,0.0,0.0
9,11,0.0,0.0,0.0,0.0,0.0,0.0,0.0,0.0,0.0,0.0,1.0,0.0,0.0,0.0,0.0,0.0,0.0,0.0,0.0,0.0,0.0,0.0,0.0,0.0,0.0,0.0,0.0,0.0,0.0,0.0,0.0,0.0,0.0,0.0,0.0,0.0,0.0,0.0,0.0,0.0,0.0,0.0,0.0,0.0,0.0,0.0,0.0,0.0,0.0,0.0,0.0,0.0,0.0,0.0,0.0,0.0,0.0,0.0,0.0,0.0,0.0,0.0,0.0,0.0,0.0,0.0,0.0,0.0,0.0,0.0,0.0,0.0,0.0,0.0,0.0,0.0,0.0,0.0,0.0,0.0,0.0,0.0,0.0,0.0,0.0,0.0,0.0,0.0,0.0,0.0,0.0,0.0,0.0,0.0,0.0,0.0,0.0,0.0,0.0,0.0
10,12,0.97,0.0,0.0,0.0,0.0,0.0,0.0,0.0,0.0,0.0,0.01,0.01,0.0,0.0,0.0,0.0,0.0,0.0,0.0,0.0,0.01,0.0,0.0,0.0,0.0,0.0,0.0,0.0,0.0,0.0,0.0,0.0,0.0,0.0,0.0,0.0,0.0,0.0,0.0,0.0,0.0,0.0,0.0,0.0,0.0,0.0,0.0,0.0,0.0,0.0,0.0,0.0,0.0,0.0,0.0,0.0,0.0,0.0,0.0,0.0,0.0,0.0,0.0,0.0,0.0,0.0,0.0,0.0,0.0,0.0,0.0,0.0,0.0,0.0,0.0,0.0,0.0,0.0,0.0,0.0,0.0,0.0,0.0,0.0,0.0,0.0,0.0,0.0,0.0,0.0,0.0,0.0,0.0,0.0,0.0,0.0,0.0,0.0,0.0,0.0
11,13,0.0195,0.941,0.0,0.0,0.0,0.0,0.0,0.0,0.0,0.0,0.01,0.0097,0.0097,0.0,0.0,0.0,0.0,0.0,0.0,0.0,0.0002,0.0098,0.0,0.0,0.0,0.0,0.0,0.0,0.0,0.0,0.0001,0.0,0.0,0.0,0.0,0.0,0.0,0.0,0.0,0.0,0.0,0.0,0.0,0.0,0.0,0.0,0.0,0.0,0.0,0.0,0.0,0.0,0.0,0.0,0.0,0.0,0.0,0.0,0.0,0.0,0.0,0.0,0.0,0.0,0.0,0.0,0.0,0.0,0.0,0.0,0.0,0.0,0.0,0.0,0.0,0.0,0.0,0.0,0.0,0.0,0.0,0.0,0.0,0.0,0.0,0.0,0.0,0.0,0.0,0.0,0.0,0.0,0.0,0.0,0.0,0.0,0.0,0.0,0.0,0.0
12,14,0.009899999999999999,0.028421999999999996,0.912867,0.0,0.0,0.0,0.0,0.0,0.0,0.0,0.000394,0.019305000000000003,0.009409,0.009409,0.0,0.0,0.0,0.0,0.0,0.0,0.00020099999999999998,0.000291,0.009602999999999999,0.0,0.0,0.0,0.0,0.0,0.0,0.0,3.0000000000000005e-06,0.000195,0.0,0.0,0.0,0.0,0.0,0.0,0.0,0.0,1.0000000000000002e-06,0.0,0.0,0.0,0.0,0.0,0.0,0.0,0.0,0.0,0.0,0.0,0.0,0.0,0.0,0.0,0.0,0.0,0.0,0.0,0.0,0.0,0.0,0.0,0.0,0.0,0.0,0.0,0.0,0.0,0.0,0.0,0.0,0.0,0.0,0.0,0.0,0.0,0.0,0.0,0.0,0.0,0.0,0.0,0.0,0.0,0.0,0.0,0.0,0.0,0.0,0.0,0.0,0.0,0.0,0.0,0.0,0.0,0.0,0.0
13,15,0.0004861599999999999,0.01920894,0.036792099999999994,0.88557508,0.0,0.0,0.0,0.0,0.0,0.0,0.000298,0.0007633999999999999,0.028044640000000006,0.00912673,0.00912673,0.0,0.0,0.0,0.0,0.0,8.89e-06,0.000486,0.00037636,0.009408999999999999,0.0,0.0,0.0,0.0,0.0,0.0,4e-06,5.820000000000001e-06,0.00028518,0.0,0.0,0.0,0.0,0.0,0.0,0.0,4.000000000000001e-08,2.92e-06,0.0,0.0,0.0,0.0,0.0,0.0,0.0,0.0,1.0000000000000002e-08,0.0,0.0,0.0,0.0,0.0,0.0,0.0,0.0,0.0,0.0,0.0,0.0,0.0,0.0,0.0,0.0,0.0,0.0,0.0,0.0,0.0,0.0,0.0,0.0,0.0,0.0,0.0,0.0,0.0,0.0,0.0,0.0,0.0,0.0,0.0,0.0,0.0,0.0,0.0,0.0,0.0,0.0,0.0,0.0,0.0,0.0,0.0,0.0,0.0
14,16,0.00020479260000000002,0.0010392195999999999,0.02813679,0.044635355099999996,0.8590990948999999,0.0,0.0,0.0,0.0,0.0,1.5564499999999996e-05,0.0007664558,0.0012034498999999998,0.036244408900000004,0.008852928099999999,0.008852928099999999,0.0,0.0,0.0,0.0,7.9689e-06,2.0079099999999996e-05,0.0008488082,0.0004563365,0.0092179973,0.0,0.0,0.0,0.0,0.0,1.875e-07,1.1621000000000001e-05,9.409000000000001e-06,0.00037071459999999995,0.0,0.0,0.0,0.0,0.0,0.0,6.97e-08,9.700000000000001e-08,5.6842e-06,0.0,0.0,0.0,0.0,0.0,0.0,0.0,5.000000000000001e-10,3.89e-08,0.0,0.0,0.0,0.0,0.0,0.0,0.0,0.0,1.0000000000000002e-10,0.0,0.0,0.0,0.0,0.0,0.0,0.0,0.0,0.0,0.0,0.0,0.0,0.0,0.0,0.0,0.0,0.0,0.0,0.0,0.0,0.0,0.0,0.0,0.0,0.0,0.0,0.0,0.0,0.0,0.0,0.0,0.0,0.0,0.0,0.0,0.0,0.0,0.0,0.0
15,17,1.4643693e-05,0.000498073476,0.0017477989619999997,0.036692474889,0.05197581467699999,0.833414651334,0.0,0.0,0.0,0.0,9.947818000000002e-06,3.7725050999999995e-05,0.001395762197,0.0017067925999999997,0.043928776835999994,0.008587340256999998,0.008587340256999998,0.0,0.0,0.0,4.3799999999999987e-07,2.3998683e-05,3.6168681e-05,0.001281675162,0.000531175686,0.009029986661999998,0.0,0.0,0.0,0.0,1.98471e-07,4.77726e-07,2.352444e-05,1.3690095000000001e-05,0.00045177313499999993,0.0,0.0,0.0,0.0,0.0,3.5470000000000003e-09,2.4105e-07,1.8818000000000003e-07,9.22082e-06,0.0,0.0,0.0,0.0,0.0,0.0,1.0920000000000002e-09,1.4550000000000002e-09,9.4575e-08,0.0,0.0,0.0,0.0,0.0,0.0,0.0,6.000000000000002e-12,4.86e-10,0.0,0.0,0.0,0.0,0.0,0.0,0.0,0.0,1.0000000000000002e-12,0.0,0.0,0.0,0.0,0.0,0.0,0.0,0.0,0.0,0.0,0.0,0.0,0.0,0.0,0.0,0.0,0.0,0.0,0.0,0.0,0.0,0.0,0.0,0.0,0.0,0.0,0.0,0.0,0.0
16,18,5.3730868e-06,3.70403571e-05,0.0008814916321999999,0.0025991158148,0.0448848930708,0.058836560152599984,0.80849808519655,0.0,0.0,0.0,6.2754562e-07,2.882772702e-05,7.15009019e-05,0.00217291859996,0.0022665321281999996,0.05112123331344999,0.008329720049289998,0.008329720049289998,0.0,0.0,3.4582972000000006e-07,1.1685745799999998e-06,5.02883405e-05,5.760020438e-05,0.0017773302734699998,0.00060111381799,0.008844960464709999,0.0,0.0,0.0,1.1177439999999998e-08,6.701586e-07,9.6386378e-07,4.024539797e-05,1.8591149010000003e-05,0.0005285198075699999,0.0,0.0,0.0,0.0,4.441600000000001e-09,1.01142e-08,5.6221685e-07,3.1943555000000006e-07,1.3461926749999999e-05,0.0,0.0,0.0,0.0,0.0,6.1e-11,4.42035e-09,3.2931500000000008e-09,1.8394594999999998e-07,0.0,0.0,0.0,0.0,0.0,0.0,1.585e-11,2.0370000000000003e-11,1.41717e-09,0.0,0.0,0.0,0.0,0.0,0.0,0.0,7.000000000000003e-14,5.83e-12,0.0,0.0,0.0,0.0,0.0,0.0,0.0,0.0,1.0000000000000002e-14,0.0,0.0,0.0,0.0,0.0,0.0,0.0,0.0,0.0,0.0,0.0,0.0,0.0,0.0,0.0,0.0,0.0,0.0,0.0
17,22,0.0,0.0,0.0,0.0,0.0,0.0,0.0,0.0,0.0,0.0,0.0,0.0,0.0,0.0,0.0,0.0,0.0,0.0,0.0,0.0,0.0,0.0,0.0,0.0,0.0,0.0,0.0,0.0,0.0,0.0,1.0,0.0,0.0,0.0,0.0,0.0,0.0,0.0,0.0,0.0,0.0,0.0,0.0,0.0,0.0,0.0,0.0,0.0,0.0,0.0,0.0,0.0,0.0,0.0,0.0,0.0,0.0,0.0,0.0,0.0,0.0,0.0,0.0,0.0,0.0,0.0,0.0,0.0,0.0,0.0,0.0,0.0,0.0,0.0,0.0,0.0,0.0,0.0,0.0,0.0,0.0,0.0,0.0,0.0,0.0,0.0,0.0,0.0,0.0,0.0,0.0,0.0,0.0,0.0,0.0,0.0,0.0,0.0,0.0,0.0
18,23,0.0,0.0,0.0,0.0,0.0,0.0,0.0,0.0,0.0,0.0,0.0,0.0,0.0,0.0,0.0,0.0,0.0,0.0,0.0,0.0,0.01,0.0,0.0,0.0,0.0,0.0,0.0,0.0,0.0,0.0,0.01,0.97,0.0,0.0,0.0,0.0,0.0,0.0,0.0,0.0,0.01,0.0,0.0,0.0,0.0,0.0,0.0,0.0,0.0,0.0,0.0,0.0,0.0,0.0,0.0,0.0,0.0,0.0,0.0,0.0,0.0,0.0,0.0,0.0,0.0,0.0,0.0,0.0,0.0,0.0,0.0,0.0,0.0,0.0,0.0,0.0,0.0,0.0,0.0,0.0,0.0,0.0,0.0,0.0,0.0,0.0,0.0,0.0,0.0,0.0,0.0,0.0,0.0,0.0,0.0,0.0,0.0,0.0,0.0,0.0
19,24,0.0,0.0,0.0,0.0,0.0,0.0,0.0,0.0,0.0,0.0,0.0001,0.0,0.0,0.0,0.0,0.0,0.0,0.0,0.0,0.0,0.0002,0.0194,0.0,0.0,0.0,0.0,0.0,0.0,0.0,0.0,0.009999999999999998,0.0097,0.9409,0.0,0.0,0.0,0.0,0.0,0.0,0.0,0.0002,0.0194,0.0,0.0,0.0,0.0,0.0,0.0,0.0,0.0,0.0001,0.0,0.0,0.0,0.0,0.0,0.0,0.0,0.0,0.0,0.0,0.0,0.0,0.0,0.0,0.0,0.0,0.0,0.0,0.0,0.0,0.0,0.0,0.0,0.0,0.0,0.0,0.0,0.0,0.0,0.0,0.0,0.0,0.0,0.0,0.0,0.0,0.0,0.0,0.0,0.0,0.0,0.0,0.0,0.0,0.0,0.0,0.0,0.0,0.0
20,25,9.7e-05,0.0,0.0,0.0,0.0,0.0,0.0,0.0,0.0,0.0,0.000195,0.018819000000000002,0.0,0.0,0.0,0.0,0.0,0.0,0.0,0.0,0.009896999999999998,0.009411000000000001,0.912867,0.0,0.0,0.0,0.0,0.0,0.0,0.0,0.000393,0.028520999999999998,9.7e-05,0.009408999999999999,0.0,0.0,0.0,0.0,0.0,0.0,0.000393,9.9e-05,0.009602999999999999,0.0,0.0,0.0,0.0,0.0,0.0,0.0,3.0000000000000005e-06,0.000195,0.0,0.0,0.0,0.0,0.0,0.0,0.0,0.0,1.0000000000000002e-06,0.0,0.0,0.0,0.0,0.0,0.0,0.0,0.0,0.0,0.0,0.0,0.0,0.0,0.0,0.0,0.0,0.0,0.0,0.0,0.0,0.0,0.0,0.0,0.0,0.0,0.0,0.0,0.0,0.0,0.0,0.0,0.0,0.0,0.0,0.0,0.0,0.0,0.0,0.0
21,26,3.89e-06,0.00028228000000000004,0.0,0.0,0.0,0.0,0.0,0.0,0.0,0.0,0.00029007999999999996,0.00028326,0.0273831,0.0,0.0,0.0,0.0,0.0,0.0,0.0,0.00019895999999999998,0.01920216,0.00912964,0.88557508,0.0,0.0,0.0,0.0,0.0,0.0,0.00039204,0.00047727999999999996,0.036984159999999995,9.409e-05,0.00912673,0.0,0.0,0.0,0.0,0.0,8.880000000000001e-06,0.0007644,9.699999999999999e-05,0.009408999999999999,0.0,0.0,0.0,0.0,0.0,0.0,5.92e-06,3.900000000000001e-06,0.00028518,0.0,0.0,0.0,0.0,0.0,0.0,0.0,4.000000000000001e-08,2.92e-06,0.0,0.0,0.0,0.0,0.0,0.0,0.0,0.0,1.0000000000000002e-08,0.0,0.0,0.0,0.0,0.0,0.0,0.0,0.0,0.0,0.0,0.0,0.0,0.0,0.0,0.0,0.0,0.0,0.0,0.0,0.0,0.0,0.0,0.0,0.0,0.0,0.0,0.0,0.0,0.0
22,31,5.509471260095998e-06,3.625348986007199e-05,0.0008903199258804538,0.0024903667454744273,0.043973794033926046,0.05491453869408807,0.7616858142237362,0.0,0.0,0.0,7.12099167816e-07,4.579878893060401e-05,6.842875459277999e-05,0.00332758248002703,0.0018109160833881777,0.07331214579983614,0.000242549526865668,0.023527295607158806,0.0,0.0,8.77461628872e-07,1.770837212412e-06,0.00012574834645470001,6.6867681248004e-05,0.004318549331712431,0.00026453433040496394,0.025494900721615518,2.499447190473e-06,0.00024244637747588096,0.0,3.3104340884999994e-08,2.739730398024e-06,2.1416772930119994e-06,0.000159890971230576,2.3801837351663994e-05,0.002051827581971376,5.188992302097e-06,0.0005024823722058089,8.587340256999999e-09,8.32972004929e-07,2.8796935725e-08,4.8905123169e-08,3.5925818028719996e-06,1.2791453783519996e-06,8.643733159415998e-05,2.9030781890279993e-06,0.00027821465570153993,2.6293196457e-08,2.5504400563289992e-06,0.0,6.278707449999999e-10,4.8697933272000006e-08,3.4437171768e-08,2.2538615161200003e-06,2.2150788584399997e-07,1.8779147491571996e-05,2.7456854531999995e-08,2.654816078627999e-06,0.0,0.0,3.3509947200000007e-10,5.31227832e-10,3.6090221976e-08,9.113791374e-09,6.120674591819999e-07,1.0400972051999997e-08,9.915462006599999e-07,0.0,0.0,0.0,4.560433e-12,3.3822206400000005e-10,1.9291918200000005e-10,1.1720118029999999e-08,6.68613822e-10,5.5562760702e-08,0.0,0.0,0.0,0.0,1.5532410000000003e-12,2.1590370000000003e-12,1.3480578e-10,1.9818654e-11,1.383123582e-09,0.0,0.0,0.0,0.0,0.0,1.4901000000000004e-14,8.766480000000002e-13,4.482480000000001e-13,1.8678612e-11,0.0,0.0,0.0,0.0,0.0,0.0
23,32,4.798453154807998e-07,1.5067909169004415e-05,6.965703942374644e-05,0.0013615277606983153,0.0034226482312242176,0.05155370520008487,0.06088638617077145,0.7390705127530957,0.0,0.0,5.289782098738801e-07,1.7552670094341597e-06,8.786133278630774e-05,0.00011005739705610267,0.004443799897280966,0.0023108048264001194,0.07921986153136616,0.0002352980355316027,0.0228239012027188,0.0,3.393502349985e-08,2.5940064378391204e-06,3.0920932273775993e-06,0.0002000361238907594,8.585417332201193e-05,0.005197581592795288,0.00025910068015639736,0.024972775943535457,2.42454964816138e-06,0.0002351813158716538,3.679093303506e-08,7.172540694437999e-08,5.5498574809647594e-06,2.996913614001839e-06,0.00021966238454643836,2.5814046240074965e-05,0.0022530287320074636,5.05866581030596e-06,0.000489866198935006,8.1631256483042e-07,1.1143427052399999e-09,9.174312899493e-08,8.199056790524997e-08,5.970625992194399e-06,1.5100352512667995e-06,0.00010733242549798005,2.868413266888019e-06,0.00027494509231390133,2.559027396586e-08,2.482256574688419e-06,7.845783921400001e-10,1.4477698503399998e-09,1.0606233068352e-07,4.8501727170659995e-08,3.24453113608554e-06,2.442720094248e-07,2.1034383246633114e-05,2.6896080860609996e-08,2.6006759968324493e-06,0.0,1.498758482e-11,1.1763102609600001e-09,9.5272982028e-10,6.378400625004e-08,1.1166152349960001e-08,7.919679999358799e-07,1.0363511435759998e-08,9.883479754264798e-07,0.0,0.0,6.794352100000002e-12,1.1686680520000001e-11,8.0752685994e-10,2.8515384504000003e-10,1.8058647923759997e-08,7.525651278599999e-10,6.381133988754e-08,0.0,0.0,0.0,8.287612000000003e-14,6.2456886900000006e-12,4.226126730000001e-12,2.6198080884e-10,2.5910232600000003e-11,1.89725748156e-09,0.0,0.0,0.0,0.0,2.4596910000000005e-14,4.92933e-14,2.3896749600000004e-12,8.197732200000001e-13,3.194948946e-11,0.0,0.0,0.0,0.0,0.0
24,33,0.0,0.0,0.0,0.0,0.0,0.0,0.0,0.0,0.0,0.0,0.0,0.0,0.0,0.0,0.0,0.0,0.0,0.0,0.0,0.0,0.0,0.0,0.0,0.0,0.0,0.0,0.0,0.0,0.0,0.0,0.0,0.0,0.0,0.0,0.0,0.0,0.0,0.0,0.0,0.0,1.0,0.0,0.0,0.0,0.0,0.0,0.0,0.0,0.0,0.0,0.0,0.0,0.0,0.0,0.0,0.0,0.0,0.0,0.0,0.0,0.0,0.0,0.0,0.0,0.0,0.0,0.0,0.0,0.0,0.0,0.0,0.0,0.0,0.0,0.0,0.0,0.0,0.0,0.0,0.0,0.0,0.0,0.0,0.0,0.0,0.0,0.0,0.0,0.0,0.0,0.0,0.0,0.0,0.0,0.0,0.0,0.0,0.0,0.0,0.0
25,34,0.0,0.0,0.0,0.0,0.0,0.0,0.0,0.0,0.0,0.0,0.0,0.0,0.0,0.0,0.0,0.0,0.0,0.0,0.0,0.0,0.0,0.0,0.0,0.0,0.0,0.0,0.0,0.0,0.0,0.0,0.97,0.0,0.0,0.0,0.0,0.0,0.0,0.0,0.0,0.0,0.01,0.01,0.0,0.0,0.0,0.0,0.0,0.0,0.0,0.0,0.01,0.0,0.0,0.0,0.0,0.0,0.0,0.0,0.0,0.0,0.0,0.0,0.0,0.0,0.0,0.0,0.0,0.0,0.0,0.0,0.0,0.0,0.0,0.0,0.0,0.0,0.0,0.0,0.0,0.0,0.0,0.0,0.0,0.0,0.0,0.0,0.0,0.0,0.0,0.0,0.0,0.0,0.0,0.0,0.0,0.0,0.0,0.0,0.0,0.0
26,35,0.0,0.0,0.0,0.0,0.0,0.0,0.0,0.0,0.0,0.0,0.0,0.0,0.0,0.0,0.0,0.0,0.0,0.0,0.0,0.0,0.0097,0.0,0.0,0.0,0.0,0.0,0.0,0.0,0.0,0.0,0.0098,0.941,0.0,0.0,0.0,0.0,0.0,0.0,0.0,0.0,0.01,0.0097,0.0097,0.0,0.0,0.0,0.0,0.0,0.0,0.0,0.0002,0.0098,0.0,0.0,0.0,0.0,0.0,0.0,0.0,0.0,0.0001,0.0,0.0,0.0,0.0,0.0,0.0,0.0,0.0,0.0,0.0,0.0,0.0,0.0,0.0,0.0,0.0,0.0,0.0,0.0,0.0,0.0,0.0,0.0,0.0,0.0,0.0,0.0,0.0,0.0,0.0,0.0,0.0,0.0,0.0,0.0,0.0,0.0,0.0,0.0
27,36,0.0,0.0,0.0,0.0,0.0,0.0,0.0,0.0,0.0,0.0,9.7e-05,0.0,0.0,0.0,0.0,0.0,0.0,0.0,0.0,0.0,0.000195,0.018819000000000002,0.0,0.0,0.0,0.0,0.0,0.0,0.0,0.0,0.009705,0.009602999999999999,0.912867,0.0,0.0,0.0,0.0,0.0,0.0,0.0,0.000297,0.019305000000000003,0.009409,0.009409,0.0,0.0,0.0,0.0,0.0,0.0,0.00020099999999999998,0.000291,0.009602999999999999,0.0,0.0,0.0,0.0,0.0,0.0,0.0,3.0000000000000005e-06,0.000195,0.0,0.0,0.0,0.0,0.0,0.0,0.0,0.0,1.0000000000000002e-06,0.0,0.0,0.0,0.0,0.0,0.0,0.0,0.0,0.0,0.0,0.0,0.0,0.0,0.0,0.0,0.0,0.0,0.0,0.0,0.0,0.0,0.0,0.0,0.0,0.0,0.0,0.0,0.0,0.0
28,37,9.409e-05,0.0,0.0,0.0,0.0,0.0,0.0,0.0,0.0,0.0,0.00019012,0.0182554,0.0,0.0,0.0,0.0,0.0,0.0,0.0,0.0,0.00960496,0.00931686,0.88566918,0.0,0.0,0.0,0.0,0.0,0.0,0.0,0.00048312,0.028139760000000003,0.00922276,0.018255399999999998,0.0,0.0,0.0,0.0,0.0,0.0,0.00048804,0.00047536,0.01873072,9.409000000000002e-05,9.409000000000002e-05,0.0,0.0,0.0,0.0,0.0,1.0800000000000002e-05,0.00048024000000000005,9.700000000000001e-05,0.00019012,0.0,0.0,0.0,0.0,0.0,0.0,4.96e-06,2.9400000000000007e-06,9.797999999999998e-05,0.0,0.0,0.0,0.0,0.0,0.0,0.0,4.000000000000001e-08,1.96e-06,0.0,0.0,0.0,0.0,0.0,0.0,0.0,0.0,1.0000000000000002e-08,0.0,0.0,0.0,0.0,0.0,0.0,0.0,0.0,0.0,0.0,0.0,0.0,0.0,0.0,0.0,0.0,0.0,0.0,0.0
29,38,3.7830000000000005e-06,0.00027382130000000004,0.0,0.0,0.0,0.0,0.0,0.0,0.0,0.0,0.0002814457,0.000277585,0.0265644298,0.0,0.0,0.0,0.0,0.0,0.0,0.0,0.00019595059999999998,0.0186374546,0.0091295818,0.8592816585999999,0.0,0.0,0.0,0.0,0.0,0.0,0.0003871588000000001,0.0006587762000000001,0.03652212020000001,0.008947018099999999,0.017708678899999997,0.0,0.0,0.0,0.0,0.0,1.45732e-05,0.000946906,0.0005552377,0.0183541945,9.126730000000001e-05,9.126730000000001e-05,0.0,0.0,0.0,0.0,9.840400000000002e-06,1.6229e-05,0.0006560209999999999,9.503090000000001e-05,0.0001853573,0.0,0.0,0.0,0.0,0.0,1.8740000000000002e-07,1.0613000000000002e-05,3.8218e-06,9.694179999999997e-05,0.0,0.0,0.0,0.0,0.0,0.0,6.97e-08,6.820000000000002e-08,2.881e-06,0.0,0.0,0.0,0.0,0.0,0.0,0.0,5.000000000000001e-10,2.93e-08,0.0,0.0,0.0,0.0,0.0,0.0,0.0,0.0,1.0000000000000002e-10,0.0,0.0,0.0,0.0,0.0,0.0,0.0,0.0,0.0
30,39,0.00027944788199999994,0.000534901941,0.025770235119000003,0.0,0.0,0.0,0.0,0.0,0.0,0.0,0.00019570021899999998,0.018349527929999998,0.008858470196,0.8337688531399999,0.0,0.0,0.0,0.0,0.0,0.0,0.000566692545,0.000735044088,0.044471292024000006,0.008769903374999997,0.025770235118999993,0.0,0.0,0.0,0.0,0.0,2.655486e-05,0.0014739661560000002,0.0007259343299999999,0.026938693241999996,0.000177999462,0.00026561607,0.0,0.0,0.0,0.0,2.3031568000000004e-05,2.8028001e-05,0.001194572577,0.000188115204,0.000541337988,9.126730000000002e-07,9.126730000000002e-07,0.0,0.0,0.0,5.88204e-07,2.6422284000000002e-05,1.0372122000000002e-05,0.00028598927399999994,1.8629820000000003e-06,2.7662460000000003e-06,0.0,0.0,0.0,0.0,2.74017e-07,2.6853600000000004e-07,1.0430327999999999e-05,9.885270000000003e-07,2.8229909999999994e-06,0.0,0.0,0.0,0.0,0.0,3.738e-09,1.64058e-07,3.8900000000000004e-08,9.982279999999995e-07,0.0,0.0,0.0,0.0,0.0,0.0,1.092e-09,6.870000000000001e-10,2.9103000000000003e-08,0.0,0.0,0.0,0.0,0.0,0.0,0.0,7.000000000000002e-12,2.94e-10,0.0,0.0,0.0,0.0,0.0,0.0,0.0,0.0
31,40,0.0004690371561999999,0.018578393804879998,0.03359519317496,0.80901348989699,0.0,0.0,0.0,0.0,0.0,0.0,0.0007379385289600001,0.0008088834889199999,0.05191603942517,0.008595390975709997,0.03333481659682999,0.0,0.0,0.0,0.0,0.0,4.0732582719999995e-05,0.00206362229631,0.0008877904766899998,0.03517063624757,0.00026035851189,0.0005153499390899999,0.0,0.0,0.0,0.0,4.301275657000001e-05,4.206249375e-05,0.0018875749139100001,0.00027921011955,0.00105484329267,2.66528743e-06,3.54145351e-06,0.0,0.0,0.0,1.34670217e-06,5.2545318490000004e-05,1.9481733690000002e-05,0.0005641556338499999,5.477365930000001e-06,1.0761925929999998e-05,9.126730000000001e-09,9.126730000000001e-09,0.0,0.0,7.662170500000002e-07,6.5036319e-07,2.5187259509999998e-05,2.9623742700000003e-06,1.1039236349999997e-05,2.7756550000000004e-08,3.678919000000001e-08,0.0,0.0,0.0,1.493343e-08,5.304025500000001e-07,1.5402485000000002e-07,3.9607070899999984e-06,2.8515090000000006e-08,5.589237e-08,0.0,0.0,0.0,0.0,5.4773700000000005e-09,3.778130000000001e-09,1.4415605e-07,1.0274270000000002e-08,3.821218999999999e-08,0.0,0.0,0.0,0.0,0.0,6.196e-11,2.22771e-09,3.9587000000000005e-10,1.0273309999999997e-08,0.0,0.0,0.0,0.0,0.0,0.0,1.3999999999999999e-11,9.880000000000002e-12,2.9397e-10,0.0,0.0,0.0,0.0,0.0,0.0,0.0
32,42,1.4104447966943998e-05,0.0004903923533711399,0.0016446981851622417,0.035007036611476805,0.047474689064761114,0.7618475396210501,0.0,0.0,0.0,0.0,1.6933439740308e-05,4.2519834506556e-05,0.0022880544306923636,0.001679499362394786,0.06587854450196187,0.008092454590704946,0.03137472707892103,0.0,0.0,0.0,1.0758849439769998e-06,7.213343840425201e-05,7.739675604927599e-05,0.0037626840387534957,0.0010125934283927876,0.03376931369048436,0.000245023031326116,0.0004849614628005479,0.0,0.0,1.1286111610050003e-06,2.3483155823369997e-06,0.00013096738807048802,6.3563468633232e-05,0.002493389289635472,0.000267918261748932,0.001002778042247652,2.5079460014489995e-06,3.332330666121e-06,0.0,4.2042844645e-08,2.5376466096360007e-06,2.623360162224e-06,0.00010133663914891201,2.3938444205424004e-05,0.00055175534784504,5.2060775406570005e-06,1.0195492899824998e-05,8.587340257e-09,8.587340257e-09,2.5435227492000003e-08,5.5025170872000004e-08,2.547771995736e-06,1.07994896808e-06,3.504417391272e-05,2.8949244248999997e-06,1.0597760195555997e-05,2.6293196457000003e-08,3.4792007433000004e-08,0.0,6.37620601e-10,3.622872444e-08,3.2305687128e-08,1.126752749784e-06,2.0370354670799998e-07,3.943710843539999e-06,2.7369237924000007e-08,5.3303753892e-08,0.0,0.0,2.5571535300000007e-10,5.150412810000001e-10,2.1628915704e-08,7.053920622000001e-09,2.1453750823799995e-07,1.0223029044000003e-08,3.7041840467999994e-08,0.0,0.0,0.0,4.232577e-12,2.3375528399999997e-10,1.5703134600000001e-10,5.503452749999999e-09,5.746464300000001e-10,1.0413063101999996e-08,0.0,0.0,0.0,0.0,1.1870279999999999e-12,2.5416240000000005e-12,7.8853512e-11,2.4733746000000002e-11,4.797198059999999e-10,0.0,0.0,0.0,0.0,0.0
33,44,0.0,0.0,0.0,0.0,0.0,0.0,0.0,0.0,0.0,0.0,0.0,0.0,0.0,0.0,0.0,0.0,0.0,0.0,0.0,0.0,0.0,0.0,0.0,0.0,0.0,0.0,0.0,0.0,0.0,0.0,0.0,0.0,0.0,0.0,0.0,0.0,0.0,0.0,0.0,0.0,0.0,0.0,0.0,0.0,0.0,0.0,0.0,0.0,0.0,0.0,1.0,0.0,0.0,0.0,0.0,0.0,0.0,0.0,0.0,0.0,0.0,0.0,0.0,0.0,0.0,0.0,0.0,0.0,0.0,0.0,0.0,0.0,0.0,0.0,0.0,0.0,0.0,0.0,0.0,0.0,0.0,0.0,0.0,0.0,0.0,0.0,0.0,0.0,0.0,0.0,0.0,0.0,0.0,0.0,0.0,0.0,0.0,0.0,0.0,0.0
34,45,0.0,0.0,0.0,0.0,0.0,0.0,0.0,0.0,0.0,0.0,0.0,0.0,0.0,0.0,0.0,0.0,0.0,0.0,0.0,0.0,0.0,0.0,0.0,0.0,0.0,0.0,0.0,0.0,0.0,0.0,0.0,0.0,0.0,0.0,0.0,0.0,0.0,0.0,0.0,0.0,0.97,0.0,0.0,0.0,0.0,0.0,0.0,0.0,0.0,0.0,0.01,0.01,0.0,0.0,0.0,0.0,0.0,0.0,0.0,0.0,0.01,0.0,0.0,0.0,0.0,0.0,0.0,0.0,0.0,0.0,0.0,0.0,0.0,0.0,0.0,0.0,0.0,0.0,0.0,0.0,0.0,0.0,0.0,0.0,0.0,0.0,0.0,0.0,0.0,0.0,0.0,0.0,0.0,0.0,0.0,0.0,0.0,0.0,0.0,0.0
35,46,0.0,0.0,0.0,0.0,0.0,0.0,0.0,0.0,0.0,0.0,0.0,0.0,0.0,0.0,0.0,0.0,0.0,0.0,0.0,0.0,0.0,0.0,0.0,0.0,0.0,0.0,0.0,0.0,0.0,0.0,0.9409,0.0,0.0,0.0,0.0,0.0,0.0,0.0,0.0,0.0,0.0194,0.0194,0.0,0.0,0.0,0.0,0.0,0.0,0.0,0.0,0.0196,0.0001,0.0001,0.0,0.0,0.0,0.0,0.0,0.0,0.0,0.0002,0.0002,0.0,0.0,0.0,0.0,0.0,0.0,0.0,0.0,0.0001,0.0,0.0,0.0,0.0,0.0,0.0,0.0,0.0,0.0,0.0,0.0,0.0,0.0,0.0,0.0,0.0,0.0,0.0,0.0,0.0,0.0,0.0,0.0,0.0,0.0,0.0,0.0,0.0,0.0
36,47,0.0,0.0,0.0,0.0,0.0,0.0,0.0,0.0,0.0,0.0,0.0,0.0,0.0,0.0,0.0,0.0,0.0,0.0,0.0,0.0,0.009408999999999999,0.0,0.0,0.0,0.0,0.0,0.0,0.0,0.0,0.0,0.009602999999999999,0.912867,0.0,0.0,0.0,0.0,0.0,0.0,0.0,0.0,0.009992999999999998,0.018819000000000002,0.018819000000000002,0.0,0.0,0.0,0.0,0.0,0.0,0.0,0.00039299999999999996,0.019208999999999997,9.7e-05,9.7e-05,0.0,0.0,0.0,0.0,0.0,0.0,0.00020099999999999998,0.000195,0.000195,0.0,0.0,0.0,0.0,0.0,0.0,0.0,3.0000000000000005e-06,9.9e-05,0.0,0.0,0.0,0.0,0.0,0.0,0.0,0.0,1.0000000000000002e-06,0.0,0.0,0.0,0.0,0.0,0.0,0.0,0.0,0.0,0.0,0.0,0.0,0.0,0.0,0.0,0.0,0.0,0.0,0.0
37,48,0.0,0.0,0.0,0.0,0.0,0.0,0.0,0.0,0.0,0.0,9.408999999999999e-05,0.0,0.0,0.0,0.0,0.0,0.0,0.0,0.0,0.0,0.00019011999999999998,0.018255399999999998,0.0,0.0,0.0,0.0,0.0,0.0,0.0,0.0,0.00941872,0.009503099999999999,0.88566918,0.0,0.0,0.0,0.0,0.0,0.0,0.0,0.00038808,0.01920216,0.0182554,0.0182554,0.0,0.0,0.0,0.0,0.0,0.0,0.00029795999999999995,0.00057232,0.018823839999999998,9.409e-05,9.409e-05,0.0,0.0,0.0,0.0,0.0,7.919999999999999e-06,0.00038999999999999994,0.00019012,0.00019012,0.0,0.0,0.0,0.0,0.0,0.0,3.0399999999999997e-06,4.860000000000001e-06,9.797999999999998e-05,0.0,0.0,0.0,0.0,0.0,0.0,0.0,4.000000000000001e-08,1.96e-06,0.0,0.0,0.0,0.0,0.0,0.0,0.0,0.0,1.0000000000000002e-08,0.0,0.0,0.0,0.0,0.0,0.0,0.0,0.0,0.0
38,49,9.126729999999999e-05,0.0,0.0,0.0,0.0,0.0,0.0,0.0,0.0,0.0,0.00018535729999999997,0.017708678899999997,0.0,0.0,0.0,0.0,0.0,0.0,0.0,0.0,0.009321554499999999,0.009219908199999998,0.8592816585999999,0.0,0.0,0.0,0.0,0.0,0.0,0.0,0.000567557,0.0277595282,0.017802769,0.0265644298,0.0,0.0,0.0,0.0,0.0,0.0,0.0005791107999999999,0.0008366162,0.0274903922,0.00027382130000000004,0.00027382130000000004,0.0,0.0,0.0,0.0,0.0,2.0266e-05,0.0007615395999999999,0.00037363450000000003,0.0005561497,9.409000000000001e-07,9.409000000000001e-07,0.0,0.0,0.0,0.0,9.907599999999998e-06,1.2417800000000002e-05,0.00028908019999999995,2.8421000000000003e-06,2.8421000000000003e-06,0.0,0.0,0.0,0.0,0.0,1.97e-07,6.811399999999999e-06,1.9498e-06,2.881e-06,0.0,0.0,0.0,0.0,0.0,0.0,6.009999999999999e-08,4.900000000000001e-08,9.994e-07,0.0,0.0,0.0,0.0,0.0,0.0,0.0,6.000000000000002e-10,1.97e-08,0.0,0.0,0.0,0.0,0.0,0.0,0.0,0.0
39,50,3.678919e-06,0.00026561607,0.0,0.0,0.0,0.0,0.0,0.0,0.0,0.0,0.00027306858,0.000271995663,0.025770235118999993,0.0,0.0,0.0,0.0,0.0,0.0,0.0,0.00019294376999999999,0.018089406521999998,0.009121338643999999,0.8337688531399999,0.0,0.0,0.0,0.0,0.0,0.0,0.00038227750500000003,0.0008291232239999999,0.03606010716,0.017271424143,0.025770235119000003,0.0,0.0,0.0,0.0,0.0,2.00355e-05,0.001121852076,0.000996019962,0.026939624442,0.00026561607000000003,0.00026561607000000003,0.0,0.0,0.0,0.0,1.3708239999999998e-05,3.1884705e-05,0.001022049633,0.00036520150800000003,0.000542241252,9.126730000000001e-07,9.126730000000001e-07,0.0,0.0,0.0,4.27884e-07,2.0184683999999996e-05,1.582953e-05,0.00028602652199999996,2.7662460000000003e-06,2.7662460000000003e-06,0.0,0.0,0.0,0.0,1.6976099999999995e-07,3.3525600000000005e-07,9.536663999999998e-06,1.919727e-06,2.822991e-06,0.0,0.0,0.0,0.0,0.0,3.0670000000000003e-09,1.36602e-07,6.702800000000001e-08,9.982279999999997e-07,0.0,0.0,0.0,0.0,0.0,0.0,8.099999999999999e-10,1.2690000000000003e-09,2.9103e-08,0.0,0.0,0.0,0.0,0.0,0.0,0.0
40,51,0.00027113802391999996,0.0005215201701999999,0.02499978422612999,0.0,0.0,0.0,0.0,0.0,0.0,0.0,0.00019264288851999998,0.017809813524029994,0.008850418441309998,0.80901348989699,0.0,0.0,0.0,0.0,0.0,0.0,0.00055636336857,0.0009001123080499998,0.04375458889300999,0.01684449480515,0.033334816596830005,0.0,0.0,0.0,0.0,0.0,3.3477879989999995e-05,0.0016335144255899998,0.0012383582232499998,0.03508742766293,0.00043036182933000005,0.00051534993909,0.0,0.0,0.0,0.0,2.8538643609999995e-05,4.937995071e-05,0.0016326039807899998,0.00053957606451,0.00105572877075,3.54145351e-06,3.54145351e-06,0.0,0.0,0.0,1.07133193e-06,4.115524296999999e-05,2.928570585e-05,0.0005624848796099999,9.000561130000001e-06,1.0770958570000001e-05,9.126730000000001e-09,9.126730000000001e-09,0.0,0.0,5.078762499999999e-07,8.0661951e-07,2.2533172469999995e-05,5.700108030000001e-06,1.104864147e-05,3.678919000000001e-08,3.678919000000001e-08,0.0,0.0,0.0,1.2304e-08,4.3141502999999995e-07,2.4586229000000005e-07,3.9521429299999995e-06,4.685973000000001e-08,5.589237e-08,0.0,0.0,0.0,0.0,3.879999999999999e-09,5.284440000000001e-09,1.3494484999999998e-07,1.9867550000000002e-08,3.821219e-08,0.0,0.0,0.0,0.0,0.0,5.956e-11,1.67784e-09,9.740000000000002e-10,1.0273309999999998e-08,0.0,0.0,0.0,0.0,0.0,0.0
41,52,0.0004577940670079999,0.018034102905903595,0.032839911789118784,0.7849930830423415,0.0,0.0,0.0,0.0,0.0,0.0,0.0007224084118775999,0.0009687547538087997,0.05096018210269118,0.0164276641454086,0.040424906997895,0.0,0.0,0.0,0.0,0.0,4.896472924169999e-05,0.0022057166506783995,0.0014671577320975997,0.0428958337869104,0.0005858959225016,0.0008332376068856001,0.0,0.0,0.0,0.0,4.9916041043199995e-05,6.961803630159999e-05,0.0023883811711815995,0.0007085209311519999,0.0017134328496160004,7.738828198e-06,8.5887092956e-06,0.0,0.0,0.0,2.1531567152e-06,7.286715618079999e-05,4.66802770592e-05,0.0009233679373663999,1.84653377696e-05,2.6194031446400002e-05,4.42674632e-08,4.42674632e-08,0.0,0.0,1.2002921475999998e-06,1.5797908096000001e-06,4.421961832959999e-05,1.1307728104000001e-05,2.7007028315199998e-05,1.6119692800000001e-07,1.7890090240000002e-07,9.126730000000002e-11,9.126730000000002e-11,0.0,3.57931569e-08,1.0604354959999998e-06,5.964107552e-07,9.794245577599998e-06,1.9282852160000005e-07,2.7277949120000003e-07,4.591592000000001e-10,4.591592000000001e-10,0.0,0.0,1.3279552799999997e-08,1.5773764800000004e-08,4.0006380879999995e-07,7.919982400000002e-08,1.87632592e-07,8.364892000000002e-10,9.268156000000002e-10,0.0,0.0,0.0,2.7245759999999997e-10,7.3299036e-09,3.654922800000001e-09,5.121811039999999e-08,6.672728000000001e-10,9.410456e-10,0.0,0.0,0.0,0.0,5.6769599999999997e-11,7.995840000000001e-11,1.4786999999999999e-09,3.111486e-10,4.84855e-10,0.0,0.0,0.0,0.0,0.0
42,53,0.00019672099451797194,0.0009624879394860717,0.026181011588068,0.039868921907322726,0.7618475396210501,0.0,0.0,0.0,0.0,0.0,2.1979219619360994e-05,0.0014127361761140035,0.0014470394478607856,0.05811451487788191,0.01594069318027136,0.039220492164027,0.0,0.0,0.0,0.0,3.0270058328408994e-05,7.255109258652898e-05,0.0031019891217658794,0.0016003638101252937,0.04203867454784705,0.000568396433108532,0.0008083263657719881,0.0,0.0,0.0,1.7065196330169996e-06,9.508820959231199e-05,8.975308461564e-05,0.0027720560817850797,0.000693386304102132,0.0016707100676037964,7.507106026692e-06,8.331490691364e-06,0.0,0.0,1.2613664608679998e-06,3.2673430554479996e-06,0.00010424082876415198,5.266280871767999e-05,0.0009133332383391839,1.7990820562403997e-05,2.5496329279620004e-05,4.2940351977e-08,4.2940351977e-08,0.0,4.9690328292999995e-08,2.3457554832359995e-06,2.118241244496e-06,5.2494721892303993e-05,1.1156689893072e-05,2.6463274584144e-05,1.56809199057e-07,1.73982054225e-07,8.852928100000001e-11,8.852928100000001e-11,2.3098003532999996e-08,5.6639115489000004e-08,1.5727617082799997e-06,6.9431599704e-07,9.775092614255997e-06,1.8866859171600003e-07,2.6639897523600005e-07,4.462970970000001e-10,4.462970970000001e-10,0.0,6.51189321e-10,2.7559458299999998e-08,2.2093206876000003e-08,4.88392857336e-07,7.876715211600001e-08,1.8475008776399998e-07,8.159861160000002e-10,9.036027240000002e-10,0.0,0.0,2.0938683599999997e-10,4.5937033200000005e-10,1.1637612684e-08,4.34705757e-09,5.1572152013999994e-08,6.556195080000001e-10,9.22082388e-10,0.0,0.0,0.0,4.659552e-12,1.4395213200000002e-10,1.32007362e-10,1.95448014e-09,3.1333542000000004e-10,4.79719806e-10,0.0,0.0,0.0,0.0
43,55,0.0,0.0,0.0,0.0,0.0,0.0,0.0,0.0,0.0,0.0,0.0,0.0,0.0,0.0,0.0,0.0,0.0,0.0,0.0,0.0,0.0,0.0,0.0,0.0,0.0,0.0,0.0,0.0,0.0,0.0,0.0,0.0,0.0,0.0,0.0,0.0,0.0,0.0,0.0,0.0,0.0,0.0,0.0,0.0,0.0,0.0,0.0,0.0,0.0,0.0,0.0,0.0,0.0,0.0,0.0,0.0,0.0,0.0,0.0,0.0,1.0,0.0,0.0,0.0,0.0,0.0,0.0,0.0,0.0,0.0,0.0,0.0,0.0,0.0,0.0,0.0,0.0,0.0,0.0,0.0,0.0,0.0,0.0,0.0,0.0,0.0,0.0,0.0,0.0,0.0,0.0,0.0,0.0,0.0,0.0,0.0,0.0,0.0,0.0,0.0
44,56,0.0,0.0,0.0,0.0,0.0,0.0,0.0,0.0,0.0,0.0,0.0,0.0,0.0,0.0,0.0,0.0,0.0,0.0,0.0,0.0,0.0,0.0,0.0,0.0,0.0,0.0,0.0,0.0,0.0,0.0,0.0,0.0,0.0,0.0,0.0,0.0,0.0,0.0,0.0,0.0,0.0,0.0,0.0,0.0,0.0,0.0,0.0,0.0,0.0,0.0,0.97,0.0,0.0,0.0,0.0,0.0,0.0,0.0,0.0,0.0,0.01,0.01,0.0,0.0,0.0,0.0,0.0,0.0,0.0,0.0,0.01,0.0,0.0,0.0,0.0,0.0,0.0,0.0,0.0,0.0,0.0,0.0,0.0,0.0,0.0,0.0,0.0,0.0,0.0,0.0,0.0,0.0,0.0,0.0,0.0,0.0,0.0,0.0,0.0,0.0
45,57,0.0,0.0,0.0,0.0,0.0,0.0,0.0,0.0,0.0,0.0,0.0,0.0,0.0,0.0,0.0,0.0,0.0,0.0,0.0,0.0,0.0,0.0,0.0,0.0,0.0,0.0,0.0,0.0,0.0,0.0,0.0,0.0,0.0,0.0,0.0,0.0,0.0,0.0,0.0,0.0,0.9409,0.0,0.0,0.0,0.0,0.0,0.0,0.0,0.0,0.0,0.0194,0.0194,0.0,0.0,0.0,0.0,0.0,0.0,0.0,0.0,0.0196,0.0001,0.0001,0.0,0.0,0.0,0.0,0.0,0.0,0.0,0.0002,0.0002,0.0,0.0,0.0,0.0,0.0,0.0,0.0,0.0,0.0001,0.0,0.0,0.0,0.0,0.0,0.0,0.0,0.0,0.0,0.0,0.0,0.0,0.0,0.0,0.0,0.0,0.0,0.0,0.0
46,58,0.0,0.0,0.0,0.0,0.0,0.0,0.0,0.0,0.0,0.0,0.0,0.0,0.0,0.0,0.0,0.0,0.0,0.0,0.0,0.0,0.0,0.0,0.0,0.0,0.0,0.0,0.0,0.0,0.0,0.0,0.912673,0.0,0.0,0.0,0.0,0.0,0.0,0.0,0.0,0.0,0.028227000000000002,0.028227000000000002,0.0,0.0,0.0,0.0,0.0,0.0,0.0,0.0,0.028808999999999994,0.000291,0.000291,0.0,0.0,0.0,0.0,0.0,0.0,0.0,0.000585,0.000585,1.0000000000000002e-06,1.0000000000000002e-06,0.0,0.0,0.0,0.0,0.0,0.0,0.00029699999999999996,3.0000000000000005e-06,3.0000000000000005e-06,0.0,0.0,0.0,0.0,0.0,0.0,0.0,3.0000000000000005e-06,3.0000000000000005e-06,0.0,0.0,0.0,0.0,0.0,0.0,0.0,0.0,1.0000000000000002e-06,0.0,0.0,0.0,0.0,0.0,0.0,0.0,0.0,0.0
47,59,0.0,0.0,0.0,0.0,0.0,0.0,0.0,0.0,0.0,0.0,0.0,0.0,0.0,0.0,0.0,0.0,0.0,0.0,0.0,0.0,0.00912673,0.0,0.0,0.0,0.0,0.0,0.0,0.0,0.0,0.0,0.009408999999999999,0.88557508,0.0,0.0,0.0,0.0,0.0,0.0,0.0,0.0,0.00997936,0.0273831,0.0273831,0.0,0.0,0.0,0.0,0.0,0.0,0.0,0.00057912,0.028235759999999995,0.00028228,0.00028228,0.0,0.0,0.0,0.0,0.0,0.0,0.00030275999999999995,0.0005704000000000001,0.0005704000000000001,9.7e-07,9.7e-07,0.0,0.0,0.0,0.0,0.0,8.88e-06,0.00029399999999999994,2.9200000000000004e-06,2.9200000000000004e-06,0.0,0.0,0.0,0.0,0.0,0.0,3.0399999999999997e-06,2.9400000000000007e-06,2.9400000000000007e-06,0.0,0.0,0.0,0.0,0.0,0.0,0.0,5.000000000000001e-08,1e-06,0.0,0.0,0.0,0.0,0.0,0.0,0.0,0.0
48,60,0.0,0.0,0.0,0.0,0.0,0.0,0.0,0.0,0.0,0.0,9.12673e-05,0.0,0.0,0.0,0.0,0.0,0.0,0.0,0.0,0.0,0.00018535729999999997,0.017708678899999997,0.0,0.0,0.0,0.0,0.0,0.0,0.0,0.0,0.009140901699999999,0.009400561,0.8592816585999999,0.0,0.0,0.0,0.0,0.0,0.0,0.0,0.0004735058,0.0190919186,0.0265644298,0.0265644298,0.0,0.0,0.0,0.0,0.0,0.0,0.0003909699999999999,0.0008441042000000001,0.02767104499999999,0.0002738213,0.0002738213,0.0,0.0,0.0,0.0,0.0,1.4611599999999999e-05,0.0005846787999999999,0.0005561497,0.0005561497,9.409e-07,9.409e-07,0.0,0.0,0.0,0.0,6.086799999999998e-06,1.43762e-05,0.0002909425999999999,2.8421000000000003e-06,2.8421000000000003e-06,0.0,0.0,0.0,0.0,0.0,1.491e-07,5.9281999999999986e-06,2.8810000000000005e-06,2.8810000000000005e-06,0.0,0.0,0.0,0.0,0.0,0.0,4.139999999999999e-08,8.790000000000001e-08,9.994000000000001e-07,0.0,0.0,0.0,0.0,0.0,0.0,0.0
49,66,0.0,0.0,0.0,0.0,0.0,0.0,0.0,0.0,0.0,0.0,0.0,0.0,0.0,0.0,0.0,0.0,0.0,0.0,0.0,0.0,0.0,0.0,0.0,0.0,0.0,0.0,0.0,0.0,0.0,0.0,0.0,0.0,0.0,0.0,0.0,0.0,0.0,0.0,0.0,0.0,0.0,0.0,0.0,0.0,0.0,0.0,0.0,0.0,0.0,0.0,0.0,0.0,0.0,0.0,0.0,0.0,0.0,0.0,0.0,0.0,0.0,0.0,0.0,0.0,0.0,0.0,0.0,0.0,0.0,0.0,0.0,0.0,0.0,0.0,0.0,0.0,0.0,0.0,0.0,0.0,1.0,0.0,0.0,0.0,0.0,0.0,0.0,0.0,0.0,0.0,0.0,0.0,0.0,0.0,0.0,0.0,0.0,0.0,0.0,0.0
50,67,0.0,1.0,0.0,0.0,0.0,0.0,0.0,0.0,0.0,0.0,0.0,0.0,0.0,0.0,0.0,0.0,0.0,0.0,0.0,0.0,0.0,0.0,0.0,0.0,0.0,0.0,0.0,0.0,0.0,0.0,0.0,0.0,0.0,0.0,0.0,0.0,0.0,0.0,0.0,0.0,0.0,0.0,0.0,0.0,0.0,0.0,0.0,0.0,0.0,0.0,0.0,0.0,0.0,0.0,0.0,0.0,0.0,0.0,0.0,0.0,0.0,0.0,0.0,0.0,0.0,0.0,0.0,0.0,0.0,0.0,0.0,0.0,0.0,0.0,0.0,0.0,0.0,0.0,0.0,0.0,0.0,0.0,0.0,0.0,0.0,0.0,0.0,0.0,0.0,0.0,0.0,0.0,0.0,0.0,0.0,0.0,0.0,0.0,0.0,0.0
51,68,0.01,0.01,0.97,0.0,0.0,0.0,0.0,0.0,0.0,0.0,0.0,0.01,0.0,0.0,0.0,0.0,0.0,0.0,0.0,0.0,0.0,0.0,0.0,0.0,0.0,0.0,0.0,0.0,0.0,0.0,0.0,0.0,0.0,0.0,0.0,0.0,0.0,0.0,0.0,0.0,0.0,0.0,0.0,0.0,0.0,0.0,0.0,0.0,0.0,0.0,0.0,0.0,0.0,0.0,0.0,0.0,0.0,0.0,0.0,0.0,0.0,0.0,0.0,0.0,0.0,0.0,0.0,0.0,0.0,0.0,0.0,0.0,0.0,0.0,0.0,0.0,0.0,0.0,0.0,0.0,0.0,0.0,0.0,0.0,0.0,0.0,0.0,0.0,0.0,0.0,0.0,0.0,0.0,0.0,0.0,0.0,0.0,0.0,0.0,0.0
52,69,0.00030000000000000003,0.0196,0.0194,0.9409,0.0,0.0,0.0,0.0,0.0,0.0,0.0002,0.0001,0.0194,0.0,0.0,0.0,0.0,0.0,0.0,0.0,0.0,0.0001,0.0,0.0,0.0,0.0,0.0,0.0,0.0,0.0,0.0,0.0,0.0,0.0,0.0,0.0,0.0,0.0,0.0,0.0,0.0,0.0,0.0,0.0,0.0,0.0,0.0,0.0,0.0,0.0,0.0,0.0,0.0,0.0,0.0,0.0,0.0,0.0,0.0,0.0,0.0,0.0,0.0,0.0,0.0,0.0,0.0,0.0,0.0,0.0,0.0,0.0,0.0,0.0,0.0,0.0,0.0,0.0,0.0,0.0,0.0,0.0,0.0,0.0,0.0,0.0,0.0,0.0,0.0,0.0,0.0,0.0,0.0,0.0,0.0,0.0,0.0,0.0,0.0,0.0
53,70,0.000204,0.000682,0.028808999999999994,0.028227000000000002,0.912673,0.0,0.0,0.0,0.0,0.0,6.000000000000002e-06,0.000585,0.000291,0.028227000000000002,0.0,0.0,0.0,0.0,0.0,0.0,3.0000000000000005e-06,1.0000000000000002e-06,0.000291,0.0,0.0,0.0,0.0,0.0,0.0,0.0,0.0,1.0000000000000002e-06,0.0,0.0,0.0,0.0,0.0,0.0,0.0,0.0,0.0,0.0,0.0,0.0,0.0,0.0,0.0,0.0,0.0,0.0,0.0,0.0,0.0,0.0,0.0,0.0,0.0,0.0,0.0,0.0,0.0,0.0,0.0,0.0,0.0,0.0,0.0,0.0,0.0,0.0,0.0,0.0,0.0,0.0,0.0,0.0,0.0,0.0,0.0,0.0,0.0,0.0,0.0,0.0,0.0,0.0,0.0,0.0,0.0,0.0,0.0,0.0,0.0,0.0,0.0,0.0,0.0,0.0,0.0,0.0
54,77,6.317759122799999e-10,1.1465110479359998e-08,4.524284364407999e-08,6.991077232757999e-07,1.8186156284204098e-06,2.1631052037692816e-05,3.386711874448348e-05,0.0002818345978041765,0.00018089988645547363,0.0002428649244400072,1.2736077140399998e-08,5.9217983806919994e-08,1.2026401570681798e-06,3.616997283377519e-06,5.875980277930559e-05,0.00011085728308673099,0.0014978855682558868,0.0013977846669634632,0.015822345662169564,0.0004872737667848204,3.807196623792e-08,8.795218655179198e-07,3.111790137404099e-06,5.9450381867905795e-05,0.0001310055024430748,0.0019619617466435806,0.002387270152740188,0.02678514707559272,0.009248696444713166,0.022823901202718815,1.7037735600281997e-07,1.05745448432844e-06,2.885230258824071e-05,9.090908472643228e-05,0.00185562986426265,0.003509565687650963,0.058310184985043416,0.05326708604206748,0.7390705127530957,0.0,1.606877986626e-08,9.233411003749198e-07,1.95636782448432e-06,8.568826265226147e-05,9.258582336807173e-05,0.0034310163718094186,0.0016467357683820581,0.05326708604206748,0.0,0.0,9.917837898e-09,2.2981410510690002e-08,1.65248388043434e-06,1.3595482645661998e-06,8.692453247190133e-05,2.8288416849600184e-05,0.0016467357683820581,0.0,0.0,0.0,1.6098324018e-10,1.5559635353610002e-08,1.2117538055880004e-08,1.1845311779064e-06,2.9159597714808e-07,2.8288416849600184e-05,0.0,0.0,0.0,0.0,6.402876495e-11,6.843130684000001e-11,9.111010598100004e-09,1.8035331182100003e-09,2.9159597714808e-07,0.0,0.0,0.0,0.0,0.0,2.578095100000001e-13,3.7440110439999993e-11,6.197331940000001e-12,1.8035331182100003e-09,0.0,0.0,0.0,0.0,0.0,0.0,6.416938000000003e-14,1.825346e-14,6.197331940000001e-12,0.0,0.0,0.0,0.0,0.0,0.0,0.0
55,78,0.0,0.0,0.0,0.0,0.0,0.0,0.0,0.0,0.0,0.0,0.0,1.0,0.0,0.0,0.0,0.0,0.0,0.0,0.0,0.0,0.0,0.0,0.0,0.0,0.0,0.0,0.0,0.0,0.0,0.0,0.0,0.0,0.0,0.0,0.0,0.0,0.0,0.0,0.0,0.0,0.0,0.0,0.0,0.0,0.0,0.0,0.0,0.0,0.0,0.0,0.0,0.0,0.0,0.0,0.0,0.0,0.0,0.0,0.0,0.0,0.0,0.0,0.0,0.0,0.0,0.0,0.0,0.0,0.0,0.0,0.0,0.0,0.0,0.0,0.0,0.0,0.0,0.0,0.0,0.0,0.0,0.0,0.0,0.0,0.0,0.0,0.0,0.0,0.0,0.0,0.0,0.0,0.0,0.0,0.0,0.0,0.0,0.0,0.0,0.0
56,81,0.000294,0.019208999999999997,0.018819000000000002,0.912867,0.0,0.0,0.0,0.0,0.0,0.0,0.000297,0.000194,0.028616999999999997,0.0,0.009409,0.0,0.0,0.0,0.0,0.0,3.0000000000000005e-06,0.000489,0.0,0.009602999999999999,0.0,0.0,0.0,0.0,0.0,0.0,3.0000000000000005e-06,0.0,0.000195,0.0,0.0,0.0,0.0,0.0,0.0,0.0,0.0,1.0000000000000002e-06,0.0,0.0,0.0,0.0,0.0,0.0,0.0,0.0,0.0,0.0,0.0,0.0,0.0,0.0,0.0,0.0,0.0,0.0,0.0,0.0,0.0,0.0,0.0,0.0,0.0,0.0,0.0,0.0,0.0,0.0,0.0,0.0,0.0,0.0,0.0,0.0,0.0,0.0,0.0,0.0,0.0,0.0,0.0,0.0,0.0,0.0,0.0,0.0,0.0,0.0,0.0,0.0,0.0,0.0,0.0,0.0,0.0,0.0
57,87,1.4028948432000001e-08,3.0768915797999995e-07,1.263190724424e-06,2.1141834057324e-05,5.7833433656603994e-05,0.0007046305223031241,0.001228023160064157,0.009674395193687365,0.008409032723903653,0.007924062682889577,1.61284720188e-07,1.065828206496e-06,2.8666991115569996e-05,9.283724584615198e-05,0.0018757834430400357,0.0036060573756311665,0.05960464587503276,0.0548978560553755,0.7616224825710874,8.079828447811298e-05,1.7592626376e-08,1.0784688699060002e-06,2.14067484864e-06,0.00010136785066891799,0.00010064004878305797,0.0040889681179490395,0.0017782321030020867,0.06398815444093739,0.0,0.007924062682889574,1.4955327756000003e-08,3.0944840328e-08,2.5550393817179995e-06,1.767381531624e-06,0.00013911445910200798,3.582647227907401e-05,0.0029058661249935233,0.0,0.00840903272390365,0.0,3.2781049200000003e-10,3.5124636707999995e-08,2.3328907506000003e-08,2.8619435246639997e-06,5.41091878824e-07,8.364930433553396e-05,0.0,0.0005832638361205318,0.0,0.0,2.33743476e-10,2.46814911e-10,3.6271271568e-08,6.817544994000001e-09,1.5310120477259998e-06,0.0,1.7796099480893995e-05,0.0,0.0,0.0,1.9497570000000003e-12,2.67300816e-10,7.028144700000002e-11,1.7577394547999998e-08,0.0,3.03687574974e-07,0.0,0.0,0.0,0.0,9.391959999999998e-13,5.363410000000001e-13,1.2238035599999997e-10,0.0,3.117889236e-09,0.0,0.0,0.0,0.0,0.0,2.7160000000000007e-15,4.72488e-13,0.0,1.9232676e-11,0.0,0.0,0.0,0.0,0.0,0.0,0.0,0.0,6.596e-14,0.0,0.0,0.0,0.0,0.0,0.0,0.0
58,89,0.0,0.0,0.0,0.0,0.0,0.0,0.0,0.0,0.0,0.0,0.0,0.0,0.0,0.0,0.0,0.0,0.0,0.0,0.0,0.0,0.0,0.0,0.0,0.0,0.0,0.0,0.0,0.0,0.0,0.0,0.0,1.0,0.0,0.0,0.0,0.0,0.0,0.0,0.0,0.0,0.0,0.0,0.0,0.0,0.0,0.0,0.0,0.0,0.0,0.0,0.0,0.0,0.0,0.0,0.0,0.0,0.0,0.0,0.0,0.0,0.0,0.0,0.0,0.0,0.0,0.0,0.0,0.0,0.0,0.0,0.0,0.0,0.0,0.0,0.0,0.0,0.0,0.0,0.0,0.0,0.0,0.0,0.0,0.0,0.0,0.0,0.0,0.0,0.0,0.0,0.0,0.0,0.0,0.0,0.0,0.0,0.0,0.0,0.0,0.0
59,90,0.0,0.0,0.0,0.0,0.0,0.0,0.0,0.0,0.0,0.0,0.0,0.0,0.0,0.0,0.0,0.0,0.0,0.0,0.0,0.0,0.0,0.01,0.0,0.0,0.0,0.0,0.0,0.0,0.0,0.0,0.01,0.0,0.97,0.0,0.0,0.0,0.0,0.0,0.0,0.0,0.0,0.01,0.0,0.0,0.0,0.0,0.0,0.0,0.0,0.0,0.0,0.0,0.0,0.0,0.0,0.0,0.0,0.0,0.0,0.0,0.0,0.0,0.0,0.0,0.0,0.0,0.0,0.0,0.0,0.0,0.0,0.0,0.0,0.0,0.0,0.0,0.0,0.0,0.0,0.0,0.0,0.0,0.0,0.0,0.0,0.0,0.0,0.0,0.0,0.0,0.0,0.0,0.0,0.0,0.0,0.0,0.0,0.0,0.0,0.0
60,91,0.0,0.0,0.0,0.0,0.0,0.0,0.0,0.0,0.0,0.0,0.0,0.0097,0.0,0.0,0.0,0.0,0.0,0.0,0.0,0.0,0.0098,0.0,0.941,0.0,0.0,0.0,0.0,0.0,0.0,0.0,0.0001,0.0196,0.0,0.0097,0.0,0.0,0.0,0.0,0.0,0.0,0.0002,0.0,0.0098,0.0,0.0,0.0,0.0,0.0,0.0,0.0,0.0,0.0001,0.0,0.0,0.0,0.0,0.0,0.0,0.0,0.0,0.0,0.0,0.0,0.0,0.0,0.0,0.0,0.0,0.0,0.0,0.0,0.0,0.0,0.0,0.0,0.0,0.0,0.0,0.0,0.0,0.0,0.0,0.0,0.0,0.0,0.0,0.0,0.0,0.0,0.0,0.0,0.0,0.0,0.0,0.0,0.0,0.0,0.0,0.0,0.0
61,92,0.0,9.7e-05,0.0,0.0,0.0,0.0,0.0,0.0,0.0,0.0,0.000195,0.0,0.018819000000000002,0.0,0.0,0.0,0.0,0.0,0.0,0.0,9.9e-05,0.019208999999999997,0.0,0.912867,0.0,0.0,0.0,0.0,0.0,0.0,0.000297,9.7e-05,0.028616999999999997,0.0,0.009409,0.0,0.0,0.0,0.0,0.0,3.0000000000000005e-06,0.000489,0.0,0.009602999999999999,0.0,0.0,0.0,0.0,0.0,0.0,3.0000000000000005e-06,0.0,0.000195,0.0,0.0,0.0,0.0,0.0,0.0,0.0,0.0,1.0000000000000002e-06,0.0,0.0,0.0,0.0,0.0,0.0,0.0,0.0,0.0,0.0,0.0,0.0,0.0,0.0,0.0,0.0,0.0,0.0,0.0,0.0,0.0,0.0,0.0,0.0,0.0,0.0,0.0,0.0,0.0,0.0,0.0,0.0,0.0,0.0,0.0,0.0,0.0,0.0
62,96,1.042896296e-05,0.0004830009398,0.00115050205526,0.03551329857365,0.03333481659683,0.80901348989699,0.0,0.0,0.0,0.0,1.5240117e-05,1.9395955259999998e-05,0.00208060607583,0.00051809737194,0.06042278180405,0.0,0.024999784226129997,0.0,0.0,0.0,4.775430999999999e-07,5.660212969e-05,1.719093274e-05,0.0029404062323100002,1.7800887099999998e-06,0.026567192852669997,0.0,0.00025765671463,0.0,0.0,7.346100099999999e-07,5.747545e-07,8.519436457e-05,1.9274452900000006e-06,0.00161874765849,9.12673e-09,0.00052866696433,0.0,8.852928100000001e-07,0.0,1.172511e-08,1.3481104899999998e-06,2.7930867e-07,5.233142367e-05,1.872391e-08,0.00028467636338999993,0.0,2.69238535e-06,0.0,0.0,1.0304309999999999e-08,7.561490000000003e-09,1.00391775e-06,1.035669e-08,1.3982667409999998e-05,0.0,2.76596373e-06,0.0,0.0,0.0,9.365000000000001e-11,1.067001e-08,1.1485100000000002e-09,3.2055509000000004e-07,0.0,9.965110699999998e-07,0.0,0.0,0.0,0.0,5.139000000000001e-11,2.5310000000000004e-11,4.027710000000001e-09,0.0,3.821219e-08,0.0,0.0,0.0,0.0,0.0,2.1000000000000006e-13,2.6410000000000006e-11,0.0,5.7621e-10,0.0,0.0,0.0,0.0,0.0,0.0,7.000000000000003e-14,1.0000000000000002e-14,3.910000000000001e-12,0.0,0.0,0.0,0.0,0.0,0.0,0.0
63,99,1.5494380229850003e-07,1.045608989715e-06,2.8297988864211602e-05,9.104472635440542e-05,0.0018514169721263868,0.0035183911126297437,0.058387751338142405,0.053267086042067466,0.7390705127530957,0.0,1.9421144088240003e-08,1.4185598915272799e-06,2.19636248047938e-06,0.00013251854370331835,9.791280496565698e-05,0.005231479401766112,0.0016492935253834618,0.07945270082980589,0.0,0.022823901202718808,2.7227227250640006e-08,4.477372955577e-08,4.6878422360481e-06,2.26994592301128e-06,0.00025457588333873137,4.0929179155580996e-05,0.0054507663361641825,1.6248965234295398e-06,0.024975175327850208,0.00023518131587165386,8.362690503e-10,9.548711120136001e-08,5.6429819542739996e-08,7.89576087872196e-06,1.2583823710678499e-06,0.00024320236351454782,1.8101652909494804e-06,0.0022579936699148547,1.6659440098580002e-08,0.0004906740959063845,9.940305136500001e-10,1.2155474318800001e-09,1.5850314368376e-07,4.185036406437e-08,7.20829093978416e-06,3.1067858033922e-07,0.00011011860411371256,1.734642731914e-08,0.00027497024879439023,2.4822565746884194e-06,1.743905194e-11,1.99604842404e-09,1.0058341090000004e-09,1.450841701104e-07,1.5689646000480003e-08,3.4724507765754606e-06,9.983447018369998e-09,2.1060653334209753e-05,0.0,2.6006759968324493e-06,1.3421635679999999e-11,1.55095979e-11,1.96299412656e-09,4.220329582800001e-10,7.363224308268001e-08,1.3460101404000001e-09,8.020334861893198e-07,0.0,9.883479754264796e-07,0.0,1.4817844e-13,1.684541088e-11,7.044728020000001e-12,1.0534854033e-09,5.85512661e-11,1.878629980248e-08,0.0,6.381133988754e-08,0.0,0.0,7.597701000000002e-14,7.476088000000002e-14,9.930210480000002e-12,1.2526560900000001e-12,2.8711212852e-10,0.0,1.89725748156e-09,0.0,0.0,0.0,0.0,5.758689000000001e-14,3.309300000000001e-14,2.8666257600000003e-12,3.2538360000000003e-13,3.194948946e-11,0.0,0.0,0.0,0.0
64,100,0.0,0.0,0.0,0.0,0.0,0.0,0.0,0.0,0.0,0.0,0.0,0.0,0.0,0.0,0.0,0.0,0.0,0.0,0.0,0.0,0.0,0.0,0.0,0.0,0.0,0.0,0.0,0.0,0.0,0.0,0.0,0.0,0.0,0.0,0.0,0.0,0.0,0.0,0.0,0.0,0.0,1.0,0.0,0.0,0.0,0.0,0.0,0.0,0.0,0.0,0.0,0.0,0.0,0.0,0.0,0.0,0.0,0.0,0.0,0.0,0.0,0.0,0.0,0.0,0.0,0.0,0.0,0.0,0.0,0.0,0.0,0.0,0.0,0.0,0.0,0.0,0.0,0.0,0.0,0.0,0.0,0.0,0.0,0.0,0.0,0.0,0.0,0.0,0.0,0.0,0.0,0.0,0.0,0.0,0.0,0.0,0.0,0.0,0.0,0.0
65,105,0.0001853573,9.126730000000001e-05,0.017708678899999997,0.0,0.0,0.0,0.0,0.0,0.0,0.0,9.694179999999997e-05,0.018444520900000004,0.0,0.8592816585999999,0.0,0.0,0.0,0.0,0.0,0.0,0.0005684882,0.00018446499999999998,0.045376901,0.0,0.0265644298,0.0,0.0,0.0,0.0,0.0,1.34354e-05,0.0014926276,2.8324999999999996e-06,0.027671045,0.0,0.00027382130000000004,0.0,0.0,0.0,0.0,2.2138e-05,4.8025e-06,0.0011294308000000001,9.700000000000001e-09,0.0005561497,0.0,9.409000000000001e-07,0.0,0.0,0.0,2.4500000000000004e-07,2.3021200000000002e-05,3.8900000000000004e-08,0.00029094259999999997,0.0,2.8421000000000003e-06,0.0,0.0,0.0,0.0,2.0660000000000004e-07,2.9800000000000002e-08,8.7218e-06,0.0,2.881e-06,0.0,0.0,0.0,0.0,0.0,1.0000000000000003e-09,1.0810000000000002e-07,0.0,9.994e-07,0.0,0.0,0.0,0.0,0.0,0.0,5.000000000000001e-10,0.0,1.97e-08,0.0,0.0,0.0,0.0,0.0,0.0,0.0,0.0,1.0000000000000002e-10,0.0,0.0,0.0,0.0,0.0,0.0,0.0,0.0
66,106,0.00027659637299999997,0.018158654916000008,0.017178331205999996,0.8336802956309999,0.0,0.0,0.0,0.0,0.0,0.0,0.000738701754,0.00018081314099999997,0.052969942554,0.0,0.034360313492,0.0,0.0,0.0,0.0,0.0,2.1531288e-05,0.002091747873,4.592175e-06,0.036153143543999997,0.0,0.000531250959,0.0,0.0,0.0,0.0,4.2219372e-05,6.665754000000001e-06,0.001840953612,3.7734e-08,0.00108455817,0.0,3.6508860000000005e-06,0.0,0.0,0.0,6.41409e-07,4.8772528000000004e-05,1.1418000000000001e-07,0.000575780577,9.700000000000001e-11,1.1065956000000002e-05,0.0,9.409e-09,0.0,0.0,6.54444e-07,7.977e-08,2.2894092e-05,4.860000000000001e-10,1.1293914e-05,0.0,3.783e-08,0.0,0.0,0.0,5.784000000000001e-09,4.243530000000001e-07,6.87e-10,3.994872e-06,0.0,5.7231000000000005e-08,0.0,0.0,0.0,0.0,3.6420000000000013e-09,3.08e-10,1.1740200000000001e-07,0.0,3.8804e-08,0.0,0.0,0.0,0.0,0.0,1.5000000000000003e-11,1.3800000000000004e-09,0.0,1.0191e-08,0.0,0.0,0.0,0.0,0.0,0.0,6.000000000000002e-12,1.0000000000000002e-12,1.9800000000000001e-10,0.0,0.0,0.0,0.0,0.0,0.0,0.0
67,107,0.00019450549416000006,0.0006234764744400001,0.02665218096243001,0.024999784226129994,0.8090134898969898,0.0,0.0,0.0,0.0,0.0,1.217642556e-05,0.0014487441548100002,0.00034721798057999994,0.060422781804049995,0.0,0.03333481659683,0.0,0.0,0.0,0.0,2.8942002870000002e-05,2.2806060059999998e-05,0.0029386358339100003,4.4547870900000005e-06,0.03542831046389,0.0,0.0005153499390899999,0.0,0.0,0.0,7.1057823e-07,8.076753096999999e-05,6.513222270000001e-06,0.00216385982655,3.660295e-08,0.0010574811029099998,0.0,3.5414535100000004e-06,0.0,0.0,9.228775300000001e-07,6.907637700000001e-07,7.170563496999999e-05,1.1113777000000001e-07,0.00056957634009,9.409000000000001e-11,1.0770958570000003e-05,0.0,9.12673e-09,0.0,1.3814070000000001e-08,1.35572041e-06,7.853043e-08,2.811796287e-05,4.723900000000002e-10,1.106670675e-05,0.0,3.678919000000001e-08,0.0,0.0,1.0882230000000002e-08,6.418130000000001e-09,6.816860700000002e-07,6.7125e-10,3.98892533e-06,0.0,5.589237000000001e-08,0.0,0.0,0.0,9.749000000000002e-11,8.964090000000004e-09,3.0563e-10,1.5431861e-07,0.0,3.821219e-08,0.0,0.0,0.0,0.0,5.043000000000002e-11,1.764e-11,2.6165100000000005e-09,0.0,1.027331e-08,0.0,0.0,0.0,0.0,0.0,2.8000000000000007e-13,2.1610000000000003e-11,2.95e-12,2.9397e-10,0.0,0.0,0.0,0.0,0.0,0.0
68,111,0.0,0.0,0.0,0.0,0.0,0.0,0.0,0.0,0.0,0.0,0.0,0.0,0.0,0.0,0.0,0.0,0.0,0.0,0.0,0.0,0.0,0.0,0.0,0.0,0.0,0.0,0.0,0.0,0.0,0.0,0.0,0.0,0.0,0.0,0.0,0.0,0.0,0.0,0.0,0.0,0.0,0.0,0.0,0.0,0.0,0.0,0.0,0.0,0.0,0.0,0.0,0.0,0.0,0.0,0.0,0.0,0.0,0.0,0.0,0.0,0.0,0.0,0.0,0.0,0.0,0.0,0.0,0.0,0.0,0.0,0.0,1.0,0.0,0.0,0.0,0.0,0.0,0.0,0.0,0.0,0.0,0.0,0.0,0.0,0.0,0.0,0.0,0.0,0.0,0.0,0.0,0.0,0.0,0.0,0.0,0.0,0.0,0.0,0.0,0.0
69,112,0.0,0.0,0.0,0.0,0.0,0.0,0.0,0.0,0.0,0.0,0.0,0.0,0.0,0.0,0.0,0.0,0.0,0.0,0.0,0.0,0.0,0.0,0.0,0.0,0.0,0.0,0.0,0.0,0.0,0.0,0.0,0.0,0.0,0.0,0.0,0.0,0.0,0.0,0.0,0.0,0.0,0.0,0.0,0.0,0.0,0.0,0.0,0.0,0.0,0.0,0.0,0.0,0.0,0.0,0.0,0.0,0.0,0.0,0.0,0.0,0.0,0.0,0.0,0.0,0.0,0.0,0.0,0.0,0.0,0.0,0.0,0.0,0.0,0.0,0.0,0.0,0.0,0.0,0.0,0.0,0.0,1.0,0.0,0.0,0.0,0.0,0.0,0.0,0.0,0.0,0.0,0.0,0.0,0.0,0.0,0.0,0.0,0.0,0.0,0.0
70,113,0.0,0.0,1.0,0.0,0.0,0.0,0.0,0.0,0.0,0.0,0.0,0.0,0.0,0.0,0.0,0.0,0.0,0.0,0.0,0.0,0.0,0.0,0.0,0.0,0.0,0.0,0.0,0.0,0.0,0.0,0.0,0.0,0.0,0.0,0.0,0.0,0.0,0.0,0.0,0.0,0.0,0.0,0.0,0.0,0.0,0.0,0.0,0.0,0.0,0.0,0.0,0.0,0.0,0.0,0.0,0.0,0.0,0.0,0.0,0.0,0.0,0.0,0.0,0.0,0.0,0.0,0.0,0.0,0.0,0.0,0.0,0.0,0.0,0.0,0.0,0.0,0.0,0.0,0.0,0.0,0.0,0.0,0.0,0.0,0.0,0.0,0.0,0.0,0.0,0.0,0.0,0.0,0.0,0.0,0.0,0.0,0.0,0.0,0.0,0.0
71,114,0.0,0.01,0.01,0.97,0.0,0.0,0.0,0.0,0.0,0.0,0.0,0.0,0.01,0.0,0.0,0.0,0.0,0.0,0.0,0.0,0.0,0.0,0.0,0.0,0.0,0.0,0.0,0.0,0.0,0.0,0.0,0.0,0.0,0.0,0.0,0.0,0.0,0.0,0.0,0.0,0.0,0.0,0.0,0.0,0.0,0.0,0.0,0.0,0.0,0.0,0.0,0.0,0.0,0.0,0.0,0.0,0.0,0.0,0.0,0.0,0.0,0.0,0.0,0.0,0.0,0.0,0.0,0.0,0.0,0.0,0.0,0.0,0.0,0.0,0.0,0.0,0.0,0.0,0.0,0.0,0.0,0.0,0.0,0.0,0.0,0.0,0.0,0.0,0.0,0.0,0.0,0.0,0.0,0.0,0.0,0.0,0.0,0.0,0.0,0.0
72,115,0.0001,0.0002,0.0196,0.0194,0.9409,0.0,0.0,0.0,0.0,0.0,0.0,0.0002,0.0001,0.0194,0.0,0.0,0.0,0.0,0.0,0.0,0.0,0.0,0.0001,0.0,0.0,0.0,0.0,0.0,0.0,0.0,0.0,0.0,0.0,0.0,0.0,0.0,0.0,0.0,0.0,0.0,0.0,0.0,0.0,0.0,0.0,0.0,0.0,0.0,0.0,0.0,0.0,0.0,0.0,0.0,0.0,0.0,0.0,0.0,0.0,0.0,0.0,0.0,0.0,0.0,0.0,0.0,0.0,0.0,0.0,0.0,0.0,0.0,0.0,0.0,0.0,0.0,0.0,0.0,0.0,0.0,0.0,0.0,0.0,0.0,0.0,0.0,0.0,0.0,0.0,0.0,0.0,0.0,0.0,0.0,0.0,0.0,0.0,0.0,0.0,0.0
73,116,4.000000000000001e-06,0.00029699999999999996,0.000585,0.028808999999999994,0.028227000000000002,0.912673,0.0,0.0,0.0,0.0,3.0000000000000005e-06,3.0000000000000005e-06,0.000585,0.000291,0.028227000000000002,0.0,0.0,0.0,0.0,0.0,0.0,3.0000000000000005e-06,1.0000000000000002e-06,0.000291,0.0,0.0,0.0,0.0,0.0,0.0,0.0,0.0,1.0000000000000002e-06,0.0,0.0,0.0,0.0,0.0,0.0,0.0,0.0,0.0,0.0,0.0,0.0,0.0,0.0,0.0,0.0,0.0,0.0,0.0,0.0,0.0,0.0,0.0,0.0,0.0,0.0,0.0,0.0,0.0,0.0,0.0,0.0,0.0,0.0,0.0,0.0,0.0,0.0,0.0,0.0,0.0,0.0,0.0,0.0,0.0,0.0,0.0,0.0,0.0,0.0,0.0,0.0,0.0,0.0,0.0,0.0,0.0,0.0,0.0,0.0,0.0,0.0,0.0,0.0,0.0,0.0,0.0
74,117,3.0799999999999997e-06,1.273e-05,0.0005878799999999998,0.00114072,0.037635999999999996,0.03650692,0.8852928099999999,0.0,0.0,0.0,1.0000000000000002e-07,1.176e-05,1.1680000000000002e-05,0.00114072,0.0005645400000000001,0.03650692,0.0,0.0,0.0,0.0,6.000000000000001e-08,4.000000000000001e-08,1.1680000000000002e-05,3.88e-06,0.0005645400000000001,0.0,0.0,0.0,0.0,0.0,0.0,4.000000000000001e-08,1.0000000000000002e-08,3.88e-06,0.0,0.0,0.0,0.0,0.0,0.0,0.0,0.0,1.0000000000000002e-08,0.0,0.0,0.0,0.0,0.0,0.0,0.0,0.0,0.0,0.0,0.0,0.0,0.0,0.0,0.0,0.0,0.0,0.0,0.0,0.0,0.0,0.0,0.0,0.0,0.0,0.0,0.0,0.0,0.0,0.0,0.0,0.0,0.0,0.0,0.0,0.0,0.0,0.0,0.0,0.0,0.0,0.0,0.0,0.0,0.0,0.0,0.0,0.0,0.0,0.0,0.0,0.0,0.0,0.0,0.0,0.0,0.0
75,118,1.899e-07,9.111299999999999e-06,2.97509e-05,0.0009694179999999998,0.0018535729999999999,0.04608998649999999,0.044264640499999994,0.8587340256999999,0.0,0.0,1.5e-07,3.415e-07,2.8809999999999997e-05,2.8421000000000005e-05,0.0018535729999999999,0.0009126730000000001,0.044264640499999994,0.0,0.0,0.0,2.0000000000000005e-09,2.93e-07,1.9450000000000003e-07,2.8421000000000005e-05,9.409000000000001e-06,0.0009126730000000001,0.0,0.0,0.0,0.0,1.0000000000000003e-09,5.000000000000001e-10,1.9450000000000003e-07,4.8500000000000004e-08,9.409000000000001e-06,0.0,0.0,0.0,0.0,0.0,0.0,5.000000000000001e-10,1.0000000000000002e-10,4.8500000000000004e-08,0.0,0.0,0.0,0.0,0.0,0.0,0.0,0.0,1.0000000000000002e-10,0.0,0.0,0.0,0.0,0.0,0.0,0.0,0.0,0.0,0.0,0.0,0.0,0.0,0.0,0.0,0.0,0.0,0.0,0.0,0.0,0.0,0.0,0.0,0.0,0.0,0.0,0.0,0.0,0.0,0.0,0.0,0.0,0.0,0.0,0.0,0.0,0.0,0.0,0.0,0.0,0.0,0.0,0.0,0.0,0.0,0.0,0.0
76,120,7.75896e-09,2.0318043999999998e-07,7.7981402e-07,1.5712568479999997e-05,4.261643007999999e-05,0.0006103950437699999,0.0010974253953899998,0.009902000079850001,0.00884496046471,0.00832972004929,9.890803999999999e-08,5.6824338e-07,1.9122676779999997e-05,5.62193911e-05,0.0014233818169499994,0.00264333482165,0.053110148568509985,0.04999159968788999,0.8084980851965499,0.0,6.74698e-09,5.2050146e-07,8.9324814e-07,5.533353374999998e-05,5.3854792850000005e-05,0.00264333482165,0.00128828357315,0.04999159968788999,0.0,0.0,4.385199999999999e-09,7.115420000000001e-09,8.3847321e-07,5.518728300000002e-07,5.3854792850000005e-05,1.7707267550000003e-05,0.00128828357315,0.0,0.0,0.0,3.416000000000001e-11,5.70387e-09,2.8344099999999995e-09,5.518728300000002e-07,1.3690677e-07,1.7707267550000003e-05,0.0,0.0,0.0,0.0,1.4610000000000002e-11,5.830000000000002e-12,2.8344099999999995e-09,5.6455e-10,1.3690677e-07,0.0,0.0,0.0,0.0,0.0,0.0,5.830000000000002e-12,9.700000000000001e-13,5.6455e-10,0.0,0.0,0.0,0.0,0.0,0.0,0.0,0.0,9.700000000000001e-13,0.0,0.0,0.0,0.0,0.0,0.0,0.0,0.0,0.0,0.0,0.0,0.0,0.0,0.0,0.0,0.0,0.0,0.0,0.0,0.0,0.0,0.0,0.0,0.0,0.0,0.0,0.0
77,123,1.6619752691999996e-10,1.05638301336e-09,2.1481713815759996e-08,7.021430355105e-08,1.1749667277869399e-06,2.6465097227304396e-06,3.480980144169225e-05,4.640833394450137e-05,0.0004430513478155425,0.00042866886916944827,6.326207592e-10,2.2259908960019995e-08,7.57599811494e-08,1.7291065830813596e-06,4.10172754010946e-06,7.547978011977882e-05,0.00011634998576933619,0.0017427559416886003,0.001330969479725334,0.016534939386768508,7.121391990839999e-09,4.4352777046980006e-08,1.2032891643458396e-06,3.30266498217312e-06,7.408934457713877e-05,0.00013762321847373752,0.002432447348400468,0.0025928119200295343,0.034217123216850436,0.03183989858813501,6.82870551606e-09,3.022015839587999e-07,1.10255966258772e-06,3.342576281815169e-05,7.893425200089089e-05,0.001903223877906013,0.0029416286594735326,0.05784478686644946,0.04574314979146559,0.7390705127530955,6.2053248319799995e-09,2.0480060722079995e-08,1.2214192660431598e-06,1.88105396345994e-06,9.111617263810023e-05,8.692453247190131e-05,0.0034310163718094186,0.001646735768382058,0.053267086042067466,0.0,1.7594056643999998e-10,1.7225654677859997e-08,2.0308480484850003e-08,1.8226901397736797e-06,1.1845311779064002e-06,8.692453247190131e-05,2.8288416849600184e-05,0.001646735768382058,0.0,0.0,9.706535303999999e-11,1.2590427252000002e-10,1.8504176426010004e-08,9.111010598100002e-09,1.1845311779064002e-06,2.9159597714808e-07,2.8288416849600184e-05,0.0,0.0,0.0,5.190237300000001e-13,9.450093762000002e-11,3.744011044e-11,9.111010598100002e-09,1.8035331182099999e-09,2.9159597714808e-07,0.0,0.0,0.0,0.0,1.9364013000000004e-13,6.416938000000002e-14,3.744011044e-11,6.19733194e-12,1.8035331182099999e-09,0.0,0.0,0.0,0.0,0.0,0.0,6.416938000000002e-14,1.8253460000000003e-14,6.19733194e-12,0.0,0.0,0.0,0.0,0.0,0.0
78,124,0.0,0.0,0.0,0.0,0.0,0.0,0.0,0.0,0.0,0.0,0.0,0.0,0.0,0.0,0.0,0.0,0.0,0.0,0.0,0.0,0.0,0.0,1.0,0.0,0.0,0.0,0.0,0.0,0.0,0.0,0.0,0.0,0.0,0.0,0.0,0.0,0.0,0.0,0.0,0.0,0.0,0.0,0.0,0.0,0.0,0.0,0.0,0.0,0.0,0.0,0.0,0.0,0.0,0.0,0.0,0.0,0.0,0.0,0.0,0.0,0.0,0.0,0.0,0.0,0.0,0.0,0.0,0.0,0.0,0.0,0.0,0.0,0.0,0.0,0.0,0.0,0.0,0.0,0.0,0.0,0.0,0.0,0.0,0.0,0.0,0.0,0.0,0.0,0.0,0.0,0.0,0.0,0.0,0.0,0.0,0.0,0.0,0.0,0.0,0.0
79,125,0.0,0.0,0.0,0.0,0.0,0.0,0.0,0.0,0.0,0.0,0.0,0.0,0.01,0.0,0.0,0.0,0.0,0.0,0.0,0.0,0.0,0.01,0.0,0.97,0.0,0.0,0.0,0.0,0.0,0.0,0.0,0.0,0.01,0.0,0.0,0.0,0.0,0.0,0.0,0.0,0.0,0.0,0.0,0.0,0.0,0.0,0.0,0.0,0.0,0.0,0.0,0.0,0.0,0.0,0.0,0.0,0.0,0.0,0.0,0.0,0.0,0.0,0.0,0.0,0.0,0.0,0.0,0.0,0.0,0.0,0.0,0.0,0.0,0.0,0.0,0.0,0.0,0.0,0.0,0.0,0.0,0.0,0.0,0.0,0.0,0.0,0.0,0.0,0.0,0.0,0.0,0.0,0.0,0.0,0.0,0.0,0.0,0.0,0.0,0.0
80,126,0.0,0.0,0.0097,0.0,0.0,0.0,0.0,0.0,0.0,0.0,0.0,0.0098,0.0,0.941,0.0,0.0,0.0,0.0,0.0,0.0,0.0001,0.0,0.0196,0.0,0.0097,0.0,0.0,0.0,0.0,0.0,0.0,0.0002,0.0,0.0098,0.0,0.0,0.0,0.0,0.0,0.0,0.0,0.0,0.0001,0.0,0.0,0.0,0.0,0.0,0.0,0.0,0.0,0.0,0.0,0.0,0.0,0.0,0.0,0.0,0.0,0.0,0.0,0.0,0.0,0.0,0.0,0.0,0.0,0.0,0.0,0.0,0.0,0.0,0.0,0.0,0.0,0.0,0.0,0.0,0.0,0.0,0.0,0.0,0.0,0.0,0.0,0.0,0.0,0.0,0.0,0.0,0.0,0.0,0.0,0.0,0.0,0.0,0.0,0.0,0.0,0.0
81,128,9.797999999999998e-05,0.00019012,0.01882384,0.018255399999999998,0.88566918,0.0,0.0,0.0,0.0,0.0,1.96e-06,0.00057624,9.409000000000002e-05,0.03726744,0.0,0.0182554,0.0,0.0,0.0,0.0,6.88e-06,9.7e-07,0.00095652,0.0,0.018823839999999998,0.0,9.409e-05,0.0,0.0,0.0,4.000000000000001e-08,1.1760000000000001e-05,0.0,0.00057624,0.0,0.00019012,0.0,0.0,0.0,0.0,6.000000000000001e-08,0.0,7.840000000000001e-06,0.0,9.797999999999998e-05,0.0,0.0,0.0,0.0,0.0,0.0,4.000000000000001e-08,0.0,1.96e-06,0.0,0.0,0.0,0.0,0.0,0.0,0.0,0.0,1.0000000000000002e-08,0.0,0.0,0.0,0.0,0.0,0.0,0.0,0.0,0.0,0.0,0.0,0.0,0.0,0.0,0.0,0.0,0.0,0.0,0.0,0.0,0.0,0.0,0.0,0.0,0.0,0.0,0.0,0.0,0.0,0.0,0.0,0.0,0.0,0.0,0.0,0.0,0.0
82,129,3.880399999999999e-06,0.0002909426,0.0005561497,0.027671045000000002,0.026564429799999997,0.8592816585999999,0.0,0.0,0.0,0.0,6.8306e-06,4.753e-06,0.0011294308,0.0002738213,0.045376901,0.0,0.0177086789,0.0,0.0,0.0,9.850000000000002e-08,2.21188e-05,1.8818000000000001e-06,0.0014944996,0.0,0.0184445209,0.0,9.12673e-05,0.0,0.0,1.874e-07,4.8500000000000004e-08,2.68132e-05,0.0,0.0007500721999999999,0.0,0.0001853573,0.0,0.0,0.0,1.0000000000000003e-09,2.546e-07,0.0,1.4366600000000002e-05,0.0,9.694179999999997e-05,0.0,0.0,0.0,0.0,1.0000000000000003e-09,0.0,1.3690000000000001e-07,0.0,2.881e-06,0.0,0.0,0.0,0.0,0.0,0.0,5.000000000000001e-10,0.0,2.93e-08,0.0,0.0,0.0,0.0,0.0,0.0,0.0,0.0,1.0000000000000002e-10,0.0,0.0,0.0,0.0,0.0,0.0,0.0,0.0,0.0,0.0,0.0,0.0,0.0,0.0,0.0,0.0,0.0,0.0,0.0,0.0,0.0,0.0,0.0,0.0,0.0,0.0,0.0
83,130,3.0553400000000005e-06,1.2282441e-05,0.000575780577,0.00108455817,0.036153143544,0.034360313492,0.8336802956309999,0.0,0.0,0.0,1.55625e-07,2.1050604000000002e-05,1.2928938000000001e-05,0.001840972332,0.000531250959,0.052969942554,0.0,0.017178331206,0.0,0.0,2.9235299999999997e-07,1.62378e-07,4.7962672e-05,4.563559e-06,0.002095379553,0.0,0.018071038308000005,0.0,8.8529281e-05,0.0,3.354e-09,6.736439999999999e-07,6.5863e-08,4.8598188e-05,0.0,0.000914838234,0.0,0.000180709254,0.0,0.0,4.44e-09,1.4550000000000002e-09,6.60129e-07,0.0,2.2434552000000002e-05,0.0,9.588711899999996e-05,0.0,0.0,0.0,2.0000000000000005e-11,4.89e-09,0.0,3.0556200000000005e-07,0.0,3.7639879999999995e-06,0.0,0.0,0.0,0.0,1.5000000000000003e-11,0.0,2.148e-09,0.0,5.7231000000000005e-08,0.0,0.0,0.0,0.0,0.0,0.0,6.000000000000002e-12,0.0,3.9000000000000005e-10,0.0,0.0,0.0,0.0,0.0,0.0,0.0,0.0,1.0000000000000002e-12,0.0,0.0,0.0,0.0,0.0,0.0,0.0,0.0,0.0,0.0,0.0,0.0,0.0,0.0,0.0,0.0,0.0
84,131,1.8548746e-07,9.05481602e-06,2.864664462e-05,0.00094929390015,0.00176246850485,0.04427865475445,0.04166630704355,0.8088416700741299,0.0,0.0,2.4553922000000004e-07,4.0469382e-07,4.506624169e-05,2.874479674e-05,0.0026979278185499996,0.00085891656515,0.06007014092882999,0.0,0.01666386656263,0.0,6.1371e-09,9.804516099999998e-07,3.3309026e-07,8.637329257e-05,9.739161819999999e-06,0.0027520763573700003,0.0,0.017703382856170007,0.0,8.587340257e-05,9.73791e-09,5.55034e-09,1.62564457e-06,1.0952269999999999e-07,7.746676574999998e-05,0.0,0.00107086943379,0.0,0.00017617326918999997,0.0,9.269e-11,1.769343e-08,2.0699800000000003e-09,1.35370815e-06,0.0,3.190640885e-05,0.0,9.481759796999996e-05,0.0,0.0,9.365000000000001e-11,3.395000000000001e-11,1.4421690000000002e-08,0.0,5.5895285e-07,0.0,4.609939549999999e-06,0.0,0.0,0.0,3.500000000000001e-13,8.499000000000001e-11,0.0,5.71539e-09,0.0,9.315394999999999e-08,0.0,0.0,0.0,0.0,2.1000000000000006e-13,0.0,3.121000000000001e-11,0.0,9.5061e-10,0.0,0.0,0.0,0.0,0.0,0.0,7.000000000000003e-14,0.0,4.870000000000001e-12,0.0,0.0,0.0,0.0,0.0,0.0,0.0,0.0,1.0000000000000002e-14,0.0,0.0,0.0,0.0,0.0,0.0,0.0
85,133,7.6282956e-09,2.0460125223000003e-07,7.57363394052e-07,1.5634613551788002e-05,4.095224839714801e-05,0.000597299138239416,0.001043882561972334,0.009520039953586931,0.008332477931705171,0.00800907867937309,1.01912156262e-07,5.540708816640001e-07,1.9284053047266e-05,5.409527303826e-05,0.001405040483227896,0.0025135246561999594,0.051232854829504466,0.04706209061838156,0.7622028316353913,0.00016248106500269704,8.426220420000001e-09,7.88810414274e-07,9.48026865504e-07,8.0064371475012e-05,5.2757372437509e-05,0.0036144658041362397,0.001212498135998239,0.06491930197491431,8.329720049289999e-07,0.015855830865868115,1.2407848907999999e-08,1.3086864179999998e-08,2.2463551238759995e-06,6.89927017896e-07,0.00013607842427186396,1.7497104324765e-05,0.0033679675644625443,0.0,0.016836133974702665,8.251575252951299e-05,2.1317334e-10,3.5091052632e-08,9.568971332999997e-09,3.1568754242159998e-06,1.9755080915999999e-07,0.00011074027507192798,0.0,0.001183350543432948,0.0,0.00016753174901302796,2.7205989600000003e-10,1.6202360699999997e-10,4.6026057744e-08,3.010550685e-09,2.349580900536e-06,0.0,4.1437266262254e-05,0.0,9.097695681454797e-05,0.0,2.1649740000000005e-12,4.033291680000001e-10,5.202915100000001e-11,3.2302175184e-08,0.0,8.82534777966e-07,0.0,5.258587410173999e-06,0.0,0.0,1.7519880000000003e-12,6.586860000000002e-13,2.7658728e-10,0.0,1.1731915764e-08,0.0,1.32383501502e-07,0.0,0.0,0.0,5.460000000000001e-15,1.3297240000000004e-12,0.0,9.42201e-11,0.0,1.798164564e-09,0.0,0.0,0.0,0.0,2.7160000000000007e-15,0.0,4.1652000000000023e-13,5.6648000000000004e-14,1.3803684e-11,0.0,0.0,0.0,0.0,0.0
86,135,0.0,0.0,0.0,0.0,0.0,0.0,0.0,0.0,0.0,0.0,0.0,0.0,0.0,0.0,0.0,0.0,0.0,0.0,0.0,0.0,0.0,0.0,0.0,0.0,0.0,0.0,0.0,0.0,0.0,0.0,0.0,0.0,1.0,0.0,0.0,0.0,0.0,0.0,0.0,0.0,0.0,0.0,0.0,0.0,0.0,0.0,0.0,0.0,0.0,0.0,0.0,0.0,0.0,0.0,0.0,0.0,0.0,0.0,0.0,0.0,0.0,0.0,0.0,0.0,0.0,0.0,0.0,0.0,0.0,0.0,0.0,0.0,0.0,0.0,0.0,0.0,0.0,0.0,0.0,0.0,0.0,0.0,0.0,0.0,0.0,0.0,0.0,0.0,0.0,0.0,0.0,0.0,0.0,0.0,0.0,0.0,0.0,0.0,0.0,0.0
87,136,0.0,0.0,0.0,0.0,0.0,0.0,0.0,0.0,0.0,0.0,0.0,0.0,0.0,0.0,0.0,0.0,0.0,0.0,0.0,0.0,0.0,0.0,0.97,0.0,0.0,0.0,0.0,0.0,0.0,0.0,0.0,0.01,0.0,0.01,0.0,0.0,0.0,0.0,0.0,0.0,0.0,0.0,0.01,0.0,0.0,0.0,0.0,0.0,0.0,0.0,0.0,0.0,0.0,0.0,0.0,0.0,0.0,0.0,0.0,0.0,0.0,0.0,0.0,0.0,0.0,0.0,0.0,0.0,0.0,0.0,0.0,0.0,0.0,0.0,0.0,0.0,0.0,0.0,0.0,0.0,0.0,0.0,0.0,0.0,0.0,0.0,0.0,0.0,0.0,0.0,0.0,0.0,0.0,0.0,0.0,0.0,0.0,0.0,0.0,0.0
88,137,0.0,0.0,0.0,0.0,0.0,0.0,0.0,0.0,0.0,0.0,0.0,0.0,0.0097,0.0,0.0,0.0,0.0,0.0,0.0,0.0,0.0,0.0098,0.0,0.941,0.0,0.0,0.0,0.0,0.0,0.0,0.0001,0.0,0.0196,0.0,0.0097,0.0,0.0,0.0,0.0,0.0,0.0,0.0002,0.0,0.0098,0.0,0.0,0.0,0.0,0.0,0.0,0.0,0.0,0.0001,0.0,0.0,0.0,0.0,0.0,0.0,0.0,0.0,0.0,0.0,0.0,0.0,0.0,0.0,0.0,0.0,0.0,0.0,0.0,0.0,0.0,0.0,0.0,0.0,0.0,0.0,0.0,0.0,0.0,0.0,0.0,0.0,0.0,0.0,0.0,0.0,0.0,0.0,0.0,0.0,0.0,0.0,0.0,0.0,0.0,0.0,0.0
89,138,0.0,0.0,0.009409,0.0,0.0,0.0,0.0,0.0,0.0,0.0,0.0,0.009602999999999999,0.0,0.912867,0.0,0.0,0.0,0.0,0.0,0.0,0.000195,0.0,0.028616999999999997,0.0,0.018819000000000002,0.0,0.0,0.0,0.0,0.0,1.0000000000000002e-06,0.0004890000000000001,0.0,0.019208999999999997,0.0,9.7e-05,0.0,0.0,0.0,0.0,3.0000000000000005e-06,0.0,0.000393,0.0,0.000195,0.0,0.0,0.0,0.0,0.0,0.0,3.0000000000000005e-06,0.0,9.9e-05,0.0,0.0,0.0,0.0,0.0,0.0,0.0,0.0,1.0000000000000002e-06,0.0,0.0,0.0,0.0,0.0,0.0,0.0,0.0,0.0,0.0,0.0,0.0,0.0,0.0,0.0,0.0,0.0,0.0,0.0,0.0,0.0,0.0,0.0,0.0,0.0,0.0,0.0,0.0,0.0,0.0,0.0,0.0,0.0,0.0,0.0,0.0,0.0
90,139,0.0,0.009408999999999999,0.00912673,0.88557508,0.0,0.0,0.0,0.0,0.0,0.0,0.00028518,0.0,0.03707728,0.0,0.0273831,0.0,0.0,0.0,0.0,0.0,2.92e-06,0.00085848,0.0,0.02823576,0.0,0.00028228000000000004,0.0,0.0,0.0,0.0,9.760000000000001e-06,1.0000000000000002e-08,0.00086436,0.0,0.0005704,0.0,9.7e-07,0.0,0.0,0.0,4.000000000000001e-08,1.1760000000000003e-05,0.0,0.000294,0.0,2.92e-06,0.0,0.0,0.0,0.0,6.000000000000001e-08,0.0,5.92e-06,0.0,2.94e-06,0.0,0.0,0.0,0.0,0.0,0.0,4.000000000000001e-08,0.0,1e-06,0.0,0.0,0.0,0.0,0.0,0.0,0.0,0.0,1.0000000000000002e-08,0.0,0.0,0.0,0.0,0.0,0.0,0.0,0.0,0.0,0.0,0.0,0.0,0.0,0.0,0.0,0.0,0.0,0.0,0.0,0.0,0.0,0.0,0.0,0.0,0.0,0.0,0.0
91,145,7.561064520540003e-09,2.0508890310312e-07,7.462551740283599e-07,1.5583927882400343e-05,4.0141119623715536e-05,0.0005906179430935585,0.001018057943326057,0.009333177814583258,0.008087479048421177,0.00785213109830895,1.0324621023060001e-07,5.470298860825801e-07,1.934333711540928e-05,5.3059905992761676e-05,0.001395171293215101,0.002450946849556822,0.05030987032824485,0.045662352795316684,0.7400610081034928,0.00023769741984634696,9.24951025344e-09,9.162403640836202e-07,9.758161451590502e-07,9.167313232958521e-05,5.2275961443768176e-05,0.004063112741101819,0.001176306661772515,0.07166692563136837,2.42454964816138e-06,0.023083908097536385,1.7007890823960002e-08,1.7237156787539998e-08,3.04063248978096e-06,8.224083171530698e-07,0.00018139978301887625,1.8600129931365395e-05,0.004464594848602327,1.7174680514e-10,0.02476083784406996,0.000240231728982385,3.7396739613000004e-10,5.769193913976001e-08,1.7747567521240004e-08,5.121615184515121e-06,3.3678753888495e-07,0.00017861118064012272,8.67764012362e-09,0.001999084062270755,3.3834120612579994e-08,0.0004910502555983717,5.6122073568e-10,4.1599481140000003e-10,9.379148168772002e-08,9.980926272580003e-09,4.7547820680624e-06,3.3771356090370004e-08,8.681473210406057e-05,0.0,0.00027011781078159773,2.500475015425409e-06,6.830114040000001e-12,1.0742069688e-09,2.5366184437000004e-10,8.535227014128001e-08,2.24223771384e-09,2.4013299569741997e-06,0.0,1.8258477452966273e-05,0.0,2.585087058275759e-06,6.5050554600000004e-12,4.2009516e-12,1.01580148512e-09,6.561432498000002e-11,4.402413682793999e-08,0.0,6.0419588096088e-07,0.0,9.623554422472197e-07,0.0,4.4533440000000006e-14,7.525868320000001e-12,1.1049680400000003e-12,5.345002792799999e-10,1.4288400000000002e-15,1.20107215794e-08,0.0,5.390970911676e-08,0.0,0.0,2.8391200000000007e-14,2.998978000000001e-14,4.129428399999999e-12,1.13933904e-12,1.497697464e-10,1.811968248e-11,1.34181666066e-09,0.0,0.0,0.0
92,146,0.0,0.0,0.0,0.0,0.0,0.0,0.0,0.0,0.0,0.0,0.0,0.0,0.0,0.0,0.0,0.0,0.0,0.0,0.0,0.0,0.0,0.0,0.0,0.0,0.0,0.0,0.0,0.0,0.0,0.0,0.0,0.0,0.0,0.0,0.0,0.0,0.0,0.0,0.0,0.0,0.0,0.0,0.0,0.0,0.0,0.0,0.0,0.0,0.0,0.0,0.0,0.0,1.0,0.0,0.0,0.0,0.0,0.0,0.0,0.0,0.0,0.0,0.0,0.0,0.0,0.0,0.0,0.0,0.0,0.0,0.0,0.0,0.0,0.0,0.0,0.0,0.0,0.0,0.0,0.0,0.0,0.0,0.0,0.0,0.0,0.0,0.0,0.0,0.0,0.0,0.0,0.0,0.0,0.0,0.0,0.0,0.0,0.0,0.0,0.0
93,147,0.0,0.0,0.0,0.0,0.0,0.0,0.0,0.0,0.0,0.0,0.0,0.0,0.0,0.0,0.0,0.0,0.0,0.0,0.0,0.0,0.0,0.0,0.0,0.0,0.0,0.0,0.0,0.0,0.0,0.0,0.0,0.0,0.0,0.0,0.0,0.0,0.0,0.0,0.0,0.0,0.0,0.0,0.01,0.0,0.0,0.0,0.0,0.0,0.0,0.0,0.0,0.01,0.0,0.97,0.0,0.0,0.0,0.0,0.0,0.0,0.0,0.0,0.01,0.0,0.0,0.0,0.0,0.0,0.0,0.0,0.0,0.0,0.0,0.0,0.0,0.0,0.0,0.0,0.0,0.0,0.0,0.0,0.0,0.0,0.0,0.0,0.0,0.0,0.0,0.0,0.0,0.0,0.0,0.0,0.0,0.0,0.0,0.0,0.0,0.0
94,148,0.0,0.0,0.0,0.0,0.0,0.0,0.0,0.0,0.0,0.0,0.0,0.0,0.0,0.0,0.0,0.0,0.0,0.0,0.0,0.0,0.0,0.0,0.0,0.0,0.0,0.0,0.0,0.0,0.0,0.0,0.0,0.0,0.0001,0.0,0.0,0.0,0.0,0.0,0.0,0.0,0.0,0.0002,0.0,0.0194,0.0,0.0,0.0,0.0,0.0,0.0,0.0001,0.0,0.0196,0.0,0.9409,0.0,0.0,0.0,0.0,0.0,0.0,0.0002,0.0,0.0194,0.0,0.0,0.0,0.0,0.0,0.0,0.0,0.0,0.0001,0.0,0.0,0.0,0.0,0.0,0.0,0.0,0.0,0.0,0.0,0.0,0.0,0.0,0.0,0.0,0.0,0.0,0.0,0.0,0.0,0.0,0.0,0.0,0.0,0.0,0.0,0.0
95,149,0.0,0.0,0.0,0.0,0.0,0.0,0.0,0.0,0.0,0.0,0.0,0.0,0.0,0.0,0.0,0.0,0.0,0.0,0.0,0.0,0.0,0.0,9.7e-05,0.0,0.0,0.0,0.0,0.0,0.0,0.0,0.0,0.000195,0.0,0.018819000000000002,0.0,0.0,0.0,0.0,0.0,0.0,9.9e-05,0.0,0.019208999999999997,0.0,0.912867,0.0,0.0,0.0,0.0,0.0,1.0000000000000002e-06,0.000393,0.0,0.028617,0.0,0.009408999999999999,0.0,0.0,0.0,0.0,3.0000000000000005e-06,0.0,0.000489,0.0,0.009602999999999999,0.0,0.0,0.0,0.0,0.0,0.0,3.0000000000000005e-06,0.0,0.000195,0.0,0.0,0.0,0.0,0.0,0.0,0.0,0.0,1.0000000000000002e-06,0.0,0.0,0.0,0.0,0.0,0.0,0.0,0.0,0.0,0.0,0.0,0.0,0.0,0.0,0.0,0.0,0.0
96,150,0.0,0.0,0.0,0.0,0.0,0.0,0.0,0.0,0.0,0.0,0.0,0.0,9.7e-07,0.0,0.0,0.0,0.0,0.0,0.0,0.0,0.0,2.92e-06,0.0,0.00028228000000000004,0.0,0.0,0.0,0.0,0.0,0.0,2.94e-06,0.0,0.0005704,0.0,0.0273831,0.0,0.0,0.0,0.0,0.0,1e-06,0.000294,0.0,0.028235759999999995,0.0,0.88557508,0.0,0.0,0.0,0.0,4.96e-06,9.7e-07,0.00086436,0.0,0.03707728,0.0,0.00912673,0.0,0.0,0.0,4.000000000000001e-08,1.1760000000000001e-05,0.0,0.00085848,0.0,0.009408999999999999,0.0,0.0,0.0,0.0,6.000000000000001e-08,0.0,9.76e-06,0.0,0.00028518,0.0,0.0,0.0,0.0,0.0,0.0,4.000000000000001e-08,0.0,2.92e-06,0.0,0.0,0.0,0.0,0.0,0.0,0.0,0.0,1.0000000000000002e-08,0.0,0.0,0.0,0.0,0.0,0.0,0.0
97,151,0.0,0.0,9.700000000000001e-09,0.0,0.0,0.0,0.0,0.0,0.0,0.0,0.0,3.89e-08,0.0,3.7637e-06,0.0,0.0,0.0,0.0,0.0,0.0,5.8599999999999995e-08,0.0,1.13689e-05,0.0,0.0005476426000000001,0.0,0.0,0.0,0.0,0.0,3.9399999999999995e-08,1.1524999999999999e-05,0.0,0.0011122993999999999,0.0,0.0354173578,0.0,0.0,0.0,0.0,3.0289999999999997e-06,9.797000000000001e-07,0.0005818851999999999,0.0,0.036889041799999994,0.0,0.8590990948999999,0.0,0.0,0.0,6.970000000000001e-08,1.6512399999999998e-05,9.409e-07,0.0015001443999999998,0.0,0.0450060697,0.0,0.008852928099999999,0.0,0.0,1.6819999999999998e-07,4.8500000000000004e-08,2.87332e-05,0.0,0.0013004402,0.0,0.0092179973,0.0,0.0,0.0,1.0000000000000003e-09,2.738e-07,0.0,2.0932999999999998e-05,0.0,0.00037071459999999995,0.0,0.0,0.0,0.0,1.0000000000000003e-09,0.0,1.657e-07,0.0,5.6842e-06,0.0,0.0,0.0,0.0,0.0,0.0,5.000000000000001e-10,1.0000000000000002e-10,3.89e-08,0.0,0.0,0.0,0.0,0.0,0.0
98,152,0.0,4.86e-10,9.700000000000001e-11,4.7046e-08,0.0,0.0,0.0,0.0,0.0,0.0,9.75e-10,0.0,1.8915600000000003e-07,0.0,9.127215e-06,0.0,0.0,0.0,0.0,0.0,9.8e-10,2.8617e-07,0.0,2.766489e-05,0.0,0.0008853869,0.0,0.0,0.0,0.0,1.4652e-07,4.8015e-08,2.8234784999999995e-05,0.0,0.00180747084,0.0,0.04294582801499999,0.0,0.0,0.0,4.1178e-08,9.037356e-06,9.59718e-07,0.0009594434999999998,0.0,0.04517759577,0.0,0.833414651334,0.0,0.0,1.9779299999999998e-07,8.730000000000001e-08,3.7124656e-05,9.12673e-07,0.002287095585,0.0,0.05242758781199999,0.0,0.008587340256999998,0.0,2.8740000000000002e-09,6.183479999999999e-07,5.6454000000000004e-08,5.608638e-05,0.0,0.0018073748099999998,0.0,0.009029986661999998,0.0,0.0,4.4399999999999996e-09,1.4550000000000002e-09,7.639049999999999e-07,0.0,3.707339999999999e-05,0.0,0.00045177313499999993,0.0,0.0,0.0,2.0000000000000005e-11,5.37e-09,1.0000000000000002e-12,4.2729e-07,0.0,9.22082e-06,0.0,0.0,0.0,0.0,1.5000000000000003e-11,6.000000000000002e-12,2.5320000000000004e-09,4.86e-10,9.4575e-08,0.0,0.0,0.0,0.0,0.0
99,154,5.46e-13,9.025280000000001e-11,3.4988800000000005e-11,7.373427200000001e-09,1.3747132000000003e-09,1.7844174320000001e-07,0.0,0.0,0.0,0.0,1.0551040000000002e-10,2.48622e-11,1.67089456e-08,9.598160000000001e-11,8.539388992000001e-07,0.0,1.3059908406999999e-05,0.0,0.0,0.0,9.09968e-11,1.9147433600000002e-08,5.769656999999999e-10,1.6355846431999999e-06,0.0,5.7030781400000004e-05,0.0,0.0005127988326104,0.0,0.0,8.952493599999998e-09,3.8887359999999995e-09,1.5619740736e-06,9.962249199999999e-09,9.345965078799999e-05,0.0,0.0023070858967359996,0.0,0.008584896848844399,0.0,3.3847424e-09,7.002531536e-07,6.54357344e-08,6.8787860264e-05,1.8253460000000002e-08,0.0031414961638687993,0.0,0.05770158483450558,0.0,0.0081682780524584,9.621469120000001e-08,5.23800208e-08,1.91562005956e-05,9.223830879999997e-07,0.0014144540094304,8.852928099999999e-09,0.052166343464487994,0.0,0.7850085402453951,8.329720049289998e-05,3.2907392e-09,6.555601616e-07,1.0155139530000001e-07,6.79554121616e-05,8.593728967999999e-07,0.0031414961638687993,0.0,0.05770158483450558,0.0,0.008168278052458398,8.128583199999999e-09,4.176276000000001e-09,1.5104824383999999e-06,6.1990314e-08,9.345965078799999e-05,0.0,0.0023070858967359996,0.0,0.008584896848844399,0.0,8.65356e-11,1.7811171199999998e-08,1.9416888000000006e-09,1.6355893087999998e-06,9.221499999999999e-10,5.703078139999999e-05,0.0,0.0005127988326103999,0.0,0.0,9.669359999999999e-11,1.242726e-10,1.67201392e-08,7.4646848e-09,8.543914624e-07,1.784417432e-07,1.3059908406999997e-05,0.0,0.0,0.0
100,155,1.9685520000000005e-12,2.0306580000000002e-12,3.2871883200000003e-10,1.2238035600000002e-10,1.7489777940000003e-08,3.1178892360000004e-09,3.03687574974e-07,0.0,0.0,0.0,2.219154e-12,4.6181140800000007e-10,3.119569499999999e-11,4.1176646928e-08,1.0684928400000001e-10,1.531012047726e-06,0.0,1.7796099480894e-05,0.0,0.0,2.8296434400000005e-10,1.33172535e-10,5.0715687216e-08,6.602390369999999e-10,3.099960814776e-06,0.0,8.3649304335534e-05,0.0,0.000583263836120532,0.0,1.6316968799999997e-10,3.1497665400000004e-08,4.531823412999999e-09,3.153945808344e-06,9.845916323999998e-09,0.00014571198968440797,0.0,0.0029058661249935233,0.0,0.008409032723903651,8.088050808e-09,4.50024504e-09,1.574305908324e-06,7.297865033999999e-08,0.000113218322696952,1.7794385481e-08,0.004169001420910031,0.0,0.0639881544409374,0.007924062682889577,1.5527019360000002e-09,2.98448389572e-07,6.1702322353e-08,3.4093487396292e-05,9.035763882089997e-07,0.0019565137470697437,8.587340256999999e-09,0.05960547025969741,8.329720049289998e-07,0.7617024478835606,7.631941752000001e-09,4.773093944999999e-09,1.522114308708e-06,1.1694231642899999e-07,0.000112410848037624,8.336802391769999e-07,0.004169001420910031,0.0,0.0639881544409374,0.007924062682889576,1.5682134e-10,2.9723263415999998e-08,5.705821701e-09,3.0956744878319995e-06,6.8733555048e-08,0.00014571198968440797,0.0,0.0029058661249935233,0.0,0.008409032723903651,2.6122983599999997e-10,1.46361906e-10,4.890475492799999e-08,2.5872096240000004e-09,3.0999698660399996e-06,2.678902932e-09,8.3649304335534e-05,0.0,0.0005832638361205318,0.0,4.041954e-12,4.4034862200000003e-10,3.8180955e-10,4.1192989584e-08,1.7578297812e-08,1.53145103403e-06,3.03687574974e-07,1.7796099480893995e-05,0.0,0.0
101,156,8.186916000000001e-14,7.945294500000002e-12,4.84325541e-12,5.911752405599999e-10,2.0836896816000007e-10,1.855307289876e-08,3.0680546421e-09,1.8099787055867998e-07,0.0,0.0,9.379444500000003e-12,3.6356121e-12,1.24239872256e-09,1.2669178548000003e-10,6.36865796961e-08,3.0254210517600005e-09,1.3243411063663202e-06,0.0,6.010599356014259e-06,0.0,7.94564505e-12,1.2729202353600003e-09,8.351217399999998e-11,1.0298757062352e-07,2.0870535909e-10,3.8096942346413998e-06,0.0,5.2990009150963074e-05,0.0,8.992296560024184e-05,6.719642726400001e-10,2.2112974035999998e-10,9.679171042019999e-08,1.5139957666599997e-09,5.62780457222976e-06,2.7640301805e-10,0.00015334562056134758,0.0,0.001318796453935262,0.0001633309540679323,2.9968457519999997e-10,4.936115892504e-08,5.787680887939999e-09,4.54818859410936e-06,1.9494033074579997e-08,0.00020372796490064298,2.6381725738e-10,0.004096316402459166,7.924895654894507e-05,0.01649290839226042,1.092173961636e-08,5.04551887114e-09,1.8862172320200002e-06,8.161150109970999e-08,0.00013085195384108004,3.4718993592999993e-08,0.004701241232559502,8.415593451859998e-09,0.07092147053355123,0.01538261423778744,1.6317394482900001e-09,3.0508963302359996e-07,6.112546500316e-08,3.4240969142744874e-05,8.866626576692696e-07,0.001942089577243972,1.6666522441059998e-08,0.0585279363717749,8.004860967367689e-05,0.739654586945531,7.70439664536e-09,4.6899911761199995e-09,1.5081939045085198e-06,1.1420431279985999e-07,0.00011055759893687807,8.093839565814899e-07,0.004075283652472865,0.0,0.06218749143455946,0.007770431129641924,1.5623303675999998e-10,2.9327628847379996e-08,5.56580086077e-09,3.0347049293025592e-06,6.689999250024e-08,0.00014222343724623176,3.06366477906e-09,0.0028255372336430874,0.0,0.008162594380547747,2.6175754206e-10,5.729677272e-10,4.8224300925719984e-08,4.264639430538e-08,3.0397481591725793e-06,1.491318697581e-06,8.1627677658342e-05,1.7265253372216916e-05,0.0005659438820317249,0.0
102,157,0.0,0.0,0.0,0.0,0.0,0.0,0.0,0.0,0.0,0.0,0.0,0.0,0.0,0.0,0.0,0.0,0.0,0.0,0.0,0.0,0.0,0.0,0.0,0.0,0.0,0.0,0.0,0.0,0.0,0.0,0.0,0.0,0.0,0.0,0.0,0.0,0.0,0.0,0.0,0.0,0.0,0.0,0.0,0.0,0.0,0.0,0.0,0.0,0.0,0.0,0.0,0.0,0.0,0.0,0.0,0.0,0.0,0.0,0.0,0.0,0.0,0.0,0.0,0.0,0.0,0.0,0.0,0.0,0.0,0.0,0.0,0.0,1.0,0.0,0.0,0.0,0.0,0.0,0.0,0.0,0.0,0.0,0.0,0.0,0.0,0.0,0.0,0.0,0.0,0.0,0.0,0.0,0.0,0.0,0.0,0.0,0.0,0.0,0.0,0.0
103,158,0.0,0.0,0.0,0.0,0.0,0.0,0.0,0.0,0.0,0.0,0.0,0.0,0.0,0.0,0.0,0.0,0.0,0.0,0.0,0.0,0.0,0.0,0.0,0.0,0.0,0.0,0.0,0.0,0.0,0.0,0.0,0.0,0.0,0.0,0.0,0.0,0.0,0.0,0.0,0.0,0.0,0.0,0.0,0.0,0.0,0.0,0.0,0.0,0.0,0.0,0.0,0.0,0.0,0.0,0.0,0.0,0.0,0.0,0.0,0.0,0.0,0.0,0.0,0.0,0.0,0.0,0.0,0.0,0.0,0.0,0.0,0.0,0.0,0.0,0.0,0.0,0.0,0.0,0.0,0.0,0.0,0.0,0.0,0.0,0.0,0.0,0.0,0.0,0.0,0.0,0.0,0.0,1.0,0.0,0.0,0.0,0.0,0.0,0.0,0.0
104,159,0.0,0.0,0.0,1.0,0.0,0.0,0.0,0.0,0.0,0.0,0.0,0.0,0.0,0.0,0.0,0.0,0.0,0.0,0.0,0.0,0.0,0.0,0.0,0.0,0.0,0.0,0.0,0.0,0.0,0.0,0.0,0.0,0.0,0.0,0.0,0.0,0.0,0.0,0.0,0.0,0.0,0.0,0.0,0.0,0.0,0.0,0.0,0.0,0.0,0.0,0.0,0.0,0.0,0.0,0.0,0.0,0.0,0.0,0.0,0.0,0.0,0.0,0.0,0.0,0.0,0.0,0.0,0.0,0.0,0.0,0.0,0.0,0.0,0.0,0.0,0.0,0.0,0.0,0.0,0.0,0.0,0.0,0.0,0.0,0.0,0.0,0.0,0.0,0.0,0.0,0.0,0.0,0.0,0.0,0.0,0.0,0.0,0.0,0.0,0.0
105,160,0.0,0.0,0.01,0.01,0.97,0.0,0.0,0.0,0.0,0.0,0.0,0.0,0.0,0.01,0.0,0.0,0.0,0.0,0.0,0.0,0.0,0.0,0.0,0.0,0.0,0.0,0.0,0.0,0.0,0.0,0.0,0.0,0.0,0.0,0.0,0.0,0.0,0.0,0.0,0.0,0.0,0.0,0.0,0.0,0.0,0.0,0.0,0.0,0.0,0.0,0.0,0.0,0.0,0.0,0.0,0.0,0.0,0.0,0.0,0.0,0.0,0.0,0.0,0.0,0.0,0.0,0.0,0.0,0.0,0.0,0.0,0.0,0.0,0.0,0.0,0.0,0.0,0.0,0.0,0.0,0.0,0.0,0.0,0.0,0.0,0.0,0.0,0.0,0.0,0.0,0.0,0.0,0.0,0.0,0.0,0.0,0.0,0.0,0.0,0.0
106,161,0.0,0.0001,0.0002,0.0196,0.0194,0.9409,0.0,0.0,0.0,0.0,0.0,0.0,0.0002,0.0001,0.0194,0.0,0.0,0.0,0.0,0.0,0.0,0.0,0.0,0.0001,0.0,0.0,0.0,0.0,0.0,0.0,0.0,0.0,0.0,0.0,0.0,0.0,0.0,0.0,0.0,0.0,0.0,0.0,0.0,0.0,0.0,0.0,0.0,0.0,0.0,0.0,0.0,0.0,0.0,0.0,0.0,0.0,0.0,0.0,0.0,0.0,0.0,0.0,0.0,0.0,0.0,0.0,0.0,0.0,0.0,0.0,0.0,0.0,0.0,0.0,0.0,0.0,0.0,0.0,0.0,0.0,0.0,0.0,0.0,0.0,0.0,0.0,0.0,0.0,0.0,0.0,0.0,0.0,0.0,0.0,0.0,0.0,0.0,0.0,0.0,0.0
107,162,1.0000000000000002e-06,3.0000000000000005e-06,0.00029699999999999996,0.000585,0.028808999999999994,0.028227000000000002,0.912673,0.0,0.0,0.0,0.0,3.0000000000000005e-06,3.0000000000000005e-06,0.000585,0.000291,0.028227000000000002,0.0,0.0,0.0,0.0,0.0,0.0,3.0000000000000005e-06,1.0000000000000002e-06,0.000291,0.0,0.0,0.0,0.0,0.0,0.0,0.0,0.0,1.0000000000000002e-06,0.0,0.0,0.0,0.0,0.0,0.0,0.0,0.0,0.0,0.0,0.0,0.0,0.0,0.0,0.0,0.0,0.0,0.0,0.0,0.0,0.0,0.0,0.0,0.0,0.0,0.0,0.0,0.0,0.0,0.0,0.0,0.0,0.0,0.0,0.0,0.0,0.0,0.0,0.0,0.0,0.0,0.0,0.0,0.0,0.0,0.0,0.0,0.0,0.0,0.0,0.0,0.0,0.0,0.0,0.0,0.0,0.0,0.0,0.0,0.0,0.0,0.0,0.0,0.0,0.0,0.0
108,163,5.000000000000001e-08,3.999999999999999e-06,1.176e-05,0.0005878799999999998,0.00114072,0.037635999999999996,0.03650692,0.8852928099999999,0.0,0.0,4.000000000000001e-08,6.000000000000001e-08,1.176e-05,1.1680000000000002e-05,0.00114072,0.0005645400000000001,0.03650692,0.0,0.0,0.0,0.0,6.000000000000001e-08,4.000000000000001e-08,1.1680000000000002e-05,3.88e-06,0.0005645400000000001,0.0,0.0,0.0,0.0,0.0,0.0,4.000000000000001e-08,1.0000000000000002e-08,3.88e-06,0.0,0.0,0.0,0.0,0.0,0.0,0.0,0.0,1.0000000000000002e-08,0.0,0.0,0.0,0.0,0.0,0.0,0.0,0.0,0.0,0.0,0.0,0.0,0.0,0.0,0.0,0.0,0.0,0.0,0.0,0.0,0.0,0.0,0.0,0.0,0.0,0.0,0.0,0.0,0.0,0.0,0.0,0.0,0.0,0.0,0.0,0.0,0.0,0.0,0.0,0.0,0.0,0.0,0.0,0.0,0.0,0.0,0.0,0.0,0.0,0.0,0.0,0.0,0.0,0.0,0.0,0.0
109,164,4.139999999999999e-08,2.067e-07,9.994e-06,2.8809999999999997e-05,0.0009694179999999998,0.0018535729999999999,0.04608998649999999,0.044264640499999994,0.8587340256999999,0.0,1.5000000000000002e-09,1.9699999999999998e-07,2.93e-07,2.8809999999999997e-05,2.8421000000000005e-05,0.0018535729999999999,0.0009126730000000001,0.044264640499999994,0.0,0.0,1.0000000000000003e-09,1.0000000000000003e-09,2.93e-07,1.9450000000000003e-07,2.8421000000000005e-05,9.409000000000001e-06,0.0009126730000000001,0.0,0.0,0.0,0.0,1.0000000000000003e-09,5.000000000000001e-10,1.9450000000000003e-07,4.8500000000000004e-08,9.409000000000001e-06,0.0,0.0,0.0,0.0,0.0,0.0,5.000000000000001e-10,1.0000000000000002e-10,4.8500000000000004e-08,0.0,0.0,0.0,0.0,0.0,0.0,0.0,0.0,1.0000000000000002e-10,0.0,0.0,0.0,0.0,0.0,0.0,0.0,0.0,0.0,0.0,0.0,0.0,0.0,0.0,0.0,0.0,0.0,0.0,0.0,0.0,0.0,0.0,0.0,0.0,0.0,0.0,0.0,0.0,0.0,0.0,0.0,0.0,0.0,0.0,0.0,0.0,0.0,0.0,0.0,0.0,0.0,0.0,0.0,0.0,0.0,0.0
110,166,1.52364e-09,7.037919999999999e-09,2.0854927999999998e-07,6.780036199999999e-07,1.5062815449999996e-05,3.275147295e-05,0.00056550002937,0.00062840556339,0.008609655111849999,0.00026204667176,5.29352e-09,2.0349299999999998e-07,6.684899799999999e-07,2.0035865049999996e-05,4.657185854999999e-05,0.0009718806409499998,0.0013596593256499998,0.01885090769523,0.00918854534229,0.016663866562629998,4.2853359999999976e-08,2.0023657999999998e-07,9.97471455e-06,2.7669143609999996e-05,0.0009492939001499997,0.00176246850485,0.04427865475444999,0.04166630704354999,0.8088416700741299,0.0,1.4503e-09,1.9110004999999998e-07,2.7949107e-07,2.7669143609999996e-05,2.6928577470000004e-05,0.00176246850485,0.0008589165651500002,0.04166630704354999,0.0,0.0,9.6035e-10,9.5061e-10,2.7949107e-07,1.8395761000000003e-07,2.6928577470000004e-05,8.85386901e-06,0.0008589165651500002,0.0,0.0,0.0,0.0,9.5061e-10,4.723900000000002e-10,1.8395761000000003e-07,4.563559e-08,8.85386901e-06,0.0,0.0,0.0,0.0,0.0,0.0,4.723900000000002e-10,9.409000000000001e-11,4.563559e-08,0.0,0.0,0.0,0.0,0.0,0.0,0.0,0.0,9.409000000000001e-11,0.0,0.0,0.0,0.0,0.0,0.0,0.0,0.0,0.0,0.0,0.0,0.0,0.0,0.0,0.0,0.0,0.0,0.0,0.0,0.0,0.0,0.0,0.0,0.0,0.0,0.0
111,169,9.46222896e-12,2.5422759516e-10,9.432974835299997e-10,2.0386877182259996e-08,5.515545385851999e-08,9.240975186964598e-07,1.64253692393618e-06,2.11889098898353e-05,2.1287475255727e-05,0.0001836230712146888,2.4026822586000003e-10,1.0647591765599997e-09,3.0755276788559995e-08,8.606871940901998e-08,1.9574958996352497e-06,3.8173161400532195e-06,6.693010580340527e-05,7.49698094125829e-05,0.0009699076503780402,0.0009341583567944632,5.129556226199999e-10,1.9980314100359996e-08,6.060182784575999e-08,1.8182034518549996e-06,3.99364978489053e-06,9.257466505289086e-05,0.00013214119143208813,0.0024229294000851003,0.0019031258646624604,0.024811928703814816,4.95394762212e-09,2.3043601245419994e-08,8.706489915865798e-07,2.22260393129592e-06,6.520105873970734e-05,0.00011590190491833928,0.0025708314194918458,0.0025773742688305658,0.04223001152707995,0.03961211386361085,2.505364910519999e-09,1.4788213149126e-07,4.6818002153609993e-07,1.9568755131634556e-05,4.3572672675214313e-05,0.0013609544463120849,0.0020470704027081028,0.04960723334829126,0.03813841654471481,0.7393058607032078,2.3261446550999993e-09,5.96439299148e-09,5.473925382607199e-07,7.8111241210089e-07,5.2066384364628707e-05,4.967116141251503e-05,0.002450895230697682,0.0011762814964390983,0.04566235279531669,0.0,3.227487306e-11,5.422037196e-09,5.2865202400199995e-09,7.8111241210089e-07,5.076401720473799e-07,4.967116141251503e-05,1.616480962834296e-05,0.0011762814964390983,0.0,0.0,1.8256851120000004e-11,1.3498998210000002e-11,5.2865202400199995e-09,2.6030175389199997e-09,5.076401720473799e-07,1.2496704833132999e-07,1.616480962834296e-05,0.0,0.0,0.0,0.0,1.3498998210000002e-11,5.3482637800000005e-12,2.6030175389199997e-09,5.152769223399999e-10,1.2496704833132999e-07,0.0,0.0,0.0,0.0,0.0,0.0,5.3482637800000005e-12,1.77058562e-12,5.152769223399999e-10,0.0,0.0,0.0,0.0,0.0
112,170,0.0,0.0,0.0,0.0,0.0,0.0,0.0,0.0,0.0,0.0,0.0,0.0,0.0,1.0,0.0,0.0,0.0,0.0,0.0,0.0,0.0,0.0,0.0,0.0,0.0,0.0,0.0,0.0,0.0,0.0,0.0,0.0,0.0,0.0,0.0,0.0,0.0,0.0,0.0,0.0,0.0,0.0,0.0,0.0,0.0,0.0,0.0,0.0,0.0,0.0,0.0,0.0,0.0,0.0,0.0,0.0,0.0,0.0,0.0,0.0,0.0,0.0,0.0,0.0,0.0,0.0,0.0,0.0,0.0,0.0,0.0,0.0,0.0,0.0,0.0,0.0,0.0,0.0,0.0,0.0,0.0,0.0,0.0,0.0,0.0,0.0,0.0,0.0,0.0,0.0,0.0,0.0,0.0,0.0,0.0,0.0,0.0,0.0,0.0,0.0
113,179,1.53108456e-10,4.238180172e-09,1.5398285628e-08,3.5895763303200003e-07,9.318386383049999e-07,1.565382792828e-05,2.5219601597207997e-05,0.000280186579152912,0.000181462503700413,0.00025217754644387997,4.05834147e-09,1.535351604e-08,5.073050815919999e-07,1.3796459699849999e-06,3.3827551252739995e-05,6.1930285025785e-05,0.001169321778274032,0.0010991231964712148,0.016313114076878833,0.0005034815320187248,7.551203742000001e-09,3.047134788059999e-07,9.133964463239999e-07,2.9426306505923994e-05,6.1904062038777e-05,0.001401584684400984,0.0017138478668161736,0.026724125720954926,0.009056595944497576,0.023792730181613504,4.6392487734e-08,1.9462251347999998e-07,1.0232701404791998e-05,2.6566499791667995e-05,0.0009434541149182318,0.0016756655753356678,0.04283180465673286,0.039220492164026996,0.7626182536353946,0.0002450230313261159,1.8432009299999998e-09,2.788829003760001e-07,2.75177981208e-07,3.6342298060176e-05,2.5513326901572e-05,0.0021411757159656235,0.0008083263657719881,0.048168181368907936,0.0,0.008092454503088337,2.7915705419999987e-09,1.43520765e-09,6.37351750608e-07,1.7398205422499997e-07,5.2271609872847985e-05,8.331490691363998e-06,0.0016636066833857095,0.0,0.008254179900402364,0.0,1.4259006000000004e-11,5.519833715999999e-09,4.4629709699999997e-10,7.0950892008e-07,4.2940351977e-08,3.411095403147599e-05,0.0,0.0004125814460478059,0.0,0.0,1.8678612000000007e-11,0.0,4.973263044e-09,8.8529281e-11,3.9273108896399996e-07,0.0,8.418263161812e-06,0.0,0.0,0.0,0.0,1.3859748000000001e-11,0.0,2.324804529e-09,0.0,8.6329767588e-08,0.0,0.0,0.0,0.0,0.0,0.0,5.504265000000001e-12,9.126730000000001e-13,4.4358730499999995e-10,0.0,0.0,0.0,0.0,0.0
114,181,0.0,0.0,0.0,0.0,0.0,0.0,0.0,0.0,0.0,0.0,0.0,0.0,0.0,0.0,0.0,0.0,0.0,0.0,0.0,0.0,0.0,0.0,0.0,1.0,0.0,0.0,0.0,0.0,0.0,0.0,0.0,0.0,0.0,0.0,0.0,0.0,0.0,0.0,0.0,0.0,0.0,0.0,0.0,0.0,0.0,0.0,0.0,0.0,0.0,0.0,0.0,0.0,0.0,0.0,0.0,0.0,0.0,0.0,0.0,0.0,0.0,0.0,0.0,0.0,0.0,0.0,0.0,0.0,0.0,0.0,0.0,0.0,0.0,0.0,0.0,0.0,0.0,0.0,0.0,0.0,0.0,0.0,0.0,0.0,0.0,0.0,0.0,0.0,0.0,0.0,0.0,0.0,0.0,0.0,0.0,0.0,0.0,0.0,0.0,0.0
115,182,0.0,0.0,0.0,0.0,0.0,0.0,0.0,0.0,0.0,0.0,0.0,0.0,0.0,0.97,0.0,0.0,0.0,0.0,0.0,0.0,0.0,0.0,0.01,0.0,0.01,0.0,0.0,0.0,0.0,0.0,0.0,0.0,0.0,0.01,0.0,0.0,0.0,0.0,0.0,0.0,0.0,0.0,0.0,0.0,0.0,0.0,0.0,0.0,0.0,0.0,0.0,0.0,0.0,0.0,0.0,0.0,0.0,0.0,0.0,0.0,0.0,0.0,0.0,0.0,0.0,0.0,0.0,0.0,0.0,0.0,0.0,0.0,0.0,0.0,0.0,0.0,0.0,0.0,0.0,0.0,0.0,0.0,0.0,0.0,0.0,0.0,0.0,0.0,0.0,0.0,0.0,0.0,0.0,0.0,0.0,0.0,0.0,0.0,0.0,0.0
116,183,0.0,0.0,0.0,0.9409,0.0,0.0,0.0,0.0,0.0,0.0,0.0,0.0,0.0194,0.0,0.0194,0.0,0.0,0.0,0.0,0.0,0.0,0.0001,0.0,0.0196,0.0,0.0001,0.0,0.0,0.0,0.0,0.0,0.0,0.0002,0.0,0.0002,0.0,0.0,0.0,0.0,0.0,0.0,0.0,0.0,0.0001,0.0,0.0,0.0,0.0,0.0,0.0,0.0,0.0,0.0,0.0,0.0,0.0,0.0,0.0,0.0,0.0,0.0,0.0,0.0,0.0,0.0,0.0,0.0,0.0,0.0,0.0,0.0,0.0,0.0,0.0,0.0,0.0,0.0,0.0,0.0,0.0,0.0,0.0,0.0,0.0,0.0,0.0,0.0,0.0,0.0,0.0,0.0,0.0,0.0,0.0,0.0,0.0,0.0,0.0,0.0,0.0
117,184,0.0,0.0,0.009602999999999999,0.009408999999999999,0.912867,0.0,0.0,0.0,0.0,0.0,0.0,0.000195,0.0,0.028617000000000004,0.0,0.018819000000000002,0.0,0.0,0.0,0.0,1.0000000000000002e-06,0.0,0.000489,0.0,0.019208999999999997,0.0,9.7e-05,0.0,0.0,0.0,0.0,3.0000000000000005e-06,0.0,0.000393,0.0,0.000195,0.0,0.0,0.0,0.0,0.0,0.0,3.0000000000000005e-06,0.0,9.9e-05,0.0,0.0,0.0,0.0,0.0,0.0,0.0,0.0,1.0000000000000002e-06,0.0,0.0,0.0,0.0,0.0,0.0,0.0,0.0,0.0,0.0,0.0,0.0,0.0,0.0,0.0,0.0,0.0,0.0,0.0,0.0,0.0,0.0,0.0,0.0,0.0,0.0,0.0,0.0,0.0,0.0,0.0,0.0,0.0,0.0,0.0,0.0,0.0,0.0,0.0,0.0,0.0,0.0,0.0,0.0,0.0,0.0
118,186,9.994e-07,2.881e-06,0.0002909426,0.0005561497,0.027671045000000002,0.026564429799999997,0.8592816585999999,0.0,0.0,0.0,1.97e-08,8.7218e-06,2.8421e-06,0.0011294308000000001,0.00027382129999999993,0.04537690100000001,0.0,0.0177086789,0.0,0.0,9.85e-08,9.700000000000001e-09,2.305e-05,9.408999999999999e-07,0.0014944996,0.0,0.0184445209,0.0,9.12673e-05,0.0,5.000000000000001e-10,2.354e-07,0.0,2.68132e-05,0.0,0.0007500721999999999,0.0,0.0001853573,0.0,0.0,1.0000000000000003e-09,0.0,2.546e-07,0.0,1.4366600000000002e-05,0.0,9.694179999999997e-05,0.0,0.0,0.0,0.0,1.0000000000000003e-09,0.0,1.3690000000000001e-07,0.0,2.881e-06,0.0,0.0,0.0,0.0,0.0,0.0,5.000000000000001e-10,0.0,2.93e-08,0.0,0.0,0.0,0.0,0.0,0.0,0.0,0.0,1.0000000000000002e-10,0.0,0.0,0.0,0.0,0.0,0.0,0.0,0.0,0.0,0.0,0.0,0.0,0.0,0.0,0.0,0.0,0.0,0.0,0.0,0.0,0.0,0.0,0.0,0.0,0.0,0.0
119,188,4.1912560000000005e-08,2.0117738000000003e-07,9.97471455e-06,2.7669143610000003e-05,0.00094929390015,0.00176246850485,0.04427865475445,0.04166630704355,0.8088416700741299,0.0,2.2511000000000002e-09,3.6849087e-07,2.9821498000000003e-07,4.686373705e-05,2.6928577469999997e-05,0.0026979278185500005,0.0008589165651499999,0.06007014092883001,0.0,0.01666386656263,5.186490000000001e-09,2.48806e-09,1.12804681e-06,1.9308434e-07,8.724945865e-05,8.853869009999998e-06,0.0027520763573700003,0.0,0.017703382856170007,8.587340257e-05,5.235e-11,1.476351e-08,1.13102e-09,1.6888730500000001e-06,4.5635589999999994e-08,7.746676574999998e-05,0.0,0.00107086943379,0.0,0.00017617326918999997,9.269e-11,2.0370000000000003e-11,1.964895e-08,9.408999999999998e-11,1.35370815e-06,0.0,3.190640885e-05,0.0,9.481759796999996e-05,0.0,3.500000000000001e-13,1.2725e-10,0.0,1.4421690000000002e-08,0.0,5.5895285e-07,0.0,4.609939549999999e-06,0.0,0.0,3.500000000000001e-13,0.0,8.499000000000001e-11,0.0,5.71539e-09,0.0,9.315394999999999e-08,0.0,0.0,0.0,0.0,2.1000000000000006e-13,0.0,3.121000000000001e-11,0.0,9.5061e-10,0.0,0.0,0.0,0.0,0.0,0.0,7.000000000000003e-14,0.0,4.870000000000001e-12,0.0,0.0,0.0,0.0,0.0,0.0,0.0,0.0,1.0000000000000002e-14,0.0,0.0,0.0,0.0,0.0,0.0
120,190,1.5602249339999998e-09,6.8833959480000005e-09,2.09843862732e-07,6.54963167892e-07,1.4840205592823998e-05,3.1287519595415996e-05,0.000545366112093336,0.000593642179657614,0.008118294967409364,0.00025182687903564004,5.234828958000001e-09,2.08411129398e-07,6.46016282388e-07,2.0084405083716e-05,4.4552356762233e-05,0.0009539848459462321,0.001288860425065614,0.01813820660042616,0.008655860009357223,0.016027722666737222,4.6845603054e-08,1.9518567056400004e-07,1.033269201594e-05,2.6566776447680998e-05,0.000948440963158308,0.001675665576248341,0.0429354394098779,0.03922050075136726,0.7628752961073405,0.000326767702944849,2.26958442e-09,3.6916000399199995e-07,2.8441133892e-07,4.5849739974564006e-05,2.5513504025996993e-05,0.0025951955176625524,0.0008083263657719878,0.056937871719379925,1.683561336777e-06,0.016027722666737222,5.171205336e-09,2.364391032e-09,1.0949532105839998e-06,1.8258217394099998e-07,8.365847556847198e-05,8.331490691363996e-06,0.002612342392758456,0.0,0.016683168095357175,8.422552766019599e-05,5.1469133999999995e-11,1.4277927767999996e-08,1.0663972770000002e-09,1.6160435168159997e-06,4.294035197699999e-08,7.354516394488798e-05,0.0,0.0010101299253265738,0.0,0.00016760135137544396,8.9702862e-11,1.9172958e-11,1.877219016e-08,8.852928099999998e-11,1.2849490067999998e-06,0.0,3.0122843178606e-05,0.0,8.930332007263796e-05,0.0,3.361260000000001e-13,1.2139237199999998e-10,0.0,1.368260328e-08,0.0,5.278554378120001e-07,0.0,4.339299404285998e-06,0.0,0.0,3.3339600000000014e-13,0.0,8.057850000000002e-11,0.0,5.39675322e-09,0.0,8.766699387599999e-08,0.0,0.0,0.0,0.0,1.9894800000000006e-13,6.605700000000003e-14,2.9470833000000005e-11,4.582377000000002e-12,8.945234280000001e-10,0.0,0.0,0.0,0.0
121,192,0.0,0.0,0.0,0.0,0.0,0.0,0.0,0.0,0.0,0.0,0.0,0.0,0.0,0.0,0.0,0.0,0.0,0.0,0.0,0.0,0.0,0.0,0.0,0.0,0.0,0.0,0.0,0.0,0.0,0.0,0.0,0.0,0.0,0.0,0.0,0.0,0.0,0.0,0.0,0.0,0.0,0.0,0.0,1.0,0.0,0.0,0.0,0.0,0.0,0.0,0.0,0.0,0.0,0.0,0.0,0.0,0.0,0.0,0.0,0.0,0.0,0.0,0.0,0.0,0.0,0.0,0.0,0.0,0.0,0.0,0.0,0.0,0.0,0.0,0.0,0.0,0.0,0.0,0.0,0.0,0.0,0.0,0.0,0.0,0.0,0.0,0.0,0.0,0.0,0.0,0.0,0.0,0.0,0.0,0.0,0.0,0.0,0.0,0.0,0.0
122,193,0.0,0.0,0.0,0.0,0.0,0.0,0.0,0.0,0.0,0.0,0.0,0.0,0.0,0.0,0.0,0.0,0.0,0.0,0.0,0.0,0.0,0.0,0.0,0.0,0.0,0.0,0.0,0.0,0.0,0.0,0.0,0.0,0.0,0.01,0.0,0.0,0.0,0.0,0.0,0.0,0.0,0.0,0.01,0.0,0.97,0.0,0.0,0.0,0.0,0.0,0.0,0.0,0.0,0.01,0.0,0.0,0.0,0.0,0.0,0.0,0.0,0.0,0.0,0.0,0.0,0.0,0.0,0.0,0.0,0.0,0.0,0.0,0.0,0.0,0.0,0.0,0.0,0.0,0.0,0.0,0.0,0.0,0.0,0.0,0.0,0.0,0.0,0.0,0.0,0.0,0.0,0.0,0.0,0.0,0.0,0.0,0.0,0.0,0.0,0.0
123,194,0.0,0.0,0.0,0.0,0.0,0.0,0.0,0.0,0.0,0.0,0.0,0.0,0.0,0.0,0.0,0.0,0.0,0.0,0.0,0.0,0.0,0.0,0.0,0.0001,0.0,0.0,0.0,0.0,0.0,0.0,0.0,0.0,0.0002,0.0,0.0194,0.0,0.0,0.0,0.0,0.0,0.0,0.0001,0.0,0.0196,0.0,0.9409,0.0,0.0,0.0,0.0,0.0,0.0,0.0002,0.0,0.0194,0.0,0.0,0.0,0.0,0.0,0.0,0.0,0.0,0.0001,0.0,0.0,0.0,0.0,0.0,0.0,0.0,0.0,0.0,0.0,0.0,0.0,0.0,0.0,0.0,0.0,0.0,0.0,0.0,0.0,0.0,0.0,0.0,0.0,0.0,0.0,0.0,0.0,0.0,0.0,0.0,0.0,0.0,0.0,0.0,0.0
124,195,0.0,0.0,0.0,0.0,0.0,0.0,0.0,0.0,0.0,0.0,0.0,0.0,0.0,1.0000000000000002e-06,0.0,0.0,0.0,0.0,0.0,0.0,0.0,0.0,3.0000000000000005e-06,0.0,0.000291,0.0,0.0,0.0,0.0,0.0,0.0,3.0000000000000005e-06,0.0,0.000585,0.0,0.028227000000000002,0.0,0.0,0.0,0.0,1.0000000000000002e-06,0.0,0.00029699999999999996,0.0,0.028808999999999994,0.0,0.912673,0.0,0.0,0.0,0.0,3.0000000000000005e-06,0.0,0.000585,0.0,0.028227000000000002,0.0,0.0,0.0,0.0,0.0,0.0,3.0000000000000005e-06,0.0,0.000291,0.0,0.0,0.0,0.0,0.0,0.0,0.0,0.0,1.0000000000000002e-06,0.0,0.0,0.0,0.0,0.0,0.0,0.0,0.0,0.0,0.0,0.0,0.0,0.0,0.0,0.0,0.0,0.0,0.0,0.0,0.0,0.0,0.0,0.0,0.0,0.0,0.0
125,196,0.0,0.0,0.0,1.0000000000000002e-08,0.0,0.0,0.0,0.0,0.0,0.0,0.0,0.0,4.000000000000001e-08,0.0,3.88e-06,0.0,0.0,0.0,0.0,0.0,0.0,6.000000000000001e-08,0.0,1.1680000000000002e-05,0.0,0.0005645400000000001,0.0,0.0,0.0,0.0,4.000000000000001e-08,0.0,1.176e-05,0.0,0.00114072,0.0,0.03650692,0.0,0.0,0.0,1.0000000000000002e-08,3.999999999999999e-06,0.0,0.0005878799999999998,0.0,0.037635999999999996,0.0,0.8852928099999999,0.0,0.0,4.000000000000001e-08,0.0,1.176e-05,0.0,0.00114072,0.0,0.03650692,0.0,0.0,0.0,0.0,6.000000000000001e-08,0.0,1.1680000000000002e-05,0.0,0.0005645400000000001,0.0,0.0,0.0,0.0,0.0,0.0,4.000000000000001e-08,0.0,3.88e-06,0.0,0.0,0.0,0.0,0.0,0.0,0.0,0.0,1.0000000000000002e-08,0.0,0.0,0.0,0.0,0.0,0.0,0.0,0.0,0.0,0.0,0.0,0.0,0.0,0.0,0.0,0.0
126,197,0.0,0.0,5.000000000000001e-10,1.0000000000000002e-10,3.8900000000000004e-08,0.0,0.0,0.0,0.0,0.0,0.0,1.0000000000000003e-09,0.0,1.657e-07,0.0,5.684200000000001e-06,0.0,0.0,0.0,0.0,1.0000000000000003e-09,0.0,2.7380000000000003e-07,0.0,2.0933e-05,0.0,0.0003707146,0.0,0.0,0.0,5.000000000000001e-10,2.162e-07,0.0,2.8733199999999998e-05,0.0,0.0013004402,0.0,0.0092179973,0.0,0.0,7.93e-08,1.0000000000000002e-10,1.7443599999999997e-05,0.0,0.0015001444,0.0,0.04500606969999999,0.0,0.008852928099999999,0.0,1.0100000000000001e-08,3.998599999999999e-06,0.0,0.0005818851999999998,0.0,0.036889041799999994,0.0,0.8590990948999999,0.0,0.0,3.94e-08,0.0,1.1524999999999997e-05,0.0,0.0011122993999999999,0.0,0.03541735779999999,0.0,0.0,0.0,0.0,5.86e-08,0.0,1.13689e-05,0.0,0.0005476426000000001,0.0,0.0,0.0,0.0,0.0,0.0,3.8900000000000004e-08,0.0,3.7636999999999996e-06,0.0,0.0,0.0,0.0,0.0,0.0,0.0,0.0,9.700000000000001e-09,0.0,0.0,0.0,0.0,0.0,0.0
127,198,0.0,1.5000000000000003e-11,6.000000000000002e-12,2.5320000000000004e-09,4.860000000000001e-10,9.457500000000001e-08,0.0,0.0,0.0,0.0,2.0000000000000005e-11,0.0,5.37e-09,1.0000000000000002e-12,4.2729e-07,0.0,9.220820000000001e-06,0.0,0.0,0.0,1.5000000000000003e-11,5.88e-09,0.0,7.63905e-07,0.0,3.70734e-05,0.0,0.000451773135,0.0,0.0,2.97e-09,4.860000000000001e-10,6.7422e-07,0.0,5.608638e-05,0.0,0.0018073748099999998,0.0,0.009029986661999998,0.0,9e-10,2.9350499999999995e-07,9.700000000000001e-11,3.802791999999999e-05,0.0,0.002287095585,0.0,0.05242758781199999,0.0,0.008587340256999998,4.127399999999999e-08,9.798e-09,9.987179999999998e-06,0.0,0.0009594434999999997,0.0,0.04517759577,0.0,0.833414651334,0.0,4.95e-10,1.9403999999999998e-07,0.0,2.823478499999999e-05,0.0,0.00180747084,0.0,0.04294582801499999,0.0,0.0,9.800000000000001e-10,0.0,2.8617e-07,0.0,2.766489e-05,0.0,0.0008853869,0.0,0.0,0.0,0.0,9.75e-10,0.0,1.89156e-07,0.0,9.127215e-06,0.0,0.0,0.0,0.0,0.0,0.0,4.860000000000001e-10,9.700000000000001e-11,4.7045999999999997e-08,0.0,0.0,0.0,0.0,0.0
128,199,3.500000000000001e-13,2.1000000000000006e-13,9.363000000000002e-11,3.6010000000000007e-11,7.67955e-09,1.4171700000000004e-09,1.8394595000000003e-07,0.0,0.0,0.0,3.500000000000001e-13,1.3205000000000002e-10,7.000000000000003e-14,1.714617e-08,5.830000000000001e-12,8.783592500000001e-07,0.0,1.3461926750000002e-05,0.0,0.0,8.885e-11,1.9410000000000004e-11,2.013855e-08,1.0000000000000002e-14,1.67685855e-06,0.0,5.864488565e-05,0.0,0.00052851980757,0.0,4.3710000000000003e-11,1.2616949999999999e-08,4.723900000000002e-10,1.6027754499999998e-06,0.0,9.571922655e-05,0.0,0.00237224704179,0.0,0.008844960464709999,3.3864899999999995e-09,9.7681e-10,7.715930499999997e-07,9.409000000000001e-11,6.991333704999999e-05,0.0,0.00321260830137,0.0,0.059365079960169986,0.008329720049289998,5.246699999999999e-10,1.4478302999999998e-07,9.50503e-09,1.9944626649999995e-05,0.0,0.0014233818169499997,0.0,0.053110148568510006,0.0,0.80849808519655,2.36789e-09,5.7813e-10,5.733001499999999e-07,0.0,5.533353374999999e-05,0.0,0.0026433348216500004,0.0,0.04999159968788999,0.0,1.475e-11,5.76245e-09,0.0,8.384732099999999e-07,0.0,5.385479285e-05,0.0,0.00128828357315,0.0,0.0,1.955e-11,0.0,5.70387e-09,9.700000000000001e-13,5.518728300000001e-07,0.0,1.7707267550000003e-05,0.0,0.0,0.0,0.0,1.4610000000000002e-11,5.830000000000001e-12,2.83441e-09,5.6455e-10,1.3690677e-07,0.0,0.0,0.0,0.0
129,200,1.2600000000000004e-14,2.2624000000000005e-12,1.2992000000000002e-12,2.4955360000000004e-10,9.138560000000001e-11,1.0714019200000002e-08,1.8536312000000003e-09,1.36458727e-07,0.0,0.0,2.5520000000000004e-12,4.020000000000001e-13,4.649888000000001e-10,3.49888e-11,3.3172803200000005e-08,1.3747132000000003e-09,9.082792880000001e-07,0.0,5.419817343200001e-06,0.0,1.8592e-12,4.565320000000001e-10,4.9860000000000016e-12,4.9629510400000004e-08,5.655200000000001e-12,2.4124181800000003e-06,0.0,4.2652186297600005e-05,0.0,9.373480272279998e-05,2.4665599999999997e-10,3.375680000000001e-11,4.3404247999999996e-08,5.674500000000001e-12,3.298906184e-06,0.0,0.00011369128477760001,0.0,0.0012184870880096,0.00017174680513999996,9.12784e-11,2.14360672e-08,5.639776000000001e-10,2.4609877539999992e-06,9.409000000000002e-13,0.00013990668430720001,0.0,0.0034579579988368,8.329720049289998e-05,0.0173415405028288,4.7616511999999995e-09,1.053584e-09,9.550723567999996e-07,1.863176e-10,8.280253671199998e-05,0.0,0.0036879987044,0.0,0.06670012589589439,0.016164809299776796,5.385375999999998e-10,1.4625384399999997e-07,9.225660399999999e-09,1.9913740921599993e-05,0.0,0.0014082055939239997,0.0,0.0520560762922816,0.0,0.7847430586375324,2.3548207999999998e-09,5.609336000000001e-10,5.646005407999998e-07,9.7e-15,5.422597912639999e-05,0.0,0.002577633233336,0.0,0.04850473453298479,0.0,1.4503e-11,5.6469568e-09,6.800000000000001e-14,8.189231247999999e-07,5.6551999999999996e-12,5.2423109536e-05,0.0,0.001249812138631,0.0,0.0,1.91096e-11,1.4230000000000002e-11,5.5668992000000004e-09,2.7560224e-09,5.372616704000001e-07,1.3280521239999999e-07,1.7177418591200003e-05,0.0,0.0,0.0
130,201,4.839600000000001e-14,3.9762000000000005e-14,7.181040000000002e-12,3.772272000000001e-12,4.4227761600000007e-10,1.4033749200000003e-10,1.0573056654000001e-08,1.3831235820000002e-09,5.556276070200001e-08,0.0,6.035400000000001e-14,1.1435256000000003e-11,1.663992e-12,1.0747400160000003e-09,1.0279760400000001e-10,4.393130133600001e-08,1.8117693960000003e-09,6.221677944780001e-07,0.0,9.915462006599999e-07,9.525912000000002e-12,7.959600000000002e-13,1.38594204e-09,3.4102292999999996e-11,8.978715784800002e-08,1.3335283560000002e-09,2.468589801912e-06,0.0,1.8805963593204e-05,2.6548160786279996e-06,5.520335999999999e-12,1.0937057520000001e-09,1.0870509000000003e-11,1.06173606948e-07,5.551698000000001e-12,4.909014387288e-06,0.0,8.927398442491201e-05,2.5504400563289997e-06,0.00027824050260089994,5.02146288e-10,4.9832496000000004e-11,7.647708233999999e-08,1.3016626000000003e-11,5.451641086211999e-06,9.409000000000001e-15,0.00018313918010971203,8.329720049289998e-07,0.002056928719344912,0.0005024908710167849,1.52077776e-10,3.1853863703999994e-08,6.517138920000001e-10,3.4238716212839985e-06,2.775849e-12,0.000187499552128344,0.0,0.004578661267797456,0.00024244637747588093,0.025497374226075974,6.110273687999999e-09,1.125227796e-09,1.1326661391599995e-06,2.7298477299999995e-10,9.514191375035997e-05,0.0,0.004137777894463417,0.0,0.07355216081364555,0.023527295607158813,5.516840459999999e-10,1.47592251864e-07,8.954500700999998e-09,1.987242372187199e-05,5.6648999999999994e-14,0.0013928022493262637,0.0,0.051017715802562674,0.0,0.7616858142237362,2.3409818699999994e-09,5.443936020000001e-10,5.559638943839998e-07,2.7626865000000005e-11,5.3136992695919994e-05,1.3281086759999998e-09,0.002513498363003502,0.0,0.047062090618381555,0.0,3.2937618000000006e-11,5.5472112840000004e-09,5.4276607080000004e-09,8.024570584799998e-07,5.225049181800001e-07,5.1156384108563996e-05,1.6663424085588003e-05,0.0012124895486579819,0.0,0.0
131,202,1.9690800000000004e-15,1.8704454000000007e-13,1.2657066000000004e-13,1.5279709440000003e-11,6.891849840000001e-12,5.508697309800001e-10,1.3908287124000003e-10,6.896867354160002e-09,5.694588428400002e-10,1.0471089613619999e-08,2.571593400000001e-13,6.377220000000001e-14,3.168678192000001e-11,5.044742730000001e-12,1.7769412795200003e-09,1.6860832080000004e-10,4.160275393164e-08,1.3597475685e-09,2.5809265376436004e-07,3.6463622792879994e-08,2.1696546000000002e-13,3.5983935360000006e-11,2.07175986e-12,3.01596488388e-09,1.1344549935e-10,1.1728727576640002e-07,1.7707515976800003e-09,1.7089881388439405e-06,5.205256134956999e-08,3.958812637367519e-06,2.5253858400000008e-11,1.4343146100000003e-12,3.1818077292e-09,3.337361254e-11,1.9176183391704e-07,1.2935781163900003e-09,5.16775389707376e-06,3.3834120612579994e-08,4.248621674911513e-05,1.0407989733009298e-05,1.239529152e-11,2.14922550276e-09,1.7690023870000004e-11,1.9250829663791998e-07,5.5431659000000006e-12,8.52264768891204e-06,8.329720143379998e-09,0.00015478305656468547,9.93162905961508e-06,0.0005504612256872496,8.682440510399999e-10,6.762771576000001e-11,1.2006668611127997e-07,2.1900872360000004e-11,8.14874522862552e-06,3.6885220000000003e-14,0.00026668439185031283,3.232446619539939e-06,0.003031502820839755,0.000980087306993388,2.2538729801999997e-10,4.376193443999999e-08,7.3568960794e-10,4.482625508759398e-06,5.422987749999999e-12,0.0002381317861398941,0.0,0.0057283779748702485,0.0004704459422231926,0.0333201057057391,7.4318146551599994e-09,1.19197674561e-09,1.3044459536663992e-06,3.546170719599999e-10,0.00010694577299528971,1.3281653249999998e-11,0.004562884721778438,0.0,0.07994325219568298,0.03043833488118141,5.643166555199998e-10,1.4880300518345998e-07,8.745862491719998e-09,1.9821205146703673e-05,5.238661486740001e-09,0.0013771960992445557,1.6664752194264002e-07,0.04999506511378622,0.0,0.7393058607032078,2.3585033923799993e-09,5.96346272268e-09,5.526298511368798e-07,7.836894705735299e-07,5.256930109734743e-05,4.979484014076047e-05,0.002466893392804083,0.001176281496439098,0.04566235279531669,0.0
132,203,0.0,0.0,0.0,0.0,0.0,0.0,0.0,0.0,0.0,0.0,0.0,0.0,0.0,0.0,0.0,0.0,0.0,0.0,0.0,0.0,0.0,0.0,0.0,0.0,0.0,0.0,0.0,0.0,0.0,0.0,0.0,0.0,0.0,0.0,0.0,0.0,0.0,0.0,0.0,0.0,0.0,0.0,0.0,0.0,0.0,0.0,0.0,0.0,0.0,0.0,0.0,0.0,0.0,1.0,0.0,0.0,0.0,0.0,0.0,0.0,0.0,0.0,0.0,0.0,0.0,0.0,0.0,0.0,0.0,0.0,0.0,0.0,0.0,0.0,0.0,0.0,0.0,0.0,0.0,0.0,0.0,0.0,0.0,0.0,0.0,0.0,0.0,0.0,0.0,0.0,0.0,0.0,0.0,0.0,0.0,0.0,0.0,0.0,0.0,0.0
133,204,0.0,0.0,0.0,0.0,0.0,0.0,0.0,0.0,0.0,0.0,0.0,0.0,0.0,0.0,0.0,0.0,0.0,0.0,0.0,0.0,0.0,0.0,0.0,0.0,0.0,0.0,0.0,0.0,0.0,0.0,0.0,0.0,0.0,0.0,0.0,0.0,0.0,0.0,0.0,0.0,0.0,0.0,0.0,0.01,0.0,0.0,0.0,0.0,0.0,0.0,0.0,0.0,0.01,0.0,0.97,0.0,0.0,0.0,0.0,0.0,0.0,0.0,0.0,0.01,0.0,0.0,0.0,0.0,0.0,0.0,0.0,0.0,0.0,0.0,0.0,0.0,0.0,0.0,0.0,0.0,0.0,0.0,0.0,0.0,0.0,0.0,0.0,0.0,0.0,0.0,0.0,0.0,0.0,0.0,0.0,0.0,0.0,0.0,0.0,0.0
134,205,0.0,0.0,0.0,0.0,0.0,0.0,0.0,0.0,0.0,0.0,0.0,0.0,0.0,0.0,0.0,0.0,0.0,0.0,0.0,0.0,0.0,0.0,0.0,0.0,0.0,0.0,0.0,0.0,0.0,0.0,0.0,0.0,0.0,0.0097,0.0,0.0,0.0,0.0,0.0,0.0,0.0,0.0,0.0098,0.0,0.941,0.0,0.0,0.0,0.0,0.0,0.0,0.0001,0.0,0.0196,0.0,0.0097,0.0,0.0,0.0,0.0,0.0,0.0,0.0002,0.0,0.0098,0.0,0.0,0.0,0.0,0.0,0.0,0.0,0.0,0.0001,0.0,0.0,0.0,0.0,0.0,0.0,0.0,0.0,0.0,0.0,0.0,0.0,0.0,0.0,0.0,0.0,0.0,0.0,0.0,0.0,0.0,0.0,0.0,0.0,0.0,0.0
135,206,0.0,0.0,0.0,0.0,0.0,0.0,0.0,0.0,0.0,0.0,0.0,0.0,0.0,0.0,0.0,0.0,0.0,0.0,0.0,0.0,0.0,0.0,0.0,9.7e-05,0.0,0.0,0.0,0.0,0.0,0.0,0.0,0.0,0.000195,0.0,0.018819000000000002,0.0,0.0,0.0,0.0,0.0,0.0,9.9e-05,0.0,0.019208999999999997,0.0,0.912867,0.0,0.0,0.0,0.0,1.0000000000000002e-06,0.0,0.00039299999999999996,0.0,0.028616999999999997,0.0,0.009409,0.0,0.0,0.0,0.0,3.0000000000000005e-06,0.0,0.000489,0.0,0.009602999999999999,0.0,0.0,0.0,0.0,0.0,0.0,3.0000000000000005e-06,0.0,0.000195,0.0,0.0,0.0,0.0,0.0,0.0,0.0,0.0,1.0000000000000002e-06,0.0,0.0,0.0,0.0,0.0,0.0,0.0,0.0,0.0,0.0,0.0,0.0,0.0,0.0,0.0,0.0
136,207,0.0,0.0,0.0,0.0,0.0,0.0,0.0,0.0,0.0,0.0,0.0,0.0,0.0,9.7e-07,0.0,0.0,0.0,0.0,0.0,0.0,0.0,0.0,2.92e-06,0.0,0.00028228000000000004,0.0,0.0,0.0,0.0,0.0,0.0,2.94e-06,0.0,0.0005704,0.0,0.0273831,0.0,0.0,0.0,0.0,1e-06,0.0,0.000294,0.0,0.028235759999999995,0.0,0.88557508,0.0,0.0,0.0,1.0000000000000002e-08,5.919999999999999e-06,0.0,0.00086436,0.0,0.03707728,0.0,0.00912673,0.0,0.0,4.000000000000001e-08,0.0,1.1760000000000001e-05,0.0,0.0008584799999999999,0.0,0.009408999999999999,0.0,0.0,0.0,0.0,6.000000000000001e-08,0.0,9.76e-06,0.0,0.00028518,0.0,0.0,0.0,0.0,0.0,0.0,4.000000000000001e-08,0.0,2.92e-06,0.0,0.0,0.0,0.0,0.0,0.0,0.0,0.0,1.0000000000000002e-08,0.0,0.0,0.0,0.0,0.0,0.0
137,208,0.0,0.0,0.0,9.700000000000001e-09,0.0,0.0,0.0,0.0,0.0,0.0,0.0,0.0,3.89e-08,0.0,3.7637e-06,0.0,0.0,0.0,0.0,0.0,0.0,5.8599999999999995e-08,0.0,1.13689e-05,0.0,0.0005476426000000001,0.0,0.0,0.0,0.0,3.9399999999999995e-08,0.0,1.1524999999999999e-05,0.0,0.0011122993999999999,0.0,0.0354173578,0.0,0.0,0.0,1.01e-08,3.9986e-06,0.0,0.0005818851999999999,0.0,0.036889041799999994,0.0,0.8590990948999999,0.0,0.0,6.97e-08,9.700000000000001e-09,1.74436e-05,0.0,0.0015001443999999998,0.0,0.0450060697,0.0,0.008852928099999999,0.0,5.000000000000001e-10,2.162e-07,0.0,2.87332e-05,0.0,0.0013004401999999998,0.0,0.0092179973,0.0,0.0,1.0000000000000003e-09,0.0,2.738e-07,0.0,2.0932999999999998e-05,0.0,0.00037071459999999995,0.0,0.0,0.0,0.0,1.0000000000000003e-09,0.0,1.657e-07,0.0,5.6842e-06,0.0,0.0,0.0,0.0,0.0,0.0,5.000000000000001e-10,1.0000000000000002e-10,3.89e-08,0.0,0.0,0.0,0.0,0.0
138,209,0.0,0.0,4.86e-10,9.700000000000001e-11,3.7734e-08,0.0,0.0,0.0,0.0,0.0,0.0,9.75e-10,0.0,1.61124e-07,0.0,5.514063000000001e-06,0.0,0.0,0.0,0.0,9.8e-10,0.0,2.6725799999999997e-07,0.0,2.0363897999999998e-05,0.0,0.000359650004,0.0,0.0,0.0,4.949999999999999e-10,2.12472e-07,0.0,2.8084929e-05,0.0,0.001265400312,0.0,0.008945164527,0.0,0.0,7.9002e-08,1.9800000000000001e-10,1.7212523999999997e-05,0.0,0.0014686411319999998,0.0,0.043764779129999994,0.0,0.00867952023,0.0,1.0596000000000001e-08,4.055937e-06,9.700000000000001e-11,0.000579891856,0.0,0.036260437088999994,0.0,0.833956892004,0.0,8.8529281e-05,6.9786e-08,9.414e-09,1.7212524e-05,0.0,0.0014686411319999998,0.0,0.043764779129999994,0.0,0.008679520229999998,0.0,4.95e-10,2.1247200000000002e-07,0.0,2.8084929e-05,0.0,0.0012654003119999995,0.0,0.008945164527,0.0,0.0,9.800000000000001e-10,0.0,2.6725799999999997e-07,1.0000000000000002e-12,2.0363897999999998e-05,0.0,0.00035965000399999997,0.0,0.0,0.0,0.0,9.750000000000003e-10,4.860000000000001e-10,1.6122e-07,3.7734e-08,5.514063e-06,0.0,0.0,0.0,0.0
139,210,0.0,1.4610000000000002e-11,5.83e-12,2.46097e-09,4.7143e-10,9.174261000000002e-08,0.0,0.0,0.0,0.0,1.955e-11,0.0,5.23443e-09,9.700000000000001e-13,4.1544723e-07,0.0,8.94514115e-06,0.0,0.0,0.0,1.475e-11,5.7576499999999994e-09,0.0,7.453397699999999e-07,0.0,3.6058624849999995e-05,0.0,0.00043831214915,0.0,0.0,2.92949e-09,4.8213e-10,6.617449500000001e-07,0.0,5.4786434549999995e-05,0.0,0.0017581342392499998,0.0,0.008763604793489999,0.0,9.029099999999999e-10,2.9144126999999997e-07,1.9303e-10,3.746232744999999e-05,0.0,0.00223748806335,0.0,0.050967651523709995,0.0,0.008420019915909998,4.215321e-08,1.0375210000000001e-08,1.007742793e-05,9.409000000000001e-11,0.0009544722938499997,0.0,0.04438748847896999,0.0,0.8091126609412901,8.587340257e-05,9.0291e-10,2.8250175e-07,9.13255e-09,3.746232745e-05,0.0,0.00223748806335,0.0,0.050967651523709995,0.0,0.008420019915909996,2.8373300000000006e-09,5.742900000000001e-10,6.617449500000001e-07,1.0000000000000002e-14,5.4786434549999995e-05,0.0,0.0017581342392499993,0.0,0.008763604793489999,0.0,1.475e-11,5.757650000000001e-09,4.870000000000001e-12,7.453407299999999e-07,3.7831e-10,3.605862484999999e-05,0.0,0.0004383121491499999,0.0,0.0,1.9550000000000006e-11,1.4610000000000005e-11,5.23539e-09,2.46097e-09,4.1554035e-07,9.174260999999999e-08,8.94514115e-06,0.0,0.0,0.0
140,211,3.4160000000000003e-13,2.0440000000000002e-13,9.1184e-11,3.4988800000000005e-11,7.463753600000002e-09,1.3747132000000003e-09,1.7844174320000001e-07,0.0,0.0,0.0,3.43e-13,1.290304e-10,6.8e-14,1.67098768e-08,5.6551999999999996e-12,8.539388992e-07,0.0,1.3059908407e-05,0.0,0.0,8.72144e-11,1.91288e-11,1.9708112000000003e-08,9.7e-15,1.6355846431999999e-06,0.0,5.70307814e-05,0.0,0.0005127988326104,0.0,4.32928e-11,1.2431044e-08,4.695964e-10,1.5718336192e-06,0.0,9.345965078799999e-05,0.0,0.0023070858967359996,0.0,0.008584896848844399,3.3742688e-09,9.863263999999997e-10,7.647130351999999e-07,1.8818e-10,6.880592554399999e-05,0.0,0.0031414961638687993,0.0,0.05770158483450559,0.008168278052458398,5.433424000000002e-10,1.474023232e-07,1.01581504e-08,2.00690745796e-05,9.12673e-11,0.0014144627710911998,0.0,0.05216634346448798,8.587340257e-07,0.7850909787118625,3.2839520000000002e-09,1.0766432e-09,7.560417008e-07,8.8595145e-09,6.8805925544e-05,0.0,0.0031414961638687993,0.0,0.05770158483450559,0.008168278052458396,4.3292800000000014e-11,1.2252253600000003e-08,6.484356000000001e-10,1.5718336288e-06,3.7928e-12,9.345965078799999e-05,0.0,0.002307085896735999,0.0,0.008584896848844399,8.629280000000001e-11,2.0245200000000006e-11,1.9708131200000002e-08,3.31168e-11,1.6355865055999995e-06,1.2843868e-09,5.7030781399999984e-05,0.0,0.0005127988326103999,0.0,6.846000000000002e-13,1.2904e-10,9.1184e-11,1.67117488e-08,7.463753599999999e-09,8.540292255999999e-07,1.784417432e-07,1.3059908406999997e-05,0.0,0.0
141,212,1.2306e-14,2.207604e-12,1.264452e-12,2.42998032e-10,8.879110800000003e-11,1.0412191092e-08,1.7981645640000002e-09,1.32383501502e-07,0.0,0.0,2.4972300000000003e-12,3.9366600000000004e-13,4.53918672e-10,3.3996465e-11,3.2302175184e-08,1.3335283560000002e-09,8.82534777966e-07,0.0,5.258587410174e-06,0.0,1.82907e-12,4.47423192e-10,4.953309000000001e-12,4.8479844239999994e-08,5.4856409999999994e-12,2.349580900536e-06,0.0,4.1437266262254e-05,0.0,9.097695681454799e-05,2.43084024e-10,3.3547092e-11,4.2606645624e-08,6.587173e-12,3.2248912034159997e-06,0.0,0.00011074027507192798,0.0,0.0011833505434329478,0.00016753174901302798,9.103339199999999e-11,2.1213008952e-08,5.68835076e-10,2.421075742212e-06,2.794473e-12,0.00013690350986939997,0.0,0.0033679675644625435,8.169136786484098e-05,0.016836958359367334,4.785336912e-09,1.0745179679999997e-09,9.514968301799999e-07,3.7362392200000003e-10,8.177512548982798e-05,9.126730000000001e-13,0.003614474302947215,8.587340257e-09,0.06492012635957899,0.015855830865868115,5.710810080000001e-10,1.50696032568e-07,9.959251821000002e-09,2.0178340350948002e-05,1.7716235400000001e-10,0.0014050665053604715,0.0,0.05123285482950444,8.251575252951297e-05,0.7622827969478646,3.3092518320000003e-09,1.0514636399999997e-09,7.49398389912e-07,8.600582517e-09,6.770841848690401e-05,1.2881796e-11,0.0030718270422419756,0.0,0.05608458510525233,0.008009078679373088,4.306624200000001e-11,1.2083920632e-08,6.304279920000001e-10,1.541398683792e-06,9.149158799999999e-11,9.125106523567198e-05,1.7972612999999999e-09,0.0022437022150580935,0.0,0.008332477931705171,8.566532400000001e-11,1.4572533e-10,1.9373743632e-08,1.6318069007999998e-08,1.6024661611679997e-06,8.315132589959999e-07,5.5632085825229985e-05,1.2669895572221998e-05,0.0004975454667161579,0.0
142,213,4.729446e-14,3.878028e-14,7.0038876e-12,3.670500570000001e-12,4.304615541600001e-10,1.363267512e-10,1.027128635124e-08,1.34181666066e-09,5.390970911676e-08,0.0,5.913648e-14,1.117976682e-11,1.6199528400000001e-12,1.048067472e-09,9.985747938000002e-11,4.27440038961e-08,1.7575549106400001e-09,6.041958809608801e-07,0.0,9.6235544224722e-07,9.345675960000002e-12,7.8515073e-13,1.3556402424e-09,3.314683228e-11,8.756262941039999e-08,1.29357736173e-09,2.4013299569741997e-06,0.0,1.825847745296628e-05,2.5850870582757595e-06,5.45084298e-12,1.07462788224e-09,1.0894403140000001e-11,1.0391118482531999e-07,5.414888229999999e-12,4.78778023496736e-06,0.0,8.681473210406057e-05,2.4922311687786897e-06,0.0002701260546282446,4.966852958399999e-10,4.988454359999999e-11,7.526630206872e-08,1.5842092520000002e-11,5.33914157832792e-06,3.707146e-14,0.0001786115205925617,8.169995520509798e-07,0.001999100549964048,0.00049025060247364,1.5261174912e-10,3.164640068004e-08,6.6584396083e-10,3.3774930966551997e-06,8.2276283e-12,0.0001838095639112931,8.588252930000001e-11,0.004464603092448973,0.0002386241788862746,0.02476243715031943,6.1875404587199995e-09,1.1581003936499996e-09,1.1337362730088799e-06,5.497851712600001e-10,9.425140436711639e-05,2.7857343100000002e-12,0.004063137557629867,8.334872453444197e-07,0.07166852493761783,0.023083899853689742,5.979863949000001e-10,1.5382306721471996e-07,9.763299007860001e-09,2.0272982296025643e-05,2.5889704239e-10,0.001395222375459303,1.810143096e-11,0.05030987032824483,0.00016013106674735847,0.7401385744565919,3.33210079902e-09,1.0281119264399995e-09,7.426450016951999e-07,8.51296492737e-09,6.662111523310322e-05,8.34651546096e-09,0.0030035780846359066,1.2671692833521997e-07,0.05451278480822955,0.007852131098308948,1.2718352556000001e-10,1.20573506727e-08,1.956868441866e-08,1.5272036492639998e-06,1.5629592364533596e-06,8.989244665969191e-05,5.4099880682246264e-05,0.0021942127228368196,0.00048274580167039535,0.008087479048421178
143,214,0.0,0.0,0.0,0.0,0.0,0.0,0.0,0.0,0.0,0.0,0.0,0.0,0.0,0.0,0.0,0.0,0.0,0.0,0.0,0.0,0.0,0.0,0.0,0.0,0.0,0.0,0.0,0.0,0.0,0.0,0.0,0.0,0.0,0.0,0.0,0.0,0.0,0.0,0.0,0.0,0.0,0.0,0.0,0.0,0.0,0.0,0.0,0.0,0.0,0.0,0.0,0.0,0.0,0.0,0.0,0.0,0.0,0.0,0.0,0.0,0.0,0.0,0.0,0.0,0.0,0.0,0.0,0.0,0.0,0.0,0.0,0.0,0.0,1.0,0.0,0.0,0.0,0.0,0.0,0.0,0.0,0.0,0.0,0.0,0.0,0.0,0.0,0.0,0.0,0.0,0.0,0.0,0.0,0.0,0.0,0.0,0.0,0.0,0.0,0.0
144,215,0.0,0.0,0.0,0.0,1.0,0.0,0.0,0.0,0.0,0.0,0.0,0.0,0.0,0.0,0.0,0.0,0.0,0.0,0.0,0.0,0.0,0.0,0.0,0.0,0.0,0.0,0.0,0.0,0.0,0.0,0.0,0.0,0.0,0.0,0.0,0.0,0.0,0.0,0.0,0.0,0.0,0.0,0.0,0.0,0.0,0.0,0.0,0.0,0.0,0.0,0.0,0.0,0.0,0.0,0.0,0.0,0.0,0.0,0.0,0.0,0.0,0.0,0.0,0.0,0.0,0.0,0.0,0.0,0.0,0.0,0.0,0.0,0.0,0.0,0.0,0.0,0.0,0.0,0.0,0.0,0.0,0.0,0.0,0.0,0.0,0.0,0.0,0.0,0.0,0.0,0.0,0.0,0.0,0.0,0.0,0.0,0.0,0.0,0.0,0.0
145,216,0.0,0.0,0.0,0.01,0.01,0.97,0.0,0.0,0.0,0.0,0.0,0.0,0.0,0.0,0.01,0.0,0.0,0.0,0.0,0.0,0.0,0.0,0.0,0.0,0.0,0.0,0.0,0.0,0.0,0.0,0.0,0.0,0.0,0.0,0.0,0.0,0.0,0.0,0.0,0.0,0.0,0.0,0.0,0.0,0.0,0.0,0.0,0.0,0.0,0.0,0.0,0.0,0.0,0.0,0.0,0.0,0.0,0.0,0.0,0.0,0.0,0.0,0.0,0.0,0.0,0.0,0.0,0.0,0.0,0.0,0.0,0.0,0.0,0.0,0.0,0.0,0.0,0.0,0.0,0.0,0.0,0.0,0.0,0.0,0.0,0.0,0.0,0.0,0.0,0.0,0.0,0.0,0.0,0.0,0.0,0.0,0.0,0.0,0.0,0.0
146,217,0.0,0.0,0.0001,0.0002,0.0196,0.0194,0.9409,0.0,0.0,0.0,0.0,0.0,0.0,0.0002,0.0001,0.0194,0.0,0.0,0.0,0.0,0.0,0.0,0.0,0.0,0.0001,0.0,0.0,0.0,0.0,0.0,0.0,0.0,0.0,0.0,0.0,0.0,0.0,0.0,0.0,0.0,0.0,0.0,0.0,0.0,0.0,0.0,0.0,0.0,0.0,0.0,0.0,0.0,0.0,0.0,0.0,0.0,0.0,0.0,0.0,0.0,0.0,0.0,0.0,0.0,0.0,0.0,0.0,0.0,0.0,0.0,0.0,0.0,0.0,0.0,0.0,0.0,0.0,0.0,0.0,0.0,0.0,0.0,0.0,0.0,0.0,0.0,0.0,0.0,0.0,0.0,0.0,0.0,0.0,0.0,0.0,0.0,0.0,0.0,0.0,0.0
147,220,6.000000000000001e-10,4.089999999999998e-08,1.5859999999999998e-07,6.153999999999999e-06,1.7520399999999996e-05,0.0004050532,0.0007584817999999999,0.009959426499999998,0.0092179973,0.008852928099999999,1.0100000000000001e-08,3.94e-08,3.998599999999999e-06,1.1524999999999997e-05,0.0005818851999999998,0.0011122993999999999,0.036889041799999994,0.03541735779999999,0.8590990948999999,0.0,0.0,3.94e-08,5.86e-08,1.1524999999999997e-05,1.13689e-05,0.0011122993999999999,0.0005476426000000001,0.03541735779999999,0.0,0.0,0.0,0.0,5.86e-08,3.8900000000000004e-08,1.13689e-05,3.7636999999999996e-06,0.0005476426000000001,0.0,0.0,0.0,0.0,0.0,0.0,3.8900000000000004e-08,9.700000000000001e-09,3.7636999999999996e-06,0.0,0.0,0.0,0.0,0.0,0.0,0.0,0.0,9.700000000000001e-09,0.0,0.0,0.0,0.0,0.0,0.0,0.0,0.0,0.0,0.0,0.0,0.0,0.0,0.0,0.0,0.0,0.0,0.0,0.0,0.0,0.0,0.0,0.0,0.0,0.0,0.0,0.0,0.0,0.0,0.0,0.0,0.0,0.0,0.0,0.0,0.0,0.0,0.0,0.0,0.0,0.0,0.0,0.0,0.0,0.0
148,222,4.516e-11,1.8659199999999997e-09,7.2956799999999985e-09,2.2506696999999996e-07,6.173997699999998e-07,1.2918935769999998e-05,2.1630865589999994e-05,0.00028879645784999996,0.00018989696595999998,0.00026588102744,1.4205599999999993e-09,5.42268e-09,2.6060030999999995e-07,7.420796699999999e-07,2.3467523289999996e-05,4.4439593909999996e-05,0.0010247821926299997,0.0009845511029299998,0.01730348888883,0.0005259010005999999,1.53464e-09,1.1818804999999997e-07,3.758693299999999e-07,1.7495857589999995e-05,3.856549976999999e-05,0.00113350667487,0.0014330665598899996,0.02744739521717,0.009360365165149999,0.02499978422613,1.027331e-08,3.821219e-08,3.98892533e-06,1.1066706749999997e-05,0.0005695763400899998,0.0010574811029099998,0.03542831046389001,0.03333481659682999,0.80901348989699,0.0,0.0,3.821219e-08,5.589237e-08,1.1066706749999997e-05,1.0770958570000003e-05,0.0010574811029099998,0.0005153499390899999,0.03333481659682999,0.0,0.0,0.0,0.0,5.589237e-08,3.678919000000001e-08,1.0770958570000003e-05,3.5414535099999996e-06,0.0005153499390899999,0.0,0.0,0.0,0.0,0.0,0.0,3.678919000000001e-08,9.12673e-09,3.5414535099999996e-06,0.0,0.0,0.0,0.0,0.0,0.0,0.0,0.0,9.12673e-09,0.0,0.0,0.0,0.0,0.0,0.0,0.0,0.0,0.0,0.0,0.0,0.0,0.0,0.0,0.0,0.0,0.0,0.0,0.0,0.0,0.0,0.0,0.0,0.0,0.0
149,225,2.2688680799999997e-12,9.952900409999999e-12,2.9968795781999997e-10,9.549487202799998e-10,2.1362195962179998e-08,4.7280196308739996e-08,7.904493646449399e-07,1.0497924735470797e-06,1.2139582089543059e-05,1.3539873327701132e-05,9.932010899999997e-12,3.731573260799999e-10,1.1830107251399998e-09,3.714147884804999e-08,8.524949768301999e-08,1.99067239757784e-06,2.913427283351139e-06,5.1479039996263645e-05,4.6591102473290034e-05,0.00045834363293604174,2.0395324253999997e-10,7.293840063599999e-10,3.1268475403439995e-08,7.978920698588999e-08,2.4646393867625995e-06,4.341899370642719e-06,9.980076215765279e-05,0.00010129225355971735,0.0016609597843871631,0.0016048621318431296,2.454458814e-10,1.3376986713899996e-08,3.770794508897999e-08,1.5874490410199997e-06,3.2689643115129595e-06,9.909952696825199e-05,0.00013060664568044486,0.0030056041370262144,0.002389912437846708,0.03323997784260807,2.2723222069199996e-09,8.353197645179998e-09,5.110239829060199e-07,1.2509504020187997e-06,5.11292471702496e-05,8.681584345856279e-05,0.002527108734667782,0.00239109467510905,0.049917498760506565,0.04722663094294542,4.984887550199999e-10,5.208558573875999e-08,1.4841415431599996e-07,9.806123389613038e-06,2.103250484848617e-05,0.0009082614756038248,0.0013139560700165106,0.041352288849092554,0.030528024412162024,0.7393843183540588,4.745490357e-10,9.034559435999999e-10,1.8240939821999996e-07,2.6033030173889996e-07,2.602878584505705e-05,2.4833411225500505e-05,0.0016338173199092467,0.0007841598897057418,0.038051960662763895,0.0,0.0,9.034559435999999e-10,8.809576132500001e-10,2.6033030173889996e-07,1.6919734438180003e-07,2.4833411225500505e-05,8.081975374142848e-06,0.0007841598897057418,0.0,0.0,0.0,0.0,8.809576132500001e-10,4.3379347690000003e-10,1.6919734438180003e-07,4.1653026710499995e-08,8.081975374142848e-06,0.0,0.0,0.0,0.0,0.0,0.0,4.3379347690000003e-10,1.7174680514e-10,4.1653026710499995e-08,0.0,0.0,0.0,0.0
150,226,0.0,0.0,0.0,0.0,0.0,0.0,0.0,0.0,0.0,0.0,0.0,0.0,0.0,0.0,0.0,0.0,0.0,0.0,0.0,0.0,0.0,0.0,0.0,0.0,0.0,0.0,0.0,0.0,0.0,0.0,0.0,0.0,0.0,0.0,1.0,0.0,0.0,0.0,0.0,0.0,0.0,0.0,0.0,0.0,0.0,0.0,0.0,0.0,0.0,0.0,0.0,0.0,0.0,0.0,0.0,0.0,0.0,0.0,0.0,0.0,0.0,0.0,0.0,0.0,0.0,0.0,0.0,0.0,0.0,0.0,0.0,0.0,0.0,0.0,0.0,0.0,0.0,0.0,0.0,0.0,0.0,0.0,0.0,0.0,0.0,0.0,0.0,0.0,0.0,0.0,0.0,0.0,0.0,0.0,0.0,0.0,0.0,0.0,0.0,0.0
151,229,0.0,0.0,0.0,0.0,1.0000000000000002e-06,0.0,0.0,0.0,0.0,0.0,0.0,0.0,0.0,3.0000000000000005e-06,0.0,0.000195,0.0,0.0,0.0,0.0,0.0,0.0,3.0000000000000005e-06,0.0,0.000489,0.0,0.009602999999999999,0.0,0.0,0.0,0.0,1.0000000000000002e-06,0.0,0.00039299999999999996,0.0,0.028616999999999997,0.0,0.009409,0.0,0.0,0.0,0.0,9.9e-05,0.0,0.019208999999999997,0.0,0.912867,0.0,0.0,0.0,0.0,0.0,0.0,0.000195,0.0,0.018819000000000002,0.0,0.0,0.0,0.0,0.0,0.0,0.0,0.0,9.7e-05,0.0,0.0,0.0,0.0,0.0,0.0,0.0,0.0,0.0,0.0,0.0,0.0,0.0,0.0,0.0,0.0,0.0,0.0,0.0,0.0,0.0,0.0,0.0,0.0,0.0,0.0,0.0,0.0,0.0,0.0,0.0,0.0,0.0,0.0,0.0
152,237,0.0,0.0,0.0,0.0,0.0,0.0,0.0,0.0,0.0,0.0,0.0,0.0,0.0,0.0,0.0,0.0,0.0,0.0,0.0,0.0,0.0,0.0,0.0,0.0,0.0,0.0,0.0,0.0,0.0,0.0,0.0,0.0,0.0,0.0,0.0,0.0,0.0,0.0,0.0,0.0,0.0,0.0,0.0,0.0,1.0,0.0,0.0,0.0,0.0,0.0,0.0,0.0,0.0,0.0,0.0,0.0,0.0,0.0,0.0,0.0,0.0,0.0,0.0,0.0,0.0,0.0,0.0,0.0,0.0,0.0,0.0,0.0,0.0,0.0,0.0,0.0,0.0,0.0,0.0,0.0,0.0,0.0,0.0,0.0,0.0,0.0,0.0,0.0,0.0,0.0,0.0,0.0,0.0,0.0,0.0,0.0,0.0,0.0,0.0,0.0
153,238,0.0,0.0,0.0,0.0,0.0,0.0,0.0,0.0,0.0,0.0,0.0,0.0,0.0,0.0,0.0,0.0,0.0,0.0,0.0,0.0,0.0,0.0,0.0,0.0,0.0,0.0,0.0,0.0,0.0,0.0,0.0,0.0,0.0,0.0,0.01,0.0,0.0,0.0,0.0,0.0,0.0,0.0,0.0,0.01,0.0,0.97,0.0,0.0,0.0,0.0,0.0,0.0,0.0,0.0,0.01,0.0,0.0,0.0,0.0,0.0,0.0,0.0,0.0,0.0,0.0,0.0,0.0,0.0,0.0,0.0,0.0,0.0,0.0,0.0,0.0,0.0,0.0,0.0,0.0,0.0,0.0,0.0,0.0,0.0,0.0,0.0,0.0,0.0,0.0,0.0,0.0,0.0,0.0,0.0,0.0,0.0,0.0,0.0,0.0,0.0
154,239,0.0,0.0,0.0,0.0,0.0,0.0,0.0,0.0,0.0,0.0,0.0,0.0,0.0,0.0,0.0,0.0,0.0,0.0,0.0,0.0,0.0,0.0,0.0,0.0,0.0001,0.0,0.0,0.0,0.0,0.0,0.0,0.0,0.0,0.0002,0.0,0.0194,0.0,0.0,0.0,0.0,0.0,0.0,0.0001,0.0,0.0196,0.0,0.9409,0.0,0.0,0.0,0.0,0.0,0.0,0.0002,0.0,0.0194,0.0,0.0,0.0,0.0,0.0,0.0,0.0,0.0,0.0001,0.0,0.0,0.0,0.0,0.0,0.0,0.0,0.0,0.0,0.0,0.0,0.0,0.0,0.0,0.0,0.0,0.0,0.0,0.0,0.0,0.0,0.0,0.0,0.0,0.0,0.0,0.0,0.0,0.0,0.0,0.0,0.0,0.0,0.0,0.0
155,240,0.0,0.0,0.0,0.0,0.0,0.0,0.0,0.0,0.0,0.0,0.0,0.0,0.0,0.0,1.0000000000000002e-06,0.0,0.0,0.0,0.0,0.0,0.0,0.0,0.0,3.0000000000000005e-06,0.0,0.000291,0.0,0.0,0.0,0.0,0.0,0.0,3.0000000000000005e-06,0.0,0.000585,0.0,0.028227000000000002,0.0,0.0,0.0,0.0,1.0000000000000002e-06,0.0,0.00029699999999999996,0.0,0.028808999999999994,0.0,0.912673,0.0,0.0,0.0,0.0,3.0000000000000005e-06,0.0,0.000585,0.0,0.028227000000000002,0.0,0.0,0.0,0.0,0.0,0.0,3.0000000000000005e-06,0.0,0.000291,0.0,0.0,0.0,0.0,0.0,0.0,0.0,0.0,1.0000000000000002e-06,0.0,0.0,0.0,0.0,0.0,0.0,0.0,0.0,0.0,0.0,0.0,0.0,0.0,0.0,0.0,0.0,0.0,0.0,0.0,0.0,0.0,0.0,0.0,0.0,0.0
156,241,0.0,0.0,0.0,0.0,1.0000000000000002e-08,0.0,0.0,0.0,0.0,0.0,0.0,0.0,0.0,4.000000000000001e-08,0.0,2.9200000000000004e-06,0.0,0.0,0.0,0.0,0.0,0.0,6.000000000000001e-08,0.0,9.760000000000001e-06,0.0,0.00028518000000000006,0.0,0.0,0.0,0.0,4.000000000000001e-08,0.0,1.1760000000000001e-05,0.0,0.00085848,0.0,0.009408999999999999,0.0,0.0,1.0000000000000002e-08,0.0,5.919999999999999e-06,0.0,0.00086436,0.0,0.037077280000000004,0.0,0.00912673,0.0,0.0,1e-06,0.0,0.00029399999999999994,0.0,0.028235759999999995,0.0,0.88557508,0.0,0.0,0.0,0.0,2.9400000000000007e-06,0.0,0.0005704000000000001,0.0,0.0273831,0.0,0.0,0.0,0.0,0.0,0.0,2.9200000000000004e-06,0.0,0.00028228,0.0,0.0,0.0,0.0,0.0,0.0,0.0,0.0,9.7e-07,0.0,0.0,0.0,0.0,0.0,0.0,0.0,0.0,0.0,0.0,0.0,0.0,0.0,0.0,0.0
157,242,0.0,0.0,0.0,5.000000000000001e-10,1.0000000000000002e-10,3.8900000000000004e-08,0.0,0.0,0.0,0.0,0.0,0.0,1.0000000000000003e-09,0.0,1.6570000000000003e-07,0.0,5.6842000000000006e-06,0.0,0.0,0.0,0.0,1.0000000000000003e-09,0.0,2.7380000000000003e-07,0.0,2.0933000000000004e-05,0.0,0.00037071460000000006,0.0,0.0,5.000000000000001e-10,0.0,2.162e-07,0.0,2.87332e-05,0.0,0.0013004402,0.0,0.0092179973,0.0,1.0000000000000002e-10,7.929999999999999e-08,0.0,1.74436e-05,0.0,0.0015001443999999998,0.0,0.045006069700000005,0.0,0.008852928099999999,1.01e-08,0.0,3.998599999999999e-06,0.0,0.0005818851999999999,0.0,0.036889041799999994,0.0,0.8590990948999999,0.0,0.0,3.940000000000001e-08,0.0,1.1524999999999999e-05,0.0,0.0011122994,0.0,0.0354173578,0.0,0.0,0.0,0.0,5.860000000000001e-08,0.0,1.13689e-05,0.0,0.0005476426,0.0,0.0,0.0,0.0,0.0,0.0,3.8900000000000004e-08,0.0,3.7637e-06,0.0,0.0,0.0,0.0,0.0,0.0,0.0,0.0,9.700000000000001e-09,0.0,0.0,0.0,0.0,0.0
158,243,0.0,0.0,1.5000000000000003e-11,6.000000000000002e-12,2.5320000000000004e-09,4.860000000000001e-10,9.457500000000001e-08,0.0,0.0,0.0,0.0,2.0000000000000005e-11,0.0,5.37e-09,1.0000000000000002e-12,4.272900000000001e-07,0.0,9.220820000000001e-06,0.0,0.0,1.5000000000000003e-11,0.0,5.88e-09,0.0,7.639050000000001e-07,0.0,3.70734e-05,0.0,0.00045177313500000004,0.0,6.000000000000002e-12,3.45e-09,0.0,6.7422e-07,0.0,5.608638e-05,0.0,0.0018073748099999998,0.0,0.009029986661999998,8.999999999999999e-10,9.700000000000001e-11,2.93505e-07,0.0,3.802792e-05,0.0,0.0022870955849999997,0.0,0.05242758781199999,0.008587340256999998,1.02e-10,5.0969999999999986e-08,0.0,9.987179999999998e-06,0.0,0.0009594434999999998,0.0,0.04517759577,0.0,0.833414651334,4.95e-10,0.0,1.9403999999999998e-07,0.0,2.8234785e-05,0.0,0.00180747084,0.0,0.04294582801499999,0.0,0.0,9.800000000000003e-10,0.0,2.8617e-07,0.0,2.7664890000000003e-05,0.0,0.0008853869,0.0,0.0,0.0,0.0,9.750000000000003e-10,0.0,1.8915600000000003e-07,0.0,9.127215e-06,0.0,0.0,0.0,0.0,0.0,0.0,4.860000000000001e-10,9.700000000000001e-11,4.7046e-08,0.0,0.0,0.0,0.0
159,244,0.0,3.500000000000001e-13,2.1000000000000006e-13,7.923000000000001e-11,3.0250000000000005e-11,5.248830000000002e-09,9.5061e-10,9.315395e-08,0.0,0.0,3.500000000000001e-13,0.0,1.2725e-10,5.830000000000002e-12,1.4421690000000004e-08,4.714300000000001e-10,5.589528500000001e-07,0.0,4.60993955e-06,0.0,2.1000000000000006e-13,1.1285e-10,0.0,1.964895e-08,9.700000000000001e-13,1.3537081500000002e-06,0.0,3.190640885e-05,0.0,9.481759796999998e-05,5.811e-11,1.03e-12,1.541535e-08,0.0,1.6888730500000001e-06,0.0,7.746676575e-05,0.0,0.00107086943379,0.00017617326918999997,1.681e-11,6.80025e-09,9.700000000000001e-13,1.13707945e-06,0.0,8.724945865e-05,0.0,0.00275207635737,8.587340256999998e-05,0.01770338285617,1.38867e-09,9.511000000000001e-11,3.8702175e-07,0.0,4.686373705e-05,0.0,0.0026979278185499996,0.0,0.060070140928829986,0.016663866562629998,1.0389e-10,5.139604999999999e-08,0.0,9.974714549999998e-06,0.0,0.0009492939001499998,0.0,0.04427865475445,0.0,0.8088416700741299,4.8995e-10,0.0,1.9110004999999998e-07,0.0,2.7669143609999996e-05,0.0,0.00176246850485,0.0,0.04166630704354999,0.0,0.0,9.603500000000003e-10,0.0,2.7949107e-07,9.700000000000001e-13,2.6928577470000004e-05,0.0,0.0008589165651500001,0.0,0.0,0.0,0.0,9.5061e-10,4.723900000000002e-10,1.8405073000000004e-07,4.563559e-08,8.85386901e-06,0.0,0.0,0.0
160,246,0.0,4.8270000000000005e-14,3.4932e-14,6.198576000000002e-12,3.0009120000000007e-12,3.121006560000001e-10,8.517925200000003e-11,5.156673870000001e-09,4.79719806e-10,1.0413063102e-08,5.4798000000000004e-14,8.232000000000003e-15,1.0976088000000002e-11,1.5210600000000002e-12,8.857896480000001e-10,7.918314000000002e-11,2.7734846808000002e-08,9.220822920000001e-10,2.2464964183800001e-07,3.7041840467999994e-08,3.57e-14,1.0756248e-11,3.1111200000000007e-13,1.3318640880000001e-09,3.774008100000001e-11,7.034344936800001e-08,9.035747880000001e-10,1.327782683832e-06,5.3303753892e-08,3.970795214579999e-06,6.7055520000000006e-12,4.314e-14,1.241620536e-09,5.504562000000001e-12,1.03426307076e-07,4.4358730500000006e-10,3.634427390808e-06,3.4792007433e-08,3.7908448696271995e-05,1.0623782328131997e-05,2.6616480000000005e-12,7.361819039999999e-10,5.969700000000001e-14,9.301089834e-08,9.127700000000002e-13,5.438621825412001e-06,8.587340256999999e-09,0.000124999701418896,1.0203991710800999e-05,0.000556907573830416,2.6320526399999997e-10,3.3378600000000005e-12,5.0992039992e-08,2.8329000000000007e-14,4.686740859396e-06,0.0,0.000196084323016536,3.332330666121e-06,0.002758518596308944,0.001005260133135684,5.1875700000000005e-11,1.5976775832e-08,2.7681960000000004e-12,2.282581707864e-06,0.0,0.000158737715599704,0.0,0.004764741554699447,0.00048496146280054795,0.03401181053504178,2.3346035339999998e-09,9.155346000000002e-11,5.652240198959998e-07,4.7433000000000015e-14,6.3427942509552e-05,4.563753e-12,0.003454794323102136,0.0,0.07388753754982767,0.03137472707892104,1.07351166e-10,5.212235153399998e-08,9.315492e-12,9.933910208303996e-06,1.794532689e-09,0.0009285352710044639,8.589165661199999e-08,0.04252114373240945,0.0,0.7618475396210501,4.797198060000001e-10,9.220823880000004e-10,1.8617820401999997e-07,2.6701590454799997e-07,2.6738510075855994e-05,2.5555824569508002e-05,0.0016839111743704198,0.0008083263657719881,0.039220492164026996,0.0
161,248,0.0,0.0,0.0,0.0,0.0,0.0,0.0,0.0,0.0,0.0,0.0,0.0,0.0,0.0,0.0,0.0,0.0,0.0,0.0,0.0,0.0,0.0,0.0,0.0,0.0,0.0,0.0,0.0,0.0,0.0,0.0,0.0,0.0,0.0,0.0,0.0,0.0,0.0,0.0,0.0,0.0,0.0,0.0,0.0,0.0,0.0,0.0,0.0,0.0,0.0,0.0,0.0,0.0,0.0,1.0,0.0,0.0,0.0,0.0,0.0,0.0,0.0,0.0,0.0,0.0,0.0,0.0,0.0,0.0,0.0,0.0,0.0,0.0,0.0,0.0,0.0,0.0,0.0,0.0,0.0,0.0,0.0,0.0,0.0,0.0,0.0,0.0,0.0,0.0,0.0,0.0,0.0,0.0,0.0,0.0,0.0,0.0,0.0,0.0,0.0
162,250,0.0,0.0,0.0,0.0,0.0,0.0,0.0,0.0,0.0,0.0,0.0,0.0,0.0,0.0,0.0,0.0,0.0,0.0,0.0,0.0,0.0,0.0,0.0,0.0,0.0,0.0,0.0,0.0,0.0,0.0,0.0,0.0,0.0,0.0,0.0097,0.0,0.0,0.0,0.0,0.0,0.0,0.0,0.0,0.0098,0.0,0.941,0.0,0.0,0.0,0.0,0.0,0.0,0.0001,0.0,0.0196,0.0,0.0097,0.0,0.0,0.0,0.0,0.0,0.0,0.0002,0.0,0.0098,0.0,0.0,0.0,0.0,0.0,0.0,0.0,0.0,0.0001,0.0,0.0,0.0,0.0,0.0,0.0,0.0,0.0,0.0,0.0,0.0,0.0,0.0,0.0,0.0,0.0,0.0,0.0,0.0,0.0,0.0,0.0,0.0,0.0,0.0
163,252,0.0,0.0,0.0,0.0,0.0,0.0,0.0,0.0,0.0,0.0,0.0,0.0,0.0,0.0,9.7e-07,0.0,0.0,0.0,0.0,0.0,0.0,0.0,0.0,2.92e-06,0.0,0.00028228000000000004,0.0,0.0,0.0,0.0,0.0,0.0,2.94e-06,0.0,0.0005704,0.0,0.0273831,0.0,0.0,0.0,0.0,1e-06,0.0,0.000294,0.0,0.028235759999999995,0.0,0.88557508,0.0,0.0,1.0000000000000002e-08,0.0,5.919999999999999e-06,0.0,0.00086436,0.0,0.03707728,0.0,0.00912673,0.0,0.0,4.000000000000001e-08,0.0,1.1760000000000001e-05,0.0,0.0008584799999999999,0.0,0.009408999999999999,0.0,0.0,0.0,0.0,6.000000000000001e-08,0.0,9.76e-06,0.0,0.00028518,0.0,0.0,0.0,0.0,0.0,0.0,4.000000000000001e-08,0.0,2.92e-06,0.0,0.0,0.0,0.0,0.0,0.0,0.0,0.0,1.0000000000000002e-08,0.0,0.0,0.0,0.0,0.0
164,259,0.0,0.0,0.0,0.0,0.0,0.0,0.0,0.0,0.0,0.0,0.0,0.0,0.0,0.0,0.0,0.0,0.0,0.0,0.0,0.0,0.0,0.0,0.0,0.0,0.0,0.0,0.0,0.0,0.0,0.0,0.0,0.0,0.0,0.0,0.0,0.0,0.0,0.0,0.0,0.0,0.0,0.0,0.0,0.0,0.0,0.0,0.0,0.0,0.0,0.0,0.0,0.0,0.0,0.0,0.0,0.0,0.0,0.0,0.0,0.0,0.0,0.0,0.0,0.0,1.0,0.0,0.0,0.0,0.0,0.0,0.0,0.0,0.0,0.0,0.0,0.0,0.0,0.0,0.0,0.0,0.0,0.0,0.0,0.0,0.0,0.0,0.0,0.0,0.0,0.0,0.0,0.0,0.0,0.0,0.0,0.0,0.0,0.0,0.0,0.0
165,270,0.0,0.0,0.0,0.0,0.0,0.0,0.0,0.0,0.0,0.0,0.0,0.0,0.0,0.0,0.0,0.0,0.0,0.0,0.0,0.0,0.0,0.0,0.0,0.0,0.0,0.0,0.0,0.0,0.0,0.0,0.0,0.0,0.0,0.0,0.0,0.0,0.0,0.0,0.0,0.0,0.0,0.0,0.0,0.0,0.0,0.0,0.0,0.0,0.0,0.0,0.0,0.0,0.0,0.0,0.0,0.0,0.0,0.0,0.0,0.0,0.0,0.0,0.0,0.0,0.0,0.0,0.0,0.0,0.0,0.0,0.0,0.0,0.0,0.0,0.0,0.0,0.0,0.0,0.0,0.0,0.0,0.0,0.0,0.0,1.0,0.0,0.0,0.0,0.0,0.0,0.0,0.0,0.0,0.0,0.0,0.0,0.0,0.0,0.0,0.0
166,271,0.0,0.0,0.0,0.0,0.0,0.0,0.0,0.0,0.0,0.0,0.0,0.0,0.0,0.0,0.0,0.0,0.0,0.0,0.0,0.0,0.0,0.0,0.0,0.0,0.0,0.0,0.0,0.0,0.0,0.0,0.0,0.0,0.0,0.0,0.0,0.0,0.0,0.0,0.0,0.0,0.0,0.0,0.0,0.0,0.0,0.0,0.0,0.0,0.0,0.0,0.0,0.0,0.0,0.0,0.0,0.0,0.0,0.0,0.0,0.0,0.0,0.0,0.0,0.0,0.0,0.0,0.0,0.0,0.0,0.0,0.0,0.0,0.0,0.0,0.0,0.0,0.0,0.0,0.0,0.0,0.0,0.0,0.0,0.0,0.0,0.0,0.0,0.0,0.0,0.0,0.0,0.0,0.0,0.0,1.0,0.0,0.0,0.0,0.0,0.0
167,272,0.0,0.0,0.0,0.0,0.0,1.0,0.0,0.0,0.0,0.0,0.0,0.0,0.0,0.0,0.0,0.0,0.0,0.0,0.0,0.0,0.0,0.0,0.0,0.0,0.0,0.0,0.0,0.0,0.0,0.0,0.0,0.0,0.0,0.0,0.0,0.0,0.0,0.0,0.0,0.0,0.0,0.0,0.0,0.0,0.0,0.0,0.0,0.0,0.0,0.0,0.0,0.0,0.0,0.0,0.0,0.0,0.0,0.0,0.0,0.0,0.0,0.0,0.0,0.0,0.0,0.0,0.0,0.0,0.0,0.0,0.0,0.0,0.0,0.0,0.0,0.0,0.0,0.0,0.0,0.0,0.0,0.0,0.0,0.0,0.0,0.0,0.0,0.0,0.0,0.0,0.0,0.0,0.0,0.0,0.0,0.0,0.0,0.0,0.0,0.0
168,273,0.0,0.0,0.0,0.0,0.01,0.01,0.97,0.0,0.0,0.0,0.0,0.0,0.0,0.0,0.0,0.01,0.0,0.0,0.0,0.0,0.0,0.0,0.0,0.0,0.0,0.0,0.0,0.0,0.0,0.0,0.0,0.0,0.0,0.0,0.0,0.0,0.0,0.0,0.0,0.0,0.0,0.0,0.0,0.0,0.0,0.0,0.0,0.0,0.0,0.0,0.0,0.0,0.0,0.0,0.0,0.0,0.0,0.0,0.0,0.0,0.0,0.0,0.0,0.0,0.0,0.0,0.0,0.0,0.0,0.0,0.0,0.0,0.0,0.0,0.0,0.0,0.0,0.0,0.0,0.0,0.0,0.0,0.0,0.0,0.0,0.0,0.0,0.0,0.0,0.0,0.0,0.0,0.0,0.0,0.0,0.0,0.0,0.0,0.0,0.0
169,274,0.0,0.0,0.0,0.0001,0.0002,0.0196,0.0194,0.9409,0.0,0.0,0.0,0.0,0.0,0.0,0.0002,0.0001,0.0194,0.0,0.0,0.0,0.0,0.0,0.0,0.0,0.0,0.0001,0.0,0.0,0.0,0.0,0.0,0.0,0.0,0.0,0.0,0.0,0.0,0.0,0.0,0.0,0.0,0.0,0.0,0.0,0.0,0.0,0.0,0.0,0.0,0.0,0.0,0.0,0.0,0.0,0.0,0.0,0.0,0.0,0.0,0.0,0.0,0.0,0.0,0.0,0.0,0.0,0.0,0.0,0.0,0.0,0.0,0.0,0.0,0.0,0.0,0.0,0.0,0.0,0.0,0.0,0.0,0.0,0.0,0.0,0.0,0.0,0.0,0.0,0.0,0.0,0.0,0.0,0.0,0.0,0.0,0.0,0.0,0.0,0.0,0.0
170,275,0.0,0.0,1.0000000000000002e-06,3.0000000000000005e-06,0.00029699999999999996,0.000585,0.028808999999999994,0.028227000000000002,0.912673,0.0,0.0,0.0,0.0,3.0000000000000005e-06,3.0000000000000005e-06,0.000585,0.000291,0.028227000000000002,0.0,0.0,0.0,0.0,0.0,0.0,3.0000000000000005e-06,1.0000000000000002e-06,0.000291,0.0,0.0,0.0,0.0,0.0,0.0,0.0,0.0,1.0000000000000002e-06,0.0,0.0,0.0,0.0,0.0,0.0,0.0,0.0,0.0,0.0,0.0,0.0,0.0,0.0,0.0,0.0,0.0,0.0,0.0,0.0,0.0,0.0,0.0,0.0,0.0,0.0,0.0,0.0,0.0,0.0,0.0,0.0,0.0,0.0,0.0,0.0,0.0,0.0,0.0,0.0,0.0,0.0,0.0,0.0,0.0,0.0,0.0,0.0,0.0,0.0,0.0,0.0,0.0,0.0,0.0,0.0,0.0,0.0,0.0,0.0,0.0,0.0,0.0,0.0
171,276,0.0,1.0000000000000002e-08,4.000000000000001e-08,3.0399999999999997e-06,8.88e-06,0.00030275999999999995,0.0005791199999999999,0.009979359999999998,0.009408999999999999,0.00912673,0.0,0.0,1e-06,2.9400000000000007e-06,0.00029399999999999994,0.0005704000000000001,0.028235759999999995,0.0273831,0.88557508,0.0,0.0,0.0,0.0,2.9400000000000007e-06,2.9200000000000004e-06,0.0005704000000000001,0.00028228,0.0273831,0.0,0.0,0.0,0.0,0.0,0.0,2.9200000000000004e-06,9.7e-07,0.00028228,0.0,0.0,0.0,0.0,0.0,0.0,0.0,0.0,9.7e-07,0.0,0.0,0.0,0.0,0.0,0.0,0.0,0.0,0.0,0.0,0.0,0.0,0.0,0.0,0.0,0.0,0.0,0.0,0.0,0.0,0.0,0.0,0.0,0.0,0.0,0.0,0.0,0.0,0.0,0.0,0.0,0.0,0.0,0.0,0.0,0.0,0.0,0.0,0.0,0.0,0.0,0.0,0.0,0.0,0.0,0.0,0.0,0.0,0.0,0.0,0.0,0.0,0.0,0.0
172,277,1.0000000000000002e-10,5.000000000000001e-10,4.089999999999999e-08,1.49e-07,6.086799999999999e-06,1.46116e-05,0.0003909699999999999,0.0004735058,0.009140901699999999,0.0002766246,0.0,1.97e-08,6.820000000000002e-08,5.9281999999999986e-06,1.43762e-05,0.0005846788,0.0008441042,0.019091918599999997,0.009400561,0.017708678899999997,0.0,0.0,9.994000000000001e-07,2.8810000000000005e-06,0.0002909425999999999,0.0005561497,0.02767104499999999,0.0265644298,0.8592816585999999,0.0,0.0,0.0,0.0,2.8810000000000005e-06,2.8421000000000003e-06,0.0005561497,0.0002738213,0.0265644298,0.0,0.0,0.0,0.0,0.0,0.0,2.8421000000000003e-06,9.409e-07,0.0002738213,0.0,0.0,0.0,0.0,0.0,0.0,0.0,0.0,9.409e-07,0.0,0.0,0.0,0.0,0.0,0.0,0.0,0.0,0.0,0.0,0.0,0.0,0.0,0.0,0.0,0.0,0.0,0.0,0.0,0.0,0.0,0.0,0.0,0.0,0.0,0.0,0.0,0.0,0.0,0.0,0.0,0.0,0.0,0.0,0.0,0.0,0.0,0.0,0.0,0.0,0.0,0.0,0.0,0.0
173,279,9.2e-12,5.044e-11,2.9314499999999994e-09,1.0429109999999999e-08,3.6874152999999994e-07,8.9681833e-07,2.1273789849999998e-05,2.98277632e-05,0.00046518818656,0.00046107036771999996,1.468e-11,1.6737899999999999e-09,5.285330000000001e-09,3.412748699999999e-07,7.9060479e-07,3.142810729e-05,4.684345215000001e-05,0.0012848638297499996,0.00090373505532,0.01807635064104,2.9396999999999997e-10,9.613100000000003e-10,1.2628948999999998e-07,3.1915925000000004e-07,1.9986351989999998e-05,3.560959161e-05,0.00138296928831,0.00141976148117,0.03559836825941,0.03410518506199999,0.0,1.027331e-08,2.9179550000000003e-08,3.961827409999999e-06,8.38401267e-06,0.0005642922456899998,0.0007972597771500001,0.03517334613460999,0.025090969950110002,0.80901348989699,0.0,0.0,3.821219e-08,5.589237000000001e-08,1.1066706749999999e-05,1.0770958570000001e-05,0.00105748110291,0.00051534993909,0.033334816596830005,0.0,0.0,0.0,0.0,5.589237000000001e-08,3.678919e-08,1.0770958570000001e-05,3.54145351e-06,0.00051534993909,0.0,0.0,0.0,0.0,0.0,0.0,3.678919e-08,9.12673e-09,3.54145351e-06,0.0,0.0,0.0,0.0,0.0,0.0,0.0,0.0,9.12673e-09,0.0,0.0,0.0,0.0,0.0,0.0,0.0,0.0,0.0,0.0,0.0,0.0,0.0,0.0,0.0,0.0,0.0,0.0,0.0,0.0,0.0,0.0,0.0,0.0
174,283,0.0,0.0,0.0,0.0,0.0,0.0,0.0,0.0,0.0,0.0,0.0,0.0,0.0,0.0,0.0,0.0,0.0,0.0,0.0,0.0,0.0,0.0,0.0,0.0,0.0,0.0,0.0,0.0,0.0,0.0,0.0,0.0,0.0,0.0,0.0,0.0,0.0,0.0,0.0,0.0,0.0,0.0,0.0,0.0,0.0,1.0,0.0,0.0,0.0,0.0,0.0,0.0,0.0,0.0,0.0,0.0,0.0,0.0,0.0,0.0,0.0,0.0,0.0,0.0,0.0,0.0,0.0,0.0,0.0,0.0,0.0,0.0,0.0,0.0,0.0,0.0,0.0,0.0,0.0,0.0,0.0,0.0,0.0,0.0,0.0,0.0,0.0,0.0,0.0,0.0,0.0,0.0,0.0,0.0,0.0,0.0,0.0,0.0,0.0,0.0
175,284,0.0,0.0,0.0,0.0,0.0,0.0,0.0,0.0,0.0,0.0,0.0,0.0,0.0,0.0,0.0,0.0,0.0,0.0,0.0,0.0,0.0,0.0,0.0,0.0,0.0,0.0,0.0,0.0,0.0,0.0,0.0,0.0,0.0,0.0,0.0,0.01,0.0,0.0,0.0,0.0,0.0,0.0,0.0,0.0,0.01,0.0,0.97,0.0,0.0,0.0,0.0,0.0,0.0,0.0,0.0,0.01,0.0,0.0,0.0,0.0,0.0,0.0,0.0,0.0,0.0,0.0,0.0,0.0,0.0,0.0,0.0,0.0,0.0,0.0,0.0,0.0,0.0,0.0,0.0,0.0,0.0,0.0,0.0,0.0,0.0,0.0,0.0,0.0,0.0,0.0,0.0,0.0,0.0,0.0,0.0,0.0,0.0,0.0,0.0,0.0
176,285,0.0,0.0,0.0,0.0,0.0,0.0,0.0,0.0,0.0,0.0,0.0,0.0,0.0,0.0,0.0,0.0,0.0,0.0,0.0,0.0,0.0,0.0,0.0,0.0,0.0,0.0001,0.0,0.0,0.0,0.0,0.0,0.0,0.0,0.0,0.0002,0.0,0.0194,0.0,0.0,0.0,0.0,0.0,0.0,0.0001,0.0,0.0196,0.0,0.9409,0.0,0.0,0.0,0.0,0.0,0.0,0.0002,0.0,0.0194,0.0,0.0,0.0,0.0,0.0,0.0,0.0,0.0,0.0001,0.0,0.0,0.0,0.0,0.0,0.0,0.0,0.0,0.0,0.0,0.0,0.0,0.0,0.0,0.0,0.0,0.0,0.0,0.0,0.0,0.0,0.0,0.0,0.0,0.0,0.0,0.0,0.0,0.0,0.0,0.0,0.0,0.0,0.0
177,286,0.0,0.0,0.0,0.0,0.0,0.0,0.0,0.0,0.0,0.0,0.0,0.0,0.0,0.0,0.0,1.0000000000000002e-06,0.0,0.0,0.0,0.0,0.0,0.0,0.0,0.0,3.0000000000000005e-06,0.0,0.000195,0.0,0.0,0.0,0.0,0.0,0.0,3.0000000000000005e-06,0.0,0.000489,0.0,0.009602999999999999,0.0,0.0,0.0,0.0,1.0000000000000002e-06,0.0,0.00039299999999999996,0.0,0.028617,0.0,0.009408999999999999,0.0,0.0,0.0,0.0,9.9e-05,0.0,0.019208999999999997,0.0,0.912867,0.0,0.0,0.0,0.0,0.0,0.0,0.000195,0.0,0.018819000000000002,0.0,0.0,0.0,0.0,0.0,0.0,0.0,0.0,9.7e-05,0.0,0.0,0.0,0.0,0.0,0.0,0.0,0.0,0.0,0.0,0.0,0.0,0.0,0.0,0.0,0.0,0.0,0.0,0.0,0.0,0.0,0.0,0.0,0.0
178,287,0.0,0.0,0.0,0.0,0.0,1.0000000000000002e-08,0.0,0.0,0.0,0.0,0.0,0.0,0.0,0.0,4.000000000000001e-08,0.0,2.92e-06,0.0,0.0,0.0,0.0,0.0,0.0,6.000000000000001e-08,0.0,9.76e-06,0.0,0.00028518,0.0,0.0,0.0,0.0,4.000000000000001e-08,0.0,1.1760000000000001e-05,0.0,0.00085848,0.0,0.009408999999999999,0.0,0.0,1.0000000000000002e-08,0.0,5.919999999999999e-06,0.0,0.00086436,0.0,0.037077280000000004,0.0,0.00912673,0.0,0.0,1e-06,0.0,0.000294,0.0,0.028235759999999995,0.0,0.88557508,0.0,0.0,0.0,0.0,2.94e-06,0.0,0.0005704,0.0,0.0273831,0.0,0.0,0.0,0.0,0.0,0.0,2.92e-06,0.0,0.00028228000000000004,0.0,0.0,0.0,0.0,0.0,0.0,0.0,0.0,9.7e-07,0.0,0.0,0.0,0.0,0.0,0.0,0.0,0.0,0.0,0.0,0.0,0.0,0.0,0.0
179,288,0.0,0.0,0.0,0.0,5.000000000000001e-10,1.0000000000000002e-10,3.89e-08,0.0,0.0,0.0,0.0,0.0,0.0,1.0000000000000003e-09,0.0,1.657e-07,0.0,5.6842e-06,0.0,0.0,0.0,0.0,1.0000000000000003e-09,0.0,2.738e-07,0.0,2.0932999999999998e-05,0.0,0.00037071459999999995,0.0,0.0,5.000000000000001e-10,0.0,2.162e-07,0.0,2.87332e-05,0.0,0.0013004402,0.0,0.0092179973,1.0000000000000002e-10,0.0,7.929999999999999e-08,0.0,1.74436e-05,0.0,0.0015001443999999998,0.0,0.045006069700000005,0.008852928099999999,0.0,1.01e-08,0.0,3.9986e-06,0.0,0.0005818851999999999,0.0,0.036889041799999994,0.0,0.8590990948999999,0.0,0.0,3.9399999999999995e-08,0.0,1.1524999999999999e-05,0.0,0.0011122993999999999,0.0,0.0354173578,0.0,0.0,0.0,0.0,5.8599999999999995e-08,0.0,1.13689e-05,0.0,0.0005476426000000001,0.0,0.0,0.0,0.0,0.0,0.0,3.89e-08,0.0,3.7637e-06,0.0,0.0,0.0,0.0,0.0,0.0,0.0,0.0,9.700000000000001e-09,0.0,0.0,0.0,0.0
180,290,0.0,0.0,3.500000000000001e-13,2.1000000000000006e-13,6.963000000000001e-11,2.5450000000000006e-11,3.6523499999999993e-09,5.762099999999999e-10,3.821218999999999e-08,0.0,0.0,3.500000000000001e-13,0.0,1.2245e-10,6.7900000000000016e-12,1.1696250000000001e-08,3.7926999999999997e-10,3.2055509e-07,0.0,9.965110699999998e-07,2.1000000000000006e-13,0.0,1.1765e-10,0.0,1.869855e-08,9.409000000000001e-11,1.01332383e-06,0.0,1.3982667409999998e-05,2.76596373e-06,7.000000000000003e-14,6.770999999999999e-11,0.0,1.728735e-08,0.0,1.6222615300000001e-06,0.0,5.234967519e-05,2.6923853500000003e-06,0.00028467636338999993,2.161e-11,1.0000000000000002e-14,9.249209999999998e-09,0.0,1.4294829699999999e-06,0.0,8.699242056999999e-05,8.8529281e-07,0.0016187566911299999,0.00052866696433,2.95e-12,2.6165099999999997e-09,0.0,6.8224767e-07,0.0,7.179643081e-05,0.0,0.0029421587507099996,0.00025765671463,0.02656719285267,2.9397e-10,0.0,1.5431860999999998e-07,0.0,2.8118242230000002e-05,0.0,0.00216387798495,0.0,0.060422781804049995,0.02499978422613,0.0,1.027331e-08,0.0,3.988925330000001e-06,0.0,0.0005695763400899999,0.0,0.03542831046389001,0.0,0.80901348989699,0.0,0.0,3.821218999999999e-08,0.0,1.1066706749999999e-05,9.409000000000001e-11,0.0010574811029099998,0.0,0.03333481659683,0.0,0.0,0.0,0.0,5.5892369999999994e-08,3.678919e-08,1.0779991210000002e-05,3.54145351e-06,0.0005153499390899999,0.0,0.0
181,293,0.0,0.0,0.0,0.0,0.0,0.0,0.0,0.0,0.0,0.0,0.0,0.0,0.0,0.0,0.0,0.0,0.0,0.0,0.0,0.0,0.0,0.0,0.0,0.0,0.0,0.0,0.0,0.0,0.0,0.0,0.0,0.0,0.0,0.0,0.0,0.0,0.0,0.0,0.0,0.0,0.0,0.0,0.0,0.0,0.0,0.0,0.0,0.0,0.0,0.0,0.0,0.0,0.0,0.0,0.0,1.0,0.0,0.0,0.0,0.0,0.0,0.0,0.0,0.0,0.0,0.0,0.0,0.0,0.0,0.0,0.0,0.0,0.0,0.0,0.0,0.0,0.0,0.0,0.0,0.0,0.0,0.0,0.0,0.0,0.0,0.0,0.0,0.0,0.0,0.0,0.0,0.0,0.0,0.0,0.0,0.0,0.0,0.0,0.0,0.0
182,303,0.0,0.0,4.574964000000001e-14,3.141840000000001e-14,5.165537520000002e-12,2.2492004100000005e-12,2.0253525527999998e-10,4.4926425120000014e-11,1.98452944884e-09,5.705717230200001e-10,0.0,5.510232e-14,7.938480000000001e-15,1.01760705e-11,1.3256272200000003e-12,6.84042072e-10,5.297705634000001e-11,1.4999922540900004e-08,1.2688160049e-09,5.05896500652e-08,3.780084e-14,0.0,1.1053559160000001e-11,3.2940909e-13,1.20401495472e-09,3.231916228000001e-11,4.928778025392e-08,1.41528531813e-09,5.4897604453644e-07,1.8026064082163998e-07,1.670796e-14,7.66762794e-12,0.0,1.30980176928e-09,7.97676202e-12,9.066528264036e-08,7.8461641591e-10,2.22043146935904e-06,2.6010286878191997e-07,9.64425999741162e-06,3.3902863199999997e-12,3.5637199999999995e-15,9.0986752368e-10,0.0,1.0127941589304e-07,1.7270511276e-10,4.570407985020719e-06,1.7041496703521997e-07,6.165394820570352e-05,2.5873104651214318e-05,8.720036e-13,3.9252239423999997e-10,0.0,6.971583875652e-08,9.127700000000002e-15,5.324295827464799e-06,4.237482478957999e-08,0.00015468057926820326,2.4967510307966484e-05,0.0009017285534090746,9.555973272e-11,1.0183351999999997e-13,2.8491247732319993e-08,0.0,3.5815228752319197e-06,9.049457284999998e-11,0.0001918907640975487,8.239247749218388e-06,0.0033627571043835514,0.0016352017520138,1.0174406879999997e-11,6.1783579088999984e-09,9.660828000000004e-14,1.3252876853011195e-06,2.5825100730000004e-11,0.00012330129925841411,3.622295533742999e-08,0.0046599454483699735,0.0007979574640150152,0.041309347443329196,5.270597605199999e-10,4.988279460000001e-12,2.3154418093835998e-07,2.05044087888e-09,3.807329360459375e-05,2.6565391348808993e-07,0.002726807703231105,1.6711916527669195e-05,0.07218476747504156,0.03857570424725373,1.1382008717999999e-10,1.2882314103599996e-08,7.888330641395997e-08,4.443131426574178e-06,1.65334247737116e-05,0.0005949188584380055,0.0013664563712146255,0.034933033260894496,0.03976898835725545,0.7564870990134184
183,304,0.0,0.0,0.0,0.0,0.0,0.0,0.0,0.0,0.0,0.0,0.0,0.0,0.0,0.0,0.0,0.0,0.0,0.0,0.0,0.0,0.0,0.0,0.0,0.0,0.0,0.0,0.0,0.0,0.0,0.0,0.0,0.0,0.0,0.0,0.0,0.0,0.0,0.0,0.0,0.0,0.0,0.0,0.0,0.0,0.0,0.0,0.0,0.0,0.0,0.0,0.0,0.0,0.0,0.0,0.0,0.0,0.0,0.0,0.0,0.0,0.0,0.0,0.0,0.0,0.0,0.0,0.0,0.0,0.0,0.0,0.0,0.0,0.0,0.0,0.0,0.0,0.0,0.0,0.0,0.0,0.0,0.0,0.0,0.0,0.0,1.0,0.0,0.0,0.0,0.0,0.0,0.0,0.0,0.0,0.0,0.0,0.0,0.0,0.0,0.0
184,305,0.0,0.0,0.0,0.0,0.0,0.0,0.0,0.0,0.0,0.0,0.0,0.0,0.0,0.0,0.0,0.0,0.0,0.0,0.0,0.0,0.0,0.0,0.0,0.0,0.0,0.0,0.0,0.0,0.0,0.0,0.0,0.0,0.0,0.0,0.0,0.0,0.0,0.0,0.0,0.0,0.0,0.0,0.0,0.0,0.0,0.0,0.0,0.0,0.0,0.0,0.0,0.0,0.0,0.0,0.0,0.0,0.0,0.0,0.0,0.0,0.0,0.0,0.0,0.0,0.0,0.0,0.0,0.0,0.0,0.0,0.0,0.0,0.0,0.0,0.0,0.0,0.0,0.0,0.0,0.0,0.0,0.0,0.0,0.0,0.0,0.0,0.0,0.0,0.0,0.0,0.0,0.0,0.0,0.0,0.0,1.0,0.0,0.0,0.0,0.0
185,306,0.0,0.0,0.0,0.0,0.0,0.0,1.0,0.0,0.0,0.0,0.0,0.0,0.0,0.0,0.0,0.0,0.0,0.0,0.0,0.0,0.0,0.0,0.0,0.0,0.0,0.0,0.0,0.0,0.0,0.0,0.0,0.0,0.0,0.0,0.0,0.0,0.0,0.0,0.0,0.0,0.0,0.0,0.0,0.0,0.0,0.0,0.0,0.0,0.0,0.0,0.0,0.0,0.0,0.0,0.0,0.0,0.0,0.0,0.0,0.0,0.0,0.0,0.0,0.0,0.0,0.0,0.0,0.0,0.0,0.0,0.0,0.0,0.0,0.0,0.0,0.0,0.0,0.0,0.0,0.0,0.0,0.0,0.0,0.0,0.0,0.0,0.0,0.0,0.0,0.0,0.0,0.0,0.0,0.0,0.0,0.0,0.0,0.0,0.0,0.0
186,307,0.0,0.0,0.0,0.0,0.0,0.01,0.01,0.97,0.0,0.0,0.0,0.0,0.0,0.0,0.0,0.0,0.01,0.0,0.0,0.0,0.0,0.0,0.0,0.0,0.0,0.0,0.0,0.0,0.0,0.0,0.0,0.0,0.0,0.0,0.0,0.0,0.0,0.0,0.0,0.0,0.0,0.0,0.0,0.0,0.0,0.0,0.0,0.0,0.0,0.0,0.0,0.0,0.0,0.0,0.0,0.0,0.0,0.0,0.0,0.0,0.0,0.0,0.0,0.0,0.0,0.0,0.0,0.0,0.0,0.0,0.0,0.0,0.0,0.0,0.0,0.0,0.0,0.0,0.0,0.0,0.0,0.0,0.0,0.0,0.0,0.0,0.0,0.0,0.0,0.0,0.0,0.0,0.0,0.0,0.0,0.0,0.0,0.0,0.0,0.0
187,308,0.0,0.0,0.0,0.0,0.0001,0.0002,0.0196,0.0194,0.9409,0.0,0.0,0.0,0.0,0.0,0.0,0.0002,0.0001,0.0194,0.0,0.0,0.0,0.0,0.0,0.0,0.0,0.0,0.0001,0.0,0.0,0.0,0.0,0.0,0.0,0.0,0.0,0.0,0.0,0.0,0.0,0.0,0.0,0.0,0.0,0.0,0.0,0.0,0.0,0.0,0.0,0.0,0.0,0.0,0.0,0.0,0.0,0.0,0.0,0.0,0.0,0.0,0.0,0.0,0.0,0.0,0.0,0.0,0.0,0.0,0.0,0.0,0.0,0.0,0.0,0.0,0.0,0.0,0.0,0.0,0.0,0.0,0.0,0.0,0.0,0.0,0.0,0.0,0.0,0.0,0.0,0.0,0.0,0.0,0.0,0.0,0.0,0.0,0.0,0.0,0.0,0.0
188,309,0.0,0.0,0.0,1.0000000000000002e-06,3.0000000000000005e-06,0.00020099999999999998,0.000393,0.009992999999999998,0.009602999999999999,0.009408999999999999,0.0,0.0,0.0,0.0,9.9e-05,0.000195,0.019208999999999997,0.018819000000000002,0.912867,0.0,0.0,0.0,0.0,0.0,0.0,0.000195,9.7e-05,0.018819000000000002,0.0,0.0,0.0,0.0,0.0,0.0,0.0,0.0,9.7e-05,0.0,0.0,0.0,0.0,0.0,0.0,0.0,0.0,0.0,0.0,0.0,0.0,0.0,0.0,0.0,0.0,0.0,0.0,0.0,0.0,0.0,0.0,0.0,0.0,0.0,0.0,0.0,0.0,0.0,0.0,0.0,0.0,0.0,0.0,0.0,0.0,0.0,0.0,0.0,0.0,0.0,0.0,0.0,0.0,0.0,0.0,0.0,0.0,0.0,0.0,0.0,0.0,0.0,0.0,0.0,0.0,0.0,0.0,0.0,0.0,0.0,0.0,0.0
189,310,0.0,0.0,1.0000000000000002e-08,4.000000000000001e-08,3.0399999999999997e-06,7.92e-06,0.00029796,0.00038808,0.00941872,0.00028420999999999996,0.0,0.0,0.0,1.96e-06,4.860000000000001e-06,0.00039,0.00057232,0.01920216,0.009503099999999999,0.018255399999999998,0.0,0.0,0.0,0.0,9.797999999999998e-05,0.00019012,0.018823839999999998,0.0182554,0.88566918,0.0,0.0,0.0,0.0,0.0,0.0,0.00019012,9.409e-05,0.0182554,0.0,0.0,0.0,0.0,0.0,0.0,0.0,0.0,9.409e-05,0.0,0.0,0.0,0.0,0.0,0.0,0.0,0.0,0.0,0.0,0.0,0.0,0.0,0.0,0.0,0.0,0.0,0.0,0.0,0.0,0.0,0.0,0.0,0.0,0.0,0.0,0.0,0.0,0.0,0.0,0.0,0.0,0.0,0.0,0.0,0.0,0.0,0.0,0.0,0.0,0.0,0.0,0.0,0.0,0.0,0.0,0.0,0.0,0.0,0.0,0.0,0.0,0.0
190,311,0.0,1.0000000000000002e-10,5.000000000000001e-10,5.0499999999999996e-08,1.586e-07,6.989200000000001e-06,1.26628e-05,0.0002930692,0.0001959411,0.00028242539999999997,0.0,0.0,2.93e-08,8.740000000000001e-08,7.8482e-06,1.53554e-05,0.0006731812,0.0006597458,0.0183674258,0.0005532686999999999,0.0,0.0,0.0,2.881e-06,6.615400000000001e-06,0.0005694194,0.0007405465,0.027853579399999998,0.009400560999999998,0.026564429799999997,0.0,0.0,0.0,0.0,9.694179999999997e-05,0.0001853573,0.0184445209,0.0177086789,0.8592816585999999,0.0,0.0,0.0,0.0,0.0,0.0,0.0001853573,9.12673e-05,0.0177086789,0.0,0.0,0.0,0.0,0.0,0.0,0.0,0.0,9.12673e-05,0.0,0.0,0.0,0.0,0.0,0.0,0.0,0.0,0.0,0.0,0.0,0.0,0.0,0.0,0.0,0.0,0.0,0.0,0.0,0.0,0.0,0.0,0.0,0.0,0.0,0.0,0.0,0.0,0.0,0.0,0.0,0.0,0.0,0.0,0.0,0.0,0.0,0.0,0.0,0.0,0.0,0.0,0.0
191,314,1.6079999999999998e-13,7.905000000000001e-13,5.98864e-11,2.06576e-10,8.781126400000002e-09,2.02299633e-08,5.50589262e-07,7.483628784e-07,1.2503562739199998e-05,1.4186306779199999e-05,2.6280000000000005e-13,4.27424e-11,1.3701760000000002e-10,1.06042016e-08,2.4045479200000002e-08,1.071055208e-06,1.5135810215999999e-06,4.3612903911600004e-05,3.95128626984e-05,0.00048565250480639985,9.5548e-12,2.9400800000000006e-11,5.2188736e-09,1.2481601600000001e-08,9.267515655999999e-07,1.5267119264e-06,6.680970204160001e-05,6.387948333719999e-05,0.0017128341606911996,0.0016778858193743998,0.0,9.410456e-10,2.3193670000000003e-09,3.624759152e-07,6.710764191999999e-07,4.734247639999999e-05,5.587788533919999e-05,0.0023881502570720003,0.0018158371321271999,0.03524891635530779,0.0,0.0,4.7030934999999995e-08,1.005859736e-07,1.4651435305599998e-05,2.20971192992e-05,0.0015030831304719999,0.0012845122540064,0.051131903247606386,0.049342266718015795,0.0,0.0,0.0,9.942753751999996e-07,1.860027574e-06,0.0002797775634271999,0.0003488426041984,0.0258631612132064,0.016255836019173995,0.7849930830423415,0.0,0.0,0.0,0.0,2.709908671599999e-06,2.620466717599999e-06,0.000515419299328,0.0002499358661192,0.024252367266492394,0.0,0.0,0.0,0.0,0.0,0.0,2.620466717599999e-06,8.587340257e-07,0.0002499358661192,0.0,0.0,0.0,0.0,0.0,0.0,0.0,0.0,8.587340257e-07,0.0,0.0,0.0,0.0,0.0,0.0,0.0,0.0,0.0,0.0,0.0,0.0,0.0
192,316,1.7448750000000002e-14,7.525852000000001e-14,4.183443940000001e-12,1.300211762e-11,4.5837507310000005e-10,9.5633266972e-10,2.267996570514e-08,3.046964032737e-08,4.105840350101999e-07,4.6991314017647996e-07,5.093298000000001e-14,4.21057125e-12,1.2428064520000003e-11,7.1111326128e-10,1.47925533226e-09,5.4684587428529996e-08,7.254032339814e-08,1.75873873966632e-06,1.7641226411541598e-06,1.4385527946825536e-05,1.8859082399999997e-12,5.6962659300000014e-12,5.3525034762e-10,1.205559075e-09,6.509831114688e-08,9.869658111740999e-08,3.5031713545186804e-06,3.42282099588768e-06,6.841897385936818e-05,6.894751497157205e-05,1.3290484200000003e-12,2.0574610739999998e-10,5.0431773624e-10,4.2935710274039995e-08,7.585140792138e-08,3.82013152542384e-06,4.2660720799212e-06,0.00013901115654615907,0.00012183972599560925,0.0013126237109859255,3.194948946e-11,8.271752988000001e-11,1.4546532141359998e-08,2.9361019725e-08,2.29136312974602e-06,3.16550050495128e-06,0.00014996502219110017,0.00012987428308436295,0.003513631078290211,0.0034303788381411853,0.0,1.89725748156e-09,4.31966305554e-09,6.742113691102799e-07,1.13391617933136e-06,8.216253030114839e-05,8.643740594471529e-05,0.003858553109352964,0.0030878792353894007,0.050509831096848604,0.0,0.0,6.381133988753998e-08,1.309879241676e-07,1.9337689385045273e-05,2.7671337086083862e-05,0.0019340022528521116,0.0015356275218574593,0.06431606683175689,0.061972818015087715,0.0,0.0,0.0,9.883479754264794e-07,1.80102287210061e-06,0.00027337094254492654,0.0003331424303342122,0.024820042621652234,0.015299964952116924,0.7390705127530957,0.0,0.0,0.0,0.0,2.600675996832449e-06,2.482256574688419e-06,0.0004898744427816527,0.00023518131587165386,0.022823901202718808,0.0,0.0,0.0,0.0,0.0,0.0,2.482256574688419e-06,1.6159656895622599e-06,0.00023518131587165386,0.0,0.0
193,317,0.0,0.0,0.0,0.0,0.0,0.0,0.0,0.0,0.0,0.0,0.0,0.0,0.0,0.0,0.0,0.0,1.0,0.0,0.0,0.0,0.0,0.0,0.0,0.0,0.0,0.0,0.0,0.0,0.0,0.0,0.0,0.0,0.0,0.0,0.0,0.0,0.0,0.0,0.0,0.0,0.0,0.0,0.0,0.0,0.0,0.0,0.0,0.0,0.0,0.0,0.0,0.0,0.0,0.0,0.0,0.0,0.0,0.0,0.0,0.0,0.0,0.0,0.0,0.0,0.0,0.0,0.0,0.0,0.0,0.0,0.0,0.0,0.0,0.0,0.0,0.0,0.0,0.0,0.0,0.0,0.0,0.0,0.0,0.0,0.0,0.0,0.0,0.0,0.0,0.0,0.0,0.0,0.0,0.0,0.0,0.0,0.0,0.0,0.0,0.0
194,325,8.039999999999999e-14,1.2175999999999998e-11,5.176959999999999e-11,3.3960224e-09,9.9441352e-09,3.697966832e-07,6.825111624000001e-07,1.5977231684399997e-05,1.6647698176800002e-05,0.00019471153040639998,4.0576e-12,1.4415299999999998e-11,2.5581327999999994e-09,6.955323199999999e-09,4.893733888e-07,9.188813025000001e-07,3.71360811076e-05,3.963250716480001e-05,0.0009917217695832,0.0009759660483359999,3.9200000000000006e-14,5.99504e-10,1.4915301999999998e-09,2.4037375039999995e-07,4.6397847040000004e-07,3.2516200990399994e-05,4.08165113496e-05,0.0016944494307440001,0.0012173044292064002,0.026341710732000596,5.8012e-12,0.0,4.0317414399999996e-08,8.224971439999999e-08,1.2312102167199998e-05,1.85638215104e-05,0.0012609329029791996,0.0011127135403932,0.04293485051841999,0.0414589049123928,0.0,3.8788399999999994e-10,0.0,1.1100300847999996e-06,1.8425042524000002e-06,0.0002912784389696,0.0003471165570208,0.0262551283449536,0.0163427201280948,0.7862848620829712,0.0,0.0,1.03472326e-08,0.0,5.6795402367999975e-06,2.6204667176e-06,0.0007975132144719997,0.0002499358661192,0.033209825344883204,0.008423483064938198,0.0,0.0,0.0,3.7624748e-08,0.0,1.0772706703999997e-05,8.587340257e-07,0.0007708834536223997,0.0,0.008340132741231198,0.0,0.0,0.0,0.0,5.4583490800000004e-08,0.0,8.748894668799999e-06,0.0,0.0002525744094076,0.0,0.0,0.0,0.0,0.0,0.0,3.57767816e-08,0.0,2.5854200743999995e-06,0.0,0.0,0.0,0.0,0.0,0.0,0.0,0.0,8.852928099999999e-09,0.0,0.0,0.0
195,327,1.3754099999999998e-14,1.0455702899999998e-12,3.99267124e-12,1.9605950255999998e-10,5.2283869738e-10,1.6303119790769997e-08,2.7665818467900003e-08,5.6192625534984e-07,6.521764693221599e-07,5.117954884384259e-06,6.958265699999999e-13,2.4007890399999997e-12,2.1792475391999998e-10,5.5639484846e-10,2.8424504109479993e-08,4.9107160493320005e-08,1.62232742925768e-06,1.7285663840636104e-06,3.368861863804248e-05,3.487883437799724e-05,6.450545999999999e-13,1.0505398103999998e-10,2.760047292999999e-10,2.3283281477279995e-08,4.440691032628e-08,2.1684388812405597e-06,2.61161928027042e-06,8.230612064991018e-05,7.201244643141377e-05,0.0008334731656546805,1.9671955679999997e-11,5.072535368999999e-11,9.326378722979997e-09,1.941135901428e-08,1.5223891438444797e-06,2.21060125957125e-06,0.00010284250580847106,9.101766542687883e-05,0.0024886365547207197,0.002431298506444245,1.8821495999999998e-13,1.4670186776399998e-09,3.1832756497799994e-09,5.1783081395052e-07,8.6963995695312e-07,6.379184367462766e-05,6.883957427058082e-05,0.003051842353432691,0.0023719663315852186,0.04184675823972674,1.4018021939999998e-11,0.0,6.025504853591999e-08,1.1339538544728e-07,1.745003209822506e-05,2.4313031928917463e-05,0.0017205220756349345,0.0013764765269231114,0.056814358804150665,0.0547497729977072,0.0,5.694588428399999e-10,0.0,1.1566367561240395e-06,1.78453517880717e-06,0.0002899358241003929,0.00033151839254480834,0.025379189557256945,0.015545963794934432,0.7407867071219734,0.0,0.0,1.0471089613619999e-08,0.0,5.555551720216798e-06,2.48225657468842e-06,0.0007657415793664991,0.00023518131587165386,0.031428830231578636,0.008087479048421177,0.0,0.0,0.0,3.646362279288e-08,0.0,1.0307788751602258e-05,8.080687181836999e-07,0.0007304445931941201,0.0,0.007852131098308948,0.0,0.0,0.0,0.0,5.205256134957e-08,3.3834120612579994e-08,8.291103576917799e-06,2.432793494808099e-06,0.000237697419846347,0.0
196,328,0.0,0.0,0.0,0.0,0.0,0.0,0.0,0.0,0.0,0.0,0.0,0.0,0.0,0.0,0.0,0.0,0.0,0.0,0.0,0.0,0.0,0.0,0.0,0.0,0.0,0.0,1.0,0.0,0.0,0.0,0.0,0.0,0.0,0.0,0.0,0.0,0.0,0.0,0.0,0.0,0.0,0.0,0.0,0.0,0.0,0.0,0.0,0.0,0.0,0.0,0.0,0.0,0.0,0.0,0.0,0.0,0.0,0.0,0.0,0.0,0.0,0.0,0.0,0.0,0.0,0.0,0.0,0.0,0.0,0.0,0.0,0.0,0.0,0.0,0.0,0.0,0.0,0.0,0.0,0.0,0.0,0.0,0.0,0.0,0.0,0.0,0.0,0.0,0.0,0.0,0.0,0.0,0.0,0.0,0.0,0.0,0.0,0.0,0.0,0.0
197,329,0.0,0.0,0.0,0.0,0.0,0.0,0.0,0.0,0.0,0.0,0.0,0.0,0.0,0.0,0.0,0.0,0.01,0.0,0.0,0.0,0.0,0.0,0.0,0.0,0.0,0.01,0.0,0.97,0.0,0.0,0.0,0.0,0.0,0.0,0.0,0.0,0.01,0.0,0.0,0.0,0.0,0.0,0.0,0.0,0.0,0.0,0.0,0.0,0.0,0.0,0.0,0.0,0.0,0.0,0.0,0.0,0.0,0.0,0.0,0.0,0.0,0.0,0.0,0.0,0.0,0.0,0.0,0.0,0.0,0.0,0.0,0.0,0.0,0.0,0.0,0.0,0.0,0.0,0.0,0.0,0.0,0.0,0.0,0.0,0.0,0.0,0.0,0.0,0.0,0.0,0.0,0.0,0.0,0.0,0.0,0.0,0.0,0.0,0.0,0.0
198,330,0.0,0.0,0.0,0.0,0.0,0.0,0.0001,0.0,0.0,0.0,0.0,0.0,0.0,0.0,0.0,0.0002,0.0,0.0194,0.0,0.0,0.0,0.0,0.0,0.0,0.0001,0.0,0.0196,0.0,0.9409,0.0,0.0,0.0,0.0,0.0,0.0,0.0002,0.0,0.0194,0.0,0.0,0.0,0.0,0.0,0.0,0.0,0.0,0.0001,0.0,0.0,0.0,0.0,0.0,0.0,0.0,0.0,0.0,0.0,0.0,0.0,0.0,0.0,0.0,0.0,0.0,0.0,0.0,0.0,0.0,0.0,0.0,0.0,0.0,0.0,0.0,0.0,0.0,0.0,0.0,0.0,0.0,0.0,0.0,0.0,0.0,0.0,0.0,0.0,0.0,0.0,0.0,0.0,0.0,0.0,0.0,0.0,0.0,0.0,0.0,0.0,0.0
199,331,0.0,0.0,0.0,0.0,0.0,3.0000000000000005e-06,1.0000000000000002e-06,0.000195,0.0,0.0,0.0,0.0,0.0,0.0,3.0000000000000005e-06,0.0,0.000489,0.0,0.009602999999999999,0.0,0.0,0.0,0.0,1.0000000000000002e-06,0.0,0.00039299999999999996,0.0,0.028617,0.0,0.009408999999999999,0.0,0.0,0.0,0.0,9.9e-05,0.0,0.019208999999999997,0.0,0.912867,0.0,0.0,0.0,0.0,0.0,0.0,0.000195,0.0,0.018819000000000002,0.0,0.0,0.0,0.0,0.0,0.0,0.0,0.0,9.7e-05,0.0,0.0,0.0,0.0,0.0,0.0,0.0,0.0,0.0,0.0,0.0,0.0,0.0,0.0,0.0,0.0,0.0,0.0,0.0,0.0,0.0,0.0,0.0,0.0,0.0,0.0,0.0,0.0,0.0,0.0,0.0,0.0,0.0,0.0,0.0,0.0,0.0,0.0,0.0,0.0,0.0,0.0,0.0
200,332,0.0,0.0,0.0,0.0,6.000000000000001e-08,4.000000000000001e-08,9.76e-06,2.92e-06,0.00028518,0.0,0.0,0.0,0.0,4.000000000000001e-08,0.0,1.1760000000000001e-05,1.0000000000000002e-08,0.00085848,0.0,0.009408999999999999,0.0,0.0,1.0000000000000002e-08,0.0,5.919999999999999e-06,0.0,0.00086436,0.0,0.037077280000000004,0.00912673,0.0,0.0,0.0,1e-06,0.0,0.000294,0.0,0.028235759999999995,0.0,0.88557508,0.0,0.0,0.0,0.0,2.94e-06,0.0,0.0005704,0.0,0.0273831,0.0,0.0,0.0,0.0,0.0,0.0,2.92e-06,0.0,0.00028228000000000004,0.0,0.0,0.0,0.0,0.0,0.0,0.0,0.0,9.7e-07,0.0,0.0,0.0,0.0,0.0,0.0,0.0,0.0,0.0,0.0,0.0,0.0,0.0,0.0,0.0,0.0,0.0,0.0,0.0,0.0,0.0,0.0,0.0,0.0,0.0,0.0,0.0,0.0,0.0,0.0,0.0,0.0,0.0
201,333,0.0,0.0,0.0,1.0000000000000003e-09,1.0000000000000003e-09,2.1620000000000002e-07,1.273e-07,1.15634e-05,2.881e-06,9.69418e-05,0.0,0.0,5.000000000000001e-10,0.0,2.354e-07,3.8900000000000004e-08,2.68132e-05,2.8324999999999996e-06,0.0007500722000000001,0.00018535729999999997,0.0,1.0000000000000002e-10,0.0,1.081e-07,0.0,2.3049999999999998e-05,9.700000000000001e-09,0.0014944996,9.12673e-05,0.018444520899999997,0.0,0.0,1.97e-08,0.0,8.721799999999998e-06,0.0,0.0011294308,0.0,0.045376901000000004,0.017708678899999997,0.0,0.0,0.0,9.994000000000001e-07,0.0,0.00029094259999999997,0.0,0.02767104499999999,0.0,0.8592816585999999,0.0,0.0,0.0,0.0,2.8809999999999996e-06,0.0,0.0005561496999999999,0.0,0.0265644298,0.0,0.0,0.0,0.0,0.0,0.0,2.8421e-06,0.0,0.00027382130000000004,0.0,0.0,0.0,0.0,0.0,0.0,0.0,0.0,9.409e-07,0.0,0.0,0.0,0.0,0.0,0.0,0.0,0.0,0.0,0.0,0.0,0.0,0.0,0.0,0.0,0.0,0.0,0.0,0.0,0.0,0.0,0.0,0.0
202,334,0.0,0.0,1.5000000000000003e-11,2.0000000000000005e-11,4.536e-09,3.834000000000001e-09,3.87201e-07,1.74042e-07,8.614584000000002e-06,3.821219e-06,0.0,6.000000000000002e-12,0.0,4.4099999999999995e-09,1.3590000000000002e-09,7.107e-07,1.5229199999999997e-07,3.3930348e-05,5.589141e-06,0.00028783304999999994,1.0000000000000002e-12,0.0,1.7640000000000001e-09,0.0,5.47137e-07,3.783e-08,5.2478608e-05,3.6602949999999996e-06,0.0013807292490000001,0.0005422412519999999,0.0,2.94e-10,0.0,2.0226599999999997e-07,0.0,3.6649452e-05,9.409e-09,0.00219143838,0.00026561607,0.027114857658,0.0,0.0,2.9103e-08,0.0,1.1408375999999998e-05,0.0,0.0013807292489999997,0.0,0.05315076530400001,0.025770235118999993,0.0,0.0,0.0,9.98228e-07,0.0,0.00028783304999999994,0.0,0.027114857657999994,0.0,0.8337688531399999,0.0,0.0,0.0,0.0,2.8229909999999994e-06,0.0,0.0005422412519999999,0.0,0.025770235119000003,0.0,0.0,0.0,0.0,0.0,0.0,2.766246e-06,0.0,0.00026561607000000003,0.0,0.0,0.0,0.0,0.0,0.0,0.0,0.0,9.12673e-07,0.0,0.0,0.0,0.0,0.0,0.0,0.0,0.0,0.0,0.0,0.0,0.0,0.0
203,336,2.800000000000001e-15,5.600000000000002e-15,1.6671999999999998e-12,2.2064e-12,2.82724e-10,2.396768e-10,1.69607968e-08,8.8306332e-09,2.9035025280000003e-07,1.832700816e-07,0.0,1.232e-12,6.694000000000002e-13,3.7599679999999996e-10,1.681984e-10,3.9230177600000005e-08,1.1491183199999999e-08,1.3759974416e-06,4.351571424e-07,9.0198799974e-06,3.7120000000000007e-13,0.0,2.3249439999999997e-10,4.8965600000000006e-11,4.2624159999999996e-08,7.6976193e-09,2.7867525987999997e-06,4.54234704e-07,5.264577301120001e-05,2.81072612136e-05,4.880000000000001e-14,7.1696e-11,0.0,2.48147552e-08,2.013526e-09,2.9421012367999997e-06,2.417811912e-07,0.00011901442449440002,2.8920921481199994e-05,0.0009389857454048,9.5548e-12,0.0,7.5003136e-09,0.0,1.649453092e-06,3.5776781600000006e-08,0.0001305152991232,1.117412937e-05,0.003086894155588,0.0017185414398207999,0.0,9.410456e-10,0.0,4.611123439999999e-07,0.0,6.99533421536e-05,8.852928099999999e-09,0.0037399813016671998,0.0008332376068855998,0.043393172032951996,0.0,0.0,4.7030934999999995e-08,0.0,1.6447575769599997e-05,0.0,0.0018439993521999994,0.0,0.06721590301968641,0.040424906997894985,0.0,0.0,0.0,9.942753752e-07,0.0,0.00028147732562239995,0.0,0.02602803814614079,0.0,0.7849930830423415,0.0,0.0,0.0,0.0,2.709908671599999e-06,0.0,0.0005154192993279999,0.0,0.024252367266492398,0.0,0.0,0.0,0.0,0.0,0.0,2.620466717599999e-06,8.587340257e-07,0.0002499358661192,0.0,0.0
204,339,0.0,0.0,0.0,0.0,0.0,0.0,0.0,0.0,0.0,0.0,0.0,0.0,0.0,0.0,0.0,0.0,0.0,0.0,0.0,0.0,0.0,0.0,0.0,0.0,0.0,0.0,0.0,0.0,0.0,0.0,0.0,0.0,0.0,0.0,0.0,0.0,1.0,0.0,0.0,0.0,0.0,0.0,0.0,0.0,0.0,0.0,0.0,0.0,0.0,0.0,0.0,0.0,0.0,0.0,0.0,0.0,0.0,0.0,0.0,0.0,0.0,0.0,0.0,0.0,0.0,0.0,0.0,0.0,0.0,0.0,0.0,0.0,0.0,0.0,0.0,0.0,0.0,0.0,0.0,0.0,0.0,0.0,0.0,0.0,0.0,0.0,0.0,0.0,0.0,0.0,0.0,0.0,0.0,0.0,0.0,0.0,0.0,0.0,0.0,0.0
205,345,0.0,0.0,0.0,2.0000000000000005e-11,1.5000000000000003e-11,3.93e-09,1.6680000000000002e-09,1.7413800000000002e-07,2.9103000000000003e-08,9.982279999999995e-07,0.0,0.0,1.5000000000000003e-11,0.0,5.88e-09,4.860000000000001e-10,5.471370000000001e-07,2.8422e-08,1.1408375999999998e-05,2.8229909999999994e-06,0.0,6.000000000000002e-12,0.0,4.41e-09,0.0,7.479479999999999e-07,9.700000000000001e-11,3.6649452000000004e-05,1.862982e-06,0.000288736314,1.0000000000000002e-12,0.0,1.7640000000000003e-09,0.0,5.47137e-07,0.0,5.2478608e-05,9.409e-09,0.001381632513,0.000542241252,0.0,2.94e-10,0.0,2.0226600000000002e-07,0.0,3.6649452000000004e-05,0.0,0.0021914383799999998,0.000177999462,0.027202474266000004,0.0,0.0,2.9103e-08,0.0,1.1408376e-05,0.0,0.001380729249,0.0,0.053150765304,0.025770235119,0.0,0.0,0.0,9.982279999999997e-07,0.0,0.00028783305,0.0,0.027114857658,0.0,0.8337688531399999,0.0,0.0,0.0,0.0,2.822991e-06,0.0,0.000542241252,0.0,0.025770235119,0.0,0.0,0.0,0.0,0.0,0.0,2.7662460000000003e-06,0.0,0.00026561607000000003,0.0,0.0,0.0,0.0,0.0,0.0,0.0,0.0,9.126730000000002e-07,0.0,0.0,0.0
206,347,0.0,5.600000000000002e-15,7.0000000000000025e-15,2.2160000000000003e-12,1.792e-12,2.424992e-10,1.1571040000000003e-10,7.90664e-09,2.5229111999999995e-09,4.221027419999998e-08,2.800000000000001e-15,0.0,2.329600000000001e-12,5.336000000000002e-13,4.51924e-10,8.31584e-11,2.8063350400000004e-08,3.4990716e-09,4.502077863999999e-07,1.984313208e-07,0.0,1.2320000000000002e-12,0.0,4.244192e-10,2.3551600000000005e-11,4.7021528000000004e-08,2.3203175999999998e-09,1.649027144e-06,2.743385916e-07,9.983426422399999e-06,3.712000000000001e-13,0.0,2.324944e-10,0.0,4.4611340800000004e-08,4.6010010000000013e-10,2.9907999364e-06,1.5289442639999998e-07,5.53799531392e-05,2.7112989563200005e-05,4.880000000000001e-14,7.1696e-11,0.0,2.4814755200000002e-08,0.0,2.9771478799999995e-06,1.80737481e-08,0.00012159911443039998,2.3635626492800003e-05,0.0009415616736799999,9.5548e-12,0.0,7.5003136e-09,0.0,1.649453092e-06,0.0,0.00013051529912319997,6.0390660028e-06,0.0030894437988808,0.0017185414398208,0.0,9.410456e-10,0.0,4.6111234399999996e-07,0.0,6.995334215360001e-05,0.0,0.0037399813016671993,0.0007507991404183999,0.0434756104994192,0.0,0.0,4.7030934999999995e-08,0.0,1.64475757696e-05,0.0,0.0018439993521999997,0.0,0.0672159030196864,0.04042490699789499,0.0,0.0,0.0,9.942753751999998e-07,0.0,0.0002814773256224,8.852928100000002e-09,0.026028038146140797,0.0,0.7849930830423415,0.0,0.0,0.0,0.0,2.7099086715999995e-06,2.6204667175999996e-06,0.0005162691804256,0.0002499358661192,0.024252367266492394,0.0
207,349,0.0,0.0,0.0,0.0,0.0,0.0,0.0,0.0,0.0,0.0,0.0,0.0,0.0,0.0,0.0,0.0,0.0,0.0,0.0,0.0,0.0,0.0,0.0,0.0,0.0,0.0,0.0,0.0,0.0,0.0,0.0,0.0,0.0,0.0,0.0,0.0,0.0,0.0,0.0,0.0,0.0,0.0,0.0,0.0,0.0,0.0,1.0,0.0,0.0,0.0,0.0,0.0,0.0,0.0,0.0,0.0,0.0,0.0,0.0,0.0,0.0,0.0,0.0,0.0,0.0,0.0,0.0,0.0,0.0,0.0,0.0,0.0,0.0,0.0,0.0,0.0,0.0,0.0,0.0,0.0,0.0,0.0,0.0,0.0,0.0,0.0,0.0,0.0,0.0,0.0,0.0,0.0,0.0,0.0,0.0,0.0,0.0,0.0,0.0,0.0
208,350,0.0,0.0,0.0,0.0,0.0,0.0,0.0,0.0,0.0,0.0,0.0,0.0,0.0,0.0,0.0,0.0,0.0,0.0,0.0,0.0,0.0,0.0,0.0,0.0,0.0,0.0,0.0,0.0,0.0,0.0,0.0,0.0,0.0,0.0,0.0,0.0,0.01,0.0,0.0,0.0,0.0,0.0,0.0,0.0,0.0,0.01,0.0,0.97,0.0,0.0,0.0,0.0,0.0,0.0,0.0,0.0,0.01,0.0,0.0,0.0,0.0,0.0,0.0,0.0,0.0,0.0,0.0,0.0,0.0,0.0,0.0,0.0,0.0,0.0,0.0,0.0,0.0,0.0,0.0,0.0,0.0,0.0,0.0,0.0,0.0,0.0,0.0,0.0,0.0,0.0,0.0,0.0,0.0,0.0,0.0,0.0,0.0,0.0,0.0,0.0
209,351,0.0,0.0,0.0,0.0,0.0,0.0,0.0,0.0,0.0,0.0,0.0,0.0,0.0,0.0,0.0,0.0,0.0,0.0,0.0,0.0,0.0,0.0,0.0,0.0,0.0,0.0,0.0001,0.0,0.0,0.0,0.0,0.0,0.0,0.0,0.0,0.0002,0.0,0.0098,0.0,0.0,0.0,0.0,0.0,0.0,0.0001,0.0,0.0196,0.0,0.0097,0.0,0.0,0.0,0.0,0.0,0.0,0.0098,0.0,0.941,0.0,0.0,0.0,0.0,0.0,0.0,0.0,0.0,0.0097,0.0,0.0,0.0,0.0,0.0,0.0,0.0,0.0,0.0,0.0,0.0,0.0,0.0,0.0,0.0,0.0,0.0,0.0,0.0,0.0,0.0,0.0,0.0,0.0,0.0,0.0,0.0,0.0,0.0,0.0,0.0,0.0,0.0
210,352,0.0,0.0,0.0,0.0,0.0,0.0,0.0,0.0,0.0,0.0,0.0,0.0,0.0,0.0,0.0,0.0,1.0000000000000002e-06,0.0,0.0,0.0,0.0,0.0,0.0,0.0,0.0,3.0000000000000005e-06,0.0,0.000195,0.0,0.0,0.0,0.0,0.0,0.0,3.0000000000000005e-06,0.0,0.000489,0.0,0.009602999999999999,0.0,0.0,0.0,0.0,1.0000000000000002e-06,0.0,0.00039299999999999996,0.0,0.028616999999999997,0.0,0.009409,0.0,0.0,0.0,0.0,9.9e-05,0.0,0.019208999999999997,0.0,0.912867,0.0,0.0,0.0,0.0,0.0,0.0,0.000195,0.0,0.018819000000000002,0.0,0.0,0.0,0.0,0.0,0.0,0.0,0.0,9.7e-05,0.0,0.0,0.0,0.0,0.0,0.0,0.0,0.0,0.0,0.0,0.0,0.0,0.0,0.0,0.0,0.0,0.0,0.0,0.0,0.0,0.0,0.0,0.0
211,354,0.0,0.0,0.0,0.0,0.0,5.000000000000001e-10,1.0000000000000002e-10,2.93e-08,0.0,0.0,0.0,0.0,0.0,0.0,1.0000000000000003e-09,0.0,1.3690000000000001e-07,0.0,2.881e-06,0.0,0.0,0.0,0.0,1.0000000000000003e-09,0.0,2.546e-07,0.0,1.43666e-05,0.0,9.69418e-05,0.0,0.0,5.000000000000001e-10,0.0,2.354e-07,0.0,2.68132e-05,0.0,0.0007500721999999999,0.00018535729999999997,0.0,1.0000000000000002e-10,0.0,1.081e-07,0.0,2.3049999999999998e-05,0.0,0.0014944995999999998,9.12673e-05,0.018444520899999997,0.0,0.0,1.97e-08,0.0,8.721799999999998e-06,0.0,0.0011294308,0.0,0.045376901,0.017708678899999997,0.0,0.0,0.0,9.994000000000001e-07,0.0,0.00029094259999999997,0.0,0.02767104499999999,0.0,0.8592816585999999,0.0,0.0,0.0,0.0,2.8809999999999996e-06,0.0,0.0005561496999999999,0.0,0.0265644298,0.0,0.0,0.0,0.0,0.0,0.0,2.8421e-06,0.0,0.00027382130000000004,0.0,0.0,0.0,0.0,0.0,0.0,0.0,0.0,9.409e-07,0.0,0.0,0.0
212,356,0.0,0.0,0.0,3.500000000000001e-13,2.1000000000000006e-13,6.099e-11,2.0650000000000008e-11,2.33331e-09,2.9397e-10,1.027331e-08,0.0,0.0,3.500000000000001e-13,0.0,1.1765e-10,6.7900000000000016e-12,9.15609e-09,2.8615e-10,1.5431861e-07,3.821219e-08,0.0,2.1000000000000006e-13,0.0,1.2245e-10,0.0,1.728735e-08,9.409000000000001e-11,6.8224767e-07,5.589237e-08,3.988925329999999e-06,7.000000000000003e-14,0.0,7.635e-11,0.0,1.869855e-08,0.0,1.4294829699999999e-06,3.678919e-08,2.811824223e-05,1.1066706749999999e-05,1.0000000000000002e-14,2.6410000000000002e-11,0.0,1.178937e-08,0.0,1.62226153e-06,9.126730000000001e-09,7.179643081e-05,1.077095857e-05,0.00056957634009,3.910000000000001e-12,0.0,4.02771e-09,0.0,1.01332383e-06,0.0,8.699242056999998e-05,3.54145351e-06,0.00216387798495,0.0010574811029099998,0.0,5.7621e-10,0.0,3.2055508999999993e-07,0.0,5.234967518999999e-05,0.0,0.0029421587507099996,0.0005153499390899999,0.03542831046389,0.0,0.0,3.821219e-08,0.0,1.3982667409999998e-05,0.0,0.0016187566911299996,0.0,0.060422781804049995,0.03333481659682999,0.0,0.0,0.0,9.9651107e-07,0.0,0.00028467636338999993,9.12673e-09,0.02656719285266999,0.0,0.80901348989699,0.0,0.0,0.0,0.0,2.7659637299999994e-06,2.6923853499999994e-06,0.00052954313041,0.00025765671463,0.02499978422613,0.0
213,357,0.0,0.0,7.0000000000000025e-15,5.600000000000002e-15,1.792e-12,8.864000000000001e-13,1.1571040000000002e-10,2.93408e-11,1.6721920000000002e-09,5.905277999999999e-10,0.0,5.600000000000002e-15,0.0,2.7440000000000004e-12,2.7160000000000007e-13,3.247712e-10,2.3900800000000006e-11,1.0720534400000001e-08,1.229058e-09,5.177967199999999e-08,2.800000000000001e-15,0.0,2.3296e-12,0.0,4.75204e-10,7.527200000000001e-12,3.01715872e-08,1.205322e-09,4.775832039999999e-07,1.881810688e-07,0.0,1.232e-12,0.0,4.244192e-10,0.0,4.747316e-08,5.504265000000001e-10,1.6752218e-06,2.72960144e-07,9.9568704608e-06,3.7120000000000007e-13,0.0,2.3249439999999997e-10,0.0,4.4611340800000004e-08,9.126730000000002e-11,2.9907096099999995e-06,1.789009024e-07,5.5327202521599995e-05,2.71129895632e-05,4.880000000000001e-14,7.1696e-11,0.0,2.48147552e-08,0.0,2.9771478799999995e-06,4.42674632e-08,0.000121572829448,2.6211554768000002e-05,0.0009389857454048,9.5548e-12,0.0,7.5003136e-09,0.0,1.649453092e-06,0.0,0.00013051529912319997,8.5887092956e-06,0.0030868941555879997,0.0017185414398207999,0.0,9.410456e-10,0.0,4.611123439999999e-07,0.0,6.99533421536e-05,9.12673e-11,0.0037399813016671993,0.0008332376068855998,0.043393172032951996,0.0,0.0,4.7030934999999995e-08,0.0,1.6447575769599997e-05,2.7015120799999996e-08,0.0018440081138607995,2.5766584136e-06,0.0672159030196864,0.040424906997894985,0.0,0.0,0.0,9.942753752e-07,2.709908671599999e-06,0.00028407077721919995,0.0005162691804256,0.026275397353846392,0.024252367266492398,0.7849930830423415
214,358,0.0,0.0,0.0,0.0,0.0,0.0,0.0,0.0,0.0,0.0,0.0,0.0,0.0,0.0,0.0,0.0,0.0,0.0,0.0,0.0,0.0,0.0,0.0,0.0,0.0,0.0,0.0,0.0,0.0,0.0,0.0,0.0,0.0,0.0,0.0,0.0,0.0,0.0,0.0,0.0,0.0,0.0,0.0,0.0,0.0,0.0,0.0,0.0,0.0,0.0,0.0,0.0,0.0,0.0,0.0,0.0,0.0,0.0,0.0,0.0,0.0,0.0,0.0,0.0,0.0,0.0,1.0,0.0,0.0,0.0,0.0,0.0,0.0,0.0,0.0,0.0,0.0,0.0,0.0,0.0,0.0,0.0,0.0,0.0,0.0,0.0,0.0,0.0,0.0,0.0,0.0,0.0,0.0,0.0,0.0,0.0,0.0,0.0,0.0,0.0
215,359,0.0,0.0,0.0,0.0,0.0,0.0,0.0,0.0,0.0,0.0,0.0,0.0,0.0,0.0,0.0,0.0,0.0,0.0,0.0,0.0,0.0,0.0,0.0,0.0,0.0,0.0,0.0,0.0,0.0,0.0,0.0,0.0,0.0,0.0,0.0,0.0,0.0,0.0,0.0,0.0,0.0,0.0,0.0,0.0,0.0,0.0,0.0,0.0,0.0,0.0,0.0,0.0,0.0,0.0,0.0,0.0,0.0,0.0,0.0,0.0,0.0,0.0,0.0,0.0,0.0,0.0,0.0,0.0,0.0,0.0,0.0,0.0,0.0,0.0,0.0,0.0,1.0,0.0,0.0,0.0,0.0,0.0,0.0,0.0,0.0,0.0,0.0,0.0,0.0,0.0,0.0,0.0,0.0,0.0,0.0,0.0,0.0,0.0,0.0,0.0
216,360,0.0,0.0,0.0,0.0,0.0,0.0,0.0,0.0,0.0,0.0,0.0,0.0,0.0,0.0,0.0,0.0,0.0,0.0,0.0,0.0,0.0,0.0,0.0,0.0,0.0,0.0,0.0,0.0,0.0,0.0,0.0,0.0,0.0,0.0,0.0,0.0,0.0,0.0,0.0,0.0,0.0,0.0,0.0,0.0,0.0,0.0,0.0,0.0,0.0,0.0,0.0,0.0,0.0,0.0,0.0,0.0,0.0,0.0,0.0,0.0,0.0,0.0,0.0,0.0,0.0,0.0,0.0,0.0,0.0,0.0,0.0,0.0,0.0,0.0,0.0,0.0,0.0,0.0,0.0,0.0,0.0,0.0,0.0,0.0,0.0,0.0,1.0,0.0,0.0,0.0,0.0,0.0,0.0,0.0,0.0,0.0,0.0,0.0,0.0,0.0
217,361,0.0,0.0,0.0,0.0,0.0,0.0,0.0,0.0,0.0,0.0,0.0,0.0,0.0,0.0,0.0,0.0,0.0,0.0,0.0,0.0,0.0,0.0,0.0,0.0,0.0,0.0,0.0,0.0,0.0,0.0,0.0,0.0,0.0,0.0,0.0,0.0,0.0,0.0,0.0,0.0,0.0,0.0,0.0,0.0,0.0,0.0,0.0,0.0,0.0,0.0,0.0,0.0,0.0,0.0,0.0,0.0,0.0,0.0,0.0,0.0,0.0,0.0,0.0,0.0,0.0,0.0,0.0,0.0,0.0,0.0,0.0,0.0,0.0,0.0,0.0,0.0,0.0,0.0,0.0,0.0,0.0,0.0,0.0,0.0,0.0,0.0,0.0,0.0,0.0,0.0,0.0,0.0,0.0,0.0,0.0,0.0,1.0,0.0,0.0,0.0
218,362,0.0,0.0,0.0,0.0,0.0,0.0,0.0,1.0,0.0,0.0,0.0,0.0,0.0,0.0,0.0,0.0,0.0,0.0,0.0,0.0,0.0,0.0,0.0,0.0,0.0,0.0,0.0,0.0,0.0,0.0,0.0,0.0,0.0,0.0,0.0,0.0,0.0,0.0,0.0,0.0,0.0,0.0,0.0,0.0,0.0,0.0,0.0,0.0,0.0,0.0,0.0,0.0,0.0,0.0,0.0,0.0,0.0,0.0,0.0,0.0,0.0,0.0,0.0,0.0,0.0,0.0,0.0,0.0,0.0,0.0,0.0,0.0,0.0,0.0,0.0,0.0,0.0,0.0,0.0,0.0,0.0,0.0,0.0,0.0,0.0,0.0,0.0,0.0,0.0,0.0,0.0,0.0,0.0,0.0,0.0,0.0,0.0,0.0,0.0,0.0
219,363,0.0,0.0,0.0,0.0,0.0,0.0,0.01,0.01,0.97,0.0,0.0,0.0,0.0,0.0,0.0,0.0,0.0,0.01,0.0,0.0,0.0,0.0,0.0,0.0,0.0,0.0,0.0,0.0,0.0,0.0,0.0,0.0,0.0,0.0,0.0,0.0,0.0,0.0,0.0,0.0,0.0,0.0,0.0,0.0,0.0,0.0,0.0,0.0,0.0,0.0,0.0,0.0,0.0,0.0,0.0,0.0,0.0,0.0,0.0,0.0,0.0,0.0,0.0,0.0,0.0,0.0,0.0,0.0,0.0,0.0,0.0,0.0,0.0,0.0,0.0,0.0,0.0,0.0,0.0,0.0,0.0,0.0,0.0,0.0,0.0,0.0,0.0,0.0,0.0,0.0,0.0,0.0,0.0,0.0,0.0,0.0,0.0,0.0,0.0,0.0
220,364,0.0,0.0,0.0,0.0,0.0,0.0001,0.0002,0.009999999999999998,0.0098,0.0097,0.0,0.0,0.0,0.0,0.0,0.0,0.0098,0.0097,0.941,0.0,0.0,0.0,0.0,0.0,0.0,0.0,0.0,0.0097,0.0,0.0,0.0,0.0,0.0,0.0,0.0,0.0,0.0,0.0,0.0,0.0,0.0,0.0,0.0,0.0,0.0,0.0,0.0,0.0,0.0,0.0,0.0,0.0,0.0,0.0,0.0,0.0,0.0,0.0,0.0,0.0,0.0,0.0,0.0,0.0,0.0,0.0,0.0,0.0,0.0,0.0,0.0,0.0,0.0,0.0,0.0,0.0,0.0,0.0,0.0,0.0,0.0,0.0,0.0,0.0,0.0,0.0,0.0,0.0,0.0,0.0,0.0,0.0,0.0,0.0,0.0,0.0,0.0,0.0,0.0,0.0
221,365,0.0,0.0,0.0,0.0,1.0000000000000002e-06,3.0000000000000005e-06,0.00020099999999999998,0.00029699999999999996,0.009705,0.000292,0.0,0.0,0.0,0.0,0.0,0.000195,0.000291,0.019304999999999996,0.009602999999999999,0.018819000000000002,0.0,0.0,0.0,0.0,0.0,0.0,0.009602999999999999,0.009409,0.912867,0.0,0.0,0.0,0.0,0.0,0.0,0.0,0.0,0.009409,0.0,0.0,0.0,0.0,0.0,0.0,0.0,0.0,0.0,0.0,0.0,0.0,0.0,0.0,0.0,0.0,0.0,0.0,0.0,0.0,0.0,0.0,0.0,0.0,0.0,0.0,0.0,0.0,0.0,0.0,0.0,0.0,0.0,0.0,0.0,0.0,0.0,0.0,0.0,0.0,0.0,0.0,0.0,0.0,0.0,0.0,0.0,0.0,0.0,0.0,0.0,0.0,0.0,0.0,0.0,0.0,0.0,0.0,0.0,0.0,0.0,0.0
222,366,0.0,0.0,0.0,1.0000000000000002e-08,4.000000000000001e-08,4e-06,7.92e-06,0.00029508,0.00019896999999999997,0.00029108000000000004,0.0,0.0,0.0,0.0,2.92e-06,5.820000000000001e-06,0.0004859999999999999,0.00048112,0.018923759999999998,0.00056746,0.0,0.0,0.0,0.0,0.0,0.00028518,0.00037636,0.02804464,0.009408999999999999,0.0273831,0.0,0.0,0.0,0.0,0.0,0.0,0.009408999999999999,0.00912673,0.88557508,0.0,0.0,0.0,0.0,0.0,0.0,0.0,0.0,0.00912673,0.0,0.0,0.0,0.0,0.0,0.0,0.0,0.0,0.0,0.0,0.0,0.0,0.0,0.0,0.0,0.0,0.0,0.0,0.0,0.0,0.0,0.0,0.0,0.0,0.0,0.0,0.0,0.0,0.0,0.0,0.0,0.0,0.0,0.0,0.0,0.0,0.0,0.0,0.0,0.0,0.0,0.0,0.0,0.0,0.0,0.0,0.0,0.0,0.0,0.0,0.0,0.0
223,367,0.0,0.0,1.0000000000000002e-10,5.000000000000001e-10,7.93e-08,2.1620000000000002e-07,1.1769999999999999e-05,1.7434099999999996e-05,0.0004803657,0.0004839339,0.0,0.0,0.0,2.93e-08,5.860000000000001e-08,1.05842e-05,1.4299400000000002e-05,0.0009440547999999999,0.0005684406999999999,0.019183225199999994,0.0,0.0,0.0,0.0,2.881e-06,3.8218e-06,0.0006560209999999999,0.0005552377,0.036522120199999994,0.035694011600000006,0.0,0.0,0.0,0.0,0.0,9.69418e-05,9.50309e-05,0.0183541945,0.008947018099999999,0.8592816585999999,0.0,0.0,0.0,0.0,0.0,0.0,0.00018535729999999997,9.12673e-05,0.017708678899999997,0.0,0.0,0.0,0.0,0.0,0.0,0.0,0.0,9.12673e-05,0.0,0.0,0.0,0.0,0.0,0.0,0.0,0.0,0.0,0.0,0.0,0.0,0.0,0.0,0.0,0.0,0.0,0.0,0.0,0.0,0.0,0.0,0.0,0.0,0.0,0.0,0.0,0.0,0.0,0.0,0.0,0.0,0.0,0.0,0.0,0.0,0.0,0.0,0.0,0.0,0.0,0.0
224,368,0.0,1.0000000000000002e-12,6.000000000000002e-12,1.092e-09,3.5460000000000004e-09,2.26497e-07,4.3719699999999994e-07,1.4536245999999997e-05,1.5501743999999998e-05,0.00020631458699999993,0.0,0.0,3.9000000000000005e-10,1.0710000000000001e-09,2.11866e-07,3.91512e-07,2.7523499999999995e-05,2.8290854999999994e-05,0.0010324487309999997,0.001023872658,0.0,0.0,0.0,5.7231000000000005e-08,9.506e-08,1.7825112e-05,2.0411322000000002e-05,0.001471056513,0.0010033501530000001,0.027922706347999995,0.0,0.0,0.0,0.0,3.763988e-06,4.657455e-06,0.0008227053059999999,0.0006299137319999999,0.044379901913999986,0.043305478019000004,0.0,0.0,0.0,0.0,0.0,9.588711899999998e-05,9.3092646e-05,0.017983421700000002,0.008679520229999998,0.8336802956309999,0.0,0.0,0.0,0.0,0.0,0.0,0.00018070925399999997,8.8529281e-05,0.017178331205999996,0.0,0.0,0.0,0.0,0.0,0.0,0.0,0.0,8.8529281e-05,0.0,0.0,0.0,0.0,0.0,0.0,0.0,0.0,0.0,0.0,0.0,0.0,0.0,0.0,0.0,0.0,0.0,0.0,0.0,0.0,0.0,0.0,0.0,0.0,0.0,0.0,0.0,0.0,0.0,0.0,0.0,0.0
225,370,0.0,1.9840000000000002e-13,8.864e-13,8.25616e-11,2.339073e-10,1.1175587999999998e-08,1.9405003199999995e-08,5.311335395999999e-07,6.33875376e-07,5.4164351136e-06,5.840000000000001e-14,2.3320000000000006e-13,6.15392e-11,1.58656e-10,1.53074528e-08,2.58172848e-08,1.3134115403999998e-06,1.3748878847999998e-06,3.509275058399999e-05,3.65942254728e-05,0.0,1.4230000000000002e-11,3.5928800000000004e-11,8.8022656e-09,1.5788340799999998e-08,1.4225432679999998e-06,1.6044265115999998e-06,7.670623955759999e-05,6.71125682208e-05,0.0008824516204919998,0.0,0.0,1.8536312000000003e-09,3.3176134000000003e-09,7.214842927999999e-07,9.390934720000001e-07,7.897848795199997e-05,6.492053628239999e-05,0.002587979482934999,0.0025462875939407997,0.0,0.0,0.0,1.36458727e-07,1.891058456e-07,3.65190237376e-05,3.42259676384e-05,0.0027003809977647997,0.002049912400119,0.044319806528335184,0.0,0.0,0.0,0.0,5.4198173432e-06,6.197049669999999e-06,0.0011300994538592,0.0007646096941407998,0.05861605689552318,0.057089631381829195,0.0,0.0,0.0,0.0,0.0,9.373480272279998e-05,8.93083386728e-05,0.017259102036361603,0.008168278052458396,0.7847430586375322,0.0,0.0,0.0,0.0,0.0,0.0,0.00017174680513999994,8.329720049289999e-05,0.0161648092997768,0.0,0.0,0.0,0.0,0.0,0.0,0.0,0.0,8.329720049289999e-05,0.0,0.0,0.0,0.0,0.0,0.0,0.0,0.0,0.0,0.0,0.0,0.0
226,372,0.0,2.4183280000000007e-14,9.033137000000001e-14,5.96004394e-12,1.48360594e-11,5.7938512614e-10,9.3784762497e-10,2.1074097711119994e-08,2.5886206054320002e-08,1.6173289393331997e-07,1.4016840000000002e-14,4.6748560000000003e-14,6.29972376e-12,1.4543869959999998e-11,1.01046792189e-09,1.5508738211399997e-09,6.348630296231998e-08,6.867089408315999e-08,1.2637696184704194e-06,1.3353506243505598e-06,1.0672920000000001e-14,2.9115288e-12,6.8630254799999985e-12,8.489342673000001e-10,1.4013071554500001e-09,9.143750827511998e-08,1.0018596579935999e-07,3.601282498281839e-06,3.46405894830042e-06,2.925631884451788e-05,5.163736800000001e-13,1.2481979400000002e-12,3.6471359412000004e-10,6.530259995999999e-10,7.20830902158e-08,8.812498850946e-08,5.218725715447378e-06,4.64719553145876e-06,0.0001178789991779354,0.000118008485775421,0.0,6.299532498000001e-11,1.1707769244000002e-10,2.972526432024e-08,4.150650618708e-08,4.106952367829219e-06,3.82621302093834e-06,0.0001949501270198636,0.00017080501547765039,0.001900662191826695,0.0,0.0,4.933362634200001e-09,7.409900819700001e-09,1.6279462567659598e-06,1.7670302840750399e-06,0.00015890655874644115,0.00012387179676918883,0.00466393513480046,0.0045788516534317255,0.0,0.0,0.0,2.4291195296466e-07,3.0708328759032e-07,5.998728499406544e-05,4.974079446423138e-05,0.004119901634172664,0.003289733000111689,0.05933193596425568,0.0,0.0,0.0,0.0,6.9351359915531994e-06,7.571715524804609e-06,0.001404954988565179,0.0008812510623346846,0.07102755394646754,0.06909973890959895,0.0,0.0,0.0,0.0,0.0,9.153529362164779e-05,8.564618154679978e-05,0.016557650919577678,0.007687148785247668,0.7386783495021898,0.0,0.0,0.0,0.0,0.0,0.0,0.0001632125346457882,0.0001567486718875392,0.015211085035849553,0.0
227,373,0.0,0.0,0.0,0.0,0.0,0.0,0.0,0.0,0.0,0.0,0.0,0.0,0.0,0.0,0.0,0.0,0.0,0.0,0.0,0.0,0.0,0.0,0.0,0.0,0.0,0.0,0.0,1.0,0.0,0.0,0.0,0.0,0.0,0.0,0.0,0.0,0.0,0.0,0.0,0.0,0.0,0.0,0.0,0.0,0.0,0.0,0.0,0.0,0.0,0.0,0.0,0.0,0.0,0.0,0.0,0.0,0.0,0.0,0.0,0.0,0.0,0.0,0.0,0.0,0.0,0.0,0.0,0.0,0.0,0.0,0.0,0.0,0.0,0.0,0.0,0.0,0.0,0.0,0.0,0.0,0.0,0.0,0.0,0.0,0.0,0.0,0.0,0.0,0.0,0.0,0.0,0.0,0.0,0.0,0.0,0.0,0.0,0.0,0.0,0.0
228,374,0.0,0.0,0.0,0.0,0.0,0.0,0.0,0.0,0.0,0.0,0.0,0.0,0.0,0.0,0.0,0.0,0.0,0.01,0.0,0.0,0.0,0.0,0.0,0.0,0.0,0.0,0.01,0.0,0.97,0.0,0.0,0.0,0.0,0.0,0.0,0.0,0.0,0.01,0.0,0.0,0.0,0.0,0.0,0.0,0.0,0.0,0.0,0.0,0.0,0.0,0.0,0.0,0.0,0.0,0.0,0.0,0.0,0.0,0.0,0.0,0.0,0.0,0.0,0.0,0.0,0.0,0.0,0.0,0.0,0.0,0.0,0.0,0.0,0.0,0.0,0.0,0.0,0.0,0.0,0.0,0.0,0.0,0.0,0.0,0.0,0.0,0.0,0.0,0.0,0.0,0.0,0.0,0.0,0.0,0.0,0.0,0.0,0.0,0.0,0.0
229,375,0.0,0.0,0.0,0.0,0.0,0.0,0.0,0.0001,0.0,0.0,0.0,0.0,0.0,0.0,0.0,0.0,0.0002,0.0,0.0098,0.0,0.0,0.0,0.0,0.0,0.0,0.0001,0.0,0.0196,0.0,0.0097,0.0,0.0,0.0,0.0,0.0,0.0,0.0098,0.0,0.941,0.0,0.0,0.0,0.0,0.0,0.0,0.0,0.0,0.0097,0.0,0.0,0.0,0.0,0.0,0.0,0.0,0.0,0.0,0.0,0.0,0.0,0.0,0.0,0.0,0.0,0.0,0.0,0.0,0.0,0.0,0.0,0.0,0.0,0.0,0.0,0.0,0.0,0.0,0.0,0.0,0.0,0.0,0.0,0.0,0.0,0.0,0.0,0.0,0.0,0.0,0.0,0.0,0.0,0.0,0.0,0.0,0.0,0.0,0.0,0.0,0.0
230,376,0.0,0.0,0.0,0.0,0.0,0.0,3.0000000000000005e-06,1.0000000000000002e-06,0.000195,0.0,0.0,0.0,0.0,0.0,0.0,3.0000000000000005e-06,0.0,0.000489,0.0,0.009602999999999999,0.0,0.0,0.0,0.0,1.0000000000000002e-06,0.0,0.00039299999999999996,0.0,0.028616999999999997,0.009409,0.0,0.0,0.0,0.0,0.0,9.9e-05,0.0,0.019208999999999997,0.0,0.912867,0.0,0.0,0.0,0.0,0.0,0.0,0.000195,0.0,0.018819000000000002,0.0,0.0,0.0,0.0,0.0,0.0,0.0,0.0,9.7e-05,0.0,0.0,0.0,0.0,0.0,0.0,0.0,0.0,0.0,0.0,0.0,0.0,0.0,0.0,0.0,0.0,0.0,0.0,0.0,0.0,0.0,0.0,0.0,0.0,0.0,0.0,0.0,0.0,0.0,0.0,0.0,0.0,0.0,0.0,0.0,0.0,0.0,0.0,0.0,0.0,0.0,0.0
231,377,0.0,0.0,0.0,0.0,0.0,6.000000000000001e-08,4.000000000000001e-08,6.879999999999999e-06,1.96e-06,9.797999999999998e-05,0.0,0.0,0.0,0.0,4.000000000000001e-08,0.0,1.176e-05,9.7e-07,0.00057624,0.00019012,0.0,0.0,0.0,1.0000000000000002e-08,0.0,7.840000000000001e-06,0.0,0.00095652,9.409000000000002e-05,0.01882384,0.0,0.0,0.0,0.0,1.96e-06,0.0,0.0005762399999999999,0.0,0.03726743999999999,0.018255399999999998,0.0,0.0,0.0,0.0,0.0,9.797999999999998e-05,0.0,0.018823839999999998,0.0,0.88566918,0.0,0.0,0.0,0.0,0.0,0.0,0.00019012,0.0,0.0182554,0.0,0.0,0.0,0.0,0.0,0.0,0.0,0.0,9.409e-05,0.0,0.0,0.0,0.0,0.0,0.0,0.0,0.0,0.0,0.0,0.0,0.0,0.0,0.0,0.0,0.0,0.0,0.0,0.0,0.0,0.0,0.0,0.0,0.0,0.0,0.0,0.0,0.0,0.0,0.0,0.0,0.0
232,382,0.0,0.0,3.166800000000001e-14,4.6830000000000014e-14,6.930168e-12,6.600156e-12,4.859368439999999e-10,3.4438746000000005e-10,9.067386726e-09,7.628295599999999e-09,0.0,2.0668000000000005e-14,1.2222000000000003e-14,8.721552000000001e-12,4.347831000000001e-12,1.0998603119999998e-09,4.42559412e-10,4.311171520200001e-08,2.3607709055999997e-08,2.9744602176600003e-07,4.872000000000002e-15,0.0,5.140752000000001e-12,1.1949430000000003e-12,1.206029328e-09,2.9133242100000004e-10,9.0189189924e-08,2.987135471999999e-08,1.7889638305620002e-06,1.29590839962e-06,0.0,1.5286440000000003e-12,0.0,7.290423840000001e-10,8.305343700000001e-11,1.0243139887199997e-07,1.869338052e-08,4.4465973610920005e-06,2.041654820148e-06,3.3887323379628e-05,1.9894800000000003e-13,0.0,2.3349656400000003e-10,0.0,6.5505338808e-08,5.046300744e-09,5.683553572343999e-06,1.412096157957e-06,0.00013097130943077597,9.3936873003996e-05,0.0,3.2339412e-11,0.0,2.217818379e-08,0.0,3.912563138232e-06,3.77881304253e-07,0.000207481578993456,9.102269954715901e-05,0.0019491765084064558,0.0,0.0,3.1626095339999996e-09,0.0,1.3631155330379998e-06,0.0,0.000157471518965712,2.9993189424702997e-05,0.004799500345138127,0.003518410465974894,0.0,0.0,0.0,1.8656313862199998e-07,0.0,5.454903778942801e-05,0.0,0.004206820793739024,0.001697365119801918,0.05949387319417726,0.0,0.0,0.0,0.0,6.194570850131998e-06,0.0,0.0013580026964762281,8.329720049289999e-07,0.07288161620341893,0.05489702308337058,0.0,0.0,0.0,0.0,0.0,9.264022669251596e-05,0.00016742737299072896,0.017065458133271226,0.015680697992788428,0.761362414971404
233,383,0.0,0.0,0.0,0.0,0.0,0.0,0.0,0.0,0.0,0.0,0.0,0.0,0.0,0.0,0.0,0.0,0.0,0.0,0.0,0.0,0.0,0.0,0.0,0.0,0.0,0.0,0.0,0.0,0.0,0.0,0.0,0.0,0.0,0.0,0.0,0.0,0.0,0.0,0.0,0.0,0.0,0.0,0.0,0.0,0.0,0.0,0.0,1.0,0.0,0.0,0.0,0.0,0.0,0.0,0.0,0.0,0.0,0.0,0.0,0.0,0.0,0.0,0.0,0.0,0.0,0.0,0.0,0.0,0.0,0.0,0.0,0.0,0.0,0.0,0.0,0.0,0.0,0.0,0.0,0.0,0.0,0.0,0.0,0.0,0.0,0.0,0.0,0.0,0.0,0.0,0.0,0.0,0.0,0.0,0.0,0.0,0.0,0.0,0.0,0.0
234,384,0.0,0.0,0.0,0.0,0.0,0.0,0.0,0.0,0.0,0.0,0.0,0.0,0.0,0.0,0.0,0.0,0.0,0.0,0.0,0.0,0.0,0.0,0.0,0.0,0.0,0.0,0.0,0.0,0.0,0.0,0.0,0.0,0.0,0.0,0.0,0.0,0.0,0.01,0.0,0.0,0.0,0.0,0.0,0.0,0.0,0.0,0.01,0.0,0.01,0.0,0.0,0.0,0.0,0.0,0.0,0.0,0.0,0.97,0.0,0.0,0.0,0.0,0.0,0.0,0.0,0.0,0.0,0.0,0.0,0.0,0.0,0.0,0.0,0.0,0.0,0.0,0.0,0.0,0.0,0.0,0.0,0.0,0.0,0.0,0.0,0.0,0.0,0.0,0.0,0.0,0.0,0.0,0.0,0.0,0.0,0.0,0.0,0.0,0.0,0.0
235,385,0.0,0.0,0.0,0.0,0.0,0.0,0.0,0.0,0.0,0.0,0.0,0.0,0.0,0.0,0.0,0.0,0.0,0.0,0.0,0.0,0.0,0.0,0.0,0.0,0.0,0.0,0.0,0.0001,0.0,0.0,0.0,0.0,0.0,0.0,0.0,0.0,0.0002,0.0,0.0098,0.0,0.0,0.0,0.0,0.0,0.0,0.0001,0.0,0.0196,0.0,0.0097,0.0,0.0,0.0,0.0,0.0,0.0,0.0098,0.0,0.941,0.0,0.0,0.0,0.0,0.0,0.0,0.0,0.0,0.0097,0.0,0.0,0.0,0.0,0.0,0.0,0.0,0.0,0.0,0.0,0.0,0.0,0.0,0.0,0.0,0.0,0.0,0.0,0.0,0.0,0.0,0.0,0.0,0.0,0.0,0.0,0.0,0.0,0.0,0.0,0.0,0.0
236,386,0.0,0.0,0.0,0.0,0.0,0.0,0.0,0.0,0.0,0.0,0.0,0.0,0.0,0.0,0.0,0.0,0.0,1.0000000000000002e-06,0.0,0.0,0.0,0.0,0.0,0.0,0.0,0.0,3.0000000000000005e-06,0.0,0.000195,0.0,0.0,0.0,0.0,0.0,0.0,3.0000000000000005e-06,0.0,0.000489,0.0,0.009602999999999999,0.0,0.0,0.0,0.0,1.0000000000000002e-06,0.0,0.00039299999999999996,0.0,0.028616999999999997,0.009409,0.0,0.0,0.0,0.0,0.0,9.9e-05,0.0,0.019208999999999997,0.0,0.912867,0.0,0.0,0.0,0.0,0.0,0.0,0.000195,0.0,0.018819000000000002,0.0,0.0,0.0,0.0,0.0,0.0,0.0,0.0,9.7e-05,0.0,0.0,0.0,0.0,0.0,0.0,0.0,0.0,0.0,0.0,0.0,0.0,0.0,0.0,0.0,0.0,0.0,0.0,0.0,0.0,0.0,0.0
237,388,0.0,0.0,0.0,0.0,0.0,0.0,5.000000000000001e-10,1.0000000000000002e-10,1.97e-08,0.0,0.0,0.0,0.0,0.0,0.0,1.0000000000000003e-09,0.0,1.0810000000000001e-07,0.0,9.994e-07,0.0,0.0,0.0,0.0,1.0000000000000003e-09,0.0,2.354e-07,0.0,8.7218e-06,2.881e-06,0.0,0.0,0.0,5.000000000000001e-10,0.0,2.546e-07,0.0,2.3049999999999998e-05,2.8421000000000003e-06,0.00029094259999999997,0.0,0.0,1.0000000000000002e-10,0.0,1.3690000000000001e-07,0.0,2.6813199999999996e-05,9.409000000000002e-07,0.0011294308000000001,0.0005561496999999999,0.0,0.0,0.0,2.93e-08,0.0,1.43666e-05,0.0,0.0014944996,0.0002738213,0.027671045000000002,0.0,0.0,0.0,0.0,2.881e-06,0.0,0.0007500721999999998,0.0,0.045376901,0.026564429799999997,0.0,0.0,0.0,0.0,0.0,9.694179999999997e-05,0.0,0.0184445209,0.0,0.8592816585999999,0.0,0.0,0.0,0.0,0.0,0.0,0.0001853573,0.0,0.0177086789,0.0,0.0,0.0,0.0,0.0,0.0,0.0,0.0,9.12673e-05,0.0,0.0
238,391,0.0,0.0,0.0,0.0,0.0,0.0,0.0,0.0,0.0,0.0,0.0,0.0,0.0,0.0,0.0,0.0,0.0,0.0,0.0,0.0,0.0,0.0,0.0,0.0,0.0,0.0,0.0,0.0,0.0,0.0,0.0,0.0,0.0,0.0,0.0,0.0,0.0,0.0,0.0,0.0,0.0,0.0,0.0,0.0,0.0,0.0,0.0,0.0,0.0,0.0,0.0,0.0,0.0,0.0,0.0,0.0,0.0,1.0,0.0,0.0,0.0,0.0,0.0,0.0,0.0,0.0,0.0,0.0,0.0,0.0,0.0,0.0,0.0,0.0,0.0,0.0,0.0,0.0,0.0,0.0,0.0,0.0,0.0,0.0,0.0,0.0,0.0,0.0,0.0,0.0,0.0,0.0,0.0,0.0,0.0,0.0,0.0,0.0,0.0,0.0
239,392,0.0,0.0,0.0,0.0,0.0,0.0,0.0,0.0,0.0,0.0,0.0,0.0,0.0,0.0,0.0,0.0,0.0,0.0,0.0,0.0,0.0,0.0,0.0,0.0,0.0,0.0,0.0,0.0,0.0,0.0,0.0,0.0,0.0,0.0,0.0,0.0,0.0,0.0,0.0,0.0,0.0,0.0,0.0,0.0,0.0,0.0,0.0,0.01,0.0,0.0,0.0,0.0,0.0,0.0,0.0,0.0,0.01,0.0,0.97,0.0,0.0,0.0,0.0,0.0,0.0,0.0,0.0,0.01,0.0,0.0,0.0,0.0,0.0,0.0,0.0,0.0,0.0,0.0,0.0,0.0,0.0,0.0,0.0,0.0,0.0,0.0,0.0,0.0,0.0,0.0,0.0,0.0,0.0,0.0,0.0,0.0,0.0,0.0,0.0,0.0
240,393,0.0,0.0,0.0,0.0,0.0,0.0,0.0,0.0,0.0,0.0,0.0,0.0,0.0,0.0,0.0,0.0,0.0,0.0,0.0,0.0,0.0,0.0,0.0,0.0,0.0,0.0,0.0,0.0,0.0,0.0,0.0,0.0,0.0,0.0,0.0,0.0,0.0,0.0001,0.0,0.0,0.0,0.0,0.0,0.0,0.0,0.0,0.0002,0.0,0.0194,0.0,0.0,0.0,0.0,0.0,0.0,0.0001,0.0,0.0196,0.0,0.9409,0.0,0.0,0.0,0.0,0.0,0.0,0.0002,0.0,0.0194,0.0,0.0,0.0,0.0,0.0,0.0,0.0,0.0,0.0001,0.0,0.0,0.0,0.0,0.0,0.0,0.0,0.0,0.0,0.0,0.0,0.0,0.0,0.0,0.0,0.0,0.0,0.0,0.0,0.0,0.0,0.0
241,394,0.0,0.0,0.0,0.0,0.0,0.0,0.0,0.0,0.0,0.0,0.0,0.0,0.0,0.0,0.0,0.0,0.0,0.0,0.0,0.0,0.0,0.0,0.0,0.0,0.0,0.0,0.0,1.0000000000000002e-06,0.0,0.0,0.0,0.0,0.0,0.0,0.0,0.0,3.0000000000000005e-06,0.0,0.000195,0.0,0.0,0.0,0.0,0.0,0.0,3.0000000000000005e-06,0.0,0.000489,0.0,0.009602999999999999,0.0,0.0,0.0,0.0,1.0000000000000002e-06,0.0,0.00039299999999999996,0.0,0.028617,0.009408999999999999,0.0,0.0,0.0,0.0,0.0,9.9e-05,0.0,0.019208999999999997,0.0,0.912867,0.0,0.0,0.0,0.0,0.0,0.0,0.000195,0.0,0.018819000000000002,0.0,0.0,0.0,0.0,0.0,0.0,0.0,0.0,9.7e-05,0.0,0.0,0.0,0.0,0.0,0.0,0.0,0.0,0.0,0.0,0.0,0.0
242,396,0.0,0.0,0.0,0.0,0.0,0.0,0.0,1.0000000000000002e-10,0.0,0.0,0.0,0.0,0.0,0.0,0.0,0.0,5.000000000000001e-10,0.0,1.97e-08,0.0,0.0,0.0,0.0,0.0,0.0,1.0000000000000003e-09,0.0,1.0810000000000001e-07,0.0,9.994e-07,0.0,0.0,0.0,0.0,1.0000000000000003e-09,0.0,2.354e-07,0.0,8.7218e-06,2.881e-06,0.0,0.0,0.0,5.000000000000001e-10,0.0,2.546e-07,0.0,2.3049999999999998e-05,2.8421e-06,0.00029094259999999997,0.0,0.0,1.0000000000000002e-10,0.0,1.3690000000000001e-07,0.0,2.6813199999999996e-05,9.408999999999999e-07,0.0011294308000000001,0.0005561496999999999,0.0,0.0,0.0,2.93e-08,0.0,1.43666e-05,0.0,0.0014944996,0.00027382129999999993,0.027671045000000002,0.0,0.0,0.0,0.0,2.881e-06,0.0,0.0007500721999999998,0.0,0.045376901,0.026564429799999997,0.0,0.0,0.0,0.0,0.0,9.694179999999997e-05,0.0,0.0184445209,0.0,0.8592816585999999,0.0,0.0,0.0,0.0,0.0,0.0,0.0001853573,9.12673e-05,0.0177086789,0.0
243,398,0.0,0.0,0.0,0.0,0.0,0.0,0.0,0.0,0.0,0.0,0.0,0.0,0.0,0.0,0.0,0.0,0.0,0.0,0.0,0.0,0.0,0.0,0.0,0.0,0.0,0.0,0.0,0.0,0.0,0.0,0.0,0.0,0.0,0.0,0.0,0.0,0.0,0.0,0.0,0.0,0.0,0.0,0.0,0.0,0.0,0.0,0.0,0.0,0.0,0.0,0.0,0.0,0.0,0.0,0.0,0.0,0.0,0.0,0.0,0.0,0.0,0.0,0.0,0.0,0.0,0.0,0.0,0.0,0.0,0.0,0.0,0.0,0.0,0.0,0.0,0.0,0.0,1.0,0.0,0.0,0.0,0.0,0.0,0.0,0.0,0.0,0.0,0.0,0.0,0.0,0.0,0.0,0.0,0.0,0.0,0.0,0.0,0.0,0.0,0.0
244,399,0.0,0.0,0.0,0.0,0.0,0.0,0.0,0.0,0.0,0.0,0.0,0.0,0.0,0.0,0.0,0.0,0.0,0.0,0.0,0.0,0.0,0.0,0.0,0.0,0.0,0.0,0.0,0.0,0.0,0.0,0.0,0.0,0.0,0.0,0.0,0.0,0.0,0.0,0.0,0.0,0.0,0.0,0.0,0.0,0.0,0.0,0.0,0.0,0.0,0.0,0.0,0.0,0.0,0.0,0.0,0.0,0.0,0.0,0.0,0.0,0.0,0.0,0.0,0.0,0.0,0.0,0.0,0.0,0.0,0.0,0.0,0.0,0.0,0.0,0.0,0.0,0.0,0.0,0.0,0.0,0.0,0.0,0.0,0.0,0.0,0.0,0.0,0.0,0.0,0.0,0.0,0.0,0.0,0.0,0.0,0.0,0.0,1.0,0.0,0.0
245,400,0.0,0.0,0.0,0.0,0.0,0.0,0.0,0.0,1.0,0.0,0.0,0.0,0.0,0.0,0.0,0.0,0.0,0.0,0.0,0.0,0.0,0.0,0.0,0.0,0.0,0.0,0.0,0.0,0.0,0.0,0.0,0.0,0.0,0.0,0.0,0.0,0.0,0.0,0.0,0.0,0.0,0.0,0.0,0.0,0.0,0.0,0.0,0.0,0.0,0.0,0.0,0.0,0.0,0.0,0.0,0.0,0.0,0.0,0.0,0.0,0.0,0.0,0.0,0.0,0.0,0.0,0.0,0.0,0.0,0.0,0.0,0.0,0.0,0.0,0.0,0.0,0.0,0.0,0.0,0.0,0.0,0.0,0.0,0.0,0.0,0.0,0.0,0.0,0.0,0.0,0.0,0.0,0.0,0.0,0.0,0.0,0.0,0.0,0.0,0.0
246,401,0.0,0.0,0.0,0.0,0.0,0.0,0.0,0.01,0.01,0.01,0.0,0.0,0.0,0.0,0.0,0.0,0.0,0.0,0.97,0.0,0.0,0.0,0.0,0.0,0.0,0.0,0.0,0.0,0.0,0.0,0.0,0.0,0.0,0.0,0.0,0.0,0.0,0.0,0.0,0.0,0.0,0.0,0.0,0.0,0.0,0.0,0.0,0.0,0.0,0.0,0.0,0.0,0.0,0.0,0.0,0.0,0.0,0.0,0.0,0.0,0.0,0.0,0.0,0.0,0.0,0.0,0.0,0.0,0.0,0.0,0.0,0.0,0.0,0.0,0.0,0.0,0.0,0.0,0.0,0.0,0.0,0.0,0.0,0.0,0.0,0.0,0.0,0.0,0.0,0.0,0.0,0.0,0.0,0.0,0.0,0.0,0.0,0.0,0.0,0.0
247,402,0.0,0.0,0.0,0.0,0.0,0.0,0.0001,0.0002,0.01,0.00030000000000000003,0.0,0.0,0.0,0.0,0.0,0.0,0.0,0.0194,0.0097,0.0194,0.0,0.0,0.0,0.0,0.0,0.0,0.0,0.0,0.9409,0.0,0.0,0.0,0.0,0.0,0.0,0.0,0.0,0.0,0.0,0.0,0.0,0.0,0.0,0.0,0.0,0.0,0.0,0.0,0.0,0.0,0.0,0.0,0.0,0.0,0.0,0.0,0.0,0.0,0.0,0.0,0.0,0.0,0.0,0.0,0.0,0.0,0.0,0.0,0.0,0.0,0.0,0.0,0.0,0.0,0.0,0.0,0.0,0.0,0.0,0.0,0.0,0.0,0.0,0.0,0.0,0.0,0.0,0.0,0.0,0.0,0.0,0.0,0.0,0.0,0.0,0.0,0.0,0.0,0.0,0.0
248,403,0.0,0.0,0.0,0.0,0.0,1.0000000000000002e-06,3.0000000000000005e-06,0.000297,0.000202,0.00030000000000000003,0.0,0.0,0.0,0.0,0.0,0.0,0.000291,0.000291,0.019497,0.000582,0.0,0.0,0.0,0.0,0.0,0.0,0.0,0.028227000000000002,0.009409,0.028227000000000002,0.0,0.0,0.0,0.0,0.0,0.0,0.0,0.0,0.912673,0.0,0.0,0.0,0.0,0.0,0.0,0.0,0.0,0.0,0.0,0.0,0.0,0.0,0.0,0.0,0.0,0.0,0.0,0.0,0.0,0.0,0.0,0.0,0.0,0.0,0.0,0.0,0.0,0.0,0.0,0.0,0.0,0.0,0.0,0.0,0.0,0.0,0.0,0.0,0.0,0.0,0.0,0.0,0.0,0.0,0.0,0.0,0.0,0.0,0.0,0.0,0.0,0.0,0.0,0.0,0.0,0.0,0.0,0.0,0.0,0.0
249,410,0.0,0.0,3.4162580000000005e-14,1.0650356000000002e-13,8.853629460000003e-12,1.7066894010000002e-11,7.243627062000002e-10,1.00066961688e-09,1.494973478496e-08,1.7218586266200003e-08,0.0,1.8846240000000005e-14,5.1045540000000015e-14,9.606268530000001e-12,1.5937215480000004e-11,1.4744688988800006e-09,1.7188914434400002e-09,6.640404803202002e-08,7.099667760083999e-08,4.8854349858648e-07,2.6422800000000008e-15,8.58256e-15,4.422036e-12,7.340588490000001e-12,1.3749005680200007e-09,1.5171026242800001e-09,1.2524132168916004e-07,1.1978157680826e-07,2.7776582007768e-06,2.8622787989544004e-06,0.0,7.700325600000001e-13,1.3385243399999998e-12,6.288693330000001e-10,6.939370843200001e-10,1.2088571176446002e-07,1.0402603629054e-07,6.30634325985672e-06,5.961310099693559e-06,5.113297197451097e-05,0.0,0.0,1.1231353938e-10,1.2583935324e-10,5.8325718821040006e-08,4.617137867814001e-08,6.9069697162983e-06,5.56540124508048e-06,0.00018485117745694742,0.00018479020314282686,0.0,0.0,0.0,1.093159561788e-08,7.834841368499999e-09,3.6249022339698004e-06,2.3472122388654e-06,0.0002578856627590785,0.00022640135271976127,0.002601169777750155,0.0,0.0,0.0,0.0,7.1051653286418e-07,3.1532713423704004e-07,0.00015190524023578607,9.911473775268372e-05,0.005955827550671675,0.005879867459567757,0.0,0.0,0.0,0.0,0.0,2.9787078896261043e-05,7.571715524804611e-06,0.004265899528842886,0.003387563868525454,0.06826571255103317,0.0,0.0,0.0,0.0,0.0,0.0,0.0007344564059060471,8.56461815467998e-05,0.0774144523241696,0.07605946509347165,0.0,0.0,0.0,0.0,0.0,0.0,0.0,0.008307679610039576,0.007680684922489419,0.7381294959184223
250,411,0.0,0.0,0.0,0.0,0.0,0.0,0.0,0.0,0.0,0.0,0.0,0.0,0.0,0.0,0.0,0.0,0.0,0.0,1.0,0.0,0.0,0.0,0.0,0.0,0.0,0.0,0.0,0.0,0.0,0.0,0.0,0.0,0.0,0.0,0.0,0.0,0.0,0.0,0.0,0.0,0.0,0.0,0.0,0.0,0.0,0.0,0.0,0.0,0.0,0.0,0.0,0.0,0.0,0.0,0.0,0.0,0.0,0.0,0.0,0.0,0.0,0.0,0.0,0.0,0.0,0.0,0.0,0.0,0.0,0.0,0.0,0.0,0.0,0.0,0.0,0.0,0.0,0.0,0.0,0.0,0.0,0.0,0.0,0.0,0.0,0.0,0.0,0.0,0.0,0.0,0.0,0.0,0.0,0.0,0.0,0.0,0.0,0.0,0.0,0.0
251,416,0.0,0.0,0.0,0.0,5.000000000000001e-10,1.0000000000000003e-09,1.874e-07,1.879e-07,1.0839799999999997e-05,1.0790799999999998e-05,0.0,0.0,0.0,1.0000000000000002e-10,0.0,1.6569999999999998e-07,8.750000000000001e-08,2.59492e-05,1.53074e-05,0.0004953805999999999,0.0,0.0,0.0,0.0,3.89e-08,0.0,2.0932999999999998e-05,4.743400000000001e-06,0.0015020068,0.0012054678999999999,0.0,0.0,0.0,0.0,0.0,5.6842e-06,0.0,0.0013004402,0.00045825710000000003,0.03697936819999999,0.0,0.0,0.0,0.0,0.0,0.0,0.00037071459999999995,0.0,0.045006069700000005,0.0354173578,0.0,0.0,0.0,0.0,0.0,0.0,0.0,0.0092179973,0.0,0.8590990948999999,0.0,0.0,0.0,0.0,0.0,0.0,0.0,0.0,0.008852928099999999,0.0,0.0,0.0,0.0,0.0,0.0,0.0,0.0,0.0,0.0,0.0,0.0,0.0,0.0,0.0,0.0,0.0,0.0,0.0,0.0,0.0,0.0,0.0,0.0,0.0,0.0,0.0,0.0,0.0,0.0,0.0
252,418,0.0,0.0,7.000000000000003e-14,2.1000000000000006e-13,6.098999999999999e-11,1.0044e-10,1.032084e-08,1.131186e-08,3.6768894e-07,3.8555933999999995e-07,0.0,1.0000000000000002e-14,0.0,3.601e-11,3.3e-11,1.4260409999999998e-08,9.67686e-09,1.20854124e-06,9.5557266e-07,1.4477321579999995e-05,0.0,0.0,5.83e-12,0.0,7.67955e-09,3.11274e-09,1.54174143e-06,7.8062502e-07,6.203150796e-05,5.486751761999999e-05,0.0,0.0,0.0,1.41717e-09,0.0,8.7835925e-07,2.2017642000000004e-07,9.314492415e-05,5.764407942e-05,0.0013455946971599995,0.0,0.0,0.0,0.0,1.8394594999999998e-07,0.0,5.864488565e-05,1.6894988580000004e-05,0.00321611296569,0.002731015316759999,0.0,0.0,0.0,0.0,0.0,1.3461926749999999e-05,0.0,0.00237224704179,0.0012041807562,0.053195136678269986,0.0,0.0,0.0,0.0,0.0,0.0,0.0005285198075699999,0.0,0.05936507996016999,0.04999159968788999,0.0,0.0,0.0,0.0,0.0,0.0,0.0,0.008844960464709999,0.0,0.80849808519655,0.0,0.0,0.0,0.0,0.0,0.0,0.0,0.0,0.008329720049289998,0.0,0.0,0.0,0.0,0.0,0.0,0.0,0.0,0.0,0.0,0.0
253,421,0.0,0.0,0.0,0.0,0.0,0.0,0.0,0.0,0.0,0.0,0.0,0.0,0.0,0.0,0.0,0.0,0.0,0.0,0.0,0.0,0.0,0.0,0.0,0.0,0.0,0.0,0.0,0.0,1.0,0.0,0.0,0.0,0.0,0.0,0.0,0.0,0.0,0.0,0.0,0.0,0.0,0.0,0.0,0.0,0.0,0.0,0.0,0.0,0.0,0.0,0.0,0.0,0.0,0.0,0.0,0.0,0.0,0.0,0.0,0.0,0.0,0.0,0.0,0.0,0.0,0.0,0.0,0.0,0.0,0.0,0.0,0.0,0.0,0.0,0.0,0.0,0.0,0.0,0.0,0.0,0.0,0.0,0.0,0.0,0.0,0.0,0.0,0.0,0.0,0.0,0.0,0.0,0.0,0.0,0.0,0.0,0.0,0.0,0.0,0.0
254,422,0.0,0.0,0.0,0.0,0.0,0.0,0.0,0.0,0.0,0.0,0.0,0.0,0.0,0.0,0.0,0.0,0.0,0.0,0.01,0.0,0.0,0.0,0.0,0.0,0.0,0.0,0.0,0.01,0.0,0.01,0.0,0.0,0.0,0.0,0.0,0.0,0.0,0.0,0.97,0.0,0.0,0.0,0.0,0.0,0.0,0.0,0.0,0.0,0.0,0.0,0.0,0.0,0.0,0.0,0.0,0.0,0.0,0.0,0.0,0.0,0.0,0.0,0.0,0.0,0.0,0.0,0.0,0.0,0.0,0.0,0.0,0.0,0.0,0.0,0.0,0.0,0.0,0.0,0.0,0.0,0.0,0.0,0.0,0.0,0.0,0.0,0.0,0.0,0.0,0.0,0.0,0.0,0.0,0.0,0.0,0.0,0.0,0.0,0.0,0.0
255,423,0.0,0.0,0.0,0.0,0.0,0.0,0.0,0.0,0.0001,0.0,0.0,0.0,0.0,0.0,0.0,0.0,0.0,0.0002,0.0,0.0098,0.0,0.0,0.0,0.0,0.0,0.0,0.0001,0.0,0.0196,0.0097,0.0,0.0,0.0,0.0,0.0,0.0,0.0,0.0098,0.0,0.941,0.0,0.0,0.0,0.0,0.0,0.0,0.0,0.0,0.0097,0.0,0.0,0.0,0.0,0.0,0.0,0.0,0.0,0.0,0.0,0.0,0.0,0.0,0.0,0.0,0.0,0.0,0.0,0.0,0.0,0.0,0.0,0.0,0.0,0.0,0.0,0.0,0.0,0.0,0.0,0.0,0.0,0.0,0.0,0.0,0.0,0.0,0.0,0.0,0.0,0.0,0.0,0.0,0.0,0.0,0.0,0.0,0.0,0.0,0.0,0.0
256,424,0.0,0.0,0.0,0.0,0.0,0.0,0.0,3.0000000000000005e-06,1.0000000000000002e-06,9.9e-05,0.0,0.0,0.0,0.0,0.0,0.0,3.0000000000000005e-06,0.0,0.000393,0.000195,0.0,0.0,0.0,0.0,0.0,1.0000000000000002e-06,0.0,0.000489,9.7e-05,0.019208999999999997,0.0,0.0,0.0,0.0,0.0,0.0,0.000195,0.0,0.028616999999999997,0.018819000000000002,0.0,0.0,0.0,0.0,0.0,0.0,0.0,0.009602999999999999,0.0,0.912867,0.0,0.0,0.0,0.0,0.0,0.0,0.0,0.0,0.009409,0.0,0.0,0.0,0.0,0.0,0.0,0.0,0.0,0.0,0.0,0.0,0.0,0.0,0.0,0.0,0.0,0.0,0.0,0.0,0.0,0.0,0.0,0.0,0.0,0.0,0.0,0.0,0.0,0.0,0.0,0.0,0.0,0.0,0.0,0.0,0.0,0.0,0.0,0.0,0.0,0.0
257,426,0.0,0.0,0.0,0.0,0.0,1.0000000000000003e-09,1.0000000000000003e-09,1.682e-07,1.283e-07,3.0683999999999997e-06,0.0,0.0,0.0,0.0,5.000000000000001e-10,0.0,2.7380000000000003e-07,8.74e-08,1.6512399999999998e-05,1.25047e-05,0.0,0.0,0.0,1.0000000000000002e-10,0.0,1.6569999999999998e-07,9.700000000000001e-09,2.8733199999999998e-05,1.2309799999999999e-05,0.0005818851999999999,0.0,0.0,0.0,0.0,3.89e-08,0.0,2.0932999999999998e-05,3.7637e-06,0.0015001443999999998,0.0011122993999999999,0.0,0.0,0.0,0.0,0.0,5.6842e-06,0.0,0.0013004401999999998,0.0005476426000000001,0.036889041799999994,0.0,0.0,0.0,0.0,0.0,0.0,0.00037071459999999995,0.0,0.0450060697,0.0354173578,0.0,0.0,0.0,0.0,0.0,0.0,0.0,0.0092179973,0.0,0.8590990948999999,0.0,0.0,0.0,0.0,0.0,0.0,0.0,0.0,0.008852928099999999,0.0,0.0,0.0,0.0,0.0,0.0,0.0,0.0,0.0,0.0,0.0,0.0,0.0,0.0,0.0,0.0,0.0,0.0,0.0,0.0,0.0
258,428,0.0,0.0,0.0,2.1000000000000006e-13,3.500000000000001e-13,9.844999999999999e-11,1.0250000000000001e-10,8.254100000000001e-09,7.6379e-09,9.659540000000002e-08,0.0,0.0,7.000000000000003e-14,0.0,9.363e-11,3.9780000000000004e-11,1.8183029999999998e-08,9.94374e-09,6.6109356e-07,5.686005000000001e-07,0.0,1.0000000000000002e-14,0.0,3.601e-11,9.700000000000001e-13,1.7146169999999998e-08,4.810299999999999e-09,1.5395469699999997e-06,9.4244266e-07,1.9070436459999997e-05,0.0,0.0,5.83e-12,0.0,7.67955e-09,5.645500000000001e-10,1.6768585499999998e-06,6.1575994e-07,6.903717097e-05,5.627358694e-05,0.0,0.0,0.0,1.41717e-09,0.0,8.783592499999999e-07,1.3690677e-07,9.571922655e-05,5.474008566e-05,0.0014233818169499997,0.0,0.0,0.0,0.0,1.8394594999999998e-07,0.0,5.864488564999999e-05,1.7707267550000003e-05,0.0032126083013699993,0.0026433348216499996,0.0,0.0,0.0,0.0,0.0,1.3461926749999999e-05,0.0,0.0023722470417899995,0.00128828357315,0.05311014856851,0.0,0.0,0.0,0.0,0.0,0.0,0.0005285198075699999,0.0,0.05936507996016998,0.04999159968788999,0.0,0.0,0.0,0.0,0.0,0.0,0.0,0.008844960464709999,0.0,0.80849808519655,0.0,0.0,0.0,0.0,0.0,0.0,0.0,0.0,0.008329720049289998,0.0
259,430,0.0,0.0,0.0,0.0,0.0,0.0,0.0,0.0,0.0,0.0,0.0,0.0,0.0,0.0,0.0,0.0,0.0,0.0,0.0,0.0,0.0,0.0,0.0,0.0,0.0,0.0,0.0,0.0,0.0,0.0,0.0,0.0,0.0,0.0,0.0,0.0,0.0,0.0,1.0,0.0,0.0,0.0,0.0,0.0,0.0,0.0,0.0,0.0,0.0,0.0,0.0,0.0,0.0,0.0,0.0,0.0,0.0,0.0,0.0,0.0,0.0,0.0,0.0,0.0,0.0,0.0,0.0,0.0,0.0,0.0,0.0,0.0,0.0,0.0,0.0,0.0,0.0,0.0,0.0,0.0,0.0,0.0,0.0,0.0,0.0,0.0,0.0,0.0,0.0,0.0,0.0,0.0,0.0,0.0,0.0,0.0,0.0,0.0,0.0,0.0
260,431,0.0,0.0,0.0,0.0,0.0,0.0,0.0,0.0,0.0,0.0,0.0,0.0,0.0,0.0,0.0,0.0,0.0,0.0,0.0,0.0,0.0,0.0,0.0,0.0,0.0,0.0,0.0,0.0,0.01,0.0,0.0,0.0,0.0,0.0,0.0,0.0,0.0,0.01,0.0,0.97,0.0,0.0,0.0,0.0,0.0,0.0,0.0,0.0,0.01,0.0,0.0,0.0,0.0,0.0,0.0,0.0,0.0,0.0,0.0,0.0,0.0,0.0,0.0,0.0,0.0,0.0,0.0,0.0,0.0,0.0,0.0,0.0,0.0,0.0,0.0,0.0,0.0,0.0,0.0,0.0,0.0,0.0,0.0,0.0,0.0,0.0,0.0,0.0,0.0,0.0,0.0,0.0,0.0,0.0,0.0,0.0,0.0,0.0,0.0,0.0
261,432,0.0,0.0,0.0,0.0,0.0,0.0,0.0,0.0,0.0,0.0,0.0,0.0,0.0,0.0,0.0,0.0,0.0,0.0,0.0001,0.0,0.0,0.0,0.0,0.0,0.0,0.0,0.0,0.0002,0.0,0.0098,0.0,0.0,0.0,0.0,0.0,0.0,0.0001,0.0,0.0196,0.0097,0.0,0.0,0.0,0.0,0.0,0.0,0.0,0.0098,0.0,0.941,0.0,0.0,0.0,0.0,0.0,0.0,0.0,0.0,0.0097,0.0,0.0,0.0,0.0,0.0,0.0,0.0,0.0,0.0,0.0,0.0,0.0,0.0,0.0,0.0,0.0,0.0,0.0,0.0,0.0,0.0,0.0,0.0,0.0,0.0,0.0,0.0,0.0,0.0,0.0,0.0,0.0,0.0,0.0,0.0,0.0,0.0,0.0,0.0,0.0,0.0
262,437,0.0,0.0,0.0,0.0,3.500000000000001e-13,3.500000000000001e-13,8.788999999999999e-11,6.326000000000001e-11,3.3062e-09,2.8916000000000002e-09,0.0,0.0,0.0,2.1000000000000006e-13,0.0,1.3205e-10,3.4980000000000005e-11,1.243071e-08,6.8343e-09,1.4517588000000002e-07,0.0,0.0,7.000000000000003e-14,0.0,9.363e-11,5.83e-12,2.0138549999999998e-08,6.362499999999999e-09,7.625604099999999e-07,5.8299142e-07,0.0,1.0000000000000002e-14,0.0,3.601e-11,9.700000000000001e-13,1.7146169999999998e-08,2.83441e-09,1.6027754499999998e-06,8.475999399999999e-07,1.9944626649999995e-05,0.0,0.0,5.83e-12,0.0,7.67955e-09,5.645500000000001e-10,1.6768585499999998e-06,5.5187283e-07,6.991333705e-05,5.533353374999999e-05,0.0,0.0,0.0,1.41717e-09,0.0,8.783592499999999e-07,1.3690677e-07,9.571922655e-05,5.385479285e-05,0.0014233818169499997,0.0,0.0,0.0,0.0,1.8394594999999998e-07,0.0,5.864488564999999e-05,1.7707267550000003e-05,0.0032126083013699993,0.0026433348216499996,0.0,0.0,0.0,0.0,0.0,1.3461926749999999e-05,0.0,0.0023722470417899995,0.00128828357315,0.05311014856851,0.0,0.0,0.0,0.0,0.0,0.0,0.0005285198075699999,0.0,0.05936507996016998,0.04999159968788999,0.0,0.0,0.0,0.0,0.0,0.0,0.0,0.008844960464709999,0.008329720049289998,0.80849808519655
263,438,0.0,0.0,0.0,0.0,0.0,0.0,0.0,0.0,0.0,0.0,0.0,0.0,0.0,0.0,0.0,0.0,0.0,0.0,0.0,0.0,0.0,0.0,0.0,0.0,0.0,0.0,0.0,0.0,0.0,0.0,0.0,0.0,0.0,0.0,0.0,0.0,0.0,0.0,0.0,0.0,0.0,0.0,0.0,0.0,0.0,0.0,0.0,0.0,0.0,0.0,0.0,0.0,0.0,0.0,0.0,0.0,0.0,0.0,1.0,0.0,0.0,0.0,0.0,0.0,0.0,0.0,0.0,0.0,0.0,0.0,0.0,0.0,0.0,0.0,0.0,0.0,0.0,0.0,0.0,0.0,0.0,0.0,0.0,0.0,0.0,0.0,0.0,0.0,0.0,0.0,0.0,0.0,0.0,0.0,0.0,0.0,0.0,0.0,0.0,0.0
264,439,0.0,0.0,0.0,0.0,0.0,0.0,0.0,0.0,0.0,0.0,0.0,0.0,0.0,0.0,0.0,0.0,0.0,0.0,0.0,0.0,0.0,0.0,0.0,0.0,0.0,0.0,0.0,0.0,0.0,0.0,0.0,0.0,0.0,0.0,0.0,0.0,0.0,0.0,0.0,0.0,0.0,0.0,0.0,0.0,0.0,0.0,0.0,0.0,0.01,0.0,0.0,0.0,0.0,0.0,0.0,0.0,0.0,0.01,0.0,0.97,0.0,0.0,0.0,0.0,0.0,0.0,0.0,0.0,0.01,0.0,0.0,0.0,0.0,0.0,0.0,0.0,0.0,0.0,0.0,0.0,0.0,0.0,0.0,0.0,0.0,0.0,0.0,0.0,0.0,0.0,0.0,0.0,0.0,0.0,0.0,0.0,0.0,0.0,0.0,0.0
265,440,0.0,0.0,0.0,0.0,0.0,0.0,0.0,0.0,0.0,0.0,0.0,0.0,0.0,0.0,0.0,0.0,0.0,0.0,0.0,0.0,0.0,0.0,0.0,0.0,0.0,0.0,0.0,0.0,0.0,0.0,0.0,0.0,0.0,0.0,0.0,0.0,0.0,0.0,0.0001,0.0,0.0,0.0,0.0,0.0,0.0,0.0,0.0,0.0002,0.0,0.0098,0.0,0.0,0.0,0.0,0.0,0.0,0.0001,0.0,0.0196,0.0097,0.0,0.0,0.0,0.0,0.0,0.0,0.0,0.0098,0.0,0.941,0.0,0.0,0.0,0.0,0.0,0.0,0.0,0.0,0.0097,0.0,0.0,0.0,0.0,0.0,0.0,0.0,0.0,0.0,0.0,0.0,0.0,0.0,0.0,0.0,0.0,0.0,0.0,0.0,0.0,0.0
266,441,0.0,0.0,0.0,0.0,0.0,0.0,0.0,0.0,0.0,0.0,0.0,0.0,0.0,0.0,0.0,0.0,0.0,0.0,0.0,0.0,0.0,0.0,0.0,0.0,0.0,0.0,0.0,0.0,1.0000000000000002e-06,0.0,0.0,0.0,0.0,0.0,0.0,0.0,0.0,3.0000000000000005e-06,0.0,9.9e-05,0.0,0.0,0.0,0.0,0.0,0.0,3.0000000000000005e-06,0.0,0.000393,0.000195,0.0,0.0,0.0,0.0,0.0,1.0000000000000002e-06,0.0,0.000489,9.7e-05,0.019208999999999997,0.0,0.0,0.0,0.0,0.0,0.0,0.000195,0.0,0.028616999999999997,0.018819000000000002,0.0,0.0,0.0,0.0,0.0,0.0,0.0,0.009602999999999999,0.0,0.912867,0.0,0.0,0.0,0.0,0.0,0.0,0.0,0.0,0.009409,0.0,0.0,0.0,0.0,0.0,0.0,0.0,0.0,0.0,0.0,0.0
267,443,0.0,0.0,0.0,0.0,0.0,0.0,0.0,0.0,1.0000000000000002e-10,0.0,0.0,0.0,0.0,0.0,0.0,0.0,0.0,5.000000000000001e-10,0.0,1.01e-08,0.0,0.0,0.0,0.0,0.0,0.0,1.0000000000000003e-09,0.0,7.93e-08,3.9399999999999995e-08,0.0,0.0,0.0,0.0,0.0,1.0000000000000003e-09,0.0,2.1620000000000002e-07,5.8599999999999995e-08,3.9986e-06,0.0,0.0,0.0,0.0,5.000000000000001e-10,0.0,2.7380000000000003e-07,3.89e-08,1.74436e-05,1.1524999999999999e-05,0.0,0.0,0.0,1.0000000000000002e-10,0.0,1.6569999999999998e-07,9.700000000000001e-09,2.8733199999999998e-05,1.1368899999999999e-05,0.0005818851999999999,0.0,0.0,0.0,0.0,3.89e-08,0.0,2.0932999999999998e-05,3.7637e-06,0.0015001443999999998,0.0011122993999999999,0.0,0.0,0.0,0.0,0.0,5.6842e-06,0.0,0.0013004401999999998,0.0005476426000000001,0.036889041799999994,0.0,0.0,0.0,0.0,0.0,0.0,0.00037071459999999995,0.0,0.0450060697,0.0354173578,0.0,0.0,0.0,0.0,0.0,0.0,0.0,0.0092179973,0.008852928099999999,0.8590990948999999
268,444,0.0,0.0,0.0,0.0,0.0,0.0,0.0,0.0,0.0,1.0,0.0,0.0,0.0,0.0,0.0,0.0,0.0,0.0,0.0,0.0,0.0,0.0,0.0,0.0,0.0,0.0,0.0,0.0,0.0,0.0,0.0,0.0,0.0,0.0,0.0,0.0,0.0,0.0,0.0,0.0,0.0,0.0,0.0,0.0,0.0,0.0,0.0,0.0,0.0,0.0,0.0,0.0,0.0,0.0,0.0,0.0,0.0,0.0,0.0,0.0,0.0,0.0,0.0,0.0,0.0,0.0,0.0,0.0,0.0,0.0,0.0,0.0,0.0,0.0,0.0,0.0,0.0,0.0,0.0,0.0,0.0,0.0,0.0,0.0,0.0,0.0,0.0,0.0,0.0,0.0,0.0,0.0,0.0,0.0,0.0,0.0,0.0,0.0,0.0,0.0
269,445,0.0,0.0,0.0,0.0,0.0,0.0,0.0,0.0,0.97,0.02,0.0,0.0,0.0,0.0,0.0,0.0,0.0,0.0,0.0,0.01,0.0,0.0,0.0,0.0,0.0,0.0,0.0,0.0,0.0,0.0,0.0,0.0,0.0,0.0,0.0,0.0,0.0,0.0,0.0,0.0,0.0,0.0,0.0,0.0,0.0,0.0,0.0,0.0,0.0,0.0,0.0,0.0,0.0,0.0,0.0,0.0,0.0,0.0,0.0,0.0,0.0,0.0,0.0,0.0,0.0,0.0,0.0,0.0,0.0,0.0,0.0,0.0,0.0,0.0,0.0,0.0,0.0,0.0,0.0,0.0,0.0,0.0,0.0,0.0,0.0,0.0,0.0,0.0,0.0,0.0,0.0,0.0,0.0,0.0,0.0,0.0,0.0,0.0,0.0,0.0
270,446,0.0,0.0,0.0,0.0,0.0,0.0,0.0,0.0097,0.0099,0.0102,0.0,0.0,0.0,0.0,0.0,0.0,0.0,0.0,0.941,0.0195,0.0,0.0,0.0,0.0,0.0,0.0,0.0,0.0,0.0,0.0097,0.0,0.0,0.0,0.0,0.0,0.0,0.0,0.0,0.0,0.0,0.0,0.0,0.0,0.0,0.0,0.0,0.0,0.0,0.0,0.0,0.0,0.0,0.0,0.0,0.0,0.0,0.0,0.0,0.0,0.0,0.0,0.0,0.0,0.0,0.0,0.0,0.0,0.0,0.0,0.0,0.0,0.0,0.0,0.0,0.0,0.0,0.0,0.0,0.0,0.0,0.0,0.0,0.0,0.0,0.0,0.0,0.0,0.0,0.0,0.0,0.0,0.0,0.0,0.0,0.0,0.0,0.0,0.0,0.0,0.0
271,447,0.0,0.0,0.0,0.0,0.0,0.0,9.7e-05,0.000196,0.009708,0.0004980000000000001,0.0,0.0,0.0,0.0,0.0,0.0,0.0,0.018819000000000002,0.009798000000000001,0.019596000000000002,0.0,0.0,0.0,0.0,0.0,0.0,0.0,0.0,0.912867,0.019011999999999998,0.0,0.0,0.0,0.0,0.0,0.0,0.0,0.0,0.0,0.009409,0.0,0.0,0.0,0.0,0.0,0.0,0.0,0.0,0.0,0.0,0.0,0.0,0.0,0.0,0.0,0.0,0.0,0.0,0.0,0.0,0.0,0.0,0.0,0.0,0.0,0.0,0.0,0.0,0.0,0.0,0.0,0.0,0.0,0.0,0.0,0.0,0.0,0.0,0.0,0.0,0.0,0.0,0.0,0.0,0.0,0.0,0.0,0.0,0.0,0.0,0.0,0.0,0.0,0.0,0.0,0.0,0.0,0.0,0.0,0.0
272,448,0.0,0.0,0.0,0.0,0.0,9.7e-07,2.93e-06,0.0002882,0.000202,0.000303,0.0,0.0,0.0,0.0,0.0,0.0,0.00028228000000000004,0.0002881,0.01892958,0.00096712,0.0,0.0,0.0,0.0,0.0,0.0,0.0,0.0273831,0.009694180000000002,0.028421000000000002,0.0,0.0,0.0,0.0,0.0,0.0,0.0,0.0,0.88557508,0.01853573,0.0,0.0,0.0,0.0,0.0,0.0,0.0,0.0,0.0,0.00912673,0.0,0.0,0.0,0.0,0.0,0.0,0.0,0.0,0.0,0.0,0.0,0.0,0.0,0.0,0.0,0.0,0.0,0.0,0.0,0.0,0.0,0.0,0.0,0.0,0.0,0.0,0.0,0.0,0.0,0.0,0.0,0.0,0.0,0.0,0.0,0.0,0.0,0.0,0.0,0.0,0.0,0.0,0.0,0.0,0.0,0.0,0.0,0.0,0.0,0.0
273,450,0.0,0.0,0.0,9.700000000000001e-11,4.870000000000001e-10,9.556200000000002e-08,2.02494e-07,1.2310203000000001e-05,1.3751661e-05,0.00021066041200000003,0.0,0.0,0.0,0.0,3.7734000000000006e-08,6.693300000000001e-08,1.6667817e-05,1.5214577999999998e-05,0.0010218600360000002,0.0010588934850000002,0.0,0.0,0.0,0.0,0.0,5.514063000000001e-06,3.821219e-06,0.00117059678,0.00075193605,0.028503633627,0.0,0.0,0.0,0.0,0.0,0.0,0.00035965000399999997,9.965110700000002e-05,0.043768533321,0.044918585982000006,0.0,0.0,0.0,0.0,0.0,0.0,0.0,0.008945164527,0.000364212981,0.8512228398179998,0.0,0.0,0.0,0.0,0.0,0.0,0.0,0.0,0.008679520229999998,0.008768049510999998,0.0,0.0,0.0,0.0,0.0,0.0,0.0,0.0,0.0,8.8529281e-05,0.0,0.0,0.0,0.0,0.0,0.0,0.0,0.0,0.0,0.0,0.0,0.0,0.0,0.0,0.0,0.0,0.0,0.0,0.0,0.0,0.0,0.0,0.0,0.0,0.0,0.0,0.0,0.0,0.0,0.0
274,451,0.0,0.0,9.700000000000001e-13,5.840000000000001e-12,1.3388000000000004e-09,3.6547600000000007e-09,2.9276076000000004e-07,4.1478936000000003e-07,1.2585823120000002e-05,1.4939659700000004e-05,0.0,0.0,0.0,4.714300000000001e-10,1.14172e-09,3.1489128000000007e-07,3.8744648e-07,3.403214324e-05,3.1599552300000005e-05,0.0005101844711200001,0.0,0.0,0.0,0.0,9.174261000000002e-08,1.0313720000000002e-07,3.152539096e-05,2.3312224420000002e-05,0.0017256318722000002,0.0017688682370400003,0.0,0.0,0.0,0.0,0.0,8.94514115e-06,4.7030935000000005e-06,0.00166621235512,0.0011832024692000002,0.0370476242094,0.0,0.0,0.0,0.0,0.0,0.0,0.0004383121491499999,0.00010030370360000002,0.051143952567119996,0.05217457942564001,0.0,0.0,0.0,0.0,0.0,0.0,0.0,0.008763604793489999,0.00044096708668,0.8258615156136798,0.0,0.0,0.0,0.0,0.0,0.0,0.0,0.0,0.008420019915909996,0.008505893318479996,0.0,0.0,0.0,0.0,0.0,0.0,0.0,0.0,0.0,8.587340257e-05,0.0,0.0,0.0,0.0,0.0,0.0,0.0,0.0,0.0,0.0,0.0,0.0,0.0,0.0,0.0,0.0,0.0,0.0,0.0,0.0
275,453,0.0,0.0,2.390340000000001e-13,9.673170000000002e-13,1.1575726800000002e-10,2.5636752000000003e-10,1.4330703264000002e-08,2.0349778344000004e-08,4.150188283800001e-07,4.924638303120002e-07,0.0,6.596100000000001e-14,2.3687700000000003e-13,8.512586400000002e-11,1.6575180000000003e-10,2.2534054020000002e-08,2.6864997384000003e-08,1.4900006159520002e-06,1.5671235520800004e-06,1.5088750312092002e-05,0.0,0.0,1.9232676000000005e-11,3.7957944000000006e-11,1.4117435976000003e-08,1.6270705026e-08,2.1111238072380002e-06,1.8922513041120002e-06,6.9259389919728e-05,7.2275671000008e-05,0.0,0.0,0.0,3.1178892360000004e-09,3.5454153780000006e-09,1.339262028492e-06,1.0493680287e-06,0.00011366592699783001,0.00010189539417252001,0.001377494104942656,0.0,0.0,0.0,0.0,3.03687574974e-07,1.9831217574000005e-07,7.7618330120652e-05,5.2251443823618e-05,0.0035501452434507238,0.0035998634300373126,0.0,0.0,0.0,0.0,0.0,1.7796099480893995e-05,6.4151292326580006e-06,0.002824471949924999,0.0022203382211015282,0.05305368907248727,0.0,0.0,0.0,0.0,0.0,0.0,0.0005832638361205318,0.00010378110553068001,0.06447897246066649,0.06528890463168598,0.0,0.0,0.0,0.0,0.0,0.0,0.0,0.008409032723903651,0.0005799288495759809,0.7773831458763488,0.0,0.0,0.0,0.0,0.0,0.0,0.0,0.0,0.007924062682889574,0.008004860967367687,0.0,0.0,0.0,0.0,0.0,0.0,0.0,0.0,0.0,8.079828447811299e-05
276,455,0.0,0.0,0.0,0.0,0.0,0.0,0.0,0.0,0.0,0.0,0.0,0.0,0.0,0.0,0.0,0.0,0.0,0.0,0.0,1.0,0.0,0.0,0.0,0.0,0.0,0.0,0.0,0.0,0.0,0.0,0.0,0.0,0.0,0.0,0.0,0.0,0.0,0.0,0.0,0.0,0.0,0.0,0.0,0.0,0.0,0.0,0.0,0.0,0.0,0.0,0.0,0.0,0.0,0.0,0.0,0.0,0.0,0.0,0.0,0.0,0.0,0.0,0.0,0.0,0.0,0.0,0.0,0.0,0.0,0.0,0.0,0.0,0.0,0.0,0.0,0.0,0.0,0.0,0.0,0.0,0.0,0.0,0.0,0.0,0.0,0.0,0.0,0.0,0.0,0.0,0.0,0.0,0.0,0.0,0.0,0.0,0.0,0.0,0.0,0.0
277,459,0.0,0.0,0.0,0.0,0.0,0.0,2.92e-06,2.98e-06,0.00038526,0.00039880000000000004,0.0,0.0,0.0,0.0,0.0,9.7e-07,1.0000000000000002e-08,0.00047632,9.800000000000001e-06,0.019490319999999995,0.0,0.0,0.0,0.0,0.0,0.0,0.00018916000000000004,1.96e-06,0.02786136,0.028049529999999996,0.0,0.0,0.0,0.0,0.0,0.0,0.0,0.00931686,9.797999999999998e-05,0.8951761599999999,0.0,0.0,0.0,0.0,0.0,0.0,0.0,0.0,0.00922276,0.00922276,0.0,0.0,0.0,0.0,0.0,0.0,0.0,0.0,0.0,9.409000000000002e-05,0.0,0.0,0.0,0.0,0.0,0.0,0.0,0.0,0.0,0.0,0.0,0.0,0.0,0.0,0.0,0.0,0.0,0.0,0.0,0.0,0.0,0.0,0.0,0.0,0.0,0.0,0.0,0.0,0.0,0.0,0.0,0.0,0.0,0.0,0.0,0.0,0.0,0.0,0.0,0.0
278,462,0.0,0.0,0.0,5.83e-12,1.4679999999999998e-11,3.45288e-09,4.68488e-09,3.651976399999999e-07,4.3081086e-07,5.3826666399999986e-06,0.0,0.0,9.700000000000001e-13,1.0000000000000002e-14,2.46097e-09,1.83252e-09,6.363302e-07,4.435691e-07,3.0508920299999995e-05,3.252449601999999e-05,0.0,0.0,0.0,4.714300000000001e-10,4.870000000000001e-12,4.1544723e-07,1.4422070000000003e-07,5.229737186e-05,4.010024946e-05,0.0008861811170799998,0.0,0.0,0.0,0.0,9.174261000000002e-08,9.5061e-10,3.6067843729999995e-05,1.2195714019999999e-05,0.0022579857512399996,0.0022571028145599997,0.0,0.0,0.0,0.0,0.0,8.94514115e-06,1.0218659000000001e-07,0.00176081693333,0.0010694773916399998,0.045169173803199986,0.0,0.0,0.0,0.0,0.0,0.0,0.00043831214915,7.238437789999999e-06,0.05122787284946999,0.05113938920211999,0.0,0.0,0.0,0.0,0.0,0.0,0.0,0.008763604793489999,0.00034978192724999994,0.81752648380753,0.0,0.0,0.0,0.0,0.0,0.0,0.0,0.0,0.008420019915909996,0.008420019915909996,0.0,0.0,0.0,0.0,0.0,0.0,0.0,0.0,0.0,8.587340257000001e-05,0.0,0.0,0.0,0.0,0.0,0.0,0.0,0.0,0.0,0.0
279,464,0.0,0.0,2.7320000000000002e-15,9.460559999999998e-13,1.92012e-12,2.41475268e-10,3.3079687199999994e-10,1.5780831695999998e-08,1.9650946608e-08,1.5954620732399998e-07,0.0,0.0,4.72497e-13,5.25764e-13,2.71467492e-10,2.33878878e-10,3.6869821662e-08,3.3206087112e-08,1.130472625788e-06,1.216535255604e-06,0.0,6.596100000000001e-14,0.0,1.2238035600000002e-10,6.4071138e-11,3.7140344910000004e-08,2.2335097758e-08,2.6964128763899996e-06,2.480335269576e-06,2.9085724068563994e-05,0.0,0.0,1.9232676000000005e-11,1.9894800000000003e-13,1.7578316436e-08,5.7808348019999995e-09,2.95187289183e-06,1.8774830180279998e-06,0.00010590694901809199,0.00010740005928717598,0.0,0.0,0.0,3.1178892360000004e-09,3.3242676e-11,1.531459163406e-06,4.82710834338e-07,0.00014395065819226797,0.00011749770436719599,0.0019092254680033792,0.0,0.0,0.0,0.0,3.03687574974e-07,3.600692574e-09,8.373604477745399e-05,3.7550559825426e-05,0.004210304711326931,0.004192610666028223,0.0,0.0,0.0,0.0,0.0,1.7796099480894e-05,2.71551248382e-07,0.002914279947859763,0.0020888082321463644,0.06051340753183799,0.0,0.0,0.0,0.0,0.0,0.0,0.000583263836120532,1.4438417496851999e-05,0.06439622484995004,0.06414974242255336,0.0,0.0,0.0,0.0,0.0,0.0,0.0,0.008409032723903651,0.0004924667890584359,0.7695390485059326,0.0,0.0,0.0,0.0,0.0,0.0,0.0,0.0,0.007924062682889574,0.008004860967367687
280,466,0.0,0.0,0.0,0.0,0.0,0.0,0.0,0.0,0.0,0.0,0.0,0.0,0.0,0.0,0.0,0.0,0.0,0.0,0.0,0.0,0.0,0.0,0.0,0.0,0.0,0.0,0.0,0.0,0.0,0.0,0.0,0.0,0.0,0.0,0.0,0.0,0.0,0.0,0.0,1.0,0.0,0.0,0.0,0.0,0.0,0.0,0.0,0.0,0.0,0.0,0.0,0.0,0.0,0.0,0.0,0.0,0.0,0.0,0.0,0.0,0.0,0.0,0.0,0.0,0.0,0.0,0.0,0.0,0.0,0.0,0.0,0.0,0.0,0.0,0.0,0.0,0.0,0.0,0.0,0.0,0.0,0.0,0.0,0.0,0.0,0.0,0.0,0.0,0.0,0.0,0.0,0.0,0.0,0.0,0.0,0.0,0.0,0.0,0.0,0.0
281,467,0.0,0.0,0.0,0.0,0.0,0.0,0.0,0.0,0.0,0.0,0.0,0.0,0.0,0.0,0.0,0.0,0.0,0.0,0.0,0.0,0.0,0.0,0.0,0.0,0.0,0.0,0.0,0.0,0.0,0.01,0.0,0.0,0.0,0.0,0.0,0.0,0.0,0.0,0.01,0.01,0.0,0.0,0.0,0.0,0.0,0.0,0.0,0.0,0.0,0.97,0.0,0.0,0.0,0.0,0.0,0.0,0.0,0.0,0.0,0.0,0.0,0.0,0.0,0.0,0.0,0.0,0.0,0.0,0.0,0.0,0.0,0.0,0.0,0.0,0.0,0.0,0.0,0.0,0.0,0.0,0.0,0.0,0.0,0.0,0.0,0.0,0.0,0.0,0.0,0.0,0.0,0.0,0.0,0.0,0.0,0.0,0.0,0.0,0.0,0.0
282,468,0.0,0.0,0.0,0.0,0.0,0.0,0.0,0.0,0.0,0.0,0.0,0.0,0.0,0.0,0.0,0.0,0.0,0.0,0.0,0.0001,0.0,0.0,0.0,0.0,0.0,0.0,0.0,0.0,0.0002,0.0002,0.0,0.0,0.0,0.0,0.0,0.0,0.0,0.0001,0.0001,0.0196,0.0,0.0,0.0,0.0,0.0,0.0,0.0,0.0,0.0194,0.0194,0.0,0.0,0.0,0.0,0.0,0.0,0.0,0.0,0.0,0.9409,0.0,0.0,0.0,0.0,0.0,0.0,0.0,0.0,0.0,0.0,0.0,0.0,0.0,0.0,0.0,0.0,0.0,0.0,0.0,0.0,0.0,0.0,0.0,0.0,0.0,0.0,0.0,0.0,0.0,0.0,0.0,0.0,0.0,0.0,0.0,0.0,0.0,0.0,0.0,0.0
283,469,0.0,0.0,0.0,0.0,0.0,0.0,0.0,0.0,0.0,1.0000000000000002e-06,0.0,0.0,0.0,0.0,0.0,0.0,0.0,0.0,3.0000000000000005e-06,3.0000000000000005e-06,0.0,0.0,0.0,0.0,0.0,0.0,0.0,3.0000000000000005e-06,3.0000000000000005e-06,0.00029699999999999996,0.0,0.0,0.0,0.0,0.0,0.0,1.0000000000000002e-06,1.0000000000000002e-06,0.000585,0.000585,0.0,0.0,0.0,0.0,0.0,0.0,0.0,0.000291,0.000291,0.028808999999999994,0.0,0.0,0.0,0.0,0.0,0.0,0.0,0.0,0.028227000000000002,0.028227000000000002,0.0,0.0,0.0,0.0,0.0,0.0,0.0,0.0,0.0,0.912673,0.0,0.0,0.0,0.0,0.0,0.0,0.0,0.0,0.0,0.0,0.0,0.0,0.0,0.0,0.0,0.0,0.0,0.0,0.0,0.0,0.0,0.0,0.0,0.0,0.0,0.0,0.0,0.0,0.0,0.0
284,470,0.0,0.0,0.0,0.0,0.0,0.0,0.0,0.0,4.000000000000001e-08,5.000000000000001e-08,0.0,0.0,0.0,0.0,0.0,0.0,0.0,6.000000000000001e-08,6.000000000000001e-08,4e-06,0.0,0.0,0.0,0.0,0.0,0.0,4.000000000000001e-08,4.000000000000001e-08,1.176e-05,1.1760000000000001e-05,0.0,0.0,0.0,0.0,0.0,1.0000000000000002e-08,1.0000000000000002e-08,1.1680000000000002e-05,1.1680000000000002e-05,0.0005878799999999999,0.0,0.0,0.0,0.0,0.0,0.0,3.88e-06,3.88e-06,0.00114072,0.00114072,0.0,0.0,0.0,0.0,0.0,0.0,0.0,0.0005645400000000001,0.0005645400000000001,0.037635999999999996,0.0,0.0,0.0,0.0,0.0,0.0,0.0,0.0,0.03650692,0.03650692,0.0,0.0,0.0,0.0,0.0,0.0,0.0,0.0,0.0,0.8852928099999999,0.0,0.0,0.0,0.0,0.0,0.0,0.0,0.0,0.0,0.0,0.0,0.0,0.0,0.0,0.0,0.0,0.0,0.0,0.0,0.0
285,473,0.0,0.0,0.0,0.0,0.0,0.0,0.0,0.0,0.0,0.0,0.0,0.0,0.0,0.0,0.0,0.0,0.0,0.0,0.0,0.0,0.0,0.0,0.0,0.0,0.0,0.0,0.0,0.0,0.0,0.0,0.0,0.0,0.0,0.0,0.0,0.0,0.0,0.0,0.0,0.0,0.0,0.0,0.0,0.0,0.0,0.0,0.0,0.0,0.0,1.0,0.0,0.0,0.0,0.0,0.0,0.0,0.0,0.0,0.0,0.0,0.0,0.0,0.0,0.0,0.0,0.0,0.0,0.0,0.0,0.0,0.0,0.0,0.0,0.0,0.0,0.0,0.0,0.0,0.0,0.0,0.0,0.0,0.0,0.0,0.0,0.0,0.0,0.0,0.0,0.0,0.0,0.0,0.0,0.0,0.0,0.0,0.0,0.0,0.0,0.0
286,477,0.0,0.0,0.0,0.0,0.0,0.0,0.0,0.0,0.0,1.0000000000000002e-08,0.0,0.0,0.0,0.0,0.0,0.0,0.0,0.0,4.000000000000001e-08,4.000000000000001e-08,0.0,0.0,0.0,0.0,0.0,0.0,0.0,6.000000000000001e-08,6.000000000000001e-08,4e-06,0.0,0.0,0.0,0.0,0.0,0.0,4.000000000000001e-08,4.000000000000001e-08,1.176e-05,1.1760000000000001e-05,0.0,0.0,0.0,0.0,0.0,1.0000000000000002e-08,1.0000000000000002e-08,1.1680000000000002e-05,1.1680000000000002e-05,0.0005878799999999999,0.0,0.0,0.0,0.0,0.0,0.0,3.88e-06,3.88e-06,0.00114072,0.00114072,0.0,0.0,0.0,0.0,0.0,0.0,0.0,0.0005645400000000001,0.0005645400000000001,0.037635999999999996,0.0,0.0,0.0,0.0,0.0,0.0,0.0,0.0,0.03650692,0.03650692,0.0,0.0,0.0,0.0,0.0,0.0,0.0,0.0,0.0,0.8852928099999999,0.0,0.0,0.0,0.0,0.0,0.0,0.0,0.0,0.0,0.0
287,479,0.0,0.0,0.0,0.0,0.0,0.0,0.0,0.0,0.0,0.0,0.0,0.0,0.0,0.0,0.0,0.0,0.0,0.0,0.0,0.0,0.0,0.0,0.0,0.0,0.0,0.0,0.0,0.0,0.0,0.0,0.0,0.0,0.0,0.0,0.0,0.0,0.0,0.0,0.0,0.0,0.0,0.0,0.0,0.0,0.0,0.0,0.0,0.0,0.0,0.0,0.0,0.0,0.0,0.0,0.0,0.0,0.0,0.0,0.0,1.0,0.0,0.0,0.0,0.0,0.0,0.0,0.0,0.0,0.0,0.0,0.0,0.0,0.0,0.0,0.0,0.0,0.0,0.0,0.0,0.0,0.0,0.0,0.0,0.0,0.0,0.0,0.0,0.0,0.0,0.0,0.0,0.0,0.0,0.0,0.0,0.0,0.0,0.0,0.0,0.0
288,480,0.0,0.0,0.0,0.0,0.0,0.0,0.0,0.0,0.0,0.0,0.0,0.0,0.0,0.0,0.0,0.0,0.0,0.0,0.0,0.0,0.0,0.0,0.0,0.0,0.0,0.0,0.0,0.0,0.0,0.0,0.0,0.0,0.0,0.0,0.0,0.0,0.0,0.0,0.0,0.0,0.0,0.0,0.0,0.0,0.0,0.0,0.0,0.0,0.0,0.01,0.0,0.0,0.0,0.0,0.0,0.0,0.0,0.0,0.01,0.01,0.0,0.0,0.0,0.0,0.0,0.0,0.0,0.0,0.0,0.97,0.0,0.0,0.0,0.0,0.0,0.0,0.0,0.0,0.0,0.0,0.0,0.0,0.0,0.0,0.0,0.0,0.0,0.0,0.0,0.0,0.0,0.0,0.0,0.0,0.0,0.0,0.0,0.0,0.0,0.0
289,481,0.0,0.0,0.0,0.0,0.0,0.0,0.0,0.0,0.0,0.0,0.0,0.0,0.0,0.0,0.0,0.0,0.0,0.0,0.0,0.0,0.0,0.0,0.0,0.0,0.0,0.0,0.0,0.0,0.0,0.0,0.0,0.0,0.0,0.0,0.0,0.0,0.0,0.0,0.0,0.0001,0.0,0.0,0.0,0.0,0.0,0.0,0.0,0.0,0.0002,0.0002,0.0,0.0,0.0,0.0,0.0,0.0,0.0,0.0001,0.0001,0.0196,0.0,0.0,0.0,0.0,0.0,0.0,0.0,0.0,0.0194,0.0194,0.0,0.0,0.0,0.0,0.0,0.0,0.0,0.0,0.0,0.9409,0.0,0.0,0.0,0.0,0.0,0.0,0.0,0.0,0.0,0.0,0.0,0.0,0.0,0.0,0.0,0.0,0.0,0.0,0.0,0.0
290,483,0.0,0.0,0.0,0.0,0.0,0.0,0.0,0.0,0.0,0.0,0.0,0.0,0.0,0.0,0.0,0.0,0.0,0.0,0.0,1.0000000000000002e-08,0.0,0.0,0.0,0.0,0.0,0.0,0.0,0.0,4.000000000000001e-08,4.000000000000001e-08,0.0,0.0,0.0,0.0,0.0,0.0,0.0,6.000000000000001e-08,6.000000000000001e-08,4e-06,0.0,0.0,0.0,0.0,0.0,0.0,4.000000000000001e-08,4.000000000000001e-08,1.176e-05,1.1760000000000001e-05,0.0,0.0,0.0,0.0,0.0,1.0000000000000002e-08,1.0000000000000002e-08,1.1680000000000002e-05,1.1680000000000002e-05,0.0005878799999999999,0.0,0.0,0.0,0.0,0.0,0.0,3.88e-06,3.88e-06,0.00114072,0.00114072,0.0,0.0,0.0,0.0,0.0,0.0,0.0,0.0005645400000000001,0.0005645400000000001,0.037635999999999996,0.0,0.0,0.0,0.0,0.0,0.0,0.0,0.0,0.03650692,0.03650692,0.0,0.0,0.0,0.0,0.0,0.0,0.0,0.0,0.0,0.8852928099999999
291,484,0.0,0.0,0.0,0.0,0.0,0.0,0.0,0.0,0.0,0.0,0.0,0.0,0.0,0.0,0.0,0.0,0.0,0.0,0.0,0.0,0.0,0.0,0.0,0.0,0.0,0.0,0.0,0.0,0.0,0.0,0.0,0.0,0.0,0.0,0.0,0.0,0.0,0.0,0.0,0.0,0.0,0.0,0.0,0.0,0.0,0.0,0.0,0.0,0.0,0.0,0.0,0.0,0.0,0.0,0.0,0.0,0.0,0.0,0.0,0.0,0.0,0.0,0.0,0.0,0.0,0.0,0.0,0.0,0.0,1.0,0.0,0.0,0.0,0.0,0.0,0.0,0.0,0.0,0.0,0.0,0.0,0.0,0.0,0.0,0.0,0.0,0.0,0.0,0.0,0.0,0.0,0.0,0.0,0.0,0.0,0.0,0.0,0.0,0.0,0.0
292,485,0.0,0.0,0.0,0.0,0.0,0.0,0.0,0.0,0.0,0.0,0.0,0.0,0.0,0.0,0.0,0.0,0.0,0.0,0.0,0.0,0.0,0.0,0.0,0.0,0.0,0.0,0.0,0.0,0.0,0.0,0.0,0.0,0.0,0.0,0.0,0.0,0.0,0.0,0.0,0.0,0.0,0.0,0.0,0.0,0.0,0.0,0.0,0.0,0.0,0.0,0.0,0.0,0.0,0.0,0.0,0.0,0.0,0.0,0.0,0.01,0.0,0.0,0.0,0.0,0.0,0.0,0.0,0.0,0.01,0.01,0.0,0.0,0.0,0.0,0.0,0.0,0.0,0.0,0.0,0.97,0.0,0.0,0.0,0.0,0.0,0.0,0.0,0.0,0.0,0.0,0.0,0.0,0.0,0.0,0.0,0.0,0.0,0.0,0.0,0.0
293,486,0.0,0.0,0.0,0.0,0.0,0.0,0.0,0.0,0.0,0.0,0.0,0.0,0.0,0.0,0.0,0.0,0.0,0.0,0.0,0.0,0.0,0.0,0.0,0.0,0.0,0.0,0.0,0.0,0.0,0.0,0.0,0.0,0.0,0.0,0.0,0.0,0.0,0.0,0.0,0.0,0.0,0.0,0.0,0.0,0.0,0.0,0.0,0.0,0.0,0.0001,0.0,0.0,0.0,0.0,0.0,0.0,0.0,0.0,0.0002,0.0002,0.0,0.0,0.0,0.0,0.0,0.0,0.0,0.0001,0.0001,0.0196,0.0,0.0,0.0,0.0,0.0,0.0,0.0,0.0,0.0194,0.0194,0.0,0.0,0.0,0.0,0.0,0.0,0.0,0.0,0.0,0.9409,0.0,0.0,0.0,0.0,0.0,0.0,0.0,0.0,0.0,0.0
294,488,0.0,0.0,0.0,0.0,0.0,0.0,0.0,0.0,0.0,0.0,0.0,0.0,0.0,0.0,0.0,0.0,0.0,0.0,0.0,0.0,0.0,0.0,0.0,0.0,0.0,0.0,0.0,0.0,0.0,0.0,0.0,0.0,0.0,0.0,0.0,0.0,0.0,0.0,0.0,0.0,0.0,0.0,0.0,0.0,0.0,0.0,0.0,0.0,0.0,0.0,0.0,0.0,0.0,0.0,0.0,0.0,0.0,0.0,0.0,0.0,0.0,0.0,0.0,0.0,0.0,0.0,0.0,0.0,0.0,0.0,0.0,0.0,0.0,0.0,0.0,0.0,0.0,0.0,0.0,1.0,0.0,0.0,0.0,0.0,0.0,0.0,0.0,0.0,0.0,0.0,0.0,0.0,0.0,0.0,0.0,0.0,0.0,0.0,0.0,0.0
295,489,0.0,0.0,0.0,0.0,0.0,0.0,0.0,0.0,0.0,0.0,0.0,0.0,0.0,0.0,0.0,0.0,0.0,0.0,0.0,0.0,0.0,0.0,0.0,0.0,0.0,0.0,0.0,0.0,0.0,0.0,0.0,0.0,0.0,0.0,0.0,0.0,0.0,0.0,0.0,0.0,0.0,0.0,0.0,0.0,0.0,0.0,0.0,0.0,0.0,0.0,0.0,0.0,0.0,0.0,0.0,0.0,0.0,0.0,0.0,0.0,0.0,0.0,0.0,0.0,0.0,0.0,0.0,0.0,0.0,0.01,0.0,0.0,0.0,0.0,0.0,0.0,0.0,0.0,0.01,0.01,0.0,0.0,0.0,0.0,0.0,0.0,0.0,0.0,0.0,0.97,0.0,0.0,0.0,0.0,0.0,0.0,0.0,0.0,0.0,0.0
296,490,0.0,0.0,0.0,0.0,0.0,0.0,0.0,0.0,0.0,0.0,0.0,0.0,0.0,0.0,0.0,0.0,0.0,0.0,0.0,0.0,0.0,0.0,0.0,0.0,0.0,0.0,0.0,0.0,0.0,0.0,0.0,0.0,0.0,0.0,0.0,0.0,0.0,0.0,0.0,0.0,0.0,0.0,0.0,0.0,0.0,0.0,0.0,0.0,0.0,0.0,0.0,0.0,0.0,0.0,0.0,0.0,0.0,0.0,0.0,0.0001,0.0,0.0,0.0,0.0,0.0,0.0,0.0,0.0,0.0002,0.0002,0.0,0.0,0.0,0.0,0.0,0.0,0.0,0.0001,0.0001,0.0196,0.0,0.0,0.0,0.0,0.0,0.0,0.0,0.0,0.0194,0.0194,0.0,0.0,0.0,0.0,0.0,0.0,0.0,0.0,0.0,0.9409
297,491,0.0,0.0,0.0,0.0,0.0,0.0,0.0,0.0,0.0,0.0,0.0,0.0,0.0,0.0,0.0,0.0,0.0,0.0,0.0,0.0,0.0,0.0,0.0,0.0,0.0,0.0,0.0,0.0,0.0,0.0,0.0,0.0,0.0,0.0,0.0,0.0,0.0,0.0,0.0,0.0,0.0,0.0,0.0,0.0,0.0,0.0,0.0,0.0,0.0,0.0,0.0,0.0,0.0,0.0,0.0,0.0,0.0,0.0,0.0,0.0,0.0,0.0,0.0,0.0,0.0,0.0,0.0,0.0,0.0,0.0,0.0,0.0,0.0,0.0,0.0,0.0,0.0,0.0,0.0,0.0,0.0,0.0,0.0,0.0,0.0,0.0,0.0,0.0,0.0,1.0,0.0,0.0,0.0,0.0,0.0,0.0,0.0,0.0,0.0,0.0
298,492,0.0,0.0,0.0,0.0,0.0,0.0,0.0,0.0,0.0,0.0,0.0,0.0,0.0,0.0,0.0,0.0,0.0,0.0,0.0,0.0,0.0,0.0,0.0,0.0,0.0,0.0,0.0,0.0,0.0,0.0,0.0,0.0,0.0,0.0,0.0,0.0,0.0,0.0,0.0,0.0,0.0,0.0,0.0,0.0,0.0,0.0,0.0,0.0,0.0,0.0,0.0,0.0,0.0,0.0,0.0,0.0,0.0,0.0,0.0,0.0,0.0,0.0,0.0,0.0,0.0,0.0,0.0,0.0,0.0,0.0,0.0,0.0,0.0,0.0,0.0,0.0,0.0,0.0,0.0,0.01,0.0,0.0,0.0,0.0,0.0,0.0,0.0,0.0,0.01,0.01,0.0,0.0,0.0,0.0,0.0,0.0,0.0,0.0,0.0,0.97
299,493,0.0,0.0,0.0,0.0,0.0,0.0,0.0,0.0,0.0,0.0,0.0,0.0,0.0,0.0,0.0,0.0,0.0,0.0,0.0,0.0,0.0,0.0,0.0,0.0,0.0,0.0,0.0,0.0,0.0,0.0,0.0,0.0,0.0,0.0,0.0,0.0,0.0,0.0,0.0,0.0,0.0,0.0,0.0,0.0,0.0,0.0,0.0,0.0,0.0,0.0,0.0,0.0,0.0,0.0,0.0,0.0,0.0,0.0,0.0,0.0,0.0,0.0,0.0,0.0,0.0,0.0,0.0,0.0,0.0,0.0,0.0,0.0,0.0,0.0,0.0,0.0,0.0,0.0,0.0,0.0,0.0,0.0,0.0,0.0,0.0,0.0,0.0,0.0,0.0,0.0,0.0,0.0,0.0,0.0,0.0,0.0,0.0,0.0,0.0,1.0
