belief_state,source_record,p_0_0,p_1_0,p_2_0,p_3_0,p_4_0,p_5_0,p_6_0,p_7_0,p_8_0,p_9_0,p_0_1,p_1_1,p_2_1,p_3_1,p_4_1,p_5_1,p_6_1,p_7_1,p_8_1,p_9_1,p_0_2,p_1_2,p_2_2,p_3_2,p_4_2,p_5_2,p_6_2,p_7_2,p_8_2,p_9_2,p_0_3,p_1_3,p_2_3,p_3_3,p_4_3,p_5_3,p_6_3,p_7_3,p_8_3,p_9_3,p_0_4,p_1_4,p_2_4,p_3_4,p_4_4,p_5_4,p_6_4,p_7_4,p_8_4,p_9_4,p_0_5,p_1_5,p_2_5,p_3_5,p_4_5,p_5_5,p_6_5,p_7_5,p_8_5,p_9_5,p_0_6,p_1_6,p_2_6,p_3_6,p_4_6,p_5_6,p_6_6,p_7_6,p_8_6,p_9_6,p_0_7,p_1_7,p_2_7,p_3_7,p_4_7,p_5_7,p_6_7,p_7_7,p_8_7,p_9_7,p_0_8,p_1_8,p_2_8,p_3_8,p_4_8,p_5_8,p_6_8,p_7_8,p_8_8,p_9_8,p_0_9,p_1_9,p_2_9,p_3_9,p_4_9,p_5_9,p_6_9,p_7_9,p_8_9,p_9_9
0,0,1.0,0.0,0.0,0.0,0.0,0.0,0.0,0.0,0.0,0.0,0.0,0.0,0.0,0.0,0.0,0.0,0.0,0.0,0.0,0.0,0.0,0.0,0.0,0.0,0.0,0.0,0.0,0.0,0.0,0.0,0.0,0.0,0.0,0.0,0.0,0.0,0.0,0.0,0.0,0.0,0.0,0.0,0.0,0.0,0.0,0.0,0.0,0.0,0.0,0.0,0.0,0.0,0.0,0.0,0.0,0.0,0.0,0.0,0.0,0.0,0.0,0.0,0.0,0.0,0.0,0.0,0.0,0.0,0.0,0.0,0.0,0.0,0.0,0.0,0.0,0.0,0.0,0.0,0.0,0.0,0.0,0.0,0.0,0.0,0.0,0.0,0.0,0.0,0.0,0.0,0.0,0.0,0.0,0.0,0.0,0.0,0.0,0.0,0.0,0.0
1,1,0.02,0.97,0.0,0.0,0.0,0.0,0.0,0.0,0.0,0.0,0.01,0.0,0.0,0.0,0.0,0.0,0.0,0.0,0.0,0.0,0.0,0.0,0.0,0.0,0.0,0.0,0.0,0.0,0.0,0.0,0.0,0.0,0.0,0.0,0.0,0.0,0.0,0.0,0.0,0.0,0.0,0.0,0.0,0.0,0.0,0.0,0.0,0.0,0.0,0.0,0.0,0.0,0.0,0.0,0.0,0.0,0.0,0.0,0.0,0.0,0.0,0.0,0.0,0.0,0.0,0.0,0.0,0.0,0.0,0.0,0.0,0.0,0.0,0.0,0.0,0.0,0.0,0.0,0.0,0.0,0.0,0.0,0.0,0.0,0.0,0.0,0.0,0.0,0.0,0.0,0.0,0.0,0.0,0.0,0.0,0.0,0.0,0.0,0.0,0.0
2,2,0.010199999999999999,0.0099,0.0097,0.0,0.0,0.0,0.0,0.0,0.0,0.0,0.0195,0.941,0.0,0.0,0.0,0.0,0.0,0.0,0.0,0.0,0.0097,0.0,0.0,0.0,0.0,0.0,0.0,0.0,0.0,0.0,0.0,0.0,0.0,0.0,0.0,0.0,0.0,0.0,0.0,0.0,0.0,0.0,0.0,0.0,0.0,0.0,0.0,0.0,0.0,0.0,0.0,0.0,0.0,0.0,0.0,0.0,0.0,0.0,0.0,0.0,0.0,0.0,0.0,0.0,0.0,0.0,0.0,0.0,0.0,0.0,0.0,0.0,0.0,0.0,0.0,0.0,0.0,0.0,0.0,0.0,0.0,0.0,0.0,0.0,0.0,0.0,0.0,0.0,0.0,0.0,0.0,0.0,0.0,0.0,0.0,0.0,0.0,0.0,0.0,0.0
3,3,0.000498,0.009708,0.000196,9.7e-05,0.0,0.0,0.0,0.0,0.0,0.0,0.019596,0.009798000000000001,0.018819000000000002,0.0,0.0,0.0,0.0,0.0,0.0,0.0,0.019011999999999998,0.912867,0.0,0.0,0.0,0.0,0.0,0.0,0.0,0.0,0.009409,0.0,0.0,0.0,0.0,0.0,0.0,0.0,0.0,0.0,0.0,0.0,0.0,0.0,0.0,0.0,0.0,0.0,0.0,0.0,0.0,0.0,0.0,0.0,0.0,0.0,0.0,0.0,0.0,0.0,0.0,0.0,0.0,0.0,0.0,0.0,0.0,0.0,0.0,0.0,0.0,0.0,0.0,0.0,0.0,0.0,0.0,0.0,0.0,0.0,0.0,0.0,0.0,0.0,0.0,0.0,0.0,0.0,0.0,0.0,0.0,0.0,0.0,0.0,0.0,0.0,0.0,0.0,0.0,0.0
4,4,0.000303,0.000202,0.0002882,2.93e-06,9.7e-07,0.0,0.0,0.0,0.0,0.0,0.0009671199999999999,0.01892958,0.0002881,0.00028228000000000004,0.0,0.0,0.0,0.0,0.0,0.0,0.028421,0.009694180000000002,0.0273831,0.0,0.0,0.0,0.0,0.0,0.0,0.0,0.01853573,0.88557508,0.0,0.0,0.0,0.0,0.0,0.0,0.0,0.0,0.00912673,0.0,0.0,0.0,0.0,0.0,0.0,0.0,0.0,0.0,0.0,0.0,0.0,0.0,0.0,0.0,0.0,0.0,0.0,0.0,0.0,0.0,0.0,0.0,0.0,0.0,0.0,0.0,0.0,0.0,0.0,0.0,0.0,0.0,0.0,0.0,0.0,0.0,0.0,0.0,0.0,0.0,0.0,0.0,0.0,0.0,0.0,0.0,0.0,0.0,0.0,0.0,0.0,0.0,0.0,0.0,0.0,0.0,0.0,0.0
5,5,1.77512e-05,0.00019722780000000002,7.8123e-06,5.743800000000001e-06,3.9000000000000005e-08,9.700000000000001e-09,0.0,0.0,0.0,0.0,0.0007770870000000001,0.00030543400000000004,0.0007455036,5.7230999999999995e-06,3.7637e-06,0.0,0.0,0.0,0.0,0.0,0.0015046155,0.027775484399999998,0.0003763988,0.0005476426000000001,0.0,0.0,0.0,0.0,0.0,0.0,0.0367007454,0.009588711900000001,0.0354173578,0.0,0.0,0.0,0.0,0.0,0.0,0.0,0.0180709254,0.8590990948999999,0.0,0.0,0.0,0.0,0.0,0.0,0.0,0.0,0.008852928099999999,0.0,0.0,0.0,0.0,0.0,0.0,0.0,0.0,0.0,0.0,0.0,0.0,0.0,0.0,0.0,0.0,0.0,0.0,0.0,0.0,0.0,0.0,0.0,0.0,0.0,0.0,0.0,0.0,0.0,0.0,0.0,0.0,0.0,0.0,0.0,0.0,0.0,0.0,0.0,0.0,0.0,0.0,0.0,0.0,0.0,0.0,0.0,0.0,0.0
6,6,1.0098172000000001e-05,5.282253000000001e-06,9.562875000000001e-06,1.93182e-07,9.5562e-08,4.870000000000001e-10,9.700000000000001e-11,0.0,0.0,0.0,4.3090029e-05,0.00048429171600000004,1.445349e-05,1.8540585000000002e-05,9.506100000000001e-08,4.7046e-08,0.0,0.0,0.0,0.0,0.0014135828430000001,0.00041096824200000006,0.00136054334,9.315394999999999e-06,9.127215e-06,0.0,0.0,0.0,0.0,0.0,0.002103080862,0.036254391849,0.000460993955,0.0008853869,0.0,0.0,0.0,0.0,0.0,0.0,0.044459952522,0.009481759797,0.04294582801499999,0.0,0.0,0.0,0.0,0.0,0.0,0.0,0.017617326919,0.833414651334,0.0,0.0,0.0,0.0,0.0,0.0,0.0,0.0,0.008587340256999998,0.0,0.0,0.0,0.0,0.0,0.0,0.0,0.0,0.0,0.0,0.0,0.0,0.0,0.0,0.0,0.0,0.0,0.0,0.0,0.0,0.0,0.0,0.0,0.0,0.0,0.0,0.0,0.0,0.0,0.0,0.0,0.0,0.0,0.0,0.0,0.0,0.0,0.0,0.0
7,7,6.8568626e-07,1.478659528e-05,5.365880880000001e-06,9.464282040000002e-06,1.8929764e-07,9.317144e-08,4.733600000000001e-10,9.409000000000001e-11,0.0,0.0,1.9510627600000003e-05,4.6104367980000005e-05,0.00048364943252000007,1.4115921679999999e-05,1.8077065680000003e-05,9.221404000000001e-08,4.563559e-08,0.0,0.0,0.0,3.9707219760000004e-05,0.00175216762676,0.00040348682314000006,0.0013288575868000002,9.036883759999999e-06,8.85386901e-06,0.0,0.0,0.0,0.0,0.00084231008076,0.0021435256560799996,0.035618677676080006,0.00044725729029999997,0.0008589165651500001,0.0,0.0,0.0,0.0,0.0,0.0007366212010000001,0.052252302658319996,0.00920191694264,0.04166630704354999,0.0,0.0,0.0,0.0,0.0,0.0,0.00904079271032,0.0171836247094,0.8088416700741299,0.0,0.0,0.0,0.0,0.0,0.0,0.0,0.00026204667176,0.016663866562629998,0.0,0.0,0.0,0.0,0.0,0.0,0.0,0.0,8.587340256999998e-05,0.0,0.0,0.0,0.0,0.0,0.0,0.0,0.0,0.0,0.0,0.0,0.0,0.0,0.0,0.0,0.0,0.0,0.0,0.0,0.0,0.0,0.0,0.0,0.0,0.0,0.0,0.0,0.0,0.0
8,8,3.5668595400000004e-07,1.3276841136000001e-06,1.9327793375999998e-05,5.442599467200001e-06,9.363948926400002e-06,1.8547729919999998e-07,9.083832720000001e-08,4.601001000000001e-10,9.12673e-11,0.0,1.0600790160000001e-06,4.1431345317600005e-05,4.89509231976e-05,0.0004827039388896001,1.3785627983999999e-05,1.762468047e-05,8.94523524e-08,4.42674632e-08,0.0,0.0,2.6536955548800003e-05,6.44471716392e-05,0.0020739144449112,0.00039608631940320004,0.0012978503341944,8.766699387599999e-06,8.588709295599998e-06,0.0,0.0,0.0,3.7621641576e-05,0.0017132722579488,0.0021797464969583995,0.03498865815775261,0.00043392994042859996,0.0008332376068856001,0.0,0.0,0.0,0.0,0.000628720266504,0.0009998132380512,0.059546000126508,0.0089303320072638,0.04042490699789499,0.0,0.0,0.0,0.0,0.0,0.0002722308529248,0.0175471473219612,0.0167601351375444,0.7849930830423415,0.0,0.0,0.0,0.0,0.0,0.0,0.00026052579347279995,0.0004260215187012,0.024252367266492398,0.0,0.0,0.0,0.0,0.0,0.0,0.0,3.4792007433e-06,0.00024993586611919997,0.0,0.0,0.0,0.0,0.0,0.0,0.0,0.0,8.587340256999999e-07,0.0,0.0,0.0,0.0,0.0,0.0,0.0,0.0,0.0,0.0,0.0,0.0,0.0,0.0,0.0,0.0,0.0,0.0,0.0
9,9,3.1011350376e-08,9.66853603452e-07,2.0250667506000002e-06,2.3723064447551997e-05,5.5126720252800005e-06,9.262040419572002e-06,1.8172048802099994e-07,8.856136569e-08,4.4720977000000006e-10,8.8529281e-11,6.938506583640001e-07,2.175534435024e-06,6.594786672984001e-05,5.1635540970216e-05,0.00048147121035882007,1.3462475434871999e-05,1.7183178206760002e-05,8.6773382829e-08,4.2940351977e-08,0.0,1.2966584778e-06,6.4027027364112e-05,8.8761593885616e-05,0.0023793891358722297,0.00038876855249910604,0.0012675093341350798,8.504592929496e-06,8.331490691363998e-06,0.0,0.0,2.4061511215776e-05,6.8933061395208e-05,0.002627959817502054,0.0022119575847206036,0.03436455836240977,0.0004209997092096179,0.0008083263657719881,0.0,0.0,0.0,1.938385999056e-05,0.0013979228555730601,0.00124852097732733,0.06636368660469265,0.008666761346450173,0.039220492164026996,0.0,0.0,0.0,0.0,0.000187086242348628,0.00044592362628002397,0.025708647406655787,0.016346634403490705,0.7618475396210501,0.0,0.0,0.0,0.0,0.0,9.622573658421e-06,0.0006732045242143439,0.000580842224515608,0.03137472707892104,0.0,0.0,0.0,0.0,0.0,0.0,5.147995943609999e-06,7.635039908013001e-06,0.00048496146280054795,0.0,0.0,0.0,0.0,0.0,0.0,0.0,4.3379347689999996e-08,3.332330666121e-06,0.0,0.0,0.0,0.0,0.0,0.0,0.0,0.0,8.587340256999999e-09,0.0,0.0,0.0,0.0,0.0,0.0,0.0,0.0,0.0
10,10,1.722726962568e-08,5.198466139452e-08,9.266285153144401e-07,8.289634419364799e-07,5.199689872512241e-06,2.8418908367745003e-07,2.6715500480043004e-07,3.575024463099999e-09,1.3203745671800002e-09,6.2426833200000015e-12,7.17414455766e-08,2.2445354428716e-06,3.39004144099056e-06,5.2279454643734334e-05,9.885957553563542e-06,2.664581643399144e-05,3.968072908523399e-07,3.4148061722031e-07,1.3015273051900001e-09,5.1527692234e-10,1.56688710918996e-06,3.70018153955952e-06,0.00011468319053532877,7.698135205216277e-05,0.0008471416423722262,2.1241329718208037e-05,3.7509354766541525e-05,1.6921611063909e-07,1.2496704833132999e-07,0.0,2.3815430494814397e-06,0.00010260565838609752,0.00012139286230347894,0.0033415695096421076,0.0004901026823279368,0.001973417823033115,1.24594522337073e-05,1.6164809628342958e-05,0.0,0.0,3.9383595458425195e-05,8.400335418933089e-05,0.0034838235916462073,0.002408218024451668,0.04200793879543518,0.0004950373313978311,0.0011762814964390983,0.0,0.0,0.0,2.522866861371393e-05,0.001621674551638056,0.0013847993505503734,0.07256208514761812,0.008570224850091575,0.045662352795316684,0.0,0.0,0.0,0.0,0.00018835340601633288,0.0004385269158724437,0.02526271691511547,0.01586204379363114,0.7393058607032078,0.0,0.0,0.0,0.0,0.0,9.4621606006615e-06,0.0006579428063820164,0.0005634933081792198,0.030438334881181417,0.0,0.0,0.0,0.0,0.0,0.0,5.027399038842379e-06,7.406422504249511e-06,0.0004704459422231927,0.0,0.0,0.0,0.0,0.0,0.0,0.0,5.049356071115999e-08,3.2324466195399394e-06,0.0,0.0,0.0,0.0,0.0,0.0,0.0,0.0
11,11,0.0,0.0,0.0,0.0,0.0,0.0,0.0,0.0,0.0,0.0,1.0,0.0,0.0,0.0,0.0,0.0,0.0,0.0,0.0,0.0,0.0,0.0,0.0,0.0,0.0,0.0,0.0,0.0,0.0,0.0,0.0,0.0,0.0,0.0,0.0,0.0,0.0,0.0,0.0,0.0,0.0,0.0,0.0,0.0,0.0,0.0,0.0,0.0,0.0,0.0,0.0,0.0,0.0,0.0,0.0,0.0,0.0,0.0,0.0,0.0,0.0,0.0,0.0,0.0,0.0,0.0,0.0,0.0,0.0,0.0,0.0,0.0,0.0,0.0,0.0,0.0,0.0,0.0,0.0,0.0,0.0,0.0,0.0,0.0,0.0,0.0,0.0,0.0,0.0,0.0,0.0,0.0,0.0,0.0,0.0,0.0,0.0,0.0,0.0,0.0
12,12,0.01,0.0,0.0,0.0,0.0,0.0,0.0,0.0,0.0,0.0,0.01,0.97,0.0,0.0,0.0,0.0,0.0,0.0,0.0,0.0,0.01,0.0,0.0,0.0,0.0,0.0,0.0,0.0,0.0,0.0,0.0,0.0,0.0,0.0,0.0,0.0,0.0,0.0,0.0,0.0,0.0,0.0,0.0,0.0,0.0,0.0,0.0,0.0,0.0,0.0,0.0,0.0,0.0,0.0,0.0,0.0,0.0,0.0,0.0,0.0,0.0,0.0,0.0,0.0,0.0,0.0,0.0,0.0,0.0,0.0,0.0,0.0,0.0,0.0,0.0,0.0,0.0,0.0,0.0,0.0,0.0,0.0,0.0,0.0,0.0,0.0,0.0,0.0,0.0,0.0,0.0,0.0,0.0,0.0,0.0,0.0,0.0,0.0,0.0,0.0
13,13,0.00030000000000000003,0.0098,0.0,0.0,0.0,0.0,0.0,0.0,0.0,0.0,0.0196,0.0001,0.0097,0.0,0.0,0.0,0.0,0.0,0.0,0.0,0.0098,0.941,0.0,0.0,0.0,0.0,0.0,0.0,0.0,0.0,0.0097,0.0,0.0,0.0,0.0,0.0,0.0,0.0,0.0,0.0,0.0,0.0,0.0,0.0,0.0,0.0,0.0,0.0,0.0,0.0,0.0,0.0,0.0,0.0,0.0,0.0,0.0,0.0,0.0,0.0,0.0,0.0,0.0,0.0,0.0,0.0,0.0,0.0,0.0,0.0,0.0,0.0,0.0,0.0,0.0,0.0,0.0,0.0,0.0,0.0,0.0,0.0,0.0,0.0,0.0,0.0,0.0,0.0,0.0,0.0,0.0,0.0,0.0,0.0,0.0,0.0,0.0,0.0,0.0,0.0
14,14,0.0003,0.000102,0.000195,0.0,0.0,0.0,0.0,0.0,0.0,0.0,0.000586,0.019208999999999997,1.0000000000000002e-06,9.7e-05,0.0,0.0,0.0,0.0,0.0,0.0,0.028616999999999997,0.000195,0.018819000000000002,0.0,0.0,0.0,0.0,0.0,0.0,0.0,0.009602999999999999,0.912867,0.0,0.0,0.0,0.0,0.0,0.0,0.0,0.0,0.009409,0.0,0.0,0.0,0.0,0.0,0.0,0.0,0.0,0.0,0.0,0.0,0.0,0.0,0.0,0.0,0.0,0.0,0.0,0.0,0.0,0.0,0.0,0.0,0.0,0.0,0.0,0.0,0.0,0.0,0.0,0.0,0.0,0.0,0.0,0.0,0.0,0.0,0.0,0.0,0.0,0.0,0.0,0.0,0.0,0.0,0.0,0.0,0.0,0.0,0.0,0.0,0.0,0.0,0.0,0.0,0.0,0.0,0.0,0.0
15,15,1.288e-05,0.00019805999999999996,2.98e-06,2.92e-06,0.0,0.0,0.0,0.0,0.0,0.0,0.0007751199999999999,0.00010675999999999999,0.0005704,1.0000000000000002e-08,9.7e-07,0.0,0.0,0.0,0.0,0.0,0.00095257,0.02823576,2.92e-06,0.00028228000000000004,0.0,0.0,0.0,0.0,0.0,0.0,0.03707728,0.00028518,0.0273831,0.0,0.0,0.0,0.0,0.0,0.0,0.0,0.009408999999999999,0.88557508,0.0,0.0,0.0,0.0,0.0,0.0,0.0,0.0,0.00912673,0.0,0.0,0.0,0.0,0.0,0.0,0.0,0.0,0.0,0.0,0.0,0.0,0.0,0.0,0.0,0.0,0.0,0.0,0.0,0.0,0.0,0.0,0.0,0.0,0.0,0.0,0.0,0.0,0.0,0.0,0.0,0.0,0.0,0.0,0.0,0.0,0.0,0.0,0.0,0.0,0.0,0.0,0.0,0.0,0.0,0.0,0.0,0.0,0.0
16,16,9.989399999999998e-06,3.2067999999999995e-06,7.743599999999998e-06,5.909999999999999e-08,3.89e-08,0.0,0.0,0.0,0.0,0.0,3.08381e-05,0.00048793099999999993,3.9874999999999995e-06,1.1368899999999999e-05,1.0000000000000002e-10,9.700000000000001e-09,0.0,0.0,0.0,0.0,0.0014145224999999998,0.00011596389999999998,0.0011122993999999999,3.89e-08,3.7637e-06,0.0,0.0,0.0,0.0,0.0,0.0013917075,0.036889041799999994,5.6842e-06,0.0005476426000000001,0.0,0.0,0.0,0.0,0.0,0.0,0.0450060697,0.00037071459999999995,0.0354173578,0.0,0.0,0.0,0.0,0.0,0.0,0.0,0.0092179973,0.8590990948999999,0.0,0.0,0.0,0.0,0.0,0.0,0.0,0.0,0.008852928099999999,0.0,0.0,0.0,0.0,0.0,0.0,0.0,0.0,0.0,0.0,0.0,0.0,0.0,0.0,0.0,0.0,0.0,0.0,0.0,0.0,0.0,0.0,0.0,0.0,0.0,0.0,0.0,0.0,0.0,0.0,0.0,0.0,0.0,0.0,0.0,0.0,0.0,0.0,0.0
17,17,5.402369999999999e-07,1.4678531999999996e-05,3.2284979999999996e-06,7.625960999999998e-06,5.7716999999999993e-08,3.7829999999999995e-08,0.0,0.0,0.0,0.0,1.9432809999999995e-05,3.1144539e-05,0.00048460718899999997,3.868856e-06,1.1065956e-05,9.700000000000001e-11,9.409e-09,0.0,0.0,0.0,2.953032e-05,0.0017569795469999996,0.00011258208899999998,0.00108455817,3.7734e-08,3.650886e-06,0.0,0.0,0.0,0.0,0.0008470134149999999,0.0013548799019999999,0.036153143544,5.514063e-06,0.000531250959,0.0,0.0,0.0,0.0,0.0,0.000559864891,0.05296994255399999,0.00035965000399999997,0.034360313492,0.0,0.0,0.0,0.0,0.0,0.0,0.009221760899999999,0.008945164527,0.833680295631,0.0,0.0,0.0,0.0,0.0,0.0,0.0,0.000180709254,0.017178331206,0.0,0.0,0.0,0.0,0.0,0.0,0.0,0.0,8.8529281e-05,0.0,0.0,0.0,0.0,0.0,0.0,0.0,0.0,0.0,0.0,0.0,0.0,0.0,0.0,0.0,0.0,0.0,0.0,0.0,0.0,0.0,0.0,0.0,0.0,0.0,0.0,0.0,0.0,0.0
18,18,3.5191815999999993e-07,1.01454558e-06,1.9192792519999993e-05,3.2471683999999997e-06,7.5087971999999975e-06,5.636475999999999e-08,3.678919e-08,0.0,0.0,0.0,8.0647906e-07,4.141247837999999e-05,3.140699726e-05,0.00048110147419999996,3.7537458e-06,1.0770958570000001e-05,9.409000000000001e-11,9.12673e-09,0.0,0.0,2.6529560919999996e-05,4.3630475699999995e-05,0.0020814932496199994,0.00010929883285999997,0.0010574811029099998,3.660295e-08,3.54145351e-06,0.0,0.0,0.0,2.791288528e-05,0.0017304036689999999,0.0013190109664999998,0.03542831046389001,5.34901845e-06,0.0005153499390899999,0.0,0.0,0.0,0.0,0.0006359858175999999,0.0006496658885999999,0.06042278180404999,0.00034891564450999994,0.03333481659683,0.0,0.0,0.0,0.0,0.0,0.00018907499571999998,0.01798339376691,0.00868040609123,0.80901348989699,0.0,0.0,0.0,0.0,0.0,0.0,0.00026669330641,0.00026473962165,0.02499978422613,0.0,0.0,0.0,0.0,0.0,0.0,0.0,2.6923853500000003e-06,0.00025765671463,0.0,0.0,0.0,0.0,0.0,0.0,0.0,0.0,8.8529281e-07,0.0,0.0,0.0,0.0,0.0,0.0,0.0,0.0,0.0,0.0,0.0,0.0,0.0,0.0,0.0,0.0,0.0,0.0,0.0
19,22,0.0,0.0,0.0,0.0,0.0,0.0,0.0,0.0,0.0,0.0,0.0,0.0,0.0,0.0,0.0,0.0,0.0,0.0,0.0,0.0,0.0,0.0,0.0,0.0,0.0,0.0,0.0,0.0,0.0,0.0,1.0,0.0,0.0,0.0,0.0,0.0,0.0,0.0,0.0,0.0,0.0,0.0,0.0,0.0,0.0,0.0,0.0,0.0,0.0,0.0,0.0,0.0,0.0,0.0,0.0,0.0,0.0,0.0,0.0,0.0,0.0,0.0,0.0,0.0,0.0,0.0,0.0,0.0,0.0,0.0,0.0,0.0,0.0,0.0,0.0,0.0,0.0,0.0,0.0,0.0,0.0,0.0,0.0,0.0,0.0,0.0,0.0,0.0,0.0,0.0,0.0,0.0,0.0,0.0,0.0,0.0,0.0,0.0,0.0,0.0
20,23,0.0,0.0,0.0,0.0,0.0,0.0,0.0,0.0,0.0,0.0,0.0,0.0,0.0,0.0,0.0,0.0,0.0,0.0,0.0,0.0,0.01,0.0,0.0,0.0,0.0,0.0,0.0,0.0,0.0,0.0,0.01,0.97,0.0,0.0,0.0,0.0,0.0,0.0,0.0,0.0,0.01,0.0,0.0,0.0,0.0,0.0,0.0,0.0,0.0,0.0,0.0,0.0,0.0,0.0,0.0,0.0,0.0,0.0,0.0,0.0,0.0,0.0,0.0,0.0,0.0,0.0,0.0,0.0,0.0,0.0,0.0,0.0,0.0,0.0,0.0,0.0,0.0,0.0,0.0,0.0,0.0,0.0,0.0,0.0,0.0,0.0,0.0,0.0,0.0,0.0,0.0,0.0,0.0,0.0,0.0,0.0,0.0,0.0,0.0,0.0
21,24,0.0,0.0,0.0,0.0,0.0,0.0,0.0,0.0,0.0,0.0,0.0001,0.0,0.0,0.0,0.0,0.0,0.0,0.0,0.0,0.0,0.0002,0.0098,0.0,0.0,0.0,0.0,0.0,0.0,0.0,0.0,0.0196,0.0001,0.0097,0.0,0.0,0.0,0.0,0.0,0.0,0.0,0.0098,0.941,0.0,0.0,0.0,0.0,0.0,0.0,0.0,0.0,0.0097,0.0,0.0,0.0,0.0,0.0,0.0,0.0,0.0,0.0,0.0,0.0,0.0,0.0,0.0,0.0,0.0,0.0,0.0,0.0,0.0,0.0,0.0,0.0,0.0,0.0,0.0,0.0,0.0,0.0,0.0,0.0,0.0,0.0,0.0,0.0,0.0,0.0,0.0,0.0,0.0,0.0,0.0,0.0,0.0,0.0,0.0,0.0,0.0,0.0
22,25,1.0000000000000002e-06,0.0,0.0,0.0,0.0,0.0,0.0,0.0,0.0,0.0,3.0000000000000005e-06,9.9e-05,0.0,0.0,0.0,0.0,0.0,0.0,0.0,0.0,0.000393,3.0000000000000005e-06,0.000195,0.0,0.0,0.0,0.0,0.0,0.0,0.0,0.000489,0.019208999999999997,1.0000000000000002e-06,9.7e-05,0.0,0.0,0.0,0.0,0.0,0.0,0.028616999999999997,0.000195,0.018819000000000002,0.0,0.0,0.0,0.0,0.0,0.0,0.0,0.009602999999999999,0.912867,0.0,0.0,0.0,0.0,0.0,0.0,0.0,0.0,0.009409,0.0,0.0,0.0,0.0,0.0,0.0,0.0,0.0,0.0,0.0,0.0,0.0,0.0,0.0,0.0,0.0,0.0,0.0,0.0,0.0,0.0,0.0,0.0,0.0,0.0,0.0,0.0,0.0,0.0,0.0,0.0,0.0,0.0,0.0,0.0,0.0,0.0,0.0,0.0
23,26,5.000000000000001e-08,1.96e-06,0.0,0.0,0.0,0.0,0.0,0.0,0.0,0.0,4.96e-06,2.9400000000000007e-06,9.797999999999998e-05,0.0,0.0,0.0,0.0,0.0,0.0,0.0,8.88e-06,0.00057624,2.9200000000000004e-06,0.00019012,0.0,0.0,0.0,0.0,0.0,0.0,0.00048708,0.00047631999999999997,0.018823839999999998,9.7e-07,9.409e-05,0.0,0.0,0.0,0.0,0.0,0.00038904,0.03726744,0.00018915999999999998,0.0182554,0.0,0.0,0.0,0.0,0.0,0.0,0.00960496,0.00931686,0.88566918,0.0,0.0,0.0,0.0,0.0,0.0,0.0,0.00019012,0.018255399999999998,0.0,0.0,0.0,0.0,0.0,0.0,0.0,0.0,9.409000000000002e-05,0.0,0.0,0.0,0.0,0.0,0.0,0.0,0.0,0.0,0.0,0.0,0.0,0.0,0.0,0.0,0.0,0.0,0.0,0.0,0.0,0.0,0.0,0.0,0.0,0.0,0.0,0.0,0.0,0.0
24,27,7.019999999999999e-08,9.750000000000002e-08,2.881e-06,0.0,0.0,0.0,0.0,0.0,0.0,0.0,1.6830000000000002e-07,1.1573e-05,2.8810000000000005e-06,9.694179999999997e-05,0.0,0.0,0.0,0.0,0.0,0.0,1.07716e-05,1.34354e-05,0.0007500721999999999,2.8421000000000003e-06,0.0001853573,0.0,0.0,0.0,0.0,0.0,1.36132e-05,0.0010391428,0.00046396089999999995,0.0184445209,9.409e-07,9.12673e-05,0.0,0.0,0.0,0.0,0.0004774852,0.0004771922,0.045376901,0.00018349489999999998,0.0177086789,0.0,0.0,0.0,0.0,0.0,0.00019500979999999998,0.0187287314,0.0090392458,0.8592816585999999,0.0,0.0,0.0,0.0,0.0,0.0,0.0002814456999999999,0.000277585,0.026564429799999997,0.0,0.0,0.0,0.0,0.0,0.0,0.0,2.8421000000000003e-06,0.0002738213,0.0,0.0,0.0,0.0,0.0,0.0,0.0,0.0,9.409000000000002e-07,0.0,0.0,0.0,0.0,0.0,0.0,0.0,0.0,0.0,0.0,0.0,0.0,0.0,0.0,0.0,0.0,0.0,0.0,0.0
25,29,4.475639999999999e-09,6.97256e-09,2.3854552e-07,6.739174e-08,9.965110699999994e-07,0.0,0.0,0.0,0.0,0.0,1.3271200000000001e-08,6.912699599999999e-07,3.5642473999999995e-07,1.3955569489999999e-05,5.589237000000001e-08,2.76596373e-06,0.0,0.0,0.0,0.0,6.6151952e-07,7.2616582e-07,4.510279743e-05,7.46240403e-06,0.00028467636339,3.678919e-08,2.6923853500000003e-06,0.0,0.0,0.0,8.6642666e-07,5.543966185e-05,2.7541392569999995e-05,0.00161433973017,8.991528489999998e-06,0.0005286669643300001,9.12673e-09,8.8529281e-07,0.0,0.0,2.8178505369999995e-05,3.065293023e-05,0.00241970945631,0.0005334338693099999,0.026567192852670007,2.6652874299999996e-06,0.00025765671463,0.0,0.0,0.0,1.619896671e-05,0.00136521612639,0.0006371176766899999,0.06033604136212999,0.00026035851189,0.02499978422613,0.0,0.0,0.0,0.0,0.00019834023417,0.00028221425813,0.02701092873749,0.008510402772829998,0.8090134898969898,0.0,0.0,0.0,0.0,0.0,7.4533713899999986e-06,0.0007122169128299998,0.00034891573763,0.03333481659683,0.0,0.0,0.0,0.0,0.0,0.0,5.459766249999998e-06,5.36708469e-06,0.0005153499390899999,0.0,0.0,0.0,0.0,0.0,0.0,0.0,4.5915920000000007e-08,3.54145351e-06,0.0,0.0,0.0,0.0,0.0,0.0,0.0,0.0
26,33,0.0,0.0,0.0,0.0,0.0,0.0,0.0,0.0,0.0,0.0,0.0,0.0,0.0,0.0,0.0,0.0,0.0,0.0,0.0,0.0,0.0,0.0,0.0,0.0,0.0,0.0,0.0,0.0,0.0,0.0,0.0,0.0,0.0,0.0,0.0,0.0,0.0,0.0,0.0,0.0,1.0,0.0,0.0,0.0,0.0,0.0,0.0,0.0,0.0,0.0,0.0,0.0,0.0,0.0,0.0,0.0,0.0,0.0,0.0,0.0,0.0,0.0,0.0,0.0,0.0,0.0,0.0,0.0,0.0,0.0,0.0,0.0,0.0,0.0,0.0,0.0,0.0,0.0,0.0,0.0,0.0,0.0,0.0,0.0,0.0,0.0,0.0,0.0,0.0,0.0,0.0,0.0,0.0,0.0,0.0,0.0,0.0,0.0,0.0,0.0
27,34,0.0,0.0,0.0,0.0,0.0,0.0,0.0,0.0,0.0,0.0,0.0,0.0,0.0,0.0,0.0,0.0,0.0,0.0,0.0,0.0,0.0,0.0,0.0,0.0,0.0,0.0,0.0,0.0,0.0,0.0,0.01,0.0,0.0,0.0,0.0,0.0,0.0,0.0,0.0,0.0,0.01,0.97,0.0,0.0,0.0,0.0,0.0,0.0,0.0,0.0,0.01,0.0,0.0,0.0,0.0,0.0,0.0,0.0,0.0,0.0,0.0,0.0,0.0,0.0,0.0,0.0,0.0,0.0,0.0,0.0,0.0,0.0,0.0,0.0,0.0,0.0,0.0,0.0,0.0,0.0,0.0,0.0,0.0,0.0,0.0,0.0,0.0,0.0,0.0,0.0,0.0,0.0,0.0,0.0,0.0,0.0,0.0,0.0,0.0,0.0
28,35,0.0,0.0,0.0,0.0,0.0,0.0,0.0,0.0,0.0,0.0,0.0,0.0,0.0,0.0,0.0,0.0,0.0,0.0,0.0,0.0,0.0001,0.0,0.0,0.0,0.0,0.0,0.0,0.0,0.0,0.0,0.0002,0.0098,0.0,0.0,0.0,0.0,0.0,0.0,0.0,0.0,0.0196,0.0001,0.0097,0.0,0.0,0.0,0.0,0.0,0.0,0.0,0.0098,0.941,0.0,0.0,0.0,0.0,0.0,0.0,0.0,0.0,0.0097,0.0,0.0,0.0,0.0,0.0,0.0,0.0,0.0,0.0,0.0,0.0,0.0,0.0,0.0,0.0,0.0,0.0,0.0,0.0,0.0,0.0,0.0,0.0,0.0,0.0,0.0,0.0,0.0,0.0,0.0,0.0,0.0,0.0,0.0,0.0,0.0,0.0,0.0,0.0
29,36,0.0,0.0,0.0,0.0,0.0,0.0,0.0,0.0,0.0,0.0,1.0000000000000002e-06,0.0,0.0,0.0,0.0,0.0,0.0,0.0,0.0,0.0,3.0000000000000005e-06,0.000195,0.0,0.0,0.0,0.0,0.0,0.0,0.0,0.0,0.000297,0.000195,0.009602999999999999,0.0,0.0,0.0,0.0,0.0,0.0,0.0,0.00029699999999999996,0.028616999999999997,9.7e-05,0.009409,0.0,0.0,0.0,0.0,0.0,0.0,0.009801,0.009506999999999998,0.912867,0.0,0.0,0.0,0.0,0.0,0.0,0.0,0.000195,0.018819000000000002,0.0,0.0,0.0,0.0,0.0,0.0,0.0,0.0,9.7e-05,0.0,0.0,0.0,0.0,0.0,0.0,0.0,0.0,0.0,0.0,0.0,0.0,0.0,0.0,0.0,0.0,0.0,0.0,0.0,0.0,0.0,0.0,0.0,0.0,0.0,0.0,0.0,0.0,0.0
30,37,1.0000000000000002e-08,0.0,0.0,0.0,0.0,0.0,0.0,0.0,0.0,0.0,4.000000000000001e-08,2.92e-06,0.0,0.0,0.0,0.0,0.0,0.0,0.0,0.0,4.96e-06,4.860000000000001e-06,0.00028518,0.0,0.0,0.0,0.0,0.0,0.0,0.0,7.92e-06,0.0006722400000000001,0.00019012,0.009408999999999999,0.0,0.0,0.0,0.0,0.0,0.0,0.00039011999999999993,0.00038607999999999996,0.03707728,9.409e-05,0.00912673,0.0,0.0,0.0,0.0,0.0,0.00019799999999999996,0.019110000000000002,0.009222759999999997,0.88557508,0.0,0.0,0.0,0.0,0.0,0.0,0.00028912,0.00028421999999999996,0.0273831,0.0,0.0,0.0,0.0,0.0,0.0,0.0,2.92e-06,0.00028228000000000004,0.0,0.0,0.0,0.0,0.0,0.0,0.0,0.0,9.7e-07,0.0,0.0,0.0,0.0,0.0,0.0,0.0,0.0,0.0,0.0,0.0,0.0,0.0,0.0,0.0,0.0,0.0,0.0,0.0
31,38,6.000000000000002e-10,3.89e-08,0.0,0.0,0.0,0.0,0.0,0.0,0.0,0.0,7.929999999999999e-08,8.740000000000001e-08,5.6842e-06,0.0,0.0,0.0,0.0,0.0,0.0,0.0,1.7780000000000004e-07,1.4414600000000001e-05,6.615400000000001e-06,0.00037071459999999995,0.0,0.0,0.0,0.0,0.0,0.0,1.07524e-05,1.3492999999999998e-05,0.0011197873999999998,0.0001853573,0.0092179973,0.0,0.0,0.0,0.0,0.0,9.821199999999997e-06,0.0009470116,0.00046956729999999994,0.0450060697,9.12673e-05,0.008852928099999999,0.0,0.0,0.0,0.0,0.00019987240000000003,0.0002909905999999999,0.028037054599999996,0.008947018099999995,0.8590990948999999,0.0,0.0,0.0,0.0,0.0,7.7426e-06,0.0007482002000000001,0.0003679209999999999,0.0354173578,0.0,0.0,0.0,0.0,0.0,0.0,5.752900000000001e-06,5.6746e-06,0.0005476426000000001,0.0,0.0,0.0,0.0,0.0,0.0,0.0,3.89e-08,3.7637e-06,0.0,0.0,0.0,0.0,0.0,0.0,0.0,0.0,9.700000000000001e-09,0.0,0.0,0.0,0.0,0.0,0.0,0.0,0.0,0.0
32,39,1.1939999999999998e-09,1.269e-09,5.7231e-08,0.0,0.0,0.0,0.0,0.0,0.0,0.0,4.027e-09,2.39514e-07,6.702800000000001e-08,3.7639879999999995e-06,0.0,0.0,0.0,0.0,0.0,0.0,3.3036900000000004e-07,2.8764e-07,2.056284e-05,1.919727e-06,9.588711899999998e-05,0.0,0.0,0.0,0.0,0.0,5.13132e-07,3.4757675999999995e-05,1.3101114e-05,0.0009130317059999999,2.766246e-06,0.000180709254,0.0,0.0,0.0,0.0,2.199688e-05,2.0792000999999996e-05,0.001826095137,0.00027487510799999995,0.018071038307999998,9.126730000000001e-07,8.8529281e-05,0.0,0.0,0.0,1.4512619999999995e-05,0.0012084525240000001,0.0005515395779999998,0.05288142268199999,0.00017799946199999994,0.017178331206,0.0,0.0,0.0,0.0,0.000201493185,0.0002860742639999999,0.027563074967999996,0.008682286766999996,0.833680295631,0.0,0.0,0.0,0.0,0.0,7.624985999999999e-06,0.000731325786,0.0003569401159999999,0.034360313492,0.0,0.0,0.0,0.0,0.0,0.0,5.618436000000001e-06,5.5047509999999995e-06,0.000531250959,0.0,0.0,0.0,0.0,0.0,0.0,0.0,4.7239e-08,3.650886e-06,0.0,0.0,0.0,0.0,0.0,0.0,0.0,0.0
33,44,0.0,0.0,0.0,0.0,0.0,0.0,0.0,0.0,0.0,0.0,0.0,0.0,0.0,0.0,0.0,0.0,0.0,0.0,0.0,0.0,0.0,0.0,0.0,0.0,0.0,0.0,0.0,0.0,0.0,0.0,0.0,0.0,0.0,0.0,0.0,0.0,0.0,0.0,0.0,0.0,0.0,0.0,0.0,0.0,0.0,0.0,0.0,0.0,0.0,0.0,0.0,0.0,0.0,0.0,0.0,0.0,0.0,0.0,0.0,0.0,1.0,0.0,0.0,0.0,0.0,0.0,0.0,0.0,0.0,0.0,0.0,0.0,0.0,0.0,0.0,0.0,0.0,0.0,0.0,0.0,0.0,0.0,0.0,0.0,0.0,0.0,0.0,0.0,0.0,0.0,0.0,0.0,0.0,0.0,0.0,0.0,0.0,0.0,0.0,0.0
34,45,0.0,0.0,0.0,0.0,0.0,0.0,0.0,0.0,0.0,0.0,0.0,0.0,0.0,0.0,0.0,0.0,0.0,0.0,0.0,0.0,0.0,0.0,0.0,0.0,0.0,0.0,0.0,0.0,0.0,0.0,0.0,0.0,0.0,0.0,0.0,0.0,0.0,0.0,0.0,0.0,0.0,0.0,0.0,0.0,0.0,0.0,0.0,0.0,0.0,0.0,0.01,0.0,0.0,0.0,0.0,0.0,0.0,0.0,0.0,0.0,0.01,0.01,0.0,0.0,0.0,0.0,0.0,0.0,0.0,0.0,0.97,0.0,0.0,0.0,0.0,0.0,0.0,0.0,0.0,0.0,0.0,0.0,0.0,0.0,0.0,0.0,0.0,0.0,0.0,0.0,0.0,0.0,0.0,0.0,0.0,0.0,0.0,0.0,0.0,0.0
35,46,0.0,0.0,0.0,0.0,0.0,0.0,0.0,0.0,0.0,0.0,0.0,0.0,0.0,0.0,0.0,0.0,0.0,0.0,0.0,0.0,0.0,0.0,0.0,0.0,0.0,0.0,0.0,0.0,0.0,0.0,0.0,0.0,0.0,0.0,0.0,0.0,0.0,0.0,0.0,0.0,0.0001,0.0,0.0,0.0,0.0,0.0,0.0,0.0,0.0,0.0,0.0002,0.0002,0.0,0.0,0.0,0.0,0.0,0.0,0.0,0.0,0.0196,0.0001,0.0001,0.0,0.0,0.0,0.0,0.0,0.0,0.0,0.0194,0.0194,0.0,0.0,0.0,0.0,0.0,0.0,0.0,0.0,0.9409,0.0,0.0,0.0,0.0,0.0,0.0,0.0,0.0,0.0,0.0,0.0,0.0,0.0,0.0,0.0,0.0,0.0,0.0,0.0
36,47,0.0,0.0,0.0,0.0,0.0,0.0,0.0,0.0,0.0,0.0,0.0,0.0,0.0,0.0,0.0,0.0,0.0,0.0,0.0,0.0,0.0,0.0,0.0,0.0,0.0,0.0,0.0,0.0,0.0,0.0,1.0000000000000002e-06,0.0,0.0,0.0,0.0,0.0,0.0,0.0,0.0,0.0,3.0000000000000005e-06,9.9e-05,0.0,0.0,0.0,0.0,0.0,0.0,0.0,0.0,0.00020099999999999998,0.000195,0.000195,0.0,0.0,0.0,0.0,0.0,0.0,0.0,0.000393,0.019208999999999997,9.7e-05,9.7e-05,0.0,0.0,0.0,0.0,0.0,0.0,0.009992999999999998,0.018819000000000002,0.018819000000000002,0.0,0.0,0.0,0.0,0.0,0.0,0.0,0.009602999999999999,0.912867,0.0,0.0,0.0,0.0,0.0,0.0,0.0,0.0,0.009408999999999999,0.0,0.0,0.0,0.0,0.0,0.0,0.0,0.0,0.0
37,48,0.0,0.0,0.0,0.0,0.0,0.0,0.0,0.0,0.0,0.0,0.0,0.0,0.0,0.0,0.0,0.0,0.0,0.0,0.0,0.0,1.0000000000000002e-08,0.0,0.0,0.0,0.0,0.0,0.0,0.0,0.0,0.0,4.000000000000001e-08,1.96e-06,0.0,0.0,0.0,0.0,0.0,0.0,0.0,0.0,3.0399999999999997e-06,4.860000000000001e-06,9.797999999999998e-05,0.0,0.0,0.0,0.0,0.0,0.0,0.0,7.92e-06,0.00038999999999999994,0.00019012,0.00019012,0.0,0.0,0.0,0.0,0.0,0.0,0.00029795999999999995,0.0005723200000000001,0.018823839999999998,9.409e-05,9.409e-05,0.0,0.0,0.0,0.0,0.0,0.00038808,0.01920216,0.0182554,0.0182554,0.0,0.0,0.0,0.0,0.0,0.0,0.00941872,0.009503099999999999,0.88566918,0.0,0.0,0.0,0.0,0.0,0.0,0.0,0.00028420999999999996,0.018255399999999998,0.0,0.0,0.0,0.0,0.0,0.0,0.0,0.0
38,49,0.0,0.0,0.0,0.0,0.0,0.0,0.0,0.0,0.0,0.0,1.0000000000000002e-10,0.0,0.0,0.0,0.0,0.0,0.0,0.0,0.0,0.0,5.000000000000001e-10,2.93e-08,0.0,0.0,0.0,0.0,0.0,0.0,0.0,0.0,5.049999999999999e-08,8.740000000000001e-08,2.881e-06,0.0,0.0,0.0,0.0,0.0,0.0,0.0,1.5860000000000003e-07,7.848199999999999e-06,6.615400000000001e-06,9.694179999999997e-05,0.0,0.0,0.0,0.0,0.0,0.0,6.989199999999998e-06,1.5355400000000002e-05,0.0005694193999999999,0.0001853573,0.0001853573,0.0,0.0,0.0,0.0,0.0,1.26628e-05,0.0006731812,0.0007405465000000001,0.0184445209,9.12673e-05,9.12673e-05,0.0,0.0,0.0,0.0,0.0002930692,0.0006597458,0.027853579399999998,0.0177086789,0.0177086789,0.0,0.0,0.0,0.0,0.0,0.0001959411,0.018367425800000003,0.009400560999999998,0.8592816585999999,0.0,0.0,0.0,0.0,0.0,0.0,0.00028242539999999997,0.0005532686999999999,0.026564429799999997,0.0,0.0,0.0,0.0,0.0,0.0,0.0
39,50,1.0000000000000002e-12,0.0,0.0,0.0,0.0,0.0,0.0,0.0,0.0,0.0,6.000000000000002e-12,3.9000000000000005e-10,0.0,0.0,0.0,0.0,0.0,0.0,0.0,0.0,8.039999999999999e-10,1.3590000000000004e-09,5.7231000000000005e-08,0.0,0.0,0.0,0.0,0.0,0.0,0.0,2.9700000000000003e-09,1.5656999999999998e-07,1.5093200000000002e-07,3.7639879999999995e-06,0.0,0.0,0.0,0.0,0.0,0.0,1.5046499999999996e-07,3.7442400000000004e-07,1.4305175999999997e-05,8.270511000000002e-06,9.588711899999996e-05,0.0,0.0,0.0,0.0,0.0,3.5166000000000007e-07,1.9284012e-05,2.4219930000000004e-05,0.0007396050179999999,0.000180709254,0.000180709254,0.0,0.0,0.0,0.0,9.859023999999999e-06,2.6439393e-05,0.001121660961,0.0008981831400000001,0.018071038308000005,8.8529281e-05,8.8529281e-05,0.0,0.0,0.0,1.1614189000000001e-05,0.000753218988,0.00091845129,0.035972320602,0.017178331206,0.017178331206,0.0,0.0,0.0,0.0,0.00019138861500000005,0.00029619862199999997,0.026953399704000004,0.009295630958999998,0.8336802956309999,0.0,0.0,0.0,0.0,0.0,1.3140605999999997e-05,0.000728803881,0.0008963205469999998,0.034360313492,0.0,0.0,0.0,0.0,0.0,0.0
40,51,8.000000000000004e-14,3.910000000000001e-12,0.0,0.0,0.0,0.0,0.0,0.0,0.0,0.0,1.2969999999999998e-11,1.3650000000000003e-11,5.7621e-10,0.0,0.0,0.0,0.0,0.0,0.0,0.0,5.7150000000000004e-11,2.52435e-09,1.52291e-09,3.821218999999999e-08,0.0,0.0,0.0,0.0,0.0,0.0,3.87993e-09,6.6014900000000005e-09,2.3777140999999997e-07,8.421443000000001e-08,9.965110699999994e-07,0.0,0.0,0.0,0.0,0.0,1.1646390000000002e-08,4.8926943e-07,4.7505269e-07,1.2149041489999997e-05,1.88979765e-06,2.76596373e-06,0.0,0.0,0.0,0.0,4.4089800999999997e-07,8.733011100000002e-07,3.2681520629999996e-05,1.905351891e-05,0.00028292403123,2.6923853500000003e-06,2.6923853500000003e-06,0.0,0.0,0.0,8.202362600000001e-07,3.7552881369999996e-05,4.192407033e-05,0.00126906706617,0.00035693841265,0.0005286669643300001,8.8529281e-07,8.8529281e-07,0.0,0.0,1.91254712e-05,3.790885222e-05,0.00172480052511,0.0011451617803500001,0.026397216633150006,0.00025765671463,0.00025765671463,0.0,0.0,0.0,1.627304176e-05,0.00100935834036,0.00099577925258,0.043843091072209996,0.01675593757941,0.02499978422613,0.0,0.0,0.0,0.0,0.00020581278924000003,0.00100334703944,0.027365119817200002,0.042355229322939995,0.8090134898969898,0.0,0.0,0.0,0.0,0.0
41,52,1.704e-13,2.5320000000000007e-13,9.5548e-12,0.0,0.0,0.0,0.0,0.0,0.0,0.0,8.385000000000001e-13,4.3625599999999995e-11,2.84696e-11,9.410456e-10,0.0,0.0,0.0,0.0,0.0,0.0,6.4744e-11,1.3681600000000002e-10,5.214217599999999e-09,2.3193670000000003e-09,4.703093499999998e-08,0.0,0.0,0.0,0.0,0.0,2.2184960000000004e-10,1.1059183999999999e-08,1.20113456e-08,3.6247591519999994e-07,1.005859736e-07,9.942753751999994e-07,0.0,0.0,0.0,0.0,9.456937599999998e-09,2.48465512e-08,9.252746823999999e-07,6.710764192e-07,1.4651435305599996e-05,1.860027574e-06,2.7099086715999995e-06,0.0,0.0,0.0,2.1460817700000003e-08,1.1349077839999998e-06,1.4616284960000004e-06,4.734247639999999e-05,2.20971192992e-05,0.0002797775634272,2.6204667176e-06,2.6204667176e-06,0.0,0.0,5.793948683999999e-07,1.6026914088000003e-06,6.6691786048e-05,5.58778853392e-05,0.001503083130472,0.0003488426041984,0.000515419299328,8.587340257e-07,8.587340257e-07,0.0,7.412760143999999e-07,4.62688245324e-05,5.8600237686e-05,0.0023881502570720003,0.0012845122540064004,0.025863161213206403,0.0002499358661192,0.0002499358661192,0.0,0.0,1.25056964256e-05,3.6155201949599996e-05,0.0017084077042944,0.0015684691618295997,0.051131903247606386,0.016255836019174,0.024252367266492398,0.0,0.0,0.0,1.4312456596800001e-05,0.0004934166575328001,0.001680407912184,0.0354962843256054,0.049342266718015795,0.7849930830423415,0.0,0.0,0.0,0.0
42,53,1.4325000000000005e-14,6.99624e-13,6.258480000000001e-13,1.8678612e-11,0.0,0.0,0.0,0.0,0.0,0.0,1.0937849999999999e-12,2.4687330000000002e-12,1.0396501199999998e-10,5.080918200000001e-11,1.3831235819999998e-09,0.0,0.0,0.0,0.0,0.0,4.2424810000000005e-12,2.2597195199999999e-10,2.7630334200000005e-10,9.162270029999999e-09,3.255645726e-09,5.556276070199998e-08,0.0,0.0,0.0,0.0,2.0802715199999996e-10,5.851412400000001e-10,2.3657056631999998e-08,1.939082283e-08,5.085290539019998e-07,1.16168670132e-07,9.915462006599992e-07,0.0,0.0,0.0,5.59861561e-10,2.9885645975999996e-08,4.5548317272e-08,1.5210803181359997e-06,8.915214550919999e-07,1.7046709721171995e-05,1.8304314139560001e-06,2.654816078627999e-06,0.0,0.0,1.7452204077e-08,5.170865772900001e-08,2.2504559217839997e-06,2.204240451696e-06,6.3897323400048e-05,2.4967436705124e-05,0.00027659173327155596,2.550440056329e-06,2.550440056329e-06,0.0,2.9448231093000003e-08,1.702968205992e-06,2.714008181748e-06,0.000104076791106,7.075606855406401e-05,0.0017245742173174561,0.000340911476741073,0.0005024908710167849,8.32972004929e-07,8.32972004929e-07,6.00951918408e-07,1.6826190444119998e-06,8.651325727057201e-05,8.5930823567172e-05,0.0031014872252726885,0.0014145230312811246,0.02533744360112961,0.000242446377475881,0.000242446377475881,0.0,6.37146309864e-07,3.4611457396427995e-05,6.8145319008108e-05,0.0025473188514684056,0.002190241236886674,0.057949032265398596,0.01577066029725997,0.023527295607158816,0.0,0.0,5.3454726715200015e-06,3.598288061556e-05,0.0008674651572276541,0.0024940658768729876,0.04328606832591688,0.05587448790709047,0.7616858142237362,0.0,0.0,0.0
43,54,1.8220589999999998e-14,5.1837300000000003e-14,1.9113299999999997e-12,1.3019505000000002e-12,3.194948946e-11,0.0,0.0,0.0,0.0,0.0,7.819324e-14,4.367337329999999e-12,5.672054730000002e-12,2.0648678387999996e-10,8.184136380000002e-11,1.8972574815599994e-09,0.0,0.0,0.0,0.0,4.3933537e-12,1.2754339720000002e-11,5.484257101799999e-10,4.9498701912e-10,1.4542151310959997e-08,4.31966305554e-09,6.381133988753997e-08,0.0,0.0,0.0,1.357272434e-11,7.394730830399999e-10,1.2197414372399998e-09,4.333506135371999e-08,2.8918555854599998e-08,6.742113691102798e-07,1.309879241676e-07,9.883479754264792e-07,0.0,0.0,4.8105738766e-10,1.5214868765800003e-09,6.694100956223999e-08,7.533339505002e-08,2.28997353034314e-06,1.13391617933136e-06,1.9337689385045273e-05,1.80102287210061e-06,2.6006759968324493e-06,0.0,9.916895446000001e-10,5.6761735692209996e-08,9.979536750429001e-08,3.877894192372319e-06,3.10426350528792e-06,8.216253030114839e-05,2.7671337086083862e-05,0.00027337094254492665,2.48225657468842e-06,2.48225657468842e-06,2.35082055957e-08,7.30481429991e-08,3.5802842027957997e-06,4.22149926202488e-06,0.00014985407503272194,8.64374059447153e-05,0.0019340022528521118,0.0003331424303342122,0.0004898744427816528,1.6159656895622599e-06,2.950165503777e-08,1.81120018958568e-06,3.2000419806499196e-06,0.0001414466882309258,0.00012010810222737546,0.003858553109352965,0.00153562752185746,0.024820042621652237,0.00023518131587165386,0.00023518131587165386,4.119502829622e-07,1.6761401072488801e-06,6.858608633420148e-05,0.00011380333881113307,0.0035142651640902352,0.002855130712136389,0.06431606683175689,0.015299964952116928,0.02282390120271881,0.0,4.731097226846401e-07,1.4565703443770824e-05,6.92001577281807e-05,0.0013247157330534072,0.003432751875265738,0.05074257962010163,0.06197281801508772,0.7390705127530957,0.0,0.0
44,55,0.0,0.0,0.0,0.0,0.0,0.0,0.0,0.0,0.0,0.0,0.0,0.0,0.0,0.0,0.0,0.0,0.0,0.0,0.0,0.0,0.0,0.0,0.0,0.0,0.0,0.0,0.0,0.0,0.0,0.0,0.0,0.0,0.0,0.0,0.0,0.0,0.0,0.0,0.0,0.0,0.0,0.0,0.0,0.0,0.0,0.0,0.0,0.0,0.0,0.0,0.0,0.0,0.0,0.0,0.0,0.0,0.0,0.0,0.0,0.0,0.0,0.0,0.0,0.0,0.0,0.0,0.0,0.0,0.0,0.0,1.0,0.0,0.0,0.0,0.0,0.0,0.0,0.0,0.0,0.0,0.0,0.0,0.0,0.0,0.0,0.0,0.0,0.0,0.0,0.0,0.0,0.0,0.0,0.0,0.0,0.0,0.0,0.0,0.0,0.0
45,56,0.0,0.0,0.0,0.0,0.0,0.0,0.0,0.0,0.0,0.0,0.0,0.0,0.0,0.0,0.0,0.0,0.0,0.0,0.0,0.0,0.0,0.0,0.0,0.0,0.0,0.0,0.0,0.0,0.0,0.0,0.0,0.0,0.0,0.0,0.0,0.0,0.0,0.0,0.0,0.0,0.0,0.0,0.0,0.0,0.0,0.0,0.0,0.0,0.0,0.0,0.0,0.0,0.0,0.0,0.0,0.0,0.0,0.0,0.0,0.0,0.01,0.0,0.0,0.0,0.0,0.0,0.0,0.0,0.0,0.0,0.01,0.01,0.0,0.0,0.0,0.0,0.0,0.0,0.0,0.0,0.97,0.0,0.0,0.0,0.0,0.0,0.0,0.0,0.0,0.0,0.0,0.0,0.0,0.0,0.0,0.0,0.0,0.0,0.0,0.0
46,57,0.0,0.0,0.0,0.0,0.0,0.0,0.0,0.0,0.0,0.0,0.0,0.0,0.0,0.0,0.0,0.0,0.0,0.0,0.0,0.0,0.0,0.0,0.0,0.0,0.0,0.0,0.0,0.0,0.0,0.0,0.0,0.0,0.0,0.0,0.0,0.0,0.0,0.0,0.0,0.0,0.0,0.0,0.0,0.0,0.0,0.0,0.0,0.0,0.0,0.0,0.0001,0.0,0.0,0.0,0.0,0.0,0.0,0.0,0.0,0.0,0.0002,0.0098,0.0,0.0,0.0,0.0,0.0,0.0,0.0,0.0,0.01,0.0097,0.0097,0.0,0.0,0.0,0.0,0.0,0.0,0.0,0.0098,0.941,0.0,0.0,0.0,0.0,0.0,0.0,0.0,0.0,0.0097,0.0,0.0,0.0,0.0,0.0,0.0,0.0,0.0,0.0
47,58,0.0,0.0,0.0,0.0,0.0,0.0,0.0,0.0,0.0,0.0,0.0,0.0,0.0,0.0,0.0,0.0,0.0,0.0,0.0,0.0,0.0,0.0,0.0,0.0,0.0,0.0,0.0,0.0,0.0,0.0,0.0,0.0,0.0,0.0,0.0,0.0,0.0,0.0,0.0,0.0,1.0000000000000002e-06,0.0,0.0,0.0,0.0,0.0,0.0,0.0,0.0,0.0,3.0000000000000005e-06,0.000195,0.0,0.0,0.0,0.0,0.0,0.0,0.0,0.0,0.00020099999999999998,0.000291,0.009602999999999999,0.0,0.0,0.0,0.0,0.0,0.0,0.0,0.000297,0.019305000000000003,0.009409,0.009409,0.0,0.0,0.0,0.0,0.0,0.0,0.009705,0.009602999999999999,0.912867,0.0,0.0,0.0,0.0,0.0,0.0,0.0,0.000292,0.018819000000000002,0.0,0.0,0.0,0.0,0.0,0.0,0.0,0.0
48,59,0.0,0.0,0.0,0.0,0.0,0.0,0.0,0.0,0.0,0.0,0.0,0.0,0.0,0.0,0.0,0.0,0.0,0.0,0.0,0.0,0.0,0.0,0.0,0.0,0.0,0.0,0.0,0.0,0.0,0.0,1.0000000000000002e-08,0.0,0.0,0.0,0.0,0.0,0.0,0.0,0.0,0.0,4.000000000000001e-08,2.92e-06,0.0,0.0,0.0,0.0,0.0,0.0,0.0,0.0,4e-06,5.820000000000001e-06,0.00028518,0.0,0.0,0.0,0.0,0.0,0.0,0.0,7.92e-06,0.000486,0.00037636,0.009408999999999999,0.0,0.0,0.0,0.0,0.0,0.0,0.00029508000000000003,0.00048112000000000003,0.028044640000000003,0.00912673,0.00912673,0.0,0.0,0.0,0.0,0.0,0.00019897,0.01892376,0.009408999999999999,0.88557508,0.0,0.0,0.0,0.0,0.0,0.0,0.00029108000000000004,0.00056746,0.0273831,0.0,0.0,0.0,0.0,0.0,0.0,0.0
49,60,0.0,0.0,0.0,0.0,0.0,0.0,0.0,0.0,0.0,0.0,0.0,0.0,0.0,0.0,0.0,0.0,0.0,0.0,0.0,0.0,1.0000000000000002e-10,0.0,0.0,0.0,0.0,0.0,0.0,0.0,0.0,0.0,5.000000000000001e-10,3.89e-08,0.0,0.0,0.0,0.0,0.0,0.0,0.0,0.0,6.97e-08,9.700000000000001e-08,5.6842e-06,0.0,0.0,0.0,0.0,0.0,0.0,0.0,1.7780000000000002e-07,1.1621000000000001e-05,9.409000000000001e-06,0.00037071459999999995,0.0,0.0,0.0,0.0,0.0,0.0,7.93e-06,1.63154e-05,0.0008488082,0.0004563365,0.0092179973,0.0,0.0,0.0,0.0,0.0,9.830900000000001e-06,0.0007607716000000001,0.0006558073000000001,0.036244408900000004,0.008852928099999999,0.008852928099999999,0.0,0.0,0.0,0.0,0.00019708890000000003,0.00029757669999999994,0.027766075399999996,0.0092179973,0.8590990948999999,0.0,0.0,0.0,0.0,0.0,1.34859e-05,0.0007510908000000001,0.0009183572,0.0354173578,0.0,0.0,0.0,0.0,0.0,0.0
50,61,0.0,0.0,0.0,0.0,0.0,0.0,0.0,0.0,0.0,0.0,1.0000000000000002e-12,0.0,0.0,0.0,0.0,0.0,0.0,0.0,0.0,0.0,6.000000000000002e-12,3.9e-10,0.0,0.0,0.0,0.0,0.0,0.0,0.0,0.0,1.188e-09,9.750000000000003e-10,5.7231e-08,0.0,0.0,0.0,0.0,0.0,0.0,0.0,3.93e-09,2.11482e-07,9.506000000000002e-08,3.7639879999999995e-06,0.0,0.0,0.0,0.0,0.0,0.0,2.64897e-07,3.5311200000000007e-07,1.7825112e-05,4.657455e-06,9.588711899999998e-05,0.0,0.0,0.0,0.0,0.0,5.13229e-07,2.7447468000000004e-05,2.0411322000000002e-05,0.000822705306,9.309264599999999e-05,0.000180709254,0.0,0.0,0.0,0.0,1.7369014000000004e-05,2.5458086999999997e-05,0.001471056513,0.000629913732,0.0179834217,8.8529281e-05,8.8529281e-05,0.0,0.0,0.0,1.4617488e-05,0.001025091003,0.000740472393,0.04437990191400001,0.008679520229999998,0.017178331206,0.0,0.0,0.0,0.0,0.00021190332300000003,0.001026525906,0.028185584107999997,0.043305478019,0.833680295631,0.0,0.0,0.0,0.0,0.0
51,62,1.0000000000000002e-14,0.0,0.0,0.0,0.0,0.0,0.0,0.0,0.0,0.0,7.000000000000003e-14,4.87e-12,0.0,0.0,0.0,0.0,0.0,0.0,0.0,0.0,1.585e-11,1.5570000000000004e-11,9.506099999999999e-10,0.0,0.0,0.0,0.0,0.0,0.0,0.0,6.099e-11,3.8433899999999995e-09,1.8963500000000004e-09,9.315394999999999e-08,0.0,0.0,0.0,0.0,0.0,0.0,4.814970000000001e-09,8.30357e-09,4.2160085e-07,1.3878275e-07,4.609939549999999e-06,0.0,0.0,0.0,0.0,0.0,1.135168e-08,7.1179071e-07,5.941570100000002e-07,2.6513922769999997e-05,5.44865781e-06,9.481759796999998e-05,0.0,0.0,0.0,0.0,4.559460800000001e-07,9.6005734e-07,4.973991327e-05,2.7075620670000002e-05,0.00098062432755,9.118515942999999e-05,0.00017617326918999997,0.0,0.0,0.0,5.7957818e-07,4.2083893420000006e-05,3.860231885999999e-05,0.0020587851068099997,0.00069962774161,0.01761839474641,8.587340257e-05,8.587340257e-05,0.0,0.0,1.2689808280000002e-05,3.210352722e-05,0.0017347036982600002,0.0012444073410199999,0.05173692534195,0.008420019915909996,0.01666386656263,0.0,0.0,0.0,1.46495004e-05,0.0005079182334800001,0.0017180454740200002,0.036553673340399995,0.050429911837039994,0.80884167007413,0.0,0.0,0.0,0.0
52,65,0.0,1.4384519999999998e-14,1.0300440000000002e-14,5.163736799999999e-13,0.0,0.0,0.0,0.0,0.0,0.0,2.5129839999999997e-14,4.729192000000001e-14,2.9642347199999994e-12,1.1940021000000002e-12,6.299532497999999e-11,0.0,0.0,0.0,0.0,0.0,9.334193e-14,6.5190837599999996e-12,6.85743828e-12,3.680014750799999e-10,1.1357302812e-10,4.933362634199999e-09,0.0,0.0,0.0,0.0,6.2325841000000004e-12,1.4859848200000004e-11,8.7276097482e-10,6.426294309600001e-10,2.9796233772719996e-08,7.324912709939999e-09,2.4291195296465997e-07,0.0,0.0,0.0,1.534951828e-11,1.05028798557e-09,1.41213310041e-09,7.343458994316e-08,4.044108823380001e-08,1.62760630432692e-06,3.0708328759032e-07,6.935135991553198e-06,0.0,0.0,6.033873091800002e-10,1.57108768866e-09,9.404720074488003e-08,8.720071458882002e-08,4.1381578989345e-06,1.7330350401710401e-06,5.9987284994065436e-05,7.571715524804609e-06,9.153529362164779e-05,0.0,9.3198379329e-10,6.560685108648e-08,9.66025063152e-08,5.318241616273621e-06,3.6403010927552995e-06,0.00015883924816351128,4.974079446423138e-05,0.0014049549885651786,8.564618154679977e-05,0.00016321253464578824,2.161408279464e-08,6.445890363707999e-08,3.67951344407832e-06,4.23955584840084e-06,0.00019733497749167294,0.00011176711027229154,0.004119901634172664,0.0008812510623346847,0.016557650919577678,0.0001567486718875392,2.5010209944239997e-08,1.26922329575106e-06,3.2927378280018595e-06,0.00011820176142817129,0.00016027037391164306,0.004667018248458224,0.0030570092092747827,0.07102755394646755,0.007687148785247668,0.015211085035849557,1.6366932674676002e-07,1.3420658599089601e-06,2.9565388092174844e-05,0.00011832534343405207,0.0019151833759142112,0.004581200554809274,0.0595646597550926,0.06909973890959893,0.7386783495021899,0.0
53,66,0.0,0.0,0.0,0.0,0.0,0.0,0.0,0.0,0.0,0.0,0.0,0.0,0.0,0.0,0.0,0.0,0.0,0.0,0.0,0.0,0.0,0.0,0.0,0.0,0.0,0.0,0.0,0.0,0.0,0.0,0.0,0.0,0.0,0.0,0.0,0.0,0.0,0.0,0.0,0.0,0.0,0.0,0.0,0.0,0.0,0.0,0.0,0.0,0.0,0.0,0.0,0.0,0.0,0.0,0.0,0.0,0.0,0.0,0.0,0.0,0.0,0.0,0.0,0.0,0.0,0.0,0.0,0.0,0.0,0.0,0.0,0.0,0.0,0.0,0.0,0.0,0.0,0.0,0.0,0.0,1.0,0.0,0.0,0.0,0.0,0.0,0.0,0.0,0.0,0.0,0.0,0.0,0.0,0.0,0.0,0.0,0.0,0.0,0.0,0.0
54,67,0.0,0.0,0.0,0.0,0.0,0.0,0.0,0.0,0.0,0.0,0.0,0.0,0.0,0.0,0.0,0.0,0.0,0.0,0.0,0.0,0.0,0.0,0.0,0.0,0.0,0.0,0.0,0.0,0.0,0.0,0.0,0.0,0.0,0.0,0.0,0.0,0.0,0.0,0.0,0.0,0.0,0.0,0.0,0.0,0.0,0.0,0.0,0.0,0.0,0.0,0.0,0.0,0.0,0.0,0.0,0.0,0.0,0.0,0.0,0.0,0.0,0.0,0.0,0.0,0.0,0.0,0.0,0.0,0.0,0.0,0.01,0.0,0.0,0.0,0.0,0.0,0.0,0.0,0.0,0.0,0.01,0.97,0.0,0.0,0.0,0.0,0.0,0.0,0.0,0.0,0.01,0.0,0.0,0.0,0.0,0.0,0.0,0.0,0.0,0.0
55,68,0.0,0.0,0.0,0.0,0.0,0.0,0.0,0.0,0.0,0.0,0.0,0.0,0.0,0.0,0.0,0.0,0.0,0.0,0.0,0.0,0.0,0.0,0.0,0.0,0.0,0.0,0.0,0.0,0.0,0.0,0.0,0.0,0.0,0.0,0.0,0.0,0.0,0.0,0.0,0.0,0.0,0.0,0.0,0.0,0.0,0.0,0.0,0.0,0.0,0.0,0.0,0.0,0.0,0.0,0.0,0.0,0.0,0.0,0.0,0.0,0.0001,0.0,0.0,0.0,0.0,0.0,0.0,0.0,0.0,0.0,0.0002,0.0194,0.0,0.0,0.0,0.0,0.0,0.0,0.0,0.0,0.009999999999999998,0.0097,0.9409,0.0,0.0,0.0,0.0,0.0,0.0,0.0,0.00030000000000000003,0.0194,0.0,0.0,0.0,0.0,0.0,0.0,0.0,0.0
56,69,0.0,0.0,0.0,0.0,0.0,0.0,0.0,0.0,0.0,0.0,0.0,0.0,0.0,0.0,0.0,0.0,0.0,0.0,0.0,0.0,0.0,0.0,0.0,0.0,0.0,0.0,0.0,0.0,0.0,0.0,0.0,0.0,0.0,0.0,0.0,0.0,0.0,0.0,0.0,0.0,0.0,0.0,0.0,0.0,0.0,0.0,0.0,0.0,0.0,0.0,1.0000000000000002e-06,0.0,0.0,0.0,0.0,0.0,0.0,0.0,0.0,0.0,3.0000000000000005e-06,0.000291,0.0,0.0,0.0,0.0,0.0,0.0,0.0,0.0,0.000297,0.000291,0.028227000000000002,0.0,0.0,0.0,0.0,0.0,0.0,0.0,0.00020199999999999998,0.019496999999999997,0.009409,0.912673,0.0,0.0,0.0,0.0,0.0,0.0,0.00030000000000000003,0.000582,0.028227000000000002,0.0,0.0,0.0,0.0,0.0,0.0,0.0
57,70,0.0,0.0,0.0,0.0,0.0,0.0,0.0,0.0,0.0,0.0,0.0,0.0,0.0,0.0,0.0,0.0,0.0,0.0,0.0,0.0,0.0,0.0,0.0,0.0,0.0,0.0,0.0,0.0,0.0,0.0,0.0,0.0,0.0,0.0,0.0,0.0,0.0,0.0,0.0,0.0,1.0000000000000002e-08,0.0,0.0,0.0,0.0,0.0,0.0,0.0,0.0,0.0,4.000000000000001e-08,3.88e-06,0.0,0.0,0.0,0.0,0.0,0.0,0.0,0.0,5.920000000000001e-06,5.820000000000001e-06,0.0005645400000000001,0.0,0.0,0.0,0.0,0.0,0.0,0.0,7.93e-06,0.00076824,0.00037636,0.03650692,0.0,0.0,0.0,0.0,0.0,0.0,0.00020296,0.00029876,0.028603359999999998,0.00912673,0.8852928099999999,0.0,0.0,0.0,0.0,0.0,1.3840000000000003e-05,0.00077406,0.0009409,0.03650692,0.0,0.0,0.0,0.0,0.0,0.0
58,77,0.0,0.0,0.0,0.0,0.0,0.0,0.0,0.0,0.0,0.0,0.0,0.0,0.0,0.0,0.0,0.0,0.0,0.0,0.0,0.0,0.0,0.0,0.0,0.0,0.0,0.0,0.0,0.0,0.0,0.0,0.0,0.0,0.0,0.0,0.0,0.0,0.0,0.0,0.0,0.0,0.0,0.0,0.0,0.0,0.0,0.0,0.0,0.0,0.0,0.0,0.0,0.0,0.0,0.0,0.0,0.0,0.0,0.0,0.0,0.0,0.0,0.0,0.0,0.0,0.0,0.0,0.0,0.0,0.0,0.0,0.0,0.0,0.0,0.0,0.0,0.0,0.0,0.0,0.0,0.0,0.0,0.0,0.0,0.0,0.0,0.0,0.0,0.0,0.0,0.0,1.0,0.0,0.0,0.0,0.0,0.0,0.0,0.0,0.0,0.0
59,78,0.0,0.0,0.0,0.0,0.0,0.0,0.0,0.0,0.0,0.0,0.0,0.0,0.0,0.0,0.0,0.0,0.0,0.0,0.0,0.0,0.0,0.0,0.0,0.0,0.0,0.0,0.0,0.0,0.0,0.0,0.0,0.0,0.0,0.0,0.0,0.0,0.0,0.0,0.0,0.0,0.0,0.0,0.0,0.0,0.0,0.0,0.0,0.0,0.0,0.0,0.0,0.0,0.0,0.0,0.0,0.0,0.0,0.0,0.0,0.0,0.0,0.0,0.0,0.0,0.0,0.0,0.0,0.0,0.0,0.0,0.0,0.0,0.0,0.0,0.0,0.0,0.0,0.0,0.0,0.0,0.97,0.0,0.0,0.0,0.0,0.0,0.0,0.0,0.0,0.0,0.02,0.01,0.0,0.0,0.0,0.0,0.0,0.0,0.0,0.0
60,79,0.0,0.0,0.0,0.0,0.0,0.0,0.0,0.0,0.0,0.0,0.0,0.0,0.0,0.0,0.0,0.0,0.0,0.0,0.0,0.0,0.0,0.0,0.0,0.0,0.0,0.0,0.0,0.0,0.0,0.0,0.0,0.0,0.0,0.0,0.0,0.0,0.0,0.0,0.0,0.0,0.0,0.0,0.0,0.0,0.0,0.0,0.0,0.0,0.0,0.0,0.0,0.0,0.0,0.0,0.0,0.0,0.0,0.0,0.0,0.0,0.0,0.0,0.0,0.0,0.0,0.0,0.0,0.0,0.0,0.0,0.0097,0.0,0.0,0.0,0.0,0.0,0.0,0.0,0.0,0.0,0.0099,0.941,0.0,0.0,0.0,0.0,0.0,0.0,0.0,0.0,0.0102,0.0195,0.0097,0.0,0.0,0.0,0.0,0.0,0.0,0.0
61,80,0.0,0.0,0.0,0.0,0.0,0.0,0.0,0.0,0.0,0.0,0.0,0.0,0.0,0.0,0.0,0.0,0.0,0.0,0.0,0.0,0.0,0.0,0.0,0.0,0.0,0.0,0.0,0.0,0.0,0.0,0.0,0.0,0.0,0.0,0.0,0.0,0.0,0.0,0.0,0.0,0.0,0.0,0.0,0.0,0.0,0.0,0.0,0.0,0.0,0.0,0.0,0.0,0.0,0.0,0.0,0.0,0.0,0.0,0.0,0.0,9.7e-05,0.0,0.0,0.0,0.0,0.0,0.0,0.0,0.0,0.0,0.000196,0.018819000000000002,0.0,0.0,0.0,0.0,0.0,0.0,0.0,0.0,0.009708,0.009798000000000001,0.912867,0.0,0.0,0.0,0.0,0.0,0.0,0.0,0.0004980000000000001,0.019596000000000002,0.019011999999999998,0.009409,0.0,0.0,0.0,0.0,0.0,0.0
62,81,0.0,0.0,0.0,0.0,0.0,0.0,0.0,0.0,0.0,0.0,0.0,0.0,0.0,0.0,0.0,0.0,0.0,0.0,0.0,0.0,0.0,0.0,0.0,0.0,0.0,0.0,0.0,0.0,0.0,0.0,0.0,0.0,0.0,0.0,0.0,0.0,0.0,0.0,0.0,0.0,0.0,0.0,0.0,0.0,0.0,0.0,0.0,0.0,0.0,0.0,9.7e-07,0.0,0.0,0.0,0.0,0.0,0.0,0.0,0.0,0.0,2.93e-06,0.00028228000000000004,0.0,0.0,0.0,0.0,0.0,0.0,0.0,0.0,0.0002882,0.0002881,0.0273831,0.0,0.0,0.0,0.0,0.0,0.0,0.0,0.000202,0.01892958,0.009694180000000002,0.88557508,0.0,0.0,0.0,0.0,0.0,0.0,0.000303,0.00096712,0.028421000000000002,0.01853573,0.00912673,0.0,0.0,0.0,0.0,0.0
63,82,0.0,0.0,0.0,0.0,0.0,0.0,0.0,0.0,0.0,0.0,0.0,0.0,0.0,0.0,0.0,0.0,0.0,0.0,0.0,0.0,0.0,0.0,0.0,0.0,0.0,0.0,0.0,0.0,0.0,0.0,0.0,0.0,0.0,0.0,0.0,0.0,0.0,0.0,0.0,0.0,9.700000000000001e-09,0.0,0.0,0.0,0.0,0.0,0.0,0.0,0.0,0.0,3.9000000000000005e-08,3.7637e-06,0.0,0.0,0.0,0.0,0.0,0.0,0.0,0.0,5.7438e-06,5.7230999999999995e-06,0.0005476426000000001,0.0,0.0,0.0,0.0,0.0,0.0,0.0,7.8123e-06,0.0007455036,0.0003763988,0.0354173578,0.0,0.0,0.0,0.0,0.0,0.0,0.00019722780000000002,0.000305434,0.027775484399999998,0.009588711900000001,0.8590990948999999,0.0,0.0,0.0,0.0,0.0,1.77512e-05,0.0007770870000000001,0.0015046155,0.0367007454,0.0180709254,0.008852928099999999,0.0,0.0,0.0,0.0
64,83,0.0,0.0,0.0,0.0,0.0,0.0,0.0,0.0,0.0,0.0,0.0,0.0,0.0,0.0,0.0,0.0,0.0,0.0,0.0,0.0,0.0,0.0,0.0,0.0,0.0,0.0,0.0,0.0,0.0,0.0,9.700000000000001e-11,0.0,0.0,0.0,0.0,0.0,0.0,0.0,0.0,0.0,4.870000000000001e-10,3.7734e-08,0.0,0.0,0.0,0.0,0.0,0.0,0.0,0.0,1.04874e-07,5.7621e-08,5.514063000000001e-06,0.0,0.0,0.0,0.0,0.0,0.0,0.0,2.3062199999999999e-07,1.6639689e-05,3.821219e-06,0.000359650004,0.0,0.0,0.0,0.0,0.0,0.0,1.5076923000000001e-05,1.2447857999999998e-05,0.00117059678,9.9651107e-05,0.008945164527,0.0,0.0,0.0,0.0,0.0,1.2782061e-05,0.0010106364839999999,0.00047909445,0.043590590313,0.000276596373,0.00867952023,0.0,0.0,0.0,0.0,0.000216478012,0.001065269037,0.028776475226999998,0.045096528989999995,0.8513104564259999,0.008768049510999998,8.8529281e-05,0.0,0.0,0.0
65,85,0.0,0.0,0.0,0.0,0.0,0.0,0.0,0.0,0.0,0.0,9.7e-15,0.0,0.0,0.0,0.0,0.0,0.0,0.0,0.0,0.0,6.810000000000001e-14,5.6551999999999996e-12,0.0,0.0,0.0,0.0,0.0,0.0,0.0,0.0,1.91016e-11,1.61508e-11,1.3747132000000003e-09,0.0,0.0,0.0,0.0,0.0,0.0,0.0,6.422400000000001e-11,5.5475292e-09,1.9581876000000003e-09,1.7844174320000001e-07,0.0,0.0,0.0,0.0,0.0,0.0,6.4953168000000005e-09,8.639193600000001e-09,7.192832664000001e-07,1.383123582e-07,1.3059908407e-05,0.0,0.0,0.0,0.0,0.0,1.1168020800000001e-08,9.951563904e-07,6.023340912e-07,5.16700657494e-05,5.5562760702e-06,0.0005127988326104,0.0,0.0,0.0,0.0,4.987897536000001e-07,8.557511304e-07,6.962149494e-05,2.7598887441599996e-05,0.0022162413468696,0.0001000045011636,0.008584896848844399,0.0,0.0,0.0,5.603189328000001e-07,3.488129112239999e-05,5.42695254792e-05,0.0025637213289792,0.0014198918063424,0.057874358579305195,0.00043035854079720003,0.008168278052458398,0.0,0.0,5.612773563599999e-06,3.78898305264e-05,0.0009110090816736,0.002629324896504,0.0454864211444784,0.05912485237928639,0.8013382264781062,0.008251575252951298,8.329720049289999e-05,0.0
66,86,0.0,0.0,0.0,0.0,0.0,0.0,0.0,0.0,0.0,0.0,0.0,6.5961e-14,0.0,0.0,0.0,0.0,0.0,0.0,0.0,0.0,2.48346e-13,2.2756500000000005e-13,1.9232676e-11,0.0,0.0,0.0,0.0,0.0,0.0,0.0,9.954450000000001e-13,8.7807528e-11,3.5248152e-11,3.1178892360000004e-09,0.0,0.0,0.0,0.0,0.0,0.0,1.21261716e-10,1.684326e-10,1.4372100552000001e-08,3.2825655540000006e-09,3.03687574974e-07,0.0,0.0,0.0,0.0,0.0,2.6366755200000007e-10,2.3500329156e-08,1.5806064162e-08,1.3467889274040001e-06,1.89725748156e-07,1.7796099480894e-05,0.0,0.0,0.0,0.0,1.5116094816000004e-08,2.5500224328e-08,2.185410138246e-06,9.171988271639999e-07,7.754096465578801e-05,6.38963279973e-06,0.000583263836120532,0.0,0.0,0.0,1.9260278376000004e-08,1.53880548552e-06,1.654786066608e-06,0.000115849177507782,4.202544665411399e-05,0.002819474649071112,0.00010130795153666401,0.008409032723903651,0.0,0.0,4.1553173372399993e-07,1.4736604361760001e-06,6.9278371444656e-05,9.3409595617704e-05,0.0035425798998163557,0.0019738472063646,0.06431904183572013,0.000499963537102797,0.007924062682889576,0.0,4.96756965864e-07,1.5282192389916e-05,7.2699170647176e-05,0.0013904734829230081,0.003610756802909952,0.05330520288451102,0.06545130841062635,0.7774631111888219,0.008004860967367687,8.079828447811299e-05
67,87,0.0,0.0,0.0,0.0,0.0,0.0,0.0,0.0,0.0,0.0,3.1430700000000004e-15,2.2756500000000006e-15,2.5630893e-13,0.0,0.0,0.0,0.0,0.0,0.0,0.0,1.4713560000000004e-14,1.31195727e-12,5.732195700000001e-13,4.983458808000001e-11,0.0,0.0,0.0,0.0,0.0,0.0,2.10313035e-12,3.0046648200000004e-12,2.602655268e-10,6.701636298e-11,6.061228308660001e-09,0.0,0.0,0.0,0.0,0.0,5.543573130000001e-12,4.972262368800001e-10,3.5461840068e-10,3.0476881451580006e-08,5.08134606894e-09,4.7253794253371993e-07,0.0,0.0,0.0,0.0,3.9001353240000007e-10,6.705047363400001e-10,5.8261030943339995e-08,2.6433953645879998e-08,2.2627927766984407e-06,2.4793030370862e-07,2.3094854857672497e-05,0.0,0.0,0.0,6.014026507200001e-10,5.213977150074e-08,5.06131271775e-08,4.067217145008361e-06,1.37573091436908e-06,0.00010942008156283974,7.21102333110474e-06,0.0006498562482759525,0.0,0.0,1.9887135924359996e-08,5.022193729584e-08,3.3657709118612395e-06,2.9686648955995798e-06,0.0001767696573179811,6.15801311615005e-05,0.003468003793556422,0.00010326834836159204,0.008236002369015437,0.0,2.4052094141400004e-08,1.2640594749131998e-06,3.1070861464056003e-06,0.00011768904590378777,0.00014687360230845954,0.004640739696514887,0.0025751575891663197,0.07032743264660468,0.0005650132406633899,0.007687148785247669,1.6691238055368003e-07,1.37640449162076e-06,3.014823686836692e-05,0.00012146459434226737,0.0019533446743076914,0.004709737683837673,0.06077838141232737,0.07134744851524048,0.7542993150725046,0.007843897457135207
68,88,0.0,1.0,0.0,0.0,0.0,0.0,0.0,0.0,0.0,0.0,0.0,0.0,0.0,0.0,0.0,0.0,0.0,0.0,0.0,0.0,0.0,0.0,0.0,0.0,0.0,0.0,0.0,0.0,0.0,0.0,0.0,0.0,0.0,0.0,0.0,0.0,0.0,0.0,0.0,0.0,0.0,0.0,0.0,0.0,0.0,0.0,0.0,0.0,0.0,0.0,0.0,0.0,0.0,0.0,0.0,0.0,0.0,0.0,0.0,0.0,0.0,0.0,0.0,0.0,0.0,0.0,0.0,0.0,0.0,0.0,0.0,0.0,0.0,0.0,0.0,0.0,0.0,0.0,0.0,0.0,0.0,0.0,0.0,0.0,0.0,0.0,0.0,0.0,0.0,0.0,0.0,0.0,0.0,0.0,0.0,0.0,0.0,0.0,0.0,0.0
69,96,2.7410116800000003e-08,9.690934404e-07,1.7522809632e-06,2.4091931856e-05,5.479236854400001e-06,9.540871298400001e-06,1.854348033e-07,9.128429440000003e-08,4.591592000000001e-10,9.12673e-11,6.949682136000001e-07,1.7664048768000002e-06,6.65365694256e-05,4.2466129284e-05,0.0004954826996508001,1.3509102372000004e-05,1.7710034e-05,8.854342360000001e-08,4.42674632e-08,0.0,1.0551991656000001e-06,6.43867505808e-05,6.70833253632e-05,0.0024096542696256003,0.00037337107907640005,0.0013060862297247999,8.5900784216e-06,8.588709295599998e-06,0.0,0.0,2.4087851596799997e-05,4.91591061408e-05,0.0026545916536517998,0.0015236340624119999,0.03538388985928161,0.00041675161853499995,0.0008332376068856002,0.0,0.0,0.0,1.3822498137599999e-05,0.0014020460304359997,0.000710554761831,0.06696845618606079,0.008092712196312798,0.04042490699789499,0.0,0.0,0.0,0.0,0.00018602899345559999,0.00010175731882800002,0.026025488051216,0.00025002440480919994,0.7849930830423415,0.0,0.0,0.0,0.0,0.0,2.7369237923999998e-06,0.0005154105376671999,2.5766584135999997e-06,0.024252367266492398,0.0,0.0,0.0,0.0,0.0,0.0,2.6204667176e-06,8.8529281e-09,0.00024993586611919997,0.0,0.0,0.0,0.0,0.0,0.0,0.0,0.0,8.587340257e-07,0.0,0.0,0.0,0.0,0.0,0.0,0.0,0.0,0.0,0.0,0.0,0.0,0.0,0.0,0.0,0.0,0.0,0.0
70,98,1.4128306758000005e-09,3.252042989088e-08,4.529417569944e-08,6.010325123036401e-07,1.5979312495545005e-07,3.3355804887042e-07,9.6782891542e-09,6.32270355763e-09,6.355474244000001e-11,1.90505963e-11,5.5546896668400006e-08,1.0140747417876e-07,2.61718291302786e-06,1.44830115648504e-06,1.4707047637979522e-05,5.895423488689202e-07,9.315906476963701e-07,9.296177552260002e-09,6.133527279060001e-09,2.484465559e-11,1.2340136945232e-07,4.39510361062896e-06,4.24472223583098e-06,9.524208540727765e-05,1.4764322296527963e-05,5.605997543101122e-05,7.2732290353761e-07,8.959176875304e-07,3.0087731512800003e-09,1.8035331182099999e-09,2.9677429895932195e-06,4.2572395800769196e-06,0.00018244809739563527,8.01966710172963e-05,0.0013321360428978344,3.0059998446065766e-05,7.012289228806068e-05,2.9163319049778e-07,2.9159597714808e-07,0.0,2.9538398725821e-06,0.00015202005055096402,0.00010843902911606062,0.00448658363113662,0.0005476865499182323,0.0028875324457775246,1.6976657406093716e-05,2.828841684960018e-05,0.0,0.0,5.6494893369454787e-05,6.234583420185885e-05,0.004417689056075872,0.001609281837709266,0.05076945066425513,0.0005491452169285306,0.0016467357683820581,0.0,0.0,0.0,1.869461124583794e-05,0.0018402666948011369,0.0006754363188132209,0.07921982863132986,0.0076192836366298505,0.053267086042067466,0.0,0.0,0.0,0.0,0.00018516326806106506,9.584698034412415e-05,0.024972775773559244,0.00023529795054349286,0.7390705127530957,0.0,0.0,0.0,0.0,0.0,2.626266270798309e-06,0.0004898661989350059,2.424549648161379e-06,0.02282390120271881,0.0,0.0,0.0,0.0,0.0,0.0,2.48225657468842e-06,8.1631256483042e-07,0.0002351813158716538,0.0,0.0,0.0,0.0,0.0,0.0,0.0
71,99,0.0,0.0,0.0,0.0,0.0,0.0,0.0,0.0,0.0,0.0,0.0,1.0,0.0,0.0,0.0,0.0,0.0,0.0,0.0,0.0,0.0,0.0,0.0,0.0,0.0,0.0,0.0,0.0,0.0,0.0,0.0,0.0,0.0,0.0,0.0,0.0,0.0,0.0,0.0,0.0,0.0,0.0,0.0,0.0,0.0,0.0,0.0,0.0,0.0,0.0,0.0,0.0,0.0,0.0,0.0,0.0,0.0,0.0,0.0,0.0,0.0,0.0,0.0,0.0,0.0,0.0,0.0,0.0,0.0,0.0,0.0,0.0,0.0,0.0,0.0,0.0,0.0,0.0,0.0,0.0,0.0,0.0,0.0,0.0,0.0,0.0,0.0,0.0,0.0,0.0,0.0,0.0,0.0,0.0,0.0,0.0,0.0,0.0,0.0,0.0
72,100,0.0,0.01,0.0,0.0,0.0,0.0,0.0,0.0,0.0,0.0,0.01,0.0,0.01,0.0,0.0,0.0,0.0,0.0,0.0,0.0,0.0,0.97,0.0,0.0,0.0,0.0,0.0,0.0,0.0,0.0,0.0,0.0,0.0,0.0,0.0,0.0,0.0,0.0,0.0,0.0,0.0,0.0,0.0,0.0,0.0,0.0,0.0,0.0,0.0,0.0,0.0,0.0,0.0,0.0,0.0,0.0,0.0,0.0,0.0,0.0,0.0,0.0,0.0,0.0,0.0,0.0,0.0,0.0,0.0,0.0,0.0,0.0,0.0,0.0,0.0,0.0,0.0,0.0,0.0,0.0,0.0,0.0,0.0,0.0,0.0,0.0,0.0,0.0,0.0,0.0,0.0,0.0,0.0,0.0,0.0,0.0,0.0,0.0,0.0,0.0
73,101,0.0002,0.0001,0.0002,0.0,0.0,0.0,0.0,0.0,0.0,0.0,0.0001,0.0196,0.0,0.0001,0.0,0.0,0.0,0.0,0.0,0.0,0.0194,0.0,0.0194,0.0,0.0,0.0,0.0,0.0,0.0,0.0,0.0,0.9409,0.0,0.0,0.0,0.0,0.0,0.0,0.0,0.0,0.0,0.0,0.0,0.0,0.0,0.0,0.0,0.0,0.0,0.0,0.0,0.0,0.0,0.0,0.0,0.0,0.0,0.0,0.0,0.0,0.0,0.0,0.0,0.0,0.0,0.0,0.0,0.0,0.0,0.0,0.0,0.0,0.0,0.0,0.0,0.0,0.0,0.0,0.0,0.0,0.0,0.0,0.0,0.0,0.0,0.0,0.0,0.0,0.0,0.0,0.0,0.0,0.0,0.0,0.0,0.0,0.0,0.0,0.0,0.0
74,102,6.000000000000002e-06,0.00020099999999999998,3.0000000000000005e-06,3.0000000000000005e-06,0.0,0.0,0.0,0.0,0.0,0.0,0.000585,9.8e-05,0.000585,0.0,1.0000000000000002e-06,0.0,0.0,0.0,0.0,0.0,0.000291,0.028808999999999994,0.0,0.000291,0.0,0.0,0.0,0.0,0.0,0.0,0.028227000000000002,0.0,0.028227000000000002,0.0,0.0,0.0,0.0,0.0,0.0,0.0,0.0,0.912673,0.0,0.0,0.0,0.0,0.0,0.0,0.0,0.0,0.0,0.0,0.0,0.0,0.0,0.0,0.0,0.0,0.0,0.0,0.0,0.0,0.0,0.0,0.0,0.0,0.0,0.0,0.0,0.0,0.0,0.0,0.0,0.0,0.0,0.0,0.0,0.0,0.0,0.0,0.0,0.0,0.0,0.0,0.0,0.0,0.0,0.0,0.0,0.0,0.0,0.0,0.0,0.0,0.0,0.0,0.0,0.0,0.0,0.0
75,103,7.98e-06,3.0799999999999997e-06,7.919999999999999e-06,6.000000000000001e-08,4.000000000000001e-08,0.0,0.0,0.0,0.0,0.0,1.5560000000000003e-05,0.0004947599999999999,3.89e-06,1.1680000000000002e-05,0.0,1.0000000000000002e-08,0.0,0.0,0.0,0.0,0.00114072,9.796999999999999e-05,0.00114072,0.0,3.88e-06,0.0,0.0,0.0,0.0,0.0,0.0005645400000000001,0.037635999999999996,0.0,0.0005645400000000001,0.0,0.0,0.0,0.0,0.0,0.0,0.03650692,0.0,0.03650692,0.0,0.0,0.0,0.0,0.0,0.0,0.0,0.0,0.8852928099999999,0.0,0.0,0.0,0.0,0.0,0.0,0.0,0.0,0.0,0.0,0.0,0.0,0.0,0.0,0.0,0.0,0.0,0.0,0.0,0.0,0.0,0.0,0.0,0.0,0.0,0.0,0.0,0.0,0.0,0.0,0.0,0.0,0.0,0.0,0.0,0.0,0.0,0.0,0.0,0.0,0.0,0.0,0.0,0.0,0.0,0.0,0.0,0.0
76,104,3.4600000000000005e-07,1.2798199999999997e-05,3.1063e-06,7.800199999999997e-06,5.86e-08,3.8900000000000004e-08,0.0,0.0,0.0,0.0,1.65902e-05,1.6142600000000004e-05,0.0004915203999999999,3.7739e-06,1.13689e-05,0.0,9.700000000000001e-09,0.0,0.0,0.0,1.8187900000000003e-05,0.0014992131999999997,9.506979999999998e-05,0.0011122993999999999,0.0,3.7636999999999996e-06,0.0,0.0,0.0,0.0,0.0007584817999999999,0.0005485835000000001,0.036889041799999994,0.0,0.0005476426000000001,0.0,0.0,0.0,0.0,0.0,0.0003707146,0.04500606969999999,0.0,0.03541735779999999,0.0,0.0,0.0,0.0,0.0,0.0,0.0092179973,0.0,0.8590990948999999,0.0,0.0,0.0,0.0,0.0,0.0,0.0,0.0,0.008852928099999999,0.0,0.0,0.0,0.0,0.0,0.0,0.0,0.0,0.0,0.0,0.0,0.0,0.0,0.0,0.0,0.0,0.0,0.0,0.0,0.0,0.0,0.0,0.0,0.0,0.0,0.0,0.0,0.0,0.0,0.0,0.0,0.0,0.0,0.0,0.0,0.0,0.0,0.0
77,105,3.00804e-07,6.560910000000001e-07,1.7438522999999995e-05,3.129438e-06,7.680857999999996e-06,5.7231e-08,3.783e-08,0.0,0.0,0.0,5.126670000000001e-07,3.6127811999999996e-05,1.6677822e-05,0.0004880894729999998,3.6612689999999998e-06,1.1065956000000002e-05,0.0,9.409e-09,0.0,0.0,2.2924730999999996e-05,2.4240222e-05,0.0018391654199999994,9.225544499999999e-05,0.00108455817,0.0,3.6508859999999997e-06,0.0,0.0,0.0,1.6959678000000003e-05,0.001569670593,0.0005330766930000001,0.036153143544,0.0,0.000531250959,0.0,0.0,0.0,0.0,0.000553532634,0.000365078997,0.05296994255399999,0.0,0.03436031349199999,0.0,0.0,0.0,0.0,0.0,9.588711899999998e-05,0.018071038308,0.0,0.833680295631,0.0,0.0,0.0,0.0,0.0,0.0,0.000180709254,0.0,0.017178331206,0.0,0.0,0.0,0.0,0.0,0.0,0.0,0.0,8.8529281e-05,0.0,0.0,0.0,0.0,0.0,0.0,0.0,0.0,0.0,0.0,0.0,0.0,0.0,0.0,0.0,0.0,0.0,0.0,0.0,0.0,0.0,0.0,0.0,0.0,0.0,0.0,0.0,0.0
78,109,7.823113183199999e-10,1.13046298644e-09,2.9355252017939994e-08,1.3793781129839997e-08,1.5221306362271997e-07,6.116081953079998e-09,9.626943554609998e-09,9.636805593999999e-11,6.342781794e-11,2.578095100000001e-13,2.7514208792400003e-09,9.002613600924e-08,5.4614689116e-08,1.5692748932901594e-06,1.5764050987124996e-07,9.066116159675997e-07,7.62595814392e-09,1.549523242185e-08,3.141675674000001e-11,3.744011044000001e-11,1.1227912174626e-07,9.678317788272001e-08,4.816439738464799e-06,1.0442552495852999e-06,2.8343271380713613e-05,3.2291249407097995e-07,1.64851270278264e-06,3.0469807538800003e-09,9.1110105981e-09,6.19733194e-12,1.4207053345176e-07,6.79945504248984e-06,2.7448746488080196e-06,0.00014063562389953974,6.351326835120359e-06,8.55142660191028e-05,1.7784345816008997e-07,1.1845311779064e-06,0.0,1.8035331182099999e-09,4.44654160881024e-06,2.8400281651739695e-06,0.00024288844965711037,3.418196688506245e-05,0.0018498198441764483,5.919922010967778e-06,8.692453247190131e-05,0.0,2.9159597714807995e-07,0.0,2.8906248750951595e-06,0.00019166776987313784,5.3081005570786497e-05,0.005288231824782028,9.643297840179783e-05,0.0034310163718094186,0.0,2.8288416849600174e-05,0.0,0.0,6.922658602738435e-05,3.671216555568472e-05,0.004976874367446599,0.00048294548909294993,0.05831018498504341,0.0,0.0016467357683820575,0.0,0.0,0.0,1.7712895555581694e-05,0.0019306423329208595,0.000330796324145502,0.07945270082980589,0.0,0.053267086042067466,0.0,0.0,0.0,0.0,0.00018765966895897886,8.830734340428983e-05,0.024975175327850214,0.0,0.7390705127530957,0.0,0.0,0.0,0.0,0.0,5.082932571520869e-06,0.0004906740959063846,0.00023518131587165386,0.02282390120271881,0.0,0.0,0.0,0.0,0.0,0.0
79,110,0.0,0.0,0.0,0.0,0.0,0.0,0.0,0.0,0.0,0.0,0.0,0.0,0.0,0.0,0.0,0.0,0.0,0.0,0.0,0.0,0.0,1.0,0.0,0.0,0.0,0.0,0.0,0.0,0.0,0.0,0.0,0.0,0.0,0.0,0.0,0.0,0.0,0.0,0.0,0.0,0.0,0.0,0.0,0.0,0.0,0.0,0.0,0.0,0.0,0.0,0.0,0.0,0.0,0.0,0.0,0.0,0.0,0.0,0.0,0.0,0.0,0.0,0.0,0.0,0.0,0.0,0.0,0.0,0.0,0.0,0.0,0.0,0.0,0.0,0.0,0.0,0.0,0.0,0.0,0.0,0.0,0.0,0.0,0.0,0.0,0.0,0.0,0.0,0.0,0.0,0.0,0.0,0.0,0.0,0.0,0.0,0.0,0.0,0.0,0.0
80,116,7.0259999999999995e-09,4.37237e-07,3.15465e-07,1.1408375999999997e-05,9.98228e-07,2.8229910000000003e-06,0.0,0.0,0.0,0.0,3.52251e-07,3.45438e-07,3.3939659999999993e-05,2.7953490000000004e-06,0.0002878330499999999,0.0,2.7662460000000003e-06,0.0,0.0,0.0,3.77703e-07,3.7905328e-05,1.3832105999999999e-05,0.0013807292489999997,9.12673e-07,0.000542241252,0.0,9.12673e-07,0.0,0.0,1.7231916000000004e-05,1.6853851e-05,0.0019285885560000001,0.00026561607000000003,0.027114857657999994,0.0,0.00026561607000000003,0.0,0.0,0.0,8.614488e-06,0.0011097500490000003,0.000273802191,0.05315076530400001,0.0,0.025770235119000003,0.0,0.0,0.0,0.0,0.00019200325800000002,9.682801999999999e-05,0.027114857658000004,0.0,0.8337688531399999,0.0,0.0,0.0,0.0,0.0,2.822991e-06,0.0005422412519999999,0.0,0.025770235118999993,0.0,0.0,0.0,0.0,0.0,0.0,2.766246e-06,0.0,0.00026561607,0.0,0.0,0.0,0.0,0.0,0.0,0.0,0.0,9.126730000000001e-07,0.0,0.0,0.0,0.0,0.0,0.0,0.0,0.0,0.0,0.0,0.0,0.0,0.0,0.0,0.0,0.0,0.0,0.0
81,120,2.7522019680000002e-11,7.310701704000001e-10,4.4145200922e-10,1.0830493363079996e-08,1.5788222645999998e-09,6.0356433366599994e-09,7.895535105e-11,9.622175376e-11,3.2538360000000003e-13,1.9364013000000004e-13,1.7122507225800004e-09,1.09183453296e-09,5.7882450277919987e-08,9.615027116819999e-09,2.967810321817799e-07,3.3803187138599995e-09,1.711255055544e-08,3.1985719960000003e-11,9.450093762000002e-11,6.416938e-14,3.2224664050800003e-09,1.3045542578628e-07,3.339579127608e-08,2.1049309046284792e-06,6.819799947357e-08,1.21579031937216e-06,1.91854555264e-09,1.850417642601e-08,1.8253460000000003e-14,3.744011044000001e-11,1.4881490813448002e-07,6.389712265113e-08,5.745112702820578e-06,4.3387541962439994e-07,3.380778155044847e-05,6.799328195124e-08,1.8226875112754401e-06,6.19733194e-12,9.1110105981e-09,6.19733194e-12,1.4879032521666003e-07,7.80194849633724e-06,1.3997600082433199e-06,0.00014905821764831805,1.33419271677384e-06,9.111515007099111e-05,1.54856878893e-09,1.1845311779064e-06,0.0,1.8035331182099999e-09,5.38580224716189e-06,2.0045169176171197e-06,0.0002577255455280869,1.3332727965831689e-05,0.0019275586608495363,1.8433309713623998e-07,8.692453247190131e-05,0.0,2.9159597714808e-07,0.0,3.1270047048936405e-06,0.00021137821891637664,3.2978490418055377e-05,0.005295380748555626,1.0659755472840179e-05,0.0034310163718094186,0.0,2.828841684960018e-05,0.0,0.0,7.939814921613336e-05,2.898881411219606e-05,0.005209720292330392,0.00024519834594539675,0.058310184985043395,0.0,0.0016467357683820581,0.0,0.0,0.0,1.8612834649830337e-05,0.0020146157696384354,0.0002483561579161069,0.0794527008298059,0.0,0.05326708604206748,0.0,0.0,0.0,0.0,0.00019519016525054985,0.0005764998697232065,0.025207932094073703,0.0228239012027188,0.7390705127530957,0.0,0.0,0.0,0.0,0.0
82,121,0.0,0.0,0.0,0.0,0.0,0.0,0.0,0.0,0.0,0.0,0.0,0.0,0.0,0.0,0.0,0.0,0.0,0.0,0.0,0.0,0.0,0.0,0.0,0.0,0.0,0.0,0.0,0.0,0.0,0.0,0.0,1.0,0.0,0.0,0.0,0.0,0.0,0.0,0.0,0.0,0.0,0.0,0.0,0.0,0.0,0.0,0.0,0.0,0.0,0.0,0.0,0.0,0.0,0.0,0.0,0.0,0.0,0.0,0.0,0.0,0.0,0.0,0.0,0.0,0.0,0.0,0.0,0.0,0.0,0.0,0.0,0.0,0.0,0.0,0.0,0.0,0.0,0.0,0.0,0.0,0.0,0.0,0.0,0.0,0.0,0.0,0.0,0.0,0.0,0.0,0.0,0.0,0.0,0.0,0.0,0.0,0.0,0.0,0.0,0.0
83,128,1.4504e-10,6.793880000000001e-09,2.8232600000000004e-09,1.2609844999999996e-07,1.0273309999999997e-08,3.821218999999999e-08,0.0,0.0,0.0,0.0,1.2989640000000004e-08,5.7783e-09,6.449900699999999e-07,3.8591460000000006e-08,3.988925329999999e-06,0.0,5.589237e-08,0.0,0.0,0.0,1.785766e-08,1.29787081e-06,1.6037914e-07,2.809971135e-05,1.872391e-08,1.106670675e-05,0.0,3.678919e-08,0.0,0.0,1.1823386500000001e-06,4.3205722e-07,6.989797897e-05,1.9181332899999997e-06,0.00056956730745,9.126730000000001e-09,1.077095857e-05,0.0,9.126730000000001e-09,0.0,9.1303071e-07,7.704281929e-05,1.0035481469999999e-05,0.0021621073081500002,1.7891213499999999e-06,0.00105748110291,0.0,3.54145351e-06,0.0,0.0,3.7109932470000005e-05,1.4638409809999998e-05,0.0028536021865500005,8.947902836999998e-05,0.03542831046389,0.0,0.00051534993909,0.0,0.0,0.0,1.220323733e-05,0.0014442906908100003,0.00017628364259000002,0.06042278180405001,0.0,0.03333481659683,0.0,0.0,0.0,0.0,0.00019440415923,9.126871522999995e-05,0.026567192852669997,0.0,0.80901348989699,0.0,0.0,0.0,0.0,0.0,2.76596373e-06,0.0005286669643300001,0.0,0.024999784226129997,0.0,0.0,0.0,0.0,0.0,0.0,2.6923853499999994e-06,8.852928099999999e-07,0.00025765671462999997,0.0,0.0,0.0,0.0,0.0,0.0,0.0
84,129,2.0073600000000004e-10,1.5540480000000003e-10,7.8070566e-09,1.7778647999999998e-09,4.163509279999999e-08,4.84855e-10,9.410456e-10,0.0,0.0,0.0,5.069448e-10,2.6148568800000003e-08,4.7860512000000004e-09,4.49651764e-07,1.0538264399999996e-08,1.881810688e-07,0.0,9.268156e-10,0.0,0.0,3.758062200000001e-08,1.17078912e-08,1.6185959792000001e-06,5.840607959999999e-08,9.956594825599999e-06,2.7850640000000004e-10,2.72960144e-07,0.0,4.591592e-10,0.0,4.2596196e-08,2.7401660548e-06,2.794244856e-07,5.5272445955199996e-05,5.53260064e-08,2.71128992368e-05,9.126730000000002e-11,1.789009024e-07,0.0,9.126730000000002e-11,2.2975263152000004e-06,6.749647232999999e-07,0.0001187285627408,2.873625603199999e-06,0.000938959276976,2.6744141599999997e-08,2.6211554768000002e-05,0.0,4.42674632e-08,0.0,1.5251555848e-06,0.00011808156280960001,1.2538427833599998e-05,0.0030842910334504,2.6302379931999996e-06,0.0017185414398208,0.0,8.5887092956e-06,0.0,0.0,5.250561536960001e-05,1.6996813467199997e-05,0.0036523367744288006,8.855749394479999e-05,0.043393172032951996,0.0,0.0008332376068856,0.0,0.0,0.0,1.4721528591999998e-05,0.0016738646098480002,0.00017190782046460002,0.06721590301968641,0.0,0.04042490699789499,0.0,0.0,0.0,0.0,0.00019391328758719997,8.856716633849995e-05,0.026028038146140797,0.0,0.7849930830423415,0.0,0.0,0.0,0.0,0.0,5.330375389199999e-06,0.0005162691804256,0.00024993586611919997,0.024252367266492394,0.0,0.0,0.0,0.0,0.0,0.0
85,130,1.0638216000000002e-11,3.4311766200000006e-10,1.45263774e-10,5.0087177819999996e-09,5.443607699999999e-10,2.3124206220000003e-09,1.4259005999999999e-11,1.8678612e-11,0.0,0.0,8.370752760000002e-10,3.2075152800000006e-10,2.8516808022e-08,2.4618328079999996e-09,1.4633031659999997e-07,5.78477058e-10,5.533494516e-09,0.0,1.3859748e-11,0.0,1.4105835480000001e-09,6.9327538296e-08,8.137854228e-09,1.10463857868e-06,1.1362222391999996e-08,5.559601788e-07,3.697737000000001e-12,5.4222131880000005e-09,0.0,5.504265e-12,8.725608900000002e-08,2.1326508512999997e-08,3.337449847332e-06,8.873765816399999e-08,1.9871343202511996e-05,1.091765361e-09,7.998048887520001e-07,9.126730000000001e-13,2.677980753e-09,9.126730000000001e-13,8.629477635300002e-08,5.0490375918120005e-06,4.319119326329999e-07,9.503406130821599e-05,1.08972303588e-07,5.3136634975344e-05,3.5597069699999994e-10,5.219791905960001e-07,0.0,5.31203913e-10,3.949723863384001e-06,9.653197504569999e-07,0.000183713799565464,3.824678432819999e-06,0.001392750543728952,5.2244197284e-08,5.102888568498e-05,0.0,1.2882653225999998e-07,0.0,2.321640491544e-06,0.00016832618592177602,1.4936896277358e-05,0.004134376420717559,3.4369057928519994e-06,0.0025134983630035017,0.0,1.6663424085588e-05,0.0,0.0,6.975544116878401e-05,1.9238874217134997e-05,0.004491944728952689,8.761984733110199e-05,0.05101771580256266,0.0,0.0012124895486579819,0.0,0.0,0.0,1.7157991027389e-05,0.0018910308776940961,0.000170135616175239,0.07355216081364556,0.0,0.047062090618381555,0.0,0.0,0.0,0.0,0.00019848234864525594,0.000589243918776261,0.02573732115636138,0.023527295607158813,0.7616858142237362,0.0,0.0,0.0,0.0,0.0
86,131,1.2014693700000004e-11,1.8410399160000003e-11,6.6953202792e-10,2.2105497437999997e-10,6.350327228459998e-09,5.570815137599999e-10,2.2987123246800004e-09,1.401802194e-11,1.825685112e-11,0.0,2.5790485680000005e-11,1.7938376575200004e-09,4.1857849026e-10,4.0221079911959997e-08,2.5128284259599996e-09,1.4757846804137995e-07,5.6130231369e-10,5.422037196000001e-09,0.0,1.349899821e-11,1.5883128612000002e-09,1.6661171842499999e-09,1.1195376448746001e-07,8.9193357348e-09,1.2772357582987197e-06,1.1038095121799996e-08,5.473889794005601e-07,3.5959316200000003e-12,5.28652024002e-09,5.34826378e-12,1.96287957414e-09,1.6919655610440002e-07,2.5974587707859995e-08,4.39742678280612e-06,8.728979133248999e-08,1.9820126906865598e-05,1.06261821124e-09,7.811115359348102e-07,8.9441954e-13,2.6038937049999996e-09,9.172312320549001e-08,9.789151497844001e-08,7.71841957126776e-06,4.5917845859972996e-07,0.00010684062468803759,1.0624005381377999e-07,5.206604262372696e-05,3.453007028199999e-10,5.0764017204738e-07,5.152769223399999e-10,7.322978881738002e-08,7.402122378273002e-06,1.1282950243713998e-06,0.00023442399583604737,3.7459193027726384e-06,0.0013771446662537217,5.068043107244999e-08,4.967116141251503e-05,0.0,1.2496704833132999e-07,2.4435299144548803e-06,2.60340217924718e-06,0.0002513767498364799,1.5437603704605e-05,0.0045595847751889835,3.3343210610392795e-06,0.002450895230697682,0.0,1.616480962834296e-05,0.0,1.08473946904852e-06,0.0001331757958594061,2.1388631588457938e-05,0.005644228917453367,8.502562096909745e-05,0.04999506511378621,0.0,0.001176281496439098,0.0,0.0,2.1764266585355255e-05,2.442943538825368e-05,0.0028721142183528695,0.000401180702234881,0.07994325219568299,0.0,0.04566235279531669,0.0,0.0,0.0,1.0033666070941619e-05,0.00047470383771421563,0.0010659141250099274,0.03355285422811595,0.03043833488118141,0.7393058607032078,0.0,0.0,0.0,0.0
87,132,0.0,0.0,0.0,0.0,0.0,0.0,0.0,0.0,0.0,0.0,0.0,0.0,0.0,0.0,0.0,0.0,0.0,0.0,0.0,0.0,0.0,0.0,0.0,0.0,0.0,0.0,0.0,0.0,0.0,0.0,0.0,0.0,0.0,0.0,0.0,0.0,0.0,0.0,0.0,0.0,0.0,1.0,0.0,0.0,0.0,0.0,0.0,0.0,0.0,0.0,0.0,0.0,0.0,0.0,0.0,0.0,0.0,0.0,0.0,0.0,0.0,0.0,0.0,0.0,0.0,0.0,0.0,0.0,0.0,0.0,0.0,0.0,0.0,0.0,0.0,0.0,0.0,0.0,0.0,0.0,0.0,0.0,0.0,0.0,0.0,0.0,0.0,0.0,0.0,0.0,0.0,0.0,0.0,0.0,0.0,0.0,0.0,0.0,0.0,0.0
88,133,0.0,0.0,0.0,0.0,0.0,0.0,0.0,0.0,0.0,0.0,0.0,0.0,0.0,0.0,0.0,0.0,0.0,0.0,0.0,0.0,0.0,0.0,0.0,0.0,0.0,0.0,0.0,0.0,0.0,0.0,0.0,0.01,0.0,0.0,0.0,0.0,0.0,0.0,0.0,0.0,0.01,0.0,0.01,0.0,0.0,0.0,0.0,0.0,0.0,0.0,0.0,0.97,0.0,0.0,0.0,0.0,0.0,0.0,0.0,0.0,0.0,0.0,0.0,0.0,0.0,0.0,0.0,0.0,0.0,0.0,0.0,0.0,0.0,0.0,0.0,0.0,0.0,0.0,0.0,0.0,0.0,0.0,0.0,0.0,0.0,0.0,0.0,0.0,0.0,0.0,0.0,0.0,0.0,0.0,0.0,0.0,0.0,0.0,0.0,0.0
89,134,0.0,0.0,0.0,0.0,0.0,0.0,0.0,0.0,0.0,0.0,0.0,0.0,0.0,0.0,0.0,0.0,0.0,0.0,0.0,0.0,0.0,0.0001,0.0,0.0,0.0,0.0,0.0,0.0,0.0,0.0,0.0002,0.0,0.0098,0.0,0.0,0.0,0.0,0.0,0.0,0.0,0.0001,0.0196,0.0,0.0097,0.0,0.0,0.0,0.0,0.0,0.0,0.0098,0.0,0.941,0.0,0.0,0.0,0.0,0.0,0.0,0.0,0.0,0.0097,0.0,0.0,0.0,0.0,0.0,0.0,0.0,0.0,0.0,0.0,0.0,0.0,0.0,0.0,0.0,0.0,0.0,0.0,0.0,0.0,0.0,0.0,0.0,0.0,0.0,0.0,0.0,0.0,0.0,0.0,0.0,0.0,0.0,0.0,0.0,0.0,0.0,0.0
90,135,0.0,0.0,0.0,0.0,0.0,0.0,0.0,0.0,0.0,0.0,0.0,1.0000000000000002e-06,0.0,0.0,0.0,0.0,0.0,0.0,0.0,0.0,3.0000000000000005e-06,0.0,0.000195,0.0,0.0,0.0,0.0,0.0,0.0,0.0,3.0000000000000005e-06,0.000489,0.0,0.009602999999999999,0.0,0.0,0.0,0.0,0.0,0.0,0.00029699999999999996,9.7e-05,0.028616999999999997,0.0,0.009409,0.0,0.0,0.0,0.0,0.0,9.9e-05,0.019208999999999997,0.0,0.912867,0.0,0.0,0.0,0.0,0.0,0.0,0.000195,0.0,0.018819000000000002,0.0,0.0,0.0,0.0,0.0,0.0,0.0,0.0,9.7e-05,0.0,0.0,0.0,0.0,0.0,0.0,0.0,0.0,0.0,0.0,0.0,0.0,0.0,0.0,0.0,0.0,0.0,0.0,0.0,0.0,0.0,0.0,0.0,0.0,0.0,0.0,0.0,0.0
91,136,0.0,1.0000000000000002e-08,0.0,0.0,0.0,0.0,0.0,0.0,0.0,0.0,4.000000000000001e-08,0.0,2.92e-06,0.0,0.0,0.0,0.0,0.0,0.0,0.0,6.000000000000001e-08,9.76e-06,0.0,0.00028518,0.0,0.0,0.0,0.0,0.0,0.0,7.919999999999999e-06,3.88e-06,0.0008584799999999999,0.0,0.009408999999999999,0.0,0.0,0.0,0.0,0.0,4.959999999999999e-06,0.00077124,9.409e-05,0.03707728,0.0,0.00912673,0.0,0.0,0.0,0.0,0.000198,9.699999999999999e-05,0.028235759999999995,0.0,0.88557508,0.0,0.0,0.0,0.0,0.0,2.94e-06,0.0005704,0.0,0.0273831,0.0,0.0,0.0,0.0,0.0,0.0,2.92e-06,0.0,0.00028228000000000004,0.0,0.0,0.0,0.0,0.0,0.0,0.0,0.0,9.7e-07,0.0,0.0,0.0,0.0,0.0,0.0,0.0,0.0,0.0,0.0,0.0,0.0,0.0,0.0,0.0,0.0,0.0,0.0
92,137,5.000000000000001e-10,1.0000000000000002e-10,2.93e-08,0.0,0.0,0.0,0.0,0.0,0.0,0.0,1.0000000000000003e-09,1.3690000000000001e-07,0.0,2.881e-06,0.0,0.0,0.0,0.0,0.0,0.0,2.162e-07,3.94e-08,1.43666e-05,0.0,9.69418e-05,0.0,0.0,0.0,0.0,0.0,2.258e-07,2.5843599999999998e-05,9.797000000000001e-07,0.0007500721999999999,0.0,0.00018535729999999997,0.0,0.0,0.0,0.0,1.74244e-05,5.7241e-06,0.0014935683999999997,9.409000000000001e-07,0.018444520899999997,0.0,9.12673e-05,0.0,0.0,0.0,7.790599999999998e-06,0.0010381443999999999,9.22373e-05,0.045376901,0.0,0.017708678899999997,0.0,0.0,0.0,0.0,0.0001978226,9.411939999999999e-05,0.02767104499999999,0.0,0.8592816585999999,0.0,0.0,0.0,0.0,0.0,2.8809999999999996e-06,0.0005561496999999999,0.0,0.0265644298,0.0,0.0,0.0,0.0,0.0,0.0,2.8421e-06,0.0,0.00027382130000000004,0.0,0.0,0.0,0.0,0.0,0.0,0.0,0.0,9.409e-07,0.0,0.0,0.0,0.0,0.0,0.0,0.0,0.0
93,142,2.130189e-13,1.3541044680000002e-11,7.74316944e-12,4.0737230694000007e-10,7.409532101999999e-11,2.6084506159199998e-09,1.0892782907999998e-10,4.745490357e-10,0.0,0.0,1.457572704e-11,1.382131509e-11,1.3450153389e-09,6.402809411999999e-11,2.142907877772e-08,2.7696517578000003e-10,5.242553817779998e-08,0.0,9.034559435999999e-10,0.0,2.1907033619999998e-11,2.1207708601199995e-09,5.532155233200001e-10,7.759078811807999e-08,6.925918644e-10,6.4997494391178e-07,5.532209729999999e-12,1.8240939822e-07,0.0,8.809576132499999e-10,1.47385784133e-09,1.4162624395599998e-09,1.5573621248183997e-07,5.1812842950900005e-09,2.95227530147184e-06,1.11161289378e-09,9.906065847830641e-06,3.59593162e-12,2.603303017389e-07,4.337934769e-10,1.5109344100599998e-09,1.5339992396112e-07,4.9503941955940005e-08,6.731763338208359e-06,5.960938226025001e-08,7.117440582902881e-05,1.0590774163599999e-09,2.6028784968890973e-05,1.77058562e-12,1.6928233249155996e-07,7.113465788855999e-08,6.638780319601999e-08,8.507421250219438e-06,3.8631792289175995e-07,0.00019833905612274286,1.0520081226498e-07,0.0009179558983865993,3.4442453674e-10,2.4833411225500505e-05,4.1653026710499995e-08,4.5437380388259985e-08,4.963865887692839e-06,1.8188417087995595e-06,0.0002703817278292416,3.6435653263463996e-06,0.0038023541142410064,5.0339566336769997e-08,0.0016338173199092467,0.0,8.08197537414285e-06,1.37119791054237e-06,1.2034684144148797e-06,0.00018688148003860464,1.4481707055453448e-05,0.005817183431627418,3.2845040005643994e-06,0.0416625542614885,0.0,0.0007841598897057418,0.0,5.3622063858348e-07,5.247675735216503e-05,3.582651878152218e-05,0.003726280048067109,0.0006331951131477209,0.08010680317850771,0.0,0.038051960662763895,0.0,0.0,5.2287559297965595e-06,2.5854501967606045e-05,0.0008478301208501033,0.0017172028450091843,0.04189529454001871,0.03805196066276391,0.7393843183540588,0.0,0.0,0.0
94,143,0.0,0.0,0.0,0.0,0.0,0.0,0.0,0.0,0.0,0.0,0.0,0.0,0.0,0.0,0.0,0.0,0.0,0.0,0.0,0.0,0.0,0.0,0.0,0.0,0.0,0.0,0.0,0.0,0.0,0.0,0.0,0.0,0.0,0.0,0.0,0.0,0.0,0.0,0.0,0.0,0.0,0.0,0.0,0.0,0.0,0.0,0.0,0.0,0.0,0.0,0.0,1.0,0.0,0.0,0.0,0.0,0.0,0.0,0.0,0.0,0.0,0.0,0.0,0.0,0.0,0.0,0.0,0.0,0.0,0.0,0.0,0.0,0.0,0.0,0.0,0.0,0.0,0.0,0.0,0.0,0.0,0.0,0.0,0.0,0.0,0.0,0.0,0.0,0.0,0.0,0.0,0.0,0.0,0.0,0.0,0.0,0.0,0.0,0.0,0.0
95,144,0.0,0.0,0.0,0.0,0.0,0.0,0.0,0.0,0.0,0.0,0.0,0.0,0.0,0.0,0.0,0.0,0.0,0.0,0.0,0.0,0.0,0.0,0.0,0.0,0.0,0.0,0.0,0.0,0.0,0.0,0.0,0.0,0.0,0.0,0.0,0.0,0.0,0.0,0.0,0.0,0.0,0.01,0.0,0.0,0.0,0.0,0.0,0.0,0.0,0.0,0.01,0.0,0.97,0.0,0.0,0.0,0.0,0.0,0.0,0.0,0.0,0.01,0.0,0.0,0.0,0.0,0.0,0.0,0.0,0.0,0.0,0.0,0.0,0.0,0.0,0.0,0.0,0.0,0.0,0.0,0.0,0.0,0.0,0.0,0.0,0.0,0.0,0.0,0.0,0.0,0.0,0.0,0.0,0.0,0.0,0.0,0.0,0.0,0.0,0.0
96,145,0.0,0.0,0.0,0.0,0.0,0.0,0.0,0.0,0.0,0.0,0.0,0.0,0.0,0.0,0.0,0.0,0.0,0.0,0.0,0.0,0.0,0.0,0.0,0.0,0.0,0.0,0.0,0.0,0.0,0.0,0.0,0.0001,0.0,0.0,0.0,0.0,0.0,0.0,0.0,0.0,0.0002,0.0,0.0194,0.0,0.0,0.0,0.0,0.0,0.0,0.0,0.0001,0.0196,0.0,0.9409,0.0,0.0,0.0,0.0,0.0,0.0,0.0002,0.0,0.0194,0.0,0.0,0.0,0.0,0.0,0.0,0.0,0.0,0.0001,0.0,0.0,0.0,0.0,0.0,0.0,0.0,0.0,0.0,0.0,0.0,0.0,0.0,0.0,0.0,0.0,0.0,0.0,0.0,0.0,0.0,0.0,0.0,0.0,0.0,0.0,0.0,0.0
97,146,0.0,0.0,0.0,0.0,0.0,0.0,0.0,0.0,0.0,0.0,0.0,0.0,0.0,0.0,0.0,0.0,0.0,0.0,0.0,0.0,0.0,1.0000000000000002e-06,0.0,0.0,0.0,0.0,0.0,0.0,0.0,0.0,3.0000000000000005e-06,0.0,0.000291,0.0,0.0,0.0,0.0,0.0,0.0,0.0,3.0000000000000005e-06,0.000585,0.0,0.028227000000000002,0.0,0.0,0.0,0.0,0.0,0.0,0.00020099999999999998,9.7e-05,0.028808999999999994,0.0,0.912673,0.0,0.0,0.0,0.0,0.0,3.0000000000000005e-06,0.000585,0.0,0.028227000000000002,0.0,0.0,0.0,0.0,0.0,0.0,3.0000000000000005e-06,0.0,0.000291,0.0,0.0,0.0,0.0,0.0,0.0,0.0,0.0,1.0000000000000002e-06,0.0,0.0,0.0,0.0,0.0,0.0,0.0,0.0,0.0,0.0,0.0,0.0,0.0,0.0,0.0,0.0,0.0,0.0
98,147,0.0,0.0,0.0,0.0,0.0,0.0,0.0,0.0,0.0,0.0,0.0,1.0000000000000002e-08,0.0,0.0,0.0,0.0,0.0,0.0,0.0,0.0,4.000000000000001e-08,0.0,2.9200000000000004e-06,0.0,0.0,0.0,0.0,0.0,0.0,0.0,6.000000000000001e-08,9.760000000000001e-06,0.0,0.00028518000000000006,0.0,0.0,0.0,0.0,0.0,0.0,1.0800000000000002e-05,1e-06,0.00085848,0.0,0.009408999999999999,0.0,0.0,0.0,0.0,0.0,5.92e-06,0.0008634,9.7e-07,0.037077280000000004,0.0,0.00912673,0.0,0.0,0.0,0.0,0.00020088000000000001,9.412e-05,0.028235759999999995,0.0,0.88557508,0.0,0.0,0.0,0.0,0.0,2.9400000000000007e-06,0.0005704000000000001,0.0,0.0273831,0.0,0.0,0.0,0.0,0.0,0.0,2.9200000000000004e-06,0.0,0.00028228,0.0,0.0,0.0,0.0,0.0,0.0,0.0,0.0,9.7e-07,0.0,0.0,0.0,0.0,0.0,0.0,0.0,0.0
99,148,0.0,1.0000000000000002e-10,0.0,0.0,0.0,0.0,0.0,0.0,0.0,0.0,5.000000000000001e-10,0.0,2.9300000000000004e-08,0.0,0.0,0.0,0.0,0.0,0.0,0.0,1.0000000000000003e-09,1.3690000000000001e-07,0.0,2.881000000000001e-06,0.0,0.0,0.0,0.0,0.0,0.0,2.4500000000000004e-07,1.06e-08,1.43666e-05,0.0,9.69418e-05,0.0,0.0,0.0,0.0,0.0,2.3540000000000003e-07,2.6794e-05,1.97e-08,0.0007500722000000001,0.0,0.00018535729999999997,0.0,0.0,0.0,0.0,2.1178e-05,1.9801e-06,0.00149449,9.700000000000001e-09,0.018444520899999997,0.0,9.12673e-05,0.0,0.0,0.0,8.721800000000002e-06,0.0011275684,1.8821e-06,0.045376901000000004,0.0,0.017708678899999997,0.0,0.0,0.0,0.0,0.00020061620000000002,9.13258e-05,0.02767104499999999,0.0,0.8592816585999999,0.0,0.0,0.0,0.0,0.0,2.8810000000000005e-06,0.0005561497,0.0,0.0265644298,0.0,0.0,0.0,0.0,0.0,0.0,2.8421000000000003e-06,9.409e-07,0.0002738213,0.0,0.0,0.0,0.0,0.0,0.0,0.0
100,149,6.000000000000002e-12,1.0000000000000002e-12,2.9400000000000007e-10,0.0,0.0,0.0,0.0,0.0,0.0,0.0,1.5000000000000003e-11,1.7640000000000003e-09,0.0,2.910300000000001e-08,0.0,0.0,0.0,0.0,0.0,0.0,4.314000000000001e-09,1.1600000000000001e-10,2.0226600000000002e-07,0.0,9.982280000000002e-07,0.0,0.0,0.0,0.0,0.0,5.880000000000002e-09,5.468490000000001e-07,3.0300000000000004e-10,1.1408376000000002e-05,0.0,2.822991e-06,0.0,0.0,0.0,0.0,7.197240000000001e-07,3.2634e-08,3.6649164e-05,2.94e-10,0.00028783304999999994,0.0,2.766246e-06,0.0,0.0,0.0,5.471370000000001e-07,5.2422544e-05,5.7828e-08,0.001380729153,9.700000000000001e-11,0.0005422412519999999,0.0,9.126730000000001e-07,0.0,0.0,3.3911723999999995e-05,2.9399939999999996e-06,0.002191410444,2.8230000000000002e-08,0.027114857658,0.0,0.00026561607,0.0,0.0,0.0,1.1408376000000002e-05,0.0013780194569999998,2.738895e-06,0.05315076530400001,0.0,0.025770235118999993,0.0,0.0,0.0,0.0,0.00020021644200000002,8.8624245e-05,0.027114857657999994,0.0,0.8337688531399999,0.0,0.0,0.0,0.0,0.0,5.589237e-06,0.000543144516,0.00026561607000000003,0.025770235119000003,0.0,0.0,0.0,0.0,0.0,0.0
101,150,2.8000000000000007e-13,2.0650000000000004e-11,2.950000000000001e-12,2.9397000000000007e-10,0.0,0.0,0.0,0.0,0.0,0.0,6.675000000000002e-11,2.28e-12,2.61651e-09,0.0,1.0273310000000002e-08,0.0,0.0,0.0,0.0,0.0,1.1765000000000003e-10,9.245370000000002e-09,4.1900000000000005e-12,1.5431861000000003e-07,0.0,3.821219e-08,0.0,0.0,0.0,0.0,1.6909110000000005e-08,5.0069e-10,6.822419100000001e-07,5.9700000000000014e-12,3.988925329999999e-06,0.0,5.589237e-08,0.0,0.0,0.0,1.8698550000000003e-08,1.42835785e-06,1.20147e-09,2.8118238390000002e-05,3.910000000000001e-12,1.1066706749999999e-05,0.0,3.678919e-08,0.0,0.0,1.5669463300000001e-06,6.710456999999999e-08,7.179531049e-05,1.1467300000000002e-09,0.0005695763391299999,9.700000000000001e-13,1.077095857e-05,0.0,9.126730000000001e-09,0.0,1.01332383e-06,8.688328393e-05,1.1316434999999999e-07,0.0021638776124700003,3.763900000000001e-10,0.0010574811029099998,0.0,3.54145351e-06,0.0,0.0,4.879081502999999e-05,3.8795093399999994e-06,0.0029421045548700003,5.477205e-08,0.03542831046389,0.0,0.0005153499390899999,0.0,0.0,0.0,1.4010423960000004e-05,0.0016152610594499998,6.1991313e-06,0.06042278180405001,0.0,0.03333481659682999,0.0,0.0,0.0,0.0,0.00020511884616000002,0.0006155277512399999,0.02682219331250999,0.02499978422613,0.80901348989699,0.0,0.0,0.0,0.0,0.0
102,151,8.796000000000003e-13,5.304000000000001e-13,4.9164800000000006e-11,5.8012000000000016e-12,3.878840000000001e-10,0.0,0.0,0.0,0.0,0.0,1.8696000000000004e-12,1.835728e-10,2.283e-12,4.1868736e-09,0.0,1.0347232600000001e-08,0.0,0.0,0.0,0.0,2.633888000000001e-10,1.1919210000000003e-10,1.7359779200000004e-08,4.124000000000001e-12,1.9006316000000002e-07,0.0,3.7624748e-08,0.0,0.0,0.0,3.622600000000001e-10,3.7600288e-08,4.977855999999999e-10,9.84389476e-07,5.830000000000001e-12,3.980865683199999e-06,0.0,5.45834908e-08,0.0,0.0,3.03091184e-08,1.88256608e-08,2.3914650224e-06,1.176992e-09,3.312101095040001e-05,3.802400000000001e-12,1.0843341948799999e-05,0.0,3.57767816e-08,0.0,2.66607328e-08,3.1210074628e-06,6.62465584e-08,9.725717307519999e-05,1.1161408000000003e-09,0.0005632822366383999,9.409000000000002e-13,1.0483703507199999e-05,0.0,8.8529281e-09,1.3825436911999998e-06,1.0235218976999998e-06,0.00013605456019040002,1.103323712e-07,0.0024695149631552,3.651080000000001e-10,0.0010310532933343998,0.0,3.435301172e-06,0.0,6.769407216000001e-07,9.37695795616e-05,3.8267947368e-06,0.0038339911170280003,5.31326524e-08,0.03471453762636159,0.0,0.0004999248554523999,0.0,0.0,1.8831811445999996e-05,1.9846175160000002e-05,0.0024686740243808,0.0002560115473428,0.06738786451950561,0.0,0.032339925598315986,0.0,0.0,0.0,1.03977586752e-05,0.0004894951020071999,0.0011153436854021998,0.03496188807240638,0.032339925598316,0.7850764333660485,0.0,0.0,0.0,0.0
103,152,4.1592000000000015e-14,3.1858920000000002e-12,1.0869780000000003e-12,9.349544400000002e-11,9.506004000000002e-12,4.797198060000001e-10,0.0,0.0,0.0,0.0,4.497108000000001e-12,3.0335670000000003e-12,3.9402379200000007e-10,2.3137619999999996e-12,6.069250158e-09,0.0,1.0413063102000001e-08,0.0,0.0,0.0,7.467105000000004e-12,8.069235360000001e-10,1.2065826300000004e-10,2.8625380920000004e-08,4.058580000000001e-12,2.2464964183800001e-07,0.0,3.7041840468e-08,0.0,0.0,6.853505520000001e-10,5.458185850000001e-10,7.0404422136e-08,4.947214919999999e-10,1.3277771896559999e-06,5.6931240000000006e-12,3.97079521458e-06,0.0,5.3303753892e-08,0.0,7.615777200000002e-10,8.490057258000001e-08,1.8940104336e-08,3.633346806744e-06,1.1529399719999997e-09,3.7908445064592e-05,3.697737000000001e-12,1.0623782328132e-05,0.0,3.4792007433e-08,4.5605210052e-08,3.6946851985e-08,5.384409221796001e-06,6.5385416688e-08,0.00012499863999038398,1.086355089e-09,0.0005569075729271518,9.126730000000001e-13,1.0203991710800999e-05,8.587340257e-09,3.1096670433e-08,3.670518852612e-06,1.0328499774329997e-06,0.00019598055591727202,1.0756853907599999e-07,0.002758518245823888,3.5416416900000007e-10,0.001005260133135684,0.0,3.332330666121e-06,1.1466087542039998e-06,9.03597417897e-07,0.000155343689190744,6.273741018359999e-06,0.004764690554607385,5.1542323907999996e-08,0.03401181053504177,0.0,0.0004849614628005479,0.0,4.97526860028e-07,4.8786244162116e-05,3.3002610180018e-05,0.003456451240738776,0.0005717309882322,0.07388753754982769,0.0,0.03137472707892103,0.0,0.0,5.291224308036e-06,2.6332675540637997e-05,0.0008602693067688778,0.0017574616270207859,0.04276107366507289,0.039220492164027,0.7618475396210501,0.0,0.0,0.0
104,153,7.766184000000002e-14,1.1340861e-13,7.976377380000001e-12,2.107520760000001e-12,1.5627534036000004e-10,1.4018021940000001e-11,5.694588428400001e-10,0.0,0.0,0.0,1.5039372000000004e-13,1.640352696e-11,4.18315002e-12,7.300843434600002e-10,2.3799949799999997e-12,8.242596900720001e-09,0.0,1.047108961362e-08,0.0,0.0,1.5042383010000003e-11,1.3938196000000005e-11,1.7769540984000003e-09,1.2204945345000003e-10,4.335158030892e-08,3.9937538400000005e-12,2.5809265376436004e-07,0.0,3.646362279288e-08,0.0,2.0002139620000002e-11,2.22590921796e-09,7.249988683600001e-10,1.1818978324511999e-07,4.915067639999999e-10,1.7089827731764198e-06,5.559307650000001e-12,3.95881263736752e-06,0.0,5.205256134956999e-08,1.3195271090400003e-09,1.30305813746e-09,1.7323515990936004e-07,1.9042231987439997e-08,5.166695024987999e-06,1.1293092323399998e-09,4.248621321735288e-05,3.5959316200000003e-12,1.04079897330093e-05,3.3834120612579994e-08,1.1441031019e-09,1.3563534022032e-07,4.701020141001999e-08,8.46900237228612e-06,6.452193252872999e-08,0.00015478202342882877,1.05735218212e-09,0.0005504612248110834,8.675869538000001e-11,9.9398729062618e-06,4.893829487301e-08,4.989771279316e-08,7.1274898303317605e-06,1.0663314278512497e-06,0.0002665832136439704,1.0487131133537999e-07,0.003031502480860217,3.4354837066e-10,0.000980087306993388,3.2324466195399394e-06,2.578829702562e-08,3.1902150136326003e-06,1.2795815071182e-06,0.00023485460202765602,1.1804429778761039e-05,0.0057283285012760966,4.9999595832449996e-08,0.03332010570573909,0.0,0.00047044594222319264,5.5721604084384e-07,1.08498988561269e-06,9.20432992042365e-05,5.536719543733091e-05,0.0045668907212116925,0.000946784495648743,0.07994325219568299,0.0,0.030438334881181403,0.0,3.7412651016738e-07,1.4486369843511238e-05,5.205003071411568e-05,0.0013142110928941358,0.002530270746383483,0.050227797148469755,0.04566235279531669,0.7393058607032078,0.0,0.0
105,154,0.0,0.0,0.0,0.0,0.0,0.0,0.0,0.0,0.0,0.0,0.0,0.0,0.0,0.0,0.0,0.0,0.0,0.0,0.0,0.0,0.0,0.0,0.0,0.0,0.0,0.0,0.0,0.0,0.0,0.0,0.0,0.0,0.0,0.0,0.0,0.0,0.0,0.0,0.0,0.0,0.0,0.0,0.0,0.0,0.0,0.0,0.0,0.0,0.0,0.0,0.0,0.0,0.0,0.0,0.0,0.0,0.0,0.0,0.0,0.0,0.0,1.0,0.0,0.0,0.0,0.0,0.0,0.0,0.0,0.0,0.0,0.0,0.0,0.0,0.0,0.0,0.0,0.0,0.0,0.0,0.0,0.0,0.0,0.0,0.0,0.0,0.0,0.0,0.0,0.0,0.0,0.0,0.0,0.0,0.0,0.0,0.0,0.0,0.0,0.0
106,155,0.0,0.0,0.0,0.0,0.0,0.0,0.0,0.0,0.0,0.0,0.0,0.0,0.0,0.0,0.0,0.0,0.0,0.0,0.0,0.0,0.0,0.0,0.0,0.0,0.0,0.0,0.0,0.0,0.0,0.0,0.0,0.0,0.0,0.0,0.0,0.0,0.0,0.0,0.0,0.0,0.0,0.0,0.0,0.0,0.0,0.0,0.0,0.0,0.0,0.0,0.0,0.97,0.0,0.0,0.0,0.0,0.0,0.0,0.0,0.0,0.01,0.0,0.01,0.0,0.0,0.0,0.0,0.0,0.0,0.0,0.0,0.01,0.0,0.0,0.0,0.0,0.0,0.0,0.0,0.0,0.0,0.0,0.0,0.0,0.0,0.0,0.0,0.0,0.0,0.0,0.0,0.0,0.0,0.0,0.0,0.0,0.0,0.0,0.0,0.0
107,156,0.0,0.0,0.0,0.0,0.0,0.0,0.0,0.0,0.0,0.0,0.0,0.0,0.0,0.0,0.0,0.0,0.0,0.0,0.0,0.0,0.0,0.0,0.0,0.0,0.0,0.0,0.0,0.0,0.0,0.0,0.0,0.0,0.0,0.0,0.0,0.0,0.0,0.0,0.0,0.0,0.0,0.0097,0.0,0.0,0.0,0.0,0.0,0.0,0.0,0.0,0.0098,0.0,0.941,0.0,0.0,0.0,0.0,0.0,0.0,0.0,0.0001,0.0196,0.0,0.0097,0.0,0.0,0.0,0.0,0.0,0.0,0.0002,0.0,0.0098,0.0,0.0,0.0,0.0,0.0,0.0,0.0,0.0,0.0001,0.0,0.0,0.0,0.0,0.0,0.0,0.0,0.0,0.0,0.0,0.0,0.0,0.0,0.0,0.0,0.0,0.0,0.0
108,157,0.0,0.0,0.0,0.0,0.0,0.0,0.0,0.0,0.0,0.0,0.0,0.0,0.0,0.0,0.0,0.0,0.0,0.0,0.0,0.0,0.0,0.0,0.0,0.0,0.0,0.0,0.0,0.0,0.0,0.0,0.0,9.7e-05,0.0,0.0,0.0,0.0,0.0,0.0,0.0,0.0,0.000195,0.0,0.018819000000000002,0.0,0.0,0.0,0.0,0.0,0.0,0.0,9.9e-05,0.019208999999999997,0.0,0.912867,0.0,0.0,0.0,0.0,0.0,0.0,0.000297,9.7e-05,0.028616999999999997,0.0,0.009409,0.0,0.0,0.0,0.0,0.0,3.0000000000000005e-06,0.000489,0.0,0.009602999999999999,0.0,0.0,0.0,0.0,0.0,0.0,3.0000000000000005e-06,0.0,0.000195,0.0,0.0,0.0,0.0,0.0,0.0,0.0,0.0,1.0000000000000002e-06,0.0,0.0,0.0,0.0,0.0,0.0,0.0,0.0
109,158,0.0,0.0,0.0,0.0,0.0,0.0,0.0,0.0,0.0,0.0,0.0,0.0,0.0,0.0,0.0,0.0,0.0,0.0,0.0,0.0,0.0,9.7e-07,0.0,0.0,0.0,0.0,0.0,0.0,0.0,0.0,2.92e-06,0.0,0.00028228000000000004,0.0,0.0,0.0,0.0,0.0,0.0,0.0,2.94e-06,0.0005704,0.0,0.0273831,0.0,0.0,0.0,0.0,0.0,0.0,0.000198,9.699999999999999e-05,0.028235759999999995,0.0,0.88557508,0.0,0.0,0.0,0.0,0.0,4.96e-06,0.0007712400000000001,9.409e-05,0.03707728,0.0,0.00912673,0.0,0.0,0.0,0.0,7.92e-06,3.88e-06,0.0008584799999999999,0.0,0.009408999999999999,0.0,0.0,0.0,0.0,0.0,6.000000000000001e-08,9.76e-06,0.0,0.00028518,0.0,0.0,0.0,0.0,0.0,0.0,4.000000000000001e-08,1.0000000000000002e-08,2.92e-06,0.0,0.0,0.0,0.0,0.0,0.0,0.0
110,159,0.0,0.0,0.0,0.0,0.0,0.0,0.0,0.0,0.0,0.0,0.0,9.700000000000001e-09,0.0,0.0,0.0,0.0,0.0,0.0,0.0,0.0,3.89e-08,0.0,2.8325000000000004e-06,0.0,0.0,0.0,0.0,0.0,0.0,0.0,5.8599999999999995e-08,9.4969e-06,0.0,0.00027665379999999997,0.0,0.0,0.0,0.0,0.0,0.0,1.05458e-05,9.994e-07,0.0008357041999999999,0.0,0.0091295818,0.0,0.0,0.0,0.0,0.0,5.8513999999999996e-06,0.000845338,1.9108999999999998e-06,0.0360704882,0.0,0.008947018099999999,0.0,0.0,0.0,0.0,0.00019990119999999998,9.511929999999999e-05,0.027775757199999994,9.409000000000001e-07,0.8595639576999999,0.0,9.12673e-05,0.0,0.0,0.0,4.9298e-06,0.0007568644,9.13061e-05,0.0360704882,0.0,0.008947018099999999,0.0,0.0,0.0,0.0,7.780999999999999e-06,3.7642999999999997e-06,0.0008357041999999998,0.0,0.0091295818,0.0,0.0,0.0,0.0,0.0,9.75e-08,9.506499999999998e-06,2.8324999999999996e-06,0.00027665379999999997,0.0,0.0,0.0,0.0,0.0,0.0
111,160,0.0,9.700000000000001e-11,0.0,0.0,0.0,0.0,0.0,0.0,0.0,0.0,4.86e-10,0.0,2.8422000000000005e-08,0.0,0.0,0.0,0.0,0.0,0.0,0.0,9.75e-10,1.33092e-07,0.0,2.7948629999999997e-06,0.0,0.0,0.0,0.0,0.0,0.0,2.38746e-07,1.058e-08,1.3966074e-05,0.0,9.4062356e-05,0.0,0.0,0.0,0.0,0.0,2.30808e-07,2.6127872999999997e-05,2.9103e-08,0.0007287119279999999,0.0,0.000180765999,0.0,0.0,0.0,0.0,2.0740332e-05,1.9982339999999994e-06,0.0014575489079999998,2.8517999999999998e-08,0.017901508986,0.0,9.038285399999999e-05,0.0,0.0,0.0,8.675360999999998e-06,0.0011073030879999999,3.727236e-06,0.044222475585,9.409e-09,0.017364629988,0.0,9.126730000000001e-07,0.0,0.0,0.00020159991599999998,9.3265723e-05,0.027319115051999993,1.8257340000000002e-06,0.83431850985,0.0,0.00017799946199999997,0.0,0.0,0.0,4.898334e-06,0.0007426883850000001,8.8632885e-05,0.035090792952,0.0,0.008769903374999997,0.0,0.0,0.0,0.0,7.738184999999997e-06,1.2901975999999997e-05,0.0008162422019999997,0.00026838251099999997,0.008858460884,0.0,0.0,0.0,0.0,0.0
112,161,5.83e-12,9.700000000000001e-13,2.8519e-10,0.0,0.0,0.0,0.0,0.0,0.0,0.0,1.4610000000000002e-11,1.7140900000000002e-09,0.0,2.8232849999999997e-08,0.0,0.0,0.0,0.0,0.0,0.0,4.19955e-09,1.1555e-10,1.9650962999999999e-07,0.0,9.6857219e-07,0.0,0.0,0.0,0.0,0.0,5.747090000000001e-09,5.3242617e-07,3.9682999999999996e-10,1.107842069e-05,0.0,2.74828355e-06,0.0,0.0,0.0,0.0,7.025737499999999e-07,3.2844049999999996e-08,3.567097886999999e-05,5.7621e-10,0.00027935035445,0.0,2.71148853e-06,0.0,0.0,0.0,5.3802303e-07,5.119996009e-05,8.576978999999999e-08,0.0013426659049499997,3.7926999999999997e-10,0.00052890823731,0.0,9.129552699999999e-07,0.0,0.0,3.3293905689999995e-05,2.9949701799999995e-06,0.00214031137801,8.328625e-08,0.02632351987065,9.409000000000001e-11,0.00026310678961000004,0.0,9.126730000000001e-09,0.0,1.14127399e-05,0.0013567180288899998,5.45266234e-06,0.051863085495989995,2.738407e-08,0.025276355215230004,0.0,2.6652874299999996e-06,0.0,0.0,0.00020310516755999995,9.153208325999999e-05,0.026866038835829994,5.34111594e-06,0.80981614612661,0.0,0.00026035851188999993,0.0,0.0,0.0,1.2463825039999999e-05,0.0007411624540400001,0.0008805416792599998,0.03439514722997,0.008595390882589999,0.008595390882589997,0.0,0.0,0.0,0.0
113,165,0.0,0.0,0.0,0.0,0.0,0.0,0.0,0.0,0.0,0.0,0.0,0.0,0.0,0.0,0.0,0.0,0.0,0.0,0.0,0.0,0.0,0.0,0.0,0.0,0.0,0.0,0.0,0.0,0.0,0.0,0.0,0.0,0.0,0.0,0.0,0.0,0.0,0.0,0.0,0.0,0.0,0.0,0.0,0.0,0.0,0.0,0.0,0.0,0.0,0.0,0.0,0.0,0.0,0.0,0.0,0.0,0.0,0.0,0.0,0.0,0.0,0.0,0.0,0.0,0.0,0.0,0.0,0.0,0.0,0.0,0.0,0.0,0.0,0.0,0.0,0.0,0.0,0.0,0.0,0.0,0.0,1.0,0.0,0.0,0.0,0.0,0.0,0.0,0.0,0.0,0.0,0.0,0.0,0.0,0.0,0.0,0.0,0.0,0.0,0.0
114,166,0.0,0.0,0.0,0.0,0.0,0.0,0.0,0.0,0.0,0.0,0.0,0.0,0.0,0.0,0.0,0.0,0.0,0.0,0.0,0.0,0.0,0.0,0.0,0.0,0.0,0.0,0.0,0.0,0.0,0.0,0.0,0.0,0.0,0.0,0.0,0.0,0.0,0.0,0.0,0.0,0.0,0.0,0.0,0.0,0.0,0.0,0.0,0.0,0.0,0.0,0.0,0.0,0.0,0.0,0.0,0.0,0.0,0.0,0.0,0.0,0.0,0.0,0.0,0.0,0.0,0.0,0.0,0.0,0.0,0.0,0.0,0.01,0.0,0.0,0.0,0.0,0.0,0.0,0.0,0.0,0.01,0.0,0.97,0.0,0.0,0.0,0.0,0.0,0.0,0.0,0.0,0.01,0.0,0.0,0.0,0.0,0.0,0.0,0.0,0.0
115,167,0.0,0.0,0.0,0.0,0.0,0.0,0.0,0.0,0.0,0.0,0.0,0.0,0.0,0.0,0.0,0.0,0.0,0.0,0.0,0.0,0.0,0.0,0.0,0.0,0.0,0.0,0.0,0.0,0.0,0.0,0.0,0.0,0.0,0.0,0.0,0.0,0.0,0.0,0.0,0.0,0.0,0.0,0.0,0.0,0.0,0.0,0.0,0.0,0.0,0.0,0.0,0.0,0.0,0.0,0.0,0.0,0.0,0.0,0.0,0.0,0.0,0.0001,0.0,0.0,0.0,0.0,0.0,0.0,0.0,0.0,0.0002,0.0,0.0194,0.0,0.0,0.0,0.0,0.0,0.0,0.0,0.0001,0.0196,0.0,0.9409,0.0,0.0,0.0,0.0,0.0,0.0,0.0002,0.0001,0.0194,0.0,0.0,0.0,0.0,0.0,0.0,0.0
116,168,0.0,0.0,0.0,0.0,0.0,0.0,0.0,0.0,0.0,0.0,0.0,0.0,0.0,0.0,0.0,0.0,0.0,0.0,0.0,0.0,0.0,0.0,0.0,0.0,0.0,0.0,0.0,0.0,0.0,0.0,0.0,0.0,0.0,0.0,0.0,0.0,0.0,0.0,0.0,0.0,0.0,0.0,0.0,0.0,0.0,0.0,0.0,0.0,0.0,0.0,0.0,1.0000000000000002e-06,0.0,0.0,0.0,0.0,0.0,0.0,0.0,0.0,3.0000000000000005e-06,0.0,0.000291,0.0,0.0,0.0,0.0,0.0,0.0,0.0,3.0000000000000005e-06,0.000585,0.0,0.028227000000000002,0.0,0.0,0.0,0.0,0.0,0.0,0.00020099999999999998,9.8e-05,0.028808999999999994,0.0,0.912673,0.0,0.0,0.0,0.0,0.0,6.000000000000002e-06,0.000585,0.000291,0.028227000000000002,0.0,0.0,0.0,0.0,0.0,0.0
117,169,0.0,0.0,0.0,0.0,0.0,0.0,0.0,0.0,0.0,0.0,0.0,0.0,0.0,0.0,0.0,0.0,0.0,0.0,0.0,0.0,0.0,0.0,0.0,0.0,0.0,0.0,0.0,0.0,0.0,0.0,0.0,0.0,0.0,0.0,0.0,0.0,0.0,0.0,0.0,0.0,0.0,1.0000000000000002e-08,0.0,0.0,0.0,0.0,0.0,0.0,0.0,0.0,4.000000000000001e-08,0.0,2.9200000000000004e-06,0.0,0.0,0.0,0.0,0.0,0.0,0.0,6.000000000000001e-08,9.760000000000001e-06,0.0,0.00028518000000000006,0.0,0.0,0.0,0.0,0.0,0.0,1.0800000000000002e-05,1.0099999999999999e-06,0.00085848,0.0,0.009408999999999999,0.0,0.0,0.0,0.0,0.0,5.9600000000000005e-06,0.0008634,3.89e-06,0.037077280000000004,0.0,0.00912673,0.0,0.0,0.0,0.0,0.00020669999999999998,0.00066548,0.028515119999999998,0.0273831,0.88557508,0.0,0.0,0.0,0.0,0.0
118,171,0.0,0.0,0.0,0.0,0.0,0.0,0.0,0.0,0.0,0.0,0.0,0.0,0.0,0.0,0.0,0.0,0.0,0.0,0.0,0.0,0.0,1.0000000000000002e-12,0.0,0.0,0.0,0.0,0.0,0.0,0.0,0.0,6.000000000000002e-12,0.0,4.860000000000001e-10,0.0,0.0,0.0,0.0,0.0,0.0,0.0,1.5000000000000003e-11,2.5320000000000004e-09,0.0,9.457500000000001e-08,0.0,0.0,0.0,0.0,0.0,0.0,3.738000000000001e-09,1.6530000000000004e-09,4.272900000000001e-07,0.0,9.220820000000001e-06,0.0,0.0,0.0,0.0,0.0,4.542e-09,6.89313e-07,7.6437e-08,3.70734e-05,0.0,0.00045177313500000004,0.0,0.0,0.0,0.0,3.90459e-07,3.0867e-07,5.5192427999999993e-05,3.764085e-06,0.0018073748099999998,0.0,0.009029986661999998,0.0,0.0,0.0,3.43803e-07,3.0849923999999996e-05,2.6942046e-05,0.0022916119049999997,0.0006234497489999999,0.05242758781199999,0.0,0.008587340256999998,0.0,0.0,5.335043999999999e-06,2.7702554999999998e-05,0.0008845764749999998,0.00189695043,0.045440445594000005,0.04294582801499999,0.833414651334,0.0,0.0,0.0
119,172,0.0,0.0,0.0,0.0,0.0,0.0,0.0,0.0,0.0,0.0,0.0,1.0000000000000002e-14,0.0,0.0,0.0,0.0,0.0,0.0,0.0,0.0,7.000000000000003e-14,0.0,5.830000000000001e-12,0.0,0.0,0.0,0.0,0.0,0.0,0.0,2.1000000000000006e-13,3.6010000000000007e-11,0.0,1.4171700000000004e-09,0.0,0.0,0.0,0.0,0.0,0.0,6.291000000000002e-11,3.1080000000000004e-11,7.679550000000002e-09,0.0,1.8394595000000003e-07,0.0,0.0,0.0,0.0,0.0,9.948000000000001e-11,1.4817210000000002e-08,2.3677800000000003e-09,8.783592500000001e-07,0.0,1.3461926750000002e-05,0.0,0.0,0.0,0.0,1.088052e-08,8.27334e-09,1.59556479e-06,1.1178473999999999e-07,5.864488565e-05,0.0,0.00052851980757,0.0,0.0,0.0,1.047474e-08,1.2460618799999998e-06,6.0723558e-07,9.489725631e-05,9.88565994e-06,0.00237224704179,0.0,0.008844960464709999,0.0,0.0,3.6919229999999996e-07,8.8302162e-07,6.223823435999999e-05,5.137542726e-05,0.0032196176300099996,0.0010342045366799999,0.059365079960169986,0.0,0.008329720049289998,0.0,3.8716445999999996e-07,1.4606282219999996e-05,5.495616786e-05,0.0013543292600399998,0.00273013915068,0.05336511289779001,0.04999159968788999,0.80849808519655,0.0,0.0
120,173,0.0,0.0,0.0,0.0,0.0,0.0,0.0,0.0,0.0,0.0,0.0,0.0,6.800000000000001e-14,0.0,0.0,0.0,0.0,0.0,0.0,0.0,2.800000000000001e-15,4.864e-13,0.0,1.9826800000000005e-11,0.0,0.0,0.0,0.0,0.0,0.0,9.920000000000002e-13,5.145000000000001e-13,1.2595520000000004e-10,0.0,3.2141144000000008e-09,0.0,0.0,0.0,0.0,0.0,1.9368000000000008e-12,2.863504000000001e-10,5.3825400000000004e-11,1.8086387200000005e-08,0.0,3.1304683900000004e-07,0.0,0.0,0.0,0.0,2.5860120000000004e-10,2.032176e-10,3.918872960000001e-08,3.414594e-09,1.5749160560000002e-06,0.0,1.8343267023200003e-05,0.0,0.0,0.0,2.972808e-10,3.91185432e-08,1.5239020800000002e-08,3.0919028584e-06,2.072877972e-07,8.60278268416e-05,0.0,0.00060111381799,0.0,0.0,1.6366094399999996e-08,2.51458032e-08,2.7959905782e-06,1.2027472319999997e-06,0.00014855543419519998,1.9931135508599997e-05,0.0029884652328608,0.0,0.008662908851261598,0.0,1.64985312e-08,1.1390223155999996e-06,1.9259192784e-06,0.00010705952879279999,8.75764579152e-05,0.0042740535001071995,0.0015030943974584997,0.06584085521847038,0.0,0.008079828447811297,1.5749803439999997e-07,1.0800042431999998e-06,2.8883330375999996e-05,9.4665921204e-05,0.0019068480790235998,0.0036921441473832,0.0609427071593024,0.05657683254921879,0.7843264398411464,0.0
121,175,0.0,0.0,0.0,0.0,0.0,0.0,0.0,0.0,0.0,0.0,0.0,0.0,0.0,0.0,0.0,0.0,0.0,0.0,0.0,0.0,0.0,0.0,0.0,0.0,0.0,0.0,0.0,0.0,0.0,0.0,0.0,0.0,0.0,0.0,0.0,0.0,0.0,0.0,0.0,0.0,0.0,0.0,0.0,0.0,0.0,0.0,0.0,0.0,0.0,0.0,0.0,0.0,0.0,0.0,0.0,0.0,0.0,0.0,0.0,0.0,0.0,0.0,0.0,0.0,0.0,0.0,0.0,0.0,0.0,0.0,0.0,0.0,0.0,0.0,0.0,0.0,0.0,0.0,0.0,0.0,0.0,0.0,0.0,0.0,0.0,0.0,0.0,0.0,0.0,0.0,0.0,1.0,0.0,0.0,0.0,0.0,0.0,0.0,0.0,0.0
122,181,0.0,0.0,0.0,0.0,0.0,0.0,0.0,0.0,0.0,0.0,0.0,0.0,0.0,0.0,0.0,0.0,0.0,0.0,0.0,0.0,0.0,0.0,0.0,0.0,0.0,0.0,0.0,0.0,0.0,0.0,0.0,9.700000000000001e-11,0.0,0.0,0.0,0.0,0.0,0.0,0.0,0.0,4.86e-10,1.0000000000000002e-12,3.7734000000000006e-08,0.0,0.0,0.0,0.0,0.0,0.0,0.0,9.81e-10,1.6112400000000003e-07,3.9000000000000005e-10,5.514063000000001e-06,0.0,0.0,0.0,0.0,0.0,0.0,2.0141699999999998e-07,6.8984e-08,2.0363897999999998e-05,5.7231000000000005e-08,0.00035965000399999997,0.0,0.0,0.0,0.0,0.0,1.7809799999999998e-07,2.7136180999999997e-05,1.2940890000000001e-06,0.0012654003119999997,3.763988e-06,0.008945164527,0.0,0.0,0.0,0.0,1.0744836e-05,1.4710491e-05,0.0014759900429999998,0.00038023942199999993,0.04385510553,0.00018350372699999998,0.008679520229999998,0.0,0.0,0.0,1.2961293000000002e-05,0.0005101336419999999,0.001489652592,0.037240590854999985,0.04403125141899999,0.8427185528039999,0.008679520229999998,8.8529281e-05,0.0,0.0
123,185,0.0,0.0,0.0,0.0,0.0,0.0,0.0,0.0,0.0,0.0,0.0,5.384580000000001e-15,0.0,2.5630893000000007e-13,0.0,0.0,0.0,0.0,0.0,0.0,1.440005e-14,7.72048e-15,1.8751120200000006e-12,1.9894800000000005e-15,4.983458808000001e-11,0.0,0.0,0.0,0.0,0.0,3.375664e-14,4.95100929e-12,1.03442762e-12,3.2585410992000013e-10,5.163736800000001e-13,6.061228308660001e-09,0.0,0.0,0.0,0.0,5.33693256e-12,4.43547836e-12,8.2900857738e-10,8.93181006e-11,3.5429151094920005e-08,6.387149106000001e-11,4.7253794253371993e-07,0.0,0.0,0.0,7.616983380000001e-12,1.0114936107599998e-09,4.0187019696e-10,8.267706530789999e-08,6.1643747136599996e-09,2.5030106832482394e-06,5.3583031830000005e-09,2.3094854857672493e-05,0.0,0.0,5.491959032999999e-10,7.4451704364e-10,9.510887551751997e-08,3.3197106519660004e-08,5.232320514104938e-06,5.111953914772799e-07,0.00011629407392117746,3.2535041943186e-07,0.0006498562482759524,0.0,6.3183789168e-10,5.484360496271999e-08,6.472431891066e-08,5.210678986763399e-06,2.718524366982359e-06,0.0002131138204514118,4.3608712791991995e-05,0.0035567384979000535,1.4931667238871597e-05,0.008236002369015437,1.331370655608e-08,5.324606635188e-08,2.48445581297058e-06,4.3556661530863194e-06,0.00016580610969176251,0.00016324261403268962,0.005364725184852007,0.0024367963019838734,0.07024789214985401,0.008166515844364258,1.564706816988e-08,4.743434823302399e-07,2.5806520771864796e-06,4.9907692698830027e-05,0.00016679877236370388,0.002558383667946168,0.005340874510372504,0.06791885032724651,0.07008477957184878,0.7544544477787027
124,186,0.0,0.0,1.0,0.0,0.0,0.0,0.0,0.0,0.0,0.0,0.0,0.0,0.0,0.0,0.0,0.0,0.0,0.0,0.0,0.0,0.0,0.0,0.0,0.0,0.0,0.0,0.0,0.0,0.0,0.0,0.0,0.0,0.0,0.0,0.0,0.0,0.0,0.0,0.0,0.0,0.0,0.0,0.0,0.0,0.0,0.0,0.0,0.0,0.0,0.0,0.0,0.0,0.0,0.0,0.0,0.0,0.0,0.0,0.0,0.0,0.0,0.0,0.0,0.0,0.0,0.0,0.0,0.0,0.0,0.0,0.0,0.0,0.0,0.0,0.0,0.0,0.0,0.0,0.0,0.0,0.0,0.0,0.0,0.0,0.0,0.0,0.0,0.0,0.0,0.0,0.0,0.0,0.0,0.0,0.0,0.0,0.0,0.0,0.0,0.0
125,187,0.0,0.97,0.01,0.01,0.0,0.0,0.0,0.0,0.0,0.0,0.0,0.0,0.01,0.0,0.0,0.0,0.0,0.0,0.0,0.0,0.0,0.0,0.0,0.0,0.0,0.0,0.0,0.0,0.0,0.0,0.0,0.0,0.0,0.0,0.0,0.0,0.0,0.0,0.0,0.0,0.0,0.0,0.0,0.0,0.0,0.0,0.0,0.0,0.0,0.0,0.0,0.0,0.0,0.0,0.0,0.0,0.0,0.0,0.0,0.0,0.0,0.0,0.0,0.0,0.0,0.0,0.0,0.0,0.0,0.0,0.0,0.0,0.0,0.0,0.0,0.0,0.0,0.0,0.0,0.0,0.0,0.0,0.0,0.0,0.0,0.0,0.0,0.0,0.0,0.0,0.0,0.0,0.0,0.0,0.0,0.0,0.0,0.0,0.0,0.0
126,188,0.0097,0.0098,0.009999999999999998,0.0002,0.0001,0.0,0.0,0.0,0.0,0.0,0.0,0.941,0.0097,0.0098,0.0,0.0,0.0,0.0,0.0,0.0,0.0,0.0,0.0097,0.0,0.0,0.0,0.0,0.0,0.0,0.0,0.0,0.0,0.0,0.0,0.0,0.0,0.0,0.0,0.0,0.0,0.0,0.0,0.0,0.0,0.0,0.0,0.0,0.0,0.0,0.0,0.0,0.0,0.0,0.0,0.0,0.0,0.0,0.0,0.0,0.0,0.0,0.0,0.0,0.0,0.0,0.0,0.0,0.0,0.0,0.0,0.0,0.0,0.0,0.0,0.0,0.0,0.0,0.0,0.0,0.0,0.0,0.0,0.0,0.0,0.0,0.0,0.0,0.0,0.0,0.0,0.0,0.0,0.0,0.0,0.0,0.0,0.0,0.0,0.0,0.0
127,189,0.000292,0.009705,0.00029699999999999996,0.00020099999999999998,3.0000000000000005e-06,1.0000000000000002e-06,0.0,0.0,0.0,0.0,0.018819000000000002,0.009602999999999999,0.019305,0.000291,0.000195,0.0,0.0,0.0,0.0,0.0,0.0,0.912867,0.009409,0.009602999999999999,0.0,0.0,0.0,0.0,0.0,0.0,0.0,0.0,0.009409,0.0,0.0,0.0,0.0,0.0,0.0,0.0,0.0,0.0,0.0,0.0,0.0,0.0,0.0,0.0,0.0,0.0,0.0,0.0,0.0,0.0,0.0,0.0,0.0,0.0,0.0,0.0,0.0,0.0,0.0,0.0,0.0,0.0,0.0,0.0,0.0,0.0,0.0,0.0,0.0,0.0,0.0,0.0,0.0,0.0,0.0,0.0,0.0,0.0,0.0,0.0,0.0,0.0,0.0,0.0,0.0,0.0,0.0,0.0,0.0,0.0,0.0,0.0,0.0,0.0,0.0,0.0
128,190,0.00029108000000000004,0.00019896999999999997,0.00029508,7.92e-06,4e-06,4.000000000000001e-08,1.0000000000000002e-08,0.0,0.0,0.0,0.00056746,0.018923759999999998,0.00048112,0.000486,5.820000000000001e-06,2.92e-06,0.0,0.0,0.0,0.0,0.0273831,0.009408999999999999,0.028044640000000003,0.00037636,0.00028518,0.0,0.0,0.0,0.0,0.0,0.0,0.88557508,0.00912673,0.009408999999999999,0.0,0.0,0.0,0.0,0.0,0.0,0.0,0.0,0.00912673,0.0,0.0,0.0,0.0,0.0,0.0,0.0,0.0,0.0,0.0,0.0,0.0,0.0,0.0,0.0,0.0,0.0,0.0,0.0,0.0,0.0,0.0,0.0,0.0,0.0,0.0,0.0,0.0,0.0,0.0,0.0,0.0,0.0,0.0,0.0,0.0,0.0,0.0,0.0,0.0,0.0,0.0,0.0,0.0,0.0,0.0,0.0,0.0,0.0,0.0,0.0,0.0,0.0,0.0,0.0,0.0,0.0
129,191,1.34859e-05,0.0001970889,9.8309e-06,7.93e-06,1.7780000000000002e-07,6.97e-08,5.000000000000001e-10,1.0000000000000002e-10,0.0,0.0,0.0007510908,0.00029757669999999994,0.0007607715999999999,1.63154e-05,1.1621000000000001e-05,9.700000000000001e-08,3.89e-08,0.0,0.0,0.0,0.0009183572,0.027766075399999993,0.0006558073,0.0008488082,9.409000000000001e-06,5.6842e-06,0.0,0.0,0.0,0.0,0.0354173578,0.0092179973,0.036244408900000004,0.0004563365,0.00037071459999999995,0.0,0.0,0.0,0.0,0.0,0.0,0.8590990948999999,0.008852928099999999,0.0092179973,0.0,0.0,0.0,0.0,0.0,0.0,0.0,0.0,0.008852928099999999,0.0,0.0,0.0,0.0,0.0,0.0,0.0,0.0,0.0,0.0,0.0,0.0,0.0,0.0,0.0,0.0,0.0,0.0,0.0,0.0,0.0,0.0,0.0,0.0,0.0,0.0,0.0,0.0,0.0,0.0,0.0,0.0,0.0,0.0,0.0,0.0,0.0,0.0,0.0,0.0,0.0,0.0,0.0,0.0,0.0,0.0,0.0
130,192,9.751515e-06,5.179824e-06,9.756214e-06,3.4254099999999997e-07,1.97985e-07,3.4500000000000003e-09,1.092e-09,6.000000000000002e-12,1.0000000000000002e-12,0.0,3.275157e-05,0.00048395561099999994,1.9232967e-05,2.3904108000000002e-05,4.3068000000000004e-07,2.4105e-07,1.4550000000000002e-09,4.86e-10,0.0,0.0,0.0013695759799999998,0.00039657101699999995,0.0013865413769999998,2.7041465999999995e-05,2.352444e-05,1.8818000000000003e-07,9.4575e-08,0.0,0.0,0.0,0.0013371600349999999,0.03624070175399999,0.0008214057,0.001281675162,1.3690095000000001e-05,9.22082e-06,0.0,0.0,0.0,0.0,0.04294582801499999,0.009029986661999998,0.043928776836,0.000531175686,0.00045177313499999993,0.0,0.0,0.0,0.0,0.0,0.0,0.833414651334,0.008587340256999998,0.009029986661999998,0.0,0.0,0.0,0.0,0.0,0.0,0.0,0.0,0.008587340256999998,0.0,0.0,0.0,0.0,0.0,0.0,0.0,0.0,0.0,0.0,0.0,0.0,0.0,0.0,0.0,0.0,0.0,0.0,0.0,0.0,0.0,0.0,0.0,0.0,0.0,0.0,0.0,0.0,0.0,0.0,0.0,0.0,0.0,0.0,0.0,0.0,0.0
131,193,5.743442399999999e-07,1.444788604e-05,5.3177465000000005e-06,9.70797392e-06,3.3858592e-07,1.9450137e-07,3.372030000000001e-09,1.06417e-09,5.830000000000002e-12,9.700000000000001e-13,1.8960346759999998e-05,3.5978860979999996e-05,0.0004836389596599999,1.8934124859999996e-05,2.3426619510000004e-05,4.1969045e-07,2.3478003e-07,1.4114100000000004e-09,4.7143e-10,0.0,3.1360586019999994e-05,0.0017096006880199998,0.0003933506878199999,0.0013582361727899998,2.6373311569999994e-05,2.291427125e-05,1.8254915000000002e-07,9.174260999999999e-08,0.0,0.0,0.0008189326578399998,0.00139952486774,0.03561945063512999,0.0008024826014700001,0.0012480700910899997,1.328127395e-05,8.94514115e-06,0.0,0.0,0.0,0.0005331297471199999,0.05079329447378998,0.008858486278569997,0.04271854788051,0.00051537731637,0.0004383121491499999,0.0,0.0,0.0,0.0,0.008763604793489999,0.00017617326918999997,0.80902767283153,0.008335031806149997,0.008763604793489999,0.0,0.0,0.0,0.0,0.0,0.0,0.00842001991591,8.587340256999998e-05,0.008420019915909998,0.0,0.0,0.0,0.0,0.0,0.0,0.0,0.0,8.587340256999998e-05,0.0,0.0,0.0,0.0,0.0,0.0,0.0,0.0,0.0,0.0,0.0,0.0,0.0,0.0,0.0,0.0,0.0,0.0,0.0,0.0,0.0,0.0,0.0,0.0,0.0,0.0,0.0
132,194,3.455692128e-07,1.1145588479999999e-06,1.90010962596e-05,5.448020952000001e-06,9.656331770399997e-06,3.3460398089999996e-07,1.9105849119999996e-07,3.295683200000001e-09,1.0370272e-09,6.605700000000002e-12,8.687413799999999e-07,4.04684116944e-05,3.90755207424e-05,0.0004830434985323999,1.8637416993599997e-05,2.29572564512e-05,4.0897306239999996e-07,2.2866941120000002e-07,1.3691260000000004e-09,4.572968e-10,2.5788542786399998e-05,4.870831260479999e-05,0.0020329259250551996,0.0003900280675643999,0.0013304331974247998,2.5720947358399994e-05,2.23195597504e-05,1.770867896e-07,8.899504599999999e-08,0.0,2.78294785872e-05,0.0016755881360741996,0.0014580823173863998,0.03500411565751999,0.0007839584424448,0.0012153297039727996,1.2884661223e-05,8.6777043416e-06,0.0,0.0,0.0006090896167223998,0.0006214776988613998,0.05814315235304798,0.008689260607452797,0.041541491314432,0.0005000488096183999,0.0004252522360869999,0.0,0.0,0.0,9.472907809799998e-05,0.017183106521897598,0.0003436819859871999,0.7853558643724832,0.008090134625129197,0.008505079771176798,0.0,0.0,0.0,0.0,0.00017183624709399996,2.6204667175999996e-06,0.0163427549799328,0.00016664751855439996,0.008255055366367597,0.0,0.0,0.0,0.0,0.0,0.0,8.50589331848e-05,8.587340256999999e-07,0.00016749739965199996,0.0,0.0,0.0,0.0,0.0,0.0,0.0,0.0,8.587340256999999e-07,0.0,0.0,0.0,0.0,0.0,0.0,0.0,0.0,0.0,0.0,0.0,0.0,0.0,0.0,0.0,0.0,0.0
133,195,2.6744386536e-08,9.41042804436e-07,1.7163684621e-06,2.3412541884359997e-05,5.570863850889e-06,9.601471006520995e-06,3.3059913384099994e-07,1.8765675767999995e-07,3.220940293000001e-09,1.016962938e-09,6.747126507360001e-07,1.7316630605519996e-06,6.460406454203999e-05,4.2044390175228e-05,0.00048218266143289185,1.8342939727808998e-05,2.2495931634192003e-05,3.985213865159999e-07,2.22714222564e-07,1.7716961730000003e-09,1.031950753584e-06,6.250471123104599e-05,6.6118922283588e-05,0.0023401140708383156,0.00038661039360543586,0.0013031262667038,2.5084026148397994e-05,2.1739926645875998e-05,1.71787877172e-07,8.6329767588e-08,2.3382957741701993e-05,4.827727751810999e-05,0.0025771224313482053,0.0015129723190394277,0.034394864729952686,0.0007658262333534541,0.0011834323078554056,1.2499892254206e-05,8.418263161812e-06,0.0,1.3531258722689995e-05,0.0013608353983309254,0.0007077436170038218,0.0650178724959009,0.008522324208001138,0.04039670319211141,0.0004851761919420779,0.0004125814460478059,0.0,0.0,0.00018058761463811998,0.00010156500727072198,0.02526603104329531,0.0005028319539189479,0.7623782047058285,0.007852431074471505,0.008254179900402364,0.0,0.0,0.0,2.6918579190959993e-06,0.0005027903640313319,7.653735101745e-06,0.02379025650191984,0.00024254943924905992,0.008092454503088337,0.0,0.0,0.0,0.0,2.5689518027879996e-06,3.4792007433e-08,0.00024761827632536104,2.4994471904729997e-06,0.0002450230313261159,0.0,0.0,0.0,0.0,0.0,0.0,8.591766721049999e-07,8.587340256999999e-09,2.5079460014489995e-06,0.0,0.0,0.0,0.0,0.0,0.0,0.0,0.0,8.587340256999999e-09,0.0,0.0,0.0,0.0,0.0,0.0,0.0
134,196,1.669244228244e-08,4.415818713624e-08,9.067401769293599e-07,7.2744164372577e-07,5.2076753817466185e-06,3.3845873719059994e-07,3.2615658532234e-07,9.199982183299998e-09,4.1460888347499995e-09,7.026562342000002e-11,6.032531958864e-08,2.1906464045411397e-06,2.76382716343068e-06,5.1579173595961664e-05,9.873715170447059e-06,2.7391475474034205e-05,7.589360324529999e-07,6.2661277997592e-07,8.84512168282e-09,4.09461091311e-09,1.52366746847724e-06,2.83399467428826e-06,0.00011246335473995445,6.0440074819255674e-05,0.0008480982322648531,2.9567858067047608e-05,4.690403869721706e-05,7.641228077182799e-07,5.1847799163984e-07,4.29972173541e-09,1.8529071708014999e-06,0.00010024297776832294,8.682528675069395e-05,0.003289809245285184,0.00048302330940121294,0.002023782481001881,3.696652853944344e-05,3.7132049017149954e-05,2.916331633989e-07,1.6792250617847998e-07,3.823101172636829e-05,5.505735802253903e-05,0.0034162561477830305,0.0015649121472574839,0.04204094659199251,0.0009114507610969977,0.001638563984005359,1.69766574060006e-05,1.2291529727435698e-05,0.0,1.5973765759288672e-05,0.0015795044266006452,0.0006926318154566213,0.0711816812435343,0.008352632606437498,0.046972050487441255,0.0005491452169285306,0.00048274580167039535,0.0,0.0,0.00018025049793650856,9.862186090288306e-05,0.024753456763419217,0.0004902740215167922,0.739828135905017,0.0076192836366298505,0.008087479048421177,0.0,0.0,0.0,2.6371396196253292e-06,0.0004902171171583945,7.44955131407428e-06,0.023081500299398778,0.00023529795054349286,0.007852131098308948,0.0,0.0,0.0,0.0,2.5004750154254097e-06,3.3834120612579994e-08,0.0002402234851357383,2.4245496481613796e-06,0.00023769741984634688,0.0,0.0,0.0,0.0,0.0,0.0,8.3348724534442e-07,1.665944009858e-08,2.4327934948080992e-06,0.0,0.0,0.0,0.0,0.0,0.0
135,197,0.0,0.0,0.0,0.0,0.0,0.0,0.0,0.0,0.0,0.0,0.0,0.0,1.0,0.0,0.0,0.0,0.0,0.0,0.0,0.0,0.0,0.0,0.0,0.0,0.0,0.0,0.0,0.0,0.0,0.0,0.0,0.0,0.0,0.0,0.0,0.0,0.0,0.0,0.0,0.0,0.0,0.0,0.0,0.0,0.0,0.0,0.0,0.0,0.0,0.0,0.0,0.0,0.0,0.0,0.0,0.0,0.0,0.0,0.0,0.0,0.0,0.0,0.0,0.0,0.0,0.0,0.0,0.0,0.0,0.0,0.0,0.0,0.0,0.0,0.0,0.0,0.0,0.0,0.0,0.0,0.0,0.0,0.0,0.0,0.0,0.0,0.0,0.0,0.0,0.0,0.0,0.0,0.0,0.0,0.0,0.0,0.0,0.0,0.0,0.0
136,198,0.0,0.0,0.01,0.0,0.0,0.0,0.0,0.0,0.0,0.0,0.0,0.97,0.0,0.01,0.0,0.0,0.0,0.0,0.0,0.0,0.0,0.0,0.01,0.0,0.0,0.0,0.0,0.0,0.0,0.0,0.0,0.0,0.0,0.0,0.0,0.0,0.0,0.0,0.0,0.0,0.0,0.0,0.0,0.0,0.0,0.0,0.0,0.0,0.0,0.0,0.0,0.0,0.0,0.0,0.0,0.0,0.0,0.0,0.0,0.0,0.0,0.0,0.0,0.0,0.0,0.0,0.0,0.0,0.0,0.0,0.0,0.0,0.0,0.0,0.0,0.0,0.0,0.0,0.0,0.0,0.0,0.0,0.0,0.0,0.0,0.0,0.0,0.0,0.0,0.0,0.0,0.0,0.0,0.0,0.0,0.0,0.0,0.0,0.0,0.0
137,199,0.0,0.0098,0.0001,0.0002,0.0,0.0,0.0,0.0,0.0,0.0,0.0097,0.0,0.0196,0.0,0.0001,0.0,0.0,0.0,0.0,0.0,0.0,0.941,0.0,0.0098,0.0,0.0,0.0,0.0,0.0,0.0,0.0,0.0,0.0097,0.0,0.0,0.0,0.0,0.0,0.0,0.0,0.0,0.0,0.0,0.0,0.0,0.0,0.0,0.0,0.0,0.0,0.0,0.0,0.0,0.0,0.0,0.0,0.0,0.0,0.0,0.0,0.0,0.0,0.0,0.0,0.0,0.0,0.0,0.0,0.0,0.0,0.0,0.0,0.0,0.0,0.0,0.0,0.0,0.0,0.0,0.0,0.0,0.0,0.0,0.0,0.0,0.0,0.0,0.0,0.0,0.0,0.0,0.0,0.0,0.0,0.0,0.0,0.0,0.0,0.0,0.0
138,200,0.000195,9.9e-05,0.000297,3.0000000000000005e-06,3.0000000000000005e-06,0.0,0.0,0.0,0.0,0.0,9.7e-05,0.019208999999999997,9.7e-05,0.000489,0.0,1.0000000000000002e-06,0.0,0.0,0.0,0.0,0.018819000000000002,0.0,0.028616999999999997,0.0,0.000195,0.0,0.0,0.0,0.0,0.0,0.0,0.912867,0.0,0.009602999999999999,0.0,0.0,0.0,0.0,0.0,0.0,0.0,0.0,0.009409,0.0,0.0,0.0,0.0,0.0,0.0,0.0,0.0,0.0,0.0,0.0,0.0,0.0,0.0,0.0,0.0,0.0,0.0,0.0,0.0,0.0,0.0,0.0,0.0,0.0,0.0,0.0,0.0,0.0,0.0,0.0,0.0,0.0,0.0,0.0,0.0,0.0,0.0,0.0,0.0,0.0,0.0,0.0,0.0,0.0,0.0,0.0,0.0,0.0,0.0,0.0,0.0,0.0,0.0,0.0,0.0,0.0
139,201,5.86e-06,0.000198,4.96e-06,7.919999999999999e-06,6.000000000000001e-08,4.000000000000001e-08,0.0,0.0,0.0,0.0,0.0005704,9.796999999999999e-05,0.00077124,3.88e-06,9.76e-06,0.0,1.0000000000000002e-08,0.0,0.0,0.0,0.00028228000000000004,0.02823576,9.409e-05,0.0008584799999999999,0.0,2.92e-06,0.0,0.0,0.0,0.0,0.0273831,0.0,0.03707727999999999,0.0,0.00028518,0.0,0.0,0.0,0.0,0.0,0.0,0.88557508,0.0,0.009408999999999999,0.0,0.0,0.0,0.0,0.0,0.0,0.0,0.0,0.00912673,0.0,0.0,0.0,0.0,0.0,0.0,0.0,0.0,0.0,0.0,0.0,0.0,0.0,0.0,0.0,0.0,0.0,0.0,0.0,0.0,0.0,0.0,0.0,0.0,0.0,0.0,0.0,0.0,0.0,0.0,0.0,0.0,0.0,0.0,0.0,0.0,0.0,0.0,0.0,0.0,0.0,0.0,0.0,0.0,0.0,0.0,0.0
140,202,7.801199999999999e-06,3.0679e-06,9.821199999999998e-06,1.6819999999999998e-07,1.778e-07,1.0000000000000003e-09,5.000000000000001e-10,0.0,0.0,0.0,1.51907e-05,0.000487834,6.7706e-06,2.4077199999999997e-05,9.700000000000001e-08,1.6569999999999998e-07,0.0,1.0000000000000002e-10,0.0,0.0,0.0011122993999999999,9.879459999999998e-05,0.001409818,4.7045e-06,2.0932999999999998e-05,0.0,3.89e-08,0.0,0.0,0.0,0.0005476426000000001,0.036889041799999994,9.12673e-05,0.0013004401999999998,0.0,5.6842e-06,0.0,0.0,0.0,0.0,0.0354173578,0.0,0.04500606969999999,0.0,0.00037071459999999995,0.0,0.0,0.0,0.0,0.0,0.0,0.8590990948999999,0.0,0.0092179973,0.0,0.0,0.0,0.0,0.0,0.0,0.0,0.0,0.008852928099999999,0.0,0.0,0.0,0.0,0.0,0.0,0.0,0.0,0.0,0.0,0.0,0.0,0.0,0.0,0.0,0.0,0.0,0.0,0.0,0.0,0.0,0.0,0.0,0.0,0.0,0.0,0.0,0.0,0.0,0.0,0.0,0.0,0.0,0.0,0.0,0.0,0.0
141,203,3.3861e-07,1.2574394999999999e-05,3.1434629999999997e-06,9.770795999999997e-06,1.6591199999999998e-07,1.74138e-07,9.750000000000003e-10,4.860000000000001e-10,0.0,0.0,1.6231253e-05,1.582131e-05,0.00048763614399999997,6.617179000000001e-06,2.3567648999999995e-05,9.41e-08,1.6112399999999998e-07,0.0,9.700000000000001e-11,0.0,1.7739273e-05,0.001466797356,9.685818599999998e-05,0.0013809779639999999,4.5643349999999996e-06,2.0363897999999998e-05,0.0,3.7734e-08,0.0,0.0,0.000739663416,0.000533113941,0.036259533824999995,8.8576326e-05,0.0012654003119999995,0.0,5.514063e-06,0.0,0.0,0.0,0.000359650004,0.04376477913,9.126730000000001e-07,0.043764779129999994,0.0,0.00035965000399999997,0.0,0.0,0.0,0.0,0.008945164527,0.0,0.833956892004,0.0,0.008945164527,0.0,0.0,0.0,0.0,0.0,0.0,0.00867952023,0.0,0.008679520229999998,0.0,0.0,0.0,0.0,0.0,0.0,0.0,0.0,8.8529281e-05,0.0,0.0,0.0,0.0,0.0,0.0,0.0,0.0,0.0,0.0,0.0,0.0,0.0,0.0,0.0,0.0,0.0,0.0,0.0,0.0,0.0,0.0,0.0,0.0,0.0,0.0,0.0
142,204,2.9482868e-07,6.438433799999999e-07,1.7202667179999997e-05,3.2146979799999993e-06,9.716749109999995e-06,1.6362676999999997e-07,1.7053971e-07,9.5061e-10,4.723900000000002e-10,0.0,5.013044600000001e-07,3.5414394359999995e-05,1.6412858979999998e-05,0.0004871502237699999,6.466907100000001e-06,2.3067611129999994e-05,9.128675000000001e-08,1.5667344999999998e-07,0.0,9.409000000000001e-11,2.240431298e-05,2.3665029179999997e-05,0.0018040749146499997,9.495001881999998e-05,0.00135264194367,4.42834595e-06,1.9810110269999995e-05,0.0,3.660295e-08,0.0,1.650166634e-05,0.00153238461663,0.00051898399462,0.03563585938430999,8.596467957e-05,0.0012312935822899995,0.0,5.34901845e-06,0.0,0.0,0.0005380925707700001,0.00035420077002,0.05159164780569,1.77105607e-06,0.04255753790452999,0.0,0.00034891564450999994,0.0,0.0,0.0,9.304814531e-05,0.01754082150483,9.126730000000001e-09,0.80955207988275,0.0,0.00868040609123,0.0,0.0,0.0,0.0,0.00017624684757,0.0,0.01684638403825,0.0,0.008508586268369997,0.0,0.0,0.0,0.0,0.0,0.0,8.768049511e-05,0.0,0.00017266860486999996,0.0,0.0,0.0,0.0,0.0,0.0,0.0,0.0,8.8529281e-07,0.0,0.0,0.0,0.0,0.0,0.0,0.0,0.0,0.0,0.0,0.0,0.0,0.0,0.0,0.0,0.0,0.0
143,205,1.7348052e-08,8.185928687999999e-07,9.9283032e-07,2.1687403873199994e-05,3.2817298703999994e-06,9.659264412799993e-06,1.6134573759999996e-07,1.6700448319999997e-07,9.268156000000001e-10,4.591592000000001e-10,5.861484048e-07,8.934826415999999e-07,5.743624058519999e-05,1.6966789449599998e-05,0.0004863899800959999,6.319732481700001e-06,2.2576956030399993e-05,8.855765360000001e-08,1.5234494079999996e-07,9.12673e-11,6.307231296e-07,5.5450922847e-05,2.9258547028799994e-05,0.0021247091827279996,9.307011758159998e-05,0.0013248043983967999,4.296408438999999e-06,1.9271229910399992e-05,0.0,3.55058024e-08,2.10938316672e-05,2.4975114288e-05,0.0023767288991776,0.0005052413323259999,0.03501819833708559,8.343002264239999e-05,0.0011980955225535995,0.0,5.1889139259999995e-06,0.0,1.0018431524400002e-05,0.0012285983329184001,0.0003487823886936,0.0589213531432352,2.5775711836e-06,0.04138341792057439,0.0,0.0003385016653591999,0.0,0.0,0.0001834820906848,9.379879991820001e-05,0.025794497976951998,2.65634888e-08,0.7858629827889089,0.0,0.0084234830649382,0.0,0.0,0.0,2.6929499287999997e-06,0.0005157083025248001,9.126730000000002e-11,0.0245233258646624,0.0,0.008340132741231196,0.0,0.0,0.0,0.0,2.6392734268e-06,0.0,0.000255249459616,0.0,0.00025257440940759993,0.0,0.0,0.0,0.0,0.0,0.0,8.856578792e-07,0.0,2.5854200743999995e-06,0.0,0.0,0.0,0.0,0.0,0.0,0.0,0.0,8.8529281e-09,0.0,0.0,0.0,0.0,0.0,0.0,0.0
144,206,1.4394373776e-08,2.7222538824e-08,8.093506764719998e-07,4.2928753513199993e-07,5.2101837825239995e-06,1.9422072502499995e-07,3.256457066399999e-07,4.178346899999999e-09,3.2073539879999996e-09,1.9364013e-11,3.79311522e-08,1.9287682011059996e-06,1.4342336016e-06,4.772213579109599e-05,4.3468443694169985e-06,2.770719982564799e-05,2.63552351215e-07,5.819996575199999e-07,1.785500341e-09,2.3248045289999996e-09,1.340318729094e-06,1.415322006816e-06,0.00010128204341516999,2.2733485735475995e-05,0.0008564753998752239,7.938105993879002e-06,4.7321358858095986e-05,1.28865008382e-07,3.927310889639999e-07,4.4358730499999995e-10,1.172675210508e-06,9.0051605799222e-05,3.717077897101199e-05,0.0030241307110411434,9.619050331567198e-05,0.0020610573842470316,5.001816412253999e-06,3.411095403147598e-05,0.0,8.632976758799998e-08,3.468200526846e-05,2.8751857060722e-05,0.0031648715267333276,0.0004935979575898799,0.042829329925500204,8.095289767496399e-05,0.0016636066833857093,0.0,8.418263161811998e-06,0.0,1.2517616983986002e-05,0.001456677266632464,0.00033925717157953496,0.06551552061524338,2.50050968298e-06,0.04816818136890794,0.0,0.0004125814460478059,0.0,0.0,0.00018318803322305997,9.101176633261501e-05,0.02527360587391147,2.5767496809e-08,0.7626182536353947,0.0,0.008254179900402364,0.0,0.0,0.0,2.6385541652039995e-06,0.000502824797358276,8.852928100000001e-11,0.023792730181613504,0.0,0.008092454503088336,0.0,0.0,0.0,0.0,2.5689518027879996e-06,0.0,0.00024762677513633704,0.0,0.00024502303132611594,0.0,0.0,0.0,0.0,0.0,0.0,8.591766721049999e-07,8.587340257e-09,2.507946001448999e-06,0.0,0.0,0.0,0.0,0.0,0.0
145,208,0.0,0.0,0.0,0.0,0.0,0.0,0.0,0.0,0.0,0.0,0.0,0.0,0.0,0.0,0.0,0.0,0.0,0.0,0.0,0.0,0.0,0.0,0.0,0.0,0.0,0.0,0.0,0.0,0.0,0.0,0.0,0.0,1.0,0.0,0.0,0.0,0.0,0.0,0.0,0.0,0.0,0.0,0.0,0.0,0.0,0.0,0.0,0.0,0.0,0.0,0.0,0.0,0.0,0.0,0.0,0.0,0.0,0.0,0.0,0.0,0.0,0.0,0.0,0.0,0.0,0.0,0.0,0.0,0.0,0.0,0.0,0.0,0.0,0.0,0.0,0.0,0.0,0.0,0.0,0.0,0.0,0.0,0.0,0.0,0.0,0.0,0.0,0.0,0.0,0.0,0.0,0.0,0.0,0.0,0.0,0.0,0.0,0.0,0.0,0.0
146,209,0.0,0.0,0.0,0.0,0.0,0.0,0.0,0.0,0.0,0.0,0.0,0.0,0.0,0.0,0.0,0.0,0.0,0.0,0.0,0.0,0.0,0.0,0.01,0.0,0.0,0.0,0.0,0.0,0.0,0.0,0.0,0.97,0.0,0.01,0.0,0.0,0.0,0.0,0.0,0.0,0.0,0.0,0.01,0.0,0.0,0.0,0.0,0.0,0.0,0.0,0.0,0.0,0.0,0.0,0.0,0.0,0.0,0.0,0.0,0.0,0.0,0.0,0.0,0.0,0.0,0.0,0.0,0.0,0.0,0.0,0.0,0.0,0.0,0.0,0.0,0.0,0.0,0.0,0.0,0.0,0.0,0.0,0.0,0.0,0.0,0.0,0.0,0.0,0.0,0.0,0.0,0.0,0.0,0.0,0.0,0.0,0.0,0.0,0.0,0.0
147,210,0.0,0.0,0.0,0.0,0.0,0.0,0.0,0.0,0.0,0.0,0.0,0.0,0.0001,0.0,0.0,0.0,0.0,0.0,0.0,0.0,0.0,0.0098,0.0,0.0002,0.0,0.0,0.0,0.0,0.0,0.0,0.0097,0.0,0.0196,0.0,0.0001,0.0,0.0,0.0,0.0,0.0,0.0,0.941,0.0,0.0098,0.0,0.0,0.0,0.0,0.0,0.0,0.0,0.0,0.0097,0.0,0.0,0.0,0.0,0.0,0.0,0.0,0.0,0.0,0.0,0.0,0.0,0.0,0.0,0.0,0.0,0.0,0.0,0.0,0.0,0.0,0.0,0.0,0.0,0.0,0.0,0.0,0.0,0.0,0.0,0.0,0.0,0.0,0.0,0.0,0.0,0.0,0.0,0.0,0.0,0.0,0.0,0.0,0.0,0.0,0.0,0.0
148,211,0.0,0.0,1.0000000000000002e-06,0.0,0.0,0.0,0.0,0.0,0.0,0.0,0.0,9.9e-05,0.0,3.0000000000000005e-06,0.0,0.0,0.0,0.0,0.0,0.0,0.000195,0.0,0.000393,0.0,3.0000000000000005e-06,0.0,0.0,0.0,0.0,0.0,9.7e-05,0.019208999999999997,0.0,0.000489,0.0,1.0000000000000002e-06,0.0,0.0,0.0,0.0,0.018819000000000002,0.0,0.028616999999999997,0.0,0.000195,0.0,0.0,0.0,0.0,0.0,0.0,0.912867,0.0,0.009602999999999999,0.0,0.0,0.0,0.0,0.0,0.0,0.0,0.0,0.009409,0.0,0.0,0.0,0.0,0.0,0.0,0.0,0.0,0.0,0.0,0.0,0.0,0.0,0.0,0.0,0.0,0.0,0.0,0.0,0.0,0.0,0.0,0.0,0.0,0.0,0.0,0.0,0.0,0.0,0.0,0.0,0.0,0.0,0.0,0.0,0.0,0.0
149,212,0.0,1e-06,1.0000000000000002e-08,1e-06,0.0,0.0,0.0,0.0,0.0,0.0,2.94e-06,0.0,9.999999999999998e-05,0.0,2.9400000000000007e-06,0.0,0.0,0.0,0.0,0.0,2.92e-06,0.00038616,0.0,0.00038616,0.0,2.9200000000000004e-06,0.0,0.0,0.0,0.0,0.0003832,9.409e-05,0.018927719999999995,0.0,0.00047631999999999997,0.0,9.7e-07,0.0,0.0,0.0,0.00018916000000000004,0.02786136,0.0,0.027861359999999998,0.0,0.00018915999999999998,0.0,0.0,0.0,0.0,0.00931686,0.0,0.88595728,0.0,0.00931686,0.0,0.0,0.0,0.0,0.0,0.0,0.00922276,0.0,0.00922276,0.0,0.0,0.0,0.0,0.0,0.0,0.0,0.0,9.409000000000002e-05,0.0,0.0,0.0,0.0,0.0,0.0,0.0,0.0,0.0,0.0,0.0,0.0,0.0,0.0,0.0,0.0,0.0,0.0,0.0,0.0,0.0,0.0,0.0,0.0,0.0,0.0,0.0
150,213,3.9399999999999995e-08,1.01e-08,1.9800999999999995e-06,1.97e-08,9.994000000000001e-07,0.0,0.0,0.0,0.0,0.0,5.8599999999999995e-08,7.7234e-06,1.0000000000000002e-10,0.00010090099999999996,0.0,2.8810000000000005e-06,0.0,0.0,0.0,0.0,7.7522e-06,3.7733e-06,0.0005687139999999999,0.0,0.0003793969999999999,0.0,2.8421000000000003e-06,0.0,0.0,0.0,6.6937e-06,0.0008434563999999999,9.12673e-05,0.018647126799999997,0.0,0.00046396089999999995,0.0,9.409e-07,0.0,0.0,0.00037750580000000004,0.00018442610000000005,0.0363529828,0.0,0.027125342599999998,0.0,0.00018349489999999998,0.0,0.0,0.0,9.50602e-05,0.0182677682,0.0,0.8598425714,0.0,0.0090392458,0.0,0.0,0.0,0.0,0.0001853962,0.0,0.0178988185,0.0,0.0090392458,0.0,0.0,0.0,0.0,0.0,0.0,9.31685e-05,0.0,0.0001834949,0.0,0.0,0.0,0.0,0.0,0.0,0.0,0.0,9.409000000000002e-07,0.0,0.0,0.0,0.0,0.0,0.0,0.0,0.0,0.0,0.0,0.0,0.0,0.0,0.0,0.0,0.0,0.0
151,215,2.9404000000000003e-09,2.6130199999999997e-09,1.7312696999999996e-07,2.999090999999999e-08,1.0567397299999997e-06,1.027331e-08,3.821219e-08,0.0,0.0,0.0,5.762659999999999e-09,4.9211295e-07,7.557958e-08,1.144011327e-05,2.823285e-08,5.7406978099999986e-06,0.0,5.589237000000001e-08,0.0,0.0,4.9361823e-07,2.3226778e-07,3.516628296999999e-05,9.3130574e-07,0.00029348592926999994,0.0,1.1012231549999998e-05,0.0,3.678919e-08,0.0,4.6007961000000004e-07,4.4137192089999995e-05,7.211820020000001e-06,0.0013612368698499998,8.8529281e-07,0.0008138082140099999,0.0,8.991528489999998e-06,0.0,9.12673e-09,2.3150627190000006e-05,1.1813884350000002e-05,0.00205362616873,8.767146247e-05,0.026868641257589997,0.0,0.0007919209281899999,0.0,2.6652874299999996e-06,0.0,9.298897490000002e-06,0.00116912169951,0.00017535233685000003,0.05186311259775,0.0,0.03413747282645,0.0,0.00026035851189,0.0,0.0,0.00018905980565,9.125912099e-05,0.02632351996377,0.0,0.80981614612661,0.0,0.008595390882589999,0.0,0.0,0.0,2.74828355e-06,0.00052890823731,0.0,0.025276355215229997,0.0,0.008595390882589999,0.0,0.0,0.0,0.0,2.7114885300000003e-06,0.0,0.00026310678961000004,0.0,0.00026035851189,0.0,0.0,0.0,0.0,0.0,0.0,9.129552699999998e-07,9.126730000000001e-09,2.6652874300000005e-06,0.0,0.0,0.0,0.0,0.0,0.0
152,217,1.9760189400000004e-10,1.53343326e-10,7.754389997999998e-09,1.8050754599999998e-09,4.338416248799999e-08,9.044389259999998e-10,2.7503917259999995e-09,1.4259005999999999e-11,1.8678612e-11,0.0,4.971607799999999e-10,2.5776754133999994e-08,4.750503875999999e-09,4.5085395640799994e-07,1.1867213495999994e-08,2.7728944956e-07,5.72783742e-10,5.519833715999999e-09,0.0,1.3859748000000003e-11,3.6874698635999996e-08,1.144733922e-08,1.5994748849639998e-06,5.8895796456e-08,1.0206409354583998e-05,1.0484063805e-08,6.37351750608e-07,0.0,4.973263044e-09,5.504265e-12,4.1579529012e-08,2.6883573469799998e-06,2.72604665793e-07,5.487665742790799e-05,8.023883349299999e-08,3.634221044356799e-05,8.852928100000001e-11,7.095089200799999e-07,9.126730000000001e-13,2.3248045289999996e-09,2.244518861784e-06,6.560661082169999e-07,0.00011653126339952397,2.787962079885e-06,0.0009434284405329837,2.5941826761000002e-08,5.2271609872848e-05,0.0,3.92731088964e-07,4.4358730499999995e-10,1.4842448370480003e-06,0.00011527558711586399,1.2171704701333e-05,0.0030316829940205676,2.5513336105319996e-06,0.002141175715965624,0.0,3.4110954031475995e-05,0.0,8.632976758799998e-08,5.1097437257112004e-05,1.6506052139790004e-05,0.003563211082777488,8.590104028501198e-05,0.04283180465673285,0.0,0.00166360668338571,0.0,8.418263161812e-06,0.0,1.4294819304174003e-05,0.0016273184213480161,0.00016675971643039905,0.06551554611709588,0.0,0.04816818136890796,0.0,0.000412581446047806,0.0,0.0,0.00018828014608597197,8.5928152280679e-05,0.025273606049144685,2.5855113417000003e-08,0.7626182536353947,0.0,0.008254179900402364,0.0,0.0,0.0,5.207505967992e-06,0.000503675116538916,0.00024763527394731303,0.023795212272501535,0.000245023031326116,0.008092454503088337,0.0,0.0,0.0,0.0
153,219,0.0,0.0,0.0,0.0,0.0,0.0,0.0,0.0,0.0,0.0,0.0,0.0,0.0,0.0,0.0,0.0,0.0,0.0,0.0,0.0,0.0,0.0,0.0,0.0,0.0,0.0,0.0,0.0,0.0,0.0,0.0,0.0,0.0,0.0,0.0,0.0,0.0,0.0,0.0,0.0,0.0,0.0,1.0,0.0,0.0,0.0,0.0,0.0,0.0,0.0,0.0,0.0,0.0,0.0,0.0,0.0,0.0,0.0,0.0,0.0,0.0,0.0,0.0,0.0,0.0,0.0,0.0,0.0,0.0,0.0,0.0,0.0,0.0,0.0,0.0,0.0,0.0,0.0,0.0,0.0,0.0,0.0,0.0,0.0,0.0,0.0,0.0,0.0,0.0,0.0,0.0,0.0,0.0,0.0,0.0,0.0,0.0,0.0,0.0,0.0
154,222,0.0,0.0,0.0,0.0,0.0,0.0,0.0,0.0,0.0,0.0,0.0,0.0,1.0000000000000002e-06,0.0,0.0,0.0,0.0,0.0,0.0,0.0,0.0,3.0000000000000005e-06,0.0,0.000195,0.0,0.0,0.0,0.0,0.0,0.0,3.0000000000000005e-06,0.0,0.000489,0.0,0.009602999999999999,0.0,0.0,0.0,0.0,0.0,1.0000000000000002e-06,0.00039299999999999996,0.0,0.028616999999999997,0.0,0.009409,0.0,0.0,0.0,0.0,9.9e-05,0.0,0.019208999999999997,0.0,0.912867,0.0,0.0,0.0,0.0,0.0,0.0,0.000195,0.0,0.018819000000000002,0.0,0.0,0.0,0.0,0.0,0.0,0.0,0.0,9.7e-05,0.0,0.0,0.0,0.0,0.0,0.0,0.0,0.0,0.0,0.0,0.0,0.0,0.0,0.0,0.0,0.0,0.0,0.0,0.0,0.0,0.0,0.0,0.0,0.0,0.0,0.0,0.0
155,227,1.6632000000000004e-12,1.2966000000000001e-12,1.309264e-10,3.12512e-11,1.7719264e-09,1.056728e-10,4.848550000000001e-10,0.0,0.0,0.0,2.478e-12,3.312224e-10,9.957600000000001e-12,1.0903932800000001e-08,1.8827799999999998e-10,5.1779672e-08,0.0,9.410456000000002e-10,0.0,0.0,3.53044e-10,1.2529680000000004e-10,3.0260982399999996e-08,9.340200000000001e-11,4.77583204e-07,0.0,1.881810688e-07,0.0,9.268156000000001e-10,0.0,3.428288e-10,4.747315999999999e-08,8.369610000000002e-11,1.6752218000000002e-06,6.800000000000003e-14,9.9568704608e-06,0.0,2.72960144e-07,0.0,4.591592e-10,3.07665184e-08,1.4047355199999999e-08,2.99070961e-06,3.0323200000000004e-11,5.53272025216e-05,9.7e-15,2.71129895632e-05,0.0,1.7890090239999994e-07,9.126730000000002e-11,1.93279808e-08,2.97714788e-06,5.5537952000000005e-09,0.00012157282944800001,4.724000000000001e-12,0.0009389857454048,0.0,2.6211554767999995e-05,0.0,4.42674632e-08,1.1128583559999999e-06,5.431824640000001e-07,0.0001305152991232,9.221404000000001e-10,0.0030868941555879997,0.0,0.0017185414398207999,0.0,8.588709295599998e-06,0.0,3.7168455200000005e-07,6.995334215360001e-05,9.92217657e-08,0.0037399813016672,0.0,0.043393172032951996,0.0,0.0008332376068856,0.0,0.0,1.2022033801599999e-05,6.2431585229999985e-06,0.0018448492332975997,0.000167497399652,0.0672159030196864,0.0,0.040424906997895,0.0,0.0,0.0,3.704184046799999e-06,0.00028232720672,0.000515419299328,0.026110476612608003,0.0242523672664924,0.7849930830423415,0.0,0.0,0.0,0.0
156,230,0.0,0.0,0.0,0.0,0.0,0.0,0.0,0.0,0.0,0.0,0.0,0.0,0.0,0.0,0.0,0.0,0.0,0.0,0.0,0.0,0.0,0.0,0.0,0.0,0.0,0.0,0.0,0.0,0.0,0.0,0.0,0.0,0.0,0.0,0.0,0.0,0.0,0.0,0.0,0.0,0.0,0.0,0.0,0.0,0.0,0.0,0.0,0.0,0.0,0.0,0.0,0.0,1.0,0.0,0.0,0.0,0.0,0.0,0.0,0.0,0.0,0.0,0.0,0.0,0.0,0.0,0.0,0.0,0.0,0.0,0.0,0.0,0.0,0.0,0.0,0.0,0.0,0.0,0.0,0.0,0.0,0.0,0.0,0.0,0.0,0.0,0.0,0.0,0.0,0.0,0.0,0.0,0.0,0.0,0.0,0.0,0.0,0.0,0.0,0.0
157,231,0.0,0.0,0.0,0.0,0.0,0.0,0.0,0.0,0.0,0.0,0.0,0.0,0.0,0.0,0.0,0.0,0.0,0.0,0.0,0.0,0.0,0.0,0.0,0.0,0.0,0.0,0.0,0.0,0.0,0.0,0.0,0.0,0.0,0.0,0.0,0.0,0.0,0.0,0.0,0.0,0.0,0.0,0.01,0.0,0.0,0.0,0.0,0.0,0.0,0.0,0.0,0.01,0.0,0.97,0.0,0.0,0.0,0.0,0.0,0.0,0.0,0.0,0.01,0.0,0.0,0.0,0.0,0.0,0.0,0.0,0.0,0.0,0.0,0.0,0.0,0.0,0.0,0.0,0.0,0.0,0.0,0.0,0.0,0.0,0.0,0.0,0.0,0.0,0.0,0.0,0.0,0.0,0.0,0.0,0.0,0.0,0.0,0.0,0.0,0.0
158,232,0.0,0.0,0.0,0.0,0.0,0.0,0.0,0.0,0.0,0.0,0.0,0.0,0.0,0.0,0.0,0.0,0.0,0.0,0.0,0.0,0.0,0.0,0.0,0.0,0.0,0.0,0.0,0.0,0.0,0.0,0.0,0.0,0.0001,0.0,0.0,0.0,0.0,0.0,0.0,0.0,0.0,0.0002,0.0,0.0194,0.0,0.0,0.0,0.0,0.0,0.0,0.0001,0.0,0.0196,0.0,0.9409,0.0,0.0,0.0,0.0,0.0,0.0,0.0002,0.0,0.0194,0.0,0.0,0.0,0.0,0.0,0.0,0.0,0.0,0.0001,0.0,0.0,0.0,0.0,0.0,0.0,0.0,0.0,0.0,0.0,0.0,0.0,0.0,0.0,0.0,0.0,0.0,0.0,0.0,0.0,0.0,0.0,0.0,0.0,0.0,0.0,0.0
159,233,0.0,0.0,0.0,0.0,0.0,0.0,0.0,0.0,0.0,0.0,0.0,0.0,0.0,0.0,0.0,0.0,0.0,0.0,0.0,0.0,0.0,0.0,1.0000000000000002e-06,0.0,0.0,0.0,0.0,0.0,0.0,0.0,0.0,3.0000000000000005e-06,0.0,0.000195,0.0,0.0,0.0,0.0,0.0,0.0,3.0000000000000005e-06,0.0,0.000489,0.0,0.009602999999999999,0.0,0.0,0.0,0.0,0.0,1.0000000000000002e-06,0.00039299999999999996,0.0,0.028617,0.0,0.009408999999999999,0.0,0.0,0.0,0.0,9.9e-05,0.0,0.019208999999999997,0.0,0.912867,0.0,0.0,0.0,0.0,0.0,0.0,0.000195,0.0,0.018819000000000002,0.0,0.0,0.0,0.0,0.0,0.0,0.0,0.0,9.7e-05,0.0,0.0,0.0,0.0,0.0,0.0,0.0,0.0,0.0,0.0,0.0,0.0,0.0,0.0,0.0,0.0,0.0
160,234,0.0,0.0,0.0,0.0,0.0,0.0,0.0,0.0,0.0,0.0,0.0,0.0,1.0000000000000002e-08,0.0,0.0,0.0,0.0,0.0,0.0,0.0,0.0,4.000000000000001e-08,0.0,1.96e-06,0.0,0.0,0.0,0.0,0.0,0.0,6.000000000000001e-08,0.0,7.84e-06,0.0,9.797999999999998e-05,0.0,0.0,0.0,0.0,0.0,4.000000000000001e-08,1.176e-05,0.0,0.00057624,0.0,0.00019011999999999998,0.0,0.0,0.0,0.0,7.840000000000001e-06,1.0000000000000002e-08,0.00095652,0.0,0.01882384,0.0,9.408999999999999e-05,0.0,0.0,0.0,1.96e-06,0.0005762399999999999,0.0,0.03726744,0.0,0.018255399999999998,0.0,0.0,0.0,0.0,9.797999999999998e-05,0.0,0.018823839999999998,0.0,0.88566918,0.0,0.0,0.0,0.0,0.0,0.0,0.00019012,0.0,0.0182554,0.0,0.0,0.0,0.0,0.0,0.0,0.0,0.0,9.409e-05,0.0,0.0,0.0,0.0,0.0,0.0,0.0
161,235,0.0,0.0,1.0000000000000002e-10,0.0,0.0,0.0,0.0,0.0,0.0,0.0,0.0,5.000000000000001e-10,0.0,1.97e-08,0.0,0.0,0.0,0.0,0.0,0.0,1.0000000000000003e-09,0.0,1.0810000000000001e-07,0.0,9.994e-07,0.0,0.0,0.0,0.0,0.0,1.0000000000000003e-09,2.354e-07,0.0,8.7218e-06,0.0,2.881e-06,0.0,0.0,0.0,0.0,2.546e-07,5.000000000000001e-10,2.3049999999999998e-05,0.0,0.00029094259999999997,0.0,2.8421e-06,0.0,0.0,0.0,1.3690000000000001e-07,2.6813199999999996e-05,1.0000000000000002e-10,0.0011294308000000001,0.0,0.0005561496999999999,0.0,9.408999999999999e-07,0.0,0.0,1.43666e-05,2.93e-08,0.0014944996,0.0,0.027671045000000002,0.0,0.00027382129999999993,0.0,0.0,0.0,2.881e-06,0.0007500721999999998,0.0,0.045376901,0.0,0.026564429799999997,0.0,0.0,0.0,0.0,9.694179999999997e-05,0.0,0.0184445209,0.0,0.8592816585999999,0.0,0.0,0.0,0.0,0.0,0.0,0.0001853573,9.12673e-05,0.0177086789,0.0,0.0,0.0,0.0,0.0,0.0
162,236,0.0,6.000000000000002e-12,1.0000000000000002e-12,1.9800000000000001e-10,0.0,0.0,0.0,0.0,0.0,0.0,1.5000000000000003e-11,0.0,1.3800000000000002e-09,0.0,1.0191e-08,0.0,0.0,0.0,0.0,0.0,2.0000000000000005e-11,3.93e-09,0.0,1.1740200000000001e-07,0.0,3.8804e-08,0.0,0.0,0.0,0.0,5.88e-09,1.5000000000000003e-11,4.24929e-07,0.0,3.994872e-06,0.0,5.7231000000000005e-08,0.0,0.0,0.0,4.890000000000001e-09,7.295159999999999e-07,6.000000000000002e-12,2.289438e-05,0.0,1.1293914e-05,0.0,3.783e-08,0.0,0.0,6.601289999999999e-07,2.1480000000000004e-09,4.8865936e-05,1.0000000000000002e-12,0.000575780577,0.0,1.1065955999999998e-05,0.0,9.408999999999998e-09,0.0,3.0556200000000005e-07,4.8598188e-05,3.9000000000000005e-10,0.0018409723320000002,0.0,0.00108455817,0.0,3.6508859999999993e-06,0.0,0.0,2.2434552e-05,5.7231000000000005e-08,0.002095379553,0.0,0.036153143543999997,0.0,0.0005312509589999999,0.0,0.0,0.0,3.7639879999999995e-06,0.0009148382339999999,9.126730000000001e-07,0.052969942554,0.0,0.034360313492,0.0,0.0,0.0,0.0,9.588711899999996e-05,0.000180709254,0.018158654916000005,0.017178331206,0.8336802956309999,0.0,0.0,0.0,0.0,0.0
163,239,2.7816000000000002e-14,2.7618000000000007e-14,3.4142880000000004e-12,8.635560000000002e-13,9.439870800000002e-11,9.506004e-12,4.79719806e-10,0.0,0.0,0.0,4.4754000000000004e-14,7.0890720000000006e-12,7.143510000000003e-13,3.95020752e-10,9.6036e-14,6.069250158e-09,0.0,1.0413063102e-08,0.0,0.0,6.804504e-12,3.9205350000000005e-12,9.0595944e-10,1.8679101000000005e-11,2.8629106104000004e-08,0.0,2.24649641838e-07,0.0,3.7041840468e-08,0.0,7.560888000000001e-12,1.131674712e-09,1.94980597e-10,7.0782435672e-08,1.3859748000000001e-11,1.3277826838320002e-06,0.0,3.97079521458e-06,0.0,5.3303753892000003e-08,6.853514160000001e-10,4.501619039999999e-10,9.9009346116e-08,4.524312900000001e-09,3.634427390807999e-06,5.504265000000001e-12,3.7908448696272e-05,0.0,1.0623782328132001e-05,3.4792007433000004e-08,4.934292e-10,7.6230776868e-08,1.5053967313e-08,5.438621825411999e-06,1.971628305e-09,0.000124999701418896,9.126730000000001e-13,0.000556907573830416,8.852928099999998e-11,1.0212490521777e-05,2.7816564215999996e-08,1.8707162073e-08,4.410825321636e-06,2.9800943514900005e-07,0.000196084323016536,3.55970697e-10,0.002758518596308944,0.0,0.001005260133135684,3.332330666120999e-06,1.1645600699999999e-08,1.908019423608e-06,4.50421463877e-07,0.00015876321203263198,5.910580894631999e-06,0.004764741554699447,0.0,0.03401181053504177,0.0,0.0004849614628005478,3.35036765484e-07,4.3749471669e-07,6.007923574248e-05,2.645158226748e-05,0.003457267477096151,0.000728361053298804,0.07388753754982767,0.0,0.031374727078921034,0.0,1.81140603234e-07,9.008140643598e-06,2.7574698681006e-05,0.0009310334833111199,0.001675665575335668,0.04260110904488263,0.039220492164027,0.7618475396210501,0.0,0.0
164,241,0.0,0.0,0.0,0.0,0.0,0.0,0.0,0.0,0.0,0.0,0.0,0.0,0.0,0.0,0.0,0.0,0.0,0.0,0.0,0.0,0.0,0.0,0.0,0.0,0.0,0.0,0.0,0.0,0.0,0.0,0.0,0.0,0.0,0.0,0.0,0.0,0.0,0.0,0.0,0.0,0.0,0.0,0.0,0.0,0.0,0.0,0.0,0.0,0.0,0.0,0.0,0.0,0.0,0.0,0.0,0.0,0.0,0.0,0.0,0.0,0.0,0.0,1.0,0.0,0.0,0.0,0.0,0.0,0.0,0.0,0.0,0.0,0.0,0.0,0.0,0.0,0.0,0.0,0.0,0.0,0.0,0.0,0.0,0.0,0.0,0.0,0.0,0.0,0.0,0.0,0.0,0.0,0.0,0.0,0.0,0.0,0.0,0.0,0.0,0.0
165,242,0.0,0.0,0.0,0.0,0.0,0.0,0.0,0.0,0.0,0.0,0.0,0.0,0.0,0.0,0.0,0.0,0.0,0.0,0.0,0.0,0.0,0.0,0.0,0.0,0.0,0.0,0.0,0.0,0.0,0.0,0.0,0.0,0.0,0.0,0.0,0.0,0.0,0.0,0.0,0.0,0.0,0.0,0.0,0.0,0.0,0.0,0.0,0.0,0.0,0.0,0.0,0.0,0.97,0.0,0.0,0.0,0.0,0.0,0.0,0.0,0.0,0.01,0.0,0.01,0.0,0.0,0.0,0.0,0.0,0.0,0.0,0.0,0.01,0.0,0.0,0.0,0.0,0.0,0.0,0.0,0.0,0.0,0.0,0.0,0.0,0.0,0.0,0.0,0.0,0.0,0.0,0.0,0.0,0.0,0.0,0.0,0.0,0.0,0.0,0.0
166,246,0.0,0.0,0.0,0.0,0.0,0.0,0.0,0.0,0.0,0.0,0.0,0.0,9.700000000000001e-09,0.0,0.0,0.0,0.0,0.0,0.0,0.0,0.0,3.89e-08,0.0,1.9013000000000005e-06,0.0,0.0,0.0,0.0,0.0,0.0,5.8599999999999995e-08,0.0,7.6249000000000005e-06,0.0,9.50602e-05,0.0,0.0,0.0,0.0,0.0,3.9399999999999995e-08,1.14866e-05,0.0,0.0005600306000000001,0.0,0.0001853962,0.0,0.0,0.0,0.0,7.723399999999998e-06,1.01e-08,0.0009337828,0.0,0.0182677682,0.0,9.31685e-05,0.0,0.0,0.0,1.9801e-06,0.0005687139999999999,1.0000000000000002e-10,0.036352982799999996,0.0,0.0178988185,0.0,9.409000000000002e-07,0.0,0.0,0.00010090099999999996,1.97e-08,0.0186471268,0.0,0.8598425714,0.0,0.0001834949,0.0,0.0,0.0,9.994000000000001e-07,0.00037939699999999985,9.700000000000001e-09,0.027125342599999998,0.0,0.0090392458,0.0,0.0,0.0,0.0,2.8810000000000005e-06,2.8421000000000003e-06,0.00046489209999999993,0.00018349489999999998,0.0090392458,0.0,0.0,0.0,0.0,0.0
167,247,0.0,0.0,9.700000000000001e-11,0.0,0.0,0.0,0.0,0.0,0.0,0.0,0.0,4.86e-10,0.0,1.9110000000000007e-08,0.0,0.0,0.0,0.0,0.0,0.0,9.75e-10,0.0,1.0506000000000002e-07,0.0,9.69615e-07,0.0,0.0,0.0,0.0,0.0,9.8e-10,2.2943400000000001e-07,0.0,8.471418000000003e-06,0.0,2.804564e-06,0.0,0.0,0.0,0.0,2.493359999999999e-07,4.949999999999999e-10,2.2449153e-05,0.0,0.000282340344,0.0,2.7856470000000003e-06,0.0,0.0,0.0,1.3535399999999996e-07,2.6244204e-05,1.02e-10,0.00109877502,0.0,0.000542431866,0.0,9.410939999999999e-07,0.0,0.0,1.4207648999999995e-05,2.9795999999999998e-08,0.001461457552,1.0000000000000002e-12,0.026860678881,0.0,0.00027120598799999996,0.0,9.409000000000002e-09,0.0,2.9398979999999995e-06,0.0007429268279999999,3.9100000000000005e-10,0.04431854372399999,0.0,0.026052507065999996,0.0,2.7476220000000004e-06,0.0,0.0,0.00010170674399999996,5.7621000000000004e-08,0.018367409313000002,1.8350459999999998e-06,0.8344993326,0.0,0.00026838251099999997,0.0,0.0,0.0,3.821219e-06,0.00037544965799999984,0.00045281811599999993,0.026584613753999998,0.008769903374999999,0.008858460884,0.0,0.0,0.0,0.0
168,252,0.0,0.0,0.0,0.0,0.0,0.0,0.0,0.0,0.0,0.0,0.0,0.0,0.0,0.0,0.0,0.0,0.0,0.0,0.0,0.0,0.0,0.0,0.0,0.0,0.0,0.0,0.0,0.0,0.0,0.0,0.0,0.0,0.0,0.0,0.0,0.0,0.0,0.0,0.0,0.0,0.0,0.0,0.0,0.0,0.0,0.0,0.0,0.0,0.0,0.0,0.0,0.0,0.0,0.0,0.0,0.0,0.0,0.0,0.0,0.0,0.0,0.0,0.0,0.0,0.0,0.0,0.0,0.0,0.0,0.0,0.0,0.0,0.0,0.0,0.0,0.0,0.0,0.0,0.0,0.0,0.0,0.0,1.0,0.0,0.0,0.0,0.0,0.0,0.0,0.0,0.0,0.0,0.0,0.0,0.0,0.0,0.0,0.0,0.0,0.0
169,253,0.0,0.0,0.0,0.0,0.0,0.0,0.0,0.0,0.0,0.0,0.0,0.0,0.0,0.0,0.0,0.0,0.0,0.0,0.0,0.0,0.0,0.0,0.0,0.0,0.0,0.0,0.0,0.0,0.0,0.0,0.0,0.0,0.0,0.0,0.0,0.0,0.0,0.0,0.0,0.0,0.0,0.0,0.0,0.0,0.0,0.0,0.0,0.0,0.0,0.0,0.0,0.0,0.0,0.0,0.0,0.0,0.0,0.0,0.0,0.0,0.0,0.0,0.0,0.0,0.0,0.0,0.0,0.0,0.0,0.0,0.0,0.0,0.01,0.0,0.0,0.0,0.0,0.0,0.0,0.0,0.0,0.01,0.0,0.97,0.0,0.0,0.0,0.0,0.0,0.0,0.0,0.0,0.01,0.0,0.0,0.0,0.0,0.0,0.0,0.0
170,254,0.0,0.0,0.0,0.0,0.0,0.0,0.0,0.0,0.0,0.0,0.0,0.0,0.0,0.0,0.0,0.0,0.0,0.0,0.0,0.0,0.0,0.0,0.0,0.0,0.0,0.0,0.0,0.0,0.0,0.0,0.0,0.0,0.0,0.0,0.0,0.0,0.0,0.0,0.0,0.0,0.0,0.0,0.0,0.0,0.0,0.0,0.0,0.0,0.0,0.0,0.0,0.0,0.0,0.0,0.0,0.0,0.0,0.0,0.0,0.0,0.0,0.0,0.0001,0.0,0.0,0.0,0.0,0.0,0.0,0.0,0.0,0.0002,0.0,0.0194,0.0,0.0,0.0,0.0,0.0,0.0,0.0001,0.0,0.0196,0.0,0.9409,0.0,0.0,0.0,0.0,0.0,0.0,0.0002,0.0001,0.0194,0.0,0.0,0.0,0.0,0.0,0.0
171,256,0.0,0.0,0.0,0.0,0.0,0.0,0.0,0.0,0.0,0.0,0.0,0.0,0.0,0.0,0.0,0.0,0.0,0.0,0.0,0.0,0.0,0.0,0.0,0.0,0.0,0.0,0.0,0.0,0.0,0.0,0.0,0.0,0.0,0.0,0.0,0.0,0.0,0.0,0.0,0.0,0.0,0.0,1.0000000000000002e-08,0.0,0.0,0.0,0.0,0.0,0.0,0.0,0.0,4.000000000000001e-08,0.0,2.92e-06,0.0,0.0,0.0,0.0,0.0,0.0,6.000000000000001e-08,0.0,9.76e-06,0.0,0.00028518,0.0,0.0,0.0,0.0,0.0,4.000000000000001e-08,1.1760000000000001e-05,1.0000000000000002e-08,0.00085848,0.0,0.009408999999999999,0.0,0.0,0.0,0.0,4.959999999999999e-06,2.93e-06,0.0008653199999999999,0.00018916000000000004,0.037077280000000004,0.0,0.00912673,0.0,0.0,0.0,3.9399999999999995e-06,0.00029495999999999993,0.0005704000000000001,0.028328879999999997,0.0273831,0.88557508,0.0,0.0,0.0,0.0
172,260,0.0,0.0,0.0,0.0,0.0,0.0,0.0,0.0,0.0,0.0,0.0,0.0,0.0,6.8e-14,0.0,0.0,0.0,0.0,0.0,0.0,2.800000000000001e-15,0.0,4.864e-13,0.0,1.98268e-11,0.0,0.0,0.0,0.0,0.0,5.600000000000002e-15,1.5008000000000002e-12,0.0,1.259552e-10,0.0,3.2141144e-09,0.0,0.0,0.0,0.0,1.9264000000000004e-12,6.990000000000003e-13,3.394480000000001e-10,1.9304000000000007e-12,1.8086387199999998e-08,0.0,3.13046839e-07,0.0,0.0,0.0,2.3148000000000006e-12,4.497728e-10,7.368240000000001e-11,4.22654144e-08,1.0134172000000001e-09,1.574916056e-06,0.0,1.8343267023199996e-05,0.0,0.0,2.663808e-10,2.192832e-10,4.99917184e-08,9.4745436e-09,3.179880772e-06,2.2225563440000006e-07,8.602782684159998e-05,0.0,0.0006011138179899999,0.0,2.452704e-10,3.0218136599999994e-08,2.2528468800000002e-08,3.1604168816000004e-06,1.1460899976000002e-06,0.0001493702686496,2.5809479767000002e-05,0.0029884652328608,0.0,0.008662908851261598,7.746187199999999e-09,2.17813872e-08,1.5403890588e-06,1.9401279936e-06,0.00011446018903360001,8.825411761770002e-05,0.0042689542135216,0.0016671125963672,0.06584085521847038,0.008079828447811297,7.6981224e-09,2.9754074399999995e-07,1.314497472e-06,3.407558482679999e-05,9.579994657440001e-05,0.0019746783014528,0.003607935095296,0.060777830226368,0.05657683254921879,0.7843264398411464
173,261,0.0,0.0,0.0,1.0,0.0,0.0,0.0,0.0,0.0,0.0,0.0,0.0,0.0,0.0,0.0,0.0,0.0,0.0,0.0,0.0,0.0,0.0,0.0,0.0,0.0,0.0,0.0,0.0,0.0,0.0,0.0,0.0,0.0,0.0,0.0,0.0,0.0,0.0,0.0,0.0,0.0,0.0,0.0,0.0,0.0,0.0,0.0,0.0,0.0,0.0,0.0,0.0,0.0,0.0,0.0,0.0,0.0,0.0,0.0,0.0,0.0,0.0,0.0,0.0,0.0,0.0,0.0,0.0,0.0,0.0,0.0,0.0,0.0,0.0,0.0,0.0,0.0,0.0,0.0,0.0,0.0,0.0,0.0,0.0,0.0,0.0,0.0,0.0,0.0,0.0,0.0,0.0,0.0,0.0,0.0,0.0,0.0,0.0,0.0,0.0
174,262,0.0,0.0,0.97,0.01,0.01,0.0,0.0,0.0,0.0,0.0,0.0,0.0,0.0,0.01,0.0,0.0,0.0,0.0,0.0,0.0,0.0,0.0,0.0,0.0,0.0,0.0,0.0,0.0,0.0,0.0,0.0,0.0,0.0,0.0,0.0,0.0,0.0,0.0,0.0,0.0,0.0,0.0,0.0,0.0,0.0,0.0,0.0,0.0,0.0,0.0,0.0,0.0,0.0,0.0,0.0,0.0,0.0,0.0,0.0,0.0,0.0,0.0,0.0,0.0,0.0,0.0,0.0,0.0,0.0,0.0,0.0,0.0,0.0,0.0,0.0,0.0,0.0,0.0,0.0,0.0,0.0,0.0,0.0,0.0,0.0,0.0,0.0,0.0,0.0,0.0,0.0,0.0,0.0,0.0,0.0,0.0,0.0,0.0,0.0,0.0
175,263,0.0,0.9409,0.0194,0.0196,0.0002,0.0001,0.0,0.0,0.0,0.0,0.0,0.0,0.0194,0.0001,0.0002,0.0,0.0,0.0,0.0,0.0,0.0,0.0,0.0,0.0001,0.0,0.0,0.0,0.0,0.0,0.0,0.0,0.0,0.0,0.0,0.0,0.0,0.0,0.0,0.0,0.0,0.0,0.0,0.0,0.0,0.0,0.0,0.0,0.0,0.0,0.0,0.0,0.0,0.0,0.0,0.0,0.0,0.0,0.0,0.0,0.0,0.0,0.0,0.0,0.0,0.0,0.0,0.0,0.0,0.0,0.0,0.0,0.0,0.0,0.0,0.0,0.0,0.0,0.0,0.0,0.0,0.0,0.0,0.0,0.0,0.0,0.0,0.0,0.0,0.0,0.0,0.0,0.0,0.0,0.0,0.0,0.0,0.0,0.0,0.0,0.0
176,264,0.009408999999999999,0.009602999999999999,0.009992999999999998,0.000393,0.00020099999999999998,3.0000000000000005e-06,1.0000000000000002e-06,0.0,0.0,0.0,0.0,0.912867,0.018819000000000002,0.019208999999999997,0.000195,9.9e-05,0.0,0.0,0.0,0.0,0.0,0.0,0.018819000000000002,9.7e-05,0.000195,0.0,0.0,0.0,0.0,0.0,0.0,0.0,0.0,9.7e-05,0.0,0.0,0.0,0.0,0.0,0.0,0.0,0.0,0.0,0.0,0.0,0.0,0.0,0.0,0.0,0.0,0.0,0.0,0.0,0.0,0.0,0.0,0.0,0.0,0.0,0.0,0.0,0.0,0.0,0.0,0.0,0.0,0.0,0.0,0.0,0.0,0.0,0.0,0.0,0.0,0.0,0.0,0.0,0.0,0.0,0.0,0.0,0.0,0.0,0.0,0.0,0.0,0.0,0.0,0.0,0.0,0.0,0.0,0.0,0.0,0.0,0.0,0.0,0.0,0.0,0.0
177,265,0.00028420999999999996,0.00941872,0.00038807999999999996,0.00029796,7.92e-06,3.0399999999999997e-06,4.000000000000001e-08,1.0000000000000002e-08,0.0,0.0,0.018255399999999998,0.009503099999999999,0.01920216,0.0005723200000000001,0.00038999999999999994,4.860000000000001e-06,1.96e-06,0.0,0.0,0.0,0.0,0.88566918,0.0182554,0.018823839999999998,0.00019012,9.797999999999998e-05,0.0,0.0,0.0,0.0,0.0,0.0,0.0182554,9.409e-05,0.00019012,0.0,0.0,0.0,0.0,0.0,0.0,0.0,0.0,9.409e-05,0.0,0.0,0.0,0.0,0.0,0.0,0.0,0.0,0.0,0.0,0.0,0.0,0.0,0.0,0.0,0.0,0.0,0.0,0.0,0.0,0.0,0.0,0.0,0.0,0.0,0.0,0.0,0.0,0.0,0.0,0.0,0.0,0.0,0.0,0.0,0.0,0.0,0.0,0.0,0.0,0.0,0.0,0.0,0.0,0.0,0.0,0.0,0.0,0.0,0.0,0.0,0.0,0.0,0.0,0.0,0.0
178,266,0.00028242539999999997,0.0001959411,0.0002930692,1.26628e-05,6.989199999999999e-06,1.586e-07,5.0499999999999996e-08,5.000000000000001e-10,1.0000000000000002e-10,0.0,0.0005532686999999999,0.0183674258,0.0006597458,0.0006731812,1.53554e-05,7.848199999999999e-06,8.740000000000001e-08,2.93e-08,0.0,0.0,0.026564429799999997,0.009400560999999998,0.027853579399999998,0.0007405465000000001,0.0005694193999999999,6.615400000000001e-06,2.881e-06,0.0,0.0,0.0,0.0,0.8592816585999999,0.0177086789,0.0184445209,0.0001853573,9.694179999999997e-05,0.0,0.0,0.0,0.0,0.0,0.0,0.0177086789,9.12673e-05,0.0001853573,0.0,0.0,0.0,0.0,0.0,0.0,0.0,0.0,9.12673e-05,0.0,0.0,0.0,0.0,0.0,0.0,0.0,0.0,0.0,0.0,0.0,0.0,0.0,0.0,0.0,0.0,0.0,0.0,0.0,0.0,0.0,0.0,0.0,0.0,0.0,0.0,0.0,0.0,0.0,0.0,0.0,0.0,0.0,0.0,0.0,0.0,0.0,0.0,0.0,0.0,0.0,0.0,0.0,0.0,0.0,0.0
179,267,1.3140605999999997e-05,0.00019138861500000003,1.1614189000000001e-05,9.859024e-06,3.5166e-07,1.5046499999999996e-07,2.9700000000000003e-09,8.04e-10,6.000000000000002e-12,1.0000000000000002e-12,0.0007288038809999999,0.00029619862199999997,0.0007532189879999999,2.6439392999999997e-05,1.9284012e-05,3.74424e-07,1.5656999999999998e-07,1.3590000000000004e-09,3.9000000000000005e-10,0.0,0.0008963205469999999,0.026953399704,0.0009184512900000001,0.001121660961,2.421993e-05,1.4305175999999997e-05,1.5093200000000002e-07,5.7231000000000005e-08,0.0,0.0,0.034360313492,0.009295630958999998,0.035972320602,0.0008981831400000001,0.0007396050179999999,8.270511000000002e-06,3.7639879999999995e-06,0.0,0.0,0.0,0.0,0.8336802956309999,0.017178331206,0.018071038308000005,0.000180709254,9.588711899999996e-05,0.0,0.0,0.0,0.0,0.0,0.0,0.017178331206,8.8529281e-05,0.000180709254,0.0,0.0,0.0,0.0,0.0,0.0,0.0,0.0,8.8529281e-05,0.0,0.0,0.0,0.0,0.0,0.0,0.0,0.0,0.0,0.0,0.0,0.0,0.0,0.0,0.0,0.0,0.0,0.0,0.0,0.0,0.0,0.0,0.0,0.0,0.0,0.0,0.0,0.0,0.0,0.0,0.0,0.0,0.0,0.0,0.0,0.0
180,268,9.464737080000001e-06,5.12342032e-06,9.66080816e-06,4.8264266e-07,2.9645161e-07,8.795189999999998e-09,3.1080899999999993e-09,5.139e-11,1.201e-11,8.000000000000003e-14,3.1959618319999995e-05,0.00047000118228,2.3676656380000003e-05,2.850489289e-05,8.514476699999999e-07,4.8340863e-07,8.14805e-09,2.92179e-09,1.9410000000000004e-11,4.870000000000001e-12,0.0013290401020000001,0.00039841669129999995,0.0013710962310299999,4.4054754809999994e-05,3.746120319e-05,6.8960501e-07,3.3313685e-07,2.8275500000000002e-09,9.5061e-10,0.0,0.0013059903750999998,0.03518492701013,0.00116461920435,0.0016358407714500002,3.436496115e-05,2.2268581969999997e-05,2.2910915e-07,9.315394999999999e-08,0.0,0.0,0.04166630704355,0.009188545342289998,0.043582447635389994,0.00104571334321,0.00090089321427,9.829488210000002e-06,4.609939549999999e-06,0.0,0.0,0.0,0.0,0.8088416700741299,0.01666386656263,0.017703382856170007,0.00017617326918999997,9.481759796999996e-05,0.0,0.0,0.0,0.0,0.0,0.0,0.01666386656263,8.587340257e-05,0.00017617326918999997,0.0,0.0,0.0,0.0,0.0,0.0,0.0,0.0,8.587340257e-05,0.0,0.0,0.0,0.0,0.0,0.0,0.0,0.0,0.0,0.0,0.0,0.0,0.0,0.0,0.0,0.0,0.0,0.0,0.0,0.0,0.0,0.0,0.0,0.0,0.0,0.0
181,269,5.601251279999999e-07,1.4028649075200002e-05,5.3079187824e-06,9.6638237868e-06,4.797303249000001e-07,2.925111808e-07,8.644409599999998e-09,3.0446991999999994e-09,5.016330000000001e-11,1.1776800000000001e-11,1.84046563968e-05,3.5272997450399996e-05,0.0004699937661324,2.342024514e-05,2.80321567376e-05,8.329697224e-07,4.7229803839999997e-07,7.932592000000001e-09,2.8438111999999995e-09,2.3552400000000005e-11,3.06540678672e-05,0.0016594291431744,0.00039878769671639996,0.0013469814127743999,4.309217230399999e-05,3.6568218368800005e-05,6.713177072e-07,3.2411300799999996e-07,2.7429176e-09,9.221404000000001e-10,0.0007948626453078,0.0013743264762263998,0.0345952730462048,0.0011409219588112,0.0015963717783008004,3.34414943392e-05,2.1650886814399995e-05,2.22264151e-07,9.03688376e-08,0.0,0.0005216084276093999,0.049292408279439995,0.0091016309731232,0.042477375374747196,0.0010165456200992,0.0008750833790368,9.5368946552e-06,4.472572902999999e-06,0.0,0.0,0.0085050797711768,0.0002585241190492,0.7853559169424479,0.016177028165900803,0.017184000211299205,0.00017098636599639997,9.201916942639995e-05,0.0,0.0,0.0,0.0,0.0082550553663676,0.000167497399652,0.0163436048610304,8.50589331848e-05,0.00017183624709399996,0.0,0.0,0.0,0.0,0.0,0.0,0.000167497399652,8.587340257e-07,8.50589331848e-05,0.0,0.0,0.0,0.0,0.0,0.0,0.0,0.0,8.587340257e-07,0.0,0.0,0.0,0.0,0.0,0.0,0.0,0.0,0.0,0.0,0.0,0.0,0.0,0.0,0.0,0.0
182,270,3.3553555728e-07,1.08941702724e-06,1.8457444689960002e-05,5.484319211445e-06,9.661953055629e-06,4.766796682810001e-07,2.88575716848e-07,8.495351856999996e-09,2.9824157369999993e-09,6.043518900000002e-11,8.48918468424e-07,3.9287032288716004e-05,3.8489966133276005e-05,0.000469740727081416,2.3161686509312997e-05,2.7564522311352002e-05,8.14859577816e-07,4.6142911243199996e-07,7.722780573e-09,2.7906818639999995e-09,2.5033505127462003e-05,4.7818317535116e-05,0.001973768751130284,0.00039889840957745996,0.00132318169192524,4.214886495256799e-05,3.5695644796344e-05,6.535075725900001e-07,3.1533096565199997e-07,3.5553417839999997e-09,2.7214516170107996e-05,0.0016264878706367578,0.0014395100882261158,0.03401162214047688,0.001117625092914288,0.0015578136497939763,3.2542554274158e-05,2.1050230757453995e-05,2.15623655646e-07,8.766699387599999e-08,0.00059113959123534,0.0006133049904651058,0.05643792168469079,0.009011927001377614,0.04139960866719114,0.000988188899046132,0.0008500123039571339,9.253010457054e-06,4.339299404285998e-06,0.0,9.2852123178354e-05,0.016678961183924052,0.000505229960864484,0.7625552892386452,0.015704443230116584,0.0166798695929158,0.00016595214396305995,8.930332007263796e-05,0.0,0.0,0.000167601351375444,4.260215187012e-06,0.016026073897407872,0.00032510193599355307,0.01602770566911527,8.421702884922e-05,0.00016760135137544396,0.0,0.0,0.0,0.0,8.422552766019601e-05,1.683561336777e-06,0.00032676770294484903,1.683561336777e-06,8.422552766019599e-05,0.0,0.0,0.0,0.0,0.0,0.0,1.683561336777e-06,8.587340257e-09,1.683561336777e-06,0.0,0.0,0.0,0.0,0.0,0.0,0.0,0.0,8.587340257e-09,0.0,0.0,0.0,0.0,0.0,0.0
183,272,0.0,0.0,0.0,0.0,0.0,0.0,0.0,0.0,0.0,0.0,0.0,0.0,0.0,0.0,0.0,0.0,0.0,0.0,0.0,0.0,0.0,0.0,0.0,1.0,0.0,0.0,0.0,0.0,0.0,0.0,0.0,0.0,0.0,0.0,0.0,0.0,0.0,0.0,0.0,0.0,0.0,0.0,0.0,0.0,0.0,0.0,0.0,0.0,0.0,0.0,0.0,0.0,0.0,0.0,0.0,0.0,0.0,0.0,0.0,0.0,0.0,0.0,0.0,0.0,0.0,0.0,0.0,0.0,0.0,0.0,0.0,0.0,0.0,0.0,0.0,0.0,0.0,0.0,0.0,0.0,0.0,0.0,0.0,0.0,0.0,0.0,0.0,0.0,0.0,0.0,0.0,0.0,0.0,0.0,0.0,0.0,0.0,0.0,0.0,0.0
184,273,0.0,0.0,0.0,0.0,0.0,0.0,0.0,0.0,0.0,0.0,0.0,0.0,0.0,0.01,0.0,0.0,0.0,0.0,0.0,0.0,0.0,0.0,0.01,0.0,0.01,0.0,0.0,0.0,0.0,0.0,0.0,0.0,0.0,0.97,0.0,0.0,0.0,0.0,0.0,0.0,0.0,0.0,0.0,0.0,0.0,0.0,0.0,0.0,0.0,0.0,0.0,0.0,0.0,0.0,0.0,0.0,0.0,0.0,0.0,0.0,0.0,0.0,0.0,0.0,0.0,0.0,0.0,0.0,0.0,0.0,0.0,0.0,0.0,0.0,0.0,0.0,0.0,0.0,0.0,0.0,0.0,0.0,0.0,0.0,0.0,0.0,0.0,0.0,0.0,0.0,0.0,0.0,0.0,0.0,0.0,0.0,0.0,0.0,0.0,0.0
185,274,0.0,0.0,0.0,0.0001,0.0,0.0,0.0,0.0,0.0,0.0,0.0,0.0,0.0098,0.0,0.0002,0.0,0.0,0.0,0.0,0.0,0.0,0.0097,0.0,0.0196,0.0,0.0001,0.0,0.0,0.0,0.0,0.0,0.0,0.941,0.0,0.0098,0.0,0.0,0.0,0.0,0.0,0.0,0.0,0.0,0.0097,0.0,0.0,0.0,0.0,0.0,0.0,0.0,0.0,0.0,0.0,0.0,0.0,0.0,0.0,0.0,0.0,0.0,0.0,0.0,0.0,0.0,0.0,0.0,0.0,0.0,0.0,0.0,0.0,0.0,0.0,0.0,0.0,0.0,0.0,0.0,0.0,0.0,0.0,0.0,0.0,0.0,0.0,0.0,0.0,0.0,0.0,0.0,0.0,0.0,0.0,0.0,0.0,0.0,0.0,0.0,0.0
186,283,0.0,0.0,0.0,0.0,0.0,0.0,0.0,0.0,0.0,0.0,0.0,0.0,0.0,0.0,0.0,0.0,0.0,0.0,0.0,0.0,0.0,0.0,0.0,0.0,0.0,0.0,0.0,0.0,0.0,0.0,0.0,0.0,0.0,1.0,0.0,0.0,0.0,0.0,0.0,0.0,0.0,0.0,0.0,0.0,0.0,0.0,0.0,0.0,0.0,0.0,0.0,0.0,0.0,0.0,0.0,0.0,0.0,0.0,0.0,0.0,0.0,0.0,0.0,0.0,0.0,0.0,0.0,0.0,0.0,0.0,0.0,0.0,0.0,0.0,0.0,0.0,0.0,0.0,0.0,0.0,0.0,0.0,0.0,0.0,0.0,0.0,0.0,0.0,0.0,0.0,0.0,0.0,0.0,0.0,0.0,0.0,0.0,0.0,0.0,0.0
187,284,0.0,0.0,0.0,0.0,0.0,0.0,0.0,0.0,0.0,0.0,0.0,0.0,0.0,0.0,0.0,0.0,0.0,0.0,0.0,0.0,0.0,0.0,0.0,0.01,0.0,0.0,0.0,0.0,0.0,0.0,0.0,0.0,0.97,0.0,0.01,0.0,0.0,0.0,0.0,0.0,0.0,0.0,0.0,0.01,0.0,0.0,0.0,0.0,0.0,0.0,0.0,0.0,0.0,0.0,0.0,0.0,0.0,0.0,0.0,0.0,0.0,0.0,0.0,0.0,0.0,0.0,0.0,0.0,0.0,0.0,0.0,0.0,0.0,0.0,0.0,0.0,0.0,0.0,0.0,0.0,0.0,0.0,0.0,0.0,0.0,0.0,0.0,0.0,0.0,0.0,0.0,0.0,0.0,0.0,0.0,0.0,0.0,0.0,0.0,0.0
188,285,0.0,0.0,0.0,0.0,0.0,0.0,0.0,0.0,0.0,0.0,0.0,0.0,0.0,0.0001,0.0,0.0,0.0,0.0,0.0,0.0,0.0,0.0,0.0194,0.0,0.0002,0.0,0.0,0.0,0.0,0.0,0.0,0.9409,0.0,0.0196,0.0,0.0001,0.0,0.0,0.0,0.0,0.0,0.0,0.0194,0.0,0.0002,0.0,0.0,0.0,0.0,0.0,0.0,0.0,0.0,0.0001,0.0,0.0,0.0,0.0,0.0,0.0,0.0,0.0,0.0,0.0,0.0,0.0,0.0,0.0,0.0,0.0,0.0,0.0,0.0,0.0,0.0,0.0,0.0,0.0,0.0,0.0,0.0,0.0,0.0,0.0,0.0,0.0,0.0,0.0,0.0,0.0,0.0,0.0,0.0,0.0,0.0,0.0,0.0,0.0,0.0,0.0
189,286,0.0,0.0,0.0,1.0000000000000002e-06,0.0,0.0,0.0,0.0,0.0,0.0,0.0,0.0,0.000195,0.0,3.0000000000000005e-06,0.0,0.0,0.0,0.0,0.0,0.0,0.009602999999999999,0.0,0.000489,0.0,3.0000000000000005e-06,0.0,0.0,0.0,0.0,0.009408999999999999,0.0,0.028617,0.0,0.00039299999999999996,0.0,1.0000000000000002e-06,0.0,0.0,0.0,0.0,0.912867,0.0,0.019208999999999997,0.0,9.9e-05,0.0,0.0,0.0,0.0,0.0,0.0,0.018819000000000002,0.0,0.000195,0.0,0.0,0.0,0.0,0.0,0.0,0.0,0.0,9.7e-05,0.0,0.0,0.0,0.0,0.0,0.0,0.0,0.0,0.0,0.0,0.0,0.0,0.0,0.0,0.0,0.0,0.0,0.0,0.0,0.0,0.0,0.0,0.0,0.0,0.0,0.0,0.0,0.0,0.0,0.0,0.0,0.0,0.0,0.0,0.0,0.0
190,287,0.0,0.0,1.96e-06,1.0000000000000002e-08,4.000000000000001e-08,0.0,0.0,0.0,0.0,0.0,0.0,9.797999999999998e-05,0.0,7.84e-06,0.0,6.000000000000001e-08,0.0,0.0,0.0,0.0,0.00019011999999999998,0.0,0.00057624,0.0,1.1760000000000001e-05,0.0,4.000000000000001e-08,0.0,0.0,0.0,9.408999999999999e-05,0.01882384,0.0,0.00095652,0.0,7.840000000000001e-06,0.0,1.0000000000000002e-08,0.0,0.0,0.018255399999999998,0.0,0.03726744,0.0,0.0005762399999999999,0.0,1.96e-06,0.0,0.0,0.0,0.0,0.88566918,0.0,0.018823839999999998,0.0,9.797999999999998e-05,0.0,0.0,0.0,0.0,0.0,0.0,0.0182554,0.0,0.00019012,0.0,0.0,0.0,0.0,0.0,0.0,0.0,0.0,9.409e-05,0.0,0.0,0.0,0.0,0.0,0.0,0.0,0.0,0.0,0.0,0.0,0.0,0.0,0.0,0.0,0.0,0.0,0.0,0.0,0.0,0.0,0.0,0.0,0.0,0.0,0.0
191,288,0.0,9.994e-07,1.97e-08,1.9801e-06,1.0100000000000001e-08,3.94e-08,0.0,0.0,0.0,0.0,2.881e-06,0.0,0.00010090099999999997,1.0000000000000002e-10,7.723399999999998e-06,0.0,5.86e-08,0.0,0.0,0.0,2.8421e-06,0.000379397,0.0,0.0005687139999999999,0.0,1.14866e-05,0.0,3.8900000000000004e-08,0.0,0.0,0.00037363450000000003,9.126729999999999e-05,0.0186471268,0.0,0.0009337827999999999,0.0,7.624900000000001e-06,0.0,9.700000000000001e-09,0.0,0.00018349489999999998,0.027125342599999994,0.0,0.036352982799999996,0.0,0.0005600305999999998,0.0,1.9013e-06,0.0,0.0,0.0090392458,0.0,0.8598425714,0.0,0.0182677682,0.0,9.506019999999997e-05,0.0,0.0,0.0,0.0,0.0090392458,0.0,0.0178988185,0.0,0.00018539619999999999,0.0,0.0,0.0,0.0,0.0,0.0,0.00018349490000000004,0.0,9.31685e-05,0.0,0.0,0.0,0.0,0.0,0.0,0.0,0.0,9.409000000000001e-07,0.0,0.0,0.0,0.0,0.0,0.0,0.0,0.0,0.0,0.0,0.0,0.0,0.0,0.0,0.0,0.0
192,289,3.8804e-08,1.0191e-08,1.9984259999999997e-06,3.9012e-08,1.9984259999999997e-06,1.0191e-08,3.8804e-08,0.0,0.0,0.0,5.7231000000000005e-08,7.607544e-06,1.9800000000000001e-10,0.00010365814499999998,1.9800000000000004e-10,7.607543999999997e-06,0.0,5.7231e-08,0.0,0.0,7.587546000000001e-06,3.66951e-06,0.0005611825079999999,1.0000000000000002e-12,0.0005611825079999998,0.0,1.1219226e-05,0.0,3.783e-08,0.0,6.512388e-06,0.000823944129,8.852928099999998e-05,0.018466267792,0.0,0.0009115607369999998,0.0,7.415652000000001e-06,0.0,9.409e-09,0.0003672171779999999,0.00017890272599999996,0.035460009131999995,0.0,0.03546000913199999,0.0,0.0005442755459999998,0.0,1.8443579999999998e-06,0.0,9.2227407e-05,0.017728140024,0.0,0.8347724899529999,0.0,0.017728140024000003,0.0,9.222740699999998e-05,0.0,0.0,0.000180784916,0.0,0.017547317274,0.0,0.017547317274,0.0,0.000180784916,0.0,0.0,0.0,0.0,9.2227407e-05,0.0,0.00035791933200000003,0.0,9.2227407e-05,0.0,0.0,0.0,0.0,0.0,0.0,1.8443580000000004e-06,0.0,1.844358e-06,0.0,0.0,0.0,0.0,0.0,0.0,0.0,0.0,9.409e-09,0.0,0.0,0.0,0.0,0.0,0.0
193,290,1.4503e-09,1.3380149e-07,3.026163e-08,2.9954290499999994e-06,5.792979e-08,2.0150386099999994e-06,1.027331e-08,3.821219e-08,0.0,0.0,1.5291125000000002e-07,9.231306000000001e-08,1.404770847e-05,5.8417e-10,0.00010625628542999997,2.9397e-10,7.492470289999997e-06,0.0,5.589237e-08,0.0,1.7826675e-07,2.128726143e-05,4.444719499999999e-06,0.0007356581172099999,2.9500000000000006e-12,0.0005536509078299998,0.0,1.095775635e-05,0.0,3.678919000000001e-08,1.205261241e-05,9.02803153e-06,0.00134410039945,8.587340257999999e-05,0.018281607282009997,0.0,0.0008898430191299999,0.0,7.21209841e-06,9.12673e-09,6.448596989999999e-06,0.0008963215955099999,0.00017442093702999995,0.04328319652680999,0.0,0.03458804862110999,0.0,0.0005289621537899996,0.0,1.7891213499999997e-06,0.00018368369525,9.124961204999999e-05,0.02607409398687,0.0,0.81043666991871,0.0,0.017204468701970003,0.0,8.947902836999998e-05,0.0,2.73012323e-06,0.00052903821557,0.0,0.025547675021369995,0.0,0.017200909279249995,0.0,0.00017628364259,0.0,0.0,2.73012323e-06,0.0,0.00026853139443,0.0,0.0005235956424299999,0.0,9.126843394999999e-05,0.0,0.0,0.0,0.0,9.4071765e-07,0.0,5.38675825e-06,0.0,2.71130133e-06,0.0,0.0,0.0,0.0,0.0,0.0,1.8537670000000004e-08,9.409000000000001e-11,2.757031e-08,0.0,0.0,0.0,0.0,0.0
194,292,1.40122332e-10,6.622126614e-09,2.8022226599999997e-09,1.27813481712e-07,1.2211249391999998e-08,9.858226216799996e-08,1.2684820619999995e-09,3.19112859e-09,1.4259005999999999e-11,1.8678612e-11,1.2547382166000002e-08,5.565171816e-09,6.327757316399999e-07,4.026357051599999e-08,4.26856473708e-06,2.0874835475999992e-08,3.9932238683999985e-07,5.69989854e-10,5.506172915999999e-09,1.3859748000000004e-11,1.7050153764e-08,1.253062568856e-06,1.53832083624e-07,2.7882150778019995e-05,7.2142385613e-08,2.2321989992279993e-05,9.671860692e-09,6.848401182239999e-07,5.504265000000001e-12,4.5243129e-09,1.1307718961759998e-06,4.085841788999999e-07,6.751927608685199e-05,1.8056829422099999e-06,0.0005801499471375719,8.863993860999998e-09,4.6016727519119995e-05,9.126730000000001e-13,6.11323815696e-07,1.9716283050000004e-09,8.65422105552e-07,7.353987985192798e-05,9.460669547180998e-06,0.0020946754607336034,1.6833888794099998e-06,0.0017424115625132392,0.0,4.5016082128848e-05,3.5597069699999994e-10,2.8056551609999993e-07,3.5177406217944e-05,1.3810750616916e-05,0.002719103190706392,8.419117562710899e-05,0.03460935511061282,0.0,0.0019402680726135597,0.0,2.059193068645199e-05,5.2244197284e-08,1.1508151331021999e-05,0.0013657284121634157,0.00016588317513761995,0.057456134821095295,0.0,0.048939966498528685,0.0,0.0008383965804790855,0.0,3.4369057928519994e-06,0.00018322484633172598,8.590999738082999e-05,0.025044320384298956,9.409000000000001e-15,0.7633794853388896,0.0,0.016526643907497203,0.0,8.761984730297399e-05,0.0,2.621831409534e-06,0.0005030535109217159,1.7983421700000004e-10,0.024053280647919974,2.67450825e-10,0.016196317589624046,0.0,0.00016763615806169397,0.0,0.0,2.587024723284e-06,8.85480877092e-07,0.00025280157225066003,5.069384793008999e-06,0.0004928344598481,2.55159829482e-06,8.592707150638799e-05,0.0,0.0,0.0
195,294,0.0,0.0,0.0,0.0,0.0,0.0,0.0,0.0,0.0,0.0,0.0,0.0,0.0,0.0,0.0,0.0,0.0,0.0,0.0,0.0,0.0,0.0,0.0,0.0,0.0,0.0,0.0,0.0,0.0,0.0,0.0,0.0,0.0,0.0,0.0,0.0,0.0,0.0,0.0,0.0,0.0,0.0,0.0,0.0,0.0,0.0,0.0,0.0,0.0,0.0,0.0,0.0,0.0,1.0,0.0,0.0,0.0,0.0,0.0,0.0,0.0,0.0,0.0,0.0,0.0,0.0,0.0,0.0,0.0,0.0,0.0,0.0,0.0,0.0,0.0,0.0,0.0,0.0,0.0,0.0,0.0,0.0,0.0,0.0,0.0,0.0,0.0,0.0,0.0,0.0,0.0,0.0,0.0,0.0,0.0,0.0,0.0,0.0,0.0,0.0
196,295,0.0,0.0,0.0,0.0,0.0,0.0,0.0,0.0,0.0,0.0,0.0,0.0,0.0,0.0,0.0,0.0,0.0,0.0,0.0,0.0,0.0,0.0,0.0,0.0,0.0,0.0,0.0,0.0,0.0,0.0,0.0,0.0,0.0,0.0,0.0,0.0,0.0,0.0,0.0,0.0,0.0,0.0,0.0,0.01,0.0,0.0,0.0,0.0,0.0,0.0,0.0,0.0,0.01,0.0,0.97,0.0,0.0,0.0,0.0,0.0,0.0,0.0,0.0,0.01,0.0,0.0,0.0,0.0,0.0,0.0,0.0,0.0,0.0,0.0,0.0,0.0,0.0,0.0,0.0,0.0,0.0,0.0,0.0,0.0,0.0,0.0,0.0,0.0,0.0,0.0,0.0,0.0,0.0,0.0,0.0,0.0,0.0,0.0,0.0,0.0
197,296,0.0,0.0,0.0,0.0,0.0,0.0,0.0,0.0,0.0,0.0,0.0,0.0,0.0,0.0,0.0,0.0,0.0,0.0,0.0,0.0,0.0,0.0,0.0,0.0,0.0,0.0,0.0,0.0,0.0,0.0,0.0,0.0,0.0,0.0001,0.0,0.0,0.0,0.0,0.0,0.0,0.0,0.0,0.0002,0.0,0.0098,0.0,0.0,0.0,0.0,0.0,0.0,0.0001,0.0,0.0196,0.0,0.0097,0.0,0.0,0.0,0.0,0.0,0.0,0.0098,0.0,0.941,0.0,0.0,0.0,0.0,0.0,0.0,0.0,0.0,0.0097,0.0,0.0,0.0,0.0,0.0,0.0,0.0,0.0,0.0,0.0,0.0,0.0,0.0,0.0,0.0,0.0,0.0,0.0,0.0,0.0,0.0,0.0,0.0,0.0,0.0,0.0
198,297,0.0,0.0,0.0,0.0,0.0,0.0,0.0,0.0,0.0,0.0,0.0,0.0,0.0,0.0,0.0,0.0,0.0,0.0,0.0,0.0,0.0,0.0,0.0,1.0000000000000002e-06,0.0,0.0,0.0,0.0,0.0,0.0,0.0,0.0,3.0000000000000005e-06,0.0,9.9e-05,0.0,0.0,0.0,0.0,0.0,0.0,3.0000000000000005e-06,0.0,0.000393,0.0,0.000195,0.0,0.0,0.0,0.0,1.0000000000000002e-06,0.0,0.000489,0.0,0.019208999999999997,0.0,9.7e-05,0.0,0.0,0.0,0.0,0.000195,0.0,0.028616999999999997,0.0,0.018819000000000002,0.0,0.0,0.0,0.0,0.0,0.0,0.009602999999999999,0.0,0.912867,0.0,0.0,0.0,0.0,0.0,0.0,0.0,0.0,0.009409,0.0,0.0,0.0,0.0,0.0,0.0,0.0,0.0,0.0,0.0,0.0,0.0,0.0,0.0,0.0,0.0
199,298,0.0,0.0,0.0,0.0,0.0,0.0,0.0,0.0,0.0,0.0,0.0,0.0,0.0,1.0000000000000002e-08,0.0,0.0,0.0,0.0,0.0,0.0,0.0,0.0,4.000000000000001e-08,0.0,1e-06,0.0,0.0,0.0,0.0,0.0,0.0,6.000000000000001e-08,0.0,5.92e-06,0.0,2.94e-06,0.0,0.0,0.0,0.0,4.000000000000001e-08,0.0,1.1760000000000001e-05,0.0,0.000294,0.0,2.92e-06,0.0,0.0,0.0,1.0000000000000002e-08,9.76e-06,0.0,0.0008643599999999999,0.0,0.0005704,0.0,9.7e-07,0.0,0.0,2.92e-06,0.0,0.00085848,0.0,0.02823576,0.0,0.00028228000000000004,0.0,0.0,0.0,0.0,0.00028518,0.0,0.03707728,0.0,0.0273831,0.0,0.0,0.0,0.0,0.0,0.0,0.009408999999999999,0.0,0.88557508,0.0,0.0,0.0,0.0,0.0,0.0,0.0,0.0,0.00912673,0.0,0.0,0.0,0.0,0.0,0.0
200,299,0.0,0.0,0.0,1.0000000000000002e-10,0.0,0.0,0.0,0.0,0.0,0.0,0.0,0.0,5.000000000000001e-10,0.0,1.01e-08,0.0,0.0,0.0,0.0,0.0,0.0,1.0000000000000003e-09,0.0,7.93e-08,0.0,3.9399999999999995e-08,0.0,0.0,0.0,0.0,1.0000000000000003e-09,0.0,2.1620000000000002e-07,0.0,3.9986e-06,0.0,5.8599999999999995e-08,0.0,0.0,0.0,5.000000000000001e-10,2.7380000000000003e-07,0.0,1.74436e-05,0.0,1.1524999999999999e-05,0.0,3.89e-08,0.0,0.0,1.6569999999999998e-07,1.0000000000000002e-10,2.8733199999999998e-05,0.0,0.0005818851999999999,0.0,1.1368899999999999e-05,0.0,9.700000000000001e-09,0.0,3.89e-08,2.0932999999999998e-05,0.0,0.0015001443999999998,0.0,0.0011122993999999999,0.0,3.7637e-06,0.0,0.0,5.6842e-06,0.0,0.0013004401999999998,0.0,0.036889041799999994,0.0,0.0005476426000000001,0.0,0.0,0.0,0.0,0.00037071459999999995,0.0,0.0450060697,0.0,0.0354173578,0.0,0.0,0.0,0.0,0.0,0.0,0.0092179973,0.008852928099999999,0.8590990948999999,0.0,0.0,0.0,0.0,0.0
201,300,0.0,0.0,6.000000000000002e-12,1.0000000000000002e-12,1.9800000000000001e-10,0.0,0.0,0.0,0.0,0.0,0.0,1.5000000000000003e-11,0.0,1.3800000000000002e-09,0.0,1.0191e-08,0.0,0.0,0.0,0.0,2.0000000000000005e-11,0.0,3.93e-09,0.0,1.17402e-07,0.0,3.8803999999999995e-08,0.0,0.0,0.0,1.5000000000000003e-11,5.88e-09,0.0,4.249290000000001e-07,0.0,3.9948720000000006e-06,0.0,5.723099999999999e-08,0.0,0.0,4.4099999999999995e-09,4.860000000000001e-10,7.29516e-07,0.0,2.289438e-05,0.0,1.1293913999999999e-05,0.0,3.7829999999999995e-08,0.0,2.052e-09,6.60129e-07,9.700000000000001e-11,4.8865936e-05,0.0,0.0005757805769999999,0.0,1.1065956e-05,0.0,9.409e-09,2.68218e-07,3.7734e-08,4.8598188e-05,0.0,0.0018409723319999997,0.0,0.00108455817,0.0,3.650886e-06,0.0,5.7231e-08,2.2434551999999996e-05,0.0,0.0020953795529999996,0.0,0.036153143544,0.0,0.000531250959,0.0,0.0,3.7639879999999995e-06,0.0,0.000914838234,8.8529281e-05,0.05296994255399999,0.0,0.034360313492,0.0,0.0,0.0,0.0,9.588711899999998e-05,0.000180709254,0.018071038308,0.017178331206,0.833680295631,0.0,0.0,0.0,0.0
202,301,0.0,2.1000000000000006e-13,7.000000000000003e-14,2.161e-11,2.95e-12,2.9397e-10,0.0,0.0,0.0,0.0,3.500000000000001e-13,0.0,6.771e-11,1.0000000000000002e-14,2.6165100000000005e-09,0.0,1.027331e-08,0.0,0.0,0.0,3.500000000000001e-13,1.1765e-10,0.0,9.249210000000001e-09,0.0,1.5431861e-07,0.0,3.821218999999999e-08,0.0,0.0,1.0324999999999999e-10,1.9410000000000004e-11,1.728735e-08,0.0,6.822476700000001e-07,0.0,3.988925330000001e-06,0.0,5.5892369999999994e-08,0.0,6.962999999999998e-11,1.823295e-08,4.723900000000002e-10,1.42948297e-06,0.0,2.8118242230000002e-05,0.0,1.1066706749999999e-05,0.0,3.678919e-08,9.348090000000001e-09,2.3736099999999996e-09,1.62226153e-06,9.409000000000001e-11,7.179643081e-05,0.0,0.0005695763400899999,0.0,1.0770958570000001e-05,9.12673e-09,3.6523499999999997e-09,9.771001499999998e-07,3.660295e-08,8.699242056999998e-05,0.0,0.00216387798495,0.0,0.0010574811029099998,0.0,3.54145351e-06,2.6523988999999993e-07,5.589141e-08,5.2349675189999996e-05,8.8529281e-07,0.0029421587507099996,0.0,0.03542831046389001,0.0,0.0005153499390899999,0.0,3.821218999999999e-08,1.398266741e-05,2.6923853500000003e-06,0.00161875669113,0.00025765671463,0.06042278180404999,0.0,0.03333481659683,0.0,0.0,9.965110699999998e-07,2.76596373e-06,0.00028467636339000004,0.0005286669643300001,0.026567192852670004,0.02499978422613,0.80901348989699,0.0,0.0,0.0
203,302,5.600000000000002e-15,2.800000000000001e-15,1.0976e-12,3.1360000000000005e-13,5.009600000000001e-11,5.8012e-12,3.8788400000000004e-10,0.0,0.0,0.0,7.0000000000000025e-15,2.1952000000000006e-12,0.0,1.8455200000000004e-10,3.92e-14,4.186873600000001e-09,0.0,1.03472326e-08,0.0,0.0,2.2160000000000003e-12,5.336000000000002e-13,3.801632e-10,0.0,1.7363561600000005e-08,0.0,1.9006316000000002e-07,0.0,3.7624747999999994e-08,0.0,1.9264e-12,4.56532e-10,2.3551600000000005e-11,3.7978528e-08,0.0,9.843951016e-07,0.0,3.980865683200001e-06,0.0,5.458349079999999e-08,2.775392e-10,9.619519999999998e-11,4.8376280000000006e-08,4.591592000000001e-10,2.392567688e-06,0.0,3.3121014684800004e-05,0.0,1.0843341948799999e-05,3.57767816e-08,1.544368e-10,3.52435936e-08,2.6740959999999997e-09,3.1757770276e-06,9.12673e-11,9.725826355839998e-05,0.0,0.0005632822375695999,9.12673e-11,1.0492465168e-05,1.2553404799999998e-08,4.4914591999999995e-09,2.3574307183999998e-06,4.4358730499999996e-08,0.00013616097961759998,0.0,0.0024695153244703996,0.0,0.0010310532933343998,3.435301172e-06,3.6299583999999996e-09,9.303771207999998e-07,9.035747880000001e-08,9.725826355839998e-05,3.435301172e-06,0.003834043690717599,0.0,0.0347145376263616,0.0,0.0004999248554523999,1.5282630559999999e-07,9.22082292e-08,3.3121014684800004e-05,1.04837035072e-05,0.0024695153244704005,0.0004999248554524,0.06738786451950558,0.0,0.03233992559831599,0.0,4.79719806e-08,3.9808656832e-06,1.0843341948800002e-05,0.0005632822375696001,0.0010310532933344,0.0347145376263616,0.032339925598316,0.7850764333660485,0.0,0.0
204,303,0.0,3.8388000000000014e-14,1.6828000000000003e-14,3.4142880000000004e-12,8.635560000000002e-13,9.439870800000002e-11,9.506004e-12,4.79719806e-10,0.0,0.0,4.4238000000000016e-14,1.2154000000000003e-14,7.787472000000001e-12,3.5280000000000005e-15,3.950207520000001e-10,9.6036e-14,6.069250158e-09,0.0,1.0413063102e-08,0.0,4.683e-14,1.0538424e-11,7.531080000000003e-13,9.240247200000001e-10,0.0,2.8629106104000004e-08,0.0,2.2464964183800001e-07,0.0,3.7041840467999994e-08,7.382136e-12,3.0714119999999997e-12,1.3101857520000002e-09,2.7436644000000006e-11,7.0782435672e-08,0.0,1.3277826838320002e-06,0.0,3.970795214580001e-06,5.330375389199999e-08,5.300976000000001e-12,1.10997708e-09,1.2487741199999997e-10,1.02988224036e-07,4.462970970000001e-10,3.634427390807999e-06,0.0,3.7908448696272e-05,3.58680489e-10,1.0658215655076e-05,4.822897440000001e-10,2.224212e-10,9.0002126052e-08,3.0429646899999996e-09,5.438621825411999e-06,8.8529281e-11,0.00012499970141889596,9.126730000000001e-13,0.0005569076614470238,1.0212490521777e-05,2.0829259199999996e-10,4.5407316983999994e-08,5.730618476999999e-09,4.652657998884e-06,7.738189297799999e-08,0.00019608432301653595,0.0,0.0027585185963089434,3.4353924393e-08,0.001008558109877412,1.0993867895999998e-08,5.391631319999999e-09,2.2298328967919997e-06,2.2728038853300002e-07,0.000158737715599704,8.331490691364e-06,0.004764741554699446,0.0,0.03401181053504178,0.0004849614628005479,2.966364738e-09,5.2856409132e-07,3.0361601167200004e-07,6.342794250024e-05,2.5513326901572e-05,0.003454794323102136,0.0008083263657719881,0.07388753754982766,0.0,0.031374727078921034,4.2296359500000004e-08,1.9569697979400001e-07,9.933905654736e-06,2.6566234034448003e-05,0.000928534832884176,0.0016756655753356682,0.04252114373240945,0.039220492164027,0.7618475396210501,0.0
205,304,0.0,0.0,1.4942224e-13,5.913688000000001e-14,8.214689520000002e-12,1.8776568000000005e-12,1.5715150644000004e-10,1.401802194e-11,5.6945884284e-10,0.0,1.0322200000000002e-15,2.2655370000000002e-13,1.9524020000000007e-14,2.077844544e-11,1.3018080000000003e-14,7.310976791400002e-10,1.8821496e-13,8.242596900720001e-09,0.0,1.0471089613619999e-08,1.8011628e-13,8.379184000000001e-14,3.264225072e-11,1.0049164800000004e-12,1.8943696036800002e-09,0.0,4.3355248679160003e-08,0.0,2.5809265376436004e-07,3.6463622792879994e-08,1.5801354000000002e-13,3.146768448e-11,4.509941279999999e-12,3.017827023720001e-09,3.107651565000001e-11,1.1856735440928e-07,0.0,1.7089881388439402e-06,5.3662434381e-10,4.0103285743732816e-06,1.604949936e-11,8.645646960000001e-12,3.019683126e-09,1.5629807394999996e-10,1.9133689383383998e-07,4.3379347690000003e-10,5.167753897073759e-06,3.5959316200000003e-12,4.2486561958550636e-05,1.044147504825474e-05,9.18304512e-12,1.8330152528399998e-09,3.0473316979e-10,1.8924474275375997e-07,3.7308429428599995e-09,8.522647688912039e-06,8.58825293e-11,0.0001547830574408515,1.0247291655940002e-07,0.0005602987106650616,5.709176721599999e-10,3.1549052420999994e-10,1.1377002769176e-07,8.6357523847e-09,8.115684863333999e-06,1.5837622839511e-07,0.0002666843918503127,3.4354837066e-10,0.0030315358014833373,0.000983286429420974,1.9560156545999997e-10,3.8702094910079993e-08,1.059615256722e-08,4.43112107087652e-06,5.596839717361501e-07,0.00023813178613989405,1.616480962834296e-05,0.005728377974870247,4.8499581672494086e-06,0.03378570168979504,5.8482068345399996e-09,7.92442002372e-09,1.2686239790980801e-06,8.1757594456737e-07,0.00010694577294109297,4.967116141251504e-05,0.004562884721778437,0.0011762814964390985,0.07994325219568296,0.03043833488118141,2.8325606353200002e-09,1.4760913597350002e-07,5.578636274087401e-07,1.9821178579282562e-05,5.206638436462873e-05,0.0013771948242061233,0.002450895230697682,0.049995065113786215,0.04566235279531669,0.7393058607032078
206,305,0.0,0.0,0.0,0.0,0.0,0.0,0.0,0.0,0.0,0.0,0.0,0.0,0.0,0.0,0.0,0.0,0.0,0.0,0.0,0.0,0.0,0.0,0.0,0.0,0.0,0.0,0.0,0.0,0.0,0.0,0.0,0.0,0.0,0.0,0.0,0.0,0.0,0.0,0.0,0.0,0.0,0.0,0.0,0.0,0.0,0.0,0.0,0.0,0.0,0.0,0.0,0.0,0.0,0.0,0.0,0.0,0.0,0.0,0.0,0.0,0.0,0.0,0.0,0.0,0.0,0.0,0.0,0.0,0.0,0.0,0.0,0.0,0.0,1.0,0.0,0.0,0.0,0.0,0.0,0.0,0.0,0.0,0.0,0.0,0.0,0.0,0.0,0.0,0.0,0.0,0.0,0.0,0.0,0.0,0.0,0.0,0.0,0.0,0.0,0.0
207,306,0.0,0.0,0.0,0.0,0.0,0.0,0.0,0.0,0.0,0.0,0.0,0.0,0.0,0.0,0.0,0.0,0.0,0.0,0.0,0.0,0.0,0.0,0.0,0.0,0.0,0.0,0.0,0.0,0.0,0.0,0.0,0.0,0.0,0.0,0.0,0.0,0.0,0.0,0.0,0.0,0.0,0.0,0.0,0.0,0.0,0.0,0.0,0.0,0.0,0.0,0.0,0.0,0.0,0.0,0.0,0.0,0.0,0.0,0.0,0.0,0.0,0.0,0.0,0.01,0.0,0.0,0.0,0.0,0.0,0.0,0.0,0.0,0.01,0.0,0.97,0.0,0.0,0.0,0.0,0.0,0.0,0.0,0.0,0.01,0.0,0.0,0.0,0.0,0.0,0.0,0.0,0.0,0.0,0.0,0.0,0.0,0.0,0.0,0.0,0.0
208,308,0.0,0.0,0.0,0.0,0.0,0.0,0.0,0.0,0.0,0.0,0.0,0.0,0.0,0.0,0.0,0.0,0.0,0.0,0.0,0.0,0.0,0.0,0.0,0.0,0.0,0.0,0.0,0.0,0.0,0.0,0.0,0.0,0.0,0.0,0.0,0.0,0.0,0.0,0.0,0.0,0.0,0.0,0.0,1.0000000000000002e-06,0.0,0.0,0.0,0.0,0.0,0.0,0.0,0.0,3.0000000000000005e-06,0.0,9.9e-05,0.0,0.0,0.0,0.0,0.0,0.0,3.0000000000000005e-06,0.0,0.000393,0.0,0.000195,0.0,0.0,0.0,0.0,1.0000000000000002e-06,0.0,0.000489,0.0,0.019208999999999997,0.0,9.7e-05,0.0,0.0,0.0,0.0,0.000195,0.0,0.028616999999999997,0.0,0.018819000000000002,0.0,0.0,0.0,0.0,0.0,0.0,0.009602999999999999,0.009409,0.912867,0.0,0.0,0.0,0.0,0.0
209,311,0.0,0.0,0.0,0.0,0.0,0.0,0.0,0.0,0.0,0.0,0.0,0.0,0.0,1.0000000000000002e-12,0.0,0.0,0.0,0.0,0.0,0.0,0.0,0.0,6.000000000000002e-12,0.0,3.9000000000000005e-10,0.0,0.0,0.0,0.0,0.0,0.0,1.5000000000000003e-11,0.0,2.148e-09,0.0,5.7231000000000005e-08,0.0,0.0,0.0,0.0,2.0000000000000005e-11,0.0,4.89e-09,0.0,3.0556200000000005e-07,0.0,3.7639879999999995e-06,0.0,0.0,0.0,1.5000000000000003e-11,5.88e-09,0.0,6.60129e-07,0.0,2.2434552000000002e-05,0.0,9.588711899999996e-05,0.0,0.0,3.354e-09,5.820000000000001e-10,7.29516e-07,9.409000000000002e-09,4.8598188e-05,0.0,0.000914838234,0.0,0.000180709254,0.0,1.2840000000000001e-09,4.1561700000000003e-07,4.7239000000000004e-08,4.8865936e-05,3.650886e-06,0.002095379553,0.0,0.018071038308000005,0.0,8.8529281e-05,9.839400000000001e-08,7.6437e-08,2.289438e-05,1.1065956e-05,0.001840972332,0.000531250959,0.052969942554,0.0,0.017178331206,0.0,4.8994999999999996e-08,3.9948720000000006e-06,1.1293914000000002e-05,0.000575780577,0.00108455817,0.036153143544,0.034360313492,0.8336802956309999,0.0,0.0
210,314,0.0,0.0,0.0,0.0,0.0,0.0,0.0,0.0,0.0,0.0,0.0,0.0,0.0,0.0,0.0,0.0,0.0,0.0,0.0,0.0,0.0,0.0,0.0,0.0,0.0,0.0,0.0,0.0,0.0,0.0,0.0,0.0,0.0,0.0,0.0,0.0,0.0,0.0,0.0,0.0,0.0,0.0,0.0,0.0,0.0,0.0,0.0,0.0,0.0,0.0,0.0,0.0,0.0,0.0,0.0,0.0,0.0,0.0,0.0,0.0,0.0,0.0,0.0,0.0,0.0,0.0,0.0,0.0,0.0,0.0,0.0,0.0,0.0,0.0,0.0,0.0,0.0,0.0,0.0,0.0,0.0,0.0,0.0,1.0,0.0,0.0,0.0,0.0,0.0,0.0,0.0,0.0,0.0,0.0,0.0,0.0,0.0,0.0,0.0,0.0
211,315,0.0,0.0,0.0,0.0,0.0,0.0,0.0,0.0,0.0,0.0,0.0,0.0,0.0,0.0,0.0,0.0,0.0,0.0,0.0,0.0,0.0,0.0,0.0,0.0,0.0,0.0,0.0,0.0,0.0,0.0,0.0,0.0,0.0,0.0,0.0,0.0,0.0,0.0,0.0,0.0,0.0,0.0,0.0,0.0,0.0,0.0,0.0,0.0,0.0,0.0,0.0,0.0,0.0,0.0,0.0,0.0,0.0,0.0,0.0,0.0,0.0,0.0,0.0,0.0,0.0,0.0,0.0,0.0,0.0,0.0,0.0,0.0,0.0,0.01,0.0,0.0,0.0,0.0,0.0,0.0,0.0,0.0,0.01,0.0,0.97,0.0,0.0,0.0,0.0,0.0,0.0,0.0,0.0,0.01,0.0,0.0,0.0,0.0,0.0,0.0
212,316,0.0,0.0,0.0,0.0,0.0,0.0,0.0,0.0,0.0,0.0,0.0,0.0,0.0,0.0,0.0,0.0,0.0,0.0,0.0,0.0,0.0,0.0,0.0,0.0,0.0,0.0,0.0,0.0,0.0,0.0,0.0,0.0,0.0,0.0,0.0,0.0,0.0,0.0,0.0,0.0,0.0,0.0,0.0,0.0,0.0,0.0,0.0,0.0,0.0,0.0,0.0,0.0,0.0,0.0,0.0,0.0,0.0,0.0,0.0,0.0,0.0,0.0,0.0,0.0001,0.0,0.0,0.0,0.0,0.0,0.0,0.0,0.0,0.0002,0.0,0.0098,0.0,0.0,0.0,0.0,0.0,0.0,0.0001,0.0,0.0196,0.0,0.0097,0.0,0.0,0.0,0.0,0.0,0.0,0.0098,0.0097,0.941,0.0,0.0,0.0,0.0,0.0
213,317,0.0,0.0,0.0,0.0,0.0,0.0,0.0,0.0,0.0,0.0,0.0,0.0,0.0,0.0,0.0,0.0,0.0,0.0,0.0,0.0,0.0,0.0,0.0,0.0,0.0,0.0,0.0,0.0,0.0,0.0,0.0,0.0,0.0,0.0,0.0,0.0,0.0,0.0,0.0,0.0,0.0,0.0,0.0,0.0,0.0,0.0,0.0,0.0,0.0,0.0,0.0,0.0,0.0,1.0000000000000002e-06,0.0,0.0,0.0,0.0,0.0,0.0,0.0,0.0,3.0000000000000005e-06,0.0,0.000195,0.0,0.0,0.0,0.0,0.0,0.0,3.0000000000000005e-06,0.0,0.000489,0.0,0.009602999999999999,0.0,0.0,0.0,0.0,1.0000000000000002e-06,0.0,0.00039299999999999996,9.7e-05,0.028616999999999997,0.0,0.009409,0.0,0.0,0.0,0.0,9.9e-05,0.000195,0.019208999999999997,0.018819000000000002,0.912867,0.0,0.0,0.0,0.0
214,318,0.0,0.0,0.0,0.0,0.0,0.0,0.0,0.0,0.0,0.0,0.0,0.0,0.0,0.0,0.0,0.0,0.0,0.0,0.0,0.0,0.0,0.0,0.0,0.0,0.0,0.0,0.0,0.0,0.0,0.0,0.0,0.0,0.0,0.0,0.0,0.0,0.0,0.0,0.0,0.0,0.0,0.0,0.0,1.0000000000000002e-08,0.0,0.0,0.0,0.0,0.0,0.0,0.0,0.0,4.000000000000001e-08,0.0,2.92e-06,0.0,0.0,0.0,0.0,0.0,0.0,6.000000000000001e-08,0.0,9.76e-06,0.0,0.00028518,0.0,0.0,0.0,0.0,4.000000000000001e-08,0.0,1.1760000000000001e-05,9.7e-07,0.0008584799999999999,0.0,0.009408999999999999,0.0,0.0,0.0,1.0000000000000002e-08,5.919999999999999e-06,2.92e-06,0.00086436,0.00028228000000000004,0.03707728,0.0,0.00912673,0.0,0.0,1e-06,2.94e-06,0.000294,0.0005704,0.028235759999999995,0.0273831,0.88557508,0.0,0.0,0.0
215,319,0.0,0.0,0.0,0.0,0.0,0.0,0.0,0.0,0.0,0.0,0.0,0.0,0.0,0.0,0.0,0.0,0.0,0.0,0.0,0.0,0.0,0.0,0.0,0.0,0.0,0.0,0.0,0.0,0.0,0.0,0.0,0.0,0.0,1.0000000000000002e-10,0.0,0.0,0.0,0.0,0.0,0.0,0.0,0.0,5.000000000000001e-10,0.0,3.89e-08,0.0,0.0,0.0,0.0,0.0,0.0,1.0000000000000003e-09,0.0,1.657e-07,0.0,5.6842e-06,0.0,0.0,0.0,0.0,1.0000000000000003e-09,0.0,2.738e-07,9.700000000000001e-09,2.0932999999999998e-05,0.0,0.00037071459999999995,0.0,0.0,0.0,5.000000000000001e-10,2.162e-07,3.89e-08,2.87332e-05,3.7637e-06,0.0013004401999999998,0.0,0.0092179973,0.0,0.0,6.97e-08,6.83e-08,1.74436e-05,1.13689e-05,0.0015001443999999998,0.0005476426000000001,0.0450060697,0.0,0.008852928099999999,0.0,4.95e-08,3.9986e-06,1.1524999999999999e-05,0.0005818851999999999,0.0011122993999999999,0.036889041799999994,0.0354173578,0.8590990948999999,0.0,0.0
216,320,0.0,0.0,0.0,0.0,0.0,0.0,0.0,0.0,0.0,0.0,0.0,0.0,0.0,0.0,0.0,0.0,0.0,0.0,0.0,0.0,0.0,0.0,0.0,1.0000000000000002e-12,0.0,0.0,0.0,0.0,0.0,0.0,0.0,0.0,6.000000000000002e-12,0.0,4.86e-10,0.0,0.0,0.0,0.0,0.0,0.0,1.5000000000000003e-11,0.0,2.5320000000000004e-09,0.0,9.4575e-08,0.0,0.0,0.0,0.0,2.0000000000000005e-11,0.0,5.37e-09,9.700000000000001e-11,4.2729e-07,0.0,9.22082e-06,0.0,0.0,0.0,1.5000000000000003e-11,5.8799999999999995e-09,4.86e-10,7.639049999999999e-07,4.7046e-08,3.707339999999999e-05,0.0,0.00045177313499999993,0.0,0.0,2.874e-09,1.557e-09,6.7422e-07,1.8915600000000003e-07,5.608638e-05,9.127215e-06,0.0018073748099999996,0.0,0.009029986661999998,0.0,1.88e-09,2.8419300000000004e-07,2.95579e-07,3.802792e-05,2.766489e-05,0.0022870955849999997,0.0008853869,0.05242758781199999,0.0,0.008587340256999998,4.1673000000000005e-08,2.03934e-07,9.98718e-06,2.8234784999999995e-05,0.0009594434999999998,0.00180747084,0.04517759577,0.04294582801499999,0.833414651334,0.0
217,321,0.0,0.0,0.0,0.0,0.0,0.0,0.0,0.0,0.0,0.0,0.0,0.0,0.0,1.0000000000000002e-14,0.0,0.0,0.0,0.0,0.0,0.0,0.0,0.0,7.000000000000003e-14,0.0,5.83e-12,0.0,0.0,0.0,0.0,0.0,0.0,2.1000000000000006e-13,0.0,3.6010000000000007e-11,0.0,1.41717e-09,0.0,0.0,0.0,0.0,3.500000000000001e-13,0.0,9.363000000000002e-11,9.700000000000001e-13,7.67955e-09,0.0,1.8394594999999998e-07,0.0,0.0,0.0,3.500000000000001e-13,1.3205e-10,5.83e-12,1.714617e-08,5.645500000000001e-10,8.783592499999999e-07,0.0,1.3461926749999999e-05,0.0,0.0,8.788999999999999e-11,3.4980000000000005e-11,2.0138549999999995e-08,2.8344100000000003e-09,1.6768585499999998e-06,1.3690677e-07,5.864488564999998e-05,0.0,0.0005285198075699999,0.0,6.326e-11,1.2430709999999999e-08,6.362500000000001e-09,1.6027754499999998e-06,5.518728300000001e-07,9.571922655e-05,1.7707267550000003e-05,0.0023722470417899995,0.0,0.008844960464709999,3.3062000000000004e-09,6.8343e-09,7.625604099999999e-07,8.475999399999999e-07,6.991333704999999e-05,5.385479285e-05,0.0032126083013699993,0.00128828357315,0.059365079960169986,0.008329720049289998,2.8916000000000002e-09,1.4517588e-07,5.8299142e-07,1.9944626649999995e-05,5.533353374999999e-05,0.0014233818169499999,0.0026433348216500004,0.053110148568510006,0.04999159968788999,0.80849808519655
218,322,0.0,0.0,0.0,0.0,1.0,0.0,0.0,0.0,0.0,0.0,0.0,0.0,0.0,0.0,0.0,0.0,0.0,0.0,0.0,0.0,0.0,0.0,0.0,0.0,0.0,0.0,0.0,0.0,0.0,0.0,0.0,0.0,0.0,0.0,0.0,0.0,0.0,0.0,0.0,0.0,0.0,0.0,0.0,0.0,0.0,0.0,0.0,0.0,0.0,0.0,0.0,0.0,0.0,0.0,0.0,0.0,0.0,0.0,0.0,0.0,0.0,0.0,0.0,0.0,0.0,0.0,0.0,0.0,0.0,0.0,0.0,0.0,0.0,0.0,0.0,0.0,0.0,0.0,0.0,0.0,0.0,0.0,0.0,0.0,0.0,0.0,0.0,0.0,0.0,0.0,0.0,0.0,0.0,0.0,0.0,0.0,0.0,0.0,0.0,0.0
219,323,0.0,0.0,0.0,0.97,0.01,0.01,0.0,0.0,0.0,0.0,0.0,0.0,0.0,0.0,0.01,0.0,0.0,0.0,0.0,0.0,0.0,0.0,0.0,0.0,0.0,0.0,0.0,0.0,0.0,0.0,0.0,0.0,0.0,0.0,0.0,0.0,0.0,0.0,0.0,0.0,0.0,0.0,0.0,0.0,0.0,0.0,0.0,0.0,0.0,0.0,0.0,0.0,0.0,0.0,0.0,0.0,0.0,0.0,0.0,0.0,0.0,0.0,0.0,0.0,0.0,0.0,0.0,0.0,0.0,0.0,0.0,0.0,0.0,0.0,0.0,0.0,0.0,0.0,0.0,0.0,0.0,0.0,0.0,0.0,0.0,0.0,0.0,0.0,0.0,0.0,0.0,0.0,0.0,0.0,0.0,0.0,0.0,0.0,0.0,0.0
220,324,0.0,0.0,0.9409,0.0194,0.0196,0.0002,0.0001,0.0,0.0,0.0,0.0,0.0,0.0,0.0194,0.0001,0.0002,0.0,0.0,0.0,0.0,0.0,0.0,0.0,0.0,0.0001,0.0,0.0,0.0,0.0,0.0,0.0,0.0,0.0,0.0,0.0,0.0,0.0,0.0,0.0,0.0,0.0,0.0,0.0,0.0,0.0,0.0,0.0,0.0,0.0,0.0,0.0,0.0,0.0,0.0,0.0,0.0,0.0,0.0,0.0,0.0,0.0,0.0,0.0,0.0,0.0,0.0,0.0,0.0,0.0,0.0,0.0,0.0,0.0,0.0,0.0,0.0,0.0,0.0,0.0,0.0,0.0,0.0,0.0,0.0,0.0,0.0,0.0,0.0,0.0,0.0,0.0,0.0,0.0,0.0,0.0,0.0,0.0,0.0,0.0,0.0
221,325,0.0,0.912673,0.028227000000000002,0.028808999999999994,0.000585,0.00029699999999999996,3.0000000000000005e-06,1.0000000000000002e-06,0.0,0.0,0.0,0.0,0.028227000000000002,0.000291,0.000585,3.0000000000000005e-06,3.0000000000000005e-06,0.0,0.0,0.0,0.0,0.0,0.0,0.000291,1.0000000000000002e-06,3.0000000000000005e-06,0.0,0.0,0.0,0.0,0.0,0.0,0.0,0.0,1.0000000000000002e-06,0.0,0.0,0.0,0.0,0.0,0.0,0.0,0.0,0.0,0.0,0.0,0.0,0.0,0.0,0.0,0.0,0.0,0.0,0.0,0.0,0.0,0.0,0.0,0.0,0.0,0.0,0.0,0.0,0.0,0.0,0.0,0.0,0.0,0.0,0.0,0.0,0.0,0.0,0.0,0.0,0.0,0.0,0.0,0.0,0.0,0.0,0.0,0.0,0.0,0.0,0.0,0.0,0.0,0.0,0.0,0.0,0.0,0.0,0.0,0.0,0.0,0.0,0.0,0.0,0.0
222,326,0.00912673,0.009408999999999999,0.009979359999999998,0.0005791199999999999,0.00030275999999999995,8.88e-06,3.0399999999999997e-06,4.000000000000001e-08,1.0000000000000002e-08,0.0,0.0,0.88557508,0.0273831,0.028235759999999995,0.0005704000000000001,0.00029399999999999994,2.9400000000000007e-06,1e-06,0.0,0.0,0.0,0.0,0.0273831,0.00028228,0.0005704000000000001,2.9200000000000004e-06,2.9400000000000007e-06,0.0,0.0,0.0,0.0,0.0,0.0,0.00028228,9.7e-07,2.9200000000000004e-06,0.0,0.0,0.0,0.0,0.0,0.0,0.0,0.0,9.7e-07,0.0,0.0,0.0,0.0,0.0,0.0,0.0,0.0,0.0,0.0,0.0,0.0,0.0,0.0,0.0,0.0,0.0,0.0,0.0,0.0,0.0,0.0,0.0,0.0,0.0,0.0,0.0,0.0,0.0,0.0,0.0,0.0,0.0,0.0,0.0,0.0,0.0,0.0,0.0,0.0,0.0,0.0,0.0,0.0,0.0,0.0,0.0,0.0,0.0,0.0,0.0,0.0,0.0,0.0,0.0
223,327,0.0002766246,0.009140901699999999,0.0004735058,0.0003909699999999999,1.46116e-05,6.086799999999999e-06,1.49e-07,4.089999999999999e-08,5.000000000000001e-10,1.0000000000000002e-10,0.017708678899999997,0.009400561,0.019091918599999997,0.0008441042,0.0005846787999999999,1.43762e-05,5.9281999999999986e-06,6.820000000000002e-08,1.97e-08,0.0,0.0,0.8592816585999999,0.0265644298,0.02767104499999999,0.0005561497,0.0002909425999999999,2.8810000000000005e-06,9.994000000000001e-07,0.0,0.0,0.0,0.0,0.0265644298,0.0002738213,0.0005561497,2.8421000000000003e-06,2.8810000000000005e-06,0.0,0.0,0.0,0.0,0.0,0.0,0.0002738213,9.409e-07,2.8421000000000003e-06,0.0,0.0,0.0,0.0,0.0,0.0,0.0,0.0,9.409e-07,0.0,0.0,0.0,0.0,0.0,0.0,0.0,0.0,0.0,0.0,0.0,0.0,0.0,0.0,0.0,0.0,0.0,0.0,0.0,0.0,0.0,0.0,0.0,0.0,0.0,0.0,0.0,0.0,0.0,0.0,0.0,0.0,0.0,0.0,0.0,0.0,0.0,0.0,0.0,0.0,0.0,0.0,0.0,0.0,0.0
224,329,1.2803907879999998e-05,0.00018585414400000002,1.3285123840000001e-05,1.170885673e-05,5.5867177e-07,2.5157448999999995e-07,7.946549999999999e-09,2.3439299999999994e-09,4.3720000000000005e-11,9.2e-12,0.0007071789549599999,0.00029463843612,0.0007455892412699999,3.6199320630000005e-05,2.6862136089999995e-05,8.236787099999999e-07,3.5366174999999995e-07,6.64757e-09,1.97907e-09,2.1400000000000005e-11,0.0008747799490399999,0.026164606500049998,0.00116504131541,0.0013833509027099998,4.4015266170000006e-05,2.5766615669999994e-05,5.330664499999999e-07,2.0313076999999993e-07,2.0816300000000004e-09,5.7621e-10,0.03333481659682999,0.009360365165149999,0.035691241863889986,0.00132572425395,0.00110619953433,2.4455037630000003e-05,1.1354169169999994e-05,1.2034499000000003e-07,3.821219e-08,0.0,0.0,0.80901348989699,0.02499978422613,0.02656719285266999,0.0005286669643300001,0.0002846763633899999,2.7659637300000002e-06,9.9651107e-07,0.0,0.0,0.0,0.0,0.02499978422613,0.00025765671463,0.0005286669643300001,2.69238535e-06,2.7659637300000002e-06,0.0,0.0,0.0,0.0,0.0,0.0,0.00025765671463,8.8529281e-07,2.69238535e-06,0.0,0.0,0.0,0.0,0.0,0.0,0.0,0.0,8.8529281e-07,0.0,0.0,0.0,0.0,0.0,0.0,0.0,0.0,0.0,0.0,0.0,0.0,0.0,0.0,0.0,0.0,0.0,0.0,0.0,0.0,0.0,0.0,0.0,0.0,0.0
225,333,0.0,0.0,0.0,0.0,0.0,0.0,0.0,0.0,0.0,0.0,0.0,0.0,0.0,0.0,1.0,0.0,0.0,0.0,0.0,0.0,0.0,0.0,0.0,0.0,0.0,0.0,0.0,0.0,0.0,0.0,0.0,0.0,0.0,0.0,0.0,0.0,0.0,0.0,0.0,0.0,0.0,0.0,0.0,0.0,0.0,0.0,0.0,0.0,0.0,0.0,0.0,0.0,0.0,0.0,0.0,0.0,0.0,0.0,0.0,0.0,0.0,0.0,0.0,0.0,0.0,0.0,0.0,0.0,0.0,0.0,0.0,0.0,0.0,0.0,0.0,0.0,0.0,0.0,0.0,0.0,0.0,0.0,0.0,0.0,0.0,0.0,0.0,0.0,0.0,0.0,0.0,0.0,0.0,0.0,0.0,0.0,0.0,0.0,0.0,0.0
226,334,0.0,0.0,0.0,0.0,0.97,0.0,0.0,0.0,0.0,0.0,0.0,0.0,0.0,0.01,0.0,0.01,0.0,0.0,0.0,0.0,0.0,0.0,0.0,0.0,0.01,0.0,0.0,0.0,0.0,0.0,0.0,0.0,0.0,0.0,0.0,0.0,0.0,0.0,0.0,0.0,0.0,0.0,0.0,0.0,0.0,0.0,0.0,0.0,0.0,0.0,0.0,0.0,0.0,0.0,0.0,0.0,0.0,0.0,0.0,0.0,0.0,0.0,0.0,0.0,0.0,0.0,0.0,0.0,0.0,0.0,0.0,0.0,0.0,0.0,0.0,0.0,0.0,0.0,0.0,0.0,0.0,0.0,0.0,0.0,0.0,0.0,0.0,0.0,0.0,0.0,0.0,0.0,0.0,0.0,0.0,0.0,0.0,0.0,0.0,0.0
227,335,0.0,0.0,0.0,0.941,0.0097,0.0098,0.0,0.0,0.0,0.0,0.0,0.0,0.0097,0.0,0.0196,0.0,0.0001,0.0,0.0,0.0,0.0,0.0,0.0,0.0098,0.0,0.0002,0.0,0.0,0.0,0.0,0.0,0.0,0.0,0.0,0.0001,0.0,0.0,0.0,0.0,0.0,0.0,0.0,0.0,0.0,0.0,0.0,0.0,0.0,0.0,0.0,0.0,0.0,0.0,0.0,0.0,0.0,0.0,0.0,0.0,0.0,0.0,0.0,0.0,0.0,0.0,0.0,0.0,0.0,0.0,0.0,0.0,0.0,0.0,0.0,0.0,0.0,0.0,0.0,0.0,0.0,0.0,0.0,0.0,0.0,0.0,0.0,0.0,0.0,0.0,0.0,0.0,0.0,0.0,0.0,0.0,0.0,0.0,0.0,0.0,0.0
228,336,0.0,0.0,0.912867,0.018819000000000002,0.019208999999999997,0.000195,9.9e-05,0.0,0.0,0.0,0.0,0.009409,0.0,0.028616999999999997,9.7e-05,0.00039299999999999996,0.0,1.0000000000000002e-06,0.0,0.0,0.0,0.0,0.009602999999999999,0.0,0.000489,0.0,3.0000000000000005e-06,0.0,0.0,0.0,0.0,0.0,0.0,0.000195,0.0,3.0000000000000005e-06,0.0,0.0,0.0,0.0,0.0,0.0,0.0,0.0,1.0000000000000002e-06,0.0,0.0,0.0,0.0,0.0,0.0,0.0,0.0,0.0,0.0,0.0,0.0,0.0,0.0,0.0,0.0,0.0,0.0,0.0,0.0,0.0,0.0,0.0,0.0,0.0,0.0,0.0,0.0,0.0,0.0,0.0,0.0,0.0,0.0,0.0,0.0,0.0,0.0,0.0,0.0,0.0,0.0,0.0,0.0,0.0,0.0,0.0,0.0,0.0,0.0,0.0,0.0,0.0,0.0,0.0
229,337,0.0,0.88557508,0.0273831,0.02823576,0.0005704,0.000294,2.94e-06,1e-06,0.0,0.0,0.00912673,0.0,0.03707728,0.00028228000000000004,0.00086436,2.92e-06,5.919999999999999e-06,0.0,1.0000000000000002e-08,0.0,0.0,0.009408999999999999,0.0,0.0008584799999999999,9.7e-07,1.1760000000000001e-05,0.0,4.000000000000001e-08,0.0,0.0,0.0,0.0,0.00028518,0.0,9.76e-06,0.0,6.000000000000001e-08,0.0,0.0,0.0,0.0,0.0,0.0,2.92e-06,0.0,4.000000000000001e-08,0.0,0.0,0.0,0.0,0.0,0.0,0.0,0.0,1.0000000000000002e-08,0.0,0.0,0.0,0.0,0.0,0.0,0.0,0.0,0.0,0.0,0.0,0.0,0.0,0.0,0.0,0.0,0.0,0.0,0.0,0.0,0.0,0.0,0.0,0.0,0.0,0.0,0.0,0.0,0.0,0.0,0.0,0.0,0.0,0.0,0.0,0.0,0.0,0.0,0.0,0.0,0.0,0.0,0.0,0.0,0.0
230,338,0.008947018099999999,0.0091295818,0.0097827122,0.0005647154000000001,0.0002996452,8.7026e-06,3.0385999999999996e-06,3.9399999999999995e-08,1.01e-08,0.0,9.12673e-05,0.8595639576999999,0.0265644298,0.027776688399999996,0.0005561496999999999,0.00029400039999999996,2.8809999999999996e-06,1.0297e-06,0.0,1.0000000000000002e-10,0.008947018099999999,0.0,0.0360704882,0.00027382130000000004,0.0008472292,2.8421e-06,5.8609999999999994e-06,0.0,1.0100000000000001e-08,0.0,0.0,0.0091295818,0.0,0.0008357041999999998,9.409e-07,1.15058e-05,0.0,3.94e-08,0.0,0.0,0.0,0.0,0.00027665379999999997,0.0,9.496899999999999e-06,0.0,5.86e-08,0.0,0.0,0.0,0.0,0.0,0.0,2.8324999999999996e-06,0.0,3.8900000000000004e-08,0.0,0.0,0.0,0.0,0.0,0.0,0.0,0.0,9.700000000000001e-09,0.0,0.0,0.0,0.0,0.0,0.0,0.0,0.0,0.0,0.0,0.0,0.0,0.0,0.0,0.0,0.0,0.0,0.0,0.0,0.0,0.0,0.0,0.0,0.0,0.0,0.0,0.0,0.0,0.0,0.0,0.0,0.0,0.0,0.0,0.0
231,339,0.000271148853,0.008874232697999999,0.000460414392,0.00038423761199999994,1.4292129000000001e-05,6.053867999999999e-06,1.46616e-07,4.1178e-08,4.949999999999999e-10,1.02e-10,0.017364629988,0.009122251317,0.018723342177,0.000821717946,0.0005798350239999998,1.406025e-05,5.956352999999998e-06,6.702799999999998e-08,2.0196e-08,1.0000000000000002e-12,0.00017799946199999997,0.83431850985,0.025770235119000003,0.027320921963999996,0.0005422412519999999,0.000293826348,2.8229909999999994e-06,1.0579140000000002e-06,0.0,1.9800000000000004e-10,0.008769903374999997,0.0,0.035090792952,0.00026561607000000003,0.000830379393,2.766246e-06,5.801207999999999e-06,0.0,1.0191e-08,0.0,0.0,0.008858460884,0.0,0.0008135229059999997,9.12673e-07,1.125657e-05,0.0,3.8804e-08,0.0,0.0,0.0,0.0,0.00026838251099999997,0.0,9.240803999999999e-06,0.0,5.7231e-08,0.0,0.0,0.0,0.0,0.0,0.0,2.7476219999999995e-06,0.0,3.783e-08,0.0,0.0,0.0,0.0,0.0,0.0,0.0,0.0,9.409e-09,0.0,0.0,0.0,0.0,0.0,0.0,0.0,0.0,0.0,0.0,0.0,0.0,0.0,0.0,0.0,0.0,0.0,0.0,0.0,0.0,0.0,0.0,0.0,0.0,0.0
232,343,5.337337410025799e-07,1.3273323351968639e-05,5.142794958872339e-06,9.389396448745647e-06,6.0131853123598e-07,3.8475730126007995e-07,1.5888396048100004e-08,6.036235871969999e-09,1.6423763243999998e-10,4.401431015999999e-11,1.742962464351444e-05,3.380944736261205e-05,0.00044380768692327987,2.6857017179047238e-05,3.187811263958831e-05,1.29504764681906e-06,7.528475758419601e-07,2.0431514366559997e-08,7.711018264559999e-09,1.5904724925e-10,2.934557048251344e-05,0.0015718116615544748,0.0003919314546091642,0.0013053859388997475,5.768059175522891e-05,4.953471427953911e-05,1.4194019215157205e-06,6.996886499870398e-07,1.24149787977e-08,4.3418836189799985e-09,0.0007537746499903162,0.0013269767299913782,0.0326514111569017,0.001416564799301804,0.0019027319063416666,5.842282809806617e-05,3.79879695707952e-05,7.519577927705701e-07,3.172996486669799e-07,4.03261993452e-09,0.000504006238063559,0.046867190851233094,0.009053603302531976,0.04144902304031498,0.0014612332653863244,0.0013064675330870803,2.7559896816129122e-05,1.3765961615391478e-05,1.3744692627977995e-07,4.882998198323999e-08,0.008112920010167815,0.0007260840736308626,0.7410721375569231,0.02284392946668604,0.025220111369038692,0.0004877519520466958,0.00028377617774460133,2.576588247299759e-06,1.100596258566e-06,4.6542327186e-10,8.666761346450167e-05,0.016040087017042737,0.00023769741984634696,0.03161302233330529,0.00024023172898238502,0.0007611320398280219,2.500475015425409e-06,5.461083675830278e-06,0.0,1.0105468407e-08,0.00016346634403490698,0.0,0.008182706723587294,2.4327934948081e-06,0.0007358895812872452,8.3348724534442e-07,1.0278861998458078e-05,0.0,3.603471588498e-08,0.0,0.0,8.337477534414454e-05,0.0,0.0002452865075021651,8.41559345186e-09,8.363606614915859e-06,0.0,5.2075059679919994e-08,0.0,0.0,0.0,0.0,2.4753097732756504e-06,2.5165333417059992e-08,2.518268698148199e-06,8.67764012362e-09,3.428128474893e-08,0.0,0.0,0.0
233,344,0.0,0.0,0.0,0.0,0.0,0.0,0.0,0.0,0.0,0.0,0.0,0.0,0.0,0.0,0.0,0.0,0.0,0.0,0.0,0.0,0.0,0.0,0.0,0.0,1.0,0.0,0.0,0.0,0.0,0.0,0.0,0.0,0.0,0.0,0.0,0.0,0.0,0.0,0.0,0.0,0.0,0.0,0.0,0.0,0.0,0.0,0.0,0.0,0.0,0.0,0.0,0.0,0.0,0.0,0.0,0.0,0.0,0.0,0.0,0.0,0.0,0.0,0.0,0.0,0.0,0.0,0.0,0.0,0.0,0.0,0.0,0.0,0.0,0.0,0.0,0.0,0.0,0.0,0.0,0.0,0.0,0.0,0.0,0.0,0.0,0.0,0.0,0.0,0.0,0.0,0.0,0.0,0.0,0.0,0.0,0.0,0.0,0.0,0.0,0.0
234,345,0.0,0.0,0.0,0.0,0.0,0.0,0.0,0.0,0.0,0.0,0.0,0.0,0.0,0.0,0.97,0.0,0.0,0.0,0.0,0.0,0.0,0.0,0.0,0.01,0.0,0.01,0.0,0.0,0.0,0.0,0.0,0.0,0.0,0.0,0.01,0.0,0.0,0.0,0.0,0.0,0.0,0.0,0.0,0.0,0.0,0.0,0.0,0.0,0.0,0.0,0.0,0.0,0.0,0.0,0.0,0.0,0.0,0.0,0.0,0.0,0.0,0.0,0.0,0.0,0.0,0.0,0.0,0.0,0.0,0.0,0.0,0.0,0.0,0.0,0.0,0.0,0.0,0.0,0.0,0.0,0.0,0.0,0.0,0.0,0.0,0.0,0.0,0.0,0.0,0.0,0.0,0.0,0.0,0.0,0.0,0.0,0.0,0.0,0.0,0.0
235,346,0.0,0.0,0.0,0.0,0.9409,0.0,0.0,0.0,0.0,0.0,0.0,0.0,0.0,0.0194,0.0,0.0194,0.0,0.0,0.0,0.0,0.0,0.0,0.0001,0.0,0.0196,0.0,0.0001,0.0,0.0,0.0,0.0,0.0,0.0,0.0002,0.0,0.0002,0.0,0.0,0.0,0.0,0.0,0.0,0.0,0.0,0.0001,0.0,0.0,0.0,0.0,0.0,0.0,0.0,0.0,0.0,0.0,0.0,0.0,0.0,0.0,0.0,0.0,0.0,0.0,0.0,0.0,0.0,0.0,0.0,0.0,0.0,0.0,0.0,0.0,0.0,0.0,0.0,0.0,0.0,0.0,0.0,0.0,0.0,0.0,0.0,0.0,0.0,0.0,0.0,0.0,0.0,0.0,0.0,0.0,0.0,0.0,0.0,0.0,0.0,0.0,0.0
236,347,0.0,0.0,0.0,0.912867,0.009408999999999999,0.009602999999999999,0.0,0.0,0.0,0.0,0.0,0.0,0.018819000000000002,0.0,0.028617000000000004,0.0,0.000195,0.0,0.0,0.0,0.0,9.7e-05,0.0,0.019208999999999997,0.0,0.000489,0.0,1.0000000000000002e-06,0.0,0.0,0.0,0.0,0.000195,0.0,0.000393,0.0,3.0000000000000005e-06,0.0,0.0,0.0,0.0,0.0,0.0,9.9e-05,0.0,3.0000000000000005e-06,0.0,0.0,0.0,0.0,0.0,0.0,0.0,0.0,1.0000000000000002e-06,0.0,0.0,0.0,0.0,0.0,0.0,0.0,0.0,0.0,0.0,0.0,0.0,0.0,0.0,0.0,0.0,0.0,0.0,0.0,0.0,0.0,0.0,0.0,0.0,0.0,0.0,0.0,0.0,0.0,0.0,0.0,0.0,0.0,0.0,0.0,0.0,0.0,0.0,0.0,0.0,0.0,0.0,0.0,0.0,0.0
237,348,0.0,0.0,0.88566918,0.018255399999999998,0.01882384,0.00019011999999999998,9.797999999999998e-05,0.0,0.0,0.0,0.0,0.0182554,0.0,0.037267440000000006,9.408999999999999e-05,0.00057624,0.0,1.96e-06,0.0,0.0,9.409e-05,0.0,0.018823839999999998,0.0,0.0009565199999999999,0.0,7.84e-06,0.0,1.0000000000000002e-08,0.0,0.0,0.00019012,0.0,0.00057624,0.0,1.1760000000000001e-05,0.0,4.000000000000001e-08,0.0,0.0,0.0,0.0,9.797999999999998e-05,0.0,7.840000000000001e-06,0.0,6.000000000000001e-08,0.0,0.0,0.0,0.0,0.0,0.0,1.96e-06,0.0,4.000000000000001e-08,0.0,0.0,0.0,0.0,0.0,0.0,0.0,0.0,1.0000000000000002e-08,0.0,0.0,0.0,0.0,0.0,0.0,0.0,0.0,0.0,0.0,0.0,0.0,0.0,0.0,0.0,0.0,0.0,0.0,0.0,0.0,0.0,0.0,0.0,0.0,0.0,0.0,0.0,0.0,0.0,0.0,0.0,0.0,0.0,0.0,0.0
238,349,0.0,0.8592816585999999,0.026564429799999997,0.027671045000000005,0.0005561497,0.0002909426,2.881e-06,9.994e-07,0.0,0.0,0.0177086789,0.0,0.04537690100000001,0.00027382129999999993,0.0011294308000000001,2.8421e-06,8.7218e-06,0.0,1.97e-08,0.0,9.12673e-05,0.0184445209,0.0,0.0014944996,9.408999999999999e-07,2.305e-05,0.0,1.0810000000000001e-07,0.0,1.0000000000000002e-10,0.0001853573,0.0,0.0007500721999999999,0.0,2.68132e-05,0.0,2.354e-07,0.0,5.000000000000001e-10,0.0,0.0,9.694179999999997e-05,0.0,1.43666e-05,0.0,2.546e-07,0.0,1.0000000000000003e-09,0.0,0.0,0.0,0.0,2.881e-06,0.0,1.3690000000000001e-07,0.0,1.0000000000000003e-09,0.0,0.0,0.0,0.0,0.0,0.0,2.93e-08,0.0,5.000000000000001e-10,0.0,0.0,0.0,0.0,0.0,0.0,0.0,0.0,1.0000000000000002e-10,0.0,0.0,0.0,0.0,0.0,0.0,0.0,0.0,0.0,0.0,0.0,0.0,0.0,0.0,0.0,0.0,0.0,0.0,0.0,0.0,0.0,0.0,0.0,0.0,0.0
239,350,0.008769903375,0.008858460884,0.009588940344000001,0.000550654458,0.00029647568099999997,8.528154000000002e-06,3.0354480000000002e-06,3.8804e-08,1.0191e-08,0.0,0.000177999462,0.8343185098499999,0.025770235119,0.027320921964000003,0.000542241252,0.000293826348,2.822991e-06,1.0579139999999998e-06,0.0,1.9800000000000001e-10,0.017364629988,9.126730000000001e-07,0.04422248489700001,0.00026561607,0.0011109915040000001,2.766246e-06,8.694080999999998e-06,0.0,2.0195999999999998e-08,1.0000000000000002e-12,9.038285399999999e-05,0.017901508986,0.0,0.001457577132,9.126729999999999e-07,2.2631532e-05,0.0,1.0722600000000001e-07,0.0,1.0200000000000001e-10,0.00018076599900000001,0.0,0.000728711928,0.0,2.6156385e-05,0.0,2.3090400000000001e-07,0.0,4.95e-10,0.0,0.0,9.406235599999995e-05,0.0,1.3966073999999999e-05,0.0,2.4834599999999997e-07,0.0,9.800000000000001e-10,0.0,0.0,0.0,0.0,2.7948629999999997e-06,0.0,1.33092e-07,0.0,9.750000000000003e-10,0.0,0.0,0.0,0.0,0.0,0.0,2.8422e-08,0.0,4.860000000000001e-10,0.0,0.0,0.0,0.0,0.0,0.0,0.0,0.0,9.700000000000001e-11,0.0,0.0,0.0,0.0,0.0,0.0,0.0,0.0,0.0,0.0,0.0,0.0,0.0,0.0,0.0
240,351,0.00026576267096,0.008615358144529999,0.00044768290805,0.00037756992447,1.3978995450000001e-05,6.01865631e-06,1.4425397000000004e-07,4.142357e-08,4.8995e-10,1.0389e-10,0.01702541766675,0.008852198530019999,0.01835989130079,0.00079991574867,0.00057483880873,1.375061427e-05,5.98016799e-06,6.586979e-08,2.0668349999999996e-08,1.9900000000000002e-12,0.00034721873329000006,0.8100838407932098,0.024999793352859997,0.026969204840410002,0.0005286669643300001,0.00029643472873,2.76596373e-06,1.1143916099999997e-06,1.0000000000000002e-14,3.9505000000000005e-10,0.01702541766675,1.7891213499999999e-06,0.04309668833055,0.00025765671462999997,0.00109272540937,2.6923853499999994e-06,8.662955189999998e-06,0.0,2.066835e-08,1.9900000000000002e-12,8.947902836999998e-05,0.01737449911925,0.0,0.00142153816191,8.852928099999999e-07,2.2218942389999996e-05,0.0,1.0633301e-07,0.0,1.0389000000000002e-10,0.00017628364259000002,0.0,0.00070795880309,0.0,2.551516857e-05,0.0,2.2647989000000002e-07,0.0,4.8995e-10,0.0,0.0,9.126843394999995e-05,0.0,1.3576655549999999e-05,0.0,2.4224114999999997e-07,0.0,9.6035e-10,0.0,0.0,0.0,0.0,2.7113013299999997e-06,0.0,1.2938929000000001e-07,0.0,9.5061e-10,0.0,0.0,0.0,0.0,0.0,0.0,2.757031e-08,0.0,4.723900000000002e-10,0.0,0.0,0.0,0.0,0.0,0.0,0.0,0.0,9.409000000000001e-11,0.0,0.0,0.0,0.0,0.0
241,352,0.00026172301153199997,0.00018181002253559998,0.0002780050227784,1.63914757664e-05,9.7240638496e-06,3.3892520000000004e-07,1.2184501839999998e-07,2.5203728000000005e-09,6.268576e-10,6.997200000000001e-12,0.0005200381401318001,0.0168115888978016,0.0007807714971239999,0.0008252821762352001,2.69829588592e-05,1.46106336752e-05,3.057508288e-07,1.113331424e-07,1.1339694e-09,3.1142719999999996e-10,0.02478921990868,0.008840120586194398,0.026610591901408,0.0010337794465281,0.0008411772942532,1.8679348976000002e-05,8.8628837056e-06,9.15533337e-08,3.140284959999999e-08,5.900800000000001e-12,0.000507969029456,0.7865562916205789,0.024252394010633997,0.026616238214216,0.000515419299328,0.00029877775993759995,2.7099086715999995e-06,1.1688594271999996e-06,2.96e-14,5.909408000000001e-10,0.0166910577546496,2.6302379931999996e-06,0.041998827641476,0.00024993586611919997,0.0010746363698176,2.620466717599999e-06,8.628584087199997e-06,0.0,2.1117567999999996e-08,2.9692e-12,8.855749394479999e-05,0.0168630192544688,0.0,0.0013863625233247997,8.587340256999999e-07,2.1812213014399997e-05,0.0,1.054223216e-07,0.0,1.0567280000000001e-10,0.0001719078176518,0.0,0.0006877956029056,0.0,2.4889196372799994e-05,0.0,2.2212701440000002e-07,0.0,4.848550000000001e-10,0.0,0.0,8.855749394479995e-05,0.0,1.31980384928e-05,0.0,2.3628203839999993e-07,0.0,9.410456000000002e-10,0.0,0.0,0.0,0.0,2.6302379931999996e-06,0.0,1.257889792e-07,0.0,9.268156000000001e-10,0.0,0.0,0.0,0.0,0.0,0.0,2.67441416e-08,9.12673e-11,4.591592000000001e-10,0.0,0.0,0.0,0.0
242,355,0.0,0.0,0.0,0.0,0.0,0.0,0.0,0.0,0.0,0.0,0.0,0.0,0.0,0.0,0.0,0.0,0.0,0.0,0.0,0.0,0.0,0.0,0.0,0.0,0.0,0.0,0.0,0.0,0.0,0.0,0.0,0.0,0.0,0.0,0.0,0.0,0.0,0.0,0.0,0.0,0.0,0.0,0.0,0.0,1.0,0.0,0.0,0.0,0.0,0.0,0.0,0.0,0.0,0.0,0.0,0.0,0.0,0.0,0.0,0.0,0.0,0.0,0.0,0.0,0.0,0.0,0.0,0.0,0.0,0.0,0.0,0.0,0.0,0.0,0.0,0.0,0.0,0.0,0.0,0.0,0.0,0.0,0.0,0.0,0.0,0.0,0.0,0.0,0.0,0.0,0.0,0.0,0.0,0.0,0.0,0.0,0.0,0.0,0.0,0.0
243,366,0.0,0.0,0.0,0.0,0.0,0.0,0.0,0.0,0.0,0.0,0.0,0.0,0.0,0.0,0.0,0.0,0.0,0.0,0.0,0.0,0.0,0.0,0.0,0.0,0.0,0.0,0.0,0.0,0.0,0.0,0.0,0.0,0.0,0.0,0.0,0.0,0.0,0.0,0.0,0.0,0.0,0.0,0.0,0.0,0.0,0.0,0.0,0.0,0.0,0.0,0.0,0.0,0.0,0.0,1.0,0.0,0.0,0.0,0.0,0.0,0.0,0.0,0.0,0.0,0.0,0.0,0.0,0.0,0.0,0.0,0.0,0.0,0.0,0.0,0.0,0.0,0.0,0.0,0.0,0.0,0.0,0.0,0.0,0.0,0.0,0.0,0.0,0.0,0.0,0.0,0.0,0.0,0.0,0.0,0.0,0.0,0.0,0.0,0.0,0.0
244,367,0.0,0.0,0.0,0.0,0.0,0.0,0.0,0.0,0.0,0.0,0.0,0.0,0.0,0.0,0.0,0.0,0.0,0.0,0.0,0.0,0.0,0.0,0.0,0.0,0.0,0.0,0.0,0.0,0.0,0.0,0.0,0.0,0.0,0.0,0.0,0.0,0.0,0.0,0.0,0.0,0.0,0.0,0.0,0.0,0.01,0.0,0.0,0.0,0.0,0.0,0.0,0.0,0.0,0.01,0.0,0.01,0.0,0.0,0.0,0.0,0.0,0.0,0.0,0.0,0.97,0.0,0.0,0.0,0.0,0.0,0.0,0.0,0.0,0.0,0.0,0.0,0.0,0.0,0.0,0.0,0.0,0.0,0.0,0.0,0.0,0.0,0.0,0.0,0.0,0.0,0.0,0.0,0.0,0.0,0.0,0.0,0.0,0.0,0.0,0.0
245,368,0.0,0.0,0.0,0.0,0.0,0.0,0.0,0.0,0.0,0.0,0.0,0.0,0.0,0.0,0.0,0.0,0.0,0.0,0.0,0.0,0.0,0.0,0.0,0.0,0.0,0.0,0.0,0.0,0.0,0.0,0.0,0.0,0.0,0.0,0.0001,0.0,0.0,0.0,0.0,0.0,0.0,0.0,0.0,0.0002,0.0,0.0002,0.0,0.0,0.0,0.0,0.0,0.0,0.0001,0.0,0.0196,0.0,0.0001,0.0,0.0,0.0,0.0,0.0,0.0,0.0194,0.0,0.0194,0.0,0.0,0.0,0.0,0.0,0.0,0.0,0.0,0.9409,0.0,0.0,0.0,0.0,0.0,0.0,0.0,0.0,0.0,0.0,0.0,0.0,0.0,0.0,0.0,0.0,0.0,0.0,0.0,0.0,0.0,0.0,0.0,0.0,0.0
246,369,0.0,0.0,0.0,0.0,0.0,0.0,0.0,0.0,0.0,0.0,0.0,0.0,0.0,0.0,0.0,0.0,0.0,0.0,0.0,0.0,0.0,0.0,0.0,0.0,1.0000000000000002e-06,0.0,0.0,0.0,0.0,0.0,0.0,0.0,0.0,3.0000000000000005e-06,0.0,3.0000000000000005e-06,0.0,0.0,0.0,0.0,0.0,0.0,3.0000000000000005e-06,0.0,0.00029699999999999996,0.0,3.0000000000000005e-06,0.0,0.0,0.0,0.0,1.0000000000000002e-06,0.0,0.000585,0.0,0.000585,0.0,1.0000000000000002e-06,0.0,0.0,0.0,0.0,0.000291,0.0,0.028808999999999994,0.0,0.000291,0.0,0.0,0.0,0.0,0.0,0.0,0.028227000000000002,0.0,0.028227000000000002,0.0,0.0,0.0,0.0,0.0,0.0,0.0,0.0,0.912673,0.0,0.0,0.0,0.0,0.0,0.0,0.0,0.0,0.0,0.0,0.0,0.0,0.0,0.0,0.0
247,370,0.0,0.0,0.0,0.0,0.0,0.0,0.0,0.0,0.0,0.0,0.0,0.0,0.0,0.0,1.0000000000000002e-08,0.0,0.0,0.0,0.0,0.0,0.0,0.0,0.0,4.000000000000001e-08,0.0,4.000000000000001e-08,0.0,0.0,0.0,0.0,0.0,0.0,6.000000000000001e-08,0.0,4e-06,0.0,6.000000000000001e-08,0.0,0.0,0.0,0.0,4.000000000000001e-08,0.0,1.176e-05,0.0,1.1760000000000001e-05,0.0,4.000000000000001e-08,0.0,0.0,1.0000000000000002e-08,0.0,1.1680000000000002e-05,0.0,0.0005878799999999999,0.0,1.1680000000000002e-05,0.0,1.0000000000000002e-08,0.0,0.0,3.88e-06,0.0,0.00114072,0.0,0.00114072,0.0,3.88e-06,0.0,0.0,0.0,0.0,0.0005645400000000001,0.0,0.037635999999999996,0.0,0.0005645400000000001,0.0,0.0,0.0,0.0,0.0,0.0,0.03650692,0.0,0.03650692,0.0,0.0,0.0,0.0,0.0,0.0,0.0,0.0,0.8852928099999999,0.0,0.0,0.0,0.0,0.0
248,371,0.0,0.0,0.0,0.0,1.0000000000000002e-10,0.0,0.0,0.0,0.0,0.0,0.0,0.0,0.0,5.000000000000001e-10,0.0,1.0100000000000001e-08,0.0,0.0,0.0,0.0,0.0,0.0,1.0000000000000003e-09,0.0,7.93e-08,0.0,3.94e-08,0.0,0.0,0.0,0.0,1.0000000000000003e-09,0.0,2.1620000000000002e-07,0.0,3.9986e-06,0.0,5.86e-08,0.0,0.0,5.000000000000001e-10,0.0,2.738e-07,0.0,1.7443599999999997e-05,0.0,1.1524999999999999e-05,0.0,3.8900000000000004e-08,0.0,1.0000000000000002e-10,1.6570000000000003e-07,0.0,2.8733199999999998e-05,0.0,0.0005818851999999999,0.0,1.13689e-05,0.0,9.700000000000001e-09,3.8900000000000004e-08,0.0,2.0933e-05,0.0,0.0015001443999999998,0.0,0.0011122993999999999,0.0,3.7636999999999996e-06,0.0,0.0,5.684200000000001e-06,0.0,0.0013004402,0.0,0.036889041799999994,0.0,0.0005476426000000001,0.0,0.0,0.0,0.0,0.0003707146,0.0,0.04500606969999999,0.0,0.03541735779999999,0.0,0.0,0.0,0.0,0.0,0.0,0.0092179973,0.008852928099999999,0.8590990948999999,0.0,0.0,0.0,0.0
249,372,0.0,0.0,0.0,6.000000000000002e-12,1.0000000000000002e-12,1.9800000000000004e-10,0.0,0.0,0.0,0.0,0.0,0.0,1.5000000000000003e-11,0.0,1.3800000000000002e-09,0.0,1.0191e-08,0.0,0.0,0.0,0.0,2.0000000000000005e-11,0.0,3.93e-09,0.0,1.17402e-07,0.0,3.8804e-08,0.0,0.0,1.5000000000000003e-11,0.0,5.88e-09,0.0,4.24929e-07,0.0,3.9948720000000006e-06,0.0,5.7231e-08,0.0,6.000000000000002e-12,4.8899999999999995e-09,0.0,7.295159999999998e-07,0.0,2.2894379999999994e-05,0.0,1.1293913999999999e-05,0.0,3.783e-08,2.0520000000000008e-09,9.700000000000001e-11,6.60129e-07,0.0,4.8865936e-05,0.0,0.0005757805769999999,0.0,1.1065956000000002e-05,9.409e-09,3.9000000000000005e-10,3.0556200000000005e-07,0.0,4.8598188e-05,0.0,0.0018409723319999997,0.0,0.00108455817,0.0,3.6508859999999997e-06,5.723100000000001e-08,0.0,2.2434552000000002e-05,0.0,0.0020953795529999996,0.0,0.036153143544,0.0,0.000531250959,0.0,0.0,3.763988e-06,0.0,0.000914838234,8.8529281e-05,0.05296994255399999,0.0,0.03436031349199999,0.0,0.0,0.0,0.0,9.588711899999998e-05,0.000180709254,0.018071038308,0.017178331206,0.833680295631,0.0,0.0,0.0
250,376,0.0,0.0,0.0,0.0,0.0,0.0,0.0,0.0,0.0,0.0,0.0,0.0,0.0,0.0,0.0,0.0,0.0,0.0,0.0,0.0,0.0,0.0,0.0,0.0,0.0,0.0,0.0,0.0,0.0,0.0,0.0,0.0,0.0,0.0,0.0,0.0,0.0,0.0,0.0,0.0,0.0,0.0,0.0,0.0,0.0,0.0,0.0,0.0,0.0,0.0,0.0,0.0,0.0,0.0,0.0,0.0,0.0,0.0,0.0,0.0,0.0,0.0,0.0,0.0,1.0,0.0,0.0,0.0,0.0,0.0,0.0,0.0,0.0,0.0,0.0,0.0,0.0,0.0,0.0,0.0,0.0,0.0,0.0,0.0,0.0,0.0,0.0,0.0,0.0,0.0,0.0,0.0,0.0,0.0,0.0,0.0,0.0,0.0,0.0,0.0
251,378,0.0,0.0,0.0,0.0,0.0,0.0,0.0,0.0,0.0,0.0,0.0,0.0,0.0,0.0,0.0,0.0,0.0,0.0,0.0,0.0,0.0,0.0,0.0,0.0,0.0,0.0,0.0,0.0,0.0,0.0,0.0,0.0,0.0,0.0,0.0,0.0,0.0,0.0,0.0,0.0,0.0,0.0,0.0,0.0,0.0001,0.0,0.0,0.0,0.0,0.0,0.0,0.0,0.0,0.0002,0.0,0.0002,0.0,0.0,0.0,0.0,0.0,0.0,0.0001,0.0,0.0196,0.0,0.0001,0.0,0.0,0.0,0.0,0.0,0.0,0.0194,0.0,0.0194,0.0,0.0,0.0,0.0,0.0,0.0,0.0,0.0,0.9409,0.0,0.0,0.0,0.0,0.0,0.0,0.0,0.0,0.0,0.0,0.0,0.0,0.0,0.0,0.0
252,380,0.0,0.0,0.0,0.0,0.0,0.0,0.0,0.0,0.0,0.0,0.0,0.0,0.0,0.0,0.0,0.0,0.0,0.0,0.0,0.0,0.0,0.0,0.0,0.0,1.0000000000000002e-08,0.0,0.0,0.0,0.0,0.0,0.0,0.0,0.0,4.000000000000001e-08,0.0,1e-06,0.0,0.0,0.0,0.0,0.0,0.0,6.000000000000001e-08,0.0,5.919999999999999e-06,0.0,2.9400000000000007e-06,0.0,0.0,0.0,0.0,4.000000000000001e-08,0.0,1.1760000000000001e-05,0.0,0.00029399999999999994,0.0,2.9200000000000004e-06,0.0,0.0,1.0000000000000002e-08,0.0,9.76e-06,0.0,0.00086436,0.0,0.0005704000000000001,0.0,9.7e-07,0.0,0.0,2.9200000000000004e-06,0.0,0.00085848,0.0,0.028235759999999995,0.0,0.00028228,0.0,0.0,0.0,0.0,0.00028518000000000006,0.0,0.037077280000000004,0.0,0.0273831,0.0,0.0,0.0,0.0,0.0,0.0,0.009408999999999999,0.00912673,0.88557508,0.0,0.0,0.0,0.0
253,381,0.0,0.0,0.0,0.0,0.0,0.0,0.0,0.0,0.0,0.0,0.0,0.0,0.0,0.0,1.0000000000000002e-10,0.0,0.0,0.0,0.0,0.0,0.0,0.0,0.0,5.000000000000001e-10,0.0,1.97e-08,0.0,0.0,0.0,0.0,0.0,0.0,1.0000000000000003e-09,0.0,1.081e-07,0.0,9.994000000000001e-07,0.0,0.0,0.0,0.0,1.0000000000000003e-09,0.0,2.3540000000000003e-07,0.0,8.721799999999998e-06,0.0,2.8810000000000005e-06,0.0,0.0,5.000000000000001e-10,0.0,2.546e-07,0.0,2.305e-05,0.0,0.0002909425999999999,0.0,2.8421000000000003e-06,0.0,1.0000000000000002e-10,1.3690000000000001e-07,0.0,2.68132e-05,0.0,0.0011294308,0.0,0.0005561497,0.0,9.409e-07,2.9300000000000004e-08,0.0,1.43666e-05,0.0,0.0014944996,0.0,0.02767104499999999,0.0,0.0002738213,0.0,0.0,2.881000000000001e-06,0.0,0.0007500722000000001,9.12673e-05,0.045376901000000004,0.0,0.0265644298,0.0,0.0,0.0,0.0,9.69418e-05,0.00018535729999999997,0.0184445209,0.017708678899999997,0.8592816585999999,0.0,0.0,0.0
254,383,0.0,0.0,0.0,7.000000000000003e-14,1.0000000000000002e-14,3.910000000000001e-12,0.0,0.0,0.0,0.0,0.0,0.0,2.1000000000000006e-13,0.0,2.6410000000000002e-11,0.0,5.7621e-10,0.0,0.0,0.0,0.0,3.500000000000001e-13,0.0,7.635e-11,0.0,4.027710000000001e-09,0.0,3.821219e-08,0.0,0.0,3.500000000000001e-13,0.0,1.2245e-10,0.0,1.178937e-08,0.0,3.2055508999999993e-07,0.0,9.9651107e-07,0.0,2.1000000000000006e-13,1.1765e-10,0.0,1.869855e-08,0.0,1.01332383e-06,0.0,1.3982667409999997e-05,0.0,2.7659637300000002e-06,6.099e-11,6.7900000000000016e-12,1.7287349999999997e-08,0.0,1.62226153e-06,0.0,5.234967518999999e-05,0.0,0.0002846763633899999,2.69238535e-06,2.0650000000000008e-11,9.156090000000002e-09,9.409000000000001e-11,1.42948297e-06,9.126730000000001e-09,8.699242056999998e-05,0.0,0.0016187566911299996,9.12673e-09,0.0005295431304100001,2.33331e-09,2.8615000000000004e-10,6.822476700000001e-07,3.678919e-08,7.179643081000001e-05,3.54145351e-06,0.00294215875071,0.0,0.02656719285266999,0.00025765671463,2.9397000000000007e-10,1.5431861000000003e-07,5.589237e-08,2.8118242230000002e-05,1.077095857e-05,0.0021638779849500003,0.0005153499390899999,0.06042278180405,0.0,0.02499978422613,1.0273310000000002e-08,3.821219e-08,3.98892533e-06,1.1066706749999999e-05,0.00056957634009,0.0010574811029099998,0.03542831046389001,0.03333481659682999,0.80901348989699,0.0
255,385,0.0,0.0,0.0,0.0,0.0,0.0,0.0,0.0,0.0,0.0,0.0,0.0,0.0,0.0,0.0,0.0,0.0,0.0,0.0,0.0,0.0,0.0,0.0,0.0,0.0,0.0,0.0,0.0,0.0,0.0,0.0,0.0,0.0,0.0,0.0,0.0,0.0,0.0,0.0,0.0,0.0,0.0,0.0,0.0,0.0,0.0,0.0,0.0,0.0,0.0,0.0,0.0,0.0,0.0,0.0,0.0,0.0,0.0,0.0,0.0,0.0,0.0,0.0,0.0,0.0,0.0,0.0,0.0,0.0,0.0,0.0,0.0,0.0,0.0,1.0,0.0,0.0,0.0,0.0,0.0,0.0,0.0,0.0,0.0,0.0,0.0,0.0,0.0,0.0,0.0,0.0,0.0,0.0,0.0,0.0,0.0,0.0,0.0,0.0,0.0
256,393,0.0,0.0,0.0,0.0,0.0,0.0,0.0,0.0,0.0,0.0,0.0,0.0,0.0,0.0,0.0,0.0,0.0,0.0,0.0,0.0,0.0,0.0,0.0,0.0,0.0,0.0,0.0,0.0,0.0,0.0,0.0,0.0,0.0,0.0,0.0,0.0,0.0,0.0,0.0,0.0,0.0,0.0,0.0,0.0,0.0,0.0,0.0,0.0,0.0,0.0,0.0,0.0,0.0,0.0,0.0,0.0,0.0,0.0,0.0,0.0,0.0,0.0,0.0,0.0,0.0,0.0,0.0,0.0,0.0,0.0,0.0,0.0,0.0,0.0,0.0,0.0,0.0,0.0,0.0,0.0,0.0,0.0,0.0,0.0,1.0,0.0,0.0,0.0,0.0,0.0,0.0,0.0,0.0,0.0,0.0,0.0,0.0,0.0,0.0,0.0
257,394,0.0,0.0,0.0,0.0,0.0,0.0,0.0,0.0,0.0,0.0,0.0,0.0,0.0,0.0,0.0,0.0,0.0,0.0,0.0,0.0,0.0,0.0,0.0,0.0,0.0,0.0,0.0,0.0,0.0,0.0,0.0,0.0,0.0,0.0,0.0,0.0,0.0,0.0,0.0,0.0,0.0,0.0,0.0,0.0,0.0,0.0,0.0,0.0,0.0,0.0,0.0,0.0,0.0,0.0,0.0,0.0,0.0,0.0,0.0,0.0,0.0,0.0,0.0,0.0,0.0,0.0,0.0,0.0,0.0,0.0,0.0,0.0,0.0,0.0,0.01,0.0,0.0,0.0,0.0,0.0,0.0,0.0,0.0,0.01,0.0,0.01,0.0,0.0,0.0,0.0,0.0,0.0,0.0,0.0,0.97,0.0,0.0,0.0,0.0,0.0
258,395,0.0,0.0,0.0,0.0,0.0,0.0,0.0,0.0,0.0,0.0,0.0,0.0,0.0,0.0,0.0,0.0,0.0,0.0,0.0,0.0,0.0,0.0,0.0,0.0,0.0,0.0,0.0,0.0,0.0,0.0,0.0,0.0,0.0,0.0,0.0,0.0,0.0,0.0,0.0,0.0,0.0,0.0,0.0,0.0,0.0,0.0,0.0,0.0,0.0,0.0,0.0,0.0,0.0,0.0,0.0,0.0,0.0,0.0,0.0,0.0,0.0,0.0,0.0,0.0,0.0001,0.0,0.0,0.0,0.0,0.0,0.0,0.0,0.0,0.0002,0.0,0.0098,0.0,0.0,0.0,0.0,0.0,0.0,0.0001,0.0,0.0196,0.0,0.0097,0.0,0.0,0.0,0.0,0.0,0.0,0.0098,0.0097,0.941,0.0,0.0,0.0,0.0
259,396,0.0,0.0,0.0,0.0,0.0,0.0,0.0,0.0,0.0,0.0,0.0,0.0,0.0,0.0,0.0,0.0,0.0,0.0,0.0,0.0,0.0,0.0,0.0,0.0,0.0,0.0,0.0,0.0,0.0,0.0,0.0,0.0,0.0,0.0,0.0,0.0,0.0,0.0,0.0,0.0,0.0,0.0,0.0,0.0,0.0,0.0,0.0,0.0,0.0,0.0,0.0,0.0,0.0,0.0,1.0000000000000002e-06,0.0,0.0,0.0,0.0,0.0,0.0,0.0,0.0,3.0000000000000005e-06,0.0,0.000195,0.0,0.0,0.0,0.0,0.0,0.0,3.0000000000000005e-06,0.0,0.000489,0.0,0.009602999999999999,0.0,0.0,0.0,0.0,1.0000000000000002e-06,0.0,0.00039299999999999996,9.7e-05,0.028616999999999997,0.0,0.009409,0.0,0.0,0.0,0.0,9.9e-05,0.000195,0.019208999999999997,0.018819000000000002,0.912867,0.0,0.0,0.0
260,397,0.0,0.0,0.0,0.0,0.0,0.0,0.0,0.0,0.0,0.0,0.0,0.0,0.0,0.0,0.0,0.0,0.0,0.0,0.0,0.0,0.0,0.0,0.0,0.0,0.0,0.0,0.0,0.0,0.0,0.0,0.0,0.0,0.0,0.0,0.0,0.0,0.0,0.0,0.0,0.0,0.0,0.0,0.0,0.0,1.0000000000000002e-08,0.0,0.0,0.0,0.0,0.0,0.0,0.0,0.0,4.000000000000001e-08,0.0,2.92e-06,0.0,0.0,0.0,0.0,0.0,0.0,6.000000000000001e-08,0.0,9.76e-06,0.0,0.00028518,0.0,0.0,0.0,0.0,4.000000000000001e-08,0.0,1.1760000000000001e-05,9.7e-07,0.0008584799999999999,0.0,0.009408999999999999,0.0,0.0,1.0000000000000002e-08,0.0,5.919999999999999e-06,2.92e-06,0.00086436,0.00028228000000000004,0.03707728,0.0,0.00912673,0.0,0.0,1e-06,2.94e-06,0.000294,0.0005704,0.028235759999999995,0.0273831,0.88557508,0.0,0.0
261,398,0.0,0.0,0.0,0.0,0.0,0.0,0.0,0.0,0.0,0.0,0.0,0.0,0.0,0.0,0.0,0.0,0.0,0.0,0.0,0.0,0.0,0.0,0.0,0.0,0.0,0.0,0.0,0.0,0.0,0.0,0.0,0.0,0.0,0.0,1.0000000000000002e-10,0.0,0.0,0.0,0.0,0.0,0.0,0.0,0.0,5.000000000000001e-10,0.0,3.89e-08,0.0,0.0,0.0,0.0,0.0,0.0,1.0000000000000003e-09,0.0,1.657e-07,0.0,5.6842e-06,0.0,0.0,0.0,0.0,1.0000000000000003e-09,0.0,2.738e-07,9.700000000000001e-09,2.0932999999999998e-05,0.0,0.00037071459999999995,0.0,0.0,5.000000000000001e-10,0.0,2.162e-07,3.89e-08,2.87332e-05,3.7637e-06,0.0013004401999999998,0.0,0.0092179973,0.0,1.0000000000000002e-10,7.929999999999999e-08,5.8599999999999995e-08,1.74436e-05,1.13689e-05,0.0015001443999999998,0.0005476426000000001,0.0450060697,0.0,0.008852928099999999,1.01e-08,3.9399999999999995e-08,3.9986e-06,1.1524999999999999e-05,0.0005818851999999999,0.0011122993999999999,0.036889041799999994,0.0354173578,0.8590990948999999,0.0
262,400,0.0,0.0,0.0,0.0,0.0,0.0,0.0,0.0,0.0,0.0,0.0,0.0,0.0,0.0,0.0,0.0,0.0,0.0,0.0,0.0,0.0,0.0,0.0,0.0,0.0,0.0,0.0,0.0,0.0,0.0,0.0,0.0,0.0,0.0,0.0,0.0,0.0,0.0,0.0,0.0,0.0,0.0,0.0,0.0,0.0,0.0,0.0,0.0,0.0,0.0,0.0,0.0,0.0,0.0,0.0,0.0,0.0,0.0,0.0,0.0,0.0,0.0,0.0,0.0,0.0,0.0,0.0,0.0,0.0,0.0,0.0,0.0,0.0,0.0,0.0,0.0,0.0,0.0,0.0,0.0,0.0,0.0,0.0,0.0,0.0,0.0,0.0,0.0,0.0,0.0,0.0,0.0,0.0,0.0,1.0,0.0,0.0,0.0,0.0,0.0
263,401,0.0,0.0,0.0,0.0,0.0,0.0,0.0,0.0,0.0,0.0,0.0,0.0,0.0,0.0,0.0,0.0,0.0,0.0,0.0,0.0,0.0,0.0,0.0,0.0,0.0,0.0,0.0,0.0,0.0,0.0,0.0,0.0,0.0,0.0,0.0,0.0,0.0,0.0,0.0,0.0,0.0,0.0,0.0,0.0,0.0,0.0,0.0,0.0,0.0,0.0,0.0,0.0,0.0,0.0,0.0,0.0,0.0,0.0,0.0,0.0,0.0,0.0,0.0,0.0,0.0,0.0,0.0,0.0,0.0,0.0,0.0,0.0,0.0,0.0,0.0,0.0,0.0,0.0,0.0,0.0,0.0,0.0,0.0,0.0,0.01,0.0,0.0,0.0,0.0,0.0,0.0,0.0,0.0,0.01,0.01,0.97,0.0,0.0,0.0,0.0
264,402,0.0,0.0,0.0,0.0,0.0,0.0,0.0,0.0,0.0,0.0,0.0,0.0,0.0,0.0,0.0,0.0,0.0,0.0,0.0,0.0,0.0,0.0,0.0,0.0,0.0,0.0,0.0,0.0,0.0,0.0,0.0,0.0,0.0,0.0,0.0,0.0,0.0,0.0,0.0,0.0,0.0,0.0,0.0,0.0,0.0,0.0,0.0,0.0,0.0,0.0,0.0,0.0,0.0,0.0,0.0,0.0,0.0,0.0,0.0,0.0,0.0,0.0,0.0,0.0,0.0,0.0,0.0,0.0,0.0,0.0,0.0,0.0,0.0,0.0,0.0001,0.0,0.0,0.0,0.0,0.0,0.0,0.0,0.0,0.0002,0.0001,0.0194,0.0,0.0,0.0,0.0,0.0,0.0,0.0001,0.0002,0.0196,0.0194,0.9409,0.0,0.0,0.0
265,403,0.0,0.0,0.0,0.0,0.0,0.0,0.0,0.0,0.0,0.0,0.0,0.0,0.0,0.0,0.0,0.0,0.0,0.0,0.0,0.0,0.0,0.0,0.0,0.0,0.0,0.0,0.0,0.0,0.0,0.0,0.0,0.0,0.0,0.0,0.0,0.0,0.0,0.0,0.0,0.0,0.0,0.0,0.0,0.0,0.0,0.0,0.0,0.0,0.0,0.0,0.0,0.0,0.0,0.0,0.0,0.0,0.0,0.0,0.0,0.0,0.0,0.0,0.0,0.0,1.0000000000000002e-06,0.0,0.0,0.0,0.0,0.0,0.0,0.0,0.0,3.0000000000000005e-06,1.0000000000000002e-06,0.000291,0.0,0.0,0.0,0.0,0.0,0.0,3.0000000000000005e-06,3.0000000000000005e-06,0.000585,0.000291,0.028227000000000002,0.0,0.0,0.0,0.0,1.0000000000000002e-06,3.0000000000000005e-06,0.00029699999999999996,0.000585,0.028808999999999994,0.028227000000000002,0.912673,0.0,0.0
266,404,0.0,0.0,0.0,0.0,0.0,0.0,0.0,0.0,0.0,0.0,0.0,0.0,0.0,0.0,0.0,0.0,0.0,0.0,0.0,0.0,0.0,0.0,0.0,0.0,0.0,0.0,0.0,0.0,0.0,0.0,0.0,0.0,0.0,0.0,0.0,0.0,0.0,0.0,0.0,0.0,0.0,0.0,0.0,0.0,0.0,0.0,0.0,0.0,0.0,0.0,0.0,0.0,0.0,0.0,1.0000000000000002e-08,0.0,0.0,0.0,0.0,0.0,0.0,0.0,0.0,4.000000000000001e-08,1.0000000000000002e-08,3.88e-06,0.0,0.0,0.0,0.0,0.0,0.0,6.000000000000001e-08,4.000000000000001e-08,1.1680000000000002e-05,3.88e-06,0.0005645400000000001,0.0,0.0,0.0,0.0,4.000000000000001e-08,6.000000000000001e-08,1.176e-05,1.1680000000000002e-05,0.00114072,0.0005645400000000001,0.03650692,0.0,0.0,1.0000000000000002e-08,4.000000000000001e-08,3.999999999999999e-06,1.176e-05,0.0005878799999999998,0.00114072,0.037635999999999996,0.03650692,0.8852928099999999,0.0
267,405,0.0,0.0,0.0,0.0,0.0,0.0,0.0,0.0,0.0,0.0,0.0,0.0,0.0,0.0,0.0,0.0,0.0,0.0,0.0,0.0,0.0,0.0,0.0,0.0,0.0,0.0,0.0,0.0,0.0,0.0,0.0,0.0,0.0,0.0,0.0,0.0,0.0,0.0,0.0,0.0,0.0,0.0,0.0,0.0,1.0000000000000002e-10,0.0,0.0,0.0,0.0,0.0,0.0,0.0,0.0,5.000000000000001e-10,1.0000000000000002e-10,4.8500000000000004e-08,0.0,0.0,0.0,0.0,0.0,0.0,1.0000000000000003e-09,5.000000000000001e-10,1.9450000000000003e-07,4.8500000000000004e-08,9.409000000000001e-06,0.0,0.0,0.0,0.0,1.0000000000000003e-09,1.0000000000000003e-09,2.93e-07,1.9450000000000003e-07,2.8421000000000005e-05,9.409000000000001e-06,0.0009126730000000001,0.0,0.0,5.000000000000001e-10,1.0000000000000003e-09,1.9699999999999998e-07,2.93e-07,2.8809999999999997e-05,2.8421000000000005e-05,0.0018535729999999999,0.0009126730000000001,0.044264640499999994,0.0,6.000000000000001e-10,5.049999999999998e-08,1.9699999999999998e-07,9.994e-06,2.8809999999999997e-05,0.0009694179999999998,0.0018535729999999999,0.04608998649999999,0.044264640499999994,0.8587340256999999
268,406,0.0,0.0,0.0,0.0,0.0,1.0,0.0,0.0,0.0,0.0,0.0,0.0,0.0,0.0,0.0,0.0,0.0,0.0,0.0,0.0,0.0,0.0,0.0,0.0,0.0,0.0,0.0,0.0,0.0,0.0,0.0,0.0,0.0,0.0,0.0,0.0,0.0,0.0,0.0,0.0,0.0,0.0,0.0,0.0,0.0,0.0,0.0,0.0,0.0,0.0,0.0,0.0,0.0,0.0,0.0,0.0,0.0,0.0,0.0,0.0,0.0,0.0,0.0,0.0,0.0,0.0,0.0,0.0,0.0,0.0,0.0,0.0,0.0,0.0,0.0,0.0,0.0,0.0,0.0,0.0,0.0,0.0,0.0,0.0,0.0,0.0,0.0,0.0,0.0,0.0,0.0,0.0,0.0,0.0,0.0,0.0,0.0,0.0,0.0,0.0
269,413,0.00026588102743999996,0.00018989696595999998,0.00028879645784999996,2.163086559e-05,1.2918935769999998e-05,6.173997699999998e-07,2.2506696999999996e-07,7.2956799999999985e-09,1.8659199999999993e-09,4.516e-11,0.0005259010005999999,0.01730348888883,0.0009845511029299998,0.00102478219263,4.4439593909999996e-05,2.3467523289999993e-05,7.420796699999998e-07,2.6060030999999995e-07,5.4226800000000006e-09,1.4205599999999993e-09,0.02499978422613,0.009360365165149999,0.02744739521717,0.0014330665598899998,0.00113350667487,3.856549976999999e-05,1.749585759e-05,3.7586933e-07,1.1818804999999997e-07,1.53464e-09,0.0,0.80901348989699,0.03333481659682999,0.03542831046389001,0.0010574811029099998,0.0005695763400899998,1.1066706749999999e-05,3.98892533e-06,3.821219e-08,1.027331e-08,0.0,0.0,0.03333481659682999,0.0005153499390899999,0.0010574811029099998,1.0770958570000003e-05,1.1066706749999999e-05,5.589237e-08,3.821219e-08,0.0,0.0,0.0,0.0,0.0005153499390899999,3.5414535099999996e-06,1.0770958570000003e-05,3.678919000000001e-08,5.589237e-08,0.0,0.0,0.0,0.0,0.0,0.0,3.5414535099999996e-06,9.12673e-09,3.678919000000001e-08,0.0,0.0,0.0,0.0,0.0,0.0,0.0,0.0,9.12673e-09,0.0,0.0,0.0,0.0,0.0,0.0,0.0,0.0,0.0,0.0,0.0,0.0,0.0,0.0,0.0,0.0,0.0,0.0,0.0,0.0,0.0,0.0,0.0,0.0
270,415,8.916281716019999e-06,5.007132172065e-06,9.466998989433e-06,7.472861858169999e-07,4.899857333159999e-07,2.6206251397e-08,1.0237107404999998e-08,3.932353049999999e-10,1.07403828e-10,3.4141439999999993e-12,3.042963252732e-05,0.00044329697920318797,3.175136925478499e-05,3.7140536074008006e-05,1.9265499060719996e-06,1.1106083072039998e-06,4.218644902499999e-08,1.5849628283999996e-08,4.2044828399999995e-10,1.1693014799999996e-10,0.001251536867423016,0.00040075023171515396,0.00134010116324988,7.627289312651998e-05,6.4760016560856e-05,2.5714506072479993e-06,1.244192128728e-06,3.4816366236e-08,1.1708734955999997e-08,2.64431682e-10,0.0012456419803047538,0.03316520217304693,0.0017893279316085894,0.002300970248000952,9.452967213959998e-05,5.933175465575999e-05,1.7785137549599995e-06,7.242794879279999e-07,1.4291672034e-08,4.270938155999998e-09,0.039220492164027,0.009453914560862045,0.0428609963102323,0.0020256855457681795,0.001789042230654672,5.727947417332799e-05,2.7913846988495994e-05,5.712708241799999e-07,1.9065439793399996e-07,2.3939719319999998e-09,0.0,0.7618475396210501,0.03137472707892103,0.03401181053504178,0.001005260133135684,0.0005569075738304157,1.0623782328132e-05,3.97079521458e-06,3.7041840468e-08,1.0413063102e-08,0.0,0.0,0.03137472707892103,0.0004849614628005479,0.001005260133135684,1.0203991710801002e-05,1.0623782328132e-05,5.3303753892e-08,3.7041840468e-08,0.0,0.0,0.0,0.0,0.0004849614628005479,3.3323306661209994e-06,1.0203991710801002e-05,3.4792007433000004e-08,5.3303753892e-08,0.0,0.0,0.0,0.0,0.0,0.0,3.3323306661209994e-06,8.587340256999999e-09,3.4792007433000004e-08,0.0,0.0,0.0,0.0,0.0,0.0,0.0,0.0,8.587340256999999e-09,0.0,0.0,0.0,0.0
271,417,0.0,0.0,0.0,0.0,0.0,0.0,0.0,0.0,0.0,0.0,0.0,0.0,0.0,0.0,0.0,1.0,0.0,0.0,0.0,0.0,0.0,0.0,0.0,0.0,0.0,0.0,0.0,0.0,0.0,0.0,0.0,0.0,0.0,0.0,0.0,0.0,0.0,0.0,0.0,0.0,0.0,0.0,0.0,0.0,0.0,0.0,0.0,0.0,0.0,0.0,0.0,0.0,0.0,0.0,0.0,0.0,0.0,0.0,0.0,0.0,0.0,0.0,0.0,0.0,0.0,0.0,0.0,0.0,0.0,0.0,0.0,0.0,0.0,0.0,0.0,0.0,0.0,0.0,0.0,0.0,0.0,0.0,0.0,0.0,0.0,0.0,0.0,0.0,0.0,0.0,0.0,0.0,0.0,0.0,0.0,0.0,0.0,0.0,0.0,0.0
272,418,0.0,0.0,0.0,0.0,0.0,0.97,0.0,0.0,0.0,0.0,0.0,0.0,0.0,0.0,0.01,0.0,0.01,0.0,0.0,0.0,0.0,0.0,0.0,0.0,0.0,0.01,0.0,0.0,0.0,0.0,0.0,0.0,0.0,0.0,0.0,0.0,0.0,0.0,0.0,0.0,0.0,0.0,0.0,0.0,0.0,0.0,0.0,0.0,0.0,0.0,0.0,0.0,0.0,0.0,0.0,0.0,0.0,0.0,0.0,0.0,0.0,0.0,0.0,0.0,0.0,0.0,0.0,0.0,0.0,0.0,0.0,0.0,0.0,0.0,0.0,0.0,0.0,0.0,0.0,0.0,0.0,0.0,0.0,0.0,0.0,0.0,0.0,0.0,0.0,0.0,0.0,0.0,0.0,0.0,0.0,0.0,0.0,0.0,0.0,0.0
273,426,1.2205346905368e-05,0.00017531734825592402,1.4440871689473e-05,1.3239024711768002e-05,7.783346902320001e-07,3.6944467702800003e-07,1.5650592801000003e-08,4.963230588000002e-09,1.44693276e-10,3.4253604e-11,0.0006705295165996201,0.000284421018572991,0.000721301962178928,4.4397695286840995e-05,3.3940629163811995e-05,1.4050730580970003e-06,6.301434616680002e-07,1.8001800585e-08,5.678188548000001e-09,1.2701187e-10,0.0008395369801937941,0.02467415818653259,0.001355791325611767,0.0016082367913666802,6.670011733224e-05,3.983370872058e-05,1.194985339545e-06,4.73523538968e-07,9.267053105999998e-09,2.7487570379999997e-09,0.031732182988118,0.009139086912535552,0.034744922002752504,0.0016908833861796358,0.001461545488990872,4.7079499136400005e-05,2.3035922435736e-05,4.6735758549599994e-07,1.5989977701599996e-07,1.982460882e-09,0.0003283985045376839,0.762868563642509,0.031374727078921034,0.03441001573291769,0.0010052601331356841,0.0005723827164696479,1.0623782328132e-05,4.204394442167999e-06,3.704577732e-08,1.1983194798000001e-08,0.008174163589643641,0.0,0.04024151618548567,0.0004849614628005479,0.0013775950464183842,1.0203991710801002e-05,1.6521882869712003e-05,5.330375389199999e-08,7.830876631799999e-08,1.0735116600000001e-10,0.0,0.008174163589643645,0.0,0.0011657822749689475,3.332330666121e-06,2.6220981130511995e-05,3.4792007433e-08,2.01564309876e-07,0.0,4.797198060000001e-10,0.0,0.0,0.0003283985045376839,0.0,1.8746860659779996e-05,8.587340256999999e-09,2.4851976762e-07,0.0,9.220823880000002e-10,0.0,0.0,0.0,0.0,5.033601566243999e-06,0.0,1.4813515486499997e-07,0.0,9.036027240000001e-10,0.0,0.0,0.0,0.0,0.0,0.0,3.4441541000999996e-08,8.8529281e-11,4.462970970000001e-10,0.0,0.0,0.0
274,427,8.7025755866628e-06,4.86384585423756e-06,9.242992068360932e-06,7.2855926378314e-07,4.832743324284e-07,2.5685030181580006e-08,1.0202019620850003e-08,3.8760317250000006e-10,1.0820366016000003e-10,3.40212354e-12,2.978406165187101e-05,0.0004307177244613577,3.0853745933504795e-05,3.6476647797509165e-05,1.88001350629682e-06,1.10240615017776e-06,4.136167699924001e-08,1.5907785562200004e-08,4.1431113333e-10,1.1876557044000002e-10,0.0012228724126500752,0.0003892325401992124,0.001309936073120078,7.419951271947218e-05,6.401857017967895e-05,2.5126668844359406e-06,1.2446707047708004e-06,3.4177846348919996e-08,1.1869563621780001e-08,2.6318422415999997e-10,0.0012263475548398926,0.032227390127270404,0.0017371645596197761,0.0022661545198722904,9.213134399679e-05,5.920833873792516e-05,1.74084216985893e-06,7.3331999934816e-07,1.4052899749799998e-08,4.404948653819999e-09,0.038493928755841365,0.009181945560994071,0.04207777529827905,0.0019688063713428194,0.001781299059279203,5.5927993234054175e-05,2.8275934700479196e-05,5.604781765245599e-07,1.9804964773835996e-07,2.4143502883799997e-09,0.0004002881852979898,0.7405484051668816,0.03043833488118141,0.03380556419599889,0.000980087306993388,0.0005694146140797446,1.04079897330093e-05,4.246280168362018e-06,3.6468515050979996e-08,1.2412657326960002e-08,0.008010680317850767,0.0,0.039130954143612603,0.00047044594222319264,0.001348374696193425,9.931629059615083e-06,1.6292937035700723e-05,5.2052561349569986e-08,7.798916444916e-08,1.0892782908e-10,0.0,0.007932222666999712,0.0,0.0011343305963875162,3.2324466195399394e-06,2.5625786852419284e-05,3.3834120612579994e-08,1.9802083510703998e-07,0.0,4.745490357000001e-10,0.0,0.0,0.0003185968854172158,0.0,1.8236616622607693e-05,8.3306053421e-09,2.4255902513826e-07,0.0,9.034559436000002e-10,0.0,0.0,0.0,0.0,4.8829379346666895e-06,3.3409180063779995e-08,1.4412585200259996e-07,4.3379347690000003e-10,8.8095761325e-10,0.0,0.0
275,428,0.0,0.0,0.0,0.0,0.0,0.0,0.0,0.0,0.0,0.0,0.0,0.0,0.0,0.0,0.0,0.0,0.0,0.0,0.0,0.0,0.0,0.0,0.0,0.0,0.0,0.0,0.0,0.0,0.0,0.0,0.0,0.0,0.0,0.0,0.0,1.0,0.0,0.0,0.0,0.0,0.0,0.0,0.0,0.0,0.0,0.0,0.0,0.0,0.0,0.0,0.0,0.0,0.0,0.0,0.0,0.0,0.0,0.0,0.0,0.0,0.0,0.0,0.0,0.0,0.0,0.0,0.0,0.0,0.0,0.0,0.0,0.0,0.0,0.0,0.0,0.0,0.0,0.0,0.0,0.0,0.0,0.0,0.0,0.0,0.0,0.0,0.0,0.0,0.0,0.0,0.0,0.0,0.0,0.0,0.0,0.0,0.0,0.0,0.0,0.0
276,429,0.0,0.0,0.0,0.0,0.0,0.0,0.0,0.0,0.0,0.0,0.0,0.0,0.0,0.0,0.0,0.0,0.0,0.0,0.0,0.0,0.0,0.0,0.0,0.0,0.0,0.0,0.0,0.0,0.0,0.0,0.0,0.0,0.0,0.0,0.0,0.0,0.0,0.0,0.0,0.0,0.0,0.0,0.0,0.0,0.0,0.0,0.0,0.0,0.0,0.0,0.0,0.0,0.0,0.0,0.0,0.0,0.0,0.0,0.0,0.0,0.0,0.0,0.0,0.0,0.0,1.0,0.0,0.0,0.0,0.0,0.0,0.0,0.0,0.0,0.0,0.0,0.0,0.0,0.0,0.0,0.0,0.0,0.0,0.0,0.0,0.0,0.0,0.0,0.0,0.0,0.0,0.0,0.0,0.0,0.0,0.0,0.0,0.0,0.0,0.0
277,430,0.0,0.0,0.0,0.0,0.0,0.0,0.0,0.0,0.0,0.0,0.0,0.0,0.0,0.0,0.0,0.0,0.0,0.0,0.0,0.0,0.0,0.0,0.0,0.0,0.0,0.0,0.0,0.0,0.0,0.0,0.0,0.0,0.0,0.0,0.0,0.0,0.0,0.0,0.0,0.0,0.0,0.0,0.0,0.0,0.0,0.0,0.0,0.0,0.0,0.0,0.0,0.0,0.0,0.0,0.0,0.01,0.0,0.0,0.0,0.0,0.0,0.0,0.0,0.0,0.01,0.0,0.01,0.0,0.0,0.0,0.0,0.0,0.0,0.0,0.0,0.97,0.0,0.0,0.0,0.0,0.0,0.0,0.0,0.0,0.0,0.0,0.0,0.0,0.0,0.0,0.0,0.0,0.0,0.0,0.0,0.0,0.0,0.0,0.0,0.0
278,432,0.0,0.0,0.0,0.0,0.0,0.0,0.0,0.0,0.0,0.0,0.0,0.0,0.0,0.0,0.0,0.0,0.0,0.0,0.0,0.0,0.0,0.0,0.0,0.0,0.0,0.0,0.0,0.0,0.0,0.0,0.0,0.0,0.0,0.0,0.0,1.0000000000000002e-06,0.0,0.0,0.0,0.0,0.0,0.0,0.0,0.0,9.9e-05,0.0,3.0000000000000005e-06,0.0,0.0,0.0,0.0,0.0,0.0,0.000195,0.0,0.000393,0.0,3.0000000000000005e-06,0.0,0.0,0.0,0.0,9.7e-05,0.0,0.019208999999999997,0.0,0.000489,0.0,1.0000000000000002e-06,0.0,0.0,0.0,0.0,0.018819000000000002,0.0,0.028616999999999997,0.0,0.000195,0.0,0.0,0.0,0.0,0.0,0.0,0.912867,0.0,0.009602999999999999,0.0,0.0,0.0,0.0,0.0,0.0,0.0,0.0,0.009409,0.0,0.0,0.0,0.0
279,433,0.0,0.0,0.0,0.0,0.0,0.0,0.0,0.0,0.0,0.0,0.0,0.0,0.0,0.0,0.0,0.0,0.0,0.0,0.0,0.0,0.0,0.0,0.0,0.0,0.0,1.0000000000000002e-08,0.0,0.0,0.0,0.0,0.0,0.0,0.0,0.0,1e-06,0.0,4.000000000000001e-08,0.0,0.0,0.0,0.0,0.0,0.0,2.94e-06,0.0,5.92e-06,0.0,6.000000000000001e-08,0.0,0.0,0.0,0.0,2.92e-06,0.0,0.000294,0.0,1.1760000000000001e-05,0.0,4.000000000000001e-08,0.0,0.0,9.7e-07,0.0,0.0005704,0.0,0.0008643599999999999,0.0,9.76e-06,0.0,1.0000000000000002e-08,0.0,0.0,0.00028228000000000004,0.0,0.02823576,0.0,0.0008584799999999999,0.0,2.92e-06,0.0,0.0,0.0,0.0,0.0273831,0.0,0.03707727999999999,0.0,0.00028518,0.0,0.0,0.0,0.0,0.0,0.0,0.88557508,0.00912673,0.009408999999999999,0.0,0.0,0.0
280,434,0.0,0.0,0.0,0.0,0.0,0.0,0.0,0.0,0.0,0.0,0.0,0.0,0.0,0.0,0.0,1.0000000000000002e-10,0.0,0.0,0.0,0.0,0.0,0.0,0.0,0.0,1.01e-08,0.0,1.0100000000000001e-08,0.0,0.0,0.0,0.0,0.0,0.0,3.9399999999999995e-08,0.0,1.0297e-06,0.0,3.94e-08,0.0,0.0,0.0,0.0,5.8599999999999995e-08,0.0,5.8609999999999994e-06,0.0,5.861e-06,0.0,5.86e-08,0.0,0.0,3.89e-08,0.0,1.1505800000000001e-05,0.0,0.0002940004,0.0,1.15058e-05,0.0,3.8900000000000004e-08,9.700000000000001e-09,0.0,9.4969e-06,0.0,0.0008472292,0.0,0.0008472291999999999,0.0,9.496899999999999e-06,9.700000000000001e-09,0.0,2.8325000000000004e-06,0.0,0.0008357042,0.0,0.027776688399999996,0.0,0.0008357041999999998,0.0,2.8324999999999996e-06,0.0,0.0,0.00027665379999999997,0.0,0.0360704882,9.12673e-05,0.036070488199999994,0.0,0.00027665379999999997,0.0,0.0,0.0,0.0,0.0091295818,0.008947018099999999,0.8595639576999999,0.008947018099999999,0.0091295818,0.0,0.0
281,435,0.0,0.0,0.0,0.0,0.0,1.0000000000000002e-12,0.0,0.0,0.0,0.0,0.0,0.0,0.0,0.0,1.02e-10,0.0,1.9800000000000004e-10,0.0,0.0,0.0,0.0,0.0,0.0,4.949999999999999e-10,0.0,2.0196e-08,0.0,1.0191e-08,0.0,0.0,0.0,0.0,9.8e-10,0.0,1.0722599999999998e-07,0.0,1.0579140000000002e-06,0.0,3.8804e-08,0.0,0.0,9.75e-10,0.0,2.30904e-07,0.0,8.694081e-06,0.0,5.801208e-06,0.0,5.7231e-08,4.86e-10,0.0,2.48346e-07,0.0,2.2631532000000003e-05,0.0,0.00029382634800000003,0.0,1.125657e-05,3.783e-08,9.700000000000001e-11,1.33092e-07,0.0,2.6156385e-05,0.0,0.001110991504,0.0,0.0008303793929999999,9.700000000000001e-11,9.250115999999998e-06,2.8422000000000005e-08,0.0,1.3966074e-05,0.0,0.001457577132,9.126730000000001e-07,0.027320921963999996,0.0,0.0008135229059999997,2.7476219999999995e-06,0.0,2.7948629999999997e-06,0.0,0.000728711928,9.038285399999999e-05,0.044222484896999995,0.00017799946199999997,0.035090792951999995,0.0,0.00026838251099999997,0.0,0.0,9.4062356e-05,0.000180765999,0.017901508986,0.017364629988,0.83431850985,0.008769903374999997,0.008858460884,0.0
282,436,0.0,0.0,0.0,0.0,1.0299999999999999e-12,1.0000000000000002e-14,2.9500000000000006e-12,0.0,0.0,0.0,0.0,0.0,0.0,5.97e-12,0.0,3.0289e-10,0.0,2.9397e-10,0.0,0.0,0.0,0.0,1.475e-11,0.0,1.7553899999999997e-09,0.0,3.0273150000000004e-08,0.0,1.027331e-08,0.0,0.0,1.955e-11,0.0,4.3368499999999996e-09,0.0,2.0173113e-07,0.0,1.08467861e-06,0.0,3.821219e-08,1.4610000000000002e-11,0.0,5.74805e-09,0.0,5.383052700000001e-07,0.0,1.144011327e-05,0.0,5.740697809999999e-06,5.589237e-08,5.83e-12,4.2955500000000005e-09,0.0,7.310838300000001e-07,0.0,3.608770537e-05,0.0,0.00029348592927000005,3.7927e-10,1.1048641469999999e-05,1.6209700000000002e-09,9.409000000000001e-11,5.3280729e-07,0.0,5.128369512999999e-05,9.126730000000001e-09,0.0013621130359299997,9.700000000000001e-13,0.0008138083071299999,9.00056113e-06,2.8519e-10,1.9650962999999999e-07,0.0,3.567154623e-05,9.129552699999999e-07,0.00214039380169,2.6652874299999996e-06,0.026868641257589993,2.7477189999999996e-08,0.0007945587384299999,2.8232849999999997e-08,0.0,1.107842069e-05,2.71148853e-06,0.0013426662803099998,0.00026310678961000004,0.05186311259774999,0.00026035851188999993,0.034137472826449994,0.00026035851189,0.0,9.6857219e-07,2.74828355e-06,0.00027935035445,0.00052890823731,0.02632351996377,0.025276355215230004,0.80981614612661,0.008595390882589997,0.008595390882589999
283,438,0.0,0.0,2.772e-15,0.0,3.7242e-13,5.1056e-14,9.989316000000002e-12,9.6036e-14,9.506004e-12,0.0,0.0,5.502e-15,0.0,1.21842e-12,0.0,7.1886096e-11,0.0,9.88629876e-10,0.0,4.79719806e-10,6.8460000000000004e-15,0.0,2.287278e-12,0.0,2.29799376e-10,0.0,7.526493647999998e-09,0.0,5.031554398199999e-08,1.0413063102e-08,5.46e-15,2.682414e-12,0.0,4.164894e-10,0.0,2.4522995087999996e-08,0.0,4.6409665528799996e-07,3.81874644e-10,1.170664270254e-06,1.7471880000000002e-12,2.6422800000000003e-13,4.6431813599999996e-10,0.0,4.3756728407999993e-08,9.126730000000001e-13,1.630435239e-06,5.665188e-12,1.6675331430456002e-05,5.67055740978e-06,8.623080000000001e-13,3.16451952e-10,7.310793e-12,4.635965858399999e-08,9.312087299999999e-11,2.9186613847080003e-06,4.43625426e-10,6.920616454956e-05,1.0899331318799997e-07,0.00030280072160376,1.1254382399999999e-10,2.3213361000000005e-11,2.9381126447999998e-08,5.431818609999999e-10,2.9185178904359996e-06,4.473395269e-08,0.00012787524702819597,8.7235414005e-08,0.0018281708140227356,0.0007899253356395038,2.8493027999999997e-11,1.0420206191999998e-08,1.1785822049999999e-09,1.6301535588719998e-06,1.7627733651600002e-07,0.00011852557590387599,8.595397995981e-06,0.0036611719492584236,1.6179893348855996e-05,0.026720337925014184,1.623406068e-09,1.1970635219999998e-09,4.63903038648e-07,2.6667182897999997e-07,5.3788483200599996e-05,2.5700856631056005e-05,0.0030054461886941035,0.0008257999370646001,0.06570412637328338,0.03296224495732101,5.738983859999999e-10,5.025175947e-08,1.83067692462e-07,9.665339786424e-06,2.6403779993040003e-05,0.0009117401436681121,0.0016769082995235366,0.04214882108537158,0.03975503666476596,0.7792168374090561
284,439,0.0,0.0,0.0,0.0,0.0,0.0,0.0,0.0,0.0,0.0,0.0,0.0,0.0,0.0,0.0,0.0,0.0,0.0,0.0,0.0,0.0,0.0,0.0,0.0,0.0,0.0,0.0,0.0,0.0,0.0,0.0,0.0,0.0,0.0,0.0,0.0,0.0,0.0,0.0,0.0,0.0,0.0,0.0,0.0,0.0,0.0,0.0,0.0,0.0,0.0,0.0,0.0,0.0,0.0,0.0,0.0,0.0,0.0,0.0,0.0,0.0,0.0,0.0,0.0,0.0,0.0,0.0,0.0,0.0,0.0,0.0,0.0,0.0,0.0,0.0,1.0,0.0,0.0,0.0,0.0,0.0,0.0,0.0,0.0,0.0,0.0,0.0,0.0,0.0,0.0,0.0,0.0,0.0,0.0,0.0,0.0,0.0,0.0,0.0,0.0
285,440,0.0,0.0,0.0,0.0,0.0,0.0,0.0,0.0,0.0,0.0,0.0,0.0,0.0,0.0,0.0,0.0,0.0,0.0,0.0,0.0,0.0,0.0,0.0,0.0,0.0,0.0,0.0,0.0,0.0,0.0,0.0,0.0,0.0,0.0,0.0,0.0,0.0,0.0,0.0,0.0,0.0,0.0,0.0,0.0,0.0,0.0,0.0,0.0,0.0,0.0,0.0,0.0,0.0,0.0,0.0,0.0,0.0,0.0,0.0,0.0,0.0,0.0,0.0,0.0,0.0,0.01,0.0,0.0,0.0,0.0,0.0,0.0,0.0,0.0,0.97,0.0,0.01,0.0,0.0,0.0,0.0,0.0,0.0,0.0,0.0,0.01,0.0,0.0,0.0,0.0,0.0,0.0,0.0,0.0,0.0,0.0,0.0,0.0,0.0,0.0
286,442,0.0,0.0,0.0,0.0,0.0,0.0,0.0,0.0,0.0,0.0,0.0,0.0,0.0,0.0,0.0,0.0,0.0,0.0,0.0,0.0,0.0,0.0,0.0,0.0,0.0,0.0,0.0,0.0,0.0,0.0,0.0,0.0,0.0,0.0,0.0,0.0,0.0,0.0,0.0,0.0,0.0,0.0,0.0,0.0,0.0,1.0000000000000002e-06,0.0,0.0,0.0,0.0,0.0,0.0,0.0,0.0,9.9e-05,0.0,3.0000000000000005e-06,0.0,0.0,0.0,0.0,0.0,0.0,0.000195,0.0,0.000393,0.0,3.0000000000000005e-06,0.0,0.0,0.0,0.0,9.7e-05,0.0,0.019208999999999997,0.0,0.000489,0.0,1.0000000000000002e-06,0.0,0.0,0.0,0.0,0.018819000000000002,0.0,0.028616999999999997,0.0,0.000195,0.0,0.0,0.0,0.0,0.0,0.0,0.912867,0.009409,0.009602999999999999,0.0,0.0,0.0
287,445,0.0,0.0,0.0,0.0,0.0,0.0,0.0,0.0,0.0,0.0,0.0,0.0,0.0,0.0,0.0,1.0000000000000002e-12,0.0,0.0,0.0,0.0,0.0,0.0,0.0,0.0,1.02e-10,0.0,2.94e-10,0.0,0.0,0.0,0.0,0.0,0.0,4.949999999999999e-10,0.0,2.9795999999999998e-08,0.0,2.9103e-08,0.0,0.0,0.0,0.0,9.8e-10,0.0,1.35354e-07,0.0,2.9398979999999995e-06,0.0,9.98228e-07,0.0,0.0,9.75e-10,0.0,2.4933600000000003e-07,0.0,1.4207648999999997e-05,0.0,0.00010170674399999996,0.0,2.8229910000000003e-06,4.86e-10,0.0,2.29434e-07,0.0,2.6244203999999996e-05,9.409000000000002e-09,0.0007429268279999999,0.0,0.0003727119299999999,2.7662460000000003e-06,9.700000000000001e-11,1.0506000000000002e-07,0.0,2.2449153000000003e-05,9.410939999999999e-07,0.0014614575519999997,2.7476220000000004e-06,0.018367400000999998,9.409e-09,0.00045281811599999993,1.9110000000000007e-08,0.0,8.471418e-06,2.7856470000000003e-06,0.00109877502,0.000271205988,0.044318543723999994,0.00026838251099999997,0.026408449337999997,0.00017799946199999997,0.0,9.69615e-07,2.804564e-06,0.000282340344,0.000542431866,0.026860678881,0.026052507065999996,0.8344993326,0.008858460884,0.008769903374999999
288,447,0.0,0.0,0.0,0.0,1.0399999999999999e-14,0.0,4.880000000000001e-14,0.0,0.0,0.0,0.0,0.0,0.0,7e-14,0.0,5.036799999999999e-12,0.0,9.5548e-12,0.0,0.0,0.0,0.0,2.0720000000000002e-13,0.0,3.11264e-11,0.0,9.796064e-10,0.0,9.410456e-10,0.0,0.0,3.43e-13,0.0,8.37184e-11,0.0,5.6893072e-09,0.0,9.601551999999997e-08,0.0,4.7030934999999995e-08,3.4160000000000003e-13,0.0,1.24568e-10,0.0,1.4187651199999999e-08,9.409000000000002e-13,5.559227167999999e-07,0.0,4.797226519999998e-06,9.942753752e-07,2.0440000000000002e-13,1.100608e-10,0.0,1.9216036000000003e-08,9.599119999999999e-11,1.3303263423999997e-06,4.572968000000001e-10,3.1743010851999994e-05,2.7937202800000002e-08,0.00010572889932159994,5.0940800000000004e-11,6.596e-12,1.50226208e-08,4.677244000000001e-10,1.6499282960000002e-06,4.6111763199999994e-08,7.6045683176e-05,8.92735524e-08,0.0010673845827103997,0.00036217222159039985,1.5395200000000005e-11,6.522424000000002e-09,1.0229625000000001e-09,1.1070594496000002e-06,1.8124802240000002e-07,8.512887178600001e-05,8.8598355873e-06,0.0026981405974048,1.3106377624799999e-05,0.018236373634532795,1.2532448000000002e-09,1.1236878000000002e-09,3.7600788800000006e-07,2.73036448e-07,4.5572813096000004e-05,2.6402046068800002e-05,0.002627824054952,0.0008511493795368,0.05876703226575679,0.025621125362765392,5.770836e-10,4.9874924800000004e-08,1.85895512e-07,9.681768292e-06,2.69435223584e-05,0.0009216601590976001,0.0017196333659167998,0.043004392014052005,0.0409704218940588,0.802711602473148
289,448,0.0,0.0,0.0,0.0,0.0,0.0,0.0,0.0,0.0,0.0,0.0,0.0,0.0,0.0,0.0,0.0,0.0,0.0,0.0,0.0,0.0,0.0,0.0,0.0,0.0,0.0,0.0,0.0,0.0,0.0,0.0,0.0,0.0,0.0,0.0,0.0,0.0,0.0,0.0,0.0,0.0,0.0,0.0,0.0,0.0,0.0,0.0,0.0,0.0,0.0,0.0,0.0,0.0,0.0,0.0,0.0,0.0,0.0,0.0,0.0,0.0,0.0,0.0,0.0,0.0,0.0,0.0,0.0,0.0,0.0,0.0,0.0,0.0,0.0,0.0,0.0,0.0,0.0,0.0,0.0,0.0,0.0,0.0,0.0,0.0,1.0,0.0,0.0,0.0,0.0,0.0,0.0,0.0,0.0,0.0,0.0,0.0,0.0,0.0,0.0
290,454,0.0,0.0,0.0,0.0,0.0,0.0,0.0,0.0,0.0,0.0,0.0,0.0,0.0,0.0,0.0,0.0,0.0,0.0,0.0,0.0,0.0,0.0,0.0,0.0,0.0,0.0,0.0,0.0,0.0,0.0,0.0,0.0,0.0,0.0,0.0,0.0,0.0,0.0,0.0,0.0,0.0,0.0,0.0,0.0,0.0,0.0,0.0,0.0,0.0,0.0,0.0,0.0,0.0,0.0,0.0,0.0,0.0,0.0,0.0,0.0,0.0,0.0,0.0,0.0,0.0,0.0,0.0,0.0,0.0,0.0,0.0,0.0,0.0,0.0,0.0,0.0,0.0,0.0,0.0,0.0,0.0,0.0,0.0,0.0,0.0,0.0,0.0,0.0,0.0,0.0,0.0,0.0,0.0,0.0,0.0,1.0,0.0,0.0,0.0,0.0
291,455,0.0,0.0,0.0,0.0,0.0,0.0,0.0,0.0,0.0,0.0,0.0,0.0,0.0,0.0,0.0,0.0,0.0,0.0,0.0,0.0,0.0,0.0,0.0,0.0,0.0,0.0,0.0,0.0,0.0,0.0,0.0,0.0,0.0,0.0,0.0,0.0,0.0,0.0,0.0,0.0,0.0,0.0,0.0,0.0,0.0,0.0,0.0,0.0,0.0,0.0,0.0,0.0,0.0,0.0,0.0,0.0,0.0,0.0,0.0,0.0,0.0,0.0,0.0,0.0,0.0,0.0,0.0,0.0,0.0,0.0,0.0,0.0,0.0,0.0,0.0,0.0,0.0,0.0,0.0,0.0,0.0,0.0,0.0,0.0,0.0,0.01,0.0,0.0,0.0,0.0,0.0,0.0,0.0,0.0,0.01,0.01,0.97,0.0,0.0,0.0
292,456,0.0,0.0,0.0,0.0,0.0,0.0,0.0,0.0,0.0,0.0,0.0,0.0,0.0,0.0,0.0,0.0,0.0,0.0,0.0,0.0,0.0,0.0,0.0,0.0,0.0,0.0,0.0,0.0,0.0,0.0,0.0,0.0,0.0,0.0,0.0,0.0,0.0,0.0,0.0,0.0,0.0,0.0,0.0,0.0,0.0,0.0,0.0,0.0,0.0,0.0,0.0,0.0,0.0,0.0,0.0,0.0,0.0,0.0,0.0,0.0,0.0,0.0,0.0,0.0,0.0,0.0,0.0,0.0,0.0,0.0,0.0,0.0,0.0,0.0,0.0,0.0001,0.0,0.0,0.0,0.0,0.0,0.0,0.0,0.0,0.0002,0.0001,0.0194,0.0,0.0,0.0,0.0,0.0,0.0,0.0001,0.0002,0.0196,0.0194,0.9409,0.0,0.0
293,457,0.0,0.0,0.0,0.0,0.0,0.0,0.0,0.0,0.0,0.0,0.0,0.0,0.0,0.0,0.0,0.0,0.0,0.0,0.0,0.0,0.0,0.0,0.0,0.0,0.0,0.0,0.0,0.0,0.0,0.0,0.0,0.0,0.0,0.0,0.0,0.0,0.0,0.0,0.0,0.0,0.0,0.0,0.0,0.0,0.0,0.0,0.0,0.0,0.0,0.0,0.0,0.0,0.0,0.0,0.0,0.0,0.0,0.0,0.0,0.0,0.0,0.0,0.0,0.0,0.0,1.0000000000000002e-06,0.0,0.0,0.0,0.0,0.0,0.0,0.0,0.0,3.0000000000000005e-06,1.0000000000000002e-06,0.000291,0.0,0.0,0.0,0.0,0.0,0.0,3.0000000000000005e-06,3.0000000000000005e-06,0.000585,0.000291,0.028227000000000002,0.0,0.0,0.0,0.0,1.0000000000000002e-06,3.0000000000000005e-06,0.00029699999999999996,0.000585,0.028808999999999994,0.028227000000000002,0.912673,0.0
294,458,0.0,0.0,0.0,0.0,0.0,0.0,0.0,0.0,0.0,0.0,0.0,0.0,0.0,0.0,0.0,0.0,0.0,0.0,0.0,0.0,0.0,0.0,0.0,0.0,0.0,0.0,0.0,0.0,0.0,0.0,0.0,0.0,0.0,0.0,0.0,0.0,0.0,0.0,0.0,0.0,0.0,0.0,0.0,0.0,0.0,0.0,0.0,0.0,0.0,0.0,0.0,0.0,0.0,0.0,0.0,1.0000000000000002e-08,0.0,0.0,0.0,0.0,0.0,0.0,0.0,0.0,4.000000000000001e-08,1.0000000000000002e-08,3.88e-06,0.0,0.0,0.0,0.0,0.0,0.0,6.000000000000001e-08,4.000000000000001e-08,1.1680000000000002e-05,3.88e-06,0.0005645400000000001,0.0,0.0,0.0,0.0,4.000000000000001e-08,6.000000000000001e-08,1.176e-05,1.1680000000000002e-05,0.00114072,0.0005645400000000001,0.03650692,0.0,0.0,1.0000000000000002e-08,4.000000000000001e-08,3.999999999999999e-06,1.176e-05,0.0005878799999999998,0.00114072,0.037635999999999996,0.03650692,0.8852928099999999
295,459,0.0,0.0,0.0,0.0,0.0,0.0,1.0,0.0,0.0,0.0,0.0,0.0,0.0,0.0,0.0,0.0,0.0,0.0,0.0,0.0,0.0,0.0,0.0,0.0,0.0,0.0,0.0,0.0,0.0,0.0,0.0,0.0,0.0,0.0,0.0,0.0,0.0,0.0,0.0,0.0,0.0,0.0,0.0,0.0,0.0,0.0,0.0,0.0,0.0,0.0,0.0,0.0,0.0,0.0,0.0,0.0,0.0,0.0,0.0,0.0,0.0,0.0,0.0,0.0,0.0,0.0,0.0,0.0,0.0,0.0,0.0,0.0,0.0,0.0,0.0,0.0,0.0,0.0,0.0,0.0,0.0,0.0,0.0,0.0,0.0,0.0,0.0,0.0,0.0,0.0,0.0,0.0,0.0,0.0,0.0,0.0,0.0,0.0,0.0,0.0
296,461,0.0,0.0,0.0,0.0,0.9409,0.0194,0.0196,0.0002,0.0001,0.0,0.0,0.0,0.0,0.0,0.0,0.0194,0.0001,0.0002,0.0,0.0,0.0,0.0,0.0,0.0,0.0,0.0,0.0001,0.0,0.0,0.0,0.0,0.0,0.0,0.0,0.0,0.0,0.0,0.0,0.0,0.0,0.0,0.0,0.0,0.0,0.0,0.0,0.0,0.0,0.0,0.0,0.0,0.0,0.0,0.0,0.0,0.0,0.0,0.0,0.0,0.0,0.0,0.0,0.0,0.0,0.0,0.0,0.0,0.0,0.0,0.0,0.0,0.0,0.0,0.0,0.0,0.0,0.0,0.0,0.0,0.0,0.0,0.0,0.0,0.0,0.0,0.0,0.0,0.0,0.0,0.0,0.0,0.0,0.0,0.0,0.0,0.0,0.0,0.0,0.0,0.0
297,462,0.0,0.0,0.0,0.912673,0.028227000000000002,0.028808999999999994,0.000585,0.00029699999999999996,3.0000000000000005e-06,1.0000000000000002e-06,0.0,0.0,0.0,0.0,0.028227000000000002,0.000291,0.000585,3.0000000000000005e-06,3.0000000000000005e-06,0.0,0.0,0.0,0.0,0.0,0.0,0.000291,1.0000000000000002e-06,3.0000000000000005e-06,0.0,0.0,0.0,0.0,0.0,0.0,0.0,0.0,1.0000000000000002e-06,0.0,0.0,0.0,0.0,0.0,0.0,0.0,0.0,0.0,0.0,0.0,0.0,0.0,0.0,0.0,0.0,0.0,0.0,0.0,0.0,0.0,0.0,0.0,0.0,0.0,0.0,0.0,0.0,0.0,0.0,0.0,0.0,0.0,0.0,0.0,0.0,0.0,0.0,0.0,0.0,0.0,0.0,0.0,0.0,0.0,0.0,0.0,0.0,0.0,0.0,0.0,0.0,0.0,0.0,0.0,0.0,0.0,0.0,0.0,0.0,0.0,0.0,0.0
298,463,0.0,0.0,0.8852928099999999,0.03650692,0.037635999999999996,0.00114072,0.0005878799999999998,1.1760000000000001e-05,3.999999999999999e-06,5.000000000000001e-08,0.0,0.0,0.0,0.03650692,0.0005645400000000001,0.00114072,1.1680000000000002e-05,1.1760000000000001e-05,6.000000000000001e-08,4.000000000000001e-08,0.0,0.0,0.0,0.0,0.0005645400000000001,3.88e-06,1.1680000000000002e-05,4.000000000000001e-08,6.000000000000001e-08,0.0,0.0,0.0,0.0,0.0,0.0,3.88e-06,1.0000000000000002e-08,4.000000000000001e-08,0.0,0.0,0.0,0.0,0.0,0.0,0.0,0.0,1.0000000000000002e-08,0.0,0.0,0.0,0.0,0.0,0.0,0.0,0.0,0.0,0.0,0.0,0.0,0.0,0.0,0.0,0.0,0.0,0.0,0.0,0.0,0.0,0.0,0.0,0.0,0.0,0.0,0.0,0.0,0.0,0.0,0.0,0.0,0.0,0.0,0.0,0.0,0.0,0.0,0.0,0.0,0.0,0.0,0.0,0.0,0.0,0.0,0.0,0.0,0.0,0.0,0.0,0.0,0.0
299,464,0.0,0.8587340256999999,0.044264640499999994,0.04608998649999999,0.0018535729999999999,0.0009694179999999998,2.8809999999999997e-05,9.994e-06,2.067e-07,4.139999999999998e-08,0.0,0.0,0.044264640499999994,0.0009126730000000001,0.0018535729999999999,2.8421e-05,2.8809999999999997e-05,2.9300000000000004e-07,1.9699999999999998e-07,1.5000000000000002e-09,0.0,0.0,0.0,0.0009126730000000001,9.409000000000001e-06,2.8421e-05,1.9450000000000003e-07,2.9300000000000004e-07,1.0000000000000003e-09,1.0000000000000003e-09,0.0,0.0,0.0,0.0,9.409000000000001e-06,4.8500000000000004e-08,1.9450000000000003e-07,5.000000000000001e-10,1.0000000000000003e-09,0.0,0.0,0.0,0.0,0.0,0.0,4.8500000000000004e-08,1.0000000000000002e-10,5.000000000000001e-10,0.0,0.0,0.0,0.0,0.0,0.0,0.0,0.0,1.0000000000000002e-10,0.0,0.0,0.0,0.0,0.0,0.0,0.0,0.0,0.0,0.0,0.0,0.0,0.0,0.0,0.0,0.0,0.0,0.0,0.0,0.0,0.0,0.0,0.0,0.0,0.0,0.0,0.0,0.0,0.0,0.0,0.0,0.0,0.0,0.0,0.0,0.0,0.0,0.0,0.0,0.0,0.0,0.0,0.0
300,466,0.00026204667176,0.008609655111849999,0.00062840556339,0.00056550002937,3.275147295e-05,1.5062815449999996e-05,6.780036199999999e-07,2.0854927999999998e-07,7.037920000000001e-09,1.5236399999999997e-09,0.016663866562629998,0.00918854534229,0.018850907695230002,0.0013596593256499998,0.0009718806409499998,4.657185854999999e-05,2.0035865049999992e-05,6.684899799999998e-07,2.0349299999999998e-07,5.29352e-09,0.0,0.8088416700741299,0.04166630704354999,0.04427865475444999,0.00176246850485,0.0009492939001499997,2.7669143609999996e-05,9.97471455e-06,2.0023658e-07,4.285335999999997e-08,0.0,0.0,0.04166630704354999,0.0008589165651500002,0.00176246850485,2.692857747e-05,2.7669143609999996e-05,2.7949107000000004e-07,1.9110005000000003e-07,1.4503e-09,0.0,0.0,0.0,0.0008589165651500002,8.85386901e-06,2.692857747e-05,1.8395761000000003e-07,2.7949107000000004e-07,9.5061e-10,9.6035e-10,0.0,0.0,0.0,0.0,8.85386901e-06,4.563559e-08,1.8395761000000003e-07,4.723900000000002e-10,9.5061e-10,0.0,0.0,0.0,0.0,0.0,0.0,4.563559e-08,9.409000000000001e-11,4.723900000000002e-10,0.0,0.0,0.0,0.0,0.0,0.0,0.0,0.0,9.409000000000001e-11,0.0,0.0,0.0,0.0,0.0,0.0,0.0,0.0,0.0,0.0,0.0,0.0,0.0,0.0,0.0,0.0,0.0,0.0,0.0,0.0,0.0,0.0,0.0
301,470,0.0,0.0,0.0,0.0,0.0,0.0,0.0,0.0,0.0,0.0,0.0,0.0,0.0,0.0,0.0,0.0,1.0,0.0,0.0,0.0,0.0,0.0,0.0,0.0,0.0,0.0,0.0,0.0,0.0,0.0,0.0,0.0,0.0,0.0,0.0,0.0,0.0,0.0,0.0,0.0,0.0,0.0,0.0,0.0,0.0,0.0,0.0,0.0,0.0,0.0,0.0,0.0,0.0,0.0,0.0,0.0,0.0,0.0,0.0,0.0,0.0,0.0,0.0,0.0,0.0,0.0,0.0,0.0,0.0,0.0,0.0,0.0,0.0,0.0,0.0,0.0,0.0,0.0,0.0,0.0,0.0,0.0,0.0,0.0,0.0,0.0,0.0,0.0,0.0,0.0,0.0,0.0,0.0,0.0,0.0,0.0,0.0,0.0,0.0,0.0
302,471,0.0,0.0,0.0,0.0,0.0,0.0,0.97,0.0,0.0,0.0,0.0,0.0,0.0,0.0,0.0,0.01,0.0,0.01,0.0,0.0,0.0,0.0,0.0,0.0,0.0,0.0,0.01,0.0,0.0,0.0,0.0,0.0,0.0,0.0,0.0,0.0,0.0,0.0,0.0,0.0,0.0,0.0,0.0,0.0,0.0,0.0,0.0,0.0,0.0,0.0,0.0,0.0,0.0,0.0,0.0,0.0,0.0,0.0,0.0,0.0,0.0,0.0,0.0,0.0,0.0,0.0,0.0,0.0,0.0,0.0,0.0,0.0,0.0,0.0,0.0,0.0,0.0,0.0,0.0,0.0,0.0,0.0,0.0,0.0,0.0,0.0,0.0,0.0,0.0,0.0,0.0,0.0,0.0,0.0,0.0,0.0,0.0,0.0,0.0,0.0
303,472,0.0,0.0,0.0,0.0,0.0,0.941,0.0097,0.0098,0.0,0.0,0.0,0.0,0.0,0.0,0.0097,0.0,0.0196,0.0,0.0001,0.0,0.0,0.0,0.0,0.0,0.0,0.0098,0.0,0.0002,0.0,0.0,0.0,0.0,0.0,0.0,0.0,0.0,0.0001,0.0,0.0,0.0,0.0,0.0,0.0,0.0,0.0,0.0,0.0,0.0,0.0,0.0,0.0,0.0,0.0,0.0,0.0,0.0,0.0,0.0,0.0,0.0,0.0,0.0,0.0,0.0,0.0,0.0,0.0,0.0,0.0,0.0,0.0,0.0,0.0,0.0,0.0,0.0,0.0,0.0,0.0,0.0,0.0,0.0,0.0,0.0,0.0,0.0,0.0,0.0,0.0,0.0,0.0,0.0,0.0,0.0,0.0,0.0,0.0,0.0,0.0,0.0
304,473,0.0,0.0,0.0,0.0,0.912867,0.018819000000000002,0.019208999999999997,0.000195,9.9e-05,0.0,0.0,0.0,0.0,0.009409,0.0,0.028616999999999997,9.7e-05,0.00039299999999999996,0.0,1.0000000000000002e-06,0.0,0.0,0.0,0.0,0.009602999999999999,0.0,0.000489,0.0,3.0000000000000005e-06,0.0,0.0,0.0,0.0,0.0,0.0,0.000195,0.0,3.0000000000000005e-06,0.0,0.0,0.0,0.0,0.0,0.0,0.0,0.0,1.0000000000000002e-06,0.0,0.0,0.0,0.0,0.0,0.0,0.0,0.0,0.0,0.0,0.0,0.0,0.0,0.0,0.0,0.0,0.0,0.0,0.0,0.0,0.0,0.0,0.0,0.0,0.0,0.0,0.0,0.0,0.0,0.0,0.0,0.0,0.0,0.0,0.0,0.0,0.0,0.0,0.0,0.0,0.0,0.0,0.0,0.0,0.0,0.0,0.0,0.0,0.0,0.0,0.0,0.0,0.0
305,474,0.0,0.0,0.0,0.88557508,0.0273831,0.02823576,0.0005704,0.000294,2.94e-06,1e-06,0.0,0.0,0.00912673,0.0,0.03707728,0.00028228000000000004,0.00086436,2.92e-06,5.919999999999999e-06,1.0000000000000002e-08,0.0,0.0,0.0,0.009408999999999999,0.0,0.0008584799999999999,9.7e-07,1.1760000000000001e-05,0.0,4.000000000000001e-08,0.0,0.0,0.0,0.0,0.00028518,0.0,9.76e-06,0.0,6.000000000000001e-08,0.0,0.0,0.0,0.0,0.0,0.0,2.92e-06,0.0,4.000000000000001e-08,0.0,0.0,0.0,0.0,0.0,0.0,0.0,0.0,1.0000000000000002e-08,0.0,0.0,0.0,0.0,0.0,0.0,0.0,0.0,0.0,0.0,0.0,0.0,0.0,0.0,0.0,0.0,0.0,0.0,0.0,0.0,0.0,0.0,0.0,0.0,0.0,0.0,0.0,0.0,0.0,0.0,0.0,0.0,0.0,0.0,0.0,0.0,0.0,0.0,0.0,0.0,0.0,0.0,0.0
306,475,0.0,0.0,0.8590990948999999,0.0354173578,0.0368890418,0.0011122994,0.0005818852,1.1524999999999999e-05,3.998599999999999e-06,4.95e-08,0.0,0.008852928099999999,0.0,0.0450060697,0.0005476426000000001,0.0015001443999999998,1.13689e-05,1.74436e-05,6.83e-08,6.97e-08,0.0,0.0,0.0092179973,0.0,0.0013004401999999998,3.7637e-06,2.87332e-05,3.89e-08,2.162e-07,5.000000000000001e-10,0.0,0.0,0.0,0.00037071459999999995,0.0,2.0933e-05,9.700000000000001e-09,2.738e-07,0.0,1.0000000000000003e-09,0.0,0.0,0.0,0.0,5.6842e-06,0.0,1.657e-07,0.0,1.0000000000000003e-09,0.0,0.0,0.0,0.0,0.0,0.0,3.89e-08,0.0,5.000000000000001e-10,0.0,0.0,0.0,0.0,0.0,0.0,0.0,0.0,1.0000000000000002e-10,0.0,0.0,0.0,0.0,0.0,0.0,0.0,0.0,0.0,0.0,0.0,0.0,0.0,0.0,0.0,0.0,0.0,0.0,0.0,0.0,0.0,0.0,0.0,0.0,0.0,0.0,0.0,0.0,0.0,0.0,0.0,0.0,0.0
307,476,0.0,0.833414651334,0.04294582801499999,0.04517759577,0.0018074708400000002,0.0009594435,2.8234785e-05,9.98718e-06,2.0393399999999998e-07,4.167299999999999e-08,0.008587340256999998,0.0,0.05242758781199999,0.0008853869,0.002287095585,2.7664890000000003e-05,3.802792e-05,2.95579e-07,2.84193e-07,1.88e-09,0.0,0.009029986661999998,0.0,0.0018073748099999996,9.127215e-06,5.608638e-05,1.89156e-07,6.7422e-07,1.557e-09,2.874e-09,0.0,0.0,0.00045177313499999993,0.0,3.707339999999999e-05,4.7046e-08,7.63905e-07,4.86e-10,5.879999999999999e-09,1.5000000000000003e-11,0.0,0.0,0.0,9.22082e-06,0.0,4.2729e-07,9.700000000000001e-11,5.37e-09,0.0,2.0000000000000005e-11,0.0,0.0,0.0,0.0,9.4575e-08,0.0,2.5320000000000004e-09,0.0,1.5000000000000003e-11,0.0,0.0,0.0,0.0,0.0,0.0,4.86e-10,0.0,6.000000000000002e-12,0.0,0.0,0.0,0.0,0.0,0.0,0.0,0.0,1.0000000000000002e-12,0.0,0.0,0.0,0.0,0.0,0.0,0.0,0.0,0.0,0.0,0.0,0.0,0.0,0.0,0.0,0.0,0.0,0.0,0.0,0.0,0.0,0.0,0.0
308,478,0.00025689518027879996,0.0083603594228,0.0006107773128159998,0.0005553762398048002,3.2011755172e-05,1.4953734248000002e-05,6.664152647999999e-07,2.0926746359999997e-07,6.960823199999999e-09,1.5426527999999997e-09,0.016343604861030397,0.0089182184541465,0.0184921449398704,0.0013237948519279998,0.0009630410636032001,4.55519591457e-05,2.00663463268e-05,6.571850112e-07,2.0604707759999998e-07,5.264716799999999e-09,0.00016749739965199996,0.7855207938753824,0.04042490699789499,0.043605496562864,0.0017185414398208,0.0009491354932879999,2.7113172155999996e-05,1.0159170785599998e-05,1.9770202559999996e-07,4.4885030999999995e-08,0.008255055366367597,0.0,0.049548222489817585,0.0008332376068856001,0.0021888532144359995,2.6211554768000002e-05,3.69003928192e-05,2.818243644e-07,2.807255368e-07,1.8557879999999998e-09,0.0,0.008505079771176798,0.0,0.0017102233712239995,8.588709295599998e-06,5.3515035631999994e-05,1.7890090239999996e-07,6.4945592e-07,1.4747124e-09,2.8194415999999988e-09,0.0,0.0,0.0004252522360869999,0.0,3.507138941439999e-05,4.42674632e-08,7.272110032000001e-07,4.591592e-10,5.637606399999999e-09,1.4503000000000003e-11,0.0,0.0,0.0,8.6777043416e-06,0.0,4.0393056319999996e-07,9.12673e-11,5.1022112e-09,0.0,1.9109600000000007e-11,0.0,0.0,0.0,0.0,8.899504599999999e-08,0.0,2.3919232e-09,0.0,1.4230000000000002e-11,0.0,0.0,0.0,0.0,0.0,0.0,4.572968e-10,0.0,5.6648000000000015e-12,0.0,0.0,0.0,0.0,0.0,0.0,0.0,0.0,9.409000000000002e-13,0.0,0.0,0.0
309,479,0.00025217754644387997,0.000181462503700413,0.00028018657915291197,2.5219601597207997e-05,1.565382792828e-05,9.318386383050001e-07,3.58957633032e-07,1.5398285628e-08,4.238180171999999e-09,1.53108456e-10,0.0005034815320187248,0.016313114076878833,0.0010991231964712148,0.001169321778274032,6.1930285025785e-05,3.382755125274e-05,1.379645969985e-06,5.073050815919999e-07,1.535351604e-08,4.058341469999999e-09,0.023792730181613504,0.009056595944497576,0.026724125720954926,0.0017138478668161739,0.001401584684400984,6.190406203877701e-05,2.9426306505923994e-05,9.13396446324e-07,3.0471347880599997e-07,7.551203742e-09,0.0002450230313261159,0.7626182536353946,0.039220492164026996,0.04283180465673286,0.001675665575335668,0.000943454114918232,2.6566499791668e-05,1.0232701404791998e-05,1.9462251347999995e-07,4.639248773399999e-08,0.008092454503088337,0.0,0.048168181368907936,0.0008083263657719881,0.0021411757159656235,2.5513326901572002e-05,3.6342298060176e-05,2.75177981208e-07,2.7888290037600005e-07,1.8432009299999998e-09,0.0,0.008254179900402364,0.0,0.0016636066833857095,8.331490691363998e-06,5.2271609872847985e-05,1.7398205422499994e-07,6.37351750608e-07,1.43520765e-09,2.7915705419999987e-09,0.0,0.0,0.0004125814460478059,0.0,3.411095403147599e-05,4.2940351977e-08,7.095089200800001e-07,4.4629709699999997e-10,5.519833715999998e-09,1.4259006000000004e-11,0.0,0.0,0.0,8.418263161812e-06,0.0,3.9273108896399996e-07,8.8529281e-11,4.973263044e-09,0.0,1.8678612000000007e-11,0.0,0.0,0.0,0.0,8.6329767588e-08,0.0,2.324804529e-09,0.0,1.3859748000000001e-11,0.0,0.0,0.0,0.0,0.0,0.0,4.4358730499999995e-10,9.126730000000001e-13,5.504265000000001e-12,0.0,0.0
310,480,1.1892991286068978e-05,0.0001702694070617604,1.5859918809217476e-05,1.4903817869524321e-05,1.03735553189578e-06,5.077217545235701e-07,2.6858405269500004e-08,8.858991804239998e-09,3.5143090296e-10,8.602738553999997e-11,0.0006507054779556742,0.00028261063531927574,0.0007138465975394025,5.321202703242349e-05,4.123155322970916e-05,2.15602340950132e-06,9.858005324435998e-07,3.802029638265e-08,1.2271803785519998e-08,4.1814581483999997e-10,0.000819320577632535,0.0239550717499521,0.0015660588603304858,0.001843817275546699,9.458655151691763e-05,5.65573757734092e-05,2.23209617365314e-06,8.917231430394597e-07,2.6048612194259998e-08,7.523162928719998e-09,0.03078850558786319,0.00917955321811618,0.034458584345936634,0.0020794772718630353,0.0018187014887451215,7.732439419790279e-05,3.844380845457828e-05,1.15635755579784e-06,4.0115184237083994e-07,9.753249651179999e-09,0.00031859688541721577,0.7403848541840568,0.0380519606627639,0.042066580154713464,0.001633817319909247,0.0009374483877096715,2.6029129667288006e-05,1.0298305689759837e-05,1.9156840197347992e-07,4.783588982045998e-08,0.00793222266699971,0.0,0.04682643960813906,0.000784159889705742,0.0020944403369595552,2.4833411225500505e-05,3.578821382380608e-05,2.6868127736148e-07,2.7697304491338e-07,1.8303152740799997e-09,0.0,0.008010680317850773,0.0,0.0016182495895165493,8.081975374142848e-06,5.1055593517067746e-05,1.6919734438179995e-07,6.2543121825816e-07,1.39675698153e-09,2.7633511390799986e-09,0.0,0.0,0.00040028818529798984,0.0,3.317659865071535e-05,4.1653026710499995e-08,6.922239440429701e-07,4.337934769e-10,5.404296718559998e-09,1.4018021940000004e-11,0.0,0.0,0.0,8.166578564633518e-06,0.0,3.8184013788929995e-07,8.58825293e-11,4.8475068381e-09,0.0,1.8256851120000007e-11,0.0,0.0,0.0,0.0,8.374431043340999e-08,4.302888125799999e-10,2.2604366016399996e-09,5.3482637800000005e-12,1.3498998210000002e-11,0.0
311,481,0.0,0.0,0.0,0.0,0.0,0.0,0.0,0.0,0.0,0.0,0.0,0.0,0.0,0.0,0.0,0.0,0.0,0.0,0.0,0.0,0.0,0.0,0.0,0.0,0.0,0.0,0.0,0.0,0.0,0.0,0.0,0.0,0.0,0.0,0.0,0.0,1.0,0.0,0.0,0.0,0.0,0.0,0.0,0.0,0.0,0.0,0.0,0.0,0.0,0.0,0.0,0.0,0.0,0.0,0.0,0.0,0.0,0.0,0.0,0.0,0.0,0.0,0.0,0.0,0.0,0.0,0.0,0.0,0.0,0.0,0.0,0.0,0.0,0.0,0.0,0.0,0.0,0.0,0.0,0.0,0.0,0.0,0.0,0.0,0.0,0.0,0.0,0.0,0.0,0.0,0.0,0.0,0.0,0.0,0.0,0.0,0.0,0.0,0.0,0.0
312,482,0.0,0.0,0.0,0.0,0.0,0.0,0.0,0.0,0.0,0.0,0.0,0.0,0.0,0.0,0.0,0.0,0.0,0.0,0.0,0.0,0.0,0.0,0.0,0.0,0.0,0.0,0.0,0.0,0.0,0.0,0.0,0.0,0.0,0.0,0.0,0.0,0.0,0.0,0.0,0.0,0.0,0.0,0.0,0.0,0.0,0.0,0.0,0.0,0.0,0.0,0.0,0.0,0.0,0.0,0.0,0.0,1.0,0.0,0.0,0.0,0.0,0.0,0.0,0.0,0.0,0.0,0.0,0.0,0.0,0.0,0.0,0.0,0.0,0.0,0.0,0.0,0.0,0.0,0.0,0.0,0.0,0.0,0.0,0.0,0.0,0.0,0.0,0.0,0.0,0.0,0.0,0.0,0.0,0.0,0.0,0.0,0.0,0.0,0.0,0.0
313,483,0.0,0.0,0.0,0.0,0.0,0.0,0.0,0.0,0.0,0.0,0.0,0.0,0.0,0.0,0.0,0.0,0.0,0.0,0.0,0.0,0.0,0.0,0.0,0.0,0.0,0.0,0.0,0.0,0.0,0.0,0.0,0.0,0.0,0.0,0.0,0.0,0.0,0.0,0.0,0.0,0.0,0.0,0.0,0.0,0.0,0.0,0.01,0.0,0.0,0.0,0.0,0.0,0.0,0.0,0.0,0.01,0.0,0.01,0.0,0.0,0.0,0.0,0.0,0.0,0.0,0.0,0.97,0.0,0.0,0.0,0.0,0.0,0.0,0.0,0.0,0.0,0.0,0.0,0.0,0.0,0.0,0.0,0.0,0.0,0.0,0.0,0.0,0.0,0.0,0.0,0.0,0.0,0.0,0.0,0.0,0.0,0.0,0.0,0.0,0.0
314,484,0.0,0.0,0.0,0.0,0.0,0.0,0.0,0.0,0.0,0.0,0.0,0.0,0.0,0.0,0.0,0.0,0.0,0.0,0.0,0.0,0.0,0.0,0.0,0.0,0.0,0.0,0.0,0.0,0.0,0.0,0.0,0.0,0.0,0.0,0.0,0.0,0.0001,0.0,0.0,0.0,0.0,0.0,0.0,0.0,0.0,0.0098,0.0,0.0002,0.0,0.0,0.0,0.0,0.0,0.0,0.0097,0.0,0.0196,0.0,0.0001,0.0,0.0,0.0,0.0,0.0,0.0,0.941,0.0,0.0098,0.0,0.0,0.0,0.0,0.0,0.0,0.0,0.0,0.0097,0.0,0.0,0.0,0.0,0.0,0.0,0.0,0.0,0.0,0.0,0.0,0.0,0.0,0.0,0.0,0.0,0.0,0.0,0.0,0.0,0.0,0.0,0.0
315,485,0.0,0.0,0.0,0.0,0.0,0.0,0.0,0.0,0.0,0.0,0.0,0.0,0.0,0.0,0.0,0.0,0.0,0.0,0.0,0.0,0.0,0.0,0.0,0.0,0.0,0.0,1.0000000000000002e-06,0.0,0.0,0.0,0.0,0.0,0.0,0.0,0.0,9.9e-05,0.0,3.0000000000000005e-06,0.0,0.0,0.0,0.0,0.0,0.0,0.000195,0.0,0.000393,0.0,3.0000000000000005e-06,0.0,0.0,0.0,0.0,9.7e-05,0.0,0.019208999999999997,0.0,0.000489,0.0,1.0000000000000002e-06,0.0,0.0,0.0,0.0,0.018819000000000002,0.0,0.028616999999999997,0.0,0.000195,0.0,0.0,0.0,0.0,0.0,0.0,0.912867,0.0,0.009602999999999999,0.0,0.0,0.0,0.0,0.0,0.0,0.0,0.0,0.009409,0.0,0.0,0.0,0.0,0.0,0.0,0.0,0.0,0.0,0.0,0.0,0.0,0.0
316,486,0.0,0.0,0.0,0.0,0.0,0.0,0.0,0.0,0.0,0.0,0.0,0.0,0.0,0.0,0.0,0.0,1.0000000000000002e-08,0.0,0.0,0.0,0.0,0.0,0.0,0.0,0.0,1.96e-06,0.0,4.000000000000001e-08,0.0,0.0,0.0,0.0,0.0,0.0,9.797999999999998e-05,0.0,7.840000000000001e-06,0.0,6.000000000000001e-08,0.0,0.0,0.0,0.0,0.00019012,0.0,0.00057624,0.0,1.1760000000000001e-05,0.0,4.000000000000001e-08,0.0,0.0,9.409e-05,0.0,0.018823839999999998,0.0,0.0009565199999999999,0.0,7.84e-06,1.0000000000000002e-08,0.0,0.0,0.0,0.0182554,0.0,0.03726744,0.0,0.00057624,0.0,1.96e-06,0.0,0.0,0.0,0.0,0.88566918,0.0,0.01882384,0.0,9.797999999999998e-05,0.0,0.0,0.0,0.0,0.0,0.0,0.018255399999999998,0.0,0.00019012,0.0,0.0,0.0,0.0,0.0,0.0,0.0,0.0,9.409000000000002e-05,0.0,0.0,0.0
317,487,0.0,0.0,0.0,0.0,0.0,0.0,1.0000000000000002e-10,0.0,0.0,0.0,0.0,0.0,0.0,0.0,0.0,1.97e-08,0.0,5.000000000000001e-10,0.0,0.0,0.0,0.0,0.0,0.0,9.994e-07,0.0,1.0810000000000002e-07,0.0,1.0000000000000003e-09,0.0,0.0,0.0,0.0,2.881e-06,0.0,8.7218e-06,0.0,2.354e-07,0.0,1.0000000000000003e-09,0.0,0.0,2.8421000000000003e-06,0.0,0.00029094259999999997,0.0,2.305e-05,0.0,2.546e-07,5.000000000000001e-10,0.0,9.409000000000001e-07,0.0,0.0005561497,0.0,0.0011294308,0.0,2.68132e-05,1.0000000000000002e-10,1.369e-07,0.0,0.0,0.00027382130000000004,0.0,0.027671045,0.0,0.0014944995999999998,0.0,1.43666e-05,2.93e-08,0.0,0.0,0.0,0.0265644298,0.0,0.045376901,0.0,0.0007500721999999999,0.0,2.881e-06,0.0,0.0,0.0,0.0,0.8592816585999999,0.0,0.018444520900000004,0.0,9.694179999999997e-05,0.0,0.0,0.0,0.0,0.0,0.0,0.017708678899999997,9.126730000000001e-05,0.0001853573,0.0,0.0
318,488,0.0,0.0,0.0,0.0,0.0,1.9800000000000001e-10,1.0000000000000002e-12,6.000000000000002e-12,0.0,0.0,0.0,0.0,0.0,0.0,1.0191e-08,0.0,1.3800000000000004e-09,0.0,1.5000000000000003e-11,0.0,0.0,0.0,0.0,3.8804e-08,0.0,1.1740200000000001e-07,0.0,3.93e-09,0.0,2.0000000000000005e-11,0.0,0.0,5.7231000000000005e-08,0.0,3.994872e-06,0.0,4.2492900000000006e-07,0.0,5.88e-09,1.5000000000000003e-11,0.0,3.783e-08,0.0,1.1293914000000002e-05,0.0,2.289438e-05,0.0,7.29516e-07,6.000000000000002e-12,4.8899999999999995e-09,9.409e-09,0.0,1.1065956000000002e-05,0.0,0.000575780577,0.0,4.8865936e-05,1.0000000000000002e-12,6.60129e-07,2.148e-09,0.0,3.6508860000000005e-06,0.0,0.00108455817,0.0,0.0018409723319999997,0.0,4.8598188e-05,3.9000000000000005e-10,3.05562e-07,0.0,0.0,0.000531250959,0.0,0.036153143543999997,0.0,0.0020953795529999996,0.0,2.2434552e-05,5.7231000000000005e-08,0.0,0.0,0.0,0.034360313492,0.0,0.052969942554,9.126730000000002e-07,0.000914838234,0.0,3.7639879999999995e-06,0.0,0.0,0.0,0.0,0.8336802956309999,0.017178331205999996,0.018158654916000008,0.000180709254,9.588711899999996e-05,0.0
319,489,0.0,0.0,0.0,0.0,1.0389e-10,1.9900000000000002e-12,2.0593e-10,1.03e-12,5.9700000000000014e-12,0.0,0.0,0.0,0.0,4.8995e-10,0.0,1.1075069999999999e-08,1.0000000000000002e-14,1.3781100000000005e-09,0.0,1.4750000000000004e-11,0.0,0.0,9.6035e-10,0.0,7.886453e-08,0.0,1.1818233e-07,0.0,3.87125e-09,1.9550000000000006e-11,0.0,9.5061e-10,0.0,2.0878997000000003e-07,0.0,4.10939295e-06,0.0,4.1957439000000003e-07,2.1000000000000006e-13,5.76725e-09,4.723900000000001e-10,0.0,2.6086611000000006e-07,0.0,1.6981794870000006e-05,0.0,2.270775241e-05,7.000000000000003e-14,7.143395099999999e-07,4.770749999999999e-09,9.409000000000001e-11,1.5667345000000006e-07,0.0,2.745030393e-05,0.0,0.0005776344861699999,1.0000000000000002e-14,4.789983625e-05,2.6410000000000002e-11,6.4551321e-07,3.660295000000001e-08,0.0,1.981011027e-05,0.0,0.0014377203894300002,0.0,0.0018076715988099997,3.910000000000001e-12,4.7374244789999994e-05,2.9736723e-07,0.0,5.34901845e-06,0.0,0.0012312935822900001,0.0,0.03563761218207,9.126730000000001e-09,0.0020423768761499996,5.7621e-10,2.1857725009999997e-05,0.0,0.0,0.00034891564451000005,0.0,0.04255753790453,0.00017179243878999998,0.051592533004409996,2.6923853500000003e-06,0.0008886139435700001,3.65164067e-06,0.0,0.0,0.0,0.00868040609123,0.008508586268369998,0.8095529560488299,0.016846384038249996,0.01762580961459001,0.00017624684757,9.304814530999996e-05
320,490,0.0,0.0,0.0,5.938400000000001e-12,1.0588e-12,2.136032e-10,4e-12,2.1360320000000003e-10,1.0588e-12,5.9384000000000014e-12,0.0,0.0,1.4503000000000002e-11,0.0,1.3756864000000001e-09,2.0000000000000003e-14,1.19404816e-08,2.0000000000000003e-14,1.3756864000000005e-09,1.4503000000000003e-11,0.0,1.91096e-11,0.0,3.812984000000001e-09,0.0,1.188850976e-07,0.0,1.1888509759999999e-07,1.9760000000000009e-13,3.831896e-09,1.4230000000000002e-11,0.0,5.628256000000001e-09,0.0,4.1422679440000013e-07,0.0,4.2185662528e-06,2.800000000000001e-15,4.142269384e-07,5.642339200000001e-09,5.6648000000000015e-12,4.643120000000002e-09,0.0,6.994490144000001e-07,0.0,2.2516857339200002e-05,0.0,2.25168573392e-05,4.8041599999999996e-11,7.040497568e-07,1.9384288000000007e-09,9.12673e-11,6.271860496e-07,0.0,4.6950161516800005e-05,0.0,0.0005790882434595999,3.136e-13,4.69501821376e-05,6.291948111999999e-07,3.669704000000001e-10,2.8866288320000006e-07,0.0,4.61804497184e-05,0.0,0.0017748179604176002,9.130650000000001e-11,0.0017748179604175998,2.9834912e-09,4.6466496041599986e-05,5.3856214e-08,0.0,2.1188741267200004e-05,0.0,0.0019906834795816,1.7180156551999998e-06,0.03512290963140159,3.57825828e-08,0.0019906840289991997,2.1242042262399995e-05,0.0,3.5426466296000007e-06,0.0,0.0008631405509552,8.68037870716e-05,0.050248642779747194,0.00033512952112959996,0.05025032501862079,4.4106044339999995e-06,0.0008666466754160001,0.0,0.0,9.02932173574e-05,0.00017188992359599997,0.0170261847107104,0.016519040005577596,0.7861270146339374,0.016519040005577596,0.01710861441551681,0.0002621831409534
321,491,0.0,0.0,2.0441400000000002e-13,6.997200000000001e-14,2.1663732e-11,3.203268e-12,3.2877595199999996e-10,6.02682e-12,2.2102194000000004e-10,6.991698000000002e-12,0.0,3.36126e-13,0.0,6.601399800000001e-11,1.0788000000000001e-14,2.644807632e-09,5.96e-14,1.2787011024e-08,1.7699400000000002e-13,1.3868620620000005e-09,3.3339600000000004e-13,0.0,1.1309374200000001e-10,0.0,9.043470264000003e-09,0.0,1.58812462992e-07,2.204000000000001e-15,1.1951288987999999e-07,3.773699214e-09,1.9894800000000006e-13,1.1670795600000004e-10,0.0,1.6634296248000008e-08,0.0,6.703430774640001e-07,0.0,4.3225089589680005e-06,5.690850000000001e-11,4.143520158e-07,6.601443600000001e-11,6.407529000000001e-12,1.78264596e-08,0.0,1.3772780004720004e-06,0.0,2.789958828954e-05,4.8358e-13,2.2322036207351998e-05,6.893232359519998e-07,2.402331300000001e-11,1.1085196464e-08,8.8529281e-11,1.546671070608e-06,0.0,6.930588728346e-05,9.162010000000002e-13,0.0005801584461547558,6.322567631999999e-09,4.662370109832e-05,3.4482449640000004e-09,3.568739610000001e-10,9.59966767056e-07,0.0,8.2919552242008e-05,1.7181069617e-08,0.00209634157995786,4.76231181e-10,0.0017424144286768558,4.529410751755199e-05,5.42231844e-10,3.0244103538000005e-07,0.0,4.955312383173601e-05,8.852180272679999e-07,0.0028024266789098157,5.018129135732999e-06,0.03460938061253992,2.91265407192e-07,0.0019606994208383275,3.596502843600001e-08,0.0,1.318259232651e-05,2.5869371066759995e-06,0.0015299014441269357,0.000252758548883076,0.05745618598919437,0.0004903104994216559,0.04894247471926148,0.0008477598132866581,0.0,9.383586398699999e-07,2.6218314095339996e-06,0.000268196572689294,0.000503053510921716,0.025044346143581708,0.024053280647016714,0.7633819839893164,0.01619722088701931,0.0168609619279398
322,493,0.0,0.0,0.0,0.0,0.0,0.0,0.0,0.0,0.0,0.0,0.0,0.0,0.0,0.0,0.0,0.0,0.0,0.0,0.0,0.0,0.0,0.0,0.0,0.0,0.0,0.0,0.0,0.0,0.0,0.0,0.0,0.0,0.0,0.0,0.0,0.0,0.0,0.0,0.0,0.0,0.0,0.0,0.0,0.0,0.0,0.0,0.0,0.0,0.0,0.0,0.0,0.0,0.0,0.0,0.0,0.0,0.0,0.0,0.0,0.0,0.0,0.0,0.0,0.0,0.0,0.0,1.0,0.0,0.0,0.0,0.0,0.0,0.0,0.0,0.0,0.0,0.0,0.0,0.0,0.0,0.0,0.0,0.0,0.0,0.0,0.0,0.0,0.0,0.0,0.0,0.0,0.0,0.0,0.0,0.0,0.0,0.0,0.0,0.0,0.0
323,494,0.0,0.0,0.0,0.0,0.0,0.0,0.0,0.0,0.0,0.0,0.0,0.0,0.0,0.0,0.0,0.0,0.0,0.0,0.0,0.0,0.0,0.0,0.0,0.0,0.0,0.0,0.0,0.0,0.0,0.0,0.0,0.0,0.0,0.0,0.0,0.0,0.0,0.0,0.0,0.0,0.0,0.0,0.0,0.0,0.0,0.0,0.0,0.0,0.0,0.0,0.0,0.0,0.0,0.0,0.0,0.0,0.01,0.0,0.0,0.0,0.0,0.0,0.0,0.0,0.0,0.97,0.0,0.01,0.0,0.0,0.0,0.0,0.0,0.0,0.0,0.0,0.01,0.0,0.0,0.0,0.0,0.0,0.0,0.0,0.0,0.0,0.0,0.0,0.0,0.0,0.0,0.0,0.0,0.0,0.0,0.0,0.0,0.0,0.0,0.0
324,495,0.0,0.0,0.0,0.0,0.0,0.0,0.0,0.0,0.0,0.0,0.0,0.0,0.0,0.0,0.0,0.0,0.0,0.0,0.0,0.0,0.0,0.0,0.0,0.0,0.0,0.0,0.0,0.0,0.0,0.0,0.0,0.0,0.0,0.0,0.0,0.0,0.0,0.0,0.0,0.0,0.0,0.0,0.0,0.0,0.0,0.0,0.0001,0.0,0.0,0.0,0.0,0.0,0.0,0.0,0.0,0.0098,0.0,0.0002,0.0,0.0,0.0,0.0,0.0,0.0,0.0097,0.0,0.0196,0.0,0.0001,0.0,0.0,0.0,0.0,0.0,0.0,0.941,0.0,0.0098,0.0,0.0,0.0,0.0,0.0,0.0,0.0,0.0,0.0097,0.0,0.0,0.0,0.0,0.0,0.0,0.0,0.0,0.0,0.0,0.0,0.0,0.0
325,496,0.0,0.0,0.0,0.0,0.0,0.0,0.0,0.0,0.0,0.0,0.0,0.0,0.0,0.0,0.0,0.0,0.0,0.0,0.0,0.0,0.0,0.0,0.0,0.0,0.0,0.0,0.0,0.0,0.0,0.0,0.0,0.0,0.0,0.0,0.0,0.0,1.0000000000000002e-06,0.0,0.0,0.0,0.0,0.0,0.0,0.0,0.0,0.000195,0.0,3.0000000000000005e-06,0.0,0.0,0.0,0.0,0.0,0.0,0.009602999999999999,0.0,0.000489,0.0,3.0000000000000005e-06,0.0,0.0,0.0,0.0,0.009409,0.0,0.028616999999999997,0.0,0.00039299999999999996,0.0,1.0000000000000002e-06,0.0,0.0,0.0,0.0,0.912867,0.0,0.019208999999999997,0.0,9.9e-05,0.0,0.0,0.0,0.0,0.0,0.0,0.018819000000000002,0.0,0.000195,0.0,0.0,0.0,0.0,0.0,0.0,0.0,0.0,9.7e-05,0.0,0.0,0.0
326,497,0.0,0.0,0.0,0.0,0.0,0.0,0.0,0.0,0.0,0.0,0.0,0.0,0.0,0.0,0.0,0.0,0.0,0.0,0.0,0.0,0.0,0.0,0.0,0.0,0.0,0.0,1.0000000000000002e-08,0.0,0.0,0.0,0.0,0.0,0.0,0.0,0.0,1.96e-06,0.0,4.000000000000001e-08,0.0,0.0,0.0,0.0,0.0,0.0,9.797999999999998e-05,0.0,7.84e-06,0.0,6.000000000000001e-08,0.0,0.0,0.0,0.0,0.00019012,0.0,0.00057624,0.0,1.1760000000000001e-05,0.0,4.000000000000001e-08,0.0,0.0,9.409000000000002e-05,0.0,0.01882384,0.0,0.00095652,0.0,7.840000000000001e-06,1.0000000000000002e-08,0.0,0.0,0.0,0.018255399999999998,0.0,0.03726743999999999,0.0,0.0005762399999999999,0.0,1.96e-06,0.0,0.0,0.0,0.0,0.88566918,0.0,0.018823839999999998,0.0,9.797999999999998e-05,0.0,0.0,0.0,0.0,0.0,0.0,0.0182554,9.409e-05,0.00019012,0.0,0.0
327,498,0.0,0.0,0.0,0.0,0.0,0.0,0.0,0.0,0.0,0.0,0.0,0.0,0.0,0.0,0.0,0.0,1.0000000000000002e-10,0.0,0.0,0.0,0.0,0.0,0.0,0.0,0.0,1.97e-08,0.0,5.000000000000001e-10,0.0,0.0,0.0,0.0,0.0,0.0,9.994e-07,0.0,1.0810000000000001e-07,0.0,1.0000000000000003e-09,0.0,0.0,0.0,0.0,2.881e-06,0.0,8.7218e-06,0.0,2.354e-07,0.0,1.0000000000000003e-09,0.0,0.0,2.8421000000000003e-06,0.0,0.00029094259999999997,0.0,2.3049999999999998e-05,0.0,2.546e-07,5.000000000000001e-10,0.0,9.409000000000002e-07,0.0,0.0005561496999999999,0.0,0.0011294308000000001,0.0,2.6813199999999996e-05,1.0000000000000002e-10,1.3690000000000001e-07,0.0,0.0,0.0002738213,0.0,0.027671045000000002,0.0,0.0014944996,0.0,1.43666e-05,2.93e-08,0.0,0.0,0.0,0.026564429799999997,0.0,0.045376901,9.409000000000001e-07,0.0007500721999999998,0.0,2.881e-06,0.0,0.0,0.0,0.0,0.8592816585999999,0.0177086789,0.0185348473,0.0001853573,9.694179999999997e-05,0.0
328,502,0.0,0.0,0.0,6.997200000000001e-14,1.0788000000000001e-14,4.2005160000000005e-12,7.8704e-14,1.1663172000000002e-11,5.8404e-14,3.936852e-12,0.0,0.0,2.0441400000000002e-13,0.0,2.6348148000000002e-11,0.0,6.220812959999999e-10,0.0,7.854746760000001e-10,1.0735116600000001e-10,0.0,3.36126e-13,0.0,7.423601400000002e-11,0.0,4.02228936e-09,0.0,4.2366443471999994e-08,4.945566000000001e-12,2.2018943693999993e-08,3.3339600000000004e-13,0.0,1.1751607800000002e-10,0.0,1.1461003704000001e-08,0.0,3.2174397172799996e-07,9.800400000000001e-14,1.2213542921519995e-06,1.0540775748599998e-07,1.9894800000000006e-13,1.1202354e-10,0.0,1.7934460344e-08,0.0,9.85649920344e-07,1.0405000000000001e-14,1.4206983800471997e-05,2.255041716e-09,8.807617356024e-06,5.779184400000001e-11,6.407529000000001e-12,1.6448977871999998e-08,0.0,1.5548895442799998e-06,1.7712443400000002e-10,5.100239024442e-05,3.0046125e-11,0.0003008675547985199,2.1639853769903988e-05,1.9488369000000004e-11,8.667492528e-09,8.852928100000001e-11,1.358768773008e-06,9.301220197e-09,8.330646715098e-05,6.8913560994e-08,0.001583118364745892,2.52789874356e-07,0.001080876864862416,2.201572836e-09,2.6925735299999997e-10,6.4515242952e-07,3.5699469011999997e-08,6.8140298688408e-05,3.5420675545410006e-06,0.0028134154162211874,1.0073788758504e-05,0.02626253149438284,0.00136489317619674,2.76653604e-10,1.4545420722e-07,5.3330571486e-08,2.655011048172e-05,1.0350948879155998e-05,0.002048989803253464,0.000505694847631476,0.057638942999485465,0.0006641186333129999,0.04160302882775841,9.671860692000001e-09,3.6153181182000005e-08,3.757117521102e-06,1.0491900289902e-05,0.000536753218570872,0.0010064632430622238,0.0334082239167373,0.03208310562790045,0.7637210853714714,0.033059086641778715
329,504,0.0,0.0,0.0,0.0,0.0,0.0,0.0,0.0,0.0,0.0,0.0,0.0,0.0,0.0,0.0,0.0,0.0,0.0,0.0,0.0,0.0,0.0,0.0,0.0,0.0,0.0,0.0,0.0,0.0,0.0,0.0,0.0,0.0,0.0,0.0,0.0,0.0,0.0,0.0,0.0,0.0,0.0,0.0,0.0,0.0,0.0,0.0,0.0,0.0,0.0,0.0,0.0,0.0,0.0,0.0,0.0,0.0,0.0,0.0,0.0,0.0,0.0,0.0,0.0,0.0,0.0,0.0,0.0,0.0,0.0,0.0,0.0,0.0,0.0,0.0,0.0,1.0,0.0,0.0,0.0,0.0,0.0,0.0,0.0,0.0,0.0,0.0,0.0,0.0,0.0,0.0,0.0,0.0,0.0,0.0,0.0,0.0,0.0,0.0,0.0
330,506,0.0,0.0,0.0,0.0,0.0,0.0,0.0,0.0,0.0,0.0,0.0,0.0,0.0,0.0,0.0,0.0,0.0,0.0,0.0,0.0,0.0,0.0,0.0,0.0,0.0,0.0,0.0,0.0,0.0,0.0,0.0,0.0,0.0,0.0,0.0,0.0,0.0,0.0,0.0,0.0,0.0,0.0,0.0,0.0,0.0,0.0,0.0,0.0,0.0,0.0,0.0,0.0,0.0,0.0,0.0,0.0,0.0001,0.0,0.0,0.0,0.0,0.0,0.0,0.0,0.0,0.0194,0.0,0.0002,0.0,0.0,0.0,0.0,0.0,0.0,0.9409,0.0,0.0196,0.0,0.0001,0.0,0.0,0.0,0.0,0.0,0.0,0.0194,0.0,0.0002,0.0,0.0,0.0,0.0,0.0,0.0,0.0,0.0,0.0001,0.0,0.0,0.0
331,514,0.0,0.0,0.0,0.0,0.0,0.0,0.0,0.0,0.0,0.0,0.0,0.0,0.0,0.0,0.0,0.0,0.0,0.0,0.0,0.0,0.0,0.0,0.0,0.0,0.0,0.0,0.0,0.0,0.0,0.0,0.0,0.0,0.0,0.0,0.0,0.0,0.0,0.0,0.0,0.0,0.0,0.0,0.0,0.0,0.0,0.0,0.0,0.0,0.0,0.0,0.0,0.0,0.0,0.0,0.0,0.0,0.0,0.0,0.0,0.0,0.0,0.0,0.0,0.0,0.0,0.0,0.0,0.0,0.0,0.0,0.0,0.0,0.0,0.0,0.0,0.0,0.0,0.0,0.0,0.0,0.0,0.0,0.0,0.0,0.0,0.0,0.0,0.0,0.0,0.0,0.0,0.0,0.0,0.0,0.0,0.0,1.0,0.0,0.0,0.0
332,515,0.0,0.0,0.0,0.0,0.0,0.0,0.0,0.0,0.0,0.0,0.0,0.0,0.0,0.0,0.0,0.0,0.0,0.0,0.0,0.0,0.0,0.0,0.0,0.0,0.0,0.0,0.0,0.0,0.0,0.0,0.0,0.0,0.0,0.0,0.0,0.0,0.0,0.0,0.0,0.0,0.0,0.0,0.0,0.0,0.0,0.0,0.0,0.0,0.0,0.0,0.0,0.0,0.0,0.0,0.0,0.0,0.0,0.0,0.0,0.0,0.0,0.0,0.0,0.0,0.0,0.0,0.0,0.0,0.0,0.0,0.0,0.0,0.0,0.0,0.0,0.0,0.0,0.0,0.0,0.0,0.0,0.0,0.0,0.0,0.0,0.0,0.01,0.0,0.0,0.0,0.0,0.0,0.0,0.0,0.0,0.01,0.01,0.97,0.0,0.0
333,516,0.0,0.0,0.0,0.0,0.0,0.0,0.0,0.0,0.0,0.0,0.0,0.0,0.0,0.0,0.0,0.0,0.0,0.0,0.0,0.0,0.0,0.0,0.0,0.0,0.0,0.0,0.0,0.0,0.0,0.0,0.0,0.0,0.0,0.0,0.0,0.0,0.0,0.0,0.0,0.0,0.0,0.0,0.0,0.0,0.0,0.0,0.0,0.0,0.0,0.0,0.0,0.0,0.0,0.0,0.0,0.0,0.0,0.0,0.0,0.0,0.0,0.0,0.0,0.0,0.0,0.0,0.0,0.0,0.0,0.0,0.0,0.0,0.0,0.0,0.0,0.0,0.0001,0.0,0.0,0.0,0.0,0.0,0.0,0.0,0.0,0.0002,0.0001,0.0194,0.0,0.0,0.0,0.0,0.0,0.0,0.0001,0.0002,0.0196,0.0194,0.9409,0.0
334,517,0.0,0.0,0.0,0.0,0.0,0.0,0.0,0.0,0.0,0.0,0.0,0.0,0.0,0.0,0.0,0.0,0.0,0.0,0.0,0.0,0.0,0.0,0.0,0.0,0.0,0.0,0.0,0.0,0.0,0.0,0.0,0.0,0.0,0.0,0.0,0.0,0.0,0.0,0.0,0.0,0.0,0.0,0.0,0.0,0.0,0.0,0.0,0.0,0.0,0.0,0.0,0.0,0.0,0.0,0.0,0.0,0.0,0.0,0.0,0.0,0.0,0.0,0.0,0.0,0.0,0.0,1.0000000000000002e-06,0.0,0.0,0.0,0.0,0.0,0.0,0.0,0.0,3.0000000000000005e-06,1.0000000000000002e-06,0.000291,0.0,0.0,0.0,0.0,0.0,0.0,3.0000000000000005e-06,3.0000000000000005e-06,0.000585,0.000291,0.028227000000000002,0.0,0.0,0.0,0.0,1.0000000000000002e-06,3.0000000000000005e-06,0.00029699999999999996,0.000585,0.028808999999999994,0.028227000000000002,0.912673
335,518,0.0,0.0,0.0,0.0,0.0,0.0,0.0,1.0,0.0,0.0,0.0,0.0,0.0,0.0,0.0,0.0,0.0,0.0,0.0,0.0,0.0,0.0,0.0,0.0,0.0,0.0,0.0,0.0,0.0,0.0,0.0,0.0,0.0,0.0,0.0,0.0,0.0,0.0,0.0,0.0,0.0,0.0,0.0,0.0,0.0,0.0,0.0,0.0,0.0,0.0,0.0,0.0,0.0,0.0,0.0,0.0,0.0,0.0,0.0,0.0,0.0,0.0,0.0,0.0,0.0,0.0,0.0,0.0,0.0,0.0,0.0,0.0,0.0,0.0,0.0,0.0,0.0,0.0,0.0,0.0,0.0,0.0,0.0,0.0,0.0,0.0,0.0,0.0,0.0,0.0,0.0,0.0,0.0,0.0,0.0,0.0,0.0,0.0,0.0,0.0
336,525,0.00832972004929,0.00884496046471,0.009902000079850001,0.0010974253953899998,0.0006103950437699999,4.261643007999999e-05,1.5712568479999997e-05,7.798140199999999e-07,2.0318043999999998e-07,7.758959999999999e-09,0.0,0.8084980851965499,0.04999159968788999,0.053110148568509985,0.00264333482165,0.0014233818169499994,5.6219391099999986e-05,1.9122676779999997e-05,5.682433799999999e-07,9.890803999999997e-08,0.0,0.0,0.04999159968788999,0.00128828357315,0.00264333482165,5.3854792850000005e-05,5.533353374999999e-05,8.9324814e-07,5.2050146e-07,6.74698e-09,0.0,0.0,0.0,0.00128828357315,1.7707267550000003e-05,5.3854792850000005e-05,5.518728300000002e-07,8.384732100000001e-07,7.115420000000001e-09,4.3852e-09,0.0,0.0,0.0,0.0,1.7707267550000003e-05,1.3690677e-07,5.518728300000002e-07,2.8344099999999995e-09,5.70387e-09,3.416000000000001e-11,0.0,0.0,0.0,0.0,0.0,1.3690677e-07,5.6455e-10,2.8344099999999995e-09,5.830000000000002e-12,1.4610000000000002e-11,0.0,0.0,0.0,0.0,0.0,0.0,5.6455e-10,9.700000000000001e-13,5.830000000000002e-12,0.0,0.0,0.0,0.0,0.0,0.0,0.0,0.0,9.700000000000001e-13,0.0,0.0,0.0,0.0,0.0,0.0,0.0,0.0,0.0,0.0,0.0,0.0,0.0,0.0,0.0,0.0,0.0,0.0,0.0,0.0,0.0,0.0
337,529,0.0,0.0,0.0,0.0,0.0,0.0,0.0,0.0,0.0,0.0,0.0,0.0,0.0,0.0,0.0,0.0,0.0,1.0,0.0,0.0,0.0,0.0,0.0,0.0,0.0,0.0,0.0,0.0,0.0,0.0,0.0,0.0,0.0,0.0,0.0,0.0,0.0,0.0,0.0,0.0,0.0,0.0,0.0,0.0,0.0,0.0,0.0,0.0,0.0,0.0,0.0,0.0,0.0,0.0,0.0,0.0,0.0,0.0,0.0,0.0,0.0,0.0,0.0,0.0,0.0,0.0,0.0,0.0,0.0,0.0,0.0,0.0,0.0,0.0,0.0,0.0,0.0,0.0,0.0,0.0,0.0,0.0,0.0,0.0,0.0,0.0,0.0,0.0,0.0,0.0,0.0,0.0,0.0,0.0,0.0,0.0,0.0,0.0,0.0,0.0
338,530,0.0,0.0,0.0,0.0,0.0,0.0,0.0,0.97,0.0,0.0,0.0,0.0,0.0,0.0,0.0,0.0,0.01,0.0,0.01,0.0,0.0,0.0,0.0,0.0,0.0,0.0,0.0,0.01,0.0,0.0,0.0,0.0,0.0,0.0,0.0,0.0,0.0,0.0,0.0,0.0,0.0,0.0,0.0,0.0,0.0,0.0,0.0,0.0,0.0,0.0,0.0,0.0,0.0,0.0,0.0,0.0,0.0,0.0,0.0,0.0,0.0,0.0,0.0,0.0,0.0,0.0,0.0,0.0,0.0,0.0,0.0,0.0,0.0,0.0,0.0,0.0,0.0,0.0,0.0,0.0,0.0,0.0,0.0,0.0,0.0,0.0,0.0,0.0,0.0,0.0,0.0,0.0,0.0,0.0,0.0,0.0,0.0,0.0,0.0,0.0
339,531,0.0,0.0,0.0,0.0,0.0,0.0,0.941,0.0097,0.0098,0.0,0.0,0.0,0.0,0.0,0.0,0.0097,0.0,0.0196,0.0,0.0001,0.0,0.0,0.0,0.0,0.0,0.0,0.0098,0.0,0.0002,0.0,0.0,0.0,0.0,0.0,0.0,0.0,0.0,0.0001,0.0,0.0,0.0,0.0,0.0,0.0,0.0,0.0,0.0,0.0,0.0,0.0,0.0,0.0,0.0,0.0,0.0,0.0,0.0,0.0,0.0,0.0,0.0,0.0,0.0,0.0,0.0,0.0,0.0,0.0,0.0,0.0,0.0,0.0,0.0,0.0,0.0,0.0,0.0,0.0,0.0,0.0,0.0,0.0,0.0,0.0,0.0,0.0,0.0,0.0,0.0,0.0,0.0,0.0,0.0,0.0,0.0,0.0,0.0,0.0,0.0,0.0
340,532,0.0,0.0,0.0,0.0,0.0,0.912867,0.018819000000000002,0.019208999999999997,0.000195,9.9e-05,0.0,0.0,0.0,0.0,0.009409,0.0,0.028616999999999997,9.7e-05,0.00039299999999999996,1.0000000000000002e-06,0.0,0.0,0.0,0.0,0.0,0.009602999999999999,0.0,0.000489,0.0,3.0000000000000005e-06,0.0,0.0,0.0,0.0,0.0,0.0,0.000195,0.0,3.0000000000000005e-06,0.0,0.0,0.0,0.0,0.0,0.0,0.0,0.0,1.0000000000000002e-06,0.0,0.0,0.0,0.0,0.0,0.0,0.0,0.0,0.0,0.0,0.0,0.0,0.0,0.0,0.0,0.0,0.0,0.0,0.0,0.0,0.0,0.0,0.0,0.0,0.0,0.0,0.0,0.0,0.0,0.0,0.0,0.0,0.0,0.0,0.0,0.0,0.0,0.0,0.0,0.0,0.0,0.0,0.0,0.0,0.0,0.0,0.0,0.0,0.0,0.0,0.0,0.0
341,533,0.0,0.0,0.0,0.0,0.88557508,0.0273831,0.02823576,0.0005704,0.000294,3.9399999999999995e-06,0.0,0.0,0.0,0.00912673,0.0,0.03707728,0.00028228000000000004,0.00086436,3.89e-06,4.959999999999999e-06,0.0,0.0,0.0,0.0,0.009408999999999999,0.0,0.0008584799999999999,9.7e-07,1.1760000000000001e-05,4.000000000000001e-08,0.0,0.0,0.0,0.0,0.0,0.00028518,0.0,9.76e-06,0.0,6.000000000000001e-08,0.0,0.0,0.0,0.0,0.0,0.0,2.92e-06,0.0,4.000000000000001e-08,0.0,0.0,0.0,0.0,0.0,0.0,0.0,0.0,1.0000000000000002e-08,0.0,0.0,0.0,0.0,0.0,0.0,0.0,0.0,0.0,0.0,0.0,0.0,0.0,0.0,0.0,0.0,0.0,0.0,0.0,0.0,0.0,0.0,0.0,0.0,0.0,0.0,0.0,0.0,0.0,0.0,0.0,0.0,0.0,0.0,0.0,0.0,0.0,0.0,0.0,0.0,0.0,0.0
342,534,0.0,0.0,0.0,0.8590990948999999,0.0354173578,0.0368890418,0.0011122994,0.0005818852,1.25047e-05,3.0683999999999997e-06,0.0,0.0,0.008852928099999999,0.0,0.0450060697,0.0005476426000000001,0.0015001443999999998,1.23098e-05,1.6512399999999998e-05,1.283e-07,0.0,0.0,0.0,0.0092179973,0.0,0.0013004401999999998,3.7637e-06,2.87332e-05,8.740000000000001e-08,1.682e-07,0.0,0.0,0.0,0.0,0.00037071459999999995,0.0,2.0933e-05,9.700000000000001e-09,2.738e-07,1.0000000000000003e-09,0.0,0.0,0.0,0.0,0.0,5.6842e-06,0.0,1.657e-07,0.0,1.0000000000000003e-09,0.0,0.0,0.0,0.0,0.0,0.0,3.89e-08,0.0,5.000000000000001e-10,0.0,0.0,0.0,0.0,0.0,0.0,0.0,0.0,1.0000000000000002e-10,0.0,0.0,0.0,0.0,0.0,0.0,0.0,0.0,0.0,0.0,0.0,0.0,0.0,0.0,0.0,0.0,0.0,0.0,0.0,0.0,0.0,0.0,0.0,0.0,0.0,0.0,0.0,0.0,0.0,0.0,0.0,0.0
343,535,0.0,0.0,0.833414651334,0.04294582801499999,0.04517759577,0.0018074708400000002,0.0009594435,2.9194503000000005e-05,9.085371e-06,1.8769800000000002e-07,0.0,0.008587340256999998,0.0,0.05242758781199999,0.0008853869,0.002287095585,2.8577563000000004e-05,3.7124656e-05,3.7347e-07,1.98773e-07,0.0,0.0,0.009029986661999998,0.0,0.0018073748099999996,9.127215e-06,5.608638e-05,2.4561e-07,6.18348e-07,3.849e-09,0.0,0.0,0.0,0.00045177313499999993,0.0,3.707339999999999e-05,4.7046e-08,7.63905e-07,1.9410000000000002e-09,4.4399999999999996e-09,0.0,0.0,0.0,0.0,9.22082e-06,0.0,4.2729e-07,9.700000000000001e-11,5.37e-09,2.0000000000000005e-11,0.0,0.0,0.0,0.0,0.0,9.4575e-08,0.0,2.5320000000000004e-09,0.0,1.5000000000000003e-11,0.0,0.0,0.0,0.0,0.0,0.0,4.86e-10,0.0,6.000000000000002e-12,0.0,0.0,0.0,0.0,0.0,0.0,0.0,0.0,1.0000000000000002e-12,0.0,0.0,0.0,0.0,0.0,0.0,0.0,0.0,0.0,0.0,0.0,0.0,0.0,0.0,0.0,0.0,0.0,0.0,0.0,0.0,0.0,0.0
344,536,0.0,0.80849808519655,0.04999159968788999,0.053110148568510006,0.0026433348216500004,0.00142338181695,5.627358694000001e-05,1.907043646e-05,5.686005000000001e-07,9.659540000000002e-08,0.008329720049289998,0.0,0.059365079960169986,0.00128828357315,0.00321260830137,5.474008566e-05,6.903717097e-05,9.4244266e-07,6.6109356e-07,7.637900000000002e-09,0.0,0.008844960464709999,0.0,0.0023722470417899995,1.7707267550000003e-05,9.571922655e-05,6.1575994e-07,1.53954697e-06,9.943740000000001e-09,8.254100000000003e-09,0.0,0.0,0.0005285198075699999,0.0,5.864488564999998e-05,1.3690677e-07,1.67685855e-06,4.810299999999999e-09,1.818303e-08,1.025e-10,0.0,0.0,0.0,1.3461926749999999e-05,0.0,8.783592499999999e-07,5.645500000000001e-10,1.7146170000000005e-08,3.9780000000000004e-11,9.844999999999999e-11,0.0,0.0,0.0,0.0,1.8394594999999998e-07,0.0,7.67955e-09,9.700000000000001e-13,9.363e-11,3.500000000000001e-13,0.0,0.0,0.0,0.0,0.0,1.41717e-09,0.0,3.6010000000000007e-11,0.0,2.1000000000000006e-13,0.0,0.0,0.0,0.0,0.0,0.0,5.83e-12,0.0,7.000000000000003e-14,0.0,0.0,0.0,0.0,0.0,0.0,0.0,0.0,1.0000000000000002e-14,0.0,0.0,0.0,0.0,0.0,0.0,0.0,0.0,0.0,0.0,0.0,0.0
345,537,0.0081682780524584,0.0085848968488444,0.009709649134131202,0.001070333666512,0.0006038947350848001,4.1777303112000014e-05,1.5677630113200003e-05,7.685506656e-07,2.0396725920000002e-07,7.694292e-09,8.329720049289998e-05,0.785008540245395,0.04850473453298479,0.05216634346448801,0.0025776420862641002,0.0014144540094304,5.514836221440001e-05,1.92107014812e-05,5.61142728e-07,1.0046739360000002e-07,0.008168278052458398,0.0,0.05770158483450559,0.001249812138631,0.0031414961638688,5.32824824328e-05,6.795541216159998e-05,9.204745199999999e-07,6.569205941999999e-07,7.591766400000001e-09,0.0,0.008584896848844399,0.0,0.0023070858967359996,1.7177418591200003e-05,9.345965078799999e-05,5.98709958e-07,1.5104824383999999e-06,9.694953599999999e-09,8.190316800000001e-09,0.0,0.0,0.0005127988326103999,0.0,5.7030781399999984e-05,1.3280521239999999e-07,1.6355846431999999e-06,4.672043999999999e-09,1.7810921599999998e-08,1.0081080000000001e-10,0.0,0.0,0.0,1.3059908406999999e-05,0.0,8.539388991999999e-07,5.476232e-10,1.6709876800000006e-08,3.85998e-11,9.643839999999999e-11,0.0,0.0,0.0,0.0,1.7844174319999996e-07,0.0,7.4637536e-09,9.409000000000002e-13,9.118400000000001e-11,3.4160000000000013e-13,0.0,0.0,0.0,0.0,0.0,1.3747131999999999e-09,0.0,3.49888e-11,0.0,2.0440000000000007e-13,0.0,0.0,0.0,0.0,0.0,0.0,5.6552e-12,0.0,6.800000000000003e-14,0.0,0.0,0.0,0.0,0.0,0.0,0.0,0.0,9.7e-15,0.0,0.0
346,539,0.0002447063951176148,0.000178566875468894,0.0002779603634018633,2.918680373832052e-05,1.8521975540994216e-05,1.3221294647593805e-06,5.247386617418399e-07,2.8195344459480003e-08,7.74749413122e-09,3.5965496304e-10,0.0004908614984121114,0.015835530101992144,0.0012327039218018906,0.0013239669437467528,8.307284158739634e-05,4.601803400674524e-05,2.3270912600712907e-06,8.474166419898e-07,3.374749777392e-08,8.260935564960002e-09,0.02308389985368974,0.009021079069726273,0.026511313330886098,0.0020225801348836988,0.0016755081182594455,9.155737762179277e-05,4.422947653711817e-05,1.8273861733442401e-06,5.865269300347201e-07,2.038492096986e-08,0.00023769741984634696,0.7400610081034927,0.04566235279531669,0.050309870328244854,0.0024509202384509557,0.0013951976255085138,5.295411234915816e-05,1.944571286912736e-05,5.462353482803399e-07,1.0773745037268003e-07,0.007852131098308948,0.0,0.05451278480822955,0.001176281496439098,0.0030035763715769207,5.048094817376808e-05,6.581960508181102e-05,8.779825111564499e-07,6.480748715238598e-07,7.49431848156e-09,0.0,0.008087479048421178,0.0,0.0021820479100377196,1.6164809628342965e-05,8.909239511049064e-05,5.660039957192399e-07,1.45370323185312e-06,9.215396444099997e-09,8.057340051540003e-09,0.0,0.0,0.00048274580167039535,0.0,5.3933689336484975e-05,1.2496704833132999e-07,1.5559766024104798e-06,4.407317401599999e-09,1.7086879309679997e-08,9.748857152999999e-11,0.0,0.0,0.0,1.22915297274357e-05,0.0,8.0710462590384e-07,5.152769223399999e-10,1.586971328841e-08,3.6343452760000005e-11,9.252200591999998e-11,0.0,0.0,0.0,0.0,1.6792250617847995e-07,0.0,7.050104831699999e-09,8.853869000000001e-13,8.647967394000002e-11,3.2538360000000013e-13,0.0,0.0,0.0,0.0,0.0,1.2935773617299997e-09,5.32116586e-12,3.3041214759999995e-11,6.416938000000003e-14,1.9364013000000006e-13
347,540,0.0,0.0,0.0,0.0,0.0,0.0,0.0,0.0,0.0,0.0,0.0,0.0,0.0,0.0,0.0,0.0,0.0,0.0,0.0,0.0,0.0,0.0,0.0,0.0,0.0,0.0,0.0,0.0,0.0,0.0,0.0,0.0,0.0,0.0,0.0,0.0,0.0,1.0,0.0,0.0,0.0,0.0,0.0,0.0,0.0,0.0,0.0,0.0,0.0,0.0,0.0,0.0,0.0,0.0,0.0,0.0,0.0,0.0,0.0,0.0,0.0,0.0,0.0,0.0,0.0,0.0,0.0,0.0,0.0,0.0,0.0,0.0,0.0,0.0,0.0,0.0,0.0,0.0,0.0,0.0,0.0,0.0,0.0,0.0,0.0,0.0,0.0,0.0,0.0,0.0,0.0,0.0,0.0,0.0,0.0,0.0,0.0,0.0,0.0,0.0
348,541,0.0,0.0,0.0,0.0,0.0,0.0,0.0,0.0,0.0,0.0,0.0,0.0,0.0,0.0,0.0,0.0,0.0,0.0,0.0,0.0,0.0,0.0,0.0,0.0,0.0,0.0,0.0,0.0,0.0,0.0,0.0,0.0,0.0,0.0,0.0,0.0,0.0,0.0,0.0,0.0,0.0,0.0,0.0,0.0,0.0,0.0,0.0,0.0,0.0,0.0,0.0,0.0,0.0,0.0,0.0,0.0,0.0,0.0,0.0,0.0,0.0,0.0,0.0,0.0,0.0,0.0,0.0,0.0,0.0,0.0,0.0,0.0,0.0,0.0,0.0,0.0,0.0,1.0,0.0,0.0,0.0,0.0,0.0,0.0,0.0,0.0,0.0,0.0,0.0,0.0,0.0,0.0,0.0,0.0,0.0,0.0,0.0,0.0,0.0,0.0
349,542,0.0,0.0,0.0,0.0,0.0,0.0,0.0,0.0,0.0,0.0,0.0,0.0,0.0,0.0,0.0,0.0,0.0,0.0,0.0,0.0,0.0,0.0,0.0,0.0,0.0,0.0,0.0,0.0,0.0,0.0,0.0,0.0,0.0,0.0,0.0,0.0,0.0,0.0,0.0,0.0,0.0,0.0,0.0,0.0,0.0,0.0,0.0,0.0,0.0,0.0,0.0,0.0,0.0,0.0,0.0,0.0,0.0,0.0,0.0,0.0,0.0,0.0,0.0,0.0,0.0,0.0,0.0,0.01,0.0,0.0,0.0,0.0,0.0,0.0,0.0,0.0,0.01,0.0,0.01,0.0,0.0,0.0,0.0,0.0,0.0,0.0,0.0,0.97,0.0,0.0,0.0,0.0,0.0,0.0,0.0,0.0,0.0,0.0,0.0,0.0
350,543,0.0,0.0,0.0,0.0,0.0,0.0,0.0,0.0,0.0,0.0,0.0,0.0,0.0,0.0,0.0,0.0,0.0,0.0,0.0,0.0,0.0,0.0,0.0,0.0,0.0,0.0,0.0,0.0,0.0,0.0,0.0,0.0,0.0,0.0,0.0,0.0,0.0,0.0,0.0,0.0,0.0,0.0,0.0,0.0,0.0,0.0,0.0,0.0,0.0,0.0,0.0,0.0,0.0,0.0,0.0,0.0,0.0,0.0001,0.0,0.0,0.0,0.0,0.0,0.0,0.0,0.0,0.0002,0.0,0.0002,0.0,0.0,0.0,0.0,0.0,0.0,0.0001,0.0,0.0196,0.0,0.0001,0.0,0.0,0.0,0.0,0.0,0.0,0.0194,0.0,0.0194,0.0,0.0,0.0,0.0,0.0,0.0,0.0,0.0,0.9409,0.0,0.0
351,544,0.0,0.0,0.0,0.0,0.0,0.0,0.0,0.0,0.0,0.0,0.0,0.0,0.0,0.0,0.0,0.0,0.0,0.0,0.0,0.0,0.0,0.0,0.0,0.0,0.0,0.0,0.0,0.0,0.0,0.0,0.0,0.0,0.0,0.0,0.0,0.0,0.0,0.0,0.0,0.0,0.0,0.0,0.0,0.0,0.0,0.0,0.0,1.0000000000000002e-06,0.0,0.0,0.0,0.0,0.0,0.0,0.0,0.0,3.0000000000000005e-06,0.0,9.9e-05,0.0,0.0,0.0,0.0,0.0,0.0,3.0000000000000005e-06,0.0,0.000393,0.0,0.000195,0.0,0.0,0.0,0.0,1.0000000000000002e-06,0.0,0.000489,0.0,0.019208999999999997,9.7e-05,0.0,0.0,0.0,0.0,0.0,0.000195,0.0,0.028617000000000004,0.0,0.018819000000000002,0.0,0.0,0.0,0.0,0.0,0.0,0.009602999999999999,0.009408999999999999,0.912867,0.0
352,545,0.0,0.0,0.0,0.0,0.0,0.0,0.0,0.0,0.0,0.0,0.0,0.0,0.0,0.0,0.0,0.0,0.0,0.0,0.0,0.0,0.0,0.0,0.0,0.0,0.0,0.0,0.0,0.0,0.0,0.0,0.0,0.0,0.0,0.0,0.0,0.0,0.0,1.0000000000000002e-08,0.0,0.0,0.0,0.0,0.0,0.0,0.0,0.0,4.000000000000001e-08,0.0,1.96e-06,0.0,0.0,0.0,0.0,0.0,0.0,6.000000000000001e-08,0.0,7.840000000000001e-06,0.0,9.797999999999998e-05,0.0,0.0,0.0,0.0,4.000000000000001e-08,0.0,1.1760000000000001e-05,0.0,0.00057624,0.00019012,0.0,0.0,0.0,1.0000000000000002e-08,0.0,7.84e-06,0.0,0.00095652,9.7e-07,0.01891696,0.0,0.0,0.0,0.0,1.96e-06,0.0,0.00057624,9.408999999999999e-05,0.037267440000000006,0.0182554,0.0,0.0,0.0,0.0,0.0,9.797999999999998e-05,0.00019011999999999998,0.01882384,0.018255399999999998,0.88566918
353,546,0.0,0.0,0.0,0.0,0.0,0.0,0.0,0.0,0.0,0.0,0.0,0.0,0.0,0.0,0.0,0.0,0.0,0.0,0.0,0.0,0.0,0.0,0.0,0.0,0.0,0.0,0.0,0.0,0.0,0.0,0.0,0.0,0.0,0.0,0.0,0.0,0.0,0.0,0.0,0.0,0.0,0.0,0.0,0.0,0.0,0.0,0.0,0.0,0.0,0.0,0.0,0.0,0.0,0.0,0.0,0.0,0.0,0.0,0.0,0.0,0.0,0.0,0.0,0.0,0.0,0.0,0.0,0.0,0.0,0.0,0.0,0.0,0.0,0.0,0.0,0.0,0.0,0.0,0.0,0.0,0.0,0.0,0.0,0.0,0.0,0.0,0.0,1.0,0.0,0.0,0.0,0.0,0.0,0.0,0.0,0.0,0.0,0.0,0.0,0.0
354,550,0.0,0.0,0.0,0.0,0.0,0.0,0.0,0.0,0.0,0.0,0.0,0.0,0.0,0.0,0.0,0.0,0.0,0.0,0.0,0.0,0.0,0.0,0.0,0.0,0.0,0.0,0.0,0.0,0.0,0.0,0.0,0.0,0.0,0.0,0.0,0.0,0.0,0.0,0.0,0.0,0.0,0.0,0.0,0.0,0.0,0.0,0.0,0.0,0.0,0.0,0.0,0.0,0.0,0.0,0.0,0.0,0.0,0.0,0.0,0.0,0.0,0.0,0.0,0.0,0.0,0.0,0.0,0.0,0.0,0.0,0.0,0.0,0.0,0.0,0.0,0.0,0.0,0.0,0.0,0.0,0.0,0.0,0.0,0.0,0.0,0.0,0.0,0.0,0.0,0.0,0.0,0.0,0.0,0.0,0.0,0.0,0.0,1.0,0.0,0.0
355,551,0.0,0.0,0.0,0.0,0.0,0.0,0.0,0.0,0.0,0.0,0.0,0.0,0.0,0.0,0.0,0.0,0.0,0.0,0.0,0.0,0.0,0.0,0.0,0.0,0.0,0.0,0.0,0.0,0.0,0.0,0.0,0.0,0.0,0.0,0.0,0.0,0.0,0.0,0.0,0.0,0.0,0.0,0.0,0.0,0.0,0.0,0.0,0.0,0.0,0.0,0.0,0.0,0.0,0.0,0.0,0.0,0.0,0.0,0.0,0.0,0.0,0.0,0.0,0.0,0.0,0.0,0.0,0.0,0.0,0.0,0.0,0.0,0.0,0.0,0.0,0.0,0.0,0.0,0.0,0.0,0.0,0.0,0.0,0.0,0.0,0.0,0.0,0.01,0.0,0.0,0.0,0.0,0.0,0.0,0.0,0.0,0.01,0.01,0.97,0.0
356,552,0.0,0.0,0.0,0.0,0.0,0.0,0.0,0.0,0.0,0.0,0.0,0.0,0.0,0.0,0.0,0.0,0.0,0.0,0.0,0.0,0.0,0.0,0.0,0.0,0.0,0.0,0.0,0.0,0.0,0.0,0.0,0.0,0.0,0.0,0.0,0.0,0.0,0.0,0.0,0.0,0.0,0.0,0.0,0.0,0.0,0.0,0.0,0.0,0.0,0.0,0.0,0.0,0.0,0.0,0.0,0.0,0.0,0.0,0.0,0.0,0.0,0.0,0.0,0.0,0.0,0.0,0.0,0.0,0.0,0.0,0.0,0.0,0.0,0.0,0.0,0.0,0.0,0.0001,0.0,0.0,0.0,0.0,0.0,0.0,0.0,0.0,0.0002,0.0001,0.0194,0.0,0.0,0.0,0.0,0.0,0.0,0.0001,0.0002,0.0196,0.0194,0.9409
357,553,0.0,0.0,0.0,0.0,0.0,0.0,0.0,0.0,1.0,0.0,0.0,0.0,0.0,0.0,0.0,0.0,0.0,0.0,0.0,0.0,0.0,0.0,0.0,0.0,0.0,0.0,0.0,0.0,0.0,0.0,0.0,0.0,0.0,0.0,0.0,0.0,0.0,0.0,0.0,0.0,0.0,0.0,0.0,0.0,0.0,0.0,0.0,0.0,0.0,0.0,0.0,0.0,0.0,0.0,0.0,0.0,0.0,0.0,0.0,0.0,0.0,0.0,0.0,0.0,0.0,0.0,0.0,0.0,0.0,0.0,0.0,0.0,0.0,0.0,0.0,0.0,0.0,0.0,0.0,0.0,0.0,0.0,0.0,0.0,0.0,0.0,0.0,0.0,0.0,0.0,0.0,0.0,0.0,0.0,0.0,0.0,0.0,0.0,0.0,0.0
358,564,0.0,0.0,0.0,0.0,0.0,0.0,0.0,0.0,0.0,0.0,0.0,0.0,0.0,0.0,0.0,0.0,0.0,0.0,1.0,0.0,0.0,0.0,0.0,0.0,0.0,0.0,0.0,0.0,0.0,0.0,0.0,0.0,0.0,0.0,0.0,0.0,0.0,0.0,0.0,0.0,0.0,0.0,0.0,0.0,0.0,0.0,0.0,0.0,0.0,0.0,0.0,0.0,0.0,0.0,0.0,0.0,0.0,0.0,0.0,0.0,0.0,0.0,0.0,0.0,0.0,0.0,0.0,0.0,0.0,0.0,0.0,0.0,0.0,0.0,0.0,0.0,0.0,0.0,0.0,0.0,0.0,0.0,0.0,0.0,0.0,0.0,0.0,0.0,0.0,0.0,0.0,0.0,0.0,0.0,0.0,0.0,0.0,0.0,0.0,0.0
359,565,0.0,0.0,0.0,0.0,0.0,0.0,0.0,0.0,0.97,0.0,0.0,0.0,0.0,0.0,0.0,0.0,0.0,0.01,0.0,0.01,0.0,0.0,0.0,0.0,0.0,0.0,0.0,0.0,0.01,0.0,0.0,0.0,0.0,0.0,0.0,0.0,0.0,0.0,0.0,0.0,0.0,0.0,0.0,0.0,0.0,0.0,0.0,0.0,0.0,0.0,0.0,0.0,0.0,0.0,0.0,0.0,0.0,0.0,0.0,0.0,0.0,0.0,0.0,0.0,0.0,0.0,0.0,0.0,0.0,0.0,0.0,0.0,0.0,0.0,0.0,0.0,0.0,0.0,0.0,0.0,0.0,0.0,0.0,0.0,0.0,0.0,0.0,0.0,0.0,0.0,0.0,0.0,0.0,0.0,0.0,0.0,0.0,0.0,0.0,0.0
360,566,0.0,0.0,0.0,0.0,0.0,0.0,0.0,0.941,0.0097,0.0098,0.0,0.0,0.0,0.0,0.0,0.0,0.0097,0.0,0.0196,0.0001,0.0,0.0,0.0,0.0,0.0,0.0,0.0,0.0098,0.0,0.0002,0.0,0.0,0.0,0.0,0.0,0.0,0.0,0.0,0.0001,0.0,0.0,0.0,0.0,0.0,0.0,0.0,0.0,0.0,0.0,0.0,0.0,0.0,0.0,0.0,0.0,0.0,0.0,0.0,0.0,0.0,0.0,0.0,0.0,0.0,0.0,0.0,0.0,0.0,0.0,0.0,0.0,0.0,0.0,0.0,0.0,0.0,0.0,0.0,0.0,0.0,0.0,0.0,0.0,0.0,0.0,0.0,0.0,0.0,0.0,0.0,0.0,0.0,0.0,0.0,0.0,0.0,0.0,0.0,0.0,0.0
361,567,0.0,0.0,0.0,0.0,0.0,0.0,0.912867,0.018819000000000002,0.019208999999999997,0.000294,0.0,0.0,0.0,0.0,0.0,0.009409,0.0,0.028616999999999997,0.000194,0.000297,0.0,0.0,0.0,0.0,0.0,0.0,0.009602999999999999,0.0,0.000489,3.0000000000000005e-06,0.0,0.0,0.0,0.0,0.0,0.0,0.0,0.000195,0.0,3.0000000000000005e-06,0.0,0.0,0.0,0.0,0.0,0.0,0.0,0.0,1.0000000000000002e-06,0.0,0.0,0.0,0.0,0.0,0.0,0.0,0.0,0.0,0.0,0.0,0.0,0.0,0.0,0.0,0.0,0.0,0.0,0.0,0.0,0.0,0.0,0.0,0.0,0.0,0.0,0.0,0.0,0.0,0.0,0.0,0.0,0.0,0.0,0.0,0.0,0.0,0.0,0.0,0.0,0.0,0.0,0.0,0.0,0.0,0.0,0.0,0.0,0.0,0.0,0.0
362,568,0.0,0.0,0.0,0.0,0.0,0.88557508,0.0273831,0.02823576,0.0006674000000000001,0.00020093999999999998,0.0,0.0,0.0,0.0,0.00912673,0.0,0.03707728,0.00037637,0.0007712400000000001,7.88e-06,0.0,0.0,0.0,0.0,0.0,0.009408999999999999,0.0,0.0008584799999999999,4.850000000000001e-06,7.919999999999999e-06,0.0,0.0,0.0,0.0,0.0,0.0,0.00028518,0.0,9.76e-06,6.000000000000001e-08,0.0,0.0,0.0,0.0,0.0,0.0,0.0,2.92e-06,0.0,4.000000000000001e-08,0.0,0.0,0.0,0.0,0.0,0.0,0.0,0.0,1.0000000000000002e-08,0.0,0.0,0.0,0.0,0.0,0.0,0.0,0.0,0.0,0.0,0.0,0.0,0.0,0.0,0.0,0.0,0.0,0.0,0.0,0.0,0.0,0.0,0.0,0.0,0.0,0.0,0.0,0.0,0.0,0.0,0.0,0.0,0.0,0.0,0.0,0.0,0.0,0.0,0.0,0.0,0.0
363,569,0.0,0.0,0.0,0.0,0.8590990948999999,0.0354173578,0.0368890418,0.0012073302999999998,0.0004916558,1.07716e-05,0.0,0.0,0.0,0.008852928099999999,0.0,0.0450060697,0.0006389099,0.0014098179999999997,1.8129800000000004e-05,9.8798e-06,0.0,0.0,0.0,0.0,0.0092179973,0.0,0.0013004401999999998,8.468200000000001e-06,2.4077199999999997e-05,2.0710000000000002e-07,0.0,0.0,0.0,0.0,0.0,0.00037071459999999995,0.0,2.0933e-05,1.0670000000000002e-07,1.778e-07,0.0,0.0,0.0,0.0,0.0,0.0,5.6842e-06,0.0,1.657e-07,1.0000000000000003e-09,0.0,0.0,0.0,0.0,0.0,0.0,0.0,3.89e-08,0.0,5.000000000000001e-10,0.0,0.0,0.0,0.0,0.0,0.0,0.0,0.0,1.0000000000000002e-10,0.0,0.0,0.0,0.0,0.0,0.0,0.0,0.0,0.0,0.0,0.0,0.0,0.0,0.0,0.0,0.0,0.0,0.0,0.0,0.0,0.0,0.0,0.0,0.0,0.0,0.0,0.0,0.0,0.0,0.0,0.0
364,570,0.0,0.0,0.0,0.833414651334,0.04294582801499999,0.04517759577,0.0019005634859999999,0.000871968027,2.7619611e-05,5.2307880000000005e-06,0.0,0.0,0.008587340256999998,0.0,0.05242758781199999,0.0009739161809999999,0.002199478977,3.613299000000001e-05,2.8838916e-05,3.89883e-07,0.0,0.0,0.0,0.009029986661999998,0.0,0.0018073748099999996,1.4603253000000001e-05,5.066679599999999e-05,4.679340000000001e-07,3.4341899999999996e-07,0.0,0.0,0.0,0.0,0.00045177313499999993,0.0,3.707339999999999e-05,1.8818100000000004e-07,6.242249999999999e-07,4.9260000000000006e-09,0.0,0.0,0.0,0.0,0.0,9.22082e-06,0.0,4.2729e-07,2.0370000000000003e-09,3.45e-09,0.0,0.0,0.0,0.0,0.0,0.0,9.4575e-08,0.0,2.5320000000000004e-09,1.5000000000000003e-11,0.0,0.0,0.0,0.0,0.0,0.0,0.0,4.86e-10,0.0,6.000000000000002e-12,0.0,0.0,0.0,0.0,0.0,0.0,0.0,0.0,1.0000000000000002e-12,0.0,0.0,0.0,0.0,0.0,0.0,0.0,0.0,0.0,0.0,0.0,0.0,0.0,0.0,0.0,0.0,0.0,0.0,0.0,0.0,0.0
365,571,0.0,0.0,0.80849808519655,0.04999159968788999,0.053110148568510006,0.0027345199810799993,0.0013385853685199999,5.48776677e-05,1.4358129899999998e-05,3.8471070000000006e-07,0.0,0.008329720049289998,0.0,0.059365079960169986,0.0013741569757199999,0.0031276201916100002,6.39398295e-05,5.919488652e-05,1.0203918600000001e-06,3.4803006000000003e-07,0.0,0.0,0.008844960464709999,0.0,0.0023722470417899995,2.390431722e-05,8.958606398999999e-05,9.631402200000001e-07,1.1344157999999998e-06,1.206162e-08,0.0,0.0,0.0,0.0005285198075699999,0.0,5.864488564999998e-05,3.285681e-07,1.4871731099999998e-06,1.1359740000000002e-08,9.760199999999997e-09,0.0,0.0,0.0,0.0,1.3461926749999999e-05,0.0,8.783592499999999e-07,3.857700000000001e-09,1.388697e-08,1.0428e-10,0.0,0.0,0.0,0.0,0.0,1.8394594999999998e-07,0.0,7.67955e-09,3.492000000000001e-11,6.003e-11,0.0,0.0,0.0,0.0,0.0,0.0,1.41717e-09,0.0,3.6010000000000007e-11,2.1000000000000006e-13,0.0,0.0,0.0,0.0,0.0,0.0,0.0,5.83e-12,0.0,7.000000000000003e-14,0.0,0.0,0.0,0.0,0.0,0.0,0.0,0.0,1.0000000000000002e-14,0.0,0.0,0.0,0.0,0.0,0.0,0.0,0.0,0.0,0.0,0.0
366,572,0.0,0.7843264398411464,0.05657683254921879,0.06069539175990081,0.003697243433968799,0.0018881506948764,9.460178945999999e-05,2.8453965230399995e-05,1.0757312736e-06,1.5475581360000002e-07,0.008079828447811297,0.0,0.06584085521847038,0.0018328482633272998,0.0041822663415664,0.00010334744735519999,0.0001029769561656,2.1875864783999998e-06,1.0844634804000001e-06,1.7651942400000003e-08,0.0,0.008662908851261598,0.0,0.0029884652328607997,3.69287574606e-05,0.00014248360326079998,1.8159731616000002e-06,2.6030645622e-06,3.16486896e-08,1.50426768e-08,0.0,0.0,0.0006011138179899999,0.0,8.602782684159997e-05,5.577542292e-07,2.9336510055999996e-06,2.3974608000000002e-08,3.582215279999999e-08,3.328584e-10,0.0,0.0,0.0,1.8343267023199996e-05,0.0,1.5749160559999997e-06,7.027650000000001e-09,3.720247999999999e-08,2.5367520000000007e-10,2.3811479999999995e-10,0.0,0.0,0.0,0.0,3.13046839e-07,0.0,1.8086387199999998e-08,7.244940000000001e-11,2.742544e-10,1.9944e-12,0.0,0.0,0.0,0.0,0.0,3.2141144e-09,0.0,1.2595520000000002e-10,5.529000000000001e-13,9.632e-13,0.0,0.0,0.0,0.0,0.0,0.0,1.98268e-11,0.0,4.864e-13,2.800000000000001e-15,0.0,0.0,0.0,0.0,0.0,0.0,0.0,6.8e-14,0.0,0.0,0.0,0.0,0.0,0.0,0.0,0.0,0.0,0.0,0.0,0.0
367,573,0.007924062682889577,0.008409032723903653,0.009674395193687364,0.001228023160064157,0.0007046305223031241,5.7833433656603994e-05,2.1141834057324003e-05,1.2631907244239998e-06,3.0768915798e-07,1.4028948432000001e-08,8.079828447811298e-05,0.7616224825710874,0.0548978560553755,0.05960464587503276,0.003606057375631166,0.0018757834430400359,9.283724584615198e-05,2.8666991115569996e-05,1.065828206496e-06,1.6128472018800002e-07,0.007924062682889574,0.0,0.06398815444093739,0.0017782321030020867,0.0040889681179490395,0.00010064004878305797,0.00010136785066891799,2.14067484864e-06,1.0784688699060002e-06,1.7592626376e-08,0.0,0.00840903272390365,0.0,0.0029058661249935233,3.582647227907401e-05,0.00013911445910200798,1.767381531624e-06,2.5550393817179995e-06,3.0944840328e-08,1.4955327756e-08,0.0,0.0,0.0005832638361205318,0.0,8.364930433553396e-05,5.41091878824e-07,2.8619435246639993e-06,2.3328907506000003e-08,3.512463670799999e-08,3.27810492e-10,0.0,0.0,0.0,1.7796099480893995e-05,0.0,1.5310120477259998e-06,6.817544994000001e-09,3.627127156799999e-08,2.46814911e-10,2.3374347599999987e-10,0.0,0.0,0.0,0.0,3.03687574974e-07,0.0,1.7577394547999998e-08,7.028144700000002e-11,2.67300816e-10,1.9497570000000003e-12,0.0,0.0,0.0,0.0,0.0,3.117889236e-09,0.0,1.22380356e-10,5.363410000000001e-13,9.391959999999998e-13,0.0,0.0,0.0,0.0,0.0,0.0,1.9232676e-11,0.0,4.72488e-13,2.7160000000000007e-15,0.0,0.0,0.0,0.0,0.0,0.0,0.0,6.596e-14,0.0,0.0
368,575,0.0,0.0,0.0,0.0,0.0,0.0,0.0,0.0,0.0,0.0,0.0,0.0,0.0,0.0,0.0,0.0,0.0,0.0,0.0,0.0,0.0,0.0,0.0,0.0,0.0,0.0,0.0,0.0,1.0,0.0,0.0,0.0,0.0,0.0,0.0,0.0,0.0,0.0,0.0,0.0,0.0,0.0,0.0,0.0,0.0,0.0,0.0,0.0,0.0,0.0,0.0,0.0,0.0,0.0,0.0,0.0,0.0,0.0,0.0,0.0,0.0,0.0,0.0,0.0,0.0,0.0,0.0,0.0,0.0,0.0,0.0,0.0,0.0,0.0,0.0,0.0,0.0,0.0,0.0,0.0,0.0,0.0,0.0,0.0,0.0,0.0,0.0,0.0,0.0,0.0,0.0,0.0,0.0,0.0,0.0,0.0,0.0,0.0,0.0,0.0
369,576,0.0,0.0,0.0,0.0,0.0,0.0,0.0,0.0,0.0,0.0,0.0,0.0,0.0,0.0,0.0,0.0,0.0,0.0,0.97,0.0,0.0,0.0,0.0,0.0,0.0,0.0,0.0,0.01,0.0,0.01,0.0,0.0,0.0,0.0,0.0,0.0,0.0,0.0,0.01,0.0,0.0,0.0,0.0,0.0,0.0,0.0,0.0,0.0,0.0,0.0,0.0,0.0,0.0,0.0,0.0,0.0,0.0,0.0,0.0,0.0,0.0,0.0,0.0,0.0,0.0,0.0,0.0,0.0,0.0,0.0,0.0,0.0,0.0,0.0,0.0,0.0,0.0,0.0,0.0,0.0,0.0,0.0,0.0,0.0,0.0,0.0,0.0,0.0,0.0,0.0,0.0,0.0,0.0,0.0,0.0,0.0,0.0,0.0,0.0,0.0
370,577,0.0,0.0,0.0,0.0,0.0,0.0,0.0,0.0,0.9409,0.0,0.0,0.0,0.0,0.0,0.0,0.0,0.0,0.0194,0.0,0.0194,0.0,0.0,0.0,0.0,0.0,0.0,0.0001,0.0,0.0196,0.0001,0.0,0.0,0.0,0.0,0.0,0.0,0.0,0.0002,0.0,0.0002,0.0,0.0,0.0,0.0,0.0,0.0,0.0,0.0,0.0001,0.0,0.0,0.0,0.0,0.0,0.0,0.0,0.0,0.0,0.0,0.0,0.0,0.0,0.0,0.0,0.0,0.0,0.0,0.0,0.0,0.0,0.0,0.0,0.0,0.0,0.0,0.0,0.0,0.0,0.0,0.0,0.0,0.0,0.0,0.0,0.0,0.0,0.0,0.0,0.0,0.0,0.0,0.0,0.0,0.0,0.0,0.0,0.0,0.0,0.0,0.0
371,578,0.0,0.0,0.0,0.0,0.0,0.0,0.0,0.912867,0.009408999999999999,0.009602999999999999,0.0,0.0,0.0,0.0,0.0,0.0,0.018819000000000002,0.0,0.028617000000000004,0.000195,0.0,0.0,0.0,0.0,0.0,9.7e-05,0.0,0.019208999999999997,9.7e-05,0.00039299999999999996,0.0,0.0,0.0,0.0,0.0,0.0,0.000195,0.0,0.000393,3.0000000000000005e-06,0.0,0.0,0.0,0.0,0.0,0.0,0.0,9.9e-05,0.0,3.0000000000000005e-06,0.0,0.0,0.0,0.0,0.0,0.0,0.0,0.0,1.0000000000000002e-06,0.0,0.0,0.0,0.0,0.0,0.0,0.0,0.0,0.0,0.0,0.0,0.0,0.0,0.0,0.0,0.0,0.0,0.0,0.0,0.0,0.0,0.0,0.0,0.0,0.0,0.0,0.0,0.0,0.0,0.0,0.0,0.0,0.0,0.0,0.0,0.0,0.0,0.0,0.0,0.0,0.0
372,579,0.0,0.0,0.0,0.0,0.0,0.0,0.88566918,0.018255399999999998,0.01882384,0.00028809999999999996,0.0,0.0,0.0,0.0,0.0,0.0182554,0.0,0.037267440000000006,0.00028421,0.00038808000000000007,0.0,0.0,0.0,0.0,9.409e-05,0.0,0.018823839999999998,9.409e-05,0.0008634,6.879999999999999e-06,0.0,0.0,0.0,0.0,0.0,0.00019012,0.0,0.00057624,3.88e-06,7.919999999999999e-06,0.0,0.0,0.0,0.0,0.0,0.0,9.797999999999998e-05,0.0,7.840000000000001e-06,6.000000000000001e-08,0.0,0.0,0.0,0.0,0.0,0.0,0.0,1.96e-06,0.0,4.000000000000001e-08,0.0,0.0,0.0,0.0,0.0,0.0,0.0,0.0,1.0000000000000002e-08,0.0,0.0,0.0,0.0,0.0,0.0,0.0,0.0,0.0,0.0,0.0,0.0,0.0,0.0,0.0,0.0,0.0,0.0,0.0,0.0,0.0,0.0,0.0,0.0,0.0,0.0,0.0,0.0,0.0,0.0,0.0
373,580,0.0,0.0,0.0,0.0,0.0,0.8592816585999999,0.026564429799999997,0.027671045000000005,0.0006530914999999999,0.0001978812,0.0,0.0,0.0,0.0,0.0177086789,0.0,0.04537690100000001,0.00045917859999999996,0.0009459844000000001,9.672700000000001e-06,0.0,0.0,0.0,9.12673e-05,0.0,0.0184445209,9.12673e-05,0.0014041732,1.04954e-05,1.2662799999999998e-05,0.0,0.0,0.0,0.0,0.0001853573,0.0,0.0007500721999999999,4.7045e-06,2.2157199999999995e-05,1.874e-07,0.0,0.0,0.0,0.0,0.0,9.694179999999997e-05,0.0,1.43666e-05,9.700000000000001e-08,1.586e-07,0.0,0.0,0.0,0.0,0.0,0.0,2.881e-06,0.0,1.3690000000000001e-07,1.0000000000000003e-09,0.0,0.0,0.0,0.0,0.0,0.0,0.0,2.93e-08,0.0,5.000000000000001e-10,0.0,0.0,0.0,0.0,0.0,0.0,0.0,0.0,1.0000000000000002e-10,0.0,0.0,0.0,0.0,0.0,0.0,0.0,0.0,0.0,0.0,0.0,0.0,0.0,0.0,0.0,0.0,0.0,0.0,0.0,0.0,0.0
374,581,0.0,0.0,0.0,0.0,0.8336802956309999,0.034360313492,0.036153143544,0.001180445289,0.0004846459730000001,1.0585265999999999e-05,0.0,0.0,0.0,0.017178331206,0.0,0.05296994255400001,0.0007119602129999999,0.0016621260600000003,2.0610174e-05,1.1662011000000001e-05,0.0,0.0,8.8529281e-05,0.0,0.018071038308000005,8.8529281e-05,0.002007762945,1.5732042000000003e-05,3.6006063999999996e-05,3.3018300000000004e-07,0.0,0.0,0.0,0.000180709254,0.0,0.000914838234,5.4760379999999995e-06,4.317860399999999e-05,3.3474699999999997e-07,3.5165999999999996e-07,0.0,0.0,0.0,0.0,9.588711899999996e-05,0.0,2.2434551999999996e-05,1.41135e-07,5.20449e-07,4.44e-09,0.0,0.0,0.0,0.0,0.0,3.7639879999999995e-06,0.0,3.0556200000000005e-07,1.9400000000000003e-09,2.9700000000000003e-09,0.0,0.0,0.0,0.0,0.0,0.0,5.7231000000000005e-08,0.0,2.148e-09,1.5000000000000003e-11,0.0,0.0,0.0,0.0,0.0,0.0,0.0,3.9000000000000005e-10,0.0,6.000000000000002e-12,0.0,0.0,0.0,0.0,0.0,0.0,0.0,0.0,1.0000000000000002e-12,0.0,0.0,0.0,0.0,0.0,0.0,0.0,0.0,0.0,0.0,0.0
375,582,0.0,0.0,0.0,0.8088416700741299,0.04166630704355,0.04427865475445,0.0018572861028200002,0.0008600637427400001,2.712472238e-05,5.174785160000001e-06,0.0,0.0,0.01666386656263,0.0,0.060070140928830014,0.00103508983434,0.0025235707686300005,3.907324422e-05,3.3139931640000005e-05,4.3187634e-07,0.0,8.587340257e-05,0.0,0.017703382856170007,8.587340257e-05,0.00266708824761,2.331973606e-05,7.205655817e-05,6.8704714e-07,4.8349918e-07,0.0,0.0,0.00017617326918999997,0.0,0.0010708694337900001,6.197049669999999e-06,7.133360319e-05,5.3819674e-07,1.1381613699999998e-06,1.02103e-08,0.0,0.0,0.0,9.481759796999996e-05,0.0,3.1906408849999994e-05,1.9166133e-07,1.1640227099999998e-06,9.085020000000001e-09,8.79519e-09,0.0,0.0,0.0,0.0,4.609939549999999e-06,0.0,5.589528499999999e-07,3.2931500000000004e-09,1.1162490000000002e-08,9.365000000000001e-11,0.0,0.0,0.0,0.0,0.0,9.315394999999999e-08,0.0,5.7153900000000005e-09,3.395e-11,5.139e-11,0.0,0.0,0.0,0.0,0.0,0.0,9.5061e-10,0.0,3.121e-11,2.1000000000000006e-13,0.0,0.0,0.0,0.0,0.0,0.0,0.0,4.870000000000001e-12,0.0,7.000000000000003e-14,0.0,0.0,0.0,0.0,0.0,0.0,0.0,0.0,1.0000000000000002e-14,0.0
376,583,0.0,0.0,0.7847430586375322,0.048504734532984796,0.0520560762922816,0.0026713680360588,0.0013208569467168002,5.38752116064e-05,1.4222825572800002e-05,3.790616904000001e-07,0.0,0.016164809299776803,0.0,0.06670012589589441,0.001421558943771,0.0035180224848800003,6.70580036256e-05,6.670264438620001e-05,1.0877701872e-06,3.923009232000001e-07,8.329720049289999e-05,0.0,0.017341540502828805,8.329720049289999e-05,0.0033755195323696002,3.3891746844e-05,0.0001225147876192,1.2957474959999999e-06,1.5323407164000001e-06,1.61263296e-08,0.0,0.00017174680513999996,0.0,0.0012184870880096001,6.869872205599999e-06,0.0001068922359968,8.191353084e-07,2.5495583696e-06,2.2247279999999997e-08,1.6406660399999997e-08,0.0,0.0,9.373480272279995e-05,0.0,4.26521862976e-05,2.478819868e-07,2.1670916775999993e-06,1.6143981600000003e-08,3.1664799999999995e-08,2.818416e-10,0.0,0.0,0.0,5.419817343199999e-06,0.0,9.082792879999999e-07,5.1109688e-09,2.8114524799999998e-08,2.1496170000000003e-10,2.0102720000000001e-10,0.0,0.0,0.0,0.0,1.3645872699999998e-07,0.0,1.2074502399999999e-08,6.5863e-11,2.1893920000000005e-10,1.7920000000000002e-12,0.0,0.0,0.0,0.0,0.0,1.8536312e-09,0.0,9.698240000000001e-11,5.432e-13,8.288000000000001e-13,0.0,0.0,0.0,0.0,0.0,0.0,1.4230000000000002e-11,0.0,4.288000000000001e-13,2.800000000000001e-15,0.0,0.0,0.0,0.0,0.0,0.0,0.0,5.840000000000001e-14,0.0,0.0
377,585,0.007770431129641924,0.008162594380547747,0.009486349274523707,0.001198667394630079,0.0006960240882083125,5.673902835020701e-05,2.0990636876492045e-05,1.24399248577146e-06,3.0628879247088005e-07,1.3857655021920002e-08,0.00015761496277266542,0.7395770205924319,0.05326956829864217,0.05852547970547419,0.0035229101638691836,0.0018571449114671644,9.117489598276673e-05,2.8553420744205602e-05,1.05112027084656e-06,1.6155486720354002e-07,0.015382614237787444,1.6159656895622599e-06,0.07091987122730181,0.001810211590880126,0.004539442568960611,0.00010363973200798076,0.00011285640742630273,2.23267545007512e-06,1.2037633246342803e-06,1.8788239132440003e-08,8.004860967367689e-05,0.016492108739135695,7.84493034242132e-05,0.004018675854740358,4.6642592450805007e-05,0.00018476285068437745,2.2190662843706398e-06,3.35115944042442e-06,3.895018565529e-08,1.9565456545680002e-08,0.00016333095406793227,0.0,0.0013187964539352621,7.27493704552269e-06,0.0001461456828668097,1.1719461882631198e-06,4.68257752819008e-06,4.187804671979999e-08,5.6133026704919995e-08,5.456223635400001e-10,0.0,8.99229656002418e-05,0.0,5.299000915096308e-05,2.9994428637048e-07,3.51284215740876e-06,2.5669248222090003e-08,7.641318420719999e-08,6.439978187200001e-10,4.790390044499999e-10,0.0,0.0,6.010599356014258e-06,0.0,1.32434110636632e-06,7.21451578386e-09,5.663144653865999e-08,4.1027669602000005e-10,7.773638976000001e-10,6.8744328400000006e-12,0.0,0.0,0.0,1.8099787055867998e-07,0.0,2.15471227314e-08,1.115587494e-10,5.991641128800002e-10,4.427614930000001e-12,4.139212960000001e-12,0.0,0.0,0.0,0.0,3.0680546420999994e-09,0.0,2.2683233712000003e-10,1.15004946e-12,3.863878000000001e-12,3.0925480000000006e-14,0.0,0.0,0.0,0.0,0.0,3.137121912e-11,1.9297956000000003e-13,1.4848228800000002e-12,1.2629400000000003e-14,1.2274600000000003e-14
378,586,0.0,0.0,0.0,0.0,0.0,0.0,0.0,0.0,0.0,0.0,0.0,0.0,0.0,0.0,0.0,0.0,0.0,0.0,0.0,0.0,0.0,0.0,0.0,0.0,0.0,0.0,0.0,0.0,0.0,0.0,0.0,0.0,0.0,0.0,0.0,0.0,0.0,0.0,0.0,0.0,0.0,0.0,0.0,0.0,0.0,0.0,0.0,0.0,1.0,0.0,0.0,0.0,0.0,0.0,0.0,0.0,0.0,0.0,0.0,0.0,0.0,0.0,0.0,0.0,0.0,0.0,0.0,0.0,0.0,0.0,0.0,0.0,0.0,0.0,0.0,0.0,0.0,0.0,0.0,0.0,0.0,0.0,0.0,0.0,0.0,0.0,0.0,0.0,0.0,0.0,0.0,0.0,0.0,0.0,0.0,0.0,0.0,0.0,0.0,0.0
379,587,0.0,0.0,0.0,0.0,0.0,0.0,0.0,0.0,0.0,0.0,0.0,0.0,0.0,0.0,0.0,0.0,0.0,0.0,0.0,0.0,0.0,0.0,0.0,0.0,0.0,0.0,0.0,0.0,0.0,0.0,0.0,0.0,0.0,0.0,0.0,0.0,0.0,0.0,0.0,0.0,0.0,0.0,0.0,0.0,0.0,0.0,0.0,0.0,0.0,0.0,0.0,0.0,0.0,0.0,0.0,0.0,0.0,0.0,0.0,0.0,0.0,0.0,0.0,0.0,0.0,0.0,0.0,0.0,0.0,0.0,0.0,0.0,0.0,0.0,0.0,0.0,0.0,0.0,1.0,0.0,0.0,0.0,0.0,0.0,0.0,0.0,0.0,0.0,0.0,0.0,0.0,0.0,0.0,0.0,0.0,0.0,0.0,0.0,0.0,0.0
380,588,0.0,0.0,0.0,0.0,0.0,0.0,0.0,0.0,0.0,0.0,0.0,0.0,0.0,0.0,0.0,0.0,0.0,0.0,0.0,0.0,0.0,0.0,0.0,0.0,0.0,0.0,0.0,0.0,0.0,0.0,0.0,0.0,0.0,0.0,0.0,0.0,0.0,0.0,0.0,0.0,0.0,0.0,0.0,0.0,0.0,0.0,0.0,0.0,0.0,0.0,0.0,0.0,0.0,0.0,0.0,0.0,0.0,0.0,0.0,0.0,0.0,0.0,0.0,0.0,0.0,0.0,0.0,0.0,0.01,0.0,0.0,0.0,0.0,0.0,0.0,0.0,0.0,0.01,0.0,0.01,0.0,0.0,0.0,0.0,0.0,0.0,0.0,0.0,0.97,0.0,0.0,0.0,0.0,0.0,0.0,0.0,0.0,0.0,0.0,0.0
381,589,0.0,0.0,0.0,0.0,0.0,0.0,0.0,0.0,0.0,0.0,0.0,0.0,0.0,0.0,0.0,0.0,0.0,0.0,0.0,0.0,0.0,0.0,0.0,0.0,0.0,0.0,0.0,0.0,0.0,0.0,0.0,0.0,0.0,0.0,0.0,0.0,0.0,0.0,0.0,0.0,0.0,0.0,0.0,0.0,0.0,0.0,0.0,0.0,0.0,0.0,0.0,0.0,0.0,0.0,0.0,0.0,0.0,0.0,0.0001,0.0,0.0,0.0,0.0,0.0,0.0,0.0,0.0,0.0002,0.0,0.0002,0.0,0.0,0.0,0.0,0.0,0.0,0.0001,0.0,0.0196,0.0001,0.0,0.0,0.0,0.0,0.0,0.0,0.0,0.0194,0.0,0.0194,0.0,0.0,0.0,0.0,0.0,0.0,0.0,0.0,0.9409,0.0
382,590,0.0,0.0,0.0,0.0,0.0,0.0,0.0,0.0,0.0,0.0,0.0,0.0,0.0,0.0,0.0,0.0,0.0,0.0,0.0,0.0,0.0,0.0,0.0,0.0,0.0,0.0,0.0,0.0,0.0,0.0,0.0,0.0,0.0,0.0,0.0,0.0,0.0,0.0,0.0,0.0,0.0,0.0,0.0,0.0,0.0,0.0,0.0,0.0,1.0000000000000002e-06,0.0,0.0,0.0,0.0,0.0,0.0,0.0,0.0,3.0000000000000005e-06,0.0,9.9e-05,0.0,0.0,0.0,0.0,0.0,0.0,3.0000000000000005e-06,0.0,0.000393,0.000195,0.0,0.0,0.0,0.0,0.0,1.0000000000000002e-06,0.0,0.000489,1.0000000000000002e-06,0.019304999999999996,0.0,0.0,0.0,0.0,0.0,0.0,0.000195,0.0,0.028617000000000004,0.018819000000000002,0.0,0.0,0.0,0.0,0.0,0.0,0.0,0.009602999999999999,0.009408999999999999,0.912867
383,591,0.0,0.0,0.0,0.0,0.0,0.0,0.0,0.0,0.0,0.0,0.0,0.0,0.0,0.0,0.0,0.0,0.0,0.0,0.0,0.0,0.0,0.0,0.0,0.0,0.0,0.0,0.0,0.0,0.0,0.0,0.0,0.0,0.0,0.0,0.0,0.0,0.0,0.0,0.0,0.0,0.0,0.0,0.0,0.0,0.0,0.0,0.0,0.0,0.0,0.0,0.0,0.0,0.0,0.0,0.0,0.0,0.0,0.0,0.0,0.0,0.0,0.0,0.0,0.0,0.0,0.0,0.0,0.0,0.0,0.0,0.0,0.0,0.0,0.0,0.0,0.0,0.0,0.0,0.0,0.0,0.0,0.0,0.0,0.0,0.0,0.0,0.0,0.0,1.0,0.0,0.0,0.0,0.0,0.0,0.0,0.0,0.0,0.0,0.0,0.0
384,594,0.0,0.0,0.0,0.0,0.0,0.0,0.0,0.0,0.0,0.0,0.0,0.0,0.0,0.0,0.0,0.0,0.0,0.0,0.0,0.0,0.0,0.0,0.0,0.0,0.0,0.0,0.0,0.0,0.0,0.0,0.0,0.0,0.0,0.0,0.0,0.0,0.0,0.0,0.0,0.0,0.0,0.0,0.0,0.0,0.0,0.0,0.0,0.0,0.0,0.0,0.0,0.0,0.0,0.0,0.0,0.0,0.0,0.0,0.0,0.0,0.0,0.0,0.0,0.0,0.0,0.0,0.0,0.0,0.0,0.0,0.0,0.0,0.0,0.0,0.0,0.0,0.0,0.0,0.0,0.0,0.0,0.0,0.0,0.0,0.0,0.0,0.0,0.0,0.0,0.0,0.0,0.0,0.0,0.0,0.0,0.0,0.0,0.0,1.0,0.0
385,595,0.0,0.0,0.0,0.0,0.0,0.0,0.0,0.0,0.0,0.0,0.0,0.0,0.0,0.0,0.0,0.0,0.0,0.0,0.0,0.0,0.0,0.0,0.0,0.0,0.0,0.0,0.0,0.0,0.0,0.0,0.0,0.0,0.0,0.0,0.0,0.0,0.0,0.0,0.0,0.0,0.0,0.0,0.0,0.0,0.0,0.0,0.0,0.0,0.0,0.0,0.0,0.0,0.0,0.0,0.0,0.0,0.0,0.0,0.0,0.0,0.0,0.0,0.0,0.0,0.0,0.0,0.0,0.0,0.0,0.0,0.0,0.0,0.0,0.0,0.0,0.0,0.0,0.0,0.0,0.0,0.0,0.0,0.0,0.0,0.0,0.0,0.0,0.0,0.01,0.0,0.0,0.0,0.0,0.0,0.0,0.0,0.0,0.01,0.01,0.97
386,596,0.0,0.0,0.0,0.0,0.0,0.0,0.0,0.0,0.0,1.0,0.0,0.0,0.0,0.0,0.0,0.0,0.0,0.0,0.0,0.0,0.0,0.0,0.0,0.0,0.0,0.0,0.0,0.0,0.0,0.0,0.0,0.0,0.0,0.0,0.0,0.0,0.0,0.0,0.0,0.0,0.0,0.0,0.0,0.0,0.0,0.0,0.0,0.0,0.0,0.0,0.0,0.0,0.0,0.0,0.0,0.0,0.0,0.0,0.0,0.0,0.0,0.0,0.0,0.0,0.0,0.0,0.0,0.0,0.0,0.0,0.0,0.0,0.0,0.0,0.0,0.0,0.0,0.0,0.0,0.0,0.0,0.0,0.0,0.0,0.0,0.0,0.0,0.0,0.0,0.0,0.0,0.0,0.0,0.0,0.0,0.0,0.0,0.0,0.0,0.0
387,606,0.00024239485343433898,0.00787110232281619,0.0009038696013312073,0.00072809694218771,6.89423409198368e-05,2.7659454770669033e-05,2.1444606895665596e-06,5.411138642686799e-07,3.2833355013720006e-08,5.308970418e-09,0.015211085035849552,0.009013348503455278,0.01838006957929561,0.002163442550054732,0.001375440513247522,0.00011770374166254494,4.225818988696889e-05,2.7742075942411196e-06,6.2879776610232e-07,3.245192982876e-08,0.0,0.7386783495021898,0.06847897725710092,0.059691195662118515,0.00456165271567569,0.0019292436426374922,0.00011849834379075603,3.0212950436062197e-05,1.3632808050302398e-06,1.7718329393171997e-07,0.0,0.0,0.0608637365405835,0.002822875598490881,0.00397538137481355,0.00015741727789137997,0.00010023209260780643,3.2448303260069397e-06,1.08525762009306e-06,2.4488826040799998e-08,0.0,0.0,0.0,0.002195414397041566,6.789220020903054e-05,0.00011713388433875605,3.1099650184570795e-06,2.24357127869406e-06,4.805153355906e-08,1.3535676520560002e-08,0.0,0.0,0.0,0.0,4.5259062095199955e-05,1.04976782790222e-06,1.9132215492730206e-06,3.800780135844e-08,2.5313752376400006e-08,3.9113820216000014e-10,0.0,0.0,0.0,0.0,0.0,5.831795588795399e-07,1.0821582049380002e-08,1.8395430562320006e-08,2.8982543519999997e-10,1.3055411672e-10,0.0,0.0,0.0,0.0,0.0,0.0,4.809421648560001e-09,7.437137052000001e-11,1.0094850915999999e-10,1.30380416e-12,0.0,0.0,0.0,0.0,0.0,0.0,0.0,2.4789704120000002e-11,3.2856228e-13,2.6119384000000004e-13,0.0,0.0,0.0,0.0,0.0,0.0,0.0,0.0,7.301384e-14,0.0
388,607,0.0,0.0,0.0,0.0,0.0,0.0,0.0,0.0,0.0,0.0,0.0,0.0,0.0,0.0,0.0,0.0,0.0,0.0,0.0,0.0,0.0,0.0,0.0,0.0,0.0,0.0,0.0,0.0,0.0,0.0,0.0,0.0,0.0,0.0,0.0,0.0,0.0,0.0,0.0,0.0,0.0,0.0,0.0,0.0,0.0,0.0,0.0,0.0,0.0,1.0,0.0,0.0,0.0,0.0,0.0,0.0,0.0,0.0,0.0,0.0,0.0,0.0,0.0,0.0,0.0,0.0,0.0,0.0,0.0,0.0,0.0,0.0,0.0,0.0,0.0,0.0,0.0,0.0,0.0,0.0,0.0,0.0,0.0,0.0,0.0,0.0,0.0,0.0,0.0,0.0,0.0,0.0,0.0,0.0,0.0,0.0,0.0,0.0,0.0,0.0
389,608,0.0,0.0,0.0,0.0,0.0,0.0,0.0,0.0,0.0,0.0,0.0,0.0,0.0,0.0,0.0,0.0,0.0,0.0,0.0,0.0,0.0,0.0,0.0,0.0,0.0,0.0,0.0,0.0,0.0,0.0,0.0,0.0,0.0,0.0,0.0,0.0,0.0,0.0,0.0,0.0,0.0,0.0,0.0,0.0,0.0,0.0,0.0,0.0,0.0,0.0,0.0,0.0,0.0,0.0,0.0,0.0,0.0,0.0,0.0,0.0,0.0,0.0,0.0,0.0,0.0,0.0,0.0,0.0,0.0,1.0,0.0,0.0,0.0,0.0,0.0,0.0,0.0,0.0,0.0,0.0,0.0,0.0,0.0,0.0,0.0,0.0,0.0,0.0,0.0,0.0,0.0,0.0,0.0,0.0,0.0,0.0,0.0,0.0,0.0,0.0
390,609,0.0,0.0,0.0,0.0,0.0,0.0,0.0,0.0,0.0,0.0,0.0,0.0,0.0,0.0,0.0,0.0,0.0,0.0,0.0,0.0,0.0,0.0,0.0,0.0,0.0,0.0,0.0,0.0,0.0,0.0,0.0,0.0,0.0,0.0,0.0,0.0,0.0,0.0,0.0,0.0,0.0,0.0,0.0,0.0,0.0,0.0,0.0,0.0,0.0,0.0,0.0,0.0,0.0,0.0,0.0,0.0,0.0,0.0,0.0,0.01,0.0,0.0,0.0,0.0,0.0,0.0,0.0,0.0,0.01,0.01,0.0,0.0,0.0,0.0,0.0,0.0,0.0,0.0,0.0,0.97,0.0,0.0,0.0,0.0,0.0,0.0,0.0,0.0,0.0,0.0,0.0,0.0,0.0,0.0,0.0,0.0,0.0,0.0,0.0,0.0
391,610,0.0,0.0,0.0,0.0,0.0,0.0,0.0,0.0,0.0,0.0,0.0,0.0,0.0,0.0,0.0,0.0,0.0,0.0,0.0,0.0,0.0,0.0,0.0,0.0,0.0,0.0,0.0,0.0,0.0,0.0,0.0,0.0,0.0,0.0,0.0,0.0,0.0,0.0,0.0,0.0,0.0,0.0,0.0,0.0,0.0,0.0,0.0,0.0,0.0,0.0001,0.0,0.0,0.0,0.0,0.0,0.0,0.0,0.0,0.0098,0.0002,0.0,0.0,0.0,0.0,0.0,0.0,0.0,0.0097,0.0097,0.01,0.0,0.0,0.0,0.0,0.0,0.0,0.0,0.0,0.941,0.0098,0.0,0.0,0.0,0.0,0.0,0.0,0.0,0.0,0.0,0.0097,0.0,0.0,0.0,0.0,0.0,0.0,0.0,0.0,0.0,0.0
392,611,0.0,0.0,0.0,0.0,0.0,0.0,0.0,0.0,0.0,0.0,0.0,0.0,0.0,0.0,0.0,0.0,0.0,0.0,0.0,0.0,0.0,0.0,0.0,0.0,0.0,0.0,0.0,0.0,0.0,0.0,0.0,0.0,0.0,0.0,0.0,0.0,0.0,0.0,0.0,1.0000000000000002e-06,0.0,0.0,0.0,0.0,0.0,0.0,0.0,0.0,9.9e-05,3.0000000000000005e-06,0.0,0.0,0.0,0.0,0.0,0.0,0.0,0.000195,9.9e-05,0.00029699999999999996,0.0,0.0,0.0,0.0,0.0,0.0,9.7e-05,9.7e-05,0.019112999999999998,0.0004890000000000001,0.0,0.0,0.0,0.0,0.0,0.0,0.0,0.018819000000000002,0.009507000000000002,0.019305000000000003,0.0,0.0,0.0,0.0,0.0,0.0,0.0,0.0,0.912867,0.009602999999999999,0.0,0.0,0.0,0.0,0.0,0.0,0.0,0.0,0.0,0.009409
393,612,0.0,0.0,0.0,0.0,0.0,0.0,0.0,0.0,0.0,0.0,0.0,0.0,0.0,0.0,0.0,0.0,0.0,0.0,0.0,0.0,0.0,0.0,0.0,0.0,0.0,0.0,0.0,0.0,0.0,1.0000000000000002e-08,0.0,0.0,0.0,0.0,0.0,0.0,0.0,0.0,1e-06,4.000000000000001e-08,0.0,0.0,0.0,0.0,0.0,0.0,0.0,2.94e-06,1.02e-06,4.959999999999999e-06,0.0,0.0,0.0,0.0,0.0,0.0,2.92e-06,1.96e-06,0.00029208,1.1760000000000001e-05,0.0,0.0,0.0,0.0,0.0,9.7e-07,9.7e-07,0.00056944,0.00019696,0.00067716,0.0,0.0,0.0,0.0,0.0,0.0,0.00028228000000000004,0.00018916,0.02804952,0.0008584800000000001,0.0,0.0,0.0,0.0,0.0,0.0,0.0,0.0273831,0.009317820000000001,0.028044640000000003,0.0,0.0,0.0,0.0,0.0,0.0,0.0,0.0,0.88557508,0.01853573
394,613,0.0,0.0,0.0,0.0,0.0,0.0,0.0,0.0,0.0,0.0,0.0,0.0,0.0,0.0,0.0,0.0,0.0,0.0,0.0,1.0000000000000002e-10,0.0,0.0,0.0,0.0,0.0,0.0,0.0,0.0,1.01e-08,1.0100000000000001e-08,0.0,0.0,0.0,0.0,0.0,0.0,0.0,3.9399999999999995e-08,1.06e-08,1.0585e-06,0.0,0.0,0.0,0.0,0.0,0.0,5.8599999999999995e-08,2.9800000000000002e-08,5.8322e-06,5.9185999999999995e-06,0.0,0.0,0.0,0.0,0.0,3.89e-08,2.93e-08,1.1477000000000002e-05,3.9986e-06,0.00030154600000000003,0.0,0.0,0.0,0.0,9.700000000000001e-09,9.700000000000001e-09,9.4873e-06,4.821700000000001e-06,0.0008425444,0.0008565987999999999,0.0,0.0,0.0,0.0,0.0,2.8325000000000004e-06,1.9013000000000003e-06,0.0008338322000000001,0.00028721780000000004,0.028327978,0.0,0.0,0.0,0.0,0.0,0.0,0.00027665379999999997,9.506980000000001e-05,0.0359782994,0.036435528300000006,0.0,0.0,0.0,0.0,0.0,0.0,0.0,0.0091295818,0.009134286299999999,0.8774532894
395,614,0.0,0.0,0.0,0.0,0.0,0.0,0.0,0.0,0.0,0.0,0.0,0.0,0.0,0.0,0.0,0.0,0.0,0.0,0.0,0.0,0.0,0.0,0.0,0.0,0.0,0.0,0.0,0.0,0.0,0.0,0.0,0.0,0.0,0.0,0.0,0.0,0.0,0.0,0.0,0.0,0.0,0.0,0.0,0.0,0.0,0.0,0.0,0.0,0.0,0.0,0.0,0.0,0.0,0.0,0.0,0.0,0.0,0.0,0.0,0.0,0.0,0.0,0.0,0.0,0.0,0.0,0.0,0.0,0.0,0.0,0.0,0.0,0.0,0.0,0.0,0.0,0.0,0.0,0.0,1.0,0.0,0.0,0.0,0.0,0.0,0.0,0.0,0.0,0.0,0.0,0.0,0.0,0.0,0.0,0.0,0.0,0.0,0.0,0.0,0.0
396,615,0.0,0.0,0.0,0.0,0.0,0.0,0.0,0.0,0.0,0.0,0.0,0.0,0.0,0.0,0.0,0.0,0.0,0.0,0.0,0.0,0.0,0.0,0.0,0.0,0.0,0.0,0.0,0.0,0.0,0.0,0.0,0.0,0.0,0.0,0.0,0.0,0.0,0.0,0.0,0.0,0.0,0.0,0.0,0.0,0.0,0.0,0.0,0.0,0.0,0.0,0.0,0.0,0.0,0.0,0.0,0.0,0.0,0.0,0.0,0.0,0.0,0.0,0.0,0.0,0.0,0.0,0.0,0.0,0.0,0.01,0.0,0.0,0.0,0.0,0.0,0.0,0.0,0.0,0.97,0.01,0.0,0.0,0.0,0.0,0.0,0.0,0.0,0.0,0.0,0.01,0.0,0.0,0.0,0.0,0.0,0.0,0.0,0.0,0.0,0.0
397,616,0.0,0.0,0.0,0.0,0.0,0.0,0.0,0.0,0.0,0.0,0.0,0.0,0.0,0.0,0.0,0.0,0.0,0.0,0.0,0.0,0.0,0.0,0.0,0.0,0.0,0.0,0.0,0.0,0.0,0.0,0.0,0.0,0.0,0.0,0.0,0.0,0.0,0.0,0.0,0.0,0.0,0.0,0.0,0.0,0.0,0.0,0.0,0.0,0.0,0.0,0.0,0.0,0.0,0.0,0.0,0.0,0.0,0.0,0.0,0.0001,0.0,0.0,0.0,0.0,0.0,0.0,0.0,0.0,0.0098,0.0002,0.0,0.0,0.0,0.0,0.0,0.0,0.0,0.0097,0.0001,0.0196,0.0,0.0,0.0,0.0,0.0,0.0,0.0,0.0,0.941,0.0098,0.0,0.0,0.0,0.0,0.0,0.0,0.0,0.0,0.0,0.0097
398,617,0.0,0.0,0.0,0.0,0.0,0.0,0.0,0.0,0.0,0.0,0.0,0.0,0.0,0.0,0.0,0.0,0.0,0.0,0.0,0.0,0.0,0.0,0.0,0.0,0.0,0.0,0.0,0.0,0.0,0.0,0.0,0.0,0.0,0.0,0.0,0.0,0.0,0.0,0.0,0.0,0.0,0.0,0.0,0.0,0.0,0.0,0.0,0.0,0.0,1.0000000000000002e-06,0.0,0.0,0.0,0.0,0.0,0.0,0.0,0.0,9.9e-05,3.0000000000000005e-06,0.0,0.0,0.0,0.0,0.0,0.0,0.0,0.000195,3.0000000000000005e-06,0.000393,0.0,0.0,0.0,0.0,0.0,0.0,9.7e-05,1.0000000000000002e-06,0.019208999999999997,0.000489,0.0,0.0,0.0,0.0,0.0,0.0,0.0,0.018819000000000002,0.000195,0.028616999999999997,0.0,0.0,0.0,0.0,0.0,0.0,0.0,0.0,0.912867,0.019012
399,619,0.0,0.0,0.0,0.0,0.0,0.0,0.0,0.0,0.0,0.0,0.0,0.0,0.0,0.0,0.0,0.0,0.0,0.0,0.0,0.0,0.0,0.0,0.0,0.0,0.0,0.0,0.0,0.0,0.0,0.0,0.0,0.0,0.0,0.0,0.0,0.0,0.0,0.0,0.0,0.0,0.0,0.0,0.0,0.0,0.0,0.0,0.0,0.0,0.0,0.0,0.0,0.0,0.0,0.0,0.0,0.0,0.0,0.0,0.0,0.0,0.0,0.0,0.0,0.0,0.0,0.0,0.0,0.0,0.0,0.0,0.0,0.0,0.0,0.0,0.0,0.0,0.0,0.0,0.0,0.0,0.0,0.0,0.0,0.0,0.0,0.0,0.0,0.0,0.0,0.0,0.0,0.0,0.0,0.0,0.0,0.0,0.0,0.0,0.0,1.0
