x,y,xhat,yhat,belief_id,uncertainty
0,0,0,0,0,0
0,0,1,0,1,586
1,0,1,0,1,586
0,1,1,0,1,586
0,0,2,0,2,1134
1,0,2,0,2,1134
0,1,2,0,2,1134
2,0,2,0,2,1134
1,1,2,0,2,1134
0,2,2,0,2,1134
0,0,3,0,3,1644
1,0,3,0,3,1644
0,1,3,0,3,1644
1,0,1,0,0,0
2,0,3,0,3,1644
1,1,3,0,3,1644
0,1,0,1,0,0
0,2,3,0,3,1644
2,0,2,0,0,0
3,0,3,0,3,1644
2,1,3,0,3,1644
1,1,1,1,0,0
1,2,3,0,3,1644
0,2,0,2,0,0
0,3,3,0,3,1644
0,0,4,0,4,2120
1,0,4,0,4,2120
0,1,4,0,4,2120
2,0,4,0,4,2120
1,1,4,0,4,2120
0,2,4,0,4,2120
0,0,2,0,5,588
2,0,2,0,5,588
1,0,2,0,5,588
1,1,2,0,5,588
3,0,4,0,4,2120
2,1,4,0,4,2120
1,2,4,0,4,2120
0,1,0,0,6,588
1,1,0,0,6,588
0,0,0,0,6,588
0,2,0,0,6,588
0,3,4,0,4,2120
1,0,3,0,5,588
3,0,3,0,5,588
2,0,3,0,5,588
2,1,3,0,5,588
3,0,3,0,0,0
4,0,4,0,4,2120
3,1,4,0,4,2120
2,1,2,1,0,0
2,2,4,0,4,2120
0,1,1,2,7,588
2,1,1,2,7,588
1,0,1,2,7,588
1,2,1,2,7,588
1,2,1,2,0,0
1,3,4,0,4,2120
0,3,0,3,0,0
0,4,4,0,4,2120
0,0,4,1,8,2577
1,0,4,1,8,2577
0,1,4,1,8,2577
2,0,4,1,8,2577
1,1,4,1,8,2577
0,2,4,1,8,2577
3,0,4,1,8,2577
2,1,4,1,8,2577
1,2,4,1,8,2577
0,3,4,1,8,2577
0,0,3,0,9,1136
1,0,3,0,9,1136
0,1,3,0,9,1136
3,0,3,0,9,1136
2,0,3,0,9,1136
2,1,3,0,9,1136
1,1,3,0,9,1136
1,2,3,0,9,1136
4,0,4,1,8,2577
3,1,4,1,8,2577
2,2,4,1,8,2577
1,3,4,1,8,2577
0,1,1,0,10,1138
1,1,1,0,10,1138
0,0,1,0,10,1138
0,2,1,0,10,1138
2,1,1,0,10,1138
1,0,1,0,10,1138
1,2,1,0,10,1138
0,3,1,0,10,1138
0,4,4,1,8,2577
0,0,4,0,11,1136
2,0,4,0,11,1136
1,0,4,0,11,1136
1,1,4,0,11,1136
4,0,4,0,11,1136
3,0,4,0,11,1136
3,1,4,0,11,1136
2,1,4,0,11,1136
2,2,4,0,11,1136
2,0,4,0,5,588
4,0,4,0,5,588
3,0,4,0,5,588
3,1,4,0,5,588
4,0,4,0,0,0
5,0,4,1,8,2577
4,1,4,1,8,2577
3,1,3,1,0,0
3,2,4,1,8,2577
2,2,2,2,0,0
2,3,4,1,8,2577
0,1,1,3,12,1136
1,1,1,3,12,1136
0,0,1,3,12,1136
0,2,1,3,12,1136
3,1,1,3,12,1136
2,0,1,3,12,1136
2,2,1,3,12,1136
1,0,1,3,12,1136
1,3,1,3,12,1136
0,2,1,3,7,588
2,2,1,3,7,588
1,1,1,3,7,588
1,3,1,3,7,588
1,3,1,3,0,0
1,4,4,1,8,2577
0,4,0,4,0,0
0,5,4,1,8,2577
0,0,4,2,13,3003
1,0,4,2,13,3003
0,1,4,2,13,3003
2,0,4,2,13,3003
1,1,4,2,13,3003
0,2,4,2,13,3003
3,0,4,2,13,3003
2,1,4,2,13,3003
1,2,4,2,13,3003
0,3,4,2,13,3003
4,0,4,2,13,3003
3,1,4,2,13,3003
2,2,4,2,13,3003
1,3,4,2,13,3003
0,4,4,2,13,3003
0,0,4,0,14,1646
1,0,4,0,14,1646
0,1,4,0,14,1646
2,0,4,0,14,1646
1,1,4,0,14,1646
0,2,4,0,14,1646
4,0,4,0,14,1646
3,0,4,0,14,1646
3,1,4,0,14,1646
2,1,4,0,14,1646
2,2,4,0,14,1646
1,2,4,0,14,1646
1,3,4,0,14,1646
5,0,4,2,13,3003
4,1,4,2,13,3003
3,2,4,2,13,3003
2,3,4,2,13,3003
1,4,4,2,13,3003
0,1,2,0,15,1651
1,1,2,0,15,1651
0,0,2,0,15,1651
0,2,2,0,15,1651
2,1,2,0,15,1651
1,0,2,0,15,1651
1,2,2,0,15,1651
0,3,2,0,15,1651
3,1,2,0,15,1651
2,0,2,0,15,1651
2,2,2,0,15,1651
1,3,2,0,15,1651
0,4,2,0,15,1651
0,5,4,2,13,3003
0,0,4,1,16,1653
1,0,4,1,16,1653
0,1,4,1,16,1653
3,0,4,1,16,1653
2,0,4,1,16,1653
2,1,4,1,16,1653
1,1,4,1,16,1653
1,2,4,1,16,1653
5,0,4,1,16,1653
4,0,4,1,16,1653
4,1,4,1,16,1653
3,1,4,1,16,1653
3,2,4,1,16,1653
2,2,4,1,16,1653
2,3,4,1,16,1653
1,0,4,1,17,1139
3,0,4,1,17,1139
2,0,4,1,17,1139
2,1,4,1,17,1139
5,0,4,1,17,1139
4,0,4,1,17,1139
4,1,4,1,17,1139
3,1,4,1,17,1139
3,2,4,1,17,1139
3,0,4,1,18,588
5,0,4,1,18,588
4,0,4,1,18,588
4,1,4,1,18,588
5,0,5,0,0,0
6,0,4,2,13,3003
5,1,4,2,13,3003
4,1,4,1,0,0
4,2,4,2,13,3003
2,1,4,1,19,588
4,1,4,1,19,588
3,0,4,1,19,588
3,2,4,1,19,588
3,2,3,2,0,0
3,3,4,2,13,3003
1,2,2,3,7,588
3,2,2,3,7,588
2,1,2,3,7,588
2,3,2,3,7,588
2,3,2,3,0,0
2,4,4,2,13,3003
0,1,1,4,20,1646
1,1,1,4,20,1646
0,0,1,4,20,1646
0,2,1,4,20,1646
2,1,1,4,20,1646
1,0,1,4,20,1646
1,2,1,4,20,1646
0,3,1,4,20,1646
4,1,1,4,20,1646
3,0,1,4,20,1646
3,2,1,4,20,1646
2,0,1,4,20,1646
2,3,1,4,20,1646
1,4,1,4,20,1646
0,2,1,4,21,1136
1,2,1,4,21,1136
0,1,1,4,21,1136
0,3,1,4,21,1136
3,2,1,4,21,1136
2,1,1,4,21,1136
2,3,1,4,21,1136
1,0,1,4,21,1136
1,4,1,4,21,1136
0,3,1,4,7,588
2,3,1,4,7,588
1,2,1,4,7,588
1,4,1,4,7,588
1,4,1,4,0,0
1,5,4,2,13,3003
0,5,0,5,0,0
0,6,4,2,13,3003
0,0,4,3,22,3401
1,0,4,3,22,3401
0,1,4,3,22,3401
2,0,4,3,22,3401
1,1,4,3,22,3401
0,2,4,3,22,3401
3,0,4,3,22,3401
2,1,4,3,22,3401
1,2,4,3,22,3401
0,3,4,3,22,3401
4,0,4,3,22,3401
3,1,4,3,22,3401
2,2,4,3,22,3401
1,3,4,3,22,3401
0,4,4,3,22,3401
5,0,4,3,22,3401
4,1,4,3,22,3401
3,2,4,3,22,3401
2,3,4,3,22,3401
1,4,4,3,22,3401
0,5,4,3,22,3401
0,0,4,1,23,2132
1,0,4,1,23,2132
0,1,4,1,23,2132
2,0,4,1,23,2132
1,1,4,1,23,2132
0,2,4,1,23,2132
3,0,4,1,23,2132
2,1,4,1,23,2132
1,2,4,1,23,2132
0,3,4,1,23,2132
5,0,4,1,23,2132
4,0,4,1,23,2132
4,1,4,1,23,2132
3,1,4,1,23,2132
3,2,4,1,23,2132
2,2,4,1,23,2132
2,3,4,1,23,2132
1,3,4,1,23,2132
1,4,4,1,23,2132
6,0,4,3,22,3401
5,1,4,3,22,3401
4,2,4,3,22,3401
3,3,4,3,22,3401
2,4,4,3,22,3401
1,5,4,3,22,3401
0,1,3,0,24,2130
1,1,3,0,24,2130
0,0,3,0,24,2130
0,2,3,0,24,2130
2,1,3,0,24,2130
1,0,3,0,24,2130
1,2,3,0,24,2130
0,3,3,0,24,2130
3,1,3,0,24,2130
2,0,3,0,24,2130
2,2,3,0,24,2130
1,3,3,0,24,2130
0,4,3,0,24,2130
4,1,3,0,24,2130
3,0,3,0,24,2130
3,2,3,0,24,2130
2,3,3,0,24,2130
1,4,3,0,24,2130
0,5,3,0,24,2130
0,6,4,3,22,3401
0,0,4,2,25,2137
1,0,4,2,25,2137
0,1,4,2,25,2137
2,0,4,2,25,2137
1,1,4,2,25,2137
0,2,4,2,25,2137
4,0,4,2,25,2137
3,0,4,2,25,2137
3,1,4,2,25,2137
2,1,4,2,25,2137
2,2,4,2,25,2137
1,2,4,2,25,2137
1,3,4,2,25,2137
6,0,4,2,25,2137
5,0,4,2,25,2137
5,1,4,2,25,2137
4,1,4,2,25,2137
4,2,4,2,25,2137
3,2,4,2,25,2137
3,3,4,2,25,2137
2,3,4,2,25,2137
2,4,4,2,25,2137
0,0,4,2,26,1655
2,0,4,2,26,1655
1,0,4,2,26,1655
1,1,4,2,26,1655
4,0,4,2,26,1655
3,0,4,2,26,1655
3,1,4,2,26,1655
2,1,4,2,26,1655
2,2,4,2,26,1655
6,0,4,2,26,1655
5,0,4,2,26,1655
5,1,4,2,26,1655
4,1,4,2,26,1655
4,2,4,2,26,1655
3,2,4,2,26,1655
3,3,4,2,26,1655
2,0,4,2,27,1138
4,0,4,2,27,1138
3,0,4,2,27,1138
3,1,4,2,27,1138
6,0,4,2,27,1138
5,0,4,2,27,1138
5,1,4,2,27,1138
4,1,4,2,27,1138
4,2,4,2,27,1138
4,0,4,0,28,588
6,0,4,0,28,588
5,0,4,0,28,588
5,1,4,0,28,588
6,0,6,0,0,0
7,0,4,3,22,3401
6,1,4,3,22,3401
5,1,5,1,0,0
5,2,4,3,22,3401
3,1,4,2,7,588
5,1,4,2,7,588
4,0,4,2,7,588
4,2,4,2,7,588
4,2,4,2,0,0
4,3,4,3,22,3401
1,1,4,2,29,1138
3,1,4,2,29,1138
2,0,4,2,29,1138
2,2,4,2,29,1138
5,1,4,2,29,1138
4,0,4,2,29,1138
4,2,4,2,29,1138
3,0,4,2,29,1138
3,3,4,2,29,1138
2,2,2,2,30,588
4,2,2,2,30,588
3,1,2,2,30,588
3,3,2,2,30,588
3,3,3,3,0,0
3,4,4,3,22,3401
0,2,2,4,31,1136
2,2,2,4,31,1136
1,1,2,4,31,1136
1,3,2,4,31,1136
4,2,2,4,31,1136
3,1,2,4,31,1136
3,3,2,4,31,1136
2,0,2,4,31,1136
2,4,2,4,31,1136
1,3,2,4,7,588
3,3,2,4,7,588
2,2,2,4,7,588
2,4,2,4,7,588
2,4,2,4,0,0
2,5,4,3,22,3401
0,1,2,4,32,2127
1,1,2,4,32,2127
0,0,2,4,32,2127
0,2,2,4,32,2127
2,1,2,4,32,2127
1,0,2,4,32,2127
1,2,2,4,32,2127
0,3,2,4,32,2127
3,1,2,4,32,2127
2,0,2,4,32,2127
2,2,2,4,32,2127
1,3,2,4,32,2127
0,4,2,4,32,2127
5,1,2,4,32,2127
4,0,2,4,32,2127
4,2,2,4,32,2127
3,0,2,4,32,2127
3,3,2,4,32,2127
2,4,2,4,32,2127
1,5,2,4,32,2127
0,2,2,4,33,1650
1,2,2,4,33,1650
0,1,2,4,33,1650
0,3,2,4,33,1650
2,2,2,4,33,1650
1,1,2,4,33,1650
1,3,2,4,33,1650
0,0,2,4,33,1650
0,4,2,4,33,1650
4,2,2,4,33,1650
3,1,2,4,33,1650
3,3,2,4,33,1650
2,0,2,4,33,1650
2,4,2,4,33,1650
1,0,2,4,33,1650
1,5,2,4,33,1650
0,3,2,4,34,1138
1,3,2,4,34,1138
0,2,2,4,34,1138
0,4,2,4,34,1138
3,3,2,4,34,1138
2,2,2,4,34,1138
2,4,2,4,34,1138
1,1,2,4,34,1138
1,5,2,4,34,1138
0,4,2,4,19,588
2,4,2,4,19,588
1,3,2,4,19,588
1,5,2,4,19,588
1,5,1,5,0,0
1,6,4,3,22,3401
0,6,0,6,0,0
0,7,4,3,22,3401
0,0,4,4,35,3772
1,0,4,4,35,3772
0,1,4,4,35,3772
2,0,4,4,35,3772
1,1,4,4,35,3772
0,2,4,4,35,3772
3,0,4,4,35,3772
2,1,4,4,35,3772
1,2,4,4,35,3772
0,3,4,4,35,3772
4,0,4,4,35,3772
3,1,4,4,35,3772
2,2,4,4,35,3772
1,3,4,4,35,3772
0,4,4,4,35,3772
5,0,4,4,35,3772
4,1,4,4,35,3772
3,2,4,4,35,3772
2,3,4,4,35,3772
1,4,4,4,35,3772
0,5,4,4,35,3772
6,0,4,4,35,3772
5,1,4,4,35,3772
4,2,4,4,35,3772
3,3,4,4,35,3772
2,4,4,4,35,3772
1,5,4,4,35,3772
0,6,4,4,35,3772
0,0,4,2,36,2586
1,0,4,2,36,2586
0,1,4,2,36,2586
2,0,4,2,36,2586
1,1,4,2,36,2586
0,2,4,2,36,2586
3,0,4,2,36,2586
2,1,4,2,36,2586
1,2,4,2,36,2586
0,3,4,2,36,2586
4,0,4,2,36,2586
3,1,4,2,36,2586
2,2,4,2,36,2586
1,3,4,2,36,2586
0,4,4,2,36,2586
6,0,4,2,36,2586
5,0,4,2,36,2586
5,1,4,2,36,2586
4,1,4,2,36,2586
4,2,4,2,36,2586
3,2,4,2,36,2586
3,3,4,2,36,2586
2,3,4,2,36,2586
2,4,4,2,36,2586
1,4,4,2,36,2586
1,5,4,2,36,2586
7,0,4,4,35,3772
6,1,4,4,35,3772
5,2,4,4,35,3772
4,3,4,4,35,3772
3,4,4,4,35,3772
2,5,4,4,35,3772
1,6,4,4,35,3772
0,1,4,0,37,2576
1,1,4,0,37,2576
0,0,4,0,37,2576
0,2,4,0,37,2576
2,1,4,0,37,2576
1,0,4,0,37,2576
1,2,4,0,37,2576
0,3,4,0,37,2576
3,1,4,0,37,2576
2,0,4,0,37,2576
2,2,4,0,37,2576
1,3,4,0,37,2576
0,4,4,0,37,2576
4,1,4,0,37,2576
3,0,4,0,37,2576
3,2,4,0,37,2576
2,3,4,0,37,2576
1,4,4,0,37,2576
0,5,4,0,37,2576
5,1,4,0,37,2576
4,0,4,0,37,2576
4,2,4,0,37,2576
3,3,4,0,37,2576
2,4,4,0,37,2576
1,5,4,0,37,2576
0,6,4,0,37,2576
0,7,4,4,35,3772
0,0,4,3,38,2588
1,0,4,3,38,2588
0,1,4,3,38,2588
2,0,4,3,38,2588
1,1,4,3,38,2588
0,2,4,3,38,2588
3,0,4,3,38,2588
2,1,4,3,38,2588
1,2,4,3,38,2588
0,3,4,3,38,2588
5,0,4,3,38,2588
4,0,4,3,38,2588
4,1,4,3,38,2588
3,1,4,3,38,2588
3,2,4,3,38,2588
2,2,4,3,38,2588
2,3,4,3,38,2588
1,3,4,3,38,2588
1,4,4,3,38,2588
7,0,4,3,38,2588
6,0,4,3,38,2588
6,1,4,3,38,2588
5,1,4,3,38,2588
5,2,4,3,38,2588
4,2,4,3,38,2588
4,3,4,3,38,2588
3,3,4,3,38,2588
3,4,4,3,38,2588
2,4,4,3,38,2588
2,5,4,3,38,2588
0,0,4,3,39,2135
1,0,4,3,39,2135
0,1,4,3,39,2135
3,0,4,3,39,2135
2,0,4,3,39,2135
2,1,4,3,39,2135
1,1,4,3,39,2135
1,2,4,3,39,2135
5,0,4,3,39,2135
4,0,4,3,39,2135
4,1,4,3,39,2135
3,1,4,3,39,2135
3,2,4,3,39,2135
2,2,4,3,39,2135
2,3,4,3,39,2135
7,0,4,3,39,2135
6,0,4,3,39,2135
6,1,4,3,39,2135
5,1,4,3,39,2135
5,2,4,3,39,2135
4,2,4,3,39,2135
4,3,4,3,39,2135
3,3,4,3,39,2135
3,4,4,3,39,2135
1,0,4,3,40,1650
3,0,4,3,40,1650
2,0,4,3,40,1650
2,1,4,3,40,1650
5,0,4,3,40,1650
4,0,4,3,40,1650
4,1,4,3,40,1650
3,1,4,3,40,1650
3,2,4,3,40,1650
7,0,4,3,40,1650
6,0,4,3,40,1650
6,1,4,3,40,1650
5,1,4,3,40,1650
5,2,4,3,40,1650
4,2,4,3,40,1650
4,3,4,3,40,1650
3,0,4,1,41,1139
5,0,4,1,41,1139
4,0,4,1,41,1139
4,1,4,1,41,1139
7,0,4,1,41,1139
6,0,4,1,41,1139
6,1,4,1,41,1139
5,1,4,1,41,1139
5,2,4,1,41,1139
5,0,5,0,28,588
7,0,5,0,28,588
6,0,5,0,28,588
6,1,5,0,28,588
7,0,7,0,0,0
8,0,4,4,35,3772
7,1,4,4,35,3772
6,1,6,1,0,0
6,2,4,4,35,3772
4,1,4,1,30,588
6,1,4,1,30,588
5,0,4,1,30,588
5,2,4,1,30,588
5,2,5,2,0,0
5,3,4,4,35,3772
2,1,4,3,42,1136
4,1,4,3,42,1136
3,0,4,3,42,1136
3,2,4,3,42,1136
6,1,4,3,42,1136
5,0,4,3,42,1136
5,2,4,3,42,1136
4,0,4,3,42,1136
4,3,4,3,42,1136
3,2,4,3,7,588
5,2,4,3,7,588
4,1,4,3,7,588
4,3,4,3,7,588
4,3,4,3,0,0
4,4,4,4,35,3772
0,1,4,3,43,1650
2,1,4,3,43,1650
1,0,4,3,43,1650
1,2,4,3,43,1650
4,1,4,3,43,1650
3,0,4,3,43,1650
3,2,4,3,43,1650
2,0,4,3,43,1650
2,3,4,3,43,1650
6,1,4,3,43,1650
5,0,4,3,43,1650
5,2,4,3,43,1650
4,0,4,3,43,1650
4,3,4,3,43,1650
3,1,4,3,43,1650
3,4,4,3,43,1650
1,2,2,3,44,1138
3,2,2,3,44,1138
2,1,2,3,44,1138
2,3,2,3,44,1138
5,2,2,3,44,1138
4,1,2,3,44,1138
4,3,2,3,44,1138
3,0,2,3,44,1138
3,4,2,3,44,1138
3,4,3,4,0,0
3,5,4,4,35,3772
0,2,3,4,45,1650
1,2,3,4,45,1650
0,1,3,4,45,1650
0,3,3,4,45,1650
3,2,3,4,45,1650
2,1,3,4,45,1650
2,3,3,4,45,1650
1,0,3,4,45,1650
1,4,3,4,45,1650
5,2,3,4,45,1650
4,1,3,4,45,1650
4,3,3,4,45,1650
3,0,3,4,45,1650
3,4,3,4,45,1650
2,0,3,4,45,1650
2,5,3,4,45,1650
0,3,3,4,46,1138
2,3,3,4,46,1138
1,2,3,4,46,1138
1,4,3,4,46,1138
4,3,3,4,46,1138
3,2,3,4,46,1138
3,4,3,4,46,1138
2,1,3,4,46,1138
2,5,3,4,46,1138
1,4,3,4,19,588
3,4,3,4,19,588
2,3,3,4,19,588
2,5,3,4,19,588
2,5,2,5,0,0
2,6,4,4,35,3772
0,1,3,4,47,2574
1,1,3,4,47,2574
0,0,3,4,47,2574
0,2,3,4,47,2574
2,1,3,4,47,2574
1,0,3,4,47,2574
1,2,3,4,47,2574
0,3,3,4,47,2574
3,1,3,4,47,2574
2,0,3,4,47,2574
2,2,3,4,47,2574
1,3,3,4,47,2574
0,4,3,4,47,2574
4,1,3,4,47,2574
3,0,3,4,47,2574
3,2,3,4,47,2574
2,3,3,4,47,2574
1,4,3,4,47,2574
0,5,3,4,47,2574
6,1,3,4,47,2574
5,0,3,4,47,2574
5,2,3,4,47,2574
4,0,3,4,47,2574
4,3,3,4,47,2574
3,4,3,4,47,2574
2,5,3,4,47,2574
1,6,3,4,47,2574
0,2,3,4,48,2128
1,2,3,4,48,2128
0,1,3,4,48,2128
0,3,3,4,48,2128
2,2,3,4,48,2128
1,1,3,4,48,2128
1,3,3,4,48,2128
0,0,3,4,48,2128
0,4,3,4,48,2128
3,2,3,4,48,2128
2,1,3,4,48,2128
2,3,3,4,48,2128
1,0,3,4,48,2128
1,4,3,4,48,2128
0,5,3,4,48,2128
5,2,3,4,48,2128
4,1,3,4,48,2128
4,3,3,4,48,2128
3,0,3,4,48,2128
3,4,3,4,48,2128
2,0,3,4,48,2128
2,5,3,4,48,2128
1,6,3,4,48,2128
0,3,3,4,49,1650
1,3,3,4,49,1650
0,2,3,4,49,1650
0,4,3,4,49,1650
2,3,3,4,49,1650
1,2,3,4,49,1650
1,4,3,4,49,1650
0,1,3,4,49,1650
0,5,3,4,49,1650
4,3,3,4,49,1650
3,2,3,4,49,1650
3,4,3,4,49,1650
2,1,3,4,49,1650
2,5,3,4,49,1650
1,0,3,4,49,1650
1,6,3,4,49,1650
0,4,3,4,50,1136
1,4,3,4,50,1136
0,3,3,4,50,1136
0,5,3,4,50,1136
3,4,3,4,50,1136
2,3,3,4,50,1136
2,5,3,4,50,1136
1,2,3,4,50,1136
1,6,3,4,50,1136
0,5,2,5,19,588
2,5,2,5,19,588
1,4,2,5,19,588
1,6,2,5,19,588
1,6,1,6,0,0
1,7,4,4,35,3772
0,6,0,7,51,588
1,6,0,7,51,588
0,5,0,7,51,588
0,7,0,7,51,588
0,7,0,7,0,0
0,8,4,4,35,3772
0,0,5,4,52,4118
1,0,5,4,52,4118
0,1,5,4,52,4118
2,0,5,4,52,4118
1,1,5,4,52,4118
0,2,5,4,52,4118
3,0,5,4,52,4118
2,1,5,4,52,4118
1,2,5,4,52,4118
0,3,5,4,52,4118
4,0,5,4,52,4118
3,1,5,4,52,4118
2,2,5,4,52,4118
1,3,5,4,52,4118
0,4,5,4,52,4118
5,0,5,4,52,4118
4,1,5,4,52,4118
3,2,5,4,52,4118
2,3,5,4,52,4118
1,4,5,4,52,4118
0,5,5,4,52,4118
6,0,5,4,52,4118
5,1,5,4,52,4118
4,2,5,4,52,4118
3,3,5,4,52,4118
2,4,5,4,52,4118
1,5,5,4,52,4118
0,6,5,4,52,4118
7,0,5,4,52,4118
6,1,5,4,52,4118
5,2,5,4,52,4118
4,3,5,4,52,4118
3,4,5,4,52,4118
2,5,5,4,52,4118
1,6,5,4,52,4118
0,7,5,4,52,4118
0,0,4,3,53,3009
1,0,4,3,53,3009
0,1,4,3,53,3009
2,0,4,3,53,3009
1,1,4,3,53,3009
0,2,4,3,53,3009
3,0,4,3,53,3009
2,1,4,3,53,3009
1,2,4,3,53,3009
0,3,4,3,53,3009
4,0,4,3,53,3009
3,1,4,3,53,3009
2,2,4,3,53,3009
1,3,4,3,53,3009
0,4,4,3,53,3009
5,0,4,3,53,3009
4,1,4,3,53,3009
3,2,4,3,53,3009
2,3,4,3,53,3009
1,4,4,3,53,3009
0,5,4,3,53,3009
7,0,4,3,53,3009
6,0,4,3,53,3009
6,1,4,3,53,3009
5,1,4,3,53,3009
5,2,4,3,53,3009
4,2,4,3,53,3009
4,3,4,3,53,3009
3,3,4,3,53,3009
3,4,4,3,53,3009
2,4,4,3,53,3009
2,5,4,3,53,3009
1,5,4,3,53,3009
1,6,4,3,53,3009
8,0,5,4,52,4118
7,1,5,4,52,4118
6,2,5,4,52,4118
5,3,5,4,52,4118
4,4,5,4,52,4118
3,5,5,4,52,4118
2,6,5,4,52,4118
1,7,5,4,52,4118
0,1,4,1,54,3003
1,1,4,1,54,3003
0,0,4,1,54,3003
0,2,4,1,54,3003
2,1,4,1,54,3003
1,0,4,1,54,3003
1,2,4,1,54,3003
0,3,4,1,54,3003
3,1,4,1,54,3003
2,0,4,1,54,3003
2,2,4,1,54,3003
1,3,4,1,54,3003
0,4,4,1,54,3003
4,1,4,1,54,3003
3,0,4,1,54,3003
3,2,4,1,54,3003
2,3,4,1,54,3003
1,4,4,1,54,3003
0,5,4,1,54,3003
5,1,4,1,54,3003
4,0,4,1,54,3003
4,2,4,1,54,3003
3,3,4,1,54,3003
2,4,4,1,54,3003
1,5,4,1,54,3003
0,6,4,1,54,3003
6,1,4,1,54,3003
5,0,4,1,54,3003
5,2,4,1,54,3003
4,3,4,1,54,3003
3,4,4,1,54,3003
2,5,4,1,54,3003
1,6,4,1,54,3003
0,7,4,1,54,3003
0,8,5,4,52,4118
0,0,4,4,55,3008
1,0,4,4,55,3008
0,1,4,4,55,3008
2,0,4,4,55,3008
1,1,4,4,55,3008
0,2,4,4,55,3008
3,0,4,4,55,3008
2,1,4,4,55,3008
1,2,4,4,55,3008
0,3,4,4,55,3008
4,0,4,4,55,3008
3,1,4,4,55,3008
2,2,4,4,55,3008
1,3,4,4,55,3008
0,4,4,4,55,3008
6,0,4,4,55,3008
5,0,4,4,55,3008
5,1,4,4,55,3008
4,1,4,4,55,3008
4,2,4,4,55,3008
3,2,4,4,55,3008
3,3,4,4,55,3008
2,3,4,4,55,3008
2,4,4,4,55,3008
1,4,4,4,55,3008
1,5,4,4,55,3008
8,0,4,4,55,3008
7,0,4,4,55,3008
7,1,4,4,55,3008
6,1,4,4,55,3008
6,2,4,4,55,3008
5,2,4,4,55,3008
5,3,4,4,55,3008
4,3,4,4,55,3008
4,4,4,4,55,3008
3,4,4,4,55,3008
3,5,4,4,55,3008
2,5,4,4,55,3008
2,6,4,4,55,3008
0,0,4,4,56,2583
1,0,4,4,56,2583
0,1,4,4,56,2583
2,0,4,4,56,2583
1,1,4,4,56,2583
0,2,4,4,56,2583
4,0,4,4,56,2583
3,0,4,4,56,2583
3,1,4,4,56,2583
2,1,4,4,56,2583
2,2,4,4,56,2583
1,2,4,4,56,2583
1,3,4,4,56,2583
6,0,4,4,56,2583
5,0,4,4,56,2583
5,1,4,4,56,2583
4,1,4,4,56,2583
4,2,4,4,56,2583
3,2,4,4,56,2583
3,3,4,4,56,2583
2,3,4,4,56,2583
2,4,4,4,56,2583
8,0,4,4,56,2583
7,0,4,4,56,2583
7,1,4,4,56,2583
6,1,4,4,56,2583
6,2,4,4,56,2583
5,2,4,4,56,2583
5,3,4,4,56,2583
4,3,4,4,56,2583
4,4,4,4,56,2583
3,4,4,4,56,2583
3,5,4,4,56,2583
0,0,4,4,57,2127
2,0,4,4,57,2127
1,0,4,4,57,2127
1,1,4,4,57,2127
4,0,4,4,57,2127
3,0,4,4,57,2127
3,1,4,4,57,2127
2,1,4,4,57,2127
2,2,4,4,57,2127
6,0,4,4,57,2127
5,0,4,4,57,2127
5,1,4,4,57,2127
4,1,4,4,57,2127
4,2,4,4,57,2127
3,2,4,4,57,2127
3,3,4,4,57,2127
8,0,4,4,57,2127
7,0,4,4,57,2127
7,1,4,4,57,2127
6,1,4,4,57,2127
6,2,4,4,57,2127
5,2,4,4,57,2127
5,3,4,4,57,2127
4,3,4,4,57,2127
4,4,4,4,57,2127
2,0,4,2,58,1655
4,0,4,2,58,1655
3,0,4,2,58,1655
3,1,4,2,58,1655
6,0,4,2,58,1655
5,0,4,2,58,1655
5,1,4,2,58,1655
4,1,4,2,58,1655
4,2,4,2,58,1655
8,0,4,2,58,1655
7,0,4,2,58,1655
7,1,4,2,58,1655
6,1,4,2,58,1655
6,2,4,2,58,1655
5,2,4,2,58,1655
5,3,4,2,58,1655
4,0,4,0,59,1136
6,0,4,0,59,1136
5,0,4,0,59,1136
5,1,4,0,59,1136
8,0,4,0,59,1136
7,0,4,0,59,1136
7,1,4,0,59,1136
6,1,4,0,59,1136
6,2,4,0,59,1136
6,0,6,0,28,588
8,0,6,0,28,588
7,0,6,0,28,588
7,1,6,0,28,588
8,0,8,0,0,0
9,0,5,4,52,4118
8,1,5,4,52,4118
7,1,7,1,0,0
7,2,5,4,52,4118
5,1,6,0,60,588
7,1,6,0,60,588
6,0,6,0,60,588
6,2,6,0,60,588
6,2,6,2,0,0
6,3,5,4,52,4118
3,1,4,2,61,1138
5,1,4,2,61,1138
4,0,4,2,61,1138
4,2,4,2,61,1138
7,1,4,2,61,1138
6,0,4,2,61,1138
6,2,4,2,61,1138
5,0,4,2,61,1138
5,3,4,2,61,1138
5,3,5,3,0,0
5,4,5,4,52,4118
1,1,4,4,62,1646
3,1,4,4,62,1646
2,0,4,4,62,1646
2,2,4,4,62,1646
5,1,4,4,62,1646
4,0,4,4,62,1646
4,2,4,4,62,1646
3,0,4,4,62,1646
3,3,4,4,62,1646
7,1,4,4,62,1646
6,0,4,4,62,1646
6,2,4,4,62,1646
5,0,4,4,62,1646
5,3,4,4,62,1646
4,1,4,4,62,1646
4,4,4,4,62,1646
2,2,4,4,31,1136
4,2,4,4,31,1136
3,1,4,4,31,1136
3,3,4,4,31,1136
6,2,4,4,31,1136
5,1,4,4,31,1136
5,3,4,4,31,1136
4,0,4,4,31,1136
4,4,4,4,31,1136
3,3,4,4,7,588
5,3,4,4,7,588
4,2,4,4,7,588
4,4,4,4,7,588
4,4,4,4,0,0
4,5,5,4,52,4118
0,1,4,4,63,2127
1,1,4,4,63,2127
0,0,4,4,63,2127
0,2,4,4,63,2127
3,1,4,4,63,2127
2,0,4,4,63,2127
2,2,4,4,63,2127
1,0,4,4,63,2127
1,3,4,4,63,2127
5,1,4,4,63,2127
4,0,4,4,63,2127
4,2,4,4,63,2127
3,0,4,4,63,2127
3,3,4,4,63,2127
2,1,4,4,63,2127
2,4,4,4,63,2127
7,1,4,4,63,2127
6,0,4,4,63,2127
6,2,4,4,63,2127
5,0,4,4,63,2127
5,3,4,4,63,2127
4,1,4,4,63,2127
4,4,4,4,63,2127
3,2,4,4,63,2127
3,5,4,4,63,2127
0,2,2,4,64,1650
2,2,2,4,64,1650
1,1,2,4,64,1650
1,3,2,4,64,1650
4,2,2,4,64,1650
3,1,2,4,64,1650
3,3,2,4,64,1650
2,0,2,4,64,1650
2,4,2,4,64,1650
6,2,2,4,64,1650
5,1,2,4,64,1650
5,3,2,4,64,1650
4,0,2,4,64,1650
4,4,2,4,64,1650
3,0,2,4,64,1650
3,5,2,4,64,1650
2,4,4,4,19,588
4,4,4,4,19,588
3,3,4,4,19,588
3,5,4,4,19,588
3,5,3,5,0,0
3,6,5,4,52,4118
0,2,4,4,65,2128
1,2,4,4,65,2128
0,1,4,4,65,2128
0,3,4,4,65,2128
2,2,4,4,65,2128
1,1,4,4,65,2128
1,3,4,4,65,2128
0,0,4,4,65,2128
0,4,4,4,65,2128
4,2,4,4,65,2128
3,1,4,4,65,2128
3,3,4,4,65,2128
2,0,4,4,65,2128
2,4,4,4,65,2128
1,0,4,4,65,2128
1,5,4,4,65,2128
6,2,4,4,65,2128
5,1,4,4,65,2128
5,3,4,4,65,2128
4,0,4,4,65,2128
4,4,4,4,65,2128
3,0,4,4,65,2128
3,5,4,4,65,2128
2,1,4,4,65,2128
2,6,4,4,65,2128
0,3,4,4,66,1650
1,3,4,4,66,1650
0,2,4,4,66,1650
0,4,4,4,66,1650
3,3,4,4,66,1650
2,2,4,4,66,1650
2,4,4,4,66,1650
1,1,4,4,66,1650
1,5,4,4,66,1650
5,3,4,4,66,1650
4,2,4,4,66,1650
4,4,4,4,66,1650
3,1,4,4,66,1650
3,5,4,4,66,1650
2,0,4,4,66,1650
2,6,4,4,66,1650
0,4,4,4,67,1136
2,4,4,4,67,1136
1,3,4,4,67,1136
1,5,4,4,67,1136
4,4,4,4,67,1136
3,3,4,4,67,1136
3,5,4,4,67,1136
2,2,4,4,67,1136
2,6,4,4,67,1136
1,5,2,4,60,588
3,5,2,4,60,588
2,4,2,4,60,588
2,6,2,4,60,588
2,6,2,6,0,0
2,7,5,4,52,4118
0,1,4,4,68,2992
1,1,4,4,68,2992
0,0,4,4,68,2992
0,2,4,4,68,2992
2,1,4,4,68,2992
1,0,4,4,68,2992
1,2,4,4,68,2992
0,3,4,4,68,2992
3,1,4,4,68,2992
2,0,4,4,68,2992
2,2,4,4,68,2992
1,3,4,4,68,2992
0,4,4,4,68,2992
4,1,4,4,68,2992
3,0,4,4,68,2992
3,2,4,4,68,2992
2,3,4,4,68,2992
1,4,4,4,68,2992
0,5,4,4,68,2992
5,1,4,4,68,2992
4,0,4,4,68,2992
4,2,4,4,68,2992
3,3,4,4,68,2992
2,4,4,4,68,2992
1,5,4,4,68,2992
0,6,4,4,68,2992
7,1,4,4,68,2992
6,0,4,4,68,2992
6,2,4,4,68,2992
5,0,4,4,68,2992
5,3,4,4,68,2992
4,4,4,4,68,2992
3,5,4,4,68,2992
2,6,4,4,68,2992
1,7,4,4,68,2992
0,2,4,4,69,2574
1,2,4,4,69,2574
0,1,4,4,69,2574
0,3,4,4,69,2574
2,2,4,4,69,2574
1,1,4,4,69,2574
1,3,4,4,69,2574
0,0,4,4,69,2574
0,4,4,4,69,2574
3,2,4,4,69,2574
2,1,4,4,69,2574
2,3,4,4,69,2574
1,0,4,4,69,2574
1,4,4,4,69,2574
0,5,4,4,69,2574
4,2,4,4,69,2574
3,1,4,4,69,2574
3,3,4,4,69,2574
2,0,4,4,69,2574
2,4,4,4,69,2574
1,5,4,4,69,2574
0,6,4,4,69,2574
6,2,4,4,69,2574
5,1,4,4,69,2574
5,3,4,4,69,2574
4,0,4,4,69,2574
4,4,4,4,69,2574
3,0,4,4,69,2574
3,5,4,4,69,2574
2,6,4,4,69,2574
1,7,4,4,69,2574
0,3,4,4,70,2127
1,3,4,4,70,2127
0,2,4,4,70,2127
0,4,4,4,70,2127
2,3,4,4,70,2127
1,2,4,4,70,2127
1,4,4,4,70,2127
0,1,4,4,70,2127
0,5,4,4,70,2127
3,3,4,4,70,2127
2,2,4,4,70,2127
2,4,4,4,70,2127
1,1,4,4,70,2127
1,5,4,4,70,2127
0,0,4,4,70,2127
0,6,4,4,70,2127
5,3,4,4,70,2127
4,2,4,4,70,2127
4,4,4,4,70,2127
3,1,4,4,70,2127
3,5,4,4,70,2127
2,0,4,4,70,2127
2,6,4,4,70,2127
1,0,4,4,70,2127
1,7,4,4,70,2127
0,4,4,4,71,1646
1,4,4,4,71,1646
0,3,4,4,71,1646
0,5,4,4,71,1646
2,4,4,4,71,1646
1,3,4,4,71,1646
1,5,4,4,71,1646
0,2,4,4,71,1646
0,6,4,4,71,1646
4,4,4,4,71,1646
3,3,4,4,71,1646
3,5,4,4,71,1646
2,2,4,4,71,1646
2,6,4,4,71,1646
1,1,4,4,71,1646
1,7,4,4,71,1646
0,5,2,4,72,1138
1,5,2,4,72,1138
0,4,2,4,72,1138
0,6,2,4,72,1138
3,5,2,4,72,1138
2,4,2,4,72,1138
2,6,2,4,72,1138
1,3,2,4,72,1138
1,7,2,4,72,1138
1,7,1,7,0,0
1,8,5,4,52,4118
0,6,0,8,73,1136
1,6,0,8,73,1136
0,5,0,8,73,1136
0,7,0,8,73,1136
2,6,0,8,73,1136
1,5,0,8,73,1136
1,7,0,8,73,1136
0,4,0,8,73,1136
0,8,0,8,73,1136
0,7,0,8,51,588
1,7,0,8,51,588
0,6,0,8,51,588
0,8,0,8,51,588
0,8,0,8,0,0
0,9,5,4,52,4118
0,0,6,4,74,4440
1,0,6,4,74,4440
0,1,6,4,74,4440
2,0,6,4,74,4440
1,1,6,4,74,4440
0,2,6,4,74,4440
3,0,6,4,74,4440
2,1,6,4,74,4440
1,2,6,4,74,4440
0,3,6,4,74,4440
4,0,6,4,74,4440
3,1,6,4,74,4440
2,2,6,4,74,4440
1,3,6,4,74,4440
0,4,6,4,74,4440
5,0,6,4,74,4440
4,1,6,4,74,4440
3,2,6,4,74,4440
2,3,6,4,74,4440
1,4,6,4,74,4440
0,5,6,4,74,4440
6,0,6,4,74,4440
5,1,6,4,74,4440
4,2,6,4,74,4440
3,3,6,4,74,4440
2,4,6,4,74,4440
1,5,6,4,74,4440
0,6,6,4,74,4440
7,0,6,4,74,4440
6,1,6,4,74,4440
5,2,6,4,74,4440
4,3,6,4,74,4440
3,4,6,4,74,4440
2,5,6,4,74,4440
1,6,6,4,74,4440
0,7,6,4,74,4440
8,0,6,4,74,4440
7,1,6,4,74,4440
6,2,6,4,74,4440
5,3,6,4,74,4440
4,4,6,4,74,4440
3,5,6,4,74,4440
2,6,6,4,74,4440
1,7,6,4,74,4440
0,8,6,4,74,4440
0,0,4,4,75,3404
1,0,4,4,75,3404
0,1,4,4,75,3404
2,0,4,4,75,3404
1,1,4,4,75,3404
0,2,4,4,75,3404
3,0,4,4,75,3404
2,1,4,4,75,3404
1,2,4,4,75,3404
0,3,4,4,75,3404
4,0,4,4,75,3404
3,1,4,4,75,3404
2,2,4,4,75,3404
1,3,4,4,75,3404
0,4,4,4,75,3404
5,0,4,4,75,3404
4,1,4,4,75,3404
3,2,4,4,75,3404
2,3,4,4,75,3404
1,4,4,4,75,3404
0,5,4,4,75,3404
6,0,4,4,75,3404
5,1,4,4,75,3404
4,2,4,4,75,3404
3,3,4,4,75,3404
2,4,4,4,75,3404
1,5,4,4,75,3404
0,6,4,4,75,3404
8,0,4,4,75,3404
7,0,4,4,75,3404
7,1,4,4,75,3404
6,1,4,4,75,3404
6,2,4,4,75,3404
5,2,4,4,75,3404
5,3,4,4,75,3404
4,3,4,4,75,3404
4,4,4,4,75,3404
3,4,4,4,75,3404
3,5,4,4,75,3404
2,5,4,4,75,3404
2,6,4,4,75,3404
1,6,4,4,75,3404
1,7,4,4,75,3404
9,0,6,4,74,4440
8,1,6,4,74,4440
7,2,6,4,74,4440
6,3,6,4,74,4440
5,4,6,4,74,4440
4,5,6,4,74,4440
3,6,6,4,74,4440
2,7,6,4,74,4440
1,8,6,4,74,4440
0,1,4,2,76,3402
1,1,4,2,76,3402
0,0,4,2,76,3402
0,2,4,2,76,3402
2,1,4,2,76,3402
1,0,4,2,76,3402
1,2,4,2,76,3402
0,3,4,2,76,3402
3,1,4,2,76,3402
2,0,4,2,76,3402
2,2,4,2,76,3402
1,3,4,2,76,3402
0,4,4,2,76,3402
4,1,4,2,76,3402
3,0,4,2,76,3402
3,2,4,2,76,3402
2,3,4,2,76,3402
1,4,4,2,76,3402
0,5,4,2,76,3402
5,1,4,2,76,3402
4,0,4,2,76,3402
4,2,4,2,76,3402
3,3,4,2,76,3402
2,4,4,2,76,3402
1,5,4,2,76,3402
0,6,4,2,76,3402
6,1,4,2,76,3402
5,0,4,2,76,3402
5,2,4,2,76,3402
4,3,4,2,76,3402
3,4,4,2,76,3402
2,5,4,2,76,3402
1,6,4,2,76,3402
0,7,4,2,76,3402
7,1,4,2,76,3402
6,0,4,2,76,3402
6,2,4,2,76,3402
5,3,4,2,76,3402
4,4,4,2,76,3402
3,5,4,2,76,3402
2,6,4,2,76,3402
1,7,4,2,76,3402
0,8,4,2,76,3402
0,9,6,4,74,4440
0,0,5,4,77,3401
1,0,5,4,77,3401
0,1,5,4,77,3401
2,0,5,4,77,3401
1,1,5,4,77,3401
0,2,5,4,77,3401
3,0,5,4,77,3401
2,1,5,4,77,3401
1,2,5,4,77,3401
0,3,5,4,77,3401
4,0,5,4,77,3401
3,1,5,4,77,3401
2,2,5,4,77,3401
1,3,5,4,77,3401
0,4,5,4,77,3401
5,0,5,4,77,3401
4,1,5,4,77,3401
3,2,5,4,77,3401
2,3,5,4,77,3401
1,4,5,4,77,3401
0,5,5,4,77,3401
7,0,5,4,77,3401
6,0,5,4,77,3401
6,1,5,4,77,3401
5,1,5,4,77,3401
5,2,5,4,77,3401
4,2,5,4,77,3401
4,3,5,4,77,3401
3,3,5,4,77,3401
3,4,5,4,77,3401
2,4,5,4,77,3401
2,5,5,4,77,3401
1,5,5,4,77,3401
1,6,5,4,77,3401
9,0,5,4,77,3401
8,0,5,4,77,3401
8,1,5,4,77,3401
7,1,5,4,77,3401
7,2,5,4,77,3401
6,2,5,4,77,3401
6,3,5,4,77,3401
5,3,5,4,77,3401
5,4,5,4,77,3401
4,4,5,4,77,3401
4,5,5,4,77,3401
3,5,5,4,77,3401
3,6,5,4,77,3401
2,6,5,4,77,3401
2,7,5,4,77,3401
0,0,5,4,78,3003
1,0,5,4,78,3003
0,1,5,4,78,3003
2,0,5,4,78,3003
1,1,5,4,78,3003
0,2,5,4,78,3003
3,0,5,4,78,3003
2,1,5,4,78,3003
1,2,5,4,78,3003
0,3,5,4,78,3003
5,0,5,4,78,3003
4,0,5,4,78,3003
4,1,5,4,78,3003
3,1,5,4,78,3003
3,2,5,4,78,3003
2,2,5,4,78,3003
2,3,5,4,78,3003
1,3,5,4,78,3003
1,4,5,4,78,3003
7,0,5,4,78,3003
6,0,5,4,78,3003
6,1,5,4,78,3003
5,1,5,4,78,3003
5,2,5,4,78,3003
4,2,5,4,78,3003
4,3,5,4,78,3003
3,3,5,4,78,3003
3,4,5,4,78,3003
2,4,5,4,78,3003
2,5,5,4,78,3003
9,0,5,4,78,3003
8,0,5,4,78,3003
8,1,5,4,78,3003
7,1,5,4,78,3003
7,2,5,4,78,3003
6,2,5,4,78,3003
6,3,5,4,78,3003
5,3,5,4,78,3003
5,4,5,4,78,3003
4,4,5,4,78,3003
4,5,5,4,78,3003
3,5,5,4,78,3003
3,6,5,4,78,3003
0,0,5,4,79,2576
1,0,5,4,79,2576
0,1,5,4,79,2576
3,0,5,4,79,2576
2,0,5,4,79,2576
2,1,5,4,79,2576
1,1,5,4,79,2576
1,2,5,4,79,2576
5,0,5,4,79,2576
4,0,5,4,79,2576
4,1,5,4,79,2576
3,1,5,4,79,2576
3,2,5,4,79,2576
2,2,5,4,79,2576
2,3,5,4,79,2576
7,0,5,4,79,2576
6,0,5,4,79,2576
6,1,5,4,79,2576
5,1,5,4,79,2576
5,2,5,4,79,2576
4,2,5,4,79,2576
4,3,5,4,79,2576
3,3,5,4,79,2576
3,4,5,4,79,2576
9,0,5,4,79,2576
8,0,5,4,79,2576
8,1,5,4,79,2576
7,1,5,4,79,2576
7,2,5,4,79,2576
6,2,5,4,79,2576
6,3,5,4,79,2576
5,3,5,4,79,2576
5,4,5,4,79,2576
4,4,5,4,79,2576
4,5,5,4,79,2576
1,0,4,3,80,2135
3,0,4,3,80,2135
2,0,4,3,80,2135
2,1,4,3,80,2135
5,0,4,3,80,2135
4,0,4,3,80,2135
4,1,4,3,80,2135
3,1,4,3,80,2135
3,2,4,3,80,2135
7,0,4,3,80,2135
6,0,4,3,80,2135
6,1,4,3,80,2135
5,1,4,3,80,2135
5,2,4,3,80,2135
4,2,4,3,80,2135
4,3,4,3,80,2135
9,0,4,3,80,2135
8,0,4,3,80,2135
8,1,4,3,80,2135
7,1,4,3,80,2135
7,2,4,3,80,2135
6,2,4,3,80,2135
6,3,4,3,80,2135
5,3,4,3,80,2135
5,4,4,3,80,2135
3,0,4,1,81,1653
5,0,4,1,81,1653
4,0,4,1,81,1653
4,1,4,1,81,1653
7,0,4,1,81,1653
6,0,4,1,81,1653
6,1,4,1,81,1653
5,1,4,1,81,1653
5,2,4,1,81,1653
9,0,4,1,81,1653
8,0,4,1,81,1653
8,1,4,1,81,1653
7,1,4,1,81,1653
7,2,4,1,81,1653
6,2,4,1,81,1653
6,3,4,1,81,1653
5,0,5,0,59,1136
7,0,5,0,59,1136
6,0,5,0,59,1136
6,1,5,0,59,1136
9,0,5,0,59,1136
8,0,5,0,59,1136
8,1,5,0,59,1136
7,1,5,0,59,1136
7,2,5,0,59,1136
7,0,7,0,28,588
9,0,7,0,28,588
8,0,7,0,28,588
8,1,7,0,28,588
9,0,9,0,0,0
9,1,6,4,74,4440
8,1,8,1,0,0
8,2,6,4,74,4440
6,1,7,0,60,588
8,1,7,0,60,588
7,0,7,0,60,588
7,2,7,0,60,588
7,2,7,2,0,0
7,3,6,4,74,4440
4,1,5,0,82,1138
6,1,5,0,82,1138
5,0,5,0,82,1138
5,2,5,0,82,1138
8,1,5,0,82,1138
7,0,5,0,82,1138
7,2,5,0,82,1138
6,0,5,0,82,1138
6,3,5,0,82,1138
6,3,6,3,0,0
6,4,6,4,74,4440
2,1,4,3,83,1650
4,1,4,3,83,1650
3,0,4,3,83,1650
3,2,4,3,83,1650
6,1,4,3,83,1650
5,0,4,3,83,1650
5,2,4,3,83,1650
4,0,4,3,83,1650
4,3,4,3,83,1650
8,1,4,3,83,1650
7,0,4,3,83,1650
7,2,4,3,83,1650
6,0,4,3,83,1650
6,3,4,3,83,1650
5,1,4,3,83,1650
5,4,4,3,83,1650
5,4,5,4,0,0
5,5,6,4,74,4440
0,1,5,4,84,2127
2,1,5,4,84,2127
1,0,5,4,84,2127
1,2,5,4,84,2127
4,1,5,4,84,2127
3,0,5,4,84,2127
3,2,5,4,84,2127
2,0,5,4,84,2127
2,3,5,4,84,2127
6,1,5,4,84,2127
5,0,5,4,84,2127
5,2,5,4,84,2127
4,0,5,4,84,2127
4,3,5,4,84,2127
3,1,5,4,84,2127
3,4,5,4,84,2127
8,1,5,4,84,2127
7,0,5,4,84,2127
7,2,5,4,84,2127
6,0,5,4,84,2127
6,3,5,4,84,2127
5,1,5,4,84,2127
5,4,5,4,84,2127
4,2,5,4,84,2127
4,5,5,4,84,2127
1,2,5,4,85,1650
3,2,5,4,85,1650
2,1,5,4,85,1650
2,3,5,4,85,1650
5,2,5,4,85,1650
4,1,5,4,85,1650
4,3,5,4,85,1650
3,0,5,4,85,1650
3,4,5,4,85,1650
7,2,5,4,85,1650
6,1,5,4,85,1650
6,3,5,4,85,1650
5,0,5,4,85,1650
5,4,5,4,85,1650
4,0,5,4,85,1650
4,5,5,4,85,1650
2,3,5,4,46,1138
4,3,5,4,46,1138
3,2,5,4,46,1138
3,4,5,4,46,1138
6,3,5,4,46,1138
5,2,5,4,46,1138
5,4,5,4,46,1138
4,1,5,4,46,1138
4,5,5,4,46,1138
3,4,5,4,19,588
5,4,5,4,19,588
4,3,5,4,19,588
4,5,5,4,19,588
4,5,4,5,0,0
4,6,6,4,74,4440
0,1,5,4,86,2574
1,1,5,4,86,2574
0,0,5,4,86,2574
0,2,5,4,86,2574
2,1,5,4,86,2574
1,0,5,4,86,2574
1,2,5,4,86,2574
0,3,5,4,86,2574
4,1,5,4,86,2574
3,0,5,4,86,2574
3,2,5,4,86,2574
2,0,5,4,86,2574
2,3,5,4,86,2574
1,4,5,4,86,2574
6,1,5,4,86,2574
5,0,5,4,86,2574
5,2,5,4,86,2574
4,0,5,4,86,2574
4,3,5,4,86,2574
3,1,5,4,86,2574
3,4,5,4,86,2574
2,2,5,4,86,2574
2,5,5,4,86,2574
8,1,5,4,86,2574
7,0,5,4,86,2574
7,2,5,4,86,2574
6,0,5,4,86,2574
6,3,5,4,86,2574
5,1,5,4,86,2574
5,4,5,4,86,2574
4,2,5,4,86,2574
4,5,5,4,86,2574
3,3,5,4,86,2574
3,6,5,4,86,2574
0,2,3,4,87,2128
1,2,3,4,87,2128
0,1,3,4,87,2128
0,3,3,4,87,2128
3,2,3,4,87,2128
2,1,3,4,87,2128
2,3,3,4,87,2128
1,0,3,4,87,2128
1,4,3,4,87,2128
5,2,3,4,87,2128
4,1,3,4,87,2128
4,3,3,4,87,2128
3,0,3,4,87,2128
3,4,3,4,87,2128
2,0,3,4,87,2128
2,5,3,4,87,2128
7,2,3,4,87,2128
6,1,3,4,87,2128
6,3,3,4,87,2128
5,0,3,4,87,2128
5,4,3,4,87,2128
4,0,3,4,87,2128
4,5,3,4,87,2128
3,1,3,4,87,2128
3,6,3,4,87,2128
1,4,5,4,67,1136
3,4,5,4,67,1136
2,3,5,4,67,1136
2,5,5,4,67,1136
5,4,5,4,67,1136
4,3,5,4,67,1136
4,5,5,4,67,1136
3,2,5,4,67,1136
3,6,5,4,67,1136
2,5,3,4,60,588
4,5,3,4,60,588
3,4,3,4,60,588
3,6,3,4,60,588
3,6,3,6,0,0
3,7,6,4,74,4440
0,2,5,4,88,2574
1,2,5,4,88,2574
0,1,5,4,88,2574
0,3,5,4,88,2574
2,2,5,4,88,2574
1,1,5,4,88,2574
1,3,5,4,88,2574
0,0,5,4,88,2574
0,4,5,4,88,2574
3,2,5,4,88,2574
2,1,5,4,88,2574
2,3,5,4,88,2574
1,0,5,4,88,2574
1,4,5,4,88,2574
0,5,5,4,88,2574
5,2,5,4,88,2574
4,1,5,4,88,2574
4,3,5,4,88,2574
3,0,5,4,88,2574
3,4,5,4,88,2574
2,0,5,4,88,2574
2,5,5,4,88,2574
1,6,5,4,88,2574
7,2,5,4,88,2574
6,1,5,4,88,2574
6,3,5,4,88,2574
5,0,5,4,88,2574
5,4,5,4,88,2574
4,0,5,4,88,2574
4,5,5,4,88,2574
3,1,5,4,88,2574
3,6,5,4,88,2574
2,7,5,4,88,2574
0,3,5,4,89,2127
1,3,5,4,89,2127
0,2,5,4,89,2127
0,4,5,4,89,2127
2,3,5,4,89,2127
1,2,5,4,89,2127
1,4,5,4,89,2127
0,1,5,4,89,2127
0,5,5,4,89,2127
4,3,5,4,89,2127
3,2,5,4,89,2127
3,4,5,4,89,2127
2,1,5,4,89,2127
2,5,5,4,89,2127
1,0,5,4,89,2127
1,6,5,4,89,2127
6,3,5,4,89,2127
5,2,5,4,89,2127
5,4,5,4,89,2127
4,1,5,4,89,2127
4,5,5,4,89,2127
3,0,5,4,89,2127
3,6,5,4,89,2127
2,0,5,4,89,2127
2,7,5,4,89,2127
0,4,5,4,90,1646
1,4,5,4,90,1646
0,3,5,4,90,1646
0,5,5,4,90,1646
3,4,5,4,90,1646
2,3,5,4,90,1646
2,5,5,4,90,1646
1,2,5,4,90,1646
1,6,5,4,90,1646
5,4,5,4,90,1646
4,3,5,4,90,1646
4,5,5,4,90,1646
3,2,5,4,90,1646
3,6,5,4,90,1646
2,1,5,4,90,1646
2,7,5,4,90,1646
0,5,3,4,91,1138
2,5,3,4,91,1138
1,4,3,4,91,1138
1,6,3,4,91,1138
4,5,3,4,91,1138
3,4,3,4,91,1138
3,6,3,4,91,1138
2,3,3,4,91,1138
2,7,3,4,91,1138
1,6,2,5,60,588
3,6,2,5,60,588
2,5,2,5,60,588
2,7,2,5,60,588
2,7,2,7,0,0
2,8,6,4,74,4440
0,1,5,4,92,3381
1,1,5,4,92,3381
0,0,5,4,92,3381
0,2,5,4,92,3381
2,1,5,4,92,3381
1,0,5,4,92,3381
1,2,5,4,92,3381
0,3,5,4,92,3381
3,1,5,4,92,3381
2,0,5,4,92,3381
2,2,5,4,92,3381
1,3,5,4,92,3381
0,4,5,4,92,3381
4,1,5,4,92,3381
3,0,5,4,92,3381
3,2,5,4,92,3381
2,3,5,4,92,3381
1,4,5,4,92,3381
0,5,5,4,92,3381
5,1,5,4,92,3381
4,0,5,4,92,3381
4,2,5,4,92,3381
3,3,5,4,92,3381
2,4,5,4,92,3381
1,5,5,4,92,3381
0,6,5,4,92,3381
6,1,5,4,92,3381
5,0,5,4,92,3381
5,2,5,4,92,3381
4,3,5,4,92,3381
3,4,5,4,92,3381
2,5,5,4,92,3381
1,6,5,4,92,3381
0,7,5,4,92,3381
8,1,5,4,92,3381
7,0,5,4,92,3381
7,2,5,4,92,3381
6,0,5,4,92,3381
6,3,5,4,92,3381
5,4,5,4,92,3381
4,5,5,4,92,3381
3,6,5,4,92,3381
2,7,5,4,92,3381
1,8,5,4,92,3381
0,2,5,4,93,2991
1,2,5,4,93,2991
0,1,5,4,93,2991
0,3,5,4,93,2991
2,2,5,4,93,2991
1,1,5,4,93,2991
1,3,5,4,93,2991
0,0,5,4,93,2991
0,4,5,4,93,2991
3,2,5,4,93,2991
2,1,5,4,93,2991
2,3,5,4,93,2991
1,0,5,4,93,2991
1,4,5,4,93,2991
0,5,5,4,93,2991
4,2,5,4,93,2991
3,1,5,4,93,2991
3,3,5,4,93,2991
2,0,5,4,93,2991
2,4,5,4,93,2991
1,5,5,4,93,2991
0,6,5,4,93,2991
5,2,5,4,93,2991
4,1,5,4,93,2991
4,3,5,4,93,2991
3,0,5,4,93,2991
3,4,5,4,93,2991
2,5,5,4,93,2991
1,6,5,4,93,2991
0,7,5,4,93,2991
7,2,5,4,93,2991
6,1,5,4,93,2991
6,3,5,4,93,2991
5,0,5,4,93,2991
5,4,5,4,93,2991
4,0,5,4,93,2991
4,5,5,4,93,2991
3,6,5,4,93,2991
2,7,5,4,93,2991
1,8,5,4,93,2991
0,3,5,4,94,2571
1,3,5,4,94,2571
0,2,5,4,94,2571
0,4,5,4,94,2571
2,3,5,4,94,2571
1,2,5,4,94,2571
1,4,5,4,94,2571
0,1,5,4,94,2571
0,5,5,4,94,2571
3,3,5,4,94,2571
2,2,5,4,94,2571
2,4,5,4,94,2571
1,1,5,4,94,2571
1,5,5,4,94,2571
0,0,5,4,94,2571
0,6,5,4,94,2571
4,3,5,4,94,2571
3,2,5,4,94,2571
3,4,5,4,94,2571
2,1,5,4,94,2571
2,5,5,4,94,2571
1,0,5,4,94,2571
1,6,5,4,94,2571
0,7,5,4,94,2571
6,3,5,4,94,2571
5,2,5,4,94,2571
5,4,5,4,94,2571
4,1,5,4,94,2571
4,5,5,4,94,2571
3,0,5,4,94,2571
3,6,5,4,94,2571
2,0,5,4,94,2571
2,7,5,4,94,2571
1,8,5,4,94,2571
0,4,5,4,95,2122
1,4,5,4,95,2122
0,3,5,4,95,2122
0,5,5,4,95,2122
2,4,5,4,95,2122
1,3,5,4,95,2122
1,5,5,4,95,2122
0,2,5,4,95,2122
0,6,5,4,95,2122
3,4,5,4,95,2122
2,3,5,4,95,2122
2,5,5,4,95,2122
1,2,5,4,95,2122
1,6,5,4,95,2122
0,1,5,4,95,2122
0,7,5,4,95,2122
5,4,5,4,95,2122
4,3,5,4,95,2122
4,5,5,4,95,2122
3,2,5,4,95,2122
3,6,5,4,95,2122
2,1,5,4,95,2122
2,7,5,4,95,2122
1,0,5,4,95,2122
1,8,5,4,95,2122
0,5,3,4,96,1650
1,5,3,4,96,1650
0,4,3,4,96,1650
0,6,3,4,96,1650
2,5,3,4,96,1650
1,4,3,4,96,1650
1,6,3,4,96,1650
0,3,3,4,96,1650
0,7,3,4,96,1650
4,5,3,4,96,1650
3,4,3,4,96,1650
3,6,3,4,96,1650
2,3,3,4,96,1650
2,7,3,4,96,1650
1,2,3,4,96,1650
1,8,3,4,96,1650
0,7,1,8,7,588
2,7,1,8,7,588
1,6,1,8,7,588
1,8,1,8,7,588
1,8,1,8,0,0
1,9,6,4,74,4440
0,6,1,8,97,1653
1,6,1,8,97,1653
0,5,1,8,97,1653
0,7,1,8,97,1653
2,6,1,8,97,1653
1,5,1,8,97,1653
1,7,1,8,97,1653
0,4,1,8,97,1653
0,8,1,8,97,1653
3,6,1,8,97,1653
2,5,1,8,97,1653
2,7,1,8,97,1653
1,4,1,8,97,1653
1,8,1,8,97,1653
0,3,1,8,97,1653
0,9,1,8,97,1653
0,7,1,8,98,1139
1,7,1,8,98,1139
0,6,1,8,98,1139
0,8,1,8,98,1139
2,7,1,8,98,1139
1,6,1,8,98,1139
1,8,1,8,98,1139
0,5,1,8,98,1139
0,9,1,8,98,1139
0,8,1,8,99,588
1,8,1,8,99,588
0,7,1,8,99,588
0,9,1,8,99,588
0,9,0,9,0,0
0,0,5,4,100,3771
1,0,5,4,100,3771
0,1,5,4,100,3771
2,0,5,4,100,3771
1,1,5,4,100,3771
0,2,5,4,100,3771
3,0,5,4,100,3771
2,1,5,4,100,3771
1,2,5,4,100,3771
0,3,5,4,100,3771
4,0,5,4,100,3771
3,1,5,4,100,3771
2,2,5,4,100,3771
1,3,5,4,100,3771
0,4,5,4,100,3771
5,0,5,4,100,3771
4,1,5,4,100,3771
3,2,5,4,100,3771
2,3,5,4,100,3771
1,4,5,4,100,3771
0,5,5,4,100,3771
6,0,5,4,100,3771
5,1,5,4,100,3771
4,2,5,4,100,3771
3,3,5,4,100,3771
2,4,5,4,100,3771
1,5,5,4,100,3771
0,6,5,4,100,3771
7,0,5,4,100,3771
6,1,5,4,100,3771
5,2,5,4,100,3771
4,3,5,4,100,3771
3,4,5,4,100,3771
2,5,5,4,100,3771
1,6,5,4,100,3771
0,7,5,4,100,3771
9,0,5,4,100,3771
8,0,5,4,100,3771
8,1,5,4,100,3771
7,1,5,4,100,3771
7,2,5,4,100,3771
6,2,5,4,100,3771
6,3,5,4,100,3771
5,3,5,4,100,3771
5,4,5,4,100,3771
4,4,5,4,100,3771
4,5,5,4,100,3771
3,5,5,4,100,3771
3,6,5,4,100,3771
2,6,5,4,100,3771
2,7,5,4,100,3771
1,7,5,4,100,3771
1,8,5,4,100,3771
0,1,4,3,101,3774
1,1,4,3,101,3774
0,0,4,3,101,3774
0,2,4,3,101,3774
2,1,4,3,101,3774
1,0,4,3,101,3774
1,2,4,3,101,3774
0,3,4,3,101,3774
3,1,4,3,101,3774
2,0,4,3,101,3774
2,2,4,3,101,3774
1,3,4,3,101,3774
0,4,4,3,101,3774
4,1,4,3,101,3774
3,0,4,3,101,3774
3,2,4,3,101,3774
2,3,4,3,101,3774
1,4,4,3,101,3774
0,5,4,3,101,3774
5,1,4,3,101,3774
4,0,4,3,101,3774
4,2,4,3,101,3774
3,3,4,3,101,3774
2,4,4,3,101,3774
1,5,4,3,101,3774
0,6,4,3,101,3774
6,1,4,3,101,3774
5,0,4,3,101,3774
5,2,4,3,101,3774
4,3,4,3,101,3774
3,4,4,3,101,3774
2,5,4,3,101,3774
1,6,4,3,101,3774
0,7,4,3,101,3774
7,1,4,3,101,3774
6,0,4,3,101,3774
6,2,4,3,101,3774
5,3,4,3,101,3774
4,4,4,3,101,3774
3,5,4,3,101,3774
2,6,4,3,101,3774
1,7,4,3,101,3774
0,8,4,3,101,3774
8,1,4,3,101,3774
7,0,4,3,101,3774
7,2,4,3,101,3774
6,3,4,3,101,3774
5,4,4,3,101,3774
4,5,4,3,101,3774
3,6,4,3,101,3774
2,7,4,3,101,3774
1,8,4,3,101,3774
0,9,4,3,101,3774
0,0,6,4,102,3767
1,0,6,4,102,3767
0,1,6,4,102,3767
2,0,6,4,102,3767
1,1,6,4,102,3767
0,2,6,4,102,3767
3,0,6,4,102,3767
2,1,6,4,102,3767
1,2,6,4,102,3767
0,3,6,4,102,3767
4,0,6,4,102,3767
3,1,6,4,102,3767
2,2,6,4,102,3767
1,3,6,4,102,3767
0,4,6,4,102,3767
5,0,6,4,102,3767
4,1,6,4,102,3767
3,2,6,4,102,3767
2,3,6,4,102,3767
1,4,6,4,102,3767
0,5,6,4,102,3767
6,0,6,4,102,3767
5,1,6,4,102,3767
4,2,6,4,102,3767
3,3,6,4,102,3767
2,4,6,4,102,3767
1,5,6,4,102,3767
0,6,6,4,102,3767
8,0,6,4,102,3767
7,0,6,4,102,3767
7,1,6,4,102,3767
6,1,6,4,102,3767
6,2,6,4,102,3767
5,2,6,4,102,3767
5,3,6,4,102,3767
4,3,6,4,102,3767
4,4,6,4,102,3767
3,4,6,4,102,3767
3,5,6,4,102,3767
2,5,6,4,102,3767
2,6,6,4,102,3767
1,6,6,4,102,3767
1,7,6,4,102,3767
9,0,6,4,102,3767
9,1,6,4,102,3767
8,1,6,4,102,3767
8,2,6,4,102,3767
7,2,6,4,102,3767
7,3,6,4,102,3767
6,3,6,4,102,3767
6,4,6,4,102,3767
5,4,6,4,102,3767
5,5,6,4,102,3767
4,5,6,4,102,3767
4,6,6,4,102,3767
3,6,6,4,102,3767
3,7,6,4,102,3767
2,7,6,4,102,3767
2,8,6,4,102,3767
0,0,6,4,103,3395
1,0,6,4,103,3395
0,1,6,4,103,3395
2,0,6,4,103,3395
1,1,6,4,103,3395
0,2,6,4,103,3395
3,0,6,4,103,3395
2,1,6,4,103,3395
1,2,6,4,103,3395
0,3,6,4,103,3395
4,0,6,4,103,3395
3,1,6,4,103,3395
2,2,6,4,103,3395
1,3,6,4,103,3395
0,4,6,4,103,3395
6,0,6,4,103,3395
5,0,6,4,103,3395
5,1,6,4,103,3395
4,1,6,4,103,3395
4,2,6,4,103,3395
3,2,6,4,103,3395
3,3,6,4,103,3395
2,3,6,4,103,3395
2,4,6,4,103,3395
1,4,6,4,103,3395
1,5,6,4,103,3395
8,0,6,4,103,3395
7,0,6,4,103,3395
7,1,6,4,103,3395
6,1,6,4,103,3395
6,2,6,4,103,3395
5,2,6,4,103,3395
5,3,6,4,103,3395
4,3,6,4,103,3395
4,4,6,4,103,3395
3,4,6,4,103,3395
3,5,6,4,103,3395
2,5,6,4,103,3395
2,6,6,4,103,3395
9,0,6,4,103,3395
9,1,6,4,103,3395
8,1,6,4,103,3395
8,2,6,4,103,3395
7,2,6,4,103,3395
7,3,6,4,103,3395
6,3,6,4,103,3395
6,4,6,4,103,3395
5,4,6,4,103,3395
5,5,6,4,103,3395
4,5,6,4,103,3395
4,6,6,4,103,3395
3,6,6,4,103,3395
3,7,6,4,103,3395
0,0,6,4,104,2995
1,0,6,4,104,2995
0,1,6,4,104,2995
2,0,6,4,104,2995
1,1,6,4,104,2995
0,2,6,4,104,2995
4,0,6,4,104,2995
3,0,6,4,104,2995
3,1,6,4,104,2995
2,1,6,4,104,2995
2,2,6,4,104,2995
1,2,6,4,104,2995
1,3,6,4,104,2995
6,0,6,4,104,2995
5,0,6,4,104,2995
5,1,6,4,104,2995
4,1,6,4,104,2995
4,2,6,4,104,2995
3,2,6,4,104,2995
3,3,6,4,104,2995
2,3,6,4,104,2995
2,4,6,4,104,2995
8,0,6,4,104,2995
7,0,6,4,104,2995
7,1,6,4,104,2995
6,1,6,4,104,2995
6,2,6,4,104,2995
5,2,6,4,104,2995
5,3,6,4,104,2995
4,3,6,4,104,2995
4,4,6,4,104,2995
3,4,6,4,104,2995
3,5,6,4,104,2995
9,0,6,4,104,2995
9,1,6,4,104,2995
8,1,6,4,104,2995
8,2,6,4,104,2995
7,2,6,4,104,2995
7,3,6,4,104,2995
6,3,6,4,104,2995
6,4,6,4,104,2995
5,4,6,4,104,2995
5,5,6,4,104,2995
4,5,6,4,104,2995
4,6,6,4,104,2995
0,0,4,4,105,2583
2,0,4,4,105,2583
1,0,4,4,105,2583
1,1,4,4,105,2583
4,0,4,4,105,2583
3,0,4,4,105,2583
3,1,4,4,105,2583
2,1,4,4,105,2583
2,2,4,4,105,2583
6,0,4,4,105,2583
5,0,4,4,105,2583
5,1,4,4,105,2583
4,1,4,4,105,2583
4,2,4,4,105,2583
3,2,4,4,105,2583
3,3,4,4,105,2583
8,0,4,4,105,2583
7,0,4,4,105,2583
7,1,4,4,105,2583
6,1,4,4,105,2583
6,2,4,4,105,2583
5,2,4,4,105,2583
5,3,4,4,105,2583
4,3,4,4,105,2583
4,4,4,4,105,2583
9,0,4,4,105,2583
9,1,4,4,105,2583
8,1,4,4,105,2583
8,2,4,4,105,2583
7,2,4,4,105,2583
7,3,4,4,105,2583
6,3,4,4,105,2583
6,4,4,4,105,2583
5,4,4,4,105,2583
5,5,4,4,105,2583
2,0,4,2,106,2137
4,0,4,2,106,2137
3,0,4,2,106,2137
3,1,4,2,106,2137
6,0,4,2,106,2137
5,0,4,2,106,2137
5,1,4,2,106,2137
4,1,4,2,106,2137
4,2,4,2,106,2137
8,0,4,2,106,2137
7,0,4,2,106,2137
7,1,4,2,106,2137
6,1,4,2,106,2137
6,2,4,2,106,2137
5,2,4,2,106,2137
5,3,4,2,106,2137
9,0,4,2,106,2137
9,1,4,2,106,2137
8,1,4,2,106,2137
8,2,4,2,106,2137
7,2,4,2,106,2137
7,3,4,2,106,2137
6,3,4,2,106,2137
6,4,4,2,106,2137
4,0,4,0,107,1646
6,0,4,0,107,1646
5,0,4,0,107,1646
5,1,4,0,107,1646
8,0,4,0,107,1646
7,0,4,0,107,1646
7,1,4,0,107,1646
6,1,4,0,107,1646
6,2,4,0,107,1646
9,0,4,0,107,1646
9,1,4,0,107,1646
8,1,4,0,107,1646
8,2,4,0,107,1646
7,2,4,0,107,1646
7,3,4,0,107,1646
6,0,6,0,108,1136
8,0,6,0,108,1136
7,0,6,0,108,1136
7,1,6,0,108,1136
9,0,6,0,108,1136
9,1,6,0,108,1136
8,1,6,0,108,1136
8,2,6,0,108,1136
8,0,8,0,109,586
9,0,8,0,109,586
9,1,8,0,109,586
9,1,9,1,0,0
7,1,8,0,60,588
9,1,8,0,60,588
8,0,8,0,60,588
8,2,8,0,60,588
8,2,8,2,0,0
5,1,6,0,82,1138
7,1,6,0,82,1138
6,0,6,0,82,1138
6,2,6,0,82,1138
9,1,6,0,82,1138
8,0,6,0,82,1138
8,2,6,0,82,1138
7,0,6,0,82,1138
7,3,6,0,82,1138
7,3,7,3,0,0
3,1,4,0,110,1650
5,1,4,0,110,1650
4,0,4,0,110,1650
4,2,4,0,110,1650
7,1,4,0,110,1650
6,0,4,0,110,1650
6,2,4,0,110,1650
5,0,4,0,110,1650
5,3,4,0,110,1650
9,1,4,0,110,1650
8,0,4,0,110,1650
8,2,4,0,110,1650
7,0,4,0,110,1650
7,3,4,0,110,1650
6,1,4,0,110,1650
6,4,4,0,110,1650
5,3,6,4,7,588
7,3,6,4,7,588
6,2,6,4,7,588
6,4,6,4,7,588
6,4,6,4,0,0
1,1,4,4,111,2127
3,1,4,4,111,2127
2,0,4,4,111,2127
2,2,4,4,111,2127
5,1,4,4,111,2127
4,0,4,4,111,2127
4,2,4,4,111,2127
3,0,4,4,111,2127
3,3,4,4,111,2127
7,1,4,4,111,2127
6,0,4,4,111,2127
6,2,4,4,111,2127
5,0,4,4,111,2127
5,3,4,4,111,2127
4,1,4,4,111,2127
4,4,4,4,111,2127
9,1,4,4,111,2127
8,0,4,4,111,2127
8,2,4,4,111,2127
7,0,4,4,111,2127
7,3,4,4,111,2127
6,1,4,4,111,2127
6,4,4,4,111,2127
5,2,4,4,111,2127
5,5,4,4,111,2127
4,4,6,4,19,588
6,4,6,4,19,588
5,3,6,4,19,588
5,5,6,4,19,588
5,5,5,5,0,0
0,1,6,4,112,2574
1,1,6,4,112,2574
0,0,6,4,112,2574
0,2,6,4,112,2574
3,1,6,4,112,2574
2,0,6,4,112,2574
2,2,6,4,112,2574
1,0,6,4,112,2574
1,3,6,4,112,2574
5,1,6,4,112,2574
4,0,6,4,112,2574
4,2,6,4,112,2574
3,0,6,4,112,2574
3,3,6,4,112,2574
2,1,6,4,112,2574
2,4,6,4,112,2574
7,1,6,4,112,2574
6,0,6,4,112,2574
6,2,6,4,112,2574
5,0,6,4,112,2574
5,3,6,4,112,2574
4,1,6,4,112,2574
4,4,6,4,112,2574
3,2,6,4,112,2574
3,5,6,4,112,2574
9,1,6,4,112,2574
8,0,6,4,112,2574
8,2,6,4,112,2574
7,0,6,4,112,2574
7,3,6,4,112,2574
6,1,6,4,112,2574
6,4,6,4,112,2574
5,2,6,4,112,2574
5,5,6,4,112,2574
4,3,6,4,112,2574
4,6,6,4,112,2574
0,2,6,4,113,2128
2,2,6,4,113,2128
1,1,6,4,113,2128
1,3,6,4,113,2128
4,2,6,4,113,2128
3,1,6,4,113,2128
3,3,6,4,113,2128
2,0,6,4,113,2128
2,4,6,4,113,2128
6,2,6,4,113,2128
5,1,6,4,113,2128
5,3,6,4,113,2128
4,0,6,4,113,2128
4,4,6,4,113,2128
3,0,6,4,113,2128
3,5,6,4,113,2128
8,2,6,4,113,2128
7,1,6,4,113,2128
7,3,6,4,113,2128
6,0,6,4,113,2128
6,4,6,4,113,2128
5,0,6,4,113,2128
5,5,6,4,113,2128
4,1,6,4,113,2128
4,6,6,4,113,2128
1,3,6,4,114,1650
3,3,6,4,114,1650
2,2,6,4,114,1650
2,4,6,4,114,1650
5,3,6,4,114,1650
4,2,6,4,114,1650
4,4,6,4,114,1650
3,1,6,4,114,1650
3,5,6,4,114,1650
7,3,6,4,114,1650
6,2,6,4,114,1650
6,4,6,4,114,1650
5,1,6,4,114,1650
5,5,6,4,114,1650
4,0,6,4,114,1650
4,6,6,4,114,1650
2,4,6,4,67,1136
4,4,6,4,67,1136
3,3,6,4,67,1136
3,5,6,4,67,1136
6,4,6,4,67,1136
5,3,6,4,67,1136
5,5,6,4,67,1136
4,2,6,4,67,1136
4,6,6,4,67,1136
3,5,4,4,60,588
5,5,4,4,60,588
4,4,4,4,60,588
4,6,4,4,60,588
4,6,4,6,0,0
0,1,6,4,115,2992
1,1,6,4,115,2992
0,0,6,4,115,2992
0,2,6,4,115,2992
2,1,6,4,115,2992
1,0,6,4,115,2992
1,2,6,4,115,2992
0,3,6,4,115,2992
3,1,6,4,115,2992
2,0,6,4,115,2992
2,2,6,4,115,2992
1,3,6,4,115,2992
0,4,6,4,115,2992
5,1,6,4,115,2992
4,0,6,4,115,2992
4,2,6,4,115,2992
3,0,6,4,115,2992
3,3,6,4,115,2992
2,4,6,4,115,2992
1,5,6,4,115,2992
7,1,6,4,115,2992
6,0,6,4,115,2992
6,2,6,4,115,2992
5,0,6,4,115,2992
5,3,6,4,115,2992
4,1,6,4,115,2992
4,4,6,4,115,2992
3,2,6,4,115,2992
3,5,6,4,115,2992
2,3,6,4,115,2992
2,6,6,4,115,2992
9,1,6,4,115,2992
8,0,6,4,115,2992
8,2,6,4,115,2992
7,0,6,4,115,2992
7,3,6,4,115,2992
6,1,6,4,115,2992
6,4,6,4,115,2992
5,2,6,4,115,2992
5,5,6,4,115,2992
4,3,6,4,115,2992
4,6,6,4,115,2992
3,4,6,4,115,2992
3,7,6,4,115,2992
0,2,4,4,116,2574
1,2,4,4,116,2574
0,1,4,4,116,2574
0,3,4,4,116,2574
2,2,4,4,116,2574
1,1,4,4,116,2574
1,3,4,4,116,2574
0,0,4,4,116,2574
0,4,4,4,116,2574
4,2,4,4,116,2574
3,1,4,4,116,2574
3,3,4,4,116,2574
2,0,4,4,116,2574
2,4,4,4,116,2574
1,0,4,4,116,2574
1,5,4,4,116,2574
6,2,4,4,116,2574
5,1,4,4,116,2574
5,3,4,4,116,2574
4,0,4,4,116,2574
4,4,4,4,116,2574
3,0,4,4,116,2574
3,5,4,4,116,2574
2,1,4,4,116,2574
2,6,4,4,116,2574
8,2,4,4,116,2574
7,1,4,4,116,2574
7,3,4,4,116,2574
6,0,4,4,116,2574
6,4,4,4,116,2574
5,0,4,4,116,2574
5,5,4,4,116,2574
4,1,4,4,116,2574
4,6,4,4,116,2574
3,2,4,4,116,2574
3,7,4,4,116,2574
0,4,6,4,117,1646
2,4,6,4,117,1646
1,3,6,4,117,1646
1,5,6,4,117,1646
4,4,6,4,117,1646
3,3,6,4,117,1646
3,5,6,4,117,1646
2,2,6,4,117,1646
2,6,6,4,117,1646
6,4,6,4,117,1646
5,3,6,4,117,1646
5,5,6,4,117,1646
4,2,6,4,117,1646
4,6,6,4,117,1646
3,1,6,4,117,1646
3,7,6,4,117,1646
1,5,4,4,91,1138
3,5,4,4,91,1138
2,4,4,4,91,1138
2,6,4,4,91,1138
5,5,4,4,91,1138
4,4,4,4,91,1138
4,6,4,4,91,1138
3,3,4,4,91,1138
3,7,4,4,91,1138
2,6,3,5,60,588
4,6,3,5,60,588
3,5,3,5,60,588
3,7,3,5,60,588
3,7,3,7,0,0
0,2,6,4,118,2991
1,2,6,4,118,2991
0,1,6,4,118,2991
0,3,6,4,118,2991
2,2,6,4,118,2991
1,1,6,4,118,2991
1,3,6,4,118,2991
0,0,6,4,118,2991
0,4,6,4,118,2991
3,2,6,4,118,2991
2,1,6,4,118,2991
2,3,6,4,118,2991
1,0,6,4,118,2991
1,4,6,4,118,2991
0,5,6,4,118,2991
4,2,6,4,118,2991
3,1,6,4,118,2991
3,3,6,4,118,2991
2,0,6,4,118,2991
2,4,6,4,118,2991
1,5,6,4,118,2991
0,6,6,4,118,2991
6,2,6,4,118,2991
5,1,6,4,118,2991
5,3,6,4,118,2991
4,0,6,4,118,2991
4,4,6,4,118,2991
3,0,6,4,118,2991
3,5,6,4,118,2991
2,6,6,4,118,2991
1,7,6,4,118,2991
8,2,6,4,118,2991
7,1,6,4,118,2991
7,3,6,4,118,2991
6,0,6,4,118,2991
6,4,6,4,118,2991
5,0,6,4,118,2991
5,5,6,4,118,2991
4,1,6,4,118,2991
4,6,6,4,118,2991
3,7,6,4,118,2991
2,8,6,4,118,2991
0,3,6,4,119,2571
1,3,6,4,119,2571
0,2,6,4,119,2571
0,4,6,4,119,2571
2,3,6,4,119,2571
1,2,6,4,119,2571
1,4,6,4,119,2571
0,1,6,4,119,2571
0,5,6,4,119,2571
3,3,6,4,119,2571
2,2,6,4,119,2571
2,4,6,4,119,2571
1,1,6,4,119,2571
1,5,6,4,119,2571
0,0,6,4,119,2571
0,6,6,4,119,2571
5,3,6,4,119,2571
4,2,6,4,119,2571
4,4,6,4,119,2571
3,1,6,4,119,2571
3,5,6,4,119,2571
2,0,6,4,119,2571
2,6,6,4,119,2571
1,0,6,4,119,2571
1,7,6,4,119,2571
7,3,6,4,119,2571
6,2,6,4,119,2571
6,4,6,4,119,2571
5,1,6,4,119,2571
5,5,6,4,119,2571
4,0,6,4,119,2571
4,6,6,4,119,2571
3,0,6,4,119,2571
3,7,6,4,119,2571
2,1,6,4,119,2571
2,8,6,4,119,2571
0,4,6,4,120,2122
1,4,6,4,120,2122
0,3,6,4,120,2122
0,5,6,4,120,2122
2,4,6,4,120,2122
1,3,6,4,120,2122
1,5,6,4,120,2122
0,2,6,4,120,2122
0,6,6,4,120,2122
4,4,6,4,120,2122
3,3,6,4,120,2122
3,5,6,4,120,2122
2,2,6,4,120,2122
2,6,6,4,120,2122
1,1,6,4,120,2122
1,7,6,4,120,2122
6,4,6,4,120,2122
5,3,6,4,120,2122
5,5,6,4,120,2122
4,2,6,4,120,2122
4,6,6,4,120,2122
3,1,6,4,120,2122
3,7,6,4,120,2122
2,0,6,4,120,2122
2,8,6,4,120,2122
0,5,4,4,121,1650
1,5,4,4,121,1650
0,4,4,4,121,1650
0,6,4,4,121,1650
3,5,4,4,121,1650
2,4,4,4,121,1650
2,6,4,4,121,1650
1,3,4,4,121,1650
1,7,4,4,121,1650
5,5,4,4,121,1650
4,4,4,4,121,1650
4,6,4,4,121,1650
3,3,4,4,121,1650
3,7,4,4,121,1650
2,2,4,4,121,1650
2,8,4,4,121,1650
0,6,2,4,122,1136
2,6,2,4,122,1136
1,5,2,4,122,1136
1,7,2,4,122,1136
4,6,2,4,122,1136
3,5,2,4,122,1136
3,7,2,4,122,1136
2,4,2,4,122,1136
2,8,2,4,122,1136
2,8,2,8,0,0
0,1,6,4,123,3745
1,1,6,4,123,3745
0,0,6,4,123,3745
0,2,6,4,123,3745
2,1,6,4,123,3745
1,0,6,4,123,3745
1,2,6,4,123,3745
0,3,6,4,123,3745
3,1,6,4,123,3745
2,0,6,4,123,3745
2,2,6,4,123,3745
1,3,6,4,123,3745
0,4,6,4,123,3745
4,1,6,4,123,3745
3,0,6,4,123,3745
3,2,6,4,123,3745
2,3,6,4,123,3745
1,4,6,4,123,3745
0,5,6,4,123,3745
5,1,6,4,123,3745
4,0,6,4,123,3745
4,2,6,4,123,3745
3,3,6,4,123,3745
2,4,6,4,123,3745
1,5,6,4,123,3745
0,6,6,4,123,3745
6,1,6,4,123,3745
5,0,6,4,123,3745
5,2,6,4,123,3745
4,3,6,4,123,3745
3,4,6,4,123,3745
2,5,6,4,123,3745
1,6,6,4,123,3745
0,7,6,4,123,3745
7,1,6,4,123,3745
6,0,6,4,123,3745
6,2,6,4,123,3745
5,3,6,4,123,3745
4,4,6,4,123,3745
3,5,6,4,123,3745
2,6,6,4,123,3745
1,7,6,4,123,3745
0,8,6,4,123,3745
9,1,6,4,123,3745
8,0,6,4,123,3745
8,2,6,4,123,3745
7,0,6,4,123,3745
7,3,6,4,123,3745
6,4,6,4,123,3745
5,5,6,4,123,3745
4,6,6,4,123,3745
3,7,6,4,123,3745
2,8,6,4,123,3745
1,9,6,4,123,3745
0,2,6,4,124,3379
1,2,6,4,124,3379
0,1,6,4,124,3379
0,3,6,4,124,3379
2,2,6,4,124,3379
1,1,6,4,124,3379
1,3,6,4,124,3379
0,0,6,4,124,3379
0,4,6,4,124,3379
3,2,6,4,124,3379
2,1,6,4,124,3379
2,3,6,4,124,3379
1,0,6,4,124,3379
1,4,6,4,124,3379
0,5,6,4,124,3379
4,2,6,4,124,3379
3,1,6,4,124,3379
3,3,6,4,124,3379
2,0,6,4,124,3379
2,4,6,4,124,3379
1,5,6,4,124,3379
0,6,6,4,124,3379
5,2,6,4,124,3379
4,1,6,4,124,3379
4,3,6,4,124,3379
3,0,6,4,124,3379
3,4,6,4,124,3379
2,5,6,4,124,3379
1,6,6,4,124,3379
0,7,6,4,124,3379
6,2,6,4,124,3379
5,1,6,4,124,3379
5,3,6,4,124,3379
4,0,6,4,124,3379
4,4,6,4,124,3379
3,5,6,4,124,3379
2,6,6,4,124,3379
1,7,6,4,124,3379
0,8,6,4,124,3379
8,2,6,4,124,3379
7,1,6,4,124,3379
7,3,6,4,124,3379
6,0,6,4,124,3379
6,4,6,4,124,3379
5,0,6,4,124,3379
5,5,6,4,124,3379
4,6,6,4,124,3379
3,7,6,4,124,3379
2,8,6,4,124,3379
1,9,6,4,124,3379
0,3,6,4,125,2986
1,3,6,4,125,2986
0,2,6,4,125,2986
0,4,6,4,125,2986
2,3,6,4,125,2986
1,2,6,4,125,2986
1,4,6,4,125,2986
0,1,6,4,125,2986
0,5,6,4,125,2986
3,3,6,4,125,2986
2,2,6,4,125,2986
2,4,6,4,125,2986
1,1,6,4,125,2986
1,5,6,4,125,2986
0,0,6,4,125,2986
0,6,6,4,125,2986
4,3,6,4,125,2986
3,2,6,4,125,2986
3,4,6,4,125,2986
2,1,6,4,125,2986
2,5,6,4,125,2986
1,0,6,4,125,2986
1,6,6,4,125,2986
0,7,6,4,125,2986
5,3,6,4,125,2986
4,2,6,4,125,2986
4,4,6,4,125,2986
3,1,6,4,125,2986
3,5,6,4,125,2986
2,0,6,4,125,2986
2,6,6,4,125,2986
1,7,6,4,125,2986
0,8,6,4,125,2986
7,3,6,4,125,2986
6,2,6,4,125,2986
6,4,6,4,125,2986
5,1,6,4,125,2986
5,5,6,4,125,2986
4,0,6,4,125,2986
4,6,6,4,125,2986
3,0,6,4,125,2986
3,7,6,4,125,2986
2,8,6,4,125,2986
1,9,6,4,125,2986
0,4,6,4,126,2565
1,4,6,4,126,2565
0,3,6,4,126,2565
0,5,6,4,126,2565
2,4,6,4,126,2565
1,3,6,4,126,2565
1,5,6,4,126,2565
0,2,6,4,126,2565
0,6,6,4,126,2565
3,4,6,4,126,2565
2,3,6,4,126,2565
2,5,6,4,126,2565
1,2,6,4,126,2565
1,6,6,4,126,2565
0,1,6,4,126,2565
0,7,6,4,126,2565
4,4,6,4,126,2565
3,3,6,4,126,2565
3,5,6,4,126,2565
2,2,6,4,126,2565
2,6,6,4,126,2565
1,1,6,4,126,2565
1,7,6,4,126,2565
0,0,6,4,126,2565
0,8,6,4,126,2565
6,4,6,4,126,2565
5,3,6,4,126,2565
5,5,6,4,126,2565
4,2,6,4,126,2565
4,6,6,4,126,2565
3,1,6,4,126,2565
3,7,6,4,126,2565
2,0,6,4,126,2565
2,8,6,4,126,2565
1,0,6,4,126,2565
1,9,6,4,126,2565
0,5,4,4,127,2127
1,5,4,4,127,2127
0,4,4,4,127,2127
0,6,4,4,127,2127
2,5,4,4,127,2127
1,4,4,4,127,2127
1,6,4,4,127,2127
0,3,4,4,127,2127
0,7,4,4,127,2127
3,5,4,4,127,2127
2,4,4,4,127,2127
2,6,4,4,127,2127
1,3,4,4,127,2127
1,7,4,4,127,2127
0,2,4,4,127,2127
0,8,4,4,127,2127
5,5,4,4,127,2127
4,4,4,4,127,2127
4,6,4,4,127,2127
3,3,4,4,127,2127
3,7,4,4,127,2127
2,2,4,4,127,2127
2,8,4,4,127,2127
1,1,4,4,127,2127
1,9,4,4,127,2127
0,7,1,9,21,1136
1,7,1,9,21,1136
0,6,1,9,21,1136
0,8,1,9,21,1136
3,7,1,9,21,1136
2,6,1,9,21,1136
2,8,1,9,21,1136
1,5,1,9,21,1136
1,9,1,9,21,1136
0,8,1,9,7,588
2,8,1,9,7,588
1,7,1,9,7,588
1,9,1,9,7,588
1,9,1,9,0,0
0,6,1,9,128,2132
1,6,1,9,128,2132
0,5,1,9,128,2132
0,7,1,9,128,2132
2,6,1,9,128,2132
1,5,1,9,128,2132
1,7,1,9,128,2132
0,4,1,9,128,2132
0,8,1,9,128,2132
3,6,1,9,128,2132
2,5,1,9,128,2132
2,7,1,9,128,2132
1,4,1,9,128,2132
1,8,1,9,128,2132
0,3,1,9,128,2132
0,9,1,9,128,2132
4,6,1,9,128,2132
3,5,1,9,128,2132
3,7,1,9,128,2132
2,4,1,9,128,2132
2,8,1,9,128,2132
1,3,1,9,128,2132
1,9,1,9,128,2132
0,2,1,9,128,2132
0,7,1,9,129,1651
1,7,1,9,129,1651
0,6,1,9,129,1651
0,8,1,9,129,1651
2,7,1,9,129,1651
1,6,1,9,129,1651
1,8,1,9,129,1651
0,5,1,9,129,1651
0,9,1,9,129,1651
3,7,1,9,129,1651
2,6,1,9,129,1651
2,8,1,9,129,1651
1,5,1,9,129,1651
1,9,1,9,129,1651
0,4,1,9,129,1651
0,8,1,9,130,1136
1,8,1,9,130,1136
0,7,1,9,130,1136
0,9,1,9,130,1136
2,8,1,9,130,1136
1,7,1,9,130,1136
1,9,1,9,130,1136
0,6,1,9,130,1136
0,0,6,4,131,4114
1,0,6,4,131,4114
0,1,6,4,131,4114
2,0,6,4,131,4114
1,1,6,4,131,4114
0,2,6,4,131,4114
3,0,6,4,131,4114
2,1,6,4,131,4114
1,2,6,4,131,4114
0,3,6,4,131,4114
4,0,6,4,131,4114
3,1,6,4,131,4114
2,2,6,4,131,4114
1,3,6,4,131,4114
0,4,6,4,131,4114
5,0,6,4,131,4114
4,1,6,4,131,4114
3,2,6,4,131,4114
2,3,6,4,131,4114
1,4,6,4,131,4114
0,5,6,4,131,4114
6,0,6,4,131,4114
5,1,6,4,131,4114
4,2,6,4,131,4114
3,3,6,4,131,4114
2,4,6,4,131,4114
1,5,6,4,131,4114
0,6,6,4,131,4114
7,0,6,4,131,4114
6,1,6,4,131,4114
5,2,6,4,131,4114
4,3,6,4,131,4114
3,4,6,4,131,4114
2,5,6,4,131,4114
1,6,6,4,131,4114
0,7,6,4,131,4114
8,0,6,4,131,4114
7,1,6,4,131,4114
6,2,6,4,131,4114
5,3,6,4,131,4114
4,4,6,4,131,4114
3,5,6,4,131,4114
2,6,6,4,131,4114
1,7,6,4,131,4114
0,8,6,4,131,4114
9,0,6,4,131,4114
9,1,6,4,131,4114
8,1,6,4,131,4114
8,2,6,4,131,4114
7,2,6,4,131,4114
7,3,6,4,131,4114
6,3,6,4,131,4114
6,4,6,4,131,4114
5,4,6,4,131,4114
5,5,6,4,131,4114
4,5,6,4,131,4114
4,6,6,4,131,4114
3,6,6,4,131,4114
3,7,6,4,131,4114
2,7,6,4,131,4114
2,8,6,4,131,4114
1,8,6,4,131,4114
1,9,6,4,131,4114
0,1,4,4,132,4121
1,1,4,4,132,4121
0,0,4,4,132,4121
0,2,4,4,132,4121
2,1,4,4,132,4121
1,0,4,4,132,4121
1,2,4,4,132,4121
0,3,4,4,132,4121
3,1,4,4,132,4121
2,0,4,4,132,4121
2,2,4,4,132,4121
1,3,4,4,132,4121
0,4,4,4,132,4121
4,1,4,4,132,4121
3,0,4,4,132,4121
3,2,4,4,132,4121
2,3,4,4,132,4121
1,4,4,4,132,4121
0,5,4,4,132,4121
5,1,4,4,132,4121
4,0,4,4,132,4121
4,2,4,4,132,4121
3,3,4,4,132,4121
2,4,4,4,132,4121
1,5,4,4,132,4121
0,6,4,4,132,4121
6,1,4,4,132,4121
5,0,4,4,132,4121
5,2,4,4,132,4121
4,3,4,4,132,4121
3,4,4,4,132,4121
2,5,4,4,132,4121
1,6,4,4,132,4121
0,7,4,4,132,4121
7,1,4,4,132,4121
6,0,4,4,132,4121
6,2,4,4,132,4121
5,3,4,4,132,4121
4,4,4,4,132,4121
3,5,4,4,132,4121
2,6,4,4,132,4121
1,7,4,4,132,4121
0,8,4,4,132,4121
8,1,4,4,132,4121
7,0,4,4,132,4121
7,2,4,4,132,4121
6,3,4,4,132,4121
5,4,4,4,132,4121
4,5,4,4,132,4121
3,6,4,4,132,4121
2,7,4,4,132,4121
1,8,4,4,132,4121
0,9,4,4,132,4121
9,1,4,4,132,4121
8,0,4,4,132,4121
8,2,4,4,132,4121
7,3,4,4,132,4121
6,4,4,4,132,4121
5,5,4,4,132,4121
4,6,4,4,132,4121
3,7,4,4,132,4121
2,8,4,4,132,4121
1,9,4,4,132,4121
0,0,6,5,133,4110
1,0,6,5,133,4110
0,1,6,5,133,4110
2,0,6,5,133,4110
1,1,6,5,133,4110
0,2,6,5,133,4110
3,0,6,5,133,4110
2,1,6,5,133,4110
1,2,6,5,133,4110
0,3,6,5,133,4110
4,0,6,5,133,4110
3,1,6,5,133,4110
2,2,6,5,133,4110
1,3,6,5,133,4110
0,4,6,5,133,4110
5,0,6,5,133,4110
4,1,6,5,133,4110
3,2,6,5,133,4110
2,3,6,5,133,4110
1,4,6,5,133,4110
0,5,6,5,133,4110
6,0,6,5,133,4110
5,1,6,5,133,4110
4,2,6,5,133,4110
3,3,6,5,133,4110
2,4,6,5,133,4110
1,5,6,5,133,4110
0,6,6,5,133,4110
7,0,6,5,133,4110
6,1,6,5,133,4110
5,2,6,5,133,4110
4,3,6,5,133,4110
3,4,6,5,133,4110
2,5,6,5,133,4110
1,6,6,5,133,4110
0,7,6,5,133,4110
9,0,6,5,133,4110
8,0,6,5,133,4110
8,1,6,5,133,4110
7,1,6,5,133,4110
7,2,6,5,133,4110
6,2,6,5,133,4110
6,3,6,5,133,4110
5,3,6,5,133,4110
5,4,6,5,133,4110
4,4,6,5,133,4110
4,5,6,5,133,4110
3,5,6,5,133,4110
3,6,6,5,133,4110
2,6,6,5,133,4110
2,7,6,5,133,4110
1,7,6,5,133,4110
1,8,6,5,133,4110
9,1,6,5,133,4110
9,2,6,5,133,4110
8,2,6,5,133,4110
8,3,6,5,133,4110
7,3,6,5,133,4110
7,4,6,5,133,4110
6,4,6,5,133,4110
6,5,6,5,133,4110
5,5,6,5,133,4110
5,6,6,5,133,4110
4,6,6,5,133,4110
4,7,6,5,133,4110
3,7,6,5,133,4110
3,8,6,5,133,4110
2,8,6,5,133,4110
2,9,6,5,133,4110
0,0,6,5,134,3760
1,0,6,5,134,3760
0,1,6,5,134,3760
2,0,6,5,134,3760
1,1,6,5,134,3760
0,2,6,5,134,3760
3,0,6,5,134,3760
2,1,6,5,134,3760
1,2,6,5,134,3760
0,3,6,5,134,3760
4,0,6,5,134,3760
3,1,6,5,134,3760
2,2,6,5,134,3760
1,3,6,5,134,3760
0,4,6,5,134,3760
5,0,6,5,134,3760
4,1,6,5,134,3760
3,2,6,5,134,3760
2,3,6,5,134,3760
1,4,6,5,134,3760
0,5,6,5,134,3760
7,0,6,5,134,3760
6,0,6,5,134,3760
6,1,6,5,134,3760
5,1,6,5,134,3760
5,2,6,5,134,3760
4,2,6,5,134,3760
4,3,6,5,134,3760
3,3,6,5,134,3760
3,4,6,5,134,3760
2,4,6,5,134,3760
2,5,6,5,134,3760
1,5,6,5,134,3760
1,6,6,5,134,3760
9,0,6,5,134,3760
8,0,6,5,134,3760
8,1,6,5,134,3760
7,1,6,5,134,3760
7,2,6,5,134,3760
6,2,6,5,134,3760
6,3,6,5,134,3760
5,3,6,5,134,3760
5,4,6,5,134,3760
4,4,6,5,134,3760
4,5,6,5,134,3760
3,5,6,5,134,3760
3,6,6,5,134,3760
2,6,6,5,134,3760
2,7,6,5,134,3760
9,1,6,5,134,3760
9,2,6,5,134,3760
8,2,6,5,134,3760
8,3,6,5,134,3760
7,3,6,5,134,3760
7,4,6,5,134,3760
6,4,6,5,134,3760
6,5,6,5,134,3760
5,5,6,5,134,3760
5,6,6,5,134,3760
4,6,6,5,134,3760
4,7,6,5,134,3760
3,7,6,5,134,3760
3,8,6,5,134,3760
0,0,6,5,135,3385
1,0,6,5,135,3385
0,1,6,5,135,3385
2,0,6,5,135,3385
1,1,6,5,135,3385
0,2,6,5,135,3385
3,0,6,5,135,3385
2,1,6,5,135,3385
1,2,6,5,135,3385
0,3,6,5,135,3385
5,0,6,5,135,3385
4,0,6,5,135,3385
4,1,6,5,135,3385
3,1,6,5,135,3385
3,2,6,5,135,3385
2,2,6,5,135,3385
2,3,6,5,135,3385
1,3,6,5,135,3385
1,4,6,5,135,3385
7,0,6,5,135,3385
6,0,6,5,135,3385
6,1,6,5,135,3385
5,1,6,5,135,3385
5,2,6,5,135,3385
4,2,6,5,135,3385
4,3,6,5,135,3385
3,3,6,5,135,3385
3,4,6,5,135,3385
2,4,6,5,135,3385
2,5,6,5,135,3385
9,0,6,5,135,3385
8,0,6,5,135,3385
8,1,6,5,135,3385
7,1,6,5,135,3385
7,2,6,5,135,3385
6,2,6,5,135,3385
6,3,6,5,135,3385
5,3,6,5,135,3385
5,4,6,5,135,3385
4,4,6,5,135,3385
4,5,6,5,135,3385
3,5,6,5,135,3385
3,6,6,5,135,3385
9,1,6,5,135,3385
9,2,6,5,135,3385
8,2,6,5,135,3385
8,3,6,5,135,3385
7,3,6,5,135,3385
7,4,6,5,135,3385
6,4,6,5,135,3385
6,5,6,5,135,3385
5,5,6,5,135,3385
5,6,6,5,135,3385
4,6,6,5,135,3385
4,7,6,5,135,3385
0,0,5,4,136,3003
1,0,5,4,136,3003
0,1,5,4,136,3003
3,0,5,4,136,3003
2,0,5,4,136,3003
2,1,5,4,136,3003
1,1,5,4,136,3003
1,2,5,4,136,3003
5,0,5,4,136,3003
4,0,5,4,136,3003
4,1,5,4,136,3003
3,1,5,4,136,3003
3,2,5,4,136,3003
2,2,5,4,136,3003
2,3,5,4,136,3003
7,0,5,4,136,3003
6,0,5,4,136,3003
6,1,5,4,136,3003
5,1,5,4,136,3003
5,2,5,4,136,3003
4,2,5,4,136,3003
4,3,5,4,136,3003
3,3,5,4,136,3003
3,4,5,4,136,3003
9,0,5,4,136,3003
8,0,5,4,136,3003
8,1,5,4,136,3003
7,1,5,4,136,3003
7,2,5,4,136,3003
6,2,5,4,136,3003
6,3,5,4,136,3003
5,3,5,4,136,3003
5,4,5,4,136,3003
4,4,5,4,136,3003
4,5,5,4,136,3003
9,1,5,4,136,3003
9,2,5,4,136,3003
8,2,5,4,136,3003
8,3,5,4,136,3003
7,3,5,4,136,3003
7,4,5,4,136,3003
6,4,5,4,136,3003
6,5,5,4,136,3003
5,5,5,4,136,3003
5,6,5,4,136,3003
1,0,4,3,137,2588
3,0,4,3,137,2588
2,0,4,3,137,2588
2,1,4,3,137,2588
5,0,4,3,137,2588
4,0,4,3,137,2588
4,1,4,3,137,2588
3,1,4,3,137,2588
3,2,4,3,137,2588
7,0,4,3,137,2588
6,0,4,3,137,2588
6,1,4,3,137,2588
5,1,4,3,137,2588
5,2,4,3,137,2588
4,2,4,3,137,2588
4,3,4,3,137,2588
9,0,4,3,137,2588
8,0,4,3,137,2588
8,1,4,3,137,2588
7,1,4,3,137,2588
7,2,4,3,137,2588
6,2,4,3,137,2588
6,3,4,3,137,2588
5,3,4,3,137,2588
5,4,4,3,137,2588
9,1,4,3,137,2588
9,2,4,3,137,2588
8,2,4,3,137,2588
8,3,4,3,137,2588
7,3,4,3,137,2588
7,4,4,3,137,2588
6,4,4,3,137,2588
6,5,4,3,137,2588
3,0,4,1,138,2132
5,0,4,1,138,2132
4,0,4,1,138,2132
4,1,4,1,138,2132
7,0,4,1,138,2132
6,0,4,1,138,2132
6,1,4,1,138,2132
5,1,4,1,138,2132
5,2,4,1,138,2132
9,0,4,1,138,2132
8,0,4,1,138,2132
8,1,4,1,138,2132
7,1,4,1,138,2132
7,2,4,1,138,2132
6,2,4,1,138,2132
6,3,4,1,138,2132
9,1,4,1,138,2132
9,2,4,1,138,2132
8,2,4,1,138,2132
8,3,4,1,138,2132
7,3,4,1,138,2132
7,4,4,1,138,2132
5,0,5,0,139,1646
7,0,5,0,139,1646
6,0,5,0,139,1646
6,1,5,0,139,1646
9,0,5,0,139,1646
8,0,5,0,139,1646
8,1,5,0,139,1646
7,1,5,0,139,1646
7,2,5,0,139,1646
9,1,5,0,139,1646
9,2,5,0,139,1646
8,2,5,0,139,1646
8,3,5,0,139,1646
7,0,7,0,140,1134
9,0,7,0,140,1134
8,0,7,0,140,1134
8,1,7,0,140,1134
9,1,7,0,140,1134
9,2,7,0,140,1134
8,1,9,0,141,588
9,1,9,0,141,588
9,0,9,0,141,588
9,2,9,0,141,588
6,1,7,0,142,1138
8,1,7,0,142,1138
7,0,7,0,142,1138
7,2,7,0,142,1138
9,1,7,0,142,1138
9,0,7,0,142,1138
9,2,7,0,142,1138
8,0,7,0,142,1138
8,3,7,0,142,1138
4,1,5,0,143,1650
6,1,5,0,143,1650
5,0,5,0,143,1650
5,2,5,0,143,1650
8,1,5,0,143,1650
7,0,5,0,143,1650
7,2,5,0,143,1650
6,0,5,0,143,1650
6,3,5,0,143,1650
9,1,5,0,143,1650
9,0,5,0,143,1650
9,2,5,0,143,1650
8,0,5,0,143,1650
8,3,5,0,143,1650
7,1,5,0,143,1650
7,4,5,0,143,1650
2,1,4,1,144,2132
4,1,4,1,144,2132
3,0,4,1,144,2132
3,2,4,1,144,2132
6,1,4,1,144,2132
5,0,4,1,144,2132
5,2,4,1,144,2132
4,0,4,1,144,2132
4,3,4,1,144,2132
8,1,4,1,144,2132
7,0,4,1,144,2132
7,2,4,1,144,2132
6,0,4,1,144,2132
6,3,4,1,144,2132
5,1,4,1,144,2132
5,4,4,1,144,2132
9,1,4,1,144,2132
9,0,4,1,144,2132
9,2,4,1,144,2132
8,0,4,1,144,2132
8,3,4,1,144,2132
7,1,4,1,144,2132
7,4,4,1,144,2132
6,2,4,1,144,2132
6,5,4,1,144,2132
4,3,6,5,31,1136
6,3,6,5,31,1136
5,2,6,5,31,1136
5,4,6,5,31,1136
8,3,6,5,31,1136
7,2,6,5,31,1136
7,4,6,5,31,1136
6,1,6,5,31,1136
6,5,6,5,31,1136
5,4,6,5,7,588
7,4,6,5,7,588
6,3,6,5,7,588
6,5,6,5,7,588
0,1,5,4,145,2574
2,1,5,4,145,2574
1,0,5,4,145,2574
1,2,5,4,145,2574
4,1,5,4,145,2574
3,0,5,4,145,2574
3,2,5,4,145,2574
2,0,5,4,145,2574
2,3,5,4,145,2574
6,1,5,4,145,2574
5,0,5,4,145,2574
5,2,5,4,145,2574
4,0,5,4,145,2574
4,3,5,4,145,2574
3,1,5,4,145,2574
3,4,5,4,145,2574
8,1,5,4,145,2574
7,0,5,4,145,2574
7,2,5,4,145,2574
6,0,5,4,145,2574
6,3,5,4,145,2574
5,1,5,4,145,2574
5,4,5,4,145,2574
4,2,5,4,145,2574
4,5,5,4,145,2574
9,1,5,4,145,2574
9,0,5,4,145,2574
9,2,5,4,145,2574
8,0,5,4,145,2574
8,3,5,4,145,2574
7,1,5,4,145,2574
7,4,5,4,145,2574
6,2,5,4,145,2574
6,5,5,4,145,2574
5,3,5,4,145,2574
5,6,5,4,145,2574
3,4,6,5,46,1138
5,4,6,5,46,1138
4,3,6,5,46,1138
4,5,6,5,46,1138
7,4,6,5,46,1138
6,3,6,5,46,1138
6,5,6,5,46,1138
5,2,6,5,46,1138
5,6,6,5,46,1138
0,1,6,5,146,2991
1,1,6,5,146,2991
0,0,6,5,146,2991
0,2,6,5,146,2991
2,1,6,5,146,2991
1,0,6,5,146,2991
1,2,6,5,146,2991
0,3,6,5,146,2991
4,1,6,5,146,2991
3,0,6,5,146,2991
3,2,6,5,146,2991
2,0,6,5,146,2991
2,3,6,5,146,2991
1,4,6,5,146,2991
6,1,6,5,146,2991
5,0,6,5,146,2991
5,2,6,5,146,2991
4,0,6,5,146,2991
4,3,6,5,146,2991
3,1,6,5,146,2991
3,4,6,5,146,2991
2,2,6,5,146,2991
2,5,6,5,146,2991
8,1,6,5,146,2991
7,0,6,5,146,2991
7,2,6,5,146,2991
6,0,6,5,146,2991
6,3,6,5,146,2991
5,1,6,5,146,2991
5,4,6,5,146,2991
4,2,6,5,146,2991
4,5,6,5,146,2991
3,3,6,5,146,2991
3,6,6,5,146,2991
9,1,6,5,146,2991
9,0,6,5,146,2991
9,2,6,5,146,2991
8,0,6,5,146,2991
8,3,6,5,146,2991
7,1,6,5,146,2991
7,4,6,5,146,2991
6,2,6,5,146,2991
6,5,6,5,146,2991
5,3,6,5,146,2991
5,6,6,5,146,2991
4,4,6,5,146,2991
4,7,6,5,146,2991
0,2,6,5,147,2574
1,2,6,5,147,2574
0,1,6,5,147,2574
0,3,6,5,147,2574
3,2,6,5,147,2574
2,1,6,5,147,2574
2,3,6,5,147,2574
1,0,6,5,147,2574
1,4,6,5,147,2574
5,2,6,5,147,2574
4,1,6,5,147,2574
4,3,6,5,147,2574
3,0,6,5,147,2574
3,4,6,5,147,2574
2,0,6,5,147,2574
2,5,6,5,147,2574
7,2,6,5,147,2574
6,1,6,5,147,2574
6,3,6,5,147,2574
5,0,6,5,147,2574
5,4,6,5,147,2574
4,0,6,5,147,2574
4,5,6,5,147,2574
3,1,6,5,147,2574
3,6,6,5,147,2574
9,2,6,5,147,2574
8,1,6,5,147,2574
8,3,6,5,147,2574
7,0,6,5,147,2574
7,4,6,5,147,2574
6,0,6,5,147,2574
6,5,6,5,147,2574
5,1,6,5,147,2574
5,6,6,5,147,2574
4,2,6,5,147,2574
4,7,6,5,147,2574
0,3,6,5,148,2128
2,3,6,5,148,2128
1,2,6,5,148,2128
1,4,6,5,148,2128
4,3,6,5,148,2128
3,2,6,5,148,2128
3,4,6,5,148,2128
2,1,6,5,148,2128
2,5,6,5,148,2128
6,3,6,5,148,2128
5,2,6,5,148,2128
5,4,6,5,148,2128
4,1,6,5,148,2128
4,5,6,5,148,2128
3,0,6,5,148,2128
3,6,6,5,148,2128
8,3,6,5,148,2128
7,2,6,5,148,2128
7,4,6,5,148,2128
6,1,6,5,148,2128
6,5,6,5,148,2128
5,0,6,5,148,2128
5,6,6,5,148,2128
4,0,6,5,148,2128
4,7,6,5,148,2128
1,4,6,5,114,1650
3,4,6,5,114,1650
2,3,6,5,114,1650
2,5,6,5,114,1650
5,4,6,5,114,1650
4,3,6,5,114,1650
4,5,6,5,114,1650
3,2,6,5,114,1650
3,6,6,5,114,1650
7,4,6,5,114,1650
6,3,6,5,114,1650
6,5,6,5,114,1650
5,2,6,5,114,1650
5,6,6,5,114,1650
4,1,6,5,114,1650
4,7,6,5,114,1650
2,5,5,4,91,1138
4,5,5,4,91,1138
3,4,5,4,91,1138
3,6,5,4,91,1138
6,5,5,4,91,1138
5,4,5,4,91,1138
5,6,5,4,91,1138
4,3,5,4,91,1138
4,7,5,4,91,1138
3,6,3,6,30,588
5,6,3,6,30,588
4,5,3,6,30,588
4,7,3,6,30,588
0,1,6,5,149,3381
1,1,6,5,149,3381
0,0,6,5,149,3381
0,2,6,5,149,3381
2,1,6,5,149,3381
1,0,6,5,149,3381
1,2,6,5,149,3381
0,3,6,5,149,3381
3,1,6,5,149,3381
2,0,6,5,149,3381
2,2,6,5,149,3381
1,3,6,5,149,3381
0,4,6,5,149,3381
4,1,6,5,149,3381
3,0,6,5,149,3381
3,2,6,5,149,3381
2,3,6,5,149,3381
1,4,6,5,149,3381
0,5,6,5,149,3381
6,1,6,5,149,3381
5,0,6,5,149,3381
5,2,6,5,149,3381
4,0,6,5,149,3381
4,3,6,5,149,3381
3,4,6,5,149,3381
2,5,6,5,149,3381
1,6,6,5,149,3381
8,1,6,5,149,3381
7,0,6,5,149,3381
7,2,6,5,149,3381
6,0,6,5,149,3381
6,3,6,5,149,3381
5,1,6,5,149,3381
5,4,6,5,149,3381
4,2,6,5,149,3381
4,5,6,5,149,3381
3,3,6,5,149,3381
3,6,6,5,149,3381
2,4,6,5,149,3381
2,7,6,5,149,3381
9,1,6,5,149,3381
9,0,6,5,149,3381
9,2,6,5,149,3381
8,0,6,5,149,3381
8,3,6,5,149,3381
7,1,6,5,149,3381
7,4,6,5,149,3381
6,2,6,5,149,3381
6,5,6,5,149,3381
5,3,6,5,149,3381
5,6,6,5,149,3381
4,4,6,5,149,3381
4,7,6,5,149,3381
3,5,6,5,149,3381
3,8,6,5,149,3381
0,2,5,4,150,2991
1,2,5,4,150,2991
0,1,5,4,150,2991
0,3,5,4,150,2991
2,2,5,4,150,2991
1,1,5,4,150,2991
1,3,5,4,150,2991
0,0,5,4,150,2991
0,4,5,4,150,2991
3,2,5,4,150,2991
2,1,5,4,150,2991
2,3,5,4,150,2991
1,0,5,4,150,2991
1,4,5,4,150,2991
0,5,5,4,150,2991
5,2,5,4,150,2991
4,1,5,4,150,2991
4,3,5,4,150,2991
3,0,5,4,150,2991
3,4,5,4,150,2991
2,0,5,4,150,2991
2,5,5,4,150,2991
1,6,5,4,150,2991
7,2,5,4,150,2991
6,1,5,4,150,2991
6,3,5,4,150,2991
5,0,5,4,150,2991
5,4,5,4,150,2991
4,0,5,4,150,2991
4,5,5,4,150,2991
3,1,5,4,150,2991
3,6,5,4,150,2991
2,7,5,4,150,2991
9,2,5,4,150,2991
8,1,5,4,150,2991
8,3,5,4,150,2991
7,0,5,4,150,2991
7,4,5,4,150,2991
6,0,5,4,150,2991
6,5,5,4,150,2991
5,1,5,4,150,2991
5,6,5,4,150,2991
4,2,5,4,150,2991
4,7,5,4,150,2991
3,3,5,4,150,2991
3,8,5,4,150,2991
0,4,6,5,151,2127
1,4,6,5,151,2127
0,3,6,5,151,2127
0,5,6,5,151,2127
3,4,6,5,151,2127
2,3,6,5,151,2127
2,5,6,5,151,2127
1,2,6,5,151,2127
1,6,6,5,151,2127
5,4,6,5,151,2127
4,3,6,5,151,2127
4,5,6,5,151,2127
3,2,6,5,151,2127
3,6,6,5,151,2127
2,1,6,5,151,2127
2,7,6,5,151,2127
7,4,6,5,151,2127
6,3,6,5,151,2127
6,5,6,5,151,2127
5,2,6,5,151,2127
5,6,6,5,151,2127
4,1,6,5,151,2127
4,7,6,5,151,2127
3,0,6,5,151,2127
3,8,6,5,151,2127
0,5,5,4,152,1650
2,5,5,4,152,1650
1,4,5,4,152,1650
1,6,5,4,152,1650
4,5,5,4,152,1650
3,4,5,4,152,1650
3,6,5,4,152,1650
2,3,5,4,152,1650
2,7,5,4,152,1650
6,5,5,4,152,1650
5,4,5,4,152,1650
5,6,5,4,152,1650
4,3,5,4,152,1650
4,7,5,4,152,1650
3,2,5,4,152,1650
3,8,5,4,152,1650
1,6,3,4,122,1136
3,6,3,4,122,1136
2,5,3,4,122,1136
2,7,3,4,122,1136
5,6,3,4,122,1136
4,5,3,4,122,1136
4,7,3,4,122,1136
3,4,3,4,122,1136
3,8,3,4,122,1136
2,7,3,6,60,588
4,7,3,6,60,588
3,6,3,6,60,588
3,8,3,6,60,588
0,2,6,5,153,3381
1,2,6,5,153,3381
0,1,6,5,153,3381
0,3,6,5,153,3381
2,2,6,5,153,3381
1,1,6,5,153,3381
1,3,6,5,153,3381
0,0,6,5,153,3381
0,4,6,5,153,3381
3,2,6,5,153,3381
2,1,6,5,153,3381
2,3,6,5,153,3381
1,0,6,5,153,3381
1,4,6,5,153,3381
0,5,6,5,153,3381
4,2,6,5,153,3381
3,1,6,5,153,3381
3,3,6,5,153,3381
2,0,6,5,153,3381
2,4,6,5,153,3381
1,5,6,5,153,3381
0,6,6,5,153,3381
5,2,6,5,153,3381
4,1,6,5,153,3381
4,3,6,5,153,3381
3,0,6,5,153,3381
3,4,6,5,153,3381
2,5,6,5,153,3381
1,6,6,5,153,3381
0,7,6,5,153,3381
7,2,6,5,153,3381
6,1,6,5,153,3381
6,3,6,5,153,3381
5,0,6,5,153,3381
5,4,6,5,153,3381
4,0,6,5,153,3381
4,5,6,5,153,3381
3,6,6,5,153,3381
2,7,6,5,153,3381
1,8,6,5,153,3381
9,2,6,5,153,3381
8,1,6,5,153,3381
8,3,6,5,153,3381
7,0,6,5,153,3381
7,4,6,5,153,3381
6,0,6,5,153,3381
6,5,6,5,153,3381
5,1,6,5,153,3381
5,6,6,5,153,3381
4,7,6,5,153,3381
3,8,6,5,153,3381
2,9,6,5,153,3381
0,3,6,5,154,2991
1,3,6,5,154,2991
0,2,6,5,154,2991
0,4,6,5,154,2991
2,3,6,5,154,2991
1,2,6,5,154,2991
1,4,6,5,154,2991
0,1,6,5,154,2991
0,5,6,5,154,2991
3,3,6,5,154,2991
2,2,6,5,154,2991
2,4,6,5,154,2991
1,1,6,5,154,2991
1,5,6,5,154,2991
0,0,6,5,154,2991
0,6,6,5,154,2991
4,3,6,5,154,2991
3,2,6,5,154,2991
3,4,6,5,154,2991
2,1,6,5,154,2991
2,5,6,5,154,2991
1,0,6,5,154,2991
1,6,6,5,154,2991
0,7,6,5,154,2991
6,3,6,5,154,2991
5,2,6,5,154,2991
5,4,6,5,154,2991
4,1,6,5,154,2991
4,5,6,5,154,2991
3,0,6,5,154,2991
3,6,6,5,154,2991
2,0,6,5,154,2991
2,7,6,5,154,2991
1,8,6,5,154,2991
8,3,6,5,154,2991
7,2,6,5,154,2991
7,4,6,5,154,2991
6,1,6,5,154,2991
6,5,6,5,154,2991
5,0,6,5,154,2991
5,6,6,5,154,2991
4,0,6,5,154,2991
4,7,6,5,154,2991
3,1,6,5,154,2991
3,8,6,5,154,2991
2,9,6,5,154,2991
0,4,6,5,155,2571
1,4,6,5,155,2571
0,3,6,5,155,2571
0,5,6,5,155,2571
2,4,6,5,155,2571
1,3,6,5,155,2571
1,5,6,5,155,2571
0,2,6,5,155,2571
0,6,6,5,155,2571
3,4,6,5,155,2571
2,3,6,5,155,2571
2,5,6,5,155,2571
1,2,6,5,155,2571
1,6,6,5,155,2571
0,1,6,5,155,2571
0,7,6,5,155,2571
5,4,6,5,155,2571
4,3,6,5,155,2571
4,5,6,5,155,2571
3,2,6,5,155,2571
3,6,6,5,155,2571
2,1,6,5,155,2571
2,7,6,5,155,2571
1,0,6,5,155,2571
1,8,6,5,155,2571
7,4,6,5,155,2571
6,3,6,5,155,2571
6,5,6,5,155,2571
5,2,6,5,155,2571
5,6,6,5,155,2571
4,1,6,5,155,2571
4,7,6,5,155,2571
3,0,6,5,155,2571
3,8,6,5,155,2571
2,0,6,5,155,2571
2,9,6,5,155,2571
0,5,5,4,156,2127
1,5,5,4,156,2127
0,4,5,4,156,2127
0,6,5,4,156,2127
2,5,5,4,156,2127
1,4,5,4,156,2127
1,6,5,4,156,2127
0,3,5,4,156,2127
0,7,5,4,156,2127
4,5,5,4,156,2127
3,4,5,4,156,2127
3,6,5,4,156,2127
2,3,5,4,156,2127
2,7,5,4,156,2127
1,2,5,4,156,2127
1,8,5,4,156,2127
6,5,5,4,156,2127
5,4,5,4,156,2127
5,6,5,4,156,2127
4,3,5,4,156,2127
4,7,5,4,156,2127
3,2,5,4,156,2127
3,8,5,4,156,2127
2,1,5,4,156,2127
2,9,5,4,156,2127
0,6,3,4,157,1650
1,6,3,4,157,1650
0,5,3,4,157,1650
0,7,3,4,157,1650
3,6,3,4,157,1650
2,5,3,4,157,1650
2,7,3,4,157,1650
1,4,3,4,157,1650
1,8,3,4,157,1650
5,6,3,4,157,1650
4,5,3,4,157,1650
4,7,3,4,157,1650
3,4,3,4,157,1650
3,8,3,4,157,1650
2,3,3,4,157,1650
2,9,3,4,157,1650
0,1,6,5,158,4086
1,1,6,5,158,4086
0,0,6,5,158,4086
0,2,6,5,158,4086
2,1,6,5,158,4086
1,0,6,5,158,4086
1,2,6,5,158,4086
0,3,6,5,158,4086
3,1,6,5,158,4086
2,0,6,5,158,4086
2,2,6,5,158,4086
1,3,6,5,158,4086
0,4,6,5,158,4086
4,1,6,5,158,4086
3,0,6,5,158,4086
3,2,6,5,158,4086
2,3,6,5,158,4086
1,4,6,5,158,4086
0,5,6,5,158,4086
5,1,6,5,158,4086
4,0,6,5,158,4086
4,2,6,5,158,4086
3,3,6,5,158,4086
2,4,6,5,158,4086
1,5,6,5,158,4086
0,6,6,5,158,4086
6,1,6,5,158,4086
5,0,6,5,158,4086
5,2,6,5,158,4086
4,3,6,5,158,4086
3,4,6,5,158,4086
2,5,6,5,158,4086
1,6,6,5,158,4086
0,7,6,5,158,4086
7,1,6,5,158,4086
6,0,6,5,158,4086
6,2,6,5,158,4086
5,3,6,5,158,4086
4,4,6,5,158,4086
3,5,6,5,158,4086
2,6,6,5,158,4086
1,7,6,5,158,4086
0,8,6,5,158,4086
8,1,6,5,158,4086
7,0,6,5,158,4086
7,2,6,5,158,4086
6,3,6,5,158,4086
5,4,6,5,158,4086
4,5,6,5,158,4086
3,6,6,5,158,4086
2,7,6,5,158,4086
1,8,6,5,158,4086
0,9,6,5,158,4086
9,1,6,5,158,4086
9,0,6,5,158,4086
9,2,6,5,158,4086
8,0,6,5,158,4086
8,3,6,5,158,4086
7,4,6,5,158,4086
6,5,6,5,158,4086
5,6,6,5,158,4086
4,7,6,5,158,4086
3,8,6,5,158,4086
2,9,6,5,158,4086
1,9,6,5,158,4086
0,2,6,5,159,3745
1,2,6,5,159,3745
0,1,6,5,159,3745
0,3,6,5,159,3745
2,2,6,5,159,3745
1,1,6,5,159,3745
1,3,6,5,159,3745
0,0,6,5,159,3745
0,4,6,5,159,3745
3,2,6,5,159,3745
2,1,6,5,159,3745
2,3,6,5,159,3745
1,0,6,5,159,3745
1,4,6,5,159,3745
0,5,6,5,159,3745
4,2,6,5,159,3745
3,1,6,5,159,3745
3,3,6,5,159,3745
2,0,6,5,159,3745
2,4,6,5,159,3745
1,5,6,5,159,3745
0,6,6,5,159,3745
5,2,6,5,159,3745
4,1,6,5,159,3745
4,3,6,5,159,3745
3,0,6,5,159,3745
3,4,6,5,159,3745
2,5,6,5,159,3745
1,6,6,5,159,3745
0,7,6,5,159,3745
6,2,6,5,159,3745
5,1,6,5,159,3745
5,3,6,5,159,3745
4,0,6,5,159,3745
4,4,6,5,159,3745
3,5,6,5,159,3745
2,6,6,5,159,3745
1,7,6,5,159,3745
0,8,6,5,159,3745
7,2,6,5,159,3745
6,1,6,5,159,3745
6,3,6,5,159,3745
5,0,6,5,159,3745
5,4,6,5,159,3745
4,5,6,5,159,3745
3,6,6,5,159,3745
2,7,6,5,159,3745
1,8,6,5,159,3745
0,9,6,5,159,3745
9,2,6,5,159,3745
8,1,6,5,159,3745
8,3,6,5,159,3745
7,0,6,5,159,3745
7,4,6,5,159,3745
6,0,6,5,159,3745
6,5,6,5,159,3745
5,6,6,5,159,3745
4,7,6,5,159,3745
3,8,6,5,159,3745
2,9,6,5,159,3745
1,9,6,5,159,3745
0,3,6,5,160,3379
1,3,6,5,160,3379
0,2,6,5,160,3379
0,4,6,5,160,3379
2,3,6,5,160,3379
1,2,6,5,160,3379
1,4,6,5,160,3379
0,1,6,5,160,3379
0,5,6,5,160,3379
3,3,6,5,160,3379
2,2,6,5,160,3379
2,4,6,5,160,3379
1,1,6,5,160,3379
1,5,6,5,160,3379
0,0,6,5,160,3379
0,6,6,5,160,3379
4,3,6,5,160,3379
3,2,6,5,160,3379
3,4,6,5,160,3379
2,1,6,5,160,3379
2,5,6,5,160,3379
1,0,6,5,160,3379
1,6,6,5,160,3379
0,7,6,5,160,3379
5,3,6,5,160,3379
4,2,6,5,160,3379
4,4,6,5,160,3379
3,1,6,5,160,3379
3,5,6,5,160,3379
2,0,6,5,160,3379
2,6,6,5,160,3379
1,7,6,5,160,3379
0,8,6,5,160,3379
6,3,6,5,160,3379
5,2,6,5,160,3379
5,4,6,5,160,3379
4,1,6,5,160,3379
4,5,6,5,160,3379
3,0,6,5,160,3379
3,6,6,5,160,3379
2,7,6,5,160,3379
1,8,6,5,160,3379
0,9,6,5,160,3379
8,3,6,5,160,3379
7,2,6,5,160,3379
7,4,6,5,160,3379
6,1,6,5,160,3379
6,5,6,5,160,3379
5,0,6,5,160,3379
5,6,6,5,160,3379
4,0,6,5,160,3379
4,7,6,5,160,3379
3,8,6,5,160,3379
2,9,6,5,160,3379
1,9,6,5,160,3379
0,4,6,5,161,2986
1,4,6,5,161,2986
0,3,6,5,161,2986
0,5,6,5,161,2986
2,4,6,5,161,2986
1,3,6,5,161,2986
1,5,6,5,161,2986
0,2,6,5,161,2986
0,6,6,5,161,2986
3,4,6,5,161,2986
2,3,6,5,161,2986
2,5,6,5,161,2986
1,2,6,5,161,2986
1,6,6,5,161,2986
0,1,6,5,161,2986
0,7,6,5,161,2986
4,4,6,5,161,2986
3,3,6,5,161,2986
3,5,6,5,161,2986
2,2,6,5,161,2986
2,6,6,5,161,2986
1,1,6,5,161,2986
1,7,6,5,161,2986
0,0,6,5,161,2986
0,8,6,5,161,2986
5,4,6,5,161,2986
4,3,6,5,161,2986
4,5,6,5,161,2986
3,2,6,5,161,2986
3,6,6,5,161,2986
2,1,6,5,161,2986
2,7,6,5,161,2986
1,0,6,5,161,2986
1,8,6,5,161,2986
0,9,6,5,161,2986
7,4,6,5,161,2986
6,3,6,5,161,2986
6,5,6,5,161,2986
5,2,6,5,161,2986
5,6,6,5,161,2986
4,1,6,5,161,2986
4,7,6,5,161,2986
3,0,6,5,161,2986
3,8,6,5,161,2986
2,0,6,5,161,2986
2,9,6,5,161,2986
1,9,6,5,161,2986
0,5,5,4,162,2571
1,5,5,4,162,2571
0,4,5,4,162,2571
0,6,5,4,162,2571
2,5,5,4,162,2571
1,4,5,4,162,2571
1,6,5,4,162,2571
0,3,5,4,162,2571
0,7,5,4,162,2571
3,5,5,4,162,2571
2,4,5,4,162,2571
2,6,5,4,162,2571
1,3,5,4,162,2571
1,7,5,4,162,2571
0,2,5,4,162,2571
0,8,5,4,162,2571
4,5,5,4,162,2571
3,4,5,4,162,2571
3,6,5,4,162,2571
2,3,5,4,162,2571
2,7,5,4,162,2571
1,2,5,4,162,2571
1,8,5,4,162,2571
0,1,5,4,162,2571
0,9,5,4,162,2571
6,5,5,4,162,2571
5,4,5,4,162,2571
5,6,5,4,162,2571
4,3,5,4,162,2571
4,7,5,4,162,2571
3,2,5,4,162,2571
3,8,5,4,162,2571
2,1,5,4,162,2571
2,9,5,4,162,2571
1,0,5,4,162,2571
1,9,5,4,162,2571
0,7,2,9,163,1650
1,7,2,9,163,1650
0,6,2,9,163,1650
0,8,2,9,163,1650
2,7,2,9,163,1650
1,6,2,9,163,1650
1,8,2,9,163,1650
0,5,2,9,163,1650
0,9,2,9,163,1650
4,7,2,9,163,1650
3,6,2,9,163,1650
3,8,2,9,163,1650
2,5,2,9,163,1650
2,9,2,9,163,1650
1,4,2,9,163,1650
1,9,2,9,163,1650
0,8,2,9,164,1138
1,8,2,9,164,1138
0,7,2,9,164,1138
0,9,2,9,164,1138
3,8,2,9,164,1138
2,7,2,9,164,1138
2,9,2,9,164,1138
1,6,2,9,164,1138
1,9,2,9,164,1138
0,9,2,9,165,588
2,9,2,9,165,588
1,8,2,9,165,588
1,9,2,9,165,588
0,6,2,9,166,2583
1,6,2,9,166,2583
0,5,2,9,166,2583
0,7,2,9,166,2583
2,6,2,9,166,2583
1,5,2,9,166,2583
1,7,2,9,166,2583
0,4,2,9,166,2583
0,8,2,9,166,2583
3,6,2,9,166,2583
2,5,2,9,166,2583
2,7,2,9,166,2583
1,4,2,9,166,2583
1,8,2,9,166,2583
0,3,2,9,166,2583
0,9,2,9,166,2583
4,6,2,9,166,2583
3,5,2,9,166,2583
3,7,2,9,166,2583
2,4,2,9,166,2583
2,8,2,9,166,2583
1,3,2,9,166,2583
1,9,2,9,166,2583
0,2,2,9,166,2583
5,6,2,9,166,2583
4,5,2,9,166,2583
4,7,2,9,166,2583
3,4,2,9,166,2583
3,8,2,9,166,2583
2,3,2,9,166,2583
2,9,2,9,166,2583
1,2,2,9,166,2583
0,1,2,9,166,2583
0,7,2,9,167,2132
1,7,2,9,167,2132
0,6,2,9,167,2132
0,8,2,9,167,2132
2,7,2,9,167,2132
1,6,2,9,167,2132
1,8,2,9,167,2132
0,5,2,9,167,2132
0,9,2,9,167,2132
3,7,2,9,167,2132
2,6,2,9,167,2132
2,8,2,9,167,2132
1,5,2,9,167,2132
1,9,2,9,167,2132
0,4,2,9,167,2132
4,7,2,9,167,2132
3,6,2,9,167,2132
3,8,2,9,167,2132
2,5,2,9,167,2132
2,9,2,9,167,2132
1,4,2,9,167,2132
0,3,2,9,167,2132
0,8,2,9,168,1648
1,8,2,9,168,1648
0,7,2,9,168,1648
0,9,2,9,168,1648
2,8,2,9,168,1648
1,7,2,9,168,1648
1,9,2,9,168,1648
0,6,2,9,168,1648
3,8,2,9,168,1648
2,7,2,9,168,1648
2,9,2,9,168,1648
1,6,2,9,168,1648
0,5,2,9,168,1648
0,0,6,5,169,4437
1,0,6,5,169,4437
0,1,6,5,169,4437
2,0,6,5,169,4437
1,1,6,5,169,4437
0,2,6,5,169,4437
3,0,6,5,169,4437
2,1,6,5,169,4437
1,2,6,5,169,4437
0,3,6,5,169,4437
4,0,6,5,169,4437
3,1,6,5,169,4437
2,2,6,5,169,4437
1,3,6,5,169,4437
0,4,6,5,169,4437
5,0,6,5,169,4437
4,1,6,5,169,4437
3,2,6,5,169,4437
2,3,6,5,169,4437
1,4,6,5,169,4437
0,5,6,5,169,4437
6,0,6,5,169,4437
5,1,6,5,169,4437
4,2,6,5,169,4437
3,3,6,5,169,4437
2,4,6,5,169,4437
1,5,6,5,169,4437
0,6,6,5,169,4437
7,0,6,5,169,4437
6,1,6,5,169,4437
5,2,6,5,169,4437
4,3,6,5,169,4437
3,4,6,5,169,4437
2,5,6,5,169,4437
1,6,6,5,169,4437
0,7,6,5,169,4437
8,0,6,5,169,4437
7,1,6,5,169,4437
6,2,6,5,169,4437
5,3,6,5,169,4437
4,4,6,5,169,4437
3,5,6,5,169,4437
2,6,6,5,169,4437
1,7,6,5,169,4437
0,8,6,5,169,4437
9,0,6,5,169,4437
8,1,6,5,169,4437
7,2,6,5,169,4437
6,3,6,5,169,4437
5,4,6,5,169,4437
4,5,6,5,169,4437
3,6,6,5,169,4437
2,7,6,5,169,4437
1,8,6,5,169,4437
0,9,6,5,169,4437
9,1,6,5,169,4437
9,2,6,5,169,4437
8,2,6,5,169,4437
8,3,6,5,169,4437
7,3,6,5,169,4437
7,4,6,5,169,4437
6,4,6,5,169,4437
6,5,6,5,169,4437
5,5,6,5,169,4437
5,6,6,5,169,4437
4,6,6,5,169,4437
4,7,6,5,169,4437
3,7,6,5,169,4437
3,8,6,5,169,4437
2,8,6,5,169,4437
2,9,6,5,169,4437
1,9,6,5,169,4437
0,1,5,4,170,4445
1,1,5,4,170,4445
0,0,5,4,170,4445
0,2,5,4,170,4445
2,1,5,4,170,4445
1,0,5,4,170,4445
1,2,5,4,170,4445
0,3,5,4,170,4445
3,1,5,4,170,4445
2,0,5,4,170,4445
2,2,5,4,170,4445
1,3,5,4,170,4445
0,4,5,4,170,4445
4,1,5,4,170,4445
3,0,5,4,170,4445
3,2,5,4,170,4445
2,3,5,4,170,4445
1,4,5,4,170,4445
0,5,5,4,170,4445
5,1,5,4,170,4445
4,0,5,4,170,4445
4,2,5,4,170,4445
3,3,5,4,170,4445
2,4,5,4,170,4445
1,5,5,4,170,4445
0,6,5,4,170,4445
6,1,5,4,170,4445
5,0,5,4,170,4445
5,2,5,4,170,4445
4,3,5,4,170,4445
3,4,5,4,170,4445
2,5,5,4,170,4445
1,6,5,4,170,4445
0,7,5,4,170,4445
7,1,5,4,170,4445
6,0,5,4,170,4445
6,2,5,4,170,4445
5,3,5,4,170,4445
4,4,5,4,170,4445
3,5,5,4,170,4445
2,6,5,4,170,4445
1,7,5,4,170,4445
0,8,5,4,170,4445
8,1,5,4,170,4445
7,0,5,4,170,4445
7,2,5,4,170,4445
6,3,5,4,170,4445
5,4,5,4,170,4445
4,5,5,4,170,4445
3,6,5,4,170,4445
2,7,5,4,170,4445
1,8,5,4,170,4445
0,9,5,4,170,4445
9,1,5,4,170,4445
8,0,5,4,170,4445
8,2,5,4,170,4445
7,3,5,4,170,4445
6,4,5,4,170,4445
5,5,5,4,170,4445
4,6,5,4,170,4445
3,7,5,4,170,4445
2,8,5,4,170,4445
1,9,5,4,170,4445
9,0,5,4,170,4445
9,2,5,4,170,4445
8,3,5,4,170,4445
7,4,5,4,170,4445
6,5,5,4,170,4445
5,6,5,4,170,4445
4,7,5,4,170,4445
3,8,5,4,170,4445
2,9,5,4,170,4445
0,0,7,5,171,4431
1,0,7,5,171,4431
0,1,7,5,171,4431
2,0,7,5,171,4431
1,1,7,5,171,4431
0,2,7,5,171,4431
3,0,7,5,171,4431
2,1,7,5,171,4431
1,2,7,5,171,4431
0,3,7,5,171,4431
4,0,7,5,171,4431
3,1,7,5,171,4431
2,2,7,5,171,4431
1,3,7,5,171,4431
0,4,7,5,171,4431
5,0,7,5,171,4431
4,1,7,5,171,4431
3,2,7,5,171,4431
2,3,7,5,171,4431
1,4,7,5,171,4431
0,5,7,5,171,4431
6,0,7,5,171,4431
5,1,7,5,171,4431
4,2,7,5,171,4431
3,3,7,5,171,4431
2,4,7,5,171,4431
1,5,7,5,171,4431
0,6,7,5,171,4431
7,0,7,5,171,4431
6,1,7,5,171,4431
5,2,7,5,171,4431
4,3,7,5,171,4431
3,4,7,5,171,4431
2,5,7,5,171,4431
1,6,7,5,171,4431
0,7,7,5,171,4431
8,0,7,5,171,4431
7,1,7,5,171,4431
6,2,7,5,171,4431
5,3,7,5,171,4431
4,4,7,5,171,4431
3,5,7,5,171,4431
2,6,7,5,171,4431
1,7,7,5,171,4431
0,8,7,5,171,4431
9,0,7,5,171,4431
9,1,7,5,171,4431
8,1,7,5,171,4431
8,2,7,5,171,4431
7,2,7,5,171,4431
7,3,7,5,171,4431
6,3,7,5,171,4431
6,4,7,5,171,4431
5,4,7,5,171,4431
5,5,7,5,171,4431
4,5,7,5,171,4431
4,6,7,5,171,4431
3,6,7,5,171,4431
3,7,7,5,171,4431
2,7,7,5,171,4431
2,8,7,5,171,4431
1,8,7,5,171,4431
1,9,7,5,171,4431
9,2,7,5,171,4431
9,2,9,2,0,0
9,3,7,5,171,4431
8,3,7,5,171,4431
8,3,8,3,0,0
8,4,7,5,171,4431
7,4,7,5,171,4431
7,4,7,4,0,0
7,5,7,5,171,4431
6,5,7,5,171,4431
6,5,6,5,0,0
6,6,7,5,171,4431
5,6,7,5,171,4431
5,6,5,6,0,0
5,7,7,5,171,4431
4,7,7,5,171,4431
4,7,4,7,0,0
4,8,7,5,171,4431
3,8,7,5,171,4431
3,8,3,8,0,0
3,9,7,5,171,4431
2,9,7,5,171,4431
2,9,2,9,0,0
0,0,7,5,172,4102
1,0,7,5,172,4102
0,1,7,5,172,4102
2,0,7,5,172,4102
1,1,7,5,172,4102
0,2,7,5,172,4102
3,0,7,5,172,4102
2,1,7,5,172,4102
1,2,7,5,172,4102
0,3,7,5,172,4102
4,0,7,5,172,4102
3,1,7,5,172,4102
2,2,7,5,172,4102
1,3,7,5,172,4102
0,4,7,5,172,4102
5,0,7,5,172,4102
4,1,7,5,172,4102
3,2,7,5,172,4102
2,3,7,5,172,4102
1,4,7,5,172,4102
0,5,7,5,172,4102
6,0,7,5,172,4102
5,1,7,5,172,4102
4,2,7,5,172,4102
3,3,7,5,172,4102
2,4,7,5,172,4102
1,5,7,5,172,4102
0,6,7,5,172,4102
8,0,7,5,172,4102
7,0,7,5,172,4102
7,1,7,5,172,4102
6,1,7,5,172,4102
6,2,7,5,172,4102
5,2,7,5,172,4102
5,3,7,5,172,4102
4,3,7,5,172,4102
4,4,7,5,172,4102
3,4,7,5,172,4102
3,5,7,5,172,4102
2,5,7,5,172,4102
2,6,7,5,172,4102
1,6,7,5,172,4102
1,7,7,5,172,4102
9,0,7,5,172,4102
9,1,7,5,172,4102
8,1,7,5,172,4102
8,2,7,5,172,4102
7,2,7,5,172,4102
7,3,7,5,172,4102
6,3,7,5,172,4102
6,4,7,5,172,4102
5,4,7,5,172,4102
5,5,7,5,172,4102
4,5,7,5,172,4102
4,6,7,5,172,4102
3,6,7,5,172,4102
3,7,7,5,172,4102
2,7,7,5,172,4102
2,8,7,5,172,4102
9,2,7,5,172,4102
9,3,7,5,172,4102
8,3,7,5,172,4102
8,4,7,5,172,4102
7,4,7,5,172,4102
7,5,7,5,172,4102
6,5,7,5,172,4102
6,6,7,5,172,4102
5,6,7,5,172,4102
5,7,7,5,172,4102
4,7,7,5,172,4102
4,8,7,5,172,4102
3,8,7,5,172,4102
3,9,7,5,172,4102
0,0,7,5,173,3751
1,0,7,5,173,3751
0,1,7,5,173,3751
2,0,7,5,173,3751
1,1,7,5,173,3751
0,2,7,5,173,3751
3,0,7,5,173,3751
2,1,7,5,173,3751
1,2,7,5,173,3751
0,3,7,5,173,3751
4,0,7,5,173,3751
3,1,7,5,173,3751
2,2,7,5,173,3751
1,3,7,5,173,3751
0,4,7,5,173,3751
6,0,7,5,173,3751
5,0,7,5,173,3751
5,1,7,5,173,3751
4,1,7,5,173,3751
4,2,7,5,173,3751
3,2,7,5,173,3751
3,3,7,5,173,3751
2,3,7,5,173,3751
2,4,7,5,173,3751
1,4,7,5,173,3751
1,5,7,5,173,3751
8,0,7,5,173,3751
7,0,7,5,173,3751
7,1,7,5,173,3751
6,1,7,5,173,3751
6,2,7,5,173,3751
5,2,7,5,173,3751
5,3,7,5,173,3751
4,3,7,5,173,3751
4,4,7,5,173,3751
3,4,7,5,173,3751
3,5,7,5,173,3751
2,5,7,5,173,3751
2,6,7,5,173,3751
9,0,7,5,173,3751
9,1,7,5,173,3751
8,1,7,5,173,3751
8,2,7,5,173,3751
7,2,7,5,173,3751
7,3,7,5,173,3751
6,3,7,5,173,3751
6,4,7,5,173,3751
5,4,7,5,173,3751
5,5,7,5,173,3751
4,5,7,5,173,3751
4,6,7,5,173,3751
3,6,7,5,173,3751
3,7,7,5,173,3751
9,2,7,5,173,3751
9,3,7,5,173,3751
8,3,7,5,173,3751
8,4,7,5,173,3751
7,4,7,5,173,3751
7,5,7,5,173,3751
6,5,7,5,173,3751
6,6,7,5,173,3751
5,6,7,5,173,3751
5,7,7,5,173,3751
4,7,7,5,173,3751
4,8,7,5,173,3751
0,0,6,4,174,3395
1,0,6,4,174,3395
0,1,6,4,174,3395
2,0,6,4,174,3395
1,1,6,4,174,3395
0,2,6,4,174,3395
4,0,6,4,174,3395
3,0,6,4,174,3395
3,1,6,4,174,3395
2,1,6,4,174,3395
2,2,6,4,174,3395
1,2,6,4,174,3395
1,3,6,4,174,3395
6,0,6,4,174,3395
5,0,6,4,174,3395
5,1,6,4,174,3395
4,1,6,4,174,3395
4,2,6,4,174,3395
3,2,6,4,174,3395
3,3,6,4,174,3395
2,3,6,4,174,3395
2,4,6,4,174,3395
8,0,6,4,174,3395
7,0,6,4,174,3395
7,1,6,4,174,3395
6,1,6,4,174,3395
6,2,6,4,174,3395
5,2,6,4,174,3395
5,3,6,4,174,3395
4,3,6,4,174,3395
4,4,6,4,174,3395
3,4,6,4,174,3395
3,5,6,4,174,3395
9,0,6,4,174,3395
9,1,6,4,174,3395
8,1,6,4,174,3395
8,2,6,4,174,3395
7,2,6,4,174,3395
7,3,6,4,174,3395
6,3,6,4,174,3395
6,4,6,4,174,3395
5,4,6,4,174,3395
5,5,6,4,174,3395
4,5,6,4,174,3395
4,6,6,4,174,3395
9,2,6,4,174,3395
9,3,6,4,174,3395
8,3,6,4,174,3395
8,4,6,4,174,3395
7,4,6,4,174,3395
7,5,6,4,174,3395
6,5,6,4,174,3395
6,6,6,4,174,3395
5,6,6,4,174,3395
5,7,6,4,174,3395
0,0,4,4,175,3008
2,0,4,4,175,3008
1,0,4,4,175,3008
1,1,4,4,175,3008
4,0,4,4,175,3008
3,0,4,4,175,3008
3,1,4,4,175,3008
2,1,4,4,175,3008
2,2,4,4,175,3008
6,0,4,4,175,3008
5,0,4,4,175,3008
5,1,4,4,175,3008
4,1,4,4,175,3008
4,2,4,4,175,3008
3,2,4,4,175,3008
3,3,4,4,175,3008
8,0,4,4,175,3008
7,0,4,4,175,3008
7,1,4,4,175,3008
6,1,4,4,175,3008
6,2,4,4,175,3008
5,2,4,4,175,3008
5,3,4,4,175,3008
4,3,4,4,175,3008
4,4,4,4,175,3008
9,0,4,4,175,3008
9,1,4,4,175,3008
8,1,4,4,175,3008
8,2,4,4,175,3008
7,2,4,4,175,3008
7,3,4,4,175,3008
6,3,4,4,175,3008
6,4,4,4,175,3008
5,4,4,4,175,3008
5,5,4,4,175,3008
9,2,4,4,175,3008
9,3,4,4,175,3008
8,3,4,4,175,3008
8,4,4,4,175,3008
7,4,4,4,175,3008
7,5,4,4,175,3008
6,5,4,4,175,3008
6,6,4,4,175,3008
2,0,4,2,176,2586
4,0,4,2,176,2586
3,0,4,2,176,2586
3,1,4,2,176,2586
6,0,4,2,176,2586
5,0,4,2,176,2586
5,1,4,2,176,2586
4,1,4,2,176,2586
4,2,4,2,176,2586
8,0,4,2,176,2586
7,0,4,2,176,2586
7,1,4,2,176,2586
6,1,4,2,176,2586
6,2,4,2,176,2586
5,2,4,2,176,2586
5,3,4,2,176,2586
9,0,4,2,176,2586
9,1,4,2,176,2586
8,1,4,2,176,2586
8,2,4,2,176,2586
7,2,4,2,176,2586
7,3,4,2,176,2586
6,3,4,2,176,2586
6,4,4,2,176,2586
9,2,4,2,176,2586
9,3,4,2,176,2586
8,3,4,2,176,2586
8,4,4,2,176,2586
7,4,4,2,176,2586
7,5,4,2,176,2586
4,0,4,0,177,2122
6,0,4,0,177,2122
5,0,4,0,177,2122
5,1,4,0,177,2122
8,0,4,0,177,2122
7,0,4,0,177,2122
7,1,4,0,177,2122
6,1,4,0,177,2122
6,2,4,0,177,2122
9,0,4,0,177,2122
9,1,4,0,177,2122
8,1,4,0,177,2122
8,2,4,0,177,2122
7,2,4,0,177,2122
7,3,4,0,177,2122
9,2,4,0,177,2122
9,3,4,0,177,2122
8,3,4,0,177,2122
8,4,4,0,177,2122
6,0,6,0,178,1644
8,0,6,0,178,1644
7,0,6,0,178,1644
7,1,6,0,178,1644
9,0,6,0,178,1644
9,1,6,0,178,1644
8,1,6,0,178,1644
8,2,6,0,178,1644
9,2,6,0,178,1644
9,3,6,0,178,1644
7,1,8,0,179,1138
9,1,8,0,179,1138
8,0,8,0,179,1138
8,2,8,0,179,1138
8,1,8,0,179,1138
9,0,8,0,179,1138
9,2,8,0,179,1138
9,3,8,0,179,1138
5,1,6,0,180,1650
7,1,6,0,180,1650
6,0,6,0,180,1650
6,2,6,0,180,1650
9,1,6,0,180,1650
8,0,6,0,180,1650
8,2,6,0,180,1650
7,0,6,0,180,1650
7,3,6,0,180,1650
8,1,6,0,180,1650
9,0,6,0,180,1650
9,2,6,0,180,1650
9,3,6,0,180,1650
8,4,6,0,180,1650
3,1,4,0,181,2127
5,1,4,0,181,2127
4,0,4,0,181,2127
4,2,4,0,181,2127
7,1,4,0,181,2127
6,0,4,0,181,2127
6,2,4,0,181,2127
5,0,4,0,181,2127
5,3,4,0,181,2127
9,1,4,0,181,2127
8,0,4,0,181,2127
8,2,4,0,181,2127
7,0,4,0,181,2127
7,3,4,0,181,2127
6,1,4,0,181,2127
6,4,4,0,181,2127
8,1,4,0,181,2127
9,0,4,0,181,2127
9,2,4,0,181,2127
9,3,4,0,181,2127
8,4,4,0,181,2127
7,2,4,0,181,2127
7,5,4,0,181,2127
1,1,4,2,182,2583
3,1,4,2,182,2583
2,0,4,2,182,2583
2,2,4,2,182,2583
5,1,4,2,182,2583
4,0,4,2,182,2583
4,2,4,2,182,2583
3,0,4,2,182,2583
3,3,4,2,182,2583
7,1,4,2,182,2583
6,0,4,2,182,2583
6,2,4,2,182,2583
5,0,4,2,182,2583
5,3,4,2,182,2583
4,1,4,2,182,2583
4,4,4,2,182,2583
9,1,4,2,182,2583
8,0,4,2,182,2583
8,2,4,2,182,2583
7,0,4,2,182,2583
7,3,4,2,182,2583
6,1,4,2,182,2583
6,4,4,2,182,2583
5,2,4,2,182,2583
5,5,4,2,182,2583
8,1,4,2,182,2583
9,0,4,2,182,2583
9,2,4,2,182,2583
9,3,4,2,182,2583
8,4,4,2,182,2583
7,2,4,2,182,2583
7,5,4,2,182,2583
6,3,4,2,182,2583
6,6,4,2,182,2583
3,3,7,5,183,1650
5,3,7,5,183,1650
4,2,7,5,183,1650
4,4,7,5,183,1650
7,3,7,5,183,1650
6,2,7,5,183,1650
6,4,7,5,183,1650
5,1,7,5,183,1650
5,5,7,5,183,1650
9,3,7,5,183,1650
8,2,7,5,183,1650
8,4,7,5,183,1650
7,1,7,5,183,1650
7,5,7,5,183,1650
6,0,7,5,183,1650
6,6,7,5,183,1650
4,4,7,5,46,1138
6,4,7,5,46,1138
5,3,7,5,46,1138
5,5,7,5,46,1138
8,4,7,5,46,1138
7,3,7,5,46,1138
7,5,7,5,46,1138
6,2,7,5,46,1138
6,6,7,5,46,1138
0,1,6,4,184,2992
1,1,6,4,184,2992
0,0,6,4,184,2992
0,2,6,4,184,2992
3,1,6,4,184,2992
2,0,6,4,184,2992
2,2,6,4,184,2992
1,0,6,4,184,2992
1,3,6,4,184,2992
5,1,6,4,184,2992
4,0,6,4,184,2992
4,2,6,4,184,2992
3,0,6,4,184,2992
3,3,6,4,184,2992
2,1,6,4,184,2992
2,4,6,4,184,2992
7,1,6,4,184,2992
6,0,6,4,184,2992
6,2,6,4,184,2992
5,0,6,4,184,2992
5,3,6,4,184,2992
4,1,6,4,184,2992
4,4,6,4,184,2992
3,2,6,4,184,2992
3,5,6,4,184,2992
9,1,6,4,184,2992
8,0,6,4,184,2992
8,2,6,4,184,2992
7,0,6,4,184,2992
7,3,6,4,184,2992
6,1,6,4,184,2992
6,4,6,4,184,2992
5,2,6,4,184,2992
5,5,6,4,184,2992
4,3,6,4,184,2992
4,6,6,4,184,2992
8,1,6,4,184,2992
9,0,6,4,184,2992
9,2,6,4,184,2992
9,3,6,4,184,2992
8,4,6,4,184,2992
7,2,6,4,184,2992
7,5,6,4,184,2992
6,3,6,4,184,2992
6,6,6,4,184,2992
5,4,6,4,184,2992
5,7,6,4,184,2992
2,4,7,5,114,1650
4,4,7,5,114,1650
3,3,7,5,114,1650
3,5,7,5,114,1650
6,4,7,5,114,1650
5,3,7,5,114,1650
5,5,7,5,114,1650
4,2,7,5,114,1650
4,6,7,5,114,1650
8,4,7,5,114,1650
7,3,7,5,114,1650
7,5,7,5,114,1650
6,2,7,5,114,1650
6,6,7,5,114,1650
5,1,7,5,114,1650
5,7,7,5,114,1650
0,1,7,5,185,3381
1,1,7,5,185,3381
0,0,7,5,185,3381
0,2,7,5,185,3381
2,1,7,5,185,3381
1,0,7,5,185,3381
1,2,7,5,185,3381
0,3,7,5,185,3381
3,1,7,5,185,3381
2,0,7,5,185,3381
2,2,7,5,185,3381
1,3,7,5,185,3381
0,4,7,5,185,3381
5,1,7,5,185,3381
4,0,7,5,185,3381
4,2,7,5,185,3381
3,0,7,5,185,3381
3,3,7,5,185,3381
2,4,7,5,185,3381
1,5,7,5,185,3381
7,1,7,5,185,3381
6,0,7,5,185,3381
6,2,7,5,185,3381
5,0,7,5,185,3381
5,3,7,5,185,3381
4,1,7,5,185,3381
4,4,7,5,185,3381
3,2,7,5,185,3381
3,5,7,5,185,3381
2,3,7,5,185,3381
2,6,7,5,185,3381
9,1,7,5,185,3381
8,0,7,5,185,3381
8,2,7,5,185,3381
7,0,7,5,185,3381
7,3,7,5,185,3381
6,1,7,5,185,3381
6,4,7,5,185,3381
5,2,7,5,185,3381
5,5,7,5,185,3381
4,3,7,5,185,3381
4,6,7,5,185,3381
3,4,7,5,185,3381
3,7,7,5,185,3381
8,1,7,5,185,3381
9,0,7,5,185,3381
9,2,7,5,185,3381
9,3,7,5,185,3381
8,4,7,5,185,3381
7,2,7,5,185,3381
7,5,7,5,185,3381
6,3,7,5,185,3381
6,6,7,5,185,3381
5,4,7,5,185,3381
5,7,7,5,185,3381
4,5,7,5,185,3381
4,8,7,5,185,3381
0,2,7,5,186,2992
1,2,7,5,186,2992
0,1,7,5,186,2992
0,3,7,5,186,2992
2,2,7,5,186,2992
1,1,7,5,186,2992
1,3,7,5,186,2992
0,0,7,5,186,2992
0,4,7,5,186,2992
4,2,7,5,186,2992
3,1,7,5,186,2992
3,3,7,5,186,2992
2,0,7,5,186,2992
2,4,7,5,186,2992
1,0,7,5,186,2992
1,5,7,5,186,2992
6,2,7,5,186,2992
5,1,7,5,186,2992
5,3,7,5,186,2992
4,0,7,5,186,2992
4,4,7,5,186,2992
3,0,7,5,186,2992
3,5,7,5,186,2992
2,1,7,5,186,2992
2,6,7,5,186,2992
8,2,7,5,186,2992
7,1,7,5,186,2992
7,3,7,5,186,2992
6,0,7,5,186,2992
6,4,7,5,186,2992
5,0,7,5,186,2992
5,5,7,5,186,2992
4,1,7,5,186,2992
4,6,7,5,186,2992
3,2,7,5,186,2992
3,7,7,5,186,2992
9,2,7,5,186,2992
9,1,7,5,186,2992
9,3,7,5,186,2992
8,0,7,5,186,2992
8,4,7,5,186,2992
7,0,7,5,186,2992
7,5,7,5,186,2992
6,1,7,5,186,2992
6,6,7,5,186,2992
5,2,7,5,186,2992
5,7,7,5,186,2992
4,3,7,5,186,2992
4,8,7,5,186,2992
0,3,7,5,187,2574
1,3,7,5,187,2574
0,2,7,5,187,2574
0,4,7,5,187,2574
3,3,7,5,187,2574
2,2,7,5,187,2574
2,4,7,5,187,2574
1,1,7,5,187,2574
1,5,7,5,187,2574
5,3,7,5,187,2574
4,2,7,5,187,2574
4,4,7,5,187,2574
3,1,7,5,187,2574
3,5,7,5,187,2574
2,0,7,5,187,2574
2,6,7,5,187,2574
7,3,7,5,187,2574
6,2,7,5,187,2574
6,4,7,5,187,2574
5,1,7,5,187,2574
5,5,7,5,187,2574
4,0,7,5,187,2574
4,6,7,5,187,2574
3,0,7,5,187,2574
3,7,7,5,187,2574
9,3,7,5,187,2574
8,2,7,5,187,2574
8,4,7,5,187,2574
7,1,7,5,187,2574
7,5,7,5,187,2574
6,0,7,5,187,2574
6,6,7,5,187,2574
5,0,7,5,187,2574
5,7,7,5,187,2574
4,1,7,5,187,2574
4,8,7,5,187,2574
0,4,7,5,188,2127
2,4,7,5,188,2127
1,3,7,5,188,2127
1,5,7,5,188,2127
4,4,7,5,188,2127
3,3,7,5,188,2127
3,5,7,5,188,2127
2,2,7,5,188,2127
2,6,7,5,188,2127
6,4,7,5,188,2127
5,3,7,5,188,2127
5,5,7,5,188,2127
4,2,7,5,188,2127
4,6,7,5,188,2127
3,1,7,5,188,2127
3,7,7,5,188,2127
8,4,7,5,188,2127
7,3,7,5,188,2127
7,5,7,5,188,2127
6,2,7,5,188,2127
6,6,7,5,188,2127
5,1,7,5,188,2127
5,7,7,5,188,2127
4,0,7,5,188,2127
4,8,7,5,188,2127
1,5,6,4,152,1650
3,5,6,4,152,1650
2,4,6,4,152,1650
2,6,6,4,152,1650
5,5,6,4,152,1650
4,4,6,4,152,1650
4,6,6,4,152,1650
3,3,6,4,152,1650
3,7,6,4,152,1650
7,5,6,4,152,1650
6,4,6,4,152,1650
6,6,6,4,152,1650
5,3,6,4,152,1650
5,7,6,4,152,1650
4,2,6,4,152,1650
4,8,6,4,152,1650
2,6,3,5,189,1138
4,6,3,5,189,1138
3,5,3,5,189,1138
3,7,3,5,189,1138
6,6,3,5,189,1138
5,5,3,5,189,1138
5,7,3,5,189,1138
4,4,3,5,189,1138
4,8,3,5,189,1138
0,1,7,5,190,3746
1,1,7,5,190,3746
0,0,7,5,190,3746
0,2,7,5,190,3746
2,1,7,5,190,3746
1,0,7,5,190,3746
1,2,7,5,190,3746
0,3,7,5,190,3746
3,1,7,5,190,3746
2,0,7,5,190,3746
2,2,7,5,190,3746
1,3,7,5,190,3746
0,4,7,5,190,3746
4,1,7,5,190,3746
3,0,7,5,190,3746
3,2,7,5,190,3746
2,3,7,5,190,3746
1,4,7,5,190,3746
0,5,7,5,190,3746
5,1,7,5,190,3746
4,0,7,5,190,3746
4,2,7,5,190,3746
3,3,7,5,190,3746
2,4,7,5,190,3746
1,5,7,5,190,3746
0,6,7,5,190,3746
7,1,7,5,190,3746
6,0,7,5,190,3746
6,2,7,5,190,3746
5,0,7,5,190,3746
5,3,7,5,190,3746
4,4,7,5,190,3746
3,5,7,5,190,3746
2,6,7,5,190,3746
1,7,7,5,190,3746
9,1,7,5,190,3746
8,0,7,5,190,3746
8,2,7,5,190,3746
7,0,7,5,190,3746
7,3,7,5,190,3746
6,1,7,5,190,3746
6,4,7,5,190,3746
5,2,7,5,190,3746
5,5,7,5,190,3746
4,3,7,5,190,3746
4,6,7,5,190,3746
3,4,7,5,190,3746
3,7,7,5,190,3746
2,5,7,5,190,3746
2,8,7,5,190,3746
8,1,7,5,190,3746
9,0,7,5,190,3746
9,2,7,5,190,3746
9,3,7,5,190,3746
8,4,7,5,190,3746
7,2,7,5,190,3746
7,5,7,5,190,3746
6,3,7,5,190,3746
6,6,7,5,190,3746
5,4,7,5,190,3746
5,7,7,5,190,3746
4,5,7,5,190,3746
4,8,7,5,190,3746
3,6,7,5,190,3746
3,9,7,5,190,3746
0,2,6,4,191,3379
1,2,6,4,191,3379
0,1,6,4,191,3379
0,3,6,4,191,3379
2,2,6,4,191,3379
1,1,6,4,191,3379
1,3,6,4,191,3379
0,0,6,4,191,3379
0,4,6,4,191,3379
3,2,6,4,191,3379
2,1,6,4,191,3379
2,3,6,4,191,3379
1,0,6,4,191,3379
1,4,6,4,191,3379
0,5,6,4,191,3379
4,2,6,4,191,3379
3,1,6,4,191,3379
3,3,6,4,191,3379
2,0,6,4,191,3379
2,4,6,4,191,3379
1,5,6,4,191,3379
0,6,6,4,191,3379
6,2,6,4,191,3379
5,1,6,4,191,3379
5,3,6,4,191,3379
4,0,6,4,191,3379
4,4,6,4,191,3379
3,0,6,4,191,3379
3,5,6,4,191,3379
2,6,6,4,191,3379
1,7,6,4,191,3379
8,2,6,4,191,3379
7,1,6,4,191,3379
7,3,6,4,191,3379
6,0,6,4,191,3379
6,4,6,4,191,3379
5,0,6,4,191,3379
5,5,6,4,191,3379
4,1,6,4,191,3379
4,6,6,4,191,3379
3,7,6,4,191,3379
2,8,6,4,191,3379
9,2,6,4,191,3379
9,1,6,4,191,3379
9,3,6,4,191,3379
8,0,6,4,191,3379
8,4,6,4,191,3379
7,0,6,4,191,3379
7,5,6,4,191,3379
6,1,6,4,191,3379
6,6,6,4,191,3379
5,2,6,4,191,3379
5,7,6,4,191,3379
4,3,6,4,191,3379
4,8,6,4,191,3379
3,4,6,4,191,3379
3,9,6,4,191,3379
0,4,7,5,192,2571
1,4,7,5,192,2571
0,3,7,5,192,2571
0,5,7,5,192,2571
2,4,7,5,192,2571
1,3,7,5,192,2571
1,5,7,5,192,2571
0,2,7,5,192,2571
0,6,7,5,192,2571
4,4,7,5,192,2571
3,3,7,5,192,2571
3,5,7,5,192,2571
2,2,7,5,192,2571
2,6,7,5,192,2571
1,1,7,5,192,2571
1,7,7,5,192,2571
6,4,7,5,192,2571
5,3,7,5,192,2571
5,5,7,5,192,2571
4,2,7,5,192,2571
4,6,7,5,192,2571
3,1,7,5,192,2571
3,7,7,5,192,2571
2,0,7,5,192,2571
2,8,7,5,192,2571
8,4,7,5,192,2571
7,3,7,5,192,2571
7,5,7,5,192,2571
6,2,7,5,192,2571
6,6,7,5,192,2571
5,1,7,5,192,2571
5,7,7,5,192,2571
4,0,7,5,192,2571
4,8,7,5,192,2571
3,0,7,5,192,2571
3,9,7,5,192,2571
0,5,6,4,193,2127
1,5,6,4,193,2127
0,4,6,4,193,2127
0,6,6,4,193,2127
3,5,6,4,193,2127
2,4,6,4,193,2127
2,6,6,4,193,2127
1,3,6,4,193,2127
1,7,6,4,193,2127
5,5,6,4,193,2127
4,4,6,4,193,2127
4,6,6,4,193,2127
3,3,6,4,193,2127
3,7,6,4,193,2127
2,2,6,4,193,2127
2,8,6,4,193,2127
7,5,6,4,193,2127
6,4,6,4,193,2127
6,6,6,4,193,2127
5,3,6,4,193,2127
5,7,6,4,193,2127
4,2,6,4,193,2127
4,8,6,4,193,2127
3,1,6,4,193,2127
3,9,6,4,193,2127
0,6,4,4,194,1650
2,6,4,4,194,1650
1,5,4,4,194,1650
1,7,4,4,194,1650
4,6,4,4,194,1650
3,5,4,4,194,1650
3,7,4,4,194,1650
2,4,4,4,194,1650
2,8,4,4,194,1650
6,6,4,4,194,1650
5,5,4,4,194,1650
5,7,4,4,194,1650
4,4,4,4,194,1650
4,8,4,4,194,1650
3,3,4,4,194,1650
3,9,4,4,194,1650
1,7,3,5,122,1136
3,7,3,5,122,1136
2,6,3,5,122,1136
2,8,3,5,122,1136
5,7,3,5,122,1136
4,6,3,5,122,1136
4,8,3,5,122,1136
3,5,3,5,122,1136
3,9,3,5,122,1136
0,2,7,5,195,3745
1,2,7,5,195,3745
0,1,7,5,195,3745
0,3,7,5,195,3745
2,2,7,5,195,3745
1,1,7,5,195,3745
1,3,7,5,195,3745
0,0,7,5,195,3745
0,4,7,5,195,3745
3,2,7,5,195,3745
2,1,7,5,195,3745
2,3,7,5,195,3745
1,0,7,5,195,3745
1,4,7,5,195,3745
0,5,7,5,195,3745
4,2,7,5,195,3745
3,1,7,5,195,3745
3,3,7,5,195,3745
2,0,7,5,195,3745
2,4,7,5,195,3745
1,5,7,5,195,3745
0,6,7,5,195,3745
5,2,7,5,195,3745
4,1,7,5,195,3745
4,3,7,5,195,3745
3,0,7,5,195,3745
3,4,7,5,195,3745
2,5,7,5,195,3745
1,6,7,5,195,3745
0,7,7,5,195,3745
6,2,7,5,195,3745
5,1,7,5,195,3745
5,3,7,5,195,3745
4,0,7,5,195,3745
4,4,7,5,195,3745
3,5,7,5,195,3745
2,6,7,5,195,3745
1,7,7,5,195,3745
0,8,7,5,195,3745
8,2,7,5,195,3745
7,1,7,5,195,3745
7,3,7,5,195,3745
6,0,7,5,195,3745
6,4,7,5,195,3745
5,0,7,5,195,3745
5,5,7,5,195,3745
4,6,7,5,195,3745
3,7,7,5,195,3745
2,8,7,5,195,3745
1,9,7,5,195,3745
9,2,7,5,195,3745
9,1,7,5,195,3745
9,3,7,5,195,3745
8,0,7,5,195,3745
8,4,7,5,195,3745
7,0,7,5,195,3745
7,5,7,5,195,3745
6,1,7,5,195,3745
6,6,7,5,195,3745
5,7,7,5,195,3745
4,8,7,5,195,3745
3,9,7,5,195,3745
2,9,7,5,195,3745
0,3,7,5,196,3379
1,3,7,5,196,3379
0,2,7,5,196,3379
0,4,7,5,196,3379
2,3,7,5,196,3379
1,2,7,5,196,3379
1,4,7,5,196,3379
0,1,7,5,196,3379
0,5,7,5,196,3379
3,3,7,5,196,3379
2,2,7,5,196,3379
2,4,7,5,196,3379
1,1,7,5,196,3379
1,5,7,5,196,3379
0,0,7,5,196,3379
0,6,7,5,196,3379
4,3,7,5,196,3379
3,2,7,5,196,3379
3,4,7,5,196,3379
2,1,7,5,196,3379
2,5,7,5,196,3379
1,0,7,5,196,3379
1,6,7,5,196,3379
0,7,7,5,196,3379
5,3,7,5,196,3379
4,2,7,5,196,3379
4,4,7,5,196,3379
3,1,7,5,196,3379
3,5,7,5,196,3379
2,0,7,5,196,3379
2,6,7,5,196,3379
1,7,7,5,196,3379
0,8,7,5,196,3379
7,3,7,5,196,3379
6,2,7,5,196,3379
6,4,7,5,196,3379
5,1,7,5,196,3379
5,5,7,5,196,3379
4,0,7,5,196,3379
4,6,7,5,196,3379
3,0,7,5,196,3379
3,7,7,5,196,3379
2,8,7,5,196,3379
1,9,7,5,196,3379
9,3,7,5,196,3379
8,2,7,5,196,3379
8,4,7,5,196,3379
7,1,7,5,196,3379
7,5,7,5,196,3379
6,0,7,5,196,3379
6,6,7,5,196,3379
5,0,7,5,196,3379
5,7,7,5,196,3379
4,1,7,5,196,3379
4,8,7,5,196,3379
3,9,7,5,196,3379
2,9,7,5,196,3379
0,4,7,5,197,2986
1,4,7,5,197,2986
0,3,7,5,197,2986
0,5,7,5,197,2986
2,4,7,5,197,2986
1,3,7,5,197,2986
1,5,7,5,197,2986
0,2,7,5,197,2986
0,6,7,5,197,2986
3,4,7,5,197,2986
2,3,7,5,197,2986
2,5,7,5,197,2986
1,2,7,5,197,2986
1,6,7,5,197,2986
0,1,7,5,197,2986
0,7,7,5,197,2986
4,4,7,5,197,2986
3,3,7,5,197,2986
3,5,7,5,197,2986
2,2,7,5,197,2986
2,6,7,5,197,2986
1,1,7,5,197,2986
1,7,7,5,197,2986
0,0,7,5,197,2986
0,8,7,5,197,2986
6,4,7,5,197,2986
5,3,7,5,197,2986
5,5,7,5,197,2986
4,2,7,5,197,2986
4,6,7,5,197,2986
3,1,7,5,197,2986
3,7,7,5,197,2986
2,0,7,5,197,2986
2,8,7,5,197,2986
1,0,7,5,197,2986
1,9,7,5,197,2986
8,4,7,5,197,2986
7,3,7,5,197,2986
7,5,7,5,197,2986
6,2,7,5,197,2986
6,6,7,5,197,2986
5,1,7,5,197,2986
5,7,7,5,197,2986
4,0,7,5,197,2986
4,8,7,5,197,2986
3,0,7,5,197,2986
3,9,7,5,197,2986
2,1,7,5,197,2986
2,9,7,5,197,2986
0,5,6,4,198,2571
1,5,6,4,198,2571
0,4,6,4,198,2571
0,6,6,4,198,2571
2,5,6,4,198,2571
1,4,6,4,198,2571
1,6,6,4,198,2571
0,3,6,4,198,2571
0,7,6,4,198,2571
3,5,6,4,198,2571
2,4,6,4,198,2571
2,6,6,4,198,2571
1,3,6,4,198,2571
1,7,6,4,198,2571
0,2,6,4,198,2571
0,8,6,4,198,2571
5,5,6,4,198,2571
4,4,6,4,198,2571
4,6,6,4,198,2571
3,3,6,4,198,2571
3,7,6,4,198,2571
2,2,6,4,198,2571
2,8,6,4,198,2571
1,1,6,4,198,2571
1,9,6,4,198,2571
7,5,6,4,198,2571
6,4,6,4,198,2571
6,6,6,4,198,2571
5,3,6,4,198,2571
5,7,6,4,198,2571
4,2,6,4,198,2571
4,8,6,4,198,2571
3,1,6,4,198,2571
3,9,6,4,198,2571
2,0,6,4,198,2571
2,9,6,4,198,2571
0,6,4,4,199,2128
1,6,4,4,199,2128
0,5,4,4,199,2128
0,7,4,4,199,2128
2,6,4,4,199,2128
1,5,4,4,199,2128
1,7,4,4,199,2128
0,4,4,4,199,2128
0,8,4,4,199,2128
4,6,4,4,199,2128
3,5,4,4,199,2128
3,7,4,4,199,2128
2,4,4,4,199,2128
2,8,4,4,199,2128
1,3,4,4,199,2128
1,9,4,4,199,2128
6,6,4,4,199,2128
5,5,4,4,199,2128
5,7,4,4,199,2128
4,4,4,4,199,2128
4,8,4,4,199,2128
3,3,4,4,199,2128
3,9,4,4,199,2128
2,2,4,4,199,2128
2,9,4,4,199,2128
0,1,7,5,200,4403
1,1,7,5,200,4403
0,0,7,5,200,4403
0,2,7,5,200,4403
2,1,7,5,200,4403
1,0,7,5,200,4403
1,2,7,5,200,4403
0,3,7,5,200,4403
3,1,7,5,200,4403
2,0,7,5,200,4403
2,2,7,5,200,4403
1,3,7,5,200,4403
0,4,7,5,200,4403
4,1,7,5,200,4403
3,0,7,5,200,4403
3,2,7,5,200,4403
2,3,7,5,200,4403
1,4,7,5,200,4403
0,5,7,5,200,4403
5,1,7,5,200,4403
4,0,7,5,200,4403
4,2,7,5,200,4403
3,3,7,5,200,4403
2,4,7,5,200,4403
1,5,7,5,200,4403
0,6,7,5,200,4403
6,1,7,5,200,4403
5,0,7,5,200,4403
5,2,7,5,200,4403
4,3,7,5,200,4403
3,4,7,5,200,4403
2,5,7,5,200,4403
1,6,7,5,200,4403
0,7,7,5,200,4403
7,1,7,5,200,4403
6,0,7,5,200,4403
6,2,7,5,200,4403
5,3,7,5,200,4403
4,4,7,5,200,4403
3,5,7,5,200,4403
2,6,7,5,200,4403
1,7,7,5,200,4403
0,8,7,5,200,4403
8,1,7,5,200,4403
7,0,7,5,200,4403
7,2,7,5,200,4403
6,3,7,5,200,4403
5,4,7,5,200,4403
4,5,7,5,200,4403
3,6,7,5,200,4403
2,7,7,5,200,4403
1,8,7,5,200,4403
0,9,7,5,200,4403
9,1,7,5,200,4403
8,0,7,5,200,4403
8,2,7,5,200,4403
7,3,7,5,200,4403
6,4,7,5,200,4403
5,5,7,5,200,4403
4,6,7,5,200,4403
3,7,7,5,200,4403
2,8,7,5,200,4403
1,9,7,5,200,4403
9,0,7,5,200,4403
9,2,7,5,200,4403
9,3,7,5,200,4403
8,4,7,5,200,4403
7,5,7,5,200,4403
6,6,7,5,200,4403
5,7,7,5,200,4403
4,8,7,5,200,4403
3,9,7,5,200,4403
2,9,7,5,200,4403
0,2,7,5,201,4084
1,2,7,5,201,4084
0,1,7,5,201,4084
0,3,7,5,201,4084
2,2,7,5,201,4084
1,1,7,5,201,4084
1,3,7,5,201,4084
0,0,7,5,201,4084
0,4,7,5,201,4084
3,2,7,5,201,4084
2,1,7,5,201,4084
2,3,7,5,201,4084
1,0,7,5,201,4084
1,4,7,5,201,4084
0,5,7,5,201,4084
4,2,7,5,201,4084
3,1,7,5,201,4084
3,3,7,5,201,4084
2,0,7,5,201,4084
2,4,7,5,201,4084
1,5,7,5,201,4084
0,6,7,5,201,4084
5,2,7,5,201,4084
4,1,7,5,201,4084
4,3,7,5,201,4084
3,0,7,5,201,4084
3,4,7,5,201,4084
2,5,7,5,201,4084
1,6,7,5,201,4084
0,7,7,5,201,4084
6,2,7,5,201,4084
5,1,7,5,201,4084
5,3,7,5,201,4084
4,0,7,5,201,4084
4,4,7,5,201,4084
3,5,7,5,201,4084
2,6,7,5,201,4084
1,7,7,5,201,4084
0,8,7,5,201,4084
7,2,7,5,201,4084
6,1,7,5,201,4084
6,3,7,5,201,4084
5,0,7,5,201,4084
5,4,7,5,201,4084
4,5,7,5,201,4084
3,6,7,5,201,4084
2,7,7,5,201,4084
1,8,7,5,201,4084
0,9,7,5,201,4084
8,2,7,5,201,4084
7,1,7,5,201,4084
7,3,7,5,201,4084
6,0,7,5,201,4084
6,4,7,5,201,4084
5,5,7,5,201,4084
4,6,7,5,201,4084
3,7,7,5,201,4084
2,8,7,5,201,4084
1,9,7,5,201,4084
9,2,7,5,201,4084
9,1,7,5,201,4084
9,3,7,5,201,4084
8,0,7,5,201,4084
8,4,7,5,201,4084
7,0,7,5,201,4084
7,5,7,5,201,4084
6,6,7,5,201,4084
5,7,7,5,201,4084
4,8,7,5,201,4084
3,9,7,5,201,4084
2,9,7,5,201,4084
0,3,7,5,202,3741
1,3,7,5,202,3741
0,2,7,5,202,3741
0,4,7,5,202,3741
2,3,7,5,202,3741
1,2,7,5,202,3741
1,4,7,5,202,3741
0,1,7,5,202,3741
0,5,7,5,202,3741
3,3,7,5,202,3741
2,2,7,5,202,3741
2,4,7,5,202,3741
1,1,7,5,202,3741
1,5,7,5,202,3741
0,0,7,5,202,3741
0,6,7,5,202,3741
4,3,7,5,202,3741
3,2,7,5,202,3741
3,4,7,5,202,3741
2,1,7,5,202,3741
2,5,7,5,202,3741
1,0,7,5,202,3741
1,6,7,5,202,3741
0,7,7,5,202,3741
5,3,7,5,202,3741
4,2,7,5,202,3741
4,4,7,5,202,3741
3,1,7,5,202,3741
3,5,7,5,202,3741
2,0,7,5,202,3741
2,6,7,5,202,3741
1,7,7,5,202,3741
0,8,7,5,202,3741
6,3,7,5,202,3741
5,2,7,5,202,3741
5,4,7,5,202,3741
4,1,7,5,202,3741
4,5,7,5,202,3741
3,0,7,5,202,3741
3,6,7,5,202,3741
2,7,7,5,202,3741
1,8,7,5,202,3741
0,9,7,5,202,3741
7,3,7,5,202,3741
6,2,7,5,202,3741
6,4,7,5,202,3741
5,1,7,5,202,3741
5,5,7,5,202,3741
4,0,7,5,202,3741
4,6,7,5,202,3741
3,7,7,5,202,3741
2,8,7,5,202,3741
1,9,7,5,202,3741
9,3,7,5,202,3741
8,2,7,5,202,3741
8,4,7,5,202,3741
7,1,7,5,202,3741
7,5,7,5,202,3741
6,0,7,5,202,3741
6,6,7,5,202,3741
5,0,7,5,202,3741
5,7,7,5,202,3741
4,8,7,5,202,3741
3,9,7,5,202,3741
2,9,7,5,202,3741
0,4,7,5,203,3373
1,4,7,5,203,3373
0,3,7,5,203,3373
0,5,7,5,203,3373
2,4,7,5,203,3373
1,3,7,5,203,3373
1,5,7,5,203,3373
0,2,7,5,203,3373
0,6,7,5,203,3373
3,4,7,5,203,3373
2,3,7,5,203,3373
2,5,7,5,203,3373
1,2,7,5,203,3373
1,6,7,5,203,3373
0,1,7,5,203,3373
0,7,7,5,203,3373
4,4,7,5,203,3373
3,3,7,5,203,3373
3,5,7,5,203,3373
2,2,7,5,203,3373
2,6,7,5,203,3373
1,1,7,5,203,3373
1,7,7,5,203,3373
0,0,7,5,203,3373
0,8,7,5,203,3373
5,4,7,5,203,3373
4,3,7,5,203,3373
4,5,7,5,203,3373
3,2,7,5,203,3373
3,6,7,5,203,3373
2,1,7,5,203,3373
2,7,7,5,203,3373
1,0,7,5,203,3373
1,8,7,5,203,3373
0,9,7,5,203,3373
6,4,7,5,203,3373
5,3,7,5,203,3373
5,5,7,5,203,3373
4,2,7,5,203,3373
4,6,7,5,203,3373
3,1,7,5,203,3373
3,7,7,5,203,3373
2,0,7,5,203,3373
2,8,7,5,203,3373
1,9,7,5,203,3373
8,4,7,5,203,3373
7,3,7,5,203,3373
7,5,7,5,203,3373
6,2,7,5,203,3373
6,6,7,5,203,3373
5,1,7,5,203,3373
5,7,7,5,203,3373
4,0,7,5,203,3373
4,8,7,5,203,3373
3,0,7,5,203,3373
3,9,7,5,203,3373
2,9,7,5,203,3373
0,5,6,4,204,2986
1,5,6,4,204,2986
0,4,6,4,204,2986
0,6,6,4,204,2986
2,5,6,4,204,2986
1,4,6,4,204,2986
1,6,6,4,204,2986
0,3,6,4,204,2986
0,7,6,4,204,2986
3,5,6,4,204,2986
2,4,6,4,204,2986
2,6,6,4,204,2986
1,3,6,4,204,2986
1,7,6,4,204,2986
0,2,6,4,204,2986
0,8,6,4,204,2986
4,5,6,4,204,2986
3,4,6,4,204,2986
3,6,6,4,204,2986
2,3,6,4,204,2986
2,7,6,4,204,2986
1,2,6,4,204,2986
1,8,6,4,204,2986
0,1,6,4,204,2986
0,9,6,4,204,2986
5,5,6,4,204,2986
4,4,6,4,204,2986
4,6,6,4,204,2986
3,3,6,4,204,2986
3,7,6,4,204,2986
2,2,6,4,204,2986
2,8,6,4,204,2986
1,1,6,4,204,2986
1,9,6,4,204,2986
0,0,6,4,204,2986
7,5,6,4,204,2986
6,4,6,4,204,2986
6,6,6,4,204,2986
5,3,6,4,204,2986
5,7,6,4,204,2986
4,2,6,4,204,2986
4,8,6,4,204,2986
3,1,6,4,204,2986
3,9,6,4,204,2986
2,0,6,4,204,2986
2,9,6,4,204,2986
1,0,6,4,204,2986
0,7,3,9,205,2128
1,7,3,9,205,2128
0,6,3,9,205,2128
0,8,3,9,205,2128
2,7,3,9,205,2128
1,6,3,9,205,2128
1,8,3,9,205,2128
0,5,3,9,205,2128
0,9,3,9,205,2128
3,7,3,9,205,2128
2,6,3,9,205,2128
2,8,3,9,205,2128
1,5,3,9,205,2128
1,9,3,9,205,2128
0,4,3,9,205,2128
5,7,3,9,205,2128
4,6,3,9,205,2128
4,8,3,9,205,2128
3,5,3,9,205,2128
3,9,3,9,205,2128
2,4,3,9,205,2128
2,9,3,9,205,2128
1,3,3,9,205,2128
0,8,3,9,206,1650
1,8,3,9,206,1650
0,7,3,9,206,1650
0,9,3,9,206,1650
2,8,3,9,206,1650
1,7,3,9,206,1650
1,9,3,9,206,1650
0,6,3,9,206,1650
4,8,3,9,206,1650
3,7,3,9,206,1650
3,9,3,9,206,1650
2,6,3,9,206,1650
2,9,3,9,206,1650
1,5,3,9,206,1650
0,9,3,9,207,1136
1,9,3,9,207,1136
0,8,3,9,207,1136
3,9,3,9,207,1136
2,8,3,9,207,1136
2,9,3,9,207,1136
1,7,3,9,207,1136
1,8,3,9,207,1136
0,6,3,9,208,3003
1,6,3,9,208,3003
0,5,3,9,208,3003
0,7,3,9,208,3003
2,6,3,9,208,3003
1,5,3,9,208,3003
1,7,3,9,208,3003
0,4,3,9,208,3003
0,8,3,9,208,3003
3,6,3,9,208,3003
2,5,3,9,208,3003
2,7,3,9,208,3003
1,4,3,9,208,3003
1,8,3,9,208,3003
0,3,3,9,208,3003
0,9,3,9,208,3003
4,6,3,9,208,3003
3,5,3,9,208,3003
3,7,3,9,208,3003
2,4,3,9,208,3003
2,8,3,9,208,3003
1,3,3,9,208,3003
1,9,3,9,208,3003
0,2,3,9,208,3003
5,6,3,9,208,3003
4,5,3,9,208,3003
4,7,3,9,208,3003
3,4,3,9,208,3003
3,8,3,9,208,3003
2,3,3,9,208,3003
2,9,3,9,208,3003
1,2,3,9,208,3003
0,1,3,9,208,3003
6,6,3,9,208,3003
5,5,3,9,208,3003
5,7,3,9,208,3003
4,4,3,9,208,3003
4,8,3,9,208,3003
3,3,3,9,208,3003
3,9,3,9,208,3003
2,2,3,9,208,3003
1,1,3,9,208,3003
0,0,3,9,208,3003
0,7,3,9,209,2579
1,7,3,9,209,2579
0,6,3,9,209,2579
0,8,3,9,209,2579
2,7,3,9,209,2579
1,6,3,9,209,2579
1,8,3,9,209,2579
0,5,3,9,209,2579
0,9,3,9,209,2579
3,7,3,9,209,2579
2,6,3,9,209,2579
2,8,3,9,209,2579
1,5,3,9,209,2579
1,9,3,9,209,2579
0,4,3,9,209,2579
4,7,3,9,209,2579
3,6,3,9,209,2579
3,8,3,9,209,2579
2,5,3,9,209,2579
2,9,3,9,209,2579
1,4,3,9,209,2579
0,3,3,9,209,2579
5,7,3,9,209,2579
4,6,3,9,209,2579
4,8,3,9,209,2579
3,5,3,9,209,2579
3,9,3,9,209,2579
2,4,3,9,209,2579
1,3,3,9,209,2579
0,2,3,9,209,2579
0,8,3,9,210,2125
1,8,3,9,210,2125
0,7,3,9,210,2125
0,9,3,9,210,2125
2,8,3,9,210,2125
1,7,3,9,210,2125
1,9,3,9,210,2125
0,6,3,9,210,2125
3,8,3,9,210,2125
2,7,3,9,210,2125
2,9,3,9,210,2125
1,6,3,9,210,2125
0,5,3,9,210,2125
4,8,3,9,210,2125
3,7,3,9,210,2125
3,9,3,9,210,2125
2,6,3,9,210,2125
1,5,3,9,210,2125
0,4,3,9,210,2125
9,3,9,3,0,0
8,4,8,4,0,0
7,5,7,5,0,0
5,5,7,5,19,588
7,5,7,5,19,588
6,4,7,5,19,588
6,6,7,5,19,588
6,6,6,6,0,0
4,6,4,6,30,588
6,6,4,6,30,588
5,5,4,6,30,588
5,7,4,6,30,588
5,7,5,7,0,0
3,7,4,6,60,588
5,7,4,6,60,588
4,6,4,6,60,588
4,8,4,6,60,588
4,8,4,8,0,0
2,8,3,7,60,588
4,8,3,7,60,588
3,7,3,7,60,588
3,9,3,7,60,588
3,9,3,9,0,0
1,9,3,9,165,588
3,9,3,9,165,588
2,8,3,9,165,588
2,9,3,9,165,588
0,0,7,6,211,4422
1,0,7,6,211,4422
0,1,7,6,211,4422
2,0,7,6,211,4422
1,1,7,6,211,4422
0,2,7,6,211,4422
3,0,7,6,211,4422
2,1,7,6,211,4422
1,2,7,6,211,4422
0,3,7,6,211,4422
4,0,7,6,211,4422
3,1,7,6,211,4422
2,2,7,6,211,4422
1,3,7,6,211,4422
0,4,7,6,211,4422
5,0,7,6,211,4422
4,1,7,6,211,4422
3,2,7,6,211,4422
2,3,7,6,211,4422
1,4,7,6,211,4422
0,5,7,6,211,4422
6,0,7,6,211,4422
5,1,7,6,211,4422
4,2,7,6,211,4422
3,3,7,6,211,4422
2,4,7,6,211,4422
1,5,7,6,211,4422
0,6,7,6,211,4422
7,0,7,6,211,4422
6,1,7,6,211,4422
5,2,7,6,211,4422
4,3,7,6,211,4422
3,4,7,6,211,4422
2,5,7,6,211,4422
1,6,7,6,211,4422
0,7,7,6,211,4422
9,0,7,6,211,4422
8,0,7,6,211,4422
8,1,7,6,211,4422
7,1,7,6,211,4422
7,2,7,6,211,4422
6,2,7,6,211,4422
6,3,7,6,211,4422
5,3,7,6,211,4422
5,4,7,6,211,4422
4,4,7,6,211,4422
4,5,7,6,211,4422
3,5,7,6,211,4422
3,6,7,6,211,4422
2,6,7,6,211,4422
2,7,7,6,211,4422
1,7,7,6,211,4422
1,8,7,6,211,4422
9,1,7,6,211,4422
9,2,7,6,211,4422
8,2,7,6,211,4422
8,3,7,6,211,4422
7,3,7,6,211,4422
7,4,7,6,211,4422
6,4,7,6,211,4422
6,5,7,6,211,4422
5,5,7,6,211,4422
5,6,7,6,211,4422
4,6,7,6,211,4422
4,7,7,6,211,4422
3,7,7,6,211,4422
3,8,7,6,211,4422
2,8,7,6,211,4422
2,9,7,6,211,4422
9,3,7,6,211,4422
9,4,7,6,211,4422
8,4,7,6,211,4422
8,5,7,6,211,4422
7,5,7,6,211,4422
7,6,7,6,211,4422
6,6,7,6,211,4422
6,7,7,6,211,4422
5,7,7,6,211,4422
5,8,7,6,211,4422
4,8,7,6,211,4422
4,9,7,6,211,4422
3,9,7,6,211,4422
0,0,7,6,212,4091
1,0,7,6,212,4091
0,1,7,6,212,4091
2,0,7,6,212,4091
1,1,7,6,212,4091
0,2,7,6,212,4091
3,0,7,6,212,4091
2,1,7,6,212,4091
1,2,7,6,212,4091
0,3,7,6,212,4091
4,0,7,6,212,4091
3,1,7,6,212,4091
2,2,7,6,212,4091
1,3,7,6,212,4091
0,4,7,6,212,4091
5,0,7,6,212,4091
4,1,7,6,212,4091
3,2,7,6,212,4091
2,3,7,6,212,4091
1,4,7,6,212,4091
0,5,7,6,212,4091
7,0,7,6,212,4091
6,0,7,6,212,4091
6,1,7,6,212,4091
5,1,7,6,212,4091
5,2,7,6,212,4091
4,2,7,6,212,4091
4,3,7,6,212,4091
3,3,7,6,212,4091
3,4,7,6,212,4091
2,4,7,6,212,4091
2,5,7,6,212,4091
1,5,7,6,212,4091
1,6,7,6,212,4091
9,0,7,6,212,4091
8,0,7,6,212,4091
8,1,7,6,212,4091
7,1,7,6,212,4091
7,2,7,6,212,4091
6,2,7,6,212,4091
6,3,7,6,212,4091
5,3,7,6,212,4091
5,4,7,6,212,4091
4,4,7,6,212,4091
4,5,7,6,212,4091
3,5,7,6,212,4091
3,6,7,6,212,4091
2,6,7,6,212,4091
2,7,7,6,212,4091
9,1,7,6,212,4091
9,2,7,6,212,4091
8,2,7,6,212,4091
8,3,7,6,212,4091
7,3,7,6,212,4091
7,4,7,6,212,4091
6,4,7,6,212,4091
6,5,7,6,212,4091
5,5,7,6,212,4091
5,6,7,6,212,4091
4,6,7,6,212,4091
4,7,7,6,212,4091
3,7,7,6,212,4091
3,8,7,6,212,4091
9,3,7,6,212,4091
9,4,7,6,212,4091
8,4,7,6,212,4091
8,5,7,6,212,4091
7,5,7,6,212,4091
7,6,7,6,212,4091
6,6,7,6,212,4091
6,7,7,6,212,4091
5,7,7,6,212,4091
5,8,7,6,212,4091
4,8,7,6,212,4091
4,9,7,6,212,4091
0,0,6,5,213,3760
1,0,6,5,213,3760
0,1,6,5,213,3760
2,0,6,5,213,3760
1,1,6,5,213,3760
0,2,6,5,213,3760
3,0,6,5,213,3760
2,1,6,5,213,3760
1,2,6,5,213,3760
0,3,6,5,213,3760
5,0,6,5,213,3760
4,0,6,5,213,3760
4,1,6,5,213,3760
3,1,6,5,213,3760
3,2,6,5,213,3760
2,2,6,5,213,3760
2,3,6,5,213,3760
1,3,6,5,213,3760
1,4,6,5,213,3760
7,0,6,5,213,3760
6,0,6,5,213,3760
6,1,6,5,213,3760
5,1,6,5,213,3760
5,2,6,5,213,3760
4,2,6,5,213,3760
4,3,6,5,213,3760
3,3,6,5,213,3760
3,4,6,5,213,3760
2,4,6,5,213,3760
2,5,6,5,213,3760
9,0,6,5,213,3760
8,0,6,5,213,3760
8,1,6,5,213,3760
7,1,6,5,213,3760
7,2,6,5,213,3760
6,2,6,5,213,3760
6,3,6,5,213,3760
5,3,6,5,213,3760
5,4,6,5,213,3760
4,4,6,5,213,3760
4,5,6,5,213,3760
3,5,6,5,213,3760
3,6,6,5,213,3760
9,1,6,5,213,3760
9,2,6,5,213,3760
8,2,6,5,213,3760
8,3,6,5,213,3760
7,3,6,5,213,3760
7,4,6,5,213,3760
6,4,6,5,213,3760
6,5,6,5,213,3760
5,5,6,5,213,3760
5,6,6,5,213,3760
4,6,6,5,213,3760
4,7,6,5,213,3760
9,3,6,5,213,3760
9,4,6,5,213,3760
8,4,6,5,213,3760
8,5,6,5,213,3760
7,5,6,5,213,3760
7,6,6,5,213,3760
6,6,6,5,213,3760
6,7,6,5,213,3760
5,7,6,5,213,3760
5,8,6,5,213,3760
0,0,5,4,214,3401
1,0,5,4,214,3401
0,1,5,4,214,3401
3,0,5,4,214,3401
2,0,5,4,214,3401
2,1,5,4,214,3401
1,1,5,4,214,3401
1,2,5,4,214,3401
5,0,5,4,214,3401
4,0,5,4,214,3401
4,1,5,4,214,3401
3,1,5,4,214,3401
3,2,5,4,214,3401
2,2,5,4,214,3401
2,3,5,4,214,3401
7,0,5,4,214,3401
6,0,5,4,214,3401
6,1,5,4,214,3401
5,1,5,4,214,3401
5,2,5,4,214,3401
4,2,5,4,214,3401
4,3,5,4,214,3401
3,3,5,4,214,3401
3,4,5,4,214,3401
9,0,5,4,214,3401
8,0,5,4,214,3401
8,1,5,4,214,3401
7,1,5,4,214,3401
7,2,5,4,214,3401
6,2,5,4,214,3401
6,3,5,4,214,3401
5,3,5,4,214,3401
5,4,5,4,214,3401
4,4,5,4,214,3401
4,5,5,4,214,3401
9,1,5,4,214,3401
9,2,5,4,214,3401
8,2,5,4,214,3401
8,3,5,4,214,3401
7,3,5,4,214,3401
7,4,5,4,214,3401
6,4,5,4,214,3401
6,5,5,4,214,3401
5,5,5,4,214,3401
5,6,5,4,214,3401
9,3,5,4,214,3401
9,4,5,4,214,3401
8,4,5,4,214,3401
8,5,5,4,214,3401
7,5,5,4,214,3401
7,6,5,4,214,3401
6,6,5,4,214,3401
6,7,5,4,214,3401
1,0,4,3,215,3009
3,0,4,3,215,3009
2,0,4,3,215,3009
2,1,4,3,215,3009
5,0,4,3,215,3009
4,0,4,3,215,3009
4,1,4,3,215,3009
3,1,4,3,215,3009
3,2,4,3,215,3009
7,0,4,3,215,3009
6,0,4,3,215,3009
6,1,4,3,215,3009
5,1,4,3,215,3009
5,2,4,3,215,3009
4,2,4,3,215,3009
4,3,4,3,215,3009
9,0,4,3,215,3009
8,0,4,3,215,3009
8,1,4,3,215,3009
7,1,4,3,215,3009
7,2,4,3,215,3009
6,2,4,3,215,3009
6,3,4,3,215,3009
5,3,4,3,215,3009
5,4,4,3,215,3009
9,1,4,3,215,3009
9,2,4,3,215,3009
8,2,4,3,215,3009
8,3,4,3,215,3009
7,3,4,3,215,3009
7,4,4,3,215,3009
6,4,4,3,215,3009
6,5,4,3,215,3009
9,3,4,3,215,3009
9,4,4,3,215,3009
8,4,4,3,215,3009
8,5,4,3,215,3009
7,5,4,3,215,3009
7,6,4,3,215,3009
3,0,4,1,216,2578
5,0,4,1,216,2578
4,0,4,1,216,2578
4,1,4,1,216,2578
7,0,4,1,216,2578
6,0,4,1,216,2578
6,1,4,1,216,2578
5,1,4,1,216,2578
5,2,4,1,216,2578
9,0,4,1,216,2578
8,0,4,1,216,2578
8,1,4,1,216,2578
7,1,4,1,216,2578
7,2,4,1,216,2578
6,2,4,1,216,2578
6,3,4,1,216,2578
9,1,4,1,216,2578
9,2,4,1,216,2578
8,2,4,1,216,2578
8,3,4,1,216,2578
7,3,4,1,216,2578
7,4,4,1,216,2578
9,3,4,1,216,2578
9,4,4,1,216,2578
8,4,4,1,216,2578
8,5,4,1,216,2578
5,0,5,0,217,2120
7,0,5,0,217,2120
6,0,5,0,217,2120
6,1,5,0,217,2120
9,0,5,0,217,2120
8,0,5,0,217,2120
8,1,5,0,217,2120
7,1,5,0,217,2120
7,2,5,0,217,2120
9,1,5,0,217,2120
9,2,5,0,217,2120
8,2,5,0,217,2120
8,3,5,0,217,2120
9,3,5,0,217,2120
9,4,5,0,217,2120
6,1,7,0,218,1651
8,1,7,0,218,1651
7,0,7,0,218,1651
7,2,7,0,218,1651
9,1,7,0,218,1651
9,0,7,0,218,1651
9,2,7,0,218,1651
8,0,7,0,218,1651
8,3,7,0,218,1651
7,1,7,0,218,1651
8,2,7,0,218,1651
9,3,7,0,218,1651
9,4,7,0,218,1651
4,1,5,0,219,2127
6,1,5,0,219,2127
5,0,5,0,219,2127
5,2,5,0,219,2127
8,1,5,0,219,2127
7,0,5,0,219,2127
7,2,5,0,219,2127
6,0,5,0,219,2127
6,3,5,0,219,2127
9,1,5,0,219,2127
9,0,5,0,219,2127
9,2,5,0,219,2127
8,0,5,0,219,2127
8,3,5,0,219,2127
7,1,5,0,219,2127
7,4,5,0,219,2127
8,2,5,0,219,2127
9,3,5,0,219,2127
9,4,5,0,219,2127
8,5,5,0,219,2127
2,1,4,1,220,2579
4,1,4,1,220,2579
3,0,4,1,220,2579
3,2,4,1,220,2579
6,1,4,1,220,2579
5,0,4,1,220,2579
5,2,4,1,220,2579
4,0,4,1,220,2579
4,3,4,1,220,2579
8,1,4,1,220,2579
7,0,4,1,220,2579
7,2,4,1,220,2579
6,0,4,1,220,2579
6,3,4,1,220,2579
5,1,4,1,220,2579
5,4,4,1,220,2579
9,1,4,1,220,2579
9,0,4,1,220,2579
9,2,4,1,220,2579
8,0,4,1,220,2579
8,3,4,1,220,2579
7,1,4,1,220,2579
7,4,4,1,220,2579
6,2,4,1,220,2579
6,5,4,1,220,2579
8,2,4,1,220,2579
9,3,4,1,220,2579
9,4,4,1,220,2579
8,5,4,1,220,2579
7,3,4,1,220,2579
7,6,4,1,220,2579
0,1,4,3,221,3003
2,1,4,3,221,3003
1,0,4,3,221,3003
1,2,4,3,221,3003
4,1,4,3,221,3003
3,0,4,3,221,3003
3,2,4,3,221,3003
2,0,4,3,221,3003
2,3,4,3,221,3003
6,1,4,3,221,3003
5,0,4,3,221,3003
5,2,4,3,221,3003
4,0,4,3,221,3003
4,3,4,3,221,3003
3,1,4,3,221,3003
3,4,4,3,221,3003
8,1,4,3,221,3003
7,0,4,3,221,3003
7,2,4,3,221,3003
6,0,4,3,221,3003
6,3,4,3,221,3003
5,1,4,3,221,3003
5,4,4,3,221,3003
4,2,4,3,221,3003
4,5,4,3,221,3003
9,1,4,3,221,3003
9,0,4,3,221,3003
9,2,4,3,221,3003
8,0,4,3,221,3003
8,3,4,3,221,3003
7,1,4,3,221,3003
7,4,4,3,221,3003
6,2,4,3,221,3003
6,5,4,3,221,3003
5,3,4,3,221,3003
5,6,4,3,221,3003
8,2,4,3,221,3003
9,3,4,3,221,3003
9,4,4,3,221,3003
8,5,4,3,221,3003
7,3,4,3,221,3003
7,6,4,3,221,3003
6,4,4,3,221,3003
6,7,4,3,221,3003
2,3,7,6,222,2127
4,3,7,6,222,2127
3,2,7,6,222,2127
3,4,7,6,222,2127
6,3,7,6,222,2127
5,2,7,6,222,2127
5,4,7,6,222,2127
4,1,7,6,222,2127
4,5,7,6,222,2127
8,3,7,6,222,2127
7,2,7,6,222,2127
7,4,7,6,222,2127
6,1,7,6,222,2127
6,5,7,6,222,2127
5,0,7,6,222,2127
5,6,7,6,222,2127
9,3,7,6,222,2127
9,2,7,6,222,2127
9,4,7,6,222,2127
8,1,7,6,222,2127
8,5,7,6,222,2127
7,0,7,6,222,2127
7,6,7,6,222,2127
6,0,7,6,222,2127
6,7,7,6,222,2127
3,4,7,6,183,1650
5,4,7,6,183,1650
4,3,7,6,183,1650
4,5,7,6,183,1650
7,4,7,6,183,1650
6,3,7,6,183,1650
6,5,7,6,183,1650
5,2,7,6,183,1650
5,6,7,6,183,1650
9,4,7,6,183,1650
8,3,7,6,183,1650
8,5,7,6,183,1650
7,2,7,6,183,1650
7,6,7,6,183,1650
6,1,7,6,183,1650
6,7,7,6,183,1650
0,1,6,5,223,3381
1,1,6,5,223,3381
0,0,6,5,223,3381
0,2,6,5,223,3381
2,1,6,5,223,3381
1,0,6,5,223,3381
1,2,6,5,223,3381
0,3,6,5,223,3381
4,1,6,5,223,3381
3,0,6,5,223,3381
3,2,6,5,223,3381
2,0,6,5,223,3381
2,3,6,5,223,3381
1,4,6,5,223,3381
6,1,6,5,223,3381
5,0,6,5,223,3381
5,2,6,5,223,3381
4,0,6,5,223,3381
4,3,6,5,223,3381
3,1,6,5,223,3381
3,4,6,5,223,3381
2,2,6,5,223,3381
2,5,6,5,223,3381
8,1,6,5,223,3381
7,0,6,5,223,3381
7,2,6,5,223,3381
6,0,6,5,223,3381
6,3,6,5,223,3381
5,1,6,5,223,3381
5,4,6,5,223,3381
4,2,6,5,223,3381
4,5,6,5,223,3381
3,3,6,5,223,3381
3,6,6,5,223,3381
9,1,6,5,223,3381
9,0,6,5,223,3381
9,2,6,5,223,3381
8,0,6,5,223,3381
8,3,6,5,223,3381
7,1,6,5,223,3381
7,4,6,5,223,3381
6,2,6,5,223,3381
6,5,6,5,223,3381
5,3,6,5,223,3381
5,6,6,5,223,3381
4,4,6,5,223,3381
4,7,6,5,223,3381
8,2,6,5,223,3381
9,3,6,5,223,3381
9,4,6,5,223,3381
8,5,6,5,223,3381
7,3,6,5,223,3381
7,6,6,5,223,3381
6,4,6,5,223,3381
6,7,6,5,223,3381
5,5,6,5,223,3381
5,8,6,5,223,3381
1,4,7,6,224,2128
3,4,7,6,224,2128
2,3,7,6,224,2128
2,5,7,6,224,2128
5,4,7,6,224,2128
4,3,7,6,224,2128
4,5,7,6,224,2128
3,2,7,6,224,2128
3,6,7,6,224,2128
7,4,7,6,224,2128
6,3,7,6,224,2128
6,5,7,6,224,2128
5,2,7,6,224,2128
5,6,7,6,224,2128
4,1,7,6,224,2128
4,7,7,6,224,2128
9,4,7,6,224,2128
8,3,7,6,224,2128
8,5,7,6,224,2128
7,2,7,6,224,2128
7,6,7,6,224,2128
6,1,7,6,224,2128
6,7,7,6,224,2128
5,0,7,6,224,2128
5,8,7,6,224,2128
0,1,7,6,225,3745
1,1,7,6,225,3745
0,0,7,6,225,3745
0,2,7,6,225,3745
2,1,7,6,225,3745
1,0,7,6,225,3745
1,2,7,6,225,3745
0,3,7,6,225,3745
3,1,7,6,225,3745
2,0,7,6,225,3745
2,2,7,6,225,3745
1,3,7,6,225,3745
0,4,7,6,225,3745
4,1,7,6,225,3745
3,0,7,6,225,3745
3,2,7,6,225,3745
2,3,7,6,225,3745
1,4,7,6,225,3745
0,5,7,6,225,3745
6,1,7,6,225,3745
5,0,7,6,225,3745
5,2,7,6,225,3745
4,0,7,6,225,3745
4,3,7,6,225,3745
3,4,7,6,225,3745
2,5,7,6,225,3745
1,6,7,6,225,3745
8,1,7,6,225,3745
7,0,7,6,225,3745
7,2,7,6,225,3745
6,0,7,6,225,3745
6,3,7,6,225,3745
5,1,7,6,225,3745
5,4,7,6,225,3745
4,2,7,6,225,3745
4,5,7,6,225,3745
3,3,7,6,225,3745
3,6,7,6,225,3745
2,4,7,6,225,3745
2,7,7,6,225,3745
9,1,7,6,225,3745
9,0,7,6,225,3745
9,2,7,6,225,3745
8,0,7,6,225,3745
8,3,7,6,225,3745
7,1,7,6,225,3745
7,4,7,6,225,3745
6,2,7,6,225,3745
6,5,7,6,225,3745
5,3,7,6,225,3745
5,6,7,6,225,3745
4,4,7,6,225,3745
4,7,7,6,225,3745
3,5,7,6,225,3745
3,8,7,6,225,3745
8,2,7,6,225,3745
9,3,7,6,225,3745
9,4,7,6,225,3745
8,5,7,6,225,3745
7,3,7,6,225,3745
7,6,7,6,225,3745
6,4,7,6,225,3745
6,7,7,6,225,3745
5,5,7,6,225,3745
5,8,7,6,225,3745
4,6,7,6,225,3745
4,9,7,6,225,3745
0,2,7,6,226,3381
1,2,7,6,226,3381
0,1,7,6,226,3381
0,3,7,6,226,3381
2,2,7,6,226,3381
1,1,7,6,226,3381
1,3,7,6,226,3381
0,0,7,6,226,3381
0,4,7,6,226,3381
3,2,7,6,226,3381
2,1,7,6,226,3381
2,3,7,6,226,3381
1,0,7,6,226,3381
1,4,7,6,226,3381
0,5,7,6,226,3381
5,2,7,6,226,3381
4,1,7,6,226,3381
4,3,7,6,226,3381
3,0,7,6,226,3381
3,4,7,6,226,3381
2,0,7,6,226,3381
2,5,7,6,226,3381
1,6,7,6,226,3381
7,2,7,6,226,3381
6,1,7,6,226,3381
6,3,7,6,226,3381
5,0,7,6,226,3381
5,4,7,6,226,3381
4,0,7,6,226,3381
4,5,7,6,226,3381
3,1,7,6,226,3381
3,6,7,6,226,3381
2,7,7,6,226,3381
9,2,7,6,226,3381
8,1,7,6,226,3381
8,3,7,6,226,3381
7,0,7,6,226,3381
7,4,7,6,226,3381
6,0,7,6,226,3381
6,5,7,6,226,3381
5,1,7,6,226,3381
5,6,7,6,226,3381
4,2,7,6,226,3381
4,7,7,6,226,3381
3,3,7,6,226,3381
3,8,7,6,226,3381
8,2,7,6,226,3381
9,1,7,6,226,3381
9,3,7,6,226,3381
9,0,7,6,226,3381
9,4,7,6,226,3381
8,0,7,6,226,3381
8,5,7,6,226,3381
7,1,7,6,226,3381
7,6,7,6,226,3381
6,2,7,6,226,3381
6,7,7,6,226,3381
5,3,7,6,226,3381
5,8,7,6,226,3381
4,4,7,6,226,3381
4,9,7,6,226,3381
0,3,7,6,227,2992
1,3,7,6,227,2992
0,2,7,6,227,2992
0,4,7,6,227,2992
2,3,7,6,227,2992
1,2,7,6,227,2992
1,4,7,6,227,2992
0,1,7,6,227,2992
0,5,7,6,227,2992
4,3,7,6,227,2992
3,2,7,6,227,2992
3,4,7,6,227,2992
2,1,7,6,227,2992
2,5,7,6,227,2992
1,0,7,6,227,2992
1,6,7,6,227,2992
6,3,7,6,227,2992
5,2,7,6,227,2992
5,4,7,6,227,2992
4,1,7,6,227,2992
4,5,7,6,227,2992
3,0,7,6,227,2992
3,6,7,6,227,2992
2,0,7,6,227,2992
2,7,7,6,227,2992
8,3,7,6,227,2992
7,2,7,6,227,2992
7,4,7,6,227,2992
6,1,7,6,227,2992
6,5,7,6,227,2992
5,0,7,6,227,2992
5,6,7,6,227,2992
4,0,7,6,227,2992
4,7,7,6,227,2992
3,1,7,6,227,2992
3,8,7,6,227,2992
9,3,7,6,227,2992
9,2,7,6,227,2992
9,4,7,6,227,2992
8,1,7,6,227,2992
8,5,7,6,227,2992
7,0,7,6,227,2992
7,6,7,6,227,2992
6,0,7,6,227,2992
6,7,7,6,227,2992
5,1,7,6,227,2992
5,8,7,6,227,2992
4,2,7,6,227,2992
4,9,7,6,227,2992
0,4,7,6,228,2574
1,4,7,6,228,2574
0,3,7,6,228,2574
0,5,7,6,228,2574
3,4,7,6,228,2574
2,3,7,6,228,2574
2,5,7,6,228,2574
1,2,7,6,228,2574
1,6,7,6,228,2574
5,4,7,6,228,2574
4,3,7,6,228,2574
4,5,7,6,228,2574
3,2,7,6,228,2574
3,6,7,6,228,2574
2,1,7,6,228,2574
2,7,7,6,228,2574
7,4,7,6,228,2574
6,3,7,6,228,2574
6,5,7,6,228,2574
5,2,7,6,228,2574
5,6,7,6,228,2574
4,1,7,6,228,2574
4,7,7,6,228,2574
3,0,7,6,228,2574
3,8,7,6,228,2574
9,4,7,6,228,2574
8,3,7,6,228,2574
8,5,7,6,228,2574
7,2,7,6,228,2574
7,6,7,6,228,2574
6,1,7,6,228,2574
6,7,7,6,228,2574
5,0,7,6,228,2574
5,8,7,6,228,2574
4,0,7,6,228,2574
4,9,7,6,228,2574
0,5,6,5,229,2128
2,5,6,5,229,2128
1,4,6,5,229,2128
1,6,6,5,229,2128
4,5,6,5,229,2128
3,4,6,5,229,2128
3,6,6,5,229,2128
2,3,6,5,229,2128
2,7,6,5,229,2128
6,5,6,5,229,2128
5,4,6,5,229,2128
5,6,6,5,229,2128
4,3,6,5,229,2128
4,7,6,5,229,2128
3,2,6,5,229,2128
3,8,6,5,229,2128
8,5,6,5,229,2128
7,4,6,5,229,2128
7,6,6,5,229,2128
6,3,6,5,229,2128
6,7,6,5,229,2128
5,2,6,5,229,2128
5,8,6,5,229,2128
4,1,6,5,229,2128
4,9,6,5,229,2128
1,6,3,4,230,1650
3,6,3,4,230,1650
2,5,3,4,230,1650
2,7,3,4,230,1650
5,6,3,4,230,1650
4,5,3,4,230,1650
4,7,3,4,230,1650
3,4,3,4,230,1650
3,8,3,4,230,1650
7,6,3,4,230,1650
6,5,3,4,230,1650
6,7,3,4,230,1650
5,4,3,4,230,1650
5,8,3,4,230,1650
4,3,3,4,230,1650
4,9,3,4,230,1650
0,1,7,6,231,4086
1,1,7,6,231,4086
0,0,7,6,231,4086
0,2,7,6,231,4086
2,1,7,6,231,4086
1,0,7,6,231,4086
1,2,7,6,231,4086
0,3,7,6,231,4086
3,1,7,6,231,4086
2,0,7,6,231,4086
2,2,7,6,231,4086
1,3,7,6,231,4086
0,4,7,6,231,4086
4,1,7,6,231,4086
3,0,7,6,231,4086
3,2,7,6,231,4086
2,3,7,6,231,4086
1,4,7,6,231,4086
0,5,7,6,231,4086
5,1,7,6,231,4086
4,0,7,6,231,4086
4,2,7,6,231,4086
3,3,7,6,231,4086
2,4,7,6,231,4086
1,5,7,6,231,4086
0,6,7,6,231,4086
6,1,7,6,231,4086
5,0,7,6,231,4086
5,2,7,6,231,4086
4,3,7,6,231,4086
3,4,7,6,231,4086
2,5,7,6,231,4086
1,6,7,6,231,4086
0,7,7,6,231,4086
8,1,7,6,231,4086
7,0,7,6,231,4086
7,2,7,6,231,4086
6,0,7,6,231,4086
6,3,7,6,231,4086
5,4,7,6,231,4086
4,5,7,6,231,4086
3,6,7,6,231,4086
2,7,7,6,231,4086
1,8,7,6,231,4086
9,1,7,6,231,4086
9,0,7,6,231,4086
9,2,7,6,231,4086
8,0,7,6,231,4086
8,3,7,6,231,4086
7,1,7,6,231,4086
7,4,7,6,231,4086
6,2,7,6,231,4086
6,5,7,6,231,4086
5,3,7,6,231,4086
5,6,7,6,231,4086
4,4,7,6,231,4086
4,7,7,6,231,4086
3,5,7,6,231,4086
3,8,7,6,231,4086
2,6,7,6,231,4086
2,9,7,6,231,4086
8,2,7,6,231,4086
9,3,7,6,231,4086
9,4,7,6,231,4086
8,5,7,6,231,4086
7,3,7,6,231,4086
7,6,7,6,231,4086
6,4,7,6,231,4086
6,7,7,6,231,4086
5,5,7,6,231,4086
5,8,7,6,231,4086
4,6,7,6,231,4086
4,9,7,6,231,4086
3,7,7,6,231,4086
3,9,7,6,231,4086
0,2,6,5,232,3745
1,2,6,5,232,3745
0,1,6,5,232,3745
0,3,6,5,232,3745
2,2,6,5,232,3745
1,1,6,5,232,3745
1,3,6,5,232,3745
0,0,6,5,232,3745
0,4,6,5,232,3745
3,2,6,5,232,3745
2,1,6,5,232,3745
2,3,6,5,232,3745
1,0,6,5,232,3745
1,4,6,5,232,3745
0,5,6,5,232,3745
4,2,6,5,232,3745
3,1,6,5,232,3745
3,3,6,5,232,3745
2,0,6,5,232,3745
2,4,6,5,232,3745
1,5,6,5,232,3745
0,6,6,5,232,3745
5,2,6,5,232,3745
4,1,6,5,232,3745
4,3,6,5,232,3745
3,0,6,5,232,3745
3,4,6,5,232,3745
2,5,6,5,232,3745
1,6,6,5,232,3745
0,7,6,5,232,3745
7,2,6,5,232,3745
6,1,6,5,232,3745
6,3,6,5,232,3745
5,0,6,5,232,3745
5,4,6,5,232,3745
4,0,6,5,232,3745
4,5,6,5,232,3745
3,6,6,5,232,3745
2,7,6,5,232,3745
1,8,6,5,232,3745
9,2,6,5,232,3745
8,1,6,5,232,3745
8,3,6,5,232,3745
7,0,6,5,232,3745
7,4,6,5,232,3745
6,0,6,5,232,3745
6,5,6,5,232,3745
5,1,6,5,232,3745
5,6,6,5,232,3745
4,7,6,5,232,3745
3,8,6,5,232,3745
2,9,6,5,232,3745
8,2,6,5,232,3745
9,1,6,5,232,3745
9,3,6,5,232,3745
9,0,6,5,232,3745
9,4,6,5,232,3745
8,0,6,5,232,3745
8,5,6,5,232,3745
7,1,6,5,232,3745
7,6,6,5,232,3745
6,2,6,5,232,3745
6,7,6,5,232,3745
5,3,6,5,232,3745
5,8,6,5,232,3745
4,4,6,5,232,3745
4,9,6,5,232,3745
3,5,6,5,232,3745
3,9,6,5,232,3745
0,4,7,6,233,2991
1,4,7,6,233,2991
0,3,7,6,233,2991
0,5,7,6,233,2991
2,4,7,6,233,2991
1,3,7,6,233,2991
1,5,7,6,233,2991
0,2,7,6,233,2991
0,6,7,6,233,2991
3,4,7,6,233,2991
2,3,7,6,233,2991
2,5,7,6,233,2991
1,2,7,6,233,2991
1,6,7,6,233,2991
0,1,7,6,233,2991
0,7,7,6,233,2991
5,4,7,6,233,2991
4,3,7,6,233,2991
4,5,7,6,233,2991
3,2,7,6,233,2991
3,6,7,6,233,2991
2,1,7,6,233,2991
2,7,7,6,233,2991
1,0,7,6,233,2991
1,8,7,6,233,2991
7,4,7,6,233,2991
6,3,7,6,233,2991
6,5,7,6,233,2991
5,2,7,6,233,2991
5,6,7,6,233,2991
4,1,7,6,233,2991
4,7,7,6,233,2991
3,0,7,6,233,2991
3,8,7,6,233,2991
2,0,7,6,233,2991
2,9,7,6,233,2991
9,4,7,6,233,2991
8,3,7,6,233,2991
8,5,7,6,233,2991
7,2,7,6,233,2991
7,6,7,6,233,2991
6,1,7,6,233,2991
6,7,7,6,233,2991
5,0,7,6,233,2991
5,8,7,6,233,2991
4,0,7,6,233,2991
4,9,7,6,233,2991
3,1,7,6,233,2991
3,9,7,6,233,2991
0,5,6,5,234,2574
1,5,6,5,234,2574
0,4,6,5,234,2574
0,6,6,5,234,2574
2,5,6,5,234,2574
1,4,6,5,234,2574
1,6,6,5,234,2574
0,3,6,5,234,2574
0,7,6,5,234,2574
4,5,6,5,234,2574
3,4,6,5,234,2574
3,6,6,5,234,2574
2,3,6,5,234,2574
2,7,6,5,234,2574
1,2,6,5,234,2574
1,8,6,5,234,2574
6,5,6,5,234,2574
5,4,6,5,234,2574
5,6,6,5,234,2574
4,3,6,5,234,2574
4,7,6,5,234,2574
3,2,6,5,234,2574
3,8,6,5,234,2574
2,1,6,5,234,2574
2,9,6,5,234,2574
8,5,6,5,234,2574
7,4,6,5,234,2574
7,6,6,5,234,2574
6,3,6,5,234,2574
6,7,6,5,234,2574
5,2,6,5,234,2574
5,8,6,5,234,2574
4,1,6,5,234,2574
4,9,6,5,234,2574
3,0,6,5,234,2574
3,9,6,5,234,2574
0,6,5,4,235,2128
1,6,5,4,235,2128
0,5,5,4,235,2128
0,7,5,4,235,2128
3,6,5,4,235,2128
2,5,5,4,235,2128
2,7,5,4,235,2128
1,4,5,4,235,2128
1,8,5,4,235,2128
5,6,5,4,235,2128
4,5,5,4,235,2128
4,7,5,4,235,2128
3,4,5,4,235,2128
3,8,5,4,235,2128
2,3,5,4,235,2128
2,9,5,4,235,2128
7,6,5,4,235,2128
6,5,5,4,235,2128
6,7,5,4,235,2128
5,4,5,4,235,2128
5,8,5,4,235,2128
4,3,5,4,235,2128
4,9,5,4,235,2128
3,2,5,4,235,2128
3,9,5,4,235,2128
0,7,3,4,236,1646
2,7,3,4,236,1646
1,6,3,4,236,1646
1,8,3,4,236,1646
4,7,3,4,236,1646
3,6,3,4,236,1646
3,8,3,4,236,1646
2,5,3,4,236,1646
2,9,3,4,236,1646
6,7,3,4,236,1646
5,6,3,4,236,1646
5,8,3,4,236,1646
4,5,3,4,236,1646
4,9,3,4,236,1646
3,4,3,4,236,1646
3,9,3,4,236,1646
0,2,7,6,237,4086
1,2,7,6,237,4086
0,1,7,6,237,4086
0,3,7,6,237,4086
2,2,7,6,237,4086
1,1,7,6,237,4086
1,3,7,6,237,4086
0,0,7,6,237,4086
0,4,7,6,237,4086
3,2,7,6,237,4086
2,1,7,6,237,4086
2,3,7,6,237,4086
1,0,7,6,237,4086
1,4,7,6,237,4086
0,5,7,6,237,4086
4,2,7,6,237,4086
3,1,7,6,237,4086
3,3,7,6,237,4086
2,0,7,6,237,4086
2,4,7,6,237,4086
1,5,7,6,237,4086
0,6,7,6,237,4086
5,2,7,6,237,4086
4,1,7,6,237,4086
4,3,7,6,237,4086
3,0,7,6,237,4086
3,4,7,6,237,4086
2,5,7,6,237,4086
1,6,7,6,237,4086
0,7,7,6,237,4086
6,2,7,6,237,4086
5,1,7,6,237,4086
5,3,7,6,237,4086
4,0,7,6,237,4086
4,4,7,6,237,4086
3,5,7,6,237,4086
2,6,7,6,237,4086
1,7,7,6,237,4086
0,8,7,6,237,4086
7,2,7,6,237,4086
6,1,7,6,237,4086
6,3,7,6,237,4086
5,0,7,6,237,4086
5,4,7,6,237,4086
4,5,7,6,237,4086
3,6,7,6,237,4086
2,7,7,6,237,4086
1,8,7,6,237,4086
0,9,7,6,237,4086
9,2,7,6,237,4086
8,1,7,6,237,4086
8,3,7,6,237,4086
7,0,7,6,237,4086
7,4,7,6,237,4086
6,0,7,6,237,4086
6,5,7,6,237,4086
5,6,7,6,237,4086
4,7,7,6,237,4086
3,8,7,6,237,4086
2,9,7,6,237,4086
1,9,7,6,237,4086
8,2,7,6,237,4086
9,1,7,6,237,4086
9,3,7,6,237,4086
9,0,7,6,237,4086
9,4,7,6,237,4086
8,0,7,6,237,4086
8,5,7,6,237,4086
7,1,7,6,237,4086
7,6,7,6,237,4086
6,7,7,6,237,4086
5,8,7,6,237,4086
4,9,7,6,237,4086
3,9,7,6,237,4086
2,8,7,6,237,4086
0,3,7,6,238,3745
1,3,7,6,238,3745
0,2,7,6,238,3745
0,4,7,6,238,3745
2,3,7,6,238,3745
1,2,7,6,238,3745
1,4,7,6,238,3745
0,1,7,6,238,3745
0,5,7,6,238,3745
3,3,7,6,238,3745
2,2,7,6,238,3745
2,4,7,6,238,3745
1,1,7,6,238,3745
1,5,7,6,238,3745
0,0,7,6,238,3745
0,6,7,6,238,3745
4,3,7,6,238,3745
3,2,7,6,238,3745
3,4,7,6,238,3745
2,1,7,6,238,3745
2,5,7,6,238,3745
1,0,7,6,238,3745
1,6,7,6,238,3745
0,7,7,6,238,3745
5,3,7,6,238,3745
4,2,7,6,238,3745
4,4,7,6,238,3745
3,1,7,6,238,3745
3,5,7,6,238,3745
2,0,7,6,238,3745
2,6,7,6,238,3745
1,7,7,6,238,3745
0,8,7,6,238,3745
6,3,7,6,238,3745
5,2,7,6,238,3745
5,4,7,6,238,3745
4,1,7,6,238,3745
4,5,7,6,238,3745
3,0,7,6,238,3745
3,6,7,6,238,3745
2,7,7,6,238,3745
1,8,7,6,238,3745
0,9,7,6,238,3745
8,3,7,6,238,3745
7,2,7,6,238,3745
7,4,7,6,238,3745
6,1,7,6,238,3745
6,5,7,6,238,3745
5,0,7,6,238,3745
5,6,7,6,238,3745
4,0,7,6,238,3745
4,7,7,6,238,3745
3,8,7,6,238,3745
2,9,7,6,238,3745
1,9,7,6,238,3745
9,3,7,6,238,3745
9,2,7,6,238,3745
9,4,7,6,238,3745
8,1,7,6,238,3745
8,5,7,6,238,3745
7,0,7,6,238,3745
7,6,7,6,238,3745
6,0,7,6,238,3745
6,7,7,6,238,3745
5,1,7,6,238,3745
5,8,7,6,238,3745
4,9,7,6,238,3745
3,9,7,6,238,3745
2,8,7,6,238,3745
0,4,7,6,239,3379
1,4,7,6,239,3379
0,3,7,6,239,3379
0,5,7,6,239,3379
2,4,7,6,239,3379
1,3,7,6,239,3379
1,5,7,6,239,3379
0,2,7,6,239,3379
0,6,7,6,239,3379
3,4,7,6,239,3379
2,3,7,6,239,3379
2,5,7,6,239,3379
1,2,7,6,239,3379
1,6,7,6,239,3379
0,1,7,6,239,3379
0,7,7,6,239,3379
4,4,7,6,239,3379
3,3,7,6,239,3379
3,5,7,6,239,3379
2,2,7,6,239,3379
2,6,7,6,239,3379
1,1,7,6,239,3379
1,7,7,6,239,3379
0,0,7,6,239,3379
0,8,7,6,239,3379
5,4,7,6,239,3379
4,3,7,6,239,3379
4,5,7,6,239,3379
3,2,7,6,239,3379
3,6,7,6,239,3379
2,1,7,6,239,3379
2,7,7,6,239,3379
1,0,7,6,239,3379
1,8,7,6,239,3379
0,9,7,6,239,3379
7,4,7,6,239,3379
6,3,7,6,239,3379
6,5,7,6,239,3379
5,2,7,6,239,3379
5,6,7,6,239,3379
4,1,7,6,239,3379
4,7,7,6,239,3379
3,0,7,6,239,3379
3,8,7,6,239,3379
2,0,7,6,239,3379
2,9,7,6,239,3379
1,9,7,6,239,3379
9,4,7,6,239,3379
8,3,7,6,239,3379
8,5,7,6,239,3379
7,2,7,6,239,3379
7,6,7,6,239,3379
6,1,7,6,239,3379
6,7,7,6,239,3379
5,0,7,6,239,3379
5,8,7,6,239,3379
4,0,7,6,239,3379
4,9,7,6,239,3379
3,1,7,6,239,3379
3,9,7,6,239,3379
2,8,7,6,239,3379
0,5,6,5,240,2991
1,5,6,5,240,2991
0,4,6,5,240,2991
0,6,6,5,240,2991
2,5,6,5,240,2991
1,4,6,5,240,2991
1,6,6,5,240,2991
0,3,6,5,240,2991
0,7,6,5,240,2991
3,5,6,5,240,2991
2,4,6,5,240,2991
2,6,6,5,240,2991
1,3,6,5,240,2991
1,7,6,5,240,2991
0,2,6,5,240,2991
0,8,6,5,240,2991
4,5,6,5,240,2991
3,4,6,5,240,2991
3,6,6,5,240,2991
2,3,6,5,240,2991
2,7,6,5,240,2991
1,2,6,5,240,2991
1,8,6,5,240,2991
0,1,6,5,240,2991
0,9,6,5,240,2991
6,5,6,5,240,2991
5,4,6,5,240,2991
5,6,6,5,240,2991
4,3,6,5,240,2991
4,7,6,5,240,2991
3,2,6,5,240,2991
3,8,6,5,240,2991
2,1,6,5,240,2991
2,9,6,5,240,2991
1,0,6,5,240,2991
1,9,6,5,240,2991
8,5,6,5,240,2991
7,4,6,5,240,2991
7,6,6,5,240,2991
6,3,6,5,240,2991
6,7,6,5,240,2991
5,2,6,5,240,2991
5,8,6,5,240,2991
4,1,6,5,240,2991
4,9,6,5,240,2991
3,0,6,5,240,2991
3,9,6,5,240,2991
2,0,6,5,240,2991
2,8,6,5,240,2991
0,6,5,4,241,2574
1,6,5,4,241,2574
0,5,5,4,241,2574
0,7,5,4,241,2574
2,6,5,4,241,2574
1,5,5,4,241,2574
1,7,5,4,241,2574
0,4,5,4,241,2574
0,8,5,4,241,2574
3,6,5,4,241,2574
2,5,5,4,241,2574
2,7,5,4,241,2574
1,4,5,4,241,2574
1,8,5,4,241,2574
0,3,5,4,241,2574
0,9,5,4,241,2574
5,6,5,4,241,2574
4,5,5,4,241,2574
4,7,5,4,241,2574
3,4,5,4,241,2574
3,8,5,4,241,2574
2,3,5,4,241,2574
2,9,5,4,241,2574
1,2,5,4,241,2574
1,9,5,4,241,2574
7,6,5,4,241,2574
6,5,5,4,241,2574
6,7,5,4,241,2574
5,4,5,4,241,2574
5,8,5,4,241,2574
4,3,5,4,241,2574
4,9,5,4,241,2574
3,2,5,4,241,2574
3,9,5,4,241,2574
2,1,5,4,241,2574
2,8,5,4,241,2574
0,1,7,6,242,4702
1,1,7,6,242,4702
0,0,7,6,242,4702
0,2,7,6,242,4702
2,1,7,6,242,4702
1,0,7,6,242,4702
1,2,7,6,242,4702
0,3,7,6,242,4702
3,1,7,6,242,4702
2,0,7,6,242,4702
2,2,7,6,242,4702
1,3,7,6,242,4702
0,4,7,6,242,4702
4,1,7,6,242,4702
3,0,7,6,242,4702
3,2,7,6,242,4702
2,3,7,6,242,4702
1,4,7,6,242,4702
0,5,7,6,242,4702
5,1,7,6,242,4702
4,0,7,6,242,4702
4,2,7,6,242,4702
3,3,7,6,242,4702
2,4,7,6,242,4702
1,5,7,6,242,4702
0,6,7,6,242,4702
6,1,7,6,242,4702
5,0,7,6,242,4702
5,2,7,6,242,4702
4,3,7,6,242,4702
3,4,7,6,242,4702
2,5,7,6,242,4702
1,6,7,6,242,4702
0,7,7,6,242,4702
7,1,7,6,242,4702
6,0,7,6,242,4702
6,2,7,6,242,4702
5,3,7,6,242,4702
4,4,7,6,242,4702
3,5,7,6,242,4702
2,6,7,6,242,4702
1,7,7,6,242,4702
0,8,7,6,242,4702
8,1,7,6,242,4702
7,0,7,6,242,4702
7,2,7,6,242,4702
6,3,7,6,242,4702
5,4,7,6,242,4702
4,5,7,6,242,4702
3,6,7,6,242,4702
2,7,7,6,242,4702
1,8,7,6,242,4702
0,9,7,6,242,4702
9,1,7,6,242,4702
8,0,7,6,242,4702
8,2,7,6,242,4702
7,3,7,6,242,4702
6,4,7,6,242,4702
5,5,7,6,242,4702
4,6,7,6,242,4702
3,7,7,6,242,4702
2,8,7,6,242,4702
1,9,7,6,242,4702
9,0,7,6,242,4702
9,2,7,6,242,4702
8,3,7,6,242,4702
7,4,7,6,242,4702
6,5,7,6,242,4702
5,6,7,6,242,4702
4,7,7,6,242,4702
3,8,7,6,242,4702
2,9,7,6,242,4702
9,3,7,6,242,4702
9,4,7,6,242,4702
8,5,7,6,242,4702
7,6,7,6,242,4702
6,7,7,6,242,4702
5,8,7,6,242,4702
4,9,7,6,242,4702
3,9,7,6,242,4702
0,2,7,6,243,4403
1,2,7,6,243,4403
0,1,7,6,243,4403
0,3,7,6,243,4403
2,2,7,6,243,4403
1,1,7,6,243,4403
1,3,7,6,243,4403
0,0,7,6,243,4403
0,4,7,6,243,4403
3,2,7,6,243,4403
2,1,7,6,243,4403
2,3,7,6,243,4403
1,0,7,6,243,4403
1,4,7,6,243,4403
0,5,7,6,243,4403
4,2,7,6,243,4403
3,1,7,6,243,4403
3,3,7,6,243,4403
2,0,7,6,243,4403
2,4,7,6,243,4403
1,5,7,6,243,4403
0,6,7,6,243,4403
5,2,7,6,243,4403
4,1,7,6,243,4403
4,3,7,6,243,4403
3,0,7,6,243,4403
3,4,7,6,243,4403
2,5,7,6,243,4403
1,6,7,6,243,4403
0,7,7,6,243,4403
6,2,7,6,243,4403
5,1,7,6,243,4403
5,3,7,6,243,4403
4,0,7,6,243,4403
4,4,7,6,243,4403
3,5,7,6,243,4403
2,6,7,6,243,4403
1,7,7,6,243,4403
0,8,7,6,243,4403
7,2,7,6,243,4403
6,1,7,6,243,4403
6,3,7,6,243,4403
5,0,7,6,243,4403
5,4,7,6,243,4403
4,5,7,6,243,4403
3,6,7,6,243,4403
2,7,7,6,243,4403
1,8,7,6,243,4403
0,9,7,6,243,4403
8,2,7,6,243,4403
7,1,7,6,243,4403
7,3,7,6,243,4403
6,0,7,6,243,4403
6,4,7,6,243,4403
5,5,7,6,243,4403
4,6,7,6,243,4403
3,7,7,6,243,4403
2,8,7,6,243,4403
1,9,7,6,243,4403
9,2,7,6,243,4403
8,1,7,6,243,4403
8,3,7,6,243,4403
7,0,7,6,243,4403
7,4,7,6,243,4403
6,5,7,6,243,4403
5,6,7,6,243,4403
4,7,7,6,243,4403
3,8,7,6,243,4403
2,9,7,6,243,4403
9,1,7,6,243,4403
9,3,7,6,243,4403
9,0,7,6,243,4403
9,4,7,6,243,4403
8,0,7,6,243,4403
8,5,7,6,243,4403
7,6,7,6,243,4403
6,7,7,6,243,4403
5,8,7,6,243,4403
4,9,7,6,243,4403
3,9,7,6,243,4403
0,3,7,6,244,4084
1,3,7,6,244,4084
0,2,7,6,244,4084
0,4,7,6,244,4084
2,3,7,6,244,4084
1,2,7,6,244,4084
1,4,7,6,244,4084
0,1,7,6,244,4084
0,5,7,6,244,4084
3,3,7,6,244,4084
2,2,7,6,244,4084
2,4,7,6,244,4084
1,1,7,6,244,4084
1,5,7,6,244,4084
0,0,7,6,244,4084
0,6,7,6,244,4084
4,3,7,6,244,4084
3,2,7,6,244,4084
3,4,7,6,244,4084
2,1,7,6,244,4084
2,5,7,6,244,4084
1,0,7,6,244,4084
1,6,7,6,244,4084
0,7,7,6,244,4084
5,3,7,6,244,4084
4,2,7,6,244,4084
4,4,7,6,244,4084
3,1,7,6,244,4084
3,5,7,6,244,4084
2,0,7,6,244,4084
2,6,7,6,244,4084
1,7,7,6,244,4084
0,8,7,6,244,4084
6,3,7,6,244,4084
5,2,7,6,244,4084
5,4,7,6,244,4084
4,1,7,6,244,4084
4,5,7,6,244,4084
3,0,7,6,244,4084
3,6,7,6,244,4084
2,7,7,6,244,4084
1,8,7,6,244,4084
0,9,7,6,244,4084
7,3,7,6,244,4084
6,2,7,6,244,4084
6,4,7,6,244,4084
5,1,7,6,244,4084
5,5,7,6,244,4084
4,0,7,6,244,4084
4,6,7,6,244,4084
3,7,7,6,244,4084
2,8,7,6,244,4084
1,9,7,6,244,4084
8,3,7,6,244,4084
7,2,7,6,244,4084
7,4,7,6,244,4084
6,1,7,6,244,4084
6,5,7,6,244,4084
5,0,7,6,244,4084
5,6,7,6,244,4084
4,7,7,6,244,4084
3,8,7,6,244,4084
2,9,7,6,244,4084
9,3,7,6,244,4084
9,2,7,6,244,4084
9,4,7,6,244,4084
8,1,7,6,244,4084
8,5,7,6,244,4084
7,0,7,6,244,4084
7,6,7,6,244,4084
6,0,7,6,244,4084
6,7,7,6,244,4084
5,8,7,6,244,4084
4,9,7,6,244,4084
3,9,7,6,244,4084
0,4,7,6,245,3741
1,4,7,6,245,3741
0,3,7,6,245,3741
0,5,7,6,245,3741
2,4,7,6,245,3741
1,3,7,6,245,3741
1,5,7,6,245,3741
0,2,7,6,245,3741
0,6,7,6,245,3741
3,4,7,6,245,3741
2,3,7,6,245,3741
2,5,7,6,245,3741
1,2,7,6,245,3741
1,6,7,6,245,3741
0,1,7,6,245,3741
0,7,7,6,245,3741
4,4,7,6,245,3741
3,3,7,6,245,3741
3,5,7,6,245,3741
2,2,7,6,245,3741
2,6,7,6,245,3741
1,1,7,6,245,3741
1,7,7,6,245,3741
0,0,7,6,245,3741
0,8,7,6,245,3741
5,4,7,6,245,3741
4,3,7,6,245,3741
4,5,7,6,245,3741
3,2,7,6,245,3741
3,6,7,6,245,3741
2,1,7,6,245,3741
2,7,7,6,245,3741
1,0,7,6,245,3741
1,8,7,6,245,3741
0,9,7,6,245,3741
6,4,7,6,245,3741
5,3,7,6,245,3741
5,5,7,6,245,3741
4,2,7,6,245,3741
4,6,7,6,245,3741
3,1,7,6,245,3741
3,7,7,6,245,3741
2,0,7,6,245,3741
2,8,7,6,245,3741
1,9,7,6,245,3741
7,4,7,6,245,3741
6,3,7,6,245,3741
6,5,7,6,245,3741
5,2,7,6,245,3741
5,6,7,6,245,3741
4,1,7,6,245,3741
4,7,7,6,245,3741
3,0,7,6,245,3741
3,8,7,6,245,3741
2,9,7,6,245,3741
9,4,7,6,245,3741
8,3,7,6,245,3741
8,5,7,6,245,3741
7,2,7,6,245,3741
7,6,7,6,245,3741
6,1,7,6,245,3741
6,7,7,6,245,3741
5,0,7,6,245,3741
5,8,7,6,245,3741
4,0,7,6,245,3741
4,9,7,6,245,3741
3,9,7,6,245,3741
0,5,6,5,246,3379
1,5,6,5,246,3379
0,4,6,5,246,3379
0,6,6,5,246,3379
2,5,6,5,246,3379
1,4,6,5,246,3379
1,6,6,5,246,3379
0,3,6,5,246,3379
0,7,6,5,246,3379
3,5,6,5,246,3379
2,4,6,5,246,3379
2,6,6,5,246,3379
1,3,6,5,246,3379
1,7,6,5,246,3379
0,2,6,5,246,3379
0,8,6,5,246,3379
4,5,6,5,246,3379
3,4,6,5,246,3379
3,6,6,5,246,3379
2,3,6,5,246,3379
2,7,6,5,246,3379
1,2,6,5,246,3379
1,8,6,5,246,3379
0,1,6,5,246,3379
0,9,6,5,246,3379
5,5,6,5,246,3379
4,4,6,5,246,3379
4,6,6,5,246,3379
3,3,6,5,246,3379
3,7,6,5,246,3379
2,2,6,5,246,3379
2,8,6,5,246,3379
1,1,6,5,246,3379
1,9,6,5,246,3379
0,0,6,5,246,3379
6,5,6,5,246,3379
5,4,6,5,246,3379
5,6,6,5,246,3379
4,3,6,5,246,3379
4,7,6,5,246,3379
3,2,6,5,246,3379
3,8,6,5,246,3379
2,1,6,5,246,3379
2,9,6,5,246,3379
1,0,6,5,246,3379
8,5,6,5,246,3379
7,4,6,5,246,3379
7,6,6,5,246,3379
6,3,6,5,246,3379
6,7,6,5,246,3379
5,2,6,5,246,3379
5,8,6,5,246,3379
4,1,6,5,246,3379
4,9,6,5,246,3379
3,0,6,5,246,3379
3,9,6,5,246,3379
2,0,6,5,246,3379
0,7,3,8,247,2578
1,7,3,8,247,2578
0,6,3,8,247,2578
0,8,3,8,247,2578
2,7,3,8,247,2578
1,6,3,8,247,2578
1,8,3,8,247,2578
0,5,3,8,247,2578
0,9,3,8,247,2578
3,7,3,8,247,2578
2,6,3,8,247,2578
2,8,3,8,247,2578
1,5,3,8,247,2578
1,9,3,8,247,2578
0,4,3,8,247,2578
4,7,3,8,247,2578
3,6,3,8,247,2578
3,8,3,8,247,2578
2,5,3,8,247,2578
2,9,3,8,247,2578
1,4,3,8,247,2578
0,3,3,8,247,2578
6,7,3,8,247,2578
5,6,3,8,247,2578
5,8,3,8,247,2578
4,5,3,8,247,2578
4,9,3,8,247,2578
3,4,3,8,247,2578
3,9,3,8,247,2578
2,3,3,8,247,2578
1,2,3,8,247,2578
0,8,3,8,248,2132
1,8,3,8,248,2132
0,7,3,8,248,2132
0,9,3,8,248,2132
2,8,3,8,248,2132
1,7,3,8,248,2132
1,9,3,8,248,2132
0,6,3,8,248,2132
3,8,3,8,248,2132
2,7,3,8,248,2132
2,9,3,8,248,2132
1,6,3,8,248,2132
0,5,3,8,248,2132
5,8,3,8,248,2132
4,7,3,8,248,2132
4,9,3,8,248,2132
3,6,3,8,248,2132
3,9,3,8,248,2132
2,5,3,8,248,2132
1,4,3,8,248,2132
0,9,3,8,249,1653
1,9,3,8,249,1653
0,8,3,8,249,1653
2,9,3,8,249,1653
1,8,3,8,249,1653
0,7,3,8,249,1653
4,9,3,8,249,1653
3,8,3,8,249,1653
3,9,3,8,249,1653
2,7,3,8,249,1653
2,8,3,8,249,1653
1,6,3,8,249,1653
1,7,3,8,249,1653
0,6,3,8,250,3399
1,6,3,8,250,3399
0,5,3,8,250,3399
0,7,3,8,250,3399
2,6,3,8,250,3399
1,5,3,8,250,3399
1,7,3,8,250,3399
0,4,3,8,250,3399
0,8,3,8,250,3399
3,6,3,8,250,3399
2,5,3,8,250,3399
2,7,3,8,250,3399
1,4,3,8,250,3399
1,8,3,8,250,3399
0,3,3,8,250,3399
0,9,3,8,250,3399
4,6,3,8,250,3399
3,5,3,8,250,3399
3,7,3,8,250,3399
2,4,3,8,250,3399
2,8,3,8,250,3399
1,3,3,8,250,3399
1,9,3,8,250,3399
0,2,3,8,250,3399
5,6,3,8,250,3399
4,5,3,8,250,3399
4,7,3,8,250,3399
3,4,3,8,250,3399
3,8,3,8,250,3399
2,3,3,8,250,3399
2,9,3,8,250,3399
1,2,3,8,250,3399
0,1,3,8,250,3399
6,6,3,8,250,3399
5,5,3,8,250,3399
5,7,3,8,250,3399
4,4,3,8,250,3399
4,8,3,8,250,3399
3,3,3,8,250,3399
3,9,3,8,250,3399
2,2,3,8,250,3399
1,1,3,8,250,3399
0,0,3,8,250,3399
7,6,3,8,250,3399
6,5,3,8,250,3399
6,7,3,8,250,3399
5,4,3,8,250,3399
5,8,3,8,250,3399
4,3,3,8,250,3399
4,9,3,8,250,3399
3,2,3,8,250,3399
2,1,3,8,250,3399
1,0,3,8,250,3399
0,7,3,8,251,3003
1,7,3,8,251,3003
0,6,3,8,251,3003
0,8,3,8,251,3003
2,7,3,8,251,3003
1,6,3,8,251,3003
1,8,3,8,251,3003
0,5,3,8,251,3003
0,9,3,8,251,3003
3,7,3,8,251,3003
2,6,3,8,251,3003
2,8,3,8,251,3003
1,5,3,8,251,3003
1,9,3,8,251,3003
0,4,3,8,251,3003
4,7,3,8,251,3003
3,6,3,8,251,3003
3,8,3,8,251,3003
2,5,3,8,251,3003
2,9,3,8,251,3003
1,4,3,8,251,3003
0,3,3,8,251,3003
5,7,3,8,251,3003
4,6,3,8,251,3003
4,8,3,8,251,3003
3,5,3,8,251,3003
3,9,3,8,251,3003
2,4,3,8,251,3003
1,3,3,8,251,3003
0,2,3,8,251,3003
6,7,3,8,251,3003
5,6,3,8,251,3003
5,8,3,8,251,3003
4,5,3,8,251,3003
4,9,3,8,251,3003
3,4,3,8,251,3003
2,3,3,8,251,3003
1,2,3,8,251,3003
0,1,3,8,251,3003
0,8,3,8,252,2578
1,8,3,8,252,2578
0,7,3,8,252,2578
0,9,3,8,252,2578
2,8,3,8,252,2578
1,7,3,8,252,2578
1,9,3,8,252,2578
0,6,3,8,252,2578
3,8,3,8,252,2578
2,7,3,8,252,2578
2,9,3,8,252,2578
1,6,3,8,252,2578
0,5,3,8,252,2578
4,8,3,8,252,2578
3,7,3,8,252,2578
3,9,3,8,252,2578
2,6,3,8,252,2578
1,5,3,8,252,2578
0,4,3,8,252,2578
5,8,3,8,252,2578
4,7,3,8,252,2578
4,9,3,8,252,2578
3,6,3,8,252,2578
2,5,3,8,252,2578
1,4,3,8,252,2578
0,3,3,8,252,2578
6,5,7,6,7,588
8,5,7,6,7,588
7,4,7,6,7,588
7,6,7,6,7,588
4,5,7,6,46,1138
6,5,7,6,46,1138
5,4,7,6,46,1138
5,6,7,6,46,1138
8,5,7,6,46,1138
7,4,7,6,46,1138
7,6,7,6,46,1138
6,3,7,6,46,1138
6,7,7,6,46,1138
3,6,3,6,253,1136
5,6,3,6,253,1136
4,5,3,6,253,1136
4,7,3,6,253,1136
7,6,3,6,253,1136
6,5,3,6,253,1136
6,7,3,6,253,1136
5,4,3,6,253,1136
5,8,3,6,253,1136
2,7,3,6,189,1138
4,7,3,6,189,1138
3,6,3,6,189,1138
3,8,3,6,189,1138
6,7,3,6,189,1138
5,6,3,6,189,1138
5,8,3,6,189,1138
4,5,3,6,189,1138
4,9,3,6,189,1138
3,8,4,7,60,588
5,8,4,7,60,588
4,7,4,7,60,588
4,9,4,7,60,588
1,8,3,6,254,1136
3,8,3,6,254,1136
2,7,3,6,254,1136
2,9,3,6,254,1136
5,8,3,6,254,1136
4,7,3,6,254,1136
4,9,3,6,254,1136
3,6,3,6,254,1136
3,9,3,6,254,1136
2,9,3,8,255,588
4,9,3,8,255,588
3,8,3,8,255,588
3,9,3,8,255,588
0,9,3,8,256,1139
2,9,3,8,256,1139
1,8,3,8,256,1139
1,9,3,8,256,1139
4,9,3,8,256,1139
3,8,3,8,256,1139
3,9,3,8,256,1139
2,7,3,8,256,1139
2,8,3,8,256,1139
9,4,9,4,0,0
8,5,8,5,0,0
7,6,7,6,0,0
6,7,6,7,0,0
5,8,5,8,0,0
4,9,4,9,0,0
0,0,8,6,257,4410
1,0,8,6,257,4410
0,1,8,6,257,4410
2,0,8,6,257,4410
1,1,8,6,257,4410
0,2,8,6,257,4410
3,0,8,6,257,4410
2,1,8,6,257,4410
1,2,8,6,257,4410
0,3,8,6,257,4410
4,0,8,6,257,4410
3,1,8,6,257,4410
2,2,8,6,257,4410
1,3,8,6,257,4410
0,4,8,6,257,4410
5,0,8,6,257,4410
4,1,8,6,257,4410
3,2,8,6,257,4410
2,3,8,6,257,4410
1,4,8,6,257,4410
0,5,8,6,257,4410
6,0,8,6,257,4410
5,1,8,6,257,4410
4,2,8,6,257,4410
3,3,8,6,257,4410
2,4,8,6,257,4410
1,5,8,6,257,4410
0,6,8,6,257,4410
8,0,8,6,257,4410
7,0,8,6,257,4410
7,1,8,6,257,4410
6,1,8,6,257,4410
6,2,8,6,257,4410
5,2,8,6,257,4410
5,3,8,6,257,4410
4,3,8,6,257,4410
4,4,8,6,257,4410
3,4,8,6,257,4410
3,5,8,6,257,4410
2,5,8,6,257,4410
2,6,8,6,257,4410
1,6,8,6,257,4410
1,7,8,6,257,4410
9,0,8,6,257,4410
9,1,8,6,257,4410
8,1,8,6,257,4410
8,2,8,6,257,4410
7,2,8,6,257,4410
7,3,8,6,257,4410
6,3,8,6,257,4410
6,4,8,6,257,4410
5,4,8,6,257,4410
5,5,8,6,257,4410
4,5,8,6,257,4410
4,6,8,6,257,4410
3,6,8,6,257,4410
3,7,8,6,257,4410
2,7,8,6,257,4410
2,8,8,6,257,4410
9,2,8,6,257,4410
9,3,8,6,257,4410
8,3,8,6,257,4410
8,4,8,6,257,4410
7,4,8,6,257,4410
7,5,8,6,257,4410
6,5,8,6,257,4410
6,6,8,6,257,4410
5,6,8,6,257,4410
5,7,8,6,257,4410
4,7,8,6,257,4410
4,8,8,6,257,4410
3,8,8,6,257,4410
3,9,8,6,257,4410
9,4,8,6,257,4410
9,5,8,6,257,4410
8,5,8,6,257,4410
8,6,8,6,257,4410
7,6,8,6,257,4410
7,7,8,6,257,4410
6,7,8,6,257,4410
6,8,8,6,257,4410
5,8,8,6,257,4410
5,9,8,6,257,4410
4,9,8,6,257,4410
0,0,7,5,258,4102
1,0,7,5,258,4102
0,1,7,5,258,4102
2,0,7,5,258,4102
1,1,7,5,258,4102
0,2,7,5,258,4102
3,0,7,5,258,4102
2,1,7,5,258,4102
1,2,7,5,258,4102
0,3,7,5,258,4102
4,0,7,5,258,4102
3,1,7,5,258,4102
2,2,7,5,258,4102
1,3,7,5,258,4102
0,4,7,5,258,4102
6,0,7,5,258,4102
5,0,7,5,258,4102
5,1,7,5,258,4102
4,1,7,5,258,4102
4,2,7,5,258,4102
3,2,7,5,258,4102
3,3,7,5,258,4102
2,3,7,5,258,4102
2,4,7,5,258,4102
1,4,7,5,258,4102
1,5,7,5,258,4102
8,0,7,5,258,4102
7,0,7,5,258,4102
7,1,7,5,258,4102
6,1,7,5,258,4102
6,2,7,5,258,4102
5,2,7,5,258,4102
5,3,7,5,258,4102
4,3,7,5,258,4102
4,4,7,5,258,4102
3,4,7,5,258,4102
3,5,7,5,258,4102
2,5,7,5,258,4102
2,6,7,5,258,4102
9,0,7,5,258,4102
9,1,7,5,258,4102
8,1,7,5,258,4102
8,2,7,5,258,4102
7,2,7,5,258,4102
7,3,7,5,258,4102
6,3,7,5,258,4102
6,4,7,5,258,4102
5,4,7,5,258,4102
5,5,7,5,258,4102
4,5,7,5,258,4102
4,6,7,5,258,4102
3,6,7,5,258,4102
3,7,7,5,258,4102
9,2,7,5,258,4102
9,3,7,5,258,4102
8,3,7,5,258,4102
8,4,7,5,258,4102
7,4,7,5,258,4102
7,5,7,5,258,4102
6,5,7,5,258,4102
6,6,7,5,258,4102
5,6,7,5,258,4102
5,7,7,5,258,4102
4,7,7,5,258,4102
4,8,7,5,258,4102
9,4,7,5,258,4102
9,5,7,5,258,4102
8,5,7,5,258,4102
8,6,7,5,258,4102
7,6,7,5,258,4102
7,7,7,5,258,4102
6,7,7,5,258,4102
6,8,7,5,258,4102
5,8,7,5,258,4102
5,9,7,5,258,4102
0,0,6,4,259,3767
1,0,6,4,259,3767
0,1,6,4,259,3767
2,0,6,4,259,3767
1,1,6,4,259,3767
0,2,6,4,259,3767
4,0,6,4,259,3767
3,0,6,4,259,3767
3,1,6,4,259,3767
2,1,6,4,259,3767
2,2,6,4,259,3767
1,2,6,4,259,3767
1,3,6,4,259,3767
6,0,6,4,259,3767
5,0,6,4,259,3767
5,1,6,4,259,3767
4,1,6,4,259,3767
4,2,6,4,259,3767
3,2,6,4,259,3767
3,3,6,4,259,3767
2,3,6,4,259,3767
2,4,6,4,259,3767
8,0,6,4,259,3767
7,0,6,4,259,3767
7,1,6,4,259,3767
6,1,6,4,259,3767
6,2,6,4,259,3767
5,2,6,4,259,3767
5,3,6,4,259,3767
4,3,6,4,259,3767
4,4,6,4,259,3767
3,4,6,4,259,3767
3,5,6,4,259,3767
9,0,6,4,259,3767
9,1,6,4,259,3767
8,1,6,4,259,3767
8,2,6,4,259,3767
7,2,6,4,259,3767
7,3,6,4,259,3767
6,3,6,4,259,3767
6,4,6,4,259,3767
5,4,6,4,259,3767
5,5,6,4,259,3767
4,5,6,4,259,3767
4,6,6,4,259,3767
9,2,6,4,259,3767
9,3,6,4,259,3767
8,3,6,4,259,3767
8,4,6,4,259,3767
7,4,6,4,259,3767
7,5,6,4,259,3767
6,5,6,4,259,3767
6,6,6,4,259,3767
5,6,6,4,259,3767
5,7,6,4,259,3767
9,4,6,4,259,3767
9,5,6,4,259,3767
8,5,6,4,259,3767
8,6,6,4,259,3767
7,6,6,4,259,3767
7,7,6,4,259,3767
6,7,6,4,259,3767
6,8,6,4,259,3767
0,0,4,4,260,3404
2,0,4,4,260,3404
1,0,4,4,260,3404
1,1,4,4,260,3404
4,0,4,4,260,3404
3,0,4,4,260,3404
3,1,4,4,260,3404
2,1,4,4,260,3404
2,2,4,4,260,3404
6,0,4,4,260,3404
5,0,4,4,260,3404
5,1,4,4,260,3404
4,1,4,4,260,3404
4,2,4,4,260,3404
3,2,4,4,260,3404
3,3,4,4,260,3404
8,0,4,4,260,3404
7,0,4,4,260,3404
7,1,4,4,260,3404
6,1,4,4,260,3404
6,2,4,4,260,3404
5,2,4,4,260,3404
5,3,4,4,260,3404
4,3,4,4,260,3404
4,4,4,4,260,3404
9,0,4,4,260,3404
9,1,4,4,260,3404
8,1,4,4,260,3404
8,2,4,4,260,3404
7,2,4,4,260,3404
7,3,4,4,260,3404
6,3,4,4,260,3404
6,4,4,4,260,3404
5,4,4,4,260,3404
5,5,4,4,260,3404
9,2,4,4,260,3404
9,3,4,4,260,3404
8,3,4,4,260,3404
8,4,4,4,260,3404
7,4,4,4,260,3404
7,5,4,4,260,3404
6,5,4,4,260,3404
6,6,4,4,260,3404
9,4,4,4,260,3404
9,5,4,4,260,3404
8,5,4,4,260,3404
8,6,4,4,260,3404
7,6,4,4,260,3404
7,7,4,4,260,3404
2,0,4,2,261,3005
4,0,4,2,261,3005
3,0,4,2,261,3005
3,1,4,2,261,3005
6,0,4,2,261,3005
5,0,4,2,261,3005
5,1,4,2,261,3005
4,1,4,2,261,3005
4,2,4,2,261,3005
8,0,4,2,261,3005
7,0,4,2,261,3005
7,1,4,2,261,3005
6,1,4,2,261,3005
6,2,4,2,261,3005
5,2,4,2,261,3005
5,3,4,2,261,3005
9,0,4,2,261,3005
9,1,4,2,261,3005
8,1,4,2,261,3005
8,2,4,2,261,3005
7,2,4,2,261,3005
7,3,4,2,261,3005
6,3,4,2,261,3005
6,4,4,2,261,3005
9,2,4,2,261,3005
9,3,4,2,261,3005
8,3,4,2,261,3005
8,4,4,2,261,3005
7,4,4,2,261,3005
7,5,4,2,261,3005
9,4,4,2,261,3005
9,5,4,2,261,3005
8,5,4,2,261,3005
8,6,4,2,261,3005
4,0,4,0,262,2564
6,0,4,0,262,2564
5,0,4,0,262,2564
5,1,4,0,262,2564
8,0,4,0,262,2564
7,0,4,0,262,2564
7,1,4,0,262,2564
6,1,4,0,262,2564
6,2,4,0,262,2564
9,0,4,0,262,2564
9,1,4,0,262,2564
8,1,4,0,262,2564
8,2,4,0,262,2564
7,2,4,0,262,2564
7,3,4,0,262,2564
9,2,4,0,262,2564
9,3,4,0,262,2564
8,3,4,0,262,2564
8,4,4,0,262,2564
9,4,4,0,262,2564
9,5,4,0,262,2564
5,1,6,0,263,2130
7,1,6,0,263,2130
6,0,6,0,263,2130
6,2,6,0,263,2130
9,1,6,0,263,2130
8,0,6,0,263,2130
8,2,6,0,263,2130
7,0,6,0,263,2130
7,3,6,0,263,2130
8,1,6,0,263,2130
9,0,6,0,263,2130
9,2,6,0,263,2130
9,3,6,0,263,2130
8,4,6,0,263,2130
6,1,6,0,263,2130
7,2,6,0,263,2130
8,3,6,0,263,2130
9,4,6,0,263,2130
9,5,6,0,263,2130
3,1,4,0,264,2571
5,1,4,0,264,2571
4,0,4,0,264,2571
4,2,4,0,264,2571
7,1,4,0,264,2571
6,0,4,0,264,2571
6,2,4,0,264,2571
5,0,4,0,264,2571
5,3,4,0,264,2571
9,1,4,0,264,2571
8,0,4,0,264,2571
8,2,4,0,264,2571
7,0,4,0,264,2571
7,3,4,0,264,2571
6,1,4,0,264,2571
6,4,4,0,264,2571
8,1,4,0,264,2571
9,0,4,0,264,2571
9,2,4,0,264,2571
9,3,4,0,264,2571
8,4,4,0,264,2571
7,2,4,0,264,2571
7,5,4,0,264,2571
8,3,4,0,264,2571
9,4,4,0,264,2571
9,5,4,0,264,2571
8,6,4,0,264,2571
1,1,4,2,265,3003
3,1,4,2,265,3003
2,0,4,2,265,3003
2,2,4,2,265,3003
5,1,4,2,265,3003
4,0,4,2,265,3003
4,2,4,2,265,3003
3,0,4,2,265,3003
3,3,4,2,265,3003
7,1,4,2,265,3003
6,0,4,2,265,3003
6,2,4,2,265,3003
5,0,4,2,265,3003
5,3,4,2,265,3003
4,1,4,2,265,3003
4,4,4,2,265,3003
9,1,4,2,265,3003
8,0,4,2,265,3003
8,2,4,2,265,3003
7,0,4,2,265,3003
7,3,4,2,265,3003
6,1,4,2,265,3003
6,4,4,2,265,3003
5,2,4,2,265,3003
5,5,4,2,265,3003
8,1,4,2,265,3003
9,0,4,2,265,3003
9,2,4,2,265,3003
9,3,4,2,265,3003
8,4,4,2,265,3003
7,2,4,2,265,3003
7,5,4,2,265,3003
6,3,4,2,265,3003
6,6,4,2,265,3003
8,3,4,2,265,3003
9,4,4,2,265,3003
9,5,4,2,265,3003
8,6,4,2,265,3003
7,4,4,2,265,3003
7,7,4,2,265,3003
0,1,4,4,266,3395
1,1,4,4,266,3395
0,0,4,4,266,3395
0,2,4,4,266,3395
3,1,4,4,266,3395
2,0,4,4,266,3395
2,2,4,4,266,3395
1,0,4,4,266,3395
1,3,4,4,266,3395
5,1,4,4,266,3395
4,0,4,4,266,3395
4,2,4,4,266,3395
3,0,4,4,266,3395
3,3,4,4,266,3395
2,1,4,4,266,3395
2,4,4,4,266,3395
7,1,4,4,266,3395
6,0,4,4,266,3395
6,2,4,4,266,3395
5,0,4,4,266,3395
5,3,4,4,266,3395
4,1,4,4,266,3395
4,4,4,4,266,3395
3,2,4,4,266,3395
3,5,4,4,266,3395
9,1,4,4,266,3395
8,0,4,4,266,3395
8,2,4,4,266,3395
7,0,4,4,266,3395
7,3,4,4,266,3395
6,1,4,4,266,3395
6,4,4,4,266,3395
5,2,4,4,266,3395
5,5,4,4,266,3395
4,3,4,4,266,3395
4,6,4,4,266,3395
8,1,4,4,266,3395
9,0,4,4,266,3395
9,2,4,4,266,3395
9,3,4,4,266,3395
8,4,4,4,266,3395
7,2,4,4,266,3395
7,5,4,4,266,3395
6,3,4,4,266,3395
6,6,4,4,266,3395
5,4,4,4,266,3395
5,7,4,4,266,3395
8,3,4,4,266,3395
9,4,4,4,266,3395
9,5,4,4,266,3395
8,6,4,4,266,3395
7,4,4,4,266,3395
7,7,4,4,266,3395
6,5,4,4,266,3395
6,8,4,4,266,3395
1,3,8,6,267,2574
3,3,8,6,267,2574
2,2,8,6,267,2574
2,4,8,6,267,2574
5,3,8,6,267,2574
4,2,8,6,267,2574
4,4,8,6,267,2574
3,1,8,6,267,2574
3,5,8,6,267,2574
7,3,8,6,267,2574
6,2,8,6,267,2574
6,4,8,6,267,2574
5,1,8,6,267,2574
5,5,8,6,267,2574
4,0,8,6,267,2574
4,6,8,6,267,2574
9,3,8,6,267,2574
8,2,8,6,267,2574
8,4,8,6,267,2574
7,1,8,6,267,2574
7,5,8,6,267,2574
6,0,8,6,267,2574
6,6,8,6,267,2574
5,0,8,6,267,2574
5,7,8,6,267,2574
8,3,8,6,267,2574
9,2,8,6,267,2574
9,4,8,6,267,2574
9,1,8,6,267,2574
9,5,8,6,267,2574
8,0,8,6,267,2574
8,6,8,6,267,2574
7,0,8,6,267,2574
7,7,8,6,267,2574
6,1,8,6,267,2574
6,8,8,6,267,2574
2,4,8,6,268,2128
4,4,8,6,268,2128
3,3,8,6,268,2128
3,5,8,6,268,2128
6,4,8,6,268,2128
5,3,8,6,268,2128
5,5,8,6,268,2128
4,2,8,6,268,2128
4,6,8,6,268,2128
8,4,8,6,268,2128
7,3,8,6,268,2128
7,5,8,6,268,2128
6,2,8,6,268,2128
6,6,8,6,268,2128
5,1,8,6,268,2128
5,7,8,6,268,2128
9,4,8,6,268,2128
9,3,8,6,268,2128
9,5,8,6,268,2128
8,2,8,6,268,2128
8,6,8,6,268,2128
7,1,8,6,268,2128
7,7,8,6,268,2128
6,0,8,6,268,2128
6,8,8,6,268,2128
0,1,7,5,269,3746
1,1,7,5,269,3746
0,0,7,5,269,3746
0,2,7,5,269,3746
2,1,7,5,269,3746
1,0,7,5,269,3746
1,2,7,5,269,3746
0,3,7,5,269,3746
3,1,7,5,269,3746
2,0,7,5,269,3746
2,2,7,5,269,3746
1,3,7,5,269,3746
0,4,7,5,269,3746
5,1,7,5,269,3746
4,0,7,5,269,3746
4,2,7,5,269,3746
3,0,7,5,269,3746
3,3,7,5,269,3746
2,4,7,5,269,3746
1,5,7,5,269,3746
7,1,7,5,269,3746
6,0,7,5,269,3746
6,2,7,5,269,3746
5,0,7,5,269,3746
5,3,7,5,269,3746
4,1,7,5,269,3746
4,4,7,5,269,3746
3,2,7,5,269,3746
3,5,7,5,269,3746
2,3,7,5,269,3746
2,6,7,5,269,3746
9,1,7,5,269,3746
8,0,7,5,269,3746
8,2,7,5,269,3746
7,0,7,5,269,3746
7,3,7,5,269,3746
6,1,7,5,269,3746
6,4,7,5,269,3746
5,2,7,5,269,3746
5,5,7,5,269,3746
4,3,7,5,269,3746
4,6,7,5,269,3746
3,4,7,5,269,3746
3,7,7,5,269,3746
8,1,7,5,269,3746
9,0,7,5,269,3746
9,2,7,5,269,3746
9,3,7,5,269,3746
8,4,7,5,269,3746
7,2,7,5,269,3746
7,5,7,5,269,3746
6,3,7,5,269,3746
6,6,7,5,269,3746
5,4,7,5,269,3746
5,7,7,5,269,3746
4,5,7,5,269,3746
4,8,7,5,269,3746
8,3,7,5,269,3746
9,4,7,5,269,3746
9,5,7,5,269,3746
8,6,7,5,269,3746
7,4,7,5,269,3746
7,7,7,5,269,3746
6,5,7,5,269,3746
6,8,7,5,269,3746
5,6,7,5,269,3746
5,9,7,5,269,3746
0,4,8,6,270,2574
2,4,8,6,270,2574
1,3,8,6,270,2574
1,5,8,6,270,2574
4,4,8,6,270,2574
3,3,8,6,270,2574
3,5,8,6,270,2574
2,2,8,6,270,2574
2,6,8,6,270,2574
6,4,8,6,270,2574
5,3,8,6,270,2574
5,5,8,6,270,2574
4,2,8,6,270,2574
4,6,8,6,270,2574
3,1,8,6,270,2574
3,7,8,6,270,2574
8,4,8,6,270,2574
7,3,8,6,270,2574
7,5,8,6,270,2574
6,2,8,6,270,2574
6,6,8,6,270,2574
5,1,8,6,270,2574
5,7,8,6,270,2574
4,0,8,6,270,2574
4,8,8,6,270,2574
9,4,8,6,270,2574
9,3,8,6,270,2574
9,5,8,6,270,2574
8,2,8,6,270,2574
8,6,8,6,270,2574
7,1,8,6,270,2574
7,7,8,6,270,2574
6,0,8,6,270,2574
6,8,8,6,270,2574
5,0,8,6,270,2574
5,9,8,6,270,2574
0,1,8,6,271,4086
1,1,8,6,271,4086
0,0,8,6,271,4086
0,2,8,6,271,4086
2,1,8,6,271,4086
1,0,8,6,271,4086
1,2,8,6,271,4086
0,3,8,6,271,4086
3,1,8,6,271,4086
2,0,8,6,271,4086
2,2,8,6,271,4086
1,3,8,6,271,4086
0,4,8,6,271,4086
4,1,8,6,271,4086
3,0,8,6,271,4086
3,2,8,6,271,4086
2,3,8,6,271,4086
1,4,8,6,271,4086
0,5,8,6,271,4086
5,1,8,6,271,4086
4,0,8,6,271,4086
4,2,8,6,271,4086
3,3,8,6,271,4086
2,4,8,6,271,4086
1,5,8,6,271,4086
0,6,8,6,271,4086
7,1,8,6,271,4086
6,0,8,6,271,4086
6,2,8,6,271,4086
5,0,8,6,271,4086
5,3,8,6,271,4086
4,4,8,6,271,4086
3,5,8,6,271,4086
2,6,8,6,271,4086
1,7,8,6,271,4086
9,1,8,6,271,4086
8,0,8,6,271,4086
8,2,8,6,271,4086
7,0,8,6,271,4086
7,3,8,6,271,4086
6,1,8,6,271,4086
6,4,8,6,271,4086
5,2,8,6,271,4086
5,5,8,6,271,4086
4,3,8,6,271,4086
4,6,8,6,271,4086
3,4,8,6,271,4086
3,7,8,6,271,4086
2,5,8,6,271,4086
2,8,8,6,271,4086
8,1,8,6,271,4086
9,0,8,6,271,4086
9,2,8,6,271,4086
9,3,8,6,271,4086
8,4,8,6,271,4086
7,2,8,6,271,4086
7,5,8,6,271,4086
6,3,8,6,271,4086
6,6,8,6,271,4086
5,4,8,6,271,4086
5,7,8,6,271,4086
4,5,8,6,271,4086
4,8,8,6,271,4086
3,6,8,6,271,4086
3,9,8,6,271,4086
8,3,8,6,271,4086
9,4,8,6,271,4086
9,5,8,6,271,4086
8,6,8,6,271,4086
7,4,8,6,271,4086
7,7,8,6,271,4086
6,5,8,6,271,4086
6,8,8,6,271,4086
5,6,8,6,271,4086
5,9,8,6,271,4086
4,7,8,6,271,4086
4,9,8,6,271,4086
0,2,8,6,272,3746
1,2,8,6,272,3746
0,1,8,6,272,3746
0,3,8,6,272,3746
2,2,8,6,272,3746
1,1,8,6,272,3746
1,3,8,6,272,3746
0,0,8,6,272,3746
0,4,8,6,272,3746
3,2,8,6,272,3746
2,1,8,6,272,3746
2,3,8,6,272,3746
1,0,8,6,272,3746
1,4,8,6,272,3746
0,5,8,6,272,3746
4,2,8,6,272,3746
3,1,8,6,272,3746
3,3,8,6,272,3746
2,0,8,6,272,3746
2,4,8,6,272,3746
1,5,8,6,272,3746
0,6,8,6,272,3746
6,2,8,6,272,3746
5,1,8,6,272,3746
5,3,8,6,272,3746
4,0,8,6,272,3746
4,4,8,6,272,3746
3,0,8,6,272,3746
3,5,8,6,272,3746
2,6,8,6,272,3746
1,7,8,6,272,3746
8,2,8,6,272,3746
7,1,8,6,272,3746
7,3,8,6,272,3746
6,0,8,6,272,3746
6,4,8,6,272,3746
5,0,8,6,272,3746
5,5,8,6,272,3746
4,1,8,6,272,3746
4,6,8,6,272,3746
3,7,8,6,272,3746
2,8,8,6,272,3746
9,2,8,6,272,3746
9,1,8,6,272,3746
9,3,8,6,272,3746
8,0,8,6,272,3746
8,4,8,6,272,3746
7,0,8,6,272,3746
7,5,8,6,272,3746
6,1,8,6,272,3746
6,6,8,6,272,3746
5,2,8,6,272,3746
5,7,8,6,272,3746
4,3,8,6,272,3746
4,8,8,6,272,3746
3,4,8,6,272,3746
3,9,8,6,272,3746
7,2,8,6,272,3746
8,1,8,6,272,3746
8,3,8,6,272,3746
9,0,8,6,272,3746
9,4,8,6,272,3746
9,5,8,6,272,3746
8,6,8,6,272,3746
7,7,8,6,272,3746
6,3,8,6,272,3746
6,8,8,6,272,3746
5,4,8,6,272,3746
5,9,8,6,272,3746
4,5,8,6,272,3746
4,9,8,6,272,3746
0,3,8,6,273,3381
1,3,8,6,273,3381
0,2,8,6,273,3381
0,4,8,6,273,3381
2,3,8,6,273,3381
1,2,8,6,273,3381
1,4,8,6,273,3381
0,1,8,6,273,3381
0,5,8,6,273,3381
3,3,8,6,273,3381
2,2,8,6,273,3381
2,4,8,6,273,3381
1,1,8,6,273,3381
1,5,8,6,273,3381
0,0,8,6,273,3381
0,6,8,6,273,3381
5,3,8,6,273,3381
4,2,8,6,273,3381
4,4,8,6,273,3381
3,1,8,6,273,3381
3,5,8,6,273,3381
2,0,8,6,273,3381
2,6,8,6,273,3381
1,0,8,6,273,3381
1,7,8,6,273,3381
7,3,8,6,273,3381
6,2,8,6,273,3381
6,4,8,6,273,3381
5,1,8,6,273,3381
5,5,8,6,273,3381
4,0,8,6,273,3381
4,6,8,6,273,3381
3,0,8,6,273,3381
3,7,8,6,273,3381
2,1,8,6,273,3381
2,8,8,6,273,3381
9,3,8,6,273,3381
8,2,8,6,273,3381
8,4,8,6,273,3381
7,1,8,6,273,3381
7,5,8,6,273,3381
6,0,8,6,273,3381
6,6,8,6,273,3381
5,0,8,6,273,3381
5,7,8,6,273,3381
4,1,8,6,273,3381
4,8,8,6,273,3381
3,2,8,6,273,3381
3,9,8,6,273,3381
8,3,8,6,273,3381
9,2,8,6,273,3381
9,4,8,6,273,3381
9,1,8,6,273,3381
9,5,8,6,273,3381
8,0,8,6,273,3381
8,6,8,6,273,3381
7,0,8,6,273,3381
7,7,8,6,273,3381
6,1,8,6,273,3381
6,8,8,6,273,3381
5,2,8,6,273,3381
5,9,8,6,273,3381
4,3,8,6,273,3381
4,9,8,6,273,3381
0,4,8,6,274,2991
1,4,8,6,274,2991
0,3,8,6,274,2991
0,5,8,6,274,2991
2,4,8,6,274,2991
1,3,8,6,274,2991
1,5,8,6,274,2991
0,2,8,6,274,2991
0,6,8,6,274,2991
4,4,8,6,274,2991
3,3,8,6,274,2991
3,5,8,6,274,2991
2,2,8,6,274,2991
2,6,8,6,274,2991
1,1,8,6,274,2991
1,7,8,6,274,2991
6,4,8,6,274,2991
5,3,8,6,274,2991
5,5,8,6,274,2991
4,2,8,6,274,2991
4,6,8,6,274,2991
3,1,8,6,274,2991
3,7,8,6,274,2991
2,0,8,6,274,2991
2,8,8,6,274,2991
8,4,8,6,274,2991
7,3,8,6,274,2991
7,5,8,6,274,2991
6,2,8,6,274,2991
6,6,8,6,274,2991
5,1,8,6,274,2991
5,7,8,6,274,2991
4,0,8,6,274,2991
4,8,8,6,274,2991
3,0,8,6,274,2991
3,9,8,6,274,2991
9,4,8,6,274,2991
9,3,8,6,274,2991
9,5,8,6,274,2991
8,2,8,6,274,2991
8,6,8,6,274,2991
7,1,8,6,274,2991
7,7,8,6,274,2991
6,0,8,6,274,2991
6,8,8,6,274,2991
5,0,8,6,274,2991
5,9,8,6,274,2991
4,1,8,6,274,2991
4,9,8,6,274,2991
0,5,7,5,275,2574
1,5,7,5,275,2574
0,4,7,5,275,2574
0,6,7,5,275,2574
3,5,7,5,275,2574
2,4,7,5,275,2574
2,6,7,5,275,2574
1,3,7,5,275,2574
1,7,7,5,275,2574
5,5,7,5,275,2574
4,4,7,5,275,2574
4,6,7,5,275,2574
3,3,7,5,275,2574
3,7,7,5,275,2574
2,2,7,5,275,2574
2,8,7,5,275,2574
7,5,7,5,275,2574
6,4,7,5,275,2574
6,6,7,5,275,2574
5,3,7,5,275,2574
5,7,7,5,275,2574
4,2,7,5,275,2574
4,8,7,5,275,2574
3,1,7,5,275,2574
3,9,7,5,275,2574
9,5,7,5,275,2574
8,4,7,5,275,2574
8,6,7,5,275,2574
7,3,7,5,275,2574
7,7,7,5,275,2574
6,2,7,5,275,2574
6,8,7,5,275,2574
5,1,7,5,275,2574
5,9,7,5,275,2574
4,0,7,5,275,2574
4,9,7,5,275,2574
0,6,4,4,276,2128
2,6,4,4,276,2128
1,5,4,4,276,2128
1,7,4,4,276,2128
4,6,4,4,276,2128
3,5,4,4,276,2128
3,7,4,4,276,2128
2,4,4,4,276,2128
2,8,4,4,276,2128
6,6,4,4,276,2128
5,5,4,4,276,2128
5,7,4,4,276,2128
4,4,4,4,276,2128
4,8,4,4,276,2128
3,3,4,4,276,2128
3,9,4,4,276,2128
8,6,4,4,276,2128
7,5,4,4,276,2128
7,7,4,4,276,2128
6,4,4,4,276,2128
6,8,4,4,276,2128
5,3,4,4,276,2128
5,9,4,4,276,2128
4,2,4,4,276,2128
4,9,4,4,276,2128
0,1,8,6,277,4405
1,1,8,6,277,4405
0,0,8,6,277,4405
0,2,8,6,277,4405
2,1,8,6,277,4405
1,0,8,6,277,4405
1,2,8,6,277,4405
0,3,8,6,277,4405
3,1,8,6,277,4405
2,0,8,6,277,4405
2,2,8,6,277,4405
1,3,8,6,277,4405
0,4,8,6,277,4405
4,1,8,6,277,4405
3,0,8,6,277,4405
3,2,8,6,277,4405
2,3,8,6,277,4405
1,4,8,6,277,4405
0,5,8,6,277,4405
5,1,8,6,277,4405
4,0,8,6,277,4405
4,2,8,6,277,4405
3,3,8,6,277,4405
2,4,8,6,277,4405
1,5,8,6,277,4405
0,6,8,6,277,4405
6,1,8,6,277,4405
5,0,8,6,277,4405
5,2,8,6,277,4405
4,3,8,6,277,4405
3,4,8,6,277,4405
2,5,8,6,277,4405
1,6,8,6,277,4405
0,7,8,6,277,4405
7,1,8,6,277,4405
6,0,8,6,277,4405
6,2,8,6,277,4405
5,3,8,6,277,4405
4,4,8,6,277,4405
3,5,8,6,277,4405
2,6,8,6,277,4405
1,7,8,6,277,4405
0,8,8,6,277,4405
9,1,8,6,277,4405
8,0,8,6,277,4405
8,2,8,6,277,4405
7,0,8,6,277,4405
7,3,8,6,277,4405
6,4,8,6,277,4405
5,5,8,6,277,4405
4,6,8,6,277,4405
3,7,8,6,277,4405
2,8,8,6,277,4405
1,9,8,6,277,4405
8,1,8,6,277,4405
9,0,8,6,277,4405
9,2,8,6,277,4405
9,3,8,6,277,4405
8,4,8,6,277,4405
7,2,8,6,277,4405
7,5,8,6,277,4405
6,3,8,6,277,4405
6,6,8,6,277,4405
5,4,8,6,277,4405
5,7,8,6,277,4405
4,5,8,6,277,4405
4,8,8,6,277,4405
3,6,8,6,277,4405
3,9,8,6,277,4405
2,7,8,6,277,4405
2,9,8,6,277,4405
8,3,8,6,277,4405
9,4,8,6,277,4405
9,5,8,6,277,4405
8,6,8,6,277,4405
7,4,8,6,277,4405
7,7,8,6,277,4405
6,5,8,6,277,4405
6,8,8,6,277,4405
5,6,8,6,277,4405
5,9,8,6,277,4405
4,7,8,6,277,4405
4,9,8,6,277,4405
3,8,8,6,277,4405
0,2,7,5,278,4084
1,2,7,5,278,4084
0,1,7,5,278,4084
0,3,7,5,278,4084
2,2,7,5,278,4084
1,1,7,5,278,4084
1,3,7,5,278,4084
0,0,7,5,278,4084
0,4,7,5,278,4084
3,2,7,5,278,4084
2,1,7,5,278,4084
2,3,7,5,278,4084
1,0,7,5,278,4084
1,4,7,5,278,4084
0,5,7,5,278,4084
4,2,7,5,278,4084
3,1,7,5,278,4084
3,3,7,5,278,4084
2,0,7,5,278,4084
2,4,7,5,278,4084
1,5,7,5,278,4084
0,6,7,5,278,4084
5,2,7,5,278,4084
4,1,7,5,278,4084
4,3,7,5,278,4084
3,0,7,5,278,4084
3,4,7,5,278,4084
2,5,7,5,278,4084
1,6,7,5,278,4084
0,7,7,5,278,4084
6,2,7,5,278,4084
5,1,7,5,278,4084
5,3,7,5,278,4084
4,0,7,5,278,4084
4,4,7,5,278,4084
3,5,7,5,278,4084
2,6,7,5,278,4084
1,7,7,5,278,4084
0,8,7,5,278,4084
8,2,7,5,278,4084
7,1,7,5,278,4084
7,3,7,5,278,4084
6,0,7,5,278,4084
6,4,7,5,278,4084
5,0,7,5,278,4084
5,5,7,5,278,4084
4,6,7,5,278,4084
3,7,7,5,278,4084
2,8,7,5,278,4084
1,9,7,5,278,4084
9,2,7,5,278,4084
9,1,7,5,278,4084
9,3,7,5,278,4084
8,0,7,5,278,4084
8,4,7,5,278,4084
7,0,7,5,278,4084
7,5,7,5,278,4084
6,1,7,5,278,4084
6,6,7,5,278,4084
5,7,7,5,278,4084
4,8,7,5,278,4084
3,9,7,5,278,4084
2,9,7,5,278,4084
7,2,7,5,278,4084
8,1,7,5,278,4084
8,3,7,5,278,4084
9,0,7,5,278,4084
9,4,7,5,278,4084
9,5,7,5,278,4084
8,6,7,5,278,4084
7,7,7,5,278,4084
6,3,7,5,278,4084
6,8,7,5,278,4084
5,4,7,5,278,4084
5,9,7,5,278,4084
4,5,7,5,278,4084
4,9,7,5,278,4084
3,6,7,5,278,4084
3,8,7,5,278,4084
0,4,8,6,279,3379
1,4,8,6,279,3379
0,3,8,6,279,3379
0,5,8,6,279,3379
2,4,8,6,279,3379
1,3,8,6,279,3379
1,5,8,6,279,3379
0,2,8,6,279,3379
0,6,8,6,279,3379
3,4,8,6,279,3379
2,3,8,6,279,3379
2,5,8,6,279,3379
1,2,8,6,279,3379
1,6,8,6,279,3379
0,1,8,6,279,3379
0,7,8,6,279,3379
4,4,8,6,279,3379
3,3,8,6,279,3379
3,5,8,6,279,3379
2,2,8,6,279,3379
2,6,8,6,279,3379
1,1,8,6,279,3379
1,7,8,6,279,3379
0,0,8,6,279,3379
0,8,8,6,279,3379
6,4,8,6,279,3379
5,3,8,6,279,3379
5,5,8,6,279,3379
4,2,8,6,279,3379
4,6,8,6,279,3379
3,1,8,6,279,3379
3,7,8,6,279,3379
2,0,8,6,279,3379
2,8,8,6,279,3379
1,0,8,6,279,3379
1,9,8,6,279,3379
8,4,8,6,279,3379
7,3,8,6,279,3379
7,5,8,6,279,3379
6,2,8,6,279,3379
6,6,8,6,279,3379
5,1,8,6,279,3379
5,7,8,6,279,3379
4,0,8,6,279,3379
4,8,8,6,279,3379
3,0,8,6,279,3379
3,9,8,6,279,3379
2,1,8,6,279,3379
2,9,8,6,279,3379
9,4,8,6,279,3379
9,3,8,6,279,3379
9,5,8,6,279,3379
8,2,8,6,279,3379
8,6,8,6,279,3379
7,1,8,6,279,3379
7,7,8,6,279,3379
6,0,8,6,279,3379
6,8,8,6,279,3379
5,0,8,6,279,3379
5,9,8,6,279,3379
4,1,8,6,279,3379
4,9,8,6,279,3379
3,2,8,6,279,3379
3,8,8,6,279,3379
0,5,7,5,280,2991
1,5,7,5,280,2991
0,4,7,5,280,2991
0,6,7,5,280,2991
2,5,7,5,280,2991
1,4,7,5,280,2991
1,6,7,5,280,2991
0,3,7,5,280,2991
0,7,7,5,280,2991
3,5,7,5,280,2991
2,4,7,5,280,2991
2,6,7,5,280,2991
1,3,7,5,280,2991
1,7,7,5,280,2991
0,2,7,5,280,2991
0,8,7,5,280,2991
5,5,7,5,280,2991
4,4,7,5,280,2991
4,6,7,5,280,2991
3,3,7,5,280,2991
3,7,7,5,280,2991
2,2,7,5,280,2991
2,8,7,5,280,2991
1,1,7,5,280,2991
1,9,7,5,280,2991
7,5,7,5,280,2991
6,4,7,5,280,2991
6,6,7,5,280,2991
5,3,7,5,280,2991
5,7,7,5,280,2991
4,2,7,5,280,2991
4,8,7,5,280,2991
3,1,7,5,280,2991
3,9,7,5,280,2991
2,0,7,5,280,2991
2,9,7,5,280,2991
9,5,7,5,280,2991
8,4,7,5,280,2991
8,6,7,5,280,2991
7,3,7,5,280,2991
7,7,7,5,280,2991
6,2,7,5,280,2991
6,8,7,5,280,2991
5,1,7,5,280,2991
5,9,7,5,280,2991
4,0,7,5,280,2991
4,9,7,5,280,2991
3,0,7,5,280,2991
3,8,7,5,280,2991
0,6,6,4,281,2574
1,6,6,4,281,2574
0,5,6,4,281,2574
0,7,6,4,281,2574
2,6,6,4,281,2574
1,5,6,4,281,2574
1,7,6,4,281,2574
0,4,6,4,281,2574
0,8,6,4,281,2574
4,6,6,4,281,2574
3,5,6,4,281,2574
3,7,6,4,281,2574
2,4,6,4,281,2574
2,8,6,4,281,2574
1,3,6,4,281,2574
1,9,6,4,281,2574
6,6,6,4,281,2574
5,5,6,4,281,2574
5,7,6,4,281,2574
4,4,6,4,281,2574
4,8,6,4,281,2574
3,3,6,4,281,2574
3,9,6,4,281,2574
2,2,6,4,281,2574
2,9,6,4,281,2574
8,6,6,4,281,2574
7,5,6,4,281,2574
7,7,6,4,281,2574
6,4,6,4,281,2574
6,8,6,4,281,2574
5,3,6,4,281,2574
5,9,6,4,281,2574
4,2,6,4,281,2574
4,9,6,4,281,2574
3,1,6,4,281,2574
3,8,6,4,281,2574
0,7,4,4,282,2127
1,7,4,4,282,2127
0,6,4,4,282,2127
0,8,4,4,282,2127
3,7,4,4,282,2127
2,6,4,4,282,2127
2,8,4,4,282,2127
1,5,4,4,282,2127
1,9,4,4,282,2127
5,7,4,4,282,2127
4,6,4,4,282,2127
4,8,4,4,282,2127
3,5,4,4,282,2127
3,9,4,4,282,2127
2,4,4,4,282,2127
2,9,4,4,282,2127
7,7,4,4,282,2127
6,6,4,4,282,2127
6,8,4,4,282,2127
5,5,4,4,282,2127
5,9,4,4,282,2127
4,4,4,4,282,2127
4,9,4,4,282,2127
3,3,4,4,282,2127
3,8,4,4,282,2127
0,2,8,6,283,4403
1,2,8,6,283,4403
0,1,8,6,283,4403
0,3,8,6,283,4403
2,2,8,6,283,4403
1,1,8,6,283,4403
1,3,8,6,283,4403
0,0,8,6,283,4403
0,4,8,6,283,4403
3,2,8,6,283,4403
2,1,8,6,283,4403
2,3,8,6,283,4403
1,0,8,6,283,4403
1,4,8,6,283,4403
0,5,8,6,283,4403
4,2,8,6,283,4403
3,1,8,6,283,4403
3,3,8,6,283,4403
2,0,8,6,283,4403
2,4,8,6,283,4403
1,5,8,6,283,4403
0,6,8,6,283,4403
5,2,8,6,283,4403
4,1,8,6,283,4403
4,3,8,6,283,4403
3,0,8,6,283,4403
3,4,8,6,283,4403
2,5,8,6,283,4403
1,6,8,6,283,4403
0,7,8,6,283,4403
6,2,8,6,283,4403
5,1,8,6,283,4403
5,3,8,6,283,4403
4,0,8,6,283,4403
4,4,8,6,283,4403
3,5,8,6,283,4403
2,6,8,6,283,4403
1,7,8,6,283,4403
0,8,8,6,283,4403
7,2,8,6,283,4403
6,1,8,6,283,4403
6,3,8,6,283,4403
5,0,8,6,283,4403
5,4,8,6,283,4403
4,5,8,6,283,4403
3,6,8,6,283,4403
2,7,8,6,283,4403
1,8,8,6,283,4403
0,9,8,6,283,4403
8,2,8,6,283,4403
7,1,8,6,283,4403
7,3,8,6,283,4403
6,0,8,6,283,4403
6,4,8,6,283,4403
5,5,8,6,283,4403
4,6,8,6,283,4403
3,7,8,6,283,4403
2,8,8,6,283,4403
1,9,8,6,283,4403
9,2,8,6,283,4403
9,1,8,6,283,4403
9,3,8,6,283,4403
8,0,8,6,283,4403
8,4,8,6,283,4403
7,0,8,6,283,4403
7,5,8,6,283,4403
6,6,8,6,283,4403
5,7,8,6,283,4403
4,8,8,6,283,4403
3,9,8,6,283,4403
2,9,8,6,283,4403
8,1,8,6,283,4403
8,3,8,6,283,4403
9,0,8,6,283,4403
9,4,8,6,283,4403
9,5,8,6,283,4403
8,6,8,6,283,4403
7,7,8,6,283,4403
6,8,8,6,283,4403
5,9,8,6,283,4403
4,9,8,6,283,4403
3,8,8,6,283,4403
0,3,8,6,284,4084
1,3,8,6,284,4084
0,2,8,6,284,4084
0,4,8,6,284,4084
2,3,8,6,284,4084
1,2,8,6,284,4084
1,4,8,6,284,4084
0,1,8,6,284,4084
0,5,8,6,284,4084
3,3,8,6,284,4084
2,2,8,6,284,4084
2,4,8,6,284,4084
1,1,8,6,284,4084
1,5,8,6,284,4084
0,0,8,6,284,4084
0,6,8,6,284,4084
4,3,8,6,284,4084
3,2,8,6,284,4084
3,4,8,6,284,4084
2,1,8,6,284,4084
2,5,8,6,284,4084
1,0,8,6,284,4084
1,6,8,6,284,4084
0,7,8,6,284,4084
5,3,8,6,284,4084
4,2,8,6,284,4084
4,4,8,6,284,4084
3,1,8,6,284,4084
3,5,8,6,284,4084
2,0,8,6,284,4084
2,6,8,6,284,4084
1,7,8,6,284,4084
0,8,8,6,284,4084
6,3,8,6,284,4084
5,2,8,6,284,4084
5,4,8,6,284,4084
4,1,8,6,284,4084
4,5,8,6,284,4084
3,0,8,6,284,4084
3,6,8,6,284,4084
2,7,8,6,284,4084
1,8,8,6,284,4084
0,9,8,6,284,4084
7,3,8,6,284,4084
6,2,8,6,284,4084
6,4,8,6,284,4084
5,1,8,6,284,4084
5,5,8,6,284,4084
4,0,8,6,284,4084
4,6,8,6,284,4084
3,7,8,6,284,4084
2,8,8,6,284,4084
1,9,8,6,284,4084
9,3,8,6,284,4084
8,2,8,6,284,4084
8,4,8,6,284,4084
7,1,8,6,284,4084
7,5,8,6,284,4084
6,0,8,6,284,4084
6,6,8,6,284,4084
5,0,8,6,284,4084
5,7,8,6,284,4084
4,8,8,6,284,4084
3,9,8,6,284,4084
2,9,8,6,284,4084
8,3,8,6,284,4084
9,2,8,6,284,4084
9,4,8,6,284,4084
9,1,8,6,284,4084
9,5,8,6,284,4084
8,0,8,6,284,4084
8,6,8,6,284,4084
7,0,8,6,284,4084
7,7,8,6,284,4084
6,1,8,6,284,4084
6,8,8,6,284,4084
5,9,8,6,284,4084
4,9,8,6,284,4084
3,8,8,6,284,4084
0,4,8,6,285,3741
1,4,8,6,285,3741
0,3,8,6,285,3741
0,5,8,6,285,3741
2,4,8,6,285,3741
1,3,8,6,285,3741
1,5,8,6,285,3741
0,2,8,6,285,3741
0,6,8,6,285,3741
3,4,8,6,285,3741
2,3,8,6,285,3741
2,5,8,6,285,3741
1,2,8,6,285,3741
1,6,8,6,285,3741
0,1,8,6,285,3741
0,7,8,6,285,3741
4,4,8,6,285,3741
3,3,8,6,285,3741
3,5,8,6,285,3741
2,2,8,6,285,3741
2,6,8,6,285,3741
1,1,8,6,285,3741
1,7,8,6,285,3741
0,0,8,6,285,3741
0,8,8,6,285,3741
5,4,8,6,285,3741
4,3,8,6,285,3741
4,5,8,6,285,3741
3,2,8,6,285,3741
3,6,8,6,285,3741
2,1,8,6,285,3741
2,7,8,6,285,3741
1,0,8,6,285,3741
1,8,8,6,285,3741
0,9,8,6,285,3741
6,4,8,6,285,3741
5,3,8,6,285,3741
5,5,8,6,285,3741
4,2,8,6,285,3741
4,6,8,6,285,3741
3,1,8,6,285,3741
3,7,8,6,285,3741
2,0,8,6,285,3741
2,8,8,6,285,3741
1,9,8,6,285,3741
8,4,8,6,285,3741
7,3,8,6,285,3741
7,5,8,6,285,3741
6,2,8,6,285,3741
6,6,8,6,285,3741
5,1,8,6,285,3741
5,7,8,6,285,3741
4,0,8,6,285,3741
4,8,8,6,285,3741
3,0,8,6,285,3741
3,9,8,6,285,3741
2,9,8,6,285,3741
9,4,8,6,285,3741
9,3,8,6,285,3741
9,5,8,6,285,3741
8,2,8,6,285,3741
8,6,8,6,285,3741
7,1,8,6,285,3741
7,7,8,6,285,3741
6,0,8,6,285,3741
6,8,8,6,285,3741
5,0,8,6,285,3741
5,9,8,6,285,3741
4,1,8,6,285,3741
4,9,8,6,285,3741
3,8,8,6,285,3741
0,5,7,5,286,3379
1,5,7,5,286,3379
0,4,7,5,286,3379
0,6,7,5,286,3379
2,5,7,5,286,3379
1,4,7,5,286,3379
1,6,7,5,286,3379
0,3,7,5,286,3379
0,7,7,5,286,3379
3,5,7,5,286,3379
2,4,7,5,286,3379
2,6,7,5,286,3379
1,3,7,5,286,3379
1,7,7,5,286,3379
0,2,7,5,286,3379
0,8,7,5,286,3379
4,5,7,5,286,3379
3,4,7,5,286,3379
3,6,7,5,286,3379
2,3,7,5,286,3379
2,7,7,5,286,3379
1,2,7,5,286,3379
1,8,7,5,286,3379
0,1,7,5,286,3379
0,9,7,5,286,3379
5,5,7,5,286,3379
4,4,7,5,286,3379
4,6,7,5,286,3379
3,3,7,5,286,3379
3,7,7,5,286,3379
2,2,7,5,286,3379
2,8,7,5,286,3379
1,1,7,5,286,3379
1,9,7,5,286,3379
0,0,7,5,286,3379
7,5,7,5,286,3379
6,4,7,5,286,3379
6,6,7,5,286,3379
5,3,7,5,286,3379
5,7,7,5,286,3379
4,2,7,5,286,3379
4,8,7,5,286,3379
3,1,7,5,286,3379
3,9,7,5,286,3379
2,0,7,5,286,3379
2,9,7,5,286,3379
1,0,7,5,286,3379
9,5,7,5,286,3379
8,4,7,5,286,3379
8,6,7,5,286,3379
7,3,7,5,286,3379
7,7,7,5,286,3379
6,2,7,5,286,3379
6,8,7,5,286,3379
5,1,7,5,286,3379
5,9,7,5,286,3379
4,0,7,5,286,3379
4,9,7,5,286,3379
3,0,7,5,286,3379
3,8,7,5,286,3379
2,1,7,5,286,3379
0,6,6,4,287,2991
1,6,6,4,287,2991
0,5,6,4,287,2991
0,7,6,4,287,2991
2,6,6,4,287,2991
1,5,6,4,287,2991
1,7,6,4,287,2991
0,4,6,4,287,2991
0,8,6,4,287,2991
3,6,6,4,287,2991
2,5,6,4,287,2991
2,7,6,4,287,2991
1,4,6,4,287,2991
1,8,6,4,287,2991
0,3,6,4,287,2991
0,9,6,4,287,2991
4,6,6,4,287,2991
3,5,6,4,287,2991
3,7,6,4,287,2991
2,4,6,4,287,2991
2,8,6,4,287,2991
1,3,6,4,287,2991
1,9,6,4,287,2991
0,2,6,4,287,2991
6,6,6,4,287,2991
5,5,6,4,287,2991
5,7,6,4,287,2991
4,4,6,4,287,2991
4,8,6,4,287,2991
3,3,6,4,287,2991
3,9,6,4,287,2991
2,2,6,4,287,2991
2,9,6,4,287,2991
1,1,6,4,287,2991
8,6,6,4,287,2991
7,5,6,4,287,2991
7,7,6,4,287,2991
6,4,6,4,287,2991
6,8,6,4,287,2991
5,3,6,4,287,2991
5,9,6,4,287,2991
4,2,6,4,287,2991
4,9,6,4,287,2991
3,1,6,4,287,2991
3,8,6,4,287,2991
2,0,6,4,287,2991
0,2,8,6,288,4700
1,2,8,6,288,4700
0,1,8,6,288,4700
0,3,8,6,288,4700
2,2,8,6,288,4700
1,1,8,6,288,4700
1,3,8,6,288,4700
0,0,8,6,288,4700
0,4,8,6,288,4700
3,2,8,6,288,4700
2,1,8,6,288,4700
2,3,8,6,288,4700
1,0,8,6,288,4700
1,4,8,6,288,4700
0,5,8,6,288,4700
4,2,8,6,288,4700
3,1,8,6,288,4700
3,3,8,6,288,4700
2,0,8,6,288,4700
2,4,8,6,288,4700
1,5,8,6,288,4700
0,6,8,6,288,4700
5,2,8,6,288,4700
4,1,8,6,288,4700
4,3,8,6,288,4700
3,0,8,6,288,4700
3,4,8,6,288,4700
2,5,8,6,288,4700
1,6,8,6,288,4700
0,7,8,6,288,4700
6,2,8,6,288,4700
5,1,8,6,288,4700
5,3,8,6,288,4700
4,0,8,6,288,4700
4,4,8,6,288,4700
3,5,8,6,288,4700
2,6,8,6,288,4700
1,7,8,6,288,4700
0,8,8,6,288,4700
7,2,8,6,288,4700
6,1,8,6,288,4700
6,3,8,6,288,4700
5,0,8,6,288,4700
5,4,8,6,288,4700
4,5,8,6,288,4700
3,6,8,6,288,4700
2,7,8,6,288,4700
1,8,8,6,288,4700
0,9,8,6,288,4700
8,2,8,6,288,4700
7,1,8,6,288,4700
7,3,8,6,288,4700
6,0,8,6,288,4700
6,4,8,6,288,4700
5,5,8,6,288,4700
4,6,8,6,288,4700
3,7,8,6,288,4700
2,8,8,6,288,4700
1,9,8,6,288,4700
9,2,8,6,288,4700
8,1,8,6,288,4700
8,3,8,6,288,4700
7,0,8,6,288,4700
7,4,8,6,288,4700
6,5,8,6,288,4700
5,6,8,6,288,4700
4,7,8,6,288,4700
3,8,8,6,288,4700
2,9,8,6,288,4700
9,1,8,6,288,4700
9,3,8,6,288,4700
8,0,8,6,288,4700
8,4,8,6,288,4700
7,5,8,6,288,4700
6,6,8,6,288,4700
5,7,8,6,288,4700
4,8,8,6,288,4700
3,9,8,6,288,4700
9,0,8,6,288,4700
9,4,8,6,288,4700
9,5,8,6,288,4700
8,6,8,6,288,4700
7,7,8,6,288,4700
6,8,8,6,288,4700
5,9,8,6,288,4700
4,9,8,6,288,4700
0,3,8,6,289,4400
1,3,8,6,289,4400
0,2,8,6,289,4400
0,4,8,6,289,4400
2,3,8,6,289,4400
1,2,8,6,289,4400
1,4,8,6,289,4400
0,1,8,6,289,4400
0,5,8,6,289,4400
3,3,8,6,289,4400
2,2,8,6,289,4400
2,4,8,6,289,4400
1,1,8,6,289,4400
1,5,8,6,289,4400
0,0,8,6,289,4400
0,6,8,6,289,4400
4,3,8,6,289,4400
3,2,8,6,289,4400
3,4,8,6,289,4400
2,1,8,6,289,4400
2,5,8,6,289,4400
1,0,8,6,289,4400
1,6,8,6,289,4400
0,7,8,6,289,4400
5,3,8,6,289,4400
4,2,8,6,289,4400
4,4,8,6,289,4400
3,1,8,6,289,4400
3,5,8,6,289,4400
2,0,8,6,289,4400
2,6,8,6,289,4400
1,7,8,6,289,4400
0,8,8,6,289,4400
6,3,8,6,289,4400
5,2,8,6,289,4400
5,4,8,6,289,4400
4,1,8,6,289,4400
4,5,8,6,289,4400
3,0,8,6,289,4400
3,6,8,6,289,4400
2,7,8,6,289,4400
1,8,8,6,289,4400
0,9,8,6,289,4400
7,3,8,6,289,4400
6,2,8,6,289,4400
6,4,8,6,289,4400
5,1,8,6,289,4400
5,5,8,6,289,4400
4,0,8,6,289,4400
4,6,8,6,289,4400
3,7,8,6,289,4400
2,8,8,6,289,4400
1,9,8,6,289,4400
8,3,8,6,289,4400
7,2,8,6,289,4400
7,4,8,6,289,4400
6,1,8,6,289,4400
6,5,8,6,289,4400
5,0,8,6,289,4400
5,6,8,6,289,4400
4,7,8,6,289,4400
3,8,8,6,289,4400
2,9,8,6,289,4400
9,3,8,6,289,4400
8,2,8,6,289,4400
8,4,8,6,289,4400
7,1,8,6,289,4400
7,5,8,6,289,4400
6,0,8,6,289,4400
6,6,8,6,289,4400
5,7,8,6,289,4400
4,8,8,6,289,4400
3,9,8,6,289,4400
9,2,8,6,289,4400
9,4,8,6,289,4400
9,1,8,6,289,4400
9,5,8,6,289,4400
8,0,8,6,289,4400
8,6,8,6,289,4400
7,0,8,6,289,4400
7,7,8,6,289,4400
6,8,8,6,289,4400
5,9,8,6,289,4400
4,9,8,6,289,4400
0,4,8,6,290,4079
1,4,8,6,290,4079
0,3,8,6,290,4079
0,5,8,6,290,4079
2,4,8,6,290,4079
1,3,8,6,290,4079
1,5,8,6,290,4079
0,2,8,6,290,4079
0,6,8,6,290,4079
3,4,8,6,290,4079
2,3,8,6,290,4079
2,5,8,6,290,4079
1,2,8,6,290,4079
1,6,8,6,290,4079
0,1,8,6,290,4079
0,7,8,6,290,4079
4,4,8,6,290,4079
3,3,8,6,290,4079
3,5,8,6,290,4079
2,2,8,6,290,4079
2,6,8,6,290,4079
1,1,8,6,290,4079
1,7,8,6,290,4079
0,0,8,6,290,4079
0,8,8,6,290,4079
5,4,8,6,290,4079
4,3,8,6,290,4079
4,5,8,6,290,4079
3,2,8,6,290,4079
3,6,8,6,290,4079
2,1,8,6,290,4079
2,7,8,6,290,4079
1,0,8,6,290,4079
1,8,8,6,290,4079
0,9,8,6,290,4079
6,4,8,6,290,4079
5,3,8,6,290,4079
5,5,8,6,290,4079
4,2,8,6,290,4079
4,6,8,6,290,4079
3,1,8,6,290,4079
3,7,8,6,290,4079
2,0,8,6,290,4079
2,8,8,6,290,4079
1,9,8,6,290,4079
7,4,8,6,290,4079
6,3,8,6,290,4079
6,5,8,6,290,4079
5,2,8,6,290,4079
5,6,8,6,290,4079
4,1,8,6,290,4079
4,7,8,6,290,4079
3,0,8,6,290,4079
3,8,8,6,290,4079
2,9,8,6,290,4079
8,4,8,6,290,4079
7,3,8,6,290,4079
7,5,8,6,290,4079
6,2,8,6,290,4079
6,6,8,6,290,4079
5,1,8,6,290,4079
5,7,8,6,290,4079
4,0,8,6,290,4079
4,8,8,6,290,4079
3,9,8,6,290,4079
9,4,8,6,290,4079
9,3,8,6,290,4079
9,5,8,6,290,4079
8,2,8,6,290,4079
8,6,8,6,290,4079
7,1,8,6,290,4079
7,7,8,6,290,4079
6,0,8,6,290,4079
6,8,8,6,290,4079
5,0,8,6,290,4079
5,9,8,6,290,4079
4,9,8,6,290,4079
0,5,7,5,291,3741
1,5,7,5,291,3741
0,4,7,5,291,3741
0,6,7,5,291,3741
2,5,7,5,291,3741
1,4,7,5,291,3741
1,6,7,5,291,3741
0,3,7,5,291,3741
0,7,7,5,291,3741
3,5,7,5,291,3741
2,4,7,5,291,3741
2,6,7,5,291,3741
1,3,7,5,291,3741
1,7,7,5,291,3741
0,2,7,5,291,3741
0,8,7,5,291,3741
4,5,7,5,291,3741
3,4,7,5,291,3741
3,6,7,5,291,3741
2,3,7,5,291,3741
2,7,7,5,291,3741
1,2,7,5,291,3741
1,8,7,5,291,3741
0,1,7,5,291,3741
0,9,7,5,291,3741
5,5,7,5,291,3741
4,4,7,5,291,3741
4,6,7,5,291,3741
3,3,7,5,291,3741
3,7,7,5,291,3741
2,2,7,5,291,3741
2,8,7,5,291,3741
1,1,7,5,291,3741
1,9,7,5,291,3741
0,0,7,5,291,3741
6,5,7,5,291,3741
5,4,7,5,291,3741
5,6,7,5,291,3741
4,3,7,5,291,3741
4,7,7,5,291,3741
3,2,7,5,291,3741
3,8,7,5,291,3741
2,1,7,5,291,3741
2,9,7,5,291,3741
1,0,7,5,291,3741
7,5,7,5,291,3741
6,4,7,5,291,3741
6,6,7,5,291,3741
5,3,7,5,291,3741
5,7,7,5,291,3741
4,2,7,5,291,3741
4,8,7,5,291,3741
3,1,7,5,291,3741
3,9,7,5,291,3741
2,0,7,5,291,3741
9,5,7,5,291,3741
8,4,7,5,291,3741
8,6,7,5,291,3741
7,3,7,5,291,3741
7,7,7,5,291,3741
6,2,7,5,291,3741
6,8,7,5,291,3741
5,1,7,5,291,3741
5,9,7,5,291,3741
4,0,7,5,291,3741
4,9,7,5,291,3741
3,0,7,5,291,3741
0,7,3,7,292,2998
1,7,3,7,292,2998
0,6,3,7,292,2998
0,8,3,7,292,2998
2,7,3,7,292,2998
1,6,3,7,292,2998
1,8,3,7,292,2998
0,5,3,7,292,2998
0,9,3,7,292,2998
3,7,3,7,292,2998
2,6,3,7,292,2998
2,8,3,7,292,2998
1,5,3,7,292,2998
1,9,3,7,292,2998
0,4,3,7,292,2998
4,7,3,7,292,2998
3,6,3,7,292,2998
3,8,3,7,292,2998
2,5,3,7,292,2998
2,9,3,7,292,2998
1,4,3,7,292,2998
0,3,3,7,292,2998
5,7,3,7,292,2998
4,6,3,7,292,2998
4,8,3,7,292,2998
3,5,3,7,292,2998
3,9,3,7,292,2998
2,4,3,7,292,2998
1,3,3,7,292,2998
0,2,3,7,292,2998
7,7,3,7,292,2998
6,6,3,7,292,2998
6,8,3,7,292,2998
5,5,3,7,292,2998
5,9,3,7,292,2998
4,4,3,7,292,2998
4,9,3,7,292,2998
3,3,3,7,292,2998
2,2,3,7,292,2998
1,1,3,7,292,2998
0,8,3,7,293,2583
1,8,3,7,293,2583
0,7,3,7,293,2583
0,9,3,7,293,2583
2,8,3,7,293,2583
1,7,3,7,293,2583
1,9,3,7,293,2583
0,6,3,7,293,2583
3,8,3,7,293,2583
2,7,3,7,293,2583
2,9,3,7,293,2583
1,6,3,7,293,2583
0,5,3,7,293,2583
4,8,3,7,293,2583
3,7,3,7,293,2583
3,9,3,7,293,2583
2,6,3,7,293,2583
1,5,3,7,293,2583
0,4,3,7,293,2583
6,8,3,7,293,2583
5,7,3,7,293,2583
5,9,3,7,293,2583
4,6,3,7,293,2583
4,9,3,7,293,2583
3,5,3,7,293,2583
2,4,3,7,293,2583
1,3,3,7,293,2583
0,9,3,7,294,2137
1,9,3,7,294,2137
0,8,3,7,294,2137
2,9,3,7,294,2137
1,8,3,7,294,2137
0,7,3,7,294,2137
3,9,3,7,294,2137
2,8,3,7,294,2137
1,7,3,7,294,2137
0,6,3,7,294,2137
5,9,3,7,294,2137
4,8,3,7,294,2137
4,9,3,7,294,2137
3,7,3,7,294,2137
3,8,3,7,294,2137
2,6,3,7,294,2137
2,7,3,7,294,2137
1,5,3,7,294,2137
1,6,3,7,294,2137
0,6,3,7,295,3770
1,6,3,7,295,3770
0,5,3,7,295,3770
0,7,3,7,295,3770
2,6,3,7,295,3770
1,5,3,7,295,3770
1,7,3,7,295,3770
0,4,3,7,295,3770
0,8,3,7,295,3770
3,6,3,7,295,3770
2,5,3,7,295,3770
2,7,3,7,295,3770
1,4,3,7,295,3770
1,8,3,7,295,3770
0,3,3,7,295,3770
0,9,3,7,295,3770
4,6,3,7,295,3770
3,5,3,7,295,3770
3,7,3,7,295,3770
2,4,3,7,295,3770
2,8,3,7,295,3770
1,3,3,7,295,3770
1,9,3,7,295,3770
0,2,3,7,295,3770
5,6,3,7,295,3770
4,5,3,7,295,3770
4,7,3,7,295,3770
3,4,3,7,295,3770
3,8,3,7,295,3770
2,3,3,7,295,3770
2,9,3,7,295,3770
1,2,3,7,295,3770
0,1,3,7,295,3770
6,6,3,7,295,3770
5,5,3,7,295,3770
5,7,3,7,295,3770
4,4,3,7,295,3770
4,8,3,7,295,3770
3,3,3,7,295,3770
3,9,3,7,295,3770
2,2,3,7,295,3770
1,1,3,7,295,3770
0,0,3,7,295,3770
7,6,3,7,295,3770
6,5,3,7,295,3770
6,7,3,7,295,3770
5,4,3,7,295,3770
5,8,3,7,295,3770
4,3,3,7,295,3770
4,9,3,7,295,3770
3,2,3,7,295,3770
2,1,3,7,295,3770
1,0,3,7,295,3770
8,6,3,7,295,3770
7,5,3,7,295,3770
7,7,3,7,295,3770
6,4,3,7,295,3770
6,8,3,7,295,3770
5,3,3,7,295,3770
5,9,3,7,295,3770
4,2,3,7,295,3770
3,1,3,7,295,3770
2,0,3,7,295,3770
0,7,3,7,296,3399
1,7,3,7,296,3399
0,6,3,7,296,3399
0,8,3,7,296,3399
2,7,3,7,296,3399
1,6,3,7,296,3399
1,8,3,7,296,3399
0,5,3,7,296,3399
0,9,3,7,296,3399
3,7,3,7,296,3399
2,6,3,7,296,3399
2,8,3,7,296,3399
1,5,3,7,296,3399
1,9,3,7,296,3399
0,4,3,7,296,3399
4,7,3,7,296,3399
3,6,3,7,296,3399
3,8,3,7,296,3399
2,5,3,7,296,3399
2,9,3,7,296,3399
1,4,3,7,296,3399
0,3,3,7,296,3399
5,7,3,7,296,3399
4,6,3,7,296,3399
4,8,3,7,296,3399
3,5,3,7,296,3399
3,9,3,7,296,3399
2,4,3,7,296,3399
1,3,3,7,296,3399
0,2,3,7,296,3399
6,7,3,7,296,3399
5,6,3,7,296,3399
5,8,3,7,296,3399
4,5,3,7,296,3399
4,9,3,7,296,3399
3,4,3,7,296,3399
2,3,3,7,296,3399
1,2,3,7,296,3399
0,1,3,7,296,3399
7,7,3,7,296,3399
6,6,3,7,296,3399
6,8,3,7,296,3399
5,5,3,7,296,3399
5,9,3,7,296,3399
4,4,3,7,296,3399
3,3,3,7,296,3399
2,2,3,7,296,3399
1,1,3,7,296,3399
0,0,3,7,296,3399
0,8,3,7,297,3002
1,8,3,7,297,3002
0,7,3,7,297,3002
0,9,3,7,297,3002
2,8,3,7,297,3002
1,7,3,7,297,3002
1,9,3,7,297,3002
0,6,3,7,297,3002
3,8,3,7,297,3002
2,7,3,7,297,3002
2,9,3,7,297,3002
1,6,3,7,297,3002
0,5,3,7,297,3002
4,8,3,7,297,3002
3,7,3,7,297,3002
3,9,3,7,297,3002
2,6,3,7,297,3002
1,5,3,7,297,3002
0,4,3,7,297,3002
5,8,3,7,297,3002
4,7,3,7,297,3002
4,9,3,7,297,3002
3,6,3,7,297,3002
2,5,3,7,297,3002
1,4,3,7,297,3002
0,3,3,7,297,3002
6,8,3,7,297,3002
5,7,3,7,297,3002
5,9,3,7,297,3002
4,6,3,7,297,3002
3,5,3,7,297,3002
2,4,3,7,297,3002
1,3,3,7,297,3002
0,2,3,7,297,3002
5,5,8,6,46,1138
7,5,8,6,46,1138
6,4,8,6,46,1138
6,6,8,6,46,1138
9,5,8,6,46,1138
8,4,8,6,46,1138
8,6,8,6,46,1138
7,3,8,6,46,1138
7,7,8,6,46,1138
3,5,8,6,114,1650
5,5,8,6,114,1650
4,4,8,6,114,1650
4,6,8,6,114,1650
7,5,8,6,114,1650
6,4,8,6,114,1650
6,6,8,6,114,1650
5,3,8,6,114,1650
5,7,8,6,114,1650
9,5,8,6,114,1650
8,4,8,6,114,1650
8,6,8,6,114,1650
7,3,8,6,114,1650
7,7,8,6,114,1650
6,2,8,6,114,1650
6,8,8,6,114,1650
2,6,3,5,298,1650
4,6,3,5,298,1650
3,5,3,5,298,1650
3,7,3,5,298,1650
6,6,3,5,298,1650
5,5,3,5,298,1650
5,7,3,5,298,1650
4,4,3,5,298,1650
4,8,3,5,298,1650
8,6,3,5,298,1650
7,5,3,5,298,1650
7,7,3,5,298,1650
6,4,3,5,298,1650
6,8,3,5,298,1650
5,3,3,5,298,1650
5,9,3,5,298,1650
1,7,3,5,299,1650
3,7,3,5,299,1650
2,6,3,5,299,1650
2,8,3,5,299,1650
5,7,3,5,299,1650
4,6,3,5,299,1650
4,8,3,5,299,1650
3,5,3,5,299,1650
3,9,3,5,299,1650
7,7,3,5,299,1650
6,6,3,5,299,1650
6,8,3,5,299,1650
5,5,3,5,299,1650
5,9,3,5,299,1650
4,4,3,5,299,1650
4,9,3,5,299,1650
2,8,4,6,254,1136
4,8,4,6,254,1136
3,7,4,6,254,1136
3,9,4,6,254,1136
6,8,4,6,254,1136
5,7,4,6,254,1136
5,9,4,6,254,1136
4,6,4,6,254,1136
4,9,4,6,254,1136
0,8,3,5,300,1646
2,8,3,5,300,1646
1,7,3,5,300,1646
1,9,3,5,300,1646
4,8,3,5,300,1646
3,7,3,5,300,1646
3,9,3,5,300,1646
2,6,3,5,300,1646
2,9,3,5,300,1646
6,8,3,5,300,1646
5,7,3,5,300,1646
5,9,3,5,300,1646
4,6,3,5,300,1646
4,9,3,5,300,1646
3,5,3,5,300,1646
3,8,3,5,300,1646
1,9,3,7,301,1138
3,9,3,7,301,1138
2,8,3,7,301,1138
2,9,3,7,301,1138
5,9,3,7,301,1138
4,8,3,7,301,1138
4,9,3,7,301,1138
3,7,3,7,301,1138
3,8,3,7,301,1138
0,9,3,7,302,1655
1,9,3,7,302,1655
0,8,3,7,302,1655
3,9,3,7,302,1655
2,8,3,7,302,1655
2,9,3,7,302,1655
1,7,3,7,302,1655
1,8,3,7,302,1655
5,9,3,7,302,1655
4,8,3,7,302,1655
4,9,3,7,302,1655
3,7,3,7,302,1655
3,8,3,7,302,1655
2,6,3,7,302,1655
2,7,3,7,302,1655
6,6,8,6,19,588
8,6,8,6,19,588
7,5,8,6,19,588
7,7,8,6,19,588
5,7,6,8,7,588
7,7,6,8,7,588
6,6,6,8,7,588
6,8,6,8,7,588
9,5,9,5,0,0
8,6,8,6,0,0
7,7,7,7,0,0
6,8,6,8,0,0
5,9,5,9,0,0
0,0,7,6,303,4422
1,0,7,6,303,4422
0,1,7,6,303,4422
2,0,7,6,303,4422
1,1,7,6,303,4422
0,2,7,6,303,4422
3,0,7,6,303,4422
2,1,7,6,303,4422
1,2,7,6,303,4422
0,3,7,6,303,4422
4,0,7,6,303,4422
3,1,7,6,303,4422
2,2,7,6,303,4422
1,3,7,6,303,4422
0,4,7,6,303,4422
5,0,7,6,303,4422
4,1,7,6,303,4422
3,2,7,6,303,4422
2,3,7,6,303,4422
1,4,7,6,303,4422
0,5,7,6,303,4422
7,0,7,6,303,4422
6,0,7,6,303,4422
6,1,7,6,303,4422
5,1,7,6,303,4422
5,2,7,6,303,4422
4,2,7,6,303,4422
4,3,7,6,303,4422
3,3,7,6,303,4422
3,4,7,6,303,4422
2,4,7,6,303,4422
2,5,7,6,303,4422
1,5,7,6,303,4422
1,6,7,6,303,4422
9,0,7,6,303,4422
8,0,7,6,303,4422
8,1,7,6,303,4422
7,1,7,6,303,4422
7,2,7,6,303,4422
6,2,7,6,303,4422
6,3,7,6,303,4422
5,3,7,6,303,4422
5,4,7,6,303,4422
4,4,7,6,303,4422
4,5,7,6,303,4422
3,5,7,6,303,4422
3,6,7,6,303,4422
2,6,7,6,303,4422
2,7,7,6,303,4422
9,1,7,6,303,4422
9,2,7,6,303,4422
8,2,7,6,303,4422
8,3,7,6,303,4422
7,3,7,6,303,4422
7,4,7,6,303,4422
6,4,7,6,303,4422
6,5,7,6,303,4422
5,5,7,6,303,4422
5,6,7,6,303,4422
4,6,7,6,303,4422
4,7,7,6,303,4422
3,7,7,6,303,4422
3,8,7,6,303,4422
9,3,7,6,303,4422
9,4,7,6,303,4422
8,4,7,6,303,4422
8,5,7,6,303,4422
7,5,7,6,303,4422
7,6,7,6,303,4422
6,6,7,6,303,4422
6,7,7,6,303,4422
5,7,7,6,303,4422
5,8,7,6,303,4422
4,8,7,6,303,4422
4,9,7,6,303,4422
9,5,7,6,303,4422
9,6,7,6,303,4422
8,6,7,6,303,4422
8,7,7,6,303,4422
7,7,7,6,303,4422
7,8,7,6,303,4422
6,8,7,6,303,4422
6,9,7,6,303,4422
5,9,7,6,303,4422
0,0,6,5,304,4110
1,0,6,5,304,4110
0,1,6,5,304,4110
2,0,6,5,304,4110
1,1,6,5,304,4110
0,2,6,5,304,4110
3,0,6,5,304,4110
2,1,6,5,304,4110
1,2,6,5,304,4110
0,3,6,5,304,4110
5,0,6,5,304,4110
4,0,6,5,304,4110
4,1,6,5,304,4110
3,1,6,5,304,4110
3,2,6,5,304,4110
2,2,6,5,304,4110
2,3,6,5,304,4110
1,3,6,5,304,4110
1,4,6,5,304,4110
7,0,6,5,304,4110
6,0,6,5,304,4110
6,1,6,5,304,4110
5,1,6,5,304,4110
5,2,6,5,304,4110
4,2,6,5,304,4110
4,3,6,5,304,4110
3,3,6,5,304,4110
3,4,6,5,304,4110
2,4,6,5,304,4110
2,5,6,5,304,4110
9,0,6,5,304,4110
8,0,6,5,304,4110
8,1,6,5,304,4110
7,1,6,5,304,4110
7,2,6,5,304,4110
6,2,6,5,304,4110
6,3,6,5,304,4110
5,3,6,5,304,4110
5,4,6,5,304,4110
4,4,6,5,304,4110
4,5,6,5,304,4110
3,5,6,5,304,4110
3,6,6,5,304,4110
9,1,6,5,304,4110
9,2,6,5,304,4110
8,2,6,5,304,4110
8,3,6,5,304,4110
7,3,6,5,304,4110
7,4,6,5,304,4110
6,4,6,5,304,4110
6,5,6,5,304,4110
5,5,6,5,304,4110
5,6,6,5,304,4110
4,6,6,5,304,4110
4,7,6,5,304,4110
9,3,6,5,304,4110
9,4,6,5,304,4110
8,4,6,5,304,4110
8,5,6,5,304,4110
7,5,6,5,304,4110
7,6,6,5,304,4110
6,6,6,5,304,4110
6,7,6,5,304,4110
5,7,6,5,304,4110
5,8,6,5,304,4110
9,5,6,5,304,4110
9,6,6,5,304,4110
8,6,6,5,304,4110
8,7,6,5,304,4110
7,7,6,5,304,4110
7,8,6,5,304,4110
6,8,6,5,304,4110
6,9,6,5,304,4110
0,0,5,4,305,3771
1,0,5,4,305,3771
0,1,5,4,305,3771
3,0,5,4,305,3771
2,0,5,4,305,3771
2,1,5,4,305,3771
1,1,5,4,305,3771
1,2,5,4,305,3771
5,0,5,4,305,3771
4,0,5,4,305,3771
4,1,5,4,305,3771
3,1,5,4,305,3771
3,2,5,4,305,3771
2,2,5,4,305,3771
2,3,5,4,305,3771
7,0,5,4,305,3771
6,0,5,4,305,3771
6,1,5,4,305,3771
5,1,5,4,305,3771
5,2,5,4,305,3771
4,2,5,4,305,3771
4,3,5,4,305,3771
3,3,5,4,305,3771
3,4,5,4,305,3771
9,0,5,4,305,3771
8,0,5,4,305,3771
8,1,5,4,305,3771
7,1,5,4,305,3771
7,2,5,4,305,3771
6,2,5,4,305,3771
6,3,5,4,305,3771
5,3,5,4,305,3771
5,4,5,4,305,3771
4,4,5,4,305,3771
4,5,5,4,305,3771
9,1,5,4,305,3771
9,2,5,4,305,3771
8,2,5,4,305,3771
8,3,5,4,305,3771
7,3,5,4,305,3771
7,4,5,4,305,3771
6,4,5,4,305,3771
6,5,5,4,305,3771
5,5,5,4,305,3771
5,6,5,4,305,3771
9,3,5,4,305,3771
9,4,5,4,305,3771
8,4,5,4,305,3771
8,5,5,4,305,3771
7,5,5,4,305,3771
7,6,5,4,305,3771
6,6,5,4,305,3771
6,7,5,4,305,3771
9,5,5,4,305,3771
9,6,5,4,305,3771
8,6,5,4,305,3771
8,7,5,4,305,3771
7,7,5,4,305,3771
7,8,5,4,305,3771
1,0,4,3,306,3402
3,0,4,3,306,3402
2,0,4,3,306,3402
2,1,4,3,306,3402
5,0,4,3,306,3402
4,0,4,3,306,3402
4,1,4,3,306,3402
3,1,4,3,306,3402
3,2,4,3,306,3402
7,0,4,3,306,3402
6,0,4,3,306,3402
6,1,4,3,306,3402
5,1,4,3,306,3402
5,2,4,3,306,3402
4,2,4,3,306,3402
4,3,4,3,306,3402
9,0,4,3,306,3402
8,0,4,3,306,3402
8,1,4,3,306,3402
7,1,4,3,306,3402
7,2,4,3,306,3402
6,2,4,3,306,3402
6,3,4,3,306,3402
5,3,4,3,306,3402
5,4,4,3,306,3402
9,1,4,3,306,3402
9,2,4,3,306,3402
8,2,4,3,306,3402
8,3,4,3,306,3402
7,3,4,3,306,3402
7,4,4,3,306,3402
6,4,4,3,306,3402
6,5,4,3,306,3402
9,3,4,3,306,3402
9,4,4,3,306,3402
8,4,4,3,306,3402
8,5,4,3,306,3402
7,5,4,3,306,3402
7,6,4,3,306,3402
9,5,4,3,306,3402
9,6,4,3,306,3402
8,6,4,3,306,3402
8,7,4,3,306,3402
3,0,4,1,307,2993
5,0,4,1,307,2993
4,0,4,1,307,2993
4,1,4,1,307,2993
7,0,4,1,307,2993
6,0,4,1,307,2993
6,1,4,1,307,2993
5,1,4,1,307,2993
5,2,4,1,307,2993
9,0,4,1,307,2993
8,0,4,1,307,2993
8,1,4,1,307,2993
7,1,4,1,307,2993
7,2,4,1,307,2993
6,2,4,1,307,2993
6,3,4,1,307,2993
9,1,4,1,307,2993
9,2,4,1,307,2993
8,2,4,1,307,2993
8,3,4,1,307,2993
7,3,4,1,307,2993
7,4,4,1,307,2993
9,3,4,1,307,2993
9,4,4,1,307,2993
8,4,4,1,307,2993
8,5,4,1,307,2993
9,5,4,1,307,2993
9,6,4,1,307,2993
4,1,5,0,308,2576
6,1,5,0,308,2576
5,0,5,0,308,2576
5,2,5,0,308,2576
8,1,5,0,308,2576
7,0,5,0,308,2576
7,2,5,0,308,2576
6,0,5,0,308,2576
6,3,5,0,308,2576
9,1,5,0,308,2576
9,0,5,0,308,2576
9,2,5,0,308,2576
8,0,5,0,308,2576
8,3,5,0,308,2576
7,1,5,0,308,2576
7,4,5,0,308,2576
8,2,5,0,308,2576
9,3,5,0,308,2576
9,4,5,0,308,2576
8,5,5,0,308,2576
5,1,5,0,308,2576
6,2,5,0,308,2576
7,3,5,0,308,2576
8,4,5,0,308,2576
9,5,5,0,308,2576
9,6,5,0,308,2576
2,1,4,1,309,2997
4,1,4,1,309,2997
3,0,4,1,309,2997
3,2,4,1,309,2997
6,1,4,1,309,2997
5,0,4,1,309,2997
5,2,4,1,309,2997
4,0,4,1,309,2997
4,3,4,1,309,2997
8,1,4,1,309,2997
7,0,4,1,309,2997
7,2,4,1,309,2997
6,0,4,1,309,2997
6,3,4,1,309,2997
5,1,4,1,309,2997
5,4,4,1,309,2997
9,1,4,1,309,2997
9,0,4,1,309,2997
9,2,4,1,309,2997
8,0,4,1,309,2997
8,3,4,1,309,2997
7,1,4,1,309,2997
7,4,4,1,309,2997
6,2,4,1,309,2997
6,5,4,1,309,2997
8,2,4,1,309,2997
9,3,4,1,309,2997
9,4,4,1,309,2997
8,5,4,1,309,2997
7,3,4,1,309,2997
7,6,4,1,309,2997
8,4,4,1,309,2997
9,5,4,1,309,2997
9,6,4,1,309,2997
8,7,4,1,309,2997
0,1,4,3,310,3398
2,1,4,3,310,3398
1,0,4,3,310,3398
1,2,4,3,310,3398
4,1,4,3,310,3398
3,0,4,3,310,3398
3,2,4,3,310,3398
2,0,4,3,310,3398
2,3,4,3,310,3398
6,1,4,3,310,3398
5,0,4,3,310,3398
5,2,4,3,310,3398
4,0,4,3,310,3398
4,3,4,3,310,3398
3,1,4,3,310,3398
3,4,4,3,310,3398
8,1,4,3,310,3398
7,0,4,3,310,3398
7,2,4,3,310,3398
6,0,4,3,310,3398
6,3,4,3,310,3398
5,1,4,3,310,3398
5,4,4,3,310,3398
4,2,4,3,310,3398
4,5,4,3,310,3398
9,1,4,3,310,3398
9,0,4,3,310,3398
9,2,4,3,310,3398
8,0,4,3,310,3398
8,3,4,3,310,3398
7,1,4,3,310,3398
7,4,4,3,310,3398
6,2,4,3,310,3398
6,5,4,3,310,3398
5,3,4,3,310,3398
5,6,4,3,310,3398
8,2,4,3,310,3398
9,3,4,3,310,3398
9,4,4,3,310,3398
8,5,4,3,310,3398
7,3,4,3,310,3398
7,6,4,3,310,3398
6,4,4,3,310,3398
6,7,4,3,310,3398
8,4,4,3,310,3398
9,5,4,3,310,3398
9,6,4,3,310,3398
8,7,4,3,310,3398
7,5,4,3,310,3398
7,8,4,3,310,3398
0,1,5,4,311,3763
1,1,5,4,311,3763
0,0,5,4,311,3763
0,2,5,4,311,3763
2,1,5,4,311,3763
1,0,5,4,311,3763
1,2,5,4,311,3763
0,3,5,4,311,3763
4,1,5,4,311,3763
3,0,5,4,311,3763
3,2,5,4,311,3763
2,0,5,4,311,3763
2,3,5,4,311,3763
1,4,5,4,311,3763
6,1,5,4,311,3763
5,0,5,4,311,3763
5,2,5,4,311,3763
4,0,5,4,311,3763
4,3,5,4,311,3763
3,1,5,4,311,3763
3,4,5,4,311,3763
2,2,5,4,311,3763
2,5,5,4,311,3763
8,1,5,4,311,3763
7,0,5,4,311,3763
7,2,5,4,311,3763
6,0,5,4,311,3763
6,3,5,4,311,3763
5,1,5,4,311,3763
5,4,5,4,311,3763
4,2,5,4,311,3763
4,5,5,4,311,3763
3,3,5,4,311,3763
3,6,5,4,311,3763
9,1,5,4,311,3763
9,0,5,4,311,3763
9,2,5,4,311,3763
8,0,5,4,311,3763
8,3,5,4,311,3763
7,1,5,4,311,3763
7,4,5,4,311,3763
6,2,5,4,311,3763
6,5,5,4,311,3763
5,3,5,4,311,3763
5,6,5,4,311,3763
4,4,5,4,311,3763
4,7,5,4,311,3763
8,2,5,4,311,3763
9,3,5,4,311,3763
9,4,5,4,311,3763
8,5,5,4,311,3763
7,3,5,4,311,3763
7,6,5,4,311,3763
6,4,5,4,311,3763
6,7,5,4,311,3763
5,5,5,4,311,3763
5,8,5,4,311,3763
8,4,5,4,311,3763
9,5,5,4,311,3763
9,6,5,4,311,3763
8,7,5,4,311,3763
7,5,5,4,311,3763
7,8,5,4,311,3763
6,6,5,4,311,3763
6,9,5,4,311,3763
0,3,8,7,312,2991
2,3,8,7,312,2991
1,2,8,7,312,2991
1,4,8,7,312,2991
4,3,8,7,312,2991
3,2,8,7,312,2991
3,4,8,7,312,2991
2,1,8,7,312,2991
2,5,8,7,312,2991
6,3,8,7,312,2991
5,2,8,7,312,2991
5,4,8,7,312,2991
4,1,8,7,312,2991
4,5,8,7,312,2991
3,0,8,7,312,2991
3,6,8,7,312,2991
8,3,8,7,312,2991
7,2,8,7,312,2991
7,4,8,7,312,2991
6,1,8,7,312,2991
6,5,8,7,312,2991
5,0,8,7,312,2991
5,6,8,7,312,2991
4,0,8,7,312,2991
4,7,8,7,312,2991
9,3,8,7,312,2991
9,2,8,7,312,2991
9,4,8,7,312,2991
8,1,8,7,312,2991
8,5,8,7,312,2991
7,0,8,7,312,2991
7,6,8,7,312,2991
6,0,8,7,312,2991
6,7,8,7,312,2991
5,1,8,7,312,2991
5,8,8,7,312,2991
7,3,8,7,312,2991
8,2,8,7,312,2991
8,4,8,7,312,2991
9,1,8,7,312,2991
9,5,8,7,312,2991
9,0,8,7,312,2991
9,6,8,7,312,2991
8,0,8,7,312,2991
8,7,8,7,312,2991
7,1,8,7,312,2991
7,8,8,7,312,2991
6,2,8,7,312,2991
6,9,8,7,312,2991
1,4,8,7,313,2574
3,4,8,7,313,2574
2,3,8,7,313,2574
2,5,8,7,313,2574
5,4,8,7,313,2574
4,3,8,7,313,2574
4,5,8,7,313,2574
3,2,8,7,313,2574
3,6,8,7,313,2574
7,4,8,7,313,2574
6,3,8,7,313,2574
6,5,8,7,313,2574
5,2,8,7,313,2574
5,6,8,7,313,2574
4,1,8,7,313,2574
4,7,8,7,313,2574
9,4,8,7,313,2574
8,3,8,7,313,2574
8,5,8,7,313,2574
7,2,8,7,313,2574
7,6,8,7,313,2574
6,1,8,7,313,2574
6,7,8,7,313,2574
5,0,8,7,313,2574
5,8,8,7,313,2574
8,4,8,7,313,2574
9,3,8,7,313,2574
9,5,8,7,313,2574
9,2,8,7,313,2574
9,6,8,7,313,2574
8,1,8,7,313,2574
8,7,8,7,313,2574
7,0,8,7,313,2574
7,8,8,7,313,2574
6,0,8,7,313,2574
6,9,8,7,313,2574
0,1,7,6,314,4086
1,1,7,6,314,4086
0,0,7,6,314,4086
0,2,7,6,314,4086
2,1,7,6,314,4086
1,0,7,6,314,4086
1,2,7,6,314,4086
0,3,7,6,314,4086
3,1,7,6,314,4086
2,0,7,6,314,4086
2,2,7,6,314,4086
1,3,7,6,314,4086
0,4,7,6,314,4086
4,1,7,6,314,4086
3,0,7,6,314,4086
3,2,7,6,314,4086
2,3,7,6,314,4086
1,4,7,6,314,4086
0,5,7,6,314,4086
6,1,7,6,314,4086
5,0,7,6,314,4086
5,2,7,6,314,4086
4,0,7,6,314,4086
4,3,7,6,314,4086
3,4,7,6,314,4086
2,5,7,6,314,4086
1,6,7,6,314,4086
8,1,7,6,314,4086
7,0,7,6,314,4086
7,2,7,6,314,4086
6,0,7,6,314,4086
6,3,7,6,314,4086
5,1,7,6,314,4086
5,4,7,6,314,4086
4,2,7,6,314,4086
4,5,7,6,314,4086
3,3,7,6,314,4086
3,6,7,6,314,4086
2,4,7,6,314,4086
2,7,7,6,314,4086
9,1,7,6,314,4086
9,0,7,6,314,4086
9,2,7,6,314,4086
8,0,7,6,314,4086
8,3,7,6,314,4086
7,1,7,6,314,4086
7,4,7,6,314,4086
6,2,7,6,314,4086
6,5,7,6,314,4086
5,3,7,6,314,4086
5,6,7,6,314,4086
4,4,7,6,314,4086
4,7,7,6,314,4086
3,5,7,6,314,4086
3,8,7,6,314,4086
8,2,7,6,314,4086
9,3,7,6,314,4086
9,4,7,6,314,4086
8,5,7,6,314,4086
7,3,7,6,314,4086
7,6,7,6,314,4086
6,4,7,6,314,4086
6,7,7,6,314,4086
5,5,7,6,314,4086
5,8,7,6,314,4086
4,6,7,6,314,4086
4,9,7,6,314,4086
8,4,7,6,314,4086
9,5,7,6,314,4086
9,6,7,6,314,4086
8,7,7,6,314,4086
7,5,7,6,314,4086
7,8,7,6,314,4086
6,6,7,6,314,4086
6,9,7,6,314,4086
5,7,7,6,314,4086
5,9,7,6,314,4086
0,4,8,7,315,2992
1,4,8,7,315,2992
0,3,8,7,315,2992
0,5,8,7,315,2992
3,4,8,7,315,2992
2,3,8,7,315,2992
2,5,8,7,315,2992
1,2,8,7,315,2992
1,6,8,7,315,2992
5,4,8,7,315,2992
4,3,8,7,315,2992
4,5,8,7,315,2992
3,2,8,7,315,2992
3,6,8,7,315,2992
2,1,8,7,315,2992
2,7,8,7,315,2992
7,4,8,7,315,2992
6,3,8,7,315,2992
6,5,8,7,315,2992
5,2,8,7,315,2992
5,6,8,7,315,2992
4,1,8,7,315,2992
4,7,8,7,315,2992
3,0,8,7,315,2992
3,8,8,7,315,2992
9,4,8,7,315,2992
8,3,8,7,315,2992
8,5,8,7,315,2992
7,2,8,7,315,2992
7,6,8,7,315,2992
6,1,8,7,315,2992
6,7,8,7,315,2992
5,0,8,7,315,2992
5,8,8,7,315,2992
4,0,8,7,315,2992
4,9,8,7,315,2992
8,4,8,7,315,2992
9,3,8,7,315,2992
9,5,8,7,315,2992
9,2,8,7,315,2992
9,6,8,7,315,2992
8,1,8,7,315,2992
8,7,8,7,315,2992
7,0,8,7,315,2992
7,8,8,7,315,2992
6,0,8,7,315,2992
6,9,8,7,315,2992
5,1,8,7,315,2992
5,9,8,7,315,2992
0,1,8,7,316,4403
1,1,8,7,316,4403
0,0,8,7,316,4403
0,2,8,7,316,4403
2,1,8,7,316,4403
1,0,8,7,316,4403
1,2,8,7,316,4403
0,3,8,7,316,4403
3,1,8,7,316,4403
2,0,8,7,316,4403
2,2,8,7,316,4403
1,3,8,7,316,4403
0,4,8,7,316,4403
4,1,8,7,316,4403
3,0,8,7,316,4403
3,2,8,7,316,4403
2,3,8,7,316,4403
1,4,8,7,316,4403
0,5,8,7,316,4403
5,1,8,7,316,4403
4,0,8,7,316,4403
4,2,8,7,316,4403
3,3,8,7,316,4403
2,4,8,7,316,4403
1,5,8,7,316,4403
0,6,8,7,316,4403
6,1,8,7,316,4403
5,0,8,7,316,4403
5,2,8,7,316,4403
4,3,8,7,316,4403
3,4,8,7,316,4403
2,5,8,7,316,4403
1,6,8,7,316,4403
0,7,8,7,316,4403
8,1,8,7,316,4403
7,0,8,7,316,4403
7,2,8,7,316,4403
6,0,8,7,316,4403
6,3,8,7,316,4403
5,4,8,7,316,4403
4,5,8,7,316,4403
3,6,8,7,316,4403
2,7,8,7,316,4403
1,8,8,7,316,4403
9,1,8,7,316,4403
9,0,8,7,316,4403
9,2,8,7,316,4403
8,0,8,7,316,4403
8,3,8,7,316,4403
7,1,8,7,316,4403
7,4,8,7,316,4403
6,2,8,7,316,4403
6,5,8,7,316,4403
5,3,8,7,316,4403
5,6,8,7,316,4403
4,4,8,7,316,4403
4,7,8,7,316,4403
3,5,8,7,316,4403
3,8,8,7,316,4403
2,6,8,7,316,4403
2,9,8,7,316,4403
8,2,8,7,316,4403
9,3,8,7,316,4403
9,4,8,7,316,4403
8,5,8,7,316,4403
7,3,8,7,316,4403
7,6,8,7,316,4403
6,4,8,7,316,4403
6,7,8,7,316,4403
5,5,8,7,316,4403
5,8,8,7,316,4403
4,6,8,7,316,4403
4,9,8,7,316,4403
3,7,8,7,316,4403
3,9,8,7,316,4403
8,4,8,7,316,4403
9,5,8,7,316,4403
9,6,8,7,316,4403
8,7,8,7,316,4403
7,5,8,7,316,4403
7,8,8,7,316,4403
6,6,8,7,316,4403
6,9,8,7,316,4403
5,7,8,7,316,4403
5,9,8,7,316,4403
4,8,8,7,316,4403
0,2,8,7,317,4086
1,2,8,7,317,4086
0,1,8,7,317,4086
0,3,8,7,317,4086
2,2,8,7,317,4086
1,1,8,7,317,4086
1,3,8,7,317,4086
0,0,8,7,317,4086
0,4,8,7,317,4086
3,2,8,7,317,4086
2,1,8,7,317,4086
2,3,8,7,317,4086
1,0,8,7,317,4086
1,4,8,7,317,4086
0,5,8,7,317,4086
4,2,8,7,317,4086
3,1,8,7,317,4086
3,3,8,7,317,4086
2,0,8,7,317,4086
2,4,8,7,317,4086
1,5,8,7,317,4086
0,6,8,7,317,4086
5,2,8,7,317,4086
4,1,8,7,317,4086
4,3,8,7,317,4086
3,0,8,7,317,4086
3,4,8,7,317,4086
2,5,8,7,317,4086
1,6,8,7,317,4086
0,7,8,7,317,4086
7,2,8,7,317,4086
6,1,8,7,317,4086
6,3,8,7,317,4086
5,0,8,7,317,4086
5,4,8,7,317,4086
4,0,8,7,317,4086
4,5,8,7,317,4086
3,6,8,7,317,4086
2,7,8,7,317,4086
1,8,8,7,317,4086
9,2,8,7,317,4086
8,1,8,7,317,4086
8,3,8,7,317,4086
7,0,8,7,317,4086
7,4,8,7,317,4086
6,0,8,7,317,4086
6,5,8,7,317,4086
5,1,8,7,317,4086
5,6,8,7,317,4086
4,7,8,7,317,4086
3,8,8,7,317,4086
2,9,8,7,317,4086
8,2,8,7,317,4086
9,1,8,7,317,4086
9,3,8,7,317,4086
9,0,8,7,317,4086
9,4,8,7,317,4086
8,0,8,7,317,4086
8,5,8,7,317,4086
7,1,8,7,317,4086
7,6,8,7,317,4086
6,2,8,7,317,4086
6,7,8,7,317,4086
5,3,8,7,317,4086
5,8,8,7,317,4086
4,4,8,7,317,4086
4,9,8,7,317,4086
3,5,8,7,317,4086
3,9,8,7,317,4086
7,3,8,7,317,4086
8,4,8,7,317,4086
9,5,8,7,317,4086
9,6,8,7,317,4086
8,7,8,7,317,4086
7,8,8,7,317,4086
6,4,8,7,317,4086
6,9,8,7,317,4086
5,5,8,7,317,4086
5,9,8,7,317,4086
4,6,8,7,317,4086
4,8,8,7,317,4086
0,3,8,7,318,3746
1,3,8,7,318,3746
0,2,8,7,318,3746
0,4,8,7,318,3746
2,3,8,7,318,3746
1,2,8,7,318,3746
1,4,8,7,318,3746
0,1,8,7,318,3746
0,5,8,7,318,3746
3,3,8,7,318,3746
2,2,8,7,318,3746
2,4,8,7,318,3746
1,1,8,7,318,3746
1,5,8,7,318,3746
0,0,8,7,318,3746
0,6,8,7,318,3746
4,3,8,7,318,3746
3,2,8,7,318,3746
3,4,8,7,318,3746
2,1,8,7,318,3746
2,5,8,7,318,3746
1,0,8,7,318,3746
1,6,8,7,318,3746
0,7,8,7,318,3746
6,3,8,7,318,3746
5,2,8,7,318,3746
5,4,8,7,318,3746
4,1,8,7,318,3746
4,5,8,7,318,3746
3,0,8,7,318,3746
3,6,8,7,318,3746
2,0,8,7,318,3746
2,7,8,7,318,3746
1,8,8,7,318,3746
8,3,8,7,318,3746
7,2,8,7,318,3746
7,4,8,7,318,3746
6,1,8,7,318,3746
6,5,8,7,318,3746
5,0,8,7,318,3746
5,6,8,7,318,3746
4,0,8,7,318,3746
4,7,8,7,318,3746
3,1,8,7,318,3746
3,8,8,7,318,3746
2,9,8,7,318,3746
9,3,8,7,318,3746
9,2,8,7,318,3746
9,4,8,7,318,3746
8,1,8,7,318,3746
8,5,8,7,318,3746
7,0,8,7,318,3746
7,6,8,7,318,3746
6,0,8,7,318,3746
6,7,8,7,318,3746
5,1,8,7,318,3746
5,8,8,7,318,3746
4,2,8,7,318,3746
4,9,8,7,318,3746
3,9,8,7,318,3746
7,3,8,7,318,3746
8,2,8,7,318,3746
8,4,8,7,318,3746
9,1,8,7,318,3746
9,5,8,7,318,3746
9,0,8,7,318,3746
9,6,8,7,318,3746
8,0,8,7,318,3746
8,7,8,7,318,3746
7,1,8,7,318,3746
7,8,8,7,318,3746
6,2,8,7,318,3746
6,9,8,7,318,3746
5,3,8,7,318,3746
5,9,8,7,318,3746
4,4,8,7,318,3746
4,8,8,7,318,3746
0,4,8,7,319,3381
1,4,8,7,319,3381
0,3,8,7,319,3381
0,5,8,7,319,3381
2,4,8,7,319,3381
1,3,8,7,319,3381
1,5,8,7,319,3381
0,2,8,7,319,3381
0,6,8,7,319,3381
3,4,8,7,319,3381
2,3,8,7,319,3381
2,5,8,7,319,3381
1,2,8,7,319,3381
1,6,8,7,319,3381
0,1,8,7,319,3381
0,7,8,7,319,3381
5,4,8,7,319,3381
4,3,8,7,319,3381
4,5,8,7,319,3381
3,2,8,7,319,3381
3,6,8,7,319,3381
2,1,8,7,319,3381
2,7,8,7,319,3381
1,0,8,7,319,3381
1,8,8,7,319,3381
7,4,8,7,319,3381
6,3,8,7,319,3381
6,5,8,7,319,3381
5,2,8,7,319,3381
5,6,8,7,319,3381
4,1,8,7,319,3381
4,7,8,7,319,3381
3,0,8,7,319,3381
3,8,8,7,319,3381
2,0,8,7,319,3381
2,9,8,7,319,3381
9,4,8,7,319,3381
8,3,8,7,319,3381
8,5,8,7,319,3381
7,2,8,7,319,3381
7,6,8,7,319,3381
6,1,8,7,319,3381
6,7,8,7,319,3381
5,0,8,7,319,3381
5,8,8,7,319,3381
4,0,8,7,319,3381
4,9,8,7,319,3381
3,1,8,7,319,3381
3,9,8,7,319,3381
8,4,8,7,319,3381
9,3,8,7,319,3381
9,5,8,7,319,3381
9,2,8,7,319,3381
9,6,8,7,319,3381
8,1,8,7,319,3381
8,7,8,7,319,3381
7,0,8,7,319,3381
7,8,8,7,319,3381
6,0,8,7,319,3381
6,9,8,7,319,3381
5,1,8,7,319,3381
5,9,8,7,319,3381
4,2,8,7,319,3381
4,8,8,7,319,3381
0,5,7,6,320,2992
1,5,7,6,320,2992
0,4,7,6,320,2992
0,6,7,6,320,2992
2,5,7,6,320,2992
1,4,7,6,320,2992
1,6,7,6,320,2992
0,3,7,6,320,2992
0,7,7,6,320,2992
4,5,7,6,320,2992
3,4,7,6,320,2992
3,6,7,6,320,2992
2,3,7,6,320,2992
2,7,7,6,320,2992
1,2,7,6,320,2992
1,8,7,6,320,2992
6,5,7,6,320,2992
5,4,7,6,320,2992
5,6,7,6,320,2992
4,3,7,6,320,2992
4,7,7,6,320,2992
3,2,7,6,320,2992
3,8,7,6,320,2992
2,1,7,6,320,2992
2,9,7,6,320,2992
8,5,7,6,320,2992
7,4,7,6,320,2992
7,6,7,6,320,2992
6,3,7,6,320,2992
6,7,7,6,320,2992
5,2,7,6,320,2992
5,8,7,6,320,2992
4,1,7,6,320,2992
4,9,7,6,320,2992
3,0,7,6,320,2992
3,9,7,6,320,2992
9,5,7,6,320,2992
9,4,7,6,320,2992
9,6,7,6,320,2992
8,3,7,6,320,2992
8,7,7,6,320,2992
7,2,7,6,320,2992
7,8,7,6,320,2992
6,1,7,6,320,2992
6,9,7,6,320,2992
5,0,7,6,320,2992
5,9,7,6,320,2992
4,0,7,6,320,2992
4,8,7,6,320,2992
0,6,5,4,321,2574
1,6,5,4,321,2574
0,5,5,4,321,2574
0,7,5,4,321,2574
3,6,5,4,321,2574
2,5,5,4,321,2574
2,7,5,4,321,2574
1,4,5,4,321,2574
1,8,5,4,321,2574
5,6,5,4,321,2574
4,5,5,4,321,2574
4,7,5,4,321,2574
3,4,5,4,321,2574
3,8,5,4,321,2574
2,3,5,4,321,2574
2,9,5,4,321,2574
7,6,5,4,321,2574
6,5,5,4,321,2574
6,7,5,4,321,2574
5,4,5,4,321,2574
5,8,5,4,321,2574
4,3,5,4,321,2574
4,9,5,4,321,2574
3,2,5,4,321,2574
3,9,5,4,321,2574
9,6,5,4,321,2574
8,5,5,4,321,2574
8,7,5,4,321,2574
7,4,5,4,321,2574
7,8,5,4,321,2574
6,3,5,4,321,2574
6,9,5,4,321,2574
5,2,5,4,321,2574
5,9,5,4,321,2574
4,1,5,4,321,2574
4,8,5,4,321,2574
0,2,7,6,322,4403
1,2,7,6,322,4403
0,1,7,6,322,4403
0,3,7,6,322,4403
2,2,7,6,322,4403
1,1,7,6,322,4403
1,3,7,6,322,4403
0,0,7,6,322,4403
0,4,7,6,322,4403
3,2,7,6,322,4403
2,1,7,6,322,4403
2,3,7,6,322,4403
1,0,7,6,322,4403
1,4,7,6,322,4403
0,5,7,6,322,4403
4,2,7,6,322,4403
3,1,7,6,322,4403
3,3,7,6,322,4403
2,0,7,6,322,4403
2,4,7,6,322,4403
1,5,7,6,322,4403
0,6,7,6,322,4403
5,2,7,6,322,4403
4,1,7,6,322,4403
4,3,7,6,322,4403
3,0,7,6,322,4403
3,4,7,6,322,4403
2,5,7,6,322,4403
1,6,7,6,322,4403
0,7,7,6,322,4403
6,2,7,6,322,4403
5,1,7,6,322,4403
5,3,7,6,322,4403
4,0,7,6,322,4403
4,4,7,6,322,4403
3,5,7,6,322,4403
2,6,7,6,322,4403
1,7,7,6,322,4403
0,8,7,6,322,4403
7,2,7,6,322,4403
6,1,7,6,322,4403
6,3,7,6,322,4403
5,0,7,6,322,4403
5,4,7,6,322,4403
4,5,7,6,322,4403
3,6,7,6,322,4403
2,7,7,6,322,4403
1,8,7,6,322,4403
0,9,7,6,322,4403
9,2,7,6,322,4403
8,1,7,6,322,4403
8,3,7,6,322,4403
7,0,7,6,322,4403
7,4,7,6,322,4403
6,0,7,6,322,4403
6,5,7,6,322,4403
5,6,7,6,322,4403
4,7,7,6,322,4403
3,8,7,6,322,4403
2,9,7,6,322,4403
1,9,7,6,322,4403
8,2,7,6,322,4403
9,1,7,6,322,4403
9,3,7,6,322,4403
9,0,7,6,322,4403
9,4,7,6,322,4403
8,0,7,6,322,4403
8,5,7,6,322,4403
7,1,7,6,322,4403
7,6,7,6,322,4403
6,7,7,6,322,4403
5,8,7,6,322,4403
4,9,7,6,322,4403
3,9,7,6,322,4403
2,8,7,6,322,4403
7,3,7,6,322,4403
8,4,7,6,322,4403
9,5,7,6,322,4403
9,6,7,6,322,4403
8,7,7,6,322,4403
7,8,7,6,322,4403
6,4,7,6,322,4403
6,9,7,6,322,4403
5,5,7,6,322,4403
5,9,7,6,322,4403
4,6,7,6,322,4403
4,8,7,6,322,4403
3,7,7,6,322,4403
0,4,8,7,323,3745
1,4,8,7,323,3745
0,3,8,7,323,3745
0,5,8,7,323,3745
2,4,8,7,323,3745
1,3,8,7,323,3745
1,5,8,7,323,3745
0,2,8,7,323,3745
0,6,8,7,323,3745
3,4,8,7,323,3745
2,3,8,7,323,3745
2,5,8,7,323,3745
1,2,8,7,323,3745
1,6,8,7,323,3745
0,1,8,7,323,3745
0,7,8,7,323,3745
4,4,8,7,323,3745
3,3,8,7,323,3745
3,5,8,7,323,3745
2,2,8,7,323,3745
2,6,8,7,323,3745
1,1,8,7,323,3745
1,7,8,7,323,3745
0,0,8,7,323,3745
0,8,8,7,323,3745
5,4,8,7,323,3745
4,3,8,7,323,3745
4,5,8,7,323,3745
3,2,8,7,323,3745
3,6,8,7,323,3745
2,1,8,7,323,3745
2,7,8,7,323,3745
1,0,8,7,323,3745
1,8,8,7,323,3745
0,9,8,7,323,3745
7,4,8,7,323,3745
6,3,8,7,323,3745
6,5,8,7,323,3745
5,2,8,7,323,3745
5,6,8,7,323,3745
4,1,8,7,323,3745
4,7,8,7,323,3745
3,0,8,7,323,3745
3,8,8,7,323,3745
2,0,8,7,323,3745
2,9,8,7,323,3745
1,9,8,7,323,3745
9,4,8,7,323,3745
8,3,8,7,323,3745
8,5,8,7,323,3745
7,2,8,7,323,3745
7,6,8,7,323,3745
6,1,8,7,323,3745
6,7,8,7,323,3745
5,0,8,7,323,3745
5,8,8,7,323,3745
4,0,8,7,323,3745
4,9,8,7,323,3745
3,1,8,7,323,3745
3,9,8,7,323,3745
2,8,8,7,323,3745
8,4,8,7,323,3745
9,3,8,7,323,3745
9,5,8,7,323,3745
9,2,8,7,323,3745
9,6,8,7,323,3745
8,1,8,7,323,3745
8,7,8,7,323,3745
7,0,8,7,323,3745
7,8,8,7,323,3745
6,0,8,7,323,3745
6,9,8,7,323,3745
5,1,8,7,323,3745
5,9,8,7,323,3745
4,2,8,7,323,3745
4,8,8,7,323,3745
3,7,8,7,323,3745
0,5,7,6,324,3381
1,5,7,6,324,3381
0,4,7,6,324,3381
0,6,7,6,324,3381
2,5,7,6,324,3381
1,4,7,6,324,3381
1,6,7,6,324,3381
0,3,7,6,324,3381
0,7,7,6,324,3381
3,5,7,6,324,3381
2,4,7,6,324,3381
2,6,7,6,324,3381
1,3,7,6,324,3381
1,7,7,6,324,3381
0,2,7,6,324,3381
0,8,7,6,324,3381
4,5,7,6,324,3381
3,4,7,6,324,3381
3,6,7,6,324,3381
2,3,7,6,324,3381
2,7,7,6,324,3381
1,2,7,6,324,3381
1,8,7,6,324,3381
0,1,7,6,324,3381
0,9,7,6,324,3381
6,5,7,6,324,3381
5,4,7,6,324,3381
5,6,7,6,324,3381
4,3,7,6,324,3381
4,7,7,6,324,3381
3,2,7,6,324,3381
3,8,7,6,324,3381
2,1,7,6,324,3381
2,9,7,6,324,3381
1,0,7,6,324,3381
1,9,7,6,324,3381
8,5,7,6,324,3381
7,4,7,6,324,3381
7,6,7,6,324,3381
6,3,7,6,324,3381
6,7,7,6,324,3381
5,2,7,6,324,3381
5,8,7,6,324,3381
4,1,7,6,324,3381
4,9,7,6,324,3381
3,0,7,6,324,3381
3,9,7,6,324,3381
2,0,7,6,324,3381
2,8,7,6,324,3381
9,5,7,6,324,3381
9,4,7,6,324,3381
9,6,7,6,324,3381
8,3,7,6,324,3381
8,7,7,6,324,3381
7,2,7,6,324,3381
7,8,7,6,324,3381
6,1,7,6,324,3381
6,9,7,6,324,3381
5,0,7,6,324,3381
5,9,7,6,324,3381
4,0,7,6,324,3381
4,8,7,6,324,3381
3,1,7,6,324,3381
3,7,7,6,324,3381
0,6,6,5,325,2992
1,6,6,5,325,2992
0,5,6,5,325,2992
0,7,6,5,325,2992
2,6,6,5,325,2992
1,5,6,5,325,2992
1,7,6,5,325,2992
0,4,6,5,325,2992
0,8,6,5,325,2992
3,6,6,5,325,2992
2,5,6,5,325,2992
2,7,6,5,325,2992
1,4,6,5,325,2992
1,8,6,5,325,2992
0,3,6,5,325,2992
0,9,6,5,325,2992
5,6,6,5,325,2992
4,5,6,5,325,2992
4,7,6,5,325,2992
3,4,6,5,325,2992
3,8,6,5,325,2992
2,3,6,5,325,2992
2,9,6,5,325,2992
1,2,6,5,325,2992
1,9,6,5,325,2992
7,6,6,5,325,2992
6,5,6,5,325,2992
6,7,6,5,325,2992
5,4,6,5,325,2992
5,8,6,5,325,2992
4,3,6,5,325,2992
4,9,6,5,325,2992
3,2,6,5,325,2992
3,9,6,5,325,2992
2,1,6,5,325,2992
2,8,6,5,325,2992
9,6,6,5,325,2992
8,5,6,5,325,2992
8,7,6,5,325,2992
7,4,6,5,325,2992
7,8,6,5,325,2992
6,3,6,5,325,2992
6,9,6,5,325,2992
5,2,6,5,325,2992
5,9,6,5,325,2992
4,1,6,5,325,2992
4,8,6,5,325,2992
3,0,6,5,325,2992
3,7,6,5,325,2992
0,7,5,4,326,2574
1,7,5,4,326,2574
0,6,5,4,326,2574
0,8,5,4,326,2574
2,7,5,4,326,2574
1,6,5,4,326,2574
1,8,5,4,326,2574
0,5,5,4,326,2574
0,9,5,4,326,2574
4,7,5,4,326,2574
3,6,5,4,326,2574
3,8,5,4,326,2574
2,5,5,4,326,2574
2,9,5,4,326,2574
1,4,5,4,326,2574
1,9,5,4,326,2574
6,7,5,4,326,2574
5,6,5,4,326,2574
5,8,5,4,326,2574
4,5,5,4,326,2574
4,9,5,4,326,2574
3,4,5,4,326,2574
3,9,5,4,326,2574
2,3,5,4,326,2574
2,8,5,4,326,2574
8,7,5,4,326,2574
7,6,5,4,326,2574
7,8,5,4,326,2574
6,5,5,4,326,2574
6,9,5,4,326,2574
5,4,5,4,326,2574
5,9,5,4,326,2574
4,3,5,4,326,2574
4,8,5,4,326,2574
3,2,5,4,326,2574
3,7,5,4,326,2574
0,2,8,7,327,4702
1,2,8,7,327,4702
0,1,8,7,327,4702
0,3,8,7,327,4702
2,2,8,7,327,4702
1,1,8,7,327,4702
1,3,8,7,327,4702
0,0,8,7,327,4702
0,4,8,7,327,4702
3,2,8,7,327,4702
2,1,8,7,327,4702
2,3,8,7,327,4702
1,0,8,7,327,4702
1,4,8,7,327,4702
0,5,8,7,327,4702
4,2,8,7,327,4702
3,1,8,7,327,4702
3,3,8,7,327,4702
2,0,8,7,327,4702
2,4,8,7,327,4702
1,5,8,7,327,4702
0,6,8,7,327,4702
5,2,8,7,327,4702
4,1,8,7,327,4702
4,3,8,7,327,4702
3,0,8,7,327,4702
3,4,8,7,327,4702
2,5,8,7,327,4702
1,6,8,7,327,4702
0,7,8,7,327,4702
6,2,8,7,327,4702
5,1,8,7,327,4702
5,3,8,7,327,4702
4,0,8,7,327,4702
4,4,8,7,327,4702
3,5,8,7,327,4702
2,6,8,7,327,4702
1,7,8,7,327,4702
0,8,8,7,327,4702
7,2,8,7,327,4702
6,1,8,7,327,4702
6,3,8,7,327,4702
5,0,8,7,327,4702
5,4,8,7,327,4702
4,5,8,7,327,4702
3,6,8,7,327,4702
2,7,8,7,327,4702
1,8,8,7,327,4702
0,9,8,7,327,4702
8,2,8,7,327,4702
7,1,8,7,327,4702
7,3,8,7,327,4702
6,0,8,7,327,4702
6,4,8,7,327,4702
5,5,8,7,327,4702
4,6,8,7,327,4702
3,7,8,7,327,4702
2,8,8,7,327,4702
1,9,8,7,327,4702
9,2,8,7,327,4702
8,1,8,7,327,4702
8,3,8,7,327,4702
7,0,8,7,327,4702
7,4,8,7,327,4702
6,5,8,7,327,4702
5,6,8,7,327,4702
4,7,8,7,327,4702
3,8,8,7,327,4702
2,9,8,7,327,4702
9,1,8,7,327,4702
9,3,8,7,327,4702
9,0,8,7,327,4702
9,4,8,7,327,4702
8,0,8,7,327,4702
8,5,8,7,327,4702
7,6,8,7,327,4702
6,7,8,7,327,4702
5,8,8,7,327,4702
4,9,8,7,327,4702
3,9,8,7,327,4702
8,4,8,7,327,4702
9,5,8,7,327,4702
9,6,8,7,327,4702
8,7,8,7,327,4702
7,8,8,7,327,4702
6,9,8,7,327,4702
5,9,8,7,327,4702
4,8,8,7,327,4702
0,3,8,7,328,4403
1,3,8,7,328,4403
0,2,8,7,328,4403
0,4,8,7,328,4403
2,3,8,7,328,4403
1,2,8,7,328,4403
1,4,8,7,328,4403
0,1,8,7,328,4403
0,5,8,7,328,4403
3,3,8,7,328,4403
2,2,8,7,328,4403
2,4,8,7,328,4403
1,1,8,7,328,4403
1,5,8,7,328,4403
0,0,8,7,328,4403
0,6,8,7,328,4403
4,3,8,7,328,4403
3,2,8,7,328,4403
3,4,8,7,328,4403
2,1,8,7,328,4403
2,5,8,7,328,4403
1,0,8,7,328,4403
1,6,8,7,328,4403
0,7,8,7,328,4403
5,3,8,7,328,4403
4,2,8,7,328,4403
4,4,8,7,328,4403
3,1,8,7,328,4403
3,5,8,7,328,4403
2,0,8,7,328,4403
2,6,8,7,328,4403
1,7,8,7,328,4403
0,8,8,7,328,4403
6,3,8,7,328,4403
5,2,8,7,328,4403
5,4,8,7,328,4403
4,1,8,7,328,4403
4,5,8,7,328,4403
3,0,8,7,328,4403
3,6,8,7,328,4403
2,7,8,7,328,4403
1,8,8,7,328,4403
0,9,8,7,328,4403
7,3,8,7,328,4403
6,2,8,7,328,4403
6,4,8,7,328,4403
5,1,8,7,328,4403
5,5,8,7,328,4403
4,0,8,7,328,4403
4,6,8,7,328,4403
3,7,8,7,328,4403
2,8,8,7,328,4403
1,9,8,7,328,4403
8,3,8,7,328,4403
7,2,8,7,328,4403
7,4,8,7,328,4403
6,1,8,7,328,4403
6,5,8,7,328,4403
5,0,8,7,328,4403
5,6,8,7,328,4403
4,7,8,7,328,4403
3,8,8,7,328,4403
2,9,8,7,328,4403
9,3,8,7,328,4403
9,2,8,7,328,4403
9,4,8,7,328,4403
8,1,8,7,328,4403
8,5,8,7,328,4403
7,0,8,7,328,4403
7,6,8,7,328,4403
6,0,8,7,328,4403
6,7,8,7,328,4403
5,8,8,7,328,4403
4,9,8,7,328,4403
3,9,8,7,328,4403
8,2,8,7,328,4403
8,4,8,7,328,4403
9,1,8,7,328,4403
9,5,8,7,328,4403
9,0,8,7,328,4403
9,6,8,7,328,4403
8,0,8,7,328,4403
8,7,8,7,328,4403
7,1,8,7,328,4403
7,8,8,7,328,4403
6,9,8,7,328,4403
5,9,8,7,328,4403
4,8,8,7,328,4403
0,4,8,7,329,4084
1,4,8,7,329,4084
0,3,8,7,329,4084
0,5,8,7,329,4084
2,4,8,7,329,4084
1,3,8,7,329,4084
1,5,8,7,329,4084
0,2,8,7,329,4084
0,6,8,7,329,4084
3,4,8,7,329,4084
2,3,8,7,329,4084
2,5,8,7,329,4084
1,2,8,7,329,4084
1,6,8,7,329,4084
0,1,8,7,329,4084
0,7,8,7,329,4084
4,4,8,7,329,4084
3,3,8,7,329,4084
3,5,8,7,329,4084
2,2,8,7,329,4084
2,6,8,7,329,4084
1,1,8,7,329,4084
1,7,8,7,329,4084
0,0,8,7,329,4084
0,8,8,7,329,4084
5,4,8,7,329,4084
4,3,8,7,329,4084
4,5,8,7,329,4084
3,2,8,7,329,4084
3,6,8,7,329,4084
2,1,8,7,329,4084
2,7,8,7,329,4084
1,0,8,7,329,4084
1,8,8,7,329,4084
0,9,8,7,329,4084
6,4,8,7,329,4084
5,3,8,7,329,4084
5,5,8,7,329,4084
4,2,8,7,329,4084
4,6,8,7,329,4084
3,1,8,7,329,4084
3,7,8,7,329,4084
2,0,8,7,329,4084
2,8,8,7,329,4084
1,9,8,7,329,4084
7,4,8,7,329,4084
6,3,8,7,329,4084
6,5,8,7,329,4084
5,2,8,7,329,4084
5,6,8,7,329,4084
4,1,8,7,329,4084
4,7,8,7,329,4084
3,0,8,7,329,4084
3,8,8,7,329,4084
2,9,8,7,329,4084
9,4,8,7,329,4084
8,3,8,7,329,4084
8,5,8,7,329,4084
7,2,8,7,329,4084
7,6,8,7,329,4084
6,1,8,7,329,4084
6,7,8,7,329,4084
5,0,8,7,329,4084
5,8,8,7,329,4084
4,0,8,7,329,4084
4,9,8,7,329,4084
3,9,8,7,329,4084
8,4,8,7,329,4084
9,3,8,7,329,4084
9,5,8,7,329,4084
9,2,8,7,329,4084
9,6,8,7,329,4084
8,1,8,7,329,4084
8,7,8,7,329,4084
7,0,8,7,329,4084
7,8,8,7,329,4084
6,0,8,7,329,4084
6,9,8,7,329,4084
5,1,8,7,329,4084
5,9,8,7,329,4084
4,8,8,7,329,4084
0,5,7,6,330,3745
1,5,7,6,330,3745
0,4,7,6,330,3745
0,6,7,6,330,3745
2,5,7,6,330,3745
1,4,7,6,330,3745
1,6,7,6,330,3745
0,3,7,6,330,3745
0,7,7,6,330,3745
3,5,7,6,330,3745
2,4,7,6,330,3745
2,6,7,6,330,3745
1,3,7,6,330,3745
1,7,7,6,330,3745
0,2,7,6,330,3745
0,8,7,6,330,3745
4,5,7,6,330,3745
3,4,7,6,330,3745
3,6,7,6,330,3745
2,3,7,6,330,3745
2,7,7,6,330,3745
1,2,7,6,330,3745
1,8,7,6,330,3745
0,1,7,6,330,3745
0,9,7,6,330,3745
5,5,7,6,330,3745
4,4,7,6,330,3745
4,6,7,6,330,3745
3,3,7,6,330,3745
3,7,7,6,330,3745
2,2,7,6,330,3745
2,8,7,6,330,3745
1,1,7,6,330,3745
1,9,7,6,330,3745
0,0,7,6,330,3745
6,5,7,6,330,3745
5,4,7,6,330,3745
5,6,7,6,330,3745
4,3,7,6,330,3745
4,7,7,6,330,3745
3,2,7,6,330,3745
3,8,7,6,330,3745
2,1,7,6,330,3745
2,9,7,6,330,3745
1,0,7,6,330,3745
8,5,7,6,330,3745
7,4,7,6,330,3745
7,6,7,6,330,3745
6,3,7,6,330,3745
6,7,7,6,330,3745
5,2,7,6,330,3745
5,8,7,6,330,3745
4,1,7,6,330,3745
4,9,7,6,330,3745
3,0,7,6,330,3745
3,9,7,6,330,3745
2,0,7,6,330,3745
9,5,7,6,330,3745
9,4,7,6,330,3745
9,6,7,6,330,3745
8,3,7,6,330,3745
8,7,7,6,330,3745
7,2,7,6,330,3745
7,8,7,6,330,3745
6,1,7,6,330,3745
6,9,7,6,330,3745
5,0,7,6,330,3745
5,9,7,6,330,3745
4,0,7,6,330,3745
4,8,7,6,330,3745
3,1,7,6,330,3745
0,6,6,5,331,3381
1,6,6,5,331,3381
0,5,6,5,331,3381
0,7,6,5,331,3381
2,6,6,5,331,3381
1,5,6,5,331,3381
1,7,6,5,331,3381
0,4,6,5,331,3381
0,8,6,5,331,3381
3,6,6,5,331,3381
2,5,6,5,331,3381
2,7,6,5,331,3381
1,4,6,5,331,3381
1,8,6,5,331,3381
0,3,6,5,331,3381
0,9,6,5,331,3381
4,6,6,5,331,3381
3,5,6,5,331,3381
3,7,6,5,331,3381
2,4,6,5,331,3381
2,8,6,5,331,3381
1,3,6,5,331,3381
1,9,6,5,331,3381
0,2,6,5,331,3381
5,6,6,5,331,3381
4,5,6,5,331,3381
4,7,6,5,331,3381
3,4,6,5,331,3381
3,8,6,5,331,3381
2,3,6,5,331,3381
2,9,6,5,331,3381
1,2,6,5,331,3381
0,1,6,5,331,3381
7,6,6,5,331,3381
6,5,6,5,331,3381
6,7,6,5,331,3381
5,4,6,5,331,3381
5,8,6,5,331,3381
4,3,6,5,331,3381
4,9,6,5,331,3381
3,2,6,5,331,3381
3,9,6,5,331,3381
2,1,6,5,331,3381
1,0,6,5,331,3381
9,6,6,5,331,3381
8,5,6,5,331,3381
8,7,6,5,331,3381
7,4,6,5,331,3381
7,8,6,5,331,3381
6,3,6,5,331,3381
6,9,6,5,331,3381
5,2,6,5,331,3381
5,9,6,5,331,3381
4,1,6,5,331,3381
4,8,6,5,331,3381
3,0,6,5,331,3381
2,0,6,5,331,3381
0,3,8,7,332,4700
1,3,8,7,332,4700
0,2,8,7,332,4700
0,4,8,7,332,4700
2,3,8,7,332,4700
1,2,8,7,332,4700
1,4,8,7,332,4700
0,1,8,7,332,4700
0,5,8,7,332,4700
3,3,8,7,332,4700
2,2,8,7,332,4700
2,4,8,7,332,4700
1,1,8,7,332,4700
1,5,8,7,332,4700
0,0,8,7,332,4700
0,6,8,7,332,4700
4,3,8,7,332,4700
3,2,8,7,332,4700
3,4,8,7,332,4700
2,1,8,7,332,4700
2,5,8,7,332,4700
1,0,8,7,332,4700
1,6,8,7,332,4700
0,7,8,7,332,4700
5,3,8,7,332,4700
4,2,8,7,332,4700
4,4,8,7,332,4700
3,1,8,7,332,4700
3,5,8,7,332,4700
2,0,8,7,332,4700
2,6,8,7,332,4700
1,7,8,7,332,4700
0,8,8,7,332,4700
6,3,8,7,332,4700
5,2,8,7,332,4700
5,4,8,7,332,4700
4,1,8,7,332,4700
4,5,8,7,332,4700
3,0,8,7,332,4700
3,6,8,7,332,4700
2,7,8,7,332,4700
1,8,8,7,332,4700
0,9,8,7,332,4700
7,3,8,7,332,4700
6,2,8,7,332,4700
6,4,8,7,332,4700
5,1,8,7,332,4700
5,5,8,7,332,4700
4,0,8,7,332,4700
4,6,8,7,332,4700
3,7,8,7,332,4700
2,8,8,7,332,4700
1,9,8,7,332,4700
8,3,8,7,332,4700
7,2,8,7,332,4700
7,4,8,7,332,4700
6,1,8,7,332,4700
6,5,8,7,332,4700
5,0,8,7,332,4700
5,6,8,7,332,4700
4,7,8,7,332,4700
3,8,8,7,332,4700
2,9,8,7,332,4700
9,3,8,7,332,4700
8,2,8,7,332,4700
8,4,8,7,332,4700
7,1,8,7,332,4700
7,5,8,7,332,4700
6,0,8,7,332,4700
6,6,8,7,332,4700
5,7,8,7,332,4700
4,8,8,7,332,4700
3,9,8,7,332,4700
9,2,8,7,332,4700
9,4,8,7,332,4700
8,1,8,7,332,4700
8,5,8,7,332,4700
7,0,8,7,332,4700
7,6,8,7,332,4700
6,7,8,7,332,4700
5,8,8,7,332,4700
4,9,8,7,332,4700
9,1,8,7,332,4700
9,5,8,7,332,4700
9,0,8,7,332,4700
9,6,8,7,332,4700
8,0,8,7,332,4700
8,7,8,7,332,4700
7,8,8,7,332,4700
6,9,8,7,332,4700
5,9,8,7,332,4700
0,4,8,7,333,4400
1,4,8,7,333,4400
0,3,8,7,333,4400
0,5,8,7,333,4400
2,4,8,7,333,4400
1,3,8,7,333,4400
1,5,8,7,333,4400
0,2,8,7,333,4400
0,6,8,7,333,4400
3,4,8,7,333,4400
2,3,8,7,333,4400
2,5,8,7,333,4400
1,2,8,7,333,4400
1,6,8,7,333,4400
0,1,8,7,333,4400
0,7,8,7,333,4400
4,4,8,7,333,4400
3,3,8,7,333,4400
3,5,8,7,333,4400
2,2,8,7,333,4400
2,6,8,7,333,4400
1,1,8,7,333,4400
1,7,8,7,333,4400
0,0,8,7,333,4400
0,8,8,7,333,4400
5,4,8,7,333,4400
4,3,8,7,333,4400
4,5,8,7,333,4400
3,2,8,7,333,4400
3,6,8,7,333,4400
2,1,8,7,333,4400
2,7,8,7,333,4400
1,0,8,7,333,4400
1,8,8,7,333,4400
0,9,8,7,333,4400
6,4,8,7,333,4400
5,3,8,7,333,4400
5,5,8,7,333,4400
4,2,8,7,333,4400
4,6,8,7,333,4400
3,1,8,7,333,4400
3,7,8,7,333,4400
2,0,8,7,333,4400
2,8,8,7,333,4400
1,9,8,7,333,4400
7,4,8,7,333,4400
6,3,8,7,333,4400
6,5,8,7,333,4400
5,2,8,7,333,4400
5,6,8,7,333,4400
4,1,8,7,333,4400
4,7,8,7,333,4400
3,0,8,7,333,4400
3,8,8,7,333,4400
2,9,8,7,333,4400
8,4,8,7,333,4400
7,3,8,7,333,4400
7,5,8,7,333,4400
6,2,8,7,333,4400
6,6,8,7,333,4400
5,1,8,7,333,4400
5,7,8,7,333,4400
4,0,8,7,333,4400
4,8,8,7,333,4400
3,9,8,7,333,4400
9,4,8,7,333,4400
8,3,8,7,333,4400
8,5,8,7,333,4400
7,2,8,7,333,4400
7,6,8,7,333,4400
6,1,8,7,333,4400
6,7,8,7,333,4400
5,0,8,7,333,4400
5,8,8,7,333,4400
4,9,8,7,333,4400
9,3,8,7,333,4400
9,5,8,7,333,4400
9,2,8,7,333,4400
9,6,8,7,333,4400
8,1,8,7,333,4400
8,7,8,7,333,4400
7,0,8,7,333,4400
7,8,8,7,333,4400
6,0,8,7,333,4400
6,9,8,7,333,4400
5,9,8,7,333,4400
0,5,7,6,334,4084
1,5,7,6,334,4084
0,4,7,6,334,4084
0,6,7,6,334,4084
2,5,7,6,334,4084
1,4,7,6,334,4084
1,6,7,6,334,4084
0,3,7,6,334,4084
0,7,7,6,334,4084
3,5,7,6,334,4084
2,4,7,6,334,4084
2,6,7,6,334,4084
1,3,7,6,334,4084
1,7,7,6,334,4084
0,2,7,6,334,4084
0,8,7,6,334,4084
4,5,7,6,334,4084
3,4,7,6,334,4084
3,6,7,6,334,4084
2,3,7,6,334,4084
2,7,7,6,334,4084
1,2,7,6,334,4084
1,8,7,6,334,4084
0,1,7,6,334,4084
0,9,7,6,334,4084
5,5,7,6,334,4084
4,4,7,6,334,4084
4,6,7,6,334,4084
3,3,7,6,334,4084
3,7,7,6,334,4084
2,2,7,6,334,4084
2,8,7,6,334,4084
1,1,7,6,334,4084
1,9,7,6,334,4084
0,0,7,6,334,4084
6,5,7,6,334,4084
5,4,7,6,334,4084
5,6,7,6,334,4084
4,3,7,6,334,4084
4,7,7,6,334,4084
3,2,7,6,334,4084
3,8,7,6,334,4084
2,1,7,6,334,4084
2,9,7,6,334,4084
1,0,7,6,334,4084
7,5,7,6,334,4084
6,4,7,6,334,4084
6,6,7,6,334,4084
5,3,7,6,334,4084
5,7,7,6,334,4084
4,2,7,6,334,4084
4,8,7,6,334,4084
3,1,7,6,334,4084
3,9,7,6,334,4084
2,0,7,6,334,4084
8,5,7,6,334,4084
7,4,7,6,334,4084
7,6,7,6,334,4084
6,3,7,6,334,4084
6,7,7,6,334,4084
5,2,7,6,334,4084
5,8,7,6,334,4084
4,1,7,6,334,4084
4,9,7,6,334,4084
3,0,7,6,334,4084
9,5,7,6,334,4084
9,4,7,6,334,4084
9,6,7,6,334,4084
8,3,7,6,334,4084
8,7,7,6,334,4084
7,2,7,6,334,4084
7,8,7,6,334,4084
6,1,7,6,334,4084
6,9,7,6,334,4084
5,0,7,6,334,4084
5,9,7,6,334,4084
4,0,7,6,334,4084
0,7,3,6,335,3390
1,7,3,6,335,3390
0,6,3,6,335,3390
0,8,3,6,335,3390
2,7,3,6,335,3390
1,6,3,6,335,3390
1,8,3,6,335,3390
0,5,3,6,335,3390
0,9,3,6,335,3390
3,7,3,6,335,3390
2,6,3,6,335,3390
2,8,3,6,335,3390
1,5,3,6,335,3390
1,9,3,6,335,3390
0,4,3,6,335,3390
4,7,3,6,335,3390
3,6,3,6,335,3390
3,8,3,6,335,3390
2,5,3,6,335,3390
2,9,3,6,335,3390
1,4,3,6,335,3390
0,3,3,6,335,3390
5,7,3,6,335,3390
4,6,3,6,335,3390
4,8,3,6,335,3390
3,5,3,6,335,3390
3,9,3,6,335,3390
2,4,3,6,335,3390
1,3,3,6,335,3390
0,2,3,6,335,3390
6,7,3,6,335,3390
5,6,3,6,335,3390
5,8,3,6,335,3390
4,5,3,6,335,3390
4,9,3,6,335,3390
3,4,3,6,335,3390
2,3,3,6,335,3390
1,2,3,6,335,3390
0,1,3,6,335,3390
8,7,3,6,335,3390
7,6,3,6,335,3390
7,8,3,6,335,3390
6,5,3,6,335,3390
6,9,3,6,335,3390
5,4,3,6,335,3390
5,9,3,6,335,3390
4,3,3,6,335,3390
3,2,3,6,335,3390
2,1,3,6,335,3390
1,0,3,6,335,3390
0,8,3,6,336,3003
1,8,3,6,336,3003
0,7,3,6,336,3003
0,9,3,6,336,3003
2,8,3,6,336,3003
1,7,3,6,336,3003
1,9,3,6,336,3003
0,6,3,6,336,3003
3,8,3,6,336,3003
2,7,3,6,336,3003
2,9,3,6,336,3003
1,6,3,6,336,3003
0,5,3,6,336,3003
4,8,3,6,336,3003
3,7,3,6,336,3003
3,9,3,6,336,3003
2,6,3,6,336,3003
1,5,3,6,336,3003
0,4,3,6,336,3003
5,8,3,6,336,3003
4,7,3,6,336,3003
4,9,3,6,336,3003
3,6,3,6,336,3003
2,5,3,6,336,3003
1,4,3,6,336,3003
0,3,3,6,336,3003
7,8,3,6,336,3003
6,7,3,6,336,3003
6,9,3,6,336,3003
5,6,3,6,336,3003
5,9,3,6,336,3003
4,5,3,6,336,3003
3,4,3,6,336,3003
2,3,3,6,336,3003
1,2,3,6,336,3003
0,9,3,6,337,2588
1,9,3,6,337,2588
0,8,3,6,337,2588
2,9,3,6,337,2588
1,8,3,6,337,2588
0,7,3,6,337,2588
3,9,3,6,337,2588
2,8,3,6,337,2588
1,7,3,6,337,2588
0,6,3,6,337,2588
4,9,3,6,337,2588
3,8,3,6,337,2588
2,7,3,6,337,2588
1,6,3,6,337,2588
0,5,3,6,337,2588
6,9,3,6,337,2588
5,8,3,6,337,2588
5,9,3,6,337,2588
4,7,3,6,337,2588
4,8,3,6,337,2588
3,6,3,6,337,2588
3,7,3,6,337,2588
2,5,3,6,337,2588
2,6,3,6,337,2588
1,4,3,6,337,2588
1,5,3,6,337,2588
0,6,3,6,338,4115
1,6,3,6,338,4115
0,5,3,6,338,4115
0,7,3,6,338,4115
2,6,3,6,338,4115
1,5,3,6,338,4115
1,7,3,6,338,4115
0,4,3,6,338,4115
0,8,3,6,338,4115
3,6,3,6,338,4115
2,5,3,6,338,4115
2,7,3,6,338,4115
1,4,3,6,338,4115
1,8,3,6,338,4115
0,3,3,6,338,4115
0,9,3,6,338,4115
4,6,3,6,338,4115
3,5,3,6,338,4115
3,7,3,6,338,4115
2,4,3,6,338,4115
2,8,3,6,338,4115
1,3,3,6,338,4115
1,9,3,6,338,4115
0,2,3,6,338,4115
5,6,3,6,338,4115
4,5,3,6,338,4115
4,7,3,6,338,4115
3,4,3,6,338,4115
3,8,3,6,338,4115
2,3,3,6,338,4115
2,9,3,6,338,4115
1,2,3,6,338,4115
0,1,3,6,338,4115
6,6,3,6,338,4115
5,5,3,6,338,4115
5,7,3,6,338,4115
4,4,3,6,338,4115
4,8,3,6,338,4115
3,3,3,6,338,4115
3,9,3,6,338,4115
2,2,3,6,338,4115
1,1,3,6,338,4115
0,0,3,6,338,4115
7,6,3,6,338,4115
6,5,3,6,338,4115
6,7,3,6,338,4115
5,4,3,6,338,4115
5,8,3,6,338,4115
4,3,3,6,338,4115
4,9,3,6,338,4115
3,2,3,6,338,4115
2,1,3,6,338,4115
1,0,3,6,338,4115
8,6,3,6,338,4115
7,5,3,6,338,4115
7,7,3,6,338,4115
6,4,3,6,338,4115
6,8,3,6,338,4115
5,3,3,6,338,4115
5,9,3,6,338,4115
4,2,3,6,338,4115
3,1,3,6,338,4115
2,0,3,6,338,4115
9,6,3,6,338,4115
8,5,3,6,338,4115
8,7,3,6,338,4115
7,4,3,6,338,4115
7,8,3,6,338,4115
6,3,3,6,338,4115
6,9,3,6,338,4115
5,2,3,6,338,4115
4,1,3,6,338,4115
3,0,3,6,338,4115
0,7,3,6,339,3768
1,7,3,6,339,3768
0,6,3,6,339,3768
0,8,3,6,339,3768
2,7,3,6,339,3768
1,6,3,6,339,3768
1,8,3,6,339,3768
0,5,3,6,339,3768
0,9,3,6,339,3768
3,7,3,6,339,3768
2,6,3,6,339,3768
2,8,3,6,339,3768
1,5,3,6,339,3768
1,9,3,6,339,3768
0,4,3,6,339,3768
4,7,3,6,339,3768
3,6,3,6,339,3768
3,8,3,6,339,3768
2,5,3,6,339,3768
2,9,3,6,339,3768
1,4,3,6,339,3768
0,3,3,6,339,3768
5,7,3,6,339,3768
4,6,3,6,339,3768
4,8,3,6,339,3768
3,5,3,6,339,3768
3,9,3,6,339,3768
2,4,3,6,339,3768
1,3,3,6,339,3768
0,2,3,6,339,3768
6,7,3,6,339,3768
5,6,3,6,339,3768
5,8,3,6,339,3768
4,5,3,6,339,3768
4,9,3,6,339,3768
3,4,3,6,339,3768
2,3,3,6,339,3768
1,2,3,6,339,3768
0,1,3,6,339,3768
7,7,3,6,339,3768
6,6,3,6,339,3768
6,8,3,6,339,3768
5,5,3,6,339,3768
5,9,3,6,339,3768
4,4,3,6,339,3768
3,3,3,6,339,3768
2,2,3,6,339,3768
1,1,3,6,339,3768
0,0,3,6,339,3768
8,7,3,6,339,3768
7,6,3,6,339,3768
7,8,3,6,339,3768
6,5,3,6,339,3768
6,9,3,6,339,3768
5,4,3,6,339,3768
4,3,3,6,339,3768
3,2,3,6,339,3768
2,1,3,6,339,3768
1,0,3,6,339,3768
0,8,3,6,340,3397
1,8,3,6,340,3397
0,7,3,6,340,3397
0,9,3,6,340,3397
2,8,3,6,340,3397
1,7,3,6,340,3397
1,9,3,6,340,3397
0,6,3,6,340,3397
3,8,3,6,340,3397
2,7,3,6,340,3397
2,9,3,6,340,3397
1,6,3,6,340,3397
0,5,3,6,340,3397
4,8,3,6,340,3397
3,7,3,6,340,3397
3,9,3,6,340,3397
2,6,3,6,340,3397
1,5,3,6,340,3397
0,4,3,6,340,3397
5,8,3,6,340,3397
4,7,3,6,340,3397
4,9,3,6,340,3397
3,6,3,6,340,3397
2,5,3,6,340,3397
1,4,3,6,340,3397
0,3,3,6,340,3397
6,8,3,6,340,3397
5,7,3,6,340,3397
5,9,3,6,340,3397
4,6,3,6,340,3397
3,5,3,6,340,3397
2,4,3,6,340,3397
1,3,3,6,340,3397
0,2,3,6,340,3397
7,8,3,6,340,3397
6,7,3,6,340,3397
6,9,3,6,340,3397
5,6,3,6,340,3397
4,5,3,6,340,3397
3,4,3,6,340,3397
2,3,3,6,340,3397
1,2,3,6,340,3397
0,1,3,6,340,3397
4,5,8,7,341,1650
6,5,8,7,341,1650
5,4,8,7,341,1650
5,6,8,7,341,1650
8,5,8,7,341,1650
7,4,8,7,341,1650
7,6,8,7,341,1650
6,3,8,7,341,1650
6,7,8,7,341,1650
9,5,8,7,341,1650
9,4,8,7,341,1650
9,6,8,7,341,1650
8,3,8,7,341,1650
8,7,8,7,341,1650
7,2,8,7,341,1650
7,8,8,7,341,1650
2,5,8,7,268,2128
4,5,8,7,268,2128
3,4,8,7,268,2128
3,6,8,7,268,2128
6,5,8,7,268,2128
5,4,8,7,268,2128
5,6,8,7,268,2128
4,3,8,7,268,2128
4,7,8,7,268,2128
8,5,8,7,268,2128
7,4,8,7,268,2128
7,6,8,7,268,2128
6,3,8,7,268,2128
6,7,8,7,268,2128
5,2,8,7,268,2128
5,8,8,7,268,2128
9,5,8,7,268,2128
9,4,8,7,268,2128
9,6,8,7,268,2128
8,3,8,7,268,2128
8,7,8,7,268,2128
7,2,8,7,268,2128
7,8,8,7,268,2128
6,1,8,7,268,2128
6,9,8,7,268,2128
1,6,3,4,342,2128
3,6,3,4,342,2128
2,5,3,4,342,2128
2,7,3,4,342,2128
5,6,3,4,342,2128
4,5,3,4,342,2128
4,7,3,4,342,2128
3,4,3,4,342,2128
3,8,3,4,342,2128
7,6,3,4,342,2128
6,5,3,4,342,2128
6,7,3,4,342,2128
5,4,3,4,342,2128
5,8,3,4,342,2128
4,3,3,4,342,2128
4,9,3,4,342,2128
9,6,3,4,342,2128
8,5,3,4,342,2128
8,7,3,4,342,2128
7,4,3,4,342,2128
7,8,3,4,342,2128
6,3,3,4,342,2128
6,9,3,4,342,2128
5,2,3,4,342,2128
5,9,3,4,342,2128
0,7,3,4,343,2127
2,7,3,4,343,2127
1,6,3,4,343,2127
1,8,3,4,343,2127
4,7,3,4,343,2127
3,6,3,4,343,2127
3,8,3,4,343,2127
2,5,3,4,343,2127
2,9,3,4,343,2127
6,7,3,4,343,2127
5,6,3,4,343,2127
5,8,3,4,343,2127
4,5,3,4,343,2127
4,9,3,4,343,2127
3,4,3,4,343,2127
3,9,3,4,343,2127
8,7,3,4,343,2127
7,6,3,4,343,2127
7,8,3,4,343,2127
6,5,3,4,343,2127
6,9,3,4,343,2127
5,4,3,4,343,2127
5,9,3,4,343,2127
4,3,3,4,343,2127
4,8,3,4,343,2127
1,8,3,6,344,1650
3,8,3,6,344,1650
2,7,3,6,344,1650
2,9,3,6,344,1650
5,8,3,6,344,1650
4,7,3,6,344,1650
4,9,3,6,344,1650
3,6,3,6,344,1650
3,9,3,6,344,1650
7,8,3,6,344,1650
6,7,3,6,344,1650
6,9,3,6,344,1650
5,6,3,6,344,1650
5,9,3,6,344,1650
4,5,3,6,344,1650
4,8,3,6,344,1650
0,8,3,4,345,2122
1,8,3,4,345,2122
0,7,3,4,345,2122
0,9,3,4,345,2122
3,8,3,4,345,2122
2,7,3,4,345,2122
2,9,3,4,345,2122
1,6,3,4,345,2122
1,9,3,4,345,2122
5,8,3,4,345,2122
4,7,3,4,345,2122
4,9,3,4,345,2122
3,6,3,4,345,2122
3,9,3,4,345,2122
2,5,3,4,345,2122
2,8,3,4,345,2122
7,8,3,4,345,2122
6,7,3,4,345,2122
6,9,3,4,345,2122
5,6,3,4,345,2122
5,9,3,4,345,2122
4,5,3,4,345,2122
4,8,3,4,345,2122
3,4,3,4,345,2122
3,7,3,4,345,2122
0,9,3,6,346,1650
2,9,3,6,346,1650
1,8,3,6,346,1650
1,9,3,6,346,1650
4,9,3,6,346,1650
3,8,3,6,346,1650
3,9,3,6,346,1650
2,7,3,6,346,1650
2,8,3,6,346,1650
6,9,3,6,346,1650
5,8,3,6,346,1650
5,9,3,6,346,1650
4,7,3,6,346,1650
4,8,3,6,346,1650
3,6,3,6,346,1650
3,7,3,6,346,1650
0,9,3,6,347,2135
1,9,3,6,347,2135
0,8,3,6,347,2135
2,9,3,6,347,2135
1,8,3,6,347,2135
0,7,3,6,347,2135
4,9,3,6,347,2135
3,8,3,6,347,2135
3,9,3,6,347,2135
2,7,3,6,347,2135
2,8,3,6,347,2135
1,6,3,6,347,2135
1,7,3,6,347,2135
6,9,3,6,347,2135
5,8,3,6,347,2135
5,9,3,6,347,2135
4,7,3,6,347,2135
4,8,3,6,347,2135
3,6,3,6,347,2135
3,7,3,6,347,2135
2,5,3,6,347,2135
2,6,3,6,347,2135
5,6,8,7,46,1138
7,6,8,7,46,1138
6,5,8,7,46,1138
6,7,8,7,46,1138
9,6,8,7,46,1138
8,5,8,7,46,1138
8,7,8,7,46,1138
7,4,8,7,46,1138
7,8,8,7,46,1138
4,7,6,9,31,1136
6,7,6,9,31,1136
5,6,6,9,31,1136
5,8,6,9,31,1136
8,7,6,9,31,1136
7,6,6,9,31,1136
7,8,6,9,31,1136
6,5,6,9,31,1136
6,9,6,9,31,1136
7,6,8,7,7,588
9,6,8,7,7,588
8,5,8,7,7,588
8,7,8,7,7,588
5,8,6,9,7,588
7,8,6,9,7,588
6,7,6,9,7,588
6,9,6,9,7,588
9,6,9,6,0,0
8,7,8,7,0,0
7,8,7,8,0,0
6,9,6,9,0,0
0,0,7,5,348,4430
1,0,7,5,348,4430
0,1,7,5,348,4430
2,0,7,5,348,4430
1,1,7,5,348,4430
0,2,7,5,348,4430
3,0,7,5,348,4430
2,1,7,5,348,4430
1,2,7,5,348,4430
0,3,7,5,348,4430
4,0,7,5,348,4430
3,1,7,5,348,4430
2,2,7,5,348,4430
1,3,7,5,348,4430
0,4,7,5,348,4430
6,0,7,5,348,4430
5,0,7,5,348,4430
5,1,7,5,348,4430
4,1,7,5,348,4430
4,2,7,5,348,4430
3,2,7,5,348,4430
3,3,7,5,348,4430
2,3,7,5,348,4430
2,4,7,5,348,4430
1,4,7,5,348,4430
1,5,7,5,348,4430
8,0,7,5,348,4430
7,0,7,5,348,4430
7,1,7,5,348,4430
6,1,7,5,348,4430
6,2,7,5,348,4430
5,2,7,5,348,4430
5,3,7,5,348,4430
4,3,7,5,348,4430
4,4,7,5,348,4430
3,4,7,5,348,4430
3,5,7,5,348,4430
2,5,7,5,348,4430
2,6,7,5,348,4430
9,0,7,5,348,4430
9,1,7,5,348,4430
8,1,7,5,348,4430
8,2,7,5,348,4430
7,2,7,5,348,4430
7,3,7,5,348,4430
6,3,7,5,348,4430
6,4,7,5,348,4430
5,4,7,5,348,4430
5,5,7,5,348,4430
4,5,7,5,348,4430
4,6,7,5,348,4430
3,6,7,5,348,4430
3,7,7,5,348,4430
9,2,7,5,348,4430
9,3,7,5,348,4430
8,3,7,5,348,4430
8,4,7,5,348,4430
7,4,7,5,348,4430
7,5,7,5,348,4430
6,5,7,5,348,4430
6,6,7,5,348,4430
5,6,7,5,348,4430
5,7,7,5,348,4430
4,7,7,5,348,4430
4,8,7,5,348,4430
9,4,7,5,348,4430
9,5,7,5,348,4430
8,5,7,5,348,4430
8,6,7,5,348,4430
7,6,7,5,348,4430
7,7,7,5,348,4430
6,7,7,5,348,4430
6,8,7,5,348,4430
5,8,7,5,348,4430
5,9,7,5,348,4430
9,6,7,5,348,4430
9,7,7,5,348,4430
8,7,7,5,348,4430
8,8,7,5,348,4430
7,8,7,5,348,4430
7,9,7,5,348,4430
6,9,7,5,348,4430
0,0,6,4,349,4114
1,0,6,4,349,4114
0,1,6,4,349,4114
2,0,6,4,349,4114
1,1,6,4,349,4114
0,2,6,4,349,4114
4,0,6,4,349,4114
3,0,6,4,349,4114
3,1,6,4,349,4114
2,1,6,4,349,4114
2,2,6,4,349,4114
1,2,6,4,349,4114
1,3,6,4,349,4114
6,0,6,4,349,4114
5,0,6,4,349,4114
5,1,6,4,349,4114
4,1,6,4,349,4114
4,2,6,4,349,4114
3,2,6,4,349,4114
3,3,6,4,349,4114
2,3,6,4,349,4114
2,4,6,4,349,4114
8,0,6,4,349,4114
7,0,6,4,349,4114
7,1,6,4,349,4114
6,1,6,4,349,4114
6,2,6,4,349,4114
5,2,6,4,349,4114
5,3,6,4,349,4114
4,3,6,4,349,4114
4,4,6,4,349,4114
3,4,6,4,349,4114
3,5,6,4,349,4114
9,0,6,4,349,4114
9,1,6,4,349,4114
8,1,6,4,349,4114
8,2,6,4,349,4114
7,2,6,4,349,4114
7,3,6,4,349,4114
6,3,6,4,349,4114
6,4,6,4,349,4114
5,4,6,4,349,4114
5,5,6,4,349,4114
4,5,6,4,349,4114
4,6,6,4,349,4114
9,2,6,4,349,4114
9,3,6,4,349,4114
8,3,6,4,349,4114
8,4,6,4,349,4114
7,4,6,4,349,4114
7,5,6,4,349,4114
6,5,6,4,349,4114
6,6,6,4,349,4114
5,6,6,4,349,4114
5,7,6,4,349,4114
9,4,6,4,349,4114
9,5,6,4,349,4114
8,5,6,4,349,4114
8,6,6,4,349,4114
7,6,6,4,349,4114
7,7,6,4,349,4114
6,7,6,4,349,4114
6,8,6,4,349,4114
9,6,6,4,349,4114
9,7,6,4,349,4114
8,7,6,4,349,4114
8,8,6,4,349,4114
7,8,6,4,349,4114
7,9,6,4,349,4114
0,0,4,4,350,3773
2,0,4,4,350,3773
1,0,4,4,350,3773
1,1,4,4,350,3773
4,0,4,4,350,3773
3,0,4,4,350,3773
3,1,4,4,350,3773
2,1,4,4,350,3773
2,2,4,4,350,3773
6,0,4,4,350,3773
5,0,4,4,350,3773
5,1,4,4,350,3773
4,1,4,4,350,3773
4,2,4,4,350,3773
3,2,4,4,350,3773
3,3,4,4,350,3773
8,0,4,4,350,3773
7,0,4,4,350,3773
7,1,4,4,350,3773
6,1,4,4,350,3773
6,2,4,4,350,3773
5,2,4,4,350,3773
5,3,4,4,350,3773
4,3,4,4,350,3773
4,4,4,4,350,3773
9,0,4,4,350,3773
9,1,4,4,350,3773
8,1,4,4,350,3773
8,2,4,4,350,3773
7,2,4,4,350,3773
7,3,4,4,350,3773
6,3,4,4,350,3773
6,4,4,4,350,3773
5,4,4,4,350,3773
5,5,4,4,350,3773
9,2,4,4,350,3773
9,3,4,4,350,3773
8,3,4,4,350,3773
8,4,4,4,350,3773
7,4,4,4,350,3773
7,5,4,4,350,3773
6,5,4,4,350,3773
6,6,4,4,350,3773
9,4,4,4,350,3773
9,5,4,4,350,3773
8,5,4,4,350,3773
8,6,4,4,350,3773
7,6,4,4,350,3773
7,7,4,4,350,3773
9,6,4,4,350,3773
9,7,4,4,350,3773
8,7,4,4,350,3773
8,8,4,4,350,3773
2,0,4,2,351,3394
4,0,4,2,351,3394
3,0,4,2,351,3394
3,1,4,2,351,3394
6,0,4,2,351,3394
5,0,4,2,351,3394
5,1,4,2,351,3394
4,1,4,2,351,3394
4,2,4,2,351,3394
8,0,4,2,351,3394
7,0,4,2,351,3394
7,1,4,2,351,3394
6,1,4,2,351,3394
6,2,4,2,351,3394
5,2,4,2,351,3394
5,3,4,2,351,3394
9,0,4,2,351,3394
9,1,4,2,351,3394
8,1,4,2,351,3394
8,2,4,2,351,3394
7,2,4,2,351,3394
7,3,4,2,351,3394
6,3,4,2,351,3394
6,4,4,2,351,3394
9,2,4,2,351,3394
9,3,4,2,351,3394
8,3,4,2,351,3394
8,4,4,2,351,3394
7,4,4,2,351,3394
7,5,4,2,351,3394
9,4,4,2,351,3394
9,5,4,2,351,3394
8,5,4,2,351,3394
8,6,4,2,351,3394
9,6,4,2,351,3394
9,7,4,2,351,3394
3,1,4,0,352,2992
5,1,4,0,352,2992
4,0,4,0,352,2992
4,2,4,0,352,2992
7,1,4,0,352,2992
6,0,4,0,352,2992
6,2,4,0,352,2992
5,0,4,0,352,2992
5,3,4,0,352,2992
9,1,4,0,352,2992
8,0,4,0,352,2992
8,2,4,0,352,2992
7,0,4,0,352,2992
7,3,4,0,352,2992
6,1,4,0,352,2992
6,4,4,0,352,2992
8,1,4,0,352,2992
9,0,4,0,352,2992
9,2,4,0,352,2992
9,3,4,0,352,2992
8,4,4,0,352,2992
7,2,4,0,352,2992
7,5,4,0,352,2992
8,3,4,0,352,2992
9,4,4,0,352,2992
9,5,4,0,352,2992
8,6,4,0,352,2992
4,1,4,0,352,2992
5,2,4,0,352,2992
6,3,4,0,352,2992
7,4,4,0,352,2992
8,5,4,0,352,2992
9,6,4,0,352,2992
9,7,4,0,352,2992
1,1,4,2,353,3395
3,1,4,2,353,3395
2,0,4,2,353,3395
2,2,4,2,353,3395
5,1,4,2,353,3395
4,0,4,2,353,3395
4,2,4,2,353,3395
3,0,4,2,353,3395
3,3,4,2,353,3395
7,1,4,2,353,3395
6,0,4,2,353,3395
6,2,4,2,353,3395
5,0,4,2,353,3395
5,3,4,2,353,3395
4,1,4,2,353,3395
4,4,4,2,353,3395
9,1,4,2,353,3395
8,0,4,2,353,3395
8,2,4,2,353,3395
7,0,4,2,353,3395
7,3,4,2,353,3395
6,1,4,2,353,3395
6,4,4,2,353,3395
5,2,4,2,353,3395
5,5,4,2,353,3395
8,1,4,2,353,3395
9,0,4,2,353,3395
9,2,4,2,353,3395
9,3,4,2,353,3395
8,4,4,2,353,3395
7,2,4,2,353,3395
7,5,4,2,353,3395
6,3,4,2,353,3395
6,6,4,2,353,3395
8,3,4,2,353,3395
9,4,4,2,353,3395
9,5,4,2,353,3395
8,6,4,2,353,3395
7,4,4,2,353,3395
7,7,4,2,353,3395
8,5,4,2,353,3395
9,6,4,2,353,3395
9,7,4,2,353,3395
8,8,4,2,353,3395
0,1,4,4,354,3766
1,1,4,4,354,3766
0,0,4,4,354,3766
0,2,4,4,354,3766
3,1,4,4,354,3766
2,0,4,4,354,3766
2,2,4,4,354,3766
1,0,4,4,354,3766
1,3,4,4,354,3766
5,1,4,4,354,3766
4,0,4,4,354,3766
4,2,4,4,354,3766
3,0,4,4,354,3766
3,3,4,4,354,3766
2,1,4,4,354,3766
2,4,4,4,354,3766
7,1,4,4,354,3766
6,0,4,4,354,3766
6,2,4,4,354,3766
5,0,4,4,354,3766
5,3,4,4,354,3766
4,1,4,4,354,3766
4,4,4,4,354,3766
3,2,4,4,354,3766
3,5,4,4,354,3766
9,1,4,4,354,3766
8,0,4,4,354,3766
8,2,4,4,354,3766
7,0,4,4,354,3766
7,3,4,4,354,3766
6,1,4,4,354,3766
6,4,4,4,354,3766
5,2,4,4,354,3766
5,5,4,4,354,3766
4,3,4,4,354,3766
4,6,4,4,354,3766
8,1,4,4,354,3766
9,0,4,4,354,3766
9,2,4,4,354,3766
9,3,4,4,354,3766
8,4,4,4,354,3766
7,2,4,4,354,3766
7,5,4,4,354,3766
6,3,4,4,354,3766
6,6,4,4,354,3766
5,4,4,4,354,3766
5,7,4,4,354,3766
8,3,4,4,354,3766
9,4,4,4,354,3766
9,5,4,4,354,3766
8,6,4,4,354,3766
7,4,4,4,354,3766
7,7,4,4,354,3766
6,5,4,4,354,3766
6,8,4,4,354,3766
8,5,4,4,354,3766
9,6,4,4,354,3766
9,7,4,4,354,3766
8,8,4,4,354,3766
7,6,4,4,354,3766
7,9,4,4,354,3766
0,1,6,4,355,4106
1,1,6,4,355,4106
0,0,6,4,355,4106
0,2,6,4,355,4106
2,1,6,4,355,4106
1,0,6,4,355,4106
1,2,6,4,355,4106
0,3,6,4,355,4106
3,1,6,4,355,4106
2,0,6,4,355,4106
2,2,6,4,355,4106
1,3,6,4,355,4106
0,4,6,4,355,4106
5,1,6,4,355,4106
4,0,6,4,355,4106
4,2,6,4,355,4106
3,0,6,4,355,4106
3,3,6,4,355,4106
2,4,6,4,355,4106
1,5,6,4,355,4106
7,1,6,4,355,4106
6,0,6,4,355,4106
6,2,6,4,355,4106
5,0,6,4,355,4106
5,3,6,4,355,4106
4,1,6,4,355,4106
4,4,6,4,355,4106
3,2,6,4,355,4106
3,5,6,4,355,4106
2,3,6,4,355,4106
2,6,6,4,355,4106
9,1,6,4,355,4106
8,0,6,4,355,4106
8,2,6,4,355,4106
7,0,6,4,355,4106
7,3,6,4,355,4106
6,1,6,4,355,4106
6,4,6,4,355,4106
5,2,6,4,355,4106
5,5,6,4,355,4106
4,3,6,4,355,4106
4,6,6,4,355,4106
3,4,6,4,355,4106
3,7,6,4,355,4106
8,1,6,4,355,4106
9,0,6,4,355,4106
9,2,6,4,355,4106
9,3,6,4,355,4106
8,4,6,4,355,4106
7,2,6,4,355,4106
7,5,6,4,355,4106
6,3,6,4,355,4106
6,6,6,4,355,4106
5,4,6,4,355,4106
5,7,6,4,355,4106
4,5,6,4,355,4106
4,8,6,4,355,4106
8,3,6,4,355,4106
9,4,6,4,355,4106
9,5,6,4,355,4106
8,6,6,4,355,4106
7,4,6,4,355,4106
7,7,6,4,355,4106
6,5,6,4,355,4106
6,8,6,4,355,4106
5,6,6,4,355,4106
5,9,6,4,355,4106
8,5,6,4,355,4106
9,6,6,4,355,4106
9,7,6,4,355,4106
8,8,6,4,355,4106
7,6,6,4,355,4106
7,9,6,4,355,4106
6,7,6,4,355,4106
6,9,6,4,355,4106
0,3,9,7,356,3381
1,3,9,7,356,3381
0,2,9,7,356,3381
0,4,9,7,356,3381
3,3,9,7,356,3381
2,2,9,7,356,3381
2,4,9,7,356,3381
1,1,9,7,356,3381
1,5,9,7,356,3381
5,3,9,7,356,3381
4,2,9,7,356,3381
4,4,9,7,356,3381
3,1,9,7,356,3381
3,5,9,7,356,3381
2,0,9,7,356,3381
2,6,9,7,356,3381
7,3,9,7,356,3381
6,2,9,7,356,3381
6,4,9,7,356,3381
5,1,9,7,356,3381
5,5,9,7,356,3381
4,0,9,7,356,3381
4,6,9,7,356,3381
3,0,9,7,356,3381
3,7,9,7,356,3381
9,3,9,7,356,3381
8,2,9,7,356,3381
8,4,9,7,356,3381
7,1,9,7,356,3381
7,5,9,7,356,3381
6,0,9,7,356,3381
6,6,9,7,356,3381
5,0,9,7,356,3381
5,7,9,7,356,3381
4,1,9,7,356,3381
4,8,9,7,356,3381
8,3,9,7,356,3381
9,2,9,7,356,3381
9,4,9,7,356,3381
9,1,9,7,356,3381
9,5,9,7,356,3381
8,0,9,7,356,3381
8,6,9,7,356,3381
7,0,9,7,356,3381
7,7,9,7,356,3381
6,1,9,7,356,3381
6,8,9,7,356,3381
5,2,9,7,356,3381
5,9,9,7,356,3381
6,3,9,7,356,3381
7,2,9,7,356,3381
7,4,9,7,356,3381
8,1,9,7,356,3381
8,5,9,7,356,3381
9,0,9,7,356,3381
9,6,9,7,356,3381
9,7,9,7,356,3381
8,8,9,7,356,3381
7,9,9,7,356,3381
6,9,9,7,356,3381
0,4,9,7,357,2992
2,4,9,7,357,2992
1,3,9,7,357,2992
1,5,9,7,357,2992
4,4,9,7,357,2992
3,3,9,7,357,2992
3,5,9,7,357,2992
2,2,9,7,357,2992
2,6,9,7,357,2992
6,4,9,7,357,2992
5,3,9,7,357,2992
5,5,9,7,357,2992
4,2,9,7,357,2992
4,6,9,7,357,2992
3,1,9,7,357,2992
3,7,9,7,357,2992
8,4,9,7,357,2992
7,3,9,7,357,2992
7,5,9,7,357,2992
6,2,9,7,357,2992
6,6,9,7,357,2992
5,1,9,7,357,2992
5,7,9,7,357,2992
4,0,9,7,357,2992
4,8,9,7,357,2992
9,4,9,7,357,2992
9,3,9,7,357,2992
9,5,9,7,357,2992
8,2,9,7,357,2992
8,6,9,7,357,2992
7,1,9,7,357,2992
7,7,9,7,357,2992
6,0,9,7,357,2992
6,8,9,7,357,2992
5,0,9,7,357,2992
5,9,9,7,357,2992
7,4,9,7,357,2992
8,3,9,7,357,2992
8,5,9,7,357,2992
9,2,9,7,357,2992
9,6,9,7,357,2992
9,1,9,7,357,2992
9,7,9,7,357,2992
8,0,9,7,357,2992
8,8,9,7,357,2992
7,0,9,7,357,2992
7,9,9,7,357,2992
6,1,9,7,357,2992
6,9,9,7,357,2992
0,1,8,6,358,4404
1,1,8,6,358,4404
0,0,8,6,358,4404
0,2,8,6,358,4404
2,1,8,6,358,4404
1,0,8,6,358,4404
1,2,8,6,358,4404
0,3,8,6,358,4404
3,1,8,6,358,4404
2,0,8,6,358,4404
2,2,8,6,358,4404
1,3,8,6,358,4404
0,4,8,6,358,4404
4,1,8,6,358,4404
3,0,8,6,358,4404
3,2,8,6,358,4404
2,3,8,6,358,4404
1,4,8,6,358,4404
0,5,8,6,358,4404
5,1,8,6,358,4404
4,0,8,6,358,4404
4,2,8,6,358,4404
3,3,8,6,358,4404
2,4,8,6,358,4404
1,5,8,6,358,4404
0,6,8,6,358,4404
7,1,8,6,358,4404
6,0,8,6,358,4404
6,2,8,6,358,4404
5,0,8,6,358,4404
5,3,8,6,358,4404
4,4,8,6,358,4404
3,5,8,6,358,4404
2,6,8,6,358,4404
1,7,8,6,358,4404
9,1,8,6,358,4404
8,0,8,6,358,4404
8,2,8,6,358,4404
7,0,8,6,358,4404
7,3,8,6,358,4404
6,1,8,6,358,4404
6,4,8,6,358,4404
5,2,8,6,358,4404
5,5,8,6,358,4404
4,3,8,6,358,4404
4,6,8,6,358,4404
3,4,8,6,358,4404
3,7,8,6,358,4404
2,5,8,6,358,4404
2,8,8,6,358,4404
8,1,8,6,358,4404
9,0,8,6,358,4404
9,2,8,6,358,4404
9,3,8,6,358,4404
8,4,8,6,358,4404
7,2,8,6,358,4404
7,5,8,6,358,4404
6,3,8,6,358,4404
6,6,8,6,358,4404
5,4,8,6,358,4404
5,7,8,6,358,4404
4,5,8,6,358,4404
4,8,8,6,358,4404
3,6,8,6,358,4404
3,9,8,6,358,4404
8,3,8,6,358,4404
9,4,8,6,358,4404
9,5,8,6,358,4404
8,6,8,6,358,4404
7,4,8,6,358,4404
7,7,8,6,358,4404
6,5,8,6,358,4404
6,8,8,6,358,4404
5,6,8,6,358,4404
5,9,8,6,358,4404
4,7,8,6,358,4404
4,9,8,6,358,4404
8,5,8,6,358,4404
9,6,8,6,358,4404
9,7,8,6,358,4404
8,8,8,6,358,4404
7,6,8,6,358,4404
7,9,8,6,358,4404
6,7,8,6,358,4404
6,9,8,6,358,4404
5,8,8,6,358,4404
0,4,9,7,359,3381
1,4,9,7,359,3381
0,3,9,7,359,3381
0,5,9,7,359,3381
2,4,9,7,359,3381
1,3,9,7,359,3381
1,5,9,7,359,3381
0,2,9,7,359,3381
0,6,9,7,359,3381
4,4,9,7,359,3381
3,3,9,7,359,3381
3,5,9,7,359,3381
2,2,9,7,359,3381
2,6,9,7,359,3381
1,1,9,7,359,3381
1,7,9,7,359,3381
6,4,9,7,359,3381
5,3,9,7,359,3381
5,5,9,7,359,3381
4,2,9,7,359,3381
4,6,9,7,359,3381
3,1,9,7,359,3381
3,7,9,7,359,3381
2,0,9,7,359,3381
2,8,9,7,359,3381
8,4,9,7,359,3381
7,3,9,7,359,3381
7,5,9,7,359,3381
6,2,9,7,359,3381
6,6,9,7,359,3381
5,1,9,7,359,3381
5,7,9,7,359,3381
4,0,9,7,359,3381
4,8,9,7,359,3381
3,0,9,7,359,3381
3,9,9,7,359,3381
9,4,9,7,359,3381
9,3,9,7,359,3381
9,5,9,7,359,3381
8,2,9,7,359,3381
8,6,9,7,359,3381
7,1,9,7,359,3381
7,7,9,7,359,3381
6,0,9,7,359,3381
6,8,9,7,359,3381
5,0,9,7,359,3381
5,9,9,7,359,3381
4,1,9,7,359,3381
4,9,9,7,359,3381
7,4,9,7,359,3381
8,3,9,7,359,3381
8,5,9,7,359,3381
9,2,9,7,359,3381
9,6,9,7,359,3381
9,1,9,7,359,3381
9,7,9,7,359,3381
8,0,9,7,359,3381
8,8,9,7,359,3381
7,0,9,7,359,3381
7,9,9,7,359,3381
6,1,9,7,359,3381
6,9,9,7,359,3381
5,2,9,7,359,3381
5,8,9,7,359,3381
0,1,9,7,360,4701
1,1,9,7,360,4701
0,0,9,7,360,4701
0,2,9,7,360,4701
2,1,9,7,360,4701
1,0,9,7,360,4701
1,2,9,7,360,4701
0,3,9,7,360,4701
3,1,9,7,360,4701
2,0,9,7,360,4701
2,2,9,7,360,4701
1,3,9,7,360,4701
0,4,9,7,360,4701
4,1,9,7,360,4701
3,0,9,7,360,4701
3,2,9,7,360,4701
2,3,9,7,360,4701
1,4,9,7,360,4701
0,5,9,7,360,4701
5,1,9,7,360,4701
4,0,9,7,360,4701
4,2,9,7,360,4701
3,3,9,7,360,4701
2,4,9,7,360,4701
1,5,9,7,360,4701
0,6,9,7,360,4701
6,1,9,7,360,4701
5,0,9,7,360,4701
5,2,9,7,360,4701
4,3,9,7,360,4701
3,4,9,7,360,4701
2,5,9,7,360,4701
1,6,9,7,360,4701
0,7,9,7,360,4701
7,1,9,7,360,4701
6,0,9,7,360,4701
6,2,9,7,360,4701
5,3,9,7,360,4701
4,4,9,7,360,4701
3,5,9,7,360,4701
2,6,9,7,360,4701
1,7,9,7,360,4701
0,8,9,7,360,4701
9,1,9,7,360,4701
8,0,9,7,360,4701
8,2,9,7,360,4701
7,0,9,7,360,4701
7,3,9,7,360,4701
6,4,9,7,360,4701
5,5,9,7,360,4701
4,6,9,7,360,4701
3,7,9,7,360,4701
2,8,9,7,360,4701
1,9,9,7,360,4701
8,1,9,7,360,4701
9,0,9,7,360,4701
9,2,9,7,360,4701
9,3,9,7,360,4701
8,4,9,7,360,4701
7,2,9,7,360,4701
7,5,9,7,360,4701
6,3,9,7,360,4701
6,6,9,7,360,4701
5,4,9,7,360,4701
5,7,9,7,360,4701
4,5,9,7,360,4701
4,8,9,7,360,4701
3,6,9,7,360,4701
3,9,9,7,360,4701
2,7,9,7,360,4701
2,9,9,7,360,4701
8,3,9,7,360,4701
9,4,9,7,360,4701
9,5,9,7,360,4701
8,6,9,7,360,4701
7,4,9,7,360,4701
7,7,9,7,360,4701
6,5,9,7,360,4701
6,8,9,7,360,4701
5,6,9,7,360,4701
5,9,9,7,360,4701
4,7,9,7,360,4701
4,9,9,7,360,4701
3,8,9,7,360,4701
8,5,9,7,360,4701
9,6,9,7,360,4701
9,7,9,7,360,4701
8,8,9,7,360,4701
7,6,9,7,360,4701
7,9,9,7,360,4701
6,7,9,7,360,4701
6,9,9,7,360,4701
5,8,9,7,360,4701
0,2,9,7,361,4404
1,2,9,7,361,4404
0,1,9,7,361,4404
0,3,9,7,361,4404
2,2,9,7,361,4404
1,1,9,7,361,4404
1,3,9,7,361,4404
0,0,9,7,361,4404
0,4,9,7,361,4404
3,2,9,7,361,4404
2,1,9,7,361,4404
2,3,9,7,361,4404
1,0,9,7,361,4404
1,4,9,7,361,4404
0,5,9,7,361,4404
4,2,9,7,361,4404
3,1,9,7,361,4404
3,3,9,7,361,4404
2,0,9,7,361,4404
2,4,9,7,361,4404
1,5,9,7,361,4404
0,6,9,7,361,4404
5,2,9,7,361,4404
4,1,9,7,361,4404
4,3,9,7,361,4404
3,0,9,7,361,4404
3,4,9,7,361,4404
2,5,9,7,361,4404
1,6,9,7,361,4404
0,7,9,7,361,4404
6,2,9,7,361,4404
5,1,9,7,361,4404
5,3,9,7,361,4404
4,0,9,7,361,4404
4,4,9,7,361,4404
3,5,9,7,361,4404
2,6,9,7,361,4404
1,7,9,7,361,4404
0,8,9,7,361,4404
8,2,9,7,361,4404
7,1,9,7,361,4404
7,3,9,7,361,4404
6,0,9,7,361,4404
6,4,9,7,361,4404
5,0,9,7,361,4404
5,5,9,7,361,4404
4,6,9,7,361,4404
3,7,9,7,361,4404
2,8,9,7,361,4404
1,9,9,7,361,4404
9,2,9,7,361,4404
9,1,9,7,361,4404
9,3,9,7,361,4404
8,0,9,7,361,4404
8,4,9,7,361,4404
7,0,9,7,361,4404
7,5,9,7,361,4404
6,1,9,7,361,4404
6,6,9,7,361,4404
5,7,9,7,361,4404
4,8,9,7,361,4404
3,9,9,7,361,4404
2,9,9,7,361,4404
7,2,9,7,361,4404
8,1,9,7,361,4404
8,3,9,7,361,4404
9,0,9,7,361,4404
9,4,9,7,361,4404
9,5,9,7,361,4404
8,6,9,7,361,4404
7,7,9,7,361,4404
6,3,9,7,361,4404
6,8,9,7,361,4404
5,4,9,7,361,4404
5,9,9,7,361,4404
4,5,9,7,361,4404
4,9,9,7,361,4404
3,6,9,7,361,4404
3,8,9,7,361,4404
7,4,9,7,361,4404
8,5,9,7,361,4404
9,6,9,7,361,4404
9,7,9,7,361,4404
8,8,9,7,361,4404
7,9,9,7,361,4404
6,5,9,7,361,4404
6,9,9,7,361,4404
5,6,9,7,361,4404
5,8,9,7,361,4404
4,7,9,7,361,4404
0,3,9,7,362,4086
1,3,9,7,362,4086
0,2,9,7,362,4086
0,4,9,7,362,4086
2,3,9,7,362,4086
1,2,9,7,362,4086
1,4,9,7,362,4086
0,1,9,7,362,4086
0,5,9,7,362,4086
3,3,9,7,362,4086
2,2,9,7,362,4086
2,4,9,7,362,4086
1,1,9,7,362,4086
1,5,9,7,362,4086
0,0,9,7,362,4086
0,6,9,7,362,4086
4,3,9,7,362,4086
3,2,9,7,362,4086
3,4,9,7,362,4086
2,1,9,7,362,4086
2,5,9,7,362,4086
1,0,9,7,362,4086
1,6,9,7,362,4086
0,7,9,7,362,4086
5,3,9,7,362,4086
4,2,9,7,362,4086
4,4,9,7,362,4086
3,1,9,7,362,4086
3,5,9,7,362,4086
2,0,9,7,362,4086
2,6,9,7,362,4086
1,7,9,7,362,4086
0,8,9,7,362,4086
7,3,9,7,362,4086
6,2,9,7,362,4086
6,4,9,7,362,4086
5,1,9,7,362,4086
5,5,9,7,362,4086
4,0,9,7,362,4086
4,6,9,7,362,4086
3,0,9,7,362,4086
3,7,9,7,362,4086
2,8,9,7,362,4086
1,9,9,7,362,4086
9,3,9,7,362,4086
8,2,9,7,362,4086
8,4,9,7,362,4086
7,1,9,7,362,4086
7,5,9,7,362,4086
6,0,9,7,362,4086
6,6,9,7,362,4086
5,0,9,7,362,4086
5,7,9,7,362,4086
4,1,9,7,362,4086
4,8,9,7,362,4086
3,9,9,7,362,4086
2,9,9,7,362,4086
8,3,9,7,362,4086
9,2,9,7,362,4086
9,4,9,7,362,4086
9,1,9,7,362,4086
9,5,9,7,362,4086
8,0,9,7,362,4086
8,6,9,7,362,4086
7,0,9,7,362,4086
7,7,9,7,362,4086
6,1,9,7,362,4086
6,8,9,7,362,4086
5,2,9,7,362,4086
5,9,9,7,362,4086
4,9,9,7,362,4086
3,8,9,7,362,4086
6,3,9,7,362,4086
7,2,9,7,362,4086
7,4,9,7,362,4086
8,1,9,7,362,4086
8,5,9,7,362,4086
9,0,9,7,362,4086
9,6,9,7,362,4086
9,7,9,7,362,4086
8,8,9,7,362,4086
7,9,9,7,362,4086
6,9,9,7,362,4086
5,4,9,7,362,4086
5,8,9,7,362,4086
4,5,9,7,362,4086
4,7,9,7,362,4086
0,4,9,7,363,3744
1,4,9,7,363,3744
0,3,9,7,363,3744
0,5,9,7,363,3744
2,4,9,7,363,3744
1,3,9,7,363,3744
1,5,9,7,363,3744
0,2,9,7,363,3744
0,6,9,7,363,3744
3,4,9,7,363,3744
2,3,9,7,363,3744
2,5,9,7,363,3744
1,2,9,7,363,3744
1,6,9,7,363,3744
0,1,9,7,363,3744
0,7,9,7,363,3744
4,4,9,7,363,3744
3,3,9,7,363,3744
3,5,9,7,363,3744
2,2,9,7,363,3744
2,6,9,7,363,3744
1,1,9,7,363,3744
1,7,9,7,363,3744
0,0,9,7,363,3744
0,8,9,7,363,3744
6,4,9,7,363,3744
5,3,9,7,363,3744
5,5,9,7,363,3744
4,2,9,7,363,3744
4,6,9,7,363,3744
3,1,9,7,363,3744
3,7,9,7,363,3744
2,0,9,7,363,3744
2,8,9,7,363,3744
1,0,9,7,363,3744
1,9,9,7,363,3744
8,4,9,7,363,3744
7,3,9,7,363,3744
7,5,9,7,363,3744
6,2,9,7,363,3744
6,6,9,7,363,3744
5,1,9,7,363,3744
5,7,9,7,363,3744
4,0,9,7,363,3744
4,8,9,7,363,3744
3,0,9,7,363,3744
3,9,9,7,363,3744
2,1,9,7,363,3744
2,9,9,7,363,3744
9,4,9,7,363,3744
9,3,9,7,363,3744
9,5,9,7,363,3744
8,2,9,7,363,3744
8,6,9,7,363,3744
7,1,9,7,363,3744
7,7,9,7,363,3744
6,0,9,7,363,3744
6,8,9,7,363,3744
5,0,9,7,363,3744
5,9,9,7,363,3744
4,1,9,7,363,3744
4,9,9,7,363,3744
3,2,9,7,363,3744
3,8,9,7,363,3744
7,4,9,7,363,3744
8,3,9,7,363,3744
8,5,9,7,363,3744
9,2,9,7,363,3744
9,6,9,7,363,3744
9,1,9,7,363,3744
9,7,9,7,363,3744
8,0,9,7,363,3744
8,8,9,7,363,3744
7,0,9,7,363,3744
7,9,9,7,363,3744
6,1,9,7,363,3744
6,9,9,7,363,3744
5,2,9,7,363,3744
5,8,9,7,363,3744
4,3,9,7,363,3744
4,7,9,7,363,3744
0,5,8,6,364,3381
1,5,8,6,364,3381
0,4,8,6,364,3381
0,6,8,6,364,3381
2,5,8,6,364,3381
1,4,8,6,364,3381
1,6,8,6,364,3381
0,3,8,6,364,3381
0,7,8,6,364,3381
3,5,8,6,364,3381
2,4,8,6,364,3381
2,6,8,6,364,3381
1,3,8,6,364,3381
1,7,8,6,364,3381
0,2,8,6,364,3381
0,8,8,6,364,3381
5,5,8,6,364,3381
4,4,8,6,364,3381
4,6,8,6,364,3381
3,3,8,6,364,3381
3,7,8,6,364,3381
2,2,8,6,364,3381
2,8,8,6,364,3381
1,1,8,6,364,3381
1,9,8,6,364,3381
7,5,8,6,364,3381
6,4,8,6,364,3381
6,6,8,6,364,3381
5,3,8,6,364,3381
5,7,8,6,364,3381
4,2,8,6,364,3381
4,8,8,6,364,3381
3,1,8,6,364,3381
3,9,8,6,364,3381
2,0,8,6,364,3381
2,9,8,6,364,3381
9,5,8,6,364,3381
8,4,8,6,364,3381
8,6,8,6,364,3381
7,3,8,6,364,3381
7,7,8,6,364,3381
6,2,8,6,364,3381
6,8,8,6,364,3381
5,1,8,6,364,3381
5,9,8,6,364,3381
4,0,8,6,364,3381
4,9,8,6,364,3381
3,0,8,6,364,3381
3,8,8,6,364,3381
8,5,8,6,364,3381
9,4,8,6,364,3381
9,6,8,6,364,3381
9,3,8,6,364,3381
9,7,8,6,364,3381
8,2,8,6,364,3381
8,8,8,6,364,3381
7,1,8,6,364,3381
7,9,8,6,364,3381
6,0,8,6,364,3381
6,9,8,6,364,3381
5,0,8,6,364,3381
5,8,8,6,364,3381
4,1,8,6,364,3381
4,7,8,6,364,3381
0,6,6,4,365,2991
1,6,6,4,365,2991
0,5,6,4,365,2991
0,7,6,4,365,2991
2,6,6,4,365,2991
1,5,6,4,365,2991
1,7,6,4,365,2991
0,4,6,4,365,2991
0,8,6,4,365,2991
4,6,6,4,365,2991
3,5,6,4,365,2991
3,7,6,4,365,2991
2,4,6,4,365,2991
2,8,6,4,365,2991
1,3,6,4,365,2991
1,9,6,4,365,2991
6,6,6,4,365,2991
5,5,6,4,365,2991
5,7,6,4,365,2991
4,4,6,4,365,2991
4,8,6,4,365,2991
3,3,6,4,365,2991
3,9,6,4,365,2991
2,2,6,4,365,2991
2,9,6,4,365,2991
8,6,6,4,365,2991
7,5,6,4,365,2991
7,7,6,4,365,2991
6,4,6,4,365,2991
6,8,6,4,365,2991
5,3,6,4,365,2991
5,9,6,4,365,2991
4,2,6,4,365,2991
4,9,6,4,365,2991
3,1,6,4,365,2991
3,8,6,4,365,2991
9,6,6,4,365,2991
9,5,6,4,365,2991
9,7,6,4,365,2991
8,4,6,4,365,2991
8,8,6,4,365,2991
7,3,6,4,365,2991
7,9,6,4,365,2991
6,2,6,4,365,2991
6,9,6,4,365,2991
5,1,6,4,365,2991
5,8,6,4,365,2991
4,0,6,4,365,2991
4,7,6,4,365,2991
0,2,8,6,366,4700
1,2,8,6,366,4700
0,1,8,6,366,4700
0,3,8,6,366,4700
2,2,8,6,366,4700
1,1,8,6,366,4700
1,3,8,6,366,4700
0,0,8,6,366,4700
0,4,8,6,366,4700
3,2,8,6,366,4700
2,1,8,6,366,4700
2,3,8,6,366,4700
1,0,8,6,366,4700
1,4,8,6,366,4700
0,5,8,6,366,4700
4,2,8,6,366,4700
3,1,8,6,366,4700
3,3,8,6,366,4700
2,0,8,6,366,4700
2,4,8,6,366,4700
1,5,8,6,366,4700
0,6,8,6,366,4700
5,2,8,6,366,4700
4,1,8,6,366,4700
4,3,8,6,366,4700
3,0,8,6,366,4700
3,4,8,6,366,4700
2,5,8,6,366,4700
1,6,8,6,366,4700
0,7,8,6,366,4700
6,2,8,6,366,4700
5,1,8,6,366,4700
5,3,8,6,366,4700
4,0,8,6,366,4700
4,4,8,6,366,4700
3,5,8,6,366,4700
2,6,8,6,366,4700
1,7,8,6,366,4700
0,8,8,6,366,4700
7,2,8,6,366,4700
6,1,8,6,366,4700
6,3,8,6,366,4700
5,0,8,6,366,4700
5,4,8,6,366,4700
4,5,8,6,366,4700
3,6,8,6,366,4700
2,7,8,6,366,4700
1,8,8,6,366,4700
0,9,8,6,366,4700
8,2,8,6,366,4700
7,1,8,6,366,4700
7,3,8,6,366,4700
6,0,8,6,366,4700
6,4,8,6,366,4700
5,5,8,6,366,4700
4,6,8,6,366,4700
3,7,8,6,366,4700
2,8,8,6,366,4700
1,9,8,6,366,4700
9,2,8,6,366,4700
9,1,8,6,366,4700
9,3,8,6,366,4700
8,0,8,6,366,4700
8,4,8,6,366,4700
7,0,8,6,366,4700
7,5,8,6,366,4700
6,6,8,6,366,4700
5,7,8,6,366,4700
4,8,8,6,366,4700
3,9,8,6,366,4700
2,9,8,6,366,4700
8,1,8,6,366,4700
8,3,8,6,366,4700
9,0,8,6,366,4700
9,4,8,6,366,4700
9,5,8,6,366,4700
8,6,8,6,366,4700
7,7,8,6,366,4700
6,8,8,6,366,4700
5,9,8,6,366,4700
4,9,8,6,366,4700
3,8,8,6,366,4700
7,4,8,6,366,4700
8,5,8,6,366,4700
9,6,8,6,366,4700
9,7,8,6,366,4700
8,8,8,6,366,4700
7,9,8,6,366,4700
6,5,8,6,366,4700
6,9,8,6,366,4700
5,6,8,6,366,4700
5,8,8,6,366,4700
4,7,8,6,366,4700
0,4,9,7,367,4083
1,4,9,7,367,4083
0,3,9,7,367,4083
0,5,9,7,367,4083
2,4,9,7,367,4083
1,3,9,7,367,4083
1,5,9,7,367,4083
0,2,9,7,367,4083
0,6,9,7,367,4083
3,4,9,7,367,4083
2,3,9,7,367,4083
2,5,9,7,367,4083
1,2,9,7,367,4083
1,6,9,7,367,4083
0,1,9,7,367,4083
0,7,9,7,367,4083
4,4,9,7,367,4083
3,3,9,7,367,4083
3,5,9,7,367,4083
2,2,9,7,367,4083
2,6,9,7,367,4083
1,1,9,7,367,4083
1,7,9,7,367,4083
0,0,9,7,367,4083
0,8,9,7,367,4083
5,4,9,7,367,4083
4,3,9,7,367,4083
4,5,9,7,367,4083
3,2,9,7,367,4083
3,6,9,7,367,4083
2,1,9,7,367,4083
2,7,9,7,367,4083
1,0,9,7,367,4083
1,8,9,7,367,4083
0,9,9,7,367,4083
6,4,9,7,367,4083
5,3,9,7,367,4083
5,5,9,7,367,4083
4,2,9,7,367,4083
4,6,9,7,367,4083
3,1,9,7,367,4083
3,7,9,7,367,4083
2,0,9,7,367,4083
2,8,9,7,367,4083
1,9,9,7,367,4083
8,4,9,7,367,4083
7,3,9,7,367,4083
7,5,9,7,367,4083
6,2,9,7,367,4083
6,6,9,7,367,4083
5,1,9,7,367,4083
5,7,9,7,367,4083
4,0,9,7,367,4083
4,8,9,7,367,4083
3,0,9,7,367,4083
3,9,9,7,367,4083
2,9,9,7,367,4083
9,4,9,7,367,4083
9,3,9,7,367,4083
9,5,9,7,367,4083
8,2,9,7,367,4083
8,6,9,7,367,4083
7,1,9,7,367,4083
7,7,9,7,367,4083
6,0,9,7,367,4083
6,8,9,7,367,4083
5,0,9,7,367,4083
5,9,9,7,367,4083
4,1,9,7,367,4083
4,9,9,7,367,4083
3,8,9,7,367,4083
7,4,9,7,367,4083
8,3,9,7,367,4083
8,5,9,7,367,4083
9,2,9,7,367,4083
9,6,9,7,367,4083
9,1,9,7,367,4083
9,7,9,7,367,4083
8,0,9,7,367,4083
8,8,9,7,367,4083
7,0,9,7,367,4083
7,9,9,7,367,4083
6,1,9,7,367,4083
6,9,9,7,367,4083
5,2,9,7,367,4083
5,8,9,7,367,4083
4,7,9,7,367,4083
0,5,8,6,368,3745
1,5,8,6,368,3745
0,4,8,6,368,3745
0,6,8,6,368,3745
2,5,8,6,368,3745
1,4,8,6,368,3745
1,6,8,6,368,3745
0,3,8,6,368,3745
0,7,8,6,368,3745
3,5,8,6,368,3745
2,4,8,6,368,3745
2,6,8,6,368,3745
1,3,8,6,368,3745
1,7,8,6,368,3745
0,2,8,6,368,3745
0,8,8,6,368,3745
4,5,8,6,368,3745
3,4,8,6,368,3745
3,6,8,6,368,3745
2,3,8,6,368,3745
2,7,8,6,368,3745
1,2,8,6,368,3745
1,8,8,6,368,3745
0,1,8,6,368,3745
0,9,8,6,368,3745
5,5,8,6,368,3745
4,4,8,6,368,3745
4,6,8,6,368,3745
3,3,8,6,368,3745
3,7,8,6,368,3745
2,2,8,6,368,3745
2,8,8,6,368,3745
1,1,8,6,368,3745
1,9,8,6,368,3745
0,0,8,6,368,3745
7,5,8,6,368,3745
6,4,8,6,368,3745
6,6,8,6,368,3745
5,3,8,6,368,3745
5,7,8,6,368,3745
4,2,8,6,368,3745
4,8,8,6,368,3745
3,1,8,6,368,3745
3,9,8,6,368,3745
2,0,8,6,368,3745
2,9,8,6,368,3745
1,0,8,6,368,3745
9,5,8,6,368,3745
8,4,8,6,368,3745
8,6,8,6,368,3745
7,3,8,6,368,3745
7,7,8,6,368,3745
6,2,8,6,368,3745
6,8,8,6,368,3745
5,1,8,6,368,3745
5,9,8,6,368,3745
4,0,8,6,368,3745
4,9,8,6,368,3745
3,0,8,6,368,3745
3,8,8,6,368,3745
2,1,8,6,368,3745
8,5,8,6,368,3745
9,4,8,6,368,3745
9,6,8,6,368,3745
9,3,8,6,368,3745
9,7,8,6,368,3745
8,2,8,6,368,3745
8,8,8,6,368,3745
7,1,8,6,368,3745
7,9,8,6,368,3745
6,0,8,6,368,3745
6,9,8,6,368,3745
5,0,8,6,368,3745
5,8,8,6,368,3745
4,1,8,6,368,3745
4,7,8,6,368,3745
3,2,8,6,368,3745
0,6,7,5,369,3381
1,6,7,5,369,3381
0,5,7,5,369,3381
0,7,7,5,369,3381
2,6,7,5,369,3381
1,5,7,5,369,3381
1,7,7,5,369,3381
0,4,7,5,369,3381
0,8,7,5,369,3381
3,6,7,5,369,3381
2,5,7,5,369,3381
2,7,7,5,369,3381
1,4,7,5,369,3381
1,8,7,5,369,3381
0,3,7,5,369,3381
0,9,7,5,369,3381
4,6,7,5,369,3381
3,5,7,5,369,3381
3,7,7,5,369,3381
2,4,7,5,369,3381
2,8,7,5,369,3381
1,3,7,5,369,3381
1,9,7,5,369,3381
0,2,7,5,369,3381
6,6,7,5,369,3381
5,5,7,5,369,3381
5,7,7,5,369,3381
4,4,7,5,369,3381
4,8,7,5,369,3381
3,3,7,5,369,3381
3,9,7,5,369,3381
2,2,7,5,369,3381
2,9,7,5,369,3381
1,1,7,5,369,3381
8,6,7,5,369,3381
7,5,7,5,369,3381
7,7,7,5,369,3381
6,4,7,5,369,3381
6,8,7,5,369,3381
5,3,7,5,369,3381
5,9,7,5,369,3381
4,2,7,5,369,3381
4,9,7,5,369,3381
3,1,7,5,369,3381
3,8,7,5,369,3381
2,0,7,5,369,3381
9,6,7,5,369,3381
9,5,7,5,369,3381
9,7,7,5,369,3381
8,4,7,5,369,3381
8,8,7,5,369,3381
7,3,7,5,369,3381
7,9,7,5,369,3381
6,2,7,5,369,3381
6,9,7,5,369,3381
5,1,7,5,369,3381
5,8,7,5,369,3381
4,0,7,5,369,3381
4,7,7,5,369,3381
3,0,7,5,369,3381
0,7,6,4,370,2992
1,7,6,4,370,2992
0,6,6,4,370,2992
0,8,6,4,370,2992
2,7,6,4,370,2992
1,6,6,4,370,2992
1,8,6,4,370,2992
0,5,6,4,370,2992
0,9,6,4,370,2992
3,7,6,4,370,2992
2,6,6,4,370,2992
2,8,6,4,370,2992
1,5,6,4,370,2992
1,9,6,4,370,2992
0,4,6,4,370,2992
5,7,6,4,370,2992
4,6,6,4,370,2992
4,8,6,4,370,2992
3,5,6,4,370,2992
3,9,6,4,370,2992
2,4,6,4,370,2992
2,9,6,4,370,2992
1,3,6,4,370,2992
7,7,6,4,370,2992
6,6,6,4,370,2992
6,8,6,4,370,2992
5,5,6,4,370,2992
5,9,6,4,370,2992
4,4,6,4,370,2992
4,9,6,4,370,2992
3,3,6,4,370,2992
3,8,6,4,370,2992
2,2,6,4,370,2992
9,7,6,4,370,2992
8,6,6,4,370,2992
8,8,6,4,370,2992
7,5,6,4,370,2992
7,9,6,4,370,2992
6,4,6,4,370,2992
6,9,6,4,370,2992
5,3,6,4,370,2992
5,8,6,4,370,2992
4,2,6,4,370,2992
4,7,6,4,370,2992
3,1,6,4,370,2992
3,6,6,4,370,2992
0,3,9,7,371,4700
1,3,9,7,371,4700
0,2,9,7,371,4700
0,4,9,7,371,4700
2,3,9,7,371,4700
1,2,9,7,371,4700
1,4,9,7,371,4700
0,1,9,7,371,4700
0,5,9,7,371,4700
3,3,9,7,371,4700
2,2,9,7,371,4700
2,4,9,7,371,4700
1,1,9,7,371,4700
1,5,9,7,371,4700
0,0,9,7,371,4700
0,6,9,7,371,4700
4,3,9,7,371,4700
3,2,9,7,371,4700
3,4,9,7,371,4700
2,1,9,7,371,4700
2,5,9,7,371,4700
1,0,9,7,371,4700
1,6,9,7,371,4700
0,7,9,7,371,4700
5,3,9,7,371,4700
4,2,9,7,371,4700
4,4,9,7,371,4700
3,1,9,7,371,4700
3,5,9,7,371,4700
2,0,9,7,371,4700
2,6,9,7,371,4700
1,7,9,7,371,4700
0,8,9,7,371,4700
6,3,9,7,371,4700
5,2,9,7,371,4700
5,4,9,7,371,4700
4,1,9,7,371,4700
4,5,9,7,371,4700
3,0,9,7,371,4700
3,6,9,7,371,4700
2,7,9,7,371,4700
1,8,9,7,371,4700
0,9,9,7,371,4700
7,3,9,7,371,4700
6,2,9,7,371,4700
6,4,9,7,371,4700
5,1,9,7,371,4700
5,5,9,7,371,4700
4,0,9,7,371,4700
4,6,9,7,371,4700
3,7,9,7,371,4700
2,8,9,7,371,4700
1,9,9,7,371,4700
8,3,9,7,371,4700
7,2,9,7,371,4700
7,4,9,7,371,4700
6,1,9,7,371,4700
6,5,9,7,371,4700
5,0,9,7,371,4700
5,6,9,7,371,4700
4,7,9,7,371,4700
3,8,9,7,371,4700
2,9,9,7,371,4700
9,3,9,7,371,4700
8,2,9,7,371,4700
8,4,9,7,371,4700
7,1,9,7,371,4700
7,5,9,7,371,4700
6,0,9,7,371,4700
6,6,9,7,371,4700
5,7,9,7,371,4700
4,8,9,7,371,4700
3,9,9,7,371,4700
9,2,9,7,371,4700
9,4,9,7,371,4700
9,1,9,7,371,4700
9,5,9,7,371,4700
8,0,9,7,371,4700
8,6,9,7,371,4700
7,0,9,7,371,4700
7,7,9,7,371,4700
6,8,9,7,371,4700
5,9,9,7,371,4700
4,9,9,7,371,4700
8,1,9,7,371,4700
8,5,9,7,371,4700
9,0,9,7,371,4700
9,6,9,7,371,4700
9,7,9,7,371,4700
8,8,9,7,371,4700
7,9,9,7,371,4700
6,9,9,7,371,4700
5,8,9,7,371,4700
0,4,9,7,372,4400
1,4,9,7,372,4400
0,3,9,7,372,4400
0,5,9,7,372,4400
2,4,9,7,372,4400
1,3,9,7,372,4400
1,5,9,7,372,4400
0,2,9,7,372,4400
0,6,9,7,372,4400
3,4,9,7,372,4400
2,3,9,7,372,4400
2,5,9,7,372,4400
1,2,9,7,372,4400
1,6,9,7,372,4400
0,1,9,7,372,4400
0,7,9,7,372,4400
4,4,9,7,372,4400
3,3,9,7,372,4400
3,5,9,7,372,4400
2,2,9,7,372,4400
2,6,9,7,372,4400
1,1,9,7,372,4400
1,7,9,7,372,4400
0,0,9,7,372,4400
0,8,9,7,372,4400
5,4,9,7,372,4400
4,3,9,7,372,4400
4,5,9,7,372,4400
3,2,9,7,372,4400
3,6,9,7,372,4400
2,1,9,7,372,4400
2,7,9,7,372,4400
1,0,9,7,372,4400
1,8,9,7,372,4400
0,9,9,7,372,4400
6,4,9,7,372,4400
5,3,9,7,372,4400
5,5,9,7,372,4400
4,2,9,7,372,4400
4,6,9,7,372,4400
3,1,9,7,372,4400
3,7,9,7,372,4400
2,0,9,7,372,4400
2,8,9,7,372,4400
1,9,9,7,372,4400
7,4,9,7,372,4400
6,3,9,7,372,4400
6,5,9,7,372,4400
5,2,9,7,372,4400
5,6,9,7,372,4400
4,1,9,7,372,4400
4,7,9,7,372,4400
3,0,9,7,372,4400
3,8,9,7,372,4400
2,9,9,7,372,4400
8,4,9,7,372,4400
7,3,9,7,372,4400
7,5,9,7,372,4400
6,2,9,7,372,4400
6,6,9,7,372,4400
5,1,9,7,372,4400
5,7,9,7,372,4400
4,0,9,7,372,4400
4,8,9,7,372,4400
3,9,9,7,372,4400
9,4,9,7,372,4400
9,3,9,7,372,4400
9,5,9,7,372,4400
8,2,9,7,372,4400
8,6,9,7,372,4400
7,1,9,7,372,4400
7,7,9,7,372,4400
6,0,9,7,372,4400
6,8,9,7,372,4400
5,0,9,7,372,4400
5,9,9,7,372,4400
4,9,9,7,372,4400
8,3,9,7,372,4400
8,5,9,7,372,4400
9,2,9,7,372,4400
9,6,9,7,372,4400
9,1,9,7,372,4400
9,7,9,7,372,4400
8,0,9,7,372,4400
8,8,9,7,372,4400
7,0,9,7,372,4400
7,9,9,7,372,4400
6,1,9,7,372,4400
6,9,9,7,372,4400
5,8,9,7,372,4400
0,5,8,6,373,4084
1,5,8,6,373,4084
0,4,8,6,373,4084
0,6,8,6,373,4084
2,5,8,6,373,4084
1,4,8,6,373,4084
1,6,8,6,373,4084
0,3,8,6,373,4084
0,7,8,6,373,4084
3,5,8,6,373,4084
2,4,8,6,373,4084
2,6,8,6,373,4084
1,3,8,6,373,4084
1,7,8,6,373,4084
0,2,8,6,373,4084
0,8,8,6,373,4084
4,5,8,6,373,4084
3,4,8,6,373,4084
3,6,8,6,373,4084
2,3,8,6,373,4084
2,7,8,6,373,4084
1,2,8,6,373,4084
1,8,8,6,373,4084
0,1,8,6,373,4084
0,9,8,6,373,4084
5,5,8,6,373,4084
4,4,8,6,373,4084
4,6,8,6,373,4084
3,3,8,6,373,4084
3,7,8,6,373,4084
2,2,8,6,373,4084
2,8,8,6,373,4084
1,1,8,6,373,4084
1,9,8,6,373,4084
0,0,8,6,373,4084
6,5,8,6,373,4084
5,4,8,6,373,4084
5,6,8,6,373,4084
4,3,8,6,373,4084
4,7,8,6,373,4084
3,2,8,6,373,4084
3,8,8,6,373,4084
2,1,8,6,373,4084
2,9,8,6,373,4084
1,0,8,6,373,4084
7,5,8,6,373,4084
6,4,8,6,373,4084
6,6,8,6,373,4084
5,3,8,6,373,4084
5,7,8,6,373,4084
4,2,8,6,373,4084
4,8,8,6,373,4084
3,1,8,6,373,4084
3,9,8,6,373,4084
2,0,8,6,373,4084
9,5,8,6,373,4084
8,4,8,6,373,4084
8,6,8,6,373,4084
7,3,8,6,373,4084
7,7,8,6,373,4084
6,2,8,6,373,4084
6,8,8,6,373,4084
5,1,8,6,373,4084
5,9,8,6,373,4084
4,0,8,6,373,4084
4,9,8,6,373,4084
3,0,8,6,373,4084
8,5,8,6,373,4084
9,4,8,6,373,4084
9,6,8,6,373,4084
9,3,8,6,373,4084
9,7,8,6,373,4084
8,2,8,6,373,4084
8,8,8,6,373,4084
7,1,8,6,373,4084
7,9,8,6,373,4084
6,0,8,6,373,4084
6,9,8,6,373,4084
5,0,8,6,373,4084
5,8,8,6,373,4084
4,1,8,6,373,4084
0,6,7,5,374,3745
1,6,7,5,374,3745
0,5,7,5,374,3745
0,7,7,5,374,3745
2,6,7,5,374,3745
1,5,7,5,374,3745
1,7,7,5,374,3745
0,4,7,5,374,3745
0,8,7,5,374,3745
3,6,7,5,374,3745
2,5,7,5,374,3745
2,7,7,5,374,3745
1,4,7,5,374,3745
1,8,7,5,374,3745
0,3,7,5,374,3745
0,9,7,5,374,3745
4,6,7,5,374,3745
3,5,7,5,374,3745
3,7,7,5,374,3745
2,4,7,5,374,3745
2,8,7,5,374,3745
1,3,7,5,374,3745
1,9,7,5,374,3745
0,2,7,5,374,3745
5,6,7,5,374,3745
4,5,7,5,374,3745
4,7,7,5,374,3745
3,4,7,5,374,3745
3,8,7,5,374,3745
2,3,7,5,374,3745
2,9,7,5,374,3745
1,2,7,5,374,3745
0,1,7,5,374,3745
6,6,7,5,374,3745
5,5,7,5,374,3745
5,7,7,5,374,3745
4,4,7,5,374,3745
4,8,7,5,374,3745
3,3,7,5,374,3745
3,9,7,5,374,3745
2,2,7,5,374,3745
1,1,7,5,374,3745
0,0,7,5,374,3745
8,6,7,5,374,3745
7,5,7,5,374,3745
7,7,7,5,374,3745
6,4,7,5,374,3745
6,8,7,5,374,3745
5,3,7,5,374,3745
5,9,7,5,374,3745
4,2,7,5,374,3745
4,9,7,5,374,3745
3,1,7,5,374,3745
2,0,7,5,374,3745
1,0,7,5,374,3745
9,6,7,5,374,3745
9,5,7,5,374,3745
9,7,7,5,374,3745
8,4,7,5,374,3745
8,8,7,5,374,3745
7,3,7,5,374,3745
7,9,7,5,374,3745
6,2,7,5,374,3745
6,9,7,5,374,3745
5,1,7,5,374,3745
5,8,7,5,374,3745
4,0,7,5,374,3745
3,0,7,5,374,3745
2,1,7,5,374,3745
0,4,9,7,375,4695
1,4,9,7,375,4695
0,3,9,7,375,4695
0,5,9,7,375,4695
2,4,9,7,375,4695
1,3,9,7,375,4695
1,5,9,7,375,4695
0,2,9,7,375,4695
0,6,9,7,375,4695
3,4,9,7,375,4695
2,3,9,7,375,4695
2,5,9,7,375,4695
1,2,9,7,375,4695
1,6,9,7,375,4695
0,1,9,7,375,4695
0,7,9,7,375,4695
4,4,9,7,375,4695
3,3,9,7,375,4695
3,5,9,7,375,4695
2,2,9,7,375,4695
2,6,9,7,375,4695
1,1,9,7,375,4695
1,7,9,7,375,4695
0,0,9,7,375,4695
0,8,9,7,375,4695
5,4,9,7,375,4695
4,3,9,7,375,4695
4,5,9,7,375,4695
3,2,9,7,375,4695
3,6,9,7,375,4695
2,1,9,7,375,4695
2,7,9,7,375,4695
1,0,9,7,375,4695
1,8,9,7,375,4695
0,9,9,7,375,4695
6,4,9,7,375,4695
5,3,9,7,375,4695
5,5,9,7,375,4695
4,2,9,7,375,4695
4,6,9,7,375,4695
3,1,9,7,375,4695
3,7,9,7,375,4695
2,0,9,7,375,4695
2,8,9,7,375,4695
1,9,9,7,375,4695
7,4,9,7,375,4695
6,3,9,7,375,4695
6,5,9,7,375,4695
5,2,9,7,375,4695
5,6,9,7,375,4695
4,1,9,7,375,4695
4,7,9,7,375,4695
3,0,9,7,375,4695
3,8,9,7,375,4695
2,9,9,7,375,4695
8,4,9,7,375,4695
7,3,9,7,375,4695
7,5,9,7,375,4695
6,2,9,7,375,4695
6,6,9,7,375,4695
5,1,9,7,375,4695
5,7,9,7,375,4695
4,0,9,7,375,4695
4,8,9,7,375,4695
3,9,9,7,375,4695
9,4,9,7,375,4695
8,3,9,7,375,4695
8,5,9,7,375,4695
7,2,9,7,375,4695
7,6,9,7,375,4695
6,1,9,7,375,4695
6,7,9,7,375,4695
5,0,9,7,375,4695
5,8,9,7,375,4695
4,9,9,7,375,4695
9,3,9,7,375,4695
9,5,9,7,375,4695
8,2,9,7,375,4695
8,6,9,7,375,4695
7,1,9,7,375,4695
7,7,9,7,375,4695
6,0,9,7,375,4695
6,8,9,7,375,4695
5,9,9,7,375,4695
9,2,9,7,375,4695
9,6,9,7,375,4695
9,1,9,7,375,4695
9,7,9,7,375,4695
8,0,9,7,375,4695
8,8,9,7,375,4695
7,0,9,7,375,4695
7,9,9,7,375,4695
6,9,9,7,375,4695
0,5,8,6,376,4400
1,5,8,6,376,4400
0,4,8,6,376,4400
0,6,8,6,376,4400
2,5,8,6,376,4400
1,4,8,6,376,4400
1,6,8,6,376,4400
0,3,8,6,376,4400
0,7,8,6,376,4400
3,5,8,6,376,4400
2,4,8,6,376,4400
2,6,8,6,376,4400
1,3,8,6,376,4400
1,7,8,6,376,4400
0,2,8,6,376,4400
0,8,8,6,376,4400
4,5,8,6,376,4400
3,4,8,6,376,4400
3,6,8,6,376,4400
2,3,8,6,376,4400
2,7,8,6,376,4400
1,2,8,6,376,4400
1,8,8,6,376,4400
0,1,8,6,376,4400
0,9,8,6,376,4400
5,5,8,6,376,4400
4,4,8,6,376,4400
4,6,8,6,376,4400
3,3,8,6,376,4400
3,7,8,6,376,4400
2,2,8,6,376,4400
2,8,8,6,376,4400
1,1,8,6,376,4400
1,9,8,6,376,4400
0,0,8,6,376,4400
6,5,8,6,376,4400
5,4,8,6,376,4400
5,6,8,6,376,4400
4,3,8,6,376,4400
4,7,8,6,376,4400
3,2,8,6,376,4400
3,8,8,6,376,4400
2,1,8,6,376,4400
2,9,8,6,376,4400
1,0,8,6,376,4400
7,5,8,6,376,4400
6,4,8,6,376,4400
6,6,8,6,376,4400
5,3,8,6,376,4400
5,7,8,6,376,4400
4,2,8,6,376,4400
4,8,8,6,376,4400
3,1,8,6,376,4400
3,9,8,6,376,4400
2,0,8,6,376,4400
8,5,8,6,376,4400
7,4,8,6,376,4400
7,6,8,6,376,4400
6,3,8,6,376,4400
6,7,8,6,376,4400
5,2,8,6,376,4400
5,8,8,6,376,4400
4,1,8,6,376,4400
4,9,8,6,376,4400
3,0,8,6,376,4400
9,5,8,6,376,4400
8,4,8,6,376,4400
8,6,8,6,376,4400
7,3,8,6,376,4400
7,7,8,6,376,4400
6,2,8,6,376,4400
6,8,8,6,376,4400
5,1,8,6,376,4400
5,9,8,6,376,4400
4,0,8,6,376,4400
9,4,8,6,376,4400
9,6,8,6,376,4400
9,3,8,6,376,4400
9,7,8,6,376,4400
8,2,8,6,376,4400
8,8,8,6,376,4400
7,1,8,6,376,4400
7,9,8,6,376,4400
6,0,8,6,376,4400
6,9,8,6,376,4400
5,0,8,6,376,4400
0,7,3,5,377,3756
1,7,3,5,377,3756
0,6,3,5,377,3756
0,8,3,5,377,3756
2,7,3,5,377,3756
1,6,3,5,377,3756
1,8,3,5,377,3756
0,5,3,5,377,3756
0,9,3,5,377,3756
3,7,3,5,377,3756
2,6,3,5,377,3756
2,8,3,5,377,3756
1,5,3,5,377,3756
1,9,3,5,377,3756
0,4,3,5,377,3756
4,7,3,5,377,3756
3,6,3,5,377,3756
3,8,3,5,377,3756
2,5,3,5,377,3756
2,9,3,5,377,3756
1,4,3,5,377,3756
0,3,3,5,377,3756
5,7,3,5,377,3756
4,6,3,5,377,3756
4,8,3,5,377,3756
3,5,3,5,377,3756
3,9,3,5,377,3756
2,4,3,5,377,3756
1,3,3,5,377,3756
0,2,3,5,377,3756
6,7,3,5,377,3756
5,6,3,5,377,3756
5,8,3,5,377,3756
4,5,3,5,377,3756
4,9,3,5,377,3756
3,4,3,5,377,3756
2,3,3,5,377,3756
1,2,3,5,377,3756
0,1,3,5,377,3756
7,7,3,5,377,3756
6,6,3,5,377,3756
6,8,3,5,377,3756
5,5,3,5,377,3756
5,9,3,5,377,3756
4,4,3,5,377,3756
3,3,3,5,377,3756
2,2,3,5,377,3756
1,1,3,5,377,3756
0,0,3,5,377,3756
9,7,3,5,377,3756
8,6,3,5,377,3756
8,8,3,5,377,3756
7,5,3,5,377,3756
7,9,3,5,377,3756
6,4,3,5,377,3756
6,9,3,5,377,3756
5,3,3,5,377,3756
4,2,3,5,377,3756
3,1,3,5,377,3756
2,0,3,5,377,3756
1,0,3,5,377,3756
0,8,3,5,378,3395
1,8,3,5,378,3395
0,7,3,5,378,3395
0,9,3,5,378,3395
2,8,3,5,378,3395
1,7,3,5,378,3395
1,9,3,5,378,3395
0,6,3,5,378,3395
3,8,3,5,378,3395
2,7,3,5,378,3395
2,9,3,5,378,3395
1,6,3,5,378,3395
0,5,3,5,378,3395
4,8,3,5,378,3395
3,7,3,5,378,3395
3,9,3,5,378,3395
2,6,3,5,378,3395
1,5,3,5,378,3395
0,4,3,5,378,3395
5,8,3,5,378,3395
4,7,3,5,378,3395
4,9,3,5,378,3395
3,6,3,5,378,3395
2,5,3,5,378,3395
1,4,3,5,378,3395
0,3,3,5,378,3395
6,8,3,5,378,3395
5,7,3,5,378,3395
5,9,3,5,378,3395
4,6,3,5,378,3395
3,5,3,5,378,3395
2,4,3,5,378,3395
1,3,3,5,378,3395
0,2,3,5,378,3395
8,8,3,5,378,3395
7,7,3,5,378,3395
7,9,3,5,378,3395
6,6,3,5,378,3395
6,9,3,5,378,3395
5,5,3,5,378,3395
4,4,3,5,378,3395
3,3,3,5,378,3395
2,2,3,5,378,3395
1,1,3,5,378,3395
0,9,3,5,379,3008
1,9,3,5,379,3008
0,8,3,5,379,3008
2,9,3,5,379,3008
1,8,3,5,379,3008
0,7,3,5,379,3008
3,9,3,5,379,3008
2,8,3,5,379,3008
1,7,3,5,379,3008
0,6,3,5,379,3008
4,9,3,5,379,3008
3,8,3,5,379,3008
2,7,3,5,379,3008
1,6,3,5,379,3008
0,5,3,5,379,3008
5,9,3,5,379,3008
4,8,3,5,379,3008
3,7,3,5,379,3008
2,6,3,5,379,3008
1,5,3,5,379,3008
0,4,3,5,379,3008
7,9,3,5,379,3008
6,8,3,5,379,3008
6,9,3,5,379,3008
5,7,3,5,379,3008
5,8,3,5,379,3008
4,6,3,5,379,3008
4,7,3,5,379,3008
3,5,3,5,379,3008
3,6,3,5,379,3008
2,4,3,5,379,3008
2,5,3,5,379,3008
1,3,3,5,379,3008
1,4,3,5,379,3008
0,6,3,5,380,4438
1,6,3,5,380,4438
0,5,3,5,380,4438
0,7,3,5,380,4438
2,6,3,5,380,4438
1,5,3,5,380,4438
1,7,3,5,380,4438
0,4,3,5,380,4438
0,8,3,5,380,4438
3,6,3,5,380,4438
2,5,3,5,380,4438
2,7,3,5,380,4438
1,4,3,5,380,4438
1,8,3,5,380,4438
0,3,3,5,380,4438
0,9,3,5,380,4438
4,6,3,5,380,4438
3,5,3,5,380,4438
3,7,3,5,380,4438
2,4,3,5,380,4438
2,8,3,5,380,4438
1,3,3,5,380,4438
1,9,3,5,380,4438
0,2,3,5,380,4438
5,6,3,5,380,4438
4,5,3,5,380,4438
4,7,3,5,380,4438
3,4,3,5,380,4438
3,8,3,5,380,4438
2,3,3,5,380,4438
2,9,3,5,380,4438
1,2,3,5,380,4438
0,1,3,5,380,4438
6,6,3,5,380,4438
5,5,3,5,380,4438
5,7,3,5,380,4438
4,4,3,5,380,4438
4,8,3,5,380,4438
3,3,3,5,380,4438
3,9,3,5,380,4438
2,2,3,5,380,4438
1,1,3,5,380,4438
0,0,3,5,380,4438
7,6,3,5,380,4438
6,5,3,5,380,4438
6,7,3,5,380,4438
5,4,3,5,380,4438
5,8,3,5,380,4438
4,3,3,5,380,4438
4,9,3,5,380,4438
3,2,3,5,380,4438
2,1,3,5,380,4438
1,0,3,5,380,4438
8,6,3,5,380,4438
7,5,3,5,380,4438
7,7,3,5,380,4438
6,4,3,5,380,4438
6,8,3,5,380,4438
5,3,3,5,380,4438
5,9,3,5,380,4438
4,2,3,5,380,4438
3,1,3,5,380,4438
2,0,3,5,380,4438
9,6,3,5,380,4438
8,5,3,5,380,4438
8,7,3,5,380,4438
7,4,3,5,380,4438
7,8,3,5,380,4438
6,3,3,5,380,4438
6,9,3,5,380,4438
5,2,3,5,380,4438
4,1,3,5,380,4438
3,0,3,5,380,4438
9,5,3,5,380,4438
9,7,3,5,380,4438
8,4,3,5,380,4438
8,8,3,5,380,4438
7,3,3,5,380,4438
7,9,3,5,380,4438
6,2,3,5,380,4438
5,1,3,5,380,4438
4,0,3,5,380,4438
0,7,3,5,381,4113
1,7,3,5,381,4113
0,6,3,5,381,4113
0,8,3,5,381,4113
2,7,3,5,381,4113
1,6,3,5,381,4113
1,8,3,5,381,4113
0,5,3,5,381,4113
0,9,3,5,381,4113
3,7,3,5,381,4113
2,6,3,5,381,4113
2,8,3,5,381,4113
1,5,3,5,381,4113
1,9,3,5,381,4113
0,4,3,5,381,4113
4,7,3,5,381,4113
3,6,3,5,381,4113
3,8,3,5,381,4113
2,5,3,5,381,4113
2,9,3,5,381,4113
1,4,3,5,381,4113
0,3,3,5,381,4113
5,7,3,5,381,4113
4,6,3,5,381,4113
4,8,3,5,381,4113
3,5,3,5,381,4113
3,9,3,5,381,4113
2,4,3,5,381,4113
1,3,3,5,381,4113
0,2,3,5,381,4113
6,7,3,5,381,4113
5,6,3,5,381,4113
5,8,3,5,381,4113
4,5,3,5,381,4113
4,9,3,5,381,4113
3,4,3,5,381,4113
2,3,3,5,381,4113
1,2,3,5,381,4113
0,1,3,5,381,4113
7,7,3,5,381,4113
6,6,3,5,381,4113
6,8,3,5,381,4113
5,5,3,5,381,4113
5,9,3,5,381,4113
4,4,3,5,381,4113
3,3,3,5,381,4113
2,2,3,5,381,4113
1,1,3,5,381,4113
0,0,3,5,381,4113
8,7,3,5,381,4113
7,6,3,5,381,4113
7,8,3,5,381,4113
6,5,3,5,381,4113
6,9,3,5,381,4113
5,4,3,5,381,4113
4,3,3,5,381,4113
3,2,3,5,381,4113
2,1,3,5,381,4113
1,0,3,5,381,4113
9,7,3,5,381,4113
8,6,3,5,381,4113
8,8,3,5,381,4113
7,5,3,5,381,4113
7,9,3,5,381,4113
6,4,3,5,381,4113
5,3,3,5,381,4113
4,2,3,5,381,4113
3,1,3,5,381,4113
2,0,3,5,381,4113
0,8,3,5,382,3765
1,8,3,5,382,3765
0,7,3,5,382,3765
0,9,3,5,382,3765
2,8,3,5,382,3765
1,7,3,5,382,3765
1,9,3,5,382,3765
0,6,3,5,382,3765
3,8,3,5,382,3765
2,7,3,5,382,3765
2,9,3,5,382,3765
1,6,3,5,382,3765
0,5,3,5,382,3765
4,8,3,5,382,3765
3,7,3,5,382,3765
3,9,3,5,382,3765
2,6,3,5,382,3765
1,5,3,5,382,3765
0,4,3,5,382,3765
5,8,3,5,382,3765
4,7,3,5,382,3765
4,9,3,5,382,3765
3,6,3,5,382,3765
2,5,3,5,382,3765
1,4,3,5,382,3765
0,3,3,5,382,3765
6,8,3,5,382,3765
5,7,3,5,382,3765
5,9,3,5,382,3765
4,6,3,5,382,3765
3,5,3,5,382,3765
2,4,3,5,382,3765
1,3,3,5,382,3765
0,2,3,5,382,3765
7,8,3,5,382,3765
6,7,3,5,382,3765
6,9,3,5,382,3765
5,6,3,5,382,3765
4,5,3,5,382,3765
3,4,3,5,382,3765
2,3,3,5,382,3765
1,2,3,5,382,3765
0,1,3,5,382,3765
8,8,3,5,382,3765
7,7,3,5,382,3765
7,9,3,5,382,3765
6,6,3,5,382,3765
5,5,3,5,382,3765
4,4,3,5,382,3765
3,3,3,5,382,3765
2,2,3,5,382,3765
1,1,3,5,382,3765
0,0,3,5,382,3765
3,5,9,7,383,2128
5,5,9,7,383,2128
4,4,9,7,383,2128
4,6,9,7,383,2128
7,5,9,7,383,2128
6,4,9,7,383,2128
6,6,9,7,383,2128
5,3,9,7,383,2128
5,7,9,7,383,2128
9,5,9,7,383,2128
8,4,9,7,383,2128
8,6,9,7,383,2128
7,3,9,7,383,2128
7,7,9,7,383,2128
6,2,9,7,383,2128
6,8,9,7,383,2128
8,5,9,7,383,2128
9,4,9,7,383,2128
9,6,9,7,383,2128
9,3,9,7,383,2128
9,7,9,7,383,2128
8,2,9,7,383,2128
8,8,9,7,383,2128
7,1,9,7,383,2128
7,9,9,7,383,2128
1,5,9,7,384,2574
3,5,9,7,384,2574
2,4,9,7,384,2574
2,6,9,7,384,2574
5,5,9,7,384,2574
4,4,9,7,384,2574
4,6,9,7,384,2574
3,3,9,7,384,2574
3,7,9,7,384,2574
7,5,9,7,384,2574
6,4,9,7,384,2574
6,6,9,7,384,2574
5,3,9,7,384,2574
5,7,9,7,384,2574
4,2,9,7,384,2574
4,8,9,7,384,2574
9,5,9,7,384,2574
8,4,9,7,384,2574
8,6,9,7,384,2574
7,3,9,7,384,2574
7,7,9,7,384,2574
6,2,9,7,384,2574
6,8,9,7,384,2574
5,1,9,7,384,2574
5,9,9,7,384,2574
8,5,9,7,384,2574
9,4,9,7,384,2574
9,6,9,7,384,2574
9,3,9,7,384,2574
9,7,9,7,384,2574
8,2,9,7,384,2574
8,8,9,7,384,2574
7,1,9,7,384,2574
7,9,9,7,384,2574
6,0,9,7,384,2574
6,9,9,7,384,2574
0,6,4,4,385,2574
2,6,4,4,385,2574
1,5,4,4,385,2574
1,7,4,4,385,2574
4,6,4,4,385,2574
3,5,4,4,385,2574
3,7,4,4,385,2574
2,4,4,4,385,2574
2,8,4,4,385,2574
6,6,4,4,385,2574
5,5,4,4,385,2574
5,7,4,4,385,2574
4,4,4,4,385,2574
4,8,4,4,385,2574
3,3,4,4,385,2574
3,9,4,4,385,2574
8,6,4,4,385,2574
7,5,4,4,385,2574
7,7,4,4,385,2574
6,4,4,4,385,2574
6,8,4,4,385,2574
5,3,4,4,385,2574
5,9,4,4,385,2574
4,2,4,4,385,2574
4,9,4,4,385,2574
9,6,4,4,385,2574
9,5,4,4,385,2574
9,7,4,4,385,2574
8,4,4,4,385,2574
8,8,4,4,385,2574
7,3,4,4,385,2574
7,9,4,4,385,2574
6,2,4,4,385,2574
6,9,4,4,385,2574
5,1,4,4,385,2574
5,8,4,4,385,2574
0,7,4,4,386,2574
1,7,4,4,386,2574
0,6,4,4,386,2574
0,8,4,4,386,2574
3,7,4,4,386,2574
2,6,4,4,386,2574
2,8,4,4,386,2574
1,5,4,4,386,2574
1,9,4,4,386,2574
5,7,4,4,386,2574
4,6,4,4,386,2574
4,8,4,4,386,2574
3,5,4,4,386,2574
3,9,4,4,386,2574
2,4,4,4,386,2574
2,9,4,4,386,2574
7,7,4,4,386,2574
6,6,4,4,386,2574
6,8,4,4,386,2574
5,5,4,4,386,2574
5,9,4,4,386,2574
4,4,4,4,386,2574
4,9,4,4,386,2574
3,3,4,4,386,2574
3,8,4,4,386,2574
9,7,4,4,386,2574
8,6,4,4,386,2574
8,8,4,4,386,2574
7,5,4,4,386,2574
7,9,4,4,386,2574
6,4,4,4,386,2574
6,9,4,4,386,2574
5,3,4,4,386,2574
5,8,4,4,386,2574
4,2,4,4,386,2574
4,7,4,4,386,2574
0,8,3,5,387,2127
2,8,3,5,387,2127
1,7,3,5,387,2127
1,9,3,5,387,2127
4,8,3,5,387,2127
3,7,3,5,387,2127
3,9,3,5,387,2127
2,6,3,5,387,2127
2,9,3,5,387,2127
6,8,3,5,387,2127
5,7,3,5,387,2127
5,9,3,5,387,2127
4,6,3,5,387,2127
4,9,3,5,387,2127
3,5,3,5,387,2127
3,8,3,5,387,2127
8,8,3,5,387,2127
7,7,3,5,387,2127
7,9,3,5,387,2127
6,6,3,5,387,2127
6,9,3,5,387,2127
5,5,3,5,387,2127
5,8,3,5,387,2127
4,4,3,5,387,2127
4,7,3,5,387,2127
0,8,4,4,388,2571
1,8,4,4,388,2571
0,7,4,4,388,2571
0,9,4,4,388,2571
2,8,4,4,388,2571
1,7,4,4,388,2571
1,9,4,4,388,2571
0,6,4,4,388,2571
4,8,4,4,388,2571
3,7,4,4,388,2571
3,9,4,4,388,2571
2,6,4,4,388,2571
2,9,4,4,388,2571
1,5,4,4,388,2571
6,8,4,4,388,2571
5,7,4,4,388,2571
5,9,4,4,388,2571
4,6,4,4,388,2571
4,9,4,4,388,2571
3,5,4,4,388,2571
3,8,4,4,388,2571
2,4,4,4,388,2571
2,7,4,4,388,2571
8,8,4,4,388,2571
7,7,4,4,388,2571
7,9,4,4,388,2571
6,6,4,4,388,2571
6,9,4,4,388,2571
5,5,4,4,388,2571
5,8,4,4,388,2571
4,4,4,4,388,2571
4,7,4,4,388,2571
3,3,4,4,388,2571
3,6,4,4,388,2571
0,9,3,5,389,2127
1,9,3,5,389,2127
0,8,3,5,389,2127
3,9,3,5,389,2127
2,8,3,5,389,2127
2,9,3,5,389,2127
1,7,3,5,389,2127
1,8,3,5,389,2127
5,9,3,5,389,2127
4,8,3,5,389,2127
4,9,3,5,389,2127
3,7,3,5,389,2127
3,8,3,5,389,2127
2,6,3,5,389,2127
2,7,3,5,389,2127
7,9,3,5,389,2127
6,8,3,5,389,2127
6,9,3,5,389,2127
5,7,3,5,389,2127
5,8,3,5,389,2127
4,6,3,5,389,2127
4,7,3,5,389,2127
3,5,3,5,389,2127
3,6,3,5,389,2127
0,9,3,5,390,2583
1,9,3,5,390,2583
0,8,3,5,390,2583
2,9,3,5,390,2583
1,8,3,5,390,2583
0,7,3,5,390,2583
3,9,3,5,390,2583
2,8,3,5,390,2583
1,7,3,5,390,2583
0,6,3,5,390,2583
5,9,3,5,390,2583
4,8,3,5,390,2583
4,9,3,5,390,2583
3,7,3,5,390,2583
3,8,3,5,390,2583
2,6,3,5,390,2583
2,7,3,5,390,2583
1,5,3,5,390,2583
1,6,3,5,390,2583
7,9,3,5,390,2583
6,8,3,5,390,2583
6,9,3,5,390,2583
5,7,3,5,390,2583
5,8,3,5,390,2583
4,6,3,5,390,2583
4,7,3,5,390,2583
3,5,3,5,390,2583
3,6,3,5,390,2583
2,4,3,5,390,2583
2,5,3,5,390,2583
4,6,9,7,391,1650
6,6,9,7,391,1650
5,5,9,7,391,1650
5,7,9,7,391,1650
8,6,9,7,391,1650
7,5,9,7,391,1650
7,7,9,7,391,1650
6,4,9,7,391,1650
6,8,9,7,391,1650
9,6,9,7,391,1650
9,5,9,7,391,1650
9,7,9,7,391,1650
8,4,9,7,391,1650
8,8,9,7,391,1650
7,3,9,7,391,1650
7,9,9,7,391,1650
3,7,7,9,392,1650
5,7,7,9,392,1650
4,6,7,9,392,1650
4,8,7,9,392,1650
7,7,7,9,392,1650
6,6,7,9,392,1650
6,8,7,9,392,1650
5,5,7,9,392,1650
5,9,7,9,392,1650
9,7,7,9,392,1650
8,6,7,9,392,1650
8,8,7,9,392,1650
7,5,7,9,392,1650
7,9,7,9,392,1650
6,4,7,9,392,1650
6,9,7,9,392,1650
6,6,9,7,393,1138
8,6,9,7,393,1138
7,5,9,7,393,1138
7,7,9,7,393,1138
9,6,9,7,393,1138
9,5,9,7,393,1138
9,7,9,7,393,1138
8,4,9,7,393,1138
8,8,9,7,393,1138
4,8,7,9,394,1138
6,8,7,9,394,1138
5,7,7,9,394,1138
5,9,7,9,394,1138
8,8,7,9,394,1138
7,7,7,9,394,1138
7,9,7,9,394,1138
6,6,7,9,394,1138
6,9,7,9,394,1138
8,6,9,7,395,588
9,6,9,7,395,588
9,5,9,7,395,588
9,7,9,7,395,588
7,7,9,7,19,588
9,7,9,7,19,588
8,6,9,7,19,588
8,8,9,7,19,588
5,9,7,9,165,588
7,9,7,9,165,588
6,8,7,9,165,588
6,9,7,9,165,588
9,7,9,7,0,0
8,8,8,8,0,0
7,9,7,9,0,0
0,0,6,5,396,4437
1,0,6,5,396,4437
0,1,6,5,396,4437
2,0,6,5,396,4437
1,1,6,5,396,4437
0,2,6,5,396,4437
3,0,6,5,396,4437
2,1,6,5,396,4437
1,2,6,5,396,4437
0,3,6,5,396,4437
5,0,6,5,396,4437
4,0,6,5,396,4437
4,1,6,5,396,4437
3,1,6,5,396,4437
3,2,6,5,396,4437
2,2,6,5,396,4437
2,3,6,5,396,4437
1,3,6,5,396,4437
1,4,6,5,396,4437
7,0,6,5,396,4437
6,0,6,5,396,4437
6,1,6,5,396,4437
5,1,6,5,396,4437
5,2,6,5,396,4437
4,2,6,5,396,4437
4,3,6,5,396,4437
3,3,6,5,396,4437
3,4,6,5,396,4437
2,4,6,5,396,4437
2,5,6,5,396,4437
9,0,6,5,396,4437
8,0,6,5,396,4437
8,1,6,5,396,4437
7,1,6,5,396,4437
7,2,6,5,396,4437
6,2,6,5,396,4437
6,3,6,5,396,4437
5,3,6,5,396,4437
5,4,6,5,396,4437
4,4,6,5,396,4437
4,5,6,5,396,4437
3,5,6,5,396,4437
3,6,6,5,396,4437
9,1,6,5,396,4437
9,2,6,5,396,4437
8,2,6,5,396,4437
8,3,6,5,396,4437
7,3,6,5,396,4437
7,4,6,5,396,4437
6,4,6,5,396,4437
6,5,6,5,396,4437
5,5,6,5,396,4437
5,6,6,5,396,4437
4,6,6,5,396,4437
4,7,6,5,396,4437
9,3,6,5,396,4437
9,4,6,5,396,4437
8,4,6,5,396,4437
8,5,6,5,396,4437
7,5,6,5,396,4437
7,6,6,5,396,4437
6,6,6,5,396,4437
6,7,6,5,396,4437
5,7,6,5,396,4437
5,8,6,5,396,4437
9,5,6,5,396,4437
9,6,6,5,396,4437
8,6,6,5,396,4437
8,7,6,5,396,4437
7,7,6,5,396,4437
7,8,6,5,396,4437
6,8,6,5,396,4437
6,9,6,5,396,4437
9,7,6,5,396,4437
9,8,6,5,396,4437
8,8,6,5,396,4437
8,9,6,5,396,4437
7,9,6,5,396,4437
0,0,5,4,397,4117
1,0,5,4,397,4117
0,1,5,4,397,4117
3,0,5,4,397,4117
2,0,5,4,397,4117
2,1,5,4,397,4117
1,1,5,4,397,4117
1,2,5,4,397,4117
5,0,5,4,397,4117
4,0,5,4,397,4117
4,1,5,4,397,4117
3,1,5,4,397,4117
3,2,5,4,397,4117
2,2,5,4,397,4117
2,3,5,4,397,4117
7,0,5,4,397,4117
6,0,5,4,397,4117
6,1,5,4,397,4117
5,1,5,4,397,4117
5,2,5,4,397,4117
4,2,5,4,397,4117
4,3,5,4,397,4117
3,3,5,4,397,4117
3,4,5,4,397,4117
9,0,5,4,397,4117
8,0,5,4,397,4117
8,1,5,4,397,4117
7,1,5,4,397,4117
7,2,5,4,397,4117
6,2,5,4,397,4117
6,3,5,4,397,4117
5,3,5,4,397,4117
5,4,5,4,397,4117
4,4,5,4,397,4117
4,5,5,4,397,4117
9,1,5,4,397,4117
9,2,5,4,397,4117
8,2,5,4,397,4117
8,3,5,4,397,4117
7,3,5,4,397,4117
7,4,5,4,397,4117
6,4,5,4,397,4117
6,5,5,4,397,4117
5,5,5,4,397,4117
5,6,5,4,397,4117
9,3,5,4,397,4117
9,4,5,4,397,4117
8,4,5,4,397,4117
8,5,5,4,397,4117
7,5,5,4,397,4117
7,6,5,4,397,4117
6,6,5,4,397,4117
6,7,5,4,397,4117
9,5,5,4,397,4117
9,6,5,4,397,4117
8,6,5,4,397,4117
8,7,5,4,397,4117
7,7,5,4,397,4117
7,8,5,4,397,4117
9,7,5,4,397,4117
9,8,5,4,397,4117
8,8,5,4,397,4117
8,9,5,4,397,4117
1,0,4,3,398,3768
3,0,4,3,398,3768
2,0,4,3,398,3768
2,1,4,3,398,3768
5,0,4,3,398,3768
4,0,4,3,398,3768
4,1,4,3,398,3768
3,1,4,3,398,3768
3,2,4,3,398,3768
7,0,4,3,398,3768
6,0,4,3,398,3768
6,1,4,3,398,3768
5,1,4,3,398,3768
5,2,4,3,398,3768
4,2,4,3,398,3768
4,3,4,3,398,3768
9,0,4,3,398,3768
8,0,4,3,398,3768
8,1,4,3,398,3768
7,1,4,3,398,3768
7,2,4,3,398,3768
6,2,4,3,398,3768
6,3,4,3,398,3768
5,3,4,3,398,3768
5,4,4,3,398,3768
9,1,4,3,398,3768
9,2,4,3,398,3768
8,2,4,3,398,3768
8,3,4,3,398,3768
7,3,4,3,398,3768
7,4,4,3,398,3768
6,4,4,3,398,3768
6,5,4,3,398,3768
9,3,4,3,398,3768
9,4,4,3,398,3768
8,4,4,3,398,3768
8,5,4,3,398,3768
7,5,4,3,398,3768
7,6,4,3,398,3768
9,5,4,3,398,3768
9,6,4,3,398,3768
8,6,4,3,398,3768
8,7,4,3,398,3768
9,7,4,3,398,3768
9,8,4,3,398,3768
2,1,4,1,399,3393
4,1,4,1,399,3393
3,0,4,1,399,3393
3,2,4,1,399,3393
6,1,4,1,399,3393
5,0,4,1,399,3393
5,2,4,1,399,3393
4,0,4,1,399,3393
4,3,4,1,399,3393
8,1,4,1,399,3393
7,0,4,1,399,3393
7,2,4,1,399,3393
6,0,4,1,399,3393
6,3,4,1,399,3393
5,1,4,1,399,3393
5,4,4,1,399,3393
9,1,4,1,399,3393
9,0,4,1,399,3393
9,2,4,1,399,3393
8,0,4,1,399,3393
8,3,4,1,399,3393
7,1,4,1,399,3393
7,4,4,1,399,3393
6,2,4,1,399,3393
6,5,4,1,399,3393
8,2,4,1,399,3393
9,3,4,1,399,3393
9,4,4,1,399,3393
8,5,4,1,399,3393
7,3,4,1,399,3393
7,6,4,1,399,3393
8,4,4,1,399,3393
9,5,4,1,399,3393
9,6,4,1,399,3393
8,7,4,1,399,3393
3,1,4,1,399,3393
4,2,4,1,399,3393
5,3,4,1,399,3393
6,4,4,1,399,3393
7,5,4,1,399,3393
8,6,4,1,399,3393
9,7,4,1,399,3393
9,8,4,1,399,3393
0,1,4,3,400,3766
2,1,4,3,400,3766
1,0,4,3,400,3766
1,2,4,3,400,3766
4,1,4,3,400,3766
3,0,4,3,400,3766
3,2,4,3,400,3766
2,0,4,3,400,3766
2,3,4,3,400,3766
6,1,4,3,400,3766
5,0,4,3,400,3766
5,2,4,3,400,3766
4,0,4,3,400,3766
4,3,4,3,400,3766
3,1,4,3,400,3766
3,4,4,3,400,3766
8,1,4,3,400,3766
7,0,4,3,400,3766
7,2,4,3,400,3766
6,0,4,3,400,3766
6,3,4,3,400,3766
5,1,4,3,400,3766
5,4,4,3,400,3766
4,2,4,3,400,3766
4,5,4,3,400,3766
9,1,4,3,400,3766
9,0,4,3,400,3766
9,2,4,3,400,3766
8,0,4,3,400,3766
8,3,4,3,400,3766
7,1,4,3,400,3766
7,4,4,3,400,3766
6,2,4,3,400,3766
6,5,4,3,400,3766
5,3,4,3,400,3766
5,6,4,3,400,3766
8,2,4,3,400,3766
9,3,4,3,400,3766
9,4,4,3,400,3766
8,5,4,3,400,3766
7,3,4,3,400,3766
7,6,4,3,400,3766
6,4,4,3,400,3766
6,7,4,3,400,3766
8,4,4,3,400,3766
9,5,4,3,400,3766
9,6,4,3,400,3766
8,7,4,3,400,3766
7,5,4,3,400,3766
7,8,4,3,400,3766
8,6,4,3,400,3766
9,7,4,3,400,3766
9,8,4,3,400,3766
8,9,4,3,400,3766
0,1,5,4,401,4110
1,1,5,4,401,4110
0,0,5,4,401,4110
0,2,5,4,401,4110
2,1,5,4,401,4110
1,0,5,4,401,4110
1,2,5,4,401,4110
0,3,5,4,401,4110
4,1,5,4,401,4110
3,0,5,4,401,4110
3,2,5,4,401,4110
2,0,5,4,401,4110
2,3,5,4,401,4110
1,4,5,4,401,4110
6,1,5,4,401,4110
5,0,5,4,401,4110
5,2,5,4,401,4110
4,0,5,4,401,4110
4,3,5,4,401,4110
3,1,5,4,401,4110
3,4,5,4,401,4110
2,2,5,4,401,4110
2,5,5,4,401,4110
8,1,5,4,401,4110
7,0,5,4,401,4110
7,2,5,4,401,4110
6,0,5,4,401,4110
6,3,5,4,401,4110
5,1,5,4,401,4110
5,4,5,4,401,4110
4,2,5,4,401,4110
4,5,5,4,401,4110
3,3,5,4,401,4110
3,6,5,4,401,4110
9,1,5,4,401,4110
9,0,5,4,401,4110
9,2,5,4,401,4110
8,0,5,4,401,4110
8,3,5,4,401,4110
7,1,5,4,401,4110
7,4,5,4,401,4110
6,2,5,4,401,4110
6,5,5,4,401,4110
5,3,5,4,401,4110
5,6,5,4,401,4110
4,4,5,4,401,4110
4,7,5,4,401,4110
8,2,5,4,401,4110
9,3,5,4,401,4110
9,4,5,4,401,4110
8,5,5,4,401,4110
7,3,5,4,401,4110
7,6,5,4,401,4110
6,4,5,4,401,4110
6,7,5,4,401,4110
5,5,5,4,401,4110
5,8,5,4,401,4110
8,4,5,4,401,4110
9,5,5,4,401,4110
9,6,5,4,401,4110
8,7,5,4,401,4110
7,5,5,4,401,4110
7,8,5,4,401,4110
6,6,5,4,401,4110
6,9,5,4,401,4110
8,6,5,4,401,4110
9,7,5,4,401,4110
9,8,5,4,401,4110
8,9,5,4,401,4110
7,7,5,4,401,4110
7,9,5,4,401,4110
0,1,6,5,402,4427
1,1,6,5,402,4427
0,0,6,5,402,4427
0,2,6,5,402,4427
2,1,6,5,402,4427
1,0,6,5,402,4427
1,2,6,5,402,4427
0,3,6,5,402,4427
3,1,6,5,402,4427
2,0,6,5,402,4427
2,2,6,5,402,4427
1,3,6,5,402,4427
0,4,6,5,402,4427
4,1,6,5,402,4427
3,0,6,5,402,4427
3,2,6,5,402,4427
2,3,6,5,402,4427
1,4,6,5,402,4427
0,5,6,5,402,4427
6,1,6,5,402,4427
5,0,6,5,402,4427
5,2,6,5,402,4427
4,0,6,5,402,4427
4,3,6,5,402,4427
3,4,6,5,402,4427
2,5,6,5,402,4427
1,6,6,5,402,4427
8,1,6,5,402,4427
7,0,6,5,402,4427
7,2,6,5,402,4427
6,0,6,5,402,4427
6,3,6,5,402,4427
5,1,6,5,402,4427
5,4,6,5,402,4427
4,2,6,5,402,4427
4,5,6,5,402,4427
3,3,6,5,402,4427
3,6,6,5,402,4427
2,4,6,5,402,4427
2,7,6,5,402,4427
9,1,6,5,402,4427
9,0,6,5,402,4427
9,2,6,5,402,4427
8,0,6,5,402,4427
8,3,6,5,402,4427
7,1,6,5,402,4427
7,4,6,5,402,4427
6,2,6,5,402,4427
6,5,6,5,402,4427
5,3,6,5,402,4427
5,6,6,5,402,4427
4,4,6,5,402,4427
4,7,6,5,402,4427
3,5,6,5,402,4427
3,8,6,5,402,4427
8,2,6,5,402,4427
9,3,6,5,402,4427
9,4,6,5,402,4427
8,5,6,5,402,4427
7,3,6,5,402,4427
7,6,6,5,402,4427
6,4,6,5,402,4427
6,7,6,5,402,4427
5,5,6,5,402,4427
5,8,6,5,402,4427
4,6,6,5,402,4427
4,9,6,5,402,4427
8,4,6,5,402,4427
9,5,6,5,402,4427
9,6,6,5,402,4427
8,7,6,5,402,4427
7,5,6,5,402,4427
7,8,6,5,402,4427
6,6,6,5,402,4427
6,9,6,5,402,4427
5,7,6,5,402,4427
5,9,6,5,402,4427
8,6,6,5,402,4427
9,7,6,5,402,4427
9,8,6,5,402,4427
8,9,6,5,402,4427
7,7,6,5,402,4427
7,9,6,5,402,4427
6,8,6,5,402,4427
0,3,9,8,403,3744
1,3,9,8,403,3744
0,2,9,8,403,3744
0,4,9,8,403,3744
2,3,9,8,403,3744
1,2,9,8,403,3744
1,4,9,8,403,3744
0,1,9,8,403,3744
0,5,9,8,403,3744
4,3,9,8,403,3744
3,2,9,8,403,3744
3,4,9,8,403,3744
2,1,9,8,403,3744
2,5,9,8,403,3744
1,0,9,8,403,3744
1,6,9,8,403,3744
6,3,9,8,403,3744
5,2,9,8,403,3744
5,4,9,8,403,3744
4,1,9,8,403,3744
4,5,9,8,403,3744
3,0,9,8,403,3744
3,6,9,8,403,3744
2,0,9,8,403,3744
2,7,9,8,403,3744
8,3,9,8,403,3744
7,2,9,8,403,3744
7,4,9,8,403,3744
6,1,9,8,403,3744
6,5,9,8,403,3744
5,0,9,8,403,3744
5,6,9,8,403,3744
4,0,9,8,403,3744
4,7,9,8,403,3744
3,1,9,8,403,3744
3,8,9,8,403,3744
9,3,9,8,403,3744
9,2,9,8,403,3744
9,4,9,8,403,3744
8,1,9,8,403,3744
8,5,9,8,403,3744
7,0,9,8,403,3744
7,6,9,8,403,3744
6,0,9,8,403,3744
6,7,9,8,403,3744
5,1,9,8,403,3744
5,8,9,8,403,3744
4,2,9,8,403,3744
4,9,9,8,403,3744
7,3,9,8,403,3744
8,2,9,8,403,3744
8,4,9,8,403,3744
9,1,9,8,403,3744
9,5,9,8,403,3744
9,0,9,8,403,3744
9,6,9,8,403,3744
8,0,9,8,403,3744
8,7,9,8,403,3744
7,1,9,8,403,3744
7,8,9,8,403,3744
6,2,9,8,403,3744
6,9,9,8,403,3744
5,3,9,8,403,3744
5,9,9,8,403,3744
6,4,9,8,403,3744
7,5,9,8,403,3744
8,6,9,8,403,3744
9,7,9,8,403,3744
9,8,9,8,403,3744
8,9,9,8,403,3744
7,9,9,8,403,3744
6,8,9,8,403,3744
0,4,9,8,404,3381
1,4,9,8,404,3381
0,3,9,8,404,3381
0,5,9,8,404,3381
3,4,9,8,404,3381
2,3,9,8,404,3381
2,5,9,8,404,3381
1,2,9,8,404,3381
1,6,9,8,404,3381
5,4,9,8,404,3381
4,3,9,8,404,3381
4,5,9,8,404,3381
3,2,9,8,404,3381
3,6,9,8,404,3381
2,1,9,8,404,3381
2,7,9,8,404,3381
7,4,9,8,404,3381
6,3,9,8,404,3381
6,5,9,8,404,3381
5,2,9,8,404,3381
5,6,9,8,404,3381
4,1,9,8,404,3381
4,7,9,8,404,3381
3,0,9,8,404,3381
3,8,9,8,404,3381
9,4,9,8,404,3381
8,3,9,8,404,3381
8,5,9,8,404,3381
7,2,9,8,404,3381
7,6,9,8,404,3381
6,1,9,8,404,3381
6,7,9,8,404,3381
5,0,9,8,404,3381
5,8,9,8,404,3381
4,0,9,8,404,3381
4,9,9,8,404,3381
8,4,9,8,404,3381
9,3,9,8,404,3381
9,5,9,8,404,3381
9,2,9,8,404,3381
9,6,9,8,404,3381
8,1,9,8,404,3381
8,7,9,8,404,3381
7,0,9,8,404,3381
7,8,9,8,404,3381
6,0,9,8,404,3381
6,9,9,8,404,3381
5,1,9,8,404,3381
5,9,9,8,404,3381
6,4,9,8,404,3381
7,3,9,8,404,3381
7,5,9,8,404,3381
8,2,9,8,404,3381
8,6,9,8,404,3381
9,1,9,8,404,3381
9,7,9,8,404,3381
9,0,9,8,404,3381
9,8,9,8,404,3381
8,0,9,8,404,3381
8,9,9,8,404,3381
7,1,9,8,404,3381
7,9,9,8,404,3381
6,2,9,8,404,3381
6,8,9,8,404,3381
0,1,8,7,405,4702
1,1,8,7,405,4702
0,0,8,7,405,4702
0,2,8,7,405,4702
2,1,8,7,405,4702
1,0,8,7,405,4702
1,2,8,7,405,4702
0,3,8,7,405,4702
3,1,8,7,405,4702
2,0,8,7,405,4702
2,2,8,7,405,4702
1,3,8,7,405,4702
0,4,8,7,405,4702
4,1,8,7,405,4702
3,0,8,7,405,4702
3,2,8,7,405,4702
2,3,8,7,405,4702
1,4,8,7,405,4702
0,5,8,7,405,4702
5,1,8,7,405,4702
4,0,8,7,405,4702
4,2,8,7,405,4702
3,3,8,7,405,4702
2,4,8,7,405,4702
1,5,8,7,405,4702
0,6,8,7,405,4702
6,1,8,7,405,4702
5,0,8,7,405,4702
5,2,8,7,405,4702
4,3,8,7,405,4702
3,4,8,7,405,4702
2,5,8,7,405,4702
1,6,8,7,405,4702
0,7,8,7,405,4702
8,1,8,7,405,4702
7,0,8,7,405,4702
7,2,8,7,405,4702
6,0,8,7,405,4702
6,3,8,7,405,4702
5,4,8,7,405,4702
4,5,8,7,405,4702
3,6,8,7,405,4702
2,7,8,7,405,4702
1,8,8,7,405,4702
9,1,8,7,405,4702
9,0,8,7,405,4702
9,2,8,7,405,4702
8,0,8,7,405,4702
8,3,8,7,405,4702
7,1,8,7,405,4702
7,4,8,7,405,4702
6,2,8,7,405,4702
6,5,8,7,405,4702
5,3,8,7,405,4702
5,6,8,7,405,4702
4,4,8,7,405,4702
4,7,8,7,405,4702
3,5,8,7,405,4702
3,8,8,7,405,4702
2,6,8,7,405,4702
2,9,8,7,405,4702
8,2,8,7,405,4702
9,3,8,7,405,4702
9,4,8,7,405,4702
8,5,8,7,405,4702
7,3,8,7,405,4702
7,6,8,7,405,4702
6,4,8,7,405,4702
6,7,8,7,405,4702
5,5,8,7,405,4702
5,8,8,7,405,4702
4,6,8,7,405,4702
4,9,8,7,405,4702
3,7,8,7,405,4702
3,9,8,7,405,4702
8,4,8,7,405,4702
9,5,8,7,405,4702
9,6,8,7,405,4702
8,7,8,7,405,4702
7,5,8,7,405,4702
7,8,8,7,405,4702
6,6,8,7,405,4702
6,9,8,7,405,4702
5,7,8,7,405,4702
5,9,8,7,405,4702
4,8,8,7,405,4702
8,6,8,7,405,4702
9,7,8,7,405,4702
9,8,8,7,405,4702
8,9,8,7,405,4702
7,7,8,7,405,4702
7,9,8,7,405,4702
6,8,8,7,405,4702
0,4,9,8,406,3746
1,4,9,8,406,3746
0,3,9,8,406,3746
0,5,9,8,406,3746
2,4,9,8,406,3746
1,3,9,8,406,3746
1,5,9,8,406,3746
0,2,9,8,406,3746
0,6,9,8,406,3746
3,4,9,8,406,3746
2,3,9,8,406,3746
2,5,9,8,406,3746
1,2,9,8,406,3746
1,6,9,8,406,3746
0,1,9,8,406,3746
0,7,9,8,406,3746
5,4,9,8,406,3746
4,3,9,8,406,3746
4,5,9,8,406,3746
3,2,9,8,406,3746
3,6,9,8,406,3746
2,1,9,8,406,3746
2,7,9,8,406,3746
1,0,9,8,406,3746
1,8,9,8,406,3746
7,4,9,8,406,3746
6,3,9,8,406,3746
6,5,9,8,406,3746
5,2,9,8,406,3746
5,6,9,8,406,3746
4,1,9,8,406,3746
4,7,9,8,406,3746
3,0,9,8,406,3746
3,8,9,8,406,3746
2,0,9,8,406,3746
2,9,9,8,406,3746
9,4,9,8,406,3746
8,3,9,8,406,3746
8,5,9,8,406,3746
7,2,9,8,406,3746
7,6,9,8,406,3746
6,1,9,8,406,3746
6,7,9,8,406,3746
5,0,9,8,406,3746
5,8,9,8,406,3746
4,0,9,8,406,3746
4,9,9,8,406,3746
3,1,9,8,406,3746
3,9,9,8,406,3746
8,4,9,8,406,3746
9,3,9,8,406,3746
9,5,9,8,406,3746
9,2,9,8,406,3746
9,6,9,8,406,3746
8,1,9,8,406,3746
8,7,9,8,406,3746
7,0,9,8,406,3746
7,8,9,8,406,3746
6,0,9,8,406,3746
6,9,9,8,406,3746
5,1,9,8,406,3746
5,9,9,8,406,3746
4,2,9,8,406,3746
4,8,9,8,406,3746
6,4,9,8,406,3746
7,3,9,8,406,3746
7,5,9,8,406,3746
8,2,9,8,406,3746
8,6,9,8,406,3746
9,1,9,8,406,3746
9,7,9,8,406,3746
9,0,9,8,406,3746
9,8,9,8,406,3746
8,0,9,8,406,3746
8,9,9,8,406,3746
7,1,9,8,406,3746
7,9,9,8,406,3746
6,2,9,8,406,3746
6,8,9,8,406,3746
5,3,9,8,406,3746
5,7,9,8,406,3746
0,2,9,8,407,4701
1,2,9,8,407,4701
0,1,9,8,407,4701
0,3,9,8,407,4701
2,2,9,8,407,4701
1,1,9,8,407,4701
1,3,9,8,407,4701
0,0,9,8,407,4701
0,4,9,8,407,4701
3,2,9,8,407,4701
2,1,9,8,407,4701
2,3,9,8,407,4701
1,0,9,8,407,4701
1,4,9,8,407,4701
0,5,9,8,407,4701
4,2,9,8,407,4701
3,1,9,8,407,4701
3,3,9,8,407,4701
2,0,9,8,407,4701
2,4,9,8,407,4701
1,5,9,8,407,4701
0,6,9,8,407,4701
5,2,9,8,407,4701
4,1,9,8,407,4701
4,3,9,8,407,4701
3,0,9,8,407,4701
3,4,9,8,407,4701
2,5,9,8,407,4701
1,6,9,8,407,4701
0,7,9,8,407,4701
6,2,9,8,407,4701
5,1,9,8,407,4701
5,3,9,8,407,4701
4,0,9,8,407,4701
4,4,9,8,407,4701
3,5,9,8,407,4701
2,6,9,8,407,4701
1,7,9,8,407,4701
0,8,9,8,407,4701
7,2,9,8,407,4701
6,1,9,8,407,4701
6,3,9,8,407,4701
5,0,9,8,407,4701
5,4,9,8,407,4701
4,5,9,8,407,4701
3,6,9,8,407,4701
2,7,9,8,407,4701
1,8,9,8,407,4701
0,9,9,8,407,4701
9,2,9,8,407,4701
8,1,9,8,407,4701
8,3,9,8,407,4701
7,0,9,8,407,4701
7,4,9,8,407,4701
6,0,9,8,407,4701
6,5,9,8,407,4701
5,6,9,8,407,4701
4,7,9,8,407,4701
3,8,9,8,407,4701
2,9,9,8,407,4701
1,9,9,8,407,4701
8,2,9,8,407,4701
9,1,9,8,407,4701
9,3,9,8,407,4701
9,0,9,8,407,4701
9,4,9,8,407,4701
8,0,9,8,407,4701
8,5,9,8,407,4701
7,1,9,8,407,4701
7,6,9,8,407,4701
6,7,9,8,407,4701
5,8,9,8,407,4701
4,9,9,8,407,4701
3,9,9,8,407,4701
2,8,9,8,407,4701
7,3,9,8,407,4701
8,4,9,8,407,4701
9,5,9,8,407,4701
9,6,9,8,407,4701
8,7,9,8,407,4701
7,8,9,8,407,4701
6,4,9,8,407,4701
6,9,9,8,407,4701
5,5,9,8,407,4701
5,9,9,8,407,4701
4,6,9,8,407,4701
4,8,9,8,407,4701
3,7,9,8,407,4701
7,5,9,8,407,4701
8,6,9,8,407,4701
9,7,9,8,407,4701
9,8,9,8,407,4701
8,9,9,8,407,4701
7,9,9,8,407,4701
6,6,9,8,407,4701
6,8,9,8,407,4701
5,7,9,8,407,4701
0,3,9,8,408,4404
1,3,9,8,408,4404
0,2,9,8,408,4404
0,4,9,8,408,4404
2,3,9,8,408,4404
1,2,9,8,408,4404
1,4,9,8,408,4404
0,1,9,8,408,4404
0,5,9,8,408,4404
3,3,9,8,408,4404
2,2,9,8,408,4404
2,4,9,8,408,4404
1,1,9,8,408,4404
1,5,9,8,408,4404
0,0,9,8,408,4404
0,6,9,8,408,4404
4,3,9,8,408,4404
3,2,9,8,408,4404
3,4,9,8,408,4404
2,1,9,8,408,4404
2,5,9,8,408,4404
1,0,9,8,408,4404
1,6,9,8,408,4404
0,7,9,8,408,4404
5,3,9,8,408,4404
4,2,9,8,408,4404
4,4,9,8,408,4404
3,1,9,8,408,4404
3,5,9,8,408,4404
2,0,9,8,408,4404
2,6,9,8,408,4404
1,7,9,8,408,4404
0,8,9,8,408,4404
6,3,9,8,408,4404
5,2,9,8,408,4404
5,4,9,8,408,4404
4,1,9,8,408,4404
4,5,9,8,408,4404
3,0,9,8,408,4404
3,6,9,8,408,4404
2,7,9,8,408,4404
1,8,9,8,408,4404
0,9,9,8,408,4404
8,3,9,8,408,4404
7,2,9,8,408,4404
7,4,9,8,408,4404
6,1,9,8,408,4404
6,5,9,8,408,4404
5,0,9,8,408,4404
5,6,9,8,408,4404
4,0,9,8,408,4404
4,7,9,8,408,4404
3,8,9,8,408,4404
2,9,9,8,408,4404
1,9,9,8,408,4404
9,3,9,8,408,4404
9,2,9,8,408,4404
9,4,9,8,408,4404
8,1,9,8,408,4404
8,5,9,8,408,4404
7,0,9,8,408,4404
7,6,9,8,408,4404
6,0,9,8,408,4404
6,7,9,8,408,4404
5,1,9,8,408,4404
5,8,9,8,408,4404
4,9,9,8,408,4404
3,9,9,8,408,4404
2,8,9,8,408,4404
7,3,9,8,408,4404
8,2,9,8,408,4404
8,4,9,8,408,4404
9,1,9,8,408,4404
9,5,9,8,408,4404
9,0,9,8,408,4404
9,6,9,8,408,4404
8,0,9,8,408,4404
8,7,9,8,408,4404
7,1,9,8,408,4404
7,8,9,8,408,4404
6,2,9,8,408,4404
6,9,9,8,408,4404
5,9,9,8,408,4404
4,8,9,8,408,4404
3,7,9,8,408,4404
6,4,9,8,408,4404
7,5,9,8,408,4404
8,6,9,8,408,4404
9,7,9,8,408,4404
9,8,9,8,408,4404
8,9,9,8,408,4404
7,9,9,8,408,4404
6,8,9,8,408,4404
5,5,9,8,408,4404
5,7,9,8,408,4404
4,6,9,8,408,4404
0,4,9,8,409,4086
1,4,9,8,409,4086
0,3,9,8,409,4086
0,5,9,8,409,4086
2,4,9,8,409,4086
1,3,9,8,409,4086
1,5,9,8,409,4086
0,2,9,8,409,4086
0,6,9,8,409,4086
3,4,9,8,409,4086
2,3,9,8,409,4086
2,5,9,8,409,4086
1,2,9,8,409,4086
1,6,9,8,409,4086
0,1,9,8,409,4086
0,7,9,8,409,4086
4,4,9,8,409,4086
3,3,9,8,409,4086
3,5,9,8,409,4086
2,2,9,8,409,4086
2,6,9,8,409,4086
1,1,9,8,409,4086
1,7,9,8,409,4086
0,0,9,8,409,4086
0,8,9,8,409,4086
5,4,9,8,409,4086
4,3,9,8,409,4086
4,5,9,8,409,4086
3,2,9,8,409,4086
3,6,9,8,409,4086
2,1,9,8,409,4086
2,7,9,8,409,4086
1,0,9,8,409,4086
1,8,9,8,409,4086
0,9,9,8,409,4086
7,4,9,8,409,4086
6,3,9,8,409,4086
6,5,9,8,409,4086
5,2,9,8,409,4086
5,6,9,8,409,4086
4,1,9,8,409,4086
4,7,9,8,409,4086
3,0,9,8,409,4086
3,8,9,8,409,4086
2,0,9,8,409,4086
2,9,9,8,409,4086
1,9,9,8,409,4086
9,4,9,8,409,4086
8,3,9,8,409,4086
8,5,9,8,409,4086
7,2,9,8,409,4086
7,6,9,8,409,4086
6,1,9,8,409,4086
6,7,9,8,409,4086
5,0,9,8,409,4086
5,8,9,8,409,4086
4,0,9,8,409,4086
4,9,9,8,409,4086
3,1,9,8,409,4086
3,9,9,8,409,4086
2,8,9,8,409,4086
8,4,9,8,409,4086
9,3,9,8,409,4086
9,5,9,8,409,4086
9,2,9,8,409,4086
9,6,9,8,409,4086
8,1,9,8,409,4086
8,7,9,8,409,4086
7,0,9,8,409,4086
7,8,9,8,409,4086
6,0,9,8,409,4086
6,9,9,8,409,4086
5,1,9,8,409,4086
5,9,9,8,409,4086
4,2,9,8,409,4086
4,8,9,8,409,4086
3,7,9,8,409,4086
6,4,9,8,409,4086
7,3,9,8,409,4086
7,5,9,8,409,4086
8,2,9,8,409,4086
8,6,9,8,409,4086
9,1,9,8,409,4086
9,7,9,8,409,4086
9,0,9,8,409,4086
9,8,9,8,409,4086
8,0,9,8,409,4086
8,9,9,8,409,4086
7,1,9,8,409,4086
7,9,9,8,409,4086
6,2,9,8,409,4086
6,8,9,8,409,4086
5,3,9,8,409,4086
5,7,9,8,409,4086
4,6,9,8,409,4086
0,5,8,7,410,3746
1,5,8,7,410,3746
0,4,8,7,410,3746
0,6,8,7,410,3746
2,5,8,7,410,3746
1,4,8,7,410,3746
1,6,8,7,410,3746
0,3,8,7,410,3746
0,7,8,7,410,3746
3,5,8,7,410,3746
2,4,8,7,410,3746
2,6,8,7,410,3746
1,3,8,7,410,3746
1,7,8,7,410,3746
0,2,8,7,410,3746
0,8,8,7,410,3746
4,5,8,7,410,3746
3,4,8,7,410,3746
3,6,8,7,410,3746
2,3,8,7,410,3746
2,7,8,7,410,3746
1,2,8,7,410,3746
1,8,8,7,410,3746
0,1,8,7,410,3746
0,9,8,7,410,3746
6,5,8,7,410,3746
5,4,8,7,410,3746
5,6,8,7,410,3746
4,3,8,7,410,3746
4,7,8,7,410,3746
3,2,8,7,410,3746
3,8,8,7,410,3746
2,1,8,7,410,3746
2,9,8,7,410,3746
1,0,8,7,410,3746
1,9,8,7,410,3746
8,5,8,7,410,3746
7,4,8,7,410,3746
7,6,8,7,410,3746
6,3,8,7,410,3746
6,7,8,7,410,3746
5,2,8,7,410,3746
5,8,8,7,410,3746
4,1,8,7,410,3746
4,9,8,7,410,3746
3,0,8,7,410,3746
3,9,8,7,410,3746
2,0,8,7,410,3746
2,8,8,7,410,3746
9,5,8,7,410,3746
9,4,8,7,410,3746
9,6,8,7,410,3746
8,3,8,7,410,3746
8,7,8,7,410,3746
7,2,8,7,410,3746
7,8,8,7,410,3746
6,1,8,7,410,3746
6,9,8,7,410,3746
5,0,8,7,410,3746
5,9,8,7,410,3746
4,0,8,7,410,3746
4,8,8,7,410,3746
3,1,8,7,410,3746
3,7,8,7,410,3746
7,5,8,7,410,3746
8,4,8,7,410,3746
8,6,8,7,410,3746
9,3,8,7,410,3746
9,7,8,7,410,3746
9,2,8,7,410,3746
9,8,8,7,410,3746
8,1,8,7,410,3746
8,9,8,7,410,3746
7,0,8,7,410,3746
7,9,8,7,410,3746
6,0,8,7,410,3746
6,8,8,7,410,3746
5,1,8,7,410,3746
5,7,8,7,410,3746
4,2,8,7,410,3746
4,6,8,7,410,3746
0,6,6,5,411,3381
1,6,6,5,411,3381
0,5,6,5,411,3381
0,7,6,5,411,3381
2,6,6,5,411,3381
1,5,6,5,411,3381
1,7,6,5,411,3381
0,4,6,5,411,3381
0,8,6,5,411,3381
3,6,6,5,411,3381
2,5,6,5,411,3381
2,7,6,5,411,3381
1,4,6,5,411,3381
1,8,6,5,411,3381
0,3,6,5,411,3381
0,9,6,5,411,3381
5,6,6,5,411,3381
4,5,6,5,411,3381
4,7,6,5,411,3381
3,4,6,5,411,3381
3,8,6,5,411,3381
2,3,6,5,411,3381
2,9,6,5,411,3381
1,2,6,5,411,3381
1,9,6,5,411,3381
7,6,6,5,411,3381
6,5,6,5,411,3381
6,7,6,5,411,3381
5,4,6,5,411,3381
5,8,6,5,411,3381
4,3,6,5,411,3381
4,9,6,5,411,3381
3,2,6,5,411,3381
3,9,6,5,411,3381
2,1,6,5,411,3381
2,8,6,5,411,3381
9,6,6,5,411,3381
8,5,6,5,411,3381
8,7,6,5,411,3381
7,4,6,5,411,3381
7,8,6,5,411,3381
6,3,6,5,411,3381
6,9,6,5,411,3381
5,2,6,5,411,3381
5,9,6,5,411,3381
4,1,6,5,411,3381
4,8,6,5,411,3381
3,0,6,5,411,3381
3,7,6,5,411,3381
8,6,6,5,411,3381
9,5,6,5,411,3381
9,7,6,5,411,3381
9,4,6,5,411,3381
9,8,6,5,411,3381
8,3,6,5,411,3381
8,9,6,5,411,3381
7,2,6,5,411,3381
7,9,6,5,411,3381
6,1,6,5,411,3381
6,8,6,5,411,3381
5,0,6,5,411,3381
5,7,6,5,411,3381
4,0,6,5,411,3381
4,6,6,5,411,3381
0,4,9,8,412,4403
1,4,9,8,412,4403
0,3,9,8,412,4403
0,5,9,8,412,4403
2,4,9,8,412,4403
1,3,9,8,412,4403
1,5,9,8,412,4403
0,2,9,8,412,4403
0,6,9,8,412,4403
3,4,9,8,412,4403
2,3,9,8,412,4403
2,5,9,8,412,4403
1,2,9,8,412,4403
1,6,9,8,412,4403
0,1,9,8,412,4403
0,7,9,8,412,4403
4,4,9,8,412,4403
3,3,9,8,412,4403
3,5,9,8,412,4403
2,2,9,8,412,4403
2,6,9,8,412,4403
1,1,9,8,412,4403
1,7,9,8,412,4403
0,0,9,8,412,4403
0,8,9,8,412,4403
5,4,9,8,412,4403
4,3,9,8,412,4403
4,5,9,8,412,4403
3,2,9,8,412,4403
3,6,9,8,412,4403
2,1,9,8,412,4403
2,7,9,8,412,4403
1,0,9,8,412,4403
1,8,9,8,412,4403
0,9,9,8,412,4403
6,4,9,8,412,4403
5,3,9,8,412,4403
5,5,9,8,412,4403
4,2,9,8,412,4403
4,6,9,8,412,4403
3,1,9,8,412,4403
3,7,9,8,412,4403
2,0,9,8,412,4403
2,8,9,8,412,4403
1,9,9,8,412,4403
7,4,9,8,412,4403
6,3,9,8,412,4403
6,5,9,8,412,4403
5,2,9,8,412,4403
5,6,9,8,412,4403
4,1,9,8,412,4403
4,7,9,8,412,4403
3,0,9,8,412,4403
3,8,9,8,412,4403
2,9,9,8,412,4403
9,4,9,8,412,4403
8,3,9,8,412,4403
8,5,9,8,412,4403
7,2,9,8,412,4403
7,6,9,8,412,4403
6,1,9,8,412,4403
6,7,9,8,412,4403
5,0,9,8,412,4403
5,8,9,8,412,4403
4,0,9,8,412,4403
4,9,9,8,412,4403
3,9,9,8,412,4403
8,4,9,8,412,4403
9,3,9,8,412,4403
9,5,9,8,412,4403
9,2,9,8,412,4403
9,6,9,8,412,4403
8,1,9,8,412,4403
8,7,9,8,412,4403
7,0,9,8,412,4403
7,8,9,8,412,4403
6,0,9,8,412,4403
6,9,9,8,412,4403
5,1,9,8,412,4403
5,9,9,8,412,4403
4,8,9,8,412,4403
7,3,9,8,412,4403
7,5,9,8,412,4403
8,2,9,8,412,4403
8,6,9,8,412,4403
9,1,9,8,412,4403
9,7,9,8,412,4403
9,0,9,8,412,4403
9,8,9,8,412,4403
8,0,9,8,412,4403
8,9,9,8,412,4403
7,1,9,8,412,4403
7,9,9,8,412,4403
6,2,9,8,412,4403
6,8,9,8,412,4403
5,7,9,8,412,4403
0,5,8,7,413,4086
1,5,8,7,413,4086
0,4,8,7,413,4086
0,6,8,7,413,4086
2,5,8,7,413,4086
1,4,8,7,413,4086
1,6,8,7,413,4086
0,3,8,7,413,4086
0,7,8,7,413,4086
3,5,8,7,413,4086
2,4,8,7,413,4086
2,6,8,7,413,4086
1,3,8,7,413,4086
1,7,8,7,413,4086
0,2,8,7,413,4086
0,8,8,7,413,4086
4,5,8,7,413,4086
3,4,8,7,413,4086
3,6,8,7,413,4086
2,3,8,7,413,4086
2,7,8,7,413,4086
1,2,8,7,413,4086
1,8,8,7,413,4086
0,1,8,7,413,4086
0,9,8,7,413,4086
5,5,8,7,413,4086
4,4,8,7,413,4086
4,6,8,7,413,4086
3,3,8,7,413,4086
3,7,8,7,413,4086
2,2,8,7,413,4086
2,8,8,7,413,4086
1,1,8,7,413,4086
1,9,8,7,413,4086
0,0,8,7,413,4086
6,5,8,7,413,4086
5,4,8,7,413,4086
5,6,8,7,413,4086
4,3,8,7,413,4086
4,7,8,7,413,4086
3,2,8,7,413,4086
3,8,8,7,413,4086
2,1,8,7,413,4086
2,9,8,7,413,4086
1,0,8,7,413,4086
8,5,8,7,413,4086
7,4,8,7,413,4086
7,6,8,7,413,4086
6,3,8,7,413,4086
6,7,8,7,413,4086
5,2,8,7,413,4086
5,8,8,7,413,4086
4,1,8,7,413,4086
4,9,8,7,413,4086
3,0,8,7,413,4086
3,9,8,7,413,4086
2,0,8,7,413,4086
9,5,8,7,413,4086
9,4,8,7,413,4086
9,6,8,7,413,4086
8,3,8,7,413,4086
8,7,8,7,413,4086
7,2,8,7,413,4086
7,8,8,7,413,4086
6,1,8,7,413,4086
6,9,8,7,413,4086
5,0,8,7,413,4086
5,9,8,7,413,4086
4,0,8,7,413,4086
4,8,8,7,413,4086
3,1,8,7,413,4086
7,5,8,7,413,4086
8,4,8,7,413,4086
8,6,8,7,413,4086
9,3,8,7,413,4086
9,7,8,7,413,4086
9,2,8,7,413,4086
9,8,8,7,413,4086
8,1,8,7,413,4086
8,9,8,7,413,4086
7,0,8,7,413,4086
7,9,8,7,413,4086
6,0,8,7,413,4086
6,8,8,7,413,4086
5,1,8,7,413,4086
5,7,8,7,413,4086
4,2,8,7,413,4086
0,6,7,6,414,3746
1,6,7,6,414,3746
0,5,7,6,414,3746
0,7,7,6,414,3746
2,6,7,6,414,3746
1,5,7,6,414,3746
1,7,7,6,414,3746
0,4,7,6,414,3746
0,8,7,6,414,3746
3,6,7,6,414,3746
2,5,7,6,414,3746
2,7,7,6,414,3746
1,4,7,6,414,3746
1,8,7,6,414,3746
0,3,7,6,414,3746
0,9,7,6,414,3746
4,6,7,6,414,3746
3,5,7,6,414,3746
3,7,7,6,414,3746
2,4,7,6,414,3746
2,8,7,6,414,3746
1,3,7,6,414,3746
1,9,7,6,414,3746
0,2,7,6,414,3746
5,6,7,6,414,3746
4,5,7,6,414,3746
4,7,7,6,414,3746
3,4,7,6,414,3746
3,8,7,6,414,3746
2,3,7,6,414,3746
2,9,7,6,414,3746
1,2,7,6,414,3746
0,1,7,6,414,3746
7,6,7,6,414,3746
6,5,7,6,414,3746
6,7,7,6,414,3746
5,4,7,6,414,3746
5,8,7,6,414,3746
4,3,7,6,414,3746
4,9,7,6,414,3746
3,2,7,6,414,3746
3,9,7,6,414,3746
2,1,7,6,414,3746
1,0,7,6,414,3746
9,6,7,6,414,3746
8,5,7,6,414,3746
8,7,7,6,414,3746
7,4,7,6,414,3746
7,8,7,6,414,3746
6,3,7,6,414,3746
6,9,7,6,414,3746
5,2,7,6,414,3746
5,9,7,6,414,3746
4,1,7,6,414,3746
4,8,7,6,414,3746
3,0,7,6,414,3746
2,0,7,6,414,3746
8,6,7,6,414,3746
9,5,7,6,414,3746
9,7,7,6,414,3746
9,4,7,6,414,3746
9,8,7,6,414,3746
8,3,7,6,414,3746
8,9,7,6,414,3746
7,2,7,6,414,3746
7,9,7,6,414,3746
6,1,7,6,414,3746
6,8,7,6,414,3746
5,0,7,6,414,3746
5,7,7,6,414,3746
4,0,7,6,414,3746
3,1,7,6,414,3746
0,7,6,5,415,3381
1,7,6,5,415,3381
0,6,6,5,415,3381
0,8,6,5,415,3381
2,7,6,5,415,3381
1,6,6,5,415,3381
1,8,6,5,415,3381
0,5,6,5,415,3381
0,9,6,5,415,3381
3,7,6,5,415,3381
2,6,6,5,415,3381
2,8,6,5,415,3381
1,5,6,5,415,3381
1,9,6,5,415,3381
0,4,6,5,415,3381
4,7,6,5,415,3381
3,6,6,5,415,3381
3,8,6,5,415,3381
2,5,6,5,415,3381
2,9,6,5,415,3381
1,4,6,5,415,3381
0,3,6,5,415,3381
6,7,6,5,415,3381
5,6,6,5,415,3381
5,8,6,5,415,3381
4,5,6,5,415,3381
4,9,6,5,415,3381
3,4,6,5,415,3381
3,9,6,5,415,3381
2,3,6,5,415,3381
1,2,6,5,415,3381
8,7,6,5,415,3381
7,6,6,5,415,3381
7,8,6,5,415,3381
6,5,6,5,415,3381
6,9,6,5,415,3381
5,4,6,5,415,3381
5,9,6,5,415,3381
4,3,6,5,415,3381
4,8,6,5,415,3381
3,2,6,5,415,3381
2,1,6,5,415,3381
9,7,6,5,415,3381
9,6,6,5,415,3381
9,8,6,5,415,3381
8,5,6,5,415,3381
8,9,6,5,415,3381
7,4,6,5,415,3381
7,9,6,5,415,3381
6,3,6,5,415,3381
6,8,6,5,415,3381
5,2,6,5,415,3381
5,7,6,5,415,3381
4,1,6,5,415,3381
4,6,6,5,415,3381
3,0,6,5,415,3381
3,5,6,5,415,3381
0,4,9,8,416,4700
1,4,9,8,416,4700
0,3,9,8,416,4700
0,5,9,8,416,4700
2,4,9,8,416,4700
1,3,9,8,416,4700
1,5,9,8,416,4700
0,2,9,8,416,4700
0,6,9,8,416,4700
3,4,9,8,416,4700
2,3,9,8,416,4700
2,5,9,8,416,4700
1,2,9,8,416,4700
1,6,9,8,416,4700
0,1,9,8,416,4700
0,7,9,8,416,4700
4,4,9,8,416,4700
3,3,9,8,416,4700
3,5,9,8,416,4700
2,2,9,8,416,4700
2,6,9,8,416,4700
1,1,9,8,416,4700
1,7,9,8,416,4700
0,0,9,8,416,4700
0,8,9,8,416,4700
5,4,9,8,416,4700
4,3,9,8,416,4700
4,5,9,8,416,4700
3,2,9,8,416,4700
3,6,9,8,416,4700
2,1,9,8,416,4700
2,7,9,8,416,4700
1,0,9,8,416,4700
1,8,9,8,416,4700
0,9,9,8,416,4700
6,4,9,8,416,4700
5,3,9,8,416,4700
5,5,9,8,416,4700
4,2,9,8,416,4700
4,6,9,8,416,4700
3,1,9,8,416,4700
3,7,9,8,416,4700
2,0,9,8,416,4700
2,8,9,8,416,4700
1,9,9,8,416,4700
7,4,9,8,416,4700
6,3,9,8,416,4700
6,5,9,8,416,4700
5,2,9,8,416,4700
5,6,9,8,416,4700
4,1,9,8,416,4700
4,7,9,8,416,4700
3,0,9,8,416,4700
3,8,9,8,416,4700
2,9,9,8,416,4700
8,4,9,8,416,4700
7,3,9,8,416,4700
7,5,9,8,416,4700
6,2,9,8,416,4700
6,6,9,8,416,4700
5,1,9,8,416,4700
5,7,9,8,416,4700
4,0,9,8,416,4700
4,8,9,8,416,4700
3,9,9,8,416,4700
9,4,9,8,416,4700
8,3,9,8,416,4700
8,5,9,8,416,4700
7,2,9,8,416,4700
7,6,9,8,416,4700
6,1,9,8,416,4700
6,7,9,8,416,4700
5,0,9,8,416,4700
5,8,9,8,416,4700
4,9,9,8,416,4700
9,3,9,8,416,4700
9,5,9,8,416,4700
9,2,9,8,416,4700
9,6,9,8,416,4700
8,1,9,8,416,4700
8,7,9,8,416,4700
7,0,9,8,416,4700
7,8,9,8,416,4700
6,0,9,8,416,4700
6,9,9,8,416,4700
5,9,9,8,416,4700
8,2,9,8,416,4700
8,6,9,8,416,4700
9,1,9,8,416,4700
9,7,9,8,416,4700
9,0,9,8,416,4700
9,8,9,8,416,4700
8,0,9,8,416,4700
8,9,9,8,416,4700
7,1,9,8,416,4700
7,9,9,8,416,4700
6,8,9,8,416,4700
0,5,8,7,417,4403
1,5,8,7,417,4403
0,4,8,7,417,4403
0,6,8,7,417,4403
2,5,8,7,417,4403
1,4,8,7,417,4403
1,6,8,7,417,4403
0,3,8,7,417,4403
0,7,8,7,417,4403
3,5,8,7,417,4403
2,4,8,7,417,4403
2,6,8,7,417,4403
1,3,8,7,417,4403
1,7,8,7,417,4403
0,2,8,7,417,4403
0,8,8,7,417,4403
4,5,8,7,417,4403
3,4,8,7,417,4403
3,6,8,7,417,4403
2,3,8,7,417,4403
2,7,8,7,417,4403
1,2,8,7,417,4403
1,8,8,7,417,4403
0,1,8,7,417,4403
0,9,8,7,417,4403
5,5,8,7,417,4403
4,4,8,7,417,4403
4,6,8,7,417,4403
3,3,8,7,417,4403
3,7,8,7,417,4403
2,2,8,7,417,4403
2,8,8,7,417,4403
1,1,8,7,417,4403
1,9,8,7,417,4403
0,0,8,7,417,4403
6,5,8,7,417,4403
5,4,8,7,417,4403
5,6,8,7,417,4403
4,3,8,7,417,4403
4,7,8,7,417,4403
3,2,8,7,417,4403
3,8,8,7,417,4403
2,1,8,7,417,4403
2,9,8,7,417,4403
1,0,8,7,417,4403
7,5,8,7,417,4403
6,4,8,7,417,4403
6,6,8,7,417,4403
5,3,8,7,417,4403
5,7,8,7,417,4403
4,2,8,7,417,4403
4,8,8,7,417,4403
3,1,8,7,417,4403
3,9,8,7,417,4403
2,0,8,7,417,4403
8,5,8,7,417,4403
7,4,8,7,417,4403
7,6,8,7,417,4403
6,3,8,7,417,4403
6,7,8,7,417,4403
5,2,8,7,417,4403
5,8,8,7,417,4403
4,1,8,7,417,4403
4,9,8,7,417,4403
3,0,8,7,417,4403
9,5,8,7,417,4403
9,4,8,7,417,4403
9,6,8,7,417,4403
8,3,8,7,417,4403
8,7,8,7,417,4403
7,2,8,7,417,4403
7,8,8,7,417,4403
6,1,8,7,417,4403
6,9,8,7,417,4403
5,0,8,7,417,4403
5,9,8,7,417,4403
4,0,8,7,417,4403
8,4,8,7,417,4403
8,6,8,7,417,4403
9,3,8,7,417,4403
9,7,8,7,417,4403
9,2,8,7,417,4403
9,8,8,7,417,4403
8,1,8,7,417,4403
8,9,8,7,417,4403
7,0,8,7,417,4403
7,9,8,7,417,4403
6,0,8,7,417,4403
6,8,8,7,417,4403
5,1,8,7,417,4403
0,6,7,6,418,4086
1,6,7,6,418,4086
0,5,7,6,418,4086
0,7,7,6,418,4086
2,6,7,6,418,4086
1,5,7,6,418,4086
1,7,7,6,418,4086
0,4,7,6,418,4086
0,8,7,6,418,4086
3,6,7,6,418,4086
2,5,7,6,418,4086
2,7,7,6,418,4086
1,4,7,6,418,4086
1,8,7,6,418,4086
0,3,7,6,418,4086
0,9,7,6,418,4086
4,6,7,6,418,4086
3,5,7,6,418,4086
3,7,7,6,418,4086
2,4,7,6,418,4086
2,8,7,6,418,4086
1,3,7,6,418,4086
1,9,7,6,418,4086
0,2,7,6,418,4086
5,6,7,6,418,4086
4,5,7,6,418,4086
4,7,7,6,418,4086
3,4,7,6,418,4086
3,8,7,6,418,4086
2,3,7,6,418,4086
2,9,7,6,418,4086
1,2,7,6,418,4086
0,1,7,6,418,4086
6,6,7,6,418,4086
5,5,7,6,418,4086
5,7,7,6,418,4086
4,4,7,6,418,4086
4,8,7,6,418,4086
3,3,7,6,418,4086
3,9,7,6,418,4086
2,2,7,6,418,4086
1,1,7,6,418,4086
0,0,7,6,418,4086
7,6,7,6,418,4086
6,5,7,6,418,4086
6,7,7,6,418,4086
5,4,7,6,418,4086
5,8,7,6,418,4086
4,3,7,6,418,4086
4,9,7,6,418,4086
3,2,7,6,418,4086
2,1,7,6,418,4086
1,0,7,6,418,4086
9,6,7,6,418,4086
8,5,7,6,418,4086
8,7,7,6,418,4086
7,4,7,6,418,4086
7,8,7,6,418,4086
6,3,7,6,418,4086
6,9,7,6,418,4086
5,2,7,6,418,4086
5,9,7,6,418,4086
4,1,7,6,418,4086
3,0,7,6,418,4086
2,0,7,6,418,4086
8,6,7,6,418,4086
9,5,7,6,418,4086
9,7,7,6,418,4086
9,4,7,6,418,4086
9,8,7,6,418,4086
8,3,7,6,418,4086
8,9,7,6,418,4086
7,2,7,6,418,4086
7,9,7,6,418,4086
6,1,7,6,418,4086
6,8,7,6,418,4086
5,0,7,6,418,4086
4,0,7,6,418,4086
3,1,7,6,418,4086
0,5,8,7,419,4700
1,5,8,7,419,4700
0,4,8,7,419,4700
0,6,8,7,419,4700
2,5,8,7,419,4700
1,4,8,7,419,4700
1,6,8,7,419,4700
0,3,8,7,419,4700
0,7,8,7,419,4700
3,5,8,7,419,4700
2,4,8,7,419,4700
2,6,8,7,419,4700
1,3,8,7,419,4700
1,7,8,7,419,4700
0,2,8,7,419,4700
0,8,8,7,419,4700
4,5,8,7,419,4700
3,4,8,7,419,4700
3,6,8,7,419,4700
2,3,8,7,419,4700
2,7,8,7,419,4700
1,2,8,7,419,4700
1,8,8,7,419,4700
0,1,8,7,419,4700
0,9,8,7,419,4700
5,5,8,7,419,4700
4,4,8,7,419,4700
4,6,8,7,419,4700
3,3,8,7,419,4700
3,7,8,7,419,4700
2,2,8,7,419,4700
2,8,8,7,419,4700
1,1,8,7,419,4700
1,9,8,7,419,4700
0,0,8,7,419,4700
6,5,8,7,419,4700
5,4,8,7,419,4700
5,6,8,7,419,4700
4,3,8,7,419,4700
4,7,8,7,419,4700
3,2,8,7,419,4700
3,8,8,7,419,4700
2,1,8,7,419,4700
2,9,8,7,419,4700
1,0,8,7,419,4700
7,5,8,7,419,4700
6,4,8,7,419,4700
6,6,8,7,419,4700
5,3,8,7,419,4700
5,7,8,7,419,4700
4,2,8,7,419,4700
4,8,8,7,419,4700
3,1,8,7,419,4700
3,9,8,7,419,4700
2,0,8,7,419,4700
8,5,8,7,419,4700
7,4,8,7,419,4700
7,6,8,7,419,4700
6,3,8,7,419,4700
6,7,8,7,419,4700
5,2,8,7,419,4700
5,8,8,7,419,4700
4,1,8,7,419,4700
4,9,8,7,419,4700
3,0,8,7,419,4700
9,5,8,7,419,4700
8,4,8,7,419,4700
8,6,8,7,419,4700
7,3,8,7,419,4700
7,7,8,7,419,4700
6,2,8,7,419,4700
6,8,8,7,419,4700
5,1,8,7,419,4700
5,9,8,7,419,4700
4,0,8,7,419,4700
9,4,8,7,419,4700
9,6,8,7,419,4700
8,3,8,7,419,4700
8,7,8,7,419,4700
7,2,8,7,419,4700
7,8,8,7,419,4700
6,1,8,7,419,4700
6,9,8,7,419,4700
5,0,8,7,419,4700
9,3,8,7,419,4700
9,7,8,7,419,4700
9,2,8,7,419,4700
9,8,8,7,419,4700
8,1,8,7,419,4700
8,9,8,7,419,4700
7,0,8,7,419,4700
7,9,8,7,419,4700
6,0,8,7,419,4700
0,7,3,4,420,4097
1,7,3,4,420,4097
0,6,3,4,420,4097
0,8,3,4,420,4097
2,7,3,4,420,4097
1,6,3,4,420,4097
1,8,3,4,420,4097
0,5,3,4,420,4097
0,9,3,4,420,4097
3,7,3,4,420,4097
2,6,3,4,420,4097
2,8,3,4,420,4097
1,5,3,4,420,4097
1,9,3,4,420,4097
0,4,3,4,420,4097
4,7,3,4,420,4097
3,6,3,4,420,4097
3,8,3,4,420,4097
2,5,3,4,420,4097
2,9,3,4,420,4097
1,4,3,4,420,4097
0,3,3,4,420,4097
5,7,3,4,420,4097
4,6,3,4,420,4097
4,8,3,4,420,4097
3,5,3,4,420,4097
3,9,3,4,420,4097
2,4,3,4,420,4097
1,3,3,4,420,4097
0,2,3,4,420,4097
6,7,3,4,420,4097
5,6,3,4,420,4097
5,8,3,4,420,4097
4,5,3,4,420,4097
4,9,3,4,420,4097
3,4,3,4,420,4097
2,3,3,4,420,4097
1,2,3,4,420,4097
0,1,3,4,420,4097
7,7,3,4,420,4097
6,6,3,4,420,4097
6,8,3,4,420,4097
5,5,3,4,420,4097
5,9,3,4,420,4097
4,4,3,4,420,4097
3,3,3,4,420,4097
2,2,3,4,420,4097
1,1,3,4,420,4097
0,0,3,4,420,4097
8,7,3,4,420,4097
7,6,3,4,420,4097
7,8,3,4,420,4097
6,5,3,4,420,4097
6,9,3,4,420,4097
5,4,3,4,420,4097
4,3,3,4,420,4097
3,2,3,4,420,4097
2,1,3,4,420,4097
1,0,3,4,420,4097
9,7,3,4,420,4097
9,6,3,4,420,4097
9,8,3,4,420,4097
8,5,3,4,420,4097
8,9,3,4,420,4097
7,4,3,4,420,4097
7,9,3,4,420,4097
6,3,3,4,420,4097
5,2,3,4,420,4097
4,1,3,4,420,4097
3,0,3,4,420,4097
2,0,3,4,420,4097
0,8,3,4,421,3760
1,8,3,4,421,3760
0,7,3,4,421,3760
0,9,3,4,421,3760
2,8,3,4,421,3760
1,7,3,4,421,3760
1,9,3,4,421,3760
0,6,3,4,421,3760
3,8,3,4,421,3760
2,7,3,4,421,3760
2,9,3,4,421,3760
1,6,3,4,421,3760
0,5,3,4,421,3760
4,8,3,4,421,3760
3,7,3,4,421,3760
3,9,3,4,421,3760
2,6,3,4,421,3760
1,5,3,4,421,3760
0,4,3,4,421,3760
5,8,3,4,421,3760
4,7,3,4,421,3760
4,9,3,4,421,3760
3,6,3,4,421,3760
2,5,3,4,421,3760
1,4,3,4,421,3760
0,3,3,4,421,3760
6,8,3,4,421,3760
5,7,3,4,421,3760
5,9,3,4,421,3760
4,6,3,4,421,3760
3,5,3,4,421,3760
2,4,3,4,421,3760
1,3,3,4,421,3760
0,2,3,4,421,3760
7,8,3,4,421,3760
6,7,3,4,421,3760
6,9,3,4,421,3760
5,6,3,4,421,3760
4,5,3,4,421,3760
3,4,3,4,421,3760
2,3,3,4,421,3760
1,2,3,4,421,3760
0,1,3,4,421,3760
9,8,3,4,421,3760
8,7,3,4,421,3760
8,9,3,4,421,3760
7,6,3,4,421,3760
7,9,3,4,421,3760
6,5,3,4,421,3760
5,4,3,4,421,3760
4,3,3,4,421,3760
3,2,3,4,421,3760
2,1,3,4,421,3760
1,0,3,4,421,3760
0,9,3,4,422,3399
1,9,3,4,422,3399
0,8,3,4,422,3399
2,9,3,4,422,3399
1,8,3,4,422,3399
0,7,3,4,422,3399
3,9,3,4,422,3399
2,8,3,4,422,3399
1,7,3,4,422,3399
0,6,3,4,422,3399
4,9,3,4,422,3399
3,8,3,4,422,3399
2,7,3,4,422,3399
1,6,3,4,422,3399
0,5,3,4,422,3399
5,9,3,4,422,3399
4,8,3,4,422,3399
3,7,3,4,422,3399
2,6,3,4,422,3399
1,5,3,4,422,3399
0,4,3,4,422,3399
6,9,3,4,422,3399
5,8,3,4,422,3399
4,7,3,4,422,3399
3,6,3,4,422,3399
2,5,3,4,422,3399
1,4,3,4,422,3399
0,3,3,4,422,3399
8,9,3,4,422,3399
7,8,3,4,422,3399
7,9,3,4,422,3399
6,7,3,4,422,3399
6,8,3,4,422,3399
5,6,3,4,422,3399
5,7,3,4,422,3399
4,5,3,4,422,3399
4,6,3,4,422,3399
3,4,3,4,422,3399
3,5,3,4,422,3399
2,3,3,4,422,3399
2,4,3,4,422,3399
1,2,3,4,422,3399
1,3,3,4,422,3399
0,7,3,4,423,4435
1,7,3,4,423,4435
0,6,3,4,423,4435
0,8,3,4,423,4435
2,7,3,4,423,4435
1,6,3,4,423,4435
1,8,3,4,423,4435
0,5,3,4,423,4435
0,9,3,4,423,4435
3,7,3,4,423,4435
2,6,3,4,423,4435
2,8,3,4,423,4435
1,5,3,4,423,4435
1,9,3,4,423,4435
0,4,3,4,423,4435
4,7,3,4,423,4435
3,6,3,4,423,4435
3,8,3,4,423,4435
2,5,3,4,423,4435
2,9,3,4,423,4435
1,4,3,4,423,4435
0,3,3,4,423,4435
5,7,3,4,423,4435
4,6,3,4,423,4435
4,8,3,4,423,4435
3,5,3,4,423,4435
3,9,3,4,423,4435
2,4,3,4,423,4435
1,3,3,4,423,4435
0,2,3,4,423,4435
6,7,3,4,423,4435
5,6,3,4,423,4435
5,8,3,4,423,4435
4,5,3,4,423,4435
4,9,3,4,423,4435
3,4,3,4,423,4435
2,3,3,4,423,4435
1,2,3,4,423,4435
0,1,3,4,423,4435
7,7,3,4,423,4435
6,6,3,4,423,4435
6,8,3,4,423,4435
5,5,3,4,423,4435
5,9,3,4,423,4435
4,4,3,4,423,4435
3,3,3,4,423,4435
2,2,3,4,423,4435
1,1,3,4,423,4435
0,0,3,4,423,4435
8,7,3,4,423,4435
7,6,3,4,423,4435
7,8,3,4,423,4435
6,5,3,4,423,4435
6,9,3,4,423,4435
5,4,3,4,423,4435
4,3,3,4,423,4435
3,2,3,4,423,4435
2,1,3,4,423,4435
1,0,3,4,423,4435
9,7,3,4,423,4435
8,6,3,4,423,4435
8,8,3,4,423,4435
7,5,3,4,423,4435
7,9,3,4,423,4435
6,4,3,4,423,4435
5,3,3,4,423,4435
4,2,3,4,423,4435
3,1,3,4,423,4435
2,0,3,4,423,4435
9,6,3,4,423,4435
9,8,3,4,423,4435
8,5,3,4,423,4435
8,9,3,4,423,4435
7,4,3,4,423,4435
6,3,3,4,423,4435
5,2,3,4,423,4435
4,1,3,4,423,4435
3,0,3,4,423,4435
0,8,3,4,424,4108
1,8,3,4,424,4108
0,7,3,4,424,4108
0,9,3,4,424,4108
2,8,3,4,424,4108
1,7,3,4,424,4108
1,9,3,4,424,4108
0,6,3,4,424,4108
3,8,3,4,424,4108
2,7,3,4,424,4108
2,9,3,4,424,4108
1,6,3,4,424,4108
0,5,3,4,424,4108
4,8,3,4,424,4108
3,7,3,4,424,4108
3,9,3,4,424,4108
2,6,3,4,424,4108
1,5,3,4,424,4108
0,4,3,4,424,4108
5,8,3,4,424,4108
4,7,3,4,424,4108
4,9,3,4,424,4108
3,6,3,4,424,4108
2,5,3,4,424,4108
1,4,3,4,424,4108
0,3,3,4,424,4108
6,8,3,4,424,4108
5,7,3,4,424,4108
5,9,3,4,424,4108
4,6,3,4,424,4108
3,5,3,4,424,4108
2,4,3,4,424,4108
1,3,3,4,424,4108
0,2,3,4,424,4108
7,8,3,4,424,4108
6,7,3,4,424,4108
6,9,3,4,424,4108
5,6,3,4,424,4108
4,5,3,4,424,4108
3,4,3,4,424,4108
2,3,3,4,424,4108
1,2,3,4,424,4108
0,1,3,4,424,4108
8,8,3,4,424,4108
7,7,3,4,424,4108
7,9,3,4,424,4108
6,6,3,4,424,4108
5,5,3,4,424,4108
4,4,3,4,424,4108
3,3,3,4,424,4108
2,2,3,4,424,4108
1,1,3,4,424,4108
0,0,3,4,424,4108
9,8,3,4,424,4108
8,7,3,4,424,4108
8,9,3,4,424,4108
7,6,3,4,424,4108
6,5,3,4,424,4108
5,4,3,4,424,4108
4,3,3,4,424,4108
3,2,3,4,424,4108
2,1,3,4,424,4108
1,0,3,4,424,4108
2,5,9,8,425,2574
4,5,9,8,425,2574
3,4,9,8,425,2574
3,6,9,8,425,2574
6,5,9,8,425,2574
5,4,9,8,425,2574
5,6,9,8,425,2574
4,3,9,8,425,2574
4,7,9,8,425,2574
8,5,9,8,425,2574
7,4,9,8,425,2574
7,6,9,8,425,2574
6,3,9,8,425,2574
6,7,9,8,425,2574
5,2,9,8,425,2574
5,8,9,8,425,2574
9,5,9,8,425,2574
9,4,9,8,425,2574
9,6,9,8,425,2574
8,3,9,8,425,2574
8,7,9,8,425,2574
7,2,9,8,425,2574
7,8,9,8,425,2574
6,1,9,8,425,2574
6,9,9,8,425,2574
7,5,9,8,425,2574
8,4,9,8,425,2574
8,6,9,8,425,2574
9,3,9,8,425,2574
9,7,9,8,425,2574
9,2,9,8,425,2574
9,8,9,8,425,2574
8,1,9,8,425,2574
8,9,9,8,425,2574
7,0,9,8,425,2574
7,9,9,8,425,2574
0,5,9,8,426,2992
2,5,9,8,426,2992
1,4,9,8,426,2992
1,6,9,8,426,2992
4,5,9,8,426,2992
3,4,9,8,426,2992
3,6,9,8,426,2992
2,3,9,8,426,2992
2,7,9,8,426,2992
6,5,9,8,426,2992
5,4,9,8,426,2992
5,6,9,8,426,2992
4,3,9,8,426,2992
4,7,9,8,426,2992
3,2,9,8,426,2992
3,8,9,8,426,2992
8,5,9,8,426,2992
7,4,9,8,426,2992
7,6,9,8,426,2992
6,3,9,8,426,2992
6,7,9,8,426,2992
5,2,9,8,426,2992
5,8,9,8,426,2992
4,1,9,8,426,2992
4,9,9,8,426,2992
9,5,9,8,426,2992
9,4,9,8,426,2992
9,6,9,8,426,2992
8,3,9,8,426,2992
8,7,9,8,426,2992
7,2,9,8,426,2992
7,8,9,8,426,2992
6,1,9,8,426,2992
6,9,9,8,426,2992
5,0,9,8,426,2992
5,9,9,8,426,2992
7,5,9,8,426,2992
8,4,9,8,426,2992
8,6,9,8,426,2992
9,3,9,8,426,2992
9,7,9,8,426,2992
9,2,9,8,426,2992
9,8,9,8,426,2992
8,1,9,8,426,2992
8,9,9,8,426,2992
7,0,9,8,426,2992
7,9,9,8,426,2992
6,0,9,8,426,2992
6,8,9,8,426,2992
0,6,5,4,427,2991
1,6,5,4,427,2991
0,5,5,4,427,2991
0,7,5,4,427,2991
3,6,5,4,427,2991
2,5,5,4,427,2991
2,7,5,4,427,2991
1,4,5,4,427,2991
1,8,5,4,427,2991
5,6,5,4,427,2991
4,5,5,4,427,2991
4,7,5,4,427,2991
3,4,5,4,427,2991
3,8,5,4,427,2991
2,3,5,4,427,2991
2,9,5,4,427,2991
7,6,5,4,427,2991
6,5,5,4,427,2991
6,7,5,4,427,2991
5,4,5,4,427,2991
5,8,5,4,427,2991
4,3,5,4,427,2991
4,9,5,4,427,2991
3,2,5,4,427,2991
3,9,5,4,427,2991
9,6,5,4,427,2991
8,5,5,4,427,2991
8,7,5,4,427,2991
7,4,5,4,427,2991
7,8,5,4,427,2991
6,3,5,4,427,2991
6,9,5,4,427,2991
5,2,5,4,427,2991
5,9,5,4,427,2991
4,1,5,4,427,2991
4,8,5,4,427,2991
8,6,5,4,427,2991
9,5,5,4,427,2991
9,7,5,4,427,2991
9,4,5,4,427,2991
9,8,5,4,427,2991
8,3,5,4,427,2991
8,9,5,4,427,2991
7,2,5,4,427,2991
7,9,5,4,427,2991
6,1,5,4,427,2991
6,8,5,4,427,2991
5,0,5,4,427,2991
5,7,5,4,427,2991
0,7,5,4,428,2992
1,7,5,4,428,2992
0,6,5,4,428,2992
0,8,5,4,428,2992
2,7,5,4,428,2992
1,6,5,4,428,2992
1,8,5,4,428,2992
0,5,5,4,428,2992
0,9,5,4,428,2992
4,7,5,4,428,2992
3,6,5,4,428,2992
3,8,5,4,428,2992
2,5,5,4,428,2992
2,9,5,4,428,2992
1,4,5,4,428,2992
1,9,5,4,428,2992
6,7,5,4,428,2992
5,6,5,4,428,2992
5,8,5,4,428,2992
4,5,5,4,428,2992
4,9,5,4,428,2992
3,4,5,4,428,2992
3,9,5,4,428,2992
2,3,5,4,428,2992
2,8,5,4,428,2992
8,7,5,4,428,2992
7,6,5,4,428,2992
7,8,5,4,428,2992
6,5,5,4,428,2992
6,9,5,4,428,2992
5,4,5,4,428,2992
5,9,5,4,428,2992
4,3,5,4,428,2992
4,8,5,4,428,2992
3,2,5,4,428,2992
3,7,5,4,428,2992
9,7,5,4,428,2992
9,6,5,4,428,2992
9,8,5,4,428,2992
8,5,5,4,428,2992
8,9,5,4,428,2992
7,4,5,4,428,2992
7,9,5,4,428,2992
6,3,5,4,428,2992
6,8,5,4,428,2992
5,2,5,4,428,2992
5,7,5,4,428,2992
4,1,5,4,428,2992
4,6,5,4,428,2992
0,8,3,4,429,2571
1,8,3,4,429,2571
0,7,3,4,429,2571
0,9,3,4,429,2571
3,8,3,4,429,2571
2,7,3,4,429,2571
2,9,3,4,429,2571
1,6,3,4,429,2571
1,9,3,4,429,2571
5,8,3,4,429,2571
4,7,3,4,429,2571
4,9,3,4,429,2571
3,6,3,4,429,2571
3,9,3,4,429,2571
2,5,3,4,429,2571
2,8,3,4,429,2571
7,8,3,4,429,2571
6,7,3,4,429,2571
6,9,3,4,429,2571
5,6,3,4,429,2571
5,9,3,4,429,2571
4,5,3,4,429,2571
4,8,3,4,429,2571
3,4,3,4,429,2571
3,7,3,4,429,2571
9,8,3,4,429,2571
8,7,3,4,429,2571
8,9,3,4,429,2571
7,6,3,4,429,2571
7,9,3,4,429,2571
6,5,3,4,429,2571
6,8,3,4,429,2571
5,4,3,4,429,2571
5,7,3,4,429,2571
4,3,3,4,429,2571
4,6,3,4,429,2571
0,8,5,4,430,2991
1,8,5,4,430,2991
0,7,5,4,430,2991
0,9,5,4,430,2991
2,8,5,4,430,2991
1,7,5,4,430,2991
1,9,5,4,430,2991
0,6,5,4,430,2991
3,8,5,4,430,2991
2,7,5,4,430,2991
2,9,5,4,430,2991
1,6,5,4,430,2991
0,5,5,4,430,2991
5,8,5,4,430,2991
4,7,5,4,430,2991
4,9,5,4,430,2991
3,6,5,4,430,2991
3,9,5,4,430,2991
2,5,5,4,430,2991
1,4,5,4,430,2991
7,8,5,4,430,2991
6,7,5,4,430,2991
6,9,5,4,430,2991
5,6,5,4,430,2991
5,9,5,4,430,2991
4,5,5,4,430,2991
4,8,5,4,430,2991
3,4,5,4,430,2991
3,7,5,4,430,2991
2,3,5,4,430,2991
2,6,5,4,430,2991
9,8,5,4,430,2991
8,7,5,4,430,2991
8,9,5,4,430,2991
7,6,5,4,430,2991
7,9,5,4,430,2991
6,5,5,4,430,2991
6,8,5,4,430,2991
5,4,5,4,430,2991
5,7,5,4,430,2991
4,3,5,4,430,2991
4,6,5,4,430,2991
3,2,5,4,430,2991
3,5,5,4,430,2991
0,9,3,4,431,2572
1,9,3,4,431,2572
0,8,3,4,431,2572
2,9,3,4,431,2572
1,8,3,4,431,2572
0,7,3,4,431,2572
4,9,3,4,431,2572
3,8,3,4,431,2572
3,9,3,4,431,2572
2,7,3,4,431,2572
2,8,3,4,431,2572
1,6,3,4,431,2572
1,7,3,4,431,2572
6,9,3,4,431,2572
5,8,3,4,431,2572
5,9,3,4,431,2572
4,7,3,4,431,2572
4,8,3,4,431,2572
3,6,3,4,431,2572
3,7,3,4,431,2572
2,5,3,4,431,2572
2,6,3,4,431,2572
8,9,3,4,431,2572
7,8,3,4,431,2572
7,9,3,4,431,2572
6,7,3,4,431,2572
6,8,3,4,431,2572
5,6,3,4,431,2572
5,7,3,4,431,2572
4,5,3,4,431,2572
4,6,3,4,431,2572
3,4,3,4,431,2572
3,5,3,4,431,2572
0,9,3,4,432,3000
1,9,3,4,432,3000
0,8,3,4,432,3000
2,9,3,4,432,3000
1,8,3,4,432,3000
0,7,3,4,432,3000
3,9,3,4,432,3000
2,8,3,4,432,3000
1,7,3,4,432,3000
0,6,3,4,432,3000
4,9,3,4,432,3000
3,8,3,4,432,3000
2,7,3,4,432,3000
1,6,3,4,432,3000
0,5,3,4,432,3000
6,9,3,4,432,3000
5,8,3,4,432,3000
5,9,3,4,432,3000
4,7,3,4,432,3000
4,8,3,4,432,3000
3,6,3,4,432,3000
3,7,3,4,432,3000
2,5,3,4,432,3000
2,6,3,4,432,3000
1,4,3,4,432,3000
1,5,3,4,432,3000
8,9,3,4,432,3000
7,8,3,4,432,3000
7,9,3,4,432,3000
6,7,3,4,432,3000
6,8,3,4,432,3000
5,6,3,4,432,3000
5,7,3,4,432,3000
4,5,3,4,432,3000
4,6,3,4,432,3000
3,4,3,4,432,3000
3,5,3,4,432,3000
2,3,3,4,432,3000
2,4,3,4,432,3000
3,6,9,8,433,2128
5,6,9,8,433,2128
4,5,9,8,433,2128
4,7,9,8,433,2128
7,6,9,8,433,2128
6,5,9,8,433,2128
6,7,9,8,433,2128
5,4,9,8,433,2128
5,8,9,8,433,2128
9,6,9,8,433,2128
8,5,9,8,433,2128
8,7,9,8,433,2128
7,4,9,8,433,2128
7,8,9,8,433,2128
6,3,9,8,433,2128
6,9,9,8,433,2128
8,6,9,8,433,2128
9,5,9,8,433,2128
9,7,9,8,433,2128
9,4,9,8,433,2128
9,8,9,8,433,2128
8,3,9,8,433,2128
8,9,9,8,433,2128
7,2,9,8,433,2128
7,9,9,8,433,2128
2,7,8,9,434,2128
4,7,8,9,434,2128
3,6,8,9,434,2128
3,8,8,9,434,2128
6,7,8,9,434,2128
5,6,8,9,434,2128
5,8,8,9,434,2128
4,5,8,9,434,2128
4,9,8,9,434,2128
8,7,8,9,434,2128
7,6,8,9,434,2128
7,8,8,9,434,2128
6,5,8,9,434,2128
6,9,8,9,434,2128
5,4,8,9,434,2128
5,9,8,9,434,2128
9,7,8,9,434,2128
9,6,8,9,434,2128
9,8,8,9,434,2128
8,5,8,9,434,2128
8,9,8,9,434,2128
7,4,8,9,434,2128
7,9,8,9,434,2128
6,3,8,9,434,2128
6,8,8,9,434,2128
5,6,9,8,435,1650
7,6,9,8,435,1650
6,5,9,8,435,1650
6,7,9,8,435,1650
9,6,9,8,435,1650
8,5,9,8,435,1650
8,7,9,8,435,1650
7,4,9,8,435,1650
7,8,9,8,435,1650
8,6,9,8,435,1650
9,5,9,8,435,1650
9,7,9,8,435,1650
9,4,9,8,435,1650
9,8,9,8,435,1650
8,3,9,8,435,1650
8,9,9,8,435,1650
3,8,8,9,436,1650
5,8,8,9,436,1650
4,7,8,9,436,1650
4,9,8,9,436,1650
7,8,8,9,436,1650
6,7,8,9,436,1650
6,9,8,9,436,1650
5,6,8,9,436,1650
5,9,8,9,436,1650
9,8,8,9,436,1650
8,7,8,9,436,1650
8,9,8,9,436,1650
7,6,8,9,436,1650
7,9,8,9,436,1650
6,5,8,9,436,1650
6,8,8,9,436,1650
7,6,9,8,437,1136
9,6,9,8,437,1136
8,5,9,8,437,1136
8,7,9,8,437,1136
8,6,9,8,437,1136
9,5,9,8,437,1136
9,7,9,8,437,1136
9,4,9,8,437,1136
9,8,9,8,437,1136
6,7,9,8,393,1138
8,7,9,8,393,1138
7,6,9,8,393,1138
7,8,9,8,393,1138
9,7,9,8,393,1138
9,6,9,8,393,1138
9,8,9,8,393,1138
8,5,9,8,393,1138
8,9,9,8,393,1138
4,9,8,9,438,1136
6,9,8,9,438,1136
5,8,8,9,438,1136
5,9,8,9,438,1136
8,9,8,9,438,1136
7,8,8,9,438,1136
7,9,8,9,438,1136
6,7,8,9,438,1136
6,8,8,9,438,1136
8,7,9,8,395,588
9,7,9,8,395,588
9,6,9,8,395,588
9,8,9,8,395,588
7,8,8,9,7,588
9,8,8,9,7,588
8,7,8,9,7,588
8,9,8,9,7,588
6,9,8,9,165,588
8,9,8,9,165,588
7,8,8,9,165,588
7,9,8,9,165,588
9,8,9,8,0,0
8,9,8,9,0,0
0,0,6,4,439,4439
1,0,6,4,439,4439
0,1,6,4,439,4439
2,0,6,4,439,4439
1,1,6,4,439,4439
0,2,6,4,439,4439
4,0,6,4,439,4439
3,0,6,4,439,4439
3,1,6,4,439,4439
2,1,6,4,439,4439
2,2,6,4,439,4439
1,2,6,4,439,4439
1,3,6,4,439,4439
6,0,6,4,439,4439
5,0,6,4,439,4439
5,1,6,4,439,4439
4,1,6,4,439,4439
4,2,6,4,439,4439
3,2,6,4,439,4439
3,3,6,4,439,4439
2,3,6,4,439,4439
2,4,6,4,439,4439
8,0,6,4,439,4439
7,0,6,4,439,4439
7,1,6,4,439,4439
6,1,6,4,439,4439
6,2,6,4,439,4439
5,2,6,4,439,4439
5,3,6,4,439,4439
4,3,6,4,439,4439
4,4,6,4,439,4439
3,4,6,4,439,4439
3,5,6,4,439,4439
9,0,6,4,439,4439
9,1,6,4,439,4439
8,1,6,4,439,4439
8,2,6,4,439,4439
7,2,6,4,439,4439
7,3,6,4,439,4439
6,3,6,4,439,4439
6,4,6,4,439,4439
5,4,6,4,439,4439
5,5,6,4,439,4439
4,5,6,4,439,4439
4,6,6,4,439,4439
9,2,6,4,439,4439
9,3,6,4,439,4439
8,3,6,4,439,4439
8,4,6,4,439,4439
7,4,6,4,439,4439
7,5,6,4,439,4439
6,5,6,4,439,4439
6,6,6,4,439,4439
5,6,6,4,439,4439
5,7,6,4,439,4439
9,4,6,4,439,4439
9,5,6,4,439,4439
8,5,6,4,439,4439
8,6,6,4,439,4439
7,6,6,4,439,4439
7,7,6,4,439,4439
6,7,6,4,439,4439
6,8,6,4,439,4439
9,6,6,4,439,4439
9,7,6,4,439,4439
8,7,6,4,439,4439
8,8,6,4,439,4439
7,8,6,4,439,4439
7,9,6,4,439,4439
9,8,6,4,439,4439
9,9,6,4,439,4439
8,9,6,4,439,4439
0,0,4,4,440,4117
2,0,4,4,440,4117
1,0,4,4,440,4117
1,1,4,4,440,4117
4,0,4,4,440,4117
3,0,4,4,440,4117
3,1,4,4,440,4117
2,1,4,4,440,4117
2,2,4,4,440,4117
6,0,4,4,440,4117
5,0,4,4,440,4117
5,1,4,4,440,4117
4,1,4,4,440,4117
4,2,4,4,440,4117
3,2,4,4,440,4117
3,3,4,4,440,4117
8,0,4,4,440,4117
7,0,4,4,440,4117
7,1,4,4,440,4117
6,1,4,4,440,4117
6,2,4,4,440,4117
5,2,4,4,440,4117
5,3,4,4,440,4117
4,3,4,4,440,4117
4,4,4,4,440,4117
9,0,4,4,440,4117
9,1,4,4,440,4117
8,1,4,4,440,4117
8,2,4,4,440,4117
7,2,4,4,440,4117
7,3,4,4,440,4117
6,3,4,4,440,4117
6,4,4,4,440,4117
5,4,4,4,440,4117
5,5,4,4,440,4117
9,2,4,4,440,4117
9,3,4,4,440,4117
8,3,4,4,440,4117
8,4,4,4,440,4117
7,4,4,4,440,4117
7,5,4,4,440,4117
6,5,4,4,440,4117
6,6,4,4,440,4117
9,4,4,4,440,4117
9,5,4,4,440,4117
8,5,4,4,440,4117
8,6,4,4,440,4117
7,6,4,4,440,4117
7,7,4,4,440,4117
9,6,4,4,440,4117
9,7,4,4,440,4117
8,7,4,4,440,4117
8,8,4,4,440,4117
9,8,4,4,440,4117
9,9,4,4,440,4117
1,1,4,2,441,3768
3,1,4,2,441,3768
2,0,4,2,441,3768
2,2,4,2,441,3768
5,1,4,2,441,3768
4,0,4,2,441,3768
4,2,4,2,441,3768
3,0,4,2,441,3768
3,3,4,2,441,3768
7,1,4,2,441,3768
6,0,4,2,441,3768
6,2,4,2,441,3768
5,0,4,2,441,3768
5,3,4,2,441,3768
4,1,4,2,441,3768
4,4,4,2,441,3768
9,1,4,2,441,3768
8,0,4,2,441,3768
8,2,4,2,441,3768
7,0,4,2,441,3768
7,3,4,2,441,3768
6,1,4,2,441,3768
6,4,4,2,441,3768
5,2,4,2,441,3768
5,5,4,2,441,3768
8,1,4,2,441,3768
9,0,4,2,441,3768
9,2,4,2,441,3768
9,3,4,2,441,3768
8,4,4,2,441,3768
7,2,4,2,441,3768
7,5,4,2,441,3768
6,3,4,2,441,3768
6,6,4,2,441,3768
8,3,4,2,441,3768
9,4,4,2,441,3768
9,5,4,2,441,3768
8,6,4,2,441,3768
7,4,4,2,441,3768
7,7,4,2,441,3768
8,5,4,2,441,3768
9,6,4,2,441,3768
9,7,4,2,441,3768
8,8,4,2,441,3768
2,1,4,2,441,3768
3,2,4,2,441,3768
4,3,4,2,441,3768
5,4,4,2,441,3768
6,5,4,2,441,3768
7,6,4,2,441,3768
8,7,4,2,441,3768
9,8,4,2,441,3768
9,9,4,2,441,3768
0,1,4,4,442,4112
1,1,4,4,442,4112
0,0,4,4,442,4112
0,2,4,4,442,4112
3,1,4,4,442,4112
2,0,4,4,442,4112
2,2,4,4,442,4112
1,0,4,4,442,4112
1,3,4,4,442,4112
5,1,4,4,442,4112
4,0,4,4,442,4112
4,2,4,4,442,4112
3,0,4,4,442,4112
3,3,4,4,442,4112
2,1,4,4,442,4112
2,4,4,4,442,4112
7,1,4,4,442,4112
6,0,4,4,442,4112
6,2,4,4,442,4112
5,0,4,4,442,4112
5,3,4,4,442,4112
4,1,4,4,442,4112
4,4,4,4,442,4112
3,2,4,4,442,4112
3,5,4,4,442,4112
9,1,4,4,442,4112
8,0,4,4,442,4112
8,2,4,4,442,4112
7,0,4,4,442,4112
7,3,4,4,442,4112
6,1,4,4,442,4112
6,4,4,4,442,4112
5,2,4,4,442,4112
5,5,4,4,442,4112
4,3,4,4,442,4112
4,6,4,4,442,4112
8,1,4,4,442,4112
9,0,4,4,442,4112
9,2,4,4,442,4112
9,3,4,4,442,4112
8,4,4,4,442,4112
7,2,4,4,442,4112
7,5,4,4,442,4112
6,3,4,4,442,4112
6,6,4,4,442,4112
5,4,4,4,442,4112
5,7,4,4,442,4112
8,3,4,4,442,4112
9,4,4,4,442,4112
9,5,4,4,442,4112
8,6,4,4,442,4112
7,4,4,4,442,4112
7,7,4,4,442,4112
6,5,4,4,442,4112
6,8,4,4,442,4112
8,5,4,4,442,4112
9,6,4,4,442,4112
9,7,4,4,442,4112
8,8,4,4,442,4112
7,6,4,4,442,4112
7,9,4,4,442,4112
8,7,4,4,442,4112
9,8,4,4,442,4112
9,9,4,4,442,4112
8,9,4,4,442,4112
0,1,6,4,443,4432
1,1,6,4,443,4432
0,0,6,4,443,4432
0,2,6,4,443,4432
2,1,6,4,443,4432
1,0,6,4,443,4432
1,2,6,4,443,4432
0,3,6,4,443,4432
3,1,6,4,443,4432
2,0,6,4,443,4432
2,2,6,4,443,4432
1,3,6,4,443,4432
0,4,6,4,443,4432
5,1,6,4,443,4432
4,0,6,4,443,4432
4,2,6,4,443,4432
3,0,6,4,443,4432
3,3,6,4,443,4432
2,4,6,4,443,4432
1,5,6,4,443,4432
7,1,6,4,443,4432
6,0,6,4,443,4432
6,2,6,4,443,4432
5,0,6,4,443,4432
5,3,6,4,443,4432
4,1,6,4,443,4432
4,4,6,4,443,4432
3,2,6,4,443,4432
3,5,6,4,443,4432
2,3,6,4,443,4432
2,6,6,4,443,4432
9,1,6,4,443,4432
8,0,6,4,443,4432
8,2,6,4,443,4432
7,0,6,4,443,4432
7,3,6,4,443,4432
6,1,6,4,443,4432
6,4,6,4,443,4432
5,2,6,4,443,4432
5,5,6,4,443,4432
4,3,6,4,443,4432
4,6,6,4,443,4432
3,4,6,4,443,4432
3,7,6,4,443,4432
8,1,6,4,443,4432
9,0,6,4,443,4432
9,2,6,4,443,4432
9,3,6,4,443,4432
8,4,6,4,443,4432
7,2,6,4,443,4432
7,5,6,4,443,4432
6,3,6,4,443,4432
6,6,6,4,443,4432
5,4,6,4,443,4432
5,7,6,4,443,4432
4,5,6,4,443,4432
4,8,6,4,443,4432
8,3,6,4,443,4432
9,4,6,4,443,4432
9,5,6,4,443,4432
8,6,6,4,443,4432
7,4,6,4,443,4432
7,7,6,4,443,4432
6,5,6,4,443,4432
6,8,6,4,443,4432
5,6,6,4,443,4432
5,9,6,4,443,4432
8,5,6,4,443,4432
9,6,6,4,443,4432
9,7,6,4,443,4432
8,8,6,4,443,4432
7,6,6,4,443,4432
7,9,6,4,443,4432
6,7,6,4,443,4432
6,9,6,4,443,4432
8,7,6,4,443,4432
9,8,6,4,443,4432
9,9,6,4,443,4432
8,9,6,4,443,4432
7,8,6,4,443,4432
0,3,9,9,444,4083
1,3,9,9,444,4083
0,2,9,9,444,4083
0,4,9,9,444,4083
2,3,9,9,444,4083
1,2,9,9,444,4083
1,4,9,9,444,4083
0,1,9,9,444,4083
0,5,9,9,444,4083
3,3,9,9,444,4083
2,2,9,9,444,4083
2,4,9,9,444,4083
1,1,9,9,444,4083
1,5,9,9,444,4083
0,0,9,9,444,4083
0,6,9,9,444,4083
5,3,9,9,444,4083
4,2,9,9,444,4083
4,4,9,9,444,4083
3,1,9,9,444,4083
3,5,9,9,444,4083
2,0,9,9,444,4083
2,6,9,9,444,4083
1,0,9,9,444,4083
1,7,9,9,444,4083
7,3,9,9,444,4083
6,2,9,9,444,4083
6,4,9,9,444,4083
5,1,9,9,444,4083
5,5,9,9,444,4083
4,0,9,9,444,4083
4,6,9,9,444,4083
3,0,9,9,444,4083
3,7,9,9,444,4083
2,1,9,9,444,4083
2,8,9,9,444,4083
9,3,9,9,444,4083
8,2,9,9,444,4083
8,4,9,9,444,4083
7,1,9,9,444,4083
7,5,9,9,444,4083
6,0,9,9,444,4083
6,6,9,9,444,4083
5,0,9,9,444,4083
5,7,9,9,444,4083
4,1,9,9,444,4083
4,8,9,9,444,4083
3,2,9,9,444,4083
3,9,9,9,444,4083
8,3,9,9,444,4083
9,2,9,9,444,4083
9,4,9,9,444,4083
9,1,9,9,444,4083
9,5,9,9,444,4083
8,0,9,9,444,4083
8,6,9,9,444,4083
7,0,9,9,444,4083
7,7,9,9,444,4083
6,1,9,9,444,4083
6,8,9,9,444,4083
5,2,9,9,444,4083
5,9,9,9,444,4083
4,3,9,9,444,4083
4,9,9,9,444,4083
6,3,9,9,444,4083
7,2,9,9,444,4083
7,4,9,9,444,4083
8,1,9,9,444,4083
8,5,9,9,444,4083
9,0,9,9,444,4083
9,6,9,9,444,4083
9,7,9,9,444,4083
8,8,9,9,444,4083
7,9,9,9,444,4083
6,9,9,9,444,4083
5,4,9,9,444,4083
5,8,9,9,444,4083
6,5,9,9,444,4083
7,6,9,9,444,4083
8,7,9,9,444,4083
9,8,9,9,444,4083
9,9,9,9,444,4083
8,9,9,9,444,4083
7,8,9,9,444,4083
6,7,9,9,444,4083
0,4,9,9,445,3744
1,4,9,9,445,3744
0,3,9,9,445,3744
0,5,9,9,445,3744
2,4,9,9,445,3744
1,3,9,9,445,3744
1,5,9,9,445,3744
0,2,9,9,445,3744
0,6,9,9,445,3744
4,4,9,9,445,3744
3,3,9,9,445,3744
3,5,9,9,445,3744
2,2,9,9,445,3744
2,6,9,9,445,3744
1,1,9,9,445,3744
1,7,9,9,445,3744
6,4,9,9,445,3744
5,3,9,9,445,3744
5,5,9,9,445,3744
4,2,9,9,445,3744
4,6,9,9,445,3744
3,1,9,9,445,3744
3,7,9,9,445,3744
2,0,9,9,445,3744
2,8,9,9,445,3744
8,4,9,9,445,3744
7,3,9,9,445,3744
7,5,9,9,445,3744
6,2,9,9,445,3744
6,6,9,9,445,3744
5,1,9,9,445,3744
5,7,9,9,445,3744
4,0,9,9,445,3744
4,8,9,9,445,3744
3,0,9,9,445,3744
3,9,9,9,445,3744
9,4,9,9,445,3744
9,3,9,9,445,3744
9,5,9,9,445,3744
8,2,9,9,445,3744
8,6,9,9,445,3744
7,1,9,9,445,3744
7,7,9,9,445,3744
6,0,9,9,445,3744
6,8,9,9,445,3744
5,0,9,9,445,3744
5,9,9,9,445,3744
4,1,9,9,445,3744
4,9,9,9,445,3744
7,4,9,9,445,3744
8,3,9,9,445,3744
8,5,9,9,445,3744
9,2,9,9,445,3744
9,6,9,9,445,3744
9,1,9,9,445,3744
9,7,9,9,445,3744
8,0,9,9,445,3744
8,8,9,9,445,3744
7,0,9,9,445,3744
7,9,9,9,445,3744
6,1,9,9,445,3744
6,9,9,9,445,3744
5,2,9,9,445,3744
5,8,9,9,445,3744
5,4,9,9,445,3744
6,3,9,9,445,3744
6,5,9,9,445,3744
7,2,9,9,445,3744
7,6,9,9,445,3744
8,1,9,9,445,3744
8,7,9,9,445,3744
9,0,9,9,445,3744
9,8,9,9,445,3744
9,9,9,9,445,3744
8,9,9,9,445,3744
7,8,9,9,445,3744
6,7,9,9,445,3744
0,4,9,9,446,4085
1,4,9,9,446,4085
0,3,9,9,446,4085
0,5,9,9,446,4085
2,4,9,9,446,4085
1,3,9,9,446,4085
1,5,9,9,446,4085
0,2,9,9,446,4085
0,6,9,9,446,4085
3,4,9,9,446,4085
2,3,9,9,446,4085
2,5,9,9,446,4085
1,2,9,9,446,4085
1,6,9,9,446,4085
0,1,9,9,446,4085
0,7,9,9,446,4085
4,4,9,9,446,4085
3,3,9,9,446,4085
3,5,9,9,446,4085
2,2,9,9,446,4085
2,6,9,9,446,4085
1,1,9,9,446,4085
1,7,9,9,446,4085
0,0,9,9,446,4085
0,8,9,9,446,4085
6,4,9,9,446,4085
5,3,9,9,446,4085
5,5,9,9,446,4085
4,2,9,9,446,4085
4,6,9,9,446,4085
3,1,9,9,446,4085
3,7,9,9,446,4085
2,0,9,9,446,4085
2,8,9,9,446,4085
1,0,9,9,446,4085
1,9,9,9,446,4085
8,4,9,9,446,4085
7,3,9,9,446,4085
7,5,9,9,446,4085
6,2,9,9,446,4085
6,6,9,9,446,4085
5,1,9,9,446,4085
5,7,9,9,446,4085
4,0,9,9,446,4085
4,8,9,9,446,4085
3,0,9,9,446,4085
3,9,9,9,446,4085
2,1,9,9,446,4085
2,9,9,9,446,4085
9,4,9,9,446,4085
9,3,9,9,446,4085
9,5,9,9,446,4085
8,2,9,9,446,4085
8,6,9,9,446,4085
7,1,9,9,446,4085
7,7,9,9,446,4085
6,0,9,9,446,4085
6,8,9,9,446,4085
5,0,9,9,446,4085
5,9,9,9,446,4085
4,1,9,9,446,4085
4,9,9,9,446,4085
3,2,9,9,446,4085
3,8,9,9,446,4085
7,4,9,9,446,4085
8,3,9,9,446,4085
8,5,9,9,446,4085
9,2,9,9,446,4085
9,6,9,9,446,4085
9,1,9,9,446,4085
9,7,9,9,446,4085
8,0,9,9,446,4085
8,8,9,9,446,4085
7,0,9,9,446,4085
7,9,9,9,446,4085
6,1,9,9,446,4085
6,9,9,9,446,4085
5,2,9,9,446,4085
5,8,9,9,446,4085
4,3,9,9,446,4085
4,7,9,9,446,4085
5,4,9,9,446,4085
6,3,9,9,446,4085
6,5,9,9,446,4085
7,2,9,9,446,4085
7,6,9,9,446,4085
8,1,9,9,446,4085
8,7,9,9,446,4085
9,0,9,9,446,4085
9,8,9,9,446,4085
9,9,9,9,446,4085
8,9,9,9,446,4085
7,8,9,9,446,4085
6,7,9,9,446,4085
5,6,9,9,446,4085
0,3,9,9,447,4701
1,3,9,9,447,4701
0,2,9,9,447,4701
0,4,9,9,447,4701
2,3,9,9,447,4701
1,2,9,9,447,4701
1,4,9,9,447,4701
0,1,9,9,447,4701
0,5,9,9,447,4701
3,3,9,9,447,4701
2,2,9,9,447,4701
2,4,9,9,447,4701
1,1,9,9,447,4701
1,5,9,9,447,4701
0,0,9,9,447,4701
0,6,9,9,447,4701
4,3,9,9,447,4701
3,2,9,9,447,4701
3,4,9,9,447,4701
2,1,9,9,447,4701
2,5,9,9,447,4701
1,0,9,9,447,4701
1,6,9,9,447,4701
0,7,9,9,447,4701
5,3,9,9,447,4701
4,2,9,9,447,4701
4,4,9,9,447,4701
3,1,9,9,447,4701
3,5,9,9,447,4701
2,0,9,9,447,4701
2,6,9,9,447,4701
1,7,9,9,447,4701
0,8,9,9,447,4701
6,3,9,9,447,4701
5,2,9,9,447,4701
5,4,9,9,447,4701
4,1,9,9,447,4701
4,5,9,9,447,4701
3,0,9,9,447,4701
3,6,9,9,447,4701
2,7,9,9,447,4701
1,8,9,9,447,4701
0,9,9,9,447,4701
7,3,9,9,447,4701
6,2,9,9,447,4701
6,4,9,9,447,4701
5,1,9,9,447,4701
5,5,9,9,447,4701
4,0,9,9,447,4701
4,6,9,9,447,4701
3,7,9,9,447,4701
2,8,9,9,447,4701
1,9,9,9,447,4701
9,3,9,9,447,4701
8,2,9,9,447,4701
8,4,9,9,447,4701
7,1,9,9,447,4701
7,5,9,9,447,4701
6,0,9,9,447,4701
6,6,9,9,447,4701
5,0,9,9,447,4701
5,7,9,9,447,4701
4,8,9,9,447,4701
3,9,9,9,447,4701
2,9,9,9,447,4701
8,3,9,9,447,4701
9,2,9,9,447,4701
9,4,9,9,447,4701
9,1,9,9,447,4701
9,5,9,9,447,4701
8,0,9,9,447,4701
8,6,9,9,447,4701
7,0,9,9,447,4701
7,7,9,9,447,4701
6,1,9,9,447,4701
6,8,9,9,447,4701
5,9,9,9,447,4701
4,9,9,9,447,4701
3,8,9,9,447,4701
7,2,9,9,447,4701
7,4,9,9,447,4701
8,1,9,9,447,4701
8,5,9,9,447,4701
9,0,9,9,447,4701
9,6,9,9,447,4701
9,7,9,9,447,4701
8,8,9,9,447,4701
7,9,9,9,447,4701
6,9,9,9,447,4701
5,8,9,9,447,4701
4,7,9,9,447,4701
6,5,9,9,447,4701
7,6,9,9,447,4701
8,7,9,9,447,4701
9,8,9,9,447,4701
9,9,9,9,447,4701
8,9,9,9,447,4701
7,8,9,9,447,4701
6,7,9,9,447,4701
5,6,9,9,447,4701
0,4,9,9,448,4404
1,4,9,9,448,4404
0,3,9,9,448,4404
0,5,9,9,448,4404
2,4,9,9,448,4404
1,3,9,9,448,4404
1,5,9,9,448,4404
0,2,9,9,448,4404
0,6,9,9,448,4404
3,4,9,9,448,4404
2,3,9,9,448,4404
2,5,9,9,448,4404
1,2,9,9,448,4404
1,6,9,9,448,4404
0,1,9,9,448,4404
0,7,9,9,448,4404
4,4,9,9,448,4404
3,3,9,9,448,4404
3,5,9,9,448,4404
2,2,9,9,448,4404
2,6,9,9,448,4404
1,1,9,9,448,4404
1,7,9,9,448,4404
0,0,9,9,448,4404
0,8,9,9,448,4404
5,4,9,9,448,4404
4,3,9,9,448,4404
4,5,9,9,448,4404
3,2,9,9,448,4404
3,6,9,9,448,4404
2,1,9,9,448,4404
2,7,9,9,448,4404
1,0,9,9,448,4404
1,8,9,9,448,4404
0,9,9,9,448,4404
6,4,9,9,448,4404
5,3,9,9,448,4404
5,5,9,9,448,4404
4,2,9,9,448,4404
4,6,9,9,448,4404
3,1,9,9,448,4404
3,7,9,9,448,4404
2,0,9,9,448,4404
2,8,9,9,448,4404
1,9,9,9,448,4404
8,4,9,9,448,4404
7,3,9,9,448,4404
7,5,9,9,448,4404
6,2,9,9,448,4404
6,6,9,9,448,4404
5,1,9,9,448,4404
5,7,9,9,448,4404
4,0,9,9,448,4404
4,8,9,9,448,4404
3,0,9,9,448,4404
3,9,9,9,448,4404
2,9,9,9,448,4404
9,4,9,9,448,4404
9,3,9,9,448,4404
9,5,9,9,448,4404
8,2,9,9,448,4404
8,6,9,9,448,4404
7,1,9,9,448,4404
7,7,9,9,448,4404
6,0,9,9,448,4404
6,8,9,9,448,4404
5,0,9,9,448,4404
5,9,9,9,448,4404
4,1,9,9,448,4404
4,9,9,9,448,4404
3,8,9,9,448,4404
7,4,9,9,448,4404
8,3,9,9,448,4404
8,5,9,9,448,4404
9,2,9,9,448,4404
9,6,9,9,448,4404
9,1,9,9,448,4404
9,7,9,9,448,4404
8,0,9,9,448,4404
8,8,9,9,448,4404
7,0,9,9,448,4404
7,9,9,9,448,4404
6,1,9,9,448,4404
6,9,9,9,448,4404
5,2,9,9,448,4404
5,8,9,9,448,4404
4,7,9,9,448,4404
6,3,9,9,448,4404
6,5,9,9,448,4404
7,2,9,9,448,4404
7,6,9,9,448,4404
8,1,9,9,448,4404
8,7,9,9,448,4404
9,0,9,9,448,4404
9,8,9,9,448,4404
9,9,9,9,448,4404
8,9,9,9,448,4404
7,8,9,9,448,4404
6,7,9,9,448,4404
5,6,9,9,448,4404
0,5,9,7,449,4082
1,5,9,7,449,4082
0,4,9,7,449,4082
0,6,9,7,449,4082
2,5,9,7,449,4082
1,4,9,7,449,4082
1,6,9,7,449,4082
0,3,9,7,449,4082
0,7,9,7,449,4082
3,5,9,7,449,4082
2,4,9,7,449,4082
2,6,9,7,449,4082
1,3,9,7,449,4082
1,7,9,7,449,4082
0,2,9,7,449,4082
0,8,9,7,449,4082
4,5,9,7,449,4082
3,4,9,7,449,4082
3,6,9,7,449,4082
2,3,9,7,449,4082
2,7,9,7,449,4082
1,2,9,7,449,4082
1,8,9,7,449,4082
0,1,9,7,449,4082
0,9,9,7,449,4082
5,5,9,7,449,4082
4,4,9,7,449,4082
4,6,9,7,449,4082
3,3,9,7,449,4082
3,7,9,7,449,4082
2,2,9,7,449,4082
2,8,9,7,449,4082
1,1,9,7,449,4082
1,9,9,7,449,4082
0,0,9,7,449,4082
7,5,9,7,449,4082
6,4,9,7,449,4082
6,6,9,7,449,4082
5,3,9,7,449,4082
5,7,9,7,449,4082
4,2,9,7,449,4082
4,8,9,7,449,4082
3,1,9,7,449,4082
3,9,9,7,449,4082
2,0,9,7,449,4082
2,9,9,7,449,4082
1,0,9,7,449,4082
9,5,9,7,449,4082
8,4,9,7,449,4082
8,6,9,7,449,4082
7,3,9,7,449,4082
7,7,9,7,449,4082
6,2,9,7,449,4082
6,8,9,7,449,4082
5,1,9,7,449,4082
5,9,9,7,449,4082
4,0,9,7,449,4082
4,9,9,7,449,4082
3,0,9,7,449,4082
3,8,9,7,449,4082
2,1,9,7,449,4082
8,5,9,7,449,4082
9,4,9,7,449,4082
9,6,9,7,449,4082
9,3,9,7,449,4082
9,7,9,7,449,4082
8,2,9,7,449,4082
8,8,9,7,449,4082
7,1,9,7,449,4082
7,9,9,7,449,4082
6,0,9,7,449,4082
6,9,9,7,449,4082
5,0,9,7,449,4082
5,8,9,7,449,4082
4,1,9,7,449,4082
4,7,9,7,449,4082
3,2,9,7,449,4082
6,5,9,7,449,4082
7,4,9,7,449,4082
7,6,9,7,449,4082
8,3,9,7,449,4082
8,7,9,7,449,4082
9,2,9,7,449,4082
9,8,9,7,449,4082
9,1,9,7,449,4082
9,9,9,7,449,4082
8,0,9,7,449,4082
8,9,9,7,449,4082
7,0,9,7,449,4082
7,8,9,7,449,4082
6,1,9,7,449,4082
6,7,9,7,449,4082
5,2,9,7,449,4082
5,6,9,7,449,4082
4,3,9,7,449,4082
0,6,7,5,450,3745
1,6,7,5,450,3745
0,5,7,5,450,3745
0,7,7,5,450,3745
2,6,7,5,450,3745
1,5,7,5,450,3745
1,7,7,5,450,3745
0,4,7,5,450,3745
0,8,7,5,450,3745
3,6,7,5,450,3745
2,5,7,5,450,3745
2,7,7,5,450,3745
1,4,7,5,450,3745
1,8,7,5,450,3745
0,3,7,5,450,3745
0,9,7,5,450,3745
4,6,7,5,450,3745
3,5,7,5,450,3745
3,7,7,5,450,3745
2,4,7,5,450,3745
2,8,7,5,450,3745
1,3,7,5,450,3745
1,9,7,5,450,3745
0,2,7,5,450,3745
6,6,7,5,450,3745
5,5,7,5,450,3745
5,7,7,5,450,3745
4,4,7,5,450,3745
4,8,7,5,450,3745
3,3,7,5,450,3745
3,9,7,5,450,3745
2,2,7,5,450,3745
2,9,7,5,450,3745
1,1,7,5,450,3745
8,6,7,5,450,3745
7,5,7,5,450,3745
7,7,7,5,450,3745
6,4,7,5,450,3745
6,8,7,5,450,3745
5,3,7,5,450,3745
5,9,7,5,450,3745
4,2,7,5,450,3745
4,9,7,5,450,3745
3,1,7,5,450,3745
3,8,7,5,450,3745
2,0,7,5,450,3745
9,6,7,5,450,3745
9,5,7,5,450,3745
9,7,7,5,450,3745
8,4,7,5,450,3745
8,8,7,5,450,3745
7,3,7,5,450,3745
7,9,7,5,450,3745
6,2,7,5,450,3745
6,9,7,5,450,3745
5,1,7,5,450,3745
5,8,7,5,450,3745
4,0,7,5,450,3745
4,7,7,5,450,3745
3,0,7,5,450,3745
7,6,7,5,450,3745
8,5,7,5,450,3745
8,7,7,5,450,3745
9,4,7,5,450,3745
9,8,7,5,450,3745
9,3,7,5,450,3745
9,9,7,5,450,3745
8,2,7,5,450,3745
8,9,7,5,450,3745
7,1,7,5,450,3745
7,8,7,5,450,3745
6,0,7,5,450,3745
6,7,7,5,450,3745
5,0,7,5,450,3745
5,6,7,5,450,3745
4,1,7,5,450,3745
4,5,7,5,450,3745
0,4,9,9,451,4701
1,4,9,9,451,4701
0,3,9,9,451,4701
0,5,9,9,451,4701
2,4,9,9,451,4701
1,3,9,9,451,4701
1,5,9,9,451,4701
0,2,9,9,451,4701
0,6,9,9,451,4701
3,4,9,9,451,4701
2,3,9,9,451,4701
2,5,9,9,451,4701
1,2,9,9,451,4701
1,6,9,9,451,4701
0,1,9,9,451,4701
0,7,9,9,451,4701
4,4,9,9,451,4701
3,3,9,9,451,4701
3,5,9,9,451,4701
2,2,9,9,451,4701
2,6,9,9,451,4701
1,1,9,9,451,4701
1,7,9,9,451,4701
0,0,9,9,451,4701
0,8,9,9,451,4701
5,4,9,9,451,4701
4,3,9,9,451,4701
4,5,9,9,451,4701
3,2,9,9,451,4701
3,6,9,9,451,4701
2,1,9,9,451,4701
2,7,9,9,451,4701
1,0,9,9,451,4701
1,8,9,9,451,4701
0,9,9,9,451,4701
6,4,9,9,451,4701
5,3,9,9,451,4701
5,5,9,9,451,4701
4,2,9,9,451,4701
4,6,9,9,451,4701
3,1,9,9,451,4701
3,7,9,9,451,4701
2,0,9,9,451,4701
2,8,9,9,451,4701
1,9,9,9,451,4701
7,4,9,9,451,4701
6,3,9,9,451,4701
6,5,9,9,451,4701
5,2,9,9,451,4701
5,6,9,9,451,4701
4,1,9,9,451,4701
4,7,9,9,451,4701
3,0,9,9,451,4701
3,8,9,9,451,4701
2,9,9,9,451,4701
8,4,9,9,451,4701
7,3,9,9,451,4701
7,5,9,9,451,4701
6,2,9,9,451,4701
6,6,9,9,451,4701
5,1,9,9,451,4701
5,7,9,9,451,4701
4,0,9,9,451,4701
4,8,9,9,451,4701
3,9,9,9,451,4701
9,4,9,9,451,4701
9,3,9,9,451,4701
9,5,9,9,451,4701
8,2,9,9,451,4701
8,6,9,9,451,4701
7,1,9,9,451,4701
7,7,9,9,451,4701
6,0,9,9,451,4701
6,8,9,9,451,4701
5,0,9,9,451,4701
5,9,9,9,451,4701
4,9,9,9,451,4701
8,3,9,9,451,4701
8,5,9,9,451,4701
9,2,9,9,451,4701
9,6,9,9,451,4701
9,1,9,9,451,4701
9,7,9,9,451,4701
8,0,9,9,451,4701
8,8,9,9,451,4701
7,0,9,9,451,4701
7,9,9,9,451,4701
6,1,9,9,451,4701
6,9,9,9,451,4701
5,8,9,9,451,4701
7,2,9,9,451,4701
7,6,9,9,451,4701
8,1,9,9,451,4701
8,7,9,9,451,4701
9,0,9,9,451,4701
9,8,9,9,451,4701
9,9,9,9,451,4701
8,9,9,9,451,4701
7,8,9,9,451,4701
6,7,9,9,451,4701
0,5,9,7,452,4400
1,5,9,7,452,4400
0,4,9,7,452,4400
0,6,9,7,452,4400
2,5,9,7,452,4400
1,4,9,7,452,4400
1,6,9,7,452,4400
0,3,9,7,452,4400
0,7,9,7,452,4400
3,5,9,7,452,4400
2,4,9,7,452,4400
2,6,9,7,452,4400
1,3,9,7,452,4400
1,7,9,7,452,4400
0,2,9,7,452,4400
0,8,9,7,452,4400
4,5,9,7,452,4400
3,4,9,7,452,4400
3,6,9,7,452,4400
2,3,9,7,452,4400
2,7,9,7,452,4400
1,2,9,7,452,4400
1,8,9,7,452,4400
0,1,9,7,452,4400
0,9,9,7,452,4400
5,5,9,7,452,4400
4,4,9,7,452,4400
4,6,9,7,452,4400
3,3,9,7,452,4400
3,7,9,7,452,4400
2,2,9,7,452,4400
2,8,9,7,452,4400
1,1,9,7,452,4400
1,9,9,7,452,4400
0,0,9,7,452,4400
6,5,9,7,452,4400
5,4,9,7,452,4400
5,6,9,7,452,4400
4,3,9,7,452,4400
4,7,9,7,452,4400
3,2,9,7,452,4400
3,8,9,7,452,4400
2,1,9,7,452,4400
2,9,9,7,452,4400
1,0,9,7,452,4400
7,5,9,7,452,4400
6,4,9,7,452,4400
6,6,9,7,452,4400
5,3,9,7,452,4400
5,7,9,7,452,4400
4,2,9,7,452,4400
4,8,9,7,452,4400
3,1,9,7,452,4400
3,9,9,7,452,4400
2,0,9,7,452,4400
9,5,9,7,452,4400
8,4,9,7,452,4400
8,6,9,7,452,4400
7,3,9,7,452,4400
7,7,9,7,452,4400
6,2,9,7,452,4400
6,8,9,7,452,4400
5,1,9,7,452,4400
5,9,9,7,452,4400
4,0,9,7,452,4400
4,9,9,7,452,4400
3,0,9,7,452,4400
8,5,9,7,452,4400
9,4,9,7,452,4400
9,6,9,7,452,4400
9,3,9,7,452,4400
9,7,9,7,452,4400
8,2,9,7,452,4400
8,8,9,7,452,4400
7,1,9,7,452,4400
7,9,9,7,452,4400
6,0,9,7,452,4400
6,9,9,7,452,4400
5,0,9,7,452,4400
5,8,9,7,452,4400
4,1,9,7,452,4400
7,4,9,7,452,4400
7,6,9,7,452,4400
8,3,9,7,452,4400
8,7,9,7,452,4400
9,2,9,7,452,4400
9,8,9,7,452,4400
9,1,9,7,452,4400
9,9,9,7,452,4400
8,0,9,7,452,4400
8,9,9,7,452,4400
7,0,9,7,452,4400
7,8,9,7,452,4400
6,1,9,7,452,4400
6,7,9,7,452,4400
5,2,9,7,452,4400
0,6,8,6,453,4086
1,6,8,6,453,4086
0,5,8,6,453,4086
0,7,8,6,453,4086
2,6,8,6,453,4086
1,5,8,6,453,4086
1,7,8,6,453,4086
0,4,8,6,453,4086
0,8,8,6,453,4086
3,6,8,6,453,4086
2,5,8,6,453,4086
2,7,8,6,453,4086
1,4,8,6,453,4086
1,8,8,6,453,4086
0,3,8,6,453,4086
0,9,8,6,453,4086
4,6,8,6,453,4086
3,5,8,6,453,4086
3,7,8,6,453,4086
2,4,8,6,453,4086
2,8,8,6,453,4086
1,3,8,6,453,4086
1,9,8,6,453,4086
0,2,8,6,453,4086
5,6,8,6,453,4086
4,5,8,6,453,4086
4,7,8,6,453,4086
3,4,8,6,453,4086
3,8,8,6,453,4086
2,3,8,6,453,4086
2,9,8,6,453,4086
1,2,8,6,453,4086
0,1,8,6,453,4086
6,6,8,6,453,4086
5,5,8,6,453,4086
5,7,8,6,453,4086
4,4,8,6,453,4086
4,8,8,6,453,4086
3,3,8,6,453,4086
3,9,8,6,453,4086
2,2,8,6,453,4086
1,1,8,6,453,4086
0,0,8,6,453,4086
8,6,8,6,453,4086
7,5,8,6,453,4086
7,7,8,6,453,4086
6,4,8,6,453,4086
6,8,8,6,453,4086
5,3,8,6,453,4086
5,9,8,6,453,4086
4,2,8,6,453,4086
4,9,8,6,453,4086
3,1,8,6,453,4086
2,0,8,6,453,4086
1,0,8,6,453,4086
9,6,8,6,453,4086
9,5,8,6,453,4086
9,7,8,6,453,4086
8,4,8,6,453,4086
8,8,8,6,453,4086
7,3,8,6,453,4086
7,9,8,6,453,4086
6,2,8,6,453,4086
6,9,8,6,453,4086
5,1,8,6,453,4086
5,8,8,6,453,4086
4,0,8,6,453,4086
3,0,8,6,453,4086
2,1,8,6,453,4086
7,6,8,6,453,4086
8,5,8,6,453,4086
8,7,8,6,453,4086
9,4,8,6,453,4086
9,8,8,6,453,4086
9,3,8,6,453,4086
9,9,8,6,453,4086
8,2,8,6,453,4086
8,9,8,6,453,4086
7,1,8,6,453,4086
7,8,8,6,453,4086
6,0,8,6,453,4086
6,7,8,6,453,4086
5,0,8,6,453,4086
4,1,8,6,453,4086
3,2,8,6,453,4086
0,7,7,5,454,3746
1,7,7,5,454,3746
0,6,7,5,454,3746
0,8,7,5,454,3746
2,7,7,5,454,3746
1,6,7,5,454,3746
1,8,7,5,454,3746
0,5,7,5,454,3746
0,9,7,5,454,3746
3,7,7,5,454,3746
2,6,7,5,454,3746
2,8,7,5,454,3746
1,5,7,5,454,3746
1,9,7,5,454,3746
0,4,7,5,454,3746
4,7,7,5,454,3746
3,6,7,5,454,3746
3,8,7,5,454,3746
2,5,7,5,454,3746
2,9,7,5,454,3746
1,4,7,5,454,3746
0,3,7,5,454,3746
5,7,7,5,454,3746
4,6,7,5,454,3746
4,8,7,5,454,3746
3,5,7,5,454,3746
3,9,7,5,454,3746
2,4,7,5,454,3746
1,3,7,5,454,3746
0,2,7,5,454,3746
7,7,7,5,454,3746
6,6,7,5,454,3746
6,8,7,5,454,3746
5,5,7,5,454,3746
5,9,7,5,454,3746
4,4,7,5,454,3746
4,9,7,5,454,3746
3,3,7,5,454,3746
2,2,7,5,454,3746
1,1,7,5,454,3746
9,7,7,5,454,3746
8,6,7,5,454,3746
8,8,7,5,454,3746
7,5,7,5,454,3746
7,9,7,5,454,3746
6,4,7,5,454,3746
6,9,7,5,454,3746
5,3,7,5,454,3746
5,8,7,5,454,3746
4,2,7,5,454,3746
3,1,7,5,454,3746
2,0,7,5,454,3746
8,7,7,5,454,3746
9,6,7,5,454,3746
9,8,7,5,454,3746
9,5,7,5,454,3746
9,9,7,5,454,3746
8,4,7,5,454,3746
8,9,7,5,454,3746
7,3,7,5,454,3746
7,8,7,5,454,3746
6,2,7,5,454,3746
6,7,7,5,454,3746
5,1,7,5,454,3746
5,6,7,5,454,3746
4,0,7,5,454,3746
4,5,7,5,454,3746
3,0,7,5,454,3746
3,4,7,5,454,3746
0,5,9,7,455,4696
1,5,9,7,455,4696
0,4,9,7,455,4696
0,6,9,7,455,4696
2,5,9,7,455,4696
1,4,9,7,455,4696
1,6,9,7,455,4696
0,3,9,7,455,4696
0,7,9,7,455,4696
3,5,9,7,455,4696
2,4,9,7,455,4696
2,6,9,7,455,4696
1,3,9,7,455,4696
1,7,9,7,455,4696
0,2,9,7,455,4696
0,8,9,7,455,4696
4,5,9,7,455,4696
3,4,9,7,455,4696
3,6,9,7,455,4696
2,3,9,7,455,4696
2,7,9,7,455,4696
1,2,9,7,455,4696
1,8,9,7,455,4696
0,1,9,7,455,4696
0,9,9,7,455,4696
5,5,9,7,455,4696
4,4,9,7,455,4696
4,6,9,7,455,4696
3,3,9,7,455,4696
3,7,9,7,455,4696
2,2,9,7,455,4696
2,8,9,7,455,4696
1,1,9,7,455,4696
1,9,9,7,455,4696
0,0,9,7,455,4696
6,5,9,7,455,4696
5,4,9,7,455,4696
5,6,9,7,455,4696
4,3,9,7,455,4696
4,7,9,7,455,4696
3,2,9,7,455,4696
3,8,9,7,455,4696
2,1,9,7,455,4696
2,9,9,7,455,4696
1,0,9,7,455,4696
7,5,9,7,455,4696
6,4,9,7,455,4696
6,6,9,7,455,4696
5,3,9,7,455,4696
5,7,9,7,455,4696
4,2,9,7,455,4696
4,8,9,7,455,4696
3,1,9,7,455,4696
3,9,9,7,455,4696
2,0,9,7,455,4696
8,5,9,7,455,4696
7,4,9,7,455,4696
7,6,9,7,455,4696
6,3,9,7,455,4696
6,7,9,7,455,4696
5,2,9,7,455,4696
5,8,9,7,455,4696
4,1,9,7,455,4696
4,9,9,7,455,4696
3,0,9,7,455,4696
9,5,9,7,455,4696
8,4,9,7,455,4696
8,6,9,7,455,4696
7,3,9,7,455,4696
7,7,9,7,455,4696
6,2,9,7,455,4696
6,8,9,7,455,4696
5,1,9,7,455,4696
5,9,9,7,455,4696
4,0,9,7,455,4696
9,4,9,7,455,4696
9,6,9,7,455,4696
9,3,9,7,455,4696
9,7,9,7,455,4696
8,2,9,7,455,4696
8,8,9,7,455,4696
7,1,9,7,455,4696
7,9,9,7,455,4696
6,0,9,7,455,4696
6,9,9,7,455,4696
5,0,9,7,455,4696
8,3,9,7,455,4696
8,7,9,7,455,4696
9,2,9,7,455,4696
9,8,9,7,455,4696
9,1,9,7,455,4696
9,9,9,7,455,4696
8,0,9,7,455,4696
8,9,9,7,455,4696
7,0,9,7,455,4696
7,8,9,7,455,4696
6,1,9,7,455,4696
0,6,8,6,456,4403
1,6,8,6,456,4403
0,5,8,6,456,4403
0,7,8,6,456,4403
2,6,8,6,456,4403
1,5,8,6,456,4403
1,7,8,6,456,4403
0,4,8,6,456,4403
0,8,8,6,456,4403
3,6,8,6,456,4403
2,5,8,6,456,4403
2,7,8,6,456,4403
1,4,8,6,456,4403
1,8,8,6,456,4403
0,3,8,6,456,4403
0,9,8,6,456,4403
4,6,8,6,456,4403
3,5,8,6,456,4403
3,7,8,6,456,4403
2,4,8,6,456,4403
2,8,8,6,456,4403
1,3,8,6,456,4403
1,9,8,6,456,4403
0,2,8,6,456,4403
5,6,8,6,456,4403
4,5,8,6,456,4403
4,7,8,6,456,4403
3,4,8,6,456,4403
3,8,8,6,456,4403
2,3,8,6,456,4403
2,9,8,6,456,4403
1,2,8,6,456,4403
0,1,8,6,456,4403
6,6,8,6,456,4403
5,5,8,6,456,4403
5,7,8,6,456,4403
4,4,8,6,456,4403
4,8,8,6,456,4403
3,3,8,6,456,4403
3,9,8,6,456,4403
2,2,8,6,456,4403
1,1,8,6,456,4403
0,0,8,6,456,4403
7,6,8,6,456,4403
6,5,8,6,456,4403
6,7,8,6,456,4403
5,4,8,6,456,4403
5,8,8,6,456,4403
4,3,8,6,456,4403
4,9,8,6,456,4403
3,2,8,6,456,4403
2,1,8,6,456,4403
1,0,8,6,456,4403
8,6,8,6,456,4403
7,5,8,6,456,4403
7,7,8,6,456,4403
6,4,8,6,456,4403
6,8,8,6,456,4403
5,3,8,6,456,4403
5,9,8,6,456,4403
4,2,8,6,456,4403
3,1,8,6,456,4403
2,0,8,6,456,4403
9,6,8,6,456,4403
9,5,8,6,456,4403
9,7,8,6,456,4403
8,4,8,6,456,4403
8,8,8,6,456,4403
7,3,8,6,456,4403
7,9,8,6,456,4403
6,2,8,6,456,4403
6,9,8,6,456,4403
5,1,8,6,456,4403
4,0,8,6,456,4403
3,0,8,6,456,4403
8,5,8,6,456,4403
8,7,8,6,456,4403
9,4,8,6,456,4403
9,8,8,6,456,4403
9,3,8,6,456,4403
9,9,8,6,456,4403
8,2,8,6,456,4403
8,9,8,6,456,4403
7,1,8,6,456,4403
7,8,8,6,456,4403
6,0,8,6,456,4403
5,0,8,6,456,4403
4,1,8,6,456,4403
0,7,4,4,457,4420
1,7,4,4,457,4420
0,6,4,4,457,4420
0,8,4,4,457,4420
2,7,4,4,457,4420
1,6,4,4,457,4420
1,8,4,4,457,4420
0,5,4,4,457,4420
0,9,4,4,457,4420
3,7,4,4,457,4420
2,6,4,4,457,4420
2,8,4,4,457,4420
1,5,4,4,457,4420
1,9,4,4,457,4420
0,4,4,4,457,4420
4,7,4,4,457,4420
3,6,4,4,457,4420
3,8,4,4,457,4420
2,5,4,4,457,4420
2,9,4,4,457,4420
1,4,4,4,457,4420
0,3,4,4,457,4420
5,7,4,4,457,4420
4,6,4,4,457,4420
4,8,4,4,457,4420
3,5,4,4,457,4420
3,9,4,4,457,4420
2,4,4,4,457,4420
1,3,4,4,457,4420
0,2,4,4,457,4420
6,7,4,4,457,4420
5,6,4,4,457,4420
5,8,4,4,457,4420
4,5,4,4,457,4420
4,9,4,4,457,4420
3,4,4,4,457,4420
2,3,4,4,457,4420
1,2,4,4,457,4420
0,1,4,4,457,4420
7,7,4,4,457,4420
6,6,4,4,457,4420
6,8,4,4,457,4420
5,5,4,4,457,4420
5,9,4,4,457,4420
4,4,4,4,457,4420
3,3,4,4,457,4420
2,2,4,4,457,4420
1,1,4,4,457,4420
0,0,4,4,457,4420
8,7,4,4,457,4420
7,6,4,4,457,4420
7,8,4,4,457,4420
6,5,4,4,457,4420
6,9,4,4,457,4420
5,4,4,4,457,4420
4,3,4,4,457,4420
3,2,4,4,457,4420
2,1,4,4,457,4420
1,0,4,4,457,4420
9,7,4,4,457,4420
8,6,4,4,457,4420
8,8,4,4,457,4420
7,5,4,4,457,4420
7,9,4,4,457,4420
6,4,4,4,457,4420
5,3,4,4,457,4420
4,2,4,4,457,4420
3,1,4,4,457,4420
2,0,4,4,457,4420
9,6,4,4,457,4420
9,8,4,4,457,4420
9,5,4,4,457,4420
9,9,4,4,457,4420
8,4,4,4,457,4420
8,9,4,4,457,4420
7,3,4,4,457,4420
6,2,4,4,457,4420
5,1,4,4,457,4420
4,0,4,4,457,4420
3,0,4,4,457,4420
0,8,4,4,458,4105
1,8,4,4,458,4105
0,7,4,4,458,4105
0,9,4,4,458,4105
2,8,4,4,458,4105
1,7,4,4,458,4105
1,9,4,4,458,4105
0,6,4,4,458,4105
3,8,4,4,458,4105
2,7,4,4,458,4105
2,9,4,4,458,4105
1,6,4,4,458,4105
0,5,4,4,458,4105
4,8,4,4,458,4105
3,7,4,4,458,4105
3,9,4,4,458,4105
2,6,4,4,458,4105
1,5,4,4,458,4105
0,4,4,4,458,4105
5,8,4,4,458,4105
4,7,4,4,458,4105
4,9,4,4,458,4105
3,6,4,4,458,4105
2,5,4,4,458,4105
1,4,4,4,458,4105
0,3,4,4,458,4105
6,8,4,4,458,4105
5,7,4,4,458,4105
5,9,4,4,458,4105
4,6,4,4,458,4105
3,5,4,4,458,4105
2,4,4,4,458,4105
1,3,4,4,458,4105
0,2,4,4,458,4105
7,8,4,4,458,4105
6,7,4,4,458,4105
6,9,4,4,458,4105
5,6,4,4,458,4105
4,5,4,4,458,4105
3,4,4,4,458,4105
2,3,4,4,458,4105
1,2,4,4,458,4105
0,1,4,4,458,4105
8,8,4,4,458,4105
7,7,4,4,458,4105
7,9,4,4,458,4105
6,6,4,4,458,4105
5,5,4,4,458,4105
4,4,4,4,458,4105
3,3,4,4,458,4105
2,2,4,4,458,4105
1,1,4,4,458,4105
0,0,4,4,458,4105
9,8,4,4,458,4105
9,7,4,4,458,4105
9,9,4,4,458,4105
8,6,4,4,458,4105
8,9,4,4,458,4105
7,5,4,4,458,4105
6,4,4,4,458,4105
5,3,4,4,458,4105
4,2,4,4,458,4105
3,1,4,4,458,4105
2,0,4,4,458,4105
1,0,4,4,458,4105
0,9,4,4,459,3767
1,9,4,4,459,3767
0,8,4,4,459,3767
2,9,4,4,459,3767
1,8,4,4,459,3767
0,7,4,4,459,3767
3,9,4,4,459,3767
2,8,4,4,459,3767
1,7,4,4,459,3767
0,6,4,4,459,3767
4,9,4,4,459,3767
3,8,4,4,459,3767
2,7,4,4,459,3767
1,6,4,4,459,3767
0,5,4,4,459,3767
5,9,4,4,459,3767
4,8,4,4,459,3767
3,7,4,4,459,3767
2,6,4,4,459,3767
1,5,4,4,459,3767
0,4,4,4,459,3767
6,9,4,4,459,3767
5,8,4,4,459,3767
4,7,4,4,459,3767
3,6,4,4,459,3767
2,5,4,4,459,3767
1,4,4,4,459,3767
0,3,4,4,459,3767
7,9,4,4,459,3767
6,8,4,4,459,3767
5,7,4,4,459,3767
4,6,4,4,459,3767
3,5,4,4,459,3767
2,4,4,4,459,3767
1,3,4,4,459,3767
0,2,4,4,459,3767
9,9,4,4,459,3767
8,8,4,4,459,3767
8,9,4,4,459,3767
7,7,4,4,459,3767
7,8,4,4,459,3767
6,6,4,4,459,3767
6,7,4,4,459,3767
5,5,4,4,459,3767
5,6,4,4,459,3767
4,4,4,4,459,3767
4,5,4,4,459,3767
3,3,4,4,459,3767
3,4,4,4,459,3767
2,2,4,4,459,3767
2,3,4,4,459,3767
1,1,4,4,459,3767
1,2,4,4,459,3767
0,8,4,4,460,4432
1,8,4,4,460,4432
0,7,4,4,460,4432
0,9,4,4,460,4432
2,8,4,4,460,4432
1,7,4,4,460,4432
1,9,4,4,460,4432
0,6,4,4,460,4432
3,8,4,4,460,4432
2,7,4,4,460,4432
2,9,4,4,460,4432
1,6,4,4,460,4432
0,5,4,4,460,4432
4,8,4,4,460,4432
3,7,4,4,460,4432
3,9,4,4,460,4432
2,6,4,4,460,4432
1,5,4,4,460,4432
0,4,4,4,460,4432
5,8,4,4,460,4432
4,7,4,4,460,4432
4,9,4,4,460,4432
3,6,4,4,460,4432
2,5,4,4,460,4432
1,4,4,4,460,4432
0,3,4,4,460,4432
6,8,4,4,460,4432
5,7,4,4,460,4432
5,9,4,4,460,4432
4,6,4,4,460,4432
3,5,4,4,460,4432
2,4,4,4,460,4432
1,3,4,4,460,4432
0,2,4,4,460,4432
7,8,4,4,460,4432
6,7,4,4,460,4432
6,9,4,4,460,4432
5,6,4,4,460,4432
4,5,4,4,460,4432
3,4,4,4,460,4432
2,3,4,4,460,4432
1,2,4,4,460,4432
0,1,4,4,460,4432
8,8,4,4,460,4432
7,7,4,4,460,4432
7,9,4,4,460,4432
6,6,4,4,460,4432
5,5,4,4,460,4432
4,4,4,4,460,4432
3,3,4,4,460,4432
2,2,4,4,460,4432
1,1,4,4,460,4432
0,0,4,4,460,4432
9,8,4,4,460,4432
8,7,4,4,460,4432
8,9,4,4,460,4432
7,6,4,4,460,4432
6,5,4,4,460,4432
5,4,4,4,460,4432
4,3,4,4,460,4432
3,2,4,4,460,4432
2,1,4,4,460,4432
1,0,4,4,460,4432
9,7,4,4,460,4432
9,9,4,4,460,4432
8,6,4,4,460,4432
7,5,4,4,460,4432
6,4,4,4,460,4432
5,3,4,4,460,4432
4,2,4,4,460,4432
3,1,4,4,460,4432
2,0,4,4,460,4432
1,5,9,9,461,2990
3,5,9,9,461,2990
2,4,9,9,461,2990
2,6,9,9,461,2990
5,5,9,9,461,2990
4,4,9,9,461,2990
4,6,9,9,461,2990
3,3,9,9,461,2990
3,7,9,9,461,2990
7,5,9,9,461,2990
6,4,9,9,461,2990
6,6,9,9,461,2990
5,3,9,9,461,2990
5,7,9,9,461,2990
4,2,9,9,461,2990
4,8,9,9,461,2990
9,5,9,9,461,2990
8,4,9,9,461,2990
8,6,9,9,461,2990
7,3,9,9,461,2990
7,7,9,9,461,2990
6,2,9,9,461,2990
6,8,9,9,461,2990
5,1,9,9,461,2990
5,9,9,9,461,2990
8,5,9,9,461,2990
9,4,9,9,461,2990
9,6,9,9,461,2990
9,3,9,9,461,2990
9,7,9,9,461,2990
8,2,9,9,461,2990
8,8,9,9,461,2990
7,1,9,9,461,2990
7,9,9,9,461,2990
6,0,9,9,461,2990
6,9,9,9,461,2990
6,5,9,9,461,2990
7,4,9,9,461,2990
7,6,9,9,461,2990
8,3,9,9,461,2990
8,7,9,9,461,2990
9,2,9,9,461,2990
9,8,9,9,461,2990
9,1,9,9,461,2990
9,9,9,9,461,2990
8,0,9,9,461,2990
8,9,9,9,461,2990
7,0,9,9,461,2990
7,8,9,9,461,2990
0,5,9,9,462,3381
1,5,9,9,462,3381
0,4,9,9,462,3381
0,6,9,9,462,3381
3,5,9,9,462,3381
2,4,9,9,462,3381
2,6,9,9,462,3381
1,3,9,9,462,3381
1,7,9,9,462,3381
5,5,9,9,462,3381
4,4,9,9,462,3381
4,6,9,9,462,3381
3,3,9,9,462,3381
3,7,9,9,462,3381
2,2,9,9,462,3381
2,8,9,9,462,3381
7,5,9,9,462,3381
6,4,9,9,462,3381
6,6,9,9,462,3381
5,3,9,9,462,3381
5,7,9,9,462,3381
4,2,9,9,462,3381
4,8,9,9,462,3381
3,1,9,9,462,3381
3,9,9,9,462,3381
9,5,9,9,462,3381
8,4,9,9,462,3381
8,6,9,9,462,3381
7,3,9,9,462,3381
7,7,9,9,462,3381
6,2,9,9,462,3381
6,8,9,9,462,3381
5,1,9,9,462,3381
5,9,9,9,462,3381
4,0,9,9,462,3381
4,9,9,9,462,3381
8,5,9,9,462,3381
9,4,9,9,462,3381
9,6,9,9,462,3381
9,3,9,9,462,3381
9,7,9,9,462,3381
8,2,9,9,462,3381
8,8,9,9,462,3381
7,1,9,9,462,3381
7,9,9,9,462,3381
6,0,9,9,462,3381
6,9,9,9,462,3381
5,0,9,9,462,3381
5,8,9,9,462,3381
6,5,9,9,462,3381
7,4,9,9,462,3381
7,6,9,9,462,3381
8,3,9,9,462,3381
8,7,9,9,462,3381
9,2,9,9,462,3381
9,8,9,9,462,3381
9,1,9,9,462,3381
9,9,9,9,462,3381
8,0,9,9,462,3381
8,9,9,9,462,3381
7,0,9,9,462,3381
7,8,9,9,462,3381
6,1,9,9,462,3381
6,7,9,9,462,3381
0,6,6,4,463,3379
1,6,6,4,463,3379
0,5,6,4,463,3379
0,7,6,4,463,3379
2,6,6,4,463,3379
1,5,6,4,463,3379
1,7,6,4,463,3379
0,4,6,4,463,3379
0,8,6,4,463,3379
4,6,6,4,463,3379
3,5,6,4,463,3379
3,7,6,4,463,3379
2,4,6,4,463,3379
2,8,6,4,463,3379
1,3,6,4,463,3379
1,9,6,4,463,3379
6,6,6,4,463,3379
5,5,6,4,463,3379
5,7,6,4,463,3379
4,4,6,4,463,3379
4,8,6,4,463,3379
3,3,6,4,463,3379
3,9,6,4,463,3379
2,2,6,4,463,3379
2,9,6,4,463,3379
8,6,6,4,463,3379
7,5,6,4,463,3379
7,7,6,4,463,3379
6,4,6,4,463,3379
6,8,6,4,463,3379
5,3,6,4,463,3379
5,9,6,4,463,3379
4,2,6,4,463,3379
4,9,6,4,463,3379
3,1,6,4,463,3379
3,8,6,4,463,3379
9,6,6,4,463,3379
9,5,6,4,463,3379
9,7,6,4,463,3379
8,4,6,4,463,3379
8,8,6,4,463,3379
7,3,6,4,463,3379
7,9,6,4,463,3379
6,2,6,4,463,3379
6,9,6,4,463,3379
5,1,6,4,463,3379
5,8,6,4,463,3379
4,0,6,4,463,3379
4,7,6,4,463,3379
7,6,6,4,463,3379
8,5,6,4,463,3379
8,7,6,4,463,3379
9,4,6,4,463,3379
9,8,6,4,463,3379
9,3,6,4,463,3379
9,9,6,4,463,3379
8,2,6,4,463,3379
8,9,6,4,463,3379
7,1,6,4,463,3379
7,8,6,4,463,3379
6,0,6,4,463,3379
6,7,6,4,463,3379
5,0,6,4,463,3379
5,6,6,4,463,3379
0,7,6,4,464,3381
1,7,6,4,464,3381
0,6,6,4,464,3381
0,8,6,4,464,3381
2,7,6,4,464,3381
1,6,6,4,464,3381
1,8,6,4,464,3381
0,5,6,4,464,3381
0,9,6,4,464,3381
3,7,6,4,464,3381
2,6,6,4,464,3381
2,8,6,4,464,3381
1,5,6,4,464,3381
1,9,6,4,464,3381
0,4,6,4,464,3381
5,7,6,4,464,3381
4,6,6,4,464,3381
4,8,6,4,464,3381
3,5,6,4,464,3381
3,9,6,4,464,3381
2,4,6,4,464,3381
2,9,6,4,464,3381
1,3,6,4,464,3381
7,7,6,4,464,3381
6,6,6,4,464,3381
6,8,6,4,464,3381
5,5,6,4,464,3381
5,9,6,4,464,3381
4,4,6,4,464,3381
4,9,6,4,464,3381
3,3,6,4,464,3381
3,8,6,4,464,3381
2,2,6,4,464,3381
9,7,6,4,464,3381
8,6,6,4,464,3381
8,8,6,4,464,3381
7,5,6,4,464,3381
7,9,6,4,464,3381
6,4,6,4,464,3381
6,9,6,4,464,3381
5,3,6,4,464,3381
5,8,6,4,464,3381
4,2,6,4,464,3381
4,7,6,4,464,3381
3,1,6,4,464,3381
3,6,6,4,464,3381
8,7,6,4,464,3381
9,6,6,4,464,3381
9,8,6,4,464,3381
9,5,6,4,464,3381
9,9,6,4,464,3381
8,4,6,4,464,3381
8,9,6,4,464,3381
7,3,6,4,464,3381
7,8,6,4,464,3381
6,2,6,4,464,3381
6,7,6,4,464,3381
5,1,6,4,464,3381
5,6,6,4,464,3381
4,0,6,4,464,3381
4,5,6,4,464,3381
0,8,4,4,465,2991
1,8,4,4,465,2991
0,7,4,4,465,2991
0,9,4,4,465,2991
2,8,4,4,465,2991
1,7,4,4,465,2991
1,9,4,4,465,2991
0,6,4,4,465,2991
4,8,4,4,465,2991
3,7,4,4,465,2991
3,9,4,4,465,2991
2,6,4,4,465,2991
2,9,4,4,465,2991
1,5,4,4,465,2991
6,8,4,4,465,2991
5,7,4,4,465,2991
5,9,4,4,465,2991
4,6,4,4,465,2991
4,9,4,4,465,2991
3,5,4,4,465,2991
3,8,4,4,465,2991
2,4,4,4,465,2991
2,7,4,4,465,2991
8,8,4,4,465,2991
7,7,4,4,465,2991
7,9,4,4,465,2991
6,6,4,4,465,2991
6,9,4,4,465,2991
5,5,4,4,465,2991
5,8,4,4,465,2991
4,4,4,4,465,2991
4,7,4,4,465,2991
3,3,4,4,465,2991
3,6,4,4,465,2991
9,8,4,4,465,2991
9,7,4,4,465,2991
9,9,4,4,465,2991
8,6,4,4,465,2991
8,9,4,4,465,2991
7,5,4,4,465,2991
7,8,4,4,465,2991
6,4,4,4,465,2991
6,7,4,4,465,2991
5,3,4,4,465,2991
5,6,4,4,465,2991
4,2,4,4,465,2991
4,5,4,4,465,2991
0,8,6,4,466,3381
1,8,6,4,466,3381
0,7,6,4,466,3381
0,9,6,4,466,3381
2,8,6,4,466,3381
1,7,6,4,466,3381
1,9,6,4,466,3381
0,6,6,4,466,3381
3,8,6,4,466,3381
2,7,6,4,466,3381
2,9,6,4,466,3381
1,6,6,4,466,3381
0,5,6,4,466,3381
4,8,6,4,466,3381
3,7,6,4,466,3381
3,9,6,4,466,3381
2,6,6,4,466,3381
1,5,6,4,466,3381
0,4,6,4,466,3381
6,8,6,4,466,3381
5,7,6,4,466,3381
5,9,6,4,466,3381
4,6,6,4,466,3381
4,9,6,4,466,3381
3,5,6,4,466,3381
2,4,6,4,466,3381
1,3,6,4,466,3381
8,8,6,4,466,3381
7,7,6,4,466,3381
7,9,6,4,466,3381
6,6,6,4,466,3381
6,9,6,4,466,3381
5,5,6,4,466,3381
5,8,6,4,466,3381
4,4,6,4,466,3381
4,7,6,4,466,3381
3,3,6,4,466,3381
3,6,6,4,466,3381
2,2,6,4,466,3381
2,5,6,4,466,3381
9,8,6,4,466,3381
9,7,6,4,466,3381
9,9,6,4,466,3381
8,6,6,4,466,3381
8,9,6,4,466,3381
7,5,6,4,466,3381
7,8,6,4,466,3381
6,4,6,4,466,3381
6,7,6,4,466,3381
5,3,6,4,466,3381
5,6,6,4,466,3381
4,2,6,4,466,3381
4,5,6,4,466,3381
3,1,6,4,466,3381
3,4,6,4,466,3381
0,9,4,4,467,2993
1,9,4,4,467,2993
0,8,4,4,467,2993
2,9,4,4,467,2993
1,8,4,4,467,2993
0,7,4,4,467,2993
3,9,4,4,467,2993
2,8,4,4,467,2993
1,7,4,4,467,2993
0,6,4,4,467,2993
5,9,4,4,467,2993
4,8,4,4,467,2993
4,9,4,4,467,2993
3,7,4,4,467,2993
3,8,4,4,467,2993
2,6,4,4,467,2993
2,7,4,4,467,2993
1,5,4,4,467,2993
1,6,4,4,467,2993
7,9,4,4,467,2993
6,8,4,4,467,2993
6,9,4,4,467,2993
5,7,4,4,467,2993
5,8,4,4,467,2993
4,6,4,4,467,2993
4,7,4,4,467,2993
3,5,4,4,467,2993
3,6,4,4,467,2993
2,4,4,4,467,2993
2,5,4,4,467,2993
9,9,4,4,467,2993
8,8,4,4,467,2993
8,9,4,4,467,2993
7,7,4,4,467,2993
7,8,4,4,467,2993
6,6,4,4,467,2993
6,7,4,4,467,2993
5,5,4,4,467,2993
5,6,4,4,467,2993
4,4,4,4,467,2993
4,5,4,4,467,2993
3,3,4,4,467,2993
3,4,4,4,467,2993
0,9,4,4,468,3393
1,9,4,4,468,3393
0,8,4,4,468,3393
2,9,4,4,468,3393
1,8,4,4,468,3393
0,7,4,4,468,3393
3,9,4,4,468,3393
2,8,4,4,468,3393
1,7,4,4,468,3393
0,6,4,4,468,3393
4,9,4,4,468,3393
3,8,4,4,468,3393
2,7,4,4,468,3393
1,6,4,4,468,3393
0,5,4,4,468,3393
5,9,4,4,468,3393
4,8,4,4,468,3393
3,7,4,4,468,3393
2,6,4,4,468,3393
1,5,4,4,468,3393
0,4,4,4,468,3393
7,9,4,4,468,3393
6,8,4,4,468,3393
6,9,4,4,468,3393
5,7,4,4,468,3393
5,8,4,4,468,3393
4,6,4,4,468,3393
4,7,4,4,468,3393
3,5,4,4,468,3393
3,6,4,4,468,3393
2,4,4,4,468,3393
2,5,4,4,468,3393
1,3,4,4,468,3393
1,4,4,4,468,3393
9,9,4,4,468,3393
8,8,4,4,468,3393
8,9,4,4,468,3393
7,7,4,4,468,3393
7,8,4,4,468,3393
6,6,4,4,468,3393
6,7,4,4,468,3393
5,5,4,4,468,3393
5,6,4,4,468,3393
4,4,4,4,468,3393
4,5,4,4,468,3393
3,3,4,4,468,3393
3,4,4,4,468,3393
2,2,4,4,468,3393
2,3,4,4,468,3393
2,6,9,9,469,2574
4,6,9,9,469,2574
3,5,9,9,469,2574
3,7,9,9,469,2574
6,6,9,9,469,2574
5,5,9,9,469,2574
5,7,9,9,469,2574
4,4,9,9,469,2574
4,8,9,9,469,2574
8,6,9,9,469,2574
7,5,9,9,469,2574
7,7,9,9,469,2574
6,4,9,9,469,2574
6,8,9,9,469,2574
5,3,9,9,469,2574
5,9,9,9,469,2574
9,6,9,9,469,2574
9,5,9,9,469,2574
9,7,9,9,469,2574
8,4,9,9,469,2574
8,8,9,9,469,2574
7,3,9,9,469,2574
7,9,9,9,469,2574
6,2,9,9,469,2574
6,9,9,9,469,2574
7,6,9,9,469,2574
8,5,9,9,469,2574
8,7,9,9,469,2574
9,4,9,9,469,2574
9,8,9,9,469,2574
9,3,9,9,469,2574
9,9,9,9,469,2574
8,2,9,9,469,2574
8,9,9,9,469,2574
7,1,9,9,469,2574
7,8,9,9,469,2574
1,7,9,9,470,2574
3,7,9,9,470,2574
2,6,9,9,470,2574
2,8,9,9,470,2574
5,7,9,9,470,2574
4,6,9,9,470,2574
4,8,9,9,470,2574
3,5,9,9,470,2574
3,9,9,9,470,2574
7,7,9,9,470,2574
6,6,9,9,470,2574
6,8,9,9,470,2574
5,5,9,9,470,2574
5,9,9,9,470,2574
4,4,9,9,470,2574
4,9,9,9,470,2574
9,7,9,9,470,2574
8,6,9,9,470,2574
8,8,9,9,470,2574
7,5,9,9,470,2574
7,9,9,9,470,2574
6,4,9,9,470,2574
6,9,9,9,470,2574
5,3,9,9,470,2574
5,8,9,9,470,2574
8,7,9,9,470,2574
9,6,9,9,470,2574
9,8,9,9,470,2574
9,5,9,9,470,2574
9,9,9,9,470,2574
8,4,9,9,470,2574
8,9,9,9,470,2574
7,3,9,9,470,2574
7,8,9,9,470,2574
6,2,9,9,470,2574
6,7,9,9,470,2574
4,6,9,9,471,2127
6,6,9,9,471,2127
5,5,9,9,471,2127
5,7,9,9,471,2127
8,6,9,9,471,2127
7,5,9,9,471,2127
7,7,9,9,471,2127
6,4,9,9,471,2127
6,8,9,9,471,2127
9,6,9,9,471,2127
9,5,9,9,471,2127
9,7,9,9,471,2127
8,4,9,9,471,2127
8,8,9,9,471,2127
7,3,9,9,471,2127
7,9,9,9,471,2127
7,6,9,9,471,2127
8,5,9,9,471,2127
8,7,9,9,471,2127
9,4,9,9,471,2127
9,8,9,9,471,2127
9,3,9,9,471,2127
9,9,9,9,471,2127
8,2,9,9,471,2127
8,9,9,9,471,2127
2,8,9,9,472,2127
4,8,9,9,472,2127
3,7,9,9,472,2127
3,9,9,9,472,2127
6,8,9,9,472,2127
5,7,9,9,472,2127
5,9,9,9,472,2127
4,6,9,9,472,2127
4,9,9,9,472,2127
8,8,9,9,472,2127
7,7,9,9,472,2127
7,9,9,9,472,2127
6,6,9,9,472,2127
6,9,9,9,472,2127
5,5,9,9,472,2127
5,8,9,9,472,2127
9,8,9,9,472,2127
9,7,9,9,472,2127
9,9,9,9,472,2127
8,6,9,9,472,2127
8,9,9,9,472,2127
7,5,9,9,472,2127
7,8,9,9,472,2127
6,4,9,9,472,2127
6,7,9,9,472,2127
6,6,9,9,473,1646
8,6,9,9,473,1646
7,5,9,9,473,1646
7,7,9,9,473,1646
9,6,9,9,473,1646
9,5,9,9,473,1646
9,7,9,9,473,1646
8,4,9,9,473,1646
8,8,9,9,473,1646
7,6,9,9,473,1646
8,5,9,9,473,1646
8,7,9,9,473,1646
9,4,9,9,473,1646
9,8,9,9,473,1646
9,3,9,9,473,1646
9,9,9,9,473,1646
5,7,9,9,474,1650
7,7,9,9,474,1650
6,6,9,9,474,1650
6,8,9,9,474,1650
9,7,9,9,474,1650
8,6,9,9,474,1650
8,8,9,9,474,1650
7,5,9,9,474,1650
7,9,9,9,474,1650
8,7,9,9,474,1650
9,6,9,9,474,1650
9,8,9,9,474,1650
9,5,9,9,474,1650
9,9,9,9,474,1650
8,4,9,9,474,1650
8,9,9,9,474,1650
3,9,9,9,475,1646
5,9,9,9,475,1646
4,8,9,9,475,1646
4,9,9,9,475,1646
7,9,9,9,475,1646
6,8,9,9,475,1646
6,9,9,9,475,1646
5,7,9,9,475,1646
5,8,9,9,475,1646
9,9,9,9,475,1646
8,8,9,9,475,1646
8,9,9,9,475,1646
7,7,9,9,475,1646
7,8,9,9,475,1646
6,6,9,9,475,1646
6,7,9,9,475,1646
7,7,9,9,437,1136
9,7,9,9,437,1136
8,6,9,9,437,1136
8,8,9,9,437,1136
8,7,9,9,437,1136
9,6,9,9,437,1136
9,8,9,9,437,1136
9,5,9,9,437,1136
9,9,9,9,437,1136
6,8,9,9,476,1138
8,8,9,9,476,1138
7,7,9,9,476,1138
7,9,9,9,476,1138
9,8,9,9,476,1138
9,7,9,9,476,1138
9,9,9,9,476,1138
8,6,9,9,476,1138
8,9,9,9,476,1138
5,9,9,9,438,1136
7,9,9,9,438,1136
6,8,9,9,438,1136
6,9,9,9,438,1136
9,9,9,9,438,1136
8,8,9,9,438,1136
8,9,9,9,438,1136
7,7,9,9,438,1136
7,8,9,9,438,1136
8,8,9,9,395,588
9,8,9,9,395,588
9,7,9,9,395,588
9,9,9,9,395,588
7,9,9,9,165,588
9,9,9,9,165,588
8,8,9,9,165,588
8,9,9,9,165,588
9,9,9,9,0,0
0,0,5,4,477,4440
1,0,5,4,477,4440
0,1,5,4,477,4440
3,0,5,4,477,4440
2,0,5,4,477,4440
2,1,5,4,477,4440
1,1,5,4,477,4440
1,2,5,4,477,4440
5,0,5,4,477,4440
4,0,5,4,477,4440
4,1,5,4,477,4440
3,1,5,4,477,4440
3,2,5,4,477,4440
2,2,5,4,477,4440
2,3,5,4,477,4440
7,0,5,4,477,4440
6,0,5,4,477,4440
6,1,5,4,477,4440
5,1,5,4,477,4440
5,2,5,4,477,4440
4,2,5,4,477,4440
4,3,5,4,477,4440
3,3,5,4,477,4440
3,4,5,4,477,4440
9,0,5,4,477,4440
8,0,5,4,477,4440
8,1,5,4,477,4440
7,1,5,4,477,4440
7,2,5,4,477,4440
6,2,5,4,477,4440
6,3,5,4,477,4440
5,3,5,4,477,4440
5,4,5,4,477,4440
4,4,5,4,477,4440
4,5,5,4,477,4440
9,1,5,4,477,4440
9,2,5,4,477,4440
8,2,5,4,477,4440
8,3,5,4,477,4440
7,3,5,4,477,4440
7,4,5,4,477,4440
6,4,5,4,477,4440
6,5,5,4,477,4440
5,5,5,4,477,4440
5,6,5,4,477,4440
9,3,5,4,477,4440
9,4,5,4,477,4440
8,4,5,4,477,4440
8,5,5,4,477,4440
7,5,5,4,477,4440
7,6,5,4,477,4440
6,6,5,4,477,4440
6,7,5,4,477,4440
9,5,5,4,477,4440
9,6,5,4,477,4440
8,6,5,4,477,4440
8,7,5,4,477,4440
7,7,5,4,477,4440
7,8,5,4,477,4440
9,7,5,4,477,4440
9,8,5,4,477,4440
8,8,5,4,477,4440
8,9,5,4,477,4440
9,9,5,4,477,4440
0,1,4,3,478,4118
2,1,4,3,478,4118
1,0,4,3,478,4118
1,2,4,3,478,4118
4,1,4,3,478,4118
3,0,4,3,478,4118
3,2,4,3,478,4118
2,0,4,3,478,4118
2,3,4,3,478,4118
6,1,4,3,478,4118
5,0,4,3,478,4118
5,2,4,3,478,4118
4,0,4,3,478,4118
4,3,4,3,478,4118
3,1,4,3,478,4118
3,4,4,3,478,4118
8,1,4,3,478,4118
7,0,4,3,478,4118
7,2,4,3,478,4118
6,0,4,3,478,4118
6,3,4,3,478,4118
5,1,4,3,478,4118
5,4,4,3,478,4118
4,2,4,3,478,4118
4,5,4,3,478,4118
9,1,4,3,478,4118
9,0,4,3,478,4118
9,2,4,3,478,4118
8,0,4,3,478,4118
8,3,4,3,478,4118
7,1,4,3,478,4118
7,4,4,3,478,4118
6,2,4,3,478,4118
6,5,4,3,478,4118
5,3,4,3,478,4118
5,6,4,3,478,4118
8,2,4,3,478,4118
9,3,4,3,478,4118
9,4,4,3,478,4118
8,5,4,3,478,4118
7,3,4,3,478,4118
7,6,4,3,478,4118
6,4,4,3,478,4118
6,7,4,3,478,4118
8,4,4,3,478,4118
9,5,4,3,478,4118
9,6,4,3,478,4118
8,7,4,3,478,4118
7,5,4,3,478,4118
7,8,4,3,478,4118
8,6,4,3,478,4118
9,7,4,3,478,4118
9,8,4,3,478,4118
8,9,4,3,478,4118
1,1,4,3,478,4118
2,2,4,3,478,4118
3,3,4,3,478,4118
4,4,4,3,478,4118
5,5,4,3,478,4118
6,6,4,3,478,4118
7,7,4,3,478,4118
8,8,4,3,478,4118
9,9,4,3,478,4118
0,1,5,4,479,4434
1,1,5,4,479,4434
0,0,5,4,479,4434
0,2,5,4,479,4434
2,1,5,4,479,4434
1,0,5,4,479,4434
1,2,5,4,479,4434
0,3,5,4,479,4434
4,1,5,4,479,4434
3,0,5,4,479,4434
3,2,5,4,479,4434
2,0,5,4,479,4434
2,3,5,4,479,4434
1,4,5,4,479,4434
6,1,5,4,479,4434
5,0,5,4,479,4434
5,2,5,4,479,4434
4,0,5,4,479,4434
4,3,5,4,479,4434
3,1,5,4,479,4434
3,4,5,4,479,4434
2,2,5,4,479,4434
2,5,5,4,479,4434
8,1,5,4,479,4434
7,0,5,4,479,4434
7,2,5,4,479,4434
6,0,5,4,479,4434
6,3,5,4,479,4434
5,1,5,4,479,4434
5,4,5,4,479,4434
4,2,5,4,479,4434
4,5,5,4,479,4434
3,3,5,4,479,4434
3,6,5,4,479,4434
9,1,5,4,479,4434
9,0,5,4,479,4434
9,2,5,4,479,4434
8,0,5,4,479,4434
8,3,5,4,479,4434
7,1,5,4,479,4434
7,4,5,4,479,4434
6,2,5,4,479,4434
6,5,5,4,479,4434
5,3,5,4,479,4434
5,6,5,4,479,4434
4,4,5,4,479,4434
4,7,5,4,479,4434
8,2,5,4,479,4434
9,3,5,4,479,4434
9,4,5,4,479,4434
8,5,5,4,479,4434
7,3,5,4,479,4434
7,6,5,4,479,4434
6,4,5,4,479,4434
6,7,5,4,479,4434
5,5,5,4,479,4434
5,8,5,4,479,4434
8,4,5,4,479,4434
9,5,5,4,479,4434
9,6,5,4,479,4434
8,7,5,4,479,4434
7,5,5,4,479,4434
7,8,5,4,479,4434
6,6,5,4,479,4434
6,9,5,4,479,4434
8,6,5,4,479,4434
9,7,5,4,479,4434
9,8,5,4,479,4434
8,9,5,4,479,4434
7,7,5,4,479,4434
7,9,5,4,479,4434
8,8,5,4,479,4434
9,9,5,4,479,4434
0,5,9,8,480,4399
1,5,9,8,480,4399
0,4,9,8,480,4399
0,6,9,8,480,4399
2,5,9,8,480,4399
1,4,9,8,480,4399
1,6,9,8,480,4399
0,3,9,8,480,4399
0,7,9,8,480,4399
3,5,9,8,480,4399
2,4,9,8,480,4399
2,6,9,8,480,4399
1,3,9,8,480,4399
1,7,9,8,480,4399
0,2,9,8,480,4399
0,8,9,8,480,4399
4,5,9,8,480,4399
3,4,9,8,480,4399
3,6,9,8,480,4399
2,3,9,8,480,4399
2,7,9,8,480,4399
1,2,9,8,480,4399
1,8,9,8,480,4399
0,1,9,8,480,4399
0,9,9,8,480,4399
5,5,9,8,480,4399
4,4,9,8,480,4399
4,6,9,8,480,4399
3,3,9,8,480,4399
3,7,9,8,480,4399
2,2,9,8,480,4399
2,8,9,8,480,4399
1,1,9,8,480,4399
1,9,9,8,480,4399
0,0,9,8,480,4399
6,5,9,8,480,4399
5,4,9,8,480,4399
5,6,9,8,480,4399
4,3,9,8,480,4399
4,7,9,8,480,4399
3,2,9,8,480,4399
3,8,9,8,480,4399
2,1,9,8,480,4399
2,9,9,8,480,4399
1,0,9,8,480,4399
8,5,9,8,480,4399
7,4,9,8,480,4399
7,6,9,8,480,4399
6,3,9,8,480,4399
6,7,9,8,480,4399
5,2,9,8,480,4399
5,8,9,8,480,4399
4,1,9,8,480,4399
4,9,9,8,480,4399
3,0,9,8,480,4399
3,9,9,8,480,4399
2,0,9,8,480,4399
9,5,9,8,480,4399
9,4,9,8,480,4399
9,6,9,8,480,4399
8,3,9,8,480,4399
8,7,9,8,480,4399
7,2,9,8,480,4399
7,8,9,8,480,4399
6,1,9,8,480,4399
6,9,9,8,480,4399
5,0,9,8,480,4399
5,9,9,8,480,4399
4,0,9,8,480,4399
4,8,9,8,480,4399
3,1,9,8,480,4399
7,5,9,8,480,4399
8,4,9,8,480,4399
8,6,9,8,480,4399
9,3,9,8,480,4399
9,7,9,8,480,4399
9,2,9,8,480,4399
9,8,9,8,480,4399
8,1,9,8,480,4399
8,9,9,8,480,4399
7,0,9,8,480,4399
7,9,9,8,480,4399
6,0,9,8,480,4399
6,8,9,8,480,4399
5,1,9,8,480,4399
5,7,9,8,480,4399
4,2,9,8,480,4399
6,4,9,8,480,4399
6,6,9,8,480,4399
7,3,9,8,480,4399
7,7,9,8,480,4399
8,2,9,8,480,4399
8,8,9,8,480,4399
9,1,9,8,480,4399
9,9,9,8,480,4399
9,0,9,8,480,4399
8,0,9,8,480,4399
7,1,9,8,480,4399
6,2,9,8,480,4399
5,3,9,8,480,4399
0,6,7,6,481,4086
1,6,7,6,481,4086
0,5,7,6,481,4086
0,7,7,6,481,4086
2,6,7,6,481,4086
1,5,7,6,481,4086
1,7,7,6,481,4086
0,4,7,6,481,4086
0,8,7,6,481,4086
3,6,7,6,481,4086
2,5,7,6,481,4086
2,7,7,6,481,4086
1,4,7,6,481,4086
1,8,7,6,481,4086
0,3,7,6,481,4086
0,9,7,6,481,4086
4,6,7,6,481,4086
3,5,7,6,481,4086
3,7,7,6,481,4086
2,4,7,6,481,4086
2,8,7,6,481,4086
1,3,7,6,481,4086
1,9,7,6,481,4086
0,2,7,6,481,4086
5,6,7,6,481,4086
4,5,7,6,481,4086
4,7,7,6,481,4086
3,4,7,6,481,4086
3,8,7,6,481,4086
2,3,7,6,481,4086
2,9,7,6,481,4086
1,2,7,6,481,4086
0,1,7,6,481,4086
7,6,7,6,481,4086
6,5,7,6,481,4086
6,7,7,6,481,4086
5,4,7,6,481,4086
5,8,7,6,481,4086
4,3,7,6,481,4086
4,9,7,6,481,4086
3,2,7,6,481,4086
3,9,7,6,481,4086
2,1,7,6,481,4086
1,0,7,6,481,4086
9,6,7,6,481,4086
8,5,7,6,481,4086
8,7,7,6,481,4086
7,4,7,6,481,4086
7,8,7,6,481,4086
6,3,7,6,481,4086
6,9,7,6,481,4086
5,2,7,6,481,4086
5,9,7,6,481,4086
4,1,7,6,481,4086
4,8,7,6,481,4086
3,0,7,6,481,4086
2,0,7,6,481,4086
8,6,7,6,481,4086
9,5,7,6,481,4086
9,7,7,6,481,4086
9,4,7,6,481,4086
9,8,7,6,481,4086
8,3,7,6,481,4086
8,9,7,6,481,4086
7,2,7,6,481,4086
7,9,7,6,481,4086
6,1,7,6,481,4086
6,8,7,6,481,4086
5,0,7,6,481,4086
5,7,7,6,481,4086
4,0,7,6,481,4086
3,1,7,6,481,4086
6,6,7,6,481,4086
7,5,7,6,481,4086
7,7,7,6,481,4086
8,4,7,6,481,4086
8,8,7,6,481,4086
9,3,7,6,481,4086
9,9,7,6,481,4086
9,2,7,6,481,4086
8,1,7,6,481,4086
7,0,7,6,481,4086
6,0,7,6,481,4086
5,1,7,6,481,4086
5,5,7,6,481,4086
4,2,7,6,481,4086
4,4,7,6,481,4086
0,5,9,8,482,4697
1,5,9,8,482,4697
0,4,9,8,482,4697
0,6,9,8,482,4697
2,5,9,8,482,4697
1,4,9,8,482,4697
1,6,9,8,482,4697
0,3,9,8,482,4697
0,7,9,8,482,4697
3,5,9,8,482,4697
2,4,9,8,482,4697
2,6,9,8,482,4697
1,3,9,8,482,4697
1,7,9,8,482,4697
0,2,9,8,482,4697
0,8,9,8,482,4697
4,5,9,8,482,4697
3,4,9,8,482,4697
3,6,9,8,482,4697
2,3,9,8,482,4697
2,7,9,8,482,4697
1,2,9,8,482,4697
1,8,9,8,482,4697
0,1,9,8,482,4697
0,9,9,8,482,4697
5,5,9,8,482,4697
4,4,9,8,482,4697
4,6,9,8,482,4697
3,3,9,8,482,4697
3,7,9,8,482,4697
2,2,9,8,482,4697
2,8,9,8,482,4697
1,1,9,8,482,4697
1,9,9,8,482,4697
0,0,9,8,482,4697
6,5,9,8,482,4697
5,4,9,8,482,4697
5,6,9,8,482,4697
4,3,9,8,482,4697
4,7,9,8,482,4697
3,2,9,8,482,4697
3,8,9,8,482,4697
2,1,9,8,482,4697
2,9,9,8,482,4697
1,0,9,8,482,4697
7,5,9,8,482,4697
6,4,9,8,482,4697
6,6,9,8,482,4697
5,3,9,8,482,4697
5,7,9,8,482,4697
4,2,9,8,482,4697
4,8,9,8,482,4697
3,1,9,8,482,4697
3,9,9,8,482,4697
2,0,9,8,482,4697
8,5,9,8,482,4697
7,4,9,8,482,4697
7,6,9,8,482,4697
6,3,9,8,482,4697
6,7,9,8,482,4697
5,2,9,8,482,4697
5,8,9,8,482,4697
4,1,9,8,482,4697
4,9,9,8,482,4697
3,0,9,8,482,4697
9,5,9,8,482,4697
9,4,9,8,482,4697
9,6,9,8,482,4697
8,3,9,8,482,4697
8,7,9,8,482,4697
7,2,9,8,482,4697
7,8,9,8,482,4697
6,1,9,8,482,4697
6,9,9,8,482,4697
5,0,9,8,482,4697
5,9,9,8,482,4697
4,0,9,8,482,4697
8,4,9,8,482,4697
8,6,9,8,482,4697
9,3,9,8,482,4697
9,7,9,8,482,4697
9,2,9,8,482,4697
9,8,9,8,482,4697
8,1,9,8,482,4697
8,9,9,8,482,4697
7,0,9,8,482,4697
7,9,9,8,482,4697
6,0,9,8,482,4697
6,8,9,8,482,4697
5,1,9,8,482,4697
7,3,9,8,482,4697
7,7,9,8,482,4697
8,2,9,8,482,4697
8,8,9,8,482,4697
9,1,9,8,482,4697
9,9,9,8,482,4697
9,0,9,8,482,4697
8,0,9,8,482,4697
7,1,9,8,482,4697
6,2,9,8,482,4697
0,6,8,7,483,4405
1,6,8,7,483,4405
0,5,8,7,483,4405
0,7,8,7,483,4405
2,6,8,7,483,4405
1,5,8,7,483,4405
1,7,8,7,483,4405
0,4,8,7,483,4405
0,8,8,7,483,4405
3,6,8,7,483,4405
2,5,8,7,483,4405
2,7,8,7,483,4405
1,4,8,7,483,4405
1,8,8,7,483,4405
0,3,8,7,483,4405
0,9,8,7,483,4405
4,6,8,7,483,4405
3,5,8,7,483,4405
3,7,8,7,483,4405
2,4,8,7,483,4405
2,8,8,7,483,4405
1,3,8,7,483,4405
1,9,8,7,483,4405
0,2,8,7,483,4405
5,6,8,7,483,4405
4,5,8,7,483,4405
4,7,8,7,483,4405
3,4,8,7,483,4405
3,8,8,7,483,4405
2,3,8,7,483,4405
2,9,8,7,483,4405
1,2,8,7,483,4405
0,1,8,7,483,4405
6,6,8,7,483,4405
5,5,8,7,483,4405
5,7,8,7,483,4405
4,4,8,7,483,4405
4,8,8,7,483,4405
3,3,8,7,483,4405
3,9,8,7,483,4405
2,2,8,7,483,4405
1,1,8,7,483,4405
0,0,8,7,483,4405
7,6,8,7,483,4405
6,5,8,7,483,4405
6,7,8,7,483,4405
5,4,8,7,483,4405
5,8,8,7,483,4405
4,3,8,7,483,4405
4,9,8,7,483,4405
3,2,8,7,483,4405
2,1,8,7,483,4405
1,0,8,7,483,4405
9,6,8,7,483,4405
8,5,8,7,483,4405
8,7,8,7,483,4405
7,4,8,7,483,4405
7,8,8,7,483,4405
6,3,8,7,483,4405
6,9,8,7,483,4405
5,2,8,7,483,4405
5,9,8,7,483,4405
4,1,8,7,483,4405
3,0,8,7,483,4405
2,0,8,7,483,4405
8,6,8,7,483,4405
9,5,8,7,483,4405
9,7,8,7,483,4405
9,4,8,7,483,4405
9,8,8,7,483,4405
8,3,8,7,483,4405
8,9,8,7,483,4405
7,2,8,7,483,4405
7,9,8,7,483,4405
6,1,8,7,483,4405
6,8,8,7,483,4405
5,0,8,7,483,4405
4,0,8,7,483,4405
3,1,8,7,483,4405
7,5,8,7,483,4405
7,7,8,7,483,4405
8,4,8,7,483,4405
8,8,8,7,483,4405
9,3,8,7,483,4405
9,9,8,7,483,4405
9,2,8,7,483,4405
8,1,8,7,483,4405
7,0,8,7,483,4405
6,0,8,7,483,4405
5,1,8,7,483,4405
4,2,8,7,483,4405
0,7,7,6,484,4086
1,7,7,6,484,4086
0,6,7,6,484,4086
0,8,7,6,484,4086
2,7,7,6,484,4086
1,6,7,6,484,4086
1,8,7,6,484,4086
0,5,7,6,484,4086
0,9,7,6,484,4086
3,7,7,6,484,4086
2,6,7,6,484,4086
2,8,7,6,484,4086
1,5,7,6,484,4086
1,9,7,6,484,4086
0,4,7,6,484,4086
4,7,7,6,484,4086
3,6,7,6,484,4086
3,8,7,6,484,4086
2,5,7,6,484,4086
2,9,7,6,484,4086
1,4,7,6,484,4086
0,3,7,6,484,4086
5,7,7,6,484,4086
4,6,7,6,484,4086
4,8,7,6,484,4086
3,5,7,6,484,4086
3,9,7,6,484,4086
2,4,7,6,484,4086
1,3,7,6,484,4086
0,2,7,6,484,4086
6,7,7,6,484,4086
5,6,7,6,484,4086
5,8,7,6,484,4086
4,5,7,6,484,4086
4,9,7,6,484,4086
3,4,7,6,484,4086
2,3,7,6,484,4086
1,2,7,6,484,4086
0,1,7,6,484,4086
8,7,7,6,484,4086
7,6,7,6,484,4086
7,8,7,6,484,4086
6,5,7,6,484,4086
6,9,7,6,484,4086
5,4,7,6,484,4086
5,9,7,6,484,4086
4,3,7,6,484,4086
3,2,7,6,484,4086
2,1,7,6,484,4086
1,0,7,6,484,4086
9,7,7,6,484,4086
9,6,7,6,484,4086
9,8,7,6,484,4086
8,5,7,6,484,4086
8,9,7,6,484,4086
7,4,7,6,484,4086
7,9,7,6,484,4086
6,3,7,6,484,4086
6,8,7,6,484,4086
5,2,7,6,484,4086
4,1,7,6,484,4086
3,0,7,6,484,4086
2,0,7,6,484,4086
7,7,7,6,484,4086
8,6,7,6,484,4086
8,8,7,6,484,4086
9,5,7,6,484,4086
9,9,7,6,484,4086
9,4,7,6,484,4086
8,3,7,6,484,4086
7,2,7,6,484,4086
6,1,7,6,484,4086
6,6,7,6,484,4086
5,0,7,6,484,4086
5,5,7,6,484,4086
4,0,7,6,484,4086
4,4,7,6,484,4086
3,1,7,6,484,4086
3,3,7,6,484,4086
0,6,8,7,485,4702
1,6,8,7,485,4702
0,5,8,7,485,4702
0,7,8,7,485,4702
2,6,8,7,485,4702
1,5,8,7,485,4702
1,7,8,7,485,4702
0,4,8,7,485,4702
0,8,8,7,485,4702
3,6,8,7,485,4702
2,5,8,7,485,4702
2,7,8,7,485,4702
1,4,8,7,485,4702
1,8,8,7,485,4702
0,3,8,7,485,4702
0,9,8,7,485,4702
4,6,8,7,485,4702
3,5,8,7,485,4702
3,7,8,7,485,4702
2,4,8,7,485,4702
2,8,8,7,485,4702
1,3,8,7,485,4702
1,9,8,7,485,4702
0,2,8,7,485,4702
5,6,8,7,485,4702
4,5,8,7,485,4702
4,7,8,7,485,4702
3,4,8,7,485,4702
3,8,8,7,485,4702
2,3,8,7,485,4702
2,9,8,7,485,4702
1,2,8,7,485,4702
0,1,8,7,485,4702
6,6,8,7,485,4702
5,5,8,7,485,4702
5,7,8,7,485,4702
4,4,8,7,485,4702
4,8,8,7,485,4702
3,3,8,7,485,4702
3,9,8,7,485,4702
2,2,8,7,485,4702
1,1,8,7,485,4702
0,0,8,7,485,4702
7,6,8,7,485,4702
6,5,8,7,485,4702
6,7,8,7,485,4702
5,4,8,7,485,4702
5,8,8,7,485,4702
4,3,8,7,485,4702
4,9,8,7,485,4702
3,2,8,7,485,4702
2,1,8,7,485,4702
1,0,8,7,485,4702
8,6,8,7,485,4702
7,5,8,7,485,4702
7,7,8,7,485,4702
6,4,8,7,485,4702
6,8,8,7,485,4702
5,3,8,7,485,4702
5,9,8,7,485,4702
4,2,8,7,485,4702
3,1,8,7,485,4702
2,0,8,7,485,4702
9,6,8,7,485,4702
8,5,8,7,485,4702
8,7,8,7,485,4702
7,4,8,7,485,4702
7,8,8,7,485,4702
6,3,8,7,485,4702
6,9,8,7,485,4702
5,2,8,7,485,4702
4,1,8,7,485,4702
3,0,8,7,485,4702
9,5,8,7,485,4702
9,7,8,7,485,4702
9,4,8,7,485,4702
9,8,8,7,485,4702
8,3,8,7,485,4702
8,9,8,7,485,4702
7,2,8,7,485,4702
7,9,8,7,485,4702
6,1,8,7,485,4702
5,0,8,7,485,4702
4,0,8,7,485,4702
8,4,8,7,485,4702
8,8,8,7,485,4702
9,3,8,7,485,4702
9,9,8,7,485,4702
9,2,8,7,485,4702
8,1,8,7,485,4702
7,0,8,7,485,4702
6,0,8,7,485,4702
5,1,8,7,485,4702
0,8,5,4,486,4427
1,8,5,4,486,4427
0,7,5,4,486,4427
0,9,5,4,486,4427
2,8,5,4,486,4427
1,7,5,4,486,4427
1,9,5,4,486,4427
0,6,5,4,486,4427
3,8,5,4,486,4427
2,7,5,4,486,4427
2,9,5,4,486,4427
1,6,5,4,486,4427
0,5,5,4,486,4427
4,8,5,4,486,4427
3,7,5,4,486,4427
3,9,5,4,486,4427
2,6,5,4,486,4427
1,5,5,4,486,4427
0,4,5,4,486,4427
5,8,5,4,486,4427
4,7,5,4,486,4427
4,9,5,4,486,4427
3,6,5,4,486,4427
2,5,5,4,486,4427
1,4,5,4,486,4427
0,3,5,4,486,4427
6,8,5,4,486,4427
5,7,5,4,486,4427
5,9,5,4,486,4427
4,6,5,4,486,4427
3,5,5,4,486,4427
2,4,5,4,486,4427
1,3,5,4,486,4427
0,2,5,4,486,4427
7,8,5,4,486,4427
6,7,5,4,486,4427
6,9,5,4,486,4427
5,6,5,4,486,4427
4,5,5,4,486,4427
3,4,5,4,486,4427
2,3,5,4,486,4427
1,2,5,4,486,4427
0,1,5,4,486,4427
8,8,5,4,486,4427
7,7,5,4,486,4427
7,9,5,4,486,4427
6,6,5,4,486,4427
5,5,5,4,486,4427
4,4,5,4,486,4427
3,3,5,4,486,4427
2,2,5,4,486,4427
1,1,5,4,486,4427
0,0,5,4,486,4427
9,8,5,4,486,4427
8,7,5,4,486,4427
8,9,5,4,486,4427
7,6,5,4,486,4427
6,5,5,4,486,4427
5,4,5,4,486,4427
4,3,5,4,486,4427
3,2,5,4,486,4427
2,1,5,4,486,4427
1,0,5,4,486,4427
9,7,5,4,486,4427
9,9,5,4,486,4427
9,6,5,4,486,4427
8,5,5,4,486,4427
7,4,5,4,486,4427
6,3,5,4,486,4427
5,2,5,4,486,4427
4,1,5,4,486,4427
3,0,5,4,486,4427
2,0,5,4,486,4427
0,9,5,4,487,4110
1,9,5,4,487,4110
0,8,5,4,487,4110
2,9,5,4,487,4110
1,8,5,4,487,4110
0,7,5,4,487,4110
3,9,5,4,487,4110
2,8,5,4,487,4110
1,7,5,4,487,4110
0,6,5,4,487,4110
4,9,5,4,487,4110
3,8,5,4,487,4110
2,7,5,4,487,4110
1,6,5,4,487,4110
0,5,5,4,487,4110
5,9,5,4,487,4110
4,8,5,4,487,4110
3,7,5,4,487,4110
2,6,5,4,487,4110
1,5,5,4,487,4110
0,4,5,4,487,4110
6,9,5,4,487,4110
5,8,5,4,487,4110
4,7,5,4,487,4110
3,6,5,4,487,4110
2,5,5,4,487,4110
1,4,5,4,487,4110
0,3,5,4,487,4110
7,9,5,4,487,4110
6,8,5,4,487,4110
5,7,5,4,487,4110
4,6,5,4,487,4110
3,5,5,4,487,4110
2,4,5,4,487,4110
1,3,5,4,487,4110
0,2,5,4,487,4110
8,9,5,4,487,4110
7,8,5,4,487,4110
6,7,5,4,487,4110
5,6,5,4,487,4110
4,5,5,4,487,4110
3,4,5,4,487,4110
2,3,5,4,487,4110
1,2,5,4,487,4110
0,1,5,4,487,4110
9,9,5,4,487,4110
9,8,5,4,487,4110
8,7,5,4,487,4110
8,8,5,4,487,4110
7,6,5,4,487,4110
7,7,5,4,487,4110
6,5,5,4,487,4110
6,6,5,4,487,4110
5,4,5,4,487,4110
5,5,5,4,487,4110
4,3,5,4,487,4110
4,4,5,4,487,4110
3,2,5,4,487,4110
3,3,5,4,487,4110
2,1,5,4,487,4110
2,2,5,4,487,4110
1,0,5,4,487,4110
1,1,5,4,487,4110
0,6,6,5,488,3745
1,6,6,5,488,3745
0,5,6,5,488,3745
0,7,6,5,488,3745
2,6,6,5,488,3745
1,5,6,5,488,3745
1,7,6,5,488,3745
0,4,6,5,488,3745
0,8,6,5,488,3745
3,6,6,5,488,3745
2,5,6,5,488,3745
2,7,6,5,488,3745
1,4,6,5,488,3745
1,8,6,5,488,3745
0,3,6,5,488,3745
0,9,6,5,488,3745
5,6,6,5,488,3745
4,5,6,5,488,3745
4,7,6,5,488,3745
3,4,6,5,488,3745
3,8,6,5,488,3745
2,3,6,5,488,3745
2,9,6,5,488,3745
1,2,6,5,488,3745
1,9,6,5,488,3745
7,6,6,5,488,3745
6,5,6,5,488,3745
6,7,6,5,488,3745
5,4,6,5,488,3745
5,8,6,5,488,3745
4,3,6,5,488,3745
4,9,6,5,488,3745
3,2,6,5,488,3745
3,9,6,5,488,3745
2,1,6,5,488,3745
2,8,6,5,488,3745
9,6,6,5,488,3745
8,5,6,5,488,3745
8,7,6,5,488,3745
7,4,6,5,488,3745
7,8,6,5,488,3745
6,3,6,5,488,3745
6,9,6,5,488,3745
5,2,6,5,488,3745
5,9,6,5,488,3745
4,1,6,5,488,3745
4,8,6,5,488,3745
3,0,6,5,488,3745
3,7,6,5,488,3745
8,6,6,5,488,3745
9,5,6,5,488,3745
9,7,6,5,488,3745
9,4,6,5,488,3745
9,8,6,5,488,3745
8,3,6,5,488,3745
8,9,6,5,488,3745
7,2,6,5,488,3745
7,9,6,5,488,3745
6,1,6,5,488,3745
6,8,6,5,488,3745
5,0,6,5,488,3745
5,7,6,5,488,3745
4,0,6,5,488,3745
4,6,6,5,488,3745
6,6,6,5,488,3745
7,5,6,5,488,3745
7,7,6,5,488,3745
8,4,6,5,488,3745
8,8,6,5,488,3745
9,3,6,5,488,3745
9,9,6,5,488,3745
9,2,6,5,488,3745
8,1,6,5,488,3745
7,0,6,5,488,3745
6,0,6,5,488,3745
5,1,6,5,488,3745
5,5,6,5,488,3745
0,7,6,5,489,3746
1,7,6,5,489,3746
0,6,6,5,489,3746
0,8,6,5,489,3746
2,7,6,5,489,3746
1,6,6,5,489,3746
1,8,6,5,489,3746
0,5,6,5,489,3746
0,9,6,5,489,3746
3,7,6,5,489,3746
2,6,6,5,489,3746
2,8,6,5,489,3746
1,5,6,5,489,3746
1,9,6,5,489,3746
0,4,6,5,489,3746
4,7,6,5,489,3746
3,6,6,5,489,3746
3,8,6,5,489,3746
2,5,6,5,489,3746
2,9,6,5,489,3746
1,4,6,5,489,3746
0,3,6,5,489,3746
6,7,6,5,489,3746
5,6,6,5,489,3746
5,8,6,5,489,3746
4,5,6,5,489,3746
4,9,6,5,489,3746
3,4,6,5,489,3746
3,9,6,5,489,3746
2,3,6,5,489,3746
1,2,6,5,489,3746
8,7,6,5,489,3746
7,6,6,5,489,3746
7,8,6,5,489,3746
6,5,6,5,489,3746
6,9,6,5,489,3746
5,4,6,5,489,3746
5,9,6,5,489,3746
4,3,6,5,489,3746
4,8,6,5,489,3746
3,2,6,5,489,3746
2,1,6,5,489,3746
9,7,6,5,489,3746
9,6,6,5,489,3746
9,8,6,5,489,3746
8,5,6,5,489,3746
8,9,6,5,489,3746
7,4,6,5,489,3746
7,9,6,5,489,3746
6,3,6,5,489,3746
6,8,6,5,489,3746
5,2,6,5,489,3746
5,7,6,5,489,3746
4,1,6,5,489,3746
4,6,6,5,489,3746
3,0,6,5,489,3746
3,5,6,5,489,3746
7,7,6,5,489,3746
8,6,6,5,489,3746
8,8,6,5,489,3746
9,5,6,5,489,3746
9,9,6,5,489,3746
9,4,6,5,489,3746
8,3,6,5,489,3746
7,2,6,5,489,3746
6,1,6,5,489,3746
6,6,6,5,489,3746
5,0,6,5,489,3746
5,5,6,5,489,3746
4,0,6,5,489,3746
4,4,6,5,489,3746
0,8,5,4,490,3381
1,8,5,4,490,3381
0,7,5,4,490,3381
0,9,5,4,490,3381
2,8,5,4,490,3381
1,7,5,4,490,3381
1,9,5,4,490,3381
0,6,5,4,490,3381
3,8,5,4,490,3381
2,7,5,4,490,3381
2,9,5,4,490,3381
1,6,5,4,490,3381
0,5,5,4,490,3381
5,8,5,4,490,3381
4,7,5,4,490,3381
4,9,5,4,490,3381
3,6,5,4,490,3381
3,9,5,4,490,3381
2,5,5,4,490,3381
1,4,5,4,490,3381
7,8,5,4,490,3381
6,7,5,4,490,3381
6,9,5,4,490,3381
5,6,5,4,490,3381
5,9,5,4,490,3381
4,5,5,4,490,3381
4,8,5,4,490,3381
3,4,5,4,490,3381
3,7,5,4,490,3381
2,3,5,4,490,3381
2,6,5,4,490,3381
9,8,5,4,490,3381
8,7,5,4,490,3381
8,9,5,4,490,3381
7,6,5,4,490,3381
7,9,5,4,490,3381
6,5,5,4,490,3381
6,8,5,4,490,3381
5,4,5,4,490,3381
5,7,5,4,490,3381
4,3,5,4,490,3381
4,6,5,4,490,3381
3,2,5,4,490,3381
3,5,5,4,490,3381
8,8,5,4,490,3381
9,7,5,4,490,3381
9,9,5,4,490,3381
9,6,5,4,490,3381
8,5,5,4,490,3381
7,4,5,4,490,3381
7,7,5,4,490,3381
6,3,5,4,490,3381
6,6,5,4,490,3381
5,2,5,4,490,3381
5,5,5,4,490,3381
4,1,5,4,490,3381
4,4,5,4,490,3381
0,8,6,5,491,3745
1,8,6,5,491,3745
0,7,6,5,491,3745
0,9,6,5,491,3745
2,8,6,5,491,3745
1,7,6,5,491,3745
1,9,6,5,491,3745
0,6,6,5,491,3745
3,8,6,5,491,3745
2,7,6,5,491,3745
2,9,6,5,491,3745
1,6,6,5,491,3745
0,5,6,5,491,3745
4,8,6,5,491,3745
3,7,6,5,491,3745
3,9,6,5,491,3745
2,6,6,5,491,3745
1,5,6,5,491,3745
0,4,6,5,491,3745
5,8,6,5,491,3745
4,7,6,5,491,3745
4,9,6,5,491,3745
3,6,6,5,491,3745
2,5,6,5,491,3745
1,4,6,5,491,3745
0,3,6,5,491,3745
7,8,6,5,491,3745
6,7,6,5,491,3745
6,9,6,5,491,3745
5,6,6,5,491,3745
5,9,6,5,491,3745
4,5,6,5,491,3745
3,4,6,5,491,3745
2,3,6,5,491,3745
1,2,6,5,491,3745
9,8,6,5,491,3745
8,7,6,5,491,3745
8,9,6,5,491,3745
7,6,6,5,491,3745
7,9,6,5,491,3745
6,5,6,5,491,3745
6,8,6,5,491,3745
5,4,6,5,491,3745
5,7,6,5,491,3745
4,3,6,5,491,3745
4,6,6,5,491,3745
3,2,6,5,491,3745
3,5,6,5,491,3745
2,1,6,5,491,3745
2,4,6,5,491,3745
8,8,6,5,491,3745
9,7,6,5,491,3745
9,9,6,5,491,3745
9,6,6,5,491,3745
8,5,6,5,491,3745
7,4,6,5,491,3745
7,7,6,5,491,3745
6,3,6,5,491,3745
6,6,6,5,491,3745
5,2,6,5,491,3745
5,5,6,5,491,3745
4,1,6,5,491,3745
4,4,6,5,491,3745
3,0,6,5,491,3745
3,3,6,5,491,3745
0,9,5,4,492,3385
1,9,5,4,492,3385
0,8,5,4,492,3385
2,9,5,4,492,3385
1,8,5,4,492,3385
0,7,5,4,492,3385
3,9,5,4,492,3385
2,8,5,4,492,3385
1,7,5,4,492,3385
0,6,5,4,492,3385
4,9,5,4,492,3385
3,8,5,4,492,3385
2,7,5,4,492,3385
1,6,5,4,492,3385
0,5,5,4,492,3385
6,9,5,4,492,3385
5,8,5,4,492,3385
5,9,5,4,492,3385
4,7,5,4,492,3385
4,8,5,4,492,3385
3,6,5,4,492,3385
3,7,5,4,492,3385
2,5,5,4,492,3385
2,6,5,4,492,3385
1,4,5,4,492,3385
1,5,5,4,492,3385
8,9,5,4,492,3385
7,8,5,4,492,3385
7,9,5,4,492,3385
6,7,5,4,492,3385
6,8,5,4,492,3385
5,6,5,4,492,3385
5,7,5,4,492,3385
4,5,5,4,492,3385
4,6,5,4,492,3385
3,4,5,4,492,3385
3,5,5,4,492,3385
2,3,5,4,492,3385
2,4,5,4,492,3385
9,9,5,4,492,3385
9,8,5,4,492,3385
8,7,5,4,492,3385
8,8,5,4,492,3385
7,6,5,4,492,3385
7,7,5,4,492,3385
6,5,5,4,492,3385
6,6,5,4,492,3385
5,4,5,4,492,3385
5,5,5,4,492,3385
4,3,5,4,492,3385
4,4,5,4,492,3385
3,2,5,4,492,3385
3,3,5,4,492,3385
0,9,5,4,493,3760
1,9,5,4,493,3760
0,8,5,4,493,3760
2,9,5,4,493,3760
1,8,5,4,493,3760
0,7,5,4,493,3760
3,9,5,4,493,3760
2,8,5,4,493,3760
1,7,5,4,493,3760
0,6,5,4,493,3760
4,9,5,4,493,3760
3,8,5,4,493,3760
2,7,5,4,493,3760
1,6,5,4,493,3760
0,5,5,4,493,3760
5,9,5,4,493,3760
4,8,5,4,493,3760
3,7,5,4,493,3760
2,6,5,4,493,3760
1,5,5,4,493,3760
0,4,5,4,493,3760
6,9,5,4,493,3760
5,8,5,4,493,3760
4,7,5,4,493,3760
3,6,5,4,493,3760
2,5,5,4,493,3760
1,4,5,4,493,3760
0,3,5,4,493,3760
8,9,5,4,493,3760
7,8,5,4,493,3760
7,9,5,4,493,3760
6,7,5,4,493,3760
6,8,5,4,493,3760
5,6,5,4,493,3760
5,7,5,4,493,3760
4,5,5,4,493,3760
4,6,5,4,493,3760
3,4,5,4,493,3760
3,5,5,4,493,3760
2,3,5,4,493,3760
2,4,5,4,493,3760
1,2,5,4,493,3760
1,3,5,4,493,3760
9,9,5,4,493,3760
9,8,5,4,493,3760
8,7,5,4,493,3760
8,8,5,4,493,3760
7,6,5,4,493,3760
7,7,5,4,493,3760
6,5,5,4,493,3760
6,6,5,4,493,3760
5,4,5,4,493,3760
5,5,5,4,493,3760
4,3,5,4,493,3760
4,4,5,4,493,3760
3,2,5,4,493,3760
3,3,5,4,493,3760
2,1,5,4,493,3760
2,2,5,4,493,3760
0,1,4,4,494,4444
1,1,4,4,494,4444
0,0,4,4,494,4444
0,2,4,4,494,4444
3,1,4,4,494,4444
2,0,4,4,494,4444
2,2,4,4,494,4444
1,0,4,4,494,4444
1,3,4,4,494,4444
5,1,4,4,494,4444
4,0,4,4,494,4444
4,2,4,4,494,4444
3,0,4,4,494,4444
3,3,4,4,494,4444
2,1,4,4,494,4444
2,4,4,4,494,4444
7,1,4,4,494,4444
6,0,4,4,494,4444
6,2,4,4,494,4444
5,0,4,4,494,4444
5,3,4,4,494,4444
4,1,4,4,494,4444
4,4,4,4,494,4444
3,2,4,4,494,4444
3,5,4,4,494,4444
9,1,4,4,494,4444
8,0,4,4,494,4444
8,2,4,4,494,4444
7,0,4,4,494,4444
7,3,4,4,494,4444
6,1,4,4,494,4444
6,4,4,4,494,4444
5,2,4,4,494,4444
5,5,4,4,494,4444
4,3,4,4,494,4444
4,6,4,4,494,4444
8,1,4,4,494,4444
9,0,4,4,494,4444
9,2,4,4,494,4444
9,3,4,4,494,4444
8,4,4,4,494,4444
7,2,4,4,494,4444
7,5,4,4,494,4444
6,3,4,4,494,4444
6,6,4,4,494,4444
5,4,4,4,494,4444
5,7,4,4,494,4444
8,3,4,4,494,4444
9,4,4,4,494,4444
9,5,4,4,494,4444
8,6,4,4,494,4444
7,4,4,4,494,4444
7,7,4,4,494,4444
6,5,4,4,494,4444
6,8,4,4,494,4444
8,5,4,4,494,4444
9,6,4,4,494,4444
9,7,4,4,494,4444
8,8,4,4,494,4444
7,6,4,4,494,4444
7,9,4,4,494,4444
8,7,4,4,494,4444
9,8,4,4,494,4444
9,9,4,4,494,4444
8,9,4,4,494,4444
1,2,4,4,494,4444
2,3,4,4,494,4444
3,4,4,4,494,4444
4,5,4,4,494,4444
5,6,4,4,494,4444
6,7,4,4,494,4444
7,8,4,4,494,4444
0,5,9,9,495,4473
1,5,9,9,495,4473
0,4,9,9,495,4473
0,6,9,9,495,4473
2,5,9,9,495,4473
1,4,9,9,495,4473
1,6,9,9,495,4473
0,3,9,9,495,4473
0,7,9,9,495,4473
3,5,9,9,495,4473
2,4,9,9,495,4473
2,6,9,9,495,4473
1,3,9,9,495,4473
1,7,9,9,495,4473
0,2,9,9,495,4473
0,8,9,9,495,4473
4,5,9,9,495,4473
3,4,9,9,495,4473
3,6,9,9,495,4473
2,3,9,9,495,4473
2,7,9,9,495,4473
1,2,9,9,495,4473
1,8,9,9,495,4473
0,1,9,9,495,4473
0,9,9,9,495,4473
5,5,9,9,495,4473
4,4,9,9,495,4473
4,6,9,9,495,4473
3,3,9,9,495,4473
3,7,9,9,495,4473
2,2,9,9,495,4473
2,8,9,9,495,4473
1,1,9,9,495,4473
1,9,9,9,495,4473
0,0,9,9,495,4473
6,5,9,9,495,4473
5,4,9,9,495,4473
5,6,9,9,495,4473
4,3,9,9,495,4473
4,7,9,9,495,4473
3,2,9,9,495,4473
3,8,9,9,495,4473
2,1,9,9,495,4473
2,9,9,9,495,4473
1,0,9,9,495,4473
7,5,9,9,495,4473
6,4,9,9,495,4473
6,6,9,9,495,4473
5,3,9,9,495,4473
5,7,9,9,495,4473
4,2,9,9,495,4473
4,8,9,9,495,4473
3,1,9,9,495,4473
3,9,9,9,495,4473
2,0,9,9,495,4473
9,5,9,9,495,4473
8,4,9,9,495,4473
8,6,9,9,495,4473
7,3,9,9,495,4473
7,7,9,9,495,4473
6,2,9,9,495,4473
6,8,9,9,495,4473
5,1,9,9,495,4473
5,9,9,9,495,4473
4,0,9,9,495,4473
4,9,9,9,495,4473
3,0,9,9,495,4473
8,5,9,9,495,4473
9,4,9,9,495,4473
9,6,9,9,495,4473
9,3,9,9,495,4473
9,7,9,9,495,4473
8,2,9,9,495,4473
8,8,9,9,495,4473
7,1,9,9,495,4473
7,9,9,9,495,4473
6,0,9,9,495,4473
6,9,9,9,495,4473
5,0,9,9,495,4473
5,8,9,9,495,4473
4,1,9,9,495,4473
7,4,9,9,495,4473
7,6,9,9,495,4473
8,3,9,9,495,4473
8,7,9,9,495,4473
9,2,9,9,495,4473
9,8,9,9,495,4473
9,1,9,9,495,4473
9,9,9,9,495,4473
8,0,9,9,495,4473
8,9,9,9,495,4473
7,0,9,9,495,4473
7,8,9,9,495,4473
6,1,9,9,495,4473
6,7,9,9,495,4473
5,2,9,9,495,4473
6,3,9,9,495,4473
7,2,9,9,495,4473
8,1,9,9,495,4473
9,0,9,9,495,4473
0,6,8,6,496,4403
1,6,8,6,496,4403
0,5,8,6,496,4403
0,7,8,6,496,4403
2,6,8,6,496,4403
1,5,8,6,496,4403
1,7,8,6,496,4403
0,4,8,6,496,4403
0,8,8,6,496,4403
3,6,8,6,496,4403
2,5,8,6,496,4403
2,7,8,6,496,4403
1,4,8,6,496,4403
1,8,8,6,496,4403
0,3,8,6,496,4403
0,9,8,6,496,4403
4,6,8,6,496,4403
3,5,8,6,496,4403
3,7,8,6,496,4403
2,4,8,6,496,4403
2,8,8,6,496,4403
1,3,8,6,496,4403
1,9,8,6,496,4403
0,2,8,6,496,4403
5,6,8,6,496,4403
4,5,8,6,496,4403
4,7,8,6,496,4403
3,4,8,6,496,4403
3,8,8,6,496,4403
2,3,8,6,496,4403
2,9,8,6,496,4403
1,2,8,6,496,4403
0,1,8,6,496,4403
6,6,8,6,496,4403
5,5,8,6,496,4403
5,7,8,6,496,4403
4,4,8,6,496,4403
4,8,8,6,496,4403
3,3,8,6,496,4403
3,9,8,6,496,4403
2,2,8,6,496,4403
1,1,8,6,496,4403
0,0,8,6,496,4403
8,6,8,6,496,4403
7,5,8,6,496,4403
7,7,8,6,496,4403
6,4,8,6,496,4403
6,8,8,6,496,4403
5,3,8,6,496,4403
5,9,8,6,496,4403
4,2,8,6,496,4403
4,9,8,6,496,4403
3,1,8,6,496,4403
2,0,8,6,496,4403
1,0,8,6,496,4403
9,6,8,6,496,4403
9,5,8,6,496,4403
9,7,8,6,496,4403
8,4,8,6,496,4403
8,8,8,6,496,4403
7,3,8,6,496,4403
7,9,8,6,496,4403
6,2,8,6,496,4403
6,9,8,6,496,4403
5,1,8,6,496,4403
5,8,8,6,496,4403
4,0,8,6,496,4403
3,0,8,6,496,4403
2,1,8,6,496,4403
7,6,8,6,496,4403
8,5,8,6,496,4403
8,7,8,6,496,4403
9,4,8,6,496,4403
9,8,8,6,496,4403
9,3,8,6,496,4403
9,9,8,6,496,4403
8,2,8,6,496,4403
8,9,8,6,496,4403
7,1,8,6,496,4403
7,8,8,6,496,4403
6,0,8,6,496,4403
6,7,8,6,496,4403
5,0,8,6,496,4403
4,1,8,6,496,4403
3,2,8,6,496,4403
6,5,8,6,496,4403
7,4,8,6,496,4403
8,3,8,6,496,4403
9,2,8,6,496,4403
9,1,8,6,496,4403
8,0,8,6,496,4403
7,0,8,6,496,4403
6,1,8,6,496,4403
5,2,8,6,496,4403
5,4,8,6,496,4403
4,3,8,6,496,4403
0,7,8,6,497,4405
1,7,8,6,497,4405
0,6,8,6,497,4405
0,8,8,6,497,4405
2,7,8,6,497,4405
1,6,8,6,497,4405
1,8,8,6,497,4405
0,5,8,6,497,4405
0,9,8,6,497,4405
3,7,8,6,497,4405
2,6,8,6,497,4405
2,8,8,6,497,4405
1,5,8,6,497,4405
1,9,8,6,497,4405
0,4,8,6,497,4405
4,7,8,6,497,4405
3,6,8,6,497,4405
3,8,8,6,497,4405
2,5,8,6,497,4405
2,9,8,6,497,4405
1,4,8,6,497,4405
0,3,8,6,497,4405
5,7,8,6,497,4405
4,6,8,6,497,4405
4,8,8,6,497,4405
3,5,8,6,497,4405
3,9,8,6,497,4405
2,4,8,6,497,4405
1,3,8,6,497,4405
0,2,8,6,497,4405
6,7,8,6,497,4405
5,6,8,6,497,4405
5,8,8,6,497,4405
4,5,8,6,497,4405
4,9,8,6,497,4405
3,4,8,6,497,4405
2,3,8,6,497,4405
1,2,8,6,497,4405
0,1,8,6,497,4405
7,7,8,6,497,4405
6,6,8,6,497,4405
6,8,8,6,497,4405
5,5,8,6,497,4405
5,9,8,6,497,4405
4,4,8,6,497,4405
3,3,8,6,497,4405
2,2,8,6,497,4405
1,1,8,6,497,4405
0,0,8,6,497,4405
9,7,8,6,497,4405
8,6,8,6,497,4405
8,8,8,6,497,4405
7,5,8,6,497,4405
7,9,8,6,497,4405
6,4,8,6,497,4405
6,9,8,6,497,4405
5,3,8,6,497,4405
4,2,8,6,497,4405
3,1,8,6,497,4405
2,0,8,6,497,4405
1,0,8,6,497,4405
8,7,8,6,497,4405
9,6,8,6,497,4405
9,8,8,6,497,4405
9,5,8,6,497,4405
9,9,8,6,497,4405
8,4,8,6,497,4405
8,9,8,6,497,4405
7,3,8,6,497,4405
7,8,8,6,497,4405
6,2,8,6,497,4405
5,1,8,6,497,4405
4,0,8,6,497,4405
3,0,8,6,497,4405
2,1,8,6,497,4405
7,6,8,6,497,4405
8,5,8,6,497,4405
9,4,8,6,497,4405
9,3,8,6,497,4405
8,2,8,6,497,4405
7,1,8,6,497,4405
6,0,8,6,497,4405
6,5,8,6,497,4405
5,0,8,6,497,4405
5,4,8,6,497,4405
4,1,8,6,497,4405
4,3,8,6,497,4405
3,2,8,6,497,4405
0,9,6,4,498,4431
1,9,6,4,498,4431
0,8,6,4,498,4431
2,9,6,4,498,4431
1,8,6,4,498,4431
0,7,6,4,498,4431
3,9,6,4,498,4431
2,8,6,4,498,4431
1,7,6,4,498,4431
0,6,6,4,498,4431
4,9,6,4,498,4431
3,8,6,4,498,4431
2,7,6,4,498,4431
1,6,6,4,498,4431
0,5,6,4,498,4431
5,9,6,4,498,4431
4,8,6,4,498,4431
3,7,6,4,498,4431
2,6,6,4,498,4431
1,5,6,4,498,4431
0,4,6,4,498,4431
6,9,6,4,498,4431
5,8,6,4,498,4431
4,7,6,4,498,4431
3,6,6,4,498,4431
2,5,6,4,498,4431
1,4,6,4,498,4431
0,3,6,4,498,4431
7,9,6,4,498,4431
6,8,6,4,498,4431
5,7,6,4,498,4431
4,6,6,4,498,4431
3,5,6,4,498,4431
2,4,6,4,498,4431
1,3,6,4,498,4431
0,2,6,4,498,4431
8,9,6,4,498,4431
7,8,6,4,498,4431
6,7,6,4,498,4431
5,6,6,4,498,4431
4,5,6,4,498,4431
3,4,6,4,498,4431
2,3,6,4,498,4431
1,2,6,4,498,4431
0,1,6,4,498,4431
9,9,6,4,498,4431
8,8,6,4,498,4431
7,7,6,4,498,4431
6,6,6,4,498,4431
5,5,6,4,498,4431
4,4,6,4,498,4431
3,3,6,4,498,4431
2,2,6,4,498,4431
1,1,6,4,498,4431
0,0,6,4,498,4431
9,8,6,4,498,4431
9,7,6,4,498,4431
8,6,6,4,498,4431
8,7,6,4,498,4431
7,5,6,4,498,4431
7,6,6,4,498,4431
6,4,6,4,498,4431
6,5,6,4,498,4431
5,3,6,4,498,4431
5,4,6,4,498,4431
4,2,6,4,498,4431
4,3,6,4,498,4431
3,1,6,4,498,4431
3,2,6,4,498,4431
2,0,6,4,498,4431
2,1,6,4,498,4431
1,0,6,4,498,4431
0,6,7,5,499,4083
1,6,7,5,499,4083
0,5,7,5,499,4083
0,7,7,5,499,4083
2,6,7,5,499,4083
1,5,7,5,499,4083
1,7,7,5,499,4083
0,4,7,5,499,4083
0,8,7,5,499,4083
3,6,7,5,499,4083
2,5,7,5,499,4083
2,7,7,5,499,4083
1,4,7,5,499,4083
1,8,7,5,499,4083
0,3,7,5,499,4083
0,9,7,5,499,4083
4,6,7,5,499,4083
3,5,7,5,499,4083
3,7,7,5,499,4083
2,4,7,5,499,4083
2,8,7,5,499,4083
1,3,7,5,499,4083
1,9,7,5,499,4083
0,2,7,5,499,4083
6,6,7,5,499,4083
5,5,7,5,499,4083
5,7,7,5,499,4083
4,4,7,5,499,4083
4,8,7,5,499,4083
3,3,7,5,499,4083
3,9,7,5,499,4083
2,2,7,5,499,4083
2,9,7,5,499,4083
1,1,7,5,499,4083
8,6,7,5,499,4083
7,5,7,5,499,4083
7,7,7,5,499,4083
6,4,7,5,499,4083
6,8,7,5,499,4083
5,3,7,5,499,4083
5,9,7,5,499,4083
4,2,7,5,499,4083
4,9,7,5,499,4083
3,1,7,5,499,4083
3,8,7,5,499,4083
2,0,7,5,499,4083
9,6,7,5,499,4083
9,5,7,5,499,4083
9,7,7,5,499,4083
8,4,7,5,499,4083
8,8,7,5,499,4083
7,3,7,5,499,4083
7,9,7,5,499,4083
6,2,7,5,499,4083
6,9,7,5,499,4083
5,1,7,5,499,4083
5,8,7,5,499,4083
4,0,7,5,499,4083
4,7,7,5,499,4083
3,0,7,5,499,4083
7,6,7,5,499,4083
8,5,7,5,499,4083
8,7,7,5,499,4083
9,4,7,5,499,4083
9,8,7,5,499,4083
9,3,7,5,499,4083
9,9,7,5,499,4083
8,2,7,5,499,4083
8,9,7,5,499,4083
7,1,7,5,499,4083
7,8,7,5,499,4083
6,0,7,5,499,4083
6,7,7,5,499,4083
5,0,7,5,499,4083
5,6,7,5,499,4083
4,1,7,5,499,4083
4,5,7,5,499,4083
6,5,7,5,499,4083
7,4,7,5,499,4083
8,3,7,5,499,4083
9,2,7,5,499,4083
9,1,7,5,499,4083
8,0,7,5,499,4083
7,0,7,5,499,4083
6,1,7,5,499,4083
5,2,7,5,499,4083
5,4,7,5,499,4083
0,7,7,5,500,4086
1,7,7,5,500,4086
0,6,7,5,500,4086
0,8,7,5,500,4086
2,7,7,5,500,4086
1,6,7,5,500,4086
1,8,7,5,500,4086
0,5,7,5,500,4086
0,9,7,5,500,4086
3,7,7,5,500,4086
2,6,7,5,500,4086
2,8,7,5,500,4086
1,5,7,5,500,4086
1,9,7,5,500,4086
0,4,7,5,500,4086
4,7,7,5,500,4086
3,6,7,5,500,4086
3,8,7,5,500,4086
2,5,7,5,500,4086
2,9,7,5,500,4086
1,4,7,5,500,4086
0,3,7,5,500,4086
5,7,7,5,500,4086
4,6,7,5,500,4086
4,8,7,5,500,4086
3,5,7,5,500,4086
3,9,7,5,500,4086
2,4,7,5,500,4086
1,3,7,5,500,4086
0,2,7,5,500,4086
7,7,7,5,500,4086
6,6,7,5,500,4086
6,8,7,5,500,4086
5,5,7,5,500,4086
5,9,7,5,500,4086
4,4,7,5,500,4086
4,9,7,5,500,4086
3,3,7,5,500,4086
2,2,7,5,500,4086
1,1,7,5,500,4086
9,7,7,5,500,4086
8,6,7,5,500,4086
8,8,7,5,500,4086
7,5,7,5,500,4086
7,9,7,5,500,4086
6,4,7,5,500,4086
6,9,7,5,500,4086
5,3,7,5,500,4086
5,8,7,5,500,4086
4,2,7,5,500,4086
3,1,7,5,500,4086
2,0,7,5,500,4086
8,7,7,5,500,4086
9,6,7,5,500,4086
9,8,7,5,500,4086
9,5,7,5,500,4086
9,9,7,5,500,4086
8,4,7,5,500,4086
8,9,7,5,500,4086
7,3,7,5,500,4086
7,8,7,5,500,4086
6,2,7,5,500,4086
6,7,7,5,500,4086
5,1,7,5,500,4086
5,6,7,5,500,4086
4,0,7,5,500,4086
4,5,7,5,500,4086
3,0,7,5,500,4086
3,4,7,5,500,4086
7,6,7,5,500,4086
8,5,7,5,500,4086
9,4,7,5,500,4086
9,3,7,5,500,4086
8,2,7,5,500,4086
7,1,7,5,500,4086
6,0,7,5,500,4086
6,5,7,5,500,4086
5,0,7,5,500,4086
5,4,7,5,500,4086
4,1,7,5,500,4086
4,3,7,5,500,4086
0,8,6,4,501,3746
1,8,6,4,501,3746
0,7,6,4,501,3746
0,9,6,4,501,3746
2,8,6,4,501,3746
1,7,6,4,501,3746
1,9,6,4,501,3746
0,6,6,4,501,3746
3,8,6,4,501,3746
2,7,6,4,501,3746
2,9,6,4,501,3746
1,6,6,4,501,3746
0,5,6,4,501,3746
4,8,6,4,501,3746
3,7,6,4,501,3746
3,9,6,4,501,3746
2,6,6,4,501,3746
1,5,6,4,501,3746
0,4,6,4,501,3746
6,8,6,4,501,3746
5,7,6,4,501,3746
5,9,6,4,501,3746
4,6,6,4,501,3746
4,9,6,4,501,3746
3,5,6,4,501,3746
2,4,6,4,501,3746
1,3,6,4,501,3746
8,8,6,4,501,3746
7,7,6,4,501,3746
7,9,6,4,501,3746
6,6,6,4,501,3746
6,9,6,4,501,3746
5,5,6,4,501,3746
5,8,6,4,501,3746
4,4,6,4,501,3746
4,7,6,4,501,3746
3,3,6,4,501,3746
3,6,6,4,501,3746
2,2,6,4,501,3746
2,5,6,4,501,3746
9,8,6,4,501,3746
9,7,6,4,501,3746
9,9,6,4,501,3746
8,6,6,4,501,3746
8,9,6,4,501,3746
7,5,6,4,501,3746
7,8,6,4,501,3746
6,4,6,4,501,3746
6,7,6,4,501,3746
5,3,6,4,501,3746
5,6,6,4,501,3746
4,2,6,4,501,3746
4,5,6,4,501,3746
3,1,6,4,501,3746
3,4,6,4,501,3746
8,7,6,4,501,3746
9,6,6,4,501,3746
9,5,6,4,501,3746
8,4,6,4,501,3746
7,3,6,4,501,3746
7,6,6,4,501,3746
6,2,6,4,501,3746
6,5,6,4,501,3746
5,1,6,4,501,3746
5,4,6,4,501,3746
4,0,6,4,501,3746
4,3,6,4,501,3746
0,8,7,5,502,4086
1,8,7,5,502,4086
0,7,7,5,502,4086
0,9,7,5,502,4086
2,8,7,5,502,4086
1,7,7,5,502,4086
1,9,7,5,502,4086
0,6,7,5,502,4086
3,8,7,5,502,4086
2,7,7,5,502,4086
2,9,7,5,502,4086
1,6,7,5,502,4086
0,5,7,5,502,4086
4,8,7,5,502,4086
3,7,7,5,502,4086
3,9,7,5,502,4086
2,6,7,5,502,4086
1,5,7,5,502,4086
0,4,7,5,502,4086
5,8,7,5,502,4086
4,7,7,5,502,4086
4,9,7,5,502,4086
3,6,7,5,502,4086
2,5,7,5,502,4086
1,4,7,5,502,4086
0,3,7,5,502,4086
6,8,7,5,502,4086
5,7,7,5,502,4086
5,9,7,5,502,4086
4,6,7,5,502,4086
3,5,7,5,502,4086
2,4,7,5,502,4086
1,3,7,5,502,4086
0,2,7,5,502,4086
8,8,7,5,502,4086
7,7,7,5,502,4086
7,9,7,5,502,4086
6,6,7,5,502,4086
6,9,7,5,502,4086
5,5,7,5,502,4086
4,4,7,5,502,4086
3,3,7,5,502,4086
2,2,7,5,502,4086
1,1,7,5,502,4086
9,8,7,5,502,4086
9,7,7,5,502,4086
9,9,7,5,502,4086
8,6,7,5,502,4086
8,9,7,5,502,4086
7,5,7,5,502,4086
7,8,7,5,502,4086
6,4,7,5,502,4086
6,7,7,5,502,4086
5,3,7,5,502,4086
5,6,7,5,502,4086
4,2,7,5,502,4086
4,5,7,5,502,4086
3,1,7,5,502,4086
3,4,7,5,502,4086
2,0,7,5,502,4086
2,3,7,5,502,4086
8,7,7,5,502,4086
9,6,7,5,502,4086
9,5,7,5,502,4086
8,4,7,5,502,4086
7,3,7,5,502,4086
7,6,7,5,502,4086
6,2,7,5,502,4086
6,5,7,5,502,4086
5,1,7,5,502,4086
5,4,7,5,502,4086
4,0,7,5,502,4086
4,3,7,5,502,4086
3,0,7,5,502,4086
3,2,7,5,502,4086
0,9,6,4,503,3751
1,9,6,4,503,3751
0,8,6,4,503,3751
2,9,6,4,503,3751
1,8,6,4,503,3751
0,7,6,4,503,3751
3,9,6,4,503,3751
2,8,6,4,503,3751
1,7,6,4,503,3751
0,6,6,4,503,3751
4,9,6,4,503,3751
3,8,6,4,503,3751
2,7,6,4,503,3751
1,6,6,4,503,3751
0,5,6,4,503,3751
5,9,6,4,503,3751
4,8,6,4,503,3751
3,7,6,4,503,3751
2,6,6,4,503,3751
1,5,6,4,503,3751
0,4,6,4,503,3751
7,9,6,4,503,3751
6,8,6,4,503,3751
6,9,6,4,503,3751
5,7,6,4,503,3751
5,8,6,4,503,3751
4,6,6,4,503,3751
4,7,6,4,503,3751
3,5,6,4,503,3751
3,6,6,4,503,3751
2,4,6,4,503,3751
2,5,6,4,503,3751
1,3,6,4,503,3751
1,4,6,4,503,3751
9,9,6,4,503,3751
8,8,6,4,503,3751
8,9,6,4,503,3751
7,7,6,4,503,3751
7,8,6,4,503,3751
6,6,6,4,503,3751
6,7,6,4,503,3751
5,5,6,4,503,3751
5,6,6,4,503,3751
4,4,6,4,503,3751
4,5,6,4,503,3751
3,3,6,4,503,3751
3,4,6,4,503,3751
2,2,6,4,503,3751
2,3,6,4,503,3751
9,8,6,4,503,3751
9,7,6,4,503,3751
8,6,6,4,503,3751
8,7,6,4,503,3751
7,5,6,4,503,3751
7,6,6,4,503,3751
6,4,6,4,503,3751
6,5,6,4,503,3751
5,3,6,4,503,3751
5,4,6,4,503,3751
4,2,6,4,503,3751
4,3,6,4,503,3751
3,1,6,4,503,3751
3,2,6,4,503,3751
0,9,6,4,504,4102
1,9,6,4,504,4102
0,8,6,4,504,4102
2,9,6,4,504,4102
1,8,6,4,504,4102
0,7,6,4,504,4102
3,9,6,4,504,4102
2,8,6,4,504,4102
1,7,6,4,504,4102
0,6,6,4,504,4102
4,9,6,4,504,4102
3,8,6,4,504,4102
2,7,6,4,504,4102
1,6,6,4,504,4102
0,5,6,4,504,4102
5,9,6,4,504,4102
4,8,6,4,504,4102
3,7,6,4,504,4102
2,6,6,4,504,4102
1,5,6,4,504,4102
0,4,6,4,504,4102
6,9,6,4,504,4102
5,8,6,4,504,4102
4,7,6,4,504,4102
3,6,6,4,504,4102
2,5,6,4,504,4102
1,4,6,4,504,4102
0,3,6,4,504,4102
7,9,6,4,504,4102
6,8,6,4,504,4102
5,7,6,4,504,4102
4,6,6,4,504,4102
3,5,6,4,504,4102
2,4,6,4,504,4102
1,3,6,4,504,4102
0,2,6,4,504,4102
9,9,6,4,504,4102
8,8,6,4,504,4102
8,9,6,4,504,4102
7,7,6,4,504,4102
7,8,6,4,504,4102
6,6,6,4,504,4102
6,7,6,4,504,4102
5,5,6,4,504,4102
5,6,6,4,504,4102
4,4,6,4,504,4102
4,5,6,4,504,4102
3,3,6,4,504,4102
3,4,6,4,504,4102
2,2,6,4,504,4102
2,3,6,4,504,4102
1,1,6,4,504,4102
1,2,6,4,504,4102
9,8,6,4,504,4102
9,7,6,4,504,4102
8,6,6,4,504,4102
8,7,6,4,504,4102
7,5,6,4,504,4102
7,6,6,4,504,4102
6,4,6,4,504,4102
6,5,6,4,504,4102
5,3,6,4,504,4102
5,4,6,4,504,4102
4,2,6,4,504,4102
4,3,6,4,504,4102
3,1,6,4,504,4102
3,2,6,4,504,4102
2,0,6,4,504,4102
2,1,6,4,504,4102
0,6,8,7,505,4702
1,6,8,7,505,4702
0,5,8,7,505,4702
0,7,8,7,505,4702
2,6,8,7,505,4702
1,5,8,7,505,4702
1,7,8,7,505,4702
0,4,8,7,505,4702
0,8,8,7,505,4702
3,6,8,7,505,4702
2,5,8,7,505,4702
2,7,8,7,505,4702
1,4,8,7,505,4702
1,8,8,7,505,4702
0,3,8,7,505,4702
0,9,8,7,505,4702
4,6,8,7,505,4702
3,5,8,7,505,4702
3,7,8,7,505,4702
2,4,8,7,505,4702
2,8,8,7,505,4702
1,3,8,7,505,4702
1,9,8,7,505,4702
0,2,8,7,505,4702
5,6,8,7,505,4702
4,5,8,7,505,4702
4,7,8,7,505,4702
3,4,8,7,505,4702
3,8,8,7,505,4702
2,3,8,7,505,4702
2,9,8,7,505,4702
1,2,8,7,505,4702
0,1,8,7,505,4702
6,6,8,7,505,4702
5,5,8,7,505,4702
5,7,8,7,505,4702
4,4,8,7,505,4702
4,8,8,7,505,4702
3,3,8,7,505,4702
3,9,8,7,505,4702
2,2,8,7,505,4702
1,1,8,7,505,4702
0,0,8,7,505,4702
7,6,8,7,505,4702
6,5,8,7,505,4702
6,7,8,7,505,4702
5,4,8,7,505,4702
5,8,8,7,505,4702
4,3,8,7,505,4702
4,9,8,7,505,4702
3,2,8,7,505,4702
2,1,8,7,505,4702
1,0,8,7,505,4702
9,6,8,7,505,4702
8,5,8,7,505,4702
8,7,8,7,505,4702
7,4,8,7,505,4702
7,8,8,7,505,4702
6,3,8,7,505,4702
6,9,8,7,505,4702
5,2,8,7,505,4702
5,9,8,7,505,4702
4,1,8,7,505,4702
3,0,8,7,505,4702
2,0,8,7,505,4702
8,6,8,7,505,4702
9,5,8,7,505,4702
9,7,8,7,505,4702
9,4,8,7,505,4702
9,8,8,7,505,4702
8,3,8,7,505,4702
8,9,8,7,505,4702
7,2,8,7,505,4702
7,9,8,7,505,4702
6,1,8,7,505,4702
6,8,8,7,505,4702
5,0,8,7,505,4702
4,0,8,7,505,4702
3,1,8,7,505,4702
7,5,8,7,505,4702
7,7,8,7,505,4702
8,4,8,7,505,4702
8,8,8,7,505,4702
9,3,8,7,505,4702
9,9,8,7,505,4702
9,2,8,7,505,4702
8,1,8,7,505,4702
7,0,8,7,505,4702
6,0,8,7,505,4702
5,1,8,7,505,4702
4,2,8,7,505,4702
6,4,8,7,505,4702
7,3,8,7,505,4702
8,2,8,7,505,4702
9,1,8,7,505,4702
9,0,8,7,505,4702
8,0,8,7,505,4702
7,1,8,7,505,4702
6,2,8,7,505,4702
5,3,8,7,505,4702
0,6,7,6,506,4403
1,6,7,6,506,4403
0,5,7,6,506,4403
0,7,7,6,506,4403
2,6,7,6,506,4403
1,5,7,6,506,4403
1,7,7,6,506,4403
0,4,7,6,506,4403
0,8,7,6,506,4403
3,6,7,6,506,4403
2,5,7,6,506,4403
2,7,7,6,506,4403
1,4,7,6,506,4403
1,8,7,6,506,4403
0,3,7,6,506,4403
0,9,7,6,506,4403
4,6,7,6,506,4403
3,5,7,6,506,4403
3,7,7,6,506,4403
2,4,7,6,506,4403
2,8,7,6,506,4403
1,3,7,6,506,4403
1,9,7,6,506,4403
0,2,7,6,506,4403
5,6,7,6,506,4403
4,5,7,6,506,4403
4,7,7,6,506,4403
3,4,7,6,506,4403
3,8,7,6,506,4403
2,3,7,6,506,4403
2,9,7,6,506,4403
1,2,7,6,506,4403
0,1,7,6,506,4403
7,6,7,6,506,4403
6,5,7,6,506,4403
6,7,7,6,506,4403
5,4,7,6,506,4403
5,8,7,6,506,4403
4,3,7,6,506,4403
4,9,7,6,506,4403
3,2,7,6,506,4403
3,9,7,6,506,4403
2,1,7,6,506,4403
1,0,7,6,506,4403
9,6,7,6,506,4403
8,5,7,6,506,4403
8,7,7,6,506,4403
7,4,7,6,506,4403
7,8,7,6,506,4403
6,3,7,6,506,4403
6,9,7,6,506,4403
5,2,7,6,506,4403
5,9,7,6,506,4403
4,1,7,6,506,4403
4,8,7,6,506,4403
3,0,7,6,506,4403
2,0,7,6,506,4403
8,6,7,6,506,4403
9,5,7,6,506,4403
9,7,7,6,506,4403
9,4,7,6,506,4403
9,8,7,6,506,4403
8,3,7,6,506,4403
8,9,7,6,506,4403
7,2,7,6,506,4403
7,9,7,6,506,4403
6,1,7,6,506,4403
6,8,7,6,506,4403
5,0,7,6,506,4403
5,7,7,6,506,4403
4,0,7,6,506,4403
3,1,7,6,506,4403
6,6,7,6,506,4403
7,5,7,6,506,4403
7,7,7,6,506,4403
8,4,7,6,506,4403
8,8,7,6,506,4403
9,3,7,6,506,4403
9,9,7,6,506,4403
9,2,7,6,506,4403
8,1,7,6,506,4403
7,0,7,6,506,4403
6,0,7,6,506,4403
5,1,7,6,506,4403
5,5,7,6,506,4403
4,2,7,6,506,4403
4,4,7,6,506,4403
6,4,7,6,506,4403
7,3,7,6,506,4403
8,2,7,6,506,4403
9,1,7,6,506,4403
9,0,7,6,506,4403
8,0,7,6,506,4403
7,1,7,6,506,4403
6,2,7,6,506,4403
5,3,7,6,506,4403
0,7,7,6,507,4405
1,7,7,6,507,4405
0,6,7,6,507,4405
0,8,7,6,507,4405
2,7,7,6,507,4405
1,6,7,6,507,4405
1,8,7,6,507,4405
0,5,7,6,507,4405
0,9,7,6,507,4405
3,7,7,6,507,4405
2,6,7,6,507,4405
2,8,7,6,507,4405
1,5,7,6,507,4405
1,9,7,6,507,4405
0,4,7,6,507,4405
4,7,7,6,507,4405
3,6,7,6,507,4405
3,8,7,6,507,4405
2,5,7,6,507,4405
2,9,7,6,507,4405
1,4,7,6,507,4405
0,3,7,6,507,4405
5,7,7,6,507,4405
4,6,7,6,507,4405
4,8,7,6,507,4405
3,5,7,6,507,4405
3,9,7,6,507,4405
2,4,7,6,507,4405
1,3,7,6,507,4405
0,2,7,6,507,4405
6,7,7,6,507,4405
5,6,7,6,507,4405
5,8,7,6,507,4405
4,5,7,6,507,4405
4,9,7,6,507,4405
3,4,7,6,507,4405
2,3,7,6,507,4405
1,2,7,6,507,4405
0,1,7,6,507,4405
8,7,7,6,507,4405
7,6,7,6,507,4405
7,8,7,6,507,4405
6,5,7,6,507,4405
6,9,7,6,507,4405
5,4,7,6,507,4405
5,9,7,6,507,4405
4,3,7,6,507,4405
3,2,7,6,507,4405
2,1,7,6,507,4405
1,0,7,6,507,4405
9,7,7,6,507,4405
9,6,7,6,507,4405
9,8,7,6,507,4405
8,5,7,6,507,4405
8,9,7,6,507,4405
7,4,7,6,507,4405
7,9,7,6,507,4405
6,3,7,6,507,4405
6,8,7,6,507,4405
5,2,7,6,507,4405
4,1,7,6,507,4405
3,0,7,6,507,4405
2,0,7,6,507,4405
7,7,7,6,507,4405
8,6,7,6,507,4405
8,8,7,6,507,4405
9,5,7,6,507,4405
9,9,7,6,507,4405
9,4,7,6,507,4405
8,3,7,6,507,4405
7,2,7,6,507,4405
6,1,7,6,507,4405
6,6,7,6,507,4405
5,0,7,6,507,4405
5,5,7,6,507,4405
4,0,7,6,507,4405
4,4,7,6,507,4405
3,1,7,6,507,4405
3,3,7,6,507,4405
7,5,7,6,507,4405
8,4,7,6,507,4405
9,3,7,6,507,4405
9,2,7,6,507,4405
8,1,7,6,507,4405
7,0,7,6,507,4405
6,0,7,6,507,4405
6,4,7,6,507,4405
5,1,7,6,507,4405
5,3,7,6,507,4405
4,2,7,6,507,4405
0,8,6,5,508,4086
1,8,6,5,508,4086
0,7,6,5,508,4086
0,9,6,5,508,4086
2,8,6,5,508,4086
1,7,6,5,508,4086
1,9,6,5,508,4086
0,6,6,5,508,4086
3,8,6,5,508,4086
2,7,6,5,508,4086
2,9,6,5,508,4086
1,6,6,5,508,4086
0,5,6,5,508,4086
4,8,6,5,508,4086
3,7,6,5,508,4086
3,9,6,5,508,4086
2,6,6,5,508,4086
1,5,6,5,508,4086
0,4,6,5,508,4086
5,8,6,5,508,4086
4,7,6,5,508,4086
4,9,6,5,508,4086
3,6,6,5,508,4086
2,5,6,5,508,4086
1,4,6,5,508,4086
0,3,6,5,508,4086
7,8,6,5,508,4086
6,7,6,5,508,4086
6,9,6,5,508,4086
5,6,6,5,508,4086
5,9,6,5,508,4086
4,5,6,5,508,4086
3,4,6,5,508,4086
2,3,6,5,508,4086
1,2,6,5,508,4086
9,8,6,5,508,4086
8,7,6,5,508,4086
8,9,6,5,508,4086
7,6,6,5,508,4086
7,9,6,5,508,4086
6,5,6,5,508,4086
6,8,6,5,508,4086
5,4,6,5,508,4086
5,7,6,5,508,4086
4,3,6,5,508,4086
4,6,6,5,508,4086
3,2,6,5,508,4086
3,5,6,5,508,4086
2,1,6,5,508,4086
2,4,6,5,508,4086
8,8,6,5,508,4086
9,7,6,5,508,4086
9,9,6,5,508,4086
9,6,6,5,508,4086
8,5,6,5,508,4086
7,4,6,5,508,4086
7,7,6,5,508,4086
6,3,6,5,508,4086
6,6,6,5,508,4086
5,2,6,5,508,4086
5,5,6,5,508,4086
4,1,6,5,508,4086
4,4,6,5,508,4086
3,0,6,5,508,4086
3,3,6,5,508,4086
8,6,6,5,508,4086
9,5,6,5,508,4086
9,4,6,5,508,4086
8,3,6,5,508,4086
7,2,6,5,508,4086
7,5,6,5,508,4086
6,1,6,5,508,4086
6,4,6,5,508,4086
5,0,6,5,508,4086
5,3,6,5,508,4086
4,0,6,5,508,4086
4,2,6,5,508,4086
0,8,7,6,509,4403
1,8,7,6,509,4403
0,7,7,6,509,4403
0,9,7,6,509,4403
2,8,7,6,509,4403
1,7,7,6,509,4403
1,9,7,6,509,4403
0,6,7,6,509,4403
3,8,7,6,509,4403
2,7,7,6,509,4403
2,9,7,6,509,4403
1,6,7,6,509,4403
0,5,7,6,509,4403
4,8,7,6,509,4403
3,7,7,6,509,4403
3,9,7,6,509,4403
2,6,7,6,509,4403
1,5,7,6,509,4403
0,4,7,6,509,4403
5,8,7,6,509,4403
4,7,7,6,509,4403
4,9,7,6,509,4403
3,6,7,6,509,4403
2,5,7,6,509,4403
1,4,7,6,509,4403
0,3,7,6,509,4403
6,8,7,6,509,4403
5,7,7,6,509,4403
5,9,7,6,509,4403
4,6,7,6,509,4403
3,5,7,6,509,4403
2,4,7,6,509,4403
1,3,7,6,509,4403
0,2,7,6,509,4403
7,8,7,6,509,4403
6,7,7,6,509,4403
6,9,7,6,509,4403
5,6,7,6,509,4403
4,5,7,6,509,4403
3,4,7,6,509,4403
2,3,7,6,509,4403
1,2,7,6,509,4403
0,1,7,6,509,4403
9,8,7,6,509,4403
8,7,7,6,509,4403
8,9,7,6,509,4403
7,6,7,6,509,4403
7,9,7,6,509,4403
6,5,7,6,509,4403
5,4,7,6,509,4403
4,3,7,6,509,4403
3,2,7,6,509,4403
2,1,7,6,509,4403
1,0,7,6,509,4403
8,8,7,6,509,4403
9,7,7,6,509,4403
9,9,7,6,509,4403
9,6,7,6,509,4403
8,5,7,6,509,4403
7,4,7,6,509,4403
7,7,7,6,509,4403
6,3,7,6,509,4403
6,6,7,6,509,4403
5,2,7,6,509,4403
5,5,7,6,509,4403
4,1,7,6,509,4403
4,4,7,6,509,4403
3,0,7,6,509,4403
3,3,7,6,509,4403
2,0,7,6,509,4403
2,2,7,6,509,4403
8,6,7,6,509,4403
9,5,7,6,509,4403
9,4,7,6,509,4403
8,3,7,6,509,4403
7,2,7,6,509,4403
7,5,7,6,509,4403
6,1,7,6,509,4403
6,4,7,6,509,4403
5,0,7,6,509,4403
5,3,7,6,509,4403
4,0,7,6,509,4403
4,2,7,6,509,4403
3,1,7,6,509,4403
0,9,6,5,510,4091
1,9,6,5,510,4091
0,8,6,5,510,4091
2,9,6,5,510,4091
1,8,6,5,510,4091
0,7,6,5,510,4091
3,9,6,5,510,4091
2,8,6,5,510,4091
1,7,6,5,510,4091
0,6,6,5,510,4091
4,9,6,5,510,4091
3,8,6,5,510,4091
2,7,6,5,510,4091
1,6,6,5,510,4091
0,5,6,5,510,4091
5,9,6,5,510,4091
4,8,6,5,510,4091
3,7,6,5,510,4091
2,6,6,5,510,4091
1,5,6,5,510,4091
0,4,6,5,510,4091
6,9,6,5,510,4091
5,8,6,5,510,4091
4,7,6,5,510,4091
3,6,6,5,510,4091
2,5,6,5,510,4091
1,4,6,5,510,4091
0,3,6,5,510,4091
8,9,6,5,510,4091
7,8,6,5,510,4091
7,9,6,5,510,4091
6,7,6,5,510,4091
6,8,6,5,510,4091
5,6,6,5,510,4091
5,7,6,5,510,4091
4,5,6,5,510,4091
4,6,6,5,510,4091
3,4,6,5,510,4091
3,5,6,5,510,4091
2,3,6,5,510,4091
2,4,6,5,510,4091
1,2,6,5,510,4091
1,3,6,5,510,4091
9,9,6,5,510,4091
9,8,6,5,510,4091
8,7,6,5,510,4091
8,8,6,5,510,4091
7,6,6,5,510,4091
7,7,6,5,510,4091
6,5,6,5,510,4091
6,6,6,5,510,4091
5,4,6,5,510,4091
5,5,6,5,510,4091
4,3,6,5,510,4091
4,4,6,5,510,4091
3,2,6,5,510,4091
3,3,6,5,510,4091
2,1,6,5,510,4091
2,2,6,5,510,4091
9,7,6,5,510,4091
9,6,6,5,510,4091
8,5,6,5,510,4091
8,6,6,5,510,4091
7,4,6,5,510,4091
7,5,6,5,510,4091
6,3,6,5,510,4091
6,4,6,5,510,4091
5,2,6,5,510,4091
5,3,6,5,510,4091
4,1,6,5,510,4091
4,2,6,5,510,4091
3,0,6,5,510,4091
3,1,6,5,510,4091
0,9,6,5,511,4422
1,9,6,5,511,4422
0,8,6,5,511,4422
2,9,6,5,511,4422
1,8,6,5,511,4422
0,7,6,5,511,4422
3,9,6,5,511,4422
2,8,6,5,511,4422
1,7,6,5,511,4422
0,6,6,5,511,4422
4,9,6,5,511,4422
3,8,6,5,511,4422
2,7,6,5,511,4422
1,6,6,5,511,4422
0,5,6,5,511,4422
5,9,6,5,511,4422
4,8,6,5,511,4422
3,7,6,5,511,4422
2,6,6,5,511,4422
1,5,6,5,511,4422
0,4,6,5,511,4422
6,9,6,5,511,4422
5,8,6,5,511,4422
4,7,6,5,511,4422
3,6,6,5,511,4422
2,5,6,5,511,4422
1,4,6,5,511,4422
0,3,6,5,511,4422
7,9,6,5,511,4422
6,8,6,5,511,4422
5,7,6,5,511,4422
4,6,6,5,511,4422
3,5,6,5,511,4422
2,4,6,5,511,4422
1,3,6,5,511,4422
0,2,6,5,511,4422
8,9,6,5,511,4422
7,8,6,5,511,4422
6,7,6,5,511,4422
5,6,6,5,511,4422
4,5,6,5,511,4422
3,4,6,5,511,4422
2,3,6,5,511,4422
1,2,6,5,511,4422
0,1,6,5,511,4422
9,9,6,5,511,4422
9,8,6,5,511,4422
8,7,6,5,511,4422
8,8,6,5,511,4422
7,6,6,5,511,4422
7,7,6,5,511,4422
6,5,6,5,511,4422
6,6,6,5,511,4422
5,4,6,5,511,4422
5,5,6,5,511,4422
4,3,6,5,511,4422
4,4,6,5,511,4422
3,2,6,5,511,4422
3,3,6,5,511,4422
2,1,6,5,511,4422
2,2,6,5,511,4422
1,0,6,5,511,4422
1,1,6,5,511,4422
9,7,6,5,511,4422
9,6,6,5,511,4422
8,5,6,5,511,4422
8,6,6,5,511,4422
7,4,6,5,511,4422
7,5,6,5,511,4422
6,3,6,5,511,4422
6,4,6,5,511,4422
5,2,6,5,511,4422
5,3,6,5,511,4422
4,1,6,5,511,4422
4,2,6,5,511,4422
3,0,6,5,511,4422
3,1,6,5,511,4422
2,0,6,5,511,4422
0,6,8,6,512,4699
1,6,8,6,512,4699
0,5,8,6,512,4699
0,7,8,6,512,4699
2,6,8,6,512,4699
1,5,8,6,512,4699
1,7,8,6,512,4699
0,4,8,6,512,4699
0,8,8,6,512,4699
3,6,8,6,512,4699
2,5,8,6,512,4699
2,7,8,6,512,4699
1,4,8,6,512,4699
1,8,8,6,512,4699
0,3,8,6,512,4699
0,9,8,6,512,4699
4,6,8,6,512,4699
3,5,8,6,512,4699
3,7,8,6,512,4699
2,4,8,6,512,4699
2,8,8,6,512,4699
1,3,8,6,512,4699
1,9,8,6,512,4699
0,2,8,6,512,4699
5,6,8,6,512,4699
4,5,8,6,512,4699
4,7,8,6,512,4699
3,4,8,6,512,4699
3,8,8,6,512,4699
2,3,8,6,512,4699
2,9,8,6,512,4699
1,2,8,6,512,4699
0,1,8,6,512,4699
6,6,8,6,512,4699
5,5,8,6,512,4699
5,7,8,6,512,4699
4,4,8,6,512,4699
4,8,8,6,512,4699
3,3,8,6,512,4699
3,9,8,6,512,4699
2,2,8,6,512,4699
1,1,8,6,512,4699
0,0,8,6,512,4699
8,6,8,6,512,4699
7,5,8,6,512,4699
7,7,8,6,512,4699
6,4,8,6,512,4699
6,8,8,6,512,4699
5,3,8,6,512,4699
5,9,8,6,512,4699
4,2,8,6,512,4699
4,9,8,6,512,4699
3,1,8,6,512,4699
2,0,8,6,512,4699
1,0,8,6,512,4699
9,6,8,6,512,4699
9,5,8,6,512,4699
9,7,8,6,512,4699
8,4,8,6,512,4699
8,8,8,6,512,4699
7,3,8,6,512,4699
7,9,8,6,512,4699
6,2,8,6,512,4699
6,9,8,6,512,4699
5,1,8,6,512,4699
5,8,8,6,512,4699
4,0,8,6,512,4699
3,0,8,6,512,4699
2,1,8,6,512,4699
7,6,8,6,512,4699
8,5,8,6,512,4699
8,7,8,6,512,4699
9,4,8,6,512,4699
9,8,8,6,512,4699
9,3,8,6,512,4699
9,9,8,6,512,4699
8,2,8,6,512,4699
8,9,8,6,512,4699
7,1,8,6,512,4699
7,8,8,6,512,4699
6,0,8,6,512,4699
6,7,8,6,512,4699
5,0,8,6,512,4699
4,1,8,6,512,4699
3,2,8,6,512,4699
6,5,8,6,512,4699
7,4,8,6,512,4699
8,3,8,6,512,4699
9,2,8,6,512,4699
9,1,8,6,512,4699
8,0,8,6,512,4699
7,0,8,6,512,4699
6,1,8,6,512,4699
5,2,8,6,512,4699
5,4,8,6,512,4699
4,3,8,6,512,4699
6,3,8,6,512,4699
7,2,8,6,512,4699
8,1,8,6,512,4699
9,0,8,6,512,4699
0,8,7,5,513,4405
1,8,7,5,513,4405
0,7,7,5,513,4405
0,9,7,5,513,4405
2,8,7,5,513,4405
1,7,7,5,513,4405
1,9,7,5,513,4405
0,6,7,5,513,4405
3,8,7,5,513,4405
2,7,7,5,513,4405
2,9,7,5,513,4405
1,6,7,5,513,4405
0,5,7,5,513,4405
4,8,7,5,513,4405
3,7,7,5,513,4405
3,9,7,5,513,4405
2,6,7,5,513,4405
1,5,7,5,513,4405
0,4,7,5,513,4405
5,8,7,5,513,4405
4,7,7,5,513,4405
4,9,7,5,513,4405
3,6,7,5,513,4405
2,5,7,5,513,4405
1,4,7,5,513,4405
0,3,7,5,513,4405
6,8,7,5,513,4405
5,7,7,5,513,4405
5,9,7,5,513,4405
4,6,7,5,513,4405
3,5,7,5,513,4405
2,4,7,5,513,4405
1,3,7,5,513,4405
0,2,7,5,513,4405
8,8,7,5,513,4405
7,7,7,5,513,4405
7,9,7,5,513,4405
6,6,7,5,513,4405
6,9,7,5,513,4405
5,5,7,5,513,4405
4,4,7,5,513,4405
3,3,7,5,513,4405
2,2,7,5,513,4405
1,1,7,5,513,4405
9,8,7,5,513,4405
9,7,7,5,513,4405
9,9,7,5,513,4405
8,6,7,5,513,4405
8,9,7,5,513,4405
7,5,7,5,513,4405
7,8,7,5,513,4405
6,4,7,5,513,4405
6,7,7,5,513,4405
5,3,7,5,513,4405
5,6,7,5,513,4405
4,2,7,5,513,4405
4,5,7,5,513,4405
3,1,7,5,513,4405
3,4,7,5,513,4405
2,0,7,5,513,4405
2,3,7,5,513,4405
8,7,7,5,513,4405
9,6,7,5,513,4405
9,5,7,5,513,4405
8,4,7,5,513,4405
7,3,7,5,513,4405
7,6,7,5,513,4405
6,2,7,5,513,4405
6,5,7,5,513,4405
5,1,7,5,513,4405
5,4,7,5,513,4405
4,0,7,5,513,4405
4,3,7,5,513,4405
3,0,7,5,513,4405
3,2,7,5,513,4405
8,5,7,5,513,4405
9,4,7,5,513,4405
9,3,7,5,513,4405
8,2,7,5,513,4405
7,1,7,5,513,4405
7,4,7,5,513,4405
6,0,7,5,513,4405
6,3,7,5,513,4405
5,0,7,5,513,4405
5,2,7,5,513,4405
4,1,7,5,513,4405
0,8,8,6,514,4702
1,8,8,6,514,4702
0,7,8,6,514,4702
0,9,8,6,514,4702
2,8,8,6,514,4702
1,7,8,6,514,4702
1,9,8,6,514,4702
0,6,8,6,514,4702
3,8,8,6,514,4702
2,7,8,6,514,4702
2,9,8,6,514,4702
1,6,8,6,514,4702
0,5,8,6,514,4702
4,8,8,6,514,4702
3,7,8,6,514,4702
3,9,8,6,514,4702
2,6,8,6,514,4702
1,5,8,6,514,4702
0,4,8,6,514,4702
5,8,8,6,514,4702
4,7,8,6,514,4702
4,9,8,6,514,4702
3,6,8,6,514,4702
2,5,8,6,514,4702
1,4,8,6,514,4702
0,3,8,6,514,4702
6,8,8,6,514,4702
5,7,8,6,514,4702
5,9,8,6,514,4702
4,6,8,6,514,4702
3,5,8,6,514,4702
2,4,8,6,514,4702
1,3,8,6,514,4702
0,2,8,6,514,4702
7,8,8,6,514,4702
6,7,8,6,514,4702
6,9,8,6,514,4702
5,6,8,6,514,4702
4,5,8,6,514,4702
3,4,8,6,514,4702
2,3,8,6,514,4702
1,2,8,6,514,4702
0,1,8,6,514,4702
8,8,8,6,514,4702
7,7,8,6,514,4702
7,9,8,6,514,4702
6,6,8,6,514,4702
5,5,8,6,514,4702
4,4,8,6,514,4702
3,3,8,6,514,4702
2,2,8,6,514,4702
1,1,8,6,514,4702
0,0,8,6,514,4702
9,8,8,6,514,4702
9,7,8,6,514,4702
9,9,8,6,514,4702
8,6,8,6,514,4702
8,9,8,6,514,4702
7,5,8,6,514,4702
6,4,8,6,514,4702
5,3,8,6,514,4702
4,2,8,6,514,4702
3,1,8,6,514,4702
2,0,8,6,514,4702
1,0,8,6,514,4702
8,7,8,6,514,4702
9,6,8,6,514,4702
9,5,8,6,514,4702
8,4,8,6,514,4702
7,3,8,6,514,4702
7,6,8,6,514,4702
6,2,8,6,514,4702
6,5,8,6,514,4702
5,1,8,6,514,4702
5,4,8,6,514,4702
4,0,8,6,514,4702
4,3,8,6,514,4702
3,0,8,6,514,4702
3,2,8,6,514,4702
2,1,8,6,514,4702
8,5,8,6,514,4702
9,4,8,6,514,4702
9,3,8,6,514,4702
8,2,8,6,514,4702
7,1,8,6,514,4702
7,4,8,6,514,4702
6,0,8,6,514,4702
6,3,8,6,514,4702
5,0,8,6,514,4702
5,2,8,6,514,4702
4,1,8,6,514,4702
0,9,7,5,515,4410
1,9,7,5,515,4410
0,8,7,5,515,4410
2,9,7,5,515,4410
1,8,7,5,515,4410
0,7,7,5,515,4410
3,9,7,5,515,4410
2,8,7,5,515,4410
1,7,7,5,515,4410
0,6,7,5,515,4410
4,9,7,5,515,4410
3,8,7,5,515,4410
2,7,7,5,515,4410
1,6,7,5,515,4410
0,5,7,5,515,4410
5,9,7,5,515,4410
4,8,7,5,515,4410
3,7,7,5,515,4410
2,6,7,5,515,4410
1,5,7,5,515,4410
0,4,7,5,515,4410
6,9,7,5,515,4410
5,8,7,5,515,4410
4,7,7,5,515,4410
3,6,7,5,515,4410
2,5,7,5,515,4410
1,4,7,5,515,4410
0,3,7,5,515,4410
7,9,7,5,515,4410
6,8,7,5,515,4410
5,7,7,5,515,4410
4,6,7,5,515,4410
3,5,7,5,515,4410
2,4,7,5,515,4410
1,3,7,5,515,4410
0,2,7,5,515,4410
9,9,7,5,515,4410
8,8,7,5,515,4410
8,9,7,5,515,4410
7,7,7,5,515,4410
7,8,7,5,515,4410
6,6,7,5,515,4410
6,7,7,5,515,4410
5,5,7,5,515,4410
5,6,7,5,515,4410
4,4,7,5,515,4410
4,5,7,5,515,4410
3,3,7,5,515,4410
3,4,7,5,515,4410
2,2,7,5,515,4410
2,3,7,5,515,4410
1,1,7,5,515,4410
1,2,7,5,515,4410
9,8,7,5,515,4410
9,7,7,5,515,4410
8,6,7,5,515,4410
8,7,7,5,515,4410
7,5,7,5,515,4410
7,6,7,5,515,4410
6,4,7,5,515,4410
6,5,7,5,515,4410
5,3,7,5,515,4410
5,4,7,5,515,4410
4,2,7,5,515,4410
4,3,7,5,515,4410
3,1,7,5,515,4410
3,2,7,5,515,4410
2,0,7,5,515,4410
2,1,7,5,515,4410
9,6,7,5,515,4410
9,5,7,5,515,4410
8,4,7,5,515,4410
8,5,7,5,515,4410
7,3,7,5,515,4410
7,4,7,5,515,4410
6,2,7,5,515,4410
6,3,7,5,515,4410
5,1,7,5,515,4410
5,2,7,5,515,4410
4,0,7,5,515,4410
4,1,7,5,515,4410
3,0,7,5,515,4410
