x,y,xhat,yhat,belief_id,uncertainty
0,0,0,0,0,0
0,0,1,0,1,586
1,0,1,0,1,586
0,1,1,0,1,586
0,0,2,0,2,1134
1,0,2,0,2,1134
0,1,2,0,2,1134
2,0,2,0,2,1134
1,1,2,0,2,1134
0,2,2,0,2,1134
0,0,3,0,3,1644
1,0,3,0,3,1644
0,1,3,0,3,1644
1,0,1,0,0,0
2,0,3,0,3,1644
1,1,3,0,3,1644
0,1,0,1,0,0
0,2,3,0,3,1644
2,0,2,0,0,0
3,0,3,0,3,1644
2,1,3,0,3,1644
1,1,1,1,0,0
1,2,3,0,3,1644
0,2,0,2,0,0
0,3,3,0,3,1644
0,0,4,0,4,2120
1,0,4,0,4,2120
0,1,4,0,4,2120
2,0,4,0,4,2120
1,1,4,0,4,2120
0,2,4,0,4,2120
0,0,2,0,5,588
2,0,2,0,5,588
1,0,2,0,5,588
1,1,2,0,5,588
3,0,4,0,4,2120
2,1,4,0,4,2120
1,2,4,0,4,2120
0,3,4,0,4,2120
1,0,3,0,5,588
3,0,3,0,5,588
2,0,3,0,5,588
2,1,3,0,5,588
3,0,3,0,0,0
4,0,4,0,4,2120
3,1,4,0,4,2120
2,1,2,1,0,0
2,2,4,0,4,2120
0,1,1,0,6,588
2,1,1,0,6,588
1,0,1,0,6,588
1,2,1,0,6,588
1,2,1,2,0,0
1,3,4,0,4,2120
0,3,0,3,0,0
0,4,4,0,4,2120
0,0,5,0,7,2564
1,0,5,0,7,2564
0,1,5,0,7,2564
2,0,5,0,7,2564
1,1,5,0,7,2564
0,2,5,0,7,2564
3,0,5,0,7,2564
2,1,5,0,7,2564
1,2,5,0,7,2564
0,3,5,0,7,2564
0,0,3,0,8,1136
1,0,3,0,8,1136
0,1,3,0,8,1136
3,0,3,0,8,1136
2,0,3,0,8,1136
2,1,3,0,8,1136
1,1,3,0,8,1136
1,2,3,0,8,1136
4,0,5,0,7,2564
3,1,5,0,7,2564
2,2,5,0,7,2564
1,3,5,0,7,2564
0,4,5,0,7,2564
0,0,4,0,9,1136
2,0,4,0,9,1136
1,0,4,0,9,1136
1,1,4,0,9,1136
4,0,4,0,9,1136
3,0,4,0,9,1136
3,1,4,0,9,1136
2,1,4,0,9,1136
2,2,4,0,9,1136
2,0,4,0,5,588
4,0,4,0,5,588
3,0,4,0,5,588
3,1,4,0,5,588
4,0,4,0,0,0
5,0,5,0,7,2564
4,1,5,0,7,2564
3,1,3,1,0,0
3,2,5,0,7,2564
1,1,2,0,6,588
3,1,2,0,6,588
2,0,2,0,6,588
2,2,2,0,6,588
2,2,2,2,0,0
2,3,5,0,7,2564
0,1,2,0,10,1138
1,1,2,0,10,1138
0,0,2,0,10,1138
0,2,2,0,10,1138
3,1,2,0,10,1138
2,0,2,0,10,1138
2,2,2,0,10,1138
1,0,2,0,10,1138
1,3,2,0,10,1138
0,2,1,1,6,588
2,2,1,1,6,588
1,1,1,1,6,588
1,3,1,1,6,588
1,3,1,3,0,0
1,4,5,0,7,2564
0,3,0,4,11,588
1,3,0,4,11,588
0,2,0,4,11,588
0,4,0,4,11,588
0,4,0,4,0,0
0,5,5,0,7,2564
0,0,6,0,12,2977
1,0,6,0,12,2977
0,1,6,0,12,2977
2,0,6,0,12,2977
1,1,6,0,12,2977
0,2,6,0,12,2977
3,0,6,0,12,2977
2,1,6,0,12,2977
1,2,6,0,12,2977
0,3,6,0,12,2977
4,0,6,0,12,2977
3,1,6,0,12,2977
2,2,6,0,12,2977
1,3,6,0,12,2977
0,4,6,0,12,2977
0,0,4,0,13,1646
1,0,4,0,13,1646
0,1,4,0,13,1646
2,0,4,0,13,1646
1,1,4,0,13,1646
0,2,4,0,13,1646
4,0,4,0,13,1646
3,0,4,0,13,1646
3,1,4,0,13,1646
2,1,4,0,13,1646
2,2,4,0,13,1646
1,2,4,0,13,1646
1,3,4,0,13,1646
5,0,6,0,12,2977
4,1,6,0,12,2977
3,2,6,0,12,2977
2,3,6,0,12,2977
1,4,6,0,12,2977
0,5,6,0,12,2977
0,0,5,0,14,1646
1,0,5,0,14,1646
0,1,5,0,14,1646
3,0,5,0,14,1646
2,0,5,0,14,1646
2,1,5,0,14,1646
1,1,5,0,14,1646
1,2,5,0,14,1646
5,0,5,0,14,1646
4,0,5,0,14,1646
4,1,5,0,14,1646
3,1,5,0,14,1646
3,2,5,0,14,1646
2,2,5,0,14,1646
2,3,5,0,14,1646
1,0,5,0,9,1136
3,0,5,0,9,1136
2,0,5,0,9,1136
2,1,5,0,9,1136
5,0,5,0,9,1136
4,0,5,0,9,1136
4,1,5,0,9,1136
3,1,5,0,9,1136
3,2,5,0,9,1136
3,0,5,0,5,588
5,0,5,0,5,588
4,0,5,0,5,588
4,1,5,0,5,588
5,0,5,0,0,0
6,0,6,0,12,2977
5,1,6,0,12,2977
4,1,4,1,0,0
4,2,6,0,12,2977
3,2,3,2,0,0
3,3,6,0,12,2977
0,1,3,0,15,1138
2,1,3,0,15,1138
1,0,3,0,15,1138
1,2,3,0,15,1138
4,1,3,0,15,1138
3,0,3,0,15,1138
3,2,3,0,15,1138
2,0,3,0,15,1138
2,3,3,0,15,1138
2,3,2,3,0,0
2,4,6,0,12,2977
0,1,3,0,16,1650
1,1,3,0,16,1650
0,0,3,0,16,1650
0,2,3,0,16,1650
2,1,3,0,16,1650
1,0,3,0,16,1650
1,2,3,0,16,1650
0,3,3,0,16,1650
4,1,3,0,16,1650
3,0,3,0,16,1650
3,2,3,0,16,1650
2,0,3,0,16,1650
2,3,3,0,16,1650
1,4,3,0,16,1650
0,2,1,0,17,1136
1,2,1,0,17,1136
0,1,1,0,17,1136
0,3,1,0,17,1136
3,2,1,0,17,1136
2,1,1,0,17,1136
2,3,1,0,17,1136
1,0,1,0,17,1136
1,4,1,0,17,1136
1,4,1,4,0,0
1,5,6,0,12,2977
0,3,0,5,18,1136
1,3,0,5,18,1136
0,2,0,5,18,1136
0,4,0,5,18,1136
2,3,0,5,18,1136
1,2,0,5,18,1136
1,4,0,5,18,1136
0,1,0,5,18,1136
0,5,0,5,18,1136
0,4,0,5,11,588
1,4,0,5,11,588
0,3,0,5,11,588
0,5,0,5,11,588
0,5,0,5,0,0
0,6,6,0,12,2977
0,0,7,0,19,3363
1,0,7,0,19,3363
0,1,7,0,19,3363
2,0,7,0,19,3363
1,1,7,0,19,3363
0,2,7,0,19,3363
3,0,7,0,19,3363
2,1,7,0,19,3363
1,2,7,0,19,3363
0,3,7,0,19,3363
4,0,7,0,19,3363
3,1,7,0,19,3363
2,2,7,0,19,3363
1,3,7,0,19,3363
0,4,7,0,19,3363
5,0,7,0,19,3363
4,1,7,0,19,3363
3,2,7,0,19,3363
2,3,7,0,19,3363
1,4,7,0,19,3363
0,5,7,0,19,3363
0,0,5,0,20,2122
1,0,5,0,20,2122
0,1,5,0,20,2122
2,0,5,0,20,2122
1,1,5,0,20,2122
0,2,5,0,20,2122
3,0,5,0,20,2122
2,1,5,0,20,2122
1,2,5,0,20,2122
0,3,5,0,20,2122
5,0,5,0,20,2122
4,0,5,0,20,2122
4,1,5,0,20,2122
3,1,5,0,20,2122
3,2,5,0,20,2122
2,2,5,0,20,2122
2,3,5,0,20,2122
1,3,5,0,20,2122
1,4,5,0,20,2122
6,0,7,0,19,3363
5,1,7,0,19,3363
4,2,7,0,19,3363
3,3,7,0,19,3363
2,4,7,0,19,3363
1,5,7,0,19,3363
0,6,7,0,19,3363
0,0,6,0,21,2122
1,0,6,0,21,2122
0,1,6,0,21,2122
2,0,6,0,21,2122
1,1,6,0,21,2122
0,2,6,0,21,2122
4,0,6,0,21,2122
3,0,6,0,21,2122
3,1,6,0,21,2122
2,1,6,0,21,2122
2,2,6,0,21,2122
1,2,6,0,21,2122
1,3,6,0,21,2122
6,0,6,0,21,2122
5,0,6,0,21,2122
5,1,6,0,21,2122
4,1,6,0,21,2122
4,2,6,0,21,2122
3,2,6,0,21,2122
3,3,6,0,21,2122
2,3,6,0,21,2122
2,4,6,0,21,2122
0,0,6,0,22,1646
2,0,6,0,22,1646
1,0,6,0,22,1646
1,1,6,0,22,1646
4,0,6,0,22,1646
3,0,6,0,22,1646
3,1,6,0,22,1646
2,1,6,0,22,1646
2,2,6,0,22,1646
6,0,6,0,22,1646
5,0,6,0,22,1646
5,1,6,0,22,1646
4,1,6,0,22,1646
4,2,6,0,22,1646
3,2,6,0,22,1646
3,3,6,0,22,1646
2,0,6,0,9,1136
4,0,6,0,9,1136
3,0,6,0,9,1136
3,1,6,0,9,1136
6,0,6,0,9,1136
5,0,6,0,9,1136
5,1,6,0,9,1136
4,1,6,0,9,1136
4,2,6,0,9,1136
4,0,6,0,5,588
6,0,6,0,5,588
5,0,6,0,5,588
5,1,6,0,5,588
6,0,6,0,0,0
7,0,7,0,19,3363
6,1,7,0,19,3363
5,1,5,1,0,0
5,2,7,0,19,3363
3,1,4,0,6,588
5,1,4,0,6,588
4,0,4,0,6,588
4,2,4,0,6,588
4,2,4,2,0,0
4,3,7,0,19,3363
2,2,3,3,23,588
4,2,3,3,23,588
3,1,3,3,23,588
3,3,3,3,23,588
3,3,3,3,0,0
3,4,7,0,19,3363
0,1,4,0,24,1650
1,1,4,0,24,1650
0,0,4,0,24,1650
0,2,4,0,24,1650
3,1,4,0,24,1650
2,0,4,0,24,1650
2,2,4,0,24,1650
1,0,4,0,24,1650
1,3,4,0,24,1650
5,1,4,0,24,1650
4,0,4,0,24,1650
4,2,4,0,24,1650
3,0,4,0,24,1650
3,3,4,0,24,1650
2,1,4,0,24,1650
2,4,4,0,24,1650
2,4,2,4,0,0
2,5,7,0,19,3363
0,1,4,0,25,2127
1,1,4,0,25,2127
0,0,4,0,25,2127
0,2,4,0,25,2127
2,1,4,0,25,2127
1,0,4,0,25,2127
1,2,4,0,25,2127
0,3,4,0,25,2127
3,1,4,0,25,2127
2,0,4,0,25,2127
2,2,4,0,25,2127
1,3,4,0,25,2127
0,4,4,0,25,2127
5,1,4,0,25,2127
4,0,4,0,25,2127
4,2,4,0,25,2127
3,0,4,0,25,2127
3,3,4,0,25,2127
2,4,4,0,25,2127
1,5,4,0,25,2127
0,2,2,0,26,1650
1,2,2,0,26,1650
0,1,2,0,26,1650
0,3,2,0,26,1650
2,2,2,0,26,1650
1,1,2,0,26,1650
1,3,2,0,26,1650
0,0,2,0,26,1650
0,4,2,0,26,1650
4,2,2,0,26,1650
3,1,2,0,26,1650
3,3,2,0,26,1650
2,0,2,0,26,1650
2,4,2,0,26,1650
1,0,2,0,26,1650
1,5,2,0,26,1650
1,5,1,5,0,0
1,6,7,0,19,3363
0,3,0,6,27,1646
1,3,0,6,27,1646
0,2,0,6,27,1646
0,4,0,6,27,1646
2,3,0,6,27,1646
1,2,0,6,27,1646
1,4,0,6,27,1646
0,1,0,6,27,1646
0,5,0,6,27,1646
3,3,0,6,27,1646
2,2,0,6,27,1646
2,4,0,6,27,1646
1,1,0,6,27,1646
1,5,0,6,27,1646
0,0,0,6,27,1646
0,6,0,6,27,1646
0,4,0,6,18,1136
1,4,0,6,18,1136
0,3,0,6,18,1136
0,5,0,6,18,1136
2,4,0,6,18,1136
1,3,0,6,18,1136
1,5,0,6,18,1136
0,2,0,6,18,1136
0,6,0,6,18,1136
0,5,0,6,11,588
1,5,0,6,11,588
0,4,0,6,11,588
0,6,0,6,11,588
0,6,0,6,0,0
0,7,7,0,19,3363
0,0,7,1,28,3743
1,0,7,1,28,3743
0,1,7,1,28,3743
2,0,7,1,28,3743
1,1,7,1,28,3743
0,2,7,1,28,3743
3,0,7,1,28,3743
2,1,7,1,28,3743
1,2,7,1,28,3743
0,3,7,1,28,3743
4,0,7,1,28,3743
3,1,7,1,28,3743
2,2,7,1,28,3743
1,3,7,1,28,3743
0,4,7,1,28,3743
5,0,7,1,28,3743
4,1,7,1,28,3743
3,2,7,1,28,3743
2,3,7,1,28,3743
1,4,7,1,28,3743
0,5,7,1,28,3743
6,0,7,1,28,3743
5,1,7,1,28,3743
4,2,7,1,28,3743
3,3,7,1,28,3743
2,4,7,1,28,3743
1,5,7,1,28,3743
0,6,7,1,28,3743
0,0,6,0,29,2565
1,0,6,0,29,2565
0,1,6,0,29,2565
2,0,6,0,29,2565
1,1,6,0,29,2565
0,2,6,0,29,2565
3,0,6,0,29,2565
2,1,6,0,29,2565
1,2,6,0,29,2565
0,3,6,0,29,2565
4,0,6,0,29,2565
3,1,6,0,29,2565
2,2,6,0,29,2565
1,3,6,0,29,2565
0,4,6,0,29,2565
6,0,6,0,29,2565
5,0,6,0,29,2565
5,1,6,0,29,2565
4,1,6,0,29,2565
4,2,6,0,29,2565
3,2,6,0,29,2565
3,3,6,0,29,2565
2,3,6,0,29,2565
2,4,6,0,29,2565
1,4,6,0,29,2565
1,5,6,0,29,2565
7,0,7,1,28,3743
6,1,7,1,28,3743
5,2,7,1,28,3743
4,3,7,1,28,3743
3,4,7,1,28,3743
2,5,7,1,28,3743
1,6,7,1,28,3743
0,7,7,1,28,3743
0,0,7,0,30,2565
1,0,7,0,30,2565
0,1,7,0,30,2565
2,0,7,0,30,2565
1,1,7,0,30,2565
0,2,7,0,30,2565
3,0,7,0,30,2565
2,1,7,0,30,2565
1,2,7,0,30,2565
0,3,7,0,30,2565
5,0,7,0,30,2565
4,0,7,0,30,2565
4,1,7,0,30,2565
3,1,7,0,30,2565
3,2,7,0,30,2565
2,2,7,0,30,2565
2,3,7,0,30,2565
1,3,7,0,30,2565
1,4,7,0,30,2565
7,0,7,0,30,2565
6,0,7,0,30,2565
6,1,7,0,30,2565
5,1,7,0,30,2565
5,2,7,0,30,2565
4,2,7,0,30,2565
4,3,7,0,30,2565
3,3,7,0,30,2565
3,4,7,0,30,2565
2,4,7,0,30,2565
2,5,7,0,30,2565
0,0,7,0,31,2122
1,0,7,0,31,2122
0,1,7,0,31,2122
3,0,7,0,31,2122
2,0,7,0,31,2122
2,1,7,0,31,2122
1,1,7,0,31,2122
1,2,7,0,31,2122
5,0,7,0,31,2122
4,0,7,0,31,2122
4,1,7,0,31,2122
3,1,7,0,31,2122
3,2,7,0,31,2122
2,2,7,0,31,2122
2,3,7,0,31,2122
7,0,7,0,31,2122
6,0,7,0,31,2122
6,1,7,0,31,2122
5,1,7,0,31,2122
5,2,7,0,31,2122
4,2,7,0,31,2122
4,3,7,0,31,2122
3,3,7,0,31,2122
3,4,7,0,31,2122
1,0,7,0,22,1646
3,0,7,0,22,1646
2,0,7,0,22,1646
2,1,7,0,22,1646
5,0,7,0,22,1646
4,0,7,0,22,1646
4,1,7,0,22,1646
3,1,7,0,22,1646
3,2,7,0,22,1646
7,0,7,0,22,1646
6,0,7,0,22,1646
6,1,7,0,22,1646
5,1,7,0,22,1646
5,2,7,0,22,1646
4,2,7,0,22,1646
4,3,7,0,22,1646
3,0,7,0,9,1136
5,0,7,0,9,1136
4,0,7,0,9,1136
4,1,7,0,9,1136
7,0,7,0,9,1136
6,0,7,0,9,1136
6,1,7,0,9,1136
5,1,7,0,9,1136
5,2,7,0,9,1136
5,0,7,0,5,588
7,0,7,0,5,588
6,0,7,0,5,588
6,1,7,0,5,588
7,0,7,0,0,0
8,0,7,1,28,3743
7,1,7,1,28,3743
6,1,6,1,0,0
6,2,7,1,28,3743
4,1,5,0,6,588
6,1,5,0,6,588
5,0,5,0,6,588
5,2,5,0,6,588
5,2,5,2,0,0
5,3,7,1,28,3743
2,1,5,0,15,1138
4,1,5,0,15,1138
3,0,5,0,15,1138
3,2,5,0,15,1138
6,1,5,0,15,1138
5,0,5,0,15,1138
5,2,5,0,15,1138
4,0,5,0,15,1138
4,3,5,0,15,1138
4,3,4,3,0,0
4,4,7,1,28,3743
1,2,3,4,32,1136
3,2,3,4,32,1136
2,1,3,4,32,1136
2,3,3,4,32,1136
5,2,3,4,32,1136
4,1,3,4,32,1136
4,3,3,4,32,1136
3,0,3,4,32,1136
3,4,3,4,32,1136
2,3,3,4,23,588
4,3,3,4,23,588
3,2,3,4,23,588
3,4,3,4,23,588
3,4,3,4,0,0
3,5,7,1,28,3743
0,1,5,0,33,2127
1,1,5,0,33,2127
0,0,5,0,33,2127
0,2,5,0,33,2127
2,1,5,0,33,2127
1,0,5,0,33,2127
1,2,5,0,33,2127
0,3,5,0,33,2127
4,1,5,0,33,2127
3,0,5,0,33,2127
3,2,5,0,33,2127
2,0,5,0,33,2127
2,3,5,0,33,2127
1,4,5,0,33,2127
6,1,5,0,33,2127
5,0,5,0,33,2127
5,2,5,0,33,2127
4,0,5,0,33,2127
4,3,5,0,33,2127
3,1,5,0,33,2127
3,4,5,0,33,2127
2,2,5,0,33,2127
2,5,5,0,33,2127
2,5,2,5,0,0
2,6,7,1,28,3743
0,1,5,0,34,2571
1,1,5,0,34,2571
0,0,5,0,34,2571
0,2,5,0,34,2571
2,1,5,0,34,2571
1,0,5,0,34,2571
1,2,5,0,34,2571
0,3,5,0,34,2571
3,1,5,0,34,2571
2,0,5,0,34,2571
2,2,5,0,34,2571
1,3,5,0,34,2571
0,4,5,0,34,2571
4,1,5,0,34,2571
3,0,5,0,34,2571
3,2,5,0,34,2571
2,3,5,0,34,2571
1,4,5,0,34,2571
0,5,5,0,34,2571
6,1,5,0,34,2571
5,0,5,0,34,2571
5,2,5,0,34,2571
4,0,5,0,34,2571
4,3,5,0,34,2571
3,4,5,0,34,2571
2,5,5,0,34,2571
1,6,5,0,34,2571
0,2,3,0,35,2128
1,2,3,0,35,2128
0,1,3,0,35,2128
0,3,3,0,35,2128
2,2,3,0,35,2128
1,1,3,0,35,2128
1,3,3,0,35,2128
0,0,3,0,35,2128
0,4,3,0,35,2128
3,2,3,0,35,2128
2,1,3,0,35,2128
2,3,3,0,35,2128
1,0,3,0,35,2128
1,4,3,0,35,2128
0,5,3,0,35,2128
5,2,3,0,35,2128
4,1,3,0,35,2128
4,3,3,0,35,2128
3,0,3,0,35,2128
3,4,3,0,35,2128
2,0,3,0,35,2128
2,5,3,0,35,2128
1,6,3,0,35,2128
0,5,1,6,23,588
2,5,1,6,23,588
1,4,1,6,23,588
1,6,1,6,23,588
1,6,1,6,0,0
1,7,7,1,28,3743
0,3,1,6,36,2132
1,3,1,6,36,2132
0,2,1,6,36,2132
0,4,1,6,36,2132
2,3,1,6,36,2132
1,2,1,6,36,2132
1,4,1,6,36,2132
0,1,1,6,36,2132
0,5,1,6,36,2132
3,3,1,6,36,2132
2,2,1,6,36,2132
2,4,1,6,36,2132
1,1,1,6,36,2132
1,5,1,6,36,2132
0,0,1,6,36,2132
0,6,1,6,36,2132
4,3,1,6,36,2132
3,2,1,6,36,2132
3,4,1,6,36,2132
2,1,1,6,36,2132
2,5,1,6,36,2132
1,0,1,6,36,2132
1,6,1,6,36,2132
0,7,1,6,36,2132
0,4,1,6,37,1653
1,4,1,6,37,1653
0,3,1,6,37,1653
0,5,1,6,37,1653
2,4,1,6,37,1653
1,3,1,6,37,1653
1,5,1,6,37,1653
0,2,1,6,37,1653
0,6,1,6,37,1653
3,4,1,6,37,1653
2,3,1,6,37,1653
2,5,1,6,37,1653
1,2,1,6,37,1653
1,6,1,6,37,1653
0,1,1,6,37,1653
0,7,1,6,37,1653
0,5,1,6,38,1139
1,5,1,6,38,1139
0,4,1,6,38,1139
0,6,1,6,38,1139
2,5,1,6,38,1139
1,4,1,6,38,1139
1,6,1,6,38,1139
0,3,1,6,38,1139
0,7,1,6,38,1139
0,6,1,6,39,588
1,6,1,6,39,588
0,5,1,6,39,588
0,7,1,6,39,588
0,7,0,7,0,0
0,8,7,1,28,3743
0,0,7,2,40,4099
1,0,7,2,40,4099
0,1,7,2,40,4099
2,0,7,2,40,4099
1,1,7,2,40,4099
0,2,7,2,40,4099
3,0,7,2,40,4099
2,1,7,2,40,4099
1,2,7,2,40,4099
0,3,7,2,40,4099
4,0,7,2,40,4099
3,1,7,2,40,4099
2,2,7,2,40,4099
1,3,7,2,40,4099
0,4,7,2,40,4099
5,0,7,2,40,4099
4,1,7,2,40,4099
3,2,7,2,40,4099
2,3,7,2,40,4099
1,4,7,2,40,4099
0,5,7,2,40,4099
6,0,7,2,40,4099
5,1,7,2,40,4099
4,2,7,2,40,4099
3,3,7,2,40,4099
2,4,7,2,40,4099
1,5,7,2,40,4099
0,6,7,2,40,4099
7,0,7,2,40,4099
6,1,7,2,40,4099
5,2,7,2,40,4099
4,3,7,2,40,4099
3,4,7,2,40,4099
2,5,7,2,40,4099
1,6,7,2,40,4099
0,7,7,2,40,4099
0,0,7,0,41,2979
1,0,7,0,41,2979
0,1,7,0,41,2979
2,0,7,0,41,2979
1,1,7,0,41,2979
0,2,7,0,41,2979
3,0,7,0,41,2979
2,1,7,0,41,2979
1,2,7,0,41,2979
0,3,7,0,41,2979
4,0,7,0,41,2979
3,1,7,0,41,2979
2,2,7,0,41,2979
1,3,7,0,41,2979
0,4,7,0,41,2979
5,0,7,0,41,2979
4,1,7,0,41,2979
3,2,7,0,41,2979
2,3,7,0,41,2979
1,4,7,0,41,2979
0,5,7,0,41,2979
7,0,7,0,41,2979
6,0,7,0,41,2979
6,1,7,0,41,2979
5,1,7,0,41,2979
5,2,7,0,41,2979
4,2,7,0,41,2979
4,3,7,0,41,2979
3,3,7,0,41,2979
3,4,7,0,41,2979
2,4,7,0,41,2979
2,5,7,0,41,2979
1,5,7,0,41,2979
1,6,7,0,41,2979
8,0,7,2,40,4099
7,1,7,2,40,4099
6,2,7,2,40,4099
5,3,7,2,40,4099
4,4,7,2,40,4099
3,5,7,2,40,4099
2,6,7,2,40,4099
1,7,7,2,40,4099
0,8,7,2,40,4099
0,0,7,1,42,2994
1,0,7,1,42,2994
0,1,7,1,42,2994
2,0,7,1,42,2994
1,1,7,1,42,2994
0,2,7,1,42,2994
3,0,7,1,42,2994
2,1,7,1,42,2994
1,2,7,1,42,2994
0,3,7,1,42,2994
4,0,7,1,42,2994
3,1,7,1,42,2994
2,2,7,1,42,2994
1,3,7,1,42,2994
0,4,7,1,42,2994
6,0,7,1,42,2994
5,0,7,1,42,2994
5,1,7,1,42,2994
4,1,7,1,42,2994
4,2,7,1,42,2994
3,2,7,1,42,2994
3,3,7,1,42,2994
2,3,7,1,42,2994
2,4,7,1,42,2994
1,4,7,1,42,2994
1,5,7,1,42,2994
8,0,7,1,42,2994
7,0,7,1,42,2994
7,1,7,1,42,2994
6,1,7,1,42,2994
6,2,7,1,42,2994
5,2,7,1,42,2994
5,3,7,1,42,2994
4,3,7,1,42,2994
4,4,7,1,42,2994
3,4,7,1,42,2994
3,5,7,1,42,2994
2,5,7,1,42,2994
2,6,7,1,42,2994
0,0,7,1,43,2578
1,0,7,1,43,2578
0,1,7,1,43,2578
2,0,7,1,43,2578
1,1,7,1,43,2578
0,2,7,1,43,2578
4,0,7,1,43,2578
3,0,7,1,43,2578
3,1,7,1,43,2578
2,1,7,1,43,2578
2,2,7,1,43,2578
1,2,7,1,43,2578
1,3,7,1,43,2578
6,0,7,1,43,2578
5,0,7,1,43,2578
5,1,7,1,43,2578
4,1,7,1,43,2578
4,2,7,1,43,2578
3,2,7,1,43,2578
3,3,7,1,43,2578
2,3,7,1,43,2578
2,4,7,1,43,2578
8,0,7,1,43,2578
7,0,7,1,43,2578
7,1,7,1,43,2578
6,1,7,1,43,2578
6,2,7,1,43,2578
5,2,7,1,43,2578
5,3,7,1,43,2578
4,3,7,1,43,2578
4,4,7,1,43,2578
3,4,7,1,43,2578
3,5,7,1,43,2578
0,0,7,1,44,2132
2,0,7,1,44,2132
1,0,7,1,44,2132
1,1,7,1,44,2132
4,0,7,1,44,2132
3,0,7,1,44,2132
3,1,7,1,44,2132
2,1,7,1,44,2132
2,2,7,1,44,2132
6,0,7,1,44,2132
5,0,7,1,44,2132
5,1,7,1,44,2132
4,1,7,1,44,2132
4,2,7,1,44,2132
3,2,7,1,44,2132
3,3,7,1,44,2132
8,0,7,1,44,2132
7,0,7,1,44,2132
7,1,7,1,44,2132
6,1,7,1,44,2132
6,2,7,1,44,2132
5,2,7,1,44,2132
5,3,7,1,44,2132
4,3,7,1,44,2132
4,4,7,1,44,2132
2,0,7,1,45,1653
4,0,7,1,45,1653
3,0,7,1,45,1653
3,1,7,1,45,1653
6,0,7,1,45,1653
5,0,7,1,45,1653
5,1,7,1,45,1653
4,1,7,1,45,1653
4,2,7,1,45,1653
8,0,7,1,45,1653
7,0,7,1,45,1653
7,1,7,1,45,1653
6,1,7,1,45,1653
6,2,7,1,45,1653
5,2,7,1,45,1653
5,3,7,1,45,1653
4,0,7,1,46,1139
6,0,7,1,46,1139
5,0,7,1,46,1139
5,1,7,1,46,1139
8,0,7,1,46,1139
7,0,7,1,46,1139
7,1,7,1,46,1139
6,1,7,1,46,1139
6,2,7,1,46,1139
6,0,7,1,47,588
8,0,7,1,47,588
7,0,7,1,47,588
7,1,7,1,47,588
8,0,8,0,0,0
9,0,7,2,40,4099
8,1,7,2,40,4099
7,1,7,1,0,0
7,2,7,2,40,4099
5,1,7,1,48,588
7,1,7,1,48,588
6,0,7,1,48,588
6,2,7,1,48,588
6,2,6,2,0,0
6,3,7,2,40,4099
3,1,6,0,15,1138
5,1,6,0,15,1138
4,0,6,0,15,1138
4,2,6,0,15,1138
7,1,6,0,15,1138
6,0,6,0,15,1138
6,2,6,0,15,1138
5,0,6,0,15,1138
5,3,6,0,15,1138
5,3,5,3,0,0
5,4,7,2,40,4099
1,1,6,0,49,1650
3,1,6,0,49,1650
2,0,6,0,49,1650
2,2,6,0,49,1650
5,1,6,0,49,1650
4,0,6,0,49,1650
4,2,6,0,49,1650
3,0,6,0,49,1650
3,3,6,0,49,1650
7,1,6,0,49,1650
6,0,6,0,49,1650
6,2,6,0,49,1650
5,0,6,0,49,1650
5,3,6,0,49,1650
4,1,6,0,49,1650
4,4,6,0,49,1650
3,3,4,4,23,588
5,3,4,4,23,588
4,2,4,4,23,588
4,4,4,4,23,588
4,4,4,4,0,0
4,5,7,2,40,4099
0,2,3,5,50,1646
2,2,3,5,50,1646
1,1,3,5,50,1646
1,3,3,5,50,1646
4,2,3,5,50,1646
3,1,3,5,50,1646
3,3,3,5,50,1646
2,0,3,5,50,1646
2,4,3,5,50,1646
6,2,3,5,50,1646
5,1,3,5,50,1646
5,3,3,5,50,1646
4,0,3,5,50,1646
4,4,3,5,50,1646
3,0,3,5,50,1646
3,5,3,5,50,1646
1,3,3,5,32,1136
3,3,3,5,32,1136
2,2,3,5,32,1136
2,4,3,5,32,1136
5,3,3,5,32,1136
4,2,3,5,32,1136
4,4,3,5,32,1136
3,1,3,5,32,1136
3,5,3,5,32,1136
2,4,3,5,23,588
4,4,3,5,23,588
3,3,3,5,23,588
3,5,3,5,23,588
3,5,3,5,0,0
3,6,7,2,40,4099
0,1,6,0,51,2571
1,1,6,0,51,2571
0,0,6,0,51,2571
0,2,6,0,51,2571
2,1,6,0,51,2571
1,0,6,0,51,2571
1,2,6,0,51,2571
0,3,6,0,51,2571
3,1,6,0,51,2571
2,0,6,0,51,2571
2,2,6,0,51,2571
1,3,6,0,51,2571
0,4,6,0,51,2571
5,1,6,0,51,2571
4,0,6,0,51,2571
4,2,6,0,51,2571
3,0,6,0,51,2571
3,3,6,0,51,2571
2,4,6,0,51,2571
1,5,6,0,51,2571
7,1,6,0,51,2571
6,0,6,0,51,2571
6,2,6,0,51,2571
5,0,6,0,51,2571
5,3,6,0,51,2571
4,1,6,0,51,2571
4,4,6,0,51,2571
3,2,6,0,51,2571
3,5,6,0,51,2571
2,3,6,0,51,2571
2,6,6,0,51,2571
2,6,2,6,0,0
2,7,7,2,40,4099
0,1,6,0,52,2986
1,1,6,0,52,2986
0,0,6,0,52,2986
0,2,6,0,52,2986
2,1,6,0,52,2986
1,0,6,0,52,2986
1,2,6,0,52,2986
0,3,6,0,52,2986
3,1,6,0,52,2986
2,0,6,0,52,2986
2,2,6,0,52,2986
1,3,6,0,52,2986
0,4,6,0,52,2986
4,1,6,0,52,2986
3,0,6,0,52,2986
3,2,6,0,52,2986
2,3,6,0,52,2986
1,4,6,0,52,2986
0,5,6,0,52,2986
5,1,6,0,52,2986
4,0,6,0,52,2986
4,2,6,0,52,2986
3,3,6,0,52,2986
2,4,6,0,52,2986
1,5,6,0,52,2986
0,6,6,0,52,2986
7,1,6,0,52,2986
6,0,6,0,52,2986
6,2,6,0,52,2986
5,0,6,0,52,2986
5,3,6,0,52,2986
4,4,6,0,52,2986
3,5,6,0,52,2986
2,6,6,0,52,2986
1,7,6,0,52,2986
0,2,4,0,53,2574
1,2,4,0,53,2574
0,1,4,0,53,2574
0,3,4,0,53,2574
2,2,4,0,53,2574
1,1,4,0,53,2574
1,3,4,0,53,2574
0,0,4,0,53,2574
0,4,4,0,53,2574
3,2,4,0,53,2574
2,1,4,0,53,2574
2,3,4,0,53,2574
1,0,4,0,53,2574
1,4,4,0,53,2574
0,5,4,0,53,2574
4,2,4,0,53,2574
3,1,4,0,53,2574
3,3,4,0,53,2574
2,0,4,0,53,2574
2,4,4,0,53,2574
1,5,4,0,53,2574
0,6,4,0,53,2574
6,2,4,0,53,2574
5,1,4,0,53,2574
5,3,4,0,53,2574
4,0,4,0,53,2574
4,4,4,0,53,2574
3,0,4,0,53,2574
3,5,4,0,53,2574
2,6,4,0,53,2574
1,7,4,0,53,2574
0,5,2,6,54,1138
1,5,2,6,54,1138
0,4,2,6,54,1138
0,6,2,6,54,1138
3,5,2,6,54,1138
2,4,2,6,54,1138
2,6,2,6,54,1138
1,3,2,6,54,1138
1,7,2,6,54,1138
0,6,2,6,48,588
2,6,2,6,48,588
1,5,2,6,48,588
1,7,2,6,48,588
1,7,1,7,0,0
1,8,7,2,40,4099
0,3,2,6,55,2586
1,3,2,6,55,2586
0,2,2,6,55,2586
0,4,2,6,55,2586
2,3,2,6,55,2586
1,2,2,6,55,2586
1,4,2,6,55,2586
0,1,2,6,55,2586
0,5,2,6,55,2586
3,3,2,6,55,2586
2,2,2,6,55,2586
2,4,2,6,55,2586
1,1,2,6,55,2586
1,5,2,6,55,2586
0,0,2,6,55,2586
0,6,2,6,55,2586
4,3,2,6,55,2586
3,2,2,6,55,2586
3,4,2,6,55,2586
2,1,2,6,55,2586
2,5,2,6,55,2586
1,0,2,6,55,2586
1,6,2,6,55,2586
0,7,2,6,55,2586
5,3,2,6,55,2586
4,2,2,6,55,2586
4,4,2,6,55,2586
3,1,2,6,55,2586
3,5,2,6,55,2586
2,0,2,6,55,2586
2,6,2,6,55,2586
1,7,2,6,55,2586
0,8,2,6,55,2586
0,4,2,6,56,2137
1,4,2,6,56,2137
0,3,2,6,56,2137
0,5,2,6,56,2137
2,4,2,6,56,2137
1,3,2,6,56,2137
1,5,2,6,56,2137
0,2,2,6,56,2137
0,6,2,6,56,2137
3,4,2,6,56,2137
2,3,2,6,56,2137
2,5,2,6,56,2137
1,2,2,6,56,2137
1,6,2,6,56,2137
0,1,2,6,56,2137
0,7,2,6,56,2137
4,4,2,6,56,2137
3,3,2,6,56,2137
3,5,2,6,56,2137
2,2,2,6,56,2137
2,6,2,6,56,2137
1,1,2,6,56,2137
1,7,2,6,56,2137
0,0,2,6,56,2137
0,8,2,6,56,2137
0,5,2,6,57,1655
1,5,2,6,57,1655
0,4,2,6,57,1655
0,6,2,6,57,1655
2,5,2,6,57,1655
1,4,2,6,57,1655
1,6,2,6,57,1655
0,3,2,6,57,1655
0,7,2,6,57,1655
3,5,2,6,57,1655
2,4,2,6,57,1655
2,6,2,6,57,1655
1,3,2,6,57,1655
1,7,2,6,57,1655
0,2,2,6,57,1655
0,8,2,6,57,1655
0,6,2,6,58,1138
1,6,2,6,58,1138
0,5,2,6,58,1138
0,7,2,6,58,1138
2,6,2,6,58,1138
1,5,2,6,58,1138
1,7,2,6,58,1138
0,4,2,6,58,1138
0,8,2,6,58,1138
0,7,0,6,59,588
1,7,0,6,59,588
0,6,0,6,59,588
0,8,0,6,59,588
0,8,0,8,0,0
0,9,7,2,40,4099
0,0,7,3,60,4430
1,0,7,3,60,4430
0,1,7,3,60,4430
2,0,7,3,60,4430
1,1,7,3,60,4430
0,2,7,3,60,4430
3,0,7,3,60,4430
2,1,7,3,60,4430
1,2,7,3,60,4430
0,3,7,3,60,4430
4,0,7,3,60,4430
3,1,7,3,60,4430
2,2,7,3,60,4430
1,3,7,3,60,4430
0,4,7,3,60,4430
5,0,7,3,60,4430
4,1,7,3,60,4430
3,2,7,3,60,4430
2,3,7,3,60,4430
1,4,7,3,60,4430
0,5,7,3,60,4430
6,0,7,3,60,4430
5,1,7,3,60,4430
4,2,7,3,60,4430
3,3,7,3,60,4430
2,4,7,3,60,4430
1,5,7,3,60,4430
0,6,7,3,60,4430
7,0,7,3,60,4430
6,1,7,3,60,4430
5,2,7,3,60,4430
4,3,7,3,60,4430
3,4,7,3,60,4430
2,5,7,3,60,4430
1,6,7,3,60,4430
0,7,7,3,60,4430
8,0,7,3,60,4430
7,1,7,3,60,4430
6,2,7,3,60,4430
5,3,7,3,60,4430
4,4,7,3,60,4430
3,5,7,3,60,4430
2,6,7,3,60,4430
1,7,7,3,60,4430
0,8,7,3,60,4430
0,0,7,1,61,3382
1,0,7,1,61,3382
0,1,7,1,61,3382
2,0,7,1,61,3382
1,1,7,1,61,3382
0,2,7,1,61,3382
3,0,7,1,61,3382
2,1,7,1,61,3382
1,2,7,1,61,3382
0,3,7,1,61,3382
4,0,7,1,61,3382
3,1,7,1,61,3382
2,2,7,1,61,3382
1,3,7,1,61,3382
0,4,7,1,61,3382
5,0,7,1,61,3382
4,1,7,1,61,3382
3,2,7,1,61,3382
2,3,7,1,61,3382
1,4,7,1,61,3382
0,5,7,1,61,3382
6,0,7,1,61,3382
5,1,7,1,61,3382
4,2,7,1,61,3382
3,3,7,1,61,3382
2,4,7,1,61,3382
1,5,7,1,61,3382
0,6,7,1,61,3382
8,0,7,1,61,3382
7,0,7,1,61,3382
7,1,7,1,61,3382
6,1,7,1,61,3382
6,2,7,1,61,3382
5,2,7,1,61,3382
5,3,7,1,61,3382
4,3,7,1,61,3382
4,4,7,1,61,3382
3,4,7,1,61,3382
3,5,7,1,61,3382
2,5,7,1,61,3382
2,6,7,1,61,3382
1,6,7,1,61,3382
1,7,7,1,61,3382
9,0,7,3,60,4430
8,1,7,3,60,4430
7,2,7,3,60,4430
6,3,7,3,60,4430
5,4,7,3,60,4430
4,5,7,3,60,4430
3,6,7,3,60,4430
2,7,7,3,60,4430
1,8,7,3,60,4430
0,9,7,3,60,4430
0,0,7,2,62,3395
1,0,7,2,62,3395
0,1,7,2,62,3395
2,0,7,2,62,3395
1,1,7,2,62,3395
0,2,7,2,62,3395
3,0,7,2,62,3395
2,1,7,2,62,3395
1,2,7,2,62,3395
0,3,7,2,62,3395
4,0,7,2,62,3395
3,1,7,2,62,3395
2,2,7,2,62,3395
1,3,7,2,62,3395
0,4,7,2,62,3395
5,0,7,2,62,3395
4,1,7,2,62,3395
3,2,7,2,62,3395
2,3,7,2,62,3395
1,4,7,2,62,3395
0,5,7,2,62,3395
7,0,7,2,62,3395
6,0,7,2,62,3395
6,1,7,2,62,3395
5,1,7,2,62,3395
5,2,7,2,62,3395
4,2,7,2,62,3395
4,3,7,2,62,3395
3,3,7,2,62,3395
3,4,7,2,62,3395
2,4,7,2,62,3395
2,5,7,2,62,3395
1,5,7,2,62,3395
1,6,7,2,62,3395
9,0,7,2,62,3395
8,0,7,2,62,3395
8,1,7,2,62,3395
7,1,7,2,62,3395
7,2,7,2,62,3395
6,2,7,2,62,3395
6,3,7,2,62,3395
5,3,7,2,62,3395
5,4,7,2,62,3395
4,4,7,2,62,3395
4,5,7,2,62,3395
3,5,7,2,62,3395
3,6,7,2,62,3395
2,6,7,2,62,3395
2,7,7,2,62,3395
0,0,7,2,63,3005
1,0,7,2,63,3005
0,1,7,2,63,3005
2,0,7,2,63,3005
1,1,7,2,63,3005
0,2,7,2,63,3005
3,0,7,2,63,3005
2,1,7,2,63,3005
1,2,7,2,63,3005
0,3,7,2,63,3005
5,0,7,2,63,3005
4,0,7,2,63,3005
4,1,7,2,63,3005
3,1,7,2,63,3005
3,2,7,2,63,3005
2,2,7,2,63,3005
2,3,7,2,63,3005
1,3,7,2,63,3005
1,4,7,2,63,3005
7,0,7,2,63,3005
6,0,7,2,63,3005
6,1,7,2,63,3005
5,1,7,2,63,3005
5,2,7,2,63,3005
4,2,7,2,63,3005
4,3,7,2,63,3005
3,3,7,2,63,3005
3,4,7,2,63,3005
2,4,7,2,63,3005
2,5,7,2,63,3005
9,0,7,2,63,3005
8,0,7,2,63,3005
8,1,7,2,63,3005
7,1,7,2,63,3005
7,2,7,2,63,3005
6,2,7,2,63,3005
6,3,7,2,63,3005
5,3,7,2,63,3005
5,4,7,2,63,3005
4,4,7,2,63,3005
4,5,7,2,63,3005
3,5,7,2,63,3005
3,6,7,2,63,3005
0,0,7,2,64,2586
1,0,7,2,64,2586
0,1,7,2,64,2586
3,0,7,2,64,2586
2,0,7,2,64,2586
2,1,7,2,64,2586
1,1,7,2,64,2586
1,2,7,2,64,2586
5,0,7,2,64,2586
4,0,7,2,64,2586
4,1,7,2,64,2586
3,1,7,2,64,2586
3,2,7,2,64,2586
2,2,7,2,64,2586
2,3,7,2,64,2586
7,0,7,2,64,2586
6,0,7,2,64,2586
6,1,7,2,64,2586
5,1,7,2,64,2586
5,2,7,2,64,2586
4,2,7,2,64,2586
4,3,7,2,64,2586
3,3,7,2,64,2586
3,4,7,2,64,2586
9,0,7,2,64,2586
8,0,7,2,64,2586
8,1,7,2,64,2586
7,1,7,2,64,2586
7,2,7,2,64,2586
6,2,7,2,64,2586
6,3,7,2,64,2586
5,3,7,2,64,2586
5,4,7,2,64,2586
4,4,7,2,64,2586
4,5,7,2,64,2586
1,0,7,2,65,2137
3,0,7,2,65,2137
2,0,7,2,65,2137
2,1,7,2,65,2137
5,0,7,2,65,2137
4,0,7,2,65,2137
4,1,7,2,65,2137
3,1,7,2,65,2137
3,2,7,2,65,2137
7,0,7,2,65,2137
6,0,7,2,65,2137
6,1,7,2,65,2137
5,1,7,2,65,2137
5,2,7,2,65,2137
4,2,7,2,65,2137
4,3,7,2,65,2137
9,0,7,2,65,2137
8,0,7,2,65,2137
8,1,7,2,65,2137
7,1,7,2,65,2137
7,2,7,2,65,2137
6,2,7,2,65,2137
6,3,7,2,65,2137
5,3,7,2,65,2137
5,4,7,2,65,2137
3,0,7,2,66,1655
5,0,7,2,66,1655
4,0,7,2,66,1655
4,1,7,2,66,1655
7,0,7,2,66,1655
6,0,7,2,66,1655
6,1,7,2,66,1655
5,1,7,2,66,1655
5,2,7,2,66,1655
9,0,7,2,66,1655
8,0,7,2,66,1655
8,1,7,2,66,1655
7,1,7,2,66,1655
7,2,7,2,66,1655
6,2,7,2,66,1655
6,3,7,2,66,1655
5,0,7,2,67,1138
7,0,7,2,67,1138
6,0,7,2,67,1138
6,1,7,2,67,1138
9,0,7,2,67,1138
8,0,7,2,67,1138
8,1,7,2,67,1138
7,1,7,2,67,1138
7,2,7,2,67,1138
7,0,7,0,68,588
9,0,7,0,68,588
8,0,7,0,68,588
8,1,7,0,68,588
9,0,9,0,0,0
9,1,7,3,60,4430
8,1,8,1,0,0
8,2,7,3,60,4430
6,1,7,2,23,588
8,1,7,2,23,588
7,0,7,2,23,588
7,2,7,2,23,588
7,2,7,2,0,0
7,3,7,3,60,4430
4,1,7,2,69,1138
6,1,7,2,69,1138
5,0,7,2,69,1138
5,2,7,2,69,1138
8,1,7,2,69,1138
7,0,7,2,69,1138
7,2,7,2,69,1138
6,0,7,2,69,1138
6,3,7,2,69,1138
6,3,6,3,0,0
6,4,7,3,60,4430
2,1,7,0,49,1650
4,1,7,0,49,1650
3,0,7,0,49,1650
3,2,7,0,49,1650
6,1,7,0,49,1650
5,0,7,0,49,1650
5,2,7,0,49,1650
4,0,7,0,49,1650
4,3,7,0,49,1650
8,1,7,0,49,1650
7,0,7,0,49,1650
7,2,7,0,49,1650
6,0,7,0,49,1650
6,3,7,0,49,1650
5,1,7,0,49,1650
5,4,7,0,49,1650
4,3,5,4,23,588
6,3,5,4,23,588
5,2,5,4,23,588
5,4,5,4,23,588
5,4,5,4,0,0
5,5,7,3,60,4430
0,1,7,0,70,2127
2,1,7,0,70,2127
1,0,7,0,70,2127
1,2,7,0,70,2127
4,1,7,0,70,2127
3,0,7,0,70,2127
3,2,7,0,70,2127
2,0,7,0,70,2127
2,3,7,0,70,2127
6,1,7,0,70,2127
5,0,7,0,70,2127
5,2,7,0,70,2127
4,0,7,0,70,2127
4,3,7,0,70,2127
3,1,7,0,70,2127
3,4,7,0,70,2127
8,1,7,0,70,2127
7,0,7,0,70,2127
7,2,7,0,70,2127
6,0,7,0,70,2127
6,3,7,0,70,2127
5,1,7,0,70,2127
5,4,7,0,70,2127
4,2,7,0,70,2127
4,5,7,0,70,2127
2,3,5,4,71,1138
4,3,5,4,71,1138
3,2,5,4,71,1138
3,4,5,4,71,1138
6,3,5,4,71,1138
5,2,5,4,71,1138
5,4,5,4,71,1138
4,1,5,4,71,1138
4,5,5,4,71,1138
3,4,5,4,48,588
5,4,5,4,48,588
4,3,5,4,48,588
4,5,5,4,48,588
4,5,4,5,0,0
4,6,7,3,60,4430
0,2,3,6,72,2122
1,2,3,6,72,2122
0,1,3,6,72,2122
0,3,3,6,72,2122
3,2,3,6,72,2122
2,1,3,6,72,2122
2,3,3,6,72,2122
1,0,3,6,72,2122
1,4,3,6,72,2122
5,2,3,6,72,2122
4,1,3,6,72,2122
4,3,3,6,72,2122
3,0,3,6,72,2122
3,4,3,6,72,2122
2,0,3,6,72,2122
2,5,3,6,72,2122
7,2,3,6,72,2122
6,1,3,6,72,2122
6,3,3,6,72,2122
5,0,3,6,72,2122
5,4,3,6,72,2122
4,0,3,6,72,2122
4,5,3,6,72,2122
3,1,3,6,72,2122
3,6,3,6,72,2122
0,3,3,6,73,1646
2,3,3,6,73,1646
1,2,3,6,73,1646
1,4,3,6,73,1646
4,3,3,6,73,1646
3,2,3,6,73,1646
3,4,3,6,73,1646
2,1,3,6,73,1646
2,5,3,6,73,1646
6,3,3,6,73,1646
5,2,3,6,73,1646
5,4,3,6,73,1646
4,1,3,6,73,1646
4,5,3,6,73,1646
3,0,3,6,73,1646
3,6,3,6,73,1646
1,4,3,6,32,1136
3,4,3,6,32,1136
2,3,3,6,32,1136
2,5,3,6,32,1136
5,4,3,6,32,1136
4,3,3,6,32,1136
4,5,3,6,32,1136
3,2,3,6,32,1136
3,6,3,6,32,1136
2,5,3,6,23,588
4,5,3,6,23,588
3,4,3,6,23,588
3,6,3,6,23,588
3,6,3,6,0,0
3,7,7,3,60,4430
0,1,7,0,74,2986
1,1,7,0,74,2986
0,0,7,0,74,2986
0,2,7,0,74,2986
2,1,7,0,74,2986
1,0,7,0,74,2986
1,2,7,0,74,2986
0,3,7,0,74,2986
3,1,7,0,74,2986
2,0,7,0,74,2986
2,2,7,0,74,2986
1,3,7,0,74,2986
0,4,7,0,74,2986
4,1,7,0,74,2986
3,0,7,0,74,2986
3,2,7,0,74,2986
2,3,7,0,74,2986
1,4,7,0,74,2986
0,5,7,0,74,2986
6,1,7,0,74,2986
5,0,7,0,74,2986
5,2,7,0,74,2986
4,0,7,0,74,2986
4,3,7,0,74,2986
3,4,7,0,74,2986
2,5,7,0,74,2986
1,6,7,0,74,2986
8,1,7,0,74,2986
7,0,7,0,74,2986
7,2,7,0,74,2986
6,0,7,0,74,2986
6,3,7,0,74,2986
5,1,7,0,74,2986
5,4,7,0,74,2986
4,2,7,0,74,2986
4,5,7,0,74,2986
3,3,7,0,74,2986
3,6,7,0,74,2986
2,4,7,0,74,2986
2,7,7,0,74,2986
1,6,3,6,48,588
3,6,3,6,48,588
2,5,3,6,48,588
2,7,3,6,48,588
2,7,2,7,0,0
2,8,7,3,60,4430
0,1,7,0,75,3373
1,1,7,0,75,3373
0,0,7,0,75,3373
0,2,7,0,75,3373
2,1,7,0,75,3373
1,0,7,0,75,3373
1,2,7,0,75,3373
0,3,7,0,75,3373
3,1,7,0,75,3373
2,0,7,0,75,3373
2,2,7,0,75,3373
1,3,7,0,75,3373
0,4,7,0,75,3373
4,1,7,0,75,3373
3,0,7,0,75,3373
3,2,7,0,75,3373
2,3,7,0,75,3373
1,4,7,0,75,3373
0,5,7,0,75,3373
5,1,7,0,75,3373
4,0,7,0,75,3373
4,2,7,0,75,3373
3,3,7,0,75,3373
2,4,7,0,75,3373
1,5,7,0,75,3373
0,6,7,0,75,3373
6,1,7,0,75,3373
5,0,7,0,75,3373
5,2,7,0,75,3373
4,3,7,0,75,3373
3,4,7,0,75,3373
2,5,7,0,75,3373
1,6,7,0,75,3373
0,7,7,0,75,3373
8,1,7,0,75,3373
7,0,7,0,75,3373
7,2,7,0,75,3373
6,0,7,0,75,3373
6,3,7,0,75,3373
5,4,7,0,75,3373
4,5,7,0,75,3373
3,6,7,0,75,3373
2,7,7,0,75,3373
1,8,7,0,75,3373
0,2,5,0,76,2991
1,2,5,0,76,2991
0,1,5,0,76,2991
0,3,5,0,76,2991
2,2,5,0,76,2991
1,1,5,0,76,2991
1,3,5,0,76,2991
0,0,5,0,76,2991
0,4,5,0,76,2991
3,2,5,0,76,2991
2,1,5,0,76,2991
2,3,5,0,76,2991
1,0,5,0,76,2991
1,4,5,0,76,2991
0,5,5,0,76,2991
4,2,5,0,76,2991
3,1,5,0,76,2991
3,3,5,0,76,2991
2,0,5,0,76,2991
2,4,5,0,76,2991
1,5,5,0,76,2991
0,6,5,0,76,2991
5,2,5,0,76,2991
4,1,5,0,76,2991
4,3,5,0,76,2991
3,0,5,0,76,2991
3,4,5,0,76,2991
2,5,5,0,76,2991
1,6,5,0,76,2991
0,7,5,0,76,2991
7,2,5,0,76,2991
6,1,5,0,76,2991
6,3,5,0,76,2991
5,0,5,0,76,2991
5,4,5,0,76,2991
4,0,5,0,76,2991
4,5,5,0,76,2991
3,6,5,0,76,2991
2,7,5,0,76,2991
1,8,5,0,76,2991
0,5,3,6,77,1650
1,5,3,6,77,1650
0,4,3,6,77,1650
0,6,3,6,77,1650
2,5,3,6,77,1650
1,4,3,6,77,1650
1,6,3,6,77,1650
0,3,3,6,77,1650
0,7,3,6,77,1650
4,5,3,6,77,1650
3,4,3,6,77,1650
3,6,3,6,77,1650
2,3,3,6,77,1650
2,7,3,6,77,1650
1,2,3,6,77,1650
1,8,3,6,77,1650
0,6,3,6,78,1136
1,6,3,6,78,1136
0,5,3,6,78,1136
0,7,3,6,78,1136
3,6,3,6,78,1136
2,5,3,6,78,1136
2,7,3,6,78,1136
1,4,3,6,78,1136
1,8,3,6,78,1136
1,8,1,8,0,0
1,9,7,3,60,4430
0,3,3,6,79,3009
1,3,3,6,79,3009
0,2,3,6,79,3009
0,4,3,6,79,3009
2,3,3,6,79,3009
1,2,3,6,79,3009
1,4,3,6,79,3009
0,1,3,6,79,3009
0,5,3,6,79,3009
3,3,3,6,79,3009
2,2,3,6,79,3009
2,4,3,6,79,3009
1,1,3,6,79,3009
1,5,3,6,79,3009
0,0,3,6,79,3009
0,6,3,6,79,3009
4,3,3,6,79,3009
3,2,3,6,79,3009
3,4,3,6,79,3009
2,1,3,6,79,3009
2,5,3,6,79,3009
1,0,3,6,79,3009
1,6,3,6,79,3009
0,7,3,6,79,3009
5,3,3,6,79,3009
4,2,3,6,79,3009
4,4,3,6,79,3009
3,1,3,6,79,3009
3,5,3,6,79,3009
2,0,3,6,79,3009
2,6,3,6,79,3009
1,7,3,6,79,3009
0,8,3,6,79,3009
6,3,3,6,79,3009
5,2,3,6,79,3009
5,4,3,6,79,3009
4,1,3,6,79,3009
4,5,3,6,79,3009
3,0,3,6,79,3009
3,6,3,6,79,3009
2,7,3,6,79,3009
1,8,3,6,79,3009
0,9,3,6,79,3009
0,4,3,6,80,2588
1,4,3,6,80,2588
0,3,3,6,80,2588
0,5,3,6,80,2588
2,4,3,6,80,2588
1,3,3,6,80,2588
1,5,3,6,80,2588
0,2,3,6,80,2588
0,6,3,6,80,2588
3,4,3,6,80,2588
2,3,3,6,80,2588
2,5,3,6,80,2588
1,2,3,6,80,2588
1,6,3,6,80,2588
0,1,3,6,80,2588
0,7,3,6,80,2588
4,4,3,6,80,2588
3,3,3,6,80,2588
3,5,3,6,80,2588
2,2,3,6,80,2588
2,6,3,6,80,2588
1,1,3,6,80,2588
1,7,3,6,80,2588
0,0,3,6,80,2588
0,8,3,6,80,2588
5,4,3,6,80,2588
4,3,3,6,80,2588
4,5,3,6,80,2588
3,2,3,6,80,2588
3,6,3,6,80,2588
2,1,3,6,80,2588
2,7,3,6,80,2588
1,0,3,6,80,2588
1,8,3,6,80,2588
0,9,3,6,80,2588
0,5,3,6,81,2135
1,5,3,6,81,2135
0,4,3,6,81,2135
0,6,3,6,81,2135
2,5,3,6,81,2135
1,4,3,6,81,2135
1,6,3,6,81,2135
0,3,3,6,81,2135
0,7,3,6,81,2135
3,5,3,6,81,2135
2,4,3,6,81,2135
2,6,3,6,81,2135
1,3,3,6,81,2135
1,7,3,6,81,2135
0,2,3,6,81,2135
0,8,3,6,81,2135
4,5,3,6,81,2135
3,4,3,6,81,2135
3,6,3,6,81,2135
2,3,3,6,81,2135
2,7,3,6,81,2135
1,2,3,6,81,2135
1,8,3,6,81,2135
0,1,3,6,81,2135
0,9,3,6,81,2135
0,6,3,6,82,1650
1,6,3,6,82,1650
0,5,3,6,82,1650
0,7,3,6,82,1650
2,6,3,6,82,1650
1,5,3,6,82,1650
1,7,3,6,82,1650
0,4,3,6,82,1650
0,8,3,6,82,1650
3,6,3,6,82,1650
2,5,3,6,82,1650
2,7,3,6,82,1650
1,4,3,6,82,1650
1,8,3,6,82,1650
0,3,3,6,82,1650
0,9,3,6,82,1650
0,7,1,6,83,1139
1,7,1,6,83,1139
0,6,1,6,83,1139
0,8,1,6,83,1139
2,7,1,6,83,1139
1,6,1,6,83,1139
1,8,1,6,83,1139
0,5,1,6,83,1139
0,9,1,6,83,1139
0,8,0,7,59,588
1,8,0,7,59,588
0,7,0,7,59,588
0,9,0,7,59,588
0,9,0,9,0,0
0,0,7,2,84,3760
1,0,7,2,84,3760
0,1,7,2,84,3760
2,0,7,2,84,3760
1,1,7,2,84,3760
0,2,7,2,84,3760
3,0,7,2,84,3760
2,1,7,2,84,3760
1,2,7,2,84,3760
0,3,7,2,84,3760
4,0,7,2,84,3760
3,1,7,2,84,3760
2,2,7,2,84,3760
1,3,7,2,84,3760
0,4,7,2,84,3760
5,0,7,2,84,3760
4,1,7,2,84,3760
3,2,7,2,84,3760
2,3,7,2,84,3760
1,4,7,2,84,3760
0,5,7,2,84,3760
6,0,7,2,84,3760
5,1,7,2,84,3760
4,2,7,2,84,3760
3,3,7,2,84,3760
2,4,7,2,84,3760
1,5,7,2,84,3760
0,6,7,2,84,3760
7,0,7,2,84,3760
6,1,7,2,84,3760
5,2,7,2,84,3760
4,3,7,2,84,3760
3,4,7,2,84,3760
2,5,7,2,84,3760
1,6,7,2,84,3760
0,7,7,2,84,3760
9,0,7,2,84,3760
8,0,7,2,84,3760
8,1,7,2,84,3760
7,1,7,2,84,3760
7,2,7,2,84,3760
6,2,7,2,84,3760
6,3,7,2,84,3760
5,3,7,2,84,3760
5,4,7,2,84,3760
4,4,7,2,84,3760
4,5,7,2,84,3760
3,5,7,2,84,3760
3,6,7,2,84,3760
2,6,7,2,84,3760
2,7,7,2,84,3760
1,7,7,2,84,3760
1,8,7,2,84,3760
0,0,7,3,85,3769
1,0,7,3,85,3769
0,1,7,3,85,3769
2,0,7,3,85,3769
1,1,7,3,85,3769
0,2,7,3,85,3769
3,0,7,3,85,3769
2,1,7,3,85,3769
1,2,7,3,85,3769
0,3,7,3,85,3769
4,0,7,3,85,3769
3,1,7,3,85,3769
2,2,7,3,85,3769
1,3,7,3,85,3769
0,4,7,3,85,3769
5,0,7,3,85,3769
4,1,7,3,85,3769
3,2,7,3,85,3769
2,3,7,3,85,3769
1,4,7,3,85,3769
0,5,7,3,85,3769
6,0,7,3,85,3769
5,1,7,3,85,3769
4,2,7,3,85,3769
3,3,7,3,85,3769
2,4,7,3,85,3769
1,5,7,3,85,3769
0,6,7,3,85,3769
8,0,7,3,85,3769
7,0,7,3,85,3769
7,1,7,3,85,3769
6,1,7,3,85,3769
6,2,7,3,85,3769
5,2,7,3,85,3769
5,3,7,3,85,3769
4,3,7,3,85,3769
4,4,7,3,85,3769
3,4,7,3,85,3769
3,5,7,3,85,3769
2,5,7,3,85,3769
2,6,7,3,85,3769
1,6,7,3,85,3769
1,7,7,3,85,3769
9,0,7,3,85,3769
9,1,7,3,85,3769
8,1,7,3,85,3769
8,2,7,3,85,3769
7,2,7,3,85,3769
7,3,7,3,85,3769
6,3,7,3,85,3769
6,4,7,3,85,3769
5,4,7,3,85,3769
5,5,7,3,85,3769
4,5,7,3,85,3769
4,6,7,3,85,3769
3,6,7,3,85,3769
3,7,7,3,85,3769
2,7,7,3,85,3769
2,8,7,3,85,3769
0,0,7,3,86,3402
1,0,7,3,86,3402
0,1,7,3,86,3402
2,0,7,3,86,3402
1,1,7,3,86,3402
0,2,7,3,86,3402
3,0,7,3,86,3402
2,1,7,3,86,3402
1,2,7,3,86,3402
0,3,7,3,86,3402
4,0,7,3,86,3402
3,1,7,3,86,3402
2,2,7,3,86,3402
1,3,7,3,86,3402
0,4,7,3,86,3402
6,0,7,3,86,3402
5,0,7,3,86,3402
5,1,7,3,86,3402
4,1,7,3,86,3402
4,2,7,3,86,3402
3,2,7,3,86,3402
3,3,7,3,86,3402
2,3,7,3,86,3402
2,4,7,3,86,3402
1,4,7,3,86,3402
1,5,7,3,86,3402
8,0,7,3,86,3402
7,0,7,3,86,3402
7,1,7,3,86,3402
6,1,7,3,86,3402
6,2,7,3,86,3402
5,2,7,3,86,3402
5,3,7,3,86,3402
4,3,7,3,86,3402
4,4,7,3,86,3402
3,4,7,3,86,3402
3,5,7,3,86,3402
2,5,7,3,86,3402
2,6,7,3,86,3402
9,0,7,3,86,3402
9,1,7,3,86,3402
8,1,7,3,86,3402
8,2,7,3,86,3402
7,2,7,3,86,3402
7,3,7,3,86,3402
6,3,7,3,86,3402
6,4,7,3,86,3402
5,4,7,3,86,3402
5,5,7,3,86,3402
4,5,7,3,86,3402
4,6,7,3,86,3402
3,6,7,3,86,3402
3,7,7,3,86,3402
0,0,7,3,87,3009
1,0,7,3,87,3009
0,1,7,3,87,3009
2,0,7,3,87,3009
1,1,7,3,87,3009
0,2,7,3,87,3009
4,0,7,3,87,3009
3,0,7,3,87,3009
3,1,7,3,87,3009
2,1,7,3,87,3009
2,2,7,3,87,3009
1,2,7,3,87,3009
1,3,7,3,87,3009
6,0,7,3,87,3009
5,0,7,3,87,3009
5,1,7,3,87,3009
4,1,7,3,87,3009
4,2,7,3,87,3009
3,2,7,3,87,3009
3,3,7,3,87,3009
2,3,7,3,87,3009
2,4,7,3,87,3009
8,0,7,3,87,3009
7,0,7,3,87,3009
7,1,7,3,87,3009
6,1,7,3,87,3009
6,2,7,3,87,3009
5,2,7,3,87,3009
5,3,7,3,87,3009
4,3,7,3,87,3009
4,4,7,3,87,3009
3,4,7,3,87,3009
3,5,7,3,87,3009
9,0,7,3,87,3009
9,1,7,3,87,3009
8,1,7,3,87,3009
8,2,7,3,87,3009
7,2,7,3,87,3009
7,3,7,3,87,3009
6,3,7,3,87,3009
6,4,7,3,87,3009
5,4,7,3,87,3009
5,5,7,3,87,3009
4,5,7,3,87,3009
4,6,7,3,87,3009
0,0,7,3,88,2588
2,0,7,3,88,2588
1,0,7,3,88,2588
1,1,7,3,88,2588
4,0,7,3,88,2588
3,0,7,3,88,2588
3,1,7,3,88,2588
2,1,7,3,88,2588
2,2,7,3,88,2588
6,0,7,3,88,2588
5,0,7,3,88,2588
5,1,7,3,88,2588
4,1,7,3,88,2588
4,2,7,3,88,2588
3,2,7,3,88,2588
3,3,7,3,88,2588
8,0,7,3,88,2588
7,0,7,3,88,2588
7,1,7,3,88,2588
6,1,7,3,88,2588
6,2,7,3,88,2588
5,2,7,3,88,2588
5,3,7,3,88,2588
4,3,7,3,88,2588
4,4,7,3,88,2588
9,0,7,3,88,2588
9,1,7,3,88,2588
8,1,7,3,88,2588
8,2,7,3,88,2588
7,2,7,3,88,2588
7,3,7,3,88,2588
6,3,7,3,88,2588
6,4,7,3,88,2588
5,4,7,3,88,2588
5,5,7,3,88,2588
2,0,7,3,89,2135
4,0,7,3,89,2135
3,0,7,3,89,2135
3,1,7,3,89,2135
6,0,7,3,89,2135
5,0,7,3,89,2135
5,1,7,3,89,2135
4,1,7,3,89,2135
4,2,7,3,89,2135
8,0,7,3,89,2135
7,0,7,3,89,2135
7,1,7,3,89,2135
6,1,7,3,89,2135
6,2,7,3,89,2135
5,2,7,3,89,2135
5,3,7,3,89,2135
9,0,7,3,89,2135
9,1,7,3,89,2135
8,1,7,3,89,2135
8,2,7,3,89,2135
7,2,7,3,89,2135
7,3,7,3,89,2135
6,3,7,3,89,2135
6,4,7,3,89,2135
4,0,7,3,90,1650
6,0,7,3,90,1650
5,0,7,3,90,1650
5,1,7,3,90,1650
8,0,7,3,90,1650
7,0,7,3,90,1650
7,1,7,3,90,1650
6,1,7,3,90,1650
6,2,7,3,90,1650
9,0,7,3,90,1650
9,1,7,3,90,1650
8,1,7,3,90,1650
8,2,7,3,90,1650
7,2,7,3,90,1650
7,3,7,3,90,1650
6,0,7,1,91,1139
8,0,7,1,91,1139
7,0,7,1,91,1139
7,1,7,1,91,1139
9,0,7,1,91,1139
9,1,7,1,91,1139
8,1,7,1,91,1139
8,2,7,1,91,1139
8,0,8,0,92,586
9,0,8,0,92,586
9,1,8,0,92,586
9,1,9,1,0,0
7,1,8,2,23,588
9,1,8,2,23,588
8,0,8,2,23,588
8,2,8,2,23,588
8,2,8,2,0,0
5,1,7,3,93,1136
7,1,7,3,93,1136
6,0,7,3,93,1136
6,2,7,3,93,1136
9,1,7,3,93,1136
8,0,7,3,93,1136
8,2,7,3,93,1136
7,0,7,3,93,1136
7,3,7,3,93,1136
6,2,7,3,23,588
8,2,7,3,23,588
7,1,7,3,23,588
7,3,7,3,23,588
7,3,7,3,0,0
3,1,7,3,94,1650
5,1,7,3,94,1650
4,0,7,3,94,1650
4,2,7,3,94,1650
7,1,7,3,94,1650
6,0,7,3,94,1650
6,2,7,3,94,1650
5,0,7,3,94,1650
5,3,7,3,94,1650
9,1,7,3,94,1650
8,0,7,3,94,1650
8,2,7,3,94,1650
7,0,7,3,94,1650
7,3,7,3,94,1650
6,1,7,3,94,1650
6,4,7,3,94,1650
5,3,5,3,95,588
7,3,5,3,95,588
6,2,5,3,95,588
6,4,5,3,95,588
6,4,6,4,0,0
1,1,7,1,96,2132
3,1,7,1,96,2132
2,0,7,1,96,2132
2,2,7,1,96,2132
5,1,7,1,96,2132
4,0,7,1,96,2132
4,2,7,1,96,2132
3,0,7,1,96,2132
3,3,7,1,96,2132
7,1,7,1,96,2132
6,0,7,1,96,2132
6,2,7,1,96,2132
5,0,7,1,96,2132
5,3,7,1,96,2132
4,1,7,1,96,2132
4,4,7,1,96,2132
9,1,7,1,96,2132
8,0,7,1,96,2132
8,2,7,1,96,2132
7,0,7,1,96,2132
7,3,7,1,96,2132
6,1,7,1,96,2132
6,4,7,1,96,2132
5,2,7,1,96,2132
5,5,7,1,96,2132
3,3,5,5,32,1136
5,3,5,5,32,1136
4,2,5,5,32,1136
4,4,5,5,32,1136
7,3,5,5,32,1136
6,2,5,5,32,1136
6,4,5,5,32,1136
5,1,5,5,32,1136
5,5,5,5,32,1136
4,4,5,5,23,588
6,4,5,5,23,588
5,3,5,5,23,588
5,5,5,5,23,588
5,5,5,5,0,0
0,1,7,1,97,2579
1,1,7,1,97,2579
0,0,7,1,97,2579
0,2,7,1,97,2579
3,1,7,1,97,2579
2,0,7,1,97,2579
2,2,7,1,97,2579
1,0,7,1,97,2579
1,3,7,1,97,2579
5,1,7,1,97,2579
4,0,7,1,97,2579
4,2,7,1,97,2579
3,0,7,1,97,2579
3,3,7,1,97,2579
2,1,7,1,97,2579
2,4,7,1,97,2579
7,1,7,1,97,2579
6,0,7,1,97,2579
6,2,7,1,97,2579
5,0,7,1,97,2579
5,3,7,1,97,2579
4,1,7,1,97,2579
4,4,7,1,97,2579
3,2,7,1,97,2579
3,5,7,1,97,2579
9,1,7,1,97,2579
8,0,7,1,97,2579
8,2,7,1,97,2579
7,0,7,1,97,2579
7,3,7,1,97,2579
6,1,7,1,97,2579
6,4,7,1,97,2579
5,2,7,1,97,2579
5,5,7,1,97,2579
4,3,7,1,97,2579
4,6,7,1,97,2579
1,3,5,5,98,1650
3,3,5,5,98,1650
2,2,5,5,98,1650
2,4,5,5,98,1650
5,3,5,5,98,1650
4,2,5,5,98,1650
4,4,5,5,98,1650
3,1,5,5,98,1650
3,5,5,5,98,1650
7,3,5,5,98,1650
6,2,5,5,98,1650
6,4,5,5,98,1650
5,1,5,5,98,1650
5,5,5,5,98,1650
4,0,5,5,98,1650
4,6,5,5,98,1650
2,4,5,5,71,1138
4,4,5,5,71,1138
3,3,5,5,71,1138
3,5,5,5,71,1138
6,4,5,5,71,1138
5,3,5,5,71,1138
5,5,5,5,71,1138
4,2,5,5,71,1138
4,6,5,5,71,1138
4,6,4,6,0,0
0,2,3,7,99,2565
1,2,3,7,99,2565
0,1,3,7,99,2565
0,3,3,7,99,2565
2,2,3,7,99,2565
1,1,3,7,99,2565
1,3,3,7,99,2565
0,0,3,7,99,2565
0,4,3,7,99,2565
4,2,3,7,99,2565
3,1,3,7,99,2565
3,3,3,7,99,2565
2,0,3,7,99,2565
2,4,3,7,99,2565
1,0,3,7,99,2565
1,5,3,7,99,2565
6,2,3,7,99,2565
5,1,3,7,99,2565
5,3,3,7,99,2565
4,0,3,7,99,2565
4,4,3,7,99,2565
3,0,3,7,99,2565
3,5,3,7,99,2565
2,1,3,7,99,2565
2,6,3,7,99,2565
8,2,3,7,99,2565
7,1,3,7,99,2565
7,3,3,7,99,2565
6,0,3,7,99,2565
6,4,3,7,99,2565
5,0,3,7,99,2565
5,5,3,7,99,2565
4,1,3,7,99,2565
4,6,3,7,99,2565
3,2,3,7,99,2565
3,7,3,7,99,2565
0,3,3,7,100,2122
1,3,3,7,100,2122
0,2,3,7,100,2122
0,4,3,7,100,2122
3,3,3,7,100,2122
2,2,3,7,100,2122
2,4,3,7,100,2122
1,1,3,7,100,2122
1,5,3,7,100,2122
5,3,3,7,100,2122
4,2,3,7,100,2122
4,4,3,7,100,2122
3,1,3,7,100,2122
3,5,3,7,100,2122
2,0,3,7,100,2122
2,6,3,7,100,2122
7,3,3,7,100,2122
6,2,3,7,100,2122
6,4,3,7,100,2122
5,1,3,7,100,2122
5,5,3,7,100,2122
4,0,3,7,100,2122
4,6,3,7,100,2122
3,0,3,7,100,2122
3,7,3,7,100,2122
0,4,3,7,73,1646
2,4,3,7,73,1646
1,3,3,7,73,1646
1,5,3,7,73,1646
4,4,3,7,73,1646
3,3,3,7,73,1646
3,5,3,7,73,1646
2,2,3,7,73,1646
2,6,3,7,73,1646
6,4,3,7,73,1646
5,3,3,7,73,1646
5,5,3,7,73,1646
4,2,3,7,73,1646
4,6,3,7,73,1646
3,1,3,7,73,1646
3,7,3,7,73,1646
1,5,3,7,32,1136
3,5,3,7,32,1136
2,4,3,7,32,1136
2,6,3,7,32,1136
5,5,3,7,32,1136
4,4,3,7,32,1136
4,6,3,7,32,1136
3,3,3,7,32,1136
3,7,3,7,32,1136
2,6,3,7,23,588
4,6,3,7,23,588
3,5,3,7,23,588
3,7,3,7,23,588
3,7,3,7,0,0
0,1,7,1,101,3386
1,1,7,1,101,3386
0,0,7,1,101,3386
0,2,7,1,101,3386
2,1,7,1,101,3386
1,0,7,1,101,3386
1,2,7,1,101,3386
0,3,7,1,101,3386
3,1,7,1,101,3386
2,0,7,1,101,3386
2,2,7,1,101,3386
1,3,7,1,101,3386
0,4,7,1,101,3386
4,1,7,1,101,3386
3,0,7,1,101,3386
3,2,7,1,101,3386
2,3,7,1,101,3386
1,4,7,1,101,3386
0,5,7,1,101,3386
5,1,7,1,101,3386
4,0,7,1,101,3386
4,2,7,1,101,3386
3,3,7,1,101,3386
2,4,7,1,101,3386
1,5,7,1,101,3386
0,6,7,1,101,3386
7,1,7,1,101,3386
6,0,7,1,101,3386
6,2,7,1,101,3386
5,0,7,1,101,3386
5,3,7,1,101,3386
4,4,7,1,101,3386
3,5,7,1,101,3386
2,6,7,1,101,3386
1,7,7,1,101,3386
9,1,7,1,101,3386
8,0,7,1,101,3386
8,2,7,1,101,3386
7,0,7,1,101,3386
7,3,7,1,101,3386
6,1,7,1,101,3386
6,4,7,1,101,3386
5,2,7,1,101,3386
5,5,7,1,101,3386
4,3,7,1,101,3386
4,6,7,1,101,3386
3,4,7,1,101,3386
3,7,7,1,101,3386
2,5,7,1,101,3386
2,8,7,1,101,3386
0,6,3,7,71,1138
2,6,3,7,71,1138
1,5,3,7,71,1138
1,7,3,7,71,1138
4,6,3,7,71,1138
3,5,3,7,71,1138
3,7,3,7,71,1138
2,4,3,7,71,1138
2,8,3,7,71,1138
1,7,3,7,48,588
3,7,3,7,48,588
2,6,3,7,48,588
2,8,3,7,48,588
2,8,2,8,0,0
0,1,7,1,102,3750
1,1,7,1,102,3750
0,0,7,1,102,3750
0,2,7,1,102,3750
2,1,7,1,102,3750
1,0,7,1,102,3750
1,2,7,1,102,3750
0,3,7,1,102,3750
3,1,7,1,102,3750
2,0,7,1,102,3750
2,2,7,1,102,3750
1,3,7,1,102,3750
0,4,7,1,102,3750
4,1,7,1,102,3750
3,0,7,1,102,3750
3,2,7,1,102,3750
2,3,7,1,102,3750
1,4,7,1,102,3750
0,5,7,1,102,3750
5,1,7,1,102,3750
4,0,7,1,102,3750
4,2,7,1,102,3750
3,3,7,1,102,3750
2,4,7,1,102,3750
1,5,7,1,102,3750
0,6,7,1,102,3750
6,1,7,1,102,3750
5,0,7,1,102,3750
5,2,7,1,102,3750
4,3,7,1,102,3750
3,4,7,1,102,3750
2,5,7,1,102,3750
1,6,7,1,102,3750
0,7,7,1,102,3750
7,1,7,1,102,3750
6,0,7,1,102,3750
6,2,7,1,102,3750
5,3,7,1,102,3750
4,4,7,1,102,3750
3,5,7,1,102,3750
2,6,7,1,102,3750
1,7,7,1,102,3750
0,8,7,1,102,3750
9,1,7,1,102,3750
8,0,7,1,102,3750
8,2,7,1,102,3750
7,0,7,1,102,3750
7,3,7,1,102,3750
6,4,7,1,102,3750
5,5,7,1,102,3750
4,6,7,1,102,3750
3,7,7,1,102,3750
2,8,7,1,102,3750
1,9,7,1,102,3750
0,2,6,0,103,3379
1,2,6,0,103,3379
0,1,6,0,103,3379
0,3,6,0,103,3379
2,2,6,0,103,3379
1,1,6,0,103,3379
1,3,6,0,103,3379
0,0,6,0,103,3379
0,4,6,0,103,3379
3,2,6,0,103,3379
2,1,6,0,103,3379
2,3,6,0,103,3379
1,0,6,0,103,3379
1,4,6,0,103,3379
0,5,6,0,103,3379
4,2,6,0,103,3379
3,1,6,0,103,3379
3,3,6,0,103,3379
2,0,6,0,103,3379
2,4,6,0,103,3379
1,5,6,0,103,3379
0,6,6,0,103,3379
5,2,6,0,103,3379
4,1,6,0,103,3379
4,3,6,0,103,3379
3,0,6,0,103,3379
3,4,6,0,103,3379
2,5,6,0,103,3379
1,6,6,0,103,3379
0,7,6,0,103,3379
6,2,6,0,103,3379
5,1,6,0,103,3379
5,3,6,0,103,3379
4,0,6,0,103,3379
4,4,6,0,103,3379
3,5,6,0,103,3379
2,6,6,0,103,3379
1,7,6,0,103,3379
0,8,6,0,103,3379
8,2,6,0,103,3379
7,1,6,0,103,3379
7,3,6,0,103,3379
6,0,6,0,103,3379
6,4,6,0,103,3379
5,0,6,0,103,3379
5,5,6,0,103,3379
4,6,6,0,103,3379
3,7,6,0,103,3379
2,8,6,0,103,3379
1,9,6,0,103,3379
0,5,3,7,104,2128
1,5,3,7,104,2128
0,4,3,7,104,2128
0,6,3,7,104,2128
2,5,3,7,104,2128
1,4,3,7,104,2128
1,6,3,7,104,2128
0,3,3,7,104,2128
0,7,3,7,104,2128
3,5,3,7,104,2128
2,4,3,7,104,2128
2,6,3,7,104,2128
1,3,3,7,104,2128
1,7,3,7,104,2128
0,2,3,7,104,2128
0,8,3,7,104,2128
5,5,3,7,104,2128
4,4,3,7,104,2128
4,6,3,7,104,2128
3,3,3,7,104,2128
3,7,3,7,104,2128
2,2,3,7,104,2128
2,8,3,7,104,2128
1,1,3,7,104,2128
1,9,3,7,104,2128
0,6,3,7,105,1650
1,6,3,7,105,1650
0,5,3,7,105,1650
0,7,3,7,105,1650
2,6,3,7,105,1650
1,5,3,7,105,1650
1,7,3,7,105,1650
0,4,3,7,105,1650
0,8,3,7,105,1650
4,6,3,7,105,1650
3,5,3,7,105,1650
3,7,3,7,105,1650
2,4,3,7,105,1650
2,8,3,7,105,1650
1,3,3,7,105,1650
1,9,3,7,105,1650
0,8,0,8,95,588
2,8,0,8,95,588
1,7,0,8,95,588
1,9,0,8,95,588
1,9,1,9,0,0
0,3,3,7,106,3402
1,3,3,7,106,3402
0,2,3,7,106,3402
0,4,3,7,106,3402
2,3,3,7,106,3402
1,2,3,7,106,3402
1,4,3,7,106,3402
0,1,3,7,106,3402
0,5,3,7,106,3402
3,3,3,7,106,3402
2,2,3,7,106,3402
2,4,3,7,106,3402
1,1,3,7,106,3402
1,5,3,7,106,3402
0,0,3,7,106,3402
0,6,3,7,106,3402
4,3,3,7,106,3402
3,2,3,7,106,3402
3,4,3,7,106,3402
2,1,3,7,106,3402
2,5,3,7,106,3402
1,0,3,7,106,3402
1,6,3,7,106,3402
0,7,3,7,106,3402
5,3,3,7,106,3402
4,2,3,7,106,3402
4,4,3,7,106,3402
3,1,3,7,106,3402
3,5,3,7,106,3402
2,0,3,7,106,3402
2,6,3,7,106,3402
1,7,3,7,106,3402
0,8,3,7,106,3402
6,3,3,7,106,3402
5,2,3,7,106,3402
5,4,3,7,106,3402
4,1,3,7,106,3402
4,5,3,7,106,3402
3,0,3,7,106,3402
3,6,3,7,106,3402
2,7,3,7,106,3402
1,8,3,7,106,3402
0,9,3,7,106,3402
7,3,3,7,106,3402
6,2,3,7,106,3402
6,4,3,7,106,3402
5,1,3,7,106,3402
5,5,3,7,106,3402
4,0,3,7,106,3402
4,6,3,7,106,3402
3,7,3,7,106,3402
2,8,3,7,106,3402
1,9,3,7,106,3402
0,4,3,7,107,3008
1,4,3,7,107,3008
0,3,3,7,107,3008
0,5,3,7,107,3008
2,4,3,7,107,3008
1,3,3,7,107,3008
1,5,3,7,107,3008
0,2,3,7,107,3008
0,6,3,7,107,3008
3,4,3,7,107,3008
2,3,3,7,107,3008
2,5,3,7,107,3008
1,2,3,7,107,3008
1,6,3,7,107,3008
0,1,3,7,107,3008
0,7,3,7,107,3008
4,4,3,7,107,3008
3,3,3,7,107,3008
3,5,3,7,107,3008
2,2,3,7,107,3008
2,6,3,7,107,3008
1,1,3,7,107,3008
1,7,3,7,107,3008
0,0,3,7,107,3008
0,8,3,7,107,3008
5,4,3,7,107,3008
4,3,3,7,107,3008
4,5,3,7,107,3008
3,2,3,7,107,3008
3,6,3,7,107,3008
2,1,3,7,107,3008
2,7,3,7,107,3008
1,0,3,7,107,3008
1,8,3,7,107,3008
0,9,3,7,107,3008
6,4,3,7,107,3008
5,3,3,7,107,3008
5,5,3,7,107,3008
4,2,3,7,107,3008
4,6,3,7,107,3008
3,1,3,7,107,3008
3,7,3,7,107,3008
2,0,3,7,107,3008
2,8,3,7,107,3008
1,9,3,7,107,3008
0,5,3,7,108,2584
1,5,3,7,108,2584
0,4,3,7,108,2584
0,6,3,7,108,2584
2,5,3,7,108,2584
1,4,3,7,108,2584
1,6,3,7,108,2584
0,3,3,7,108,2584
0,7,3,7,108,2584
3,5,3,7,108,2584
2,4,3,7,108,2584
2,6,3,7,108,2584
1,3,3,7,108,2584
1,7,3,7,108,2584
0,2,3,7,108,2584
0,8,3,7,108,2584
4,5,3,7,108,2584
3,4,3,7,108,2584
3,6,3,7,108,2584
2,3,3,7,108,2584
2,7,3,7,108,2584
1,2,3,7,108,2584
1,8,3,7,108,2584
0,1,3,7,108,2584
0,9,3,7,108,2584
5,5,3,7,108,2584
4,4,3,7,108,2584
4,6,3,7,108,2584
3,3,3,7,108,2584
3,7,3,7,108,2584
2,2,3,7,108,2584
2,8,3,7,108,2584
1,1,3,7,108,2584
1,9,3,7,108,2584
0,0,3,7,108,2584
0,6,3,7,109,2130
1,6,3,7,109,2130
0,5,3,7,109,2130
0,7,3,7,109,2130
2,6,3,7,109,2130
1,5,3,7,109,2130
1,7,3,7,109,2130
0,4,3,7,109,2130
0,8,3,7,109,2130
3,6,3,7,109,2130
2,5,3,7,109,2130
2,7,3,7,109,2130
1,4,3,7,109,2130
1,8,3,7,109,2130
0,3,3,7,109,2130
0,9,3,7,109,2130
4,6,3,7,109,2130
3,5,3,7,109,2130
3,7,3,7,109,2130
2,4,3,7,109,2130
2,8,3,7,109,2130
1,3,3,7,109,2130
1,9,3,7,109,2130
0,2,3,7,109,2130
0,7,2,6,110,1655
1,7,2,6,110,1655
0,6,2,6,110,1655
0,8,2,6,110,1655
2,7,2,6,110,1655
1,6,2,6,110,1655
1,8,2,6,110,1655
0,5,2,6,110,1655
0,9,2,6,110,1655
3,7,2,6,110,1655
2,6,2,6,110,1655
2,8,2,6,110,1655
1,5,2,6,110,1655
1,9,2,6,110,1655
0,4,2,6,110,1655
0,8,0,6,111,1136
1,8,0,6,111,1136
0,7,0,6,111,1136
0,9,0,6,111,1136
2,8,0,6,111,1136
1,7,0,6,111,1136
1,9,0,6,111,1136
0,6,0,6,111,1136
0,0,7,3,112,4111
1,0,7,3,112,4111
0,1,7,3,112,4111
2,0,7,3,112,4111
1,1,7,3,112,4111
0,2,7,3,112,4111
3,0,7,3,112,4111
2,1,7,3,112,4111
1,2,7,3,112,4111
0,3,7,3,112,4111
4,0,7,3,112,4111
3,1,7,3,112,4111
2,2,7,3,112,4111
1,3,7,3,112,4111
0,4,7,3,112,4111
5,0,7,3,112,4111
4,1,7,3,112,4111
3,2,7,3,112,4111
2,3,7,3,112,4111
1,4,7,3,112,4111
0,5,7,3,112,4111
6,0,7,3,112,4111
5,1,7,3,112,4111
4,2,7,3,112,4111
3,3,7,3,112,4111
2,4,7,3,112,4111
1,5,7,3,112,4111
0,6,7,3,112,4111
7,0,7,3,112,4111
6,1,7,3,112,4111
5,2,7,3,112,4111
4,3,7,3,112,4111
3,4,7,3,112,4111
2,5,7,3,112,4111
1,6,7,3,112,4111
0,7,7,3,112,4111
8,0,7,3,112,4111
7,1,7,3,112,4111
6,2,7,3,112,4111
5,3,7,3,112,4111
4,4,7,3,112,4111
3,5,7,3,112,4111
2,6,7,3,112,4111
1,7,7,3,112,4111
0,8,7,3,112,4111
9,0,7,3,112,4111
9,1,7,3,112,4111
8,1,7,3,112,4111
8,2,7,3,112,4111
7,2,7,3,112,4111
7,3,7,3,112,4111
6,3,7,3,112,4111
6,4,7,3,112,4111
5,4,7,3,112,4111
5,5,7,3,112,4111
4,5,7,3,112,4111
4,6,7,3,112,4111
3,6,7,3,112,4111
3,7,7,3,112,4111
2,7,7,3,112,4111
2,8,7,3,112,4111
1,8,7,3,112,4111
1,9,7,3,112,4111
0,0,6,3,113,4114
1,0,6,3,113,4114
0,1,6,3,113,4114
2,0,6,3,113,4114
1,1,6,3,113,4114
0,2,6,3,113,4114
3,0,6,3,113,4114
2,1,6,3,113,4114
1,2,6,3,113,4114
0,3,6,3,113,4114
4,0,6,3,113,4114
3,1,6,3,113,4114
2,2,6,3,113,4114
1,3,6,3,113,4114
0,4,6,3,113,4114
5,0,6,3,113,4114
4,1,6,3,113,4114
3,2,6,3,113,4114
2,3,6,3,113,4114
1,4,6,3,113,4114
0,5,6,3,113,4114
6,0,6,3,113,4114
5,1,6,3,113,4114
4,2,6,3,113,4114
3,3,6,3,113,4114
2,4,6,3,113,4114
1,5,6,3,113,4114
0,6,6,3,113,4114
7,0,6,3,113,4114
6,1,6,3,113,4114
5,2,6,3,113,4114
4,3,6,3,113,4114
3,4,6,3,113,4114
2,5,6,3,113,4114
1,6,6,3,113,4114
0,7,6,3,113,4114
9,0,6,3,113,4114
8,0,6,3,113,4114
8,1,6,3,113,4114
7,1,6,3,113,4114
7,2,6,3,113,4114
6,2,6,3,113,4114
6,3,6,3,113,4114
5,3,6,3,113,4114
5,4,6,3,113,4114
4,4,6,3,113,4114
4,5,6,3,113,4114
3,5,6,3,113,4114
3,6,6,3,113,4114
2,6,6,3,113,4114
2,7,6,3,113,4114
1,7,6,3,113,4114
1,8,6,3,113,4114
9,1,6,3,113,4114
9,2,6,3,113,4114
8,2,6,3,113,4114
8,3,6,3,113,4114
7,3,6,3,113,4114
7,4,6,3,113,4114
6,4,6,3,113,4114
6,5,6,3,113,4114
5,5,6,3,113,4114
5,6,6,3,113,4114
4,6,6,3,113,4114
4,7,6,3,113,4114
3,7,6,3,113,4114
3,8,6,3,113,4114
2,8,6,3,113,4114
2,9,6,3,113,4114
0,0,6,3,114,3770
1,0,6,3,114,3770
0,1,6,3,114,3770
2,0,6,3,114,3770
1,1,6,3,114,3770
0,2,6,3,114,3770
3,0,6,3,114,3770
2,1,6,3,114,3770
1,2,6,3,114,3770
0,3,6,3,114,3770
4,0,6,3,114,3770
3,1,6,3,114,3770
2,2,6,3,114,3770
1,3,6,3,114,3770
0,4,6,3,114,3770
5,0,6,3,114,3770
4,1,6,3,114,3770
3,2,6,3,114,3770
2,3,6,3,114,3770
1,4,6,3,114,3770
0,5,6,3,114,3770
7,0,6,3,114,3770
6,0,6,3,114,3770
6,1,6,3,114,3770
5,1,6,3,114,3770
5,2,6,3,114,3770
4,2,6,3,114,3770
4,3,6,3,114,3770
3,3,6,3,114,3770
3,4,6,3,114,3770
2,4,6,3,114,3770
2,5,6,3,114,3770
1,5,6,3,114,3770
1,6,6,3,114,3770
9,0,6,3,114,3770
8,0,6,3,114,3770
8,1,6,3,114,3770
7,1,6,3,114,3770
7,2,6,3,114,3770
6,2,6,3,114,3770
6,3,6,3,114,3770
5,3,6,3,114,3770
5,4,6,3,114,3770
4,4,6,3,114,3770
4,5,6,3,114,3770
3,5,6,3,114,3770
3,6,6,3,114,3770
2,6,6,3,114,3770
2,7,6,3,114,3770
9,1,6,3,114,3770
9,2,6,3,114,3770
8,2,6,3,114,3770
8,3,6,3,114,3770
7,3,6,3,114,3770
7,4,6,3,114,3770
6,4,6,3,114,3770
6,5,6,3,114,3770
5,5,6,3,114,3770
5,6,6,3,114,3770
4,6,6,3,114,3770
4,7,6,3,114,3770
3,7,6,3,114,3770
3,8,6,3,114,3770
0,0,6,3,115,3402
1,0,6,3,115,3402
0,1,6,3,115,3402
2,0,6,3,115,3402
1,1,6,3,115,3402
0,2,6,3,115,3402
3,0,6,3,115,3402
2,1,6,3,115,3402
1,2,6,3,115,3402
0,3,6,3,115,3402
5,0,6,3,115,3402
4,0,6,3,115,3402
4,1,6,3,115,3402
3,1,6,3,115,3402
3,2,6,3,115,3402
2,2,6,3,115,3402
2,3,6,3,115,3402
1,3,6,3,115,3402
1,4,6,3,115,3402
7,0,6,3,115,3402
6,0,6,3,115,3402
6,1,6,3,115,3402
5,1,6,3,115,3402
5,2,6,3,115,3402
4,2,6,3,115,3402
4,3,6,3,115,3402
3,3,6,3,115,3402
3,4,6,3,115,3402
2,4,6,3,115,3402
2,5,6,3,115,3402
9,0,6,3,115,3402
8,0,6,3,115,3402
8,1,6,3,115,3402
7,1,6,3,115,3402
7,2,6,3,115,3402
6,2,6,3,115,3402
6,3,6,3,115,3402
5,3,6,3,115,3402
5,4,6,3,115,3402
4,4,6,3,115,3402
4,5,6,3,115,3402
3,5,6,3,115,3402
3,6,6,3,115,3402
9,1,6,3,115,3402
9,2,6,3,115,3402
8,2,6,3,115,3402
8,3,6,3,115,3402
7,3,6,3,115,3402
7,4,6,3,115,3402
6,4,6,3,115,3402
6,5,6,3,115,3402
5,5,6,3,115,3402
5,6,6,3,115,3402
4,6,6,3,115,3402
4,7,6,3,115,3402
0,0,6,3,116,3008
1,0,6,3,116,3008
0,1,6,3,116,3008
3,0,6,3,116,3008
2,0,6,3,116,3008
2,1,6,3,116,3008
1,1,6,3,116,3008
1,2,6,3,116,3008
5,0,6,3,116,3008
4,0,6,3,116,3008
4,1,6,3,116,3008
3,1,6,3,116,3008
3,2,6,3,116,3008
2,2,6,3,116,3008
2,3,6,3,116,3008
7,0,6,3,116,3008
6,0,6,3,116,3008
6,1,6,3,116,3008
5,1,6,3,116,3008
5,2,6,3,116,3008
4,2,6,3,116,3008
4,3,6,3,116,3008
3,3,6,3,116,3008
3,4,6,3,116,3008
9,0,6,3,116,3008
8,0,6,3,116,3008
8,1,6,3,116,3008
7,1,6,3,116,3008
7,2,6,3,116,3008
6,2,6,3,116,3008
6,3,6,3,116,3008
5,3,6,3,116,3008
5,4,6,3,116,3008
4,4,6,3,116,3008
4,5,6,3,116,3008
9,1,6,3,116,3008
9,2,6,3,116,3008
8,2,6,3,116,3008
8,3,6,3,116,3008
7,3,6,3,116,3008
7,4,6,3,116,3008
6,4,6,3,116,3008
6,5,6,3,116,3008
5,5,6,3,116,3008
5,6,6,3,116,3008
1,0,6,3,117,2584
3,0,6,3,117,2584
2,0,6,3,117,2584
2,1,6,3,117,2584
5,0,6,3,117,2584
4,0,6,3,117,2584
4,1,6,3,117,2584
3,1,6,3,117,2584
3,2,6,3,117,2584
7,0,6,3,117,2584
6,0,6,3,117,2584
6,1,6,3,117,2584
5,1,6,3,117,2584
5,2,6,3,117,2584
4,2,6,3,117,2584
4,3,6,3,117,2584
9,0,6,3,117,2584
8,0,6,3,117,2584
8,1,6,3,117,2584
7,1,6,3,117,2584
7,2,6,3,117,2584
6,2,6,3,117,2584
6,3,6,3,117,2584
5,3,6,3,117,2584
5,4,6,3,117,2584
9,1,6,3,117,2584
9,2,6,3,117,2584
8,2,6,3,117,2584
8,3,6,3,117,2584
7,3,6,3,117,2584
7,4,6,3,117,2584
6,4,6,3,117,2584
6,5,6,3,117,2584
3,0,6,3,118,2130
5,0,6,3,118,2130
4,0,6,3,118,2130
4,1,6,3,118,2130
7,0,6,3,118,2130
6,0,6,3,118,2130
6,1,6,3,118,2130
5,1,6,3,118,2130
5,2,6,3,118,2130
9,0,6,3,118,2130
8,0,6,3,118,2130
8,1,6,3,118,2130
7,1,6,3,118,2130
7,2,6,3,118,2130
6,2,6,3,118,2130
6,3,6,3,118,2130
9,1,6,3,118,2130
9,2,6,3,118,2130
8,2,6,3,118,2130
8,3,6,3,118,2130
7,3,6,3,118,2130
7,4,6,3,118,2130
5,0,7,2,119,1655
7,0,7,2,119,1655
6,0,7,2,119,1655
6,1,7,2,119,1655
9,0,7,2,119,1655
8,0,7,2,119,1655
8,1,7,2,119,1655
7,1,7,2,119,1655
7,2,7,2,119,1655
9,1,7,2,119,1655
9,2,7,2,119,1655
8,2,7,2,119,1655
8,3,7,2,119,1655
7,0,7,0,120,1134
9,0,7,0,120,1134
8,0,7,0,120,1134
8,1,7,0,120,1134
9,1,7,0,120,1134
9,2,7,0,120,1134
6,1,8,3,121,1136
8,1,8,3,121,1136
7,0,8,3,121,1136
7,2,8,3,121,1136
9,1,8,3,121,1136
9,0,8,3,121,1136
9,2,8,3,121,1136
8,0,8,3,121,1136
8,3,8,3,121,1136
7,2,8,3,23,588
9,2,8,3,23,588
8,1,8,3,23,588
8,3,8,3,23,588
4,1,6,3,122,1650
6,1,6,3,122,1650
5,0,6,3,122,1650
5,2,6,3,122,1650
8,1,6,3,122,1650
7,0,6,3,122,1650
7,2,6,3,122,1650
6,0,6,3,122,1650
6,3,6,3,122,1650
9,1,6,3,122,1650
9,0,6,3,122,1650
9,2,6,3,122,1650
8,0,6,3,122,1650
8,3,6,3,122,1650
7,1,6,3,122,1650
7,4,6,3,122,1650
5,2,6,3,123,1138
7,2,6,3,123,1138
6,1,6,3,123,1138
6,3,6,3,123,1138
9,2,6,3,123,1138
8,1,6,3,123,1138
8,3,6,3,123,1138
7,0,6,3,123,1138
7,4,6,3,123,1138
6,3,6,3,95,588
8,3,6,3,95,588
7,2,6,3,95,588
7,4,6,3,95,588
2,1,6,3,124,2128
4,1,6,3,124,2128
3,0,6,3,124,2128
3,2,6,3,124,2128
6,1,6,3,124,2128
5,0,6,3,124,2128
5,2,6,3,124,2128
4,0,6,3,124,2128
4,3,6,3,124,2128
8,1,6,3,124,2128
7,0,6,3,124,2128
7,2,6,3,124,2128
6,0,6,3,124,2128
6,3,6,3,124,2128
5,1,6,3,124,2128
5,4,6,3,124,2128
9,1,6,3,124,2128
9,0,6,3,124,2128
9,2,6,3,124,2128
8,0,6,3,124,2128
8,3,6,3,124,2128
7,1,6,3,124,2128
7,4,6,3,124,2128
6,2,6,3,124,2128
6,5,6,3,124,2128
4,3,5,4,123,1138
6,3,5,4,123,1138
5,2,5,4,123,1138
5,4,5,4,123,1138
8,3,5,4,123,1138
7,2,5,4,123,1138
7,4,5,4,123,1138
6,1,5,4,123,1138
6,5,5,4,123,1138
5,4,5,4,95,588
7,4,5,4,95,588
6,3,5,4,95,588
6,5,5,4,95,588
0,1,7,2,125,2583
2,1,7,2,125,2583
1,0,7,2,125,2583
1,2,7,2,125,2583
4,1,7,2,125,2583
3,0,7,2,125,2583
3,2,7,2,125,2583
2,0,7,2,125,2583
2,3,7,2,125,2583
6,1,7,2,125,2583
5,0,7,2,125,2583
5,2,7,2,125,2583
4,0,7,2,125,2583
4,3,7,2,125,2583
3,1,7,2,125,2583
3,4,7,2,125,2583
8,1,7,2,125,2583
7,0,7,2,125,2583
7,2,7,2,125,2583
6,0,7,2,125,2583
6,3,7,2,125,2583
5,1,7,2,125,2583
5,4,7,2,125,2583
4,2,7,2,125,2583
4,5,7,2,125,2583
9,1,7,2,125,2583
9,0,7,2,125,2583
9,2,7,2,125,2583
8,0,7,2,125,2583
8,3,7,2,125,2583
7,1,7,2,125,2583
7,4,7,2,125,2583
6,2,7,2,125,2583
6,5,7,2,125,2583
5,3,7,2,125,2583
5,6,7,2,125,2583
2,3,5,6,73,1646
4,3,5,6,73,1646
3,2,5,6,73,1646
3,4,5,6,73,1646
6,3,5,6,73,1646
5,2,5,6,73,1646
5,4,5,6,73,1646
4,1,5,6,73,1646
4,5,5,6,73,1646
8,3,5,6,73,1646
7,2,5,6,73,1646
7,4,5,6,73,1646
6,1,5,6,73,1646
6,5,5,6,73,1646
5,0,5,6,73,1646
5,6,5,6,73,1646
3,4,5,6,32,1136
5,4,5,6,32,1136
4,3,5,6,32,1136
4,5,5,6,32,1136
7,4,5,6,32,1136
6,3,5,6,32,1136
6,5,5,6,32,1136
5,2,5,6,32,1136
5,6,5,6,32,1136
4,5,5,6,23,588
6,5,5,6,23,588
5,4,5,6,23,588
5,6,5,6,23,588
0,1,7,2,126,3003
1,1,7,2,126,3003
0,0,7,2,126,3003
0,2,7,2,126,3003
2,1,7,2,126,3003
1,0,7,2,126,3003
1,2,7,2,126,3003
0,3,7,2,126,3003
4,1,7,2,126,3003
3,0,7,2,126,3003
3,2,7,2,126,3003
2,0,7,2,126,3003
2,3,7,2,126,3003
1,4,7,2,126,3003
6,1,7,2,126,3003
5,0,7,2,126,3003
5,2,7,2,126,3003
4,0,7,2,126,3003
4,3,7,2,126,3003
3,1,7,2,126,3003
3,4,7,2,126,3003
2,2,7,2,126,3003
2,5,7,2,126,3003
8,1,7,2,126,3003
7,0,7,2,126,3003
7,2,7,2,126,3003
6,0,7,2,126,3003
6,3,7,2,126,3003
5,1,7,2,126,3003
5,4,7,2,126,3003
4,2,7,2,126,3003
4,5,7,2,126,3003
3,3,7,2,126,3003
3,6,7,2,126,3003
9,1,7,2,126,3003
9,0,7,2,126,3003
9,2,7,2,126,3003
8,0,7,2,126,3003
8,3,7,2,126,3003
7,1,7,2,126,3003
7,4,7,2,126,3003
6,2,7,2,126,3003
6,5,7,2,126,3003
5,3,7,2,126,3003
5,6,7,2,126,3003
4,4,7,2,126,3003
4,7,7,2,126,3003
0,3,5,6,127,2127
2,3,5,6,127,2127
1,2,5,6,127,2127
1,4,5,6,127,2127
4,3,5,6,127,2127
3,2,5,6,127,2127
3,4,5,6,127,2127
2,1,5,6,127,2127
2,5,5,6,127,2127
6,3,5,6,127,2127
5,2,5,6,127,2127
5,4,5,6,127,2127
4,1,5,6,127,2127
4,5,5,6,127,2127
3,0,5,6,127,2127
3,6,5,6,127,2127
8,3,5,6,127,2127
7,2,5,6,127,2127
7,4,5,6,127,2127
6,1,5,6,127,2127
6,5,5,6,127,2127
5,0,5,6,127,2127
5,6,5,6,127,2127
4,0,5,6,127,2127
4,7,5,6,127,2127
1,4,5,6,98,1650
3,4,5,6,98,1650
2,3,5,6,98,1650
2,5,5,6,98,1650
5,4,5,6,98,1650
4,3,5,6,98,1650
4,5,5,6,98,1650
3,2,5,6,98,1650
3,6,5,6,98,1650
7,4,5,6,98,1650
6,3,5,6,98,1650
6,5,5,6,98,1650
5,2,5,6,98,1650
5,6,5,6,98,1650
4,1,5,6,98,1650
4,7,5,6,98,1650
3,6,4,7,23,588
5,6,4,7,23,588
4,5,4,7,23,588
4,7,4,7,23,588
0,2,4,7,128,2986
1,2,4,7,128,2986
0,1,4,7,128,2986
0,3,4,7,128,2986
2,2,4,7,128,2986
1,1,4,7,128,2986
1,3,4,7,128,2986
0,0,4,7,128,2986
0,4,4,7,128,2986
3,2,4,7,128,2986
2,1,4,7,128,2986
2,3,4,7,128,2986
1,0,4,7,128,2986
1,4,4,7,128,2986
0,5,4,7,128,2986
5,2,4,7,128,2986
4,1,4,7,128,2986
4,3,4,7,128,2986
3,0,4,7,128,2986
3,4,4,7,128,2986
2,0,4,7,128,2986
2,5,4,7,128,2986
1,6,4,7,128,2986
7,2,4,7,128,2986
6,1,4,7,128,2986
6,3,4,7,128,2986
5,0,4,7,128,2986
5,4,4,7,128,2986
4,0,4,7,128,2986
4,5,4,7,128,2986
3,1,4,7,128,2986
3,6,4,7,128,2986
2,7,4,7,128,2986
9,2,4,7,128,2986
8,1,4,7,128,2986
8,3,4,7,128,2986
7,0,4,7,128,2986
7,4,4,7,128,2986
6,0,4,7,128,2986
6,5,4,7,128,2986
5,1,4,7,128,2986
5,6,4,7,128,2986
4,2,4,7,128,2986
4,7,4,7,128,2986
3,3,4,7,128,2986
3,8,4,7,128,2986
0,3,4,7,129,2571
1,3,4,7,129,2571
0,2,4,7,129,2571
0,4,4,7,129,2571
2,3,4,7,129,2571
1,2,4,7,129,2571
1,4,4,7,129,2571
0,1,4,7,129,2571
0,5,4,7,129,2571
4,3,4,7,129,2571
3,2,4,7,129,2571
3,4,4,7,129,2571
2,1,4,7,129,2571
2,5,4,7,129,2571
1,0,4,7,129,2571
1,6,4,7,129,2571
6,3,4,7,129,2571
5,2,4,7,129,2571
5,4,4,7,129,2571
4,1,4,7,129,2571
4,5,4,7,129,2571
3,0,4,7,129,2571
3,6,4,7,129,2571
2,0,4,7,129,2571
2,7,4,7,129,2571
8,3,4,7,129,2571
7,2,4,7,129,2571
7,4,4,7,129,2571
6,1,4,7,129,2571
6,5,4,7,129,2571
5,0,4,7,129,2571
5,6,4,7,129,2571
4,0,4,7,129,2571
4,7,4,7,129,2571
3,1,4,7,129,2571
3,8,4,7,129,2571
0,4,4,7,130,2127
1,4,4,7,130,2127
0,3,4,7,130,2127
0,5,4,7,130,2127
3,4,4,7,130,2127
2,3,4,7,130,2127
2,5,4,7,130,2127
1,2,4,7,130,2127
1,6,4,7,130,2127
5,4,4,7,130,2127
4,3,4,7,130,2127
4,5,4,7,130,2127
3,2,4,7,130,2127
3,6,4,7,130,2127
2,1,4,7,130,2127
2,7,4,7,130,2127
7,4,4,7,130,2127
6,3,4,7,130,2127
6,5,4,7,130,2127
5,2,4,7,130,2127
5,6,4,7,130,2127
4,1,4,7,130,2127
4,7,4,7,130,2127
3,0,4,7,130,2127
3,8,4,7,130,2127
0,5,4,7,98,1650
2,5,4,7,98,1650
1,4,4,7,98,1650
1,6,4,7,98,1650
4,5,4,7,98,1650
3,4,4,7,98,1650
3,6,4,7,98,1650
2,3,4,7,98,1650
2,7,4,7,98,1650
6,5,4,7,98,1650
5,4,4,7,98,1650
5,6,4,7,98,1650
4,3,4,7,98,1650
4,7,4,7,98,1650
3,2,4,7,98,1650
3,8,4,7,98,1650
1,6,4,7,71,1138
3,6,4,7,71,1138
2,5,4,7,71,1138
2,7,4,7,71,1138
5,6,4,7,71,1138
4,5,4,7,71,1138
4,7,4,7,71,1138
3,4,4,7,71,1138
3,8,4,7,71,1138
2,7,4,7,48,588
4,7,4,7,48,588
3,6,4,7,48,588
3,8,4,7,48,588
0,1,7,2,131,3761
1,1,7,2,131,3761
0,0,7,2,131,3761
0,2,7,2,131,3761
2,1,7,2,131,3761
1,0,7,2,131,3761
1,2,7,2,131,3761
0,3,7,2,131,3761
3,1,7,2,131,3761
2,0,7,2,131,3761
2,2,7,2,131,3761
1,3,7,2,131,3761
0,4,7,2,131,3761
4,1,7,2,131,3761
3,0,7,2,131,3761
3,2,7,2,131,3761
2,3,7,2,131,3761
1,4,7,2,131,3761
0,5,7,2,131,3761
5,1,7,2,131,3761
4,0,7,2,131,3761
4,2,7,2,131,3761
3,3,7,2,131,3761
2,4,7,2,131,3761
1,5,7,2,131,3761
0,6,7,2,131,3761
6,1,7,2,131,3761
5,0,7,2,131,3761
5,2,7,2,131,3761
4,3,7,2,131,3761
3,4,7,2,131,3761
2,5,7,2,131,3761
1,6,7,2,131,3761
0,7,7,2,131,3761
8,1,7,2,131,3761
7,0,7,2,131,3761
7,2,7,2,131,3761
6,0,7,2,131,3761
6,3,7,2,131,3761
5,4,7,2,131,3761
4,5,7,2,131,3761
3,6,7,2,131,3761
2,7,7,2,131,3761
1,8,7,2,131,3761
9,1,7,2,131,3761
9,0,7,2,131,3761
9,2,7,2,131,3761
8,0,7,2,131,3761
8,3,7,2,131,3761
7,1,7,2,131,3761
7,4,7,2,131,3761
6,2,7,2,131,3761
6,5,7,2,131,3761
5,3,7,2,131,3761
5,6,7,2,131,3761
4,4,7,2,131,3761
4,7,7,2,131,3761
3,5,7,2,131,3761
3,8,7,2,131,3761
2,6,7,2,131,3761
2,9,7,2,131,3761
0,6,4,7,132,1650
1,6,4,7,132,1650
0,5,4,7,132,1650
0,7,4,7,132,1650
3,6,4,7,132,1650
2,5,4,7,132,1650
2,7,4,7,132,1650
1,4,4,7,132,1650
1,8,4,7,132,1650
5,6,4,7,132,1650
4,5,4,7,132,1650
4,7,4,7,132,1650
3,4,4,7,132,1650
3,8,4,7,132,1650
2,3,4,7,132,1650
2,9,4,7,132,1650
0,7,4,7,133,1136
2,7,4,7,133,1136
1,6,4,7,133,1136
1,8,4,7,133,1136
4,7,4,7,133,1136
3,6,4,7,133,1136
3,8,4,7,133,1136
2,5,4,7,133,1136
2,9,4,7,133,1136
0,1,7,2,134,4102
1,1,7,2,134,4102
0,0,7,2,134,4102
0,2,7,2,134,4102
2,1,7,2,134,4102
1,0,7,2,134,4102
1,2,7,2,134,4102
0,3,7,2,134,4102
3,1,7,2,134,4102
2,0,7,2,134,4102
2,2,7,2,134,4102
1,3,7,2,134,4102
0,4,7,2,134,4102
4,1,7,2,134,4102
3,0,7,2,134,4102
3,2,7,2,134,4102
2,3,7,2,134,4102
1,4,7,2,134,4102
0,5,7,2,134,4102
5,1,7,2,134,4102
4,0,7,2,134,4102
4,2,7,2,134,4102
3,3,7,2,134,4102
2,4,7,2,134,4102
1,5,7,2,134,4102
0,6,7,2,134,4102
6,1,7,2,134,4102
5,0,7,2,134,4102
5,2,7,2,134,4102
4,3,7,2,134,4102
3,4,7,2,134,4102
2,5,7,2,134,4102
1,6,7,2,134,4102
0,7,7,2,134,4102
7,1,7,2,134,4102
6,0,7,2,134,4102
6,2,7,2,134,4102
5,3,7,2,134,4102
4,4,7,2,134,4102
3,5,7,2,134,4102
2,6,7,2,134,4102
1,7,7,2,134,4102
0,8,7,2,134,4102
8,1,7,2,134,4102
7,0,7,2,134,4102
7,2,7,2,134,4102
6,3,7,2,134,4102
5,4,7,2,134,4102
4,5,7,2,134,4102
3,6,7,2,134,4102
2,7,7,2,134,4102
1,8,7,2,134,4102
0,9,7,2,134,4102
9,1,7,2,134,4102
9,0,7,2,134,4102
9,2,7,2,134,4102
8,0,7,2,134,4102
8,3,7,2,134,4102
7,4,7,2,134,4102
6,5,7,2,134,4102
5,6,7,2,134,4102
4,7,7,2,134,4102
3,8,7,2,134,4102
2,9,7,2,134,4102
1,9,7,2,134,4102
0,2,7,0,135,3741
1,2,7,0,135,3741
0,1,7,0,135,3741
0,3,7,0,135,3741
2,2,7,0,135,3741
1,1,7,0,135,3741
1,3,7,0,135,3741
0,0,7,0,135,3741
0,4,7,0,135,3741
3,2,7,0,135,3741
2,1,7,0,135,3741
2,3,7,0,135,3741
1,0,7,0,135,3741
1,4,7,0,135,3741
0,5,7,0,135,3741
4,2,7,0,135,3741
3,1,7,0,135,3741
3,3,7,0,135,3741
2,0,7,0,135,3741
2,4,7,0,135,3741
1,5,7,0,135,3741
0,6,7,0,135,3741
5,2,7,0,135,3741
4,1,7,0,135,3741
4,3,7,0,135,3741
3,0,7,0,135,3741
3,4,7,0,135,3741
2,5,7,0,135,3741
1,6,7,0,135,3741
0,7,7,0,135,3741
6,2,7,0,135,3741
5,1,7,0,135,3741
5,3,7,0,135,3741
4,0,7,0,135,3741
4,4,7,0,135,3741
3,5,7,0,135,3741
2,6,7,0,135,3741
1,7,7,0,135,3741
0,8,7,0,135,3741
7,2,7,0,135,3741
6,1,7,0,135,3741
6,3,7,0,135,3741
5,0,7,0,135,3741
5,4,7,0,135,3741
4,5,7,0,135,3741
3,6,7,0,135,3741
2,7,7,0,135,3741
1,8,7,0,135,3741
0,9,7,0,135,3741
9,2,7,0,135,3741
8,1,7,0,135,3741
8,3,7,0,135,3741
7,0,7,0,135,3741
7,4,7,0,135,3741
6,0,7,0,135,3741
6,5,7,0,135,3741
5,6,7,0,135,3741
4,7,7,0,135,3741
3,8,7,0,135,3741
2,9,7,0,135,3741
1,9,7,0,135,3741
0,5,4,7,136,2574
1,5,4,7,136,2574
0,4,4,7,136,2574
0,6,4,7,136,2574
2,5,4,7,136,2574
1,4,4,7,136,2574
1,6,4,7,136,2574
0,3,4,7,136,2574
0,7,4,7,136,2574
3,5,4,7,136,2574
2,4,4,7,136,2574
2,6,4,7,136,2574
1,3,4,7,136,2574
1,7,4,7,136,2574
0,2,4,7,136,2574
0,8,4,7,136,2574
4,5,4,7,136,2574
3,4,4,7,136,2574
3,6,4,7,136,2574
2,3,4,7,136,2574
2,7,4,7,136,2574
1,2,4,7,136,2574
1,8,4,7,136,2574
0,1,4,7,136,2574
0,9,4,7,136,2574
6,5,4,7,136,2574
5,4,4,7,136,2574
5,6,4,7,136,2574
4,3,4,7,136,2574
4,7,4,7,136,2574
3,2,4,7,136,2574
3,8,4,7,136,2574
2,1,4,7,136,2574
2,9,4,7,136,2574
1,0,4,7,136,2574
1,9,4,7,136,2574
0,6,4,7,137,2127
1,6,4,7,137,2127
0,5,4,7,137,2127
0,7,4,7,137,2127
2,6,4,7,137,2127
1,5,4,7,137,2127
1,7,4,7,137,2127
0,4,4,7,137,2127
0,8,4,7,137,2127
3,6,4,7,137,2127
2,5,4,7,137,2127
2,7,4,7,137,2127
1,4,4,7,137,2127
1,8,4,7,137,2127
0,3,4,7,137,2127
0,9,4,7,137,2127
5,6,4,7,137,2127
4,5,4,7,137,2127
4,7,4,7,137,2127
3,4,4,7,137,2127
3,8,4,7,137,2127
2,3,4,7,137,2127
2,9,4,7,137,2127
1,2,4,7,137,2127
1,9,4,7,137,2127
0,8,0,7,138,1138
1,8,0,7,138,1138
0,7,0,7,138,1138
0,9,0,7,138,1138
3,8,0,7,138,1138
2,7,0,7,138,1138
2,9,0,7,138,1138
1,6,0,7,138,1138
1,9,0,7,138,1138
0,9,1,8,139,588
2,9,1,8,139,588
1,8,1,8,139,588
1,9,1,8,139,588
0,3,4,7,140,3771
1,3,4,7,140,3771
0,2,4,7,140,3771
0,4,4,7,140,3771
2,3,4,7,140,3771
1,2,4,7,140,3771
1,4,4,7,140,3771
0,1,4,7,140,3771
0,5,4,7,140,3771
3,3,4,7,140,3771
2,2,4,7,140,3771
2,4,4,7,140,3771
1,1,4,7,140,3771
1,5,4,7,140,3771
0,0,4,7,140,3771
0,6,4,7,140,3771
4,3,4,7,140,3771
3,2,4,7,140,3771
3,4,4,7,140,3771
2,1,4,7,140,3771
2,5,4,7,140,3771
1,0,4,7,140,3771
1,6,4,7,140,3771
0,7,4,7,140,3771
5,3,4,7,140,3771
4,2,4,7,140,3771
4,4,4,7,140,3771
3,1,4,7,140,3771
3,5,4,7,140,3771
2,0,4,7,140,3771
2,6,4,7,140,3771
1,7,4,7,140,3771
0,8,4,7,140,3771
6,3,4,7,140,3771
5,2,4,7,140,3771
5,4,4,7,140,3771
4,1,4,7,140,3771
4,5,4,7,140,3771
3,0,4,7,140,3771
3,6,4,7,140,3771
2,7,4,7,140,3771
1,8,4,7,140,3771
0,9,4,7,140,3771
7,3,4,7,140,3771
6,2,4,7,140,3771
6,4,4,7,140,3771
5,1,4,7,140,3771
5,5,4,7,140,3771
4,0,4,7,140,3771
4,6,4,7,140,3771
3,7,4,7,140,3771
2,8,4,7,140,3771
1,9,4,7,140,3771
8,3,4,7,140,3771
7,2,4,7,140,3771
7,4,4,7,140,3771
6,1,4,7,140,3771
6,5,4,7,140,3771
5,0,4,7,140,3771
5,6,4,7,140,3771
4,7,4,7,140,3771
3,8,4,7,140,3771
2,9,4,7,140,3771
0,4,4,7,141,3401
1,4,4,7,141,3401
0,3,4,7,141,3401
0,5,4,7,141,3401
2,4,4,7,141,3401
1,3,4,7,141,3401
1,5,4,7,141,3401
0,2,4,7,141,3401
0,6,4,7,141,3401
3,4,4,7,141,3401
2,3,4,7,141,3401
2,5,4,7,141,3401
1,2,4,7,141,3401
1,6,4,7,141,3401
0,1,4,7,141,3401
0,7,4,7,141,3401
4,4,4,7,141,3401
3,3,4,7,141,3401
3,5,4,7,141,3401
2,2,4,7,141,3401
2,6,4,7,141,3401
1,1,4,7,141,3401
1,7,4,7,141,3401
0,0,4,7,141,3401
0,8,4,7,141,3401
5,4,4,7,141,3401
4,3,4,7,141,3401
4,5,4,7,141,3401
3,2,4,7,141,3401
3,6,4,7,141,3401
2,1,4,7,141,3401
2,7,4,7,141,3401
1,0,4,7,141,3401
1,8,4,7,141,3401
0,9,4,7,141,3401
6,4,4,7,141,3401
5,3,4,7,141,3401
5,5,4,7,141,3401
4,2,4,7,141,3401
4,6,4,7,141,3401
3,1,4,7,141,3401
3,7,4,7,141,3401
2,0,4,7,141,3401
2,8,4,7,141,3401
1,9,4,7,141,3401
7,4,4,7,141,3401
6,3,4,7,141,3401
6,5,4,7,141,3401
5,2,4,7,141,3401
5,6,4,7,141,3401
4,1,4,7,141,3401
4,7,4,7,141,3401
3,0,4,7,141,3401
3,8,4,7,141,3401
2,9,4,7,141,3401
0,5,4,7,142,3003
1,5,4,7,142,3003
0,4,4,7,142,3003
0,6,4,7,142,3003
2,5,4,7,142,3003
1,4,4,7,142,3003
1,6,4,7,142,3003
0,3,4,7,142,3003
0,7,4,7,142,3003
3,5,4,7,142,3003
2,4,4,7,142,3003
2,6,4,7,142,3003
1,3,4,7,142,3003
1,7,4,7,142,3003
0,2,4,7,142,3003
0,8,4,7,142,3003
4,5,4,7,142,3003
3,4,4,7,142,3003
3,6,4,7,142,3003
2,3,4,7,142,3003
2,7,4,7,142,3003
1,2,4,7,142,3003
1,8,4,7,142,3003
0,1,4,7,142,3003
0,9,4,7,142,3003
5,5,4,7,142,3003
4,4,4,7,142,3003
4,6,4,7,142,3003
3,3,4,7,142,3003
3,7,4,7,142,3003
2,2,4,7,142,3003
2,8,4,7,142,3003
1,1,4,7,142,3003
1,9,4,7,142,3003
0,0,4,7,142,3003
6,5,4,7,142,3003
5,4,4,7,142,3003
5,6,4,7,142,3003
4,3,4,7,142,3003
4,7,4,7,142,3003
3,2,4,7,142,3003
3,8,4,7,142,3003
2,1,4,7,142,3003
2,9,4,7,142,3003
1,0,4,7,142,3003
0,6,4,7,143,2576
1,6,4,7,143,2576
0,5,4,7,143,2576
0,7,4,7,143,2576
2,6,4,7,143,2576
1,5,4,7,143,2576
1,7,4,7,143,2576
0,4,4,7,143,2576
0,8,4,7,143,2576
3,6,4,7,143,2576
2,5,4,7,143,2576
2,7,4,7,143,2576
1,4,4,7,143,2576
1,8,4,7,143,2576
0,3,4,7,143,2576
0,9,4,7,143,2576
4,6,4,7,143,2576
3,5,4,7,143,2576
3,7,4,7,143,2576
2,4,4,7,143,2576
2,8,4,7,143,2576
1,3,4,7,143,2576
1,9,4,7,143,2576
0,2,4,7,143,2576
5,6,4,7,143,2576
4,5,4,7,143,2576
4,7,4,7,143,2576
3,4,4,7,143,2576
3,8,4,7,143,2576
2,3,4,7,143,2576
2,9,4,7,143,2576
1,2,4,7,143,2576
0,1,4,7,143,2576
0,7,3,6,144,2135
1,7,3,6,144,2135
0,6,3,6,144,2135
0,8,3,6,144,2135
2,7,3,6,144,2135
1,6,3,6,144,2135
1,8,3,6,144,2135
0,5,3,6,144,2135
0,9,3,6,144,2135
3,7,3,6,144,2135
2,6,3,6,144,2135
2,8,3,6,144,2135
1,5,3,6,144,2135
1,9,3,6,144,2135
0,4,3,6,144,2135
4,7,3,6,144,2135
3,6,3,6,144,2135
3,8,3,6,144,2135
2,5,3,6,144,2135
2,9,3,6,144,2135
1,4,3,6,144,2135
0,3,3,6,144,2135
0,8,1,6,145,1653
1,8,1,6,145,1653
0,7,1,6,145,1653
0,9,1,6,145,1653
2,8,1,6,145,1653
1,7,1,6,145,1653
1,9,1,6,145,1653
0,6,1,6,145,1653
3,8,1,6,145,1653
2,7,1,6,145,1653
2,9,1,6,145,1653
1,6,1,6,145,1653
0,5,1,6,145,1653
0,0,6,3,146,4434
1,0,6,3,146,4434
0,1,6,3,146,4434
2,0,6,3,146,4434
1,1,6,3,146,4434
0,2,6,3,146,4434
3,0,6,3,146,4434
2,1,6,3,146,4434
1,2,6,3,146,4434
0,3,6,3,146,4434
4,0,6,3,146,4434
3,1,6,3,146,4434
2,2,6,3,146,4434
1,3,6,3,146,4434
0,4,6,3,146,4434
5,0,6,3,146,4434
4,1,6,3,146,4434
3,2,6,3,146,4434
2,3,6,3,146,4434
1,4,6,3,146,4434
0,5,6,3,146,4434
6,0,6,3,146,4434
5,1,6,3,146,4434
4,2,6,3,146,4434
3,3,6,3,146,4434
2,4,6,3,146,4434
1,5,6,3,146,4434
0,6,6,3,146,4434
7,0,6,3,146,4434
6,1,6,3,146,4434
5,2,6,3,146,4434
4,3,6,3,146,4434
3,4,6,3,146,4434
2,5,6,3,146,4434
1,6,6,3,146,4434
0,7,6,3,146,4434
8,0,6,3,146,4434
7,1,6,3,146,4434
6,2,6,3,146,4434
5,3,6,3,146,4434
4,4,6,3,146,4434
3,5,6,3,146,4434
2,6,6,3,146,4434
1,7,6,3,146,4434
0,8,6,3,146,4434
9,0,6,3,146,4434
8,1,6,3,146,4434
7,2,6,3,146,4434
6,3,6,3,146,4434
5,4,6,3,146,4434
4,5,6,3,146,4434
3,6,6,3,146,4434
2,7,6,3,146,4434
1,8,6,3,146,4434
0,9,6,3,146,4434
9,1,6,3,146,4434
9,2,6,3,146,4434
8,2,6,3,146,4434
8,3,6,3,146,4434
7,3,6,3,146,4434
7,4,6,3,146,4434
6,4,6,3,146,4434
6,5,6,3,146,4434
5,5,6,3,146,4434
5,6,6,3,146,4434
4,6,6,3,146,4434
4,7,6,3,146,4434
3,7,6,3,146,4434
3,8,6,3,146,4434
2,8,6,3,146,4434
2,9,6,3,146,4434
1,9,6,3,146,4434
0,0,5,3,147,4435
1,0,5,3,147,4435
0,1,5,3,147,4435
2,0,5,3,147,4435
1,1,5,3,147,4435
0,2,5,3,147,4435
3,0,5,3,147,4435
2,1,5,3,147,4435
1,2,5,3,147,4435
0,3,5,3,147,4435
4,0,5,3,147,4435
3,1,5,3,147,4435
2,2,5,3,147,4435
1,3,5,3,147,4435
0,4,5,3,147,4435
5,0,5,3,147,4435
4,1,5,3,147,4435
3,2,5,3,147,4435
2,3,5,3,147,4435
1,4,5,3,147,4435
0,5,5,3,147,4435
6,0,5,3,147,4435
5,1,5,3,147,4435
4,2,5,3,147,4435
3,3,5,3,147,4435
2,4,5,3,147,4435
1,5,5,3,147,4435
0,6,5,3,147,4435
7,0,5,3,147,4435
6,1,5,3,147,4435
5,2,5,3,147,4435
4,3,5,3,147,4435
3,4,5,3,147,4435
2,5,5,3,147,4435
1,6,5,3,147,4435
0,7,5,3,147,4435
8,0,5,3,147,4435
7,1,5,3,147,4435
6,2,5,3,147,4435
5,3,5,3,147,4435
4,4,5,3,147,4435
3,5,5,3,147,4435
2,6,5,3,147,4435
1,7,5,3,147,4435
0,8,5,3,147,4435
9,0,5,3,147,4435
9,1,5,3,147,4435
8,1,5,3,147,4435
8,2,5,3,147,4435
7,2,5,3,147,4435
7,3,5,3,147,4435
6,3,5,3,147,4435
6,4,5,3,147,4435
5,4,5,3,147,4435
5,5,5,3,147,4435
4,5,5,3,147,4435
4,6,5,3,147,4435
3,6,5,3,147,4435
3,7,5,3,147,4435
2,7,5,3,147,4435
2,8,5,3,147,4435
1,8,5,3,147,4435
1,9,5,3,147,4435
9,2,5,3,147,4435
9,2,9,2,0,0
9,3,5,3,147,4435
8,3,5,3,147,4435
8,3,8,3,0,0
8,4,5,3,147,4435
7,4,5,3,147,4435
7,4,7,4,0,0
7,5,5,3,147,4435
6,5,5,3,147,4435
6,5,6,5,0,0
6,6,5,3,147,4435
5,6,5,3,147,4435
5,6,5,6,0,0
5,7,5,3,147,4435
4,7,5,3,147,4435
4,7,4,7,0,0
4,8,5,3,147,4435
3,8,5,3,147,4435
3,8,3,8,0,0
3,9,5,3,147,4435
2,9,5,3,147,4435
2,9,2,9,0,0
0,0,5,3,148,4114
1,0,5,3,148,4114
0,1,5,3,148,4114
2,0,5,3,148,4114
1,1,5,3,148,4114
0,2,5,3,148,4114
3,0,5,3,148,4114
2,1,5,3,148,4114
1,2,5,3,148,4114
0,3,5,3,148,4114
4,0,5,3,148,4114
3,1,5,3,148,4114
2,2,5,3,148,4114
1,3,5,3,148,4114
0,4,5,3,148,4114
5,0,5,3,148,4114
4,1,5,3,148,4114
3,2,5,3,148,4114
2,3,5,3,148,4114
1,4,5,3,148,4114
0,5,5,3,148,4114
6,0,5,3,148,4114
5,1,5,3,148,4114
4,2,5,3,148,4114
3,3,5,3,148,4114
2,4,5,3,148,4114
1,5,5,3,148,4114
0,6,5,3,148,4114
8,0,5,3,148,4114
7,0,5,3,148,4114
7,1,5,3,148,4114
6,1,5,3,148,4114
6,2,5,3,148,4114
5,2,5,3,148,4114
5,3,5,3,148,4114
4,3,5,3,148,4114
4,4,5,3,148,4114
3,4,5,3,148,4114
3,5,5,3,148,4114
2,5,5,3,148,4114
2,6,5,3,148,4114
1,6,5,3,148,4114
1,7,5,3,148,4114
9,0,5,3,148,4114
9,1,5,3,148,4114
8,1,5,3,148,4114
8,2,5,3,148,4114
7,2,5,3,148,4114
7,3,5,3,148,4114
6,3,5,3,148,4114
6,4,5,3,148,4114
5,4,5,3,148,4114
5,5,5,3,148,4114
4,5,5,3,148,4114
4,6,5,3,148,4114
3,6,5,3,148,4114
3,7,5,3,148,4114
2,7,5,3,148,4114
2,8,5,3,148,4114
9,2,5,3,148,4114
9,3,5,3,148,4114
8,3,5,3,148,4114
8,4,5,3,148,4114
7,4,5,3,148,4114
7,5,5,3,148,4114
6,5,5,3,148,4114
6,6,5,3,148,4114
5,6,5,3,148,4114
5,7,5,3,148,4114
4,7,5,3,148,4114
4,8,5,3,148,4114
3,8,5,3,148,4114
3,9,5,3,148,4114
0,0,5,3,149,3769
1,0,5,3,149,3769
0,1,5,3,149,3769
2,0,5,3,149,3769
1,1,5,3,149,3769
0,2,5,3,149,3769
3,0,5,3,149,3769
2,1,5,3,149,3769
1,2,5,3,149,3769
0,3,5,3,149,3769
4,0,5,3,149,3769
3,1,5,3,149,3769
2,2,5,3,149,3769
1,3,5,3,149,3769
0,4,5,3,149,3769
6,0,5,3,149,3769
5,0,5,3,149,3769
5,1,5,3,149,3769
4,1,5,3,149,3769
4,2,5,3,149,3769
3,2,5,3,149,3769
3,3,5,3,149,3769
2,3,5,3,149,3769
2,4,5,3,149,3769
1,4,5,3,149,3769
1,5,5,3,149,3769
8,0,5,3,149,3769
7,0,5,3,149,3769
7,1,5,3,149,3769
6,1,5,3,149,3769
6,2,5,3,149,3769
5,2,5,3,149,3769
5,3,5,3,149,3769
4,3,5,3,149,3769
4,4,5,3,149,3769
3,4,5,3,149,3769
3,5,5,3,149,3769
2,5,5,3,149,3769
2,6,5,3,149,3769
9,0,5,3,149,3769
9,1,5,3,149,3769
8,1,5,3,149,3769
8,2,5,3,149,3769
7,2,5,3,149,3769
7,3,5,3,149,3769
6,3,5,3,149,3769
6,4,5,3,149,3769
5,4,5,3,149,3769
5,5,5,3,149,3769
4,5,5,3,149,3769
4,6,5,3,149,3769
3,6,5,3,149,3769
3,7,5,3,149,3769
9,2,5,3,149,3769
9,3,5,3,149,3769
8,3,5,3,149,3769
8,4,5,3,149,3769
7,4,5,3,149,3769
7,5,5,3,149,3769
6,5,5,3,149,3769
6,6,5,3,149,3769
5,6,5,3,149,3769
5,7,5,3,149,3769
4,7,5,3,149,3769
4,8,5,3,149,3769
0,0,5,3,150,3399
1,0,5,3,150,3399
0,1,5,3,150,3399
2,0,5,3,150,3399
1,1,5,3,150,3399
0,2,5,3,150,3399
4,0,5,3,150,3399
3,0,5,3,150,3399
3,1,5,3,150,3399
2,1,5,3,150,3399
2,2,5,3,150,3399
1,2,5,3,150,3399
1,3,5,3,150,3399
6,0,5,3,150,3399
5,0,5,3,150,3399
5,1,5,3,150,3399
4,1,5,3,150,3399
4,2,5,3,150,3399
3,2,5,3,150,3399
3,3,5,3,150,3399
2,3,5,3,150,3399
2,4,5,3,150,3399
8,0,5,3,150,3399
7,0,5,3,150,3399
7,1,5,3,150,3399
6,1,5,3,150,3399
6,2,5,3,150,3399
5,2,5,3,150,3399
5,3,5,3,150,3399
4,3,5,3,150,3399
4,4,5,3,150,3399
3,4,5,3,150,3399
3,5,5,3,150,3399
9,0,5,3,150,3399
9,1,5,3,150,3399
8,1,5,3,150,3399
8,2,5,3,150,3399
7,2,5,3,150,3399
7,3,5,3,150,3399
6,3,5,3,150,3399
6,4,5,3,150,3399
5,4,5,3,150,3399
5,5,5,3,150,3399
4,5,5,3,150,3399
4,6,5,3,150,3399
9,2,5,3,150,3399
9,3,5,3,150,3399
8,3,5,3,150,3399
8,4,5,3,150,3399
7,4,5,3,150,3399
7,5,5,3,150,3399
6,5,5,3,150,3399
6,6,5,3,150,3399
5,6,5,3,150,3399
5,7,5,3,150,3399
0,0,5,3,151,3003
2,0,5,3,151,3003
1,0,5,3,151,3003
1,1,5,3,151,3003
4,0,5,3,151,3003
3,0,5,3,151,3003
3,1,5,3,151,3003
2,1,5,3,151,3003
2,2,5,3,151,3003
6,0,5,3,151,3003
5,0,5,3,151,3003
5,1,5,3,151,3003
4,1,5,3,151,3003
4,2,5,3,151,3003
3,2,5,3,151,3003
3,3,5,3,151,3003
8,0,5,3,151,3003
7,0,5,3,151,3003
7,1,5,3,151,3003
6,1,5,3,151,3003
6,2,5,3,151,3003
5,2,5,3,151,3003
5,3,5,3,151,3003
4,3,5,3,151,3003
4,4,5,3,151,3003
9,0,5,3,151,3003
9,1,5,3,151,3003
8,1,5,3,151,3003
8,2,5,3,151,3003
7,2,5,3,151,3003
7,3,5,3,151,3003
6,3,5,3,151,3003
6,4,5,3,151,3003
5,4,5,3,151,3003
5,5,5,3,151,3003
9,2,5,3,151,3003
9,3,5,3,151,3003
8,3,5,3,151,3003
8,4,5,3,151,3003
7,4,5,3,151,3003
7,5,5,3,151,3003
6,5,5,3,151,3003
6,6,5,3,151,3003
2,0,5,3,152,2578
4,0,5,3,152,2578
3,0,5,3,152,2578
3,1,5,3,152,2578
6,0,5,3,152,2578
5,0,5,3,152,2578
5,1,5,3,152,2578
4,1,5,3,152,2578
4,2,5,3,152,2578
8,0,5,3,152,2578
7,0,5,3,152,2578
7,1,5,3,152,2578
6,1,5,3,152,2578
6,2,5,3,152,2578
5,2,5,3,152,2578
5,3,5,3,152,2578
9,0,5,3,152,2578
9,1,5,3,152,2578
8,1,5,3,152,2578
8,2,5,3,152,2578
7,2,5,3,152,2578
7,3,5,3,152,2578
6,3,5,3,152,2578
6,4,5,3,152,2578
9,2,5,3,152,2578
9,3,5,3,152,2578
8,3,5,3,152,2578
8,4,5,3,152,2578
7,4,5,3,152,2578
7,5,5,3,152,2578
4,0,7,3,153,2135
6,0,7,3,153,2135
5,0,7,3,153,2135
5,1,7,3,153,2135
8,0,7,3,153,2135
7,0,7,3,153,2135
7,1,7,3,153,2135
6,1,7,3,153,2135
6,2,7,3,153,2135
9,0,7,3,153,2135
9,1,7,3,153,2135
8,1,7,3,153,2135
8,2,7,3,153,2135
7,2,7,3,153,2135
7,3,7,3,153,2135
9,2,7,3,153,2135
9,3,7,3,153,2135
8,3,7,3,153,2135
8,4,7,3,153,2135
6,0,7,1,154,1651
8,0,7,1,154,1651
7,0,7,1,154,1651
7,1,7,1,154,1651
9,0,7,1,154,1651
9,1,7,1,154,1651
8,1,7,1,154,1651
8,2,7,1,154,1651
9,2,7,1,154,1651
9,3,7,1,154,1651
5,1,7,3,155,1650
7,1,7,3,155,1650
6,0,7,3,155,1650
6,2,7,3,155,1650
9,1,7,3,155,1650
8,0,7,3,155,1650
8,2,7,3,155,1650
7,0,7,3,155,1650
7,3,7,3,155,1650
8,1,7,3,155,1650
9,0,7,3,155,1650
9,2,7,3,155,1650
9,3,7,3,155,1650
8,4,7,3,155,1650
6,2,7,3,156,1138
8,2,7,3,156,1138
7,1,7,3,156,1138
7,3,7,3,156,1138
9,2,7,3,156,1138
9,1,7,3,156,1138
9,3,7,3,156,1138
8,0,7,3,156,1138
8,4,7,3,156,1138
3,1,5,3,157,2128
5,1,5,3,157,2128
4,0,5,3,157,2128
4,2,5,3,157,2128
7,1,5,3,157,2128
6,0,5,3,157,2128
6,2,5,3,157,2128
5,0,5,3,157,2128
5,3,5,3,157,2128
9,1,5,3,157,2128
8,0,5,3,157,2128
8,2,5,3,157,2128
7,0,5,3,157,2128
7,3,5,3,157,2128
6,1,5,3,157,2128
6,4,5,3,157,2128
8,1,5,3,157,2128
9,0,5,3,157,2128
9,2,5,3,157,2128
9,3,5,3,157,2128
8,4,5,3,157,2128
7,2,5,3,157,2128
7,5,5,3,157,2128
4,2,5,3,158,1650
6,2,5,3,158,1650
5,1,5,3,158,1650
5,3,5,3,158,1650
8,2,5,3,158,1650
7,1,5,3,158,1650
7,3,5,3,158,1650
6,0,5,3,158,1650
6,4,5,3,158,1650
9,2,5,3,158,1650
9,1,5,3,158,1650
9,3,5,3,158,1650
8,0,5,3,158,1650
8,4,5,3,158,1650
7,0,5,3,158,1650
7,5,5,3,158,1650
5,3,5,3,159,1136
7,3,5,3,159,1136
6,2,5,3,159,1136
6,4,5,3,159,1136
9,3,5,3,159,1136
8,2,5,3,159,1136
8,4,5,3,159,1136
7,1,5,3,159,1136
7,5,5,3,159,1136
1,1,5,3,160,2574
3,1,5,3,160,2574
2,0,5,3,160,2574
2,2,5,3,160,2574
5,1,5,3,160,2574
4,0,5,3,160,2574
4,2,5,3,160,2574
3,0,5,3,160,2574
3,3,5,3,160,2574
7,1,5,3,160,2574
6,0,5,3,160,2574
6,2,5,3,160,2574
5,0,5,3,160,2574
5,3,5,3,160,2574
4,1,5,3,160,2574
4,4,5,3,160,2574
9,1,5,3,160,2574
8,0,5,3,160,2574
8,2,5,3,160,2574
7,0,5,3,160,2574
7,3,5,3,160,2574
6,1,5,3,160,2574
6,4,5,3,160,2574
5,2,5,3,160,2574
5,5,5,3,160,2574
8,1,5,3,160,2574
9,0,5,3,160,2574
9,2,5,3,160,2574
9,3,5,3,160,2574
8,4,5,3,160,2574
7,2,5,3,160,2574
7,5,5,3,160,2574
6,3,5,3,160,2574
6,6,5,3,160,2574
3,3,5,5,161,1650
5,3,5,5,161,1650
4,2,5,5,161,1650
4,4,5,5,161,1650
7,3,5,5,161,1650
6,2,5,5,161,1650
6,4,5,5,161,1650
5,1,5,5,161,1650
5,5,5,5,161,1650
9,3,5,5,161,1650
8,2,5,5,161,1650
8,4,5,5,161,1650
7,1,5,5,161,1650
7,5,5,5,161,1650
6,0,5,5,161,1650
6,6,5,5,161,1650
4,4,5,5,123,1138
6,4,5,5,123,1138
5,3,5,5,123,1138
5,5,5,5,123,1138
8,4,5,5,123,1138
7,3,5,5,123,1138
7,5,5,5,123,1138
6,2,5,5,123,1138
6,6,5,5,123,1138
0,1,7,3,162,3003
1,1,7,3,162,3003
0,0,7,3,162,3003
0,2,7,3,162,3003
3,1,7,3,162,3003
2,0,7,3,162,3003
2,2,7,3,162,3003
1,0,7,3,162,3003
1,3,7,3,162,3003
5,1,7,3,162,3003
4,0,7,3,162,3003
4,2,7,3,162,3003
3,0,7,3,162,3003
3,3,7,3,162,3003
2,1,7,3,162,3003
2,4,7,3,162,3003
7,1,7,3,162,3003
6,0,7,3,162,3003
6,2,7,3,162,3003
5,0,7,3,162,3003
5,3,7,3,162,3003
4,1,7,3,162,3003
4,4,7,3,162,3003
3,2,7,3,162,3003
3,5,7,3,162,3003
9,1,7,3,162,3003
8,0,7,3,162,3003
8,2,7,3,162,3003
7,0,7,3,162,3003
7,3,7,3,162,3003
6,1,7,3,162,3003
6,4,7,3,162,3003
5,2,7,3,162,3003
5,5,7,3,162,3003
4,3,7,3,162,3003
4,6,7,3,162,3003
8,1,7,3,162,3003
9,0,7,3,162,3003
9,2,7,3,162,3003
9,3,7,3,162,3003
8,4,7,3,162,3003
7,2,7,3,162,3003
7,5,7,3,162,3003
6,3,7,3,162,3003
6,6,7,3,162,3003
5,4,7,3,162,3003
5,7,7,3,162,3003
1,3,5,7,163,2122
3,3,5,7,163,2122
2,2,5,7,163,2122
2,4,5,7,163,2122
5,3,5,7,163,2122
4,2,5,7,163,2122
4,4,5,7,163,2122
3,1,5,7,163,2122
3,5,5,7,163,2122
7,3,5,7,163,2122
6,2,5,7,163,2122
6,4,5,7,163,2122
5,1,5,7,163,2122
5,5,5,7,163,2122
4,0,5,7,163,2122
4,6,5,7,163,2122
9,3,5,7,163,2122
8,2,5,7,163,2122
8,4,5,7,163,2122
7,1,5,7,163,2122
7,5,5,7,163,2122
6,0,5,7,163,2122
6,6,5,7,163,2122
5,0,5,7,163,2122
5,7,5,7,163,2122
2,4,5,7,73,1646
4,4,5,7,73,1646
3,3,5,7,73,1646
3,5,5,7,73,1646
6,4,5,7,73,1646
5,3,5,7,73,1646
5,5,5,7,73,1646
4,2,5,7,73,1646
4,6,5,7,73,1646
8,4,5,7,73,1646
7,3,5,7,73,1646
7,5,5,7,73,1646
6,2,5,7,73,1646
6,6,5,7,73,1646
5,1,5,7,73,1646
5,7,5,7,73,1646
3,5,5,7,32,1136
5,5,5,7,32,1136
4,4,5,7,32,1136
4,6,5,7,32,1136
7,5,5,7,32,1136
6,4,5,7,32,1136
6,6,5,7,32,1136
5,3,5,7,32,1136
5,7,5,7,32,1136
0,1,7,3,164,3398
1,1,7,3,164,3398
0,0,7,3,164,3398
0,2,7,3,164,3398
2,1,7,3,164,3398
1,0,7,3,164,3398
1,2,7,3,164,3398
0,3,7,3,164,3398
3,1,7,3,164,3398
2,0,7,3,164,3398
2,2,7,3,164,3398
1,3,7,3,164,3398
0,4,7,3,164,3398
5,1,7,3,164,3398
4,0,7,3,164,3398
4,2,7,3,164,3398
3,0,7,3,164,3398
3,3,7,3,164,3398
2,4,7,3,164,3398
1,5,7,3,164,3398
7,1,7,3,164,3398
6,0,7,3,164,3398
6,2,7,3,164,3398
5,0,7,3,164,3398
5,3,7,3,164,3398
4,1,7,3,164,3398
4,4,7,3,164,3398
3,2,7,3,164,3398
3,5,7,3,164,3398
2,3,7,3,164,3398
2,6,7,3,164,3398
9,1,7,3,164,3398
8,0,7,3,164,3398
8,2,7,3,164,3398
7,0,7,3,164,3398
7,3,7,3,164,3398
6,1,7,3,164,3398
6,4,7,3,164,3398
5,2,7,3,164,3398
5,5,7,3,164,3398
4,3,7,3,164,3398
4,6,7,3,164,3398
3,4,7,3,164,3398
3,7,7,3,164,3398
8,1,7,3,164,3398
9,0,7,3,164,3398
9,2,7,3,164,3398
9,3,7,3,164,3398
8,4,7,3,164,3398
7,2,7,3,164,3398
7,5,7,3,164,3398
6,3,7,3,164,3398
6,6,7,3,164,3398
5,4,7,3,164,3398
5,7,7,3,164,3398
4,5,7,3,164,3398
4,8,7,3,164,3398
0,3,5,7,165,2571
1,3,5,7,165,2571
0,2,5,7,165,2571
0,4,5,7,165,2571
3,3,5,7,165,2571
2,2,5,7,165,2571
2,4,5,7,165,2571
1,1,5,7,165,2571
1,5,5,7,165,2571
5,3,5,7,165,2571
4,2,5,7,165,2571
4,4,5,7,165,2571
3,1,5,7,165,2571
3,5,5,7,165,2571
2,0,5,7,165,2571
2,6,5,7,165,2571
7,3,5,7,165,2571
6,2,5,7,165,2571
6,4,5,7,165,2571
5,1,5,7,165,2571
5,5,5,7,165,2571
4,0,5,7,165,2571
4,6,5,7,165,2571
3,0,5,7,165,2571
3,7,5,7,165,2571
9,3,5,7,165,2571
8,2,5,7,165,2571
8,4,5,7,165,2571
7,1,5,7,165,2571
7,5,5,7,165,2571
6,0,5,7,165,2571
6,6,5,7,165,2571
5,0,5,7,165,2571
5,7,5,7,165,2571
4,1,5,7,165,2571
4,8,5,7,165,2571
0,4,5,7,166,2127
2,4,5,7,166,2127
1,3,5,7,166,2127
1,5,5,7,166,2127
4,4,5,7,166,2127
3,3,5,7,166,2127
3,5,5,7,166,2127
2,2,5,7,166,2127
2,6,5,7,166,2127
6,4,5,7,166,2127
5,3,5,7,166,2127
5,5,5,7,166,2127
4,2,5,7,166,2127
4,6,5,7,166,2127
3,1,5,7,166,2127
3,7,5,7,166,2127
8,4,5,7,166,2127
7,3,5,7,166,2127
7,5,5,7,166,2127
6,2,5,7,166,2127
6,6,5,7,166,2127
5,1,5,7,166,2127
5,7,5,7,166,2127
4,0,5,7,166,2127
4,8,5,7,166,2127
2,6,5,7,71,1138
4,6,5,7,71,1138
3,5,5,7,71,1138
3,7,5,7,71,1138
6,6,5,7,71,1138
5,5,5,7,71,1138
5,7,5,7,71,1138
4,4,5,7,71,1138
4,8,5,7,71,1138
0,2,5,7,167,3379
1,2,5,7,167,3379
0,1,5,7,167,3379
0,3,5,7,167,3379
2,2,5,7,167,3379
1,1,5,7,167,3379
1,3,5,7,167,3379
0,0,5,7,167,3379
0,4,5,7,167,3379
3,2,5,7,167,3379
2,1,5,7,167,3379
2,3,5,7,167,3379
1,0,5,7,167,3379
1,4,5,7,167,3379
0,5,5,7,167,3379
4,2,5,7,167,3379
3,1,5,7,167,3379
3,3,5,7,167,3379
2,0,5,7,167,3379
2,4,5,7,167,3379
1,5,5,7,167,3379
0,6,5,7,167,3379
6,2,5,7,167,3379
5,1,5,7,167,3379
5,3,5,7,167,3379
4,0,5,7,167,3379
4,4,5,7,167,3379
3,0,5,7,167,3379
3,5,5,7,167,3379
2,6,5,7,167,3379
1,7,5,7,167,3379
8,2,5,7,167,3379
7,1,5,7,167,3379
7,3,5,7,167,3379
6,0,5,7,167,3379
6,4,5,7,167,3379
5,0,5,7,167,3379
5,5,5,7,167,3379
4,1,5,7,167,3379
4,6,5,7,167,3379
3,7,5,7,167,3379
2,8,5,7,167,3379
9,2,5,7,167,3379
9,1,5,7,167,3379
9,3,5,7,167,3379
8,0,5,7,167,3379
8,4,5,7,167,3379
7,0,5,7,167,3379
7,5,5,7,167,3379
6,1,5,7,167,3379
6,6,5,7,167,3379
5,2,5,7,167,3379
5,7,5,7,167,3379
4,3,5,7,167,3379
4,8,5,7,167,3379
3,4,5,7,167,3379
3,9,5,7,167,3379
0,3,5,7,168,2991
1,3,5,7,168,2991
0,2,5,7,168,2991
0,4,5,7,168,2991
2,3,5,7,168,2991
1,2,5,7,168,2991
1,4,5,7,168,2991
0,1,5,7,168,2991
0,5,5,7,168,2991
3,3,5,7,168,2991
2,2,5,7,168,2991
2,4,5,7,168,2991
1,1,5,7,168,2991
1,5,5,7,168,2991
0,0,5,7,168,2991
0,6,5,7,168,2991
5,3,5,7,168,2991
4,2,5,7,168,2991
4,4,5,7,168,2991
3,1,5,7,168,2991
3,5,5,7,168,2991
2,0,5,7,168,2991
2,6,5,7,168,2991
1,0,5,7,168,2991
1,7,5,7,168,2991
7,3,5,7,168,2991
6,2,5,7,168,2991
6,4,5,7,168,2991
5,1,5,7,168,2991
5,5,5,7,168,2991
4,0,5,7,168,2991
4,6,5,7,168,2991
3,0,5,7,168,2991
3,7,5,7,168,2991
2,1,5,7,168,2991
2,8,5,7,168,2991
9,3,5,7,168,2991
8,2,5,7,168,2991
8,4,5,7,168,2991
7,1,5,7,168,2991
7,5,5,7,168,2991
6,0,5,7,168,2991
6,6,5,7,168,2991
5,0,5,7,168,2991
5,7,5,7,168,2991
4,1,5,7,168,2991
4,8,5,7,168,2991
3,2,5,7,168,2991
3,9,5,7,168,2991
0,4,5,7,169,2574
1,4,5,7,169,2574
0,3,5,7,169,2574
0,5,5,7,169,2574
2,4,5,7,169,2574
1,3,5,7,169,2574
1,5,5,7,169,2574
0,2,5,7,169,2574
0,6,5,7,169,2574
4,4,5,7,169,2574
3,3,5,7,169,2574
3,5,5,7,169,2574
2,2,5,7,169,2574
2,6,5,7,169,2574
1,1,5,7,169,2574
1,7,5,7,169,2574
6,4,5,7,169,2574
5,3,5,7,169,2574
5,5,5,7,169,2574
4,2,5,7,169,2574
4,6,5,7,169,2574
3,1,5,7,169,2574
3,7,5,7,169,2574
2,0,5,7,169,2574
2,8,5,7,169,2574
8,4,5,7,169,2574
7,3,5,7,169,2574
7,5,5,7,169,2574
6,2,5,7,169,2574
6,6,5,7,169,2574
5,1,5,7,169,2574
5,7,5,7,169,2574
4,0,5,7,169,2574
4,8,5,7,169,2574
3,0,5,7,169,2574
3,9,5,7,169,2574
0,5,5,7,170,2128
1,5,5,7,170,2128
0,4,5,7,170,2128
0,6,5,7,170,2128
3,5,5,7,170,2128
2,4,5,7,170,2128
2,6,5,7,170,2128
1,3,5,7,170,2128
1,7,5,7,170,2128
5,5,5,7,170,2128
4,4,5,7,170,2128
4,6,5,7,170,2128
3,3,5,7,170,2128
3,7,5,7,170,2128
2,2,5,7,170,2128
2,8,5,7,170,2128
7,5,5,7,170,2128
6,4,5,7,170,2128
6,6,5,7,170,2128
5,3,5,7,170,2128
5,7,5,7,170,2128
4,2,5,7,170,2128
4,8,5,7,170,2128
3,1,5,7,170,2128
3,9,5,7,170,2128
0,6,5,7,171,1650
2,6,5,7,171,1650
1,5,5,7,171,1650
1,7,5,7,171,1650
4,6,5,7,171,1650
3,5,5,7,171,1650
3,7,5,7,171,1650
2,4,5,7,171,1650
2,8,5,7,171,1650
6,6,5,7,171,1650
5,5,5,7,171,1650
5,7,5,7,171,1650
4,4,5,7,171,1650
4,8,5,7,171,1650
3,3,5,7,171,1650
3,9,5,7,171,1650
1,7,5,7,133,1136
3,7,5,7,133,1136
2,6,5,7,133,1136
2,8,5,7,133,1136
5,7,5,7,133,1136
4,6,5,7,133,1136
4,8,5,7,133,1136
3,5,5,7,133,1136
3,9,5,7,133,1136
0,1,7,3,172,4109
1,1,7,3,172,4109
0,0,7,3,172,4109
0,2,7,3,172,4109
2,1,7,3,172,4109
1,0,7,3,172,4109
1,2,7,3,172,4109
0,3,7,3,172,4109
3,1,7,3,172,4109
2,0,7,3,172,4109
2,2,7,3,172,4109
1,3,7,3,172,4109
0,4,7,3,172,4109
4,1,7,3,172,4109
3,0,7,3,172,4109
3,2,7,3,172,4109
2,3,7,3,172,4109
1,4,7,3,172,4109
0,5,7,3,172,4109
5,1,7,3,172,4109
4,0,7,3,172,4109
4,2,7,3,172,4109
3,3,7,3,172,4109
2,4,7,3,172,4109
1,5,7,3,172,4109
0,6,7,3,172,4109
6,1,7,3,172,4109
5,0,7,3,172,4109
5,2,7,3,172,4109
4,3,7,3,172,4109
3,4,7,3,172,4109
2,5,7,3,172,4109
1,6,7,3,172,4109
0,7,7,3,172,4109
7,1,7,3,172,4109
6,0,7,3,172,4109
6,2,7,3,172,4109
5,3,7,3,172,4109
4,4,7,3,172,4109
3,5,7,3,172,4109
2,6,7,3,172,4109
1,7,7,3,172,4109
0,8,7,3,172,4109
9,1,7,3,172,4109
8,0,7,3,172,4109
8,2,7,3,172,4109
7,0,7,3,172,4109
7,3,7,3,172,4109
6,4,7,3,172,4109
5,5,7,3,172,4109
4,6,7,3,172,4109
3,7,7,3,172,4109
2,8,7,3,172,4109
1,9,7,3,172,4109
8,1,7,3,172,4109
9,0,7,3,172,4109
9,2,7,3,172,4109
9,3,7,3,172,4109
8,4,7,3,172,4109
7,2,7,3,172,4109
7,5,7,3,172,4109
6,3,7,3,172,4109
6,6,7,3,172,4109
5,4,7,3,172,4109
5,7,7,3,172,4109
4,5,7,3,172,4109
4,8,7,3,172,4109
3,6,7,3,172,4109
3,9,7,3,172,4109
2,7,7,3,172,4109
2,9,7,3,172,4109
0,6,5,7,173,2127
1,6,5,7,173,2127
0,5,5,7,173,2127
0,7,5,7,173,2127
2,6,5,7,173,2127
1,5,5,7,173,2127
1,7,5,7,173,2127
0,4,5,7,173,2127
0,8,5,7,173,2127
4,6,5,7,173,2127
3,5,5,7,173,2127
3,7,5,7,173,2127
2,4,5,7,173,2127
2,8,5,7,173,2127
1,3,5,7,173,2127
1,9,5,7,173,2127
6,6,5,7,173,2127
5,5,5,7,173,2127
5,7,5,7,173,2127
4,4,5,7,173,2127
4,8,5,7,173,2127
3,3,5,7,173,2127
3,9,5,7,173,2127
2,2,5,7,173,2127
2,9,5,7,173,2127
0,7,5,7,174,1646
1,7,5,7,174,1646
0,6,5,7,174,1646
0,8,5,7,174,1646
3,7,5,7,174,1646
2,6,5,7,174,1646
2,8,5,7,174,1646
1,5,5,7,174,1646
1,9,5,7,174,1646
5,7,5,7,174,1646
4,6,5,7,174,1646
4,8,5,7,174,1646
3,5,5,7,174,1646
3,9,5,7,174,1646
2,4,5,7,174,1646
2,9,5,7,174,1646
0,1,7,3,175,4430
1,1,7,3,175,4430
0,0,7,3,175,4430
0,2,7,3,175,4430
2,1,7,3,175,4430
1,0,7,3,175,4430
1,2,7,3,175,4430
0,3,7,3,175,4430
3,1,7,3,175,4430
2,0,7,3,175,4430
2,2,7,3,175,4430
1,3,7,3,175,4430
0,4,7,3,175,4430
4,1,7,3,175,4430
3,0,7,3,175,4430
3,2,7,3,175,4430
2,3,7,3,175,4430
1,4,7,3,175,4430
0,5,7,3,175,4430
5,1,7,3,175,4430
4,0,7,3,175,4430
4,2,7,3,175,4430
3,3,7,3,175,4430
2,4,7,3,175,4430
1,5,7,3,175,4430
0,6,7,3,175,4430
6,1,7,3,175,4430
5,0,7,3,175,4430
5,2,7,3,175,4430
4,3,7,3,175,4430
3,4,7,3,175,4430
2,5,7,3,175,4430
1,6,7,3,175,4430
0,7,7,3,175,4430
7,1,7,3,175,4430
6,0,7,3,175,4430
6,2,7,3,175,4430
5,3,7,3,175,4430
4,4,7,3,175,4430
3,5,7,3,175,4430
2,6,7,3,175,4430
1,7,7,3,175,4430
0,8,7,3,175,4430
8,1,7,3,175,4430
7,0,7,3,175,4430
7,2,7,3,175,4430
6,3,7,3,175,4430
5,4,7,3,175,4430
4,5,7,3,175,4430
3,6,7,3,175,4430
2,7,7,3,175,4430
1,8,7,3,175,4430
0,9,7,3,175,4430
9,1,7,3,175,4430
8,0,7,3,175,4430
8,2,7,3,175,4430
7,3,7,3,175,4430
6,4,7,3,175,4430
5,5,7,3,175,4430
4,6,7,3,175,4430
3,7,7,3,175,4430
2,8,7,3,175,4430
1,9,7,3,175,4430
9,0,7,3,175,4430
9,2,7,3,175,4430
9,3,7,3,175,4430
8,4,7,3,175,4430
7,5,7,3,175,4430
6,6,7,3,175,4430
5,7,7,3,175,4430
4,8,7,3,175,4430
3,9,7,3,175,4430
2,9,7,3,175,4430
0,2,7,1,176,4092
1,2,7,1,176,4092
0,1,7,1,176,4092
0,3,7,1,176,4092
2,2,7,1,176,4092
1,1,7,1,176,4092
1,3,7,1,176,4092
0,0,7,1,176,4092
0,4,7,1,176,4092
3,2,7,1,176,4092
2,1,7,1,176,4092
2,3,7,1,176,4092
1,0,7,1,176,4092
1,4,7,1,176,4092
0,5,7,1,176,4092
4,2,7,1,176,4092
3,1,7,1,176,4092
3,3,7,1,176,4092
2,0,7,1,176,4092
2,4,7,1,176,4092
1,5,7,1,176,4092
0,6,7,1,176,4092
5,2,7,1,176,4092
4,1,7,1,176,4092
4,3,7,1,176,4092
3,0,7,1,176,4092
3,4,7,1,176,4092
2,5,7,1,176,4092
1,6,7,1,176,4092
0,7,7,1,176,4092
6,2,7,1,176,4092
5,1,7,1,176,4092
5,3,7,1,176,4092
4,0,7,1,176,4092
4,4,7,1,176,4092
3,5,7,1,176,4092
2,6,7,1,176,4092
1,7,7,1,176,4092
0,8,7,1,176,4092
7,2,7,1,176,4092
6,1,7,1,176,4092
6,3,7,1,176,4092
5,0,7,1,176,4092
5,4,7,1,176,4092
4,5,7,1,176,4092
3,6,7,1,176,4092
2,7,7,1,176,4092
1,8,7,1,176,4092
0,9,7,1,176,4092
8,2,7,1,176,4092
7,1,7,1,176,4092
7,3,7,1,176,4092
6,0,7,1,176,4092
6,4,7,1,176,4092
5,5,7,1,176,4092
4,6,7,1,176,4092
3,7,7,1,176,4092
2,8,7,1,176,4092
1,9,7,1,176,4092
9,2,7,1,176,4092
9,1,7,1,176,4092
9,3,7,1,176,4092
8,0,7,1,176,4092
8,4,7,1,176,4092
7,0,7,1,176,4092
7,5,7,1,176,4092
6,6,7,1,176,4092
5,7,7,1,176,4092
4,8,7,1,176,4092
3,9,7,1,176,4092
2,9,7,1,176,4092
0,5,5,7,177,2991
1,5,5,7,177,2991
0,4,5,7,177,2991
0,6,5,7,177,2991
2,5,5,7,177,2991
1,4,5,7,177,2991
1,6,5,7,177,2991
0,3,5,7,177,2991
0,7,5,7,177,2991
3,5,5,7,177,2991
2,4,5,7,177,2991
2,6,5,7,177,2991
1,3,5,7,177,2991
1,7,5,7,177,2991
0,2,5,7,177,2991
0,8,5,7,177,2991
4,5,5,7,177,2991
3,4,5,7,177,2991
3,6,5,7,177,2991
2,3,5,7,177,2991
2,7,5,7,177,2991
1,2,5,7,177,2991
1,8,5,7,177,2991
0,1,5,7,177,2991
0,9,5,7,177,2991
5,5,5,7,177,2991
4,4,5,7,177,2991
4,6,5,7,177,2991
3,3,5,7,177,2991
3,7,5,7,177,2991
2,2,5,7,177,2991
2,8,5,7,177,2991
1,1,5,7,177,2991
1,9,5,7,177,2991
0,0,5,7,177,2991
7,5,5,7,177,2991
6,4,5,7,177,2991
6,6,5,7,177,2991
5,3,5,7,177,2991
5,7,5,7,177,2991
4,2,5,7,177,2991
4,8,5,7,177,2991
3,1,5,7,177,2991
3,9,5,7,177,2991
2,0,5,7,177,2991
2,9,5,7,177,2991
1,0,5,7,177,2991
0,6,5,7,178,2571
1,6,5,7,178,2571
0,5,5,7,178,2571
0,7,5,7,178,2571
2,6,5,7,178,2571
1,5,5,7,178,2571
1,7,5,7,178,2571
0,4,5,7,178,2571
0,8,5,7,178,2571
3,6,5,7,178,2571
2,5,5,7,178,2571
2,7,5,7,178,2571
1,4,5,7,178,2571
1,8,5,7,178,2571
0,3,5,7,178,2571
0,9,5,7,178,2571
4,6,5,7,178,2571
3,5,5,7,178,2571
3,7,5,7,178,2571
2,4,5,7,178,2571
2,8,5,7,178,2571
1,3,5,7,178,2571
1,9,5,7,178,2571
0,2,5,7,178,2571
6,6,5,7,178,2571
5,5,5,7,178,2571
5,7,5,7,178,2571
4,4,5,7,178,2571
4,8,5,7,178,2571
3,3,5,7,178,2571
3,9,5,7,178,2571
2,2,5,7,178,2571
2,9,5,7,178,2571
1,1,5,7,178,2571
0,8,0,6,179,1650
1,8,0,6,179,1650
0,7,0,6,179,1650
0,9,0,6,179,1650
2,8,0,6,179,1650
1,7,0,6,179,1650
1,9,0,6,179,1650
0,6,0,6,179,1650
4,8,0,6,179,1650
3,7,0,6,179,1650
3,9,0,6,179,1650
2,6,0,6,179,1650
2,9,0,6,179,1650
1,5,0,6,179,1650
0,9,0,8,180,1136
1,9,0,8,180,1136
0,8,0,8,180,1136
3,9,0,8,180,1136
2,8,0,8,180,1136
2,9,0,8,180,1136
1,7,0,8,180,1136
1,8,0,8,180,1136
0,3,5,7,181,4116
1,3,5,7,181,4116
0,2,5,7,181,4116
0,4,5,7,181,4116
2,3,5,7,181,4116
1,2,5,7,181,4116
1,4,5,7,181,4116
0,1,5,7,181,4116
0,5,5,7,181,4116
3,3,5,7,181,4116
2,2,5,7,181,4116
2,4,5,7,181,4116
1,1,5,7,181,4116
1,5,5,7,181,4116
0,0,5,7,181,4116
0,6,5,7,181,4116
4,3,5,7,181,4116
3,2,5,7,181,4116
3,4,5,7,181,4116
2,1,5,7,181,4116
2,5,5,7,181,4116
1,0,5,7,181,4116
1,6,5,7,181,4116
0,7,5,7,181,4116
5,3,5,7,181,4116
4,2,5,7,181,4116
4,4,5,7,181,4116
3,1,5,7,181,4116
3,5,5,7,181,4116
2,0,5,7,181,4116
2,6,5,7,181,4116
1,7,5,7,181,4116
0,8,5,7,181,4116
6,3,5,7,181,4116
5,2,5,7,181,4116
5,4,5,7,181,4116
4,1,5,7,181,4116
4,5,5,7,181,4116
3,0,5,7,181,4116
3,6,5,7,181,4116
2,7,5,7,181,4116
1,8,5,7,181,4116
0,9,5,7,181,4116
7,3,5,7,181,4116
6,2,5,7,181,4116
6,4,5,7,181,4116
5,1,5,7,181,4116
5,5,5,7,181,4116
4,0,5,7,181,4116
4,6,5,7,181,4116
3,7,5,7,181,4116
2,8,5,7,181,4116
1,9,5,7,181,4116
8,3,5,7,181,4116
7,2,5,7,181,4116
7,4,5,7,181,4116
6,1,5,7,181,4116
6,5,5,7,181,4116
5,0,5,7,181,4116
5,6,5,7,181,4116
4,7,5,7,181,4116
3,8,5,7,181,4116
2,9,5,7,181,4116
9,3,5,7,181,4116
8,2,5,7,181,4116
8,4,5,7,181,4116
7,1,5,7,181,4116
7,5,5,7,181,4116
6,0,5,7,181,4116
6,6,5,7,181,4116
5,7,5,7,181,4116
4,8,5,7,181,4116
3,9,5,7,181,4116
0,4,5,7,182,3767
1,4,5,7,182,3767
0,3,5,7,182,3767
0,5,5,7,182,3767
2,4,5,7,182,3767
1,3,5,7,182,3767
1,5,5,7,182,3767
0,2,5,7,182,3767
0,6,5,7,182,3767
3,4,5,7,182,3767
2,3,5,7,182,3767
2,5,5,7,182,3767
1,2,5,7,182,3767
1,6,5,7,182,3767
0,1,5,7,182,3767
0,7,5,7,182,3767
4,4,5,7,182,3767
3,3,5,7,182,3767
3,5,5,7,182,3767
2,2,5,7,182,3767
2,6,5,7,182,3767
1,1,5,7,182,3767
1,7,5,7,182,3767
0,0,5,7,182,3767
0,8,5,7,182,3767
5,4,5,7,182,3767
4,3,5,7,182,3767
4,5,5,7,182,3767
3,2,5,7,182,3767
3,6,5,7,182,3767
2,1,5,7,182,3767
2,7,5,7,182,3767
1,0,5,7,182,3767
1,8,5,7,182,3767
0,9,5,7,182,3767
6,4,5,7,182,3767
5,3,5,7,182,3767
5,5,5,7,182,3767
4,2,5,7,182,3767
4,6,5,7,182,3767
3,1,5,7,182,3767
3,7,5,7,182,3767
2,0,5,7,182,3767
2,8,5,7,182,3767
1,9,5,7,182,3767
7,4,5,7,182,3767
6,3,5,7,182,3767
6,5,5,7,182,3767
5,2,5,7,182,3767
5,6,5,7,182,3767
4,1,5,7,182,3767
4,7,5,7,182,3767
3,0,5,7,182,3767
3,8,5,7,182,3767
2,9,5,7,182,3767
8,4,5,7,182,3767
7,3,5,7,182,3767
7,5,5,7,182,3767
6,2,5,7,182,3767
6,6,5,7,182,3767
5,1,5,7,182,3767
5,7,5,7,182,3767
4,0,5,7,182,3767
4,8,5,7,182,3767
3,9,5,7,182,3767
0,5,5,7,183,3393
1,5,5,7,183,3393
0,4,5,7,183,3393
0,6,5,7,183,3393
2,5,5,7,183,3393
1,4,5,7,183,3393
1,6,5,7,183,3393
0,3,5,7,183,3393
0,7,5,7,183,3393
3,5,5,7,183,3393
2,4,5,7,183,3393
2,6,5,7,183,3393
1,3,5,7,183,3393
1,7,5,7,183,3393
0,2,5,7,183,3393
0,8,5,7,183,3393
4,5,5,7,183,3393
3,4,5,7,183,3393
3,6,5,7,183,3393
2,3,5,7,183,3393
2,7,5,7,183,3393
1,2,5,7,183,3393
1,8,5,7,183,3393
0,1,5,7,183,3393
0,9,5,7,183,3393
5,5,5,7,183,3393
4,4,5,7,183,3393
4,6,5,7,183,3393
3,3,5,7,183,3393
3,7,5,7,183,3393
2,2,5,7,183,3393
2,8,5,7,183,3393
1,1,5,7,183,3393
1,9,5,7,183,3393
0,0,5,7,183,3393
6,5,5,7,183,3393
5,4,5,7,183,3393
5,6,5,7,183,3393
4,3,5,7,183,3393
4,7,5,7,183,3393
3,2,5,7,183,3393
3,8,5,7,183,3393
2,1,5,7,183,3393
2,9,5,7,183,3393
1,0,5,7,183,3393
7,5,5,7,183,3393
6,4,5,7,183,3393
6,6,5,7,183,3393
5,3,5,7,183,3393
5,7,5,7,183,3393
4,2,5,7,183,3393
4,8,5,7,183,3393
3,1,5,7,183,3393
3,9,5,7,183,3393
2,0,5,7,183,3393
0,6,5,7,184,2993
1,6,5,7,184,2993
0,5,5,7,184,2993
0,7,5,7,184,2993
2,6,5,7,184,2993
1,5,5,7,184,2993
1,7,5,7,184,2993
0,4,5,7,184,2993
0,8,5,7,184,2993
3,6,5,7,184,2993
2,5,5,7,184,2993
2,7,5,7,184,2993
1,4,5,7,184,2993
1,8,5,7,184,2993
0,3,5,7,184,2993
0,9,5,7,184,2993
4,6,5,7,184,2993
3,5,5,7,184,2993
3,7,5,7,184,2993
2,4,5,7,184,2993
2,8,5,7,184,2993
1,3,5,7,184,2993
1,9,5,7,184,2993
0,2,5,7,184,2993
5,6,5,7,184,2993
4,5,5,7,184,2993
4,7,5,7,184,2993
3,4,5,7,184,2993
3,8,5,7,184,2993
2,3,5,7,184,2993
2,9,5,7,184,2993
1,2,5,7,184,2993
0,1,5,7,184,2993
6,6,5,7,184,2993
5,5,5,7,184,2993
5,7,5,7,184,2993
4,4,5,7,184,2993
4,8,5,7,184,2993
3,3,5,7,184,2993
3,9,5,7,184,2993
2,2,5,7,184,2993
1,1,5,7,184,2993
0,0,5,7,184,2993
0,7,3,7,185,2584
1,7,3,7,185,2584
0,6,3,7,185,2584
0,8,3,7,185,2584
2,7,3,7,185,2584
1,6,3,7,185,2584
1,8,3,7,185,2584
0,5,3,7,185,2584
0,9,3,7,185,2584
3,7,3,7,185,2584
2,6,3,7,185,2584
2,8,3,7,185,2584
1,5,3,7,185,2584
1,9,3,7,185,2584
0,4,3,7,185,2584
4,7,3,7,185,2584
3,6,3,7,185,2584
3,8,3,7,185,2584
2,5,3,7,185,2584
2,9,3,7,185,2584
1,4,3,7,185,2584
0,3,3,7,185,2584
5,7,3,7,185,2584
4,6,3,7,185,2584
4,8,3,7,185,2584
3,5,3,7,185,2584
3,9,3,7,185,2584
2,4,3,7,185,2584
1,3,3,7,185,2584
0,2,3,7,185,2584
0,8,2,6,186,2137
1,8,2,6,186,2137
0,7,2,6,186,2137
0,9,2,6,186,2137
2,8,2,6,186,2137
1,7,2,6,186,2137
1,9,2,6,186,2137
0,6,2,6,186,2137
3,8,2,6,186,2137
2,7,2,6,186,2137
2,9,2,6,186,2137
1,6,2,6,186,2137
0,5,2,6,186,2137
4,8,2,6,186,2137
3,7,2,6,186,2137
3,9,2,6,186,2137
2,6,2,6,186,2137
1,5,2,6,186,2137
0,4,2,6,186,2137
8,2,8,2,187,588
9,2,8,2,187,588
9,1,8,2,187,588
9,3,8,2,187,588
9,3,9,3,0,0
7,3,7,3,95,588
9,3,7,3,95,588
8,2,7,3,95,588
8,4,7,3,95,588
8,4,8,4,0,0
7,5,7,5,0,0
5,5,5,5,95,588
7,5,5,5,95,588
6,4,5,5,95,588
6,6,5,5,95,588
6,6,6,6,0,0
4,6,5,7,23,588
6,6,5,7,23,588
5,5,5,7,23,588
5,7,5,7,23,588
5,7,5,7,0,0
3,7,5,7,48,588
5,7,5,7,48,588
4,6,5,7,48,588
4,8,5,7,48,588
4,8,4,8,0,0
2,8,3,7,6,588
4,8,3,7,6,588
3,7,3,7,6,588
3,9,3,7,6,588
3,9,3,9,0,0
0,0,5,4,188,4439
1,0,5,4,188,4439
0,1,5,4,188,4439
2,0,5,4,188,4439
1,1,5,4,188,4439
0,2,5,4,188,4439
3,0,5,4,188,4439
2,1,5,4,188,4439
1,2,5,4,188,4439
0,3,5,4,188,4439
4,0,5,4,188,4439
3,1,5,4,188,4439
2,2,5,4,188,4439
1,3,5,4,188,4439
0,4,5,4,188,4439
5,0,5,4,188,4439
4,1,5,4,188,4439
3,2,5,4,188,4439
2,3,5,4,188,4439
1,4,5,4,188,4439
0,5,5,4,188,4439
6,0,5,4,188,4439
5,1,5,4,188,4439
4,2,5,4,188,4439
3,3,5,4,188,4439
2,4,5,4,188,4439
1,5,5,4,188,4439
0,6,5,4,188,4439
7,0,5,4,188,4439
6,1,5,4,188,4439
5,2,5,4,188,4439
4,3,5,4,188,4439
3,4,5,4,188,4439
2,5,5,4,188,4439
1,6,5,4,188,4439
0,7,5,4,188,4439
9,0,5,4,188,4439
8,0,5,4,188,4439
8,1,5,4,188,4439
7,1,5,4,188,4439
7,2,5,4,188,4439
6,2,5,4,188,4439
6,3,5,4,188,4439
5,3,5,4,188,4439
5,4,5,4,188,4439
4,4,5,4,188,4439
4,5,5,4,188,4439
3,5,5,4,188,4439
3,6,5,4,188,4439
2,6,5,4,188,4439
2,7,5,4,188,4439
1,7,5,4,188,4439
1,8,5,4,188,4439
9,1,5,4,188,4439
9,2,5,4,188,4439
8,2,5,4,188,4439
8,3,5,4,188,4439
7,3,5,4,188,4439
7,4,5,4,188,4439
6,4,5,4,188,4439
6,5,5,4,188,4439
5,5,5,4,188,4439
5,6,5,4,188,4439
4,6,5,4,188,4439
4,7,5,4,188,4439
3,7,5,4,188,4439
3,8,5,4,188,4439
2,8,5,4,188,4439
2,9,5,4,188,4439
9,3,5,4,188,4439
9,4,5,4,188,4439
8,4,5,4,188,4439
8,5,5,4,188,4439
7,5,5,4,188,4439
7,6,5,4,188,4439
6,6,5,4,188,4439
6,7,5,4,188,4439
5,7,5,4,188,4439
5,8,5,4,188,4439
4,8,5,4,188,4439
4,9,5,4,188,4439
3,9,5,4,188,4439
0,0,5,4,189,4114
1,0,5,4,189,4114
0,1,5,4,189,4114
2,0,5,4,189,4114
1,1,5,4,189,4114
0,2,5,4,189,4114
3,0,5,4,189,4114
2,1,5,4,189,4114
1,2,5,4,189,4114
0,3,5,4,189,4114
4,0,5,4,189,4114
3,1,5,4,189,4114
2,2,5,4,189,4114
1,3,5,4,189,4114
0,4,5,4,189,4114
5,0,5,4,189,4114
4,1,5,4,189,4114
3,2,5,4,189,4114
2,3,5,4,189,4114
1,4,5,4,189,4114
0,5,5,4,189,4114
7,0,5,4,189,4114
6,0,5,4,189,4114
6,1,5,4,189,4114
5,1,5,4,189,4114
5,2,5,4,189,4114
4,2,5,4,189,4114
4,3,5,4,189,4114
3,3,5,4,189,4114
3,4,5,4,189,4114
2,4,5,4,189,4114
2,5,5,4,189,4114
1,5,5,4,189,4114
1,6,5,4,189,4114
9,0,5,4,189,4114
8,0,5,4,189,4114
8,1,5,4,189,4114
7,1,5,4,189,4114
7,2,5,4,189,4114
6,2,5,4,189,4114
6,3,5,4,189,4114
5,3,5,4,189,4114
5,4,5,4,189,4114
4,4,5,4,189,4114
4,5,5,4,189,4114
3,5,5,4,189,4114
3,6,5,4,189,4114
2,6,5,4,189,4114
2,7,5,4,189,4114
9,1,5,4,189,4114
9,2,5,4,189,4114
8,2,5,4,189,4114
8,3,5,4,189,4114
7,3,5,4,189,4114
7,4,5,4,189,4114
6,4,5,4,189,4114
6,5,5,4,189,4114
5,5,5,4,189,4114
5,6,5,4,189,4114
4,6,5,4,189,4114
4,7,5,4,189,4114
3,7,5,4,189,4114
3,8,5,4,189,4114
9,3,5,4,189,4114
9,4,5,4,189,4114
8,4,5,4,189,4114
8,5,5,4,189,4114
7,5,5,4,189,4114
7,6,5,4,189,4114
6,6,5,4,189,4114
6,7,5,4,189,4114
5,7,5,4,189,4114
5,8,5,4,189,4114
4,8,5,4,189,4114
4,9,5,4,189,4114
0,0,5,4,190,3767
1,0,5,4,190,3767
0,1,5,4,190,3767
2,0,5,4,190,3767
1,1,5,4,190,3767
0,2,5,4,190,3767
3,0,5,4,190,3767
2,1,5,4,190,3767
1,2,5,4,190,3767
0,3,5,4,190,3767
5,0,5,4,190,3767
4,0,5,4,190,3767
4,1,5,4,190,3767
3,1,5,4,190,3767
3,2,5,4,190,3767
2,2,5,4,190,3767
2,3,5,4,190,3767
1,3,5,4,190,3767
1,4,5,4,190,3767
7,0,5,4,190,3767
6,0,5,4,190,3767
6,1,5,4,190,3767
5,1,5,4,190,3767
5,2,5,4,190,3767
4,2,5,4,190,3767
4,3,5,4,190,3767
3,3,5,4,190,3767
3,4,5,4,190,3767
2,4,5,4,190,3767
2,5,5,4,190,3767
9,0,5,4,190,3767
8,0,5,4,190,3767
8,1,5,4,190,3767
7,1,5,4,190,3767
7,2,5,4,190,3767
6,2,5,4,190,3767
6,3,5,4,190,3767
5,3,5,4,190,3767
5,4,5,4,190,3767
4,4,5,4,190,3767
4,5,5,4,190,3767
3,5,5,4,190,3767
3,6,5,4,190,3767
9,1,5,4,190,3767
9,2,5,4,190,3767
8,2,5,4,190,3767
8,3,5,4,190,3767
7,3,5,4,190,3767
7,4,5,4,190,3767
6,4,5,4,190,3767
6,5,5,4,190,3767
5,5,5,4,190,3767
5,6,5,4,190,3767
4,6,5,4,190,3767
4,7,5,4,190,3767
9,3,5,4,190,3767
9,4,5,4,190,3767
8,4,5,4,190,3767
8,5,5,4,190,3767
7,5,5,4,190,3767
7,6,5,4,190,3767
6,6,5,4,190,3767
6,7,5,4,190,3767
5,7,5,4,190,3767
5,8,5,4,190,3767
0,0,5,4,191,3395
1,0,5,4,191,3395
0,1,5,4,191,3395
3,0,5,4,191,3395
2,0,5,4,191,3395
2,1,5,4,191,3395
1,1,5,4,191,3395
1,2,5,4,191,3395
5,0,5,4,191,3395
4,0,5,4,191,3395
4,1,5,4,191,3395
3,1,5,4,191,3395
3,2,5,4,191,3395
2,2,5,4,191,3395
2,3,5,4,191,3395
7,0,5,4,191,3395
6,0,5,4,191,3395
6,1,5,4,191,3395
5,1,5,4,191,3395
5,2,5,4,191,3395
4,2,5,4,191,3395
4,3,5,4,191,3395
3,3,5,4,191,3395
3,4,5,4,191,3395
9,0,5,4,191,3395
8,0,5,4,191,3395
8,1,5,4,191,3395
7,1,5,4,191,3395
7,2,5,4,191,3395
6,2,5,4,191,3395
6,3,5,4,191,3395
5,3,5,4,191,3395
5,4,5,4,191,3395
4,4,5,4,191,3395
4,5,5,4,191,3395
9,1,5,4,191,3395
9,2,5,4,191,3395
8,2,5,4,191,3395
8,3,5,4,191,3395
7,3,5,4,191,3395
7,4,5,4,191,3395
6,4,5,4,191,3395
6,5,5,4,191,3395
5,5,5,4,191,3395
5,6,5,4,191,3395
9,3,5,4,191,3395
9,4,5,4,191,3395
8,4,5,4,191,3395
8,5,5,4,191,3395
7,5,5,4,191,3395
7,6,5,4,191,3395
6,6,5,4,191,3395
6,7,5,4,191,3395
1,0,5,4,192,2995
3,0,5,4,192,2995
2,0,5,4,192,2995
2,1,5,4,192,2995
5,0,5,4,192,2995
4,0,5,4,192,2995
4,1,5,4,192,2995
3,1,5,4,192,2995
3,2,5,4,192,2995
7,0,5,4,192,2995
6,0,5,4,192,2995
6,1,5,4,192,2995
5,1,5,4,192,2995
5,2,5,4,192,2995
4,2,5,4,192,2995
4,3,5,4,192,2995
9,0,5,4,192,2995
8,0,5,4,192,2995
8,1,5,4,192,2995
7,1,5,4,192,2995
7,2,5,4,192,2995
6,2,5,4,192,2995
6,3,5,4,192,2995
5,3,5,4,192,2995
5,4,5,4,192,2995
9,1,5,4,192,2995
9,2,5,4,192,2995
8,2,5,4,192,2995
8,3,5,4,192,2995
7,3,5,4,192,2995
7,4,5,4,192,2995
6,4,5,4,192,2995
6,5,5,4,192,2995
9,3,5,4,192,2995
9,4,5,4,192,2995
8,4,5,4,192,2995
8,5,5,4,192,2995
7,5,5,4,192,2995
7,6,5,4,192,2995
3,0,6,3,193,2584
5,0,6,3,193,2584
4,0,6,3,193,2584
4,1,6,3,193,2584
7,0,6,3,193,2584
6,0,6,3,193,2584
6,1,6,3,193,2584
5,1,6,3,193,2584
5,2,6,3,193,2584
9,0,6,3,193,2584
8,0,6,3,193,2584
8,1,6,3,193,2584
7,1,6,3,193,2584
7,2,6,3,193,2584
6,2,6,3,193,2584
6,3,6,3,193,2584
9,1,6,3,193,2584
9,2,6,3,193,2584
8,2,6,3,193,2584
8,3,6,3,193,2584
7,3,6,3,193,2584
7,4,6,3,193,2584
9,3,6,3,193,2584
9,4,6,3,193,2584
8,4,6,3,193,2584
8,5,6,3,193,2584
5,0,7,2,194,2135
7,0,7,2,194,2135
6,0,7,2,194,2135
6,1,7,2,194,2135
9,0,7,2,194,2135
8,0,7,2,194,2135
8,1,7,2,194,2135
7,1,7,2,194,2135
7,2,7,2,194,2135
9,1,7,2,194,2135
9,2,7,2,194,2135
8,2,7,2,194,2135
8,3,7,2,194,2135
9,3,7,2,194,2135
9,4,7,2,194,2135
4,1,6,3,195,2128
6,1,6,3,195,2128
5,0,6,3,195,2128
5,2,6,3,195,2128
8,1,6,3,195,2128
7,0,6,3,195,2128
7,2,6,3,195,2128
6,0,6,3,195,2128
6,3,6,3,195,2128
9,1,6,3,195,2128
9,0,6,3,195,2128
9,2,6,3,195,2128
8,0,6,3,195,2128
8,3,6,3,195,2128
7,1,6,3,195,2128
7,4,6,3,195,2128
8,2,6,3,195,2128
9,3,6,3,195,2128
9,4,6,3,195,2128
8,5,6,3,195,2128
5,2,6,3,196,1650
7,2,6,3,196,1650
6,1,6,3,196,1650
6,3,6,3,196,1650
9,2,6,3,196,1650
8,1,6,3,196,1650
8,3,6,3,196,1650
7,0,6,3,196,1650
7,4,6,3,196,1650
8,2,6,3,196,1650
9,1,6,3,196,1650
9,3,6,3,196,1650
9,0,6,3,196,1650
9,4,6,3,196,1650
8,0,6,3,196,1650
8,5,6,3,196,1650
2,1,5,4,197,2574
4,1,5,4,197,2574
3,0,5,4,197,2574
3,2,5,4,197,2574
6,1,5,4,197,2574
5,0,5,4,197,2574
5,2,5,4,197,2574
4,0,5,4,197,2574
4,3,5,4,197,2574
8,1,5,4,197,2574
7,0,5,4,197,2574
7,2,5,4,197,2574
6,0,5,4,197,2574
6,3,5,4,197,2574
5,1,5,4,197,2574
5,4,5,4,197,2574
9,1,5,4,197,2574
9,0,5,4,197,2574
9,2,5,4,197,2574
8,0,5,4,197,2574
8,3,5,4,197,2574
7,1,5,4,197,2574
7,4,5,4,197,2574
6,2,5,4,197,2574
6,5,5,4,197,2574
8,2,5,4,197,2574
9,3,5,4,197,2574
9,4,5,4,197,2574
8,5,5,4,197,2574
7,3,5,4,197,2574
7,6,5,4,197,2574
3,2,5,4,198,2128
5,2,5,4,198,2128
4,1,5,4,198,2128
4,3,5,4,198,2128
7,2,5,4,198,2128
6,1,5,4,198,2128
6,3,5,4,198,2128
5,0,5,4,198,2128
5,4,5,4,198,2128
9,2,5,4,198,2128
8,1,5,4,198,2128
8,3,5,4,198,2128
7,0,5,4,198,2128
7,4,5,4,198,2128
6,0,5,4,198,2128
6,5,5,4,198,2128
8,2,5,4,198,2128
9,1,5,4,198,2128
9,3,5,4,198,2128
9,0,5,4,198,2128
9,4,5,4,198,2128
8,0,5,4,198,2128
8,5,5,4,198,2128
7,1,5,4,198,2128
7,6,5,4,198,2128
4,3,5,4,199,1650
6,3,5,4,199,1650
5,2,5,4,199,1650
5,4,5,4,199,1650
8,3,5,4,199,1650
7,2,5,4,199,1650
7,4,5,4,199,1650
6,1,5,4,199,1650
6,5,5,4,199,1650
9,3,5,4,199,1650
9,2,5,4,199,1650
9,4,5,4,199,1650
8,1,5,4,199,1650
8,5,5,4,199,1650
7,0,5,4,199,1650
7,6,5,4,199,1650
0,1,5,4,200,2992
2,1,5,4,200,2992
1,0,5,4,200,2992
1,2,5,4,200,2992
4,1,5,4,200,2992
3,0,5,4,200,2992
3,2,5,4,200,2992
2,0,5,4,200,2992
2,3,5,4,200,2992
6,1,5,4,200,2992
5,0,5,4,200,2992
5,2,5,4,200,2992
4,0,5,4,200,2992
4,3,5,4,200,2992
3,1,5,4,200,2992
3,4,5,4,200,2992
8,1,5,4,200,2992
7,0,5,4,200,2992
7,2,5,4,200,2992
6,0,5,4,200,2992
6,3,5,4,200,2992
5,1,5,4,200,2992
5,4,5,4,200,2992
4,2,5,4,200,2992
4,5,5,4,200,2992
9,1,5,4,200,2992
9,0,5,4,200,2992
9,2,5,4,200,2992
8,0,5,4,200,2992
8,3,5,4,200,2992
7,1,5,4,200,2992
7,4,5,4,200,2992
6,2,5,4,200,2992
6,5,5,4,200,2992
5,3,5,4,200,2992
5,6,5,4,200,2992
8,2,5,4,200,2992
9,3,5,4,200,2992
9,4,5,4,200,2992
8,5,5,4,200,2992
7,3,5,4,200,2992
7,6,5,4,200,2992
6,4,5,4,200,2992
6,7,5,4,200,2992
2,3,5,6,201,2127
4,3,5,6,201,2127
3,2,5,6,201,2127
3,4,5,6,201,2127
6,3,5,6,201,2127
5,2,5,6,201,2127
5,4,5,6,201,2127
4,1,5,6,201,2127
4,5,5,6,201,2127
8,3,5,6,201,2127
7,2,5,6,201,2127
7,4,5,6,201,2127
6,1,5,6,201,2127
6,5,5,6,201,2127
5,0,5,6,201,2127
5,6,5,6,201,2127
9,3,5,6,201,2127
9,2,5,6,201,2127
9,4,5,6,201,2127
8,1,5,6,201,2127
8,5,5,6,201,2127
7,0,5,6,201,2127
7,6,5,6,201,2127
6,0,5,6,201,2127
6,7,5,6,201,2127
3,4,5,6,161,1650
5,4,5,6,161,1650
4,3,5,6,161,1650
4,5,5,6,161,1650
7,4,5,6,161,1650
6,3,5,6,161,1650
6,5,5,6,161,1650
5,2,5,6,161,1650
5,6,5,6,161,1650
9,4,5,6,161,1650
8,3,5,6,161,1650
8,5,5,6,161,1650
7,2,5,6,161,1650
7,6,5,6,161,1650
6,1,5,6,161,1650
6,7,5,6,161,1650
0,1,6,3,202,3396
1,1,6,3,202,3396
0,0,6,3,202,3396
0,2,6,3,202,3396
2,1,6,3,202,3396
1,0,6,3,202,3396
1,2,6,3,202,3396
0,3,6,3,202,3396
4,1,6,3,202,3396
3,0,6,3,202,3396
3,2,6,3,202,3396
2,0,6,3,202,3396
2,3,6,3,202,3396
1,4,6,3,202,3396
6,1,6,3,202,3396
5,0,6,3,202,3396
5,2,6,3,202,3396
4,0,6,3,202,3396
4,3,6,3,202,3396
3,1,6,3,202,3396
3,4,6,3,202,3396
2,2,6,3,202,3396
2,5,6,3,202,3396
8,1,6,3,202,3396
7,0,6,3,202,3396
7,2,6,3,202,3396
6,0,6,3,202,3396
6,3,6,3,202,3396
5,1,6,3,202,3396
5,4,6,3,202,3396
4,2,6,3,202,3396
4,5,6,3,202,3396
3,3,6,3,202,3396
3,6,6,3,202,3396
9,1,6,3,202,3396
9,0,6,3,202,3396
9,2,6,3,202,3396
8,0,6,3,202,3396
8,3,6,3,202,3396
7,1,6,3,202,3396
7,4,6,3,202,3396
6,2,6,3,202,3396
6,5,6,3,202,3396
5,3,6,3,202,3396
5,6,6,3,202,3396
4,4,6,3,202,3396
4,7,6,3,202,3396
8,2,6,3,202,3396
9,3,6,3,202,3396
9,4,6,3,202,3396
8,5,6,3,202,3396
7,3,6,3,202,3396
7,6,6,3,202,3396
6,4,6,3,202,3396
6,7,6,3,202,3396
5,5,6,3,202,3396
5,8,6,3,202,3396
0,3,6,7,203,2571
2,3,6,7,203,2571
1,2,6,7,203,2571
1,4,6,7,203,2571
4,3,6,7,203,2571
3,2,6,7,203,2571
3,4,6,7,203,2571
2,1,6,7,203,2571
2,5,6,7,203,2571
6,3,6,7,203,2571
5,2,6,7,203,2571
5,4,6,7,203,2571
4,1,6,7,203,2571
4,5,6,7,203,2571
3,0,6,7,203,2571
3,6,6,7,203,2571
8,3,6,7,203,2571
7,2,6,7,203,2571
7,4,6,7,203,2571
6,1,6,7,203,2571
6,5,6,7,203,2571
5,0,6,7,203,2571
5,6,6,7,203,2571
4,0,6,7,203,2571
4,7,6,7,203,2571
9,3,6,7,203,2571
9,2,6,7,203,2571
9,4,6,7,203,2571
8,1,6,7,203,2571
8,5,6,7,203,2571
7,0,6,7,203,2571
7,6,6,7,203,2571
6,0,6,7,203,2571
6,7,6,7,203,2571
5,1,6,7,203,2571
5,8,6,7,203,2571
1,4,6,7,166,2127
3,4,6,7,166,2127
2,3,6,7,166,2127
2,5,6,7,166,2127
5,4,6,7,166,2127
4,3,6,7,166,2127
4,5,6,7,166,2127
3,2,6,7,166,2127
3,6,6,7,166,2127
7,4,6,7,166,2127
6,3,6,7,166,2127
6,5,6,7,166,2127
5,2,6,7,166,2127
5,6,6,7,166,2127
4,1,6,7,166,2127
4,7,6,7,166,2127
9,4,6,7,166,2127
8,3,6,7,166,2127
8,5,6,7,166,2127
7,2,6,7,166,2127
7,6,6,7,166,2127
6,1,6,7,166,2127
6,7,6,7,166,2127
5,0,6,7,166,2127
5,8,6,7,166,2127
2,5,6,7,98,1650
4,5,6,7,98,1650
3,4,6,7,98,1650
3,6,6,7,98,1650
6,5,6,7,98,1650
5,4,6,7,98,1650
5,6,6,7,98,1650
4,3,6,7,98,1650
4,7,6,7,98,1650
8,5,6,7,98,1650
7,4,6,7,98,1650
7,6,6,7,98,1650
6,3,6,7,98,1650
6,7,6,7,98,1650
5,2,6,7,98,1650
5,8,6,7,98,1650
0,1,6,3,204,3766
1,1,6,3,204,3766
0,0,6,3,204,3766
0,2,6,3,204,3766
2,1,6,3,204,3766
1,0,6,3,204,3766
1,2,6,3,204,3766
0,3,6,3,204,3766
3,1,6,3,204,3766
2,0,6,3,204,3766
2,2,6,3,204,3766
1,3,6,3,204,3766
0,4,6,3,204,3766
4,1,6,3,204,3766
3,0,6,3,204,3766
3,2,6,3,204,3766
2,3,6,3,204,3766
1,4,6,3,204,3766
0,5,6,3,204,3766
6,1,6,3,204,3766
5,0,6,3,204,3766
5,2,6,3,204,3766
4,0,6,3,204,3766
4,3,6,3,204,3766
3,4,6,3,204,3766
2,5,6,3,204,3766
1,6,6,3,204,3766
8,1,6,3,204,3766
7,0,6,3,204,3766
7,2,6,3,204,3766
6,0,6,3,204,3766
6,3,6,3,204,3766
5,1,6,3,204,3766
5,4,6,3,204,3766
4,2,6,3,204,3766
4,5,6,3,204,3766
3,3,6,3,204,3766
3,6,6,3,204,3766
2,4,6,3,204,3766
2,7,6,3,204,3766
9,1,6,3,204,3766
9,0,6,3,204,3766
9,2,6,3,204,3766
8,0,6,3,204,3766
8,3,6,3,204,3766
7,1,6,3,204,3766
7,4,6,3,204,3766
6,2,6,3,204,3766
6,5,6,3,204,3766
5,3,6,3,204,3766
5,6,6,3,204,3766
4,4,6,3,204,3766
4,7,6,3,204,3766
3,5,6,3,204,3766
3,8,6,3,204,3766
8,2,6,3,204,3766
9,3,6,3,204,3766
9,4,6,3,204,3766
8,5,6,3,204,3766
7,3,6,3,204,3766
7,6,6,3,204,3766
6,4,6,3,204,3766
6,7,6,3,204,3766
5,5,6,3,204,3766
5,8,6,3,204,3766
4,6,6,3,204,3766
4,9,6,3,204,3766
0,3,6,7,205,2991
1,3,6,7,205,2991
0,2,6,7,205,2991
0,4,6,7,205,2991
2,3,6,7,205,2991
1,2,6,7,205,2991
1,4,6,7,205,2991
0,1,6,7,205,2991
0,5,6,7,205,2991
4,3,6,7,205,2991
3,2,6,7,205,2991
3,4,6,7,205,2991
2,1,6,7,205,2991
2,5,6,7,205,2991
1,0,6,7,205,2991
1,6,6,7,205,2991
6,3,6,7,205,2991
5,2,6,7,205,2991
5,4,6,7,205,2991
4,1,6,7,205,2991
4,5,6,7,205,2991
3,0,6,7,205,2991
3,6,6,7,205,2991
2,0,6,7,205,2991
2,7,6,7,205,2991
8,3,6,7,205,2991
7,2,6,7,205,2991
7,4,6,7,205,2991
6,1,6,7,205,2991
6,5,6,7,205,2991
5,0,6,7,205,2991
5,6,6,7,205,2991
4,0,6,7,205,2991
4,7,6,7,205,2991
3,1,6,7,205,2991
3,8,6,7,205,2991
9,3,6,7,205,2991
9,2,6,7,205,2991
9,4,6,7,205,2991
8,1,6,7,205,2991
8,5,6,7,205,2991
7,0,6,7,205,2991
7,6,6,7,205,2991
6,0,6,7,205,2991
6,7,6,7,205,2991
5,1,6,7,205,2991
5,8,6,7,205,2991
4,2,6,7,205,2991
4,9,6,7,205,2991
0,4,6,7,206,2574
1,4,6,7,206,2574
0,3,6,7,206,2574
0,5,6,7,206,2574
3,4,6,7,206,2574
2,3,6,7,206,2574
2,5,6,7,206,2574
1,2,6,7,206,2574
1,6,6,7,206,2574
5,4,6,7,206,2574
4,3,6,7,206,2574
4,5,6,7,206,2574
3,2,6,7,206,2574
3,6,6,7,206,2574
2,1,6,7,206,2574
2,7,6,7,206,2574
7,4,6,7,206,2574
6,3,6,7,206,2574
6,5,6,7,206,2574
5,2,6,7,206,2574
5,6,6,7,206,2574
4,1,6,7,206,2574
4,7,6,7,206,2574
3,0,6,7,206,2574
3,8,6,7,206,2574
9,4,6,7,206,2574
8,3,6,7,206,2574
8,5,6,7,206,2574
7,2,6,7,206,2574
7,6,6,7,206,2574
6,1,6,7,206,2574
6,7,6,7,206,2574
5,0,6,7,206,2574
5,8,6,7,206,2574
4,0,6,7,206,2574
4,9,6,7,206,2574
1,6,6,7,171,1650
3,6,6,7,171,1650
2,5,6,7,171,1650
2,7,6,7,171,1650
5,6,6,7,171,1650
4,5,6,7,171,1650
4,7,6,7,171,1650
3,4,6,7,171,1650
3,8,6,7,171,1650
7,6,6,7,171,1650
6,5,6,7,171,1650
6,7,6,7,171,1650
5,4,6,7,171,1650
5,8,6,7,171,1650
4,3,6,7,171,1650
4,9,6,7,171,1650
0,2,6,7,207,3745
1,2,6,7,207,3745
0,1,6,7,207,3745
0,3,6,7,207,3745
2,2,6,7,207,3745
1,1,6,7,207,3745
1,3,6,7,207,3745
0,0,6,7,207,3745
0,4,6,7,207,3745
3,2,6,7,207,3745
2,1,6,7,207,3745
2,3,6,7,207,3745
1,0,6,7,207,3745
1,4,6,7,207,3745
0,5,6,7,207,3745
4,2,6,7,207,3745
3,1,6,7,207,3745
3,3,6,7,207,3745
2,0,6,7,207,3745
2,4,6,7,207,3745
1,5,6,7,207,3745
0,6,6,7,207,3745
5,2,6,7,207,3745
4,1,6,7,207,3745
4,3,6,7,207,3745
3,0,6,7,207,3745
3,4,6,7,207,3745
2,5,6,7,207,3745
1,6,6,7,207,3745
0,7,6,7,207,3745
7,2,6,7,207,3745
6,1,6,7,207,3745
6,3,6,7,207,3745
5,0,6,7,207,3745
5,4,6,7,207,3745
4,0,6,7,207,3745
4,5,6,7,207,3745
3,6,6,7,207,3745
2,7,6,7,207,3745
1,8,6,7,207,3745
9,2,6,7,207,3745
8,1,6,7,207,3745
8,3,6,7,207,3745
7,0,6,7,207,3745
7,4,6,7,207,3745
6,0,6,7,207,3745
6,5,6,7,207,3745
5,1,6,7,207,3745
5,6,6,7,207,3745
4,7,6,7,207,3745
3,8,6,7,207,3745
2,9,6,7,207,3745
8,2,6,7,207,3745
9,1,6,7,207,3745
9,3,6,7,207,3745
9,0,6,7,207,3745
9,4,6,7,207,3745
8,0,6,7,207,3745
8,5,6,7,207,3745
7,1,6,7,207,3745
7,6,6,7,207,3745
6,2,6,7,207,3745
6,7,6,7,207,3745
5,3,6,7,207,3745
5,8,6,7,207,3745
4,4,6,7,207,3745
4,9,6,7,207,3745
3,5,6,7,207,3745
3,9,6,7,207,3745
0,3,6,7,208,3381
1,3,6,7,208,3381
0,2,6,7,208,3381
0,4,6,7,208,3381
2,3,6,7,208,3381
1,2,6,7,208,3381
1,4,6,7,208,3381
0,1,6,7,208,3381
0,5,6,7,208,3381
3,3,6,7,208,3381
2,2,6,7,208,3381
2,4,6,7,208,3381
1,1,6,7,208,3381
1,5,6,7,208,3381
0,0,6,7,208,3381
0,6,6,7,208,3381
4,3,6,7,208,3381
3,2,6,7,208,3381
3,4,6,7,208,3381
2,1,6,7,208,3381
2,5,6,7,208,3381
1,0,6,7,208,3381
1,6,6,7,208,3381
0,7,6,7,208,3381
6,3,6,7,208,3381
5,2,6,7,208,3381
5,4,6,7,208,3381
4,1,6,7,208,3381
4,5,6,7,208,3381
3,0,6,7,208,3381
3,6,6,7,208,3381
2,0,6,7,208,3381
2,7,6,7,208,3381
1,8,6,7,208,3381
8,3,6,7,208,3381
7,2,6,7,208,3381
7,4,6,7,208,3381
6,1,6,7,208,3381
6,5,6,7,208,3381
5,0,6,7,208,3381
5,6,6,7,208,3381
4,0,6,7,208,3381
4,7,6,7,208,3381
3,1,6,7,208,3381
3,8,6,7,208,3381
2,9,6,7,208,3381
9,3,6,7,208,3381
9,2,6,7,208,3381
9,4,6,7,208,3381
8,1,6,7,208,3381
8,5,6,7,208,3381
7,0,6,7,208,3381
7,6,6,7,208,3381
6,0,6,7,208,3381
6,7,6,7,208,3381
5,1,6,7,208,3381
5,8,6,7,208,3381
4,2,6,7,208,3381
4,9,6,7,208,3381
3,9,6,7,208,3381
0,4,6,7,209,2992
1,4,6,7,209,2992
0,3,6,7,209,2992
0,5,6,7,209,2992
2,4,6,7,209,2992
1,3,6,7,209,2992
1,5,6,7,209,2992
0,2,6,7,209,2992
0,6,6,7,209,2992
3,4,6,7,209,2992
2,3,6,7,209,2992
2,5,6,7,209,2992
1,2,6,7,209,2992
1,6,6,7,209,2992
0,1,6,7,209,2992
0,7,6,7,209,2992
5,4,6,7,209,2992
4,3,6,7,209,2992
4,5,6,7,209,2992
3,2,6,7,209,2992
3,6,6,7,209,2992
2,1,6,7,209,2992
2,7,6,7,209,2992
1,0,6,7,209,2992
1,8,6,7,209,2992
7,4,6,7,209,2992
6,3,6,7,209,2992
6,5,6,7,209,2992
5,2,6,7,209,2992
5,6,6,7,209,2992
4,1,6,7,209,2992
4,7,6,7,209,2992
3,0,6,7,209,2992
3,8,6,7,209,2992
2,0,6,7,209,2992
2,9,6,7,209,2992
9,4,6,7,209,2992
8,3,6,7,209,2992
8,5,6,7,209,2992
7,2,6,7,209,2992
7,6,6,7,209,2992
6,1,6,7,209,2992
6,7,6,7,209,2992
5,0,6,7,209,2992
5,8,6,7,209,2992
4,0,6,7,209,2992
4,9,6,7,209,2992
3,1,6,7,209,2992
3,9,6,7,209,2992
0,5,6,7,210,2574
1,5,6,7,210,2574
0,4,6,7,210,2574
0,6,6,7,210,2574
2,5,6,7,210,2574
1,4,6,7,210,2574
1,6,6,7,210,2574
0,3,6,7,210,2574
0,7,6,7,210,2574
4,5,6,7,210,2574
3,4,6,7,210,2574
3,6,6,7,210,2574
2,3,6,7,210,2574
2,7,6,7,210,2574
1,2,6,7,210,2574
1,8,6,7,210,2574
6,5,6,7,210,2574
5,4,6,7,210,2574
5,6,6,7,210,2574
4,3,6,7,210,2574
4,7,6,7,210,2574
3,2,6,7,210,2574
3,8,6,7,210,2574
2,1,6,7,210,2574
2,9,6,7,210,2574
8,5,6,7,210,2574
7,4,6,7,210,2574
7,6,6,7,210,2574
6,3,6,7,210,2574
6,7,6,7,210,2574
5,2,6,7,210,2574
5,8,6,7,210,2574
4,1,6,7,210,2574
4,9,6,7,210,2574
3,0,6,7,210,2574
3,9,6,7,210,2574
0,6,6,7,211,2127
1,6,6,7,211,2127
0,5,6,7,211,2127
0,7,6,7,211,2127
3,6,6,7,211,2127
2,5,6,7,211,2127
2,7,6,7,211,2127
1,4,6,7,211,2127
1,8,6,7,211,2127
5,6,6,7,211,2127
4,5,6,7,211,2127
4,7,6,7,211,2127
3,4,6,7,211,2127
3,8,6,7,211,2127
2,3,6,7,211,2127
2,9,6,7,211,2127
7,6,6,7,211,2127
6,5,6,7,211,2127
6,7,6,7,211,2127
5,4,6,7,211,2127
5,8,6,7,211,2127
4,3,6,7,211,2127
4,9,6,7,211,2127
3,2,6,7,211,2127
3,9,6,7,211,2127
0,7,6,7,212,1646
2,7,6,7,212,1646
1,6,6,7,212,1646
1,8,6,7,212,1646
4,7,6,7,212,1646
3,6,6,7,212,1646
3,8,6,7,212,1646
2,5,6,7,212,1646
2,9,6,7,212,1646
6,7,6,7,212,1646
5,6,6,7,212,1646
5,8,6,7,212,1646
4,5,6,7,212,1646
4,9,6,7,212,1646
3,4,6,7,212,1646
3,9,6,7,212,1646
0,1,6,3,213,4432
1,1,6,3,213,4432
0,0,6,3,213,4432
0,2,6,3,213,4432
2,1,6,3,213,4432
1,0,6,3,213,4432
1,2,6,3,213,4432
0,3,6,3,213,4432
3,1,6,3,213,4432
2,0,6,3,213,4432
2,2,6,3,213,4432
1,3,6,3,213,4432
0,4,6,3,213,4432
4,1,6,3,213,4432
3,0,6,3,213,4432
3,2,6,3,213,4432
2,3,6,3,213,4432
1,4,6,3,213,4432
0,5,6,3,213,4432
5,1,6,3,213,4432
4,0,6,3,213,4432
4,2,6,3,213,4432
3,3,6,3,213,4432
2,4,6,3,213,4432
1,5,6,3,213,4432
0,6,6,3,213,4432
6,1,6,3,213,4432
5,0,6,3,213,4432
5,2,6,3,213,4432
4,3,6,3,213,4432
3,4,6,3,213,4432
2,5,6,3,213,4432
1,6,6,3,213,4432
0,7,6,3,213,4432
7,1,6,3,213,4432
6,0,6,3,213,4432
6,2,6,3,213,4432
5,3,6,3,213,4432
4,4,6,3,213,4432
3,5,6,3,213,4432
2,6,6,3,213,4432
1,7,6,3,213,4432
0,8,6,3,213,4432
8,1,6,3,213,4432
7,0,6,3,213,4432
7,2,6,3,213,4432
6,3,6,3,213,4432
5,4,6,3,213,4432
4,5,6,3,213,4432
3,6,6,3,213,4432
2,7,6,3,213,4432
1,8,6,3,213,4432
0,9,6,3,213,4432
9,1,6,3,213,4432
9,0,6,3,213,4432
9,2,6,3,213,4432
8,0,6,3,213,4432
8,3,6,3,213,4432
7,4,6,3,213,4432
6,5,6,3,213,4432
5,6,6,3,213,4432
4,7,6,3,213,4432
3,8,6,3,213,4432
2,9,6,3,213,4432
1,9,6,3,213,4432
8,2,6,3,213,4432
9,3,6,3,213,4432
9,4,6,3,213,4432
8,5,6,3,213,4432
7,3,6,3,213,4432
7,6,6,3,213,4432
6,4,6,3,213,4432
6,7,6,3,213,4432
5,5,6,3,213,4432
5,8,6,3,213,4432
4,6,6,3,213,4432
4,9,6,3,213,4432
3,7,6,3,213,4432
3,9,6,3,213,4432
2,8,6,3,213,4432
0,6,6,7,214,2571
1,6,6,7,214,2571
0,5,6,7,214,2571
0,7,6,7,214,2571
2,6,6,7,214,2571
1,5,6,7,214,2571
1,7,6,7,214,2571
0,4,6,7,214,2571
0,8,6,7,214,2571
3,6,6,7,214,2571
2,5,6,7,214,2571
2,7,6,7,214,2571
1,4,6,7,214,2571
1,8,6,7,214,2571
0,3,6,7,214,2571
0,9,6,7,214,2571
5,6,6,7,214,2571
4,5,6,7,214,2571
4,7,6,7,214,2571
3,4,6,7,214,2571
3,8,6,7,214,2571
2,3,6,7,214,2571
2,9,6,7,214,2571
1,2,6,7,214,2571
1,9,6,7,214,2571
7,6,6,7,214,2571
6,5,6,7,214,2571
6,7,6,7,214,2571
5,4,6,7,214,2571
5,8,6,7,214,2571
4,3,6,7,214,2571
4,9,6,7,214,2571
3,2,6,7,214,2571
3,9,6,7,214,2571
2,1,6,7,214,2571
2,8,6,7,214,2571
0,7,6,7,215,2122
1,7,6,7,215,2122
0,6,6,7,215,2122
0,8,6,7,215,2122
2,7,6,7,215,2122
1,6,6,7,215,2122
1,8,6,7,215,2122
0,5,6,7,215,2122
0,9,6,7,215,2122
4,7,6,7,215,2122
3,6,6,7,215,2122
3,8,6,7,215,2122
2,5,6,7,215,2122
2,9,6,7,215,2122
1,4,6,7,215,2122
1,9,6,7,215,2122
6,7,6,7,215,2122
5,6,6,7,215,2122
5,8,6,7,215,2122
4,5,6,7,215,2122
4,9,6,7,215,2122
3,4,6,7,215,2122
3,9,6,7,215,2122
2,3,6,7,215,2122
2,8,6,7,215,2122
0,2,7,2,216,4421
1,2,7,2,216,4421
0,1,7,2,216,4421
0,3,7,2,216,4421
2,2,7,2,216,4421
1,1,7,2,216,4421
1,3,7,2,216,4421
0,0,7,2,216,4421
0,4,7,2,216,4421
3,2,7,2,216,4421
2,1,7,2,216,4421
2,3,7,2,216,4421
1,0,7,2,216,4421
1,4,7,2,216,4421
0,5,7,2,216,4421
4,2,7,2,216,4421
3,1,7,2,216,4421
3,3,7,2,216,4421
2,0,7,2,216,4421
2,4,7,2,216,4421
1,5,7,2,216,4421
0,6,7,2,216,4421
5,2,7,2,216,4421
4,1,7,2,216,4421
4,3,7,2,216,4421
3,0,7,2,216,4421
3,4,7,2,216,4421
2,5,7,2,216,4421
1,6,7,2,216,4421
0,7,7,2,216,4421
6,2,7,2,216,4421
5,1,7,2,216,4421
5,3,7,2,216,4421
4,0,7,2,216,4421
4,4,7,2,216,4421
3,5,7,2,216,4421
2,6,7,2,216,4421
1,7,7,2,216,4421
0,8,7,2,216,4421
7,2,7,2,216,4421
6,1,7,2,216,4421
6,3,7,2,216,4421
5,0,7,2,216,4421
5,4,7,2,216,4421
4,5,7,2,216,4421
3,6,7,2,216,4421
2,7,7,2,216,4421
1,8,7,2,216,4421
0,9,7,2,216,4421
8,2,7,2,216,4421
7,1,7,2,216,4421
7,3,7,2,216,4421
6,0,7,2,216,4421
6,4,7,2,216,4421
5,5,7,2,216,4421
4,6,7,2,216,4421
3,7,7,2,216,4421
2,8,7,2,216,4421
1,9,7,2,216,4421
9,2,7,2,216,4421
8,1,7,2,216,4421
8,3,7,2,216,4421
7,0,7,2,216,4421
7,4,7,2,216,4421
6,5,7,2,216,4421
5,6,7,2,216,4421
4,7,7,2,216,4421
3,8,7,2,216,4421
2,9,7,2,216,4421
9,1,7,2,216,4421
9,3,7,2,216,4421
9,0,7,2,216,4421
9,4,7,2,216,4421
8,0,7,2,216,4421
8,5,7,2,216,4421
7,6,7,2,216,4421
6,7,7,2,216,4421
5,8,7,2,216,4421
4,9,7,2,216,4421
3,9,7,2,216,4421
0,5,6,7,217,3379
1,5,6,7,217,3379
0,4,6,7,217,3379
0,6,6,7,217,3379
2,5,6,7,217,3379
1,4,6,7,217,3379
1,6,6,7,217,3379
0,3,6,7,217,3379
0,7,6,7,217,3379
3,5,6,7,217,3379
2,4,6,7,217,3379
2,6,6,7,217,3379
1,3,6,7,217,3379
1,7,6,7,217,3379
0,2,6,7,217,3379
0,8,6,7,217,3379
4,5,6,7,217,3379
3,4,6,7,217,3379
3,6,6,7,217,3379
2,3,6,7,217,3379
2,7,6,7,217,3379
1,2,6,7,217,3379
1,8,6,7,217,3379
0,1,6,7,217,3379
0,9,6,7,217,3379
5,5,6,7,217,3379
4,4,6,7,217,3379
4,6,6,7,217,3379
3,3,6,7,217,3379
3,7,6,7,217,3379
2,2,6,7,217,3379
2,8,6,7,217,3379
1,1,6,7,217,3379
1,9,6,7,217,3379
0,0,6,7,217,3379
6,5,6,7,217,3379
5,4,6,7,217,3379
5,6,6,7,217,3379
4,3,6,7,217,3379
4,7,6,7,217,3379
3,2,6,7,217,3379
3,8,6,7,217,3379
2,1,6,7,217,3379
2,9,6,7,217,3379
1,0,6,7,217,3379
8,5,6,7,217,3379
7,4,6,7,217,3379
7,6,6,7,217,3379
6,3,6,7,217,3379
6,7,6,7,217,3379
5,2,6,7,217,3379
5,8,6,7,217,3379
4,1,6,7,217,3379
4,9,6,7,217,3379
3,0,6,7,217,3379
3,9,6,7,217,3379
2,0,6,7,217,3379
0,6,6,7,218,2986
1,6,6,7,218,2986
0,5,6,7,218,2986
0,7,6,7,218,2986
2,6,6,7,218,2986
1,5,6,7,218,2986
1,7,6,7,218,2986
0,4,6,7,218,2986
0,8,6,7,218,2986
3,6,6,7,218,2986
2,5,6,7,218,2986
2,7,6,7,218,2986
1,4,6,7,218,2986
1,8,6,7,218,2986
0,3,6,7,218,2986
0,9,6,7,218,2986
4,6,6,7,218,2986
3,5,6,7,218,2986
3,7,6,7,218,2986
2,4,6,7,218,2986
2,8,6,7,218,2986
1,3,6,7,218,2986
1,9,6,7,218,2986
0,2,6,7,218,2986
5,6,6,7,218,2986
4,5,6,7,218,2986
4,7,6,7,218,2986
3,4,6,7,218,2986
3,8,6,7,218,2986
2,3,6,7,218,2986
2,9,6,7,218,2986
1,2,6,7,218,2986
0,1,6,7,218,2986
7,6,6,7,218,2986
6,5,6,7,218,2986
6,7,6,7,218,2986
5,4,6,7,218,2986
5,8,6,7,218,2986
4,3,6,7,218,2986
4,9,6,7,218,2986
3,2,6,7,218,2986
3,9,6,7,218,2986
2,1,6,7,218,2986
1,0,6,7,218,2986
0,8,1,6,219,2132
1,8,1,6,219,2132
0,7,1,6,219,2132
0,9,1,6,219,2132
2,8,1,6,219,2132
1,7,1,6,219,2132
1,9,1,6,219,2132
0,6,1,6,219,2132
3,8,1,6,219,2132
2,7,1,6,219,2132
2,9,1,6,219,2132
1,6,1,6,219,2132
0,5,1,6,219,2132
5,8,1,6,219,2132
4,7,1,6,219,2132
4,9,1,6,219,2132
3,6,1,6,219,2132
3,9,1,6,219,2132
2,5,1,6,219,2132
1,4,1,6,219,2132
0,9,0,7,220,1648
1,9,0,7,220,1648
0,8,0,7,220,1648
2,9,0,7,220,1648
1,8,0,7,220,1648
0,7,0,7,220,1648
4,9,0,7,220,1648
3,8,0,7,220,1648
3,9,0,7,220,1648
2,7,0,7,220,1648
2,8,0,7,220,1648
1,6,0,7,220,1648
1,7,0,7,220,1648
0,3,6,7,221,4437
1,3,6,7,221,4437
0,2,6,7,221,4437
0,4,6,7,221,4437
2,3,6,7,221,4437
1,2,6,7,221,4437
1,4,6,7,221,4437
0,1,6,7,221,4437
0,5,6,7,221,4437
3,3,6,7,221,4437
2,2,6,7,221,4437
2,4,6,7,221,4437
1,1,6,7,221,4437
1,5,6,7,221,4437
0,0,6,7,221,4437
0,6,6,7,221,4437
4,3,6,7,221,4437
3,2,6,7,221,4437
3,4,6,7,221,4437
2,1,6,7,221,4437
2,5,6,7,221,4437
1,0,6,7,221,4437
1,6,6,7,221,4437
0,7,6,7,221,4437
5,3,6,7,221,4437
4,2,6,7,221,4437
4,4,6,7,221,4437
3,1,6,7,221,4437
3,5,6,7,221,4437
2,0,6,7,221,4437
2,6,6,7,221,4437
1,7,6,7,221,4437
0,8,6,7,221,4437
6,3,6,7,221,4437
5,2,6,7,221,4437
5,4,6,7,221,4437
4,1,6,7,221,4437
4,5,6,7,221,4437
3,0,6,7,221,4437
3,6,6,7,221,4437
2,7,6,7,221,4437
1,8,6,7,221,4437
0,9,6,7,221,4437
7,3,6,7,221,4437
6,2,6,7,221,4437
6,4,6,7,221,4437
5,1,6,7,221,4437
5,5,6,7,221,4437
4,0,6,7,221,4437
4,6,6,7,221,4437
3,7,6,7,221,4437
2,8,6,7,221,4437
1,9,6,7,221,4437
8,3,6,7,221,4437
7,2,6,7,221,4437
7,4,6,7,221,4437
6,1,6,7,221,4437
6,5,6,7,221,4437
5,0,6,7,221,4437
5,6,6,7,221,4437
4,7,6,7,221,4437
3,8,6,7,221,4437
2,9,6,7,221,4437
9,3,6,7,221,4437
8,2,6,7,221,4437
8,4,6,7,221,4437
7,1,6,7,221,4437
7,5,6,7,221,4437
6,0,6,7,221,4437
6,6,6,7,221,4437
5,7,6,7,221,4437
4,8,6,7,221,4437
3,9,6,7,221,4437
9,2,6,7,221,4437
9,4,6,7,221,4437
8,1,6,7,221,4437
8,5,6,7,221,4437
7,0,6,7,221,4437
7,6,6,7,221,4437
6,7,6,7,221,4437
5,8,6,7,221,4437
4,9,6,7,221,4437
0,4,6,7,222,4109
1,4,6,7,222,4109
0,3,6,7,222,4109
0,5,6,7,222,4109
2,4,6,7,222,4109
1,3,6,7,222,4109
1,5,6,7,222,4109
0,2,6,7,222,4109
0,6,6,7,222,4109
3,4,6,7,222,4109
2,3,6,7,222,4109
2,5,6,7,222,4109
1,2,6,7,222,4109
1,6,6,7,222,4109
0,1,6,7,222,4109
0,7,6,7,222,4109
4,4,6,7,222,4109
3,3,6,7,222,4109
3,5,6,7,222,4109
2,2,6,7,222,4109
2,6,6,7,222,4109
1,1,6,7,222,4109
1,7,6,7,222,4109
0,0,6,7,222,4109
0,8,6,7,222,4109
5,4,6,7,222,4109
4,3,6,7,222,4109
4,5,6,7,222,4109
3,2,6,7,222,4109
3,6,6,7,222,4109
2,1,6,7,222,4109
2,7,6,7,222,4109
1,0,6,7,222,4109
1,8,6,7,222,4109
0,9,6,7,222,4109
6,4,6,7,222,4109
5,3,6,7,222,4109
5,5,6,7,222,4109
4,2,6,7,222,4109
4,6,6,7,222,4109
3,1,6,7,222,4109
3,7,6,7,222,4109
2,0,6,7,222,4109
2,8,6,7,222,4109
1,9,6,7,222,4109
7,4,6,7,222,4109
6,3,6,7,222,4109
6,5,6,7,222,4109
5,2,6,7,222,4109
5,6,6,7,222,4109
4,1,6,7,222,4109
4,7,6,7,222,4109
3,0,6,7,222,4109
3,8,6,7,222,4109
2,9,6,7,222,4109
8,4,6,7,222,4109
7,3,6,7,222,4109
7,5,6,7,222,4109
6,2,6,7,222,4109
6,6,6,7,222,4109
5,1,6,7,222,4109
5,7,6,7,222,4109
4,0,6,7,222,4109
4,8,6,7,222,4109
3,9,6,7,222,4109
9,4,6,7,222,4109
8,3,6,7,222,4109
8,5,6,7,222,4109
7,2,6,7,222,4109
7,6,6,7,222,4109
6,1,6,7,222,4109
6,7,6,7,222,4109
5,0,6,7,222,4109
5,8,6,7,222,4109
4,9,6,7,222,4109
0,5,6,7,223,3758
1,5,6,7,223,3758
0,4,6,7,223,3758
0,6,6,7,223,3758
2,5,6,7,223,3758
1,4,6,7,223,3758
1,6,6,7,223,3758
0,3,6,7,223,3758
0,7,6,7,223,3758
3,5,6,7,223,3758
2,4,6,7,223,3758
2,6,6,7,223,3758
1,3,6,7,223,3758
1,7,6,7,223,3758
0,2,6,7,223,3758
0,8,6,7,223,3758
4,5,6,7,223,3758
3,4,6,7,223,3758
3,6,6,7,223,3758
2,3,6,7,223,3758
2,7,6,7,223,3758
1,2,6,7,223,3758
1,8,6,7,223,3758
0,1,6,7,223,3758
0,9,6,7,223,3758
5,5,6,7,223,3758
4,4,6,7,223,3758
4,6,6,7,223,3758
3,3,6,7,223,3758
3,7,6,7,223,3758
2,2,6,7,223,3758
2,8,6,7,223,3758
1,1,6,7,223,3758
1,9,6,7,223,3758
0,0,6,7,223,3758
6,5,6,7,223,3758
5,4,6,7,223,3758
5,6,6,7,223,3758
4,3,6,7,223,3758
4,7,6,7,223,3758
3,2,6,7,223,3758
3,8,6,7,223,3758
2,1,6,7,223,3758
2,9,6,7,223,3758
1,0,6,7,223,3758
7,5,6,7,223,3758
6,4,6,7,223,3758
6,6,6,7,223,3758
5,3,6,7,223,3758
5,7,6,7,223,3758
4,2,6,7,223,3758
4,8,6,7,223,3758
3,1,6,7,223,3758
3,9,6,7,223,3758
2,0,6,7,223,3758
8,5,6,7,223,3758
7,4,6,7,223,3758
7,6,6,7,223,3758
6,3,6,7,223,3758
6,7,6,7,223,3758
5,2,6,7,223,3758
5,8,6,7,223,3758
4,1,6,7,223,3758
4,9,6,7,223,3758
3,0,6,7,223,3758
0,6,6,7,224,3381
1,6,6,7,224,3381
0,5,6,7,224,3381
0,7,6,7,224,3381
2,6,6,7,224,3381
1,5,6,7,224,3381
1,7,6,7,224,3381
0,4,6,7,224,3381
0,8,6,7,224,3381
3,6,6,7,224,3381
2,5,6,7,224,3381
2,7,6,7,224,3381
1,4,6,7,224,3381
1,8,6,7,224,3381
0,3,6,7,224,3381
0,9,6,7,224,3381
4,6,6,7,224,3381
3,5,6,7,224,3381
3,7,6,7,224,3381
2,4,6,7,224,3381
2,8,6,7,224,3381
1,3,6,7,224,3381
1,9,6,7,224,3381
0,2,6,7,224,3381
5,6,6,7,224,3381
4,5,6,7,224,3381
4,7,6,7,224,3381
3,4,6,7,224,3381
3,8,6,7,224,3381
2,3,6,7,224,3381
2,9,6,7,224,3381
1,2,6,7,224,3381
0,1,6,7,224,3381
6,6,6,7,224,3381
5,5,6,7,224,3381
5,7,6,7,224,3381
4,4,6,7,224,3381
4,8,6,7,224,3381
3,3,6,7,224,3381
3,9,6,7,224,3381
2,2,6,7,224,3381
1,1,6,7,224,3381
0,0,6,7,224,3381
7,6,6,7,224,3381
6,5,6,7,224,3381
6,7,6,7,224,3381
5,4,6,7,224,3381
5,8,6,7,224,3381
4,3,6,7,224,3381
4,9,6,7,224,3381
3,2,6,7,224,3381
2,1,6,7,224,3381
1,0,6,7,224,3381
0,7,4,7,225,3003
1,7,4,7,225,3003
0,6,4,7,225,3003
0,8,4,7,225,3003
2,7,4,7,225,3003
1,6,4,7,225,3003
1,8,4,7,225,3003
0,5,4,7,225,3003
0,9,4,7,225,3003
3,7,4,7,225,3003
2,6,4,7,225,3003
2,8,4,7,225,3003
1,5,4,7,225,3003
1,9,4,7,225,3003
0,4,4,7,225,3003
4,7,4,7,225,3003
3,6,4,7,225,3003
3,8,4,7,225,3003
2,5,4,7,225,3003
2,9,4,7,225,3003
1,4,4,7,225,3003
0,3,4,7,225,3003
5,7,4,7,225,3003
4,6,4,7,225,3003
4,8,4,7,225,3003
3,5,4,7,225,3003
3,9,4,7,225,3003
2,4,4,7,225,3003
1,3,4,7,225,3003
0,2,4,7,225,3003
6,7,4,7,225,3003
5,6,4,7,225,3003
5,8,4,7,225,3003
4,5,4,7,225,3003
4,9,4,7,225,3003
3,4,4,7,225,3003
2,3,4,7,225,3003
1,2,4,7,225,3003
0,1,4,7,225,3003
0,8,3,6,226,2588
1,8,3,6,226,2588
0,7,3,6,226,2588
0,9,3,6,226,2588
2,8,3,6,226,2588
1,7,3,6,226,2588
1,9,3,6,226,2588
0,6,3,6,226,2588
3,8,3,6,226,2588
2,7,3,6,226,2588
2,9,3,6,226,2588
1,6,3,6,226,2588
0,5,3,6,226,2588
4,8,3,6,226,2588
3,7,3,6,226,2588
3,9,3,6,226,2588
2,6,3,6,226,2588
1,5,3,6,226,2588
0,4,3,6,226,2588
5,8,3,6,226,2588
4,7,3,6,226,2588
4,9,3,6,226,2588
3,6,3,6,226,2588
2,5,3,6,226,2588
1,4,3,6,226,2588
0,3,3,6,226,2588
7,2,8,3,227,1138
9,2,8,3,227,1138
8,1,8,3,227,1138
8,3,8,3,227,1138
8,2,8,3,227,1138
9,1,8,3,227,1138
9,3,8,3,227,1138
9,0,8,3,227,1138
9,4,8,3,227,1138
8,3,8,3,187,588
9,3,8,3,187,588
9,2,8,3,187,588
9,4,8,3,187,588
6,3,6,3,228,1136
8,3,6,3,228,1136
7,2,6,3,228,1136
7,4,6,3,228,1136
9,3,6,3,228,1136
9,2,6,3,228,1136
9,4,6,3,228,1136
8,1,6,3,228,1136
8,5,6,3,228,1136
7,4,8,3,6,588
9,4,8,3,6,588
8,3,8,3,6,588
8,5,8,3,6,588
6,5,6,5,95,588
8,5,6,5,95,588
7,4,6,5,95,588
7,6,6,5,95,588
4,5,5,6,123,1138
6,5,5,6,123,1138
5,4,5,6,123,1138
5,6,5,6,123,1138
8,5,5,6,123,1138
7,4,5,6,123,1138
7,6,5,6,123,1138
6,3,5,6,123,1138
6,7,5,6,123,1138
5,6,6,7,23,588
7,6,6,7,23,588
6,5,6,7,23,588
6,7,6,7,23,588
3,6,6,7,71,1138
5,6,6,7,71,1138
4,5,6,7,71,1138
4,7,6,7,71,1138
7,6,6,7,71,1138
6,5,6,7,71,1138
6,7,6,7,71,1138
5,4,6,7,71,1138
5,8,6,7,71,1138
4,7,6,7,48,588
6,7,6,7,48,588
5,6,6,7,48,588
5,8,6,7,48,588
2,7,6,7,133,1136
4,7,6,7,133,1136
3,6,6,7,133,1136
3,8,6,7,133,1136
6,7,6,7,133,1136
5,6,6,7,133,1136
5,8,6,7,133,1136
4,5,6,7,133,1136
4,9,6,7,133,1136
3,8,4,7,6,588
5,8,4,7,6,588
4,7,4,7,6,588
4,9,4,7,6,588
1,8,4,7,229,1138
3,8,4,7,229,1138
2,7,4,7,229,1138
2,9,4,7,229,1138
5,8,4,7,229,1138
4,7,4,7,229,1138
4,9,4,7,229,1138
3,6,4,7,229,1138
3,9,4,7,229,1138
2,9,3,8,139,588
4,9,3,8,139,588
3,8,3,8,139,588
3,9,3,8,139,588
9,4,9,4,0,0
8,5,8,5,0,0
7,6,7,6,0,0
6,7,6,7,0,0
5,8,5,8,0,0
4,9,4,9,0,0
0,0,5,5,230,4437
1,0,5,5,230,4437
0,1,5,5,230,4437
2,0,5,5,230,4437
1,1,5,5,230,4437
0,2,5,5,230,4437
3,0,5,5,230,4437
2,1,5,5,230,4437
1,2,5,5,230,4437
0,3,5,5,230,4437
4,0,5,5,230,4437
3,1,5,5,230,4437
2,2,5,5,230,4437
1,3,5,5,230,4437
0,4,5,5,230,4437
5,0,5,5,230,4437
4,1,5,5,230,4437
3,2,5,5,230,4437
2,3,5,5,230,4437
1,4,5,5,230,4437
0,5,5,5,230,4437
6,0,5,5,230,4437
5,1,5,5,230,4437
4,2,5,5,230,4437
3,3,5,5,230,4437
2,4,5,5,230,4437
1,5,5,5,230,4437
0,6,5,5,230,4437
8,0,5,5,230,4437
7,0,5,5,230,4437
7,1,5,5,230,4437
6,1,5,5,230,4437
6,2,5,5,230,4437
5,2,5,5,230,4437
5,3,5,5,230,4437
4,3,5,5,230,4437
4,4,5,5,230,4437
3,4,5,5,230,4437
3,5,5,5,230,4437
2,5,5,5,230,4437
2,6,5,5,230,4437
1,6,5,5,230,4437
1,7,5,5,230,4437
9,0,5,5,230,4437
9,1,5,5,230,4437
8,1,5,5,230,4437
8,2,5,5,230,4437
7,2,5,5,230,4437
7,3,5,5,230,4437
6,3,5,5,230,4437
6,4,5,5,230,4437
5,4,5,5,230,4437
5,5,5,5,230,4437
4,5,5,5,230,4437
4,6,5,5,230,4437
3,6,5,5,230,4437
3,7,5,5,230,4437
2,7,5,5,230,4437
2,8,5,5,230,4437
9,2,5,5,230,4437
9,3,5,5,230,4437
8,3,5,5,230,4437
8,4,5,5,230,4437
7,4,5,5,230,4437
7,5,5,5,230,4437
6,5,5,5,230,4437
6,6,5,5,230,4437
5,6,5,5,230,4437
5,7,5,5,230,4437
4,7,5,5,230,4437
4,8,5,5,230,4437
3,8,5,5,230,4437
3,9,5,5,230,4437
9,4,5,5,230,4437
9,5,5,5,230,4437
8,5,5,5,230,4437
8,6,5,5,230,4437
7,6,5,5,230,4437
7,7,5,5,230,4437
6,7,5,5,230,4437
6,8,5,5,230,4437
5,8,5,5,230,4437
5,9,5,5,230,4437
4,9,5,5,230,4437
0,0,5,5,231,4110
1,0,5,5,231,4110
0,1,5,5,231,4110
2,0,5,5,231,4110
1,1,5,5,231,4110
0,2,5,5,231,4110
3,0,5,5,231,4110
2,1,5,5,231,4110
1,2,5,5,231,4110
0,3,5,5,231,4110
4,0,5,5,231,4110
3,1,5,5,231,4110
2,2,5,5,231,4110
1,3,5,5,231,4110
0,4,5,5,231,4110
6,0,5,5,231,4110
5,0,5,5,231,4110
5,1,5,5,231,4110
4,1,5,5,231,4110
4,2,5,5,231,4110
3,2,5,5,231,4110
3,3,5,5,231,4110
2,3,5,5,231,4110
2,4,5,5,231,4110
1,4,5,5,231,4110
1,5,5,5,231,4110
8,0,5,5,231,4110
7,0,5,5,231,4110
7,1,5,5,231,4110
6,1,5,5,231,4110
6,2,5,5,231,4110
5,2,5,5,231,4110
5,3,5,5,231,4110
4,3,5,5,231,4110
4,4,5,5,231,4110
3,4,5,5,231,4110
3,5,5,5,231,4110
2,5,5,5,231,4110
2,6,5,5,231,4110
9,0,5,5,231,4110
9,1,5,5,231,4110
8,1,5,5,231,4110
8,2,5,5,231,4110
7,2,5,5,231,4110
7,3,5,5,231,4110
6,3,5,5,231,4110
6,4,5,5,231,4110
5,4,5,5,231,4110
5,5,5,5,231,4110
4,5,5,5,231,4110
4,6,5,5,231,4110
3,6,5,5,231,4110
3,7,5,5,231,4110
9,2,5,5,231,4110
9,3,5,5,231,4110
8,3,5,5,231,4110
8,4,5,5,231,4110
7,4,5,5,231,4110
7,5,5,5,231,4110
6,5,5,5,231,4110
6,6,5,5,231,4110
5,6,5,5,231,4110
5,7,5,5,231,4110
4,7,5,5,231,4110
4,8,5,5,231,4110
9,4,5,5,231,4110
9,5,5,5,231,4110
8,5,5,5,231,4110
8,6,5,5,231,4110
7,6,5,5,231,4110
7,7,5,5,231,4110
6,7,5,5,231,4110
6,8,5,5,231,4110
5,8,5,5,231,4110
5,9,5,5,231,4110
0,0,5,5,232,3760
1,0,5,5,232,3760
0,1,5,5,232,3760
2,0,5,5,232,3760
1,1,5,5,232,3760
0,2,5,5,232,3760
4,0,5,5,232,3760
3,0,5,5,232,3760
3,1,5,5,232,3760
2,1,5,5,232,3760
2,2,5,5,232,3760
1,2,5,5,232,3760
1,3,5,5,232,3760
6,0,5,5,232,3760
5,0,5,5,232,3760
5,1,5,5,232,3760
4,1,5,5,232,3760
4,2,5,5,232,3760
3,2,5,5,232,3760
3,3,5,5,232,3760
2,3,5,5,232,3760
2,4,5,5,232,3760
8,0,5,5,232,3760
7,0,5,5,232,3760
7,1,5,5,232,3760
6,1,5,5,232,3760
6,2,5,5,232,3760
5,2,5,5,232,3760
5,3,5,5,232,3760
4,3,5,5,232,3760
4,4,5,5,232,3760
3,4,5,5,232,3760
3,5,5,5,232,3760
9,0,5,5,232,3760
9,1,5,5,232,3760
8,1,5,5,232,3760
8,2,5,5,232,3760
7,2,5,5,232,3760
7,3,5,5,232,3760
6,3,5,5,232,3760
6,4,5,5,232,3760
5,4,5,5,232,3760
5,5,5,5,232,3760
4,5,5,5,232,3760
4,6,5,5,232,3760
9,2,5,5,232,3760
9,3,5,5,232,3760
8,3,5,5,232,3760
8,4,5,5,232,3760
7,4,5,5,232,3760
7,5,5,5,232,3760
6,5,5,5,232,3760
6,6,5,5,232,3760
5,6,5,5,232,3760
5,7,5,5,232,3760
9,4,5,5,232,3760
9,5,5,5,232,3760
8,5,5,5,232,3760
8,6,5,5,232,3760
7,6,5,5,232,3760
7,7,5,5,232,3760
6,7,5,5,232,3760
6,8,5,5,232,3760
0,0,5,5,233,3385
2,0,5,5,233,3385
1,0,5,5,233,3385
1,1,5,5,233,3385
4,0,5,5,233,3385
3,0,5,5,233,3385
3,1,5,5,233,3385
2,1,5,5,233,3385
2,2,5,5,233,3385
6,0,5,5,233,3385
5,0,5,5,233,3385
5,1,5,5,233,3385
4,1,5,5,233,3385
4,2,5,5,233,3385
3,2,5,5,233,3385
3,3,5,5,233,3385
8,0,5,5,233,3385
7,0,5,5,233,3385
7,1,5,5,233,3385
6,1,5,5,233,3385
6,2,5,5,233,3385
5,2,5,5,233,3385
5,3,5,5,233,3385
4,3,5,5,233,3385
4,4,5,5,233,3385
9,0,5,5,233,3385
9,1,5,5,233,3385
8,1,5,5,233,3385
8,2,5,5,233,3385
7,2,5,5,233,3385
7,3,5,5,233,3385
6,3,5,5,233,3385
6,4,5,5,233,3385
5,4,5,5,233,3385
5,5,5,5,233,3385
9,2,5,5,233,3385
9,3,5,5,233,3385
8,3,5,5,233,3385
8,4,5,5,233,3385
7,4,5,5,233,3385
7,5,5,5,233,3385
6,5,5,5,233,3385
6,6,5,5,233,3385
9,4,5,5,233,3385
9,5,5,5,233,3385
8,5,5,5,233,3385
8,6,5,5,233,3385
7,6,5,5,233,3385
7,7,5,5,233,3385
2,0,5,3,234,3003
4,0,5,3,234,3003
3,0,5,3,234,3003
3,1,5,3,234,3003
6,0,5,3,234,3003
5,0,5,3,234,3003
5,1,5,3,234,3003
4,1,5,3,234,3003
4,2,5,3,234,3003
8,0,5,3,234,3003
7,0,5,3,234,3003
7,1,5,3,234,3003
6,1,5,3,234,3003
6,2,5,3,234,3003
5,2,5,3,234,3003
5,3,5,3,234,3003
9,0,5,3,234,3003
9,1,5,3,234,3003
8,1,5,3,234,3003
8,2,5,3,234,3003
7,2,5,3,234,3003
7,3,5,3,234,3003
6,3,5,3,234,3003
6,4,5,3,234,3003
9,2,5,3,234,3003
9,3,5,3,234,3003
8,3,5,3,234,3003
8,4,5,3,234,3003
7,4,5,3,234,3003
7,5,5,3,234,3003
9,4,5,3,234,3003
9,5,5,3,234,3003
8,5,5,3,234,3003
8,6,5,3,234,3003
4,0,7,3,235,2586
6,0,7,3,235,2586
5,0,7,3,235,2586
5,1,7,3,235,2586
8,0,7,3,235,2586
7,0,7,3,235,2586
7,1,7,3,235,2586
6,1,7,3,235,2586
6,2,7,3,235,2586
9,0,7,3,235,2586
9,1,7,3,235,2586
8,1,7,3,235,2586
8,2,7,3,235,2586
7,2,7,3,235,2586
7,3,7,3,235,2586
9,2,7,3,235,2586
9,3,7,3,235,2586
8,3,7,3,235,2586
8,4,7,3,235,2586
9,4,7,3,235,2586
9,5,7,3,235,2586
3,1,5,3,236,2574
5,1,5,3,236,2574
4,0,5,3,236,2574
4,2,5,3,236,2574
7,1,5,3,236,2574
6,0,5,3,236,2574
6,2,5,3,236,2574
5,0,5,3,236,2574
5,3,5,3,236,2574
9,1,5,3,236,2574
8,0,5,3,236,2574
8,2,5,3,236,2574
7,0,5,3,236,2574
7,3,5,3,236,2574
6,1,5,3,236,2574
6,4,5,3,236,2574
8,1,5,3,236,2574
9,0,5,3,236,2574
9,2,5,3,236,2574
9,3,5,3,236,2574
8,4,5,3,236,2574
7,2,5,3,236,2574
7,5,5,3,236,2574
8,3,5,3,236,2574
9,4,5,3,236,2574
9,5,5,3,236,2574
8,6,5,3,236,2574
4,2,5,3,237,2127
6,2,5,3,237,2127
5,1,5,3,237,2127
5,3,5,3,237,2127
8,2,5,3,237,2127
7,1,5,3,237,2127
7,3,5,3,237,2127
6,0,5,3,237,2127
6,4,5,3,237,2127
9,2,5,3,237,2127
9,1,5,3,237,2127
9,3,5,3,237,2127
8,0,5,3,237,2127
8,4,5,3,237,2127
7,0,5,3,237,2127
7,5,5,3,237,2127
7,2,5,3,237,2127
8,1,5,3,237,2127
8,3,5,3,237,2127
9,0,5,3,237,2127
9,4,5,3,237,2127
9,5,5,3,237,2127
8,6,5,3,237,2127
1,1,5,5,238,2991
3,1,5,5,238,2991
2,0,5,5,238,2991
2,2,5,5,238,2991
5,1,5,5,238,2991
4,0,5,5,238,2991
4,2,5,5,238,2991
3,0,5,5,238,2991
3,3,5,5,238,2991
7,1,5,5,238,2991
6,0,5,5,238,2991
6,2,5,5,238,2991
5,0,5,5,238,2991
5,3,5,5,238,2991
4,1,5,5,238,2991
4,4,5,5,238,2991
9,1,5,5,238,2991
8,0,5,5,238,2991
8,2,5,5,238,2991
7,0,5,5,238,2991
7,3,5,5,238,2991
6,1,5,5,238,2991
6,4,5,5,238,2991
5,2,5,5,238,2991
5,5,5,5,238,2991
8,1,5,5,238,2991
9,0,5,5,238,2991
9,2,5,5,238,2991
9,3,5,5,238,2991
8,4,5,5,238,2991
7,2,5,5,238,2991
7,5,5,5,238,2991
6,3,5,5,238,2991
6,6,5,5,238,2991
8,3,5,5,238,2991
9,4,5,5,238,2991
9,5,5,5,238,2991
8,6,5,5,238,2991
7,4,5,5,238,2991
7,7,5,5,238,2991
2,2,5,5,239,2574
4,2,5,5,239,2574
3,1,5,5,239,2574
3,3,5,5,239,2574
6,2,5,5,239,2574
5,1,5,5,239,2574
5,3,5,5,239,2574
4,0,5,5,239,2574
4,4,5,5,239,2574
8,2,5,5,239,2574
7,1,5,5,239,2574
7,3,5,5,239,2574
6,0,5,5,239,2574
6,4,5,5,239,2574
5,0,5,5,239,2574
5,5,5,5,239,2574
9,2,5,5,239,2574
9,1,5,5,239,2574
9,3,5,5,239,2574
8,0,5,5,239,2574
8,4,5,5,239,2574
7,0,5,5,239,2574
7,5,5,5,239,2574
6,1,5,5,239,2574
6,6,5,5,239,2574
7,2,5,5,239,2574
8,1,5,5,239,2574
8,3,5,5,239,2574
9,0,5,5,239,2574
9,4,5,5,239,2574
9,5,5,5,239,2574
8,6,5,5,239,2574
7,7,5,5,239,2574
3,3,5,5,240,2128
5,3,5,5,240,2128
4,2,5,5,240,2128
4,4,5,5,240,2128
7,3,5,5,240,2128
6,2,5,5,240,2128
6,4,5,5,240,2128
5,1,5,5,240,2128
5,5,5,5,240,2128
9,3,5,5,240,2128
8,2,5,5,240,2128
8,4,5,5,240,2128
7,1,5,5,240,2128
7,5,5,5,240,2128
6,0,5,5,240,2128
6,6,5,5,240,2128
8,3,5,5,240,2128
9,2,5,5,240,2128
9,4,5,5,240,2128
9,1,5,5,240,2128
9,5,5,5,240,2128
8,0,5,5,240,2128
8,6,5,5,240,2128
7,0,5,5,240,2128
7,7,5,5,240,2128
0,1,5,5,241,3381
1,1,5,5,241,3381
0,0,5,5,241,3381
0,2,5,5,241,3381
3,1,5,5,241,3381
2,0,5,5,241,3381
2,2,5,5,241,3381
1,0,5,5,241,3381
1,3,5,5,241,3381
5,1,5,5,241,3381
4,0,5,5,241,3381
4,2,5,5,241,3381
3,0,5,5,241,3381
3,3,5,5,241,3381
2,1,5,5,241,3381
2,4,5,5,241,3381
7,1,5,5,241,3381
6,0,5,5,241,3381
6,2,5,5,241,3381
5,0,5,5,241,3381
5,3,5,5,241,3381
4,1,5,5,241,3381
4,4,5,5,241,3381
3,2,5,5,241,3381
3,5,5,5,241,3381
9,1,5,5,241,3381
8,0,5,5,241,3381
8,2,5,5,241,3381
7,0,5,5,241,3381
7,3,5,5,241,3381
6,1,5,5,241,3381
6,4,5,5,241,3381
5,2,5,5,241,3381
5,5,5,5,241,3381
4,3,5,5,241,3381
4,6,5,5,241,3381
8,1,5,5,241,3381
9,0,5,5,241,3381
9,2,5,5,241,3381
9,3,5,5,241,3381
8,4,5,5,241,3381
7,2,5,5,241,3381
7,5,5,5,241,3381
6,3,5,5,241,3381
6,6,5,5,241,3381
5,4,5,5,241,3381
5,7,5,5,241,3381
8,3,5,5,241,3381
9,4,5,5,241,3381
9,5,5,5,241,3381
8,6,5,5,241,3381
7,4,5,5,241,3381
7,7,5,5,241,3381
6,5,5,5,241,3381
6,8,5,5,241,3381
1,3,5,7,242,2571
3,3,5,7,242,2571
2,2,5,7,242,2571
2,4,5,7,242,2571
5,3,5,7,242,2571
4,2,5,7,242,2571
4,4,5,7,242,2571
3,1,5,7,242,2571
3,5,5,7,242,2571
7,3,5,7,242,2571
6,2,5,7,242,2571
6,4,5,7,242,2571
5,1,5,7,242,2571
5,5,5,7,242,2571
4,0,5,7,242,2571
4,6,5,7,242,2571
9,3,5,7,242,2571
8,2,5,7,242,2571
8,4,5,7,242,2571
7,1,5,7,242,2571
7,5,5,7,242,2571
6,0,5,7,242,2571
6,6,5,7,242,2571
5,0,5,7,242,2571
5,7,5,7,242,2571
8,3,5,7,242,2571
9,2,5,7,242,2571
9,4,5,7,242,2571
9,1,5,7,242,2571
9,5,5,7,242,2571
8,0,5,7,242,2571
8,6,5,7,242,2571
7,0,5,7,242,2571
7,7,5,7,242,2571
6,1,5,7,242,2571
6,8,5,7,242,2571
2,4,5,7,243,2127
4,4,5,7,243,2127
3,3,5,7,243,2127
3,5,5,7,243,2127
6,4,5,7,243,2127
5,3,5,7,243,2127
5,5,5,7,243,2127
4,2,5,7,243,2127
4,6,5,7,243,2127
8,4,5,7,243,2127
7,3,5,7,243,2127
7,5,5,7,243,2127
6,2,5,7,243,2127
6,6,5,7,243,2127
5,1,5,7,243,2127
5,7,5,7,243,2127
9,4,5,7,243,2127
9,3,5,7,243,2127
9,5,5,7,243,2127
8,2,5,7,243,2127
8,6,5,7,243,2127
7,1,5,7,243,2127
7,7,5,7,243,2127
6,0,5,7,243,2127
6,8,5,7,243,2127
0,1,5,3,244,3763
1,1,5,3,244,3763
0,0,5,3,244,3763
0,2,5,3,244,3763
2,1,5,3,244,3763
1,0,5,3,244,3763
1,2,5,3,244,3763
0,3,5,3,244,3763
3,1,5,3,244,3763
2,0,5,3,244,3763
2,2,5,3,244,3763
1,3,5,3,244,3763
0,4,5,3,244,3763
5,1,5,3,244,3763
4,0,5,3,244,3763
4,2,5,3,244,3763
3,0,5,3,244,3763
3,3,5,3,244,3763
2,4,5,3,244,3763
1,5,5,3,244,3763
7,1,5,3,244,3763
6,0,5,3,244,3763
6,2,5,3,244,3763
5,0,5,3,244,3763
5,3,5,3,244,3763
4,1,5,3,244,3763
4,4,5,3,244,3763
3,2,5,3,244,3763
3,5,5,3,244,3763
2,3,5,3,244,3763
2,6,5,3,244,3763
9,1,5,3,244,3763
8,0,5,3,244,3763
8,2,5,3,244,3763
7,0,5,3,244,3763
7,3,5,3,244,3763
6,1,5,3,244,3763
6,4,5,3,244,3763
5,2,5,3,244,3763
5,5,5,3,244,3763
4,3,5,3,244,3763
4,6,5,3,244,3763
3,4,5,3,244,3763
3,7,5,3,244,3763
8,1,5,3,244,3763
9,0,5,3,244,3763
9,2,5,3,244,3763
9,3,5,3,244,3763
8,4,5,3,244,3763
7,2,5,3,244,3763
7,5,5,3,244,3763
6,3,5,3,244,3763
6,6,5,3,244,3763
5,4,5,3,244,3763
5,7,5,3,244,3763
4,5,5,3,244,3763
4,8,5,3,244,3763
8,3,5,3,244,3763
9,4,5,3,244,3763
9,5,5,3,244,3763
8,6,5,3,244,3763
7,4,5,3,244,3763
7,7,5,3,244,3763
6,5,5,3,244,3763
6,8,5,3,244,3763
5,6,5,3,244,3763
5,9,5,3,244,3763
0,3,7,7,245,2991
1,3,7,7,245,2991
0,2,7,7,245,2991
0,4,7,7,245,2991
3,3,7,7,245,2991
2,2,7,7,245,2991
2,4,7,7,245,2991
1,1,7,7,245,2991
1,5,7,7,245,2991
5,3,7,7,245,2991
4,2,7,7,245,2991
4,4,7,7,245,2991
3,1,7,7,245,2991
3,5,7,7,245,2991
2,0,7,7,245,2991
2,6,7,7,245,2991
7,3,7,7,245,2991
6,2,7,7,245,2991
6,4,7,7,245,2991
5,1,7,7,245,2991
5,5,7,7,245,2991
4,0,7,7,245,2991
4,6,7,7,245,2991
3,0,7,7,245,2991
3,7,7,7,245,2991
9,3,7,7,245,2991
8,2,7,7,245,2991
8,4,7,7,245,2991
7,1,7,7,245,2991
7,5,7,7,245,2991
6,0,7,7,245,2991
6,6,7,7,245,2991
5,0,7,7,245,2991
5,7,7,7,245,2991
4,1,7,7,245,2991
4,8,7,7,245,2991
8,3,7,7,245,2991
9,2,7,7,245,2991
9,4,7,7,245,2991
9,1,7,7,245,2991
9,5,7,7,245,2991
8,0,7,7,245,2991
8,6,7,7,245,2991
7,0,7,7,245,2991
7,7,7,7,245,2991
6,1,7,7,245,2991
6,8,7,7,245,2991
5,2,7,7,245,2991
5,9,7,7,245,2991
0,4,7,7,246,2574
2,4,7,7,246,2574
1,3,7,7,246,2574
1,5,7,7,246,2574
4,4,7,7,246,2574
3,3,7,7,246,2574
3,5,7,7,246,2574
2,2,7,7,246,2574
2,6,7,7,246,2574
6,4,7,7,246,2574
5,3,7,7,246,2574
5,5,7,7,246,2574
4,2,7,7,246,2574
4,6,7,7,246,2574
3,1,7,7,246,2574
3,7,7,7,246,2574
8,4,7,7,246,2574
7,3,7,7,246,2574
7,5,7,7,246,2574
6,2,7,7,246,2574
6,6,7,7,246,2574
5,1,7,7,246,2574
5,7,7,7,246,2574
4,0,7,7,246,2574
4,8,7,7,246,2574
9,4,7,7,246,2574
9,3,7,7,246,2574
9,5,7,7,246,2574
8,2,7,7,246,2574
8,6,7,7,246,2574
7,1,7,7,246,2574
7,7,7,7,246,2574
6,0,7,7,246,2574
6,8,7,7,246,2574
5,0,7,7,246,2574
5,9,7,7,246,2574
1,5,7,7,247,2128
3,5,7,7,247,2128
2,4,7,7,247,2128
2,6,7,7,247,2128
5,5,7,7,247,2128
4,4,7,7,247,2128
4,6,7,7,247,2128
3,3,7,7,247,2128
3,7,7,7,247,2128
7,5,7,7,247,2128
6,4,7,7,247,2128
6,6,7,7,247,2128
5,3,7,7,247,2128
5,7,7,7,247,2128
4,2,7,7,247,2128
4,8,7,7,247,2128
9,5,7,7,247,2128
8,4,7,7,247,2128
8,6,7,7,247,2128
7,3,7,7,247,2128
7,7,7,7,247,2128
6,2,7,7,247,2128
6,8,7,7,247,2128
5,1,7,7,247,2128
5,9,7,7,247,2128
0,1,5,3,248,4109
1,1,5,3,248,4109
0,0,5,3,248,4109
0,2,5,3,248,4109
2,1,5,3,248,4109
1,0,5,3,248,4109
1,2,5,3,248,4109
0,3,5,3,248,4109
3,1,5,3,248,4109
2,0,5,3,248,4109
2,2,5,3,248,4109
1,3,5,3,248,4109
0,4,5,3,248,4109
4,1,5,3,248,4109
3,0,5,3,248,4109
3,2,5,3,248,4109
2,3,5,3,248,4109
1,4,5,3,248,4109
0,5,5,3,248,4109
5,1,5,3,248,4109
4,0,5,3,248,4109
4,2,5,3,248,4109
3,3,5,3,248,4109
2,4,5,3,248,4109
1,5,5,3,248,4109
0,6,5,3,248,4109
7,1,5,3,248,4109
6,0,5,3,248,4109
6,2,5,3,248,4109
5,0,5,3,248,4109
5,3,5,3,248,4109
4,4,5,3,248,4109
3,5,5,3,248,4109
2,6,5,3,248,4109
1,7,5,3,248,4109
9,1,5,3,248,4109
8,0,5,3,248,4109
8,2,5,3,248,4109
7,0,5,3,248,4109
7,3,5,3,248,4109
6,1,5,3,248,4109
6,4,5,3,248,4109
5,2,5,3,248,4109
5,5,5,3,248,4109
4,3,5,3,248,4109
4,6,5,3,248,4109
3,4,5,3,248,4109
3,7,5,3,248,4109
2,5,5,3,248,4109
2,8,5,3,248,4109
8,1,5,3,248,4109
9,0,5,3,248,4109
9,2,5,3,248,4109
9,3,5,3,248,4109
8,4,5,3,248,4109
7,2,5,3,248,4109
7,5,5,3,248,4109
6,3,5,3,248,4109
6,6,5,3,248,4109
5,4,5,3,248,4109
5,7,5,3,248,4109
4,5,5,3,248,4109
4,8,5,3,248,4109
3,6,5,3,248,4109
3,9,5,3,248,4109
8,3,5,3,248,4109
9,4,5,3,248,4109
9,5,5,3,248,4109
8,6,5,3,248,4109
7,4,5,3,248,4109
7,7,5,3,248,4109
6,5,5,3,248,4109
6,8,5,3,248,4109
5,6,5,3,248,4109
5,9,5,3,248,4109
4,7,5,3,248,4109
4,9,5,3,248,4109
0,3,7,7,249,3381
1,3,7,7,249,3381
0,2,7,7,249,3381
0,4,7,7,249,3381
2,3,7,7,249,3381
1,2,7,7,249,3381
1,4,7,7,249,3381
0,1,7,7,249,3381
0,5,7,7,249,3381
3,3,7,7,249,3381
2,2,7,7,249,3381
2,4,7,7,249,3381
1,1,7,7,249,3381
1,5,7,7,249,3381
0,0,7,7,249,3381
0,6,7,7,249,3381
5,3,7,7,249,3381
4,2,7,7,249,3381
4,4,7,7,249,3381
3,1,7,7,249,3381
3,5,7,7,249,3381
2,0,7,7,249,3381
2,6,7,7,249,3381
1,0,7,7,249,3381
1,7,7,7,249,3381
7,3,7,7,249,3381
6,2,7,7,249,3381
6,4,7,7,249,3381
5,1,7,7,249,3381
5,5,7,7,249,3381
4,0,7,7,249,3381
4,6,7,7,249,3381
3,0,7,7,249,3381
3,7,7,7,249,3381
2,1,7,7,249,3381
2,8,7,7,249,3381
9,3,7,7,249,3381
8,2,7,7,249,3381
8,4,7,7,249,3381
7,1,7,7,249,3381
7,5,7,7,249,3381
6,0,7,7,249,3381
6,6,7,7,249,3381
5,0,7,7,249,3381
5,7,7,7,249,3381
4,1,7,7,249,3381
4,8,7,7,249,3381
3,2,7,7,249,3381
3,9,7,7,249,3381
8,3,7,7,249,3381
9,2,7,7,249,3381
9,4,7,7,249,3381
9,1,7,7,249,3381
9,5,7,7,249,3381
8,0,7,7,249,3381
8,6,7,7,249,3381
7,0,7,7,249,3381
7,7,7,7,249,3381
6,1,7,7,249,3381
6,8,7,7,249,3381
5,2,7,7,249,3381
5,9,7,7,249,3381
4,3,7,7,249,3381
4,9,7,7,249,3381
0,4,7,7,250,2992
1,4,7,7,250,2992
0,3,7,7,250,2992
0,5,7,7,250,2992
2,4,7,7,250,2992
1,3,7,7,250,2992
1,5,7,7,250,2992
0,2,7,7,250,2992
0,6,7,7,250,2992
4,4,7,7,250,2992
3,3,7,7,250,2992
3,5,7,7,250,2992
2,2,7,7,250,2992
2,6,7,7,250,2992
1,1,7,7,250,2992
1,7,7,7,250,2992
6,4,7,7,250,2992
5,3,7,7,250,2992
5,5,7,7,250,2992
4,2,7,7,250,2992
4,6,7,7,250,2992
3,1,7,7,250,2992
3,7,7,7,250,2992
2,0,7,7,250,2992
2,8,7,7,250,2992
8,4,7,7,250,2992
7,3,7,7,250,2992
7,5,7,7,250,2992
6,2,7,7,250,2992
6,6,7,7,250,2992
5,1,7,7,250,2992
5,7,7,7,250,2992
4,0,7,7,250,2992
4,8,7,7,250,2992
3,0,7,7,250,2992
3,9,7,7,250,2992
9,4,7,7,250,2992
9,3,7,7,250,2992
9,5,7,7,250,2992
8,2,7,7,250,2992
8,6,7,7,250,2992
7,1,7,7,250,2992
7,7,7,7,250,2992
6,0,7,7,250,2992
6,8,7,7,250,2992
5,0,7,7,250,2992
5,9,7,7,250,2992
4,1,7,7,250,2992
4,9,7,7,250,2992
0,6,7,7,251,2127
2,6,7,7,251,2127
1,5,7,7,251,2127
1,7,7,7,251,2127
4,6,7,7,251,2127
3,5,7,7,251,2127
3,7,7,7,251,2127
2,4,7,7,251,2127
2,8,7,7,251,2127
6,6,7,7,251,2127
5,5,7,7,251,2127
5,7,7,7,251,2127
4,4,7,7,251,2127
4,8,7,7,251,2127
3,3,7,7,251,2127
3,9,7,7,251,2127
8,6,7,7,251,2127
7,5,7,7,251,2127
7,7,7,7,251,2127
6,4,7,7,251,2127
6,8,7,7,251,2127
5,3,7,7,251,2127
5,9,7,7,251,2127
4,2,7,7,251,2127
4,9,7,7,251,2127
0,2,7,7,252,4086
1,2,7,7,252,4086
0,1,7,7,252,4086
0,3,7,7,252,4086
2,2,7,7,252,4086
1,1,7,7,252,4086
1,3,7,7,252,4086
0,0,7,7,252,4086
0,4,7,7,252,4086
3,2,7,7,252,4086
2,1,7,7,252,4086
2,3,7,7,252,4086
1,0,7,7,252,4086
1,4,7,7,252,4086
0,5,7,7,252,4086
4,2,7,7,252,4086
3,1,7,7,252,4086
3,3,7,7,252,4086
2,0,7,7,252,4086
2,4,7,7,252,4086
1,5,7,7,252,4086
0,6,7,7,252,4086
5,2,7,7,252,4086
4,1,7,7,252,4086
4,3,7,7,252,4086
3,0,7,7,252,4086
3,4,7,7,252,4086
2,5,7,7,252,4086
1,6,7,7,252,4086
0,7,7,7,252,4086
6,2,7,7,252,4086
5,1,7,7,252,4086
5,3,7,7,252,4086
4,0,7,7,252,4086
4,4,7,7,252,4086
3,5,7,7,252,4086
2,6,7,7,252,4086
1,7,7,7,252,4086
0,8,7,7,252,4086
8,2,7,7,252,4086
7,1,7,7,252,4086
7,3,7,7,252,4086
6,0,7,7,252,4086
6,4,7,7,252,4086
5,0,7,7,252,4086
5,5,7,7,252,4086
4,6,7,7,252,4086
3,7,7,7,252,4086
2,8,7,7,252,4086
1,9,7,7,252,4086
9,2,7,7,252,4086
9,1,7,7,252,4086
9,3,7,7,252,4086
8,0,7,7,252,4086
8,4,7,7,252,4086
7,0,7,7,252,4086
7,5,7,7,252,4086
6,1,7,7,252,4086
6,6,7,7,252,4086
5,7,7,7,252,4086
4,8,7,7,252,4086
3,9,7,7,252,4086
2,9,7,7,252,4086
7,2,7,7,252,4086
8,1,7,7,252,4086
8,3,7,7,252,4086
9,0,7,7,252,4086
9,4,7,7,252,4086
9,5,7,7,252,4086
8,6,7,7,252,4086
7,7,7,7,252,4086
6,3,7,7,252,4086
6,8,7,7,252,4086
5,4,7,7,252,4086
5,9,7,7,252,4086
4,5,7,7,252,4086
4,9,7,7,252,4086
3,6,7,7,252,4086
3,8,7,7,252,4086
0,3,7,7,253,3746
1,3,7,7,253,3746
0,2,7,7,253,3746
0,4,7,7,253,3746
2,3,7,7,253,3746
1,2,7,7,253,3746
1,4,7,7,253,3746
0,1,7,7,253,3746
0,5,7,7,253,3746
3,3,7,7,253,3746
2,2,7,7,253,3746
2,4,7,7,253,3746
1,1,7,7,253,3746
1,5,7,7,253,3746
0,0,7,7,253,3746
0,6,7,7,253,3746
4,3,7,7,253,3746
3,2,7,7,253,3746
3,4,7,7,253,3746
2,1,7,7,253,3746
2,5,7,7,253,3746
1,0,7,7,253,3746
1,6,7,7,253,3746
0,7,7,7,253,3746
5,3,7,7,253,3746
4,2,7,7,253,3746
4,4,7,7,253,3746
3,1,7,7,253,3746
3,5,7,7,253,3746
2,0,7,7,253,3746
2,6,7,7,253,3746
1,7,7,7,253,3746
0,8,7,7,253,3746
7,3,7,7,253,3746
6,2,7,7,253,3746
6,4,7,7,253,3746
5,1,7,7,253,3746
5,5,7,7,253,3746
4,0,7,7,253,3746
4,6,7,7,253,3746
3,0,7,7,253,3746
3,7,7,7,253,3746
2,8,7,7,253,3746
1,9,7,7,253,3746
9,3,7,7,253,3746
8,2,7,7,253,3746
8,4,7,7,253,3746
7,1,7,7,253,3746
7,5,7,7,253,3746
6,0,7,7,253,3746
6,6,7,7,253,3746
5,0,7,7,253,3746
5,7,7,7,253,3746
4,1,7,7,253,3746
4,8,7,7,253,3746
3,9,7,7,253,3746
2,9,7,7,253,3746
8,3,7,7,253,3746
9,2,7,7,253,3746
9,4,7,7,253,3746
9,1,7,7,253,3746
9,5,7,7,253,3746
8,0,7,7,253,3746
8,6,7,7,253,3746
7,0,7,7,253,3746
7,7,7,7,253,3746
6,1,7,7,253,3746
6,8,7,7,253,3746
5,2,7,7,253,3746
5,9,7,7,253,3746
4,9,7,7,253,3746
3,8,7,7,253,3746
0,4,7,7,254,3381
1,4,7,7,254,3381
0,3,7,7,254,3381
0,5,7,7,254,3381
2,4,7,7,254,3381
1,3,7,7,254,3381
1,5,7,7,254,3381
0,2,7,7,254,3381
0,6,7,7,254,3381
3,4,7,7,254,3381
2,3,7,7,254,3381
2,5,7,7,254,3381
1,2,7,7,254,3381
1,6,7,7,254,3381
0,1,7,7,254,3381
0,7,7,7,254,3381
4,4,7,7,254,3381
3,3,7,7,254,3381
3,5,7,7,254,3381
2,2,7,7,254,3381
2,6,7,7,254,3381
1,1,7,7,254,3381
1,7,7,7,254,3381
0,0,7,7,254,3381
0,8,7,7,254,3381
6,4,7,7,254,3381
5,3,7,7,254,3381
5,5,7,7,254,3381
4,2,7,7,254,3381
4,6,7,7,254,3381
3,1,7,7,254,3381
3,7,7,7,254,3381
2,0,7,7,254,3381
2,8,7,7,254,3381
1,0,7,7,254,3381
1,9,7,7,254,3381
8,4,7,7,254,3381
7,3,7,7,254,3381
7,5,7,7,254,3381
6,2,7,7,254,3381
6,6,7,7,254,3381
5,1,7,7,254,3381
5,7,7,7,254,3381
4,0,7,7,254,3381
4,8,7,7,254,3381
3,0,7,7,254,3381
3,9,7,7,254,3381
2,1,7,7,254,3381
2,9,7,7,254,3381
9,4,7,7,254,3381
9,3,7,7,254,3381
9,5,7,7,254,3381
8,2,7,7,254,3381
8,6,7,7,254,3381
7,1,7,7,254,3381
7,7,7,7,254,3381
6,0,7,7,254,3381
6,8,7,7,254,3381
5,0,7,7,254,3381
5,9,7,7,254,3381
4,1,7,7,254,3381
4,9,7,7,254,3381
3,2,7,7,254,3381
3,8,7,7,254,3381
0,5,7,7,255,2991
1,5,7,7,255,2991
0,4,7,7,255,2991
0,6,7,7,255,2991
2,5,7,7,255,2991
1,4,7,7,255,2991
1,6,7,7,255,2991
0,3,7,7,255,2991
0,7,7,7,255,2991
3,5,7,7,255,2991
2,4,7,7,255,2991
2,6,7,7,255,2991
1,3,7,7,255,2991
1,7,7,7,255,2991
0,2,7,7,255,2991
0,8,7,7,255,2991
5,5,7,7,255,2991
4,4,7,7,255,2991
4,6,7,7,255,2991
3,3,7,7,255,2991
3,7,7,7,255,2991
2,2,7,7,255,2991
2,8,7,7,255,2991
1,1,7,7,255,2991
1,9,7,7,255,2991
7,5,7,7,255,2991
6,4,7,7,255,2991
6,6,7,7,255,2991
5,3,7,7,255,2991
5,7,7,7,255,2991
4,2,7,7,255,2991
4,8,7,7,255,2991
3,1,7,7,255,2991
3,9,7,7,255,2991
2,0,7,7,255,2991
2,9,7,7,255,2991
9,5,7,7,255,2991
8,4,7,7,255,2991
8,6,7,7,255,2991
7,3,7,7,255,2991
7,7,7,7,255,2991
6,2,7,7,255,2991
6,8,7,7,255,2991
5,1,7,7,255,2991
5,9,7,7,255,2991
4,0,7,7,255,2991
4,9,7,7,255,2991
3,0,7,7,255,2991
3,8,7,7,255,2991
0,6,7,7,256,2571
1,6,7,7,256,2571
0,5,7,7,256,2571
0,7,7,7,256,2571
2,6,7,7,256,2571
1,5,7,7,256,2571
1,7,7,7,256,2571
0,4,7,7,256,2571
0,8,7,7,256,2571
4,6,7,7,256,2571
3,5,7,7,256,2571
3,7,7,7,256,2571
2,4,7,7,256,2571
2,8,7,7,256,2571
1,3,7,7,256,2571
1,9,7,7,256,2571
6,6,7,7,256,2571
5,5,7,7,256,2571
5,7,7,7,256,2571
4,4,7,7,256,2571
4,8,7,7,256,2571
3,3,7,7,256,2571
3,9,7,7,256,2571
2,2,7,7,256,2571
2,9,7,7,256,2571
8,6,7,7,256,2571
7,5,7,7,256,2571
7,7,7,7,256,2571
6,4,7,7,256,2571
6,8,7,7,256,2571
5,3,7,7,256,2571
5,9,7,7,256,2571
4,2,7,7,256,2571
4,9,7,7,256,2571
3,1,7,7,256,2571
3,8,7,7,256,2571
0,7,7,7,257,2122
1,7,7,7,257,2122
0,6,7,7,257,2122
0,8,7,7,257,2122
3,7,7,7,257,2122
2,6,7,7,257,2122
2,8,7,7,257,2122
1,5,7,7,257,2122
1,9,7,7,257,2122
5,7,7,7,257,2122
4,6,7,7,257,2122
4,8,7,7,257,2122
3,5,7,7,257,2122
3,9,7,7,257,2122
2,4,7,7,257,2122
2,9,7,7,257,2122
7,7,7,7,257,2122
6,6,7,7,257,2122
6,8,7,7,257,2122
5,5,7,7,257,2122
5,9,7,7,257,2122
4,4,7,7,257,2122
4,9,7,7,257,2122
3,3,7,7,257,2122
3,8,7,7,257,2122
0,6,7,7,258,2986
1,6,7,7,258,2986
0,5,7,7,258,2986
0,7,7,7,258,2986
2,6,7,7,258,2986
1,5,7,7,258,2986
1,7,7,7,258,2986
0,4,7,7,258,2986
0,8,7,7,258,2986
3,6,7,7,258,2986
2,5,7,7,258,2986
2,7,7,7,258,2986
1,4,7,7,258,2986
1,8,7,7,258,2986
0,3,7,7,258,2986
0,9,7,7,258,2986
4,6,7,7,258,2986
3,5,7,7,258,2986
3,7,7,7,258,2986
2,4,7,7,258,2986
2,8,7,7,258,2986
1,3,7,7,258,2986
1,9,7,7,258,2986
0,2,7,7,258,2986
6,6,7,7,258,2986
5,5,7,7,258,2986
5,7,7,7,258,2986
4,4,7,7,258,2986
4,8,7,7,258,2986
3,3,7,7,258,2986
3,9,7,7,258,2986
2,2,7,7,258,2986
2,9,7,7,258,2986
1,1,7,7,258,2986
8,6,7,7,258,2986
7,5,7,7,258,2986
7,7,7,7,258,2986
6,4,7,7,258,2986
6,8,7,7,258,2986
5,3,7,7,258,2986
5,9,7,7,258,2986
4,2,7,7,258,2986
4,9,7,7,258,2986
3,1,7,7,258,2986
3,8,7,7,258,2986
2,0,7,7,258,2986
0,7,7,7,259,2565
1,7,7,7,259,2565
0,6,7,7,259,2565
0,8,7,7,259,2565
2,7,7,7,259,2565
1,6,7,7,259,2565
1,8,7,7,259,2565
0,5,7,7,259,2565
0,9,7,7,259,2565
3,7,7,7,259,2565
2,6,7,7,259,2565
2,8,7,7,259,2565
1,5,7,7,259,2565
1,9,7,7,259,2565
0,4,7,7,259,2565
5,7,7,7,259,2565
4,6,7,7,259,2565
4,8,7,7,259,2565
3,5,7,7,259,2565
3,9,7,7,259,2565
2,4,7,7,259,2565
2,9,7,7,259,2565
1,3,7,7,259,2565
7,7,7,7,259,2565
6,6,7,7,259,2565
6,8,7,7,259,2565
5,5,7,7,259,2565
5,9,7,7,259,2565
4,4,7,7,259,2565
4,9,7,7,259,2565
3,3,7,7,259,2565
3,8,7,7,259,2565
2,2,7,7,259,2565
0,5,7,7,260,3741
1,5,7,7,260,3741
0,4,7,7,260,3741
0,6,7,7,260,3741
2,5,7,7,260,3741
1,4,7,7,260,3741
1,6,7,7,260,3741
0,3,7,7,260,3741
0,7,7,7,260,3741
3,5,7,7,260,3741
2,4,7,7,260,3741
2,6,7,7,260,3741
1,3,7,7,260,3741
1,7,7,7,260,3741
0,2,7,7,260,3741
0,8,7,7,260,3741
4,5,7,7,260,3741
3,4,7,7,260,3741
3,6,7,7,260,3741
2,3,7,7,260,3741
2,7,7,7,260,3741
1,2,7,7,260,3741
1,8,7,7,260,3741
0,1,7,7,260,3741
0,9,7,7,260,3741
5,5,7,7,260,3741
4,4,7,7,260,3741
4,6,7,7,260,3741
3,3,7,7,260,3741
3,7,7,7,260,3741
2,2,7,7,260,3741
2,8,7,7,260,3741
1,1,7,7,260,3741
1,9,7,7,260,3741
0,0,7,7,260,3741
6,5,7,7,260,3741
5,4,7,7,260,3741
5,6,7,7,260,3741
4,3,7,7,260,3741
4,7,7,7,260,3741
3,2,7,7,260,3741
3,8,7,7,260,3741
2,1,7,7,260,3741
2,9,7,7,260,3741
1,0,7,7,260,3741
7,5,7,7,260,3741
6,4,7,7,260,3741
6,6,7,7,260,3741
5,3,7,7,260,3741
5,7,7,7,260,3741
4,2,7,7,260,3741
4,8,7,7,260,3741
3,1,7,7,260,3741
3,9,7,7,260,3741
2,0,7,7,260,3741
9,5,7,7,260,3741
8,4,7,7,260,3741
8,6,7,7,260,3741
7,3,7,7,260,3741
7,7,7,7,260,3741
6,2,7,7,260,3741
6,8,7,7,260,3741
5,1,7,7,260,3741
5,9,7,7,260,3741
4,0,7,7,260,3741
4,9,7,7,260,3741
3,0,7,7,260,3741
0,6,7,7,261,3373
1,6,7,7,261,3373
0,5,7,7,261,3373
0,7,7,7,261,3373
2,6,7,7,261,3373
1,5,7,7,261,3373
1,7,7,7,261,3373
0,4,7,7,261,3373
0,8,7,7,261,3373
3,6,7,7,261,3373
2,5,7,7,261,3373
2,7,7,7,261,3373
1,4,7,7,261,3373
1,8,7,7,261,3373
0,3,7,7,261,3373
0,9,7,7,261,3373
4,6,7,7,261,3373
3,5,7,7,261,3373
3,7,7,7,261,3373
2,4,7,7,261,3373
2,8,7,7,261,3373
1,3,7,7,261,3373
1,9,7,7,261,3373
0,2,7,7,261,3373
5,6,7,7,261,3373
4,5,7,7,261,3373
4,7,7,7,261,3373
3,4,7,7,261,3373
3,8,7,7,261,3373
2,3,7,7,261,3373
2,9,7,7,261,3373
1,2,7,7,261,3373
0,1,7,7,261,3373
6,6,7,7,261,3373
5,5,7,7,261,3373
5,7,7,7,261,3373
4,4,7,7,261,3373
4,8,7,7,261,3373
3,3,7,7,261,3373
3,9,7,7,261,3373
2,2,7,7,261,3373
1,1,7,7,261,3373
0,0,7,7,261,3373
8,6,7,7,261,3373
7,5,7,7,261,3373
7,7,7,7,261,3373
6,4,7,7,261,3373
6,8,7,7,261,3373
5,3,7,7,261,3373
5,9,7,7,261,3373
4,2,7,7,261,3373
4,9,7,7,261,3373
3,1,7,7,261,3373
2,0,7,7,261,3373
1,0,7,7,261,3373
0,8,2,6,262,2583
1,8,2,6,262,2583
0,7,2,6,262,2583
0,9,2,6,262,2583
2,8,2,6,262,2583
1,7,2,6,262,2583
1,9,2,6,262,2583
0,6,2,6,262,2583
3,8,2,6,262,2583
2,7,2,6,262,2583
2,9,2,6,262,2583
1,6,2,6,262,2583
0,5,2,6,262,2583
4,8,2,6,262,2583
3,7,2,6,262,2583
3,9,2,6,262,2583
2,6,2,6,262,2583
1,5,2,6,262,2583
0,4,2,6,262,2583
6,8,2,6,262,2583
5,7,2,6,262,2583
5,9,2,6,262,2583
4,6,2,6,262,2583
4,9,2,6,262,2583
3,5,2,6,262,2583
2,4,2,6,262,2583
1,3,2,6,262,2583
0,9,0,6,263,2125
1,9,0,6,263,2125
0,8,0,6,263,2125
2,9,0,6,263,2125
1,8,0,6,263,2125
0,7,0,6,263,2125
3,9,0,6,263,2125
2,8,0,6,263,2125
1,7,0,6,263,2125
0,6,0,6,263,2125
5,9,0,6,263,2125
4,8,0,6,263,2125
4,9,0,6,263,2125
3,7,0,6,263,2125
3,8,0,6,263,2125
2,6,0,6,263,2125
2,7,0,6,263,2125
1,5,0,6,263,2125
1,6,0,6,263,2125
0,4,7,7,264,4428
1,4,7,7,264,4428
0,3,7,7,264,4428
0,5,7,7,264,4428
2,4,7,7,264,4428
1,3,7,7,264,4428
1,5,7,7,264,4428
0,2,7,7,264,4428
0,6,7,7,264,4428
3,4,7,7,264,4428
2,3,7,7,264,4428
2,5,7,7,264,4428
1,2,7,7,264,4428
1,6,7,7,264,4428
0,1,7,7,264,4428
0,7,7,7,264,4428
4,4,7,7,264,4428
3,3,7,7,264,4428
3,5,7,7,264,4428
2,2,7,7,264,4428
2,6,7,7,264,4428
1,1,7,7,264,4428
1,7,7,7,264,4428
0,0,7,7,264,4428
0,8,7,7,264,4428
5,4,7,7,264,4428
4,3,7,7,264,4428
4,5,7,7,264,4428
3,2,7,7,264,4428
3,6,7,7,264,4428
2,1,7,7,264,4428
2,7,7,7,264,4428
1,0,7,7,264,4428
1,8,7,7,264,4428
0,9,7,7,264,4428
6,4,7,7,264,4428
5,3,7,7,264,4428
5,5,7,7,264,4428
4,2,7,7,264,4428
4,6,7,7,264,4428
3,1,7,7,264,4428
3,7,7,7,264,4428
2,0,7,7,264,4428
2,8,7,7,264,4428
1,9,7,7,264,4428
7,4,7,7,264,4428
6,3,7,7,264,4428
6,5,7,7,264,4428
5,2,7,7,264,4428
5,6,7,7,264,4428
4,1,7,7,264,4428
4,7,7,7,264,4428
3,0,7,7,264,4428
3,8,7,7,264,4428
2,9,7,7,264,4428
8,4,7,7,264,4428
7,3,7,7,264,4428
7,5,7,7,264,4428
6,2,7,7,264,4428
6,6,7,7,264,4428
5,1,7,7,264,4428
5,7,7,7,264,4428
4,0,7,7,264,4428
4,8,7,7,264,4428
3,9,7,7,264,4428
9,4,7,7,264,4428
8,3,7,7,264,4428
8,5,7,7,264,4428
7,2,7,7,264,4428
7,6,7,7,264,4428
6,1,7,7,264,4428
6,7,7,7,264,4428
5,0,7,7,264,4428
5,8,7,7,264,4428
4,9,7,7,264,4428
9,3,7,7,264,4428
9,5,7,7,264,4428
8,2,7,7,264,4428
8,6,7,7,264,4428
7,1,7,7,264,4428
7,7,7,7,264,4428
6,0,7,7,264,4428
6,8,7,7,264,4428
5,9,7,7,264,4428
0,5,7,7,265,4098
1,5,7,7,265,4098
0,4,7,7,265,4098
0,6,7,7,265,4098
2,5,7,7,265,4098
1,4,7,7,265,4098
1,6,7,7,265,4098
0,3,7,7,265,4098
0,7,7,7,265,4098
3,5,7,7,265,4098
2,4,7,7,265,4098
2,6,7,7,265,4098
1,3,7,7,265,4098
1,7,7,7,265,4098
0,2,7,7,265,4098
0,8,7,7,265,4098
4,5,7,7,265,4098
3,4,7,7,265,4098
3,6,7,7,265,4098
2,3,7,7,265,4098
2,7,7,7,265,4098
1,2,7,7,265,4098
1,8,7,7,265,4098
0,1,7,7,265,4098
0,9,7,7,265,4098
5,5,7,7,265,4098
4,4,7,7,265,4098
4,6,7,7,265,4098
3,3,7,7,265,4098
3,7,7,7,265,4098
2,2,7,7,265,4098
2,8,7,7,265,4098
1,1,7,7,265,4098
1,9,7,7,265,4098
0,0,7,7,265,4098
6,5,7,7,265,4098
5,4,7,7,265,4098
5,6,7,7,265,4098
4,3,7,7,265,4098
4,7,7,7,265,4098
3,2,7,7,265,4098
3,8,7,7,265,4098
2,1,7,7,265,4098
2,9,7,7,265,4098
1,0,7,7,265,4098
7,5,7,7,265,4098
6,4,7,7,265,4098
6,6,7,7,265,4098
5,3,7,7,265,4098
5,7,7,7,265,4098
4,2,7,7,265,4098
4,8,7,7,265,4098
3,1,7,7,265,4098
3,9,7,7,265,4098
2,0,7,7,265,4098
8,5,7,7,265,4098
7,4,7,7,265,4098
7,6,7,7,265,4098
6,3,7,7,265,4098
6,7,7,7,265,4098
5,2,7,7,265,4098
5,8,7,7,265,4098
4,1,7,7,265,4098
4,9,7,7,265,4098
3,0,7,7,265,4098
9,5,7,7,265,4098
8,4,7,7,265,4098
8,6,7,7,265,4098
7,3,7,7,265,4098
7,7,7,7,265,4098
6,2,7,7,265,4098
6,8,7,7,265,4098
5,1,7,7,265,4098
5,9,7,7,265,4098
4,0,7,7,265,4098
0,6,7,7,266,3743
1,6,7,7,266,3743
0,5,7,7,266,3743
0,7,7,7,266,3743
2,6,7,7,266,3743
1,5,7,7,266,3743
1,7,7,7,266,3743
0,4,7,7,266,3743
0,8,7,7,266,3743
3,6,7,7,266,3743
2,5,7,7,266,3743
2,7,7,7,266,3743
1,4,7,7,266,3743
1,8,7,7,266,3743
0,3,7,7,266,3743
0,9,7,7,266,3743
4,6,7,7,266,3743
3,5,7,7,266,3743
3,7,7,7,266,3743
2,4,7,7,266,3743
2,8,7,7,266,3743
1,3,7,7,266,3743
1,9,7,7,266,3743
0,2,7,7,266,3743
5,6,7,7,266,3743
4,5,7,7,266,3743
4,7,7,7,266,3743
3,4,7,7,266,3743
3,8,7,7,266,3743
2,3,7,7,266,3743
2,9,7,7,266,3743
1,2,7,7,266,3743
0,1,7,7,266,3743
6,6,7,7,266,3743
5,5,7,7,266,3743
5,7,7,7,266,3743
4,4,7,7,266,3743
4,8,7,7,266,3743
3,3,7,7,266,3743
3,9,7,7,266,3743
2,2,7,7,266,3743
1,1,7,7,266,3743
0,0,7,7,266,3743
7,6,7,7,266,3743
6,5,7,7,266,3743
6,7,7,7,266,3743
5,4,7,7,266,3743
5,8,7,7,266,3743
4,3,7,7,266,3743
4,9,7,7,266,3743
3,2,7,7,266,3743
2,1,7,7,266,3743
1,0,7,7,266,3743
8,6,7,7,266,3743
7,5,7,7,266,3743
7,7,7,7,266,3743
6,4,7,7,266,3743
6,8,7,7,266,3743
5,3,7,7,266,3743
5,9,7,7,266,3743
4,2,7,7,266,3743
3,1,7,7,266,3743
2,0,7,7,266,3743
0,7,5,7,267,3393
1,7,5,7,267,3393
0,6,5,7,267,3393
0,8,5,7,267,3393
2,7,5,7,267,3393
1,6,5,7,267,3393
1,8,5,7,267,3393
0,5,5,7,267,3393
0,9,5,7,267,3393
3,7,5,7,267,3393
2,6,5,7,267,3393
2,8,5,7,267,3393
1,5,5,7,267,3393
1,9,5,7,267,3393
0,4,5,7,267,3393
4,7,5,7,267,3393
3,6,5,7,267,3393
3,8,5,7,267,3393
2,5,5,7,267,3393
2,9,5,7,267,3393
1,4,5,7,267,3393
0,3,5,7,267,3393
5,7,5,7,267,3393
4,6,5,7,267,3393
4,8,5,7,267,3393
3,5,5,7,267,3393
3,9,5,7,267,3393
2,4,5,7,267,3393
1,3,5,7,267,3393
0,2,5,7,267,3393
6,7,5,7,267,3393
5,6,5,7,267,3393
5,8,5,7,267,3393
4,5,5,7,267,3393
4,9,5,7,267,3393
3,4,5,7,267,3393
2,3,5,7,267,3393
1,2,5,7,267,3393
0,1,5,7,267,3393
7,7,5,7,267,3393
6,6,5,7,267,3393
6,8,5,7,267,3393
5,5,5,7,267,3393
5,9,5,7,267,3393
4,4,5,7,267,3393
3,3,5,7,267,3393
2,2,5,7,267,3393
1,1,5,7,267,3393
0,0,5,7,267,3393
0,8,3,7,268,3008
1,8,3,7,268,3008
0,7,3,7,268,3008
0,9,3,7,268,3008
2,8,3,7,268,3008
1,7,3,7,268,3008
1,9,3,7,268,3008
0,6,3,7,268,3008
3,8,3,7,268,3008
2,7,3,7,268,3008
2,9,3,7,268,3008
1,6,3,7,268,3008
0,5,3,7,268,3008
4,8,3,7,268,3008
3,7,3,7,268,3008
3,9,3,7,268,3008
2,6,3,7,268,3008
1,5,3,7,268,3008
0,4,3,7,268,3008
5,8,3,7,268,3008
4,7,3,7,268,3008
4,9,3,7,268,3008
3,6,3,7,268,3008
2,5,3,7,268,3008
1,4,3,7,268,3008
0,3,3,7,268,3008
6,8,3,7,268,3008
5,7,3,7,268,3008
5,9,3,7,268,3008
4,6,3,7,268,3008
3,5,3,7,268,3008
2,4,3,7,268,3008
1,3,3,7,268,3008
0,2,3,7,268,3008
6,2,7,3,269,1651
8,2,7,3,269,1651
7,1,7,3,269,1651
7,3,7,3,269,1651
9,2,7,3,269,1651
9,1,7,3,269,1651
9,3,7,3,269,1651
8,0,7,3,269,1651
8,4,7,3,269,1651
7,2,7,3,269,1651
8,1,7,3,269,1651
8,3,7,3,269,1651
9,0,7,3,269,1651
9,4,7,3,269,1651
9,5,7,3,269,1651
7,3,7,3,270,1138
9,3,7,3,270,1138
8,2,7,3,270,1138
8,4,7,3,270,1138
8,3,7,3,270,1138
9,2,7,3,270,1138
9,4,7,3,270,1138
9,1,7,3,270,1138
9,5,7,3,270,1138
5,3,5,3,271,1646
7,3,5,3,271,1646
6,2,5,3,271,1646
6,4,5,3,271,1646
9,3,5,3,271,1646
8,2,5,3,271,1646
8,4,5,3,271,1646
7,1,5,3,271,1646
7,5,5,3,271,1646
8,3,5,3,271,1646
9,2,5,3,271,1646
9,4,5,3,271,1646
9,1,5,3,271,1646
9,5,5,3,271,1646
8,0,5,3,271,1646
8,6,5,3,271,1646
6,4,7,3,272,1138
8,4,7,3,272,1138
7,3,7,3,272,1138
7,5,7,3,272,1138
9,4,7,3,272,1138
9,3,7,3,272,1138
9,5,7,3,272,1138
8,2,7,3,272,1138
8,6,7,3,272,1138
5,5,5,5,159,1136
7,5,5,5,159,1136
6,4,5,5,159,1136
6,6,5,5,159,1136
9,5,5,5,159,1136
8,4,5,5,159,1136
8,6,5,5,159,1136
7,3,5,5,159,1136
7,7,5,5,159,1136
3,5,5,7,161,1650
5,5,5,7,161,1650
4,4,5,7,161,1650
4,6,5,7,161,1650
7,5,5,7,161,1650
6,4,5,7,161,1650
6,6,5,7,161,1650
5,3,5,7,161,1650
5,7,5,7,161,1650
9,5,5,7,161,1650
8,4,5,7,161,1650
8,6,5,7,161,1650
7,3,5,7,161,1650
7,7,5,7,161,1650
6,2,5,7,161,1650
6,8,5,7,161,1650
4,6,7,7,71,1138
6,6,7,7,71,1138
5,5,7,7,71,1138
5,7,7,7,71,1138
8,6,7,7,71,1138
7,5,7,7,71,1138
7,7,7,7,71,1138
6,4,7,7,71,1138
6,8,7,7,71,1138
2,6,7,7,171,1650
4,6,7,7,171,1650
3,5,7,7,171,1650
3,7,7,7,171,1650
6,6,7,7,171,1650
5,5,7,7,171,1650
5,7,7,7,171,1650
4,4,7,7,171,1650
4,8,7,7,171,1650
8,6,7,7,171,1650
7,5,7,7,171,1650
7,7,7,7,171,1650
6,4,7,7,171,1650
6,8,7,7,171,1650
5,3,7,7,171,1650
5,9,7,7,171,1650
3,7,7,7,133,1136
5,7,7,7,133,1136
4,6,7,7,133,1136
4,8,7,7,133,1136
7,7,7,7,133,1136
6,6,7,7,133,1136
6,8,7,7,133,1136
5,5,7,7,133,1136
5,9,7,7,133,1136
1,7,7,7,212,1646
3,7,7,7,212,1646
2,6,7,7,212,1646
2,8,7,7,212,1646
5,7,7,7,212,1646
4,6,7,7,212,1646
4,8,7,7,212,1646
3,5,7,7,212,1646
3,9,7,7,212,1646
7,7,7,7,212,1646
6,6,7,7,212,1646
6,8,7,7,212,1646
5,5,7,7,212,1646
5,9,7,7,212,1646
4,4,7,7,212,1646
4,9,7,7,212,1646
2,8,5,7,229,1138
4,8,5,7,229,1138
3,7,5,7,229,1138
3,9,5,7,229,1138
6,8,5,7,229,1138
5,7,5,7,229,1138
5,9,5,7,229,1138
4,6,5,7,229,1138
4,9,5,7,229,1138
0,8,5,7,273,1650
2,8,5,7,273,1650
1,7,5,7,273,1650
1,9,5,7,273,1650
4,8,5,7,273,1650
3,7,5,7,273,1650
3,9,5,7,273,1650
2,6,5,7,273,1650
2,9,5,7,273,1650
6,8,5,7,273,1650
5,7,5,7,273,1650
5,9,5,7,273,1650
4,6,5,7,273,1650
4,9,5,7,273,1650
3,5,5,7,273,1650
3,8,5,7,273,1650
1,9,3,7,274,1138
3,9,3,7,274,1138
2,8,3,7,274,1138
2,9,3,7,274,1138
5,9,3,7,274,1138
4,8,3,7,274,1138
4,9,3,7,274,1138
3,7,3,7,274,1138
3,8,3,7,274,1138
7,5,7,5,95,588
9,5,7,5,95,588
8,4,7,5,95,588
8,6,7,5,95,588
5,7,7,7,48,588
7,7,7,7,48,588
6,6,7,7,48,588
6,8,7,7,48,588
4,8,5,7,6,588
6,8,5,7,6,588
5,7,5,7,6,588
5,9,5,7,6,588
3,9,4,8,139,588
5,9,4,8,139,588
4,8,4,8,139,588
4,9,4,8,139,588
9,5,9,5,0,0
8,6,8,6,0,0
7,7,7,7,0,0
6,8,6,8,0,0
5,9,5,9,0,0
0,0,5,6,275,4431
1,0,5,6,275,4431
0,1,5,6,275,4431
2,0,5,6,275,4431
1,1,5,6,275,4431
0,2,5,6,275,4431
3,0,5,6,275,4431
2,1,5,6,275,4431
1,2,5,6,275,4431
0,3,5,6,275,4431
4,0,5,6,275,4431
3,1,5,6,275,4431
2,2,5,6,275,4431
1,3,5,6,275,4431
0,4,5,6,275,4431
5,0,5,6,275,4431
4,1,5,6,275,4431
3,2,5,6,275,4431
2,3,5,6,275,4431
1,4,5,6,275,4431
0,5,5,6,275,4431
7,0,5,6,275,4431
6,0,5,6,275,4431
6,1,5,6,275,4431
5,1,5,6,275,4431
5,2,5,6,275,4431
4,2,5,6,275,4431
4,3,5,6,275,4431
3,3,5,6,275,4431
3,4,5,6,275,4431
2,4,5,6,275,4431
2,5,5,6,275,4431
1,5,5,6,275,4431
1,6,5,6,275,4431
9,0,5,6,275,4431
8,0,5,6,275,4431
8,1,5,6,275,4431
7,1,5,6,275,4431
7,2,5,6,275,4431
6,2,5,6,275,4431
6,3,5,6,275,4431
5,3,5,6,275,4431
5,4,5,6,275,4431
4,4,5,6,275,4431
4,5,5,6,275,4431
3,5,5,6,275,4431
3,6,5,6,275,4431
2,6,5,6,275,4431
2,7,5,6,275,4431
9,1,5,6,275,4431
9,2,5,6,275,4431
8,2,5,6,275,4431
8,3,5,6,275,4431
7,3,5,6,275,4431
7,4,5,6,275,4431
6,4,5,6,275,4431
6,5,5,6,275,4431
5,5,5,6,275,4431
5,6,5,6,275,4431
4,6,5,6,275,4431
4,7,5,6,275,4431
3,7,5,6,275,4431
3,8,5,6,275,4431
9,3,5,6,275,4431
9,4,5,6,275,4431
8,4,5,6,275,4431
8,5,5,6,275,4431
7,5,5,6,275,4431
7,6,5,6,275,4431
6,6,5,6,275,4431
6,7,5,6,275,4431
5,7,5,6,275,4431
5,8,5,6,275,4431
4,8,5,6,275,4431
4,9,5,6,275,4431
9,5,5,6,275,4431
9,6,5,6,275,4431
8,6,5,6,275,4431
8,7,5,6,275,4431
7,7,5,6,275,4431
7,8,5,6,275,4431
6,8,5,6,275,4431
6,9,5,6,275,4431
5,9,5,6,275,4431
0,0,5,6,276,4101
1,0,5,6,276,4101
0,1,5,6,276,4101
2,0,5,6,276,4101
1,1,5,6,276,4101
0,2,5,6,276,4101
3,0,5,6,276,4101
2,1,5,6,276,4101
1,2,5,6,276,4101
0,3,5,6,276,4101
5,0,5,6,276,4101
4,0,5,6,276,4101
4,1,5,6,276,4101
3,1,5,6,276,4101
3,2,5,6,276,4101
2,2,5,6,276,4101
2,3,5,6,276,4101
1,3,5,6,276,4101
1,4,5,6,276,4101
7,0,5,6,276,4101
6,0,5,6,276,4101
6,1,5,6,276,4101
5,1,5,6,276,4101
5,2,5,6,276,4101
4,2,5,6,276,4101
4,3,5,6,276,4101
3,3,5,6,276,4101
3,4,5,6,276,4101
2,4,5,6,276,4101
2,5,5,6,276,4101
9,0,5,6,276,4101
8,0,5,6,276,4101
8,1,5,6,276,4101
7,1,5,6,276,4101
7,2,5,6,276,4101
6,2,5,6,276,4101
6,3,5,6,276,4101
5,3,5,6,276,4101
5,4,5,6,276,4101
4,4,5,6,276,4101
4,5,5,6,276,4101
3,5,5,6,276,4101
3,6,5,6,276,4101
9,1,5,6,276,4101
9,2,5,6,276,4101
8,2,5,6,276,4101
8,3,5,6,276,4101
7,3,5,6,276,4101
7,4,5,6,276,4101
6,4,5,6,276,4101
6,5,5,6,276,4101
5,5,5,6,276,4101
5,6,5,6,276,4101
4,6,5,6,276,4101
4,7,5,6,276,4101
9,3,5,6,276,4101
9,4,5,6,276,4101
8,4,5,6,276,4101
8,5,5,6,276,4101
7,5,5,6,276,4101
7,6,5,6,276,4101
6,6,5,6,276,4101
6,7,5,6,276,4101
5,7,5,6,276,4101
5,8,5,6,276,4101
9,5,5,6,276,4101
9,6,5,6,276,4101
8,6,5,6,276,4101
8,7,5,6,276,4101
7,7,5,6,276,4101
7,8,5,6,276,4101
6,8,5,6,276,4101
6,9,5,6,276,4101
0,0,5,6,277,3748
1,0,5,6,277,3748
0,1,5,6,277,3748
3,0,5,6,277,3748
2,0,5,6,277,3748
2,1,5,6,277,3748
1,1,5,6,277,3748
1,2,5,6,277,3748
5,0,5,6,277,3748
4,0,5,6,277,3748
4,1,5,6,277,3748
3,1,5,6,277,3748
3,2,5,6,277,3748
2,2,5,6,277,3748
2,3,5,6,277,3748
7,0,5,6,277,3748
6,0,5,6,277,3748
6,1,5,6,277,3748
5,1,5,6,277,3748
5,2,5,6,277,3748
4,2,5,6,277,3748
4,3,5,6,277,3748
3,3,5,6,277,3748
3,4,5,6,277,3748
9,0,5,6,277,3748
8,0,5,6,277,3748
8,1,5,6,277,3748
7,1,5,6,277,3748
7,2,5,6,277,3748
6,2,5,6,277,3748
6,3,5,6,277,3748
5,3,5,6,277,3748
5,4,5,6,277,3748
4,4,5,6,277,3748
4,5,5,6,277,3748
9,1,5,6,277,3748
9,2,5,6,277,3748
8,2,5,6,277,3748
8,3,5,6,277,3748
7,3,5,6,277,3748
7,4,5,6,277,3748
6,4,5,6,277,3748
6,5,5,6,277,3748
5,5,5,6,277,3748
5,6,5,6,277,3748
9,3,5,6,277,3748
9,4,5,6,277,3748
8,4,5,6,277,3748
8,5,5,6,277,3748
7,5,5,6,277,3748
7,6,5,6,277,3748
6,6,5,6,277,3748
6,7,5,6,277,3748
9,5,5,6,277,3748
9,6,5,6,277,3748
8,6,5,6,277,3748
8,7,5,6,277,3748
7,7,5,6,277,3748
7,8,5,6,277,3748
1,0,5,4,278,3395
3,0,5,4,278,3395
2,0,5,4,278,3395
2,1,5,4,278,3395
5,0,5,4,278,3395
4,0,5,4,278,3395
4,1,5,4,278,3395
3,1,5,4,278,3395
3,2,5,4,278,3395
7,0,5,4,278,3395
6,0,5,4,278,3395
6,1,5,4,278,3395
5,1,5,4,278,3395
5,2,5,4,278,3395
4,2,5,4,278,3395
4,3,5,4,278,3395
9,0,5,4,278,3395
8,0,5,4,278,3395
8,1,5,4,278,3395
7,1,5,4,278,3395
7,2,5,4,278,3395
6,2,5,4,278,3395
6,3,5,4,278,3395
5,3,5,4,278,3395
5,4,5,4,278,3395
9,1,5,4,278,3395
9,2,5,4,278,3395
8,2,5,4,278,3395
8,3,5,4,278,3395
7,3,5,4,278,3395
7,4,5,4,278,3395
6,4,5,4,278,3395
6,5,5,4,278,3395
9,3,5,4,278,3395
9,4,5,4,278,3395
8,4,5,4,278,3395
8,5,5,4,278,3395
7,5,5,4,278,3395
7,6,5,4,278,3395
9,5,5,4,278,3395
9,6,5,4,278,3395
8,6,5,4,278,3395
8,7,5,4,278,3395
3,0,6,3,279,3008
5,0,6,3,279,3008
4,0,6,3,279,3008
4,1,6,3,279,3008
7,0,6,3,279,3008
6,0,6,3,279,3008
6,1,6,3,279,3008
5,1,6,3,279,3008
5,2,6,3,279,3008
9,0,6,3,279,3008
8,0,6,3,279,3008
8,1,6,3,279,3008
7,1,6,3,279,3008
7,2,6,3,279,3008
6,2,6,3,279,3008
6,3,6,3,279,3008
9,1,6,3,279,3008
9,2,6,3,279,3008
8,2,6,3,279,3008
8,3,6,3,279,3008
7,3,6,3,279,3008
7,4,6,3,279,3008
9,3,6,3,279,3008
9,4,6,3,279,3008
8,4,6,3,279,3008
8,5,6,3,279,3008
9,5,6,3,279,3008
9,6,6,3,279,3008
2,1,5,4,280,2992
4,1,5,4,280,2992
3,0,5,4,280,2992
3,2,5,4,280,2992
6,1,5,4,280,2992
5,0,5,4,280,2992
5,2,5,4,280,2992
4,0,5,4,280,2992
4,3,5,4,280,2992
8,1,5,4,280,2992
7,0,5,4,280,2992
7,2,5,4,280,2992
6,0,5,4,280,2992
6,3,5,4,280,2992
5,1,5,4,280,2992
5,4,5,4,280,2992
9,1,5,4,280,2992
9,0,5,4,280,2992
9,2,5,4,280,2992
8,0,5,4,280,2992
8,3,5,4,280,2992
7,1,5,4,280,2992
7,4,5,4,280,2992
6,2,5,4,280,2992
6,5,5,4,280,2992
8,2,5,4,280,2992
9,3,5,4,280,2992
9,4,5,4,280,2992
8,5,5,4,280,2992
7,3,5,4,280,2992
7,6,5,4,280,2992
8,4,5,4,280,2992
9,5,5,4,280,2992
9,6,5,4,280,2992
8,7,5,4,280,2992
3,2,5,4,281,2574
5,2,5,4,281,2574
4,1,5,4,281,2574
4,3,5,4,281,2574
7,2,5,4,281,2574
6,1,5,4,281,2574
6,3,5,4,281,2574
5,0,5,4,281,2574
5,4,5,4,281,2574
9,2,5,4,281,2574
8,1,5,4,281,2574
8,3,5,4,281,2574
7,0,5,4,281,2574
7,4,5,4,281,2574
6,0,5,4,281,2574
6,5,5,4,281,2574
8,2,5,4,281,2574
9,1,5,4,281,2574
9,3,5,4,281,2574
9,0,5,4,281,2574
9,4,5,4,281,2574
8,0,5,4,281,2574
8,5,5,4,281,2574
7,1,5,4,281,2574
7,6,5,4,281,2574
6,2,5,4,281,2574
7,3,5,4,281,2574
8,4,5,4,281,2574
9,5,5,4,281,2574
9,6,5,4,281,2574
8,7,5,4,281,2574
0,1,5,6,282,3379
2,1,5,6,282,3379
1,0,5,6,282,3379
1,2,5,6,282,3379
4,1,5,6,282,3379
3,0,5,6,282,3379
3,2,5,6,282,3379
2,0,5,6,282,3379
2,3,5,6,282,3379
6,1,5,6,282,3379
5,0,5,6,282,3379
5,2,5,6,282,3379
4,0,5,6,282,3379
4,3,5,6,282,3379
3,1,5,6,282,3379
3,4,5,6,282,3379
8,1,5,6,282,3379
7,0,5,6,282,3379
7,2,5,6,282,3379
6,0,5,6,282,3379
6,3,5,6,282,3379
5,1,5,6,282,3379
5,4,5,6,282,3379
4,2,5,6,282,3379
4,5,5,6,282,3379
9,1,5,6,282,3379
9,0,5,6,282,3379
9,2,5,6,282,3379
8,0,5,6,282,3379
8,3,5,6,282,3379
7,1,5,6,282,3379
7,4,5,6,282,3379
6,2,5,6,282,3379
6,5,5,6,282,3379
5,3,5,6,282,3379
5,6,5,6,282,3379
8,2,5,6,282,3379
9,3,5,6,282,3379
9,4,5,6,282,3379
8,5,5,6,282,3379
7,3,5,6,282,3379
7,6,5,6,282,3379
6,4,5,6,282,3379
6,7,5,6,282,3379
8,4,5,6,282,3379
9,5,5,6,282,3379
9,6,5,6,282,3379
8,7,5,6,282,3379
7,5,5,6,282,3379
7,8,5,6,282,3379
1,2,5,6,283,2991
3,2,5,6,283,2991
2,1,5,6,283,2991
2,3,5,6,283,2991
5,2,5,6,283,2991
4,1,5,6,283,2991
4,3,5,6,283,2991
3,0,5,6,283,2991
3,4,5,6,283,2991
7,2,5,6,283,2991
6,1,5,6,283,2991
6,3,5,6,283,2991
5,0,5,6,283,2991
5,4,5,6,283,2991
4,0,5,6,283,2991
4,5,5,6,283,2991
9,2,5,6,283,2991
8,1,5,6,283,2991
8,3,5,6,283,2991
7,0,5,6,283,2991
7,4,5,6,283,2991
6,0,5,6,283,2991
6,5,5,6,283,2991
5,1,5,6,283,2991
5,6,5,6,283,2991
8,2,5,6,283,2991
9,1,5,6,283,2991
9,3,5,6,283,2991
9,0,5,6,283,2991
9,4,5,6,283,2991
8,0,5,6,283,2991
8,5,5,6,283,2991
7,1,5,6,283,2991
7,6,5,6,283,2991
6,2,5,6,283,2991
6,7,5,6,283,2991
7,3,5,6,283,2991
8,4,5,6,283,2991
9,5,5,6,283,2991
9,6,5,6,283,2991
8,7,5,6,283,2991
7,8,5,6,283,2991
2,3,5,6,284,2574
4,3,5,6,284,2574
3,2,5,6,284,2574
3,4,5,6,284,2574
6,3,5,6,284,2574
5,2,5,6,284,2574
5,4,5,6,284,2574
4,1,5,6,284,2574
4,5,5,6,284,2574
8,3,5,6,284,2574
7,2,5,6,284,2574
7,4,5,6,284,2574
6,1,5,6,284,2574
6,5,5,6,284,2574
5,0,5,6,284,2574
5,6,5,6,284,2574
9,3,5,6,284,2574
9,2,5,6,284,2574
9,4,5,6,284,2574
8,1,5,6,284,2574
8,5,5,6,284,2574
7,0,5,6,284,2574
7,6,5,6,284,2574
6,0,5,6,284,2574
6,7,5,6,284,2574
7,3,5,6,284,2574
8,2,5,6,284,2574
8,4,5,6,284,2574
9,1,5,6,284,2574
9,5,5,6,284,2574
9,0,5,6,284,2574
9,6,5,6,284,2574
8,0,5,6,284,2574
8,7,5,6,284,2574
7,1,5,6,284,2574
7,8,5,6,284,2574
0,1,5,6,285,3745
1,1,5,6,285,3745
0,0,5,6,285,3745
0,2,5,6,285,3745
2,1,5,6,285,3745
1,0,5,6,285,3745
1,2,5,6,285,3745
0,3,5,6,285,3745
4,1,5,6,285,3745
3,0,5,6,285,3745
3,2,5,6,285,3745
2,0,5,6,285,3745
2,3,5,6,285,3745
1,4,5,6,285,3745
6,1,5,6,285,3745
5,0,5,6,285,3745
5,2,5,6,285,3745
4,0,5,6,285,3745
4,3,5,6,285,3745
3,1,5,6,285,3745
3,4,5,6,285,3745
2,2,5,6,285,3745
2,5,5,6,285,3745
8,1,5,6,285,3745
7,0,5,6,285,3745
7,2,5,6,285,3745
6,0,5,6,285,3745
6,3,5,6,285,3745
5,1,5,6,285,3745
5,4,5,6,285,3745
4,2,5,6,285,3745
4,5,5,6,285,3745
3,3,5,6,285,3745
3,6,5,6,285,3745
9,1,5,6,285,3745
9,0,5,6,285,3745
9,2,5,6,285,3745
8,0,5,6,285,3745
8,3,5,6,285,3745
7,1,5,6,285,3745
7,4,5,6,285,3745
6,2,5,6,285,3745
6,5,5,6,285,3745
5,3,5,6,285,3745
5,6,5,6,285,3745
4,4,5,6,285,3745
4,7,5,6,285,3745
8,2,5,6,285,3745
9,3,5,6,285,3745
9,4,5,6,285,3745
8,5,5,6,285,3745
7,3,5,6,285,3745
7,6,5,6,285,3745
6,4,5,6,285,3745
6,7,5,6,285,3745
5,5,5,6,285,3745
5,8,5,6,285,3745
8,4,5,6,285,3745
9,5,5,6,285,3745
9,6,5,6,285,3745
8,7,5,6,285,3745
7,5,5,6,285,3745
7,8,5,6,285,3745
6,6,5,6,285,3745
6,9,5,6,285,3745
0,3,6,7,286,2991
2,3,6,7,286,2991
1,2,6,7,286,2991
1,4,6,7,286,2991
4,3,6,7,286,2991
3,2,6,7,286,2991
3,4,6,7,286,2991
2,1,6,7,286,2991
2,5,6,7,286,2991
6,3,6,7,286,2991
5,2,6,7,286,2991
5,4,6,7,286,2991
4,1,6,7,286,2991
4,5,6,7,286,2991
3,0,6,7,286,2991
3,6,6,7,286,2991
8,3,6,7,286,2991
7,2,6,7,286,2991
7,4,6,7,286,2991
6,1,6,7,286,2991
6,5,6,7,286,2991
5,0,6,7,286,2991
5,6,6,7,286,2991
4,0,6,7,286,2991
4,7,6,7,286,2991
9,3,6,7,286,2991
9,2,6,7,286,2991
9,4,6,7,286,2991
8,1,6,7,286,2991
8,5,6,7,286,2991
7,0,6,7,286,2991
7,6,6,7,286,2991
6,0,6,7,286,2991
6,7,6,7,286,2991
5,1,6,7,286,2991
5,8,6,7,286,2991
7,3,6,7,286,2991
8,2,6,7,286,2991
8,4,6,7,286,2991
9,1,6,7,286,2991
9,5,6,7,286,2991
9,0,6,7,286,2991
9,6,6,7,286,2991
8,0,6,7,286,2991
8,7,6,7,286,2991
7,1,6,7,286,2991
7,8,6,7,286,2991
6,2,6,7,286,2991
6,9,6,7,286,2991
1,4,6,7,287,2574
3,4,6,7,287,2574
2,3,6,7,287,2574
2,5,6,7,287,2574
5,4,6,7,287,2574
4,3,6,7,287,2574
4,5,6,7,287,2574
3,2,6,7,287,2574
3,6,6,7,287,2574
7,4,6,7,287,2574
6,3,6,7,287,2574
6,5,6,7,287,2574
5,2,6,7,287,2574
5,6,6,7,287,2574
4,1,6,7,287,2574
4,7,6,7,287,2574
9,4,6,7,287,2574
8,3,6,7,287,2574
8,5,6,7,287,2574
7,2,6,7,287,2574
7,6,6,7,287,2574
6,1,6,7,287,2574
6,7,6,7,287,2574
5,0,6,7,287,2574
5,8,6,7,287,2574
8,4,6,7,287,2574
9,3,6,7,287,2574
9,5,6,7,287,2574
9,2,6,7,287,2574
9,6,6,7,287,2574
8,1,6,7,287,2574
8,7,6,7,287,2574
7,0,6,7,287,2574
7,8,6,7,287,2574
6,0,6,7,287,2574
6,9,6,7,287,2574
0,1,5,4,288,4106
1,1,5,4,288,4106
0,0,5,4,288,4106
0,2,5,4,288,4106
2,1,5,4,288,4106
1,0,5,4,288,4106
1,2,5,4,288,4106
0,3,5,4,288,4106
3,1,5,4,288,4106
2,0,5,4,288,4106
2,2,5,4,288,4106
1,3,5,4,288,4106
0,4,5,4,288,4106
4,1,5,4,288,4106
3,0,5,4,288,4106
3,2,5,4,288,4106
2,3,5,4,288,4106
1,4,5,4,288,4106
0,5,5,4,288,4106
6,1,5,4,288,4106
5,0,5,4,288,4106
5,2,5,4,288,4106
4,0,5,4,288,4106
4,3,5,4,288,4106
3,4,5,4,288,4106
2,5,5,4,288,4106
1,6,5,4,288,4106
8,1,5,4,288,4106
7,0,5,4,288,4106
7,2,5,4,288,4106
6,0,5,4,288,4106
6,3,5,4,288,4106
5,1,5,4,288,4106
5,4,5,4,288,4106
4,2,5,4,288,4106
4,5,5,4,288,4106
3,3,5,4,288,4106
3,6,5,4,288,4106
2,4,5,4,288,4106
2,7,5,4,288,4106
9,1,5,4,288,4106
9,0,5,4,288,4106
9,2,5,4,288,4106
8,0,5,4,288,4106
8,3,5,4,288,4106
7,1,5,4,288,4106
7,4,5,4,288,4106
6,2,5,4,288,4106
6,5,5,4,288,4106
5,3,5,4,288,4106
5,6,5,4,288,4106
4,4,5,4,288,4106
4,7,5,4,288,4106
3,5,5,4,288,4106
3,8,5,4,288,4106
8,2,5,4,288,4106
9,3,5,4,288,4106
9,4,5,4,288,4106
8,5,5,4,288,4106
7,3,5,4,288,4106
7,6,5,4,288,4106
6,4,5,4,288,4106
6,7,5,4,288,4106
5,5,5,4,288,4106
5,8,5,4,288,4106
4,6,5,4,288,4106
4,9,5,4,288,4106
8,4,5,4,288,4106
9,5,5,4,288,4106
9,6,5,4,288,4106
8,7,5,4,288,4106
7,5,5,4,288,4106
7,8,5,4,288,4106
6,6,5,4,288,4106
6,9,5,4,288,4106
5,7,5,4,288,4106
5,9,5,4,288,4106
0,3,8,7,289,3381
1,3,8,7,289,3381
0,2,8,7,289,3381
0,4,8,7,289,3381
2,3,8,7,289,3381
1,2,8,7,289,3381
1,4,8,7,289,3381
0,1,8,7,289,3381
0,5,8,7,289,3381
4,3,8,7,289,3381
3,2,8,7,289,3381
3,4,8,7,289,3381
2,1,8,7,289,3381
2,5,8,7,289,3381
1,0,8,7,289,3381
1,6,8,7,289,3381
6,3,8,7,289,3381
5,2,8,7,289,3381
5,4,8,7,289,3381
4,1,8,7,289,3381
4,5,8,7,289,3381
3,0,8,7,289,3381
3,6,8,7,289,3381
2,0,8,7,289,3381
2,7,8,7,289,3381
8,3,8,7,289,3381
7,2,8,7,289,3381
7,4,8,7,289,3381
6,1,8,7,289,3381
6,5,8,7,289,3381
5,0,8,7,289,3381
5,6,8,7,289,3381
4,0,8,7,289,3381
4,7,8,7,289,3381
3,1,8,7,289,3381
3,8,8,7,289,3381
9,3,8,7,289,3381
9,2,8,7,289,3381
9,4,8,7,289,3381
8,1,8,7,289,3381
8,5,8,7,289,3381
7,0,8,7,289,3381
7,6,8,7,289,3381
6,0,8,7,289,3381
6,7,8,7,289,3381
5,1,8,7,289,3381
5,8,8,7,289,3381
4,2,8,7,289,3381
4,9,8,7,289,3381
7,3,8,7,289,3381
8,2,8,7,289,3381
8,4,8,7,289,3381
9,1,8,7,289,3381
9,5,8,7,289,3381
9,0,8,7,289,3381
9,6,8,7,289,3381
8,0,8,7,289,3381
8,7,8,7,289,3381
7,1,8,7,289,3381
7,8,8,7,289,3381
6,2,8,7,289,3381
6,9,8,7,289,3381
5,3,8,7,289,3381
5,9,8,7,289,3381
0,4,8,7,290,2992
1,4,8,7,290,2992
0,3,8,7,290,2992
0,5,8,7,290,2992
3,4,8,7,290,2992
2,3,8,7,290,2992
2,5,8,7,290,2992
1,2,8,7,290,2992
1,6,8,7,290,2992
5,4,8,7,290,2992
4,3,8,7,290,2992
4,5,8,7,290,2992
3,2,8,7,290,2992
3,6,8,7,290,2992
2,1,8,7,290,2992
2,7,8,7,290,2992
7,4,8,7,290,2992
6,3,8,7,290,2992
6,5,8,7,290,2992
5,2,8,7,290,2992
5,6,8,7,290,2992
4,1,8,7,290,2992
4,7,8,7,290,2992
3,0,8,7,290,2992
3,8,8,7,290,2992
9,4,8,7,290,2992
8,3,8,7,290,2992
8,5,8,7,290,2992
7,2,8,7,290,2992
7,6,8,7,290,2992
6,1,8,7,290,2992
6,7,8,7,290,2992
5,0,8,7,290,2992
5,8,8,7,290,2992
4,0,8,7,290,2992
4,9,8,7,290,2992
8,4,8,7,290,2992
9,3,8,7,290,2992
9,5,8,7,290,2992
9,2,8,7,290,2992
9,6,8,7,290,2992
8,1,8,7,290,2992
8,7,8,7,290,2992
7,0,8,7,290,2992
7,8,8,7,290,2992
6,0,8,7,290,2992
6,9,8,7,290,2992
5,1,8,7,290,2992
5,9,8,7,290,2992
0,5,8,7,291,2574
2,5,8,7,291,2574
1,4,8,7,291,2574
1,6,8,7,291,2574
4,5,8,7,291,2574
3,4,8,7,291,2574
3,6,8,7,291,2574
2,3,8,7,291,2574
2,7,8,7,291,2574
6,5,8,7,291,2574
5,4,8,7,291,2574
5,6,8,7,291,2574
4,3,8,7,291,2574
4,7,8,7,291,2574
3,2,8,7,291,2574
3,8,8,7,291,2574
8,5,8,7,291,2574
7,4,8,7,291,2574
7,6,8,7,291,2574
6,3,8,7,291,2574
6,7,8,7,291,2574
5,2,8,7,291,2574
5,8,8,7,291,2574
4,1,8,7,291,2574
4,9,8,7,291,2574
9,5,8,7,291,2574
9,4,8,7,291,2574
9,6,8,7,291,2574
8,3,8,7,291,2574
8,7,8,7,291,2574
7,2,8,7,291,2574
7,8,8,7,291,2574
6,1,8,7,291,2574
6,9,8,7,291,2574
5,0,8,7,291,2574
5,9,8,7,291,2574
0,1,5,4,292,4432
1,1,5,4,292,4432
0,0,5,4,292,4432
0,2,5,4,292,4432
2,1,5,4,292,4432
1,0,5,4,292,4432
1,2,5,4,292,4432
0,3,5,4,292,4432
3,1,5,4,292,4432
2,0,5,4,292,4432
2,2,5,4,292,4432
1,3,5,4,292,4432
0,4,5,4,292,4432
4,1,5,4,292,4432
3,0,5,4,292,4432
3,2,5,4,292,4432
2,3,5,4,292,4432
1,4,5,4,292,4432
0,5,5,4,292,4432
5,1,5,4,292,4432
4,0,5,4,292,4432
4,2,5,4,292,4432
3,3,5,4,292,4432
2,4,5,4,292,4432
1,5,5,4,292,4432
0,6,5,4,292,4432
6,1,5,4,292,4432
5,0,5,4,292,4432
5,2,5,4,292,4432
4,3,5,4,292,4432
3,4,5,4,292,4432
2,5,5,4,292,4432
1,6,5,4,292,4432
0,7,5,4,292,4432
8,1,5,4,292,4432
7,0,5,4,292,4432
7,2,5,4,292,4432
6,0,5,4,292,4432
6,3,5,4,292,4432
5,4,5,4,292,4432
4,5,5,4,292,4432
3,6,5,4,292,4432
2,7,5,4,292,4432
1,8,5,4,292,4432
9,1,5,4,292,4432
9,0,5,4,292,4432
9,2,5,4,292,4432
8,0,5,4,292,4432
8,3,5,4,292,4432
7,1,5,4,292,4432
7,4,5,4,292,4432
6,2,5,4,292,4432
6,5,5,4,292,4432
5,3,5,4,292,4432
5,6,5,4,292,4432
4,4,5,4,292,4432
4,7,5,4,292,4432
3,5,5,4,292,4432
3,8,5,4,292,4432
2,6,5,4,292,4432
2,9,5,4,292,4432
8,2,5,4,292,4432
9,3,5,4,292,4432
9,4,5,4,292,4432
8,5,5,4,292,4432
7,3,5,4,292,4432
7,6,5,4,292,4432
6,4,5,4,292,4432
6,7,5,4,292,4432
5,5,5,4,292,4432
5,8,5,4,292,4432
4,6,5,4,292,4432
4,9,5,4,292,4432
3,7,5,4,292,4432
3,9,5,4,292,4432
8,4,5,4,292,4432
9,5,5,4,292,4432
9,6,5,4,292,4432
8,7,5,4,292,4432
7,5,5,4,292,4432
7,8,5,4,292,4432
6,6,5,4,292,4432
6,9,5,4,292,4432
5,7,5,4,292,4432
5,9,5,4,292,4432
4,8,5,4,292,4432
0,3,8,7,293,3746
1,3,8,7,293,3746
0,2,8,7,293,3746
0,4,8,7,293,3746
2,3,8,7,293,3746
1,2,8,7,293,3746
1,4,8,7,293,3746
0,1,8,7,293,3746
0,5,8,7,293,3746
3,3,8,7,293,3746
2,2,8,7,293,3746
2,4,8,7,293,3746
1,1,8,7,293,3746
1,5,8,7,293,3746
0,0,8,7,293,3746
0,6,8,7,293,3746
4,3,8,7,293,3746
3,2,8,7,293,3746
3,4,8,7,293,3746
2,1,8,7,293,3746
2,5,8,7,293,3746
1,0,8,7,293,3746
1,6,8,7,293,3746
0,7,8,7,293,3746
6,3,8,7,293,3746
5,2,8,7,293,3746
5,4,8,7,293,3746
4,1,8,7,293,3746
4,5,8,7,293,3746
3,0,8,7,293,3746
3,6,8,7,293,3746
2,0,8,7,293,3746
2,7,8,7,293,3746
1,8,8,7,293,3746
8,3,8,7,293,3746
7,2,8,7,293,3746
7,4,8,7,293,3746
6,1,8,7,293,3746
6,5,8,7,293,3746
5,0,8,7,293,3746
5,6,8,7,293,3746
4,0,8,7,293,3746
4,7,8,7,293,3746
3,1,8,7,293,3746
3,8,8,7,293,3746
2,9,8,7,293,3746
9,3,8,7,293,3746
9,2,8,7,293,3746
9,4,8,7,293,3746
8,1,8,7,293,3746
8,5,8,7,293,3746
7,0,8,7,293,3746
7,6,8,7,293,3746
6,0,8,7,293,3746
6,7,8,7,293,3746
5,1,8,7,293,3746
5,8,8,7,293,3746
4,2,8,7,293,3746
4,9,8,7,293,3746
3,9,8,7,293,3746
7,3,8,7,293,3746
8,2,8,7,293,3746
8,4,8,7,293,3746
9,1,8,7,293,3746
9,5,8,7,293,3746
9,0,8,7,293,3746
9,6,8,7,293,3746
8,0,8,7,293,3746
8,7,8,7,293,3746
7,1,8,7,293,3746
7,8,8,7,293,3746
6,2,8,7,293,3746
6,9,8,7,293,3746
5,3,8,7,293,3746
5,9,8,7,293,3746
4,4,8,7,293,3746
4,8,8,7,293,3746
0,4,8,7,294,3381
1,4,8,7,294,3381
0,3,8,7,294,3381
0,5,8,7,294,3381
2,4,8,7,294,3381
1,3,8,7,294,3381
1,5,8,7,294,3381
0,2,8,7,294,3381
0,6,8,7,294,3381
3,4,8,7,294,3381
2,3,8,7,294,3381
2,5,8,7,294,3381
1,2,8,7,294,3381
1,6,8,7,294,3381
0,1,8,7,294,3381
0,7,8,7,294,3381
5,4,8,7,294,3381
4,3,8,7,294,3381
4,5,8,7,294,3381
3,2,8,7,294,3381
3,6,8,7,294,3381
2,1,8,7,294,3381
2,7,8,7,294,3381
1,0,8,7,294,3381
1,8,8,7,294,3381
7,4,8,7,294,3381
6,3,8,7,294,3381
6,5,8,7,294,3381
5,2,8,7,294,3381
5,6,8,7,294,3381
4,1,8,7,294,3381
4,7,8,7,294,3381
3,0,8,7,294,3381
3,8,8,7,294,3381
2,0,8,7,294,3381
2,9,8,7,294,3381
9,4,8,7,294,3381
8,3,8,7,294,3381
8,5,8,7,294,3381
7,2,8,7,294,3381
7,6,8,7,294,3381
6,1,8,7,294,3381
6,7,8,7,294,3381
5,0,8,7,294,3381
5,8,8,7,294,3381
4,0,8,7,294,3381
4,9,8,7,294,3381
3,1,8,7,294,3381
3,9,8,7,294,3381
8,4,8,7,294,3381
9,3,8,7,294,3381
9,5,8,7,294,3381
9,2,8,7,294,3381
9,6,8,7,294,3381
8,1,8,7,294,3381
8,7,8,7,294,3381
7,0,8,7,294,3381
7,8,8,7,294,3381
6,0,8,7,294,3381
6,9,8,7,294,3381
5,1,8,7,294,3381
5,9,8,7,294,3381
4,2,8,7,294,3381
4,8,8,7,294,3381
0,6,8,7,295,2571
1,6,8,7,295,2571
0,5,8,7,295,2571
0,7,8,7,295,2571
3,6,8,7,295,2571
2,5,8,7,295,2571
2,7,8,7,295,2571
1,4,8,7,295,2571
1,8,8,7,295,2571
5,6,8,7,295,2571
4,5,8,7,295,2571
4,7,8,7,295,2571
3,4,8,7,295,2571
3,8,8,7,295,2571
2,3,8,7,295,2571
2,9,8,7,295,2571
7,6,8,7,295,2571
6,5,8,7,295,2571
6,7,8,7,295,2571
5,4,8,7,295,2571
5,8,8,7,295,2571
4,3,8,7,295,2571
4,9,8,7,295,2571
3,2,8,7,295,2571
3,9,8,7,295,2571
9,6,8,7,295,2571
8,5,8,7,295,2571
8,7,8,7,295,2571
7,4,8,7,295,2571
7,8,8,7,295,2571
6,3,8,7,295,2571
6,9,8,7,295,2571
5,2,8,7,295,2571
5,9,8,7,295,2571
4,1,8,7,295,2571
4,8,8,7,295,2571
0,2,8,7,296,4405
1,2,8,7,296,4405
0,1,8,7,296,4405
0,3,8,7,296,4405
2,2,8,7,296,4405
1,1,8,7,296,4405
1,3,8,7,296,4405
0,0,8,7,296,4405
0,4,8,7,296,4405
3,2,8,7,296,4405
2,1,8,7,296,4405
2,3,8,7,296,4405
1,0,8,7,296,4405
1,4,8,7,296,4405
0,5,8,7,296,4405
4,2,8,7,296,4405
3,1,8,7,296,4405
3,3,8,7,296,4405
2,0,8,7,296,4405
2,4,8,7,296,4405
1,5,8,7,296,4405
0,6,8,7,296,4405
5,2,8,7,296,4405
4,1,8,7,296,4405
4,3,8,7,296,4405
3,0,8,7,296,4405
3,4,8,7,296,4405
2,5,8,7,296,4405
1,6,8,7,296,4405
0,7,8,7,296,4405
6,2,8,7,296,4405
5,1,8,7,296,4405
5,3,8,7,296,4405
4,0,8,7,296,4405
4,4,8,7,296,4405
3,5,8,7,296,4405
2,6,8,7,296,4405
1,7,8,7,296,4405
0,8,8,7,296,4405
7,2,8,7,296,4405
6,1,8,7,296,4405
6,3,8,7,296,4405
5,0,8,7,296,4405
5,4,8,7,296,4405
4,5,8,7,296,4405
3,6,8,7,296,4405
2,7,8,7,296,4405
1,8,8,7,296,4405
0,9,8,7,296,4405
9,2,8,7,296,4405
8,1,8,7,296,4405
8,3,8,7,296,4405
7,0,8,7,296,4405
7,4,8,7,296,4405
6,0,8,7,296,4405
6,5,8,7,296,4405
5,6,8,7,296,4405
4,7,8,7,296,4405
3,8,8,7,296,4405
2,9,8,7,296,4405
1,9,8,7,296,4405
8,2,8,7,296,4405
9,1,8,7,296,4405
9,3,8,7,296,4405
9,0,8,7,296,4405
9,4,8,7,296,4405
8,0,8,7,296,4405
8,5,8,7,296,4405
7,1,8,7,296,4405
7,6,8,7,296,4405
6,7,8,7,296,4405
5,8,8,7,296,4405
4,9,8,7,296,4405
3,9,8,7,296,4405
2,8,8,7,296,4405
7,3,8,7,296,4405
8,4,8,7,296,4405
9,5,8,7,296,4405
9,6,8,7,296,4405
8,7,8,7,296,4405
7,8,8,7,296,4405
6,4,8,7,296,4405
6,9,8,7,296,4405
5,5,8,7,296,4405
5,9,8,7,296,4405
4,6,8,7,296,4405
4,8,8,7,296,4405
3,7,8,7,296,4405
0,3,8,7,297,4086
1,3,8,7,297,4086
0,2,8,7,297,4086
0,4,8,7,297,4086
2,3,8,7,297,4086
1,2,8,7,297,4086
1,4,8,7,297,4086
0,1,8,7,297,4086
0,5,8,7,297,4086
3,3,8,7,297,4086
2,2,8,7,297,4086
2,4,8,7,297,4086
1,1,8,7,297,4086
1,5,8,7,297,4086
0,0,8,7,297,4086
0,6,8,7,297,4086
4,3,8,7,297,4086
3,2,8,7,297,4086
3,4,8,7,297,4086
2,1,8,7,297,4086
2,5,8,7,297,4086
1,0,8,7,297,4086
1,6,8,7,297,4086
0,7,8,7,297,4086
5,3,8,7,297,4086
4,2,8,7,297,4086
4,4,8,7,297,4086
3,1,8,7,297,4086
3,5,8,7,297,4086
2,0,8,7,297,4086
2,6,8,7,297,4086
1,7,8,7,297,4086
0,8,8,7,297,4086
6,3,8,7,297,4086
5,2,8,7,297,4086
5,4,8,7,297,4086
4,1,8,7,297,4086
4,5,8,7,297,4086
3,0,8,7,297,4086
3,6,8,7,297,4086
2,7,8,7,297,4086
1,8,8,7,297,4086
0,9,8,7,297,4086
8,3,8,7,297,4086
7,2,8,7,297,4086
7,4,8,7,297,4086
6,1,8,7,297,4086
6,5,8,7,297,4086
5,0,8,7,297,4086
5,6,8,7,297,4086
4,0,8,7,297,4086
4,7,8,7,297,4086
3,8,8,7,297,4086
2,9,8,7,297,4086
1,9,8,7,297,4086
9,3,8,7,297,4086
9,2,8,7,297,4086
9,4,8,7,297,4086
8,1,8,7,297,4086
8,5,8,7,297,4086
7,0,8,7,297,4086
7,6,8,7,297,4086
6,0,8,7,297,4086
6,7,8,7,297,4086
5,1,8,7,297,4086
5,8,8,7,297,4086
4,9,8,7,297,4086
3,9,8,7,297,4086
2,8,8,7,297,4086
7,3,8,7,297,4086
8,2,8,7,297,4086
8,4,8,7,297,4086
9,1,8,7,297,4086
9,5,8,7,297,4086
9,0,8,7,297,4086
9,6,8,7,297,4086
8,0,8,7,297,4086
8,7,8,7,297,4086
7,1,8,7,297,4086
7,8,8,7,297,4086
6,2,8,7,297,4086
6,9,8,7,297,4086
5,9,8,7,297,4086
4,8,8,7,297,4086
3,7,8,7,297,4086
0,4,8,7,298,3745
1,4,8,7,298,3745
0,3,8,7,298,3745
0,5,8,7,298,3745
2,4,8,7,298,3745
1,3,8,7,298,3745
1,5,8,7,298,3745
0,2,8,7,298,3745
0,6,8,7,298,3745
3,4,8,7,298,3745
2,3,8,7,298,3745
2,5,8,7,298,3745
1,2,8,7,298,3745
1,6,8,7,298,3745
0,1,8,7,298,3745
0,7,8,7,298,3745
4,4,8,7,298,3745
3,3,8,7,298,3745
3,5,8,7,298,3745
2,2,8,7,298,3745
2,6,8,7,298,3745
1,1,8,7,298,3745
1,7,8,7,298,3745
0,0,8,7,298,3745
0,8,8,7,298,3745
5,4,8,7,298,3745
4,3,8,7,298,3745
4,5,8,7,298,3745
3,2,8,7,298,3745
3,6,8,7,298,3745
2,1,8,7,298,3745
2,7,8,7,298,3745
1,0,8,7,298,3745
1,8,8,7,298,3745
0,9,8,7,298,3745
7,4,8,7,298,3745
6,3,8,7,298,3745
6,5,8,7,298,3745
5,2,8,7,298,3745
5,6,8,7,298,3745
4,1,8,7,298,3745
4,7,8,7,298,3745
3,0,8,7,298,3745
3,8,8,7,298,3745
2,0,8,7,298,3745
2,9,8,7,298,3745
1,9,8,7,298,3745
9,4,8,7,298,3745
8,3,8,7,298,3745
8,5,8,7,298,3745
7,2,8,7,298,3745
7,6,8,7,298,3745
6,1,8,7,298,3745
6,7,8,7,298,3745
5,0,8,7,298,3745
5,8,8,7,298,3745
4,0,8,7,298,3745
4,9,8,7,298,3745
3,1,8,7,298,3745
3,9,8,7,298,3745
2,8,8,7,298,3745
8,4,8,7,298,3745
9,3,8,7,298,3745
9,5,8,7,298,3745
9,2,8,7,298,3745
9,6,8,7,298,3745
8,1,8,7,298,3745
8,7,8,7,298,3745
7,0,8,7,298,3745
7,8,8,7,298,3745
6,0,8,7,298,3745
6,9,8,7,298,3745
5,1,8,7,298,3745
5,9,8,7,298,3745
4,2,8,7,298,3745
4,8,8,7,298,3745
3,7,8,7,298,3745
0,5,8,7,299,3379
1,5,8,7,299,3379
0,4,8,7,299,3379
0,6,8,7,299,3379
2,5,8,7,299,3379
1,4,8,7,299,3379
1,6,8,7,299,3379
0,3,8,7,299,3379
0,7,8,7,299,3379
3,5,8,7,299,3379
2,4,8,7,299,3379
2,6,8,7,299,3379
1,3,8,7,299,3379
1,7,8,7,299,3379
0,2,8,7,299,3379
0,8,8,7,299,3379
4,5,8,7,299,3379
3,4,8,7,299,3379
3,6,8,7,299,3379
2,3,8,7,299,3379
2,7,8,7,299,3379
1,2,8,7,299,3379
1,8,8,7,299,3379
0,1,8,7,299,3379
0,9,8,7,299,3379
6,5,8,7,299,3379
5,4,8,7,299,3379
5,6,8,7,299,3379
4,3,8,7,299,3379
4,7,8,7,299,3379
3,2,8,7,299,3379
3,8,8,7,299,3379
2,1,8,7,299,3379
2,9,8,7,299,3379
1,0,8,7,299,3379
1,9,8,7,299,3379
8,5,8,7,299,3379
7,4,8,7,299,3379
7,6,8,7,299,3379
6,3,8,7,299,3379
6,7,8,7,299,3379
5,2,8,7,299,3379
5,8,8,7,299,3379
4,1,8,7,299,3379
4,9,8,7,299,3379
3,0,8,7,299,3379
3,9,8,7,299,3379
2,0,8,7,299,3379
2,8,8,7,299,3379
9,5,8,7,299,3379
9,4,8,7,299,3379
9,6,8,7,299,3379
8,3,8,7,299,3379
8,7,8,7,299,3379
7,2,8,7,299,3379
7,8,8,7,299,3379
6,1,8,7,299,3379
6,9,8,7,299,3379
5,0,8,7,299,3379
5,9,8,7,299,3379
4,0,8,7,299,3379
4,8,8,7,299,3379
3,1,8,7,299,3379
3,7,8,7,299,3379
0,6,8,7,300,2986
1,6,8,7,300,2986
0,5,8,7,300,2986
0,7,8,7,300,2986
2,6,8,7,300,2986
1,5,8,7,300,2986
1,7,8,7,300,2986
0,4,8,7,300,2986
0,8,8,7,300,2986
3,6,8,7,300,2986
2,5,8,7,300,2986
2,7,8,7,300,2986
1,4,8,7,300,2986
1,8,8,7,300,2986
0,3,8,7,300,2986
0,9,8,7,300,2986
5,6,8,7,300,2986
4,5,8,7,300,2986
4,7,8,7,300,2986
3,4,8,7,300,2986
3,8,8,7,300,2986
2,3,8,7,300,2986
2,9,8,7,300,2986
1,2,8,7,300,2986
1,9,8,7,300,2986
7,6,8,7,300,2986
6,5,8,7,300,2986
6,7,8,7,300,2986
5,4,8,7,300,2986
5,8,8,7,300,2986
4,3,8,7,300,2986
4,9,8,7,300,2986
3,2,8,7,300,2986
3,9,8,7,300,2986
2,1,8,7,300,2986
2,8,8,7,300,2986
9,6,8,7,300,2986
8,5,8,7,300,2986
8,7,8,7,300,2986
7,4,8,7,300,2986
7,8,8,7,300,2986
6,3,8,7,300,2986
6,9,8,7,300,2986
5,2,8,7,300,2986
5,9,8,7,300,2986
4,1,8,7,300,2986
4,8,8,7,300,2986
3,0,8,7,300,2986
3,7,8,7,300,2986
0,7,8,7,301,2565
1,7,8,7,301,2565
0,6,8,7,301,2565
0,8,8,7,301,2565
2,7,8,7,301,2565
1,6,8,7,301,2565
1,8,8,7,301,2565
0,5,8,7,301,2565
0,9,8,7,301,2565
4,7,8,7,301,2565
3,6,8,7,301,2565
3,8,8,7,301,2565
2,5,8,7,301,2565
2,9,8,7,301,2565
1,4,8,7,301,2565
1,9,8,7,301,2565
6,7,8,7,301,2565
5,6,8,7,301,2565
5,8,8,7,301,2565
4,5,8,7,301,2565
4,9,8,7,301,2565
3,4,8,7,301,2565
3,9,8,7,301,2565
2,3,8,7,301,2565
2,8,8,7,301,2565
8,7,8,7,301,2565
7,6,8,7,301,2565
7,8,8,7,301,2565
6,5,8,7,301,2565
6,9,8,7,301,2565
5,4,8,7,301,2565
5,9,8,7,301,2565
4,3,8,7,301,2565
4,8,8,7,301,2565
3,2,8,7,301,2565
3,7,8,7,301,2565
0,6,8,7,302,3373
1,6,8,7,302,3373
0,5,8,7,302,3373
0,7,8,7,302,3373
2,6,8,7,302,3373
1,5,8,7,302,3373
1,7,8,7,302,3373
0,4,8,7,302,3373
0,8,8,7,302,3373
3,6,8,7,302,3373
2,5,8,7,302,3373
2,7,8,7,302,3373
1,4,8,7,302,3373
1,8,8,7,302,3373
0,3,8,7,302,3373
0,9,8,7,302,3373
4,6,8,7,302,3373
3,5,8,7,302,3373
3,7,8,7,302,3373
2,4,8,7,302,3373
2,8,8,7,302,3373
1,3,8,7,302,3373
1,9,8,7,302,3373
0,2,8,7,302,3373
5,6,8,7,302,3373
4,5,8,7,302,3373
4,7,8,7,302,3373
3,4,8,7,302,3373
3,8,8,7,302,3373
2,3,8,7,302,3373
2,9,8,7,302,3373
1,2,8,7,302,3373
0,1,8,7,302,3373
7,6,8,7,302,3373
6,5,8,7,302,3373
6,7,8,7,302,3373
5,4,8,7,302,3373
5,8,8,7,302,3373
4,3,8,7,302,3373
4,9,8,7,302,3373
3,2,8,7,302,3373
3,9,8,7,302,3373
2,1,8,7,302,3373
1,0,8,7,302,3373
9,6,8,7,302,3373
8,5,8,7,302,3373
8,7,8,7,302,3373
7,4,8,7,302,3373
7,8,8,7,302,3373
6,3,8,7,302,3373
6,9,8,7,302,3373
5,2,8,7,302,3373
5,9,8,7,302,3373
4,1,8,7,302,3373
4,8,8,7,302,3373
3,0,8,7,302,3373
2,0,8,7,302,3373
0,7,8,7,303,2979
1,7,8,7,303,2979
0,6,8,7,303,2979
0,8,8,7,303,2979
2,7,8,7,303,2979
1,6,8,7,303,2979
1,8,8,7,303,2979
0,5,8,7,303,2979
0,9,8,7,303,2979
3,7,8,7,303,2979
2,6,8,7,303,2979
2,8,8,7,303,2979
1,5,8,7,303,2979
1,9,8,7,303,2979
0,4,8,7,303,2979
4,7,8,7,303,2979
3,6,8,7,303,2979
3,8,8,7,303,2979
2,5,8,7,303,2979
2,9,8,7,303,2979
1,4,8,7,303,2979
0,3,8,7,303,2979
6,7,8,7,303,2979
5,6,8,7,303,2979
5,8,8,7,303,2979
4,5,8,7,303,2979
4,9,8,7,303,2979
3,4,8,7,303,2979
3,9,8,7,303,2979
2,3,8,7,303,2979
1,2,8,7,303,2979
8,7,8,7,303,2979
7,6,8,7,303,2979
7,8,8,7,303,2979
6,5,8,7,303,2979
6,9,8,7,303,2979
5,4,8,7,303,2979
5,9,8,7,303,2979
4,3,8,7,303,2979
4,8,8,7,303,2979
3,2,8,7,303,2979
2,1,8,7,303,2979
0,5,8,7,304,4079
1,5,8,7,304,4079
0,4,8,7,304,4079
0,6,8,7,304,4079
2,5,8,7,304,4079
1,4,8,7,304,4079
1,6,8,7,304,4079
0,3,8,7,304,4079
0,7,8,7,304,4079
3,5,8,7,304,4079
2,4,8,7,304,4079
2,6,8,7,304,4079
1,3,8,7,304,4079
1,7,8,7,304,4079
0,2,8,7,304,4079
0,8,8,7,304,4079
4,5,8,7,304,4079
3,4,8,7,304,4079
3,6,8,7,304,4079
2,3,8,7,304,4079
2,7,8,7,304,4079
1,2,8,7,304,4079
1,8,8,7,304,4079
0,1,8,7,304,4079
0,9,8,7,304,4079
5,5,8,7,304,4079
4,4,8,7,304,4079
4,6,8,7,304,4079
3,3,8,7,304,4079
3,7,8,7,304,4079
2,2,8,7,304,4079
2,8,8,7,304,4079
1,1,8,7,304,4079
1,9,8,7,304,4079
0,0,8,7,304,4079
6,5,8,7,304,4079
5,4,8,7,304,4079
5,6,8,7,304,4079
4,3,8,7,304,4079
4,7,8,7,304,4079
3,2,8,7,304,4079
3,8,8,7,304,4079
2,1,8,7,304,4079
2,9,8,7,304,4079
1,0,8,7,304,4079
7,5,8,7,304,4079
6,4,8,7,304,4079
6,6,8,7,304,4079
5,3,8,7,304,4079
5,7,8,7,304,4079
4,2,8,7,304,4079
4,8,8,7,304,4079
3,1,8,7,304,4079
3,9,8,7,304,4079
2,0,8,7,304,4079
8,5,8,7,304,4079
7,4,8,7,304,4079
7,6,8,7,304,4079
6,3,8,7,304,4079
6,7,8,7,304,4079
5,2,8,7,304,4079
5,8,8,7,304,4079
4,1,8,7,304,4079
4,9,8,7,304,4079
3,0,8,7,304,4079
9,5,8,7,304,4079
9,4,8,7,304,4079
9,6,8,7,304,4079
8,3,8,7,304,4079
8,7,8,7,304,4079
7,2,8,7,304,4079
7,8,8,7,304,4079
6,1,8,7,304,4079
6,9,8,7,304,4079
5,0,8,7,304,4079
5,9,8,7,304,4079
4,0,8,7,304,4079
0,6,8,7,305,3734
1,6,8,7,305,3734
0,5,8,7,305,3734
0,7,8,7,305,3734
2,6,8,7,305,3734
1,5,8,7,305,3734
1,7,8,7,305,3734
0,4,8,7,305,3734
0,8,8,7,305,3734
3,6,8,7,305,3734
2,5,8,7,305,3734
2,7,8,7,305,3734
1,4,8,7,305,3734
1,8,8,7,305,3734
0,3,8,7,305,3734
0,9,8,7,305,3734
4,6,8,7,305,3734
3,5,8,7,305,3734
3,7,8,7,305,3734
2,4,8,7,305,3734
2,8,8,7,305,3734
1,3,8,7,305,3734
1,9,8,7,305,3734
0,2,8,7,305,3734
5,6,8,7,305,3734
4,5,8,7,305,3734
4,7,8,7,305,3734
3,4,8,7,305,3734
3,8,8,7,305,3734
2,3,8,7,305,3734
2,9,8,7,305,3734
1,2,8,7,305,3734
0,1,8,7,305,3734
6,6,8,7,305,3734
5,5,8,7,305,3734
5,7,8,7,305,3734
4,4,8,7,305,3734
4,8,8,7,305,3734
3,3,8,7,305,3734
3,9,8,7,305,3734
2,2,8,7,305,3734
1,1,8,7,305,3734
0,0,8,7,305,3734
7,6,8,7,305,3734
6,5,8,7,305,3734
6,7,8,7,305,3734
5,4,8,7,305,3734
5,8,8,7,305,3734
4,3,8,7,305,3734
4,9,8,7,305,3734
3,2,8,7,305,3734
2,1,8,7,305,3734
1,0,8,7,305,3734
9,6,8,7,305,3734
8,5,8,7,305,3734
8,7,8,7,305,3734
7,4,8,7,305,3734
7,8,8,7,305,3734
6,3,8,7,305,3734
6,9,8,7,305,3734
5,2,8,7,305,3734
5,9,8,7,305,3734
4,1,8,7,305,3734
3,0,8,7,305,3734
2,0,8,7,305,3734
0,8,3,6,306,3003
1,8,3,6,306,3003
0,7,3,6,306,3003
0,9,3,6,306,3003
2,8,3,6,306,3003
1,7,3,6,306,3003
1,9,3,6,306,3003
0,6,3,6,306,3003
3,8,3,6,306,3003
2,7,3,6,306,3003
2,9,3,6,306,3003
1,6,3,6,306,3003
0,5,3,6,306,3003
4,8,3,6,306,3003
3,7,3,6,306,3003
3,9,3,6,306,3003
2,6,3,6,306,3003
1,5,3,6,306,3003
0,4,3,6,306,3003
5,8,3,6,306,3003
4,7,3,6,306,3003
4,9,3,6,306,3003
3,6,3,6,306,3003
2,5,3,6,306,3003
1,4,3,6,306,3003
0,3,3,6,306,3003
7,8,3,6,306,3003
6,7,3,6,306,3003
6,9,3,6,306,3003
5,6,3,6,306,3003
5,9,3,6,306,3003
4,5,3,6,306,3003
3,4,3,6,306,3003
2,3,3,6,306,3003
1,2,3,6,306,3003
0,9,1,6,307,2578
1,9,1,6,307,2578
0,8,1,6,307,2578
2,9,1,6,307,2578
1,8,1,6,307,2578
0,7,1,6,307,2578
3,9,1,6,307,2578
2,8,1,6,307,2578
1,7,1,6,307,2578
0,6,1,6,307,2578
4,9,1,6,307,2578
3,8,1,6,307,2578
2,7,1,6,307,2578
1,6,1,6,307,2578
0,5,1,6,307,2578
6,9,1,6,307,2578
5,8,1,6,307,2578
5,9,1,6,307,2578
4,7,1,6,307,2578
4,8,1,6,307,2578
3,6,1,6,307,2578
3,7,1,6,307,2578
2,5,1,6,307,2578
2,6,1,6,307,2578
1,4,1,6,307,2578
1,5,1,6,307,2578
0,5,8,7,308,4415
1,5,8,7,308,4415
0,4,8,7,308,4415
0,6,8,7,308,4415
2,5,8,7,308,4415
1,4,8,7,308,4415
1,6,8,7,308,4415
0,3,8,7,308,4415
0,7,8,7,308,4415
3,5,8,7,308,4415
2,4,8,7,308,4415
2,6,8,7,308,4415
1,3,8,7,308,4415
1,7,8,7,308,4415
0,2,8,7,308,4415
0,8,8,7,308,4415
4,5,8,7,308,4415
3,4,8,7,308,4415
3,6,8,7,308,4415
2,3,8,7,308,4415
2,7,8,7,308,4415
1,2,8,7,308,4415
1,8,8,7,308,4415
0,1,8,7,308,4415
0,9,8,7,308,4415
5,5,8,7,308,4415
4,4,8,7,308,4415
4,6,8,7,308,4415
3,3,8,7,308,4415
3,7,8,7,308,4415
2,2,8,7,308,4415
2,8,8,7,308,4415
1,1,8,7,308,4415
1,9,8,7,308,4415
0,0,8,7,308,4415
6,5,8,7,308,4415
5,4,8,7,308,4415
5,6,8,7,308,4415
4,3,8,7,308,4415
4,7,8,7,308,4415
3,2,8,7,308,4415
3,8,8,7,308,4415
2,1,8,7,308,4415
2,9,8,7,308,4415
1,0,8,7,308,4415
7,5,8,7,308,4415
6,4,8,7,308,4415
6,6,8,7,308,4415
5,3,8,7,308,4415
5,7,8,7,308,4415
4,2,8,7,308,4415
4,8,8,7,308,4415
3,1,8,7,308,4415
3,9,8,7,308,4415
2,0,8,7,308,4415
8,5,8,7,308,4415
7,4,8,7,308,4415
7,6,8,7,308,4415
6,3,8,7,308,4415
6,7,8,7,308,4415
5,2,8,7,308,4415
5,8,8,7,308,4415
4,1,8,7,308,4415
4,9,8,7,308,4415
3,0,8,7,308,4415
9,5,8,7,308,4415
8,4,8,7,308,4415
8,6,8,7,308,4415
7,3,8,7,308,4415
7,7,8,7,308,4415
6,2,8,7,308,4415
6,8,8,7,308,4415
5,1,8,7,308,4415
5,9,8,7,308,4415
4,0,8,7,308,4415
9,4,8,7,308,4415
9,6,8,7,308,4415
8,3,8,7,308,4415
8,7,8,7,308,4415
7,2,8,7,308,4415
7,8,8,7,308,4415
6,1,8,7,308,4415
6,9,8,7,308,4415
5,0,8,7,308,4415
0,6,8,7,309,4081
1,6,8,7,309,4081
0,5,8,7,309,4081
0,7,8,7,309,4081
2,6,8,7,309,4081
1,5,8,7,309,4081
1,7,8,7,309,4081
0,4,8,7,309,4081
0,8,8,7,309,4081
3,6,8,7,309,4081
2,5,8,7,309,4081
2,7,8,7,309,4081
1,4,8,7,309,4081
1,8,8,7,309,4081
0,3,8,7,309,4081
0,9,8,7,309,4081
4,6,8,7,309,4081
3,5,8,7,309,4081
3,7,8,7,309,4081
2,4,8,7,309,4081
2,8,8,7,309,4081
1,3,8,7,309,4081
1,9,8,7,309,4081
0,2,8,7,309,4081
5,6,8,7,309,4081
4,5,8,7,309,4081
4,7,8,7,309,4081
3,4,8,7,309,4081
3,8,8,7,309,4081
2,3,8,7,309,4081
2,9,8,7,309,4081
1,2,8,7,309,4081
0,1,8,7,309,4081
6,6,8,7,309,4081
5,5,8,7,309,4081
5,7,8,7,309,4081
4,4,8,7,309,4081
4,8,8,7,309,4081
3,3,8,7,309,4081
3,9,8,7,309,4081
2,2,8,7,309,4081
1,1,8,7,309,4081
0,0,8,7,309,4081
7,6,8,7,309,4081
6,5,8,7,309,4081
6,7,8,7,309,4081
5,4,8,7,309,4081
5,8,8,7,309,4081
4,3,8,7,309,4081
4,9,8,7,309,4081
3,2,8,7,309,4081
2,1,8,7,309,4081
1,0,8,7,309,4081
8,6,8,7,309,4081
7,5,8,7,309,4081
7,7,8,7,309,4081
6,4,8,7,309,4081
6,8,8,7,309,4081
5,3,8,7,309,4081
5,9,8,7,309,4081
4,2,8,7,309,4081
3,1,8,7,309,4081
2,0,8,7,309,4081
9,6,8,7,309,4081
8,5,8,7,309,4081
8,7,8,7,309,4081
7,4,8,7,309,4081
7,8,8,7,309,4081
6,3,8,7,309,4081
6,9,8,7,309,4081
5,2,8,7,309,4081
4,1,8,7,309,4081
3,0,8,7,309,4081
0,7,6,7,310,3758
1,7,6,7,310,3758
0,6,6,7,310,3758
0,8,6,7,310,3758
2,7,6,7,310,3758
1,6,6,7,310,3758
1,8,6,7,310,3758
0,5,6,7,310,3758
0,9,6,7,310,3758
3,7,6,7,310,3758
2,6,6,7,310,3758
2,8,6,7,310,3758
1,5,6,7,310,3758
1,9,6,7,310,3758
0,4,6,7,310,3758
4,7,6,7,310,3758
3,6,6,7,310,3758
3,8,6,7,310,3758
2,5,6,7,310,3758
2,9,6,7,310,3758
1,4,6,7,310,3758
0,3,6,7,310,3758
5,7,6,7,310,3758
4,6,6,7,310,3758
4,8,6,7,310,3758
3,5,6,7,310,3758
3,9,6,7,310,3758
2,4,6,7,310,3758
1,3,6,7,310,3758
0,2,6,7,310,3758
6,7,6,7,310,3758
5,6,6,7,310,3758
5,8,6,7,310,3758
4,5,6,7,310,3758
4,9,6,7,310,3758
3,4,6,7,310,3758
2,3,6,7,310,3758
1,2,6,7,310,3758
0,1,6,7,310,3758
7,7,6,7,310,3758
6,6,6,7,310,3758
6,8,6,7,310,3758
5,5,6,7,310,3758
5,9,6,7,310,3758
4,4,6,7,310,3758
3,3,6,7,310,3758
2,2,6,7,310,3758
1,1,6,7,310,3758
0,0,6,7,310,3758
8,7,6,7,310,3758
7,6,6,7,310,3758
7,8,6,7,310,3758
6,5,6,7,310,3758
6,9,6,7,310,3758
5,4,6,7,310,3758
4,3,6,7,310,3758
3,2,6,7,310,3758
2,1,6,7,310,3758
1,0,6,7,310,3758
0,8,4,7,311,3401
1,8,4,7,311,3401
0,7,4,7,311,3401
0,9,4,7,311,3401
2,8,4,7,311,3401
1,7,4,7,311,3401
1,9,4,7,311,3401
0,6,4,7,311,3401
3,8,4,7,311,3401
2,7,4,7,311,3401
2,9,4,7,311,3401
1,6,4,7,311,3401
0,5,4,7,311,3401
4,8,4,7,311,3401
3,7,4,7,311,3401
3,9,4,7,311,3401
2,6,4,7,311,3401
1,5,4,7,311,3401
0,4,4,7,311,3401
5,8,4,7,311,3401
4,7,4,7,311,3401
4,9,4,7,311,3401
3,6,4,7,311,3401
2,5,4,7,311,3401
1,4,4,7,311,3401
0,3,4,7,311,3401
6,8,4,7,311,3401
5,7,4,7,311,3401
5,9,4,7,311,3401
4,6,4,7,311,3401
3,5,4,7,311,3401
2,4,4,7,311,3401
1,3,4,7,311,3401
0,2,4,7,311,3401
7,8,4,7,311,3401
6,7,4,7,311,3401
6,9,4,7,311,3401
5,6,4,7,311,3401
4,5,4,7,311,3401
3,4,4,7,311,3401
2,3,4,7,311,3401
1,2,4,7,311,3401
0,1,4,7,311,3401
5,2,6,3,312,2130
7,2,6,3,312,2130
6,1,6,3,312,2130
6,3,6,3,312,2130
9,2,6,3,312,2130
8,1,6,3,312,2130
8,3,6,3,312,2130
7,0,6,3,312,2130
7,4,6,3,312,2130
8,2,6,3,312,2130
9,1,6,3,312,2130
9,3,6,3,312,2130
9,0,6,3,312,2130
9,4,6,3,312,2130
8,0,6,3,312,2130
8,5,6,3,312,2130
6,2,6,3,312,2130
7,1,6,3,312,2130
7,3,6,3,312,2130
8,4,6,3,312,2130
9,5,6,3,312,2130
9,6,6,3,312,2130
6,3,6,3,313,1650
8,3,6,3,313,1650
7,2,6,3,313,1650
7,4,6,3,313,1650
9,3,6,3,313,1650
9,2,6,3,313,1650
9,4,6,3,313,1650
8,1,6,3,313,1650
8,5,6,3,313,1650
7,3,6,3,313,1650
8,2,6,3,313,1650
8,4,6,3,313,1650
9,1,6,3,313,1650
9,5,6,3,313,1650
9,0,6,3,313,1650
9,6,6,3,313,1650
4,3,5,4,314,2127
6,3,5,4,314,2127
5,2,5,4,314,2127
5,4,5,4,314,2127
8,3,5,4,314,2127
7,2,5,4,314,2127
7,4,5,4,314,2127
6,1,5,4,314,2127
6,5,5,4,314,2127
9,3,5,4,314,2127
9,2,5,4,314,2127
9,4,5,4,314,2127
8,1,5,4,314,2127
8,5,5,4,314,2127
7,0,5,4,314,2127
7,6,5,4,314,2127
7,3,5,4,314,2127
8,2,5,4,314,2127
8,4,5,4,314,2127
9,1,5,4,314,2127
9,5,5,4,314,2127
9,0,5,4,314,2127
9,6,5,4,314,2127
8,0,5,4,314,2127
8,7,5,4,314,2127
5,4,6,3,315,1650
7,4,6,3,315,1650
6,3,6,3,315,1650
6,5,6,3,315,1650
9,4,6,3,315,1650
8,3,6,3,315,1650
8,5,6,3,315,1650
7,2,6,3,315,1650
7,6,6,3,315,1650
8,4,6,3,315,1650
9,3,6,3,315,1650
9,5,6,3,315,1650
9,2,6,3,315,1650
9,6,6,3,315,1650
8,1,6,3,315,1650
8,7,6,3,315,1650
4,5,5,6,199,1650
6,5,5,6,199,1650
5,4,5,6,199,1650
5,6,5,6,199,1650
8,5,5,6,199,1650
7,4,5,6,199,1650
7,6,5,6,199,1650
6,3,5,6,199,1650
6,7,5,6,199,1650
9,5,5,6,199,1650
9,4,5,6,199,1650
9,6,5,6,199,1650
8,3,5,6,199,1650
8,7,5,6,199,1650
7,2,5,6,199,1650
7,8,5,6,199,1650
2,5,6,7,316,2128
4,5,6,7,316,2128
3,4,6,7,316,2128
3,6,6,7,316,2128
6,5,6,7,316,2128
5,4,6,7,316,2128
5,6,6,7,316,2128
4,3,6,7,316,2128
4,7,6,7,316,2128
8,5,6,7,316,2128
7,4,6,7,316,2128
7,6,6,7,316,2128
6,3,6,7,316,2128
6,7,6,7,316,2128
5,2,6,7,316,2128
5,8,6,7,316,2128
9,5,6,7,316,2128
9,4,6,7,316,2128
9,6,6,7,316,2128
8,3,6,7,316,2128
8,7,6,7,316,2128
7,2,6,7,316,2128
7,8,6,7,316,2128
6,1,6,7,316,2128
6,9,6,7,316,2128
3,6,8,7,171,1650
5,6,8,7,171,1650
4,5,8,7,171,1650
4,7,8,7,171,1650
7,6,8,7,171,1650
6,5,8,7,171,1650
6,7,8,7,171,1650
5,4,8,7,171,1650
5,8,8,7,171,1650
9,6,8,7,171,1650
8,5,8,7,171,1650
8,7,8,7,171,1650
7,4,8,7,171,1650
7,8,8,7,171,1650
6,3,8,7,171,1650
6,9,8,7,171,1650
1,6,8,7,251,2127
3,6,8,7,251,2127
2,5,8,7,251,2127
2,7,8,7,251,2127
5,6,8,7,251,2127
4,5,8,7,251,2127
4,7,8,7,251,2127
3,4,8,7,251,2127
3,8,8,7,251,2127
7,6,8,7,251,2127
6,5,8,7,251,2127
6,7,8,7,251,2127
5,4,8,7,251,2127
5,8,8,7,251,2127
4,3,8,7,251,2127
4,9,8,7,251,2127
9,6,8,7,251,2127
8,5,8,7,251,2127
8,7,8,7,251,2127
7,4,8,7,251,2127
7,8,8,7,251,2127
6,3,8,7,251,2127
6,9,8,7,251,2127
5,2,8,7,251,2127
5,9,8,7,251,2127
2,7,8,7,212,1646
4,7,8,7,212,1646
3,6,8,7,212,1646
3,8,8,7,212,1646
6,7,8,7,212,1646
5,6,8,7,212,1646
5,8,8,7,212,1646
4,5,8,7,212,1646
4,9,8,7,212,1646
8,7,8,7,212,1646
7,6,8,7,212,1646
7,8,8,7,212,1646
6,5,8,7,212,1646
6,9,8,7,212,1646
5,4,8,7,212,1646
5,9,8,7,212,1646
0,7,8,7,317,2122
2,7,8,7,317,2122
1,6,8,7,317,2122
1,8,8,7,317,2122
4,7,8,7,317,2122
3,6,8,7,317,2122
3,8,8,7,317,2122
2,5,8,7,317,2122
2,9,8,7,317,2122
6,7,8,7,317,2122
5,6,8,7,317,2122
5,8,8,7,317,2122
4,5,8,7,317,2122
4,9,8,7,317,2122
3,4,8,7,317,2122
3,9,8,7,317,2122
8,7,8,7,317,2122
7,6,8,7,317,2122
7,8,8,7,317,2122
6,5,8,7,317,2122
6,9,8,7,317,2122
5,4,8,7,317,2122
5,9,8,7,317,2122
4,3,8,7,317,2122
4,8,8,7,317,2122
1,8,6,7,273,1650
3,8,6,7,273,1650
2,7,6,7,273,1650
2,9,6,7,273,1650
5,8,6,7,273,1650
4,7,6,7,273,1650
4,9,6,7,273,1650
3,6,6,7,273,1650
3,9,6,7,273,1650
7,8,6,7,273,1650
6,7,6,7,273,1650
6,9,6,7,273,1650
5,6,6,7,273,1650
5,9,6,7,273,1650
4,5,6,7,273,1650
4,8,6,7,273,1650
0,8,6,7,318,2127
1,8,6,7,318,2127
0,7,6,7,318,2127
0,9,6,7,318,2127
3,8,6,7,318,2127
2,7,6,7,318,2127
2,9,6,7,318,2127
1,6,6,7,318,2127
1,9,6,7,318,2127
5,8,6,7,318,2127
4,7,6,7,318,2127
4,9,6,7,318,2127
3,6,6,7,318,2127
3,9,6,7,318,2127
2,5,6,7,318,2127
2,8,6,7,318,2127
7,8,6,7,318,2127
6,7,6,7,318,2127
6,9,6,7,318,2127
5,6,6,7,318,2127
5,9,6,7,318,2127
4,5,6,7,318,2127
4,8,6,7,318,2127
3,4,6,7,318,2127
3,7,6,7,318,2127
0,9,4,7,319,1651
2,9,4,7,319,1651
1,8,4,7,319,1651
1,9,4,7,319,1651
4,9,4,7,319,1651
3,8,4,7,319,1651
3,9,4,7,319,1651
2,7,4,7,319,1651
2,8,4,7,319,1651
6,9,4,7,319,1651
5,8,4,7,319,1651
5,9,4,7,319,1651
4,7,4,7,319,1651
4,8,4,7,319,1651
3,6,4,7,319,1651
3,7,4,7,319,1651
6,5,6,5,228,1136
8,5,6,5,228,1136
7,4,6,5,228,1136
7,6,6,5,228,1136
9,5,6,5,228,1136
9,4,6,5,228,1136
9,6,6,5,228,1136
8,3,6,5,228,1136
8,7,6,5,228,1136
4,7,8,7,133,1136
6,7,8,7,133,1136
5,6,8,7,133,1136
5,8,8,7,133,1136
8,7,8,7,133,1136
7,6,8,7,133,1136
7,8,8,7,133,1136
6,5,8,7,133,1136
6,9,8,7,133,1136
3,8,6,7,229,1138
5,8,6,7,229,1138
4,7,6,7,229,1138
4,9,6,7,229,1138
7,8,6,7,229,1138
6,7,6,7,229,1138
6,9,6,7,229,1138
5,6,6,7,229,1138
5,9,6,7,229,1138
2,9,4,7,274,1138
4,9,4,7,274,1138
3,8,4,7,274,1138
3,9,4,7,274,1138
6,9,4,7,274,1138
5,8,4,7,274,1138
5,9,4,7,274,1138
4,7,4,7,274,1138
4,8,4,7,274,1138
8,5,8,5,187,588
9,5,8,5,187,588
9,4,8,5,187,588
9,6,8,5,187,588
6,7,8,7,48,588
8,7,8,7,48,588
7,6,8,7,48,588
7,8,8,7,48,588
9,6,9,6,0,0
8,7,8,7,0,0
7,8,7,8,0,0
6,9,6,9,0,0
0,0,5,7,320,4419
1,0,5,7,320,4419
0,1,5,7,320,4419
2,0,5,7,320,4419
1,1,5,7,320,4419
0,2,5,7,320,4419
3,0,5,7,320,4419
2,1,5,7,320,4419
1,2,5,7,320,4419
0,3,5,7,320,4419
4,0,5,7,320,4419
3,1,5,7,320,4419
2,2,5,7,320,4419
1,3,5,7,320,4419
0,4,5,7,320,4419
6,0,5,7,320,4419
5,0,5,7,320,4419
5,1,5,7,320,4419
4,1,5,7,320,4419
4,2,5,7,320,4419
3,2,5,7,320,4419
3,3,5,7,320,4419
2,3,5,7,320,4419
2,4,5,7,320,4419
1,4,5,7,320,4419
1,5,5,7,320,4419
8,0,5,7,320,4419
7,0,5,7,320,4419
7,1,5,7,320,4419
6,1,5,7,320,4419
6,2,5,7,320,4419
5,2,5,7,320,4419
5,3,5,7,320,4419
4,3,5,7,320,4419
4,4,5,7,320,4419
3,4,5,7,320,4419
3,5,5,7,320,4419
2,5,5,7,320,4419
2,6,5,7,320,4419
9,0,5,7,320,4419
9,1,5,7,320,4419
8,1,5,7,320,4419
8,2,5,7,320,4419
7,2,5,7,320,4419
7,3,5,7,320,4419
6,3,5,7,320,4419
6,4,5,7,320,4419
5,4,5,7,320,4419
5,5,5,7,320,4419
4,5,5,7,320,4419
4,6,5,7,320,4419
3,6,5,7,320,4419
3,7,5,7,320,4419
9,2,5,7,320,4419
9,3,5,7,320,4419
8,3,5,7,320,4419
8,4,5,7,320,4419
7,4,5,7,320,4419
7,5,5,7,320,4419
6,5,5,7,320,4419
6,6,5,7,320,4419
5,6,5,7,320,4419
5,7,5,7,320,4419
4,7,5,7,320,4419
4,8,5,7,320,4419
9,4,5,7,320,4419
9,5,5,7,320,4419
8,5,5,7,320,4419
8,6,5,7,320,4419
7,6,5,7,320,4419
7,7,5,7,320,4419
6,7,5,7,320,4419
6,8,5,7,320,4419
5,8,5,7,320,4419
5,9,5,7,320,4419
9,6,5,7,320,4419
9,7,5,7,320,4419
8,7,5,7,320,4419
8,8,5,7,320,4419
7,8,5,7,320,4419
7,9,5,7,320,4419
6,9,5,7,320,4419
0,0,5,7,321,4087
1,0,5,7,321,4087
0,1,5,7,321,4087
2,0,5,7,321,4087
1,1,5,7,321,4087
0,2,5,7,321,4087
4,0,5,7,321,4087
3,0,5,7,321,4087
3,1,5,7,321,4087
2,1,5,7,321,4087
2,2,5,7,321,4087
1,2,5,7,321,4087
1,3,5,7,321,4087
6,0,5,7,321,4087
5,0,5,7,321,4087
5,1,5,7,321,4087
4,1,5,7,321,4087
4,2,5,7,321,4087
3,2,5,7,321,4087
3,3,5,7,321,4087
2,3,5,7,321,4087
2,4,5,7,321,4087
8,0,5,7,321,4087
7,0,5,7,321,4087
7,1,5,7,321,4087
6,1,5,7,321,4087
6,2,5,7,321,4087
5,2,5,7,321,4087
5,3,5,7,321,4087
4,3,5,7,321,4087
4,4,5,7,321,4087
3,4,5,7,321,4087
3,5,5,7,321,4087
9,0,5,7,321,4087
9,1,5,7,321,4087
8,1,5,7,321,4087
8,2,5,7,321,4087
7,2,5,7,321,4087
7,3,5,7,321,4087
6,3,5,7,321,4087
6,4,5,7,321,4087
5,4,5,7,321,4087
5,5,5,7,321,4087
4,5,5,7,321,4087
4,6,5,7,321,4087
9,2,5,7,321,4087
9,3,5,7,321,4087
8,3,5,7,321,4087
8,4,5,7,321,4087
7,4,5,7,321,4087
7,5,5,7,321,4087
6,5,5,7,321,4087
6,6,5,7,321,4087
5,6,5,7,321,4087
5,7,5,7,321,4087
9,4,5,7,321,4087
9,5,5,7,321,4087
8,5,5,7,321,4087
8,6,5,7,321,4087
7,6,5,7,321,4087
7,7,5,7,321,4087
6,7,5,7,321,4087
6,8,5,7,321,4087
9,6,5,7,321,4087
9,7,5,7,321,4087
8,7,5,7,321,4087
8,8,5,7,321,4087
7,8,5,7,321,4087
7,9,5,7,321,4087
0,0,5,5,322,3760
2,0,5,5,322,3760
1,0,5,5,322,3760
1,1,5,5,322,3760
4,0,5,5,322,3760
3,0,5,5,322,3760
3,1,5,5,322,3760
2,1,5,5,322,3760
2,2,5,5,322,3760
6,0,5,5,322,3760
5,0,5,5,322,3760
5,1,5,5,322,3760
4,1,5,5,322,3760
4,2,5,5,322,3760
3,2,5,5,322,3760
3,3,5,5,322,3760
8,0,5,5,322,3760
7,0,5,5,322,3760
7,1,5,5,322,3760
6,1,5,5,322,3760
6,2,5,5,322,3760
5,2,5,5,322,3760
5,3,5,5,322,3760
4,3,5,5,322,3760
4,4,5,5,322,3760
9,0,5,5,322,3760
9,1,5,5,322,3760
8,1,5,5,322,3760
8,2,5,5,322,3760
7,2,5,5,322,3760
7,3,5,5,322,3760
6,3,5,5,322,3760
6,4,5,5,322,3760
5,4,5,5,322,3760
5,5,5,5,322,3760
9,2,5,5,322,3760
9,3,5,5,322,3760
8,3,5,5,322,3760
8,4,5,5,322,3760
7,4,5,5,322,3760
7,5,5,5,322,3760
6,5,5,5,322,3760
6,6,5,5,322,3760
9,4,5,5,322,3760
9,5,5,5,322,3760
8,5,5,5,322,3760
8,6,5,5,322,3760
7,6,5,5,322,3760
7,7,5,5,322,3760
9,6,5,5,322,3760
9,7,5,5,322,3760
8,7,5,5,322,3760
8,8,5,5,322,3760
2,0,5,3,323,3401
4,0,5,3,323,3401
3,0,5,3,323,3401
3,1,5,3,323,3401
6,0,5,3,323,3401
5,0,5,3,323,3401
5,1,5,3,323,3401
4,1,5,3,323,3401
4,2,5,3,323,3401
8,0,5,3,323,3401
7,0,5,3,323,3401
7,1,5,3,323,3401
6,1,5,3,323,3401
6,2,5,3,323,3401
5,2,5,3,323,3401
5,3,5,3,323,3401
9,0,5,3,323,3401
9,1,5,3,323,3401
8,1,5,3,323,3401
8,2,5,3,323,3401
7,2,5,3,323,3401
7,3,5,3,323,3401
6,3,5,3,323,3401
6,4,5,3,323,3401
9,2,5,3,323,3401
9,3,5,3,323,3401
8,3,5,3,323,3401
8,4,5,3,323,3401
7,4,5,3,323,3401
7,5,5,3,323,3401
9,4,5,3,323,3401
9,5,5,3,323,3401
8,5,5,3,323,3401
8,6,5,3,323,3401
9,6,5,3,323,3401
9,7,5,3,323,3401
1,1,5,5,324,3381
3,1,5,5,324,3381
2,0,5,5,324,3381
2,2,5,5,324,3381
5,1,5,5,324,3381
4,0,5,5,324,3381
4,2,5,5,324,3381
3,0,5,5,324,3381
3,3,5,5,324,3381
7,1,5,5,324,3381
6,0,5,5,324,3381
6,2,5,5,324,3381
5,0,5,5,324,3381
5,3,5,5,324,3381
4,1,5,5,324,3381
4,4,5,5,324,3381
9,1,5,5,324,3381
8,0,5,5,324,3381
8,2,5,5,324,3381
7,0,5,5,324,3381
7,3,5,5,324,3381
6,1,5,5,324,3381
6,4,5,5,324,3381
5,2,5,5,324,3381
5,5,5,5,324,3381
8,1,5,5,324,3381
9,0,5,5,324,3381
9,2,5,5,324,3381
9,3,5,5,324,3381
8,4,5,5,324,3381
7,2,5,5,324,3381
7,5,5,5,324,3381
6,3,5,5,324,3381
6,6,5,5,324,3381
8,3,5,5,324,3381
9,4,5,5,324,3381
9,5,5,5,324,3381
8,6,5,5,324,3381
7,4,5,5,324,3381
7,7,5,5,324,3381
8,5,5,5,324,3381
9,6,5,5,324,3381
9,7,5,5,324,3381
8,8,5,5,324,3381
2,2,5,5,325,2992
4,2,5,5,325,2992
3,1,5,5,325,2992
3,3,5,5,325,2992
6,2,5,5,325,2992
5,1,5,5,325,2992
5,3,5,5,325,2992
4,0,5,5,325,2992
4,4,5,5,325,2992
8,2,5,5,325,2992
7,1,5,5,325,2992
7,3,5,5,325,2992
6,0,5,5,325,2992
6,4,5,5,325,2992
5,0,5,5,325,2992
5,5,5,5,325,2992
9,2,5,5,325,2992
9,1,5,5,325,2992
9,3,5,5,325,2992
8,0,5,5,325,2992
8,4,5,5,325,2992
7,0,5,5,325,2992
7,5,5,5,325,2992
6,1,5,5,325,2992
6,6,5,5,325,2992
7,2,5,5,325,2992
8,1,5,5,325,2992
8,3,5,5,325,2992
9,0,5,5,325,2992
9,4,5,5,325,2992
9,5,5,5,325,2992
8,6,5,5,325,2992
7,7,5,5,325,2992
5,2,5,5,325,2992
6,3,5,5,325,2992
7,4,5,5,325,2992
8,5,5,5,325,2992
9,6,5,5,325,2992
9,7,5,5,325,2992
8,8,5,5,325,2992
0,1,5,7,326,3741
1,1,5,7,326,3741
0,0,5,7,326,3741
0,2,5,7,326,3741
3,1,5,7,326,3741
2,0,5,7,326,3741
2,2,5,7,326,3741
1,0,5,7,326,3741
1,3,5,7,326,3741
5,1,5,7,326,3741
4,0,5,7,326,3741
4,2,5,7,326,3741
3,0,5,7,326,3741
3,3,5,7,326,3741
2,1,5,7,326,3741
2,4,5,7,326,3741
7,1,5,7,326,3741
6,0,5,7,326,3741
6,2,5,7,326,3741
5,0,5,7,326,3741
5,3,5,7,326,3741
4,1,5,7,326,3741
4,4,5,7,326,3741
3,2,5,7,326,3741
3,5,5,7,326,3741
9,1,5,7,326,3741
8,0,5,7,326,3741
8,2,5,7,326,3741
7,0,5,7,326,3741
7,3,5,7,326,3741
6,1,5,7,326,3741
6,4,5,7,326,3741
5,2,5,7,326,3741
5,5,5,7,326,3741
4,3,5,7,326,3741
4,6,5,7,326,3741
8,1,5,7,326,3741
9,0,5,7,326,3741
9,2,5,7,326,3741
9,3,5,7,326,3741
8,4,5,7,326,3741
7,2,5,7,326,3741
7,5,5,7,326,3741
6,3,5,7,326,3741
6,6,5,7,326,3741
5,4,5,7,326,3741
5,7,5,7,326,3741
8,3,5,7,326,3741
9,4,5,7,326,3741
9,5,5,7,326,3741
8,6,5,7,326,3741
7,4,5,7,326,3741
7,7,5,7,326,3741
6,5,5,7,326,3741
6,8,5,7,326,3741
8,5,5,7,326,3741
9,6,5,7,326,3741
9,7,5,7,326,3741
8,8,5,7,326,3741
7,6,5,7,326,3741
7,9,5,7,326,3741
0,2,5,7,327,3379
2,2,5,7,327,3379
1,1,5,7,327,3379
1,3,5,7,327,3379
4,2,5,7,327,3379
3,1,5,7,327,3379
3,3,5,7,327,3379
2,0,5,7,327,3379
2,4,5,7,327,3379
6,2,5,7,327,3379
5,1,5,7,327,3379
5,3,5,7,327,3379
4,0,5,7,327,3379
4,4,5,7,327,3379
3,0,5,7,327,3379
3,5,5,7,327,3379
8,2,5,7,327,3379
7,1,5,7,327,3379
7,3,5,7,327,3379
6,0,5,7,327,3379
6,4,5,7,327,3379
5,0,5,7,327,3379
5,5,5,7,327,3379
4,1,5,7,327,3379
4,6,5,7,327,3379
9,2,5,7,327,3379
9,1,5,7,327,3379
9,3,5,7,327,3379
8,0,5,7,327,3379
8,4,5,7,327,3379
7,0,5,7,327,3379
7,5,5,7,327,3379
6,1,5,7,327,3379
6,6,5,7,327,3379
5,2,5,7,327,3379
5,7,5,7,327,3379
7,2,5,7,327,3379
8,1,5,7,327,3379
8,3,5,7,327,3379
9,0,5,7,327,3379
9,4,5,7,327,3379
9,5,5,7,327,3379
8,6,5,7,327,3379
7,7,5,7,327,3379
6,3,5,7,327,3379
6,8,5,7,327,3379
7,4,5,7,327,3379
8,5,5,7,327,3379
9,6,5,7,327,3379
9,7,5,7,327,3379
8,8,5,7,327,3379
7,9,5,7,327,3379
1,3,5,7,328,2991
3,3,5,7,328,2991
2,2,5,7,328,2991
2,4,5,7,328,2991
5,3,5,7,328,2991
4,2,5,7,328,2991
4,4,5,7,328,2991
3,1,5,7,328,2991
3,5,5,7,328,2991
7,3,5,7,328,2991
6,2,5,7,328,2991
6,4,5,7,328,2991
5,1,5,7,328,2991
5,5,5,7,328,2991
4,0,5,7,328,2991
4,6,5,7,328,2991
9,3,5,7,328,2991
8,2,5,7,328,2991
8,4,5,7,328,2991
7,1,5,7,328,2991
7,5,5,7,328,2991
6,0,5,7,328,2991
6,6,5,7,328,2991
5,0,5,7,328,2991
5,7,5,7,328,2991
8,3,5,7,328,2991
9,2,5,7,328,2991
9,4,5,7,328,2991
9,1,5,7,328,2991
9,5,5,7,328,2991
8,0,5,7,328,2991
8,6,5,7,328,2991
7,0,5,7,328,2991
7,7,5,7,328,2991
6,1,5,7,328,2991
6,8,5,7,328,2991
6,3,5,7,328,2991
7,2,5,7,328,2991
7,4,5,7,328,2991
8,1,5,7,328,2991
8,5,5,7,328,2991
9,0,5,7,328,2991
9,6,5,7,328,2991
9,7,5,7,328,2991
8,8,5,7,328,2991
7,9,5,7,328,2991
0,1,5,7,329,4084
1,1,5,7,329,4084
0,0,5,7,329,4084
0,2,5,7,329,4084
2,1,5,7,329,4084
1,0,5,7,329,4084
1,2,5,7,329,4084
0,3,5,7,329,4084
3,1,5,7,329,4084
2,0,5,7,329,4084
2,2,5,7,329,4084
1,3,5,7,329,4084
0,4,5,7,329,4084
5,1,5,7,329,4084
4,0,5,7,329,4084
4,2,5,7,329,4084
3,0,5,7,329,4084
3,3,5,7,329,4084
2,4,5,7,329,4084
1,5,5,7,329,4084
7,1,5,7,329,4084
6,0,5,7,329,4084
6,2,5,7,329,4084
5,0,5,7,329,4084
5,3,5,7,329,4084
4,1,5,7,329,4084
4,4,5,7,329,4084
3,2,5,7,329,4084
3,5,5,7,329,4084
2,3,5,7,329,4084
2,6,5,7,329,4084
9,1,5,7,329,4084
8,0,5,7,329,4084
8,2,5,7,329,4084
7,0,5,7,329,4084
7,3,5,7,329,4084
6,1,5,7,329,4084
6,4,5,7,329,4084
5,2,5,7,329,4084
5,5,5,7,329,4084
4,3,5,7,329,4084
4,6,5,7,329,4084
3,4,5,7,329,4084
3,7,5,7,329,4084
8,1,5,7,329,4084
9,0,5,7,329,4084
9,2,5,7,329,4084
9,3,5,7,329,4084
8,4,5,7,329,4084
7,2,5,7,329,4084
7,5,5,7,329,4084
6,3,5,7,329,4084
6,6,5,7,329,4084
5,4,5,7,329,4084
5,7,5,7,329,4084
4,5,5,7,329,4084
4,8,5,7,329,4084
8,3,5,7,329,4084
9,4,5,7,329,4084
9,5,5,7,329,4084
8,6,5,7,329,4084
7,4,5,7,329,4084
7,7,5,7,329,4084
6,5,5,7,329,4084
6,8,5,7,329,4084
5,6,5,7,329,4084
5,9,5,7,329,4084
8,5,5,7,329,4084
9,6,5,7,329,4084
9,7,5,7,329,4084
8,8,5,7,329,4084
7,6,5,7,329,4084
7,9,5,7,329,4084
6,7,5,7,329,4084
6,9,5,7,329,4084
0,3,7,7,330,3381
1,3,7,7,330,3381
0,2,7,7,330,3381
0,4,7,7,330,3381
3,3,7,7,330,3381
2,2,7,7,330,3381
2,4,7,7,330,3381
1,1,7,7,330,3381
1,5,7,7,330,3381
5,3,7,7,330,3381
4,2,7,7,330,3381
4,4,7,7,330,3381
3,1,7,7,330,3381
3,5,7,7,330,3381
2,0,7,7,330,3381
2,6,7,7,330,3381
7,3,7,7,330,3381
6,2,7,7,330,3381
6,4,7,7,330,3381
5,1,7,7,330,3381
5,5,7,7,330,3381
4,0,7,7,330,3381
4,6,7,7,330,3381
3,0,7,7,330,3381
3,7,7,7,330,3381
9,3,7,7,330,3381
8,2,7,7,330,3381
8,4,7,7,330,3381
7,1,7,7,330,3381
7,5,7,7,330,3381
6,0,7,7,330,3381
6,6,7,7,330,3381
5,0,7,7,330,3381
5,7,7,7,330,3381
4,1,7,7,330,3381
4,8,7,7,330,3381
8,3,7,7,330,3381
9,2,7,7,330,3381
9,4,7,7,330,3381
9,1,7,7,330,3381
9,5,7,7,330,3381
8,0,7,7,330,3381
8,6,7,7,330,3381
7,0,7,7,330,3381
7,7,7,7,330,3381
6,1,7,7,330,3381
6,8,7,7,330,3381
5,2,7,7,330,3381
5,9,7,7,330,3381
6,3,7,7,330,3381
7,2,7,7,330,3381
7,4,7,7,330,3381
8,1,7,7,330,3381
8,5,7,7,330,3381
9,0,7,7,330,3381
9,6,7,7,330,3381
9,7,7,7,330,3381
8,8,7,7,330,3381
7,9,7,7,330,3381
6,9,7,7,330,3381
0,4,7,7,331,2992
2,4,7,7,331,2992
1,3,7,7,331,2992
1,5,7,7,331,2992
4,4,7,7,331,2992
3,3,7,7,331,2992
3,5,7,7,331,2992
2,2,7,7,331,2992
2,6,7,7,331,2992
6,4,7,7,331,2992
5,3,7,7,331,2992
5,5,7,7,331,2992
4,2,7,7,331,2992
4,6,7,7,331,2992
3,1,7,7,331,2992
3,7,7,7,331,2992
8,4,7,7,331,2992
7,3,7,7,331,2992
7,5,7,7,331,2992
6,2,7,7,331,2992
6,6,7,7,331,2992
5,1,7,7,331,2992
5,7,7,7,331,2992
4,0,7,7,331,2992
4,8,7,7,331,2992
9,4,7,7,331,2992
9,3,7,7,331,2992
9,5,7,7,331,2992
8,2,7,7,331,2992
8,6,7,7,331,2992
7,1,7,7,331,2992
7,7,7,7,331,2992
6,0,7,7,331,2992
6,8,7,7,331,2992
5,0,7,7,331,2992
5,9,7,7,331,2992
7,4,7,7,331,2992
8,3,7,7,331,2992
8,5,7,7,331,2992
9,2,7,7,331,2992
9,6,7,7,331,2992
9,1,7,7,331,2992
9,7,7,7,331,2992
8,0,7,7,331,2992
8,8,7,7,331,2992
7,0,7,7,331,2992
7,9,7,7,331,2992
6,1,7,7,331,2992
6,9,7,7,331,2992
0,1,5,5,332,4427
1,1,5,5,332,4427
0,0,5,5,332,4427
0,2,5,5,332,4427
2,1,5,5,332,4427
1,0,5,5,332,4427
1,2,5,5,332,4427
0,3,5,5,332,4427
3,1,5,5,332,4427
2,0,5,5,332,4427
2,2,5,5,332,4427
1,3,5,5,332,4427
0,4,5,5,332,4427
4,1,5,5,332,4427
3,0,5,5,332,4427
3,2,5,5,332,4427
2,3,5,5,332,4427
1,4,5,5,332,4427
0,5,5,5,332,4427
5,1,5,5,332,4427
4,0,5,5,332,4427
4,2,5,5,332,4427
3,3,5,5,332,4427
2,4,5,5,332,4427
1,5,5,5,332,4427
0,6,5,5,332,4427
7,1,5,5,332,4427
6,0,5,5,332,4427
6,2,5,5,332,4427
5,0,5,5,332,4427
5,3,5,5,332,4427
4,4,5,5,332,4427
3,5,5,5,332,4427
2,6,5,5,332,4427
1,7,5,5,332,4427
9,1,5,5,332,4427
8,0,5,5,332,4427
8,2,5,5,332,4427
7,0,5,5,332,4427
7,3,5,5,332,4427
6,1,5,5,332,4427
6,4,5,5,332,4427
5,2,5,5,332,4427
5,5,5,5,332,4427
4,3,5,5,332,4427
4,6,5,5,332,4427
3,4,5,5,332,4427
3,7,5,5,332,4427
2,5,5,5,332,4427
2,8,5,5,332,4427
8,1,5,5,332,4427
9,0,5,5,332,4427
9,2,5,5,332,4427
9,3,5,5,332,4427
8,4,5,5,332,4427
7,2,5,5,332,4427
7,5,5,5,332,4427
6,3,5,5,332,4427
6,6,5,5,332,4427
5,4,5,5,332,4427
5,7,5,5,332,4427
4,5,5,5,332,4427
4,8,5,5,332,4427
3,6,5,5,332,4427
3,9,5,5,332,4427
8,3,5,5,332,4427
9,4,5,5,332,4427
9,5,5,5,332,4427
8,6,5,5,332,4427
7,4,5,5,332,4427
7,7,5,5,332,4427
6,5,5,5,332,4427
6,8,5,5,332,4427
5,6,5,5,332,4427
5,9,5,5,332,4427
4,7,5,5,332,4427
4,9,5,5,332,4427
8,5,5,5,332,4427
9,6,5,5,332,4427
9,7,5,5,332,4427
8,8,5,5,332,4427
7,6,5,5,332,4427
7,9,5,5,332,4427
6,7,5,5,332,4427
6,9,5,5,332,4427
5,8,5,5,332,4427
0,3,8,8,333,3745
1,3,8,8,333,3745
0,2,8,8,333,3745
0,4,8,8,333,3745
2,3,8,8,333,3745
1,2,8,8,333,3745
1,4,8,8,333,3745
0,1,8,8,333,3745
0,5,8,8,333,3745
3,3,8,8,333,3745
2,2,8,8,333,3745
2,4,8,8,333,3745
1,1,8,8,333,3745
1,5,8,8,333,3745
0,0,8,8,333,3745
0,6,8,8,333,3745
5,3,8,8,333,3745
4,2,8,8,333,3745
4,4,8,8,333,3745
3,1,8,8,333,3745
3,5,8,8,333,3745
2,0,8,8,333,3745
2,6,8,8,333,3745
1,0,8,8,333,3745
1,7,8,8,333,3745
7,3,8,8,333,3745
6,2,8,8,333,3745
6,4,8,8,333,3745
5,1,8,8,333,3745
5,5,8,8,333,3745
4,0,8,8,333,3745
4,6,8,8,333,3745
3,0,8,8,333,3745
3,7,8,8,333,3745
2,1,8,8,333,3745
2,8,8,8,333,3745
9,3,8,8,333,3745
8,2,8,8,333,3745
8,4,8,8,333,3745
7,1,8,8,333,3745
7,5,8,8,333,3745
6,0,8,8,333,3745
6,6,8,8,333,3745
5,0,8,8,333,3745
5,7,8,8,333,3745
4,1,8,8,333,3745
4,8,8,8,333,3745
3,2,8,8,333,3745
3,9,8,8,333,3745
8,3,8,8,333,3745
9,2,8,8,333,3745
9,4,8,8,333,3745
9,1,8,8,333,3745
9,5,8,8,333,3745
8,0,8,8,333,3745
8,6,8,8,333,3745
7,0,8,8,333,3745
7,7,8,8,333,3745
6,1,8,8,333,3745
6,8,8,8,333,3745
5,2,8,8,333,3745
5,9,8,8,333,3745
4,3,8,8,333,3745
4,9,8,8,333,3745
6,3,8,8,333,3745
7,2,8,8,333,3745
7,4,8,8,333,3745
8,1,8,8,333,3745
8,5,8,8,333,3745
9,0,8,8,333,3745
9,6,8,8,333,3745
9,7,8,8,333,3745
8,8,8,8,333,3745
7,9,8,8,333,3745
6,9,8,8,333,3745
5,4,8,8,333,3745
5,8,8,8,333,3745
0,4,8,8,334,3381
1,4,8,8,334,3381
0,3,8,8,334,3381
0,5,8,8,334,3381
2,4,8,8,334,3381
1,3,8,8,334,3381
1,5,8,8,334,3381
0,2,8,8,334,3381
0,6,8,8,334,3381
4,4,8,8,334,3381
3,3,8,8,334,3381
3,5,8,8,334,3381
2,2,8,8,334,3381
2,6,8,8,334,3381
1,1,8,8,334,3381
1,7,8,8,334,3381
6,4,8,8,334,3381
5,3,8,8,334,3381
5,5,8,8,334,3381
4,2,8,8,334,3381
4,6,8,8,334,3381
3,1,8,8,334,3381
3,7,8,8,334,3381
2,0,8,8,334,3381
2,8,8,8,334,3381
8,4,8,8,334,3381
7,3,8,8,334,3381
7,5,8,8,334,3381
6,2,8,8,334,3381
6,6,8,8,334,3381
5,1,8,8,334,3381
5,7,8,8,334,3381
4,0,8,8,334,3381
4,8,8,8,334,3381
3,0,8,8,334,3381
3,9,8,8,334,3381
9,4,8,8,334,3381
9,3,8,8,334,3381
9,5,8,8,334,3381
8,2,8,8,334,3381
8,6,8,8,334,3381
7,1,8,8,334,3381
7,7,8,8,334,3381
6,0,8,8,334,3381
6,8,8,8,334,3381
5,0,8,8,334,3381
5,9,8,8,334,3381
4,1,8,8,334,3381
4,9,8,8,334,3381
7,4,8,8,334,3381
8,3,8,8,334,3381
8,5,8,8,334,3381
9,2,8,8,334,3381
9,6,8,8,334,3381
9,1,8,8,334,3381
9,7,8,8,334,3381
8,0,8,8,334,3381
8,8,8,8,334,3381
7,0,8,8,334,3381
7,9,8,8,334,3381
6,1,8,8,334,3381
6,9,8,8,334,3381
5,2,8,8,334,3381
5,8,8,8,334,3381
0,5,8,8,335,2992
1,5,8,8,335,2992
0,4,8,8,335,2992
0,6,8,8,335,2992
3,5,8,8,335,2992
2,4,8,8,335,2992
2,6,8,8,335,2992
1,3,8,8,335,2992
1,7,8,8,335,2992
5,5,8,8,335,2992
4,4,8,8,335,2992
4,6,8,8,335,2992
3,3,8,8,335,2992
3,7,8,8,335,2992
2,2,8,8,335,2992
2,8,8,8,335,2992
7,5,8,8,335,2992
6,4,8,8,335,2992
6,6,8,8,335,2992
5,3,8,8,335,2992
5,7,8,8,335,2992
4,2,8,8,335,2992
4,8,8,8,335,2992
3,1,8,8,335,2992
3,9,8,8,335,2992
9,5,8,8,335,2992
8,4,8,8,335,2992
8,6,8,8,335,2992
7,3,8,8,335,2992
7,7,8,8,335,2992
6,2,8,8,335,2992
6,8,8,8,335,2992
5,1,8,8,335,2992
5,9,8,8,335,2992
4,0,8,8,335,2992
4,9,8,8,335,2992
8,5,8,8,335,2992
9,4,8,8,335,2992
9,6,8,8,335,2992
9,3,8,8,335,2992
9,7,8,8,335,2992
8,2,8,8,335,2992
8,8,8,8,335,2992
7,1,8,8,335,2992
7,9,8,8,335,2992
6,0,8,8,335,2992
6,9,8,8,335,2992
5,0,8,8,335,2992
5,8,8,8,335,2992
0,3,8,8,336,4086
1,3,8,8,336,4086
0,2,8,8,336,4086
0,4,8,8,336,4086
2,3,8,8,336,4086
1,2,8,8,336,4086
1,4,8,8,336,4086
0,1,8,8,336,4086
0,5,8,8,336,4086
3,3,8,8,336,4086
2,2,8,8,336,4086
2,4,8,8,336,4086
1,1,8,8,336,4086
1,5,8,8,336,4086
0,0,8,8,336,4086
0,6,8,8,336,4086
4,3,8,8,336,4086
3,2,8,8,336,4086
3,4,8,8,336,4086
2,1,8,8,336,4086
2,5,8,8,336,4086
1,0,8,8,336,4086
1,6,8,8,336,4086
0,7,8,8,336,4086
5,3,8,8,336,4086
4,2,8,8,336,4086
4,4,8,8,336,4086
3,1,8,8,336,4086
3,5,8,8,336,4086
2,0,8,8,336,4086
2,6,8,8,336,4086
1,7,8,8,336,4086
0,8,8,8,336,4086
7,3,8,8,336,4086
6,2,8,8,336,4086
6,4,8,8,336,4086
5,1,8,8,336,4086
5,5,8,8,336,4086
4,0,8,8,336,4086
4,6,8,8,336,4086
3,0,8,8,336,4086
3,7,8,8,336,4086
2,8,8,8,336,4086
1,9,8,8,336,4086
9,3,8,8,336,4086
8,2,8,8,336,4086
8,4,8,8,336,4086
7,1,8,8,336,4086
7,5,8,8,336,4086
6,0,8,8,336,4086
6,6,8,8,336,4086
5,0,8,8,336,4086
5,7,8,8,336,4086
4,1,8,8,336,4086
4,8,8,8,336,4086
3,9,8,8,336,4086
2,9,8,8,336,4086
8,3,8,8,336,4086
9,2,8,8,336,4086
9,4,8,8,336,4086
9,1,8,8,336,4086
9,5,8,8,336,4086
8,0,8,8,336,4086
8,6,8,8,336,4086
7,0,8,8,336,4086
7,7,8,8,336,4086
6,1,8,8,336,4086
6,8,8,8,336,4086
5,2,8,8,336,4086
5,9,8,8,336,4086
4,9,8,8,336,4086
3,8,8,8,336,4086
6,3,8,8,336,4086
7,2,8,8,336,4086
7,4,8,8,336,4086
8,1,8,8,336,4086
8,5,8,8,336,4086
9,0,8,8,336,4086
9,6,8,8,336,4086
9,7,8,8,336,4086
8,8,8,8,336,4086
7,9,8,8,336,4086
6,9,8,8,336,4086
5,4,8,8,336,4086
5,8,8,8,336,4086
4,5,8,8,336,4086
4,7,8,8,336,4086
0,4,8,8,337,3746
1,4,8,8,337,3746
0,3,8,8,337,3746
0,5,8,8,337,3746
2,4,8,8,337,3746
1,3,8,8,337,3746
1,5,8,8,337,3746
0,2,8,8,337,3746
0,6,8,8,337,3746
3,4,8,8,337,3746
2,3,8,8,337,3746
2,5,8,8,337,3746
1,2,8,8,337,3746
1,6,8,8,337,3746
0,1,8,8,337,3746
0,7,8,8,337,3746
4,4,8,8,337,3746
3,3,8,8,337,3746
3,5,8,8,337,3746
2,2,8,8,337,3746
2,6,8,8,337,3746
1,1,8,8,337,3746
1,7,8,8,337,3746
0,0,8,8,337,3746
0,8,8,8,337,3746
6,4,8,8,337,3746
5,3,8,8,337,3746
5,5,8,8,337,3746
4,2,8,8,337,3746
4,6,8,8,337,3746
3,1,8,8,337,3746
3,7,8,8,337,3746
2,0,8,8,337,3746
2,8,8,8,337,3746
1,0,8,8,337,3746
1,9,8,8,337,3746
8,4,8,8,337,3746
7,3,8,8,337,3746
7,5,8,8,337,3746
6,2,8,8,337,3746
6,6,8,8,337,3746
5,1,8,8,337,3746
5,7,8,8,337,3746
4,0,8,8,337,3746
4,8,8,8,337,3746
3,0,8,8,337,3746
3,9,8,8,337,3746
2,1,8,8,337,3746
2,9,8,8,337,3746
9,4,8,8,337,3746
9,3,8,8,337,3746
9,5,8,8,337,3746
8,2,8,8,337,3746
8,6,8,8,337,3746
7,1,8,8,337,3746
7,7,8,8,337,3746
6,0,8,8,337,3746
6,8,8,8,337,3746
5,0,8,8,337,3746
5,9,8,8,337,3746
4,1,8,8,337,3746
4,9,8,8,337,3746
3,2,8,8,337,3746
3,8,8,8,337,3746
7,4,8,8,337,3746
8,3,8,8,337,3746
8,5,8,8,337,3746
9,2,8,8,337,3746
9,6,8,8,337,3746
9,1,8,8,337,3746
9,7,8,8,337,3746
8,0,8,8,337,3746
8,8,8,8,337,3746
7,0,8,8,337,3746
7,9,8,8,337,3746
6,1,8,8,337,3746
6,9,8,8,337,3746
5,2,8,8,337,3746
5,8,8,8,337,3746
4,3,8,8,337,3746
4,7,8,8,337,3746
0,6,8,8,338,2991
1,6,8,8,338,2991
0,5,8,8,338,2991
0,7,8,8,338,2991
2,6,8,8,338,2991
1,5,8,8,338,2991
1,7,8,8,338,2991
0,4,8,8,338,2991
0,8,8,8,338,2991
4,6,8,8,338,2991
3,5,8,8,338,2991
3,7,8,8,338,2991
2,4,8,8,338,2991
2,8,8,8,338,2991
1,3,8,8,338,2991
1,9,8,8,338,2991
6,6,8,8,338,2991
5,5,8,8,338,2991
5,7,8,8,338,2991
4,4,8,8,338,2991
4,8,8,8,338,2991
3,3,8,8,338,2991
3,9,8,8,338,2991
2,2,8,8,338,2991
2,9,8,8,338,2991
8,6,8,8,338,2991
7,5,8,8,338,2991
7,7,8,8,338,2991
6,4,8,8,338,2991
6,8,8,8,338,2991
5,3,8,8,338,2991
5,9,8,8,338,2991
4,2,8,8,338,2991
4,9,8,8,338,2991
3,1,8,8,338,2991
3,8,8,8,338,2991
9,6,8,8,338,2991
9,5,8,8,338,2991
9,7,8,8,338,2991
8,4,8,8,338,2991
8,8,8,8,338,2991
7,3,8,8,338,2991
7,9,8,8,338,2991
6,2,8,8,338,2991
6,9,8,8,338,2991
5,1,8,8,338,2991
5,8,8,8,338,2991
4,0,8,8,338,2991
4,7,8,8,338,2991
0,3,8,8,339,4405
1,3,8,8,339,4405
0,2,8,8,339,4405
0,4,8,8,339,4405
2,3,8,8,339,4405
1,2,8,8,339,4405
1,4,8,8,339,4405
0,1,8,8,339,4405
0,5,8,8,339,4405
3,3,8,8,339,4405
2,2,8,8,339,4405
2,4,8,8,339,4405
1,1,8,8,339,4405
1,5,8,8,339,4405
0,0,8,8,339,4405
0,6,8,8,339,4405
4,3,8,8,339,4405
3,2,8,8,339,4405
3,4,8,8,339,4405
2,1,8,8,339,4405
2,5,8,8,339,4405
1,0,8,8,339,4405
1,6,8,8,339,4405
0,7,8,8,339,4405
5,3,8,8,339,4405
4,2,8,8,339,4405
4,4,8,8,339,4405
3,1,8,8,339,4405
3,5,8,8,339,4405
2,0,8,8,339,4405
2,6,8,8,339,4405
1,7,8,8,339,4405
0,8,8,8,339,4405
6,3,8,8,339,4405
5,2,8,8,339,4405
5,4,8,8,339,4405
4,1,8,8,339,4405
4,5,8,8,339,4405
3,0,8,8,339,4405
3,6,8,8,339,4405
2,7,8,8,339,4405
1,8,8,8,339,4405
0,9,8,8,339,4405
7,3,8,8,339,4405
6,2,8,8,339,4405
6,4,8,8,339,4405
5,1,8,8,339,4405
5,5,8,8,339,4405
4,0,8,8,339,4405
4,6,8,8,339,4405
3,7,8,8,339,4405
2,8,8,8,339,4405
1,9,8,8,339,4405
9,3,8,8,339,4405
8,2,8,8,339,4405
8,4,8,8,339,4405
7,1,8,8,339,4405
7,5,8,8,339,4405
6,0,8,8,339,4405
6,6,8,8,339,4405
5,0,8,8,339,4405
5,7,8,8,339,4405
4,8,8,8,339,4405
3,9,8,8,339,4405
2,9,8,8,339,4405
8,3,8,8,339,4405
9,2,8,8,339,4405
9,4,8,8,339,4405
9,1,8,8,339,4405
9,5,8,8,339,4405
8,0,8,8,339,4405
8,6,8,8,339,4405
7,0,8,8,339,4405
7,7,8,8,339,4405
6,1,8,8,339,4405
6,8,8,8,339,4405
5,9,8,8,339,4405
4,9,8,8,339,4405
3,8,8,8,339,4405
7,2,8,8,339,4405
7,4,8,8,339,4405
8,1,8,8,339,4405
8,5,8,8,339,4405
9,0,8,8,339,4405
9,6,8,8,339,4405
9,7,8,8,339,4405
8,8,8,8,339,4405
7,9,8,8,339,4405
6,9,8,8,339,4405
5,8,8,8,339,4405
4,7,8,8,339,4405
0,4,8,8,340,4086
1,4,8,8,340,4086
0,3,8,8,340,4086
0,5,8,8,340,4086
2,4,8,8,340,4086
1,3,8,8,340,4086
1,5,8,8,340,4086
0,2,8,8,340,4086
0,6,8,8,340,4086
3,4,8,8,340,4086
2,3,8,8,340,4086
2,5,8,8,340,4086
1,2,8,8,340,4086
1,6,8,8,340,4086
0,1,8,8,340,4086
0,7,8,8,340,4086
4,4,8,8,340,4086
3,3,8,8,340,4086
3,5,8,8,340,4086
2,2,8,8,340,4086
2,6,8,8,340,4086
1,1,8,8,340,4086
1,7,8,8,340,4086
0,0,8,8,340,4086
0,8,8,8,340,4086
5,4,8,8,340,4086
4,3,8,8,340,4086
4,5,8,8,340,4086
3,2,8,8,340,4086
3,6,8,8,340,4086
2,1,8,8,340,4086
2,7,8,8,340,4086
1,0,8,8,340,4086
1,8,8,8,340,4086
0,9,8,8,340,4086
6,4,8,8,340,4086
5,3,8,8,340,4086
5,5,8,8,340,4086
4,2,8,8,340,4086
4,6,8,8,340,4086
3,1,8,8,340,4086
3,7,8,8,340,4086
2,0,8,8,340,4086
2,8,8,8,340,4086
1,9,8,8,340,4086
8,4,8,8,340,4086
7,3,8,8,340,4086
7,5,8,8,340,4086
6,2,8,8,340,4086
6,6,8,8,340,4086
5,1,8,8,340,4086
5,7,8,8,340,4086
4,0,8,8,340,4086
4,8,8,8,340,4086
3,0,8,8,340,4086
3,9,8,8,340,4086
2,9,8,8,340,4086
9,4,8,8,340,4086
9,3,8,8,340,4086
9,5,8,8,340,4086
8,2,8,8,340,4086
8,6,8,8,340,4086
7,1,8,8,340,4086
7,7,8,8,340,4086
6,0,8,8,340,4086
6,8,8,8,340,4086
5,0,8,8,340,4086
5,9,8,8,340,4086
4,1,8,8,340,4086
4,9,8,8,340,4086
3,8,8,8,340,4086
7,4,8,8,340,4086
8,3,8,8,340,4086
8,5,8,8,340,4086
9,2,8,8,340,4086
9,6,8,8,340,4086
9,1,8,8,340,4086
9,7,8,8,340,4086
8,0,8,8,340,4086
8,8,8,8,340,4086
7,0,8,8,340,4086
7,9,8,8,340,4086
6,1,8,8,340,4086
6,9,8,8,340,4086
5,2,8,8,340,4086
5,8,8,8,340,4086
4,7,8,8,340,4086
0,5,8,8,341,3745
1,5,8,8,341,3745
0,4,8,8,341,3745
0,6,8,8,341,3745
2,5,8,8,341,3745
1,4,8,8,341,3745
1,6,8,8,341,3745
0,3,8,8,341,3745
0,7,8,8,341,3745
3,5,8,8,341,3745
2,4,8,8,341,3745
2,6,8,8,341,3745
1,3,8,8,341,3745
1,7,8,8,341,3745
0,2,8,8,341,3745
0,8,8,8,341,3745
4,5,8,8,341,3745
3,4,8,8,341,3745
3,6,8,8,341,3745
2,3,8,8,341,3745
2,7,8,8,341,3745
1,2,8,8,341,3745
1,8,8,8,341,3745
0,1,8,8,341,3745
0,9,8,8,341,3745
5,5,8,8,341,3745
4,4,8,8,341,3745
4,6,8,8,341,3745
3,3,8,8,341,3745
3,7,8,8,341,3745
2,2,8,8,341,3745
2,8,8,8,341,3745
1,1,8,8,341,3745
1,9,8,8,341,3745
0,0,8,8,341,3745
7,5,8,8,341,3745
6,4,8,8,341,3745
6,6,8,8,341,3745
5,3,8,8,341,3745
5,7,8,8,341,3745
4,2,8,8,341,3745
4,8,8,8,341,3745
3,1,8,8,341,3745
3,9,8,8,341,3745
2,0,8,8,341,3745
2,9,8,8,341,3745
1,0,8,8,341,3745
9,5,8,8,341,3745
8,4,8,8,341,3745
8,6,8,8,341,3745
7,3,8,8,341,3745
7,7,8,8,341,3745
6,2,8,8,341,3745
6,8,8,8,341,3745
5,1,8,8,341,3745
5,9,8,8,341,3745
4,0,8,8,341,3745
4,9,8,8,341,3745
3,0,8,8,341,3745
3,8,8,8,341,3745
2,1,8,8,341,3745
8,5,8,8,341,3745
9,4,8,8,341,3745
9,6,8,8,341,3745
9,3,8,8,341,3745
9,7,8,8,341,3745
8,2,8,8,341,3745
8,8,8,8,341,3745
7,1,8,8,341,3745
7,9,8,8,341,3745
6,0,8,8,341,3745
6,9,8,8,341,3745
5,0,8,8,341,3745
5,8,8,8,341,3745
4,1,8,8,341,3745
4,7,8,8,341,3745
3,2,8,8,341,3745
0,6,8,8,342,3379
1,6,8,8,342,3379
0,5,8,8,342,3379
0,7,8,8,342,3379
2,6,8,8,342,3379
1,5,8,8,342,3379
1,7,8,8,342,3379
0,4,8,8,342,3379
0,8,8,8,342,3379
3,6,8,8,342,3379
2,5,8,8,342,3379
2,7,8,8,342,3379
1,4,8,8,342,3379
1,8,8,8,342,3379
0,3,8,8,342,3379
0,9,8,8,342,3379
4,6,8,8,342,3379
3,5,8,8,342,3379
3,7,8,8,342,3379
2,4,8,8,342,3379
2,8,8,8,342,3379
1,3,8,8,342,3379
1,9,8,8,342,3379
0,2,8,8,342,3379
6,6,8,8,342,3379
5,5,8,8,342,3379
5,7,8,8,342,3379
4,4,8,8,342,3379
4,8,8,8,342,3379
3,3,8,8,342,3379
3,9,8,8,342,3379
2,2,8,8,342,3379
2,9,8,8,342,3379
1,1,8,8,342,3379
8,6,8,8,342,3379
7,5,8,8,342,3379
7,7,8,8,342,3379
6,4,8,8,342,3379
6,8,8,8,342,3379
5,3,8,8,342,3379
5,9,8,8,342,3379
4,2,8,8,342,3379
4,9,8,8,342,3379
3,1,8,8,342,3379
3,8,8,8,342,3379
2,0,8,8,342,3379
9,6,8,8,342,3379
9,5,8,8,342,3379
9,7,8,8,342,3379
8,4,8,8,342,3379
8,8,8,8,342,3379
7,3,8,8,342,3379
7,9,8,8,342,3379
6,2,8,8,342,3379
6,9,8,8,342,3379
5,1,8,8,342,3379
5,8,8,8,342,3379
4,0,8,8,342,3379
4,7,8,8,342,3379
3,0,8,8,342,3379
0,7,8,8,343,2986
1,7,8,8,343,2986
0,6,8,8,343,2986
0,8,8,8,343,2986
2,7,8,8,343,2986
1,6,8,8,343,2986
1,8,8,8,343,2986
0,5,8,8,343,2986
0,9,8,8,343,2986
3,7,8,8,343,2986
2,6,8,8,343,2986
2,8,8,8,343,2986
1,5,8,8,343,2986
1,9,8,8,343,2986
0,4,8,8,343,2986
5,7,8,8,343,2986
4,6,8,8,343,2986
4,8,8,8,343,2986
3,5,8,8,343,2986
3,9,8,8,343,2986
2,4,8,8,343,2986
2,9,8,8,343,2986
1,3,8,8,343,2986
7,7,8,8,343,2986
6,6,8,8,343,2986
6,8,8,8,343,2986
5,5,8,8,343,2986
5,9,8,8,343,2986
4,4,8,8,343,2986
4,9,8,8,343,2986
3,3,8,8,343,2986
3,8,8,8,343,2986
2,2,8,8,343,2986
9,7,8,8,343,2986
8,6,8,8,343,2986
8,8,8,8,343,2986
7,5,8,8,343,2986
7,9,8,8,343,2986
6,4,8,8,343,2986
6,9,8,8,343,2986
5,3,8,8,343,2986
5,8,8,8,343,2986
4,2,8,8,343,2986
4,7,8,8,343,2986
3,1,8,8,343,2986
3,6,8,8,343,2986
0,6,8,8,344,3741
1,6,8,8,344,3741
0,5,8,8,344,3741
0,7,8,8,344,3741
2,6,8,8,344,3741
1,5,8,8,344,3741
1,7,8,8,344,3741
0,4,8,8,344,3741
0,8,8,8,344,3741
3,6,8,8,344,3741
2,5,8,8,344,3741
2,7,8,8,344,3741
1,4,8,8,344,3741
1,8,8,8,344,3741
0,3,8,8,344,3741
0,9,8,8,344,3741
4,6,8,8,344,3741
3,5,8,8,344,3741
3,7,8,8,344,3741
2,4,8,8,344,3741
2,8,8,8,344,3741
1,3,8,8,344,3741
1,9,8,8,344,3741
0,2,8,8,344,3741
5,6,8,8,344,3741
4,5,8,8,344,3741
4,7,8,8,344,3741
3,4,8,8,344,3741
3,8,8,8,344,3741
2,3,8,8,344,3741
2,9,8,8,344,3741
1,2,8,8,344,3741
0,1,8,8,344,3741
6,6,8,8,344,3741
5,5,8,8,344,3741
5,7,8,8,344,3741
4,4,8,8,344,3741
4,8,8,8,344,3741
3,3,8,8,344,3741
3,9,8,8,344,3741
2,2,8,8,344,3741
1,1,8,8,344,3741
0,0,8,8,344,3741
8,6,8,8,344,3741
7,5,8,8,344,3741
7,7,8,8,344,3741
6,4,8,8,344,3741
6,8,8,8,344,3741
5,3,8,8,344,3741
5,9,8,8,344,3741
4,2,8,8,344,3741
4,9,8,8,344,3741
3,1,8,8,344,3741
2,0,8,8,344,3741
1,0,8,8,344,3741
9,6,8,8,344,3741
9,5,8,8,344,3741
9,7,8,8,344,3741
8,4,8,8,344,3741
8,8,8,8,344,3741
7,3,8,8,344,3741
7,9,8,8,344,3741
6,2,8,8,344,3741
6,9,8,8,344,3741
5,1,8,8,344,3741
5,8,8,8,344,3741
4,0,8,8,344,3741
3,0,8,8,344,3741
2,1,8,8,344,3741
0,7,8,8,345,3373
1,7,8,8,345,3373
0,6,8,8,345,3373
0,8,8,8,345,3373
2,7,8,8,345,3373
1,6,8,8,345,3373
1,8,8,8,345,3373
0,5,8,8,345,3373
0,9,8,8,345,3373
3,7,8,8,345,3373
2,6,8,8,345,3373
2,8,8,8,345,3373
1,5,8,8,345,3373
1,9,8,8,345,3373
0,4,8,8,345,3373
4,7,8,8,345,3373
3,6,8,8,345,3373
3,8,8,8,345,3373
2,5,8,8,345,3373
2,9,8,8,345,3373
1,4,8,8,345,3373
0,3,8,8,345,3373
5,7,8,8,345,3373
4,6,8,8,345,3373
4,8,8,8,345,3373
3,5,8,8,345,3373
3,9,8,8,345,3373
2,4,8,8,345,3373
1,3,8,8,345,3373
0,2,8,8,345,3373
7,7,8,8,345,3373
6,6,8,8,345,3373
6,8,8,8,345,3373
5,5,8,8,345,3373
5,9,8,8,345,3373
4,4,8,8,345,3373
4,9,8,8,345,3373
3,3,8,8,345,3373
2,2,8,8,345,3373
1,1,8,8,345,3373
9,7,8,8,345,3373
8,6,8,8,345,3373
8,8,8,8,345,3373
7,5,8,8,345,3373
7,9,8,8,345,3373
6,4,8,8,345,3373
6,9,8,8,345,3373
5,3,8,8,345,3373
5,8,8,8,345,3373
4,2,8,8,345,3373
3,1,8,8,345,3373
2,0,8,8,345,3373
0,5,8,8,346,4400
1,5,8,8,346,4400
0,4,8,8,346,4400
0,6,8,8,346,4400
2,5,8,8,346,4400
1,4,8,8,346,4400
1,6,8,8,346,4400
0,3,8,8,346,4400
0,7,8,8,346,4400
3,5,8,8,346,4400
2,4,8,8,346,4400
2,6,8,8,346,4400
1,3,8,8,346,4400
1,7,8,8,346,4400
0,2,8,8,346,4400
0,8,8,8,346,4400
4,5,8,8,346,4400
3,4,8,8,346,4400
3,6,8,8,346,4400
2,3,8,8,346,4400
2,7,8,8,346,4400
1,2,8,8,346,4400
1,8,8,8,346,4400
0,1,8,8,346,4400
0,9,8,8,346,4400
5,5,8,8,346,4400
4,4,8,8,346,4400
4,6,8,8,346,4400
3,3,8,8,346,4400
3,7,8,8,346,4400
2,2,8,8,346,4400
2,8,8,8,346,4400
1,1,8,8,346,4400
1,9,8,8,346,4400
0,0,8,8,346,4400
6,5,8,8,346,4400
5,4,8,8,346,4400
5,6,8,8,346,4400
4,3,8,8,346,4400
4,7,8,8,346,4400
3,2,8,8,346,4400
3,8,8,8,346,4400
2,1,8,8,346,4400
2,9,8,8,346,4400
1,0,8,8,346,4400
7,5,8,8,346,4400
6,4,8,8,346,4400
6,6,8,8,346,4400
5,3,8,8,346,4400
5,7,8,8,346,4400
4,2,8,8,346,4400
4,8,8,8,346,4400
3,1,8,8,346,4400
3,9,8,8,346,4400
2,0,8,8,346,4400
8,5,8,8,346,4400
7,4,8,8,346,4400
7,6,8,8,346,4400
6,3,8,8,346,4400
6,7,8,8,346,4400
5,2,8,8,346,4400
5,8,8,8,346,4400
4,1,8,8,346,4400
4,9,8,8,346,4400
3,0,8,8,346,4400
9,5,8,8,346,4400
8,4,8,8,346,4400
8,6,8,8,346,4400
7,3,8,8,346,4400
7,7,8,8,346,4400
6,2,8,8,346,4400
6,8,8,8,346,4400
5,1,8,8,346,4400
5,9,8,8,346,4400
4,0,8,8,346,4400
9,4,8,8,346,4400
9,6,8,8,346,4400
9,3,8,8,346,4400
9,7,8,8,346,4400
8,2,8,8,346,4400
8,8,8,8,346,4400
7,1,8,8,346,4400
7,9,8,8,346,4400
6,0,8,8,346,4400
6,9,8,8,346,4400
5,0,8,8,346,4400
0,6,8,8,347,4079
1,6,8,8,347,4079
0,5,8,8,347,4079
0,7,8,8,347,4079
2,6,8,8,347,4079
1,5,8,8,347,4079
1,7,8,8,347,4079
0,4,8,8,347,4079
0,8,8,8,347,4079
3,6,8,8,347,4079
2,5,8,8,347,4079
2,7,8,8,347,4079
1,4,8,8,347,4079
1,8,8,8,347,4079
0,3,8,8,347,4079
0,9,8,8,347,4079
4,6,8,8,347,4079
3,5,8,8,347,4079
3,7,8,8,347,4079
2,4,8,8,347,4079
2,8,8,8,347,4079
1,3,8,8,347,4079
1,9,8,8,347,4079
0,2,8,8,347,4079
5,6,8,8,347,4079
4,5,8,8,347,4079
4,7,8,8,347,4079
3,4,8,8,347,4079
3,8,8,8,347,4079
2,3,8,8,347,4079
2,9,8,8,347,4079
1,2,8,8,347,4079
0,1,8,8,347,4079
6,6,8,8,347,4079
5,5,8,8,347,4079
5,7,8,8,347,4079
4,4,8,8,347,4079
4,8,8,8,347,4079
3,3,8,8,347,4079
3,9,8,8,347,4079
2,2,8,8,347,4079
1,1,8,8,347,4079
0,0,8,8,347,4079
7,6,8,8,347,4079
6,5,8,8,347,4079
6,7,8,8,347,4079
5,4,8,8,347,4079
5,8,8,8,347,4079
4,3,8,8,347,4079
4,9,8,8,347,4079
3,2,8,8,347,4079
2,1,8,8,347,4079
1,0,8,8,347,4079
8,6,8,8,347,4079
7,5,8,8,347,4079
7,7,8,8,347,4079
6,4,8,8,347,4079
6,8,8,8,347,4079
5,3,8,8,347,4079
5,9,8,8,347,4079
4,2,8,8,347,4079
3,1,8,8,347,4079
2,0,8,8,347,4079
9,6,8,8,347,4079
9,5,8,8,347,4079
9,7,8,8,347,4079
8,4,8,8,347,4079
8,8,8,8,347,4079
7,3,8,8,347,4079
7,9,8,8,347,4079
6,2,8,8,347,4079
6,9,8,8,347,4079
5,1,8,8,347,4079
4,0,8,8,347,4079
3,0,8,8,347,4079
0,8,3,7,348,3396
1,8,3,7,348,3396
0,7,3,7,348,3396
0,9,3,7,348,3396
2,8,3,7,348,3396
1,7,3,7,348,3396
1,9,3,7,348,3396
0,6,3,7,348,3396
3,8,3,7,348,3396
2,7,3,7,348,3396
2,9,3,7,348,3396
1,6,3,7,348,3396
0,5,3,7,348,3396
4,8,3,7,348,3396
3,7,3,7,348,3396
3,9,3,7,348,3396
2,6,3,7,348,3396
1,5,3,7,348,3396
0,4,3,7,348,3396
5,8,3,7,348,3396
4,7,3,7,348,3396
4,9,3,7,348,3396
3,6,3,7,348,3396
2,5,3,7,348,3396
1,4,3,7,348,3396
0,3,3,7,348,3396
6,8,3,7,348,3396
5,7,3,7,348,3396
5,9,3,7,348,3396
4,6,3,7,348,3396
3,5,3,7,348,3396
2,4,3,7,348,3396
1,3,3,7,348,3396
0,2,3,7,348,3396
8,8,3,7,348,3396
7,7,3,7,348,3396
7,9,3,7,348,3396
6,6,3,7,348,3396
6,9,3,7,348,3396
5,5,3,7,348,3396
4,4,3,7,348,3396
3,3,3,7,348,3396
2,2,3,7,348,3396
1,1,3,7,348,3396
0,9,2,6,349,3002
1,9,2,6,349,3002
0,8,2,6,349,3002
2,9,2,6,349,3002
1,8,2,6,349,3002
0,7,2,6,349,3002
3,9,2,6,349,3002
2,8,2,6,349,3002
1,7,2,6,349,3002
0,6,2,6,349,3002
4,9,2,6,349,3002
3,8,2,6,349,3002
2,7,2,6,349,3002
1,6,2,6,349,3002
0,5,2,6,349,3002
5,9,2,6,349,3002
4,8,2,6,349,3002
3,7,2,6,349,3002
2,6,2,6,349,3002
1,5,2,6,349,3002
0,4,2,6,349,3002
7,9,2,6,349,3002
6,8,2,6,349,3002
6,9,2,6,349,3002
5,7,2,6,349,3002
5,8,2,6,349,3002
4,6,2,6,349,3002
4,7,2,6,349,3002
3,5,2,6,349,3002
3,6,2,6,349,3002
2,4,2,6,349,3002
2,5,2,6,349,3002
1,3,2,6,349,3002
1,4,2,6,349,3002
0,6,8,8,350,4404
1,6,8,8,350,4404
0,5,8,8,350,4404
0,7,8,8,350,4404
2,6,8,8,350,4404
1,5,8,8,350,4404
1,7,8,8,350,4404
0,4,8,8,350,4404
0,8,8,8,350,4404
3,6,8,8,350,4404
2,5,8,8,350,4404
2,7,8,8,350,4404
1,4,8,8,350,4404
1,8,8,8,350,4404
0,3,8,8,350,4404
0,9,8,8,350,4404
4,6,8,8,350,4404
3,5,8,8,350,4404
3,7,8,8,350,4404
2,4,8,8,350,4404
2,8,8,8,350,4404
1,3,8,8,350,4404
1,9,8,8,350,4404
0,2,8,8,350,4404
5,6,8,8,350,4404
4,5,8,8,350,4404
4,7,8,8,350,4404
3,4,8,8,350,4404
3,8,8,8,350,4404
2,3,8,8,350,4404
2,9,8,8,350,4404
1,2,8,8,350,4404
0,1,8,8,350,4404
6,6,8,8,350,4404
5,5,8,8,350,4404
5,7,8,8,350,4404
4,4,8,8,350,4404
4,8,8,8,350,4404
3,3,8,8,350,4404
3,9,8,8,350,4404
2,2,8,8,350,4404
1,1,8,8,350,4404
0,0,8,8,350,4404
7,6,8,8,350,4404
6,5,8,8,350,4404
6,7,8,8,350,4404
5,4,8,8,350,4404
5,8,8,8,350,4404
4,3,8,8,350,4404
4,9,8,8,350,4404
3,2,8,8,350,4404
2,1,8,8,350,4404
1,0,8,8,350,4404
8,6,8,8,350,4404
7,5,8,8,350,4404
7,7,8,8,350,4404
6,4,8,8,350,4404
6,8,8,8,350,4404
5,3,8,8,350,4404
5,9,8,8,350,4404
4,2,8,8,350,4404
3,1,8,8,350,4404
2,0,8,8,350,4404
9,6,8,8,350,4404
8,5,8,8,350,4404
8,7,8,8,350,4404
7,4,8,8,350,4404
7,8,8,8,350,4404
6,3,8,8,350,4404
6,9,8,8,350,4404
5,2,8,8,350,4404
4,1,8,8,350,4404
3,0,8,8,350,4404
9,5,8,8,350,4404
9,7,8,8,350,4404
8,4,8,8,350,4404
8,8,8,8,350,4404
7,3,8,8,350,4404
7,9,8,8,350,4404
6,2,8,8,350,4404
5,1,8,8,350,4404
4,0,8,8,350,4404
0,7,7,7,351,4098
1,7,7,7,351,4098
0,6,7,7,351,4098
0,8,7,7,351,4098
2,7,7,7,351,4098
1,6,7,7,351,4098
1,8,7,7,351,4098
0,5,7,7,351,4098
0,9,7,7,351,4098
3,7,7,7,351,4098
2,6,7,7,351,4098
2,8,7,7,351,4098
1,5,7,7,351,4098
1,9,7,7,351,4098
0,4,7,7,351,4098
4,7,7,7,351,4098
3,6,7,7,351,4098
3,8,7,7,351,4098
2,5,7,7,351,4098
2,9,7,7,351,4098
1,4,7,7,351,4098
0,3,7,7,351,4098
5,7,7,7,351,4098
4,6,7,7,351,4098
4,8,7,7,351,4098
3,5,7,7,351,4098
3,9,7,7,351,4098
2,4,7,7,351,4098
1,3,7,7,351,4098
0,2,7,7,351,4098
6,7,7,7,351,4098
5,6,7,7,351,4098
5,8,7,7,351,4098
4,5,7,7,351,4098
4,9,7,7,351,4098
3,4,7,7,351,4098
2,3,7,7,351,4098
1,2,7,7,351,4098
0,1,7,7,351,4098
7,7,7,7,351,4098
6,6,7,7,351,4098
6,8,7,7,351,4098
5,5,7,7,351,4098
5,9,7,7,351,4098
4,4,7,7,351,4098
3,3,7,7,351,4098
2,2,7,7,351,4098
1,1,7,7,351,4098
0,0,7,7,351,4098
8,7,7,7,351,4098
7,6,7,7,351,4098
7,8,7,7,351,4098
6,5,7,7,351,4098
6,9,7,7,351,4098
5,4,7,7,351,4098
4,3,7,7,351,4098
3,2,7,7,351,4098
2,1,7,7,351,4098
1,0,7,7,351,4098
9,7,7,7,351,4098
8,6,7,7,351,4098
8,8,7,7,351,4098
7,5,7,7,351,4098
7,9,7,7,351,4098
6,4,7,7,351,4098
5,3,7,7,351,4098
4,2,7,7,351,4098
3,1,7,7,351,4098
2,0,7,7,351,4098
0,8,5,7,352,3767
1,8,5,7,352,3767
0,7,5,7,352,3767
0,9,5,7,352,3767
2,8,5,7,352,3767
1,7,5,7,352,3767
1,9,5,7,352,3767
0,6,5,7,352,3767
3,8,5,7,352,3767
2,7,5,7,352,3767
2,9,5,7,352,3767
1,6,5,7,352,3767
0,5,5,7,352,3767
4,8,5,7,352,3767
3,7,5,7,352,3767
3,9,5,7,352,3767
2,6,5,7,352,3767
1,5,5,7,352,3767
0,4,5,7,352,3767
5,8,5,7,352,3767
4,7,5,7,352,3767
4,9,5,7,352,3767
3,6,5,7,352,3767
2,5,5,7,352,3767
1,4,5,7,352,3767
0,3,5,7,352,3767
6,8,5,7,352,3767
5,7,5,7,352,3767
5,9,5,7,352,3767
4,6,5,7,352,3767
3,5,5,7,352,3767
2,4,5,7,352,3767
1,3,5,7,352,3767
0,2,5,7,352,3767
7,8,5,7,352,3767
6,7,5,7,352,3767
6,9,5,7,352,3767
5,6,5,7,352,3767
4,5,5,7,352,3767
3,4,5,7,352,3767
2,3,5,7,352,3767
1,2,5,7,352,3767
0,1,5,7,352,3767
8,8,5,7,352,3767
7,7,5,7,352,3767
7,9,5,7,352,3767
6,6,5,7,352,3767
5,5,5,7,352,3767
4,4,5,7,352,3767
3,3,5,7,352,3767
2,2,5,7,352,3767
1,1,5,7,352,3767
0,0,5,7,352,3767
4,2,5,3,353,2576
6,2,5,3,353,2576
5,1,5,3,353,2576
5,3,5,3,353,2576
8,2,5,3,353,2576
7,1,5,3,353,2576
7,3,5,3,353,2576
6,0,5,3,353,2576
6,4,5,3,353,2576
9,2,5,3,353,2576
9,1,5,3,353,2576
9,3,5,3,353,2576
8,0,5,3,353,2576
8,4,5,3,353,2576
7,0,5,3,353,2576
7,5,5,3,353,2576
7,2,5,3,353,2576
8,1,5,3,353,2576
8,3,5,3,353,2576
9,0,5,3,353,2576
9,4,5,3,353,2576
9,5,5,3,353,2576
8,6,5,3,353,2576
5,2,5,3,353,2576
6,1,5,3,353,2576
6,3,5,3,353,2576
7,4,5,3,353,2576
8,5,5,3,353,2576
9,6,5,3,353,2576
9,7,5,3,353,2576
5,3,5,3,354,2127
7,3,5,3,354,2127
6,2,5,3,354,2127
6,4,5,3,354,2127
9,3,5,3,354,2127
8,2,5,3,354,2127
8,4,5,3,354,2127
7,1,5,3,354,2127
7,5,5,3,354,2127
8,3,5,3,354,2127
9,2,5,3,354,2127
9,4,5,3,354,2127
9,1,5,3,354,2127
9,5,5,3,354,2127
8,0,5,3,354,2127
8,6,5,3,354,2127
6,3,5,3,354,2127
7,2,5,3,354,2127
7,4,5,3,354,2127
8,1,5,3,354,2127
8,5,5,3,354,2127
9,0,5,3,354,2127
9,6,5,3,354,2127
9,7,5,3,354,2127
3,3,5,5,355,2574
5,3,5,5,355,2574
4,2,5,5,355,2574
4,4,5,5,355,2574
7,3,5,5,355,2574
6,2,5,5,355,2574
6,4,5,5,355,2574
5,1,5,5,355,2574
5,5,5,5,355,2574
9,3,5,5,355,2574
8,2,5,5,355,2574
8,4,5,5,355,2574
7,1,5,5,355,2574
7,5,5,5,355,2574
6,0,5,5,355,2574
6,6,5,5,355,2574
8,3,5,5,355,2574
9,2,5,5,355,2574
9,4,5,5,355,2574
9,1,5,5,355,2574
9,5,5,5,355,2574
8,0,5,5,355,2574
8,6,5,5,355,2574
7,0,5,5,355,2574
7,7,5,5,355,2574
6,3,5,5,355,2574
7,2,5,5,355,2574
7,4,5,5,355,2574
8,1,5,5,355,2574
8,5,5,5,355,2574
9,0,5,5,355,2574
9,6,5,5,355,2574
9,7,5,5,355,2574
8,8,5,5,355,2574
4,4,5,3,356,2127
6,4,5,3,356,2127
5,3,5,3,356,2127
5,5,5,3,356,2127
8,4,5,3,356,2127
7,3,5,3,356,2127
7,5,5,3,356,2127
6,2,5,3,356,2127
6,6,5,3,356,2127
9,4,5,3,356,2127
9,3,5,3,356,2127
9,5,5,3,356,2127
8,2,5,3,356,2127
8,6,5,3,356,2127
7,1,5,3,356,2127
7,7,5,3,356,2127
7,4,5,3,356,2127
8,3,5,3,356,2127
8,5,5,3,356,2127
9,2,5,3,356,2127
9,6,5,3,356,2127
9,1,5,3,356,2127
9,7,5,3,356,2127
8,0,5,3,356,2127
8,8,5,3,356,2127
3,5,5,7,357,2128
5,5,5,7,357,2128
4,4,5,7,357,2128
4,6,5,7,357,2128
7,5,5,7,357,2128
6,4,5,7,357,2128
6,6,5,7,357,2128
5,3,5,7,357,2128
5,7,5,7,357,2128
9,5,5,7,357,2128
8,4,5,7,357,2128
8,6,5,7,357,2128
7,3,5,7,357,2128
7,7,5,7,357,2128
6,2,5,7,357,2128
6,8,5,7,357,2128
8,5,5,7,357,2128
9,4,5,7,357,2128
9,6,5,7,357,2128
9,3,5,7,357,2128
9,7,5,7,357,2128
8,2,5,7,357,2128
8,8,5,7,357,2128
7,1,5,7,357,2128
7,9,5,7,357,2128
1,5,7,7,358,2574
3,5,7,7,358,2574
2,4,7,7,358,2574
2,6,7,7,358,2574
5,5,7,7,358,2574
4,4,7,7,358,2574
4,6,7,7,358,2574
3,3,7,7,358,2574
3,7,7,7,358,2574
7,5,7,7,358,2574
6,4,7,7,358,2574
6,6,7,7,358,2574
5,3,7,7,358,2574
5,7,7,7,358,2574
4,2,7,7,358,2574
4,8,7,7,358,2574
9,5,7,7,358,2574
8,4,7,7,358,2574
8,6,7,7,358,2574
7,3,7,7,358,2574
7,7,7,7,358,2574
6,2,7,7,358,2574
6,8,7,7,358,2574
5,1,7,7,358,2574
5,9,7,7,358,2574
8,5,7,7,358,2574
9,4,7,7,358,2574
9,6,7,7,358,2574
9,3,7,7,358,2574
9,7,7,7,358,2574
8,2,7,7,358,2574
8,8,7,7,358,2574
7,1,7,7,358,2574
7,9,7,7,358,2574
6,0,7,7,358,2574
6,9,7,7,358,2574
2,6,8,8,359,2128
4,6,8,8,359,2128
3,5,8,8,359,2128
3,7,8,8,359,2128
6,6,8,8,359,2128
5,5,8,8,359,2128
5,7,8,8,359,2128
4,4,8,8,359,2128
4,8,8,8,359,2128
8,6,8,8,359,2128
7,5,8,8,359,2128
7,7,8,8,359,2128
6,4,8,8,359,2128
6,8,8,8,359,2128
5,3,8,8,359,2128
5,9,8,8,359,2128
9,6,8,8,359,2128
9,5,8,8,359,2128
9,7,8,8,359,2128
8,4,8,8,359,2128
8,8,8,8,359,2128
7,3,8,8,359,2128
7,9,8,8,359,2128
6,2,8,8,359,2128
6,9,8,8,359,2128
0,6,8,8,360,2574
2,6,8,8,360,2574
1,5,8,8,360,2574
1,7,8,8,360,2574
4,6,8,8,360,2574
3,5,8,8,360,2574
3,7,8,8,360,2574
2,4,8,8,360,2574
2,8,8,8,360,2574
6,6,8,8,360,2574
5,5,8,8,360,2574
5,7,8,8,360,2574
4,4,8,8,360,2574
4,8,8,8,360,2574
3,3,8,8,360,2574
3,9,8,8,360,2574
8,6,8,8,360,2574
7,5,8,8,360,2574
7,7,8,8,360,2574
6,4,8,8,360,2574
6,8,8,8,360,2574
5,3,8,8,360,2574
5,9,8,8,360,2574
4,2,8,8,360,2574
4,9,8,8,360,2574
9,6,8,8,360,2574
9,5,8,8,360,2574
9,7,8,8,360,2574
8,4,8,8,360,2574
8,8,8,8,360,2574
7,3,8,8,360,2574
7,9,8,8,360,2574
6,2,8,8,360,2574
6,9,8,8,360,2574
5,1,8,8,360,2574
5,8,8,8,360,2574
1,7,8,8,361,2127
3,7,8,8,361,2127
2,6,8,8,361,2127
2,8,8,8,361,2127
5,7,8,8,361,2127
4,6,8,8,361,2127
4,8,8,8,361,2127
3,5,8,8,361,2127
3,9,8,8,361,2127
7,7,8,8,361,2127
6,6,8,8,361,2127
6,8,8,8,361,2127
5,5,8,8,361,2127
5,9,8,8,361,2127
4,4,8,8,361,2127
4,9,8,8,361,2127
9,7,8,8,361,2127
8,6,8,8,361,2127
8,8,8,8,361,2127
7,5,8,8,361,2127
7,9,8,8,361,2127
6,4,8,8,361,2127
6,9,8,8,361,2127
5,3,8,8,361,2127
5,8,8,8,361,2127
0,7,8,8,362,2571
1,7,8,8,362,2571
0,6,8,8,362,2571
0,8,8,8,362,2571
3,7,8,8,362,2571
2,6,8,8,362,2571
2,8,8,8,362,2571
1,5,8,8,362,2571
1,9,8,8,362,2571
5,7,8,8,362,2571
4,6,8,8,362,2571
4,8,8,8,362,2571
3,5,8,8,362,2571
3,9,8,8,362,2571
2,4,8,8,362,2571
2,9,8,8,362,2571
7,7,8,8,362,2571
6,6,8,8,362,2571
6,8,8,8,362,2571
5,5,8,8,362,2571
5,9,8,8,362,2571
4,4,8,8,362,2571
4,9,8,8,362,2571
3,3,8,8,362,2571
3,8,8,8,362,2571
9,7,8,8,362,2571
8,6,8,8,362,2571
8,8,8,8,362,2571
7,5,8,8,362,2571
7,9,8,8,362,2571
6,4,8,8,362,2571
6,9,8,8,362,2571
5,3,8,8,362,2571
5,8,8,8,362,2571
4,2,8,8,362,2571
4,7,8,8,362,2571
0,8,7,7,363,2127
2,8,7,7,363,2127
1,7,7,7,363,2127
1,9,7,7,363,2127
4,8,7,7,363,2127
3,7,7,7,363,2127
3,9,7,7,363,2127
2,6,7,7,363,2127
2,9,7,7,363,2127
6,8,7,7,363,2127
5,7,7,7,363,2127
5,9,7,7,363,2127
4,6,7,7,363,2127
4,9,7,7,363,2127
3,5,7,7,363,2127
3,8,7,7,363,2127
8,8,7,7,363,2127
7,7,7,7,363,2127
7,9,7,7,363,2127
6,6,7,7,363,2127
6,9,7,7,363,2127
5,5,7,7,363,2127
5,8,7,7,363,2127
4,4,7,7,363,2127
4,7,7,7,363,2127
0,8,7,7,364,2571
1,8,7,7,364,2571
0,7,7,7,364,2571
0,9,7,7,364,2571
2,8,7,7,364,2571
1,7,7,7,364,2571
1,9,7,7,364,2571
0,6,7,7,364,2571
4,8,7,7,364,2571
3,7,7,7,364,2571
3,9,7,7,364,2571
2,6,7,7,364,2571
2,9,7,7,364,2571
1,5,7,7,364,2571
6,8,7,7,364,2571
5,7,7,7,364,2571
5,9,7,7,364,2571
4,6,7,7,364,2571
4,9,7,7,364,2571
3,5,7,7,364,2571
3,8,7,7,364,2571
2,4,7,7,364,2571
2,7,7,7,364,2571
8,8,7,7,364,2571
7,7,7,7,364,2571
7,9,7,7,364,2571
6,6,7,7,364,2571
6,9,7,7,364,2571
5,5,7,7,364,2571
5,8,7,7,364,2571
4,4,7,7,364,2571
4,7,7,7,364,2571
3,3,7,7,364,2571
3,6,7,7,364,2571
0,9,5,7,365,2130
1,9,5,7,365,2130
0,8,5,7,365,2130
3,9,5,7,365,2130
2,8,5,7,365,2130
2,9,5,7,365,2130
1,7,5,7,365,2130
1,8,5,7,365,2130
5,9,5,7,365,2130
4,8,5,7,365,2130
4,9,5,7,365,2130
3,7,5,7,365,2130
3,8,5,7,365,2130
2,6,5,7,365,2130
2,7,5,7,365,2130
7,9,5,7,365,2130
6,8,5,7,365,2130
6,9,5,7,365,2130
5,7,5,7,365,2130
5,8,5,7,365,2130
4,6,5,7,365,2130
4,7,5,7,365,2130
3,5,5,7,365,2130
3,6,5,7,365,2130
5,5,5,5,271,1646
7,5,5,5,271,1646
6,4,5,5,271,1646
6,6,5,5,271,1646
9,5,5,5,271,1646
8,4,5,5,271,1646
8,6,5,5,271,1646
7,3,5,5,271,1646
7,7,5,5,271,1646
8,5,5,5,271,1646
9,4,5,5,271,1646
9,6,5,5,271,1646
9,3,5,5,271,1646
9,7,5,5,271,1646
8,2,5,5,271,1646
8,8,5,5,271,1646
3,7,8,8,366,1650
5,7,8,8,366,1650
4,6,8,8,366,1650
4,8,8,8,366,1650
7,7,8,8,366,1650
6,6,8,8,366,1650
6,8,8,8,366,1650
5,5,8,8,366,1650
5,9,8,8,366,1650
9,7,8,8,366,1650
8,6,8,8,366,1650
8,8,8,8,366,1650
7,5,8,8,366,1650
7,9,8,8,366,1650
6,4,8,8,366,1650
6,9,8,8,366,1650
2,8,7,7,273,1650
4,8,7,7,273,1650
3,7,7,7,273,1650
3,9,7,7,273,1650
6,8,7,7,273,1650
5,7,7,7,273,1650
5,9,7,7,273,1650
4,6,7,7,273,1650
4,9,7,7,273,1650
8,8,7,7,273,1650
7,7,7,7,273,1650
7,9,7,7,273,1650
6,6,7,7,273,1650
6,9,7,7,273,1650
5,5,7,7,273,1650
5,8,7,7,273,1650
1,9,5,7,319,1651
3,9,5,7,319,1651
2,8,5,7,319,1651
2,9,5,7,319,1651
5,9,5,7,319,1651
4,8,5,7,319,1651
4,9,5,7,319,1651
3,7,5,7,319,1651
3,8,5,7,319,1651
7,9,5,7,319,1651
6,8,5,7,319,1651
6,9,5,7,319,1651
5,7,5,7,319,1651
5,8,5,7,319,1651
4,6,5,7,319,1651
4,7,5,7,319,1651
7,5,7,5,270,1138
9,5,7,5,270,1138
8,4,7,5,270,1138
8,6,7,5,270,1138
8,5,7,5,270,1138
9,4,7,5,270,1138
9,6,7,5,270,1138
9,3,7,5,270,1138
9,7,7,5,270,1138
5,7,8,8,71,1138
7,7,8,8,71,1138
6,6,8,8,71,1138
6,8,8,8,71,1138
9,7,8,8,71,1138
8,6,8,8,71,1138
8,8,8,8,71,1138
7,5,8,8,71,1138
7,9,8,8,71,1138
7,7,8,8,23,588
9,7,8,8,23,588
8,6,8,8,23,588
8,8,8,8,23,588
9,7,9,7,0,0
8,8,8,8,0,0
7,9,7,9,0,0
0,0,6,7,367,4408
1,0,6,7,367,4408
0,1,6,7,367,4408
2,0,6,7,367,4408
1,1,6,7,367,4408
0,2,6,7,367,4408
3,0,6,7,367,4408
2,1,6,7,367,4408
1,2,6,7,367,4408
0,3,6,7,367,4408
5,0,6,7,367,4408
4,0,6,7,367,4408
4,1,6,7,367,4408
3,1,6,7,367,4408
3,2,6,7,367,4408
2,2,6,7,367,4408
2,3,6,7,367,4408
1,3,6,7,367,4408
1,4,6,7,367,4408
7,0,6,7,367,4408
6,0,6,7,367,4408
6,1,6,7,367,4408
5,1,6,7,367,4408
5,2,6,7,367,4408
4,2,6,7,367,4408
4,3,6,7,367,4408
3,3,6,7,367,4408
3,4,6,7,367,4408
2,4,6,7,367,4408
2,5,6,7,367,4408
9,0,6,7,367,4408
8,0,6,7,367,4408
8,1,6,7,367,4408
7,1,6,7,367,4408
7,2,6,7,367,4408
6,2,6,7,367,4408
6,3,6,7,367,4408
5,3,6,7,367,4408
5,4,6,7,367,4408
4,4,6,7,367,4408
4,5,6,7,367,4408
3,5,6,7,367,4408
3,6,6,7,367,4408
9,1,6,7,367,4408
9,2,6,7,367,4408
8,2,6,7,367,4408
8,3,6,7,367,4408
7,3,6,7,367,4408
7,4,6,7,367,4408
6,4,6,7,367,4408
6,5,6,7,367,4408
5,5,6,7,367,4408
5,6,6,7,367,4408
4,6,6,7,367,4408
4,7,6,7,367,4408
9,3,6,7,367,4408
9,4,6,7,367,4408
8,4,6,7,367,4408
8,5,6,7,367,4408
7,5,6,7,367,4408
7,6,6,7,367,4408
6,6,6,7,367,4408
6,7,6,7,367,4408
5,7,6,7,367,4408
5,8,6,7,367,4408
9,5,6,7,367,4408
9,6,6,7,367,4408
8,6,6,7,367,4408
8,7,6,7,367,4408
7,7,6,7,367,4408
7,8,6,7,367,4408
6,8,6,7,367,4408
6,9,6,7,367,4408
9,7,6,7,367,4408
9,8,6,7,367,4408
8,8,6,7,367,4408
8,9,6,7,367,4408
7,9,6,7,367,4408
0,0,5,6,368,4101
1,0,5,6,368,4101
0,1,5,6,368,4101
3,0,5,6,368,4101
2,0,5,6,368,4101
2,1,5,6,368,4101
1,1,5,6,368,4101
1,2,5,6,368,4101
5,0,5,6,368,4101
4,0,5,6,368,4101
4,1,5,6,368,4101
3,1,5,6,368,4101
3,2,5,6,368,4101
2,2,5,6,368,4101
2,3,5,6,368,4101
7,0,5,6,368,4101
6,0,5,6,368,4101
6,1,5,6,368,4101
5,1,5,6,368,4101
5,2,5,6,368,4101
4,2,5,6,368,4101
4,3,5,6,368,4101
3,3,5,6,368,4101
3,4,5,6,368,4101
9,0,5,6,368,4101
8,0,5,6,368,4101
8,1,5,6,368,4101
7,1,5,6,368,4101
7,2,5,6,368,4101
6,2,5,6,368,4101
6,3,5,6,368,4101
5,3,5,6,368,4101
5,4,5,6,368,4101
4,4,5,6,368,4101
4,5,5,6,368,4101
9,1,5,6,368,4101
9,2,5,6,368,4101
8,2,5,6,368,4101
8,3,5,6,368,4101
7,3,5,6,368,4101
7,4,5,6,368,4101
6,4,5,6,368,4101
6,5,5,6,368,4101
5,5,5,6,368,4101
5,6,5,6,368,4101
9,3,5,6,368,4101
9,4,5,6,368,4101
8,4,5,6,368,4101
8,5,5,6,368,4101
7,5,5,6,368,4101
7,6,5,6,368,4101
6,6,5,6,368,4101
6,7,5,6,368,4101
9,5,5,6,368,4101
9,6,5,6,368,4101
8,6,5,6,368,4101
8,7,5,6,368,4101
7,7,5,6,368,4101
7,8,5,6,368,4101
9,7,5,6,368,4101
9,8,5,6,368,4101
8,8,5,6,368,4101
8,9,5,6,368,4101
1,0,5,4,369,3769
3,0,5,4,369,3769
2,0,5,4,369,3769
2,1,5,4,369,3769
5,0,5,4,369,3769
4,0,5,4,369,3769
4,1,5,4,369,3769
3,1,5,4,369,3769
3,2,5,4,369,3769
7,0,5,4,369,3769
6,0,5,4,369,3769
6,1,5,4,369,3769
5,1,5,4,369,3769
5,2,5,4,369,3769
4,2,5,4,369,3769
4,3,5,4,369,3769
9,0,5,4,369,3769
8,0,5,4,369,3769
8,1,5,4,369,3769
7,1,5,4,369,3769
7,2,5,4,369,3769
6,2,5,4,369,3769
6,3,5,4,369,3769
5,3,5,4,369,3769
5,4,5,4,369,3769
9,1,5,4,369,3769
9,2,5,4,369,3769
8,2,5,4,369,3769
8,3,5,4,369,3769
7,3,5,4,369,3769
7,4,5,4,369,3769
6,4,5,4,369,3769
6,5,5,4,369,3769
9,3,5,4,369,3769
9,4,5,4,369,3769
8,4,5,4,369,3769
8,5,5,4,369,3769
7,5,5,4,369,3769
7,6,5,4,369,3769
9,5,5,4,369,3769
9,6,5,4,369,3769
8,6,5,4,369,3769
8,7,5,4,369,3769
9,7,5,4,369,3769
9,8,5,4,369,3769
0,1,5,6,370,3745
2,1,5,6,370,3745
1,0,5,6,370,3745
1,2,5,6,370,3745
4,1,5,6,370,3745
3,0,5,6,370,3745
3,2,5,6,370,3745
2,0,5,6,370,3745
2,3,5,6,370,3745
6,1,5,6,370,3745
5,0,5,6,370,3745
5,2,5,6,370,3745
4,0,5,6,370,3745
4,3,5,6,370,3745
3,1,5,6,370,3745
3,4,5,6,370,3745
8,1,5,6,370,3745
7,0,5,6,370,3745
7,2,5,6,370,3745
6,0,5,6,370,3745
6,3,5,6,370,3745
5,1,5,6,370,3745
5,4,5,6,370,3745
4,2,5,6,370,3745
4,5,5,6,370,3745
9,1,5,6,370,3745
9,0,5,6,370,3745
9,2,5,6,370,3745
8,0,5,6,370,3745
8,3,5,6,370,3745
7,1,5,6,370,3745
7,4,5,6,370,3745
6,2,5,6,370,3745
6,5,5,6,370,3745
5,3,5,6,370,3745
5,6,5,6,370,3745
8,2,5,6,370,3745
9,3,5,6,370,3745
9,4,5,6,370,3745
8,5,5,6,370,3745
7,3,5,6,370,3745
7,6,5,6,370,3745
6,4,5,6,370,3745
6,7,5,6,370,3745
8,4,5,6,370,3745
9,5,5,6,370,3745
9,6,5,6,370,3745
8,7,5,6,370,3745
7,5,5,6,370,3745
7,8,5,6,370,3745
8,6,5,6,370,3745
9,7,5,6,370,3745
9,8,5,6,370,3745
8,9,5,6,370,3745
1,2,5,6,371,3381
3,2,5,6,371,3381
2,1,5,6,371,3381
2,3,5,6,371,3381
5,2,5,6,371,3381
4,1,5,6,371,3381
4,3,5,6,371,3381
3,0,5,6,371,3381
3,4,5,6,371,3381
7,2,5,6,371,3381
6,1,5,6,371,3381
6,3,5,6,371,3381
5,0,5,6,371,3381
5,4,5,6,371,3381
4,0,5,6,371,3381
4,5,5,6,371,3381
9,2,5,6,371,3381
8,1,5,6,371,3381
8,3,5,6,371,3381
7,0,5,6,371,3381
7,4,5,6,371,3381
6,0,5,6,371,3381
6,5,5,6,371,3381
5,1,5,6,371,3381
5,6,5,6,371,3381
8,2,5,6,371,3381
9,1,5,6,371,3381
9,3,5,6,371,3381
9,0,5,6,371,3381
9,4,5,6,371,3381
8,0,5,6,371,3381
8,5,5,6,371,3381
7,1,5,6,371,3381
7,6,5,6,371,3381
6,2,5,6,371,3381
6,7,5,6,371,3381
7,3,5,6,371,3381
8,4,5,6,371,3381
9,5,5,6,371,3381
9,6,5,6,371,3381
8,7,5,6,371,3381
7,8,5,6,371,3381
4,2,5,6,371,3381
5,3,5,6,371,3381
6,4,5,6,371,3381
7,5,5,6,371,3381
8,6,5,6,371,3381
9,7,5,6,371,3381
9,8,5,6,371,3381
8,9,5,6,371,3381
0,1,6,7,372,4084
1,1,6,7,372,4084
0,0,6,7,372,4084
0,2,6,7,372,4084
2,1,6,7,372,4084
1,0,6,7,372,4084
1,2,6,7,372,4084
0,3,6,7,372,4084
4,1,6,7,372,4084
3,0,6,7,372,4084
3,2,6,7,372,4084
2,0,6,7,372,4084
2,3,6,7,372,4084
1,4,6,7,372,4084
6,1,6,7,372,4084
5,0,6,7,372,4084
5,2,6,7,372,4084
4,0,6,7,372,4084
4,3,6,7,372,4084
3,1,6,7,372,4084
3,4,6,7,372,4084
2,2,6,7,372,4084
2,5,6,7,372,4084
8,1,6,7,372,4084
7,0,6,7,372,4084
7,2,6,7,372,4084
6,0,6,7,372,4084
6,3,6,7,372,4084
5,1,6,7,372,4084
5,4,6,7,372,4084
4,2,6,7,372,4084
4,5,6,7,372,4084
3,3,6,7,372,4084
3,6,6,7,372,4084
9,1,6,7,372,4084
9,0,6,7,372,4084
9,2,6,7,372,4084
8,0,6,7,372,4084
8,3,6,7,372,4084
7,1,6,7,372,4084
7,4,6,7,372,4084
6,2,6,7,372,4084
6,5,6,7,372,4084
5,3,6,7,372,4084
5,6,6,7,372,4084
4,4,6,7,372,4084
4,7,6,7,372,4084
8,2,6,7,372,4084
9,3,6,7,372,4084
9,4,6,7,372,4084
8,5,6,7,372,4084
7,3,6,7,372,4084
7,6,6,7,372,4084
6,4,6,7,372,4084
6,7,6,7,372,4084
5,5,6,7,372,4084
5,8,6,7,372,4084
8,4,6,7,372,4084
9,5,6,7,372,4084
9,6,6,7,372,4084
8,7,6,7,372,4084
7,5,6,7,372,4084
7,8,6,7,372,4084
6,6,6,7,372,4084
6,9,6,7,372,4084
8,6,6,7,372,4084
9,7,6,7,372,4084
9,8,6,7,372,4084
8,9,6,7,372,4084
7,7,6,7,372,4084
7,9,6,7,372,4084
0,2,6,7,373,3745
1,2,6,7,373,3745
0,1,6,7,373,3745
0,3,6,7,373,3745
3,2,6,7,373,3745
2,1,6,7,373,3745
2,3,6,7,373,3745
1,0,6,7,373,3745
1,4,6,7,373,3745
5,2,6,7,373,3745
4,1,6,7,373,3745
4,3,6,7,373,3745
3,0,6,7,373,3745
3,4,6,7,373,3745
2,0,6,7,373,3745
2,5,6,7,373,3745
7,2,6,7,373,3745
6,1,6,7,373,3745
6,3,6,7,373,3745
5,0,6,7,373,3745
5,4,6,7,373,3745
4,0,6,7,373,3745
4,5,6,7,373,3745
3,1,6,7,373,3745
3,6,6,7,373,3745
9,2,6,7,373,3745
8,1,6,7,373,3745
8,3,6,7,373,3745
7,0,6,7,373,3745
7,4,6,7,373,3745
6,0,6,7,373,3745
6,5,6,7,373,3745
5,1,6,7,373,3745
5,6,6,7,373,3745
4,2,6,7,373,3745
4,7,6,7,373,3745
8,2,6,7,373,3745
9,1,6,7,373,3745
9,3,6,7,373,3745
9,0,6,7,373,3745
9,4,6,7,373,3745
8,0,6,7,373,3745
8,5,6,7,373,3745
7,1,6,7,373,3745
7,6,6,7,373,3745
6,2,6,7,373,3745
6,7,6,7,373,3745
5,3,6,7,373,3745
5,8,6,7,373,3745
7,3,6,7,373,3745
8,4,6,7,373,3745
9,5,6,7,373,3745
9,6,6,7,373,3745
8,7,6,7,373,3745
7,8,6,7,373,3745
6,4,6,7,373,3745
6,9,6,7,373,3745
7,5,6,7,373,3745
8,6,6,7,373,3745
9,7,6,7,373,3745
9,8,6,7,373,3745
8,9,6,7,373,3745
7,9,6,7,373,3745
0,3,6,7,374,3381
2,3,6,7,374,3381
1,2,6,7,374,3381
1,4,6,7,374,3381
4,3,6,7,374,3381
3,2,6,7,374,3381
3,4,6,7,374,3381
2,1,6,7,374,3381
2,5,6,7,374,3381
6,3,6,7,374,3381
5,2,6,7,374,3381
5,4,6,7,374,3381
4,1,6,7,374,3381
4,5,6,7,374,3381
3,0,6,7,374,3381
3,6,6,7,374,3381
8,3,6,7,374,3381
7,2,6,7,374,3381
7,4,6,7,374,3381
6,1,6,7,374,3381
6,5,6,7,374,3381
5,0,6,7,374,3381
5,6,6,7,374,3381
4,0,6,7,374,3381
4,7,6,7,374,3381
9,3,6,7,374,3381
9,2,6,7,374,3381
9,4,6,7,374,3381
8,1,6,7,374,3381
8,5,6,7,374,3381
7,0,6,7,374,3381
7,6,6,7,374,3381
6,0,6,7,374,3381
6,7,6,7,374,3381
5,1,6,7,374,3381
5,8,6,7,374,3381
7,3,6,7,374,3381
8,2,6,7,374,3381
8,4,6,7,374,3381
9,1,6,7,374,3381
9,5,6,7,374,3381
9,0,6,7,374,3381
9,6,6,7,374,3381
8,0,6,7,374,3381
8,7,6,7,374,3381
7,1,6,7,374,3381
7,8,6,7,374,3381
6,2,6,7,374,3381
6,9,6,7,374,3381
5,3,6,7,374,3381
6,4,6,7,374,3381
7,5,6,7,374,3381
8,6,6,7,374,3381
9,7,6,7,374,3381
9,8,6,7,374,3381
8,9,6,7,374,3381
7,9,6,7,374,3381
0,1,6,7,375,4403
1,1,6,7,375,4403
0,0,6,7,375,4403
0,2,6,7,375,4403
2,1,6,7,375,4403
1,0,6,7,375,4403
1,2,6,7,375,4403
0,3,6,7,375,4403
3,1,6,7,375,4403
2,0,6,7,375,4403
2,2,6,7,375,4403
1,3,6,7,375,4403
0,4,6,7,375,4403
4,1,6,7,375,4403
3,0,6,7,375,4403
3,2,6,7,375,4403
2,3,6,7,375,4403
1,4,6,7,375,4403
0,5,6,7,375,4403
6,1,6,7,375,4403
5,0,6,7,375,4403
5,2,6,7,375,4403
4,0,6,7,375,4403
4,3,6,7,375,4403
3,4,6,7,375,4403
2,5,6,7,375,4403
1,6,6,7,375,4403
8,1,6,7,375,4403
7,0,6,7,375,4403
7,2,6,7,375,4403
6,0,6,7,375,4403
6,3,6,7,375,4403
5,1,6,7,375,4403
5,4,6,7,375,4403
4,2,6,7,375,4403
4,5,6,7,375,4403
3,3,6,7,375,4403
3,6,6,7,375,4403
2,4,6,7,375,4403
2,7,6,7,375,4403
9,1,6,7,375,4403
9,0,6,7,375,4403
9,2,6,7,375,4403
8,0,6,7,375,4403
8,3,6,7,375,4403
7,1,6,7,375,4403
7,4,6,7,375,4403
6,2,6,7,375,4403
6,5,6,7,375,4403
5,3,6,7,375,4403
5,6,6,7,375,4403
4,4,6,7,375,4403
4,7,6,7,375,4403
3,5,6,7,375,4403
3,8,6,7,375,4403
8,2,6,7,375,4403
9,3,6,7,375,4403
9,4,6,7,375,4403
8,5,6,7,375,4403
7,3,6,7,375,4403
7,6,6,7,375,4403
6,4,6,7,375,4403
6,7,6,7,375,4403
5,5,6,7,375,4403
5,8,6,7,375,4403
4,6,6,7,375,4403
4,9,6,7,375,4403
8,4,6,7,375,4403
9,5,6,7,375,4403
9,6,6,7,375,4403
8,7,6,7,375,4403
7,5,6,7,375,4403
7,8,6,7,375,4403
6,6,6,7,375,4403
6,9,6,7,375,4403
5,7,6,7,375,4403
5,9,6,7,375,4403
8,6,6,7,375,4403
9,7,6,7,375,4403
9,8,6,7,375,4403
8,9,6,7,375,4403
7,7,6,7,375,4403
7,9,6,7,375,4403
6,8,6,7,375,4403
0,3,8,7,376,3746
1,3,8,7,376,3746
0,2,8,7,376,3746
0,4,8,7,376,3746
2,3,8,7,376,3746
1,2,8,7,376,3746
1,4,8,7,376,3746
0,1,8,7,376,3746
0,5,8,7,376,3746
4,3,8,7,376,3746
3,2,8,7,376,3746
3,4,8,7,376,3746
2,1,8,7,376,3746
2,5,8,7,376,3746
1,0,8,7,376,3746
1,6,8,7,376,3746
6,3,8,7,376,3746
5,2,8,7,376,3746
5,4,8,7,376,3746
4,1,8,7,376,3746
4,5,8,7,376,3746
3,0,8,7,376,3746
3,6,8,7,376,3746
2,0,8,7,376,3746
2,7,8,7,376,3746
8,3,8,7,376,3746
7,2,8,7,376,3746
7,4,8,7,376,3746
6,1,8,7,376,3746
6,5,8,7,376,3746
5,0,8,7,376,3746
5,6,8,7,376,3746
4,0,8,7,376,3746
4,7,8,7,376,3746
3,1,8,7,376,3746
3,8,8,7,376,3746
9,3,8,7,376,3746
9,2,8,7,376,3746
9,4,8,7,376,3746
8,1,8,7,376,3746
8,5,8,7,376,3746
7,0,8,7,376,3746
7,6,8,7,376,3746
6,0,8,7,376,3746
6,7,8,7,376,3746
5,1,8,7,376,3746
5,8,8,7,376,3746
4,2,8,7,376,3746
4,9,8,7,376,3746
7,3,8,7,376,3746
8,2,8,7,376,3746
8,4,8,7,376,3746
9,1,8,7,376,3746
9,5,8,7,376,3746
9,0,8,7,376,3746
9,6,8,7,376,3746
8,0,8,7,376,3746
8,7,8,7,376,3746
7,1,8,7,376,3746
7,8,8,7,376,3746
6,2,8,7,376,3746
6,9,8,7,376,3746
5,3,8,7,376,3746
5,9,8,7,376,3746
6,4,8,7,376,3746
7,5,8,7,376,3746
8,6,8,7,376,3746
9,7,8,7,376,3746
9,8,8,7,376,3746
8,9,8,7,376,3746
7,9,8,7,376,3746
6,8,8,7,376,3746
0,4,8,7,377,3381
1,4,8,7,377,3381
0,3,8,7,377,3381
0,5,8,7,377,3381
3,4,8,7,377,3381
2,3,8,7,377,3381
2,5,8,7,377,3381
1,2,8,7,377,3381
1,6,8,7,377,3381
5,4,8,7,377,3381
4,3,8,7,377,3381
4,5,8,7,377,3381
3,2,8,7,377,3381
3,6,8,7,377,3381
2,1,8,7,377,3381
2,7,8,7,377,3381
7,4,8,7,377,3381
6,3,8,7,377,3381
6,5,8,7,377,3381
5,2,8,7,377,3381
5,6,8,7,377,3381
4,1,8,7,377,3381
4,7,8,7,377,3381
3,0,8,7,377,3381
3,8,8,7,377,3381
9,4,8,7,377,3381
8,3,8,7,377,3381
8,5,8,7,377,3381
7,2,8,7,377,3381
7,6,8,7,377,3381
6,1,8,7,377,3381
6,7,8,7,377,3381
5,0,8,7,377,3381
5,8,8,7,377,3381
4,0,8,7,377,3381
4,9,8,7,377,3381
8,4,8,7,377,3381
9,3,8,7,377,3381
9,5,8,7,377,3381
9,2,8,7,377,3381
9,6,8,7,377,3381
8,1,8,7,377,3381
8,7,8,7,377,3381
7,0,8,7,377,3381
7,8,8,7,377,3381
6,0,8,7,377,3381
6,9,8,7,377,3381
5,1,8,7,377,3381
5,9,8,7,377,3381
6,4,8,7,377,3381
7,3,8,7,377,3381
7,5,8,7,377,3381
8,2,8,7,377,3381
8,6,8,7,377,3381
9,1,8,7,377,3381
9,7,8,7,377,3381
9,0,8,7,377,3381
9,8,8,7,377,3381
8,0,8,7,377,3381
8,9,8,7,377,3381
7,1,8,7,377,3381
7,9,8,7,377,3381
6,2,8,7,377,3381
6,8,8,7,377,3381
0,3,8,9,378,4083
1,3,8,9,378,4083
0,2,8,9,378,4083
0,4,8,9,378,4083
2,3,8,9,378,4083
1,2,8,9,378,4083
1,4,8,9,378,4083
0,1,8,9,378,4083
0,5,8,9,378,4083
3,3,8,9,378,4083
2,2,8,9,378,4083
2,4,8,9,378,4083
1,1,8,9,378,4083
1,5,8,9,378,4083
0,0,8,9,378,4083
0,6,8,9,378,4083
4,3,8,9,378,4083
3,2,8,9,378,4083
3,4,8,9,378,4083
2,1,8,9,378,4083
2,5,8,9,378,4083
1,0,8,9,378,4083
1,6,8,9,378,4083
0,7,8,9,378,4083
6,3,8,9,378,4083
5,2,8,9,378,4083
5,4,8,9,378,4083
4,1,8,9,378,4083
4,5,8,9,378,4083
3,0,8,9,378,4083
3,6,8,9,378,4083
2,0,8,9,378,4083
2,7,8,9,378,4083
1,8,8,9,378,4083
8,3,8,9,378,4083
7,2,8,9,378,4083
7,4,8,9,378,4083
6,1,8,9,378,4083
6,5,8,9,378,4083
5,0,8,9,378,4083
5,6,8,9,378,4083
4,0,8,9,378,4083
4,7,8,9,378,4083
3,1,8,9,378,4083
3,8,8,9,378,4083
2,9,8,9,378,4083
9,3,8,9,378,4083
9,2,8,9,378,4083
9,4,8,9,378,4083
8,1,8,9,378,4083
8,5,8,9,378,4083
7,0,8,9,378,4083
7,6,8,9,378,4083
6,0,8,9,378,4083
6,7,8,9,378,4083
5,1,8,9,378,4083
5,8,8,9,378,4083
4,2,8,9,378,4083
4,9,8,9,378,4083
3,9,8,9,378,4083
7,3,8,9,378,4083
8,2,8,9,378,4083
8,4,8,9,378,4083
9,1,8,9,378,4083
9,5,8,9,378,4083
9,0,8,9,378,4083
9,6,8,9,378,4083
8,0,8,9,378,4083
8,7,8,9,378,4083
7,1,8,9,378,4083
7,8,8,9,378,4083
6,2,8,9,378,4083
6,9,8,9,378,4083
5,3,8,9,378,4083
5,9,8,9,378,4083
4,4,8,9,378,4083
4,8,8,9,378,4083
6,4,8,9,378,4083
7,5,8,9,378,4083
8,6,8,9,378,4083
9,7,8,9,378,4083
9,8,8,9,378,4083
8,9,8,9,378,4083
7,9,8,9,378,4083
6,8,8,9,378,4083
5,5,8,9,378,4083
5,7,8,9,378,4083
0,4,8,9,379,3744
1,4,8,9,379,3744
0,3,8,9,379,3744
0,5,8,9,379,3744
2,4,8,9,379,3744
1,3,8,9,379,3744
1,5,8,9,379,3744
0,2,8,9,379,3744
0,6,8,9,379,3744
3,4,8,9,379,3744
2,3,8,9,379,3744
2,5,8,9,379,3744
1,2,8,9,379,3744
1,6,8,9,379,3744
0,1,8,9,379,3744
0,7,8,9,379,3744
5,4,8,9,379,3744
4,3,8,9,379,3744
4,5,8,9,379,3744
3,2,8,9,379,3744
3,6,8,9,379,3744
2,1,8,9,379,3744
2,7,8,9,379,3744
1,0,8,9,379,3744
1,8,8,9,379,3744
7,4,8,9,379,3744
6,3,8,9,379,3744
6,5,8,9,379,3744
5,2,8,9,379,3744
5,6,8,9,379,3744
4,1,8,9,379,3744
4,7,8,9,379,3744
3,0,8,9,379,3744
3,8,8,9,379,3744
2,0,8,9,379,3744
2,9,8,9,379,3744
9,4,8,9,379,3744
8,3,8,9,379,3744
8,5,8,9,379,3744
7,2,8,9,379,3744
7,6,8,9,379,3744
6,1,8,9,379,3744
6,7,8,9,379,3744
5,0,8,9,379,3744
5,8,8,9,379,3744
4,0,8,9,379,3744
4,9,8,9,379,3744
3,1,8,9,379,3744
3,9,8,9,379,3744
8,4,8,9,379,3744
9,3,8,9,379,3744
9,5,8,9,379,3744
9,2,8,9,379,3744
9,6,8,9,379,3744
8,1,8,9,379,3744
8,7,8,9,379,3744
7,0,8,9,379,3744
7,8,8,9,379,3744
6,0,8,9,379,3744
6,9,8,9,379,3744
5,1,8,9,379,3744
5,9,8,9,379,3744
4,2,8,9,379,3744
4,8,8,9,379,3744
6,4,8,9,379,3744
7,3,8,9,379,3744
7,5,8,9,379,3744
8,2,8,9,379,3744
8,6,8,9,379,3744
9,1,8,9,379,3744
9,7,8,9,379,3744
9,0,8,9,379,3744
9,8,8,9,379,3744
8,0,8,9,379,3744
8,9,8,9,379,3744
7,1,8,9,379,3744
7,9,8,9,379,3744
6,2,8,9,379,3744
6,8,8,9,379,3744
5,3,8,9,379,3744
5,7,8,9,379,3744
0,5,8,9,380,3381
1,5,8,9,380,3381
0,4,8,9,380,3381
0,6,8,9,380,3381
2,5,8,9,380,3381
1,4,8,9,380,3381
1,6,8,9,380,3381
0,3,8,9,380,3381
0,7,8,9,380,3381
4,5,8,9,380,3381
3,4,8,9,380,3381
3,6,8,9,380,3381
2,3,8,9,380,3381
2,7,8,9,380,3381
1,2,8,9,380,3381
1,8,8,9,380,3381
6,5,8,9,380,3381
5,4,8,9,380,3381
5,6,8,9,380,3381
4,3,8,9,380,3381
4,7,8,9,380,3381
3,2,8,9,380,3381
3,8,8,9,380,3381
2,1,8,9,380,3381
2,9,8,9,380,3381
8,5,8,9,380,3381
7,4,8,9,380,3381
7,6,8,9,380,3381
6,3,8,9,380,3381
6,7,8,9,380,3381
5,2,8,9,380,3381
5,8,8,9,380,3381
4,1,8,9,380,3381
4,9,8,9,380,3381
3,0,8,9,380,3381
3,9,8,9,380,3381
9,5,8,9,380,3381
9,4,8,9,380,3381
9,6,8,9,380,3381
8,3,8,9,380,3381
8,7,8,9,380,3381
7,2,8,9,380,3381
7,8,8,9,380,3381
6,1,8,9,380,3381
6,9,8,9,380,3381
5,0,8,9,380,3381
5,9,8,9,380,3381
4,0,8,9,380,3381
4,8,8,9,380,3381
7,5,8,9,380,3381
8,4,8,9,380,3381
8,6,8,9,380,3381
9,3,8,9,380,3381
9,7,8,9,380,3381
9,2,8,9,380,3381
9,8,8,9,380,3381
8,1,8,9,380,3381
8,9,8,9,380,3381
7,0,8,9,380,3381
7,9,8,9,380,3381
6,0,8,9,380,3381
6,8,8,9,380,3381
5,1,8,9,380,3381
5,7,8,9,380,3381
0,3,8,9,381,4403
1,3,8,9,381,4403
0,2,8,9,381,4403
0,4,8,9,381,4403
2,3,8,9,381,4403
1,2,8,9,381,4403
1,4,8,9,381,4403
0,1,8,9,381,4403
0,5,8,9,381,4403
3,3,8,9,381,4403
2,2,8,9,381,4403
2,4,8,9,381,4403
1,1,8,9,381,4403
1,5,8,9,381,4403
0,0,8,9,381,4403
0,6,8,9,381,4403
4,3,8,9,381,4403
3,2,8,9,381,4403
3,4,8,9,381,4403
2,1,8,9,381,4403
2,5,8,9,381,4403
1,0,8,9,381,4403
1,6,8,9,381,4403
0,7,8,9,381,4403
5,3,8,9,381,4403
4,2,8,9,381,4403
4,4,8,9,381,4403
3,1,8,9,381,4403
3,5,8,9,381,4403
2,0,8,9,381,4403
2,6,8,9,381,4403
1,7,8,9,381,4403
0,8,8,9,381,4403
6,3,8,9,381,4403
5,2,8,9,381,4403
5,4,8,9,381,4403
4,1,8,9,381,4403
4,5,8,9,381,4403
3,0,8,9,381,4403
3,6,8,9,381,4403
2,7,8,9,381,4403
1,8,8,9,381,4403
0,9,8,9,381,4403
8,3,8,9,381,4403
7,2,8,9,381,4403
7,4,8,9,381,4403
6,1,8,9,381,4403
6,5,8,9,381,4403
5,0,8,9,381,4403
5,6,8,9,381,4403
4,0,8,9,381,4403
4,7,8,9,381,4403
3,8,8,9,381,4403
2,9,8,9,381,4403
1,9,8,9,381,4403
9,3,8,9,381,4403
9,2,8,9,381,4403
9,4,8,9,381,4403
8,1,8,9,381,4403
8,5,8,9,381,4403
7,0,8,9,381,4403
7,6,8,9,381,4403
6,0,8,9,381,4403
6,7,8,9,381,4403
5,1,8,9,381,4403
5,8,8,9,381,4403
4,9,8,9,381,4403
3,9,8,9,381,4403
2,8,8,9,381,4403
7,3,8,9,381,4403
8,2,8,9,381,4403
8,4,8,9,381,4403
9,1,8,9,381,4403
9,5,8,9,381,4403
9,0,8,9,381,4403
9,6,8,9,381,4403
8,0,8,9,381,4403
8,7,8,9,381,4403
7,1,8,9,381,4403
7,8,8,9,381,4403
6,2,8,9,381,4403
6,9,8,9,381,4403
5,9,8,9,381,4403
4,8,8,9,381,4403
3,7,8,9,381,4403
6,4,8,9,381,4403
7,5,8,9,381,4403
8,6,8,9,381,4403
9,7,8,9,381,4403
9,8,8,9,381,4403
8,9,8,9,381,4403
7,9,8,9,381,4403
6,8,8,9,381,4403
5,5,8,9,381,4403
5,7,8,9,381,4403
4,6,8,9,381,4403
0,4,8,9,382,4086
1,4,8,9,382,4086
0,3,8,9,382,4086
0,5,8,9,382,4086
2,4,8,9,382,4086
1,3,8,9,382,4086
1,5,8,9,382,4086
0,2,8,9,382,4086
0,6,8,9,382,4086
3,4,8,9,382,4086
2,3,8,9,382,4086
2,5,8,9,382,4086
1,2,8,9,382,4086
1,6,8,9,382,4086
0,1,8,9,382,4086
0,7,8,9,382,4086
4,4,8,9,382,4086
3,3,8,9,382,4086
3,5,8,9,382,4086
2,2,8,9,382,4086
2,6,8,9,382,4086
1,1,8,9,382,4086
1,7,8,9,382,4086
0,0,8,9,382,4086
0,8,8,9,382,4086
5,4,8,9,382,4086
4,3,8,9,382,4086
4,5,8,9,382,4086
3,2,8,9,382,4086
3,6,8,9,382,4086
2,1,8,9,382,4086
2,7,8,9,382,4086
1,0,8,9,382,4086
1,8,8,9,382,4086
0,9,8,9,382,4086
7,4,8,9,382,4086
6,3,8,9,382,4086
6,5,8,9,382,4086
5,2,8,9,382,4086
5,6,8,9,382,4086
4,1,8,9,382,4086
4,7,8,9,382,4086
3,0,8,9,382,4086
3,8,8,9,382,4086
2,0,8,9,382,4086
2,9,8,9,382,4086
1,9,8,9,382,4086
9,4,8,9,382,4086
8,3,8,9,382,4086
8,5,8,9,382,4086
7,2,8,9,382,4086
7,6,8,9,382,4086
6,1,8,9,382,4086
6,7,8,9,382,4086
5,0,8,9,382,4086
5,8,8,9,382,4086
4,0,8,9,382,4086
4,9,8,9,382,4086
3,1,8,9,382,4086
3,9,8,9,382,4086
2,8,8,9,382,4086
8,4,8,9,382,4086
9,3,8,9,382,4086
9,5,8,9,382,4086
9,2,8,9,382,4086
9,6,8,9,382,4086
8,1,8,9,382,4086
8,7,8,9,382,4086
7,0,8,9,382,4086
7,8,8,9,382,4086
6,0,8,9,382,4086
6,9,8,9,382,4086
5,1,8,9,382,4086
5,9,8,9,382,4086
4,2,8,9,382,4086
4,8,8,9,382,4086
3,7,8,9,382,4086
6,4,8,9,382,4086
7,3,8,9,382,4086
7,5,8,9,382,4086
8,2,8,9,382,4086
8,6,8,9,382,4086
9,1,8,9,382,4086
9,7,8,9,382,4086
9,0,8,9,382,4086
9,8,8,9,382,4086
8,0,8,9,382,4086
8,9,8,9,382,4086
7,1,8,9,382,4086
7,9,8,9,382,4086
6,2,8,9,382,4086
6,8,8,9,382,4086
5,3,8,9,382,4086
5,7,8,9,382,4086
4,6,8,9,382,4086
0,6,8,9,383,3381
1,6,8,9,383,3381
0,5,8,9,383,3381
0,7,8,9,383,3381
2,6,8,9,383,3381
1,5,8,9,383,3381
1,7,8,9,383,3381
0,4,8,9,383,3381
0,8,8,9,383,3381
3,6,8,9,383,3381
2,5,8,9,383,3381
2,7,8,9,383,3381
1,4,8,9,383,3381
1,8,8,9,383,3381
0,3,8,9,383,3381
0,9,8,9,383,3381
5,6,8,9,383,3381
4,5,8,9,383,3381
4,7,8,9,383,3381
3,4,8,9,383,3381
3,8,8,9,383,3381
2,3,8,9,383,3381
2,9,8,9,383,3381
1,2,8,9,383,3381
1,9,8,9,383,3381
7,6,8,9,383,3381
6,5,8,9,383,3381
6,7,8,9,383,3381
5,4,8,9,383,3381
5,8,8,9,383,3381
4,3,8,9,383,3381
4,9,8,9,383,3381
3,2,8,9,383,3381
3,9,8,9,383,3381
2,1,8,9,383,3381
2,8,8,9,383,3381
9,6,8,9,383,3381
8,5,8,9,383,3381
8,7,8,9,383,3381
7,4,8,9,383,3381
7,8,8,9,383,3381
6,3,8,9,383,3381
6,9,8,9,383,3381
5,2,8,9,383,3381
5,9,8,9,383,3381
4,1,8,9,383,3381
4,8,8,9,383,3381
3,0,8,9,383,3381
3,7,8,9,383,3381
8,6,8,9,383,3381
9,5,8,9,383,3381
9,7,8,9,383,3381
9,4,8,9,383,3381
9,8,8,9,383,3381
8,3,8,9,383,3381
8,9,8,9,383,3381
7,2,8,9,383,3381
7,9,8,9,383,3381
6,1,8,9,383,3381
6,8,8,9,383,3381
5,0,8,9,383,3381
5,7,8,9,383,3381
4,0,8,9,383,3381
4,6,8,9,383,3381
0,4,8,9,384,4404
1,4,8,9,384,4404
0,3,8,9,384,4404
0,5,8,9,384,4404
2,4,8,9,384,4404
1,3,8,9,384,4404
1,5,8,9,384,4404
0,2,8,9,384,4404
0,6,8,9,384,4404
3,4,8,9,384,4404
2,3,8,9,384,4404
2,5,8,9,384,4404
1,2,8,9,384,4404
1,6,8,9,384,4404
0,1,8,9,384,4404
0,7,8,9,384,4404
4,4,8,9,384,4404
3,3,8,9,384,4404
3,5,8,9,384,4404
2,2,8,9,384,4404
2,6,8,9,384,4404
1,1,8,9,384,4404
1,7,8,9,384,4404
0,0,8,9,384,4404
0,8,8,9,384,4404
5,4,8,9,384,4404
4,3,8,9,384,4404
4,5,8,9,384,4404
3,2,8,9,384,4404
3,6,8,9,384,4404
2,1,8,9,384,4404
2,7,8,9,384,4404
1,0,8,9,384,4404
1,8,8,9,384,4404
0,9,8,9,384,4404
6,4,8,9,384,4404
5,3,8,9,384,4404
5,5,8,9,384,4404
4,2,8,9,384,4404
4,6,8,9,384,4404
3,1,8,9,384,4404
3,7,8,9,384,4404
2,0,8,9,384,4404
2,8,8,9,384,4404
1,9,8,9,384,4404
7,4,8,9,384,4404
6,3,8,9,384,4404
6,5,8,9,384,4404
5,2,8,9,384,4404
5,6,8,9,384,4404
4,1,8,9,384,4404
4,7,8,9,384,4404
3,0,8,9,384,4404
3,8,8,9,384,4404
2,9,8,9,384,4404
9,4,8,9,384,4404
8,3,8,9,384,4404
8,5,8,9,384,4404
7,2,8,9,384,4404
7,6,8,9,384,4404
6,1,8,9,384,4404
6,7,8,9,384,4404
5,0,8,9,384,4404
5,8,8,9,384,4404
4,0,8,9,384,4404
4,9,8,9,384,4404
3,9,8,9,384,4404
8,4,8,9,384,4404
9,3,8,9,384,4404
9,5,8,9,384,4404
9,2,8,9,384,4404
9,6,8,9,384,4404
8,1,8,9,384,4404
8,7,8,9,384,4404
7,0,8,9,384,4404
7,8,8,9,384,4404
6,0,8,9,384,4404
6,9,8,9,384,4404
5,1,8,9,384,4404
5,9,8,9,384,4404
4,8,8,9,384,4404
7,3,8,9,384,4404
7,5,8,9,384,4404
8,2,8,9,384,4404
8,6,8,9,384,4404
9,1,8,9,384,4404
9,7,8,9,384,4404
9,0,8,9,384,4404
9,8,8,9,384,4404
8,0,8,9,384,4404
8,9,8,9,384,4404
7,1,8,9,384,4404
7,9,8,9,384,4404
6,2,8,9,384,4404
6,8,8,9,384,4404
5,7,8,9,384,4404
0,5,8,9,385,4085
1,5,8,9,385,4085
0,4,8,9,385,4085
0,6,8,9,385,4085
2,5,8,9,385,4085
1,4,8,9,385,4085
1,6,8,9,385,4085
0,3,8,9,385,4085
0,7,8,9,385,4085
3,5,8,9,385,4085
2,4,8,9,385,4085
2,6,8,9,385,4085
1,3,8,9,385,4085
1,7,8,9,385,4085
0,2,8,9,385,4085
0,8,8,9,385,4085
4,5,8,9,385,4085
3,4,8,9,385,4085
3,6,8,9,385,4085
2,3,8,9,385,4085
2,7,8,9,385,4085
1,2,8,9,385,4085
1,8,8,9,385,4085
0,1,8,9,385,4085
0,9,8,9,385,4085
5,5,8,9,385,4085
4,4,8,9,385,4085
4,6,8,9,385,4085
3,3,8,9,385,4085
3,7,8,9,385,4085
2,2,8,9,385,4085
2,8,8,9,385,4085
1,1,8,9,385,4085
1,9,8,9,385,4085
0,0,8,9,385,4085
6,5,8,9,385,4085
5,4,8,9,385,4085
5,6,8,9,385,4085
4,3,8,9,385,4085
4,7,8,9,385,4085
3,2,8,9,385,4085
3,8,8,9,385,4085
2,1,8,9,385,4085
2,9,8,9,385,4085
1,0,8,9,385,4085
8,5,8,9,385,4085
7,4,8,9,385,4085
7,6,8,9,385,4085
6,3,8,9,385,4085
6,7,8,9,385,4085
5,2,8,9,385,4085
5,8,8,9,385,4085
4,1,8,9,385,4085
4,9,8,9,385,4085
3,0,8,9,385,4085
3,9,8,9,385,4085
2,0,8,9,385,4085
9,5,8,9,385,4085
9,4,8,9,385,4085
9,6,8,9,385,4085
8,3,8,9,385,4085
8,7,8,9,385,4085
7,2,8,9,385,4085
7,8,8,9,385,4085
6,1,8,9,385,4085
6,9,8,9,385,4085
5,0,8,9,385,4085
5,9,8,9,385,4085
4,0,8,9,385,4085
4,8,8,9,385,4085
3,1,8,9,385,4085
7,5,8,9,385,4085
8,4,8,9,385,4085
8,6,8,9,385,4085
9,3,8,9,385,4085
9,7,8,9,385,4085
9,2,8,9,385,4085
9,8,8,9,385,4085
8,1,8,9,385,4085
8,9,8,9,385,4085
7,0,8,9,385,4085
7,9,8,9,385,4085
6,0,8,9,385,4085
6,8,8,9,385,4085
5,1,8,9,385,4085
5,7,8,9,385,4085
4,2,8,9,385,4085
0,6,8,9,386,3744
1,6,8,9,386,3744
0,5,8,9,386,3744
0,7,8,9,386,3744
2,6,8,9,386,3744
1,5,8,9,386,3744
1,7,8,9,386,3744
0,4,8,9,386,3744
0,8,8,9,386,3744
3,6,8,9,386,3744
2,5,8,9,386,3744
2,7,8,9,386,3744
1,4,8,9,386,3744
1,8,8,9,386,3744
0,3,8,9,386,3744
0,9,8,9,386,3744
4,6,8,9,386,3744
3,5,8,9,386,3744
3,7,8,9,386,3744
2,4,8,9,386,3744
2,8,8,9,386,3744
1,3,8,9,386,3744
1,9,8,9,386,3744
0,2,8,9,386,3744
5,6,8,9,386,3744
4,5,8,9,386,3744
4,7,8,9,386,3744
3,4,8,9,386,3744
3,8,8,9,386,3744
2,3,8,9,386,3744
2,9,8,9,386,3744
1,2,8,9,386,3744
0,1,8,9,386,3744
7,6,8,9,386,3744
6,5,8,9,386,3744
6,7,8,9,386,3744
5,4,8,9,386,3744
5,8,8,9,386,3744
4,3,8,9,386,3744
4,9,8,9,386,3744
3,2,8,9,386,3744
3,9,8,9,386,3744
2,1,8,9,386,3744
1,0,8,9,386,3744
9,6,8,9,386,3744
8,5,8,9,386,3744
8,7,8,9,386,3744
7,4,8,9,386,3744
7,8,8,9,386,3744
6,3,8,9,386,3744
6,9,8,9,386,3744
5,2,8,9,386,3744
5,9,8,9,386,3744
4,1,8,9,386,3744
4,8,8,9,386,3744
3,0,8,9,386,3744
2,0,8,9,386,3744
8,6,8,9,386,3744
9,5,8,9,386,3744
9,7,8,9,386,3744
9,4,8,9,386,3744
9,8,8,9,386,3744
8,3,8,9,386,3744
8,9,8,9,386,3744
7,2,8,9,386,3744
7,9,8,9,386,3744
6,1,8,9,386,3744
6,8,8,9,386,3744
5,0,8,9,386,3744
5,7,8,9,386,3744
4,0,8,9,386,3744
3,1,8,9,386,3744
0,7,8,9,387,3378
1,7,8,9,387,3378
0,6,8,9,387,3378
0,8,8,9,387,3378
2,7,8,9,387,3378
1,6,8,9,387,3378
1,8,8,9,387,3378
0,5,8,9,387,3378
0,9,8,9,387,3378
3,7,8,9,387,3378
2,6,8,9,387,3378
2,8,8,9,387,3378
1,5,8,9,387,3378
1,9,8,9,387,3378
0,4,8,9,387,3378
4,7,8,9,387,3378
3,6,8,9,387,3378
3,8,8,9,387,3378
2,5,8,9,387,3378
2,9,8,9,387,3378
1,4,8,9,387,3378
0,3,8,9,387,3378
6,7,8,9,387,3378
5,6,8,9,387,3378
5,8,8,9,387,3378
4,5,8,9,387,3378
4,9,8,9,387,3378
3,4,8,9,387,3378
3,9,8,9,387,3378
2,3,8,9,387,3378
1,2,8,9,387,3378
8,7,8,9,387,3378
7,6,8,9,387,3378
7,8,8,9,387,3378
6,5,8,9,387,3378
6,9,8,9,387,3378
5,4,8,9,387,3378
5,9,8,9,387,3378
4,3,8,9,387,3378
4,8,8,9,387,3378
3,2,8,9,387,3378
2,1,8,9,387,3378
9,7,8,9,387,3378
9,6,8,9,387,3378
9,8,8,9,387,3378
8,5,8,9,387,3378
8,9,8,9,387,3378
7,4,8,9,387,3378
7,9,8,9,387,3378
6,3,8,9,387,3378
6,8,8,9,387,3378
5,2,8,9,387,3378
5,7,8,9,387,3378
4,1,8,9,387,3378
4,6,8,9,387,3378
3,0,8,9,387,3378
3,5,8,9,387,3378
0,6,8,9,388,4082
1,6,8,9,388,4082
0,5,8,9,388,4082
0,7,8,9,388,4082
2,6,8,9,388,4082
1,5,8,9,388,4082
1,7,8,9,388,4082
0,4,8,9,388,4082
0,8,8,9,388,4082
3,6,8,9,388,4082
2,5,8,9,388,4082
2,7,8,9,388,4082
1,4,8,9,388,4082
1,8,8,9,388,4082
0,3,8,9,388,4082
0,9,8,9,388,4082
4,6,8,9,388,4082
3,5,8,9,388,4082
3,7,8,9,388,4082
2,4,8,9,388,4082
2,8,8,9,388,4082
1,3,8,9,388,4082
1,9,8,9,388,4082
0,2,8,9,388,4082
5,6,8,9,388,4082
4,5,8,9,388,4082
4,7,8,9,388,4082
3,4,8,9,388,4082
3,8,8,9,388,4082
2,3,8,9,388,4082
2,9,8,9,388,4082
1,2,8,9,388,4082
0,1,8,9,388,4082
6,6,8,9,388,4082
5,5,8,9,388,4082
5,7,8,9,388,4082
4,4,8,9,388,4082
4,8,8,9,388,4082
3,3,8,9,388,4082
3,9,8,9,388,4082
2,2,8,9,388,4082
1,1,8,9,388,4082
0,0,8,9,388,4082
7,6,8,9,388,4082
6,5,8,9,388,4082
6,7,8,9,388,4082
5,4,8,9,388,4082
5,8,8,9,388,4082
4,3,8,9,388,4082
4,9,8,9,388,4082
3,2,8,9,388,4082
2,1,8,9,388,4082
1,0,8,9,388,4082
9,6,8,9,388,4082
8,5,8,9,388,4082
8,7,8,9,388,4082
7,4,8,9,388,4082
7,8,8,9,388,4082
6,3,8,9,388,4082
6,9,8,9,388,4082
5,2,8,9,388,4082
5,9,8,9,388,4082
4,1,8,9,388,4082
3,0,8,9,388,4082
2,0,8,9,388,4082
8,6,8,9,388,4082
9,5,8,9,388,4082
9,7,8,9,388,4082
9,4,8,9,388,4082
9,8,8,9,388,4082
8,3,8,9,388,4082
8,9,8,9,388,4082
7,2,8,9,388,4082
7,9,8,9,388,4082
6,1,8,9,388,4082
6,8,8,9,388,4082
5,0,8,9,388,4082
4,0,8,9,388,4082
3,1,8,9,388,4082
0,7,8,9,389,3739
1,7,8,9,389,3739
0,6,8,9,389,3739
0,8,8,9,389,3739
2,7,8,9,389,3739
1,6,8,9,389,3739
1,8,8,9,389,3739
0,5,8,9,389,3739
0,9,8,9,389,3739
3,7,8,9,389,3739
2,6,8,9,389,3739
2,8,8,9,389,3739
1,5,8,9,389,3739
1,9,8,9,389,3739
0,4,8,9,389,3739
4,7,8,9,389,3739
3,6,8,9,389,3739
3,8,8,9,389,3739
2,5,8,9,389,3739
2,9,8,9,389,3739
1,4,8,9,389,3739
0,3,8,9,389,3739
5,7,8,9,389,3739
4,6,8,9,389,3739
4,8,8,9,389,3739
3,5,8,9,389,3739
3,9,8,9,389,3739
2,4,8,9,389,3739
1,3,8,9,389,3739
0,2,8,9,389,3739
6,7,8,9,389,3739
5,6,8,9,389,3739
5,8,8,9,389,3739
4,5,8,9,389,3739
4,9,8,9,389,3739
3,4,8,9,389,3739
2,3,8,9,389,3739
1,2,8,9,389,3739
0,1,8,9,389,3739
8,7,8,9,389,3739
7,6,8,9,389,3739
7,8,8,9,389,3739
6,5,8,9,389,3739
6,9,8,9,389,3739
5,4,8,9,389,3739
5,9,8,9,389,3739
4,3,8,9,389,3739
3,2,8,9,389,3739
2,1,8,9,389,3739
1,0,8,9,389,3739
9,7,8,9,389,3739
9,6,8,9,389,3739
9,8,8,9,389,3739
8,5,8,9,389,3739
8,9,8,9,389,3739
7,4,8,9,389,3739
7,9,8,9,389,3739
6,3,8,9,389,3739
6,8,8,9,389,3739
5,2,8,9,389,3739
4,1,8,9,389,3739
3,0,8,9,389,3739
2,0,8,9,389,3739
0,5,8,9,390,4698
1,5,8,9,390,4698
0,4,8,9,390,4698
0,6,8,9,390,4698
2,5,8,9,390,4698
1,4,8,9,390,4698
1,6,8,9,390,4698
0,3,8,9,390,4698
0,7,8,9,390,4698
3,5,8,9,390,4698
2,4,8,9,390,4698
2,6,8,9,390,4698
1,3,8,9,390,4698
1,7,8,9,390,4698
0,2,8,9,390,4698
0,8,8,9,390,4698
4,5,8,9,390,4698
3,4,8,9,390,4698
3,6,8,9,390,4698
2,3,8,9,390,4698
2,7,8,9,390,4698
1,2,8,9,390,4698
1,8,8,9,390,4698
0,1,8,9,390,4698
0,9,8,9,390,4698
5,5,8,9,390,4698
4,4,8,9,390,4698
4,6,8,9,390,4698
3,3,8,9,390,4698
3,7,8,9,390,4698
2,2,8,9,390,4698
2,8,8,9,390,4698
1,1,8,9,390,4698
1,9,8,9,390,4698
0,0,8,9,390,4698
6,5,8,9,390,4698
5,4,8,9,390,4698
5,6,8,9,390,4698
4,3,8,9,390,4698
4,7,8,9,390,4698
3,2,8,9,390,4698
3,8,8,9,390,4698
2,1,8,9,390,4698
2,9,8,9,390,4698
1,0,8,9,390,4698
7,5,8,9,390,4698
6,4,8,9,390,4698
6,6,8,9,390,4698
5,3,8,9,390,4698
5,7,8,9,390,4698
4,2,8,9,390,4698
4,8,8,9,390,4698
3,1,8,9,390,4698
3,9,8,9,390,4698
2,0,8,9,390,4698
8,5,8,9,390,4698
7,4,8,9,390,4698
7,6,8,9,390,4698
6,3,8,9,390,4698
6,7,8,9,390,4698
5,2,8,9,390,4698
5,8,8,9,390,4698
4,1,8,9,390,4698
4,9,8,9,390,4698
3,0,8,9,390,4698
9,5,8,9,390,4698
8,4,8,9,390,4698
8,6,8,9,390,4698
7,3,8,9,390,4698
7,7,8,9,390,4698
6,2,8,9,390,4698
6,8,8,9,390,4698
5,1,8,9,390,4698
5,9,8,9,390,4698
4,0,8,9,390,4698
9,4,8,9,390,4698
9,6,8,9,390,4698
8,3,8,9,390,4698
8,7,8,9,390,4698
7,2,8,9,390,4698
7,8,8,9,390,4698
6,1,8,9,390,4698
6,9,8,9,390,4698
5,0,8,9,390,4698
9,3,8,9,390,4698
9,7,8,9,390,4698
9,2,8,9,390,4698
9,8,8,9,390,4698
8,1,8,9,390,4698
8,9,8,9,390,4698
7,0,8,9,390,4698
7,9,8,9,390,4698
6,0,8,9,390,4698
0,6,8,9,391,4398
1,6,8,9,391,4398
0,5,8,9,391,4398
0,7,8,9,391,4398
2,6,8,9,391,4398
1,5,8,9,391,4398
1,7,8,9,391,4398
0,4,8,9,391,4398
0,8,8,9,391,4398
3,6,8,9,391,4398
2,5,8,9,391,4398
2,7,8,9,391,4398
1,4,8,9,391,4398
1,8,8,9,391,4398
0,3,8,9,391,4398
0,9,8,9,391,4398
4,6,8,9,391,4398
3,5,8,9,391,4398
3,7,8,9,391,4398
2,4,8,9,391,4398
2,8,8,9,391,4398
1,3,8,9,391,4398
1,9,8,9,391,4398
0,2,8,9,391,4398
5,6,8,9,391,4398
4,5,8,9,391,4398
4,7,8,9,391,4398
3,4,8,9,391,4398
3,8,8,9,391,4398
2,3,8,9,391,4398
2,9,8,9,391,4398
1,2,8,9,391,4398
0,1,8,9,391,4398
6,6,8,9,391,4398
5,5,8,9,391,4398
5,7,8,9,391,4398
4,4,8,9,391,4398
4,8,8,9,391,4398
3,3,8,9,391,4398
3,9,8,9,391,4398
2,2,8,9,391,4398
1,1,8,9,391,4398
0,0,8,9,391,4398
7,6,8,9,391,4398
6,5,8,9,391,4398
6,7,8,9,391,4398
5,4,8,9,391,4398
5,8,8,9,391,4398
4,3,8,9,391,4398
4,9,8,9,391,4398
3,2,8,9,391,4398
2,1,8,9,391,4398
1,0,8,9,391,4398
8,6,8,9,391,4398
7,5,8,9,391,4398
7,7,8,9,391,4398
6,4,8,9,391,4398
6,8,8,9,391,4398
5,3,8,9,391,4398
5,9,8,9,391,4398
4,2,8,9,391,4398
3,1,8,9,391,4398
2,0,8,9,391,4398
9,6,8,9,391,4398
8,5,8,9,391,4398
8,7,8,9,391,4398
7,4,8,9,391,4398
7,8,8,9,391,4398
6,3,8,9,391,4398
6,9,8,9,391,4398
5,2,8,9,391,4398
4,1,8,9,391,4398
3,0,8,9,391,4398
9,5,8,9,391,4398
9,7,8,9,391,4398
9,4,8,9,391,4398
9,8,8,9,391,4398
8,3,8,9,391,4398
8,9,8,9,391,4398
7,2,8,9,391,4398
7,9,8,9,391,4398
6,1,8,9,391,4398
5,0,8,9,391,4398
4,0,8,9,391,4398
0,8,4,7,392,3763
1,8,4,7,392,3763
0,7,4,7,392,3763
0,9,4,7,392,3763
2,8,4,7,392,3763
1,7,4,7,392,3763
1,9,4,7,392,3763
0,6,4,7,392,3763
3,8,4,7,392,3763
2,7,4,7,392,3763
2,9,4,7,392,3763
1,6,4,7,392,3763
0,5,4,7,392,3763
4,8,4,7,392,3763
3,7,4,7,392,3763
3,9,4,7,392,3763
2,6,4,7,392,3763
1,5,4,7,392,3763
0,4,4,7,392,3763
5,8,4,7,392,3763
4,7,4,7,392,3763
4,9,4,7,392,3763
3,6,4,7,392,3763
2,5,4,7,392,3763
1,4,4,7,392,3763
0,3,4,7,392,3763
6,8,4,7,392,3763
5,7,4,7,392,3763
5,9,4,7,392,3763
4,6,4,7,392,3763
3,5,4,7,392,3763
2,4,4,7,392,3763
1,3,4,7,392,3763
0,2,4,7,392,3763
7,8,4,7,392,3763
6,7,4,7,392,3763
6,9,4,7,392,3763
5,6,4,7,392,3763
4,5,4,7,392,3763
3,4,4,7,392,3763
2,3,4,7,392,3763
1,2,4,7,392,3763
0,1,4,7,392,3763
9,8,4,7,392,3763
8,7,4,7,392,3763
8,9,4,7,392,3763
7,6,4,7,392,3763
7,9,4,7,392,3763
6,5,4,7,392,3763
5,4,4,7,392,3763
4,3,4,7,392,3763
3,2,4,7,392,3763
2,1,4,7,392,3763
1,0,4,7,392,3763
0,9,3,6,393,3397
1,9,3,6,393,3397
0,8,3,6,393,3397
2,9,3,6,393,3397
1,8,3,6,393,3397
0,7,3,6,393,3397
3,9,3,6,393,3397
2,8,3,6,393,3397
1,7,3,6,393,3397
0,6,3,6,393,3397
4,9,3,6,393,3397
3,8,3,6,393,3397
2,7,3,6,393,3397
1,6,3,6,393,3397
0,5,3,6,393,3397
5,9,3,6,393,3397
4,8,3,6,393,3397
3,7,3,6,393,3397
2,6,3,6,393,3397
1,5,3,6,393,3397
0,4,3,6,393,3397
6,9,3,6,393,3397
5,8,3,6,393,3397
4,7,3,6,393,3397
3,6,3,6,393,3397
2,5,3,6,393,3397
1,4,3,6,393,3397
0,3,3,6,393,3397
8,9,3,6,393,3397
7,8,3,6,393,3397
7,9,3,6,393,3397
6,7,3,6,393,3397
6,8,3,6,393,3397
5,6,3,6,393,3397
5,7,3,6,393,3397
4,5,3,6,393,3397
4,6,3,6,393,3397
3,4,3,6,393,3397
3,5,3,6,393,3397
2,3,3,6,393,3397
2,4,3,6,393,3397
1,2,3,6,393,3397
1,3,3,6,393,3397
0,6,8,9,394,4693
1,6,8,9,394,4693
0,5,8,9,394,4693
0,7,8,9,394,4693
2,6,8,9,394,4693
1,5,8,9,394,4693
1,7,8,9,394,4693
0,4,8,9,394,4693
0,8,8,9,394,4693
3,6,8,9,394,4693
2,5,8,9,394,4693
2,7,8,9,394,4693
1,4,8,9,394,4693
1,8,8,9,394,4693
0,3,8,9,394,4693
0,9,8,9,394,4693
4,6,8,9,394,4693
3,5,8,9,394,4693
3,7,8,9,394,4693
2,4,8,9,394,4693
2,8,8,9,394,4693
1,3,8,9,394,4693
1,9,8,9,394,4693
0,2,8,9,394,4693
5,6,8,9,394,4693
4,5,8,9,394,4693
4,7,8,9,394,4693
3,4,8,9,394,4693
3,8,8,9,394,4693
2,3,8,9,394,4693
2,9,8,9,394,4693
1,2,8,9,394,4693
0,1,8,9,394,4693
6,6,8,9,394,4693
5,5,8,9,394,4693
5,7,8,9,394,4693
4,4,8,9,394,4693
4,8,8,9,394,4693
3,3,8,9,394,4693
3,9,8,9,394,4693
2,2,8,9,394,4693
1,1,8,9,394,4693
0,0,8,9,394,4693
7,6,8,9,394,4693
6,5,8,9,394,4693
6,7,8,9,394,4693
5,4,8,9,394,4693
5,8,8,9,394,4693
4,3,8,9,394,4693
4,9,8,9,394,4693
3,2,8,9,394,4693
2,1,8,9,394,4693
1,0,8,9,394,4693
8,6,8,9,394,4693
7,5,8,9,394,4693
7,7,8,9,394,4693
6,4,8,9,394,4693
6,8,8,9,394,4693
5,3,8,9,394,4693
5,9,8,9,394,4693
4,2,8,9,394,4693
3,1,8,9,394,4693
2,0,8,9,394,4693
9,6,8,9,394,4693
8,5,8,9,394,4693
8,7,8,9,394,4693
7,4,8,9,394,4693
7,8,8,9,394,4693
6,3,8,9,394,4693
6,9,8,9,394,4693
5,2,8,9,394,4693
4,1,8,9,394,4693
3,0,8,9,394,4693
9,5,8,9,394,4693
9,7,8,9,394,4693
8,4,8,9,394,4693
8,8,8,9,394,4693
7,3,8,9,394,4693
7,9,8,9,394,4693
6,2,8,9,394,4693
5,1,8,9,394,4693
4,0,8,9,394,4693
9,4,8,9,394,4693
9,8,8,9,394,4693
8,3,8,9,394,4693
8,9,8,9,394,4693
7,2,8,9,394,4693
6,1,8,9,394,4693
5,0,8,9,394,4693
0,7,8,7,395,4415
1,7,8,7,395,4415
0,6,8,7,395,4415
0,8,8,7,395,4415
2,7,8,7,395,4415
1,6,8,7,395,4415
1,8,8,7,395,4415
0,5,8,7,395,4415
0,9,8,7,395,4415
3,7,8,7,395,4415
2,6,8,7,395,4415
2,8,8,7,395,4415
1,5,8,7,395,4415
1,9,8,7,395,4415
0,4,8,7,395,4415
4,7,8,7,395,4415
3,6,8,7,395,4415
3,8,8,7,395,4415
2,5,8,7,395,4415
2,9,8,7,395,4415
1,4,8,7,395,4415
0,3,8,7,395,4415
5,7,8,7,395,4415
4,6,8,7,395,4415
4,8,8,7,395,4415
3,5,8,7,395,4415
3,9,8,7,395,4415
2,4,8,7,395,4415
1,3,8,7,395,4415
0,2,8,7,395,4415
6,7,8,7,395,4415
5,6,8,7,395,4415
5,8,8,7,395,4415
4,5,8,7,395,4415
4,9,8,7,395,4415
3,4,8,7,395,4415
2,3,8,7,395,4415
1,2,8,7,395,4415
0,1,8,7,395,4415
7,7,8,7,395,4415
6,6,8,7,395,4415
6,8,8,7,395,4415
5,5,8,7,395,4415
5,9,8,7,395,4415
4,4,8,7,395,4415
3,3,8,7,395,4415
2,2,8,7,395,4415
1,1,8,7,395,4415
0,0,8,7,395,4415
8,7,8,7,395,4415
7,6,8,7,395,4415
7,8,8,7,395,4415
6,5,8,7,395,4415
6,9,8,7,395,4415
5,4,8,7,395,4415
4,3,8,7,395,4415
3,2,8,7,395,4415
2,1,8,7,395,4415
1,0,8,7,395,4415
9,7,8,7,395,4415
8,6,8,7,395,4415
8,8,8,7,395,4415
7,5,8,7,395,4415
7,9,8,7,395,4415
6,4,8,7,395,4415
5,3,8,7,395,4415
4,2,8,7,395,4415
3,1,8,7,395,4415
2,0,8,7,395,4415
9,6,8,7,395,4415
9,8,8,7,395,4415
8,5,8,7,395,4415
8,9,8,7,395,4415
7,4,8,7,395,4415
6,3,8,7,395,4415
5,2,8,7,395,4415
4,1,8,7,395,4415
3,0,8,7,395,4415
0,8,6,7,396,4109
1,8,6,7,396,4109
0,7,6,7,396,4109
0,9,6,7,396,4109
2,8,6,7,396,4109
1,7,6,7,396,4109
1,9,6,7,396,4109
0,6,6,7,396,4109
3,8,6,7,396,4109
2,7,6,7,396,4109
2,9,6,7,396,4109
1,6,6,7,396,4109
0,5,6,7,396,4109
4,8,6,7,396,4109
3,7,6,7,396,4109
3,9,6,7,396,4109
2,6,6,7,396,4109
1,5,6,7,396,4109
0,4,6,7,396,4109
5,8,6,7,396,4109
4,7,6,7,396,4109
4,9,6,7,396,4109
3,6,6,7,396,4109
2,5,6,7,396,4109
1,4,6,7,396,4109
0,3,6,7,396,4109
6,8,6,7,396,4109
5,7,6,7,396,4109
5,9,6,7,396,4109
4,6,6,7,396,4109
3,5,6,7,396,4109
2,4,6,7,396,4109
1,3,6,7,396,4109
0,2,6,7,396,4109
7,8,6,7,396,4109
6,7,6,7,396,4109
6,9,6,7,396,4109
5,6,6,7,396,4109
4,5,6,7,396,4109
3,4,6,7,396,4109
2,3,6,7,396,4109
1,2,6,7,396,4109
0,1,6,7,396,4109
8,8,6,7,396,4109
7,7,6,7,396,4109
7,9,6,7,396,4109
6,6,6,7,396,4109
5,5,6,7,396,4109
4,4,6,7,396,4109
3,3,6,7,396,4109
2,2,6,7,396,4109
1,1,6,7,396,4109
0,0,6,7,396,4109
9,8,6,7,396,4109
8,7,6,7,396,4109
8,9,6,7,396,4109
7,6,6,7,396,4109
6,5,6,7,396,4109
5,4,6,7,396,4109
4,3,6,7,396,4109
3,2,6,7,396,4109
2,1,6,7,396,4109
1,0,6,7,396,4109
3,2,5,4,397,2995
5,2,5,4,397,2995
4,1,5,4,397,2995
4,3,5,4,397,2995
7,2,5,4,397,2995
6,1,5,4,397,2995
6,3,5,4,397,2995
5,0,5,4,397,2995
5,4,5,4,397,2995
9,2,5,4,397,2995
8,1,5,4,397,2995
8,3,5,4,397,2995
7,0,5,4,397,2995
7,4,5,4,397,2995
6,0,5,4,397,2995
6,5,5,4,397,2995
8,2,5,4,397,2995
9,1,5,4,397,2995
9,3,5,4,397,2995
9,0,5,4,397,2995
9,4,5,4,397,2995
8,0,5,4,397,2995
8,5,5,4,397,2995
7,1,5,4,397,2995
7,6,5,4,397,2995
6,2,5,4,397,2995
7,3,5,4,397,2995
8,4,5,4,397,2995
9,5,5,4,397,2995
9,6,5,4,397,2995
8,7,5,4,397,2995
4,2,5,4,397,2995
5,1,5,4,397,2995
5,3,5,4,397,2995
6,4,5,4,397,2995
7,5,5,4,397,2995
8,6,5,4,397,2995
9,7,5,4,397,2995
9,8,5,4,397,2995
4,3,5,4,398,2576
6,3,5,4,398,2576
5,2,5,4,398,2576
5,4,5,4,398,2576
8,3,5,4,398,2576
7,2,5,4,398,2576
7,4,5,4,398,2576
6,1,5,4,398,2576
6,5,5,4,398,2576
9,3,5,4,398,2576
9,2,5,4,398,2576
9,4,5,4,398,2576
8,1,5,4,398,2576
8,5,5,4,398,2576
7,0,5,4,398,2576
7,6,5,4,398,2576
7,3,5,4,398,2576
8,2,5,4,398,2576
8,4,5,4,398,2576
9,1,5,4,398,2576
9,5,5,4,398,2576
9,0,5,4,398,2576
9,6,5,4,398,2576
8,0,5,4,398,2576
8,7,5,4,398,2576
5,3,5,4,398,2576
6,2,5,4,398,2576
6,4,5,4,398,2576
7,1,5,4,398,2576
7,5,5,4,398,2576
8,6,5,4,398,2576
9,7,5,4,398,2576
9,8,5,4,398,2576
2,3,5,6,399,2992
4,3,5,6,399,2992
3,2,5,6,399,2992
3,4,5,6,399,2992
6,3,5,6,399,2992
5,2,5,6,399,2992
5,4,5,6,399,2992
4,1,5,6,399,2992
4,5,5,6,399,2992
8,3,5,6,399,2992
7,2,5,6,399,2992
7,4,5,6,399,2992
6,1,5,6,399,2992
6,5,5,6,399,2992
5,0,5,6,399,2992
5,6,5,6,399,2992
9,3,5,6,399,2992
9,2,5,6,399,2992
9,4,5,6,399,2992
8,1,5,6,399,2992
8,5,5,6,399,2992
7,0,5,6,399,2992
7,6,5,6,399,2992
6,0,5,6,399,2992
6,7,5,6,399,2992
7,3,5,6,399,2992
8,2,5,6,399,2992
8,4,5,6,399,2992
9,1,5,6,399,2992
9,5,5,6,399,2992
9,0,5,6,399,2992
9,6,5,6,399,2992
8,0,5,6,399,2992
8,7,5,6,399,2992
7,1,5,6,399,2992
7,8,5,6,399,2992
5,3,5,6,399,2992
6,2,5,6,399,2992
6,4,5,6,399,2992
7,5,5,6,399,2992
8,6,5,6,399,2992
9,7,5,6,399,2992
9,8,5,6,399,2992
8,9,5,6,399,2992
3,4,5,4,400,2574
5,4,5,4,400,2574
4,3,5,4,400,2574
4,5,5,4,400,2574
7,4,5,4,400,2574
6,3,5,4,400,2574
6,5,5,4,400,2574
5,2,5,4,400,2574
5,6,5,4,400,2574
9,4,5,4,400,2574
8,3,5,4,400,2574
8,5,5,4,400,2574
7,2,5,4,400,2574
7,6,5,4,400,2574
6,1,5,4,400,2574
6,7,5,4,400,2574
8,4,5,4,400,2574
9,3,5,4,400,2574
9,5,5,4,400,2574
9,2,5,4,400,2574
9,6,5,4,400,2574
8,1,5,4,400,2574
8,7,5,4,400,2574
7,0,5,4,400,2574
7,8,5,4,400,2574
6,4,5,4,400,2574
7,3,5,4,400,2574
7,5,5,4,400,2574
8,2,5,4,400,2574
8,6,5,4,400,2574
9,1,5,4,400,2574
9,7,5,4,400,2574
9,0,5,4,400,2574
9,8,5,4,400,2574
8,0,5,4,400,2574
8,9,5,4,400,2574
2,5,6,7,401,2574
4,5,6,7,401,2574
3,4,6,7,401,2574
3,6,6,7,401,2574
6,5,6,7,401,2574
5,4,6,7,401,2574
5,6,6,7,401,2574
4,3,6,7,401,2574
4,7,6,7,401,2574
8,5,6,7,401,2574
7,4,6,7,401,2574
7,6,6,7,401,2574
6,3,6,7,401,2574
6,7,6,7,401,2574
5,2,6,7,401,2574
5,8,6,7,401,2574
9,5,6,7,401,2574
9,4,6,7,401,2574
9,6,6,7,401,2574
8,3,6,7,401,2574
8,7,6,7,401,2574
7,2,6,7,401,2574
7,8,6,7,401,2574
6,1,6,7,401,2574
6,9,6,7,401,2574
7,5,6,7,401,2574
8,4,6,7,401,2574
8,6,6,7,401,2574
9,3,6,7,401,2574
9,7,6,7,401,2574
9,2,6,7,401,2574
9,8,6,7,401,2574
8,1,6,7,401,2574
8,9,6,7,401,2574
7,0,6,7,401,2574
7,9,6,7,401,2574
0,5,8,7,402,2990
2,5,8,7,402,2990
1,4,8,7,402,2990
1,6,8,7,402,2990
4,5,8,7,402,2990
3,4,8,7,402,2990
3,6,8,7,402,2990
2,3,8,7,402,2990
2,7,8,7,402,2990
6,5,8,7,402,2990
5,4,8,7,402,2990
5,6,8,7,402,2990
4,3,8,7,402,2990
4,7,8,7,402,2990
3,2,8,7,402,2990
3,8,8,7,402,2990
8,5,8,7,402,2990
7,4,8,7,402,2990
7,6,8,7,402,2990
6,3,8,7,402,2990
6,7,8,7,402,2990
5,2,8,7,402,2990
5,8,8,7,402,2990
4,1,8,7,402,2990
4,9,8,7,402,2990
9,5,8,7,402,2990
9,4,8,7,402,2990
9,6,8,7,402,2990
8,3,8,7,402,2990
8,7,8,7,402,2990
7,2,8,7,402,2990
7,8,8,7,402,2990
6,1,8,7,402,2990
6,9,8,7,402,2990
5,0,8,7,402,2990
5,9,8,7,402,2990
7,5,8,7,402,2990
8,4,8,7,402,2990
8,6,8,7,402,2990
9,3,8,7,402,2990
9,7,8,7,402,2990
9,2,8,7,402,2990
9,8,8,7,402,2990
8,1,8,7,402,2990
8,9,8,7,402,2990
7,0,8,7,402,2990
7,9,8,7,402,2990
6,0,8,7,402,2990
6,8,8,7,402,2990
1,6,8,9,403,2574
3,6,8,9,403,2574
2,5,8,9,403,2574
2,7,8,9,403,2574
5,6,8,9,403,2574
4,5,8,9,403,2574
4,7,8,9,403,2574
3,4,8,9,403,2574
3,8,8,9,403,2574
7,6,8,9,403,2574
6,5,8,9,403,2574
6,7,8,9,403,2574
5,4,8,9,403,2574
5,8,8,9,403,2574
4,3,8,9,403,2574
4,9,8,9,403,2574
9,6,8,9,403,2574
8,5,8,9,403,2574
8,7,8,9,403,2574
7,4,8,9,403,2574
7,8,8,9,403,2574
6,3,8,9,403,2574
6,9,8,9,403,2574
5,2,8,9,403,2574
5,9,8,9,403,2574
8,6,8,9,403,2574
9,5,8,9,403,2574
9,7,8,9,403,2574
9,4,8,9,403,2574
9,8,8,9,403,2574
8,3,8,9,403,2574
8,9,8,9,403,2574
7,2,8,9,403,2574
7,9,8,9,403,2574
6,1,8,9,403,2574
6,8,8,9,403,2574
0,6,8,9,404,2992
1,6,8,9,404,2992
0,5,8,9,404,2992
0,7,8,9,404,2992
3,6,8,9,404,2992
2,5,8,9,404,2992
2,7,8,9,404,2992
1,4,8,9,404,2992
1,8,8,9,404,2992
5,6,8,9,404,2992
4,5,8,9,404,2992
4,7,8,9,404,2992
3,4,8,9,404,2992
3,8,8,9,404,2992
2,3,8,9,404,2992
2,9,8,9,404,2992
7,6,8,9,404,2992
6,5,8,9,404,2992
6,7,8,9,404,2992
5,4,8,9,404,2992
5,8,8,9,404,2992
4,3,8,9,404,2992
4,9,8,9,404,2992
3,2,8,9,404,2992
3,9,8,9,404,2992
9,6,8,9,404,2992
8,5,8,9,404,2992
8,7,8,9,404,2992
7,4,8,9,404,2992
7,8,8,9,404,2992
6,3,8,9,404,2992
6,9,8,9,404,2992
5,2,8,9,404,2992
5,9,8,9,404,2992
4,1,8,9,404,2992
4,8,8,9,404,2992
8,6,8,9,404,2992
9,5,8,9,404,2992
9,7,8,9,404,2992
9,4,8,9,404,2992
9,8,8,9,404,2992
8,3,8,9,404,2992
8,9,8,9,404,2992
7,2,8,9,404,2992
7,9,8,9,404,2992
6,1,8,9,404,2992
6,8,8,9,404,2992
5,0,8,9,404,2992
5,7,8,9,404,2992
0,7,8,9,405,2574
2,7,8,9,405,2574
1,6,8,9,405,2574
1,8,8,9,405,2574
4,7,8,9,405,2574
3,6,8,9,405,2574
3,8,8,9,405,2574
2,5,8,9,405,2574
2,9,8,9,405,2574
6,7,8,9,405,2574
5,6,8,9,405,2574
5,8,8,9,405,2574
4,5,8,9,405,2574
4,9,8,9,405,2574
3,4,8,9,405,2574
3,9,8,9,405,2574
8,7,8,9,405,2574
7,6,8,9,405,2574
7,8,8,9,405,2574
6,5,8,9,405,2574
6,9,8,9,405,2574
5,4,8,9,405,2574
5,9,8,9,405,2574
4,3,8,9,405,2574
4,8,8,9,405,2574
9,7,8,9,405,2574
9,6,8,9,405,2574
9,8,8,9,405,2574
8,5,8,9,405,2574
8,9,8,9,405,2574
7,4,8,9,405,2574
7,9,8,9,405,2574
6,3,8,9,405,2574
6,8,8,9,405,2574
5,2,8,9,405,2574
5,7,8,9,405,2574
0,7,8,9,406,2990
1,7,8,9,406,2990
0,6,8,9,406,2990
0,8,8,9,406,2990
2,7,8,9,406,2990
1,6,8,9,406,2990
1,8,8,9,406,2990
0,5,8,9,406,2990
0,9,8,9,406,2990
4,7,8,9,406,2990
3,6,8,9,406,2990
3,8,8,9,406,2990
2,5,8,9,406,2990
2,9,8,9,406,2990
1,4,8,9,406,2990
1,9,8,9,406,2990
6,7,8,9,406,2990
5,6,8,9,406,2990
5,8,8,9,406,2990
4,5,8,9,406,2990
4,9,8,9,406,2990
3,4,8,9,406,2990
3,9,8,9,406,2990
2,3,8,9,406,2990
2,8,8,9,406,2990
8,7,8,9,406,2990
7,6,8,9,406,2990
7,8,8,9,406,2990
6,5,8,9,406,2990
6,9,8,9,406,2990
5,4,8,9,406,2990
5,9,8,9,406,2990
4,3,8,9,406,2990
4,8,8,9,406,2990
3,2,8,9,406,2990
3,7,8,9,406,2990
9,7,8,9,406,2990
9,6,8,9,406,2990
9,8,8,9,406,2990
8,5,8,9,406,2990
8,9,8,9,406,2990
7,4,8,9,406,2990
7,9,8,9,406,2990
6,3,8,9,406,2990
6,8,8,9,406,2990
5,2,8,9,406,2990
5,7,8,9,406,2990
4,1,8,9,406,2990
4,6,8,9,406,2990
0,8,8,7,407,2571
1,8,8,7,407,2571
0,7,8,7,407,2571
0,9,8,7,407,2571
3,8,8,7,407,2571
2,7,8,7,407,2571
2,9,8,7,407,2571
1,6,8,7,407,2571
1,9,8,7,407,2571
5,8,8,7,407,2571
4,7,8,7,407,2571
4,9,8,7,407,2571
3,6,8,7,407,2571
3,9,8,7,407,2571
2,5,8,7,407,2571
2,8,8,7,407,2571
7,8,8,7,407,2571
6,7,8,7,407,2571
6,9,8,7,407,2571
5,6,8,7,407,2571
5,9,8,7,407,2571
4,5,8,7,407,2571
4,8,8,7,407,2571
3,4,8,7,407,2571
3,7,8,7,407,2571
9,8,8,7,407,2571
8,7,8,7,407,2571
8,9,8,7,407,2571
7,6,8,7,407,2571
7,9,8,7,407,2571
6,5,8,7,407,2571
6,8,8,7,407,2571
5,4,8,7,407,2571
5,7,8,7,407,2571
4,3,8,7,407,2571
4,6,8,7,407,2571
0,8,8,7,408,2986
1,8,8,7,408,2986
0,7,8,7,408,2986
0,9,8,7,408,2986
2,8,8,7,408,2986
1,7,8,7,408,2986
1,9,8,7,408,2986
0,6,8,7,408,2986
3,8,8,7,408,2986
2,7,8,7,408,2986
2,9,8,7,408,2986
1,6,8,7,408,2986
0,5,8,7,408,2986
5,8,8,7,408,2986
4,7,8,7,408,2986
4,9,8,7,408,2986
3,6,8,7,408,2986
3,9,8,7,408,2986
2,5,8,7,408,2986
1,4,8,7,408,2986
7,8,8,7,408,2986
6,7,8,7,408,2986
6,9,8,7,408,2986
5,6,8,7,408,2986
5,9,8,7,408,2986
4,5,8,7,408,2986
4,8,8,7,408,2986
3,4,8,7,408,2986
3,7,8,7,408,2986
2,3,8,7,408,2986
2,6,8,7,408,2986
9,8,8,7,408,2986
8,7,8,7,408,2986
8,9,8,7,408,2986
7,6,8,7,408,2986
7,9,8,7,408,2986
6,5,8,7,408,2986
6,8,8,7,408,2986
5,4,8,7,408,2986
5,7,8,7,408,2986
4,3,8,7,408,2986
4,6,8,7,408,2986
3,2,8,7,408,2986
3,5,8,7,408,2986
0,9,6,7,409,2576
1,9,6,7,409,2576
0,8,6,7,409,2576
2,9,6,7,409,2576
1,8,6,7,409,2576
0,7,6,7,409,2576
4,9,6,7,409,2576
3,8,6,7,409,2576
3,9,6,7,409,2576
2,7,6,7,409,2576
2,8,6,7,409,2576
1,6,6,7,409,2576
1,7,6,7,409,2576
6,9,6,7,409,2576
5,8,6,7,409,2576
5,9,6,7,409,2576
4,7,6,7,409,2576
4,8,6,7,409,2576
3,6,6,7,409,2576
3,7,6,7,409,2576
2,5,6,7,409,2576
2,6,6,7,409,2576
8,9,6,7,409,2576
7,8,6,7,409,2576
7,9,6,7,409,2576
6,7,6,7,409,2576
6,8,6,7,409,2576
5,6,6,7,409,2576
5,7,6,7,409,2576
4,5,6,7,409,2576
4,6,6,7,409,2576
3,4,6,7,409,2576
3,5,6,7,409,2576
4,5,5,6,410,2127
6,5,5,6,410,2127
5,4,5,6,410,2127
5,6,5,6,410,2127
8,5,5,6,410,2127
7,4,5,6,410,2127
7,6,5,6,410,2127
6,3,5,6,410,2127
6,7,5,6,410,2127
9,5,5,6,410,2127
9,4,5,6,410,2127
9,6,5,6,410,2127
8,3,5,6,410,2127
8,7,5,6,410,2127
7,2,5,6,410,2127
7,8,5,6,410,2127
7,5,5,6,410,2127
8,4,5,6,410,2127
8,6,5,6,410,2127
9,3,5,6,410,2127
9,7,5,6,410,2127
9,2,5,6,410,2127
9,8,5,6,410,2127
8,1,5,6,410,2127
8,9,5,6,410,2127
2,7,8,9,411,2128
4,7,8,9,411,2128
3,6,8,9,411,2128
3,8,8,9,411,2128
6,7,8,9,411,2128
5,6,8,9,411,2128
5,8,8,9,411,2128
4,5,8,9,411,2128
4,9,8,9,411,2128
8,7,8,9,411,2128
7,6,8,9,411,2128
7,8,8,9,411,2128
6,5,8,9,411,2128
6,9,8,9,411,2128
5,4,8,9,411,2128
5,9,8,9,411,2128
9,7,8,9,411,2128
9,6,8,9,411,2128
9,8,8,9,411,2128
8,5,8,9,411,2128
8,9,8,9,411,2128
7,4,8,9,411,2128
7,9,8,9,411,2128
6,3,8,9,411,2128
6,8,8,9,411,2128
1,8,8,7,363,2127
3,8,8,7,363,2127
2,7,8,7,363,2127
2,9,8,7,363,2127
5,8,8,7,363,2127
4,7,8,7,363,2127
4,9,8,7,363,2127
3,6,8,7,363,2127
3,9,8,7,363,2127
7,8,8,7,363,2127
6,7,8,7,363,2127
6,9,8,7,363,2127
5,6,8,7,363,2127
5,9,8,7,363,2127
4,5,8,7,363,2127
4,8,8,7,363,2127
9,8,8,7,363,2127
8,7,8,7,363,2127
8,9,8,7,363,2127
7,6,8,7,363,2127
7,9,8,7,363,2127
6,5,8,7,363,2127
6,8,8,7,363,2127
5,4,8,7,363,2127
5,7,8,7,363,2127
0,9,6,7,412,2130
2,9,6,7,412,2130
1,8,6,7,412,2130
1,9,6,7,412,2130
4,9,6,7,412,2130
3,8,6,7,412,2130
3,9,6,7,412,2130
2,7,6,7,412,2130
2,8,6,7,412,2130
6,9,6,7,412,2130
5,8,6,7,412,2130
5,9,6,7,412,2130
4,7,6,7,412,2130
4,8,6,7,412,2130
3,6,6,7,412,2130
3,7,6,7,412,2130
8,9,6,7,412,2130
7,8,6,7,412,2130
7,9,6,7,412,2130
6,7,6,7,412,2130
6,8,6,7,412,2130
5,6,6,7,412,2130
5,7,6,7,412,2130
4,5,6,7,412,2130
4,6,6,7,412,2130
6,5,6,5,313,1650
8,5,6,5,313,1650
7,4,6,5,313,1650
7,6,6,5,313,1650
9,5,6,5,313,1650
9,4,6,5,313,1650
9,6,6,5,313,1650
8,3,6,5,313,1650
8,7,6,5,313,1650
7,5,6,5,313,1650
8,4,6,5,313,1650
8,6,6,5,313,1650
9,3,6,5,313,1650
9,7,6,5,313,1650
9,2,6,5,313,1650
9,8,6,5,313,1650
4,7,8,9,413,1650
6,7,8,9,413,1650
5,6,8,9,413,1650
5,8,8,9,413,1650
8,7,8,9,413,1650
7,6,8,9,413,1650
7,8,8,9,413,1650
6,5,8,9,413,1650
6,9,8,9,413,1650
9,7,8,9,413,1650
9,6,8,9,413,1650
9,8,8,9,413,1650
8,5,8,9,413,1650
8,9,8,9,413,1650
7,4,8,9,413,1650
7,9,8,9,413,1650
6,7,8,9,414,1136
8,7,8,9,414,1136
7,6,8,9,414,1136
7,8,8,9,414,1136
9,7,8,9,414,1136
9,6,8,9,414,1136
9,8,8,9,414,1136
8,5,8,9,414,1136
8,9,8,9,414,1136
8,7,8,7,187,588
9,7,8,7,187,588
9,6,8,7,187,588
9,8,8,7,187,588
7,8,8,9,23,588
9,8,8,9,23,588
8,7,8,9,23,588
8,9,8,9,23,588
9,8,9,8,0,0
8,9,8,9,0,0
0,0,5,7,415,4419
1,0,5,7,415,4419
0,1,5,7,415,4419
2,0,5,7,415,4419
1,1,5,7,415,4419
0,2,5,7,415,4419
4,0,5,7,415,4419
3,0,5,7,415,4419
3,1,5,7,415,4419
2,1,5,7,415,4419
2,2,5,7,415,4419
1,2,5,7,415,4419
1,3,5,7,415,4419
6,0,5,7,415,4419
5,0,5,7,415,4419
5,1,5,7,415,4419
4,1,5,7,415,4419
4,2,5,7,415,4419
3,2,5,7,415,4419
3,3,5,7,415,4419
2,3,5,7,415,4419
2,4,5,7,415,4419
8,0,5,7,415,4419
7,0,5,7,415,4419
7,1,5,7,415,4419
6,1,5,7,415,4419
6,2,5,7,415,4419
5,2,5,7,415,4419
5,3,5,7,415,4419
4,3,5,7,415,4419
4,4,5,7,415,4419
3,4,5,7,415,4419
3,5,5,7,415,4419
9,0,5,7,415,4419
9,1,5,7,415,4419
8,1,5,7,415,4419
8,2,5,7,415,4419
7,2,5,7,415,4419
7,3,5,7,415,4419
6,3,5,7,415,4419
6,4,5,7,415,4419
5,4,5,7,415,4419
5,5,5,7,415,4419
4,5,5,7,415,4419
4,6,5,7,415,4419
9,2,5,7,415,4419
9,3,5,7,415,4419
8,3,5,7,415,4419
8,4,5,7,415,4419
7,4,5,7,415,4419
7,5,5,7,415,4419
6,5,5,7,415,4419
6,6,5,7,415,4419
5,6,5,7,415,4419
5,7,5,7,415,4419
9,4,5,7,415,4419
9,5,5,7,415,4419
8,5,5,7,415,4419
8,6,5,7,415,4419
7,6,5,7,415,4419
7,7,5,7,415,4419
6,7,5,7,415,4419
6,8,5,7,415,4419
9,6,5,7,415,4419
9,7,5,7,415,4419
8,7,5,7,415,4419
8,8,5,7,415,4419
7,8,5,7,415,4419
7,9,5,7,415,4419
9,8,5,7,415,4419
9,9,5,7,415,4419
8,9,5,7,415,4419
0,0,5,5,416,4112
2,0,5,5,416,4112
1,0,5,5,416,4112
1,1,5,5,416,4112
4,0,5,5,416,4112
3,0,5,5,416,4112
3,1,5,5,416,4112
2,1,5,5,416,4112
2,2,5,5,416,4112
6,0,5,5,416,4112
5,0,5,5,416,4112
5,1,5,5,416,4112
4,1,5,5,416,4112
4,2,5,5,416,4112
3,2,5,5,416,4112
3,3,5,5,416,4112
8,0,5,5,416,4112
7,0,5,5,416,4112
7,1,5,5,416,4112
6,1,5,5,416,4112
6,2,5,5,416,4112
5,2,5,5,416,4112
5,3,5,5,416,4112
4,3,5,5,416,4112
4,4,5,5,416,4112
9,0,5,5,416,4112
9,1,5,5,416,4112
8,1,5,5,416,4112
8,2,5,5,416,4112
7,2,5,5,416,4112
7,3,5,5,416,4112
6,3,5,5,416,4112
6,4,5,5,416,4112
5,4,5,5,416,4112
5,5,5,5,416,4112
9,2,5,5,416,4112
9,3,5,5,416,4112
8,3,5,5,416,4112
8,4,5,5,416,4112
7,4,5,5,416,4112
7,5,5,5,416,4112
6,5,5,5,416,4112
6,6,5,5,416,4112
9,4,5,5,416,4112
9,5,5,5,416,4112
8,5,5,5,416,4112
8,6,5,5,416,4112
7,6,5,5,416,4112
7,7,5,5,416,4112
9,6,5,5,416,4112
9,7,5,5,416,4112
8,7,5,5,416,4112
8,8,5,5,416,4112
9,8,5,5,416,4112
9,9,5,5,416,4112
0,1,5,7,417,4084
1,1,5,7,417,4084
0,0,5,7,417,4084
0,2,5,7,417,4084
3,1,5,7,417,4084
2,0,5,7,417,4084
2,2,5,7,417,4084
1,0,5,7,417,4084
1,3,5,7,417,4084
5,1,5,7,417,4084
4,0,5,7,417,4084
4,2,5,7,417,4084
3,0,5,7,417,4084
3,3,5,7,417,4084
2,1,5,7,417,4084
2,4,5,7,417,4084
7,1,5,7,417,4084
6,0,5,7,417,4084
6,2,5,7,417,4084
5,0,5,7,417,4084
5,3,5,7,417,4084
4,1,5,7,417,4084
4,4,5,7,417,4084
3,2,5,7,417,4084
3,5,5,7,417,4084
9,1,5,7,417,4084
8,0,5,7,417,4084
8,2,5,7,417,4084
7,0,5,7,417,4084
7,3,5,7,417,4084
6,1,5,7,417,4084
6,4,5,7,417,4084
5,2,5,7,417,4084
5,5,5,7,417,4084
4,3,5,7,417,4084
4,6,5,7,417,4084
8,1,5,7,417,4084
9,0,5,7,417,4084
9,2,5,7,417,4084
9,3,5,7,417,4084
8,4,5,7,417,4084
7,2,5,7,417,4084
7,5,5,7,417,4084
6,3,5,7,417,4084
6,6,5,7,417,4084
5,4,5,7,417,4084
5,7,5,7,417,4084
8,3,5,7,417,4084
9,4,5,7,417,4084
9,5,5,7,417,4084
8,6,5,7,417,4084
7,4,5,7,417,4084
7,7,5,7,417,4084
6,5,5,7,417,4084
6,8,5,7,417,4084
8,5,5,7,417,4084
9,6,5,7,417,4084
9,7,5,7,417,4084
8,8,5,7,417,4084
7,6,5,7,417,4084
7,9,5,7,417,4084
8,7,5,7,417,4084
9,8,5,7,417,4084
9,9,5,7,417,4084
8,9,5,7,417,4084
0,2,5,7,418,3745
2,2,5,7,418,3745
1,1,5,7,418,3745
1,3,5,7,418,3745
4,2,5,7,418,3745
3,1,5,7,418,3745
3,3,5,7,418,3745
2,0,5,7,418,3745
2,4,5,7,418,3745
6,2,5,7,418,3745
5,1,5,7,418,3745
5,3,5,7,418,3745
4,0,5,7,418,3745
4,4,5,7,418,3745
3,0,5,7,418,3745
3,5,5,7,418,3745
8,2,5,7,418,3745
7,1,5,7,418,3745
7,3,5,7,418,3745
6,0,5,7,418,3745
6,4,5,7,418,3745
5,0,5,7,418,3745
5,5,5,7,418,3745
4,1,5,7,418,3745
4,6,5,7,418,3745
9,2,5,7,418,3745
9,1,5,7,418,3745
9,3,5,7,418,3745
8,0,5,7,418,3745
8,4,5,7,418,3745
7,0,5,7,418,3745
7,5,5,7,418,3745
6,1,5,7,418,3745
6,6,5,7,418,3745
5,2,5,7,418,3745
5,7,5,7,418,3745
7,2,5,7,418,3745
8,1,5,7,418,3745
8,3,5,7,418,3745
9,0,5,7,418,3745
9,4,5,7,418,3745
9,5,5,7,418,3745
8,6,5,7,418,3745
7,7,5,7,418,3745
6,3,5,7,418,3745
6,8,5,7,418,3745
7,4,5,7,418,3745
8,5,5,7,418,3745
9,6,5,7,418,3745
9,7,5,7,418,3745
8,8,5,7,418,3745
7,9,5,7,418,3745
3,2,5,7,418,3745
4,3,5,7,418,3745
5,4,5,7,418,3745
6,5,5,7,418,3745
7,6,5,7,418,3745
8,7,5,7,418,3745
9,8,5,7,418,3745
9,9,5,7,418,3745
8,9,5,7,418,3745
0,1,7,7,419,4403
1,1,7,7,419,4403
0,0,7,7,419,4403
0,2,7,7,419,4403
2,1,7,7,419,4403
1,0,7,7,419,4403
1,2,7,7,419,4403
0,3,7,7,419,4403
3,1,7,7,419,4403
2,0,7,7,419,4403
2,2,7,7,419,4403
1,3,7,7,419,4403
0,4,7,7,419,4403
5,1,7,7,419,4403
4,0,7,7,419,4403
4,2,7,7,419,4403
3,0,7,7,419,4403
3,3,7,7,419,4403
2,4,7,7,419,4403
1,5,7,7,419,4403
7,1,7,7,419,4403
6,0,7,7,419,4403
6,2,7,7,419,4403
5,0,7,7,419,4403
5,3,7,7,419,4403
4,1,7,7,419,4403
4,4,7,7,419,4403
3,2,7,7,419,4403
3,5,7,7,419,4403
2,3,7,7,419,4403
2,6,7,7,419,4403
9,1,7,7,419,4403
8,0,7,7,419,4403
8,2,7,7,419,4403
7,0,7,7,419,4403
7,3,7,7,419,4403
6,1,7,7,419,4403
6,4,7,7,419,4403
5,2,7,7,419,4403
5,5,7,7,419,4403
4,3,7,7,419,4403
4,6,7,7,419,4403
3,4,7,7,419,4403
3,7,7,7,419,4403
8,1,7,7,419,4403
9,0,7,7,419,4403
9,2,7,7,419,4403
9,3,7,7,419,4403
8,4,7,7,419,4403
7,2,7,7,419,4403
7,5,7,7,419,4403
6,3,7,7,419,4403
6,6,7,7,419,4403
5,4,7,7,419,4403
5,7,7,7,419,4403
4,5,7,7,419,4403
4,8,7,7,419,4403
8,3,7,7,419,4403
9,4,7,7,419,4403
9,5,7,7,419,4403
8,6,7,7,419,4403
7,4,7,7,419,4403
7,7,7,7,419,4403
6,5,7,7,419,4403
6,8,7,7,419,4403
5,6,7,7,419,4403
5,9,7,7,419,4403
8,5,7,7,419,4403
9,6,7,7,419,4403
9,7,7,7,419,4403
8,8,7,7,419,4403
7,6,7,7,419,4403
7,9,7,7,419,4403
6,7,7,7,419,4403
6,9,7,7,419,4403
8,7,7,7,419,4403
9,8,7,7,419,4403
9,9,7,7,419,4403
8,9,7,7,419,4403
7,8,7,7,419,4403
0,2,7,7,420,4086
1,2,7,7,420,4086
0,1,7,7,420,4086
0,3,7,7,420,4086
2,2,7,7,420,4086
1,1,7,7,420,4086
1,3,7,7,420,4086
0,0,7,7,420,4086
0,4,7,7,420,4086
4,2,7,7,420,4086
3,1,7,7,420,4086
3,3,7,7,420,4086
2,0,7,7,420,4086
2,4,7,7,420,4086
1,0,7,7,420,4086
1,5,7,7,420,4086
6,2,7,7,420,4086
5,1,7,7,420,4086
5,3,7,7,420,4086
4,0,7,7,420,4086
4,4,7,7,420,4086
3,0,7,7,420,4086
3,5,7,7,420,4086
2,1,7,7,420,4086
2,6,7,7,420,4086
8,2,7,7,420,4086
7,1,7,7,420,4086
7,3,7,7,420,4086
6,0,7,7,420,4086
6,4,7,7,420,4086
5,0,7,7,420,4086
5,5,7,7,420,4086
4,1,7,7,420,4086
4,6,7,7,420,4086
3,2,7,7,420,4086
3,7,7,7,420,4086
9,2,7,7,420,4086
9,1,7,7,420,4086
9,3,7,7,420,4086
8,0,7,7,420,4086
8,4,7,7,420,4086
7,0,7,7,420,4086
7,5,7,7,420,4086
6,1,7,7,420,4086
6,6,7,7,420,4086
5,2,7,7,420,4086
5,7,7,7,420,4086
4,3,7,7,420,4086
4,8,7,7,420,4086
7,2,7,7,420,4086
8,1,7,7,420,4086
8,3,7,7,420,4086
9,0,7,7,420,4086
9,4,7,7,420,4086
9,5,7,7,420,4086
8,6,7,7,420,4086
7,7,7,7,420,4086
6,3,7,7,420,4086
6,8,7,7,420,4086
5,4,7,7,420,4086
5,9,7,7,420,4086
7,4,7,7,420,4086
8,5,7,7,420,4086
9,6,7,7,420,4086
9,7,7,7,420,4086
8,8,7,7,420,4086
7,9,7,7,420,4086
6,5,7,7,420,4086
6,9,7,7,420,4086
7,6,7,7,420,4086
8,7,7,7,420,4086
9,8,7,7,420,4086
9,9,7,7,420,4086
8,9,7,7,420,4086
7,8,7,7,420,4086
0,3,7,7,421,3746
1,3,7,7,421,3746
0,2,7,7,421,3746
0,4,7,7,421,3746
3,3,7,7,421,3746
2,2,7,7,421,3746
2,4,7,7,421,3746
1,1,7,7,421,3746
1,5,7,7,421,3746
5,3,7,7,421,3746
4,2,7,7,421,3746
4,4,7,7,421,3746
3,1,7,7,421,3746
3,5,7,7,421,3746
2,0,7,7,421,3746
2,6,7,7,421,3746
7,3,7,7,421,3746
6,2,7,7,421,3746
6,4,7,7,421,3746
5,1,7,7,421,3746
5,5,7,7,421,3746
4,0,7,7,421,3746
4,6,7,7,421,3746
3,0,7,7,421,3746
3,7,7,7,421,3746
9,3,7,7,421,3746
8,2,7,7,421,3746
8,4,7,7,421,3746
7,1,7,7,421,3746
7,5,7,7,421,3746
6,0,7,7,421,3746
6,6,7,7,421,3746
5,0,7,7,421,3746
5,7,7,7,421,3746
4,1,7,7,421,3746
4,8,7,7,421,3746
8,3,7,7,421,3746
9,2,7,7,421,3746
9,4,7,7,421,3746
9,1,7,7,421,3746
9,5,7,7,421,3746
8,0,7,7,421,3746
8,6,7,7,421,3746
7,0,7,7,421,3746
7,7,7,7,421,3746
6,1,7,7,421,3746
6,8,7,7,421,3746
5,2,7,7,421,3746
5,9,7,7,421,3746
6,3,7,7,421,3746
7,2,7,7,421,3746
7,4,7,7,421,3746
8,1,7,7,421,3746
8,5,7,7,421,3746
9,0,7,7,421,3746
9,6,7,7,421,3746
9,7,7,7,421,3746
8,8,7,7,421,3746
7,9,7,7,421,3746
6,9,7,7,421,3746
4,3,7,7,421,3746
5,4,7,7,421,3746
6,5,7,7,421,3746
7,6,7,7,421,3746
8,7,7,7,421,3746
9,8,7,7,421,3746
9,9,7,7,421,3746
8,9,7,7,421,3746
7,8,7,7,421,3746
0,1,7,7,422,4702
1,1,7,7,422,4702
0,0,7,7,422,4702
0,2,7,7,422,4702
2,1,7,7,422,4702
1,0,7,7,422,4702
1,2,7,7,422,4702
0,3,7,7,422,4702
3,1,7,7,422,4702
2,0,7,7,422,4702
2,2,7,7,422,4702
1,3,7,7,422,4702
0,4,7,7,422,4702
4,1,7,7,422,4702
3,0,7,7,422,4702
3,2,7,7,422,4702
2,3,7,7,422,4702
1,4,7,7,422,4702
0,5,7,7,422,4702
5,1,7,7,422,4702
4,0,7,7,422,4702
4,2,7,7,422,4702
3,3,7,7,422,4702
2,4,7,7,422,4702
1,5,7,7,422,4702
0,6,7,7,422,4702
7,1,7,7,422,4702
6,0,7,7,422,4702
6,2,7,7,422,4702
5,0,7,7,422,4702
5,3,7,7,422,4702
4,4,7,7,422,4702
3,5,7,7,422,4702
2,6,7,7,422,4702
1,7,7,7,422,4702
9,1,7,7,422,4702
8,0,7,7,422,4702
8,2,7,7,422,4702
7,0,7,7,422,4702
7,3,7,7,422,4702
6,1,7,7,422,4702
6,4,7,7,422,4702
5,2,7,7,422,4702
5,5,7,7,422,4702
4,3,7,7,422,4702
4,6,7,7,422,4702
3,4,7,7,422,4702
3,7,7,7,422,4702
2,5,7,7,422,4702
2,8,7,7,422,4702
8,1,7,7,422,4702
9,0,7,7,422,4702
9,2,7,7,422,4702
9,3,7,7,422,4702
8,4,7,7,422,4702
7,2,7,7,422,4702
7,5,7,7,422,4702
6,3,7,7,422,4702
6,6,7,7,422,4702
5,4,7,7,422,4702
5,7,7,7,422,4702
4,5,7,7,422,4702
4,8,7,7,422,4702
3,6,7,7,422,4702
3,9,7,7,422,4702
8,3,7,7,422,4702
9,4,7,7,422,4702
9,5,7,7,422,4702
8,6,7,7,422,4702
7,4,7,7,422,4702
7,7,7,7,422,4702
6,5,7,7,422,4702
6,8,7,7,422,4702
5,6,7,7,422,4702
5,9,7,7,422,4702
4,7,7,7,422,4702
4,9,7,7,422,4702
8,5,7,7,422,4702
9,6,7,7,422,4702
9,7,7,7,422,4702
8,8,7,7,422,4702
7,6,7,7,422,4702
7,9,7,7,422,4702
6,7,7,7,422,4702
6,9,7,7,422,4702
5,8,7,7,422,4702
8,7,7,7,422,4702
9,8,7,7,422,4702
9,9,7,7,422,4702
8,9,7,7,422,4702
7,8,7,7,422,4702
0,3,8,8,423,4086
1,3,8,8,423,4086
0,2,8,8,423,4086
0,4,8,8,423,4086
2,3,8,8,423,4086
1,2,8,8,423,4086
1,4,8,8,423,4086
0,1,8,8,423,4086
0,5,8,8,423,4086
3,3,8,8,423,4086
2,2,8,8,423,4086
2,4,8,8,423,4086
1,1,8,8,423,4086
1,5,8,8,423,4086
0,0,8,8,423,4086
0,6,8,8,423,4086
5,3,8,8,423,4086
4,2,8,8,423,4086
4,4,8,8,423,4086
3,1,8,8,423,4086
3,5,8,8,423,4086
2,0,8,8,423,4086
2,6,8,8,423,4086
1,0,8,8,423,4086
1,7,8,8,423,4086
7,3,8,8,423,4086
6,2,8,8,423,4086
6,4,8,8,423,4086
5,1,8,8,423,4086
5,5,8,8,423,4086
4,0,8,8,423,4086
4,6,8,8,423,4086
3,0,8,8,423,4086
3,7,8,8,423,4086
2,1,8,8,423,4086
2,8,8,8,423,4086
9,3,8,8,423,4086
8,2,8,8,423,4086
8,4,8,8,423,4086
7,1,8,8,423,4086
7,5,8,8,423,4086
6,0,8,8,423,4086
6,6,8,8,423,4086
5,0,8,8,423,4086
5,7,8,8,423,4086
4,1,8,8,423,4086
4,8,8,8,423,4086
3,2,8,8,423,4086
3,9,8,8,423,4086
8,3,8,8,423,4086
9,2,8,8,423,4086
9,4,8,8,423,4086
9,1,8,8,423,4086
9,5,8,8,423,4086
8,0,8,8,423,4086
8,6,8,8,423,4086
7,0,8,8,423,4086
7,7,8,8,423,4086
6,1,8,8,423,4086
6,8,8,8,423,4086
5,2,8,8,423,4086
5,9,8,8,423,4086
4,3,8,8,423,4086
4,9,8,8,423,4086
6,3,8,8,423,4086
7,2,8,8,423,4086
7,4,8,8,423,4086
8,1,8,8,423,4086
8,5,8,8,423,4086
9,0,8,8,423,4086
9,6,8,8,423,4086
9,7,8,8,423,4086
8,8,8,8,423,4086
7,9,8,8,423,4086
6,9,8,8,423,4086
5,4,8,8,423,4086
5,8,8,8,423,4086
6,5,8,8,423,4086
7,6,8,8,423,4086
8,7,8,8,423,4086
9,8,8,8,423,4086
9,9,8,8,423,4086
8,9,8,8,423,4086
7,8,8,8,423,4086
6,7,8,8,423,4086
0,4,8,8,424,3746
1,4,8,8,424,3746
0,3,8,8,424,3746
0,5,8,8,424,3746
2,4,8,8,424,3746
1,3,8,8,424,3746
1,5,8,8,424,3746
0,2,8,8,424,3746
0,6,8,8,424,3746
4,4,8,8,424,3746
3,3,8,8,424,3746
3,5,8,8,424,3746
2,2,8,8,424,3746
2,6,8,8,424,3746
1,1,8,8,424,3746
1,7,8,8,424,3746
6,4,8,8,424,3746
5,3,8,8,424,3746
5,5,8,8,424,3746
4,2,8,8,424,3746
4,6,8,8,424,3746
3,1,8,8,424,3746
3,7,8,8,424,3746
2,0,8,8,424,3746
2,8,8,8,424,3746
8,4,8,8,424,3746
7,3,8,8,424,3746
7,5,8,8,424,3746
6,2,8,8,424,3746
6,6,8,8,424,3746
5,1,8,8,424,3746
5,7,8,8,424,3746
4,0,8,8,424,3746
4,8,8,8,424,3746
3,0,8,8,424,3746
3,9,8,8,424,3746
9,4,8,8,424,3746
9,3,8,8,424,3746
9,5,8,8,424,3746
8,2,8,8,424,3746
8,6,8,8,424,3746
7,1,8,8,424,3746
7,7,8,8,424,3746
6,0,8,8,424,3746
6,8,8,8,424,3746
5,0,8,8,424,3746
5,9,8,8,424,3746
4,1,8,8,424,3746
4,9,8,8,424,3746
7,4,8,8,424,3746
8,3,8,8,424,3746
8,5,8,8,424,3746
9,2,8,8,424,3746
9,6,8,8,424,3746
9,1,8,8,424,3746
9,7,8,8,424,3746
8,0,8,8,424,3746
8,8,8,8,424,3746
7,0,8,8,424,3746
7,9,8,8,424,3746
6,1,8,8,424,3746
6,9,8,8,424,3746
5,2,8,8,424,3746
5,8,8,8,424,3746
5,4,8,8,424,3746
6,3,8,8,424,3746
6,5,8,8,424,3746
7,2,8,8,424,3746
7,6,8,8,424,3746
8,1,8,8,424,3746
8,7,8,8,424,3746
9,0,8,8,424,3746
9,8,8,8,424,3746
9,9,8,8,424,3746
8,9,8,8,424,3746
7,8,8,8,424,3746
6,7,8,8,424,3746
0,3,9,9,425,4402
1,3,9,9,425,4402
0,2,9,9,425,4402
0,4,9,9,425,4402
2,3,9,9,425,4402
1,2,9,9,425,4402
1,4,9,9,425,4402
0,1,9,9,425,4402
0,5,9,9,425,4402
3,3,9,9,425,4402
2,2,9,9,425,4402
2,4,9,9,425,4402
1,1,9,9,425,4402
1,5,9,9,425,4402
0,0,9,9,425,4402
0,6,9,9,425,4402
4,3,9,9,425,4402
3,2,9,9,425,4402
3,4,9,9,425,4402
2,1,9,9,425,4402
2,5,9,9,425,4402
1,0,9,9,425,4402
1,6,9,9,425,4402
0,7,9,9,425,4402
5,3,9,9,425,4402
4,2,9,9,425,4402
4,4,9,9,425,4402
3,1,9,9,425,4402
3,5,9,9,425,4402
2,0,9,9,425,4402
2,6,9,9,425,4402
1,7,9,9,425,4402
0,8,9,9,425,4402
7,3,9,9,425,4402
6,2,9,9,425,4402
6,4,9,9,425,4402
5,1,9,9,425,4402
5,5,9,9,425,4402
4,0,9,9,425,4402
4,6,9,9,425,4402
3,0,9,9,425,4402
3,7,9,9,425,4402
2,8,9,9,425,4402
1,9,9,9,425,4402
9,3,9,9,425,4402
8,2,9,9,425,4402
8,4,9,9,425,4402
7,1,9,9,425,4402
7,5,9,9,425,4402
6,0,9,9,425,4402
6,6,9,9,425,4402
5,0,9,9,425,4402
5,7,9,9,425,4402
4,1,9,9,425,4402
4,8,9,9,425,4402
3,9,9,9,425,4402
2,9,9,9,425,4402
8,3,9,9,425,4402
9,2,9,9,425,4402
9,4,9,9,425,4402
9,1,9,9,425,4402
9,5,9,9,425,4402
8,0,9,9,425,4402
8,6,9,9,425,4402
7,0,9,9,425,4402
7,7,9,9,425,4402
6,1,9,9,425,4402
6,8,9,9,425,4402
5,2,9,9,425,4402
5,9,9,9,425,4402
4,9,9,9,425,4402
3,8,9,9,425,4402
6,3,9,9,425,4402
7,2,9,9,425,4402
7,4,9,9,425,4402
8,1,9,9,425,4402
8,5,9,9,425,4402
9,0,9,9,425,4402
9,6,9,9,425,4402
9,7,9,9,425,4402
8,8,9,9,425,4402
7,9,9,9,425,4402
6,9,9,9,425,4402
5,4,9,9,425,4402
5,8,9,9,425,4402
4,5,9,9,425,4402
4,7,9,9,425,4402
6,5,9,9,425,4402
7,6,9,9,425,4402
8,7,9,9,425,4402
9,8,9,9,425,4402
9,9,9,9,425,4402
8,9,9,9,425,4402
7,8,9,9,425,4402
6,7,9,9,425,4402
5,6,9,9,425,4402
0,4,9,9,426,4085
1,4,9,9,426,4085
0,3,9,9,426,4085
0,5,9,9,426,4085
2,4,9,9,426,4085
1,3,9,9,426,4085
1,5,9,9,426,4085
0,2,9,9,426,4085
0,6,9,9,426,4085
3,4,9,9,426,4085
2,3,9,9,426,4085
2,5,9,9,426,4085
1,2,9,9,426,4085
1,6,9,9,426,4085
0,1,9,9,426,4085
0,7,9,9,426,4085
4,4,9,9,426,4085
3,3,9,9,426,4085
3,5,9,9,426,4085
2,2,9,9,426,4085
2,6,9,9,426,4085
1,1,9,9,426,4085
1,7,9,9,426,4085
0,0,9,9,426,4085
0,8,9,9,426,4085
6,4,9,9,426,4085
5,3,9,9,426,4085
5,5,9,9,426,4085
4,2,9,9,426,4085
4,6,9,9,426,4085
3,1,9,9,426,4085
3,7,9,9,426,4085
2,0,9,9,426,4085
2,8,9,9,426,4085
1,0,9,9,426,4085
1,9,9,9,426,4085
8,4,9,9,426,4085
7,3,9,9,426,4085
7,5,9,9,426,4085
6,2,9,9,426,4085
6,6,9,9,426,4085
5,1,9,9,426,4085
5,7,9,9,426,4085
4,0,9,9,426,4085
4,8,9,9,426,4085
3,0,9,9,426,4085
3,9,9,9,426,4085
2,1,9,9,426,4085
2,9,9,9,426,4085
9,4,9,9,426,4085
9,3,9,9,426,4085
9,5,9,9,426,4085
8,2,9,9,426,4085
8,6,9,9,426,4085
7,1,9,9,426,4085
7,7,9,9,426,4085
6,0,9,9,426,4085
6,8,9,9,426,4085
5,0,9,9,426,4085
5,9,9,9,426,4085
4,1,9,9,426,4085
4,9,9,9,426,4085
3,2,9,9,426,4085
3,8,9,9,426,4085
7,4,9,9,426,4085
8,3,9,9,426,4085
8,5,9,9,426,4085
9,2,9,9,426,4085
9,6,9,9,426,4085
9,1,9,9,426,4085
9,7,9,9,426,4085
8,0,9,9,426,4085
8,8,9,9,426,4085
7,0,9,9,426,4085
7,9,9,9,426,4085
6,1,9,9,426,4085
6,9,9,9,426,4085
5,2,9,9,426,4085
5,8,9,9,426,4085
4,3,9,9,426,4085
4,7,9,9,426,4085
5,4,9,9,426,4085
6,3,9,9,426,4085
6,5,9,9,426,4085
7,2,9,9,426,4085
7,6,9,9,426,4085
8,1,9,9,426,4085
8,7,9,9,426,4085
9,0,9,9,426,4085
9,8,9,9,426,4085
9,9,9,9,426,4085
8,9,9,9,426,4085
7,8,9,9,426,4085
6,7,9,9,426,4085
5,6,9,9,426,4085
0,5,9,9,427,3745
1,5,9,9,427,3745
0,4,9,9,427,3745
0,6,9,9,427,3745
2,5,9,9,427,3745
1,4,9,9,427,3745
1,6,9,9,427,3745
0,3,9,9,427,3745
0,7,9,9,427,3745
3,5,9,9,427,3745
2,4,9,9,427,3745
2,6,9,9,427,3745
1,3,9,9,427,3745
1,7,9,9,427,3745
0,2,9,9,427,3745
0,8,9,9,427,3745
5,5,9,9,427,3745
4,4,9,9,427,3745
4,6,9,9,427,3745
3,3,9,9,427,3745
3,7,9,9,427,3745
2,2,9,9,427,3745
2,8,9,9,427,3745
1,1,9,9,427,3745
1,9,9,9,427,3745
7,5,9,9,427,3745
6,4,9,9,427,3745
6,6,9,9,427,3745
5,3,9,9,427,3745
5,7,9,9,427,3745
4,2,9,9,427,3745
4,8,9,9,427,3745
3,1,9,9,427,3745
3,9,9,9,427,3745
2,0,9,9,427,3745
2,9,9,9,427,3745
9,5,9,9,427,3745
8,4,9,9,427,3745
8,6,9,9,427,3745
7,3,9,9,427,3745
7,7,9,9,427,3745
6,2,9,9,427,3745
6,8,9,9,427,3745
5,1,9,9,427,3745
5,9,9,9,427,3745
4,0,9,9,427,3745
4,9,9,9,427,3745
3,0,9,9,427,3745
3,8,9,9,427,3745
8,5,9,9,427,3745
9,4,9,9,427,3745
9,6,9,9,427,3745
9,3,9,9,427,3745
9,7,9,9,427,3745
8,2,9,9,427,3745
8,8,9,9,427,3745
7,1,9,9,427,3745
7,9,9,9,427,3745
6,0,9,9,427,3745
6,9,9,9,427,3745
5,0,9,9,427,3745
5,8,9,9,427,3745
4,1,9,9,427,3745
4,7,9,9,427,3745
6,5,9,9,427,3745
7,4,9,9,427,3745
7,6,9,9,427,3745
8,3,9,9,427,3745
8,7,9,9,427,3745
9,2,9,9,427,3745
9,8,9,9,427,3745
9,1,9,9,427,3745
9,9,9,9,427,3745
8,0,9,9,427,3745
8,9,9,9,427,3745
7,0,9,9,427,3745
7,8,9,9,427,3745
6,1,9,9,427,3745
6,7,9,9,427,3745
5,2,9,9,427,3745
5,6,9,9,427,3745
0,3,9,9,428,4701
1,3,9,9,428,4701
0,2,9,9,428,4701
0,4,9,9,428,4701
2,3,9,9,428,4701
1,2,9,9,428,4701
1,4,9,9,428,4701
0,1,9,9,428,4701
0,5,9,9,428,4701
3,3,9,9,428,4701
2,2,9,9,428,4701
2,4,9,9,428,4701
1,1,9,9,428,4701
1,5,9,9,428,4701
0,0,9,9,428,4701
0,6,9,9,428,4701
4,3,9,9,428,4701
3,2,9,9,428,4701
3,4,9,9,428,4701
2,1,9,9,428,4701
2,5,9,9,428,4701
1,0,9,9,428,4701
1,6,9,9,428,4701
0,7,9,9,428,4701
5,3,9,9,428,4701
4,2,9,9,428,4701
4,4,9,9,428,4701
3,1,9,9,428,4701
3,5,9,9,428,4701
2,0,9,9,428,4701
2,6,9,9,428,4701
1,7,9,9,428,4701
0,8,9,9,428,4701
6,3,9,9,428,4701
5,2,9,9,428,4701
5,4,9,9,428,4701
4,1,9,9,428,4701
4,5,9,9,428,4701
3,0,9,9,428,4701
3,6,9,9,428,4701
2,7,9,9,428,4701
1,8,9,9,428,4701
0,9,9,9,428,4701
7,3,9,9,428,4701
6,2,9,9,428,4701
6,4,9,9,428,4701
5,1,9,9,428,4701
5,5,9,9,428,4701
4,0,9,9,428,4701
4,6,9,9,428,4701
3,7,9,9,428,4701
2,8,9,9,428,4701
1,9,9,9,428,4701
9,3,9,9,428,4701
8,2,9,9,428,4701
8,4,9,9,428,4701
7,1,9,9,428,4701
7,5,9,9,428,4701
6,0,9,9,428,4701
6,6,9,9,428,4701
5,0,9,9,428,4701
5,7,9,9,428,4701
4,8,9,9,428,4701
3,9,9,9,428,4701
2,9,9,9,428,4701
8,3,9,9,428,4701
9,2,9,9,428,4701
9,4,9,9,428,4701
9,1,9,9,428,4701
9,5,9,9,428,4701
8,0,9,9,428,4701
8,6,9,9,428,4701
7,0,9,9,428,4701
7,7,9,9,428,4701
6,1,9,9,428,4701
6,8,9,9,428,4701
5,9,9,9,428,4701
4,9,9,9,428,4701
3,8,9,9,428,4701
7,2,9,9,428,4701
7,4,9,9,428,4701
8,1,9,9,428,4701
8,5,9,9,428,4701
9,0,9,9,428,4701
9,6,9,9,428,4701
9,7,9,9,428,4701
8,8,9,9,428,4701
7,9,9,9,428,4701
6,9,9,9,428,4701
5,8,9,9,428,4701
4,7,9,9,428,4701
6,5,9,9,428,4701
7,6,9,9,428,4701
8,7,9,9,428,4701
9,8,9,9,428,4701
9,9,9,9,428,4701
8,9,9,9,428,4701
7,8,9,9,428,4701
6,7,9,9,428,4701
5,6,9,9,428,4701
0,4,9,9,429,4404
1,4,9,9,429,4404
0,3,9,9,429,4404
0,5,9,9,429,4404
2,4,9,9,429,4404
1,3,9,9,429,4404
1,5,9,9,429,4404
0,2,9,9,429,4404
0,6,9,9,429,4404
3,4,9,9,429,4404
2,3,9,9,429,4404
2,5,9,9,429,4404
1,2,9,9,429,4404
1,6,9,9,429,4404
0,1,9,9,429,4404
0,7,9,9,429,4404
4,4,9,9,429,4404
3,3,9,9,429,4404
3,5,9,9,429,4404
2,2,9,9,429,4404
2,6,9,9,429,4404
1,1,9,9,429,4404
1,7,9,9,429,4404
0,0,9,9,429,4404
0,8,9,9,429,4404
5,4,9,9,429,4404
4,3,9,9,429,4404
4,5,9,9,429,4404
3,2,9,9,429,4404
3,6,9,9,429,4404
2,1,9,9,429,4404
2,7,9,9,429,4404
1,0,9,9,429,4404
1,8,9,9,429,4404
0,9,9,9,429,4404
6,4,9,9,429,4404
5,3,9,9,429,4404
5,5,9,9,429,4404
4,2,9,9,429,4404
4,6,9,9,429,4404
3,1,9,9,429,4404
3,7,9,9,429,4404
2,0,9,9,429,4404
2,8,9,9,429,4404
1,9,9,9,429,4404
8,4,9,9,429,4404
7,3,9,9,429,4404
7,5,9,9,429,4404
6,2,9,9,429,4404
6,6,9,9,429,4404
5,1,9,9,429,4404
5,7,9,9,429,4404
4,0,9,9,429,4404
4,8,9,9,429,4404
3,0,9,9,429,4404
3,9,9,9,429,4404
2,9,9,9,429,4404
9,4,9,9,429,4404
9,3,9,9,429,4404
9,5,9,9,429,4404
8,2,9,9,429,4404
8,6,9,9,429,4404
7,1,9,9,429,4404
7,7,9,9,429,4404
6,0,9,9,429,4404
6,8,9,9,429,4404
5,0,9,9,429,4404
5,9,9,9,429,4404
4,1,9,9,429,4404
4,9,9,9,429,4404
3,8,9,9,429,4404
7,4,9,9,429,4404
8,3,9,9,429,4404
8,5,9,9,429,4404
9,2,9,9,429,4404
9,6,9,9,429,4404
9,1,9,9,429,4404
9,7,9,9,429,4404
8,0,9,9,429,4404
8,8,9,9,429,4404
7,0,9,9,429,4404
7,9,9,9,429,4404
6,1,9,9,429,4404
6,9,9,9,429,4404
5,2,9,9,429,4404
5,8,9,9,429,4404
4,7,9,9,429,4404
6,3,9,9,429,4404
6,5,9,9,429,4404
7,2,9,9,429,4404
7,6,9,9,429,4404
8,1,9,9,429,4404
8,7,9,9,429,4404
9,0,9,9,429,4404
9,8,9,9,429,4404
9,9,9,9,429,4404
8,9,9,9,429,4404
7,8,9,9,429,4404
6,7,9,9,429,4404
5,6,9,9,429,4404
0,6,9,9,430,3744
1,6,9,9,430,3744
0,5,9,9,430,3744
0,7,9,9,430,3744
2,6,9,9,430,3744
1,5,9,9,430,3744
1,7,9,9,430,3744
0,4,9,9,430,3744
0,8,9,9,430,3744
3,6,9,9,430,3744
2,5,9,9,430,3744
2,7,9,9,430,3744
1,4,9,9,430,3744
1,8,9,9,430,3744
0,3,9,9,430,3744
0,9,9,9,430,3744
4,6,9,9,430,3744
3,5,9,9,430,3744
3,7,9,9,430,3744
2,4,9,9,430,3744
2,8,9,9,430,3744
1,3,9,9,430,3744
1,9,9,9,430,3744
0,2,9,9,430,3744
6,6,9,9,430,3744
5,5,9,9,430,3744
5,7,9,9,430,3744
4,4,9,9,430,3744
4,8,9,9,430,3744
3,3,9,9,430,3744
3,9,9,9,430,3744
2,2,9,9,430,3744
2,9,9,9,430,3744
1,1,9,9,430,3744
8,6,9,9,430,3744
7,5,9,9,430,3744
7,7,9,9,430,3744
6,4,9,9,430,3744
6,8,9,9,430,3744
5,3,9,9,430,3744
5,9,9,9,430,3744
4,2,9,9,430,3744
4,9,9,9,430,3744
3,1,9,9,430,3744
3,8,9,9,430,3744
2,0,9,9,430,3744
9,6,9,9,430,3744
9,5,9,9,430,3744
9,7,9,9,430,3744
8,4,9,9,430,3744
8,8,9,9,430,3744
7,3,9,9,430,3744
7,9,9,9,430,3744
6,2,9,9,430,3744
6,9,9,9,430,3744
5,1,9,9,430,3744
5,8,9,9,430,3744
4,0,9,9,430,3744
4,7,9,9,430,3744
3,0,9,9,430,3744
7,6,9,9,430,3744
8,5,9,9,430,3744
8,7,9,9,430,3744
9,4,9,9,430,3744
9,8,9,9,430,3744
9,3,9,9,430,3744
9,9,9,9,430,3744
8,2,9,9,430,3744
8,9,9,9,430,3744
7,1,9,9,430,3744
7,8,9,9,430,3744
6,0,9,9,430,3744
6,7,9,9,430,3744
5,0,9,9,430,3744
5,6,9,9,430,3744
4,1,9,9,430,3744
4,5,9,9,430,3744
0,4,9,9,431,4701
1,4,9,9,431,4701
0,3,9,9,431,4701
0,5,9,9,431,4701
2,4,9,9,431,4701
1,3,9,9,431,4701
1,5,9,9,431,4701
0,2,9,9,431,4701
0,6,9,9,431,4701
3,4,9,9,431,4701
2,3,9,9,431,4701
2,5,9,9,431,4701
1,2,9,9,431,4701
1,6,9,9,431,4701
0,1,9,9,431,4701
0,7,9,9,431,4701
4,4,9,9,431,4701
3,3,9,9,431,4701
3,5,9,9,431,4701
2,2,9,9,431,4701
2,6,9,9,431,4701
1,1,9,9,431,4701
1,7,9,9,431,4701
0,0,9,9,431,4701
0,8,9,9,431,4701
5,4,9,9,431,4701
4,3,9,9,431,4701
4,5,9,9,431,4701
3,2,9,9,431,4701
3,6,9,9,431,4701
2,1,9,9,431,4701
2,7,9,9,431,4701
1,0,9,9,431,4701
1,8,9,9,431,4701
0,9,9,9,431,4701
6,4,9,9,431,4701
5,3,9,9,431,4701
5,5,9,9,431,4701
4,2,9,9,431,4701
4,6,9,9,431,4701
3,1,9,9,431,4701
3,7,9,9,431,4701
2,0,9,9,431,4701
2,8,9,9,431,4701
1,9,9,9,431,4701
7,4,9,9,431,4701
6,3,9,9,431,4701
6,5,9,9,431,4701
5,2,9,9,431,4701
5,6,9,9,431,4701
4,1,9,9,431,4701
4,7,9,9,431,4701
3,0,9,9,431,4701
3,8,9,9,431,4701
2,9,9,9,431,4701
8,4,9,9,431,4701
7,3,9,9,431,4701
7,5,9,9,431,4701
6,2,9,9,431,4701
6,6,9,9,431,4701
5,1,9,9,431,4701
5,7,9,9,431,4701
4,0,9,9,431,4701
4,8,9,9,431,4701
3,9,9,9,431,4701
9,4,9,9,431,4701
9,3,9,9,431,4701
9,5,9,9,431,4701
8,2,9,9,431,4701
8,6,9,9,431,4701
7,1,9,9,431,4701
7,7,9,9,431,4701
6,0,9,9,431,4701
6,8,9,9,431,4701
5,0,9,9,431,4701
5,9,9,9,431,4701
4,9,9,9,431,4701
8,3,9,9,431,4701
8,5,9,9,431,4701
9,2,9,9,431,4701
9,6,9,9,431,4701
9,1,9,9,431,4701
9,7,9,9,431,4701
8,0,9,9,431,4701
8,8,9,9,431,4701
7,0,9,9,431,4701
7,9,9,9,431,4701
6,1,9,9,431,4701
6,9,9,9,431,4701
5,8,9,9,431,4701
7,2,9,9,431,4701
7,6,9,9,431,4701
8,1,9,9,431,4701
8,7,9,9,431,4701
9,0,9,9,431,4701
9,8,9,9,431,4701
9,9,9,9,431,4701
8,9,9,9,431,4701
7,8,9,9,431,4701
6,7,9,9,431,4701
0,5,9,9,432,4402
1,5,9,9,432,4402
0,4,9,9,432,4402
0,6,9,9,432,4402
2,5,9,9,432,4402
1,4,9,9,432,4402
1,6,9,9,432,4402
0,3,9,9,432,4402
0,7,9,9,432,4402
3,5,9,9,432,4402
2,4,9,9,432,4402
2,6,9,9,432,4402
1,3,9,9,432,4402
1,7,9,9,432,4402
0,2,9,9,432,4402
0,8,9,9,432,4402
4,5,9,9,432,4402
3,4,9,9,432,4402
3,6,9,9,432,4402
2,3,9,9,432,4402
2,7,9,9,432,4402
1,2,9,9,432,4402
1,8,9,9,432,4402
0,1,9,9,432,4402
0,9,9,9,432,4402
5,5,9,9,432,4402
4,4,9,9,432,4402
4,6,9,9,432,4402
3,3,9,9,432,4402
3,7,9,9,432,4402
2,2,9,9,432,4402
2,8,9,9,432,4402
1,1,9,9,432,4402
1,9,9,9,432,4402
0,0,9,9,432,4402
6,5,9,9,432,4402
5,4,9,9,432,4402
5,6,9,9,432,4402
4,3,9,9,432,4402
4,7,9,9,432,4402
3,2,9,9,432,4402
3,8,9,9,432,4402
2,1,9,9,432,4402
2,9,9,9,432,4402
1,0,9,9,432,4402
7,5,9,9,432,4402
6,4,9,9,432,4402
6,6,9,9,432,4402
5,3,9,9,432,4402
5,7,9,9,432,4402
4,2,9,9,432,4402
4,8,9,9,432,4402
3,1,9,9,432,4402
3,9,9,9,432,4402
2,0,9,9,432,4402
9,5,9,9,432,4402
8,4,9,9,432,4402
8,6,9,9,432,4402
7,3,9,9,432,4402
7,7,9,9,432,4402
6,2,9,9,432,4402
6,8,9,9,432,4402
5,1,9,9,432,4402
5,9,9,9,432,4402
4,0,9,9,432,4402
4,9,9,9,432,4402
3,0,9,9,432,4402
8,5,9,9,432,4402
9,4,9,9,432,4402
9,6,9,9,432,4402
9,3,9,9,432,4402
9,7,9,9,432,4402
8,2,9,9,432,4402
8,8,9,9,432,4402
7,1,9,9,432,4402
7,9,9,9,432,4402
6,0,9,9,432,4402
6,9,9,9,432,4402
5,0,9,9,432,4402
5,8,9,9,432,4402
4,1,9,9,432,4402
7,4,9,9,432,4402
7,6,9,9,432,4402
8,3,9,9,432,4402
8,7,9,9,432,4402
9,2,9,9,432,4402
9,8,9,9,432,4402
9,1,9,9,432,4402
9,9,9,9,432,4402
8,0,9,9,432,4402
8,9,9,9,432,4402
7,0,9,9,432,4402
7,8,9,9,432,4402
6,1,9,9,432,4402
6,7,9,9,432,4402
5,2,9,9,432,4402
0,6,9,9,433,4083
1,6,9,9,433,4083
0,5,9,9,433,4083
0,7,9,9,433,4083
2,6,9,9,433,4083
1,5,9,9,433,4083
1,7,9,9,433,4083
0,4,9,9,433,4083
0,8,9,9,433,4083
3,6,9,9,433,4083
2,5,9,9,433,4083
2,7,9,9,433,4083
1,4,9,9,433,4083
1,8,9,9,433,4083
0,3,9,9,433,4083
0,9,9,9,433,4083
4,6,9,9,433,4083
3,5,9,9,433,4083
3,7,9,9,433,4083
2,4,9,9,433,4083
2,8,9,9,433,4083
1,3,9,9,433,4083
1,9,9,9,433,4083
0,2,9,9,433,4083
5,6,9,9,433,4083
4,5,9,9,433,4083
4,7,9,9,433,4083
3,4,9,9,433,4083
3,8,9,9,433,4083
2,3,9,9,433,4083
2,9,9,9,433,4083
1,2,9,9,433,4083
0,1,9,9,433,4083
6,6,9,9,433,4083
5,5,9,9,433,4083
5,7,9,9,433,4083
4,4,9,9,433,4083
4,8,9,9,433,4083
3,3,9,9,433,4083
3,9,9,9,433,4083
2,2,9,9,433,4083
1,1,9,9,433,4083
0,0,9,9,433,4083
8,6,9,9,433,4083
7,5,9,9,433,4083
7,7,9,9,433,4083
6,4,9,9,433,4083
6,8,9,9,433,4083
5,3,9,9,433,4083
5,9,9,9,433,4083
4,2,9,9,433,4083
4,9,9,9,433,4083
3,1,9,9,433,4083
2,0,9,9,433,4083
1,0,9,9,433,4083
9,6,9,9,433,4083
9,5,9,9,433,4083
9,7,9,9,433,4083
8,4,9,9,433,4083
8,8,9,9,433,4083
7,3,9,9,433,4083
7,9,9,9,433,4083
6,2,9,9,433,4083
6,9,9,9,433,4083
5,1,9,9,433,4083
5,8,9,9,433,4083
4,0,9,9,433,4083
3,0,9,9,433,4083
2,1,9,9,433,4083
7,6,9,9,433,4083
8,5,9,9,433,4083
8,7,9,9,433,4083
9,4,9,9,433,4083
9,8,9,9,433,4083
9,3,9,9,433,4083
9,9,9,9,433,4083
8,2,9,9,433,4083
8,9,9,9,433,4083
7,1,9,9,433,4083
7,8,9,9,433,4083
6,0,9,9,433,4083
6,7,9,9,433,4083
5,0,9,9,433,4083
4,1,9,9,433,4083
3,2,9,9,433,4083
0,7,9,9,434,3740
1,7,9,9,434,3740
0,6,9,9,434,3740
0,8,9,9,434,3740
2,7,9,9,434,3740
1,6,9,9,434,3740
1,8,9,9,434,3740
0,5,9,9,434,3740
0,9,9,9,434,3740
3,7,9,9,434,3740
2,6,9,9,434,3740
2,8,9,9,434,3740
1,5,9,9,434,3740
1,9,9,9,434,3740
0,4,9,9,434,3740
4,7,9,9,434,3740
3,6,9,9,434,3740
3,8,9,9,434,3740
2,5,9,9,434,3740
2,9,9,9,434,3740
1,4,9,9,434,3740
0,3,9,9,434,3740
5,7,9,9,434,3740
4,6,9,9,434,3740
4,8,9,9,434,3740
3,5,9,9,434,3740
3,9,9,9,434,3740
2,4,9,9,434,3740
1,3,9,9,434,3740
0,2,9,9,434,3740
7,7,9,9,434,3740
6,6,9,9,434,3740
6,8,9,9,434,3740
5,5,9,9,434,3740
5,9,9,9,434,3740
4,4,9,9,434,3740
4,9,9,9,434,3740
3,3,9,9,434,3740
2,2,9,9,434,3740
1,1,9,9,434,3740
9,7,9,9,434,3740
8,6,9,9,434,3740
8,8,9,9,434,3740
7,5,9,9,434,3740
7,9,9,9,434,3740
6,4,9,9,434,3740
6,9,9,9,434,3740
5,3,9,9,434,3740
5,8,9,9,434,3740
4,2,9,9,434,3740
3,1,9,9,434,3740
2,0,9,9,434,3740
8,7,9,9,434,3740
9,6,9,9,434,3740
9,8,9,9,434,3740
9,5,9,9,434,3740
9,9,9,9,434,3740
8,4,9,9,434,3740
8,9,9,9,434,3740
7,3,9,9,434,3740
7,8,9,9,434,3740
6,2,9,9,434,3740
6,7,9,9,434,3740
5,1,9,9,434,3740
5,6,9,9,434,3740
4,0,9,9,434,3740
4,5,9,9,434,3740
3,0,9,9,434,3740
3,4,9,9,434,3740
0,6,9,9,435,4399
1,6,9,9,435,4399
0,5,9,9,435,4399
0,7,9,9,435,4399
2,6,9,9,435,4399
1,5,9,9,435,4399
1,7,9,9,435,4399
0,4,9,9,435,4399
0,8,9,9,435,4399
3,6,9,9,435,4399
2,5,9,9,435,4399
2,7,9,9,435,4399
1,4,9,9,435,4399
1,8,9,9,435,4399
0,3,9,9,435,4399
0,9,9,9,435,4399
4,6,9,9,435,4399
3,5,9,9,435,4399
3,7,9,9,435,4399
2,4,9,9,435,4399
2,8,9,9,435,4399
1,3,9,9,435,4399
1,9,9,9,435,4399
0,2,9,9,435,4399
5,6,9,9,435,4399
4,5,9,9,435,4399
4,7,9,9,435,4399
3,4,9,9,435,4399
3,8,9,9,435,4399
2,3,9,9,435,4399
2,9,9,9,435,4399
1,2,9,9,435,4399
0,1,9,9,435,4399
6,6,9,9,435,4399
5,5,9,9,435,4399
5,7,9,9,435,4399
4,4,9,9,435,4399
4,8,9,9,435,4399
3,3,9,9,435,4399
3,9,9,9,435,4399
2,2,9,9,435,4399
1,1,9,9,435,4399
0,0,9,9,435,4399
7,6,9,9,435,4399
6,5,9,9,435,4399
6,7,9,9,435,4399
5,4,9,9,435,4399
5,8,9,9,435,4399
4,3,9,9,435,4399
4,9,9,9,435,4399
3,2,9,9,435,4399
2,1,9,9,435,4399
1,0,9,9,435,4399
8,6,9,9,435,4399
7,5,9,9,435,4399
7,7,9,9,435,4399
6,4,9,9,435,4399
6,8,9,9,435,4399
5,3,9,9,435,4399
5,9,9,9,435,4399
4,2,9,9,435,4399
3,1,9,9,435,4399
2,0,9,9,435,4399
9,6,9,9,435,4399
9,5,9,9,435,4399
9,7,9,9,435,4399
8,4,9,9,435,4399
8,8,9,9,435,4399
7,3,9,9,435,4399
7,9,9,9,435,4399
6,2,9,9,435,4399
6,9,9,9,435,4399
5,1,9,9,435,4399
4,0,9,9,435,4399
3,0,9,9,435,4399
8,5,9,9,435,4399
8,7,9,9,435,4399
9,4,9,9,435,4399
9,8,9,9,435,4399
9,3,9,9,435,4399
9,9,9,9,435,4399
8,2,9,9,435,4399
8,9,9,9,435,4399
7,1,9,9,435,4399
7,8,9,9,435,4399
6,0,9,9,435,4399
5,0,9,9,435,4399
4,1,9,9,435,4399
0,7,9,9,436,4077
1,7,9,9,436,4077
0,6,9,9,436,4077
0,8,9,9,436,4077
2,7,9,9,436,4077
1,6,9,9,436,4077
1,8,9,9,436,4077
0,5,9,9,436,4077
0,9,9,9,436,4077
3,7,9,9,436,4077
2,6,9,9,436,4077
2,8,9,9,436,4077
1,5,9,9,436,4077
1,9,9,9,436,4077
0,4,9,9,436,4077
4,7,9,9,436,4077
3,6,9,9,436,4077
3,8,9,9,436,4077
2,5,9,9,436,4077
2,9,9,9,436,4077
1,4,9,9,436,4077
0,3,9,9,436,4077
5,7,9,9,436,4077
4,6,9,9,436,4077
4,8,9,9,436,4077
3,5,9,9,436,4077
3,9,9,9,436,4077
2,4,9,9,436,4077
1,3,9,9,436,4077
0,2,9,9,436,4077
6,7,9,9,436,4077
5,6,9,9,436,4077
5,8,9,9,436,4077
4,5,9,9,436,4077
4,9,9,9,436,4077
3,4,9,9,436,4077
2,3,9,9,436,4077
1,2,9,9,436,4077
0,1,9,9,436,4077
7,7,9,9,436,4077
6,6,9,9,436,4077
6,8,9,9,436,4077
5,5,9,9,436,4077
5,9,9,9,436,4077
4,4,9,9,436,4077
3,3,9,9,436,4077
2,2,9,9,436,4077
1,1,9,9,436,4077
0,0,9,9,436,4077
9,7,9,9,436,4077
8,6,9,9,436,4077
8,8,9,9,436,4077
7,5,9,9,436,4077
7,9,9,9,436,4077
6,4,9,9,436,4077
6,9,9,9,436,4077
5,3,9,9,436,4077
4,2,9,9,436,4077
3,1,9,9,436,4077
2,0,9,9,436,4077
1,0,9,9,436,4077
8,7,9,9,436,4077
9,6,9,9,436,4077
9,8,9,9,436,4077
9,5,9,9,436,4077
9,9,9,9,436,4077
8,4,9,9,436,4077
8,9,9,9,436,4077
7,3,9,9,436,4077
7,8,9,9,436,4077
6,2,9,9,436,4077
5,1,9,9,436,4077
4,0,9,9,436,4077
3,0,9,9,436,4077
2,1,9,9,436,4077
0,6,9,9,437,4693
1,6,9,9,437,4693
0,5,9,9,437,4693
0,7,9,9,437,4693
2,6,9,9,437,4693
1,5,9,9,437,4693
1,7,9,9,437,4693
0,4,9,9,437,4693
0,8,9,9,437,4693
3,6,9,9,437,4693
2,5,9,9,437,4693
2,7,9,9,437,4693
1,4,9,9,437,4693
1,8,9,9,437,4693
0,3,9,9,437,4693
0,9,9,9,437,4693
4,6,9,9,437,4693
3,5,9,9,437,4693
3,7,9,9,437,4693
2,4,9,9,437,4693
2,8,9,9,437,4693
1,3,9,9,437,4693
1,9,9,9,437,4693
0,2,9,9,437,4693
5,6,9,9,437,4693
4,5,9,9,437,4693
4,7,9,9,437,4693
3,4,9,9,437,4693
3,8,9,9,437,4693
2,3,9,9,437,4693
2,9,9,9,437,4693
1,2,9,9,437,4693
0,1,9,9,437,4693
6,6,9,9,437,4693
5,5,9,9,437,4693
5,7,9,9,437,4693
4,4,9,9,437,4693
4,8,9,9,437,4693
3,3,9,9,437,4693
3,9,9,9,437,4693
2,2,9,9,437,4693
1,1,9,9,437,4693
0,0,9,9,437,4693
7,6,9,9,437,4693
6,5,9,9,437,4693
6,7,9,9,437,4693
5,4,9,9,437,4693
5,8,9,9,437,4693
4,3,9,9,437,4693
4,9,9,9,437,4693
3,2,9,9,437,4693
2,1,9,9,437,4693
1,0,9,9,437,4693
8,6,9,9,437,4693
7,5,9,9,437,4693
7,7,9,9,437,4693
6,4,9,9,437,4693
6,8,9,9,437,4693
5,3,9,9,437,4693
5,9,9,9,437,4693
4,2,9,9,437,4693
3,1,9,9,437,4693
2,0,9,9,437,4693
9,6,9,9,437,4693
8,5,9,9,437,4693
8,7,9,9,437,4693
7,4,9,9,437,4693
7,8,9,9,437,4693
6,3,9,9,437,4693
6,9,9,9,437,4693
5,2,9,9,437,4693
4,1,9,9,437,4693
3,0,9,9,437,4693
9,5,9,9,437,4693
9,7,9,9,437,4693
8,4,9,9,437,4693
8,8,9,9,437,4693
7,3,9,9,437,4693
7,9,9,9,437,4693
6,2,9,9,437,4693
5,1,9,9,437,4693
4,0,9,9,437,4693
9,4,9,9,437,4693
9,8,9,9,437,4693
9,3,9,9,437,4693
9,9,9,9,437,4693
8,2,9,9,437,4693
8,9,9,9,437,4693
7,1,9,9,437,4693
6,0,9,9,437,4693
5,0,9,9,437,4693
0,8,5,7,438,4105
1,8,5,7,438,4105
0,7,5,7,438,4105
0,9,5,7,438,4105
2,8,5,7,438,4105
1,7,5,7,438,4105
1,9,5,7,438,4105
0,6,5,7,438,4105
3,8,5,7,438,4105
2,7,5,7,438,4105
2,9,5,7,438,4105
1,6,5,7,438,4105
0,5,5,7,438,4105
4,8,5,7,438,4105
3,7,5,7,438,4105
3,9,5,7,438,4105
2,6,5,7,438,4105
1,5,5,7,438,4105
0,4,5,7,438,4105
5,8,5,7,438,4105
4,7,5,7,438,4105
4,9,5,7,438,4105
3,6,5,7,438,4105
2,5,5,7,438,4105
1,4,5,7,438,4105
0,3,5,7,438,4105
6,8,5,7,438,4105
5,7,5,7,438,4105
5,9,5,7,438,4105
4,6,5,7,438,4105
3,5,5,7,438,4105
2,4,5,7,438,4105
1,3,5,7,438,4105
0,2,5,7,438,4105
7,8,5,7,438,4105
6,7,5,7,438,4105
6,9,5,7,438,4105
5,6,5,7,438,4105
4,5,5,7,438,4105
3,4,5,7,438,4105
2,3,5,7,438,4105
1,2,5,7,438,4105
0,1,5,7,438,4105
8,8,5,7,438,4105
7,7,5,7,438,4105
7,9,5,7,438,4105
6,6,5,7,438,4105
5,5,5,7,438,4105
4,4,5,7,438,4105
3,3,5,7,438,4105
2,2,5,7,438,4105
1,1,5,7,438,4105
0,0,5,7,438,4105
9,8,5,7,438,4105
9,7,5,7,438,4105
9,9,5,7,438,4105
8,6,5,7,438,4105
8,9,5,7,438,4105
7,5,5,7,438,4105
6,4,5,7,438,4105
5,3,5,7,438,4105
4,2,5,7,438,4105
3,1,5,7,438,4105
2,0,5,7,438,4105
1,0,5,7,438,4105
0,9,3,7,439,3766
1,9,3,7,439,3766
0,8,3,7,439,3766
2,9,3,7,439,3766
1,8,3,7,439,3766
0,7,3,7,439,3766
3,9,3,7,439,3766
2,8,3,7,439,3766
1,7,3,7,439,3766
0,6,3,7,439,3766
4,9,3,7,439,3766
3,8,3,7,439,3766
2,7,3,7,439,3766
1,6,3,7,439,3766
0,5,3,7,439,3766
5,9,3,7,439,3766
4,8,3,7,439,3766
3,7,3,7,439,3766
2,6,3,7,439,3766
1,5,3,7,439,3766
0,4,3,7,439,3766
6,9,3,7,439,3766
5,8,3,7,439,3766
4,7,3,7,439,3766
3,6,3,7,439,3766
2,5,3,7,439,3766
1,4,3,7,439,3766
0,3,3,7,439,3766
7,9,3,7,439,3766
6,8,3,7,439,3766
5,7,3,7,439,3766
4,6,3,7,439,3766
3,5,3,7,439,3766
2,4,3,7,439,3766
1,3,3,7,439,3766
0,2,3,7,439,3766
9,9,3,7,439,3766
8,8,3,7,439,3766
8,9,3,7,439,3766
7,7,3,7,439,3766
7,8,3,7,439,3766
6,6,3,7,439,3766
6,7,3,7,439,3766
5,5,3,7,439,3766
5,6,3,7,439,3766
4,4,3,7,439,3766
4,5,3,7,439,3766
3,3,3,7,439,3766
3,4,3,7,439,3766
2,2,3,7,439,3766
2,3,3,7,439,3766
1,1,3,7,439,3766
1,2,3,7,439,3766
0,8,7,7,440,4428
1,8,7,7,440,4428
0,7,7,7,440,4428
0,9,7,7,440,4428
2,8,7,7,440,4428
1,7,7,7,440,4428
1,9,7,7,440,4428
0,6,7,7,440,4428
3,8,7,7,440,4428
2,7,7,7,440,4428
2,9,7,7,440,4428
1,6,7,7,440,4428
0,5,7,7,440,4428
4,8,7,7,440,4428
3,7,7,7,440,4428
3,9,7,7,440,4428
2,6,7,7,440,4428
1,5,7,7,440,4428
0,4,7,7,440,4428
5,8,7,7,440,4428
4,7,7,7,440,4428
4,9,7,7,440,4428
3,6,7,7,440,4428
2,5,7,7,440,4428
1,4,7,7,440,4428
0,3,7,7,440,4428
6,8,7,7,440,4428
5,7,7,7,440,4428
5,9,7,7,440,4428
4,6,7,7,440,4428
3,5,7,7,440,4428
2,4,7,7,440,4428
1,3,7,7,440,4428
0,2,7,7,440,4428
7,8,7,7,440,4428
6,7,7,7,440,4428
6,9,7,7,440,4428
5,6,7,7,440,4428
4,5,7,7,440,4428
3,4,7,7,440,4428
2,3,7,7,440,4428
1,2,7,7,440,4428
0,1,7,7,440,4428
8,8,7,7,440,4428
7,7,7,7,440,4428
7,9,7,7,440,4428
6,6,7,7,440,4428
5,5,7,7,440,4428
4,4,7,7,440,4428
3,3,7,7,440,4428
2,2,7,7,440,4428
1,1,7,7,440,4428
0,0,7,7,440,4428
9,8,7,7,440,4428
8,7,7,7,440,4428
8,9,7,7,440,4428
7,6,7,7,440,4428
6,5,7,7,440,4428
5,4,7,7,440,4428
4,3,7,7,440,4428
3,2,7,7,440,4428
2,1,7,7,440,4428
1,0,7,7,440,4428
9,7,7,7,440,4428
9,9,7,7,440,4428
8,6,7,7,440,4428
7,5,7,7,440,4428
6,4,7,7,440,4428
5,3,7,7,440,4428
4,2,7,7,440,4428
3,1,7,7,440,4428
2,0,7,7,440,4428
2,2,5,5,441,3386
4,2,5,5,441,3386
3,1,5,5,441,3386
3,3,5,5,441,3386
6,2,5,5,441,3386
5,1,5,5,441,3386
5,3,5,5,441,3386
4,0,5,5,441,3386
4,4,5,5,441,3386
8,2,5,5,441,3386
7,1,5,5,441,3386
7,3,5,5,441,3386
6,0,5,5,441,3386
6,4,5,5,441,3386
5,0,5,5,441,3386
5,5,5,5,441,3386
9,2,5,5,441,3386
9,1,5,5,441,3386
9,3,5,5,441,3386
8,0,5,5,441,3386
8,4,5,5,441,3386
7,0,5,5,441,3386
7,5,5,5,441,3386
6,1,5,5,441,3386
6,6,5,5,441,3386
7,2,5,5,441,3386
8,1,5,5,441,3386
8,3,5,5,441,3386
9,0,5,5,441,3386
9,4,5,5,441,3386
9,5,5,5,441,3386
8,6,5,5,441,3386
7,7,5,5,441,3386
5,2,5,5,441,3386
6,3,5,5,441,3386
7,4,5,5,441,3386
8,5,5,5,441,3386
9,6,5,5,441,3386
9,7,5,5,441,3386
8,8,5,5,441,3386
3,2,5,5,441,3386
4,1,5,5,441,3386
4,3,5,5,441,3386
5,4,5,5,441,3386
6,5,5,5,441,3386
7,6,5,5,441,3386
8,7,5,5,441,3386
9,8,5,5,441,3386
9,9,5,5,441,3386
3,3,5,5,442,2995
5,3,5,5,442,2995
4,2,5,5,442,2995
4,4,5,5,442,2995
7,3,5,5,442,2995
6,2,5,5,442,2995
6,4,5,5,442,2995
5,1,5,5,442,2995
5,5,5,5,442,2995
9,3,5,5,442,2995
8,2,5,5,442,2995
8,4,5,5,442,2995
7,1,5,5,442,2995
7,5,5,5,442,2995
6,0,5,5,442,2995
6,6,5,5,442,2995
8,3,5,5,442,2995
9,2,5,5,442,2995
9,4,5,5,442,2995
9,1,5,5,442,2995
9,5,5,5,442,2995
8,0,5,5,442,2995
8,6,5,5,442,2995
7,0,5,5,442,2995
7,7,5,5,442,2995
6,3,5,5,442,2995
7,2,5,5,442,2995
7,4,5,5,442,2995
8,1,5,5,442,2995
8,5,5,5,442,2995
9,0,5,5,442,2995
9,6,5,5,442,2995
9,7,5,5,442,2995
8,8,5,5,442,2995
4,3,5,5,442,2995
5,2,5,5,442,2995
5,4,5,5,442,2995
6,1,5,5,442,2995
6,5,5,5,442,2995
7,6,5,5,442,2995
8,7,5,5,442,2995
9,8,5,5,442,2995
9,9,5,5,442,2995
1,3,5,7,443,3381
3,3,5,7,443,3381
2,2,5,7,443,3381
2,4,5,7,443,3381
5,3,5,7,443,3381
4,2,5,7,443,3381
4,4,5,7,443,3381
3,1,5,7,443,3381
3,5,5,7,443,3381
7,3,5,7,443,3381
6,2,5,7,443,3381
6,4,5,7,443,3381
5,1,5,7,443,3381
5,5,5,7,443,3381
4,0,5,7,443,3381
4,6,5,7,443,3381
9,3,5,7,443,3381
8,2,5,7,443,3381
8,4,5,7,443,3381
7,1,5,7,443,3381
7,5,5,7,443,3381
6,0,5,7,443,3381
6,6,5,7,443,3381
5,0,5,7,443,3381
5,7,5,7,443,3381
8,3,5,7,443,3381
9,2,5,7,443,3381
9,4,5,7,443,3381
9,1,5,7,443,3381
9,5,5,7,443,3381
8,0,5,7,443,3381
8,6,5,7,443,3381
7,0,5,7,443,3381
7,7,5,7,443,3381
6,1,5,7,443,3381
6,8,5,7,443,3381
6,3,5,7,443,3381
7,2,5,7,443,3381
7,4,5,7,443,3381
8,1,5,7,443,3381
8,5,5,7,443,3381
9,0,5,7,443,3381
9,6,5,7,443,3381
9,7,5,7,443,3381
8,8,5,7,443,3381
7,9,5,7,443,3381
4,3,5,7,443,3381
5,2,5,7,443,3381
5,4,5,7,443,3381
6,5,5,7,443,3381
7,6,5,7,443,3381
8,7,5,7,443,3381
9,8,5,7,443,3381
9,9,5,7,443,3381
8,9,5,7,443,3381
2,4,5,5,444,2992
4,4,5,5,444,2992
3,3,5,5,444,2992
3,5,5,5,444,2992
6,4,5,5,444,2992
5,3,5,5,444,2992
5,5,5,5,444,2992
4,2,5,5,444,2992
4,6,5,5,444,2992
8,4,5,5,444,2992
7,3,5,5,444,2992
7,5,5,5,444,2992
6,2,5,5,444,2992
6,6,5,5,444,2992
5,1,5,5,444,2992
5,7,5,5,444,2992
9,4,5,5,444,2992
9,3,5,5,444,2992
9,5,5,5,444,2992
8,2,5,5,444,2992
8,6,5,5,444,2992
7,1,5,5,444,2992
7,7,5,5,444,2992
6,0,5,5,444,2992
6,8,5,5,444,2992
7,4,5,5,444,2992
8,3,5,5,444,2992
8,5,5,5,444,2992
9,2,5,5,444,2992
9,6,5,5,444,2992
9,1,5,5,444,2992
9,7,5,5,444,2992
8,0,5,5,444,2992
8,8,5,5,444,2992
7,0,5,5,444,2992
7,9,5,5,444,2992
5,4,5,5,444,2992
6,3,5,5,444,2992
6,5,5,5,444,2992
7,2,5,5,444,2992
7,6,5,5,444,2992
8,1,5,5,444,2992
8,7,5,5,444,2992
9,0,5,5,444,2992
9,8,5,5,444,2992
9,9,5,5,444,2992
8,9,5,5,444,2992
1,5,7,7,445,2990
3,5,7,7,445,2990
2,4,7,7,445,2990
2,6,7,7,445,2990
5,5,7,7,445,2990
4,4,7,7,445,2990
4,6,7,7,445,2990
3,3,7,7,445,2990
3,7,7,7,445,2990
7,5,7,7,445,2990
6,4,7,7,445,2990
6,6,7,7,445,2990
5,3,7,7,445,2990
5,7,7,7,445,2990
4,2,7,7,445,2990
4,8,7,7,445,2990
9,5,7,7,445,2990
8,4,7,7,445,2990
8,6,7,7,445,2990
7,3,7,7,445,2990
7,7,7,7,445,2990
6,2,7,7,445,2990
6,8,7,7,445,2990
5,1,7,7,445,2990
5,9,7,7,445,2990
8,5,7,7,445,2990
9,4,7,7,445,2990
9,6,7,7,445,2990
9,3,7,7,445,2990
9,7,7,7,445,2990
8,2,7,7,445,2990
8,8,7,7,445,2990
7,1,7,7,445,2990
7,9,7,7,445,2990
6,0,7,7,445,2990
6,9,7,7,445,2990
6,5,7,7,445,2990
7,4,7,7,445,2990
7,6,7,7,445,2990
8,3,7,7,445,2990
8,7,7,7,445,2990
9,2,7,7,445,2990
9,8,7,7,445,2990
9,1,7,7,445,2990
9,9,7,7,445,2990
8,0,7,7,445,2990
8,9,7,7,445,2990
7,0,7,7,445,2990
7,8,7,7,445,2990
0,5,8,8,446,3381
1,5,8,8,446,3381
0,4,8,8,446,3381
0,6,8,8,446,3381
3,5,8,8,446,3381
2,4,8,8,446,3381
2,6,8,8,446,3381
1,3,8,8,446,3381
1,7,8,8,446,3381
5,5,8,8,446,3381
4,4,8,8,446,3381
4,6,8,8,446,3381
3,3,8,8,446,3381
3,7,8,8,446,3381
2,2,8,8,446,3381
2,8,8,8,446,3381
7,5,8,8,446,3381
6,4,8,8,446,3381
6,6,8,8,446,3381
5,3,8,8,446,3381
5,7,8,8,446,3381
4,2,8,8,446,3381
4,8,8,8,446,3381
3,1,8,8,446,3381
3,9,8,8,446,3381
9,5,8,8,446,3381
8,4,8,8,446,3381
8,6,8,8,446,3381
7,3,8,8,446,3381
7,7,8,8,446,3381
6,2,8,8,446,3381
6,8,8,8,446,3381
5,1,8,8,446,3381
5,9,8,8,446,3381
4,0,8,8,446,3381
4,9,8,8,446,3381
8,5,8,8,446,3381
9,4,8,8,446,3381
9,6,8,8,446,3381
9,3,8,8,446,3381
9,7,8,8,446,3381
8,2,8,8,446,3381
8,8,8,8,446,3381
7,1,8,8,446,3381
7,9,8,8,446,3381
6,0,8,8,446,3381
6,9,8,8,446,3381
5,0,8,8,446,3381
5,8,8,8,446,3381
6,5,8,8,446,3381
7,4,8,8,446,3381
7,6,8,8,446,3381
8,3,8,8,446,3381
8,7,8,8,446,3381
9,2,8,8,446,3381
9,8,8,8,446,3381
9,1,8,8,446,3381
9,9,8,8,446,3381
8,0,8,8,446,3381
8,9,8,8,446,3381
7,0,8,8,446,3381
7,8,8,8,446,3381
6,1,8,8,446,3381
6,7,8,8,446,3381
0,6,9,9,447,2992
2,6,9,9,447,2992
1,5,9,9,447,2992
1,7,9,9,447,2992
4,6,9,9,447,2992
3,5,9,9,447,2992
3,7,9,9,447,2992
2,4,9,9,447,2992
2,8,9,9,447,2992
6,6,9,9,447,2992
5,5,9,9,447,2992
5,7,9,9,447,2992
4,4,9,9,447,2992
4,8,9,9,447,2992
3,3,9,9,447,2992
3,9,9,9,447,2992
8,6,9,9,447,2992
7,5,9,9,447,2992
7,7,9,9,447,2992
6,4,9,9,447,2992
6,8,9,9,447,2992
5,3,9,9,447,2992
5,9,9,9,447,2992
4,2,9,9,447,2992
4,9,9,9,447,2992
9,6,9,9,447,2992
9,5,9,9,447,2992
9,7,9,9,447,2992
8,4,9,9,447,2992
8,8,9,9,447,2992
7,3,9,9,447,2992
7,9,9,9,447,2992
6,2,9,9,447,2992
6,9,9,9,447,2992
5,1,9,9,447,2992
5,8,9,9,447,2992
7,6,9,9,447,2992
8,5,9,9,447,2992
8,7,9,9,447,2992
9,4,9,9,447,2992
9,8,9,9,447,2992
9,3,9,9,447,2992
9,9,9,9,447,2992
8,2,9,9,447,2992
8,9,9,9,447,2992
7,1,9,9,447,2992
7,8,9,9,447,2992
6,0,9,9,447,2992
6,7,9,9,447,2992
0,6,9,9,448,3381
1,6,9,9,448,3381
0,5,9,9,448,3381
0,7,9,9,448,3381
2,6,9,9,448,3381
1,5,9,9,448,3381
1,7,9,9,448,3381
0,4,9,9,448,3381
0,8,9,9,448,3381
4,6,9,9,448,3381
3,5,9,9,448,3381
3,7,9,9,448,3381
2,4,9,9,448,3381
2,8,9,9,448,3381
1,3,9,9,448,3381
1,9,9,9,448,3381
6,6,9,9,448,3381
5,5,9,9,448,3381
5,7,9,9,448,3381
4,4,9,9,448,3381
4,8,9,9,448,3381
3,3,9,9,448,3381
3,9,9,9,448,3381
2,2,9,9,448,3381
2,9,9,9,448,3381
8,6,9,9,448,3381
7,5,9,9,448,3381
7,7,9,9,448,3381
6,4,9,9,448,3381
6,8,9,9,448,3381
5,3,9,9,448,3381
5,9,9,9,448,3381
4,2,9,9,448,3381
4,9,9,9,448,3381
3,1,9,9,448,3381
3,8,9,9,448,3381
9,6,9,9,448,3381
9,5,9,9,448,3381
9,7,9,9,448,3381
8,4,9,9,448,3381
8,8,9,9,448,3381
7,3,9,9,448,3381
7,9,9,9,448,3381
6,2,9,9,448,3381
6,9,9,9,448,3381
5,1,9,9,448,3381
5,8,9,9,448,3381
4,0,9,9,448,3381
4,7,9,9,448,3381
7,6,9,9,448,3381
8,5,9,9,448,3381
8,7,9,9,448,3381
9,4,9,9,448,3381
9,8,9,9,448,3381
9,3,9,9,448,3381
9,9,9,9,448,3381
8,2,9,9,448,3381
8,9,9,9,448,3381
7,1,9,9,448,3381
7,8,9,9,448,3381
6,0,9,9,448,3381
6,7,9,9,448,3381
5,0,9,9,448,3381
5,6,9,9,448,3381
0,7,9,9,449,2990
1,7,9,9,449,2990
0,6,9,9,449,2990
0,8,9,9,449,2990
3,7,9,9,449,2990
2,6,9,9,449,2990
2,8,9,9,449,2990
1,5,9,9,449,2990
1,9,9,9,449,2990
5,7,9,9,449,2990
4,6,9,9,449,2990
4,8,9,9,449,2990
3,5,9,9,449,2990
3,9,9,9,449,2990
2,4,9,9,449,2990
2,9,9,9,449,2990
7,7,9,9,449,2990
6,6,9,9,449,2990
6,8,9,9,449,2990
5,5,9,9,449,2990
5,9,9,9,449,2990
4,4,9,9,449,2990
4,9,9,9,449,2990
3,3,9,9,449,2990
3,8,9,9,449,2990
9,7,9,9,449,2990
8,6,9,9,449,2990
8,8,9,9,449,2990
7,5,9,9,449,2990
7,9,9,9,449,2990
6,4,9,9,449,2990
6,9,9,9,449,2990
5,3,9,9,449,2990
5,8,9,9,449,2990
4,2,9,9,449,2990
4,7,9,9,449,2990
8,7,9,9,449,2990
9,6,9,9,449,2990
9,8,9,9,449,2990
9,5,9,9,449,2990
9,9,9,9,449,2990
8,4,9,9,449,2990
8,9,9,9,449,2990
7,3,9,9,449,2990
7,8,9,9,449,2990
6,2,9,9,449,2990
6,7,9,9,449,2990
5,1,9,9,449,2990
5,6,9,9,449,2990
0,7,9,9,450,3378
1,7,9,9,450,3378
0,6,9,9,450,3378
0,8,9,9,450,3378
2,7,9,9,450,3378
1,6,9,9,450,3378
1,8,9,9,450,3378
0,5,9,9,450,3378
0,9,9,9,450,3378
3,7,9,9,450,3378
2,6,9,9,450,3378
2,8,9,9,450,3378
1,5,9,9,450,3378
1,9,9,9,450,3378
0,4,9,9,450,3378
5,7,9,9,450,3378
4,6,9,9,450,3378
4,8,9,9,450,3378
3,5,9,9,450,3378
3,9,9,9,450,3378
2,4,9,9,450,3378
2,9,9,9,450,3378
1,3,9,9,450,3378
7,7,9,9,450,3378
6,6,9,9,450,3378
6,8,9,9,450,3378
5,5,9,9,450,3378
5,9,9,9,450,3378
4,4,9,9,450,3378
4,9,9,9,450,3378
3,3,9,9,450,3378
3,8,9,9,450,3378
2,2,9,9,450,3378
9,7,9,9,450,3378
8,6,9,9,450,3378
8,8,9,9,450,3378
7,5,9,9,450,3378
7,9,9,9,450,3378
6,4,9,9,450,3378
6,9,9,9,450,3378
5,3,9,9,450,3378
5,8,9,9,450,3378
4,2,9,9,450,3378
4,7,9,9,450,3378
3,1,9,9,450,3378
3,6,9,9,450,3378
8,7,9,9,450,3378
9,6,9,9,450,3378
9,8,9,9,450,3378
9,5,9,9,450,3378
9,9,9,9,450,3378
8,4,9,9,450,3378
8,9,9,9,450,3378
7,3,9,9,450,3378
7,8,9,9,450,3378
6,2,9,9,450,3378
6,7,9,9,450,3378
5,1,9,9,450,3378
5,6,9,9,450,3378
4,0,9,9,450,3378
4,5,9,9,450,3378
0,8,8,8,451,2990
1,8,8,8,451,2990
0,7,8,8,451,2990
0,9,8,8,451,2990
2,8,8,8,451,2990
1,7,8,8,451,2990
1,9,8,8,451,2990
0,6,8,8,451,2990
4,8,8,8,451,2990
3,7,8,8,451,2990
3,9,8,8,451,2990
2,6,8,8,451,2990
2,9,8,8,451,2990
1,5,8,8,451,2990
6,8,8,8,451,2990
5,7,8,8,451,2990
5,9,8,8,451,2990
4,6,8,8,451,2990
4,9,8,8,451,2990
3,5,8,8,451,2990
3,8,8,8,451,2990
2,4,8,8,451,2990
2,7,8,8,451,2990
8,8,8,8,451,2990
7,7,8,8,451,2990
7,9,8,8,451,2990
6,6,8,8,451,2990
6,9,8,8,451,2990
5,5,8,8,451,2990
5,8,8,8,451,2990
4,4,8,8,451,2990
4,7,8,8,451,2990
3,3,8,8,451,2990
3,6,8,8,451,2990
9,8,8,8,451,2990
9,7,8,8,451,2990
9,9,8,8,451,2990
8,6,8,8,451,2990
8,9,8,8,451,2990
7,5,8,8,451,2990
7,8,8,8,451,2990
6,4,8,8,451,2990
6,7,8,8,451,2990
5,3,8,8,451,2990
5,6,8,8,451,2990
4,2,8,8,451,2990
4,5,8,8,451,2990
0,8,8,8,452,3378
1,8,8,8,452,3378
0,7,8,8,452,3378
0,9,8,8,452,3378
2,8,8,8,452,3378
1,7,8,8,452,3378
1,9,8,8,452,3378
0,6,8,8,452,3378
3,8,8,8,452,3378
2,7,8,8,452,3378
2,9,8,8,452,3378
1,6,8,8,452,3378
0,5,8,8,452,3378
4,8,8,8,452,3378
3,7,8,8,452,3378
3,9,8,8,452,3378
2,6,8,8,452,3378
1,5,8,8,452,3378
0,4,8,8,452,3378
6,8,8,8,452,3378
5,7,8,8,452,3378
5,9,8,8,452,3378
4,6,8,8,452,3378
4,9,8,8,452,3378
3,5,8,8,452,3378
2,4,8,8,452,3378
1,3,8,8,452,3378
8,8,8,8,452,3378
7,7,8,8,452,3378
7,9,8,8,452,3378
6,6,8,8,452,3378
6,9,8,8,452,3378
5,5,8,8,452,3378
5,8,8,8,452,3378
4,4,8,8,452,3378
4,7,8,8,452,3378
3,3,8,8,452,3378
3,6,8,8,452,3378
2,2,8,8,452,3378
2,5,8,8,452,3378
9,8,8,8,452,3378
9,7,8,8,452,3378
9,9,8,8,452,3378
8,6,8,8,452,3378
8,9,8,8,452,3378
7,5,8,8,452,3378
7,8,8,8,452,3378
6,4,8,8,452,3378
6,7,8,8,452,3378
5,3,8,8,452,3378
5,6,8,8,452,3378
4,2,8,8,452,3378
4,5,8,8,452,3378
3,1,8,8,452,3378
3,4,8,8,452,3378
0,9,7,7,453,2993
1,9,7,7,453,2993
0,8,7,7,453,2993
2,9,7,7,453,2993
1,8,7,7,453,2993
0,7,7,7,453,2993
3,9,7,7,453,2993
2,8,7,7,453,2993
1,7,7,7,453,2993
0,6,7,7,453,2993
5,9,7,7,453,2993
4,8,7,7,453,2993
4,9,7,7,453,2993
3,7,7,7,453,2993
3,8,7,7,453,2993
2,6,7,7,453,2993
2,7,7,7,453,2993
1,5,7,7,453,2993
1,6,7,7,453,2993
7,9,7,7,453,2993
6,8,7,7,453,2993
6,9,7,7,453,2993
5,7,7,7,453,2993
5,8,7,7,453,2993
4,6,7,7,453,2993
4,7,7,7,453,2993
3,5,7,7,453,2993
3,6,7,7,453,2993
2,4,7,7,453,2993
2,5,7,7,453,2993
9,9,7,7,453,2993
8,8,7,7,453,2993
8,9,7,7,453,2993
7,7,7,7,453,2993
7,8,7,7,453,2993
6,6,7,7,453,2993
6,7,7,7,453,2993
5,5,7,7,453,2993
5,6,7,7,453,2993
4,4,7,7,453,2993
4,5,7,7,453,2993
3,3,7,7,453,2993
3,4,7,7,453,2993
3,5,5,7,454,2574
5,5,5,7,454,2574
4,4,5,7,454,2574
4,6,5,7,454,2574
7,5,5,7,454,2574
6,4,5,7,454,2574
6,6,5,7,454,2574
5,3,5,7,454,2574
5,7,5,7,454,2574
9,5,5,7,454,2574
8,4,5,7,454,2574
8,6,5,7,454,2574
7,3,5,7,454,2574
7,7,5,7,454,2574
6,2,5,7,454,2574
6,8,5,7,454,2574
8,5,5,7,454,2574
9,4,5,7,454,2574
9,6,5,7,454,2574
9,3,5,7,454,2574
9,7,5,7,454,2574
8,2,5,7,454,2574
8,8,5,7,454,2574
7,1,5,7,454,2574
7,9,5,7,454,2574
6,5,5,7,454,2574
7,4,5,7,454,2574
7,6,5,7,454,2574
8,3,5,7,454,2574
8,7,5,7,454,2574
9,2,5,7,454,2574
9,8,5,7,454,2574
9,1,5,7,454,2574
9,9,5,7,454,2574
8,0,5,7,454,2574
8,9,5,7,454,2574
1,7,9,9,455,2574
3,7,9,9,455,2574
2,6,9,9,455,2574
2,8,9,9,455,2574
5,7,9,9,455,2574
4,6,9,9,455,2574
4,8,9,9,455,2574
3,5,9,9,455,2574
3,9,9,9,455,2574
7,7,9,9,455,2574
6,6,9,9,455,2574
6,8,9,9,455,2574
5,5,9,9,455,2574
5,9,9,9,455,2574
4,4,9,9,455,2574
4,9,9,9,455,2574
9,7,9,9,455,2574
8,6,9,9,455,2574
8,8,9,9,455,2574
7,5,9,9,455,2574
7,9,9,9,455,2574
6,4,9,9,455,2574
6,9,9,9,455,2574
5,3,9,9,455,2574
5,8,9,9,455,2574
8,7,9,9,455,2574
9,6,9,9,455,2574
9,8,9,9,455,2574
9,5,9,9,455,2574
9,9,9,9,455,2574
8,4,9,9,455,2574
8,9,9,9,455,2574
7,3,9,9,455,2574
7,8,9,9,455,2574
6,2,9,9,455,2574
6,7,9,9,455,2574
0,8,8,8,456,2574
2,8,8,8,456,2574
1,7,8,8,456,2574
1,9,8,8,456,2574
4,8,8,8,456,2574
3,7,8,8,456,2574
3,9,8,8,456,2574
2,6,8,8,456,2574
2,9,8,8,456,2574
6,8,8,8,456,2574
5,7,8,8,456,2574
5,9,8,8,456,2574
4,6,8,8,456,2574
4,9,8,8,456,2574
3,5,8,8,456,2574
3,8,8,8,456,2574
8,8,8,8,456,2574
7,7,8,8,456,2574
7,9,8,8,456,2574
6,6,8,8,456,2574
6,9,8,8,456,2574
5,5,8,8,456,2574
5,8,8,8,456,2574
4,4,8,8,456,2574
4,7,8,8,456,2574
9,8,8,8,456,2574
9,7,8,8,456,2574
9,9,8,8,456,2574
8,6,8,8,456,2574
8,9,8,8,456,2574
7,5,8,8,456,2574
7,8,8,8,456,2574
6,4,8,8,456,2574
6,7,8,8,456,2574
5,3,8,8,456,2574
5,6,8,8,456,2574
0,9,7,7,457,2576
1,9,7,7,457,2576
0,8,7,7,457,2576
3,9,7,7,457,2576
2,8,7,7,457,2576
2,9,7,7,457,2576
1,7,7,7,457,2576
1,8,7,7,457,2576
5,9,7,7,457,2576
4,8,7,7,457,2576
4,9,7,7,457,2576
3,7,7,7,457,2576
3,8,7,7,457,2576
2,6,7,7,457,2576
2,7,7,7,457,2576
7,9,7,7,457,2576
6,8,7,7,457,2576
6,9,7,7,457,2576
5,7,7,7,457,2576
5,8,7,7,457,2576
4,6,7,7,457,2576
4,7,7,7,457,2576
3,5,7,7,457,2576
3,6,7,7,457,2576
9,9,7,7,457,2576
8,8,7,7,457,2576
8,9,7,7,457,2576
7,7,7,7,457,2576
7,8,7,7,457,2576
6,6,7,7,457,2576
6,7,7,7,457,2576
5,5,7,7,457,2576
5,6,7,7,457,2576
4,4,7,7,457,2576
4,5,7,7,457,2576
5,5,5,5,458,2127
7,5,5,5,458,2127
6,4,5,5,458,2127
6,6,5,5,458,2127
9,5,5,5,458,2127
8,4,5,5,458,2127
8,6,5,5,458,2127
7,3,5,5,458,2127
7,7,5,5,458,2127
8,5,5,5,458,2127
9,4,5,5,458,2127
9,6,5,5,458,2127
9,3,5,5,458,2127
9,7,5,5,458,2127
8,2,5,5,458,2127
8,8,5,5,458,2127
6,5,5,5,458,2127
7,4,5,5,458,2127
7,6,5,5,458,2127
8,3,5,5,458,2127
8,7,5,5,458,2127
9,2,5,5,458,2127
9,8,5,5,458,2127
9,1,5,5,458,2127
9,9,5,5,458,2127
3,7,9,9,459,2128
5,7,9,9,459,2128
4,6,9,9,459,2128
4,8,9,9,459,2128
7,7,9,9,459,2128
6,6,9,9,459,2128
6,8,9,9,459,2128
5,5,9,9,459,2128
5,9,9,9,459,2128
9,7,9,9,459,2128
8,6,9,9,459,2128
8,8,9,9,459,2128
7,5,9,9,459,2128
7,9,9,9,459,2128
6,4,9,9,459,2128
6,9,9,9,459,2128
8,7,9,9,459,2128
9,6,9,9,459,2128
9,8,9,9,459,2128
9,5,9,9,459,2128
9,9,9,9,459,2128
8,4,9,9,459,2128
8,9,9,9,459,2128
7,3,9,9,459,2128
7,8,9,9,459,2128
5,7,9,9,460,1649
7,7,9,9,460,1649
6,6,9,9,460,1649
6,8,9,9,460,1649
9,7,9,9,460,1649
8,6,9,9,460,1649
8,8,9,9,460,1649
7,5,9,9,460,1649
7,9,9,9,460,1649
8,7,9,9,460,1649
9,6,9,9,460,1649
9,8,9,9,460,1649
9,5,9,9,460,1649
9,9,9,9,460,1649
8,4,9,9,460,1649
8,9,9,9,460,1649
7,7,8,8,227,1138
9,7,8,8,227,1138
8,6,8,8,227,1138
8,8,8,8,227,1138
8,7,8,8,227,1138
9,6,8,8,227,1138
9,8,8,8,227,1138
9,5,8,8,227,1138
9,9,8,8,227,1138
6,8,9,9,461,1138
8,8,9,9,461,1138
7,7,9,9,461,1138
7,9,9,9,461,1138
9,8,9,9,461,1138
9,7,9,9,461,1138
9,9,9,9,461,1138
8,6,9,9,461,1138
8,9,9,9,461,1138
7,9,9,9,462,588
9,9,9,9,462,588
8,8,9,9,462,588
8,9,9,9,462,588
9,9,9,9,0,0
0,0,5,6,463,4432
1,0,5,6,463,4432
0,1,5,6,463,4432
3,0,5,6,463,4432
2,0,5,6,463,4432
2,1,5,6,463,4432
1,1,5,6,463,4432
1,2,5,6,463,4432
5,0,5,6,463,4432
4,0,5,6,463,4432
4,1,5,6,463,4432
3,1,5,6,463,4432
3,2,5,6,463,4432
2,2,5,6,463,4432
2,3,5,6,463,4432
7,0,5,6,463,4432
6,0,5,6,463,4432
6,1,5,6,463,4432
5,1,5,6,463,4432
5,2,5,6,463,4432
4,2,5,6,463,4432
4,3,5,6,463,4432
3,3,5,6,463,4432
3,4,5,6,463,4432
9,0,5,6,463,4432
8,0,5,6,463,4432
8,1,5,6,463,4432
7,1,5,6,463,4432
7,2,5,6,463,4432
6,2,5,6,463,4432
6,3,5,6,463,4432
5,3,5,6,463,4432
5,4,5,6,463,4432
4,4,5,6,463,4432
4,5,5,6,463,4432
9,1,5,6,463,4432
9,2,5,6,463,4432
8,2,5,6,463,4432
8,3,5,6,463,4432
7,3,5,6,463,4432
7,4,5,6,463,4432
6,4,5,6,463,4432
6,5,5,6,463,4432
5,5,5,6,463,4432
5,6,5,6,463,4432
9,3,5,6,463,4432
9,4,5,6,463,4432
8,4,5,6,463,4432
8,5,5,6,463,4432
7,5,5,6,463,4432
7,6,5,6,463,4432
6,6,5,6,463,4432
6,7,5,6,463,4432
9,5,5,6,463,4432
9,6,5,6,463,4432
8,6,5,6,463,4432
8,7,5,6,463,4432
7,7,5,6,463,4432
7,8,5,6,463,4432
9,7,5,6,463,4432
9,8,5,6,463,4432
8,8,5,6,463,4432
8,9,5,6,463,4432
9,9,5,6,463,4432
0,1,6,7,464,4403
1,1,6,7,464,4403
0,0,6,7,464,4403
0,2,6,7,464,4403
2,1,6,7,464,4403
1,0,6,7,464,4403
1,2,6,7,464,4403
0,3,6,7,464,4403
4,1,6,7,464,4403
3,0,6,7,464,4403
3,2,6,7,464,4403
2,0,6,7,464,4403
2,3,6,7,464,4403
1,4,6,7,464,4403
6,1,6,7,464,4403
5,0,6,7,464,4403
5,2,6,7,464,4403
4,0,6,7,464,4403
4,3,6,7,464,4403
3,1,6,7,464,4403
3,4,6,7,464,4403
2,2,6,7,464,4403
2,5,6,7,464,4403
8,1,6,7,464,4403
7,0,6,7,464,4403
7,2,6,7,464,4403
6,0,6,7,464,4403
6,3,6,7,464,4403
5,1,6,7,464,4403
5,4,6,7,464,4403
4,2,6,7,464,4403
4,5,6,7,464,4403
3,3,6,7,464,4403
3,6,6,7,464,4403
9,1,6,7,464,4403
9,0,6,7,464,4403
9,2,6,7,464,4403
8,0,6,7,464,4403
8,3,6,7,464,4403
7,1,6,7,464,4403
7,4,6,7,464,4403
6,2,6,7,464,4403
6,5,6,7,464,4403
5,3,6,7,464,4403
5,6,6,7,464,4403
4,4,6,7,464,4403
4,7,6,7,464,4403
8,2,6,7,464,4403
9,3,6,7,464,4403
9,4,6,7,464,4403
8,5,6,7,464,4403
7,3,6,7,464,4403
7,6,6,7,464,4403
6,4,6,7,464,4403
6,7,6,7,464,4403
5,5,6,7,464,4403
5,8,6,7,464,4403
8,4,6,7,464,4403
9,5,6,7,464,4403
9,6,6,7,464,4403
8,7,6,7,464,4403
7,5,6,7,464,4403
7,8,6,7,464,4403
6,6,6,7,464,4403
6,9,6,7,464,4403
8,6,6,7,464,4403
9,7,6,7,464,4403
9,8,6,7,464,4403
8,9,6,7,464,4403
7,7,6,7,464,4403
7,9,6,7,464,4403
8,8,6,7,464,4403
9,9,6,7,464,4403
0,2,6,7,465,4086
1,2,6,7,465,4086
0,1,6,7,465,4086
0,3,6,7,465,4086
3,2,6,7,465,4086
2,1,6,7,465,4086
2,3,6,7,465,4086
1,0,6,7,465,4086
1,4,6,7,465,4086
5,2,6,7,465,4086
4,1,6,7,465,4086
4,3,6,7,465,4086
3,0,6,7,465,4086
3,4,6,7,465,4086
2,0,6,7,465,4086
2,5,6,7,465,4086
7,2,6,7,465,4086
6,1,6,7,465,4086
6,3,6,7,465,4086
5,0,6,7,465,4086
5,4,6,7,465,4086
4,0,6,7,465,4086
4,5,6,7,465,4086
3,1,6,7,465,4086
3,6,6,7,465,4086
9,2,6,7,465,4086
8,1,6,7,465,4086
8,3,6,7,465,4086
7,0,6,7,465,4086
7,4,6,7,465,4086
6,0,6,7,465,4086
6,5,6,7,465,4086
5,1,6,7,465,4086
5,6,6,7,465,4086
4,2,6,7,465,4086
4,7,6,7,465,4086
8,2,6,7,465,4086
9,1,6,7,465,4086
9,3,6,7,465,4086
9,0,6,7,465,4086
9,4,6,7,465,4086
8,0,6,7,465,4086
8,5,6,7,465,4086
7,1,6,7,465,4086
7,6,6,7,465,4086
6,2,6,7,465,4086
6,7,6,7,465,4086
5,3,6,7,465,4086
5,8,6,7,465,4086
7,3,6,7,465,4086
8,4,6,7,465,4086
9,5,6,7,465,4086
9,6,6,7,465,4086
8,7,6,7,465,4086
7,8,6,7,465,4086
6,4,6,7,465,4086
6,9,6,7,465,4086
7,5,6,7,465,4086
8,6,6,7,465,4086
9,7,6,7,465,4086
9,8,6,7,465,4086
8,9,6,7,465,4086
7,9,6,7,465,4086
2,2,6,7,465,4086
3,3,6,7,465,4086
4,4,6,7,465,4086
5,5,6,7,465,4086
6,6,6,7,465,4086
7,7,6,7,465,4086
8,8,6,7,465,4086
9,9,6,7,465,4086
0,1,8,7,466,4701
1,1,8,7,466,4701
0,0,8,7,466,4701
0,2,8,7,466,4701
2,1,8,7,466,4701
1,0,8,7,466,4701
1,2,8,7,466,4701
0,3,8,7,466,4701
3,1,8,7,466,4701
2,0,8,7,466,4701
2,2,8,7,466,4701
1,3,8,7,466,4701
0,4,8,7,466,4701
4,1,8,7,466,4701
3,0,8,7,466,4701
3,2,8,7,466,4701
2,3,8,7,466,4701
1,4,8,7,466,4701
0,5,8,7,466,4701
6,1,8,7,466,4701
5,0,8,7,466,4701
5,2,8,7,466,4701
4,0,8,7,466,4701
4,3,8,7,466,4701
3,4,8,7,466,4701
2,5,8,7,466,4701
1,6,8,7,466,4701
8,1,8,7,466,4701
7,0,8,7,466,4701
7,2,8,7,466,4701
6,0,8,7,466,4701
6,3,8,7,466,4701
5,1,8,7,466,4701
5,4,8,7,466,4701
4,2,8,7,466,4701
4,5,8,7,466,4701
3,3,8,7,466,4701
3,6,8,7,466,4701
2,4,8,7,466,4701
2,7,8,7,466,4701
9,1,8,7,466,4701
9,0,8,7,466,4701
9,2,8,7,466,4701
8,0,8,7,466,4701
8,3,8,7,466,4701
7,1,8,7,466,4701
7,4,8,7,466,4701
6,2,8,7,466,4701
6,5,8,7,466,4701
5,3,8,7,466,4701
5,6,8,7,466,4701
4,4,8,7,466,4701
4,7,8,7,466,4701
3,5,8,7,466,4701
3,8,8,7,466,4701
8,2,8,7,466,4701
9,3,8,7,466,4701
9,4,8,7,466,4701
8,5,8,7,466,4701
7,3,8,7,466,4701
7,6,8,7,466,4701
6,4,8,7,466,4701
6,7,8,7,466,4701
5,5,8,7,466,4701
5,8,8,7,466,4701
4,6,8,7,466,4701
4,9,8,7,466,4701
8,4,8,7,466,4701
9,5,8,7,466,4701
9,6,8,7,466,4701
8,7,8,7,466,4701
7,5,8,7,466,4701
7,8,8,7,466,4701
6,6,8,7,466,4701
6,9,8,7,466,4701
5,7,8,7,466,4701
5,9,8,7,466,4701
8,6,8,7,466,4701
9,7,8,7,466,4701
9,8,8,7,466,4701
8,9,8,7,466,4701
7,7,8,7,466,4701
7,9,8,7,466,4701
6,8,8,7,466,4701
8,8,8,7,466,4701
9,9,8,7,466,4701
0,2,8,7,467,4403
1,2,8,7,467,4403
0,1,8,7,467,4403
0,3,8,7,467,4403
2,2,8,7,467,4403
1,1,8,7,467,4403
1,3,8,7,467,4403
0,0,8,7,467,4403
0,4,8,7,467,4403
3,2,8,7,467,4403
2,1,8,7,467,4403
2,3,8,7,467,4403
1,0,8,7,467,4403
1,4,8,7,467,4403
0,5,8,7,467,4403
5,2,8,7,467,4403
4,1,8,7,467,4403
4,3,8,7,467,4403
3,0,8,7,467,4403
3,4,8,7,467,4403
2,0,8,7,467,4403
2,5,8,7,467,4403
1,6,8,7,467,4403
7,2,8,7,467,4403
6,1,8,7,467,4403
6,3,8,7,467,4403
5,0,8,7,467,4403
5,4,8,7,467,4403
4,0,8,7,467,4403
4,5,8,7,467,4403
3,1,8,7,467,4403
3,6,8,7,467,4403
2,7,8,7,467,4403
9,2,8,7,467,4403
8,1,8,7,467,4403
8,3,8,7,467,4403
7,0,8,7,467,4403
7,4,8,7,467,4403
6,0,8,7,467,4403
6,5,8,7,467,4403
5,1,8,7,467,4403
5,6,8,7,467,4403
4,2,8,7,467,4403
4,7,8,7,467,4403
3,3,8,7,467,4403
3,8,8,7,467,4403
8,2,8,7,467,4403
9,1,8,7,467,4403
9,3,8,7,467,4403
9,0,8,7,467,4403
9,4,8,7,467,4403
8,0,8,7,467,4403
8,5,8,7,467,4403
7,1,8,7,467,4403
7,6,8,7,467,4403
6,2,8,7,467,4403
6,7,8,7,467,4403
5,3,8,7,467,4403
5,8,8,7,467,4403
4,4,8,7,467,4403
4,9,8,7,467,4403
7,3,8,7,467,4403
8,4,8,7,467,4403
9,5,8,7,467,4403
9,6,8,7,467,4403
8,7,8,7,467,4403
7,8,8,7,467,4403
6,4,8,7,467,4403
6,9,8,7,467,4403
5,5,8,7,467,4403
5,9,8,7,467,4403
7,5,8,7,467,4403
8,6,8,7,467,4403
9,7,8,7,467,4403
9,8,8,7,467,4403
8,9,8,7,467,4403
7,9,8,7,467,4403
6,6,8,7,467,4403
6,8,8,7,467,4403
7,7,8,7,467,4403
8,8,8,7,467,4403
9,9,8,7,467,4403
0,3,8,7,468,4085
1,3,8,7,468,4085
0,2,8,7,468,4085
0,4,8,7,468,4085
2,3,8,7,468,4085
1,2,8,7,468,4085
1,4,8,7,468,4085
0,1,8,7,468,4085
0,5,8,7,468,4085
4,3,8,7,468,4085
3,2,8,7,468,4085
3,4,8,7,468,4085
2,1,8,7,468,4085
2,5,8,7,468,4085
1,0,8,7,468,4085
1,6,8,7,468,4085
6,3,8,7,468,4085
5,2,8,7,468,4085
5,4,8,7,468,4085
4,1,8,7,468,4085
4,5,8,7,468,4085
3,0,8,7,468,4085
3,6,8,7,468,4085
2,0,8,7,468,4085
2,7,8,7,468,4085
8,3,8,7,468,4085
7,2,8,7,468,4085
7,4,8,7,468,4085
6,1,8,7,468,4085
6,5,8,7,468,4085
5,0,8,7,468,4085
5,6,8,7,468,4085
4,0,8,7,468,4085
4,7,8,7,468,4085
3,1,8,7,468,4085
3,8,8,7,468,4085
9,3,8,7,468,4085
9,2,8,7,468,4085
9,4,8,7,468,4085
8,1,8,7,468,4085
8,5,8,7,468,4085
7,0,8,7,468,4085
7,6,8,7,468,4085
6,0,8,7,468,4085
6,7,8,7,468,4085
5,1,8,7,468,4085
5,8,8,7,468,4085
4,2,8,7,468,4085
4,9,8,7,468,4085
7,3,8,7,468,4085
8,2,8,7,468,4085
8,4,8,7,468,4085
9,1,8,7,468,4085
9,5,8,7,468,4085
9,0,8,7,468,4085
9,6,8,7,468,4085
8,0,8,7,468,4085
8,7,8,7,468,4085
7,1,8,7,468,4085
7,8,8,7,468,4085
6,2,8,7,468,4085
6,9,8,7,468,4085
5,3,8,7,468,4085
5,9,8,7,468,4085
6,4,8,7,468,4085
7,5,8,7,468,4085
8,6,8,7,468,4085
9,7,8,7,468,4085
9,8,8,7,468,4085
8,9,8,7,468,4085
7,9,8,7,468,4085
6,8,8,7,468,4085
3,3,8,7,468,4085
4,4,8,7,468,4085
5,5,8,7,468,4085
6,6,8,7,468,4085
7,7,8,7,468,4085
8,8,8,7,468,4085
9,9,8,7,468,4085
0,3,8,9,469,4398
1,3,8,9,469,4398
0,2,8,9,469,4398
0,4,8,9,469,4398
2,3,8,9,469,4398
1,2,8,9,469,4398
1,4,8,9,469,4398
0,1,8,9,469,4398
0,5,8,9,469,4398
3,3,8,9,469,4398
2,2,8,9,469,4398
2,4,8,9,469,4398
1,1,8,9,469,4398
1,5,8,9,469,4398
0,0,8,9,469,4398
0,6,8,9,469,4398
4,3,8,9,469,4398
3,2,8,9,469,4398
3,4,8,9,469,4398
2,1,8,9,469,4398
2,5,8,9,469,4398
1,0,8,9,469,4398
1,6,8,9,469,4398
0,7,8,9,469,4398
6,3,8,9,469,4398
5,2,8,9,469,4398
5,4,8,9,469,4398
4,1,8,9,469,4398
4,5,8,9,469,4398
3,0,8,9,469,4398
3,6,8,9,469,4398
2,0,8,9,469,4398
2,7,8,9,469,4398
1,8,8,9,469,4398
8,3,8,9,469,4398
7,2,8,9,469,4398
7,4,8,9,469,4398
6,1,8,9,469,4398
6,5,8,9,469,4398
5,0,8,9,469,4398
5,6,8,9,469,4398
4,0,8,9,469,4398
4,7,8,9,469,4398
3,1,8,9,469,4398
3,8,8,9,469,4398
2,9,8,9,469,4398
9,3,8,9,469,4398
9,2,8,9,469,4398
9,4,8,9,469,4398
8,1,8,9,469,4398
8,5,8,9,469,4398
7,0,8,9,469,4398
7,6,8,9,469,4398
6,0,8,9,469,4398
6,7,8,9,469,4398
5,1,8,9,469,4398
5,8,8,9,469,4398
4,2,8,9,469,4398
4,9,8,9,469,4398
3,9,8,9,469,4398
7,3,8,9,469,4398
8,2,8,9,469,4398
8,4,8,9,469,4398
9,1,8,9,469,4398
9,5,8,9,469,4398
9,0,8,9,469,4398
9,6,8,9,469,4398
8,0,8,9,469,4398
8,7,8,9,469,4398
7,1,8,9,469,4398
7,8,8,9,469,4398
6,2,8,9,469,4398
6,9,8,9,469,4398
5,3,8,9,469,4398
5,9,8,9,469,4398
4,4,8,9,469,4398
4,8,8,9,469,4398
6,4,8,9,469,4398
7,5,8,9,469,4398
8,6,8,9,469,4398
9,7,8,9,469,4398
9,8,8,9,469,4398
8,9,8,9,469,4398
7,9,8,9,469,4398
6,8,8,9,469,4398
5,5,8,9,469,4398
5,7,8,9,469,4398
6,6,8,9,469,4398
7,7,8,9,469,4398
8,8,8,9,469,4398
9,9,8,9,469,4398
0,4,8,9,470,4081
1,4,8,9,470,4081
0,3,8,9,470,4081
0,5,8,9,470,4081
2,4,8,9,470,4081
1,3,8,9,470,4081
1,5,8,9,470,4081
0,2,8,9,470,4081
0,6,8,9,470,4081
3,4,8,9,470,4081
2,3,8,9,470,4081
2,5,8,9,470,4081
1,2,8,9,470,4081
1,6,8,9,470,4081
0,1,8,9,470,4081
0,7,8,9,470,4081
5,4,8,9,470,4081
4,3,8,9,470,4081
4,5,8,9,470,4081
3,2,8,9,470,4081
3,6,8,9,470,4081
2,1,8,9,470,4081
2,7,8,9,470,4081
1,0,8,9,470,4081
1,8,8,9,470,4081
7,4,8,9,470,4081
6,3,8,9,470,4081
6,5,8,9,470,4081
5,2,8,9,470,4081
5,6,8,9,470,4081
4,1,8,9,470,4081
4,7,8,9,470,4081
3,0,8,9,470,4081
3,8,8,9,470,4081
2,0,8,9,470,4081
2,9,8,9,470,4081
9,4,8,9,470,4081
8,3,8,9,470,4081
8,5,8,9,470,4081
7,2,8,9,470,4081
7,6,8,9,470,4081
6,1,8,9,470,4081
6,7,8,9,470,4081
5,0,8,9,470,4081
5,8,8,9,470,4081
4,0,8,9,470,4081
4,9,8,9,470,4081
3,1,8,9,470,4081
3,9,8,9,470,4081
8,4,8,9,470,4081
9,3,8,9,470,4081
9,5,8,9,470,4081
9,2,8,9,470,4081
9,6,8,9,470,4081
8,1,8,9,470,4081
8,7,8,9,470,4081
7,0,8,9,470,4081
7,8,8,9,470,4081
6,0,8,9,470,4081
6,9,8,9,470,4081
5,1,8,9,470,4081
5,9,8,9,470,4081
4,2,8,9,470,4081
4,8,8,9,470,4081
6,4,8,9,470,4081
7,3,8,9,470,4081
7,5,8,9,470,4081
8,2,8,9,470,4081
8,6,8,9,470,4081
9,1,8,9,470,4081
9,7,8,9,470,4081
9,0,8,9,470,4081
9,8,8,9,470,4081
8,0,8,9,470,4081
8,9,8,9,470,4081
7,1,8,9,470,4081
7,9,8,9,470,4081
6,2,8,9,470,4081
6,8,8,9,470,4081
5,3,8,9,470,4081
5,7,8,9,470,4081
4,4,8,9,470,4081
5,5,8,9,470,4081
6,6,8,9,470,4081
7,7,8,9,470,4081
8,8,8,9,470,4081
9,9,8,9,470,4081
0,8,6,7,471,4424
1,8,6,7,471,4424
0,7,6,7,471,4424
0,9,6,7,471,4424
2,8,6,7,471,4424
1,7,6,7,471,4424
1,9,6,7,471,4424
0,6,6,7,471,4424
3,8,6,7,471,4424
2,7,6,7,471,4424
2,9,6,7,471,4424
1,6,6,7,471,4424
0,5,6,7,471,4424
4,8,6,7,471,4424
3,7,6,7,471,4424
3,9,6,7,471,4424
2,6,6,7,471,4424
1,5,6,7,471,4424
0,4,6,7,471,4424
5,8,6,7,471,4424
4,7,6,7,471,4424
4,9,6,7,471,4424
3,6,6,7,471,4424
2,5,6,7,471,4424
1,4,6,7,471,4424
0,3,6,7,471,4424
6,8,6,7,471,4424
5,7,6,7,471,4424
5,9,6,7,471,4424
4,6,6,7,471,4424
3,5,6,7,471,4424
2,4,6,7,471,4424
1,3,6,7,471,4424
0,2,6,7,471,4424
7,8,6,7,471,4424
6,7,6,7,471,4424
6,9,6,7,471,4424
5,6,6,7,471,4424
4,5,6,7,471,4424
3,4,6,7,471,4424
2,3,6,7,471,4424
1,2,6,7,471,4424
0,1,6,7,471,4424
8,8,6,7,471,4424
7,7,6,7,471,4424
7,9,6,7,471,4424
6,6,6,7,471,4424
5,5,6,7,471,4424
4,4,6,7,471,4424
3,3,6,7,471,4424
2,2,6,7,471,4424
1,1,6,7,471,4424
0,0,6,7,471,4424
9,8,6,7,471,4424
8,7,6,7,471,4424
8,9,6,7,471,4424
7,6,6,7,471,4424
6,5,6,7,471,4424
5,4,6,7,471,4424
4,3,6,7,471,4424
3,2,6,7,471,4424
2,1,6,7,471,4424
1,0,6,7,471,4424
9,7,6,7,471,4424
9,9,6,7,471,4424
9,6,6,7,471,4424
8,5,6,7,471,4424
7,4,6,7,471,4424
6,3,6,7,471,4424
5,2,6,7,471,4424
4,1,6,7,471,4424
3,0,6,7,471,4424
2,0,6,7,471,4424
0,9,4,7,472,4110
1,9,4,7,472,4110
0,8,4,7,472,4110
2,9,4,7,472,4110
1,8,4,7,472,4110
0,7,4,7,472,4110
3,9,4,7,472,4110
2,8,4,7,472,4110
1,7,4,7,472,4110
0,6,4,7,472,4110
4,9,4,7,472,4110
3,8,4,7,472,4110
2,7,4,7,472,4110
1,6,4,7,472,4110
0,5,4,7,472,4110
5,9,4,7,472,4110
4,8,4,7,472,4110
3,7,4,7,472,4110
2,6,4,7,472,4110
1,5,4,7,472,4110
0,4,4,7,472,4110
6,9,4,7,472,4110
5,8,4,7,472,4110
4,7,4,7,472,4110
3,6,4,7,472,4110
2,5,4,7,472,4110
1,4,4,7,472,4110
0,3,4,7,472,4110
7,9,4,7,472,4110
6,8,4,7,472,4110
5,7,4,7,472,4110
4,6,4,7,472,4110
3,5,4,7,472,4110
2,4,4,7,472,4110
1,3,4,7,472,4110
0,2,4,7,472,4110
8,9,4,7,472,4110
7,8,4,7,472,4110
6,7,4,7,472,4110
5,6,4,7,472,4110
4,5,4,7,472,4110
3,4,4,7,472,4110
2,3,4,7,472,4110
1,2,4,7,472,4110
0,1,4,7,472,4110
9,9,4,7,472,4110
9,8,4,7,472,4110
8,7,4,7,472,4110
8,8,4,7,472,4110
7,6,4,7,472,4110
7,7,4,7,472,4110
6,5,4,7,472,4110
6,6,4,7,472,4110
5,4,4,7,472,4110
5,5,4,7,472,4110
4,3,4,7,472,4110
4,4,4,7,472,4110
3,2,4,7,472,4110
3,3,4,7,472,4110
2,1,4,7,472,4110
2,2,4,7,472,4110
1,0,4,7,472,4110
1,1,4,7,472,4110
1,2,5,6,473,3751
3,2,5,6,473,3751
2,1,5,6,473,3751
2,3,5,6,473,3751
5,2,5,6,473,3751
4,1,5,6,473,3751
4,3,5,6,473,3751
3,0,5,6,473,3751
3,4,5,6,473,3751
7,2,5,6,473,3751
6,1,5,6,473,3751
6,3,5,6,473,3751
5,0,5,6,473,3751
5,4,5,6,473,3751
4,0,5,6,473,3751
4,5,5,6,473,3751
9,2,5,6,473,3751
8,1,5,6,473,3751
8,3,5,6,473,3751
7,0,5,6,473,3751
7,4,5,6,473,3751
6,0,5,6,473,3751
6,5,5,6,473,3751
5,1,5,6,473,3751
5,6,5,6,473,3751
8,2,5,6,473,3751
9,1,5,6,473,3751
9,3,5,6,473,3751
9,0,5,6,473,3751
9,4,5,6,473,3751
8,0,5,6,473,3751
8,5,5,6,473,3751
7,1,5,6,473,3751
7,6,5,6,473,3751
6,2,5,6,473,3751
6,7,5,6,473,3751
7,3,5,6,473,3751
8,4,5,6,473,3751
9,5,5,6,473,3751
9,6,5,6,473,3751
8,7,5,6,473,3751
7,8,5,6,473,3751
4,2,5,6,473,3751
5,3,5,6,473,3751
6,4,5,6,473,3751
7,5,5,6,473,3751
8,6,5,6,473,3751
9,7,5,6,473,3751
9,8,5,6,473,3751
8,9,5,6,473,3751
2,2,5,6,473,3751
3,1,5,6,473,3751
3,3,5,6,473,3751
4,4,5,6,473,3751
5,5,5,6,473,3751
6,6,5,6,473,3751
7,7,5,6,473,3751
8,8,5,6,473,3751
9,9,5,6,473,3751
2,3,5,6,474,3386
4,3,5,6,474,3386
3,2,5,6,474,3386
3,4,5,6,474,3386
6,3,5,6,474,3386
5,2,5,6,474,3386
5,4,5,6,474,3386
4,1,5,6,474,3386
4,5,5,6,474,3386
8,3,5,6,474,3386
7,2,5,6,474,3386
7,4,5,6,474,3386
6,1,5,6,474,3386
6,5,5,6,474,3386
5,0,5,6,474,3386
5,6,5,6,474,3386
9,3,5,6,474,3386
9,2,5,6,474,3386
9,4,5,6,474,3386
8,1,5,6,474,3386
8,5,5,6,474,3386
7,0,5,6,474,3386
7,6,5,6,474,3386
6,0,5,6,474,3386
6,7,5,6,474,3386
7,3,5,6,474,3386
8,2,5,6,474,3386
8,4,5,6,474,3386
9,1,5,6,474,3386
9,5,5,6,474,3386
9,0,5,6,474,3386
9,6,5,6,474,3386
8,0,5,6,474,3386
8,7,5,6,474,3386
7,1,5,6,474,3386
7,8,5,6,474,3386
5,3,5,6,474,3386
6,2,5,6,474,3386
6,4,5,6,474,3386
7,5,5,6,474,3386
8,6,5,6,474,3386
9,7,5,6,474,3386
9,8,5,6,474,3386
8,9,5,6,474,3386
3,3,5,6,474,3386
4,2,5,6,474,3386
4,4,5,6,474,3386
5,1,5,6,474,3386
5,5,5,6,474,3386
6,6,5,6,474,3386
7,7,5,6,474,3386
8,8,5,6,474,3386
9,9,5,6,474,3386
0,3,6,7,475,3746
2,3,6,7,475,3746
1,2,6,7,475,3746
1,4,6,7,475,3746
4,3,6,7,475,3746
3,2,6,7,475,3746
3,4,6,7,475,3746
2,1,6,7,475,3746
2,5,6,7,475,3746
6,3,6,7,475,3746
5,2,6,7,475,3746
5,4,6,7,475,3746
4,1,6,7,475,3746
4,5,6,7,475,3746
3,0,6,7,475,3746
3,6,6,7,475,3746
8,3,6,7,475,3746
7,2,6,7,475,3746
7,4,6,7,475,3746
6,1,6,7,475,3746
6,5,6,7,475,3746
5,0,6,7,475,3746
5,6,6,7,475,3746
4,0,6,7,475,3746
4,7,6,7,475,3746
9,3,6,7,475,3746
9,2,6,7,475,3746
9,4,6,7,475,3746
8,1,6,7,475,3746
8,5,6,7,475,3746
7,0,6,7,475,3746
7,6,6,7,475,3746
6,0,6,7,475,3746
6,7,6,7,475,3746
5,1,6,7,475,3746
5,8,6,7,475,3746
7,3,6,7,475,3746
8,2,6,7,475,3746
8,4,6,7,475,3746
9,1,6,7,475,3746
9,5,6,7,475,3746
9,0,6,7,475,3746
9,6,6,7,475,3746
8,0,6,7,475,3746
8,7,6,7,475,3746
7,1,6,7,475,3746
7,8,6,7,475,3746
6,2,6,7,475,3746
6,9,6,7,475,3746
5,3,6,7,475,3746
6,4,6,7,475,3746
7,5,6,7,475,3746
8,6,6,7,475,3746
9,7,6,7,475,3746
9,8,6,7,475,3746
8,9,6,7,475,3746
7,9,6,7,475,3746
3,3,6,7,475,3746
4,2,6,7,475,3746
4,4,6,7,475,3746
5,5,6,7,475,3746
6,6,6,7,475,3746
7,7,6,7,475,3746
8,8,6,7,475,3746
9,9,6,7,475,3746
1,4,5,6,476,3381
3,4,5,6,476,3381
2,3,5,6,476,3381
2,5,5,6,476,3381
5,4,5,6,476,3381
4,3,5,6,476,3381
4,5,5,6,476,3381
3,2,5,6,476,3381
3,6,5,6,476,3381
7,4,5,6,476,3381
6,3,5,6,476,3381
6,5,5,6,476,3381
5,2,5,6,476,3381
5,6,5,6,476,3381
4,1,5,6,476,3381
4,7,5,6,476,3381
9,4,5,6,476,3381
8,3,5,6,476,3381
8,5,5,6,476,3381
7,2,5,6,476,3381
7,6,5,6,476,3381
6,1,5,6,476,3381
6,7,5,6,476,3381
5,0,5,6,476,3381
5,8,5,6,476,3381
8,4,5,6,476,3381
9,3,5,6,476,3381
9,5,5,6,476,3381
9,2,5,6,476,3381
9,6,5,6,476,3381
8,1,5,6,476,3381
8,7,5,6,476,3381
7,0,5,6,476,3381
7,8,5,6,476,3381
6,0,5,6,476,3381
6,9,5,6,476,3381
6,4,5,6,476,3381
7,3,5,6,476,3381
7,5,5,6,476,3381
8,2,5,6,476,3381
8,6,5,6,476,3381
9,1,5,6,476,3381
9,7,5,6,476,3381
9,0,5,6,476,3381
9,8,5,6,476,3381
8,0,5,6,476,3381
8,9,5,6,476,3381
7,1,5,6,476,3381
7,9,5,6,476,3381
4,4,5,6,476,3381
5,3,5,6,476,3381
5,5,5,6,476,3381
6,2,5,6,476,3381
6,6,5,6,476,3381
7,7,5,6,476,3381
8,8,5,6,476,3381
9,9,5,6,476,3381
0,5,8,7,477,3378
2,5,8,7,477,3378
1,4,8,7,477,3378
1,6,8,7,477,3378
4,5,8,7,477,3378
3,4,8,7,477,3378
3,6,8,7,477,3378
2,3,8,7,477,3378
2,7,8,7,477,3378
6,5,8,7,477,3378
5,4,8,7,477,3378
5,6,8,7,477,3378
4,3,8,7,477,3378
4,7,8,7,477,3378
3,2,8,7,477,3378
3,8,8,7,477,3378
8,5,8,7,477,3378
7,4,8,7,477,3378
7,6,8,7,477,3378
6,3,8,7,477,3378
6,7,8,7,477,3378
5,2,8,7,477,3378
5,8,8,7,477,3378
4,1,8,7,477,3378
4,9,8,7,477,3378
9,5,8,7,477,3378
9,4,8,7,477,3378
9,6,8,7,477,3378
8,3,8,7,477,3378
8,7,8,7,477,3378
7,2,8,7,477,3378
7,8,8,7,477,3378
6,1,8,7,477,3378
6,9,8,7,477,3378
5,0,8,7,477,3378
5,9,8,7,477,3378
7,5,8,7,477,3378
8,4,8,7,477,3378
8,6,8,7,477,3378
9,3,8,7,477,3378
9,7,8,7,477,3378
9,2,8,7,477,3378
9,8,8,7,477,3378
8,1,8,7,477,3378
8,9,8,7,477,3378
7,0,8,7,477,3378
7,9,8,7,477,3378
6,0,8,7,477,3378
6,8,8,7,477,3378
5,5,8,7,477,3378
6,4,8,7,477,3378
6,6,8,7,477,3378
7,3,8,7,477,3378
7,7,8,7,477,3378
8,2,8,7,477,3378
8,8,8,7,477,3378
9,1,8,7,477,3378
9,9,8,7,477,3378
9,0,8,7,477,3378
8,0,8,7,477,3378
7,1,8,7,477,3378
0,5,8,9,478,3740
1,5,8,9,478,3740
0,4,8,9,478,3740
0,6,8,9,478,3740
2,5,8,9,478,3740
1,4,8,9,478,3740
1,6,8,9,478,3740
0,3,8,9,478,3740
0,7,8,9,478,3740
4,5,8,9,478,3740
3,4,8,9,478,3740
3,6,8,9,478,3740
2,3,8,9,478,3740
2,7,8,9,478,3740
1,2,8,9,478,3740
1,8,8,9,478,3740
6,5,8,9,478,3740
5,4,8,9,478,3740
5,6,8,9,478,3740
4,3,8,9,478,3740
4,7,8,9,478,3740
3,2,8,9,478,3740
3,8,8,9,478,3740
2,1,8,9,478,3740
2,9,8,9,478,3740
8,5,8,9,478,3740
7,4,8,9,478,3740
7,6,8,9,478,3740
6,3,8,9,478,3740
6,7,8,9,478,3740
5,2,8,9,478,3740
5,8,8,9,478,3740
4,1,8,9,478,3740
4,9,8,9,478,3740
3,0,8,9,478,3740
3,9,8,9,478,3740
9,5,8,9,478,3740
9,4,8,9,478,3740
9,6,8,9,478,3740
8,3,8,9,478,3740
8,7,8,9,478,3740
7,2,8,9,478,3740
7,8,8,9,478,3740
6,1,8,9,478,3740
6,9,8,9,478,3740
5,0,8,9,478,3740
5,9,8,9,478,3740
4,0,8,9,478,3740
4,8,8,9,478,3740
7,5,8,9,478,3740
8,4,8,9,478,3740
8,6,8,9,478,3740
9,3,8,9,478,3740
9,7,8,9,478,3740
9,2,8,9,478,3740
9,8,8,9,478,3740
8,1,8,9,478,3740
8,9,8,9,478,3740
7,0,8,9,478,3740
7,9,8,9,478,3740
6,0,8,9,478,3740
6,8,8,9,478,3740
5,1,8,9,478,3740
5,7,8,9,478,3740
5,5,8,9,478,3740
6,4,8,9,478,3740
6,6,8,9,478,3740
7,3,8,9,478,3740
7,7,8,9,478,3740
8,2,8,9,478,3740
8,8,8,9,478,3740
9,1,8,9,478,3740
9,9,8,9,478,3740
9,0,8,9,478,3740
8,0,8,9,478,3740
7,1,8,9,478,3740
6,2,8,9,478,3740
0,8,8,9,479,3241
1,8,8,9,479,3241
0,7,8,9,479,3241
0,9,8,9,479,3241
2,8,8,9,479,3241
1,7,8,9,479,3241
1,9,8,9,479,3241
0,6,8,9,479,3241
3,8,8,9,479,3241
2,7,8,9,479,3241
2,9,8,9,479,3241
1,6,8,9,479,3241
0,5,8,9,479,3241
5,8,8,9,479,3241
4,7,8,9,479,3241
4,9,8,9,479,3241
3,6,8,9,479,3241
3,9,8,9,479,3241
2,5,8,9,479,3241
1,4,8,9,479,3241
7,8,8,9,479,3241
6,7,8,9,479,3241
6,9,8,9,479,3241
5,6,8,9,479,3241
5,9,8,9,479,3241
4,5,8,9,479,3241
4,8,8,9,479,3241
3,4,8,9,479,3241
3,7,8,9,479,3241
2,3,8,9,479,3241
2,6,8,9,479,3241
9,8,8,9,479,3241
8,7,8,9,479,3241
8,9,8,9,479,3241
7,6,8,9,479,3241
7,9,8,9,479,3241
6,5,8,9,479,3241
6,8,8,9,479,3241
5,4,8,9,479,3241
5,7,8,9,479,3241
4,3,8,9,479,3241
4,6,8,9,479,3241
3,2,8,9,479,3241
3,5,8,9,479,3241
8,8,8,9,479,3241
9,7,8,9,479,3241
9,9,8,9,479,3241
9,6,8,9,479,3241
8,5,8,9,479,3241
7,4,8,9,479,3241
7,7,8,9,479,3241
6,3,8,9,479,3241
6,6,8,9,479,3241
5,2,8,9,479,3241
5,5,8,9,479,3241
4,1,8,9,479,3241
4,4,8,9,479,3241
0,8,8,9,480,3610
1,8,8,9,480,3610
0,7,8,9,480,3610
0,9,8,9,480,3610
2,8,8,9,480,3610
1,7,8,9,480,3610
1,9,8,9,480,3610
0,6,8,9,480,3610
3,8,8,9,480,3610
2,7,8,9,480,3610
2,9,8,9,480,3610
1,6,8,9,480,3610
0,5,8,9,480,3610
4,8,8,9,480,3610
3,7,8,9,480,3610
3,9,8,9,480,3610
2,6,8,9,480,3610
1,5,8,9,480,3610
0,4,8,9,480,3610
5,8,8,9,480,3610
4,7,8,9,480,3610
4,9,8,9,480,3610
3,6,8,9,480,3610
2,5,8,9,480,3610
1,4,8,9,480,3610
0,3,8,9,480,3610
7,8,8,9,480,3610
6,7,8,9,480,3610
6,9,8,9,480,3610
5,6,8,9,480,3610
5,9,8,9,480,3610
4,5,8,9,480,3610
3,4,8,9,480,3610
2,3,8,9,480,3610
1,2,8,9,480,3610
9,8,8,9,480,3610
8,7,8,9,480,3610
8,9,8,9,480,3610
7,6,8,9,480,3610
7,9,8,9,480,3610
6,5,8,9,480,3610
6,8,8,9,480,3610
5,4,8,9,480,3610
5,7,8,9,480,3610
4,3,8,9,480,3610
4,6,8,9,480,3610
3,2,8,9,480,3610
3,5,8,9,480,3610
2,1,8,9,480,3610
2,4,8,9,480,3610
8,8,8,9,480,3610
9,7,8,9,480,3610
9,9,8,9,480,3610
9,6,8,9,480,3610
8,5,8,9,480,3610
7,4,8,9,480,3610
7,7,8,9,480,3610
6,3,8,9,480,3610
6,6,8,9,480,3610
5,2,8,9,480,3610
5,5,8,9,480,3610
4,1,8,9,480,3610
4,4,8,9,480,3610
3,0,8,9,480,3610
3,3,8,9,480,3610
0,9,8,7,481,3381
1,9,8,7,481,3381
0,8,8,7,481,3381
2,9,8,7,481,3381
1,8,8,7,481,3381
0,7,8,7,481,3381
3,9,8,7,481,3381
2,8,8,7,481,3381
1,7,8,7,481,3381
0,6,8,7,481,3381
4,9,8,7,481,3381
3,8,8,7,481,3381
2,7,8,7,481,3381
1,6,8,7,481,3381
0,5,8,7,481,3381
6,9,8,7,481,3381
5,8,8,7,481,3381
5,9,8,7,481,3381
4,7,8,7,481,3381
4,8,8,7,481,3381
3,6,8,7,481,3381
3,7,8,7,481,3381
2,5,8,7,481,3381
2,6,8,7,481,3381
1,4,8,7,481,3381
1,5,8,7,481,3381
8,9,8,7,481,3381
7,8,8,7,481,3381
7,9,8,7,481,3381
6,7,8,7,481,3381
6,8,8,7,481,3381
5,6,8,7,481,3381
5,7,8,7,481,3381
4,5,8,7,481,3381
4,6,8,7,481,3381
3,4,8,7,481,3381
3,5,8,7,481,3381
2,3,8,7,481,3381
2,4,8,7,481,3381
9,9,8,7,481,3381
9,8,8,7,481,3381
8,7,8,7,481,3381
8,8,8,7,481,3381
7,6,8,7,481,3381
7,7,8,7,481,3381
6,5,8,7,481,3381
6,6,8,7,481,3381
5,4,8,7,481,3381
5,5,8,7,481,3381
4,3,8,7,481,3381
4,4,8,7,481,3381
3,2,8,7,481,3381
3,3,8,7,481,3381
2,5,6,7,482,2991
4,5,6,7,482,2991
3,4,6,7,482,2991
3,6,6,7,482,2991
6,5,6,7,482,2991
5,4,6,7,482,2991
5,6,6,7,482,2991
4,3,6,7,482,2991
4,7,6,7,482,2991
8,5,6,7,482,2991
7,4,6,7,482,2991
7,6,6,7,482,2991
6,3,6,7,482,2991
6,7,6,7,482,2991
5,2,6,7,482,2991
5,8,6,7,482,2991
9,5,6,7,482,2991
9,4,6,7,482,2991
9,6,6,7,482,2991
8,3,6,7,482,2991
8,7,6,7,482,2991
7,2,6,7,482,2991
7,8,6,7,482,2991
6,1,6,7,482,2991
6,9,6,7,482,2991
7,5,6,7,482,2991
8,4,6,7,482,2991
8,6,6,7,482,2991
9,3,6,7,482,2991
9,7,6,7,482,2991
9,2,6,7,482,2991
9,8,6,7,482,2991
8,1,6,7,482,2991
8,9,6,7,482,2991
7,0,6,7,482,2991
7,9,6,7,482,2991
5,5,6,7,482,2991
6,4,6,7,482,2991
6,6,6,7,482,2991
7,3,6,7,482,2991
7,7,6,7,482,2991
8,2,6,7,482,2991
8,8,6,7,482,2991
9,1,6,7,482,2991
9,9,6,7,482,2991
9,0,6,7,482,2991
8,0,6,7,482,2991
0,8,8,9,483,2845
1,8,8,9,483,2845
0,7,8,9,483,2845
0,9,8,9,483,2845
3,8,8,9,483,2845
2,7,8,9,483,2845
2,9,8,9,483,2845
1,6,8,9,483,2845
1,9,8,9,483,2845
5,8,8,9,483,2845
4,7,8,9,483,2845
4,9,8,9,483,2845
3,6,8,9,483,2845
3,9,8,9,483,2845
2,5,8,9,483,2845
2,8,8,9,483,2845
7,8,8,9,483,2845
6,7,8,9,483,2845
6,9,8,9,483,2845
5,6,8,9,483,2845
5,9,8,9,483,2845
4,5,8,9,483,2845
4,8,8,9,483,2845
3,4,8,9,483,2845
3,7,8,9,483,2845
9,8,8,9,483,2845
8,7,8,9,483,2845
8,9,8,9,483,2845
7,6,8,9,483,2845
7,9,8,9,483,2845
6,5,8,9,483,2845
6,8,8,9,483,2845
5,4,8,9,483,2845
5,7,8,9,483,2845
4,3,8,9,483,2845
4,6,8,9,483,2845
8,8,8,9,483,2845
9,7,8,9,483,2845
9,9,8,9,483,2845
9,6,8,9,483,2845
8,5,8,9,483,2845
7,4,8,9,483,2845
7,7,8,9,483,2845
6,3,8,9,483,2845
6,6,8,9,483,2845
5,2,8,9,483,2845
5,5,8,9,483,2845
0,9,8,7,484,2993
1,9,8,7,484,2993
0,8,8,7,484,2993
2,9,8,7,484,2993
1,8,8,7,484,2993
0,7,8,7,484,2993
4,9,8,7,484,2993
3,8,8,7,484,2993
3,9,8,7,484,2993
2,7,8,7,484,2993
2,8,8,7,484,2993
1,6,8,7,484,2993
1,7,8,7,484,2993
6,9,8,7,484,2993
5,8,8,7,484,2993
5,9,8,7,484,2993
4,7,8,7,484,2993
4,8,8,7,484,2993
3,6,8,7,484,2993
3,7,8,7,484,2993
2,5,8,7,484,2993
2,6,8,7,484,2993
8,9,8,7,484,2993
7,8,8,7,484,2993
7,9,8,7,484,2993
6,7,8,7,484,2993
6,8,8,7,484,2993
5,6,8,7,484,2993
5,7,8,7,484,2993
4,5,8,7,484,2993
4,6,8,7,484,2993
3,4,8,7,484,2993
3,5,8,7,484,2993
9,9,8,7,484,2993
9,8,8,7,484,2993
8,7,8,7,484,2993
8,8,8,7,484,2993
7,6,8,7,484,2993
7,7,8,7,484,2993
6,5,8,7,484,2993
6,6,8,7,484,2993
5,4,8,7,484,2993
5,5,8,7,484,2993
4,3,8,7,484,2993
4,4,8,7,484,2993
4,5,5,6,485,2576
6,5,5,6,485,2576
5,4,5,6,485,2576
5,6,5,6,485,2576
8,5,5,6,485,2576
7,4,5,6,485,2576
7,6,5,6,485,2576
6,3,5,6,485,2576
6,7,5,6,485,2576
9,5,5,6,485,2576
9,4,5,6,485,2576
9,6,5,6,485,2576
8,3,5,6,485,2576
8,7,5,6,485,2576
7,2,5,6,485,2576
7,8,5,6,485,2576
7,5,5,6,485,2576
8,4,5,6,485,2576
8,6,5,6,485,2576
9,3,5,6,485,2576
9,7,5,6,485,2576
9,2,5,6,485,2576
9,8,5,6,485,2576
8,1,5,6,485,2576
8,9,5,6,485,2576
5,5,5,6,485,2576
6,4,5,6,485,2576
6,6,5,6,485,2576
7,3,5,6,485,2576
7,7,5,6,485,2576
8,2,5,6,485,2576
8,8,5,6,485,2576
9,1,5,6,485,2576
9,9,5,6,485,2576
9,0,5,6,485,2576
6,7,8,9,486,1648
8,7,8,9,486,1648
7,6,8,9,486,1648
7,8,8,9,486,1648
9,7,8,9,486,1648
9,6,8,9,486,1648
9,8,8,9,486,1648
8,5,8,9,486,1648
8,9,8,9,486,1648
7,7,8,9,486,1648
8,6,8,9,486,1648
8,8,8,9,486,1648
9,5,8,9,486,1648
9,9,8,9,486,1648
9,4,8,9,486,1648
0,1,7,7,487,4702
1,1,7,7,487,4702
0,0,7,7,487,4702
0,2,7,7,487,4702
2,1,7,7,487,4702
1,0,7,7,487,4702
1,2,7,7,487,4702
0,3,7,7,487,4702
3,1,7,7,487,4702
2,0,7,7,487,4702
2,2,7,7,487,4702
1,3,7,7,487,4702
0,4,7,7,487,4702
5,1,7,7,487,4702
4,0,7,7,487,4702
4,2,7,7,487,4702
3,0,7,7,487,4702
3,3,7,7,487,4702
2,4,7,7,487,4702
1,5,7,7,487,4702
7,1,7,7,487,4702
6,0,7,7,487,4702
6,2,7,7,487,4702
5,0,7,7,487,4702
5,3,7,7,487,4702
4,1,7,7,487,4702
4,4,7,7,487,4702
3,2,7,7,487,4702
3,5,7,7,487,4702
2,3,7,7,487,4702
2,6,7,7,487,4702
9,1,7,7,487,4702
8,0,7,7,487,4702
8,2,7,7,487,4702
7,0,7,7,487,4702
7,3,7,7,487,4702
6,1,7,7,487,4702
6,4,7,7,487,4702
5,2,7,7,487,4702
5,5,7,7,487,4702
4,3,7,7,487,4702
4,6,7,7,487,4702
3,4,7,7,487,4702
3,7,7,7,487,4702
8,1,7,7,487,4702
9,0,7,7,487,4702
9,2,7,7,487,4702
9,3,7,7,487,4702
8,4,7,7,487,4702
7,2,7,7,487,4702
7,5,7,7,487,4702
6,3,7,7,487,4702
6,6,7,7,487,4702
5,4,7,7,487,4702
5,7,7,7,487,4702
4,5,7,7,487,4702
4,8,7,7,487,4702
8,3,7,7,487,4702
9,4,7,7,487,4702
9,5,7,7,487,4702
8,6,7,7,487,4702
7,4,7,7,487,4702
7,7,7,7,487,4702
6,5,7,7,487,4702
6,8,7,7,487,4702
5,6,7,7,487,4702
5,9,7,7,487,4702
8,5,7,7,487,4702
9,6,7,7,487,4702
9,7,7,7,487,4702
8,8,7,7,487,4702
7,6,7,7,487,4702
7,9,7,7,487,4702
6,7,7,7,487,4702
6,9,7,7,487,4702
8,7,7,7,487,4702
9,8,7,7,487,4702
9,9,7,7,487,4702
8,9,7,7,487,4702
7,8,7,7,487,4702
0,2,7,7,488,4404
1,2,7,7,488,4404
0,1,7,7,488,4404
0,3,7,7,488,4404
2,2,7,7,488,4404
1,1,7,7,488,4404
1,3,7,7,488,4404
0,0,7,7,488,4404
0,4,7,7,488,4404
4,2,7,7,488,4404
3,1,7,7,488,4404
3,3,7,7,488,4404
2,0,7,7,488,4404
2,4,7,7,488,4404
1,0,7,7,488,4404
1,5,7,7,488,4404
6,2,7,7,488,4404
5,1,7,7,488,4404
5,3,7,7,488,4404
4,0,7,7,488,4404
4,4,7,7,488,4404
3,0,7,7,488,4404
3,5,7,7,488,4404
2,1,7,7,488,4404
2,6,7,7,488,4404
8,2,7,7,488,4404
7,1,7,7,488,4404
7,3,7,7,488,4404
6,0,7,7,488,4404
6,4,7,7,488,4404
5,0,7,7,488,4404
5,5,7,7,488,4404
4,1,7,7,488,4404
4,6,7,7,488,4404
3,2,7,7,488,4404
3,7,7,7,488,4404
9,2,7,7,488,4404
9,1,7,7,488,4404
9,3,7,7,488,4404
8,0,7,7,488,4404
8,4,7,7,488,4404
7,0,7,7,488,4404
7,5,7,7,488,4404
6,1,7,7,488,4404
6,6,7,7,488,4404
5,2,7,7,488,4404
5,7,7,7,488,4404
4,3,7,7,488,4404
4,8,7,7,488,4404
7,2,7,7,488,4404
8,1,7,7,488,4404
8,3,7,7,488,4404
9,0,7,7,488,4404
9,4,7,7,488,4404
9,5,7,7,488,4404
8,6,7,7,488,4404
7,7,7,7,488,4404
6,3,7,7,488,4404
6,8,7,7,488,4404
5,4,7,7,488,4404
5,9,7,7,488,4404
7,4,7,7,488,4404
8,5,7,7,488,4404
9,6,7,7,488,4404
9,7,7,7,488,4404
8,8,7,7,488,4404
7,9,7,7,488,4404
6,5,7,7,488,4404
6,9,7,7,488,4404
7,6,7,7,488,4404
8,7,7,7,488,4404
9,8,7,7,488,4404
9,9,7,7,488,4404
8,9,7,7,488,4404
7,8,7,7,488,4404
2,3,7,7,488,4404
3,4,7,7,488,4404
4,5,7,7,488,4404
5,6,7,7,488,4404
6,7,7,7,488,4404
0,2,8,8,489,4701
1,2,8,8,489,4701
0,1,8,8,489,4701
0,3,8,8,489,4701
2,2,8,8,489,4701
1,1,8,8,489,4701
1,3,8,8,489,4701
0,0,8,8,489,4701
0,4,8,8,489,4701
3,2,8,8,489,4701
2,1,8,8,489,4701
2,3,8,8,489,4701
1,0,8,8,489,4701
1,4,8,8,489,4701
0,5,8,8,489,4701
4,2,8,8,489,4701
3,1,8,8,489,4701
3,3,8,8,489,4701
2,0,8,8,489,4701
2,4,8,8,489,4701
1,5,8,8,489,4701
0,6,8,8,489,4701
6,2,8,8,489,4701
5,1,8,8,489,4701
5,3,8,8,489,4701
4,0,8,8,489,4701
4,4,8,8,489,4701
3,0,8,8,489,4701
3,5,8,8,489,4701
2,6,8,8,489,4701
1,7,8,8,489,4701
8,2,8,8,489,4701
7,1,8,8,489,4701
7,3,8,8,489,4701
6,0,8,8,489,4701
6,4,8,8,489,4701
5,0,8,8,489,4701
5,5,8,8,489,4701
4,1,8,8,489,4701
4,6,8,8,489,4701
3,7,8,8,489,4701
2,8,8,8,489,4701
9,2,8,8,489,4701
9,1,8,8,489,4701
9,3,8,8,489,4701
8,0,8,8,489,4701
8,4,8,8,489,4701
7,0,8,8,489,4701
7,5,8,8,489,4701
6,1,8,8,489,4701
6,6,8,8,489,4701
5,2,8,8,489,4701
5,7,8,8,489,4701
4,3,8,8,489,4701
4,8,8,8,489,4701
3,4,8,8,489,4701
3,9,8,8,489,4701
7,2,8,8,489,4701
8,1,8,8,489,4701
8,3,8,8,489,4701
9,0,8,8,489,4701
9,4,8,8,489,4701
9,5,8,8,489,4701
8,6,8,8,489,4701
7,7,8,8,489,4701
6,3,8,8,489,4701
6,8,8,8,489,4701
5,4,8,8,489,4701
5,9,8,8,489,4701
4,5,8,8,489,4701
4,9,8,8,489,4701
7,4,8,8,489,4701
8,5,8,8,489,4701
9,6,8,8,489,4701
9,7,8,8,489,4701
8,8,8,8,489,4701
7,9,8,8,489,4701
6,5,8,8,489,4701
6,9,8,8,489,4701
5,6,8,8,489,4701
5,8,8,8,489,4701
7,6,8,8,489,4701
8,7,8,8,489,4701
9,8,8,8,489,4701
9,9,8,8,489,4701
8,9,8,8,489,4701
7,8,8,8,489,4701
6,7,8,8,489,4701
0,3,8,8,490,4403
1,3,8,8,490,4403
0,2,8,8,490,4403
0,4,8,8,490,4403
2,3,8,8,490,4403
1,2,8,8,490,4403
1,4,8,8,490,4403
0,1,8,8,490,4403
0,5,8,8,490,4403
3,3,8,8,490,4403
2,2,8,8,490,4403
2,4,8,8,490,4403
1,1,8,8,490,4403
1,5,8,8,490,4403
0,0,8,8,490,4403
0,6,8,8,490,4403
5,3,8,8,490,4403
4,2,8,8,490,4403
4,4,8,8,490,4403
3,1,8,8,490,4403
3,5,8,8,490,4403
2,0,8,8,490,4403
2,6,8,8,490,4403
1,0,8,8,490,4403
1,7,8,8,490,4403
7,3,8,8,490,4403
6,2,8,8,490,4403
6,4,8,8,490,4403
5,1,8,8,490,4403
5,5,8,8,490,4403
4,0,8,8,490,4403
4,6,8,8,490,4403
3,0,8,8,490,4403
3,7,8,8,490,4403
2,1,8,8,490,4403
2,8,8,8,490,4403
9,3,8,8,490,4403
8,2,8,8,490,4403
8,4,8,8,490,4403
7,1,8,8,490,4403
7,5,8,8,490,4403
6,0,8,8,490,4403
6,6,8,8,490,4403
5,0,8,8,490,4403
5,7,8,8,490,4403
4,1,8,8,490,4403
4,8,8,8,490,4403
3,2,8,8,490,4403
3,9,8,8,490,4403
8,3,8,8,490,4403
9,2,8,8,490,4403
9,4,8,8,490,4403
9,1,8,8,490,4403
9,5,8,8,490,4403
8,0,8,8,490,4403
8,6,8,8,490,4403
7,0,8,8,490,4403
7,7,8,8,490,4403
6,1,8,8,490,4403
6,8,8,8,490,4403
5,2,8,8,490,4403
5,9,8,8,490,4403
4,3,8,8,490,4403
4,9,8,8,490,4403
6,3,8,8,490,4403
7,2,8,8,490,4403
7,4,8,8,490,4403
8,1,8,8,490,4403
8,5,8,8,490,4403
9,0,8,8,490,4403
9,6,8,8,490,4403
9,7,8,8,490,4403
8,8,8,8,490,4403
7,9,8,8,490,4403
6,9,8,8,490,4403
5,4,8,8,490,4403
5,8,8,8,490,4403
6,5,8,8,490,4403
7,6,8,8,490,4403
8,7,8,8,490,4403
9,8,8,8,490,4403
9,9,8,8,490,4403
8,9,8,8,490,4403
7,8,8,8,490,4403
6,7,8,8,490,4403
3,4,8,8,490,4403
4,5,8,8,490,4403
5,6,8,8,490,4403
0,3,9,9,491,4472
1,3,9,9,491,4472
0,2,9,9,491,4472
0,4,9,9,491,4472
2,3,9,9,491,4472
1,2,9,9,491,4472
1,4,9,9,491,4472
0,1,9,9,491,4472
0,5,9,9,491,4472
3,3,9,9,491,4472
2,2,9,9,491,4472
2,4,9,9,491,4472
1,1,9,9,491,4472
1,5,9,9,491,4472
0,0,9,9,491,4472
0,6,9,9,491,4472
4,3,9,9,491,4472
3,2,9,9,491,4472
3,4,9,9,491,4472
2,1,9,9,491,4472
2,5,9,9,491,4472
1,0,9,9,491,4472
1,6,9,9,491,4472
0,7,9,9,491,4472
5,3,9,9,491,4472
4,2,9,9,491,4472
4,4,9,9,491,4472
3,1,9,9,491,4472
3,5,9,9,491,4472
2,0,9,9,491,4472
2,6,9,9,491,4472
1,7,9,9,491,4472
0,8,9,9,491,4472
7,3,9,9,491,4472
6,2,9,9,491,4472
6,4,9,9,491,4472
5,1,9,9,491,4472
5,5,9,9,491,4472
4,0,9,9,491,4472
4,6,9,9,491,4472
3,0,9,9,491,4472
3,7,9,9,491,4472
2,8,9,9,491,4472
1,9,9,9,491,4472
9,3,9,9,491,4472
8,2,9,9,491,4472
8,4,9,9,491,4472
7,1,9,9,491,4472
7,5,9,9,491,4472
6,0,9,9,491,4472
6,6,9,9,491,4472
5,0,9,9,491,4472
5,7,9,9,491,4472
4,1,9,9,491,4472
4,8,9,9,491,4472
3,9,9,9,491,4472
2,9,9,9,491,4472
8,3,9,9,491,4472
9,2,9,9,491,4472
9,4,9,9,491,4472
9,1,9,9,491,4472
9,5,9,9,491,4472
8,0,9,9,491,4472
8,6,9,9,491,4472
7,0,9,9,491,4472
7,7,9,9,491,4472
6,1,9,9,491,4472
6,8,9,9,491,4472
5,2,9,9,491,4472
5,9,9,9,491,4472
4,9,9,9,491,4472
3,8,9,9,491,4472
6,3,9,9,491,4472
7,2,9,9,491,4472
7,4,9,9,491,4472
8,1,9,9,491,4472
8,5,9,9,491,4472
9,0,9,9,491,4472
9,6,9,9,491,4472
9,7,9,9,491,4472
8,8,9,9,491,4472
7,9,9,9,491,4472
6,9,9,9,491,4472
5,4,9,9,491,4472
5,8,9,9,491,4472
4,5,9,9,491,4472
4,7,9,9,491,4472
6,5,9,9,491,4472
7,6,9,9,491,4472
8,7,9,9,491,4472
9,8,9,9,491,4472
9,9,9,9,491,4472
8,9,9,9,491,4472
7,8,9,9,491,4472
6,7,9,9,491,4472
5,6,9,9,491,4472
0,4,9,9,492,4163
1,4,9,9,492,4163
0,3,9,9,492,4163
0,5,9,9,492,4163
2,4,9,9,492,4163
1,3,9,9,492,4163
1,5,9,9,492,4163
0,2,9,9,492,4163
0,6,9,9,492,4163
3,4,9,9,492,4163
2,3,9,9,492,4163
2,5,9,9,492,4163
1,2,9,9,492,4163
1,6,9,9,492,4163
0,1,9,9,492,4163
0,7,9,9,492,4163
4,4,9,9,492,4163
3,3,9,9,492,4163
3,5,9,9,492,4163
2,2,9,9,492,4163
2,6,9,9,492,4163
1,1,9,9,492,4163
1,7,9,9,492,4163
0,0,9,9,492,4163
0,8,9,9,492,4163
6,4,9,9,492,4163
5,3,9,9,492,4163
5,5,9,9,492,4163
4,2,9,9,492,4163
4,6,9,9,492,4163
3,1,9,9,492,4163
3,7,9,9,492,4163
2,0,9,9,492,4163
2,8,9,9,492,4163
1,0,9,9,492,4163
1,9,9,9,492,4163
8,4,9,9,492,4163
7,3,9,9,492,4163
7,5,9,9,492,4163
6,2,9,9,492,4163
6,6,9,9,492,4163
5,1,9,9,492,4163
5,7,9,9,492,4163
4,0,9,9,492,4163
4,8,9,9,492,4163
3,0,9,9,492,4163
3,9,9,9,492,4163
2,1,9,9,492,4163
2,9,9,9,492,4163
9,4,9,9,492,4163
9,3,9,9,492,4163
9,5,9,9,492,4163
8,2,9,9,492,4163
8,6,9,9,492,4163
7,1,9,9,492,4163
7,7,9,9,492,4163
6,0,9,9,492,4163
6,8,9,9,492,4163
5,0,9,9,492,4163
5,9,9,9,492,4163
4,1,9,9,492,4163
4,9,9,9,492,4163
3,2,9,9,492,4163
3,8,9,9,492,4163
7,4,9,9,492,4163
8,3,9,9,492,4163
8,5,9,9,492,4163
9,2,9,9,492,4163
9,6,9,9,492,4163
9,1,9,9,492,4163
9,7,9,9,492,4163
8,0,9,9,492,4163
8,8,9,9,492,4163
7,0,9,9,492,4163
7,9,9,9,492,4163
6,1,9,9,492,4163
6,9,9,9,492,4163
5,2,9,9,492,4163
5,8,9,9,492,4163
4,3,9,9,492,4163
4,7,9,9,492,4163
5,4,9,9,492,4163
6,3,9,9,492,4163
6,5,9,9,492,4163
7,2,9,9,492,4163
7,6,9,9,492,4163
8,1,9,9,492,4163
8,7,9,9,492,4163
9,0,9,9,492,4163
9,8,9,9,492,4163
9,9,9,9,492,4163
8,9,9,9,492,4163
7,8,9,9,492,4163
6,7,9,9,492,4163
5,6,9,9,492,4163
4,5,9,9,492,4163
0,9,5,7,493,4432
1,9,5,7,493,4432
0,8,5,7,493,4432
2,9,5,7,493,4432
1,8,5,7,493,4432
0,7,5,7,493,4432
3,9,5,7,493,4432
2,8,5,7,493,4432
1,7,5,7,493,4432
0,6,5,7,493,4432
4,9,5,7,493,4432
3,8,5,7,493,4432
2,7,5,7,493,4432
1,6,5,7,493,4432
0,5,5,7,493,4432
5,9,5,7,493,4432
4,8,5,7,493,4432
3,7,5,7,493,4432
2,6,5,7,493,4432
1,5,5,7,493,4432
0,4,5,7,493,4432
6,9,5,7,493,4432
5,8,5,7,493,4432
4,7,5,7,493,4432
3,6,5,7,493,4432
2,5,5,7,493,4432
1,4,5,7,493,4432
0,3,5,7,493,4432
7,9,5,7,493,4432
6,8,5,7,493,4432
5,7,5,7,493,4432
4,6,5,7,493,4432
3,5,5,7,493,4432
2,4,5,7,493,4432
1,3,5,7,493,4432
0,2,5,7,493,4432
8,9,5,7,493,4432
7,8,5,7,493,4432
6,7,5,7,493,4432
5,6,5,7,493,4432
4,5,5,7,493,4432
3,4,5,7,493,4432
2,3,5,7,493,4432
1,2,5,7,493,4432
0,1,5,7,493,4432
9,9,5,7,493,4432
8,8,5,7,493,4432
7,7,5,7,493,4432
6,6,5,7,493,4432
5,5,5,7,493,4432
4,4,5,7,493,4432
3,3,5,7,493,4432
2,2,5,7,493,4432
1,1,5,7,493,4432
0,0,5,7,493,4432
9,8,5,7,493,4432
9,7,5,7,493,4432
8,6,5,7,493,4432
8,7,5,7,493,4432
7,5,5,7,493,4432
7,6,5,7,493,4432
6,4,5,7,493,4432
6,5,5,7,493,4432
5,3,5,7,493,4432
5,4,5,7,493,4432
4,2,5,7,493,4432
4,3,5,7,493,4432
3,1,5,7,493,4432
3,2,5,7,493,4432
2,0,5,7,493,4432
2,1,5,7,493,4432
1,0,5,7,493,4432
0,2,5,7,494,4091
2,2,5,7,494,4091
1,1,5,7,494,4091
1,3,5,7,494,4091
4,2,5,7,494,4091
3,1,5,7,494,4091
3,3,5,7,494,4091
2,0,5,7,494,4091
2,4,5,7,494,4091
6,2,5,7,494,4091
5,1,5,7,494,4091
5,3,5,7,494,4091
4,0,5,7,494,4091
4,4,5,7,494,4091
3,0,5,7,494,4091
3,5,5,7,494,4091
8,2,5,7,494,4091
7,1,5,7,494,4091
7,3,5,7,494,4091
6,0,5,7,494,4091
6,4,5,7,494,4091
5,0,5,7,494,4091
5,5,5,7,494,4091
4,1,5,7,494,4091
4,6,5,7,494,4091
9,2,5,7,494,4091
9,1,5,7,494,4091
9,3,5,7,494,4091
8,0,5,7,494,4091
8,4,5,7,494,4091
7,0,5,7,494,4091
7,5,5,7,494,4091
6,1,5,7,494,4091
6,6,5,7,494,4091
5,2,5,7,494,4091
5,7,5,7,494,4091
7,2,5,7,494,4091
8,1,5,7,494,4091
8,3,5,7,494,4091
9,0,5,7,494,4091
9,4,5,7,494,4091
9,5,5,7,494,4091
8,6,5,7,494,4091
7,7,5,7,494,4091
6,3,5,7,494,4091
6,8,5,7,494,4091
7,4,5,7,494,4091
8,5,5,7,494,4091
9,6,5,7,494,4091
9,7,5,7,494,4091
8,8,5,7,494,4091
7,9,5,7,494,4091
3,2,5,7,494,4091
4,3,5,7,494,4091
5,4,5,7,494,4091
6,5,5,7,494,4091
7,6,5,7,494,4091
8,7,5,7,494,4091
9,8,5,7,494,4091
9,9,5,7,494,4091
8,9,5,7,494,4091
1,2,5,7,494,4091
2,1,5,7,494,4091
2,3,5,7,494,4091
3,4,5,7,494,4091
4,5,5,7,494,4091
5,6,5,7,494,4091
6,7,5,7,494,4091
7,8,5,7,494,4091
1,3,5,7,495,3751
3,3,5,7,495,3751
2,2,5,7,495,3751
2,4,5,7,495,3751
5,3,5,7,495,3751
4,2,5,7,495,3751
4,4,5,7,495,3751
3,1,5,7,495,3751
3,5,5,7,495,3751
7,3,5,7,495,3751
6,2,5,7,495,3751
6,4,5,7,495,3751
5,1,5,7,495,3751
5,5,5,7,495,3751
4,0,5,7,495,3751
4,6,5,7,495,3751
9,3,5,7,495,3751
8,2,5,7,495,3751
8,4,5,7,495,3751
7,1,5,7,495,3751
7,5,5,7,495,3751
6,0,5,7,495,3751
6,6,5,7,495,3751
5,0,5,7,495,3751
5,7,5,7,495,3751
8,3,5,7,495,3751
9,2,5,7,495,3751
9,4,5,7,495,3751
9,1,5,7,495,3751
9,5,5,7,495,3751
8,0,5,7,495,3751
8,6,5,7,495,3751
7,0,5,7,495,3751
7,7,5,7,495,3751
6,1,5,7,495,3751
6,8,5,7,495,3751
6,3,5,7,495,3751
7,2,5,7,495,3751
7,4,5,7,495,3751
8,1,5,7,495,3751
8,5,5,7,495,3751
9,0,5,7,495,3751
9,6,5,7,495,3751
9,7,5,7,495,3751
8,8,5,7,495,3751
7,9,5,7,495,3751
4,3,5,7,495,3751
5,2,5,7,495,3751
5,4,5,7,495,3751
6,5,5,7,495,3751
7,6,5,7,495,3751
8,7,5,7,495,3751
9,8,5,7,495,3751
9,9,5,7,495,3751
8,9,5,7,495,3751
2,3,5,7,495,3751
3,2,5,7,495,3751
3,4,5,7,495,3751
4,1,5,7,495,3751
4,5,5,7,495,3751
5,6,5,7,495,3751
6,7,5,7,495,3751
7,8,5,7,495,3751
0,3,7,7,496,4086
1,3,7,7,496,4086
0,2,7,7,496,4086
0,4,7,7,496,4086
3,3,7,7,496,4086
2,2,7,7,496,4086
2,4,7,7,496,4086
1,1,7,7,496,4086
1,5,7,7,496,4086
5,3,7,7,496,4086
4,2,7,7,496,4086
4,4,7,7,496,4086
3,1,7,7,496,4086
3,5,7,7,496,4086
2,0,7,7,496,4086
2,6,7,7,496,4086
7,3,7,7,496,4086
6,2,7,7,496,4086
6,4,7,7,496,4086
5,1,7,7,496,4086
5,5,7,7,496,4086
4,0,7,7,496,4086
4,6,7,7,496,4086
3,0,7,7,496,4086
3,7,7,7,496,4086
9,3,7,7,496,4086
8,2,7,7,496,4086
8,4,7,7,496,4086
7,1,7,7,496,4086
7,5,7,7,496,4086
6,0,7,7,496,4086
6,6,7,7,496,4086
5,0,7,7,496,4086
5,7,7,7,496,4086
4,1,7,7,496,4086
4,8,7,7,496,4086
8,3,7,7,496,4086
9,2,7,7,496,4086
9,4,7,7,496,4086
9,1,7,7,496,4086
9,5,7,7,496,4086
8,0,7,7,496,4086
8,6,7,7,496,4086
7,0,7,7,496,4086
7,7,7,7,496,4086
6,1,7,7,496,4086
6,8,7,7,496,4086
5,2,7,7,496,4086
5,9,7,7,496,4086
6,3,7,7,496,4086
7,2,7,7,496,4086
7,4,7,7,496,4086
8,1,7,7,496,4086
8,5,7,7,496,4086
9,0,7,7,496,4086
9,6,7,7,496,4086
9,7,7,7,496,4086
8,8,7,7,496,4086
7,9,7,7,496,4086
6,9,7,7,496,4086
4,3,7,7,496,4086
5,4,7,7,496,4086
6,5,7,7,496,4086
7,6,7,7,496,4086
8,7,7,7,496,4086
9,8,7,7,496,4086
9,9,7,7,496,4086
8,9,7,7,496,4086
7,8,7,7,496,4086
2,3,7,7,496,4086
3,2,7,7,496,4086
3,4,7,7,496,4086
4,5,7,7,496,4086
5,6,7,7,496,4086
6,7,7,7,496,4086
0,4,5,7,497,3745
2,4,5,7,497,3745
1,3,5,7,497,3745
1,5,5,7,497,3745
4,4,5,7,497,3745
3,3,5,7,497,3745
3,5,5,7,497,3745
2,2,5,7,497,3745
2,6,5,7,497,3745
6,4,5,7,497,3745
5,3,5,7,497,3745
5,5,5,7,497,3745
4,2,5,7,497,3745
4,6,5,7,497,3745
3,1,5,7,497,3745
3,7,5,7,497,3745
8,4,5,7,497,3745
7,3,5,7,497,3745
7,5,5,7,497,3745
6,2,5,7,497,3745
6,6,5,7,497,3745
5,1,5,7,497,3745
5,7,5,7,497,3745
4,0,5,7,497,3745
4,8,5,7,497,3745
9,4,5,7,497,3745
9,3,5,7,497,3745
9,5,5,7,497,3745
8,2,5,7,497,3745
8,6,5,7,497,3745
7,1,5,7,497,3745
7,7,5,7,497,3745
6,0,5,7,497,3745
6,8,5,7,497,3745
5,0,5,7,497,3745
5,9,5,7,497,3745
7,4,5,7,497,3745
8,3,5,7,497,3745
8,5,5,7,497,3745
9,2,5,7,497,3745
9,6,5,7,497,3745
9,1,5,7,497,3745
9,7,5,7,497,3745
8,0,5,7,497,3745
8,8,5,7,497,3745
7,0,5,7,497,3745
7,9,5,7,497,3745
6,1,5,7,497,3745
6,9,5,7,497,3745
5,4,5,7,497,3745
6,3,5,7,497,3745
6,5,5,7,497,3745
7,2,5,7,497,3745
7,6,5,7,497,3745
8,1,5,7,497,3745
8,7,5,7,497,3745
9,0,5,7,497,3745
9,8,5,7,497,3745
9,9,5,7,497,3745
8,9,5,7,497,3745
7,8,5,7,497,3745
3,4,5,7,497,3745
4,3,5,7,497,3745
4,5,5,7,497,3745
5,2,5,7,497,3745
5,6,5,7,497,3745
6,7,5,7,497,3745
0,5,8,8,498,3744
1,5,8,8,498,3744
0,4,8,8,498,3744
0,6,8,8,498,3744
3,5,8,8,498,3744
2,4,8,8,498,3744
2,6,8,8,498,3744
1,3,8,8,498,3744
1,7,8,8,498,3744
5,5,8,8,498,3744
4,4,8,8,498,3744
4,6,8,8,498,3744
3,3,8,8,498,3744
3,7,8,8,498,3744
2,2,8,8,498,3744
2,8,8,8,498,3744
7,5,8,8,498,3744
6,4,8,8,498,3744
6,6,8,8,498,3744
5,3,8,8,498,3744
5,7,8,8,498,3744
4,2,8,8,498,3744
4,8,8,8,498,3744
3,1,8,8,498,3744
3,9,8,8,498,3744
9,5,8,8,498,3744
8,4,8,8,498,3744
8,6,8,8,498,3744
7,3,8,8,498,3744
7,7,8,8,498,3744
6,2,8,8,498,3744
6,8,8,8,498,3744
5,1,8,8,498,3744
5,9,8,8,498,3744
4,0,8,8,498,3744
4,9,8,8,498,3744
8,5,8,8,498,3744
9,4,8,8,498,3744
9,6,8,8,498,3744
9,3,8,8,498,3744
9,7,8,8,498,3744
8,2,8,8,498,3744
8,8,8,8,498,3744
7,1,8,8,498,3744
7,9,8,8,498,3744
6,0,8,8,498,3744
6,9,8,8,498,3744
5,0,8,8,498,3744
5,8,8,8,498,3744
6,5,8,8,498,3744
7,4,8,8,498,3744
7,6,8,8,498,3744
8,3,8,8,498,3744
8,7,8,8,498,3744
9,2,8,8,498,3744
9,8,8,8,498,3744
9,1,8,8,498,3744
9,9,8,8,498,3744
8,0,8,8,498,3744
8,9,8,8,498,3744
7,0,8,8,498,3744
7,8,8,8,498,3744
6,1,8,8,498,3744
6,7,8,8,498,3744
4,5,8,8,498,3744
5,4,8,8,498,3744
5,6,8,8,498,3744
6,3,8,8,498,3744
7,2,8,8,498,3744
8,1,8,8,498,3744
9,0,8,8,498,3744
0,5,9,9,499,3831
1,5,9,9,499,3831
0,4,9,9,499,3831
0,6,9,9,499,3831
2,5,9,9,499,3831
1,4,9,9,499,3831
1,6,9,9,499,3831
0,3,9,9,499,3831
0,7,9,9,499,3831
3,5,9,9,499,3831
2,4,9,9,499,3831
2,6,9,9,499,3831
1,3,9,9,499,3831
1,7,9,9,499,3831
0,2,9,9,499,3831
0,8,9,9,499,3831
5,5,9,9,499,3831
4,4,9,9,499,3831
4,6,9,9,499,3831
3,3,9,9,499,3831
3,7,9,9,499,3831
2,2,9,9,499,3831
2,8,9,9,499,3831
1,1,9,9,499,3831
1,9,9,9,499,3831
7,5,9,9,499,3831
6,4,9,9,499,3831
6,6,9,9,499,3831
5,3,9,9,499,3831
5,7,9,9,499,3831
4,2,9,9,499,3831
4,8,9,9,499,3831
3,1,9,9,499,3831
3,9,9,9,499,3831
2,0,9,9,499,3831
2,9,9,9,499,3831
9,5,9,9,499,3831
8,4,9,9,499,3831
8,6,9,9,499,3831
7,3,9,9,499,3831
7,7,9,9,499,3831
6,2,9,9,499,3831
6,8,9,9,499,3831
5,1,9,9,499,3831
5,9,9,9,499,3831
4,0,9,9,499,3831
4,9,9,9,499,3831
3,0,9,9,499,3831
3,8,9,9,499,3831
8,5,9,9,499,3831
9,4,9,9,499,3831
9,6,9,9,499,3831
9,3,9,9,499,3831
9,7,9,9,499,3831
8,2,9,9,499,3831
8,8,9,9,499,3831
7,1,9,9,499,3831
7,9,9,9,499,3831
6,0,9,9,499,3831
6,9,9,9,499,3831
5,0,9,9,499,3831
5,8,9,9,499,3831
4,1,9,9,499,3831
4,7,9,9,499,3831
6,5,9,9,499,3831
7,4,9,9,499,3831
7,6,9,9,499,3831
8,3,9,9,499,3831
8,7,9,9,499,3831
9,2,9,9,499,3831
9,8,9,9,499,3831
9,1,9,9,499,3831
9,9,9,9,499,3831
8,0,9,9,499,3831
8,9,9,9,499,3831
7,0,9,9,499,3831
7,8,9,9,499,3831
6,1,9,9,499,3831
6,7,9,9,499,3831
5,2,9,9,499,3831
5,6,9,9,499,3831
4,5,9,9,499,3831
5,4,9,9,499,3831
6,3,9,9,499,3831
7,2,9,9,499,3831
8,1,9,9,499,3831
9,0,9,9,499,3831
0,8,9,9,500,3478
1,8,9,9,500,3478
0,7,9,9,500,3478
0,9,9,9,500,3478
2,8,9,9,500,3478
1,7,9,9,500,3478
1,9,9,9,500,3478
0,6,9,9,500,3478
3,8,9,9,500,3478
2,7,9,9,500,3478
2,9,9,9,500,3478
1,6,9,9,500,3478
0,5,9,9,500,3478
4,8,9,9,500,3478
3,7,9,9,500,3478
3,9,9,9,500,3478
2,6,9,9,500,3478
1,5,9,9,500,3478
0,4,9,9,500,3478
6,8,9,9,500,3478
5,7,9,9,500,3478
5,9,9,9,500,3478
4,6,9,9,500,3478
4,9,9,9,500,3478
3,5,9,9,500,3478
2,4,9,9,500,3478
1,3,9,9,500,3478
8,8,9,9,500,3478
7,7,9,9,500,3478
7,9,9,9,500,3478
6,6,9,9,500,3478
6,9,9,9,500,3478
5,5,9,9,500,3478
5,8,9,9,500,3478
4,4,9,9,500,3478
4,7,9,9,500,3478
3,3,9,9,500,3478
3,6,9,9,500,3478
2,2,9,9,500,3478
2,5,9,9,500,3478
9,8,9,9,500,3478
9,7,9,9,500,3478
9,9,9,9,500,3478
8,6,9,9,500,3478
8,9,9,9,500,3478
7,5,9,9,500,3478
7,8,9,9,500,3478
6,4,9,9,500,3478
6,7,9,9,500,3478
5,3,9,9,500,3478
5,6,9,9,500,3478
4,2,9,9,500,3478
4,5,9,9,500,3478
3,1,9,9,500,3478
3,4,9,9,500,3478
8,7,9,9,500,3478
9,6,9,9,500,3478
9,5,9,9,500,3478
8,4,9,9,500,3478
7,3,9,9,500,3478
7,6,9,9,500,3478
6,2,9,9,500,3478
6,5,9,9,500,3478
5,1,9,9,500,3478
5,4,9,9,500,3478
4,0,9,9,500,3478
4,3,9,9,500,3478
0,8,9,9,501,3831
1,8,9,9,501,3831
0,7,9,9,501,3831
0,9,9,9,501,3831
2,8,9,9,501,3831
1,7,9,9,501,3831
1,9,9,9,501,3831
0,6,9,9,501,3831
3,8,9,9,501,3831
2,7,9,9,501,3831
2,9,9,9,501,3831
1,6,9,9,501,3831
0,5,9,9,501,3831
4,8,9,9,501,3831
3,7,9,9,501,3831
3,9,9,9,501,3831
2,6,9,9,501,3831
1,5,9,9,501,3831
0,4,9,9,501,3831
5,8,9,9,501,3831
4,7,9,9,501,3831
4,9,9,9,501,3831
3,6,9,9,501,3831
2,5,9,9,501,3831
1,4,9,9,501,3831
0,3,9,9,501,3831
6,8,9,9,501,3831
5,7,9,9,501,3831
5,9,9,9,501,3831
4,6,9,9,501,3831
3,5,9,9,501,3831
2,4,9,9,501,3831
1,3,9,9,501,3831
0,2,9,9,501,3831
8,8,9,9,501,3831
7,7,9,9,501,3831
7,9,9,9,501,3831
6,6,9,9,501,3831
6,9,9,9,501,3831
5,5,9,9,501,3831
4,4,9,9,501,3831
3,3,9,9,501,3831
2,2,9,9,501,3831
1,1,9,9,501,3831
9,8,9,9,501,3831
9,7,9,9,501,3831
9,9,9,9,501,3831
8,6,9,9,501,3831
8,9,9,9,501,3831
7,5,9,9,501,3831
7,8,9,9,501,3831
6,4,9,9,501,3831
6,7,9,9,501,3831
5,3,9,9,501,3831
5,6,9,9,501,3831
4,2,9,9,501,3831
4,5,9,9,501,3831
3,1,9,9,501,3831
3,4,9,9,501,3831
2,0,9,9,501,3831
2,3,9,9,501,3831
8,7,9,9,501,3831
9,6,9,9,501,3831
9,5,9,9,501,3831
8,4,9,9,501,3831
7,3,9,9,501,3831
7,6,9,9,501,3831
6,2,9,9,501,3831
6,5,9,9,501,3831
5,1,9,9,501,3831
5,4,9,9,501,3831
4,0,9,9,501,3831
4,3,9,9,501,3831
3,0,9,9,501,3831
3,2,9,9,501,3831
0,9,8,8,502,3745
1,9,8,8,502,3745
0,8,8,8,502,3745
2,9,8,8,502,3745
1,8,8,8,502,3745
0,7,8,8,502,3745
3,9,8,8,502,3745
2,8,8,8,502,3745
1,7,8,8,502,3745
0,6,8,8,502,3745
4,9,8,8,502,3745
3,8,8,8,502,3745
2,7,8,8,502,3745
1,6,8,8,502,3745
0,5,8,8,502,3745
5,9,8,8,502,3745
4,8,8,8,502,3745
3,7,8,8,502,3745
2,6,8,8,502,3745
1,5,8,8,502,3745
0,4,8,8,502,3745
7,9,8,8,502,3745
6,8,8,8,502,3745
6,9,8,8,502,3745
5,7,8,8,502,3745
5,8,8,8,502,3745
4,6,8,8,502,3745
4,7,8,8,502,3745
3,5,8,8,502,3745
3,6,8,8,502,3745
2,4,8,8,502,3745
2,5,8,8,502,3745
1,3,8,8,502,3745
1,4,8,8,502,3745
9,9,8,8,502,3745
8,8,8,8,502,3745
8,9,8,8,502,3745
7,7,8,8,502,3745
7,8,8,8,502,3745
6,6,8,8,502,3745
6,7,8,8,502,3745
5,5,8,8,502,3745
5,6,8,8,502,3745
4,4,8,8,502,3745
4,5,8,8,502,3745
3,3,8,8,502,3745
3,4,8,8,502,3745
2,2,8,8,502,3745
2,3,8,8,502,3745
9,8,8,8,502,3745
9,7,8,8,502,3745
8,6,8,8,502,3745
8,7,8,8,502,3745
7,5,8,8,502,3745
7,6,8,8,502,3745
6,4,8,8,502,3745
6,5,8,8,502,3745
5,3,8,8,502,3745
5,4,8,8,502,3745
4,2,8,8,502,3745
4,3,8,8,502,3745
3,1,8,8,502,3745
3,2,8,8,502,3745
1,5,7,7,503,3378
3,5,7,7,503,3378
2,4,7,7,503,3378
2,6,7,7,503,3378
5,5,7,7,503,3378
4,4,7,7,503,3378
4,6,7,7,503,3378
3,3,7,7,503,3378
3,7,7,7,503,3378
7,5,7,7,503,3378
6,4,7,7,503,3378
6,6,7,7,503,3378
5,3,7,7,503,3378
5,7,7,7,503,3378
4,2,7,7,503,3378
4,8,7,7,503,3378
9,5,7,7,503,3378
8,4,7,7,503,3378
8,6,7,7,503,3378
7,3,7,7,503,3378
7,7,7,7,503,3378
6,2,7,7,503,3378
6,8,7,7,503,3378
5,1,7,7,503,3378
5,9,7,7,503,3378
8,5,7,7,503,3378
9,4,7,7,503,3378
9,6,7,7,503,3378
9,3,7,7,503,3378
9,7,7,7,503,3378
8,2,7,7,503,3378
8,8,7,7,503,3378
7,1,7,7,503,3378
7,9,7,7,503,3378
6,0,7,7,503,3378
6,9,7,7,503,3378
6,5,7,7,503,3378
7,4,7,7,503,3378
7,6,7,7,503,3378
8,3,7,7,503,3378
8,7,7,7,503,3378
9,2,7,7,503,3378
9,8,7,7,503,3378
9,1,7,7,503,3378
9,9,7,7,503,3378
8,0,7,7,503,3378
8,9,7,7,503,3378
7,0,7,7,503,3378
7,8,7,7,503,3378
4,5,7,7,503,3378
5,4,7,7,503,3378
5,6,7,7,503,3378
6,3,7,7,503,3378
6,7,7,7,503,3378
7,2,7,7,503,3378
8,1,7,7,503,3378
9,0,7,7,503,3378
0,8,9,9,504,3101
1,8,9,9,504,3101
0,7,9,9,504,3101
0,9,9,9,504,3101
2,8,9,9,504,3101
1,7,9,9,504,3101
1,9,9,9,504,3101
0,6,9,9,504,3101
4,8,9,9,504,3101
3,7,9,9,504,3101
3,9,9,9,504,3101
2,6,9,9,504,3101
2,9,9,9,504,3101
1,5,9,9,504,3101
6,8,9,9,504,3101
5,7,9,9,504,3101
5,9,9,9,504,3101
4,6,9,9,504,3101
4,9,9,9,504,3101
3,5,9,9,504,3101
3,8,9,9,504,3101
2,4,9,9,504,3101
2,7,9,9,504,3101
8,8,9,9,504,3101
7,7,9,9,504,3101
7,9,9,9,504,3101
6,6,9,9,504,3101
6,9,9,9,504,3101
5,5,9,9,504,3101
5,8,9,9,504,3101
4,4,9,9,504,3101
4,7,9,9,504,3101
3,3,9,9,504,3101
3,6,9,9,504,3101
9,8,9,9,504,3101
9,7,9,9,504,3101
9,9,9,9,504,3101
8,6,9,9,504,3101
8,9,9,9,504,3101
7,5,9,9,504,3101
7,8,9,9,504,3101
6,4,9,9,504,3101
6,7,9,9,504,3101
5,3,9,9,504,3101
5,6,9,9,504,3101
4,2,9,9,504,3101
4,5,9,9,504,3101
8,7,9,9,504,3101
9,6,9,9,504,3101
9,5,9,9,504,3101
8,4,9,9,504,3101
7,3,9,9,504,3101
7,6,9,9,504,3101
6,2,9,9,504,3101
6,5,9,9,504,3101
5,1,9,9,504,3101
5,4,9,9,504,3101
0,9,8,8,505,3382
1,9,8,8,505,3382
0,8,8,8,505,3382
2,9,8,8,505,3382
1,8,8,8,505,3382
0,7,8,8,505,3382
3,9,8,8,505,3382
2,8,8,8,505,3382
1,7,8,8,505,3382
0,6,8,8,505,3382
5,9,8,8,505,3382
4,8,8,8,505,3382
4,9,8,8,505,3382
3,7,8,8,505,3382
3,8,8,8,505,3382
2,6,8,8,505,3382
2,7,8,8,505,3382
1,5,8,8,505,3382
1,6,8,8,505,3382
7,9,8,8,505,3382
6,8,8,8,505,3382
6,9,8,8,505,3382
5,7,8,8,505,3382
5,8,8,8,505,3382
4,6,8,8,505,3382
4,7,8,8,505,3382
3,5,8,8,505,3382
3,6,8,8,505,3382
2,4,8,8,505,3382
2,5,8,8,505,3382
9,9,8,8,505,3382
8,8,8,8,505,3382
8,9,8,8,505,3382
7,7,8,8,505,3382
7,8,8,8,505,3382
6,6,8,8,505,3382
6,7,8,8,505,3382
5,5,8,8,505,3382
5,6,8,8,505,3382
4,4,8,8,505,3382
4,5,8,8,505,3382
3,3,8,8,505,3382
3,4,8,8,505,3382
9,8,8,8,505,3382
9,7,8,8,505,3382
8,6,8,8,505,3382
8,7,8,8,505,3382
7,5,8,8,505,3382
7,6,8,8,505,3382
6,4,8,8,505,3382
6,5,8,8,505,3382
5,3,8,8,505,3382
5,4,8,8,505,3382
4,2,8,8,505,3382
4,3,8,8,505,3382
3,5,5,7,506,2995
5,5,5,7,506,2995
4,4,5,7,506,2995
4,6,5,7,506,2995
7,5,5,7,506,2995
6,4,5,7,506,2995
6,6,5,7,506,2995
5,3,5,7,506,2995
5,7,5,7,506,2995
9,5,5,7,506,2995
8,4,5,7,506,2995
8,6,5,7,506,2995
7,3,5,7,506,2995
7,7,5,7,506,2995
6,2,5,7,506,2995
6,8,5,7,506,2995
8,5,5,7,506,2995
9,4,5,7,506,2995
9,6,5,7,506,2995
9,3,5,7,506,2995
9,7,5,7,506,2995
8,2,5,7,506,2995
8,8,5,7,506,2995
7,1,5,7,506,2995
7,9,5,7,506,2995
6,5,5,7,506,2995
7,4,5,7,506,2995
7,6,5,7,506,2995
8,3,5,7,506,2995
8,7,5,7,506,2995
9,2,5,7,506,2995
9,8,5,7,506,2995
9,1,5,7,506,2995
9,9,5,7,506,2995
8,0,5,7,506,2995
8,9,5,7,506,2995
4,5,5,7,506,2995
5,4,5,7,506,2995
5,6,5,7,506,2995
6,3,5,7,506,2995
6,7,5,7,506,2995
7,2,5,7,506,2995
7,8,5,7,506,2995
8,1,5,7,506,2995
9,0,5,7,506,2995
5,7,9,9,507,1799
7,7,9,9,507,1799
6,6,9,9,507,1799
6,8,9,9,507,1799
9,7,9,9,507,1799
8,6,9,9,507,1799
8,8,9,9,507,1799
7,5,9,9,507,1799
7,9,9,9,507,1799
8,7,9,9,507,1799
9,6,9,9,507,1799
9,8,9,9,507,1799
9,5,9,9,507,1799
9,9,9,9,507,1799
8,4,9,9,507,1799
8,9,9,9,507,1799
6,7,9,9,507,1799
7,6,9,9,507,1799
7,8,9,9,507,1799
8,5,9,9,507,1799
9,4,9,9,507,1799
9,3,9,9,507,1799
0,2,8,7,508,4700
1,2,8,7,508,4700
0,1,8,7,508,4700
0,3,8,7,508,4700
2,2,8,7,508,4700
1,1,8,7,508,4700
1,3,8,7,508,4700
0,0,8,7,508,4700
0,4,8,7,508,4700
3,2,8,7,508,4700
2,1,8,7,508,4700
2,3,8,7,508,4700
1,0,8,7,508,4700
1,4,8,7,508,4700
0,5,8,7,508,4700
5,2,8,7,508,4700
4,1,8,7,508,4700
4,3,8,7,508,4700
3,0,8,7,508,4700
3,4,8,7,508,4700
2,0,8,7,508,4700
2,5,8,7,508,4700
1,6,8,7,508,4700
7,2,8,7,508,4700
6,1,8,7,508,4700
6,3,8,7,508,4700
5,0,8,7,508,4700
5,4,8,7,508,4700
4,0,8,7,508,4700
4,5,8,7,508,4700
3,1,8,7,508,4700
3,6,8,7,508,4700
2,7,8,7,508,4700
9,2,8,7,508,4700
8,1,8,7,508,4700
8,3,8,7,508,4700
7,0,8,7,508,4700
7,4,8,7,508,4700
6,0,8,7,508,4700
6,5,8,7,508,4700
5,1,8,7,508,4700
5,6,8,7,508,4700
4,2,8,7,508,4700
4,7,8,7,508,4700
3,3,8,7,508,4700
3,8,8,7,508,4700
8,2,8,7,508,4700
9,1,8,7,508,4700
9,3,8,7,508,4700
9,0,8,7,508,4700
9,4,8,7,508,4700
8,0,8,7,508,4700
8,5,8,7,508,4700
7,1,8,7,508,4700
7,6,8,7,508,4700
6,2,8,7,508,4700
6,7,8,7,508,4700
5,3,8,7,508,4700
5,8,8,7,508,4700
4,4,8,7,508,4700
4,9,8,7,508,4700
7,3,8,7,508,4700
8,4,8,7,508,4700
9,5,8,7,508,4700
9,6,8,7,508,4700
8,7,8,7,508,4700
7,8,8,7,508,4700
6,4,8,7,508,4700
6,9,8,7,508,4700
5,5,8,7,508,4700
5,9,8,7,508,4700
7,5,8,7,508,4700
8,6,8,7,508,4700
9,7,8,7,508,4700
9,8,8,7,508,4700
8,9,8,7,508,4700
7,9,8,7,508,4700
6,6,8,7,508,4700
6,8,8,7,508,4700
7,7,8,7,508,4700
8,8,8,7,508,4700
9,9,8,7,508,4700
2,4,8,7,508,4700
3,5,8,7,508,4700
4,6,8,7,508,4700
5,7,8,7,508,4700
0,3,8,9,509,4689
1,3,8,9,509,4689
0,2,8,9,509,4689
0,4,8,9,509,4689
2,3,8,9,509,4689
1,2,8,9,509,4689
1,4,8,9,509,4689
0,1,8,9,509,4689
0,5,8,9,509,4689
3,3,8,9,509,4689
2,2,8,9,509,4689
2,4,8,9,509,4689
1,1,8,9,509,4689
1,5,8,9,509,4689
0,0,8,9,509,4689
0,6,8,9,509,4689
4,3,8,9,509,4689
3,2,8,9,509,4689
3,4,8,9,509,4689
2,1,8,9,509,4689
2,5,8,9,509,4689
1,0,8,9,509,4689
1,6,8,9,509,4689
0,7,8,9,509,4689
6,3,8,9,509,4689
5,2,8,9,509,4689
5,4,8,9,509,4689
4,1,8,9,509,4689
4,5,8,9,509,4689
3,0,8,9,509,4689
3,6,8,9,509,4689
2,0,8,9,509,4689
2,7,8,9,509,4689
1,8,8,9,509,4689
8,3,8,9,509,4689
7,2,8,9,509,4689
7,4,8,9,509,4689
6,1,8,9,509,4689
6,5,8,9,509,4689
5,0,8,9,509,4689
5,6,8,9,509,4689
4,0,8,9,509,4689
4,7,8,9,509,4689
3,1,8,9,509,4689
3,8,8,9,509,4689
2,9,8,9,509,4689
9,3,8,9,509,4689
9,2,8,9,509,4689
9,4,8,9,509,4689
8,1,8,9,509,4689
8,5,8,9,509,4689
7,0,8,9,509,4689
7,6,8,9,509,4689
6,0,8,9,509,4689
6,7,8,9,509,4689
5,1,8,9,509,4689
5,8,8,9,509,4689
4,2,8,9,509,4689
4,9,8,9,509,4689
3,9,8,9,509,4689
7,3,8,9,509,4689
8,2,8,9,509,4689
8,4,8,9,509,4689
9,1,8,9,509,4689
9,5,8,9,509,4689
9,0,8,9,509,4689
9,6,8,9,509,4689
8,0,8,9,509,4689
8,7,8,9,509,4689
7,1,8,9,509,4689
7,8,8,9,509,4689
6,2,8,9,509,4689
6,9,8,9,509,4689
5,3,8,9,509,4689
5,9,8,9,509,4689
4,4,8,9,509,4689
4,8,8,9,509,4689
6,4,8,9,509,4689
7,5,8,9,509,4689
8,6,8,9,509,4689
9,7,8,9,509,4689
9,8,8,9,509,4689
8,9,8,9,509,4689
7,9,8,9,509,4689
6,8,8,9,509,4689
5,5,8,9,509,4689
5,7,8,9,509,4689
6,6,8,9,509,4689
7,7,8,9,509,4689
8,8,8,9,509,4689
9,9,8,9,509,4689
3,5,8,9,509,4689
4,6,8,9,509,4689
0,2,6,7,510,4410
1,2,6,7,510,4410
0,1,6,7,510,4410
0,3,6,7,510,4410
3,2,6,7,510,4410
2,1,6,7,510,4410
2,3,6,7,510,4410
1,0,6,7,510,4410
1,4,6,7,510,4410
5,2,6,7,510,4410
4,1,6,7,510,4410
4,3,6,7,510,4410
3,0,6,7,510,4410
3,4,6,7,510,4410
2,0,6,7,510,4410
2,5,6,7,510,4410
7,2,6,7,510,4410
6,1,6,7,510,4410
6,3,6,7,510,4410
5,0,6,7,510,4410
5,4,6,7,510,4410
4,0,6,7,510,4410
4,5,6,7,510,4410
3,1,6,7,510,4410
3,6,6,7,510,4410
9,2,6,7,510,4410
8,1,6,7,510,4410
8,3,6,7,510,4410
7,0,6,7,510,4410
7,4,6,7,510,4410
6,0,6,7,510,4410
6,5,6,7,510,4410
5,1,6,7,510,4410
5,6,6,7,510,4410
4,2,6,7,510,4410
4,7,6,7,510,4410
8,2,6,7,510,4410
9,1,6,7,510,4410
9,3,6,7,510,4410
9,0,6,7,510,4410
9,4,6,7,510,4410
8,0,6,7,510,4410
8,5,6,7,510,4410
7,1,6,7,510,4410
7,6,6,7,510,4410
6,2,6,7,510,4410
6,7,6,7,510,4410
5,3,6,7,510,4410
5,8,6,7,510,4410
7,3,6,7,510,4410
8,4,6,7,510,4410
9,5,6,7,510,4410
9,6,6,7,510,4410
8,7,6,7,510,4410
7,8,6,7,510,4410
6,4,6,7,510,4410
6,9,6,7,510,4410
7,5,6,7,510,4410
8,6,6,7,510,4410
9,7,6,7,510,4410
9,8,6,7,510,4410
8,9,6,7,510,4410
7,9,6,7,510,4410
2,2,6,7,510,4410
3,3,6,7,510,4410
4,4,6,7,510,4410
5,5,6,7,510,4410
6,6,6,7,510,4410
7,7,6,7,510,4410
8,8,6,7,510,4410
9,9,6,7,510,4410
1,1,6,7,510,4410
1,3,6,7,510,4410
2,4,6,7,510,4410
3,5,6,7,510,4410
4,6,6,7,510,4410
5,7,6,7,510,4410
6,8,6,7,510,4410
0,3,6,7,511,4092
2,3,6,7,511,4092
1,2,6,7,511,4092
1,4,6,7,511,4092
4,3,6,7,511,4092
3,2,6,7,511,4092
3,4,6,7,511,4092
2,1,6,7,511,4092
2,5,6,7,511,4092
6,3,6,7,511,4092
5,2,6,7,511,4092
5,4,6,7,511,4092
4,1,6,7,511,4092
4,5,6,7,511,4092
3,0,6,7,511,4092
3,6,6,7,511,4092
8,3,6,7,511,4092
7,2,6,7,511,4092
7,4,6,7,511,4092
6,1,6,7,511,4092
6,5,6,7,511,4092
5,0,6,7,511,4092
5,6,6,7,511,4092
4,0,6,7,511,4092
4,7,6,7,511,4092
9,3,6,7,511,4092
9,2,6,7,511,4092
9,4,6,7,511,4092
8,1,6,7,511,4092
8,5,6,7,511,4092
7,0,6,7,511,4092
7,6,6,7,511,4092
6,0,6,7,511,4092
6,7,6,7,511,4092
5,1,6,7,511,4092
5,8,6,7,511,4092
7,3,6,7,511,4092
8,2,6,7,511,4092
8,4,6,7,511,4092
9,1,6,7,511,4092
9,5,6,7,511,4092
9,0,6,7,511,4092
9,6,6,7,511,4092
8,0,6,7,511,4092
8,7,6,7,511,4092
7,1,6,7,511,4092
7,8,6,7,511,4092
6,2,6,7,511,4092
6,9,6,7,511,4092
5,3,6,7,511,4092
6,4,6,7,511,4092
7,5,6,7,511,4092
8,6,6,7,511,4092
9,7,6,7,511,4092
9,8,6,7,511,4092
8,9,6,7,511,4092
7,9,6,7,511,4092
3,3,6,7,511,4092
4,2,6,7,511,4092
4,4,6,7,511,4092
5,5,6,7,511,4092
6,6,6,7,511,4092
7,7,6,7,511,4092
8,8,6,7,511,4092
9,9,6,7,511,4092
1,3,6,7,511,4092
2,2,6,7,511,4092
2,4,6,7,511,4092
3,1,6,7,511,4092
3,5,6,7,511,4092
4,6,6,7,511,4092
5,7,6,7,511,4092
6,8,6,7,511,4092
0,3,8,7,512,4401
1,3,8,7,512,4401
0,2,8,7,512,4401
0,4,8,7,512,4401
2,3,8,7,512,4401
1,2,8,7,512,4401
1,4,8,7,512,4401
0,1,8,7,512,4401
0,5,8,7,512,4401
4,3,8,7,512,4401
3,2,8,7,512,4401
3,4,8,7,512,4401
2,1,8,7,512,4401
2,5,8,7,512,4401
1,0,8,7,512,4401
1,6,8,7,512,4401
6,3,8,7,512,4401
5,2,8,7,512,4401
5,4,8,7,512,4401
4,1,8,7,512,4401
4,5,8,7,512,4401
3,0,8,7,512,4401
3,6,8,7,512,4401
2,0,8,7,512,4401
2,7,8,7,512,4401
8,3,8,7,512,4401
7,2,8,7,512,4401
7,4,8,7,512,4401
6,1,8,7,512,4401
6,5,8,7,512,4401
5,0,8,7,512,4401
5,6,8,7,512,4401
4,0,8,7,512,4401
4,7,8,7,512,4401
3,1,8,7,512,4401
3,8,8,7,512,4401
9,3,8,7,512,4401
9,2,8,7,512,4401
9,4,8,7,512,4401
8,1,8,7,512,4401
8,5,8,7,512,4401
7,0,8,7,512,4401
7,6,8,7,512,4401
6,0,8,7,512,4401
6,7,8,7,512,4401
5,1,8,7,512,4401
5,8,8,7,512,4401
4,2,8,7,512,4401
4,9,8,7,512,4401
7,3,8,7,512,4401
8,2,8,7,512,4401
8,4,8,7,512,4401
9,1,8,7,512,4401
9,5,8,7,512,4401
9,0,8,7,512,4401
9,6,8,7,512,4401
8,0,8,7,512,4401
8,7,8,7,512,4401
7,1,8,7,512,4401
7,8,8,7,512,4401
6,2,8,7,512,4401
6,9,8,7,512,4401
5,3,8,7,512,4401
5,9,8,7,512,4401
6,4,8,7,512,4401
7,5,8,7,512,4401
8,6,8,7,512,4401
9,7,8,7,512,4401
9,8,8,7,512,4401
8,9,8,7,512,4401
7,9,8,7,512,4401
6,8,8,7,512,4401
3,3,8,7,512,4401
4,4,8,7,512,4401
5,5,8,7,512,4401
6,6,8,7,512,4401
7,7,8,7,512,4401
8,8,8,7,512,4401
9,9,8,7,512,4401
2,2,8,7,512,4401
2,4,8,7,512,4401
3,5,8,7,512,4401
4,6,8,7,512,4401
5,7,8,7,512,4401
0,4,6,7,513,4086
1,4,6,7,513,4086
0,3,6,7,513,4086
0,5,6,7,513,4086
3,4,6,7,513,4086
2,3,6,7,513,4086
2,5,6,7,513,4086
1,2,6,7,513,4086
1,6,6,7,513,4086
5,4,6,7,513,4086
4,3,6,7,513,4086
4,5,6,7,513,4086
3,2,6,7,513,4086
3,6,6,7,513,4086
2,1,6,7,513,4086
2,7,6,7,513,4086
7,4,6,7,513,4086
6,3,6,7,513,4086
6,5,6,7,513,4086
5,2,6,7,513,4086
5,6,6,7,513,4086
4,1,6,7,513,4086
4,7,6,7,513,4086
3,0,6,7,513,4086
3,8,6,7,513,4086
9,4,6,7,513,4086
8,3,6,7,513,4086
8,5,6,7,513,4086
7,2,6,7,513,4086
7,6,6,7,513,4086
6,1,6,7,513,4086
6,7,6,7,513,4086
5,0,6,7,513,4086
5,8,6,7,513,4086
4,0,6,7,513,4086
4,9,6,7,513,4086
8,4,6,7,513,4086
9,3,6,7,513,4086
9,5,6,7,513,4086
9,2,6,7,513,4086
9,6,6,7,513,4086
8,1,6,7,513,4086
8,7,6,7,513,4086
7,0,6,7,513,4086
7,8,6,7,513,4086
6,0,6,7,513,4086
6,9,6,7,513,4086
5,1,6,7,513,4086
5,9,6,7,513,4086
6,4,6,7,513,4086
7,3,6,7,513,4086
7,5,6,7,513,4086
8,2,6,7,513,4086
8,6,6,7,513,4086
9,1,6,7,513,4086
9,7,6,7,513,4086
9,0,6,7,513,4086
9,8,6,7,513,4086
8,0,6,7,513,4086
8,9,6,7,513,4086
7,1,6,7,513,4086
7,9,6,7,513,4086
6,2,6,7,513,4086
6,8,6,7,513,4086
4,4,6,7,513,4086
5,3,6,7,513,4086
5,5,6,7,513,4086
6,6,6,7,513,4086
7,7,6,7,513,4086
8,8,6,7,513,4086
9,9,6,7,513,4086
2,4,6,7,513,4086
3,3,6,7,513,4086
3,5,6,7,513,4086
4,2,6,7,513,4086
4,6,6,7,513,4086
5,7,6,7,513,4086
0,5,8,9,514,4072
1,5,8,9,514,4072
0,4,8,9,514,4072
0,6,8,9,514,4072
2,5,8,9,514,4072
1,4,8,9,514,4072
1,6,8,9,514,4072
0,3,8,9,514,4072
0,7,8,9,514,4072
4,5,8,9,514,4072
3,4,8,9,514,4072
3,6,8,9,514,4072
2,3,8,9,514,4072
2,7,8,9,514,4072
1,2,8,9,514,4072
1,8,8,9,514,4072
6,5,8,9,514,4072
5,4,8,9,514,4072
5,6,8,9,514,4072
4,3,8,9,514,4072
4,7,8,9,514,4072
3,2,8,9,514,4072
3,8,8,9,514,4072
2,1,8,9,514,4072
2,9,8,9,514,4072
8,5,8,9,514,4072
7,4,8,9,514,4072
7,6,8,9,514,4072
6,3,8,9,514,4072
6,7,8,9,514,4072
5,2,8,9,514,4072
5,8,8,9,514,4072
4,1,8,9,514,4072
4,9,8,9,514,4072
3,0,8,9,514,4072
3,9,8,9,514,4072
9,5,8,9,514,4072
9,4,8,9,514,4072
9,6,8,9,514,4072
8,3,8,9,514,4072
8,7,8,9,514,4072
7,2,8,9,514,4072
7,8,8,9,514,4072
6,1,8,9,514,4072
6,9,8,9,514,4072
5,0,8,9,514,4072
5,9,8,9,514,4072
4,0,8,9,514,4072
4,8,8,9,514,4072
7,5,8,9,514,4072
8,4,8,9,514,4072
8,6,8,9,514,4072
9,3,8,9,514,4072
9,7,8,9,514,4072
9,2,8,9,514,4072
9,8,8,9,514,4072
8,1,8,9,514,4072
8,9,8,9,514,4072
7,0,8,9,514,4072
7,9,8,9,514,4072
6,0,8,9,514,4072
6,8,8,9,514,4072
5,1,8,9,514,4072
5,7,8,9,514,4072
5,5,8,9,514,4072
6,4,8,9,514,4072
6,6,8,9,514,4072
7,3,8,9,514,4072
7,7,8,9,514,4072
8,2,8,9,514,4072
8,8,8,9,514,4072
9,1,8,9,514,4072
9,9,8,9,514,4072
9,0,8,9,514,4072
8,0,8,9,514,4072
7,1,8,9,514,4072
6,2,8,9,514,4072
3,5,8,9,514,4072
4,4,8,9,514,4072
4,6,8,9,514,4072
5,3,8,9,514,4072
0,9,8,9,515,3831
1,9,8,9,515,3831
0,8,8,9,515,3831
2,9,8,9,515,3831
1,8,8,9,515,3831
0,7,8,9,515,3831
3,9,8,9,515,3831
2,8,8,9,515,3831
1,7,8,9,515,3831
0,6,8,9,515,3831
4,9,8,9,515,3831
3,8,8,9,515,3831
2,7,8,9,515,3831
1,6,8,9,515,3831
0,5,8,9,515,3831
5,9,8,9,515,3831
4,8,8,9,515,3831
3,7,8,9,515,3831
2,6,8,9,515,3831
1,5,8,9,515,3831
0,4,8,9,515,3831
6,9,8,9,515,3831
5,8,8,9,515,3831
4,7,8,9,515,3831
3,6,8,9,515,3831
2,5,8,9,515,3831
1,4,8,9,515,3831
0,3,8,9,515,3831
8,9,8,9,515,3831
7,8,8,9,515,3831
7,9,8,9,515,3831
6,7,8,9,515,3831
6,8,8,9,515,3831
5,6,8,9,515,3831
5,7,8,9,515,3831
4,5,8,9,515,3831
4,6,8,9,515,3831
3,4,8,9,515,3831
3,5,8,9,515,3831
2,3,8,9,515,3831
2,4,8,9,515,3831
1,2,8,9,515,3831
1,3,8,9,515,3831
9,9,8,9,515,3831
9,8,8,9,515,3831
8,7,8,9,515,3831
8,8,8,9,515,3831
7,6,8,9,515,3831
7,7,8,9,515,3831
6,5,8,9,515,3831
6,6,8,9,515,3831
5,4,8,9,515,3831
5,5,8,9,515,3831
4,3,8,9,515,3831
4,4,8,9,515,3831
3,2,8,9,515,3831
3,3,8,9,515,3831
2,1,8,9,515,3831
2,2,8,9,515,3831
9,7,8,9,515,3831
9,6,8,9,515,3831
8,5,8,9,515,3831
8,6,8,9,515,3831
7,4,8,9,515,3831
7,5,8,9,515,3831
6,3,8,9,515,3831
6,4,8,9,515,3831
5,2,8,9,515,3831
5,3,8,9,515,3831
4,1,8,9,515,3831
4,2,8,9,515,3831
3,0,8,9,515,3831
3,1,8,9,515,3831
0,5,8,7,516,3739
2,5,8,7,516,3739
1,4,8,7,516,3739
1,6,8,7,516,3739
4,5,8,7,516,3739
3,4,8,7,516,3739
3,6,8,7,516,3739
2,3,8,7,516,3739
2,7,8,7,516,3739
6,5,8,7,516,3739
5,4,8,7,516,3739
5,6,8,7,516,3739
4,3,8,7,516,3739
4,7,8,7,516,3739
3,2,8,7,516,3739
3,8,8,7,516,3739
8,5,8,7,516,3739
7,4,8,7,516,3739
7,6,8,7,516,3739
6,3,8,7,516,3739
6,7,8,7,516,3739
5,2,8,7,516,3739
5,8,8,7,516,3739
4,1,8,7,516,3739
4,9,8,7,516,3739
9,5,8,7,516,3739
9,4,8,7,516,3739
9,6,8,7,516,3739
8,3,8,7,516,3739
8,7,8,7,516,3739
7,2,8,7,516,3739
7,8,8,7,516,3739
6,1,8,7,516,3739
6,9,8,7,516,3739
5,0,8,7,516,3739
5,9,8,7,516,3739
7,5,8,7,516,3739
8,4,8,7,516,3739
8,6,8,7,516,3739
9,3,8,7,516,3739
9,7,8,7,516,3739
9,2,8,7,516,3739
9,8,8,7,516,3739
8,1,8,7,516,3739
8,9,8,7,516,3739
7,0,8,7,516,3739
7,9,8,7,516,3739
6,0,8,7,516,3739
6,8,8,7,516,3739
5,5,8,7,516,3739
6,4,8,7,516,3739
6,6,8,7,516,3739
7,3,8,7,516,3739
7,7,8,7,516,3739
8,2,8,7,516,3739
8,8,8,7,516,3739
9,1,8,7,516,3739
9,9,8,7,516,3739
9,0,8,7,516,3739
8,0,8,7,516,3739
7,1,8,7,516,3739
3,5,8,7,516,3739
4,4,8,7,516,3739
4,6,8,7,516,3739
5,3,8,7,516,3739
5,7,8,7,516,3739
6,2,8,7,516,3739
0,9,8,9,517,3479
1,9,8,9,517,3479
0,8,8,9,517,3479
2,9,8,9,517,3479
1,8,8,9,517,3479
0,7,8,9,517,3479
3,9,8,9,517,3479
2,8,8,9,517,3479
1,7,8,9,517,3479
0,6,8,9,517,3479
4,9,8,9,517,3479
3,8,8,9,517,3479
2,7,8,9,517,3479
1,6,8,9,517,3479
0,5,8,9,517,3479
6,9,8,9,517,3479
5,8,8,9,517,3479
5,9,8,9,517,3479
4,7,8,9,517,3479
4,8,8,9,517,3479
3,6,8,9,517,3479
3,7,8,9,517,3479
2,5,8,9,517,3479
2,6,8,9,517,3479
1,4,8,9,517,3479
1,5,8,9,517,3479
8,9,8,9,517,3479
7,8,8,9,517,3479
7,9,8,9,517,3479
6,7,8,9,517,3479
6,8,8,9,517,3479
5,6,8,9,517,3479
5,7,8,9,517,3479
4,5,8,9,517,3479
4,6,8,9,517,3479
3,4,8,9,517,3479
3,5,8,9,517,3479
2,3,8,9,517,3479
2,4,8,9,517,3479
9,9,8,9,517,3479
9,8,8,9,517,3479
8,7,8,9,517,3479
8,8,8,9,517,3479
7,6,8,9,517,3479
7,7,8,9,517,3479
6,5,8,9,517,3479
6,6,8,9,517,3479
5,4,8,9,517,3479
5,5,8,9,517,3479
4,3,8,9,517,3479
4,4,8,9,517,3479
3,2,8,9,517,3479
3,3,8,9,517,3479
9,7,8,9,517,3479
9,6,8,9,517,3479
8,5,8,9,517,3479
8,6,8,9,517,3479
7,4,8,9,517,3479
7,5,8,9,517,3479
6,3,8,9,517,3479
6,4,8,9,517,3479
5,2,8,9,517,3479
5,3,8,9,517,3479
4,1,8,9,517,3479
4,2,8,9,517,3479
2,5,6,7,518,3385
4,5,6,7,518,3385
3,4,6,7,518,3385
3,6,6,7,518,3385
6,5,6,7,518,3385
5,4,6,7,518,3385
5,6,6,7,518,3385
4,3,6,7,518,3385
4,7,6,7,518,3385
8,5,6,7,518,3385
7,4,6,7,518,3385
7,6,6,7,518,3385
6,3,6,7,518,3385
6,7,6,7,518,3385
5,2,6,7,518,3385
5,8,6,7,518,3385
9,5,6,7,518,3385
9,4,6,7,518,3385
9,6,6,7,518,3385
8,3,6,7,518,3385
8,7,6,7,518,3385
7,2,6,7,518,3385
7,8,6,7,518,3385
6,1,6,7,518,3385
6,9,6,7,518,3385
7,5,6,7,518,3385
8,4,6,7,518,3385
8,6,6,7,518,3385
9,3,6,7,518,3385
9,7,6,7,518,3385
9,2,6,7,518,3385
9,8,6,7,518,3385
8,1,6,7,518,3385
8,9,6,7,518,3385
7,0,6,7,518,3385
7,9,6,7,518,3385
5,5,6,7,518,3385
6,4,6,7,518,3385
6,6,6,7,518,3385
7,3,6,7,518,3385
7,7,6,7,518,3385
8,2,6,7,518,3385
8,8,6,7,518,3385
9,1,6,7,518,3385
9,9,6,7,518,3385
9,0,6,7,518,3385
8,0,6,7,518,3385
3,5,6,7,518,3385
4,4,6,7,518,3385
4,6,6,7,518,3385
5,3,6,7,518,3385
5,7,6,7,518,3385
6,2,6,7,518,3385
6,8,6,7,518,3385
7,1,6,7,518,3385
0,3,7,7,519,4410
1,3,7,7,519,4410
0,2,7,7,519,4410
0,4,7,7,519,4410
3,3,7,7,519,4410
2,2,7,7,519,4410
2,4,7,7,519,4410
1,1,7,7,519,4410
1,5,7,7,519,4410
5,3,7,7,519,4410
4,2,7,7,519,4410
4,4,7,7,519,4410
3,1,7,7,519,4410
3,5,7,7,519,4410
2,0,7,7,519,4410
2,6,7,7,519,4410
7,3,7,7,519,4410
6,2,7,7,519,4410
6,4,7,7,519,4410
5,1,7,7,519,4410
5,5,7,7,519,4410
4,0,7,7,519,4410
4,6,7,7,519,4410
3,0,7,7,519,4410
3,7,7,7,519,4410
9,3,7,7,519,4410
8,2,7,7,519,4410
8,4,7,7,519,4410
7,1,7,7,519,4410
7,5,7,7,519,4410
6,0,7,7,519,4410
6,6,7,7,519,4410
5,0,7,7,519,4410
5,7,7,7,519,4410
4,1,7,7,519,4410
4,8,7,7,519,4410
8,3,7,7,519,4410
9,2,7,7,519,4410
9,4,7,7,519,4410
9,1,7,7,519,4410
9,5,7,7,519,4410
8,0,7,7,519,4410
8,6,7,7,519,4410
7,0,7,7,519,4410
7,7,7,7,519,4410
6,1,7,7,519,4410
6,8,7,7,519,4410
5,2,7,7,519,4410
5,9,7,7,519,4410
6,3,7,7,519,4410
7,2,7,7,519,4410
7,4,7,7,519,4410
8,1,7,7,519,4410
8,5,7,7,519,4410
9,0,7,7,519,4410
9,6,7,7,519,4410
9,7,7,7,519,4410
8,8,7,7,519,4410
7,9,7,7,519,4410
6,9,7,7,519,4410
4,3,7,7,519,4410
5,4,7,7,519,4410
6,5,7,7,519,4410
7,6,7,7,519,4410
8,7,7,7,519,4410
9,8,7,7,519,4410
9,9,7,7,519,4410
8,9,7,7,519,4410
7,8,7,7,519,4410
2,3,7,7,519,4410
3,2,7,7,519,4410
3,4,7,7,519,4410
4,5,7,7,519,4410
5,6,7,7,519,4410
6,7,7,7,519,4410
1,2,7,7,519,4410
1,4,7,7,519,4410
2,1,7,7,519,4410
2,5,7,7,519,4410
3,6,7,7,519,4410
4,7,7,7,519,4410
5,8,7,7,519,4410
0,3,8,8,520,4700
1,3,8,8,520,4700
0,2,8,8,520,4700
0,4,8,8,520,4700
2,3,8,8,520,4700
1,2,8,8,520,4700
1,4,8,8,520,4700
0,1,8,8,520,4700
0,5,8,8,520,4700
3,3,8,8,520,4700
2,2,8,8,520,4700
2,4,8,8,520,4700
1,1,8,8,520,4700
1,5,8,8,520,4700
0,0,8,8,520,4700
0,6,8,8,520,4700
5,3,8,8,520,4700
4,2,8,8,520,4700
4,4,8,8,520,4700
3,1,8,8,520,4700
3,5,8,8,520,4700
2,0,8,8,520,4700
2,6,8,8,520,4700
1,0,8,8,520,4700
1,7,8,8,520,4700
7,3,8,8,520,4700
6,2,8,8,520,4700
6,4,8,8,520,4700
5,1,8,8,520,4700
5,5,8,8,520,4700
4,0,8,8,520,4700
4,6,8,8,520,4700
3,0,8,8,520,4700
3,7,8,8,520,4700
2,1,8,8,520,4700
2,8,8,8,520,4700
9,3,8,8,520,4700
8,2,8,8,520,4700
8,4,8,8,520,4700
7,1,8,8,520,4700
7,5,8,8,520,4700
6,0,8,8,520,4700
6,6,8,8,520,4700
5,0,8,8,520,4700
5,7,8,8,520,4700
4,1,8,8,520,4700
4,8,8,8,520,4700
3,2,8,8,520,4700
3,9,8,8,520,4700
8,3,8,8,520,4700
9,2,8,8,520,4700
9,4,8,8,520,4700
9,1,8,8,520,4700
9,5,8,8,520,4700
8,0,8,8,520,4700
8,6,8,8,520,4700
7,0,8,8,520,4700
7,7,8,8,520,4700
6,1,8,8,520,4700
6,8,8,8,520,4700
5,2,8,8,520,4700
5,9,8,8,520,4700
4,3,8,8,520,4700
4,9,8,8,520,4700
6,3,8,8,520,4700
7,2,8,8,520,4700
7,4,8,8,520,4700
8,1,8,8,520,4700
8,5,8,8,520,4700
9,0,8,8,520,4700
9,6,8,8,520,4700
9,7,8,8,520,4700
8,8,8,8,520,4700
7,9,8,8,520,4700
6,9,8,8,520,4700
5,4,8,8,520,4700
5,8,8,8,520,4700
6,5,8,8,520,4700
7,6,8,8,520,4700
8,7,8,8,520,4700
9,8,8,8,520,4700
9,9,8,8,520,4700
8,9,8,8,520,4700
7,8,8,8,520,4700
6,7,8,8,520,4700
3,4,8,8,520,4700
4,5,8,8,520,4700
5,6,8,8,520,4700
2,5,8,8,520,4700
3,6,8,8,520,4700
4,7,8,8,520,4700
0,4,7,7,521,4404
1,4,7,7,521,4404
0,3,7,7,521,4404
0,5,7,7,521,4404
2,4,7,7,521,4404
1,3,7,7,521,4404
1,5,7,7,521,4404
0,2,7,7,521,4404
0,6,7,7,521,4404
4,4,7,7,521,4404
3,3,7,7,521,4404
3,5,7,7,521,4404
2,2,7,7,521,4404
2,6,7,7,521,4404
1,1,7,7,521,4404
1,7,7,7,521,4404
6,4,7,7,521,4404
5,3,7,7,521,4404
5,5,7,7,521,4404
4,2,7,7,521,4404
4,6,7,7,521,4404
3,1,7,7,521,4404
3,7,7,7,521,4404
2,0,7,7,521,4404
2,8,7,7,521,4404
8,4,7,7,521,4404
7,3,7,7,521,4404
7,5,7,7,521,4404
6,2,7,7,521,4404
6,6,7,7,521,4404
5,1,7,7,521,4404
5,7,7,7,521,4404
4,0,7,7,521,4404
4,8,7,7,521,4404
3,0,7,7,521,4404
3,9,7,7,521,4404
9,4,7,7,521,4404
9,3,7,7,521,4404
9,5,7,7,521,4404
8,2,7,7,521,4404
8,6,7,7,521,4404
7,1,7,7,521,4404
7,7,7,7,521,4404
6,0,7,7,521,4404
6,8,7,7,521,4404
5,0,7,7,521,4404
5,9,7,7,521,4404
4,1,7,7,521,4404
4,9,7,7,521,4404
7,4,7,7,521,4404
8,3,7,7,521,4404
8,5,7,7,521,4404
9,2,7,7,521,4404
9,6,7,7,521,4404
9,1,7,7,521,4404
9,7,7,7,521,4404
8,0,7,7,521,4404
8,8,7,7,521,4404
7,0,7,7,521,4404
7,9,7,7,521,4404
6,1,7,7,521,4404
6,9,7,7,521,4404
5,2,7,7,521,4404
5,8,7,7,521,4404
5,4,7,7,521,4404
6,3,7,7,521,4404
6,5,7,7,521,4404
7,2,7,7,521,4404
7,6,7,7,521,4404
8,1,7,7,521,4404
8,7,7,7,521,4404
9,0,7,7,521,4404
9,8,7,7,521,4404
9,9,7,7,521,4404
8,9,7,7,521,4404
7,8,7,7,521,4404
6,7,7,7,521,4404
3,4,7,7,521,4404
4,3,7,7,521,4404
4,5,7,7,521,4404
5,6,7,7,521,4404
2,3,7,7,521,4404
2,5,7,7,521,4404
3,2,7,7,521,4404
3,6,7,7,521,4404
4,7,7,7,521,4404
0,5,9,9,522,3913
1,5,9,9,522,3913
0,4,9,9,522,3913
0,6,9,9,522,3913
2,5,9,9,522,3913
1,4,9,9,522,3913
1,6,9,9,522,3913
0,3,9,9,522,3913
0,7,9,9,522,3913
3,5,9,9,522,3913
2,4,9,9,522,3913
2,6,9,9,522,3913
1,3,9,9,522,3913
1,7,9,9,522,3913
0,2,9,9,522,3913
0,8,9,9,522,3913
5,5,9,9,522,3913
4,4,9,9,522,3913
4,6,9,9,522,3913
3,3,9,9,522,3913
3,7,9,9,522,3913
2,2,9,9,522,3913
2,8,9,9,522,3913
1,1,9,9,522,3913
1,9,9,9,522,3913
7,5,9,9,522,3913
6,4,9,9,522,3913
6,6,9,9,522,3913
5,3,9,9,522,3913
5,7,9,9,522,3913
4,2,9,9,522,3913
4,8,9,9,522,3913
3,1,9,9,522,3913
3,9,9,9,522,3913
2,0,9,9,522,3913
2,9,9,9,522,3913
9,5,9,9,522,3913
8,4,9,9,522,3913
8,6,9,9,522,3913
7,3,9,9,522,3913
7,7,9,9,522,3913
6,2,9,9,522,3913
6,8,9,9,522,3913
5,1,9,9,522,3913
5,9,9,9,522,3913
4,0,9,9,522,3913
4,9,9,9,522,3913
3,0,9,9,522,3913
3,8,9,9,522,3913
8,5,9,9,522,3913
9,4,9,9,522,3913
9,6,9,9,522,3913
9,3,9,9,522,3913
9,7,9,9,522,3913
8,2,9,9,522,3913
8,8,9,9,522,3913
7,1,9,9,522,3913
7,9,9,9,522,3913
6,0,9,9,522,3913
6,9,9,9,522,3913
5,0,9,9,522,3913
5,8,9,9,522,3913
4,1,9,9,522,3913
4,7,9,9,522,3913
6,5,9,9,522,3913
7,4,9,9,522,3913
7,6,9,9,522,3913
8,3,9,9,522,3913
8,7,9,9,522,3913
9,2,9,9,522,3913
9,8,9,9,522,3913
9,1,9,9,522,3913
9,9,9,9,522,3913
8,0,9,9,522,3913
8,9,9,9,522,3913
7,0,9,9,522,3913
7,8,9,9,522,3913
6,1,9,9,522,3913
6,7,9,9,522,3913
5,2,9,9,522,3913
5,6,9,9,522,3913
4,5,9,9,522,3913
5,4,9,9,522,3913
6,3,9,9,522,3913
7,2,9,9,522,3913
8,1,9,9,522,3913
9,0,9,9,522,3913
3,4,9,9,522,3913
3,6,9,9,522,3913
4,3,9,9,522,3913
0,9,9,9,523,3918
1,9,9,9,523,3918
0,8,9,9,523,3918
2,9,9,9,523,3918
1,8,9,9,523,3918
0,7,9,9,523,3918
3,9,9,9,523,3918
2,8,9,9,523,3918
1,7,9,9,523,3918
0,6,9,9,523,3918
4,9,9,9,523,3918
3,8,9,9,523,3918
2,7,9,9,523,3918
1,6,9,9,523,3918
0,5,9,9,523,3918
5,9,9,9,523,3918
4,8,9,9,523,3918
3,7,9,9,523,3918
2,6,9,9,523,3918
1,5,9,9,523,3918
0,4,9,9,523,3918
6,9,9,9,523,3918
5,8,9,9,523,3918
4,7,9,9,523,3918
3,6,9,9,523,3918
2,5,9,9,523,3918
1,4,9,9,523,3918
0,3,9,9,523,3918
7,9,9,9,523,3918
6,8,9,9,523,3918
5,7,9,9,523,3918
4,6,9,9,523,3918
3,5,9,9,523,3918
2,4,9,9,523,3918
1,3,9,9,523,3918
0,2,9,9,523,3918
9,9,9,9,523,3918
8,8,9,9,523,3918
8,9,9,9,523,3918
7,7,9,9,523,3918
7,8,9,9,523,3918
6,6,9,9,523,3918
6,7,9,9,523,3918
5,5,9,9,523,3918
5,6,9,9,523,3918
4,4,9,9,523,3918
4,5,9,9,523,3918
3,3,9,9,523,3918
3,4,9,9,523,3918
2,2,9,9,523,3918
2,3,9,9,523,3918
1,1,9,9,523,3918
1,2,9,9,523,3918
9,8,9,9,523,3918
9,7,9,9,523,3918
8,6,9,9,523,3918
8,7,9,9,523,3918
7,5,9,9,523,3918
7,6,9,9,523,3918
6,4,9,9,523,3918
6,5,9,9,523,3918
5,3,9,9,523,3918
5,4,9,9,523,3918
4,2,9,9,523,3918
4,3,9,9,523,3918
3,1,9,9,523,3918
3,2,9,9,523,3918
2,0,9,9,523,3918
2,1,9,9,523,3918
9,6,9,9,523,3918
9,5,9,9,523,3918
8,4,9,9,523,3918
8,5,9,9,523,3918
7,3,9,9,523,3918
7,4,9,9,523,3918
6,2,9,9,523,3918
6,3,9,9,523,3918
5,1,9,9,523,3918
5,2,9,9,523,3918
4,0,9,9,523,3918
4,1,9,9,523,3918
3,0,9,9,523,3918
0,5,8,8,524,4082
1,5,8,8,524,4082
0,4,8,8,524,4082
0,6,8,8,524,4082
3,5,8,8,524,4082
2,4,8,8,524,4082
2,6,8,8,524,4082
1,3,8,8,524,4082
1,7,8,8,524,4082
5,5,8,8,524,4082
4,4,8,8,524,4082
4,6,8,8,524,4082
3,3,8,8,524,4082
3,7,8,8,524,4082
2,2,8,8,524,4082
2,8,8,8,524,4082
7,5,8,8,524,4082
6,4,8,8,524,4082
6,6,8,8,524,4082
5,3,8,8,524,4082
5,7,8,8,524,4082
4,2,8,8,524,4082
4,8,8,8,524,4082
3,1,8,8,524,4082
3,9,8,8,524,4082
9,5,8,8,524,4082
8,4,8,8,524,4082
8,6,8,8,524,4082
7,3,8,8,524,4082
7,7,8,8,524,4082
6,2,8,8,524,4082
6,8,8,8,524,4082
5,1,8,8,524,4082
5,9,8,8,524,4082
4,0,8,8,524,4082
4,9,8,8,524,4082
8,5,8,8,524,4082
9,4,8,8,524,4082
9,6,8,8,524,4082
9,3,8,8,524,4082
9,7,8,8,524,4082
8,2,8,8,524,4082
8,8,8,8,524,4082
7,1,8,8,524,4082
7,9,8,8,524,4082
6,0,8,8,524,4082
6,9,8,8,524,4082
5,0,8,8,524,4082
5,8,8,8,524,4082
6,5,8,8,524,4082
7,4,8,8,524,4082
7,6,8,8,524,4082
8,3,8,8,524,4082
8,7,8,8,524,4082
9,2,8,8,524,4082
9,8,8,8,524,4082
9,1,8,8,524,4082
9,9,8,8,524,4082
8,0,8,8,524,4082
8,9,8,8,524,4082
7,0,8,8,524,4082
7,8,8,8,524,4082
6,1,8,8,524,4082
6,7,8,8,524,4082
4,5,8,8,524,4082
5,4,8,8,524,4082
5,6,8,8,524,4082
6,3,8,8,524,4082
7,2,8,8,524,4082
8,1,8,8,524,4082
9,0,8,8,524,4082
2,5,8,8,524,4082
3,4,8,8,524,4082
3,6,8,8,524,4082
4,3,8,8,524,4082
4,7,8,8,524,4082
5,2,8,8,524,4082
0,9,9,9,525,3575
1,9,9,9,525,3575
0,8,9,9,525,3575
2,9,9,9,525,3575
1,8,9,9,525,3575
0,7,9,9,525,3575
3,9,9,9,525,3575
2,8,9,9,525,3575
1,7,9,9,525,3575
0,6,9,9,525,3575
4,9,9,9,525,3575
3,8,9,9,525,3575
2,7,9,9,525,3575
1,6,9,9,525,3575
0,5,9,9,525,3575
5,9,9,9,525,3575
4,8,9,9,525,3575
3,7,9,9,525,3575
2,6,9,9,525,3575
1,5,9,9,525,3575
0,4,9,9,525,3575
7,9,9,9,525,3575
6,8,9,9,525,3575
6,9,9,9,525,3575
5,7,9,9,525,3575
5,8,9,9,525,3575
4,6,9,9,525,3575
4,7,9,9,525,3575
3,5,9,9,525,3575
3,6,9,9,525,3575
2,4,9,9,525,3575
2,5,9,9,525,3575
1,3,9,9,525,3575
1,4,9,9,525,3575
9,9,9,9,525,3575
8,8,9,9,525,3575
8,9,9,9,525,3575
7,7,9,9,525,3575
7,8,9,9,525,3575
6,6,9,9,525,3575
6,7,9,9,525,3575
5,5,9,9,525,3575
5,6,9,9,525,3575
4,4,9,9,525,3575
4,5,9,9,525,3575
3,3,9,9,525,3575
3,4,9,9,525,3575
2,2,9,9,525,3575
2,3,9,9,525,3575
9,8,9,9,525,3575
9,7,9,9,525,3575
8,6,9,9,525,3575
8,7,9,9,525,3575
7,5,9,9,525,3575
7,6,9,9,525,3575
6,4,9,9,525,3575
6,5,9,9,525,3575
5,3,9,9,525,3575
5,4,9,9,525,3575
4,2,9,9,525,3575
4,3,9,9,525,3575
3,1,9,9,525,3575
3,2,9,9,525,3575
9,6,9,9,525,3575
9,5,9,9,525,3575
8,4,9,9,525,3575
8,5,9,9,525,3575
7,3,9,9,525,3575
7,4,9,9,525,3575
6,2,9,9,525,3575
6,3,9,9,525,3575
5,1,9,9,525,3575
5,2,9,9,525,3575
4,0,9,9,525,3575
4,1,9,9,525,3575
1,5,7,7,526,3748
3,5,7,7,526,3748
2,4,7,7,526,3748
2,6,7,7,526,3748
5,5,7,7,526,3748
4,4,7,7,526,3748
4,6,7,7,526,3748
3,3,7,7,526,3748
3,7,7,7,526,3748
7,5,7,7,526,3748
6,4,7,7,526,3748
6,6,7,7,526,3748
5,3,7,7,526,3748
5,7,7,7,526,3748
4,2,7,7,526,3748
4,8,7,7,526,3748
9,5,7,7,526,3748
8,4,7,7,526,3748
8,6,7,7,526,3748
7,3,7,7,526,3748
7,7,7,7,526,3748
6,2,7,7,526,3748
6,8,7,7,526,3748
5,1,7,7,526,3748
5,9,7,7,526,3748
8,5,7,7,526,3748
9,4,7,7,526,3748
9,6,7,7,526,3748
9,3,7,7,526,3748
9,7,7,7,526,3748
8,2,7,7,526,3748
8,8,7,7,526,3748
7,1,7,7,526,3748
7,9,7,7,526,3748
6,0,7,7,526,3748
6,9,7,7,526,3748
6,5,7,7,526,3748
7,4,7,7,526,3748
7,6,7,7,526,3748
8,3,7,7,526,3748
8,7,7,7,526,3748
9,2,7,7,526,3748
9,8,7,7,526,3748
9,1,7,7,526,3748
9,9,7,7,526,3748
8,0,7,7,526,3748
8,9,7,7,526,3748
7,0,7,7,526,3748
7,8,7,7,526,3748
4,5,7,7,526,3748
5,4,7,7,526,3748
5,6,7,7,526,3748
6,3,7,7,526,3748
6,7,7,7,526,3748
7,2,7,7,526,3748
8,1,7,7,526,3748
9,0,7,7,526,3748
2,5,7,7,526,3748
3,4,7,7,526,3748
3,6,7,7,526,3748
4,3,7,7,526,3748
4,7,7,7,526,3748
5,2,7,7,526,3748
5,8,7,7,526,3748
6,1,7,7,526,3748
0,4,8,7,527,4700
1,4,8,7,527,4700
0,3,8,7,527,4700
0,5,8,7,527,4700
2,4,8,7,527,4700
1,3,8,7,527,4700
1,5,8,7,527,4700
0,2,8,7,527,4700
0,6,8,7,527,4700
3,4,8,7,527,4700
2,3,8,7,527,4700
2,5,8,7,527,4700
1,2,8,7,527,4700
1,6,8,7,527,4700
0,1,8,7,527,4700
0,7,8,7,527,4700
5,4,8,7,527,4700
4,3,8,7,527,4700
4,5,8,7,527,4700
3,2,8,7,527,4700
3,6,8,7,527,4700
2,1,8,7,527,4700
2,7,8,7,527,4700
1,0,8,7,527,4700
1,8,8,7,527,4700
7,4,8,7,527,4700
6,3,8,7,527,4700
6,5,8,7,527,4700
5,2,8,7,527,4700
5,6,8,7,527,4700
4,1,8,7,527,4700
4,7,8,7,527,4700
3,0,8,7,527,4700
3,8,8,7,527,4700
2,0,8,7,527,4700
2,9,8,7,527,4700
9,4,8,7,527,4700
8,3,8,7,527,4700
8,5,8,7,527,4700
7,2,8,7,527,4700
7,6,8,7,527,4700
6,1,8,7,527,4700
6,7,8,7,527,4700
5,0,8,7,527,4700
5,8,8,7,527,4700
4,0,8,7,527,4700
4,9,8,7,527,4700
3,1,8,7,527,4700
3,9,8,7,527,4700
8,4,8,7,527,4700
9,3,8,7,527,4700
9,5,8,7,527,4700
9,2,8,7,527,4700
9,6,8,7,527,4700
8,1,8,7,527,4700
8,7,8,7,527,4700
7,0,8,7,527,4700
7,8,8,7,527,4700
6,0,8,7,527,4700
6,9,8,7,527,4700
5,1,8,7,527,4700
5,9,8,7,527,4700
4,2,8,7,527,4700
4,8,8,7,527,4700
6,4,8,7,527,4700
7,3,8,7,527,4700
7,5,8,7,527,4700
8,2,8,7,527,4700
8,6,8,7,527,4700
9,1,8,7,527,4700
9,7,8,7,527,4700
9,0,8,7,527,4700
9,8,8,7,527,4700
8,0,8,7,527,4700
8,9,8,7,527,4700
7,1,8,7,527,4700
7,9,8,7,527,4700
6,2,8,7,527,4700
6,8,8,7,527,4700
5,3,8,7,527,4700
5,7,8,7,527,4700
4,4,8,7,527,4700
5,5,8,7,527,4700
6,6,8,7,527,4700
7,7,8,7,527,4700
8,8,8,7,527,4700
9,9,8,7,527,4700
3,3,8,7,527,4700
3,5,8,7,527,4700
4,6,8,7,527,4700
2,2,8,7,527,4700
2,6,8,7,527,4700
3,7,8,7,527,4700
0,5,8,9,528,4379
1,5,8,9,528,4379
0,4,8,9,528,4379
0,6,8,9,528,4379
2,5,8,9,528,4379
1,4,8,9,528,4379
1,6,8,9,528,4379
0,3,8,9,528,4379
0,7,8,9,528,4379
4,5,8,9,528,4379
3,4,8,9,528,4379
3,6,8,9,528,4379
2,3,8,9,528,4379
2,7,8,9,528,4379
1,2,8,9,528,4379
1,8,8,9,528,4379
6,5,8,9,528,4379
5,4,8,9,528,4379
5,6,8,9,528,4379
4,3,8,9,528,4379
4,7,8,9,528,4379
3,2,8,9,528,4379
3,8,8,9,528,4379
2,1,8,9,528,4379
2,9,8,9,528,4379
8,5,8,9,528,4379
7,4,8,9,528,4379
7,6,8,9,528,4379
6,3,8,9,528,4379
6,7,8,9,528,4379
5,2,8,9,528,4379
5,8,8,9,528,4379
4,1,8,9,528,4379
4,9,8,9,528,4379
3,0,8,9,528,4379
3,9,8,9,528,4379
9,5,8,9,528,4379
9,4,8,9,528,4379
9,6,8,9,528,4379
8,3,8,9,528,4379
8,7,8,9,528,4379
7,2,8,9,528,4379
7,8,8,9,528,4379
6,1,8,9,528,4379
6,9,8,9,528,4379
5,0,8,9,528,4379
5,9,8,9,528,4379
4,0,8,9,528,4379
4,8,8,9,528,4379
7,5,8,9,528,4379
8,4,8,9,528,4379
8,6,8,9,528,4379
9,3,8,9,528,4379
9,7,8,9,528,4379
9,2,8,9,528,4379
9,8,8,9,528,4379
8,1,8,9,528,4379
8,9,8,9,528,4379
7,0,8,9,528,4379
7,9,8,9,528,4379
6,0,8,9,528,4379
6,8,8,9,528,4379
5,1,8,9,528,4379
5,7,8,9,528,4379
5,5,8,9,528,4379
6,4,8,9,528,4379
6,6,8,9,528,4379
7,3,8,9,528,4379
7,7,8,9,528,4379
8,2,8,9,528,4379
8,8,8,9,528,4379
9,1,8,9,528,4379
9,9,8,9,528,4379
9,0,8,9,528,4379
8,0,8,9,528,4379
7,1,8,9,528,4379
6,2,8,9,528,4379
3,5,8,9,528,4379
4,4,8,9,528,4379
4,6,8,9,528,4379
5,3,8,9,528,4379
2,4,8,9,528,4379
2,6,8,9,528,4379
3,3,8,9,528,4379
3,7,8,9,528,4379
4,2,8,9,528,4379
0,5,8,7,529,4080
2,5,8,7,529,4080
1,4,8,7,529,4080
1,6,8,7,529,4080
4,5,8,7,529,4080
3,4,8,7,529,4080
3,6,8,7,529,4080
2,3,8,7,529,4080
2,7,8,7,529,4080
6,5,8,7,529,4080
5,4,8,7,529,4080
5,6,8,7,529,4080
4,3,8,7,529,4080
4,7,8,7,529,4080
3,2,8,7,529,4080
3,8,8,7,529,4080
8,5,8,7,529,4080
7,4,8,7,529,4080
7,6,8,7,529,4080
6,3,8,7,529,4080
6,7,8,7,529,4080
5,2,8,7,529,4080
5,8,8,7,529,4080
4,1,8,7,529,4080
4,9,8,7,529,4080
9,5,8,7,529,4080
9,4,8,7,529,4080
9,6,8,7,529,4080
8,3,8,7,529,4080
8,7,8,7,529,4080
7,2,8,7,529,4080
7,8,8,7,529,4080
6,1,8,7,529,4080
6,9,8,7,529,4080
5,0,8,7,529,4080
5,9,8,7,529,4080
7,5,8,7,529,4080
8,4,8,7,529,4080
8,6,8,7,529,4080
9,3,8,7,529,4080
9,7,8,7,529,4080
9,2,8,7,529,4080
9,8,8,7,529,4080
8,1,8,7,529,4080
8,9,8,7,529,4080
7,0,8,7,529,4080
7,9,8,7,529,4080
6,0,8,7,529,4080
6,8,8,7,529,4080
5,5,8,7,529,4080
6,4,8,7,529,4080
6,6,8,7,529,4080
7,3,8,7,529,4080
7,7,8,7,529,4080
8,2,8,7,529,4080
8,8,8,7,529,4080
9,1,8,7,529,4080
9,9,8,7,529,4080
9,0,8,7,529,4080
8,0,8,7,529,4080
7,1,8,7,529,4080
3,5,8,7,529,4080
4,4,8,7,529,4080
4,6,8,7,529,4080
5,3,8,7,529,4080
5,7,8,7,529,4080
6,2,8,7,529,4080
1,5,8,7,529,4080
2,4,8,7,529,4080
2,6,8,7,529,4080
3,3,8,7,529,4080
3,7,8,7,529,4080
4,2,8,7,529,4080
4,8,8,7,529,4080
5,1,8,7,529,4080
0,5,9,9,530,3990
1,5,9,9,530,3990
0,4,9,9,530,3990
0,6,9,9,530,3990
2,5,9,9,530,3990
1,4,9,9,530,3990
1,6,9,9,530,3990
0,3,9,9,530,3990
0,7,9,9,530,3990
3,5,9,9,530,3990
2,4,9,9,530,3990
2,6,9,9,530,3990
1,3,9,9,530,3990
1,7,9,9,530,3990
0,2,9,9,530,3990
0,8,9,9,530,3990
5,5,9,9,530,3990
4,4,9,9,530,3990
4,6,9,9,530,3990
3,3,9,9,530,3990
3,7,9,9,530,3990
2,2,9,9,530,3990
2,8,9,9,530,3990
1,1,9,9,530,3990
1,9,9,9,530,3990
7,5,9,9,530,3990
6,4,9,9,530,3990
6,6,9,9,530,3990
5,3,9,9,530,3990
5,7,9,9,530,3990
4,2,9,9,530,3990
4,8,9,9,530,3990
3,1,9,9,530,3990
3,9,9,9,530,3990
2,0,9,9,530,3990
2,9,9,9,530,3990
9,5,9,9,530,3990
8,4,9,9,530,3990
8,6,9,9,530,3990
7,3,9,9,530,3990
7,7,9,9,530,3990
6,2,9,9,530,3990
6,8,9,9,530,3990
5,1,9,9,530,3990
5,9,9,9,530,3990
4,0,9,9,530,3990
4,9,9,9,530,3990
3,0,9,9,530,3990
3,8,9,9,530,3990
8,5,9,9,530,3990
9,4,9,9,530,3990
9,6,9,9,530,3990
9,3,9,9,530,3990
9,7,9,9,530,3990
8,2,9,9,530,3990
8,8,9,9,530,3990
7,1,9,9,530,3990
7,9,9,9,530,3990
6,0,9,9,530,3990
6,9,9,9,530,3990
5,0,9,9,530,3990
5,8,9,9,530,3990
4,1,9,9,530,3990
4,7,9,9,530,3990
6,5,9,9,530,3990
7,4,9,9,530,3990
7,6,9,9,530,3990
8,3,9,9,530,3990
8,7,9,9,530,3990
9,2,9,9,530,3990
9,8,9,9,530,3990
9,1,9,9,530,3990
9,9,9,9,530,3990
8,0,9,9,530,3990
8,9,9,9,530,3990
7,0,9,9,530,3990
7,8,9,9,530,3990
6,1,9,9,530,3990
6,7,9,9,530,3990
5,2,9,9,530,3990
5,6,9,9,530,3990
4,5,9,9,530,3990
5,4,9,9,530,3990
6,3,9,9,530,3990
7,2,9,9,530,3990
8,1,9,9,530,3990
9,0,9,9,530,3990
3,4,9,9,530,3990
3,6,9,9,530,3990
4,3,9,9,530,3990
2,3,9,9,530,3990
2,7,9,9,530,3990
3,2,9,9,530,3990
0,5,8,8,531,4401
1,5,8,8,531,4401
0,4,8,8,531,4401
0,6,8,8,531,4401
3,5,8,8,531,4401
2,4,8,8,531,4401
2,6,8,8,531,4401
1,3,8,8,531,4401
1,7,8,8,531,4401
5,5,8,8,531,4401
4,4,8,8,531,4401
4,6,8,8,531,4401
3,3,8,8,531,4401
3,7,8,8,531,4401
2,2,8,8,531,4401
2,8,8,8,531,4401
7,5,8,8,531,4401
6,4,8,8,531,4401
6,6,8,8,531,4401
5,3,8,8,531,4401
5,7,8,8,531,4401
4,2,8,8,531,4401
4,8,8,8,531,4401
3,1,8,8,531,4401
3,9,8,8,531,4401
9,5,8,8,531,4401
8,4,8,8,531,4401
8,6,8,8,531,4401
7,3,8,8,531,4401
7,7,8,8,531,4401
6,2,8,8,531,4401
6,8,8,8,531,4401
5,1,8,8,531,4401
5,9,8,8,531,4401
4,0,8,8,531,4401
4,9,8,8,531,4401
8,5,8,8,531,4401
9,4,8,8,531,4401
9,6,8,8,531,4401
9,3,8,8,531,4401
9,7,8,8,531,4401
8,2,8,8,531,4401
8,8,8,8,531,4401
7,1,8,8,531,4401
7,9,8,8,531,4401
6,0,8,8,531,4401
6,9,8,8,531,4401
5,0,8,8,531,4401
5,8,8,8,531,4401
6,5,8,8,531,4401
7,4,8,8,531,4401
7,6,8,8,531,4401
8,3,8,8,531,4401
8,7,8,8,531,4401
9,2,8,8,531,4401
9,8,8,8,531,4401
9,1,8,8,531,4401
9,9,8,8,531,4401
8,0,8,8,531,4401
8,9,8,8,531,4401
7,0,8,8,531,4401
7,8,8,8,531,4401
6,1,8,8,531,4401
6,7,8,8,531,4401
4,5,8,8,531,4401
5,4,8,8,531,4401
5,6,8,8,531,4401
6,3,8,8,531,4401
7,2,8,8,531,4401
8,1,8,8,531,4401
9,0,8,8,531,4401
2,5,8,8,531,4401
3,4,8,8,531,4401
3,6,8,8,531,4401
4,3,8,8,531,4401
4,7,8,8,531,4401
5,2,8,8,531,4401
1,4,8,8,531,4401
1,6,8,8,531,4401
2,3,8,8,531,4401
2,7,8,8,531,4401
3,2,8,8,531,4401
3,8,8,8,531,4401
4,1,8,8,531,4401
0,5,8,9,532,4663
1,5,8,9,532,4663
0,4,8,9,532,4663
0,6,8,9,532,4663
2,5,8,9,532,4663
1,4,8,9,532,4663
1,6,8,9,532,4663
0,3,8,9,532,4663
0,7,8,9,532,4663
4,5,8,9,532,4663
3,4,8,9,532,4663
3,6,8,9,532,4663
2,3,8,9,532,4663
2,7,8,9,532,4663
1,2,8,9,532,4663
1,8,8,9,532,4663
6,5,8,9,532,4663
5,4,8,9,532,4663
5,6,8,9,532,4663
4,3,8,9,532,4663
4,7,8,9,532,4663
3,2,8,9,532,4663
3,8,8,9,532,4663
2,1,8,9,532,4663
2,9,8,9,532,4663
8,5,8,9,532,4663
7,4,8,9,532,4663
7,6,8,9,532,4663
6,3,8,9,532,4663
6,7,8,9,532,4663
5,2,8,9,532,4663
5,8,8,9,532,4663
4,1,8,9,532,4663
4,9,8,9,532,4663
3,0,8,9,532,4663
3,9,8,9,532,4663
9,5,8,9,532,4663
9,4,8,9,532,4663
9,6,8,9,532,4663
8,3,8,9,532,4663
8,7,8,9,532,4663
7,2,8,9,532,4663
7,8,8,9,532,4663
6,1,8,9,532,4663
6,9,8,9,532,4663
5,0,8,9,532,4663
5,9,8,9,532,4663
4,0,8,9,532,4663
4,8,8,9,532,4663
7,5,8,9,532,4663
8,4,8,9,532,4663
8,6,8,9,532,4663
9,3,8,9,532,4663
9,7,8,9,532,4663
9,2,8,9,532,4663
9,8,8,9,532,4663
8,1,8,9,532,4663
8,9,8,9,532,4663
7,0,8,9,532,4663
7,9,8,9,532,4663
6,0,8,9,532,4663
6,8,8,9,532,4663
5,1,8,9,532,4663
5,7,8,9,532,4663
5,5,8,9,532,4663
6,4,8,9,532,4663
6,6,8,9,532,4663
7,3,8,9,532,4663
7,7,8,9,532,4663
8,2,8,9,532,4663
8,8,8,9,532,4663
9,1,8,9,532,4663
9,9,8,9,532,4663
9,0,8,9,532,4663
8,0,8,9,532,4663
7,1,8,9,532,4663
6,2,8,9,532,4663
3,5,8,9,532,4663
4,4,8,9,532,4663
4,6,8,9,532,4663
5,3,8,9,532,4663
2,4,8,9,532,4663
2,6,8,9,532,4663
3,3,8,9,532,4663
3,7,8,9,532,4663
4,2,8,9,532,4663
1,3,8,9,532,4663
1,7,8,9,532,4663
2,2,8,9,532,4663
2,8,8,9,532,4663
3,1,8,9,532,4663
