x,y,xhat,yhat,belief_id,uncertainty
0,0,0,0,0,0
0,0,1,0,1,586
1,0,1,0,1,586
0,1,1,0,1,586
0,0,2,0,2,1134
1,0,2,0,2,1134
0,1,2,0,2,1134
2,0,2,0,2,1134
1,1,2,0,2,1134
0,2,2,0,2,1134
0,0,3,0,3,1644
1,0,3,0,3,1644
0,1,3,0,3,1644
1,0,1,0,0,0
2,0,3,0,3,1644
1,1,3,0,3,1644
0,1,0,1,0,0
0,2,3,0,3,1644
2,0,2,0,0,0
3,0,3,0,3,1644
2,1,3,0,3,1644
1,1,1,1,0,0
1,2,3,0,3,1644
0,2,0,2,0,0
0,3,3,0,3,1644
0,0,4,0,4,2120
1,0,4,0,4,2120
0,1,4,0,4,2120
2,0,4,0,4,2120
1,1,4,0,4,2120
0,2,4,0,4,2120
0,0,2,0,5,588
2,0,2,0,5,588
1,0,2,0,5,588
1,1,2,0,5,588
3,0,4,0,4,2120
2,1,4,0,4,2120
1,2,4,0,4,2120
0,1,0,0,6,588
1,1,0,0,6,588
0,0,0,0,6,588
0,2,0,0,6,588
0,3,4,0,4,2120
1,0,3,0,5,588
3,0,3,0,5,588
2,0,3,0,5,588
2,1,3,0,5,588
3,0,3,0,0,0
4,0,4,0,4,2120
3,1,4,0,4,2120
2,1,2,1,0,0
2,2,4,0,4,2120
0,1,1,0,7,588
2,1,1,0,7,588
1,0,1,0,7,588
1,2,1,0,7,588
1,2,1,2,0,0
1,3,4,0,4,2120
0,2,0,1,6,588
1,2,0,1,6,588
0,1,0,1,6,588
0,3,0,1,6,588
0,3,0,3,0,0
0,4,4,0,4,2120
0,0,5,0,8,2564
1,0,5,0,8,2564
0,1,5,0,8,2564
2,0,5,0,8,2564
1,1,5,0,8,2564
0,2,5,0,8,2564
3,0,5,0,8,2564
2,1,5,0,8,2564
1,2,5,0,8,2564
0,3,5,0,8,2564
0,0,3,0,9,1136
1,0,3,0,9,1136
0,1,3,0,9,1136
3,0,3,0,9,1136
2,0,3,0,9,1136
2,1,3,0,9,1136
1,1,3,0,9,1136
1,2,3,0,9,1136
4,0,5,0,8,2564
3,1,5,0,8,2564
2,2,5,0,8,2564
1,3,5,0,8,2564
0,1,1,0,10,1138
1,1,1,0,10,1138
0,0,1,0,10,1138
0,2,1,0,10,1138
2,1,1,0,10,1138
1,0,1,0,10,1138
1,2,1,0,10,1138
0,3,1,0,10,1138
0,4,5,0,8,2564
0,0,4,0,11,1136
2,0,4,0,11,1136
1,0,4,0,11,1136
1,1,4,0,11,1136
4,0,4,0,11,1136
3,0,4,0,11,1136
3,1,4,0,11,1136
2,1,4,0,11,1136
2,2,4,0,11,1136
2,0,4,0,5,588
4,0,4,0,5,588
3,0,4,0,5,588
3,1,4,0,5,588
4,0,4,0,0,0
5,0,5,0,8,2564
4,1,5,0,8,2564
3,1,3,1,0,0
3,2,5,0,8,2564
2,2,2,2,0,0
2,3,5,0,8,2564
0,1,2,0,12,1138
1,1,2,0,12,1138
0,0,2,0,12,1138
0,2,2,0,12,1138
3,1,2,0,12,1138
2,0,2,0,12,1138
2,2,2,0,12,1138
1,0,2,0,12,1138
1,3,2,0,12,1138
1,3,1,3,0,0
1,4,5,0,8,2564
0,2,0,0,13,1136
1,2,0,0,13,1136
0,1,0,0,13,1136
0,3,0,0,13,1136
2,2,0,0,13,1136
1,1,0,0,13,1136
1,3,0,0,13,1136
0,0,0,0,13,1136
0,4,0,0,13,1136
0,3,0,2,6,588
1,3,0,2,6,588
0,2,0,2,6,588
0,4,0,2,6,588
0,4,0,4,0,0
0,5,5,0,8,2564
0,0,5,1,14,2993
1,0,5,1,14,2993
0,1,5,1,14,2993
2,0,5,1,14,2993
1,1,5,1,14,2993
0,2,5,1,14,2993
3,0,5,1,14,2993
2,1,5,1,14,2993
1,2,5,1,14,2993
0,3,5,1,14,2993
4,0,5,1,14,2993
3,1,5,1,14,2993
2,2,5,1,14,2993
1,3,5,1,14,2993
0,4,5,1,14,2993
0,0,4,0,15,1646
1,0,4,0,15,1646
0,1,4,0,15,1646
2,0,4,0,15,1646
1,1,4,0,15,1646
0,2,4,0,15,1646
4,0,4,0,15,1646
3,0,4,0,15,1646
3,1,4,0,15,1646
2,1,4,0,15,1646
2,2,4,0,15,1646
1,2,4,0,15,1646
1,3,4,0,15,1646
5,0,5,1,14,2993
4,1,5,1,14,2993
3,2,5,1,14,2993
2,3,5,1,14,2993
1,4,5,1,14,2993
0,1,2,0,16,1651
1,1,2,0,16,1651
0,0,2,0,16,1651
0,2,2,0,16,1651
2,1,2,0,16,1651
1,0,2,0,16,1651
1,2,2,0,16,1651
0,3,2,0,16,1651
3,1,2,0,16,1651
2,0,2,0,16,1651
2,2,2,0,16,1651
1,3,2,0,16,1651
0,4,2,0,16,1651
0,5,5,1,14,2993
0,0,5,0,17,1646
1,0,5,0,17,1646
0,1,5,0,17,1646
3,0,5,0,17,1646
2,0,5,0,17,1646
2,1,5,0,17,1646
1,1,5,0,17,1646
1,2,5,0,17,1646
5,0,5,0,17,1646
4,0,5,0,17,1646
4,1,5,0,17,1646
3,1,5,0,17,1646
3,2,5,0,17,1646
2,2,5,0,17,1646
2,3,5,0,17,1646
1,0,5,0,11,1136
3,0,5,0,11,1136
2,0,5,0,11,1136
2,1,5,0,11,1136
5,0,5,0,11,1136
4,0,5,0,11,1136
4,1,5,0,11,1136
3,1,5,0,11,1136
3,2,5,0,11,1136
3,0,5,0,5,588
5,0,5,0,5,588
4,0,5,0,5,588
4,1,5,0,5,588
5,0,5,0,0,0
6,0,5,1,14,2993
5,1,5,1,14,2993
4,1,4,1,0,0
4,2,5,1,14,2993
3,2,3,2,0,0
3,3,5,1,14,2993
2,3,2,3,0,0
2,4,5,1,14,2993
0,1,3,0,18,1650
1,1,3,0,18,1650
0,0,3,0,18,1650
0,2,3,0,18,1650
2,1,3,0,18,1650
1,0,3,0,18,1650
1,2,3,0,18,1650
0,3,3,0,18,1650
4,1,3,0,18,1650
3,0,3,0,18,1650
3,2,3,0,18,1650
2,0,3,0,18,1650
2,3,3,0,18,1650
1,4,3,0,18,1650
0,3,1,4,19,588
2,3,1,4,19,588
1,2,1,4,19,588
1,4,1,4,19,588
1,4,1,4,0,0
1,5,5,1,14,2993
0,2,1,0,20,1651
1,2,1,0,20,1651
0,1,1,0,20,1651
0,3,1,0,20,1651
2,2,1,0,20,1651
1,1,1,0,20,1651
1,3,1,0,20,1651
0,0,1,0,20,1651
0,4,1,0,20,1651
3,2,1,0,20,1651
2,1,1,0,20,1651
2,3,1,0,20,1651
1,0,1,0,20,1651
1,4,1,0,20,1651
0,5,1,0,20,1651
0,3,0,1,13,1136
1,3,0,1,13,1136
0,2,0,1,13,1136
0,4,0,1,13,1136
2,3,0,1,13,1136
1,2,0,1,13,1136
1,4,0,1,13,1136
0,1,0,1,13,1136
0,5,0,1,13,1136
0,5,0,5,0,0
0,6,5,1,14,2993
0,0,5,2,21,3394
1,0,5,2,21,3394
0,1,5,2,21,3394
2,0,5,2,21,3394
1,1,5,2,21,3394
0,2,5,2,21,3394
3,0,5,2,21,3394
2,1,5,2,21,3394
1,2,5,2,21,3394
0,3,5,2,21,3394
4,0,5,2,21,3394
3,1,5,2,21,3394
2,2,5,2,21,3394
1,3,5,2,21,3394
0,4,5,2,21,3394
5,0,5,2,21,3394
4,1,5,2,21,3394
3,2,5,2,21,3394
2,3,5,2,21,3394
1,4,5,2,21,3394
0,5,5,2,21,3394
0,0,5,0,22,2122
1,0,5,0,22,2122
0,1,5,0,22,2122
2,0,5,0,22,2122
1,1,5,0,22,2122
0,2,5,0,22,2122
3,0,5,0,22,2122
2,1,5,0,22,2122
1,2,5,0,22,2122
0,3,5,0,22,2122
5,0,5,0,22,2122
4,0,5,0,22,2122
4,1,5,0,22,2122
3,1,5,0,22,2122
3,2,5,0,22,2122
2,2,5,0,22,2122
2,3,5,0,22,2122
1,3,5,0,22,2122
1,4,5,0,22,2122
6,0,5,2,21,3394
5,1,5,2,21,3394
4,2,5,2,21,3394
3,3,5,2,21,3394
2,4,5,2,21,3394
1,5,5,2,21,3394
0,1,3,0,23,2130
1,1,3,0,23,2130
0,0,3,0,23,2130
0,2,3,0,23,2130
2,1,3,0,23,2130
1,0,3,0,23,2130
1,2,3,0,23,2130
0,3,3,0,23,2130
3,1,3,0,23,2130
2,0,3,0,23,2130
2,2,3,0,23,2130
1,3,3,0,23,2130
0,4,3,0,23,2130
4,1,3,0,23,2130
3,0,3,0,23,2130
3,2,3,0,23,2130
2,3,3,0,23,2130
1,4,3,0,23,2130
0,5,3,0,23,2130
0,6,5,2,21,3394
0,0,5,1,24,2132
1,0,5,1,24,2132
0,1,5,1,24,2132
2,0,5,1,24,2132
1,1,5,1,24,2132
0,2,5,1,24,2132
4,0,5,1,24,2132
3,0,5,1,24,2132
3,1,5,1,24,2132
2,1,5,1,24,2132
2,2,5,1,24,2132
1,2,5,1,24,2132
1,3,5,1,24,2132
6,0,5,1,24,2132
5,0,5,1,24,2132
5,1,5,1,24,2132
4,1,5,1,24,2132
4,2,5,1,24,2132
3,2,5,1,24,2132
3,3,5,1,24,2132
2,3,5,1,24,2132
2,4,5,1,24,2132
0,0,5,1,25,1653
2,0,5,1,25,1653
1,0,5,1,25,1653
1,1,5,1,25,1653
4,0,5,1,25,1653
3,0,5,1,25,1653
3,1,5,1,25,1653
2,1,5,1,25,1653
2,2,5,1,25,1653
6,0,5,1,25,1653
5,0,5,1,25,1653
5,1,5,1,25,1653
4,1,5,1,25,1653
4,2,5,1,25,1653
3,2,5,1,25,1653
3,3,5,1,25,1653
2,0,5,1,26,1139
4,0,5,1,26,1139
3,0,5,1,26,1139
3,1,5,1,26,1139
6,0,5,1,26,1139
5,0,5,1,26,1139
5,1,5,1,26,1139
4,1,5,1,26,1139
4,2,5,1,26,1139
4,0,5,1,27,588
6,0,5,1,27,588
5,0,5,1,27,588
5,1,5,1,27,588
6,0,6,0,0,0
7,0,5,2,21,3394
6,1,5,2,21,3394
5,1,5,1,0,0
5,2,5,2,21,3394
4,2,4,2,0,0
4,3,5,2,21,3394
3,3,3,3,0,0
3,4,5,2,21,3394
2,4,2,4,0,0
2,5,5,2,21,3394
0,1,4,0,28,2127
1,1,4,0,28,2127
0,0,4,0,28,2127
0,2,4,0,28,2127
2,1,4,0,28,2127
1,0,4,0,28,2127
1,2,4,0,28,2127
0,3,4,0,28,2127
3,1,4,0,28,2127
2,0,4,0,28,2127
2,2,4,0,28,2127
1,3,4,0,28,2127
0,4,4,0,28,2127
5,1,4,0,28,2127
4,0,4,0,28,2127
4,2,4,0,28,2127
3,0,4,0,28,2127
3,3,4,0,28,2127
2,4,4,0,28,2127
1,5,4,0,28,2127
0,3,2,4,29,1138
1,3,2,4,29,1138
0,2,2,4,29,1138
0,4,2,4,29,1138
3,3,2,4,29,1138
2,2,2,4,29,1138
2,4,2,4,29,1138
1,1,2,4,29,1138
1,5,2,4,29,1138
0,4,2,4,30,588
2,4,2,4,30,588
1,3,2,4,30,588
1,5,2,4,30,588
1,5,1,5,0,0
1,6,5,2,21,3394
0,2,2,0,31,2133
1,2,2,0,31,2133
0,1,2,0,31,2133
0,3,2,0,31,2133
2,2,2,0,31,2133
1,1,2,0,31,2133
1,3,2,0,31,2133
0,0,2,0,31,2133
0,4,2,0,31,2133
3,2,2,0,31,2133
2,1,2,0,31,2133
2,3,2,0,31,2133
1,0,2,0,31,2133
1,4,2,0,31,2133
0,5,2,0,31,2133
4,2,2,0,31,2133
3,1,2,0,31,2133
3,3,2,0,31,2133
2,0,2,0,31,2133
2,4,2,0,31,2133
1,5,2,0,31,2133
0,6,2,0,31,2133
0,3,0,0,32,1646
1,3,0,0,32,1646
0,2,0,0,32,1646
0,4,0,0,32,1646
2,3,0,0,32,1646
1,2,0,0,32,1646
1,4,0,0,32,1646
0,1,0,0,32,1646
0,5,0,0,32,1646
3,3,0,0,32,1646
2,2,0,0,32,1646
2,4,0,0,32,1646
1,1,0,0,32,1646
1,5,0,0,32,1646
0,0,0,0,32,1646
0,6,0,0,32,1646
0,5,0,6,33,588
1,5,0,6,33,588
0,4,0,6,33,588
0,6,0,6,33,588
0,6,0,6,0,0
0,7,5,2,21,3394
0,0,5,3,34,3768
1,0,5,3,34,3768
0,1,5,3,34,3768
2,0,5,3,34,3768
1,1,5,3,34,3768
0,2,5,3,34,3768
3,0,5,3,34,3768
2,1,5,3,34,3768
1,2,5,3,34,3768
0,3,5,3,34,3768
4,0,5,3,34,3768
3,1,5,3,34,3768
2,2,5,3,34,3768
1,3,5,3,34,3768
0,4,5,3,34,3768
5,0,5,3,34,3768
4,1,5,3,34,3768
3,2,5,3,34,3768
2,3,5,3,34,3768
1,4,5,3,34,3768
0,5,5,3,34,3768
6,0,5,3,34,3768
5,1,5,3,34,3768
4,2,5,3,34,3768
3,3,5,3,34,3768
2,4,5,3,34,3768
1,5,5,3,34,3768
0,6,5,3,34,3768
0,0,5,1,35,2578
1,0,5,1,35,2578
0,1,5,1,35,2578
2,0,5,1,35,2578
1,1,5,1,35,2578
0,2,5,1,35,2578
3,0,5,1,35,2578
2,1,5,1,35,2578
1,2,5,1,35,2578
0,3,5,1,35,2578
4,0,5,1,35,2578
3,1,5,1,35,2578
2,2,5,1,35,2578
1,3,5,1,35,2578
0,4,5,1,35,2578
6,0,5,1,35,2578
5,0,5,1,35,2578
5,1,5,1,35,2578
4,1,5,1,35,2578
4,2,5,1,35,2578
3,2,5,1,35,2578
3,3,5,1,35,2578
2,3,5,1,35,2578
2,4,5,1,35,2578
1,4,5,1,35,2578
1,5,5,1,35,2578
7,0,5,3,34,3768
6,1,5,3,34,3768
5,2,5,3,34,3768
4,3,5,3,34,3768
3,4,5,3,34,3768
2,5,5,3,34,3768
1,6,5,3,34,3768
0,1,4,0,36,2576
1,1,4,0,36,2576
0,0,4,0,36,2576
0,2,4,0,36,2576
2,1,4,0,36,2576
1,0,4,0,36,2576
1,2,4,0,36,2576
0,3,4,0,36,2576
3,1,4,0,36,2576
2,0,4,0,36,2576
2,2,4,0,36,2576
1,3,4,0,36,2576
0,4,4,0,36,2576
4,1,4,0,36,2576
3,0,4,0,36,2576
3,2,4,0,36,2576
2,3,4,0,36,2576
1,4,4,0,36,2576
0,5,4,0,36,2576
5,1,4,0,36,2576
4,0,4,0,36,2576
4,2,4,0,36,2576
3,3,4,0,36,2576
2,4,4,0,36,2576
1,5,4,0,36,2576
0,6,4,0,36,2576
0,7,5,3,34,3768
0,0,5,2,37,2586
1,0,5,2,37,2586
0,1,5,2,37,2586
2,0,5,2,37,2586
1,1,5,2,37,2586
0,2,5,2,37,2586
3,0,5,2,37,2586
2,1,5,2,37,2586
1,2,5,2,37,2586
0,3,5,2,37,2586
5,0,5,2,37,2586
4,0,5,2,37,2586
4,1,5,2,37,2586
3,1,5,2,37,2586
3,2,5,2,37,2586
2,2,5,2,37,2586
2,3,5,2,37,2586
1,3,5,2,37,2586
1,4,5,2,37,2586
7,0,5,2,37,2586
6,0,5,2,37,2586
6,1,5,2,37,2586
5,1,5,2,37,2586
5,2,5,2,37,2586
4,2,5,2,37,2586
4,3,5,2,37,2586
3,3,5,2,37,2586
3,4,5,2,37,2586
2,4,5,2,37,2586
2,5,5,2,37,2586
0,0,5,2,38,2137
1,0,5,2,38,2137
0,1,5,2,38,2137
3,0,5,2,38,2137
2,0,5,2,38,2137
2,1,5,2,38,2137
1,1,5,2,38,2137
1,2,5,2,38,2137
5,0,5,2,38,2137
4,0,5,2,38,2137
4,1,5,2,38,2137
3,1,5,2,38,2137
3,2,5,2,38,2137
2,2,5,2,38,2137
2,3,5,2,38,2137
7,0,5,2,38,2137
6,0,5,2,38,2137
6,1,5,2,38,2137
5,1,5,2,38,2137
5,2,5,2,38,2137
4,2,5,2,38,2137
4,3,5,2,38,2137
3,3,5,2,38,2137
3,4,5,2,38,2137
1,0,5,2,39,1655
3,0,5,2,39,1655
2,0,5,2,39,1655
2,1,5,2,39,1655
5,0,5,2,39,1655
4,0,5,2,39,1655
4,1,5,2,39,1655
3,1,5,2,39,1655
3,2,5,2,39,1655
7,0,5,2,39,1655
6,0,5,2,39,1655
6,1,5,2,39,1655
5,1,5,2,39,1655
5,2,5,2,39,1655
4,2,5,2,39,1655
4,3,5,2,39,1655
3,0,5,2,40,1138
5,0,5,2,40,1138
4,0,5,2,40,1138
4,1,5,2,40,1138
7,0,5,2,40,1138
6,0,5,2,40,1138
6,1,5,2,40,1138
5,1,5,2,40,1138
5,2,5,2,40,1138
5,0,5,0,41,588
7,0,5,0,41,588
6,0,5,0,41,588
6,1,5,0,41,588
7,0,7,0,0,0
8,0,5,3,34,3768
7,1,5,3,34,3768
6,1,6,1,0,0
6,2,5,3,34,3768
4,1,5,2,19,588
6,1,5,2,19,588
5,0,5,2,19,588
5,2,5,2,19,588
5,2,5,2,0,0
5,3,5,3,34,3768
3,2,5,2,30,588
5,2,5,2,30,588
4,1,5,2,30,588
4,3,5,2,30,588
4,3,4,3,0,0
4,4,5,3,34,3768
2,3,3,4,19,588
4,3,3,4,19,588
3,2,3,4,19,588
3,4,3,4,19,588
3,4,3,4,0,0
3,5,5,3,34,3768
1,4,3,4,30,588
3,4,3,4,30,588
2,3,3,4,30,588
2,5,3,4,30,588
2,5,2,5,0,0
2,6,5,3,34,3768
0,1,5,0,42,2571
1,1,5,0,42,2571
0,0,5,0,42,2571
0,2,5,0,42,2571
2,1,5,0,42,2571
1,0,5,0,42,2571
1,2,5,0,42,2571
0,3,5,0,42,2571
3,1,5,0,42,2571
2,0,5,0,42,2571
2,2,5,0,42,2571
1,3,5,0,42,2571
0,4,5,0,42,2571
4,1,5,0,42,2571
3,0,5,0,42,2571
3,2,5,0,42,2571
2,3,5,0,42,2571
1,4,5,0,42,2571
0,5,5,0,42,2571
6,1,5,0,42,2571
5,0,5,0,42,2571
5,2,5,0,42,2571
4,0,5,0,42,2571
4,3,5,0,42,2571
3,4,5,0,42,2571
2,5,5,0,42,2571
1,6,5,0,42,2571
0,3,3,4,43,1650
1,3,3,4,43,1650
0,2,3,4,43,1650
0,4,3,4,43,1650
2,3,3,4,43,1650
1,2,3,4,43,1650
1,4,3,4,43,1650
0,1,3,4,43,1650
0,5,3,4,43,1650
4,3,3,4,43,1650
3,2,3,4,43,1650
3,4,3,4,43,1650
2,1,3,4,43,1650
2,5,3,4,43,1650
1,0,3,4,43,1650
1,6,3,4,43,1650
0,4,3,4,44,1136
1,4,3,4,44,1136
0,3,3,4,44,1136
0,5,3,4,44,1136
3,4,3,4,44,1136
2,3,3,4,44,1136
2,5,3,4,44,1136
1,2,3,4,44,1136
1,6,3,4,44,1136
0,5,0,5,45,588
2,5,0,5,45,588
1,4,0,5,45,588
1,6,0,5,45,588
1,6,1,6,0,0
1,7,5,3,34,3768
0,2,3,0,46,2582
1,2,3,0,46,2582
0,1,3,0,46,2582
0,3,3,0,46,2582
2,2,3,0,46,2582
1,1,3,0,46,2582
1,3,3,0,46,2582
0,0,3,0,46,2582
0,4,3,0,46,2582
3,2,3,0,46,2582
2,1,3,0,46,2582
2,3,3,0,46,2582
1,0,3,0,46,2582
1,4,3,0,46,2582
0,5,3,0,46,2582
4,2,3,0,46,2582
3,1,3,0,46,2582
3,3,3,0,46,2582
2,0,3,0,46,2582
2,4,3,0,46,2582
1,5,3,0,46,2582
0,6,3,0,46,2582
5,2,3,0,46,2582
4,1,3,0,46,2582
4,3,3,0,46,2582
3,0,3,0,46,2582
3,4,3,0,46,2582
2,5,3,0,46,2582
1,6,3,0,46,2582
0,7,3,0,46,2582
0,3,1,0,47,2130
1,3,1,0,47,2130
0,2,1,0,47,2130
0,4,1,0,47,2130
2,3,1,0,47,2130
1,2,1,0,47,2130
1,4,1,0,47,2130
0,1,1,0,47,2130
0,5,1,0,47,2130
3,3,1,0,47,2130
2,2,1,0,47,2130
2,4,1,0,47,2130
1,1,1,0,47,2130
1,5,1,0,47,2130
0,0,1,0,47,2130
0,6,1,0,47,2130
4,3,1,0,47,2130
3,2,1,0,47,2130
3,4,1,0,47,2130
2,1,1,0,47,2130
2,5,1,0,47,2130
1,0,1,0,47,2130
1,6,1,0,47,2130
0,7,1,0,47,2130
0,5,0,7,48,1136
1,5,0,7,48,1136
0,4,0,7,48,1136
0,6,0,7,48,1136
2,5,0,7,48,1136
1,4,0,7,48,1136
1,6,0,7,48,1136
0,3,0,7,48,1136
0,7,0,7,48,1136
0,6,0,7,33,588
1,6,0,7,33,588
0,5,0,7,33,588
0,7,0,7,33,588
0,7,0,7,0,0
0,8,5,3,34,3768
0,0,5,4,49,4117
1,0,5,4,49,4117
0,1,5,4,49,4117
2,0,5,4,49,4117
1,1,5,4,49,4117
0,2,5,4,49,4117
3,0,5,4,49,4117
2,1,5,4,49,4117
1,2,5,4,49,4117
0,3,5,4,49,4117
4,0,5,4,49,4117
3,1,5,4,49,4117
2,2,5,4,49,4117
1,3,5,4,49,4117
0,4,5,4,49,4117
5,0,5,4,49,4117
4,1,5,4,49,4117
3,2,5,4,49,4117
2,3,5,4,49,4117
1,4,5,4,49,4117
0,5,5,4,49,4117
6,0,5,4,49,4117
5,1,5,4,49,4117
4,2,5,4,49,4117
3,3,5,4,49,4117
2,4,5,4,49,4117
1,5,5,4,49,4117
0,6,5,4,49,4117
7,0,5,4,49,4117
6,1,5,4,49,4117
5,2,5,4,49,4117
4,3,5,4,49,4117
3,4,5,4,49,4117
2,5,5,4,49,4117
1,6,5,4,49,4117
0,7,5,4,49,4117
0,0,5,2,50,3005
1,0,5,2,50,3005
0,1,5,2,50,3005
2,0,5,2,50,3005
1,1,5,2,50,3005
0,2,5,2,50,3005
3,0,5,2,50,3005
2,1,5,2,50,3005
1,2,5,2,50,3005
0,3,5,2,50,3005
4,0,5,2,50,3005
3,1,5,2,50,3005
2,2,5,2,50,3005
1,3,5,2,50,3005
0,4,5,2,50,3005
5,0,5,2,50,3005
4,1,5,2,50,3005
3,2,5,2,50,3005
2,3,5,2,50,3005
1,4,5,2,50,3005
0,5,5,2,50,3005
7,0,5,2,50,3005
6,0,5,2,50,3005
6,1,5,2,50,3005
5,1,5,2,50,3005
5,2,5,2,50,3005
4,2,5,2,50,3005
4,3,5,2,50,3005
3,3,5,2,50,3005
3,4,5,2,50,3005
2,4,5,2,50,3005
2,5,5,2,50,3005
1,5,5,2,50,3005
1,6,5,2,50,3005
8,0,5,4,49,4117
7,1,5,4,49,4117
6,2,5,4,49,4117
5,3,5,4,49,4117
4,4,5,4,49,4117
3,5,5,4,49,4117
2,6,5,4,49,4117
1,7,5,4,49,4117
0,1,5,0,51,2992
1,1,5,0,51,2992
0,0,5,0,51,2992
0,2,5,0,51,2992
2,1,5,0,51,2992
1,0,5,0,51,2992
1,2,5,0,51,2992
0,3,5,0,51,2992
3,1,5,0,51,2992
2,0,5,0,51,2992
2,2,5,0,51,2992
1,3,5,0,51,2992
0,4,5,0,51,2992
4,1,5,0,51,2992
3,0,5,0,51,2992
3,2,5,0,51,2992
2,3,5,0,51,2992
1,4,5,0,51,2992
0,5,5,0,51,2992
5,1,5,0,51,2992
4,0,5,0,51,2992
4,2,5,0,51,2992
3,3,5,0,51,2992
2,4,5,0,51,2992
1,5,5,0,51,2992
0,6,5,0,51,2992
6,1,5,0,51,2992
5,0,5,0,51,2992
5,2,5,0,51,2992
4,3,5,0,51,2992
3,4,5,0,51,2992
2,5,5,0,51,2992
1,6,5,0,51,2992
0,7,5,0,51,2992
0,8,5,4,49,4117
0,0,5,3,52,3009
1,0,5,3,52,3009
0,1,5,3,52,3009
2,0,5,3,52,3009
1,1,5,3,52,3009
0,2,5,3,52,3009
3,0,5,3,52,3009
2,1,5,3,52,3009
1,2,5,3,52,3009
0,3,5,3,52,3009
4,0,5,3,52,3009
3,1,5,3,52,3009
2,2,5,3,52,3009
1,3,5,3,52,3009
0,4,5,3,52,3009
6,0,5,3,52,3009
5,0,5,3,52,3009
5,1,5,3,52,3009
4,1,5,3,52,3009
4,2,5,3,52,3009
3,2,5,3,52,3009
3,3,5,3,52,3009
2,3,5,3,52,3009
2,4,5,3,52,3009
1,4,5,3,52,3009
1,5,5,3,52,3009
8,0,5,3,52,3009
7,0,5,3,52,3009
7,1,5,3,52,3009
6,1,5,3,52,3009
6,2,5,3,52,3009
5,2,5,3,52,3009
5,3,5,3,52,3009
4,3,5,3,52,3009
4,4,5,3,52,3009
3,4,5,3,52,3009
3,5,5,3,52,3009
2,5,5,3,52,3009
2,6,5,3,52,3009
0,0,5,3,53,2588
1,0,5,3,53,2588
0,1,5,3,53,2588
2,0,5,3,53,2588
1,1,5,3,53,2588
0,2,5,3,53,2588
4,0,5,3,53,2588
3,0,5,3,53,2588
3,1,5,3,53,2588
2,1,5,3,53,2588
2,2,5,3,53,2588
1,2,5,3,53,2588
1,3,5,3,53,2588
6,0,5,3,53,2588
5,0,5,3,53,2588
5,1,5,3,53,2588
4,1,5,3,53,2588
4,2,5,3,53,2588
3,2,5,3,53,2588
3,3,5,3,53,2588
2,3,5,3,53,2588
2,4,5,3,53,2588
8,0,5,3,53,2588
7,0,5,3,53,2588
7,1,5,3,53,2588
6,1,5,3,53,2588
6,2,5,3,53,2588
5,2,5,3,53,2588
5,3,5,3,53,2588
4,3,5,3,53,2588
4,4,5,3,53,2588
3,4,5,3,53,2588
3,5,5,3,53,2588
0,0,5,3,54,2135
2,0,5,3,54,2135
1,0,5,3,54,2135
1,1,5,3,54,2135
4,0,5,3,54,2135
3,0,5,3,54,2135
3,1,5,3,54,2135
2,1,5,3,54,2135
2,2,5,3,54,2135
6,0,5,3,54,2135
5,0,5,3,54,2135
5,1,5,3,54,2135
4,1,5,3,54,2135
4,2,5,3,54,2135
3,2,5,3,54,2135
3,3,5,3,54,2135
8,0,5,3,54,2135
7,0,5,3,54,2135
7,1,5,3,54,2135
6,1,5,3,54,2135
6,2,5,3,54,2135
5,2,5,3,54,2135
5,3,5,3,54,2135
4,3,5,3,54,2135
4,4,5,3,54,2135
2,0,5,3,55,1650
4,0,5,3,55,1650
3,0,5,3,55,1650
3,1,5,3,55,1650
6,0,5,3,55,1650
5,0,5,3,55,1650
5,1,5,3,55,1650
4,1,5,3,55,1650
4,2,5,3,55,1650
8,0,5,3,55,1650
7,0,5,3,55,1650
7,1,5,3,55,1650
6,1,5,3,55,1650
6,2,5,3,55,1650
5,2,5,3,55,1650
5,3,5,3,55,1650
4,0,5,1,56,1139
6,0,5,1,56,1139
5,0,5,1,56,1139
5,1,5,1,56,1139
8,0,5,1,56,1139
7,0,5,1,56,1139
7,1,5,1,56,1139
6,1,5,1,56,1139
6,2,5,1,56,1139
6,0,6,0,41,588
8,0,6,0,41,588
7,0,6,0,41,588
7,1,6,0,41,588
8,0,8,0,0,0
9,0,5,4,49,4117
8,1,5,4,49,4117
7,1,7,1,0,0
7,2,5,4,49,4117
5,1,5,1,45,588
7,1,5,1,45,588
6,0,5,1,45,588
6,2,5,1,45,588
6,2,6,2,0,0
6,3,5,4,49,4117
3,1,5,3,57,1136
5,1,5,3,57,1136
4,0,5,3,57,1136
4,2,5,3,57,1136
7,1,5,3,57,1136
6,0,5,3,57,1136
6,2,5,3,57,1136
5,0,5,3,57,1136
5,3,5,3,57,1136
4,2,5,3,19,588
6,2,5,3,19,588
5,1,5,3,19,588
5,3,5,3,19,588
5,3,5,3,0,0
5,4,5,4,49,4117
2,2,5,3,58,1138
4,2,5,3,58,1138
3,1,5,3,58,1138
3,3,5,3,58,1138
6,2,5,3,58,1138
5,1,5,3,58,1138
5,3,5,3,58,1138
4,0,5,3,58,1138
4,4,5,3,58,1138
3,3,5,3,30,588
5,3,5,3,30,588
4,2,5,3,30,588
4,4,5,3,30,588
4,4,4,4,0,0
4,5,5,4,49,4117
1,3,3,5,59,1136
3,3,3,5,59,1136
2,2,3,5,59,1136
2,4,3,5,59,1136
5,3,3,5,59,1136
4,2,3,5,59,1136
4,4,3,5,59,1136
3,1,3,5,59,1136
3,5,3,5,59,1136
2,4,3,5,19,588
4,4,3,5,19,588
3,3,3,5,19,588
3,5,3,5,19,588
3,5,3,5,0,0
3,6,5,4,49,4117
0,4,3,5,58,1138
2,4,3,5,58,1138
1,3,3,5,58,1138
1,5,3,5,58,1138
4,4,3,5,58,1138
3,3,3,5,58,1138
3,5,3,5,58,1138
2,2,3,5,58,1138
2,6,3,5,58,1138
2,6,2,6,0,0
2,7,5,4,49,4117
0,1,5,1,60,2997
1,1,5,1,60,2997
0,0,5,1,60,2997
0,2,5,1,60,2997
2,1,5,1,60,2997
1,0,5,1,60,2997
1,2,5,1,60,2997
0,3,5,1,60,2997
3,1,5,1,60,2997
2,0,5,1,60,2997
2,2,5,1,60,2997
1,3,5,1,60,2997
0,4,5,1,60,2997
4,1,5,1,60,2997
3,0,5,1,60,2997
3,2,5,1,60,2997
2,3,5,1,60,2997
1,4,5,1,60,2997
0,5,5,1,60,2997
5,1,5,1,60,2997
4,0,5,1,60,2997
4,2,5,1,60,2997
3,3,5,1,60,2997
2,4,5,1,60,2997
1,5,5,1,60,2997
0,6,5,1,60,2997
7,1,5,1,60,2997
6,0,5,1,60,2997
6,2,5,1,60,2997
5,0,5,1,60,2997
5,3,5,1,60,2997
4,4,5,1,60,2997
3,5,5,1,60,2997
2,6,5,1,60,2997
1,7,5,1,60,2997
0,3,3,5,61,2128
1,3,3,5,61,2128
0,2,3,5,61,2128
0,4,3,5,61,2128
2,3,3,5,61,2128
1,2,3,5,61,2128
1,4,3,5,61,2128
0,1,3,5,61,2128
0,5,3,5,61,2128
3,3,3,5,61,2128
2,2,3,5,61,2128
2,4,3,5,61,2128
1,1,3,5,61,2128
1,5,3,5,61,2128
0,0,3,5,61,2128
0,6,3,5,61,2128
5,3,3,5,61,2128
4,2,3,5,61,2128
4,4,3,5,61,2128
3,1,3,5,61,2128
3,5,3,5,61,2128
2,0,3,5,61,2128
2,6,3,5,61,2128
1,0,3,5,61,2128
1,7,3,5,61,2128
0,4,3,5,62,1650
1,4,3,5,62,1650
0,3,3,5,62,1650
0,5,3,5,62,1650
2,4,3,5,62,1650
1,3,3,5,62,1650
1,5,3,5,62,1650
0,2,3,5,62,1650
0,6,3,5,62,1650
4,4,3,5,62,1650
3,3,3,5,62,1650
3,5,3,5,62,1650
2,2,3,5,62,1650
2,6,3,5,62,1650
1,1,3,5,62,1650
1,7,3,5,62,1650
0,5,0,6,63,1138
1,5,0,6,63,1138
0,4,0,6,63,1138
0,6,0,6,63,1138
3,5,0,6,63,1138
2,4,0,6,63,1138
2,6,0,6,63,1138
1,3,0,6,63,1138
1,7,0,6,63,1138
1,7,1,7,0,0
1,8,5,4,49,4117
0,2,4,0,64,3001
1,2,4,0,64,3001
0,1,4,0,64,3001
0,3,4,0,64,3001
2,2,4,0,64,3001
1,1,4,0,64,3001
1,3,4,0,64,3001
0,0,4,0,64,3001
0,4,4,0,64,3001
3,2,4,0,64,3001
2,1,4,0,64,3001
2,3,4,0,64,3001
1,0,4,0,64,3001
1,4,4,0,64,3001
0,5,4,0,64,3001
4,2,4,0,64,3001
3,1,4,0,64,3001
3,3,4,0,64,3001
2,0,4,0,64,3001
2,4,4,0,64,3001
1,5,4,0,64,3001
0,6,4,0,64,3001
5,2,4,0,64,3001
4,1,4,0,64,3001
4,3,4,0,64,3001
3,0,4,0,64,3001
3,4,4,0,64,3001
2,5,4,0,64,3001
1,6,4,0,64,3001
0,7,4,0,64,3001
6,2,4,0,64,3001
5,1,4,0,64,3001
5,3,4,0,64,3001
4,0,4,0,64,3001
4,4,4,0,64,3001
3,5,4,0,64,3001
2,6,4,0,64,3001
1,7,4,0,64,3001
0,8,4,0,64,3001
0,3,2,0,65,2583
1,3,2,0,65,2583
0,2,2,0,65,2583
0,4,2,0,65,2583
2,3,2,0,65,2583
1,2,2,0,65,2583
1,4,2,0,65,2583
0,1,2,0,65,2583
0,5,2,0,65,2583
3,3,2,0,65,2583
2,2,2,0,65,2583
2,4,2,0,65,2583
1,1,2,0,65,2583
1,5,2,0,65,2583
0,0,2,0,65,2583
0,6,2,0,65,2583
4,3,2,0,65,2583
3,2,2,0,65,2583
3,4,2,0,65,2583
2,1,2,0,65,2583
2,5,2,0,65,2583
1,0,2,0,65,2583
1,6,2,0,65,2583
0,7,2,0,65,2583
5,3,2,0,65,2583
4,2,2,0,65,2583
4,4,2,0,65,2583
3,1,2,0,65,2583
3,5,2,0,65,2583
2,0,2,0,65,2583
2,6,2,0,65,2583
1,7,2,0,65,2583
0,8,2,0,65,2583
0,5,1,7,66,1653
1,5,1,7,66,1653
0,4,1,7,66,1653
0,6,1,7,66,1653
2,5,1,7,66,1653
1,4,1,7,66,1653
1,6,1,7,66,1653
0,3,1,7,66,1653
0,7,1,7,66,1653
3,5,1,7,66,1653
2,4,1,7,66,1653
2,6,1,7,66,1653
1,3,1,7,66,1653
1,7,1,7,66,1653
0,2,1,7,66,1653
0,8,1,7,66,1653
0,6,1,7,67,1139
1,6,1,7,67,1139
0,5,1,7,67,1139
0,7,1,7,67,1139
2,6,1,7,67,1139
1,5,1,7,67,1139
1,7,1,7,67,1139
0,4,1,7,67,1139
0,8,1,7,67,1139
0,7,1,7,68,588
1,7,1,7,68,588
0,6,1,7,68,588
0,8,1,7,68,588
0,8,0,8,0,0
0,9,5,4,49,4117
0,0,5,5,69,4442
1,0,5,5,69,4442
0,1,5,5,69,4442
2,0,5,5,69,4442
1,1,5,5,69,4442
0,2,5,5,69,4442
3,0,5,5,69,4442
2,1,5,5,69,4442
1,2,5,5,69,4442
0,3,5,5,69,4442
4,0,5,5,69,4442
3,1,5,5,69,4442
2,2,5,5,69,4442
1,3,5,5,69,4442
0,4,5,5,69,4442
5,0,5,5,69,4442
4,1,5,5,69,4442
3,2,5,5,69,4442
2,3,5,5,69,4442
1,4,5,5,69,4442
0,5,5,5,69,4442
6,0,5,5,69,4442
5,1,5,5,69,4442
4,2,5,5,69,4442
3,3,5,5,69,4442
2,4,5,5,69,4442
1,5,5,5,69,4442
0,6,5,5,69,4442
7,0,5,5,69,4442
6,1,5,5,69,4442
5,2,5,5,69,4442
4,3,5,5,69,4442
3,4,5,5,69,4442
2,5,5,5,69,4442
1,6,5,5,69,4442
0,7,5,5,69,4442
8,0,5,5,69,4442
7,1,5,5,69,4442
6,2,5,5,69,4442
5,3,5,5,69,4442
4,4,5,5,69,4442
3,5,5,5,69,4442
2,6,5,5,69,4442
1,7,5,5,69,4442
0,8,5,5,69,4442
0,0,5,3,70,3402
1,0,5,3,70,3402
0,1,5,3,70,3402
2,0,5,3,70,3402
1,1,5,3,70,3402
0,2,5,3,70,3402
3,0,5,3,70,3402
2,1,5,3,70,3402
1,2,5,3,70,3402
0,3,5,3,70,3402
4,0,5,3,70,3402
3,1,5,3,70,3402
2,2,5,3,70,3402
1,3,5,3,70,3402
0,4,5,3,70,3402
5,0,5,3,70,3402
4,1,5,3,70,3402
3,2,5,3,70,3402
2,3,5,3,70,3402
1,4,5,3,70,3402
0,5,5,3,70,3402
6,0,5,3,70,3402
5,1,5,3,70,3402
4,2,5,3,70,3402
3,3,5,3,70,3402
2,4,5,3,70,3402
1,5,5,3,70,3402
0,6,5,3,70,3402
8,0,5,3,70,3402
7,0,5,3,70,3402
7,1,5,3,70,3402
6,1,5,3,70,3402
6,2,5,3,70,3402
5,2,5,3,70,3402
5,3,5,3,70,3402
4,3,5,3,70,3402
4,4,5,3,70,3402
3,4,5,3,70,3402
3,5,5,3,70,3402
2,5,5,3,70,3402
2,6,5,3,70,3402
1,6,5,3,70,3402
1,7,5,3,70,3402
9,0,5,5,69,4442
8,1,5,5,69,4442
7,2,5,5,69,4442
6,3,5,5,69,4442
5,4,5,5,69,4442
4,5,5,5,69,4442
3,6,5,5,69,4442
2,7,5,5,69,4442
1,8,5,5,69,4442
0,1,5,1,71,3393
1,1,5,1,71,3393
0,0,5,1,71,3393
0,2,5,1,71,3393
2,1,5,1,71,3393
1,0,5,1,71,3393
1,2,5,1,71,3393
0,3,5,1,71,3393
3,1,5,1,71,3393
2,0,5,1,71,3393
2,2,5,1,71,3393
1,3,5,1,71,3393
0,4,5,1,71,3393
4,1,5,1,71,3393
3,0,5,1,71,3393
3,2,5,1,71,3393
2,3,5,1,71,3393
1,4,5,1,71,3393
0,5,5,1,71,3393
5,1,5,1,71,3393
4,0,5,1,71,3393
4,2,5,1,71,3393
3,3,5,1,71,3393
2,4,5,1,71,3393
1,5,5,1,71,3393
0,6,5,1,71,3393
6,1,5,1,71,3393
5,0,5,1,71,3393
5,2,5,1,71,3393
4,3,5,1,71,3393
3,4,5,1,71,3393
2,5,5,1,71,3393
1,6,5,1,71,3393
0,7,5,1,71,3393
7,1,5,1,71,3393
6,0,5,1,71,3393
6,2,5,1,71,3393
5,3,5,1,71,3393
4,4,5,1,71,3393
3,5,5,1,71,3393
2,6,5,1,71,3393
1,7,5,1,71,3393
0,8,5,1,71,3393
0,9,5,5,69,4442
0,0,5,4,72,3404
1,0,5,4,72,3404
0,1,5,4,72,3404
2,0,5,4,72,3404
1,1,5,4,72,3404
0,2,5,4,72,3404
3,0,5,4,72,3404
2,1,5,4,72,3404
1,2,5,4,72,3404
0,3,5,4,72,3404
4,0,5,4,72,3404
3,1,5,4,72,3404
2,2,5,4,72,3404
1,3,5,4,72,3404
0,4,5,4,72,3404
5,0,5,4,72,3404
4,1,5,4,72,3404
3,2,5,4,72,3404
2,3,5,4,72,3404
1,4,5,4,72,3404
0,5,5,4,72,3404
7,0,5,4,72,3404
6,0,5,4,72,3404
6,1,5,4,72,3404
5,1,5,4,72,3404
5,2,5,4,72,3404
4,2,5,4,72,3404
4,3,5,4,72,3404
3,3,5,4,72,3404
3,4,5,4,72,3404
2,4,5,4,72,3404
2,5,5,4,72,3404
1,5,5,4,72,3404
1,6,5,4,72,3404
9,0,5,4,72,3404
8,0,5,4,72,3404
8,1,5,4,72,3404
7,1,5,4,72,3404
7,2,5,4,72,3404
6,2,5,4,72,3404
6,3,5,4,72,3404
5,3,5,4,72,3404
5,4,5,4,72,3404
4,4,5,4,72,3404
4,5,5,4,72,3404
3,5,5,4,72,3404
3,6,5,4,72,3404
2,6,5,4,72,3404
2,7,5,4,72,3404
0,0,5,4,73,3008
1,0,5,4,73,3008
0,1,5,4,73,3008
2,0,5,4,73,3008
1,1,5,4,73,3008
0,2,5,4,73,3008
3,0,5,4,73,3008
2,1,5,4,73,3008
1,2,5,4,73,3008
0,3,5,4,73,3008
5,0,5,4,73,3008
4,0,5,4,73,3008
4,1,5,4,73,3008
3,1,5,4,73,3008
3,2,5,4,73,3008
2,2,5,4,73,3008
2,3,5,4,73,3008
1,3,5,4,73,3008
1,4,5,4,73,3008
7,0,5,4,73,3008
6,0,5,4,73,3008
6,1,5,4,73,3008
5,1,5,4,73,3008
5,2,5,4,73,3008
4,2,5,4,73,3008
4,3,5,4,73,3008
3,3,5,4,73,3008
3,4,5,4,73,3008
2,4,5,4,73,3008
2,5,5,4,73,3008
9,0,5,4,73,3008
8,0,5,4,73,3008
8,1,5,4,73,3008
7,1,5,4,73,3008
7,2,5,4,73,3008
6,2,5,4,73,3008
6,3,5,4,73,3008
5,3,5,4,73,3008
5,4,5,4,73,3008
4,4,5,4,73,3008
4,5,5,4,73,3008
3,5,5,4,73,3008
3,6,5,4,73,3008
0,0,5,4,74,2583
1,0,5,4,74,2583
0,1,5,4,74,2583
3,0,5,4,74,2583
2,0,5,4,74,2583
2,1,5,4,74,2583
1,1,5,4,74,2583
1,2,5,4,74,2583
5,0,5,4,74,2583
4,0,5,4,74,2583
4,1,5,4,74,2583
3,1,5,4,74,2583
3,2,5,4,74,2583
2,2,5,4,74,2583
2,3,5,4,74,2583
7,0,5,4,74,2583
6,0,5,4,74,2583
6,1,5,4,74,2583
5,1,5,4,74,2583
5,2,5,4,74,2583
4,2,5,4,74,2583
4,3,5,4,74,2583
3,3,5,4,74,2583
3,4,5,4,74,2583
9,0,5,4,74,2583
8,0,5,4,74,2583
8,1,5,4,74,2583
7,1,5,4,74,2583
7,2,5,4,74,2583
6,2,5,4,74,2583
6,3,5,4,74,2583
5,3,5,4,74,2583
5,4,5,4,74,2583
4,4,5,4,74,2583
4,5,5,4,74,2583
1,0,5,4,75,2127
3,0,5,4,75,2127
2,0,5,4,75,2127
2,1,5,4,75,2127
5,0,5,4,75,2127
4,0,5,4,75,2127
4,1,5,4,75,2127
3,1,5,4,75,2127
3,2,5,4,75,2127
7,0,5,4,75,2127
6,0,5,4,75,2127
6,1,5,4,75,2127
5,1,5,4,75,2127
5,2,5,4,75,2127
4,2,5,4,75,2127
4,3,5,4,75,2127
9,0,5,4,75,2127
8,0,5,4,75,2127
8,1,5,4,75,2127
7,1,5,4,75,2127
7,2,5,4,75,2127
6,2,5,4,75,2127
6,3,5,4,75,2127
5,3,5,4,75,2127
5,4,5,4,75,2127
3,0,5,2,76,1655
5,0,5,2,76,1655
4,0,5,2,76,1655
4,1,5,2,76,1655
7,0,5,2,76,1655
6,0,5,2,76,1655
6,1,5,2,76,1655
5,1,5,2,76,1655
5,2,5,2,76,1655
9,0,5,2,76,1655
8,0,5,2,76,1655
8,1,5,2,76,1655
7,1,5,2,76,1655
7,2,5,2,76,1655
6,2,5,2,76,1655
6,3,5,2,76,1655
5,0,5,0,77,1136
7,0,5,0,77,1136
6,0,5,0,77,1136
6,1,5,0,77,1136
9,0,5,0,77,1136
8,0,5,0,77,1136
8,1,5,0,77,1136
7,1,5,0,77,1136
7,2,5,0,77,1136
7,0,7,0,41,588
9,0,7,0,41,588
8,0,7,0,41,588
8,1,7,0,41,588
9,0,9,0,0,0
9,1,5,5,69,4442
8,1,8,1,0,0
8,2,5,5,69,4442
6,1,6,1,45,588
8,1,6,1,45,588
7,0,6,1,45,588
7,2,6,1,45,588
7,2,7,2,0,0
7,3,5,5,69,4442
4,1,5,2,78,1138
6,1,5,2,78,1138
5,0,5,2,78,1138
5,2,5,2,78,1138
8,1,5,2,78,1138
7,0,5,2,78,1138
7,2,5,2,78,1138
6,0,5,2,78,1138
6,3,5,2,78,1138
5,2,5,2,45,588
7,2,5,2,45,588
6,1,5,2,45,588
6,3,5,2,45,588
6,3,6,3,0,0
6,4,5,5,69,4442
2,1,5,4,79,1646
4,1,5,4,79,1646
3,0,5,4,79,1646
3,2,5,4,79,1646
6,1,5,4,79,1646
5,0,5,4,79,1646
5,2,5,4,79,1646
4,0,5,4,79,1646
4,3,5,4,79,1646
8,1,5,4,79,1646
7,0,5,4,79,1646
7,2,5,4,79,1646
6,0,5,4,79,1646
6,3,5,4,79,1646
5,1,5,4,79,1646
5,4,5,4,79,1646
3,2,5,4,59,1136
5,2,5,4,59,1136
4,1,5,4,59,1136
4,3,5,4,59,1136
7,2,5,4,59,1136
6,1,5,4,59,1136
6,3,5,4,59,1136
5,0,5,4,59,1136
5,4,5,4,59,1136
4,3,5,4,19,588
6,3,5,4,19,588
5,2,5,4,19,588
5,4,5,4,19,588
5,4,5,4,0,0
5,5,5,5,69,4442
1,2,5,4,80,1650
3,2,5,4,80,1650
2,1,5,4,80,1650
2,3,5,4,80,1650
5,2,5,4,80,1650
4,1,5,4,80,1650
4,3,5,4,80,1650
3,0,5,4,80,1650
3,4,5,4,80,1650
7,2,5,4,80,1650
6,1,5,4,80,1650
6,3,5,4,80,1650
5,0,5,4,80,1650
5,4,5,4,80,1650
4,0,5,4,80,1650
4,5,5,4,80,1650
2,3,5,4,58,1138
4,3,5,4,58,1138
3,2,5,4,58,1138
3,4,5,4,58,1138
6,3,5,4,58,1138
5,2,5,4,58,1138
5,4,5,4,58,1138
4,1,5,4,58,1138
4,5,5,4,58,1138
4,5,4,5,0,0
4,6,5,5,69,4442
0,3,3,6,81,1646
2,3,3,6,81,1646
1,2,3,6,81,1646
1,4,3,6,81,1646
4,3,3,6,81,1646
3,2,3,6,81,1646
3,4,3,6,81,1646
2,1,3,6,81,1646
2,5,3,6,81,1646
6,3,3,6,81,1646
5,2,3,6,81,1646
5,4,3,6,81,1646
4,1,3,6,81,1646
4,5,3,6,81,1646
3,0,3,6,81,1646
3,6,3,6,81,1646
1,4,3,6,59,1136
3,4,3,6,59,1136
2,3,3,6,59,1136
2,5,3,6,59,1136
5,4,3,6,59,1136
4,3,3,6,59,1136
4,5,3,6,59,1136
3,2,3,6,59,1136
3,6,3,6,59,1136
2,5,3,6,19,588
4,5,3,6,19,588
3,4,3,6,19,588
3,6,3,6,19,588
3,6,3,6,0,0
3,7,5,5,69,4442
0,4,3,6,82,1650
1,4,3,6,82,1650
0,3,3,6,82,1650
0,5,3,6,82,1650
3,4,3,6,82,1650
2,3,3,6,82,1650
2,5,3,6,82,1650
1,2,3,6,82,1650
1,6,3,6,82,1650
5,4,3,6,82,1650
4,3,3,6,82,1650
4,5,3,6,82,1650
3,2,3,6,82,1650
3,6,3,6,82,1650
2,1,3,6,82,1650
2,7,3,6,82,1650
1,6,3,6,30,588
3,6,3,6,30,588
2,5,3,6,30,588
2,7,3,6,30,588
2,7,2,7,0,0
2,8,5,5,69,4442
0,1,5,2,83,3395
1,1,5,2,83,3395
0,0,5,2,83,3395
0,2,5,2,83,3395
2,1,5,2,83,3395
1,0,5,2,83,3395
1,2,5,2,83,3395
0,3,5,2,83,3395
3,1,5,2,83,3395
2,0,5,2,83,3395
2,2,5,2,83,3395
1,3,5,2,83,3395
0,4,5,2,83,3395
4,1,5,2,83,3395
3,0,5,2,83,3395
3,2,5,2,83,3395
2,3,5,2,83,3395
1,4,5,2,83,3395
0,5,5,2,83,3395
5,1,5,2,83,3395
4,0,5,2,83,3395
4,2,5,2,83,3395
3,3,5,2,83,3395
2,4,5,2,83,3395
1,5,5,2,83,3395
0,6,5,2,83,3395
6,1,5,2,83,3395
5,0,5,2,83,3395
5,2,5,2,83,3395
4,3,5,2,83,3395
3,4,5,2,83,3395
2,5,5,2,83,3395
1,6,5,2,83,3395
0,7,5,2,83,3395
8,1,5,2,83,3395
7,0,5,2,83,3395
7,2,5,2,83,3395
6,0,5,2,83,3395
6,3,5,2,83,3395
5,4,5,2,83,3395
4,5,5,2,83,3395
3,6,5,2,83,3395
2,7,5,2,83,3395
1,8,5,2,83,3395
0,3,3,6,84,2574
1,3,3,6,84,2574
0,2,3,6,84,2574
0,4,3,6,84,2574
2,3,3,6,84,2574
1,2,3,6,84,2574
1,4,3,6,84,2574
0,1,3,6,84,2574
0,5,3,6,84,2574
3,3,3,6,84,2574
2,2,3,6,84,2574
2,4,3,6,84,2574
1,1,3,6,84,2574
1,5,3,6,84,2574
0,0,3,6,84,2574
0,6,3,6,84,2574
4,3,3,6,84,2574
3,2,3,6,84,2574
3,4,3,6,84,2574
2,1,3,6,84,2574
2,5,3,6,84,2574
1,0,3,6,84,2574
1,6,3,6,84,2574
0,7,3,6,84,2574
6,3,3,6,84,2574
5,2,3,6,84,2574
5,4,3,6,84,2574
4,1,3,6,84,2574
4,5,3,6,84,2574
3,0,3,6,84,2574
3,6,3,6,84,2574
2,0,3,6,84,2574
2,7,3,6,84,2574
1,8,3,6,84,2574
0,4,3,6,85,2128
1,4,3,6,85,2128
0,3,3,6,85,2128
0,5,3,6,85,2128
2,4,3,6,85,2128
1,3,3,6,85,2128
1,5,3,6,85,2128
0,2,3,6,85,2128
0,6,3,6,85,2128
3,4,3,6,85,2128
2,3,3,6,85,2128
2,5,3,6,85,2128
1,2,3,6,85,2128
1,6,3,6,85,2128
0,1,3,6,85,2128
0,7,3,6,85,2128
5,4,3,6,85,2128
4,3,3,6,85,2128
4,5,3,6,85,2128
3,2,3,6,85,2128
3,6,3,6,85,2128
2,1,3,6,85,2128
2,7,3,6,85,2128
1,0,3,6,85,2128
1,8,3,6,85,2128
0,5,0,7,86,1650
1,5,0,7,86,1650
0,4,0,7,86,1650
0,6,0,7,86,1650
2,5,0,7,86,1650
1,4,0,7,86,1650
1,6,0,7,86,1650
0,3,0,7,86,1650
0,7,0,7,86,1650
4,5,0,7,86,1650
3,4,0,7,86,1650
3,6,0,7,86,1650
2,3,0,7,86,1650
2,7,0,7,86,1650
1,2,0,7,86,1650
1,8,0,7,86,1650
0,7,2,7,30,588
2,7,2,7,30,588
1,6,2,7,30,588
1,8,2,7,30,588
1,8,1,8,0,0
1,9,5,5,69,4442
0,2,5,0,87,3391
1,2,5,0,87,3391
0,1,5,0,87,3391
0,3,5,0,87,3391
2,2,5,0,87,3391
1,1,5,0,87,3391
1,3,5,0,87,3391
0,0,5,0,87,3391
0,4,5,0,87,3391
3,2,5,0,87,3391
2,1,5,0,87,3391
2,3,5,0,87,3391
1,0,5,0,87,3391
1,4,5,0,87,3391
0,5,5,0,87,3391
4,2,5,0,87,3391
3,1,5,0,87,3391
3,3,5,0,87,3391
2,0,5,0,87,3391
2,4,5,0,87,3391
1,5,5,0,87,3391
0,6,5,0,87,3391
5,2,5,0,87,3391
4,1,5,0,87,3391
4,3,5,0,87,3391
3,0,5,0,87,3391
3,4,5,0,87,3391
2,5,5,0,87,3391
1,6,5,0,87,3391
0,7,5,0,87,3391
6,2,5,0,87,3391
5,1,5,0,87,3391
5,3,5,0,87,3391
4,0,5,0,87,3391
4,4,5,0,87,3391
3,5,5,0,87,3391
2,6,5,0,87,3391
1,7,5,0,87,3391
0,8,5,0,87,3391
7,2,5,0,87,3391
6,1,5,0,87,3391
6,3,5,0,87,3391
5,0,5,0,87,3391
5,4,5,0,87,3391
4,5,5,0,87,3391
3,6,5,0,87,3391
2,7,5,0,87,3391
1,8,5,0,87,3391
0,9,5,0,87,3391
0,3,3,0,88,3004
1,3,3,0,88,3004
0,2,3,0,88,3004
0,4,3,0,88,3004
2,3,3,0,88,3004
1,2,3,0,88,3004
1,4,3,0,88,3004
0,1,3,0,88,3004
0,5,3,0,88,3004
3,3,3,0,88,3004
2,2,3,0,88,3004
2,4,3,0,88,3004
1,1,3,0,88,3004
1,5,3,0,88,3004
0,0,3,0,88,3004
0,6,3,0,88,3004
4,3,3,0,88,3004
3,2,3,0,88,3004
3,4,3,0,88,3004
2,1,3,0,88,3004
2,5,3,0,88,3004
1,0,3,0,88,3004
1,6,3,0,88,3004
0,7,3,0,88,3004
5,3,3,0,88,3004
4,2,3,0,88,3004
4,4,3,0,88,3004
3,1,3,0,88,3004
3,5,3,0,88,3004
2,0,3,0,88,3004
2,6,3,0,88,3004
1,7,3,0,88,3004
0,8,3,0,88,3004
6,3,3,0,88,3004
5,2,3,0,88,3004
5,4,3,0,88,3004
4,1,3,0,88,3004
4,5,3,0,88,3004
3,0,3,0,88,3004
3,6,3,0,88,3004
2,7,3,0,88,3004
1,8,3,0,88,3004
0,9,3,0,88,3004
0,5,2,7,89,2137
1,5,2,7,89,2137
0,4,2,7,89,2137
0,6,2,7,89,2137
2,5,2,7,89,2137
1,4,2,7,89,2137
1,6,2,7,89,2137
0,3,2,7,89,2137
0,7,2,7,89,2137
3,5,2,7,89,2137
2,4,2,7,89,2137
2,6,2,7,89,2137
1,3,2,7,89,2137
1,7,2,7,89,2137
0,2,2,7,89,2137
0,8,2,7,89,2137
4,5,2,7,89,2137
3,4,2,7,89,2137
3,6,2,7,89,2137
2,3,2,7,89,2137
2,7,2,7,89,2137
1,2,2,7,89,2137
1,8,2,7,89,2137
0,1,2,7,89,2137
0,9,2,7,89,2137
0,6,2,7,90,1655
1,6,2,7,90,1655
0,5,2,7,90,1655
0,7,2,7,90,1655
2,6,2,7,90,1655
1,5,2,7,90,1655
1,7,2,7,90,1655
0,4,2,7,90,1655
0,8,2,7,90,1655
3,6,2,7,90,1655
2,5,2,7,90,1655
2,7,2,7,90,1655
1,4,2,7,90,1655
1,8,2,7,90,1655
0,3,2,7,90,1655
0,9,2,7,90,1655
0,7,2,7,91,1138
1,7,2,7,91,1138
0,6,2,7,91,1138
0,8,2,7,91,1138
2,7,2,7,91,1138
1,6,2,7,91,1138
1,8,2,7,91,1138
0,5,2,7,91,1138
0,9,2,7,91,1138
0,9,0,9,0,0
0,0,5,4,92,3773
1,0,5,4,92,3773
0,1,5,4,92,3773
2,0,5,4,92,3773
1,1,5,4,92,3773
0,2,5,4,92,3773
3,0,5,4,92,3773
2,1,5,4,92,3773
1,2,5,4,92,3773
0,3,5,4,92,3773
4,0,5,4,92,3773
3,1,5,4,92,3773
2,2,5,4,92,3773
1,3,5,4,92,3773
0,4,5,4,92,3773
5,0,5,4,92,3773
4,1,5,4,92,3773
3,2,5,4,92,3773
2,3,5,4,92,3773
1,4,5,4,92,3773
0,5,5,4,92,3773
6,0,5,4,92,3773
5,1,5,4,92,3773
4,2,5,4,92,3773
3,3,5,4,92,3773
2,4,5,4,92,3773
1,5,5,4,92,3773
0,6,5,4,92,3773
7,0,5,4,92,3773
6,1,5,4,92,3773
5,2,5,4,92,3773
4,3,5,4,92,3773
3,4,5,4,92,3773
2,5,5,4,92,3773
1,6,5,4,92,3773
0,7,5,4,92,3773
9,0,5,4,92,3773
8,0,5,4,92,3773
8,1,5,4,92,3773
7,1,5,4,92,3773
7,2,5,4,92,3773
6,2,5,4,92,3773
6,3,5,4,92,3773
5,3,5,4,92,3773
5,4,5,4,92,3773
4,4,5,4,92,3773
4,5,5,4,92,3773
3,5,5,4,92,3773
3,6,5,4,92,3773
2,6,5,4,92,3773
2,7,5,4,92,3773
1,7,5,4,92,3773
1,8,5,4,92,3773
0,1,5,2,93,3768
1,1,5,2,93,3768
0,0,5,2,93,3768
0,2,5,2,93,3768
2,1,5,2,93,3768
1,0,5,2,93,3768
1,2,5,2,93,3768
0,3,5,2,93,3768
3,1,5,2,93,3768
2,0,5,2,93,3768
2,2,5,2,93,3768
1,3,5,2,93,3768
0,4,5,2,93,3768
4,1,5,2,93,3768
3,0,5,2,93,3768
3,2,5,2,93,3768
2,3,5,2,93,3768
1,4,5,2,93,3768
0,5,5,2,93,3768
5,1,5,2,93,3768
4,0,5,2,93,3768
4,2,5,2,93,3768
3,3,5,2,93,3768
2,4,5,2,93,3768
1,5,5,2,93,3768
0,6,5,2,93,3768
6,1,5,2,93,3768
5,0,5,2,93,3768
5,2,5,2,93,3768
4,3,5,2,93,3768
3,4,5,2,93,3768
2,5,5,2,93,3768
1,6,5,2,93,3768
0,7,5,2,93,3768
7,1,5,2,93,3768
6,0,5,2,93,3768
6,2,5,2,93,3768
5,3,5,2,93,3768
4,4,5,2,93,3768
3,5,5,2,93,3768
2,6,5,2,93,3768
1,7,5,2,93,3768
0,8,5,2,93,3768
8,1,5,2,93,3768
7,0,5,2,93,3768
7,2,5,2,93,3768
6,3,5,2,93,3768
5,4,5,2,93,3768
4,5,5,2,93,3768
3,6,5,2,93,3768
2,7,5,2,93,3768
1,8,5,2,93,3768
0,9,5,2,93,3768
0,0,5,5,94,3772
1,0,5,5,94,3772
0,1,5,5,94,3772
2,0,5,5,94,3772
1,1,5,5,94,3772
0,2,5,5,94,3772
3,0,5,5,94,3772
2,1,5,5,94,3772
1,2,5,5,94,3772
0,3,5,5,94,3772
4,0,5,5,94,3772
3,1,5,5,94,3772
2,2,5,5,94,3772
1,3,5,5,94,3772
0,4,5,5,94,3772
5,0,5,5,94,3772
4,1,5,5,94,3772
3,2,5,5,94,3772
2,3,5,5,94,3772
1,4,5,5,94,3772
0,5,5,5,94,3772
6,0,5,5,94,3772
5,1,5,5,94,3772
4,2,5,5,94,3772
3,3,5,5,94,3772
2,4,5,5,94,3772
1,5,5,5,94,3772
0,6,5,5,94,3772
8,0,5,5,94,3772
7,0,5,5,94,3772
7,1,5,5,94,3772
6,1,5,5,94,3772
6,2,5,5,94,3772
5,2,5,5,94,3772
5,3,5,5,94,3772
4,3,5,5,94,3772
4,4,5,5,94,3772
3,4,5,5,94,3772
3,5,5,5,94,3772
2,5,5,5,94,3772
2,6,5,5,94,3772
1,6,5,5,94,3772
1,7,5,5,94,3772
9,0,5,5,94,3772
9,1,5,5,94,3772
8,1,5,5,94,3772
8,2,5,5,94,3772
7,2,5,5,94,3772
7,3,5,5,94,3772
6,3,5,5,94,3772
6,4,5,5,94,3772
5,4,5,5,94,3772
5,5,5,5,94,3772
4,5,5,5,94,3772
4,6,5,5,94,3772
3,6,5,5,94,3772
3,7,5,5,94,3772
2,7,5,5,94,3772
2,8,5,5,94,3772
0,0,5,5,95,3399
1,0,5,5,95,3399
0,1,5,5,95,3399
2,0,5,5,95,3399
1,1,5,5,95,3399
0,2,5,5,95,3399
3,0,5,5,95,3399
2,1,5,5,95,3399
1,2,5,5,95,3399
0,3,5,5,95,3399
4,0,5,5,95,3399
3,1,5,5,95,3399
2,2,5,5,95,3399
1,3,5,5,95,3399
0,4,5,5,95,3399
6,0,5,5,95,3399
5,0,5,5,95,3399
5,1,5,5,95,3399
4,1,5,5,95,3399
4,2,5,5,95,3399
3,2,5,5,95,3399
3,3,5,5,95,3399
2,3,5,5,95,3399
2,4,5,5,95,3399
1,4,5,5,95,3399
1,5,5,5,95,3399
8,0,5,5,95,3399
7,0,5,5,95,3399
7,1,5,5,95,3399
6,1,5,5,95,3399
6,2,5,5,95,3399
5,2,5,5,95,3399
5,3,5,5,95,3399
4,3,5,5,95,3399
4,4,5,5,95,3399
3,4,5,5,95,3399
3,5,5,5,95,3399
2,5,5,5,95,3399
2,6,5,5,95,3399
9,0,5,5,95,3399
9,1,5,5,95,3399
8,1,5,5,95,3399
8,2,5,5,95,3399
7,2,5,5,95,3399
7,3,5,5,95,3399
6,3,5,5,95,3399
6,4,5,5,95,3399
5,4,5,5,95,3399
5,5,5,5,95,3399
4,5,5,5,95,3399
4,6,5,5,95,3399
3,6,5,5,95,3399
3,7,5,5,95,3399
0,0,5,5,96,3000
1,0,5,5,96,3000
0,1,5,5,96,3000
2,0,5,5,96,3000
1,1,5,5,96,3000
0,2,5,5,96,3000
4,0,5,5,96,3000
3,0,5,5,96,3000
3,1,5,5,96,3000
2,1,5,5,96,3000
2,2,5,5,96,3000
1,2,5,5,96,3000
1,3,5,5,96,3000
6,0,5,5,96,3000
5,0,5,5,96,3000
5,1,5,5,96,3000
4,1,5,5,96,3000
4,2,5,5,96,3000
3,2,5,5,96,3000
3,3,5,5,96,3000
2,3,5,5,96,3000
2,4,5,5,96,3000
8,0,5,5,96,3000
7,0,5,5,96,3000
7,1,5,5,96,3000
6,1,5,5,96,3000
6,2,5,5,96,3000
5,2,5,5,96,3000
5,3,5,5,96,3000
4,3,5,5,96,3000
4,4,5,5,96,3000
3,4,5,5,96,3000
3,5,5,5,96,3000
9,0,5,5,96,3000
9,1,5,5,96,3000
8,1,5,5,96,3000
8,2,5,5,96,3000
7,2,5,5,96,3000
7,3,5,5,96,3000
6,3,5,5,96,3000
6,4,5,5,96,3000
5,4,5,5,96,3000
5,5,5,5,96,3000
4,5,5,5,96,3000
4,6,5,5,96,3000
0,0,5,5,97,2572
2,0,5,5,97,2572
1,0,5,5,97,2572
1,1,5,5,97,2572
4,0,5,5,97,2572
3,0,5,5,97,2572
3,1,5,5,97,2572
2,1,5,5,97,2572
2,2,5,5,97,2572
6,0,5,5,97,2572
5,0,5,5,97,2572
5,1,5,5,97,2572
4,1,5,5,97,2572
4,2,5,5,97,2572
3,2,5,5,97,2572
3,3,5,5,97,2572
8,0,5,5,97,2572
7,0,5,5,97,2572
7,1,5,5,97,2572
6,1,5,5,97,2572
6,2,5,5,97,2572
5,2,5,5,97,2572
5,3,5,5,97,2572
4,3,5,5,97,2572
4,4,5,5,97,2572
9,0,5,5,97,2572
9,1,5,5,97,2572
8,1,5,5,97,2572
8,2,5,5,97,2572
7,2,5,5,97,2572
7,3,5,5,97,2572
6,3,5,5,97,2572
6,4,5,5,97,2572
5,4,5,5,97,2572
5,5,5,5,97,2572
2,0,5,3,98,2135
4,0,5,3,98,2135
3,0,5,3,98,2135
3,1,5,3,98,2135
6,0,5,3,98,2135
5,0,5,3,98,2135
5,1,5,3,98,2135
4,1,5,3,98,2135
4,2,5,3,98,2135
8,0,5,3,98,2135
7,0,5,3,98,2135
7,1,5,3,98,2135
6,1,5,3,98,2135
6,2,5,3,98,2135
5,2,5,3,98,2135
5,3,5,3,98,2135
9,0,5,3,98,2135
9,1,5,3,98,2135
8,1,5,3,98,2135
8,2,5,3,98,2135
7,2,5,3,98,2135
7,3,5,3,98,2135
6,3,5,3,98,2135
6,4,5,3,98,2135
4,0,5,1,99,1653
6,0,5,1,99,1653
5,0,5,1,99,1653
5,1,5,1,99,1653
8,0,5,1,99,1653
7,0,5,1,99,1653
7,1,5,1,99,1653
6,1,5,1,99,1653
6,2,5,1,99,1653
9,0,5,1,99,1653
9,1,5,1,99,1653
8,1,5,1,99,1653
8,2,5,1,99,1653
7,2,5,1,99,1653
7,3,5,1,99,1653
6,0,6,0,100,1136
8,0,6,0,100,1136
7,0,6,0,100,1136
7,1,6,0,100,1136
9,0,6,0,100,1136
9,1,6,0,100,1136
8,1,6,0,100,1136
8,2,6,0,100,1136
8,0,8,0,101,586
9,0,8,0,101,586
9,1,8,0,101,586
9,1,9,1,0,0
7,1,8,0,7,588
9,1,8,0,7,588
8,0,8,0,7,588
8,2,8,0,7,588
8,2,8,2,0,0
5,1,5,1,102,1136
7,1,5,1,102,1136
6,0,5,1,102,1136
6,2,5,1,102,1136
9,1,5,1,102,1136
8,0,5,1,102,1136
8,2,5,1,102,1136
7,0,5,1,102,1136
7,3,5,1,102,1136
7,3,7,3,0,0
3,1,5,3,103,1650
5,1,5,3,103,1650
4,0,5,3,103,1650
4,2,5,3,103,1650
7,1,5,3,103,1650
6,0,5,3,103,1650
6,2,5,3,103,1650
5,0,5,3,103,1650
5,3,5,3,103,1650
9,1,5,3,103,1650
8,0,5,3,103,1650
8,2,5,3,103,1650
7,0,5,3,103,1650
7,3,5,3,103,1650
6,1,5,3,103,1650
6,4,5,3,103,1650
4,2,5,3,104,1138
6,2,5,3,104,1138
5,1,5,3,104,1138
5,3,5,3,104,1138
8,2,5,3,104,1138
7,1,5,3,104,1138
7,3,5,3,104,1138
6,0,5,3,104,1138
6,4,5,3,104,1138
6,4,6,4,0,0
1,1,5,5,105,2122
3,1,5,5,105,2122
2,0,5,5,105,2122
2,2,5,5,105,2122
5,1,5,5,105,2122
4,0,5,5,105,2122
4,2,5,5,105,2122
3,0,5,5,105,2122
3,3,5,5,105,2122
7,1,5,5,105,2122
6,0,5,5,105,2122
6,2,5,5,105,2122
5,0,5,5,105,2122
5,3,5,5,105,2122
4,1,5,5,105,2122
4,4,5,5,105,2122
9,1,5,5,105,2122
8,0,5,5,105,2122
8,2,5,5,105,2122
7,0,5,5,105,2122
7,3,5,5,105,2122
6,1,5,5,105,2122
6,4,5,5,105,2122
5,2,5,5,105,2122
5,5,5,5,105,2122
2,2,5,5,106,1646
4,2,5,5,106,1646
3,1,5,5,106,1646
3,3,5,5,106,1646
6,2,5,5,106,1646
5,1,5,5,106,1646
5,3,5,5,106,1646
4,0,5,5,106,1646
4,4,5,5,106,1646
8,2,5,5,106,1646
7,1,5,5,106,1646
7,3,5,5,106,1646
6,0,5,5,106,1646
6,4,5,5,106,1646
5,0,5,5,106,1646
5,5,5,5,106,1646
3,3,5,5,59,1136
5,3,5,5,59,1136
4,2,5,5,59,1136
4,4,5,5,59,1136
7,3,5,5,59,1136
6,2,5,5,59,1136
6,4,5,5,59,1136
5,1,5,5,59,1136
5,5,5,5,59,1136
4,4,5,5,19,588
6,4,5,5,19,588
5,3,5,5,19,588
5,5,5,5,19,588
5,5,5,5,0,0
0,2,5,5,107,2127
2,2,5,5,107,2127
1,1,5,5,107,2127
1,3,5,5,107,2127
4,2,5,5,107,2127
3,1,5,5,107,2127
3,3,5,5,107,2127
2,0,5,5,107,2127
2,4,5,5,107,2127
6,2,5,5,107,2127
5,1,5,5,107,2127
5,3,5,5,107,2127
4,0,5,5,107,2127
4,4,5,5,107,2127
3,0,5,5,107,2127
3,5,5,5,107,2127
8,2,5,5,107,2127
7,1,5,5,107,2127
7,3,5,5,107,2127
6,0,5,5,107,2127
6,4,5,5,107,2127
5,0,5,5,107,2127
5,5,5,5,107,2127
4,1,5,5,107,2127
4,6,5,5,107,2127
1,3,5,5,108,1650
3,3,5,5,108,1650
2,2,5,5,108,1650
2,4,5,5,108,1650
5,3,5,5,108,1650
4,2,5,5,108,1650
4,4,5,5,108,1650
3,1,5,5,108,1650
3,5,5,5,108,1650
7,3,5,5,108,1650
6,2,5,5,108,1650
6,4,5,5,108,1650
5,1,5,5,108,1650
5,5,5,5,108,1650
4,0,5,5,108,1650
4,6,5,5,108,1650
3,5,4,6,19,588
5,5,4,6,19,588
4,4,4,6,19,588
4,6,4,6,19,588
4,6,4,6,0,0
0,3,4,6,109,2127
1,3,4,6,109,2127
0,2,4,6,109,2127
0,4,4,6,109,2127
3,3,4,6,109,2127
2,2,4,6,109,2127
2,4,4,6,109,2127
1,1,4,6,109,2127
1,5,4,6,109,2127
5,3,4,6,109,2127
4,2,4,6,109,2127
4,4,4,6,109,2127
3,1,4,6,109,2127
3,5,4,6,109,2127
2,0,4,6,109,2127
2,6,4,6,109,2127
7,3,4,6,109,2127
6,2,4,6,109,2127
6,4,4,6,109,2127
5,1,4,6,109,2127
5,5,4,6,109,2127
4,0,4,6,109,2127
4,6,4,6,109,2127
3,0,4,6,109,2127
3,7,4,6,109,2127
0,4,4,6,108,1650
2,4,4,6,108,1650
1,3,4,6,108,1650
1,5,4,6,108,1650
4,4,4,6,108,1650
3,3,4,6,108,1650
3,5,4,6,108,1650
2,2,4,6,108,1650
2,6,4,6,108,1650
6,4,4,6,108,1650
5,3,4,6,108,1650
5,5,4,6,108,1650
4,2,4,6,108,1650
4,6,4,6,108,1650
3,1,4,6,108,1650
3,7,4,6,108,1650
1,5,4,6,58,1138
3,5,4,6,58,1138
2,4,4,6,58,1138
2,6,4,6,58,1138
5,5,4,6,58,1138
4,4,4,6,58,1138
4,6,4,6,58,1138
3,3,4,6,58,1138
3,7,4,6,58,1138
2,6,4,6,30,588
4,6,4,6,30,588
3,5,4,6,30,588
3,7,4,6,30,588
3,7,3,7,0,0
0,4,4,6,110,2128
1,4,4,6,110,2128
0,3,4,6,110,2128
0,5,4,6,110,2128
2,4,4,6,110,2128
1,3,4,6,110,2128
1,5,4,6,110,2128
0,2,4,6,110,2128
0,6,4,6,110,2128
4,4,4,6,110,2128
3,3,4,6,110,2128
3,5,4,6,110,2128
2,2,4,6,110,2128
2,6,4,6,110,2128
1,1,4,6,110,2128
1,7,4,6,110,2128
6,4,4,6,110,2128
5,3,4,6,110,2128
5,5,4,6,110,2128
4,2,4,6,110,2128
4,6,4,6,110,2128
3,1,4,6,110,2128
3,7,4,6,110,2128
2,0,4,6,110,2128
2,8,4,6,110,2128
0,6,4,6,111,1136
2,6,4,6,111,1136
1,5,4,6,111,1136
1,7,4,6,111,1136
4,6,4,6,111,1136
3,5,4,6,111,1136
3,7,4,6,111,1136
2,4,4,6,111,1136
2,8,4,6,111,1136
1,7,3,7,30,588
3,7,3,7,30,588
2,6,3,7,30,588
2,8,3,7,30,588
2,8,2,8,0,0
0,1,5,3,112,3766
1,1,5,3,112,3766
0,0,5,3,112,3766
0,2,5,3,112,3766
2,1,5,3,112,3766
1,0,5,3,112,3766
1,2,5,3,112,3766
0,3,5,3,112,3766
3,1,5,3,112,3766
2,0,5,3,112,3766
2,2,5,3,112,3766
1,3,5,3,112,3766
0,4,5,3,112,3766
4,1,5,3,112,3766
3,0,5,3,112,3766
3,2,5,3,112,3766
2,3,5,3,112,3766
1,4,5,3,112,3766
0,5,5,3,112,3766
5,1,5,3,112,3766
4,0,5,3,112,3766
4,2,5,3,112,3766
3,3,5,3,112,3766
2,4,5,3,112,3766
1,5,5,3,112,3766
0,6,5,3,112,3766
6,1,5,3,112,3766
5,0,5,3,112,3766
5,2,5,3,112,3766
4,3,5,3,112,3766
3,4,5,3,112,3766
2,5,5,3,112,3766
1,6,5,3,112,3766
0,7,5,3,112,3766
7,1,5,3,112,3766
6,0,5,3,112,3766
6,2,5,3,112,3766
5,3,5,3,112,3766
4,4,5,3,112,3766
3,5,5,3,112,3766
2,6,5,3,112,3766
1,7,5,3,112,3766
0,8,5,3,112,3766
9,1,5,3,112,3766
8,0,5,3,112,3766
8,2,5,3,112,3766
7,0,5,3,112,3766
7,3,5,3,112,3766
6,4,5,3,112,3766
5,5,5,3,112,3766
4,6,5,3,112,3766
3,7,5,3,112,3766
2,8,5,3,112,3766
1,9,5,3,112,3766
0,3,4,6,113,2992
1,3,4,6,113,2992
0,2,4,6,113,2992
0,4,4,6,113,2992
2,3,4,6,113,2992
1,2,4,6,113,2992
1,4,4,6,113,2992
0,1,4,6,113,2992
0,5,4,6,113,2992
3,3,4,6,113,2992
2,2,4,6,113,2992
2,4,4,6,113,2992
1,1,4,6,113,2992
1,5,4,6,113,2992
0,0,4,6,113,2992
0,6,4,6,113,2992
4,3,4,6,113,2992
3,2,4,6,113,2992
3,4,4,6,113,2992
2,1,4,6,113,2992
2,5,4,6,113,2992
1,0,4,6,113,2992
1,6,4,6,113,2992
0,7,4,6,113,2992
5,3,4,6,113,2992
4,2,4,6,113,2992
4,4,4,6,113,2992
3,1,4,6,113,2992
3,5,4,6,113,2992
2,0,4,6,113,2992
2,6,4,6,113,2992
1,7,4,6,113,2992
0,8,4,6,113,2992
7,3,4,6,113,2992
6,2,4,6,113,2992
6,4,4,6,113,2992
5,1,4,6,113,2992
5,5,4,6,113,2992
4,0,4,6,113,2992
4,6,4,6,113,2992
3,0,4,6,113,2992
3,7,4,6,113,2992
2,8,4,6,113,2992
1,9,4,6,113,2992
0,4,4,6,114,2574
1,4,4,6,114,2574
0,3,4,6,114,2574
0,5,4,6,114,2574
2,4,4,6,114,2574
1,3,4,6,114,2574
1,5,4,6,114,2574
0,2,4,6,114,2574
0,6,4,6,114,2574
3,4,4,6,114,2574
2,3,4,6,114,2574
2,5,4,6,114,2574
1,2,4,6,114,2574
1,6,4,6,114,2574
0,1,4,6,114,2574
0,7,4,6,114,2574
4,4,4,6,114,2574
3,3,4,6,114,2574
3,5,4,6,114,2574
2,2,4,6,114,2574
2,6,4,6,114,2574
1,1,4,6,114,2574
1,7,4,6,114,2574
0,0,4,6,114,2574
0,8,4,6,114,2574
6,4,4,6,114,2574
5,3,4,6,114,2574
5,5,4,6,114,2574
4,2,4,6,114,2574
4,6,4,6,114,2574
3,1,4,6,114,2574
3,7,4,6,114,2574
2,0,4,6,114,2574
2,8,4,6,114,2574
1,0,4,6,114,2574
1,9,4,6,114,2574
0,5,1,7,115,2132
1,5,1,7,115,2132
0,4,1,7,115,2132
0,6,1,7,115,2132
2,5,1,7,115,2132
1,4,1,7,115,2132
1,6,1,7,115,2132
0,3,1,7,115,2132
0,7,1,7,115,2132
3,5,1,7,115,2132
2,4,1,7,115,2132
2,6,1,7,115,2132
1,3,1,7,115,2132
1,7,1,7,115,2132
0,2,1,7,115,2132
0,8,1,7,115,2132
5,5,1,7,115,2132
4,4,1,7,115,2132
4,6,1,7,115,2132
3,3,1,7,115,2132
3,7,1,7,115,2132
2,2,1,7,115,2132
2,8,1,7,115,2132
1,1,1,7,115,2132
1,9,1,7,115,2132
0,7,3,7,44,1136
1,7,3,7,44,1136
0,6,3,7,44,1136
0,8,3,7,44,1136
3,7,3,7,44,1136
2,6,3,7,44,1136
2,8,3,7,44,1136
1,5,3,7,44,1136
1,9,3,7,44,1136
0,8,1,7,7,588
2,8,1,7,7,588
1,7,1,7,7,588
1,9,1,7,7,588
1,9,1,9,0,0
0,2,5,1,116,3767
1,2,5,1,116,3767
0,1,5,1,116,3767
0,3,5,1,116,3767
2,2,5,1,116,3767
1,1,5,1,116,3767
1,3,5,1,116,3767
0,0,5,1,116,3767
0,4,5,1,116,3767
3,2,5,1,116,3767
2,1,5,1,116,3767
2,3,5,1,116,3767
1,0,5,1,116,3767
1,4,5,1,116,3767
0,5,5,1,116,3767
4,2,5,1,116,3767
3,1,5,1,116,3767
3,3,5,1,116,3767
2,0,5,1,116,3767
2,4,5,1,116,3767
1,5,5,1,116,3767
0,6,5,1,116,3767
5,2,5,1,116,3767
4,1,5,1,116,3767
4,3,5,1,116,3767
3,0,5,1,116,3767
3,4,5,1,116,3767
2,5,5,1,116,3767
1,6,5,1,116,3767
0,7,5,1,116,3767
6,2,5,1,116,3767
5,1,5,1,116,3767
5,3,5,1,116,3767
4,0,5,1,116,3767
4,4,5,1,116,3767
3,5,5,1,116,3767
2,6,5,1,116,3767
1,7,5,1,116,3767
0,8,5,1,116,3767
7,2,5,1,116,3767
6,1,5,1,116,3767
6,3,5,1,116,3767
5,0,5,1,116,3767
5,4,5,1,116,3767
4,5,5,1,116,3767
3,6,5,1,116,3767
2,7,5,1,116,3767
1,8,5,1,116,3767
0,9,5,1,116,3767
8,2,5,1,116,3767
7,1,5,1,116,3767
7,3,5,1,116,3767
6,0,5,1,116,3767
6,4,5,1,116,3767
5,5,5,1,116,3767
4,6,5,1,116,3767
3,7,5,1,116,3767
2,8,5,1,116,3767
1,9,5,1,116,3767
0,3,4,0,117,3397
1,3,4,0,117,3397
0,2,4,0,117,3397
0,4,4,0,117,3397
2,3,4,0,117,3397
1,2,4,0,117,3397
1,4,4,0,117,3397
0,1,4,0,117,3397
0,5,4,0,117,3397
3,3,4,0,117,3397
2,2,4,0,117,3397
2,4,4,0,117,3397
1,1,4,0,117,3397
1,5,4,0,117,3397
0,0,4,0,117,3397
0,6,4,0,117,3397
4,3,4,0,117,3397
3,2,4,0,117,3397
3,4,4,0,117,3397
2,1,4,0,117,3397
2,5,4,0,117,3397
1,0,4,0,117,3397
1,6,4,0,117,3397
0,7,4,0,117,3397
5,3,4,0,117,3397
4,2,4,0,117,3397
4,4,4,0,117,3397
3,1,4,0,117,3397
3,5,4,0,117,3397
2,0,4,0,117,3397
2,6,4,0,117,3397
1,7,4,0,117,3397
0,8,4,0,117,3397
6,3,4,0,117,3397
5,2,4,0,117,3397
5,4,4,0,117,3397
4,1,4,0,117,3397
4,5,4,0,117,3397
3,0,4,0,117,3397
3,6,4,0,117,3397
2,7,4,0,117,3397
1,8,4,0,117,3397
0,9,4,0,117,3397
7,3,4,0,117,3397
6,2,4,0,117,3397
6,4,4,0,117,3397
5,1,4,0,117,3397
5,5,4,0,117,3397
4,0,4,0,117,3397
4,6,4,0,117,3397
3,7,4,0,117,3397
2,8,4,0,117,3397
1,9,4,0,117,3397
0,5,3,7,118,2588
1,5,3,7,118,2588
0,4,3,7,118,2588
0,6,3,7,118,2588
2,5,3,7,118,2588
1,4,3,7,118,2588
1,6,3,7,118,2588
0,3,3,7,118,2588
0,7,3,7,118,2588
3,5,3,7,118,2588
2,4,3,7,118,2588
2,6,3,7,118,2588
1,3,3,7,118,2588
1,7,3,7,118,2588
0,2,3,7,118,2588
0,8,3,7,118,2588
4,5,3,7,118,2588
3,4,3,7,118,2588
3,6,3,7,118,2588
2,3,3,7,118,2588
2,7,3,7,118,2588
1,2,3,7,118,2588
1,8,3,7,118,2588
0,1,3,7,118,2588
0,9,3,7,118,2588
5,5,3,7,118,2588
4,4,3,7,118,2588
4,6,3,7,118,2588
3,3,3,7,118,2588
3,7,3,7,118,2588
2,2,3,7,118,2588
2,8,3,7,118,2588
1,1,3,7,118,2588
1,9,3,7,118,2588
0,0,3,7,118,2588
0,6,3,7,119,2135
1,6,3,7,119,2135
0,5,3,7,119,2135
0,7,3,7,119,2135
2,6,3,7,119,2135
1,5,3,7,119,2135
1,7,3,7,119,2135
0,4,3,7,119,2135
0,8,3,7,119,2135
3,6,3,7,119,2135
2,5,3,7,119,2135
2,7,3,7,119,2135
1,4,3,7,119,2135
1,8,3,7,119,2135
0,3,3,7,119,2135
0,9,3,7,119,2135
4,6,3,7,119,2135
3,5,3,7,119,2135
3,7,3,7,119,2135
2,4,3,7,119,2135
2,8,3,7,119,2135
1,3,3,7,119,2135
1,9,3,7,119,2135
0,2,3,7,119,2135
0,7,3,7,120,1650
1,7,3,7,120,1650
0,6,3,7,120,1650
0,8,3,7,120,1650
2,7,3,7,120,1650
1,6,3,7,120,1650
1,8,3,7,120,1650
0,5,3,7,120,1650
0,9,3,7,120,1650
3,7,3,7,120,1650
2,6,3,7,120,1650
2,8,3,7,120,1650
1,5,3,7,120,1650
1,9,3,7,120,1650
0,4,3,7,120,1650
0,0,5,5,121,4119
1,0,5,5,121,4119
0,1,5,5,121,4119
2,0,5,5,121,4119
1,1,5,5,121,4119
0,2,5,5,121,4119
3,0,5,5,121,4119
2,1,5,5,121,4119
1,2,5,5,121,4119
0,3,5,5,121,4119
4,0,5,5,121,4119
3,1,5,5,121,4119
2,2,5,5,121,4119
1,3,5,5,121,4119
0,4,5,5,121,4119
5,0,5,5,121,4119
4,1,5,5,121,4119
3,2,5,5,121,4119
2,3,5,5,121,4119
1,4,5,5,121,4119
0,5,5,5,121,4119
6,0,5,5,121,4119
5,1,5,5,121,4119
4,2,5,5,121,4119
3,3,5,5,121,4119
2,4,5,5,121,4119
1,5,5,5,121,4119
0,6,5,5,121,4119
7,0,5,5,121,4119
6,1,5,5,121,4119
5,2,5,5,121,4119
4,3,5,5,121,4119
3,4,5,5,121,4119
2,5,5,5,121,4119
1,6,5,5,121,4119
0,7,5,5,121,4119
8,0,5,5,121,4119
7,1,5,5,121,4119
6,2,5,5,121,4119
5,3,5,5,121,4119
4,4,5,5,121,4119
3,5,5,5,121,4119
2,6,5,5,121,4119
1,7,5,5,121,4119
0,8,5,5,121,4119
9,0,5,5,121,4119
9,1,5,5,121,4119
8,1,5,5,121,4119
8,2,5,5,121,4119
7,2,5,5,121,4119
7,3,5,5,121,4119
6,3,5,5,121,4119
6,4,5,5,121,4119
5,4,5,5,121,4119
5,5,5,5,121,4119
4,5,5,5,121,4119
4,6,5,5,121,4119
3,6,5,5,121,4119
3,7,5,5,121,4119
2,7,5,5,121,4119
2,8,5,5,121,4119
1,8,5,5,121,4119
1,9,5,5,121,4119
0,1,5,3,122,4118
1,1,5,3,122,4118
0,0,5,3,122,4118
0,2,5,3,122,4118
2,1,5,3,122,4118
1,0,5,3,122,4118
1,2,5,3,122,4118
0,3,5,3,122,4118
3,1,5,3,122,4118
2,0,5,3,122,4118
2,2,5,3,122,4118
1,3,5,3,122,4118
0,4,5,3,122,4118
4,1,5,3,122,4118
3,0,5,3,122,4118
3,2,5,3,122,4118
2,3,5,3,122,4118
1,4,5,3,122,4118
0,5,5,3,122,4118
5,1,5,3,122,4118
4,0,5,3,122,4118
4,2,5,3,122,4118
3,3,5,3,122,4118
2,4,5,3,122,4118
1,5,5,3,122,4118
0,6,5,3,122,4118
6,1,5,3,122,4118
5,0,5,3,122,4118
5,2,5,3,122,4118
4,3,5,3,122,4118
3,4,5,3,122,4118
2,5,5,3,122,4118
1,6,5,3,122,4118
0,7,5,3,122,4118
7,1,5,3,122,4118
6,0,5,3,122,4118
6,2,5,3,122,4118
5,3,5,3,122,4118
4,4,5,3,122,4118
3,5,5,3,122,4118
2,6,5,3,122,4118
1,7,5,3,122,4118
0,8,5,3,122,4118
8,1,5,3,122,4118
7,0,5,3,122,4118
7,2,5,3,122,4118
6,3,5,3,122,4118
5,4,5,3,122,4118
4,5,5,3,122,4118
3,6,5,3,122,4118
2,7,5,3,122,4118
1,8,5,3,122,4118
0,9,5,3,122,4118
9,1,5,3,122,4118
8,0,5,3,122,4118
8,2,5,3,122,4118
7,3,5,3,122,4118
6,4,5,3,122,4118
5,5,5,3,122,4118
4,6,5,3,122,4118
3,7,5,3,122,4118
2,8,5,3,122,4118
1,9,5,3,122,4118
0,0,5,6,123,4115
1,0,5,6,123,4115
0,1,5,6,123,4115
2,0,5,6,123,4115
1,1,5,6,123,4115
0,2,5,6,123,4115
3,0,5,6,123,4115
2,1,5,6,123,4115
1,2,5,6,123,4115
0,3,5,6,123,4115
4,0,5,6,123,4115
3,1,5,6,123,4115
2,2,5,6,123,4115
1,3,5,6,123,4115
0,4,5,6,123,4115
5,0,5,6,123,4115
4,1,5,6,123,4115
3,2,5,6,123,4115
2,3,5,6,123,4115
1,4,5,6,123,4115
0,5,5,6,123,4115
6,0,5,6,123,4115
5,1,5,6,123,4115
4,2,5,6,123,4115
3,3,5,6,123,4115
2,4,5,6,123,4115
1,5,5,6,123,4115
0,6,5,6,123,4115
7,0,5,6,123,4115
6,1,5,6,123,4115
5,2,5,6,123,4115
4,3,5,6,123,4115
3,4,5,6,123,4115
2,5,5,6,123,4115
1,6,5,6,123,4115
0,7,5,6,123,4115
9,0,5,6,123,4115
8,0,5,6,123,4115
8,1,5,6,123,4115
7,1,5,6,123,4115
7,2,5,6,123,4115
6,2,5,6,123,4115
6,3,5,6,123,4115
5,3,5,6,123,4115
5,4,5,6,123,4115
4,4,5,6,123,4115
4,5,5,6,123,4115
3,5,5,6,123,4115
3,6,5,6,123,4115
2,6,5,6,123,4115
2,7,5,6,123,4115
1,7,5,6,123,4115
1,8,5,6,123,4115
9,1,5,6,123,4115
9,2,5,6,123,4115
8,2,5,6,123,4115
8,3,5,6,123,4115
7,3,5,6,123,4115
7,4,5,6,123,4115
6,4,5,6,123,4115
6,5,5,6,123,4115
5,5,5,6,123,4115
5,6,5,6,123,4115
4,6,5,6,123,4115
4,7,5,6,123,4115
3,7,5,6,123,4115
3,8,5,6,123,4115
2,8,5,6,123,4115
2,9,5,6,123,4115
0,0,5,6,124,3765
1,0,5,6,124,3765
0,1,5,6,124,3765
2,0,5,6,124,3765
1,1,5,6,124,3765
0,2,5,6,124,3765
3,0,5,6,124,3765
2,1,5,6,124,3765
1,2,5,6,124,3765
0,3,5,6,124,3765
4,0,5,6,124,3765
3,1,5,6,124,3765
2,2,5,6,124,3765
1,3,5,6,124,3765
0,4,5,6,124,3765
5,0,5,6,124,3765
4,1,5,6,124,3765
3,2,5,6,124,3765
2,3,5,6,124,3765
1,4,5,6,124,3765
0,5,5,6,124,3765
7,0,5,6,124,3765
6,0,5,6,124,3765
6,1,5,6,124,3765
5,1,5,6,124,3765
5,2,5,6,124,3765
4,2,5,6,124,3765
4,3,5,6,124,3765
3,3,5,6,124,3765
3,4,5,6,124,3765
2,4,5,6,124,3765
2,5,5,6,124,3765
1,5,5,6,124,3765
1,6,5,6,124,3765
9,0,5,6,124,3765
8,0,5,6,124,3765
8,1,5,6,124,3765
7,1,5,6,124,3765
7,2,5,6,124,3765
6,2,5,6,124,3765
6,3,5,6,124,3765
5,3,5,6,124,3765
5,4,5,6,124,3765
4,4,5,6,124,3765
4,5,5,6,124,3765
3,5,5,6,124,3765
3,6,5,6,124,3765
2,6,5,6,124,3765
2,7,5,6,124,3765
9,1,5,6,124,3765
9,2,5,6,124,3765
8,2,5,6,124,3765
8,3,5,6,124,3765
7,3,5,6,124,3765
7,4,5,6,124,3765
6,4,5,6,124,3765
6,5,5,6,124,3765
5,5,5,6,124,3765
5,6,5,6,124,3765
4,6,5,6,124,3765
4,7,5,6,124,3765
3,7,5,6,124,3765
3,8,5,6,124,3765
0,0,5,6,125,3389
1,0,5,6,125,3389
0,1,5,6,125,3389
2,0,5,6,125,3389
1,1,5,6,125,3389
0,2,5,6,125,3389
3,0,5,6,125,3389
2,1,5,6,125,3389
1,2,5,6,125,3389
0,3,5,6,125,3389
5,0,5,6,125,3389
4,0,5,6,125,3389
4,1,5,6,125,3389
3,1,5,6,125,3389
3,2,5,6,125,3389
2,2,5,6,125,3389
2,3,5,6,125,3389
1,3,5,6,125,3389
1,4,5,6,125,3389
7,0,5,6,125,3389
6,0,5,6,125,3389
6,1,5,6,125,3389
5,1,5,6,125,3389
5,2,5,6,125,3389
4,2,5,6,125,3389
4,3,5,6,125,3389
3,3,5,6,125,3389
3,4,5,6,125,3389
2,4,5,6,125,3389
2,5,5,6,125,3389
9,0,5,6,125,3389
8,0,5,6,125,3389
8,1,5,6,125,3389
7,1,5,6,125,3389
7,2,5,6,125,3389
6,2,5,6,125,3389
6,3,5,6,125,3389
5,3,5,6,125,3389
5,4,5,6,125,3389
4,4,5,6,125,3389
4,5,5,6,125,3389
3,5,5,6,125,3389
3,6,5,6,125,3389
9,1,5,6,125,3389
9,2,5,6,125,3389
8,2,5,6,125,3389
8,3,5,6,125,3389
7,3,5,6,125,3389
7,4,5,6,125,3389
6,4,5,6,125,3389
6,5,5,6,125,3389
5,5,5,6,125,3389
5,6,5,6,125,3389
4,6,5,6,125,3389
4,7,5,6,125,3389
0,0,5,6,126,2987
1,0,5,6,126,2987
0,1,5,6,126,2987
3,0,5,6,126,2987
2,0,5,6,126,2987
2,1,5,6,126,2987
1,1,5,6,126,2987
1,2,5,6,126,2987
5,0,5,6,126,2987
4,0,5,6,126,2987
4,1,5,6,126,2987
3,1,5,6,126,2987
3,2,5,6,126,2987
2,2,5,6,126,2987
2,3,5,6,126,2987
7,0,5,6,126,2987
6,0,5,6,126,2987
6,1,5,6,126,2987
5,1,5,6,126,2987
5,2,5,6,126,2987
4,2,5,6,126,2987
4,3,5,6,126,2987
3,3,5,6,126,2987
3,4,5,6,126,2987
9,0,5,6,126,2987
8,0,5,6,126,2987
8,1,5,6,126,2987
7,1,5,6,126,2987
7,2,5,6,126,2987
6,2,5,6,126,2987
6,3,5,6,126,2987
5,3,5,6,126,2987
5,4,5,6,126,2987
4,4,5,6,126,2987
4,5,5,6,126,2987
9,1,5,6,126,2987
9,2,5,6,126,2987
8,2,5,6,126,2987
8,3,5,6,126,2987
7,3,5,6,126,2987
7,4,5,6,126,2987
6,4,5,6,126,2987
6,5,5,6,126,2987
5,5,5,6,126,2987
5,6,5,6,126,2987
1,0,5,4,127,2583
3,0,5,4,127,2583
2,0,5,4,127,2583
2,1,5,4,127,2583
5,0,5,4,127,2583
4,0,5,4,127,2583
4,1,5,4,127,2583
3,1,5,4,127,2583
3,2,5,4,127,2583
7,0,5,4,127,2583
6,0,5,4,127,2583
6,1,5,4,127,2583
5,1,5,4,127,2583
5,2,5,4,127,2583
4,2,5,4,127,2583
4,3,5,4,127,2583
9,0,5,4,127,2583
8,0,5,4,127,2583
8,1,5,4,127,2583
7,1,5,4,127,2583
7,2,5,4,127,2583
6,2,5,4,127,2583
6,3,5,4,127,2583
5,3,5,4,127,2583
5,4,5,4,127,2583
9,1,5,4,127,2583
9,2,5,4,127,2583
8,2,5,4,127,2583
8,3,5,4,127,2583
7,3,5,4,127,2583
7,4,5,4,127,2583
6,4,5,4,127,2583
6,5,5,4,127,2583
3,0,5,2,128,2137
5,0,5,2,128,2137
4,0,5,2,128,2137
4,1,5,2,128,2137
7,0,5,2,128,2137
6,0,5,2,128,2137
6,1,5,2,128,2137
5,1,5,2,128,2137
5,2,5,2,128,2137
9,0,5,2,128,2137
8,0,5,2,128,2137
8,1,5,2,128,2137
7,1,5,2,128,2137
7,2,5,2,128,2137
6,2,5,2,128,2137
6,3,5,2,128,2137
9,1,5,2,128,2137
9,2,5,2,128,2137
8,2,5,2,128,2137
8,3,5,2,128,2137
7,3,5,2,128,2137
7,4,5,2,128,2137
5,0,5,0,129,1646
7,0,5,0,129,1646
6,0,5,0,129,1646
6,1,5,0,129,1646
9,0,5,0,129,1646
8,0,5,0,129,1646
8,1,5,0,129,1646
7,1,5,0,129,1646
7,2,5,0,129,1646
9,1,5,0,129,1646
9,2,5,0,129,1646
8,2,5,0,129,1646
8,3,5,0,129,1646
7,0,7,0,130,1134
9,0,7,0,130,1134
8,0,7,0,130,1134
8,1,7,0,130,1134
9,1,7,0,130,1134
9,2,7,0,130,1134
8,1,9,0,131,588
9,1,9,0,131,588
9,0,9,0,131,588
9,2,9,0,131,588
6,1,7,0,132,1138
8,1,7,0,132,1138
7,0,7,0,132,1138
7,2,7,0,132,1138
9,1,7,0,132,1138
9,0,7,0,132,1138
9,2,7,0,132,1138
8,0,7,0,132,1138
8,3,7,0,132,1138
4,1,5,2,133,1650
6,1,5,2,133,1650
5,0,5,2,133,1650
5,2,5,2,133,1650
8,1,5,2,133,1650
7,0,5,2,133,1650
7,2,5,2,133,1650
6,0,5,2,133,1650
6,3,5,2,133,1650
9,1,5,2,133,1650
9,0,5,2,133,1650
9,2,5,2,133,1650
8,0,5,2,133,1650
8,3,5,2,133,1650
7,1,5,2,133,1650
7,4,5,2,133,1650
2,1,5,4,134,2127
4,1,5,4,134,2127
3,0,5,4,134,2127
3,2,5,4,134,2127
6,1,5,4,134,2127
5,0,5,4,134,2127
5,2,5,4,134,2127
4,0,5,4,134,2127
4,3,5,4,134,2127
8,1,5,4,134,2127
7,0,5,4,134,2127
7,2,5,4,134,2127
6,0,5,4,134,2127
6,3,5,4,134,2127
5,1,5,4,134,2127
5,4,5,4,134,2127
9,1,5,4,134,2127
9,0,5,4,134,2127
9,2,5,4,134,2127
8,0,5,4,134,2127
8,3,5,4,134,2127
7,1,5,4,134,2127
7,4,5,4,134,2127
6,2,5,4,134,2127
6,5,5,4,134,2127
3,2,5,4,135,1650
5,2,5,4,135,1650
4,1,5,4,135,1650
4,3,5,4,135,1650
7,2,5,4,135,1650
6,1,5,4,135,1650
6,3,5,4,135,1650
5,0,5,4,135,1650
5,4,5,4,135,1650
9,2,5,4,135,1650
8,1,5,4,135,1650
8,3,5,4,135,1650
7,0,5,4,135,1650
7,4,5,4,135,1650
6,0,5,4,135,1650
6,5,5,4,135,1650
5,4,5,4,45,588
7,4,5,4,45,588
6,3,5,4,45,588
6,5,5,4,45,588
0,1,5,6,136,2565
2,1,5,6,136,2565
1,0,5,6,136,2565
1,2,5,6,136,2565
4,1,5,6,136,2565
3,0,5,6,136,2565
3,2,5,6,136,2565
2,0,5,6,136,2565
2,3,5,6,136,2565
6,1,5,6,136,2565
5,0,5,6,136,2565
5,2,5,6,136,2565
4,0,5,6,136,2565
4,3,5,6,136,2565
3,1,5,6,136,2565
3,4,5,6,136,2565
8,1,5,6,136,2565
7,0,5,6,136,2565
7,2,5,6,136,2565
6,0,5,6,136,2565
6,3,5,6,136,2565
5,1,5,6,136,2565
5,4,5,6,136,2565
4,2,5,6,136,2565
4,5,5,6,136,2565
9,1,5,6,136,2565
9,0,5,6,136,2565
9,2,5,6,136,2565
8,0,5,6,136,2565
8,3,5,6,136,2565
7,1,5,6,136,2565
7,4,5,6,136,2565
6,2,5,6,136,2565
6,5,5,6,136,2565
5,3,5,6,136,2565
5,6,5,6,136,2565
1,2,5,6,137,2122
3,2,5,6,137,2122
2,1,5,6,137,2122
2,3,5,6,137,2122
5,2,5,6,137,2122
4,1,5,6,137,2122
4,3,5,6,137,2122
3,0,5,6,137,2122
3,4,5,6,137,2122
7,2,5,6,137,2122
6,1,5,6,137,2122
6,3,5,6,137,2122
5,0,5,6,137,2122
5,4,5,6,137,2122
4,0,5,6,137,2122
4,5,5,6,137,2122
9,2,5,6,137,2122
8,1,5,6,137,2122
8,3,5,6,137,2122
7,0,5,6,137,2122
7,4,5,6,137,2122
6,0,5,6,137,2122
6,5,5,6,137,2122
5,1,5,6,137,2122
5,6,5,6,137,2122
2,3,5,6,81,1646
4,3,5,6,81,1646
3,2,5,6,81,1646
3,4,5,6,81,1646
6,3,5,6,81,1646
5,2,5,6,81,1646
5,4,5,6,81,1646
4,1,5,6,81,1646
4,5,5,6,81,1646
8,3,5,6,81,1646
7,2,5,6,81,1646
7,4,5,6,81,1646
6,1,5,6,81,1646
6,5,5,6,81,1646
5,0,5,6,81,1646
5,6,5,6,81,1646
3,4,5,6,59,1136
5,4,5,6,59,1136
4,3,5,6,59,1136
4,5,5,6,59,1136
7,4,5,6,59,1136
6,3,5,6,59,1136
6,5,5,6,59,1136
5,2,5,6,59,1136
5,6,5,6,59,1136
4,5,5,6,19,588
6,5,5,6,19,588
5,4,5,6,19,588
5,6,5,6,19,588
0,2,5,6,138,2571
1,2,5,6,138,2571
0,1,5,6,138,2571
0,3,5,6,138,2571
3,2,5,6,138,2571
2,1,5,6,138,2571
2,3,5,6,138,2571
1,0,5,6,138,2571
1,4,5,6,138,2571
5,2,5,6,138,2571
4,1,5,6,138,2571
4,3,5,6,138,2571
3,0,5,6,138,2571
3,4,5,6,138,2571
2,0,5,6,138,2571
2,5,5,6,138,2571
7,2,5,6,138,2571
6,1,5,6,138,2571
6,3,5,6,138,2571
5,0,5,6,138,2571
5,4,5,6,138,2571
4,0,5,6,138,2571
4,5,5,6,138,2571
3,1,5,6,138,2571
3,6,5,6,138,2571
9,2,5,6,138,2571
8,1,5,6,138,2571
8,3,5,6,138,2571
7,0,5,6,138,2571
7,4,5,6,138,2571
6,0,5,6,138,2571
6,5,5,6,138,2571
5,1,5,6,138,2571
5,6,5,6,138,2571
4,2,5,6,138,2571
4,7,5,6,138,2571
0,3,5,6,139,2127
2,3,5,6,139,2127
1,2,5,6,139,2127
1,4,5,6,139,2127
4,3,5,6,139,2127
3,2,5,6,139,2127
3,4,5,6,139,2127
2,1,5,6,139,2127
2,5,5,6,139,2127
6,3,5,6,139,2127
5,2,5,6,139,2127
5,4,5,6,139,2127
4,1,5,6,139,2127
4,5,5,6,139,2127
3,0,5,6,139,2127
3,6,5,6,139,2127
8,3,5,6,139,2127
7,2,5,6,139,2127
7,4,5,6,139,2127
6,1,5,6,139,2127
6,5,5,6,139,2127
5,0,5,6,139,2127
5,6,5,6,139,2127
4,0,5,6,139,2127
4,7,5,6,139,2127
2,5,4,7,59,1136
4,5,4,7,59,1136
3,4,4,7,59,1136
3,6,4,7,59,1136
6,5,4,7,59,1136
5,4,4,7,59,1136
5,6,4,7,59,1136
4,3,4,7,59,1136
4,7,4,7,59,1136
3,6,4,7,19,588
5,6,4,7,19,588
4,5,4,7,19,588
4,7,4,7,19,588
0,3,4,7,140,2571
1,3,4,7,140,2571
0,2,4,7,140,2571
0,4,4,7,140,2571
2,3,4,7,140,2571
1,2,4,7,140,2571
1,4,4,7,140,2571
0,1,4,7,140,2571
0,5,4,7,140,2571
4,3,4,7,140,2571
3,2,4,7,140,2571
3,4,4,7,140,2571
2,1,4,7,140,2571
2,5,4,7,140,2571
1,0,4,7,140,2571
1,6,4,7,140,2571
6,3,4,7,140,2571
5,2,4,7,140,2571
5,4,4,7,140,2571
4,1,4,7,140,2571
4,5,4,7,140,2571
3,0,4,7,140,2571
3,6,4,7,140,2571
2,0,4,7,140,2571
2,7,4,7,140,2571
8,3,4,7,140,2571
7,2,4,7,140,2571
7,4,4,7,140,2571
6,1,4,7,140,2571
6,5,4,7,140,2571
5,0,4,7,140,2571
5,6,4,7,140,2571
4,0,4,7,140,2571
4,7,4,7,140,2571
3,1,4,7,140,2571
3,8,4,7,140,2571
0,4,4,7,141,2127
1,4,4,7,141,2127
0,3,4,7,141,2127
0,5,4,7,141,2127
3,4,4,7,141,2127
2,3,4,7,141,2127
2,5,4,7,141,2127
1,2,4,7,141,2127
1,6,4,7,141,2127
5,4,4,7,141,2127
4,3,4,7,141,2127
4,5,4,7,141,2127
3,2,4,7,141,2127
3,6,4,7,141,2127
2,1,4,7,141,2127
2,7,4,7,141,2127
7,4,4,7,141,2127
6,3,4,7,141,2127
6,5,4,7,141,2127
5,2,4,7,141,2127
5,6,4,7,141,2127
4,1,4,7,141,2127
4,7,4,7,141,2127
3,0,4,7,141,2127
3,8,4,7,141,2127
0,5,4,7,108,1650
2,5,4,7,108,1650
1,4,4,7,108,1650
1,6,4,7,108,1650
4,5,4,7,108,1650
3,4,4,7,108,1650
3,6,4,7,108,1650
2,3,4,7,108,1650
2,7,4,7,108,1650
6,5,4,7,108,1650
5,4,4,7,108,1650
5,6,4,7,108,1650
4,3,4,7,108,1650
4,7,4,7,108,1650
3,2,4,7,108,1650
3,8,4,7,108,1650
1,6,4,7,58,1138
3,6,4,7,58,1138
2,5,4,7,58,1138
2,7,4,7,58,1138
5,6,4,7,58,1138
4,5,4,7,58,1138
4,7,4,7,58,1138
3,4,4,7,58,1138
3,8,4,7,58,1138
2,7,4,7,30,588
4,7,4,7,30,588
3,6,4,7,30,588
3,8,4,7,30,588
0,4,4,7,142,2574
1,4,4,7,142,2574
0,3,4,7,142,2574
0,5,4,7,142,2574
2,4,4,7,142,2574
1,3,4,7,142,2574
1,5,4,7,142,2574
0,2,4,7,142,2574
0,6,4,7,142,2574
3,4,4,7,142,2574
2,3,4,7,142,2574
2,5,4,7,142,2574
1,2,4,7,142,2574
1,6,4,7,142,2574
0,1,4,7,142,2574
0,7,4,7,142,2574
5,4,4,7,142,2574
4,3,4,7,142,2574
4,5,4,7,142,2574
3,2,4,7,142,2574
3,6,4,7,142,2574
2,1,4,7,142,2574
2,7,4,7,142,2574
1,0,4,7,142,2574
1,8,4,7,142,2574
7,4,4,7,142,2574
6,3,4,7,142,2574
6,5,4,7,142,2574
5,2,4,7,142,2574
5,6,4,7,142,2574
4,1,4,7,142,2574
4,7,4,7,142,2574
3,0,4,7,142,2574
3,8,4,7,142,2574
2,0,4,7,142,2574
2,9,4,7,142,2574
0,6,4,7,143,1650
1,6,4,7,143,1650
0,5,4,7,143,1650
0,7,4,7,143,1650
3,6,4,7,143,1650
2,5,4,7,143,1650
2,7,4,7,143,1650
1,4,4,7,143,1650
1,8,4,7,143,1650
5,6,4,7,143,1650
4,5,4,7,143,1650
4,7,4,7,143,1650
3,4,4,7,143,1650
3,8,4,7,143,1650
2,3,4,7,143,1650
2,9,4,7,143,1650
0,7,4,7,111,1136
2,7,4,7,111,1136
1,6,4,7,111,1136
1,8,4,7,111,1136
4,7,4,7,111,1136
3,6,4,7,111,1136
3,8,4,7,111,1136
2,5,4,7,111,1136
2,9,4,7,111,1136
1,8,2,7,7,588
3,8,2,7,7,588
2,7,2,7,7,588
2,9,2,7,7,588
0,1,5,4,144,4112
1,1,5,4,144,4112
0,0,5,4,144,4112
0,2,5,4,144,4112
2,1,5,4,144,4112
1,0,5,4,144,4112
1,2,5,4,144,4112
0,3,5,4,144,4112
3,1,5,4,144,4112
2,0,5,4,144,4112
2,2,5,4,144,4112
1,3,5,4,144,4112
0,4,5,4,144,4112
4,1,5,4,144,4112
3,0,5,4,144,4112
3,2,5,4,144,4112
2,3,5,4,144,4112
1,4,5,4,144,4112
0,5,5,4,144,4112
5,1,5,4,144,4112
4,0,5,4,144,4112
4,2,5,4,144,4112
3,3,5,4,144,4112
2,4,5,4,144,4112
1,5,5,4,144,4112
0,6,5,4,144,4112
6,1,5,4,144,4112
5,0,5,4,144,4112
5,2,5,4,144,4112
4,3,5,4,144,4112
3,4,5,4,144,4112
2,5,5,4,144,4112
1,6,5,4,144,4112
0,7,5,4,144,4112
7,1,5,4,144,4112
6,0,5,4,144,4112
6,2,5,4,144,4112
5,3,5,4,144,4112
4,4,5,4,144,4112
3,5,5,4,144,4112
2,6,5,4,144,4112
1,7,5,4,144,4112
0,8,5,4,144,4112
8,1,5,4,144,4112
7,0,5,4,144,4112
7,2,5,4,144,4112
6,3,5,4,144,4112
5,4,5,4,144,4112
4,5,5,4,144,4112
3,6,5,4,144,4112
2,7,5,4,144,4112
1,8,5,4,144,4112
0,9,5,4,144,4112
9,1,5,4,144,4112
9,0,5,4,144,4112
9,2,5,4,144,4112
8,0,5,4,144,4112
8,3,5,4,144,4112
7,4,5,4,144,4112
6,5,5,4,144,4112
5,6,5,4,144,4112
4,7,5,4,144,4112
3,8,5,4,144,4112
2,9,5,4,144,4112
1,9,5,4,144,4112
0,3,4,7,145,3381
1,3,4,7,145,3381
0,2,4,7,145,3381
0,4,4,7,145,3381
2,3,4,7,145,3381
1,2,4,7,145,3381
1,4,4,7,145,3381
0,1,4,7,145,3381
0,5,4,7,145,3381
3,3,4,7,145,3381
2,2,4,7,145,3381
2,4,4,7,145,3381
1,1,4,7,145,3381
1,5,4,7,145,3381
0,0,4,7,145,3381
0,6,4,7,145,3381
4,3,4,7,145,3381
3,2,4,7,145,3381
3,4,4,7,145,3381
2,1,4,7,145,3381
2,5,4,7,145,3381
1,0,4,7,145,3381
1,6,4,7,145,3381
0,7,4,7,145,3381
5,3,4,7,145,3381
4,2,4,7,145,3381
4,4,4,7,145,3381
3,1,4,7,145,3381
3,5,4,7,145,3381
2,0,4,7,145,3381
2,6,4,7,145,3381
1,7,4,7,145,3381
0,8,4,7,145,3381
6,3,4,7,145,3381
5,2,4,7,145,3381
5,4,4,7,145,3381
4,1,4,7,145,3381
4,5,4,7,145,3381
3,0,4,7,145,3381
3,6,4,7,145,3381
2,7,4,7,145,3381
1,8,4,7,145,3381
0,9,4,7,145,3381
8,3,4,7,145,3381
7,2,4,7,145,3381
7,4,4,7,145,3381
6,1,4,7,145,3381
6,5,4,7,145,3381
5,0,4,7,145,3381
5,6,4,7,145,3381
4,0,4,7,145,3381
4,7,4,7,145,3381
3,8,4,7,145,3381
2,9,4,7,145,3381
1,9,4,7,145,3381
0,4,4,7,146,2992
1,4,4,7,146,2992
0,3,4,7,146,2992
0,5,4,7,146,2992
2,4,4,7,146,2992
1,3,4,7,146,2992
1,5,4,7,146,2992
0,2,4,7,146,2992
0,6,4,7,146,2992
3,4,4,7,146,2992
2,3,4,7,146,2992
2,5,4,7,146,2992
1,2,4,7,146,2992
1,6,4,7,146,2992
0,1,4,7,146,2992
0,7,4,7,146,2992
4,4,4,7,146,2992
3,3,4,7,146,2992
3,5,4,7,146,2992
2,2,4,7,146,2992
2,6,4,7,146,2992
1,1,4,7,146,2992
1,7,4,7,146,2992
0,0,4,7,146,2992
0,8,4,7,146,2992
5,4,4,7,146,2992
4,3,4,7,146,2992
4,5,4,7,146,2992
3,2,4,7,146,2992
3,6,4,7,146,2992
2,1,4,7,146,2992
2,7,4,7,146,2992
1,0,4,7,146,2992
1,8,4,7,146,2992
0,9,4,7,146,2992
7,4,4,7,146,2992
6,3,4,7,146,2992
6,5,4,7,146,2992
5,2,4,7,146,2992
5,6,4,7,146,2992
4,1,4,7,146,2992
4,7,4,7,146,2992
3,0,4,7,146,2992
3,8,4,7,146,2992
2,0,4,7,146,2992
2,9,4,7,146,2992
1,9,4,7,146,2992
0,5,2,7,147,2583
1,5,2,7,147,2583
0,4,2,7,147,2583
0,6,2,7,147,2583
2,5,2,7,147,2583
1,4,2,7,147,2583
1,6,2,7,147,2583
0,3,2,7,147,2583
0,7,2,7,147,2583
3,5,2,7,147,2583
2,4,2,7,147,2583
2,6,2,7,147,2583
1,3,2,7,147,2583
1,7,2,7,147,2583
0,2,2,7,147,2583
0,8,2,7,147,2583
4,5,2,7,147,2583
3,4,2,7,147,2583
3,6,2,7,147,2583
2,3,2,7,147,2583
2,7,2,7,147,2583
1,2,2,7,147,2583
1,8,2,7,147,2583
0,1,2,7,147,2583
0,9,2,7,147,2583
6,5,2,7,147,2583
5,4,2,7,147,2583
5,6,2,7,147,2583
4,3,2,7,147,2583
4,7,2,7,147,2583
3,2,2,7,147,2583
3,8,2,7,147,2583
2,1,2,7,147,2583
2,9,2,7,147,2583
1,0,2,7,147,2583
1,9,2,7,147,2583
0,7,4,7,148,1646
1,7,4,7,148,1646
0,6,4,7,148,1646
0,8,4,7,148,1646
2,7,4,7,148,1646
1,6,4,7,148,1646
1,8,4,7,148,1646
0,5,4,7,148,1646
0,9,4,7,148,1646
4,7,4,7,148,1646
3,6,4,7,148,1646
3,8,4,7,148,1646
2,5,4,7,148,1646
2,9,4,7,148,1646
1,4,4,7,148,1646
1,9,4,7,148,1646
0,8,2,7,149,1138
1,8,2,7,149,1138
0,7,2,7,149,1138
0,9,2,7,149,1138
3,8,2,7,149,1138
2,7,2,7,149,1138
2,9,2,7,149,1138
1,6,2,7,149,1138
1,9,2,7,149,1138
0,2,5,2,150,4118
1,2,5,2,150,4118
0,1,5,2,150,4118
0,3,5,2,150,4118
2,2,5,2,150,4118
1,1,5,2,150,4118
1,3,5,2,150,4118
0,0,5,2,150,4118
0,4,5,2,150,4118
3,2,5,2,150,4118
2,1,5,2,150,4118
2,3,5,2,150,4118
1,0,5,2,150,4118
1,4,5,2,150,4118
0,5,5,2,150,4118
4,2,5,2,150,4118
3,1,5,2,150,4118
3,3,5,2,150,4118
2,0,5,2,150,4118
2,4,5,2,150,4118
1,5,5,2,150,4118
0,6,5,2,150,4118
5,2,5,2,150,4118
4,1,5,2,150,4118
4,3,5,2,150,4118
3,0,5,2,150,4118
3,4,5,2,150,4118
2,5,5,2,150,4118
1,6,5,2,150,4118
0,7,5,2,150,4118
6,2,5,2,150,4118
5,1,5,2,150,4118
5,3,5,2,150,4118
4,0,5,2,150,4118
4,4,5,2,150,4118
3,5,5,2,150,4118
2,6,5,2,150,4118
1,7,5,2,150,4118
0,8,5,2,150,4118
7,2,5,2,150,4118
6,1,5,2,150,4118
6,3,5,2,150,4118
5,0,5,2,150,4118
5,4,5,2,150,4118
4,5,5,2,150,4118
3,6,5,2,150,4118
2,7,5,2,150,4118
1,8,5,2,150,4118
0,9,5,2,150,4118
8,2,5,2,150,4118
7,1,5,2,150,4118
7,3,5,2,150,4118
6,0,5,2,150,4118
6,4,5,2,150,4118
5,5,5,2,150,4118
4,6,5,2,150,4118
3,7,5,2,150,4118
2,8,5,2,150,4118
1,9,5,2,150,4118
9,2,5,2,150,4118
8,1,5,2,150,4118
8,3,5,2,150,4118
7,0,5,2,150,4118
7,4,5,2,150,4118
6,5,5,2,150,4118
5,6,5,2,150,4118
4,7,5,2,150,4118
3,8,5,2,150,4118
2,9,5,2,150,4118
0,3,5,0,151,3764
1,3,5,0,151,3764
0,2,5,0,151,3764
0,4,5,0,151,3764
2,3,5,0,151,3764
1,2,5,0,151,3764
1,4,5,0,151,3764
0,1,5,0,151,3764
0,5,5,0,151,3764
3,3,5,0,151,3764
2,2,5,0,151,3764
2,4,5,0,151,3764
1,1,5,0,151,3764
1,5,5,0,151,3764
0,0,5,0,151,3764
0,6,5,0,151,3764
4,3,5,0,151,3764
3,2,5,0,151,3764
3,4,5,0,151,3764
2,1,5,0,151,3764
2,5,5,0,151,3764
1,0,5,0,151,3764
1,6,5,0,151,3764
0,7,5,0,151,3764
5,3,5,0,151,3764
4,2,5,0,151,3764
4,4,5,0,151,3764
3,1,5,0,151,3764
3,5,5,0,151,3764
2,0,5,0,151,3764
2,6,5,0,151,3764
1,7,5,0,151,3764
0,8,5,0,151,3764
6,3,5,0,151,3764
5,2,5,0,151,3764
5,4,5,0,151,3764
4,1,5,0,151,3764
4,5,5,0,151,3764
3,0,5,0,151,3764
3,6,5,0,151,3764
2,7,5,0,151,3764
1,8,5,0,151,3764
0,9,5,0,151,3764
7,3,5,0,151,3764
6,2,5,0,151,3764
6,4,5,0,151,3764
5,1,5,0,151,3764
5,5,5,0,151,3764
4,0,5,0,151,3764
4,6,5,0,151,3764
3,7,5,0,151,3764
2,8,5,0,151,3764
1,9,5,0,151,3764
8,3,5,0,151,3764
7,2,5,0,151,3764
7,4,5,0,151,3764
6,1,5,0,151,3764
6,5,5,0,151,3764
5,0,5,0,151,3764
5,6,5,0,151,3764
4,7,5,0,151,3764
3,8,5,0,151,3764
2,9,5,0,151,3764
0,5,4,7,152,3008
1,5,4,7,152,3008
0,4,4,7,152,3008
0,6,4,7,152,3008
2,5,4,7,152,3008
1,4,4,7,152,3008
1,6,4,7,152,3008
0,3,4,7,152,3008
0,7,4,7,152,3008
3,5,4,7,152,3008
2,4,4,7,152,3008
2,6,4,7,152,3008
1,3,4,7,152,3008
1,7,4,7,152,3008
0,2,4,7,152,3008
0,8,4,7,152,3008
4,5,4,7,152,3008
3,4,4,7,152,3008
3,6,4,7,152,3008
2,3,4,7,152,3008
2,7,4,7,152,3008
1,2,4,7,152,3008
1,8,4,7,152,3008
0,1,4,7,152,3008
0,9,4,7,152,3008
5,5,4,7,152,3008
4,4,4,7,152,3008
4,6,4,7,152,3008
3,3,4,7,152,3008
3,7,4,7,152,3008
2,2,4,7,152,3008
2,8,4,7,152,3008
1,1,4,7,152,3008
1,9,4,7,152,3008
0,0,4,7,152,3008
6,5,4,7,152,3008
5,4,4,7,152,3008
5,6,4,7,152,3008
4,3,4,7,152,3008
4,7,4,7,152,3008
3,2,4,7,152,3008
3,8,4,7,152,3008
2,1,4,7,152,3008
2,9,4,7,152,3008
1,0,4,7,152,3008
0,6,4,7,153,2583
1,6,4,7,153,2583
0,5,4,7,153,2583
0,7,4,7,153,2583
2,6,4,7,153,2583
1,5,4,7,153,2583
1,7,4,7,153,2583
0,4,4,7,153,2583
0,8,4,7,153,2583
3,6,4,7,153,2583
2,5,4,7,153,2583
2,7,4,7,153,2583
1,4,4,7,153,2583
1,8,4,7,153,2583
0,3,4,7,153,2583
0,9,4,7,153,2583
4,6,4,7,153,2583
3,5,4,7,153,2583
3,7,4,7,153,2583
2,4,4,7,153,2583
2,8,4,7,153,2583
1,3,4,7,153,2583
1,9,4,7,153,2583
0,2,4,7,153,2583
5,6,4,7,153,2583
4,5,4,7,153,2583
4,7,4,7,153,2583
3,4,4,7,153,2583
3,8,4,7,153,2583
2,3,4,7,153,2583
2,9,4,7,153,2583
1,2,4,7,153,2583
0,1,4,7,153,2583
0,7,4,7,154,2127
1,7,4,7,154,2127
0,6,4,7,154,2127
0,8,4,7,154,2127
2,7,4,7,154,2127
1,6,4,7,154,2127
1,8,4,7,154,2127
0,5,4,7,154,2127
0,9,4,7,154,2127
3,7,4,7,154,2127
2,6,4,7,154,2127
2,8,4,7,154,2127
1,5,4,7,154,2127
1,9,4,7,154,2127
0,4,4,7,154,2127
4,7,4,7,154,2127
3,6,4,7,154,2127
3,8,4,7,154,2127
2,5,4,7,154,2127
2,9,4,7,154,2127
1,4,4,7,154,2127
0,3,4,7,154,2127
0,0,5,6,155,4441
1,0,5,6,155,4441
0,1,5,6,155,4441
2,0,5,6,155,4441
1,1,5,6,155,4441
0,2,5,6,155,4441
3,0,5,6,155,4441
2,1,5,6,155,4441
1,2,5,6,155,4441
0,3,5,6,155,4441
4,0,5,6,155,4441
3,1,5,6,155,4441
2,2,5,6,155,4441
1,3,5,6,155,4441
0,4,5,6,155,4441
5,0,5,6,155,4441
4,1,5,6,155,4441
3,2,5,6,155,4441
2,3,5,6,155,4441
1,4,5,6,155,4441
0,5,5,6,155,4441
6,0,5,6,155,4441
5,1,5,6,155,4441
4,2,5,6,155,4441
3,3,5,6,155,4441
2,4,5,6,155,4441
1,5,5,6,155,4441
0,6,5,6,155,4441
7,0,5,6,155,4441
6,1,5,6,155,4441
5,2,5,6,155,4441
4,3,5,6,155,4441
3,4,5,6,155,4441
2,5,5,6,155,4441
1,6,5,6,155,4441
0,7,5,6,155,4441
8,0,5,6,155,4441
7,1,5,6,155,4441
6,2,5,6,155,4441
5,3,5,6,155,4441
4,4,5,6,155,4441
3,5,5,6,155,4441
2,6,5,6,155,4441
1,7,5,6,155,4441
0,8,5,6,155,4441
9,0,5,6,155,4441
8,1,5,6,155,4441
7,2,5,6,155,4441
6,3,5,6,155,4441
5,4,5,6,155,4441
4,5,5,6,155,4441
3,6,5,6,155,4441
2,7,5,6,155,4441
1,8,5,6,155,4441
0,9,5,6,155,4441
9,1,5,6,155,4441
9,2,5,6,155,4441
8,2,5,6,155,4441
8,3,5,6,155,4441
7,3,5,6,155,4441
7,4,5,6,155,4441
6,4,5,6,155,4441
6,5,5,6,155,4441
5,5,5,6,155,4441
5,6,5,6,155,4441
4,6,5,6,155,4441
4,7,5,6,155,4441
3,7,5,6,155,4441
3,8,5,6,155,4441
2,8,5,6,155,4441
2,9,5,6,155,4441
1,9,5,6,155,4441
0,1,5,4,156,4444
1,1,5,4,156,4444
0,0,5,4,156,4444
0,2,5,4,156,4444
2,1,5,4,156,4444
1,0,5,4,156,4444
1,2,5,4,156,4444
0,3,5,4,156,4444
3,1,5,4,156,4444
2,0,5,4,156,4444
2,2,5,4,156,4444
1,3,5,4,156,4444
0,4,5,4,156,4444
4,1,5,4,156,4444
3,0,5,4,156,4444
3,2,5,4,156,4444
2,3,5,4,156,4444
1,4,5,4,156,4444
0,5,5,4,156,4444
5,1,5,4,156,4444
4,0,5,4,156,4444
4,2,5,4,156,4444
3,3,5,4,156,4444
2,4,5,4,156,4444
1,5,5,4,156,4444
0,6,5,4,156,4444
6,1,5,4,156,4444
5,0,5,4,156,4444
5,2,5,4,156,4444
4,3,5,4,156,4444
3,4,5,4,156,4444
2,5,5,4,156,4444
1,6,5,4,156,4444
0,7,5,4,156,4444
7,1,5,4,156,4444
6,0,5,4,156,4444
6,2,5,4,156,4444
5,3,5,4,156,4444
4,4,5,4,156,4444
3,5,5,4,156,4444
2,6,5,4,156,4444
1,7,5,4,156,4444
0,8,5,4,156,4444
8,1,5,4,156,4444
7,0,5,4,156,4444
7,2,5,4,156,4444
6,3,5,4,156,4444
5,4,5,4,156,4444
4,5,5,4,156,4444
3,6,5,4,156,4444
2,7,5,4,156,4444
1,8,5,4,156,4444
0,9,5,4,156,4444
9,1,5,4,156,4444
8,0,5,4,156,4444
8,2,5,4,156,4444
7,3,5,4,156,4444
6,4,5,4,156,4444
5,5,5,4,156,4444
4,6,5,4,156,4444
3,7,5,4,156,4444
2,8,5,4,156,4444
1,9,5,4,156,4444
9,0,5,4,156,4444
9,2,5,4,156,4444
8,3,5,4,156,4444
7,4,5,4,156,4444
6,5,5,4,156,4444
5,6,5,4,156,4444
4,7,5,4,156,4444
3,8,5,4,156,4444
2,9,5,4,156,4444
0,0,5,7,157,4435
1,0,5,7,157,4435
0,1,5,7,157,4435
2,0,5,7,157,4435
1,1,5,7,157,4435
0,2,5,7,157,4435
3,0,5,7,157,4435
2,1,5,7,157,4435
1,2,5,7,157,4435
0,3,5,7,157,4435
4,0,5,7,157,4435
3,1,5,7,157,4435
2,2,5,7,157,4435
1,3,5,7,157,4435
0,4,5,7,157,4435
5,0,5,7,157,4435
4,1,5,7,157,4435
3,2,5,7,157,4435
2,3,5,7,157,4435
1,4,5,7,157,4435
0,5,5,7,157,4435
6,0,5,7,157,4435
5,1,5,7,157,4435
4,2,5,7,157,4435
3,3,5,7,157,4435
2,4,5,7,157,4435
1,5,5,7,157,4435
0,6,5,7,157,4435
7,0,5,7,157,4435
6,1,5,7,157,4435
5,2,5,7,157,4435
4,3,5,7,157,4435
3,4,5,7,157,4435
2,5,5,7,157,4435
1,6,5,7,157,4435
0,7,5,7,157,4435
8,0,5,7,157,4435
7,1,5,7,157,4435
6,2,5,7,157,4435
5,3,5,7,157,4435
4,4,5,7,157,4435
3,5,5,7,157,4435
2,6,5,7,157,4435
1,7,5,7,157,4435
0,8,5,7,157,4435
9,0,5,7,157,4435
9,1,5,7,157,4435
8,1,5,7,157,4435
8,2,5,7,157,4435
7,2,5,7,157,4435
7,3,5,7,157,4435
6,3,5,7,157,4435
6,4,5,7,157,4435
5,4,5,7,157,4435
5,5,5,7,157,4435
4,5,5,7,157,4435
4,6,5,7,157,4435
3,6,5,7,157,4435
3,7,5,7,157,4435
2,7,5,7,157,4435
2,8,5,7,157,4435
1,8,5,7,157,4435
1,9,5,7,157,4435
9,2,5,7,157,4435
9,2,9,2,0,0
9,3,5,7,157,4435
8,3,5,7,157,4435
8,3,8,3,0,0
8,4,5,7,157,4435
7,4,5,7,157,4435
7,4,7,4,0,0
7,5,5,7,157,4435
6,5,5,7,157,4435
6,5,6,5,0,0
6,6,5,7,157,4435
5,6,5,7,157,4435
5,6,5,6,0,0
5,7,5,7,157,4435
4,7,5,7,157,4435
4,7,4,7,0,0
4,8,5,7,157,4435
3,8,5,7,157,4435
3,8,3,8,0,0
3,9,5,7,157,4435
2,9,5,7,157,4435
2,9,2,9,0,0
0,0,5,7,158,4106
1,0,5,7,158,4106
0,1,5,7,158,4106
2,0,5,7,158,4106
1,1,5,7,158,4106
0,2,5,7,158,4106
3,0,5,7,158,4106
2,1,5,7,158,4106
1,2,5,7,158,4106
0,3,5,7,158,4106
4,0,5,7,158,4106
3,1,5,7,158,4106
2,2,5,7,158,4106
1,3,5,7,158,4106
0,4,5,7,158,4106
5,0,5,7,158,4106
4,1,5,7,158,4106
3,2,5,7,158,4106
2,3,5,7,158,4106
1,4,5,7,158,4106
0,5,5,7,158,4106
6,0,5,7,158,4106
5,1,5,7,158,4106
4,2,5,7,158,4106
3,3,5,7,158,4106
2,4,5,7,158,4106
1,5,5,7,158,4106
0,6,5,7,158,4106
8,0,5,7,158,4106
7,0,5,7,158,4106
7,1,5,7,158,4106
6,1,5,7,158,4106
6,2,5,7,158,4106
5,2,5,7,158,4106
5,3,5,7,158,4106
4,3,5,7,158,4106
4,4,5,7,158,4106
3,4,5,7,158,4106
3,5,5,7,158,4106
2,5,5,7,158,4106
2,6,5,7,158,4106
1,6,5,7,158,4106
1,7,5,7,158,4106
9,0,5,7,158,4106
9,1,5,7,158,4106
8,1,5,7,158,4106
8,2,5,7,158,4106
7,2,5,7,158,4106
7,3,5,7,158,4106
6,3,5,7,158,4106
6,4,5,7,158,4106
5,4,5,7,158,4106
5,5,5,7,158,4106
4,5,5,7,158,4106
4,6,5,7,158,4106
3,6,5,7,158,4106
3,7,5,7,158,4106
2,7,5,7,158,4106
2,8,5,7,158,4106
9,2,5,7,158,4106
9,3,5,7,158,4106
8,3,5,7,158,4106
8,4,5,7,158,4106
7,4,5,7,158,4106
7,5,5,7,158,4106
6,5,5,7,158,4106
6,6,5,7,158,4106
5,6,5,7,158,4106
5,7,5,7,158,4106
4,7,5,7,158,4106
4,8,5,7,158,4106
3,8,5,7,158,4106
3,9,5,7,158,4106
0,0,5,7,159,3753
1,0,5,7,159,3753
0,1,5,7,159,3753
2,0,5,7,159,3753
1,1,5,7,159,3753
0,2,5,7,159,3753
3,0,5,7,159,3753
2,1,5,7,159,3753
1,2,5,7,159,3753
0,3,5,7,159,3753
4,0,5,7,159,3753
3,1,5,7,159,3753
2,2,5,7,159,3753
1,3,5,7,159,3753
0,4,5,7,159,3753
6,0,5,7,159,3753
5,0,5,7,159,3753
5,1,5,7,159,3753
4,1,5,7,159,3753
4,2,5,7,159,3753
3,2,5,7,159,3753
3,3,5,7,159,3753
2,3,5,7,159,3753
2,4,5,7,159,3753
1,4,5,7,159,3753
1,5,5,7,159,3753
8,0,5,7,159,3753
7,0,5,7,159,3753
7,1,5,7,159,3753
6,1,5,7,159,3753
6,2,5,7,159,3753
5,2,5,7,159,3753
5,3,5,7,159,3753
4,3,5,7,159,3753
4,4,5,7,159,3753
3,4,5,7,159,3753
3,5,5,7,159,3753
2,5,5,7,159,3753
2,6,5,7,159,3753
9,0,5,7,159,3753
9,1,5,7,159,3753
8,1,5,7,159,3753
8,2,5,7,159,3753
7,2,5,7,159,3753
7,3,5,7,159,3753
6,3,5,7,159,3753
6,4,5,7,159,3753
5,4,5,7,159,3753
5,5,5,7,159,3753
4,5,5,7,159,3753
4,6,5,7,159,3753
3,6,5,7,159,3753
3,7,5,7,159,3753
9,2,5,7,159,3753
9,3,5,7,159,3753
8,3,5,7,159,3753
8,4,5,7,159,3753
7,4,5,7,159,3753
7,5,5,7,159,3753
6,5,5,7,159,3753
6,6,5,7,159,3753
5,6,5,7,159,3753
5,7,5,7,159,3753
4,7,5,7,159,3753
4,8,5,7,159,3753
0,0,5,7,160,3374
1,0,5,7,160,3374
0,1,5,7,160,3374
2,0,5,7,160,3374
1,1,5,7,160,3374
0,2,5,7,160,3374
4,0,5,7,160,3374
3,0,5,7,160,3374
3,1,5,7,160,3374
2,1,5,7,160,3374
2,2,5,7,160,3374
1,2,5,7,160,3374
1,3,5,7,160,3374
6,0,5,7,160,3374
5,0,5,7,160,3374
5,1,5,7,160,3374
4,1,5,7,160,3374
4,2,5,7,160,3374
3,2,5,7,160,3374
3,3,5,7,160,3374
2,3,5,7,160,3374
2,4,5,7,160,3374
8,0,5,7,160,3374
7,0,5,7,160,3374
7,1,5,7,160,3374
6,1,5,7,160,3374
6,2,5,7,160,3374
5,2,5,7,160,3374
5,3,5,7,160,3374
4,3,5,7,160,3374
4,4,5,7,160,3374
3,4,5,7,160,3374
3,5,5,7,160,3374
9,0,5,7,160,3374
9,1,5,7,160,3374
8,1,5,7,160,3374
8,2,5,7,160,3374
7,2,5,7,160,3374
7,3,5,7,160,3374
6,3,5,7,160,3374
6,4,5,7,160,3374
5,4,5,7,160,3374
5,5,5,7,160,3374
4,5,5,7,160,3374
4,6,5,7,160,3374
9,2,5,7,160,3374
9,3,5,7,160,3374
8,3,5,7,160,3374
8,4,5,7,160,3374
7,4,5,7,160,3374
7,5,5,7,160,3374
6,5,5,7,160,3374
6,6,5,7,160,3374
5,6,5,7,160,3374
5,7,5,7,160,3374
0,0,5,5,161,3000
2,0,5,5,161,3000
1,0,5,5,161,3000
1,1,5,5,161,3000
4,0,5,5,161,3000
3,0,5,5,161,3000
3,1,5,5,161,3000
2,1,5,5,161,3000
2,2,5,5,161,3000
6,0,5,5,161,3000
5,0,5,5,161,3000
5,1,5,5,161,3000
4,1,5,5,161,3000
4,2,5,5,161,3000
3,2,5,5,161,3000
3,3,5,5,161,3000
8,0,5,5,161,3000
7,0,5,5,161,3000
7,1,5,5,161,3000
6,1,5,5,161,3000
6,2,5,5,161,3000
5,2,5,5,161,3000
5,3,5,5,161,3000
4,3,5,5,161,3000
4,4,5,5,161,3000
9,0,5,5,161,3000
9,1,5,5,161,3000
8,1,5,5,161,3000
8,2,5,5,161,3000
7,2,5,5,161,3000
7,3,5,5,161,3000
6,3,5,5,161,3000
6,4,5,5,161,3000
5,4,5,5,161,3000
5,5,5,5,161,3000
9,2,5,5,161,3000
9,3,5,5,161,3000
8,3,5,5,161,3000
8,4,5,5,161,3000
7,4,5,5,161,3000
7,5,5,5,161,3000
6,5,5,5,161,3000
6,6,5,5,161,3000
2,0,5,3,162,2588
4,0,5,3,162,2588
3,0,5,3,162,2588
3,1,5,3,162,2588
6,0,5,3,162,2588
5,0,5,3,162,2588
5,1,5,3,162,2588
4,1,5,3,162,2588
4,2,5,3,162,2588
8,0,5,3,162,2588
7,0,5,3,162,2588
7,1,5,3,162,2588
6,1,5,3,162,2588
6,2,5,3,162,2588
5,2,5,3,162,2588
5,3,5,3,162,2588
9,0,5,3,162,2588
9,1,5,3,162,2588
8,1,5,3,162,2588
8,2,5,3,162,2588
7,2,5,3,162,2588
7,3,5,3,162,2588
6,3,5,3,162,2588
6,4,5,3,162,2588
9,2,5,3,162,2588
9,3,5,3,162,2588
8,3,5,3,162,2588
8,4,5,3,162,2588
7,4,5,3,162,2588
7,5,5,3,162,2588
4,0,5,1,163,2132
6,0,5,1,163,2132
5,0,5,1,163,2132
5,1,5,1,163,2132
8,0,5,1,163,2132
7,0,5,1,163,2132
7,1,5,1,163,2132
6,1,5,1,163,2132
6,2,5,1,163,2132
9,0,5,1,163,2132
9,1,5,1,163,2132
8,1,5,1,163,2132
8,2,5,1,163,2132
7,2,5,1,163,2132
7,3,5,1,163,2132
9,2,5,1,163,2132
9,3,5,1,163,2132
8,3,5,1,163,2132
8,4,5,1,163,2132
6,0,6,0,164,1644
8,0,6,0,164,1644
7,0,6,0,164,1644
7,1,6,0,164,1644
9,0,6,0,164,1644
9,1,6,0,164,1644
8,1,6,0,164,1644
8,2,6,0,164,1644
9,2,6,0,164,1644
9,3,6,0,164,1644
7,1,8,0,165,1138
9,1,8,0,165,1138
8,0,8,0,165,1138
8,2,8,0,165,1138
8,1,8,0,165,1138
9,0,8,0,165,1138
9,2,8,0,165,1138
9,3,8,0,165,1138
5,1,6,0,166,1650
7,1,6,0,166,1650
6,0,6,0,166,1650
6,2,6,0,166,1650
9,1,6,0,166,1650
8,0,6,0,166,1650
8,2,6,0,166,1650
7,0,6,0,166,1650
7,3,6,0,166,1650
8,1,6,0,166,1650
9,0,6,0,166,1650
9,2,6,0,166,1650
9,3,6,0,166,1650
8,4,6,0,166,1650
3,1,5,3,167,2128
5,1,5,3,167,2128
4,0,5,3,167,2128
4,2,5,3,167,2128
7,1,5,3,167,2128
6,0,5,3,167,2128
6,2,5,3,167,2128
5,0,5,3,167,2128
5,3,5,3,167,2128
9,1,5,3,167,2128
8,0,5,3,167,2128
8,2,5,3,167,2128
7,0,5,3,167,2128
7,3,5,3,167,2128
6,1,5,3,167,2128
6,4,5,3,167,2128
8,1,5,3,167,2128
9,0,5,3,167,2128
9,2,5,3,167,2128
9,3,5,3,167,2128
8,4,5,3,167,2128
7,2,5,3,167,2128
7,5,5,3,167,2128
1,1,5,5,168,2571
3,1,5,5,168,2571
2,0,5,5,168,2571
2,2,5,5,168,2571
5,1,5,5,168,2571
4,0,5,5,168,2571
4,2,5,5,168,2571
3,0,5,5,168,2571
3,3,5,5,168,2571
7,1,5,5,168,2571
6,0,5,5,168,2571
6,2,5,5,168,2571
5,0,5,5,168,2571
5,3,5,5,168,2571
4,1,5,5,168,2571
4,4,5,5,168,2571
9,1,5,5,168,2571
8,0,5,5,168,2571
8,2,5,5,168,2571
7,0,5,5,168,2571
7,3,5,5,168,2571
6,1,5,5,168,2571
6,4,5,5,168,2571
5,2,5,5,168,2571
5,5,5,5,168,2571
8,1,5,5,168,2571
9,0,5,5,168,2571
9,2,5,5,168,2571
9,3,5,5,168,2571
8,4,5,5,168,2571
7,2,5,5,168,2571
7,5,5,5,168,2571
6,3,5,5,168,2571
6,6,5,5,168,2571
2,2,5,5,169,2127
4,2,5,5,169,2127
3,1,5,5,169,2127
3,3,5,5,169,2127
6,2,5,5,169,2127
5,1,5,5,169,2127
5,3,5,5,169,2127
4,0,5,5,169,2127
4,4,5,5,169,2127
8,2,5,5,169,2127
7,1,5,5,169,2127
7,3,5,5,169,2127
6,0,5,5,169,2127
6,4,5,5,169,2127
5,0,5,5,169,2127
5,5,5,5,169,2127
9,2,5,5,169,2127
9,1,5,5,169,2127
9,3,5,5,169,2127
8,0,5,5,169,2127
8,4,5,5,169,2127
7,0,5,5,169,2127
7,5,5,5,169,2127
6,1,5,5,169,2127
6,6,5,5,169,2127
4,4,5,5,104,1138
6,4,5,5,104,1138
5,3,5,5,104,1138
5,5,5,5,104,1138
8,4,5,5,104,1138
7,3,5,5,104,1138
7,5,5,5,104,1138
6,2,5,5,104,1138
6,6,5,5,104,1138
0,1,5,7,170,2979
1,1,5,7,170,2979
0,0,5,7,170,2979
0,2,5,7,170,2979
3,1,5,7,170,2979
2,0,5,7,170,2979
2,2,5,7,170,2979
1,0,5,7,170,2979
1,3,5,7,170,2979
5,1,5,7,170,2979
4,0,5,7,170,2979
4,2,5,7,170,2979
3,0,5,7,170,2979
3,3,5,7,170,2979
2,1,5,7,170,2979
2,4,5,7,170,2979
7,1,5,7,170,2979
6,0,5,7,170,2979
6,2,5,7,170,2979
5,0,5,7,170,2979
5,3,5,7,170,2979
4,1,5,7,170,2979
4,4,5,7,170,2979
3,2,5,7,170,2979
3,5,5,7,170,2979
9,1,5,7,170,2979
8,0,5,7,170,2979
8,2,5,7,170,2979
7,0,5,7,170,2979
7,3,5,7,170,2979
6,1,5,7,170,2979
6,4,5,7,170,2979
5,2,5,7,170,2979
5,5,5,7,170,2979
4,3,5,7,170,2979
4,6,5,7,170,2979
8,1,5,7,170,2979
9,0,5,7,170,2979
9,2,5,7,170,2979
9,3,5,7,170,2979
8,4,5,7,170,2979
7,2,5,7,170,2979
7,5,5,7,170,2979
6,3,5,7,170,2979
6,6,5,7,170,2979
5,4,5,7,170,2979
5,7,5,7,170,2979
0,2,5,7,171,2565
2,2,5,7,171,2565
1,1,5,7,171,2565
1,3,5,7,171,2565
4,2,5,7,171,2565
3,1,5,7,171,2565
3,3,5,7,171,2565
2,0,5,7,171,2565
2,4,5,7,171,2565
6,2,5,7,171,2565
5,1,5,7,171,2565
5,3,5,7,171,2565
4,0,5,7,171,2565
4,4,5,7,171,2565
3,0,5,7,171,2565
3,5,5,7,171,2565
8,2,5,7,171,2565
7,1,5,7,171,2565
7,3,5,7,171,2565
6,0,5,7,171,2565
6,4,5,7,171,2565
5,0,5,7,171,2565
5,5,5,7,171,2565
4,1,5,7,171,2565
4,6,5,7,171,2565
9,2,5,7,171,2565
9,1,5,7,171,2565
9,3,5,7,171,2565
8,0,5,7,171,2565
8,4,5,7,171,2565
7,0,5,7,171,2565
7,5,5,7,171,2565
6,1,5,7,171,2565
6,6,5,7,171,2565
5,2,5,7,171,2565
5,7,5,7,171,2565
1,3,5,7,172,2122
3,3,5,7,172,2122
2,2,5,7,172,2122
2,4,5,7,172,2122
5,3,5,7,172,2122
4,2,5,7,172,2122
4,4,5,7,172,2122
3,1,5,7,172,2122
3,5,5,7,172,2122
7,3,5,7,172,2122
6,2,5,7,172,2122
6,4,5,7,172,2122
5,1,5,7,172,2122
5,5,5,7,172,2122
4,0,5,7,172,2122
4,6,5,7,172,2122
9,3,5,7,172,2122
8,2,5,7,172,2122
8,4,5,7,172,2122
7,1,5,7,172,2122
7,5,5,7,172,2122
6,0,5,7,172,2122
6,6,5,7,172,2122
5,0,5,7,172,2122
5,7,5,7,172,2122
2,4,5,7,81,1646
4,4,5,7,81,1646
3,3,5,7,81,1646
3,5,5,7,81,1646
6,4,5,7,81,1646
5,3,5,7,81,1646
5,5,5,7,81,1646
4,2,5,7,81,1646
4,6,5,7,81,1646
8,4,5,7,81,1646
7,3,5,7,81,1646
7,5,5,7,81,1646
6,2,5,7,81,1646
6,6,5,7,81,1646
5,1,5,7,81,1646
5,7,5,7,81,1646
3,5,5,7,59,1136
5,5,5,7,59,1136
4,4,5,7,59,1136
4,6,5,7,59,1136
7,5,5,7,59,1136
6,4,5,7,59,1136
6,6,5,7,59,1136
5,3,5,7,59,1136
5,7,5,7,59,1136
0,2,5,7,173,2986
1,2,5,7,173,2986
0,1,5,7,173,2986
0,3,5,7,173,2986
2,2,5,7,173,2986
1,1,5,7,173,2986
1,3,5,7,173,2986
0,0,5,7,173,2986
0,4,5,7,173,2986
4,2,5,7,173,2986
3,1,5,7,173,2986
3,3,5,7,173,2986
2,0,5,7,173,2986
2,4,5,7,173,2986
1,0,5,7,173,2986
1,5,5,7,173,2986
6,2,5,7,173,2986
5,1,5,7,173,2986
5,3,5,7,173,2986
4,0,5,7,173,2986
4,4,5,7,173,2986
3,0,5,7,173,2986
3,5,5,7,173,2986
2,1,5,7,173,2986
2,6,5,7,173,2986
8,2,5,7,173,2986
7,1,5,7,173,2986
7,3,5,7,173,2986
6,0,5,7,173,2986
6,4,5,7,173,2986
5,0,5,7,173,2986
5,5,5,7,173,2986
4,1,5,7,173,2986
4,6,5,7,173,2986
3,2,5,7,173,2986
3,7,5,7,173,2986
9,2,5,7,173,2986
9,1,5,7,173,2986
9,3,5,7,173,2986
8,0,5,7,173,2986
8,4,5,7,173,2986
7,0,5,7,173,2986
7,5,5,7,173,2986
6,1,5,7,173,2986
6,6,5,7,173,2986
5,2,5,7,173,2986
5,7,5,7,173,2986
4,3,5,7,173,2986
4,8,5,7,173,2986
0,3,5,7,174,2571
1,3,5,7,174,2571
0,2,5,7,174,2571
0,4,5,7,174,2571
3,3,5,7,174,2571
2,2,5,7,174,2571
2,4,5,7,174,2571
1,1,5,7,174,2571
1,5,5,7,174,2571
5,3,5,7,174,2571
4,2,5,7,174,2571
4,4,5,7,174,2571
3,1,5,7,174,2571
3,5,5,7,174,2571
2,0,5,7,174,2571
2,6,5,7,174,2571
7,3,5,7,174,2571
6,2,5,7,174,2571
6,4,5,7,174,2571
5,1,5,7,174,2571
5,5,5,7,174,2571
4,0,5,7,174,2571
4,6,5,7,174,2571
3,0,5,7,174,2571
3,7,5,7,174,2571
9,3,5,7,174,2571
8,2,5,7,174,2571
8,4,5,7,174,2571
7,1,5,7,174,2571
7,5,5,7,174,2571
6,0,5,7,174,2571
6,6,5,7,174,2571
5,0,5,7,174,2571
5,7,5,7,174,2571
4,1,5,7,174,2571
4,8,5,7,174,2571
1,5,5,7,108,1650
3,5,5,7,108,1650
2,4,5,7,108,1650
2,6,5,7,108,1650
5,5,5,7,108,1650
4,4,5,7,108,1650
4,6,5,7,108,1650
3,3,5,7,108,1650
3,7,5,7,108,1650
7,5,5,7,108,1650
6,4,5,7,108,1650
6,6,5,7,108,1650
5,3,5,7,108,1650
5,7,5,7,108,1650
4,2,5,7,108,1650
4,8,5,7,108,1650
2,6,5,7,58,1138
4,6,5,7,58,1138
3,5,5,7,58,1138
3,7,5,7,58,1138
6,6,5,7,58,1138
5,5,5,7,58,1138
5,7,5,7,58,1138
4,4,5,7,58,1138
4,8,5,7,58,1138
0,3,5,7,175,2991
1,3,5,7,175,2991
0,2,5,7,175,2991
0,4,5,7,175,2991
2,3,5,7,175,2991
1,2,5,7,175,2991
1,4,5,7,175,2991
0,1,5,7,175,2991
0,5,5,7,175,2991
3,3,5,7,175,2991
2,2,5,7,175,2991
2,4,5,7,175,2991
1,1,5,7,175,2991
1,5,5,7,175,2991
0,0,5,7,175,2991
0,6,5,7,175,2991
5,3,5,7,175,2991
4,2,5,7,175,2991
4,4,5,7,175,2991
3,1,5,7,175,2991
3,5,5,7,175,2991
2,0,5,7,175,2991
2,6,5,7,175,2991
1,0,5,7,175,2991
1,7,5,7,175,2991
7,3,5,7,175,2991
6,2,5,7,175,2991
6,4,5,7,175,2991
5,1,5,7,175,2991
5,5,5,7,175,2991
4,0,5,7,175,2991
4,6,5,7,175,2991
3,0,5,7,175,2991
3,7,5,7,175,2991
2,1,5,7,175,2991
2,8,5,7,175,2991
9,3,5,7,175,2991
8,2,5,7,175,2991
8,4,5,7,175,2991
7,1,5,7,175,2991
7,5,5,7,175,2991
6,0,5,7,175,2991
6,6,5,7,175,2991
5,0,5,7,175,2991
5,7,5,7,175,2991
4,1,5,7,175,2991
4,8,5,7,175,2991
3,2,5,7,175,2991
3,9,5,7,175,2991
0,4,5,7,176,2574
1,4,5,7,176,2574
0,3,5,7,176,2574
0,5,5,7,176,2574
2,4,5,7,176,2574
1,3,5,7,176,2574
1,5,5,7,176,2574
0,2,5,7,176,2574
0,6,5,7,176,2574
4,4,5,7,176,2574
3,3,5,7,176,2574
3,5,5,7,176,2574
2,2,5,7,176,2574
2,6,5,7,176,2574
1,1,5,7,176,2574
1,7,5,7,176,2574
6,4,5,7,176,2574
5,3,5,7,176,2574
5,5,5,7,176,2574
4,2,5,7,176,2574
4,6,5,7,176,2574
3,1,5,7,176,2574
3,7,5,7,176,2574
2,0,5,7,176,2574
2,8,5,7,176,2574
8,4,5,7,176,2574
7,3,5,7,176,2574
7,5,5,7,176,2574
6,2,5,7,176,2574
6,6,5,7,176,2574
5,1,5,7,176,2574
5,7,5,7,176,2574
4,0,5,7,176,2574
4,8,5,7,176,2574
3,0,5,7,176,2574
3,9,5,7,176,2574
0,5,5,7,177,2128
1,5,5,7,177,2128
0,4,5,7,177,2128
0,6,5,7,177,2128
3,5,5,7,177,2128
2,4,5,7,177,2128
2,6,5,7,177,2128
1,3,5,7,177,2128
1,7,5,7,177,2128
5,5,5,7,177,2128
4,4,5,7,177,2128
4,6,5,7,177,2128
3,3,5,7,177,2128
3,7,5,7,177,2128
2,2,5,7,177,2128
2,8,5,7,177,2128
7,5,5,7,177,2128
6,4,5,7,177,2128
6,6,5,7,177,2128
5,3,5,7,177,2128
5,7,5,7,177,2128
4,2,5,7,177,2128
4,8,5,7,177,2128
3,1,5,7,177,2128
3,9,5,7,177,2128
0,6,5,7,178,1650
2,6,5,7,178,1650
1,5,5,7,178,1650
1,7,5,7,178,1650
4,6,5,7,178,1650
3,5,5,7,178,1650
3,7,5,7,178,1650
2,4,5,7,178,1650
2,8,5,7,178,1650
6,6,5,7,178,1650
5,5,5,7,178,1650
5,7,5,7,178,1650
4,4,5,7,178,1650
4,8,5,7,178,1650
3,3,5,7,178,1650
3,9,5,7,178,1650
1,7,5,7,111,1136
3,7,5,7,111,1136
2,6,5,7,111,1136
2,8,5,7,111,1136
5,7,5,7,111,1136
4,6,5,7,111,1136
4,8,5,7,111,1136
3,5,5,7,111,1136
3,9,5,7,111,1136
0,4,5,7,179,2992
1,4,5,7,179,2992
0,3,5,7,179,2992
0,5,5,7,179,2992
2,4,5,7,179,2992
1,3,5,7,179,2992
1,5,5,7,179,2992
0,2,5,7,179,2992
0,6,5,7,179,2992
3,4,5,7,179,2992
2,3,5,7,179,2992
2,5,5,7,179,2992
1,2,5,7,179,2992
1,6,5,7,179,2992
0,1,5,7,179,2992
0,7,5,7,179,2992
4,4,5,7,179,2992
3,3,5,7,179,2992
3,5,5,7,179,2992
2,2,5,7,179,2992
2,6,5,7,179,2992
1,1,5,7,179,2992
1,7,5,7,179,2992
0,0,5,7,179,2992
0,8,5,7,179,2992
6,4,5,7,179,2992
5,3,5,7,179,2992
5,5,5,7,179,2992
4,2,5,7,179,2992
4,6,5,7,179,2992
3,1,5,7,179,2992
3,7,5,7,179,2992
2,0,5,7,179,2992
2,8,5,7,179,2992
1,0,5,7,179,2992
1,9,5,7,179,2992
8,4,5,7,179,2992
7,3,5,7,179,2992
7,5,5,7,179,2992
6,2,5,7,179,2992
6,6,5,7,179,2992
5,1,5,7,179,2992
5,7,5,7,179,2992
4,0,5,7,179,2992
4,8,5,7,179,2992
3,0,5,7,179,2992
3,9,5,7,179,2992
2,1,5,7,179,2992
2,9,5,7,179,2992
0,6,5,7,180,2127
1,6,5,7,180,2127
0,5,5,7,180,2127
0,7,5,7,180,2127
2,6,5,7,180,2127
1,5,5,7,180,2127
1,7,5,7,180,2127
0,4,5,7,180,2127
0,8,5,7,180,2127
4,6,5,7,180,2127
3,5,5,7,180,2127
3,7,5,7,180,2127
2,4,5,7,180,2127
2,8,5,7,180,2127
1,3,5,7,180,2127
1,9,5,7,180,2127
6,6,5,7,180,2127
5,5,5,7,180,2127
5,7,5,7,180,2127
4,4,5,7,180,2127
4,8,5,7,180,2127
3,3,5,7,180,2127
3,9,5,7,180,2127
2,2,5,7,180,2127
2,9,5,7,180,2127
0,7,5,7,181,1646
1,7,5,7,181,1646
0,6,5,7,181,1646
0,8,5,7,181,1646
3,7,5,7,181,1646
2,6,5,7,181,1646
2,8,5,7,181,1646
1,5,5,7,181,1646
1,9,5,7,181,1646
5,7,5,7,181,1646
4,6,5,7,181,1646
4,8,5,7,181,1646
3,5,5,7,181,1646
3,9,5,7,181,1646
2,4,5,7,181,1646
2,9,5,7,181,1646
0,8,3,7,182,1138
2,8,3,7,182,1138
1,7,3,7,182,1138
1,9,3,7,182,1138
4,8,3,7,182,1138
3,7,3,7,182,1138
3,9,3,7,182,1138
2,6,3,7,182,1138
2,9,3,7,182,1138
0,1,5,5,183,4435
1,1,5,5,183,4435
0,0,5,5,183,4435
0,2,5,5,183,4435
2,1,5,5,183,4435
1,0,5,5,183,4435
1,2,5,5,183,4435
0,3,5,5,183,4435
3,1,5,5,183,4435
2,0,5,5,183,4435
2,2,5,5,183,4435
1,3,5,5,183,4435
0,4,5,5,183,4435
4,1,5,5,183,4435
3,0,5,5,183,4435
3,2,5,5,183,4435
2,3,5,5,183,4435
1,4,5,5,183,4435
0,5,5,5,183,4435
5,1,5,5,183,4435
4,0,5,5,183,4435
4,2,5,5,183,4435
3,3,5,5,183,4435
2,4,5,5,183,4435
1,5,5,5,183,4435
0,6,5,5,183,4435
6,1,5,5,183,4435
5,0,5,5,183,4435
5,2,5,5,183,4435
4,3,5,5,183,4435
3,4,5,5,183,4435
2,5,5,5,183,4435
1,6,5,5,183,4435
0,7,5,5,183,4435
7,1,5,5,183,4435
6,0,5,5,183,4435
6,2,5,5,183,4435
5,3,5,5,183,4435
4,4,5,5,183,4435
3,5,5,5,183,4435
2,6,5,5,183,4435
1,7,5,5,183,4435
0,8,5,5,183,4435
8,1,5,5,183,4435
7,0,5,5,183,4435
7,2,5,5,183,4435
6,3,5,5,183,4435
5,4,5,5,183,4435
4,5,5,5,183,4435
3,6,5,5,183,4435
2,7,5,5,183,4435
1,8,5,5,183,4435
0,9,5,5,183,4435
9,1,5,5,183,4435
8,0,5,5,183,4435
8,2,5,5,183,4435
7,3,5,5,183,4435
6,4,5,5,183,4435
5,5,5,5,183,4435
4,6,5,5,183,4435
3,7,5,5,183,4435
2,8,5,5,183,4435
1,9,5,5,183,4435
9,0,5,5,183,4435
9,2,5,5,183,4435
9,3,5,5,183,4435
8,4,5,5,183,4435
7,5,5,5,183,4435
6,6,5,5,183,4435
5,7,5,5,183,4435
4,8,5,5,183,4435
3,9,5,5,183,4435
2,9,5,5,183,4435
0,3,5,7,184,3746
1,3,5,7,184,3746
0,2,5,7,184,3746
0,4,5,7,184,3746
2,3,5,7,184,3746
1,2,5,7,184,3746
1,4,5,7,184,3746
0,1,5,7,184,3746
0,5,5,7,184,3746
3,3,5,7,184,3746
2,2,5,7,184,3746
2,4,5,7,184,3746
1,1,5,7,184,3746
1,5,5,7,184,3746
0,0,5,7,184,3746
0,6,5,7,184,3746
4,3,5,7,184,3746
3,2,5,7,184,3746
3,4,5,7,184,3746
2,1,5,7,184,3746
2,5,5,7,184,3746
1,0,5,7,184,3746
1,6,5,7,184,3746
0,7,5,7,184,3746
5,3,5,7,184,3746
4,2,5,7,184,3746
4,4,5,7,184,3746
3,1,5,7,184,3746
3,5,5,7,184,3746
2,0,5,7,184,3746
2,6,5,7,184,3746
1,7,5,7,184,3746
0,8,5,7,184,3746
6,3,5,7,184,3746
5,2,5,7,184,3746
5,4,5,7,184,3746
4,1,5,7,184,3746
4,5,5,7,184,3746
3,0,5,7,184,3746
3,6,5,7,184,3746
2,7,5,7,184,3746
1,8,5,7,184,3746
0,9,5,7,184,3746
7,3,5,7,184,3746
6,2,5,7,184,3746
6,4,5,7,184,3746
5,1,5,7,184,3746
5,5,5,7,184,3746
4,0,5,7,184,3746
4,6,5,7,184,3746
3,7,5,7,184,3746
2,8,5,7,184,3746
1,9,5,7,184,3746
9,3,5,7,184,3746
8,2,5,7,184,3746
8,4,5,7,184,3746
7,1,5,7,184,3746
7,5,5,7,184,3746
6,0,5,7,184,3746
6,6,5,7,184,3746
5,0,5,7,184,3746
5,7,5,7,184,3746
4,8,5,7,184,3746
3,9,5,7,184,3746
2,9,5,7,184,3746
0,4,5,7,185,3381
1,4,5,7,185,3381
0,3,5,7,185,3381
0,5,5,7,185,3381
2,4,5,7,185,3381
1,3,5,7,185,3381
1,5,5,7,185,3381
0,2,5,7,185,3381
0,6,5,7,185,3381
3,4,5,7,185,3381
2,3,5,7,185,3381
2,5,5,7,185,3381
1,2,5,7,185,3381
1,6,5,7,185,3381
0,1,5,7,185,3381
0,7,5,7,185,3381
4,4,5,7,185,3381
3,3,5,7,185,3381
3,5,5,7,185,3381
2,2,5,7,185,3381
2,6,5,7,185,3381
1,1,5,7,185,3381
1,7,5,7,185,3381
0,0,5,7,185,3381
0,8,5,7,185,3381
5,4,5,7,185,3381
4,3,5,7,185,3381
4,5,5,7,185,3381
3,2,5,7,185,3381
3,6,5,7,185,3381
2,1,5,7,185,3381
2,7,5,7,185,3381
1,0,5,7,185,3381
1,8,5,7,185,3381
0,9,5,7,185,3381
6,4,5,7,185,3381
5,3,5,7,185,3381
5,5,5,7,185,3381
4,2,5,7,185,3381
4,6,5,7,185,3381
3,1,5,7,185,3381
3,7,5,7,185,3381
2,0,5,7,185,3381
2,8,5,7,185,3381
1,9,5,7,185,3381
8,4,5,7,185,3381
7,3,5,7,185,3381
7,5,5,7,185,3381
6,2,5,7,185,3381
6,6,5,7,185,3381
5,1,5,7,185,3381
5,7,5,7,185,3381
4,0,5,7,185,3381
4,8,5,7,185,3381
3,0,5,7,185,3381
3,9,5,7,185,3381
2,9,5,7,185,3381
0,5,3,7,186,3003
1,5,3,7,186,3003
0,4,3,7,186,3003
0,6,3,7,186,3003
2,5,3,7,186,3003
1,4,3,7,186,3003
1,6,3,7,186,3003
0,3,3,7,186,3003
0,7,3,7,186,3003
3,5,3,7,186,3003
2,4,3,7,186,3003
2,6,3,7,186,3003
1,3,3,7,186,3003
1,7,3,7,186,3003
0,2,3,7,186,3003
0,8,3,7,186,3003
4,5,3,7,186,3003
3,4,3,7,186,3003
3,6,3,7,186,3003
2,3,3,7,186,3003
2,7,3,7,186,3003
1,2,3,7,186,3003
1,8,3,7,186,3003
0,1,3,7,186,3003
0,9,3,7,186,3003
5,5,3,7,186,3003
4,4,3,7,186,3003
4,6,3,7,186,3003
3,3,3,7,186,3003
3,7,3,7,186,3003
2,2,3,7,186,3003
2,8,3,7,186,3003
1,1,3,7,186,3003
1,9,3,7,186,3003
0,0,3,7,186,3003
7,5,3,7,186,3003
6,4,3,7,186,3003
6,6,3,7,186,3003
5,3,3,7,186,3003
5,7,3,7,186,3003
4,2,3,7,186,3003
4,8,3,7,186,3003
3,1,3,7,186,3003
3,9,3,7,186,3003
2,0,3,7,186,3003
2,9,3,7,186,3003
1,0,3,7,186,3003
0,7,5,7,187,2122
1,7,5,7,187,2122
0,6,5,7,187,2122
0,8,5,7,187,2122
2,7,5,7,187,2122
1,6,5,7,187,2122
1,8,5,7,187,2122
0,5,5,7,187,2122
0,9,5,7,187,2122
3,7,5,7,187,2122
2,6,5,7,187,2122
2,8,5,7,187,2122
1,5,5,7,187,2122
1,9,5,7,187,2122
0,4,5,7,187,2122
5,7,5,7,187,2122
4,6,5,7,187,2122
4,8,5,7,187,2122
3,5,5,7,187,2122
3,9,5,7,187,2122
2,4,5,7,187,2122
2,9,5,7,187,2122
1,3,5,7,187,2122
0,8,3,7,188,1650
1,8,3,7,188,1650
0,7,3,7,188,1650
0,9,3,7,188,1650
2,8,3,7,188,1650
1,7,3,7,188,1650
1,9,3,7,188,1650
0,6,3,7,188,1650
4,8,3,7,188,1650
3,7,3,7,188,1650
3,9,3,7,188,1650
2,6,3,7,188,1650
2,9,3,7,188,1650
1,5,3,7,188,1650
0,2,5,3,189,4445
1,2,5,3,189,4445
0,1,5,3,189,4445
0,3,5,3,189,4445
2,2,5,3,189,4445
1,1,5,3,189,4445
1,3,5,3,189,4445
0,0,5,3,189,4445
0,4,5,3,189,4445
3,2,5,3,189,4445
2,1,5,3,189,4445
2,3,5,3,189,4445
1,0,5,3,189,4445
1,4,5,3,189,4445
0,5,5,3,189,4445
4,2,5,3,189,4445
3,1,5,3,189,4445
3,3,5,3,189,4445
2,0,5,3,189,4445
2,4,5,3,189,4445
1,5,5,3,189,4445
0,6,5,3,189,4445
5,2,5,3,189,4445
4,1,5,3,189,4445
4,3,5,3,189,4445
3,0,5,3,189,4445
3,4,5,3,189,4445
2,5,5,3,189,4445
1,6,5,3,189,4445
0,7,5,3,189,4445
6,2,5,3,189,4445
5,1,5,3,189,4445
5,3,5,3,189,4445
4,0,5,3,189,4445
4,4,5,3,189,4445
3,5,5,3,189,4445
2,6,5,3,189,4445
1,7,5,3,189,4445
0,8,5,3,189,4445
7,2,5,3,189,4445
6,1,5,3,189,4445
6,3,5,3,189,4445
5,0,5,3,189,4445
5,4,5,3,189,4445
4,5,5,3,189,4445
3,6,5,3,189,4445
2,7,5,3,189,4445
1,8,5,3,189,4445
0,9,5,3,189,4445
8,2,5,3,189,4445
7,1,5,3,189,4445
7,3,5,3,189,4445
6,0,5,3,189,4445
6,4,5,3,189,4445
5,5,5,3,189,4445
4,6,5,3,189,4445
3,7,5,3,189,4445
2,8,5,3,189,4445
1,9,5,3,189,4445
9,2,5,3,189,4445
8,1,5,3,189,4445
8,3,5,3,189,4445
7,0,5,3,189,4445
7,4,5,3,189,4445
6,5,5,3,189,4445
5,6,5,3,189,4445
4,7,5,3,189,4445
3,8,5,3,189,4445
2,9,5,3,189,4445
9,1,5,3,189,4445
9,3,5,3,189,4445
8,0,5,3,189,4445
8,4,5,3,189,4445
7,5,5,3,189,4445
6,6,5,3,189,4445
5,7,5,3,189,4445
4,8,5,3,189,4445
3,9,5,3,189,4445
0,3,5,1,190,4115
1,3,5,1,190,4115
0,2,5,1,190,4115
0,4,5,1,190,4115
2,3,5,1,190,4115
1,2,5,1,190,4115
1,4,5,1,190,4115
0,1,5,1,190,4115
0,5,5,1,190,4115
3,3,5,1,190,4115
2,2,5,1,190,4115
2,4,5,1,190,4115
1,1,5,1,190,4115
1,5,5,1,190,4115
0,0,5,1,190,4115
0,6,5,1,190,4115
4,3,5,1,190,4115
3,2,5,1,190,4115
3,4,5,1,190,4115
2,1,5,1,190,4115
2,5,5,1,190,4115
1,0,5,1,190,4115
1,6,5,1,190,4115
0,7,5,1,190,4115
5,3,5,1,190,4115
4,2,5,1,190,4115
4,4,5,1,190,4115
3,1,5,1,190,4115
3,5,5,1,190,4115
2,0,5,1,190,4115
2,6,5,1,190,4115
1,7,5,1,190,4115
0,8,5,1,190,4115
6,3,5,1,190,4115
5,2,5,1,190,4115
5,4,5,1,190,4115
4,1,5,1,190,4115
4,5,5,1,190,4115
3,0,5,1,190,4115
3,6,5,1,190,4115
2,7,5,1,190,4115
1,8,5,1,190,4115
0,9,5,1,190,4115
7,3,5,1,190,4115
6,2,5,1,190,4115
6,4,5,1,190,4115
5,1,5,1,190,4115
5,5,5,1,190,4115
4,0,5,1,190,4115
4,6,5,1,190,4115
3,7,5,1,190,4115
2,8,5,1,190,4115
1,9,5,1,190,4115
8,3,5,1,190,4115
7,2,5,1,190,4115
7,4,5,1,190,4115
6,1,5,1,190,4115
6,5,5,1,190,4115
5,0,5,1,190,4115
5,6,5,1,190,4115
4,7,5,1,190,4115
3,8,5,1,190,4115
2,9,5,1,190,4115
9,3,5,1,190,4115
8,2,5,1,190,4115
8,4,5,1,190,4115
7,1,5,1,190,4115
7,5,5,1,190,4115
6,0,5,1,190,4115
6,6,5,1,190,4115
5,7,5,1,190,4115
4,8,5,1,190,4115
3,9,5,1,190,4115
0,5,5,7,191,3399
1,5,5,7,191,3399
0,4,5,7,191,3399
0,6,5,7,191,3399
2,5,5,7,191,3399
1,4,5,7,191,3399
1,6,5,7,191,3399
0,3,5,7,191,3399
0,7,5,7,191,3399
3,5,5,7,191,3399
2,4,5,7,191,3399
2,6,5,7,191,3399
1,3,5,7,191,3399
1,7,5,7,191,3399
0,2,5,7,191,3399
0,8,5,7,191,3399
4,5,5,7,191,3399
3,4,5,7,191,3399
3,6,5,7,191,3399
2,3,5,7,191,3399
2,7,5,7,191,3399
1,2,5,7,191,3399
1,8,5,7,191,3399
0,1,5,7,191,3399
0,9,5,7,191,3399
5,5,5,7,191,3399
4,4,5,7,191,3399
4,6,5,7,191,3399
3,3,5,7,191,3399
3,7,5,7,191,3399
2,2,5,7,191,3399
2,8,5,7,191,3399
1,1,5,7,191,3399
1,9,5,7,191,3399
0,0,5,7,191,3399
6,5,5,7,191,3399
5,4,5,7,191,3399
5,6,5,7,191,3399
4,3,5,7,191,3399
4,7,5,7,191,3399
3,2,5,7,191,3399
3,8,5,7,191,3399
2,1,5,7,191,3399
2,9,5,7,191,3399
1,0,5,7,191,3399
7,5,5,7,191,3399
6,4,5,7,191,3399
6,6,5,7,191,3399
5,3,5,7,191,3399
5,7,5,7,191,3399
4,2,5,7,191,3399
4,8,5,7,191,3399
3,1,5,7,191,3399
3,9,5,7,191,3399
2,0,5,7,191,3399
0,6,5,7,192,3000
1,6,5,7,192,3000
0,5,5,7,192,3000
0,7,5,7,192,3000
2,6,5,7,192,3000
1,5,5,7,192,3000
1,7,5,7,192,3000
0,4,5,7,192,3000
0,8,5,7,192,3000
3,6,5,7,192,3000
2,5,5,7,192,3000
2,7,5,7,192,3000
1,4,5,7,192,3000
1,8,5,7,192,3000
0,3,5,7,192,3000
0,9,5,7,192,3000
4,6,5,7,192,3000
3,5,5,7,192,3000
3,7,5,7,192,3000
2,4,5,7,192,3000
2,8,5,7,192,3000
1,3,5,7,192,3000
1,9,5,7,192,3000
0,2,5,7,192,3000
5,6,5,7,192,3000
4,5,5,7,192,3000
4,7,5,7,192,3000
3,4,5,7,192,3000
3,8,5,7,192,3000
2,3,5,7,192,3000
2,9,5,7,192,3000
1,2,5,7,192,3000
0,1,5,7,192,3000
6,6,5,7,192,3000
5,5,5,7,192,3000
5,7,5,7,192,3000
4,4,5,7,192,3000
4,8,5,7,192,3000
3,3,5,7,192,3000
3,9,5,7,192,3000
2,2,5,7,192,3000
1,1,5,7,192,3000
0,0,5,7,192,3000
0,7,5,7,193,2572
1,7,5,7,193,2572
0,6,5,7,193,2572
0,8,5,7,193,2572
2,7,5,7,193,2572
1,6,5,7,193,2572
1,8,5,7,193,2572
0,5,5,7,193,2572
0,9,5,7,193,2572
3,7,5,7,193,2572
2,6,5,7,193,2572
2,8,5,7,193,2572
1,5,5,7,193,2572
1,9,5,7,193,2572
0,4,5,7,193,2572
4,7,5,7,193,2572
3,6,5,7,193,2572
3,8,5,7,193,2572
2,5,5,7,193,2572
2,9,5,7,193,2572
1,4,5,7,193,2572
0,3,5,7,193,2572
5,7,5,7,193,2572
4,6,5,7,193,2572
4,8,5,7,193,2572
3,5,5,7,193,2572
3,9,5,7,193,2572
2,4,5,7,193,2572
1,3,5,7,193,2572
0,2,5,7,193,2572
8,2,9,1,131,588
9,2,9,1,131,588
9,1,9,1,131,588
9,3,9,1,131,588
9,3,9,3,0,0
8,4,8,4,0,0
6,4,6,4,45,588
8,4,6,4,45,588
7,3,6,4,45,588
7,5,6,4,45,588
7,5,7,5,0,0
5,5,5,5,45,588
7,5,5,5,45,588
6,4,5,5,45,588
6,6,5,5,45,588
6,6,6,6,0,0
4,6,5,7,19,588
6,6,5,7,19,588
5,5,5,7,19,588
5,7,5,7,19,588
5,7,5,7,0,0
3,7,5,7,30,588
5,7,5,7,30,588
4,6,5,7,30,588
4,8,5,7,30,588
4,8,4,8,0,0
3,9,3,9,0,0
0,0,6,7,194,4428
1,0,6,7,194,4428
0,1,6,7,194,4428
2,0,6,7,194,4428
1,1,6,7,194,4428
0,2,6,7,194,4428
3,0,6,7,194,4428
2,1,6,7,194,4428
1,2,6,7,194,4428
0,3,6,7,194,4428
4,0,6,7,194,4428
3,1,6,7,194,4428
2,2,6,7,194,4428
1,3,6,7,194,4428
0,4,6,7,194,4428
5,0,6,7,194,4428
4,1,6,7,194,4428
3,2,6,7,194,4428
2,3,6,7,194,4428
1,4,6,7,194,4428
0,5,6,7,194,4428
6,0,6,7,194,4428
5,1,6,7,194,4428
4,2,6,7,194,4428
3,3,6,7,194,4428
2,4,6,7,194,4428
1,5,6,7,194,4428
0,6,6,7,194,4428
7,0,6,7,194,4428
6,1,6,7,194,4428
5,2,6,7,194,4428
4,3,6,7,194,4428
3,4,6,7,194,4428
2,5,6,7,194,4428
1,6,6,7,194,4428
0,7,6,7,194,4428
9,0,6,7,194,4428
8,0,6,7,194,4428
8,1,6,7,194,4428
7,1,6,7,194,4428
7,2,6,7,194,4428
6,2,6,7,194,4428
6,3,6,7,194,4428
5,3,6,7,194,4428
5,4,6,7,194,4428
4,4,6,7,194,4428
4,5,6,7,194,4428
3,5,6,7,194,4428
3,6,6,7,194,4428
2,6,6,7,194,4428
2,7,6,7,194,4428
1,7,6,7,194,4428
1,8,6,7,194,4428
9,1,6,7,194,4428
9,2,6,7,194,4428
8,2,6,7,194,4428
8,3,6,7,194,4428
7,3,6,7,194,4428
7,4,6,7,194,4428
6,4,6,7,194,4428
6,5,6,7,194,4428
5,5,6,7,194,4428
5,6,6,7,194,4428
4,6,6,7,194,4428
4,7,6,7,194,4428
3,7,6,7,194,4428
3,8,6,7,194,4428
2,8,6,7,194,4428
2,9,6,7,194,4428
9,3,6,7,194,4428
9,4,6,7,194,4428
8,4,6,7,194,4428
8,5,6,7,194,4428
7,5,6,7,194,4428
7,6,6,7,194,4428
6,6,6,7,194,4428
6,7,6,7,194,4428
5,7,6,7,194,4428
5,8,6,7,194,4428
4,8,6,7,194,4428
4,9,6,7,194,4428
3,9,6,7,194,4428
0,0,6,7,195,4098
1,0,6,7,195,4098
0,1,6,7,195,4098
2,0,6,7,195,4098
1,1,6,7,195,4098
0,2,6,7,195,4098
3,0,6,7,195,4098
2,1,6,7,195,4098
1,2,6,7,195,4098
0,3,6,7,195,4098
4,0,6,7,195,4098
3,1,6,7,195,4098
2,2,6,7,195,4098
1,3,6,7,195,4098
0,4,6,7,195,4098
5,0,6,7,195,4098
4,1,6,7,195,4098
3,2,6,7,195,4098
2,3,6,7,195,4098
1,4,6,7,195,4098
0,5,6,7,195,4098
7,0,6,7,195,4098
6,0,6,7,195,4098
6,1,6,7,195,4098
5,1,6,7,195,4098
5,2,6,7,195,4098
4,2,6,7,195,4098
4,3,6,7,195,4098
3,3,6,7,195,4098
3,4,6,7,195,4098
2,4,6,7,195,4098
2,5,6,7,195,4098
1,5,6,7,195,4098
1,6,6,7,195,4098
9,0,6,7,195,4098
8,0,6,7,195,4098
8,1,6,7,195,4098
7,1,6,7,195,4098
7,2,6,7,195,4098
6,2,6,7,195,4098
6,3,6,7,195,4098
5,3,6,7,195,4098
5,4,6,7,195,4098
4,4,6,7,195,4098
4,5,6,7,195,4098
3,5,6,7,195,4098
3,6,6,7,195,4098
2,6,6,7,195,4098
2,7,6,7,195,4098
9,1,6,7,195,4098
9,2,6,7,195,4098
8,2,6,7,195,4098
8,3,6,7,195,4098
7,3,6,7,195,4098
7,4,6,7,195,4098
6,4,6,7,195,4098
6,5,6,7,195,4098
5,5,6,7,195,4098
5,6,6,7,195,4098
4,6,6,7,195,4098
4,7,6,7,195,4098
3,7,6,7,195,4098
3,8,6,7,195,4098
9,3,6,7,195,4098
9,4,6,7,195,4098
8,4,6,7,195,4098
8,5,6,7,195,4098
7,5,6,7,195,4098
7,6,6,7,195,4098
6,6,6,7,195,4098
6,7,6,7,195,4098
5,7,6,7,195,4098
5,8,6,7,195,4098
4,8,6,7,195,4098
4,9,6,7,195,4098
0,0,6,7,196,3743
1,0,6,7,196,3743
0,1,6,7,196,3743
2,0,6,7,196,3743
1,1,6,7,196,3743
0,2,6,7,196,3743
3,0,6,7,196,3743
2,1,6,7,196,3743
1,2,6,7,196,3743
0,3,6,7,196,3743
5,0,6,7,196,3743
4,0,6,7,196,3743
4,1,6,7,196,3743
3,1,6,7,196,3743
3,2,6,7,196,3743
2,2,6,7,196,3743
2,3,6,7,196,3743
1,3,6,7,196,3743
1,4,6,7,196,3743
7,0,6,7,196,3743
6,0,6,7,196,3743
6,1,6,7,196,3743
5,1,6,7,196,3743
5,2,6,7,196,3743
4,2,6,7,196,3743
4,3,6,7,196,3743
3,3,6,7,196,3743
3,4,6,7,196,3743
2,4,6,7,196,3743
2,5,6,7,196,3743
9,0,6,7,196,3743
8,0,6,7,196,3743
8,1,6,7,196,3743
7,1,6,7,196,3743
7,2,6,7,196,3743
6,2,6,7,196,3743
6,3,6,7,196,3743
5,3,6,7,196,3743
5,4,6,7,196,3743
4,4,6,7,196,3743
4,5,6,7,196,3743
3,5,6,7,196,3743
3,6,6,7,196,3743
9,1,6,7,196,3743
9,2,6,7,196,3743
8,2,6,7,196,3743
8,3,6,7,196,3743
7,3,6,7,196,3743
7,4,6,7,196,3743
6,4,6,7,196,3743
6,5,6,7,196,3743
5,5,6,7,196,3743
5,6,6,7,196,3743
4,6,6,7,196,3743
4,7,6,7,196,3743
9,3,6,7,196,3743
9,4,6,7,196,3743
8,4,6,7,196,3743
8,5,6,7,196,3743
7,5,6,7,196,3743
7,6,6,7,196,3743
6,6,6,7,196,3743
6,7,6,7,196,3743
5,7,6,7,196,3743
5,8,6,7,196,3743
0,0,5,6,197,3389
1,0,5,6,197,3389
0,1,5,6,197,3389
3,0,5,6,197,3389
2,0,5,6,197,3389
2,1,5,6,197,3389
1,1,5,6,197,3389
1,2,5,6,197,3389
5,0,5,6,197,3389
4,0,5,6,197,3389
4,1,5,6,197,3389
3,1,5,6,197,3389
3,2,5,6,197,3389
2,2,5,6,197,3389
2,3,5,6,197,3389
7,0,5,6,197,3389
6,0,5,6,197,3389
6,1,5,6,197,3389
5,1,5,6,197,3389
5,2,5,6,197,3389
4,2,5,6,197,3389
4,3,5,6,197,3389
3,3,5,6,197,3389
3,4,5,6,197,3389
9,0,5,6,197,3389
8,0,5,6,197,3389
8,1,5,6,197,3389
7,1,5,6,197,3389
7,2,5,6,197,3389
6,2,5,6,197,3389
6,3,5,6,197,3389
5,3,5,6,197,3389
5,4,5,6,197,3389
4,4,5,6,197,3389
4,5,5,6,197,3389
9,1,5,6,197,3389
9,2,5,6,197,3389
8,2,5,6,197,3389
8,3,5,6,197,3389
7,3,5,6,197,3389
7,4,5,6,197,3389
6,4,5,6,197,3389
6,5,5,6,197,3389
5,5,5,6,197,3389
5,6,5,6,197,3389
9,3,5,6,197,3389
9,4,5,6,197,3389
8,4,5,6,197,3389
8,5,5,6,197,3389
7,5,5,6,197,3389
7,6,5,6,197,3389
6,6,5,6,197,3389
6,7,5,6,197,3389
1,0,5,4,198,3008
3,0,5,4,198,3008
2,0,5,4,198,3008
2,1,5,4,198,3008
5,0,5,4,198,3008
4,0,5,4,198,3008
4,1,5,4,198,3008
3,1,5,4,198,3008
3,2,5,4,198,3008
7,0,5,4,198,3008
6,0,5,4,198,3008
6,1,5,4,198,3008
5,1,5,4,198,3008
5,2,5,4,198,3008
4,2,5,4,198,3008
4,3,5,4,198,3008
9,0,5,4,198,3008
8,0,5,4,198,3008
8,1,5,4,198,3008
7,1,5,4,198,3008
7,2,5,4,198,3008
6,2,5,4,198,3008
6,3,5,4,198,3008
5,3,5,4,198,3008
5,4,5,4,198,3008
9,1,5,4,198,3008
9,2,5,4,198,3008
8,2,5,4,198,3008
8,3,5,4,198,3008
7,3,5,4,198,3008
7,4,5,4,198,3008
6,4,5,4,198,3008
6,5,5,4,198,3008
9,3,5,4,198,3008
9,4,5,4,198,3008
8,4,5,4,198,3008
8,5,5,4,198,3008
7,5,5,4,198,3008
7,6,5,4,198,3008
3,0,5,2,199,2586
5,0,5,2,199,2586
4,0,5,2,199,2586
4,1,5,2,199,2586
7,0,5,2,199,2586
6,0,5,2,199,2586
6,1,5,2,199,2586
5,1,5,2,199,2586
5,2,5,2,199,2586
9,0,5,2,199,2586
8,0,5,2,199,2586
8,1,5,2,199,2586
7,1,5,2,199,2586
7,2,5,2,199,2586
6,2,5,2,199,2586
6,3,5,2,199,2586
9,1,5,2,199,2586
9,2,5,2,199,2586
8,2,5,2,199,2586
8,3,5,2,199,2586
7,3,5,2,199,2586
7,4,5,2,199,2586
9,3,5,2,199,2586
9,4,5,2,199,2586
8,4,5,2,199,2586
8,5,5,2,199,2586
5,0,5,0,200,2120
7,0,5,0,200,2120
6,0,5,0,200,2120
6,1,5,0,200,2120
9,0,5,0,200,2120
8,0,5,0,200,2120
8,1,5,0,200,2120
7,1,5,0,200,2120
7,2,5,0,200,2120
9,1,5,0,200,2120
9,2,5,0,200,2120
8,2,5,0,200,2120
8,3,5,0,200,2120
9,3,5,0,200,2120
9,4,5,0,200,2120
6,1,7,0,201,1651
8,1,7,0,201,1651
7,0,7,0,201,1651
7,2,7,0,201,1651
9,1,7,0,201,1651
9,0,7,0,201,1651
9,2,7,0,201,1651
8,0,7,0,201,1651
8,3,7,0,201,1651
7,1,7,0,201,1651
8,2,7,0,201,1651
9,3,7,0,201,1651
9,4,7,0,201,1651
4,1,5,0,202,2127
6,1,5,0,202,2127
5,0,5,0,202,2127
5,2,5,0,202,2127
8,1,5,0,202,2127
7,0,5,0,202,2127
7,2,5,0,202,2127
6,0,5,0,202,2127
6,3,5,0,202,2127
9,1,5,0,202,2127
9,0,5,0,202,2127
9,2,5,0,202,2127
8,0,5,0,202,2127
8,3,5,0,202,2127
7,1,5,0,202,2127
7,4,5,0,202,2127
8,2,5,0,202,2127
9,3,5,0,202,2127
9,4,5,0,202,2127
8,5,5,0,202,2127
2,1,5,4,203,2574
4,1,5,4,203,2574
3,0,5,4,203,2574
3,2,5,4,203,2574
6,1,5,4,203,2574
5,0,5,4,203,2574
5,2,5,4,203,2574
4,0,5,4,203,2574
4,3,5,4,203,2574
8,1,5,4,203,2574
7,0,5,4,203,2574
7,2,5,4,203,2574
6,0,5,4,203,2574
6,3,5,4,203,2574
5,1,5,4,203,2574
5,4,5,4,203,2574
9,1,5,4,203,2574
9,0,5,4,203,2574
9,2,5,4,203,2574
8,0,5,4,203,2574
8,3,5,4,203,2574
7,1,5,4,203,2574
7,4,5,4,203,2574
6,2,5,4,203,2574
6,5,5,4,203,2574
8,2,5,4,203,2574
9,3,5,4,203,2574
9,4,5,4,203,2574
8,5,5,4,203,2574
7,3,5,4,203,2574
7,6,5,4,203,2574
0,1,5,6,204,2986
2,1,5,6,204,2986
1,0,5,6,204,2986
1,2,5,6,204,2986
4,1,5,6,204,2986
3,0,5,6,204,2986
3,2,5,6,204,2986
2,0,5,6,204,2986
2,3,5,6,204,2986
6,1,5,6,204,2986
5,0,5,6,204,2986
5,2,5,6,204,2986
4,0,5,6,204,2986
4,3,5,6,204,2986
3,1,5,6,204,2986
3,4,5,6,204,2986
8,1,5,6,204,2986
7,0,5,6,204,2986
7,2,5,6,204,2986
6,0,5,6,204,2986
6,3,5,6,204,2986
5,1,5,6,204,2986
5,4,5,6,204,2986
4,2,5,6,204,2986
4,5,5,6,204,2986
9,1,5,6,204,2986
9,0,5,6,204,2986
9,2,5,6,204,2986
8,0,5,6,204,2986
8,3,5,6,204,2986
7,1,5,6,204,2986
7,4,5,6,204,2986
6,2,5,6,204,2986
6,5,5,6,204,2986
5,3,5,6,204,2986
5,6,5,6,204,2986
8,2,5,6,204,2986
9,3,5,6,204,2986
9,4,5,6,204,2986
8,5,5,6,204,2986
7,3,5,6,204,2986
7,6,5,6,204,2986
6,4,5,6,204,2986
6,7,5,6,204,2986
1,2,5,6,205,2571
3,2,5,6,205,2571
2,1,5,6,205,2571
2,3,5,6,205,2571
5,2,5,6,205,2571
4,1,5,6,205,2571
4,3,5,6,205,2571
3,0,5,6,205,2571
3,4,5,6,205,2571
7,2,5,6,205,2571
6,1,5,6,205,2571
6,3,5,6,205,2571
5,0,5,6,205,2571
5,4,5,6,205,2571
4,0,5,6,205,2571
4,5,5,6,205,2571
9,2,5,6,205,2571
8,1,5,6,205,2571
8,3,5,6,205,2571
7,0,5,6,205,2571
7,4,5,6,205,2571
6,0,5,6,205,2571
6,5,5,6,205,2571
5,1,5,6,205,2571
5,6,5,6,205,2571
8,2,5,6,205,2571
9,1,5,6,205,2571
9,3,5,6,205,2571
9,0,5,6,205,2571
9,4,5,6,205,2571
8,0,5,6,205,2571
8,5,5,6,205,2571
7,1,5,6,205,2571
7,6,5,6,205,2571
6,2,5,6,205,2571
6,7,5,6,205,2571
3,4,5,6,206,1650
5,4,5,6,206,1650
4,3,5,6,206,1650
4,5,5,6,206,1650
7,4,5,6,206,1650
6,3,5,6,206,1650
6,5,5,6,206,1650
5,2,5,6,206,1650
5,6,5,6,206,1650
9,4,5,6,206,1650
8,3,5,6,206,1650
8,5,5,6,206,1650
7,2,5,6,206,1650
7,6,5,6,206,1650
6,1,5,6,206,1650
6,7,5,6,206,1650
0,1,6,7,207,3373
1,1,6,7,207,3373
0,0,6,7,207,3373
0,2,6,7,207,3373
2,1,6,7,207,3373
1,0,6,7,207,3373
1,2,6,7,207,3373
0,3,6,7,207,3373
4,1,6,7,207,3373
3,0,6,7,207,3373
3,2,6,7,207,3373
2,0,6,7,207,3373
2,3,6,7,207,3373
1,4,6,7,207,3373
6,1,6,7,207,3373
5,0,6,7,207,3373
5,2,6,7,207,3373
4,0,6,7,207,3373
4,3,6,7,207,3373
3,1,6,7,207,3373
3,4,6,7,207,3373
2,2,6,7,207,3373
2,5,6,7,207,3373
8,1,6,7,207,3373
7,0,6,7,207,3373
7,2,6,7,207,3373
6,0,6,7,207,3373
6,3,6,7,207,3373
5,1,6,7,207,3373
5,4,6,7,207,3373
4,2,6,7,207,3373
4,5,6,7,207,3373
3,3,6,7,207,3373
3,6,6,7,207,3373
9,1,6,7,207,3373
9,0,6,7,207,3373
9,2,6,7,207,3373
8,0,6,7,207,3373
8,3,6,7,207,3373
7,1,6,7,207,3373
7,4,6,7,207,3373
6,2,6,7,207,3373
6,5,6,7,207,3373
5,3,6,7,207,3373
5,6,6,7,207,3373
4,4,6,7,207,3373
4,7,6,7,207,3373
8,2,6,7,207,3373
9,3,6,7,207,3373
9,4,6,7,207,3373
8,5,6,7,207,3373
7,3,6,7,207,3373
7,6,6,7,207,3373
6,4,6,7,207,3373
6,7,6,7,207,3373
5,5,6,7,207,3373
5,8,6,7,207,3373
0,2,6,7,208,2986
1,2,6,7,208,2986
0,1,6,7,208,2986
0,3,6,7,208,2986
3,2,6,7,208,2986
2,1,6,7,208,2986
2,3,6,7,208,2986
1,0,6,7,208,2986
1,4,6,7,208,2986
5,2,6,7,208,2986
4,1,6,7,208,2986
4,3,6,7,208,2986
3,0,6,7,208,2986
3,4,6,7,208,2986
2,0,6,7,208,2986
2,5,6,7,208,2986
7,2,6,7,208,2986
6,1,6,7,208,2986
6,3,6,7,208,2986
5,0,6,7,208,2986
5,4,6,7,208,2986
4,0,6,7,208,2986
4,5,6,7,208,2986
3,1,6,7,208,2986
3,6,6,7,208,2986
9,2,6,7,208,2986
8,1,6,7,208,2986
8,3,6,7,208,2986
7,0,6,7,208,2986
7,4,6,7,208,2986
6,0,6,7,208,2986
6,5,6,7,208,2986
5,1,6,7,208,2986
5,6,6,7,208,2986
4,2,6,7,208,2986
4,7,6,7,208,2986
8,2,6,7,208,2986
9,1,6,7,208,2986
9,3,6,7,208,2986
9,0,6,7,208,2986
9,4,6,7,208,2986
8,0,6,7,208,2986
8,5,6,7,208,2986
7,1,6,7,208,2986
7,6,6,7,208,2986
6,2,6,7,208,2986
6,7,6,7,208,2986
5,3,6,7,208,2986
5,8,6,7,208,2986
0,3,6,7,209,2571
2,3,6,7,209,2571
1,2,6,7,209,2571
1,4,6,7,209,2571
4,3,6,7,209,2571
3,2,6,7,209,2571
3,4,6,7,209,2571
2,1,6,7,209,2571
2,5,6,7,209,2571
6,3,6,7,209,2571
5,2,6,7,209,2571
5,4,6,7,209,2571
4,1,6,7,209,2571
4,5,6,7,209,2571
3,0,6,7,209,2571
3,6,6,7,209,2571
8,3,6,7,209,2571
7,2,6,7,209,2571
7,4,6,7,209,2571
6,1,6,7,209,2571
6,5,6,7,209,2571
5,0,6,7,209,2571
5,6,6,7,209,2571
4,0,6,7,209,2571
4,7,6,7,209,2571
9,3,6,7,209,2571
9,2,6,7,209,2571
9,4,6,7,209,2571
8,1,6,7,209,2571
8,5,6,7,209,2571
7,0,6,7,209,2571
7,6,6,7,209,2571
6,0,6,7,209,2571
6,7,6,7,209,2571
5,1,6,7,209,2571
5,8,6,7,209,2571
1,4,6,7,210,2127
3,4,6,7,210,2127
2,3,6,7,210,2127
2,5,6,7,210,2127
5,4,6,7,210,2127
4,3,6,7,210,2127
4,5,6,7,210,2127
3,2,6,7,210,2127
3,6,6,7,210,2127
7,4,6,7,210,2127
6,3,6,7,210,2127
6,5,6,7,210,2127
5,2,6,7,210,2127
5,6,6,7,210,2127
4,1,6,7,210,2127
4,7,6,7,210,2127
9,4,6,7,210,2127
8,3,6,7,210,2127
8,5,6,7,210,2127
7,2,6,7,210,2127
7,6,6,7,210,2127
6,1,6,7,210,2127
6,7,6,7,210,2127
5,0,6,7,210,2127
5,8,6,7,210,2127
2,5,6,7,108,1650
4,5,6,7,108,1650
3,4,6,7,108,1650
3,6,6,7,108,1650
6,5,6,7,108,1650
5,4,6,7,108,1650
5,6,6,7,108,1650
4,3,6,7,108,1650
4,7,6,7,108,1650
8,5,6,7,108,1650
7,4,6,7,108,1650
7,6,6,7,108,1650
6,3,6,7,108,1650
6,7,6,7,108,1650
5,2,6,7,108,1650
5,8,6,7,108,1650
0,2,6,7,211,3379
1,2,6,7,211,3379
0,1,6,7,211,3379
0,3,6,7,211,3379
2,2,6,7,211,3379
1,1,6,7,211,3379
1,3,6,7,211,3379
0,0,6,7,211,3379
0,4,6,7,211,3379
3,2,6,7,211,3379
2,1,6,7,211,3379
2,3,6,7,211,3379
1,0,6,7,211,3379
1,4,6,7,211,3379
0,5,6,7,211,3379
5,2,6,7,211,3379
4,1,6,7,211,3379
4,3,6,7,211,3379
3,0,6,7,211,3379
3,4,6,7,211,3379
2,0,6,7,211,3379
2,5,6,7,211,3379
1,6,6,7,211,3379
7,2,6,7,211,3379
6,1,6,7,211,3379
6,3,6,7,211,3379
5,0,6,7,211,3379
5,4,6,7,211,3379
4,0,6,7,211,3379
4,5,6,7,211,3379
3,1,6,7,211,3379
3,6,6,7,211,3379
2,7,6,7,211,3379
9,2,6,7,211,3379
8,1,6,7,211,3379
8,3,6,7,211,3379
7,0,6,7,211,3379
7,4,6,7,211,3379
6,0,6,7,211,3379
6,5,6,7,211,3379
5,1,6,7,211,3379
5,6,6,7,211,3379
4,2,6,7,211,3379
4,7,6,7,211,3379
3,3,6,7,211,3379
3,8,6,7,211,3379
8,2,6,7,211,3379
9,1,6,7,211,3379
9,3,6,7,211,3379
9,0,6,7,211,3379
9,4,6,7,211,3379
8,0,6,7,211,3379
8,5,6,7,211,3379
7,1,6,7,211,3379
7,6,6,7,211,3379
6,2,6,7,211,3379
6,7,6,7,211,3379
5,3,6,7,211,3379
5,8,6,7,211,3379
4,4,6,7,211,3379
4,9,6,7,211,3379
0,3,6,7,212,2991
1,3,6,7,212,2991
0,2,6,7,212,2991
0,4,6,7,212,2991
2,3,6,7,212,2991
1,2,6,7,212,2991
1,4,6,7,212,2991
0,1,6,7,212,2991
0,5,6,7,212,2991
4,3,6,7,212,2991
3,2,6,7,212,2991
3,4,6,7,212,2991
2,1,6,7,212,2991
2,5,6,7,212,2991
1,0,6,7,212,2991
1,6,6,7,212,2991
6,3,6,7,212,2991
5,2,6,7,212,2991
5,4,6,7,212,2991
4,1,6,7,212,2991
4,5,6,7,212,2991
3,0,6,7,212,2991
3,6,6,7,212,2991
2,0,6,7,212,2991
2,7,6,7,212,2991
8,3,6,7,212,2991
7,2,6,7,212,2991
7,4,6,7,212,2991
6,1,6,7,212,2991
6,5,6,7,212,2991
5,0,6,7,212,2991
5,6,6,7,212,2991
4,0,6,7,212,2991
4,7,6,7,212,2991
3,1,6,7,212,2991
3,8,6,7,212,2991
9,3,6,7,212,2991
9,2,6,7,212,2991
9,4,6,7,212,2991
8,1,6,7,212,2991
8,5,6,7,212,2991
7,0,6,7,212,2991
7,6,6,7,212,2991
6,0,6,7,212,2991
6,7,6,7,212,2991
5,1,6,7,212,2991
5,8,6,7,212,2991
4,2,6,7,212,2991
4,9,6,7,212,2991
0,5,6,7,213,2128
2,5,6,7,213,2128
1,4,6,7,213,2128
1,6,6,7,213,2128
4,5,6,7,213,2128
3,4,6,7,213,2128
3,6,6,7,213,2128
2,3,6,7,213,2128
2,7,6,7,213,2128
6,5,6,7,213,2128
5,4,6,7,213,2128
5,6,6,7,213,2128
4,3,6,7,213,2128
4,7,6,7,213,2128
3,2,6,7,213,2128
3,8,6,7,213,2128
8,5,6,7,213,2128
7,4,6,7,213,2128
7,6,6,7,213,2128
6,3,6,7,213,2128
6,7,6,7,213,2128
5,2,6,7,213,2128
5,8,6,7,213,2128
4,1,6,7,213,2128
4,9,6,7,213,2128
1,6,6,7,178,1650
3,6,6,7,178,1650
2,5,6,7,178,1650
2,7,6,7,178,1650
5,6,6,7,178,1650
4,5,6,7,178,1650
4,7,6,7,178,1650
3,4,6,7,178,1650
3,8,6,7,178,1650
7,6,6,7,178,1650
6,5,6,7,178,1650
6,7,6,7,178,1650
5,4,6,7,178,1650
5,8,6,7,178,1650
4,3,6,7,178,1650
4,9,6,7,178,1650
0,3,6,7,214,3381
1,3,6,7,214,3381
0,2,6,7,214,3381
0,4,6,7,214,3381
2,3,6,7,214,3381
1,2,6,7,214,3381
1,4,6,7,214,3381
0,1,6,7,214,3381
0,5,6,7,214,3381
3,3,6,7,214,3381
2,2,6,7,214,3381
2,4,6,7,214,3381
1,1,6,7,214,3381
1,5,6,7,214,3381
0,0,6,7,214,3381
0,6,6,7,214,3381
4,3,6,7,214,3381
3,2,6,7,214,3381
3,4,6,7,214,3381
2,1,6,7,214,3381
2,5,6,7,214,3381
1,0,6,7,214,3381
1,6,6,7,214,3381
0,7,6,7,214,3381
6,3,6,7,214,3381
5,2,6,7,214,3381
5,4,6,7,214,3381
4,1,6,7,214,3381
4,5,6,7,214,3381
3,0,6,7,214,3381
3,6,6,7,214,3381
2,0,6,7,214,3381
2,7,6,7,214,3381
1,8,6,7,214,3381
8,3,6,7,214,3381
7,2,6,7,214,3381
7,4,6,7,214,3381
6,1,6,7,214,3381
6,5,6,7,214,3381
5,0,6,7,214,3381
5,6,6,7,214,3381
4,0,6,7,214,3381
4,7,6,7,214,3381
3,1,6,7,214,3381
3,8,6,7,214,3381
2,9,6,7,214,3381
9,3,6,7,214,3381
9,2,6,7,214,3381
9,4,6,7,214,3381
8,1,6,7,214,3381
8,5,6,7,214,3381
7,0,6,7,214,3381
7,6,6,7,214,3381
6,0,6,7,214,3381
6,7,6,7,214,3381
5,1,6,7,214,3381
5,8,6,7,214,3381
4,2,6,7,214,3381
4,9,6,7,214,3381
3,9,6,7,214,3381
0,4,6,7,215,2992
1,4,6,7,215,2992
0,3,6,7,215,2992
0,5,6,7,215,2992
2,4,6,7,215,2992
1,3,6,7,215,2992
1,5,6,7,215,2992
0,2,6,7,215,2992
0,6,6,7,215,2992
3,4,6,7,215,2992
2,3,6,7,215,2992
2,5,6,7,215,2992
1,2,6,7,215,2992
1,6,6,7,215,2992
0,1,6,7,215,2992
0,7,6,7,215,2992
5,4,6,7,215,2992
4,3,6,7,215,2992
4,5,6,7,215,2992
3,2,6,7,215,2992
3,6,6,7,215,2992
2,1,6,7,215,2992
2,7,6,7,215,2992
1,0,6,7,215,2992
1,8,6,7,215,2992
7,4,6,7,215,2992
6,3,6,7,215,2992
6,5,6,7,215,2992
5,2,6,7,215,2992
5,6,6,7,215,2992
4,1,6,7,215,2992
4,7,6,7,215,2992
3,0,6,7,215,2992
3,8,6,7,215,2992
2,0,6,7,215,2992
2,9,6,7,215,2992
9,4,6,7,215,2992
8,3,6,7,215,2992
8,5,6,7,215,2992
7,2,6,7,215,2992
7,6,6,7,215,2992
6,1,6,7,215,2992
6,7,6,7,215,2992
5,0,6,7,215,2992
5,8,6,7,215,2992
4,0,6,7,215,2992
4,9,6,7,215,2992
3,1,6,7,215,2992
3,9,6,7,215,2992
0,5,6,7,216,2574
1,5,6,7,216,2574
0,4,6,7,216,2574
0,6,6,7,216,2574
2,5,6,7,216,2574
1,4,6,7,216,2574
1,6,6,7,216,2574
0,3,6,7,216,2574
0,7,6,7,216,2574
4,5,6,7,216,2574
3,4,6,7,216,2574
3,6,6,7,216,2574
2,3,6,7,216,2574
2,7,6,7,216,2574
1,2,6,7,216,2574
1,8,6,7,216,2574
6,5,6,7,216,2574
5,4,6,7,216,2574
5,6,6,7,216,2574
4,3,6,7,216,2574
4,7,6,7,216,2574
3,2,6,7,216,2574
3,8,6,7,216,2574
2,1,6,7,216,2574
2,9,6,7,216,2574
8,5,6,7,216,2574
7,4,6,7,216,2574
7,6,6,7,216,2574
6,3,6,7,216,2574
6,7,6,7,216,2574
5,2,6,7,216,2574
5,8,6,7,216,2574
4,1,6,7,216,2574
4,9,6,7,216,2574
3,0,6,7,216,2574
3,9,6,7,216,2574
0,6,6,7,217,2127
1,6,6,7,217,2127
0,5,6,7,217,2127
0,7,6,7,217,2127
3,6,6,7,217,2127
2,5,6,7,217,2127
2,7,6,7,217,2127
1,4,6,7,217,2127
1,8,6,7,217,2127
5,6,6,7,217,2127
4,5,6,7,217,2127
4,7,6,7,217,2127
3,4,6,7,217,2127
3,8,6,7,217,2127
2,3,6,7,217,2127
2,9,6,7,217,2127
7,6,6,7,217,2127
6,5,6,7,217,2127
6,7,6,7,217,2127
5,4,6,7,217,2127
5,8,6,7,217,2127
4,3,6,7,217,2127
4,9,6,7,217,2127
3,2,6,7,217,2127
3,9,6,7,217,2127
0,7,6,7,218,1646
2,7,6,7,218,1646
1,6,6,7,218,1646
1,8,6,7,218,1646
4,7,6,7,218,1646
3,6,6,7,218,1646
3,8,6,7,218,1646
2,5,6,7,218,1646
2,9,6,7,218,1646
6,7,6,7,218,1646
5,6,6,7,218,1646
5,8,6,7,218,1646
4,5,6,7,218,1646
4,9,6,7,218,1646
3,4,6,7,218,1646
3,9,6,7,218,1646
0,4,6,7,219,3381
1,4,6,7,219,3381
0,3,6,7,219,3381
0,5,6,7,219,3381
2,4,6,7,219,3381
1,3,6,7,219,3381
1,5,6,7,219,3381
0,2,6,7,219,3381
0,6,6,7,219,3381
3,4,6,7,219,3381
2,3,6,7,219,3381
2,5,6,7,219,3381
1,2,6,7,219,3381
1,6,6,7,219,3381
0,1,6,7,219,3381
0,7,6,7,219,3381
4,4,6,7,219,3381
3,3,6,7,219,3381
3,5,6,7,219,3381
2,2,6,7,219,3381
2,6,6,7,219,3381
1,1,6,7,219,3381
1,7,6,7,219,3381
0,0,6,7,219,3381
0,8,6,7,219,3381
5,4,6,7,219,3381
4,3,6,7,219,3381
4,5,6,7,219,3381
3,2,6,7,219,3381
3,6,6,7,219,3381
2,1,6,7,219,3381
2,7,6,7,219,3381
1,0,6,7,219,3381
1,8,6,7,219,3381
0,9,6,7,219,3381
7,4,6,7,219,3381
6,3,6,7,219,3381
6,5,6,7,219,3381
5,2,6,7,219,3381
5,6,6,7,219,3381
4,1,6,7,219,3381
4,7,6,7,219,3381
3,0,6,7,219,3381
3,8,6,7,219,3381
2,0,6,7,219,3381
2,9,6,7,219,3381
1,9,6,7,219,3381
9,4,6,7,219,3381
8,3,6,7,219,3381
8,5,6,7,219,3381
7,2,6,7,219,3381
7,6,6,7,219,3381
6,1,6,7,219,3381
6,7,6,7,219,3381
5,0,6,7,219,3381
5,8,6,7,219,3381
4,0,6,7,219,3381
4,9,6,7,219,3381
3,1,6,7,219,3381
3,9,6,7,219,3381
2,8,6,7,219,3381
0,6,6,7,220,2571
1,6,6,7,220,2571
0,5,6,7,220,2571
0,7,6,7,220,2571
2,6,6,7,220,2571
1,5,6,7,220,2571
1,7,6,7,220,2571
0,4,6,7,220,2571
0,8,6,7,220,2571
3,6,6,7,220,2571
2,5,6,7,220,2571
2,7,6,7,220,2571
1,4,6,7,220,2571
1,8,6,7,220,2571
0,3,6,7,220,2571
0,9,6,7,220,2571
5,6,6,7,220,2571
4,5,6,7,220,2571
4,7,6,7,220,2571
3,4,6,7,220,2571
3,8,6,7,220,2571
2,3,6,7,220,2571
2,9,6,7,220,2571
1,2,6,7,220,2571
1,9,6,7,220,2571
7,6,6,7,220,2571
6,5,6,7,220,2571
6,7,6,7,220,2571
5,4,6,7,220,2571
5,8,6,7,220,2571
4,3,6,7,220,2571
4,9,6,7,220,2571
3,2,6,7,220,2571
3,9,6,7,220,2571
2,1,6,7,220,2571
2,8,6,7,220,2571
0,7,6,7,221,2122
1,7,6,7,221,2122
0,6,6,7,221,2122
0,8,6,7,221,2122
2,7,6,7,221,2122
1,6,6,7,221,2122
1,8,6,7,221,2122
0,5,6,7,221,2122
0,9,6,7,221,2122
4,7,6,7,221,2122
3,6,6,7,221,2122
3,8,6,7,221,2122
2,5,6,7,221,2122
2,9,6,7,221,2122
1,4,6,7,221,2122
1,9,6,7,221,2122
6,7,6,7,221,2122
5,6,6,7,221,2122
5,8,6,7,221,2122
4,5,6,7,221,2122
4,9,6,7,221,2122
3,4,6,7,221,2122
3,9,6,7,221,2122
2,3,6,7,221,2122
2,8,6,7,221,2122
0,8,4,7,222,1650
1,8,4,7,222,1650
0,7,4,7,222,1650
0,9,4,7,222,1650
3,8,4,7,222,1650
2,7,4,7,222,1650
2,9,4,7,222,1650
1,6,4,7,222,1650
1,9,4,7,222,1650
5,8,4,7,222,1650
4,7,4,7,222,1650
4,9,4,7,222,1650
3,6,4,7,222,1650
3,9,4,7,222,1650
2,5,4,7,222,1650
2,8,4,7,222,1650
0,3,6,7,223,4086
1,3,6,7,223,4086
0,2,6,7,223,4086
0,4,6,7,223,4086
2,3,6,7,223,4086
1,2,6,7,223,4086
1,4,6,7,223,4086
0,1,6,7,223,4086
0,5,6,7,223,4086
3,3,6,7,223,4086
2,2,6,7,223,4086
2,4,6,7,223,4086
1,1,6,7,223,4086
1,5,6,7,223,4086
0,0,6,7,223,4086
0,6,6,7,223,4086
4,3,6,7,223,4086
3,2,6,7,223,4086
3,4,6,7,223,4086
2,1,6,7,223,4086
2,5,6,7,223,4086
1,0,6,7,223,4086
1,6,6,7,223,4086
0,7,6,7,223,4086
5,3,6,7,223,4086
4,2,6,7,223,4086
4,4,6,7,223,4086
3,1,6,7,223,4086
3,5,6,7,223,4086
2,0,6,7,223,4086
2,6,6,7,223,4086
1,7,6,7,223,4086
0,8,6,7,223,4086
6,3,6,7,223,4086
5,2,6,7,223,4086
5,4,6,7,223,4086
4,1,6,7,223,4086
4,5,6,7,223,4086
3,0,6,7,223,4086
3,6,6,7,223,4086
2,7,6,7,223,4086
1,8,6,7,223,4086
0,9,6,7,223,4086
7,3,6,7,223,4086
6,2,6,7,223,4086
6,4,6,7,223,4086
5,1,6,7,223,4086
5,5,6,7,223,4086
4,0,6,7,223,4086
4,6,6,7,223,4086
3,7,6,7,223,4086
2,8,6,7,223,4086
1,9,6,7,223,4086
8,3,6,7,223,4086
7,2,6,7,223,4086
7,4,6,7,223,4086
6,1,6,7,223,4086
6,5,6,7,223,4086
5,0,6,7,223,4086
5,6,6,7,223,4086
4,7,6,7,223,4086
3,8,6,7,223,4086
2,9,6,7,223,4086
9,3,6,7,223,4086
9,2,6,7,223,4086
9,4,6,7,223,4086
8,1,6,7,223,4086
8,5,6,7,223,4086
7,0,6,7,223,4086
7,6,6,7,223,4086
6,0,6,7,223,4086
6,7,6,7,223,4086
5,8,6,7,223,4086
4,9,6,7,223,4086
3,9,6,7,223,4086
0,4,6,7,224,3745
1,4,6,7,224,3745
0,3,6,7,224,3745
0,5,6,7,224,3745
2,4,6,7,224,3745
1,3,6,7,224,3745
1,5,6,7,224,3745
0,2,6,7,224,3745
0,6,6,7,224,3745
3,4,6,7,224,3745
2,3,6,7,224,3745
2,5,6,7,224,3745
1,2,6,7,224,3745
1,6,6,7,224,3745
0,1,6,7,224,3745
0,7,6,7,224,3745
4,4,6,7,224,3745
3,3,6,7,224,3745
3,5,6,7,224,3745
2,2,6,7,224,3745
2,6,6,7,224,3745
1,1,6,7,224,3745
1,7,6,7,224,3745
0,0,6,7,224,3745
0,8,6,7,224,3745
5,4,6,7,224,3745
4,3,6,7,224,3745
4,5,6,7,224,3745
3,2,6,7,224,3745
3,6,6,7,224,3745
2,1,6,7,224,3745
2,7,6,7,224,3745
1,0,6,7,224,3745
1,8,6,7,224,3745
0,9,6,7,224,3745
6,4,6,7,224,3745
5,3,6,7,224,3745
5,5,6,7,224,3745
4,2,6,7,224,3745
4,6,6,7,224,3745
3,1,6,7,224,3745
3,7,6,7,224,3745
2,0,6,7,224,3745
2,8,6,7,224,3745
1,9,6,7,224,3745
7,4,6,7,224,3745
6,3,6,7,224,3745
6,5,6,7,224,3745
5,2,6,7,224,3745
5,6,6,7,224,3745
4,1,6,7,224,3745
4,7,6,7,224,3745
3,0,6,7,224,3745
3,8,6,7,224,3745
2,9,6,7,224,3745
9,4,6,7,224,3745
8,3,6,7,224,3745
8,5,6,7,224,3745
7,2,6,7,224,3745
7,6,6,7,224,3745
6,1,6,7,224,3745
6,7,6,7,224,3745
5,0,6,7,224,3745
5,8,6,7,224,3745
4,0,6,7,224,3745
4,9,6,7,224,3745
3,9,6,7,224,3745
0,5,4,7,225,3395
1,5,4,7,225,3395
0,4,4,7,225,3395
0,6,4,7,225,3395
2,5,4,7,225,3395
1,4,4,7,225,3395
1,6,4,7,225,3395
0,3,4,7,225,3395
0,7,4,7,225,3395
3,5,4,7,225,3395
2,4,4,7,225,3395
2,6,4,7,225,3395
1,3,4,7,225,3395
1,7,4,7,225,3395
0,2,4,7,225,3395
0,8,4,7,225,3395
4,5,4,7,225,3395
3,4,4,7,225,3395
3,6,4,7,225,3395
2,3,4,7,225,3395
2,7,4,7,225,3395
1,2,4,7,225,3395
1,8,4,7,225,3395
0,1,4,7,225,3395
0,9,4,7,225,3395
5,5,4,7,225,3395
4,4,4,7,225,3395
4,6,4,7,225,3395
3,3,4,7,225,3395
3,7,4,7,225,3395
2,2,4,7,225,3395
2,8,4,7,225,3395
1,1,4,7,225,3395
1,9,4,7,225,3395
0,0,4,7,225,3395
6,5,4,7,225,3395
5,4,4,7,225,3395
5,6,4,7,225,3395
4,3,4,7,225,3395
4,7,4,7,225,3395
3,2,4,7,225,3395
3,8,4,7,225,3395
2,1,4,7,225,3395
2,9,4,7,225,3395
1,0,4,7,225,3395
8,5,4,7,225,3395
7,4,4,7,225,3395
7,6,4,7,225,3395
6,3,4,7,225,3395
6,7,4,7,225,3395
5,2,4,7,225,3395
5,8,4,7,225,3395
4,1,4,7,225,3395
4,9,4,7,225,3395
3,0,4,7,225,3395
3,9,4,7,225,3395
2,0,4,7,225,3395
0,7,6,7,226,2565
1,7,6,7,226,2565
0,6,6,7,226,2565
0,8,6,7,226,2565
2,7,6,7,226,2565
1,6,6,7,226,2565
1,8,6,7,226,2565
0,5,6,7,226,2565
0,9,6,7,226,2565
3,7,6,7,226,2565
2,6,6,7,226,2565
2,8,6,7,226,2565
1,5,6,7,226,2565
1,9,6,7,226,2565
0,4,6,7,226,2565
4,7,6,7,226,2565
3,6,6,7,226,2565
3,8,6,7,226,2565
2,5,6,7,226,2565
2,9,6,7,226,2565
1,4,6,7,226,2565
0,3,6,7,226,2565
6,7,6,7,226,2565
5,6,6,7,226,2565
5,8,6,7,226,2565
4,5,6,7,226,2565
4,9,6,7,226,2565
3,4,6,7,226,2565
3,9,6,7,226,2565
2,3,6,7,226,2565
1,2,6,7,226,2565
0,8,4,7,227,2127
1,8,4,7,227,2127
0,7,4,7,227,2127
0,9,4,7,227,2127
2,8,4,7,227,2127
1,7,4,7,227,2127
1,9,4,7,227,2127
0,6,4,7,227,2127
3,8,4,7,227,2127
2,7,4,7,227,2127
2,9,4,7,227,2127
1,6,4,7,227,2127
0,5,4,7,227,2127
5,8,4,7,227,2127
4,7,4,7,227,2127
4,9,4,7,227,2127
3,6,4,7,227,2127
3,9,4,7,227,2127
2,5,4,7,227,2127
1,4,4,7,227,2127
0,3,5,2,228,4443
1,3,5,2,228,4443
0,2,5,2,228,4443
0,4,5,2,228,4443
2,3,5,2,228,4443
1,2,5,2,228,4443
1,4,5,2,228,4443
0,1,5,2,228,4443
0,5,5,2,228,4443
3,3,5,2,228,4443
2,2,5,2,228,4443
2,4,5,2,228,4443
1,1,5,2,228,4443
1,5,5,2,228,4443
0,0,5,2,228,4443
0,6,5,2,228,4443
4,3,5,2,228,4443
3,2,5,2,228,4443
3,4,5,2,228,4443
2,1,5,2,228,4443
2,5,5,2,228,4443
1,0,5,2,228,4443
1,6,5,2,228,4443
0,7,5,2,228,4443
5,3,5,2,228,4443
4,2,5,2,228,4443
4,4,5,2,228,4443
3,1,5,2,228,4443
3,5,5,2,228,4443
2,0,5,2,228,4443
2,6,5,2,228,4443
1,7,5,2,228,4443
0,8,5,2,228,4443
6,3,5,2,228,4443
5,2,5,2,228,4443
5,4,5,2,228,4443
4,1,5,2,228,4443
4,5,5,2,228,4443
3,0,5,2,228,4443
3,6,5,2,228,4443
2,7,5,2,228,4443
1,8,5,2,228,4443
0,9,5,2,228,4443
7,3,5,2,228,4443
6,2,5,2,228,4443
6,4,5,2,228,4443
5,1,5,2,228,4443
5,5,5,2,228,4443
4,0,5,2,228,4443
4,6,5,2,228,4443
3,7,5,2,228,4443
2,8,5,2,228,4443
1,9,5,2,228,4443
8,3,5,2,228,4443
7,2,5,2,228,4443
7,4,5,2,228,4443
6,1,5,2,228,4443
6,5,5,2,228,4443
5,0,5,2,228,4443
5,6,5,2,228,4443
4,7,5,2,228,4443
3,8,5,2,228,4443
2,9,5,2,228,4443
9,3,5,2,228,4443
8,2,5,2,228,4443
8,4,5,2,228,4443
7,1,5,2,228,4443
7,5,5,2,228,4443
6,0,5,2,228,4443
6,6,5,2,228,4443
5,7,5,2,228,4443
4,8,5,2,228,4443
3,9,5,2,228,4443
9,2,5,2,228,4443
9,4,5,2,228,4443
8,1,5,2,228,4443
8,5,5,2,228,4443
7,0,5,2,228,4443
7,6,5,2,228,4443
6,7,5,2,228,4443
5,8,5,2,228,4443
4,9,5,2,228,4443
0,5,6,7,229,3765
1,5,6,7,229,3765
0,4,6,7,229,3765
0,6,6,7,229,3765
2,5,6,7,229,3765
1,4,6,7,229,3765
1,6,6,7,229,3765
0,3,6,7,229,3765
0,7,6,7,229,3765
3,5,6,7,229,3765
2,4,6,7,229,3765
2,6,6,7,229,3765
1,3,6,7,229,3765
1,7,6,7,229,3765
0,2,6,7,229,3765
0,8,6,7,229,3765
4,5,6,7,229,3765
3,4,6,7,229,3765
3,6,6,7,229,3765
2,3,6,7,229,3765
2,7,6,7,229,3765
1,2,6,7,229,3765
1,8,6,7,229,3765
0,1,6,7,229,3765
0,9,6,7,229,3765
5,5,6,7,229,3765
4,4,6,7,229,3765
4,6,6,7,229,3765
3,3,6,7,229,3765
3,7,6,7,229,3765
2,2,6,7,229,3765
2,8,6,7,229,3765
1,1,6,7,229,3765
1,9,6,7,229,3765
0,0,6,7,229,3765
6,5,6,7,229,3765
5,4,6,7,229,3765
5,6,6,7,229,3765
4,3,6,7,229,3765
4,7,6,7,229,3765
3,2,6,7,229,3765
3,8,6,7,229,3765
2,1,6,7,229,3765
2,9,6,7,229,3765
1,0,6,7,229,3765
7,5,6,7,229,3765
6,4,6,7,229,3765
6,6,6,7,229,3765
5,3,6,7,229,3765
5,7,6,7,229,3765
4,2,6,7,229,3765
4,8,6,7,229,3765
3,1,6,7,229,3765
3,9,6,7,229,3765
2,0,6,7,229,3765
8,5,6,7,229,3765
7,4,6,7,229,3765
7,6,6,7,229,3765
6,3,6,7,229,3765
6,7,6,7,229,3765
5,2,6,7,229,3765
5,8,6,7,229,3765
4,1,6,7,229,3765
4,9,6,7,229,3765
3,0,6,7,229,3765
0,6,6,7,230,3389
1,6,6,7,230,3389
0,5,6,7,230,3389
0,7,6,7,230,3389
2,6,6,7,230,3389
1,5,6,7,230,3389
1,7,6,7,230,3389
0,4,6,7,230,3389
0,8,6,7,230,3389
3,6,6,7,230,3389
2,5,6,7,230,3389
2,7,6,7,230,3389
1,4,6,7,230,3389
1,8,6,7,230,3389
0,3,6,7,230,3389
0,9,6,7,230,3389
4,6,6,7,230,3389
3,5,6,7,230,3389
3,7,6,7,230,3389
2,4,6,7,230,3389
2,8,6,7,230,3389
1,3,6,7,230,3389
1,9,6,7,230,3389
0,2,6,7,230,3389
5,6,6,7,230,3389
4,5,6,7,230,3389
4,7,6,7,230,3389
3,4,6,7,230,3389
3,8,6,7,230,3389
2,3,6,7,230,3389
2,9,6,7,230,3389
1,2,6,7,230,3389
0,1,6,7,230,3389
6,6,6,7,230,3389
5,5,6,7,230,3389
5,7,6,7,230,3389
4,4,6,7,230,3389
4,8,6,7,230,3389
3,3,6,7,230,3389
3,9,6,7,230,3389
2,2,6,7,230,3389
1,1,6,7,230,3389
0,0,6,7,230,3389
7,6,6,7,230,3389
6,5,6,7,230,3389
6,7,6,7,230,3389
5,4,6,7,230,3389
5,8,6,7,230,3389
4,3,6,7,230,3389
4,9,6,7,230,3389
3,2,6,7,230,3389
2,1,6,7,230,3389
1,0,6,7,230,3389
0,7,6,7,231,2987
1,7,6,7,231,2987
0,6,6,7,231,2987
0,8,6,7,231,2987
2,7,6,7,231,2987
1,6,6,7,231,2987
1,8,6,7,231,2987
0,5,6,7,231,2987
0,9,6,7,231,2987
3,7,6,7,231,2987
2,6,6,7,231,2987
2,8,6,7,231,2987
1,5,6,7,231,2987
1,9,6,7,231,2987
0,4,6,7,231,2987
4,7,6,7,231,2987
3,6,6,7,231,2987
3,8,6,7,231,2987
2,5,6,7,231,2987
2,9,6,7,231,2987
1,4,6,7,231,2987
0,3,6,7,231,2987
5,7,6,7,231,2987
4,6,6,7,231,2987
4,8,6,7,231,2987
3,5,6,7,231,2987
3,9,6,7,231,2987
2,4,6,7,231,2987
1,3,6,7,231,2987
0,2,6,7,231,2987
6,7,6,7,231,2987
5,6,6,7,231,2987
5,8,6,7,231,2987
4,5,6,7,231,2987
4,9,6,7,231,2987
3,4,6,7,231,2987
2,3,6,7,231,2987
1,2,6,7,231,2987
0,1,6,7,231,2987
7,2,9,0,232,1136
9,2,9,0,232,1136
8,1,9,0,232,1136
8,3,9,0,232,1136
8,2,9,0,232,1136
9,1,9,0,232,1136
9,3,9,0,232,1136
9,0,9,0,232,1136
9,4,9,0,232,1136
8,3,9,2,131,588
9,3,9,2,131,588
9,2,9,2,131,588
9,4,9,2,131,588
7,4,7,4,45,588
9,4,7,4,45,588
8,3,7,4,45,588
8,5,7,4,45,588
5,4,5,4,233,1136
7,4,5,4,233,1136
6,3,5,4,233,1136
6,5,5,4,233,1136
9,4,5,4,233,1136
8,3,5,4,233,1136
8,5,5,4,233,1136
7,2,5,4,233,1136
7,6,5,4,233,1136
4,5,5,6,104,1138
6,5,5,6,104,1138
5,4,5,6,104,1138
5,6,5,6,104,1138
8,5,5,6,104,1138
7,4,5,6,104,1138
7,6,5,6,104,1138
6,3,5,6,104,1138
6,7,5,6,104,1138
5,6,6,7,19,588
7,6,6,7,19,588
6,5,6,7,19,588
6,7,6,7,19,588
3,6,6,7,58,1138
5,6,6,7,58,1138
4,5,6,7,58,1138
4,7,6,7,58,1138
7,6,6,7,58,1138
6,5,6,7,58,1138
6,7,6,7,58,1138
5,4,6,7,58,1138
5,8,6,7,58,1138
4,7,6,7,30,588
6,7,6,7,30,588
5,6,6,7,30,588
5,8,6,7,30,588
2,7,6,7,111,1136
4,7,6,7,111,1136
3,6,6,7,111,1136
3,8,6,7,111,1136
6,7,6,7,111,1136
5,6,6,7,111,1136
5,8,6,7,111,1136
4,5,6,7,111,1136
4,9,6,7,111,1136
3,8,4,7,7,588
5,8,4,7,7,588
4,7,4,7,7,588
4,9,4,7,7,588
9,4,9,4,0,0
8,5,8,5,0,0
7,6,7,6,0,0
6,7,6,7,0,0
5,8,5,8,0,0
4,9,4,9,0,0
0,0,7,7,234,4419
1,0,7,7,234,4419
0,1,7,7,234,4419
2,0,7,7,234,4419
1,1,7,7,234,4419
0,2,7,7,234,4419
3,0,7,7,234,4419
2,1,7,7,234,4419
1,2,7,7,234,4419
0,3,7,7,234,4419
4,0,7,7,234,4419
3,1,7,7,234,4419
2,2,7,7,234,4419
1,3,7,7,234,4419
0,4,7,7,234,4419
5,0,7,7,234,4419
4,1,7,7,234,4419
3,2,7,7,234,4419
2,3,7,7,234,4419
1,4,7,7,234,4419
0,5,7,7,234,4419
6,0,7,7,234,4419
5,1,7,7,234,4419
4,2,7,7,234,4419
3,3,7,7,234,4419
2,4,7,7,234,4419
1,5,7,7,234,4419
0,6,7,7,234,4419
8,0,7,7,234,4419
7,0,7,7,234,4419
7,1,7,7,234,4419
6,1,7,7,234,4419
6,2,7,7,234,4419
5,2,7,7,234,4419
5,3,7,7,234,4419
4,3,7,7,234,4419
4,4,7,7,234,4419
3,4,7,7,234,4419
3,5,7,7,234,4419
2,5,7,7,234,4419
2,6,7,7,234,4419
1,6,7,7,234,4419
1,7,7,7,234,4419
9,0,7,7,234,4419
9,1,7,7,234,4419
8,1,7,7,234,4419
8,2,7,7,234,4419
7,2,7,7,234,4419
7,3,7,7,234,4419
6,3,7,7,234,4419
6,4,7,7,234,4419
5,4,7,7,234,4419
5,5,7,7,234,4419
4,5,7,7,234,4419
4,6,7,7,234,4419
3,6,7,7,234,4419
3,7,7,7,234,4419
2,7,7,7,234,4419
2,8,7,7,234,4419
9,2,7,7,234,4419
9,3,7,7,234,4419
8,3,7,7,234,4419
8,4,7,7,234,4419
7,4,7,7,234,4419
7,5,7,7,234,4419
6,5,7,7,234,4419
6,6,7,7,234,4419
5,6,7,7,234,4419
5,7,7,7,234,4419
4,7,7,7,234,4419
4,8,7,7,234,4419
3,8,7,7,234,4419
3,9,7,7,234,4419
9,4,7,7,234,4419
9,5,7,7,234,4419
8,5,7,7,234,4419
8,6,7,7,234,4419
7,6,7,7,234,4419
7,7,7,7,234,4419
6,7,7,7,234,4419
6,8,7,7,234,4419
5,8,7,7,234,4419
5,9,7,7,234,4419
4,9,7,7,234,4419
0,0,7,7,235,4087
1,0,7,7,235,4087
0,1,7,7,235,4087
2,0,7,7,235,4087
1,1,7,7,235,4087
0,2,7,7,235,4087
3,0,7,7,235,4087
2,1,7,7,235,4087
1,2,7,7,235,4087
0,3,7,7,235,4087
4,0,7,7,235,4087
3,1,7,7,235,4087
2,2,7,7,235,4087
1,3,7,7,235,4087
0,4,7,7,235,4087
6,0,7,7,235,4087
5,0,7,7,235,4087
5,1,7,7,235,4087
4,1,7,7,235,4087
4,2,7,7,235,4087
3,2,7,7,235,4087
3,3,7,7,235,4087
2,3,7,7,235,4087
2,4,7,7,235,4087
1,4,7,7,235,4087
1,5,7,7,235,4087
8,0,7,7,235,4087
7,0,7,7,235,4087
7,1,7,7,235,4087
6,1,7,7,235,4087
6,2,7,7,235,4087
5,2,7,7,235,4087
5,3,7,7,235,4087
4,3,7,7,235,4087
4,4,7,7,235,4087
3,4,7,7,235,4087
3,5,7,7,235,4087
2,5,7,7,235,4087
2,6,7,7,235,4087
9,0,7,7,235,4087
9,1,7,7,235,4087
8,1,7,7,235,4087
8,2,7,7,235,4087
7,2,7,7,235,4087
7,3,7,7,235,4087
6,3,7,7,235,4087
6,4,7,7,235,4087
5,4,7,7,235,4087
5,5,7,7,235,4087
4,5,7,7,235,4087
4,6,7,7,235,4087
3,6,7,7,235,4087
3,7,7,7,235,4087
9,2,7,7,235,4087
9,3,7,7,235,4087
8,3,7,7,235,4087
8,4,7,7,235,4087
7,4,7,7,235,4087
7,5,7,7,235,4087
6,5,7,7,235,4087
6,6,7,7,235,4087
5,6,7,7,235,4087
5,7,7,7,235,4087
4,7,7,7,235,4087
4,8,7,7,235,4087
9,4,7,7,235,4087
9,5,7,7,235,4087
8,5,7,7,235,4087
8,6,7,7,235,4087
7,6,7,7,235,4087
7,7,7,7,235,4087
6,7,7,7,235,4087
6,8,7,7,235,4087
5,8,7,7,235,4087
5,9,7,7,235,4087
0,0,5,7,236,3753
1,0,5,7,236,3753
0,1,5,7,236,3753
2,0,5,7,236,3753
1,1,5,7,236,3753
0,2,5,7,236,3753
4,0,5,7,236,3753
3,0,5,7,236,3753
3,1,5,7,236,3753
2,1,5,7,236,3753
2,2,5,7,236,3753
1,2,5,7,236,3753
1,3,5,7,236,3753
6,0,5,7,236,3753
5,0,5,7,236,3753
5,1,5,7,236,3753
4,1,5,7,236,3753
4,2,5,7,236,3753
3,2,5,7,236,3753
3,3,5,7,236,3753
2,3,5,7,236,3753
2,4,5,7,236,3753
8,0,5,7,236,3753
7,0,5,7,236,3753
7,1,5,7,236,3753
6,1,5,7,236,3753
6,2,5,7,236,3753
5,2,5,7,236,3753
5,3,5,7,236,3753
4,3,5,7,236,3753
4,4,5,7,236,3753
3,4,5,7,236,3753
3,5,5,7,236,3753
9,0,5,7,236,3753
9,1,5,7,236,3753
8,1,5,7,236,3753
8,2,5,7,236,3753
7,2,5,7,236,3753
7,3,5,7,236,3753
6,3,5,7,236,3753
6,4,5,7,236,3753
5,4,5,7,236,3753
5,5,5,7,236,3753
4,5,5,7,236,3753
4,6,5,7,236,3753
9,2,5,7,236,3753
9,3,5,7,236,3753
8,3,5,7,236,3753
8,4,5,7,236,3753
7,4,5,7,236,3753
7,5,5,7,236,3753
6,5,5,7,236,3753
6,6,5,7,236,3753
5,6,5,7,236,3753
5,7,5,7,236,3753
9,4,5,7,236,3753
9,5,5,7,236,3753
8,5,5,7,236,3753
8,6,5,7,236,3753
7,6,5,7,236,3753
7,7,5,7,236,3753
6,7,5,7,236,3753
6,8,5,7,236,3753
0,0,5,5,237,3399
2,0,5,5,237,3399
1,0,5,5,237,3399
1,1,5,5,237,3399
4,0,5,5,237,3399
3,0,5,5,237,3399
3,1,5,5,237,3399
2,1,5,5,237,3399
2,2,5,5,237,3399
6,0,5,5,237,3399
5,0,5,5,237,3399
5,1,5,5,237,3399
4,1,5,5,237,3399
4,2,5,5,237,3399
3,2,5,5,237,3399
3,3,5,5,237,3399
8,0,5,5,237,3399
7,0,5,5,237,3399
7,1,5,5,237,3399
6,1,5,5,237,3399
6,2,5,5,237,3399
5,2,5,5,237,3399
5,3,5,5,237,3399
4,3,5,5,237,3399
4,4,5,5,237,3399
9,0,5,5,237,3399
9,1,5,5,237,3399
8,1,5,5,237,3399
8,2,5,5,237,3399
7,2,5,5,237,3399
7,3,5,5,237,3399
6,3,5,5,237,3399
6,4,5,5,237,3399
5,4,5,5,237,3399
5,5,5,5,237,3399
9,2,5,5,237,3399
9,3,5,5,237,3399
8,3,5,5,237,3399
8,4,5,5,237,3399
7,4,5,5,237,3399
7,5,5,5,237,3399
6,5,5,5,237,3399
6,6,5,5,237,3399
9,4,5,5,237,3399
9,5,5,5,237,3399
8,5,5,5,237,3399
8,6,5,5,237,3399
7,6,5,5,237,3399
7,7,5,5,237,3399
2,0,5,3,238,3009
4,0,5,3,238,3009
3,0,5,3,238,3009
3,1,5,3,238,3009
6,0,5,3,238,3009
5,0,5,3,238,3009
5,1,5,3,238,3009
4,1,5,3,238,3009
4,2,5,3,238,3009
8,0,5,3,238,3009
7,0,5,3,238,3009
7,1,5,3,238,3009
6,1,5,3,238,3009
6,2,5,3,238,3009
5,2,5,3,238,3009
5,3,5,3,238,3009
9,0,5,3,238,3009
9,1,5,3,238,3009
8,1,5,3,238,3009
8,2,5,3,238,3009
7,2,5,3,238,3009
7,3,5,3,238,3009
6,3,5,3,238,3009
6,4,5,3,238,3009
9,2,5,3,238,3009
9,3,5,3,238,3009
8,3,5,3,238,3009
8,4,5,3,238,3009
7,4,5,3,238,3009
7,5,5,3,238,3009
9,4,5,3,238,3009
9,5,5,3,238,3009
8,5,5,3,238,3009
8,6,5,3,238,3009
4,0,5,1,239,2577
6,0,5,1,239,2577
5,0,5,1,239,2577
5,1,5,1,239,2577
8,0,5,1,239,2577
7,0,5,1,239,2577
7,1,5,1,239,2577
6,1,5,1,239,2577
6,2,5,1,239,2577
9,0,5,1,239,2577
9,1,5,1,239,2577
8,1,5,1,239,2577
8,2,5,1,239,2577
7,2,5,1,239,2577
7,3,5,1,239,2577
9,2,5,1,239,2577
9,3,5,1,239,2577
8,3,5,1,239,2577
8,4,5,1,239,2577
9,4,5,1,239,2577
9,5,5,1,239,2577
5,1,6,0,240,2130
7,1,6,0,240,2130
6,0,6,0,240,2130
6,2,6,0,240,2130
9,1,6,0,240,2130
8,0,6,0,240,2130
8,2,6,0,240,2130
7,0,6,0,240,2130
7,3,6,0,240,2130
8,1,6,0,240,2130
9,0,6,0,240,2130
9,2,6,0,240,2130
9,3,6,0,240,2130
8,4,6,0,240,2130
6,1,6,0,240,2130
7,2,6,0,240,2130
8,3,6,0,240,2130
9,4,6,0,240,2130
9,5,6,0,240,2130
3,1,5,1,241,2579
5,1,5,1,241,2579
4,0,5,1,241,2579
4,2,5,1,241,2579
7,1,5,1,241,2579
6,0,5,1,241,2579
6,2,5,1,241,2579
5,0,5,1,241,2579
5,3,5,1,241,2579
9,1,5,1,241,2579
8,0,5,1,241,2579
8,2,5,1,241,2579
7,0,5,1,241,2579
7,3,5,1,241,2579
6,1,5,1,241,2579
6,4,5,1,241,2579
8,1,5,1,241,2579
9,0,5,1,241,2579
9,2,5,1,241,2579
9,3,5,1,241,2579
8,4,5,1,241,2579
7,2,5,1,241,2579
7,5,5,1,241,2579
8,3,5,1,241,2579
9,4,5,1,241,2579
9,5,5,1,241,2579
8,6,5,1,241,2579
1,1,5,5,242,2991
3,1,5,5,242,2991
2,0,5,5,242,2991
2,2,5,5,242,2991
5,1,5,5,242,2991
4,0,5,5,242,2991
4,2,5,5,242,2991
3,0,5,5,242,2991
3,3,5,5,242,2991
7,1,5,5,242,2991
6,0,5,5,242,2991
6,2,5,5,242,2991
5,0,5,5,242,2991
5,3,5,5,242,2991
4,1,5,5,242,2991
4,4,5,5,242,2991
9,1,5,5,242,2991
8,0,5,5,242,2991
8,2,5,5,242,2991
7,0,5,5,242,2991
7,3,5,5,242,2991
6,1,5,5,242,2991
6,4,5,5,242,2991
5,2,5,5,242,2991
5,5,5,5,242,2991
8,1,5,5,242,2991
9,0,5,5,242,2991
9,2,5,5,242,2991
9,3,5,5,242,2991
8,4,5,5,242,2991
7,2,5,5,242,2991
7,5,5,5,242,2991
6,3,5,5,242,2991
6,6,5,5,242,2991
8,3,5,5,242,2991
9,4,5,5,242,2991
9,5,5,5,242,2991
8,6,5,5,242,2991
7,4,5,5,242,2991
7,7,5,5,242,2991
0,1,5,7,243,3373
1,1,5,7,243,3373
0,0,5,7,243,3373
0,2,5,7,243,3373
3,1,5,7,243,3373
2,0,5,7,243,3373
2,2,5,7,243,3373
1,0,5,7,243,3373
1,3,5,7,243,3373
5,1,5,7,243,3373
4,0,5,7,243,3373
4,2,5,7,243,3373
3,0,5,7,243,3373
3,3,5,7,243,3373
2,1,5,7,243,3373
2,4,5,7,243,3373
7,1,5,7,243,3373
6,0,5,7,243,3373
6,2,5,7,243,3373
5,0,5,7,243,3373
5,3,5,7,243,3373
4,1,5,7,243,3373
4,4,5,7,243,3373
3,2,5,7,243,3373
3,5,5,7,243,3373
9,1,5,7,243,3373
8,0,5,7,243,3373
8,2,5,7,243,3373
7,0,5,7,243,3373
7,3,5,7,243,3373
6,1,5,7,243,3373
6,4,5,7,243,3373
5,2,5,7,243,3373
5,5,5,7,243,3373
4,3,5,7,243,3373
4,6,5,7,243,3373
8,1,5,7,243,3373
9,0,5,7,243,3373
9,2,5,7,243,3373
9,3,5,7,243,3373
8,4,5,7,243,3373
7,2,5,7,243,3373
7,5,5,7,243,3373
6,3,5,7,243,3373
6,6,5,7,243,3373
5,4,5,7,243,3373
5,7,5,7,243,3373
8,3,5,7,243,3373
9,4,5,7,243,3373
9,5,5,7,243,3373
8,6,5,7,243,3373
7,4,5,7,243,3373
7,7,5,7,243,3373
6,5,5,7,243,3373
6,8,5,7,243,3373
0,2,5,7,244,2986
2,2,5,7,244,2986
1,1,5,7,244,2986
1,3,5,7,244,2986
4,2,5,7,244,2986
3,1,5,7,244,2986
3,3,5,7,244,2986
2,0,5,7,244,2986
2,4,5,7,244,2986
6,2,5,7,244,2986
5,1,5,7,244,2986
5,3,5,7,244,2986
4,0,5,7,244,2986
4,4,5,7,244,2986
3,0,5,7,244,2986
3,5,5,7,244,2986
8,2,5,7,244,2986
7,1,5,7,244,2986
7,3,5,7,244,2986
6,0,5,7,244,2986
6,4,5,7,244,2986
5,0,5,7,244,2986
5,5,5,7,244,2986
4,1,5,7,244,2986
4,6,5,7,244,2986
9,2,5,7,244,2986
9,1,5,7,244,2986
9,3,5,7,244,2986
8,0,5,7,244,2986
8,4,5,7,244,2986
7,0,5,7,244,2986
7,5,5,7,244,2986
6,1,5,7,244,2986
6,6,5,7,244,2986
5,2,5,7,244,2986
5,7,5,7,244,2986
7,2,5,7,244,2986
8,1,5,7,244,2986
8,3,5,7,244,2986
9,0,5,7,244,2986
9,4,5,7,244,2986
9,5,5,7,244,2986
8,6,5,7,244,2986
7,7,5,7,244,2986
6,3,5,7,244,2986
6,8,5,7,244,2986
2,4,5,7,245,2127
4,4,5,7,245,2127
3,3,5,7,245,2127
3,5,5,7,245,2127
6,4,5,7,245,2127
5,3,5,7,245,2127
5,5,5,7,245,2127
4,2,5,7,245,2127
4,6,5,7,245,2127
8,4,5,7,245,2127
7,3,5,7,245,2127
7,5,5,7,245,2127
6,2,5,7,245,2127
6,6,5,7,245,2127
5,1,5,7,245,2127
5,7,5,7,245,2127
9,4,5,7,245,2127
9,3,5,7,245,2127
9,5,5,7,245,2127
8,2,5,7,245,2127
8,6,5,7,245,2127
7,1,5,7,245,2127
7,7,5,7,245,2127
6,0,5,7,245,2127
6,8,5,7,245,2127
0,1,7,7,246,3741
1,1,7,7,246,3741
0,0,7,7,246,3741
0,2,7,7,246,3741
2,1,7,7,246,3741
1,0,7,7,246,3741
1,2,7,7,246,3741
0,3,7,7,246,3741
3,1,7,7,246,3741
2,0,7,7,246,3741
2,2,7,7,246,3741
1,3,7,7,246,3741
0,4,7,7,246,3741
5,1,7,7,246,3741
4,0,7,7,246,3741
4,2,7,7,246,3741
3,0,7,7,246,3741
3,3,7,7,246,3741
2,4,7,7,246,3741
1,5,7,7,246,3741
7,1,7,7,246,3741
6,0,7,7,246,3741
6,2,7,7,246,3741
5,0,7,7,246,3741
5,3,7,7,246,3741
4,1,7,7,246,3741
4,4,7,7,246,3741
3,2,7,7,246,3741
3,5,7,7,246,3741
2,3,7,7,246,3741
2,6,7,7,246,3741
9,1,7,7,246,3741
8,0,7,7,246,3741
8,2,7,7,246,3741
7,0,7,7,246,3741
7,3,7,7,246,3741
6,1,7,7,246,3741
6,4,7,7,246,3741
5,2,7,7,246,3741
5,5,7,7,246,3741
4,3,7,7,246,3741
4,6,7,7,246,3741
3,4,7,7,246,3741
3,7,7,7,246,3741
8,1,7,7,246,3741
9,0,7,7,246,3741
9,2,7,7,246,3741
9,3,7,7,246,3741
8,4,7,7,246,3741
7,2,7,7,246,3741
7,5,7,7,246,3741
6,3,7,7,246,3741
6,6,7,7,246,3741
5,4,7,7,246,3741
5,7,7,7,246,3741
4,5,7,7,246,3741
4,8,7,7,246,3741
8,3,7,7,246,3741
9,4,7,7,246,3741
9,5,7,7,246,3741
8,6,7,7,246,3741
7,4,7,7,246,3741
7,7,7,7,246,3741
6,5,7,7,246,3741
6,8,7,7,246,3741
5,6,7,7,246,3741
5,9,7,7,246,3741
0,2,7,7,247,3379
1,2,7,7,247,3379
0,1,7,7,247,3379
0,3,7,7,247,3379
2,2,7,7,247,3379
1,1,7,7,247,3379
1,3,7,7,247,3379
0,0,7,7,247,3379
0,4,7,7,247,3379
4,2,7,7,247,3379
3,1,7,7,247,3379
3,3,7,7,247,3379
2,0,7,7,247,3379
2,4,7,7,247,3379
1,0,7,7,247,3379
1,5,7,7,247,3379
6,2,7,7,247,3379
5,1,7,7,247,3379
5,3,7,7,247,3379
4,0,7,7,247,3379
4,4,7,7,247,3379
3,0,7,7,247,3379
3,5,7,7,247,3379
2,1,7,7,247,3379
2,6,7,7,247,3379
8,2,7,7,247,3379
7,1,7,7,247,3379
7,3,7,7,247,3379
6,0,7,7,247,3379
6,4,7,7,247,3379
5,0,7,7,247,3379
5,5,7,7,247,3379
4,1,7,7,247,3379
4,6,7,7,247,3379
3,2,7,7,247,3379
3,7,7,7,247,3379
9,2,7,7,247,3379
9,1,7,7,247,3379
9,3,7,7,247,3379
8,0,7,7,247,3379
8,4,7,7,247,3379
7,0,7,7,247,3379
7,5,7,7,247,3379
6,1,7,7,247,3379
6,6,7,7,247,3379
5,2,7,7,247,3379
5,7,7,7,247,3379
4,3,7,7,247,3379
4,8,7,7,247,3379
7,2,7,7,247,3379
8,1,7,7,247,3379
8,3,7,7,247,3379
9,0,7,7,247,3379
9,4,7,7,247,3379
9,5,7,7,247,3379
8,6,7,7,247,3379
7,7,7,7,247,3379
6,3,7,7,247,3379
6,8,7,7,247,3379
5,4,7,7,247,3379
5,9,7,7,247,3379
0,3,7,7,248,2991
1,3,7,7,248,2991
0,2,7,7,248,2991
0,4,7,7,248,2991
3,3,7,7,248,2991
2,2,7,7,248,2991
2,4,7,7,248,2991
1,1,7,7,248,2991
1,5,7,7,248,2991
5,3,7,7,248,2991
4,2,7,7,248,2991
4,4,7,7,248,2991
3,1,7,7,248,2991
3,5,7,7,248,2991
2,0,7,7,248,2991
2,6,7,7,248,2991
7,3,7,7,248,2991
6,2,7,7,248,2991
6,4,7,7,248,2991
5,1,7,7,248,2991
5,5,7,7,248,2991
4,0,7,7,248,2991
4,6,7,7,248,2991
3,0,7,7,248,2991
3,7,7,7,248,2991
9,3,7,7,248,2991
8,2,7,7,248,2991
8,4,7,7,248,2991
7,1,7,7,248,2991
7,5,7,7,248,2991
6,0,7,7,248,2991
6,6,7,7,248,2991
5,0,7,7,248,2991
5,7,7,7,248,2991
4,1,7,7,248,2991
4,8,7,7,248,2991
8,3,7,7,248,2991
9,2,7,7,248,2991
9,4,7,7,248,2991
9,1,7,7,248,2991
9,5,7,7,248,2991
8,0,7,7,248,2991
8,6,7,7,248,2991
7,0,7,7,248,2991
7,7,7,7,248,2991
6,1,7,7,248,2991
6,8,7,7,248,2991
5,2,7,7,248,2991
5,9,7,7,248,2991
0,4,7,7,249,2574
2,4,7,7,249,2574
1,3,7,7,249,2574
1,5,7,7,249,2574
4,4,7,7,249,2574
3,3,7,7,249,2574
3,5,7,7,249,2574
2,2,7,7,249,2574
2,6,7,7,249,2574
6,4,7,7,249,2574
5,3,7,7,249,2574
5,5,7,7,249,2574
4,2,7,7,249,2574
4,6,7,7,249,2574
3,1,7,7,249,2574
3,7,7,7,249,2574
8,4,7,7,249,2574
7,3,7,7,249,2574
7,5,7,7,249,2574
6,2,7,7,249,2574
6,6,7,7,249,2574
5,1,7,7,249,2574
5,7,7,7,249,2574
4,0,7,7,249,2574
4,8,7,7,249,2574
9,4,7,7,249,2574
9,3,7,7,249,2574
9,5,7,7,249,2574
8,2,7,7,249,2574
8,6,7,7,249,2574
7,1,7,7,249,2574
7,7,7,7,249,2574
6,0,7,7,249,2574
6,8,7,7,249,2574
5,0,7,7,249,2574
5,9,7,7,249,2574
1,5,7,7,213,2128
3,5,7,7,213,2128
2,4,7,7,213,2128
2,6,7,7,213,2128
5,5,7,7,213,2128
4,4,7,7,213,2128
4,6,7,7,213,2128
3,3,7,7,213,2128
3,7,7,7,213,2128
7,5,7,7,213,2128
6,4,7,7,213,2128
6,6,7,7,213,2128
5,3,7,7,213,2128
5,7,7,7,213,2128
4,2,7,7,213,2128
4,8,7,7,213,2128
9,5,7,7,213,2128
8,4,7,7,213,2128
8,6,7,7,213,2128
7,3,7,7,213,2128
7,7,7,7,213,2128
6,2,7,7,213,2128
6,8,7,7,213,2128
5,1,7,7,213,2128
5,9,7,7,213,2128
0,2,7,7,250,3745
1,2,7,7,250,3745
0,1,7,7,250,3745
0,3,7,7,250,3745
2,2,7,7,250,3745
1,1,7,7,250,3745
1,3,7,7,250,3745
0,0,7,7,250,3745
0,4,7,7,250,3745
3,2,7,7,250,3745
2,1,7,7,250,3745
2,3,7,7,250,3745
1,0,7,7,250,3745
1,4,7,7,250,3745
0,5,7,7,250,3745
4,2,7,7,250,3745
3,1,7,7,250,3745
3,3,7,7,250,3745
2,0,7,7,250,3745
2,4,7,7,250,3745
1,5,7,7,250,3745
0,6,7,7,250,3745
6,2,7,7,250,3745
5,1,7,7,250,3745
5,3,7,7,250,3745
4,0,7,7,250,3745
4,4,7,7,250,3745
3,0,7,7,250,3745
3,5,7,7,250,3745
2,6,7,7,250,3745
1,7,7,7,250,3745
8,2,7,7,250,3745
7,1,7,7,250,3745
7,3,7,7,250,3745
6,0,7,7,250,3745
6,4,7,7,250,3745
5,0,7,7,250,3745
5,5,7,7,250,3745
4,1,7,7,250,3745
4,6,7,7,250,3745
3,7,7,7,250,3745
2,8,7,7,250,3745
9,2,7,7,250,3745
9,1,7,7,250,3745
9,3,7,7,250,3745
8,0,7,7,250,3745
8,4,7,7,250,3745
7,0,7,7,250,3745
7,5,7,7,250,3745
6,1,7,7,250,3745
6,6,7,7,250,3745
5,2,7,7,250,3745
5,7,7,7,250,3745
4,3,7,7,250,3745
4,8,7,7,250,3745
3,4,7,7,250,3745
3,9,7,7,250,3745
7,2,7,7,250,3745
8,1,7,7,250,3745
8,3,7,7,250,3745
9,0,7,7,250,3745
9,4,7,7,250,3745
9,5,7,7,250,3745
8,6,7,7,250,3745
7,7,7,7,250,3745
6,3,7,7,250,3745
6,8,7,7,250,3745
5,4,7,7,250,3745
5,9,7,7,250,3745
4,5,7,7,250,3745
4,9,7,7,250,3745
0,3,7,7,251,3381
1,3,7,7,251,3381
0,2,7,7,251,3381
0,4,7,7,251,3381
2,3,7,7,251,3381
1,2,7,7,251,3381
1,4,7,7,251,3381
0,1,7,7,251,3381
0,5,7,7,251,3381
3,3,7,7,251,3381
2,2,7,7,251,3381
2,4,7,7,251,3381
1,1,7,7,251,3381
1,5,7,7,251,3381
0,0,7,7,251,3381
0,6,7,7,251,3381
5,3,7,7,251,3381
4,2,7,7,251,3381
4,4,7,7,251,3381
3,1,7,7,251,3381
3,5,7,7,251,3381
2,0,7,7,251,3381
2,6,7,7,251,3381
1,0,7,7,251,3381
1,7,7,7,251,3381
7,3,7,7,251,3381
6,2,7,7,251,3381
6,4,7,7,251,3381
5,1,7,7,251,3381
5,5,7,7,251,3381
4,0,7,7,251,3381
4,6,7,7,251,3381
3,0,7,7,251,3381
3,7,7,7,251,3381
2,1,7,7,251,3381
2,8,7,7,251,3381
9,3,7,7,251,3381
8,2,7,7,251,3381
8,4,7,7,251,3381
7,1,7,7,251,3381
7,5,7,7,251,3381
6,0,7,7,251,3381
6,6,7,7,251,3381
5,0,7,7,251,3381
5,7,7,7,251,3381
4,1,7,7,251,3381
4,8,7,7,251,3381
3,2,7,7,251,3381
3,9,7,7,251,3381
8,3,7,7,251,3381
9,2,7,7,251,3381
9,4,7,7,251,3381
9,1,7,7,251,3381
9,5,7,7,251,3381
8,0,7,7,251,3381
8,6,7,7,251,3381
7,0,7,7,251,3381
7,7,7,7,251,3381
6,1,7,7,251,3381
6,8,7,7,251,3381
5,2,7,7,251,3381
5,9,7,7,251,3381
4,3,7,7,251,3381
4,9,7,7,251,3381
0,5,7,7,252,2574
1,5,7,7,252,2574
0,4,7,7,252,2574
0,6,7,7,252,2574
3,5,7,7,252,2574
2,4,7,7,252,2574
2,6,7,7,252,2574
1,3,7,7,252,2574
1,7,7,7,252,2574
5,5,7,7,252,2574
4,4,7,7,252,2574
4,6,7,7,252,2574
3,3,7,7,252,2574
3,7,7,7,252,2574
2,2,7,7,252,2574
2,8,7,7,252,2574
7,5,7,7,252,2574
6,4,7,7,252,2574
6,6,7,7,252,2574
5,3,7,7,252,2574
5,7,7,7,252,2574
4,2,7,7,252,2574
4,8,7,7,252,2574
3,1,7,7,252,2574
3,9,7,7,252,2574
9,5,7,7,252,2574
8,4,7,7,252,2574
8,6,7,7,252,2574
7,3,7,7,252,2574
7,7,7,7,252,2574
6,2,7,7,252,2574
6,8,7,7,252,2574
5,1,7,7,252,2574
5,9,7,7,252,2574
4,0,7,7,252,2574
4,9,7,7,252,2574
0,6,7,7,253,2127
2,6,7,7,253,2127
1,5,7,7,253,2127
1,7,7,7,253,2127
4,6,7,7,253,2127
3,5,7,7,253,2127
3,7,7,7,253,2127
2,4,7,7,253,2127
2,8,7,7,253,2127
6,6,7,7,253,2127
5,5,7,7,253,2127
5,7,7,7,253,2127
4,4,7,7,253,2127
4,8,7,7,253,2127
3,3,7,7,253,2127
3,9,7,7,253,2127
8,6,7,7,253,2127
7,5,7,7,253,2127
7,7,7,7,253,2127
6,4,7,7,253,2127
6,8,7,7,253,2127
5,3,7,7,253,2127
5,9,7,7,253,2127
4,2,7,7,253,2127
4,9,7,7,253,2127
0,3,7,7,254,3746
1,3,7,7,254,3746
0,2,7,7,254,3746
0,4,7,7,254,3746
2,3,7,7,254,3746
1,2,7,7,254,3746
1,4,7,7,254,3746
0,1,7,7,254,3746
0,5,7,7,254,3746
3,3,7,7,254,3746
2,2,7,7,254,3746
2,4,7,7,254,3746
1,1,7,7,254,3746
1,5,7,7,254,3746
0,0,7,7,254,3746
0,6,7,7,254,3746
4,3,7,7,254,3746
3,2,7,7,254,3746
3,4,7,7,254,3746
2,1,7,7,254,3746
2,5,7,7,254,3746
1,0,7,7,254,3746
1,6,7,7,254,3746
0,7,7,7,254,3746
5,3,7,7,254,3746
4,2,7,7,254,3746
4,4,7,7,254,3746
3,1,7,7,254,3746
3,5,7,7,254,3746
2,0,7,7,254,3746
2,6,7,7,254,3746
1,7,7,7,254,3746
0,8,7,7,254,3746
7,3,7,7,254,3746
6,2,7,7,254,3746
6,4,7,7,254,3746
5,1,7,7,254,3746
5,5,7,7,254,3746
4,0,7,7,254,3746
4,6,7,7,254,3746
3,0,7,7,254,3746
3,7,7,7,254,3746
2,8,7,7,254,3746
1,9,7,7,254,3746
9,3,7,7,254,3746
8,2,7,7,254,3746
8,4,7,7,254,3746
7,1,7,7,254,3746
7,5,7,7,254,3746
6,0,7,7,254,3746
6,6,7,7,254,3746
5,0,7,7,254,3746
5,7,7,7,254,3746
4,1,7,7,254,3746
4,8,7,7,254,3746
3,9,7,7,254,3746
2,9,7,7,254,3746
8,3,7,7,254,3746
9,2,7,7,254,3746
9,4,7,7,254,3746
9,1,7,7,254,3746
9,5,7,7,254,3746
8,0,7,7,254,3746
8,6,7,7,254,3746
7,0,7,7,254,3746
7,7,7,7,254,3746
6,1,7,7,254,3746
6,8,7,7,254,3746
5,2,7,7,254,3746
5,9,7,7,254,3746
4,9,7,7,254,3746
3,8,7,7,254,3746
0,4,7,7,255,3381
1,4,7,7,255,3381
0,3,7,7,255,3381
0,5,7,7,255,3381
2,4,7,7,255,3381
1,3,7,7,255,3381
1,5,7,7,255,3381
0,2,7,7,255,3381
0,6,7,7,255,3381
3,4,7,7,255,3381
2,3,7,7,255,3381
2,5,7,7,255,3381
1,2,7,7,255,3381
1,6,7,7,255,3381
0,1,7,7,255,3381
0,7,7,7,255,3381
4,4,7,7,255,3381
3,3,7,7,255,3381
3,5,7,7,255,3381
2,2,7,7,255,3381
2,6,7,7,255,3381
1,1,7,7,255,3381
1,7,7,7,255,3381
0,0,7,7,255,3381
0,8,7,7,255,3381
6,4,7,7,255,3381
5,3,7,7,255,3381
5,5,7,7,255,3381
4,2,7,7,255,3381
4,6,7,7,255,3381
3,1,7,7,255,3381
3,7,7,7,255,3381
2,0,7,7,255,3381
2,8,7,7,255,3381
1,0,7,7,255,3381
1,9,7,7,255,3381
8,4,7,7,255,3381
7,3,7,7,255,3381
7,5,7,7,255,3381
6,2,7,7,255,3381
6,6,7,7,255,3381
5,1,7,7,255,3381
5,7,7,7,255,3381
4,0,7,7,255,3381
4,8,7,7,255,3381
3,0,7,7,255,3381
3,9,7,7,255,3381
2,1,7,7,255,3381
2,9,7,7,255,3381
9,4,7,7,255,3381
9,3,7,7,255,3381
9,5,7,7,255,3381
8,2,7,7,255,3381
8,6,7,7,255,3381
7,1,7,7,255,3381
7,7,7,7,255,3381
6,0,7,7,255,3381
6,8,7,7,255,3381
5,0,7,7,255,3381
5,9,7,7,255,3381
4,1,7,7,255,3381
4,9,7,7,255,3381
3,2,7,7,255,3381
3,8,7,7,255,3381
0,5,7,7,256,2991
1,5,7,7,256,2991
0,4,7,7,256,2991
0,6,7,7,256,2991
2,5,7,7,256,2991
1,4,7,7,256,2991
1,6,7,7,256,2991
0,3,7,7,256,2991
0,7,7,7,256,2991
3,5,7,7,256,2991
2,4,7,7,256,2991
2,6,7,7,256,2991
1,3,7,7,256,2991
1,7,7,7,256,2991
0,2,7,7,256,2991
0,8,7,7,256,2991
5,5,7,7,256,2991
4,4,7,7,256,2991
4,6,7,7,256,2991
3,3,7,7,256,2991
3,7,7,7,256,2991
2,2,7,7,256,2991
2,8,7,7,256,2991
1,1,7,7,256,2991
1,9,7,7,256,2991
7,5,7,7,256,2991
6,4,7,7,256,2991
6,6,7,7,256,2991
5,3,7,7,256,2991
5,7,7,7,256,2991
4,2,7,7,256,2991
4,8,7,7,256,2991
3,1,7,7,256,2991
3,9,7,7,256,2991
2,0,7,7,256,2991
2,9,7,7,256,2991
9,5,7,7,256,2991
8,4,7,7,256,2991
8,6,7,7,256,2991
7,3,7,7,256,2991
7,7,7,7,256,2991
6,2,7,7,256,2991
6,8,7,7,256,2991
5,1,7,7,256,2991
5,9,7,7,256,2991
4,0,7,7,256,2991
4,9,7,7,256,2991
3,0,7,7,256,2991
3,8,7,7,256,2991
0,6,7,7,257,2571
1,6,7,7,257,2571
0,5,7,7,257,2571
0,7,7,7,257,2571
2,6,7,7,257,2571
1,5,7,7,257,2571
1,7,7,7,257,2571
0,4,7,7,257,2571
0,8,7,7,257,2571
4,6,7,7,257,2571
3,5,7,7,257,2571
3,7,7,7,257,2571
2,4,7,7,257,2571
2,8,7,7,257,2571
1,3,7,7,257,2571
1,9,7,7,257,2571
6,6,7,7,257,2571
5,5,7,7,257,2571
5,7,7,7,257,2571
4,4,7,7,257,2571
4,8,7,7,257,2571
3,3,7,7,257,2571
3,9,7,7,257,2571
2,2,7,7,257,2571
2,9,7,7,257,2571
8,6,7,7,257,2571
7,5,7,7,257,2571
7,7,7,7,257,2571
6,4,7,7,257,2571
6,8,7,7,257,2571
5,3,7,7,257,2571
5,9,7,7,257,2571
4,2,7,7,257,2571
4,9,7,7,257,2571
3,1,7,7,257,2571
3,8,7,7,257,2571
0,7,7,7,258,2122
1,7,7,7,258,2122
0,6,7,7,258,2122
0,8,7,7,258,2122
3,7,7,7,258,2122
2,6,7,7,258,2122
2,8,7,7,258,2122
1,5,7,7,258,2122
1,9,7,7,258,2122
5,7,7,7,258,2122
4,6,7,7,258,2122
4,8,7,7,258,2122
3,5,7,7,258,2122
3,9,7,7,258,2122
2,4,7,7,258,2122
2,9,7,7,258,2122
7,7,7,7,258,2122
6,6,7,7,258,2122
6,8,7,7,258,2122
5,5,7,7,258,2122
5,9,7,7,258,2122
4,4,7,7,258,2122
4,9,7,7,258,2122
3,3,7,7,258,2122
3,8,7,7,258,2122
0,4,7,7,259,3745
1,4,7,7,259,3745
0,3,7,7,259,3745
0,5,7,7,259,3745
2,4,7,7,259,3745
1,3,7,7,259,3745
1,5,7,7,259,3745
0,2,7,7,259,3745
0,6,7,7,259,3745
3,4,7,7,259,3745
2,3,7,7,259,3745
2,5,7,7,259,3745
1,2,7,7,259,3745
1,6,7,7,259,3745
0,1,7,7,259,3745
0,7,7,7,259,3745
4,4,7,7,259,3745
3,3,7,7,259,3745
3,5,7,7,259,3745
2,2,7,7,259,3745
2,6,7,7,259,3745
1,1,7,7,259,3745
1,7,7,7,259,3745
0,0,7,7,259,3745
0,8,7,7,259,3745
5,4,7,7,259,3745
4,3,7,7,259,3745
4,5,7,7,259,3745
3,2,7,7,259,3745
3,6,7,7,259,3745
2,1,7,7,259,3745
2,7,7,7,259,3745
1,0,7,7,259,3745
1,8,7,7,259,3745
0,9,7,7,259,3745
6,4,7,7,259,3745
5,3,7,7,259,3745
5,5,7,7,259,3745
4,2,7,7,259,3745
4,6,7,7,259,3745
3,1,7,7,259,3745
3,7,7,7,259,3745
2,0,7,7,259,3745
2,8,7,7,259,3745
1,9,7,7,259,3745
8,4,7,7,259,3745
7,3,7,7,259,3745
7,5,7,7,259,3745
6,2,7,7,259,3745
6,6,7,7,259,3745
5,1,7,7,259,3745
5,7,7,7,259,3745
4,0,7,7,259,3745
4,8,7,7,259,3745
3,0,7,7,259,3745
3,9,7,7,259,3745
2,9,7,7,259,3745
9,4,7,7,259,3745
9,3,7,7,259,3745
9,5,7,7,259,3745
8,2,7,7,259,3745
8,6,7,7,259,3745
7,1,7,7,259,3745
7,7,7,7,259,3745
6,0,7,7,259,3745
6,8,7,7,259,3745
5,0,7,7,259,3745
5,9,7,7,259,3745
4,1,7,7,259,3745
4,9,7,7,259,3745
3,8,7,7,259,3745
0,6,7,7,260,2986
1,6,7,7,260,2986
0,5,7,7,260,2986
0,7,7,7,260,2986
2,6,7,7,260,2986
1,5,7,7,260,2986
1,7,7,7,260,2986
0,4,7,7,260,2986
0,8,7,7,260,2986
3,6,7,7,260,2986
2,5,7,7,260,2986
2,7,7,7,260,2986
1,4,7,7,260,2986
1,8,7,7,260,2986
0,3,7,7,260,2986
0,9,7,7,260,2986
4,6,7,7,260,2986
3,5,7,7,260,2986
3,7,7,7,260,2986
2,4,7,7,260,2986
2,8,7,7,260,2986
1,3,7,7,260,2986
1,9,7,7,260,2986
0,2,7,7,260,2986
6,6,7,7,260,2986
5,5,7,7,260,2986
5,7,7,7,260,2986
4,4,7,7,260,2986
4,8,7,7,260,2986
3,3,7,7,260,2986
3,9,7,7,260,2986
2,2,7,7,260,2986
2,9,7,7,260,2986
1,1,7,7,260,2986
8,6,7,7,260,2986
7,5,7,7,260,2986
7,7,7,7,260,2986
6,4,7,7,260,2986
6,8,7,7,260,2986
5,3,7,7,260,2986
5,9,7,7,260,2986
4,2,7,7,260,2986
4,9,7,7,260,2986
3,1,7,7,260,2986
3,8,7,7,260,2986
2,0,7,7,260,2986
0,7,7,7,261,2565
1,7,7,7,261,2565
0,6,7,7,261,2565
0,8,7,7,261,2565
2,7,7,7,261,2565
1,6,7,7,261,2565
1,8,7,7,261,2565
0,5,7,7,261,2565
0,9,7,7,261,2565
3,7,7,7,261,2565
2,6,7,7,261,2565
2,8,7,7,261,2565
1,5,7,7,261,2565
1,9,7,7,261,2565
0,4,7,7,261,2565
5,7,7,7,261,2565
4,6,7,7,261,2565
4,8,7,7,261,2565
3,5,7,7,261,2565
3,9,7,7,261,2565
2,4,7,7,261,2565
2,9,7,7,261,2565
1,3,7,7,261,2565
7,7,7,7,261,2565
6,6,7,7,261,2565
6,8,7,7,261,2565
5,5,7,7,261,2565
5,9,7,7,261,2565
4,4,7,7,261,2565
4,9,7,7,261,2565
3,3,7,7,261,2565
3,8,7,7,261,2565
2,2,7,7,261,2565
0,8,5,7,262,2127
1,8,5,7,262,2127
0,7,5,7,262,2127
0,9,5,7,262,2127
2,8,5,7,262,2127
1,7,5,7,262,2127
1,9,5,7,262,2127
0,6,5,7,262,2127
4,8,5,7,262,2127
3,7,5,7,262,2127
3,9,5,7,262,2127
2,6,5,7,262,2127
2,9,5,7,262,2127
1,5,5,7,262,2127
6,8,5,7,262,2127
5,7,5,7,262,2127
5,9,5,7,262,2127
4,6,5,7,262,2127
4,9,5,7,262,2127
3,5,5,7,262,2127
3,8,5,7,262,2127
2,4,5,7,262,2127
2,7,5,7,262,2127
0,3,7,7,263,4403
1,3,7,7,263,4403
0,2,7,7,263,4403
0,4,7,7,263,4403
2,3,7,7,263,4403
1,2,7,7,263,4403
1,4,7,7,263,4403
0,1,7,7,263,4403
0,5,7,7,263,4403
3,3,7,7,263,4403
2,2,7,7,263,4403
2,4,7,7,263,4403
1,1,7,7,263,4403
1,5,7,7,263,4403
0,0,7,7,263,4403
0,6,7,7,263,4403
4,3,7,7,263,4403
3,2,7,7,263,4403
3,4,7,7,263,4403
2,1,7,7,263,4403
2,5,7,7,263,4403
1,0,7,7,263,4403
1,6,7,7,263,4403
0,7,7,7,263,4403
5,3,7,7,263,4403
4,2,7,7,263,4403
4,4,7,7,263,4403
3,1,7,7,263,4403
3,5,7,7,263,4403
2,0,7,7,263,4403
2,6,7,7,263,4403
1,7,7,7,263,4403
0,8,7,7,263,4403
6,3,7,7,263,4403
5,2,7,7,263,4403
5,4,7,7,263,4403
4,1,7,7,263,4403
4,5,7,7,263,4403
3,0,7,7,263,4403
3,6,7,7,263,4403
2,7,7,7,263,4403
1,8,7,7,263,4403
0,9,7,7,263,4403
7,3,7,7,263,4403
6,2,7,7,263,4403
6,4,7,7,263,4403
5,1,7,7,263,4403
5,5,7,7,263,4403
4,0,7,7,263,4403
4,6,7,7,263,4403
3,7,7,7,263,4403
2,8,7,7,263,4403
1,9,7,7,263,4403
8,3,7,7,263,4403
7,2,7,7,263,4403
7,4,7,7,263,4403
6,1,7,7,263,4403
6,5,7,7,263,4403
5,0,7,7,263,4403
5,6,7,7,263,4403
4,7,7,7,263,4403
3,8,7,7,263,4403
2,9,7,7,263,4403
9,3,7,7,263,4403
8,2,7,7,263,4403
8,4,7,7,263,4403
7,1,7,7,263,4403
7,5,7,7,263,4403
6,0,7,7,263,4403
6,6,7,7,263,4403
5,7,7,7,263,4403
4,8,7,7,263,4403
3,9,7,7,263,4403
9,2,7,7,263,4403
9,4,7,7,263,4403
9,1,7,7,263,4403
9,5,7,7,263,4403
8,0,7,7,263,4403
8,6,7,7,263,4403
7,0,7,7,263,4403
7,7,7,7,263,4403
6,8,7,7,263,4403
5,9,7,7,263,4403
4,9,7,7,263,4403
0,4,7,7,264,4084
1,4,7,7,264,4084
0,3,7,7,264,4084
0,5,7,7,264,4084
2,4,7,7,264,4084
1,3,7,7,264,4084
1,5,7,7,264,4084
0,2,7,7,264,4084
0,6,7,7,264,4084
3,4,7,7,264,4084
2,3,7,7,264,4084
2,5,7,7,264,4084
1,2,7,7,264,4084
1,6,7,7,264,4084
0,1,7,7,264,4084
0,7,7,7,264,4084
4,4,7,7,264,4084
3,3,7,7,264,4084
3,5,7,7,264,4084
2,2,7,7,264,4084
2,6,7,7,264,4084
1,1,7,7,264,4084
1,7,7,7,264,4084
0,0,7,7,264,4084
0,8,7,7,264,4084
5,4,7,7,264,4084
4,3,7,7,264,4084
4,5,7,7,264,4084
3,2,7,7,264,4084
3,6,7,7,264,4084
2,1,7,7,264,4084
2,7,7,7,264,4084
1,0,7,7,264,4084
1,8,7,7,264,4084
0,9,7,7,264,4084
6,4,7,7,264,4084
5,3,7,7,264,4084
5,5,7,7,264,4084
4,2,7,7,264,4084
4,6,7,7,264,4084
3,1,7,7,264,4084
3,7,7,7,264,4084
2,0,7,7,264,4084
2,8,7,7,264,4084
1,9,7,7,264,4084
7,4,7,7,264,4084
6,3,7,7,264,4084
6,5,7,7,264,4084
5,2,7,7,264,4084
5,6,7,7,264,4084
4,1,7,7,264,4084
4,7,7,7,264,4084
3,0,7,7,264,4084
3,8,7,7,264,4084
2,9,7,7,264,4084
8,4,7,7,264,4084
7,3,7,7,264,4084
7,5,7,7,264,4084
6,2,7,7,264,4084
6,6,7,7,264,4084
5,1,7,7,264,4084
5,7,7,7,264,4084
4,0,7,7,264,4084
4,8,7,7,264,4084
3,9,7,7,264,4084
9,4,7,7,264,4084
9,3,7,7,264,4084
9,5,7,7,264,4084
8,2,7,7,264,4084
8,6,7,7,264,4084
7,1,7,7,264,4084
7,7,7,7,264,4084
6,0,7,7,264,4084
6,8,7,7,264,4084
5,0,7,7,264,4084
5,9,7,7,264,4084
4,9,7,7,264,4084
0,5,5,7,265,3760
1,5,5,7,265,3760
0,4,5,7,265,3760
0,6,5,7,265,3760
2,5,5,7,265,3760
1,4,5,7,265,3760
1,6,5,7,265,3760
0,3,5,7,265,3760
0,7,5,7,265,3760
3,5,5,7,265,3760
2,4,5,7,265,3760
2,6,5,7,265,3760
1,3,5,7,265,3760
1,7,5,7,265,3760
0,2,5,7,265,3760
0,8,5,7,265,3760
4,5,5,7,265,3760
3,4,5,7,265,3760
3,6,5,7,265,3760
2,3,5,7,265,3760
2,7,5,7,265,3760
1,2,5,7,265,3760
1,8,5,7,265,3760
0,1,5,7,265,3760
0,9,5,7,265,3760
5,5,5,7,265,3760
4,4,5,7,265,3760
4,6,5,7,265,3760
3,3,5,7,265,3760
3,7,5,7,265,3760
2,2,5,7,265,3760
2,8,5,7,265,3760
1,1,5,7,265,3760
1,9,5,7,265,3760
0,0,5,7,265,3760
6,5,5,7,265,3760
5,4,5,7,265,3760
5,6,5,7,265,3760
4,3,5,7,265,3760
4,7,5,7,265,3760
3,2,5,7,265,3760
3,8,5,7,265,3760
2,1,5,7,265,3760
2,9,5,7,265,3760
1,0,5,7,265,3760
7,5,5,7,265,3760
6,4,5,7,265,3760
6,6,5,7,265,3760
5,3,5,7,265,3760
5,7,5,7,265,3760
4,2,5,7,265,3760
4,8,5,7,265,3760
3,1,5,7,265,3760
3,9,5,7,265,3760
2,0,5,7,265,3760
9,5,5,7,265,3760
8,4,5,7,265,3760
8,6,5,7,265,3760
7,3,5,7,265,3760
7,7,5,7,265,3760
6,2,5,7,265,3760
6,8,5,7,265,3760
5,1,5,7,265,3760
5,9,5,7,265,3760
4,0,5,7,265,3760
4,9,5,7,265,3760
3,0,5,7,265,3760
0,7,7,7,266,2979
1,7,7,7,266,2979
0,6,7,7,266,2979
0,8,7,7,266,2979
2,7,7,7,266,2979
1,6,7,7,266,2979
1,8,7,7,266,2979
0,5,7,7,266,2979
0,9,7,7,266,2979
3,7,7,7,266,2979
2,6,7,7,266,2979
2,8,7,7,266,2979
1,5,7,7,266,2979
1,9,7,7,266,2979
0,4,7,7,266,2979
4,7,7,7,266,2979
3,6,7,7,266,2979
3,8,7,7,266,2979
2,5,7,7,266,2979
2,9,7,7,266,2979
1,4,7,7,266,2979
0,3,7,7,266,2979
5,7,7,7,266,2979
4,6,7,7,266,2979
4,8,7,7,266,2979
3,5,7,7,266,2979
3,9,7,7,266,2979
2,4,7,7,266,2979
1,3,7,7,266,2979
0,2,7,7,266,2979
7,7,7,7,266,2979
6,6,7,7,266,2979
6,8,7,7,266,2979
5,5,7,7,266,2979
5,9,7,7,266,2979
4,4,7,7,266,2979
4,9,7,7,266,2979
3,3,7,7,266,2979
2,2,7,7,266,2979
1,1,7,7,266,2979
0,8,5,7,267,2571
1,8,5,7,267,2571
0,7,5,7,267,2571
0,9,5,7,267,2571
2,8,5,7,267,2571
1,7,5,7,267,2571
1,9,5,7,267,2571
0,6,5,7,267,2571
3,8,5,7,267,2571
2,7,5,7,267,2571
2,9,5,7,267,2571
1,6,5,7,267,2571
0,5,5,7,267,2571
4,8,5,7,267,2571
3,7,5,7,267,2571
3,9,5,7,267,2571
2,6,5,7,267,2571
1,5,5,7,267,2571
0,4,5,7,267,2571
6,8,5,7,267,2571
5,7,5,7,267,2571
5,9,5,7,267,2571
4,6,5,7,267,2571
4,9,5,7,267,2571
3,5,5,7,267,2571
2,4,5,7,267,2571
1,3,5,7,267,2571
0,5,7,7,268,4106
1,5,7,7,268,4106
0,4,7,7,268,4106
0,6,7,7,268,4106
2,5,7,7,268,4106
1,4,7,7,268,4106
1,6,7,7,268,4106
0,3,7,7,268,4106
0,7,7,7,268,4106
3,5,7,7,268,4106
2,4,7,7,268,4106
2,6,7,7,268,4106
1,3,7,7,268,4106
1,7,7,7,268,4106
0,2,7,7,268,4106
0,8,7,7,268,4106
4,5,7,7,268,4106
3,4,7,7,268,4106
3,6,7,7,268,4106
2,3,7,7,268,4106
2,7,7,7,268,4106
1,2,7,7,268,4106
1,8,7,7,268,4106
0,1,7,7,268,4106
0,9,7,7,268,4106
5,5,7,7,268,4106
4,4,7,7,268,4106
4,6,7,7,268,4106
3,3,7,7,268,4106
3,7,7,7,268,4106
2,2,7,7,268,4106
2,8,7,7,268,4106
1,1,7,7,268,4106
1,9,7,7,268,4106
0,0,7,7,268,4106
6,5,7,7,268,4106
5,4,7,7,268,4106
5,6,7,7,268,4106
4,3,7,7,268,4106
4,7,7,7,268,4106
3,2,7,7,268,4106
3,8,7,7,268,4106
2,1,7,7,268,4106
2,9,7,7,268,4106
1,0,7,7,268,4106
7,5,7,7,268,4106
6,4,7,7,268,4106
6,6,7,7,268,4106
5,3,7,7,268,4106
5,7,7,7,268,4106
4,2,7,7,268,4106
4,8,7,7,268,4106
3,1,7,7,268,4106
3,9,7,7,268,4106
2,0,7,7,268,4106
8,5,7,7,268,4106
7,4,7,7,268,4106
7,6,7,7,268,4106
6,3,7,7,268,4106
6,7,7,7,268,4106
5,2,7,7,268,4106
5,8,7,7,268,4106
4,1,7,7,268,4106
4,9,7,7,268,4106
3,0,7,7,268,4106
9,5,7,7,268,4106
8,4,7,7,268,4106
8,6,7,7,268,4106
7,3,7,7,268,4106
7,7,7,7,268,4106
6,2,7,7,268,4106
6,8,7,7,268,4106
5,1,7,7,268,4106
5,9,7,7,268,4106
4,0,7,7,268,4106
0,6,7,7,269,3753
1,6,7,7,269,3753
0,5,7,7,269,3753
0,7,7,7,269,3753
2,6,7,7,269,3753
1,5,7,7,269,3753
1,7,7,7,269,3753
0,4,7,7,269,3753
0,8,7,7,269,3753
3,6,7,7,269,3753
2,5,7,7,269,3753
2,7,7,7,269,3753
1,4,7,7,269,3753
1,8,7,7,269,3753
0,3,7,7,269,3753
0,9,7,7,269,3753
4,6,7,7,269,3753
3,5,7,7,269,3753
3,7,7,7,269,3753
2,4,7,7,269,3753
2,8,7,7,269,3753
1,3,7,7,269,3753
1,9,7,7,269,3753
0,2,7,7,269,3753
5,6,7,7,269,3753
4,5,7,7,269,3753
4,7,7,7,269,3753
3,4,7,7,269,3753
3,8,7,7,269,3753
2,3,7,7,269,3753
2,9,7,7,269,3753
1,2,7,7,269,3753
0,1,7,7,269,3753
6,6,7,7,269,3753
5,5,7,7,269,3753
5,7,7,7,269,3753
4,4,7,7,269,3753
4,8,7,7,269,3753
3,3,7,7,269,3753
3,9,7,7,269,3753
2,2,7,7,269,3753
1,1,7,7,269,3753
0,0,7,7,269,3753
7,6,7,7,269,3753
6,5,7,7,269,3753
6,7,7,7,269,3753
5,4,7,7,269,3753
5,8,7,7,269,3753
4,3,7,7,269,3753
4,9,7,7,269,3753
3,2,7,7,269,3753
2,1,7,7,269,3753
1,0,7,7,269,3753
8,6,7,7,269,3753
7,5,7,7,269,3753
7,7,7,7,269,3753
6,4,7,7,269,3753
6,8,7,7,269,3753
5,3,7,7,269,3753
5,9,7,7,269,3753
4,2,7,7,269,3753
3,1,7,7,269,3753
2,0,7,7,269,3753
0,7,7,7,270,3374
1,7,7,7,270,3374
0,6,7,7,270,3374
0,8,7,7,270,3374
2,7,7,7,270,3374
1,6,7,7,270,3374
1,8,7,7,270,3374
0,5,7,7,270,3374
0,9,7,7,270,3374
3,7,7,7,270,3374
2,6,7,7,270,3374
2,8,7,7,270,3374
1,5,7,7,270,3374
1,9,7,7,270,3374
0,4,7,7,270,3374
4,7,7,7,270,3374
3,6,7,7,270,3374
3,8,7,7,270,3374
2,5,7,7,270,3374
2,9,7,7,270,3374
1,4,7,7,270,3374
0,3,7,7,270,3374
5,7,7,7,270,3374
4,6,7,7,270,3374
4,8,7,7,270,3374
3,5,7,7,270,3374
3,9,7,7,270,3374
2,4,7,7,270,3374
1,3,7,7,270,3374
0,2,7,7,270,3374
6,7,7,7,270,3374
5,6,7,7,270,3374
5,8,7,7,270,3374
4,5,7,7,270,3374
4,9,7,7,270,3374
3,4,7,7,270,3374
2,3,7,7,270,3374
1,2,7,7,270,3374
0,1,7,7,270,3374
7,7,7,7,270,3374
6,6,7,7,270,3374
6,8,7,7,270,3374
5,5,7,7,270,3374
5,9,7,7,270,3374
4,4,7,7,270,3374
3,3,7,7,270,3374
2,2,7,7,270,3374
1,1,7,7,270,3374
0,0,7,7,270,3374
6,2,8,0,271,1651
8,2,8,0,271,1651
7,1,8,0,271,1651
7,3,8,0,271,1651
9,2,8,0,271,1651
9,1,8,0,271,1651
9,3,8,0,271,1651
8,0,8,0,271,1651
8,4,8,0,271,1651
7,2,8,0,271,1651
8,1,8,0,271,1651
8,3,8,0,271,1651
9,0,8,0,271,1651
9,4,8,0,271,1651
9,5,8,0,271,1651
7,3,9,1,232,1136
9,3,9,1,232,1136
8,2,9,1,232,1136
8,4,9,1,232,1136
8,3,9,1,232,1136
9,2,9,1,232,1136
9,4,9,1,232,1136
9,1,9,1,232,1136
9,5,9,1,232,1136
6,4,6,4,272,1136
8,4,6,4,272,1136
7,3,6,4,272,1136
7,5,6,4,272,1136
9,4,6,4,272,1136
9,3,6,4,272,1136
9,5,6,4,272,1136
8,2,6,4,272,1136
8,6,6,4,272,1136
4,4,5,5,273,1650
6,4,5,5,273,1650
5,3,5,5,273,1650
5,5,5,5,273,1650
8,4,5,5,273,1650
7,3,5,5,273,1650
7,5,5,5,273,1650
6,2,5,5,273,1650
6,6,5,5,273,1650
9,4,5,5,273,1650
9,3,5,5,273,1650
9,5,5,5,273,1650
8,2,5,5,273,1650
8,6,5,5,273,1650
7,1,5,5,273,1650
7,7,5,5,273,1650
3,5,5,7,206,1650
5,5,5,7,206,1650
4,4,5,7,206,1650
4,6,5,7,206,1650
7,5,5,7,206,1650
6,4,5,7,206,1650
6,6,5,7,206,1650
5,3,5,7,206,1650
5,7,5,7,206,1650
9,5,5,7,206,1650
8,4,5,7,206,1650
8,6,5,7,206,1650
7,3,5,7,206,1650
7,7,5,7,206,1650
6,2,5,7,206,1650
6,8,5,7,206,1650
4,6,7,7,58,1138
6,6,7,7,58,1138
5,5,7,7,58,1138
5,7,7,7,58,1138
8,6,7,7,58,1138
7,5,7,7,58,1138
7,7,7,7,58,1138
6,4,7,7,58,1138
6,8,7,7,58,1138
2,6,7,7,178,1650
4,6,7,7,178,1650
3,5,7,7,178,1650
3,7,7,7,178,1650
6,6,7,7,178,1650
5,5,7,7,178,1650
5,7,7,7,178,1650
4,4,7,7,178,1650
4,8,7,7,178,1650
8,6,7,7,178,1650
7,5,7,7,178,1650
7,7,7,7,178,1650
6,4,7,7,178,1650
6,8,7,7,178,1650
5,3,7,7,178,1650
5,9,7,7,178,1650
3,7,7,7,111,1136
5,7,7,7,111,1136
4,6,7,7,111,1136
4,8,7,7,111,1136
7,7,7,7,111,1136
6,6,7,7,111,1136
6,8,7,7,111,1136
5,5,7,7,111,1136
5,9,7,7,111,1136
1,7,7,7,218,1646
3,7,7,7,218,1646
2,6,7,7,218,1646
2,8,7,7,218,1646
5,7,7,7,218,1646
4,6,7,7,218,1646
4,8,7,7,218,1646
3,5,7,7,218,1646
3,9,7,7,218,1646
7,7,7,7,218,1646
6,6,7,7,218,1646
6,8,7,7,218,1646
5,5,7,7,218,1646
5,9,7,7,218,1646
4,4,7,7,218,1646
4,9,7,7,218,1646
2,8,5,7,182,1138
4,8,5,7,182,1138
3,7,5,7,182,1138
3,9,5,7,182,1138
6,8,5,7,182,1138
5,7,5,7,182,1138
5,9,5,7,182,1138
4,6,5,7,182,1138
4,9,5,7,182,1138
6,6,7,7,19,588
8,6,7,7,19,588
7,5,7,7,19,588
7,7,7,7,19,588
5,7,7,7,30,588
7,7,7,7,30,588
6,6,7,7,30,588
6,8,7,7,30,588
4,8,5,7,7,588
6,8,5,7,7,588
5,7,5,7,7,588
5,9,5,7,7,588
9,5,9,5,0,0
8,6,8,6,0,0
7,7,7,7,0,0
6,8,6,8,0,0
5,9,5,9,0,0
0,0,7,8,274,4404
1,0,7,8,274,4404
0,1,7,8,274,4404
2,0,7,8,274,4404
1,1,7,8,274,4404
0,2,7,8,274,4404
3,0,7,8,274,4404
2,1,7,8,274,4404
1,2,7,8,274,4404
0,3,7,8,274,4404
4,0,7,8,274,4404
3,1,7,8,274,4404
2,2,7,8,274,4404
1,3,7,8,274,4404
0,4,7,8,274,4404
5,0,7,8,274,4404
4,1,7,8,274,4404
3,2,7,8,274,4404
2,3,7,8,274,4404
1,4,7,8,274,4404
0,5,7,8,274,4404
7,0,7,8,274,4404
6,0,7,8,274,4404
6,1,7,8,274,4404
5,1,7,8,274,4404
5,2,7,8,274,4404
4,2,7,8,274,4404
4,3,7,8,274,4404
3,3,7,8,274,4404
3,4,7,8,274,4404
2,4,7,8,274,4404
2,5,7,8,274,4404
1,5,7,8,274,4404
1,6,7,8,274,4404
9,0,7,8,274,4404
8,0,7,8,274,4404
8,1,7,8,274,4404
7,1,7,8,274,4404
7,2,7,8,274,4404
6,2,7,8,274,4404
6,3,7,8,274,4404
5,3,7,8,274,4404
5,4,7,8,274,4404
4,4,7,8,274,4404
4,5,7,8,274,4404
3,5,7,8,274,4404
3,6,7,8,274,4404
2,6,7,8,274,4404
2,7,7,8,274,4404
9,1,7,8,274,4404
9,2,7,8,274,4404
8,2,7,8,274,4404
8,3,7,8,274,4404
7,3,7,8,274,4404
7,4,7,8,274,4404
6,4,7,8,274,4404
6,5,7,8,274,4404
5,5,7,8,274,4404
5,6,7,8,274,4404
4,6,7,8,274,4404
4,7,7,8,274,4404
3,7,7,8,274,4404
3,8,7,8,274,4404
9,3,7,8,274,4404
9,4,7,8,274,4404
8,4,7,8,274,4404
8,5,7,8,274,4404
7,5,7,8,274,4404
7,6,7,8,274,4404
6,6,7,8,274,4404
6,7,7,8,274,4404
5,7,7,8,274,4404
5,8,7,8,274,4404
4,8,7,8,274,4404
4,9,7,8,274,4404
9,5,7,8,274,4404
9,6,7,8,274,4404
8,6,7,8,274,4404
8,7,7,8,274,4404
7,7,7,8,274,4404
7,8,7,8,274,4404
6,8,7,8,274,4404
6,9,7,8,274,4404
5,9,7,8,274,4404
0,0,6,7,275,4098
1,0,6,7,275,4098
0,1,6,7,275,4098
2,0,6,7,275,4098
1,1,6,7,275,4098
0,2,6,7,275,4098
3,0,6,7,275,4098
2,1,6,7,275,4098
1,2,6,7,275,4098
0,3,6,7,275,4098
5,0,6,7,275,4098
4,0,6,7,275,4098
4,1,6,7,275,4098
3,1,6,7,275,4098
3,2,6,7,275,4098
2,2,6,7,275,4098
2,3,6,7,275,4098
1,3,6,7,275,4098
1,4,6,7,275,4098
7,0,6,7,275,4098
6,0,6,7,275,4098
6,1,6,7,275,4098
5,1,6,7,275,4098
5,2,6,7,275,4098
4,2,6,7,275,4098
4,3,6,7,275,4098
3,3,6,7,275,4098
3,4,6,7,275,4098
2,4,6,7,275,4098
2,5,6,7,275,4098
9,0,6,7,275,4098
8,0,6,7,275,4098
8,1,6,7,275,4098
7,1,6,7,275,4098
7,2,6,7,275,4098
6,2,6,7,275,4098
6,3,6,7,275,4098
5,3,6,7,275,4098
5,4,6,7,275,4098
4,4,6,7,275,4098
4,5,6,7,275,4098
3,5,6,7,275,4098
3,6,6,7,275,4098
9,1,6,7,275,4098
9,2,6,7,275,4098
8,2,6,7,275,4098
8,3,6,7,275,4098
7,3,6,7,275,4098
7,4,6,7,275,4098
6,4,6,7,275,4098
6,5,6,7,275,4098
5,5,6,7,275,4098
5,6,6,7,275,4098
4,6,6,7,275,4098
4,7,6,7,275,4098
9,3,6,7,275,4098
9,4,6,7,275,4098
8,4,6,7,275,4098
8,5,6,7,275,4098
7,5,6,7,275,4098
7,6,6,7,275,4098
6,6,6,7,275,4098
6,7,6,7,275,4098
5,7,6,7,275,4098
5,8,6,7,275,4098
9,5,6,7,275,4098
9,6,6,7,275,4098
8,6,6,7,275,4098
8,7,6,7,275,4098
7,7,6,7,275,4098
7,8,6,7,275,4098
6,8,6,7,275,4098
6,9,6,7,275,4098
0,0,5,6,276,3765
1,0,5,6,276,3765
0,1,5,6,276,3765
3,0,5,6,276,3765
2,0,5,6,276,3765
2,1,5,6,276,3765
1,1,5,6,276,3765
1,2,5,6,276,3765
5,0,5,6,276,3765
4,0,5,6,276,3765
4,1,5,6,276,3765
3,1,5,6,276,3765
3,2,5,6,276,3765
2,2,5,6,276,3765
2,3,5,6,276,3765
7,0,5,6,276,3765
6,0,5,6,276,3765
6,1,5,6,276,3765
5,1,5,6,276,3765
5,2,5,6,276,3765
4,2,5,6,276,3765
4,3,5,6,276,3765
3,3,5,6,276,3765
3,4,5,6,276,3765
9,0,5,6,276,3765
8,0,5,6,276,3765
8,1,5,6,276,3765
7,1,5,6,276,3765
7,2,5,6,276,3765
6,2,5,6,276,3765
6,3,5,6,276,3765
5,3,5,6,276,3765
5,4,5,6,276,3765
4,4,5,6,276,3765
4,5,5,6,276,3765
9,1,5,6,276,3765
9,2,5,6,276,3765
8,2,5,6,276,3765
8,3,5,6,276,3765
7,3,5,6,276,3765
7,4,5,6,276,3765
6,4,5,6,276,3765
6,5,5,6,276,3765
5,5,5,6,276,3765
5,6,5,6,276,3765
9,3,5,6,276,3765
9,4,5,6,276,3765
8,4,5,6,276,3765
8,5,5,6,276,3765
7,5,5,6,276,3765
7,6,5,6,276,3765
6,6,5,6,276,3765
6,7,5,6,276,3765
9,5,5,6,276,3765
9,6,5,6,276,3765
8,6,5,6,276,3765
8,7,5,6,276,3765
7,7,5,6,276,3765
7,8,5,6,276,3765
1,0,5,4,277,3404
3,0,5,4,277,3404
2,0,5,4,277,3404
2,1,5,4,277,3404
5,0,5,4,277,3404
4,0,5,4,277,3404
4,1,5,4,277,3404
3,1,5,4,277,3404
3,2,5,4,277,3404
7,0,5,4,277,3404
6,0,5,4,277,3404
6,1,5,4,277,3404
5,1,5,4,277,3404
5,2,5,4,277,3404
4,2,5,4,277,3404
4,3,5,4,277,3404
9,0,5,4,277,3404
8,0,5,4,277,3404
8,1,5,4,277,3404
7,1,5,4,277,3404
7,2,5,4,277,3404
6,2,5,4,277,3404
6,3,5,4,277,3404
5,3,5,4,277,3404
5,4,5,4,277,3404
9,1,5,4,277,3404
9,2,5,4,277,3404
8,2,5,4,277,3404
8,3,5,4,277,3404
7,3,5,4,277,3404
7,4,5,4,277,3404
6,4,5,4,277,3404
6,5,5,4,277,3404
9,3,5,4,277,3404
9,4,5,4,277,3404
8,4,5,4,277,3404
8,5,5,4,277,3404
7,5,5,4,277,3404
7,6,5,4,277,3404
9,5,5,4,277,3404
9,6,5,4,277,3404
8,6,5,4,277,3404
8,7,5,4,277,3404
3,0,5,2,278,3003
5,0,5,2,278,3003
4,0,5,2,278,3003
4,1,5,2,278,3003
7,0,5,2,278,3003
6,0,5,2,278,3003
6,1,5,2,278,3003
5,1,5,2,278,3003
5,2,5,2,278,3003
9,0,5,2,278,3003
8,0,5,2,278,3003
8,1,5,2,278,3003
7,1,5,2,278,3003
7,2,5,2,278,3003
6,2,5,2,278,3003
6,3,5,2,278,3003
9,1,5,2,278,3003
9,2,5,2,278,3003
8,2,5,2,278,3003
8,3,5,2,278,3003
7,3,5,2,278,3003
7,4,5,2,278,3003
9,3,5,2,278,3003
9,4,5,2,278,3003
8,4,5,2,278,3003
8,5,5,2,278,3003
9,5,5,2,278,3003
9,6,5,2,278,3003
4,1,5,0,279,2576
6,1,5,0,279,2576
5,0,5,0,279,2576
5,2,5,0,279,2576
8,1,5,0,279,2576
7,0,5,0,279,2576
7,2,5,0,279,2576
6,0,5,0,279,2576
6,3,5,0,279,2576
9,1,5,0,279,2576
9,0,5,0,279,2576
9,2,5,0,279,2576
8,0,5,0,279,2576
8,3,5,0,279,2576
7,1,5,0,279,2576
7,4,5,0,279,2576
8,2,5,0,279,2576
9,3,5,0,279,2576
9,4,5,0,279,2576
8,5,5,0,279,2576
5,1,5,0,279,2576
6,2,5,0,279,2576
7,3,5,0,279,2576
8,4,5,0,279,2576
9,5,5,0,279,2576
9,6,5,0,279,2576
2,1,5,2,280,3003
4,1,5,2,280,3003
3,0,5,2,280,3003
3,2,5,2,280,3003
6,1,5,2,280,3003
5,0,5,2,280,3003
5,2,5,2,280,3003
4,0,5,2,280,3003
4,3,5,2,280,3003
8,1,5,2,280,3003
7,0,5,2,280,3003
7,2,5,2,280,3003
6,0,5,2,280,3003
6,3,5,2,280,3003
5,1,5,2,280,3003
5,4,5,2,280,3003
9,1,5,2,280,3003
9,0,5,2,280,3003
9,2,5,2,280,3003
8,0,5,2,280,3003
8,3,5,2,280,3003
7,1,5,2,280,3003
7,4,5,2,280,3003
6,2,5,2,280,3003
6,5,5,2,280,3003
8,2,5,2,280,3003
9,3,5,2,280,3003
9,4,5,2,280,3003
8,5,5,2,280,3003
7,3,5,2,280,3003
7,6,5,2,280,3003
8,4,5,2,280,3003
9,5,5,2,280,3003
9,6,5,2,280,3003
8,7,5,2,280,3003
0,1,5,6,281,3379
2,1,5,6,281,3379
1,0,5,6,281,3379
1,2,5,6,281,3379
4,1,5,6,281,3379
3,0,5,6,281,3379
3,2,5,6,281,3379
2,0,5,6,281,3379
2,3,5,6,281,3379
6,1,5,6,281,3379
5,0,5,6,281,3379
5,2,5,6,281,3379
4,0,5,6,281,3379
4,3,5,6,281,3379
3,1,5,6,281,3379
3,4,5,6,281,3379
8,1,5,6,281,3379
7,0,5,6,281,3379
7,2,5,6,281,3379
6,0,5,6,281,3379
6,3,5,6,281,3379
5,1,5,6,281,3379
5,4,5,6,281,3379
4,2,5,6,281,3379
4,5,5,6,281,3379
9,1,5,6,281,3379
9,0,5,6,281,3379
9,2,5,6,281,3379
8,0,5,6,281,3379
8,3,5,6,281,3379
7,1,5,6,281,3379
7,4,5,6,281,3379
6,2,5,6,281,3379
6,5,5,6,281,3379
5,3,5,6,281,3379
5,6,5,6,281,3379
8,2,5,6,281,3379
9,3,5,6,281,3379
9,4,5,6,281,3379
8,5,5,6,281,3379
7,3,5,6,281,3379
7,6,5,6,281,3379
6,4,5,6,281,3379
6,7,5,6,281,3379
8,4,5,6,281,3379
9,5,5,6,281,3379
9,6,5,6,281,3379
8,7,5,6,281,3379
7,5,5,6,281,3379
7,8,5,6,281,3379
0,1,6,7,282,3741
1,1,6,7,282,3741
0,0,6,7,282,3741
0,2,6,7,282,3741
2,1,6,7,282,3741
1,0,6,7,282,3741
1,2,6,7,282,3741
0,3,6,7,282,3741
4,1,6,7,282,3741
3,0,6,7,282,3741
3,2,6,7,282,3741
2,0,6,7,282,3741
2,3,6,7,282,3741
1,4,6,7,282,3741
6,1,6,7,282,3741
5,0,6,7,282,3741
5,2,6,7,282,3741
4,0,6,7,282,3741
4,3,6,7,282,3741
3,1,6,7,282,3741
3,4,6,7,282,3741
2,2,6,7,282,3741
2,5,6,7,282,3741
8,1,6,7,282,3741
7,0,6,7,282,3741
7,2,6,7,282,3741
6,0,6,7,282,3741
6,3,6,7,282,3741
5,1,6,7,282,3741
5,4,6,7,282,3741
4,2,6,7,282,3741
4,5,6,7,282,3741
3,3,6,7,282,3741
3,6,6,7,282,3741
9,1,6,7,282,3741
9,0,6,7,282,3741
9,2,6,7,282,3741
8,0,6,7,282,3741
8,3,6,7,282,3741
7,1,6,7,282,3741
7,4,6,7,282,3741
6,2,6,7,282,3741
6,5,6,7,282,3741
5,3,6,7,282,3741
5,6,6,7,282,3741
4,4,6,7,282,3741
4,7,6,7,282,3741
8,2,6,7,282,3741
9,3,6,7,282,3741
9,4,6,7,282,3741
8,5,6,7,282,3741
7,3,6,7,282,3741
7,6,6,7,282,3741
6,4,6,7,282,3741
6,7,6,7,282,3741
5,5,6,7,282,3741
5,8,6,7,282,3741
8,4,6,7,282,3741
9,5,6,7,282,3741
9,6,6,7,282,3741
8,7,6,7,282,3741
7,5,6,7,282,3741
7,8,6,7,282,3741
6,6,6,7,282,3741
6,9,6,7,282,3741
0,2,6,7,283,3379
1,2,6,7,283,3379
0,1,6,7,283,3379
0,3,6,7,283,3379
3,2,6,7,283,3379
2,1,6,7,283,3379
2,3,6,7,283,3379
1,0,6,7,283,3379
1,4,6,7,283,3379
5,2,6,7,283,3379
4,1,6,7,283,3379
4,3,6,7,283,3379
3,0,6,7,283,3379
3,4,6,7,283,3379
2,0,6,7,283,3379
2,5,6,7,283,3379
7,2,6,7,283,3379
6,1,6,7,283,3379
6,3,6,7,283,3379
5,0,6,7,283,3379
5,4,6,7,283,3379
4,0,6,7,283,3379
4,5,6,7,283,3379
3,1,6,7,283,3379
3,6,6,7,283,3379
9,2,6,7,283,3379
8,1,6,7,283,3379
8,3,6,7,283,3379
7,0,6,7,283,3379
7,4,6,7,283,3379
6,0,6,7,283,3379
6,5,6,7,283,3379
5,1,6,7,283,3379
5,6,6,7,283,3379
4,2,6,7,283,3379
4,7,6,7,283,3379
8,2,6,7,283,3379
9,1,6,7,283,3379
9,3,6,7,283,3379
9,0,6,7,283,3379
9,4,6,7,283,3379
8,0,6,7,283,3379
8,5,6,7,283,3379
7,1,6,7,283,3379
7,6,6,7,283,3379
6,2,6,7,283,3379
6,7,6,7,283,3379
5,3,6,7,283,3379
5,8,6,7,283,3379
7,3,6,7,283,3379
8,4,6,7,283,3379
9,5,6,7,283,3379
9,6,6,7,283,3379
8,7,6,7,283,3379
7,8,6,7,283,3379
6,4,6,7,283,3379
6,9,6,7,283,3379
1,4,6,7,284,2574
3,4,6,7,284,2574
2,3,6,7,284,2574
2,5,6,7,284,2574
5,4,6,7,284,2574
4,3,6,7,284,2574
4,5,6,7,284,2574
3,2,6,7,284,2574
3,6,6,7,284,2574
7,4,6,7,284,2574
6,3,6,7,284,2574
6,5,6,7,284,2574
5,2,6,7,284,2574
5,6,6,7,284,2574
4,1,6,7,284,2574
4,7,6,7,284,2574
9,4,6,7,284,2574
8,3,6,7,284,2574
8,5,6,7,284,2574
7,2,6,7,284,2574
7,6,6,7,284,2574
6,1,6,7,284,2574
6,7,6,7,284,2574
5,0,6,7,284,2574
5,8,6,7,284,2574
8,4,6,7,284,2574
9,3,6,7,284,2574
9,5,6,7,284,2574
9,2,6,7,284,2574
9,6,6,7,284,2574
8,1,6,7,284,2574
8,7,6,7,284,2574
7,0,6,7,284,2574
7,8,6,7,284,2574
6,0,6,7,284,2574
6,9,6,7,284,2574
0,1,7,8,285,4079
1,1,7,8,285,4079
0,0,7,8,285,4079
0,2,7,8,285,4079
2,1,7,8,285,4079
1,0,7,8,285,4079
1,2,7,8,285,4079
0,3,7,8,285,4079
3,1,7,8,285,4079
2,0,7,8,285,4079
2,2,7,8,285,4079
1,3,7,8,285,4079
0,4,7,8,285,4079
4,1,7,8,285,4079
3,0,7,8,285,4079
3,2,7,8,285,4079
2,3,7,8,285,4079
1,4,7,8,285,4079
0,5,7,8,285,4079
6,1,7,8,285,4079
5,0,7,8,285,4079
5,2,7,8,285,4079
4,0,7,8,285,4079
4,3,7,8,285,4079
3,4,7,8,285,4079
2,5,7,8,285,4079
1,6,7,8,285,4079
8,1,7,8,285,4079
7,0,7,8,285,4079
7,2,7,8,285,4079
6,0,7,8,285,4079
6,3,7,8,285,4079
5,1,7,8,285,4079
5,4,7,8,285,4079
4,2,7,8,285,4079
4,5,7,8,285,4079
3,3,7,8,285,4079
3,6,7,8,285,4079
2,4,7,8,285,4079
2,7,7,8,285,4079
9,1,7,8,285,4079
9,0,7,8,285,4079
9,2,7,8,285,4079
8,0,7,8,285,4079
8,3,7,8,285,4079
7,1,7,8,285,4079
7,4,7,8,285,4079
6,2,7,8,285,4079
6,5,7,8,285,4079
5,3,7,8,285,4079
5,6,7,8,285,4079
4,4,7,8,285,4079
4,7,7,8,285,4079
3,5,7,8,285,4079
3,8,7,8,285,4079
8,2,7,8,285,4079
9,3,7,8,285,4079
9,4,7,8,285,4079
8,5,7,8,285,4079
7,3,7,8,285,4079
7,6,7,8,285,4079
6,4,7,8,285,4079
6,7,7,8,285,4079
5,5,7,8,285,4079
5,8,7,8,285,4079
4,6,7,8,285,4079
4,9,7,8,285,4079
8,4,7,8,285,4079
9,5,7,8,285,4079
9,6,7,8,285,4079
8,7,7,8,285,4079
7,5,7,8,285,4079
7,8,7,8,285,4079
6,6,7,8,285,4079
6,9,7,8,285,4079
5,7,7,8,285,4079
5,9,7,8,285,4079
0,2,7,8,286,3741
1,2,7,8,286,3741
0,1,7,8,286,3741
0,3,7,8,286,3741
2,2,7,8,286,3741
1,1,7,8,286,3741
1,3,7,8,286,3741
0,0,7,8,286,3741
0,4,7,8,286,3741
3,2,7,8,286,3741
2,1,7,8,286,3741
2,3,7,8,286,3741
1,0,7,8,286,3741
1,4,7,8,286,3741
0,5,7,8,286,3741
5,2,7,8,286,3741
4,1,7,8,286,3741
4,3,7,8,286,3741
3,0,7,8,286,3741
3,4,7,8,286,3741
2,0,7,8,286,3741
2,5,7,8,286,3741
1,6,7,8,286,3741
7,2,7,8,286,3741
6,1,7,8,286,3741
6,3,7,8,286,3741
5,0,7,8,286,3741
5,4,7,8,286,3741
4,0,7,8,286,3741
4,5,7,8,286,3741
3,1,7,8,286,3741
3,6,7,8,286,3741
2,7,7,8,286,3741
9,2,7,8,286,3741
8,1,7,8,286,3741
8,3,7,8,286,3741
7,0,7,8,286,3741
7,4,7,8,286,3741
6,0,7,8,286,3741
6,5,7,8,286,3741
5,1,7,8,286,3741
5,6,7,8,286,3741
4,2,7,8,286,3741
4,7,7,8,286,3741
3,3,7,8,286,3741
3,8,7,8,286,3741
8,2,7,8,286,3741
9,1,7,8,286,3741
9,3,7,8,286,3741
9,0,7,8,286,3741
9,4,7,8,286,3741
8,0,7,8,286,3741
8,5,7,8,286,3741
7,1,7,8,286,3741
7,6,7,8,286,3741
6,2,7,8,286,3741
6,7,7,8,286,3741
5,3,7,8,286,3741
5,8,7,8,286,3741
4,4,7,8,286,3741
4,9,7,8,286,3741
7,3,7,8,286,3741
8,4,7,8,286,3741
9,5,7,8,286,3741
9,6,7,8,286,3741
8,7,7,8,286,3741
7,8,7,8,286,3741
6,4,7,8,286,3741
6,9,7,8,286,3741
5,5,7,8,286,3741
5,9,7,8,286,3741
0,3,7,8,287,3379
1,3,7,8,287,3379
0,2,7,8,287,3379
0,4,7,8,287,3379
2,3,7,8,287,3379
1,2,7,8,287,3379
1,4,7,8,287,3379
0,1,7,8,287,3379
0,5,7,8,287,3379
4,3,7,8,287,3379
3,2,7,8,287,3379
3,4,7,8,287,3379
2,1,7,8,287,3379
2,5,7,8,287,3379
1,0,7,8,287,3379
1,6,7,8,287,3379
6,3,7,8,287,3379
5,2,7,8,287,3379
5,4,7,8,287,3379
4,1,7,8,287,3379
4,5,7,8,287,3379
3,0,7,8,287,3379
3,6,7,8,287,3379
2,0,7,8,287,3379
2,7,7,8,287,3379
8,3,7,8,287,3379
7,2,7,8,287,3379
7,4,7,8,287,3379
6,1,7,8,287,3379
6,5,7,8,287,3379
5,0,7,8,287,3379
5,6,7,8,287,3379
4,0,7,8,287,3379
4,7,7,8,287,3379
3,1,7,8,287,3379
3,8,7,8,287,3379
9,3,7,8,287,3379
9,2,7,8,287,3379
9,4,7,8,287,3379
8,1,7,8,287,3379
8,5,7,8,287,3379
7,0,7,8,287,3379
7,6,7,8,287,3379
6,0,7,8,287,3379
6,7,7,8,287,3379
5,1,7,8,287,3379
5,8,7,8,287,3379
4,2,7,8,287,3379
4,9,7,8,287,3379
7,3,7,8,287,3379
8,2,7,8,287,3379
8,4,7,8,287,3379
9,1,7,8,287,3379
9,5,7,8,287,3379
9,0,7,8,287,3379
9,6,7,8,287,3379
8,0,7,8,287,3379
8,7,7,8,287,3379
7,1,7,8,287,3379
7,8,7,8,287,3379
6,2,7,8,287,3379
6,9,7,8,287,3379
5,3,7,8,287,3379
5,9,7,8,287,3379
0,4,7,8,288,2991
1,4,7,8,288,2991
0,3,7,8,288,2991
0,5,7,8,288,2991
3,4,7,8,288,2991
2,3,7,8,288,2991
2,5,7,8,288,2991
1,2,7,8,288,2991
1,6,7,8,288,2991
5,4,7,8,288,2991
4,3,7,8,288,2991
4,5,7,8,288,2991
3,2,7,8,288,2991
3,6,7,8,288,2991
2,1,7,8,288,2991
2,7,7,8,288,2991
7,4,7,8,288,2991
6,3,7,8,288,2991
6,5,7,8,288,2991
5,2,7,8,288,2991
5,6,7,8,288,2991
4,1,7,8,288,2991
4,7,7,8,288,2991
3,0,7,8,288,2991
3,8,7,8,288,2991
9,4,7,8,288,2991
8,3,7,8,288,2991
8,5,7,8,288,2991
7,2,7,8,288,2991
7,6,7,8,288,2991
6,1,7,8,288,2991
6,7,7,8,288,2991
5,0,7,8,288,2991
5,8,7,8,288,2991
4,0,7,8,288,2991
4,9,7,8,288,2991
8,4,7,8,288,2991
9,3,7,8,288,2991
9,5,7,8,288,2991
9,2,7,8,288,2991
9,6,7,8,288,2991
8,1,7,8,288,2991
8,7,7,8,288,2991
7,0,7,8,288,2991
7,8,7,8,288,2991
6,0,7,8,288,2991
6,9,7,8,288,2991
5,1,7,8,288,2991
5,9,7,8,288,2991
0,5,7,8,289,2574
2,5,7,8,289,2574
1,4,7,8,289,2574
1,6,7,8,289,2574
4,5,7,8,289,2574
3,4,7,8,289,2574
3,6,7,8,289,2574
2,3,7,8,289,2574
2,7,7,8,289,2574
6,5,7,8,289,2574
5,4,7,8,289,2574
5,6,7,8,289,2574
4,3,7,8,289,2574
4,7,7,8,289,2574
3,2,7,8,289,2574
3,8,7,8,289,2574
8,5,7,8,289,2574
7,4,7,8,289,2574
7,6,7,8,289,2574
6,3,7,8,289,2574
6,7,7,8,289,2574
5,2,7,8,289,2574
5,8,7,8,289,2574
4,1,7,8,289,2574
4,9,7,8,289,2574
9,5,7,8,289,2574
9,4,7,8,289,2574
9,6,7,8,289,2574
8,3,7,8,289,2574
8,7,7,8,289,2574
7,2,7,8,289,2574
7,8,7,8,289,2574
6,1,7,8,289,2574
6,9,7,8,289,2574
5,0,7,8,289,2574
5,9,7,8,289,2574
0,2,7,8,290,4084
1,2,7,8,290,4084
0,1,7,8,290,4084
0,3,7,8,290,4084
2,2,7,8,290,4084
1,1,7,8,290,4084
1,3,7,8,290,4084
0,0,7,8,290,4084
0,4,7,8,290,4084
3,2,7,8,290,4084
2,1,7,8,290,4084
2,3,7,8,290,4084
1,0,7,8,290,4084
1,4,7,8,290,4084
0,5,7,8,290,4084
4,2,7,8,290,4084
3,1,7,8,290,4084
3,3,7,8,290,4084
2,0,7,8,290,4084
2,4,7,8,290,4084
1,5,7,8,290,4084
0,6,7,8,290,4084
5,2,7,8,290,4084
4,1,7,8,290,4084
4,3,7,8,290,4084
3,0,7,8,290,4084
3,4,7,8,290,4084
2,5,7,8,290,4084
1,6,7,8,290,4084
0,7,7,8,290,4084
7,2,7,8,290,4084
6,1,7,8,290,4084
6,3,7,8,290,4084
5,0,7,8,290,4084
5,4,7,8,290,4084
4,0,7,8,290,4084
4,5,7,8,290,4084
3,6,7,8,290,4084
2,7,7,8,290,4084
1,8,7,8,290,4084
9,2,7,8,290,4084
8,1,7,8,290,4084
8,3,7,8,290,4084
7,0,7,8,290,4084
7,4,7,8,290,4084
6,0,7,8,290,4084
6,5,7,8,290,4084
5,1,7,8,290,4084
5,6,7,8,290,4084
4,7,7,8,290,4084
3,8,7,8,290,4084
2,9,7,8,290,4084
8,2,7,8,290,4084
9,1,7,8,290,4084
9,3,7,8,290,4084
9,0,7,8,290,4084
9,4,7,8,290,4084
8,0,7,8,290,4084
8,5,7,8,290,4084
7,1,7,8,290,4084
7,6,7,8,290,4084
6,2,7,8,290,4084
6,7,7,8,290,4084
5,3,7,8,290,4084
5,8,7,8,290,4084
4,4,7,8,290,4084
4,9,7,8,290,4084
3,5,7,8,290,4084
3,9,7,8,290,4084
7,3,7,8,290,4084
8,4,7,8,290,4084
9,5,7,8,290,4084
9,6,7,8,290,4084
8,7,7,8,290,4084
7,8,7,8,290,4084
6,4,7,8,290,4084
6,9,7,8,290,4084
5,5,7,8,290,4084
5,9,7,8,290,4084
4,6,7,8,290,4084
4,8,7,8,290,4084
0,3,7,8,291,3745
1,3,7,8,291,3745
0,2,7,8,291,3745
0,4,7,8,291,3745
2,3,7,8,291,3745
1,2,7,8,291,3745
1,4,7,8,291,3745
0,1,7,8,291,3745
0,5,7,8,291,3745
3,3,7,8,291,3745
2,2,7,8,291,3745
2,4,7,8,291,3745
1,1,7,8,291,3745
1,5,7,8,291,3745
0,0,7,8,291,3745
0,6,7,8,291,3745
4,3,7,8,291,3745
3,2,7,8,291,3745
3,4,7,8,291,3745
2,1,7,8,291,3745
2,5,7,8,291,3745
1,0,7,8,291,3745
1,6,7,8,291,3745
0,7,7,8,291,3745
6,3,7,8,291,3745
5,2,7,8,291,3745
5,4,7,8,291,3745
4,1,7,8,291,3745
4,5,7,8,291,3745
3,0,7,8,291,3745
3,6,7,8,291,3745
2,0,7,8,291,3745
2,7,7,8,291,3745
1,8,7,8,291,3745
8,3,7,8,291,3745
7,2,7,8,291,3745
7,4,7,8,291,3745
6,1,7,8,291,3745
6,5,7,8,291,3745
5,0,7,8,291,3745
5,6,7,8,291,3745
4,0,7,8,291,3745
4,7,7,8,291,3745
3,1,7,8,291,3745
3,8,7,8,291,3745
2,9,7,8,291,3745
9,3,7,8,291,3745
9,2,7,8,291,3745
9,4,7,8,291,3745
8,1,7,8,291,3745
8,5,7,8,291,3745
7,0,7,8,291,3745
7,6,7,8,291,3745
6,0,7,8,291,3745
6,7,7,8,291,3745
5,1,7,8,291,3745
5,8,7,8,291,3745
4,2,7,8,291,3745
4,9,7,8,291,3745
3,9,7,8,291,3745
7,3,7,8,291,3745
8,2,7,8,291,3745
8,4,7,8,291,3745
9,1,7,8,291,3745
9,5,7,8,291,3745
9,0,7,8,291,3745
9,6,7,8,291,3745
8,0,7,8,291,3745
8,7,7,8,291,3745
7,1,7,8,291,3745
7,8,7,8,291,3745
6,2,7,8,291,3745
6,9,7,8,291,3745
5,3,7,8,291,3745
5,9,7,8,291,3745
4,4,7,8,291,3745
4,8,7,8,291,3745
0,5,7,8,292,2992
1,5,7,8,292,2992
0,4,7,8,292,2992
0,6,7,8,292,2992
2,5,7,8,292,2992
1,4,7,8,292,2992
1,6,7,8,292,2992
0,3,7,8,292,2992
0,7,7,8,292,2992
4,5,7,8,292,2992
3,4,7,8,292,2992
3,6,7,8,292,2992
2,3,7,8,292,2992
2,7,7,8,292,2992
1,2,7,8,292,2992
1,8,7,8,292,2992
6,5,7,8,292,2992
5,4,7,8,292,2992
5,6,7,8,292,2992
4,3,7,8,292,2992
4,7,7,8,292,2992
3,2,7,8,292,2992
3,8,7,8,292,2992
2,1,7,8,292,2992
2,9,7,8,292,2992
8,5,7,8,292,2992
7,4,7,8,292,2992
7,6,7,8,292,2992
6,3,7,8,292,2992
6,7,7,8,292,2992
5,2,7,8,292,2992
5,8,7,8,292,2992
4,1,7,8,292,2992
4,9,7,8,292,2992
3,0,7,8,292,2992
3,9,7,8,292,2992
9,5,7,8,292,2992
9,4,7,8,292,2992
9,6,7,8,292,2992
8,3,7,8,292,2992
8,7,7,8,292,2992
7,2,7,8,292,2992
7,8,7,8,292,2992
6,1,7,8,292,2992
6,9,7,8,292,2992
5,0,7,8,292,2992
5,9,7,8,292,2992
4,0,7,8,292,2992
4,8,7,8,292,2992
0,6,7,8,293,2574
1,6,7,8,293,2574
0,5,7,8,293,2574
0,7,7,8,293,2574
3,6,7,8,293,2574
2,5,7,8,293,2574
2,7,7,8,293,2574
1,4,7,8,293,2574
1,8,7,8,293,2574
5,6,7,8,293,2574
4,5,7,8,293,2574
4,7,7,8,293,2574
3,4,7,8,293,2574
3,8,7,8,293,2574
2,3,7,8,293,2574
2,9,7,8,293,2574
7,6,7,8,293,2574
6,5,7,8,293,2574
6,7,7,8,293,2574
5,4,7,8,293,2574
5,8,7,8,293,2574
4,3,7,8,293,2574
4,9,7,8,293,2574
3,2,7,8,293,2574
3,9,7,8,293,2574
9,6,7,8,293,2574
8,5,7,8,293,2574
8,7,7,8,293,2574
7,4,7,8,293,2574
7,8,7,8,293,2574
6,3,7,8,293,2574
6,9,7,8,293,2574
5,2,7,8,293,2574
5,9,7,8,293,2574
4,1,7,8,293,2574
4,8,7,8,293,2574
0,3,7,8,294,4086
1,3,7,8,294,4086
0,2,7,8,294,4086
0,4,7,8,294,4086
2,3,7,8,294,4086
1,2,7,8,294,4086
1,4,7,8,294,4086
0,1,7,8,294,4086
0,5,7,8,294,4086
3,3,7,8,294,4086
2,2,7,8,294,4086
2,4,7,8,294,4086
1,1,7,8,294,4086
1,5,7,8,294,4086
0,0,7,8,294,4086
0,6,7,8,294,4086
4,3,7,8,294,4086
3,2,7,8,294,4086
3,4,7,8,294,4086
2,1,7,8,294,4086
2,5,7,8,294,4086
1,0,7,8,294,4086
1,6,7,8,294,4086
0,7,7,8,294,4086
5,3,7,8,294,4086
4,2,7,8,294,4086
4,4,7,8,294,4086
3,1,7,8,294,4086
3,5,7,8,294,4086
2,0,7,8,294,4086
2,6,7,8,294,4086
1,7,7,8,294,4086
0,8,7,8,294,4086
6,3,7,8,294,4086
5,2,7,8,294,4086
5,4,7,8,294,4086
4,1,7,8,294,4086
4,5,7,8,294,4086
3,0,7,8,294,4086
3,6,7,8,294,4086
2,7,7,8,294,4086
1,8,7,8,294,4086
0,9,7,8,294,4086
8,3,7,8,294,4086
7,2,7,8,294,4086
7,4,7,8,294,4086
6,1,7,8,294,4086
6,5,7,8,294,4086
5,0,7,8,294,4086
5,6,7,8,294,4086
4,0,7,8,294,4086
4,7,7,8,294,4086
3,8,7,8,294,4086
2,9,7,8,294,4086
1,9,7,8,294,4086
9,3,7,8,294,4086
9,2,7,8,294,4086
9,4,7,8,294,4086
8,1,7,8,294,4086
8,5,7,8,294,4086
7,0,7,8,294,4086
7,6,7,8,294,4086
6,0,7,8,294,4086
6,7,7,8,294,4086
5,1,7,8,294,4086
5,8,7,8,294,4086
4,9,7,8,294,4086
3,9,7,8,294,4086
2,8,7,8,294,4086
7,3,7,8,294,4086
8,2,7,8,294,4086
8,4,7,8,294,4086
9,1,7,8,294,4086
9,5,7,8,294,4086
9,0,7,8,294,4086
9,6,7,8,294,4086
8,0,7,8,294,4086
8,7,7,8,294,4086
7,1,7,8,294,4086
7,8,7,8,294,4086
6,2,7,8,294,4086
6,9,7,8,294,4086
5,9,7,8,294,4086
4,8,7,8,294,4086
3,7,7,8,294,4086
0,4,7,8,295,3746
1,4,7,8,295,3746
0,3,7,8,295,3746
0,5,7,8,295,3746
2,4,7,8,295,3746
1,3,7,8,295,3746
1,5,7,8,295,3746
0,2,7,8,295,3746
0,6,7,8,295,3746
3,4,7,8,295,3746
2,3,7,8,295,3746
2,5,7,8,295,3746
1,2,7,8,295,3746
1,6,7,8,295,3746
0,1,7,8,295,3746
0,7,7,8,295,3746
4,4,7,8,295,3746
3,3,7,8,295,3746
3,5,7,8,295,3746
2,2,7,8,295,3746
2,6,7,8,295,3746
1,1,7,8,295,3746
1,7,7,8,295,3746
0,0,7,8,295,3746
0,8,7,8,295,3746
5,4,7,8,295,3746
4,3,7,8,295,3746
4,5,7,8,295,3746
3,2,7,8,295,3746
3,6,7,8,295,3746
2,1,7,8,295,3746
2,7,7,8,295,3746
1,0,7,8,295,3746
1,8,7,8,295,3746
0,9,7,8,295,3746
7,4,7,8,295,3746
6,3,7,8,295,3746
6,5,7,8,295,3746
5,2,7,8,295,3746
5,6,7,8,295,3746
4,1,7,8,295,3746
4,7,7,8,295,3746
3,0,7,8,295,3746
3,8,7,8,295,3746
2,0,7,8,295,3746
2,9,7,8,295,3746
1,9,7,8,295,3746
9,4,7,8,295,3746
8,3,7,8,295,3746
8,5,7,8,295,3746
7,2,7,8,295,3746
7,6,7,8,295,3746
6,1,7,8,295,3746
6,7,7,8,295,3746
5,0,7,8,295,3746
5,8,7,8,295,3746
4,0,7,8,295,3746
4,9,7,8,295,3746
3,1,7,8,295,3746
3,9,7,8,295,3746
2,8,7,8,295,3746
8,4,7,8,295,3746
9,3,7,8,295,3746
9,5,7,8,295,3746
9,2,7,8,295,3746
9,6,7,8,295,3746
8,1,7,8,295,3746
8,7,7,8,295,3746
7,0,7,8,295,3746
7,8,7,8,295,3746
6,0,7,8,295,3746
6,9,7,8,295,3746
5,1,7,8,295,3746
5,9,7,8,295,3746
4,2,7,8,295,3746
4,8,7,8,295,3746
3,7,7,8,295,3746
0,5,7,8,296,3381
1,5,7,8,296,3381
0,4,7,8,296,3381
0,6,7,8,296,3381
2,5,7,8,296,3381
1,4,7,8,296,3381
1,6,7,8,296,3381
0,3,7,8,296,3381
0,7,7,8,296,3381
3,5,7,8,296,3381
2,4,7,8,296,3381
2,6,7,8,296,3381
1,3,7,8,296,3381
1,7,7,8,296,3381
0,2,7,8,296,3381
0,8,7,8,296,3381
4,5,7,8,296,3381
3,4,7,8,296,3381
3,6,7,8,296,3381
2,3,7,8,296,3381
2,7,7,8,296,3381
1,2,7,8,296,3381
1,8,7,8,296,3381
0,1,7,8,296,3381
0,9,7,8,296,3381
6,5,7,8,296,3381
5,4,7,8,296,3381
5,6,7,8,296,3381
4,3,7,8,296,3381
4,7,7,8,296,3381
3,2,7,8,296,3381
3,8,7,8,296,3381
2,1,7,8,296,3381
2,9,7,8,296,3381
1,0,7,8,296,3381
1,9,7,8,296,3381
8,5,7,8,296,3381
7,4,7,8,296,3381
7,6,7,8,296,3381
6,3,7,8,296,3381
6,7,7,8,296,3381
5,2,7,8,296,3381
5,8,7,8,296,3381
4,1,7,8,296,3381
4,9,7,8,296,3381
3,0,7,8,296,3381
3,9,7,8,296,3381
2,0,7,8,296,3381
2,8,7,8,296,3381
9,5,7,8,296,3381
9,4,7,8,296,3381
9,6,7,8,296,3381
8,3,7,8,296,3381
8,7,7,8,296,3381
7,2,7,8,296,3381
7,8,7,8,296,3381
6,1,7,8,296,3381
6,9,7,8,296,3381
5,0,7,8,296,3381
5,9,7,8,296,3381
4,0,7,8,296,3381
4,8,7,8,296,3381
3,1,7,8,296,3381
3,7,7,8,296,3381
0,6,7,8,297,2991
1,6,7,8,297,2991
0,5,7,8,297,2991
0,7,7,8,297,2991
2,6,7,8,297,2991
1,5,7,8,297,2991
1,7,7,8,297,2991
0,4,7,8,297,2991
0,8,7,8,297,2991
3,6,7,8,297,2991
2,5,7,8,297,2991
2,7,7,8,297,2991
1,4,7,8,297,2991
1,8,7,8,297,2991
0,3,7,8,297,2991
0,9,7,8,297,2991
5,6,7,8,297,2991
4,5,7,8,297,2991
4,7,7,8,297,2991
3,4,7,8,297,2991
3,8,7,8,297,2991
2,3,7,8,297,2991
2,9,7,8,297,2991
1,2,7,8,297,2991
1,9,7,8,297,2991
7,6,7,8,297,2991
6,5,7,8,297,2991
6,7,7,8,297,2991
5,4,7,8,297,2991
5,8,7,8,297,2991
4,3,7,8,297,2991
4,9,7,8,297,2991
3,2,7,8,297,2991
3,9,7,8,297,2991
2,1,7,8,297,2991
2,8,7,8,297,2991
9,6,7,8,297,2991
8,5,7,8,297,2991
8,7,7,8,297,2991
7,4,7,8,297,2991
7,8,7,8,297,2991
6,3,7,8,297,2991
6,9,7,8,297,2991
5,2,7,8,297,2991
5,9,7,8,297,2991
4,1,7,8,297,2991
4,8,7,8,297,2991
3,0,7,8,297,2991
3,7,7,8,297,2991
0,7,7,8,298,2571
1,7,7,8,298,2571
0,6,7,8,298,2571
0,8,7,8,298,2571
2,7,7,8,298,2571
1,6,7,8,298,2571
1,8,7,8,298,2571
0,5,7,8,298,2571
0,9,7,8,298,2571
4,7,7,8,298,2571
3,6,7,8,298,2571
3,8,7,8,298,2571
2,5,7,8,298,2571
2,9,7,8,298,2571
1,4,7,8,298,2571
1,9,7,8,298,2571
6,7,7,8,298,2571
5,6,7,8,298,2571
5,8,7,8,298,2571
4,5,7,8,298,2571
4,9,7,8,298,2571
3,4,7,8,298,2571
3,9,7,8,298,2571
2,3,7,8,298,2571
2,8,7,8,298,2571
8,7,7,8,298,2571
7,6,7,8,298,2571
7,8,7,8,298,2571
6,5,7,8,298,2571
6,9,7,8,298,2571
5,4,7,8,298,2571
5,9,7,8,298,2571
4,3,7,8,298,2571
4,8,7,8,298,2571
3,2,7,8,298,2571
3,7,7,8,298,2571
0,4,7,8,299,4086
1,4,7,8,299,4086
0,3,7,8,299,4086
0,5,7,8,299,4086
2,4,7,8,299,4086
1,3,7,8,299,4086
1,5,7,8,299,4086
0,2,7,8,299,4086
0,6,7,8,299,4086
3,4,7,8,299,4086
2,3,7,8,299,4086
2,5,7,8,299,4086
1,2,7,8,299,4086
1,6,7,8,299,4086
0,1,7,8,299,4086
0,7,7,8,299,4086
4,4,7,8,299,4086
3,3,7,8,299,4086
3,5,7,8,299,4086
2,2,7,8,299,4086
2,6,7,8,299,4086
1,1,7,8,299,4086
1,7,7,8,299,4086
0,0,7,8,299,4086
0,8,7,8,299,4086
5,4,7,8,299,4086
4,3,7,8,299,4086
4,5,7,8,299,4086
3,2,7,8,299,4086
3,6,7,8,299,4086
2,1,7,8,299,4086
2,7,7,8,299,4086
1,0,7,8,299,4086
1,8,7,8,299,4086
0,9,7,8,299,4086
6,4,7,8,299,4086
5,3,7,8,299,4086
5,5,7,8,299,4086
4,2,7,8,299,4086
4,6,7,8,299,4086
3,1,7,8,299,4086
3,7,7,8,299,4086
2,0,7,8,299,4086
2,8,7,8,299,4086
1,9,7,8,299,4086
7,4,7,8,299,4086
6,3,7,8,299,4086
6,5,7,8,299,4086
5,2,7,8,299,4086
5,6,7,8,299,4086
4,1,7,8,299,4086
4,7,7,8,299,4086
3,0,7,8,299,4086
3,8,7,8,299,4086
2,9,7,8,299,4086
9,4,7,8,299,4086
8,3,7,8,299,4086
8,5,7,8,299,4086
7,2,7,8,299,4086
7,6,7,8,299,4086
6,1,7,8,299,4086
6,7,7,8,299,4086
5,0,7,8,299,4086
5,8,7,8,299,4086
4,0,7,8,299,4086
4,9,7,8,299,4086
3,9,7,8,299,4086
8,4,7,8,299,4086
9,3,7,8,299,4086
9,5,7,8,299,4086
9,2,7,8,299,4086
9,6,7,8,299,4086
8,1,7,8,299,4086
8,7,7,8,299,4086
7,0,7,8,299,4086
7,8,7,8,299,4086
6,0,7,8,299,4086
6,9,7,8,299,4086
5,1,7,8,299,4086
5,9,7,8,299,4086
4,8,7,8,299,4086
0,6,7,8,300,3379
1,6,7,8,300,3379
0,5,7,8,300,3379
0,7,7,8,300,3379
2,6,7,8,300,3379
1,5,7,8,300,3379
1,7,7,8,300,3379
0,4,7,8,300,3379
0,8,7,8,300,3379
3,6,7,8,300,3379
2,5,7,8,300,3379
2,7,7,8,300,3379
1,4,7,8,300,3379
1,8,7,8,300,3379
0,3,7,8,300,3379
0,9,7,8,300,3379
4,6,7,8,300,3379
3,5,7,8,300,3379
3,7,7,8,300,3379
2,4,7,8,300,3379
2,8,7,8,300,3379
1,3,7,8,300,3379
1,9,7,8,300,3379
0,2,7,8,300,3379
5,6,7,8,300,3379
4,5,7,8,300,3379
4,7,7,8,300,3379
3,4,7,8,300,3379
3,8,7,8,300,3379
2,3,7,8,300,3379
2,9,7,8,300,3379
1,2,7,8,300,3379
0,1,7,8,300,3379
7,6,7,8,300,3379
6,5,7,8,300,3379
6,7,7,8,300,3379
5,4,7,8,300,3379
5,8,7,8,300,3379
4,3,7,8,300,3379
4,9,7,8,300,3379
3,2,7,8,300,3379
3,9,7,8,300,3379
2,1,7,8,300,3379
1,0,7,8,300,3379
9,6,7,8,300,3379
8,5,7,8,300,3379
8,7,7,8,300,3379
7,4,7,8,300,3379
7,8,7,8,300,3379
6,3,7,8,300,3379
6,9,7,8,300,3379
5,2,7,8,300,3379
5,9,7,8,300,3379
4,1,7,8,300,3379
4,8,7,8,300,3379
3,0,7,8,300,3379
2,0,7,8,300,3379
0,7,7,8,301,2986
1,7,7,8,301,2986
0,6,7,8,301,2986
0,8,7,8,301,2986
2,7,7,8,301,2986
1,6,7,8,301,2986
1,8,7,8,301,2986
0,5,7,8,301,2986
0,9,7,8,301,2986
3,7,7,8,301,2986
2,6,7,8,301,2986
2,8,7,8,301,2986
1,5,7,8,301,2986
1,9,7,8,301,2986
0,4,7,8,301,2986
4,7,7,8,301,2986
3,6,7,8,301,2986
3,8,7,8,301,2986
2,5,7,8,301,2986
2,9,7,8,301,2986
1,4,7,8,301,2986
0,3,7,8,301,2986
6,7,7,8,301,2986
5,6,7,8,301,2986
5,8,7,8,301,2986
4,5,7,8,301,2986
4,9,7,8,301,2986
3,4,7,8,301,2986
3,9,7,8,301,2986
2,3,7,8,301,2986
1,2,7,8,301,2986
8,7,7,8,301,2986
7,6,7,8,301,2986
7,8,7,8,301,2986
6,5,7,8,301,2986
6,9,7,8,301,2986
5,4,7,8,301,2986
5,9,7,8,301,2986
4,3,7,8,301,2986
4,8,7,8,301,2986
3,2,7,8,301,2986
2,1,7,8,301,2986
0,8,6,7,302,2571
1,8,6,7,302,2571
0,7,6,7,302,2571
0,9,6,7,302,2571
2,8,6,7,302,2571
1,7,6,7,302,2571
1,9,6,7,302,2571
0,6,6,7,302,2571
3,8,6,7,302,2571
2,7,6,7,302,2571
2,9,6,7,302,2571
1,6,6,7,302,2571
0,5,6,7,302,2571
5,8,6,7,302,2571
4,7,6,7,302,2571
4,9,6,7,302,2571
3,6,6,7,302,2571
3,9,6,7,302,2571
2,5,6,7,302,2571
1,4,6,7,302,2571
7,8,6,7,302,2571
6,7,6,7,302,2571
6,9,6,7,302,2571
5,6,6,7,302,2571
5,9,6,7,302,2571
4,5,6,7,302,2571
4,8,6,7,302,2571
3,4,6,7,302,2571
3,7,6,7,302,2571
2,3,6,7,302,2571
2,6,6,7,302,2571
0,3,7,8,303,4702
1,3,7,8,303,4702
0,2,7,8,303,4702
0,4,7,8,303,4702
2,3,7,8,303,4702
1,2,7,8,303,4702
1,4,7,8,303,4702
0,1,7,8,303,4702
0,5,7,8,303,4702
3,3,7,8,303,4702
2,2,7,8,303,4702
2,4,7,8,303,4702
1,1,7,8,303,4702
1,5,7,8,303,4702
0,0,7,8,303,4702
0,6,7,8,303,4702
4,3,7,8,303,4702
3,2,7,8,303,4702
3,4,7,8,303,4702
2,1,7,8,303,4702
2,5,7,8,303,4702
1,0,7,8,303,4702
1,6,7,8,303,4702
0,7,7,8,303,4702
5,3,7,8,303,4702
4,2,7,8,303,4702
4,4,7,8,303,4702
3,1,7,8,303,4702
3,5,7,8,303,4702
2,0,7,8,303,4702
2,6,7,8,303,4702
1,7,7,8,303,4702
0,8,7,8,303,4702
6,3,7,8,303,4702
5,2,7,8,303,4702
5,4,7,8,303,4702
4,1,7,8,303,4702
4,5,7,8,303,4702
3,0,7,8,303,4702
3,6,7,8,303,4702
2,7,7,8,303,4702
1,8,7,8,303,4702
0,9,7,8,303,4702
7,3,7,8,303,4702
6,2,7,8,303,4702
6,4,7,8,303,4702
5,1,7,8,303,4702
5,5,7,8,303,4702
4,0,7,8,303,4702
4,6,7,8,303,4702
3,7,7,8,303,4702
2,8,7,8,303,4702
1,9,7,8,303,4702
8,3,7,8,303,4702
7,2,7,8,303,4702
7,4,7,8,303,4702
6,1,7,8,303,4702
6,5,7,8,303,4702
5,0,7,8,303,4702
5,6,7,8,303,4702
4,7,7,8,303,4702
3,8,7,8,303,4702
2,9,7,8,303,4702
9,3,7,8,303,4702
8,2,7,8,303,4702
8,4,7,8,303,4702
7,1,7,8,303,4702
7,5,7,8,303,4702
6,0,7,8,303,4702
6,6,7,8,303,4702
5,7,7,8,303,4702
4,8,7,8,303,4702
3,9,7,8,303,4702
9,2,7,8,303,4702
9,4,7,8,303,4702
8,1,7,8,303,4702
8,5,7,8,303,4702
7,0,7,8,303,4702
7,6,7,8,303,4702
6,7,7,8,303,4702
5,8,7,8,303,4702
4,9,7,8,303,4702
9,1,7,8,303,4702
9,5,7,8,303,4702
9,0,7,8,303,4702
9,6,7,8,303,4702
8,0,7,8,303,4702
8,7,7,8,303,4702
7,8,7,8,303,4702
6,9,7,8,303,4702
5,9,7,8,303,4702
0,4,7,8,304,4403
1,4,7,8,304,4403
0,3,7,8,304,4403
0,5,7,8,304,4403
2,4,7,8,304,4403
1,3,7,8,304,4403
1,5,7,8,304,4403
0,2,7,8,304,4403
0,6,7,8,304,4403
3,4,7,8,304,4403
2,3,7,8,304,4403
2,5,7,8,304,4403
1,2,7,8,304,4403
1,6,7,8,304,4403
0,1,7,8,304,4403
0,7,7,8,304,4403
4,4,7,8,304,4403
3,3,7,8,304,4403
3,5,7,8,304,4403
2,2,7,8,304,4403
2,6,7,8,304,4403
1,1,7,8,304,4403
1,7,7,8,304,4403
0,0,7,8,304,4403
0,8,7,8,304,4403
5,4,7,8,304,4403
4,3,7,8,304,4403
4,5,7,8,304,4403
3,2,7,8,304,4403
3,6,7,8,304,4403
2,1,7,8,304,4403
2,7,7,8,304,4403
1,0,7,8,304,4403
1,8,7,8,304,4403
0,9,7,8,304,4403
6,4,7,8,304,4403
5,3,7,8,304,4403
5,5,7,8,304,4403
4,2,7,8,304,4403
4,6,7,8,304,4403
3,1,7,8,304,4403
3,7,7,8,304,4403
2,0,7,8,304,4403
2,8,7,8,304,4403
1,9,7,8,304,4403
7,4,7,8,304,4403
6,3,7,8,304,4403
6,5,7,8,304,4403
5,2,7,8,304,4403
5,6,7,8,304,4403
4,1,7,8,304,4403
4,7,7,8,304,4403
3,0,7,8,304,4403
3,8,7,8,304,4403
2,9,7,8,304,4403
8,4,7,8,304,4403
7,3,7,8,304,4403
7,5,7,8,304,4403
6,2,7,8,304,4403
6,6,7,8,304,4403
5,1,7,8,304,4403
5,7,7,8,304,4403
4,0,7,8,304,4403
4,8,7,8,304,4403
3,9,7,8,304,4403
9,4,7,8,304,4403
8,3,7,8,304,4403
8,5,7,8,304,4403
7,2,7,8,304,4403
7,6,7,8,304,4403
6,1,7,8,304,4403
6,7,7,8,304,4403
5,0,7,8,304,4403
5,8,7,8,304,4403
4,9,7,8,304,4403
9,3,7,8,304,4403
9,5,7,8,304,4403
9,2,7,8,304,4403
9,6,7,8,304,4403
8,1,7,8,304,4403
8,7,7,8,304,4403
7,0,7,8,304,4403
7,8,7,8,304,4403
6,0,7,8,304,4403
6,9,7,8,304,4403
5,9,7,8,304,4403
0,5,6,7,305,4101
1,5,6,7,305,4101
0,4,6,7,305,4101
0,6,6,7,305,4101
2,5,6,7,305,4101
1,4,6,7,305,4101
1,6,6,7,305,4101
0,3,6,7,305,4101
0,7,6,7,305,4101
3,5,6,7,305,4101
2,4,6,7,305,4101
2,6,6,7,305,4101
1,3,6,7,305,4101
1,7,6,7,305,4101
0,2,6,7,305,4101
0,8,6,7,305,4101
4,5,6,7,305,4101
3,4,6,7,305,4101
3,6,6,7,305,4101
2,3,6,7,305,4101
2,7,6,7,305,4101
1,2,6,7,305,4101
1,8,6,7,305,4101
0,1,6,7,305,4101
0,9,6,7,305,4101
5,5,6,7,305,4101
4,4,6,7,305,4101
4,6,6,7,305,4101
3,3,6,7,305,4101
3,7,6,7,305,4101
2,2,6,7,305,4101
2,8,6,7,305,4101
1,1,6,7,305,4101
1,9,6,7,305,4101
0,0,6,7,305,4101
6,5,6,7,305,4101
5,4,6,7,305,4101
5,6,6,7,305,4101
4,3,6,7,305,4101
4,7,6,7,305,4101
3,2,6,7,305,4101
3,8,6,7,305,4101
2,1,6,7,305,4101
2,9,6,7,305,4101
1,0,6,7,305,4101
7,5,6,7,305,4101
6,4,6,7,305,4101
6,6,6,7,305,4101
5,3,6,7,305,4101
5,7,6,7,305,4101
4,2,6,7,305,4101
4,8,6,7,305,4101
3,1,6,7,305,4101
3,9,6,7,305,4101
2,0,6,7,305,4101
8,5,6,7,305,4101
7,4,6,7,305,4101
7,6,6,7,305,4101
6,3,6,7,305,4101
6,7,6,7,305,4101
5,2,6,7,305,4101
5,8,6,7,305,4101
4,1,6,7,305,4101
4,9,6,7,305,4101
3,0,6,7,305,4101
9,5,6,7,305,4101
9,4,6,7,305,4101
9,6,6,7,305,4101
8,3,6,7,305,4101
8,7,6,7,305,4101
7,2,6,7,305,4101
7,8,6,7,305,4101
6,1,6,7,305,4101
6,9,6,7,305,4101
5,0,6,7,305,4101
5,9,6,7,305,4101
4,0,6,7,305,4101
0,7,7,8,306,3373
1,7,7,8,306,3373
0,6,7,8,306,3373
0,8,7,8,306,3373
2,7,7,8,306,3373
1,6,7,8,306,3373
1,8,7,8,306,3373
0,5,7,8,306,3373
0,9,7,8,306,3373
3,7,7,8,306,3373
2,6,7,8,306,3373
2,8,7,8,306,3373
1,5,7,8,306,3373
1,9,7,8,306,3373
0,4,7,8,306,3373
4,7,7,8,306,3373
3,6,7,8,306,3373
3,8,7,8,306,3373
2,5,7,8,306,3373
2,9,7,8,306,3373
1,4,7,8,306,3373
0,3,7,8,306,3373
5,7,7,8,306,3373
4,6,7,8,306,3373
4,8,7,8,306,3373
3,5,7,8,306,3373
3,9,7,8,306,3373
2,4,7,8,306,3373
1,3,7,8,306,3373
0,2,7,8,306,3373
6,7,7,8,306,3373
5,6,7,8,306,3373
5,8,7,8,306,3373
4,5,7,8,306,3373
4,9,7,8,306,3373
3,4,7,8,306,3373
2,3,7,8,306,3373
1,2,7,8,306,3373
0,1,7,8,306,3373
8,7,7,8,306,3373
7,6,7,8,306,3373
7,8,7,8,306,3373
6,5,7,8,306,3373
6,9,7,8,306,3373
5,4,7,8,306,3373
5,9,7,8,306,3373
4,3,7,8,306,3373
3,2,7,8,306,3373
2,1,7,8,306,3373
1,0,7,8,306,3373
0,8,6,7,307,2986
1,8,6,7,307,2986
0,7,6,7,307,2986
0,9,6,7,307,2986
2,8,6,7,307,2986
1,7,6,7,307,2986
1,9,6,7,307,2986
0,6,6,7,307,2986
3,8,6,7,307,2986
2,7,6,7,307,2986
2,9,6,7,307,2986
1,6,6,7,307,2986
0,5,6,7,307,2986
4,8,6,7,307,2986
3,7,6,7,307,2986
3,9,6,7,307,2986
2,6,6,7,307,2986
1,5,6,7,307,2986
0,4,6,7,307,2986
5,8,6,7,307,2986
4,7,6,7,307,2986
4,9,6,7,307,2986
3,6,6,7,307,2986
2,5,6,7,307,2986
1,4,6,7,307,2986
0,3,6,7,307,2986
7,8,6,7,307,2986
6,7,6,7,307,2986
6,9,6,7,307,2986
5,6,6,7,307,2986
5,9,6,7,307,2986
4,5,6,7,307,2986
3,4,6,7,307,2986
2,3,6,7,307,2986
1,2,6,7,307,2986
0,5,7,8,308,4428
1,5,7,8,308,4428
0,4,7,8,308,4428
0,6,7,8,308,4428
2,5,7,8,308,4428
1,4,7,8,308,4428
1,6,7,8,308,4428
0,3,7,8,308,4428
0,7,7,8,308,4428
3,5,7,8,308,4428
2,4,7,8,308,4428
2,6,7,8,308,4428
1,3,7,8,308,4428
1,7,7,8,308,4428
0,2,7,8,308,4428
0,8,7,8,308,4428
4,5,7,8,308,4428
3,4,7,8,308,4428
3,6,7,8,308,4428
2,3,7,8,308,4428
2,7,7,8,308,4428
1,2,7,8,308,4428
1,8,7,8,308,4428
0,1,7,8,308,4428
0,9,7,8,308,4428
5,5,7,8,308,4428
4,4,7,8,308,4428
4,6,7,8,308,4428
3,3,7,8,308,4428
3,7,7,8,308,4428
2,2,7,8,308,4428
2,8,7,8,308,4428
1,1,7,8,308,4428
1,9,7,8,308,4428
0,0,7,8,308,4428
6,5,7,8,308,4428
5,4,7,8,308,4428
5,6,7,8,308,4428
4,3,7,8,308,4428
4,7,7,8,308,4428
3,2,7,8,308,4428
3,8,7,8,308,4428
2,1,7,8,308,4428
2,9,7,8,308,4428
1,0,7,8,308,4428
7,5,7,8,308,4428
6,4,7,8,308,4428
6,6,7,8,308,4428
5,3,7,8,308,4428
5,7,7,8,308,4428
4,2,7,8,308,4428
4,8,7,8,308,4428
3,1,7,8,308,4428
3,9,7,8,308,4428
2,0,7,8,308,4428
8,5,7,8,308,4428
7,4,7,8,308,4428
7,6,7,8,308,4428
6,3,7,8,308,4428
6,7,7,8,308,4428
5,2,7,8,308,4428
5,8,7,8,308,4428
4,1,7,8,308,4428
4,9,7,8,308,4428
3,0,7,8,308,4428
9,5,7,8,308,4428
8,4,7,8,308,4428
8,6,7,8,308,4428
7,3,7,8,308,4428
7,7,7,8,308,4428
6,2,7,8,308,4428
6,8,7,8,308,4428
5,1,7,8,308,4428
5,9,7,8,308,4428
4,0,7,8,308,4428
9,4,7,8,308,4428
9,6,7,8,308,4428
8,3,7,8,308,4428
8,7,7,8,308,4428
7,2,7,8,308,4428
7,8,7,8,308,4428
6,1,7,8,308,4428
6,9,7,8,308,4428
5,0,7,8,308,4428
0,6,7,8,309,4098
1,6,7,8,309,4098
0,5,7,8,309,4098
0,7,7,8,309,4098
2,6,7,8,309,4098
1,5,7,8,309,4098
1,7,7,8,309,4098
0,4,7,8,309,4098
0,8,7,8,309,4098
3,6,7,8,309,4098
2,5,7,8,309,4098
2,7,7,8,309,4098
1,4,7,8,309,4098
1,8,7,8,309,4098
0,3,7,8,309,4098
0,9,7,8,309,4098
4,6,7,8,309,4098
3,5,7,8,309,4098
3,7,7,8,309,4098
2,4,7,8,309,4098
2,8,7,8,309,4098
1,3,7,8,309,4098
1,9,7,8,309,4098
0,2,7,8,309,4098
5,6,7,8,309,4098
4,5,7,8,309,4098
4,7,7,8,309,4098
3,4,7,8,309,4098
3,8,7,8,309,4098
2,3,7,8,309,4098
2,9,7,8,309,4098
1,2,7,8,309,4098
0,1,7,8,309,4098
6,6,7,8,309,4098
5,5,7,8,309,4098
5,7,7,8,309,4098
4,4,7,8,309,4098
4,8,7,8,309,4098
3,3,7,8,309,4098
3,9,7,8,309,4098
2,2,7,8,309,4098
1,1,7,8,309,4098
0,0,7,8,309,4098
7,6,7,8,309,4098
6,5,7,8,309,4098
6,7,7,8,309,4098
5,4,7,8,309,4098
5,8,7,8,309,4098
4,3,7,8,309,4098
4,9,7,8,309,4098
3,2,7,8,309,4098
2,1,7,8,309,4098
1,0,7,8,309,4098
8,6,7,8,309,4098
7,5,7,8,309,4098
7,7,7,8,309,4098
6,4,7,8,309,4098
6,8,7,8,309,4098
5,3,7,8,309,4098
5,9,7,8,309,4098
4,2,7,8,309,4098
3,1,7,8,309,4098
2,0,7,8,309,4098
9,6,7,8,309,4098
8,5,7,8,309,4098
8,7,7,8,309,4098
7,4,7,8,309,4098
7,8,7,8,309,4098
6,3,7,8,309,4098
6,9,7,8,309,4098
5,2,7,8,309,4098
4,1,7,8,309,4098
3,0,7,8,309,4098
0,7,7,8,310,3743
1,7,7,8,310,3743
0,6,7,8,310,3743
0,8,7,8,310,3743
2,7,7,8,310,3743
1,6,7,8,310,3743
1,8,7,8,310,3743
0,5,7,8,310,3743
0,9,7,8,310,3743
3,7,7,8,310,3743
2,6,7,8,310,3743
2,8,7,8,310,3743
1,5,7,8,310,3743
1,9,7,8,310,3743
0,4,7,8,310,3743
4,7,7,8,310,3743
3,6,7,8,310,3743
3,8,7,8,310,3743
2,5,7,8,310,3743
2,9,7,8,310,3743
1,4,7,8,310,3743
0,3,7,8,310,3743
5,7,7,8,310,3743
4,6,7,8,310,3743
4,8,7,8,310,3743
3,5,7,8,310,3743
3,9,7,8,310,3743
2,4,7,8,310,3743
1,3,7,8,310,3743
0,2,7,8,310,3743
6,7,7,8,310,3743
5,6,7,8,310,3743
5,8,7,8,310,3743
4,5,7,8,310,3743
4,9,7,8,310,3743
3,4,7,8,310,3743
2,3,7,8,310,3743
1,2,7,8,310,3743
0,1,7,8,310,3743
7,7,7,8,310,3743
6,6,7,8,310,3743
6,8,7,8,310,3743
5,5,7,8,310,3743
5,9,7,8,310,3743
4,4,7,8,310,3743
3,3,7,8,310,3743
2,2,7,8,310,3743
1,1,7,8,310,3743
0,0,7,8,310,3743
8,7,7,8,310,3743
7,6,7,8,310,3743
7,8,7,8,310,3743
6,5,7,8,310,3743
6,9,7,8,310,3743
5,4,7,8,310,3743
4,3,7,8,310,3743
3,2,7,8,310,3743
2,1,7,8,310,3743
1,0,7,8,310,3743
5,2,7,0,311,2133
7,2,7,0,311,2133
6,1,7,0,311,2133
6,3,7,0,311,2133
9,2,7,0,311,2133
8,1,7,0,311,2133
8,3,7,0,311,2133
7,0,7,0,311,2133
7,4,7,0,311,2133
8,2,7,0,311,2133
9,1,7,0,311,2133
9,3,7,0,311,2133
9,0,7,0,311,2133
9,4,7,0,311,2133
8,0,7,0,311,2133
8,5,7,0,311,2133
6,2,7,0,311,2133
7,1,7,0,311,2133
7,3,7,0,311,2133
8,4,7,0,311,2133
9,5,7,0,311,2133
9,6,7,0,311,2133
6,3,9,0,312,1646
8,3,9,0,312,1646
7,2,9,0,312,1646
7,4,9,0,312,1646
9,3,9,0,312,1646
9,2,9,0,312,1646
9,4,9,0,312,1646
8,1,9,0,312,1646
8,5,9,0,312,1646
7,3,9,0,312,1646
8,2,9,0,312,1646
8,4,9,0,312,1646
9,1,9,0,312,1646
9,5,9,0,312,1646
9,0,9,0,312,1646
9,6,9,0,312,1646
5,4,5,4,313,1646
7,4,5,4,313,1646
6,3,5,4,313,1646
6,5,5,4,313,1646
9,4,5,4,313,1646
8,3,5,4,313,1646
8,5,5,4,313,1646
7,2,5,4,313,1646
7,6,5,4,313,1646
8,4,5,4,313,1646
9,3,5,4,313,1646
9,5,5,4,313,1646
9,2,5,4,313,1646
9,6,5,4,313,1646
8,1,5,4,313,1646
8,7,5,4,313,1646
3,4,5,6,314,2128
5,4,5,6,314,2128
4,3,5,6,314,2128
4,5,5,6,314,2128
7,4,5,6,314,2128
6,3,5,6,314,2128
6,5,5,6,314,2128
5,2,5,6,314,2128
5,6,5,6,314,2128
9,4,5,6,314,2128
8,3,5,6,314,2128
8,5,5,6,314,2128
7,2,5,6,314,2128
7,6,5,6,314,2128
6,1,5,6,314,2128
6,7,5,6,314,2128
8,4,5,6,314,2128
9,3,5,6,314,2128
9,5,5,6,314,2128
9,2,5,6,314,2128
9,6,5,6,314,2128
8,1,5,6,314,2128
8,7,5,6,314,2128
7,0,5,6,314,2128
7,8,5,6,314,2128
2,5,6,7,315,2128
4,5,6,7,315,2128
3,4,6,7,315,2128
3,6,6,7,315,2128
6,5,6,7,315,2128
5,4,6,7,315,2128
5,6,6,7,315,2128
4,3,6,7,315,2128
4,7,6,7,315,2128
8,5,6,7,315,2128
7,4,6,7,315,2128
7,6,6,7,315,2128
6,3,6,7,315,2128
6,7,6,7,315,2128
5,2,6,7,315,2128
5,8,6,7,315,2128
9,5,6,7,315,2128
9,4,6,7,315,2128
9,6,6,7,315,2128
8,3,6,7,315,2128
8,7,6,7,315,2128
7,2,6,7,315,2128
7,8,6,7,315,2128
6,1,6,7,315,2128
6,9,6,7,315,2128
3,6,7,8,108,1650
5,6,7,8,108,1650
4,5,7,8,108,1650
4,7,7,8,108,1650
7,6,7,8,108,1650
6,5,7,8,108,1650
6,7,7,8,108,1650
5,4,7,8,108,1650
5,8,7,8,108,1650
9,6,7,8,108,1650
8,5,7,8,108,1650
8,7,7,8,108,1650
7,4,7,8,108,1650
7,8,7,8,108,1650
6,3,7,8,108,1650
6,9,7,8,108,1650
1,6,7,8,316,2128
3,6,7,8,316,2128
2,5,7,8,316,2128
2,7,7,8,316,2128
5,6,7,8,316,2128
4,5,7,8,316,2128
4,7,7,8,316,2128
3,4,7,8,316,2128
3,8,7,8,316,2128
7,6,7,8,316,2128
6,5,7,8,316,2128
6,7,7,8,316,2128
5,4,7,8,316,2128
5,8,7,8,316,2128
4,3,7,8,316,2128
4,9,7,8,316,2128
9,6,7,8,316,2128
8,5,7,8,316,2128
8,7,7,8,316,2128
7,4,7,8,316,2128
7,8,7,8,316,2128
6,3,7,8,316,2128
6,9,7,8,316,2128
5,2,7,8,316,2128
5,9,7,8,316,2128
2,7,7,8,317,1650
4,7,7,8,317,1650
3,6,7,8,317,1650
3,8,7,8,317,1650
6,7,7,8,317,1650
5,6,7,8,317,1650
5,8,7,8,317,1650
4,5,7,8,317,1650
4,9,7,8,317,1650
8,7,7,8,317,1650
7,6,7,8,317,1650
7,8,7,8,317,1650
6,5,7,8,317,1650
6,9,7,8,317,1650
5,4,7,8,317,1650
5,9,7,8,317,1650
0,7,7,8,318,2127
2,7,7,8,318,2127
1,6,7,8,318,2127
1,8,7,8,318,2127
4,7,7,8,318,2127
3,6,7,8,318,2127
3,8,7,8,318,2127
2,5,7,8,318,2127
2,9,7,8,318,2127
6,7,7,8,318,2127
5,6,7,8,318,2127
5,8,7,8,318,2127
4,5,7,8,318,2127
4,9,7,8,318,2127
3,4,7,8,318,2127
3,9,7,8,318,2127
8,7,7,8,318,2127
7,6,7,8,318,2127
7,8,7,8,318,2127
6,5,7,8,318,2127
6,9,7,8,318,2127
5,4,7,8,318,2127
5,9,7,8,318,2127
4,3,7,8,318,2127
4,8,7,8,318,2127
1,8,6,7,319,1650
3,8,6,7,319,1650
2,7,6,7,319,1650
2,9,6,7,319,1650
5,8,6,7,319,1650
4,7,6,7,319,1650
4,9,6,7,319,1650
3,6,6,7,319,1650
3,9,6,7,319,1650
7,8,6,7,319,1650
6,7,6,7,319,1650
6,9,6,7,319,1650
5,6,6,7,319,1650
5,9,6,7,319,1650
4,5,6,7,319,1650
4,8,6,7,319,1650
5,6,7,8,59,1136
7,6,7,8,59,1136
6,5,7,8,59,1136
6,7,7,8,59,1136
9,6,7,8,59,1136
8,5,7,8,59,1136
8,7,7,8,59,1136
7,4,7,8,59,1136
7,8,7,8,59,1136
4,7,7,8,58,1138
6,7,7,8,58,1138
5,6,7,8,58,1138
5,8,7,8,58,1138
8,7,7,8,58,1138
7,6,7,8,58,1138
7,8,7,8,58,1138
6,5,7,8,58,1138
6,9,7,8,58,1138
3,8,6,7,182,1138
5,8,6,7,182,1138
4,7,6,7,182,1138
4,9,6,7,182,1138
7,8,6,7,182,1138
6,7,6,7,182,1138
6,9,6,7,182,1138
5,6,6,7,182,1138
5,9,6,7,182,1138
7,6,8,7,19,588
9,6,8,7,19,588
8,5,8,7,19,588
8,7,8,7,19,588
6,7,7,8,19,588
8,7,7,8,19,588
7,6,7,8,19,588
7,8,7,8,19,588
5,8,7,8,30,588
7,8,7,8,30,588
6,7,7,8,30,588
6,9,7,8,30,588
4,9,5,8,320,588
6,9,5,8,320,588
5,8,5,8,320,588
5,9,5,8,320,588
9,6,9,6,0,0
8,7,8,7,0,0
7,8,7,8,0,0
6,9,6,9,0,0
0,0,7,7,321,4419
1,0,7,7,321,4419
0,1,7,7,321,4419
2,0,7,7,321,4419
1,1,7,7,321,4419
0,2,7,7,321,4419
3,0,7,7,321,4419
2,1,7,7,321,4419
1,2,7,7,321,4419
0,3,7,7,321,4419
4,0,7,7,321,4419
3,1,7,7,321,4419
2,2,7,7,321,4419
1,3,7,7,321,4419
0,4,7,7,321,4419
6,0,7,7,321,4419
5,0,7,7,321,4419
5,1,7,7,321,4419
4,1,7,7,321,4419
4,2,7,7,321,4419
3,2,7,7,321,4419
3,3,7,7,321,4419
2,3,7,7,321,4419
2,4,7,7,321,4419
1,4,7,7,321,4419
1,5,7,7,321,4419
8,0,7,7,321,4419
7,0,7,7,321,4419
7,1,7,7,321,4419
6,1,7,7,321,4419
6,2,7,7,321,4419
5,2,7,7,321,4419
5,3,7,7,321,4419
4,3,7,7,321,4419
4,4,7,7,321,4419
3,4,7,7,321,4419
3,5,7,7,321,4419
2,5,7,7,321,4419
2,6,7,7,321,4419
9,0,7,7,321,4419
9,1,7,7,321,4419
8,1,7,7,321,4419
8,2,7,7,321,4419
7,2,7,7,321,4419
7,3,7,7,321,4419
6,3,7,7,321,4419
6,4,7,7,321,4419
5,4,7,7,321,4419
5,5,7,7,321,4419
4,5,7,7,321,4419
4,6,7,7,321,4419
3,6,7,7,321,4419
3,7,7,7,321,4419
9,2,7,7,321,4419
9,3,7,7,321,4419
8,3,7,7,321,4419
8,4,7,7,321,4419
7,4,7,7,321,4419
7,5,7,7,321,4419
6,5,7,7,321,4419
6,6,7,7,321,4419
5,6,7,7,321,4419
5,7,7,7,321,4419
4,7,7,7,321,4419
4,8,7,7,321,4419
9,4,7,7,321,4419
9,5,7,7,321,4419
8,5,7,7,321,4419
8,6,7,7,321,4419
7,6,7,7,321,4419
7,7,7,7,321,4419
6,7,7,7,321,4419
6,8,7,7,321,4419
5,8,7,7,321,4419
5,9,7,7,321,4419
9,6,7,7,321,4419
9,7,7,7,321,4419
8,7,7,7,321,4419
8,8,7,7,321,4419
7,8,7,7,321,4419
7,9,7,7,321,4419
6,9,7,7,321,4419
0,0,5,7,322,4106
1,0,5,7,322,4106
0,1,5,7,322,4106
2,0,5,7,322,4106
1,1,5,7,322,4106
0,2,5,7,322,4106
4,0,5,7,322,4106
3,0,5,7,322,4106
3,1,5,7,322,4106
2,1,5,7,322,4106
2,2,5,7,322,4106
1,2,5,7,322,4106
1,3,5,7,322,4106
6,0,5,7,322,4106
5,0,5,7,322,4106
5,1,5,7,322,4106
4,1,5,7,322,4106
4,2,5,7,322,4106
3,2,5,7,322,4106
3,3,5,7,322,4106
2,3,5,7,322,4106
2,4,5,7,322,4106
8,0,5,7,322,4106
7,0,5,7,322,4106
7,1,5,7,322,4106
6,1,5,7,322,4106
6,2,5,7,322,4106
5,2,5,7,322,4106
5,3,5,7,322,4106
4,3,5,7,322,4106
4,4,5,7,322,4106
3,4,5,7,322,4106
3,5,5,7,322,4106
9,0,5,7,322,4106
9,1,5,7,322,4106
8,1,5,7,322,4106
8,2,5,7,322,4106
7,2,5,7,322,4106
7,3,5,7,322,4106
6,3,5,7,322,4106
6,4,5,7,322,4106
5,4,5,7,322,4106
5,5,5,7,322,4106
4,5,5,7,322,4106
4,6,5,7,322,4106
9,2,5,7,322,4106
9,3,5,7,322,4106
8,3,5,7,322,4106
8,4,5,7,322,4106
7,4,5,7,322,4106
7,5,5,7,322,4106
6,5,5,7,322,4106
6,6,5,7,322,4106
5,6,5,7,322,4106
5,7,5,7,322,4106
9,4,5,7,322,4106
9,5,5,7,322,4106
8,5,5,7,322,4106
8,6,5,7,322,4106
7,6,5,7,322,4106
7,7,5,7,322,4106
6,7,5,7,322,4106
6,8,5,7,322,4106
9,6,5,7,322,4106
9,7,5,7,322,4106
8,7,5,7,322,4106
8,8,5,7,322,4106
7,8,5,7,322,4106
7,9,5,7,322,4106
0,0,5,5,323,3772
2,0,5,5,323,3772
1,0,5,5,323,3772
1,1,5,5,323,3772
4,0,5,5,323,3772
3,0,5,5,323,3772
3,1,5,5,323,3772
2,1,5,5,323,3772
2,2,5,5,323,3772
6,0,5,5,323,3772
5,0,5,5,323,3772
5,1,5,5,323,3772
4,1,5,5,323,3772
4,2,5,5,323,3772
3,2,5,5,323,3772
3,3,5,5,323,3772
8,0,5,5,323,3772
7,0,5,5,323,3772
7,1,5,5,323,3772
6,1,5,5,323,3772
6,2,5,5,323,3772
5,2,5,5,323,3772
5,3,5,5,323,3772
4,3,5,5,323,3772
4,4,5,5,323,3772
9,0,5,5,323,3772
9,1,5,5,323,3772
8,1,5,5,323,3772
8,2,5,5,323,3772
7,2,5,5,323,3772
7,3,5,5,323,3772
6,3,5,5,323,3772
6,4,5,5,323,3772
5,4,5,5,323,3772
5,5,5,5,323,3772
9,2,5,5,323,3772
9,3,5,5,323,3772
8,3,5,5,323,3772
8,4,5,5,323,3772
7,4,5,5,323,3772
7,5,5,5,323,3772
6,5,5,5,323,3772
6,6,5,5,323,3772
9,4,5,5,323,3772
9,5,5,5,323,3772
8,5,5,5,323,3772
8,6,5,5,323,3772
7,6,5,5,323,3772
7,7,5,5,323,3772
9,6,5,5,323,3772
9,7,5,5,323,3772
8,7,5,5,323,3772
8,8,5,5,323,3772
2,0,5,3,324,3401
4,0,5,3,324,3401
3,0,5,3,324,3401
3,1,5,3,324,3401
6,0,5,3,324,3401
5,0,5,3,324,3401
5,1,5,3,324,3401
4,1,5,3,324,3401
4,2,5,3,324,3401
8,0,5,3,324,3401
7,0,5,3,324,3401
7,1,5,3,324,3401
6,1,5,3,324,3401
6,2,5,3,324,3401
5,2,5,3,324,3401
5,3,5,3,324,3401
9,0,5,3,324,3401
9,1,5,3,324,3401
8,1,5,3,324,3401
8,2,5,3,324,3401
7,2,5,3,324,3401
7,3,5,3,324,3401
6,3,5,3,324,3401
6,4,5,3,324,3401
9,2,5,3,324,3401
9,3,5,3,324,3401
8,3,5,3,324,3401
8,4,5,3,324,3401
7,4,5,3,324,3401
7,5,5,3,324,3401
9,4,5,3,324,3401
9,5,5,3,324,3401
8,5,5,3,324,3401
8,6,5,3,324,3401
9,6,5,3,324,3401
9,7,5,3,324,3401
3,1,5,1,325,3003
5,1,5,1,325,3003
4,0,5,1,325,3003
4,2,5,1,325,3003
7,1,5,1,325,3003
6,0,5,1,325,3003
6,2,5,1,325,3003
5,0,5,1,325,3003
5,3,5,1,325,3003
9,1,5,1,325,3003
8,0,5,1,325,3003
8,2,5,1,325,3003
7,0,5,1,325,3003
7,3,5,1,325,3003
6,1,5,1,325,3003
6,4,5,1,325,3003
8,1,5,1,325,3003
9,0,5,1,325,3003
9,2,5,1,325,3003
9,3,5,1,325,3003
8,4,5,1,325,3003
7,2,5,1,325,3003
7,5,5,1,325,3003
8,3,5,1,325,3003
9,4,5,1,325,3003
9,5,5,1,325,3003
8,6,5,1,325,3003
4,1,5,1,325,3003
5,2,5,1,325,3003
6,3,5,1,325,3003
7,4,5,1,325,3003
8,5,5,1,325,3003
9,6,5,1,325,3003
9,7,5,1,325,3003
1,1,5,3,326,3398
3,1,5,3,326,3398
2,0,5,3,326,3398
2,2,5,3,326,3398
5,1,5,3,326,3398
4,0,5,3,326,3398
4,2,5,3,326,3398
3,0,5,3,326,3398
3,3,5,3,326,3398
7,1,5,3,326,3398
6,0,5,3,326,3398
6,2,5,3,326,3398
5,0,5,3,326,3398
5,3,5,3,326,3398
4,1,5,3,326,3398
4,4,5,3,326,3398
9,1,5,3,326,3398
8,0,5,3,326,3398
8,2,5,3,326,3398
7,0,5,3,326,3398
7,3,5,3,326,3398
6,1,5,3,326,3398
6,4,5,3,326,3398
5,2,5,3,326,3398
5,5,5,3,326,3398
8,1,5,3,326,3398
9,0,5,3,326,3398
9,2,5,3,326,3398
9,3,5,3,326,3398
8,4,5,3,326,3398
7,2,5,3,326,3398
7,5,5,3,326,3398
6,3,5,3,326,3398
6,6,5,3,326,3398
8,3,5,3,326,3398
9,4,5,3,326,3398
9,5,5,3,326,3398
8,6,5,3,326,3398
7,4,5,3,326,3398
7,7,5,3,326,3398
8,5,5,3,326,3398
9,6,5,3,326,3398
9,7,5,3,326,3398
8,8,5,3,326,3398
0,1,5,7,327,3741
1,1,5,7,327,3741
0,0,5,7,327,3741
0,2,5,7,327,3741
3,1,5,7,327,3741
2,0,5,7,327,3741
2,2,5,7,327,3741
1,0,5,7,327,3741
1,3,5,7,327,3741
5,1,5,7,327,3741
4,0,5,7,327,3741
4,2,5,7,327,3741
3,0,5,7,327,3741
3,3,5,7,327,3741
2,1,5,7,327,3741
2,4,5,7,327,3741
7,1,5,7,327,3741
6,0,5,7,327,3741
6,2,5,7,327,3741
5,0,5,7,327,3741
5,3,5,7,327,3741
4,1,5,7,327,3741
4,4,5,7,327,3741
3,2,5,7,327,3741
3,5,5,7,327,3741
9,1,5,7,327,3741
8,0,5,7,327,3741
8,2,5,7,327,3741
7,0,5,7,327,3741
7,3,5,7,327,3741
6,1,5,7,327,3741
6,4,5,7,327,3741
5,2,5,7,327,3741
5,5,5,7,327,3741
4,3,5,7,327,3741
4,6,5,7,327,3741
8,1,5,7,327,3741
9,0,5,7,327,3741
9,2,5,7,327,3741
9,3,5,7,327,3741
8,4,5,7,327,3741
7,2,5,7,327,3741
7,5,5,7,327,3741
6,3,5,7,327,3741
6,6,5,7,327,3741
5,4,5,7,327,3741
5,7,5,7,327,3741
8,3,5,7,327,3741
9,4,5,7,327,3741
9,5,5,7,327,3741
8,6,5,7,327,3741
7,4,5,7,327,3741
7,7,5,7,327,3741
6,5,5,7,327,3741
6,8,5,7,327,3741
8,5,5,7,327,3741
9,6,5,7,327,3741
9,7,5,7,327,3741
8,8,5,7,327,3741
7,6,5,7,327,3741
7,9,5,7,327,3741
0,1,7,7,328,4084
1,1,7,7,328,4084
0,0,7,7,328,4084
0,2,7,7,328,4084
2,1,7,7,328,4084
1,0,7,7,328,4084
1,2,7,7,328,4084
0,3,7,7,328,4084
3,1,7,7,328,4084
2,0,7,7,328,4084
2,2,7,7,328,4084
1,3,7,7,328,4084
0,4,7,7,328,4084
5,1,7,7,328,4084
4,0,7,7,328,4084
4,2,7,7,328,4084
3,0,7,7,328,4084
3,3,7,7,328,4084
2,4,7,7,328,4084
1,5,7,7,328,4084
7,1,7,7,328,4084
6,0,7,7,328,4084
6,2,7,7,328,4084
5,0,7,7,328,4084
5,3,7,7,328,4084
4,1,7,7,328,4084
4,4,7,7,328,4084
3,2,7,7,328,4084
3,5,7,7,328,4084
2,3,7,7,328,4084
2,6,7,7,328,4084
9,1,7,7,328,4084
8,0,7,7,328,4084
8,2,7,7,328,4084
7,0,7,7,328,4084
7,3,7,7,328,4084
6,1,7,7,328,4084
6,4,7,7,328,4084
5,2,7,7,328,4084
5,5,7,7,328,4084
4,3,7,7,328,4084
4,6,7,7,328,4084
3,4,7,7,328,4084
3,7,7,7,328,4084
8,1,7,7,328,4084
9,0,7,7,328,4084
9,2,7,7,328,4084
9,3,7,7,328,4084
8,4,7,7,328,4084
7,2,7,7,328,4084
7,5,7,7,328,4084
6,3,7,7,328,4084
6,6,7,7,328,4084
5,4,7,7,328,4084
5,7,7,7,328,4084
4,5,7,7,328,4084
4,8,7,7,328,4084
8,3,7,7,328,4084
9,4,7,7,328,4084
9,5,7,7,328,4084
8,6,7,7,328,4084
7,4,7,7,328,4084
7,7,7,7,328,4084
6,5,7,7,328,4084
6,8,7,7,328,4084
5,6,7,7,328,4084
5,9,7,7,328,4084
8,5,7,7,328,4084
9,6,7,7,328,4084
9,7,7,7,328,4084
8,8,7,7,328,4084
7,6,7,7,328,4084
7,9,7,7,328,4084
6,7,7,7,328,4084
6,9,7,7,328,4084
0,2,7,7,329,3745
1,2,7,7,329,3745
0,1,7,7,329,3745
0,3,7,7,329,3745
2,2,7,7,329,3745
1,1,7,7,329,3745
1,3,7,7,329,3745
0,0,7,7,329,3745
0,4,7,7,329,3745
4,2,7,7,329,3745
3,1,7,7,329,3745
3,3,7,7,329,3745
2,0,7,7,329,3745
2,4,7,7,329,3745
1,0,7,7,329,3745
1,5,7,7,329,3745
6,2,7,7,329,3745
5,1,7,7,329,3745
5,3,7,7,329,3745
4,0,7,7,329,3745
4,4,7,7,329,3745
3,0,7,7,329,3745
3,5,7,7,329,3745
2,1,7,7,329,3745
2,6,7,7,329,3745
8,2,7,7,329,3745
7,1,7,7,329,3745
7,3,7,7,329,3745
6,0,7,7,329,3745
6,4,7,7,329,3745
5,0,7,7,329,3745
5,5,7,7,329,3745
4,1,7,7,329,3745
4,6,7,7,329,3745
3,2,7,7,329,3745
3,7,7,7,329,3745
9,2,7,7,329,3745
9,1,7,7,329,3745
9,3,7,7,329,3745
8,0,7,7,329,3745
8,4,7,7,329,3745
7,0,7,7,329,3745
7,5,7,7,329,3745
6,1,7,7,329,3745
6,6,7,7,329,3745
5,2,7,7,329,3745
5,7,7,7,329,3745
4,3,7,7,329,3745
4,8,7,7,329,3745
7,2,7,7,329,3745
8,1,7,7,329,3745
8,3,7,7,329,3745
9,0,7,7,329,3745
9,4,7,7,329,3745
9,5,7,7,329,3745
8,6,7,7,329,3745
7,7,7,7,329,3745
6,3,7,7,329,3745
6,8,7,7,329,3745
5,4,7,7,329,3745
5,9,7,7,329,3745
7,4,7,7,329,3745
8,5,7,7,329,3745
9,6,7,7,329,3745
9,7,7,7,329,3745
8,8,7,7,329,3745
7,9,7,7,329,3745
6,5,7,7,329,3745
6,9,7,7,329,3745
0,4,7,7,330,2992
2,4,7,7,330,2992
1,3,7,7,330,2992
1,5,7,7,330,2992
4,4,7,7,330,2992
3,3,7,7,330,2992
3,5,7,7,330,2992
2,2,7,7,330,2992
2,6,7,7,330,2992
6,4,7,7,330,2992
5,3,7,7,330,2992
5,5,7,7,330,2992
4,2,7,7,330,2992
4,6,7,7,330,2992
3,1,7,7,330,2992
3,7,7,7,330,2992
8,4,7,7,330,2992
7,3,7,7,330,2992
7,5,7,7,330,2992
6,2,7,7,330,2992
6,6,7,7,330,2992
5,1,7,7,330,2992
5,7,7,7,330,2992
4,0,7,7,330,2992
4,8,7,7,330,2992
9,4,7,7,330,2992
9,3,7,7,330,2992
9,5,7,7,330,2992
8,2,7,7,330,2992
8,6,7,7,330,2992
7,1,7,7,330,2992
7,7,7,7,330,2992
6,0,7,7,330,2992
6,8,7,7,330,2992
5,0,7,7,330,2992
5,9,7,7,330,2992
7,4,7,7,330,2992
8,3,7,7,330,2992
8,5,7,7,330,2992
9,2,7,7,330,2992
9,6,7,7,330,2992
9,1,7,7,330,2992
9,7,7,7,330,2992
8,0,7,7,330,2992
8,8,7,7,330,2992
7,0,7,7,330,2992
7,9,7,7,330,2992
6,1,7,7,330,2992
6,9,7,7,330,2992
0,1,8,8,331,4400
1,1,8,8,331,4400
0,0,8,8,331,4400
0,2,8,8,331,4400
2,1,8,8,331,4400
1,0,8,8,331,4400
1,2,8,8,331,4400
0,3,8,8,331,4400
3,1,8,8,331,4400
2,0,8,8,331,4400
2,2,8,8,331,4400
1,3,8,8,331,4400
0,4,8,8,331,4400
4,1,8,8,331,4400
3,0,8,8,331,4400
3,2,8,8,331,4400
2,3,8,8,331,4400
1,4,8,8,331,4400
0,5,8,8,331,4400
5,1,8,8,331,4400
4,0,8,8,331,4400
4,2,8,8,331,4400
3,3,8,8,331,4400
2,4,8,8,331,4400
1,5,8,8,331,4400
0,6,8,8,331,4400
7,1,8,8,331,4400
6,0,8,8,331,4400
6,2,8,8,331,4400
5,0,8,8,331,4400
5,3,8,8,331,4400
4,4,8,8,331,4400
3,5,8,8,331,4400
2,6,8,8,331,4400
1,7,8,8,331,4400
9,1,8,8,331,4400
8,0,8,8,331,4400
8,2,8,8,331,4400
7,0,8,8,331,4400
7,3,8,8,331,4400
6,1,8,8,331,4400
6,4,8,8,331,4400
5,2,8,8,331,4400
5,5,8,8,331,4400
4,3,8,8,331,4400
4,6,8,8,331,4400
3,4,8,8,331,4400
3,7,8,8,331,4400
2,5,8,8,331,4400
2,8,8,8,331,4400
8,1,8,8,331,4400
9,0,8,8,331,4400
9,2,8,8,331,4400
9,3,8,8,331,4400
8,4,8,8,331,4400
7,2,8,8,331,4400
7,5,8,8,331,4400
6,3,8,8,331,4400
6,6,8,8,331,4400
5,4,8,8,331,4400
5,7,8,8,331,4400
4,5,8,8,331,4400
4,8,8,8,331,4400
3,6,8,8,331,4400
3,9,8,8,331,4400
8,3,8,8,331,4400
9,4,8,8,331,4400
9,5,8,8,331,4400
8,6,8,8,331,4400
7,4,8,8,331,4400
7,7,8,8,331,4400
6,5,8,8,331,4400
6,8,8,8,331,4400
5,6,8,8,331,4400
5,9,8,8,331,4400
4,7,8,8,331,4400
4,9,8,8,331,4400
8,5,8,8,331,4400
9,6,8,8,331,4400
9,7,8,8,331,4400
8,8,8,8,331,4400
7,6,8,8,331,4400
7,9,8,8,331,4400
6,7,8,8,331,4400
6,9,8,8,331,4400
5,8,8,8,331,4400
0,2,8,8,332,4084
1,2,8,8,332,4084
0,1,8,8,332,4084
0,3,8,8,332,4084
2,2,8,8,332,4084
1,1,8,8,332,4084
1,3,8,8,332,4084
0,0,8,8,332,4084
0,4,8,8,332,4084
3,2,8,8,332,4084
2,1,8,8,332,4084
2,3,8,8,332,4084
1,0,8,8,332,4084
1,4,8,8,332,4084
0,5,8,8,332,4084
4,2,8,8,332,4084
3,1,8,8,332,4084
3,3,8,8,332,4084
2,0,8,8,332,4084
2,4,8,8,332,4084
1,5,8,8,332,4084
0,6,8,8,332,4084
6,2,8,8,332,4084
5,1,8,8,332,4084
5,3,8,8,332,4084
4,0,8,8,332,4084
4,4,8,8,332,4084
3,0,8,8,332,4084
3,5,8,8,332,4084
2,6,8,8,332,4084
1,7,8,8,332,4084
8,2,8,8,332,4084
7,1,8,8,332,4084
7,3,8,8,332,4084
6,0,8,8,332,4084
6,4,8,8,332,4084
5,0,8,8,332,4084
5,5,8,8,332,4084
4,1,8,8,332,4084
4,6,8,8,332,4084
3,7,8,8,332,4084
2,8,8,8,332,4084
9,2,8,8,332,4084
9,1,8,8,332,4084
9,3,8,8,332,4084
8,0,8,8,332,4084
8,4,8,8,332,4084
7,0,8,8,332,4084
7,5,8,8,332,4084
6,1,8,8,332,4084
6,6,8,8,332,4084
5,2,8,8,332,4084
5,7,8,8,332,4084
4,3,8,8,332,4084
4,8,8,8,332,4084
3,4,8,8,332,4084
3,9,8,8,332,4084
7,2,8,8,332,4084
8,1,8,8,332,4084
8,3,8,8,332,4084
9,0,8,8,332,4084
9,4,8,8,332,4084
9,5,8,8,332,4084
8,6,8,8,332,4084
7,7,8,8,332,4084
6,3,8,8,332,4084
6,8,8,8,332,4084
5,4,8,8,332,4084
5,9,8,8,332,4084
4,5,8,8,332,4084
4,9,8,8,332,4084
7,4,8,8,332,4084
8,5,8,8,332,4084
9,6,8,8,332,4084
9,7,8,8,332,4084
8,8,8,8,332,4084
7,9,8,8,332,4084
6,5,8,8,332,4084
6,9,8,8,332,4084
5,6,8,8,332,4084
5,8,8,8,332,4084
0,3,8,8,333,3745
1,3,8,8,333,3745
0,2,8,8,333,3745
0,4,8,8,333,3745
2,3,8,8,333,3745
1,2,8,8,333,3745
1,4,8,8,333,3745
0,1,8,8,333,3745
0,5,8,8,333,3745
3,3,8,8,333,3745
2,2,8,8,333,3745
2,4,8,8,333,3745
1,1,8,8,333,3745
1,5,8,8,333,3745
0,0,8,8,333,3745
0,6,8,8,333,3745
5,3,8,8,333,3745
4,2,8,8,333,3745
4,4,8,8,333,3745
3,1,8,8,333,3745
3,5,8,8,333,3745
2,0,8,8,333,3745
2,6,8,8,333,3745
1,0,8,8,333,3745
1,7,8,8,333,3745
7,3,8,8,333,3745
6,2,8,8,333,3745
6,4,8,8,333,3745
5,1,8,8,333,3745
5,5,8,8,333,3745
4,0,8,8,333,3745
4,6,8,8,333,3745
3,0,8,8,333,3745
3,7,8,8,333,3745
2,1,8,8,333,3745
2,8,8,8,333,3745
9,3,8,8,333,3745
8,2,8,8,333,3745
8,4,8,8,333,3745
7,1,8,8,333,3745
7,5,8,8,333,3745
6,0,8,8,333,3745
6,6,8,8,333,3745
5,0,8,8,333,3745
5,7,8,8,333,3745
4,1,8,8,333,3745
4,8,8,8,333,3745
3,2,8,8,333,3745
3,9,8,8,333,3745
8,3,8,8,333,3745
9,2,8,8,333,3745
9,4,8,8,333,3745
9,1,8,8,333,3745
9,5,8,8,333,3745
8,0,8,8,333,3745
8,6,8,8,333,3745
7,0,8,8,333,3745
7,7,8,8,333,3745
6,1,8,8,333,3745
6,8,8,8,333,3745
5,2,8,8,333,3745
5,9,8,8,333,3745
4,3,8,8,333,3745
4,9,8,8,333,3745
6,3,8,8,333,3745
7,2,8,8,333,3745
7,4,8,8,333,3745
8,1,8,8,333,3745
8,5,8,8,333,3745
9,0,8,8,333,3745
9,6,8,8,333,3745
9,7,8,8,333,3745
8,8,8,8,333,3745
7,9,8,8,333,3745
6,9,8,8,333,3745
5,4,8,8,333,3745
5,8,8,8,333,3745
0,4,8,8,334,3381
1,4,8,8,334,3381
0,3,8,8,334,3381
0,5,8,8,334,3381
2,4,8,8,334,3381
1,3,8,8,334,3381
1,5,8,8,334,3381
0,2,8,8,334,3381
0,6,8,8,334,3381
4,4,8,8,334,3381
3,3,8,8,334,3381
3,5,8,8,334,3381
2,2,8,8,334,3381
2,6,8,8,334,3381
1,1,8,8,334,3381
1,7,8,8,334,3381
6,4,8,8,334,3381
5,3,8,8,334,3381
5,5,8,8,334,3381
4,2,8,8,334,3381
4,6,8,8,334,3381
3,1,8,8,334,3381
3,7,8,8,334,3381
2,0,8,8,334,3381
2,8,8,8,334,3381
8,4,8,8,334,3381
7,3,8,8,334,3381
7,5,8,8,334,3381
6,2,8,8,334,3381
6,6,8,8,334,3381
5,1,8,8,334,3381
5,7,8,8,334,3381
4,0,8,8,334,3381
4,8,8,8,334,3381
3,0,8,8,334,3381
3,9,8,8,334,3381
9,4,8,8,334,3381
9,3,8,8,334,3381
9,5,8,8,334,3381
8,2,8,8,334,3381
8,6,8,8,334,3381
7,1,8,8,334,3381
7,7,8,8,334,3381
6,0,8,8,334,3381
6,8,8,8,334,3381
5,0,8,8,334,3381
5,9,8,8,334,3381
4,1,8,8,334,3381
4,9,8,8,334,3381
7,4,8,8,334,3381
8,3,8,8,334,3381
8,5,8,8,334,3381
9,2,8,8,334,3381
9,6,8,8,334,3381
9,1,8,8,334,3381
9,7,8,8,334,3381
8,0,8,8,334,3381
8,8,8,8,334,3381
7,0,8,8,334,3381
7,9,8,8,334,3381
6,1,8,8,334,3381
6,9,8,8,334,3381
5,2,8,8,334,3381
5,8,8,8,334,3381
0,5,8,8,335,2992
1,5,8,8,335,2992
0,4,8,8,335,2992
0,6,8,8,335,2992
3,5,8,8,335,2992
2,4,8,8,335,2992
2,6,8,8,335,2992
1,3,8,8,335,2992
1,7,8,8,335,2992
5,5,8,8,335,2992
4,4,8,8,335,2992
4,6,8,8,335,2992
3,3,8,8,335,2992
3,7,8,8,335,2992
2,2,8,8,335,2992
2,8,8,8,335,2992
7,5,8,8,335,2992
6,4,8,8,335,2992
6,6,8,8,335,2992
5,3,8,8,335,2992
5,7,8,8,335,2992
4,2,8,8,335,2992
4,8,8,8,335,2992
3,1,8,8,335,2992
3,9,8,8,335,2992
9,5,8,8,335,2992
8,4,8,8,335,2992
8,6,8,8,335,2992
7,3,8,8,335,2992
7,7,8,8,335,2992
6,2,8,8,335,2992
6,8,8,8,335,2992
5,1,8,8,335,2992
5,9,8,8,335,2992
4,0,8,8,335,2992
4,9,8,8,335,2992
8,5,8,8,335,2992
9,4,8,8,335,2992
9,6,8,8,335,2992
9,3,8,8,335,2992
9,7,8,8,335,2992
8,2,8,8,335,2992
8,8,8,8,335,2992
7,1,8,8,335,2992
7,9,8,8,335,2992
6,0,8,8,335,2992
6,9,8,8,335,2992
5,0,8,8,335,2992
5,8,8,8,335,2992
0,2,8,8,336,4403
1,2,8,8,336,4403
0,1,8,8,336,4403
0,3,8,8,336,4403
2,2,8,8,336,4403
1,1,8,8,336,4403
1,3,8,8,336,4403
0,0,8,8,336,4403
0,4,8,8,336,4403
3,2,8,8,336,4403
2,1,8,8,336,4403
2,3,8,8,336,4403
1,0,8,8,336,4403
1,4,8,8,336,4403
0,5,8,8,336,4403
4,2,8,8,336,4403
3,1,8,8,336,4403
3,3,8,8,336,4403
2,0,8,8,336,4403
2,4,8,8,336,4403
1,5,8,8,336,4403
0,6,8,8,336,4403
5,2,8,8,336,4403
4,1,8,8,336,4403
4,3,8,8,336,4403
3,0,8,8,336,4403
3,4,8,8,336,4403
2,5,8,8,336,4403
1,6,8,8,336,4403
0,7,8,8,336,4403
6,2,8,8,336,4403
5,1,8,8,336,4403
5,3,8,8,336,4403
4,0,8,8,336,4403
4,4,8,8,336,4403
3,5,8,8,336,4403
2,6,8,8,336,4403
1,7,8,8,336,4403
0,8,8,8,336,4403
8,2,8,8,336,4403
7,1,8,8,336,4403
7,3,8,8,336,4403
6,0,8,8,336,4403
6,4,8,8,336,4403
5,0,8,8,336,4403
5,5,8,8,336,4403
4,6,8,8,336,4403
3,7,8,8,336,4403
2,8,8,8,336,4403
1,9,8,8,336,4403
9,2,8,8,336,4403
9,1,8,8,336,4403
9,3,8,8,336,4403
8,0,8,8,336,4403
8,4,8,8,336,4403
7,0,8,8,336,4403
7,5,8,8,336,4403
6,1,8,8,336,4403
6,6,8,8,336,4403
5,7,8,8,336,4403
4,8,8,8,336,4403
3,9,8,8,336,4403
2,9,8,8,336,4403
7,2,8,8,336,4403
8,1,8,8,336,4403
8,3,8,8,336,4403
9,0,8,8,336,4403
9,4,8,8,336,4403
9,5,8,8,336,4403
8,6,8,8,336,4403
7,7,8,8,336,4403
6,3,8,8,336,4403
6,8,8,8,336,4403
5,4,8,8,336,4403
5,9,8,8,336,4403
4,5,8,8,336,4403
4,9,8,8,336,4403
3,6,8,8,336,4403
3,8,8,8,336,4403
7,4,8,8,336,4403
8,5,8,8,336,4403
9,6,8,8,336,4403
9,7,8,8,336,4403
8,8,8,8,336,4403
7,9,8,8,336,4403
6,5,8,8,336,4403
6,9,8,8,336,4403
5,6,8,8,336,4403
5,8,8,8,336,4403
4,7,8,8,336,4403
0,3,8,8,337,4086
1,3,8,8,337,4086
0,2,8,8,337,4086
0,4,8,8,337,4086
2,3,8,8,337,4086
1,2,8,8,337,4086
1,4,8,8,337,4086
0,1,8,8,337,4086
0,5,8,8,337,4086
3,3,8,8,337,4086
2,2,8,8,337,4086
2,4,8,8,337,4086
1,1,8,8,337,4086
1,5,8,8,337,4086
0,0,8,8,337,4086
0,6,8,8,337,4086
4,3,8,8,337,4086
3,2,8,8,337,4086
3,4,8,8,337,4086
2,1,8,8,337,4086
2,5,8,8,337,4086
1,0,8,8,337,4086
1,6,8,8,337,4086
0,7,8,8,337,4086
5,3,8,8,337,4086
4,2,8,8,337,4086
4,4,8,8,337,4086
3,1,8,8,337,4086
3,5,8,8,337,4086
2,0,8,8,337,4086
2,6,8,8,337,4086
1,7,8,8,337,4086
0,8,8,8,337,4086
7,3,8,8,337,4086
6,2,8,8,337,4086
6,4,8,8,337,4086
5,1,8,8,337,4086
5,5,8,8,337,4086
4,0,8,8,337,4086
4,6,8,8,337,4086
3,0,8,8,337,4086
3,7,8,8,337,4086
2,8,8,8,337,4086
1,9,8,8,337,4086
9,3,8,8,337,4086
8,2,8,8,337,4086
8,4,8,8,337,4086
7,1,8,8,337,4086
7,5,8,8,337,4086
6,0,8,8,337,4086
6,6,8,8,337,4086
5,0,8,8,337,4086
5,7,8,8,337,4086
4,1,8,8,337,4086
4,8,8,8,337,4086
3,9,8,8,337,4086
2,9,8,8,337,4086
8,3,8,8,337,4086
9,2,8,8,337,4086
9,4,8,8,337,4086
9,1,8,8,337,4086
9,5,8,8,337,4086
8,0,8,8,337,4086
8,6,8,8,337,4086
7,0,8,8,337,4086
7,7,8,8,337,4086
6,1,8,8,337,4086
6,8,8,8,337,4086
5,2,8,8,337,4086
5,9,8,8,337,4086
4,9,8,8,337,4086
3,8,8,8,337,4086
6,3,8,8,337,4086
7,2,8,8,337,4086
7,4,8,8,337,4086
8,1,8,8,337,4086
8,5,8,8,337,4086
9,0,8,8,337,4086
9,6,8,8,337,4086
9,7,8,8,337,4086
8,8,8,8,337,4086
7,9,8,8,337,4086
6,9,8,8,337,4086
5,4,8,8,337,4086
5,8,8,8,337,4086
4,5,8,8,337,4086
4,7,8,8,337,4086
0,5,8,8,338,3381
1,5,8,8,338,3381
0,4,8,8,338,3381
0,6,8,8,338,3381
2,5,8,8,338,3381
1,4,8,8,338,3381
1,6,8,8,338,3381
0,3,8,8,338,3381
0,7,8,8,338,3381
3,5,8,8,338,3381
2,4,8,8,338,3381
2,6,8,8,338,3381
1,3,8,8,338,3381
1,7,8,8,338,3381
0,2,8,8,338,3381
0,8,8,8,338,3381
5,5,8,8,338,3381
4,4,8,8,338,3381
4,6,8,8,338,3381
3,3,8,8,338,3381
3,7,8,8,338,3381
2,2,8,8,338,3381
2,8,8,8,338,3381
1,1,8,8,338,3381
1,9,8,8,338,3381
7,5,8,8,338,3381
6,4,8,8,338,3381
6,6,8,8,338,3381
5,3,8,8,338,3381
5,7,8,8,338,3381
4,2,8,8,338,3381
4,8,8,8,338,3381
3,1,8,8,338,3381
3,9,8,8,338,3381
2,0,8,8,338,3381
2,9,8,8,338,3381
9,5,8,8,338,3381
8,4,8,8,338,3381
8,6,8,8,338,3381
7,3,8,8,338,3381
7,7,8,8,338,3381
6,2,8,8,338,3381
6,8,8,8,338,3381
5,1,8,8,338,3381
5,9,8,8,338,3381
4,0,8,8,338,3381
4,9,8,8,338,3381
3,0,8,8,338,3381
3,8,8,8,338,3381
8,5,8,8,338,3381
9,4,8,8,338,3381
9,6,8,8,338,3381
9,3,8,8,338,3381
9,7,8,8,338,3381
8,2,8,8,338,3381
8,8,8,8,338,3381
7,1,8,8,338,3381
7,9,8,8,338,3381
6,0,8,8,338,3381
6,9,8,8,338,3381
5,0,8,8,338,3381
5,8,8,8,338,3381
4,1,8,8,338,3381
4,7,8,8,338,3381
0,6,8,8,339,2991
1,6,8,8,339,2991
0,5,8,8,339,2991
0,7,8,8,339,2991
2,6,8,8,339,2991
1,5,8,8,339,2991
1,7,8,8,339,2991
0,4,8,8,339,2991
0,8,8,8,339,2991
4,6,8,8,339,2991
3,5,8,8,339,2991
3,7,8,8,339,2991
2,4,8,8,339,2991
2,8,8,8,339,2991
1,3,8,8,339,2991
1,9,8,8,339,2991
6,6,8,8,339,2991
5,5,8,8,339,2991
5,7,8,8,339,2991
4,4,8,8,339,2991
4,8,8,8,339,2991
3,3,8,8,339,2991
3,9,8,8,339,2991
2,2,8,8,339,2991
2,9,8,8,339,2991
8,6,8,8,339,2991
7,5,8,8,339,2991
7,7,8,8,339,2991
6,4,8,8,339,2991
6,8,8,8,339,2991
5,3,8,8,339,2991
5,9,8,8,339,2991
4,2,8,8,339,2991
4,9,8,8,339,2991
3,1,8,8,339,2991
3,8,8,8,339,2991
9,6,8,8,339,2991
9,5,8,8,339,2991
9,7,8,8,339,2991
8,4,8,8,339,2991
8,8,8,8,339,2991
7,3,8,8,339,2991
7,9,8,8,339,2991
6,2,8,8,339,2991
6,9,8,8,339,2991
5,1,8,8,339,2991
5,8,8,8,339,2991
4,0,8,8,339,2991
4,7,8,8,339,2991
0,3,8,8,340,4405
1,3,8,8,340,4405
0,2,8,8,340,4405
0,4,8,8,340,4405
2,3,8,8,340,4405
1,2,8,8,340,4405
1,4,8,8,340,4405
0,1,8,8,340,4405
0,5,8,8,340,4405
3,3,8,8,340,4405
2,2,8,8,340,4405
2,4,8,8,340,4405
1,1,8,8,340,4405
1,5,8,8,340,4405
0,0,8,8,340,4405
0,6,8,8,340,4405
4,3,8,8,340,4405
3,2,8,8,340,4405
3,4,8,8,340,4405
2,1,8,8,340,4405
2,5,8,8,340,4405
1,0,8,8,340,4405
1,6,8,8,340,4405
0,7,8,8,340,4405
5,3,8,8,340,4405
4,2,8,8,340,4405
4,4,8,8,340,4405
3,1,8,8,340,4405
3,5,8,8,340,4405
2,0,8,8,340,4405
2,6,8,8,340,4405
1,7,8,8,340,4405
0,8,8,8,340,4405
6,3,8,8,340,4405
5,2,8,8,340,4405
5,4,8,8,340,4405
4,1,8,8,340,4405
4,5,8,8,340,4405
3,0,8,8,340,4405
3,6,8,8,340,4405
2,7,8,8,340,4405
1,8,8,8,340,4405
0,9,8,8,340,4405
7,3,8,8,340,4405
6,2,8,8,340,4405
6,4,8,8,340,4405
5,1,8,8,340,4405
5,5,8,8,340,4405
4,0,8,8,340,4405
4,6,8,8,340,4405
3,7,8,8,340,4405
2,8,8,8,340,4405
1,9,8,8,340,4405
9,3,8,8,340,4405
8,2,8,8,340,4405
8,4,8,8,340,4405
7,1,8,8,340,4405
7,5,8,8,340,4405
6,0,8,8,340,4405
6,6,8,8,340,4405
5,0,8,8,340,4405
5,7,8,8,340,4405
4,8,8,8,340,4405
3,9,8,8,340,4405
2,9,8,8,340,4405
8,3,8,8,340,4405
9,2,8,8,340,4405
9,4,8,8,340,4405
9,1,8,8,340,4405
9,5,8,8,340,4405
8,0,8,8,340,4405
8,6,8,8,340,4405
7,0,8,8,340,4405
7,7,8,8,340,4405
6,1,8,8,340,4405
6,8,8,8,340,4405
5,9,8,8,340,4405
4,9,8,8,340,4405
3,8,8,8,340,4405
7,2,8,8,340,4405
7,4,8,8,340,4405
8,1,8,8,340,4405
8,5,8,8,340,4405
9,0,8,8,340,4405
9,6,8,8,340,4405
9,7,8,8,340,4405
8,8,8,8,340,4405
7,9,8,8,340,4405
6,9,8,8,340,4405
5,8,8,8,340,4405
4,7,8,8,340,4405
0,4,8,8,341,4086
1,4,8,8,341,4086
0,3,8,8,341,4086
0,5,8,8,341,4086
2,4,8,8,341,4086
1,3,8,8,341,4086
1,5,8,8,341,4086
0,2,8,8,341,4086
0,6,8,8,341,4086
3,4,8,8,341,4086
2,3,8,8,341,4086
2,5,8,8,341,4086
1,2,8,8,341,4086
1,6,8,8,341,4086
0,1,8,8,341,4086
0,7,8,8,341,4086
4,4,8,8,341,4086
3,3,8,8,341,4086
3,5,8,8,341,4086
2,2,8,8,341,4086
2,6,8,8,341,4086
1,1,8,8,341,4086
1,7,8,8,341,4086
0,0,8,8,341,4086
0,8,8,8,341,4086
5,4,8,8,341,4086
4,3,8,8,341,4086
4,5,8,8,341,4086
3,2,8,8,341,4086
3,6,8,8,341,4086
2,1,8,8,341,4086
2,7,8,8,341,4086
1,0,8,8,341,4086
1,8,8,8,341,4086
0,9,8,8,341,4086
6,4,8,8,341,4086
5,3,8,8,341,4086
5,5,8,8,341,4086
4,2,8,8,341,4086
4,6,8,8,341,4086
3,1,8,8,341,4086
3,7,8,8,341,4086
2,0,8,8,341,4086
2,8,8,8,341,4086
1,9,8,8,341,4086
8,4,8,8,341,4086
7,3,8,8,341,4086
7,5,8,8,341,4086
6,2,8,8,341,4086
6,6,8,8,341,4086
5,1,8,8,341,4086
5,7,8,8,341,4086
4,0,8,8,341,4086
4,8,8,8,341,4086
3,0,8,8,341,4086
3,9,8,8,341,4086
2,9,8,8,341,4086
9,4,8,8,341,4086
9,3,8,8,341,4086
9,5,8,8,341,4086
8,2,8,8,341,4086
8,6,8,8,341,4086
7,1,8,8,341,4086
7,7,8,8,341,4086
6,0,8,8,341,4086
6,8,8,8,341,4086
5,0,8,8,341,4086
5,9,8,8,341,4086
4,1,8,8,341,4086
4,9,8,8,341,4086
3,8,8,8,341,4086
7,4,8,8,341,4086
8,3,8,8,341,4086
8,5,8,8,341,4086
9,2,8,8,341,4086
9,6,8,8,341,4086
9,1,8,8,341,4086
9,7,8,8,341,4086
8,0,8,8,341,4086
8,8,8,8,341,4086
7,0,8,8,341,4086
7,9,8,8,341,4086
6,1,8,8,341,4086
6,9,8,8,341,4086
5,2,8,8,341,4086
5,8,8,8,341,4086
4,7,8,8,341,4086
0,5,8,8,342,3745
1,5,8,8,342,3745
0,4,8,8,342,3745
0,6,8,8,342,3745
2,5,8,8,342,3745
1,4,8,8,342,3745
1,6,8,8,342,3745
0,3,8,8,342,3745
0,7,8,8,342,3745
3,5,8,8,342,3745
2,4,8,8,342,3745
2,6,8,8,342,3745
1,3,8,8,342,3745
1,7,8,8,342,3745
0,2,8,8,342,3745
0,8,8,8,342,3745
4,5,8,8,342,3745
3,4,8,8,342,3745
3,6,8,8,342,3745
2,3,8,8,342,3745
2,7,8,8,342,3745
1,2,8,8,342,3745
1,8,8,8,342,3745
0,1,8,8,342,3745
0,9,8,8,342,3745
5,5,8,8,342,3745
4,4,8,8,342,3745
4,6,8,8,342,3745
3,3,8,8,342,3745
3,7,8,8,342,3745
2,2,8,8,342,3745
2,8,8,8,342,3745
1,1,8,8,342,3745
1,9,8,8,342,3745
0,0,8,8,342,3745
7,5,8,8,342,3745
6,4,8,8,342,3745
6,6,8,8,342,3745
5,3,8,8,342,3745
5,7,8,8,342,3745
4,2,8,8,342,3745
4,8,8,8,342,3745
3,1,8,8,342,3745
3,9,8,8,342,3745
2,0,8,8,342,3745
2,9,8,8,342,3745
1,0,8,8,342,3745
9,5,8,8,342,3745
8,4,8,8,342,3745
8,6,8,8,342,3745
7,3,8,8,342,3745
7,7,8,8,342,3745
6,2,8,8,342,3745
6,8,8,8,342,3745
5,1,8,8,342,3745
5,9,8,8,342,3745
4,0,8,8,342,3745
4,9,8,8,342,3745
3,0,8,8,342,3745
3,8,8,8,342,3745
2,1,8,8,342,3745
8,5,8,8,342,3745
9,4,8,8,342,3745
9,6,8,8,342,3745
9,3,8,8,342,3745
9,7,8,8,342,3745
8,2,8,8,342,3745
8,8,8,8,342,3745
7,1,8,8,342,3745
7,9,8,8,342,3745
6,0,8,8,342,3745
6,9,8,8,342,3745
5,0,8,8,342,3745
5,8,8,8,342,3745
4,1,8,8,342,3745
4,7,8,8,342,3745
3,2,8,8,342,3745
0,6,8,8,343,3379
1,6,8,8,343,3379
0,5,8,8,343,3379
0,7,8,8,343,3379
2,6,8,8,343,3379
1,5,8,8,343,3379
1,7,8,8,343,3379
0,4,8,8,343,3379
0,8,8,8,343,3379
3,6,8,8,343,3379
2,5,8,8,343,3379
2,7,8,8,343,3379
1,4,8,8,343,3379
1,8,8,8,343,3379
0,3,8,8,343,3379
0,9,8,8,343,3379
4,6,8,8,343,3379
3,5,8,8,343,3379
3,7,8,8,343,3379
2,4,8,8,343,3379
2,8,8,8,343,3379
1,3,8,8,343,3379
1,9,8,8,343,3379
0,2,8,8,343,3379
6,6,8,8,343,3379
5,5,8,8,343,3379
5,7,8,8,343,3379
4,4,8,8,343,3379
4,8,8,8,343,3379
3,3,8,8,343,3379
3,9,8,8,343,3379
2,2,8,8,343,3379
2,9,8,8,343,3379
1,1,8,8,343,3379
8,6,8,8,343,3379
7,5,8,8,343,3379
7,7,8,8,343,3379
6,4,8,8,343,3379
6,8,8,8,343,3379
5,3,8,8,343,3379
5,9,8,8,343,3379
4,2,8,8,343,3379
4,9,8,8,343,3379
3,1,8,8,343,3379
3,8,8,8,343,3379
2,0,8,8,343,3379
9,6,8,8,343,3379
9,5,8,8,343,3379
9,7,8,8,343,3379
8,4,8,8,343,3379
8,8,8,8,343,3379
7,3,8,8,343,3379
7,9,8,8,343,3379
6,2,8,8,343,3379
6,9,8,8,343,3379
5,1,8,8,343,3379
5,8,8,8,343,3379
4,0,8,8,343,3379
4,7,8,8,343,3379
3,0,8,8,343,3379
0,7,8,8,344,2986
1,7,8,8,344,2986
0,6,8,8,344,2986
0,8,8,8,344,2986
2,7,8,8,344,2986
1,6,8,8,344,2986
1,8,8,8,344,2986
0,5,8,8,344,2986
0,9,8,8,344,2986
3,7,8,8,344,2986
2,6,8,8,344,2986
2,8,8,8,344,2986
1,5,8,8,344,2986
1,9,8,8,344,2986
0,4,8,8,344,2986
5,7,8,8,344,2986
4,6,8,8,344,2986
4,8,8,8,344,2986
3,5,8,8,344,2986
3,9,8,8,344,2986
2,4,8,8,344,2986
2,9,8,8,344,2986
1,3,8,8,344,2986
7,7,8,8,344,2986
6,6,8,8,344,2986
6,8,8,8,344,2986
5,5,8,8,344,2986
5,9,8,8,344,2986
4,4,8,8,344,2986
4,9,8,8,344,2986
3,3,8,8,344,2986
3,8,8,8,344,2986
2,2,8,8,344,2986
9,7,8,8,344,2986
8,6,8,8,344,2986
8,8,8,8,344,2986
7,5,8,8,344,2986
7,9,8,8,344,2986
6,4,8,8,344,2986
6,9,8,8,344,2986
5,3,8,8,344,2986
5,8,8,8,344,2986
4,2,8,8,344,2986
4,7,8,8,344,2986
3,1,8,8,344,2986
3,6,8,8,344,2986
0,4,8,8,345,4403
1,4,8,8,345,4403
0,3,8,8,345,4403
0,5,8,8,345,4403
2,4,8,8,345,4403
1,3,8,8,345,4403
1,5,8,8,345,4403
0,2,8,8,345,4403
0,6,8,8,345,4403
3,4,8,8,345,4403
2,3,8,8,345,4403
2,5,8,8,345,4403
1,2,8,8,345,4403
1,6,8,8,345,4403
0,1,8,8,345,4403
0,7,8,8,345,4403
4,4,8,8,345,4403
3,3,8,8,345,4403
3,5,8,8,345,4403
2,2,8,8,345,4403
2,6,8,8,345,4403
1,1,8,8,345,4403
1,7,8,8,345,4403
0,0,8,8,345,4403
0,8,8,8,345,4403
5,4,8,8,345,4403
4,3,8,8,345,4403
4,5,8,8,345,4403
3,2,8,8,345,4403
3,6,8,8,345,4403
2,1,8,8,345,4403
2,7,8,8,345,4403
1,0,8,8,345,4403
1,8,8,8,345,4403
0,9,8,8,345,4403
6,4,8,8,345,4403
5,3,8,8,345,4403
5,5,8,8,345,4403
4,2,8,8,345,4403
4,6,8,8,345,4403
3,1,8,8,345,4403
3,7,8,8,345,4403
2,0,8,8,345,4403
2,8,8,8,345,4403
1,9,8,8,345,4403
7,4,8,8,345,4403
6,3,8,8,345,4403
6,5,8,8,345,4403
5,2,8,8,345,4403
5,6,8,8,345,4403
4,1,8,8,345,4403
4,7,8,8,345,4403
3,0,8,8,345,4403
3,8,8,8,345,4403
2,9,8,8,345,4403
8,4,8,8,345,4403
7,3,8,8,345,4403
7,5,8,8,345,4403
6,2,8,8,345,4403
6,6,8,8,345,4403
5,1,8,8,345,4403
5,7,8,8,345,4403
4,0,8,8,345,4403
4,8,8,8,345,4403
3,9,8,8,345,4403
9,4,8,8,345,4403
9,3,8,8,345,4403
9,5,8,8,345,4403
8,2,8,8,345,4403
8,6,8,8,345,4403
7,1,8,8,345,4403
7,7,8,8,345,4403
6,0,8,8,345,4403
6,8,8,8,345,4403
5,0,8,8,345,4403
5,9,8,8,345,4403
4,9,8,8,345,4403
8,3,8,8,345,4403
8,5,8,8,345,4403
9,2,8,8,345,4403
9,6,8,8,345,4403
9,1,8,8,345,4403
9,7,8,8,345,4403
8,0,8,8,345,4403
8,8,8,8,345,4403
7,0,8,8,345,4403
7,9,8,8,345,4403
6,1,8,8,345,4403
6,9,8,8,345,4403
5,8,8,8,345,4403
0,6,8,8,346,3741
1,6,8,8,346,3741
0,5,8,8,346,3741
0,7,8,8,346,3741
2,6,8,8,346,3741
1,5,8,8,346,3741
1,7,8,8,346,3741
0,4,8,8,346,3741
0,8,8,8,346,3741
3,6,8,8,346,3741
2,5,8,8,346,3741
2,7,8,8,346,3741
1,4,8,8,346,3741
1,8,8,8,346,3741
0,3,8,8,346,3741
0,9,8,8,346,3741
4,6,8,8,346,3741
3,5,8,8,346,3741
3,7,8,8,346,3741
2,4,8,8,346,3741
2,8,8,8,346,3741
1,3,8,8,346,3741
1,9,8,8,346,3741
0,2,8,8,346,3741
5,6,8,8,346,3741
4,5,8,8,346,3741
4,7,8,8,346,3741
3,4,8,8,346,3741
3,8,8,8,346,3741
2,3,8,8,346,3741
2,9,8,8,346,3741
1,2,8,8,346,3741
0,1,8,8,346,3741
6,6,8,8,346,3741
5,5,8,8,346,3741
5,7,8,8,346,3741
4,4,8,8,346,3741
4,8,8,8,346,3741
3,3,8,8,346,3741
3,9,8,8,346,3741
2,2,8,8,346,3741
1,1,8,8,346,3741
0,0,8,8,346,3741
8,6,8,8,346,3741
7,5,8,8,346,3741
7,7,8,8,346,3741
6,4,8,8,346,3741
6,8,8,8,346,3741
5,3,8,8,346,3741
5,9,8,8,346,3741
4,2,8,8,346,3741
4,9,8,8,346,3741
3,1,8,8,346,3741
2,0,8,8,346,3741
1,0,8,8,346,3741
9,6,8,8,346,3741
9,5,8,8,346,3741
9,7,8,8,346,3741
8,4,8,8,346,3741
8,8,8,8,346,3741
7,3,8,8,346,3741
7,9,8,8,346,3741
6,2,8,8,346,3741
6,9,8,8,346,3741
5,1,8,8,346,3741
5,8,8,8,346,3741
4,0,8,8,346,3741
3,0,8,8,346,3741
2,1,8,8,346,3741
0,7,8,8,347,3373
1,7,8,8,347,3373
0,6,8,8,347,3373
0,8,8,8,347,3373
2,7,8,8,347,3373
1,6,8,8,347,3373
1,8,8,8,347,3373
0,5,8,8,347,3373
0,9,8,8,347,3373
3,7,8,8,347,3373
2,6,8,8,347,3373
2,8,8,8,347,3373
1,5,8,8,347,3373
1,9,8,8,347,3373
0,4,8,8,347,3373
4,7,8,8,347,3373
3,6,8,8,347,3373
3,8,8,8,347,3373
2,5,8,8,347,3373
2,9,8,8,347,3373
1,4,8,8,347,3373
0,3,8,8,347,3373
5,7,8,8,347,3373
4,6,8,8,347,3373
4,8,8,8,347,3373
3,5,8,8,347,3373
3,9,8,8,347,3373
2,4,8,8,347,3373
1,3,8,8,347,3373
0,2,8,8,347,3373
7,7,8,8,347,3373
6,6,8,8,347,3373
6,8,8,8,347,3373
5,5,8,8,347,3373
5,9,8,8,347,3373
4,4,8,8,347,3373
4,9,8,8,347,3373
3,3,8,8,347,3373
2,2,8,8,347,3373
1,1,8,8,347,3373
9,7,8,8,347,3373
8,6,8,8,347,3373
8,8,8,8,347,3373
7,5,8,8,347,3373
7,9,8,8,347,3373
6,4,8,8,347,3373
6,9,8,8,347,3373
5,3,8,8,347,3373
5,8,8,8,347,3373
4,2,8,8,347,3373
3,1,8,8,347,3373
2,0,8,8,347,3373
0,8,7,7,348,2986
1,8,7,7,348,2986
0,7,7,7,348,2986
0,9,7,7,348,2986
2,8,7,7,348,2986
1,7,7,7,348,2986
1,9,7,7,348,2986
0,6,7,7,348,2986
3,8,7,7,348,2986
2,7,7,7,348,2986
2,9,7,7,348,2986
1,6,7,7,348,2986
0,5,7,7,348,2986
4,8,7,7,348,2986
3,7,7,7,348,2986
3,9,7,7,348,2986
2,6,7,7,348,2986
1,5,7,7,348,2986
0,4,7,7,348,2986
6,8,7,7,348,2986
5,7,7,7,348,2986
5,9,7,7,348,2986
4,6,7,7,348,2986
4,9,7,7,348,2986
3,5,7,7,348,2986
2,4,7,7,348,2986
1,3,7,7,348,2986
8,8,7,7,348,2986
7,7,7,7,348,2986
7,9,7,7,348,2986
6,6,7,7,348,2986
6,9,7,7,348,2986
5,5,7,7,348,2986
5,8,7,7,348,2986
4,4,7,7,348,2986
4,7,7,7,348,2986
3,3,7,7,348,2986
3,6,7,7,348,2986
2,2,7,7,348,2986
2,5,7,7,348,2986
0,4,8,8,349,4700
1,4,8,8,349,4700
0,3,8,8,349,4700
0,5,8,8,349,4700
2,4,8,8,349,4700
1,3,8,8,349,4700
1,5,8,8,349,4700
0,2,8,8,349,4700
0,6,8,8,349,4700
3,4,8,8,349,4700
2,3,8,8,349,4700
2,5,8,8,349,4700
1,2,8,8,349,4700
1,6,8,8,349,4700
0,1,8,8,349,4700
0,7,8,8,349,4700
4,4,8,8,349,4700
3,3,8,8,349,4700
3,5,8,8,349,4700
2,2,8,8,349,4700
2,6,8,8,349,4700
1,1,8,8,349,4700
1,7,8,8,349,4700
0,0,8,8,349,4700
0,8,8,8,349,4700
5,4,8,8,349,4700
4,3,8,8,349,4700
4,5,8,8,349,4700
3,2,8,8,349,4700
3,6,8,8,349,4700
2,1,8,8,349,4700
2,7,8,8,349,4700
1,0,8,8,349,4700
1,8,8,8,349,4700
0,9,8,8,349,4700
6,4,8,8,349,4700
5,3,8,8,349,4700
5,5,8,8,349,4700
4,2,8,8,349,4700
4,6,8,8,349,4700
3,1,8,8,349,4700
3,7,8,8,349,4700
2,0,8,8,349,4700
2,8,8,8,349,4700
1,9,8,8,349,4700
7,4,8,8,349,4700
6,3,8,8,349,4700
6,5,8,8,349,4700
5,2,8,8,349,4700
5,6,8,8,349,4700
4,1,8,8,349,4700
4,7,8,8,349,4700
3,0,8,8,349,4700
3,8,8,8,349,4700
2,9,8,8,349,4700
8,4,8,8,349,4700
7,3,8,8,349,4700
7,5,8,8,349,4700
6,2,8,8,349,4700
6,6,8,8,349,4700
5,1,8,8,349,4700
5,7,8,8,349,4700
4,0,8,8,349,4700
4,8,8,8,349,4700
3,9,8,8,349,4700
9,4,8,8,349,4700
8,3,8,8,349,4700
8,5,8,8,349,4700
7,2,8,8,349,4700
7,6,8,8,349,4700
6,1,8,8,349,4700
6,7,8,8,349,4700
5,0,8,8,349,4700
5,8,8,8,349,4700
4,9,8,8,349,4700
9,3,8,8,349,4700
9,5,8,8,349,4700
8,2,8,8,349,4700
8,6,8,8,349,4700
7,1,8,8,349,4700
7,7,8,8,349,4700
6,0,8,8,349,4700
6,8,8,8,349,4700
5,9,8,8,349,4700
9,2,8,8,349,4700
9,6,8,8,349,4700
9,1,8,8,349,4700
9,7,8,8,349,4700
8,0,8,8,349,4700
8,8,8,8,349,4700
7,0,8,8,349,4700
7,9,8,8,349,4700
6,9,8,8,349,4700
0,5,7,7,350,4420
1,5,7,7,350,4420
0,4,7,7,350,4420
0,6,7,7,350,4420
2,5,7,7,350,4420
1,4,7,7,350,4420
1,6,7,7,350,4420
0,3,7,7,350,4420
0,7,7,7,350,4420
3,5,7,7,350,4420
2,4,7,7,350,4420
2,6,7,7,350,4420
1,3,7,7,350,4420
1,7,7,7,350,4420
0,2,7,7,350,4420
0,8,7,7,350,4420
4,5,7,7,350,4420
3,4,7,7,350,4420
3,6,7,7,350,4420
2,3,7,7,350,4420
2,7,7,7,350,4420
1,2,7,7,350,4420
1,8,7,7,350,4420
0,1,7,7,350,4420
0,9,7,7,350,4420
5,5,7,7,350,4420
4,4,7,7,350,4420
4,6,7,7,350,4420
3,3,7,7,350,4420
3,7,7,7,350,4420
2,2,7,7,350,4420
2,8,7,7,350,4420
1,1,7,7,350,4420
1,9,7,7,350,4420
0,0,7,7,350,4420
6,5,7,7,350,4420
5,4,7,7,350,4420
5,6,7,7,350,4420
4,3,7,7,350,4420
4,7,7,7,350,4420
3,2,7,7,350,4420
3,8,7,7,350,4420
2,1,7,7,350,4420
2,9,7,7,350,4420
1,0,7,7,350,4420
7,5,7,7,350,4420
6,4,7,7,350,4420
6,6,7,7,350,4420
5,3,7,7,350,4420
5,7,7,7,350,4420
4,2,7,7,350,4420
4,8,7,7,350,4420
3,1,7,7,350,4420
3,9,7,7,350,4420
2,0,7,7,350,4420
8,5,7,7,350,4420
7,4,7,7,350,4420
7,6,7,7,350,4420
6,3,7,7,350,4420
6,7,7,7,350,4420
5,2,7,7,350,4420
5,8,7,7,350,4420
4,1,7,7,350,4420
4,9,7,7,350,4420
3,0,7,7,350,4420
9,5,7,7,350,4420
8,4,7,7,350,4420
8,6,7,7,350,4420
7,3,7,7,350,4420
7,7,7,7,350,4420
6,2,7,7,350,4420
6,8,7,7,350,4420
5,1,7,7,350,4420
5,9,7,7,350,4420
4,0,7,7,350,4420
9,4,7,7,350,4420
9,6,7,7,350,4420
9,3,7,7,350,4420
9,7,7,7,350,4420
8,2,7,7,350,4420
8,8,7,7,350,4420
7,1,7,7,350,4420
7,9,7,7,350,4420
6,0,7,7,350,4420
6,9,7,7,350,4420
5,0,7,7,350,4420
0,7,8,8,351,3734
1,7,8,8,351,3734
0,6,8,8,351,3734
0,8,8,8,351,3734
2,7,8,8,351,3734
1,6,8,8,351,3734
1,8,8,8,351,3734
0,5,8,8,351,3734
0,9,8,8,351,3734
3,7,8,8,351,3734
2,6,8,8,351,3734
2,8,8,8,351,3734
1,5,8,8,351,3734
1,9,8,8,351,3734
0,4,8,8,351,3734
4,7,8,8,351,3734
3,6,8,8,351,3734
3,8,8,8,351,3734
2,5,8,8,351,3734
2,9,8,8,351,3734
1,4,8,8,351,3734
0,3,8,8,351,3734
5,7,8,8,351,3734
4,6,8,8,351,3734
4,8,8,8,351,3734
3,5,8,8,351,3734
3,9,8,8,351,3734
2,4,8,8,351,3734
1,3,8,8,351,3734
0,2,8,8,351,3734
6,7,8,8,351,3734
5,6,8,8,351,3734
5,8,8,8,351,3734
4,5,8,8,351,3734
4,9,8,8,351,3734
3,4,8,8,351,3734
2,3,8,8,351,3734
1,2,8,8,351,3734
0,1,8,8,351,3734
7,7,8,8,351,3734
6,6,8,8,351,3734
6,8,8,8,351,3734
5,5,8,8,351,3734
5,9,8,8,351,3734
4,4,8,8,351,3734
3,3,8,8,351,3734
2,2,8,8,351,3734
1,1,8,8,351,3734
0,0,8,8,351,3734
9,7,8,8,351,3734
8,6,8,8,351,3734
8,8,8,8,351,3734
7,5,8,8,351,3734
7,9,8,8,351,3734
6,4,8,8,351,3734
6,9,8,8,351,3734
5,3,8,8,351,3734
4,2,8,8,351,3734
3,1,8,8,351,3734
2,0,8,8,351,3734
1,0,8,8,351,3734
0,8,7,7,352,3373
1,8,7,7,352,3373
0,7,7,7,352,3373
0,9,7,7,352,3373
2,8,7,7,352,3373
1,7,7,7,352,3373
1,9,7,7,352,3373
0,6,7,7,352,3373
3,8,7,7,352,3373
2,7,7,7,352,3373
2,9,7,7,352,3373
1,6,7,7,352,3373
0,5,7,7,352,3373
4,8,7,7,352,3373
3,7,7,7,352,3373
3,9,7,7,352,3373
2,6,7,7,352,3373
1,5,7,7,352,3373
0,4,7,7,352,3373
5,8,7,7,352,3373
4,7,7,7,352,3373
4,9,7,7,352,3373
3,6,7,7,352,3373
2,5,7,7,352,3373
1,4,7,7,352,3373
0,3,7,7,352,3373
6,8,7,7,352,3373
5,7,7,7,352,3373
5,9,7,7,352,3373
4,6,7,7,352,3373
3,5,7,7,352,3373
2,4,7,7,352,3373
1,3,7,7,352,3373
0,2,7,7,352,3373
8,8,7,7,352,3373
7,7,7,7,352,3373
7,9,7,7,352,3373
6,6,7,7,352,3373
6,9,7,7,352,3373
5,5,7,7,352,3373
4,4,7,7,352,3373
3,3,7,7,352,3373
2,2,7,7,352,3373
1,1,7,7,352,3373
0,6,8,8,353,4415
1,6,8,8,353,4415
0,5,8,8,353,4415
0,7,8,8,353,4415
2,6,8,8,353,4415
1,5,8,8,353,4415
1,7,8,8,353,4415
0,4,8,8,353,4415
0,8,8,8,353,4415
3,6,8,8,353,4415
2,5,8,8,353,4415
2,7,8,8,353,4415
1,4,8,8,353,4415
1,8,8,8,353,4415
0,3,8,8,353,4415
0,9,8,8,353,4415
4,6,8,8,353,4415
3,5,8,8,353,4415
3,7,8,8,353,4415
2,4,8,8,353,4415
2,8,8,8,353,4415
1,3,8,8,353,4415
1,9,8,8,353,4415
0,2,8,8,353,4415
5,6,8,8,353,4415
4,5,8,8,353,4415
4,7,8,8,353,4415
3,4,8,8,353,4415
3,8,8,8,353,4415
2,3,8,8,353,4415
2,9,8,8,353,4415
1,2,8,8,353,4415
0,1,8,8,353,4415
6,6,8,8,353,4415
5,5,8,8,353,4415
5,7,8,8,353,4415
4,4,8,8,353,4415
4,8,8,8,353,4415
3,3,8,8,353,4415
3,9,8,8,353,4415
2,2,8,8,353,4415
1,1,8,8,353,4415
0,0,8,8,353,4415
7,6,8,8,353,4415
6,5,8,8,353,4415
6,7,8,8,353,4415
5,4,8,8,353,4415
5,8,8,8,353,4415
4,3,8,8,353,4415
4,9,8,8,353,4415
3,2,8,8,353,4415
2,1,8,8,353,4415
1,0,8,8,353,4415
8,6,8,8,353,4415
7,5,8,8,353,4415
7,7,8,8,353,4415
6,4,8,8,353,4415
6,8,8,8,353,4415
5,3,8,8,353,4415
5,9,8,8,353,4415
4,2,8,8,353,4415
3,1,8,8,353,4415
2,0,8,8,353,4415
9,6,8,8,353,4415
8,5,8,8,353,4415
8,7,8,8,353,4415
7,4,8,8,353,4415
7,8,8,8,353,4415
6,3,8,8,353,4415
6,9,8,8,353,4415
5,2,8,8,353,4415
4,1,8,8,353,4415
3,0,8,8,353,4415
9,5,8,8,353,4415
9,7,8,8,353,4415
8,4,8,8,353,4415
8,8,8,8,353,4415
7,3,8,8,353,4415
7,9,8,8,353,4415
6,2,8,8,353,4415
5,1,8,8,353,4415
4,0,8,8,353,4415
0,7,8,8,354,4081
1,7,8,8,354,4081
0,6,8,8,354,4081
0,8,8,8,354,4081
2,7,8,8,354,4081
1,6,8,8,354,4081
1,8,8,8,354,4081
0,5,8,8,354,4081
0,9,8,8,354,4081
3,7,8,8,354,4081
2,6,8,8,354,4081
2,8,8,8,354,4081
1,5,8,8,354,4081
1,9,8,8,354,4081
0,4,8,8,354,4081
4,7,8,8,354,4081
3,6,8,8,354,4081
3,8,8,8,354,4081
2,5,8,8,354,4081
2,9,8,8,354,4081
1,4,8,8,354,4081
0,3,8,8,354,4081
5,7,8,8,354,4081
4,6,8,8,354,4081
4,8,8,8,354,4081
3,5,8,8,354,4081
3,9,8,8,354,4081
2,4,8,8,354,4081
1,3,8,8,354,4081
0,2,8,8,354,4081
6,7,8,8,354,4081
5,6,8,8,354,4081
5,8,8,8,354,4081
4,5,8,8,354,4081
4,9,8,8,354,4081
3,4,8,8,354,4081
2,3,8,8,354,4081
1,2,8,8,354,4081
0,1,8,8,354,4081
7,7,8,8,354,4081
6,6,8,8,354,4081
6,8,8,8,354,4081
5,5,8,8,354,4081
5,9,8,8,354,4081
4,4,8,8,354,4081
3,3,8,8,354,4081
2,2,8,8,354,4081
1,1,8,8,354,4081
0,0,8,8,354,4081
8,7,8,8,354,4081
7,6,8,8,354,4081
7,8,8,8,354,4081
6,5,8,8,354,4081
6,9,8,8,354,4081
5,4,8,8,354,4081
4,3,8,8,354,4081
3,2,8,8,354,4081
2,1,8,8,354,4081
1,0,8,8,354,4081
9,7,8,8,354,4081
8,6,8,8,354,4081
8,8,8,8,354,4081
7,5,8,8,354,4081
7,9,8,8,354,4081
6,4,8,8,354,4081
5,3,8,8,354,4081
4,2,8,8,354,4081
3,1,8,8,354,4081
2,0,8,8,354,4081
4,2,6,0,355,2582
6,2,6,0,355,2582
5,1,6,0,355,2582
5,3,6,0,355,2582
8,2,6,0,355,2582
7,1,6,0,355,2582
7,3,6,0,355,2582
6,0,6,0,355,2582
6,4,6,0,355,2582
9,2,6,0,355,2582
9,1,6,0,355,2582
9,3,6,0,355,2582
8,0,6,0,355,2582
8,4,6,0,355,2582
7,0,6,0,355,2582
7,5,6,0,355,2582
7,2,6,0,355,2582
8,1,6,0,355,2582
8,3,6,0,355,2582
9,0,6,0,355,2582
9,4,6,0,355,2582
9,5,6,0,355,2582
8,6,6,0,355,2582
5,2,6,0,355,2582
6,1,6,0,355,2582
6,3,6,0,355,2582
7,4,6,0,355,2582
8,5,6,0,355,2582
9,6,6,0,355,2582
9,7,6,0,355,2582
5,3,8,0,356,2130
7,3,8,0,356,2130
6,2,8,0,356,2130
6,4,8,0,356,2130
9,3,8,0,356,2130
8,2,8,0,356,2130
8,4,8,0,356,2130
7,1,8,0,356,2130
7,5,8,0,356,2130
8,3,8,0,356,2130
9,2,8,0,356,2130
9,4,8,0,356,2130
9,1,8,0,356,2130
9,5,8,0,356,2130
8,0,8,0,356,2130
8,6,8,0,356,2130
6,3,8,0,356,2130
7,2,8,0,356,2130
7,4,8,0,356,2130
8,1,8,0,356,2130
8,5,8,0,356,2130
9,0,8,0,356,2130
9,6,8,0,356,2130
9,7,8,0,356,2130
4,4,5,5,357,2127
6,4,5,5,357,2127
5,3,5,5,357,2127
5,5,5,5,357,2127
8,4,5,5,357,2127
7,3,5,5,357,2127
7,5,5,5,357,2127
6,2,5,5,357,2127
6,6,5,5,357,2127
9,4,5,5,357,2127
9,3,5,5,357,2127
9,5,5,5,357,2127
8,2,5,5,357,2127
8,6,5,5,357,2127
7,1,5,5,357,2127
7,7,5,5,357,2127
7,4,5,5,357,2127
8,3,5,5,357,2127
8,5,5,5,357,2127
9,2,5,5,357,2127
9,6,5,5,357,2127
9,1,5,5,357,2127
9,7,5,5,357,2127
8,0,5,5,357,2127
8,8,5,5,357,2127
2,4,5,7,358,2574
4,4,5,7,358,2574
3,3,5,7,358,2574
3,5,5,7,358,2574
6,4,5,7,358,2574
5,3,5,7,358,2574
5,5,5,7,358,2574
4,2,5,7,358,2574
4,6,5,7,358,2574
8,4,5,7,358,2574
7,3,5,7,358,2574
7,5,5,7,358,2574
6,2,5,7,358,2574
6,6,5,7,358,2574
5,1,5,7,358,2574
5,7,5,7,358,2574
9,4,5,7,358,2574
9,3,5,7,358,2574
9,5,5,7,358,2574
8,2,5,7,358,2574
8,6,5,7,358,2574
7,1,5,7,358,2574
7,7,5,7,358,2574
6,0,5,7,358,2574
6,8,5,7,358,2574
7,4,5,7,358,2574
8,3,5,7,358,2574
8,5,5,7,358,2574
9,2,5,7,358,2574
9,6,5,7,358,2574
9,1,5,7,358,2574
9,7,5,7,358,2574
8,0,5,7,358,2574
8,8,5,7,358,2574
7,0,5,7,358,2574
7,9,5,7,358,2574
1,5,7,7,359,2574
3,5,7,7,359,2574
2,4,7,7,359,2574
2,6,7,7,359,2574
5,5,7,7,359,2574
4,4,7,7,359,2574
4,6,7,7,359,2574
3,3,7,7,359,2574
3,7,7,7,359,2574
7,5,7,7,359,2574
6,4,7,7,359,2574
6,6,7,7,359,2574
5,3,7,7,359,2574
5,7,7,7,359,2574
4,2,7,7,359,2574
4,8,7,7,359,2574
9,5,7,7,359,2574
8,4,7,7,359,2574
8,6,7,7,359,2574
7,3,7,7,359,2574
7,7,7,7,359,2574
6,2,7,7,359,2574
6,8,7,7,359,2574
5,1,7,7,359,2574
5,9,7,7,359,2574
8,5,7,7,359,2574
9,4,7,7,359,2574
9,6,7,7,359,2574
9,3,7,7,359,2574
9,7,7,7,359,2574
8,2,7,7,359,2574
8,8,7,7,359,2574
7,1,7,7,359,2574
7,9,7,7,359,2574
6,0,7,7,359,2574
6,9,7,7,359,2574
2,6,8,8,360,2128
4,6,8,8,360,2128
3,5,8,8,360,2128
3,7,8,8,360,2128
6,6,8,8,360,2128
5,5,8,8,360,2128
5,7,8,8,360,2128
4,4,8,8,360,2128
4,8,8,8,360,2128
8,6,8,8,360,2128
7,5,8,8,360,2128
7,7,8,8,360,2128
6,4,8,8,360,2128
6,8,8,8,360,2128
5,3,8,8,360,2128
5,9,8,8,360,2128
9,6,8,8,360,2128
9,5,8,8,360,2128
9,7,8,8,360,2128
8,4,8,8,360,2128
8,8,8,8,360,2128
7,3,8,8,360,2128
7,9,8,8,360,2128
6,2,8,8,360,2128
6,9,8,8,360,2128
0,6,8,8,361,2574
2,6,8,8,361,2574
1,5,8,8,361,2574
1,7,8,8,361,2574
4,6,8,8,361,2574
3,5,8,8,361,2574
3,7,8,8,361,2574
2,4,8,8,361,2574
2,8,8,8,361,2574
6,6,8,8,361,2574
5,5,8,8,361,2574
5,7,8,8,361,2574
4,4,8,8,361,2574
4,8,8,8,361,2574
3,3,8,8,361,2574
3,9,8,8,361,2574
8,6,8,8,361,2574
7,5,8,8,361,2574
7,7,8,8,361,2574
6,4,8,8,361,2574
6,8,8,8,361,2574
5,3,8,8,361,2574
5,9,8,8,361,2574
4,2,8,8,361,2574
4,9,8,8,361,2574
9,6,8,8,361,2574
9,5,8,8,361,2574
9,7,8,8,361,2574
8,4,8,8,361,2574
8,8,8,8,361,2574
7,3,8,8,361,2574
7,9,8,8,361,2574
6,2,8,8,361,2574
6,9,8,8,361,2574
5,1,8,8,361,2574
5,8,8,8,361,2574
1,7,8,8,362,2127
3,7,8,8,362,2127
2,6,8,8,362,2127
2,8,8,8,362,2127
5,7,8,8,362,2127
4,6,8,8,362,2127
4,8,8,8,362,2127
3,5,8,8,362,2127
3,9,8,8,362,2127
7,7,8,8,362,2127
6,6,8,8,362,2127
6,8,8,8,362,2127
5,5,8,8,362,2127
5,9,8,8,362,2127
4,4,8,8,362,2127
4,9,8,8,362,2127
9,7,8,8,362,2127
8,6,8,8,362,2127
8,8,8,8,362,2127
7,5,8,8,362,2127
7,9,8,8,362,2127
6,4,8,8,362,2127
6,9,8,8,362,2127
5,3,8,8,362,2127
5,8,8,8,362,2127
0,7,8,8,363,2571
1,7,8,8,363,2571
0,6,8,8,363,2571
0,8,8,8,363,2571
3,7,8,8,363,2571
2,6,8,8,363,2571
2,8,8,8,363,2571
1,5,8,8,363,2571
1,9,8,8,363,2571
5,7,8,8,363,2571
4,6,8,8,363,2571
4,8,8,8,363,2571
3,5,8,8,363,2571
3,9,8,8,363,2571
2,4,8,8,363,2571
2,9,8,8,363,2571
7,7,8,8,363,2571
6,6,8,8,363,2571
6,8,8,8,363,2571
5,5,8,8,363,2571
5,9,8,8,363,2571
4,4,8,8,363,2571
4,9,8,8,363,2571
3,3,8,8,363,2571
3,8,8,8,363,2571
9,7,8,8,363,2571
8,6,8,8,363,2571
8,8,8,8,363,2571
7,5,8,8,363,2571
7,9,8,8,363,2571
6,4,8,8,363,2571
6,9,8,8,363,2571
5,3,8,8,363,2571
5,8,8,8,363,2571
4,2,8,8,363,2571
4,7,8,8,363,2571
0,8,7,7,364,2127
2,8,7,7,364,2127
1,7,7,7,364,2127
1,9,7,7,364,2127
4,8,7,7,364,2127
3,7,7,7,364,2127
3,9,7,7,364,2127
2,6,7,7,364,2127
2,9,7,7,364,2127
6,8,7,7,364,2127
5,7,7,7,364,2127
5,9,7,7,364,2127
4,6,7,7,364,2127
4,9,7,7,364,2127
3,5,7,7,364,2127
3,8,7,7,364,2127
8,8,7,7,364,2127
7,7,7,7,364,2127
7,9,7,7,364,2127
6,6,7,7,364,2127
6,9,7,7,364,2127
5,5,7,7,364,2127
5,8,7,7,364,2127
4,4,7,7,364,2127
4,7,7,7,364,2127
4,6,8,8,365,1650
6,6,8,8,365,1650
5,5,8,8,365,1650
5,7,8,8,365,1650
8,6,8,8,365,1650
7,5,8,8,365,1650
7,7,8,8,365,1650
6,4,8,8,365,1650
6,8,8,8,365,1650
9,6,8,8,365,1650
9,5,8,8,365,1650
9,7,8,8,365,1650
8,4,8,8,365,1650
8,8,8,8,365,1650
7,3,8,8,365,1650
7,9,8,8,365,1650
3,7,8,8,317,1650
5,7,8,8,317,1650
4,6,8,8,317,1650
4,8,8,8,317,1650
7,7,8,8,317,1650
6,6,8,8,317,1650
6,8,8,8,317,1650
5,5,8,8,317,1650
5,9,8,8,317,1650
9,7,8,8,317,1650
8,6,8,8,317,1650
8,8,8,8,317,1650
7,5,8,8,317,1650
7,9,8,8,317,1650
6,4,8,8,317,1650
6,9,8,8,317,1650
2,8,7,7,319,1650
4,8,7,7,319,1650
3,7,7,7,319,1650
3,9,7,7,319,1650
6,8,7,7,319,1650
5,7,7,7,319,1650
5,9,7,7,319,1650
4,6,7,7,319,1650
4,9,7,7,319,1650
8,8,7,7,319,1650
7,7,7,7,319,1650
7,9,7,7,319,1650
6,6,7,7,319,1650
6,9,7,7,319,1650
5,5,7,7,319,1650
5,8,7,7,319,1650
6,6,8,8,366,1136
8,6,8,8,366,1136
7,5,8,8,366,1136
7,7,8,8,366,1136
9,6,8,8,366,1136
9,5,8,8,366,1136
9,7,8,8,366,1136
8,4,8,8,366,1136
8,8,8,8,366,1136
5,7,8,8,58,1138
7,7,8,8,58,1138
6,6,8,8,58,1138
6,8,8,8,58,1138
9,7,8,8,58,1138
8,6,8,8,58,1138
8,8,8,8,58,1138
7,5,8,8,58,1138
7,9,8,8,58,1138
4,8,8,8,367,1136
6,8,8,8,367,1136
5,7,8,8,367,1136
5,9,8,8,367,1136
8,8,8,8,367,1136
7,7,8,8,367,1136
7,9,8,8,367,1136
6,6,8,8,367,1136
6,9,8,8,367,1136
3,9,5,7,368,1138
5,9,5,7,368,1138
4,8,5,7,368,1138
4,9,5,7,368,1138
7,9,5,7,368,1138
6,8,5,7,368,1138
6,9,5,7,368,1138
5,7,5,7,368,1138
5,8,5,7,368,1138
8,6,8,6,369,588
9,6,8,6,369,588
9,5,8,6,369,588
9,7,8,6,369,588
7,7,8,8,19,588
9,7,8,8,19,588
8,6,8,8,19,588
8,8,8,8,19,588
6,8,8,8,30,588
8,8,8,8,30,588
7,7,8,8,30,588
7,9,8,8,30,588
9,7,9,7,0,0
8,8,8,8,0,0
7,9,7,9,0,0
0,0,6,7,370,4428
1,0,6,7,370,4428
0,1,6,7,370,4428
2,0,6,7,370,4428
1,1,6,7,370,4428
0,2,6,7,370,4428
3,0,6,7,370,4428
2,1,6,7,370,4428
1,2,6,7,370,4428
0,3,6,7,370,4428
5,0,6,7,370,4428
4,0,6,7,370,4428
4,1,6,7,370,4428
3,1,6,7,370,4428
3,2,6,7,370,4428
2,2,6,7,370,4428
2,3,6,7,370,4428
1,3,6,7,370,4428
1,4,6,7,370,4428
7,0,6,7,370,4428
6,0,6,7,370,4428
6,1,6,7,370,4428
5,1,6,7,370,4428
5,2,6,7,370,4428
4,2,6,7,370,4428
4,3,6,7,370,4428
3,3,6,7,370,4428
3,4,6,7,370,4428
2,4,6,7,370,4428
2,5,6,7,370,4428
9,0,6,7,370,4428
8,0,6,7,370,4428
8,1,6,7,370,4428
7,1,6,7,370,4428
7,2,6,7,370,4428
6,2,6,7,370,4428
6,3,6,7,370,4428
5,3,6,7,370,4428
5,4,6,7,370,4428
4,4,6,7,370,4428
4,5,6,7,370,4428
3,5,6,7,370,4428
3,6,6,7,370,4428
9,1,6,7,370,4428
9,2,6,7,370,4428
8,2,6,7,370,4428
8,3,6,7,370,4428
7,3,6,7,370,4428
7,4,6,7,370,4428
6,4,6,7,370,4428
6,5,6,7,370,4428
5,5,6,7,370,4428
5,6,6,7,370,4428
4,6,6,7,370,4428
4,7,6,7,370,4428
9,3,6,7,370,4428
9,4,6,7,370,4428
8,4,6,7,370,4428
8,5,6,7,370,4428
7,5,6,7,370,4428
7,6,6,7,370,4428
6,6,6,7,370,4428
6,7,6,7,370,4428
5,7,6,7,370,4428
5,8,6,7,370,4428
9,5,6,7,370,4428
9,6,6,7,370,4428
8,6,6,7,370,4428
8,7,6,7,370,4428
7,7,6,7,370,4428
7,8,6,7,370,4428
6,8,6,7,370,4428
6,9,6,7,370,4428
9,7,6,7,370,4428
9,8,6,7,370,4428
8,8,6,7,370,4428
8,9,6,7,370,4428
7,9,6,7,370,4428
0,0,5,6,371,4115
1,0,5,6,371,4115
0,1,5,6,371,4115
3,0,5,6,371,4115
2,0,5,6,371,4115
2,1,5,6,371,4115
1,1,5,6,371,4115
1,2,5,6,371,4115
5,0,5,6,371,4115
4,0,5,6,371,4115
4,1,5,6,371,4115
3,1,5,6,371,4115
3,2,5,6,371,4115
2,2,5,6,371,4115
2,3,5,6,371,4115
7,0,5,6,371,4115
6,0,5,6,371,4115
6,1,5,6,371,4115
5,1,5,6,371,4115
5,2,5,6,371,4115
4,2,5,6,371,4115
4,3,5,6,371,4115
3,3,5,6,371,4115
3,4,5,6,371,4115
9,0,5,6,371,4115
8,0,5,6,371,4115
8,1,5,6,371,4115
7,1,5,6,371,4115
7,2,5,6,371,4115
6,2,5,6,371,4115
6,3,5,6,371,4115
5,3,5,6,371,4115
5,4,5,6,371,4115
4,4,5,6,371,4115
4,5,5,6,371,4115
9,1,5,6,371,4115
9,2,5,6,371,4115
8,2,5,6,371,4115
8,3,5,6,371,4115
7,3,5,6,371,4115
7,4,5,6,371,4115
6,4,5,6,371,4115
6,5,5,6,371,4115
5,5,5,6,371,4115
5,6,5,6,371,4115
9,3,5,6,371,4115
9,4,5,6,371,4115
8,4,5,6,371,4115
8,5,5,6,371,4115
7,5,5,6,371,4115
7,6,5,6,371,4115
6,6,5,6,371,4115
6,7,5,6,371,4115
9,5,5,6,371,4115
9,6,5,6,371,4115
8,6,5,6,371,4115
8,7,5,6,371,4115
7,7,5,6,371,4115
7,8,5,6,371,4115
9,7,5,6,371,4115
9,8,5,6,371,4115
8,8,5,6,371,4115
8,9,5,6,371,4115
1,0,5,4,372,3772
3,0,5,4,372,3772
2,0,5,4,372,3772
2,1,5,4,372,3772
5,0,5,4,372,3772
4,0,5,4,372,3772
4,1,5,4,372,3772
3,1,5,4,372,3772
3,2,5,4,372,3772
7,0,5,4,372,3772
6,0,5,4,372,3772
6,1,5,4,372,3772
5,1,5,4,372,3772
5,2,5,4,372,3772
4,2,5,4,372,3772
4,3,5,4,372,3772
9,0,5,4,372,3772
8,0,5,4,372,3772
8,1,5,4,372,3772
7,1,5,4,372,3772
7,2,5,4,372,3772
6,2,5,4,372,3772
6,3,5,4,372,3772
5,3,5,4,372,3772
5,4,5,4,372,3772
9,1,5,4,372,3772
9,2,5,4,372,3772
8,2,5,4,372,3772
8,3,5,4,372,3772
7,3,5,4,372,3772
7,4,5,4,372,3772
6,4,5,4,372,3772
6,5,5,4,372,3772
9,3,5,4,372,3772
9,4,5,4,372,3772
8,4,5,4,372,3772
8,5,5,4,372,3772
7,5,5,4,372,3772
7,6,5,4,372,3772
9,5,5,4,372,3772
9,6,5,4,372,3772
8,6,5,4,372,3772
8,7,5,4,372,3772
9,7,5,4,372,3772
9,8,5,4,372,3772
2,1,5,2,373,3402
4,1,5,2,373,3402
3,0,5,2,373,3402
3,2,5,2,373,3402
6,1,5,2,373,3402
5,0,5,2,373,3402
5,2,5,2,373,3402
4,0,5,2,373,3402
4,3,5,2,373,3402
8,1,5,2,373,3402
7,0,5,2,373,3402
7,2,5,2,373,3402
6,0,5,2,373,3402
6,3,5,2,373,3402
5,1,5,2,373,3402
5,4,5,2,373,3402
9,1,5,2,373,3402
9,0,5,2,373,3402
9,2,5,2,373,3402
8,0,5,2,373,3402
8,3,5,2,373,3402
7,1,5,2,373,3402
7,4,5,2,373,3402
6,2,5,2,373,3402
6,5,5,2,373,3402
8,2,5,2,373,3402
9,3,5,2,373,3402
9,4,5,2,373,3402
8,5,5,2,373,3402
7,3,5,2,373,3402
7,6,5,2,373,3402
8,4,5,2,373,3402
9,5,5,2,373,3402
9,6,5,2,373,3402
8,7,5,2,373,3402
3,1,5,2,373,3402
4,2,5,2,373,3402
5,3,5,2,373,3402
6,4,5,2,373,3402
7,5,5,2,373,3402
8,6,5,2,373,3402
9,7,5,2,373,3402
9,8,5,2,373,3402
0,1,5,4,374,3766
2,1,5,4,374,3766
1,0,5,4,374,3766
1,2,5,4,374,3766
4,1,5,4,374,3766
3,0,5,4,374,3766
3,2,5,4,374,3766
2,0,5,4,374,3766
2,3,5,4,374,3766
6,1,5,4,374,3766
5,0,5,4,374,3766
5,2,5,4,374,3766
4,0,5,4,374,3766
4,3,5,4,374,3766
3,1,5,4,374,3766
3,4,5,4,374,3766
8,1,5,4,374,3766
7,0,5,4,374,3766
7,2,5,4,374,3766
6,0,5,4,374,3766
6,3,5,4,374,3766
5,1,5,4,374,3766
5,4,5,4,374,3766
4,2,5,4,374,3766
4,5,5,4,374,3766
9,1,5,4,374,3766
9,0,5,4,374,3766
9,2,5,4,374,3766
8,0,5,4,374,3766
8,3,5,4,374,3766
7,1,5,4,374,3766
7,4,5,4,374,3766
6,2,5,4,374,3766
6,5,5,4,374,3766
5,3,5,4,374,3766
5,6,5,4,374,3766
8,2,5,4,374,3766
9,3,5,4,374,3766
9,4,5,4,374,3766
8,5,5,4,374,3766
7,3,5,4,374,3766
7,6,5,4,374,3766
6,4,5,4,374,3766
6,7,5,4,374,3766
8,4,5,4,374,3766
9,5,5,4,374,3766
9,6,5,4,374,3766
8,7,5,4,374,3766
7,5,5,4,374,3766
7,8,5,4,374,3766
8,6,5,4,374,3766
9,7,5,4,374,3766
9,8,5,4,374,3766
8,9,5,4,374,3766
0,1,6,7,375,4084
1,1,6,7,375,4084
0,0,6,7,375,4084
0,2,6,7,375,4084
2,1,6,7,375,4084
1,0,6,7,375,4084
1,2,6,7,375,4084
0,3,6,7,375,4084
4,1,6,7,375,4084
3,0,6,7,375,4084
3,2,6,7,375,4084
2,0,6,7,375,4084
2,3,6,7,375,4084
1,4,6,7,375,4084
6,1,6,7,375,4084
5,0,6,7,375,4084
5,2,6,7,375,4084
4,0,6,7,375,4084
4,3,6,7,375,4084
3,1,6,7,375,4084
3,4,6,7,375,4084
2,2,6,7,375,4084
2,5,6,7,375,4084
8,1,6,7,375,4084
7,0,6,7,375,4084
7,2,6,7,375,4084
6,0,6,7,375,4084
6,3,6,7,375,4084
5,1,6,7,375,4084
5,4,6,7,375,4084
4,2,6,7,375,4084
4,5,6,7,375,4084
3,3,6,7,375,4084
3,6,6,7,375,4084
9,1,6,7,375,4084
9,0,6,7,375,4084
9,2,6,7,375,4084
8,0,6,7,375,4084
8,3,6,7,375,4084
7,1,6,7,375,4084
7,4,6,7,375,4084
6,2,6,7,375,4084
6,5,6,7,375,4084
5,3,6,7,375,4084
5,6,6,7,375,4084
4,4,6,7,375,4084
4,7,6,7,375,4084
8,2,6,7,375,4084
9,3,6,7,375,4084
9,4,6,7,375,4084
8,5,6,7,375,4084
7,3,6,7,375,4084
7,6,6,7,375,4084
6,4,6,7,375,4084
6,7,6,7,375,4084
5,5,6,7,375,4084
5,8,6,7,375,4084
8,4,6,7,375,4084
9,5,6,7,375,4084
9,6,6,7,375,4084
8,7,6,7,375,4084
7,5,6,7,375,4084
7,8,6,7,375,4084
6,6,6,7,375,4084
6,9,6,7,375,4084
8,6,6,7,375,4084
9,7,6,7,375,4084
9,8,6,7,375,4084
8,9,6,7,375,4084
7,7,6,7,375,4084
7,9,6,7,375,4084
0,1,7,8,376,4400
1,1,7,8,376,4400
0,0,7,8,376,4400
0,2,7,8,376,4400
2,1,7,8,376,4400
1,0,7,8,376,4400
1,2,7,8,376,4400
0,3,7,8,376,4400
3,1,7,8,376,4400
2,0,7,8,376,4400
2,2,7,8,376,4400
1,3,7,8,376,4400
0,4,7,8,376,4400
4,1,7,8,376,4400
3,0,7,8,376,4400
3,2,7,8,376,4400
2,3,7,8,376,4400
1,4,7,8,376,4400
0,5,7,8,376,4400
6,1,7,8,376,4400
5,0,7,8,376,4400
5,2,7,8,376,4400
4,0,7,8,376,4400
4,3,7,8,376,4400
3,4,7,8,376,4400
2,5,7,8,376,4400
1,6,7,8,376,4400
8,1,7,8,376,4400
7,0,7,8,376,4400
7,2,7,8,376,4400
6,0,7,8,376,4400
6,3,7,8,376,4400
5,1,7,8,376,4400
5,4,7,8,376,4400
4,2,7,8,376,4400
4,5,7,8,376,4400
3,3,7,8,376,4400
3,6,7,8,376,4400
2,4,7,8,376,4400
2,7,7,8,376,4400
9,1,7,8,376,4400
9,0,7,8,376,4400
9,2,7,8,376,4400
8,0,7,8,376,4400
8,3,7,8,376,4400
7,1,7,8,376,4400
7,4,7,8,376,4400
6,2,7,8,376,4400
6,5,7,8,376,4400
5,3,7,8,376,4400
5,6,7,8,376,4400
4,4,7,8,376,4400
4,7,7,8,376,4400
3,5,7,8,376,4400
3,8,7,8,376,4400
8,2,7,8,376,4400
9,3,7,8,376,4400
9,4,7,8,376,4400
8,5,7,8,376,4400
7,3,7,8,376,4400
7,6,7,8,376,4400
6,4,7,8,376,4400
6,7,7,8,376,4400
5,5,7,8,376,4400
5,8,7,8,376,4400
4,6,7,8,376,4400
4,9,7,8,376,4400
8,4,7,8,376,4400
9,5,7,8,376,4400
9,6,7,8,376,4400
8,7,7,8,376,4400
7,5,7,8,376,4400
7,8,7,8,376,4400
6,6,7,8,376,4400
6,9,7,8,376,4400
5,7,7,8,376,4400
5,9,7,8,376,4400
8,6,7,8,376,4400
9,7,7,8,376,4400
9,8,7,8,376,4400
8,9,7,8,376,4400
7,7,7,8,376,4400
7,9,7,8,376,4400
6,8,7,8,376,4400
0,2,7,8,377,4084
1,2,7,8,377,4084
0,1,7,8,377,4084
0,3,7,8,377,4084
2,2,7,8,377,4084
1,1,7,8,377,4084
1,3,7,8,377,4084
0,0,7,8,377,4084
0,4,7,8,377,4084
3,2,7,8,377,4084
2,1,7,8,377,4084
2,3,7,8,377,4084
1,0,7,8,377,4084
1,4,7,8,377,4084
0,5,7,8,377,4084
5,2,7,8,377,4084
4,1,7,8,377,4084
4,3,7,8,377,4084
3,0,7,8,377,4084
3,4,7,8,377,4084
2,0,7,8,377,4084
2,5,7,8,377,4084
1,6,7,8,377,4084
7,2,7,8,377,4084
6,1,7,8,377,4084
6,3,7,8,377,4084
5,0,7,8,377,4084
5,4,7,8,377,4084
4,0,7,8,377,4084
4,5,7,8,377,4084
3,1,7,8,377,4084
3,6,7,8,377,4084
2,7,7,8,377,4084
9,2,7,8,377,4084
8,1,7,8,377,4084
8,3,7,8,377,4084
7,0,7,8,377,4084
7,4,7,8,377,4084
6,0,7,8,377,4084
6,5,7,8,377,4084
5,1,7,8,377,4084
5,6,7,8,377,4084
4,2,7,8,377,4084
4,7,7,8,377,4084
3,3,7,8,377,4084
3,8,7,8,377,4084
8,2,7,8,377,4084
9,1,7,8,377,4084
9,3,7,8,377,4084
9,0,7,8,377,4084
9,4,7,8,377,4084
8,0,7,8,377,4084
8,5,7,8,377,4084
7,1,7,8,377,4084
7,6,7,8,377,4084
6,2,7,8,377,4084
6,7,7,8,377,4084
5,3,7,8,377,4084
5,8,7,8,377,4084
4,4,7,8,377,4084
4,9,7,8,377,4084
7,3,7,8,377,4084
8,4,7,8,377,4084
9,5,7,8,377,4084
9,6,7,8,377,4084
8,7,7,8,377,4084
7,8,7,8,377,4084
6,4,7,8,377,4084
6,9,7,8,377,4084
5,5,7,8,377,4084
5,9,7,8,377,4084
7,5,7,8,377,4084
8,6,7,8,377,4084
9,7,7,8,377,4084
9,8,7,8,377,4084
8,9,7,8,377,4084
7,9,7,8,377,4084
6,6,7,8,377,4084
6,8,7,8,377,4084
0,4,7,8,378,3381
1,4,7,8,378,3381
0,3,7,8,378,3381
0,5,7,8,378,3381
3,4,7,8,378,3381
2,3,7,8,378,3381
2,5,7,8,378,3381
1,2,7,8,378,3381
1,6,7,8,378,3381
5,4,7,8,378,3381
4,3,7,8,378,3381
4,5,7,8,378,3381
3,2,7,8,378,3381
3,6,7,8,378,3381
2,1,7,8,378,3381
2,7,7,8,378,3381
7,4,7,8,378,3381
6,3,7,8,378,3381
6,5,7,8,378,3381
5,2,7,8,378,3381
5,6,7,8,378,3381
4,1,7,8,378,3381
4,7,7,8,378,3381
3,0,7,8,378,3381
3,8,7,8,378,3381
9,4,7,8,378,3381
8,3,7,8,378,3381
8,5,7,8,378,3381
7,2,7,8,378,3381
7,6,7,8,378,3381
6,1,7,8,378,3381
6,7,7,8,378,3381
5,0,7,8,378,3381
5,8,7,8,378,3381
4,0,7,8,378,3381
4,9,7,8,378,3381
8,4,7,8,378,3381
9,3,7,8,378,3381
9,5,7,8,378,3381
9,2,7,8,378,3381
9,6,7,8,378,3381
8,1,7,8,378,3381
8,7,7,8,378,3381
7,0,7,8,378,3381
7,8,7,8,378,3381
6,0,7,8,378,3381
6,9,7,8,378,3381
5,1,7,8,378,3381
5,9,7,8,378,3381
6,4,7,8,378,3381
7,3,7,8,378,3381
7,5,7,8,378,3381
8,2,7,8,378,3381
8,6,7,8,378,3381
9,1,7,8,378,3381
9,7,7,8,378,3381
9,0,7,8,378,3381
9,8,7,8,378,3381
8,0,7,8,378,3381
8,9,7,8,378,3381
7,1,7,8,378,3381
7,9,7,8,378,3381
6,2,7,8,378,3381
6,8,7,8,378,3381
0,1,9,8,379,4698
1,1,9,8,379,4698
0,0,9,8,379,4698
0,2,9,8,379,4698
2,1,9,8,379,4698
1,0,9,8,379,4698
1,2,9,8,379,4698
0,3,9,8,379,4698
3,1,9,8,379,4698
2,0,9,8,379,4698
2,2,9,8,379,4698
1,3,9,8,379,4698
0,4,9,8,379,4698
4,1,9,8,379,4698
3,0,9,8,379,4698
3,2,9,8,379,4698
2,3,9,8,379,4698
1,4,9,8,379,4698
0,5,9,8,379,4698
5,1,9,8,379,4698
4,0,9,8,379,4698
4,2,9,8,379,4698
3,3,9,8,379,4698
2,4,9,8,379,4698
1,5,9,8,379,4698
0,6,9,8,379,4698
6,1,9,8,379,4698
5,0,9,8,379,4698
5,2,9,8,379,4698
4,3,9,8,379,4698
3,4,9,8,379,4698
2,5,9,8,379,4698
1,6,9,8,379,4698
0,7,9,8,379,4698
8,1,9,8,379,4698
7,0,9,8,379,4698
7,2,9,8,379,4698
6,0,9,8,379,4698
6,3,9,8,379,4698
5,4,9,8,379,4698
4,5,9,8,379,4698
3,6,9,8,379,4698
2,7,9,8,379,4698
1,8,9,8,379,4698
9,1,9,8,379,4698
9,0,9,8,379,4698
9,2,9,8,379,4698
8,0,9,8,379,4698
8,3,9,8,379,4698
7,1,9,8,379,4698
7,4,9,8,379,4698
6,2,9,8,379,4698
6,5,9,8,379,4698
5,3,9,8,379,4698
5,6,9,8,379,4698
4,4,9,8,379,4698
4,7,9,8,379,4698
3,5,9,8,379,4698
3,8,9,8,379,4698
2,6,9,8,379,4698
2,9,9,8,379,4698
8,2,9,8,379,4698
9,3,9,8,379,4698
9,4,9,8,379,4698
8,5,9,8,379,4698
7,3,9,8,379,4698
7,6,9,8,379,4698
6,4,9,8,379,4698
6,7,9,8,379,4698
5,5,9,8,379,4698
5,8,9,8,379,4698
4,6,9,8,379,4698
4,9,9,8,379,4698
3,7,9,8,379,4698
3,9,9,8,379,4698
8,4,9,8,379,4698
9,5,9,8,379,4698
9,6,9,8,379,4698
8,7,9,8,379,4698
7,5,9,8,379,4698
7,8,9,8,379,4698
6,6,9,8,379,4698
6,9,9,8,379,4698
5,7,9,8,379,4698
5,9,9,8,379,4698
4,8,9,8,379,4698
8,6,9,8,379,4698
9,7,9,8,379,4698
9,8,9,8,379,4698
8,9,9,8,379,4698
7,7,9,8,379,4698
7,9,9,8,379,4698
6,8,9,8,379,4698
0,2,9,8,380,4402
1,2,9,8,380,4402
0,1,9,8,380,4402
0,3,9,8,380,4402
2,2,9,8,380,4402
1,1,9,8,380,4402
1,3,9,8,380,4402
0,0,9,8,380,4402
0,4,9,8,380,4402
3,2,9,8,380,4402
2,1,9,8,380,4402
2,3,9,8,380,4402
1,0,9,8,380,4402
1,4,9,8,380,4402
0,5,9,8,380,4402
4,2,9,8,380,4402
3,1,9,8,380,4402
3,3,9,8,380,4402
2,0,9,8,380,4402
2,4,9,8,380,4402
1,5,9,8,380,4402
0,6,9,8,380,4402
5,2,9,8,380,4402
4,1,9,8,380,4402
4,3,9,8,380,4402
3,0,9,8,380,4402
3,4,9,8,380,4402
2,5,9,8,380,4402
1,6,9,8,380,4402
0,7,9,8,380,4402
7,2,9,8,380,4402
6,1,9,8,380,4402
6,3,9,8,380,4402
5,0,9,8,380,4402
5,4,9,8,380,4402
4,0,9,8,380,4402
4,5,9,8,380,4402
3,6,9,8,380,4402
2,7,9,8,380,4402
1,8,9,8,380,4402
9,2,9,8,380,4402
8,1,9,8,380,4402
8,3,9,8,380,4402
7,0,9,8,380,4402
7,4,9,8,380,4402
6,0,9,8,380,4402
6,5,9,8,380,4402
5,1,9,8,380,4402
5,6,9,8,380,4402
4,7,9,8,380,4402
3,8,9,8,380,4402
2,9,9,8,380,4402
8,2,9,8,380,4402
9,1,9,8,380,4402
9,3,9,8,380,4402
9,0,9,8,380,4402
9,4,9,8,380,4402
8,0,9,8,380,4402
8,5,9,8,380,4402
7,1,9,8,380,4402
7,6,9,8,380,4402
6,2,9,8,380,4402
6,7,9,8,380,4402
5,3,9,8,380,4402
5,8,9,8,380,4402
4,4,9,8,380,4402
4,9,9,8,380,4402
3,5,9,8,380,4402
3,9,9,8,380,4402
7,3,9,8,380,4402
8,4,9,8,380,4402
9,5,9,8,380,4402
9,6,9,8,380,4402
8,7,9,8,380,4402
7,8,9,8,380,4402
6,4,9,8,380,4402
6,9,9,8,380,4402
5,5,9,8,380,4402
5,9,9,8,380,4402
4,6,9,8,380,4402
4,8,9,8,380,4402
7,5,9,8,380,4402
8,6,9,8,380,4402
9,7,9,8,380,4402
9,8,9,8,380,4402
8,9,9,8,380,4402
7,9,9,8,380,4402
6,6,9,8,380,4402
6,8,9,8,380,4402
5,7,9,8,380,4402
0,3,9,8,381,4085
1,3,9,8,381,4085
0,2,9,8,381,4085
0,4,9,8,381,4085
2,3,9,8,381,4085
1,2,9,8,381,4085
1,4,9,8,381,4085
0,1,9,8,381,4085
0,5,9,8,381,4085
3,3,9,8,381,4085
2,2,9,8,381,4085
2,4,9,8,381,4085
1,1,9,8,381,4085
1,5,9,8,381,4085
0,0,9,8,381,4085
0,6,9,8,381,4085
4,3,9,8,381,4085
3,2,9,8,381,4085
3,4,9,8,381,4085
2,1,9,8,381,4085
2,5,9,8,381,4085
1,0,9,8,381,4085
1,6,9,8,381,4085
0,7,9,8,381,4085
6,3,9,8,381,4085
5,2,9,8,381,4085
5,4,9,8,381,4085
4,1,9,8,381,4085
4,5,9,8,381,4085
3,0,9,8,381,4085
3,6,9,8,381,4085
2,0,9,8,381,4085
2,7,9,8,381,4085
1,8,9,8,381,4085
8,3,9,8,381,4085
7,2,9,8,381,4085
7,4,9,8,381,4085
6,1,9,8,381,4085
6,5,9,8,381,4085
5,0,9,8,381,4085
5,6,9,8,381,4085
4,0,9,8,381,4085
4,7,9,8,381,4085
3,1,9,8,381,4085
3,8,9,8,381,4085
2,9,9,8,381,4085
9,3,9,8,381,4085
9,2,9,8,381,4085
9,4,9,8,381,4085
8,1,9,8,381,4085
8,5,9,8,381,4085
7,0,9,8,381,4085
7,6,9,8,381,4085
6,0,9,8,381,4085
6,7,9,8,381,4085
5,1,9,8,381,4085
5,8,9,8,381,4085
4,2,9,8,381,4085
4,9,9,8,381,4085
3,9,9,8,381,4085
7,3,9,8,381,4085
8,2,9,8,381,4085
8,4,9,8,381,4085
9,1,9,8,381,4085
9,5,9,8,381,4085
9,0,9,8,381,4085
9,6,9,8,381,4085
8,0,9,8,381,4085
8,7,9,8,381,4085
7,1,9,8,381,4085
7,8,9,8,381,4085
6,2,9,8,381,4085
6,9,9,8,381,4085
5,3,9,8,381,4085
5,9,9,8,381,4085
4,4,9,8,381,4085
4,8,9,8,381,4085
6,4,9,8,381,4085
7,5,9,8,381,4085
8,6,9,8,381,4085
9,7,9,8,381,4085
9,8,9,8,381,4085
8,9,9,8,381,4085
7,9,9,8,381,4085
6,8,9,8,381,4085
5,5,9,8,381,4085
5,7,9,8,381,4085
0,4,9,8,382,3745
1,4,9,8,382,3745
0,3,9,8,382,3745
0,5,9,8,382,3745
2,4,9,8,382,3745
1,3,9,8,382,3745
1,5,9,8,382,3745
0,2,9,8,382,3745
0,6,9,8,382,3745
3,4,9,8,382,3745
2,3,9,8,382,3745
2,5,9,8,382,3745
1,2,9,8,382,3745
1,6,9,8,382,3745
0,1,9,8,382,3745
0,7,9,8,382,3745
5,4,9,8,382,3745
4,3,9,8,382,3745
4,5,9,8,382,3745
3,2,9,8,382,3745
3,6,9,8,382,3745
2,1,9,8,382,3745
2,7,9,8,382,3745
1,0,9,8,382,3745
1,8,9,8,382,3745
7,4,9,8,382,3745
6,3,9,8,382,3745
6,5,9,8,382,3745
5,2,9,8,382,3745
5,6,9,8,382,3745
4,1,9,8,382,3745
4,7,9,8,382,3745
3,0,9,8,382,3745
3,8,9,8,382,3745
2,0,9,8,382,3745
2,9,9,8,382,3745
9,4,9,8,382,3745
8,3,9,8,382,3745
8,5,9,8,382,3745
7,2,9,8,382,3745
7,6,9,8,382,3745
6,1,9,8,382,3745
6,7,9,8,382,3745
5,0,9,8,382,3745
5,8,9,8,382,3745
4,0,9,8,382,3745
4,9,9,8,382,3745
3,1,9,8,382,3745
3,9,9,8,382,3745
8,4,9,8,382,3745
9,3,9,8,382,3745
9,5,9,8,382,3745
9,2,9,8,382,3745
9,6,9,8,382,3745
8,1,9,8,382,3745
8,7,9,8,382,3745
7,0,9,8,382,3745
7,8,9,8,382,3745
6,0,9,8,382,3745
6,9,9,8,382,3745
5,1,9,8,382,3745
5,9,9,8,382,3745
4,2,9,8,382,3745
4,8,9,8,382,3745
6,4,9,8,382,3745
7,3,9,8,382,3745
7,5,9,8,382,3745
8,2,9,8,382,3745
8,6,9,8,382,3745
9,1,9,8,382,3745
9,7,9,8,382,3745
9,0,9,8,382,3745
9,8,9,8,382,3745
8,0,9,8,382,3745
8,9,9,8,382,3745
7,1,9,8,382,3745
7,9,9,8,382,3745
6,2,9,8,382,3745
6,8,9,8,382,3745
5,3,9,8,382,3745
5,7,9,8,382,3745
0,5,9,8,383,3381
1,5,9,8,383,3381
0,4,9,8,383,3381
0,6,9,8,383,3381
2,5,9,8,383,3381
1,4,9,8,383,3381
1,6,9,8,383,3381
0,3,9,8,383,3381
0,7,9,8,383,3381
4,5,9,8,383,3381
3,4,9,8,383,3381
3,6,9,8,383,3381
2,3,9,8,383,3381
2,7,9,8,383,3381
1,2,9,8,383,3381
1,8,9,8,383,3381
6,5,9,8,383,3381
5,4,9,8,383,3381
5,6,9,8,383,3381
4,3,9,8,383,3381
4,7,9,8,383,3381
3,2,9,8,383,3381
3,8,9,8,383,3381
2,1,9,8,383,3381
2,9,9,8,383,3381
8,5,9,8,383,3381
7,4,9,8,383,3381
7,6,9,8,383,3381
6,3,9,8,383,3381
6,7,9,8,383,3381
5,2,9,8,383,3381
5,8,9,8,383,3381
4,1,9,8,383,3381
4,9,9,8,383,3381
3,0,9,8,383,3381
3,9,9,8,383,3381
9,5,9,8,383,3381
9,4,9,8,383,3381
9,6,9,8,383,3381
8,3,9,8,383,3381
8,7,9,8,383,3381
7,2,9,8,383,3381
7,8,9,8,383,3381
6,1,9,8,383,3381
6,9,9,8,383,3381
5,0,9,8,383,3381
5,9,9,8,383,3381
4,0,9,8,383,3381
4,8,9,8,383,3381
7,5,9,8,383,3381
8,4,9,8,383,3381
8,6,9,8,383,3381
9,3,9,8,383,3381
9,7,9,8,383,3381
9,2,9,8,383,3381
9,8,9,8,383,3381
8,1,9,8,383,3381
8,9,9,8,383,3381
7,0,9,8,383,3381
7,9,9,8,383,3381
6,0,9,8,383,3381
6,8,9,8,383,3381
5,1,9,8,383,3381
5,7,9,8,383,3381
0,2,9,8,384,4701
1,2,9,8,384,4701
0,1,9,8,384,4701
0,3,9,8,384,4701
2,2,9,8,384,4701
1,1,9,8,384,4701
1,3,9,8,384,4701
0,0,9,8,384,4701
0,4,9,8,384,4701
3,2,9,8,384,4701
2,1,9,8,384,4701
2,3,9,8,384,4701
1,0,9,8,384,4701
1,4,9,8,384,4701
0,5,9,8,384,4701
4,2,9,8,384,4701
3,1,9,8,384,4701
3,3,9,8,384,4701
2,0,9,8,384,4701
2,4,9,8,384,4701
1,5,9,8,384,4701
0,6,9,8,384,4701
5,2,9,8,384,4701
4,1,9,8,384,4701
4,3,9,8,384,4701
3,0,9,8,384,4701
3,4,9,8,384,4701
2,5,9,8,384,4701
1,6,9,8,384,4701
0,7,9,8,384,4701
6,2,9,8,384,4701
5,1,9,8,384,4701
5,3,9,8,384,4701
4,0,9,8,384,4701
4,4,9,8,384,4701
3,5,9,8,384,4701
2,6,9,8,384,4701
1,7,9,8,384,4701
0,8,9,8,384,4701
7,2,9,8,384,4701
6,1,9,8,384,4701
6,3,9,8,384,4701
5,0,9,8,384,4701
5,4,9,8,384,4701
4,5,9,8,384,4701
3,6,9,8,384,4701
2,7,9,8,384,4701
1,8,9,8,384,4701
0,9,9,8,384,4701
9,2,9,8,384,4701
8,1,9,8,384,4701
8,3,9,8,384,4701
7,0,9,8,384,4701
7,4,9,8,384,4701
6,0,9,8,384,4701
6,5,9,8,384,4701
5,6,9,8,384,4701
4,7,9,8,384,4701
3,8,9,8,384,4701
2,9,9,8,384,4701
1,9,9,8,384,4701
8,2,9,8,384,4701
9,1,9,8,384,4701
9,3,9,8,384,4701
9,0,9,8,384,4701
9,4,9,8,384,4701
8,0,9,8,384,4701
8,5,9,8,384,4701
7,1,9,8,384,4701
7,6,9,8,384,4701
6,7,9,8,384,4701
5,8,9,8,384,4701
4,9,9,8,384,4701
3,9,9,8,384,4701
2,8,9,8,384,4701
7,3,9,8,384,4701
8,4,9,8,384,4701
9,5,9,8,384,4701
9,6,9,8,384,4701
8,7,9,8,384,4701
7,8,9,8,384,4701
6,4,9,8,384,4701
6,9,9,8,384,4701
5,5,9,8,384,4701
5,9,9,8,384,4701
4,6,9,8,384,4701
4,8,9,8,384,4701
3,7,9,8,384,4701
7,5,9,8,384,4701
8,6,9,8,384,4701
9,7,9,8,384,4701
9,8,9,8,384,4701
8,9,9,8,384,4701
7,9,9,8,384,4701
6,6,9,8,384,4701
6,8,9,8,384,4701
5,7,9,8,384,4701
0,3,9,8,385,4404
1,3,9,8,385,4404
0,2,9,8,385,4404
0,4,9,8,385,4404
2,3,9,8,385,4404
1,2,9,8,385,4404
1,4,9,8,385,4404
0,1,9,8,385,4404
0,5,9,8,385,4404
3,3,9,8,385,4404
2,2,9,8,385,4404
2,4,9,8,385,4404
1,1,9,8,385,4404
1,5,9,8,385,4404
0,0,9,8,385,4404
0,6,9,8,385,4404
4,3,9,8,385,4404
3,2,9,8,385,4404
3,4,9,8,385,4404
2,1,9,8,385,4404
2,5,9,8,385,4404
1,0,9,8,385,4404
1,6,9,8,385,4404
0,7,9,8,385,4404
5,3,9,8,385,4404
4,2,9,8,385,4404
4,4,9,8,385,4404
3,1,9,8,385,4404
3,5,9,8,385,4404
2,0,9,8,385,4404
2,6,9,8,385,4404
1,7,9,8,385,4404
0,8,9,8,385,4404
6,3,9,8,385,4404
5,2,9,8,385,4404
5,4,9,8,385,4404
4,1,9,8,385,4404
4,5,9,8,385,4404
3,0,9,8,385,4404
3,6,9,8,385,4404
2,7,9,8,385,4404
1,8,9,8,385,4404
0,9,9,8,385,4404
8,3,9,8,385,4404
7,2,9,8,385,4404
7,4,9,8,385,4404
6,1,9,8,385,4404
6,5,9,8,385,4404
5,0,9,8,385,4404
5,6,9,8,385,4404
4,0,9,8,385,4404
4,7,9,8,385,4404
3,8,9,8,385,4404
2,9,9,8,385,4404
1,9,9,8,385,4404
9,3,9,8,385,4404
9,2,9,8,385,4404
9,4,9,8,385,4404
8,1,9,8,385,4404
8,5,9,8,385,4404
7,0,9,8,385,4404
7,6,9,8,385,4404
6,0,9,8,385,4404
6,7,9,8,385,4404
5,1,9,8,385,4404
5,8,9,8,385,4404
4,9,9,8,385,4404
3,9,9,8,385,4404
2,8,9,8,385,4404
7,3,9,8,385,4404
8,2,9,8,385,4404
8,4,9,8,385,4404
9,1,9,8,385,4404
9,5,9,8,385,4404
9,0,9,8,385,4404
9,6,9,8,385,4404
8,0,9,8,385,4404
8,7,9,8,385,4404
7,1,9,8,385,4404
7,8,9,8,385,4404
6,2,9,8,385,4404
6,9,9,8,385,4404
5,9,9,8,385,4404
4,8,9,8,385,4404
3,7,9,8,385,4404
6,4,9,8,385,4404
7,5,9,8,385,4404
8,6,9,8,385,4404
9,7,9,8,385,4404
9,8,9,8,385,4404
8,9,9,8,385,4404
7,9,9,8,385,4404
6,8,9,8,385,4404
5,5,9,8,385,4404
5,7,9,8,385,4404
4,6,9,8,385,4404
0,5,9,8,386,3744
1,5,9,8,386,3744
0,4,9,8,386,3744
0,6,9,8,386,3744
2,5,9,8,386,3744
1,4,9,8,386,3744
1,6,9,8,386,3744
0,3,9,8,386,3744
0,7,9,8,386,3744
3,5,9,8,386,3744
2,4,9,8,386,3744
2,6,9,8,386,3744
1,3,9,8,386,3744
1,7,9,8,386,3744
0,2,9,8,386,3744
0,8,9,8,386,3744
4,5,9,8,386,3744
3,4,9,8,386,3744
3,6,9,8,386,3744
2,3,9,8,386,3744
2,7,9,8,386,3744
1,2,9,8,386,3744
1,8,9,8,386,3744
0,1,9,8,386,3744
0,9,9,8,386,3744
6,5,9,8,386,3744
5,4,9,8,386,3744
5,6,9,8,386,3744
4,3,9,8,386,3744
4,7,9,8,386,3744
3,2,9,8,386,3744
3,8,9,8,386,3744
2,1,9,8,386,3744
2,9,9,8,386,3744
1,0,9,8,386,3744
1,9,9,8,386,3744
8,5,9,8,386,3744
7,4,9,8,386,3744
7,6,9,8,386,3744
6,3,9,8,386,3744
6,7,9,8,386,3744
5,2,9,8,386,3744
5,8,9,8,386,3744
4,1,9,8,386,3744
4,9,9,8,386,3744
3,0,9,8,386,3744
3,9,9,8,386,3744
2,0,9,8,386,3744
2,8,9,8,386,3744
9,5,9,8,386,3744
9,4,9,8,386,3744
9,6,9,8,386,3744
8,3,9,8,386,3744
8,7,9,8,386,3744
7,2,9,8,386,3744
7,8,9,8,386,3744
6,1,9,8,386,3744
6,9,9,8,386,3744
5,0,9,8,386,3744
5,9,9,8,386,3744
4,0,9,8,386,3744
4,8,9,8,386,3744
3,1,9,8,386,3744
3,7,9,8,386,3744
7,5,9,8,386,3744
8,4,9,8,386,3744
8,6,9,8,386,3744
9,3,9,8,386,3744
9,7,9,8,386,3744
9,2,9,8,386,3744
9,8,9,8,386,3744
8,1,9,8,386,3744
8,9,9,8,386,3744
7,0,9,8,386,3744
7,9,9,8,386,3744
6,0,9,8,386,3744
6,8,9,8,386,3744
5,1,9,8,386,3744
5,7,9,8,386,3744
4,2,9,8,386,3744
4,6,9,8,386,3744
0,6,9,8,387,3379
1,6,9,8,387,3379
0,5,9,8,387,3379
0,7,9,8,387,3379
2,6,9,8,387,3379
1,5,9,8,387,3379
1,7,9,8,387,3379
0,4,9,8,387,3379
0,8,9,8,387,3379
3,6,9,8,387,3379
2,5,9,8,387,3379
2,7,9,8,387,3379
1,4,9,8,387,3379
1,8,9,8,387,3379
0,3,9,8,387,3379
0,9,9,8,387,3379
5,6,9,8,387,3379
4,5,9,8,387,3379
4,7,9,8,387,3379
3,4,9,8,387,3379
3,8,9,8,387,3379
2,3,9,8,387,3379
2,9,9,8,387,3379
1,2,9,8,387,3379
1,9,9,8,387,3379
7,6,9,8,387,3379
6,5,9,8,387,3379
6,7,9,8,387,3379
5,4,9,8,387,3379
5,8,9,8,387,3379
4,3,9,8,387,3379
4,9,9,8,387,3379
3,2,9,8,387,3379
3,9,9,8,387,3379
2,1,9,8,387,3379
2,8,9,8,387,3379
9,6,9,8,387,3379
8,5,9,8,387,3379
8,7,9,8,387,3379
7,4,9,8,387,3379
7,8,9,8,387,3379
6,3,9,8,387,3379
6,9,9,8,387,3379
5,2,9,8,387,3379
5,9,9,8,387,3379
4,1,9,8,387,3379
4,8,9,8,387,3379
3,0,9,8,387,3379
3,7,9,8,387,3379
8,6,9,8,387,3379
9,5,9,8,387,3379
9,7,9,8,387,3379
9,4,9,8,387,3379
9,8,9,8,387,3379
8,3,9,8,387,3379
8,9,9,8,387,3379
7,2,9,8,387,3379
7,9,9,8,387,3379
6,1,9,8,387,3379
6,8,9,8,387,3379
5,0,9,8,387,3379
5,7,9,8,387,3379
4,0,9,8,387,3379
4,6,9,8,387,3379
0,4,9,8,388,4403
1,4,9,8,388,4403
0,3,9,8,388,4403
0,5,9,8,388,4403
2,4,9,8,388,4403
1,3,9,8,388,4403
1,5,9,8,388,4403
0,2,9,8,388,4403
0,6,9,8,388,4403
3,4,9,8,388,4403
2,3,9,8,388,4403
2,5,9,8,388,4403
1,2,9,8,388,4403
1,6,9,8,388,4403
0,1,9,8,388,4403
0,7,9,8,388,4403
4,4,9,8,388,4403
3,3,9,8,388,4403
3,5,9,8,388,4403
2,2,9,8,388,4403
2,6,9,8,388,4403
1,1,9,8,388,4403
1,7,9,8,388,4403
0,0,9,8,388,4403
0,8,9,8,388,4403
5,4,9,8,388,4403
4,3,9,8,388,4403
4,5,9,8,388,4403
3,2,9,8,388,4403
3,6,9,8,388,4403
2,1,9,8,388,4403
2,7,9,8,388,4403
1,0,9,8,388,4403
1,8,9,8,388,4403
0,9,9,8,388,4403
6,4,9,8,388,4403
5,3,9,8,388,4403
5,5,9,8,388,4403
4,2,9,8,388,4403
4,6,9,8,388,4403
3,1,9,8,388,4403
3,7,9,8,388,4403
2,0,9,8,388,4403
2,8,9,8,388,4403
1,9,9,8,388,4403
7,4,9,8,388,4403
6,3,9,8,388,4403
6,5,9,8,388,4403
5,2,9,8,388,4403
5,6,9,8,388,4403
4,1,9,8,388,4403
4,7,9,8,388,4403
3,0,9,8,388,4403
3,8,9,8,388,4403
2,9,9,8,388,4403
9,4,9,8,388,4403
8,3,9,8,388,4403
8,5,9,8,388,4403
7,2,9,8,388,4403
7,6,9,8,388,4403
6,1,9,8,388,4403
6,7,9,8,388,4403
5,0,9,8,388,4403
5,8,9,8,388,4403
4,0,9,8,388,4403
4,9,9,8,388,4403
3,9,9,8,388,4403
8,4,9,8,388,4403
9,3,9,8,388,4403
9,5,9,8,388,4403
9,2,9,8,388,4403
9,6,9,8,388,4403
8,1,9,8,388,4403
8,7,9,8,388,4403
7,0,9,8,388,4403
7,8,9,8,388,4403
6,0,9,8,388,4403
6,9,9,8,388,4403
5,1,9,8,388,4403
5,9,9,8,388,4403
4,8,9,8,388,4403
7,3,9,8,388,4403
7,5,9,8,388,4403
8,2,9,8,388,4403
8,6,9,8,388,4403
9,1,9,8,388,4403
9,7,9,8,388,4403
9,0,9,8,388,4403
9,8,9,8,388,4403
8,0,9,8,388,4403
8,9,9,8,388,4403
7,1,9,8,388,4403
7,9,9,8,388,4403
6,2,9,8,388,4403
6,8,9,8,388,4403
5,7,9,8,388,4403
0,5,9,8,389,4083
1,5,9,8,389,4083
0,4,9,8,389,4083
0,6,9,8,389,4083
2,5,9,8,389,4083
1,4,9,8,389,4083
1,6,9,8,389,4083
0,3,9,8,389,4083
0,7,9,8,389,4083
3,5,9,8,389,4083
2,4,9,8,389,4083
2,6,9,8,389,4083
1,3,9,8,389,4083
1,7,9,8,389,4083
0,2,9,8,389,4083
0,8,9,8,389,4083
4,5,9,8,389,4083
3,4,9,8,389,4083
3,6,9,8,389,4083
2,3,9,8,389,4083
2,7,9,8,389,4083
1,2,9,8,389,4083
1,8,9,8,389,4083
0,1,9,8,389,4083
0,9,9,8,389,4083
5,5,9,8,389,4083
4,4,9,8,389,4083
4,6,9,8,389,4083
3,3,9,8,389,4083
3,7,9,8,389,4083
2,2,9,8,389,4083
2,8,9,8,389,4083
1,1,9,8,389,4083
1,9,9,8,389,4083
0,0,9,8,389,4083
6,5,9,8,389,4083
5,4,9,8,389,4083
5,6,9,8,389,4083
4,3,9,8,389,4083
4,7,9,8,389,4083
3,2,9,8,389,4083
3,8,9,8,389,4083
2,1,9,8,389,4083
2,9,9,8,389,4083
1,0,9,8,389,4083
8,5,9,8,389,4083
7,4,9,8,389,4083
7,6,9,8,389,4083
6,3,9,8,389,4083
6,7,9,8,389,4083
5,2,9,8,389,4083
5,8,9,8,389,4083
4,1,9,8,389,4083
4,9,9,8,389,4083
3,0,9,8,389,4083
3,9,9,8,389,4083
2,0,9,8,389,4083
9,5,9,8,389,4083
9,4,9,8,389,4083
9,6,9,8,389,4083
8,3,9,8,389,4083
8,7,9,8,389,4083
7,2,9,8,389,4083
7,8,9,8,389,4083
6,1,9,8,389,4083
6,9,9,8,389,4083
5,0,9,8,389,4083
5,9,9,8,389,4083
4,0,9,8,389,4083
4,8,9,8,389,4083
3,1,9,8,389,4083
7,5,9,8,389,4083
8,4,9,8,389,4083
8,6,9,8,389,4083
9,3,9,8,389,4083
9,7,9,8,389,4083
9,2,9,8,389,4083
9,8,9,8,389,4083
8,1,9,8,389,4083
8,9,9,8,389,4083
7,0,9,8,389,4083
7,9,9,8,389,4083
6,0,9,8,389,4083
6,8,9,8,389,4083
5,1,9,8,389,4083
5,7,9,8,389,4083
4,2,9,8,389,4083
0,6,9,8,390,3741
1,6,9,8,390,3741
0,5,9,8,390,3741
0,7,9,8,390,3741
2,6,9,8,390,3741
1,5,9,8,390,3741
1,7,9,8,390,3741
0,4,9,8,390,3741
0,8,9,8,390,3741
3,6,9,8,390,3741
2,5,9,8,390,3741
2,7,9,8,390,3741
1,4,9,8,390,3741
1,8,9,8,390,3741
0,3,9,8,390,3741
0,9,9,8,390,3741
4,6,9,8,390,3741
3,5,9,8,390,3741
3,7,9,8,390,3741
2,4,9,8,390,3741
2,8,9,8,390,3741
1,3,9,8,390,3741
1,9,9,8,390,3741
0,2,9,8,390,3741
5,6,9,8,390,3741
4,5,9,8,390,3741
4,7,9,8,390,3741
3,4,9,8,390,3741
3,8,9,8,390,3741
2,3,9,8,390,3741
2,9,9,8,390,3741
1,2,9,8,390,3741
0,1,9,8,390,3741
7,6,9,8,390,3741
6,5,9,8,390,3741
6,7,9,8,390,3741
5,4,9,8,390,3741
5,8,9,8,390,3741
4,3,9,8,390,3741
4,9,9,8,390,3741
3,2,9,8,390,3741
3,9,9,8,390,3741
2,1,9,8,390,3741
1,0,9,8,390,3741
9,6,9,8,390,3741
8,5,9,8,390,3741
8,7,9,8,390,3741
7,4,9,8,390,3741
7,8,9,8,390,3741
6,3,9,8,390,3741
6,9,9,8,390,3741
5,2,9,8,390,3741
5,9,9,8,390,3741
4,1,9,8,390,3741
4,8,9,8,390,3741
3,0,9,8,390,3741
2,0,9,8,390,3741
8,6,9,8,390,3741
9,5,9,8,390,3741
9,7,9,8,390,3741
9,4,9,8,390,3741
9,8,9,8,390,3741
8,3,9,8,390,3741
8,9,9,8,390,3741
7,2,9,8,390,3741
7,9,9,8,390,3741
6,1,9,8,390,3741
6,8,9,8,390,3741
5,0,9,8,390,3741
5,7,9,8,390,3741
4,0,9,8,390,3741
3,1,9,8,390,3741
0,7,9,8,391,3373
1,7,9,8,391,3373
0,6,9,8,391,3373
0,8,9,8,391,3373
2,7,9,8,391,3373
1,6,9,8,391,3373
1,8,9,8,391,3373
0,5,9,8,391,3373
0,9,9,8,391,3373
3,7,9,8,391,3373
2,6,9,8,391,3373
2,8,9,8,391,3373
1,5,9,8,391,3373
1,9,9,8,391,3373
0,4,9,8,391,3373
4,7,9,8,391,3373
3,6,9,8,391,3373
3,8,9,8,391,3373
2,5,9,8,391,3373
2,9,9,8,391,3373
1,4,9,8,391,3373
0,3,9,8,391,3373
6,7,9,8,391,3373
5,6,9,8,391,3373
5,8,9,8,391,3373
4,5,9,8,391,3373
4,9,9,8,391,3373
3,4,9,8,391,3373
3,9,9,8,391,3373
2,3,9,8,391,3373
1,2,9,8,391,3373
8,7,9,8,391,3373
7,6,9,8,391,3373
7,8,9,8,391,3373
6,5,9,8,391,3373
6,9,9,8,391,3373
5,4,9,8,391,3373
5,9,9,8,391,3373
4,3,9,8,391,3373
4,8,9,8,391,3373
3,2,9,8,391,3373
2,1,9,8,391,3373
9,7,9,8,391,3373
9,6,9,8,391,3373
9,8,9,8,391,3373
8,5,9,8,391,3373
8,9,9,8,391,3373
7,4,9,8,391,3373
7,9,9,8,391,3373
6,3,9,8,391,3373
6,8,9,8,391,3373
5,2,9,8,391,3373
5,7,9,8,391,3373
4,1,9,8,391,3373
4,6,9,8,391,3373
3,0,9,8,391,3373
3,5,9,8,391,3373
0,4,9,8,392,4700
1,4,9,8,392,4700
0,3,9,8,392,4700
0,5,9,8,392,4700
2,4,9,8,392,4700
1,3,9,8,392,4700
1,5,9,8,392,4700
0,2,9,8,392,4700
0,6,9,8,392,4700
3,4,9,8,392,4700
2,3,9,8,392,4700
2,5,9,8,392,4700
1,2,9,8,392,4700
1,6,9,8,392,4700
0,1,9,8,392,4700
0,7,9,8,392,4700
4,4,9,8,392,4700
3,3,9,8,392,4700
3,5,9,8,392,4700
2,2,9,8,392,4700
2,6,9,8,392,4700
1,1,9,8,392,4700
1,7,9,8,392,4700
0,0,9,8,392,4700
0,8,9,8,392,4700
5,4,9,8,392,4700
4,3,9,8,392,4700
4,5,9,8,392,4700
3,2,9,8,392,4700
3,6,9,8,392,4700
2,1,9,8,392,4700
2,7,9,8,392,4700
1,0,9,8,392,4700
1,8,9,8,392,4700
0,9,9,8,392,4700
6,4,9,8,392,4700
5,3,9,8,392,4700
5,5,9,8,392,4700
4,2,9,8,392,4700
4,6,9,8,392,4700
3,1,9,8,392,4700
3,7,9,8,392,4700
2,0,9,8,392,4700
2,8,9,8,392,4700
1,9,9,8,392,4700
7,4,9,8,392,4700
6,3,9,8,392,4700
6,5,9,8,392,4700
5,2,9,8,392,4700
5,6,9,8,392,4700
4,1,9,8,392,4700
4,7,9,8,392,4700
3,0,9,8,392,4700
3,8,9,8,392,4700
2,9,9,8,392,4700
8,4,9,8,392,4700
7,3,9,8,392,4700
7,5,9,8,392,4700
6,2,9,8,392,4700
6,6,9,8,392,4700
5,1,9,8,392,4700
5,7,9,8,392,4700
4,0,9,8,392,4700
4,8,9,8,392,4700
3,9,9,8,392,4700
9,4,9,8,392,4700
8,3,9,8,392,4700
8,5,9,8,392,4700
7,2,9,8,392,4700
7,6,9,8,392,4700
6,1,9,8,392,4700
6,7,9,8,392,4700
5,0,9,8,392,4700
5,8,9,8,392,4700
4,9,9,8,392,4700
9,3,9,8,392,4700
9,5,9,8,392,4700
9,2,9,8,392,4700
9,6,9,8,392,4700
8,1,9,8,392,4700
8,7,9,8,392,4700
7,0,9,8,392,4700
7,8,9,8,392,4700
6,0,9,8,392,4700
6,9,9,8,392,4700
5,9,9,8,392,4700
8,2,9,8,392,4700
8,6,9,8,392,4700
9,1,9,8,392,4700
9,7,9,8,392,4700
9,0,9,8,392,4700
9,8,9,8,392,4700
8,0,9,8,392,4700
8,9,9,8,392,4700
7,1,9,8,392,4700
7,9,9,8,392,4700
6,8,9,8,392,4700
0,6,9,8,393,4079
1,6,9,8,393,4079
0,5,9,8,393,4079
0,7,9,8,393,4079
2,6,9,8,393,4079
1,5,9,8,393,4079
1,7,9,8,393,4079
0,4,9,8,393,4079
0,8,9,8,393,4079
3,6,9,8,393,4079
2,5,9,8,393,4079
2,7,9,8,393,4079
1,4,9,8,393,4079
1,8,9,8,393,4079
0,3,9,8,393,4079
0,9,9,8,393,4079
4,6,9,8,393,4079
3,5,9,8,393,4079
3,7,9,8,393,4079
2,4,9,8,393,4079
2,8,9,8,393,4079
1,3,9,8,393,4079
1,9,9,8,393,4079
0,2,9,8,393,4079
5,6,9,8,393,4079
4,5,9,8,393,4079
4,7,9,8,393,4079
3,4,9,8,393,4079
3,8,9,8,393,4079
2,3,9,8,393,4079
2,9,9,8,393,4079
1,2,9,8,393,4079
0,1,9,8,393,4079
6,6,9,8,393,4079
5,5,9,8,393,4079
5,7,9,8,393,4079
4,4,9,8,393,4079
4,8,9,8,393,4079
3,3,9,8,393,4079
3,9,9,8,393,4079
2,2,9,8,393,4079
1,1,9,8,393,4079
0,0,9,8,393,4079
7,6,9,8,393,4079
6,5,9,8,393,4079
6,7,9,8,393,4079
5,4,9,8,393,4079
5,8,9,8,393,4079
4,3,9,8,393,4079
4,9,9,8,393,4079
3,2,9,8,393,4079
2,1,9,8,393,4079
1,0,9,8,393,4079
9,6,9,8,393,4079
8,5,9,8,393,4079
8,7,9,8,393,4079
7,4,9,8,393,4079
7,8,9,8,393,4079
6,3,9,8,393,4079
6,9,9,8,393,4079
5,2,9,8,393,4079
5,9,9,8,393,4079
4,1,9,8,393,4079
3,0,9,8,393,4079
2,0,9,8,393,4079
8,6,9,8,393,4079
9,5,9,8,393,4079
9,7,9,8,393,4079
9,4,9,8,393,4079
9,8,9,8,393,4079
8,3,9,8,393,4079
8,9,9,8,393,4079
7,2,9,8,393,4079
7,9,9,8,393,4079
6,1,9,8,393,4079
6,8,9,8,393,4079
5,0,9,8,393,4079
4,0,9,8,393,4079
3,1,9,8,393,4079
0,7,9,8,394,3734
1,7,9,8,394,3734
0,6,9,8,394,3734
0,8,9,8,394,3734
2,7,9,8,394,3734
1,6,9,8,394,3734
1,8,9,8,394,3734
0,5,9,8,394,3734
0,9,9,8,394,3734
3,7,9,8,394,3734
2,6,9,8,394,3734
2,8,9,8,394,3734
1,5,9,8,394,3734
1,9,9,8,394,3734
0,4,9,8,394,3734
4,7,9,8,394,3734
3,6,9,8,394,3734
3,8,9,8,394,3734
2,5,9,8,394,3734
2,9,9,8,394,3734
1,4,9,8,394,3734
0,3,9,8,394,3734
5,7,9,8,394,3734
4,6,9,8,394,3734
4,8,9,8,394,3734
3,5,9,8,394,3734
3,9,9,8,394,3734
2,4,9,8,394,3734
1,3,9,8,394,3734
0,2,9,8,394,3734
6,7,9,8,394,3734
5,6,9,8,394,3734
5,8,9,8,394,3734
4,5,9,8,394,3734
4,9,9,8,394,3734
3,4,9,8,394,3734
2,3,9,8,394,3734
1,2,9,8,394,3734
0,1,9,8,394,3734
8,7,9,8,394,3734
7,6,9,8,394,3734
7,8,9,8,394,3734
6,5,9,8,394,3734
6,9,9,8,394,3734
5,4,9,8,394,3734
5,9,9,8,394,3734
4,3,9,8,394,3734
3,2,9,8,394,3734
2,1,9,8,394,3734
1,0,9,8,394,3734
9,7,9,8,394,3734
9,6,9,8,394,3734
9,8,9,8,394,3734
8,5,9,8,394,3734
8,9,9,8,394,3734
7,4,9,8,394,3734
7,9,9,8,394,3734
6,3,9,8,394,3734
6,8,9,8,394,3734
5,2,9,8,394,3734
4,1,9,8,394,3734
3,0,9,8,394,3734
2,0,9,8,394,3734
0,8,7,8,395,3378
1,8,7,8,395,3378
0,7,7,8,395,3378
0,9,7,8,395,3378
2,8,7,8,395,3378
1,7,7,8,395,3378
1,9,7,8,395,3378
0,6,7,8,395,3378
3,8,7,8,395,3378
2,7,7,8,395,3378
2,9,7,8,395,3378
1,6,7,8,395,3378
0,5,7,8,395,3378
4,8,7,8,395,3378
3,7,7,8,395,3378
3,9,7,8,395,3378
2,6,7,8,395,3378
1,5,7,8,395,3378
0,4,7,8,395,3378
5,8,7,8,395,3378
4,7,7,8,395,3378
4,9,7,8,395,3378
3,6,7,8,395,3378
2,5,7,8,395,3378
1,4,7,8,395,3378
0,3,7,8,395,3378
7,8,7,8,395,3378
6,7,7,8,395,3378
6,9,7,8,395,3378
5,6,7,8,395,3378
5,9,7,8,395,3378
4,5,7,8,395,3378
3,4,7,8,395,3378
2,3,7,8,395,3378
1,2,7,8,395,3378
9,8,7,8,395,3378
8,7,7,8,395,3378
8,9,7,8,395,3378
7,6,7,8,395,3378
7,9,7,8,395,3378
6,5,7,8,395,3378
6,8,7,8,395,3378
5,4,7,8,395,3378
5,7,7,8,395,3378
4,3,7,8,395,3378
4,6,7,8,395,3378
3,2,7,8,395,3378
3,5,7,8,395,3378
2,1,7,8,395,3378
2,4,7,8,395,3378
0,7,9,8,396,4071
1,7,9,8,396,4071
0,6,9,8,396,4071
0,8,9,8,396,4071
2,7,9,8,396,4071
1,6,9,8,396,4071
1,8,9,8,396,4071
0,5,9,8,396,4071
0,9,9,8,396,4071
3,7,9,8,396,4071
2,6,9,8,396,4071
2,8,9,8,396,4071
1,5,9,8,396,4071
1,9,9,8,396,4071
0,4,9,8,396,4071
4,7,9,8,396,4071
3,6,9,8,396,4071
3,8,9,8,396,4071
2,5,9,8,396,4071
2,9,9,8,396,4071
1,4,9,8,396,4071
0,3,9,8,396,4071
5,7,9,8,396,4071
4,6,9,8,396,4071
4,8,9,8,396,4071
3,5,9,8,396,4071
3,9,9,8,396,4071
2,4,9,8,396,4071
1,3,9,8,396,4071
0,2,9,8,396,4071
6,7,9,8,396,4071
5,6,9,8,396,4071
5,8,9,8,396,4071
4,5,9,8,396,4071
4,9,9,8,396,4071
3,4,9,8,396,4071
2,3,9,8,396,4071
1,2,9,8,396,4071
0,1,9,8,396,4071
7,7,9,8,396,4071
6,6,9,8,396,4071
6,8,9,8,396,4071
5,5,9,8,396,4071
5,9,9,8,396,4071
4,4,9,8,396,4071
3,3,9,8,396,4071
2,2,9,8,396,4071
1,1,9,8,396,4071
0,0,9,8,396,4071
8,7,9,8,396,4071
7,6,9,8,396,4071
7,8,9,8,396,4071
6,5,9,8,396,4071
6,9,9,8,396,4071
5,4,9,8,396,4071
4,3,9,8,396,4071
3,2,9,8,396,4071
2,1,9,8,396,4071
1,0,9,8,396,4071
9,7,9,8,396,4071
9,6,9,8,396,4071
9,8,9,8,396,4071
8,5,9,8,396,4071
8,9,9,8,396,4071
7,4,9,8,396,4071
7,9,9,8,396,4071
6,3,9,8,396,4071
5,2,9,8,396,4071
4,1,9,8,396,4071
3,0,9,8,396,4071
2,0,9,8,396,4071
0,8,7,8,397,3740
1,8,7,8,397,3740
0,7,7,8,397,3740
0,9,7,8,397,3740
2,8,7,8,397,3740
1,7,7,8,397,3740
1,9,7,8,397,3740
0,6,7,8,397,3740
3,8,7,8,397,3740
2,7,7,8,397,3740
2,9,7,8,397,3740
1,6,7,8,397,3740
0,5,7,8,397,3740
4,8,7,8,397,3740
3,7,7,8,397,3740
3,9,7,8,397,3740
2,6,7,8,397,3740
1,5,7,8,397,3740
0,4,7,8,397,3740
5,8,7,8,397,3740
4,7,7,8,397,3740
4,9,7,8,397,3740
3,6,7,8,397,3740
2,5,7,8,397,3740
1,4,7,8,397,3740
0,3,7,8,397,3740
6,8,7,8,397,3740
5,7,7,8,397,3740
5,9,7,8,397,3740
4,6,7,8,397,3740
3,5,7,8,397,3740
2,4,7,8,397,3740
1,3,7,8,397,3740
0,2,7,8,397,3740
7,8,7,8,397,3740
6,7,7,8,397,3740
6,9,7,8,397,3740
5,6,7,8,397,3740
4,5,7,8,397,3740
3,4,7,8,397,3740
2,3,7,8,397,3740
1,2,7,8,397,3740
0,1,7,8,397,3740
9,8,7,8,397,3740
8,7,7,8,397,3740
8,9,7,8,397,3740
7,6,7,8,397,3740
7,9,7,8,397,3740
6,5,7,8,397,3740
5,4,7,8,397,3740
4,3,7,8,397,3740
3,2,7,8,397,3740
2,1,7,8,397,3740
1,0,7,8,397,3740
0,7,9,8,398,4397
1,7,9,8,398,4397
0,6,9,8,398,4397
0,8,9,8,398,4397
2,7,9,8,398,4397
1,6,9,8,398,4397
1,8,9,8,398,4397
0,5,9,8,398,4397
0,9,9,8,398,4397
3,7,9,8,398,4397
2,6,9,8,398,4397
2,8,9,8,398,4397
1,5,9,8,398,4397
1,9,9,8,398,4397
0,4,9,8,398,4397
4,7,9,8,398,4397
3,6,9,8,398,4397
3,8,9,8,398,4397
2,5,9,8,398,4397
2,9,9,8,398,4397
1,4,9,8,398,4397
0,3,9,8,398,4397
5,7,9,8,398,4397
4,6,9,8,398,4397
4,8,9,8,398,4397
3,5,9,8,398,4397
3,9,9,8,398,4397
2,4,9,8,398,4397
1,3,9,8,398,4397
0,2,9,8,398,4397
6,7,9,8,398,4397
5,6,9,8,398,4397
5,8,9,8,398,4397
4,5,9,8,398,4397
4,9,9,8,398,4397
3,4,9,8,398,4397
2,3,9,8,398,4397
1,2,9,8,398,4397
0,1,9,8,398,4397
7,7,9,8,398,4397
6,6,9,8,398,4397
6,8,9,8,398,4397
5,5,9,8,398,4397
5,9,9,8,398,4397
4,4,9,8,398,4397
3,3,9,8,398,4397
2,2,9,8,398,4397
1,1,9,8,398,4397
0,0,9,8,398,4397
8,7,9,8,398,4397
7,6,9,8,398,4397
7,8,9,8,398,4397
6,5,9,8,398,4397
6,9,9,8,398,4397
5,4,9,8,398,4397
4,3,9,8,398,4397
3,2,9,8,398,4397
2,1,9,8,398,4397
1,0,9,8,398,4397
9,7,9,8,398,4397
8,6,9,8,398,4397
8,8,9,8,398,4397
7,5,9,8,398,4397
7,9,9,8,398,4397
6,4,9,8,398,4397
5,3,9,8,398,4397
4,2,9,8,398,4397
3,1,9,8,398,4397
2,0,9,8,398,4397
9,6,9,8,398,4397
9,8,9,8,398,4397
8,5,9,8,398,4397
8,9,9,8,398,4397
7,4,9,8,398,4397
6,3,9,8,398,4397
5,2,9,8,398,4397
4,1,9,8,398,4397
3,0,9,8,398,4397
3,2,5,0,399,3001
5,2,5,0,399,3001
4,1,5,0,399,3001
4,3,5,0,399,3001
7,2,5,0,399,3001
6,1,5,0,399,3001
6,3,5,0,399,3001
5,0,5,0,399,3001
5,4,5,0,399,3001
9,2,5,0,399,3001
8,1,5,0,399,3001
8,3,5,0,399,3001
7,0,5,0,399,3001
7,4,5,0,399,3001
6,0,5,0,399,3001
6,5,5,0,399,3001
8,2,5,0,399,3001
9,1,5,0,399,3001
9,3,5,0,399,3001
9,0,5,0,399,3001
9,4,5,0,399,3001
8,0,5,0,399,3001
8,5,5,0,399,3001
7,1,5,0,399,3001
7,6,5,0,399,3001
6,2,5,0,399,3001
7,3,5,0,399,3001
8,4,5,0,399,3001
9,5,5,0,399,3001
9,6,5,0,399,3001
8,7,5,0,399,3001
4,2,5,0,399,3001
5,1,5,0,399,3001
5,3,5,0,399,3001
6,4,5,0,399,3001
7,5,5,0,399,3001
8,6,5,0,399,3001
9,7,5,0,399,3001
9,8,5,0,399,3001
4,3,7,0,400,2583
6,3,7,0,400,2583
5,2,7,0,400,2583
5,4,7,0,400,2583
8,3,7,0,400,2583
7,2,7,0,400,2583
7,4,7,0,400,2583
6,1,7,0,400,2583
6,5,7,0,400,2583
9,3,7,0,400,2583
9,2,7,0,400,2583
9,4,7,0,400,2583
8,1,7,0,400,2583
8,5,7,0,400,2583
7,0,7,0,400,2583
7,6,7,0,400,2583
7,3,7,0,400,2583
8,2,7,0,400,2583
8,4,7,0,400,2583
9,1,7,0,400,2583
9,5,7,0,400,2583
9,0,7,0,400,2583
9,6,7,0,400,2583
8,0,7,0,400,2583
8,7,7,0,400,2583
5,3,7,0,400,2583
6,2,7,0,400,2583
6,4,7,0,400,2583
7,1,7,0,400,2583
7,5,7,0,400,2583
8,6,7,0,400,2583
9,7,7,0,400,2583
9,8,7,0,400,2583
3,4,5,6,401,2574
5,4,5,6,401,2574
4,3,5,6,401,2574
4,5,5,6,401,2574
7,4,5,6,401,2574
6,3,5,6,401,2574
6,5,5,6,401,2574
5,2,5,6,401,2574
5,6,5,6,401,2574
9,4,5,6,401,2574
8,3,5,6,401,2574
8,5,5,6,401,2574
7,2,5,6,401,2574
7,6,5,6,401,2574
6,1,5,6,401,2574
6,7,5,6,401,2574
8,4,5,6,401,2574
9,3,5,6,401,2574
9,5,5,6,401,2574
9,2,5,6,401,2574
9,6,5,6,401,2574
8,1,5,6,401,2574
8,7,5,6,401,2574
7,0,5,6,401,2574
7,8,5,6,401,2574
6,4,5,6,401,2574
7,3,5,6,401,2574
7,5,5,6,401,2574
8,2,5,6,401,2574
8,6,5,6,401,2574
9,1,5,6,401,2574
9,7,5,6,401,2574
9,0,5,6,401,2574
9,8,5,6,401,2574
8,0,5,6,401,2574
8,9,5,6,401,2574
1,4,6,7,402,2992
3,4,6,7,402,2992
2,3,6,7,402,2992
2,5,6,7,402,2992
5,4,6,7,402,2992
4,3,6,7,402,2992
4,5,6,7,402,2992
3,2,6,7,402,2992
3,6,6,7,402,2992
7,4,6,7,402,2992
6,3,6,7,402,2992
6,5,6,7,402,2992
5,2,6,7,402,2992
5,6,6,7,402,2992
4,1,6,7,402,2992
4,7,6,7,402,2992
9,4,6,7,402,2992
8,3,6,7,402,2992
8,5,6,7,402,2992
7,2,6,7,402,2992
7,6,6,7,402,2992
6,1,6,7,402,2992
6,7,6,7,402,2992
5,0,6,7,402,2992
5,8,6,7,402,2992
8,4,6,7,402,2992
9,3,6,7,402,2992
9,5,6,7,402,2992
9,2,6,7,402,2992
9,6,6,7,402,2992
8,1,6,7,402,2992
8,7,6,7,402,2992
7,0,6,7,402,2992
7,8,6,7,402,2992
6,0,6,7,402,2992
6,9,6,7,402,2992
6,4,6,7,402,2992
7,3,6,7,402,2992
7,5,6,7,402,2992
8,2,6,7,402,2992
8,6,6,7,402,2992
9,1,6,7,402,2992
9,7,6,7,402,2992
9,0,6,7,402,2992
9,8,6,7,402,2992
8,0,6,7,402,2992
8,9,6,7,402,2992
7,1,6,7,402,2992
7,9,6,7,402,2992
0,5,7,8,403,2992
2,5,7,8,403,2992
1,4,7,8,403,2992
1,6,7,8,403,2992
4,5,7,8,403,2992
3,4,7,8,403,2992
3,6,7,8,403,2992
2,3,7,8,403,2992
2,7,7,8,403,2992
6,5,7,8,403,2992
5,4,7,8,403,2992
5,6,7,8,403,2992
4,3,7,8,403,2992
4,7,7,8,403,2992
3,2,7,8,403,2992
3,8,7,8,403,2992
8,5,7,8,403,2992
7,4,7,8,403,2992
7,6,7,8,403,2992
6,3,7,8,403,2992
6,7,7,8,403,2992
5,2,7,8,403,2992
5,8,7,8,403,2992
4,1,7,8,403,2992
4,9,7,8,403,2992
9,5,7,8,403,2992
9,4,7,8,403,2992
9,6,7,8,403,2992
8,3,7,8,403,2992
8,7,7,8,403,2992
7,2,7,8,403,2992
7,8,7,8,403,2992
6,1,7,8,403,2992
6,9,7,8,403,2992
5,0,7,8,403,2992
5,9,7,8,403,2992
7,5,7,8,403,2992
8,4,7,8,403,2992
8,6,7,8,403,2992
9,3,7,8,403,2992
9,7,7,8,403,2992
9,2,7,8,403,2992
9,8,7,8,403,2992
8,1,7,8,403,2992
8,9,7,8,403,2992
7,0,7,8,403,2992
7,9,7,8,403,2992
6,0,7,8,403,2992
6,8,7,8,403,2992
1,6,9,8,404,2574
3,6,9,8,404,2574
2,5,9,8,404,2574
2,7,9,8,404,2574
5,6,9,8,404,2574
4,5,9,8,404,2574
4,7,9,8,404,2574
3,4,9,8,404,2574
3,8,9,8,404,2574
7,6,9,8,404,2574
6,5,9,8,404,2574
6,7,9,8,404,2574
5,4,9,8,404,2574
5,8,9,8,404,2574
4,3,9,8,404,2574
4,9,9,8,404,2574
9,6,9,8,404,2574
8,5,9,8,404,2574
8,7,9,8,404,2574
7,4,9,8,404,2574
7,8,9,8,404,2574
6,3,9,8,404,2574
6,9,9,8,404,2574
5,2,9,8,404,2574
5,9,9,8,404,2574
8,6,9,8,404,2574
9,5,9,8,404,2574
9,7,9,8,404,2574
9,4,9,8,404,2574
9,8,9,8,404,2574
8,3,9,8,404,2574
8,9,9,8,404,2574
7,2,9,8,404,2574
7,9,9,8,404,2574
6,1,9,8,404,2574
6,8,9,8,404,2574
0,6,9,8,405,2990
1,6,9,8,405,2990
0,5,9,8,405,2990
0,7,9,8,405,2990
3,6,9,8,405,2990
2,5,9,8,405,2990
2,7,9,8,405,2990
1,4,9,8,405,2990
1,8,9,8,405,2990
5,6,9,8,405,2990
4,5,9,8,405,2990
4,7,9,8,405,2990
3,4,9,8,405,2990
3,8,9,8,405,2990
2,3,9,8,405,2990
2,9,9,8,405,2990
7,6,9,8,405,2990
6,5,9,8,405,2990
6,7,9,8,405,2990
5,4,9,8,405,2990
5,8,9,8,405,2990
4,3,9,8,405,2990
4,9,9,8,405,2990
3,2,9,8,405,2990
3,9,9,8,405,2990
9,6,9,8,405,2990
8,5,9,8,405,2990
8,7,9,8,405,2990
7,4,9,8,405,2990
7,8,9,8,405,2990
6,3,9,8,405,2990
6,9,9,8,405,2990
5,2,9,8,405,2990
5,9,9,8,405,2990
4,1,9,8,405,2990
4,8,9,8,405,2990
8,6,9,8,405,2990
9,5,9,8,405,2990
9,7,9,8,405,2990
9,4,9,8,405,2990
9,8,9,8,405,2990
8,3,9,8,405,2990
8,9,9,8,405,2990
7,2,9,8,405,2990
7,9,9,8,405,2990
6,1,9,8,405,2990
6,8,9,8,405,2990
5,0,9,8,405,2990
5,7,9,8,405,2990
0,7,9,8,406,2571
2,7,9,8,406,2571
1,6,9,8,406,2571
1,8,9,8,406,2571
4,7,9,8,406,2571
3,6,9,8,406,2571
3,8,9,8,406,2571
2,5,9,8,406,2571
2,9,9,8,406,2571
6,7,9,8,406,2571
5,6,9,8,406,2571
5,8,9,8,406,2571
4,5,9,8,406,2571
4,9,9,8,406,2571
3,4,9,8,406,2571
3,9,9,8,406,2571
8,7,9,8,406,2571
7,6,9,8,406,2571
7,8,9,8,406,2571
6,5,9,8,406,2571
6,9,9,8,406,2571
5,4,9,8,406,2571
5,9,9,8,406,2571
4,3,9,8,406,2571
4,8,9,8,406,2571
9,7,9,8,406,2571
9,6,9,8,406,2571
9,8,9,8,406,2571
8,5,9,8,406,2571
8,9,9,8,406,2571
7,4,9,8,406,2571
7,9,9,8,406,2571
6,3,9,8,406,2571
6,8,9,8,406,2571
5,2,9,8,406,2571
5,7,9,8,406,2571
0,7,9,8,407,2986
1,7,9,8,407,2986
0,6,9,8,407,2986
0,8,9,8,407,2986
2,7,9,8,407,2986
1,6,9,8,407,2986
1,8,9,8,407,2986
0,5,9,8,407,2986
0,9,9,8,407,2986
4,7,9,8,407,2986
3,6,9,8,407,2986
3,8,9,8,407,2986
2,5,9,8,407,2986
2,9,9,8,407,2986
1,4,9,8,407,2986
1,9,9,8,407,2986
6,7,9,8,407,2986
5,6,9,8,407,2986
5,8,9,8,407,2986
4,5,9,8,407,2986
4,9,9,8,407,2986
3,4,9,8,407,2986
3,9,9,8,407,2986
2,3,9,8,407,2986
2,8,9,8,407,2986
8,7,9,8,407,2986
7,6,9,8,407,2986
7,8,9,8,407,2986
6,5,9,8,407,2986
6,9,9,8,407,2986
5,4,9,8,407,2986
5,9,9,8,407,2986
4,3,9,8,407,2986
4,8,9,8,407,2986
3,2,9,8,407,2986
3,7,9,8,407,2986
9,7,9,8,407,2986
9,6,9,8,407,2986
9,8,9,8,407,2986
8,5,9,8,407,2986
8,9,9,8,407,2986
7,4,9,8,407,2986
7,9,9,8,407,2986
6,3,9,8,407,2986
6,8,9,8,407,2986
5,2,9,8,407,2986
5,7,9,8,407,2986
4,1,9,8,407,2986
4,6,9,8,407,2986
0,8,7,8,408,2574
1,8,7,8,408,2574
0,7,7,8,408,2574
0,9,7,8,408,2574
3,8,7,8,408,2574
2,7,7,8,408,2574
2,9,7,8,408,2574
1,6,7,8,408,2574
1,9,7,8,408,2574
5,8,7,8,408,2574
4,7,7,8,408,2574
4,9,7,8,408,2574
3,6,7,8,408,2574
3,9,7,8,408,2574
2,5,7,8,408,2574
2,8,7,8,408,2574
7,8,7,8,408,2574
6,7,7,8,408,2574
6,9,7,8,408,2574
5,6,7,8,408,2574
5,9,7,8,408,2574
4,5,7,8,408,2574
4,8,7,8,408,2574
3,4,7,8,408,2574
3,7,7,8,408,2574
9,8,7,8,408,2574
8,7,7,8,408,2574
8,9,7,8,408,2574
7,6,7,8,408,2574
7,9,7,8,408,2574
6,5,7,8,408,2574
6,8,7,8,408,2574
5,4,7,8,408,2574
5,7,7,8,408,2574
4,3,7,8,408,2574
4,6,7,8,408,2574
3,6,9,8,409,2128
5,6,9,8,409,2128
4,5,9,8,409,2128
4,7,9,8,409,2128
7,6,9,8,409,2128
6,5,9,8,409,2128
6,7,9,8,409,2128
5,4,9,8,409,2128
5,8,9,8,409,2128
9,6,9,8,409,2128
8,5,9,8,409,2128
8,7,9,8,409,2128
7,4,9,8,409,2128
7,8,9,8,409,2128
6,3,9,8,409,2128
6,9,9,8,409,2128
8,6,9,8,409,2128
9,5,9,8,409,2128
9,7,9,8,409,2128
9,4,9,8,409,2128
9,8,9,8,409,2128
8,3,9,8,409,2128
8,9,9,8,409,2128
7,2,9,8,409,2128
7,9,9,8,409,2128
2,7,9,8,410,2127
4,7,9,8,410,2127
3,6,9,8,410,2127
3,8,9,8,410,2127
6,7,9,8,410,2127
5,6,9,8,410,2127
5,8,9,8,410,2127
4,5,9,8,410,2127
4,9,9,8,410,2127
8,7,9,8,410,2127
7,6,9,8,410,2127
7,8,9,8,410,2127
6,5,9,8,410,2127
6,9,9,8,410,2127
5,4,9,8,410,2127
5,9,9,8,410,2127
9,7,9,8,410,2127
9,6,9,8,410,2127
9,8,9,8,410,2127
8,5,9,8,410,2127
8,9,9,8,410,2127
7,4,9,8,410,2127
7,9,9,8,410,2127
6,3,9,8,410,2127
6,8,9,8,410,2127
1,8,7,8,411,2128
3,8,7,8,411,2128
2,7,7,8,411,2128
2,9,7,8,411,2128
5,8,7,8,411,2128
4,7,7,8,411,2128
4,9,7,8,411,2128
3,6,7,8,411,2128
3,9,7,8,411,2128
7,8,7,8,411,2128
6,7,7,8,411,2128
6,9,7,8,411,2128
5,6,7,8,411,2128
5,9,7,8,411,2128
4,5,7,8,411,2128
4,8,7,8,411,2128
9,8,7,8,411,2128
8,7,7,8,411,2128
8,9,7,8,411,2128
7,6,7,8,411,2128
7,9,7,8,411,2128
6,5,7,8,411,2128
6,8,7,8,411,2128
5,4,7,8,411,2128
5,7,7,8,411,2128
5,6,9,8,412,1649
7,6,9,8,412,1649
6,5,9,8,412,1649
6,7,9,8,412,1649
9,6,9,8,412,1649
8,5,9,8,412,1649
8,7,9,8,412,1649
7,4,9,8,412,1649
7,8,9,8,412,1649
8,6,9,8,412,1649
9,5,9,8,412,1649
9,7,9,8,412,1649
9,4,9,8,412,1649
9,8,9,8,412,1649
8,3,9,8,412,1649
8,9,9,8,412,1649
4,7,9,8,413,1650
6,7,9,8,413,1650
5,6,9,8,413,1650
5,8,9,8,413,1650
8,7,9,8,413,1650
7,6,9,8,413,1650
7,8,9,8,413,1650
6,5,9,8,413,1650
6,9,9,8,413,1650
9,7,9,8,413,1650
9,6,9,8,413,1650
9,8,9,8,413,1650
8,5,9,8,413,1650
8,9,9,8,413,1650
7,4,9,8,413,1650
7,9,9,8,413,1650
3,8,9,8,414,1646
5,8,9,8,414,1646
4,7,9,8,414,1646
4,9,9,8,414,1646
7,8,9,8,414,1646
6,7,9,8,414,1646
6,9,9,8,414,1646
5,6,9,8,414,1646
5,9,9,8,414,1646
9,8,9,8,414,1646
8,7,9,8,414,1646
8,9,9,8,414,1646
7,6,9,8,414,1646
7,9,9,8,414,1646
6,5,9,8,414,1646
6,8,9,8,414,1646
2,9,6,7,415,1651
4,9,6,7,415,1651
3,8,6,7,415,1651
3,9,6,7,415,1651
6,9,6,7,415,1651
5,8,6,7,415,1651
5,9,6,7,415,1651
4,7,6,7,415,1651
4,8,6,7,415,1651
8,9,6,7,415,1651
7,8,6,7,415,1651
7,9,6,7,415,1651
6,7,6,7,415,1651
6,8,6,7,415,1651
5,6,6,7,415,1651
5,7,6,7,415,1651
7,6,8,7,416,1138
9,6,8,7,416,1138
8,5,8,7,416,1138
8,7,8,7,416,1138
8,6,8,7,416,1138
9,5,8,7,416,1138
9,7,8,7,416,1138
9,4,8,7,416,1138
9,8,8,7,416,1138
6,7,9,8,417,1138
8,7,9,8,417,1138
7,6,9,8,417,1138
7,8,9,8,417,1138
9,7,9,8,417,1138
9,6,9,8,417,1138
9,8,9,8,417,1138
8,5,9,8,417,1138
8,9,9,8,417,1138
5,8,9,8,367,1136
7,8,9,8,367,1136
6,7,9,8,367,1136
6,9,9,8,367,1136
9,8,9,8,367,1136
8,7,9,8,367,1136
8,9,9,8,367,1136
7,6,9,8,367,1136
7,9,9,8,367,1136
7,8,9,8,30,588
9,8,9,8,30,588
8,7,9,8,30,588
8,9,9,8,30,588
9,8,9,8,0,0
8,9,8,9,0,0
0,0,5,7,418,4435
1,0,5,7,418,4435
0,1,5,7,418,4435
2,0,5,7,418,4435
1,1,5,7,418,4435
0,2,5,7,418,4435
4,0,5,7,418,4435
3,0,5,7,418,4435
3,1,5,7,418,4435
2,1,5,7,418,4435
2,2,5,7,418,4435
1,2,5,7,418,4435
1,3,5,7,418,4435
6,0,5,7,418,4435
5,0,5,7,418,4435
5,1,5,7,418,4435
4,1,5,7,418,4435
4,2,5,7,418,4435
3,2,5,7,418,4435
3,3,5,7,418,4435
2,3,5,7,418,4435
2,4,5,7,418,4435
8,0,5,7,418,4435
7,0,5,7,418,4435
7,1,5,7,418,4435
6,1,5,7,418,4435
6,2,5,7,418,4435
5,2,5,7,418,4435
5,3,5,7,418,4435
4,3,5,7,418,4435
4,4,5,7,418,4435
3,4,5,7,418,4435
3,5,5,7,418,4435
9,0,5,7,418,4435
9,1,5,7,418,4435
8,1,5,7,418,4435
8,2,5,7,418,4435
7,2,5,7,418,4435
7,3,5,7,418,4435
6,3,5,7,418,4435
6,4,5,7,418,4435
5,4,5,7,418,4435
5,5,5,7,418,4435
4,5,5,7,418,4435
4,6,5,7,418,4435
9,2,5,7,418,4435
9,3,5,7,418,4435
8,3,5,7,418,4435
8,4,5,7,418,4435
7,4,5,7,418,4435
7,5,5,7,418,4435
6,5,5,7,418,4435
6,6,5,7,418,4435
5,6,5,7,418,4435
5,7,5,7,418,4435
9,4,5,7,418,4435
9,5,5,7,418,4435
8,5,5,7,418,4435
8,6,5,7,418,4435
7,6,5,7,418,4435
7,7,5,7,418,4435
6,7,5,7,418,4435
6,8,5,7,418,4435
9,6,5,7,418,4435
9,7,5,7,418,4435
8,7,5,7,418,4435
8,8,5,7,418,4435
7,8,5,7,418,4435
7,9,5,7,418,4435
9,8,5,7,418,4435
9,9,5,7,418,4435
8,9,5,7,418,4435
0,0,5,5,419,4118
2,0,5,5,419,4118
1,0,5,5,419,4118
1,1,5,5,419,4118
4,0,5,5,419,4118
3,0,5,5,419,4118
3,1,5,5,419,4118
2,1,5,5,419,4118
2,2,5,5,419,4118
6,0,5,5,419,4118
5,0,5,5,419,4118
5,1,5,5,419,4118
4,1,5,5,419,4118
4,2,5,5,419,4118
3,2,5,5,419,4118
3,3,5,5,419,4118
8,0,5,5,419,4118
7,0,5,5,419,4118
7,1,5,5,419,4118
6,1,5,5,419,4118
6,2,5,5,419,4118
5,2,5,5,419,4118
5,3,5,5,419,4118
4,3,5,5,419,4118
4,4,5,5,419,4118
9,0,5,5,419,4118
9,1,5,5,419,4118
8,1,5,5,419,4118
8,2,5,5,419,4118
7,2,5,5,419,4118
7,3,5,5,419,4118
6,3,5,5,419,4118
6,4,5,5,419,4118
5,4,5,5,419,4118
5,5,5,5,419,4118
9,2,5,5,419,4118
9,3,5,5,419,4118
8,3,5,5,419,4118
8,4,5,5,419,4118
7,4,5,5,419,4118
7,5,5,5,419,4118
6,5,5,5,419,4118
6,6,5,5,419,4118
9,4,5,5,419,4118
9,5,5,5,419,4118
8,5,5,5,419,4118
8,6,5,5,419,4118
7,6,5,5,419,4118
7,7,5,5,419,4118
9,6,5,5,419,4118
9,7,5,5,419,4118
8,7,5,5,419,4118
8,8,5,5,419,4118
9,8,5,5,419,4118
9,9,5,5,419,4118
1,1,5,3,420,3774
3,1,5,3,420,3774
2,0,5,3,420,3774
2,2,5,3,420,3774
5,1,5,3,420,3774
4,0,5,3,420,3774
4,2,5,3,420,3774
3,0,5,3,420,3774
3,3,5,3,420,3774
7,1,5,3,420,3774
6,0,5,3,420,3774
6,2,5,3,420,3774
5,0,5,3,420,3774
5,3,5,3,420,3774
4,1,5,3,420,3774
4,4,5,3,420,3774
9,1,5,3,420,3774
8,0,5,3,420,3774
8,2,5,3,420,3774
7,0,5,3,420,3774
7,3,5,3,420,3774
6,1,5,3,420,3774
6,4,5,3,420,3774
5,2,5,3,420,3774
5,5,5,3,420,3774
8,1,5,3,420,3774
9,0,5,3,420,3774
9,2,5,3,420,3774
9,3,5,3,420,3774
8,4,5,3,420,3774
7,2,5,3,420,3774
7,5,5,3,420,3774
6,3,5,3,420,3774
6,6,5,3,420,3774
8,3,5,3,420,3774
9,4,5,3,420,3774
9,5,5,3,420,3774
8,6,5,3,420,3774
7,4,5,3,420,3774
7,7,5,3,420,3774
8,5,5,3,420,3774
9,6,5,3,420,3774
9,7,5,3,420,3774
8,8,5,3,420,3774
2,1,5,3,420,3774
3,2,5,3,420,3774
4,3,5,3,420,3774
5,4,5,3,420,3774
6,5,5,3,420,3774
7,6,5,3,420,3774
8,7,5,3,420,3774
9,8,5,3,420,3774
9,9,5,3,420,3774
0,1,5,5,421,4109
1,1,5,5,421,4109
0,0,5,5,421,4109
0,2,5,5,421,4109
3,1,5,5,421,4109
2,0,5,5,421,4109
2,2,5,5,421,4109
1,0,5,5,421,4109
1,3,5,5,421,4109
5,1,5,5,421,4109
4,0,5,5,421,4109
4,2,5,5,421,4109
3,0,5,5,421,4109
3,3,5,5,421,4109
2,1,5,5,421,4109
2,4,5,5,421,4109
7,1,5,5,421,4109
6,0,5,5,421,4109
6,2,5,5,421,4109
5,0,5,5,421,4109
5,3,5,5,421,4109
4,1,5,5,421,4109
4,4,5,5,421,4109
3,2,5,5,421,4109
3,5,5,5,421,4109
9,1,5,5,421,4109
8,0,5,5,421,4109
8,2,5,5,421,4109
7,0,5,5,421,4109
7,3,5,5,421,4109
6,1,5,5,421,4109
6,4,5,5,421,4109
5,2,5,5,421,4109
5,5,5,5,421,4109
4,3,5,5,421,4109
4,6,5,5,421,4109
8,1,5,5,421,4109
9,0,5,5,421,4109
9,2,5,5,421,4109
9,3,5,5,421,4109
8,4,5,5,421,4109
7,2,5,5,421,4109
7,5,5,5,421,4109
6,3,5,5,421,4109
6,6,5,5,421,4109
5,4,5,5,421,4109
5,7,5,5,421,4109
8,3,5,5,421,4109
9,4,5,5,421,4109
9,5,5,5,421,4109
8,6,5,5,421,4109
7,4,5,5,421,4109
7,7,5,5,421,4109
6,5,5,5,421,4109
6,8,5,5,421,4109
8,5,5,5,421,4109
9,6,5,5,421,4109
9,7,5,5,421,4109
8,8,5,5,421,4109
7,6,5,5,421,4109
7,9,5,5,421,4109
8,7,5,5,421,4109
9,8,5,5,421,4109
9,9,5,5,421,4109
8,9,5,5,421,4109
0,1,7,7,422,4403
1,1,7,7,422,4403
0,0,7,7,422,4403
0,2,7,7,422,4403
2,1,7,7,422,4403
1,0,7,7,422,4403
1,2,7,7,422,4403
0,3,7,7,422,4403
3,1,7,7,422,4403
2,0,7,7,422,4403
2,2,7,7,422,4403
1,3,7,7,422,4403
0,4,7,7,422,4403
5,1,7,7,422,4403
4,0,7,7,422,4403
4,2,7,7,422,4403
3,0,7,7,422,4403
3,3,7,7,422,4403
2,4,7,7,422,4403
1,5,7,7,422,4403
7,1,7,7,422,4403
6,0,7,7,422,4403
6,2,7,7,422,4403
5,0,7,7,422,4403
5,3,7,7,422,4403
4,1,7,7,422,4403
4,4,7,7,422,4403
3,2,7,7,422,4403
3,5,7,7,422,4403
2,3,7,7,422,4403
2,6,7,7,422,4403
9,1,7,7,422,4403
8,0,7,7,422,4403
8,2,7,7,422,4403
7,0,7,7,422,4403
7,3,7,7,422,4403
6,1,7,7,422,4403
6,4,7,7,422,4403
5,2,7,7,422,4403
5,5,7,7,422,4403
4,3,7,7,422,4403
4,6,7,7,422,4403
3,4,7,7,422,4403
3,7,7,7,422,4403
8,1,7,7,422,4403
9,0,7,7,422,4403
9,2,7,7,422,4403
9,3,7,7,422,4403
8,4,7,7,422,4403
7,2,7,7,422,4403
7,5,7,7,422,4403
6,3,7,7,422,4403
6,6,7,7,422,4403
5,4,7,7,422,4403
5,7,7,7,422,4403
4,5,7,7,422,4403
4,8,7,7,422,4403
8,3,7,7,422,4403
9,4,7,7,422,4403
9,5,7,7,422,4403
8,6,7,7,422,4403
7,4,7,7,422,4403
7,7,7,7,422,4403
6,5,7,7,422,4403
6,8,7,7,422,4403
5,6,7,7,422,4403
5,9,7,7,422,4403
8,5,7,7,422,4403
9,6,7,7,422,4403
9,7,7,7,422,4403
8,8,7,7,422,4403
7,6,7,7,422,4403
7,9,7,7,422,4403
6,7,7,7,422,4403
6,9,7,7,422,4403
8,7,7,7,422,4403
9,8,7,7,422,4403
9,9,7,7,422,4403
8,9,7,7,422,4403
7,8,7,7,422,4403
0,1,8,8,423,4699
1,1,8,8,423,4699
0,0,8,8,423,4699
0,2,8,8,423,4699
2,1,8,8,423,4699
1,0,8,8,423,4699
1,2,8,8,423,4699
0,3,8,8,423,4699
3,1,8,8,423,4699
2,0,8,8,423,4699
2,2,8,8,423,4699
1,3,8,8,423,4699
0,4,8,8,423,4699
4,1,8,8,423,4699
3,0,8,8,423,4699
3,2,8,8,423,4699
2,3,8,8,423,4699
1,4,8,8,423,4699
0,5,8,8,423,4699
5,1,8,8,423,4699
4,0,8,8,423,4699
4,2,8,8,423,4699
3,3,8,8,423,4699
2,4,8,8,423,4699
1,5,8,8,423,4699
0,6,8,8,423,4699
7,1,8,8,423,4699
6,0,8,8,423,4699
6,2,8,8,423,4699
5,0,8,8,423,4699
5,3,8,8,423,4699
4,4,8,8,423,4699
3,5,8,8,423,4699
2,6,8,8,423,4699
1,7,8,8,423,4699
9,1,8,8,423,4699
8,0,8,8,423,4699
8,2,8,8,423,4699
7,0,8,8,423,4699
7,3,8,8,423,4699
6,1,8,8,423,4699
6,4,8,8,423,4699
5,2,8,8,423,4699
5,5,8,8,423,4699
4,3,8,8,423,4699
4,6,8,8,423,4699
3,4,8,8,423,4699
3,7,8,8,423,4699
2,5,8,8,423,4699
2,8,8,8,423,4699
8,1,8,8,423,4699
9,0,8,8,423,4699
9,2,8,8,423,4699
9,3,8,8,423,4699
8,4,8,8,423,4699
7,2,8,8,423,4699
7,5,8,8,423,4699
6,3,8,8,423,4699
6,6,8,8,423,4699
5,4,8,8,423,4699
5,7,8,8,423,4699
4,5,8,8,423,4699
4,8,8,8,423,4699
3,6,8,8,423,4699
3,9,8,8,423,4699
8,3,8,8,423,4699
9,4,8,8,423,4699
9,5,8,8,423,4699
8,6,8,8,423,4699
7,4,8,8,423,4699
7,7,8,8,423,4699
6,5,8,8,423,4699
6,8,8,8,423,4699
5,6,8,8,423,4699
5,9,8,8,423,4699
4,7,8,8,423,4699
4,9,8,8,423,4699
8,5,8,8,423,4699
9,6,8,8,423,4699
9,7,8,8,423,4699
8,8,8,8,423,4699
7,6,8,8,423,4699
7,9,8,8,423,4699
6,7,8,8,423,4699
6,9,8,8,423,4699
5,8,8,8,423,4699
8,7,8,8,423,4699
9,8,8,8,423,4699
9,9,8,8,423,4699
8,9,8,8,423,4699
7,8,8,8,423,4699
0,2,8,8,424,4403
1,2,8,8,424,4403
0,1,8,8,424,4403
0,3,8,8,424,4403
2,2,8,8,424,4403
1,1,8,8,424,4403
1,3,8,8,424,4403
0,0,8,8,424,4403
0,4,8,8,424,4403
3,2,8,8,424,4403
2,1,8,8,424,4403
2,3,8,8,424,4403
1,0,8,8,424,4403
1,4,8,8,424,4403
0,5,8,8,424,4403
4,2,8,8,424,4403
3,1,8,8,424,4403
3,3,8,8,424,4403
2,0,8,8,424,4403
2,4,8,8,424,4403
1,5,8,8,424,4403
0,6,8,8,424,4403
6,2,8,8,424,4403
5,1,8,8,424,4403
5,3,8,8,424,4403
4,0,8,8,424,4403
4,4,8,8,424,4403
3,0,8,8,424,4403
3,5,8,8,424,4403
2,6,8,8,424,4403
1,7,8,8,424,4403
8,2,8,8,424,4403
7,1,8,8,424,4403
7,3,8,8,424,4403
6,0,8,8,424,4403
6,4,8,8,424,4403
5,0,8,8,424,4403
5,5,8,8,424,4403
4,1,8,8,424,4403
4,6,8,8,424,4403
3,7,8,8,424,4403
2,8,8,8,424,4403
9,2,8,8,424,4403
9,1,8,8,424,4403
9,3,8,8,424,4403
8,0,8,8,424,4403
8,4,8,8,424,4403
7,0,8,8,424,4403
7,5,8,8,424,4403
6,1,8,8,424,4403
6,6,8,8,424,4403
5,2,8,8,424,4403
5,7,8,8,424,4403
4,3,8,8,424,4403
4,8,8,8,424,4403
3,4,8,8,424,4403
3,9,8,8,424,4403
7,2,8,8,424,4403
8,1,8,8,424,4403
8,3,8,8,424,4403
9,0,8,8,424,4403
9,4,8,8,424,4403
9,5,8,8,424,4403
8,6,8,8,424,4403
7,7,8,8,424,4403
6,3,8,8,424,4403
6,8,8,8,424,4403
5,4,8,8,424,4403
5,9,8,8,424,4403
4,5,8,8,424,4403
4,9,8,8,424,4403
7,4,8,8,424,4403
8,5,8,8,424,4403
9,6,8,8,424,4403
9,7,8,8,424,4403
8,8,8,8,424,4403
7,9,8,8,424,4403
6,5,8,8,424,4403
6,9,8,8,424,4403
5,6,8,8,424,4403
5,8,8,8,424,4403
7,6,8,8,424,4403
8,7,8,8,424,4403
9,8,8,8,424,4403
9,9,8,8,424,4403
8,9,8,8,424,4403
7,8,8,8,424,4403
6,7,8,8,424,4403
0,4,8,8,425,3746
1,4,8,8,425,3746
0,3,8,8,425,3746
0,5,8,8,425,3746
2,4,8,8,425,3746
1,3,8,8,425,3746
1,5,8,8,425,3746
0,2,8,8,425,3746
0,6,8,8,425,3746
4,4,8,8,425,3746
3,3,8,8,425,3746
3,5,8,8,425,3746
2,2,8,8,425,3746
2,6,8,8,425,3746
1,1,8,8,425,3746
1,7,8,8,425,3746
6,4,8,8,425,3746
5,3,8,8,425,3746
5,5,8,8,425,3746
4,2,8,8,425,3746
4,6,8,8,425,3746
3,1,8,8,425,3746
3,7,8,8,425,3746
2,0,8,8,425,3746
2,8,8,8,425,3746
8,4,8,8,425,3746
7,3,8,8,425,3746
7,5,8,8,425,3746
6,2,8,8,425,3746
6,6,8,8,425,3746
5,1,8,8,425,3746
5,7,8,8,425,3746
4,0,8,8,425,3746
4,8,8,8,425,3746
3,0,8,8,425,3746
3,9,8,8,425,3746
9,4,8,8,425,3746
9,3,8,8,425,3746
9,5,8,8,425,3746
8,2,8,8,425,3746
8,6,8,8,425,3746
7,1,8,8,425,3746
7,7,8,8,425,3746
6,0,8,8,425,3746
6,8,8,8,425,3746
5,0,8,8,425,3746
5,9,8,8,425,3746
4,1,8,8,425,3746
4,9,8,8,425,3746
7,4,8,8,425,3746
8,3,8,8,425,3746
8,5,8,8,425,3746
9,2,8,8,425,3746
9,6,8,8,425,3746
9,1,8,8,425,3746
9,7,8,8,425,3746
8,0,8,8,425,3746
8,8,8,8,425,3746
7,0,8,8,425,3746
7,9,8,8,425,3746
6,1,8,8,425,3746
6,9,8,8,425,3746
5,2,8,8,425,3746
5,8,8,8,425,3746
5,4,8,8,425,3746
6,3,8,8,425,3746
6,5,8,8,425,3746
7,2,8,8,425,3746
7,6,8,8,425,3746
8,1,8,8,425,3746
8,7,8,8,425,3746
9,0,8,8,425,3746
9,8,8,8,425,3746
9,9,8,8,425,3746
8,9,8,8,425,3746
7,8,8,8,425,3746
6,7,8,8,425,3746
0,2,9,9,426,4698
1,2,9,9,426,4698
0,1,9,9,426,4698
0,3,9,9,426,4698
2,2,9,9,426,4698
1,1,9,9,426,4698
1,3,9,9,426,4698
0,0,9,9,426,4698
0,4,9,9,426,4698
3,2,9,9,426,4698
2,1,9,9,426,4698
2,3,9,9,426,4698
1,0,9,9,426,4698
1,4,9,9,426,4698
0,5,9,9,426,4698
4,2,9,9,426,4698
3,1,9,9,426,4698
3,3,9,9,426,4698
2,0,9,9,426,4698
2,4,9,9,426,4698
1,5,9,9,426,4698
0,6,9,9,426,4698
5,2,9,9,426,4698
4,1,9,9,426,4698
4,3,9,9,426,4698
3,0,9,9,426,4698
3,4,9,9,426,4698
2,5,9,9,426,4698
1,6,9,9,426,4698
0,7,9,9,426,4698
6,2,9,9,426,4698
5,1,9,9,426,4698
5,3,9,9,426,4698
4,0,9,9,426,4698
4,4,9,9,426,4698
3,5,9,9,426,4698
2,6,9,9,426,4698
1,7,9,9,426,4698
0,8,9,9,426,4698
8,2,9,9,426,4698
7,1,9,9,426,4698
7,3,9,9,426,4698
6,0,9,9,426,4698
6,4,9,9,426,4698
5,0,9,9,426,4698
5,5,9,9,426,4698
4,6,9,9,426,4698
3,7,9,9,426,4698
2,8,9,9,426,4698
1,9,9,9,426,4698
9,2,9,9,426,4698
9,1,9,9,426,4698
9,3,9,9,426,4698
8,0,9,9,426,4698
8,4,9,9,426,4698
7,0,9,9,426,4698
7,5,9,9,426,4698
6,1,9,9,426,4698
6,6,9,9,426,4698
5,7,9,9,426,4698
4,8,9,9,426,4698
3,9,9,9,426,4698
2,9,9,9,426,4698
7,2,9,9,426,4698
8,1,9,9,426,4698
8,3,9,9,426,4698
9,0,9,9,426,4698
9,4,9,9,426,4698
9,5,9,9,426,4698
8,6,9,9,426,4698
7,7,9,9,426,4698
6,3,9,9,426,4698
6,8,9,9,426,4698
5,4,9,9,426,4698
5,9,9,9,426,4698
4,5,9,9,426,4698
4,9,9,9,426,4698
3,6,9,9,426,4698
3,8,9,9,426,4698
7,4,9,9,426,4698
8,5,9,9,426,4698
9,6,9,9,426,4698
9,7,9,9,426,4698
8,8,9,9,426,4698
7,9,9,9,426,4698
6,5,9,9,426,4698
6,9,9,9,426,4698
5,6,9,9,426,4698
5,8,9,9,426,4698
4,7,9,9,426,4698
7,6,9,9,426,4698
8,7,9,9,426,4698
9,8,9,9,426,4698
9,9,9,9,426,4698
8,9,9,9,426,4698
7,8,9,9,426,4698
6,7,9,9,426,4698
0,3,9,9,427,4402
1,3,9,9,427,4402
0,2,9,9,427,4402
0,4,9,9,427,4402
2,3,9,9,427,4402
1,2,9,9,427,4402
1,4,9,9,427,4402
0,1,9,9,427,4402
0,5,9,9,427,4402
3,3,9,9,427,4402
2,2,9,9,427,4402
2,4,9,9,427,4402
1,1,9,9,427,4402
1,5,9,9,427,4402
0,0,9,9,427,4402
0,6,9,9,427,4402
4,3,9,9,427,4402
3,2,9,9,427,4402
3,4,9,9,427,4402
2,1,9,9,427,4402
2,5,9,9,427,4402
1,0,9,9,427,4402
1,6,9,9,427,4402
0,7,9,9,427,4402
5,3,9,9,427,4402
4,2,9,9,427,4402
4,4,9,9,427,4402
3,1,9,9,427,4402
3,5,9,9,427,4402
2,0,9,9,427,4402
2,6,9,9,427,4402
1,7,9,9,427,4402
0,8,9,9,427,4402
7,3,9,9,427,4402
6,2,9,9,427,4402
6,4,9,9,427,4402
5,1,9,9,427,4402
5,5,9,9,427,4402
4,0,9,9,427,4402
4,6,9,9,427,4402
3,0,9,9,427,4402
3,7,9,9,427,4402
2,8,9,9,427,4402
1,9,9,9,427,4402
9,3,9,9,427,4402
8,2,9,9,427,4402
8,4,9,9,427,4402
7,1,9,9,427,4402
7,5,9,9,427,4402
6,0,9,9,427,4402
6,6,9,9,427,4402
5,0,9,9,427,4402
5,7,9,9,427,4402
4,1,9,9,427,4402
4,8,9,9,427,4402
3,9,9,9,427,4402
2,9,9,9,427,4402
8,3,9,9,427,4402
9,2,9,9,427,4402
9,4,9,9,427,4402
9,1,9,9,427,4402
9,5,9,9,427,4402
8,0,9,9,427,4402
8,6,9,9,427,4402
7,0,9,9,427,4402
7,7,9,9,427,4402
6,1,9,9,427,4402
6,8,9,9,427,4402
5,2,9,9,427,4402
5,9,9,9,427,4402
4,9,9,9,427,4402
3,8,9,9,427,4402
6,3,9,9,427,4402
7,2,9,9,427,4402
7,4,9,9,427,4402
8,1,9,9,427,4402
8,5,9,9,427,4402
9,0,9,9,427,4402
9,6,9,9,427,4402
9,7,9,9,427,4402
8,8,9,9,427,4402
7,9,9,9,427,4402
6,9,9,9,427,4402
5,4,9,9,427,4402
5,8,9,9,427,4402
4,5,9,9,427,4402
4,7,9,9,427,4402
6,5,9,9,427,4402
7,6,9,9,427,4402
8,7,9,9,427,4402
9,8,9,9,427,4402
9,9,9,9,427,4402
8,9,9,9,427,4402
7,8,9,9,427,4402
6,7,9,9,427,4402
5,6,9,9,427,4402
0,4,9,9,428,4085
1,4,9,9,428,4085
0,3,9,9,428,4085
0,5,9,9,428,4085
2,4,9,9,428,4085
1,3,9,9,428,4085
1,5,9,9,428,4085
0,2,9,9,428,4085
0,6,9,9,428,4085
3,4,9,9,428,4085
2,3,9,9,428,4085
2,5,9,9,428,4085
1,2,9,9,428,4085
1,6,9,9,428,4085
0,1,9,9,428,4085
0,7,9,9,428,4085
4,4,9,9,428,4085
3,3,9,9,428,4085
3,5,9,9,428,4085
2,2,9,9,428,4085
2,6,9,9,428,4085
1,1,9,9,428,4085
1,7,9,9,428,4085
0,0,9,9,428,4085
0,8,9,9,428,4085
6,4,9,9,428,4085
5,3,9,9,428,4085
5,5,9,9,428,4085
4,2,9,9,428,4085
4,6,9,9,428,4085
3,1,9,9,428,4085
3,7,9,9,428,4085
2,0,9,9,428,4085
2,8,9,9,428,4085
1,0,9,9,428,4085
1,9,9,9,428,4085
8,4,9,9,428,4085
7,3,9,9,428,4085
7,5,9,9,428,4085
6,2,9,9,428,4085
6,6,9,9,428,4085
5,1,9,9,428,4085
5,7,9,9,428,4085
4,0,9,9,428,4085
4,8,9,9,428,4085
3,0,9,9,428,4085
3,9,9,9,428,4085
2,1,9,9,428,4085
2,9,9,9,428,4085
9,4,9,9,428,4085
9,3,9,9,428,4085
9,5,9,9,428,4085
8,2,9,9,428,4085
8,6,9,9,428,4085
7,1,9,9,428,4085
7,7,9,9,428,4085
6,0,9,9,428,4085
6,8,9,9,428,4085
5,0,9,9,428,4085
5,9,9,9,428,4085
4,1,9,9,428,4085
4,9,9,9,428,4085
3,2,9,9,428,4085
3,8,9,9,428,4085
7,4,9,9,428,4085
8,3,9,9,428,4085
8,5,9,9,428,4085
9,2,9,9,428,4085
9,6,9,9,428,4085
9,1,9,9,428,4085
9,7,9,9,428,4085
8,0,9,9,428,4085
8,8,9,9,428,4085
7,0,9,9,428,4085
7,9,9,9,428,4085
6,1,9,9,428,4085
6,9,9,9,428,4085
5,2,9,9,428,4085
5,8,9,9,428,4085
4,3,9,9,428,4085
4,7,9,9,428,4085
5,4,9,9,428,4085
6,3,9,9,428,4085
6,5,9,9,428,4085
7,2,9,9,428,4085
7,6,9,9,428,4085
8,1,9,9,428,4085
8,7,9,9,428,4085
9,0,9,9,428,4085
9,8,9,9,428,4085
9,9,9,9,428,4085
8,9,9,9,428,4085
7,8,9,9,428,4085
6,7,9,9,428,4085
5,6,9,9,428,4085
0,5,9,9,429,3745
1,5,9,9,429,3745
0,4,9,9,429,3745
0,6,9,9,429,3745
2,5,9,9,429,3745
1,4,9,9,429,3745
1,6,9,9,429,3745
0,3,9,9,429,3745
0,7,9,9,429,3745
3,5,9,9,429,3745
2,4,9,9,429,3745
2,6,9,9,429,3745
1,3,9,9,429,3745
1,7,9,9,429,3745
0,2,9,9,429,3745
0,8,9,9,429,3745
5,5,9,9,429,3745
4,4,9,9,429,3745
4,6,9,9,429,3745
3,3,9,9,429,3745
3,7,9,9,429,3745
2,2,9,9,429,3745
2,8,9,9,429,3745
1,1,9,9,429,3745
1,9,9,9,429,3745
7,5,9,9,429,3745
6,4,9,9,429,3745
6,6,9,9,429,3745
5,3,9,9,429,3745
5,7,9,9,429,3745
4,2,9,9,429,3745
4,8,9,9,429,3745
3,1,9,9,429,3745
3,9,9,9,429,3745
2,0,9,9,429,3745
2,9,9,9,429,3745
9,5,9,9,429,3745
8,4,9,9,429,3745
8,6,9,9,429,3745
7,3,9,9,429,3745
7,7,9,9,429,3745
6,2,9,9,429,3745
6,8,9,9,429,3745
5,1,9,9,429,3745
5,9,9,9,429,3745
4,0,9,9,429,3745
4,9,9,9,429,3745
3,0,9,9,429,3745
3,8,9,9,429,3745
8,5,9,9,429,3745
9,4,9,9,429,3745
9,6,9,9,429,3745
9,3,9,9,429,3745
9,7,9,9,429,3745
8,2,9,9,429,3745
8,8,9,9,429,3745
7,1,9,9,429,3745
7,9,9,9,429,3745
6,0,9,9,429,3745
6,9,9,9,429,3745
5,0,9,9,429,3745
5,8,9,9,429,3745
4,1,9,9,429,3745
4,7,9,9,429,3745
6,5,9,9,429,3745
7,4,9,9,429,3745
7,6,9,9,429,3745
8,3,9,9,429,3745
8,7,9,9,429,3745
9,2,9,9,429,3745
9,8,9,9,429,3745
9,1,9,9,429,3745
9,9,9,9,429,3745
8,0,9,9,429,3745
8,9,9,9,429,3745
7,0,9,9,429,3745
7,8,9,9,429,3745
6,1,9,9,429,3745
6,7,9,9,429,3745
5,2,9,9,429,3745
5,6,9,9,429,3745
0,5,9,9,430,4085
1,5,9,9,430,4085
0,4,9,9,430,4085
0,6,9,9,430,4085
2,5,9,9,430,4085
1,4,9,9,430,4085
1,6,9,9,430,4085
0,3,9,9,430,4085
0,7,9,9,430,4085
3,5,9,9,430,4085
2,4,9,9,430,4085
2,6,9,9,430,4085
1,3,9,9,430,4085
1,7,9,9,430,4085
0,2,9,9,430,4085
0,8,9,9,430,4085
4,5,9,9,430,4085
3,4,9,9,430,4085
3,6,9,9,430,4085
2,3,9,9,430,4085
2,7,9,9,430,4085
1,2,9,9,430,4085
1,8,9,9,430,4085
0,1,9,9,430,4085
0,9,9,9,430,4085
5,5,9,9,430,4085
4,4,9,9,430,4085
4,6,9,9,430,4085
3,3,9,9,430,4085
3,7,9,9,430,4085
2,2,9,9,430,4085
2,8,9,9,430,4085
1,1,9,9,430,4085
1,9,9,9,430,4085
0,0,9,9,430,4085
7,5,9,9,430,4085
6,4,9,9,430,4085
6,6,9,9,430,4085
5,3,9,9,430,4085
5,7,9,9,430,4085
4,2,9,9,430,4085
4,8,9,9,430,4085
3,1,9,9,430,4085
3,9,9,9,430,4085
2,0,9,9,430,4085
2,9,9,9,430,4085
1,0,9,9,430,4085
9,5,9,9,430,4085
8,4,9,9,430,4085
8,6,9,9,430,4085
7,3,9,9,430,4085
7,7,9,9,430,4085
6,2,9,9,430,4085
6,8,9,9,430,4085
5,1,9,9,430,4085
5,9,9,9,430,4085
4,0,9,9,430,4085
4,9,9,9,430,4085
3,0,9,9,430,4085
3,8,9,9,430,4085
2,1,9,9,430,4085
8,5,9,9,430,4085
9,4,9,9,430,4085
9,6,9,9,430,4085
9,3,9,9,430,4085
9,7,9,9,430,4085
8,2,9,9,430,4085
8,8,9,9,430,4085
7,1,9,9,430,4085
7,9,9,9,430,4085
6,0,9,9,430,4085
6,9,9,9,430,4085
5,0,9,9,430,4085
5,8,9,9,430,4085
4,1,9,9,430,4085
4,7,9,9,430,4085
3,2,9,9,430,4085
6,5,9,9,430,4085
7,4,9,9,430,4085
7,6,9,9,430,4085
8,3,9,9,430,4085
8,7,9,9,430,4085
9,2,9,9,430,4085
9,8,9,9,430,4085
9,1,9,9,430,4085
9,9,9,9,430,4085
8,0,9,9,430,4085
8,9,9,9,430,4085
7,0,9,9,430,4085
7,8,9,9,430,4085
6,1,9,9,430,4085
6,7,9,9,430,4085
5,2,9,9,430,4085
5,6,9,9,430,4085
4,3,9,9,430,4085
0,6,9,9,431,3744
1,6,9,9,431,3744
0,5,9,9,431,3744
0,7,9,9,431,3744
2,6,9,9,431,3744
1,5,9,9,431,3744
1,7,9,9,431,3744
0,4,9,9,431,3744
0,8,9,9,431,3744
3,6,9,9,431,3744
2,5,9,9,431,3744
2,7,9,9,431,3744
1,4,9,9,431,3744
1,8,9,9,431,3744
0,3,9,9,431,3744
0,9,9,9,431,3744
4,6,9,9,431,3744
3,5,9,9,431,3744
3,7,9,9,431,3744
2,4,9,9,431,3744
2,8,9,9,431,3744
1,3,9,9,431,3744
1,9,9,9,431,3744
0,2,9,9,431,3744
6,6,9,9,431,3744
5,5,9,9,431,3744
5,7,9,9,431,3744
4,4,9,9,431,3744
4,8,9,9,431,3744
3,3,9,9,431,3744
3,9,9,9,431,3744
2,2,9,9,431,3744
2,9,9,9,431,3744
1,1,9,9,431,3744
8,6,9,9,431,3744
7,5,9,9,431,3744
7,7,9,9,431,3744
6,4,9,9,431,3744
6,8,9,9,431,3744
5,3,9,9,431,3744
5,9,9,9,431,3744
4,2,9,9,431,3744
4,9,9,9,431,3744
3,1,9,9,431,3744
3,8,9,9,431,3744
2,0,9,9,431,3744
9,6,9,9,431,3744
9,5,9,9,431,3744
9,7,9,9,431,3744
8,4,9,9,431,3744
8,8,9,9,431,3744
7,3,9,9,431,3744
7,9,9,9,431,3744
6,2,9,9,431,3744
6,9,9,9,431,3744
5,1,9,9,431,3744
5,8,9,9,431,3744
4,0,9,9,431,3744
4,7,9,9,431,3744
3,0,9,9,431,3744
7,6,9,9,431,3744
8,5,9,9,431,3744
8,7,9,9,431,3744
9,4,9,9,431,3744
9,8,9,9,431,3744
9,3,9,9,431,3744
9,9,9,9,431,3744
8,2,9,9,431,3744
8,9,9,9,431,3744
7,1,9,9,431,3744
7,8,9,9,431,3744
6,0,9,9,431,3744
6,7,9,9,431,3744
5,0,9,9,431,3744
5,6,9,9,431,3744
4,1,9,9,431,3744
4,5,9,9,431,3744
0,4,9,9,432,4701
1,4,9,9,432,4701
0,3,9,9,432,4701
0,5,9,9,432,4701
2,4,9,9,432,4701
1,3,9,9,432,4701
1,5,9,9,432,4701
0,2,9,9,432,4701
0,6,9,9,432,4701
3,4,9,9,432,4701
2,3,9,9,432,4701
2,5,9,9,432,4701
1,2,9,9,432,4701
1,6,9,9,432,4701
0,1,9,9,432,4701
0,7,9,9,432,4701
4,4,9,9,432,4701
3,3,9,9,432,4701
3,5,9,9,432,4701
2,2,9,9,432,4701
2,6,9,9,432,4701
1,1,9,9,432,4701
1,7,9,9,432,4701
0,0,9,9,432,4701
0,8,9,9,432,4701
5,4,9,9,432,4701
4,3,9,9,432,4701
4,5,9,9,432,4701
3,2,9,9,432,4701
3,6,9,9,432,4701
2,1,9,9,432,4701
2,7,9,9,432,4701
1,0,9,9,432,4701
1,8,9,9,432,4701
0,9,9,9,432,4701
6,4,9,9,432,4701
5,3,9,9,432,4701
5,5,9,9,432,4701
4,2,9,9,432,4701
4,6,9,9,432,4701
3,1,9,9,432,4701
3,7,9,9,432,4701
2,0,9,9,432,4701
2,8,9,9,432,4701
1,9,9,9,432,4701
7,4,9,9,432,4701
6,3,9,9,432,4701
6,5,9,9,432,4701
5,2,9,9,432,4701
5,6,9,9,432,4701
4,1,9,9,432,4701
4,7,9,9,432,4701
3,0,9,9,432,4701
3,8,9,9,432,4701
2,9,9,9,432,4701
8,4,9,9,432,4701
7,3,9,9,432,4701
7,5,9,9,432,4701
6,2,9,9,432,4701
6,6,9,9,432,4701
5,1,9,9,432,4701
5,7,9,9,432,4701
4,0,9,9,432,4701
4,8,9,9,432,4701
3,9,9,9,432,4701
9,4,9,9,432,4701
9,3,9,9,432,4701
9,5,9,9,432,4701
8,2,9,9,432,4701
8,6,9,9,432,4701
7,1,9,9,432,4701
7,7,9,9,432,4701
6,0,9,9,432,4701
6,8,9,9,432,4701
5,0,9,9,432,4701
5,9,9,9,432,4701
4,9,9,9,432,4701
8,3,9,9,432,4701
8,5,9,9,432,4701
9,2,9,9,432,4701
9,6,9,9,432,4701
9,1,9,9,432,4701
9,7,9,9,432,4701
8,0,9,9,432,4701
8,8,9,9,432,4701
7,0,9,9,432,4701
7,9,9,9,432,4701
6,1,9,9,432,4701
6,9,9,9,432,4701
5,8,9,9,432,4701
7,2,9,9,432,4701
7,6,9,9,432,4701
8,1,9,9,432,4701
8,7,9,9,432,4701
9,0,9,9,432,4701
9,8,9,9,432,4701
9,9,9,9,432,4701
8,9,9,9,432,4701
7,8,9,9,432,4701
6,7,9,9,432,4701
0,5,9,9,433,4402
1,5,9,9,433,4402
0,4,9,9,433,4402
0,6,9,9,433,4402
2,5,9,9,433,4402
1,4,9,9,433,4402
1,6,9,9,433,4402
0,3,9,9,433,4402
0,7,9,9,433,4402
3,5,9,9,433,4402
2,4,9,9,433,4402
2,6,9,9,433,4402
1,3,9,9,433,4402
1,7,9,9,433,4402
0,2,9,9,433,4402
0,8,9,9,433,4402
4,5,9,9,433,4402
3,4,9,9,433,4402
3,6,9,9,433,4402
2,3,9,9,433,4402
2,7,9,9,433,4402
1,2,9,9,433,4402
1,8,9,9,433,4402
0,1,9,9,433,4402
0,9,9,9,433,4402
5,5,9,9,433,4402
4,4,9,9,433,4402
4,6,9,9,433,4402
3,3,9,9,433,4402
3,7,9,9,433,4402
2,2,9,9,433,4402
2,8,9,9,433,4402
1,1,9,9,433,4402
1,9,9,9,433,4402
0,0,9,9,433,4402
6,5,9,9,433,4402
5,4,9,9,433,4402
5,6,9,9,433,4402
4,3,9,9,433,4402
4,7,9,9,433,4402
3,2,9,9,433,4402
3,8,9,9,433,4402
2,1,9,9,433,4402
2,9,9,9,433,4402
1,0,9,9,433,4402
7,5,9,9,433,4402
6,4,9,9,433,4402
6,6,9,9,433,4402
5,3,9,9,433,4402
5,7,9,9,433,4402
4,2,9,9,433,4402
4,8,9,9,433,4402
3,1,9,9,433,4402
3,9,9,9,433,4402
2,0,9,9,433,4402
9,5,9,9,433,4402
8,4,9,9,433,4402
8,6,9,9,433,4402
7,3,9,9,433,4402
7,7,9,9,433,4402
6,2,9,9,433,4402
6,8,9,9,433,4402
5,1,9,9,433,4402
5,9,9,9,433,4402
4,0,9,9,433,4402
4,9,9,9,433,4402
3,0,9,9,433,4402
8,5,9,9,433,4402
9,4,9,9,433,4402
9,6,9,9,433,4402
9,3,9,9,433,4402
9,7,9,9,433,4402
8,2,9,9,433,4402
8,8,9,9,433,4402
7,1,9,9,433,4402
7,9,9,9,433,4402
6,0,9,9,433,4402
6,9,9,9,433,4402
5,0,9,9,433,4402
5,8,9,9,433,4402
4,1,9,9,433,4402
7,4,9,9,433,4402
7,6,9,9,433,4402
8,3,9,9,433,4402
8,7,9,9,433,4402
9,2,9,9,433,4402
9,8,9,9,433,4402
9,1,9,9,433,4402
9,9,9,9,433,4402
8,0,9,9,433,4402
8,9,9,9,433,4402
7,0,9,9,433,4402
7,8,9,9,433,4402
6,1,9,9,433,4402
6,7,9,9,433,4402
5,2,9,9,433,4402
0,6,9,9,434,4082
1,6,9,9,434,4082
0,5,9,9,434,4082
0,7,9,9,434,4082
2,6,9,9,434,4082
1,5,9,9,434,4082
1,7,9,9,434,4082
0,4,9,9,434,4082
0,8,9,9,434,4082
3,6,9,9,434,4082
2,5,9,9,434,4082
2,7,9,9,434,4082
1,4,9,9,434,4082
1,8,9,9,434,4082
0,3,9,9,434,4082
0,9,9,9,434,4082
4,6,9,9,434,4082
3,5,9,9,434,4082
3,7,9,9,434,4082
2,4,9,9,434,4082
2,8,9,9,434,4082
1,3,9,9,434,4082
1,9,9,9,434,4082
0,2,9,9,434,4082
5,6,9,9,434,4082
4,5,9,9,434,4082
4,7,9,9,434,4082
3,4,9,9,434,4082
3,8,9,9,434,4082
2,3,9,9,434,4082
2,9,9,9,434,4082
1,2,9,9,434,4082
0,1,9,9,434,4082
6,6,9,9,434,4082
5,5,9,9,434,4082
5,7,9,9,434,4082
4,4,9,9,434,4082
4,8,9,9,434,4082
3,3,9,9,434,4082
3,9,9,9,434,4082
2,2,9,9,434,4082
1,1,9,9,434,4082
0,0,9,9,434,4082
8,6,9,9,434,4082
7,5,9,9,434,4082
7,7,9,9,434,4082
6,4,9,9,434,4082
6,8,9,9,434,4082
5,3,9,9,434,4082
5,9,9,9,434,4082
4,2,9,9,434,4082
4,9,9,9,434,4082
3,1,9,9,434,4082
2,0,9,9,434,4082
1,0,9,9,434,4082
9,6,9,9,434,4082
9,5,9,9,434,4082
9,7,9,9,434,4082
8,4,9,9,434,4082
8,8,9,9,434,4082
7,3,9,9,434,4082
7,9,9,9,434,4082
6,2,9,9,434,4082
6,9,9,9,434,4082
5,1,9,9,434,4082
5,8,9,9,434,4082
4,0,9,9,434,4082
3,0,9,9,434,4082
2,1,9,9,434,4082
7,6,9,9,434,4082
8,5,9,9,434,4082
8,7,9,9,434,4082
9,4,9,9,434,4082
9,8,9,9,434,4082
9,3,9,9,434,4082
9,9,9,9,434,4082
8,2,9,9,434,4082
8,9,9,9,434,4082
7,1,9,9,434,4082
7,8,9,9,434,4082
6,0,9,9,434,4082
6,7,9,9,434,4082
5,0,9,9,434,4082
4,1,9,9,434,4082
3,2,9,9,434,4082
0,7,9,9,435,3739
1,7,9,9,435,3739
0,6,9,9,435,3739
0,8,9,9,435,3739
2,7,9,9,435,3739
1,6,9,9,435,3739
1,8,9,9,435,3739
0,5,9,9,435,3739
0,9,9,9,435,3739
3,7,9,9,435,3739
2,6,9,9,435,3739
2,8,9,9,435,3739
1,5,9,9,435,3739
1,9,9,9,435,3739
0,4,9,9,435,3739
4,7,9,9,435,3739
3,6,9,9,435,3739
3,8,9,9,435,3739
2,5,9,9,435,3739
2,9,9,9,435,3739
1,4,9,9,435,3739
0,3,9,9,435,3739
5,7,9,9,435,3739
4,6,9,9,435,3739
4,8,9,9,435,3739
3,5,9,9,435,3739
3,9,9,9,435,3739
2,4,9,9,435,3739
1,3,9,9,435,3739
0,2,9,9,435,3739
7,7,9,9,435,3739
6,6,9,9,435,3739
6,8,9,9,435,3739
5,5,9,9,435,3739
5,9,9,9,435,3739
4,4,9,9,435,3739
4,9,9,9,435,3739
3,3,9,9,435,3739
2,2,9,9,435,3739
1,1,9,9,435,3739
9,7,9,9,435,3739
8,6,9,9,435,3739
8,8,9,9,435,3739
7,5,9,9,435,3739
7,9,9,9,435,3739
6,4,9,9,435,3739
6,9,9,9,435,3739
5,3,9,9,435,3739
5,8,9,9,435,3739
4,2,9,9,435,3739
3,1,9,9,435,3739
2,0,9,9,435,3739
8,7,9,9,435,3739
9,6,9,9,435,3739
9,8,9,9,435,3739
9,5,9,9,435,3739
9,9,9,9,435,3739
8,4,9,9,435,3739
8,9,9,9,435,3739
7,3,9,9,435,3739
7,8,9,9,435,3739
6,2,9,9,435,3739
6,7,9,9,435,3739
5,1,9,9,435,3739
5,6,9,9,435,3739
4,0,9,9,435,3739
4,5,9,9,435,3739
3,0,9,9,435,3739
3,4,9,9,435,3739
0,6,9,9,436,4398
1,6,9,9,436,4398
0,5,9,9,436,4398
0,7,9,9,436,4398
2,6,9,9,436,4398
1,5,9,9,436,4398
1,7,9,9,436,4398
0,4,9,9,436,4398
0,8,9,9,436,4398
3,6,9,9,436,4398
2,5,9,9,436,4398
2,7,9,9,436,4398
1,4,9,9,436,4398
1,8,9,9,436,4398
0,3,9,9,436,4398
0,9,9,9,436,4398
4,6,9,9,436,4398
3,5,9,9,436,4398
3,7,9,9,436,4398
2,4,9,9,436,4398
2,8,9,9,436,4398
1,3,9,9,436,4398
1,9,9,9,436,4398
0,2,9,9,436,4398
5,6,9,9,436,4398
4,5,9,9,436,4398
4,7,9,9,436,4398
3,4,9,9,436,4398
3,8,9,9,436,4398
2,3,9,9,436,4398
2,9,9,9,436,4398
1,2,9,9,436,4398
0,1,9,9,436,4398
6,6,9,9,436,4398
5,5,9,9,436,4398
5,7,9,9,436,4398
4,4,9,9,436,4398
4,8,9,9,436,4398
3,3,9,9,436,4398
3,9,9,9,436,4398
2,2,9,9,436,4398
1,1,9,9,436,4398
0,0,9,9,436,4398
7,6,9,9,436,4398
6,5,9,9,436,4398
6,7,9,9,436,4398
5,4,9,9,436,4398
5,8,9,9,436,4398
4,3,9,9,436,4398
4,9,9,9,436,4398
3,2,9,9,436,4398
2,1,9,9,436,4398
1,0,9,9,436,4398
8,6,9,9,436,4398
7,5,9,9,436,4398
7,7,9,9,436,4398
6,4,9,9,436,4398
6,8,9,9,436,4398
5,3,9,9,436,4398
5,9,9,9,436,4398
4,2,9,9,436,4398
3,1,9,9,436,4398
2,0,9,9,436,4398
9,6,9,9,436,4398
9,5,9,9,436,4398
9,7,9,9,436,4398
8,4,9,9,436,4398
8,8,9,9,436,4398
7,3,9,9,436,4398
7,9,9,9,436,4398
6,2,9,9,436,4398
6,9,9,9,436,4398
5,1,9,9,436,4398
4,0,9,9,436,4398
3,0,9,9,436,4398
8,5,9,9,436,4398
8,7,9,9,436,4398
9,4,9,9,436,4398
9,8,9,9,436,4398
9,3,9,9,436,4398
9,9,9,9,436,4398
8,2,9,9,436,4398
8,9,9,9,436,4398
7,1,9,9,436,4398
7,8,9,9,436,4398
6,0,9,9,436,4398
5,0,9,9,436,4398
4,1,9,9,436,4398
0,7,9,9,437,4077
1,7,9,9,437,4077
0,6,9,9,437,4077
0,8,9,9,437,4077
2,7,9,9,437,4077
1,6,9,9,437,4077
1,8,9,9,437,4077
0,5,9,9,437,4077
0,9,9,9,437,4077
3,7,9,9,437,4077
2,6,9,9,437,4077
2,8,9,9,437,4077
1,5,9,9,437,4077
1,9,9,9,437,4077
0,4,9,9,437,4077
4,7,9,9,437,4077
3,6,9,9,437,4077
3,8,9,9,437,4077
2,5,9,9,437,4077
2,9,9,9,437,4077
1,4,9,9,437,4077
0,3,9,9,437,4077
5,7,9,9,437,4077
4,6,9,9,437,4077
4,8,9,9,437,4077
3,5,9,9,437,4077
3,9,9,9,437,4077
2,4,9,9,437,4077
1,3,9,9,437,4077
0,2,9,9,437,4077
6,7,9,9,437,4077
5,6,9,9,437,4077
5,8,9,9,437,4077
4,5,9,9,437,4077
4,9,9,9,437,4077
3,4,9,9,437,4077
2,3,9,9,437,4077
1,2,9,9,437,4077
0,1,9,9,437,4077
7,7,9,9,437,4077
6,6,9,9,437,4077
6,8,9,9,437,4077
5,5,9,9,437,4077
5,9,9,9,437,4077
4,4,9,9,437,4077
3,3,9,9,437,4077
2,2,9,9,437,4077
1,1,9,9,437,4077
0,0,9,9,437,4077
9,7,9,9,437,4077
8,6,9,9,437,4077
8,8,9,9,437,4077
7,5,9,9,437,4077
7,9,9,9,437,4077
6,4,9,9,437,4077
6,9,9,9,437,4077
5,3,9,9,437,4077
4,2,9,9,437,4077
3,1,9,9,437,4077
2,0,9,9,437,4077
1,0,9,9,437,4077
8,7,9,9,437,4077
9,6,9,9,437,4077
9,8,9,9,437,4077
9,5,9,9,437,4077
9,9,9,9,437,4077
8,4,9,9,437,4077
8,9,9,9,437,4077
7,3,9,9,437,4077
7,8,9,9,437,4077
6,2,9,9,437,4077
5,1,9,9,437,4077
4,0,9,9,437,4077
3,0,9,9,437,4077
2,1,9,9,437,4077
0,8,8,8,438,3740
1,8,8,8,438,3740
0,7,8,8,438,3740
0,9,8,8,438,3740
2,8,8,8,438,3740
1,7,8,8,438,3740
1,9,8,8,438,3740
0,6,8,8,438,3740
3,8,8,8,438,3740
2,7,8,8,438,3740
2,9,8,8,438,3740
1,6,8,8,438,3740
0,5,8,8,438,3740
4,8,8,8,438,3740
3,7,8,8,438,3740
3,9,8,8,438,3740
2,6,8,8,438,3740
1,5,8,8,438,3740
0,4,8,8,438,3740
5,8,8,8,438,3740
4,7,8,8,438,3740
4,9,8,8,438,3740
3,6,8,8,438,3740
2,5,8,8,438,3740
1,4,8,8,438,3740
0,3,8,8,438,3740
6,8,8,8,438,3740
5,7,8,8,438,3740
5,9,8,8,438,3740
4,6,8,8,438,3740
3,5,8,8,438,3740
2,4,8,8,438,3740
1,3,8,8,438,3740
0,2,8,8,438,3740
8,8,8,8,438,3740
7,7,8,8,438,3740
7,9,8,8,438,3740
6,6,8,8,438,3740
6,9,8,8,438,3740
5,5,8,8,438,3740
4,4,8,8,438,3740
3,3,8,8,438,3740
2,2,8,8,438,3740
1,1,8,8,438,3740
9,8,8,8,438,3740
9,7,8,8,438,3740
9,9,8,8,438,3740
8,6,8,8,438,3740
8,9,8,8,438,3740
7,5,8,8,438,3740
7,8,8,8,438,3740
6,4,8,8,438,3740
6,7,8,8,438,3740
5,3,8,8,438,3740
5,6,8,8,438,3740
4,2,8,8,438,3740
4,5,8,8,438,3740
3,1,8,8,438,3740
3,4,8,8,438,3740
2,0,8,8,438,3740
2,3,8,8,438,3740
0,7,9,9,439,4391
1,7,9,9,439,4391
0,6,9,9,439,4391
0,8,9,9,439,4391
2,7,9,9,439,4391
1,6,9,9,439,4391
1,8,9,9,439,4391
0,5,9,9,439,4391
0,9,9,9,439,4391
3,7,9,9,439,4391
2,6,9,9,439,4391
2,8,9,9,439,4391
1,5,9,9,439,4391
1,9,9,9,439,4391
0,4,9,9,439,4391
4,7,9,9,439,4391
3,6,9,9,439,4391
3,8,9,9,439,4391
2,5,9,9,439,4391
2,9,9,9,439,4391
1,4,9,9,439,4391
0,3,9,9,439,4391
5,7,9,9,439,4391
4,6,9,9,439,4391
4,8,9,9,439,4391
3,5,9,9,439,4391
3,9,9,9,439,4391
2,4,9,9,439,4391
1,3,9,9,439,4391
0,2,9,9,439,4391
6,7,9,9,439,4391
5,6,9,9,439,4391
5,8,9,9,439,4391
4,5,9,9,439,4391
4,9,9,9,439,4391
3,4,9,9,439,4391
2,3,9,9,439,4391
1,2,9,9,439,4391
0,1,9,9,439,4391
7,7,9,9,439,4391
6,6,9,9,439,4391
6,8,9,9,439,4391
5,5,9,9,439,4391
5,9,9,9,439,4391
4,4,9,9,439,4391
3,3,9,9,439,4391
2,2,9,9,439,4391
1,1,9,9,439,4391
0,0,9,9,439,4391
8,7,9,9,439,4391
7,6,9,9,439,4391
7,8,9,9,439,4391
6,5,9,9,439,4391
6,9,9,9,439,4391
5,4,9,9,439,4391
4,3,9,9,439,4391
3,2,9,9,439,4391
2,1,9,9,439,4391
1,0,9,9,439,4391
9,7,9,9,439,4391
8,6,9,9,439,4391
8,8,9,9,439,4391
7,5,9,9,439,4391
7,9,9,9,439,4391
6,4,9,9,439,4391
5,3,9,9,439,4391
4,2,9,9,439,4391
3,1,9,9,439,4391
2,0,9,9,439,4391
9,6,9,9,439,4391
9,8,9,9,439,4391
9,5,9,9,439,4391
9,9,9,9,439,4391
8,4,9,9,439,4391
8,9,9,9,439,4391
7,3,9,9,439,4391
6,2,9,9,439,4391
5,1,9,9,439,4391
4,0,9,9,439,4391
3,0,9,9,439,4391
0,8,8,8,440,4078
1,8,8,8,440,4078
0,7,8,8,440,4078
0,9,8,8,440,4078
2,8,8,8,440,4078
1,7,8,8,440,4078
1,9,8,8,440,4078
0,6,8,8,440,4078
3,8,8,8,440,4078
2,7,8,8,440,4078
2,9,8,8,440,4078
1,6,8,8,440,4078
0,5,8,8,440,4078
4,8,8,8,440,4078
3,7,8,8,440,4078
3,9,8,8,440,4078
2,6,8,8,440,4078
1,5,8,8,440,4078
0,4,8,8,440,4078
5,8,8,8,440,4078
4,7,8,8,440,4078
4,9,8,8,440,4078
3,6,8,8,440,4078
2,5,8,8,440,4078
1,4,8,8,440,4078
0,3,8,8,440,4078
6,8,8,8,440,4078
5,7,8,8,440,4078
5,9,8,8,440,4078
4,6,8,8,440,4078
3,5,8,8,440,4078
2,4,8,8,440,4078
1,3,8,8,440,4078
0,2,8,8,440,4078
7,8,8,8,440,4078
6,7,8,8,440,4078
6,9,8,8,440,4078
5,6,8,8,440,4078
4,5,8,8,440,4078
3,4,8,8,440,4078
2,3,8,8,440,4078
1,2,8,8,440,4078
0,1,8,8,440,4078
8,8,8,8,440,4078
7,7,8,8,440,4078
7,9,8,8,440,4078
6,6,8,8,440,4078
5,5,8,8,440,4078
4,4,8,8,440,4078
3,3,8,8,440,4078
2,2,8,8,440,4078
1,1,8,8,440,4078
0,0,8,8,440,4078
9,8,8,8,440,4078
9,7,8,8,440,4078
9,9,8,8,440,4078
8,6,8,8,440,4078
8,9,8,8,440,4078
7,5,8,8,440,4078
6,4,8,8,440,4078
5,3,8,8,440,4078
4,2,8,8,440,4078
3,1,8,8,440,4078
2,0,8,8,440,4078
1,0,8,8,440,4078
0,7,9,9,441,4685
1,7,9,9,441,4685
0,6,9,9,441,4685
0,8,9,9,441,4685
2,7,9,9,441,4685
1,6,9,9,441,4685
1,8,9,9,441,4685
0,5,9,9,441,4685
0,9,9,9,441,4685
3,7,9,9,441,4685
2,6,9,9,441,4685
2,8,9,9,441,4685
1,5,9,9,441,4685
1,9,9,9,441,4685
0,4,9,9,441,4685
4,7,9,9,441,4685
3,6,9,9,441,4685
3,8,9,9,441,4685
2,5,9,9,441,4685
2,9,9,9,441,4685
1,4,9,9,441,4685
0,3,9,9,441,4685
5,7,9,9,441,4685
4,6,9,9,441,4685
4,8,9,9,441,4685
3,5,9,9,441,4685
3,9,9,9,441,4685
2,4,9,9,441,4685
1,3,9,9,441,4685
0,2,9,9,441,4685
6,7,9,9,441,4685
5,6,9,9,441,4685
5,8,9,9,441,4685
4,5,9,9,441,4685
4,9,9,9,441,4685
3,4,9,9,441,4685
2,3,9,9,441,4685
1,2,9,9,441,4685
0,1,9,9,441,4685
7,7,9,9,441,4685
6,6,9,9,441,4685
6,8,9,9,441,4685
5,5,9,9,441,4685
5,9,9,9,441,4685
4,4,9,9,441,4685
3,3,9,9,441,4685
2,2,9,9,441,4685
1,1,9,9,441,4685
0,0,9,9,441,4685
8,7,9,9,441,4685
7,6,9,9,441,4685
7,8,9,9,441,4685
6,5,9,9,441,4685
6,9,9,9,441,4685
5,4,9,9,441,4685
4,3,9,9,441,4685
3,2,9,9,441,4685
2,1,9,9,441,4685
1,0,9,9,441,4685
9,7,9,9,441,4685
8,6,9,9,441,4685
8,8,9,9,441,4685
7,5,9,9,441,4685
7,9,9,9,441,4685
6,4,9,9,441,4685
5,3,9,9,441,4685
4,2,9,9,441,4685
3,1,9,9,441,4685
2,0,9,9,441,4685
9,6,9,9,441,4685
9,8,9,9,441,4685
8,5,9,9,441,4685
8,9,9,9,441,4685
7,4,9,9,441,4685
6,3,9,9,441,4685
5,2,9,9,441,4685
4,1,9,9,441,4685
3,0,9,9,441,4685
9,5,9,9,441,4685
9,9,9,9,441,4685
8,4,9,9,441,4685
7,3,9,9,441,4685
6,2,9,9,441,4685
5,1,9,9,441,4685
4,0,9,9,441,4685
2,2,5,1,442,3400
4,2,5,1,442,3400
3,1,5,1,442,3400
3,3,5,1,442,3400
6,2,5,1,442,3400
5,1,5,1,442,3400
5,3,5,1,442,3400
4,0,5,1,442,3400
4,4,5,1,442,3400
8,2,5,1,442,3400
7,1,5,1,442,3400
7,3,5,1,442,3400
6,0,5,1,442,3400
6,4,5,1,442,3400
5,0,5,1,442,3400
5,5,5,1,442,3400
9,2,5,1,442,3400
9,1,5,1,442,3400
9,3,5,1,442,3400
8,0,5,1,442,3400
8,4,5,1,442,3400
7,0,5,1,442,3400
7,5,5,1,442,3400
6,1,5,1,442,3400
6,6,5,1,442,3400
7,2,5,1,442,3400
8,1,5,1,442,3400
8,3,5,1,442,3400
9,0,5,1,442,3400
9,4,5,1,442,3400
9,5,5,1,442,3400
8,6,5,1,442,3400
7,7,5,1,442,3400
5,2,5,1,442,3400
6,3,5,1,442,3400
7,4,5,1,442,3400
8,5,5,1,442,3400
9,6,5,1,442,3400
9,7,5,1,442,3400
8,8,5,1,442,3400
3,2,5,1,442,3400
4,1,5,1,442,3400
4,3,5,1,442,3400
5,4,5,1,442,3400
6,5,5,1,442,3400
7,6,5,1,442,3400
8,7,5,1,442,3400
9,8,5,1,442,3400
9,9,5,1,442,3400
3,3,6,0,443,3004
5,3,6,0,443,3004
4,2,6,0,443,3004
4,4,6,0,443,3004
7,3,6,0,443,3004
6,2,6,0,443,3004
6,4,6,0,443,3004
5,1,6,0,443,3004
5,5,6,0,443,3004
9,3,6,0,443,3004
8,2,6,0,443,3004
8,4,6,0,443,3004
7,1,6,0,443,3004
7,5,6,0,443,3004
6,0,6,0,443,3004
6,6,6,0,443,3004
8,3,6,0,443,3004
9,2,6,0,443,3004
9,4,6,0,443,3004
9,1,6,0,443,3004
9,5,6,0,443,3004
8,0,6,0,443,3004
8,6,6,0,443,3004
7,0,6,0,443,3004
7,7,6,0,443,3004
6,3,6,0,443,3004
7,2,6,0,443,3004
7,4,6,0,443,3004
8,1,6,0,443,3004
8,5,6,0,443,3004
9,0,6,0,443,3004
9,6,6,0,443,3004
9,7,6,0,443,3004
8,8,6,0,443,3004
4,3,6,0,443,3004
5,2,6,0,443,3004
5,4,6,0,443,3004
6,1,6,0,443,3004
6,5,6,0,443,3004
7,6,6,0,443,3004
8,7,6,0,443,3004
9,8,6,0,443,3004
9,9,6,0,443,3004
2,4,5,7,444,2992
4,4,5,7,444,2992
3,3,5,7,444,2992
3,5,5,7,444,2992
6,4,5,7,444,2992
5,3,5,7,444,2992
5,5,5,7,444,2992
4,2,5,7,444,2992
4,6,5,7,444,2992
8,4,5,7,444,2992
7,3,5,7,444,2992
7,5,5,7,444,2992
6,2,5,7,444,2992
6,6,5,7,444,2992
5,1,5,7,444,2992
5,7,5,7,444,2992
9,4,5,7,444,2992
9,3,5,7,444,2992
9,5,5,7,444,2992
8,2,5,7,444,2992
8,6,5,7,444,2992
7,1,5,7,444,2992
7,7,5,7,444,2992
6,0,5,7,444,2992
6,8,5,7,444,2992
7,4,5,7,444,2992
8,3,5,7,444,2992
8,5,5,7,444,2992
9,2,5,7,444,2992
9,6,5,7,444,2992
9,1,5,7,444,2992
9,7,5,7,444,2992
8,0,5,7,444,2992
8,8,5,7,444,2992
7,0,5,7,444,2992
7,9,5,7,444,2992
5,4,5,7,444,2992
6,3,5,7,444,2992
6,5,5,7,444,2992
7,2,5,7,444,2992
7,6,5,7,444,2992
8,1,5,7,444,2992
8,7,5,7,444,2992
9,0,5,7,444,2992
9,8,5,7,444,2992
9,9,5,7,444,2992
8,9,5,7,444,2992
0,4,7,7,445,3381
2,4,7,7,445,3381
1,3,7,7,445,3381
1,5,7,7,445,3381
4,4,7,7,445,3381
3,3,7,7,445,3381
3,5,7,7,445,3381
2,2,7,7,445,3381
2,6,7,7,445,3381
6,4,7,7,445,3381
5,3,7,7,445,3381
5,5,7,7,445,3381
4,2,7,7,445,3381
4,6,7,7,445,3381
3,1,7,7,445,3381
3,7,7,7,445,3381
8,4,7,7,445,3381
7,3,7,7,445,3381
7,5,7,7,445,3381
6,2,7,7,445,3381
6,6,7,7,445,3381
5,1,7,7,445,3381
5,7,7,7,445,3381
4,0,7,7,445,3381
4,8,7,7,445,3381
9,4,7,7,445,3381
9,3,7,7,445,3381
9,5,7,7,445,3381
8,2,7,7,445,3381
8,6,7,7,445,3381
7,1,7,7,445,3381
7,7,7,7,445,3381
6,0,7,7,445,3381
6,8,7,7,445,3381
5,0,7,7,445,3381
5,9,7,7,445,3381
7,4,7,7,445,3381
8,3,7,7,445,3381
8,5,7,7,445,3381
9,2,7,7,445,3381
9,6,7,7,445,3381
9,1,7,7,445,3381
9,7,7,7,445,3381
8,0,7,7,445,3381
8,8,7,7,445,3381
7,0,7,7,445,3381
7,9,7,7,445,3381
6,1,7,7,445,3381
6,9,7,7,445,3381
5,4,7,7,445,3381
6,3,7,7,445,3381
6,5,7,7,445,3381
7,2,7,7,445,3381
7,6,7,7,445,3381
8,1,7,7,445,3381
8,7,7,7,445,3381
9,0,7,7,445,3381
9,8,7,7,445,3381
9,9,7,7,445,3381
8,9,7,7,445,3381
7,8,7,7,445,3381
0,5,8,8,446,3381
1,5,8,8,446,3381
0,4,8,8,446,3381
0,6,8,8,446,3381
3,5,8,8,446,3381
2,4,8,8,446,3381
2,6,8,8,446,3381
1,3,8,8,446,3381
1,7,8,8,446,3381
5,5,8,8,446,3381
4,4,8,8,446,3381
4,6,8,8,446,3381
3,3,8,8,446,3381
3,7,8,8,446,3381
2,2,8,8,446,3381
2,8,8,8,446,3381
7,5,8,8,446,3381
6,4,8,8,446,3381
6,6,8,8,446,3381
5,3,8,8,446,3381
5,7,8,8,446,3381
4,2,8,8,446,3381
4,8,8,8,446,3381
3,1,8,8,446,3381
3,9,8,8,446,3381
9,5,8,8,446,3381
8,4,8,8,446,3381
8,6,8,8,446,3381
7,3,8,8,446,3381
7,7,8,8,446,3381
6,2,8,8,446,3381
6,8,8,8,446,3381
5,1,8,8,446,3381
5,9,8,8,446,3381
4,0,8,8,446,3381
4,9,8,8,446,3381
8,5,8,8,446,3381
9,4,8,8,446,3381
9,6,8,8,446,3381
9,3,8,8,446,3381
9,7,8,8,446,3381
8,2,8,8,446,3381
8,8,8,8,446,3381
7,1,8,8,446,3381
7,9,8,8,446,3381
6,0,8,8,446,3381
6,9,8,8,446,3381
5,0,8,8,446,3381
5,8,8,8,446,3381
6,5,8,8,446,3381
7,4,8,8,446,3381
7,6,8,8,446,3381
8,3,8,8,446,3381
8,7,8,8,446,3381
9,2,8,8,446,3381
9,8,8,8,446,3381
9,1,8,8,446,3381
9,9,8,8,446,3381
8,0,8,8,446,3381
8,9,8,8,446,3381
7,0,8,8,446,3381
7,8,8,8,446,3381
6,1,8,8,446,3381
6,7,8,8,446,3381
0,6,9,9,447,2992
2,6,9,9,447,2992
1,5,9,9,447,2992
1,7,9,9,447,2992
4,6,9,9,447,2992
3,5,9,9,447,2992
3,7,9,9,447,2992
2,4,9,9,447,2992
2,8,9,9,447,2992
6,6,9,9,447,2992
5,5,9,9,447,2992
5,7,9,9,447,2992
4,4,9,9,447,2992
4,8,9,9,447,2992
3,3,9,9,447,2992
3,9,9,9,447,2992
8,6,9,9,447,2992
7,5,9,9,447,2992
7,7,9,9,447,2992
6,4,9,9,447,2992
6,8,9,9,447,2992
5,3,9,9,447,2992
5,9,9,9,447,2992
4,2,9,9,447,2992
4,9,9,9,447,2992
9,6,9,9,447,2992
9,5,9,9,447,2992
9,7,9,9,447,2992
8,4,9,9,447,2992
8,8,9,9,447,2992
7,3,9,9,447,2992
7,9,9,9,447,2992
6,2,9,9,447,2992
6,9,9,9,447,2992
5,1,9,9,447,2992
5,8,9,9,447,2992
7,6,9,9,447,2992
8,5,9,9,447,2992
8,7,9,9,447,2992
9,4,9,9,447,2992
9,8,9,9,447,2992
9,3,9,9,447,2992
9,9,9,9,447,2992
8,2,9,9,447,2992
8,9,9,9,447,2992
7,1,9,9,447,2992
7,8,9,9,447,2992
6,0,9,9,447,2992
6,7,9,9,447,2992
0,6,9,9,448,3381
1,6,9,9,448,3381
0,5,9,9,448,3381
0,7,9,9,448,3381
2,6,9,9,448,3381
1,5,9,9,448,3381
1,7,9,9,448,3381
0,4,9,9,448,3381
0,8,9,9,448,3381
4,6,9,9,448,3381
3,5,9,9,448,3381
3,7,9,9,448,3381
2,4,9,9,448,3381
2,8,9,9,448,3381
1,3,9,9,448,3381
1,9,9,9,448,3381
6,6,9,9,448,3381
5,5,9,9,448,3381
5,7,9,9,448,3381
4,4,9,9,448,3381
4,8,9,9,448,3381
3,3,9,9,448,3381
3,9,9,9,448,3381
2,2,9,9,448,3381
2,9,9,9,448,3381
8,6,9,9,448,3381
7,5,9,9,448,3381
7,7,9,9,448,3381
6,4,9,9,448,3381
6,8,9,9,448,3381
5,3,9,9,448,3381
5,9,9,9,448,3381
4,2,9,9,448,3381
4,9,9,9,448,3381
3,1,9,9,448,3381
3,8,9,9,448,3381
9,6,9,9,448,3381
9,5,9,9,448,3381
9,7,9,9,448,3381
8,4,9,9,448,3381
8,8,9,9,448,3381
7,3,9,9,448,3381
7,9,9,9,448,3381
6,2,9,9,448,3381
6,9,9,9,448,3381
5,1,9,9,448,3381
5,8,9,9,448,3381
4,0,9,9,448,3381
4,7,9,9,448,3381
7,6,9,9,448,3381
8,5,9,9,448,3381
8,7,9,9,448,3381
9,4,9,9,448,3381
9,8,9,9,448,3381
9,3,9,9,448,3381
9,9,9,9,448,3381
8,2,9,9,448,3381
8,9,9,9,448,3381
7,1,9,9,448,3381
7,8,9,9,448,3381
6,0,9,9,448,3381
6,7,9,9,448,3381
5,0,9,9,448,3381
5,6,9,9,448,3381
0,7,9,9,449,2990
1,7,9,9,449,2990
0,6,9,9,449,2990
0,8,9,9,449,2990
3,7,9,9,449,2990
2,6,9,9,449,2990
2,8,9,9,449,2990
1,5,9,9,449,2990
1,9,9,9,449,2990
5,7,9,9,449,2990
4,6,9,9,449,2990
4,8,9,9,449,2990
3,5,9,9,449,2990
3,9,9,9,449,2990
2,4,9,9,449,2990
2,9,9,9,449,2990
7,7,9,9,449,2990
6,6,9,9,449,2990
6,8,9,9,449,2990
5,5,9,9,449,2990
5,9,9,9,449,2990
4,4,9,9,449,2990
4,9,9,9,449,2990
3,3,9,9,449,2990
3,8,9,9,449,2990
9,7,9,9,449,2990
8,6,9,9,449,2990
8,8,9,9,449,2990
7,5,9,9,449,2990
7,9,9,9,449,2990
6,4,9,9,449,2990
6,9,9,9,449,2990
5,3,9,9,449,2990
5,8,9,9,449,2990
4,2,9,9,449,2990
4,7,9,9,449,2990
8,7,9,9,449,2990
9,6,9,9,449,2990
9,8,9,9,449,2990
9,5,9,9,449,2990
9,9,9,9,449,2990
8,4,9,9,449,2990
8,9,9,9,449,2990
7,3,9,9,449,2990
7,8,9,9,449,2990
6,2,9,9,449,2990
6,7,9,9,449,2990
5,1,9,9,449,2990
5,6,9,9,449,2990
0,7,9,9,450,3378
1,7,9,9,450,3378
0,6,9,9,450,3378
0,8,9,9,450,3378
2,7,9,9,450,3378
1,6,9,9,450,3378
1,8,9,9,450,3378
0,5,9,9,450,3378
0,9,9,9,450,3378
3,7,9,9,450,3378
2,6,9,9,450,3378
2,8,9,9,450,3378
1,5,9,9,450,3378
1,9,9,9,450,3378
0,4,9,9,450,3378
5,7,9,9,450,3378
4,6,9,9,450,3378
4,8,9,9,450,3378
3,5,9,9,450,3378
3,9,9,9,450,3378
2,4,9,9,450,3378
2,9,9,9,450,3378
1,3,9,9,450,3378
7,7,9,9,450,3378
6,6,9,9,450,3378
6,8,9,9,450,3378
5,5,9,9,450,3378
5,9,9,9,450,3378
4,4,9,9,450,3378
4,9,9,9,450,3378
3,3,9,9,450,3378
3,8,9,9,450,3378
2,2,9,9,450,3378
9,7,9,9,450,3378
8,6,9,9,450,3378
8,8,9,9,450,3378
7,5,9,9,450,3378
7,9,9,9,450,3378
6,4,9,9,450,3378
6,9,9,9,450,3378
5,3,9,9,450,3378
5,8,9,9,450,3378
4,2,9,9,450,3378
4,7,9,9,450,3378
3,1,9,9,450,3378
3,6,9,9,450,3378
8,7,9,9,450,3378
9,6,9,9,450,3378
9,8,9,9,450,3378
9,5,9,9,450,3378
9,9,9,9,450,3378
8,4,9,9,450,3378
8,9,9,9,450,3378
7,3,9,9,450,3378
7,8,9,9,450,3378
6,2,9,9,450,3378
6,7,9,9,450,3378
5,1,9,9,450,3378
5,6,9,9,450,3378
4,0,9,9,450,3378
4,5,9,9,450,3378
0,8,8,8,451,2990
1,8,8,8,451,2990
0,7,8,8,451,2990
0,9,8,8,451,2990
2,8,8,8,451,2990
1,7,8,8,451,2990
1,9,8,8,451,2990
0,6,8,8,451,2990
4,8,8,8,451,2990
3,7,8,8,451,2990
3,9,8,8,451,2990
2,6,8,8,451,2990
2,9,8,8,451,2990
1,5,8,8,451,2990
6,8,8,8,451,2990
5,7,8,8,451,2990
5,9,8,8,451,2990
4,6,8,8,451,2990
4,9,8,8,451,2990
3,5,8,8,451,2990
3,8,8,8,451,2990
2,4,8,8,451,2990
2,7,8,8,451,2990
8,8,8,8,451,2990
7,7,8,8,451,2990
7,9,8,8,451,2990
6,6,8,8,451,2990
6,9,8,8,451,2990
5,5,8,8,451,2990
5,8,8,8,451,2990
4,4,8,8,451,2990
4,7,8,8,451,2990
3,3,8,8,451,2990
3,6,8,8,451,2990
9,8,8,8,451,2990
9,7,8,8,451,2990
9,9,8,8,451,2990
8,6,8,8,451,2990
8,9,8,8,451,2990
7,5,8,8,451,2990
7,8,8,8,451,2990
6,4,8,8,451,2990
6,7,8,8,451,2990
5,3,8,8,451,2990
5,6,8,8,451,2990
4,2,8,8,451,2990
4,5,8,8,451,2990
2,6,9,9,452,2574
4,6,9,9,452,2574
3,5,9,9,452,2574
3,7,9,9,452,2574
6,6,9,9,452,2574
5,5,9,9,452,2574
5,7,9,9,452,2574
4,4,9,9,452,2574
4,8,9,9,452,2574
8,6,9,9,452,2574
7,5,9,9,452,2574
7,7,9,9,452,2574
6,4,9,9,452,2574
6,8,9,9,452,2574
5,3,9,9,452,2574
5,9,9,9,452,2574
9,6,9,9,452,2574
9,5,9,9,452,2574
9,7,9,9,452,2574
8,4,9,9,452,2574
8,8,9,9,452,2574
7,3,9,9,452,2574
7,9,9,9,452,2574
6,2,9,9,452,2574
6,9,9,9,452,2574
7,6,9,9,452,2574
8,5,9,9,452,2574
8,7,9,9,452,2574
9,4,9,9,452,2574
9,8,9,9,452,2574
9,3,9,9,452,2574
9,9,9,9,452,2574
8,2,9,9,452,2574
8,9,9,9,452,2574
7,1,9,9,452,2574
7,8,9,9,452,2574
1,7,9,9,453,2574
3,7,9,9,453,2574
2,6,9,9,453,2574
2,8,9,9,453,2574
5,7,9,9,453,2574
4,6,9,9,453,2574
4,8,9,9,453,2574
3,5,9,9,453,2574
3,9,9,9,453,2574
7,7,9,9,453,2574
6,6,9,9,453,2574
6,8,9,9,453,2574
5,5,9,9,453,2574
5,9,9,9,453,2574
4,4,9,9,453,2574
4,9,9,9,453,2574
9,7,9,9,453,2574
8,6,9,9,453,2574
8,8,9,9,453,2574
7,5,9,9,453,2574
7,9,9,9,453,2574
6,4,9,9,453,2574
6,9,9,9,453,2574
5,3,9,9,453,2574
5,8,9,9,453,2574
8,7,9,9,453,2574
9,6,9,9,453,2574
9,8,9,9,453,2574
9,5,9,9,453,2574
9,9,9,9,453,2574
8,4,9,9,453,2574
8,9,9,9,453,2574
7,3,9,9,453,2574
7,8,9,9,453,2574
6,2,9,9,453,2574
6,7,9,9,453,2574
0,8,8,8,454,2574
2,8,8,8,454,2574
1,7,8,8,454,2574
1,9,8,8,454,2574
4,8,8,8,454,2574
3,7,8,8,454,2574
3,9,8,8,454,2574
2,6,8,8,454,2574
2,9,8,8,454,2574
6,8,8,8,454,2574
5,7,8,8,454,2574
5,9,8,8,454,2574
4,6,8,8,454,2574
4,9,8,8,454,2574
3,5,8,8,454,2574
3,8,8,8,454,2574
8,8,8,8,454,2574
7,7,8,8,454,2574
7,9,8,8,454,2574
6,6,8,8,454,2574
6,9,8,8,454,2574
5,5,8,8,454,2574
5,8,8,8,454,2574
4,4,8,8,454,2574
4,7,8,8,454,2574
9,8,8,8,454,2574
9,7,8,8,454,2574
9,9,8,8,454,2574
8,6,8,8,454,2574
8,9,8,8,454,2574
7,5,8,8,454,2574
7,8,8,8,454,2574
6,4,8,8,454,2574
6,7,8,8,454,2574
5,3,8,8,454,2574
5,6,8,8,454,2574
4,6,9,9,455,2127
6,6,9,9,455,2127
5,5,9,9,455,2127
5,7,9,9,455,2127
8,6,9,9,455,2127
7,5,9,9,455,2127
7,7,9,9,455,2127
6,4,9,9,455,2127
6,8,9,9,455,2127
9,6,9,9,455,2127
9,5,9,9,455,2127
9,7,9,9,455,2127
8,4,9,9,455,2127
8,8,9,9,455,2127
7,3,9,9,455,2127
7,9,9,9,455,2127
7,6,9,9,455,2127
8,5,9,9,455,2127
8,7,9,9,455,2127
9,4,9,9,455,2127
9,8,9,9,455,2127
9,3,9,9,455,2127
9,9,9,9,455,2127
8,2,9,9,455,2127
8,9,9,9,455,2127
3,7,9,9,456,2128
5,7,9,9,456,2128
4,6,9,9,456,2128
4,8,9,9,456,2128
7,7,9,9,456,2128
6,6,9,9,456,2128
6,8,9,9,456,2128
5,5,9,9,456,2128
5,9,9,9,456,2128
9,7,9,9,456,2128
8,6,9,9,456,2128
8,8,9,9,456,2128
7,5,9,9,456,2128
7,9,9,9,456,2128
6,4,9,9,456,2128
6,9,9,9,456,2128
8,7,9,9,456,2128
9,6,9,9,456,2128
9,8,9,9,456,2128
9,5,9,9,456,2128
9,9,9,9,456,2128
8,4,9,9,456,2128
8,9,9,9,456,2128
7,3,9,9,456,2128
7,8,9,9,456,2128
2,8,9,9,457,2126
4,8,9,9,457,2126
3,7,9,9,457,2126
3,9,9,9,457,2126
6,8,9,9,457,2126
5,7,9,9,457,2126
5,9,9,9,457,2126
4,6,9,9,457,2126
4,9,9,9,457,2126
8,8,9,9,457,2126
7,7,9,9,457,2126
7,9,9,9,457,2126
6,6,9,9,457,2126
6,9,9,9,457,2126
5,5,9,9,457,2126
5,8,9,9,457,2126
9,8,9,9,457,2126
9,7,9,9,457,2126
9,9,9,9,457,2126
8,6,9,9,457,2126
8,9,9,9,457,2126
7,5,9,9,457,2126
7,8,9,9,457,2126
6,4,9,9,457,2126
6,7,9,9,457,2126
1,9,7,7,458,2130
3,9,7,7,458,2130
2,8,7,7,458,2130
2,9,7,7,458,2130
5,9,7,7,458,2130
4,8,7,7,458,2130
4,9,7,7,458,2130
3,7,7,7,458,2130
3,8,7,7,458,2130
7,9,7,7,458,2130
6,8,7,7,458,2130
6,9,7,7,458,2130
5,7,7,7,458,2130
5,8,7,7,458,2130
4,6,7,7,458,2130
4,7,7,7,458,2130
9,9,7,7,458,2130
8,8,7,7,458,2130
8,9,7,7,458,2130
7,7,7,7,458,2130
7,8,7,7,458,2130
6,6,7,7,458,2130
6,7,7,7,458,2130
5,5,7,7,458,2130
5,6,7,7,458,2130
6,6,8,8,459,1650
8,6,8,8,459,1650
7,5,8,8,459,1650
7,7,8,8,459,1650
9,6,8,8,459,1650
9,5,8,8,459,1650
9,7,8,8,459,1650
8,4,8,8,459,1650
8,8,8,8,459,1650
7,6,8,8,459,1650
8,5,8,8,459,1650
8,7,8,8,459,1650
9,4,8,8,459,1650
9,8,8,8,459,1650
9,3,8,8,459,1650
9,9,8,8,459,1650
5,7,9,9,460,1650
7,7,9,9,460,1650
6,6,9,9,460,1650
6,8,9,9,460,1650
9,7,9,9,460,1650
8,6,9,9,460,1650
8,8,9,9,460,1650
7,5,9,9,460,1650
7,9,9,9,460,1650
8,7,9,9,460,1650
9,6,9,9,460,1650
9,8,9,9,460,1650
9,5,9,9,460,1650
9,9,9,9,460,1650
8,4,9,9,460,1650
8,9,9,9,460,1650
4,8,9,9,461,1649
6,8,9,9,461,1649
5,7,9,9,461,1649
5,9,9,9,461,1649
8,8,9,9,461,1649
7,7,9,9,461,1649
7,9,9,9,461,1649
6,6,9,9,461,1649
6,9,9,9,461,1649
9,8,9,9,461,1649
9,7,9,9,461,1649
9,9,9,9,461,1649
8,6,9,9,461,1649
8,9,9,9,461,1649
7,5,9,9,461,1649
7,8,9,9,461,1649
6,8,9,9,462,1138
8,8,9,9,462,1138
7,7,9,9,462,1138
7,9,9,9,462,1138
9,8,9,9,462,1138
9,7,9,9,462,1138
9,9,9,9,462,1138
8,6,9,9,462,1138
8,9,9,9,462,1138
8,8,9,9,463,588
9,8,9,9,463,588
9,7,9,9,463,588
9,9,9,9,463,588
9,9,9,9,0,0
0,0,5,6,464,4441
1,0,5,6,464,4441
0,1,5,6,464,4441
3,0,5,6,464,4441
2,0,5,6,464,4441
2,1,5,6,464,4441
1,1,5,6,464,4441
1,2,5,6,464,4441
5,0,5,6,464,4441
4,0,5,6,464,4441
4,1,5,6,464,4441
3,1,5,6,464,4441
3,2,5,6,464,4441
2,2,5,6,464,4441
2,3,5,6,464,4441
7,0,5,6,464,4441
6,0,5,6,464,4441
6,1,5,6,464,4441
5,1,5,6,464,4441
5,2,5,6,464,4441
4,2,5,6,464,4441
4,3,5,6,464,4441
3,3,5,6,464,4441
3,4,5,6,464,4441
9,0,5,6,464,4441
8,0,5,6,464,4441
8,1,5,6,464,4441
7,1,5,6,464,4441
7,2,5,6,464,4441
6,2,5,6,464,4441
6,3,5,6,464,4441
5,3,5,6,464,4441
5,4,5,6,464,4441
4,4,5,6,464,4441
4,5,5,6,464,4441
9,1,5,6,464,4441
9,2,5,6,464,4441
8,2,5,6,464,4441
8,3,5,6,464,4441
7,3,5,6,464,4441
7,4,5,6,464,4441
6,4,5,6,464,4441
6,5,5,6,464,4441
5,5,5,6,464,4441
5,6,5,6,464,4441
9,3,5,6,464,4441
9,4,5,6,464,4441
8,4,5,6,464,4441
8,5,5,6,464,4441
7,5,5,6,464,4441
7,6,5,6,464,4441
6,6,5,6,464,4441
6,7,5,6,464,4441
9,5,5,6,464,4441
9,6,5,6,464,4441
8,6,5,6,464,4441
8,7,5,6,464,4441
7,7,5,6,464,4441
7,8,5,6,464,4441
9,7,5,6,464,4441
9,8,5,6,464,4441
8,8,5,6,464,4441
8,9,5,6,464,4441
9,9,5,6,464,4441
0,1,5,4,465,4121
2,1,5,4,465,4121
1,0,5,4,465,4121
1,2,5,4,465,4121
4,1,5,4,465,4121
3,0,5,4,465,4121
3,2,5,4,465,4121
2,0,5,4,465,4121
2,3,5,4,465,4121
6,1,5,4,465,4121
5,0,5,4,465,4121
5,2,5,4,465,4121
4,0,5,4,465,4121
4,3,5,4,465,4121
3,1,5,4,465,4121
3,4,5,4,465,4121
8,1,5,4,465,4121
7,0,5,4,465,4121
7,2,5,4,465,4121
6,0,5,4,465,4121
6,3,5,4,465,4121
5,1,5,4,465,4121
5,4,5,4,465,4121
4,2,5,4,465,4121
4,5,5,4,465,4121
9,1,5,4,465,4121
9,0,5,4,465,4121
9,2,5,4,465,4121
8,0,5,4,465,4121
8,3,5,4,465,4121
7,1,5,4,465,4121
7,4,5,4,465,4121
6,2,5,4,465,4121
6,5,5,4,465,4121
5,3,5,4,465,4121
5,6,5,4,465,4121
8,2,5,4,465,4121
9,3,5,4,465,4121
9,4,5,4,465,4121
8,5,5,4,465,4121
7,3,5,4,465,4121
7,6,5,4,465,4121
6,4,5,4,465,4121
6,7,5,4,465,4121
8,4,5,4,465,4121
9,5,5,4,465,4121
9,6,5,4,465,4121
8,7,5,4,465,4121
7,5,5,4,465,4121
7,8,5,4,465,4121
8,6,5,4,465,4121
9,7,5,4,465,4121
9,8,5,4,465,4121
8,9,5,4,465,4121
1,1,5,4,465,4121
2,2,5,4,465,4121
3,3,5,4,465,4121
4,4,5,4,465,4121
5,5,5,4,465,4121
6,6,5,4,465,4121
7,7,5,4,465,4121
8,8,5,4,465,4121
9,9,5,4,465,4121
0,1,5,6,466,4430
1,1,5,6,466,4430
0,0,5,6,466,4430
0,2,5,6,466,4430
2,1,5,6,466,4430
1,0,5,6,466,4430
1,2,5,6,466,4430
0,3,5,6,466,4430
4,1,5,6,466,4430
3,0,5,6,466,4430
3,2,5,6,466,4430
2,0,5,6,466,4430
2,3,5,6,466,4430
1,4,5,6,466,4430
6,1,5,6,466,4430
5,0,5,6,466,4430
5,2,5,6,466,4430
4,0,5,6,466,4430
4,3,5,6,466,4430
3,1,5,6,466,4430
3,4,5,6,466,4430
2,2,5,6,466,4430
2,5,5,6,466,4430
8,1,5,6,466,4430
7,0,5,6,466,4430
7,2,5,6,466,4430
6,0,5,6,466,4430
6,3,5,6,466,4430
5,1,5,6,466,4430
5,4,5,6,466,4430
4,2,5,6,466,4430
4,5,5,6,466,4430
3,3,5,6,466,4430
3,6,5,6,466,4430
9,1,5,6,466,4430
9,0,5,6,466,4430
9,2,5,6,466,4430
8,0,5,6,466,4430
8,3,5,6,466,4430
7,1,5,6,466,4430
7,4,5,6,466,4430
6,2,5,6,466,4430
6,5,5,6,466,4430
5,3,5,6,466,4430
5,6,5,6,466,4430
4,4,5,6,466,4430
4,7,5,6,466,4430
8,2,5,6,466,4430
9,3,5,6,466,4430
9,4,5,6,466,4430
8,5,5,6,466,4430
7,3,5,6,466,4430
7,6,5,6,466,4430
6,4,5,6,466,4430
6,7,5,6,466,4430
5,5,5,6,466,4430
5,8,5,6,466,4430
8,4,5,6,466,4430
9,5,5,6,466,4430
9,6,5,6,466,4430
8,7,5,6,466,4430
7,5,5,6,466,4430
7,8,5,6,466,4430
6,6,5,6,466,4430
6,9,5,6,466,4430
8,6,5,6,466,4430
9,7,5,6,466,4430
9,8,5,6,466,4430
8,9,5,6,466,4430
7,7,5,6,466,4430
7,9,5,6,466,4430
8,8,5,6,466,4430
9,9,5,6,466,4430
0,1,7,8,467,4700
1,1,7,8,467,4700
0,0,7,8,467,4700
0,2,7,8,467,4700
2,1,7,8,467,4700
1,0,7,8,467,4700
1,2,7,8,467,4700
0,3,7,8,467,4700
3,1,7,8,467,4700
2,0,7,8,467,4700
2,2,7,8,467,4700
1,3,7,8,467,4700
0,4,7,8,467,4700
4,1,7,8,467,4700
3,0,7,8,467,4700
3,2,7,8,467,4700
2,3,7,8,467,4700
1,4,7,8,467,4700
0,5,7,8,467,4700
6,1,7,8,467,4700
5,0,7,8,467,4700
5,2,7,8,467,4700
4,0,7,8,467,4700
4,3,7,8,467,4700
3,4,7,8,467,4700
2,5,7,8,467,4700
1,6,7,8,467,4700
8,1,7,8,467,4700
7,0,7,8,467,4700
7,2,7,8,467,4700
6,0,7,8,467,4700
6,3,7,8,467,4700
5,1,7,8,467,4700
5,4,7,8,467,4700
4,2,7,8,467,4700
4,5,7,8,467,4700
3,3,7,8,467,4700
3,6,7,8,467,4700
2,4,7,8,467,4700
2,7,7,8,467,4700
9,1,7,8,467,4700
9,0,7,8,467,4700
9,2,7,8,467,4700
8,0,7,8,467,4700
8,3,7,8,467,4700
7,1,7,8,467,4700
7,4,7,8,467,4700
6,2,7,8,467,4700
6,5,7,8,467,4700
5,3,7,8,467,4700
5,6,7,8,467,4700
4,4,7,8,467,4700
4,7,7,8,467,4700
3,5,7,8,467,4700
3,8,7,8,467,4700
8,2,7,8,467,4700
9,3,7,8,467,4700
9,4,7,8,467,4700
8,5,7,8,467,4700
7,3,7,8,467,4700
7,6,7,8,467,4700
6,4,7,8,467,4700
6,7,7,8,467,4700
5,5,7,8,467,4700
5,8,7,8,467,4700
4,6,7,8,467,4700
4,9,7,8,467,4700
8,4,7,8,467,4700
9,5,7,8,467,4700
9,6,7,8,467,4700
8,7,7,8,467,4700
7,5,7,8,467,4700
7,8,7,8,467,4700
6,6,7,8,467,4700
6,9,7,8,467,4700
5,7,7,8,467,4700
5,9,7,8,467,4700
8,6,7,8,467,4700
9,7,7,8,467,4700
9,8,7,8,467,4700
8,9,7,8,467,4700
7,7,7,8,467,4700
7,9,7,8,467,4700
6,8,7,8,467,4700
8,8,7,8,467,4700
9,9,7,8,467,4700
0,2,9,8,468,4588
1,2,9,8,468,4588
0,1,9,8,468,4588
0,3,9,8,468,4588
2,2,9,8,468,4588
1,1,9,8,468,4588
1,3,9,8,468,4588
0,0,9,8,468,4588
0,4,9,8,468,4588
3,2,9,8,468,4588
2,1,9,8,468,4588
2,3,9,8,468,4588
1,0,9,8,468,4588
1,4,9,8,468,4588
0,5,9,8,468,4588
4,2,9,8,468,4588
3,1,9,8,468,4588
3,3,9,8,468,4588
2,0,9,8,468,4588
2,4,9,8,468,4588
1,5,9,8,468,4588
0,6,9,8,468,4588
5,2,9,8,468,4588
4,1,9,8,468,4588
4,3,9,8,468,4588
3,0,9,8,468,4588
3,4,9,8,468,4588
2,5,9,8,468,4588
1,6,9,8,468,4588
0,7,9,8,468,4588
7,2,9,8,468,4588
6,1,9,8,468,4588
6,3,9,8,468,4588
5,0,9,8,468,4588
5,4,9,8,468,4588
4,0,9,8,468,4588
4,5,9,8,468,4588
3,6,9,8,468,4588
2,7,9,8,468,4588
1,8,9,8,468,4588
9,2,9,8,468,4588
8,1,9,8,468,4588
8,3,9,8,468,4588
7,0,9,8,468,4588
7,4,9,8,468,4588
6,0,9,8,468,4588
6,5,9,8,468,4588
5,1,9,8,468,4588
5,6,9,8,468,4588
4,7,9,8,468,4588
3,8,9,8,468,4588
2,9,9,8,468,4588
8,2,9,8,468,4588
9,1,9,8,468,4588
9,3,9,8,468,4588
9,0,9,8,468,4588
9,4,9,8,468,4588
8,0,9,8,468,4588
8,5,9,8,468,4588
7,1,9,8,468,4588
7,6,9,8,468,4588
6,2,9,8,468,4588
6,7,9,8,468,4588
5,3,9,8,468,4588
5,8,9,8,468,4588
4,4,9,8,468,4588
4,9,9,8,468,4588
3,5,9,8,468,4588
3,9,9,8,468,4588
7,3,9,8,468,4588
8,4,9,8,468,4588
9,5,9,8,468,4588
9,6,9,8,468,4588
8,7,9,8,468,4588
7,8,9,8,468,4588
6,4,9,8,468,4588
6,9,9,8,468,4588
5,5,9,8,468,4588
5,9,9,8,468,4588
4,6,9,8,468,4588
4,8,9,8,468,4588
7,5,9,8,468,4588
8,6,9,8,468,4588
9,7,9,8,468,4588
9,8,9,8,468,4588
8,9,9,8,468,4588
7,9,9,8,468,4588
6,6,9,8,468,4588
6,8,9,8,468,4588
5,7,9,8,468,4588
7,7,9,8,468,4588
8,8,9,8,468,4588
9,9,9,8,468,4588
0,4,9,8,469,3961
1,4,9,8,469,3961
0,3,9,8,469,3961
0,5,9,8,469,3961
2,4,9,8,469,3961
1,3,9,8,469,3961
1,5,9,8,469,3961
0,2,9,8,469,3961
0,6,9,8,469,3961
3,4,9,8,469,3961
2,3,9,8,469,3961
2,5,9,8,469,3961
1,2,9,8,469,3961
1,6,9,8,469,3961
0,1,9,8,469,3961
0,7,9,8,469,3961
5,4,9,8,469,3961
4,3,9,8,469,3961
4,5,9,8,469,3961
3,2,9,8,469,3961
3,6,9,8,469,3961
2,1,9,8,469,3961
2,7,9,8,469,3961
1,0,9,8,469,3961
1,8,9,8,469,3961
7,4,9,8,469,3961
6,3,9,8,469,3961
6,5,9,8,469,3961
5,2,9,8,469,3961
5,6,9,8,469,3961
4,1,9,8,469,3961
4,7,9,8,469,3961
3,0,9,8,469,3961
3,8,9,8,469,3961
2,0,9,8,469,3961
2,9,9,8,469,3961
9,4,9,8,469,3961
8,3,9,8,469,3961
8,5,9,8,469,3961
7,2,9,8,469,3961
7,6,9,8,469,3961
6,1,9,8,469,3961
6,7,9,8,469,3961
5,0,9,8,469,3961
5,8,9,8,469,3961
4,0,9,8,469,3961
4,9,9,8,469,3961
3,1,9,8,469,3961
3,9,9,8,469,3961
8,4,9,8,469,3961
9,3,9,8,469,3961
9,5,9,8,469,3961
9,2,9,8,469,3961
9,6,9,8,469,3961
8,1,9,8,469,3961
8,7,9,8,469,3961
7,0,9,8,469,3961
7,8,9,8,469,3961
6,0,9,8,469,3961
6,9,9,8,469,3961
5,1,9,8,469,3961
5,9,9,8,469,3961
4,2,9,8,469,3961
4,8,9,8,469,3961
6,4,9,8,469,3961
7,3,9,8,469,3961
7,5,9,8,469,3961
8,2,9,8,469,3961
8,6,9,8,469,3961
9,1,9,8,469,3961
9,7,9,8,469,3961
9,0,9,8,469,3961
9,8,9,8,469,3961
8,0,9,8,469,3961
8,9,9,8,469,3961
7,1,9,8,469,3961
7,9,9,8,469,3961
6,2,9,8,469,3961
6,8,9,8,469,3961
5,3,9,8,469,3961
5,7,9,8,469,3961
4,4,9,8,469,3961
5,5,9,8,469,3961
6,6,9,8,469,3961
7,7,9,8,469,3961
8,8,9,8,469,3961
9,9,9,8,469,3961
0,8,9,8,470,4076
1,8,9,8,470,4076
0,7,9,8,470,4076
0,9,9,8,470,4076
2,8,9,8,470,4076
1,7,9,8,470,4076
1,9,9,8,470,4076
0,6,9,8,470,4076
3,8,9,8,470,4076
2,7,9,8,470,4076
2,9,9,8,470,4076
1,6,9,8,470,4076
0,5,9,8,470,4076
4,8,9,8,470,4076
3,7,9,8,470,4076
3,9,9,8,470,4076
2,6,9,8,470,4076
1,5,9,8,470,4076
0,4,9,8,470,4076
5,8,9,8,470,4076
4,7,9,8,470,4076
4,9,9,8,470,4076
3,6,9,8,470,4076
2,5,9,8,470,4076
1,4,9,8,470,4076
0,3,9,8,470,4076
6,8,9,8,470,4076
5,7,9,8,470,4076
5,9,9,8,470,4076
4,6,9,8,470,4076
3,5,9,8,470,4076
2,4,9,8,470,4076
1,3,9,8,470,4076
0,2,9,8,470,4076
7,8,9,8,470,4076
6,7,9,8,470,4076
6,9,9,8,470,4076
5,6,9,8,470,4076
4,5,9,8,470,4076
3,4,9,8,470,4076
2,3,9,8,470,4076
1,2,9,8,470,4076
0,1,9,8,470,4076
9,8,9,8,470,4076
8,7,9,8,470,4076
8,9,9,8,470,4076
7,6,9,8,470,4076
7,9,9,8,470,4076
6,5,9,8,470,4076
5,4,9,8,470,4076
4,3,9,8,470,4076
3,2,9,8,470,4076
2,1,9,8,470,4076
1,0,9,8,470,4076
8,8,9,8,470,4076
9,7,9,8,470,4076
9,9,9,8,470,4076
9,6,9,8,470,4076
8,5,9,8,470,4076
7,4,9,8,470,4076
7,7,9,8,470,4076
6,3,9,8,470,4076
6,6,9,8,470,4076
5,2,9,8,470,4076
5,5,9,8,470,4076
4,1,9,8,470,4076
4,4,9,8,470,4076
3,0,9,8,470,4076
3,3,9,8,470,4076
2,0,9,8,470,4076
2,2,9,8,470,4076
0,8,9,8,471,4391
1,8,9,8,471,4391
0,7,9,8,471,4391
0,9,9,8,471,4391
2,8,9,8,471,4391
1,7,9,8,471,4391
1,9,9,8,471,4391
0,6,9,8,471,4391
3,8,9,8,471,4391
2,7,9,8,471,4391
2,9,9,8,471,4391
1,6,9,8,471,4391
0,5,9,8,471,4391
4,8,9,8,471,4391
3,7,9,8,471,4391
3,9,9,8,471,4391
2,6,9,8,471,4391
1,5,9,8,471,4391
0,4,9,8,471,4391
5,8,9,8,471,4391
4,7,9,8,471,4391
4,9,9,8,471,4391
3,6,9,8,471,4391
2,5,9,8,471,4391
1,4,9,8,471,4391
0,3,9,8,471,4391
6,8,9,8,471,4391
5,7,9,8,471,4391
5,9,9,8,471,4391
4,6,9,8,471,4391
3,5,9,8,471,4391
2,4,9,8,471,4391
1,3,9,8,471,4391
0,2,9,8,471,4391
7,8,9,8,471,4391
6,7,9,8,471,4391
6,9,9,8,471,4391
5,6,9,8,471,4391
4,5,9,8,471,4391
3,4,9,8,471,4391
2,3,9,8,471,4391
1,2,9,8,471,4391
0,1,9,8,471,4391
8,8,9,8,471,4391
7,7,9,8,471,4391
7,9,9,8,471,4391
6,6,9,8,471,4391
5,5,9,8,471,4391
4,4,9,8,471,4391
3,3,9,8,471,4391
2,2,9,8,471,4391
1,1,9,8,471,4391
0,0,9,8,471,4391
9,8,9,8,471,4391
8,7,9,8,471,4391
8,9,9,8,471,4391
7,6,9,8,471,4391
6,5,9,8,471,4391
5,4,9,8,471,4391
4,3,9,8,471,4391
3,2,9,8,471,4391
2,1,9,8,471,4391
1,0,9,8,471,4391
9,7,9,8,471,4391
9,9,9,8,471,4391
9,6,9,8,471,4391
8,5,9,8,471,4391
7,4,9,8,471,4391
6,3,9,8,471,4391
5,2,9,8,471,4391
4,1,9,8,471,4391
3,0,9,8,471,4391
2,0,9,8,471,4391
1,2,5,2,472,3774
3,2,5,2,472,3774
2,1,5,2,472,3774
2,3,5,2,472,3774
5,2,5,2,472,3774
4,1,5,2,472,3774
4,3,5,2,472,3774
3,0,5,2,472,3774
3,4,5,2,472,3774
7,2,5,2,472,3774
6,1,5,2,472,3774
6,3,5,2,472,3774
5,0,5,2,472,3774
5,4,5,2,472,3774
4,0,5,2,472,3774
4,5,5,2,472,3774
9,2,5,2,472,3774
8,1,5,2,472,3774
8,3,5,2,472,3774
7,0,5,2,472,3774
7,4,5,2,472,3774
6,0,5,2,472,3774
6,5,5,2,472,3774
5,1,5,2,472,3774
5,6,5,2,472,3774
8,2,5,2,472,3774
9,1,5,2,472,3774
9,3,5,2,472,3774
9,0,5,2,472,3774
9,4,5,2,472,3774
8,0,5,2,472,3774
8,5,5,2,472,3774
7,1,5,2,472,3774
7,6,5,2,472,3774
6,2,5,2,472,3774
6,7,5,2,472,3774
7,3,5,2,472,3774
8,4,5,2,472,3774
9,5,5,2,472,3774
9,6,5,2,472,3774
8,7,5,2,472,3774
7,8,5,2,472,3774
4,2,5,2,472,3774
5,3,5,2,472,3774
6,4,5,2,472,3774
7,5,5,2,472,3774
8,6,5,2,472,3774
9,7,5,2,472,3774
9,8,5,2,472,3774
8,9,5,2,472,3774
2,2,5,2,472,3774
3,1,5,2,472,3774
3,3,5,2,472,3774
4,4,5,2,472,3774
5,5,5,2,472,3774
6,6,5,2,472,3774
7,7,5,2,472,3774
8,8,5,2,472,3774
9,9,5,2,472,3774
2,3,5,0,473,3397
4,3,5,0,473,3397
3,2,5,0,473,3397
3,4,5,0,473,3397
6,3,5,0,473,3397
5,2,5,0,473,3397
5,4,5,0,473,3397
4,1,5,0,473,3397
4,5,5,0,473,3397
8,3,5,0,473,3397
7,2,5,0,473,3397
7,4,5,0,473,3397
6,1,5,0,473,3397
6,5,5,0,473,3397
5,0,5,0,473,3397
5,6,5,0,473,3397
9,3,5,0,473,3397
9,2,5,0,473,3397
9,4,5,0,473,3397
8,1,5,0,473,3397
8,5,5,0,473,3397
7,0,5,0,473,3397
7,6,5,0,473,3397
6,0,5,0,473,3397
6,7,5,0,473,3397
7,3,5,0,473,3397
8,2,5,0,473,3397
8,4,5,0,473,3397
9,1,5,0,473,3397
9,5,5,0,473,3397
9,0,5,0,473,3397
9,6,5,0,473,3397
8,0,5,0,473,3397
8,7,5,0,473,3397
7,1,5,0,473,3397
7,8,5,0,473,3397
5,3,5,0,473,3397
6,2,5,0,473,3397
6,4,5,0,473,3397
7,5,5,0,473,3397
8,6,5,0,473,3397
9,7,5,0,473,3397
9,8,5,0,473,3397
8,9,5,0,473,3397
3,3,5,0,473,3397
4,2,5,0,473,3397
4,4,5,0,473,3397
5,1,5,0,473,3397
5,5,5,0,473,3397
6,6,5,0,473,3397
7,7,5,0,473,3397
8,8,5,0,473,3397
9,9,5,0,473,3397
1,4,6,7,474,3381
3,4,6,7,474,3381
2,3,6,7,474,3381
2,5,6,7,474,3381
5,4,6,7,474,3381
4,3,6,7,474,3381
4,5,6,7,474,3381
3,2,6,7,474,3381
3,6,6,7,474,3381
7,4,6,7,474,3381
6,3,6,7,474,3381
6,5,6,7,474,3381
5,2,6,7,474,3381
5,6,6,7,474,3381
4,1,6,7,474,3381
4,7,6,7,474,3381
9,4,6,7,474,3381
8,3,6,7,474,3381
8,5,6,7,474,3381
7,2,6,7,474,3381
7,6,6,7,474,3381
6,1,6,7,474,3381
6,7,6,7,474,3381
5,0,6,7,474,3381
5,8,6,7,474,3381
8,4,6,7,474,3381
9,3,6,7,474,3381
9,5,6,7,474,3381
9,2,6,7,474,3381
9,6,6,7,474,3381
8,1,6,7,474,3381
8,7,6,7,474,3381
7,0,6,7,474,3381
7,8,6,7,474,3381
6,0,6,7,474,3381
6,9,6,7,474,3381
6,4,6,7,474,3381
7,3,6,7,474,3381
7,5,6,7,474,3381
8,2,6,7,474,3381
8,6,6,7,474,3381
9,1,6,7,474,3381
9,7,6,7,474,3381
9,0,6,7,474,3381
9,8,6,7,474,3381
8,0,6,7,474,3381
8,9,6,7,474,3381
7,1,6,7,474,3381
7,9,6,7,474,3381
4,4,6,7,474,3381
5,3,6,7,474,3381
5,5,6,7,474,3381
6,2,6,7,474,3381
6,6,6,7,474,3381
7,7,6,7,474,3381
8,8,6,7,474,3381
9,9,6,7,474,3381
0,4,7,8,475,3746
1,4,7,8,475,3746
0,3,7,8,475,3746
0,5,7,8,475,3746
3,4,7,8,475,3746
2,3,7,8,475,3746
2,5,7,8,475,3746
1,2,7,8,475,3746
1,6,7,8,475,3746
5,4,7,8,475,3746
4,3,7,8,475,3746
4,5,7,8,475,3746
3,2,7,8,475,3746
3,6,7,8,475,3746
2,1,7,8,475,3746
2,7,7,8,475,3746
7,4,7,8,475,3746
6,3,7,8,475,3746
6,5,7,8,475,3746
5,2,7,8,475,3746
5,6,7,8,475,3746
4,1,7,8,475,3746
4,7,7,8,475,3746
3,0,7,8,475,3746
3,8,7,8,475,3746
9,4,7,8,475,3746
8,3,7,8,475,3746
8,5,7,8,475,3746
7,2,7,8,475,3746
7,6,7,8,475,3746
6,1,7,8,475,3746
6,7,7,8,475,3746
5,0,7,8,475,3746
5,8,7,8,475,3746
4,0,7,8,475,3746
4,9,7,8,475,3746
8,4,7,8,475,3746
9,3,7,8,475,3746
9,5,7,8,475,3746
9,2,7,8,475,3746
9,6,7,8,475,3746
8,1,7,8,475,3746
8,7,7,8,475,3746
7,0,7,8,475,3746
7,8,7,8,475,3746
6,0,7,8,475,3746
6,9,7,8,475,3746
5,1,7,8,475,3746
5,9,7,8,475,3746
6,4,7,8,475,3746
7,3,7,8,475,3746
7,5,7,8,475,3746
8,2,7,8,475,3746
8,6,7,8,475,3746
9,1,7,8,475,3746
9,7,7,8,475,3746
9,0,7,8,475,3746
9,8,7,8,475,3746
8,0,7,8,475,3746
8,9,7,8,475,3746
7,1,7,8,475,3746
7,9,7,8,475,3746
6,2,7,8,475,3746
6,8,7,8,475,3746
4,4,7,8,475,3746
5,3,7,8,475,3746
5,5,7,8,475,3746
6,6,7,8,475,3746
7,7,7,8,475,3746
8,8,7,8,475,3746
9,9,7,8,475,3746
0,5,9,8,476,3614
1,5,9,8,476,3614
0,4,9,8,476,3614
0,6,9,8,476,3614
2,5,9,8,476,3614
1,4,9,8,476,3614
1,6,9,8,476,3614
0,3,9,8,476,3614
0,7,9,8,476,3614
4,5,9,8,476,3614
3,4,9,8,476,3614
3,6,9,8,476,3614
2,3,9,8,476,3614
2,7,9,8,476,3614
1,2,9,8,476,3614
1,8,9,8,476,3614
6,5,9,8,476,3614
5,4,9,8,476,3614
5,6,9,8,476,3614
4,3,9,8,476,3614
4,7,9,8,476,3614
3,2,9,8,476,3614
3,8,9,8,476,3614
2,1,9,8,476,3614
2,9,9,8,476,3614
8,5,9,8,476,3614
7,4,9,8,476,3614
7,6,9,8,476,3614
6,3,9,8,476,3614
6,7,9,8,476,3614
5,2,9,8,476,3614
5,8,9,8,476,3614
4,1,9,8,476,3614
4,9,9,8,476,3614
3,0,9,8,476,3614
3,9,9,8,476,3614
9,5,9,8,476,3614
9,4,9,8,476,3614
9,6,9,8,476,3614
8,3,9,8,476,3614
8,7,9,8,476,3614
7,2,9,8,476,3614
7,8,9,8,476,3614
6,1,9,8,476,3614
6,9,9,8,476,3614
5,0,9,8,476,3614
5,9,9,8,476,3614
4,0,9,8,476,3614
4,8,9,8,476,3614
7,5,9,8,476,3614
8,4,9,8,476,3614
8,6,9,8,476,3614
9,3,9,8,476,3614
9,7,9,8,476,3614
9,2,9,8,476,3614
9,8,9,8,476,3614
8,1,9,8,476,3614
8,9,9,8,476,3614
7,0,9,8,476,3614
7,9,9,8,476,3614
6,0,9,8,476,3614
6,8,9,8,476,3614
5,1,9,8,476,3614
5,7,9,8,476,3614
5,5,9,8,476,3614
6,4,9,8,476,3614
6,6,9,8,476,3614
7,3,9,8,476,3614
7,7,9,8,476,3614
8,2,9,8,476,3614
8,8,9,8,476,3614
9,1,9,8,476,3614
9,9,9,8,476,3614
9,0,9,8,476,3614
8,0,9,8,476,3614
7,1,9,8,476,3614
6,2,9,8,476,3614
0,8,9,8,477,3375
1,8,9,8,477,3375
0,7,9,8,477,3375
0,9,9,8,477,3375
2,8,9,8,477,3375
1,7,9,8,477,3375
1,9,9,8,477,3375
0,6,9,8,477,3375
3,8,9,8,477,3375
2,7,9,8,477,3375
2,9,9,8,477,3375
1,6,9,8,477,3375
0,5,9,8,477,3375
5,8,9,8,477,3375
4,7,9,8,477,3375
4,9,9,8,477,3375
3,6,9,8,477,3375
3,9,9,8,477,3375
2,5,9,8,477,3375
1,4,9,8,477,3375
7,8,9,8,477,3375
6,7,9,8,477,3375
6,9,9,8,477,3375
5,6,9,8,477,3375
5,9,9,8,477,3375
4,5,9,8,477,3375
4,8,9,8,477,3375
3,4,9,8,477,3375
3,7,9,8,477,3375
2,3,9,8,477,3375
2,6,9,8,477,3375
9,8,9,8,477,3375
8,7,9,8,477,3375
8,9,9,8,477,3375
7,6,9,8,477,3375
7,9,9,8,477,3375
6,5,9,8,477,3375
6,8,9,8,477,3375
5,4,9,8,477,3375
5,7,9,8,477,3375
4,3,9,8,477,3375
4,6,9,8,477,3375
3,2,9,8,477,3375
3,5,9,8,477,3375
8,8,9,8,477,3375
9,7,9,8,477,3375
9,9,9,8,477,3375
9,6,9,8,477,3375
8,5,9,8,477,3375
7,4,9,8,477,3375
7,7,9,8,477,3375
6,3,9,8,477,3375
6,6,9,8,477,3375
5,2,9,8,477,3375
5,5,9,8,477,3375
4,1,9,8,477,3375
4,4,9,8,477,3375
0,8,9,8,478,2987
1,8,9,8,478,2987
0,7,9,8,478,2987
0,9,9,8,478,2987
3,8,9,8,478,2987
2,7,9,8,478,2987
2,9,9,8,478,2987
1,6,9,8,478,2987
1,9,9,8,478,2987
5,8,9,8,478,2987
4,7,9,8,478,2987
4,9,9,8,478,2987
3,6,9,8,478,2987
3,9,9,8,478,2987
2,5,9,8,478,2987
2,8,9,8,478,2987
7,8,9,8,478,2987
6,7,9,8,478,2987
6,9,9,8,478,2987
5,6,9,8,478,2987
5,9,9,8,478,2987
4,5,9,8,478,2987
4,8,9,8,478,2987
3,4,9,8,478,2987
3,7,9,8,478,2987
9,8,9,8,478,2987
8,7,9,8,478,2987
8,9,9,8,478,2987
7,6,9,8,478,2987
7,9,9,8,478,2987
6,5,9,8,478,2987
6,8,9,8,478,2987
5,4,9,8,478,2987
5,7,9,8,478,2987
4,3,9,8,478,2987
4,6,9,8,478,2987
8,8,9,8,478,2987
9,7,9,8,478,2987
9,9,9,8,478,2987
9,6,9,8,478,2987
8,5,9,8,478,2987
7,4,9,8,478,2987
7,7,9,8,478,2987
6,3,9,8,478,2987
6,6,9,8,478,2987
5,2,9,8,478,2987
5,5,9,8,478,2987
0,9,7,8,479,2576
2,9,7,8,479,2576
1,8,7,8,479,2576
1,9,7,8,479,2576
4,9,7,8,479,2576
3,8,7,8,479,2576
3,9,7,8,479,2576
2,7,7,8,479,2576
2,8,7,8,479,2576
6,9,7,8,479,2576
5,8,7,8,479,2576
5,9,7,8,479,2576
4,7,7,8,479,2576
4,8,7,8,479,2576
3,6,7,8,479,2576
3,7,7,8,479,2576
8,9,7,8,479,2576
7,8,7,8,479,2576
7,9,7,8,479,2576
6,7,7,8,479,2576
6,8,7,8,479,2576
5,6,7,8,479,2576
5,7,7,8,479,2576
4,5,7,8,479,2576
4,6,7,8,479,2576
9,9,7,8,479,2576
9,8,7,8,479,2576
8,7,7,8,479,2576
8,8,7,8,479,2576
7,6,7,8,479,2576
7,7,7,8,479,2576
6,5,7,8,479,2576
6,6,7,8,479,2576
5,4,7,8,479,2576
5,5,7,8,479,2576
5,6,9,8,480,1965
7,6,9,8,480,1965
6,5,9,8,480,1965
6,7,9,8,480,1965
9,6,9,8,480,1965
8,5,9,8,480,1965
8,7,9,8,480,1965
7,4,9,8,480,1965
7,8,9,8,480,1965
8,6,9,8,480,1965
9,5,9,8,480,1965
9,7,9,8,480,1965
9,4,9,8,480,1965
9,8,9,8,480,1965
8,3,9,8,480,1965
8,9,9,8,480,1965
6,6,9,8,480,1965
7,5,9,8,480,1965
7,7,9,8,480,1965
8,4,9,8,480,1965
8,8,9,8,480,1965
9,3,9,8,480,1965
9,9,9,8,480,1965
9,2,9,8,480,1965
0,1,5,5,481,4445
1,1,5,5,481,4445
0,0,5,5,481,4445
0,2,5,5,481,4445
3,1,5,5,481,4445
2,0,5,5,481,4445
2,2,5,5,481,4445
1,0,5,5,481,4445
1,3,5,5,481,4445
5,1,5,5,481,4445
4,0,5,5,481,4445
4,2,5,5,481,4445
3,0,5,5,481,4445
3,3,5,5,481,4445
2,1,5,5,481,4445
2,4,5,5,481,4445
7,1,5,5,481,4445
6,0,5,5,481,4445
6,2,5,5,481,4445
5,0,5,5,481,4445
5,3,5,5,481,4445
4,1,5,5,481,4445
4,4,5,5,481,4445
3,2,5,5,481,4445
3,5,5,5,481,4445
9,1,5,5,481,4445
8,0,5,5,481,4445
8,2,5,5,481,4445
7,0,5,5,481,4445
7,3,5,5,481,4445
6,1,5,5,481,4445
6,4,5,5,481,4445
5,2,5,5,481,4445
5,5,5,5,481,4445
4,3,5,5,481,4445
4,6,5,5,481,4445
8,1,5,5,481,4445
9,0,5,5,481,4445
9,2,5,5,481,4445
9,3,5,5,481,4445
8,4,5,5,481,4445
7,2,5,5,481,4445
7,5,5,5,481,4445
6,3,5,5,481,4445
6,6,5,5,481,4445
5,4,5,5,481,4445
5,7,5,5,481,4445
8,3,5,5,481,4445
9,4,5,5,481,4445
9,5,5,5,481,4445
8,6,5,5,481,4445
7,4,5,5,481,4445
7,7,5,5,481,4445
6,5,5,5,481,4445
6,8,5,5,481,4445
8,5,5,5,481,4445
9,6,5,5,481,4445
9,7,5,5,481,4445
8,8,5,5,481,4445
7,6,5,5,481,4445
7,9,5,5,481,4445
8,7,5,5,481,4445
9,8,5,5,481,4445
9,9,5,5,481,4445
8,9,5,5,481,4445
1,2,5,5,481,4445
2,3,5,5,481,4445
3,4,5,5,481,4445
4,5,5,5,481,4445
5,6,5,5,481,4445
6,7,5,5,481,4445
7,8,5,5,481,4445
0,4,9,9,482,4163
1,4,9,9,482,4163
0,3,9,9,482,4163
0,5,9,9,482,4163
2,4,9,9,482,4163
1,3,9,9,482,4163
1,5,9,9,482,4163
0,2,9,9,482,4163
0,6,9,9,482,4163
3,4,9,9,482,4163
2,3,9,9,482,4163
2,5,9,9,482,4163
1,2,9,9,482,4163
1,6,9,9,482,4163
0,1,9,9,482,4163
0,7,9,9,482,4163
4,4,9,9,482,4163
3,3,9,9,482,4163
3,5,9,9,482,4163
2,2,9,9,482,4163
2,6,9,9,482,4163
1,1,9,9,482,4163
1,7,9,9,482,4163
0,0,9,9,482,4163
0,8,9,9,482,4163
6,4,9,9,482,4163
5,3,9,9,482,4163
5,5,9,9,482,4163
4,2,9,9,482,4163
4,6,9,9,482,4163
3,1,9,9,482,4163
3,7,9,9,482,4163
2,0,9,9,482,4163
2,8,9,9,482,4163
1,0,9,9,482,4163
1,9,9,9,482,4163
8,4,9,9,482,4163
7,3,9,9,482,4163
7,5,9,9,482,4163
6,2,9,9,482,4163
6,6,9,9,482,4163
5,1,9,9,482,4163
5,7,9,9,482,4163
4,0,9,9,482,4163
4,8,9,9,482,4163
3,0,9,9,482,4163
3,9,9,9,482,4163
2,1,9,9,482,4163
2,9,9,9,482,4163
9,4,9,9,482,4163
9,3,9,9,482,4163
9,5,9,9,482,4163
8,2,9,9,482,4163
8,6,9,9,482,4163
7,1,9,9,482,4163
7,7,9,9,482,4163
6,0,9,9,482,4163
6,8,9,9,482,4163
5,0,9,9,482,4163
5,9,9,9,482,4163
4,1,9,9,482,4163
4,9,9,9,482,4163
3,2,9,9,482,4163
3,8,9,9,482,4163
7,4,9,9,482,4163
8,3,9,9,482,4163
8,5,9,9,482,4163
9,2,9,9,482,4163
9,6,9,9,482,4163
9,1,9,9,482,4163
9,7,9,9,482,4163
8,0,9,9,482,4163
8,8,9,9,482,4163
7,0,9,9,482,4163
7,9,9,9,482,4163
6,1,9,9,482,4163
6,9,9,9,482,4163
5,2,9,9,482,4163
5,8,9,9,482,4163
4,3,9,9,482,4163
4,7,9,9,482,4163
5,4,9,9,482,4163
6,3,9,9,482,4163
6,5,9,9,482,4163
7,2,9,9,482,4163
7,6,9,9,482,4163
8,1,9,9,482,4163
8,7,9,9,482,4163
9,0,9,9,482,4163
9,8,9,9,482,4163
9,9,9,9,482,4163
8,9,9,9,482,4163
7,8,9,9,482,4163
6,7,9,9,482,4163
5,6,9,9,482,4163
4,5,9,9,482,4163
0,8,9,9,483,4159
1,8,9,9,483,4159
0,7,9,9,483,4159
0,9,9,9,483,4159
2,8,9,9,483,4159
1,7,9,9,483,4159
1,9,9,9,483,4159
0,6,9,9,483,4159
3,8,9,9,483,4159
2,7,9,9,483,4159
2,9,9,9,483,4159
1,6,9,9,483,4159
0,5,9,9,483,4159
4,8,9,9,483,4159
3,7,9,9,483,4159
3,9,9,9,483,4159
2,6,9,9,483,4159
1,5,9,9,483,4159
0,4,9,9,483,4159
5,8,9,9,483,4159
4,7,9,9,483,4159
4,9,9,9,483,4159
3,6,9,9,483,4159
2,5,9,9,483,4159
1,4,9,9,483,4159
0,3,9,9,483,4159
6,8,9,9,483,4159
5,7,9,9,483,4159
5,9,9,9,483,4159
4,6,9,9,483,4159
3,5,9,9,483,4159
2,4,9,9,483,4159
1,3,9,9,483,4159
0,2,9,9,483,4159
7,8,9,9,483,4159
6,7,9,9,483,4159
6,9,9,9,483,4159
5,6,9,9,483,4159
4,5,9,9,483,4159
3,4,9,9,483,4159
2,3,9,9,483,4159
1,2,9,9,483,4159
0,1,9,9,483,4159
8,8,9,9,483,4159
7,7,9,9,483,4159
7,9,9,9,483,4159
6,6,9,9,483,4159
5,5,9,9,483,4159
4,4,9,9,483,4159
3,3,9,9,483,4159
2,2,9,9,483,4159
1,1,9,9,483,4159
0,0,9,9,483,4159
9,8,9,9,483,4159
9,7,9,9,483,4159
9,9,9,9,483,4159
8,6,9,9,483,4159
8,9,9,9,483,4159
7,5,9,9,483,4159
6,4,9,9,483,4159
5,3,9,9,483,4159
4,2,9,9,483,4159
3,1,9,9,483,4159
2,0,9,9,483,4159
1,0,9,9,483,4159
8,7,9,9,483,4159
9,6,9,9,483,4159
9,5,9,9,483,4159
8,4,9,9,483,4159
7,3,9,9,483,4159
7,6,9,9,483,4159
6,2,9,9,483,4159
6,5,9,9,483,4159
5,1,9,9,483,4159
5,4,9,9,483,4159
4,0,9,9,483,4159
4,3,9,9,483,4159
3,0,9,9,483,4159
3,2,9,9,483,4159
2,1,9,9,483,4159
0,8,9,9,484,4466
1,8,9,9,484,4466
0,7,9,9,484,4466
0,9,9,9,484,4466
2,8,9,9,484,4466
1,7,9,9,484,4466
1,9,9,9,484,4466
0,6,9,9,484,4466
3,8,9,9,484,4466
2,7,9,9,484,4466
2,9,9,9,484,4466
1,6,9,9,484,4466
0,5,9,9,484,4466
4,8,9,9,484,4466
3,7,9,9,484,4466
3,9,9,9,484,4466
2,6,9,9,484,4466
1,5,9,9,484,4466
0,4,9,9,484,4466
5,8,9,9,484,4466
4,7,9,9,484,4466
4,9,9,9,484,4466
3,6,9,9,484,4466
2,5,9,9,484,4466
1,4,9,9,484,4466
0,3,9,9,484,4466
6,8,9,9,484,4466
5,7,9,9,484,4466
5,9,9,9,484,4466
4,6,9,9,484,4466
3,5,9,9,484,4466
2,4,9,9,484,4466
1,3,9,9,484,4466
0,2,9,9,484,4466
7,8,9,9,484,4466
6,7,9,9,484,4466
6,9,9,9,484,4466
5,6,9,9,484,4466
4,5,9,9,484,4466
3,4,9,9,484,4466
2,3,9,9,484,4466
1,2,9,9,484,4466
0,1,9,9,484,4466
8,8,9,9,484,4466
7,7,9,9,484,4466
7,9,9,9,484,4466
6,6,9,9,484,4466
5,5,9,9,484,4466
4,4,9,9,484,4466
3,3,9,9,484,4466
2,2,9,9,484,4466
1,1,9,9,484,4466
0,0,9,9,484,4466
9,8,9,9,484,4466
8,7,9,9,484,4466
8,9,9,9,484,4466
7,6,9,9,484,4466
6,5,9,9,484,4466
5,4,9,9,484,4466
4,3,9,9,484,4466
3,2,9,9,484,4466
2,1,9,9,484,4466
1,0,9,9,484,4466
9,7,9,9,484,4466
9,9,9,9,484,4466
8,6,9,9,484,4466
7,5,9,9,484,4466
6,4,9,9,484,4466
5,3,9,9,484,4466
4,2,9,9,484,4466
3,1,9,9,484,4466
2,0,9,9,484,4466
9,6,9,9,484,4466
9,5,9,9,484,4466
8,4,9,9,484,4466
7,3,9,9,484,4466
6,2,9,9,484,4466
5,1,9,9,484,4466
4,0,9,9,484,4466
3,0,9,9,484,4466
0,2,5,3,485,4122
2,2,5,3,485,4122
1,1,5,3,485,4122
1,3,5,3,485,4122
4,2,5,3,485,4122
3,1,5,3,485,4122
3,3,5,3,485,4122
2,0,5,3,485,4122
2,4,5,3,485,4122
6,2,5,3,485,4122
5,1,5,3,485,4122
5,3,5,3,485,4122
4,0,5,3,485,4122
4,4,5,3,485,4122
3,0,5,3,485,4122
3,5,5,3,485,4122
8,2,5,3,485,4122
7,1,5,3,485,4122
7,3,5,3,485,4122
6,0,5,3,485,4122
6,4,5,3,485,4122
5,0,5,3,485,4122
5,5,5,3,485,4122
4,1,5,3,485,4122
4,6,5,3,485,4122
9,2,5,3,485,4122
9,1,5,3,485,4122
9,3,5,3,485,4122
8,0,5,3,485,4122
8,4,5,3,485,4122
7,0,5,3,485,4122
7,5,5,3,485,4122
6,1,5,3,485,4122
6,6,5,3,485,4122
5,2,5,3,485,4122
5,7,5,3,485,4122
7,2,5,3,485,4122
8,1,5,3,485,4122
8,3,5,3,485,4122
9,0,5,3,485,4122
9,4,5,3,485,4122
9,5,5,3,485,4122
8,6,5,3,485,4122
7,7,5,3,485,4122
6,3,5,3,485,4122
6,8,5,3,485,4122
7,4,5,3,485,4122
8,5,5,3,485,4122
9,6,5,3,485,4122
9,7,5,3,485,4122
8,8,5,3,485,4122
7,9,5,3,485,4122
3,2,5,3,485,4122
4,3,5,3,485,4122
5,4,5,3,485,4122
6,5,5,3,485,4122
7,6,5,3,485,4122
8,7,5,3,485,4122
9,8,5,3,485,4122
9,9,5,3,485,4122
8,9,5,3,485,4122
1,2,5,3,485,4122
2,1,5,3,485,4122
2,3,5,3,485,4122
3,4,5,3,485,4122
4,5,5,3,485,4122
5,6,5,3,485,4122
6,7,5,3,485,4122
7,8,5,3,485,4122
1,3,5,1,486,3771
3,3,5,1,486,3771
2,2,5,1,486,3771
2,4,5,1,486,3771
5,3,5,1,486,3771
4,2,5,1,486,3771
4,4,5,1,486,3771
3,1,5,1,486,3771
3,5,5,1,486,3771
7,3,5,1,486,3771
6,2,5,1,486,3771
6,4,5,1,486,3771
5,1,5,1,486,3771
5,5,5,1,486,3771
4,0,5,1,486,3771
4,6,5,1,486,3771
9,3,5,1,486,3771
8,2,5,1,486,3771
8,4,5,1,486,3771
7,1,5,1,486,3771
7,5,5,1,486,3771
6,0,5,1,486,3771
6,6,5,1,486,3771
5,0,5,1,486,3771
5,7,5,1,486,3771
8,3,5,1,486,3771
9,2,5,1,486,3771
9,4,5,1,486,3771
9,1,5,1,486,3771
9,5,5,1,486,3771
8,0,5,1,486,3771
8,6,5,1,486,3771
7,0,5,1,486,3771
7,7,5,1,486,3771
6,1,5,1,486,3771
6,8,5,1,486,3771
6,3,5,1,486,3771
7,2,5,1,486,3771
7,4,5,1,486,3771
8,1,5,1,486,3771
8,5,5,1,486,3771
9,0,5,1,486,3771
9,6,5,1,486,3771
9,7,5,1,486,3771
8,8,5,1,486,3771
7,9,5,1,486,3771
4,3,5,1,486,3771
5,2,5,1,486,3771
5,4,5,1,486,3771
6,5,5,1,486,3771
7,6,5,1,486,3771
8,7,5,1,486,3771
9,8,5,1,486,3771
9,9,5,1,486,3771
8,9,5,1,486,3771
2,3,5,1,486,3771
3,2,5,1,486,3771
3,4,5,1,486,3771
4,1,5,1,486,3771
4,5,5,1,486,3771
5,6,5,1,486,3771
6,7,5,1,486,3771
7,8,5,1,486,3771
0,4,7,7,487,3744
2,4,7,7,487,3744
1,3,7,7,487,3744
1,5,7,7,487,3744
4,4,7,7,487,3744
3,3,7,7,487,3744
3,5,7,7,487,3744
2,2,7,7,487,3744
2,6,7,7,487,3744
6,4,7,7,487,3744
5,3,7,7,487,3744
5,5,7,7,487,3744
4,2,7,7,487,3744
4,6,7,7,487,3744
3,1,7,7,487,3744
3,7,7,7,487,3744
8,4,7,7,487,3744
7,3,7,7,487,3744
7,5,7,7,487,3744
6,2,7,7,487,3744
6,6,7,7,487,3744
5,1,7,7,487,3744
5,7,7,7,487,3744
4,0,7,7,487,3744
4,8,7,7,487,3744
9,4,7,7,487,3744
9,3,7,7,487,3744
9,5,7,7,487,3744
8,2,7,7,487,3744
8,6,7,7,487,3744
7,1,7,7,487,3744
7,7,7,7,487,3744
6,0,7,7,487,3744
6,8,7,7,487,3744
5,0,7,7,487,3744
5,9,7,7,487,3744
7,4,7,7,487,3744
8,3,7,7,487,3744
8,5,7,7,487,3744
9,2,7,7,487,3744
9,6,7,7,487,3744
9,1,7,7,487,3744
9,7,7,7,487,3744
8,0,7,7,487,3744
8,8,7,7,487,3744
7,0,7,7,487,3744
7,9,7,7,487,3744
6,1,7,7,487,3744
6,9,7,7,487,3744
5,4,7,7,487,3744
6,3,7,7,487,3744
6,5,7,7,487,3744
7,2,7,7,487,3744
7,6,7,7,487,3744
8,1,7,7,487,3744
8,7,7,7,487,3744
9,0,7,7,487,3744
9,8,7,7,487,3744
9,9,7,7,487,3744
8,9,7,7,487,3744
7,8,7,7,487,3744
3,4,7,7,487,3744
4,3,7,7,487,3744
4,5,7,7,487,3744
5,2,7,7,487,3744
5,6,7,7,487,3744
6,7,7,7,487,3744
0,4,8,8,488,4085
1,4,8,8,488,4085
0,3,8,8,488,4085
0,5,8,8,488,4085
2,4,8,8,488,4085
1,3,8,8,488,4085
1,5,8,8,488,4085
0,2,8,8,488,4085
0,6,8,8,488,4085
4,4,8,8,488,4085
3,3,8,8,488,4085
3,5,8,8,488,4085
2,2,8,8,488,4085
2,6,8,8,488,4085
1,1,8,8,488,4085
1,7,8,8,488,4085
6,4,8,8,488,4085
5,3,8,8,488,4085
5,5,8,8,488,4085
4,2,8,8,488,4085
4,6,8,8,488,4085
3,1,8,8,488,4085
3,7,8,8,488,4085
2,0,8,8,488,4085
2,8,8,8,488,4085
8,4,8,8,488,4085
7,3,8,8,488,4085
7,5,8,8,488,4085
6,2,8,8,488,4085
6,6,8,8,488,4085
5,1,8,8,488,4085
5,7,8,8,488,4085
4,0,8,8,488,4085
4,8,8,8,488,4085
3,0,8,8,488,4085
3,9,8,8,488,4085
9,4,8,8,488,4085
9,3,8,8,488,4085
9,5,8,8,488,4085
8,2,8,8,488,4085
8,6,8,8,488,4085
7,1,8,8,488,4085
7,7,8,8,488,4085
6,0,8,8,488,4085
6,8,8,8,488,4085
5,0,8,8,488,4085
5,9,8,8,488,4085
4,1,8,8,488,4085
4,9,8,8,488,4085
7,4,8,8,488,4085
8,3,8,8,488,4085
8,5,8,8,488,4085
9,2,8,8,488,4085
9,6,8,8,488,4085
9,1,8,8,488,4085
9,7,8,8,488,4085
8,0,8,8,488,4085
8,8,8,8,488,4085
7,0,8,8,488,4085
7,9,8,8,488,4085
6,1,8,8,488,4085
6,9,8,8,488,4085
5,2,8,8,488,4085
5,8,8,8,488,4085
5,4,8,8,488,4085
6,3,8,8,488,4085
6,5,8,8,488,4085
7,2,8,8,488,4085
7,6,8,8,488,4085
8,1,8,8,488,4085
8,7,8,8,488,4085
9,0,8,8,488,4085
9,8,8,8,488,4085
9,9,8,8,488,4085
8,9,8,8,488,4085
7,8,8,8,488,4085
6,7,8,8,488,4085
3,4,8,8,488,4085
4,3,8,8,488,4085
4,5,8,8,488,4085
5,6,8,8,488,4085
0,5,9,9,489,3831
1,5,9,9,489,3831
0,4,9,9,489,3831
0,6,9,9,489,3831
2,5,9,9,489,3831
1,4,9,9,489,3831
1,6,9,9,489,3831
0,3,9,9,489,3831
0,7,9,9,489,3831
3,5,9,9,489,3831
2,4,9,9,489,3831
2,6,9,9,489,3831
1,3,9,9,489,3831
1,7,9,9,489,3831
0,2,9,9,489,3831
0,8,9,9,489,3831
5,5,9,9,489,3831
4,4,9,9,489,3831
4,6,9,9,489,3831
3,3,9,9,489,3831
3,7,9,9,489,3831
2,2,9,9,489,3831
2,8,9,9,489,3831
1,1,9,9,489,3831
1,9,9,9,489,3831
7,5,9,9,489,3831
6,4,9,9,489,3831
6,6,9,9,489,3831
5,3,9,9,489,3831
5,7,9,9,489,3831
4,2,9,9,489,3831
4,8,9,9,489,3831
3,1,9,9,489,3831
3,9,9,9,489,3831
2,0,9,9,489,3831
2,9,9,9,489,3831
9,5,9,9,489,3831
8,4,9,9,489,3831
8,6,9,9,489,3831
7,3,9,9,489,3831
7,7,9,9,489,3831
6,2,9,9,489,3831
6,8,9,9,489,3831
5,1,9,9,489,3831
5,9,9,9,489,3831
4,0,9,9,489,3831
4,9,9,9,489,3831
3,0,9,9,489,3831
3,8,9,9,489,3831
8,5,9,9,489,3831
9,4,9,9,489,3831
9,6,9,9,489,3831
9,3,9,9,489,3831
9,7,9,9,489,3831
8,2,9,9,489,3831
8,8,9,9,489,3831
7,1,9,9,489,3831
7,9,9,9,489,3831
6,0,9,9,489,3831
6,9,9,9,489,3831
5,0,9,9,489,3831
5,8,9,9,489,3831
4,1,9,9,489,3831
4,7,9,9,489,3831
6,5,9,9,489,3831
7,4,9,9,489,3831
7,6,9,9,489,3831
8,3,9,9,489,3831
8,7,9,9,489,3831
9,2,9,9,489,3831
9,8,9,9,489,3831
9,1,9,9,489,3831
9,9,9,9,489,3831
8,0,9,9,489,3831
8,9,9,9,489,3831
7,0,9,9,489,3831
7,8,9,9,489,3831
6,1,9,9,489,3831
6,7,9,9,489,3831
5,2,9,9,489,3831
5,6,9,9,489,3831
4,5,9,9,489,3831
5,4,9,9,489,3831
6,3,9,9,489,3831
7,2,9,9,489,3831
8,1,9,9,489,3831
9,0,9,9,489,3831
0,8,9,9,490,3478
1,8,9,9,490,3478
0,7,9,9,490,3478
0,9,9,9,490,3478
2,8,9,9,490,3478
1,7,9,9,490,3478
1,9,9,9,490,3478
0,6,9,9,490,3478
3,8,9,9,490,3478
2,7,9,9,490,3478
2,9,9,9,490,3478
1,6,9,9,490,3478
0,5,9,9,490,3478
4,8,9,9,490,3478
3,7,9,9,490,3478
3,9,9,9,490,3478
2,6,9,9,490,3478
1,5,9,9,490,3478
0,4,9,9,490,3478
6,8,9,9,490,3478
5,7,9,9,490,3478
5,9,9,9,490,3478
4,6,9,9,490,3478
4,9,9,9,490,3478
3,5,9,9,490,3478
2,4,9,9,490,3478
1,3,9,9,490,3478
8,8,9,9,490,3478
7,7,9,9,490,3478
7,9,9,9,490,3478
6,6,9,9,490,3478
6,9,9,9,490,3478
5,5,9,9,490,3478
5,8,9,9,490,3478
4,4,9,9,490,3478
4,7,9,9,490,3478
3,3,9,9,490,3478
3,6,9,9,490,3478
2,2,9,9,490,3478
2,5,9,9,490,3478
9,8,9,9,490,3478
9,7,9,9,490,3478
9,9,9,9,490,3478
8,6,9,9,490,3478
8,9,9,9,490,3478
7,5,9,9,490,3478
7,8,9,9,490,3478
6,4,9,9,490,3478
6,7,9,9,490,3478
5,3,9,9,490,3478
5,6,9,9,490,3478
4,2,9,9,490,3478
4,5,9,9,490,3478
3,1,9,9,490,3478
3,4,9,9,490,3478
8,7,9,9,490,3478
9,6,9,9,490,3478
9,5,9,9,490,3478
8,4,9,9,490,3478
7,3,9,9,490,3478
7,6,9,9,490,3478
6,2,9,9,490,3478
6,5,9,9,490,3478
5,1,9,9,490,3478
5,4,9,9,490,3478
4,0,9,9,490,3478
4,3,9,9,490,3478
0,8,9,9,491,3100
1,8,9,9,491,3100
0,7,9,9,491,3100
0,9,9,9,491,3100
2,8,9,9,491,3100
1,7,9,9,491,3100
1,9,9,9,491,3100
0,6,9,9,491,3100
4,8,9,9,491,3100
3,7,9,9,491,3100
3,9,9,9,491,3100
2,6,9,9,491,3100
2,9,9,9,491,3100
1,5,9,9,491,3100
6,8,9,9,491,3100
5,7,9,9,491,3100
5,9,9,9,491,3100
4,6,9,9,491,3100
4,9,9,9,491,3100
3,5,9,9,491,3100
3,8,9,9,491,3100
2,4,9,9,491,3100
2,7,9,9,491,3100
8,8,9,9,491,3100
7,7,9,9,491,3100
7,9,9,9,491,3100
6,6,9,9,491,3100
6,9,9,9,491,3100
5,5,9,9,491,3100
5,8,9,9,491,3100
4,4,9,9,491,3100
4,7,9,9,491,3100
3,3,9,9,491,3100
3,6,9,9,491,3100
9,8,9,9,491,3100
9,7,9,9,491,3100
9,9,9,9,491,3100
8,6,9,9,491,3100
8,9,9,9,491,3100
7,5,9,9,491,3100
7,8,9,9,491,3100
6,4,9,9,491,3100
6,7,9,9,491,3100
5,3,9,9,491,3100
5,6,9,9,491,3100
4,2,9,9,491,3100
4,5,9,9,491,3100
8,7,9,9,491,3100
9,6,9,9,491,3100
9,5,9,9,491,3100
8,4,9,9,491,3100
7,3,9,9,491,3100
7,6,9,9,491,3100
6,2,9,9,491,3100
6,5,9,9,491,3100
5,1,9,9,491,3100
5,4,9,9,491,3100
0,9,8,8,492,2993
1,9,8,8,492,2993
0,8,8,8,492,2993
3,9,8,8,492,2993
2,8,8,8,492,2993
2,9,8,8,492,2993
1,7,8,8,492,2993
1,8,8,8,492,2993
5,9,8,8,492,2993
4,8,8,8,492,2993
4,9,8,8,492,2993
3,7,8,8,492,2993
3,8,8,8,492,2993
2,6,8,8,492,2993
2,7,8,8,492,2993
7,9,8,8,492,2993
6,8,8,8,492,2993
6,9,8,8,492,2993
5,7,8,8,492,2993
5,8,8,8,492,2993
4,6,8,8,492,2993
4,7,8,8,492,2993
3,5,8,8,492,2993
3,6,8,8,492,2993
9,9,8,8,492,2993
8,8,8,8,492,2993
8,9,8,8,492,2993
7,7,8,8,492,2993
7,8,8,8,492,2993
6,6,8,8,492,2993
6,7,8,8,492,2993
5,5,8,8,492,2993
5,6,8,8,492,2993
4,4,8,8,492,2993
4,5,8,8,492,2993
9,8,8,8,492,2993
9,7,8,8,492,2993
8,6,8,8,492,2993
8,7,8,8,492,2993
7,5,8,8,492,2993
7,6,8,8,492,2993
6,4,8,8,492,2993
6,5,8,8,492,2993
5,3,8,8,492,2993
5,4,8,8,492,2993
4,6,9,9,493,2263
6,6,9,9,493,2263
5,5,9,9,493,2263
5,7,9,9,493,2263
8,6,9,9,493,2263
7,5,9,9,493,2263
7,7,9,9,493,2263
6,4,9,9,493,2263
6,8,9,9,493,2263
9,6,9,9,493,2263
9,5,9,9,493,2263
9,7,9,9,493,2263
8,4,9,9,493,2263
8,8,9,9,493,2263
7,3,9,9,493,2263
7,9,9,9,493,2263
7,6,9,9,493,2263
8,5,9,9,493,2263
8,7,9,9,493,2263
9,4,9,9,493,2263
9,8,9,9,493,2263
9,3,9,9,493,2263
9,9,9,9,493,2263
8,2,9,9,493,2263
8,9,9,9,493,2263
5,6,9,9,493,2263
6,5,9,9,493,2263
6,7,9,9,493,2263
7,4,9,9,493,2263
7,8,9,9,493,2263
8,3,9,9,493,2263
9,2,9,9,493,2263
9,1,9,9,493,2263
0,2,5,4,494,4446
1,2,5,4,494,4446
0,1,5,4,494,4446
0,3,5,4,494,4446
3,2,5,4,494,4446
2,1,5,4,494,4446
2,3,5,4,494,4446
1,0,5,4,494,4446
1,4,5,4,494,4446
5,2,5,4,494,4446
4,1,5,4,494,4446
4,3,5,4,494,4446
3,0,5,4,494,4446
3,4,5,4,494,4446
2,0,5,4,494,4446
2,5,5,4,494,4446
7,2,5,4,494,4446
6,1,5,4,494,4446
6,3,5,4,494,4446
5,0,5,4,494,4446
5,4,5,4,494,4446
4,0,5,4,494,4446
4,5,5,4,494,4446
3,1,5,4,494,4446
3,6,5,4,494,4446
9,2,5,4,494,4446
8,1,5,4,494,4446
8,3,5,4,494,4446
7,0,5,4,494,4446
7,4,5,4,494,4446
6,0,5,4,494,4446
6,5,5,4,494,4446
5,1,5,4,494,4446
5,6,5,4,494,4446
4,2,5,4,494,4446
4,7,5,4,494,4446
8,2,5,4,494,4446
9,1,5,4,494,4446
9,3,5,4,494,4446
9,0,5,4,494,4446
9,4,5,4,494,4446
8,0,5,4,494,4446
8,5,5,4,494,4446
7,1,5,4,494,4446
7,6,5,4,494,4446
6,2,5,4,494,4446
6,7,5,4,494,4446
5,3,5,4,494,4446
5,8,5,4,494,4446
7,3,5,4,494,4446
8,4,5,4,494,4446
9,5,5,4,494,4446
9,6,5,4,494,4446
8,7,5,4,494,4446
7,8,5,4,494,4446
6,4,5,4,494,4446
6,9,5,4,494,4446
7,5,5,4,494,4446
8,6,5,4,494,4446
9,7,5,4,494,4446
9,8,5,4,494,4446
8,9,5,4,494,4446
7,9,5,4,494,4446
2,2,5,4,494,4446
3,3,5,4,494,4446
4,4,5,4,494,4446
5,5,5,4,494,4446
6,6,5,4,494,4446
7,7,5,4,494,4446
8,8,5,4,494,4446
9,9,5,4,494,4446
1,1,5,4,494,4446
1,3,5,4,494,4446
2,4,5,4,494,4446
3,5,5,4,494,4446
4,6,5,4,494,4446
5,7,5,4,494,4446
6,8,5,4,494,4446
0,3,5,2,495,4120
2,3,5,2,495,4120
1,2,5,2,495,4120
1,4,5,2,495,4120
4,3,5,2,495,4120
3,2,5,2,495,4120
3,4,5,2,495,4120
2,1,5,2,495,4120
2,5,5,2,495,4120
6,3,5,2,495,4120
5,2,5,2,495,4120
5,4,5,2,495,4120
4,1,5,2,495,4120
4,5,5,2,495,4120
3,0,5,2,495,4120
3,6,5,2,495,4120
8,3,5,2,495,4120
7,2,5,2,495,4120
7,4,5,2,495,4120
6,1,5,2,495,4120
6,5,5,2,495,4120
5,0,5,2,495,4120
5,6,5,2,495,4120
4,0,5,2,495,4120
4,7,5,2,495,4120
9,3,5,2,495,4120
9,2,5,2,495,4120
9,4,5,2,495,4120
8,1,5,2,495,4120
8,5,5,2,495,4120
7,0,5,2,495,4120
7,6,5,2,495,4120
6,0,5,2,495,4120
6,7,5,2,495,4120
5,1,5,2,495,4120
5,8,5,2,495,4120
7,3,5,2,495,4120
8,2,5,2,495,4120
8,4,5,2,495,4120
9,1,5,2,495,4120
9,5,5,2,495,4120
9,0,5,2,495,4120
9,6,5,2,495,4120
8,0,5,2,495,4120
8,7,5,2,495,4120
7,1,5,2,495,4120
7,8,5,2,495,4120
6,2,5,2,495,4120
6,9,5,2,495,4120
5,3,5,2,495,4120
6,4,5,2,495,4120
7,5,5,2,495,4120
8,6,5,2,495,4120
9,7,5,2,495,4120
9,8,5,2,495,4120
8,9,5,2,495,4120
7,9,5,2,495,4120
3,3,5,2,495,4120
4,2,5,2,495,4120
4,4,5,2,495,4120
5,5,5,2,495,4120
6,6,5,2,495,4120
7,7,5,2,495,4120
8,8,5,2,495,4120
9,9,5,2,495,4120
1,3,5,2,495,4120
2,2,5,2,495,4120
2,4,5,2,495,4120
3,1,5,2,495,4120
3,5,5,2,495,4120
4,6,5,2,495,4120
5,7,5,2,495,4120
6,8,5,2,495,4120
0,4,7,8,496,4086
1,4,7,8,496,4086
0,3,7,8,496,4086
0,5,7,8,496,4086
3,4,7,8,496,4086
2,3,7,8,496,4086
2,5,7,8,496,4086
1,2,7,8,496,4086
1,6,7,8,496,4086
5,4,7,8,496,4086
4,3,7,8,496,4086
4,5,7,8,496,4086
3,2,7,8,496,4086
3,6,7,8,496,4086
2,1,7,8,496,4086
2,7,7,8,496,4086
7,4,7,8,496,4086
6,3,7,8,496,4086
6,5,7,8,496,4086
5,2,7,8,496,4086
5,6,7,8,496,4086
4,1,7,8,496,4086
4,7,7,8,496,4086
3,0,7,8,496,4086
3,8,7,8,496,4086
9,4,7,8,496,4086
8,3,7,8,496,4086
8,5,7,8,496,4086
7,2,7,8,496,4086
7,6,7,8,496,4086
6,1,7,8,496,4086
6,7,7,8,496,4086
5,0,7,8,496,4086
5,8,7,8,496,4086
4,0,7,8,496,4086
4,9,7,8,496,4086
8,4,7,8,496,4086
9,3,7,8,496,4086
9,5,7,8,496,4086
9,2,7,8,496,4086
9,6,7,8,496,4086
8,1,7,8,496,4086
8,7,7,8,496,4086
7,0,7,8,496,4086
7,8,7,8,496,4086
6,0,7,8,496,4086
6,9,7,8,496,4086
5,1,7,8,496,4086
5,9,7,8,496,4086
6,4,7,8,496,4086
7,3,7,8,496,4086
7,5,7,8,496,4086
8,2,7,8,496,4086
8,6,7,8,496,4086
9,1,7,8,496,4086
9,7,7,8,496,4086
9,0,7,8,496,4086
9,8,7,8,496,4086
8,0,7,8,496,4086
8,9,7,8,496,4086
7,1,7,8,496,4086
7,9,7,8,496,4086
6,2,7,8,496,4086
6,8,7,8,496,4086
4,4,7,8,496,4086
5,3,7,8,496,4086
5,5,7,8,496,4086
6,6,7,8,496,4086
7,7,7,8,496,4086
8,8,7,8,496,4086
9,9,7,8,496,4086
2,4,7,8,496,4086
3,3,7,8,496,4086
3,5,7,8,496,4086
4,2,7,8,496,4086
4,6,7,8,496,4086
5,7,7,8,496,4086
0,4,9,8,497,4164
1,4,9,8,497,4164
0,3,9,8,497,4164
0,5,9,8,497,4164
2,4,9,8,497,4164
1,3,9,8,497,4164
1,5,9,8,497,4164
0,2,9,8,497,4164
0,6,9,8,497,4164
3,4,9,8,497,4164
2,3,9,8,497,4164
2,5,9,8,497,4164
1,2,9,8,497,4164
1,6,9,8,497,4164
0,1,9,8,497,4164
0,7,9,8,497,4164
5,4,9,8,497,4164
4,3,9,8,497,4164
4,5,9,8,497,4164
3,2,9,8,497,4164
3,6,9,8,497,4164
2,1,9,8,497,4164
2,7,9,8,497,4164
1,0,9,8,497,4164
1,8,9,8,497,4164
7,4,9,8,497,4164
6,3,9,8,497,4164
6,5,9,8,497,4164
5,2,9,8,497,4164
5,6,9,8,497,4164
4,1,9,8,497,4164
4,7,9,8,497,4164
3,0,9,8,497,4164
3,8,9,8,497,4164
2,0,9,8,497,4164
2,9,9,8,497,4164
9,4,9,8,497,4164
8,3,9,8,497,4164
8,5,9,8,497,4164
7,2,9,8,497,4164
7,6,9,8,497,4164
6,1,9,8,497,4164
6,7,9,8,497,4164
5,0,9,8,497,4164
5,8,9,8,497,4164
4,0,9,8,497,4164
4,9,9,8,497,4164
3,1,9,8,497,4164
3,9,9,8,497,4164
8,4,9,8,497,4164
9,3,9,8,497,4164
9,5,9,8,497,4164
9,2,9,8,497,4164
9,6,9,8,497,4164
8,1,9,8,497,4164
8,7,9,8,497,4164
7,0,9,8,497,4164
7,8,9,8,497,4164
6,0,9,8,497,4164
6,9,9,8,497,4164
5,1,9,8,497,4164
5,9,9,8,497,4164
4,2,9,8,497,4164
4,8,9,8,497,4164
6,4,9,8,497,4164
7,3,9,8,497,4164
7,5,9,8,497,4164
8,2,9,8,497,4164
8,6,9,8,497,4164
9,1,9,8,497,4164
9,7,9,8,497,4164
9,0,9,8,497,4164
9,8,9,8,497,4164
8,0,9,8,497,4164
8,9,9,8,497,4164
7,1,9,8,497,4164
7,9,9,8,497,4164
6,2,9,8,497,4164
6,8,9,8,497,4164
5,3,9,8,497,4164
5,7,9,8,497,4164
4,4,9,8,497,4164
5,5,9,8,497,4164
6,6,9,8,497,4164
7,7,9,8,497,4164
8,8,9,8,497,4164
9,9,9,8,497,4164
3,3,9,8,497,4164
3,5,9,8,497,4164
4,6,9,8,497,4164
0,9,9,8,498,3372
1,9,9,8,498,3372
0,8,9,8,498,3372
2,9,9,8,498,3372
1,8,9,8,498,3372
0,7,9,8,498,3372
4,9,9,8,498,3372
3,8,9,8,498,3372
3,9,9,8,498,3372
2,7,9,8,498,3372
2,8,9,8,498,3372
1,6,9,8,498,3372
1,7,9,8,498,3372
6,9,9,8,498,3372
5,8,9,8,498,3372
5,9,9,8,498,3372
4,7,9,8,498,3372
4,8,9,8,498,3372
3,6,9,8,498,3372
3,7,9,8,498,3372
2,5,9,8,498,3372
2,6,9,8,498,3372
8,9,9,8,498,3372
7,8,9,8,498,3372
7,9,9,8,498,3372
6,7,9,8,498,3372
6,8,9,8,498,3372
5,6,9,8,498,3372
5,7,9,8,498,3372
4,5,9,8,498,3372
4,6,9,8,498,3372
3,4,9,8,498,3372
3,5,9,8,498,3372
9,9,9,8,498,3372
9,8,9,8,498,3372
8,7,9,8,498,3372
8,8,9,8,498,3372
7,6,9,8,498,3372
7,7,9,8,498,3372
6,5,9,8,498,3372
6,6,9,8,498,3372
5,4,9,8,498,3372
5,5,9,8,498,3372
4,3,9,8,498,3372
4,4,9,8,498,3372
9,7,9,8,498,3372
9,6,9,8,498,3372
8,5,9,8,498,3372
8,6,9,8,498,3372
7,4,9,8,498,3372
7,5,9,8,498,3372
6,3,9,8,498,3372
6,4,9,8,498,3372
5,2,9,8,498,3372
5,3,9,8,498,3372
0,3,5,3,499,4446
1,3,5,3,499,4446
0,2,5,3,499,4446
0,4,5,3,499,4446
3,3,5,3,499,4446
2,2,5,3,499,4446
2,4,5,3,499,4446
1,1,5,3,499,4446
1,5,5,3,499,4446
5,3,5,3,499,4446
4,2,5,3,499,4446
4,4,5,3,499,4446
3,1,5,3,499,4446
3,5,5,3,499,4446
2,0,5,3,499,4446
2,6,5,3,499,4446
7,3,5,3,499,4446
6,2,5,3,499,4446
6,4,5,3,499,4446
5,1,5,3,499,4446
5,5,5,3,499,4446
4,0,5,3,499,4446
4,6,5,3,499,4446
3,0,5,3,499,4446
3,7,5,3,499,4446
9,3,5,3,499,4446
8,2,5,3,499,4446
8,4,5,3,499,4446
7,1,5,3,499,4446
7,5,5,3,499,4446
6,0,5,3,499,4446
6,6,5,3,499,4446
5,0,5,3,499,4446
5,7,5,3,499,4446
4,1,5,3,499,4446
4,8,5,3,499,4446
8,3,5,3,499,4446
9,2,5,3,499,4446
9,4,5,3,499,4446
9,1,5,3,499,4446
9,5,5,3,499,4446
8,0,5,3,499,4446
8,6,5,3,499,4446
7,0,5,3,499,4446
7,7,5,3,499,4446
6,1,5,3,499,4446
6,8,5,3,499,4446
5,2,5,3,499,4446
5,9,5,3,499,4446
6,3,5,3,499,4446
7,2,5,3,499,4446
7,4,5,3,499,4446
8,1,5,3,499,4446
8,5,5,3,499,4446
9,0,5,3,499,4446
9,6,5,3,499,4446
9,7,5,3,499,4446
8,8,5,3,499,4446
7,9,5,3,499,4446
6,9,5,3,499,4446
4,3,5,3,499,4446
5,4,5,3,499,4446
6,5,5,3,499,4446
7,6,5,3,499,4446
8,7,5,3,499,4446
9,8,5,3,499,4446
9,9,5,3,499,4446
8,9,5,3,499,4446
7,8,5,3,499,4446
2,3,5,3,499,4446
3,2,5,3,499,4446
3,4,5,3,499,4446
4,5,5,3,499,4446
5,6,5,3,499,4446
6,7,5,3,499,4446
1,2,5,3,499,4446
1,4,5,3,499,4446
2,1,5,3,499,4446
2,5,5,3,499,4446
3,6,5,3,499,4446
4,7,5,3,499,4446
5,8,5,3,499,4446
0,4,8,8,500,4401
1,4,8,8,500,4401
0,3,8,8,500,4401
0,5,8,8,500,4401
2,4,8,8,500,4401
1,3,8,8,500,4401
1,5,8,8,500,4401
0,2,8,8,500,4401
0,6,8,8,500,4401
4,4,8,8,500,4401
3,3,8,8,500,4401
3,5,8,8,500,4401
2,2,8,8,500,4401
2,6,8,8,500,4401
1,1,8,8,500,4401
1,7,8,8,500,4401
6,4,8,8,500,4401
5,3,8,8,500,4401
5,5,8,8,500,4401
4,2,8,8,500,4401
4,6,8,8,500,4401
3,1,8,8,500,4401
3,7,8,8,500,4401
2,0,8,8,500,4401
2,8,8,8,500,4401
8,4,8,8,500,4401
7,3,8,8,500,4401
7,5,8,8,500,4401
6,2,8,8,500,4401
6,6,8,8,500,4401
5,1,8,8,500,4401
5,7,8,8,500,4401
4,0,8,8,500,4401
4,8,8,8,500,4401
3,0,8,8,500,4401
3,9,8,8,500,4401
9,4,8,8,500,4401
9,3,8,8,500,4401
9,5,8,8,500,4401
8,2,8,8,500,4401
8,6,8,8,500,4401
7,1,8,8,500,4401
7,7,8,8,500,4401
6,0,8,8,500,4401
6,8,8,8,500,4401
5,0,8,8,500,4401
5,9,8,8,500,4401
4,1,8,8,500,4401
4,9,8,8,500,4401
7,4,8,8,500,4401
8,3,8,8,500,4401
8,5,8,8,500,4401
9,2,8,8,500,4401
9,6,8,8,500,4401
9,1,8,8,500,4401
9,7,8,8,500,4401
8,0,8,8,500,4401
8,8,8,8,500,4401
7,0,8,8,500,4401
7,9,8,8,500,4401
6,1,8,8,500,4401
6,9,8,8,500,4401
5,2,8,8,500,4401
5,8,8,8,500,4401
5,4,8,8,500,4401
6,3,8,8,500,4401
6,5,8,8,500,4401
7,2,8,8,500,4401
7,6,8,8,500,4401
8,1,8,8,500,4401
8,7,8,8,500,4401
9,0,8,8,500,4401
9,8,8,8,500,4401
9,9,8,8,500,4401
8,9,8,8,500,4401
7,8,8,8,500,4401
6,7,8,8,500,4401
3,4,8,8,500,4401
4,3,8,8,500,4401
4,5,8,8,500,4401
5,6,8,8,500,4401
2,3,8,8,500,4401
2,5,8,8,500,4401
3,2,8,8,500,4401
3,6,8,8,500,4401
4,7,8,8,500,4401
0,4,9,9,501,4237
1,4,9,9,501,4237
0,3,9,9,501,4237
0,5,9,9,501,4237
2,4,9,9,501,4237
1,3,9,9,501,4237
1,5,9,9,501,4237
0,2,9,9,501,4237
0,6,9,9,501,4237
3,4,9,9,501,4237
2,3,9,9,501,4237
2,5,9,9,501,4237
1,2,9,9,501,4237
1,6,9,9,501,4237
0,1,9,9,501,4237
0,7,9,9,501,4237
4,4,9,9,501,4237
3,3,9,9,501,4237
3,5,9,9,501,4237
2,2,9,9,501,4237
2,6,9,9,501,4237
1,1,9,9,501,4237
1,7,9,9,501,4237
0,0,9,9,501,4237
0,8,9,9,501,4237
6,4,9,9,501,4237
5,3,9,9,501,4237
5,5,9,9,501,4237
4,2,9,9,501,4237
4,6,9,9,501,4237
3,1,9,9,501,4237
3,7,9,9,501,4237
2,0,9,9,501,4237
2,8,9,9,501,4237
1,0,9,9,501,4237
1,9,9,9,501,4237
8,4,9,9,501,4237
7,3,9,9,501,4237
7,5,9,9,501,4237
6,2,9,9,501,4237
6,6,9,9,501,4237
5,1,9,9,501,4237
5,7,9,9,501,4237
4,0,9,9,501,4237
4,8,9,9,501,4237
3,0,9,9,501,4237
3,9,9,9,501,4237
2,1,9,9,501,4237
2,9,9,9,501,4237
9,4,9,9,501,4237
9,3,9,9,501,4237
9,5,9,9,501,4237
8,2,9,9,501,4237
8,6,9,9,501,4237
7,1,9,9,501,4237
7,7,9,9,501,4237
6,0,9,9,501,4237
6,8,9,9,501,4237
5,0,9,9,501,4237
5,9,9,9,501,4237
4,1,9,9,501,4237
4,9,9,9,501,4237
3,2,9,9,501,4237
3,8,9,9,501,4237
7,4,9,9,501,4237
8,3,9,9,501,4237
8,5,9,9,501,4237
9,2,9,9,501,4237
9,6,9,9,501,4237
9,1,9,9,501,4237
9,7,9,9,501,4237
8,0,9,9,501,4237
8,8,9,9,501,4237
7,0,9,9,501,4237
7,9,9,9,501,4237
6,1,9,9,501,4237
6,9,9,9,501,4237
5,2,9,9,501,4237
5,8,9,9,501,4237
4,3,9,9,501,4237
4,7,9,9,501,4237
5,4,9,9,501,4237
6,3,9,9,501,4237
6,5,9,9,501,4237
7,2,9,9,501,4237
7,6,9,9,501,4237
8,1,9,9,501,4237
8,7,9,9,501,4237
9,0,9,9,501,4237
9,8,9,9,501,4237
9,9,9,9,501,4237
8,9,9,9,501,4237
7,8,9,9,501,4237
6,7,9,9,501,4237
5,6,9,9,501,4237
4,5,9,9,501,4237
3,6,9,9,501,4237
0,9,9,9,502,3206
1,9,9,9,502,3206
0,8,9,9,502,3206
2,9,9,9,502,3206
1,8,9,9,502,3206
0,7,9,9,502,3206
3,9,9,9,502,3206
2,8,9,9,502,3206
1,7,9,9,502,3206
0,6,9,9,502,3206
5,9,9,9,502,3206
4,8,9,9,502,3206
4,9,9,9,502,3206
3,7,9,9,502,3206
3,8,9,9,502,3206
2,6,9,9,502,3206
2,7,9,9,502,3206
1,5,9,9,502,3206
1,6,9,9,502,3206
7,9,9,9,502,3206
6,8,9,9,502,3206
6,9,9,9,502,3206
5,7,9,9,502,3206
5,8,9,9,502,3206
4,6,9,9,502,3206
4,7,9,9,502,3206
3,5,9,9,502,3206
3,6,9,9,502,3206
2,4,9,9,502,3206
2,5,9,9,502,3206
9,9,9,9,502,3206
8,8,9,9,502,3206
8,9,9,9,502,3206
7,7,9,9,502,3206
7,8,9,9,502,3206
6,6,9,9,502,3206
6,7,9,9,502,3206
5,5,9,9,502,3206
5,6,9,9,502,3206
4,4,9,9,502,3206
4,5,9,9,502,3206
3,3,9,9,502,3206
3,4,9,9,502,3206
9,8,9,9,502,3206
9,7,9,9,502,3206
8,6,9,9,502,3206
8,7,9,9,502,3206
7,5,9,9,502,3206
7,6,9,9,502,3206
6,4,9,9,502,3206
6,5,9,9,502,3206
5,3,9,9,502,3206
5,4,9,9,502,3206
4,2,9,9,502,3206
4,3,9,9,502,3206
9,6,9,9,502,3206
9,5,9,9,502,3206
8,4,9,9,502,3206
8,5,9,9,502,3206
7,3,9,9,502,3206
7,4,9,9,502,3206
6,2,9,9,502,3206
6,3,9,9,502,3206
5,1,9,9,502,3206
5,2,9,9,502,3206
0,4,9,8,503,4355
1,4,9,8,503,4355
0,3,9,8,503,4355
0,5,9,8,503,4355
2,4,9,8,503,4355
1,3,9,8,503,4355
1,5,9,8,503,4355
0,2,9,8,503,4355
0,6,9,8,503,4355
3,4,9,8,503,4355
2,3,9,8,503,4355
2,5,9,8,503,4355
1,2,9,8,503,4355
1,6,9,8,503,4355
0,1,9,8,503,4355
0,7,9,8,503,4355
5,4,9,8,503,4355
4,3,9,8,503,4355
4,5,9,8,503,4355
3,2,9,8,503,4355
3,6,9,8,503,4355
2,1,9,8,503,4355
2,7,9,8,503,4355
1,0,9,8,503,4355
1,8,9,8,503,4355
7,4,9,8,503,4355
6,3,9,8,503,4355
6,5,9,8,503,4355
5,2,9,8,503,4355
5,6,9,8,503,4355
4,1,9,8,503,4355
4,7,9,8,503,4355
3,0,9,8,503,4355
3,8,9,8,503,4355
2,0,9,8,503,4355
2,9,9,8,503,4355
9,4,9,8,503,4355
8,3,9,8,503,4355
8,5,9,8,503,4355
7,2,9,8,503,4355
7,6,9,8,503,4355
6,1,9,8,503,4355
6,7,9,8,503,4355
5,0,9,8,503,4355
5,8,9,8,503,4355
4,0,9,8,503,4355
4,9,9,8,503,4355
3,1,9,8,503,4355
3,9,9,8,503,4355
8,4,9,8,503,4355
9,3,9,8,503,4355
9,5,9,8,503,4355
9,2,9,8,503,4355
9,6,9,8,503,4355
8,1,9,8,503,4355
8,7,9,8,503,4355
7,0,9,8,503,4355
7,8,9,8,503,4355
6,0,9,8,503,4355
6,9,9,8,503,4355
5,1,9,8,503,4355
5,9,9,8,503,4355
4,2,9,8,503,4355
4,8,9,8,503,4355
6,4,9,8,503,4355
7,3,9,8,503,4355
7,5,9,8,503,4355
8,2,9,8,503,4355
8,6,9,8,503,4355
9,1,9,8,503,4355
9,7,9,8,503,4355
9,0,9,8,503,4355
9,8,9,8,503,4355
8,0,9,8,503,4355
8,9,9,8,503,4355
7,1,9,8,503,4355
7,9,9,8,503,4355
6,2,9,8,503,4355
6,8,9,8,503,4355
5,3,9,8,503,4355
5,7,9,8,503,4355
4,4,9,8,503,4355
5,5,9,8,503,4355
6,6,9,8,503,4355
7,7,9,8,503,4355
8,8,9,8,503,4355
9,9,9,8,503,4355
3,3,9,8,503,4355
3,5,9,8,503,4355
4,6,9,8,503,4355
2,2,9,8,503,4355
2,6,9,8,503,4355
3,7,9,8,503,4355
0,4,9,9,504,4306
1,4,9,9,504,4306
0,3,9,9,504,4306
0,5,9,9,504,4306
2,4,9,9,504,4306
1,3,9,9,504,4306
1,5,9,9,504,4306
0,2,9,9,504,4306
0,6,9,9,504,4306
3,4,9,9,504,4306
2,3,9,9,504,4306
2,5,9,9,504,4306
1,2,9,9,504,4306
1,6,9,9,504,4306
0,1,9,9,504,4306
0,7,9,9,504,4306
4,4,9,9,504,4306
3,3,9,9,504,4306
3,5,9,9,504,4306
2,2,9,9,504,4306
2,6,9,9,504,4306
1,1,9,9,504,4306
1,7,9,9,504,4306
0,0,9,9,504,4306
0,8,9,9,504,4306
6,4,9,9,504,4306
5,3,9,9,504,4306
5,5,9,9,504,4306
4,2,9,9,504,4306
4,6,9,9,504,4306
3,1,9,9,504,4306
3,7,9,9,504,4306
2,0,9,9,504,4306
2,8,9,9,504,4306
1,0,9,9,504,4306
1,9,9,9,504,4306
8,4,9,9,504,4306
7,3,9,9,504,4306
7,5,9,9,504,4306
6,2,9,9,504,4306
6,6,9,9,504,4306
5,1,9,9,504,4306
5,7,9,9,504,4306
4,0,9,9,504,4306
4,8,9,9,504,4306
3,0,9,9,504,4306
3,9,9,9,504,4306
2,1,9,9,504,4306
2,9,9,9,504,4306
9,4,9,9,504,4306
9,3,9,9,504,4306
9,5,9,9,504,4306
8,2,9,9,504,4306
8,6,9,9,504,4306
7,1,9,9,504,4306
7,7,9,9,504,4306
6,0,9,9,504,4306
6,8,9,9,504,4306
5,0,9,9,504,4306
5,9,9,9,504,4306
4,1,9,9,504,4306
4,9,9,9,504,4306
3,2,9,9,504,4306
3,8,9,9,504,4306
7,4,9,9,504,4306
8,3,9,9,504,4306
8,5,9,9,504,4306
9,2,9,9,504,4306
9,6,9,9,504,4306
9,1,9,9,504,4306
9,7,9,9,504,4306
8,0,9,9,504,4306
8,8,9,9,504,4306
7,0,9,9,504,4306
7,9,9,9,504,4306
6,1,9,9,504,4306
6,9,9,9,504,4306
5,2,9,9,504,4306
5,8,9,9,504,4306
4,3,9,9,504,4306
4,7,9,9,504,4306
5,4,9,9,504,4306
6,3,9,9,504,4306
6,5,9,9,504,4306
7,2,9,9,504,4306
7,6,9,9,504,4306
8,1,9,9,504,4306
8,7,9,9,504,4306
9,0,9,9,504,4306
9,8,9,9,504,4306
9,9,9,9,504,4306
8,9,9,9,504,4306
7,8,9,9,504,4306
6,7,9,9,504,4306
5,6,9,9,504,4306
4,5,9,9,504,4306
3,6,9,9,504,4306
2,7,9,9,504,4306
